/*--------------------------------*- C++ -*----------------------------------*\
| =========                 |                                                 |
| \\      /  F ield         | OpenFOAM: The Open Source CFD Toolbox           |
|  \\    /   O peration     | Version:  2606                                  |
|   \\  /    A nd           | Website:  www.openfoam.com                      |
|    \\/     M anipulation  |                                                 |
\*---------------------------------------------------------------------------*/
FoamFile
{
    version     2.0;
    format      ascii;
    arch        "LSB;label=32;scalar=64";
    class       volVectorField;
    location    "0.55";
    object      U;
}
// * * * * * * * * * * * * * * * * * * * * * * * * * * * * * * * * * * * * * //

dimensions      [0 1 -1 0 0 0 0];

internalField   nonuniform List<vector> 
4800
(
(0.0016546629 0.00045427201 0)
(0.0061392516 0.0011228728 0)
(0.010138061 -0.0011921958 0)
(0.018111406 -0.0046222079 0)
(0.027733823 -0.0068094559 0)
(0.038385988 -0.0079038044 0)
(0.049642638 -0.0081142232 0)
(0.061087932 -0.0076128173 0)
(0.07217626 -0.0065913338 0)
(0.082391922 -0.0053437972 0)
(0.091496777 -0.0041757705 0)
(0.099594768 -0.003324235 0)
(0.10701362 -0.002857955 0)
(0.11408404 -0.0026911858 0)
(0.1210171 -0.0026973942 0)
(0.12792093 -0.0027775953 0)
(0.13484427 -0.0028706898 0)
(0.14179994 -0.0029503508 0)
(0.14878553 -0.0030153684 0)
(0.15579893 -0.0030725024 0)
(0.16284325 -0.0031281175 0)
(0.16992726 -0.0031845872 0)
(0.17706898 -0.0032448346 0)
(0.18429451 -0.0033019149 0)
(0.19162158 -0.0033410146 0)
(0.19905553 -0.0033591184 0)
(0.20660459 -0.0033576644 0)
(0.21427976 -0.0033386415 0)
(0.22208394 -0.0033058447 0)
(0.23000992 -0.0032671984 0)
(0.23804399 -0.0032323028 0)
(0.24617045 -0.0032088783 0)
(0.25438215 -0.003206517 0)
(0.262682 -0.003225743 0)
(0.27107408 -0.0032657076 0)
(0.27956123 -0.0033219098 0)
(0.28813699 -0.0033754773 0)
(0.29677286 -0.0034088432 0)
(0.30542304 -0.003413942 0)
(0.31403876 -0.003389647 0)
(0.322579 -0.003341069 0)
(0.33101742 -0.0032784889 0)
(0.33934453 -0.0032137683 0)
(0.34756492 -0.0031562387 0)
(0.35569221 -0.0031105667 0)
(0.36374358 -0.0030769765 0)
(0.37173522 -0.0030526592 0)
(0.37967978 -0.0030332111 0)
(0.38758554 -0.003013588 0)
(0.39545606 -0.0029888717 0)
(0.40329052 -0.0029553736 0)
(0.41108559 -0.0029121398 0)
(0.41883926 -0.0028623288 0)
(0.42655579 -0.002813708 0)
(0.43425013 -0.0027773834 0)
(0.44194708 -0.0027630122 0)
(0.44966757 -0.002769809 0)
(0.45744662 -0.0027939737 0)
(0.46527467 -0.0028228295 0)
(0.47316087 -0.0028534687 0)
(0.48109341 -0.0028740047 0)
(0.48904187 -0.0028738504 0)
(0.49696479 -0.0028453003 0)
(0.50481884 -0.0027869964 0)
(0.51256694 -0.0027045798 0)
(0.52018569 -0.0026092785 0)
(0.52766819 -0.0025144942 0)
(0.53502261 -0.0024326573 0)
(0.542268 -0.0023748604 0)
(0.54942996 -0.0023496175 0)
(0.55653507 -0.0023566905 0)
(0.56360925 -0.0023924313 0)
(0.57067893 -0.0024508249 0)
(0.57775722 -0.0025073896 0)
(0.58481713 -0.0025351335 0)
(0.59183704 -0.0025638298 0)
(0.59887412 -0.0026369697 0)
(0.60598105 -0.0026859034 0)
(0.6129667 -0.002579606 0)
(0.61958386 -0.0023834094 0)
(0.62584062 -0.0022278356 0)
(0.63196453 -0.002196857 0)
(0.63820461 -0.0022797823 0)
(0.64466913 -0.0023768273 0)
(0.65135088 -0.0024576262 0)
(0.65822418 -0.0024939787 0)
(0.6652091 -0.0024598085 0)
(0.67218619 -0.0023777127 0)
(0.67911164 -0.0023312495 0)
(0.68608798 -0.0024048401 0)
(0.69329728 -0.0026140551 0)
(0.70087128 -0.0029019388 0)
(0.70882033 -0.0031894165 0)
(0.71705719 -0.0034212279 0)
(0.72545156 -0.0035694772 0)
(0.73384813 -0.0036162573 0)
(0.74207557 -0.0035632557 0)
(0.75000925 -0.0034462895 0)
(0.75760782 -0.0032906525 0)
(0.76481025 -0.0030658636 0)
(0.7714614 -0.0027610565 0)
(0.77750861 -0.0024666631 0)
(0.7831561 -0.0022503516 0)
(0.78858297 -0.0020413104 0)
(0.79367818 -0.0017583227 0)
(0.79829511 -0.0014391474 0)
(0.80243564 -0.0010936768 0)
(0.8061252 -0.00075257644 0)
(0.8095132 -0.00052402417 0)
(0.81301637 -0.00049188068 0)
(0.8169901 -0.00055650282 0)
(0.82142231 -0.00060786326 0)
(0.82618736 -0.00064582367 0)
(0.83126004 -0.00067946428 0)
(0.83661496 -0.00070082921 0)
(0.84216793 -0.00070699585 0)
(0.8478628 -0.00072704807 0)
(0.85373508 -0.00078060159 0)
(0.85980832 -0.00082379336 0)
(0.86594062 -0.00078394835 0)
(0.87185779 -0.00065128878 0)
(0.87738834 -0.00052303075 0)
(0.88267339 -0.00054431965 0)
(0.88814622 -0.00080724849 0)
(0.89433185 -0.0013108556 0)
(0.90166005 -0.0019769898 0)
(0.91032888 -0.0026694681 0)
(0.92016932 -0.0032368511 0)
(0.93064331 -0.0035955776 0)
(0.94103548 -0.0037600728 0)
(0.95055641 -0.0037705383 0)
(0.95837771 -0.0036722334 0)
(0.9641344 -0.0035599629 0)
(0.96831601 -0.0034910408 0)
(0.97161046 -0.0034349621 0)
(0.97432258 -0.003365495 0)
(0.97644395 -0.0032633646 0)
(0.97804256 -0.0031665232 0)
(0.97959402 -0.0031263177 0)
(0.98158027 -0.0031266781 0)
(0.98408936 -0.0031416555 0)
(0.98712174 -0.0031745642 0)
(0.99076497 -0.0032163397 0)
(0.99506617 -0.0032516703 0)
(0.99995097 -0.00326227 0)
(1.0052315 -0.0032340228 0)
(1.0106781 -0.003163791 0)
(1.0160954 -0.0030582842 0)
(1.0213627 -0.0029251684 0)
(1.0264655 -0.0027647034 0)
(1.0315378 -0.0025783559 0)
(1.0366922 -0.0023905477 0)
(1.04169 -0.0022133047 0)
(1.0463147 -0.0019707944 0)
(1.0508062 -0.0016403159 0)
(1.0552338 -0.0012521127 0)
(1.0596951 -0.00084284984 0)
(1.0647184 -0.0004386599 0)
(1.0708911 -6.0172434e-05 0)
(1.0781752 0.00028031595 0)
(1.0853142 0.00059103683 0)
(1.0908286 0.00088651452 0)
(1.0953824 0.0011406014 0)
(1.1009369 0.0013034775 0)
(1.1081716 0.0013582472 0)
(1.1166675 0.0013085921 0)
(1.1257871 0.0011596783 0)
(1.134862 0.00091701139 0)
(1.1428154 0.00059879482 0)
(1.1474324 0.00026366471 0)
(1.1481759 -8.8740434e-05 0)
(1.1488395 -0.0004965407 0)
(1.1524741 -0.00096765631 0)
(1.158533 -0.001471221 0)
(1.1659237 -0.0019779936 0)
(1.1739206 -0.0024730763 0)
(1.1816743 -0.0029416499 0)
(1.1887041 -0.0033815059 0)
(1.1955344 -0.0038190799 0)
(1.2028012 -0.0042955035 0)
(1.2103581 -0.0048050416 0)
(1.2178723 -0.0053089218 0)
(1.2251522 -0.0057854037 0)
(1.2318492 -0.0062200642 0)
(1.2366069 -0.0065640785 0)
(1.2382375 -0.0067638655 0)
(1.2390985 -0.0068543646 0)
(1.2424129 -0.006917412 0)
(1.2479199 -0.006995905 0)
(1.2545195 -0.0070765896 0)
(1.2617518 -0.0071460189 0)
(1.2695905 -0.0072060306 0)
(1.2782147 -0.0072847749 0)
(1.2879147 -0.0074243885 0)
(1.2988828 -0.007639242 0)
(1.310728 -0.0078868617 0)
(1.3217168 -0.0080162129 0)
(1.3307455 -0.0078355866 0)
(1.3384663 -0.0072469177 0)
(1.3460972 -0.0062947328 0)
(1.3546314 -0.0052560501 0)
(1.3669546 -0.0045739361 0)
(1.3884209 -0.0043111816 0)
(1.4170874 -0.0035732573 0)
(1.4322433 0.0074300753 0)
(1.4241174 0.08406156 0)
(1.3228491 0.17227186 0)
(1.0697686 0.14597136 0)
(0.78982928 0.0561944 0)
(0.6438295 0.02421536 0)
(0.54886347 0.027137491 0)
(0.46468357 0.030250401 0)
(0.39119634 0.028941543 0)
(0.32836552 0.025893431 0)
(0.27525685 0.022461054 0)
(0.23075731 0.019143508 0)
(0.19361808 0.01615502 0)
(0.16266501 0.013564874 0)
(0.13686203 0.011367307 0)
(0.11532474 0.009524338 0)
(0.097314348 0.0079879124 0)
(0.082220268 0.0067101221 0)
(0.069540487 0.0056476559 0)
(0.058863237 0.0047633925 0)
(0.049850747 0.0040264115 0)
(0.042225238 0.0034112799 0)
(0.035757404 0.0028971893 0)
(0.030257206 0.0024671602 0)
(0.025566476 0.0021073349 0)
(0.021552905 0.0018063873 0)
(0.01810524 0.0015550774 0)
(0.015129441 0.0013459043 0)
(0.012545515 0.0011727694 0)
(0.010284826 0.0010306776 0)
(0.0082879199 0.00091554876 0)
(0.0065028098 0.00082412372 0)
(0.0048835029 0.00075385425 0)
(0.0033885325 0.00070274713 0)
(0.0019827577 0.00066877476 0)
(0.0006378974 0.00063969334 0)
(0.006186521 -0.0080845353 0)
(0.020032261 -0.0093986143 0)
(0.032102951 -0.010621787 0)
(0.042183597 -0.012798391 0)
(0.049655156 -0.014454671 0)
(0.054924441 -0.015488959 0)
(0.059141414 -0.01604856 0)
(0.063383728 -0.016135648 0)
(0.068027296 -0.015664164 0)
(0.072973776 -0.014772911 0)
(0.078291853 -0.013741483 0)
(0.084206148 -0.012868811 0)
(0.090871425 -0.01227579 0)
(0.098261316 -0.01191133 0)
(0.10620435 -0.0116949 0)
(0.11449852 -0.011568946 0)
(0.12297587 -0.011492825 0)
(0.13152117 -0.011443554 0)
(0.14007865 -0.011413361 0)
(0.14862884 -0.011398399 0)
(0.15716601 -0.011401515 0)
(0.165696 -0.011432662 0)
(0.17421955 -0.011513527 0)
(0.18274068 -0.011646608 0)
(0.1912671 -0.011820205 0)
(0.1998005 -0.012037519 0)
(0.2083402 -0.012298601 0)
(0.21687732 -0.012589905 0)
(0.22539284 -0.01288639 0)
(0.23386769 -0.013159637 0)
(0.24228728 -0.01339147 0)
(0.25063137 -0.013583565 0)
(0.2588974 -0.013755471 0)
(0.26708418 -0.013909725 0)
(0.27517612 -0.014045901 0)
(0.28321413 -0.014167132 0)
(0.29126091 -0.014260753 0)
(0.29932595 -0.01430591 0)
(0.30737428 -0.014291054 0)
(0.31536232 -0.014221799 0)
(0.32324262 -0.014111694 0)
(0.33097204 -0.01397568 0)
(0.3385261 -0.013827634 0)
(0.3459053 -0.013680476 0)
(0.35312801 -0.013544954 0)
(0.36021836 -0.013427485 0)
(0.36719792 -0.013329791 0)
(0.37408311 -0.013250162 0)
(0.38088544 -0.013184863 0)
(0.38761196 -0.013129095 0)
(0.39426578 -0.01307824 0)
(0.40084793 -0.013029867 0)
(0.40736003 -0.012986009 0)
(0.41380636 -0.012954551 0)
(0.42019536 -0.01294819 0)
(0.42654098 -0.012978392 0)
(0.43280519 -0.013044061 0)
(0.43937726 -0.013126997 0)
(0.4462147 -0.013221731 0)
(0.45317944 -0.013311141 0)
(0.4602405 -0.01337243 0)
(0.4673789 -0.013387053 0)
(0.47458705 -0.01334409 0)
(0.481873 -0.013243824 0)
(0.48925732 -0.013097646 0)
(0.49676752 -0.012924723 0)
(0.50443193 -0.012745424 0)
(0.51226995 -0.01257572 0)
(0.52027728 -0.012422598 0)
(0.52840555 -0.012283469 0)
(0.53654569 -0.012159447 0)
(0.54454713 -0.012054882 0)
(0.55228484 -0.011969592 0)
(0.55969288 -0.011886604 0)
(0.56671081 -0.011787196 0)
(0.57330825 -0.011717488 0)
(0.57967376 -0.011738946 0)
(0.58603575 -0.011691596 0)
(0.59221316 -0.011333515 0)
(0.59785516 -0.010833429 0)
(0.60293672 -0.010461562 0)
(0.60769044 -0.010378242 0)
(0.61246224 -0.010561138 0)
(0.61746258 -0.010835227 0)
(0.62285859 -0.01114463 0)
(0.62885844 -0.011418479 0)
(0.63544841 -0.011580874 0)
(0.64234589 -0.011642612 0)
(0.64924622 -0.011724734 0)
(0.65606585 -0.011954076 0)
(0.66293427 -0.012344933 0)
(0.67000051 -0.012796819 0)
(0.67730326 -0.013183011 0)
(0.68479657 -0.013421848 0)
(0.69242246 -0.013470009 0)
(0.70008856 -0.01329419 0)
(0.70763205 -0.012911555 0)
(0.71496109 -0.012418541 0)
(0.72218696 -0.011863158 0)
(0.72931373 -0.011149576 0)
(0.73596242 -0.010277435 0)
(0.74194174 -0.0095403737 0)
(0.74774117 -0.0091150136 0)
(0.75377505 -0.0087445039 0)
(0.75970046 -0.0081837381 0)
(0.76523363 -0.0075720506 0)
(0.7703815 -0.0069655954 0)
(0.77494482 -0.0064793834 0)
(0.77893174 -0.0064234881 0)
(0.78311798 -0.006979698 0)
(0.78812879 -0.0077836251 0)
(0.793716 -0.0085023749 0)
(0.79953528 -0.0091434016 0)
(0.80556843 -0.0097307567 0)
(0.81179118 -0.010229764 0)
(0.81804853 -0.010615789 0)
(0.82425196 -0.010955202 0)
(0.83058768 -0.011292742 0)
(0.83725179 -0.01149884 0)
(0.84396616 -0.011374671 0)
(0.84994085 -0.010914386 0)
(0.85441371 -0.010418409 0)
(0.857265 -0.010318487 0)
(0.85911355 -0.010888427 0)
(0.8609058 -0.012143626 0)
(0.86357241 -0.013890539 0)
(0.86788158 -0.015723553 0)
(0.87418426 -0.017078029 0)
(0.88221821 -0.017459302 0)
(0.89118324 -0.016563006 0)
(0.89943831 -0.014172013 0)
(0.90415101 -0.01051539 0)
(0.9037631 -0.0068813563 0)
(0.9009624 -0.0043790607 0)
(0.89877087 -0.0027542107 0)
(0.89753078 -0.0015836058 0)
(0.89696756 -0.0005295318 0)
(0.89716466 2.0265812e-06 0)
(0.89811113 -0.00039444098 0)
(0.89893851 -0.0012728579 0)
(0.89811221 -0.0022615991 0)
(0.89541327 -0.0034088596 0)
(0.89260201 -0.0046734893 0)
(0.89109092 -0.0059240846 0)
(0.89128192 -0.0069547935 0)
(0.89302258 -0.0076112548 0)
(0.89580156 -0.0078691893 0)
(0.89884727 -0.007807563 0)
(0.90117844 -0.0075769211 0)
(0.90238992 -0.0074648546 0)
(0.90382345 -0.0077183392 0)
(0.90504862 -0.0076888262 0)
(0.89748902 -0.0054538897 0)
(0.86567116 -0.0018965164 0)
(0.8708156 -0.0080000363 0)
(0.92821518 -0.011525408 0)
(0.99593654 -0.012070195 0)
(1.0632638 -0.012423957 0)
(1.1272778 -0.012914593 0)
(1.1856118 -0.013061233 0)
(1.2379445 -0.01083566 0)
(1.2839821 -0.007755158 0)
(1.321512 -0.0074577044 0)
(1.3490129 -0.0089913831 0)
(1.366587 -0.010922939 0)
(1.3753961 -0.012520468 0)
(1.3778694 -0.013653313 0)
(1.3777531 -0.014247738 0)
(1.3805967 -0.013585575 0)
(1.3934847 -0.0073122958 0)
(1.4204068 -0.0050526091 0)
(1.4629975 -0.0099696089 0)
(1.5240534 -0.016722703 0)
(1.604471 -0.021457776 0)
(1.7020296 -0.023494229 0)
(1.8119409 -0.022847321 0)
(1.9273943 -0.019278517 0)
(2.0385132 -0.013211407 0)
(2.1311825 -0.0055591628 0)
(2.192595 0.0001204687 0)
(2.2180667 0.0058432085 0)
(2.1997577 0.010425064 0)
(2.1297657 0.01344524 0)
(2.0088004 0.016028698 0)
(1.8481686 0.019324866 0)
(1.6650374 0.019489973 0)
(1.4783727 0.011659919 0)
(1.3108778 0.0041110533 0)
(1.1795357 -0.004737616 0)
(1.0936326 -0.01090717 0)
(1.0617976 -0.014616916 0)
(1.0843146 -0.017756248 0)
(1.1484036 -0.019918512 0)
(1.23725 -0.02057251 0)
(1.3296533 -0.016637492 0)
(1.4035941 -0.010541855 0)
(1.4456501 -0.0048681688 0)
(1.457278 -0.0037198611 0)
(1.4586777 -0.01007353 0)
(1.4839301 -0.01837751 0)
(1.5429346 -0.027230011 0)
(1.6042322 -0.042486099 0)
(1.690355 -0.072025828 0)
(1.78188 -0.080601555 0)
(1.8285559 -0.045129311 0)
(1.8648669 0.041941662 0)
(1.8688276 0.26687383 0)
(1.6633373 0.39347481 0)
(1.2954555 0.34968694 0)
(0.97426325 0.24399609 0)
(0.75290403 0.17774202 0)
(0.59365911 0.14366363 0)
(0.47425739 0.1190523 0)
(0.382711 0.098046178 0)
(0.31138839 0.080438442 0)
(0.25518542 0.06599085 0)
(0.21042108 0.054229367 0)
(0.17442171 0.044683863 0)
(0.14522389 0.03693855 0)
(0.12136519 0.030642862 0)
(0.10174213 0.025510119 0)
(0.085510487 0.021309892 0)
(0.072016378 0.017858991 0)
(0.060747997 0.015012725 0)
(0.051300731 0.012656899 0)
(0.043351497 0.010701081 0)
(0.036639843 0.0090733342 0)
(0.030953955 0.0077161945 0)
(0.026120165 0.0065835448 0)
(0.021995045 0.0056382189 0)
(0.018459389 0.0048502117 0)
(0.015413426 0.0041952737 0)
(0.012772877 0.0036537342 0)
(0.01046581 0.0032096002 0)
(0.0084302513 0.0028499639 0)
(0.0066122771 0.002564583 0)
(0.0049642815 0.0023454587 0)
(0.0034431046 0.0021864004 0)
(0.0020139247 0.0020812914 0)
(0.000636752 0.0019567421 0)
(0.0042887773 -0.028517539 0)
(0.0010883928 -0.026223952 0)
(0.0052356713 -0.0247923 0)
(0.0076852961 -0.022188658 0)
(0.011799926 -0.019030177 0)
(0.015530804 -0.016347181 0)
(0.017200227 -0.015085646 0)
(0.018639282 -0.014939313 0)
(0.020399337 -0.014758674 0)
(0.021440258 -0.014707646 0)
(0.021427679 -0.015084268 0)
(0.021222389 -0.016046934 0)
(0.022053486 -0.017407348 0)
(0.025021745 -0.018778013 0)
(0.030565067 -0.019899872 0)
(0.03855849 -0.020689171 0)
(0.04863806 -0.02116762 0)
(0.060487244 -0.021448583 0)
(0.073972593 -0.021642583 0)
(0.088902713 -0.021782034 0)
(0.10485812 -0.021877263 0)
(0.12126959 -0.021916716 0)
(0.13720267 -0.021885633 0)
(0.15190413 -0.021814596 0)
(0.16503515 -0.021685269 0)
(0.17635721 -0.021501488 0)
(0.18560754 -0.021255055 0)
(0.19261172 -0.020964105 0)
(0.1975029 -0.02066342 0)
(0.2006247 -0.020419732 0)
(0.20245451 -0.020187019 0)
(0.20333039 -0.019907488 0)
(0.20379381 -0.019694831 0)
(0.20469437 -0.019489625 0)
(0.20656665 -0.019448253 0)
(0.20974391 -0.01958718 0)
(0.21397983 -0.019726435 0)
(0.21831676 -0.019802665 0)
(0.22185382 -0.019722582 0)
(0.22384531 -0.019365506 0)
(0.22382206 -0.01879175 0)
(0.22169207 -0.018116198 0)
(0.21779723 -0.017439844 0)
(0.21267018 -0.016831728 0)
(0.2066711 -0.016319433 0)
(0.19995642 -0.015897678 0)
(0.19267262 -0.01555095 0)
(0.18497904 -0.01525856 0)
(0.1769833 -0.014993614 0)
(0.16873709 -0.014731527 0)
(0.16026881 -0.014457856 0)
(0.15159393 -0.014164325 0)
(0.14264231 -0.013818983 0)
(0.13307864 -0.013305477 0)
(0.12232327 -0.012407244 0)
(0.11020354 -0.011293625 0)
(0.087209406 -0.012881624 0)
(0.087115705 -0.021379414 0)
(0.11183484 -0.027021319 0)
(0.13487713 -0.026430933 0)
(0.15902181 -0.024894315 0)
(0.18424147 -0.023377641 0)
(0.21093386 -0.022061074 0)
(0.23955013 -0.02102105 0)
(0.27045866 -0.020305424 0)
(0.3040228 -0.019909838 0)
(0.34046301 -0.019721693 0)
(0.37925173 -0.019460891 0)
(0.4180522 -0.018344807 0)
(0.45176844 -0.015972724 0)
(0.47410591 -0.013862902 0)
(0.48086369 -0.01279575 0)
(0.47229373 -0.013096128 0)
(0.4545324 -0.015144719 0)
(0.43591597 -0.018318114 0)
(0.42047551 -0.019900017 0)
(0.40905367 -0.020465603 0)
(0.39813209 -0.018436553 0)
(0.3951289 -0.014202305 0)
(0.39703005 -0.011591808 0)
(0.40120307 -0.010349006 0)
(0.40673352 -0.010182448 0)
(0.4135898 -0.010750685 0)
(0.42132146 -0.011576932 0)
(0.42955771 -0.012806242 0)
(0.43796544 -0.014075768 0)
(0.44636854 -0.014920829 0)
(0.4547099 -0.015154325 0)
(0.46292498 -0.015079034 0)
(0.47086136 -0.015166401 0)
(0.47831286 -0.015607307 0)
(0.48523246 -0.016234626 0)
(0.49163197 -0.016821874 0)
(0.49762337 -0.017262406 0)
(0.50337807 -0.017506184 0)
(0.50912257 -0.017428051 0)
(0.51505248 -0.017046337 0)
(0.52120265 -0.016683135 0)
(0.52764341 -0.016421069 0)
(0.53455621 -0.015690973 0)
(0.54207615 -0.014345063 0)
(0.55004788 -0.013474014 0)
(0.5581519 -0.013532358 0)
(0.56636966 -0.013421792 0)
(0.57482958 -0.01252825 0)
(0.58345009 -0.011692842 0)
(0.59215262 -0.010471347 0)
(0.60097087 -0.0090351221 0)
(0.60984069 -0.0085344228 0)
(0.61846168 -0.0097169878 0)
(0.62684779 -0.011107399 0)
(0.63527571 -0.011989607 0)
(0.64395873 -0.012800213 0)
(0.65290314 -0.013582595 0)
(0.66194459 -0.014181503 0)
(0.6710352 -0.014516232 0)
(0.6798276 -0.014984025 0)
(0.68764597 -0.015839649 0)
(0.69361946 -0.016409956 0)
(0.6969992 -0.015547079 0)
(0.6971219 -0.012781491 0)
(0.69352167 -0.0089121182 0)
(0.68604525 -0.0056194794 0)
(0.67551309 -0.004440778 0)
(0.662772 -0.0053430273 0)
(0.64801811 -0.0078577259 0)
(0.63127232 -0.011190636 0)
(0.61308356 -0.014146937 0)
(0.59398332 -0.015959531 0)
(0.57428667 -0.015718838 0)
(0.55415202 -0.011878706 0)
(0.5344228 -0.0044270474 0)
(0.51648643 0.00086731319 0)
(0.49978595 0.0014705443 0)
(0.48274977 0.00047403067 0)
(0.46513135 -0.00067451892 0)
(0.44721757 -0.0015649838 0)
(0.42927118 -0.0026897994 0)
(0.41135763 -0.0033133269 0)
(0.39368567 -0.0012835585 0)
(0.37743806 0.0018221884 0)
(0.36388201 0.0034035968 0)
(0.35347833 0.0030236353 0)
(0.34720494 0.00090221278 0)
(0.34483823 -0.0019891893 0)
(0.34625129 -0.0044674543 0)
(0.35281473 -0.0057961011 0)
(0.365317 -0.0055274689 0)
(0.38372942 -0.0043915904 0)
(0.40751657 -0.004636915 0)
(0.43573687 -0.0055958985 0)
(0.46928907 0.0042421258 0)
(0.50905456 0.030967006 0)
(0.55660288 0.01230386 0)
(0.60695446 -0.054999238 0)
(0.65196513 -0.10626999 0)
(0.69895146 -0.1244377 0)
(0.75351134 -0.12448657 0)
(0.8138253 -0.11905877 0)
(0.87671875 -0.11167738 0)
(0.94023657 -0.10199837 0)
(1.0029582 -0.08954858 0)
(1.0625801 -0.074459842 0)
(1.1166519 -0.05741351 0)
(1.1632319 -0.039886614 0)
(1.2016798 -0.024183614 0)
(1.2326677 -0.013255354 0)
(1.2581786 -0.0096869324 0)
(1.2811588 -0.014692277 0)
(1.3060071 -0.028566777 0)
(1.3373145 -0.050636406 0)
(1.3780966 -0.079195631 0)
(1.4310452 -0.11128405 0)
(1.5006316 -0.14360303 0)
(1.5910588 -0.17226927 0)
(1.7029977 -0.19281054 0)
(1.8318284 -0.2003174 0)
(1.9685287 -0.19074678 0)
(2.1032372 -0.1623348 0)
(2.2265615 -0.11512386 0)
(2.3281459 -0.049525121 0)
(2.4014667 0.029384051 0)
(2.4351303 0.11568294 0)
(2.4196623 0.20004424 0)
(2.3475475 0.26816076 0)
(2.221569 0.30543251 0)
(2.0571592 0.30263174 0)
(1.8809925 0.26119036 0)
(1.7248914 0.19142588 0)
(1.6149635 0.10496171 0)
(1.5584226 0.010362653 0)
(1.5513355 -0.077302777 0)
(1.5836923 -0.14108343 0)
(1.638595 -0.17126985 0)
(1.699574 -0.16464204 0)
(1.7514986 -0.12432447 0)
(1.7791061 -0.068696031 0)
(1.7704853 -0.025939644 0)
(1.7264402 -0.02783686 0)
(1.6800341 -0.082962928 0)
(1.6827889 -0.12549806 0)
(1.7186605 -0.10895263 0)
(1.7187815 -0.11847602 0)
(1.7440818 -0.14402165 0)
(1.7888591 -0.07926356 0)
(1.8198423 0.036341742 0)
(1.8110535 0.3514415 0)
(1.5538547 0.62779189 0)
(1.1770116 0.67113003 0)
(0.89437559 0.53285515 0)
(0.68758633 0.38541081 0)
(0.53498102 0.28868841 0)
(0.42459668 0.22479029 0)
(0.34233319 0.17774904 0)
(0.27925239 0.14186245 0)
(0.22990568 0.11417664 0)
(0.1906213 0.092589561 0)
(0.15890906 0.075591908 0)
(0.13303114 0.062089023 0)
(0.11173482 0.051275238 0)
(0.094091168 0.042550357 0)
(0.079394105 0.035462836 0)
(0.067096294 0.029670223 0)
(0.056766798 0.024910691 0)
(0.048061808 0.020982229 0)
(0.04070387 0.017727499 0)
(0.03446686 0.015022892 0)
(0.029164882 0.012770526 0)
(0.024643981 0.010892363 0)
(0.020775899 0.0093258886 0)
(0.017453202 0.008020847 0)
(0.014585248 0.0069366649 0)
(0.012094875 0.0060404502 0)
(0.0099158495 0.0053055718 0)
(0.0079908823 0.0047106526 0)
(0.0062699094 0.0042387357 0)
(0.0047085151 0.0038765555 0)
(0.0032663236 0.0036139857 0)
(0.001911608 0.0034416559 0)
(0.00060464725 0.003234658 0)
(0.004001117 -0.015491347 0)
(0.01180809 -0.011679434 0)
(0.025571981 -0.016577031 0)
(0.020529193 -0.018143154 0)
(0.013897329 -0.021153574 0)
(0.0050160599 -0.019270924 0)
(-0.0089211748 -0.017300906 0)
(-0.021600028 -0.01742421 0)
(-0.031231538 -0.016062889 0)
(-0.036741904 -0.013185399 0)
(-0.03744897 -0.011319466 0)
(-0.033602638 -0.012039421 0)
(-0.02678761 -0.014842204 0)
(-0.018348662 -0.018689148 0)
(-0.0091400089 -0.022675244 0)
(0.00082283633 -0.02631744 0)
(0.012246272 -0.029508068 0)
(0.026156697 -0.032517556 0)
(0.043293794 -0.035459193 0)
(0.063395479 -0.037950815 0)
(0.085284284 -0.0395124 0)
(0.10693788 -0.039796899 0)
(0.12637529 -0.038500783 0)
(0.14277779 -0.036384376 0)
(0.15568226 -0.033607189 0)
(0.16463237 -0.030112164 0)
(0.16916659 -0.026097421 0)
(0.16912431 -0.02223691 0)
(0.16533691 -0.01939088 0)
(0.15888626 -0.018357164 0)
(0.15124131 -0.017603736 0)
(0.14332399 -0.016042778 0)
(0.13716097 -0.014867697 0)
(0.13674774 -0.014945236 0)
(0.14240017 -0.016785066 0)
(0.15008911 -0.019170923 0)
(0.15593811 -0.020796248 0)
(0.15791194 -0.022419249 0)
(0.15710033 -0.022648871 0)
(0.15313623 -0.020048686 0)
(0.14705804 -0.015676003 0)
(0.14091623 -0.011152233 0)
(0.13627546 -0.0075977803 0)
(0.13307864 -0.0051914583 0)
(0.13028685 -0.0035051787 0)
(0.1272311 -0.0021858735 0)
(0.12409401 -0.0011823494 0)
(0.12128829 -0.00050914819 0)
(0.11906489 -9.296879e-05 0)
(0.11755667 0.00016172211 0)
(0.11680692 0.00031943268 0)
(0.11675491 0.0004633372 0)
(0.11735473 0.00085401209 0)
(0.11882157 0.0021300786 0)
(0.12154769 0.0051310966 0)
(0.12578163 0.0086983485 0)
(0.12942938 0.0041235819 0)
(0.1280133 -0.0086783134 0)
(0.11983475 -0.022166178 0)
(0.10897985 -0.031868161 0)
(0.099280665 -0.039364414 0)
(0.092038687 -0.045940427 0)
(0.08825377 -0.052224493 0)
(0.088699164 -0.058609256 0)
(0.094410071 -0.065382353 0)
(0.10667072 -0.072762788 0)
(0.12647794 -0.080243874 0)
(0.15387337 -0.085829331 0)
(0.18721455 -0.085357565 0)
(0.22229059 -0.07397566 0)
(0.25120865 -0.050669453 0)
(0.26449253 -0.017917266 0)
(0.25164579 0.009250524 0)
(0.21132793 0.022862309 0)
(0.15373698 0.025463189 0)
(0.085613685 0.023411321 0)
(0.012464748 0.021027338 0)
(-0.060905159 0.0053217504 0)
(-0.090802414 -0.0040377993 0)
(-0.11009257 -0.013440651 0)
(-0.11791442 -0.019856497 0)
(-0.12168565 -0.023786455 0)
(-0.122421 -0.02627695 0)
(-0.12138268 -0.027898794 0)
(-0.11929408 -0.028879437 0)
(-0.11654801 -0.02933969 0)
(-0.11335693 -0.02939433 0)
(-0.10979136 -0.029161637 0)
(-0.10586012 -0.028779168 0)
(-0.10155796 -0.028390907 0)
(-0.096968192 -0.028083816 0)
(-0.092204107 -0.027835852 0)
(-0.087288962 -0.027653679 0)
(-0.08223789 -0.027528914 0)
(-0.077123029 -0.027475783 0)
(-0.071943161 -0.027395293 0)
(-0.066462637 -0.027234957 0)
(-0.060891469 -0.027172476 0)
(-0.055375311 -0.027119911 0)
(-0.049637651 -0.026913705 0)
(-0.043725845 -0.026571907 0)
(-0.03768993 -0.026254522 0)
(-0.031743469 -0.026067276 0)
(-0.025898671 -0.025789795 0)
(-0.020139848 -0.025234901 0)
(-0.014530466 -0.024545402 0)
(-0.0090971861 -0.023821232 0)
(-0.0035650238 -0.023265542 0)
(0.0021574033 -0.022997588 0)
(0.0074906178 -0.023294631 0)
(0.012547328 -0.023812723 0)
(0.017273007 -0.024417114 0)
(0.02202851 -0.024904493 0)
(0.02666443 -0.025058954 0)
(0.030925207 -0.025031476 0)
(0.035470751 -0.024187201 0)
(0.039790857 -0.022377214 0)
(0.043607922 -0.019410118 0)
(0.046524807 -0.015329007 0)
(0.049084931 -0.0099542673 0)
(0.051179002 -0.0038108857 0)
(0.052758252 0.0020882182 0)
(0.054463552 0.0070750569 0)
(0.055336783 0.010933299 0)
(0.055328896 0.013319181 0)
(0.054347844 0.014520082 0)
(0.051504178 0.01461986 0)
(0.047803815 0.014549298 0)
(0.043102669 0.014746193 0)
(0.037979311 0.015800042 0)
(0.033214813 0.017921644 0)
(0.029136861 0.021013096 0)
(0.02528131 0.024346775 0)
(0.020588919 0.027042714 0)
(0.014801017 0.028785282 0)
(0.0090373108 0.029914372 0)
(0.0034130493 0.030130744 0)
(-0.0013421973 0.02930676 0)
(-0.004744152 0.027446144 0)
(-0.0061560021 0.024351844 0)
(-0.0049584187 0.019823698 0)
(-0.001255686 0.013562024 0)
(0.0042831394 0.006084017 0)
(0.011651216 -0.0025195039 0)
(0.020702174 -0.012586582 0)
(0.031245625 -0.022782843 0)
(0.043258398 -0.032399417 0)
(0.056915567 -0.041267645 0)
(0.072499588 -0.049505307 0)
(0.090444531 -0.057145789 0)
(0.111251 -0.064290672 0)
(0.13804558 -0.070195144 0)
(0.17521772 -0.07542353 0)
(0.21663248 -0.086852131 0)
(0.25121464 -0.10584257 0)
(0.27713484 -0.12300672 0)
(0.30209961 -0.13508549 0)
(0.33170843 -0.14353827 0)
(0.3674119 -0.14789813 0)
(0.40759762 -0.14758665 0)
(0.45002611 -0.14225882 0)
(0.49288773 -0.13235838 0)
(0.53423433 -0.11880392 0)
(0.57220133 -0.10286581 0)
(0.6052638 -0.086204409 0)
(0.63289527 -0.070993966 0)
(0.65508745 -0.059621645 0)
(0.67237961 -0.05411978 0)
(0.68604527 -0.056170168 0)
(0.69966648 -0.066557974 0)
(0.71846305 -0.086580817 0)
(0.75146963 -0.11828103 0)
(0.8086638 -0.16119173 0)
(0.89637727 -0.21198295 0)
(1.0146579 -0.26279221 0)
(1.1573994 -0.30241675 0)
(1.313417 -0.32017568 0)
(1.4694129 -0.31000145 0)
(1.6136604 -0.27179868 0)
(1.7379389 -0.21167998 0)
(1.8370454 -0.13831691 0)
(1.915323 -0.053031184 0)
(1.9874935 0.046178591 0)
(2.0514049 0.15723379 0)
(2.0940696 0.26763433 0)
(2.1005951 0.35486574 0)
(2.0643236 0.39481772 0)
(1.9938605 0.37448389 0)
(1.910548 0.29874894 0)
(1.8366715 0.18617231 0)
(1.784373 0.062042995 0)
(1.7502463 -0.048304061 0)
(1.7297111 -0.12509085 0)
(1.7180874 -0.16039743 0)
(1.7085284 -0.15205535 0)
(1.7070688 -0.10142282 0)
(1.698787 -0.022136134 0)
(1.6410472 0.058563338 0)
(1.5057838 0.092723658 0)
(1.3665757 0.027490604 0)
(1.3078026 -0.072179222 0)
(1.3239148 -0.14236725 0)
(1.4040391 -0.19169442 0)
(1.4822222 -0.1766243 0)
(1.5143962 -0.10262772 0)
(1.5054468 0.060595887 0)
(1.3458134 0.61178053 0)
(0.98384974 0.96114144 0)
(0.75282946 0.95717289 0)
(0.62195108 0.74407005 0)
(0.51106107 0.53874717 0)
(0.41688428 0.40190703 0)
(0.34239262 0.30925321 0)
(0.28338869 0.24215456 0)
(0.23601367 0.19217929 0)
(0.19751119 0.15425691 0)
(0.16589853 0.12499316 0)
(0.13973899 0.10208586 0)
(0.11796247 0.083937268 0)
(0.09975098 0.069411456 0)
(0.084464926 0.057683352 0)
(0.071595418 0.04814293 0)
(0.060732394 0.040332337 0)
(0.051542198 0.033903262 0)
(0.043751125 0.028587465 0)
(0.037133048 0.024176055 0)
(0.031499956 0.020504734 0)
(0.026694662 0.017443144 0)
(0.022585205 0.014887155 0)
(0.019060444 0.012753182 0)
(0.016026346 0.010973814 0)
(0.01340282 0.0094944269 0)
(0.011121173 0.008270671 0)
(0.0091221418 0.0072666559 0)
(0.0073542385 0.0064535417 0)
(0.0057722363 0.0058083604 0)
(0.0043358328 0.0053130945 0)
(0.0030083249 0.0049540025 0)
(0.0017610446 0.0047182881 0)
(0.00055713373 0.0044333717 0)
(0.0067700355 -0.031706427 0)
(0.025985658 -0.04140359 0)
(0.035349813 -0.026162805 0)
(0.017987846 -0.011203679 0)
(-0.015637457 -0.0039730868 0)
(-0.041918039 0.0064834111 0)
(-0.066483132 0.0080945944 0)
(-0.083787705 0.0029957533 0)
(-0.093768721 -0.004399443 0)
(-0.096975729 -0.012149736 0)
(-0.095274912 -0.019113562 0)
(-0.090416843 -0.025050114 0)
(-0.083920629 -0.029937481 0)
(-0.076881657 -0.03393869 0)
(-0.069646825 -0.037595924 0)
(-0.061896199 -0.041748724 0)
(-0.053043351 -0.047123764 0)
(-0.042769211 -0.05377603 0)
(-0.031431476 -0.060544627 0)
(-0.020047607 -0.065514908 0)
(-0.0095921843 -0.066921782 0)
(-0.0011193645 -0.064425857 0)
(0.0049890194 -0.059171904 0)
(0.0096237607 -0.052711332 0)
(0.013191319 -0.045680041 0)
(0.016196116 -0.03784372 0)
(0.017905226 -0.029166973 0)
(0.016389038 -0.020390764 0)
(0.010151879 -0.012183565 0)
(-0.0031731549 -0.0037521444 0)
(-0.016071113 0.002099264 0)
(-0.021228737 -0.00033026198 0)
(-0.017147497 -0.013738518 0)
(-0.0059427068 -0.029400653 0)
(0.0049307614 -0.037781748 0)
(0.0082247541 -0.036500771 0)
(0.00040000953 -0.029147252 0)
(-0.02299322 -0.018493402 0)
(-0.055080852 -0.0051298234 0)
(-0.086363065 0.0019424025 0)
(-0.1073138 0.0018058724 0)
(-0.11728381 -0.0017455556 0)
(-0.12068145 -0.0046530661 0)
(-0.12196486 -0.0058386363 0)
(-0.1213551 -0.0061629652 0)
(-0.11957765 -0.006247774 0)
(-0.11695405 -0.0065213266 0)
(-0.11368532 -0.0071032409 0)
(-0.10999416 -0.0078877514 0)
(-0.10614197 -0.0086762155 0)
(-0.10240329 -0.0092487092 0)
(-0.098988212 -0.0094812478 0)
(-0.095959762 -0.0094664347 0)
(-0.093221632 -0.0095952272 0)
(-0.090458582 -0.010662337 0)
(-0.086789953 -0.013630135 0)
(-0.081911125 -0.019338422 0)
(-0.077751334 -0.026706927 0)
(-0.076166292 -0.032695925 0)
(-0.076565415 -0.035801838 0)
(-0.077814024 -0.037361706 0)
(-0.079328467 -0.039124176 0)
(-0.080449069 -0.042446285 0)
(-0.080477487 -0.048238059 0)
(-0.078463908 -0.057293475 0)
(-0.073475661 -0.069792454 0)
(-0.065204474 -0.084123881 0)
(-0.053711354 -0.09582808 0)
(-0.039137162 -0.097848653 0)
(-0.022256417 -0.083013444 0)
(-0.0046196342 -0.049002484 0)
(0.00012783938 -0.004425605 0)
(-0.0051488585 0.037162817 0)
(-0.020363739 0.068810746 0)
(-0.052659254 0.091694189 0)
(-0.089365332 0.10427015 0)
(-0.11615766 0.096153224 0)
(-0.12538108 0.063160554 0)
(-0.12532283 0.031070291 0)
(-0.12959832 0.010391181 0)
(-0.13572867 -0.0021258039 0)
(-0.1403544 -0.0094250809 0)
(-0.14452186 -0.014103754 0)
(-0.14827731 -0.017504035 0)
(-0.15170566 -0.02006502 0)
(-0.15478117 -0.021947334 0)
(-0.15748325 -0.023266641 0)
(-0.15980904 -0.024149679 0)
(-0.16175889 -0.024752635 0)
(-0.16336098 -0.025257242 0)
(-0.16470338 -0.025763808 0)
(-0.1658747 -0.02621708 0)
(-0.16692849 -0.026571295 0)
(-0.16790475 -0.026842702 0)
(-0.16882864 -0.02708356 0)
(-0.16965616 -0.027248778 0)
(-0.17033953 -0.027343076 0)
(-0.17095327 -0.027398768 0)
(-0.17154733 -0.027343279 0)
(-0.1720657 -0.027141972 0)
(-0.1724175 -0.026846658 0)
(-0.1725989 -0.02658312 0)
(-0.17273922 -0.02635386 0)
(-0.17290689 -0.025906962 0)
(-0.17301915 -0.02516968 0)
(-0.17297705 -0.024396371 0)
(-0.17271292 -0.023778126 0)
(-0.17217851 -0.023397299 0)
(-0.17140639 -0.023393395 0)
(-0.17063531 -0.023897511 0)
(-0.17005479 -0.024654233 0)
(-0.16974796 -0.025548289 0)
(-0.16970114 -0.026500804 0)
(-0.16990716 -0.02749494 0)
(-0.17046369 -0.02842714 0)
(-0.17135822 -0.028696475 0)
(-0.1726478 -0.028061042 0)
(-0.17429173 -0.026376295 0)
(-0.17612961 -0.023713005 0)
(-0.17770931 -0.020024107 0)
(-0.1786314 -0.015600301 0)
(-0.17865397 -0.010882927 0)
(-0.17766992 -0.0064717344 0)
(-0.17634724 -0.003067531 0)
(-0.17533545 -0.0011139295 0)
(-0.1745565 -0.00047190943 0)
(-0.17428268 -0.00057028445 0)
(-0.17470327 -0.00040637302 0)
(-0.17590186 0.00079604674 0)
(-0.1776667 0.0034337593 0)
(-0.17940948 0.0074039484 0)
(-0.18024702 0.011650113 0)
(-0.17976418 0.015098076 0)
(-0.17830646 0.017226957 0)
(-0.17629193 0.018153754 0)
(-0.1737861 0.018148182 0)
(-0.17079691 0.017121681 0)
(-0.16730184 0.015217359 0)
(-0.16334048 0.012858711 0)
(-0.15889889 0.010109607 0)
(-0.15387635 0.0065436309 0)
(-0.14820661 0.0018199787 0)
(-0.14254104 -0.004240437 0)
(-0.13775661 -0.010848483 0)
(-0.13329979 -0.017806191 0)
(-0.1284942 -0.024951264 0)
(-0.12347467 -0.032168103 0)
(-0.11813653 -0.03951237 0)
(-0.11213518 -0.046987495 0)
(-0.10485318 -0.054784834 0)
(-0.09590938 -0.063278875 0)
(-0.084304174 -0.072458539 0)
(-0.06866973 -0.083585077 0)
(-0.051232236 -0.10202356 0)
(-0.036501131 -0.12621173 0)
(-0.026616009 -0.14883755 0)
(-0.018404942 -0.16570101 0)
(-0.010045445 -0.17718491 0)
(0.00064466464 -0.18337261 0)
(0.01390256 -0.18375334 0)
(0.029335462 -0.17807586 0)
(0.046154998 -0.16623773 0)
(0.063519019 -0.14849457 0)
(0.080302536 -0.12606941 0)
(0.095010946 -0.10106752 0)
(0.10683063 -0.076127263 0)
(0.11609359 -0.055093234 0)
(0.12508868 -0.042589434 0)
(0.13877229 -0.044194019 0)
(0.16456034 -0.065356938 0)
(0.20991131 -0.11022824 0)
(0.2797512 -0.17872663 0)
(0.37364406 -0.26167985 0)
(0.48767992 -0.34930365 0)
(0.61758772 -0.42814021 0)
(0.7574091 -0.4830735 0)
(0.89957933 -0.50167873 0)
(1.0339845 -0.48041813 0)
(1.154052 -0.42329522 0)
(1.2554565 -0.33979518 0)
(1.3381949 -0.24025511 0)
(1.4035216 -0.13295299 0)
(1.4565363 -0.022280594 0)
(1.5065588 0.093090948 0)
(1.558444 0.21250604 0)
(1.6074508 0.32074881 0)
(1.6401743 0.39016608 0)
(1.6483209 0.39742533 0)
(1.6350061 0.33759694 0)
(1.6069979 0.22853473 0)
(1.5671651 0.099399268 0)
(1.5157998 -0.018791254 0)
(1.4625806 -0.096659236 0)
(1.4215661 -0.13423602 0)
(1.3960077 -0.13640363 0)
(1.3861071 -0.090501456 0)
(1.380753 0.0075041156 0)
(1.3499047 0.15535308 0)
(1.2843406 0.23090632 0)
(1.2120098 0.074023185 0)
(1.1660379 -0.074680516 0)
(1.1278528 -0.15858721 0)
(1.0820761 -0.19593938 0)
(1.0250641 -0.16385529 0)
(1.0033977 -0.014656514 0)
(0.88712537 0.28644015 0)
(0.57425814 0.83524774 0)
(0.30973798 1.1849133 0)
(0.31915522 1.062668 0)
(0.33478877 0.81032517 0)
(0.31876263 0.6058899 0)
(0.28638485 0.46340765 0)
(0.25091207 0.36111843 0)
(0.2172637 0.28539376 0)
(0.18688643 0.22829116 0)
(0.16014784 0.18449183 0)
(0.13693878 0.15037117 0)
(0.11694848 0.12343686 0)
(0.099805223 0.1019376 0)
(0.08513889 0.084614722 0)
(0.072607337 0.070545291 0)
(0.061905737 0.059040697 0)
(0.052767872 0.049579292 0)
(0.044963808 0.0417606 0)
(0.038296059 0.035273692 0)
(0.032595323 0.029874549 0)
(0.027716537 0.025369803 0)
(0.023535491 0.021605031 0)
(0.019945942 0.018456196 0)
(0.016856981 0.015823182 0)
(0.014190574 0.013624786 0)
(0.011879425 0.011794913 0)
(0.0098652764 0.010279773 0)
(0.0080975017 0.0090357447 0)
(0.0065317921 0.0080276452 0)
(0.0051289521 0.0072273448 0)
(0.0038538885 0.0066127474 0)
(0.002674553 0.0061670003 0)
(0.0015659371 0.0058742829 0)
(0.00049541632 0.0055193606 0)
(0.019312783 -0.059454664 0)
(0.030425 -0.054727777 0)
(0.01903016 -0.013042438 0)
(-0.017628049 0.030478661 0)
(-0.056361167 0.033932494 0)
(-0.080221858 0.031840881 0)
(-0.098260973 0.024401817 0)
(-0.1092961 0.012900689 0)
(-0.1147612 0.00078355651 0)
(-0.11502068 -0.010409224 0)
(-0.11096762 -0.019984625 0)
(-0.10410504 -0.027554088 0)
(-0.096051091 -0.033220445 0)
(-0.088045236 -0.037533132 0)
(-0.080757029 -0.04147844 0)
(-0.074444555 -0.045985844 0)
(-0.069359285 -0.05146852 0)
(-0.066101953 -0.057377817 0)
(-0.065435265 -0.062172448 0)
(-0.067794027 -0.063971929 0)
(-0.072744345 -0.061582012 0)
(-0.079347113 -0.055833741 0)
(-0.086615618 -0.048806802 0)
(-0.093979898 -0.042628704 0)
(-0.1007588 -0.037202464 0)
(-0.10598661 -0.030322549 0)
(-0.10940171 -0.020452588 0)
(-0.11085437 -0.0084067644 0)
(-0.10998716 0.0017793141 0)
(-0.10574304 0.0044163347 0)
(-0.096611901 -0.0037739437 0)
(-0.083643173 -0.019364608 0)
(-0.073698401 -0.033252905 0)
(-0.072046213 -0.037739736 0)
(-0.079037997 -0.029671022 0)
(-0.093306112 -0.0097062888 0)
(-0.1116519 0.014202173 0)
(-0.12627357 0.028613583 0)
(-0.13100633 0.028985812 0)
(-0.12638344 0.019844408 0)
(-0.1167162 0.0073463826 0)
(-0.10971146 -0.0017121427 0)
(-0.10801332 -0.0056670886 0)
(-0.10739623 -0.0070822654 0)
(-0.10796112 -0.0075770277 0)
(-0.10904014 -0.0077955483 0)
(-0.11028426 -0.0081372974 0)
(-0.11171686 -0.0086398122 0)
(-0.11338554 -0.009115533 0)
(-0.11537184 -0.0093084517 0)
(-0.1176648 -0.0090896781 0)
(-0.12007823 -0.0085875986 0)
(-0.12224998 -0.0081227591 0)
(-0.12372487 -0.0079600885 0)
(-0.12404421 -0.0081626997 0)
(-0.12305994 -0.0087150964 0)
(-0.12156448 -0.010185523 0)
(-0.1209752 -0.013032433 0)
(-0.12191266 -0.016658793 0)
(-0.12380391 -0.020661546 0)
(-0.12579916 -0.025427053 0)
(-0.12745812 -0.031401987 0)
(-0.12887491 -0.038947535 0)
(-0.13050198 -0.048378865 0)
(-0.13297349 -0.060071356 0)
(-0.13718765 -0.07412228 0)
(-0.14421222 -0.089193212 0)
(-0.15443097 -0.10123283 0)
(-0.16648879 -0.1036535 0)
(-0.17669025 -0.089604332 0)
(-0.18013885 -0.056170174 0)
(-0.1764157 -0.0082751067 0)
(-0.17132305 0.045004046 0)
(-0.16727045 0.08529496 0)
(-0.16279493 0.10796013 0)
(-0.15253652 0.1052438 0)
(-0.13510399 0.075193874 0)
(-0.11921938 0.035655928 0)
(-0.11541496 0.013090825 0)
(-0.11778157 0.0022316637 0)
(-0.12221166 -0.0042119237 0)
(-0.1273636 -0.0093959662 0)
(-0.13278033 -0.013402749 0)
(-0.13772399 -0.016418726 0)
(-0.14220373 -0.018656575 0)
(-0.14633847 -0.020299807 0)
(-0.15021531 -0.021481175 0)
(-0.15386812 -0.02230549 0)
(-0.15730746 -0.02287205 0)
(-0.16056251 -0.023289785 0)
(-0.16369527 -0.023643188 0)
(-0.16675841 -0.023954231 0)
(-0.16976507 -0.024214618 0)
(-0.17271888 -0.024432692 0)
(-0.17563985 -0.02461892 0)
(-0.17853543 -0.024737988 0)
(-0.18139644 -0.024787284 0)
(-0.18421767 -0.024787144 0)
(-0.18698352 -0.024729211 0)
(-0.189668 -0.024599467 0)
(-0.19225821 -0.024407451 0)
(-0.19478339 -0.024187466 0)
(-0.19729541 -0.023925709 0)
(-0.19976696 -0.023509543 0)
(-0.20208575 -0.022915522 0)
(-0.20418161 -0.022263187 0)
(-0.20605939 -0.02165932 0)
(-0.20774593 -0.021151619 0)
(-0.20931479 -0.02080846 0)
(-0.21090392 -0.02066045 0)
(-0.2126354 -0.020613579 0)
(-0.21459289 -0.020597515 0)
(-0.21682673 -0.020527705 0)
(-0.21938438 -0.020363289 0)
(-0.22232981 -0.019998862 0)
(-0.22559628 -0.019127667 0)
(-0.22897825 -0.017621842 0)
(-0.23225315 -0.015449579 0)
(-0.23522782 -0.012655668 0)
(-0.23769486 -0.0092354268 0)
(-0.23945317 -0.0053884217 0)
(-0.24041203 -0.0014438558 0)
(-0.24071612 0.0021367081 0)
(-0.24030978 0.0049030399 0)
(-0.2392459 0.0070347835 0)
(-0.23817599 0.008346213 0)
(-0.23755275 0.0090925572 0)
(-0.23736754 0.0096292471 0)
(-0.23734772 0.010241946 0)
(-0.23715579 0.011207908 0)
(-0.23651739 0.012751809 0)
(-0.23523044 0.014789399 0)
(-0.23316747 0.01677684 0)
(-0.23038154 0.018118196 0)
(-0.22705278 0.018577162 0)
(-0.22336384 0.018155341 0)
(-0.21952839 0.016864763 0)
(-0.21572834 0.014778109 0)
(-0.21197558 0.011973156 0)
(-0.20822307 0.0083615086 0)
(-0.20453261 0.0037540299 0)
(-0.2011506 -0.001896429 0)
(-0.19799587 -0.0087724849 0)
(-0.19524934 -0.016481915 0)
(-0.19329793 -0.024264884 0)
(-0.19195299 -0.032160806 0)
(-0.19108193 -0.040096922 0)
(-0.19054127 -0.048122791 0)
(-0.19006529 -0.056399153 0)
(-0.18940973 -0.065080253 0)
(-0.18849615 -0.074177156 0)
(-0.18714134 -0.08372874 0)
(-0.18524912 -0.094639745 0)
(-0.18410318 -0.10868838 0)
(-0.18595021 -0.12554132 0)
(-0.19167453 -0.14251528 0)
(-0.20055923 -0.15729555 0)
(-0.21137048 -0.16901137 0)
(-0.22273965 -0.17654473 0)
(-0.23359541 -0.17788636 0)
(-0.24345672 -0.17293169 0)
(-0.25167524 -0.16146919 0)
(-0.25728875 -0.14383458 0)
(-0.25951423 -0.12207791 0)
(-0.25705339 -0.099724485 0)
(-0.24773891 -0.081562835 0)
(-0.22916914 -0.072780427 0)
(-0.19928186 -0.077886635 0)
(-0.15757664 -0.10069542 0)
(-0.1047721 -0.1434307 0)
(-0.044032461 -0.20571089 0)
(0.025341911 -0.28575523 0)
(0.10105023 -0.37730434 0)
(0.18040797 -0.47028894 0)
(0.26493695 -0.55123306 0)
(0.35398279 -0.60401274 0)
(0.44519276 -0.61351682 0)
(0.53040295 -0.57779816 0)
(0.61044176 -0.50376047 0)
(0.68105745 -0.40423453 0)
(0.74161528 -0.29247204 0)
(0.79383289 -0.17714276 0)
(0.83987404 -0.061334064 0)
(0.88257732 0.053354223 0)
(0.92746115 0.16814829 0)
(0.9773135 0.27433351 0)
(1.0261359 0.34915137 0)
(1.0639169 0.36935871 0)
(1.0836395 0.32874315 0)
(1.0821598 0.24675652 0)
(1.063426 0.14910034 0)
(1.0439748 0.045958814 0)
(1.0454111 -0.049573816 0)
(1.0589636 -0.1141541 0)
(1.0674402 -0.13430132 0)
(1.0704609 -0.091094974 0)
(1.0747228 0.015834229 0)
(1.0949261 0.14465749 0)
(1.1700417 0.21656245 0)
(1.2526019 0.14073357 0)
(1.2392531 -0.0030718711 0)
(1.1109645 -0.099159644 0)
(0.89374493 -0.13941173 0)
(0.59886259 -0.11725207 0)
(0.22319484 0.12013411 0)
(-0.060442565 0.61163756 0)
(-0.18693202 1.0577853 0)
(-0.14642691 1.1508103 0)
(0.015743188 0.97210554 0)
(0.11214018 0.76893612 0)
(0.15511855 0.60506502 0)
(0.16597228 0.4794443 0)
(0.16134294 0.38302713 0)
(0.14950717 0.30850123 0)
(0.13479194 0.25042658 0)
(0.11951187 0.20472576 0)
(0.10483931 0.16839748 0)
(0.091319371 0.13926111 0)
(0.079154562 0.11570601 0)
(0.068369041 0.096528135 0)
(0.058897537 0.080817256 0)
(0.050633301 0.067877418 0)
(0.043454298 0.057170648 0)
(0.037237388 0.048276775 0)
(0.031865172 0.040865263 0)
(0.027228937 0.034673433 0)
(0.023230113 0.029490822 0)
(0.019780715 0.02514781 0)
(0.016803028 0.021507043 0)
(0.014228734 0.018456792 0)
(0.011997829 0.015905809 0)
(0.010057634 0.013779464 0)
(0.0083619121 0.012016794 0)
(0.0068699876 0.010568156 0)
(0.0055458528 0.0093933318 0)
(0.0043573681 0.0084600666 0)
(0.0032755864 0.0077430011 0)
(0.0022739335 0.0072227619 0)
(0.0013316483 0.0068809916 0)
(0.00042126996 0.0064653338 0)
(0.010330514 -0.081711183 0)
(-0.0013948849 -0.037302533 0)
(-0.036922466 0.027640118 0)
(-0.062712544 0.061394502 0)
(-0.08769118 0.058605311 0)
(-0.10373965 0.049486119 0)
(-0.11646164 0.035894988 0)
(-0.12437663 0.019211296 0)
(-0.12738202 0.0018286898 0)
(-0.12457322 -0.014491652 0)
(-0.11650183 -0.028078134 0)
(-0.10526512 -0.037867305 0)
(-0.093317917 -0.043867434 0)
(-0.082466913 -0.047102202 0)
(-0.073783653 -0.049027862 0)
(-0.068026509 -0.050802266 0)
(-0.065601839 -0.052892185 0)
(-0.066979696 -0.05498563 0)
(-0.072339608 -0.056205678 0)
(-0.081014682 -0.055379426 0)
(-0.091166222 -0.051878313 0)
(-0.10044129 -0.046572927 0)
(-0.10716006 -0.041296383 0)
(-0.11105917 -0.037400268 0)
(-0.11304999 -0.034343241 0)
(-0.11399065 -0.03061971 0)
(-0.1136268 -0.025671113 0)
(-0.11077449 -0.020151012 0)
(-0.1048567 -0.015706735 0)
(-0.097323052 -0.014301874 0)
(-0.091437625 -0.016660772 0)
(-0.090345442 -0.021625716 0)
(-0.095468178 -0.025864978 0)
(-0.10632708 -0.023933617 0)
(-0.11921402 -0.014399017 0)
(-0.12808861 -0.0017714838 0)
(-0.12893311 0.0075055336 0)
(-0.12175365 0.0084599015 0)
(-0.10764502 0.00099198652 0)
(-0.093402105 -0.0074339198 0)
(-0.085786359 -0.0097728381 0)
(-0.084299012 -0.0073961811 0)
(-0.084738833 -0.0057058031 0)
(-0.085459802 -0.005278541 0)
(-0.086310091 -0.0049095438 0)
(-0.087361287 -0.004606763 0)
(-0.088808544 -0.0044491279 0)
(-0.090760854 -0.0044069139 0)
(-0.093204079 -0.004433644 0)
(-0.095955109 -0.0044795445 0)
(-0.098678412 -0.0045848949 0)
(-0.10099237 -0.0049201368 0)
(-0.10260484 -0.0057172984 0)
(-0.10339029 -0.0071104632 0)
(-0.10341176 -0.0091305698 0)
(-0.1029574 -0.01185936 0)
(-0.10246393 -0.015417716 0)
(-0.10229598 -0.019560031 0)
(-0.10260471 -0.023696499 0)
(-0.10336621 -0.027505432 0)
(-0.1045652 -0.031138793 0)
(-0.10632128 -0.035030372 0)
(-0.10890688 -0.039698476 0)
(-0.11279914 -0.045585421 0)
(-0.11877595 -0.053047584 0)
(-0.1280325 -0.062208964 0)
(-0.14206509 -0.072283309 0)
(-0.16185686 -0.080651601 0)
(-0.18633359 -0.082625575 0)
(-0.21100029 -0.072657235 0)
(-0.22859467 -0.047629977 0)
(-0.23343945 -0.010661198 0)
(-0.22522658 0.029786398 0)
(-0.20713849 0.062882636 0)
(-0.18098282 0.078706548 0)
(-0.15031232 0.073242303 0)
(-0.12382073 0.053845346 0)
(-0.11021515 0.035931515 0)
(-0.10682758 0.023830992 0)
(-0.10654167 0.013214473 0)
(-0.10798479 0.0045221027 0)
(-0.1101153 -0.0023335255 0)
(-0.11247242 -0.0072838447 0)
(-0.11527402 -0.010952459 0)
(-0.11844923 -0.013684504 0)
(-0.12178865 -0.015726674 0)
(-0.12514634 -0.017259004 0)
(-0.12845412 -0.018415387 0)
(-0.13167979 -0.019302045 0)
(-0.13481858 -0.020008614 0)
(-0.13789513 -0.020595775 0)
(-0.14094164 -0.021086793 0)
(-0.14397386 -0.021491816 0)
(-0.14699516 -0.02183337 0)
(-0.1500054 -0.02213565 0)
(-0.15299862 -0.022403547 0)
(-0.15597295 -0.022632613 0)
(-0.1589381 -0.022805798 0)
(-0.16190273 -0.022901242 0)
(-0.16486909 -0.022912021 0)
(-0.16784093 -0.022849702 0)
(-0.17082954 -0.022736039 0)
(-0.17383288 -0.02257421 0)
(-0.17679572 -0.022347364 0)
(-0.17962506 -0.022083717 0)
(-0.18225729 -0.021865064 0)
(-0.1846873 -0.021755985 0)
(-0.18696013 -0.021771582 0)
(-0.18916919 -0.02190015 0)
(-0.19142902 -0.022102258 0)
(-0.19382489 -0.022318914 0)
(-0.19639845 -0.022511026 0)
(-0.19916299 -0.02264422 0)
(-0.20213191 -0.02267681 0)
(-0.20531431 -0.022499756 0)
(-0.20865506 -0.02191677 0)
(-0.21202163 -0.020768394 0)
(-0.21525014 -0.018990841 0)
(-0.21817018 -0.016627485 0)
(-0.22060005 -0.013789233 0)
(-0.22236475 -0.010665502 0)
(-0.22333055 -0.0074862787 0)
(-0.22341716 -0.0044876471 0)
(-0.22287901 -0.0017622006 0)
(-0.22225542 0.00033088637 0)
(-0.22170893 0.0019611323 0)
(-0.2211922 0.003347357 0)
(-0.22077085 0.0047283011 0)
(-0.2203685 0.0062405891 0)
(-0.21976976 0.0078983051 0)
(-0.21871681 0.0096262324 0)
(-0.21705159 0.011304231 0)
(-0.21475441 0.012736662 0)
(-0.211913 0.013690802 0)
(-0.20867701 0.014022673 0)
(-0.20520433 0.013659864 0)
(-0.20165 0.012565097 0)
(-0.19813115 0.010768536 0)
(-0.19471715 0.0083064592 0)
(-0.19149256 0.0051633355 0)
(-0.18855087 0.0013171996 0)
(-0.18611566 -0.0032365244 0)
(-0.1842372 -0.0084204195 0)
(-0.18296406 -0.01444793 0)
(-0.18245194 -0.021030949 0)
(-0.18271894 -0.0279767 0)
(-0.18371562 -0.035230707 0)
(-0.18534019 -0.042836857 0)
(-0.18749977 -0.050873389 0)
(-0.19019296 -0.059436174 0)
(-0.19346639 -0.068615124 0)
(-0.19732889 -0.078538797 0)
(-0.20201129 -0.089596929 0)
(-0.20834932 -0.10226963 0)
(-0.21741457 -0.11613929 0)
(-0.22968243 -0.1298988 0)
(-0.24494262 -0.14233218 0)
(-0.26277601 -0.15259611 0)
(-0.28244478 -0.15959463 0)
(-0.30255967 -0.16210232 0)
(-0.32157843 -0.15977126 0)
(-0.33773322 -0.15264289 0)
(-0.34888988 -0.14147205 0)
(-0.35313131 -0.12830454 0)
(-0.34922704 -0.11598241 0)
(-0.33676274 -0.1077106 0)
(-0.31596668 -0.10707469 0)
(-0.28787029 -0.11817491 0)
(-0.25441597 -0.14478858 0)
(-0.21817482 -0.1894128 0)
(-0.18177147 -0.2529361 0)
(-0.14712609 -0.33315074 0)
(-0.11571761 -0.42687739 0)
(-0.088079483 -0.52279815 0)
(-0.062168928 -0.60633862 0)
(-0.034157941 -0.66048481 0)
(-0.0023295353 -0.67044977 0)
(0.031915024 -0.63142009 0)
(0.071901314 -0.55118657 0)
(0.11303609 -0.44403802 0)
(0.1493669 -0.32655233 0)
(0.18029174 -0.20982224 0)
(0.20849908 -0.093366698 0)
(0.23837311 0.025754339 0)
(0.27526945 0.14135172 0)
(0.32119074 0.24303892 0)
(0.37652594 0.31403023 0)
(0.44446655 0.33375441 0)
(0.52483563 0.29481457 0)
(0.60885806 0.21274828 0)
(0.68489182 0.1039691 0)
(0.72097941 -0.007962123 0)
(0.69891663 -0.096605936 0)
(0.6472765 -0.13833732 0)
(0.58020267 -0.12815811 0)
(0.52270768 -0.072556865 0)
(0.48650601 0.01054438 0)
(0.46755539 0.079339179 0)
(0.45083302 0.092342419 0)
(0.39351954 0.078866562 0)
(0.27563215 0.10537442 0)
(0.109386 0.16175786 0)
(-0.09294642 0.23155818 0)
(-0.30689211 0.34036059 0)
(-0.49768405 0.52705859 0)
(-0.57741273 0.77065016 0)
(-0.51682861 0.94818502 0)
(-0.3308306 0.93441332 0)
(-0.15013871 0.8136458 0)
(-0.034905973 0.68343555 0)
(0.030614624 0.56518038 0)
(0.065028866 0.46506202 0)
(0.08070229 0.38231384 0)
(0.085222639 0.31476815 0)
(0.083451543 0.25994315 0)
(0.078310314 0.21542126 0)
(0.071578386 0.17911781 0)
(0.064312334 0.14942466 0)
(0.057100812 0.12504095 0)
(0.050264399 0.10493425 0)
(0.043963355 0.088289025 0)
(0.03826193 0.074459904 0)
(0.033167988 0.062933775 0)
(0.028658191 0.053299491 0)
(0.024692087 0.045228981 0)
(0.021220168 0.038456888 0)
(0.018190249 0.032767474 0)
(0.015551133 0.027984763 0)
(0.013254436 0.023964725 0)
(0.011255357 0.020589085 0)
(0.0095129615 0.017760527 0)
(0.0079902287 0.015398993 0)
(0.0066538764 0.013438734 0)
(0.0054740087 0.011825918 0)
(0.0044237045 0.010516737 0)
(0.003478636 0.0094759681 0)
(0.002616683 0.0086758645 0)
(0.0018173391 0.0080951563 0)
(0.0010645465 0.0077134854 0)
(0.0003367293 0.0072477167 0)
(-0.0091138468 -0.065968646 0)
(-0.041798725 -0.00022006119 0)
(-0.071681658 0.055464742 0)
(-0.089088563 0.078885975 0)
(-0.10454435 0.074265596 0)
(-0.11824712 0.062716534 0)
(-0.13141552 0.046193167 0)
(-0.14105237 0.025279075 0)
(-0.14450484 0.0019110998 0)
(-0.13971244 -0.020782339 0)
(-0.12681291 -0.039360379 0)
(-0.10943716 -0.051454754 0)
(-0.092200054 -0.056974144 0)
(-0.078037935 -0.057930309 0)
(-0.067256688 -0.056549741 0)
(-0.060199616 -0.054536597 0)
(-0.057058167 -0.052723593 0)
(-0.057410153 -0.051072329 0)
(-0.060893318 -0.049367721 0)
(-0.0665655 -0.047310964 0)
(-0.072791902 -0.04486013 0)
(-0.077800469 -0.042515591 0)
(-0.080710914 -0.040710539 0)
(-0.081960736 -0.039060217 0)
(-0.082591303 -0.036451613 0)
(-0.083103979 -0.032065351 0)
(-0.083159838 -0.02616632 0)
(-0.082131004 -0.019850283 0)
(-0.079893259 -0.014720372 0)
(-0.077292367 -0.012343443 0)
(-0.07595641 -0.0131223 0)
(-0.077720931 -0.015692661 0)
(-0.083465813 -0.017615658 0)
(-0.091581052 -0.01593797 0)
(-0.098108167 -0.0090067869 0)
(-0.09963429 -0.00013623152 0)
(-0.095374105 0.0041787627 0)
(-0.086494954 0.0017797302 0)
(-0.078197112 -0.0027462366 0)
(-0.074947769 -0.004842596 0)
(-0.074764325 -0.0049173381 0)
(-0.074539389 -0.0052532494 0)
(-0.073914617 -0.0056474383 0)
(-0.073623844 -0.005561547 0)
(-0.073651216 -0.0051711481 0)
(-0.07382639 -0.004693671 0)
(-0.074145345 -0.0042154939 0)
(-0.074633521 -0.0038097862 0)
(-0.0753017 -0.0035277942 0)
(-0.076098561 -0.0034286912 0)
(-0.076894586 -0.0035993042 0)
(-0.077530432 -0.0041480589 0)
(-0.077892528 -0.0051708185 0)
(-0.077963033 -0.0067006691 0)
(-0.077822836 -0.0086914809 0)
(-0.077623128 -0.01104705 0)
(-0.077549712 -0.013647847 0)
(-0.077793567 -0.016402235 0)
(-0.078487849 -0.019300173 0)
(-0.079649208 -0.022416136 0)
(-0.08125405 -0.025863758 0)
(-0.083379317 -0.029723738 0)
(-0.086269046 -0.034047559 0)
(-0.090325806 -0.038870007 0)
(-0.096123223 -0.044178927 0)
(-0.10449636 -0.049830966 0)
(-0.11649798 -0.055323107 0)
(-0.13289836 -0.059333496 0)
(-0.15317821 -0.059353216 0)
(-0.17448862 -0.052248019 0)
(-0.19164118 -0.036172882 0)
(-0.19937097 -0.012841134 0)
(-0.1951593 0.012718376 0)
(-0.17875618 0.033902692 0)
(-0.15453001 0.044668584 0)
(-0.12942972 0.043297373 0)
(-0.11097789 0.034067965 0)
(-0.10103042 0.023338766 0)
(-0.095877465 0.014125559 0)
(-0.09354252 0.0068922483 0)
(-0.093345396 0.001524563 0)
(-0.094585784 -0.0024295402 0)
(-0.096734169 -0.0057383484 0)
(-0.099218458 -0.0085133636 0)
(-0.10176051 -0.010794484 0)
(-0.10434139 -0.01260358 0)
(-0.10694096 -0.014005084 0)
(-0.10952862 -0.015078668 0)
(-0.11208136 -0.015899957 0)
(-0.11459149 -0.016534943 0)
(-0.11706669 -0.01703347 0)
(-0.11951772 -0.017427039 0)
(-0.12194814 -0.017739227 0)
(-0.12435877 -0.017992524 0)
(-0.1267545 -0.01819884 0)
(-0.12914352 -0.018355904 0)
(-0.13153546 -0.018456119 0)
(-0.13393712 -0.018488753 0)
(-0.13634753 -0.018446776 0)
(-0.13876002 -0.018335091 0)
(-0.14116673 -0.018170445 0)
(-0.14356042 -0.017974372 0)
(-0.14592575 -0.017758169 0)
(-0.14822811 -0.017524274 0)
(-0.15042912 -0.017286473 0)
(-0.15251941 -0.017065857 0)
(-0.15452824 -0.016869407 0)
(-0.1565093 -0.016692637 0)
(-0.15852498 -0.016531469 0)
(-0.16062725 -0.016376796 0)
(-0.16284245 -0.016215844 0)
(-0.16517621 -0.016033164 0)
(-0.16763006 -0.015798586 0)
(-0.17021484 -0.015460215 0)
(-0.17293663 -0.014930174 0)
(-0.17575556 -0.014101762 0)
(-0.1785684 -0.012901491 0)
(-0.18123318 -0.011312723 0)
(-0.18360206 -0.0093699038 0)
(-0.18554372 -0.0071500072 0)
(-0.18696561 -0.0047803889 0)
(-0.18784534 -0.0024300574 0)
(-0.18823812 -0.00029485814 0)
(-0.18825797 0.0013946521 0)
(-0.18777637 0.0027251654 0)
(-0.18695084 0.0037639179 0)
(-0.18616473 0.0046274726 0)
(-0.18542392 0.0054462081 0)
(-0.18464741 0.0063429155 0)
(-0.18371286 0.0073842796 0)
(-0.18247965 0.0085245913 0)
(-0.1808426 0.009614729 0)
(-0.17877133 0.010471641 0)
(-0.17631324 0.010937139 0)
(-0.17356532 0.01091409 0)
(-0.170643 0.010345783 0)
(-0.16766566 0.0091891443 0)
(-0.16474132 0.0074226314 0)
(-0.16194692 0.0050397693 0)
(-0.15933585 0.0020368404 0)
(-0.15700743 -0.0015584934 0)
(-0.15510931 -0.005762249 0)
(-0.15373469 -0.010486011 0)
(-0.15295613 -0.015746937 0)
(-0.15284627 -0.021450251 0)
(-0.15342546 -0.027499317 0)
(-0.15468152 -0.033845439 0)
(-0.15658583 -0.04050427 0)
(-0.15913562 -0.047544035 0)
(-0.16239556 -0.055070654 0)
(-0.16646654 -0.063194809 0)
(-0.1714626 -0.072048353 0)
(-0.17764028 -0.081815977 0)
(-0.18548469 -0.092544768 0)
(-0.19548066 -0.10383308 0)
(-0.20782878 -0.1149273 0)
(-0.22246278 -0.12508894 0)
(-0.23915556 -0.13367271 0)
(-0.25738494 -0.13993344 0)
(-0.27618799 -0.14316625 0)
(-0.29429499 -0.14309641 0)
(-0.3102677 -0.13973607 0)
(-0.32251086 -0.13359118 0)
(-0.3295278 -0.12614625 0)
(-0.33030385 -0.11983186 0)
(-0.32454862 -0.11761024 0)
(-0.31287084 -0.12257171 0)
(-0.29691348 -0.13774655 0)
(-0.27926276 -0.16582914 0)
(-0.26309177 -0.20891743 0)
(-0.25183064 -0.26815917 0)
(-0.24870542 -0.34294124 0)
(-0.25630622 -0.4299934 0)
(-0.27538897 -0.52079433 0)
(-0.30354869 -0.60199042 0)
(-0.33503741 -0.65753633 0)
(-0.3623874 -0.67380085 0)
(-0.37820869 -0.64301319 0)
(-0.38003626 -0.56973988 0)
(-0.36878428 -0.46612254 0)
(-0.35064212 -0.34796405 0)
(-0.32927525 -0.22763238 0)
(-0.30724359 -0.11128331 0)
(-0.28091093 -0.0012082735 0)
(-0.24496419 0.098174017 0)
(-0.19507424 0.17711336 0)
(-0.13234616 0.22236374 0)
(-0.064180254 0.22418638 0)
(-0.016192996 0.18889779 0)
(-0.00088901905 0.13559636 0)
(-0.025806532 0.082097946 0)
(-0.071374648 0.035169809 0)
(-0.12376096 -0.0047377656 0)
(-0.18341697 -0.02651404 0)
(-0.24286326 -0.019309918 0)
(-0.29396695 0.020342687 0)
(-0.32883429 0.081734504 0)
(-0.35519773 0.14635411 0)
(-0.385483 0.19615903 0)
(-0.43229105 0.23050641 0)
(-0.49917462 0.26382474 0)
(-0.58121887 0.30794283 0)
(-0.66798129 0.37059587 0)
(-0.73897368 0.45906349 0)
(-0.75995328 0.56729907 0)
(-0.69818938 0.67472638 0)
(-0.55185166 0.73961488 0)
(-0.37594267 0.72944381 0)
(-0.23143116 0.67035135 0)
(-0.12861804 0.59171892 0)
(-0.059355286 0.5100532 0)
(-0.014817502 0.4338949 0)
(0.012162427 0.36635228 0)
(0.027707578 0.30824721 0)
(0.035731412 0.25904043 0)
(0.038831139 0.2177837 0)
(0.03891675 0.18313464 0)
(0.037280424 0.15420816 0)
(0.034683153 0.13004704 0)
(0.031626174 0.10984125 0)
(0.028427003 0.092917251 0)
(0.025279132 0.078719345 0)
(0.022293596 0.066790402 0)
(0.019531724 0.056747546 0)
(0.017021538 0.048285972 0)
(0.014766436 0.041151226 0)
(0.012757104 0.035132504 0)
(0.010977216 0.03005534 0)
(0.0094067437 0.025775158 0)
(0.0080240753 0.022172008 0)
(0.0068074143 0.019146371 0)
(0.0057356368 0.01661579 0)
(0.0047887228 0.014512082 0)
(0.0039479338 0.012779088 0)
(0.0031958784 0.011370912 0)
(0.0025164886 0.010250543 0)
(0.0018948722 0.0093887258 0)
(0.0013169668 0.0087629417 0)
(0.00077173402 0.0083514215 0)
(0.00024404013 0.007847321 0)
(-0.018169522 -0.032837394 0)
(-0.055628213 0.030492961 0)
(-0.081010321 0.075864583 0)
(-0.096593689 0.091873024 0)
(-0.11222896 0.088459145 0)
(-0.13081982 0.077794525 0)
(-0.15039042 0.059826874 0)
(-0.16600535 0.033731289 0)
(-0.17231012 0.0018280669 0)
(-0.16621214 -0.030349606 0)
(-0.14717028 -0.05683301 0)
(-0.12017374 -0.071855394 0)
(-0.093648601 -0.075128642 0)
(-0.074673339 -0.071945445 0)
(-0.062638514 -0.066704735 0)
(-0.054249992 -0.060764519 0)
(-0.049998341 -0.05540038 0)
(-0.048664652 -0.050995765 0)
(-0.04943523 -0.04719854 0)
(-0.051625036 -0.043928015 0)
(-0.054445567 -0.041098541 0)
(-0.05720747 -0.038809513 0)
(-0.059660218 -0.037128509 0)
(-0.062001249 -0.035601851 0)
(-0.064433692 -0.033326831 0)
(-0.066716123 -0.029857847 0)
(-0.068272903 -0.025669383 0)
(-0.06868863 -0.021587467 0)
(-0.06800712 -0.018215848 0)
(-0.066809994 -0.015798857 0)
(-0.066061993 -0.014294395 0)
(-0.066727593 -0.013434516 0)
(-0.069359862 -0.012579639 0)
(-0.073236639 -0.010711017 0)
(-0.075967581 -0.0073609291 0)
(-0.075314552 -0.0041521084 0)
(-0.071567039 -0.0037219344 0)
(-0.06754768 -0.006168226 0)
(-0.065795392 -0.0086381239 0)
(-0.066012018 -0.0090119683 0)
(-0.066508952 -0.0080229486 0)
(-0.066886236 -0.0068327384 0)
(-0.067384673 -0.0059804187 0)
(-0.067905531 -0.0053725399 0)
(-0.068312461 -0.0048460482 0)
(-0.068576029 -0.0043656306 0)
(-0.06869577 -0.0039289734 0)
(-0.068688099 -0.0035531831 0)
(-0.068570933 -0.0032879241 0)
(-0.068358007 -0.0032268661 0)
(-0.068065278 -0.0035040641 0)
(-0.06772143 -0.0042525892 0)
(-0.067380122 -0.0055380428 0)
(-0.067116687 -0.0073152694 0)
(-0.067008872 -0.0094497571 0)
(-0.067126286 -0.011789754 0)
(-0.06752421 -0.014238795 0)
(-0.068240645 -0.016774607 0)
(-0.069302426 -0.019405932 0)
(-0.070733852 -0.022153729 0)
(-0.072585068 -0.025061197 0)
(-0.074958945 -0.028182158 0)
(-0.078024446 -0.031538744 0)
(-0.082019819 -0.035084351 0)
(-0.087247747 -0.038672101 0)
(-0.094084772 -0.041996218 0)
(-0.10293998 -0.044466648 0)
(-0.11400635 -0.045091689 0)
(-0.12679416 -0.042516174 0)
(-0.13968128 -0.035464266 0)
(-0.15001594 -0.0236213 0)
(-0.15501083 -0.0085355747 0)
(-0.15286876 0.0067304508 0)
(-0.1431909 0.019169739 0)
(-0.12884111 0.026329388 0)
(-0.11450647 0.027374237 0)
(-0.10381922 0.024005127 0)
(-0.097173011 0.018935733 0)
(-0.093433947 0.01367916 0)
(-0.091804272 0.0085633985 0)
(-0.091540794 0.0038403733 0)
(-0.092087437 -0.00039008791 0)
(-0.093141749 -0.0039049183 0)
(-0.094621654 -0.0067133709 0)
(-0.096444763 -0.0089624426 0)
(-0.09843115 -0.010771357 0)
(-0.10048897 -0.012224013 0)
(-0.10256737 -0.01338993 0)
(-0.10463627 -0.014328946 0)
(-0.10668117 -0.015091152 0)
(-0.10869914 -0.015714943 0)
(-0.11069176 -0.016227783 0)
(-0.11266103 -0.016651896 0)
(-0.11461103 -0.017007104 0)
(-0.11654873 -0.017306169 0)
(-0.11848133 -0.017551638 0)
(-0.12041287 -0.017737752 0)
(-0.12234115 -0.017854752 0)
(-0.1242578 -0.017897208 0)
(-0.12615251 -0.0178699 0)
(-0.12801761 -0.017787593 0)
(-0.12985028 -0.017670346 0)
(-0.13164945 -0.017536435 0)
(-0.13341139 -0.017402207 0)
(-0.1351342 -0.017285831 0)
(-0.13682622 -0.017199906 0)
(-0.13850534 -0.017140379 0)
(-0.14019286 -0.017090291 0)
(-0.14190953 -0.017031627 0)
(-0.14367196 -0.016951147 0)
(-0.14549115 -0.016840869 0)
(-0.14737529 -0.016689784 0)
(-0.14933145 -0.016471038 0)
(-0.15136293 -0.016134792 0)
(-0.15345792 -0.015607618 0)
(-0.15557449 -0.014811146 0)
(-0.15763822 -0.013695111 0)
(-0.1595549 -0.012257164 0)
(-0.16122675 -0.010540273 0)
(-0.16256629 -0.0086202153 0)
(-0.16351186 -0.0065930086 0)
(-0.16403427 -0.0045585307 0)
(-0.16414982 -0.0025956297 0)
(-0.16388925 -0.00074050257 0)
(-0.16354246 0.0009678558 0)
(-0.16319438 0.0023790494 0)
(-0.16267896 0.0035350477 0)
(-0.16203687 0.0045299082 0)
(-0.16127124 0.0054511354 0)
(-0.16034399 0.0063522849 0)
(-0.15919197 0.0072231204 0)
(-0.15776188 0.0079862104 0)
(-0.15604208 0.0085313034 0)
(-0.15406557 0.0087537929 0)
(-0.15189333 0.0085748652 0)
(-0.149608 0.007938675 0)
(-0.1472992 0.0068070024 0)
(-0.14503979 0.0051562296 0)
(-0.14290385 0.002974029 0)
(-0.14096826 0.00026098993 0)
(-0.13931738 -0.003009286 0)
(-0.13804352 -0.0068229219 0)
(-0.1372182 -0.011123094 0)
(-0.13690467 -0.015870349 0)
(-0.13714811 -0.021003351 0)
(-0.13796563 -0.026471558 0)
(-0.13935299 -0.032248979 0)
(-0.14129901 -0.038334494 0)
(-0.1438192 -0.044758289 0)
(-0.14698548 -0.05158317 0)
(-0.1509152 -0.058880662 0)
(-0.15576634 -0.066719358 0)
(-0.16178002 -0.075146806 0)
(-0.16926845 -0.084086527 0)
(-0.17849047 -0.093234942 0)
(-0.18954577 -0.10211815 0)
(-0.20236912 -0.11023106 0)
(-0.21671966 -0.1170888 0)
(-0.23210889 -0.12222894 0)
(-0.24779511 -0.12532161 0)
(-0.26285612 -0.12629814 0)
(-0.27621117 -0.12538621 0)
(-0.28670135 -0.12321675 0)
(-0.29335025 -0.12091296 0)
(-0.29565488 -0.12005809 0)
(-0.2937546 -0.12259414 0)
(-0.28851211 -0.13069562 0)
(-0.28157516 -0.14660041 0)
(-0.27536365 -0.17236137 0)
(-0.27297573 -0.20967711 0)
(-0.27806439 -0.25968851 0)
(-0.29457409 -0.3224396 0)
(-0.3261583 -0.39587689 0)
(-0.37492234 -0.47424357 0)
(-0.43969061 -0.54740558 0)
(-0.51492313 -0.60198617 0)
(-0.59128392 -0.6248818 0)
(-0.65795253 -0.60808955 0)
(-0.70662051 -0.55270921 0)
(-0.7343457 -0.46727236 0)
(-0.74335472 -0.36364775 0)
(-0.73882285 -0.25317666 0)
(-0.72651619 -0.14364642 0)
(-0.70811836 -0.040466323 0)
(-0.68393245 0.05118803 0)
(-0.65314195 0.12416933 0)
(-0.61985412 0.17249714 0)
(-0.59114314 0.19340756 0)
(-0.57555361 0.18755863 0)
(-0.57075358 0.15790799 0)
(-0.57769329 0.11181636 0)
(-0.59621063 0.06199603 0)
(-0.62777942 0.024193102 0)
(-0.6699803 0.0094698448 0)
(-0.71434101 0.021103542 0)
(-0.75387684 0.058128873 0)
(-0.78220615 0.11100564 0)
(-0.79638694 0.16591032 0)
(-0.80123191 0.21137117 0)
(-0.80383419 0.24527171 0)
(-0.80779151 0.27499411 0)
(-0.81151198 0.30917815 0)
(-0.80893518 0.35334148 0)
(-0.788227 0.41166689 0)
(-0.73371274 0.48072045 0)
(-0.63743043 0.54568387 0)
(-0.51117756 0.5859126 0)
(-0.38456711 0.58790325 0)
(-0.27581413 0.55797745 0)
(-0.1893663 0.50916639 0)
(-0.12417172 0.45265308 0)
(-0.07705772 0.39533881 0)
(-0.044111986 0.34154355 0)
(-0.021655129 0.29302481 0)
(-0.0067794848 0.25027042 0)
(0.0025314273 0.21318997 0)
(0.0080717099 0.18134971 0)
(0.011262246 0.15417254 0)
(0.012753693 0.13105817 0)
(0.013144519 0.11143701 0)
(0.01284587 0.094797673 0)
(0.012136523 0.080693847 0)
(0.011196065 0.068748796 0)
(0.01015296 0.058604947 0)
(0.0090947293 0.05000875 0)
(0.0080656332 0.042723749 0)
(0.0070933765 0.036551485 0)
(0.0061929394 0.031325414 0)
(0.0053704219 0.026905715 0)
(0.004626058 0.023175093 0)
(0.0039563859 0.020035308 0)
(0.0033557033 0.017404254 0)
(0.0028170247 0.015213522 0)
(0.0023327467 0.013406428 0)
(0.0018951048 0.011936443 0)
(0.0014964221 0.010765896 0)
(0.0011291791 0.0098648864 0)
(0.00078594318 0.0092103129 0)
(0.00046084285 0.0087796402 0)
(0.00014560072 0.008249786 0)
(-0.015523659 0.0018827863 0)
(-0.053467658 0.061317136 0)
(-0.076552791 0.095868089 0)
(-0.094268824 0.1081158 0)
(-0.1156903 0.10818523 0)
(-0.14283286 0.10054321 0)
(-0.17165878 0.081498539 0)
(-0.19489959 0.048206417 0)
(-0.20478504 0.0033301782 0)
(-0.19791992 -0.0446608 0)
(-0.17409311 -0.084467347 0)
(-0.13702879 -0.10495889 0)
(-0.096849401 -0.10299623 0)
(-0.067529411 -0.088907407 0)
(-0.054627873 -0.077042492 0)
(-0.047424799 -0.067340663 0)
(-0.043483138 -0.058243478 0)
(-0.042666517 -0.051578328 0)
(-0.043324327 -0.046351005 0)
(-0.044855325 -0.04222438 0)
(-0.046778519 -0.03906483 0)
(-0.048866335 -0.03680721 0)
(-0.051150752 -0.035140638 0)
(-0.053780357 -0.03342485 0)
(-0.056643648 -0.031050174 0)
(-0.059255889 -0.027899166 0)
(-0.061142672 -0.024341408 0)
(-0.062193159 -0.020866767 0)
(-0.062602812 -0.017858627 0)
(-0.062688965 -0.015577196 0)
(-0.062797068 -0.014000673 0)
(-0.06324665 -0.012778715 0)
(-0.06421785 -0.011398007 0)
(-0.065417246 -0.0093871487 0)
(-0.065939326 -0.0068390658 0)
(-0.065097675 -0.0047074565 0)
(-0.063433707 -0.0040616044 0)
(-0.062393724 -0.0047956667 0)
(-0.062741434 -0.0055926452 0)
(-0.063816696 -0.0057247705 0)
(-0.064723067 -0.0055410828 0)
(-0.065273221 -0.0053676178 0)
(-0.065652732 -0.0051589108 0)
(-0.065979828 -0.0048842314 0)
(-0.066268899 -0.0045752336 0)
(-0.066501185 -0.0042637661 0)
(-0.066643676 -0.003987854 0)
(-0.066661889 -0.0037836097 0)
(-0.066534328 -0.0036900683 0)
(-0.066259073 -0.0037647733 0)
(-0.065866475 -0.0040876575 0)
(-0.065431782 -0.0047447102 0)
(-0.065068701 -0.0057915548 0)
(-0.064898548 -0.0072184158 0)
(-0.065010057 -0.0089526951 0)
(-0.065439594 -0.010901061 0)
(-0.066181898 -0.012991565 0)
(-0.067219998 -0.01519386 0)
(-0.068554547 -0.017505927 0)
(-0.070212786 -0.019934959 0)
(-0.072254453 -0.0224839 0)
(-0.074772488 -0.025140937 0)
(-0.077890537 -0.027864458 0)
(-0.081760692 -0.030562005 0)
(-0.086551032 -0.033063407 0)
(-0.092428813 -0.035085943 0)
(-0.099498771 -0.03617917 0)
(-0.10764071 -0.035689843 0)
(-0.11628284 -0.032851548 0)
(-0.12428345 -0.027072151 0)
(-0.13016045 -0.018406439 0)
(-0.13261945 -0.0078523376 0)
(-0.1309929 0.0027918469 0)
(-0.12555966 0.011471664 0)
(-0.11771232 0.016727195 0)
(-0.10961498 0.018180549 0)
(-0.10293655 0.016698613 0)
(-0.098141369 0.013664139 0)
(-0.095039412 0.010010003 0)
(-0.093311867 0.006319177 0)
(-0.092660123 0.0029248887 0)
(-0.092816097 -7.4637875e-05 0)
(-0.093577162 -0.002707981 0)
(-0.094751301 -0.0050303725 0)
(-0.09618219 -0.0069938626 0)
(-0.097792314 -0.0086195322 0)
(-0.099511094 -0.0099512492 0)
(-0.10128794 -0.011035497 0)
(-0.10308967 -0.011915458 0)
(-0.10489668 -0.01262905 0)
(-0.10669902 -0.01320769 0)
(-0.10849199 -0.013676568 0)
(-0.11027366 -0.014056456 0)
(-0.11204508 -0.014363941 0)
(-0.11381013 -0.014609632 0)
(-0.11557341 -0.014797954 0)
(-0.11733682 -0.0149291 0)
(-0.11909649 -0.015002131 0)
(-0.12084302 -0.015018778 0)
(-0.12256504 -0.014985425 0)
(-0.12425333 -0.014912788 0)
(-0.12590316 -0.014813712 0)
(-0.12751405 -0.014699688 0)
(-0.12908915 -0.014579427 0)
(-0.13063701 -0.014458745 0)
(-0.13217251 -0.014337833 0)
(-0.1337131 -0.014209591 0)
(-0.13527296 -0.014063997 0)
(-0.13686012 -0.013893709 0)
(-0.13847767 -0.01369532 0)
(-0.140128 -0.01346611 0)
(-0.14181604 -0.013196554 0)
(-0.14354755 -0.012863623 0)
(-0.14532217 -0.012430015 0)
(-0.14712302 -0.011849722 0)
(-0.14890804 -0.011081319 0)
(-0.15061207 -0.010102729 0)
(-0.15216088 -0.0089181943 0)
(-0.15348733 -0.0075567773 0)
(-0.15454141 -0.0060667641 0)
(-0.1552951 -0.0045120748 0)
(-0.15574585 -0.0029642852 0)
(-0.15591178 -0.0014998137 0)
(-0.15586612 -0.00018471123 0)
(-0.15558419 0.00090582899 0)
(-0.15513108 0.0019472053 0)
(-0.15463514 0.0029152421 0)
(-0.15406033 0.0038002665 0)
(-0.15337931 0.0046104177 0)
(-0.15256268 0.0053501707 0)
(-0.15157453 0.0060011575 0)
(-0.15038657 0.0065098164 0)
(-0.1489976 0.0068026111 0)
(-0.14743549 0.0068132244 0)
(-0.14574695 0.0064866235 0)
(-0.14398647 0.0057745882 0)
(-0.14221318 0.0046433351 0)
(-0.14049902 0.0030683464 0)
(-0.13890791 0.0010299669 0)
(-0.13751909 -0.001478667 0)
(-0.13641686 -0.0044508473 0)
(-0.13565898 -0.0078706133 0)
(-0.13530435 -0.011716373 0)
(-0.13540217 -0.01595926 0)
(-0.13598782 -0.020560312 0)
(-0.13708277 -0.025485277 0)
(-0.13869811 -0.030713888 0)
(-0.14084134 -0.036241817 0)
(-0.14353508 -0.042082053 0)
(-0.14683554 -0.04825947 0)
(-0.15083165 -0.054798931 0)
(-0.1556435 -0.061718542 0)
(-0.16143162 -0.069004052 0)
(-0.1683748 -0.076551928 0)
(-0.17660308 -0.084143961 0)
(-0.18614581 -0.091488668 0)
(-0.19692494 -0.09826815 0)
(-0.20874173 -0.10415287 0)
(-0.22123926 -0.10884005 0)
(-0.2339005 -0.11214628 0)
(-0.24608404 -0.11408093 0)
(-0.25706329 -0.11489548 0)
(-0.26611489 -0.11516083 0)
(-0.27267588 -0.11580415 0)
(-0.27650502 -0.11805349 0)
(-0.27780469 -0.12332511 0)
(-0.27731143 -0.13310739 0)
(-0.27635484 -0.14884116 0)
(-0.27687455 -0.17179163 0)
(-0.28142663 -0.20295633 0)
(-0.29319896 -0.24294665 0)
(-0.31595092 -0.29170643 0)
(-0.3536699 -0.34792603 0)
(-0.40962896 -0.40809033 0)
(-0.48479582 -0.46568053 0)
(-0.5762523 -0.51133132 0)
(-0.67669056 -0.53467889 0)
(-0.77586588 -0.5277391 0)
(-0.86371461 -0.4882375 0)
(-0.93326676 -0.42030005 0)
(-0.98181727 -0.33241417 0)
(-1.0100171 -0.23414968 0)
(-1.0202307 -0.13429537 0)
(-1.0147256 -0.039708856 0)
(-0.99492506 0.043652598 0)
(-0.96441472 0.11059386 0)
(-0.92640952 0.15610321 0)
(-0.88466722 0.17727718 0)
(-0.8441085 0.17434712 0)
(-0.81071361 0.15224156 0)
(-0.79054652 0.11983076 0)
(-0.78686866 0.086583804 0)
(-0.79845059 0.060748909 0)
(-0.819984 0.048885408 0)
(-0.84384982 0.054464847 0)
(-0.86320981 0.076058249 0)
(-0.87276078 0.11003789 0)
(-0.86993676 0.14859358 0)
(-0.85673337 0.18475066 0)
(-0.83721647 0.216562 0)
(-0.81411976 0.24643259 0)
(-0.78753965 0.27814954 0)
(-0.75483432 0.31530696 0)
(-0.7108461 0.36017285 0)
(-0.65012988 0.40991908 0)
(-0.57148007 0.45487379 0)
(-0.48093333 0.48293692 0)
(-0.38868876 0.48689327 0)
(-0.30354019 0.46948732 0)
(-0.23058894 0.43748899 0)
(-0.17130932 0.39752049 0)
(-0.12490144 0.35459215 0)
(-0.08957338 0.31221022 0)
(-0.063238228 0.27231361 0)
(-0.043919507 0.23593572 0)
(-0.029983774 0.2033976 0)
(-0.02003967 0.17490951 0)
(-0.012975907 0.15006802 0)
(-0.0080328438 0.12856271 0)
(-0.0046242908 0.11003611 0)
(-0.0023115661 0.094129249 0)
(-0.00076817997 0.080503775 0)
(0.00020469398 0.068851951 0)
(0.00079093749 0.058901102 0)
(0.0011392877 0.050412246 0)
(0.0013080256 0.043178164 0)
(0.0013576839 0.037020448 0)
(0.0013305081 0.031786184 0)
(0.0012556705 0.027344847 0)
(0.0011531008 0.023585462 0)
(0.0010361669 0.020414018 0)
(0.00091356316 0.017751162 0)
(0.00079069625 0.015530253 0)
(0.00067071947 0.013695734 0)
(0.00055526073 0.01220177 0)
(0.00044488511 0.011011066 0)
(0.00033938435 0.010093891 0)
(0.00023798672 0.0094272225 0)
(0.00013980053 0.0089884104 0)
(4.3843132e-05 0.008446038 0)
(-0.011176771 0.032866768 0)
(-0.044283234 0.089767239 0)
(-0.065187414 0.11728128 0)
(-0.085902323 0.1300445 0)
(-0.11300262 0.13549146 0)
(-0.14654921 0.13119836 0)
(-0.18088113 0.10941574 0)
(-0.20707468 0.06577093 0)
(-0.21729948 0.0042091108 0)
(-0.21004852 -0.063318998 0)
(-0.18681224 -0.12076127 0)
(-0.14798056 -0.15250652 0)
(-0.099900505 -0.1477995 0)
(-0.057263052 -0.11448603 0)
(-0.038782961 -0.086109039 0)
(-0.036802362 -0.072026188 0)
(-0.034920375 -0.05977951 0)
(-0.036066188 -0.050988964 0)
(-0.038093129 -0.044881591 0)
(-0.040494682 -0.040410131 0)
(-0.042898584 -0.037008688 0)
(-0.045271416 -0.034359767 0)
(-0.0477307 -0.032199191 0)
(-0.05035375 -0.030168573 0)
(-0.053003873 -0.027904324 0)
(-0.055383129 -0.025276785 0)
(-0.057246562 -0.02245193 0)
(-0.05853273 -0.019703909 0)
(-0.059341778 -0.017241053 0)
(-0.05987264 -0.015169162 0)
(-0.060352705 -0.013477468 0)
(-0.060959867 -0.012044417 0)
(-0.061741841 -0.01065664 0)
(-0.062492298 -0.0090983763 0)
(-0.062780911 -0.0074263537 0)
(-0.062383798 -0.006133758 0)
(-0.061667519 -0.0056817875 0)
(-0.061298217 -0.005938788 0)
(-0.061537395 -0.0062585318 0)
(-0.062109758 -0.0062073357 0)
(-0.062727003 -0.0058470655 0)
(-0.063321986 -0.0053884854 0)
(-0.063884311 -0.0049529223 0)
(-0.064382567 -0.0045726854 0)
(-0.064795196 -0.0042535735 0)
(-0.065116835 -0.0039988882 0)
(-0.065349345 -0.0038151121 0)
(-0.065492364 -0.0037216813 0)
(-0.065542981 -0.0037520105 0)
(-0.065504837 -0.0039509491 0)
(-0.065400115 -0.0043709993 0)
(-0.065279941 -0.0050594197 0)
(-0.065223585 -0.0060397546 0)
(-0.065320488 -0.0072983198 0)
(-0.065643849 -0.008788266 0)
(-0.066234186 -0.010451118 0)
(-0.067102716 -0.012238841 0)
(-0.068250221 -0.014124413 0)
(-0.06968804 -0.016095676 0)
(-0.071445102 -0.018143072 0)
(-0.073571157 -0.020252414 0)
(-0.076134466 -0.022390077 0)
(-0.079216166 -0.024495686 0)
(-0.082904975 -0.026465002 0)
(-0.087282309 -0.028135021 0)
(-0.092399857 -0.029265044 0)
(-0.098229613 -0.029516498 0)
(-0.10456986 -0.02846252 0)
(-0.11094361 -0.025684691 0)
(-0.11659005 -0.020970981 0)
(-0.12063355 -0.014540683 0)
(-0.12234133 -0.0071028286 0)
(-0.1213607 0.0003064748 0)
(-0.11799863 0.0065200494 0)
(-0.11313836 0.010626717 0)
(-0.10789567 0.012306185 0)
(-0.10321556 0.011983386 0)
(-0.099544257 0.010376021 0)
(-0.096959529 0.008064414 0)
(-0.095375425 0.0054518008 0)
(-0.094632543 0.0027998453 0)
(-0.094565718 0.00027785162 0)
(-0.095023306 -0.0020276519 0)
(-0.095876228 -0.004048776 0)
(-0.097020178 -0.0058003489 0)
(-0.098367638 -0.0072969018 0)
(-0.099853439 -0.0085619506 0)
(-0.10142961 -0.0096237417 0)
(-0.10306214 -0.01051108 0)
(-0.10472803 -0.011250873 0)
(-0.10641234 -0.011866711 0)
(-0.10810563 -0.012378485 0)
(-0.10980232 -0.0128028 0)
(-0.11149993 -0.013152956 0)
(-0.11319803 -0.013438357 0)
(-0.11489645 -0.013664482 0)
(-0.11659339 -0.013833853 0)
(-0.1182843 -0.013947974 0)
(-0.11996241 -0.014009615 0)
(-0.12162055 -0.014023968 0)
(-0.12325334 -0.013998422 0)
(-0.12485879 -0.013941561 0)
(-0.12643848 -0.013862128 0)
(-0.12799702 -0.013768529 0)
(-0.12954177 -0.013667835 0)
(-0.13108157 -0.013563404 0)
(-0.13262389 -0.013453222 0)
(-0.13417261 -0.013330841 0)
(-0.13572873 -0.013187527 0)
(-0.13729288 -0.013013758 0)
(-0.13886763 -0.012799027 0)
(-0.14045741 -0.012529459 0)
(-0.14206497 -0.012185105 0)
(-0.14368512 -0.011739256 0)
(-0.14529924 -0.011161327 0)
(-0.14687356 -0.010424336 0)
(-0.14836305 -0.0095145118 0)
(-0.14971928 -0.0084377013 0)
(-0.15089729 -0.0072191155 0)
(-0.1518621 -0.0058982472 0)
(-0.15259367 -0.004523765 0)
(-0.15308769 -0.0031463943 0)
(-0.1533568 -0.0018123456 0)
(-0.15342446 -0.000562667 0)
(-0.15332792 0.00060990741 0)
(-0.1530921 0.0016129285 0)
(-0.15273431 0.0024956532 0)
(-0.15227425 0.0032808526 0)
(-0.15170829 0.0039765108 0)
(-0.15101984 0.0045784856 0)
(-0.15019153 0.0050666701 0)
(-0.14921782 0.0054034147 0)
(-0.14810411 0.005539766 0)
(-0.14687097 0.0054264259 0)
(-0.14555751 0.0050207053 0)
(-0.14420791 0.0042858152 0)
(-0.14286938 0.0031879633 0)
(-0.14159467 0.0017007661 0)
(-0.14044942 -0.00018631656 0)
(-0.1394917 -0.0024863495 0)
(-0.13878112 -0.0051814756 0)
(-0.13838199 -0.0082626779 0)
(-0.13834406 -0.011716089 0)
(-0.13871396 -0.015520794 0)
(-0.13953109 -0.01965102 0)
(-0.14082692 -0.024083039 0)
(-0.14262734 -0.028800193 0)
(-0.14495818 -0.033795444 0)
(-0.14785493 -0.03907134 0)
(-0.15137013 -0.044633721 0)
(-0.15557349 -0.050482691 0)
(-0.1605529 -0.056604467 0)
(-0.16641344 -0.062953562 0)
(-0.17325627 -0.069426892 0)
(-0.18114252 -0.075857301 0)
(-0.19006832 -0.082037657 0)
(-0.19995301 -0.087751919 0)
(-0.21062182 -0.092798604 0)
(-0.22178917 -0.097025863 0)
(-0.23306696 -0.10038332 0)
(-0.24399383 -0.10296348 0)
(-0.25407783 -0.10503791 0)
(-0.26286965 -0.10709613 0)
(-0.27006375 -0.10985192 0)
(-0.27559535 -0.11420124 0)
(-0.27971367 -0.12114881 0)
(-0.28303446 -0.13171641 0)
(-0.28657209 -0.14683247 0)
(-0.29175266 -0.16721938 0)
(-0.30042602 -0.19329853 0)
(-0.31488763 -0.22509642 0)
(-0.33787888 -0.26210784 0)
(-0.3724532 -0.30305537 0)
(-0.42149797 -0.3455052 0)
(-0.48675496 -0.38547522 0)
(-0.56753428 -0.41738541 0)
(-0.65977747 -0.43478837 0)
(-0.75632038 -0.43206123 0)
(-0.84857011 -0.40636525 0)
(-0.92869649 -0.35870513 0)
(-0.99122998 -0.29355934 0)
(-1.0334373 -0.21742422 0)
(-1.0544662 -0.13731705 0)
(-1.0549418 -0.059583734 0)
(-1.0377921 0.010064879 0)
(-1.0059784 0.066299337 0)
(-0.9635155 0.10499903 0)
(-0.9160968 0.12504609 0)
(-0.87050272 0.12803515 0)
(-0.83307854 0.11810437 0)
(-0.80785601 0.1009117 0)
(-0.79586416 0.082482455 0)
(-0.79535391 0.068530966 0)
(-0.80225177 0.063426893 0)
(-0.81120225 0.069109952 0)
(-0.81715903 0.084842638 0)
(-0.81652394 0.10844565 0)
(-0.80792684 0.13617512 0)
(-0.79231092 0.16465508 0)
(-0.77165236 0.19254029 0)
(-0.74744705 0.22048675 0)
(-0.71982209 0.25010052 0)
(-0.68725725 0.2828247 0)
(-0.64696641 0.31868439 0)
(-0.59624428 0.35482662 0)
(-0.53451085 0.38549927 0)
(-0.46445979 0.40427254 0)
(-0.39160478 0.40767404 0)
(-0.32190252 0.39676544 0)
(-0.25940062 0.3749674 0)
(-0.20591457 0.3462064 0)
(-0.16167115 0.31388824 0)
(-0.12597548 0.28063519 0)
(-0.097683822 0.24823904 0)
(-0.075550556 0.21780778 0)
(-0.058408881 0.18992902 0)
(-0.045206354 0.16488714 0)
(-0.035055421 0.14265469 0)
(-0.027263093 0.12309814 0)
(-0.021282005 0.10601696 0)
(-0.016683947 0.091176891 0)
(-0.013140437 0.078335235 0)
(-0.01040706 0.067249589 0)
(-0.0082875134 0.057731137 0)
(-0.006629102 0.049557396 0)
(-0.0053270807 0.042553262 0)
(-0.0042994506 0.03656349 0)
(-0.0034833757 0.031451933 0)
(-0.0028308522 0.027100288 0)
(-0.0023051715 0.023406482 0)
(-0.001878195 0.020282966 0)
(-0.0015282594 0.017655095 0)
(-0.0012385447 0.015459681 0)
(-0.00099583572 0.01364371 0)
(-0.00078962988 0.012163181 0)
(-0.00061149357 0.010982103 0)
(-0.00045455933 0.010071677 0)
(-0.00031306607 0.0094095968 0)
(-0.00018320486 0.0089744728 0)
(-5.8587809e-05 0.0084314535 0)
(-0.0055165881 0.05620632 0)
(-0.031244343 0.11396697 0)
(-0.048579386 0.13887051 0)
(-0.069288812 0.15496947 0)
(-0.096364957 0.16594511 0)
(-0.12798847 0.16354737 0)
(-0.15777788 0.13712587 0)
(-0.1777803 0.082359914 0)
(-0.18333304 0.0056709927 0)
(-0.17637878 -0.077788229 0)
(-0.15866606 -0.15112052 0)
(-0.12844564 -0.19818687 0)
(-0.08720643 -0.20020021 0)
(-0.043860183 -0.15232884 0)
(-0.015595489 -0.094928453 0)
(-0.020385601 -0.071163538 0)
(-0.024431561 -0.058227615 0)
(-0.028553754 -0.048211265 0)
(-0.032646743 -0.04177734 0)
(-0.036362427 -0.037401368 0)
(-0.039636338 -0.034256091 0)
(-0.042515471 -0.031826805 0)
(-0.045148628 -0.029776164 0)
(-0.047662266 -0.027813685 0)
(-0.050050875 -0.025719322 0)
(-0.052194529 -0.023424067 0)
(-0.053979679 -0.021012569 0)
(-0.055380613 -0.018638481 0)
(-0.05645256 -0.016444254 0)
(-0.057296331 -0.01451727 0)
(-0.058024048 -0.012861106 0)
(-0.058727859 -0.011401209 0)
(-0.059438875 -0.01001567 0)
(-0.060062553 -0.0085982956 0)
(-0.060404415 -0.0071892628 0)
(-0.060386065 -0.0060332842 0)
(-0.060224246 -0.0053633769 0)
(-0.060266227 -0.0051332206 0)
(-0.060644747 -0.0050597567 0)
(-0.061216329 -0.0049433339 0)
(-0.061800761 -0.0047688617 0)
(-0.062331626 -0.004564895 0)
(-0.062813931 -0.0043402337 0)
(-0.063259557 -0.0041076601 0)
(-0.063668196 -0.0038892787 0)
(-0.064029671 -0.0037121377 0)
(-0.064333659 -0.0036021077 0)
(-0.064576596 -0.0035825227 0)
(-0.064761777 -0.0036790581 0)
(-0.064900733 -0.0039217296 0)
(-0.065018144 -0.0043431076 0)
(-0.065155134 -0.0049718269 0)
(-0.065366611 -0.0058228375 0)
(-0.06571126 -0.0068899036 0)
(-0.066239115 -0.0081467399 0)
(-0.066984346 -0.0095567674 0)
(-0.067967047 -0.011084623 0)
(-0.069201391 -0.012703075 0)
(-0.070705688 -0.014390759 0)
(-0.072508359 -0.016124334 0)
(-0.074647495 -0.017876105 0)
(-0.077169534 -0.019599684 0)
(-0.080124901 -0.021227946 0)
(-0.083558809 -0.02266126 0)
(-0.087498819 -0.023759963 0)
(-0.091934546 -0.024337499 0)
(-0.096783077 -0.024159141 0)
(-0.10183759 -0.022963476 0)
(-0.10672743 -0.020532233 0)
(-0.11094291 -0.016806394 0)
(-0.11394627 -0.011991161 0)
(-0.11531479 -0.0065641069 0)
(-0.11489709 -0.001206515 0)
(-0.11285294 0.0033242192 0)
(-0.10970015 0.0065019209 0)
(-0.10615628 0.0081084766 0)
(-0.10281749 0.0083249262 0)
(-0.10003879 0.0075246471 0)
(-0.097959097 0.0060723542 0)
(-0.096587151 0.0042655193 0)
(-0.095862059 0.0023252259 0)
(-0.095695518 0.0003953449 0)
(-0.095983816 -0.0014268737 0)
(-0.096630863 -0.0030952422 0)
(-0.097559455 -0.0045823773 0)
(-0.098700303 -0.0058831145 0)
(-0.099997257 -0.0070049053 0)
(-0.10140671 -0.0079622725 0)
(-0.10289578 -0.008772977 0)
(-0.10444028 -0.0094554398 0)
(-0.10602279 -0.010027073 0)
(-0.10763093 -0.010503441 0)
(-0.10925613 -0.010897963 0)
(-0.11089276 -0.011221658 0)
(-0.11253718 -0.011482917 0)
(-0.11418657 -0.011687715 0)
(-0.11583769 -0.011840357 0)
(-0.11748622 -0.011944592 0)
(-0.11912715 -0.012004629 0)
(-0.12075571 -0.012025578 0)
(-0.12236827 -0.012013379 0)
(-0.12396285 -0.011974289 0)
(-0.12553929 -0.011914148 0)
(-0.12709929 -0.011837799 0)
(-0.12864638 -0.011748368 0)
(-0.13018559 -0.011646203 0)
(-0.13172217 -0.011528564 0)
(-0.13326006 -0.011390686 0)
(-0.134801 -0.011227016 0)
(-0.13634503 -0.01103142 0)
(-0.13789157 -0.010796284 0)
(-0.13943927 -0.010511086 0)
(-0.14098441 -0.010161413 0)
(-0.14251815 -0.0097293958 0)
(-0.14402383 -0.0091963141 0)
(-0.1454755 -0.0085470425 0)
(-0.14683987 -0.0077747916 0)
(-0.14808149 -0.0068839584 0)
(-0.14916819 -0.0058904721 0)
(-0.15007616 -0.0048209079 0)
(-0.15079185 -0.0037090034 0)
(-0.15131212 -0.0025907894 0)
(-0.15164439 -0.0015006831 0)
(-0.15180428 -0.0004663898 0)
(-0.15181311 0.0004890631 0)
(-0.15169154 0.0013623152 0)
(-0.15145428 0.0021417672 0)
(-0.151109 0.0028279502 0)
(-0.15065726 0.0034197342 0)
(-0.15009772 0.0039090284 0)
(-0.14942656 0.0042758558 0)
(-0.14864404 0.0044916538 0)
(-0.14776237 0.0045229841 0)
(-0.14680391 0.004330703 0)
(-0.14579832 0.0038785202 0)
(-0.14478301 0.0031389129 0)
(-0.14380131 0.0020866415 0)
(-0.14290295 0.00070443269 0)
(-0.14214125 -0.0010262027 0)
(-0.14156641 -0.0031010013 0)
(-0.14123054 -0.0055249097 0)
(-0.14118759 -0.0082864078 0)
(-0.14148632 -0.011370555 0)
(-0.14217164 -0.01475911 0)
(-0.14328355 -0.018432729 0)
(-0.14485693 -0.022373925 0)
(-0.14692307 -0.026569115 0)
(-0.14951396 -0.03101002 0)
(-0.15266799 -0.035692836 0)
(-0.1564332 -0.040612673 0)
(-0.16086733 -0.045756327 0)
(-0.16603744 -0.051096208 0)
(-0.17201466 -0.056581439 0)
(-0.17885809 -0.062127608 0)
(-0.18659362 -0.067616376 0)
(-0.19519894 -0.072908388 0)
(-0.20459442 -0.077861151 0)
(-0.21463404 -0.08234945 0)
(-0.22510152 -0.086295127 0)
(-0.23571997 -0.089703131 0)
(-0.24617395 -0.092692679 0)
(-0.25614532 -0.095522763 0)
(-0.26536933 -0.098608773 0)
(-0.27370272 -0.10251533 0)
(-0.28118611 -0.10791953 0)
(-0.28809165 -0.11555198 0)
(-0.29495394 -0.12612195 0)
(-0.30258108 -0.14022955 0)
(-0.31204621 -0.15827188 0)
(-0.32466668 -0.18034942 0)
(-0.34197618 -0.20617076 0)
(-0.3656825 -0.2349518 0)
(-0.39757118 -0.26530563 0)
(-0.43926861 -0.29513267 0)
(-0.49178163 -0.3215693 0)
(-0.55484319 -0.34111475 0)
(-0.62629242 -0.35006892 0)
(-0.70192462 -0.34532896 0)
(-0.7761075 -0.32527702 0)
(-0.8429415 -0.29034028 0)
(-0.89746303 -0.24299439 0)
(-0.93634303 -0.18716684 0)
(-0.95797412 -0.1275124 0)
(-0.96247232 -0.0689958 0)
(-0.95165256 -0.016299654 0)
(-0.92877923 0.027438531 0)
(-0.89764514 0.059760401 0)
(-0.86296193 0.079622878 0)
(-0.82972826 0.087869656 0)
(-0.80192862 0.086991718 0)
(-0.7818893 0.080591663 0)
(-0.77013355 0.072703751 0)
(-0.7655164 0.067135548 0)
(-0.76552822 0.066806786 0)
(-0.76695243 0.073145141 0)
(-0.76672644 0.086005341 0)
(-0.76264086 0.10409045 0)
(-0.75373491 0.12545737 0)
(-0.74018349 0.14841178 0)
(-0.72265732 0.17214927 0)
(-0.70159196 0.19674692 0)
(-0.67667856 0.22267823 0)
(-0.64672044 0.25012655 0)
(-0.61000238 0.27828023 0)
(-0.565195 0.30484995 0)
(-0.51244404 0.32637187 0)
(-0.45391911 0.33945456 0)
(-0.39329684 0.34227003 0)
(-0.3343575 0.335161 0)
(-0.27991946 0.31992504 0)
(-0.23159364 0.29892118 0)
(-0.18996591 0.27444467 0)
(-0.15490925 0.24843418 0)
(-0.12587271 0.22235326 0)
(-0.10211311 0.19721538 0)
(-0.08283578 0.17366581 0)
(-0.067274112 0.15207044 0)
(-0.054742347 0.13256724 0)
(-0.044658698 0.11515641 0)
(-0.036539667 0.099753611 0)
(-0.02999074 0.086222769 0)
(-0.024694691 0.074402178 0)
(-0.020399352 0.064121706 0)
(-0.016901494 0.055219855 0)
(-0.014038991 0.047532668 0)
(-0.011686315 0.040912544 0)
(-0.0097440311 0.035226519 0)
(-0.0081329832 0.030356011 0)
(-0.0067899568 0.026196327 0)
(-0.0056642997 0.022655849 0)
(-0.0047152355 0.019655055 0)
(-0.0039097084 0.017125488 0)
(-0.0032206705 0.015008744 0)
(-0.002625767 0.013255476 0)
(-0.0021063364 0.011824477 0)
(-0.0016466107 0.01068187 0)
(-0.0012330399 0.0098004598 0)
(-0.00085366571 0.0091592161 0)
(-0.00049995475 0.0087391111 0)
(-0.00015887934 0.0082076402 0)
(0.00076046363 0.070322966 0)
(-0.015266549 0.13140549 0)
(-0.026037003 0.1572823 0)
(-0.041605935 0.17669723 0)
(-0.061060365 0.19119683 0)
(-0.081932109 0.18834127 0)
(-0.098897387 0.15644683 0)
(-0.10683981 0.092716645 0)
(-0.10426459 0.0067811967 0)
(-0.097697584 -0.085091453 0)
(-0.087086805 -0.16710634 0)
(-0.069282202 -0.22626455 0)
(-0.04406709 -0.23887721 0)
(-0.017910485 -0.18951523 0)
(0.0086644463 -0.10572243 0)
(0.0016415777 -0.062352235 0)
(-0.013142999 -0.050798538 0)
(-0.021482136 -0.042326029 0)
(-0.0280892 -0.036909306 0)
(-0.033013159 -0.033383443 0)
(-0.036908733 -0.030886534 0)
(-0.04009035 -0.028880756 0)
(-0.042825017 -0.027071236 0)
(-0.045289116 -0.025276661 0)
(-0.047546932 -0.023386727 0)
(-0.049573093 -0.021378541 0)
(-0.051323763 -0.019311441 0)
(-0.052790148 -0.017279459 0)
(-0.054006668 -0.015367081 0)
(-0.055034339 -0.013628121 0)
(-0.055938755 -0.012076139 0)
(-0.056771741 -0.010687505 0)
(-0.057550007 -0.009412043 0)
(-0.058225586 -0.0082046998 0)
(-0.058706362 -0.007089673 0)
(-0.058963956 -0.0061810205 0)
(-0.059111236 -0.005578149 0)
(-0.059323594 -0.0052383071 0)
(-0.059689115 -0.005003876 0)
(-0.060176925 -0.0047526861 0)
(-0.060720916 -0.0044653726 0)
(-0.061273944 -0.004172432 0)
(-0.061806422 -0.003902004 0)
(-0.062301798 -0.003669231 0)
(-0.062755563 -0.0034819951 0)
(-0.063168483 -0.0033489671 0)
(-0.063541388 -0.0032846358 0)
(-0.063876408 -0.0033079466 0)
(-0.064179909 -0.0034400186 0)
(-0.06446464 -0.003703285 0)
(-0.064752177 -0.0041191374 0)
(-0.065074383 -0.0047037029 0)
(-0.065471596 -0.0054628834 0)
(-0.065986967 -0.0063893506 0)
(-0.066659484 -0.0074639417 0)
(-0.067519566 -0.0086607356 0)
(-0.068589676 -0.0099526422 0)
(-0.069887983 -0.011314855 0)
(-0.071432688 -0.01272432 0)
(-0.073247832 -0.014154024 0)
(-0.07535994 -0.015570873 0)
(-0.077796781 -0.016927818 0)
(-0.080585011 -0.018160105 0)
(-0.083739645 -0.01918029 0)
(-0.087254943 -0.019874875 0)
(-0.091089314 -0.020104318 0)
(-0.095143513 -0.019709997 0)
(-0.099234731 -0.018536758 0)
(-0.10308618 -0.016480478 0)
(-0.10635635 -0.013552674 0)
(-0.10870795 -0.0099275794 0)
(-0.10989238 -0.0059382311 0)
(-0.10983201 -0.0020325559 0)
(-0.10863789 0.0013422505 0)
(-0.10663495 0.0038193087 0)
(-0.10427133 0.0052494757 0)
(-0.10193555 0.0057047958 0)
(-0.099896304 0.0053814782 0)
(-0.098297163 0.0045033614 0)
(-0.097188995 0.0032753825 0)
(-0.096562922 0.0018632431 0)
(-0.096375525 0.00039126817 0)
(-0.096571326 -0.0010505355 0)
(-0.097088727 -0.0024126236 0)
(-0.097865435 -0.0036617648 0)
(-0.098849049 -0.0047821621 0)
(-0.099994316 -0.0057704717 0)
(-0.10126372 -0.0066314217 0)
(-0.10262708 -0.0073743862 0)
(-0.10406068 -0.0080108481 0)
(-0.10554622 -0.0085526362 0)
(-0.1070698 -0.00901089 0)
(-0.10862101 -0.0093955717 0)
(-0.11019214 -0.0097152208 0)
(-0.11177736 -0.0099768141 0)
(-0.11337189 -0.010185802 0)
(-0.11497131 -0.010346425 0)
(-0.11657125 -0.010462323 0)
(-0.1181675 -0.010537151 0)
(-0.1197564 -0.010574905 0)
(-0.12133524 -0.010579966 0)
(-0.12290242 -0.010556979 0)
(-0.12445757 -0.010510573 0)
(-0.12600154 -0.010444954 0)
(-0.12753622 -0.0103633 0)
(-0.12906398 -0.010267008 0)
(-0.13058681 -0.010155104 0)
(-0.13210568 -0.01002414 0)
(-0.1336204 -0.0098685893 0)
(-0.13512965 -0.0096813739 0)
(-0.13663111 -0.0094540233 0)
(-0.1381213 -0.0091765131 0)
(-0.13959443 -0.0088373349 0)
(-0.14104073 -0.0084240584 0)
(-0.1424452 -0.0079246906 0)
(-0.14378775 -0.0073303187 0)
(-0.14504455 -0.0066381908 0)
(-0.14619081 -0.0058536246 0)
(-0.14720364 -0.0049905584 0)
(-0.14806525 -0.0040703261 0)
(-0.14876466 -0.0031183447 0)
(-0.14929825 -0.0021624056 0)
(-0.14967076 -0.0012296226 0)
(-0.14989462 -0.00034268457 0)
(-0.14998255 0.00048092317 0)
(-0.1499468 0.0012309636 0)
(-0.14980003 0.0019010867 0)
(-0.14955097 0.0024863821 0)
(-0.14920465 0.0029790003 0)
(-0.14876403 0.0033680507 0)
(-0.14823322 0.003638082 0)
(-0.14762042 0.0037665163 0)
(-0.1469404 0.0037261188 0)
(-0.14621491 0.0034884346 0)
(-0.14547106 0.0030245731 0)
(-0.1447436 0.0023105723 0)
(-0.1440715 0.0013261187 0)
(-0.14350077 5.3288007e-05 0)
(-0.14307388 -0.0015129368 0)
(-0.14283372 -0.0033752883 0)
(-0.14283179 -0.005535543 0)
(-0.14311488 -0.0079876396 0)
(-0.143727 -0.010720787 0)
(-0.1447089 -0.013721068 0)
(-0.14609824 -0.016972949 0)
(-0.14793027 -0.02046068 0)
(-0.15023906 -0.024169559 0)
(-0.1530601 -0.028087028 0)
(-0.15643352 -0.032202196 0)
(-0.1604049 -0.036502676 0)
(-0.1650232 -0.040969956 0)
(-0.17033804 -0.045574133 0)
(-0.17639547 -0.050268048 0)
(-0.18322896 -0.05498391 0)
(-0.19084724 -0.059636606 0)
(-0.19922425 -0.064133274 0)
(-0.20829252 -0.068386131 0)
(-0.21793874 -0.072328791 0)
(-0.22800467 -0.075937549 0)
(-0.23829702 -0.079253877 0)
(-0.2486071 -0.082403948 0)
(-0.25874071 -0.085614413 0)
(-0.26855903 -0.08921955 0)
(-0.27802426 -0.093651092 0)
(-0.28724159 -0.099408655 0)
(-0.29649131 -0.10701408 0)
(-0.30624746 -0.11695324 0)
(-0.31717904 -0.12960839 0)
(-0.33013296 -0.14518546 0)
(-0.34609927 -0.1636384 0)
(-0.36615734 -0.18459127 0)
(-0.39139814 -0.20726131 0)
(-0.42280884 -0.23039227 0)
(-0.46109787 -0.25222223 0)
(-0.50645021 -0.27053285 0)
(-0.55824393 -0.28283645 0)
(-0.61482012 -0.2867309 0)
(-0.67345051 -0.28039352 0)
(-0.73060588 -0.26304604 0)
(-0.78250857 -0.23519877 0)
(-0.8257652 -0.19863221 0)
(-0.8578884 -0.15605126 0)
(-0.87756811 -0.11071789 0)
(-0.88478289 -0.066104515 0)
(-0.88087114 -0.02551432 0)
(-0.8678576 0.0085043586 0)
(-0.84849539 0.034831226 0)
(-0.82626623 0.052734216 0)
(-0.80422396 0.062661519 0)
(-0.78486413 0.066176959 0)
(-0.76975589 0.065633497 0)
(-0.75937026 0.063710894 0)
(-0.75310443 0.062947652 0)
(-0.74950062 0.065311521 0)
(-0.74665761 0.071868258 0)
(-0.74270994 0.082729616 0)
(-0.73621472 0.097250225 0)
(-0.72635397 0.114392 0)
(-0.71287789 0.13319801 0)
(-0.69580828 0.1531026 0)
(-0.6750728 0.17391466 0)
(-0.6502603 0.19557139 0)
(-0.62060868 0.21776543 0)
(-0.58528674 0.23958028 0)
(-0.54391344 0.25934573 0)
(-0.49705592 0.27492016 0)
(-0.44636921 0.28436603 0)
(-0.39421936 0.28663561 0)
(-0.34303527 0.2818306 0)
(-0.29479873 0.27094017 0)
(-0.25082529 0.2554151 0)
(-0.21178291 0.23679593 0)
(-0.17782474 0.21648475 0)
(-0.14874838 0.19562797 0)
(-0.12414253 0.17509059 0)
(-0.10349579 0.15547798 0)
(-0.086270293 0.13717522 0)
(-0.071949532 0.12039068 0)
(-0.060065839 0.10520587 0)
(-0.050210117 0.091614776 0)
(-0.042032878 0.07955375 0)
(-0.035240558 0.068924481 0)
(-0.029589209 0.059610551 0)
(-0.024876683 0.051489657 0)
(-0.020936654 0.044437291 0)
(-0.017633485 0.038334653 0)
(-0.014856188 0.033071441 0)
(-0.012513686 0.02854712 0)
(-0.010531043 0.024671363 0)
(-0.0088464041 0.021363982 0)
(-0.0074084824 0.01855456 0)
(-0.0061744921 0.016181902 0)
(-0.0051084896 0.014193372 0)
(-0.0041800523 0.012544173 0)
(-0.0033632019 0.01119667 0)
(-0.0026354898 0.010119788 0)
(-0.0019772128 0.0092885107 0)
(-0.0013706828 0.0086835233 0)
(-0.00080272096 0.0082884227 0)
(-0.00025457421 0.0077818316 0)
(0.0089017433 0.073046913 0)
(0.0040000367 0.14015737 0)
(0.0022426494 0.16794064 0)
(-0.0046614181 0.18940646 0)
(-0.01118856 0.20459114 0)
(-0.01666766 0.19975037 0)
(-0.017906266 0.16312717 0)
(-0.013568677 0.093468537 0)
(-0.0050335196 0.003008317 0)
(0.00056882623 -0.088609576 0)
(0.005488734 -0.17272101 0)
(0.0128806 -0.23744238 0)
(0.021801037 -0.25492478 0)
(0.025155275 -0.20767887 0)
(0.030377416 -0.11398331 0)
(0.022845965 -0.046961859 0)
(-0.0021910849 -0.035174841 0)
(-0.016269891 -0.032362186 0)
(-0.025532328 -0.03005476 0)
(-0.031483765 -0.028496155 0)
(-0.035613207 -0.027218082 0)
(-0.038692411 -0.025946279 0)
(-0.041210231 -0.024566115 0)
(-0.043433961 -0.023037605 0)
(-0.045477747 -0.021356245 0)
(-0.04735956 -0.019555731 0)
(-0.04906149 -0.017703909 0)
(-0.050571555 -0.015880598 0)
(-0.051897999 -0.014153784 0)
(-0.05306579 -0.012565809 0)
(-0.054106165 -0.011129537 0)
(-0.055046321 -0.0098333298 0)
(-0.055897294 -0.0086499482 0)
(-0.056640081 -0.0075556907 0)
(-0.057237841 -0.0065632451 0)
(-0.057688627 -0.0057286276 0)
(-0.058061512 -0.0051000989 0)
(-0.058453761 -0.0046613602 0)
(-0.058915102 -0.0043414505 0)
(-0.059432894 -0.0040747115 0)
(-0.059974674 -0.0038291581 0)
(-0.060519006 -0.003595257 0)
(-0.061054582 -0.0033757839 0)
(-0.061572988 -0.0031823191 0)
(-0.062067527 -0.0030294788 0)
(-0.062534801 -0.002930914 0)
(-0.062975285 -0.0028998817 0)
(-0.063392938 -0.0029507646 0)
(-0.063795756 -0.0030988126 0)
(-0.064196982 -0.003359295 0)
(-0.064616226 -0.0037459518 0)
(-0.065079645 -0.0042684899 0)
(-0.065618327 -0.0049296624 0)
(-0.066265016 -0.0057233664 0)
(-0.067050428 -0.0066351785 0)
(-0.068000645 -0.0076451274 0)
(-0.069137145 -0.008730777 0)
(-0.070478443 -0.0098690081 0)
(-0.072040719 -0.011036532 0)
(-0.073842105 -0.012205884 0)
(-0.075899905 -0.013342265 0)
(-0.078228026 -0.014402338 0)
(-0.080835507 -0.015328303 0)
(-0.083718209 -0.016047698 0)
(-0.086851464 -0.016472513 0)
(-0.090180197 -0.016502288 0)
(-0.093606952 -0.016032608 0)
(-0.096980941 -0.014973709 0)
(-0.10009936 -0.013281619 0)
(-0.10273112 -0.0109936 0)
(-0.10466021 -0.0082482652 0)
(-0.10573748 -0.0052786065 0)
(-0.10592324 -0.0023789529 0)
(-0.10529407 0.00016138472 0)
(-0.10406534 0.0020945893 0)
(-0.10252361 0.0033198488 0)
(-0.10092379 0.0038553775 0)
(-0.099467811 0.0038038336 0)
(-0.098283291 0.0033019788 0)
(-0.097435463 0.002487906 0)
(-0.096943441 0.0014831827 0)
(-0.096794693 0.00038573481 0)
(-0.096960657 -0.00073187094 0)
(-0.097403221 -0.0018174101 0)
(-0.098079708 -0.0028372175 0)
(-0.098950928 -0.0037718677 0)
(-0.099981032 -0.0046124321 0)
(-0.10113861 -0.0053574841 0)
(-0.10239697 -0.0060105129 0)
(-0.10373397 -0.0065777647 0)
(-0.10513164 -0.0070666174 0)
(-0.10657561 -0.0074845446 0)
(-0.1080545 -0.0078385611 0)
(-0.10955943 -0.0081349397 0)
(-0.11108336 -0.0083790943 0)
(-0.11262056 -0.0085755837 0)
(-0.1141661 -0.0087282525 0)
(-0.11571559 -0.0088405241 0)
(-0.11726524 -0.0089157439 0)
(-0.11881187 -0.0089574251 0)
(-0.12035306 -0.0089693201 0)
(-0.12188713 -0.0089553017 0)
(-0.1234132 -0.0089190795 0)
(-0.12493107 -0.0088637906 0)
(-0.12644119 -0.0087915141 0)
(-0.1279443 -0.0087028641 0)
(-0.12944087 -0.0085968722 0)
(-0.13093046 -0.0084710892 0)
(-0.13241143 -0.0083216636 0)
(-0.13388092 -0.0081433859 0)
(-0.13533491 -0.0079297562 0)
(-0.13676806 -0.0076729813 0)
(-0.13817321 -0.0073640913 0)
(-0.13954054 -0.0069936942 0)
(-0.14085725 -0.0065534867 0)
(-0.14210764 -0.0060380806 0)
(-0.14327374 -0.0054465782 0)
(-0.14433735 -0.0047834594 0)
(-0.14528211 -0.0040588381 0)
(-0.14609507 -0.0032884929 0)
(-0.14676874 -0.0024918122 0)
(-0.14730161 -0.0016900527 0)
(-0.1476966 -0.00090413679 0)
(-0.14796055 -0.00015350497 0)
(-0.14810325 0.00054715061 0)
(-0.14813452 0.0011867816 0)
(-0.14806364 0.0017564331 0)
(-0.1478993 0.0022482293 0)
(-0.1476488 0.0026536859 0)
(-0.14731871 0.0029622992 0)
(-0.14691728 0.0031594324 0)
(-0.14645621 0.0032267859 0)
(-0.14595265 0.0031431885 0)
(-0.14542982 0.0028858356 0)
(-0.1449132 0.0024339034 0)
(-0.14443298 0.0017658324 0)
(-0.14402763 0.00086538534 0)
(-0.14373112 -0.00028112359 0)
(-0.14358035 -0.0016750621 0)
(-0.143621 -0.0033226108 0)
(-0.14389681 -0.0052230832 0)
(-0.14445013 -0.0073712121 0)
(-0.14532192 -0.0097577007 0)
(-0.14655156 -0.012370709 0)
(-0.14817687 -0.015197374 0)
(-0.15023415 -0.018224868 0)
(-0.15275831 -0.021440928 0)
(-0.15578398 -0.024833755 0)
(-0.15934721 -0.028390638 0)
(-0.16348655 -0.032095337 0)
(-0.16824232 -0.035925522 0)
(-0.17365367 -0.039850773 0)
(-0.17975348 -0.043830572 0)
(-0.18656183 -0.047813448 0)
(-0.19407918 -0.051739792 0)
(-0.20228104 -0.055548895 0)
(-0.2111141 -0.059188884 0)
(-0.22049504 -0.062629181 0)
(-0.23031372 -0.06587544 0)
(-0.24044276 -0.068984735 0)
(-0.25075353 -0.072078267 0)
(-0.26113914 -0.075349585 0)
(-0.27154372 -0.079064826 0)
(-0.28199375 -0.083551081 0)
(-0.29262631 -0.089172169 0)
(-0.30370948 -0.096293051 0)
(-0.31565187 -0.10523496 0)
(-0.32899875 -0.116224 0)
(-0.34441342 -0.1293368 0)
(-0.36264194 -0.14444509 0)
(-0.38445918 -0.16116187 0)
(-0.41059192 -0.17879375 0)
(-0.44161205 -0.19630878 0)
(-0.47779579 -0.21233845 0)
(-0.51896132 -0.22524313 0)
(-0.56432208 -0.23326842 0)
(-0.61241737 -0.23479786 0)
(-0.66117554 -0.2286635 0)
(-0.70811426 -0.21442252 0)
(-0.750679 -0.19250308 0)
(-0.78658597 -0.16418115 0)
(-0.81412803 -0.13139981 0)
(-0.8323971 -0.096499446 0)
(-0.84138058 -0.061953079 0)
(-0.84190713 -0.03005489 0)
(-0.83531165 -0.0025183215 0)
(-0.82354794 0.0193325 0)
(-0.80892006 0.035159801 0)
(-0.79352262 0.045343928 0)
(-0.7790921 0.050952747 0)
(-0.76677 0.053561336 0)
(-0.75697838 0.054970056 0)
(-0.74942547 0.056893283 0)
(-0.74324881 0.060677707 0)
(-0.73727206 0.067113116 0)
(-0.73029144 0.076401322 0)
(-0.72130665 0.088265865 0)
(-0.70963961 0.10216291 0)
(-0.69491186 0.11752271 0)
(-0.67691251 0.13391359 0)
(-0.65543 0.15104408 0)
(-0.63014558 0.16863497 0)
(-0.60065851 0.18622774 0)
(-0.56665745 0.20301396 0)
(-0.52818264 0.21781321 0)
(-0.48584038 0.22927022 0)
(-0.4408301 0.23621649 0)
(-0.39474304 0.23801047 0)
(-0.34923731 0.23466747 0)
(-0.30574814 0.22675818 0)
(-0.26532821 0.215194 0)
(-0.22861737 0.20101176 0)
(-0.19589137 0.18521546 0)
(-0.16714591 0.16867912 0)
(-0.14218622 0.15210467 0)
(-0.12070338 0.13601716 0)
(-0.10233255 0.12078051 0)
(-0.086694955 0.10662212 0)
(-0.073425332 0.09366251 0)
(-0.062186986 0.081942858 0)
(-0.052678782 0.071448188 0)
(-0.044637015 0.062126164 0)
(-0.037834004 0.053901527 0)
(-0.032074918 0.046686682 0)
(-0.027194294 0.040388498 0)
(-0.023052481 0.03491418 0)
(-0.019531827 0.030174812 0)
(-0.016533239 0.026087425 0)
(-0.013973192 0.022576107 0)
(-0.01178114 0.019572504 0)
(-0.009897319 0.017015907 0)
(-0.0082708865 0.014853052 0)
(-0.0068583881 0.013037738 0)
(-0.0056224604 0.011530375 0)
(-0.0045307154 0.010297519 0)
(-0.0035547675 0.0093114592 0)
(-0.0026693997 0.0085498173 0)
(-0.0018517649 0.0079953407 0)
(-0.0010843817 0.0076343209 0)
(-0.00034351574 0.0071654346 0)
(0.018180206 0.059747392 0)
(0.026674804 0.13811247 0)
(0.033732185 0.16948582 0)
(0.036812884 0.1901952 0)
(0.043736768 0.20297648 0)
(0.054147972 0.19570003 0)
(0.067465919 0.15721095 0)
(0.081005324 0.087108066 0)
(0.092151831 -0.0021567158 0)
(0.097578396 -0.091228556 0)
(0.097281433 -0.17340603 0)
(0.09648486 -0.23700012 0)
(0.08956526 -0.2523676 0)
(0.070900878 -0.20277545 0)
(0.051692622 -0.10589708 0)
(0.034640913 -0.026438773 0)
(0.0054553836 -0.01249403 0)
(-0.013541879 -0.018368347 0)
(-0.024947827 -0.021485088 0)
(-0.031670037 -0.023211619 0)
(-0.035763664 -0.023751196 0)
(-0.038462684 -0.023382529 0)
(-0.040527041 -0.022407245 0)
(-0.042346477 -0.021059159 0)
(-0.044078753 -0.019492615 0)
(-0.045755542 -0.017813974 0)
(-0.047357019 -0.016106699 0)
(-0.048856608 -0.014439422 0)
(-0.050238461 -0.012864161 0)
(-0.051499451 -0.011413159 0)
(-0.052644948 -0.010098553 0)
(-0.053683079 -0.0089159872 0)
(-0.054617458 -0.0078505118 0)
(-0.055440458 -0.0068876612 0)
(-0.056140377 -0.0060300474 0)
(-0.056726228 -0.0053002027 0)
(-0.05724217 -0.0047154255 0)
(-0.05774677 -0.004259988 0)
(-0.058277755 -0.0038925443 0)
(-0.058840537 -0.0035767487 0)
(-0.059422532 -0.0032963766 0)
(-0.060009009 -0.0030484196 0)
(-0.060589357 -0.0028343556 0)
(-0.061156995 -0.0026580622 0)
(-0.061707875 -0.0025261904 0)
(-0.062240179 -0.0024480539 0)
(-0.06275487 -0.0024344026 0)
(-0.063256268 -0.0024965812 0)
(-0.063752518 -0.0026458574 0)
(-0.064256154 -0.0028925724 0)
(-0.064784542 -0.0032450013 0)
(-0.065359692 -0.0037078455 0)
(-0.066006992 -0.0042807013 0)
(-0.066753045 -0.0049571757 0)
(-0.067623384 -0.0057252247 0)
(-0.068640528 -0.0065687429 0)
(-0.069823564 -0.0074691983 0)
(-0.071189307 -0.0084062692 0)
(-0.072751084 -0.009358302 0)
(-0.07452093 -0.01029996 0)
(-0.0765088 -0.011199064 0)
(-0.078718693 -0.01201747 0)
(-0.081147324 -0.012706768 0)
(-0.083778922 -0.013209238 0)
(-0.086579589 -0.013458619 0)
(-0.089491697 -0.013384323 0)
(-0.092427621 -0.012919252 0)
(-0.095266369 -0.012013282 0)
(-0.097859715 -0.010652574 0)
(-0.10005036 -0.0088788454 0)
(-0.10169833 -0.0067984739 0)
(-0.10271179 -0.0045752338 0)
(-0.10307 -0.0024053212 0)
(-0.10283806 -0.00048217448 0)
(-0.10215356 0.0010268514 0)
(-0.10119832 0.0020514989 0)
(-0.10015631 0.0025857687 0)
(-0.099175971 0.0026820529 0)
(-0.09836371 0.0024233241 0)
(-0.097783932 0.0019010915 0)
(-0.097466661 0.0012016529 0)
(-0.097416715 0.00039989526 0)
(-0.097623992 -0.00044455045 0)
(-0.098064704 -0.0012894291 0)
(-0.098709058 -0.0021028136 0)
(-0.099528967 -0.0028648444 0)
(-0.10049663 -0.0035638615 0)
(-0.10158644 -0.0041946921 0)
(-0.10277562 -0.0047568837 0)
(-0.10404448 -0.0052529231 0)
(-0.10537637 -0.0056866987 0)
(-0.10675753 -0.0060626025 0)
(-0.1081767 -0.0063850678 0)
(-0.10962477 -0.0066582885 0)
(-0.1110944 -0.006886099 0)
(-0.11257962 -0.0070719148 0)
(-0.11407542 -0.007218726 0)
(-0.11557762 -0.0073292046 0)
(-0.11708271 -0.0074059215 0)
(-0.11858786 -0.0074515787 0)
(-0.12009094 -0.0074691397 0)
(-0.12159048 -0.0074617716 0)
(-0.12308558 -0.0074326231 0)
(-0.12457566 -0.0073845011 0)
(-0.12606028 -0.0073195086 0)
(-0.12753879 -0.0072386821 0)
(-0.12900992 -0.0071417358 0)
(-0.13047151 -0.0070269842 0)
(-0.13192046 -0.0068913586 0)
(-0.13335276 -0.0067304782 0)
(-0.13476348 -0.0065387632 0)
(-0.13614656 -0.0063096512 0)
(-0.13749451 -0.0060361092 0)
(-0.13879824 -0.0057113429 0)
(-0.14004696 -0.0053295468 0)
(-0.14122831 -0.0048871218 0)
(-0.14232874 -0.0043840771 0)
(-0.14333482 -0.0038244502 0)
(-0.14423512 -0.0032162838 0)
(-0.14502112 -0.0025717681 0)
(-0.14568737 -0.0019058764 0)
(-0.14623192 -0.0012354484 0)
(-0.14665792 -0.00057516896 0)
(-0.14697205 5.7411687e-05 0)
(-0.14717923 0.00064932215 0)
(-0.14728589 0.0011896857 0)
(-0.14730166 0.0016689816 0)
(-0.14723474 0.0020786074 0)
(-0.14709243 0.0024101056 0)
(-0.14688324 0.0026537033 0)
(-0.14661835 0.0027971822 0)
(-0.14631135 0.0028258154 0)
(-0.14598016 0.0027226072 0)
(-0.14564502 0.0024698231 0)
(-0.14533108 0.0020496954 0)
(-0.14506821 0.0014455208 0)
(-0.14488721 0.0006435569 0)
(-0.14481839 -0.00036260944 0)
(-0.1448954 -0.0015835738 0)
(-0.1451583 -0.0030184688 0)
(-0.14564725 -0.0046669323 0)
(-0.14640101 -0.0065248902 0)
(-0.14745771 -0.0085841458 0)
(-0.14885509 -0.010833826 0)
(-0.15063038 -0.013261708 0)
(-0.1528202 -0.015854985 0)
(-0.15546077 -0.018600685 0)
(-0.15858837 -0.021485825 0)
(-0.16223953 -0.02449686 0)
(-0.16645032 -0.027618142 0)
(-0.17125502 -0.030829837 0)
(-0.17668425 -0.034106093 0)
(-0.18276218 -0.037414207 0)
(-0.18950246 -0.040715556 0)
(-0.19690397 -0.043968879 0)
(-0.20494761 -0.047135741 0)
(-0.21359489 -0.050187967 0)
(-0.22278872 -0.053116888 0)
(-0.23245747 -0.055943727 0)
(-0.24252322 -0.05872941 0)
(-0.25291462 -0.061582133 0)
(-0.26358437 -0.064661066 0)
(-0.27452977 -0.06817373 0)
(-0.28581362 -0.072364942 0)
(-0.29758239 -0.077497002 0)
(-0.31007824 -0.083822013 0)
(-0.32364248 -0.09154798 0)
(-0.33870882 -0.10080072 0)
(-0.35578472 -0.11158357 0)
(-0.37541892 -0.12373716 0)
(-0.39815362 -0.13690242 0)
(-0.42445912 -0.15049154 0)
(-0.45464928 -0.16367554 0)
(-0.48877895 -0.1754028 0)
(-0.526537 -0.18446612 0)
(-0.56716327 -0.18962915 0)
(-0.60942923 -0.18980671 0)
(-0.65170934 -0.18426119 0)
(-0.69213646 -0.17276283 0)
(-0.72883632 -0.15567945 0)
(-0.76015477 -0.13393318 0)
(-0.78485729 -0.10891053 0)
(-0.80227549 -0.082272293 0)
(-0.8123673 -0.055756855 0)
(-0.81568107 -0.030949147 0)
(-0.81320692 -0.0091055524 0)
(-0.80629495 0.008814818 0)
(-0.79650961 0.022497274 0)
(-0.785354 0.032173104 0)
(-0.77408908 0.038555336 0)
(-0.76356988 0.042700774 0)
(-0.75416334 0.045822562 0)
(-0.74575285 0.049086509 0)
(-0.73782969 0.053428551 0)
(-0.7296538 0.059437995 0)
(-0.72043072 0.067334759 0)
(-0.70945455 0.077029736 0)
(-0.69618655 0.088243935 0)
(-0.68025383 0.10063333 0)
(-0.66139358 0.11387152 0)
(-0.6393829 0.1276588 0)
(-0.61399928 0.14166025 0)
(-0.58504965 0.15541453 0)
(-0.55247059 0.16826612 0)
(-0.51646085 0.1793838 0)
(-0.47757604 0.18788797 0)
(-0.43672378 0.19304718 0)
(-0.39504545 0.19445386 0)
(-0.3537341 0.19209687 0)
(-0.31386365 0.18631867 0)
(-0.27627937 0.17770401 0)
(-0.24155794 0.1669546 0)
(-0.21001927 0.15478393 0)
(-0.18176787 0.14184402 0)
(-0.15674564 0.12868486 0)
(-0.13478313 0.11573991 0)
(-0.11564309 0.10332804 0)
(-0.099054654 0.091665628 0)
(-0.084738014 0.080883798 0)
(-0.072420799 0.071046776 0)
(-0.061847897 0.0621687 0)
(-0.052786629 0.05422814 0)
(-0.045028685 0.047179892 0)
(-0.038390003 0.040964122 0)
(-0.032709567 0.035513086 0)
(-0.02784759 0.03075629 0)
(-0.023683307 0.026624035 0)
(-0.020112675 0.023049755 0)
(-0.017046172 0.019971469 0)
(-0.014406754 0.017332602 0)
(-0.012128043 0.015082346 0)
(-0.010152741 0.013175705 0)
(-0.0084312269 0.01157334 0)
(-0.0069203161 0.010241332 0)
(-0.005582149 0.0091509035 0)
(-0.0043832166 0.0082781241 0)
(-0.0032935132 0.0076036097 0)
(-0.0022856842 0.007112433 0)
(-0.001338403 0.0067935119 0)
(-0.00042367676 0.0063744238 0)
(0.019546452 0.030651333 0)
(0.045150719 0.12100409 0)
(0.063105148 0.1618113 0)
(0.076096496 0.17955383 0)
(0.09378317 0.18663496 0)
(0.11686023 0.17621606 0)
(0.14158835 0.13881618 0)
(0.16258085 0.07406943 0)
(0.17624317 -0.0069222118 0)
(0.17960053 -0.090380124 0)
(0.17530668 -0.16832166 0)
(0.16627909 -0.22596464 0)
(0.1418975 -0.23271796 0)
(0.10079694 -0.17643974 0)
(0.062545613 -0.07957327 0)
(0.035754199 0.00092250946 0)
(0.0072450821 0.012613748 0)
(-0.011715415 -0.0020225641 0)
(-0.023725804 -0.01193863 0)
(-0.030651757 -0.017846936 0)
(-0.03486722 -0.020664501 0)
(-0.037594426 -0.02135098 0)
(-0.039605243 -0.020765804 0)
(-0.041327382 -0.01950803 0)
(-0.042961104 -0.017935955 0)
(-0.04457153 -0.016253446 0)
(-0.046155818 -0.014578653 0)
(-0.047687809 -0.012981729 0)
(-0.049140442 -0.011502834 0)
(-0.050494108 -0.010161124 0)
(-0.051737875 -0.008959689 0)
(-0.052867724 -0.0078897786 0)
(-0.053882914 -0.0069356998 0)
(-0.054782938 -0.006082252 0)
(-0.055571117 -0.0053240639 0)
(-0.056264855 -0.0046670045 0)
(-0.056899477 -0.0041160917 0)
(-0.057515557 -0.0036623177 0)
(-0.058140893 -0.0032842059 0)
(-0.058784809 -0.0029604378 0)
(-0.059444506 -0.0026782996 0)
(-0.060112343 -0.0024337575 0)
(-0.060779713 -0.0022280981 0)
(-0.061439064 -0.0020649308 0)
(-0.062085055 -0.0019494233 0)
(-0.062715047 -0.0018880541 0)
(-0.063329509 -0.0018882394 0)
(-0.063932495 -0.0019576437 0)
(-0.064531998 -0.0021034373 0)
(-0.065140132 -0.002331635 0)
(-0.065773009 -0.0026464602 0)
(-0.06645022 -0.003049484 0)
(-0.067193773 -0.0035386859 0)
(-0.06802654 -0.0041078608 0)
(-0.068970706 -0.0047466644 0)
(-0.070046186 -0.005441678 0)
(-0.071269777 -0.0061775196 0)
(-0.072655932 -0.0069369917 0)
(-0.074214828 -0.0077010615 0)
(-0.075953277 -0.0084479628 0)
(-0.077874834 -0.0091506031 0)
(-0.079975925 -0.0097768127 0)
(-0.082245082 -0.010287962 0)
(-0.084659608 -0.010639363 0)
(-0.087182103 -0.010782267 0)
(-0.089757894 -0.010667726 0)
(-0.092312541 -0.010252728 0)
(-0.094752114 -0.0095098317 0)
(-0.096969258 -0.0084391031 0)
(-0.098855999 -0.0070781783 0)
(-0.10032159 -0.0055061759 0)
(-0.10131126 -0.0038380568 0)
(-0.1018199 -0.0022072957 0)
(-0.10189836 -0.00074686482 0)
(-0.10164105 0.00043795765 0)
(-0.10116832 0.0012882853 0)
(-0.10061052 0.0017903596 0)
(-0.10007785 0.0019692057 0)
(-0.099653515 0.0018739798 0)
(-0.099393129 0.0015641615 0)
(-0.099327694 0.001099101 0)
(-0.099468407 0.00053272482 0)
(-0.099816739 -8.9768829e-05 0)
(-0.10035911 -0.00073035097 0)
(-0.10107123 -0.0013650243 0)
(-0.10193293 -0.001974019 0)
(-0.10292246 -0.0025443974 0)
(-0.10401961 -0.0030685377 0)
(-0.10520602 -0.0035436214 0)
(-0.10646518 -0.0039697588 0)
(-0.10778261 -0.0043481705 0)
(-0.10914612 -0.0046807125 0)
(-0.11054558 -0.0049696397 0)
(-0.11197272 -0.0052172366 0)
(-0.11342091 -0.0054257853 0)
(-0.1148848 -0.0055974963 0)
(-0.11635999 -0.0057344261 0)
(-0.11784281 -0.0058384742 0)
(-0.11933027 -0.0059115589 0)
(-0.12082007 -0.0059558031 0)
(-0.12231056 -0.0059736323 0)
(-0.12380058 -0.0059677203 0)
(-0.12528928 -0.0059408934 0)
(-0.12677576 -0.0058959047 0)
(-0.12825887 -0.0058350997 0)
(-0.12973695 -0.0057600701 0)
(-0.13120766 -0.0056713409 0)
(-0.13266781 -0.0055681689 0)
(-0.13411328 -0.0054483375 0)
(-0.13553914 -0.005308134 0)
(-0.1369398 -0.0051426464 0)
(-0.1383092 -0.0049462178 0)
(-0.13964067 -0.0047130758 0)
(-0.14092624 -0.0044378573 0)
(-0.14215667 -0.0041159978 0)
(-0.14332235 -0.0037446376 0)
(-0.14441331 -0.0033238499 0)
(-0.14541988 -0.0028567899 0)
(-0.14633421 -0.0023496594 0)
(-0.14715031 -0.001811947 0)
(-0.14786519 -0.0012555036 0)
(-0.14847691 -0.00069664304 0)
(-0.14898874 -0.00014649009 0)
(-0.14940452 0.00038292071 0)
(-0.14972616 0.00088024121 0)
(-0.14995963 0.0013333277 0)
(-0.15011181 0.0017330682 0)
(-0.15019006 0.0020710973 0)
(-0.15020209 0.0023393178 0)
(-0.15015679 0.0025292327 0)
(-0.15006516 0.0026314662 0)
(-0.14994086 0.002634366 0)
(-0.1498007 0.002524678 0)
(-0.14966532 0.0022881349 0)
(-0.14955607 0.0019077706 0)
(-0.14949671 0.0013704463 0)
(-0.14951353 0.00066618978 0)
(-0.14963571 -0.00021253524 0)
(-0.1498888 -0.0012745067 0)
(-0.15030521 -0.0025058354 0)
(-0.15092523 -0.0039130608 0)
(-0.1517842 -0.0054939877 0)
(-0.1529181 -0.0072397129 0)
(-0.15436473 -0.0091390317 0)
(-0.15616288 -0.011180318 0)
(-0.15835127 -0.013351901 0)
(-0.16096818 -0.015641838 0)
(-0.16405146 -0.018037613 0)
(-0.16763858 -0.020525592 0)
(-0.17176612 -0.023090219 0)
(-0.1764684 -0.025713258 0)
(-0.18177553 -0.028373207 0)
(-0.18771101 -0.031045156 0)
(-0.19428942 -0.033701519 0)
(-0.20151423 -0.036314831 0)
(-0.20937622 -0.038862092 0)
(-0.21785325 -0.04133038 0)
(-0.22691191 -0.043723466 0)
(-0.23651172 -0.046068919 0)
(-0.24661186 -0.048424577 0)
(-0.25718074 -0.050882986 0)
(-0.26820807 -0.053572454 0)
(-0.27971822 -0.056653213 0)
(-0.29178315 -0.060307585 0)
(-0.30453296 -0.064723877 0)
(-0.31816201 -0.070074614 0)
(-0.33293 -0.07649045 0)
(-0.34915672 -0.084031718 0)
(-0.36720912 -0.092659667 0)
(-0.38747794 -0.10220983 0)
(-0.41034117 -0.11237013 0)
(-0.43611129 -0.12266703 0)
(-0.46496605 -0.13246445 0)
(-0.49686754 -0.14098384 0)
(-0.53148413 -0.14735616 0)
(-0.56813994 -0.15071259 0)
(-0.60581577 -0.15030965 0)
(-0.64321313 -0.14566003 0)
(-0.67888186 -0.13663588 0)
(-0.71138321 -0.12353195 0)
(-0.73945422 -0.10702571 0)
(-0.76215458 -0.088115292 0)
(-0.77895937 -0.067987327 0)
(-0.78979997 -0.047874345 0)
(-0.79503111 -0.02890001 0)
(-0.79535528 -0.011967939 0)
(-0.79175267 0.0022909288 0)
(-0.78533335 0.013628254 0)
(-0.77717863 0.022165539 0)
(-0.76821376 0.028362544 0)
(-0.75908892 0.032914865 0)
(-0.75012117 0.036631075 0)
(-0.74129659 0.040299992 0)
(-0.73232628 0.044571265 0)
(-0.72274492 0.049879436 0)
(-0.712023 0.056426055 0)
(-0.69965846 0.064210153 0)
(-0.68523121 0.073091258 0)
(-0.66841502 0.08285695 0)
(-0.64896133 0.093265433 0)
(-0.62667627 0.10405378 0)
(-0.60141301 0.11491093 0)
(-0.57309833 0.12543924 0)
(-0.5417914 0.13513463 0)
(-0.50775044 0.14341445 0)
(-0.4714715 0.14969815 0)
(-0.43367166 0.15351661 0)
(-0.3952139 0.15460624 0)
(-0.3569989 0.15295016 0)
(-0.31986001 0.14875961 0)
(-0.28448779 0.14241453 0)
(-0.25139309 0.1343897 0)
(-0.22090303 0.12518666 0)
(-0.19317925 0.11528145 0)
(-0.16824808 0.10509131 0)
(-0.14603406 0.094958195 0)
(-0.12639135 0.08514496 0)
(-0.1091305 0.075839917 0)
(-0.094039587 0.067166402 0)
(-0.080899869 0.059194379 0)
(-0.069496542 0.051952128 0)
(-0.059625692 0.045436931 0)
(-0.051098302 0.039624217 0)
(-0.04374221 0.03447498 0)
(-0.037402685 0.029941565 0)
(-0.03194208 0.025972079 0)
(-0.027238851 0.022513632 0)
(-0.023186221 0.019514592 0)
(-0.019690688 0.016926099 0)
(-0.016670543 0.014702985 0)
(-0.014054441 0.012804257 0)
(-0.011780071 0.011193297 0)
(-0.0097929004 0.0098378717 0)
(-0.0080450028 0.0087100505 0)
(-0.0064940002 0.0077860458 0)
(-0.0051021192 0.0070460096 0)
(-0.0038353418 0.0064738107 0)
(-0.0026625054 0.006057047 0)
(-0.0015589655 0.0057871147 0)
(-0.00049323228 0.0054288027 0)
(0.0080323481 -0.0027215739 0)
(0.04703156 0.087940895 0)
(0.07961341 0.14104108 0)
(0.10512698 0.15955375 0)
(0.13203755 0.16037537 0)
(0.1632527 0.1458201 0)
(0.19486355 0.11089911 0)
(0.22048248 0.055031612 0)
(0.23536404 -0.01435345 0)
(0.23741499 -0.088077731 0)
(0.23020627 -0.15774353 0)
(0.20911691 -0.20189351 0)
(0.16218765 -0.19280313 0)
(0.10067983 -0.13009225 0)
(0.053267938 -0.03973007 0)
(0.025627092 0.029646356 0)
(0.0053844536 0.033565937 0)
(-0.0069239066 0.01215394 0)
(-0.015972324 -0.0030292627 0)
(-0.021340318 -0.012649296 0)
(-0.025856835 -0.017318635 0)
(-0.029799401 -0.01883165 0)
(-0.033258407 -0.018643929 0)
(-0.036294051 -0.017586316 0)
(-0.03898231 -0.016116494 0)
(-0.041398005 -0.014498718 0)
(-0.043596739 -0.012888277 0)
(-0.045610449 -0.011372491 0)
(-0.047454417 -0.009994451 0)
(-0.049134923 -0.0087697278 0)
(-0.050654784 -0.0076953802 0)
(-0.052017251 -0.0067562548 0)
(-0.053227971 -0.0059305064 0)
(-0.054296269 -0.0051962266 0)
(-0.055238265 -0.0045386341 0)
(-0.056080762 -0.0039525249 0)
(-0.056859963 -0.0034368178 0)
(-0.057612426 -0.0029873282 0)
(-0.058364678 -0.0025960659 0)
(-0.05912927 -0.0022554614 0)
(-0.059907677 -0.0019612594 0)
(-0.060695141 -0.0017125432 0)
(-0.061484185 -0.001510668 0)
(-0.062267316 -0.0013575072 0)
(-0.063038786 -0.0012563762 0)
(-0.063795415 -0.0012108068 0)
(-0.064537446 -0.0012244972 0)
(-0.065269011 -0.0013012634 0)
(-0.065998149 -0.0014444477 0)
(-0.066736584 -0.0016563772 0)
(-0.067499274 -0.0019380873 0)
(-0.068303835 -0.0022889629 0)
(-0.069169786 -0.0027054654 0)
(-0.070117424 -0.0031810805 0)
(-0.071166708 -0.0037067828 0)
(-0.072335855 -0.0042715214 0)
(-0.073639942 -0.0048631097 0)
(-0.07509112 -0.0054678661 0)
(-0.076696789 -0.0060701898 0)
(-0.078459828 -0.0066529323 0)
(-0.080378467 -0.0071945763 0)
(-0.082443489 -0.0076695238 0)
(-0.084637936 -0.0080482192 0)
(-0.086934945 -0.0082970187 0)
(-0.089296393 -0.0083805553 0)
(-0.091671848 -0.008264684 0)
(-0.093998507 -0.007920889 0)
(-0.096203367 -0.0073334524 0)
(-0.098208323 -0.006507235 0)
(-0.099939222 -0.0054725259 0)
(-0.10133827 -0.0042857795 0)
(-0.10237583 -0.003026051 0)
(-0.10305773 -0.0017857361 0)
(-0.10342599 -0.00065562505 0)
(-0.10354588 0.0002883563 0)
(-0.10349499 0.0010019043 0)
(-0.10336916 0.001468651 0)
(-0.10325011 0.0016967296 0)
(-0.10320398 0.0017120393 0)
(-0.1032764 0.0015519063 0)
(-0.10349422 0.0012585718 0)
(-0.10387113 0.00087096317 0)
(-0.10441038 0.00042186686 0)
(-0.10510833 -5.7552693e-05 0)
(-0.10595524 -0.00054706418 0)
(-0.1069296 -0.0010291062 0)
(-0.10801245 -0.0014904632 0)
(-0.10918908 -0.0019216058 0)
(-0.11044603 -0.0023193555 0)
(-0.11176975 -0.0026829403 0)
(-0.11314768 -0.0030114319 0)
(-0.11456925 -0.0033047086 0)
(-0.11602552 -0.0035634486 0)
(-0.11750905 -0.0037881398 0)
(-0.11901396 -0.003979691 0)
(-0.12053554 -0.0041392251 0)
(-0.12206995 -0.0042680655 0)
(-0.12361404 -0.0043675396 0)
(-0.12516539 -0.0044389879 0)
(-0.12672209 -0.004483778 0)
(-0.12828259 -0.0045035998 0)
(-0.1298456 -0.0045006127 0)
(-0.13140997 -0.004477477 0)
(-0.13297432 -0.0044371094 0)
(-0.13453676 -0.0043821883 0)
(-0.13609487 -0.004314774 0)
(-0.13764564 -0.0042359838 0)
(-0.13918527 -0.0041459619 0)
(-0.14070895 -0.0040434265 0)
(-0.14221127 -0.0039253585 0)
(-0.14368657 -0.0037875142 0)
(-0.14512901 -0.0036250339 0)
(-0.14653242 -0.0034331854 0)
(-0.14788986 -0.0032074158 0)
(-0.14919376 -0.0029436959 0)
(-0.15043669 -0.0026394034 0)
(-0.15161145 -0.0022946776 0)
(-0.15271111 -0.0019120646 0)
(-0.15373038 -0.0014960364 0)
(-0.15466539 -0.0010534086 0)
(-0.15551598 -0.00059402381 0)
(-0.15627632 -0.00012580981 0)
(-0.15693954 0.00033267251 0)
(-0.15751226 0.00077287073 0)
(-0.15799868 0.0011840671 0)
(-0.15840265 0.0015564773 0)
(-0.15872987 0.0018818642 0)
(-0.15898753 0.0021526749 0)
(-0.15918293 0.0023619141 0)
(-0.159325 0.0025026631 0)
(-0.15942563 0.0025674808 0)
(-0.15949859 0.002547341 0)
(-0.15955953 0.0024307079 0)
(-0.15962722 0.0022055825 0)
(-0.1597214 0.0018606518 0)
(-0.15986159 0.0013827139 0)
(-0.16007079 0.0007623927 0)
(-0.16037683 -4.0977382e-06 0)
(-0.16079051 -0.00090924851 0)
(-0.16134189 -0.0019544139 0)
(-0.16208276 -0.0031559795 0)
(-0.16303743 -0.0045047746 0)
(-0.16423705 -0.0059843281 0)
(-0.16571944 -0.0075788805 0)
(-0.16752491 -0.0092748091 0)
(-0.16969411 -0.011059727 0)
(-0.1722675 -0.012921379 0)
(-0.17528532 -0.014847575 0)
(-0.17878722 -0.016826031 0)
(-0.18281171 -0.018843626 0)
(-0.18739537 -0.020885595 0)
(-0.19257169 -0.022935132 0)
(-0.19836939 -0.024973876 0)
(-0.20481103 -0.026982203 0)
(-0.21191184 -0.028942351 0)
(-0.2196786 -0.030841685 0)
(-0.22810971 -0.032676769 0)
(-0.23719663 -0.034458169 0)
(-0.246927 -0.036215542 0)
(-0.25728933 -0.038002078 0)
(-0.26827925 -0.039897326 0)
(-0.27990655 -0.042007317 0)
(-0.29220221 -0.044460834 0)
(-0.30522431 -0.047400863 0)
(-0.31906205 -0.050970803 0)
(-0.33383744 -0.055295804 0)
(-0.34970487 -0.060460389 0)
(-0.36684874 -0.066484379 0)
(-0.38547847 -0.073300145 0)
(-0.40581975 -0.080734999 0)
(-0.42809796 -0.088502359 0)
(-0.45250887 -0.096203985 0)
(-0.47917252 -0.10334444 0)
(-0.50807132 -0.10935806 0)
(-0.53898251 -0.11365071 0)
(-0.57142559 -0.11565788 0)
(-0.60464477 -0.11491741 0)
(-0.63764072 -0.11114278 0)
(-0.66926927 -0.10427982 0)
(-0.69836618 -0.094542775 0)
(-0.72388325 -0.082403759 0)
(-0.74502099 -0.068547734 0)
(-0.76129936 -0.053791874 0)
(-0.77259338 -0.038986828 0)
(-0.77911884 -0.024914303 0)
(-0.78137356 -0.012216321 0)
(-0.78005859 -0.0013291368 0)
(-0.77598191 0.0075774831 0)
(-0.76994519 0.014566629 0)
(-0.76264307 0.019934671 0)
(-0.75458425 0.024127242 0)
(-0.74604332 0.027672746 0)
(-0.73706274 0.031095771 0)
(-0.72748813 0.034839566 0)
(-0.71702736 0.039215266 0)
(-0.70532211 0.04438695 0)
(-0.69200999 0.050386555 0)
(-0.67676538 0.0571457 0)
(-0.65931774 0.064531902 0)
(-0.63945532 0.072371331 0)
(-0.61702507 0.080455871 0)
(-0.59193915 0.088533245 0)
(-0.56419687 0.096294056 0)
(-0.533919 0.10337117 0)
(-0.50138023 0.1093647 0)
(-0.46702184 0.11389251 0)
(-0.43143276 0.11665221 0)
(-0.3952988 0.11747286 0)
(-0.3593339 0.11633877 0)
(-0.32421157 0.11338123 0)
(-0.29051147 0.10884601 0)
(-0.25868812 0.1030497 0)
(-0.22906076 0.096336564 0)
(-0.20181939 0.089042904 0)
(-0.17704142 0.081472068 0)
(-0.15471317 0.073880126 0)
(-0.13475231 0.06647028 0)
(-0.1170286 0.05939367 0)
(-0.10138151 0.052754265 0)
(-0.087634438 0.04661593 0)
(-0.075605459 0.041010164 0)
(-0.065115047 0.035943594 0)
(-0.055991336 0.031404651 0)
(-0.048073425 0.027369209 0)
(-0.041213233 0.023805113 0)
(-0.035276238 0.020675749 0)
(-0.030141437 0.017942729 0)
(-0.025700772 0.01556785 0)
(-0.021858266 0.013514434 0)
(-0.018529007 0.011748187 0)
(-0.015638072 0.010237697 0)
(-0.013119402 0.0089547017 0)
(-0.010914691 0.0078741898 0)
(-0.0089723094 0.0069744024 0)
(-0.0072463142 0.006236745 0)
(-0.0056955453 0.0056456491 0)
(-0.0042827707 0.0051884226 0)
(-0.0029737397 0.0048553324 0)
(-0.001741055 0.004640068 0)
(-0.00055058908 0.0043521169 0)
(-0.0057656656 -0.023190761 0)
(0.029941199 0.048019335 0)
(0.072483232 0.10390489 0)
(0.11282287 0.12699717 0)
(0.15161629 0.12677388 0)
(0.1902897 0.11076263 0)
(0.22600127 0.079709085 0)
(0.25315962 0.034127286 0)
(0.26678472 -0.021718062 0)
(0.26761348 -0.082903466 0)
(0.2522673 -0.1371609 0)
(0.2085079 -0.15851799 0)
(0.13620916 -0.13088685 0)
(0.064886721 -0.069682853 0)
(0.023982059 0.0029840789 0)
(0.010742624 0.047910219 0)
(0.0095131077 0.043573358 0)
(0.0088607042 0.019807282 0)
(0.0065546749 0.0023736324 0)
(0.0041753947 -0.0079022981 0)
(-0.00017923461 -0.01236334 0)
(-0.0061843926 -0.013866336 0)
(-0.012592547 -0.014061325 0)
(-0.018584268 -0.013544186 0)
(-0.023899503 -0.01259923 0)
(-0.028528546 -0.011433786 0)
(-0.032538934 -0.010199936 0)
(-0.036015109 -0.0089970889 0)
(-0.039038131 -0.0078847098 0)
(-0.041678263 -0.0068952362 0)
(-0.043991568 -0.0060359801 0)
(-0.046021665 -0.0052958266 0)
(-0.047802507 -0.0046519627 0)
(-0.049362384 -0.0040775447 0)
(-0.050728646 -0.003550047 0)
(-0.051932114 -0.0030566399 0)
(-0.053007894 -0.0025937285 0)
(-0.053991682 -0.0021627169 0)
(-0.054913667 -0.0017669827 0)
(-0.055794887 -0.0014109298 0)
(-0.056647962 -0.0010991143 0)
(-0.057479146 -0.0008368067 0)
(-0.05829058 -0.00063289876 0)
(-0.059084574 -0.00048981288 0)
(-0.059863778 -0.00040455179 0)
(-0.06063139 -0.00037576863 0)
(-0.061393623 -0.00040401101 0)
(-0.062159532 -0.00048978679 0)
(-0.062940354 -0.00063300937 0)
(-0.063749485 -0.00083302923 0)
(-0.064602337 -0.0010889642 0)
(-0.065515223 -0.0014002232 0)
(-0.066504904 -0.0017586744 0)
(-0.067588603 -0.0021553128 0)
(-0.068783303 -0.0025812424 0)
(-0.070105013 -0.0030268714 0)
(-0.071566741 -0.0034834837 0)
(-0.073178541 -0.0039421506 0)
(-0.074946445 -0.0043920255 0)
(-0.076870336 -0.0048225158 0)
(-0.078944355 -0.0052186039 0)
(-0.081155726 -0.0055614571 0)
(-0.083483124 -0.0058300295 0)
(-0.085895823 -0.0059998494 0)
(-0.088353088 -0.0060454334 0)
(-0.090803613 -0.005943091 0)
(-0.093187009 -0.0056736829 0)
(-0.095437372 -0.0052284204 0)
(-0.097488317 -0.0046127874 0)
(-0.099280913 -0.0038469184 0)
(-0.10077273 -0.0029674733 0)
(-0.10194358 -0.002027651 0)
(-0.10279835 -0.0010906986 0)
(-0.10337017 -0.00022031698 0)
(-0.10369913 0.00053062301 0)
(-0.10385338 0.0011203349 0)
(-0.10391108 0.0015362603 0)
(-0.10393862 0.0017803701 0)
(-0.10399385 0.0018667133 0)
(-0.10412381 0.001817492 0)
(-0.10436223 0.001659155 0)
(-0.1047284 0.001418979 0)
(-0.10523074 0.00112116 0)
(-0.10587158 0.00078457151 0)
(-0.10664614 0.00042741099 0)
(-0.10754885 6.4715013e-05 0)
(-0.10857138 -0.00029218521 0)
(-0.10970469 -0.00063779488 0)
(-0.11093711 -0.00096583383 0)
(-0.11225515 -0.0012710392 0)
(-0.11364626 -0.0015510071 0)
(-0.11510057 -0.001804185 0)
(-0.1166086 -0.0020301907 0)
(-0.11816172 -0.0022269022 0)
(-0.11975295 -0.0023944792 0)
(-0.1213762 -0.0025329758 0)
(-0.12302591 -0.0026432386 0)
(-0.12469714 -0.0027261304 0)
(-0.12638568 -0.0027823814 0)
(-0.12808799 -0.0028128192 0)
(-0.12980081 -0.0028192101 0)
(-0.13152075 -0.0028040965 0)
(-0.13324436 -0.0027705013 0)
(-0.13496783 -0.0027221536 0)
(-0.13668675 -0.0026627512 0)
(-0.13839628 -0.0025954089 0)
(-0.14009189 -0.0025217063 0)
(-0.1417695 -0.0024423997 0)
(-0.14342477 -0.0023569301 0)
(-0.14505313 -0.0022622795 0)
(-0.14664972 -0.0021539501 0)
(-0.14820935 -0.0020264642 0)
(-0.14972581 -0.0018752571 0)
(-0.15119122 -0.0016958002 0)
(-0.15259729 -0.0014852404 0)
(-0.15393706 -0.0012414034 0)
(-0.1552033 -0.00096329949 0)
(-0.15638746 -0.0006533195 0)
(-0.15748175 -0.00031568923 0)
(-0.15847804 4.3762257e-05 0)
(-0.15936895 0.00041778795 0)
(-0.16015844 0.00080094263 0)
(-0.16085088 0.0011780314 0)
(-0.16144144 0.0015372355 0)
(-0.16193399 0.0018680052 0)
(-0.16233395 0.0021617654 0)
(-0.16264907 0.0024125139 0)
(-0.16288902 0.0026152385 0)
(-0.1630647 0.0027645859 0)
(-0.16318919 0.002855021 0)
(-0.16327811 0.0028820082 0)
(-0.1633494 0.0028395414 0)
(-0.16342186 0.0027184609 0)
(-0.16351485 0.0025077271 0)
(-0.16365134 0.0021961748 0)
(-0.16385555 0.0017720587 0)
(-0.16414862 0.0012245283 0)
(-0.1645489 0.00054527987 0)
(-0.16509178 -0.00026888801 0)
(-0.16584544 -0.0012479678 0)
(-0.16684279 -0.0023593744 0)
(-0.16809243 -0.0035590393 0)
(-0.16962709 -0.0048233207 0)
(-0.17148804 -0.0061417625 0)
(-0.17371562 -0.0075067481 0)
(-0.17634639 -0.0089103356 0)
(-0.17941433 -0.01034306 0)
(-0.18295246 -0.011795489 0)
(-0.18699295 -0.01325846 0)
(-0.19156677 -0.014721991 0)
(-0.19670328 -0.016174128 0)
(-0.20243014 -0.017600558 0)
(-0.20877185 -0.018987834 0)
(-0.21575016 -0.020319975 0)
(-0.22338469 -0.021584897 0)
(-0.23169161 -0.022776404 0)
(-0.24068368 -0.02389721 0)
(-0.25037121 -0.024962518 0)
(-0.26076408 -0.026003862 0)
(-0.27187484 -0.027072554 0)
(-0.28372254 -0.028241898 0)
(-0.2963368 -0.029607259 0)
(-0.30976108 -0.031282891 0)
(-0.32405409 -0.033394439 0)
(-0.33928892 -0.036066454 0)
(-0.3555493 -0.039405015 0)
(-0.37292368 -0.043476277 0)
(-0.39149775 -0.048283161 0)
(-0.41134602 -0.053744188 0)
(-0.43252396 -0.059679373 0)
(-0.45506042 -0.065808024 0)
(-0.47894942 -0.07176168 0)
(-0.50413856 -0.077112106 0)
(-0.53051155 -0.08141079 0)
(-0.5578649 -0.084234777 0)
(-0.58588326 -0.085233238 0)
(-0.61411644 -0.084169692 0)
(-0.64196515 -0.080953204 0)
(-0.66870854 -0.07565094 0)
(-0.69356063 -0.068480194 0)
(-0.71574903 -0.059799514 0)
(-0.73461529 -0.050072384 0)
(-0.74968979 -0.039818138 0)
(-0.76074942 -0.029568132 0)
(-0.76783521 -0.019808801 0)
(-0.77122386 -0.010934929 0)
(-0.77137218 -0.0032150945 0)
(-0.76885953 0.0032291774 0)
(-0.76425507 0.0084309006 0)
(-0.75809627 0.012576031 0)
(-0.75080152 0.015920126 0)
(-0.74260955 0.018796538 0)
(-0.73359218 0.021541589 0)
(-0.72367481 0.024444262 0)
(-0.71267202 0.027714713 0)
(-0.70033437 0.031473137 0)
(-0.68639303 0.035756101 0)
(-0.67059261 0.040531963 0)
(-0.65271237 0.045719991 0)
(-0.63257912 0.051202918 0)
(-0.61007741 0.056832294 0)
(-0.58516185 0.062426329 0)
(-0.55787452 0.067767512 0)
(-0.52836573 0.072607921 0)
(-0.49690938 0.076687634 0)
(-0.46390378 0.079764975 0)
(-0.4298535 0.08165143 0)
(-0.39533257 0.082240072 0)
(-0.36093687 0.081519063 0)
(-0.32723618 0.079567878 0)
(-0.29473439 0.076539558 0)
(-0.26384334 0.072635524 0)
(-0.2348706 0.068079338 0)
(-0.20801928 0.063093874 0)
(-0.18339676 0.057884337 0)
(-0.16102859 0.052627598 0)
(-0.14087473 0.047467167 0)
(-0.12284576 0.042512521 0)
(-0.10681773 0.037841411 0)
(-0.092644863 0.033503897 0)
(-0.080169916 0.029527157 0)
(-0.069232225 0.02592037 0)
(-0.05967362 0.022679211 0)
(-0.051342569 0.019789753 0)
(-0.044096854 0.017231701 0)
(-0.037805074 0.014980987 0)
(-0.032347275 0.013011775 0)
(-0.027614966 0.011297942 0)
(-0.023510734 0.0098141056 0)
(-0.019947599 0.0085363104 0)
(-0.016848185 0.0074424553 0)
(-0.014143781 0.0065125476 0)
(-0.011773352 0.0057288295 0)
(-0.0096825564 0.0050758025 0)
(-0.0078228275 0.0045401798 0)
(-0.006150493 0.0041107972 0)
(-0.0046259087 0.0037785271 0)
(-0.0032124585 0.0035363853 0)
(-0.0018804866 0.003380147 0)
(-0.0005943916 0.0031707687 0)
(-0.01503744 -0.025929321 0)
(0.0026512976 0.012832202 0)
(0.041346851 0.056786177 0)
(0.09087048 0.079246021 0)
(0.14162822 0.081911392 0)
(0.18928273 0.070393013 0)
(0.22983197 0.047902162 0)
(0.25627098 0.015704139 0)
(0.26903761 -0.025062033 0)
(0.26138675 -0.068821953 0)
(0.21931999 -0.098131138 0)
(0.14541006 -0.091571019 0)
(0.064392909 -0.05472611 0)
(0.0078108917 -0.01309718 0)
(-0.0055369882 0.022692667 0)
(0.0035561592 0.044335301 0)
(0.024062298 0.03695582 0)
(0.037612437 0.017833876 0)
(0.043393953 0.0021546929 0)
(0.042676214 -0.0051980046 0)
(0.037770386 -0.0064607663 0)
(0.030924403 -0.0060790064 0)
(0.023327648 -0.0060424361 0)
(0.015813862 -0.0061626224 0)
(0.0088433225 -0.0060502124 0)
(0.0025581352 -0.005701693 0)
(-0.003007221 -0.0052154552 0)
(-0.0078722378 -0.0046738482 0)
(-0.012104391 -0.0041350066 0)
(-0.015785021 -0.0036350088 0)
(-0.018992694 -0.0031901284 0)
(-0.021800726 -0.0028014912 0)
(-0.024269498 -0.0024593108 0)
(-0.026444427 -0.002146752 0)
(-0.02835611 -0.0018473363 0)
(-0.030025339 -0.0015509358 0)
(-0.031468388 -0.0012559503 0)
(-0.032701958 -0.00096650636 0)
(-0.033745833 -0.00069021362 0)
(-0.034619027 -0.00043744434 0)
(-0.035342399 -0.00021810884 0)
(-0.035935396 -4.1701923e-05 0)
(-0.036420036 9.5893515e-05 0)
(-0.036833353 0.00019895474 0)
(-0.037203428 0.00026432288 0)
(-0.037557517 0.00028724859 0)
(-0.03792036 0.00026635035 0)
(-0.038313417 0.00020106677 0)
(-0.038756612 9.2156441e-05 0)
(-0.039270276 -5.8318449e-05 0)
(-0.039874823 -0.0002467257 0)
(-0.040582353 -0.00046386434 0)
(-0.041420273 -0.00070556496 0)
(-0.04240767 -0.00096760937 0)
(-0.043558248 -0.0012445199 0)
(-0.044887039 -0.0015281131 0)
(-0.046403006 -0.0018145536 0)
(-0.048108502 -0.0020982603 0)
(-0.050008555 -0.0023706137 0)
(-0.052095419 -0.0026304172 0)
(-0.05435676 -0.0028688064 0)
(-0.056777583 -0.0030729719 0)
(-0.059330319 -0.0032332203 0)
(-0.061978933 -0.0033340664 0)
(-0.064676173 -0.003360806 0)
(-0.067361044 -0.0033028024 0)
(-0.069962244 -0.0031459782 0)
(-0.072402947 -0.0028805101 0)
(-0.074609212 -0.0025060396 0)
(-0.076517232 -0.0020327023 0)
(-0.078074564 -0.0014835751 0)
(-0.079243477 -0.00089079096 0)
(-0.080011167 -0.00028995195 0)
(-0.080394583 0.00028301602 0)
(-0.080472987 0.00080208574 0)
(-0.080314217 0.0012301883 0)
(-0.079982942 0.0015516902 0)
(-0.079550258 0.0017636162 0)
(-0.079081492 0.001872508 0)
(-0.078632345 0.0018898497 0)
(-0.078247193 0.0018285278 0)
(-0.077960903 0.0017030132 0)
(-0.077799185 0.0015292761 0)
(-0.077775975 0.001322797 0)
(-0.077897117 0.0010973371 0)
(-0.078168271 0.00086481179 0)
(-0.078591641 0.00063221868 0)
(-0.07915805 0.00040185356 0)
(-0.079857526 0.00017910361 0)
(-0.080682596 -3.0475992e-05 0)
(-0.081624352 -0.00022353796 0)
(-0.082672736 -0.00039733379 0)
(-0.083817551 -0.00054897361 0)
(-0.085052617 -0.00068079474 0)
(-0.086367266 -0.00079207365 0)
(-0.087751528 -0.00088182152 0)
(-0.089193071 -0.00095249654 0)
(-0.09068021 -0.0010045869 0)
(-0.092200415 -0.0010387731 0)
(-0.09374237 -0.0010548598 0)
(-0.095294434 -0.0010548475 0)
(-0.096845695 -0.0010410475 0)
(-0.098388117 -0.00101537 0)
(-0.099914697 -0.000982437 0)
(-0.10141995 -0.00094557138 0)
(-0.10289871 -0.00090756637 0)
(-0.10434823 -0.00086631943 0)
(-0.10576655 -0.00082177753 0)
(-0.10715035 -0.00077399617 0)
(-0.10849585 -0.00071826109 0)
(-0.10979788 -0.00065164763 0)
(-0.11105017 -0.00057001088 0)
(-0.11224347 -0.00047432928 0)
(-0.11336772 -0.00035908544 0)
(-0.11441439 -0.00022140374 0)
(-0.11537192 -5.7734253e-05 0)
(-0.1162279 0.00013298557 0)
(-0.11697162 0.00034222277 0)
(-0.11759163 0.00056968808 0)
(-0.11808204 0.00081148516 0)
(-0.11843646 0.0010624626 0)
(-0.11865398 0.0013123795 0)
(-0.11873512 0.001556732 0)
(-0.11868224 0.0017853867 0)
(-0.11850189 0.0019918334 0)
(-0.11820433 0.0021720421 0)
(-0.1178038 0.0023247198 0)
(-0.11731715 0.0024455939 0)
(-0.1167641 0.0025280752 0)
(-0.11616452 0.0025707974 0)
(-0.11554347 0.0025725004 0)
(-0.11492657 0.0025257276 0)
(-0.114343 0.002422489 0)
(-0.11382442 0.0022539693 0)
(-0.11340597 0.002009919 0)
(-0.11312652 0.0016825815 0)
(-0.11302894 0.0012667371 0)
(-0.11316173 0.00075780196 0)
(-0.11358829 0.00015008856 0)
(-0.11433314 -0.00054950104 0)
(-0.11540618 -0.0012842463 0)
(-0.11690314 -0.0020580058 0)
(-0.11889443 -0.0028747703 0)
(-0.12143009 -0.0037283096 0)
(-0.1245415 -0.0046063121 0)
(-0.12824854 -0.0054966119 0)
(-0.13256619 -0.0063904155 0)
(-0.13750623 -0.0072812173 0)
(-0.14307661 -0.0081622746 0)
(-0.14928043 -0.009025232 0)
(-0.15611629 -0.0098590557 0)
(-0.16358057 -0.010647847 0)
(-0.17166331 -0.011386025 0)
(-0.18034902 -0.012055262 0)
(-0.1896226 -0.012647325 0)
(-0.19946626 -0.01315975 0)
(-0.2098625 -0.013598513 0)
(-0.22079755 -0.013980714 0)
(-0.23226597 -0.014337182 0)
(-0.24427626 -0.014714637 0)
(-0.25685786 -0.015176935 0)
(-0.27006867 -0.015804921 0)
(-0.28400195 -0.016694109 0)
(-0.29879135 -0.01794937 0)
(-0.31461199 -0.019675994 0)
(-0.33167522 -0.021967017 0)
(-0.35021459 -0.024886943 0)
(-0.37046223 -0.028452862 0)
(-0.39261564 -0.032615718 0)
(-0.41679738 -0.037245765 0)
(-0.44301337 -0.042126805 0)
(-0.47111754 -0.046963471 0)
(-0.50079053 -0.051403878 0)
(-0.53154031 -0.055076955 0)
(-0.56272985 -0.057639103 0)
(-0.59363031 -0.058818633 0)
(-0.62348594 -0.058444545 0)
(-0.65157092 -0.056463713 0)
(-0.67724294 -0.052952127 0)
(-0.69998764 -0.048096339 0)
(-0.71944199 -0.042179531 0)
(-0.73540063 -0.035553047 0)
(-0.74781509 -0.028590221 0)
(-0.75678376 -0.021662405 0)
(-0.76252398 -0.015099465 0)
(-0.76534985 -0.0091623464 0)
(-0.76564958 -0.0040295728 0)
(-0.76380902 0.00021810524 0)
(-0.76016997 0.0036322417 0)
(-0.75480886 0.0063147998 0)
(-0.74808821 0.0084864378 0)
(-0.7402053 0.010359656 0)
(-0.73124923 0.012132742 0)
(-0.72119306 0.013973297 0)
(-0.70991407 0.016004378 0)
(-0.69722777 0.018299061 0)
(-0.68292375 0.020883815 0)
(-0.66679349 0.023745616 0)
(-0.64865229 0.026840601 0)
(-0.62835644 0.03010081 0)
(-0.60581803 0.033437512 0)
(-0.58101929 0.036741823 0)
(-0.55402691 0.039885381 0)
(-0.52500545 0.042725156 0)
(-0.49422463 0.045114642 0)
(-0.46205512 0.046919909 0)
(-0.42895133 0.048037433 0)
(-0.39542216 0.048408485 0)
(-0.36199472 0.04802597 0)
(-0.32917719 0.046932727 0)
(-0.29742705 0.045212631 0)
(-0.26712829 0.042977493 0)
(-0.23857885 0.040352965 0)
(-0.21198732 0.037465909 0)
(-0.1874774 0.034434626 0)
(-0.16509736 0.03136245 0)
(-0.14483247 0.028334422 0)
(-0.12661839 0.025416476 0)
(-0.11035402 0.022656381 0)
(-0.095913266 0.02008577 0)
(-0.083154934 0.017722714 0)
(-0.071930838 0.015574449 0)
(-0.062092052 0.013639944 0)
(-0.05349351 0.011912188 0)
(-0.045997151 0.010380125 0)
(-0.039473896 0.0090302241 0)
(-0.03380472 0.007847712 0)
(-0.028881053 0.0068174718 0)
(-0.024604713 0.0059246852 0)
(-0.020887495 0.005155269 0)
(-0.017650509 0.0044961654 0)
(-0.014823362 0.0039355234 0)
(-0.012343271 0.0034627906 0)
(-0.010154156 0.0030687339 0)
(-0.0082057592 0.002745412 0)
(-0.0064527862 0.0024861263 0)
(-0.004854017 0.0022853663 0)
(-0.0033712241 0.0021388265 0)
(-0.0019724753 0.0020436615 0)
(-0.00062303346 0.0019173825 0)
(-0.015330168 -0.010314819 0)
(-0.025157089 -0.0023395529 0)
(-0.00080559569 0.014624686 0)
(0.04479826 0.023316834 0)
(0.096665681 0.024596768 0)
(0.14590966 0.019806747 0)
(0.18395998 0.010655754 0)
(0.20608348 -0.0035818008 0)
(0.19963555 -0.022226964 0)
(0.159705 -0.038566928 0)
(0.091077535 -0.037916305 0)
(0.024689233 -0.013057658 0)
(-0.0080931013 0.0015418694 0)
(-0.024873084 0.0013421018 0)
(-0.018702821 0.010081845 0)
(0.0061279073 0.016683671 0)
(0.035387169 0.012225057 0)
(0.053132081 0.0042649392 0)
(0.058127151 -0.0015198558 0)
(0.054072625 -0.0028248177 0)
(0.048920215 -0.0014920321 0)
(0.04554056 -1.1902814e-05 0)
(0.042987405 0.00055332938 0)
(0.040330438 0.00039312317 0)
(0.037494173 3.6368661e-05 0)
(0.034635692 -0.00023583188 0)
(0.031891983 -0.00038282299 0)
(0.029355403 -0.00044448731 0)
(0.027066045 -0.00045595907 0)
(0.025026145 -0.00043607086 0)
(0.023222381 -0.00039891888 0)
(0.021633093 -0.00035328642 0)
(0.020234881 -0.00030546736 0)
(0.019010865 -0.00025829138 0)
(0.017952735 -0.00021161352 0)
(0.017059352 -0.00016298454 0)
(0.016331096 -0.00010980764 0)
(0.01577265 -5.1834195e-05 0)
(0.015381589 1.2718165e-05 0)
(0.015148989 7.8902896e-05 0)
(0.015060884 0.00014250133 0)
(0.015095259 0.00019563305 0)
(0.015224471 0.00024013757 0)
(0.015439499 0.00028379438 0)
(0.015717222 0.00032617429 0)
(0.016028806 0.00035879262 0)
(0.016350319 0.00037781346 0)
(0.016653316 0.00038159761 0)
(0.016909331 0.00036794867 0)
(0.017089447 0.00033736883 0)
(0.01716766 0.00029120595 0)
(0.017112581 0.00023927778 0)
(0.016910943 0.00017747777 0)
(0.016542035 0.00010466001 0)
(0.015993883 1.6565464e-05 0)
(0.015266679 -8.2368483e-05 0)
(0.014346942 -0.00018632387 0)
(0.013240922 -0.00029666287 0)
(0.011953843 -0.00040235171 0)
(0.0104805 -0.00050449446 0)
(0.008843024 -0.00060327957 0)
(0.0070586575 -0.00069070111 0)
(0.0051472391 -0.00076657327 0)
(0.0031438342 -0.00082577016 0)
(0.0010827068 -0.00086355688 0)
(-0.0009812845 -0.00087930096 0)
(-0.0029791836 -0.00086562665 0)
(-0.0048474741 -0.00081628353 0)
(-0.006520835 -0.00072756445 0)
(-0.0079351341 -0.00059663351 0)
(-0.0090192639 -0.00042766254 0)
(-0.0097340818 -0.0002319422 0)
(-0.01006261 -1.999434e-05 0)
(-0.010007444 0.00019718977 0)
(-0.0095702968 0.00041467084 0)
(-0.0088051168 0.00061441014 0)
(-0.0077687735 0.00078240149 0)
(-0.0065309421 0.00091167969 0)
(-0.0051631685 0.0010002288 0)
(-0.0037328137 0.0010497713 0)
(-0.0022992307 0.001065191 0)
(-0.00091267187 0.0010533526 0)
(0.00038852598 0.0010194694 0)
(0.0015749999 0.0009666056 0)
(0.002626254 0.00089943484 0)
(0.0035213739 0.00082878678 0)
(0.0042686394 0.00076116198 0)
(0.0048697019 0.00069739014 0)
(0.0053294541 0.00063435546 0)
(0.0056539143 0.00057114031 0)
(0.0058504125 0.0005099059 0)
(0.0059286019 0.00045345197 0)
(0.0058990778 0.00040520361 0)
(0.0057761805 0.00036153849 0)
(0.005579803 0.00032144496 0)
(0.0053213178 0.00028959402 0)
(0.0050085262 0.0002637186 0)
(0.0046542439 0.00024407934 0)
(0.004271854 0.00022912632 0)
(0.0038746973 0.00021975314 0)
(0.0034719028 0.00021544326 0)
(0.0030752994 0.0002152659 0)
(0.0026908776 0.00022124666 0)
(0.002322071 0.00023202234 0)
(0.0019733855 0.0002468788 0)
(0.0016529171 0.00026321012 0)
(0.0013649405 0.00028286192 0)
(0.0011043961 0.0003045703 0)
(0.00087405825 0.00032523112 0)
(0.0006782759 0.00034652818 0)
(0.00052046157 0.00036887593 0)
(0.00040528738 0.00039583516 0)
(0.00034570973 0.00042767456 0)
(0.00035634138 0.00047039697 0)
(0.00045321637 0.00052298455 0)
(0.00063916046 0.00058835223 0)
(0.0009553989 0.0006583813 0)
(0.001418907 0.00074219007 0)
(0.0020337369 0.00083998552 0)
(0.0028102078 0.00094706215 0)
(0.0037642818 0.0010602053 0)
(0.0048956625 0.0011795531 0)
(0.0062135003 0.0012983728 0)
(0.0077034388 0.0014185506 0)
(0.0093525116 0.001529723 0)
(0.01115293 0.0016285994 0)
(0.013066089 0.0017168919 0)
(0.015093521 0.0017842896 0)
(0.017204034 0.0018439793 0)
(0.019360474 0.0018877783 0)
(0.021543761 0.0019140852 0)
(0.02372581 0.0019241168 0)
(0.025868787 0.0019151796 0)
(0.027930304 0.0018824342 0)
(0.029863928 0.0018207317 0)
(0.031614724 0.0017246544 0)
(0.033119324 0.0015891468 0)
(0.034309536 0.0014141014 0)
(0.035118282 0.0012113446 0)
(0.0355127 0.0010091156 0)
(0.035433164 0.00082440249 0)
(0.034839075 0.00060877754 0)
(0.033719361 0.00034142248 0)
(0.032064016 2.9608605e-05 0)
(0.029858324 -0.00030976512 0)
(0.027084324 -0.00066256046 0)
(0.023728405 -0.0010210154 0)
(0.019784928 -0.001380266 0)
(0.015256351 -0.0017353119 0)
(0.010152405 -0.0020810193 0)
(0.0044917728 -0.0024110521 0)
(-0.0017098835 -0.0027155783 0)
(-0.0084127441 -0.0029923057 0)
(-0.015560324 -0.003226277 0)
(-0.023101517 -0.0034089951 0)
(-0.030971036 -0.0035340911 0)
(-0.039101807 -0.0035995906 0)
(-0.047432341 -0.0036092952 0)
(-0.055916008 -0.0035740195 0)
(-0.064532122 -0.0035131026 0)
(-0.073298631 -0.0034554864 0)
(-0.082285494 -0.003440005 0)
(-0.091627381 -0.003515071 0)
(-0.10153412 -0.003737523 0)
(-0.11229716 -0.0041700087 0)
(-0.12428955 -0.0048764912 0)
(-0.13795634 -0.0059155698 0)
(-0.15379345 -0.0073311225 0)
(-0.17231326 -0.0091403247 0)
(-0.19399588 -0.011320496 0)
(-0.21922922 -0.013797806 0)
(-0.24824401 -0.016442199 0)
(-0.28105164 -0.019072773 0)
(-0.31739472 -0.021475825 0)
(-0.35672074 -0.023434629 0)
(-0.39818499 -0.024762818 0)
(-0.44069564 -0.025325488 0)
(-0.48301465 -0.025054301 0)
(-0.52386684 -0.023964044 0)
(-0.56204845 -0.022145216 0)
(-0.59653592 -0.019747698 0)
(-0.62654398 -0.016964006 0)
(-0.65158218 -0.013996714 0)
(-0.67147181 -0.011040261 0)
(-0.68632215 -0.0082598947 0)
(-0.696488 -0.0057811509 0)
(-0.70249376 -0.0036854209 0)
(-0.70496672 -0.0020007935 0)
(-0.70461646 -0.00068808648 0)
(-0.70227989 0.00028443607 0)
(-0.69830082 0.0010575976 0)
(-0.69296273 0.0017203591 0)
(-0.68639388 0.0023442565 0)
(-0.67859832 0.0029874744 0)
(-0.66948319 0.0036925406 0)
(-0.65889022 0.0044848628 0)
(-0.64662975 0.0053744479 0)
(-0.63250906 0.0063583983 0)
(-0.61635518 0.0074230456 0)
(-0.59803375 0.0085461185 0)
(-0.57746535 0.0096979419 0)
(-0.55464071 0.010842049 0)
(-0.52963387 0.01193567 0)
(-0.50261227 0.012931472 0)
(-0.47384058 0.013781354 0)
(-0.44367457 0.014441536 0)
(-0.4125443 0.014878099 0)
(-0.38092807 0.015071459 0)
(-0.34932086 0.01501851 0)
(-0.31820202 0.01473214 0)
(-0.288007 0.014238507 0)
(-0.25910641 0.013572964 0)
(-0.23179352 0.0127756 0)
(-0.20627986 0.011887198 0)
(-0.18269776 0.010946067 0)
(-0.16110798 0.0099859165 0)
(-0.14151036 0.0090347233 0)
(-0.12385574 0.0081143917 0)
(-0.10805792 0.0072409974 0)
(-0.094004731 0.0064253939 0)
(-0.081567546 0.0056740081 0)
(-0.070609256 0.0049896921 0)
(-0.060990473 0.0043725467 0)
(-0.052574189 0.003820664 0)
(-0.045229058 0.003330766 0)
(-0.038831542 0.0028987249 0)
(-0.033267167 0.0025199664 0)
(-0.028431106 0.0021897682 0)
(-0.024228254 0.0019034693 0)
(-0.020572931 0.001656618 0)
(-0.017388321 0.0014450733 0)
(-0.014605742 0.0012650695 0)
(-0.012163834 0.0011132491 0)
(-0.010007726 0.0009866692 0)
(-0.0080881999 0.00088279168 0)
(-0.0063608704 0.0007994677 0)
(-0.0047853771 0.00073491274 0)
(-0.0033245138 0.00068768385 0)
(-0.0019456449 0.00065690964 0)
(-0.00062528371 0.00062711702 0)
)
;

boundaryField
{
    leftWall
    {
        type            noSlip;
    }
    rightWall
    {
        type            noSlip;
    }
    lowerWall
    {
        type            noSlip;
    }
    atmosphere
    {
        type            noSlip;
    }
    defaultFaces
    {
        type            empty;
    }
}


// ************************************************************************* //
