/*---------------------------------------------------------------------------*\
| =========                 |                                                 |
| \\      /  F ield         | OpenFOAM: The Open Source CFD Toolbox           |
|  \\    /   O peration     | Version:  2606                                  |
|   \\  /    A nd           | Website:  www.openfoam.com                      |
|    \\/     M anipulation  |                                                 |
\*---------------------------------------------------------------------------*/
Build  : _481094f-20260618 OPENFOAM=2606 version=2606
Arch   : "LSB;label=32;scalar=64"
Exec   : simpleFoam -parallel
Date   : Aug 01 2026
Time   : 08:06:59
Host   : ip-172-31-43-247
PID    : 3227816
I/O    : uncollated
Case   : /home/ubuntu/certonomous-runs/dpw5-committee-probe/run_hex_base_incompressible_a2.11
nProcs : 14
Hosts  :
(
    (ip-172-31-43-247 14)
)
Pstream initialized with:
    node communication : off [type=host] (14 ranks, 1 nodes)
    topology controls  : none
    consensus exchange : 0 (tuning: 0)
    exchange algorithm : 0
    commsType          : nonBlocking
    polling iterations : 0
trapFpe: Floating point exception trapping enabled (FOAM_SIGFPE).
memory pool : not available
fileModificationChecking : Monitoring run-time modified files using timeStampMaster (fileModificationSkew 5, maxFileModificationPolls 20)

--> FOAM Warning : allowSystemOperations : Allowing user-supplied system call operations.
                   This can be a security risk if running untrusted cases
                   through e.g. 'coded' on-the-fly-compilation functionality.

// * * * * * * * * * * * * * * * * * * * * * * * * * * * * * * * * * * * * * //
Create time

Create mesh for time = 0


SIMPLE: convergence criteria
    field p	 tolerance 1e-09
    field U	 tolerance 1e-09
    field "(k|omega)"	 tolerance 1e-09

Reading field p

Reading field U

Reading/calculating face flux field phi

Selecting incompressible transport model Newtonian
Selecting turbulence model type RAS
Selecting RAS turbulence model kOmegaSST
Selecting patchDistMethod meshWave
RAS
{
    model           kOmegaSST;
    turbulence      on;
    printCoeffs     on;
    alphaK1         0.85;
    alphaK2         1;
    alphaOmega1     0.5;
    alphaOmega2     0.856;
    gamma1          0.55555556;
    gamma2          0.44;
    beta1           0.075;
    beta2           0.0828;
    betaStar        0.09;
    a1              0.31;
    b1              1;
    c1              10;
    F3              false;
    decayControl    false;
    kInf            0;
    omegaInf        0;
}

No MRF models present

No finite volume options present

Starting time loop

forceCoeffs forceCoeffs:
    rho: rhoInf
    Freestream density (rhoInf) set to 1.225
    Not including porosity effects
    magUInf: 68.06
    lRef   : 7.00532
    Aref   : 1
    rhoInf : 1.225
    Selecting all coefficients
    - Drag force: Cd
    - Drag force front: Cd(f)
    - Drag force rear: Cd(r)
    - Lift force: Cl
    - Lift force front: Cl(f)
    - Lift force rear: Cl(r)
    - Pitch moment: CmPitch
    - Roll moment: CmRoll
    - Yaw moment: CmYaw
    - Side force: Cs
    - Side force front: Cs(f)
    - Side force rear: Cs(r)


Time = 1

DILUPBiCGStab:  Solving for Ux, Initial residual = 0.99998388, Final residual = 0.00059129907, No Iterations 1
DILUPBiCGStab:  Solving for Uy, Initial residual = 1, Final residual = 0.00050570475, No Iterations 1
DILUPBiCGStab:  Solving for Uz, Initial residual = 0.99999351, Final residual = 0.0063786367, No Iterations 1
GAMG:  Solving for p, Initial residual = 1, Final residual = 0.0097020671, No Iterations 121
time step continuity errors : sum local = 4.9916874e-08, global = 3.6627606e-08, cumulative = 3.6627606e-08
DILUPBiCGStab:  Solving for omega, Initial residual = 0.38973742, Final residual = 8.8047231e-06, No Iterations 1
DILUPBiCGStab:  Solving for k, Initial residual = 1, Final residual = 4.1473825e-05, No Iterations 1
ExecutionTime = 1.1 s  ClockTime = 1 s

forceCoeffs forceCoeffs write:
    Coefficient	Total	Pressure	Viscous	Internal
    Cd:	149.86812	139.5346	10.333519	0
    Cd(f):	290.49919	285.29825	5.2009483	0
    Cd(r):	-140.63107	-145.76364	5.1325711	0
    Cl:	205.72548	205.72514	0.00033699304	0
    Cl(f):	-746.16576	-751.89522	5.7294539	0
    Cl(r):	951.89124	957.62036	-5.7291169	0
    CmPitch:	-849.0285	-854.75779	5.7292854	0
    CmRoll:	215.56513	215.53094	0.034188615	0
    CmYaw:	338.09426	348.05645	-9.9621997	0
    Cs:	-31.903935	-31.835982	-0.067953753	0
    Cs(f):	322.14229	332.13846	-9.9961766	0
    Cs(r):	-354.04622	-363.97445	9.9282229	0

    writing force and moment coefficient files.

Time = 2

DILUPBiCGStab:  Solving for Ux, Initial residual = 0.0003239577, Final residual = 1.3106845e-06, No Iterations 1
DILUPBiCGStab:  Solving for Uy, Initial residual = 0.0081479116, Final residual = 2.8979362e-05, No Iterations 1
DILUPBiCGStab:  Solving for Uz, Initial residual = 0.0015903884, Final residual = 6.2013503e-06, No Iterations 1
GAMG:  Solving for p, Initial residual = 0.060085714, Final residual = 0.0005955213, No Iterations 59
time step continuity errors : sum local = 2.0207663e-06, global = 1.653608e-06, cumulative = 1.6902356e-06
DILUPBiCGStab:  Solving for omega, Initial residual = 0.16050561, Final residual = 7.2384628e-06, No Iterations 1
DILUPBiCGStab:  Solving for k, Initial residual = 0.37288648, Final residual = 3.0841211e-05, No Iterations 1
ExecutionTime = 1.65 s  ClockTime = 1 s

forceCoeffs forceCoeffs write:
    Coefficient	Total	Pressure	Viscous	Internal
    Cd:	157.06021	152.5186	4.5416104	0
    Cd(f):	335.90785	334.87279	1.0350556	0
    Cd(r):	-178.84764	-182.35419	3.5065548	0
    Cl:	268.0361	268.44274	-0.40663814	0
    Cl(f):	-996.40145	-1000.6053	4.2038701	0
    Cl(r):	1264.4375	1269.0481	-4.6105083	0
    CmPitch:	-1130.4195	-1134.8267	4.4071892	0
    CmRoll:	257.37774	258.61349	-1.2357496	0
    CmYaw:	495.58942	496.73323	-1.1438118	0
    Cs:	-14.484235	-15.960501	1.4762655	0
    Cs(f):	488.3473	488.75298	-0.40567902	0
    Cs(r):	-502.83154	-504.71348	1.8819445	0

    writing force and moment coefficient files.

Time = 3

DILUPBiCGStab:  Solving for Ux, Initial residual = 5.9667844e-05, Final residual = 2.4096355e-07, No Iterations 1
DILUPBiCGStab:  Solving for Uy, Initial residual = 0.0003772073, Final residual = 1.3756186e-06, No Iterations 1
DILUPBiCGStab:  Solving for Uz, Initial residual = 0.00022783787, Final residual = 8.8242213e-07, No Iterations 1
GAMG:  Solving for p, Initial residual = 0.04559737, Final residual = 0.00045557942, No Iterations 77
time step continuity errors : sum local = 2.1833809e-06, global = -2.0088244e-06, cumulative = -3.1858886e-07
DILUPBiCGStab:  Solving for omega, Initial residual = 0.028255658, Final residual = 2.5410588e-06, No Iterations 1
DILUPBiCGStab:  Solving for k, Initial residual = 0.061409734, Final residual = 1.011548e-05, No Iterations 1
ExecutionTime = 2.29 s  ClockTime = 2 s

forceCoeffs forceCoeffs write:
    Coefficient	Total	Pressure	Viscous	Internal
    Cd:	107.05836	104.37656	2.6818051	0
    Cd(f):	255.4448	255.51904	-0.074240473	0
    Cd(r):	-148.38643	-151.14248	2.7560456	0
    Cl:	242.39694	243.04812	-0.65118459	0
    Cl(f):	-895.2895	-899.18859	3.8990952	0
    Cl(r):	1137.6864	1142.2367	-4.5502798	0
    CmPitch:	-1016.488	-1020.7127	4.2246875	0
    CmRoll:	201.91561	203.33076	-1.415143	0
    CmYaw:	479.11561	479.3003	-0.1846879	0
    Cs:	17.493951	16.035755	1.4581953	0
    Cs(f):	487.86258	487.31817	0.54440974	0
    Cs(r):	-470.36863	-471.28242	0.91378554	0

    writing force and moment coefficient files.

Time = 4

DILUPBiCGStab:  Solving for Ux, Initial residual = 4.2892685e-05, Final residual = 1.6184562e-07, No Iterations 1
DILUPBiCGStab:  Solving for Uy, Initial residual = 0.0029728174, Final residual = 1.0513481e-05, No Iterations 1
DILUPBiCGStab:  Solving for Uz, Initial residual = 0.00016093544, Final residual = 6.0281698e-07, No Iterations 1
GAMG:  Solving for p, Initial residual = 0.034021668, Final residual = 0.00033614738, No Iterations 82
time step continuity errors : sum local = 1.6292867e-06, global = -1.4022231e-06, cumulative = -1.7208119e-06
DILUPBiCGStab:  Solving for omega, Initial residual = 0.01660128, Final residual = 2.9734725e-06, No Iterations 1
DILUPBiCGStab:  Solving for k, Initial residual = 0.0080614794, Final residual = 2.6401264e-06, No Iterations 1
ExecutionTime = 2.98 s  ClockTime = 3 s

forceCoeffs forceCoeffs write:
    Coefficient	Total	Pressure	Viscous	Internal
    Cd:	25.426681	23.400582	2.0260996	0
    Cd(f):	108.731	108.84203	-0.11102255	0
    Cd(r):	-83.304323	-85.441446	2.1371221	0
    Cl:	168.14515	168.73044	-0.58528587	0
    Cl(f):	-619.40582	-622.73528	3.329457	0
    Cl(r):	787.55098	791.46572	-3.9147429	0
    CmPitch:	-703.4784	-707.1005	3.6221	0
    CmRoll:	96.017664	97.141736	-1.1240723	0
    CmYaw:	349.68009	350.20607	-0.52598491	0
    Cs:	61.860453	60.856504	1.0039482	0
    Cs(f):	380.61031	380.63432	-0.024010814	0
    Cs(r):	-318.74986	-319.77782	1.027959	0

    writing force and moment coefficient files.

Time = 5

DILUPBiCGStab:  Solving for Ux, Initial residual = 3.3510625e-05, Final residual = 1.2650532e-07, No Iterations 1
DILUPBiCGStab:  Solving for Uy, Initial residual = 0.00043732337, Final residual = 1.6273442e-06, No Iterations 1
DILUPBiCGStab:  Solving for Uz, Initial residual = 0.00011498484, Final residual = 4.1084385e-07, No Iterations 1
GAMG:  Solving for p, Initial residual = 0.032908343, Final residual = 0.00032721271, No Iterations 107
time step continuity errors : sum local = 1.2619167e-06, global = 1.143808e-06, cumulative = -5.7700397e-07
DILUPBiCGStab:  Solving for omega, Initial residual = 0.0092127537, Final residual = 3.2818414e-06, No Iterations 1
DILUPBiCGStab:  Solving for k, Initial residual = 0.0015216281, Final residual = 9.8742227e-07, No Iterations 1
ExecutionTime = 3.79 s  ClockTime = 3 s

forceCoeffs forceCoeffs write:
    Coefficient	Total	Pressure	Viscous	Internal
    Cd:	-24.548592	-26.465811	1.917219	0
    Cd(f):	2.5645679	2.267251	0.29731691	0
    Cd(r):	-27.11316	-28.733062	1.619902	0
    Cl:	74.367943	74.827057	-0.45911416	0
    Cl(f):	-283.26742	-285.92356	2.6561355	0
    Cl(r):	357.63537	360.75062	-3.1152497	0
    CmPitch:	-320.4514	-323.33709	2.8856926	0
    CmRoll:	14.838864	15.500157	-0.66129257	0
    CmYaw:	190.82215	191.88797	-1.0658183	0
    Cs:	67.703091	67.192472	0.51061902	0
    Cs(f):	224.6737	225.48421	-0.81050878	0
    Cs(r):	-156.97061	-158.29173	1.3211278	0

    writing force and moment coefficient files.

Time = 6

DILUPBiCGStab:  Solving for Ux, Initial residual = 3.0516416e-05, Final residual = 1.1968127e-07, No Iterations 1
DILUPBiCGStab:  Solving for Uy, Initial residual = 0.0001105599, Final residual = 4.2482813e-07, No Iterations 1
DILUPBiCGStab:  Solving for Uz, Initial residual = 7.9141175e-05, Final residual = 3.1538754e-07, No Iterations 1
GAMG:  Solving for p, Initial residual = 0.072847863, Final residual = 0.00072323915, No Iterations 107
time step continuity errors : sum local = 1.5304296e-06, global = 1.3936523e-06, cumulative = 8.1664831e-07
DILUPBiCGStab:  Solving for omega, Initial residual = 0.0051621984, Final residual = 3.6477493e-06, No Iterations 1
DILUPBiCGStab:  Solving for k, Initial residual = 0.00039783629, Final residual = 5.0591193e-07, No Iterations 1
ExecutionTime = 5.19 s  ClockTime = 5 s

forceCoeffs forceCoeffs write:
    Coefficient	Total	Pressure	Viscous	Internal
    Cd:	-33.439443	-35.539713	2.10027	0
    Cd(f):	-37.67895	-38.524021	0.84507079	0
    Cd(r):	4.2395072	2.984308	1.2551992	0
    Cl:	-12.19282	-11.788252	-0.40456766	0
    Cl(f):	-1.9375092	-4.0380521	2.1005429	0
    Cl(r):	-10.25531	-7.7501998	-2.5051105	0
    CmPitch:	4.1589006	1.8560739	2.3028267	0
    CmRoll:	-20.959229	-20.754164	-0.20506419	0
    CmYaw:	55.366274	56.71726	-1.3509865	0
    Cs:	42.185072	42.098321	0.086751066	0
    Cs(f):	76.45881	77.766421	-1.3076109	0
    Cs(r):	-34.273738	-35.6681	1.394362	0

    writing force and moment coefficient files.

Time = 7

DILUPBiCGStab:  Solving for Ux, Initial residual = 5.0306724e-05, Final residual = 1.8843377e-07, No Iterations 1
DILUPBiCGStab:  Solving for Uy, Initial residual = 7.3039833e-05, Final residual = 2.4961895e-07, No Iterations 1
DILUPBiCGStab:  Solving for Uz, Initial residual = 0.00014230504, Final residual = 5.1421836e-07, No Iterations 1
GAMG:  Solving for p, Initial residual = 0.45425496, Final residual = 0.0045007151, No Iterations 109
time step continuity errors : sum local = 1.4382991e-06, global = -1.3486721e-06, cumulative = -5.3202376e-07
DILUPBiCGStab:  Solving for omega, Initial residual = 0.0026788397, Final residual = 3.7262092e-06, No Iterations 1
DILUPBiCGStab:  Solving for k, Initial residual = 0.00014154838, Final residual = 3.4034207e-07, No Iterations 1
ExecutionTime = 6.01 s  ClockTime = 6 s

forceCoeffs forceCoeffs write:
    Coefficient	Total	Pressure	Viscous	Internal
    Cd:	1.6941134	-0.35483443	2.0489478	0
    Cd(f):	-4.6025803	-5.6480565	1.0454762	0
    Cd(r):	6.2966937	5.2932221	1.0034716	0
    Cl:	-51.647462	-51.531604	-0.11585801	0
    Cl(f):	176.2043	174.73423	1.4700685	0
    Cl(r):	-227.85176	-226.26584	-1.5859265	0
    CmPitch:	202.02803	200.50003	1.5279975	0
    CmRoll:	-5.449637	-5.4706393	0.021002293	0
    CmYaw:	-58.464054	-57.062805	-1.4012486	0
    Cs:	-13.304193	-13.259205	-0.044987813	0
    Cs(f):	-65.11615	-63.692408	-1.4237425	0
    Cs(r):	51.811958	50.433203	1.3787547	0

    writing force and moment coefficient files.

Time = 8

DILUPBiCGStab:  Solving for Ux, Initial residual = 8.8100289e-05, Final residual = 3.4171863e-07, No Iterations 1
DILUPBiCGStab:  Solving for Uy, Initial residual = 0.00010258061, Final residual = 4.0189188e-07, No Iterations 1
DILUPBiCGStab:  Solving for Uz, Initial residual = 0.00031051411, Final residual = 1.1619101e-06, No Iterations 1
GAMG:  Solving for p, Initial residual = 0.087612555, Final residual = 0.0008757739, No Iterations 136
time step continuity errors : sum local = 1.361159e-06, global = -1.3124565e-06, cumulative = -1.8444803e-06
DILUPBiCGStab:  Solving for omega, Initial residual = 0.0012543068, Final residual = 3.3995785e-06, No Iterations 1
DILUPBiCGStab:  Solving for k, Initial residual = 6.0964372e-05, Final residual = 2.4846564e-07, No Iterations 1
ExecutionTime = 6.97 s  ClockTime = 7 s

forceCoeffs forceCoeffs write:
    Coefficient	Total	Pressure	Viscous	Internal
    Cd:	21.567486	19.771441	1.7960447	0
    Cd(f):	24.091682	23.197429	0.89425313	0
    Cd(r):	-2.5241957	-3.4259872	0.90179156	0
    Cl:	-49.57795	-49.651383	0.073433005	0
    Cl(f):	207.99214	207.10086	0.89128385	0
    Cl(r):	-257.57009	-256.75224	-0.81785085	0
    CmPitch:	232.78112	231.92655	0.85456735	0
    CmRoll:	13.307939	13.311708	-0.0037692168	0
    CmYaw:	-102.82684	-101.52089	-1.305951	0
    Cs:	-37.606606	-37.719378	0.11277206	0
    Cs(f):	-121.63015	-120.38058	-1.249565	0
    Cs(r):	84.023541	82.661204	1.362337	0

    writing force and moment coefficient files.

Time = 9

DILUPBiCGStab:  Solving for Ux, Initial residual = 9.6172909e-05, Final residual = 3.7856588e-07, No Iterations 1
DILUPBiCGStab:  Solving for Uy, Initial residual = 0.00017941455, Final residual = 7.9111961e-07, No Iterations 1
DILUPBiCGStab:  Solving for Uz, Initial residual = 0.00048035512, Final residual = 1.8476224e-06, No Iterations 1
GAMG:  Solving for p, Initial residual = 0.055658712, Final residual = 0.00054801566, No Iterations 160
time step continuity errors : sum local = 1.2277429e-06, global = -1.1851133e-06, cumulative = -3.0295936e-06
DILUPBiCGStab:  Solving for omega, Initial residual = 0.00053131006, Final residual = 2.7318959e-06, No Iterations 1
DILUPBiCGStab:  Solving for k, Initial residual = 2.7729476e-05, Final residual = 1.5282335e-07, No Iterations 1
ExecutionTime = 8.06 s  ClockTime = 8 s

forceCoeffs forceCoeffs write:
    Coefficient	Total	Pressure	Viscous	Internal
    Cd:	16.008178	14.247461	1.7607176	0
    Cd(f):	28.999681	28.010743	0.98893805	0
    Cd(r):	-12.991503	-13.763282	0.77177957	0
    Cl:	-32.155783	-32.251308	0.095524706	0
    Cl(f):	136.66561	135.94812	0.71748874	0
    Cl(r):	-168.82139	-168.19942	-0.62196403	0
    CmPitch:	152.7435	152.07377	0.66972638	0
    CmRoll:	20.995592	20.887013	0.10857924	0
    CmYaw:	-91.985588	-90.6403	-1.345288	0
    Cs:	-25.646159	-25.640828	-0.005330381	0
    Cs(f):	-104.80867	-103.46071	-1.3479532	0
    Cs(r):	79.162509	77.819886	1.3426228	0

    writing force and moment coefficient files.

Time = 10

DILUPBiCGStab:  Solving for Ux, Initial residual = 5.8499634e-05, Final residual = 2.1051356e-07, No Iterations 1
DILUPBiCGStab:  Solving for Uy, Initial residual = 0.0011821883, Final residual = 4.5110442e-06, No Iterations 1
DILUPBiCGStab:  Solving for Uz, Initial residual = 0.00021485134, Final residual = 7.3715013e-07, No Iterations 1
GAMG:  Solving for p, Initial residual = 0.062733321, Final residual = 0.0006268028, No Iterations 146
time step continuity errors : sum local = 1.3045458e-06, global = -1.2501083e-06, cumulative = -4.2797019e-06
DILUPBiCGStab:  Solving for omega, Initial residual = 0.00022248373, Final residual = 1.9562603e-06, No Iterations 1
DILUPBiCGStab:  Solving for k, Initial residual = 1.3831946e-05, Final residual = 8.9322098e-08, No Iterations 1
ExecutionTime = 9.07 s  ClockTime = 9 s

forceCoeffs forceCoeffs write:
    Coefficient	Total	Pressure	Viscous	Internal
    Cd:	-5.2849659	-6.9011222	1.6161562	0
    Cd(f):	16.547903	15.657636	0.89026677	0
    Cd(r):	-21.832869	-22.558758	0.72588947	0
    Cl:	-3.27635	-3.4312418	0.15489179	0
    Cl(f):	14.496763	13.858356	0.63840703	0
    Cl(r):	-17.773113	-17.289598	-0.48351524	0
    CmPitch:	16.134938	15.573977	0.56096114	0
    CmRoll:	19.190386	19.108197	0.082188653	0
    CmYaw:	-41.320101	-40.035555	-1.2845461	0
    Cs:	8.5928246	8.5881603	0.0046643488	0
    Cs(f):	-37.023689	-35.741475	-1.2822139	0
    Cs(r):	45.616514	44.329635	1.2868782	0

    writing force and moment coefficient files.

Time = 11

DILUPBiCGStab:  Solving for Ux, Initial residual = 3.5524919e-05, Final residual = 1.3983853e-07, No Iterations 1
DILUPBiCGStab:  Solving for Uy, Initial residual = 0.00012890836, Final residual = 5.2531982e-07, No Iterations 1
DILUPBiCGStab:  Solving for Uz, Initial residual = 0.00016186878, Final residual = 6.2593487e-07, No Iterations 1
GAMG:  Solving for p, Initial residual = 0.092061297, Final residual = 0.00091236663, No Iterations 335
time step continuity errors : sum local = 1.197593e-06, global = 1.1772206e-06, cumulative = -3.1024813e-06
DILUPBiCGStab:  Solving for omega, Initial residual = 0.00010636611, Final residual = 3.4573481e-08, No Iterations 1
DILUPBiCGStab:  Solving for k, Initial residual = 1.0603116e-05, Final residual = 5.2635462e-08, No Iterations 1
ExecutionTime = 13.36 s  ClockTime = 13 s

forceCoeffs forceCoeffs write:
    Coefficient	Total	Pressure	Viscous	Internal
    Cd:	-41.141035	-42.745633	1.6045973	0
    Cd(f):	-10.24698	-11.096234	0.84925437	0
    Cd(r):	-30.894056	-31.649399	0.75534295	0
    Cl:	44.519412	44.382114	0.13729861	0
    Cl(f):	-128.25752	-129.03302	0.77549777	0
    Cl(r):	172.77693	173.41513	-0.63819916	0
    CmPitch:	-150.51723	-151.22408	0.70684847	0
    CmRoll:	10.323538	10.276582	0.046955711	0
    CmYaw:	26.23336	27.474519	-1.2411594	0
    Cs:	48.883674	48.88604	-0.0023661973	0
    Cs(f):	50.675197	51.917539	-1.2423425	0
    Cs(r):	-1.7915228	-3.0314991	1.2399763	0

    writing force and moment coefficient files.

Time = 12

DILUPBiCGStab:  Solving for Ux, Initial residual = 2.3648871e-05, Final residual = 9.5066319e-08, No Iterations 1
DILUPBiCGStab:  Solving for Uy, Initial residual = 0.00011840609, Final residual = 4.5195695e-07, No Iterations 1
DILUPBiCGStab:  Solving for Uz, Initial residual = 9.1602957e-05, Final residual = 3.5402428e-07, No Iterations 1
GAMG:  Solving for p, Initial residual = 0.32665747, Final residual = 0.0032420838, No Iterations 281
time step continuity errors : sum local = 1.2745048e-06, global = 1.2393718e-06, cumulative = -1.8631095e-06
DILUPBiCGStab:  Solving for omega, Initial residual = 6.7256081e-05, Final residual = 3.0064826e-08, No Iterations 1
DILUPBiCGStab:  Solving for k, Initial residual = 1.2921233e-05, Final residual = 3.4482658e-08, No Iterations 1
ExecutionTime = 15.82 s  ClockTime = 16 s

forceCoeffs forceCoeffs write:
    Coefficient	Total	Pressure	Viscous	Internal
    Cd:	-49.998943	-51.372286	1.3733436	0
    Cd(f):	-13.056708	-13.731787	0.67507841	0
    Cd(r):	-36.942235	-37.6405	0.69826516	0
    Cl:	50.093399	50.115459	-0.022060371	0
    Cl(f):	-213.75782	-214.56637	0.80855295	0
    Cl(r):	263.85122	264.68183	-0.83061332	0
    CmPitch:	-238.80452	-239.6241	0.81958314	0
    CmRoll:	11.942763	11.954357	-0.011593375	0
    CmYaw:	71.661043	72.860149	-1.1991063	0
    Cs:	67.494473	67.458604	0.035869006	0
    Cs(f):	105.40828	106.58945	-1.1811718	0
    Cs(r):	-37.913806	-39.130847	1.2170408	0

    writing force and moment coefficient files.

Time = 13

DILUPBiCGStab:  Solving for Ux, Initial residual = 2.0459798e-05, Final residual = 8.6055632e-08, No Iterations 1
DILUPBiCGStab:  Solving for Uy, Initial residual = 0.0012790528, Final residual = 5.8271508e-06, No Iterations 1
DILUPBiCGStab:  Solving for Uz, Initial residual = 5.796973e-05, Final residual = 2.2437289e-07, No Iterations 1
GAMG:  Solving for p, Initial residual = 0.18712178, Final residual = 0.0018574903, No Iterations 383
time step continuity errors : sum local = 1.4384827e-06, global = 1.4175482e-06, cumulative = -4.4556123e-07
DILUPBiCGStab:  Solving for omega, Initial residual = 6.671544e-05, Final residual = 2.4005032e-08, No Iterations 1
DILUPBiCGStab:  Solving for k, Initial residual = 2.477312e-05, Final residual = 2.4783727e-08, No Iterations 1
ExecutionTime = 18.43 s  ClockTime = 19 s

forceCoeffs forceCoeffs write:
    Coefficient	Total	Pressure	Viscous	Internal
    Cd:	-10.442826	-11.993475	1.5506496	0
    Cd(f):	35.194819	34.253297	0.94152185	0
    Cd(r):	-45.637645	-46.246773	0.60912779	0
    Cl:	38.927118	39.060837	-0.13371946	0
    Cl(f):	-225.64783	-226.76449	1.116663	0
    Cl(r):	264.57494	265.82533	-1.2503825	0
    CmPitch:	-245.11138	-246.29491	1.1835227	0
    CmRoll:	40.416232	40.250035	0.16619703	0
    CmYaw:	79.002013	80.320879	-1.3188662	0
    Cs:	36.094328	36.34432	-0.24999234	0
    Cs(f):	97.049177	98.493039	-1.4438624	0
    Cs(r):	-60.954849	-62.148719	1.19387	0

    writing force and moment coefficient files.

Time = 14

DILUPBiCGStab:  Solving for Ux, Initial residual = 2.2244082e-05, Final residual = 9.1462453e-08, No Iterations 1
DILUPBiCGStab:  Solving for Uy, Initial residual = 0.0001856491, Final residual = 8.7797535e-07, No Iterations 1
DILUPBiCGStab:  Solving for Uz, Initial residual = 4.9938357e-05, Final residual = 2.1013128e-07, No Iterations 1
GAMG:  Solving for p, Initial residual = 0.14359182, Final residual = 0.0014307786, No Iterations 371
time step continuity errors : sum local = 1.4364504e-06, global = -1.40738e-06, cumulative = -1.8529412e-06
DILUPBiCGStab:  Solving for omega, Initial residual = 7.80561e-05, Final residual = 5.4688452e-07, No Iterations 1
DILUPBiCGStab:  Solving for k, Initial residual = 4.363825e-05, Final residual = 1.7408658e-08, No Iterations 1
ExecutionTime = 22.06 s  ClockTime = 22 s

forceCoeffs forceCoeffs write:
    Coefficient	Total	Pressure	Viscous	Internal
    Cd:	74.296689	72.743329	1.5533595	0
    Cd(f):	135.17587	134.10704	1.0688324	0
    Cd(r):	-60.879184	-61.363711	0.48452713	0
    Cl:	5.322681	5.4701632	-0.14748212	0
    Cl(f):	-169.74422	-170.92455	1.1803279	0
    Cl(r):	175.0669	176.39471	-1.32781	0
    CmPitch:	-172.40556	-173.65963	1.254069	0
    CmRoll:	98.027528	97.735376	0.29215263	0
    CmYaw:	44.711704	46.128288	-1.4165835	0
    Cs:	-42.594905	-42.133419	-0.4614856	0
    Cs(f):	23.414252	25.061578	-1.6473263	0
    Cs(r):	-66.009157	-67.194997	1.1858407	0

    writing force and moment coefficient files.

Time = 15

DILUPBiCGStab:  Solving for Ux, Initial residual = 2.5517938e-05, Final residual = 9.2526408e-08, No Iterations 1
DILUPBiCGStab:  Solving for Uy, Initial residual = 9.2145017e-05, Final residual = 3.8492619e-07, No Iterations 1
DILUPBiCGStab:  Solving for Uz, Initial residual = 5.6939542e-05, Final residual = 2.201838e-07, No Iterations 1
GAMG:  Solving for p, Initial residual = 0.19641628, Final residual = 0.0019521325, No Iterations 324
time step continuity errors : sum local = 1.3773165e-06, global = 1.3546306e-06, cumulative = -4.9831056e-07
DILUPBiCGStab:  Solving for omega, Initial residual = 9.1140274e-05, Final residual = 4.0393603e-07, No Iterations 1
DILUPBiCGStab:  Solving for k, Initial residual = 6.61403e-05, Final residual = 1.2096494e-08, No Iterations 1
ExecutionTime = 24.22 s  ClockTime = 24 s

forceCoeffs forceCoeffs write:
    Coefficient	Total	Pressure	Viscous	Internal
    Cd:	134.51617	132.94199	1.5741773	0
    Cd(f):	210.84407	209.66282	1.1812493	0
    Cd(r):	-76.327904	-76.720832	0.39292802	0
    Cl:	-9.6092	-9.3050662	-0.30413376	0
    Cl(f):	-116.80035	-118.03372	1.2333725	0
    Cl(r):	107.19115	108.72865	-1.5375062	0
    CmPitch:	-111.99575	-113.38119	1.3854393	0
    CmRoll:	143.58599	143.19183	0.39416064	0
    CmYaw:	45.54642	47.090417	-1.5439968	0
    Cs:	-98.929593	-98.325405	-0.60418756	0
    Cs(f):	-3.9183763	-2.0722857	-1.8460906	0
    Cs(r):	-95.011217	-96.25312	1.241903	0

    writing force and moment coefficient files.

Time = 16

DILUPBiCGStab:  Solving for Ux, Initial residual = 2.7225e-05, Final residual = 9.4361895e-08, No Iterations 1
DILUPBiCGStab:  Solving for Uy, Initial residual = 8.2605656e-05, Final residual = 3.266492e-07, No Iterations 1
DILUPBiCGStab:  Solving for Uz, Initial residual = 6.4243316e-05, Final residual = 2.6323675e-07, No Iterations 1
GAMG:  Solving for p, Initial residual = 0.47869637, Final residual = 0.0047826908, No Iterations 298
time step continuity errors : sum local = 1.2323792e-06, global = 1.2038282e-06, cumulative = 7.0551764e-07
DILUPBiCGStab:  Solving for omega, Initial residual = 0.00010656994, Final residual = 3.084933e-07, No Iterations 1
DILUPBiCGStab:  Solving for k, Initial residual = 4.8893681e-05, Final residual = 7.7166065e-09, No Iterations 1
ExecutionTime = 27.11 s  ClockTime = 27 s

forceCoeffs forceCoeffs write:
    Coefficient	Total	Pressure	Viscous	Internal
    Cd:	166.21594	164.32496	1.8909804	0
    Cd(f):	260.54415	259.09464	1.4495109	0
    Cd(r):	-94.328211	-94.76968	0.44146951	0
    Cl:	-69.249846	-68.143751	-1.1060951	0
    Cl(f):	-47.154185	-48.890688	1.7365025	0
    Cl(r):	-22.095661	-19.253063	-2.8425976	0
    CmPitch:	-12.529262	-14.818812	2.28955	0
    CmRoll:	177.43618	176.93216	0.5040207	0
    CmYaw:	21.411725	23.218324	-1.8065991	0
    Cs:	-142.03554	-141.33767	-0.69787027	0
    Cs(f):	-49.606044	-47.45051	-2.1555342	0
    Cs(r):	-92.429494	-93.887158	1.4576639	0

    writing force and moment coefficient files.

Time = 17

DILUPBiCGStab:  Solving for Ux, Initial residual = 2.4171301e-05, Final residual = 1.0125719e-07, No Iterations 1
DILUPBiCGStab:  Solving for Uy, Initial residual = 0.0001100645, Final residual = 4.8908083e-07, No Iterations 1
DILUPBiCGStab:  Solving for Uz, Initial residual = 6.9081378e-05, Final residual = 3.1013729e-07, No Iterations 1
GAMG:  Solving for p, Initial residual = 0.23130633, Final residual = 0.0023104755, No Iterations 324
time step continuity errors : sum local = 1.1759507e-06, global = 1.1610592e-06, cumulative = 1.8665769e-06
DILUPBiCGStab:  Solving for omega, Initial residual = 8.8337734e-05, Final residual = 2.5020016e-07, No Iterations 1
DILUPBiCGStab:  Solving for k, Initial residual = 7.3733142e-05, Final residual = 6.428454e-09, No Iterations 1
ExecutionTime = 29.29 s  ClockTime = 30 s

forceCoeffs forceCoeffs write:
    Coefficient	Total	Pressure	Viscous	Internal
    Cd:	141.28825	140.32669	0.96155512	0
    Cd(f):	252.53602	252.16039	0.37563737	0
    Cd(r):	-111.24778	-111.83369	0.58591776	0
    Cl:	-73.523573	-73.652145	0.12857285	0
    Cl(f):	-36.792468	-37.412366	0.6198984	0
    Cl(r):	-36.731105	-36.239779	-0.49132555	0
    CmPitch:	-0.030681608	-0.58629358	0.55561198	0
    CmRoll:	181.8919	181.99704	-0.10514019	0
    CmYaw:	-4.3961358	-3.1827267	-1.213409	0
    Cs:	-150.2412	-150.35214	0.11094129	0
    Cs(f):	-79.516736	-78.358798	-1.1579384	0
    Cs(r):	-70.724464	-71.993344	1.2688797	0

    writing force and moment coefficient files.

Time = 18

DILUPBiCGStab:  Solving for Ux, Initial residual = 2.0590416e-05, Final residual = 7.589846e-08, No Iterations 1
DILUPBiCGStab:  Solving for Uy, Initial residual = 0.0011916536, Final residual = 4.6684356e-06, No Iterations 1
DILUPBiCGStab:  Solving for Uz, Initial residual = 0.00011487354, Final residual = 4.7723728e-07, No Iterations 1
GAMG:  Solving for p, Initial residual = 0.22909603, Final residual = 0.0022833777, No Iterations 669
time step continuity errors : sum local = 1.4643292e-06, global = -1.4447205e-06, cumulative = 4.2185634e-07
DILUPBiCGStab:  Solving for omega, Initial residual = 0.00016556665, Final residual = 2.0764194e-07, No Iterations 1
DILUPBiCGStab:  Solving for k, Initial residual = 0.00011796515, Final residual = 5.6993018e-09, No Iterations 1
ExecutionTime = 33.98 s  ClockTime = 35 s

forceCoeffs forceCoeffs write:
    Coefficient	Total	Pressure	Viscous	Internal
    Cd:	53.254463	52.625089	0.62937444	0
    Cd(f):	152.91009	153.03957	-0.12948532	0
    Cd(r):	-99.655626	-100.41449	0.75885976	0
    Cl:	-21.915804	-22.42296	0.50715591	0
    Cl(f):	-90.82184	-91.017415	0.1955741	0
    Cl(r):	68.906036	68.594455	0.31158181	0
    CmPitch:	-79.863938	-79.805935	-0.058003859	0
    CmRoll:	126.28286	126.72703	-0.44417254	0
    CmYaw:	15.454417	16.389773	-0.93535617	0
    Cs:	-77.352184	-77.918554	0.56636958	0
    Cs(f):	-23.221675	-22.569504	-0.65217138	0
    Cs(r):	-54.130509	-55.34905	1.218541	0

    writing force and moment coefficient files.

Time = 19

DILUPBiCGStab:  Solving for Ux, Initial residual = 1.8128995e-05, Final residual = 6.5156117e-08, No Iterations 1
DILUPBiCGStab:  Solving for Uy, Initial residual = 0.0001162442, Final residual = 4.1908214e-07, No Iterations 1
DILUPBiCGStab:  Solving for Uz, Initial residual = 0.00048667624, Final residual = 1.8229978e-06, No Iterations 1
GAMG:  Solving for p, Initial residual = 0.47709816, Final residual = 0.0047435272, No Iterations 541
time step continuity errors : sum local = 1.6518957e-06, global = -1.6307006e-06, cumulative = -1.2088442e-06
DILUPBiCGStab:  Solving for omega, Initial residual = 0.00024890642, Final residual = 1.6821359e-07, No Iterations 1
DILUPBiCGStab:  Solving for k, Initial residual = 0.00017810369, Final residual = 1.1751688e-08, No Iterations 1
ExecutionTime = 38.75 s  ClockTime = 40 s

forceCoeffs forceCoeffs write:
    Coefficient	Total	Pressure	Viscous	Internal
    Cd:	-83.826894	-83.735213	-0.091680245	0
    Cd(f):	-21.246986	-20.217896	-1.0290901	0
    Cd(r):	-62.579907	-63.517317	0.93740983	0
    Cl:	-9.5774195	-10.992332	1.4149123	0
    Cl(f):	-150.87435	-150.21914	-0.65521242	0
    Cl(r):	141.29693	139.22681	2.0701248	0
    CmPitch:	-146.08564	-144.72297	-1.3626686	0
    CmRoll:	20.66646	21.64971	-0.98324995	0
    CmYaw:	3.7933522	4.285741	-0.49238872	0
    Cs:	43.496423	42.193899	1.3025238	0
    Cs(f):	25.541564	25.382691	0.1588732	0
    Cs(r):	17.954859	16.811209	1.1436506	0

    writing force and moment coefficient files.

Time = 20

DILUPBiCGStab:  Solving for Ux, Initial residual = 1.9621425e-05, Final residual = 5.2577698e-08, No Iterations 1
DILUPBiCGStab:  Solving for Uy, Initial residual = 8.5523928e-05, Final residual = 2.348337e-07, No Iterations 1
DILUPBiCGStab:  Solving for Uz, Initial residual = 0.0017306193, Final residual = 5.9101648e-06, No Iterations 1
GAMG:  Solving for p, Initial residual = 0.20167694, Final residual = 0.0020048649, No Iterations 299
time step continuity errors : sum local = 1.3964254e-06, global = 1.3752535e-06, cumulative = 1.6640921e-07
DILUPBiCGStab:  Solving for omega, Initial residual = 0.00026418273, Final residual = 1.3701007e-07, No Iterations 1
DILUPBiCGStab:  Solving for k, Initial residual = 0.00013149747, Final residual = 6.7556244e-09, No Iterations 1
ExecutionTime = 42.78 s  ClockTime = 44 s

forceCoeffs forceCoeffs write:
    Coefficient	Total	Pressure	Viscous	Internal
    Cd:	-198.35943	-199.11642	0.75698982	0
    Cd(f):	-197.23728	-197.11879	-0.11849037	0
    Cd(r):	-1.1221578	-1.9976379	0.87548019	0
    Cl:	72.784401	72.219274	0.56512757	0
    Cl(f):	-226.27404	-226.58087	0.3068376	0
    Cl(r):	299.05844	298.80015	0.25828998	0
    CmPitch:	-262.66624	-262.69051	0.024273809	0
    CmRoll:	-98.057559	-97.560574	-0.49698528	0
    CmYaw:	-67.539007	-66.474092	-1.0649152	0
    Cs:	178.89028	178.2596	0.63067568	0
    Cs(f):	21.906132	22.655709	-0.74957734	0
    Cs(r):	156.98415	155.60389	1.380253	0

    writing force and moment coefficient files.

Time = 21

DILUPBiCGStab:  Solving for Ux, Initial residual = 2.0061458e-05, Final residual = 4.5469911e-08, No Iterations 1
DILUPBiCGStab:  Solving for Uy, Initial residual = 9.3560201e-05, Final residual = 2.0776345e-07, No Iterations 1
DILUPBiCGStab:  Solving for Uz, Initial residual = 0.0008464664, Final residual = 2.2719744e-06, No Iterations 1
GAMG:  Solving for p, Initial residual = 0.14135186, Final residual = 0.0014101728, No Iterations 705
time step continuity errors : sum local = 1.1198212e-06, global = -1.1073744e-06, cumulative = -9.4096515e-07
DILUPBiCGStab:  Solving for omega, Initial residual = 0.00016365118, Final residual = 1.1816324e-07, No Iterations 1
DILUPBiCGStab:  Solving for k, Initial residual = 6.8783528e-05, Final residual = 7.1930696e-09, No Iterations 1
ExecutionTime = 48.13 s  ClockTime = 49 s

forceCoeffs forceCoeffs write:
    Coefficient	Total	Pressure	Viscous	Internal
    Cd:	-205.56717	-206.49549	0.92831849	0
    Cd(f):	-226.48226	-226.53965	0.057382652	0
    Cd(r):	20.915092	20.044156	0.87093584	0
    Cl:	123.11626	122.69966	0.41659711	0
    Cl(f):	-263.27201	-263.7399	0.46788893	0
    Cl(r):	386.38827	386.43956	-0.051291812	0
    CmPitch:	-324.83014	-325.08973	0.25959037	0
    CmRoll:	-123.69868	-123.2919	-0.40677659	0
    CmYaw:	-69.080967	-67.833812	-1.2471554	0
    Cs:	213.34665	212.8481	0.49854479	0
    Cs(f):	37.592356	38.590239	-0.99788299	0
    Cs(r):	175.75429	174.25786	1.4964278	0

    writing force and moment coefficient files.

Time = 22

DILUPBiCGStab:  Solving for Ux, Initial residual = 2.2766293e-05, Final residual = 5.4607472e-08, No Iterations 1
DILUPBiCGStab:  Solving for Uy, Initial residual = 0.00019940654, Final residual = 4.7283332e-07, No Iterations 1
DILUPBiCGStab:  Solving for Uz, Initial residual = 0.00019158672, Final residual = 6.1213609e-07, No Iterations 1
GAMG:  Solving for p, Initial residual = 0.1469807, Final residual = 0.001460804, No Iterations 534
time step continuity errors : sum local = 1.2011597e-06, global = -1.184566e-06, cumulative = -2.1255311e-06
DILUPBiCGStab:  Solving for omega, Initial residual = 0.00010739799, Final residual = 1.0810855e-07, No Iterations 1
DILUPBiCGStab:  Solving for k, Initial residual = 8.1425706e-05, Final residual = 1.9361118e-08, No Iterations 1
ExecutionTime = 51.6 s  ClockTime = 53 s

forceCoeffs forceCoeffs write:
    Coefficient	Total	Pressure	Viscous	Internal
    Cd:	-108.54402	-109.6782	1.1341835	0
    Cd(f):	-131.71336	-132.00797	0.29461283	0
    Cd(r):	23.169339	22.329768	0.83957063	0
    Cl:	97.563904	97.315498	0.24840654	0
    Cl(f):	-231.33388	-231.97971	0.6458365	0
    Cl(r):	328.89778	329.29521	-0.39742995	0
    CmPitch:	-280.11583	-280.63746	0.52163323	0
    CmRoll:	-77.441348	-77.168869	-0.2724789	0
    CmYaw:	-53.048223	-51.606307	-1.4419156	0
    Cs:	163.6264	163.3078	0.31860383	0
    Cs(f):	28.764977	30.047591	-1.2826137	0
    Cs(r):	134.86142	133.26021	1.6012176	0

    writing force and moment coefficient files.

Time = 23

DILUPBiCGStab:  Solving for Ux, Initial residual = 4.0444624e-05, Final residual = 1.1749937e-07, No Iterations 1
DILUPBiCGStab:  Solving for Uy, Initial residual = 0.00066787216, Final residual = 1.9575502e-06, No Iterations 1
DILUPBiCGStab:  Solving for Uz, Initial residual = 0.00016625794, Final residual = 5.2145701e-07, No Iterations 1
GAMG:  Solving for p, Initial residual = 0.30120587, Final residual = 0.0030021113, No Iterations 1000
time step continuity errors : sum local = 1.4774942e-06, global = -1.4622707e-06, cumulative = -3.5878018e-06
DILUPBiCGStab:  Solving for omega, Initial residual = 0.0001950572, Final residual = 1.0247427e-07, No Iterations 1
DILUPBiCGStab:  Solving for k, Initial residual = 0.00012585018, Final residual = 3.6993494e-08, No Iterations 1
ExecutionTime = 59.38 s  ClockTime = 61 s

forceCoeffs forceCoeffs write:
    Coefficient	Total	Pressure	Viscous	Internal
    Cd:	198.36672	196.84748	1.5192423	0
    Cd(f):	211.14778	210.45868	0.68910406	0
    Cd(r):	-12.781059	-13.611197	0.83013824	0
    Cl:	49.953399	49.828606	0.12479324	0
    Cl(f):	-61.372756	-62.355845	0.98308894	0
    Cl(r):	111.32616	112.18445	-0.8582957	0
    CmPitch:	-86.349456	-87.270148	0.92069232	0
    CmRoll:	111.96442	112.03494	-0.070517091	0
    CmYaw:	-110.22982	-108.54676	-1.6830674	0
    Cs:	-81.274551	-81.315594	0.041043288	0
    Cs(f):	-150.8671	-149.20455	-1.6625457	0
    Cs(r):	69.592549	67.88896	1.703589	0

    writing force and moment coefficient files.

Time = 24

DILUPBiCGStab:  Solving for Ux, Initial residual = 6.6117858e-05, Final residual = 2.2311685e-07, No Iterations 1
DILUPBiCGStab:  Solving for Uy, Initial residual = 0.00018331503, Final residual = 6.3827986e-07, No Iterations 1
DILUPBiCGStab:  Solving for Uz, Initial residual = 9.8115677e-05, Final residual = 3.4344594e-07, No Iterations 1
GAMG:  Solving for p, Initial residual = 0.088241178, Final residual = 0.00087702911, No Iterations 622
time step continuity errors : sum local = 1.4627544e-06, global = -1.4390428e-06, cumulative = -5.0268446e-06
DILUPBiCGStab:  Solving for omega, Initial residual = 0.0002487696, Final residual = 8.7806531e-08, No Iterations 1
DILUPBiCGStab:  Solving for k, Initial residual = 0.0002360488, Final residual = 2.8083029e-08, No Iterations 1
ExecutionTime = 63.88 s  ClockTime = 65 s

forceCoeffs forceCoeffs write:
    Coefficient	Total	Pressure	Viscous	Internal
    Cd:	551.7825	549.26889	2.5136067	0
    Cd(f):	682.87964	681.00671	1.8729284	0
    Cd(r):	-131.09715	-131.73782	0.64067828	0
    Cl:	-103.58606	-102.97937	-0.60668892	0
    Cl(f):	193.41747	191.57042	1.8470543	0
    Cl(r):	-297.00354	-294.54979	-2.4537432	0
    CmPitch:	245.21051	243.06011	2.1503988	0
    CmRoll:	406.98839	406.37227	0.61612507	0
    CmYaw:	-252.58867	-250.33193	-2.2567401	0
    Cs:	-472.69775	-471.80536	-0.89238973	0
    Cs(f):	-488.93754	-486.23461	-2.702935	0
    Cs(r):	16.239792	14.429246	1.8105452	0

    writing force and moment coefficient files.

Time = 25

DILUPBiCGStab:  Solving for Ux, Initial residual = 7.2257368e-05, Final residual = 3.2873449e-07, No Iterations 1
DILUPBiCGStab:  Solving for Uy, Initial residual = 0.00016635744, Final residual = 8.0570206e-07, No Iterations 1
DILUPBiCGStab:  Solving for Uz, Initial residual = 8.8703683e-05, Final residual = 3.2186635e-07, No Iterations 1
GAMG:  Solving for p, Initial residual = 0.03930841, Final residual = 0.00039208636, No Iterations 848
time step continuity errors : sum local = 1.3080169e-06, global = -1.2933962e-06, cumulative = -6.3202408e-06
DILUPBiCGStab:  Solving for omega, Initial residual = 0.00033968111, Final residual = 7.4160518e-08, No Iterations 1
DILUPBiCGStab:  Solving for k, Initial residual = 0.00031384225, Final residual = 3.4685683e-08, No Iterations 1
ExecutionTime = 70.27 s  ClockTime = 72 s

forceCoeffs forceCoeffs write:
    Coefficient	Total	Pressure	Viscous	Internal
    Cd:	693.31285	690.45757	2.855271	0
    Cd(f):	927.49811	925.36902	2.1290953	0
    Cd(r):	-234.18527	-234.91144	0.72617573	0
    Cl:	-227.55736	-226.425	-1.1323634	0
    Cl(f):	306.59122	304.26207	2.3291451	0
    Cl(r):	-534.14858	-530.68707	-3.4615085	0
    CmPitch:	420.3699	417.47457	2.8953268	0
    CmRoll:	580.84169	580.14023	0.70145976	0
    CmYaw:	-320.90685	-318.43662	-2.4702309	0
    Cs:	-681.00809	-679.98691	-1.021182	0
    Cs(f):	-661.4109	-658.43008	-2.9808219	0
    Cs(r):	-19.597192	-21.556832	1.9596399	0

    writing force and moment coefficient files.

Time = 26

DILUPBiCGStab:  Solving for Ux, Initial residual = 6.6506626e-05, Final residual = 3.7698129e-07, No Iterations 1
DILUPBiCGStab:  Solving for Uy, Initial residual = 0.00023895112, Final residual = 1.3443004e-06, No Iterations 1
DILUPBiCGStab:  Solving for Uz, Initial residual = 8.1962261e-05, Final residual = 3.901751e-07, No Iterations 1
GAMG:  Solving for p, Initial residual = 0.026992584, Final residual = 0.00026750693, No Iterations 448
time step continuity errors : sum local = 1.0470037e-06, global = -1.0292209e-06, cumulative = -7.3494617e-06
DILUPBiCGStab:  Solving for omega, Initial residual = 0.00024776034, Final residual = 6.2553175e-08, No Iterations 1
DILUPBiCGStab:  Solving for k, Initial residual = 0.0001973918, Final residual = 1.8184118e-08, No Iterations 1
ExecutionTime = 73.17 s  ClockTime = 75 s

forceCoeffs forceCoeffs write:
    Coefficient	Total	Pressure	Viscous	Internal
    Cd:	640.11721	637.43599	2.681227	0
    Cd(f):	1016.1606	1014.2557	1.9049361	0
    Cd(r):	-376.04342	-376.81971	0.77629084	0
    Cl:	-306.46275	-305.14727	-1.3154778	0
    Cl(f):	240.53133	238.22252	2.3088099	0
    Cl(r):	-546.99408	-543.36979	-3.6242877	0
    CmPitch:	393.7627	390.79615	2.9665488	0
    CmRoll:	696.10203	695.53771	0.56432263	0
    CmYaw:	-279.47211	-277.08274	-2.3893675	0
    Cs:	-777.98108	-777.12376	-0.85732765	0
    Cs(f):	-668.46265	-665.64462	-2.8180313	0
    Cs(r):	-109.51843	-111.47914	1.9607037	0

    writing force and moment coefficient files.

Time = 27

DILUPBiCGStab:  Solving for Ux, Initial residual = 4.6652814e-05, Final residual = 2.3819326e-07, No Iterations 1
DILUPBiCGStab:  Solving for Uy, Initial residual = 0.00086569382, Final residual = 4.5482524e-06, No Iterations 1
DILUPBiCGStab:  Solving for Uz, Initial residual = 7.9772065e-05, Final residual = 3.9577122e-07, No Iterations 1
GAMG:  Solving for p, Initial residual = 0.033436842, Final residual = 0.00033343309, No Iterations 372
time step continuity errors : sum local = 1.0339118e-06, global = -1.0219659e-06, cumulative = -8.3714276e-06
DILUPBiCGStab:  Solving for omega, Initial residual = 0.00019911655, Final residual = 5.6123543e-08, No Iterations 1
DILUPBiCGStab:  Solving for k, Initial residual = 0.00016278196, Final residual = 1.3628428e-08, No Iterations 1
ExecutionTime = 76.84 s  ClockTime = 79 s

forceCoeffs forceCoeffs write:
    Coefficient	Total	Pressure	Viscous	Internal
    Cd:	405.32864	402.81857	2.5100665	0
    Cd(f):	765.98337	764.41425	1.5691213	0
    Cd(r):	-360.65473	-361.59568	0.94094526	0
    Cl:	-268.23022	-267.13325	-1.0969692	0
    Cl(f):	54.227083	52.082632	2.1444518	0
    Cl(r):	-322.4573	-319.21588	-3.2414211	0
    CmPitch:	188.34219	185.64926	2.6929365	0
    CmRoll:	563.31905	563.00496	0.31408801	0
    CmYaw:	-113.79248	-111.56818	-2.2242991	0
    Cs:	-573.81701	-573.29035	-0.52665961	0
    Cs(f):	-400.70098	-398.21335	-2.4876289	0
    Cs(r):	-173.11603	-175.077	1.9609693	0

    writing force and moment coefficient files.

Time = 28

DILUPBiCGStab:  Solving for Ux, Initial residual = 3.1301808e-05, Final residual = 1.2677562e-07, No Iterations 1
DILUPBiCGStab:  Solving for Uy, Initial residual = 0.00023597174, Final residual = 1.0484438e-06, No Iterations 1
DILUPBiCGStab:  Solving for Uz, Initial residual = 9.3764475e-05, Final residual = 4.4688338e-07, No Iterations 1
GAMG:  Solving for p, Initial residual = 0.0938449, Final residual = 0.00093013255, No Iterations 557
time step continuity errors : sum local = 1.2255852e-06, global = 1.2151726e-06, cumulative = -7.156255e-06
DILUPBiCGStab:  Solving for omega, Initial residual = 0.00015253052, Final residual = 5.2592056e-08, No Iterations 1
DILUPBiCGStab:  Solving for k, Initial residual = 0.0001924582, Final residual = 1.5789367e-08, No Iterations 1
ExecutionTime = 81.75 s  ClockTime = 84 s

forceCoeffs forceCoeffs write:
    Coefficient	Total	Pressure	Viscous	Internal
    Cd:	80.992624	79.111135	1.8814892	0
    Cd(f):	365.60479	364.96032	0.64446834	0
    Cd(r):	-284.61217	-285.84919	1.2370209	0
    Cl:	-138.11462	-137.65837	-0.45624603	0
    Cl(f):	-182.23993	-183.72298	1.4830436	0
    Cl(r):	44.125316	46.064606	-1.9392896	0
    CmPitch:	-113.18263	-114.89379	1.7111666	0
    CmRoll:	325.10848	325.40476	-0.29627627	0
    CmYaw:	44.3309	46.042794	-1.711894	0
    Cs:	-256.89246	-257.1949	0.30244198	0
    Cs(f):	-84.115331	-82.554658	-1.5606731	0
    Cs(r):	-172.77713	-174.64025	1.863115	0

    writing force and moment coefficient files.

Time = 29

DILUPBiCGStab:  Solving for Ux, Initial residual = 2.3284775e-05, Final residual = 7.6173923e-08, No Iterations 1
DILUPBiCGStab:  Solving for Uy, Initial residual = 9.2141025e-05, Final residual = 2.8586415e-07, No Iterations 1
DILUPBiCGStab:  Solving for Uz, Initial residual = 0.00014320706, Final residual = 5.3814014e-07, No Iterations 1
GAMG:  Solving for p, Initial residual = 0.15402231, Final residual = 0.0015252191, No Iterations 486
time step continuity errors : sum local = 1.4602197e-06, global = -1.4399133e-06, cumulative = -8.5961683e-06
DILUPBiCGStab:  Solving for omega, Initial residual = 0.00024714129, Final residual = 4.8404831e-08, No Iterations 1
DILUPBiCGStab:  Solving for k, Initial residual = 0.00033121318, Final residual = 4.0173353e-08, No Iterations 1
ExecutionTime = 86.09 s  ClockTime = 88 s

forceCoeffs forceCoeffs write:
    Coefficient	Total	Pressure	Viscous	Internal
    Cd:	-226.64425	-228.20663	1.5623761	0
    Cd(f):	-32.78113	-32.874231	0.093100951	0
    Cd(r):	-193.86312	-195.33239	1.4692752	0
    Cl:	31.359379	31.380832	-0.021452889	0
    Cl(f):	-406.05156	-407.16542	1.1138605	0
    Cl(r):	437.41094	438.54625	-1.1353134	0
    CmPitch:	-421.73125	-422.85583	1.1245869	0
    CmRoll:	80.540994	81.229082	-0.68808712	0
    CmYaw:	183.99772	185.46151	-1.4637967	0
    Cs:	56.947634	56.125727	0.82190707	0
    Cs(f):	212.47153	213.52438	-1.0528432	0
    Cs(r):	-155.5239	-157.39865	1.8747502	0

    writing force and moment coefficient files.

Time = 30

DILUPBiCGStab:  Solving for Ux, Initial residual = 2.8718432e-05, Final residual = 9.0476378e-08, No Iterations 1
DILUPBiCGStab:  Solving for Uy, Initial residual = 9.5704686e-05, Final residual = 2.9566936e-07, No Iterations 1
DILUPBiCGStab:  Solving for Uz, Initial residual = 0.00026773943, Final residual = 9.6606399e-07, No Iterations 1
GAMG:  Solving for p, Initial residual = 0.048384114, Final residual = 0.00048092327, No Iterations 379
time step continuity errors : sum local = 1.209065e-06, global = 1.1913454e-06, cumulative = -7.4048229e-06
DILUPBiCGStab:  Solving for omega, Initial residual = 0.00032025858, Final residual = 4.6252794e-08, No Iterations 1
DILUPBiCGStab:  Solving for k, Initial residual = 0.00030608473, Final residual = 1.4421335e-07, No Iterations 1
ExecutionTime = 88.56 s  ClockTime = 91 s

forceCoeffs forceCoeffs write:
    Coefficient	Total	Pressure	Viscous	Internal
    Cd:	-393.48705	-394.77182	1.2847725	0
    Cd(f):	-478.78538	-478.38732	-0.39806856	0
    Cd(r):	85.298336	83.615494	1.6828411	0
    Cl:	159.31384	159.03581	0.27802658	0
    Cl(f):	-332.54087	-333.42976	0.88889034	0
    Cl(r):	491.8547	492.46557	-0.61086375	0
    CmPitch:	-412.19778	-412.94766	0.74987704	0
    CmRoll:	-282.04186	-281.0014	-1.0404548	0
    CmYaw:	86.859035	88.203397	-1.3443614	0
    Cs:	386.74805	385.48952	1.2585322	0
    Cs(f):	280.23306	280.94816	-0.71509525	0
    Cs(r):	106.51499	104.54136	1.9736275	0

    writing force and moment coefficient files.

Time = 31

DILUPBiCGStab:  Solving for Ux, Initial residual = 4.2417075e-05, Final residual = 8.1715604e-08, No Iterations 1
DILUPBiCGStab:  Solving for Uy, Initial residual = 0.0002073669, Final residual = 4.0102347e-07, No Iterations 1
DILUPBiCGStab:  Solving for Uz, Initial residual = 0.00034317075, Final residual = 8.7386418e-07, No Iterations 1
GAMG:  Solving for p, Initial residual = 0.036582074, Final residual = 0.00036372317, No Iterations 886
time step continuity errors : sum local = 9.0678817e-07, global = -9.0016935e-07, cumulative = -8.3049923e-06
DILUPBiCGStab:  Solving for omega, Initial residual = 0.00020341927, Final residual = 4.0994144e-08, No Iterations 1
DILUPBiCGStab:  Solving for k, Initial residual = 0.00014834735, Final residual = 1.5163087e-07, No Iterations 1
ExecutionTime = 95.76 s  ClockTime = 98 s

forceCoeffs forceCoeffs write:
    Coefficient	Total	Pressure	Viscous	Internal
    Cd:	-354.54733	-355.57716	1.0298337	0
    Cd(f):	-791.14528	-790.4273	-0.71798067	0
    Cd(r):	436.59795	434.85014	1.7478144	0
    Cl:	216.98212	216.23381	0.74830345	0
    Cl(f):	25.859227	25.270801	0.58842638	0
    Cl(r):	191.12289	190.96301	0.15987707	0
    CmPitch:	-82.631832	-82.846106	0.21427465	0
    CmRoll:	-613.87161	-612.63872	-1.2328975	0
    CmYaw:	-418.82291	-417.16192	-1.6609955	0
    Cs:	571.79341	570.29792	1.4954888	0
    Cs(f):	-132.92621	-132.01296	-0.91325111	0
    Cs(r):	704.71962	702.31088	2.4087399	0

    writing force and moment coefficient files.

Time = 32

DILUPBiCGStab:  Solving for Ux, Initial residual = 4.4646509e-05, Final residual = 7.6677172e-08, No Iterations 1
DILUPBiCGStab:  Solving for Uy, Initial residual = 0.00043348279, Final residual = 6.6317481e-07, No Iterations 1
DILUPBiCGStab:  Solving for Uz, Initial residual = 0.0002562934, Final residual = 5.4862193e-07, No Iterations 1
GAMG:  Solving for p, Initial residual = 0.1497579, Final residual = 0.0014947728, No Iterations 526
time step continuity errors : sum local = 7.4518979e-07, global = -7.3664954e-07, cumulative = -9.0416418e-06
DILUPBiCGStab:  Solving for omega, Initial residual = 0.0001146361, Final residual = 3.9652716e-08, No Iterations 1
DILUPBiCGStab:  Solving for k, Initial residual = 0.00011961735, Final residual = 1.3072955e-07, No Iterations 1
ExecutionTime = 99.13 s  ClockTime = 102 s

forceCoeffs forceCoeffs write:
    Coefficient	Total	Pressure	Viscous	Internal
    Cd:	-292.10654	-293.52682	1.4202861	0
    Cd(f):	-816.93377	-816.44551	-0.48825692	0
    Cd(r):	524.82723	522.91869	1.908543	0
    Cl:	241.19719	240.7266	0.47058184	0
    Cl(f):	114.44382	113.32536	1.1184578	0
    Cl(r):	126.75337	127.40125	-0.64787592	0
    CmPitch:	-6.1547772	-7.037944	0.88316684	0
    CmRoll:	-670.8805	-669.6821	-1.1983999	0
    CmYaw:	-525.54793	-523.31375	-2.2341786	0
    Cs:	601.13063	599.79626	1.3343715	0
    Cs(f):	-224.98261	-223.41562	-1.5669928	0
    Cs(r):	826.11324	823.21188	2.9013644	0

    writing force and moment coefficient files.

Time = 33

DILUPBiCGStab:  Solving for Ux, Initial residual = 5.6873689e-05, Final residual = 1.2289506e-07, No Iterations 1
DILUPBiCGStab:  Solving for Uy, Initial residual = 0.0030062634, Final residual = 5.1772858e-06, No Iterations 1
DILUPBiCGStab:  Solving for Uz, Initial residual = 0.00020350724, Final residual = 4.8235318e-07, No Iterations 1
GAMG:  Solving for p, Initial residual = 0.12984198, Final residual = 0.0012923867, No Iterations 495
time step continuity errors : sum local = 6.9780935e-07, global = 6.9243412e-07, cumulative = -8.3492077e-06
DILUPBiCGStab:  Solving for omega, Initial residual = 6.6445265e-05, Final residual = 3.9807089e-08, No Iterations 1
DILUPBiCGStab:  Solving for k, Initial residual = 0.00016794474, Final residual = 3.442366e-07, No Iterations 1
ExecutionTime = 102.37 s  ClockTime = 105 s

forceCoeffs forceCoeffs write:
    Coefficient	Total	Pressure	Viscous	Internal
    Cd:	-63.885285	-65.740828	1.8555437	0
    Cd(f):	-476.79389	-476.63631	-0.157574	0
    Cd(r):	412.9086	410.89548	2.0131177	0
    Cl:	171.08607	170.74487	0.34119568	0
    Cl(f):	121.43789	119.88873	1.5491568	0
    Cl(r):	49.648182	50.856143	-1.2079611	0
    CmPitch:	35.894852	34.516293	1.378559	0
    CmRoll:	-444.85124	-443.7659	-1.0853458	0
    CmYaw:	-442.07259	-439.40067	-2.6719252	0
    Cs:	396.87831	395.74609	1.1322204	0
    Cs(f):	-243.63344	-241.52762	-2.105815	0
    Cs(r):	640.51175	637.27371	3.2380354	0

    writing force and moment coefficient files.

Time = 34

DILUPBiCGStab:  Solving for Ux, Initial residual = 7.055718e-05, Final residual = 1.5058337e-07, No Iterations 1
DILUPBiCGStab:  Solving for Uy, Initial residual = 0.0010140272, Final residual = 1.9199505e-06, No Iterations 1
DILUPBiCGStab:  Solving for Uz, Initial residual = 0.00015781589, Final residual = 4.0279328e-07, No Iterations 1
GAMG:  Solving for p, Initial residual = 0.051852387, Final residual = 0.00051644032, No Iterations 284
time step continuity errors : sum local = 7.5945814e-07, global = -7.4993705e-07, cumulative = -9.0991447e-06
DILUPBiCGStab:  Solving for omega, Initial residual = 4.2302755e-05, Final residual = 3.8763775e-08, No Iterations 1
DILUPBiCGStab:  Solving for k, Initial residual = 0.0002474214, Final residual = 2.7420451e-07, No Iterations 1
ExecutionTime = 104.33 s  ClockTime = 107 s

forceCoeffs forceCoeffs write:
    Coefficient	Total	Pressure	Viscous	Internal
    Cd:	251.45538	249.074	2.3813848	0
    Cd(f):	-16.875156	-17.218085	0.34292914	0
    Cd(r):	268.33054	266.29208	2.0384556	0
    Cl:	29.817834	29.677017	0.14081722	0
    Cl(f):	173.08057	171.19465	1.8859225	0
    Cl(r):	-143.26274	-141.51763	-1.7451053	0
    CmPitch:	158.17165	156.35614	1.8155139	0
    CmRoll:	-142.60285	-141.75508	-0.84776323	0
    CmYaw:	-320.50881	-317.66338	-2.8454308	0
    Cs:	111.90466	111.03065	0.87401668	0
    Cs(f):	-264.55648	-262.14806	-2.4084225	0
    Cs(r):	376.46114	373.1787	3.2824392	0

    writing force and moment coefficient files.

Time = 35

DILUPBiCGStab:  Solving for Ux, Initial residual = 7.365468e-05, Final residual = 2.2953154e-07, No Iterations 1
DILUPBiCGStab:  Solving for Uy, Initial residual = 0.00052852531, Final residual = 1.6605662e-06, No Iterations 1
DILUPBiCGStab:  Solving for Uz, Initial residual = 0.00013759503, Final residual = 4.3470509e-07, No Iterations 1
GAMG:  Solving for p, Initial residual = 0.025729256, Final residual = 0.00025581198, No Iterations 671
time step continuity errors : sum local = 6.6644038e-07, global = 6.6104658e-07, cumulative = -8.4380981e-06
DILUPBiCGStab:  Solving for omega, Initial residual = 3.664439e-05, Final residual = 3.7136661e-08, No Iterations 1
DILUPBiCGStab:  Solving for k, Initial residual = 0.00017567561, Final residual = 2.0910515e-07, No Iterations 1
ExecutionTime = 108.63 s  ClockTime = 111 s

forceCoeffs forceCoeffs write:
    Coefficient	Total	Pressure	Viscous	Internal
    Cd:	548.44744	545.48265	2.9647909	0
    Cd(f):	611.31002	610.43602	0.8740033	0
    Cd(r):	-62.862584	-64.953372	2.0907876	0
    Cl:	-169.05313	-168.91991	-0.13321501	0
    Cl(f):	281.16051	278.91894	2.2415666	0
    Cl(r):	-450.21363	-447.83885	-2.3747816	0
    CmPitch:	365.68707	363.3789	2.3081741	0
    CmRoll:	337.0863	337.6947	-0.60839214	0
    CmYaw:	-455.52896	-452.72035	-2.8086117	0
    Cs:	-423.54054	-424.19899	0.65844812	0
    Cs(f):	-667.29923	-664.81984	-2.4793876	0
    Cs(r):	243.75869	240.62086	3.1378357	0

    writing force and moment coefficient files.

Time = 36

DILUPBiCGStab:  Solving for Ux, Initial residual = 7.9406762e-05, Final residual = 2.6414576e-07, No Iterations 1
DILUPBiCGStab:  Solving for Uy, Initial residual = 0.00073709218, Final residual = 2.1949545e-06, No Iterations 1
DILUPBiCGStab:  Solving for Uz, Initial residual = 0.00015503519, Final residual = 4.5508143e-07, No Iterations 1
GAMG:  Solving for p, Initial residual = 0.012856543, Final residual = 0.00012794584, No Iterations 682
time step continuity errors : sum local = 5.6823565e-07, global = -5.6384616e-07, cumulative = -9.0019443e-06
DILUPBiCGStab:  Solving for omega, Initial residual = 2.6737255e-05, Final residual = 3.3792362e-08, No Iterations 1
DILUPBiCGStab:  Solving for k, Initial residual = 0.00011435287, Final residual = 1.8386087e-07, No Iterations 1
ExecutionTime = 112.97 s  ClockTime = 116 s

forceCoeffs forceCoeffs write:
    Coefficient	Total	Pressure	Viscous	Internal
    Cd:	797.08291	793.40641	3.6765012	0
    Cd(f):	1340.747	1339.1166	1.6304338	0
    Cd(r):	-543.66413	-545.71019	2.0460674	0
    Cl:	-396.79967	-396.2323	-0.56737085	0
    Cl(f):	407.63299	404.86107	2.7719192	0
    Cl(r):	-804.43267	-801.09338	-3.33929	0
    CmPitch:	606.03283	602.97722	3.0556046	0
    CmRoll:	942.20558	942.4134	-0.20781682	0
    CmYaw:	-768.53351	-765.55759	-2.9759217	0
    Cs:	-1139.0989	-1139.2897	0.19076728	0
    Cs(f):	-1338.083	-1335.2024	-2.8805381	0
    Cs(r):	198.98405	195.91274	3.0713053	0

    writing force and moment coefficient files.

Time = 37

DILUPBiCGStab:  Solving for Ux, Initial residual = 7.048803e-05, Final residual = 2.5887609e-07, No Iterations 1
DILUPBiCGStab:  Solving for Uy, Initial residual = 0.0009922113, Final residual = 4.1287506e-06, No Iterations 1
DILUPBiCGStab:  Solving for Uz, Initial residual = 0.00014860698, Final residual = 5.1013543e-07, No Iterations 1
GAMG:  Solving for p, Initial residual = 0.007697318, Final residual = 7.6523458e-05, No Iterations 684
time step continuity errors : sum local = 4.9016907e-07, global = -4.8660164e-07, cumulative = -9.4885459e-06
DILUPBiCGStab:  Solving for omega, Initial residual = 2.209125e-05, Final residual = 3.2402553e-08, No Iterations 1
DILUPBiCGStab:  Solving for k, Initial residual = 0.00010775491, Final residual = 1.0411977e-07, No Iterations 1
ExecutionTime = 117.49 s  ClockTime = 120 s

forceCoeffs forceCoeffs write:
    Coefficient	Total	Pressure	Viscous	Internal
    Cd:	758.50012	754.38827	4.1118582	0
    Cd(f):	1540.53	1538.4817	2.0483674	0
    Cd(r):	-782.02991	-784.0934	2.0634909	0
    Cl:	-448.07532	-447.42333	-0.65198737	0
    Cl(f):	286.17309	283.22772	2.9453678	0
    Cl(r):	-734.24841	-730.65106	-3.5973552	0
    CmPitch:	510.21075	506.93939	3.2713615	0
    CmRoll:	1161.28	1161.2875	-0.0075617418	0
    CmYaw:	-653.32078	-650.42483	-2.8959496	0
    Cs:	-1334.95	-1334.955	0.0049681742	0
    Cs(f):	-1320.7958	-1317.9023	-2.8934655	0
    Cs(r):	-14.154238	-17.052672	2.8984337	0

    writing force and moment coefficient files.

Time = 38

DILUPBiCGStab:  Solving for Ux, Initial residual = 6.2275714e-05, Final residual = 2.4821039e-07, No Iterations 1
DILUPBiCGStab:  Solving for Uy, Initial residual = 0.0026093544, Final residual = 1.4971308e-05, No Iterations 1
DILUPBiCGStab:  Solving for Uz, Initial residual = 0.00014540302, Final residual = 5.7604922e-07, No Iterations 1
GAMG:  Solving for p, Initial residual = 0.0088694568, Final residual = 8.745309e-05, No Iterations 334
time step continuity errors : sum local = 4.8239788e-07, global = -4.7862288e-07, cumulative = -9.9671688e-06
DILUPBiCGStab:  Solving for omega, Initial residual = 1.6601506e-05, Final residual = 2.9760908e-08, No Iterations 1
DILUPBiCGStab:  Solving for k, Initial residual = 0.0001286041, Final residual = 1.891634e-07, No Iterations 1
ExecutionTime = 119.78 s  ClockTime = 122 s

forceCoeffs forceCoeffs write:
    Coefficient	Total	Pressure	Viscous	Internal
    Cd:	503.86654	499.30731	4.5592258	0
    Cd(f):	1235.9588	1233.6268	2.3320419	0
    Cd(r):	-732.0923	-734.31948	2.2271839	0
    Cl:	-333.05669	-332.3306	-0.72609802	0
    Cl(f):	-12.860774	-16.140969	3.2801943	0
    Cl(r):	-320.19592	-316.18963	-4.0062923	0
    CmPitch:	153.66757	150.02433	3.6432433	0
    CmRoll:	984.02557	983.97314	0.052429023	0
    CmYaw:	-215.92692	-212.88793	-3.0389848	0
    Cs:	-1021.9734	-1021.8685	-0.10490351	0
    Cs(f):	-726.91362	-723.82218	-3.0914366	0
    Cs(r):	-295.05978	-298.04631	2.9865331	0

    writing force and moment coefficient files.

Time = 39

DILUPBiCGStab:  Solving for Ux, Initial residual = 5.3080274e-05, Final residual = 1.658087e-07, No Iterations 1
DILUPBiCGStab:  Solving for Uy, Initial residual = 0.0014495822, Final residual = 6.5107885e-06, No Iterations 1
DILUPBiCGStab:  Solving for Uz, Initial residual = 0.00014292362, Final residual = 4.5843666e-07, No Iterations 1
GAMG:  Solving for p, Initial residual = 0.019986209, Final residual = 0.00019774804, No Iterations 236
time step continuity errors : sum local = 5.2651428e-07, global = -5.2221017e-07, cumulative = -1.0489379e-05
DILUPBiCGStab:  Solving for omega, Initial residual = 1.5839401e-05, Final residual = 2.7836271e-08, No Iterations 1
DILUPBiCGStab:  Solving for k, Initial residual = 0.00013627344, Final residual = 1.4376269e-07, No Iterations 1
ExecutionTime = 121.46 s  ClockTime = 124 s

forceCoeffs forceCoeffs write:
    Coefficient	Total	Pressure	Viscous	Internal
    Cd:	196.41353	191.66406	4.7494646	0
    Cd(f):	752.21704	750.00599	2.2110475	0
    Cd(r):	-555.80352	-558.34193	2.5384171	0
    Cl:	-170.86973	-170.09738	-0.77235026	0
    Cl(f):	-301.61453	-305.12557	3.5110388	0
    Cl(r):	130.7448	135.02819	-4.2833891	0
    CmPitch:	-216.17967	-220.07688	3.897214	0
    CmRoll:	654.01028	654.17396	-0.16368483	0
    CmYaw:	195.25165	198.35912	-3.1074701	0
    Cs:	-552.85453	-552.95903	0.10450204	0
    Cs(f):	-81.175615	-78.120396	-3.055219	0
    Cs(r):	-471.67892	-474.83864	3.1597211	0

    writing force and moment coefficient files.

Time = 40

DILUPBiCGStab:  Solving for Ux, Initial residual = 4.479429e-05, Final residual = 1.1170072e-07, No Iterations 1
DILUPBiCGStab:  Solving for Uy, Initial residual = 0.00048138657, Final residual = 1.5008089e-06, No Iterations 1
DILUPBiCGStab:  Solving for Uz, Initial residual = 0.00014139796, Final residual = 4.2443685e-07, No Iterations 1
GAMG:  Solving for p, Initial residual = 0.10364385, Final residual = 0.0010124477, No Iterations 231
time step continuity errors : sum local = 4.6807457e-07, global = 4.6461741e-07, cumulative = -1.0024762e-05
DILUPBiCGStab:  Solving for omega, Initial residual = 1.1910793e-05, Final residual = 2.6342016e-08, No Iterations 1
DILUPBiCGStab:  Solving for k, Initial residual = 8.3595218e-05, Final residual = 1.2229275e-07, No Iterations 1
ExecutionTime = 123.1 s  ClockTime = 126 s

forceCoeffs forceCoeffs write:
    Coefficient	Total	Pressure	Viscous	Internal
    Cd:	-128.61682	-133.57827	4.9614443	0
    Cd(f):	163.13185	160.97803	2.1538245	0
    Cd(r):	-291.74868	-294.55629	2.8076198	0
    Cl:	9.1319492	9.8008358	-0.6688866	0
    Cl(f):	-519.76583	-523.49859	3.7327623	0
    Cl(r):	528.89778	533.29943	-4.4016489	0
    CmPitch:	-524.3318	-528.39901	4.0672056	0
    CmRoll:	227.44026	227.76716	-0.32689766	0
    CmYaw:	469.18185	472.48453	-3.3026796	0
    Cs:	-17.506039	-17.742506	0.23646614	0
    Cs(f):	460.42883	463.61327	-3.1844466	0
    Cs(r):	-477.93487	-481.35578	3.4209127	0

    writing force and moment coefficient files.

Time = 41

DILUPBiCGStab:  Solving for Ux, Initial residual = 4.9304599e-05, Final residual = 1.1888571e-07, No Iterations 1
DILUPBiCGStab:  Solving for Uy, Initial residual = 0.00049356257, Final residual = 1.2519556e-06, No Iterations 1
DILUPBiCGStab:  Solving for Uz, Initial residual = 0.00016372428, Final residual = 5.2158013e-07, No Iterations 1
GAMG:  Solving for p, Initial residual = 0.01176842, Final residual = 0.00011610809, No Iterations 341
time step continuity errors : sum local = 3.4528943e-07, global = 3.426412e-07, cumulative = -9.6821204e-06
DILUPBiCGStab:  Solving for omega, Initial residual = 1.217698e-05, Final residual = 2.5385366e-08, No Iterations 1
DILUPBiCGStab:  Solving for k, Initial residual = 5.3913223e-05, Final residual = 1.2155835e-07, No Iterations 1
ExecutionTime = 125.47 s  ClockTime = 128 s

forceCoeffs forceCoeffs write:
    Coefficient	Total	Pressure	Viscous	Internal
    Cd:	-525.25558	-530.30593	5.0503415	0
    Cd(f):	-671.07377	-672.93488	1.8611185	0
    Cd(r):	145.81818	142.62896	3.1892229	0
    Cl:	276.55402	277.01799	-0.46397231	0
    Cl(f):	-794.16787	-797.95389	3.7860215	0
    Cl(r):	1070.7219	1074.9719	-4.2499938	0
    CmPitch:	-932.44488	-936.46288	4.0180077	0
    CmRoll:	-408.44597	-407.78192	-0.66405221	0
    CmYaw:	894.02096	897.22731	-3.2063545	0
    Cs:	781.54003	780.90556	0.63446073	0
    Cs(f):	1284.791	1287.6801	-2.8891241	0
    Cs(r):	-503.25095	-506.77453	3.5235849	0

    writing force and moment coefficient files.

Time = 42

DILUPBiCGStab:  Solving for Ux, Initial residual = 6.4322146e-05, Final residual = 9.6174833e-08, No Iterations 1
DILUPBiCGStab:  Solving for Uy, Initial residual = 0.00097851159, Final residual = 1.1324016e-06, No Iterations 1
DILUPBiCGStab:  Solving for Uz, Initial residual = 0.00020176507, Final residual = 4.0094802e-07, No Iterations 1
GAMG:  Solving for p, Initial residual = 0.0041152961, Final residual = 4.0967379e-05, No Iterations 669
time step continuity errors : sum local = 2.6330719e-07, global = 2.6166439e-07, cumulative = -9.420456e-06
DILUPBiCGStab:  Solving for omega, Initial residual = 8.607025e-06, Final residual = 2.2945236e-08, No Iterations 1
DILUPBiCGStab:  Solving for k, Initial residual = 5.3322636e-05, Final residual = 1.1825357e-07, No Iterations 1
ExecutionTime = 129.75 s  ClockTime = 132 s

forceCoeffs forceCoeffs write:
    Coefficient	Total	Pressure	Viscous	Internal
    Cd:	-951.7299	-956.84917	5.1192621	0
    Cd(f):	-1665.1339	-1666.5459	1.4120205	0
    Cd(r):	713.40401	709.69676	3.7072416	0
    Cl:	583.12225	583.41847	-0.29621666	0
    Cl(f):	-1092.6898	-1096.479	3.7891926	0
    Cl(r):	1675.8121	1679.8975	-4.0854093	0
    CmPitch:	-1384.2509	-1388.1882	3.9373009	0
    CmRoll:	-1189.269	-1188.1213	-1.1476106	0
    CmYaw:	1469.8569	1472.7759	-2.9190119	0
    Cs:	1768.4129	1767.1506	1.2622645	0
    Cs(f):	2354.0634	2356.3512	-2.2878797	0
    Cs(r):	-585.65047	-589.20061	3.5501441	0

    writing force and moment coefficient files.

Time = 43

DILUPBiCGStab:  Solving for Ux, Initial residual = 7.3906225e-05, Final residual = 8.5100194e-08, No Iterations 1
DILUPBiCGStab:  Solving for Uy, Initial residual = 0.0018401219, Final residual = 1.4378033e-06, No Iterations 1
DILUPBiCGStab:  Solving for Uz, Initial residual = 0.00019725099, Final residual = 3.54446e-07, No Iterations 1
GAMG:  Solving for p, Initial residual = 0.0021498118, Final residual = 2.1295909e-05, No Iterations 633
time step continuity errors : sum local = 2.2704438e-07, global = -2.2558848e-07, cumulative = -9.6460445e-06
DILUPBiCGStab:  Solving for omega, Initial residual = 3.385616e-06, Final residual = 2.1037973e-08, No Iterations 1
DILUPBiCGStab:  Solving for k, Initial residual = 5.4315134e-05, Final residual = 1.310603e-07, No Iterations 1
ExecutionTime = 133.59 s  ClockTime = 136 s

forceCoeffs forceCoeffs write:
    Coefficient	Total	Pressure	Viscous	Internal
    Cd:	-1066.3516	-1071.7689	5.4173407	0
    Cd(f):	-2032.7536	-2034.2838	1.5302141	0
    Cd(r):	966.40198	962.51485	3.8871267	0
    Cl:	702.97195	703.273	-0.30104768	0
    Cl(f):	-1108.0223	-1112.0124	3.9901553	0
    Cl(r):	1810.9942	1815.2854	-4.291203	0
    CmPitch:	-1459.5082	-1463.6489	4.1406791	0
    CmRoll:	-1499.5778	-1498.3993	-1.1784563	0
    CmYaw:	1561.6254	1564.6863	-3.0609644	0
    Cs:	2109.9397	2108.6432	1.2965034	0
    Cs(f):	2616.5952	2619.0079	-2.4127126	0
    Cs(r):	-506.65552	-510.36474	3.7092161	0

    writing force and moment coefficient files.

Time = 44

DILUPBiCGStab:  Solving for Ux, Initial residual = 7.2470572e-05, Final residual = 8.1469259e-08, No Iterations 1
DILUPBiCGStab:  Solving for Uy, Initial residual = 0.0049199342, Final residual = 3.4336765e-06, No Iterations 1
DILUPBiCGStab:  Solving for Uz, Initial residual = 0.00018091757, Final residual = 3.1467929e-07, No Iterations 1
GAMG:  Solving for p, Initial residual = 0.0021682715, Final residual = 2.1575424e-05, No Iterations 238
time step continuity errors : sum local = 2.4757277e-07, global = 2.4590579e-07, cumulative = -9.4001387e-06
DILUPBiCGStab:  Solving for omega, Initial residual = 2.6094786e-06, Final residual = 1.9614462e-08, No Iterations 1
DILUPBiCGStab:  Solving for k, Initial residual = 5.1179631e-05, Final residual = 1.4492517e-07, No Iterations 1
ExecutionTime = 135.16 s  ClockTime = 138 s

forceCoeffs forceCoeffs write:
    Coefficient	Total	Pressure	Viscous	Internal
    Cd:	-895.00128	-900.70717	5.7058874	0
    Cd(f):	-1804.7733	-1806.3361	1.5627768	0
    Cd(r):	909.77204	905.62893	4.1431106	0
    Cl:	624.15236	624.47779	-0.32543134	0
    Cl(f):	-892.60504	-896.78054	4.175491	0
    Cl(r):	1516.7574	1521.2583	-4.5009223	0
    CmPitch:	-1204.6812	-1209.0194	4.3382066	0
    CmRoll:	-1357.2727	-1355.9825	-1.2901669	0
    CmYaw:	1238.8054	1241.8634	-3.0579701	0
    Cs:	1859.6048	1858.1588	1.4460159	0
    Cs(f):	2168.6078	2170.9428	-2.3349621	0
    Cs(r):	-309.00302	-312.784	3.780978	0

    writing force and moment coefficient files.

Time = 45

DILUPBiCGStab:  Solving for Ux, Initial residual = 6.9905189e-05, Final residual = 9.5004247e-08, No Iterations 1
DILUPBiCGStab:  Solving for Uy, Initial residual = 0.0082703596, Final residual = 6.9948142e-06, No Iterations 1
DILUPBiCGStab:  Solving for Uz, Initial residual = 0.00017012353, Final residual = 3.0538187e-07, No Iterations 1
GAMG:  Solving for p, Initial residual = 0.002884359, Final residual = 2.8306439e-05, No Iterations 231
time step continuity errors : sum local = 2.6173043e-07, global = -2.59982e-07, cumulative = -9.6601207e-06
DILUPBiCGStab:  Solving for omega, Initial residual = 2.6435702e-06, Final residual = 1.902763e-08, No Iterations 1
DILUPBiCGStab:  Solving for k, Initial residual = 4.9703363e-05, Final residual = 1.7988118e-07, No Iterations 1
ExecutionTime = 136.66 s  ClockTime = 139 s

forceCoeffs forceCoeffs write:
    Coefficient	Total	Pressure	Viscous	Internal
    Cd:	-559.30915	-565.25479	5.9456417	0
    Cd(f):	-1233.203	-1234.7065	1.5034538	0
    Cd(r):	673.89389	669.4517	4.4421879	0
    Cl:	440.50425	440.83383	-0.32958623	0
    Cl(f):	-577.02181	-581.30155	4.2797414	0
    Cl(r):	1017.5261	1022.1354	-4.6093277	0
    CmPitch:	-797.27393	-801.71847	4.4445345	0
    CmRoll:	-953.54847	-952.0791	-1.4693671	0
    CmYaw:	741.78718	744.61733	-2.8301458	0
    Cs:	1287.1593	1285.4451	1.7141596	0
    Cs(f):	1385.3668	1387.3399	-1.9730661	0
    Cs(r):	-98.207532	-101.89476	3.6872256	0

    writing force and moment coefficient files.

Time = 46

DILUPBiCGStab:  Solving for Ux, Initial residual = 6.3009378e-05, Final residual = 1.1743177e-07, No Iterations 1
DILUPBiCGStab:  Solving for Uy, Initial residual = 0.0021194653, Final residual = 2.9454485e-06, No Iterations 1
DILUPBiCGStab:  Solving for Uz, Initial residual = 0.0001534279, Final residual = 3.1290439e-07, No Iterations 1
GAMG:  Solving for p, Initial residual = 0.0051032125, Final residual = 5.0208144e-05, No Iterations 209
time step continuity errors : sum local = 2.7848388e-07, global = -2.7660847e-07, cumulative = -9.9367291e-06
DILUPBiCGStab:  Solving for omega, Initial residual = 3.0729697e-06, Final residual = 1.8752836e-08, No Iterations 1
DILUPBiCGStab:  Solving for k, Initial residual = 5.9670627e-05, Final residual = 2.2185043e-07, No Iterations 1
ExecutionTime = 138.04 s  ClockTime = 141 s

forceCoeffs forceCoeffs write:
    Coefficient	Total	Pressure	Viscous	Internal
    Cd:	-135.87947	-142.05491	6.1754406	0
    Cd(f):	-422.54061	-423.99302	1.4524117	0
    Cd(r):	286.66114	281.93812	4.723029	0
    Cl:	188.3331	188.7484	-0.41530659	0
    Cl(f):	-231.96712	-236.39006	4.4229382	0
    Cl(r):	420.30022	425.13846	-4.8382448	0
    CmPitch:	-326.13367	-330.76426	4.6305915	0
    CmRoll:	-354.60088	-352.96557	-1.6353086	0
    CmYaw:	152.75088	155.40824	-2.6573619	0
    Cs:	492.24177	490.29452	1.947249	0
    Cs(f):	398.87176	400.5555	-1.6837374	0
    Cs(r):	93.370004	89.739017	3.6309864	0

    writing force and moment coefficient files.

Time = 47

DILUPBiCGStab:  Solving for Ux, Initial residual = 5.86091e-05, Final residual = 1.4656797e-07, No Iterations 1
DILUPBiCGStab:  Solving for Uy, Initial residual = 0.0011086779, Final residual = 2.5220645e-06, No Iterations 1
DILUPBiCGStab:  Solving for Uz, Initial residual = 0.00014059369, Final residual = 4.0656459e-07, No Iterations 1
GAMG:  Solving for p, Initial residual = 0.024169725, Final residual = 0.00024146677, No Iterations 187
time step continuity errors : sum local = 2.8098367e-07, global = 2.7906498e-07, cumulative = -9.6576642e-06
DILUPBiCGStab:  Solving for omega, Initial residual = 2.7848193e-06, Final residual = 1.740294e-08, No Iterations 1
DILUPBiCGStab:  Solving for k, Initial residual = 5.5790039e-05, Final residual = 1.7383412e-07, No Iterations 1
ExecutionTime = 139.3 s  ClockTime = 142 s

forceCoeffs forceCoeffs write:
    Coefficient	Total	Pressure	Viscous	Internal
    Cd:	244.04671	237.58259	6.4641175	0
    Cd(f):	391.0272	389.45178	1.5754229	0
    Cd(r):	-146.98049	-151.86919	4.8886946	0
    Cl:	-57.889917	-57.355799	-0.53411812	0
    Cl(f):	51.976662	47.37071	4.6059514	0
    Cl(r):	-109.86658	-104.72651	-5.1400695	0
    CmPitch:	80.92162	76.04861	4.8730105	0
    CmRoll:	269.00385	270.66048	-1.6566358	0
    CmYaw:	-399.1736	-396.52432	-2.6492799	0
    Cs:	-308.18453	-310.17865	1.9941273	0
    Cs(f):	-553.26586	-551.61365	-1.6522162	0
    Cs(r):	245.08134	241.43499	3.6463436	0

    writing force and moment coefficient files.

Time = 48

DILUPBiCGStab:  Solving for Ux, Initial residual = 4.9387159e-05, Final residual = 1.2234861e-07, No Iterations 1
DILUPBiCGStab:  Solving for Uy, Initial residual = 0.00085828209, Final residual = 2.1360068e-06, No Iterations 1
DILUPBiCGStab:  Solving for Uz, Initial residual = 0.0001192247, Final residual = 3.7191214e-07, No Iterations 1
GAMG:  Solving for p, Initial residual = 0.0096350115, Final residual = 9.608116e-05, No Iterations 159
time step continuity errors : sum local = 2.5768721e-07, global = -2.5579911e-07, cumulative = -9.9134633e-06
DILUPBiCGStab:  Solving for omega, Initial residual = 2.1818818e-06, Final residual = 1.5753829e-08, No Iterations 1
DILUPBiCGStab:  Solving for k, Initial residual = 4.0592393e-05, Final residual = 1.144696e-07, No Iterations 1
ExecutionTime = 140.4 s  ClockTime = 143 s

forceCoeffs forceCoeffs write:
    Coefficient	Total	Pressure	Viscous	Internal
    Cd:	437.24549	430.47025	6.7752382	0
    Cd(f):	856.21014	854.46765	1.7424881	0
    Cd(r):	-418.96465	-423.9974	5.0327502	0
    Cl:	-193.59975	-192.9349	-0.66484723	0
    Cl(f):	158.61896	153.78824	4.8307193	0
    Cl(r):	-352.2187	-346.72314	-5.4955666	0
    CmPitch:	255.41883	250.25569	5.1631429	0
    CmRoll:	637.5874	639.23253	-1.645131	0
    CmYaw:	-647.86427	-645.15655	-2.7077178	0
    Cs:	-753.70875	-755.68918	1.9804265	0
    Cs(f):	-1024.7186	-1023.0011	-1.7175045	0
    Cs(r):	271.00989	267.31196	3.697931	0

    writing force and moment coefficient files.

Time = 49

DILUPBiCGStab:  Solving for Ux, Initial residual = 4.6345998e-05, Final residual = 1.1183743e-07, No Iterations 1
DILUPBiCGStab:  Solving for Uy, Initial residual = 0.001442023, Final residual = 3.2297383e-06, No Iterations 1
DILUPBiCGStab:  Solving for Uz, Initial residual = 0.00011777721, Final residual = 3.0866917e-07, No Iterations 1
GAMG:  Solving for p, Initial residual = 0.0051509723, Final residual = 5.0220835e-05, No Iterations 127
time step continuity errors : sum local = 2.1606087e-07, global = 2.1445766e-07, cumulative = -9.6990056e-06
DILUPBiCGStab:  Solving for omega, Initial residual = 2.0158794e-06, Final residual = 1.4949169e-08, No Iterations 1
DILUPBiCGStab:  Solving for k, Initial residual = 3.7486286e-05, Final residual = 1.0171456e-07, No Iterations 1
ExecutionTime = 141.32 s  ClockTime = 144 s

forceCoeffs forceCoeffs write:
    Coefficient	Total	Pressure	Viscous	Internal
    Cd:	462.24138	455.0897	7.1516828	0
    Cd(f):	978.98555	976.80841	2.1771379	0
    Cd(r):	-516.74417	-521.71871	4.9745449	0
    Cl:	-226.72695	-225.86437	-0.86258493	0
    Cl(f):	126.4541	121.31452	5.1395843	0
    Cl(r):	-353.18106	-347.17889	-6.0021692	0
    CmPitch:	239.81758	234.24671	5.5708767	0
    CmRoll:	747.86486	749.26356	-1.3987035	0
    CmYaw:	-634.85344	-631.82144	-3.0320079	0
    Cs:	-858.31755	-859.96139	1.6438416	0
    Cs(f):	-1064.0122	-1061.8021	-2.2100871	0
    Cs(r):	205.69467	201.84074	3.8539287	0

    writing force and moment coefficient files.

Time = 50

DILUPBiCGStab:  Solving for Ux, Initial residual = 4.5230929e-05, Final residual = 8.8706008e-08, No Iterations 1
DILUPBiCGStab:  Solving for Uy, Initial residual = 0.013477681, Final residual = 2.4304915e-05, No Iterations 1
DILUPBiCGStab:  Solving for Uz, Initial residual = 0.00012701734, Final residual = 2.9623424e-07, No Iterations 1
GAMG:  Solving for p, Initial residual = 0.005102814, Final residual = 5.0553015e-05, No Iterations 108
time step continuity errors : sum local = 2.108444e-07, global = 2.0901557e-07, cumulative = -9.48999e-06
DILUPBiCGStab:  Solving for omega, Initial residual = 1.4350037e-06, Final residual = 1.4095167e-08, No Iterations 1
DILUPBiCGStab:  Solving for k, Initial residual = 3.540729e-05, Final residual = 9.701905e-08, No Iterations 1
ExecutionTime = 142.14 s  ClockTime = 145 s

forceCoeffs forceCoeffs write:
    Coefficient	Total	Pressure	Viscous	Internal
    Cd:	363.18911	355.77162	7.4174917	0
    Cd(f):	830.61452	828.28735	2.3271708	0
    Cd(r):	-467.42541	-472.51573	5.0903209	0
    Cl:	-175.11176	-174.14327	-0.96848696	0
    Cl(f):	3.2426124	-2.1374838	5.3800963	0
    Cl(r):	-178.35437	-172.00579	-6.3485832	0
    CmPitch:	90.79849	84.934151	5.8643398	0
    CmRoll:	649.01996	650.40154	-1.3815751	0
    CmYaw:	-439.09192	-435.93987	-3.1520464	0
    Cs:	-699.13867	-700.72862	1.58995	0
    Cs(f):	-788.66125	-786.30418	-2.3570714	0
    Cs(r):	89.522582	85.57556	3.9470214	0

    writing force and moment coefficient files.

Time = 51

DILUPBiCGStab:  Solving for Ux, Initial residual = 4.187811e-05, Final residual = 8.4991843e-08, No Iterations 1
DILUPBiCGStab:  Solving for Uy, Initial residual = 0.0017412634, Final residual = 3.1492132e-06, No Iterations 1
DILUPBiCGStab:  Solving for Uz, Initial residual = 0.00012809418, Final residual = 3.1327548e-07, No Iterations 1
GAMG:  Solving for p, Initial residual = 0.0077404146, Final residual = 7.2813986e-05, No Iterations 104
time step continuity errors : sum local = 2.0508175e-07, global = 2.0352056e-07, cumulative = -9.2864695e-06
DILUPBiCGStab:  Solving for omega, Initial residual = 1.0252373e-06, Final residual = 7.4720709e-10, No Iterations 1
DILUPBiCGStab:  Solving for k, Initial residual = 3.4892958e-05, Final residual = 1.0506297e-07, No Iterations 1
ExecutionTime = 142.93 s  ClockTime = 146 s

forceCoeffs forceCoeffs write:
    Coefficient	Total	Pressure	Viscous	Internal
    Cd:	185.29897	177.61943	7.6795427	0
    Cd(f):	500.86314	498.39757	2.4655664	0
    Cd(r):	-315.56416	-320.77814	5.2139764	0
    Cl:	-67.306492	-66.240908	-1.0655837	0
    Cl(f):	-174.87056	-180.47151	5.6009509	0
    Cl(r):	107.56407	114.2306	-6.6665346	0
    CmPitch:	-141.21731	-147.35106	6.1337427	0
    CmRoll:	408.21365	409.58785	-1.374205	0
    CmYaw:	-134.43802	-131.17444	-3.2635766	0
    Cs:	-362.86264	-364.41801	1.5553748	0
    Cs(f):	-315.86934	-313.38345	-2.4858892	0
    Cs(r):	-46.9933	-51.034564	4.041264	0

    writing force and moment coefficient files.

Time = 52

DILUPBiCGStab:  Solving for Ux, Initial residual = 3.9699686e-05, Final residual = 8.0160689e-08, No Iterations 1
DILUPBiCGStab:  Solving for Uy, Initial residual = 0.0010433811, Final residual = 1.6304306e-06, No Iterations 1
DILUPBiCGStab:  Solving for Uz, Initial residual = 0.0001277813, Final residual = 3.1995322e-07, No Iterations 1
GAMG:  Solving for p, Initial residual = 0.027074088, Final residual = 0.00026949157, No Iterations 117
time step continuity errors : sum local = 2.0336706e-07, global = -2.0202761e-07, cumulative = -9.4884971e-06
DILUPBiCGStab:  Solving for omega, Initial residual = 9.0116814e-07, Final residual = 6.8322892e-10, No Iterations 1
DILUPBiCGStab:  Solving for k, Initial residual = 2.9664949e-05, Final residual = 9.7073338e-08, No Iterations 1
ExecutionTime = 143.82 s  ClockTime = 146 s

forceCoeffs forceCoeffs write:
    Coefficient	Total	Pressure	Viscous	Internal
    Cd:	-17.219221	-25.132982	7.913761	0
    Cd(f):	92.092877	89.516739	2.5761384	0
    Cd(r):	-109.3121	-114.64972	5.3376227	0
    Cl:	57.78766	58.917058	-1.1293984	0
    Cl(f):	-347.01973	-352.82176	5.802023	0
    Cl(r):	404.80739	411.73881	-6.9314214	0
    CmPitch:	-375.91356	-382.28028	6.3667222	0
    CmRoll:	100.70249	102.08323	-1.3807421	0
    CmYaw:	185.6644	189.04173	-3.377328	0
    Cs:	44.196616	42.660944	1.5356718	0
    Cs(f):	207.76271	210.3722	-2.6094921	0
    Cs(r):	-163.56609	-167.71125	4.1451639	0

    writing force and moment coefficient files.

Time = 53

DILUPBiCGStab:  Solving for Ux, Initial residual = 3.8111779e-05, Final residual = 8.0720735e-08, No Iterations 1
DILUPBiCGStab:  Solving for Uy, Initial residual = 0.00096277599, Final residual = 1.617451e-06, No Iterations 1
DILUPBiCGStab:  Solving for Uz, Initial residual = 0.00011865906, Final residual = 3.1222052e-07, No Iterations 1
GAMG:  Solving for p, Initial residual = 0.011860373, Final residual = 0.00011619275, No Iterations 124
time step continuity errors : sum local = 1.6667941e-07, global = 1.6534553e-07, cumulative = -9.3231516e-06
DILUPBiCGStab:  Solving for omega, Initial residual = 6.5499632e-07, Final residual = 7.1969544e-10, No Iterations 1
DILUPBiCGStab:  Solving for k, Initial residual = 1.9440515e-05, Final residual = 9.3417371e-08, No Iterations 1
ExecutionTime = 144.72 s  ClockTime = 147 s

forceCoeffs forceCoeffs write:
    Coefficient	Total	Pressure	Viscous	Internal
    Cd:	-160.32339	-168.42977	8.1063834	0
    Cd(f):	-208.16956	-210.82626	2.6566958	0
    Cd(r):	47.84617	42.396482	5.4496875	0
    Cl:	146.86138	148.03501	-1.1736325	0
    Cl(f):	-448.76825	-454.73258	5.9643218	0
    Cl(r):	595.62964	602.76759	-7.1379543	0
    CmPitch:	-522.19894	-528.75008	6.5511381	0
    CmRoll:	-128.00786	-126.61137	-1.3964958	0
    CmYaw:	383.53856	386.99907	-3.4605153	0
    Cs:	334.63032	333.0987	1.531617	0
    Cs(f):	550.85372	553.54843	-2.6947069	0
    Cs(r):	-216.2234	-220.44972	4.2263238	0

    writing force and moment coefficient files.

Time = 54

DILUPBiCGStab:  Solving for Ux, Initial residual = 3.6429281e-05, Final residual = 7.7749226e-08, No Iterations 1
DILUPBiCGStab:  Solving for Uy, Initial residual = 0.0013149976, Final residual = 2.5374421e-06, No Iterations 1
DILUPBiCGStab:  Solving for Uz, Initial residual = 0.00010947381, Final residual = 3.3231516e-07, No Iterations 1
GAMG:  Solving for p, Initial residual = 0.0052236881, Final residual = 4.9456913e-05, No Iterations 123
time step continuity errors : sum local = 1.3549966e-07, global = -1.3457268e-07, cumulative = -9.4577243e-06
DILUPBiCGStab:  Solving for omega, Initial residual = 5.2534398e-07, Final residual = 5.4005035e-10, No Iterations 1
DILUPBiCGStab:  Solving for k, Initial residual = 1.5959711e-05, Final residual = 6.7198076e-08, No Iterations 1
ExecutionTime = 145.59 s  ClockTime = 148 s

forceCoeffs forceCoeffs write:
    Coefficient	Total	Pressure	Viscous	Internal
    Cd:	-215.65967	-223.93146	8.2717877	0
    Cd(f):	-339.15873	-341.87663	2.7179061	0
    Cd(r):	123.49906	117.94518	5.5538816	0
    Cl:	182.03144	183.24119	-1.2097541	0
    Cl(f):	-469.87469	-475.97002	6.0953237	0
    Cl(r):	651.90613	659.21121	-7.3050778	0
    CmPitch:	-560.89041	-567.59061	6.7002008	0
    CmRoll:	-231.32889	-229.9109	-1.4179878	0
    CmYaw:	439.74263	443.24728	-3.5046472	0
    Cs:	454.82794	453.28411	1.5438326	0
    Cs(f):	667.1566	669.88933	-2.7327309	0
    Cs(r):	-212.32866	-216.60523	4.2765635	0

    writing force and moment coefficient files.

Time = 55

DILUPBiCGStab:  Solving for Ux, Initial residual = 3.5528674e-05, Final residual = 7.3290272e-08, No Iterations 1
DILUPBiCGStab:  Solving for Uy, Initial residual = 0.0023295563, Final residual = 3.9921793e-06, No Iterations 1
DILUPBiCGStab:  Solving for Uz, Initial residual = 0.00010517683, Final residual = 2.9284615e-07, No Iterations 1
GAMG:  Solving for p, Initial residual = 0.0042147521, Final residual = 4.0676037e-05, No Iterations 77
time step continuity errors : sum local = 1.2556431e-07, global = -1.2404868e-07, cumulative = -9.5817729e-06
DILUPBiCGStab:  Solving for omega, Initial residual = 4.8459925e-07, Final residual = 5.0461042e-10, No Iterations 1
DILUPBiCGStab:  Solving for k, Initial residual = 1.5609303e-05, Final residual = 5.9347803e-08, No Iterations 1
ExecutionTime = 146.24 s  ClockTime = 149 s

forceCoeffs forceCoeffs write:
    Coefficient	Total	Pressure	Viscous	Internal
    Cd:	-199.21852	-207.62348	8.4049656	0
    Cd(f):	-324.80624	-327.55897	2.7527302	0
    Cd(r):	125.58773	119.93549	5.6522354	0
    Cl:	173.01121	174.2535	-1.2422854	0
    Cl(f):	-431.8277	-438.02387	6.1961699	0
    Cl(r):	604.83892	612.27737	-7.4384553	0
    CmPitch:	-518.33331	-525.15062	6.8173126	0
    CmRoll:	-225.19698	-223.74723	-1.4497526	0
    CmYaw:	384.33787	387.86217	-3.5243028	0
    Cs:	431.28998	429.71337	1.5766127	0
    Cs(f):	599.98286	602.71886	-2.7359964	0
    Cs(r):	-168.69288	-173.00549	4.3126092	0

    writing force and moment coefficient files.

Time = 56

DILUPBiCGStab:  Solving for Ux, Initial residual = 3.3902024e-05, Final residual = 7.1445418e-08, No Iterations 1
DILUPBiCGStab:  Solving for Uy, Initial residual = 0.0086523181, Final residual = 1.541465e-05, No Iterations 1
DILUPBiCGStab:  Solving for Uz, Initial residual = 9.9084701e-05, Final residual = 2.4210159e-07, No Iterations 1
GAMG:  Solving for p, Initial residual = 0.005482466, Final residual = 5.2816635e-05, No Iterations 74
time step continuity errors : sum local = 1.4024411e-07, global = -1.3866525e-07, cumulative = -9.7204382e-06
DILUPBiCGStab:  Solving for omega, Initial residual = 5.7624055e-07, Final residual = 9.8439829e-09, No Iterations 1
DILUPBiCGStab:  Solving for k, Initial residual = 2.1038123e-05, Final residual = 9.5029881e-08, No Iterations 1
ExecutionTime = 146.87 s  ClockTime = 150 s

forceCoeffs forceCoeffs write:
    Coefficient	Total	Pressure	Viscous	Internal
    Cd:	-147.77922	-156.2837	8.5044816	0
    Cd(f):	-238.42996	-241.17922	2.7492571	0
    Cd(r):	90.650747	84.895522	5.7552246	0
    Cl:	143.76634	145.02623	-1.2598874	0
    Cl(f):	-370.29289	-376.56158	6.2686841	0
    Cl(r):	514.05923	521.5878	-7.5285715	0
    CmPitch:	-442.17606	-449.07469	6.8986278	0
    CmRoll:	-164.54036	-163.03737	-1.5029837	0
    CmYaw:	283.3098	286.81956	-3.5097568	0
    Cs:	339.27098	337.63098	1.6399951	0
    Cs(f):	452.94529	455.63505	-2.6897592	0
    Cs(r):	-113.67431	-118.00407	4.3297543	0

    writing force and moment coefficient files.

Time = 57

DILUPBiCGStab:  Solving for Ux, Initial residual = 3.3084609e-05, Final residual = 7.6807824e-08, No Iterations 1
DILUPBiCGStab:  Solving for Uy, Initial residual = 0.0032869278, Final residual = 6.8829487e-06, No Iterations 1
DILUPBiCGStab:  Solving for Uz, Initial residual = 9.2059874e-05, Final residual = 2.5101985e-07, No Iterations 1
GAMG:  Solving for p, Initial residual = 0.0075851327, Final residual = 7.4578783e-05, No Iterations 70
time step continuity errors : sum local = 1.4233814e-07, global = -1.4033681e-07, cumulative = -9.860775e-06
DILUPBiCGStab:  Solving for omega, Initial residual = 5.2361236e-07, Final residual = 9.5096921e-09, No Iterations 1
DILUPBiCGStab:  Solving for k, Initial residual = 1.9722804e-05, Final residual = 1.4703969e-07, No Iterations 1
ExecutionTime = 147.47 s  ClockTime = 150 s

forceCoeffs forceCoeffs write:
    Coefficient	Total	Pressure	Viscous	Internal
    Cd:	-68.596796	-77.117706	8.5209093	0
    Cd(f):	-86.846253	-89.482958	2.6367059	0
    Cd(r):	18.249456	12.365253	5.8842034	0
    Cl:	97.127693	98.360067	-1.232375	0
    Cl(f):	-293.62642	-299.88402	6.2575964	0
    Cl(r):	390.75412	398.24409	-7.4899713	0
    CmPitch:	-342.19027	-349.06405	6.8737838	0
    CmRoll:	-52.547854	-50.924106	-1.6237488	0
    CmYaw:	145.18706	148.57816	-3.3910993	0
    Cs:	185.16338	183.35935	1.8040303	0
    Cs(f):	237.76875	240.25784	-2.4890842	0
    Cs(r):	-52.605372	-56.898487	4.2931145	0

    writing force and moment coefficient files.

Time = 58

DILUPBiCGStab:  Solving for Ux, Initial residual = 3.4447077e-05, Final residual = 9.2976172e-08, No Iterations 1
DILUPBiCGStab:  Solving for Uy, Initial residual = 0.0021186924, Final residual = 5.2416093e-06, No Iterations 1
DILUPBiCGStab:  Solving for Uz, Initial residual = 9.0146631e-05, Final residual = 2.7520794e-07, No Iterations 1
GAMG:  Solving for p, Initial residual = 0.015387138, Final residual = 0.00014091248, No Iterations 70
time step continuity errors : sum local = 1.2781102e-07, global = -1.2544339e-07, cumulative = -9.9862184e-06
DILUPBiCGStab:  Solving for omega, Initial residual = 4.451058e-07, Final residual = 9.0131048e-09, No Iterations 1
DILUPBiCGStab:  Solving for k, Initial residual = 1.733247e-05, Final residual = 1.3468234e-07, No Iterations 1
ExecutionTime = 148.08 s  ClockTime = 151 s

forceCoeffs forceCoeffs write:
    Coefficient	Total	Pressure	Viscous	Internal
    Cd:	33.526357	24.943558	8.5827988	0
    Cd(f):	128.61257	126.02393	2.5886458	0
    Cd(r):	-95.086214	-101.08037	5.994153	0
    Cl:	36.281659	37.511163	-1.229504	0
    Cl(f):	-208.16645	-214.4456	6.2791527	0
    Cl(r):	244.44811	251.95677	-7.5086567	0
    CmPitch:	-226.30728	-233.20118	6.8939047	0
    CmRoll:	111.84939	113.55215	-1.7027536	0
    CmYaw:	-28.17955	-24.872526	-3.3070242	0
    Cs:	-31.05406	-32.968887	1.9148273	0
    Cs(f):	-43.70658	-41.35697	-2.3496106	0
    Cs(r):	12.652521	8.3880827	4.2644378	0

    writing force and moment coefficient files.

Time = 59

DILUPBiCGStab:  Solving for Ux, Initial residual = 3.2115962e-05, Final residual = 8.8219534e-08, No Iterations 1
DILUPBiCGStab:  Solving for Uy, Initial residual = 0.0018115628, Final residual = 4.9759615e-06, No Iterations 1
DILUPBiCGStab:  Solving for Uz, Initial residual = 8.6639293e-05, Final residual = 2.6056433e-07, No Iterations 1
GAMG:  Solving for p, Initial residual = 0.033638447, Final residual = 0.00031540567, No Iterations 61
time step continuity errors : sum local = 1.1564759e-07, global = 1.1171952e-07, cumulative = -9.8744989e-06
DILUPBiCGStab:  Solving for omega, Initial residual = 3.6942839e-07, Final residual = 8.4809907e-09, No Iterations 1
DILUPBiCGStab:  Solving for k, Initial residual = 1.3033993e-05, Final residual = 9.3865747e-08, No Iterations 1
ExecutionTime = 148.64 s  ClockTime = 151 s

forceCoeffs forceCoeffs write:
    Coefficient	Total	Pressure	Viscous	Internal
    Cd:	105.31602	96.677603	8.6384132	0
    Cd(f):	288.16794	285.62542	2.5425266	0
    Cd(r):	-182.85193	-188.94782	6.0958866	0
    Cl:	-7.8839713	-6.6601655	-1.2238058	0
    Cl(f):	-156.16337	-162.46148	6.2981094	0
    Cl(r):	148.2794	155.80132	-7.5219153	0
    CmPitch:	-152.22139	-159.1314	6.9100124	0
    CmRoll:	235.50994	237.28662	-1.77668	0
    CmYaw:	-143.58847	-140.35534	-3.2331369	0
    Cs:	-188.03166	-190.0496	2.0179469	0
    Cs(f):	-237.6043	-235.38014	-2.2241634	0
    Cs(r):	49.572646	45.330535	4.2421103	0

    writing force and moment coefficient files.

Time = 60

DILUPBiCGStab:  Solving for Ux, Initial residual = 3.0136335e-05, Final residual = 8.2731756e-08, No Iterations 1
DILUPBiCGStab:  Solving for Uy, Initial residual = 0.0028154713, Final residual = 7.7585421e-06, No Iterations 1
DILUPBiCGStab:  Solving for Uz, Initial residual = 8.5458047e-05, Final residual = 2.5261026e-07, No Iterations 1
GAMG:  Solving for p, Initial residual = 0.0094913361, Final residual = 9.4009821e-05, No Iterations 56
time step continuity errors : sum local = 1.070014e-07, global = -1.0365234e-07, cumulative = -9.9781512e-06
DILUPBiCGStab:  Solving for omega, Initial residual = 3.2588879e-07, Final residual = 8.0304244e-09, No Iterations 1
DILUPBiCGStab:  Solving for k, Initial residual = 1.2025632e-05, Final residual = 7.7211434e-08, No Iterations 1
ExecutionTime = 149.17 s  ClockTime = 152 s

forceCoeffs forceCoeffs write:
    Coefficient	Total	Pressure	Viscous	Internal
    Cd:	124.95162	116.244	8.7076221	0
    Cd(f):	338.15321	335.59432	2.5588889	0
    Cd(r):	-213.20159	-219.35032	6.1487332	0
    Cl:	-18.909648	-17.675356	-1.2342916	0
    Cl(f):	-154.34952	-160.68321	6.3336935	0
    Cl(r):	135.43987	143.00786	-7.567985	0
    CmPitch:	-144.8947	-151.84553	6.9508393	0
    CmRoll:	275.6774	277.47232	-1.7949221	0
    CmYaw:	-162.5167	-159.29415	-3.2225471	0
    Cs:	-232.28146	-234.32743	2.0459772	0
    Cs(f):	-278.65743	-276.45787	-2.1995585	0
    Cs(r):	46.375969	42.130433	4.2455357	0

    writing force and moment coefficient files.

Time = 61

DILUPBiCGStab:  Solving for Ux, Initial residual = 2.8636941e-05, Final residual = 7.5036825e-08, No Iterations 1
DILUPBiCGStab:  Solving for Uy, Initial residual = 0.015655119, Final residual = 4.0117971e-05, No Iterations 1
DILUPBiCGStab:  Solving for Uz, Initial residual = 8.4217865e-05, Final residual = 2.4256454e-07, No Iterations 1
GAMG:  Solving for p, Initial residual = 0.0093297306, Final residual = 9.0881418e-05, No Iterations 61
time step continuity errors : sum local = 1.1222117e-07, global = 1.1029147e-07, cumulative = -9.8678597e-06
DILUPBiCGStab:  Solving for omega, Initial residual = 3.1118134e-07, Final residual = 7.6091012e-09, No Iterations 1
DILUPBiCGStab:  Solving for k, Initial residual = 1.2413042e-05, Final residual = 6.4173618e-08, No Iterations 1
ExecutionTime = 149.72 s  ClockTime = 152 s

forceCoeffs forceCoeffs write:
    Coefficient	Total	Pressure	Viscous	Internal
    Cd:	108.86792	100.09185	8.7760681	0
    Cd(f):	310.63063	308.02786	2.6027741	0
    Cd(r):	-201.76271	-207.93601	6.173294	0
    Cl:	-9.5785688	-8.3293063	-1.2492625	0
    Cl(f):	-180.80559	-187.17695	6.3713661	0
    Cl(r):	171.22702	178.84765	-7.6206285	0
    CmPitch:	-176.0163	-183.0123	6.9959973	0
    CmRoll:	256.19667	257.98193	-1.78526	0
    CmYaw:	-119.55673	-116.31515	-3.2415848	0
    Cs:	-199.00847	-201.0453	2.0368237	0
    Cs(f):	-219.06097	-216.83779	-2.223173	0
    Cs(r):	20.052494	15.792497	4.2599966	0

    writing force and moment coefficient files.

Time = 62

DILUPBiCGStab:  Solving for Ux, Initial residual = 2.7279102e-05, Final residual = 6.8769126e-08, No Iterations 1
DILUPBiCGStab:  Solving for Uy, Initial residual = 0.0022158225, Final residual = 5.4371875e-06, No Iterations 1
DILUPBiCGStab:  Solving for Uz, Initial residual = 8.1179807e-05, Final residual = 2.3450888e-07, No Iterations 1
GAMG:  Solving for p, Initial residual = 0.012841554, Final residual = 0.00012600957, No Iterations 59
time step continuity errors : sum local = 1.1575261e-07, global = 1.1429568e-07, cumulative = -9.753564e-06
DILUPBiCGStab:  Solving for omega, Initial residual = 2.8234575e-07, Final residual = 7.2550462e-09, No Iterations 1
DILUPBiCGStab:  Solving for k, Initial residual = 1.1044533e-05, Final residual = 5.3139647e-08, No Iterations 1
ExecutionTime = 150.26 s  ClockTime = 153 s

forceCoeffs forceCoeffs write:
    Coefficient	Total	Pressure	Viscous	Internal
    Cd:	73.555518	64.701872	8.8536459	0
    Cd(f):	239.94153	237.24358	2.6979508	0
    Cd(r):	-166.38601	-172.54171	6.1556952	0
    Cl:	10.546955	11.827259	-1.2803044	0
    Cl(f):	-219.97923	-226.40537	6.4261387	0
    Cl(r):	230.52619	238.23263	-7.7064431	0
    CmPitch:	-225.25271	-232.319	7.0662909	0
    CmRoll:	203.16377	204.89264	-1.7288722	0
    CmYaw:	-47.117014	-43.805189	-3.3118243	0
    Cs:	-123.5575	-125.51961	1.9621119	0
    Cs(f):	-108.89576	-106.56499	-2.3307684	0
    Cs(r):	-14.661735	-18.954615	4.2928803	0

    writing force and moment coefficient files.

Time = 63

DILUPBiCGStab:  Solving for Ux, Initial residual = 2.5995071e-05, Final residual = 6.5497216e-08, No Iterations 1
DILUPBiCGStab:  Solving for Uy, Initial residual = 0.0013837597, Final residual = 3.7385505e-06, No Iterations 1
DILUPBiCGStab:  Solving for Uz, Initial residual = 7.9126042e-05, Final residual = 2.4785643e-07, No Iterations 1
GAMG:  Solving for p, Initial residual = 0.02707418, Final residual = 0.0002608038, No Iterations 59
time step continuity errors : sum local = 1.0914807e-07, global = -1.0779621e-07, cumulative = -9.8613603e-06
DILUPBiCGStab:  Solving for omega, Initial residual = 2.673474e-07, Final residual = 6.9302573e-09, No Iterations 1
DILUPBiCGStab:  Solving for k, Initial residual = 1.0705895e-05, Final residual = 5.2297317e-08, No Iterations 1
ExecutionTime = 150.81 s  ClockTime = 153 s

forceCoeffs forceCoeffs write:
    Coefficient	Total	Pressure	Viscous	Internal
    Cd:	32.470638	23.536261	8.934377	0
    Cd(f):	152.32443	149.54433	2.7801044	0
    Cd(r):	-119.8538	-126.00807	6.1542726	0
    Cl:	33.86805	35.175728	-1.3076782	0
    Cl(f):	-257.64656	-264.13716	6.4906034	0
    Cl(r):	291.51461	299.31289	-7.7982817	0
    CmPitch:	-274.58058	-281.72503	7.1444425	0
    CmRoll:	136.08912	137.7762	-1.6870841	0
    CmYaw:	30.000253	33.380482	-3.3802299	0
    Cs:	-33.434272	-35.335559	1.9012872	0
    Cs(f):	13.283117	15.712703	-2.4295863	0
    Cs(r):	-46.717388	-51.048262	4.3308735	0

    writing force and moment coefficient files.

Time = 64

DILUPBiCGStab:  Solving for Ux, Initial residual = 2.4527406e-05, Final residual = 6.4512945e-08, No Iterations 1
DILUPBiCGStab:  Solving for Uy, Initial residual = 0.0012184787, Final residual = 3.5554037e-06, No Iterations 1
DILUPBiCGStab:  Solving for Uz, Initial residual = 7.6495501e-05, Final residual = 2.5344421e-07, No Iterations 1
GAMG:  Solving for p, Initial residual = 0.066656904, Final residual = 0.00064506591, No Iterations 56
time step continuity errors : sum local = 9.3326834e-08, global = 9.0739482e-08, cumulative = -9.7706208e-06
DILUPBiCGStab:  Solving for omega, Initial residual = 2.3839995e-07, Final residual = 6.6347212e-09, No Iterations 1
DILUPBiCGStab:  Solving for k, Initial residual = 8.9665363e-06, Final residual = 5.575345e-08, No Iterations 1
ExecutionTime = 151.35 s  ClockTime = 154 s

forceCoeffs forceCoeffs write:
    Coefficient	Total	Pressure	Viscous	Internal
    Cd:	-6.6798105	-15.68088	9.0010697	0
    Cd(f):	66.178074	63.343831	2.8342435	0
    Cd(r):	-72.857885	-79.024711	6.1668262	0
    Cl:	56.535241	57.858355	-1.3231142	0
    Cl(f):	-288.87456	-295.41733	6.5427632	0
    Cl(r):	345.40981	353.27568	-7.8658774	0
    CmPitch:	-317.14218	-324.3465	7.2043203	0
    CmRoll:	69.51798	71.184271	-1.6662913	0
    CmYaw:	96.842186	100.26694	-3.4247569	0
    Cs:	53.08391	51.215324	1.8685868	0
    Cs(f):	123.38414	125.8746	-2.4904635	0
    Cs(r):	-70.30023	-74.659281	4.3590503	0

    writing force and moment coefficient files.

Time = 65

DILUPBiCGStab:  Solving for Ux, Initial residual = 2.4009992e-05, Final residual = 6.4717482e-08, No Iterations 1
DILUPBiCGStab:  Solving for Uy, Initial residual = 0.0014341702, Final residual = 4.1790228e-06, No Iterations 1
DILUPBiCGStab:  Solving for Uz, Initial residual = 7.4351124e-05, Final residual = 2.3687354e-07, No Iterations 1
GAMG:  Solving for p, Initial residual = 0.013784658, Final residual = 0.00012524669, No Iterations 55
time step continuity errors : sum local = 7.2109923e-08, global = -6.9986718e-08, cumulative = -9.8406075e-06
DILUPBiCGStab:  Solving for omega, Initial residual = 2.1445247e-07, Final residual = 6.3286486e-09, No Iterations 1
DILUPBiCGStab:  Solving for k, Initial residual = 9.105097e-06, Final residual = 5.5566784e-08, No Iterations 1
ExecutionTime = 151.89 s  ClockTime = 155 s

forceCoeffs forceCoeffs write:
    Coefficient	Total	Pressure	Viscous	Internal
    Cd:	-35.811305	-44.86566	9.0543552	0
    Cd(f):	0.97481317	-1.9009425	2.8757557	0
    Cd(r):	-36.786118	-42.964717	6.1785995	0
    Cl:	74.308368	75.640644	-1.3322765	0
    Cl(f):	-310.48226	-317.06734	6.5850828	0
    Cl(r):	384.79063	392.70799	-7.9173593	0
    CmPitch:	-347.63644	-354.88767	7.2512211	0
    CmRoll:	18.880466	20.531887	-1.6514219	0
    CmYaw:	141.71781	145.17836	-3.4605537	0
    Cs:	117.66207	115.81812	1.8439463	0
    Cs(f):	200.54884	203.08742	-2.5385805	0
    Cs(r):	-82.886772	-87.269299	4.3825269	0

    writing force and moment coefficient files.

Time = 66

DILUPBiCGStab:  Solving for Ux, Initial residual = 2.3592417e-05, Final residual = 6.4736687e-08, No Iterations 1
DILUPBiCGStab:  Solving for Uy, Initial residual = 0.0020951653, Final residual = 5.8173863e-06, No Iterations 1
DILUPBiCGStab:  Solving for Uz, Initial residual = 7.2923137e-05, Final residual = 2.2273977e-07, No Iterations 1
GAMG:  Solving for p, Initial residual = 0.0081236001, Final residual = 7.5472078e-05, No Iterations 53
time step continuity errors : sum local = 6.4949461e-08, global = -6.2925993e-08, cumulative = -9.9035335e-06
DILUPBiCGStab:  Solving for omega, Initial residual = 1.958098e-07, Final residual = 6.0284135e-09, No Iterations 1
DILUPBiCGStab:  Solving for k, Initial residual = 7.4281709e-06, Final residual = 5.2209712e-08, No Iterations 1
ExecutionTime = 152.39 s  ClockTime = 155 s

forceCoeffs forceCoeffs write:
    Coefficient	Total	Pressure	Viscous	Internal
    Cd:	-47.609459	-56.707799	9.0983396	0
    Cd(f):	-26.767194	-29.67629	2.9090954	0
    Cd(r):	-20.842265	-27.031509	6.1892442	0
    Cl:	82.592238	83.930223	-1.3379853	0
    Cl(f):	-317.81768	-324.43578	6.6180966	0
    Cl(r):	400.40992	408.366	-7.9560819	0
    CmPitch:	-359.1138	-366.40089	7.2870892	0
    CmRoll:	-2.9624645	-1.3223902	-1.6400744	0
    CmYaw:	154.95743	158.44472	-3.4872861	0
    Cs:	144.2845	142.45868	1.8258234	0
    Cs(f):	227.09968	229.67405	-2.5743744	0
    Cs(r):	-82.815179	-87.215377	4.4001978	0

    writing force and moment coefficient files.

Time = 67

DILUPBiCGStab:  Solving for Ux, Initial residual = 2.3154788e-05, Final residual = 6.6312007e-08, No Iterations 1
DILUPBiCGStab:  Solving for Uy, Initial residual = 0.0033666119, Final residual = 9.0378236e-06, No Iterations 1
DILUPBiCGStab:  Solving for Uz, Initial residual = 7.1276575e-05, Final residual = 2.2001109e-07, No Iterations 1
GAMG:  Solving for p, Initial residual = 0.0070135346, Final residual = 6.7779389e-05, No Iterations 51
time step continuity errors : sum local = 6.3714524e-08, global = 6.1007141e-08, cumulative = -9.8425263e-06
DILUPBiCGStab:  Solving for omega, Initial residual = 1.8093118e-07, Final residual = 5.753348e-09, No Iterations 1
DILUPBiCGStab:  Solving for k, Initial residual = 6.3166269e-06, Final residual = 4.3025298e-08, No Iterations 1
ExecutionTime = 152.9 s  ClockTime = 156 s

forceCoeffs forceCoeffs write:
    Coefficient	Total	Pressure	Viscous	Internal
    Cd:	-43.546081	-52.679319	9.1332373	0
    Cd(f):	-19.543488	-22.478528	2.9350404	0
    Cd(r):	-24.002594	-30.200791	6.198197	0
    Cl:	82.422895	83.763118	-1.3402227	0
    Cl(f):	-313.16928	-319.80956	6.640279	0
    Cl(r):	395.59217	403.57268	-7.9805017	0
    CmPitch:	-354.38073	-361.69112	7.3103903	0
    CmRoll:	2.2295529	3.8611312	-1.6315783	0
    CmYaw:	141.3337	144.83835	-3.5046528	0
    Cs:	135.77073	133.95675	1.8139861	0
    Cs(f):	209.21907	211.81673	-2.5976597	0
    Cs(r):	-73.448331	-77.859977	4.4116458	0

    writing force and moment coefficient files.

Time = 68

DILUPBiCGStab:  Solving for Ux, Initial residual = 2.2859051e-05, Final residual = 6.8974215e-08, No Iterations 1
DILUPBiCGStab:  Solving for Uy, Initial residual = 0.0070843638, Final residual = 1.9660052e-05, No Iterations 1
DILUPBiCGStab:  Solving for Uz, Initial residual = 6.9492666e-05, Final residual = 2.2251524e-07, No Iterations 1
GAMG:  Solving for p, Initial residual = 0.0078179617, Final residual = 7.1128333e-05, No Iterations 51
time step continuity errors : sum local = 5.9795552e-08, global = -5.8542738e-08, cumulative = -9.9010691e-06
DILUPBiCGStab:  Solving for omega, Initial residual = 1.6918235e-07, Final residual = 5.506501e-09, No Iterations 1
DILUPBiCGStab:  Solving for k, Initial residual = 5.564492e-06, Final residual = 4.143143e-08, No Iterations 1
ExecutionTime = 153.4 s  ClockTime = 156 s

forceCoeffs forceCoeffs write:
    Coefficient	Total	Pressure	Viscous	Internal
    Cd:	-28.888979	-38.048258	9.1592795	0
    Cd(f):	12.15897	9.2095941	2.9493758	0
    Cd(r):	-41.047949	-47.257852	6.2099037	0
    Cl:	75.829872	77.168627	-1.3387548	0
    Cl(f):	-301.00457	-307.66118	6.656605	0
    Cl(r):	376.83444	384.8298	-7.9953598	0
    CmPitch:	-338.91951	-346.24549	7.3259824	0
    CmRoll:	26.603459	28.233723	-1.6302639	0
    CmYaw:	110.54967	114.06276	-3.5130881	0
    Cs:	102.99472	101.18394	1.8107827	0
    Cs(f):	162.04703	164.65473	-2.6076968	0
    Cs(r):	-59.052307	-63.470786	4.4184795	0

    writing force and moment coefficient files.

Time = 69

DILUPBiCGStab:  Solving for Ux, Initial residual = 2.2504381e-05, Final residual = 7.1370997e-08, No Iterations 1
DILUPBiCGStab:  Solving for Uy, Initial residual = 0.017387809, Final residual = 5.2467097e-05, No Iterations 1
DILUPBiCGStab:  Solving for Uz, Initial residual = 6.7777792e-05, Final residual = 2.3159173e-07, No Iterations 1
GAMG:  Solving for p, Initial residual = 0.010609595, Final residual = 0.00010435138, No Iterations 52
time step continuity errors : sum local = 6.5451231e-08, global = -6.4147551e-08, cumulative = -9.9652166e-06
DILUPBiCGStab:  Solving for omega, Initial residual = 1.6009742e-07, Final residual = 5.2802852e-09, No Iterations 1
DILUPBiCGStab:  Solving for k, Initial residual = 5.0223722e-06, Final residual = 4.21443e-08, No Iterations 1
ExecutionTime = 153.93 s  ClockTime = 157 s

forceCoeffs forceCoeffs write:
    Coefficient	Total	Pressure	Viscous	Internal
    Cd:	-10.134174	-19.311797	9.1776227	0
    Cd(f):	54.333116	51.379634	2.953482	0
    Cd(r):	-64.46729	-70.691431	6.2241406	0
    Cl:	66.037451	67.371331	-1.3338798	0
    Cl(f):	-286.36785	-293.03061	6.6627549	0
    Cl(r):	352.4053	360.40194	-7.9966348	0
    CmPitch:	-319.38658	-326.71627	7.3296949	0
    CmRoll:	59.400203	61.035532	-1.6353293	0
    CmYaw:	74.035575	77.54572	-3.5101448	0
    Cs:	60.104398	58.285686	1.8187118	0
    Cs(f):	104.08777	106.68856	-2.6007889	0
    Cs(r):	-43.983376	-48.402877	4.4195007	0

    writing force and moment coefficient files.

Time = 70

DILUPBiCGStab:  Solving for Ux, Initial residual = 2.2146371e-05, Final residual = 7.327308e-08, No Iterations 1
DILUPBiCGStab:  Solving for Uy, Initial residual = 0.009559395, Final residual = 3.1387098e-05, No Iterations 1
DILUPBiCGStab:  Solving for Uz, Initial residual = 6.6274667e-05, Final residual = 2.4188831e-07, No Iterations 1
GAMG:  Solving for p, Initial residual = 0.016674846, Final residual = 0.00016225404, No Iterations 54
time step continuity errors : sum local = 6.1315849e-08, global = -5.9799997e-08, cumulative = -1.0025017e-05
DILUPBiCGStab:  Solving for omega, Initial residual = 1.519301e-07, Final residual = 5.0615308e-09, No Iterations 1
DILUPBiCGStab:  Solving for k, Initial residual = 4.5809028e-06, Final residual = 4.0313389e-08, No Iterations 1
ExecutionTime = 154.5 s  ClockTime = 157 s

forceCoeffs forceCoeffs write:
    Coefficient	Total	Pressure	Viscous	Internal
    Cd:	8.9181623	-0.27797919	9.1961415	0
    Cd(f):	98.483886	95.520131	2.963755	0
    Cd(r):	-89.565724	-95.798111	6.2323865	0
    Cl:	54.986786	56.317089	-1.3303035	0
    Cl(f):	-271.8777	-278.5458	6.6681032	0
    Cl(r):	326.86448	334.86289	-7.9984066	0
    CmPitch:	-299.37109	-306.70434	7.3332549	0
    CmRoll:	94.024805	95.659121	-1.6343158	0
    CmYaw:	38.174913	41.684927	-3.5100141	0
    Cs:	15.430108	13.610314	1.8197945	0
    Cs(f):	45.889967	48.490084	-2.6001168	0
    Cs(r):	-30.459859	-34.87977	4.4199113	0

    writing force and moment coefficient files.

Time = 71

DILUPBiCGStab:  Solving for Ux, Initial residual = 2.1614565e-05, Final residual = 7.4825198e-08, No Iterations 1
DILUPBiCGStab:  Solving for Uy, Initial residual = 0.018821719, Final residual = 6.4905483e-05, No Iterations 1
DILUPBiCGStab:  Solving for Uz, Initial residual = 6.4882402e-05, Final residual = 2.5186559e-07, No Iterations 1
GAMG:  Solving for p, Initial residual = 0.042257917, Final residual = 0.00041067145, No Iterations 51
time step continuity errors : sum local = 5.6815516e-08, global = 5.519294e-08, cumulative = -9.9698237e-06
DILUPBiCGStab:  Solving for omega, Initial residual = 1.4416844e-07, Final residual = 4.8600907e-09, No Iterations 1
DILUPBiCGStab:  Solving for k, Initial residual = 4.3679867e-06, Final residual = 3.9011522e-08, No Iterations 1
ExecutionTime = 155.13 s  ClockTime = 158 s

forceCoeffs forceCoeffs write:
    Coefficient	Total	Pressure	Viscous	Internal
    Cd:	22.685786	13.473662	9.2121246	0
    Cd(f):	130.78555	127.80946	2.9760885	0
    Cd(r):	-108.09976	-114.3358	6.2360361	0
    Cl:	47.360277	48.688383	-1.3281065	0
    Cl(f):	-262.65254	-269.32607	6.6735363	0
    Cl(r):	310.01281	318.01446	-8.0016428	0
    CmPitch:	-286.33268	-293.67027	7.3375895	0
    CmRoll:	119.44266	121.07263	-1.6299738	0
    CmYaw:	14.470009	17.98632	-3.5163105	0
    Cs:	-16.906645	-18.722312	1.8156666	0
    Cs(f):	6.0166867	8.6251639	-2.6084772	0
    Cs(r):	-22.923332	-27.347476	4.4241438	0

    writing force and moment coefficient files.

Time = 72

DILUPBiCGStab:  Solving for Ux, Initial residual = 2.1389019e-05, Final residual = 7.6199385e-08, No Iterations 1
DILUPBiCGStab:  Solving for Uy, Initial residual = 0.0058912303, Final residual = 2.0623396e-05, No Iterations 1
DILUPBiCGStab:  Solving for Uz, Initial residual = 6.4279386e-05, Final residual = 2.5983163e-07, No Iterations 1
GAMG:  Solving for p, Initial residual = 0.088905908, Final residual = 0.00085282837, No Iterations 52
time step continuity errors : sum local = 5.1709607e-08, global = -4.9907565e-08, cumulative = -1.0019731e-05
DILUPBiCGStab:  Solving for omega, Initial residual = 1.3710767e-07, Final residual = 4.6642103e-09, No Iterations 1
DILUPBiCGStab:  Solving for k, Initial residual = 4.1375105e-06, Final residual = 3.6977371e-08, No Iterations 1
ExecutionTime = 156.42 s  ClockTime = 159 s

forceCoeffs forceCoeffs write:
    Coefficient	Total	Pressure	Viscous	Internal
    Cd:	28.489629	19.26257	9.2270583	0
    Cd(f):	144.65713	141.66667	2.9904595	0
    Cd(r):	-116.1675	-122.4041	6.2365988	0
    Cl:	44.290577	45.616862	-1.3262847	0
    Cl(f):	-260.29546	-266.97516	6.6797046	0
    Cl(r):	304.58604	312.59203	-8.0059893	0
    CmPitch:	-282.44075	-289.7836	7.342847	0
    CmRoll:	130.41232	132.03539	-1.6230696	0
    CmYaw:	7.1079911	10.634763	-3.5267719	0
    Cs:	-30.197798	-32.005316	1.8075175	0
    Cs(f):	-7.9909079	-5.3678947	-2.6230132	0
    Cs(r):	-22.20689	-26.637421	4.4305306	0

    writing force and moment coefficient files.

Time = 73

DILUPBiCGStab:  Solving for Ux, Initial residual = 2.1365225e-05, Final residual = 7.9095402e-08, No Iterations 1
DILUPBiCGStab:  Solving for Uy, Initial residual = 0.0031257017, Final residual = 1.0987159e-05, No Iterations 1
DILUPBiCGStab:  Solving for Uz, Initial residual = 6.4406717e-05, Final residual = 2.5926711e-07, No Iterations 1
GAMG:  Solving for p, Initial residual = 0.045608897, Final residual = 0.00043543188, No Iterations 58
time step continuity errors : sum local = 4.9145799e-08, global = -4.7952348e-08, cumulative = -1.0067684e-05
DILUPBiCGStab:  Solving for omega, Initial residual = 1.2989577e-07, Final residual = 4.4771557e-09, No Iterations 1
DILUPBiCGStab:  Solving for k, Initial residual = 3.8665778e-06, Final residual = 3.442116e-08, No Iterations 1
ExecutionTime = 156.96 s  ClockTime = 160 s

forceCoeffs forceCoeffs write:
    Coefficient	Total	Pressure	Viscous	Internal
    Cd:	26.17945	16.936858	9.2425924	0
    Cd(f):	139.27547	136.26401	3.0114644	0
    Cd(r):	-113.09602	-119.32715	6.231128	0
    Cl:	45.92553	47.251004	-1.3254737	0
    Cl(f):	-264.54002	-271.22709	6.6870698	0
    Cl(r):	310.46555	318.47809	-8.0125435	0
    CmPitch:	-287.50279	-294.85259	7.3498067	0
    CmRoll:	126.18575	127.79558	-1.6098318	0
    CmYaw:	15.705158	19.249311	-3.5441537	0
    Cs:	-23.670013	-25.460732	1.7907182	0
    Cs(f):	3.8701509	6.5189455	-2.6487946	0
    Cs(r):	-27.540164	-31.979677	4.4395128	0

    writing force and moment coefficient files.

Time = 74

DILUPBiCGStab:  Solving for Ux, Initial residual = 2.114823e-05, Final residual = 8.1785108e-08, No Iterations 1
DILUPBiCGStab:  Solving for Uy, Initial residual = 0.0022402926, Final residual = 8.1197274e-06, No Iterations 1
DILUPBiCGStab:  Solving for Uz, Initial residual = 6.4338975e-05, Final residual = 2.634412e-07, No Iterations 1
GAMG:  Solving for p, Initial residual = 0.076656419, Final residual = 0.00076344769, No Iterations 59
time step continuity errors : sum local = 4.9919488e-08, global = 4.9185835e-08, cumulative = -1.0018498e-05
DILUPBiCGStab:  Solving for omega, Initial residual = 1.2489255e-07, Final residual = 4.302047e-09, No Iterations 1
DILUPBiCGStab:  Solving for k, Initial residual = 3.5720424e-06, Final residual = 3.0957965e-08, No Iterations 1
ExecutionTime = 157.49 s  ClockTime = 160 s

forceCoeffs forceCoeffs write:
    Coefficient	Total	Pressure	Viscous	Internal
    Cd:	19.603187	10.344112	9.2590751	0
    Cd(f):	123.70203	120.66448	3.0375478	0
    Cd(r):	-104.09884	-110.32037	6.2215273	0
    Cl:	49.82063	51.146946	-1.3263161	0
    Cl(f):	-271.67869	-278.37704	6.6983468	0
    Cl(r):	321.49932	329.52398	-8.0246629	0
    CmPitch:	-296.58901	-303.95051	7.3615048	0
    CmRoll:	113.90043	115.49242	-1.5919897	0
    CmYaw:	31.552555	35.120958	-3.5684027	0
    Cs:	-6.8521301	-8.6184145	1.7662844	0
    Cs(f):	28.12649	30.81175	-2.6852605	0
    Cs(r):	-34.97862	-39.430165	4.4515449	0

    writing force and moment coefficient files.

Time = 75

DILUPBiCGStab:  Solving for Ux, Initial residual = 2.0830221e-05, Final residual = 8.4267801e-08, No Iterations 1
DILUPBiCGStab:  Solving for Uy, Initial residual = 0.0018950656, Final residual = 7.0892665e-06, No Iterations 1
DILUPBiCGStab:  Solving for Uz, Initial residual = 6.3871853e-05, Final residual = 2.7101247e-07, No Iterations 1
GAMG:  Solving for p, Initial residual = 0.073937243, Final residual = 0.0007218984, No Iterations 54
time step continuity errors : sum local = 4.7419984e-08, global = -4.6549684e-08, cumulative = -1.0065047e-05
DILUPBiCGStab:  Solving for omega, Initial residual = 1.1930952e-07, Final residual = 4.134718e-09, No Iterations 1
DILUPBiCGStab:  Solving for k, Initial residual = 3.3309603e-06, Final residual = 2.9355119e-08, No Iterations 1
ExecutionTime = 158 s  ClockTime = 161 s

forceCoeffs forceCoeffs write:
    Coefficient	Total	Pressure	Viscous	Internal
    Cd:	11.606437	2.334237	9.2722001	0
    Cd(f):	104.85747	101.79708	3.0603899	0
    Cd(r):	-93.251036	-99.462847	6.2118101	0
    Cl:	54.408957	55.735158	-1.3262018	0
    Cl(f):	-279.34778	-286.05477	6.706999	0
    Cl(r):	333.75673	341.78993	-8.0332008	0
    CmPitch:	-306.55225	-313.92235	7.3700999	0
    CmRoll:	99.054255	100.62997	-1.5757101	0
    CmYaw:	48.324379	51.914572	-3.5901926	0
    Cs:	13.062429	11.318371	1.7440588	0
    Cs(f):	54.855594	57.573757	-2.7181632	0
    Cs(r):	-41.793164	-46.255387	4.462222	0

    writing force and moment coefficient files.

Time = 76

DILUPBiCGStab:  Solving for Ux, Initial residual = 2.0457538e-05, Final residual = 8.852087e-08, No Iterations 1
DILUPBiCGStab:  Solving for Uy, Initial residual = 0.0017900391, Final residual = 6.8977933e-06, No Iterations 1
DILUPBiCGStab:  Solving for Uz, Initial residual = 6.318894e-05, Final residual = 2.8125312e-07, No Iterations 1
GAMG:  Solving for p, Initial residual = 0.027314387, Final residual = 0.00024862817, No Iterations 54
time step continuity errors : sum local = 4.1710282e-08, global = -4.0707432e-08, cumulative = -1.0105755e-05
DILUPBiCGStab:  Solving for omega, Initial residual = 1.1348221e-07, Final residual = 3.9754597e-09, No Iterations 1
DILUPBiCGStab:  Solving for k, Initial residual = 3.1625372e-06, Final residual = 2.8683808e-08, No Iterations 1
ExecutionTime = 158.52 s  ClockTime = 161 s

forceCoeffs forceCoeffs write:
    Coefficient	Total	Pressure	Viscous	Internal
    Cd:	4.4606656	-4.8210977	9.2817634	0
    Cd(f):	88.237655	85.157053	3.0806013	0
    Cd(r):	-83.776989	-89.978151	6.201162	0
    Cl:	58.451105	59.774986	-1.3238808	0
    Cl(f):	-285.84665	-292.55927	6.712623	0
    Cl(r):	344.29775	352.33426	-8.0365038	0
    CmPitch:	-315.0722	-322.44676	7.3745634	0
    CmRoll:	86.007322	87.567602	-1.5602804	0
    CmYaw:	61.576093	65.185685	-3.6095911	0
    Cs:	30.444451	28.721319	1.7231321	0
    Cs(f):	76.798319	79.546344	-2.748025	0
    Cs(r):	-46.353868	-50.825025	4.4711571	0

    writing force and moment coefficient files.

Time = 77

DILUPBiCGStab:  Solving for Ux, Initial residual = 2.0149338e-05, Final residual = 9.2275256e-08, No Iterations 1
DILUPBiCGStab:  Solving for Uy, Initial residual = 0.0018388339, Final residual = 7.2766611e-06, No Iterations 1
DILUPBiCGStab:  Solving for Uz, Initial residual = 6.275672e-05, Final residual = 2.8571285e-07, No Iterations 1
GAMG:  Solving for p, Initial residual = 0.017357484, Final residual = 0.00016033219, No Iterations 52
time step continuity errors : sum local = 3.9842703e-08, global = -3.8689538e-08, cumulative = -1.0144444e-05
DILUPBiCGStab:  Solving for omega, Initial residual = 1.0863674e-07, Final residual = 3.8255408e-09, No Iterations 1
DILUPBiCGStab:  Solving for k, Initial residual = 3.0691686e-06, Final residual = 2.8498111e-08, No Iterations 1
ExecutionTime = 159.03 s  ClockTime = 162 s

forceCoeffs forceCoeffs write:
    Coefficient	Total	Pressure	Viscous	Internal
    Cd:	0.036895448	-9.2514734	9.2883689	0
    Cd(f):	78.331638	75.232332	3.0993062	0
    Cd(r):	-78.294743	-84.483805	6.1890627	0
    Cl:	60.92459	62.24419	-1.3195994	0
    Cl(f):	-289.92482	-296.63932	6.7144994	0
    Cl(r):	350.84941	358.88351	-8.0340988	0
    CmPitch:	-320.38711	-327.76141	7.3742991	0
    CmRoll:	78.31319	79.858069	-1.5448782	0
    CmYaw:	68.133565	71.760096	-3.6265308	0
    Cs:	40.757694	39.05465	1.7030437	0
    Cs(f):	88.512412	91.287421	-2.7750089	0
    Cs(r):	-47.754718	-52.23277	4.4780526	0

    writing force and moment coefficient files.

Time = 78

DILUPBiCGStab:  Solving for Ux, Initial residual = 2.0007337e-05, Final residual = 9.154133e-08, No Iterations 1
DILUPBiCGStab:  Solving for Uy, Initial residual = 0.0019978072, Final residual = 8.0051891e-06, No Iterations 1
DILUPBiCGStab:  Solving for Uz, Initial residual = 6.2496814e-05, Final residual = 2.8088916e-07, No Iterations 1
GAMG:  Solving for p, Initial residual = 0.013980992, Final residual = 0.00013154386, No Iterations 54
time step continuity errors : sum local = 3.8174678e-08, global = -3.7205167e-08, cumulative = -1.018165e-05
DILUPBiCGStab:  Solving for omega, Initial residual = 1.0386135e-07, Final residual = 3.683259e-09, No Iterations 1
DILUPBiCGStab:  Solving for k, Initial residual = 2.9389205e-06, Final residual = 2.8085883e-08, No Iterations 1
ExecutionTime = 159.54 s  ClockTime = 162 s

forceCoeffs forceCoeffs write:
    Coefficient	Total	Pressure	Viscous	Internal
    Cd:	-1.2452448	-10.53607	9.290825	0
    Cd(f):	76.011667	72.898163	3.1135041	0
    Cd(r):	-77.256912	-83.434233	6.1773209	0
    Cl:	61.756897	63.071274	-1.3143763	0
    Cl(f):	-291.55313	-298.26689	6.7137683	0
    Cl(r):	353.31002	361.33817	-8.0281446	0
    CmPitch:	-322.43157	-329.80253	7.3709564	0
    CmRoll:	76.634289	78.166198	-1.5319084	0
    CmYaw:	68.110849	71.751209	-3.6403596	0
    Cs:	43.214717	41.528566	1.6861504	0
    Cs(f):	89.718207	92.515492	-2.7972844	0
    Cs(r):	-46.503491	-50.986925	4.4834348	0

    writing force and moment coefficient files.

Time = 79

DILUPBiCGStab:  Solving for Ux, Initial residual = 1.9910554e-05, Final residual = 8.9192875e-08, No Iterations 1
DILUPBiCGStab:  Solving for Uy, Initial residual = 0.0021570621, Final residual = 8.6953926e-06, No Iterations 1
DILUPBiCGStab:  Solving for Uz, Initial residual = 6.2203374e-05, Final residual = 2.722514e-07, No Iterations 1
GAMG:  Solving for p, Initial residual = 0.01307445, Final residual = 0.00013052987, No Iterations 55
time step continuity errors : sum local = 3.8414762e-08, global = 3.7337365e-08, cumulative = -1.0144312e-05
DILUPBiCGStab:  Solving for omega, Initial residual = 9.961593e-08, Final residual = 3.5483102e-09, No Iterations 1
DILUPBiCGStab:  Solving for k, Initial residual = 2.8128384e-06, Final residual = 2.7594867e-08, No Iterations 1
ExecutionTime = 160.31 s  ClockTime = 163 s

forceCoeffs forceCoeffs write:
    Coefficient	Total	Pressure	Viscous	Internal
    Cd:	-0.076509517	-9.365667	9.2891574	0
    Cd(f):	79.53816	76.415144	3.1230165	0
    Cd(r):	-79.61467	-85.780811	6.166141	0
    Cl:	61.382599	62.690374	-1.3077751	0
    Cl(f):	-291.43547	-298.14496	6.7094902	0
    Cl(r):	352.81807	360.83534	-8.0172653	0
    CmPitch:	-322.12677	-329.49015	7.3633778	0
    CmRoll:	79.576415	81.097977	-1.5215622	0
    CmYaw:	63.61728	67.267359	-3.650079	0
    Cs:	39.684022	38.010889	1.673133	0
    Cs(f):	83.459291	86.272803	-2.8135125	0
    Cs(r):	-43.775269	-48.261915	4.4866455	0

    writing force and moment coefficient files.

Time = 80

DILUPBiCGStab:  Solving for Ux, Initial residual = 1.9822205e-05, Final residual = 8.5913255e-08, No Iterations 1
DILUPBiCGStab:  Solving for Uy, Initial residual = 0.0022375001, Final residual = 9.1004429e-06, No Iterations 1
DILUPBiCGStab:  Solving for Uz, Initial residual = 6.1903169e-05, Final residual = 2.6874982e-07, No Iterations 1
GAMG:  Solving for p, Initial residual = 0.013357389, Final residual = 0.00013130703, No Iterations 54
time step continuity errors : sum local = 3.5842403e-08, global = -3.5119766e-08, cumulative = -1.0179432e-05
DILUPBiCGStab:  Solving for omega, Initial residual = 9.5445216e-08, Final residual = 3.419838e-09, No Iterations 1
DILUPBiCGStab:  Solving for k, Initial residual = 2.6985151e-06, Final residual = 8.0928236e-10, No Iterations 1
ExecutionTime = 161.19 s  ClockTime = 164 s

forceCoeffs forceCoeffs write:
    Coefficient	Total	Pressure	Viscous	Internal
    Cd:	2.5587406	-6.7258179	9.2845585	0
    Cd(f):	86.55287	83.422836	3.1300342	0
    Cd(r):	-83.99413	-90.148654	6.1545243	0
    Cl:	60.30184	61.601927	-1.3000875	0
    Cl(f):	-290.27152	-296.97422	6.7026935	0
    Cl(r):	350.57336	358.57614	-8.002781	0
    CmPitch:	-320.42244	-327.77518	7.3527373	0
    CmRoll:	85.2735	86.785745	-1.5122451	0
    CmYaw:	56.95104	60.608578	-3.6575375	0
    Cs:	32.59879	30.937043	1.6617477	0
    Cs(f):	73.250435	76.077099	-2.8266637	0
    Cs(r):	-40.651645	-45.140056	4.4884114	0

    writing force and moment coefficient files.

Time = 81

DILUPBiCGStab:  Solving for Ux, Initial residual = 1.9710462e-05, Final residual = 8.6084822e-08, No Iterations 1
DILUPBiCGStab:  Solving for Uy, Initial residual = 0.0021853202, Final residual = 9.0968664e-06, No Iterations 1
DILUPBiCGStab:  Solving for Uz, Initial residual = 6.1552715e-05, Final residual = 2.7196938e-07, No Iterations 1
GAMG:  Solving for p, Initial residual = 0.014652017, Final residual = 0.00014552555, No Iterations 52
time step continuity errors : sum local = 3.485644e-08, global = -3.4010581e-08, cumulative = -1.0213443e-05
DILUPBiCGStab:  Solving for omega, Initial residual = 9.0957132e-08, Final residual = 3.2959961e-09, No Iterations 1
DILUPBiCGStab:  Solving for k, Initial residual = 2.5981358e-06, Final residual = 8.2583623e-10, No Iterations 1
ExecutionTime = 161.7 s  ClockTime = 165 s

forceCoeffs forceCoeffs write:
    Coefficient	Total	Pressure	Viscous	Internal
    Cd:	5.3805236	-3.8974549	9.2779785	0
    Cd(f):	93.86723	90.730044	3.1371856	0
    Cd(r):	-88.486706	-94.627499	6.1407929	0
    Cl:	59.117404	60.410205	-1.2928013	0
    Cl(f):	-288.95004	-295.64463	6.6945948	0
    Cl(r):	348.06744	356.05484	-7.987396	0
    CmPitch:	-318.50874	-325.84973	7.3409954	0
    CmRoll:	91.176968	92.678772	-1.5018037	0
    CmYaw:	50.909339	54.574707	-3.6653678	0
    Cs:	25.277718	23.628679	1.6490391	0
    Cs(f):	63.548198	66.389046	-2.8408483	0
    Cs(r):	-38.27048	-42.760368	4.4898874	0

    writing force and moment coefficient files.

Time = 82

DILUPBiCGStab:  Solving for Ux, Initial residual = 1.9602946e-05, Final residual = 8.8047739e-08, No Iterations 1
DILUPBiCGStab:  Solving for Uy, Initial residual = 0.0020622258, Final residual = 8.8048779e-06, No Iterations 1
DILUPBiCGStab:  Solving for Uz, Initial residual = 6.1157881e-05, Final residual = 2.76777e-07, No Iterations 1
GAMG:  Solving for p, Initial residual = 0.016182179, Final residual = 0.00015285772, No Iterations 52
time step continuity errors : sum local = 3.1901683e-08, global = -3.0813024e-08, cumulative = -1.0244256e-05
DILUPBiCGStab:  Solving for omega, Initial residual = 8.7156704e-08, Final residual = 3.1786397e-09, No Iterations 1
DILUPBiCGStab:  Solving for k, Initial residual = 2.5093068e-06, Final residual = 8.3957886e-10, No Iterations 1
ExecutionTime = 162.22 s  ClockTime = 165 s

forceCoeffs forceCoeffs write:
    Coefficient	Total	Pressure	Viscous	Internal
    Cd:	7.7208642	-1.5502111	9.2710753	0
    Cd(f):	99.752405	96.606427	3.145978	0
    Cd(r):	-92.03154	-98.156638	6.1250973	0
    Cl:	58.130706	59.416812	-1.2861056	0
    Cl(f):	-287.81079	-294.49755	6.6867556	0
    Cl(r):	345.9415	353.91436	-7.9728613	0
    CmPitch:	-316.87615	-324.20595	7.3298085	0
    CmRoll:	95.891972	97.381532	-1.4895596	0
    CmYaw:	46.802648	50.477609	-3.6749605	0
    Cs:	19.484455	17.850678	1.6337777	0
    Cs(f):	56.544876	59.402948	-2.8580716	0
    Cs(r):	-37.060421	-41.55227	4.4918493	0

    writing force and moment coefficient files.

Time = 83

DILUPBiCGStab:  Solving for Ux, Initial residual = 1.9495401e-05, Final residual = 8.8714733e-08, No Iterations 1
DILUPBiCGStab:  Solving for Uy, Initial residual = 0.0019173824, Final residual = 8.1789397e-06, No Iterations 1
DILUPBiCGStab:  Solving for Uz, Initial residual = 6.07286e-05, Final residual = 2.871653e-07, No Iterations 1
GAMG:  Solving for p, Initial residual = 0.017221565, Final residual = 0.00016573634, No Iterations 53
time step continuity errors : sum local = 3.1221974e-08, global = 3.0303379e-08, cumulative = -1.0213952e-05
DILUPBiCGStab:  Solving for omega, Initial residual = 8.3959438e-08, Final residual = 3.0674727e-09, No Iterations 1
DILUPBiCGStab:  Solving for k, Initial residual = 2.4307183e-06, Final residual = 8.5387975e-10, No Iterations 1
ExecutionTime = 162.74 s  ClockTime = 166 s

forceCoeffs forceCoeffs write:
    Coefficient	Total	Pressure	Viscous	Internal
    Cd:	9.1292329	-0.13308971	9.2623226	0
    Cd(f):	103.12949	99.975676	3.1538141	0
    Cd(r):	-94.000257	-100.10877	6.1085085	0
    Cl:	57.569851	58.849881	-1.28003	0
    Cl(f):	-287.15828	-293.83605	6.6777632	0
    Cl(r):	344.72813	352.68593	-7.9577932	0
    CmPitch:	-315.94321	-323.26099	7.3177782	0
    CmRoll:	98.564874	100.04222	-1.4773472	0
    CmYaw:	45.207023	48.891205	-3.6841828	0
    Cs:	16.292964	14.674451	1.6185135	0
    Cs(f):	53.353505	56.228431	-2.8749261	0
    Cs(r):	-37.060541	-41.55398	4.4934396	0

    writing force and moment coefficient files.

Time = 84

DILUPBiCGStab:  Solving for Ux, Initial residual = 1.9350816e-05, Final residual = 8.8668441e-08, No Iterations 1
DILUPBiCGStab:  Solving for Uy, Initial residual = 0.0017819272, Final residual = 7.3981491e-06, No Iterations 1
DILUPBiCGStab:  Solving for Uz, Initial residual = 6.0250281e-05, Final residual = 2.9604689e-07, No Iterations 1
GAMG:  Solving for p, Initial residual = 0.017086175, Final residual = 0.00016590419, No Iterations 53
time step continuity errors : sum local = 3.0075528e-08, global = 2.9286096e-08, cumulative = -1.0184666e-05
DILUPBiCGStab:  Solving for omega, Initial residual = 8.0513593e-08, Final residual = 2.9602252e-09, No Iterations 1
DILUPBiCGStab:  Solving for k, Initial residual = 2.3574835e-06, Final residual = 8.608254e-10, No Iterations 1
ExecutionTime = 163.26 s  ClockTime = 166 s

forceCoeffs forceCoeffs write:
    Coefficient	Total	Pressure	Viscous	Internal
    Cd:	9.3928144	0.1416782	9.2511362	0
    Cd(f):	103.6579	100.49789	3.1600096	0
    Cd(r):	-94.265088	-100.35621	6.0911265	0
    Cl:	57.534389	58.807853	-1.2734647	0
    Cl(f):	-287.25038	-293.9176	6.6672149	0
    Cl(r):	344.78477	352.72545	-7.9406796	0
    CmPitch:	-316.01758	-323.32152	7.3039472	0
    CmRoll:	98.961495	100.42705	-1.4655585	0
    CmYaw:	46.038295	49.731008	-3.6927129	0
    Cs:	16.026133	14.422201	1.6039325	0
    Cs(f):	54.051362	56.942109	-2.8907466	0
    Cs(r):	-38.025229	-42.519908	4.4946791	0

    writing force and moment coefficient files.

Time = 85

DILUPBiCGStab:  Solving for Ux, Initial residual = 1.9189662e-05, Final residual = 8.7947456e-08, No Iterations 1
DILUPBiCGStab:  Solving for Uy, Initial residual = 0.0016771282, Final residual = 6.777704e-06, No Iterations 1
DILUPBiCGStab:  Solving for Uz, Initial residual = 5.9775967e-05, Final residual = 3.0500015e-07, No Iterations 1
GAMG:  Solving for p, Initial residual = 0.016131549, Final residual = 0.00015721199, No Iterations 54
time step continuity errors : sum local = 2.9337539e-08, global = 2.8617443e-08, cumulative = -1.0156049e-05
DILUPBiCGStab:  Solving for omega, Initial residual = 7.7423633e-08, Final residual = 2.8578961e-09, No Iterations 1
DILUPBiCGStab:  Solving for k, Initial residual = 2.2915854e-06, Final residual = 8.6287865e-10, No Iterations 1
ExecutionTime = 163.78 s  ClockTime = 167 s

forceCoeffs forceCoeffs write:
    Coefficient	Total	Pressure	Viscous	Internal
    Cd:	8.7734907	-0.46581966	9.2393104	0
    Cd(f):	102.08131	98.914369	3.1669371	0
    Cd(r):	-93.307815	-99.380188	6.0723733	0
    Cl:	57.831141	59.098398	-1.2672569	0
    Cl(f):	-287.79087	-294.44874	6.6578685	0
    Cl(r):	345.62201	353.54714	-7.9251254	0
    CmPitch:	-316.70644	-323.99794	7.2914969	0
    CmRoll:	97.69456	99.147278	-1.4527181	0
    CmYaw:	48.378762	52.081889	-3.7031269	0
    Cs:	17.883717	16.296728	1.5869888	0
    Cs(f):	57.320621	60.230253	-2.9096325	0
    Cs(r):	-39.436904	-43.933525	4.4966213	0

    writing force and moment coefficient files.

Time = 86

DILUPBiCGStab:  Solving for Ux, Initial residual = 1.8999488e-05, Final residual = 8.7197044e-08, No Iterations 1
DILUPBiCGStab:  Solving for Uy, Initial residual = 0.0016014333, Final residual = 6.3057202e-06, No Iterations 1
DILUPBiCGStab:  Solving for Uz, Initial residual = 5.9339946e-05, Final residual = 3.1104984e-07, No Iterations 1
GAMG:  Solving for p, Initial residual = 0.014721178, Final residual = 0.00014287428, No Iterations 53
time step continuity errors : sum local = 2.853641e-08, global = -2.7776448e-08, cumulative = -1.0183825e-05
DILUPBiCGStab:  Solving for omega, Initial residual = 7.4829916e-08, Final residual = 2.7604778e-09, No Iterations 1
DILUPBiCGStab:  Solving for k, Initial residual = 2.2297571e-06, Final residual = 8.6639312e-10, No Iterations 1
ExecutionTime = 164.29 s  ClockTime = 167 s

forceCoeffs forceCoeffs write:
    Coefficient	Total	Pressure	Viscous	Internal
    Cd:	7.6278282	-1.5981467	9.2259749	0
    Cd(f):	99.300894	96.126993	3.173901	0
    Cd(r):	-91.673066	-97.72514	6.052074	0
    Cl:	58.262426	59.523424	-1.2609988	0
    Cl(f):	-288.37132	-295.018	6.6466837	0
    Cl(r):	346.63374	354.54142	-7.9076825	0
    CmPitch:	-317.50253	-324.77971	7.2771831	0
    CmRoll:	95.48698	96.926067	-1.4390865	0
    CmYaw:	51.315243	55.028296	-3.7130533	0
    Cs:	20.904394	19.334877	1.5695168	0
    Cs(f):	61.76744	64.695735	-2.9282949	0
    Cs(r):	-40.863046	-45.360857	4.4978117	0

    writing force and moment coefficient files.

Time = 87

DILUPBiCGStab:  Solving for Ux, Initial residual = 1.8791123e-05, Final residual = 8.6871949e-08, No Iterations 1
DILUPBiCGStab:  Solving for Uy, Initial residual = 0.0015555704, Final residual = 5.9799001e-06, No Iterations 1
DILUPBiCGStab:  Solving for Uz, Initial residual = 5.9030292e-05, Final residual = 3.0755048e-07, No Iterations 1
GAMG:  Solving for p, Initial residual = 0.013187814, Final residual = 0.00012492171, No Iterations 50
time step continuity errors : sum local = 2.6988391e-08, global = 2.6332794e-08, cumulative = -1.0157492e-05
DILUPBiCGStab:  Solving for omega, Initial residual = 7.2011383e-08, Final residual = 2.665673e-09, No Iterations 1
DILUPBiCGStab:  Solving for k, Initial residual = 2.1749212e-06, Final residual = 8.6815409e-10, No Iterations 1
ExecutionTime = 164.79 s  ClockTime = 168 s

forceCoeffs forceCoeffs write:
    Coefficient	Total	Pressure	Viscous	Internal
    Cd:	6.5131658	-2.6975964	9.2107622	0
    Cd(f):	96.73644	93.556574	3.1798669	0
    Cd(r):	-90.223275	-96.25417	6.0308954	0
    Cl:	58.570275	59.824691	-1.2544155	0
    Cl(f):	-288.50953	-295.14315	6.6336185	0
    Cl(r):	347.0798	354.96784	-7.888034	0
    CmPitch:	-317.79467	-325.05549	7.2608262	0
    CmRoll:	93.479858	94.905372	-1.4255142	0
    CmYaw:	53.533191	57.255019	-3.7218283	0
    Cs:	23.572104	22.019638	1.5524653	0
    Cs(f):	65.319243	68.264838	-2.9455957	0
    Cs(r):	-41.747139	-46.2452	4.498061	0

    writing force and moment coefficient files.

Time = 88

DILUPBiCGStab:  Solving for Ux, Initial residual = 1.8618805e-05, Final residual = 8.4714607e-08, No Iterations 1
DILUPBiCGStab:  Solving for Uy, Initial residual = 0.001531975, Final residual = 5.817548e-06, No Iterations 1
DILUPBiCGStab:  Solving for Uz, Initial residual = 5.8661261e-05, Final residual = 3.0406831e-07, No Iterations 1
GAMG:  Solving for p, Initial residual = 0.012157595, Final residual = 0.00011255716, No Iterations 49
time step continuity errors : sum local = 2.5819423e-08, global = -2.5023562e-08, cumulative = -1.0182516e-05
DILUPBiCGStab:  Solving for omega, Initial residual = 6.9471978e-08, Final residual = 2.5757568e-09, No Iterations 1
DILUPBiCGStab:  Solving for k, Initial residual = 2.1271876e-06, Final residual = 8.7317242e-10, No Iterations 1
ExecutionTime = 165.61 s  ClockTime = 169 s

forceCoeffs forceCoeffs write:
    Coefficient	Total	Pressure	Viscous	Internal
    Cd:	5.6533493	-3.5404226	9.1937719	0
    Cd(f):	94.890371	91.705739	3.1846314	0
    Cd(r):	-89.237021	-95.246162	6.0091405	0
    Cl:	58.754268	60.001912	-1.2476447	0
    Cl(f):	-288.38118	-295.00045	6.6192728	0
    Cl(r):	347.13545	355.00237	-7.8669175	0
    CmPitch:	-317.75831	-325.00141	7.2430951	0
    CmRoll:	92.063696	93.475951	-1.4122545	0
    CmYaw:	54.824476	58.554186	-3.7297094	0
    Cs:	25.424854	23.888931	1.5359238	0
    Cs(f):	67.536903	70.498651	-2.9617475	0
    Cs(r):	-42.112049	-46.60972	4.4976713	0

    writing force and moment coefficient files.

Time = 89

DILUPBiCGStab:  Solving for Ux, Initial residual = 1.8490616e-05, Final residual = 8.289787e-08, No Iterations 1
DILUPBiCGStab:  Solving for Uy, Initial residual = 0.0015286564, Final residual = 5.8163183e-06, No Iterations 1
DILUPBiCGStab:  Solving for Uz, Initial residual = 5.8441884e-05, Final residual = 2.9938248e-07, No Iterations 1
GAMG:  Solving for p, Initial residual = 0.011485669, Final residual = 0.00011213728, No Iterations 45
time step continuity errors : sum local = 2.6672998e-08, global = -2.5844214e-08, cumulative = -1.020836e-05
DILUPBiCGStab:  Solving for omega, Initial residual = 6.6620807e-08, Final residual = 2.4883844e-09, No Iterations 1
DILUPBiCGStab:  Solving for k, Initial residual = 2.0845633e-06, Final residual = 8.8205517e-10, No Iterations 1
ExecutionTime = 166.21 s  ClockTime = 170 s

forceCoeffs forceCoeffs write:
    Coefficient	Total	Pressure	Viscous	Internal
    Cd:	5.1929612	-3.9822933	9.1752544	0
    Cd(f):	94.057584	90.86913	3.1884541	0
    Cd(r):	-88.864623	-94.851423	5.9868004	0
    Cl:	58.810096	60.050759	-1.2406624	0
    Cl(f):	-288.08851	-294.69225	6.6037377	0
    Cl(r):	346.89861	354.74301	-7.8444001	0
    CmPitch:	-317.49356	-324.71763	7.2240689	0
    CmRoll:	91.461104	92.860277	-1.3991732	0
    CmYaw:	55.115691	58.852533	-3.7368422	0
    Cs:	26.184579	24.664886	1.5196926	0
    Cs(f):	68.20798	71.184976	-2.9769959	0
    Cs(r):	-42.023402	-46.52009	4.4966885	0

    writing force and moment coefficient files.

Time = 90

DILUPBiCGStab:  Solving for Ux, Initial residual = 1.839956e-05, Final residual = 8.1083742e-08, No Iterations 1
DILUPBiCGStab:  Solving for Uy, Initial residual = 0.0015345311, Final residual = 5.9383534e-06, No Iterations 1
DILUPBiCGStab:  Solving for Uz, Initial residual = 5.8202748e-05, Final residual = 2.8832827e-07, No Iterations 1
GAMG:  Solving for p, Initial residual = 0.011226555, Final residual = 0.00011078954, No Iterations 48
time step continuity errors : sum local = 2.6687865e-08, global = -2.5569684e-08, cumulative = -1.023393e-05
DILUPBiCGStab:  Solving for omega, Initial residual = 6.4331284e-08, Final residual = 2.4063005e-09, No Iterations 1
DILUPBiCGStab:  Solving for k, Initial residual = 2.045439e-06, Final residual = 8.9688095e-10, No Iterations 1
ExecutionTime = 166.69 s  ClockTime = 170 s

forceCoeffs forceCoeffs write:
    Coefficient	Total	Pressure	Viscous	Internal
    Cd:	5.1647881	-3.9908582	9.1556463	0
    Cd(f):	94.240625	91.048765	3.1918604	0
    Cd(r):	-89.075837	-95.039623	5.9637859	0
    Cl:	58.756978	59.990788	-1.2338103	0
    Cl(f):	-287.70374	-294.2913	6.5875535	0
    Cl(r):	346.46072	354.28209	-7.8213638	0
    CmPitch:	-317.08223	-324.28669	7.2044587	0
    CmRoll:	91.658231	93.044194	-1.3859627	0
    CmYaw:	54.581258	58.324837	-3.7435791	0
    Cs:	25.883751	24.380368	1.5033828	0
    Cs(f):	67.523134	70.515021	-2.9918876	0
    Cs(r):	-41.639383	-46.134653	4.4952705	0

    writing force and moment coefficient files.

Time = 91

DILUPBiCGStab:  Solving for Ux, Initial residual = 1.8312841e-05, Final residual = 8.2575946e-08, No Iterations 1
DILUPBiCGStab:  Solving for Uy, Initial residual = 0.0015387908, Final residual = 6.096153e-06, No Iterations 1
DILUPBiCGStab:  Solving for Uz, Initial residual = 5.7885084e-05, Final residual = 2.7866487e-07, No Iterations 1
GAMG:  Solving for p, Initial residual = 0.011176876, Final residual = 0.0001034189, No Iterations 49
time step continuity errors : sum local = 2.4743102e-08, global = 2.3870074e-08, cumulative = -1.021006e-05
DILUPBiCGStab:  Solving for omega, Initial residual = 6.2431162e-08, Final residual = 2.3286343e-09, No Iterations 1
DILUPBiCGStab:  Solving for k, Initial residual = 2.0109071e-06, Final residual = 9.1154708e-10, No Iterations 1
ExecutionTime = 167.2 s  ClockTime = 171 s

forceCoeffs forceCoeffs write:
    Coefficient	Total	Pressure	Viscous	Internal
    Cd:	5.4475165	-3.6875391	9.1350556	0
    Cd(f):	95.074275	91.879608	3.1946674	0
    Cd(r):	-89.626759	-95.567147	5.9403882	0
    Cl:	58.659829	59.886454	-1.226625	0
    Cl(f):	-287.31206	-293.88267	6.5706092	0
    Cl(r):	345.97189	353.76912	-7.7972341	0
    CmPitch:	-316.64197	-323.82589	7.1839216	0
    CmRoll:	92.350517	93.723378	-1.3728604	0
    CmYaw:	53.657749	57.407444	-3.7496946	0
    Cs:	24.922184	23.434971	1.487213	0
    Cs(f):	66.118841	69.12493	-3.0060881	0
    Cs(r):	-41.196657	-45.689959	4.4933011	0

    writing force and moment coefficient files.

Time = 92

DILUPBiCGStab:  Solving for Ux, Initial residual = 1.8197795e-05, Final residual = 8.3664006e-08, No Iterations 1
DILUPBiCGStab:  Solving for Uy, Initial residual = 0.0015387076, Final residual = 6.2060432e-06, No Iterations 1
DILUPBiCGStab:  Solving for Uz, Initial residual = 5.7515601e-05, Final residual = 2.5694485e-07, No Iterations 1
GAMG:  Solving for p, Initial residual = 0.011115941, Final residual = 0.00010830897, No Iterations 46
time step continuity errors : sum local = 2.5486779e-08, global = -2.395908e-08, cumulative = -1.0234019e-05
DILUPBiCGStab:  Solving for omega, Initial residual = 6.0282078e-08, Final residual = 2.2526219e-09, No Iterations 1
DILUPBiCGStab:  Solving for k, Initial residual = 1.979716e-06, Final residual = 9.260551e-10, No Iterations 1
ExecutionTime = 167.67 s  ClockTime = 171 s

forceCoeffs forceCoeffs write:
    Coefficient	Total	Pressure	Viscous	Internal
    Cd:	5.8861983	-3.2271816	9.11338	0
    Cd(f):	96.148784	92.951922	3.1968612	0
    Cd(r):	-90.262585	-96.179104	5.9165188	0
    Cl:	58.583528	59.802773	-1.2192446	0
    Cl(f):	-286.95186	-293.50481	6.5529442	0
    Cl(r):	345.53539	353.30758	-7.7721888	0
    CmPitch:	-316.24363	-323.40619	7.1625665	0
    CmRoll:	93.205684	94.565513	-1.3598288	0
    CmYaw:	52.729271	56.484663	-3.7553925	0
    Cs:	23.736512	22.265374	1.4711383	0
    Cs(f):	64.597527	67.61735	-3.0198234	0
    Cs(r):	-40.861015	-45.351976	4.4909616	0

    writing force and moment coefficient files.

Time = 93

DILUPBiCGStab:  Solving for Ux, Initial residual = 1.8106327e-05, Final residual = 8.2341885e-08, No Iterations 1
DILUPBiCGStab:  Solving for Uy, Initial residual = 0.0015351937, Final residual = 6.3784585e-06, No Iterations 1
DILUPBiCGStab:  Solving for Uz, Initial residual = 5.7168132e-05, Final residual = 2.5226563e-07, No Iterations 1
GAMG:  Solving for p, Initial residual = 0.011264357, Final residual = 0.00010864049, No Iterations 45
time step continuity errors : sum local = 2.5087845e-08, global = 2.3938148e-08, cumulative = -1.0210081e-05
DILUPBiCGStab:  Solving for omega, Initial residual = 5.8284132e-08, Final residual = 2.180058e-09, No Iterations 1
DILUPBiCGStab:  Solving for k, Initial residual = 1.9510357e-06, Final residual = 9.4146995e-10, No Iterations 1
ExecutionTime = 168.14 s  ClockTime = 171 s

forceCoeffs forceCoeffs write:
    Coefficient	Total	Pressure	Viscous	Internal
    Cd:	6.3399991	-2.7506986	9.0906978	0
    Cd(f):	97.120954	93.922292	3.1986615	0
    Cd(r):	-90.780954	-96.672991	5.8920363	0
    Cl:	58.575839	59.787682	-1.2118424	0
    Cl(f):	-286.62763	-293.16233	6.5347065	0
    Cl(r):	345.20347	352.95001	-7.7465488	0
    CmPitch:	-315.91555	-323.05617	7.1406276	0
    CmRoll:	93.950954	95.297641	-1.3466874	0
    CmYaw:	52.015629	55.77658	-3.7609513	0
    Cs:	22.672286	21.217383	1.4549031	0
    Cs(f):	63.351772	66.385272	-3.0334998	0
    Cs(r):	-40.679486	-45.167889	4.4884029	0

    writing force and moment coefficient files.

Time = 94

DILUPBiCGStab:  Solving for Ux, Initial residual = 1.8008158e-05, Final residual = 8.0147802e-08, No Iterations 1
DILUPBiCGStab:  Solving for Uy, Initial residual = 0.0015268665, Final residual = 6.6161221e-06, No Iterations 1
DILUPBiCGStab:  Solving for Uz, Initial residual = 5.679469e-05, Final residual = 2.5677532e-07, No Iterations 1
GAMG:  Solving for p, Initial residual = 0.011408768, Final residual = 0.00010946483, No Iterations 43
time step continuity errors : sum local = 2.4849318e-08, global = -2.324202e-08, cumulative = -1.0233323e-05
DILUPBiCGStab:  Solving for omega, Initial residual = 5.6460456e-08, Final residual = 2.1107314e-09, No Iterations 1
DILUPBiCGStab:  Solving for k, Initial residual = 1.9248066e-06, Final residual = 9.5369228e-10, No Iterations 1
ExecutionTime = 168.6 s  ClockTime = 172 s

forceCoeffs forceCoeffs write:
    Coefficient	Total	Pressure	Viscous	Internal
    Cd:	6.708103	-2.3589245	9.0670275	0
    Cd(f):	97.772355	94.572456	3.1998991	0
    Cd(r):	-91.064252	-96.93138	5.8671284	0
    Cl:	58.641797	59.84627	-1.204472	0
    Cl(f):	-286.3132	-292.82915	6.5159492	0
    Cl(r):	344.955	352.67542	-7.7204213	0
    CmPitch:	-315.6341	-322.75229	7.1181853	0
    CmRoll:	94.418303	95.751918	-1.3336146	0
    CmYaw:	51.627847	55.394036	-3.766189	0
    Cs:	21.944902	20.506157	1.4387445	0
    Cs(f):	62.600298	65.647115	-3.0468168	0
    Cs(r):	-40.655396	-45.140957	4.4855613	0

    writing force and moment coefficient files.

Time = 95

DILUPBiCGStab:  Solving for Ux, Initial residual = 1.7917402e-05, Final residual = 7.8702523e-08, No Iterations 1
DILUPBiCGStab:  Solving for Uy, Initial residual = 0.0015175078, Final residual = 6.8575455e-06, No Iterations 1
DILUPBiCGStab:  Solving for Uz, Initial residual = 5.6443034e-05, Final residual = 2.5948452e-07, No Iterations 1
GAMG:  Solving for p, Initial residual = 0.011483956, Final residual = 0.00010619852, No Iterations 43
time step continuity errors : sum local = 2.3808232e-08, global = 2.2631108e-08, cumulative = -1.0210692e-05
DILUPBiCGStab:  Solving for omega, Initial residual = 5.4784247e-08, Final residual = 2.0442205e-09, No Iterations 1
DILUPBiCGStab:  Solving for k, Initial residual = 1.9010058e-06, Final residual = 9.6195821e-10, No Iterations 1
ExecutionTime = 169.06 s  ClockTime = 172 s

forceCoeffs forceCoeffs write:
    Coefficient	Total	Pressure	Viscous	Internal
    Cd:	6.9359635	-2.1064162	9.0423796	0
    Cd(f):	98.008227	94.807771	3.2004559	0
    Cd(r):	-91.072263	-96.914187	5.8419237	0
    Cl:	58.785002	59.982255	-1.1972528	0
    Cl(f):	-285.99319	-292.48991	6.4967147	0
    Cl(r):	344.77819	352.47216	-7.6939675	0
    CmPitch:	-315.38569	-322.48103	7.0953411	0
    CmRoll:	94.540245	95.860979	-1.3207339	0
    CmYaw:	51.572534	55.343536	-3.7710025	0
    Cs:	21.642938	20.220091	1.4228474	0
    Cs(f):	62.394003	65.453582	-3.0595788	0
    Cs(r):	-40.751065	-45.233491	4.4824262	0

    writing force and moment coefficient files.

Time = 96

DILUPBiCGStab:  Solving for Ux, Initial residual = 1.7816056e-05, Final residual = 7.4954567e-08, No Iterations 1
DILUPBiCGStab:  Solving for Uy, Initial residual = 0.001506328, Final residual = 7.0862117e-06, No Iterations 1
DILUPBiCGStab:  Solving for Uz, Initial residual = 5.609966e-05, Final residual = 2.6709293e-07, No Iterations 1
GAMG:  Solving for p, Initial residual = 0.011493171, Final residual = 0.00011401277, No Iterations 43
time step continuity errors : sum local = 2.5365153e-08, global = -2.3748384e-08, cumulative = -1.023444e-05
DILUPBiCGStab:  Solving for omega, Initial residual = 5.3422675e-08, Final residual = 1.9814053e-09, No Iterations 1
DILUPBiCGStab:  Solving for k, Initial residual = 1.8800932e-06, Final residual = 9.7706396e-10, No Iterations 1
ExecutionTime = 169.53 s  ClockTime = 173 s

forceCoeffs forceCoeffs write:
    Coefficient	Total	Pressure	Viscous	Internal
    Cd:	7.0427316	-1.9743069	9.0170385	0
    Cd(f):	97.926145	94.725512	3.2006333	0
    Cd(r):	-90.883414	-96.699819	5.8164053	0
    Cl:	58.972494	60.162473	-1.1899795	0
    Cl(f):	-285.63041	-292.10752	6.477111	0
    Cl(r):	344.6029	352.26999	-7.6670905	0
    CmPitch:	-315.11665	-322.18875	7.0721008	0
    CmRoll:	94.404779	95.712665	-1.307886	0
    CmYaw:	51.748013	55.523498	-3.7754852	0
    Cs:	21.66618	20.259216	1.4069643	0
    Cs(f):	62.581103	65.653106	-3.0720031	0
    Cs(r):	-40.914923	-45.39389	4.4789674	0

    writing force and moment coefficient files.

Time = 97

DILUPBiCGStab:  Solving for Ux, Initial residual = 1.7730692e-05, Final residual = 6.820306e-08, No Iterations 1
DILUPBiCGStab:  Solving for Uy, Initial residual = 0.0014963128, Final residual = 7.1616381e-06, No Iterations 1
DILUPBiCGStab:  Solving for Uz, Initial residual = 5.583555e-05, Final residual = 2.7191136e-07, No Iterations 1
GAMG:  Solving for p, Initial residual = 0.01140854, Final residual = 0.00010924896, No Iterations 44
time step continuity errors : sum local = 2.4259888e-08, global = -2.2848322e-08, cumulative = -1.0257288e-05
DILUPBiCGStab:  Solving for omega, Initial residual = 5.1878665e-08, Final residual = 1.9200657e-09, No Iterations 1
DILUPBiCGStab:  Solving for k, Initial residual = 1.8601473e-06, Final residual = 1.0026425e-09, No Iterations 1
ExecutionTime = 170 s  ClockTime = 173 s

forceCoeffs forceCoeffs write:
    Coefficient	Total	Pressure	Viscous	Internal
    Cd:	7.0723437	-1.9186812	8.9910249	0
    Cd(f):	97.682506	94.482178	3.2003277	0
    Cd(r):	-90.610162	-96.40086	5.7906972	0
    Cl:	59.164891	60.347515	-1.182624	0
    Cl(f):	-285.18572	-291.64288	6.4571588	0
    Cl(r):	344.35061	351.99039	-7.6397828	0
    CmPitch:	-314.76816	-321.81663	7.0484708	0
    CmRoll:	94.146334	95.441519	-1.2951848	0
    CmYaw:	52.00925	55.788784	-3.7795339	0
    Cs:	21.85668	20.465402	1.3912781	0
    Cs(f):	62.93759	66.021485	-3.0838949	0
    Cs(r):	-41.080909	-45.556082	4.475173	0

    writing force and moment coefficient files.

Time = 98

DILUPBiCGStab:  Solving for Ux, Initial residual = 1.764672e-05, Final residual = 6.2017699e-08, No Iterations 1
DILUPBiCGStab:  Solving for Uy, Initial residual = 0.0014893107, Final residual = 6.9560738e-06, No Iterations 1
DILUPBiCGStab:  Solving for Uz, Initial residual = 5.5602526e-05, Final residual = 2.6992663e-07, No Iterations 1
GAMG:  Solving for p, Initial residual = 0.011329549, Final residual = 0.00010792101, No Iterations 45
time step continuity errors : sum local = 2.4045618e-08, global = 2.2827848e-08, cumulative = -1.023446e-05
DILUPBiCGStab:  Solving for omega, Initial residual = 5.0767211e-08, Final residual = 1.8620678e-09, No Iterations 1
DILUPBiCGStab:  Solving for k, Initial residual = 1.8414564e-06, Final residual = 1.0408124e-09, No Iterations 1
ExecutionTime = 170.62 s  ClockTime = 174 s

forceCoeffs forceCoeffs write:
    Coefficient	Total	Pressure	Viscous	Internal
    Cd:	7.0659427	-1.8984565	8.9643992	0
    Cd(f):	97.420299	94.220835	3.1994641	0
    Cd(r):	-90.354357	-96.119292	5.7649352	0
    Cl:	59.341412	60.516629	-1.1752177	0
    Cl(f):	-284.69101	-291.12792	6.4369035	0
    Cl(r):	344.03242	351.64454	-7.6121212	0
    CmPitch:	-314.36172	-321.38623	7.0245124	0
    CmRoll:	93.887328	95.170063	-1.2827356	0
    CmYaw:	52.210989	55.994048	-3.7830593	0
    Cs:	22.073208	20.69728	1.3759277	0
    Cs(f):	63.247593	66.342688	-3.0950954	0
    Cs(r):	-41.174385	-45.645408	4.4710231	0

    writing force and moment coefficient files.

Time = 99

DILUPBiCGStab:  Solving for Ux, Initial residual = 1.7539468e-05, Final residual = 5.7241009e-08, No Iterations 1
DILUPBiCGStab:  Solving for Uy, Initial residual = 0.0014840988, Final residual = 6.5131307e-06, No Iterations 1
DILUPBiCGStab:  Solving for Uz, Initial residual = 5.5343621e-05, Final residual = 2.5630301e-07, No Iterations 1
GAMG:  Solving for p, Initial residual = 0.011057812, Final residual = 0.00011020352, No Iterations 43
time step continuity errors : sum local = 2.4689487e-08, global = 2.3559595e-08, cumulative = -1.0210901e-05
DILUPBiCGStab:  Solving for omega, Initial residual = 4.918098e-08, Final residual = 1.804197e-09, No Iterations 1
DILUPBiCGStab:  Solving for k, Initial residual = 1.8244705e-06, Final residual = 1.0776843e-09, No Iterations 1
ExecutionTime = 171.52 s  ClockTime = 175 s

forceCoeffs forceCoeffs write:
    Coefficient	Total	Pressure	Viscous	Internal
    Cd:	7.065045	-1.8722264	8.9372713	0
    Cd(f):	97.257876	94.059668	3.1982084	0
    Cd(r):	-90.192831	-95.931894	5.739063	0
    Cl:	59.491188	60.658957	-1.1677688	0
    Cl(f):	-284.19068	-290.6071	6.4164215	0
    Cl(r):	343.68187	351.26606	-7.5841903	0
    CmPitch:	-313.93628	-320.93658	7.0003059	0
    CmRoll:	93.725353	94.995781	-1.2704273	0
    CmYaw:	52.277754	56.06396	-3.786206	0
    Cs:	22.204507	20.84375	1.3607572	0
    Cs(f):	63.380007	66.485835	-3.1058273	0
    Cs(r):	-41.1755	-45.642085	4.4665846	0

    writing force and moment coefficient files.

Time = 100

DILUPBiCGStab:  Solving for Ux, Initial residual = 1.7453727e-05, Final residual = 5.4269672e-08, No Iterations 1
DILUPBiCGStab:  Solving for Uy, Initial residual = 0.0014816234, Final residual = 6.1343583e-06, No Iterations 1
DILUPBiCGStab:  Solving for Uz, Initial residual = 5.5146526e-05, Final residual = 2.4010294e-07, No Iterations 1
GAMG:  Solving for p, Initial residual = 0.010923135, Final residual = 0.0001082506, No Iterations 45
time step continuity errors : sum local = 2.4409605e-08, global = -2.2999676e-08, cumulative = -1.0233901e-05
DILUPBiCGStab:  Solving for omega, Initial residual = 4.8077016e-08, Final residual = 1.7498927e-09, No Iterations 1
DILUPBiCGStab:  Solving for k, Initial residual = 1.8082229e-06, Final residual = 1.1105925e-09, No Iterations 1
ExecutionTime = 172 s  ClockTime = 175 s

forceCoeffs forceCoeffs write:
    Coefficient	Total	Pressure	Viscous	Internal
    Cd:	7.09186	-1.8177487	8.9096088	0
    Cd(f):	97.24584	94.049348	3.1964923	0
    Cd(r):	-90.15398	-95.867096	5.7131165	0
    Cl:	59.613665	60.77385	-1.1601854	0
    Cl(f):	-283.72184	-290.11749	6.3956472	0
    Cl(r):	343.3355	350.89134	-7.5558326	0
    CmPitch:	-313.52867	-320.50441	6.9757399	0
    CmRoll:	93.69991	94.958222	-1.2583121	0
    CmYaw:	52.217836	56.006722	-3.7888858	0
    Cs:	22.209363	20.863541	1.3458225	0
    Cs(f):	63.322518	66.438492	-3.1159745	0
    Cs(r):	-41.113154	-45.574951	4.461797	0

    writing force and moment coefficient files.

Time = 101

DILUPBiCGStab:  Solving for Ux, Initial residual = 1.7379859e-05, Final residual = 5.2554542e-08, No Iterations 1
DILUPBiCGStab:  Solving for Uy, Initial residual = 0.0014813426, Final residual = 5.920665e-06, No Iterations 1
DILUPBiCGStab:  Solving for Uz, Initial residual = 5.4996084e-05, Final residual = 2.2298842e-07, No Iterations 1
GAMG:  Solving for p, Initial residual = 0.01070523, Final residual = 0.00010320032, No Iterations 44
time step continuity errors : sum local = 2.3465247e-08, global = -2.2282087e-08, cumulative = -1.0256183e-05
DILUPBiCGStab:  Solving for omega, Initial residual = 4.6657845e-08, Final residual = 1.6965971e-09, No Iterations 1
DILUPBiCGStab:  Solving for k, Initial residual = 1.7925984e-06, Final residual = 1.1298485e-09, No Iterations 1
ExecutionTime = 172.47 s  ClockTime = 176 s

forceCoeffs forceCoeffs write:
    Coefficient	Total	Pressure	Viscous	Internal
    Cd:	7.1506441	-1.730943	8.8815871	0
    Cd(f):	97.385477	94.19066	3.1948172	0
    Cd(r):	-90.234833	-95.921603	5.6867699	0
    Cl:	59.714788	60.867425	-1.1526366	0
    Cl(f):	-283.32867	-289.70331	6.3746377	0
    Cl(r):	343.04346	350.57073	-7.5272743	0
    CmPitch:	-313.18606	-320.13702	6.950956	0
    CmRoll:	93.810155	95.056131	-1.2459763	0
    CmYaw:	52.070358	55.861818	-3.7914591	0
    Cs:	22.099272	20.768618	1.3306532	0
    Cs(f):	63.119994	66.246127	-3.1261325	0
    Cs(r):	-41.020723	-45.477508	4.4567857	0

    writing force and moment coefficient files.

Time = 102

DILUPBiCGStab:  Solving for Ux, Initial residual = 1.7312686e-05, Final residual = 5.2266697e-08, No Iterations 1
DILUPBiCGStab:  Solving for Uy, Initial residual = 0.0014830709, Final residual = 5.7251884e-06, No Iterations 1
DILUPBiCGStab:  Solving for Uz, Initial residual = 5.4841676e-05, Final residual = 2.0487405e-07, No Iterations 1
GAMG:  Solving for p, Initial residual = 0.010575835, Final residual = 0.0001014443, No Iterations 45
time step continuity errors : sum local = 2.3326025e-08, global = 2.2220761e-08, cumulative = -1.0233962e-05
DILUPBiCGStab:  Solving for omega, Initial residual = 4.5830658e-08, Final residual = 1.6469865e-09, No Iterations 1
DILUPBiCGStab:  Solving for k, Initial residual = 1.7779634e-06, Final residual = 1.1367741e-09, No Iterations 1
ExecutionTime = 172.94 s  ClockTime = 176 s

forceCoeffs forceCoeffs write:
    Coefficient	Total	Pressure	Viscous	Internal
    Cd:	7.2388803	-1.6142293	8.8531096	0
    Cd(f):	97.653832	94.46102	3.1928118	0
    Cd(r):	-90.414952	-96.075249	5.6602978	0
    Cl:	59.799273	60.944347	-1.1450743	0
    Cl(f):	-283.02863	-289.38197	6.3533409	0
    Cl(r):	342.8279	350.32631	-7.4984152	0
    CmPitch:	-312.92826	-319.85414	6.9258781	0
    CmRoll:	94.034392	95.268135	-1.233743	0
    CmYaw:	51.884449	55.67808	-3.7936316	0
    Cs:	21.903847	20.588183	1.3156641	0
    Cs(f):	62.836372	65.972172	-3.1357996	0
    Cs(r):	-40.932525	-45.383989	4.4514636	0

    writing force and moment coefficient files.

Time = 103

DILUPBiCGStab:  Solving for Ux, Initial residual = 1.7232312e-05, Final residual = 5.228087e-08, No Iterations 1
DILUPBiCGStab:  Solving for Uy, Initial residual = 0.0014872248, Final residual = 5.5465859e-06, No Iterations 1
DILUPBiCGStab:  Solving for Uz, Initial residual = 5.4659777e-05, Final residual = 1.9081681e-07, No Iterations 1
GAMG:  Solving for p, Initial residual = 0.010295516, Final residual = 9.9042888e-05, No Iterations 42
time step continuity errors : sum local = 2.3100904e-08, global = -2.1940491e-08, cumulative = -1.0255902e-05
DILUPBiCGStab:  Solving for omega, Initial residual = 4.4840935e-08, Final residual = 1.5983777e-09, No Iterations 1
DILUPBiCGStab:  Solving for k, Initial residual = 1.7632371e-06, Final residual = 1.1345495e-09, No Iterations 1
ExecutionTime = 173.39 s  ClockTime = 177 s

forceCoeffs forceCoeffs write:
    Coefficient	Total	Pressure	Viscous	Internal
    Cd:	7.3457473	-1.4785065	8.8242538	0
    Cd(f):	98.006626	94.816127	3.1904991	0
    Cd(r):	-90.660878	-96.294633	5.6337546	0
    Cl:	59.881513	61.019024	-1.1375108	0
    Cl(f):	-282.85135	-289.18316	6.3318145	0
    Cl(r):	342.73286	350.20219	-7.4693253	0
    CmPitch:	-312.79211	-319.69268	6.9005699	0
    CmRoll:	94.333752	95.55538	-1.2216277	0
    CmYaw:	51.741539	55.536962	-3.795423	0
    Cs:	21.675937	20.375068	1.3008688	0
    Cs(f):	62.579507	65.724496	-3.1449886	0
    Cs(r):	-40.90357	-45.349428	4.4458574	0

    writing force and moment coefficient files.

Time = 104

DILUPBiCGStab:  Solving for Ux, Initial residual = 1.7182696e-05, Final residual = 5.2280875e-08, No Iterations 1
DILUPBiCGStab:  Solving for Uy, Initial residual = 0.0014964959, Final residual = 5.3850408e-06, No Iterations 1
DILUPBiCGStab:  Solving for Uz, Initial residual = 5.4515471e-05, Final residual = 1.8057242e-07, No Iterations 1
GAMG:  Solving for p, Initial residual = 0.010064385, Final residual = 9.8536228e-05, No Iterations 41
time step continuity errors : sum local = 2.3403215e-08, global = 2.2192178e-08, cumulative = -1.023371e-05
DILUPBiCGStab:  Solving for omega, Initial residual = 4.3752426e-08, Final residual = 1.5511545e-09, No Iterations 1
DILUPBiCGStab:  Solving for k, Initial residual = 1.7495373e-06, Final residual = 1.1323503e-09, No Iterations 1
ExecutionTime = 173.83 s  ClockTime = 177 s

forceCoeffs forceCoeffs write:
    Coefficient	Total	Pressure	Viscous	Internal
    Cd:	7.4528215	-1.3422719	8.7950933	0
    Cd(f):	98.383281	95.195363	3.1879182	0
    Cd(r):	-90.93046	-96.537635	5.6071751	0
    Cl:	59.96855	61.098511	-1.1299616	0
    Cl(f):	-282.7916	-289.10176	6.3101567	0
    Cl(r):	342.76015	350.20027	-7.4401183	0
    CmPitch:	-312.77588	-319.65101	6.8751375	0
    CmRoll:	94.65687	95.866499	-1.2096284	0
    CmYaw:	51.748128	55.545022	-3.796894	0
    Cs:	21.485516	20.199285	1.2862315	0
    Cs(f):	62.490886	65.644664	-3.1537782	0
    Cs(r):	-41.00537	-45.445379	4.4400097	0

    writing force and moment coefficient files.

Time = 105

DILUPBiCGStab:  Solving for Ux, Initial residual = 1.7113692e-05, Final residual = 5.2096923e-08, No Iterations 1
DILUPBiCGStab:  Solving for Uy, Initial residual = 0.001509358, Final residual = 5.2634308e-06, No Iterations 1
DILUPBiCGStab:  Solving for Uz, Initial residual = 5.4332765e-05, Final residual = 1.7380368e-07, No Iterations 1
GAMG:  Solving for p, Initial residual = 0.0097264262, Final residual = 9.5792514e-05, No Iterations 38
time step continuity errors : sum local = 2.3305165e-08, global = 2.2050364e-08, cumulative = -1.021166e-05
DILUPBiCGStab:  Solving for omega, Initial residual = 4.2515855e-08, Final residual = 1.5051372e-09, No Iterations 1
DILUPBiCGStab:  Solving for k, Initial residual = 1.735785e-06, Final residual = 1.1348749e-09, No Iterations 1
ExecutionTime = 174.28 s  ClockTime = 178 s

forceCoeffs forceCoeffs write:
    Coefficient	Total	Pressure	Viscous	Internal
    Cd:	7.5449778	-1.2207352	8.765713	0
    Cd(f):	98.748386	95.563335	3.1850512	0
    Cd(r):	-91.203408	-96.78407	5.5806617	0
    Cl:	60.080255	61.202657	-1.1224027	0
    Cl(f):	-282.90088	-289.18947	6.2885946	0
    Cl(r):	342.98113	350.39213	-7.4109973	0
    CmPitch:	-312.94101	-319.7908	6.8497959	0
    CmRoll:	94.975897	96.173702	-1.1978052	0
    CmYaw:	51.975653	55.773806	-3.7981531	0
    Cs:	21.38287	20.111144	1.2717262	0
    Cs(f):	62.667088	65.829378	-3.1622901	0
    Cs(r):	-41.284218	-45.718234	4.4340162	0

    writing force and moment coefficient files.

Time = 106

DILUPBiCGStab:  Solving for Ux, Initial residual = 1.7044964e-05, Final residual = 5.1755227e-08, No Iterations 1
DILUPBiCGStab:  Solving for Uy, Initial residual = 0.0015295039, Final residual = 5.1877667e-06, No Iterations 1
DILUPBiCGStab:  Solving for Uz, Initial residual = 5.4157721e-05, Final residual = 1.7151531e-07, No Iterations 1
GAMG:  Solving for p, Initial residual = 0.0094239119, Final residual = 9.2984391e-05, No Iterations 38
time step continuity errors : sum local = 2.3307681e-08, global = 2.2053334e-08, cumulative = -1.0189606e-05
DILUPBiCGStab:  Solving for omega, Initial residual = 4.141029e-08, Final residual = 1.4609323e-09, No Iterations 1
DILUPBiCGStab:  Solving for k, Initial residual = 1.7226758e-06, Final residual = 1.1341165e-09, No Iterations 1
ExecutionTime = 174.71 s  ClockTime = 178 s

forceCoeffs forceCoeffs write:
    Coefficient	Total	Pressure	Viscous	Internal
    Cd:	7.6143288	-1.1217248	8.7360536	0
    Cd(f):	99.090089	95.908223	3.1818664	0
    Cd(r):	-91.47576	-97.029948	5.5541873	0
    Cl:	60.234819	61.349729	-1.1149099	0
    Cl(f):	-283.23534	-289.50237	6.2670286	0
    Cl(r):	343.47016	350.8521	-7.3819386	0
    CmPitch:	-313.35275	-320.17723	6.8244836	0
    CmRoll:	95.282925	96.469085	-1.1861604	0
    CmYaw:	52.427586	56.226713	-3.7991261	0
    Cs:	21.382647	20.125244	1.2574033	0
    Cs(f):	63.11891	66.289335	-3.1704245	0
    Cs(r):	-41.736263	-46.164091	4.4278278	0

    writing force and moment coefficient files.

Time = 107

DILUPBiCGStab:  Solving for Ux, Initial residual = 1.697402e-05, Final residual = 5.1259234e-08, No Iterations 1
DILUPBiCGStab:  Solving for Uy, Initial residual = 0.001559037, Final residual = 5.1515349e-06, No Iterations 1
DILUPBiCGStab:  Solving for Uz, Initial residual = 5.3971003e-05, Final residual = 1.7018487e-07, No Iterations 1
GAMG:  Solving for p, Initial residual = 0.0091589367, Final residual = 8.9737778e-05, No Iterations 39
time step continuity errors : sum local = 2.3261045e-08, global = -2.1942871e-08, cumulative = -1.0211549e-05
DILUPBiCGStab:  Solving for omega, Initial residual = 4.0717748e-08, Final residual = 1.4192903e-09, No Iterations 1
DILUPBiCGStab:  Solving for k, Initial residual = 1.709553e-06, Final residual = 1.1199375e-09, No Iterations 1
ExecutionTime = 175.15 s  ClockTime = 179 s

forceCoeffs forceCoeffs write:
    Coefficient	Total	Pressure	Viscous	Internal
    Cd:	7.6625441	-1.0436343	8.7061784	0
    Cd(f):	99.42294	96.244628	3.1783122	0
    Cd(r):	-91.760396	-97.288263	5.5278662	0
    Cl:	60.451602	61.558999	-1.107397	0
    Cl(f):	-283.86347	-290.10887	6.2454012	0
    Cl(r):	344.31507	351.66787	-7.3527983	0
    CmPitch:	-314.08927	-320.88837	6.7990997	0
    CmRoll:	95.591668	96.766445	-1.174777	0
    CmYaw:	53.056466	56.856138	-3.7996718	0
    Cs:	21.465648	20.22223	1.2434186	0
    Cs(f):	63.78929	66.967253	-3.1779625	0
    Cs(r):	-42.323642	-46.745023	4.4213812	0

    writing force and moment coefficient files.

Time = 108

DILUPBiCGStab:  Solving for Ux, Initial residual = 1.6911445e-05, Final residual = 5.0690576e-08, No Iterations 1
DILUPBiCGStab:  Solving for Uy, Initial residual = 0.0015990867, Final residual = 5.1866346e-06, No Iterations 1
DILUPBiCGStab:  Solving for Uz, Initial residual = 5.382837e-05, Final residual = 1.6982196e-07, No Iterations 1
GAMG:  Solving for p, Initial residual = 0.0088860282, Final residual = 8.4096863e-05, No Iterations 40
time step continuity errors : sum local = 2.2536868e-08, global = 2.147984e-08, cumulative = -1.0190069e-05
DILUPBiCGStab:  Solving for omega, Initial residual = 3.9785792e-08, Final residual = 1.3783005e-09, No Iterations 1
DILUPBiCGStab:  Solving for k, Initial residual = 1.6973472e-06, Final residual = 1.1034887e-09, No Iterations 1
ExecutionTime = 175.69 s  ClockTime = 179 s

forceCoeffs forceCoeffs write:
    Coefficient	Total	Pressure	Viscous	Internal
    Cd:	7.6969652	-0.97926602	8.6762312	0
    Cd(f):	99.779485	96.604832	3.1746535	0
    Cd(r):	-92.08252	-97.584098	5.5015778	0
    Cl:	60.747418	61.84735	-1.0999318	0
    Cl(f):	-284.84748	-291.07129	6.2238169	0
    Cl(r):	345.59489	352.91864	-7.3237487	0
    CmPitch:	-315.22119	-321.99497	6.7737828	0
    CmRoll:	95.931003	97.094465	-1.1634621	0
    CmYaw:	53.756206	57.556238	-3.8000314	0
    Cs:	21.588987	20.359476	1.2295102	0
    Cs(f):	64.5507	67.735976	-3.1852763	0
    Cs(r):	-42.961713	-47.3765	4.4147865	0

    writing force and moment coefficient files.

Time = 109

DILUPBiCGStab:  Solving for Ux, Initial residual = 1.6841972e-05, Final residual = 5.0111007e-08, No Iterations 1
DILUPBiCGStab:  Solving for Uy, Initial residual = 0.0016484336, Final residual = 5.313865e-06, No Iterations 1
DILUPBiCGStab:  Solving for Uz, Initial residual = 5.3624584e-05, Final residual = 1.6979718e-07, No Iterations 1
GAMG:  Solving for p, Initial residual = 0.0086679386, Final residual = 8.4619158e-05, No Iterations 42
time step continuity errors : sum local = 2.3318901e-08, global = 2.2296055e-08, cumulative = -1.0167773e-05
DILUPBiCGStab:  Solving for omega, Initial residual = 3.8693102e-08, Final residual = 1.3382004e-09, No Iterations 1
DILUPBiCGStab:  Solving for k, Initial residual = 1.6858208e-06, Final residual = 1.0824996e-09, No Iterations 1
ExecutionTime = 176.61 s  ClockTime = 180 s

forceCoeffs forceCoeffs write:
    Coefficient	Total	Pressure	Viscous	Internal
    Cd:	7.7254194	-0.92082092	8.6462403	0
    Cd(f):	100.17494	97.004036	3.1708996	0
    Cd(r):	-92.449517	-97.924857	5.4753407	0
    Cl:	61.124753	62.217292	-1.0925389	0
    Cl(f):	-286.18327	-292.38558	6.202309	0
    Cl(r):	347.30803	354.60288	-7.2948479	0
    CmPitch:	-316.74565	-323.49423	6.7485785	0
    CmRoll:	96.312226	97.464447	-1.1522205	0
    CmYaw:	54.470038	58.270202	-3.8001642	0
    Cs:	21.720588	20.504916	1.2156723	0
    Cs(f):	65.330332	68.52266	-3.192328	0
    Cs(r):	-43.609744	-48.017744	4.4080003	0

    writing force and moment coefficient files.

Time = 110

DILUPBiCGStab:  Solving for Ux, Initial residual = 1.6781539e-05, Final residual = 4.9590392e-08, No Iterations 1
DILUPBiCGStab:  Solving for Uy, Initial residual = 0.0017083704, Final residual = 5.5376582e-06, No Iterations 1
DILUPBiCGStab:  Solving for Uz, Initial residual = 5.3449426e-05, Final residual = 1.7029117e-07, No Iterations 1
GAMG:  Solving for p, Initial residual = 0.0085048246, Final residual = 8.1015374e-05, No Iterations 44
time step continuity errors : sum local = 2.2801693e-08, global = 2.1843601e-08, cumulative = -1.014593e-05
DILUPBiCGStab:  Solving for omega, Initial residual = 3.781569e-08, Final residual = 1.3000358e-09, No Iterations 1
DILUPBiCGStab:  Solving for k, Initial residual = 1.6746423e-06, Final residual = 1.0684581e-09, No Iterations 1
ExecutionTime = 177.06 s  ClockTime = 181 s

forceCoeffs forceCoeffs write:
    Coefficient	Total	Pressure	Viscous	Internal
    Cd:	7.7548685	-0.8613413	8.6162098	0
    Cd(f):	100.61589	97.448806	3.1670851	0
    Cd(r):	-92.861023	-98.310148	5.4491247	0
    Cl:	61.577785	62.662965	-1.0851801	0
    Cl(f):	-287.82272	-294.00354	6.1808215	0
    Cl(r):	349.40051	356.66651	-7.2660016	0
    CmPitch:	-318.61161	-325.33502	6.7234116	0
    CmRoll:	96.738457	97.879477	-1.1410198	0
    CmYaw:	55.161817	58.961936	-3.8001195	0
    Cs:	21.834439	20.632553	1.2018869	0
    Cs(f):	66.079036	69.278212	-3.199176	0
    Cs(r):	-44.244597	-48.64566	4.4010629	0

    writing force and moment coefficient files.

Time = 111

DILUPBiCGStab:  Solving for Ux, Initial residual = 1.6726615e-05, Final residual = 4.932216e-08, No Iterations 1
DILUPBiCGStab:  Solving for Uy, Initial residual = 0.0017782281, Final residual = 5.8409147e-06, No Iterations 1
DILUPBiCGStab:  Solving for Uz, Initial residual = 5.3293403e-05, Final residual = 1.7118399e-07, No Iterations 1
GAMG:  Solving for p, Initial residual = 0.0084087691, Final residual = 8.285643e-05, No Iterations 44
time step continuity errors : sum local = 2.3644056e-08, global = 2.2657699e-08, cumulative = -1.0123272e-05
DILUPBiCGStab:  Solving for omega, Initial residual = 3.6910342e-08, Final residual = 1.2631188e-09, No Iterations 1
DILUPBiCGStab:  Solving for k, Initial residual = 1.6634428e-06, Final residual = 1.0596148e-09, No Iterations 1
ExecutionTime = 177.53 s  ClockTime = 181 s

forceCoeffs forceCoeffs write:
    Coefficient	Total	Pressure	Viscous	Internal
    Cd:	7.7889606	-0.79714345	8.586104	0
    Cd(f):	101.09761	97.934464	3.163148	0
    Cd(r):	-93.308652	-98.731608	5.4229561	0
    Cl:	62.08689	63.164714	-1.0778236	0
    Cl(f):	-289.6669	-295.82618	6.1592742	0
    Cl(r):	351.75379	358.99089	-7.2370978	0
    CmPitch:	-320.71035	-327.40854	6.698186	0
    CmRoll:	97.203132	98.333036	-1.129904	0
    CmYaw:	55.809959	59.609861	-3.7999023	0
    Cs:	21.914993	20.72675	1.1882433	0
    Cs(f):	66.767456	69.973236	-3.2057807	0
    Cs(r):	-44.852463	-49.246487	4.394024	0

    writing force and moment coefficient files.

Time = 112

DILUPBiCGStab:  Solving for Ux, Initial residual = 1.6682213e-05, Final residual = 4.9524376e-08, No Iterations 1
DILUPBiCGStab:  Solving for Uy, Initial residual = 0.0018566794, Final residual = 6.2012484e-06, No Iterations 1
DILUPBiCGStab:  Solving for Uz, Initial residual = 5.317417e-05, Final residual = 1.7239607e-07, No Iterations 1
GAMG:  Solving for p, Initial residual = 0.0083749434, Final residual = 8.0173124e-05, No Iterations 44
time step continuity errors : sum local = 2.3042289e-08, global = 2.2079819e-08, cumulative = -1.0101192e-05
DILUPBiCGStab:  Solving for omega, Initial residual = 3.607076e-08, Final residual = 1.2275358e-09, No Iterations 1
DILUPBiCGStab:  Solving for k, Initial residual = 1.6524762e-06, Final residual = 1.0548249e-09, No Iterations 1
ExecutionTime = 178 s  ClockTime = 182 s

forceCoeffs forceCoeffs write:
    Coefficient	Total	Pressure	Viscous	Internal
    Cd:	7.8274161	-0.72853486	8.5559509	0
    Cd(f):	101.60569	98.446618	3.15907	0
    Cd(r):	-93.778272	-99.175153	5.3968809	0
    Cl:	62.637149	63.707632	-1.0704838	0
    Cl(f):	-291.65288	-297.79066	6.137774	0
    Cl(r):	354.29003	361.49829	-7.2082578	0
    CmPitch:	-322.97146	-329.64447	6.6730159	0
    CmRoll:	97.69198	98.810886	-1.1189054	0
    CmYaw:	56.407924	60.207416	-3.7994913	0
    Cs:	21.961121	20.786382	1.1747388	0
    Cs(f):	67.388485	70.600607	-3.2121219	0
    Cs(r):	-45.427364	-49.814225	4.3868607	0

    writing force and moment coefficient files.

Time = 113

DILUPBiCGStab:  Solving for Ux, Initial residual = 1.6645898e-05, Final residual = 4.9919855e-08, No Iterations 1
DILUPBiCGStab:  Solving for Uy, Initial residual = 0.001939617, Final residual = 6.6038894e-06, No Iterations 1
DILUPBiCGStab:  Solving for Uz, Initial residual = 5.3072034e-05, Final residual = 1.7345392e-07, No Iterations 1
GAMG:  Solving for p, Initial residual = 0.0083988337, Final residual = 8.23621e-05, No Iterations 42
time step continuity errors : sum local = 2.3695993e-08, global = 2.2678932e-08, cumulative = -1.0078513e-05
DILUPBiCGStab:  Solving for omega, Initial residual = 3.5257086e-08, Final residual = 1.1931204e-09, No Iterations 1
DILUPBiCGStab:  Solving for k, Initial residual = 1.641692e-06, Final residual = 1.0544253e-09, No Iterations 1
ExecutionTime = 178.46 s  ClockTime = 182 s

forceCoeffs forceCoeffs write:
    Coefficient	Total	Pressure	Viscous	Internal
    Cd:	7.86688	-0.65890231	8.5257823	0
    Cd(f):	102.12115	98.966283	3.1548686	0
    Cd(r):	-94.254272	-99.625185	5.3709137	0
    Cl:	63.206954	64.270097	-1.063143	0
    Cl(f):	-293.69689	-299.81315	6.1162689	0
    Cl(r):	356.90384	364.08325	-7.1794119	0
    CmPitch:	-325.30036	-331.9482	6.6478404	0
    CmRoll:	98.187712	99.295734	-1.1080225	0
    CmYaw:	56.967417	60.766262	-3.7988451	0
    Cs:	21.982515	20.82111	1.1614054	0
    Cs(f):	67.958674	71.176817	-3.2181424	0
    Cs(r):	-45.976159	-50.355707	4.3795478	0

    writing force and moment coefficient files.

Time = 114

DILUPBiCGStab:  Solving for Ux, Initial residual = 1.6622534e-05, Final residual = 5.0436194e-08, No Iterations 1
DILUPBiCGStab:  Solving for Uy, Initial residual = 0.0020237752, Final residual = 7.0143891e-06, No Iterations 1
DILUPBiCGStab:  Solving for Uz, Initial residual = 5.2978141e-05, Final residual = 1.7493009e-07, No Iterations 1
GAMG:  Solving for p, Initial residual = 0.0085155804, Final residual = 8.3303208e-05, No Iterations 40
time step continuity errors : sum local = 2.3870624e-08, global = 2.2806418e-08, cumulative = -1.0055707e-05
DILUPBiCGStab:  Solving for omega, Initial residual = 3.4507068e-08, Final residual = 1.1598584e-09, No Iterations 1
DILUPBiCGStab:  Solving for k, Initial residual = 1.6305819e-06, Final residual = 1.0581899e-09, No Iterations 1
ExecutionTime = 178.91 s  ClockTime = 183 s

forceCoeffs forceCoeffs write:
    Coefficient	Total	Pressure	Viscous	Internal
    Cd:	7.9037542	-0.59185676	8.495611	0
    Cd(f):	102.6294	99.478863	3.1505405	0
    Cd(r):	-94.725649	-100.07072	5.3450705	0
    Cl:	63.784007	64.839816	-1.0558092	0
    Cl(f):	-295.763	-301.85774	6.0947385	0
    Cl(r):	359.54701	366.69755	-7.1505477	0
    CmPitch:	-327.655	-334.27765	6.6226431	0
    CmRoll:	98.677526	99.774791	-1.097265	0
    CmYaw:	57.505094	61.303029	-3.7979342	0
    Cs:	21.99111	20.842841	1.1482689	0
    Cs(f):	68.500649	71.724449	-3.2237997	0
    Cs(r):	-46.50954	-50.881608	4.3720686	0

    writing force and moment coefficient files.

Time = 115

DILUPBiCGStab:  Solving for Ux, Initial residual = 1.6610218e-05, Final residual = 5.1181165e-08, No Iterations 1
DILUPBiCGStab:  Solving for Uy, Initial residual = 0.0021040273, Final residual = 7.3925165e-06, No Iterations 1
DILUPBiCGStab:  Solving for Uz, Initial residual = 5.2896989e-05, Final residual = 1.7691252e-07, No Iterations 1
GAMG:  Solving for p, Initial residual = 0.0086402418, Final residual = 8.3733015e-05, No Iterations 38
time step continuity errors : sum local = 2.3801983e-08, global = 2.2636542e-08, cumulative = -1.003307e-05
DILUPBiCGStab:  Solving for omega, Initial residual = 3.3786847e-08, Final residual = 1.1276882e-09, No Iterations 1
DILUPBiCGStab:  Solving for k, Initial residual = 1.6199231e-06, Final residual = 1.0734104e-09, No Iterations 1
ExecutionTime = 179.35 s  ClockTime = 183 s

forceCoeffs forceCoeffs write:
    Coefficient	Total	Pressure	Viscous	Internal
    Cd:	7.9343511	-0.53107364	8.4654247	0
    Cd(f):	103.12202	99.975967	3.1460543	0
    Cd(r):	-95.18767	-100.50704	5.3193704	0
    Cl:	64.362498	65.410988	-1.0484907	0
    Cl(f):	-297.84219	-303.91539	6.0731928	0
    Cl(r):	362.20469	369.32637	-7.1216835	0
    CmPitch:	-330.02344	-336.62088	6.5974381	0
    CmRoll:	99.154845	100.2415	-1.0866581	0
    CmYaw:	58.023356	61.82009	-3.7967347	0
    Cs:	21.997039	20.861689	1.1353497	0
    Cs(f):	69.021875	72.250935	-3.2290598	0
    Cs(r):	-47.024836	-51.389246	4.3644095	0

    writing force and moment coefficient files.

Time = 116

DILUPBiCGStab:  Solving for Ux, Initial residual = 1.6602711e-05, Final residual = 5.2088731e-08, No Iterations 1
DILUPBiCGStab:  Solving for Uy, Initial residual = 0.0021752661, Final residual = 7.7596239e-06, No Iterations 1
DILUPBiCGStab:  Solving for Uz, Initial residual = 5.2828567e-05, Final residual = 1.7943838e-07, No Iterations 1
GAMG:  Solving for p, Initial residual = 0.0088281944, Final residual = 8.698798e-05, No Iterations 36
time step continuity errors : sum local = 2.4446762e-08, global = 2.3112407e-08, cumulative = -1.0009958e-05
DILUPBiCGStab:  Solving for omega, Initial residual = 3.3114759e-08, Final residual = 1.0965307e-09, No Iterations 1
DILUPBiCGStab:  Solving for k, Initial residual = 1.6091514e-06, Final residual = 1.0955573e-09, No Iterations 1
ExecutionTime = 179.79 s  ClockTime = 183 s

forceCoeffs forceCoeffs write:
    Coefficient	Total	Pressure	Viscous	Internal
    Cd:	7.9553374	-0.47987542	8.4352129	0
    Cd(f):	103.59534	100.45395	3.1413973	0
    Cd(r):	-95.640005	-100.93382	5.2938155	0
    Cl:	64.935288	65.976478	-1.0411899	0
    Cl(f):	-299.92032	-305.97201	6.0516932	0
    Cl(r):	364.85561	371.94849	-7.092883	0
    CmPitch:	-332.38796	-338.96025	6.5722881	0
    CmRoll:	99.617674	100.69388	-1.0762091	0
    CmYaw:	58.523174	62.318431	-3.7952579	0
    Cs:	22.009584	20.886962	1.1226215	0
    Cs(f):	69.527965	72.761913	-3.2339472	0
    Cs(r):	-47.518382	-51.87495	4.3565687	0

    writing force and moment coefficient files.

Time = 117

DILUPBiCGStab:  Solving for Ux, Initial residual = 1.6599077e-05, Final residual = 5.3086345e-08, No Iterations 1
DILUPBiCGStab:  Solving for Uy, Initial residual = 0.0022308024, Final residual = 8.1234978e-06, No Iterations 1
DILUPBiCGStab:  Solving for Uz, Initial residual = 5.2773528e-05, Final residual = 1.819734e-07, No Iterations 1
GAMG:  Solving for p, Initial residual = 0.0090430293, Final residual = 8.8798204e-05, No Iterations 35
time step continuity errors : sum local = 2.4607168e-08, global = -2.3184305e-08, cumulative = -1.0033142e-05
DILUPBiCGStab:  Solving for omega, Initial residual = 3.2678756e-08, Final residual = 1.0669469e-09, No Iterations 1
DILUPBiCGStab:  Solving for k, Initial residual = 1.5984139e-06, Final residual = 1.1213808e-09, No Iterations 1
ExecutionTime = 180.21 s  ClockTime = 184 s

forceCoeffs forceCoeffs write:
    Coefficient	Total	Pressure	Viscous	Internal
    Cd:	7.965157	-0.43982781	8.4049848	0
    Cd(f):	104.05096	100.91439	3.136567	0
    Cd(r):	-96.085802	-101.35422	5.2684178	0
    Cl:	65.50244	66.536363	-1.033923	0
    Cl(f):	-302.00918	-308.03947	6.0302934	0
    Cl(r):	367.51162	374.57584	-7.0642163	0
    CmPitch:	-334.7604	-341.30765	6.5472548	0
    CmRoll:	100.06838	101.13431	-1.0659254	0
    CmYaw:	59.022868	62.816379	-3.793511	0
    Cs:	22.037483	20.927417	1.1100658	0
    Cs(f):	70.04161	73.280088	-3.238478	0
    Cs(r):	-48.004127	-52.352671	4.3485439	0

    writing force and moment coefficient files.

Time = 118

DILUPBiCGStab:  Solving for Ux, Initial residual = 1.6621757e-05, Final residual = 5.4255346e-08, No Iterations 1
DILUPBiCGStab:  Solving for Uy, Initial residual = 0.0022667636, Final residual = 8.4378458e-06, No Iterations 1
DILUPBiCGStab:  Solving for Uz, Initial residual = 5.2714593e-05, Final residual = 1.8455785e-07, No Iterations 1
GAMG:  Solving for p, Initial residual = 0.0092819832, Final residual = 8.9501037e-05, No Iterations 33
time step continuity errors : sum local = 2.4421127e-08, global = -2.2932516e-08, cumulative = -1.0056075e-05
DILUPBiCGStab:  Solving for omega, Initial residual = 3.1825547e-08, Final residual = 1.0370795e-09, No Iterations 1
DILUPBiCGStab:  Solving for k, Initial residual = 1.5880159e-06, Final residual = 1.1495865e-09, No Iterations 1
ExecutionTime = 180.64 s  ClockTime = 184 s

forceCoeffs forceCoeffs write:
    Coefficient	Total	Pressure	Viscous	Internal
    Cd:	7.9636148	-0.41120017	8.374815	0
    Cd(f):	104.49507	101.36334	3.1317284	0
    Cd(r):	-96.531457	-101.77454	5.2430866	0
    Cl:	66.070718	67.097395	-1.0266769	0
    Cl(f):	-304.14731	-310.15607	6.0087625	0
    Cl(r):	370.21803	377.25347	-7.0354394	0
    CmPitch:	-337.18267	-343.70477	6.522101	0
    CmRoll:	100.51326	101.56894	-1.0556791	0
    CmYaw:	59.524481	63.316207	-3.7917257	0
    Cs:	22.08292	20.985269	1.0976513	0
    Cs(f):	70.565941	73.808842	-3.2429001	0
    Cs(r):	-48.483021	-52.823573	4.3405514	0

    writing force and moment coefficient files.

Time = 119

DILUPBiCGStab:  Solving for Ux, Initial residual = 1.6649816e-05, Final residual = 5.5369369e-08, No Iterations 1
DILUPBiCGStab:  Solving for Uy, Initial residual = 0.0022783059, Final residual = 8.6283011e-06, No Iterations 1
DILUPBiCGStab:  Solving for Uz, Initial residual = 5.2630005e-05, Final residual = 1.8744589e-07, No Iterations 1
GAMG:  Solving for p, Initial residual = 0.0095517077, Final residual = 9.2034409e-05, No Iterations 34
time step continuity errors : sum local = 2.4716442e-08, global = -2.3109209e-08, cumulative = -1.0079184e-05
DILUPBiCGStab:  Solving for omega, Initial residual = 3.1217892e-08, Final residual = 1.0087007e-09, No Iterations 1
DILUPBiCGStab:  Solving for k, Initial residual = 1.5777402e-06, Final residual = 1.1798396e-09, No Iterations 1
ExecutionTime = 181.66 s  ClockTime = 185 s

forceCoeffs forceCoeffs write:
    Coefficient	Total	Pressure	Viscous	Internal
    Cd:	7.9515845	-0.39310661	8.3446911	0
    Cd(f):	104.93328	101.80649	3.126793	0
    Cd(r):	-96.981698	-102.1996	5.2178981	0
    Cl:	66.640271	67.659757	-1.0194864	0
    Cl(f):	-306.34668	-312.33397	5.9872865	0
    Cl(r):	372.98695	379.99372	-7.0067729	0
    CmPitch:	-339.66682	-346.16385	6.4970297	0
    CmRoll:	100.95749	102.00304	-1.0455525	0
    CmYaw:	60.031758	63.8215	-3.7897419	0
    Cs:	22.145338	21.059943	1.0853949	0
    Cs(f):	71.104428	74.351472	-3.2470445	0
    Cs(r):	-48.959089	-53.291529	4.3324394	0

    writing force and moment coefficient files.

Time = 120

DILUPBiCGStab:  Solving for Ux, Initial residual = 1.6655767e-05, Final residual = 5.6148275e-08, No Iterations 1
DILUPBiCGStab:  Solving for Uy, Initial residual = 0.0022634844, Final residual = 8.7065992e-06, No Iterations 1
DILUPBiCGStab:  Solving for Uz, Initial residual = 5.2528757e-05, Final residual = 1.8998638e-07, No Iterations 1
GAMG:  Solving for p, Initial residual = 0.0097803909, Final residual = 9.5875602e-05, No Iterations 34
time step continuity errors : sum local = 2.5358073e-08, global = -2.3546259e-08, cumulative = -1.010273e-05
DILUPBiCGStab:  Solving for omega, Initial residual = 3.0630608e-08, Final residual = 9.8119611e-10, No Iterations 1
DILUPBiCGStab:  Solving for k, Initial residual = 1.5674702e-06, Final residual = 1.2130779e-09, No Iterations 1
ExecutionTime = 182.08 s  ClockTime = 186 s

forceCoeffs forceCoeffs write:
    Coefficient	Total	Pressure	Viscous	Internal
    Cd:	7.9304966	-0.38414382	8.3146404	0
    Cd(f):	105.36775	102.24603	3.1217259	0
    Cd(r):	-97.437258	-102.63017	5.1929145	0
    Cl:	67.200238	68.212623	-1.0123849	0
    Cl(f):	-308.56863	-314.53463	5.9660048	0
    Cl(r):	375.76887	382.74725	-6.9783896	0
    CmPitch:	-342.16875	-348.64094	6.4721972	0
    CmRoll:	101.40251	102.4381	-1.0355943	0
    CmYaw:	60.550397	64.338026	-3.7876283	0
    Cs:	22.223452	21.150156	1.073296	0
    Cs(f):	71.662123	74.913104	-3.2509803	0
    Cs(r):	-49.438672	-53.762948	4.3242763	0

    writing force and moment coefficient files.

Time = 121

DILUPBiCGStab:  Solving for Ux, Initial residual = 1.665561e-05, Final residual = 5.647671e-08, No Iterations 1
DILUPBiCGStab:  Solving for Uy, Initial residual = 0.002222398, Final residual = 8.6521198e-06, No Iterations 1
DILUPBiCGStab:  Solving for Uz, Initial residual = 5.2439988e-05, Final residual = 1.9283754e-07, No Iterations 1
GAMG:  Solving for p, Initial residual = 0.0099821141, Final residual = 9.8906136e-05, No Iterations 34
time step continuity errors : sum local = 2.5820174e-08, global = -2.3862742e-08, cumulative = -1.0126593e-05
DILUPBiCGStab:  Solving for omega, Initial residual = 3.0064943e-08, Final residual = 9.5455688e-10, No Iterations 1
DILUPBiCGStab:  Solving for k, Initial residual = 1.557162e-06, Final residual = 1.2448754e-09, No Iterations 1
ExecutionTime = 182.5 s  ClockTime = 186 s

forceCoeffs forceCoeffs write:
    Coefficient	Total	Pressure	Viscous	Internal
    Cd:	7.9031039	-0.38156454	8.2846684	0
    Cd(f):	105.80031	102.68377	3.1165422	0
    Cd(r):	-97.897206	-103.06533	5.1681262	0
    Cl:	67.738647	68.743996	-1.0053489	0
    Cl(f):	-310.76646	-316.71132	5.9448638	0
    Cl(r):	378.50511	385.45532	-6.9502127	0
    CmPitch:	-344.63578	-351.08332	6.4475382	0
    CmRoll:	101.84876	102.87455	-1.025792	0
    CmYaw:	61.088344	64.873725	-3.7853813	0
    Cs:	22.313324	21.251959	1.0613648	0
    Cs(f):	72.245005	75.499704	-3.2546989	0
    Cs(r):	-49.931682	-54.247746	4.3160637	0

    writing force and moment coefficient files.

Time = 122

DILUPBiCGStab:  Solving for Ux, Initial residual = 1.6660285e-05, Final residual = 5.6268712e-08, No Iterations 1
DILUPBiCGStab:  Solving for Uy, Initial residual = 0.002161977, Final residual = 8.4511269e-06, No Iterations 1
DILUPBiCGStab:  Solving for Uz, Initial residual = 5.2380102e-05, Final residual = 1.9561629e-07, No Iterations 1
GAMG:  Solving for p, Initial residual = 0.010160436, Final residual = 9.9655199e-05, No Iterations 34
time step continuity errors : sum local = 2.5776816e-08, global = -2.371528e-08, cumulative = -1.0150308e-05
DILUPBiCGStab:  Solving for omega, Initial residual = 2.9478057e-08, Final residual = 9.2866144e-10, No Iterations 1
DILUPBiCGStab:  Solving for k, Initial residual = 1.546685e-06, Final residual = 1.2727372e-09, No Iterations 1
ExecutionTime = 182.91 s  ClockTime = 187 s

forceCoeffs forceCoeffs write:
    Coefficient	Total	Pressure	Viscous	Internal
    Cd:	7.8724319	-0.3823492	8.2547811	0
    Cd(f):	106.2301	103.1188	3.1112988	0
    Cd(r):	-98.357671	-103.50115	5.1434823	0
    Cl:	68.248444	69.246784	-0.99834017	0
    Cl(f):	-312.90233	-318.82608	5.9237528	0
    Cl(r):	381.15077	388.07286	-6.9220929	0
    CmPitch:	-347.02655	-353.44947	6.4229229	0
    CmRoll:	102.29389	103.30998	-1.0160917	0
    CmYaw:	61.656958	65.439931	-3.7829733	0
    Cs:	22.412527	21.362937	1.0495902	0
    Cs(f):	72.863221	76.1214	-3.2581782	0
    Cs(r):	-50.450694	-54.758462	4.3077684	0

    writing force and moment coefficient files.

Time = 123

DILUPBiCGStab:  Solving for Ux, Initial residual = 1.6665327e-05, Final residual = 5.5645219e-08, No Iterations 1
DILUPBiCGStab:  Solving for Uy, Initial residual = 0.0020880984, Final residual = 8.08212e-06, No Iterations 1
DILUPBiCGStab:  Solving for Uz, Initial residual = 5.2362791e-05, Final residual = 1.9747745e-07, No Iterations 1
GAMG:  Solving for p, Initial residual = 0.010301225, Final residual = 9.9656798e-05, No Iterations 33
time step continuity errors : sum local = 2.5673494e-08, global = 2.4179035e-08, cumulative = -1.0126129e-05
DILUPBiCGStab:  Solving for omega, Initial residual = 2.9109678e-08, Final residual = 9.0412853e-10, No Iterations 1
DILUPBiCGStab:  Solving for k, Initial residual = 1.5360719e-06, Final residual = 1.2958106e-09, No Iterations 1
ExecutionTime = 183.31 s  ClockTime = 187 s

forceCoeffs forceCoeffs write:
    Coefficient	Total	Pressure	Viscous	Internal
    Cd:	7.8400659	-0.3849026	8.2249685	0
    Cd(f):	106.65653	103.55055	3.1059848	0
    Cd(r):	-98.816467	-103.93545	5.1189837	0
    Cl:	68.730118	69.72147	-0.99135255	0
    Cl(f):	-314.96547	-320.86813	5.9026659	0
    Cl(r):	383.69559	390.5896	-6.8940185	0
    CmPitch:	-349.33053	-355.72887	6.3983422	0
    CmRoll:	102.7365	103.743	-1.0064995	0
    CmYaw:	62.240159	66.020564	-3.7804047	0
    Cs:	22.516579	21.478594	1.0379855	0
    Cs(f):	73.498449	76.759861	-3.2614119	0
    Cs(r):	-50.98187	-55.281267	4.2993974	0

    writing force and moment coefficient files.

Time = 124

DILUPBiCGStab:  Solving for Ux, Initial residual = 1.66607e-05, Final residual = 5.4700866e-08, No Iterations 1
DILUPBiCGStab:  Solving for Uy, Initial residual = 0.0020059502, Final residual = 7.5607272e-06, No Iterations 1
DILUPBiCGStab:  Solving for Uz, Initial residual = 5.2401252e-05, Final residual = 1.9878879e-07, No Iterations 1
GAMG:  Solving for p, Initial residual = 0.010343556, Final residual = 9.9597636e-05, No Iterations 31
time step continuity errors : sum local = 2.5683683e-08, global = 2.4202708e-08, cumulative = -1.0101927e-05
DILUPBiCGStab:  Solving for omega, Initial residual = 2.8339615e-08, Final residual = 8.7918125e-10, No Iterations 1
DILUPBiCGStab:  Solving for k, Initial residual = 1.5250865e-06, Final residual = 1.3106672e-09, No Iterations 1
ExecutionTime = 183.71 s  ClockTime = 187 s

forceCoeffs forceCoeffs write:
    Coefficient	Total	Pressure	Viscous	Internal
    Cd:	7.8057576	-0.38948517	8.1952428	0
    Cd(f):	107.07836	103.97772	3.1006422	0
    Cd(r):	-99.272606	-104.36721	5.0946006	0
    Cl:	69.188424	70.172799	-0.98437431	0
    Cl(f):	-316.95774	-322.8393	5.8815572	0
    Cl(r):	386.14617	393.0121	-6.8659315	0
    CmPitch:	-351.55196	-357.9257	6.3737443	0
    CmRoll:	103.17549	104.17246	-0.99697921	0
    CmYaw:	62.817374	66.595039	-3.7776649	0
    Cs:	22.621962	21.595429	1.0265328	0
    Cs(f):	74.128355	77.392754	-3.2643986	0
    Cs(r):	-51.506393	-55.797324	4.2909313	0

    writing force and moment coefficient files.

Time = 125

DILUPBiCGStab:  Solving for Ux, Initial residual = 1.6675349e-05, Final residual = 5.3973782e-08, No Iterations 1
DILUPBiCGStab:  Solving for Uy, Initial residual = 0.001917788, Final residual = 6.9094977e-06, No Iterations 1
DILUPBiCGStab:  Solving for Uz, Initial residual = 5.2479145e-05, Final residual = 1.9899452e-07, No Iterations 1
GAMG:  Solving for p, Initial residual = 0.010360926, Final residual = 0.00010148468, No Iterations 30
time step continuity errors : sum local = 2.6318441e-08, global = 2.4708744e-08, cumulative = -1.0077218e-05
DILUPBiCGStab:  Solving for omega, Initial residual = 2.7795002e-08, Final residual = 8.5558955e-10, No Iterations 1
DILUPBiCGStab:  Solving for k, Initial residual = 1.5143656e-06, Final residual = 1.314954e-09, No Iterations 1
ExecutionTime = 184.09 s  ClockTime = 188 s

forceCoeffs forceCoeffs write:
    Coefficient	Total	Pressure	Viscous	Internal
    Cd:	7.7691562	-0.39647287	8.165629	0
    Cd(f):	107.49757	104.40224	3.0953307	0
    Cd(r):	-99.728414	-104.79871	5.0702984	0
    Cl:	69.62984	70.607203	-0.97736316	0
    Cl(f):	-318.89267	-324.75304	5.8603675	0
    Cl(r):	388.52251	395.36024	-6.8377306	0
    CmPitch:	-353.70759	-360.05664	6.349049	0
    CmRoll:	103.61299	104.60048	-0.98748383	0
    CmYaw:	63.35289	67.127634	-3.7747445	0
    Cs:	22.722566	21.707362	1.0152042	0
    Cs(f):	74.714173	77.981315	-3.2671424	0
    Cs(r):	-51.991607	-56.273953	4.2823466	0

    writing force and moment coefficient files.

Time = 126

DILUPBiCGStab:  Solving for Ux, Initial residual = 1.669161e-05, Final residual = 5.3475273e-08, No Iterations 1
DILUPBiCGStab:  Solving for Uy, Initial residual = 0.001826222, Final residual = 6.3119724e-06, No Iterations 1
DILUPBiCGStab:  Solving for Uz, Initial residual = 5.255657e-05, Final residual = 1.985287e-07, No Iterations 1
GAMG:  Solving for p, Initial residual = 0.010242314, Final residual = 9.9331497e-05, No Iterations 30
time step continuity errors : sum local = 2.5989365e-08, global = 2.4278789e-08, cumulative = -1.0052939e-05
DILUPBiCGStab:  Solving for omega, Initial residual = 2.727439e-08, Final residual = 8.3288301e-10, No Iterations 1
DILUPBiCGStab:  Solving for k, Initial residual = 1.5038837e-06, Final residual = 1.3053159e-09, No Iterations 1
ExecutionTime = 184.49 s  ClockTime = 188 s

forceCoeffs forceCoeffs write:
    Coefficient	Total	Pressure	Viscous	Internal
    Cd:	7.7304189	-0.40572471	8.1361436	0
    Cd(f):	107.91778	104.8278	3.0899797	0
    Cd(r):	-100.18736	-105.23352	5.0461639	0
    Cl:	70.061889	71.032262	-0.97037313	0
    Cl(f):	-320.79122	-326.63047	5.8392532	0
    Cl(r):	390.85311	397.66273	-6.8096264	0
    CmPitch:	-355.82216	-362.1466	6.3244398	0
    CmRoll:	104.05257	105.03066	-0.97809213	0
    CmYaw:	63.832489	67.604176	-3.7716873	0
    Cs:	22.81624	21.812216	1.0040237	0
    Cs(f):	75.240609	78.510284	-3.2696754	0
    Cs(r):	-52.424369	-56.698068	4.2736991	0

    writing force and moment coefficient files.

Time = 127

DILUPBiCGStab:  Solving for Ux, Initial residual = 1.6701206e-05, Final residual = 5.3176358e-08, No Iterations 1
DILUPBiCGStab:  Solving for Uy, Initial residual = 0.0017331343, Final residual = 5.9539983e-06, No Iterations 1
DILUPBiCGStab:  Solving for Uz, Initial residual = 5.2573539e-05, Final residual = 1.9692377e-07, No Iterations 1
GAMG:  Solving for p, Initial residual = 0.010172304, Final residual = 9.5638596e-05, No Iterations 30
time step continuity errors : sum local = 2.5307271e-08, global = 2.3547636e-08, cumulative = -1.0029391e-05
DILUPBiCGStab:  Solving for omega, Initial residual = 2.6783645e-08, Final residual = 8.1097424e-10, No Iterations 1
DILUPBiCGStab:  Solving for k, Initial residual = 1.4925965e-06, Final residual = 1.2825445e-09, No Iterations 1
ExecutionTime = 184.88 s  ClockTime = 189 s

forceCoeffs forceCoeffs write:
    Coefficient	Total	Pressure	Viscous	Internal
    Cd:	7.6904118	-0.41636381	8.1067756	0
    Cd(f):	108.34343	105.25886	3.0845683	0
    Cd(r):	-100.65302	-105.67522	5.0222073	0
    Cl:	70.488803	71.452232	-0.96342824	0
    Cl(f):	-322.66624	-328.48444	5.8182006	0
    Cl(r):	393.15504	399.93667	-6.7816288	0
    CmPitch:	-357.91064	-364.21056	6.2999147	0
    CmRoll:	104.49822	105.46704	-0.96881952	0
    CmYaw:	64.262639	68.031133	-3.7684949	0
    Cs:	22.903658	21.910645	0.99301345	0
    Cs(f):	75.714468	78.986456	-3.2719882	0
    Cs(r):	-52.810809	-57.075811	4.2650016	0

    writing force and moment coefficient files.

Time = 128

DILUPBiCGStab:  Solving for Ux, Initial residual = 1.6721997e-05, Final residual = 5.328779e-08, No Iterations 1
DILUPBiCGStab:  Solving for Uy, Initial residual = 0.0016409274, Final residual = 5.6760535e-06, No Iterations 1
DILUPBiCGStab:  Solving for Uz, Initial residual = 5.2540596e-05, Final residual = 1.9480249e-07, No Iterations 1
GAMG:  Solving for p, Initial residual = 0.010024783, Final residual = 9.9523749e-05, No Iterations 29
time step continuity errors : sum local = 2.669109e-08, global = -2.445586e-08, cumulative = -1.0053847e-05
DILUPBiCGStab:  Solving for omega, Initial residual = 2.6531463e-08, Final residual = 7.9040872e-10, No Iterations 1
DILUPBiCGStab:  Solving for k, Initial residual = 1.480638e-06, Final residual = 1.253843e-09, No Iterations 1
ExecutionTime = 185.27 s  ClockTime = 189 s

forceCoeffs forceCoeffs write:
    Coefficient	Total	Pressure	Viscous	Internal
    Cd:	7.6507589	-0.4267384	8.0774973	0
    Cd(f):	108.77702	105.69793	3.0790844	0
    Cd(r):	-101.12626	-106.12467	4.9984129	0
    Cl:	70.908234	71.864778	-0.95654319	0
    Cl(f):	-324.50441	-330.30161	5.7971943	0
    Cl(r):	395.41265	402.16638	-6.7537375	0
    CmPitch:	-359.95853	-366.234	6.2754659	0
    CmRoll:	104.95164	105.9113	-0.95966424	0
    CmYaw:	64.659695	68.424885	-3.7651897	0
    Cs:	22.986324	22.004155	0.98216879	0
    Cs(f):	76.152857	79.426963	-3.2741053	0
    Cs(r):	-53.166533	-57.422808	4.2562741	0

    writing force and moment coefficient files.

Time = 129

DILUPBiCGStab:  Solving for Ux, Initial residual = 1.6757451e-05, Final residual = 5.3738921e-08, No Iterations 1
DILUPBiCGStab:  Solving for Uy, Initial residual = 0.001553342, Final residual = 5.4051694e-06, No Iterations 1
DILUPBiCGStab:  Solving for Uz, Initial residual = 5.2585664e-05, Final residual = 1.9336807e-07, No Iterations 1
GAMG:  Solving for p, Initial residual = 0.0098250341, Final residual = 9.4247959e-05, No Iterations 28
time step continuity errors : sum local = 2.5680038e-08, global = 2.3955346e-08, cumulative = -1.0029892e-05
DILUPBiCGStab:  Solving for omega, Initial residual = 2.6044663e-08, Final residual = 7.698406e-10, No Iterations 1
DILUPBiCGStab:  Solving for k, Initial residual = 1.4686117e-06, Final residual = 1.2183842e-09, No Iterations 1
ExecutionTime = 185.64 s  ClockTime = 189 s

forceCoeffs forceCoeffs write:
    Coefficient	Total	Pressure	Viscous	Internal
    Cd:	7.6137443	-0.43457192	8.0483163	0
    Cd(f):	109.22248	106.14892	3.0735639	0
    Cd(r):	-101.60874	-106.58349	4.9747524	0
    Cl:	71.320946	72.270649	-0.94970248	0
    Cl(f):	-326.30475	-332.08098	5.7762284	0
    Cl(r):	397.6257	404.35163	-6.7259308	0
    CmPitch:	-361.96523	-368.2163	6.2510796	0
    CmRoll:	105.41561	106.36621	-0.95059427	0
    CmYaw:	65.057784	68.819595	-3.7618112	0
    Cs:	23.068384	22.096937	0.97144686	0
    Cs(f):	76.591976	79.868063	-3.2760878	0
    Cs(r):	-53.523592	-57.771126	4.2475347	0

    writing force and moment coefficient files.

Time = 130

DILUPBiCGStab:  Solving for Ux, Initial residual = 1.6784952e-05, Final residual = 5.4780356e-08, No Iterations 1
DILUPBiCGStab:  Solving for Uy, Initial residual = 0.0014706657, Final residual = 5.1581542e-06, No Iterations 1
DILUPBiCGStab:  Solving for Uz, Initial residual = 5.2615114e-05, Final residual = 1.9218276e-07, No Iterations 1
GAMG:  Solving for p, Initial residual = 0.009649572, Final residual = 9.4017456e-05, No Iterations 28
time step continuity errors : sum local = 2.6100697e-08, global = 2.4311375e-08, cumulative = -1.0005581e-05
DILUPBiCGStab:  Solving for omega, Initial residual = 2.5496233e-08, Final residual = 7.4993032e-10, No Iterations 1
DILUPBiCGStab:  Solving for k, Initial residual = 1.4565174e-06, Final residual = 1.1776986e-09, No Iterations 1
ExecutionTime = 186.14 s  ClockTime = 190 s

forceCoeffs forceCoeffs write:
    Coefficient	Total	Pressure	Viscous	Internal
    Cd:	7.580962	-0.43828274	8.0192447	0
    Cd(f):	109.67966	106.61168	3.0679767	0
    Cd(r):	-102.0987	-107.04996	4.9512681	0
    Cl:	71.724626	72.66755	-0.94292382	0
    Cl(f):	-328.05579	-333.81117	5.755381	0
    Cl(r):	399.78042	406.47872	-6.6983048	0
    CmPitch:	-363.9181	-370.14495	6.2268429	0
    CmRoll:	105.88918	106.83082	-0.94164571	0
    CmYaw:	65.47451	69.232839	-3.7583292	0
    Cs:	23.150898	22.190034	0.96086376	0
    Cs(f):	77.049959	80.327856	-3.2778973	0
    Cs(r):	-53.899061	-58.137822	4.2387611	0

    writing force and moment coefficient files.

Time = 131

DILUPBiCGStab:  Solving for Ux, Initial residual = 1.6818875e-05, Final residual = 5.6352354e-08, No Iterations 1
DILUPBiCGStab:  Solving for Uy, Initial residual = 0.0013945921, Final residual = 4.9920922e-06, No Iterations 1
DILUPBiCGStab:  Solving for Uz, Initial residual = 5.2704825e-05, Final residual = 1.9166241e-07, No Iterations 1
GAMG:  Solving for p, Initial residual = 0.0094179093, Final residual = 9.3767727e-05, No Iterations 28
time step continuity errors : sum local = 2.6592232e-08, global = 2.4766438e-08, cumulative = -9.9808141e-06
DILUPBiCGStab:  Solving for omega, Initial residual = 2.5059964e-08, Final residual = 7.3092802e-10, No Iterations 1
DILUPBiCGStab:  Solving for k, Initial residual = 1.4447733e-06, Final residual = 1.1391877e-09, No Iterations 1
ExecutionTime = 186.72 s  ClockTime = 191 s

forceCoeffs forceCoeffs write:
    Coefficient	Total	Pressure	Viscous	Internal
    Cd:	7.5537915	-0.43649392	7.9902854	0
    Cd(f):	110.1505	107.08815	3.0623474	0
    Cd(r):	-102.59671	-107.52464	4.927938	0
    Cl:	72.12271	73.05891	-0.93620025	0
    Cl(f):	-329.76846	-335.50309	5.7346316	0
    Cl(r):	401.89117	408.562	-6.6708318	0
    CmPitch:	-365.82982	-372.03255	6.2027317	0
    CmRoll:	106.3736	107.3064	-0.93279533	0
    CmYaw:	65.911002	69.665779	-3.7547766	0
    Cs:	23.232499	22.282099	0.95039971	0
    Cs(f):	77.527251	80.806828	-3.2795767	0
    Cs(r):	-54.294752	-58.524729	4.2299764	0

    writing force and moment coefficient files.

Time = 132

DILUPBiCGStab:  Solving for Ux, Initial residual = 1.6860939e-05, Final residual = 5.8082749e-08, No Iterations 1
DILUPBiCGStab:  Solving for Uy, Initial residual = 0.0013251966, Final residual = 4.9857228e-06, No Iterations 1
DILUPBiCGStab:  Solving for Uz, Initial residual = 5.2807241e-05, Final residual = 1.9278802e-07, No Iterations 1
GAMG:  Solving for p, Initial residual = 0.0091516637, Final residual = 8.9581451e-05, No Iterations 29
time step continuity errors : sum local = 2.6000989e-08, global = -2.3685945e-08, cumulative = -1.00045e-05
DILUPBiCGStab:  Solving for omega, Initial residual = 2.4826532e-08, Final residual = 7.1311572e-10, No Iterations 1
DILUPBiCGStab:  Solving for k, Initial residual = 1.4333224e-06, Final residual = 1.1096666e-09, No Iterations 1
ExecutionTime = 187.93 s  ClockTime = 192 s

forceCoeffs forceCoeffs write:
    Coefficient	Total	Pressure	Viscous	Internal
    Cd:	7.5327201	-0.42873127	7.9614514	0
    Cd(f):	110.63746	107.58068	3.0567786	0
    Cd(r):	-103.10474	-108.00941	4.9046727	0
    Cl:	72.520308	73.449782	-0.92947357	0
    Cl(f):	-331.46178	-337.17563	5.7138462	0
    Cl(r):	403.98209	410.62541	-6.6433197	0
    CmPitch:	-367.72193	-373.90052	6.178583	0
    CmRoll:	106.8711	107.79505	-0.92394705	0
    CmYaw:	66.365534	70.116805	-3.751271	0
    Cs:	23.312273	22.372281	0.9399922	0
    Cs(f):	78.021671	81.302946	-3.2812749	0
    Cs(r):	-54.709398	-58.930665	4.2212672	0

    writing force and moment coefficient files.

Time = 133

DILUPBiCGStab:  Solving for Ux, Initial residual = 1.6916234e-05, Final residual = 5.9696671e-08, No Iterations 1
DILUPBiCGStab:  Solving for Uy, Initial residual = 0.0012631914, Final residual = 5.0070486e-06, No Iterations 1
DILUPBiCGStab:  Solving for Uz, Initial residual = 5.2974264e-05, Final residual = 1.9554455e-07, No Iterations 1
GAMG:  Solving for p, Initial residual = 0.0089169738, Final residual = 8.5673511e-05, No Iterations 26
time step continuity errors : sum local = 2.5477803e-08, global = 2.394631e-08, cumulative = -9.9805537e-06
DILUPBiCGStab:  Solving for omega, Initial residual = 2.429302e-08, Final residual = 6.9498016e-10, No Iterations 1
DILUPBiCGStab:  Solving for k, Initial residual = 1.4215192e-06, Final residual = 1.0846389e-09, No Iterations 1
ExecutionTime = 189.47 s  ClockTime = 193 s

forceCoeffs forceCoeffs write:
    Coefficient	Total	Pressure	Viscous	Internal
    Cd:	7.51736	-0.41539576	7.9327558	0
    Cd(f):	111.14265	108.09144	3.0512117	0
    Cd(r):	-103.62529	-108.50683	4.8815441	0
    Cl:	72.92631	73.849084	-0.92277408	0
    Cl(f):	-333.17836	-338.8715	5.6931377	0
    Cl(r):	406.10467	412.72058	-6.6159118	0
    CmPitch:	-369.64152	-375.79604	6.1545248	0
    CmRoll:	107.38397	108.29914	-0.91516618	0
    CmYaw:	66.838269	70.586017	-3.7477487	0
    Cs:	23.390472	22.460796	0.92967642	0
    Cs(f):	78.533505	81.816415	-3.2829105	0
    Cs(r):	-55.143032	-59.355619	4.2125869	0

    writing force and moment coefficient files.

Time = 134

DILUPBiCGStab:  Solving for Ux, Initial residual = 1.6960845e-05, Final residual = 6.0716452e-08, No Iterations 1
DILUPBiCGStab:  Solving for Uy, Initial residual = 0.0012067405, Final residual = 5.0057523e-06, No Iterations 1
DILUPBiCGStab:  Solving for Uz, Initial residual = 5.3118042e-05, Final residual = 1.9919952e-07, No Iterations 1
GAMG:  Solving for p, Initial residual = 0.0086494193, Final residual = 8.3840766e-05, No Iterations 28
time step continuity errors : sum local = 2.5564223e-08, global = 2.3940811e-08, cumulative = -9.9566129e-06
DILUPBiCGStab:  Solving for omega, Initial residual = 2.3670234e-08, Final residual = 6.7730233e-10, No Iterations 1
DILUPBiCGStab:  Solving for k, Initial residual = 1.4095548e-06, Final residual = 1.0672961e-09, No Iterations 1
ExecutionTime = 189.84 s  ClockTime = 194 s

forceCoeffs forceCoeffs write:
    Coefficient	Total	Pressure	Viscous	Internal
    Cd:	7.5065537	-0.3976805	7.9042342	0
    Cd(f):	111.66378	108.61814	3.045636	0
    Cd(r):	-104.15723	-109.01582	4.8585983	0
    Cl:	73.336821	74.252927	-0.91610677	0
    Cl(f):	-334.90837	-340.58092	5.6725469	0
    Cl(r):	408.24519	414.83385	-6.5886537	0
    CmPitch:	-371.57678	-377.70738	6.1306003	0
    CmRoll:	107.9105	108.81698	-0.90648115	0
    CmYaw:	67.28346	71.027644	-3.7441844	0
    Cs:	23.458023	22.538536	0.91948747	0
    Cs(f):	79.012472	82.296912	-3.2844407	0
    Cs(r):	-55.554448	-59.758376	4.2039282	0

    writing force and moment coefficient files.

Time = 135

DILUPBiCGStab:  Solving for Ux, Initial residual = 1.7013701e-05, Final residual = 6.1217481e-08, No Iterations 1
DILUPBiCGStab:  Solving for Uy, Initial residual = 0.0011560235, Final residual = 5.0047119e-06, No Iterations 1
DILUPBiCGStab:  Solving for Uz, Initial residual = 5.3262995e-05, Final residual = 2.0358326e-07, No Iterations 1
GAMG:  Solving for p, Initial residual = 0.0083624376, Final residual = 8.1367243e-05, No Iterations 28
time step continuity errors : sum local = 2.5411293e-08, global = 2.3690124e-08, cumulative = -9.9329228e-06
DILUPBiCGStab:  Solving for omega, Initial residual = 2.320667e-08, Final residual = 6.6047755e-10, No Iterations 1
DILUPBiCGStab:  Solving for k, Initial residual = 1.3975755e-06, Final residual = 1.072531e-09, No Iterations 1
ExecutionTime = 190.22 s  ClockTime = 194 s

forceCoeffs forceCoeffs write:
    Coefficient	Total	Pressure	Viscous	Internal
    Cd:	7.4991453	-0.37671949	7.8758648	0
    Cd(f):	112.19712	109.1571	3.0400143	0
    Cd(r):	-104.69797	-109.53382	4.8358504	0
    Cl:	73.749503	74.659011	-0.90950716	0
    Cl(f):	-336.64755	-342.29965	5.6521044	0
    Cl(r):	410.39705	416.95866	-6.5616116	0
    CmPitch:	-373.5223	-379.62916	6.106858	0
    CmRoll:	108.44754	109.34546	-0.89791805	0
    CmYaw:	67.700151	71.440681	-3.7405295	0
    Cs:	23.516612	22.607168	0.90944464	0
    Cs(f):	79.458457	82.744265	-3.2858072	0
    Cs(r):	-55.941845	-60.137097	4.1952519	0

    writing force and moment coefficient files.

Time = 136

DILUPBiCGStab:  Solving for Ux, Initial residual = 1.7065461e-05, Final residual = 6.1475397e-08, No Iterations 1
DILUPBiCGStab:  Solving for Uy, Initial residual = 0.0011099431, Final residual = 4.9984634e-06, No Iterations 1
DILUPBiCGStab:  Solving for Uz, Initial residual = 5.3411056e-05, Final residual = 2.0851926e-07, No Iterations 1
GAMG:  Solving for p, Initial residual = 0.0081014803, Final residual = 7.7182341e-05, No Iterations 28
time step continuity errors : sum local = 2.46622e-08, global = 2.2909007e-08, cumulative = -9.9100138e-06
DILUPBiCGStab:  Solving for omega, Initial residual = 2.2775534e-08, Final residual = 6.441652e-10, No Iterations 1
DILUPBiCGStab:  Solving for k, Initial residual = 1.3858353e-06, Final residual = 1.0795071e-09, No Iterations 1
ExecutionTime = 190.6 s  ClockTime = 195 s

forceCoeffs forceCoeffs write:
    Coefficient	Total	Pressure	Viscous	Internal
    Cd:	7.4936038	-0.35400876	7.8476126	0
    Cd(f):	112.73655	109.70223	3.0343197	0
    Cd(r):	-105.24295	-110.05624	4.8132929	0
    Cl:	74.160963	75.063952	-0.90298869	0
    Cl(f):	-338.38701	-344.0188	5.6317925	0
    Cl(r):	412.54797	419.08275	-6.5347812	0
    CmPitch:	-375.46749	-381.55078	6.0832869	0
    CmRoll:	108.98975	109.87924	-0.8894866	0
    CmYaw:	68.085224	71.821978	-3.7367542	0
    Cs:	23.567129	22.667567	0.89956174	0
    Cs(f):	79.868788	83.155762	-3.2869734	0
    Cs(r):	-56.301659	-60.488194	4.1865351	0

    writing force and moment coefficient files.

Time = 137

DILUPBiCGStab:  Solving for Ux, Initial residual = 1.7113908e-05, Final residual = 6.1298378e-08, No Iterations 1
DILUPBiCGStab:  Solving for Uy, Initial residual = 0.0010679918, Final residual = 4.9902083e-06, No Iterations 1
DILUPBiCGStab:  Solving for Uz, Initial residual = 5.355079e-05, Final residual = 2.130061e-07, No Iterations 1
GAMG:  Solving for p, Initial residual = 0.0078545577, Final residual = 7.2807796e-05, No Iterations 28
time step continuity errors : sum local = 2.3774658e-08, global = 2.2022939e-08, cumulative = -9.8879909e-06
DILUPBiCGStab:  Solving for omega, Initial residual = 2.2361987e-08, Final residual = 6.2829913e-10, No Iterations 1
DILUPBiCGStab:  Solving for k, Initial residual = 1.3742307e-06, Final residual = 1.0858408e-09, No Iterations 1
ExecutionTime = 190.98 s  ClockTime = 195 s

forceCoeffs forceCoeffs write:
    Coefficient	Total	Pressure	Viscous	Internal
    Cd:	7.4887435	-0.33071916	7.8194627	0
    Cd(f):	113.27659	110.248	3.0285944	0
    Cd(r):	-105.78785	-110.57872	4.7908683	0
    Cl:	74.566805	75.463323	-0.89651769	0
    Cl(f):	-340.10949	-345.72102	5.6115275	0
    Cl(r):	414.6763	421.18434	-6.5080452	0
    CmPitch:	-377.3929	-383.45268	6.0597863	0
    CmRoll:	109.53222	110.41336	-0.88113694	0
    CmYaw:	68.444437	72.177338	-3.7329008	0
    Cs:	23.611039	22.721238	0.88980169	0
    Cs(f):	80.249957	83.537957	-3.2879999	0
    Cs(r):	-56.638918	-60.816719	4.1778016	0

    writing force and moment coefficient files.

Time = 138

DILUPBiCGStab:  Solving for Ux, Initial residual = 1.7157437e-05, Final residual = 6.0805008e-08, No Iterations 1
DILUPBiCGStab:  Solving for Uy, Initial residual = 0.0010295498, Final residual = 4.9512034e-06, No Iterations 1
DILUPBiCGStab:  Solving for Uz, Initial residual = 5.36898e-05, Final residual = 2.1772758e-07, No Iterations 1
GAMG:  Solving for p, Initial residual = 0.0076366609, Final residual = 7.590926e-05, No Iterations 27
time step continuity errors : sum local = 2.5307419e-08, global = -2.265985e-08, cumulative = -9.9106507e-06
DILUPBiCGStab:  Solving for omega, Initial residual = 2.2151349e-08, Final residual = 6.1342543e-10, No Iterations 1
DILUPBiCGStab:  Solving for k, Initial residual = 1.3625905e-06, Final residual = 1.0913381e-09, No Iterations 1
ExecutionTime = 191.44 s  ClockTime = 195 s

forceCoeffs forceCoeffs write:
    Coefficient	Total	Pressure	Viscous	Internal
    Cd:	7.4840368	-0.30740407	7.7914408	0
    Cd(f):	113.81092	110.78807	3.0228514	0
    Cd(r):	-106.32689	-111.09548	4.7685895	0
    Cl:	74.959062	75.849153	-0.89009098	0
    Cl(f):	-341.77929	-347.37062	5.5913286	0
    Cl(r):	416.73835	423.21977	-6.4814195	0
    CmPitch:	-379.25882	-385.2952	6.036374	0
    CmRoll:	110.0689	110.94177	-0.87286904	0
    CmYaw:	68.778137	72.507131	-3.7289933	0
    Cs:	23.6474	22.767236	0.88016378	0
    Cs(f):	80.601837	83.890749	-3.2889115	0
    Cs(r):	-56.954437	-61.123512	4.1690752	0

    writing force and moment coefficient files.

Time = 139

DILUPBiCGStab:  Solving for Ux, Initial residual = 1.7210481e-05, Final residual = 6.032624e-08, No Iterations 1
DILUPBiCGStab:  Solving for Uy, Initial residual = 0.00099448862, Final residual = 4.8755178e-06, No Iterations 1
DILUPBiCGStab:  Solving for Uz, Initial residual = 5.3812947e-05, Final residual = 2.2160445e-07, No Iterations 1
GAMG:  Solving for p, Initial residual = 0.0075100889, Final residual = 6.8995556e-05, No Iterations 26
time step continuity errors : sum local = 2.3465017e-08, global = 2.1731961e-08, cumulative = -9.8889187e-06
DILUPBiCGStab:  Solving for omega, Initial residual = 2.170031e-08, Final residual = 5.9814969e-10, No Iterations 1
DILUPBiCGStab:  Solving for k, Initial residual = 1.3513659e-06, Final residual = 1.0964713e-09, No Iterations 1
ExecutionTime = 192.29 s  ClockTime = 196 s

forceCoeffs forceCoeffs write:
    Coefficient	Total	Pressure	Viscous	Internal
    Cd:	7.4798289	-0.28372698	7.7635559	0
    Cd(f):	114.33656	111.31947	3.0170862	0
    Cd(r):	-106.85673	-111.6032	4.7464697	0
    Cl:	75.334609	76.218326	-0.88371666	0
    Cl(f):	-343.37918	-348.95041	5.5712311	0
    Cl(r):	418.71379	425.16873	-6.4549478	0
    CmPitch:	-381.04648	-387.05957	6.0130894	0
    CmRoll:	110.59664	111.46133	-0.86469178	0
    CmYaw:	69.089617	72.814652	-3.7250347	0
    Cs:	23.675193	22.804548	0.87064538	0
    Cs(f):	80.927214	84.216926	-3.289712	0
    Cs(r):	-57.252021	-61.412378	4.1603574	0

    writing force and moment coefficient files.

Time = 140

DILUPBiCGStab:  Solving for Ux, Initial residual = 1.724096e-05, Final residual = 5.9889567e-08, No Iterations 1
DILUPBiCGStab:  Solving for Uy, Initial residual = 0.00096165575, Final residual = 4.7539819e-06, No Iterations 1
DILUPBiCGStab:  Solving for Uz, Initial residual = 5.3832298e-05, Final residual = 2.2456161e-07, No Iterations 1
GAMG:  Solving for p, Initial residual = 0.0073845696, Final residual = 6.7902283e-05, No Iterations 26
time step continuity errors : sum local = 2.3537699e-08, global = 2.1785372e-08, cumulative = -9.8671334e-06
DILUPBiCGStab:  Solving for omega, Initial residual = 2.1171287e-08, Final residual = 5.8324898e-10, No Iterations 1
DILUPBiCGStab:  Solving for k, Initial residual = 1.3399324e-06, Final residual = 1.0982366e-09, No Iterations 1
ExecutionTime = 192.7 s  ClockTime = 197 s

forceCoeffs forceCoeffs write:
    Coefficient	Total	Pressure	Viscous	Internal
    Cd:	7.4764019	-0.25940957	7.7358115	0
    Cd(f):	114.8485	111.8372	3.0113008	0
    Cd(r):	-107.3721	-112.09661	4.7245106	0
    Cl:	75.686287	76.563669	-0.87738203	0
    Cl(f):	-344.87255	-350.42379	5.5512376	0
    Cl(r):	420.55883	426.98745	-6.4286197	0
    CmPitch:	-382.71569	-388.70562	5.9899287	0
    CmRoll:	111.1103	111.9669	-0.85660489	0
    CmYaw:	69.349039	73.07007	-3.7210312	0
    Cs:	23.686931	22.825684	0.86124711	0
    Cs(f):	81.192505	84.482912	-3.2904077	0
    Cs(r):	-57.505574	-61.657229	4.1516548	0

    writing force and moment coefficient files.

Time = 141

DILUPBiCGStab:  Solving for Ux, Initial residual = 1.7267518e-05, Final residual = 5.9673771e-08, No Iterations 1
DILUPBiCGStab:  Solving for Uy, Initial residual = 0.00093163811, Final residual = 4.5843027e-06, No Iterations 1
DILUPBiCGStab:  Solving for Uz, Initial residual = 5.3831413e-05, Final residual = 2.2629793e-07, No Iterations 1
GAMG:  Solving for p, Initial residual = 0.0072762904, Final residual = 6.6027379e-05, No Iterations 26
time step continuity errors : sum local = 2.3287023e-08, global = 2.1591349e-08, cumulative = -9.845542e-06
DILUPBiCGStab:  Solving for omega, Initial residual = 2.0805732e-08, Final residual = 5.6909867e-10, No Iterations 1
DILUPBiCGStab:  Solving for k, Initial residual = 1.328559e-06, Final residual = 1.0974502e-09, No Iterations 1
ExecutionTime = 193.06 s  ClockTime = 197 s

forceCoeffs forceCoeffs write:
    Coefficient	Total	Pressure	Viscous	Internal
    Cd:	7.473957	-0.23425999	7.708217	0
    Cd(f):	115.34318	112.33767	3.0055061	0
    Cd(r):	-107.86922	-112.57193	4.7027109	0
    Cl:	76.011656	76.882758	-0.87110238	0
    Cl(f):	-346.24561	-351.77699	5.5313797	0
    Cl(r):	422.25727	428.65975	-6.4024821	0
    CmPitch:	-384.25144	-390.21837	5.9669309	0
    CmRoll:	111.6062	112.4548	-0.8486024	0
    CmYaw:	69.534319	73.251305	-3.7169861	0
    Cs:	23.676926	22.824976	0.8519507	0
    Cs(f):	81.372782	84.663793	-3.2910107	0
    Cs(r):	-57.695856	-61.838817	4.1429614	0

    writing force and moment coefficient files.

Time = 142

DILUPBiCGStab:  Solving for Ux, Initial residual = 1.7293142e-05, Final residual = 5.9688933e-08, No Iterations 1
DILUPBiCGStab:  Solving for Uy, Initial residual = 0.00090412573, Final residual = 4.3412981e-06, No Iterations 1
DILUPBiCGStab:  Solving for Uz, Initial residual = 5.3809571e-05, Final residual = 2.266181e-07, No Iterations 1
GAMG:  Solving for p, Initial residual = 0.0072430864, Final residual = 7.0613674e-05, No Iterations 25
time step continuity errors : sum local = 2.5273529e-08, global = -2.2991656e-08, cumulative = -9.8685337e-06
DILUPBiCGStab:  Solving for omega, Initial residual = 2.0672987e-08, Final residual = 5.5586057e-10, No Iterations 1
DILUPBiCGStab:  Solving for k, Initial residual = 1.3171495e-06, Final residual = 1.0929894e-09, No Iterations 1
ExecutionTime = 193.43 s  ClockTime = 197 s

forceCoeffs forceCoeffs write:
    Coefficient	Total	Pressure	Viscous	Internal
    Cd:	7.4722045	-0.20857721	7.6807817	0
    Cd(f):	115.81574	112.81603	2.9997024	0
    Cd(r):	-108.34353	-113.02461	4.6810793	0
    Cl:	76.305187	77.170053	-0.86486594	0
    Cl(f):	-347.47374	-352.98539	5.5116496	0
    Cl(r):	423.77892	430.15544	-6.3765156	0
    CmPitch:	-385.62633	-391.57041	5.9440826	0
    CmRoll:	112.07963	112.92032	-0.84068847	0
    CmYaw:	69.619255	73.332144	-3.7128881	0
    Cs:	23.639663	22.796899	0.84276307	0
    Cs(f):	81.439087	84.730593	-3.2915066	0
    Cs(r):	-57.799424	-61.933694	4.1342696	0

    writing force and moment coefficient files.

Time = 143

DILUPBiCGStab:  Solving for Ux, Initial residual = 1.7325997e-05, Final residual = 5.9985213e-08, No Iterations 1
DILUPBiCGStab:  Solving for Uy, Initial residual = 0.00087884854, Final residual = 4.0632738e-06, No Iterations 1
DILUPBiCGStab:  Solving for Uz, Initial residual = 5.3777552e-05, Final residual = 2.2543893e-07, No Iterations 1
GAMG:  Solving for p, Initial residual = 0.0071744506, Final residual = 6.8737868e-05, No Iterations 23
time step continuity errors : sum local = 2.4887611e-08, global = -2.2832765e-08, cumulative = -9.8913664e-06
DILUPBiCGStab:  Solving for omega, Initial residual = 2.0140753e-08, Final residual = 5.4184994e-10, No Iterations 1
DILUPBiCGStab:  Solving for k, Initial residual = 1.3059092e-06, Final residual = 1.0872798e-09, No Iterations 1
ExecutionTime = 193.79 s  ClockTime = 198 s

forceCoeffs forceCoeffs write:
    Coefficient	Total	Pressure	Viscous	Internal
    Cd:	7.4703373	-0.18317104	7.6535084	0
    Cd(f):	116.26492	113.27102	2.9938984	0
    Cd(r):	-108.79458	-113.45419	4.6596099	0
    Cl:	76.566681	77.425357	-0.85867606	0
    Cl(f):	-348.55699	-354.04901	5.4920204	0
    Cl(r):	425.12367	431.47437	-6.3506964	0
    CmPitch:	-386.84033	-392.76169	5.9213584	0
    CmRoll:	112.52975	113.36261	-0.83285575	0
    CmYaw:	69.585255	73.294002	-3.7087469	0
    Cs:	23.572448	22.738763	0.83368492	0
    Cs(f):	81.371479	84.663384	-3.2919045	0
    Cs(r):	-57.799031	-61.92462	4.1255894	0

    writing force and moment coefficient files.

Time = 144

DILUPBiCGStab:  Solving for Ux, Initial residual = 1.7353227e-05, Final residual = 6.0433572e-08, No Iterations 1
DILUPBiCGStab:  Solving for Uy, Initial residual = 0.00085540008, Final residual = 3.8089652e-06, No Iterations 1
DILUPBiCGStab:  Solving for Uz, Initial residual = 5.3697638e-05, Final residual = 2.2335328e-07, No Iterations 1
GAMG:  Solving for p, Initial residual = 0.0071868846, Final residual = 6.564004e-05, No Iterations 25
time step continuity errors : sum local = 2.3962448e-08, global = 2.252087e-08, cumulative = -9.8688456e-06
DILUPBiCGStab:  Solving for omega, Initial residual = 1.9997469e-08, Final residual = 5.2922255e-10, No Iterations 1
DILUPBiCGStab:  Solving for k, Initial residual = 1.2948475e-06, Final residual = 1.0815964e-09, No Iterations 1
ExecutionTime = 194.15 s  ClockTime = 198 s

forceCoeffs forceCoeffs write:
    Coefficient	Total	Pressure	Viscous	Internal
    Cd:	7.4677526	-0.15864178	7.6263944	0
    Cd(f):	116.68357	113.69548	2.9880934	0
    Cd(r):	-109.21582	-113.85412	4.638301	0
    Cl:	76.79202	77.644542	-0.85252226	0
    Cl(f):	-349.47919	-354.95167	5.4724853	0
    Cl(r):	426.27121	432.59621	-6.3250075	0
    CmPitch:	-387.8752	-393.77394	5.8987464	0
    CmRoll:	112.9497	113.7748	-0.82510382	0
    CmYaw:	69.410126	73.114691	-3.7045657	0
    Cs:	23.47253	22.647813	0.82471707	0
    Cs(f):	81.146391	84.438598	-3.2922072	0
    Cs(r):	-57.67386	-61.790785	4.1169243	0

    writing force and moment coefficient files.

Time = 145

DILUPBiCGStab:  Solving for Ux, Initial residual = 1.7368389e-05, Final residual = 6.0974271e-08, No Iterations 1
DILUPBiCGStab:  Solving for Uy, Initial residual = 0.00083392614, Final residual = 3.5739003e-06, No Iterations 1
DILUPBiCGStab:  Solving for Uz, Initial residual = 5.3588035e-05, Final residual = 2.2069823e-07, No Iterations 1
GAMG:  Solving for p, Initial residual = 0.0071852057, Final residual = 7.0787796e-05, No Iterations 21
time step continuity errors : sum local = 2.5955636e-08, global = -2.4193195e-08, cumulative = -9.8930388e-06
DILUPBiCGStab:  Solving for omega, Initial residual = 1.9669195e-08, Final residual = 5.1648747e-10, No Iterations 1
DILUPBiCGStab:  Solving for k, Initial residual = 1.2836822e-06, Final residual = 1.0771502e-09, No Iterations 1
ExecutionTime = 194.5 s  ClockTime = 199 s

forceCoeffs forceCoeffs write:
    Coefficient	Total	Pressure	Viscous	Internal
    Cd:	7.4639165	-0.13552605	7.5994425	0
    Cd(f):	117.06733	114.08504	2.9822857	0
    Cd(r):	-109.60341	-114.22057	4.6171569	0
    Cl:	76.979039	77.825447	-0.84640794	0
    Cl(f):	-350.23285	-355.68591	5.4530603	0
    Cl(r):	427.21189	433.51136	-6.2994682	0
    CmPitch:	-388.72237	-394.59863	5.8762643	0
    CmRoll:	113.33537	114.1528	-0.8174356	0
    CmYaw:	69.103371	72.803713	-3.7003428	0
    Cs:	23.343252	22.527392	0.81585924	0
    Cs(f):	80.774996	84.06741	-3.2924131	0
    Cs(r):	-57.431745	-61.540017	4.1082724	0

    writing force and moment coefficient files.

Time = 146

DILUPBiCGStab:  Solving for Ux, Initial residual = 1.7384151e-05, Final residual = 6.1558155e-08, No Iterations 1
DILUPBiCGStab:  Solving for Uy, Initial residual = 0.00081369528, Final residual = 3.37219e-06, No Iterations 1
DILUPBiCGStab:  Solving for Uz, Initial residual = 5.3461295e-05, Final residual = 2.1762191e-07, No Iterations 1
GAMG:  Solving for p, Initial residual = 0.0072213429, Final residual = 7.1999893e-05, No Iterations 24
time step continuity errors : sum local = 2.6425503e-08, global = -2.4371194e-08, cumulative = -9.91741e-06
DILUPBiCGStab:  Solving for omega, Initial residual = 1.9174889e-08, Final residual = 5.0358345e-10, No Iterations 1
DILUPBiCGStab:  Solving for k, Initial residual = 1.2726269e-06, Final residual = 1.0739468e-09, No Iterations 1
ExecutionTime = 194.85 s  ClockTime = 199 s

forceCoeffs forceCoeffs write:
    Coefficient	Total	Pressure	Viscous	Internal
    Cd:	7.4579557	-0.11468554	7.5726412	0
    Cd(f):	117.40681	114.43035	2.9764649	0
    Cd(r):	-109.94886	-114.54503	4.5961763	0
    Cl:	77.122742	77.963098	-0.84035611	0
    Cl(f):	-350.79694	-356.23069	5.4337466	0
    Cl(r):	427.91968	434.19379	-6.2741027	0
    CmPitch:	-389.35831	-395.21224	5.8539246	0
    CmRoll:	113.67783	114.48769	-0.80985571	0
    CmYaw:	68.675122	72.371208	-3.6960868	0
    Cs:	23.189287	22.382175	0.80711186	0
    Cs(f):	80.269765	83.562296	-3.2925309	0
    Cs(r):	-57.080478	-61.180121	4.0996427	0

    writing force and moment coefficient files.

Time = 147

DILUPBiCGStab:  Solving for Ux, Initial residual = 1.7392135e-05, Final residual = 6.2124046e-08, No Iterations 1
DILUPBiCGStab:  Solving for Uy, Initial residual = 0.0007945778, Final residual = 3.2007937e-06, No Iterations 1
DILUPBiCGStab:  Solving for Uz, Initial residual = 5.3289323e-05, Final residual = 2.1372517e-07, No Iterations 1
GAMG:  Solving for p, Initial residual = 0.0073161522, Final residual = 6.8216885e-05, No Iterations 25
time step continuity errors : sum local = 2.4982739e-08, global = 2.3231949e-08, cumulative = -9.894178e-06
DILUPBiCGStab:  Solving for omega, Initial residual = 1.9075087e-08, Final residual = 4.9195556e-10, No Iterations 1
DILUPBiCGStab:  Solving for k, Initial residual = 1.2616237e-06, Final residual = 1.0717071e-09, No Iterations 1
ExecutionTime = 195.22 s  ClockTime = 199 s

forceCoeffs forceCoeffs write:
    Coefficient	Total	Pressure	Viscous	Internal
    Cd:	7.4495151	-0.096439495	7.5459546	0
    Cd(f):	117.69727	114.72667	2.9706037	0
    Cd(r):	-110.24776	-114.82311	4.5753509	0
    Cl:	77.219827	78.054243	-0.83441664	0
    Cl(f):	-351.15651	-356.57104	5.4145257	0
    Cl(r):	428.37634	434.62528	-6.2489424	0
    CmPitch:	-389.76642	-395.59816	5.8317341	0
    CmRoll:	113.97251	114.77489	-0.80237362	0
    CmYaw:	68.130534	71.822317	-3.6917829	0
    Cs:	23.01234	22.213853	0.79848794	0
    Cs(f):	79.636705	82.929243	-3.2925389	0
    Cs(r):	-56.624364	-60.715391	4.0910268	0

    writing force and moment coefficient files.

Time = 148

DILUPBiCGStab:  Solving for Ux, Initial residual = 1.7386319e-05, Final residual = 6.2737799e-08, No Iterations 1
DILUPBiCGStab:  Solving for Uy, Initial residual = 0.0007767381, Final residual = 3.0585695e-06, No Iterations 1
DILUPBiCGStab:  Solving for Uz, Initial residual = 5.3104526e-05, Final residual = 2.0995099e-07, No Iterations 1
GAMG:  Solving for p, Initial residual = 0.0074147011, Final residual = 7.3805614e-05, No Iterations 23
time step continuity errors : sum local = 2.6884175e-08, global = 2.4851163e-08, cumulative = -9.8693268e-06
DILUPBiCGStab:  Solving for omega, Initial residual = 1.857276e-08, Final residual = 4.7959229e-10, No Iterations 1
DILUPBiCGStab:  Solving for k, Initial residual = 1.2505567e-06, Final residual = 1.0707624e-09, No Iterations 1
ExecutionTime = 195.57 s  ClockTime = 200 s

forceCoeffs forceCoeffs write:
    Coefficient	Total	Pressure	Viscous	Internal
    Cd:	7.4381184	-0.081272589	7.519391	0
    Cd(f):	117.92877	114.96405	2.9647172	0
    Cd(r):	-110.49065	-115.04532	4.5546738	0
    Cl:	77.26437	78.092942	-0.82857217	0
    Cl(f):	-351.28744	-356.68284	5.3954014	0
    Cl(r):	428.55181	434.77578	-6.2239735	0
    CmPitch:	-389.91962	-395.72931	5.8096875	0
    CmRoll:	114.20971	115.00469	-0.7949783	0
    CmYaw:	67.488901	71.176334	-3.6874334	0
    Cs:	22.816784	22.026808	0.78997591	0
    Cs(f):	78.897293	82.189739	-3.2924455	0
    Cs(r):	-56.080509	-60.16293	4.0824214	0

    writing force and moment coefficient files.

Time = 149

DILUPBiCGStab:  Solving for Ux, Initial residual = 1.7379781e-05, Final residual = 6.3533434e-08, No Iterations 1
DILUPBiCGStab:  Solving for Uy, Initial residual = 0.00075970204, Final residual = 2.9407559e-06, No Iterations 1
DILUPBiCGStab:  Solving for Uz, Initial residual = 5.2904927e-05, Final residual = 2.0580371e-07, No Iterations 1
GAMG:  Solving for p, Initial residual = 0.007579486, Final residual = 7.3537609e-05, No Iterations 24
time step continuity errors : sum local = 2.6566706e-08, global = 2.4381216e-08, cumulative = -9.8449456e-06
DILUPBiCGStab:  Solving for omega, Initial residual = 1.8292897e-08, Final residual = 4.6802258e-10, No Iterations 1
DILUPBiCGStab:  Solving for k, Initial residual = 1.2396449e-06, Final residual = 1.0712351e-09, No Iterations 1
ExecutionTime = 195.94 s  ClockTime = 200 s

forceCoeffs forceCoeffs write:
    Coefficient	Total	Pressure	Viscous	Internal
    Cd:	7.4237865	-0.069271578	7.4930581	0
    Cd(f):	118.09233	115.13344	2.9588939	0
    Cd(r):	-110.66855	-115.20271	4.5341642	0
    Cl:	77.253516	78.076194	-0.82267823	0
    Cl(f):	-351.1772	-356.55364	5.376439	0
    Cl(r):	428.43071	434.62983	-6.1991172	0
    CmPitch:	-389.80396	-395.59173	5.7877781	0
    CmRoll:	114.38044	115.16807	-0.78763518	0
    CmYaw:	66.772927	70.455972	-3.6830444	0
    Cs:	22.607152	21.825617	0.78153525	0
    Cs(f):	78.076503	81.36878	-3.2922768	0
    Cs(r):	-55.469352	-59.543164	4.0738121	0

    writing force and moment coefficient files.

Time = 150

DILUPBiCGStab:  Solving for Ux, Initial residual = 1.7365149e-05, Final residual = 6.4382638e-08, No Iterations 1
DILUPBiCGStab:  Solving for Uy, Initial residual = 0.00074321275, Final residual = 2.8404156e-06, No Iterations 1
DILUPBiCGStab:  Solving for Uz, Initial residual = 5.2668985e-05, Final residual = 2.01825e-07, No Iterations 1
GAMG:  Solving for p, Initial residual = 0.0077606239, Final residual = 7.7133618e-05, No Iterations 24
time step continuity errors : sum local = 2.7570774e-08, global = 2.5133197e-08, cumulative = -9.8198124e-06
DILUPBiCGStab:  Solving for omega, Initial residual = 1.7996568e-08, Final residual = 4.5674076e-10, No Iterations 1
DILUPBiCGStab:  Solving for k, Initial residual = 1.2289101e-06, Final residual = 1.0732486e-09, No Iterations 1
ExecutionTime = 196.3 s  ClockTime = 200 s

forceCoeffs forceCoeffs write:
    Coefficient	Total	Pressure	Viscous	Internal
    Cd:	7.4072644	-0.059652169	7.4669165	0
    Cd(f):	118.18155	115.22845	2.9531067	0
    Cd(r):	-110.77429	-115.2881	4.5138099	0
    Cl:	77.186322	78.003108	-0.81678619	0
    Cl(f):	-350.81928	-356.17688	5.3576012	0
    Cl(r):	428.0056	434.17999	-6.1743874	0
    CmPitch:	-389.41244	-395.17843	5.7659943	0
    CmRoll:	114.47792	115.25827	-0.7803516	0
    CmYaw:	66.012468	69.691083	-3.678615	0
    Cs:	22.388706	21.615527	0.77317917	0
    Cs(f):	77.206821	80.498847	-3.2920254	0
    Cs(r):	-54.818115	-58.88332	4.0652046	0

    writing force and moment coefficient files.

Time = 151

DILUPBiCGStab:  Solving for Ux, Initial residual = 1.7346806e-05, Final residual = 6.5143141e-08, No Iterations 1
DILUPBiCGStab:  Solving for Uy, Initial residual = 0.00072731763, Final residual = 2.7589696e-06, No Iterations 1
DILUPBiCGStab:  Solving for Uz, Initial residual = 5.2378691e-05, Final residual = 1.9840727e-07, No Iterations 1
GAMG:  Solving for p, Initial residual = 0.0079523133, Final residual = 7.4348396e-05, No Iterations 25
time step continuity errors : sum local = 2.6243393e-08, global = -2.3838035e-08, cumulative = -9.8436505e-06
DILUPBiCGStab:  Solving for omega, Initial residual = 1.7969622e-08, Final residual = 4.4646799e-10, No Iterations 1
DILUPBiCGStab:  Solving for k, Initial residual = 1.2184244e-06, Final residual = 1.0772887e-09, No Iterations 1
ExecutionTime = 197.04 s  ClockTime = 201 s

forceCoeffs forceCoeffs write:
    Coefficient	Total	Pressure	Viscous	Internal
    Cd:	7.3886165	-0.052332668	7.4409491	0
    Cd(f):	118.19432	115.24698	2.9473453	0
    Cd(r):	-110.80571	-115.29931	4.4936038	0
    Cl:	77.061318	77.872228	-0.81091017	0
    Cl(f):	-350.20621	-355.54509	5.3388818	0
    Cl(r):	427.26753	433.41732	-6.1497919	0
    CmPitch:	-388.73687	-394.4812	5.7443368	0
    CmRoll:	114.50001	115.27314	-0.77312923	0
    CmYaw:	65.209225	68.883378	-3.6741531	0
    Cs:	22.161152	21.396246	0.76490663	0
    Cs(f):	76.289801	79.581501	-3.2916998	0
    Cs(r):	-54.128649	-58.185255	4.0566065	0

    writing force and moment coefficient files.

Time = 152

DILUPBiCGStab:  Solving for Ux, Initial residual = 1.733079e-05, Final residual = 6.5704391e-08, No Iterations 1
DILUPBiCGStab:  Solving for Uy, Initial residual = 0.0007117746, Final residual = 2.6761478e-06, No Iterations 1
DILUPBiCGStab:  Solving for Uz, Initial residual = 5.2019222e-05, Final residual = 1.9521878e-07, No Iterations 1
GAMG:  Solving for p, Initial residual = 0.0081379135, Final residual = 8.0511961e-05, No Iterations 22
time step continuity errors : sum local = 2.8000776e-08, global = 2.5690504e-08, cumulative = -9.81796e-06
DILUPBiCGStab:  Solving for omega, Initial residual = 1.7614091e-08, Final residual = 4.3547374e-10, No Iterations 1
DILUPBiCGStab:  Solving for k, Initial residual = 1.2081372e-06, Final residual = 1.0828116e-09, No Iterations 1
ExecutionTime = 197.54 s  ClockTime = 202 s

forceCoeffs forceCoeffs write:
    Coefficient	Total	Pressure	Viscous	Internal
    Cd:	7.3676549	-0.047478977	7.4151338	0
    Cd(f):	118.12967	115.18805	2.9416165	0
    Cd(r):	-110.76201	-115.23553	4.4735174	0
    Cl:	76.877954	77.683026	-0.80507223	0
    Cl(f):	-349.33696	-354.65722	5.3202588	0
    Cl(r):	426.21491	432.34024	-6.125331	0
    CmPitch:	-387.77594	-393.49873	5.7227949	0
    CmRoll:	114.44584	115.21179	-0.76595046	0
    CmYaw:	64.361122	68.030795	-3.6696728	0
    Cs:	21.923834	21.167134	0.75670011	0
    Cs(f):	75.323039	78.614362	-3.2913227	0
    Cs(r):	-53.399205	-57.447228	4.0480228	0

    writing force and moment coefficient files.

Time = 153

DILUPBiCGStab:  Solving for Ux, Initial residual = 1.7311016e-05, Final residual = 6.5941109e-08, No Iterations 1
DILUPBiCGStab:  Solving for Uy, Initial residual = 0.00069671978, Final residual = 2.6113761e-06, No Iterations 1
DILUPBiCGStab:  Solving for Uz, Initial residual = 5.1598091e-05, Final residual = 1.9394343e-07, No Iterations 1
GAMG:  Solving for p, Initial residual = 0.0084208554, Final residual = 8.4170355e-05, No Iterations 23
time step continuity errors : sum local = 2.876829e-08, global = -2.6177238e-08, cumulative = -9.8441372e-06
DILUPBiCGStab:  Solving for omega, Initial residual = 1.7408553e-08, Final residual = 4.2522882e-10, No Iterations 1
DILUPBiCGStab:  Solving for k, Initial residual = 1.198134e-06, Final residual = 1.0896289e-09, No Iterations 1
ExecutionTime = 197.97 s  ClockTime = 202 s

forceCoeffs forceCoeffs write:
    Coefficient	Total	Pressure	Viscous	Internal
    Cd:	7.3445751	-0.044863715	7.3894388	0
    Cd(f):	117.98715	115.05123	2.9359175	0
    Cd(r):	-110.64258	-115.0961	4.4535213	0
    Cl:	76.645775	77.445074	-0.79929888	0
    Cl(f):	-348.25535	-353.55706	5.3017109	0
    Cl(r):	424.90113	431.00214	-6.1010098	0
    CmPitch:	-386.57824	-392.2796	5.7013604	0
    CmRoll:	114.31486	115.07367	-0.7588019	0
    CmYaw:	63.521089	67.186279	-3.6651892	0
    Cs:	21.688389	20.93985	0.74853897	0
    Cs(f):	74.365284	77.656204	-3.2909197	0
    Cs(r):	-52.676895	-56.716354	4.0394587	0

    writing force and moment coefficient files.

Time = 154

DILUPBiCGStab:  Solving for Ux, Initial residual = 1.7309185e-05, Final residual = 6.5715821e-08, No Iterations 1
DILUPBiCGStab:  Solving for Uy, Initial residual = 0.0006824274, Final residual = 2.5554789e-06, No Iterations 1
DILUPBiCGStab:  Solving for Uz, Initial residual = 5.117527e-05, Final residual = 1.9253575e-07, No Iterations 1
GAMG:  Solving for p, Initial residual = 0.0086854855, Final residual = 8.2890009e-05, No Iterations 24
time step continuity errors : sum local = 2.7814004e-08, global = -2.5041164e-08, cumulative = -9.8691784e-06
DILUPBiCGStab:  Solving for omega, Initial residual = 1.6899015e-08, Final residual = 4.1438579e-10, No Iterations 1
DILUPBiCGStab:  Solving for k, Initial residual = 1.188137e-06, Final residual = 1.0983803e-09, No Iterations 1
ExecutionTime = 198.32 s  ClockTime = 203 s

forceCoeffs forceCoeffs write:
    Coefficient	Total	Pressure	Viscous	Internal
    Cd:	7.3182437	-0.045566401	7.3638101	0
    Cd(f):	117.76587	114.83574	2.9301357	0
    Cd(r):	-110.44763	-114.8813	4.4336744	0
    Cl:	76.361688	77.155277	-0.79358951	0
    Cl(f):	-346.95138	-352.2346	5.283217	0
    Cl(r):	423.31307	429.38988	-6.0768065	0
    CmPitch:	-385.13223	-390.81224	5.6800118	0
    CmRoll:	114.10675	114.85852	-0.75176936	0
    CmYaw:	62.663527	66.324159	-3.6606314	0
    Cs:	21.451149	20.710618	0.74053116	0
    Cs(f):	73.389102	76.679468	-3.2903658	0
    Cs(r):	-51.937952	-55.968849	4.030897	0

    writing force and moment coefficient files.

Time = 155

DILUPBiCGStab:  Solving for Ux, Initial residual = 1.7309434e-05, Final residual = 6.4957511e-08, No Iterations 1
DILUPBiCGStab:  Solving for Uy, Initial residual = 0.000668658, Final residual = 2.5048097e-06, No Iterations 1
DILUPBiCGStab:  Solving for Uz, Initial residual = 5.0729724e-05, Final residual = 1.9147516e-07, No Iterations 1
GAMG:  Solving for p, Initial residual = 0.0090344184, Final residual = 8.6879939e-05, No Iterations 24
time step continuity errors : sum local = 2.8568937e-08, global = -2.5337846e-08, cumulative = -9.8945162e-06
DILUPBiCGStab:  Solving for omega, Initial residual = 1.6633993e-08, Final residual = 4.0445591e-10, No Iterations 1
DILUPBiCGStab:  Solving for k, Initial residual = 1.1781595e-06, Final residual = 1.1085731e-09, No Iterations 1
ExecutionTime = 198.68 s  ClockTime = 203 s

forceCoeffs forceCoeffs write:
    Coefficient	Total	Pressure	Viscous	Internal
    Cd:	7.2885061	-0.049756297	7.3382624	0
    Cd(f):	117.46825	114.54397	2.924281	0
    Cd(r):	-110.17975	-114.59373	4.4139814	0
    Cl:	76.032126	76.820062	-0.78793658	0
    Cl(f):	-345.45387	-350.71867	5.2647954	0
    Cl(r):	421.486	427.53873	-6.052732	0
    CmPitch:	-383.46993	-389.1287	5.6587637	0
    CmRoll:	113.824	114.56885	-0.74485024	0
    CmYaw:	61.806863	65.462867	-3.6560044	0
    Cs:	21.218342	20.485676	0.73266629	0
    Cs(f):	72.416034	75.705705	-3.2896712	0
    Cs(r):	-51.197692	-55.22003	4.0223375	0

    writing force and moment coefficient files.

Time = 156

DILUPBiCGStab:  Solving for Ux, Initial residual = 1.7302433e-05, Final residual = 6.3612486e-08, No Iterations 1
DILUPBiCGStab:  Solving for Uy, Initial residual = 0.00065538957, Final residual = 2.462998e-06, No Iterations 1
DILUPBiCGStab:  Solving for Uz, Initial residual = 5.0275648e-05, Final residual = 1.9069196e-07, No Iterations 1
GAMG:  Solving for p, Initial residual = 0.0093642149, Final residual = 9.3507953e-05, No Iterations 23
time step continuity errors : sum local = 3.0098836e-08, global = 2.6636492e-08, cumulative = -9.8678797e-06
DILUPBiCGStab:  Solving for omega, Initial residual = 1.6591001e-08, Final residual = 3.9533527e-10, No Iterations 1
DILUPBiCGStab:  Solving for k, Initial residual = 1.1684686e-06, Final residual = 1.122897e-09, No Iterations 1
ExecutionTime = 199.02 s  ClockTime = 203 s

forceCoeffs forceCoeffs write:
    Coefficient	Total	Pressure	Viscous	Internal
    Cd:	7.2557983	-0.057017788	7.3128161	0
    Cd(f):	117.09762	114.17924	2.9183821	0
    Cd(r):	-109.84182	-114.23625	4.394434	0
    Cl:	75.662038	76.444373	-0.78233566	0
    Cl(f):	-343.78379	-349.03025	5.2464656	0
    Cl(r):	419.44583	425.47463	-6.0288012	0
    CmPitch:	-381.61481	-387.25244	5.6376334	0
    CmRoll:	113.46972	114.20775	-0.73802592	0
    CmYaw:	60.955897	64.607224	-3.6513269	0
    Cs:	20.991972	20.267056	0.72491594	0
    Cs(f):	71.451883	74.740752	-3.2888689	0
    Cs(r):	-50.459911	-54.473696	4.0137849	0

    writing force and moment coefficient files.

Time = 157

DILUPBiCGStab:  Solving for Ux, Initial residual = 1.7282527e-05, Final residual = 6.1583799e-08, No Iterations 1
DILUPBiCGStab:  Solving for Uy, Initial residual = 0.00064239658, Final residual = 2.4279159e-06, No Iterations 1
DILUPBiCGStab:  Solving for Uz, Initial residual = 4.9777333e-05, Final residual = 1.906517e-07, No Iterations 1
GAMG:  Solving for p, Initial residual = 0.0096065398, Final residual = 9.0184273e-05, No Iterations 23
time step continuity errors : sum local = 2.8383798e-08, global = 2.4998015e-08, cumulative = -9.8428817e-06
DILUPBiCGStab:  Solving for omega, Initial residual = 1.61287e-08, Final residual = 3.854135e-10, No Iterations 1
DILUPBiCGStab:  Solving for k, Initial residual = 1.1588103e-06, Final residual = 1.1390819e-09, No Iterations 1
ExecutionTime = 199.37 s  ClockTime = 204 s

forceCoeffs forceCoeffs write:
    Coefficient	Total	Pressure	Viscous	Internal
    Cd:	7.2203183	-0.067165732	7.287484	0
    Cd(f):	116.65267	113.74021	2.9124573	0
    Cd(r):	-109.43235	-113.80737	4.3750267	0
    Cl:	75.246533	76.023308	-0.77677576	0
    Cl(f):	-341.92022	-347.14844	5.2282169	0
    Cl(r):	417.16675	423.17175	-6.0049926	0
    CmPitch:	-379.54349	-385.16009	5.6166048	0
    CmRoll:	113.04251	113.77379	-0.73128474	0
    CmYaw:	60.076062	63.722648	-3.6465856	0
    Cs:	20.765281	20.048006	0.71727461	0
    Cs(f):	70.458703	73.746651	-3.2879483	0
    Cs(r):	-49.693422	-53.698645	4.0052229	0

    writing force and moment coefficient files.

Time = 158

DILUPBiCGStab:  Solving for Ux, Initial residual = 1.727943e-05, Final residual = 5.9452608e-08, No Iterations 1
DILUPBiCGStab:  Solving for Uy, Initial residual = 0.00062984229, Final residual = 2.3940319e-06, No Iterations 1
DILUPBiCGStab:  Solving for Uz, Initial residual = 4.9275416e-05, Final residual = 1.9037632e-07, No Iterations 1
GAMG:  Solving for p, Initial residual = 0.0099675368, Final residual = 9.8594841e-05, No Iterations 21
time step continuity errors : sum local = 3.0270418e-08, global = -2.5988316e-08, cumulative = -9.86887e-06
DILUPBiCGStab:  Solving for omega, Initial residual = 1.6144773e-08, Final residual = 3.7691801e-10, No Iterations 1
DILUPBiCGStab:  Solving for k, Initial residual = 1.1495103e-06, Final residual = 1.1571182e-09, No Iterations 1
ExecutionTime = 199.71 s  ClockTime = 204 s

forceCoeffs forceCoeffs write:
    Coefficient	Total	Pressure	Viscous	Internal
    Cd:	7.1837961	-0.078491471	7.2622875	0
    Cd(f):	116.13955	113.23302	2.9065322	0
    Cd(r):	-108.95575	-113.31151	4.3557553	0
    Cl:	74.794913	75.566158	-0.77124504	0
    Cl(f):	-339.89916	-345.10923	5.210061	0
    Cl(r):	414.69408	420.67538	-5.981306	0
    CmPitch:	-377.29662	-382.8923	5.5956835	0
    CmRoll:	112.54765	113.27226	-0.72461158	0
    CmYaw:	59.195902	62.837686	-3.6417837	0
    Cs:	20.543669	19.833944	0.70972505	0
    Cs(f):	69.467736	72.754657	-3.2869212	0
    Cs(r):	-48.924068	-52.920714	3.9966462	0

    writing force and moment coefficient files.

Time = 159

DILUPBiCGStab:  Solving for Ux, Initial residual = 1.7251686e-05, Final residual = 5.9458337e-08, No Iterations 1
DILUPBiCGStab:  Solving for Uy, Initial residual = 0.00061781626, Final residual = 2.3619933e-06, No Iterations 1
DILUPBiCGStab:  Solving for Uz, Initial residual = 4.8781671e-05, Final residual = 1.8934877e-07, No Iterations 1
GAMG:  Solving for p, Initial residual = 0.010355091, Final residual = 0.0001019808, No Iterations 22
time step continuity errors : sum local = 3.0491185e-08, global = -2.5964696e-08, cumulative = -9.8948347e-06
DILUPBiCGStab:  Solving for omega, Initial residual = 1.5629108e-08, Final residual = 3.6729182e-10, No Iterations 1
DILUPBiCGStab:  Solving for k, Initial residual = 1.1400431e-06, Final residual = 1.1763817e-09, No Iterations 1
ExecutionTime = 200.06 s  ClockTime = 204 s

forceCoeffs forceCoeffs write:
    Coefficient	Total	Pressure	Viscous	Internal
    Cd:	7.1480309	-0.089191664	7.2372226	0
    Cd(f):	115.56912	112.66851	2.9006101	0
    Cd(r):	-108.42109	-112.7577	4.3366125	0
    Cl:	74.319111	75.084862	-0.76575091	0
    Cl(f):	-337.76831	-342.96031	5.1920044	0
    Cl(r):	412.08742	418.04518	-5.9577553	0
    CmPitch:	-374.92786	-380.50274	5.5748799	0
    CmRoll:	111.9951	112.7131	-0.71800123	0
    CmYaw:	58.346634	61.983572	-3.6369377	0
    Cs:	20.332906	19.630651	0.70225485	0
    Cs(f):	68.513087	71.798897	-3.2858103	0
    Cs(r):	-48.180181	-52.168246	3.9880652	0

    writing force and moment coefficient files.

Time = 160

DILUPBiCGStab:  Solving for Ux, Initial residual = 1.7231616e-05, Final residual = 6.038804e-08, No Iterations 1
DILUPBiCGStab:  Solving for Uy, Initial residual = 0.00060604134, Final residual = 2.3259698e-06, No Iterations 1
DILUPBiCGStab:  Solving for Uz, Initial residual = 4.8252896e-05, Final residual = 1.8843788e-07, No Iterations 1
GAMG:  Solving for p, Initial residual = 0.010847546, Final residual = 9.9576124e-05, No Iterations 23
time step continuity errors : sum local = 2.8978936e-08, global = 2.5265902e-08, cumulative = -9.8695688e-06
DILUPBiCGStab:  Solving for omega, Initial residual = 1.5595847e-08, Final residual = 3.591063e-10, No Iterations 1
DILUPBiCGStab:  Solving for k, Initial residual = 1.1309384e-06, Final residual = 1.1962446e-09, No Iterations 1
ExecutionTime = 200.43 s  ClockTime = 205 s

forceCoeffs forceCoeffs write:
    Coefficient	Total	Pressure	Viscous	Internal
    Cd:	7.1140497	-0.098248741	7.2122984	0
    Cd(f):	114.94739	112.05269	2.894702	0
    Cd(r):	-107.83334	-112.15094	4.3175964	0
    Cl:	73.822311	74.582594	-0.76028296	0
    Cl(f):	-335.53877	-340.71282	5.1740503	0
    Cl(r):	409.36108	415.29542	-5.9343333	0
    CmPitch:	-372.44993	-378.00412	5.5541918	0
    CmRoll:	111.39037	112.10182	-0.71144717	0
    CmYaw:	57.528229	61.160287	-3.6320586	0
    Cs:	20.131683	19.436823	0.69486028	0
    Cs(f):	67.59407	70.878699	-3.2846285	0
    Cs(r):	-47.462387	-51.441876	3.9794888	0

    writing force and moment coefficient files.

Time = 161

DILUPBiCGStab:  Solving for Ux, Initial residual = 1.7211709e-05, Final residual = 6.1343875e-08, No Iterations 1
DILUPBiCGStab:  Solving for Uy, Initial residual = 0.00059410687, Final residual = 2.2778205e-06, No Iterations 1
DILUPBiCGStab:  Solving for Uz, Initial residual = 4.7632437e-05, Final residual = 1.8771062e-07, No Iterations 1
GAMG:  Solving for p, Initial residual = 0.011370689, Final residual = 0.00010632243, No Iterations 21
time step continuity errors : sum local = 3.0102043e-08, global = 2.6296926e-08, cumulative = -9.8432719e-06
DILUPBiCGStab:  Solving for omega, Initial residual = 1.5139673e-08, Final residual = 3.5009333e-10, No Iterations 1
DILUPBiCGStab:  Solving for k, Initial residual = 1.1224731e-06, Final residual = 1.2163085e-09, No Iterations 1
ExecutionTime = 200.8 s  ClockTime = 205 s

forceCoeffs forceCoeffs write:
    Coefficient	Total	Pressure	Viscous	Internal
    Cd:	7.0824312	-0.10508134	7.1875126	0
    Cd(f):	114.27756	111.38876	2.888802	0
    Cd(r):	-107.19513	-111.49384	4.2987106	0
    Cl:	73.305477	74.060323	-0.75484607	0
    Cl(f):	-333.21436	-338.37058	5.1562187	0
    Cl(r):	406.51984	412.43091	-5.9110648	0
    CmPitch:	-369.8671	-375.40074	5.5336418	0
    CmRoll:	110.73635	111.4413	-0.70495427	0
    CmYaw:	56.742268	60.369424	-3.6271562	0
    Cs:	19.939256	19.251718	0.68753813	0
    Cs(f):	66.711896	69.995283	-3.2833872	0
    Cs(r):	-46.77264	-50.743565	3.9709253	0

    writing force and moment coefficient files.

Time = 162

DILUPBiCGStab:  Solving for Ux, Initial residual = 1.7194439e-05, Final residual = 6.2352273e-08, No Iterations 1
DILUPBiCGStab:  Solving for Uy, Initial residual = 0.00058253052, Final residual = 2.2228969e-06, No Iterations 1
DILUPBiCGStab:  Solving for Uz, Initial residual = 4.7018444e-05, Final residual = 1.8662241e-07, No Iterations 1
GAMG:  Solving for p, Initial residual = 0.011964725, Final residual = 0.00011730318, No Iterations 21
time step continuity errors : sum local = 3.228416e-08, global = -2.7582618e-08, cumulative = -9.8708545e-06
DILUPBiCGStab:  Solving for omega, Initial residual = 1.5220702e-08, Final residual = 3.4263722e-10, No Iterations 1
DILUPBiCGStab:  Solving for k, Initial residual = 1.1143664e-06, Final residual = 1.2359275e-09, No Iterations 1
ExecutionTime = 201.16 s  ClockTime = 205 s

forceCoeffs forceCoeffs write:
    Coefficient	Total	Pressure	Viscous	Internal
    Cd:	7.0543202	-0.10853799	7.1628582	0
    Cd(f):	113.57262	110.68972	2.8828996	0
    Cd(r):	-106.5183	-110.79826	4.2799585	0
    Cl:	72.78103	73.530482	-0.7494524	0
    Cl(f):	-330.84991	-335.98843	5.1385189	0
    Cl(r):	403.63094	409.51891	-5.8879713	0
    CmPitch:	-367.24042	-372.75367	5.5132451	0
    CmRoll:	110.04546	110.74399	-0.69852945	0
    CmYaw:	56.015334	59.637566	-3.6222322	0
    Cs:	19.760126	19.079836	0.68029009	0
    Cs(f):	65.895397	69.177484	-3.2820872	0
    Cs(r):	-46.135271	-50.097648	3.9623773	0

    writing force and moment coefficient files.

Time = 163

DILUPBiCGStab:  Solving for Ux, Initial residual = 1.7153571e-05, Final residual = 6.2628222e-08, No Iterations 1
DILUPBiCGStab:  Solving for Uy, Initial residual = 0.00057176847, Final residual = 2.1649017e-06, No Iterations 1
DILUPBiCGStab:  Solving for Uz, Initial residual = 4.6437838e-05, Final residual = 1.847976e-07, No Iterations 1
GAMG:  Solving for p, Initial residual = 0.012598096, Final residual = 0.00012458366, No Iterations 20
time step continuity errors : sum local = 3.333928e-08, global = -2.8334618e-08, cumulative = -9.8991891e-06
DILUPBiCGStab:  Solving for omega, Initial residual = 1.4676204e-08, Final residual = 3.3377217e-10, No Iterations 1
DILUPBiCGStab:  Solving for k, Initial residual = 1.106721e-06, Final residual = 1.2549306e-09, No Iterations 1
ExecutionTime = 201.55 s  ClockTime = 206 s

forceCoeffs forceCoeffs write:
    Coefficient	Total	Pressure	Viscous	Internal
    Cd:	7.029559	-0.10877867	7.1383377	0
    Cd(f):	112.8358	109.95881	2.8769954	0
    Cd(r):	-105.80625	-110.06759	4.2613423	0
    Cl:	72.246938	72.991041	-0.74410293	0
    Cl(f):	-328.43825	-333.5592	5.1209529	0
    Cl(r):	400.68518	406.55024	-5.8650559	0
    CmPitch:	-364.56172	-370.05472	5.4930044	0
    CmRoll:	109.32103	110.0132	-0.69217348	0
    CmYaw:	55.318195	58.935491	-3.6172962	0
    Cs:	19.588002	18.914886	0.67311651	0
    Cs(f):	65.112196	68.392934	-3.280738	0
    Cs(r):	-45.524194	-49.478048	3.9538545	0

    writing force and moment coefficient files.

Time = 164

DILUPBiCGStab:  Solving for Ux, Initial residual = 1.7127591e-05, Final residual = 6.1240644e-08, No Iterations 1
DILUPBiCGStab:  Solving for Uy, Initial residual = 0.00056111839, Final residual = 2.1026035e-06, No Iterations 1
DILUPBiCGStab:  Solving for Uz, Initial residual = 4.5856401e-05, Final residual = 1.8306238e-07, No Iterations 1
GAMG:  Solving for p, Initial residual = 0.013344555, Final residual = 0.00012786511, No Iterations 21
time step continuity errors : sum local = 3.3237259e-08, global = 2.8742945e-08, cumulative = -9.8704462e-06
DILUPBiCGStab:  Solving for omega, Initial residual = 1.4710827e-08, Final residual = 3.2650981e-10, No Iterations 1
DILUPBiCGStab:  Solving for k, Initial residual = 1.0994245e-06, Final residual = 1.2732844e-09, No Iterations 1
ExecutionTime = 201.99 s  ClockTime = 206 s

forceCoeffs forceCoeffs write:
    Coefficient	Total	Pressure	Viscous	Internal
    Cd:	7.0083786	-0.10556563	7.1139443	0
    Cd(f):	112.08281	109.21172	2.8710842	0
    Cd(r):	-105.07443	-109.31729	4.2428601	0
    Cl:	71.716188	72.454982	-0.73879443	0
    Cl(f):	-326.03632	-331.13983	5.1035103	0
    Cl(r):	397.7525	403.59481	-5.8423047	0
    CmPitch:	-361.89441	-367.36732	5.4729075	0
    CmRoll:	108.57862	109.2645	-0.68588794	0
    CmYaw:	54.66662	58.278969	-3.6123482	0
    Cs:	19.426357	18.760338	0.66601924	0
    Cs(f):	64.379799	67.659137	-3.2793386	0
    Cs(r):	-44.953442	-48.8988	3.9453578	0

    writing force and moment coefficient files.

Time = 165

DILUPBiCGStab:  Solving for Ux, Initial residual = 1.7090482e-05, Final residual = 5.8933344e-08, No Iterations 1
DILUPBiCGStab:  Solving for Uy, Initial residual = 0.00055014808, Final residual = 2.0380753e-06, No Iterations 1
DILUPBiCGStab:  Solving for Uz, Initial residual = 4.5214092e-05, Final residual = 1.8150467e-07, No Iterations 1
GAMG:  Solving for p, Initial residual = 0.014065, Final residual = 0.00013761249, No Iterations 19
time step continuity errors : sum local = 3.4740416e-08, global = 2.9975674e-08, cumulative = -9.8404705e-06
DILUPBiCGStab:  Solving for omega, Initial residual = 1.4222033e-08, Final residual = 3.1818048e-10, No Iterations 1
DILUPBiCGStab:  Solving for k, Initial residual = 1.0925902e-06, Final residual = 1.2924499e-09, No Iterations 1
ExecutionTime = 202.34 s  ClockTime = 207 s

forceCoeffs forceCoeffs write:
    Coefficient	Total	Pressure	Viscous	Internal
    Cd:	6.989594	-0.10007872	7.0896727	0
    Cd(f):	111.31268	108.44752	2.8651621	0
    Cd(r):	-104.32309	-108.5476	4.2245106	0
    Cl:	71.183646	71.917176	-0.73352988	0
    Cl(f):	-323.62388	-328.71006	5.0861826	0
    Cl(r):	394.80753	400.62724	-5.8197125	0
    CmPitch:	-359.2157	-364.66865	5.4529476	0
    CmRoll:	107.81788	108.49756	-0.67967425	0
    CmYaw:	54.03676	57.644159	-3.6073986	0
    Cs:	19.270693	18.611694	0.65899939	0
    Cs(f):	63.672107	66.950006	-3.2778989	0
    Cs(r):	-44.401414	-48.338312	3.9368983	0

    writing force and moment coefficient files.

Time = 166

DILUPBiCGStab:  Solving for Ux, Initial residual = 1.7065582e-05, Final residual = 5.8232441e-08, No Iterations 1
DILUPBiCGStab:  Solving for Uy, Initial residual = 0.00053952598, Final residual = 1.980911e-06, No Iterations 1
DILUPBiCGStab:  Solving for Uz, Initial residual = 4.460146e-05, Final residual = 1.7976038e-07, No Iterations 1
GAMG:  Solving for p, Initial residual = 0.014861628, Final residual = 0.00014643507, No Iterations 20
time step continuity errors : sum local = 3.5854538e-08, global = 3.0707522e-08, cumulative = -9.809763e-06
DILUPBiCGStab:  Solving for omega, Initial residual = 1.4027736e-08, Final residual = 3.1067746e-10, No Iterations 1
DILUPBiCGStab:  Solving for k, Initial residual = 1.0862395e-06, Final residual = 1.3138642e-09, No Iterations 1
ExecutionTime = 202.7 s  ClockTime = 207 s

forceCoeffs forceCoeffs write:
    Coefficient	Total	Pressure	Viscous	Internal
    Cd:	6.9737856	-0.091720316	7.0655059	0
    Cd(f):	110.54639	107.68717	2.8592193	0
    Cd(r):	-103.5726	-107.77889	4.2062866	0
    Cl:	70.666665	71.394978	-0.72831346	0
    Cl(f):	-321.27936	-326.34831	5.068953	0
    Cl(r):	391.94602	397.74329	-5.7972665	0
    CmPitch:	-356.61269	-362.0458	5.4331097	0
    CmRoll:	107.0595	107.73303	-0.67353364	0
    CmYaw:	53.462991	57.065435	-3.6024443	0
    Cs:	19.127618	18.475559	0.65205814	0
    Cs(f):	63.0268	66.303215	-3.2764152	0
    Cs(r):	-43.899182	-47.827656	3.9284733	0

    writing force and moment coefficient files.

Time = 167

DILUPBiCGStab:  Solving for Ux, Initial residual = 1.7032823e-05, Final residual = 5.8273605e-08, No Iterations 1
DILUPBiCGStab:  Solving for Uy, Initial residual = 0.00052927218, Final residual = 1.9355167e-06, No Iterations 1
DILUPBiCGStab:  Solving for Uz, Initial residual = 4.4022017e-05, Final residual = 1.7759448e-07, No Iterations 1
GAMG:  Solving for p, Initial residual = 0.015718271, Final residual = 0.00015699607, No Iterations 20
time step continuity errors : sum local = 3.7301165e-08, global = 3.1810255e-08, cumulative = -9.7779527e-06
DILUPBiCGStab:  Solving for omega, Initial residual = 1.3807087e-08, Final residual = 3.0327302e-10, No Iterations 1
DILUPBiCGStab:  Solving for k, Initial residual = 1.0802874e-06, Final residual = 1.3410443e-09, No Iterations 1
ExecutionTime = 203.11 s  ClockTime = 207 s

forceCoeffs forceCoeffs write:
    Coefficient	Total	Pressure	Viscous	Internal
    Cd:	6.9609244	-0.080531816	7.0414562	0
    Cd(f):	109.79187	106.9386	2.8532664	0
    Cd(r):	-102.83094	-107.01913	4.1881898	0
    Cl:	70.168857	70.892	-0.72314269	0
    Cl(f):	-319.02059	-324.07241	5.051825	0
    Cl(r):	389.18945	394.96441	-5.7749677	0
    CmPitch:	-354.10502	-359.51841	5.4133963	0
    CmRoll:	106.3114	106.97887	-0.66746172	0
    CmYaw:	52.945026	56.54253	-3.5975032	0
    Cs:	18.996304	18.351113	0.6451908	0
    Cs(f):	62.443178	65.718086	-3.2749078	0
    Cs(r):	-43.446875	-47.366973	3.9200986	0

    writing force and moment coefficient files.

Time = 168

DILUPBiCGStab:  Solving for Ux, Initial residual = 1.6996067e-05, Final residual = 5.8741375e-08, No Iterations 1
DILUPBiCGStab:  Solving for Uy, Initial residual = 0.00051945736, Final residual = 1.9146833e-06, No Iterations 1
DILUPBiCGStab:  Solving for Uz, Initial residual = 4.3459137e-05, Final residual = 1.7513881e-07, No Iterations 1
GAMG:  Solving for p, Initial residual = 0.016601483, Final residual = 0.00016357458, No Iterations 20
time step continuity errors : sum local = 3.7724347e-08, global = 3.2166147e-08, cumulative = -9.7457866e-06
DILUPBiCGStab:  Solving for omega, Initial residual = 1.3619568e-08, Final residual = 2.9610846e-10, No Iterations 1
DILUPBiCGStab:  Solving for k, Initial residual = 1.0749011e-06, Final residual = 1.3826095e-09, No Iterations 1
ExecutionTime = 203.48 s  ClockTime = 208 s

forceCoeffs forceCoeffs write:
    Coefficient	Total	Pressure	Viscous	Internal
    Cd:	6.9506575	-0.066869041	7.0175265	0
    Cd(f):	109.05532	106.20801	2.8473074	0
    Cd(r):	-102.10466	-106.27488	4.1702191	0
    Cl:	69.691921	70.409943	-0.71802238	0
    Cl(f):	-316.85688	-321.89168	5.0347991	0
    Cl(r):	386.5488	392.30163	-5.7528215	0
    CmPitch:	-351.70284	-357.09665	5.3938103	0
    CmRoll:	105.57999	106.24145	-0.66145585	0
    CmYaw:	52.479104	56.07168	-3.5925757	0
    Cs:	18.875391	18.236997	0.63839383	0
    Cs(f):	61.9168	65.190178	-3.2733788	0
    Cs(r):	-43.041409	-46.953182	3.9117726	0

    writing force and moment coefficient files.

Time = 169

DILUPBiCGStab:  Solving for Ux, Initial residual = 1.6952076e-05, Final residual = 6.0587978e-08, No Iterations 1
DILUPBiCGStab:  Solving for Uy, Initial residual = 0.00050989823, Final residual = 1.8987612e-06, No Iterations 1
DILUPBiCGStab:  Solving for Uz, Initial residual = 4.2896876e-05, Final residual = 1.7250547e-07, No Iterations 1
GAMG:  Solving for p, Initial residual = 0.017455247, Final residual = 0.00016767426, No Iterations 20
time step continuity errors : sum local = 3.755154e-08, global = 3.1986846e-08, cumulative = -9.7137997e-06
DILUPBiCGStab:  Solving for omega, Initial residual = 1.3436771e-08, Final residual = 2.8912119e-10, No Iterations 1
DILUPBiCGStab:  Solving for k, Initial residual = 1.0699486e-06, Final residual = 1.4433391e-09, No Iterations 1
ExecutionTime = 203.83 s  ClockTime = 208 s

forceCoeffs forceCoeffs write:
    Coefficient	Total	Pressure	Viscous	Internal
    Cd:	6.9429446	-0.05077383	6.9937184	0
    Cd(f):	108.34617	105.50483	2.8413389	0
    Cd(r):	-101.40323	-105.5556	4.1523796	0
    Cl:	69.239408	69.952363	-0.71295462	0
    Cl(f):	-314.80418	-319.82207	5.0178899	0
    Cl(r):	384.04359	389.77443	-5.7308445	0
    CmPitch:	-349.42388	-354.79825	5.3743672	0
    CmRoll:	104.8747	105.53022	-0.65552035	0
    CmYaw:	52.063137	55.650794	-3.5876577	0
    Cs:	18.764393	18.132724	0.63166951	0
    Cs(f):	61.445333	64.717156	-3.2718229	0
    Cs(r):	-42.68094	-46.584433	3.9034924	0

    writing force and moment coefficient files.

Time = 170

DILUPBiCGStab:  Solving for Ux, Initial residual = 1.6904461e-05, Final residual = 6.2670527e-08, No Iterations 1
DILUPBiCGStab:  Solving for Uy, Initial residual = 0.00050055601, Final residual = 1.876744e-06, No Iterations 1
DILUPBiCGStab:  Solving for Uz, Initial residual = 4.2344465e-05, Final residual = 1.6975748e-07, No Iterations 1
GAMG:  Solving for p, Initial residual = 0.018265767, Final residual = 0.00016977289, No Iterations 20
time step continuity errors : sum local = 3.6946725e-08, global = 3.1404248e-08, cumulative = -9.6823955e-06
DILUPBiCGStab:  Solving for omega, Initial residual = 1.3259702e-08, Final residual = 2.8226407e-10, No Iterations 1
DILUPBiCGStab:  Solving for k, Initial residual = 1.0654222e-06, Final residual = 1.5224505e-09, No Iterations 1
ExecutionTime = 204.19 s  ClockTime = 208 s

forceCoeffs forceCoeffs write:
    Coefficient	Total	Pressure	Viscous	Internal
    Cd:	6.9381287	-0.031895296	6.970024	0
    Cd(f):	107.67356	104.8382	2.8353605	0
    Cd(r):	-100.73543	-104.87009	4.1346634	0
    Cl:	68.815572	69.52351	-0.70793745	0
    Cl(f):	-312.88076	-317.88185	5.001094	0
    Cl(r):	381.69633	387.40536	-5.7090314	0
    CmPitch:	-347.28855	-352.64361	5.3550627	0
    CmRoll:	104.20449	104.85415	-0.64965144	0
    CmYaw:	51.701995	55.284734	-3.5827391	0
    Cs:	18.664088	18.039072	0.62501628	0
    Cs(f):	61.034039	64.30427	-3.270231	0
    Cs(r):	-42.369951	-46.265198	3.8952473	0

    writing force and moment coefficient files.

Time = 171

DILUPBiCGStab:  Solving for Ux, Initial residual = 1.6852347e-05, Final residual = 6.3901352e-08, No Iterations 1
DILUPBiCGStab:  Solving for Uy, Initial residual = 0.00049125578, Final residual = 1.8438421e-06, No Iterations 1
DILUPBiCGStab:  Solving for Uz, Initial residual = 4.1774912e-05, Final residual = 1.6677827e-07, No Iterations 1
GAMG:  Solving for p, Initial residual = 0.019101439, Final residual = 0.00018428606, No Iterations 19
time step continuity errors : sum local = 3.902427e-08, global = -3.3124494e-08, cumulative = -9.71552e-06
DILUPBiCGStab:  Solving for omega, Initial residual = 1.3473353e-08, Final residual = 2.7661894e-10, No Iterations 1
DILUPBiCGStab:  Solving for k, Initial residual = 1.0614279e-06, Final residual = 1.6141615e-09, No Iterations 1
ExecutionTime = 204.5 s  ClockTime = 209 s

forceCoeffs forceCoeffs write:
    Coefficient	Total	Pressure	Viscous	Internal
    Cd:	6.9367129	-0.0097414308	6.9464543	0
    Cd(f):	107.04904	104.21966	2.8293787	0
    Cd(r):	-100.11233	-104.2294	4.1170757	0
    Cl:	68.428989	69.131954	-0.70296521	0
    Cl(f):	-311.12307	-316.10749	4.9844141	0
    Cl(r):	379.55206	385.23944	-5.6873793	0
    CmPitch:	-345.33757	-350.67347	5.3358967	0
    CmRoll:	103.58068	104.22453	-0.64384851	0
    CmYaw:	51.416868	54.994694	-3.5778259	0
    Cs:	18.578568	17.960132	0.61843617	0
    Cs(f):	60.706152	63.97476	-3.2686079	0
    Cs(r):	-42.127584	-46.014628	3.887044	0

    writing force and moment coefficient files.

Time = 172

DILUPBiCGStab:  Solving for Ux, Initial residual = 1.6822421e-05, Final residual = 6.4094252e-08, No Iterations 1
DILUPBiCGStab:  Solving for Uy, Initial residual = 0.00048178033, Final residual = 1.8040309e-06, No Iterations 1
DILUPBiCGStab:  Solving for Uz, Initial residual = 4.1226747e-05, Final residual = 1.6325983e-07, No Iterations 1
GAMG:  Solving for p, Initial residual = 0.019779515, Final residual = 0.0001948123, No Iterations 16
time step continuity errors : sum local = 4.0262936e-08, global = 3.439469e-08, cumulative = -9.6811253e-06
DILUPBiCGStab:  Solving for omega, Initial residual = 1.3311898e-08, Final residual = 2.699283e-10, No Iterations 1
DILUPBiCGStab:  Solving for k, Initial residual = 1.0579295e-06, Final residual = 1.7097442e-09, No Iterations 1
ExecutionTime = 204.82 s  ClockTime = 209 s

forceCoeffs forceCoeffs write:
    Coefficient	Total	Pressure	Viscous	Internal
    Cd:	6.9385286	0.015508529	6.92302	0
    Cd(f):	106.46987	103.64646	2.8234064	0
    Cd(r):	-99.53134	-103.63095	4.0996137	0
    Cl:	68.075265	68.773297	-0.69803222	0
    Cl(f):	-309.51121	-314.47906	4.9678433	0
    Cl(r):	377.58648	383.25235	-5.6658756	0
    CmPitch:	-343.54885	-348.86571	5.3168594	0
    CmRoll:	103.0006	103.63871	-0.63810363	0
    CmYaw:	51.189567	54.762515	-3.5729478	0
    Cs:	18.503933	17.892008	0.61192463	0
    Cs(f):	60.441534	63.708519	-3.2669855	0
    Cs(r):	-41.937601	-45.816511	3.8789102	0

    writing force and moment coefficient files.

Time = 173

DILUPBiCGStab:  Solving for Ux, Initial residual = 1.6745939e-05, Final residual = 6.388343e-08, No Iterations 1
DILUPBiCGStab:  Solving for Uy, Initial residual = 0.00047215611, Final residual = 1.7613752e-06, No Iterations 1
DILUPBiCGStab:  Solving for Uz, Initial residual = 4.0567489e-05, Final residual = 1.6019794e-07, No Iterations 1
GAMG:  Solving for p, Initial residual = 0.020513659, Final residual = 0.00019057879, No Iterations 18
time step continuity errors : sum local = 3.8526509e-08, global = 3.2311789e-08, cumulative = -9.6488135e-06
DILUPBiCGStab:  Solving for omega, Initial residual = 1.2758148e-08, Final residual = 2.6255556e-10, No Iterations 1
DILUPBiCGStab:  Solving for k, Initial residual = 1.0547622e-06, Final residual = 1.788575e-09, No Iterations 1
ExecutionTime = 205.14 s  ClockTime = 209 s

forceCoeffs forceCoeffs write:
    Coefficient	Total	Pressure	Viscous	Internal
    Cd:	6.9439331	0.044214005	6.8997191	0
    Cd(f):	105.95435	103.13692	2.8174363	0
    Cd(r):	-99.010421	-103.0927	4.0822829	0
    Cl:	67.768658	68.461801	-0.69314267	0
    Cl(f):	-308.10686	-313.05826	4.9513931	0
    Cl(r):	375.87552	381.52006	-5.6445358	0
    CmPitch:	-341.99119	-347.28916	5.2979644	0
    CmRoll:	102.48239	103.11481	-0.6324233	0
    CmYaw:	51.041305	54.609412	-3.5681077	0
    Cs:	18.444777	17.839294	0.60548219	0
    Cs(f):	60.263693	63.52906	-3.2653666	0
    Cs(r):	-41.818916	-45.689765	3.8708488	0

    writing force and moment coefficient files.

Time = 174

DILUPBiCGStab:  Solving for Ux, Initial residual = 1.6666938e-05, Final residual = 6.3567027e-08, No Iterations 1
DILUPBiCGStab:  Solving for Uy, Initial residual = 0.0004630548, Final residual = 1.7196767e-06, No Iterations 1
DILUPBiCGStab:  Solving for Uz, Initial residual = 3.9960522e-05, Final residual = 1.5757234e-07, No Iterations 1
GAMG:  Solving for p, Initial residual = 0.021195926, Final residual = 0.00019915191, No Iterations 18
time step continuity errors : sum local = 3.9550855e-08, global = 3.2775353e-08, cumulative = -9.6160382e-06
DILUPBiCGStab:  Solving for omega, Initial residual = 1.2562876e-08, Final residual = 2.5620664e-10, No Iterations 1
DILUPBiCGStab:  Solving for k, Initial residual = 1.051875e-06, Final residual = 1.8363909e-09, No Iterations 1
ExecutionTime = 205.46 s  ClockTime = 210 s

forceCoeffs forceCoeffs write:
    Coefficient	Total	Pressure	Viscous	Internal
    Cd:	6.9523958	0.075840074	6.8765557	0
    Cd(f):	105.50141	102.68994	2.8114701	0
    Cd(r):	-98.54901	-102.6141	4.0650856	0
    Cl:	67.507203	68.1955	-0.6882962	0
    Cl(f):	-306.90159	-311.83666	4.9350697	0
    Cl(r):	374.40879	380.03216	-5.6233659	0
    CmPitch:	-340.65519	-345.93441	5.2792178	0
    CmRoll:	102.02521	102.65202	-0.62680773	0
    CmYaw:	50.966262	54.529579	-3.5633177	0
    Cs:	18.399491	17.800386	0.59910484	0
    Cs(f):	60.166007	63.429772	-3.2637653	0
    Cs(r):	-41.766516	-45.629386	3.8628701	0

    writing force and moment coefficient files.

Time = 175

DILUPBiCGStab:  Solving for Ux, Initial residual = 1.6586948e-05, Final residual = 6.3163578e-08, No Iterations 1
DILUPBiCGStab:  Solving for Uy, Initial residual = 0.00045432781, Final residual = 1.676508e-06, No Iterations 1
DILUPBiCGStab:  Solving for Uz, Initial residual = 3.9383027e-05, Final residual = 1.5512377e-07, No Iterations 1
GAMG:  Solving for p, Initial residual = 0.021780452, Final residual = 0.00020223549, No Iterations 18
time step continuity errors : sum local = 3.9615975e-08, global = 3.2610795e-08, cumulative = -9.5834274e-06
DILUPBiCGStab:  Solving for omega, Initial residual = 1.2384393e-08, Final residual = 2.5000821e-10, No Iterations 1
DILUPBiCGStab:  Solving for k, Initial residual = 1.0492283e-06, Final residual = 1.8580533e-09, No Iterations 1
ExecutionTime = 205.77 s  ClockTime = 210 s

forceCoeffs forceCoeffs write:
    Coefficient	Total	Pressure	Viscous	Internal
    Cd:	6.9634406	0.10992599	6.8535146	0
    Cd(f):	105.10797	102.30247	2.8055035	0
    Cd(r):	-98.144531	-102.19254	4.0480111	0
    Cl:	67.287522	67.97102	-0.68349755	0
    Cl(f):	-305.88165	-310.80051	4.9188567	0
    Cl(r):	373.16917	378.77153	-5.6023542	0
    CmPitch:	-339.52541	-344.78602	5.2606055	0
    CmRoll:	101.62625	102.24751	-0.62125378	0
    CmYaw:	50.962776	54.521358	-3.5585815	0
    Cs:	18.36709	17.774302	0.59278828	0
    Cs(f):	60.146321	63.408509	-3.2621874	0
    Cs(r):	-41.779231	-45.634207	3.8549757	0

    writing force and moment coefficient files.

Time = 176

DILUPBiCGStab:  Solving for Ux, Initial residual = 1.64976e-05, Final residual = 6.2418044e-08, No Iterations 1
DILUPBiCGStab:  Solving for Uy, Initial residual = 0.00044599349, Final residual = 1.6318923e-06, No Iterations 1
DILUPBiCGStab:  Solving for Uz, Initial residual = 3.8834538e-05, Final residual = 1.5282923e-07, No Iterations 1
GAMG:  Solving for p, Initial residual = 0.022204278, Final residual = 0.00020234473, No Iterations 18
time step continuity errors : sum local = 3.9230249e-08, global = 3.2153177e-08, cumulative = -9.5512742e-06
DILUPBiCGStab:  Solving for omega, Initial residual = 1.2207859e-08, Final residual = 2.439385e-10, No Iterations 1
DILUPBiCGStab:  Solving for k, Initial residual = 1.0465674e-06, Final residual = 1.8542454e-09, No Iterations 1
ExecutionTime = 206.09 s  ClockTime = 210 s

forceCoeffs forceCoeffs write:
    Coefficient	Total	Pressure	Viscous	Internal
    Cd:	6.9766446	0.14604329	6.8306014	0
    Cd(f):	104.77106	101.97152	2.799536	0
    Cd(r):	-97.794412	-101.82548	4.0310653	0
    Cl:	67.106609	67.785349	-0.67873981	0
    Cl(f):	-305.03499	-309.93775	4.902763	0
    Cl(r):	372.1416	377.7231	-5.5815028	0
    CmPitch:	-338.58829	-343.83042	5.2421329	0
    CmRoll:	101.28273	101.8985	-0.61576465	0
    CmYaw:	51.031913	54.585816	-3.5539028	0
    Cs:	18.347351	17.760817	0.58653345	0
    Cs(f):	60.205589	63.466225	-3.2606361	0
    Cs(r):	-41.858238	-45.705408	3.8471695	0

    writing force and moment coefficient files.

Time = 177

DILUPBiCGStab:  Solving for Ux, Initial residual = 1.6404165e-05, Final residual = 6.1369371e-08, No Iterations 1
DILUPBiCGStab:  Solving for Uy, Initial residual = 0.00043803699, Final residual = 1.5846998e-06, No Iterations 1
DILUPBiCGStab:  Solving for Uz, Initial residual = 3.8318533e-05, Final residual = 1.5052347e-07, No Iterations 1
GAMG:  Solving for p, Initial residual = 0.022477291, Final residual = 0.00020053208, No Iterations 18
time step continuity errors : sum local = 3.8600773e-08, global = 3.1508876e-08, cumulative = -9.5197653e-06
DILUPBiCGStab:  Solving for omega, Initial residual = 1.2039334e-08, Final residual = 2.3800807e-10, No Iterations 1
DILUPBiCGStab:  Solving for k, Initial residual = 1.0441466e-06, Final residual = 1.8444787e-09, No Iterations 1
ExecutionTime = 206.42 s  ClockTime = 211 s

forceCoeffs forceCoeffs write:
    Coefficient	Total	Pressure	Viscous	Internal
    Cd:	6.9916133	0.18378728	6.807826	0
    Cd(f):	104.49004	101.69646	2.7935716	0
    Cd(r):	-97.498423	-101.51268	4.0142544	0
    Cl:	66.963328	67.637347	-0.67401973	0
    Cl(f):	-304.35693	-309.24373	4.8867987	0
    Cl(r):	371.32026	376.88108	-5.5608184	0
    CmPitch:	-337.8386	-343.0624	5.2238085	0
    CmRoll:	100.99423	101.60457	-0.61034141	0
    CmYaw:	51.173446	54.72273	-3.5492849	0
    Cs:	18.340253	17.759914	0.58033899	0
    Cs(f):	60.343572	63.602688	-3.2591154	0
    Cs(r):	-42.003319	-45.842773	3.8394544	0

    writing force and moment coefficient files.

Time = 178

DILUPBiCGStab:  Solving for Ux, Initial residual = 1.62993e-05, Final residual = 6.0131408e-08, No Iterations 1
DILUPBiCGStab:  Solving for Uy, Initial residual = 0.00043039866, Final residual = 1.5422817e-06, No Iterations 1
DILUPBiCGStab:  Solving for Uz, Initial residual = 3.7836854e-05, Final residual = 1.4847193e-07, No Iterations 1
GAMG:  Solving for p, Initial residual = 0.022624714, Final residual = 0.00022329951, No Iterations 17
time step continuity errors : sum local = 4.2816181e-08, global = -3.3481368e-08, cumulative = -9.5532467e-06
DILUPBiCGStab:  Solving for omega, Initial residual = 1.2168621e-08, Final residual = 2.3303349e-10, No Iterations 1
DILUPBiCGStab:  Solving for k, Initial residual = 1.0415269e-06, Final residual = 1.8302094e-09, No Iterations 1
ExecutionTime = 206.74 s  ClockTime = 211 s

forceCoeffs forceCoeffs write:
    Coefficient	Total	Pressure	Viscous	Internal
    Cd:	7.0079751	0.22278366	6.7851914	0
    Cd(f):	104.26763	101.48002	2.7876093	0
    Cd(r):	-97.259652	-101.25723	3.9975821	0
    Cl:	66.858927	67.528265	-0.66933775	0
    Cl(f):	-303.85234	-308.7233	4.8709634	0
    Cl(r):	370.71126	376.25156	-5.5403012	0
    CmPitch:	-337.2818	-342.48743	5.2056323	0
    CmRoll:	100.76364	101.36863	-0.60498644	0
    CmYaw:	51.381161	54.925888	-3.5447261	0
    Cs:	18.345226	17.771019	0.57420753	0
    Cs(f):	60.553775	63.811397	-3.2576224	0
    Cs(r):	-42.208548	-46.040378	3.8318299	0

    writing force and moment coefficient files.

Time = 179

DILUPBiCGStab:  Solving for Ux, Initial residual = 1.6220707e-05, Final residual = 5.8905692e-08, No Iterations 1
DILUPBiCGStab:  Solving for Uy, Initial residual = 0.00042340879, Final residual = 1.5137815e-06, No Iterations 1
DILUPBiCGStab:  Solving for Uz, Initial residual = 3.7435313e-05, Final residual = 1.4677067e-07, No Iterations 1
GAMG:  Solving for p, Initial residual = 0.02271429, Final residual = 0.00020602144, No Iterations 12
time step continuity errors : sum local = 3.9490853e-08, global = 3.2289164e-08, cumulative = -9.5209575e-06
DILUPBiCGStab:  Solving for omega, Initial residual = 1.2052542e-08, Final residual = 2.2739092e-10, No Iterations 1
DILUPBiCGStab:  Solving for k, Initial residual = 1.0388223e-06, Final residual = 1.8120134e-09, No Iterations 1
ExecutionTime = 207.02 s  ClockTime = 211 s

forceCoeffs forceCoeffs write:
    Coefficient	Total	Pressure	Viscous	Internal
    Cd:	7.0258968	0.26320913	6.7626877	0
    Cd(f):	104.09569	101.31404	2.7816478	0
    Cd(r):	-97.069788	-101.05083	3.9810398	0
    Cl:	66.78859	67.453285	-0.66469461	0
    Cl(f):	-303.50035	-308.35558	4.8552278	0
    Cl(r):	370.28894	375.80886	-5.5199224	0
    CmPitch:	-336.89464	-342.08222	5.1875751	0
    CmRoll:	100.58274	101.18243	-0.59969599	0
    CmYaw:	51.654913	55.195133	-3.5402195	0
    Cs:	18.362615	17.79447	0.56814414	0
    Cs(f):	60.83622	64.092368	-3.2561474	0
    Cs(r):	-42.473606	-46.297897	3.8242916	0

    writing force and moment coefficient files.

Time = 180

DILUPBiCGStab:  Solving for Ux, Initial residual = 1.6088388e-05, Final residual = 5.77189e-08, No Iterations 1
DILUPBiCGStab:  Solving for Uy, Initial residual = 0.00041615497, Final residual = 1.4877483e-06, No Iterations 1
DILUPBiCGStab:  Solving for Uz, Initial residual = 3.6944072e-05, Final residual = 1.4452421e-07, No Iterations 1
GAMG:  Solving for p, Initial residual = 0.022575814, Final residual = 0.00020298213, No Iterations 16
time step continuity errors : sum local = 3.9023339e-08, global = 3.1871885e-08, cumulative = -9.4890856e-06
DILUPBiCGStab:  Solving for omega, Initial residual = 1.15504e-08, Final residual = 2.2098255e-10, No Iterations 1
DILUPBiCGStab:  Solving for k, Initial residual = 1.0358098e-06, Final residual = 1.7882085e-09, No Iterations 1
ExecutionTime = 207.33 s  ClockTime = 212 s

forceCoeffs forceCoeffs write:
    Coefficient	Total	Pressure	Viscous	Internal
    Cd:	7.044324	0.30399956	6.7403245	0
    Cd(f):	103.99092	101.21524	2.7756835	0
    Cd(r):	-96.946599	-100.91124	3.9646409	0
    Cl:	66.759807	67.419903	-0.66009623	0
    Cl(f):	-303.33232	-308.17194	4.8396166	0
    Cl(r):	370.09213	375.59184	-5.4997128	0
    CmPitch:	-336.71222	-341.88189	5.1696647	0
    CmRoll:	100.46876	101.06324	-0.59447871	0
    CmYaw:	51.957978	55.493733	-3.535755	0
    Cs:	18.386529	17.824378	0.56215146	0
    Cs(f):	61.151243	64.405922	-3.2546793	0
    Cs(r):	-42.764713	-46.581544	3.8168307	0

    writing force and moment coefficient files.

Time = 181

DILUPBiCGStab:  Solving for Ux, Initial residual = 1.5965487e-05, Final residual = 5.663366e-08, No Iterations 1
DILUPBiCGStab:  Solving for Uy, Initial residual = 0.00040931411, Final residual = 1.466625e-06, No Iterations 1
DILUPBiCGStab:  Solving for Uz, Initial residual = 3.6555929e-05, Final residual = 1.42567e-07, No Iterations 1
GAMG:  Solving for p, Initial residual = 0.022258065, Final residual = 0.00021221711, No Iterations 16
time step continuity errors : sum local = 4.1048157e-08, global = 3.3403743e-08, cumulative = -9.4556819e-06
DILUPBiCGStab:  Solving for omega, Initial residual = 1.1381174e-08, Final residual = 2.1552665e-10, No Iterations 1
DILUPBiCGStab:  Solving for k, Initial residual = 1.0323985e-06, Final residual = 1.7625612e-09, No Iterations 1
ExecutionTime = 207.65 s  ClockTime = 212 s

forceCoeffs forceCoeffs write:
    Coefficient	Total	Pressure	Viscous	Internal
    Cd:	7.0631707	0.34506097	6.7181097	0
    Cd(f):	103.94668	101.17695	2.7697326	0
    Cd(r):	-96.883514	-100.83189	3.9483771	0
    Cl:	66.767413	67.422945	-0.65553206	0
    Cl(f):	-303.32612	-308.15023	4.8241155	0
    Cl(r):	370.09353	375.57318	-5.4796476	0
    CmPitch:	-336.70982	-341.86171	5.1518815	0
    CmRoll:	100.4151	101.00442	-0.58932228	0
    CmYaw:	52.284611	55.815976	-3.5313644	0
    Cs:	18.415808	17.859584	0.5562234	0
    Cs(f):	61.492515	64.745768	-3.2532527	0
    Cs(r):	-43.076707	-46.886183	3.8094761	0

    writing force and moment coefficient files.

Time = 182

DILUPBiCGStab:  Solving for Ux, Initial residual = 1.5841323e-05, Final residual = 5.5699609e-08, No Iterations 1
DILUPBiCGStab:  Solving for Uy, Initial residual = 0.00040280297, Final residual = 1.4478298e-06, No Iterations 1
DILUPBiCGStab:  Solving for Uz, Initial residual = 3.6202207e-05, Final residual = 1.4090661e-07, No Iterations 1
GAMG:  Solving for p, Initial residual = 0.021687113, Final residual = 0.00021445637, No Iterations 16
time step continuity errors : sum local = 4.1840067e-08, global = 3.3835464e-08, cumulative = -9.4218464e-06
DILUPBiCGStab:  Solving for omega, Initial residual = 1.1225884e-08, Final residual = 2.1021665e-10, No Iterations 1
DILUPBiCGStab:  Solving for k, Initial residual = 1.028595e-06, Final residual = 1.7368871e-09, No Iterations 1
ExecutionTime = 207.96 s  ClockTime = 212 s

forceCoeffs forceCoeffs write:
    Coefficient	Total	Pressure	Viscous	Internal
    Cd:	7.0824555	0.38642692	6.6960286	0
    Cd(f):	103.95684	101.19305	2.7637916	0
    Cd(r):	-96.874386	-100.80662	3.932237	0
    Cl:	66.806366	67.457378	-0.65101174	0
    Cl(f):	-303.46175	-308.27046	4.8087154	0
    Cl(r):	370.26811	375.72784	-5.4597272	0
    CmPitch:	-336.86493	-341.99915	5.1342213	0
    CmRoll:	100.41561	100.99984	-0.58422272	0
    CmYaw:	52.633948	56.161003	-3.5270553	0
    Cs:	18.450036	17.899681	0.55035433	0
    Cs(f):	61.858966	65.110844	-3.2518781	0
    Cs(r):	-43.40893	-47.211163	3.8022324	0

    writing force and moment coefficient files.

Time = 183

DILUPBiCGStab:  Solving for Ux, Initial residual = 1.5714989e-05, Final residual = 5.4927215e-08, No Iterations 1
DILUPBiCGStab:  Solving for Uy, Initial residual = 0.00039648294, Final residual = 1.431894e-06, No Iterations 1
DILUPBiCGStab:  Solving for Uz, Initial residual = 3.5858517e-05, Final residual = 1.3955551e-07, No Iterations 1
GAMG:  Solving for p, Initial residual = 0.021185745, Final residual = 0.00020975223, No Iterations 17
time step continuity errors : sum local = 4.1373387e-08, global = -3.1544332e-08, cumulative = -9.4533907e-06
DILUPBiCGStab:  Solving for omega, Initial residual = 1.1377705e-08, Final residual = 2.057903e-10, No Iterations 1
DILUPBiCGStab:  Solving for k, Initial residual = 1.0243896e-06, Final residual = 1.7105392e-09, No Iterations 1
ExecutionTime = 208.28 s  ClockTime = 213 s

forceCoeffs forceCoeffs write:
    Coefficient	Total	Pressure	Viscous	Internal
    Cd:	7.1022229	0.42814242	6.6740805	0
    Cd(f):	104.0162	101.25833	2.7578632	0
    Cd(r):	-96.913972	-100.83019	3.9162172	0
    Cl:	66.872331	67.518866	-0.64653459	0
    Cl(f):	-303.72174	-308.51516	4.7934211	0
    Cl(r):	370.59407	376.03403	-5.4399557	0
    CmPitch:	-337.15791	-342.2746	5.1166884	0
    CmRoll:	100.46508	101.04426	-0.57917699	0
    CmYaw:	53.009805	56.532639	-3.5228341	0
    Cs:	18.489846	17.945307	0.54453926	0
    Cs(f):	62.254728	65.505292	-3.2505644	0
    Cs(r):	-43.764882	-47.559985	3.7951037	0

    writing force and moment coefficient files.

Time = 184

DILUPBiCGStab:  Solving for Ux, Initial residual = 1.5622504e-05, Final residual = 5.4362148e-08, No Iterations 1
DILUPBiCGStab:  Solving for Uy, Initial residual = 0.00039031255, Final residual = 1.4217477e-06, No Iterations 1
DILUPBiCGStab:  Solving for Uz, Initial residual = 3.5498372e-05, Final residual = 1.3877779e-07, No Iterations 1
GAMG:  Solving for p, Initial residual = 0.020568877, Final residual = 0.00018292101, No Iterations 16
time step continuity errors : sum local = 3.6567619e-08, global = 2.968741e-08, cumulative = -9.4237033e-06
DILUPBiCGStab:  Solving for omega, Initial residual = 1.1233925e-08, Final residual = 2.0074853e-10, No Iterations 1
DILUPBiCGStab:  Solving for k, Initial residual = 1.0197319e-06, Final residual = 1.6814695e-09, No Iterations 1
ExecutionTime = 208.59 s  ClockTime = 213 s

forceCoeffs forceCoeffs write:
    Coefficient	Total	Pressure	Viscous	Internal
    Cd:	7.122222	0.46994846	6.6522735	0
    Cd(f):	104.12261	101.37065	2.751952	0
    Cd(r):	-97.000385	-100.90071	3.9003215	0
    Cl:	66.962895	67.604991	-0.64209568	0
    Cl(f):	-304.09433	-308.87258	4.7782449	0
    Cl(r):	371.05723	376.47757	-5.4203406	0
    CmPitch:	-337.57578	-342.67507	5.0992927	0
    CmRoll:	100.5615	101.13568	-0.57418478	0
    CmYaw:	53.406939	56.92564	-3.5187015	0
    Cs:	18.53442	17.995644	0.53877632	0
    Cs(f):	62.674149	65.923462	-3.2493133	0
    Cs(r):	-44.139729	-47.927818	3.7880896	0

    writing force and moment coefficient files.

Time = 185

DILUPBiCGStab:  Solving for Ux, Initial residual = 1.5489692e-05, Final residual = 5.3845567e-08, No Iterations 1
DILUPBiCGStab:  Solving for Uy, Initial residual = 0.00038417124, Final residual = 1.4090173e-06, No Iterations 1
DILUPBiCGStab:  Solving for Uz, Initial residual = 3.5179698e-05, Final residual = 1.3733032e-07, No Iterations 1
GAMG:  Solving for p, Initial residual = 0.020112005, Final residual = 0.00019003142, No Iterations 16
time step continuity errors : sum local = 3.858482e-08, global = 3.1251484e-08, cumulative = -9.3924519e-06
DILUPBiCGStab:  Solving for omega, Initial residual = 1.0796916e-08, Final residual = 1.9512313e-10, No Iterations 1
DILUPBiCGStab:  Solving for k, Initial residual = 1.0144851e-06, Final residual = 1.6568894e-09, No Iterations 1
ExecutionTime = 208.9 s  ClockTime = 213 s

forceCoeffs forceCoeffs write:
    Coefficient	Total	Pressure	Viscous	Internal
    Cd:	7.1410613	0.510457	6.6306043	0
    Cd(f):	104.26731	101.52125	2.74606	0
    Cd(r):	-97.12625	-101.01079	3.8845443	0
    Cl:	67.067545	67.705241	-0.637696	0
    Cl(f):	-304.53111	-309.29429	4.7631789	0
    Cl(r):	371.59865	376.99953	-5.4008749	0
    CmPitch:	-338.06488	-343.14691	5.0820269	0
    CmRoll:	100.69678	101.26602	-0.56924211	0
    CmYaw:	53.78474	57.299396	-3.5146563	0
    Cs:	18.575719	18.042654	0.53306431	0
    Cs(f):	63.072599	66.320723	-3.2481241	0
    Cs(r):	-44.49688	-48.278069	3.7811884	0

    writing force and moment coefficient files.

Time = 186

DILUPBiCGStab:  Solving for Ux, Initial residual = 1.5364833e-05, Final residual = 5.3404866e-08, No Iterations 1
DILUPBiCGStab:  Solving for Uy, Initial residual = 0.00037852873, Final residual = 1.4009313e-06, No Iterations 1
DILUPBiCGStab:  Solving for Uz, Initial residual = 3.4874772e-05, Final residual = 1.3622351e-07, No Iterations 1
GAMG:  Solving for p, Initial residual = 0.019649948, Final residual = 0.00019291667, No Iterations 16
time step continuity errors : sum local = 3.9782612e-08, global = 3.2159706e-08, cumulative = -9.3602921e-06
DILUPBiCGStab:  Solving for omega, Initial residual = 1.0659676e-08, Final residual = 1.902984e-10, No Iterations 1
DILUPBiCGStab:  Solving for k, Initial residual = 1.0086017e-06, Final residual = 1.639893e-09, No Iterations 1
ExecutionTime = 209.21 s  ClockTime = 214 s

forceCoeffs forceCoeffs write:
    Coefficient	Total	Pressure	Viscous	Internal
    Cd:	7.1589099	0.54986331	6.6090466	0
    Cd(f):	104.442	101.70182	2.7401819	0
    Cd(r):	-97.283093	-101.15196	3.8688647	0
    Cl:	67.181717	67.815045	-0.63332799	0
    Cl(f):	-305.01232	-309.76049	4.7481645	0
    Cl(r):	372.19404	377.57553	-5.3814925	0
    CmPitch:	-338.60318	-343.66801	5.0648285	0
    CmRoll:	100.86255	101.42689	-0.56434142	0
    CmYaw:	54.160783	57.671456	-3.5106729	0
    Cs:	18.616511	18.089101	0.52740962	0
    Cs(f):	63.469039	66.716007	-3.2469681	0
    Cs(r):	-44.852528	-48.626906	3.7743777	0

    writing force and moment coefficient files.

Time = 187

DILUPBiCGStab:  Solving for Ux, Initial residual = 1.5247318e-05, Final residual = 5.304747e-08, No Iterations 1
DILUPBiCGStab:  Solving for Uy, Initial residual = 0.00037322886, Final residual = 1.3997186e-06, No Iterations 1
DILUPBiCGStab:  Solving for Uz, Initial residual = 3.4570213e-05, Final residual = 1.3538875e-07, No Iterations 1
GAMG:  Solving for p, Initial residual = 0.019159127, Final residual = 0.00019117705, No Iterations 16
time step continuity errors : sum local = 4.0032157e-08, global = 3.248321e-08, cumulative = -9.3278089e-06
DILUPBiCGStab:  Solving for omega, Initial residual = 1.0523918e-08, Final residual = 1.8564049e-10, No Iterations 1
DILUPBiCGStab:  Solving for k, Initial residual = 1.0023191e-06, Final residual = 1.6268967e-09, No Iterations 1
ExecutionTime = 209.53 s  ClockTime = 214 s

forceCoeffs forceCoeffs write:
    Coefficient	Total	Pressure	Viscous	Internal
    Cd:	7.176288	0.5886869	6.5876011	0
    Cd(f):	104.63894	101.90464	2.7342971	0
    Cd(r):	-97.462648	-101.31595	3.853304	0
    Cl:	67.302488	67.931483	-0.62899522	0
    Cl(f):	-305.52609	-310.25931	4.7332259	0
    Cl(r):	372.82857	378.1908	-5.3622211	0
    CmPitch:	-339.17733	-344.22505	5.0477235	0
    CmRoll:	101.05079	101.6103	-0.55950347	0
    CmYaw:	54.555433	58.062182	-3.5067488	0
    Cs:	18.659511	18.137684	0.52182668	0
    Cs(f):	63.885189	67.131024	-3.2458355	0
    Cs(r):	-45.225678	-48.99334	3.7676622	0

    writing force and moment coefficient files.

Time = 188

DILUPBiCGStab:  Solving for Ux, Initial residual = 1.5132982e-05, Final residual = 5.2785398e-08, No Iterations 1
DILUPBiCGStab:  Solving for Uy, Initial residual = 0.00036821747, Final residual = 1.4023669e-06, No Iterations 1
DILUPBiCGStab:  Solving for Uz, Initial residual = 3.4269953e-05, Final residual = 1.3453776e-07, No Iterations 1
GAMG:  Solving for p, Initial residual = 0.018527287, Final residual = 0.00016065204, No Iterations 18
time step continuity errors : sum local = 3.4158337e-08, global = 2.8154128e-08, cumulative = -9.2996548e-06
DILUPBiCGStab:  Solving for omega, Initial residual = 1.0407004e-08, Final residual = 1.810903e-10, No Iterations 1
DILUPBiCGStab:  Solving for k, Initial residual = 9.956357e-07, Final residual = 1.6116726e-09, No Iterations 1
ExecutionTime = 209.87 s  ClockTime = 214 s

forceCoeffs forceCoeffs write:
    Coefficient	Total	Pressure	Viscous	Internal
    Cd:	7.1938573	0.62757358	6.5662837	0
    Cd(f):	104.85586	102.12742	2.7284402	0
    Cd(r):	-97.662007	-101.49985	3.8378435	0
    Cl:	67.430484	68.055181	-0.62469737	0
    Cl(f):	-306.0756	-310.79397	4.718368	0
    Cl(r):	373.50609	378.84915	-5.3430654	0
    CmPitch:	-339.79084	-344.82156	5.0307167	0
    CmRoll:	101.25894	101.81364	-0.55470167	0
    CmYaw:	54.98339	58.486297	-3.5029077	0
    Cs:	18.707488	18.191207	0.51628128	0
    Cs(f):	64.337134	67.581901	-3.2447671	0
    Cs(r):	-45.629646	-49.390694	3.7610484	0

    writing force and moment coefficient files.

Time = 189

DILUPBiCGStab:  Solving for Ux, Initial residual = 1.501726e-05, Final residual = 5.2556968e-08, No Iterations 1
DILUPBiCGStab:  Solving for Uy, Initial residual = 0.00036338054, Final residual = 1.4073389e-06, No Iterations 1
DILUPBiCGStab:  Solving for Uz, Initial residual = 3.3955136e-05, Final residual = 1.3407211e-07, No Iterations 1
GAMG:  Solving for p, Initial residual = 0.017954559, Final residual = 0.0001787203, No Iterations 16
time step continuity errors : sum local = 3.8612422e-08, global = 3.1820586e-08, cumulative = -9.2678342e-06
DILUPBiCGStab:  Solving for omega, Initial residual = 1.0253736e-08, Final residual = 1.7669725e-10, No Iterations 1
DILUPBiCGStab:  Solving for k, Initial residual = 9.8881217e-07, Final residual = 1.5947546e-09, No Iterations 1
ExecutionTime = 210.19 s  ClockTime = 214 s

forceCoeffs forceCoeffs write:
    Coefficient	Total	Pressure	Viscous	Internal
    Cd:	7.2104396	0.66532905	6.5451106	0
    Cd(f):	105.08446	102.36183	2.7226288	0
    Cd(r):	-97.874022	-101.6965	3.8224817	0
    Cl:	67.560297	68.180724	-0.62042717	0
    Cl(f):	-306.6337	-311.3373	4.7035969	0
    Cl(r):	374.194	379.51802	-5.324024	0
    CmPitch:	-340.41385	-345.42766	5.0138105	0
    CmRoll:	101.47924	102.02917	-0.54992646	0
    CmYaw:	55.398526	58.897675	-3.4991495	0
    Cs:	18.752374	18.241608	0.51076616	0
    Cs(f):	64.774713	68.018479	-3.2437665	0
    Cs(r):	-46.022339	-49.776872	3.7545326	0

    writing force and moment coefficient files.

Time = 190

DILUPBiCGStab:  Solving for Ux, Initial residual = 1.4899248e-05, Final residual = 5.237973e-08, No Iterations 1
DILUPBiCGStab:  Solving for Uy, Initial residual = 0.00035875005, Final residual = 1.4151331e-06, No Iterations 1
DILUPBiCGStab:  Solving for Uz, Initial residual = 3.3646273e-05, Final residual = 1.3384778e-07, No Iterations 1
GAMG:  Solving for p, Initial residual = 0.017523366, Final residual = 0.00017436291, No Iterations 17
time step continuity errors : sum local = 3.8252415e-08, global = -2.9924059e-08, cumulative = -9.2977583e-06
DILUPBiCGStab:  Solving for omega, Initial residual = 1.042008e-08, Final residual = 1.7305862e-10, No Iterations 1
DILUPBiCGStab:  Solving for k, Initial residual = 9.8145238e-07, Final residual = 1.5803776e-09, No Iterations 1
ExecutionTime = 210.5 s  ClockTime = 215 s

forceCoeffs forceCoeffs write:
    Coefficient	Total	Pressure	Viscous	Internal
    Cd:	7.226706	0.70267101	6.524035	0
    Cd(f):	105.32791	102.61108	2.7168281	0
    Cd(r):	-98.101204	-101.90841	3.807207	0
    Cl:	67.696327	68.312527	-0.61620085	0
    Cl(f):	-307.22156	-311.91042	4.6888647	0
    Cl(r):	374.91788	380.22295	-5.3050655	0
    CmPitch:	-341.06972	-346.06669	4.9969651	0
    CmRoll:	101.71456	102.25975	-0.54518944	0
    CmYaw:	55.820009	59.315449	-3.49544	0
    Cs:	18.798656	18.293351	0.50530527	0
    Cs(f):	65.219337	68.462125	-3.2427874	0
    Cs(r):	-46.420681	-50.168774	3.7480927	0

    writing force and moment coefficient files.

Time = 191

DILUPBiCGStab:  Solving for Ux, Initial residual = 1.4795365e-05, Final residual = 5.2240281e-08, No Iterations 1
DILUPBiCGStab:  Solving for Uy, Initial residual = 0.00035471493, Final residual = 1.429607e-06, No Iterations 1
DILUPBiCGStab:  Solving for Uz, Initial residual = 3.3344973e-05, Final residual = 1.3453602e-07, No Iterations 1
GAMG:  Solving for p, Initial residual = 0.017050609, Final residual = 0.00016365473, No Iterations 16
time step continuity errors : sum local = 3.6475314e-08, global = 3.0430767e-08, cumulative = -9.2673275e-06
DILUPBiCGStab:  Solving for omega, Initial residual = 1.0258121e-08, Final residual = 1.6878579e-10, No Iterations 1
DILUPBiCGStab:  Solving for k, Initial residual = 9.7383812e-07, Final residual = 1.5714018e-09, No Iterations 1
ExecutionTime = 210.83 s  ClockTime = 215 s

forceCoeffs forceCoeffs write:
    Coefficient	Total	Pressure	Viscous	Internal
    Cd:	7.2423148	0.73922995	6.5030848	0
    Cd(f):	105.58426	102.87321	2.711044	0
    Cd(r):	-98.341943	-102.13398	3.7920408	0
    Cl:	67.837706	68.449712	-0.61200632	0
    Cl(f):	-307.83567	-312.50988	4.6742094	0
    Cl(r):	375.67338	380.95959	-5.2862157	0
    CmPitch:	-341.75452	-346.73473	4.9802126	0
    CmRoll:	101.9631	102.5036	-0.54049841	0
    CmYaw:	56.231457	59.723242	-3.4917853	0
    Cs:	18.843697	18.343795	0.49990178	0
    Cs(f):	65.653305	68.89514	-3.2418344	0
    Cs(r):	-46.809609	-50.551345	3.7417362	0

    writing force and moment coefficient files.

Time = 192

DILUPBiCGStab:  Solving for Ux, Initial residual = 1.4648286e-05, Final residual = 5.2213156e-08, No Iterations 1
DILUPBiCGStab:  Solving for Uy, Initial residual = 0.00035028497, Final residual = 1.4357608e-06, No Iterations 1
DILUPBiCGStab:  Solving for Uz, Initial residual = 3.3046897e-05, Final residual = 1.3367847e-07, No Iterations 1
GAMG:  Solving for p, Initial residual = 0.016581245, Final residual = 0.00014998475, No Iterations 18
time step continuity errors : sum local = 3.39598e-08, global = 2.8350984e-08, cumulative = -9.2389765e-06
DILUPBiCGStab:  Solving for omega, Initial residual = 9.874239e-09, Final residual = 9.874239e-09, No Iterations 0
DILUPBiCGStab:  Solving for k, Initial residual = 9.9588099e-07, Final residual = 1.5816594e-09, No Iterations 1
ExecutionTime = 211.14 s  ClockTime = 215 s

forceCoeffs forceCoeffs write:
    Coefficient	Total	Pressure	Viscous	Internal
    Cd:	7.2569407	0.77469814	6.4822426	0
    Cd(f):	105.85041	103.14514	2.7052726	0
    Cd(r):	-98.593471	-102.37044	3.7769699	0
    Cl:	67.982668	68.590515	-0.60784708	0
    Cl(f):	-308.46858	-313.1282	4.659618	0
    Cl(r):	376.45125	381.71871	-5.2674651	0
    CmPitch:	-342.45991	-347.42346	4.9635415	0
    CmRoll:	102.22194	102.75779	-0.53584865	0
    CmYaw:	56.623114	60.111303	-3.4881894	0
    Cs:	18.886266	18.391716	0.49454992	0
    Cs(f):	66.066247	69.307161	-3.2409144	0
    Cs(r):	-47.179981	-50.915445	3.7354644	0

    writing force and moment coefficient files.

Time = 193

DILUPBiCGStab:  Solving for Ux, Initial residual = 1.4505948e-05, Final residual = 5.2174952e-08, No Iterations 1
DILUPBiCGStab:  Solving for Uy, Initial residual = 0.00034620554, Final residual = 1.4385342e-06, No Iterations 1
DILUPBiCGStab:  Solving for Uz, Initial residual = 3.2764294e-05, Final residual = 1.3313231e-07, No Iterations 1
GAMG:  Solving for p, Initial residual = 0.016188838, Final residual = 0.00015949561, No Iterations 18
time step continuity errors : sum local = 3.6674559e-08, global = 3.0892125e-08, cumulative = -9.2080844e-06
DILUPBiCGStab:  Solving for omega, Initial residual = 1.3713451e-08, Final residual = 1.7097018e-10, No Iterations 1
DILUPBiCGStab:  Solving for k, Initial residual = 9.9107435e-07, Final residual = 1.5844471e-09, No Iterations 1
ExecutionTime = 211.48 s  ClockTime = 216 s

forceCoeffs forceCoeffs write:
    Coefficient	Total	Pressure	Viscous	Internal
    Cd:	7.2691146	0.80850994	6.4606047	0
    Cd(f):	106.12293	103.42363	2.6992974	0
    Cd(r):	-98.853814	-102.61512	3.7613073	0
    Cl:	68.127486	68.731056	-0.60356926	0
    Cl(f):	-309.10633	-313.75083	4.6444989	0
    Cl(r):	377.23382	382.48188	-5.2480682	0
    CmPitch:	-343.17007	-348.11636	4.9462836	0
    CmRoll:	102.48837	103.01938	-0.53100496	0
    CmYaw:	56.968675	60.453262	-3.4845867	0
    Cs:	18.921371	18.432432	0.48893854	0
    Cs(f):	66.429361	69.669478	-3.2401175	0
    Cs(r):	-47.50799	-51.237046	3.729056	0

    writing force and moment coefficient files.

Time = 194

DILUPBiCGStab:  Solving for Ux, Initial residual = 1.4385505e-05, Final residual = 5.2281864e-08, No Iterations 1
DILUPBiCGStab:  Solving for Uy, Initial residual = 0.00034228888, Final residual = 1.4420858e-06, No Iterations 1
DILUPBiCGStab:  Solving for Uz, Initial residual = 3.2475404e-05, Final residual = 1.3246868e-07, No Iterations 1
GAMG:  Solving for p, Initial residual = 0.015908649, Final residual = 0.00015097264, No Iterations 20
time step continuity errors : sum local = 3.5215472e-08, global = 3.0394938e-08, cumulative = -9.1776895e-06
DILUPBiCGStab:  Solving for omega, Initial residual = 1.1203563e-08, Final residual = 1.6407969e-10, No Iterations 1
DILUPBiCGStab:  Solving for k, Initial residual = 9.7251581e-07, Final residual = 1.5652485e-09, No Iterations 1
ExecutionTime = 211.82 s  ClockTime = 216 s

forceCoeffs forceCoeffs write:
    Coefficient	Total	Pressure	Viscous	Internal
    Cd:	7.2811146	0.84152986	6.4395847	0
    Cd(f):	106.40222	103.70889	2.6933358	0
    Cd(r):	-99.12111	-102.86736	3.7462489	0
    Cl:	68.271581	68.870848	-0.59926721	0
    Cl(f):	-309.74705	-314.37679	4.6297426	0
    Cl(r):	378.01863	383.24764	-5.2290099	0
    CmPitch:	-343.88284	-348.81221	4.9293763	0
    CmRoll:	102.76167	103.28812	-0.52645654	0
    CmYaw:	57.283743	60.764806	-3.481063	0
    Cs:	18.95207	18.468375	0.48369529	0
    Cs(f):	66.759778	69.998993	-3.2392154	0
    Cs(r):	-47.807708	-51.530618	3.7229107	0

    writing force and moment coefficient files.

Time = 195

DILUPBiCGStab:  Solving for Ux, Initial residual = 1.4269135e-05, Final residual = 5.2439072e-08, No Iterations 1
DILUPBiCGStab:  Solving for Uy, Initial residual = 0.00033850922, Final residual = 1.4437483e-06, No Iterations 1
DILUPBiCGStab:  Solving for Uz, Initial residual = 3.2195098e-05, Final residual = 1.3199376e-07, No Iterations 1
GAMG:  Solving for p, Initial residual = 0.015654179, Final residual = 0.00015143009, No Iterations 20
time step continuity errors : sum local = 3.5798966e-08, global = 3.1242402e-08, cumulative = -9.1464471e-06
DILUPBiCGStab:  Solving for omega, Initial residual = 1.031377e-08, Final residual = 1.5879877e-10, No Iterations 1
DILUPBiCGStab:  Solving for k, Initial residual = 9.5686214e-07, Final residual = 1.5489601e-09, No Iterations 1
ExecutionTime = 212.15 s  ClockTime = 216 s

forceCoeffs forceCoeffs write:
    Coefficient	Total	Pressure	Viscous	Internal
    Cd:	7.2945302	0.87559179	6.4189385	0
    Cd(f):	106.6842	103.99667	2.6875255	0
    Cd(r):	-99.38967	-103.12108	3.7314129	0
    Cl:	68.407547	69.002684	-0.59513709	0
    Cl(f):	-310.36617	-314.98143	4.6152569	0
    Cl(r):	378.77372	383.98411	-5.210394	0
    CmPitch:	-344.56995	-349.48277	4.9128254	0
    CmRoll:	103.03693	103.55888	-0.52194368	0
    CmYaw:	57.564629	61.042281	-3.4776519	0
    Cs:	18.975234	18.496736	0.47849851	0
    Cs(f):	67.052246	70.290649	-3.2384026	0
    Cs(r):	-48.077012	-51.793913	3.7169012	0

    writing force and moment coefficient files.

Time = 196

DILUPBiCGStab:  Solving for Ux, Initial residual = 1.4155562e-05, Final residual = 5.2598782e-08, No Iterations 1
DILUPBiCGStab:  Solving for Uy, Initial residual = 0.00033464893, Final residual = 1.4418886e-06, No Iterations 1
DILUPBiCGStab:  Solving for Uz, Initial residual = 3.191981e-05, Final residual = 1.3158046e-07, No Iterations 1
GAMG:  Solving for p, Initial residual = 0.015428616, Final residual = 0.00015168552, No Iterations 20
time step continuity errors : sum local = 3.6294244e-08, global = 3.2023283e-08, cumulative = -9.1144238e-06
DILUPBiCGStab:  Solving for omega, Initial residual = 9.8655939e-09, Final residual = 9.8655939e-09, No Iterations 0
DILUPBiCGStab:  Solving for k, Initial residual = 9.7437447e-07, Final residual = 1.5602417e-09, No Iterations 1
ExecutionTime = 212.48 s  ClockTime = 217 s

forceCoeffs forceCoeffs write:
    Coefficient	Total	Pressure	Viscous	Internal
    Cd:	7.3075002	0.90897278	6.3985274	0
    Cd(f):	106.96436	104.28254	2.6818149	0
    Cd(r):	-99.656859	-103.37357	3.7167126	0
    Cl:	68.536055	69.127164	-0.59110833	0
    Cl(f):	-310.9565	-315.55744	4.6009367	0
    Cl(r):	379.49255	384.6846	-5.192045	0
    CmPitch:	-345.22453	-350.12102	4.8964908	0
    CmRoll:	103.31061	103.82806	-0.51744884	0
    CmYaw:	57.820295	61.294619	-3.4743233	0
    Cs:	18.993067	18.519739	0.47332786	0
    Cs(f):	67.316829	70.554488	-3.2376594	0
    Cs(r):	-48.323762	-52.034749	3.7109872	0

    writing force and moment coefficient files.

Time = 197

DILUPBiCGStab:  Solving for Ux, Initial residual = 1.4032068e-05, Final residual = 5.2672191e-08, No Iterations 1
DILUPBiCGStab:  Solving for Uy, Initial residual = 0.00033079676, Final residual = 1.4366823e-06, No Iterations 1
DILUPBiCGStab:  Solving for Uz, Initial residual = 3.1640051e-05, Final residual = 1.3122931e-07, No Iterations 1
GAMG:  Solving for p, Initial residual = 0.015168162, Final residual = 0.00013692049, No Iterations 20
time step continuity errors : sum local = 3.312084e-08, global = 2.9064055e-08, cumulative = -9.0853597e-06
DILUPBiCGStab:  Solving for omega, Initial residual = 1.3579012e-08, Final residual = 1.6081442e-10, No Iterations 1
DILUPBiCGStab:  Solving for k, Initial residual = 9.6533334e-07, Final residual = 1.5623958e-09, No Iterations 1
ExecutionTime = 212.81 s  ClockTime = 217 s

forceCoeffs forceCoeffs write:
    Coefficient	Total	Pressure	Viscous	Internal
    Cd:	7.3180223	0.9406683	6.377354	0
    Cd(f):	107.24068	104.56475	2.6759318	0
    Cd(r):	-99.922662	-103.62408	3.7014222	0
    Cl:	68.657288	69.24427	-0.58698236	0
    Cl(f):	-311.51557	-316.10168	4.586112	0
    Cl(r):	380.17286	385.34595	-5.1730944	0
    CmPitch:	-345.84422	-350.72382	4.8796032	0
    CmRoll:	103.58167	104.09442	-0.51274517	0
    CmYaw:	58.046713	61.517686	-3.4709733	0
    Cs:	19.005395	18.537509	0.4678862	0
    Cs(f):	67.54941	70.78644	-3.2370302	0
    Cs(r):	-48.544015	-52.248931	3.7049164	0

    writing force and moment coefficient files.

Time = 198

DILUPBiCGStab:  Solving for Ux, Initial residual = 1.3926757e-05, Final residual = 5.2703033e-08, No Iterations 1
DILUPBiCGStab:  Solving for Uy, Initial residual = 0.00032707323, Final residual = 1.4260978e-06, No Iterations 1
DILUPBiCGStab:  Solving for Uz, Initial residual = 3.136597e-05, Final residual = 1.3085501e-07, No Iterations 1
GAMG:  Solving for p, Initial residual = 0.014915381, Final residual = 0.00014869206, No Iterations 17
time step continuity errors : sum local = 3.6326308e-08, global = -2.9217563e-08, cumulative = -9.1145773e-06
DILUPBiCGStab:  Solving for omega, Initial residual = 1.1307592e-08, Final residual = 1.5448538e-10, No Iterations 1
DILUPBiCGStab:  Solving for k, Initial residual = 9.428784e-07, Final residual = 1.5386892e-09, No Iterations 1
ExecutionTime = 213.13 s  ClockTime = 217 s

forceCoeffs forceCoeffs write:
    Coefficient	Total	Pressure	Viscous	Internal
    Cd:	7.325782	0.96885445	6.3569276	0
    Cd(f):	107.50445	104.83422	2.6702283	0
    Cd(r):	-100.17866	-103.86536	3.6866993	0
    Cl:	68.769548	69.35251	-0.582962	0
    Cl(f):	-312.02565	-316.5974	4.5717485	0
    Cl(r):	380.7952	385.94991	-5.1547105	0
    CmPitch:	-346.41043	-351.27365	4.8632295	0
    CmRoll:	103.84156	104.34979	-0.50823548	0
    CmYaw:	58.246158	61.713885	-3.4677267	0
    Cs:	19.013698	18.550992	0.46270625	0
    Cs(f):	67.753007	70.989381	-3.2363736	0
    Cs(r):	-48.739309	-52.438388	3.6990798	0

    writing force and moment coefficient files.

Time = 199

DILUPBiCGStab:  Solving for Ux, Initial residual = 1.3842599e-05, Final residual = 5.2616753e-08, No Iterations 1
DILUPBiCGStab:  Solving for Uy, Initial residual = 0.00032373492, Final residual = 1.4148919e-06, No Iterations 1
DILUPBiCGStab:  Solving for Uz, Initial residual = 3.1098254e-05, Final residual = 1.3133064e-07, No Iterations 1
GAMG:  Solving for p, Initial residual = 0.014670042, Final residual = 0.00013140747, No Iterations 14
time step continuity errors : sum local = 3.238569e-08, global = 2.6069412e-08, cumulative = -9.0885079e-06
DILUPBiCGStab:  Solving for omega, Initial residual = 1.032653e-08, Final residual = 1.4902959e-10, No Iterations 1
DILUPBiCGStab:  Solving for k, Initial residual = 9.2431763e-07, Final residual = 1.5193841e-09, No Iterations 1
ExecutionTime = 213.44 s  ClockTime = 218 s

forceCoeffs forceCoeffs write:
    Coefficient	Total	Pressure	Viscous	Internal
    Cd:	7.330047	0.99332843	6.3367186	0
    Cd(f):	107.75707	105.09253	2.6645444	0
    Cd(r):	-100.42703	-104.0992	3.6721742	0
    Cl:	68.875856	69.454825	-0.57896932	0
    Cl(f):	-312.4961	-317.0536	4.5575052	0
    Cl(r):	381.37195	386.50843	-5.1364745	0
    CmPitch:	-346.93403	-351.78101	4.8469899	0
    CmRoll:	104.09205	104.59587	-0.50381493	0
    CmYaw:	58.432288	61.89679	-3.4645019	0
    Cs:	19.020385	18.56274	0.4576457	0
    Cs(f):	67.942481	71.17816	-3.2356791	0
    Cs(r):	-48.922096	-52.61542	3.6933248	0

    writing force and moment coefficient files.

Time = 200

DILUPBiCGStab:  Solving for Ux, Initial residual = 1.3720851e-05, Final residual = 5.2391579e-08, No Iterations 1
DILUPBiCGStab:  Solving for Uy, Initial residual = 0.00032015344, Final residual = 1.3998347e-06, No Iterations 1
DILUPBiCGStab:  Solving for Uz, Initial residual = 3.0808894e-05, Final residual = 1.3008756e-07, No Iterations 1
GAMG:  Solving for p, Initial residual = 0.014523465, Final residual = 0.00014323239, No Iterations 13
time step continuity errors : sum local = 3.5589147e-08, global = -2.6029219e-08, cumulative = -9.1145371e-06
DILUPBiCGStab:  Solving for omega, Initial residual = 9.8257613e-09, Final residual = 9.8257613e-09, No Iterations 0
DILUPBiCGStab:  Solving for k, Initial residual = 9.3984433e-07, Final residual = 1.5333538e-09, No Iterations 1
ExecutionTime = 213.72 s  ClockTime = 218 s

forceCoeffs forceCoeffs write:
    Coefficient	Total	Pressure	Viscous	Internal
    Cd:	7.3311787	1.014567	6.3166117	0
    Cd(f):	107.99596	105.33711	2.6588488	0
    Cd(r):	-100.66478	-104.32254	3.6577629	0
    Cl:	68.975933	69.550924	-0.57499058	0
    Cl(f):	-312.92737	-317.47068	4.5433132	0
    Cl(r):	381.9033	387.0216	-5.1183038	0
    CmPitch:	-347.41533	-352.24614	4.8308085	0
    CmRoll:	104.33037	104.82982	-0.49945703	0
    CmYaw:	58.61877	62.080046	-3.4612765	0
    Cs:	19.027624	18.574955	0.4526693	0
    Cs(f):	68.132582	71.367523	-3.2349418	0
    Cs(r):	-49.104958	-52.792569	3.6876111	0

    writing force and moment coefficient files.

End

Finalising parallel run
