/*---------------------------------------------------------------------------*\
| =========                 |                                                 |
| \\      /  F ield         | OpenFOAM: The Open Source CFD Toolbox           |
|  \\    /   O peration     | Version:  2606                                  |
|   \\  /    A nd           | Website:  www.openfoam.com                      |
|    \\/     M anipulation  |                                                 |
\*---------------------------------------------------------------------------*/
Build  : _481094f-20260618 OPENFOAM=2606 version=2606
Arch   : "LSB;label=32;scalar=64"
Exec   : simpleFoam -parallel
Date   : Aug 01 2026
Time   : 08:10:42
Host   : ip-172-31-43-247
PID    : 3242092
I/O    : uncollated
Case   : /home/ubuntu/certonomous-runs/dpw5-committee-probe/run_prism_base_incompressible_a2.11
nProcs : 14
Hosts  :
(
    (ip-172-31-43-247 14)
)
Pstream initialized with:
    node communication : off [type=host] (14 ranks, 1 nodes)
    topology controls  : none
    consensus exchange : 0 (tuning: 0)
    exchange algorithm : 0
    commsType          : nonBlocking
    polling iterations : 0
trapFpe: Floating point exception trapping enabled (FOAM_SIGFPE).
memory pool : not available
fileModificationChecking : Monitoring run-time modified files using timeStampMaster (fileModificationSkew 5, maxFileModificationPolls 20)

--> FOAM Warning : allowSystemOperations : Allowing user-supplied system call operations.
                   This can be a security risk if running untrusted cases
                   through e.g. 'coded' on-the-fly-compilation functionality.

// * * * * * * * * * * * * * * * * * * * * * * * * * * * * * * * * * * * * * //
Create time

Create mesh for time = 0


SIMPLE: convergence criteria
    field p	 tolerance 1e-09
    field U	 tolerance 1e-09
    field "(k|omega)"	 tolerance 1e-09

Reading field p

Reading field U

Reading/calculating face flux field phi

Selecting incompressible transport model Newtonian
Selecting turbulence model type RAS
Selecting RAS turbulence model kOmegaSST
Selecting patchDistMethod meshWave
RAS
{
    model           kOmegaSST;
    turbulence      on;
    printCoeffs     on;
    alphaK1         0.85;
    alphaK2         1;
    alphaOmega1     0.5;
    alphaOmega2     0.856;
    gamma1          0.55555556;
    gamma2          0.44;
    beta1           0.075;
    beta2           0.0828;
    betaStar        0.09;
    a1              0.31;
    b1              1;
    c1              10;
    F3              false;
    decayControl    false;
    kInf            0;
    omegaInf        0;
}

No MRF models present

No finite volume options present

Starting time loop

forceCoeffs forceCoeffs:
    rho: rhoInf
    Freestream density (rhoInf) set to 1.225
    Not including porosity effects
    magUInf: 68.06
    lRef   : 7.00532
    Aref   : 1
    rhoInf : 1.225
    Selecting all coefficients
    - Drag force: Cd
    - Drag force front: Cd(f)
    - Drag force rear: Cd(r)
    - Lift force: Cl
    - Lift force front: Cl(f)
    - Lift force rear: Cl(r)
    - Pitch moment: CmPitch
    - Roll moment: CmRoll
    - Yaw moment: CmYaw
    - Side force: Cs
    - Side force front: Cs(f)
    - Side force rear: Cs(r)


Time = 1

DILUPBiCGStab:  Solving for Ux, Initial residual = 0.99993117, Final residual = 0.00011120466, No Iterations 1
DILUPBiCGStab:  Solving for Uy, Initial residual = 1, Final residual = 9.7515629e-05, No Iterations 1
DILUPBiCGStab:  Solving for Uz, Initial residual = 0.99994703, Final residual = 0.0071462714, No Iterations 1
GAMG:  Solving for p, Initial residual = 1, Final residual = 0.0097721514, No Iterations 223
time step continuity errors : sum local = 5.036517e-08, global = 1.758926e-08, cumulative = 1.758926e-08
DILUPBiCGStab:  Solving for omega, Initial residual = 0.42037101, Final residual = 1.0623172e-05, No Iterations 1
DILUPBiCGStab:  Solving for k, Initial residual = 1, Final residual = 4.6478773e-05, No Iterations 1
ExecutionTime = 3.3 s  ClockTime = 4 s

forceCoeffs forceCoeffs write:
    Coefficient	Total	Pressure	Viscous	Internal
    Cd:	215.45613	205.13104	10.325087	0
    Cd(f):	502.81421	497.61545	5.1987555	0
    Cd(r):	-287.35808	-292.48442	5.1263317	0
    Cl:	381.62961	381.62566	0.0039483284	0
    Cl(f):	-1450.9573	-1456.6959	5.738595	0
    Cl(r):	1832.5869	1838.3216	-5.7346467	0
    CmPitch:	-1641.7721	-1647.5087	5.7366208	0
    CmRoll:	395.08615	395.04993	0.036211905	0
    CmYaw:	572.86677	582.86801	-10.001247	0
    Cs:	-34.614676	-34.543667	-0.071008344	0
    Cs(f):	555.55943	565.59618	-10.036751	0
    Cs(r):	-590.1741	-600.13985	9.9657431	0

    writing force and moment coefficient files.

Time = 2

DILUPBiCGStab:  Solving for Ux, Initial residual = 0.00033372715, Final residual = 2.5701406e-06, No Iterations 1
DILUPBiCGStab:  Solving for Uy, Initial residual = 0.014421808, Final residual = 8.2233094e-05, No Iterations 1
DILUPBiCGStab:  Solving for Uz, Initial residual = 0.0016084425, Final residual = 1.1961789e-05, No Iterations 1
GAMG:  Solving for p, Initial residual = 0.047381014, Final residual = 0.00045500232, No Iterations 75
time step continuity errors : sum local = 1.5571178e-06, global = 1.1020827e-06, cumulative = 1.1196719e-06
DILUPBiCGStab:  Solving for omega, Initial residual = 0.17072009, Final residual = 8.637908e-06, No Iterations 1
DILUPBiCGStab:  Solving for k, Initial residual = 0.35886946, Final residual = 3.350969e-05, No Iterations 1
ExecutionTime = 4.54 s  ClockTime = 5 s

forceCoeffs forceCoeffs write:
    Coefficient	Total	Pressure	Viscous	Internal
    Cd:	243.65681	238.73779	4.9190224	0
    Cd(f):	593.36736	591.84223	1.5251286	0
    Cd(r):	-349.71054	-353.10444	3.3938938	0
    Cl:	489.75677	490.07957	-0.32280022	0
    Cl(f):	-1867.3623	-1871.5888	4.2265629	0
    Cl(r):	2357.119	2361.6684	-4.5493631	0
    CmPitch:	-2112.2407	-2116.6286	4.387963	0
    CmRoll:	471.53895	472.47333	-0.93438259	0
    CmYaw:	836.17805	838.59155	-2.4135007	0
    Cs:	-15.465023	-16.524777	1.0597538	0
    Cs(f):	828.44553	830.32916	-1.8836238	0
    Cs(r):	-843.91056	-846.85393	2.9433776	0

    writing force and moment coefficient files.

Time = 3

DILUPBiCGStab:  Solving for Ux, Initial residual = 6.9130928e-05, Final residual = 5.3513691e-07, No Iterations 1
DILUPBiCGStab:  Solving for Uy, Initial residual = 0.00039325795, Final residual = 2.2704365e-06, No Iterations 1
DILUPBiCGStab:  Solving for Uz, Initial residual = 0.00031676234, Final residual = 2.3908495e-06, No Iterations 1
GAMG:  Solving for p, Initial residual = 0.039517279, Final residual = 0.00038837771, No Iterations 59
time step continuity errors : sum local = 1.8418202e-06, global = -1.4289488e-06, cumulative = -3.0927688e-07
DILUPBiCGStab:  Solving for omega, Initial residual = 0.033377256, Final residual = 3.3960945e-06, No Iterations 1
DILUPBiCGStab:  Solving for k, Initial residual = 0.063695663, Final residual = 1.2050631e-05, No Iterations 1
ExecutionTime = 5.6 s  ClockTime = 6 s

forceCoeffs forceCoeffs write:
    Coefficient	Total	Pressure	Viscous	Internal
    Cd:	188.64483	185.80715	2.8376757	0
    Cd(f):	451.16546	451.00407	0.1613884	0
    Cd(r):	-262.52063	-265.19692	2.6762873	0
    Cl:	421.13086	421.60881	-0.47794948	0
    Cl(f):	-1593.3771	-1597.0676	3.6904428	0
    Cl(r):	2014.508	2018.6764	-4.1683922	0
    CmPitch:	-1803.9426	-1807.872	3.9294175	0
    CmRoll:	356.84305	358.1005	-1.2574494	0
    CmYaw:	815.59966	816.13041	-0.53075783	0
    Cs:	17.157383	15.864868	1.2925154	0
    Cs(f):	824.17835	824.06285	0.11549986	0
    Cs(r):	-807.02096	-808.19798	1.1770155	0

    writing force and moment coefficient files.

Time = 4

DILUPBiCGStab:  Solving for Ux, Initial residual = 5.0122942e-05, Final residual = 3.7912279e-07, No Iterations 1
DILUPBiCGStab:  Solving for Uy, Initial residual = 0.00041342848, Final residual = 2.4713088e-06, No Iterations 1
DILUPBiCGStab:  Solving for Uz, Initial residual = 0.00022922069, Final residual = 1.7723933e-06, No Iterations 1
GAMG:  Solving for p, Initial residual = 0.032853127, Final residual = 0.00031362158, No Iterations 84
time step continuity errors : sum local = 1.3978182e-06, global = -9.8012391e-07, cumulative = -1.2894008e-06
DILUPBiCGStab:  Solving for omega, Initial residual = 0.019441199, Final residual = 4.0160732e-06, No Iterations 1
DILUPBiCGStab:  Solving for k, Initial residual = 0.008375928, Final residual = 3.2607414e-06, No Iterations 1
ExecutionTime = 6.91 s  ClockTime = 7 s

forceCoeffs forceCoeffs write:
    Coefficient	Total	Pressure	Viscous	Internal
    Cd:	83.156008	81.02401	2.1319978	0
    Cd(f):	194.48943	194.42298	0.066444071	0
    Cd(r):	-111.33342	-113.39897	2.0655537	0
    Cl:	252.28086	252.66642	-0.38555228	0
    Cl(f):	-954.06828	-956.98665	2.9183642	0
    Cl(r):	1206.3491	1209.6531	-3.3039164	0
    CmPitch:	-1080.2087	-1083.3199	3.1111403	0
    CmRoll:	152.91142	153.91098	-0.99955483	0
    CmYaw:	638.49699	639.34119	-0.84419963	0
    Cs:	57.724078	56.778692	0.94538616	0
    Cs(f):	667.35903	667.73054	-0.37150655	0
    Cs(r):	-609.63496	-610.95185	1.3168927	0

    writing force and moment coefficient files.

Time = 5

DILUPBiCGStab:  Solving for Ux, Initial residual = 3.6163967e-05, Final residual = 2.6642265e-07, No Iterations 1
DILUPBiCGStab:  Solving for Uy, Initial residual = 0.00065173825, Final residual = 4.2129936e-06, No Iterations 1
DILUPBiCGStab:  Solving for Uz, Initial residual = 0.00014852917, Final residual = 1.2114911e-06, No Iterations 1
GAMG:  Solving for p, Initial residual = 0.032495109, Final residual = 0.00031893953, No Iterations 114
time step continuity errors : sum local = 1.0240148e-06, global = -8.177846e-07, cumulative = -2.1071854e-06
DILUPBiCGStab:  Solving for omega, Initial residual = 0.010555573, Final residual = 4.5036961e-06, No Iterations 1
DILUPBiCGStab:  Solving for k, Initial residual = 0.0015672643, Final residual = 1.283116e-06, No Iterations 1
ExecutionTime = 8.51 s  ClockTime = 9 s

forceCoeffs forceCoeffs write:
    Coefficient	Total	Pressure	Viscous	Internal
    Cd:	-12.029966	-13.934504	1.9045377	0
    Cd(f):	-27.189699	-27.4761	0.28640066	0
    Cd(r):	15.159733	13.541596	1.6181371	0
    Cl:	77.107077	77.380963	-0.27388611	0
    Cl(f):	-281.1661	-283.49769	2.3315865	0
    Cl(r):	358.27318	360.87865	-2.6054726	0
    CmPitch:	-319.71964	-322.18817	2.4685295	0
    CmRoll:	-21.174716	-20.508848	-0.66586821	0
    CmYaw:	393.53291	394.76287	-1.2299549	0
    Cs:	73.008327	72.43602	0.57230727	0
    Cs(f):	430.03708	430.98088	-0.94380125	0
    Cs(r):	-357.02875	-358.54486	1.5161085	0

    writing force and moment coefficient files.

Time = 6

DILUPBiCGStab:  Solving for Ux, Initial residual = 2.716198e-05, Final residual = 2.0281366e-07, No Iterations 1
DILUPBiCGStab:  Solving for Uy, Initial residual = 0.00048488978, Final residual = 3.5511105e-06, No Iterations 1
DILUPBiCGStab:  Solving for Uz, Initial residual = 0.00010117458, Final residual = 9.3353943e-07, No Iterations 1
GAMG:  Solving for p, Initial residual = 0.061608987, Final residual = 0.00061262759, No Iterations 102
time step continuity errors : sum local = 9.6134023e-07, global = -7.1149584e-07, cumulative = -2.8186812e-06
DILUPBiCGStab:  Solving for omega, Initial residual = 0.005809754, Final residual = 5.2470533e-06, No Iterations 1
DILUPBiCGStab:  Solving for k, Initial residual = 0.00040735661, Final residual = 7.132817e-07, No Iterations 1
ExecutionTime = 9.99 s  ClockTime = 10 s

forceCoeffs forceCoeffs write:
    Coefficient	Total	Pressure	Viscous	Internal
    Cd:	-61.852738	-63.746456	1.893718	0
    Cd(f):	-140.43203	-141.04457	0.61254325	0
    Cd(r):	78.579293	77.298118	1.2811747	0
    Cl:	-45.72645	-45.578946	-0.14750414	0
    Cl(f):	195.6853	193.83643	1.8488697	0
    Cl(r):	-241.41175	-239.41537	-1.9963739	0
    CmPitch:	218.54852	216.6259	1.9226218	0
    CmRoll:	-109.50566	-109.17135	-0.33431574	0
    CmYaw:	127.04962	128.53948	-1.4898557	0
    Cs:	58.497205	58.245792	0.25141298	0
    Cs(f):	156.29822	157.66237	-1.3641492	0
    Cs(r):	-97.801018	-99.41658	1.6155622	0

    writing force and moment coefficient files.

Time = 7

DILUPBiCGStab:  Solving for Ux, Initial residual = 3.5433397e-05, Final residual = 2.8435539e-07, No Iterations 1
DILUPBiCGStab:  Solving for Uy, Initial residual = 0.00013852401, Final residual = 8.9028468e-07, No Iterations 1
DILUPBiCGStab:  Solving for Uz, Initial residual = 0.00017736932, Final residual = 1.4203606e-06, No Iterations 1
GAMG:  Solving for p, Initial residual = 0.341634, Final residual = 0.0033988956, No Iterations 86
time step continuity errors : sum local = 9.746016e-07, global = -8.1674496e-07, cumulative = -3.6354262e-06
DILUPBiCGStab:  Solving for omega, Initial residual = 0.0030546623, Final residual = 5.9770738e-06, No Iterations 1
DILUPBiCGStab:  Solving for k, Initial residual = 0.00014004763, Final residual = 5.1731357e-07, No Iterations 1
ExecutionTime = 11.32 s  ClockTime = 12 s

forceCoeffs forceCoeffs write:
    Coefficient	Total	Pressure	Viscous	Internal
    Cd:	-72.840399	-74.788756	1.9483567	0
    Cd(f):	-155.34626	-156.25497	0.90870735	0
    Cd(r):	82.50586	81.46621	1.0396494	0
    Cl:	-102.88372	-102.84603	-0.037687995	0
    Cl(f):	407.55168	406.14459	1.4070881	0
    Cl(r):	-510.4354	-508.99062	-1.4447761	0
    CmPitch:	458.99354	457.56761	1.4259321	0
    CmRoll:	-118.92606	-118.86059	-0.065471022	0
    CmYaw:	-72.848742	-71.070226	-1.7785159	0
    Cs:	36.037091	36.007832	0.0292591	0
    Cs(f):	-54.830196	-53.06631	-1.7638863	0
    Cs(r):	90.867287	89.074142	1.7931454	0

    writing force and moment coefficient files.

Time = 8

DILUPBiCGStab:  Solving for Ux, Initial residual = 6.1334708e-05, Final residual = 4.8217641e-07, No Iterations 1
DILUPBiCGStab:  Solving for Uy, Initial residual = 0.00011818456, Final residual = 7.3282341e-07, No Iterations 1
DILUPBiCGStab:  Solving for Uz, Initial residual = 0.00028900281, Final residual = 2.3425257e-06, No Iterations 1
GAMG:  Solving for p, Initial residual = 0.079192902, Final residual = 0.00079028326, No Iterations 112
time step continuity errors : sum local = 9.7488353e-07, global = -9.0485161e-07, cumulative = -4.5402778e-06
DILUPBiCGStab:  Solving for omega, Initial residual = 0.0014586025, Final residual = 6.2649372e-06, No Iterations 1
DILUPBiCGStab:  Solving for k, Initial residual = 5.6721516e-05, Final residual = 4.0507333e-07, No Iterations 1
ExecutionTime = 12.91 s  ClockTime = 13 s

forceCoeffs forceCoeffs write:
    Coefficient	Total	Pressure	Viscous	Internal
    Cd:	-45.631437	-47.596676	1.9652396	0
    Cd(f):	-96.719709	-97.827983	1.1082745	0
    Cd(r):	51.088272	50.231307	0.85696505	0
    Cl:	-108.35034	-108.40274	0.052399286	0
    Cl(f):	411.94513	410.91269	1.032443	0
    Cl(r):	-520.29547	-519.31543	-0.98004369	0
    CmPitch:	466.1203	465.11406	1.0062433	0
    CmRoll:	-73.90399	-74.029645	0.12565474	0
    CmYaw:	-201.91548	-200.02144	-1.894033	0
    Cs:	6.761627	6.8570515	-0.09542447	0
    Cs(f):	-198.53466	-196.59292	-1.9417452	0
    Cs(r):	205.29629	203.44997	1.8463208	0

    writing force and moment coefficient files.

Time = 9

DILUPBiCGStab:  Solving for Ux, Initial residual = 7.4803795e-05, Final residual = 5.2826025e-07, No Iterations 1
DILUPBiCGStab:  Solving for Uy, Initial residual = 0.00013478126, Final residual = 8.5502388e-07, No Iterations 1
DILUPBiCGStab:  Solving for Uz, Initial residual = 0.00028640663, Final residual = 2.5801551e-06, No Iterations 1
GAMG:  Solving for p, Initial residual = 0.055464883, Final residual = 0.00054911819, No Iterations 155
time step continuity errors : sum local = 9.1607933e-07, global = 8.8477967e-07, cumulative = -3.6554981e-06
DILUPBiCGStab:  Solving for omega, Initial residual = 0.00064182142, Final residual = 6.0219391e-06, No Iterations 1
DILUPBiCGStab:  Solving for k, Initial residual = 2.433136e-05, Final residual = 6.9325112e-09, No Iterations 1
ExecutionTime = 14.94 s  ClockTime = 15 s

forceCoeffs forceCoeffs write:
    Coefficient	Total	Pressure	Viscous	Internal
    Cd:	-17.211481	-19.070393	1.8589119	0
    Cd(f):	-30.37667	-31.496298	1.1196275	0
    Cd(r):	13.16519	12.425905	0.73928441	0
    Cl:	-80.267391	-80.332758	0.065366781	0
    Cl(f):	278.88476	278.10624	0.77851216	0
    Cl(r):	-359.15215	-358.439	-0.71314538	0
    CmPitch:	319.01845	318.27262	0.74582877	0
    CmRoll:	-21.77093	-21.961102	0.19017157	0
    CmYaw:	-263.59014	-261.69334	-1.8967981	0
    Cs:	-2.9288461	-2.824356	-0.10449007	0
    Cs(f):	-265.05456	-263.10552	-1.9490431	0
    Cs(r):	262.12571	260.28116	1.844553	0

    writing force and moment coefficient files.

Time = 10

DILUPBiCGStab:  Solving for Ux, Initial residual = 5.2833592e-05, Final residual = 3.9537326e-07, No Iterations 1
DILUPBiCGStab:  Solving for Uy, Initial residual = 0.00023679312, Final residual = 1.8263249e-06, No Iterations 1
DILUPBiCGStab:  Solving for Uz, Initial residual = 0.00016857406, Final residual = 1.613914e-06, No Iterations 1
GAMG:  Solving for p, Initial residual = 0.05407704, Final residual = 0.00052469658, No Iterations 121
time step continuity errors : sum local = 8.3188653e-07, global = 7.676457e-07, cumulative = -2.8878524e-06
DILUPBiCGStab:  Solving for omega, Initial residual = 0.00028559667, Final residual = 1.3673745e-07, No Iterations 1
DILUPBiCGStab:  Solving for k, Initial residual = 1.3185273e-05, Final residual = 5.301158e-09, No Iterations 1
ExecutionTime = 16.63 s  ClockTime = 17 s

forceCoeffs forceCoeffs write:
    Coefficient	Total	Pressure	Viscous	Internal
    Cd:	7.8229163	6.1550111	1.6679052	0
    Cd(f):	30.014766	29.035359	0.9794068	0
    Cd(r):	-22.19185	-22.880348	0.68849839	0
    Cl:	-37.891306	-37.95133	0.060024679	0
    Cl(f):	101.73771	101.06315	0.67456192	0
    Cl(r):	-139.62902	-139.01448	-0.61453724	0
    CmPitch:	120.68337	120.03882	0.64454958	0
    CmRoll:	26.103308	25.957854	0.14545421	0
    CmYaw:	-222.71735	-220.99776	-1.7195965	0
    Cs:	-5.4554102	-5.4119608	-0.043449473	0
    Cs(f):	-225.44506	-223.70374	-1.7413212	0
    Cs(r):	219.98965	218.29178	1.6978718	0

    writing force and moment coefficient files.

Time = 11

DILUPBiCGStab:  Solving for Ux, Initial residual = 3.2234639e-05, Final residual = 2.4238574e-07, No Iterations 1
DILUPBiCGStab:  Solving for Uy, Initial residual = 0.0010906633, Final residual = 8.162258e-06, No Iterations 1
DILUPBiCGStab:  Solving for Uz, Initial residual = 0.00010337426, Final residual = 1.0067854e-06, No Iterations 1
GAMG:  Solving for p, Initial residual = 0.0685682, Final residual = 0.00067810205, No Iterations 147
time step continuity errors : sum local = 7.5525195e-07, global = -7.2387193e-07, cumulative = -3.6117244e-06
DILUPBiCGStab:  Solving for omega, Initial residual = 0.00014355315, Final residual = 1.3271215e-07, No Iterations 1
DILUPBiCGStab:  Solving for k, Initial residual = 7.1639681e-06, Final residual = 4.0482913e-09, No Iterations 1
ExecutionTime = 18.59 s  ClockTime = 19 s

forceCoeffs forceCoeffs write:
    Coefficient	Total	Pressure	Viscous	Internal
    Cd:	19.407532	17.864789	1.5427434	0
    Cd(f):	64.864156	63.978388	0.88576809	0
    Cd(r):	-45.456624	-46.113599	0.65697536	0
    Cl:	5.0598217	5.0176302	0.042191547	0
    Cl(f):	-61.71022	-62.381822	0.67160137	0
    Cl(r):	66.770042	67.399452	-0.62940982	0
    CmPitch:	-64.240131	-64.890637	0.65050559	0
    CmRoll:	55.16039	55.045994	0.11439637	0
    CmYaw:	-117.66159	-116.11962	-1.5419711	0
    Cs:	0.0090296718	0.031598875	-0.022569203	0
    Cs(f):	-117.65708	-116.10382	-1.5532557	0
    Cs(r):	117.66611	116.13542	1.5306865	0

    writing force and moment coefficient files.

Time = 12

DILUPBiCGStab:  Solving for Ux, Initial residual = 1.9231772e-05, Final residual = 1.5209921e-07, No Iterations 1
DILUPBiCGStab:  Solving for Uy, Initial residual = 0.00015531573, Final residual = 1.1979071e-06, No Iterations 1
DILUPBiCGStab:  Solving for Uz, Initial residual = 7.2092021e-05, Final residual = 5.9748175e-07, No Iterations 1
GAMG:  Solving for p, Initial residual = 0.1385296, Final residual = 0.0013696566, No Iterations 146
time step continuity errors : sum local = 6.9616887e-07, global = -6.6246773e-07, cumulative = -4.2741921e-06
DILUPBiCGStab:  Solving for omega, Initial residual = 8.1494833e-05, Final residual = 1.2122227e-07, No Iterations 1
DILUPBiCGStab:  Solving for k, Initial residual = 5.5289612e-06, Final residual = 3.1882905e-09, No Iterations 1
ExecutionTime = 20.64 s  ClockTime = 21 s

forceCoeffs forceCoeffs write:
    Coefficient	Total	Pressure	Viscous	Internal
    Cd:	8.550354	7.1355929	1.4147611	0
    Cd(f):	64.422527	63.659871	0.76265605	0
    Cd(r):	-55.872173	-56.524278	0.65210509	0
    Cl:	44.019211	44.009355	0.0098558442	0
    Cl(f):	-180.29718	-181.00924	0.71206114	0
    Cl(r):	224.31639	225.01859	-0.70220529	0
    CmPitch:	-202.30678	-203.01391	0.70713322	0
    CmRoll:	60.14735	60.092075	0.055275481	0
    CmYaw:	0.63046684	1.8808987	-1.2504318	0
    Cs:	14.603666	14.591108	0.012557943	0
    Cs(f):	7.9322997	9.1764526	-1.2441529	0
    Cs(r):	6.6713661	5.4146553	1.2567108	0

    writing force and moment coefficient files.

Time = 13

DILUPBiCGStab:  Solving for Ux, Initial residual = 1.3390726e-05, Final residual = 1.0713057e-07, No Iterations 1
DILUPBiCGStab:  Solving for Uy, Initial residual = 0.00010445904, Final residual = 7.374094e-07, No Iterations 1
DILUPBiCGStab:  Solving for Uz, Initial residual = 6.4866171e-05, Final residual = 5.1132264e-07, No Iterations 1
GAMG:  Solving for p, Initial residual = 0.24230046, Final residual = 0.0023952479, No Iterations 239
time step continuity errors : sum local = 6.5910809e-07, global = 6.4729979e-07, cumulative = -3.6268923e-06
DILUPBiCGStab:  Solving for omega, Initial residual = 5.2253738e-05, Final residual = 9.0181262e-08, No Iterations 1
DILUPBiCGStab:  Solving for k, Initial residual = 1.045844e-05, Final residual = 4.5739661e-08, No Iterations 1
ExecutionTime = 23.68 s  ClockTime = 24 s

forceCoeffs forceCoeffs write:
    Coefficient	Total	Pressure	Viscous	Internal
    Cd:	4.4503497	3.0914374	1.3589123	0
    Cd(f):	62.165035	61.489529	0.67550684	0
    Cd(r):	-57.714686	-58.398091	0.68340546	0
    Cl:	63.117086	63.196	-0.078913692	0
    Cl(f):	-230.66685	-231.51476	0.84790647	0
    Cl(r):	293.78394	294.71076	-0.92682016	0
    CmPitch:	-262.2254	-263.11276	0.88736332	0
    CmRoll:	59.939861	59.94381	-0.0039493093	0
    CmYaw:	117.93366	118.99766	-1.0640082	0
    Cs:	16.622094	16.604466	0.01762758	0
    Cs(f):	126.2447	127.2999	-1.0551944	0
    Cs(r):	-109.62261	-110.69543	1.072822	0

    writing force and moment coefficient files.

Time = 14

DILUPBiCGStab:  Solving for Ux, Initial residual = 1.154955e-05, Final residual = 8.7629631e-08, No Iterations 1
DILUPBiCGStab:  Solving for Uy, Initial residual = 0.00011465693, Final residual = 8.2855351e-07, No Iterations 1
DILUPBiCGStab:  Solving for Uz, Initial residual = 6.0795434e-05, Final residual = 4.8747324e-07, No Iterations 1
GAMG:  Solving for p, Initial residual = 0.10136693, Final residual = 0.0010122173, No Iterations 269
time step continuity errors : sum local = 6.9880255e-07, global = 6.8840718e-07, cumulative = -2.9384851e-06
DILUPBiCGStab:  Solving for omega, Initial residual = 4.3695857e-05, Final residual = 7.3086292e-08, No Iterations 1
DILUPBiCGStab:  Solving for k, Initial residual = 2.0397479e-05, Final residual = 3.279034e-08, No Iterations 1
ExecutionTime = 27.21 s  ClockTime = 28 s

forceCoeffs forceCoeffs write:
    Coefficient	Total	Pressure	Viscous	Internal
    Cd:	-12.430603	-13.760117	1.3295143	0
    Cd(f):	38.447277	37.818588	0.62868901	0
    Cd(r):	-50.87788	-51.578705	0.70082526	0
    Cl:	64.197021	64.363547	-0.16652572	0
    Cl(f):	-229.81548	-230.73247	0.91699433	0
    Cl(r):	294.0125	295.09602	-1.08352	0
    CmPitch:	-261.91399	-262.91424	1.0002572	0
    CmRoll:	44.662578	44.698646	-0.036068125	0
    CmYaw:	226.89991	227.84954	-0.94962751	0
    Cs:	24.789195	24.762986	0.026208899	0
    Cs(f):	239.29451	240.23103	-0.93652306	0
    Cs(r):	-214.50531	-215.46805	0.96273196	0

    writing force and moment coefficient files.

Time = 15

DILUPBiCGStab:  Solving for Ux, Initial residual = 1.1831149e-05, Final residual = 8.7473105e-08, No Iterations 1
DILUPBiCGStab:  Solving for Uy, Initial residual = 0.00024879341, Final residual = 1.8814023e-06, No Iterations 1
DILUPBiCGStab:  Solving for Uz, Initial residual = 6.1224516e-05, Final residual = 5.0985538e-07, No Iterations 1
GAMG:  Solving for p, Initial residual = 0.071729233, Final residual = 0.00071334997, No Iterations 210
time step continuity errors : sum local = 6.5085502e-07, global = 6.3283874e-07, cumulative = -2.3056464e-06
DILUPBiCGStab:  Solving for omega, Initial residual = 4.4738464e-05, Final residual = 6.0419515e-08, No Iterations 1
DILUPBiCGStab:  Solving for k, Initial residual = 3.4466621e-05, Final residual = 2.478761e-08, No Iterations 1
ExecutionTime = 29.86 s  ClockTime = 30 s

forceCoeffs forceCoeffs write:
    Coefficient	Total	Pressure	Viscous	Internal
    Cd:	-5.0250429	-6.3857132	1.3606702	0
    Cd(f):	38.777767	38.115246	0.66252174	0
    Cd(r):	-43.80281	-44.500959	0.6981485	0
    Cl:	49.660158	49.875558	-0.2153995	0
    Cl(f):	-192.73699	-193.70603	0.96903967	0
    Cl(r):	242.39715	243.58159	-1.1844392	0
    CmPitch:	-217.56707	-218.64381	1.0767394	0
    CmRoll:	41.290289	41.308102	-0.017813379	0
    CmYaw:	240.91091	241.90187	-0.99095539	0
    Cs:	15.920185	15.934377	-0.014192244	0
    Cs(f):	248.871	249.86905	-0.99805151	0
    Cs(r):	-232.95082	-233.93468	0.98385927	0

    writing force and moment coefficient files.

Time = 16

DILUPBiCGStab:  Solving for Ux, Initial residual = 1.2425246e-05, Final residual = 8.9825125e-08, No Iterations 1
DILUPBiCGStab:  Solving for Uy, Initial residual = 0.010866084, Final residual = 8.435428e-05, No Iterations 1
DILUPBiCGStab:  Solving for Uz, Initial residual = 6.2109943e-05, Final residual = 5.5466525e-07, No Iterations 1
GAMG:  Solving for p, Initial residual = 0.075228459, Final residual = 0.00075214914, No Iterations 178
time step continuity errors : sum local = 5.8934039e-07, global = 5.7314308e-07, cumulative = -1.7325033e-06
DILUPBiCGStab:  Solving for omega, Initial residual = 4.9774373e-05, Final residual = 5.0672352e-08, No Iterations 1
DILUPBiCGStab:  Solving for k, Initial residual = 2.9081986e-05, Final residual = 1.8258428e-08, No Iterations 1
ExecutionTime = 32.11 s  ClockTime = 33 s

forceCoeffs forceCoeffs write:
    Coefficient	Total	Pressure	Viscous	Internal
    Cd:	16.109692	14.637105	1.4725873	0
    Cd(f):	55.31987	54.563887	0.75598301	0
    Cd(r):	-39.210178	-39.926782	0.71660434	0
    Cl:	27.202315	27.489204	-0.2868886	0
    Cl(f):	-144.69344	-145.73609	1.0426487	0
    Cl(r):	171.89575	173.22529	-1.3295373	0
    CmPitch:	-158.2946	-159.48069	1.186093	0
    CmRoll:	47.265024	47.245335	0.019689334	0
    CmYaw:	196.32236	197.4616	-1.139247	0
    Cs:	0.3878337	0.46286726	-0.075033557	0
    Cs(f):	196.51627	197.69304	-1.1767637	0
    Cs(r):	-196.12844	-197.23017	1.1017302	0

    writing force and moment coefficient files.

Time = 17

DILUPBiCGStab:  Solving for Ux, Initial residual = 1.2186967e-05, Final residual = 8.6469355e-08, No Iterations 1
DILUPBiCGStab:  Solving for Uy, Initial residual = 0.00044369503, Final residual = 3.2049416e-06, No Iterations 1
DILUPBiCGStab:  Solving for Uz, Initial residual = 5.8702421e-05, Final residual = 5.3046729e-07, No Iterations 1
GAMG:  Solving for p, Initial residual = 0.097712167, Final residual = 0.00097480942, No Iterations 200
time step continuity errors : sum local = 4.6833614e-07, global = 4.5842729e-07, cumulative = -1.274076e-06
DILUPBiCGStab:  Solving for omega, Initial residual = 3.963013e-05, Final residual = 4.3468646e-08, No Iterations 1
DILUPBiCGStab:  Solving for k, Initial residual = 2.0916127e-05, Final residual = 1.7278811e-08, No Iterations 1
ExecutionTime = 34.57 s  ClockTime = 35 s

forceCoeffs forceCoeffs write:
    Coefficient	Total	Pressure	Viscous	Internal
    Cd:	15.25818	14.081514	1.1766661	0
    Cd(f):	49.8389	49.354872	0.48402847	0
    Cd(r):	-34.58072	-35.273358	0.6926376	0
    Cl:	13.312397	13.385384	-0.072986652	0
    Cl(f):	-114.30564	-115.1806	0.87495991	0
    Cl(r):	127.61803	128.56598	-0.94794656	0
    CmPitch:	-120.96183	-121.87329	0.91145323	0
    CmRoll:	42.20981	42.314115	-0.10430456	0
    CmYaw:	120.3577	121.60066	-1.242966	0
    Cs:	4.2461494	4.165311	0.080838369	0
    Cs(f):	122.48077	123.68332	-1.2025468	0
    Cs(r):	-118.23462	-119.51801	1.2833852	0

    writing force and moment coefficient files.

Time = 18

DILUPBiCGStab:  Solving for Ux, Initial residual = 1.1908708e-05, Final residual = 8.6481975e-08, No Iterations 1
DILUPBiCGStab:  Solving for Uy, Initial residual = 0.00025284125, Final residual = 1.8286334e-06, No Iterations 1
DILUPBiCGStab:  Solving for Uz, Initial residual = 5.6391065e-05, Final residual = 4.8394166e-07, No Iterations 1
GAMG:  Solving for p, Initial residual = 0.42675219, Final residual = 0.0042662319, No Iterations 385
time step continuity errors : sum local = 5.2596729e-07, global = -5.227074e-07, cumulative = -1.7967834e-06
DILUPBiCGStab:  Solving for omega, Initial residual = 2.6835907e-05, Final residual = 3.7990906e-08, No Iterations 1
DILUPBiCGStab:  Solving for k, Initial residual = 2.2672401e-05, Final residual = 2.0532783e-08, No Iterations 1
ExecutionTime = 38.88 s  ClockTime = 39 s

forceCoeffs forceCoeffs write:
    Coefficient	Total	Pressure	Viscous	Internal
    Cd:	24.341678	23.328309	1.0133688	0
    Cd(f):	61.122163	60.807458	0.31470484	0
    Cd(r):	-36.780485	-37.479149	0.69866399	0
    Cl:	11.034057	10.9694	0.064657045	0
    Cl(f):	-98.652379	-99.422694	0.77031436	0
    Cl(r):	109.68644	110.39209	-0.70565731	0
    CmPitch:	-104.16941	-104.90739	0.73798583	0
    CmRoll:	48.951324	49.143303	-0.19197958	0
    CmYaw:	13.147275	14.52802	-1.3807456	0
    Cs:	-1.6870711	-1.8812798	0.19420873	0
    Cs(f):	12.303739	13.58738	-1.2836412	0
    Cs(r):	-13.99081	-15.46866	1.4778499	0

    writing force and moment coefficient files.

Time = 19

DILUPBiCGStab:  Solving for Ux, Initial residual = 1.1821997e-05, Final residual = 9.8410063e-08, No Iterations 1
DILUPBiCGStab:  Solving for Uy, Initial residual = 0.00041013937, Final residual = 3.2614481e-06, No Iterations 1
DILUPBiCGStab:  Solving for Uz, Initial residual = 5.7457939e-05, Final residual = 5.681938e-07, No Iterations 1
GAMG:  Solving for p, Initial residual = 0.15251176, Final residual = 0.0015061074, No Iterations 231
time step continuity errors : sum local = 5.9270521e-07, global = -5.7635001e-07, cumulative = -2.3731334e-06
DILUPBiCGStab:  Solving for omega, Initial residual = 3.5547745e-05, Final residual = 3.2393098e-08, No Iterations 1
DILUPBiCGStab:  Solving for k, Initial residual = 5.3993546e-05, Final residual = 2.3113692e-08, No Iterations 1
ExecutionTime = 41.64 s  ClockTime = 42 s

forceCoeffs forceCoeffs write:
    Coefficient	Total	Pressure	Viscous	Internal
    Cd:	35.46554	34.541448	0.92409174	0
    Cd(f):	77.940263	77.662189	0.27807378	0
    Cd(r):	-42.474723	-43.12074	0.64601796	0
    Cl:	17.08467	16.971664	0.11300592	0
    Cl(f):	-101.80994	-102.42475	0.61481348	0
    Cl(r):	118.89461	119.39641	-0.50180756	0
    CmPitch:	-110.35227	-110.91058	0.55831052	0
    CmRoll:	60.207493	60.391465	-0.18397209	0
    CmYaw:	-79.404432	-78.070969	-1.3334628	0
    Cs:	-9.5734212	-9.8070063	0.23358504	0
    Cs(f):	-84.191143	-82.974472	-1.2166703	0
    Cs(r):	74.617721	73.167466	1.4502554	0

    writing force and moment coefficient files.

Time = 20

DILUPBiCGStab:  Solving for Ux, Initial residual = 1.359029e-05, Final residual = 8.5057812e-08, No Iterations 1
DILUPBiCGStab:  Solving for Uy, Initial residual = 0.0018237167, Final residual = 1.1809796e-05, No Iterations 1
DILUPBiCGStab:  Solving for Uz, Initial residual = 7.0303832e-05, Final residual = 5.5064314e-07, No Iterations 1
GAMG:  Solving for p, Initial residual = 0.10013271, Final residual = 0.00099689353, No Iterations 179
time step continuity errors : sum local = 5.2022573e-07, global = -5.0654504e-07, cumulative = -2.8796785e-06
DILUPBiCGStab:  Solving for omega, Initial residual = 4.1984816e-05, Final residual = 4.0484237e-07, No Iterations 1
DILUPBiCGStab:  Solving for k, Initial residual = 2.6577186e-05, Final residual = 2.3189011e-08, No Iterations 1
ExecutionTime = 43.9 s  ClockTime = 44 s

forceCoeffs forceCoeffs write:
    Coefficient	Total	Pressure	Viscous	Internal
    Cd:	19.891632	18.976288	0.91534412	0
    Cd(f):	74.026642	73.736026	0.29061613	0
    Cd(r):	-54.13501	-54.759738	0.62472799	0
    Cl:	29.447257	29.263128	0.18412908	0
    Cl(f):	-139.20165	-139.7564	0.55475203	0
    Cl(r):	168.6489	169.01953	-0.37062295	0
    CmPitch:	-153.92528	-154.38796	0.46268749	0
    CmRoll:	64.080826	64.247882	-0.16705593	0
    CmYaw:	-95.585462	-94.247469	-1.3379934	0
    Cs:	1.1573241	0.91971067	0.23761348	0
    Cs(f):	-95.0068	-93.787613	-1.2191867	0
    Cs(r):	96.164124	94.707324	1.4568001	0

    writing force and moment coefficient files.

Time = 21

DILUPBiCGStab:  Solving for Ux, Initial residual = 1.3834256e-05, Final residual = 9.7009727e-08, No Iterations 1
DILUPBiCGStab:  Solving for Uy, Initial residual = 0.00046053612, Final residual = 3.5204703e-06, No Iterations 1
DILUPBiCGStab:  Solving for Uz, Initial residual = 7.0938736e-05, Final residual = 5.88474e-07, No Iterations 1
GAMG:  Solving for p, Initial residual = 0.23480461, Final residual = 0.0023409709, No Iterations 490
time step continuity errors : sum local = 4.3452416e-07, global = 4.2873918e-07, cumulative = -2.4509393e-06
DILUPBiCGStab:  Solving for omega, Initial residual = 3.1045495e-05, Final residual = 2.4610552e-08, No Iterations 1
DILUPBiCGStab:  Solving for k, Initial residual = 1.1843121e-05, Final residual = 2.8826009e-08, No Iterations 1
ExecutionTime = 49.34 s  ClockTime = 50 s

forceCoeffs forceCoeffs write:
    Coefficient	Total	Pressure	Viscous	Internal
    Cd:	-11.392068	-12.445357	1.0532887	0
    Cd(f):	48.677966	48.241564	0.43640252	0
    Cd(r):	-60.070034	-60.68692	0.61688615	0
    Cl:	46.556672	46.382747	0.17392526	0
    Cl(f):	-172.56278	-173.13963	0.57684383	0
    Cl(r):	219.11946	219.52237	-0.40291857	0
    CmPitch:	-195.84112	-196.331	0.4898812	0
    CmRoll:	54.374	54.464242	-0.090241815	0
    CmYaw:	-72.42441	-71.074403	-1.3500073	0
    Cs:	19.803566	19.634386	0.16917984	0
    Cs(f):	-62.522627	-61.25721	-1.2654174	0
    Cs(r):	82.326193	80.891596	1.4345972	0

    writing force and moment coefficient files.

Time = 22

DILUPBiCGStab:  Solving for Ux, Initial residual = 1.3622211e-05, Final residual = 9.3672216e-08, No Iterations 1
DILUPBiCGStab:  Solving for Uy, Initial residual = 0.00033183219, Final residual = 2.4714522e-06, No Iterations 1
DILUPBiCGStab:  Solving for Uz, Initial residual = 7.2020189e-05, Final residual = 6.7111855e-07, No Iterations 1
GAMG:  Solving for p, Initial residual = 0.29305423, Final residual = 0.0029150311, No Iterations 213
time step continuity errors : sum local = 4.0121333e-07, global = -3.8621002e-07, cumulative = -2.8371493e-06
DILUPBiCGStab:  Solving for omega, Initial residual = 2.0384216e-05, Final residual = 2.311199e-08, No Iterations 1
DILUPBiCGStab:  Solving for k, Initial residual = 2.0675971e-05, Final residual = 4.4486329e-08, No Iterations 1
ExecutionTime = 51.96 s  ClockTime = 53 s

forceCoeffs forceCoeffs write:
    Coefficient	Total	Pressure	Viscous	Internal
    Cd:	-17.262524	-18.585731	1.3232064	0
    Cd(f):	35.489659	34.792338	0.6973205	0
    Cd(r):	-52.752183	-53.378069	0.62588594	0
    Cl:	48.527547	48.589561	-0.06201394	0
    Cl(f):	-165.71636	-166.40391	0.68755065	0
    Cl(r):	214.24391	214.99347	-0.74956459	0
    CmPitch:	-189.98013	-190.69869	0.71855762	0
    CmRoll:	44.120921	44.085204	0.03571728	0
    CmYaw:	-10.235092	-8.891077	-1.3440148	0
    Cs:	22.927401	22.87851	0.048890929	0
    Cs(f):	1.2286086	2.548178	-1.3195693	0
    Cs(r):	21.698792	20.330332	1.3684603	0

    writing force and moment coefficient files.

Time = 23

DILUPBiCGStab:  Solving for Ux, Initial residual = 1.574345e-05, Final residual = 1.0206826e-07, No Iterations 1
DILUPBiCGStab:  Solving for Uy, Initial residual = 0.00051649139, Final residual = 3.6124418e-06, No Iterations 1
DILUPBiCGStab:  Solving for Uz, Initial residual = 7.5555913e-05, Final residual = 6.0003162e-07, No Iterations 1
GAMG:  Solving for p, Initial residual = 0.32419658, Final residual = 0.0032364571, No Iterations 289
time step continuity errors : sum local = 4.1775706e-07, global = 4.1288873e-07, cumulative = -2.4242606e-06
DILUPBiCGStab:  Solving for omega, Initial residual = 2.5707871e-05, Final residual = 1.9610127e-08, No Iterations 1
DILUPBiCGStab:  Solving for k, Initial residual = 4.4315456e-05, Final residual = 4.7034551e-08, No Iterations 1
ExecutionTime = 55.34 s  ClockTime = 56 s

forceCoeffs forceCoeffs write:
    Coefficient	Total	Pressure	Viscous	Internal
    Cd:	-19.486046	-21.366321	1.8802749	0
    Cd(f):	6.409994	5.2995145	1.1104795	0
    Cd(r):	-25.89604	-26.665836	0.76979545	0
    Cl:	40.589629	41.081456	-0.49182744	0
    Cl(f):	-120.62846	-121.75538	1.126917	0
    Cl(r):	161.21809	162.83683	-1.6187444	0
    CmPitch:	-140.92327	-142.2961	1.3728307	0
    CmRoll:	16.153017	15.982675	0.17034201	0
    CmYaw:	69.458245	71.016106	-1.5578611	0
    Cs:	28.63954	28.822145	-0.18260531	0
    Cs(f):	83.778015	85.427179	-1.6491637	0
    Cs(r):	-55.138475	-56.605033	1.4665584	0

    writing force and moment coefficient files.

Time = 24

DILUPBiCGStab:  Solving for Ux, Initial residual = 1.8619071e-05, Final residual = 1.4329815e-07, No Iterations 1
DILUPBiCGStab:  Solving for Uy, Initial residual = 0.00077201009, Final residual = 6.2808175e-06, No Iterations 1
DILUPBiCGStab:  Solving for Uz, Initial residual = 7.5889015e-05, Final residual = 7.3424456e-07, No Iterations 1
GAMG:  Solving for p, Initial residual = 0.050457904, Final residual = 0.00050164538, No Iterations 528
time step continuity errors : sum local = 4.0449373e-07, global = 4.0135987e-07, cumulative = -2.0229007e-06
DILUPBiCGStab:  Solving for omega, Initial residual = 2.9842982e-05, Final residual = 2.4100239e-07, No Iterations 1
DILUPBiCGStab:  Solving for k, Initial residual = 3.4000771e-05, Final residual = 7.9376972e-08, No Iterations 1
ExecutionTime = 61.09 s  ClockTime = 62 s

forceCoeffs forceCoeffs write:
    Coefficient	Total	Pressure	Viscous	Internal
    Cd:	21.175979	19.377972	1.798007	0
    Cd(f):	19.017118	18.054799	0.96231819	0
    Cd(r):	2.1588614	1.3231727	0.8356888	0
    Cl:	10.048894	10.432075	-0.38318044	0
    Cl(f):	-44.366635	-45.587313	1.2206774	0
    Cl(r):	54.415529	56.019387	-1.6038578	0
    CmPitch:	-49.391082	-50.80335	1.4122676	0
    CmRoll:	8.4291281	8.3658134	0.063314696	0
    CmYaw:	139.64485	141.30917	-1.6643235	0
    Cs:	9.8467395	9.9831843	-0.13644475	0
    Cs(f):	144.56822	146.30076	-1.7325459	0
    Cs(r):	-134.72148	-136.31758	1.5961011	0

    writing force and moment coefficient files.

Time = 25

DILUPBiCGStab:  Solving for Ux, Initial residual = 2.0566367e-05, Final residual = 1.5730418e-07, No Iterations 1
DILUPBiCGStab:  Solving for Uy, Initial residual = 0.01333694, Final residual = 0.00010600517, No Iterations 1
DILUPBiCGStab:  Solving for Uz, Initial residual = 7.694769e-05, Final residual = 6.7480917e-07, No Iterations 1
GAMG:  Solving for p, Initial residual = 0.046874968, Final residual = 0.00046179184, No Iterations 337
time step continuity errors : sum local = 3.6938429e-07, global = -3.6475525e-07, cumulative = -2.387656e-06
DILUPBiCGStab:  Solving for omega, Initial residual = 3.6251318e-05, Final residual = 2.1907327e-07, No Iterations 1
DILUPBiCGStab:  Solving for k, Initial residual = 2.1899531e-05, Final residual = 8.1126197e-08, No Iterations 1
ExecutionTime = 64.92 s  ClockTime = 65 s

forceCoeffs forceCoeffs write:
    Coefficient	Total	Pressure	Viscous	Internal
    Cd:	80.627722	78.805365	1.8223571	0
    Cd(f):	32.354328	31.43819	0.91613791	0
    Cd(r):	48.273394	47.367175	0.90621922	0
    Cl:	-38.810698	-38.507876	-0.30282185	0
    Cl(f):	75.609969	74.301497	1.3084718	0
    Cl(r):	-114.42067	-112.80937	-1.6112936	0
    CmPitch:	95.015318	93.555435	1.4598827	0
    CmRoll:	-7.959533	-7.9644923	0.004959344	0
    CmYaw:	194.79786	196.69227	-1.8944047	0
    Cs:	-19.63332	-19.523032	-0.11028817	0
    Cs(f):	184.9812	186.93075	-1.9495488	0
    Cs(r):	-204.61452	-206.45378	1.8392606	0

    writing force and moment coefficient files.

Time = 26

DILUPBiCGStab:  Solving for Ux, Initial residual = 2.2713457e-05, Final residual = 1.5274996e-07, No Iterations 1
DILUPBiCGStab:  Solving for Uy, Initial residual = 0.00065560943, Final residual = 4.5261214e-06, No Iterations 1
DILUPBiCGStab:  Solving for Uz, Initial residual = 8.8038495e-05, Final residual = 7.4931079e-07, No Iterations 1
GAMG:  Solving for p, Initial residual = 0.035470333, Final residual = 0.00034879355, No Iterations 244
time step continuity errors : sum local = 2.97042e-07, global = 2.9089297e-07, cumulative = -2.096763e-06
DILUPBiCGStab:  Solving for omega, Initial residual = 2.6337377e-05, Final residual = 2.050384e-07, No Iterations 1
DILUPBiCGStab:  Solving for k, Initial residual = 1.4085386e-05, Final residual = 9.402356e-08, No Iterations 1
ExecutionTime = 67.9 s  ClockTime = 68 s

forceCoeffs forceCoeffs write:
    Coefficient	Total	Pressure	Viscous	Internal
    Cd:	91.387263	89.58794	1.7993233	0
    Cd(f):	43.62608	42.74872	0.87736012	0
    Cd(r):	47.761183	46.83922	0.92196314	0
    Cl:	-46.985295	-46.748822	-0.23647284	0
    Cl(f):	83.057767	81.71151	1.3462572	0
    Cl(r):	-130.04306	-128.46033	-1.5827301	0
    CmPitch:	106.55042	105.08592	1.4644937	0
    CmRoll:	-2.0675516	-2.0452501	-0.022301507	0
    CmYaw:	181.50067	183.23648	-1.7358017	0
    Cs:	-26.036566	-25.95341	-0.083155923	0
    Cs(f):	168.48239	170.25977	-1.7773797	0
    Cs(r):	-194.51896	-196.21318	1.6942238	0

    writing force and moment coefficient files.

Time = 27

DILUPBiCGStab:  Solving for Ux, Initial residual = 2.7608681e-05, Final residual = 1.6222207e-07, No Iterations 1
DILUPBiCGStab:  Solving for Uy, Initial residual = 0.00045784649, Final residual = 2.8226451e-06, No Iterations 1
DILUPBiCGStab:  Solving for Uz, Initial residual = 0.00010049572, Final residual = 6.4187384e-07, No Iterations 1
GAMG:  Solving for p, Initial residual = 0.034600322, Final residual = 0.00034315033, No Iterations 298
time step continuity errors : sum local = 2.6386482e-07, global = 2.5980272e-07, cumulative = -1.8369603e-06
DILUPBiCGStab:  Solving for omega, Initial residual = 1.5959913e-05, Final residual = 2.2597939e-08, No Iterations 1
DILUPBiCGStab:  Solving for k, Initial residual = 1.7949124e-05, Final residual = 1.3886682e-07, No Iterations 1
ExecutionTime = 71.48 s  ClockTime = 72 s

forceCoeffs forceCoeffs write:
    Coefficient	Total	Pressure	Viscous	Internal
    Cd:	75.48848	73.692435	1.796045	0
    Cd(f):	59.244753	58.478631	0.76612182	0
    Cd(r):	16.243727	15.213804	1.0299232	0
    Cl:	-26.29231	-26.085447	-0.20686358	0
    Cl(f):	8.583751	7.0715912	1.5121598	0
    Cl(r):	-34.876061	-33.157038	-1.7190234	0
    CmPitch:	21.729906	20.114315	1.6155916	0
    CmRoll:	21.500513	21.632414	-0.1319007	0
    CmYaw:	131.59852	133.43198	-1.8334585	0
    Cs:	-19.708814	-19.656435	-0.052379543	0
    Cs(f):	121.74412	123.60376	-1.8596483	0
    Cs(r):	-141.45293	-143.2602	1.8072687	0

    writing force and moment coefficient files.

Time = 28

DILUPBiCGStab:  Solving for Ux, Initial residual = 3.3649132e-05, Final residual = 2.2680099e-07, No Iterations 1
DILUPBiCGStab:  Solving for Uy, Initial residual = 0.00036016173, Final residual = 2.5733476e-06, No Iterations 1
DILUPBiCGStab:  Solving for Uz, Initial residual = 0.00011136832, Final residual = 8.2581982e-07, No Iterations 1
GAMG:  Solving for p, Initial residual = 0.18692079, Final residual = 0.0018432176, No Iterations 234
time step continuity errors : sum local = 2.8723541e-07, global = 2.8199707e-07, cumulative = -1.5549632e-06
DILUPBiCGStab:  Solving for omega, Initial residual = 1.0612736e-05, Final residual = 1.9328661e-08, No Iterations 1
DILUPBiCGStab:  Solving for k, Initial residual = 3.3541801e-05, Final residual = 1.9167116e-07, No Iterations 1
ExecutionTime = 74.5 s  ClockTime = 75 s

forceCoeffs forceCoeffs write:
    Coefficient	Total	Pressure	Viscous	Internal
    Cd:	58.025648	56.39546	1.6301878	0
    Cd(f):	73.902504	72.980134	0.9223701	0
    Cd(r):	-15.876856	-16.584674	0.7078177	0
    Cl:	0.26662381	0.26926016	-0.0026363505	0
    Cl(f):	-69.603082	-70.424065	0.8209836	0
    Cl(r):	69.869706	70.693326	-0.82361995	0
    CmPitch:	-69.736394	-70.558695	0.82230178	0
    CmRoll:	44.88968	44.782404	0.1072762	0
    CmYaw:	50.781329	52.212439	-1.4311108	0
    Cs:	-12.33442	-12.391243	0.056822605	0
    Cs(f):	44.614118	46.016818	-1.4026995	0
    Cs(r):	-56.948539	-58.408061	1.4595221	0

    writing force and moment coefficient files.

Time = 29

DILUPBiCGStab:  Solving for Ux, Initial residual = 4.233502e-05, Final residual = 2.459006e-07, No Iterations 1
DILUPBiCGStab:  Solving for Uy, Initial residual = 0.00044694197, Final residual = 2.7711734e-06, No Iterations 1
DILUPBiCGStab:  Solving for Uz, Initial residual = 0.00014503074, Final residual = 9.0085111e-07, No Iterations 1
GAMG:  Solving for p, Initial residual = 0.069850318, Final residual = 0.0006896538, No Iterations 290
time step continuity errors : sum local = 2.8881406e-07, global = 2.8492473e-07, cumulative = -1.2700385e-06
DILUPBiCGStab:  Solving for omega, Initial residual = 1.1073391e-05, Final residual = 1.779325e-08, No Iterations 1
DILUPBiCGStab:  Solving for k, Initial residual = 3.0937975e-05, Final residual = 2.6670708e-07, No Iterations 1
ExecutionTime = 77.92 s  ClockTime = 78 s

forceCoeffs forceCoeffs write:
    Coefficient	Total	Pressure	Viscous	Internal
    Cd:	23.435976	21.654911	1.7810654	0
    Cd(f):	76.508322	75.869316	0.63900657	0
    Cd(r):	-53.072346	-54.214405	1.1420588	0
    Cl:	38.597964	38.629299	-0.031334591	0
    Cl(f):	-166.38376	-167.93445	1.5506889	0
    Cl(r):	204.98172	206.56375	-1.5820235	0
    CmPitch:	-185.68274	-187.2491	1.5663562	0
    CmRoll:	64.790334	65.04186	-0.25152612	0
    CmYaw:	-61.756827	-58.917967	-2.8388599	0
    Cs:	1.4578379	1.4311876	0.02665027	0
    Cs(f):	-61.027908	-58.202373	-2.8255348	0
    Cs(r):	62.485746	59.633561	2.8521851	0

    writing force and moment coefficient files.

Time = 30

DILUPBiCGStab:  Solving for Ux, Initial residual = 4.909165e-05, Final residual = 3.0532656e-07, No Iterations 1
DILUPBiCGStab:  Solving for Uy, Initial residual = 0.00041295885, Final residual = 2.973128e-06, No Iterations 1
DILUPBiCGStab:  Solving for Uz, Initial residual = 0.00015718921, Final residual = 1.2921631e-06, No Iterations 1
GAMG:  Solving for p, Initial residual = 0.2133295, Final residual = 0.0021328286, No Iterations 378
time step continuity errors : sum local = 2.6723741e-07, global = 2.6516459e-07, cumulative = -1.0048739e-06
DILUPBiCGStab:  Solving for omega, Initial residual = 6.9085266e-06, Final residual = 1.6366509e-08, No Iterations 1
DILUPBiCGStab:  Solving for k, Initial residual = 1.8954049e-05, Final residual = 9.1655094e-09, No Iterations 1
ExecutionTime = 82.17 s  ClockTime = 83 s

forceCoeffs forceCoeffs write:
    Coefficient	Total	Pressure	Viscous	Internal
    Cd:	-45.040331	-46.684513	1.6441823	0
    Cd(f):	18.224116	17.515585	0.70853079	0
    Cd(r):	-63.264446	-64.200098	0.93565148	0
    Cl:	68.822396	68.761489	0.060907344	0
    Cl(f):	-216.76629	-217.82459	1.0582977	0
    Cl(r):	285.58869	286.58608	-0.99739036	0
    CmPitch:	-251.17749	-252.20533	1.027844	0
    CmRoll:	40.744281	40.857841	-0.11356035	0
    CmYaw:	-84.448553	-82.259296	-2.1892566	0
    Cs:	34.225956	34.08732	0.13863633	0
    Cs(f):	-67.335575	-65.215637	-2.1199384	0
    Cs(r):	101.56153	99.302956	2.2585747	0

    writing force and moment coefficient files.

Time = 31

DILUPBiCGStab:  Solving for Ux, Initial residual = 5.4478852e-05, Final residual = 3.8511386e-07, No Iterations 1
DILUPBiCGStab:  Solving for Uy, Initial residual = 0.00055845027, Final residual = 4.3019453e-06, No Iterations 1
DILUPBiCGStab:  Solving for Uz, Initial residual = 0.00018908069, Final residual = 1.6548291e-06, No Iterations 1
GAMG:  Solving for p, Initial residual = 0.021200837, Final residual = 0.00021172869, No Iterations 246
time step continuity errors : sum local = 2.3166298e-07, global = 2.2750068e-07, cumulative = -7.773732e-07
DILUPBiCGStab:  Solving for omega, Initial residual = 6.8570566e-06, Final residual = 1.3445587e-08, No Iterations 1
DILUPBiCGStab:  Solving for k, Initial residual = 1.8770327e-05, Final residual = 1.1273918e-07, No Iterations 1
ExecutionTime = 85.28 s  ClockTime = 86 s

forceCoeffs forceCoeffs write:
    Coefficient	Total	Pressure	Viscous	Internal
    Cd:	-71.684954	-73.431138	1.746184	0
    Cd(f):	41.873321	41.211135	0.66218647	0
    Cd(r):	-113.55827	-114.64227	1.0839976	0
    Cl:	94.212253	94.201709	0.010544271	0
    Cl(f):	-317.18284	-318.49149	1.3086507	0
    Cl(r):	411.3951	412.6932	-1.2981064	0
    CmPitch:	-364.28897	-365.59235	1.3033786	0
    CmRoll:	77.715798	77.926703	-0.21090554	0
    CmYaw:	-106.74569	-104.23419	-2.5114996	0
    Cs:	47.255575	47.124792	0.13078299	0
    Cs(f):	-83.117903	-80.671795	-2.4461081	0
    Cs(r):	130.37348	127.79659	2.5768911	0

    writing force and moment coefficient files.

Time = 32

DILUPBiCGStab:  Solving for Ux, Initial residual = 4.8909246e-05, Final residual = 3.7442329e-07, No Iterations 1
DILUPBiCGStab:  Solving for Uy, Initial residual = 0.00077704305, Final residual = 6.8448572e-06, No Iterations 1
DILUPBiCGStab:  Solving for Uz, Initial residual = 0.00017669409, Final residual = 2.1182895e-07, No Iterations 2
GAMG:  Solving for p, Initial residual = 0.078255649, Final residual = 0.0007792927, No Iterations 267
time step continuity errors : sum local = 2.0732597e-07, global = -2.0377847e-07, cumulative = -9.8115168e-07
DILUPBiCGStab:  Solving for omega, Initial residual = 5.9057302e-06, Final residual = 1.3457084e-08, No Iterations 1
DILUPBiCGStab:  Solving for k, Initial residual = 1.497606e-05, Final residual = 8.558946e-09, No Iterations 1
ExecutionTime = 88.76 s  ClockTime = 89 s

forceCoeffs forceCoeffs write:
    Coefficient	Total	Pressure	Viscous	Internal
    Cd:	-76.336736	-78.251693	1.9149572	0
    Cd(f):	2.9853985	2.4174751	0.56792334	0
    Cd(r):	-79.322135	-80.669168	1.3470338	0
    Cl:	80.15199	80.250271	-0.098280017	0
    Cl(f):	-245.73336	-247.53322	1.7998642	0
    Cl(r):	325.88535	327.78349	-1.8981442	0
    CmPitch:	-285.80935	-287.65836	1.8490042	0
    CmRoll:	41.153767	41.543322	-0.38955524	0
    CmYaw:	-59.557763	-56.694068	-2.8636946	0
    Cs:	53.218812	53.115926	0.10288527	0
    Cs(f):	-32.948357	-30.136105	-2.812252	0
    Cs(r):	86.167169	83.252032	2.9151373	0

    writing force and moment coefficient files.

Time = 33

DILUPBiCGStab:  Solving for Ux, Initial residual = 4.8141786e-05, Final residual = 4.1134516e-07, No Iterations 1
DILUPBiCGStab:  Solving for Uy, Initial residual = 0.00066983341, Final residual = 8.4711895e-07, No Iterations 2
DILUPBiCGStab:  Solving for Uz, Initial residual = 0.00015246277, Final residual = 3.37485e-07, No Iterations 2
GAMG:  Solving for p, Initial residual = 0.0094050739, Final residual = 9.3170642e-05, No Iterations 195
time step continuity errors : sum local = 1.9346721e-07, global = -1.9033385e-07, cumulative = -1.1714855e-06
DILUPBiCGStab:  Solving for omega, Initial residual = 4.733698e-06, Final residual = 1.4473238e-08, No Iterations 1
DILUPBiCGStab:  Solving for k, Initial residual = 1.3260481e-05, Final residual = 7.3432557e-09, No Iterations 1
ExecutionTime = 91.43 s  ClockTime = 92 s

forceCoeffs forceCoeffs write:
    Coefficient	Total	Pressure	Viscous	Internal
    Cd:	-61.524568	-63.521392	1.9968242	0
    Cd(f):	42.857286	42.091542	0.76574391	0
    Cd(r):	-104.38185	-105.61293	1.2310803	0
    Cl:	82.073309	82.159435	-0.086126134	0
    Cl(f):	-289.54071	-291.11726	1.5765502	0
    Cl(r):	371.61402	373.27669	-1.6626764	0
    CmPitch:	-330.57736	-332.19698	1.6196133	0
    CmRoll:	73.61957	73.852239	-0.23266819	0
    CmYaw:	-41.75917	-39.069619	-2.6895507	0
    Cs:	46.934223	46.832761	0.10146185	0
    Cs(f):	-18.292059	-15.653239	-2.6388197	0
    Cs(r):	65.226281	62.486	2.7402816	0

    writing force and moment coefficient files.

Time = 34

DILUPBiCGStab:  Solving for Ux, Initial residual = 5.745427e-05, Final residual = 5.5536409e-07, No Iterations 1
DILUPBiCGStab:  Solving for Uy, Initial residual = 0.00058552534, Final residual = 7.9203591e-07, No Iterations 2
DILUPBiCGStab:  Solving for Uz, Initial residual = 0.00016474124, Final residual = 2.3516564e-07, No Iterations 2
GAMG:  Solving for p, Initial residual = 0.015210593, Final residual = 0.00015076956, No Iterations 348
time step continuity errors : sum local = 2.0198828e-07, global = 1.9978905e-07, cumulative = -9.7169648e-07
DILUPBiCGStab:  Solving for omega, Initial residual = 3.9424928e-06, Final residual = 1.4483138e-08, No Iterations 1
DILUPBiCGStab:  Solving for k, Initial residual = 1.9855586e-05, Final residual = 1.2418991e-08, No Iterations 1
ExecutionTime = 95.85 s  ClockTime = 96 s

forceCoeffs forceCoeffs write:
    Coefficient	Total	Pressure	Viscous	Internal
    Cd:	-12.782554	-14.935474	2.1529205	0
    Cd(f):	56.725329	56.055384	0.66994492	0
    Cd(r):	-69.507883	-70.990858	1.4829755	0
    Cl:	54.842013	54.982872	-0.1408595	0
    Cl(f):	-207.46461	-209.47913	2.0145189	0
    Cl(r):	262.30662	264.462	-2.1553784	0
    CmPitch:	-234.88562	-236.97057	2.0849487	0
    CmRoll:	63.116606	63.523121	-0.40651531	0
    CmYaw:	36.452541	39.694127	-3.2415865	0
    Cs:	24.505087	24.414875	0.090212124	0
    Cs(f):	48.705085	51.901565	-3.1964804	0
    Cs(r):	-24.199997	-27.48669	3.2866926	0

    writing force and moment coefficient files.

Time = 35

DILUPBiCGStab:  Solving for Ux, Initial residual = 8.3313335e-05, Final residual = 1.0862665e-07, No Iterations 2
DILUPBiCGStab:  Solving for Uy, Initial residual = 0.00067245911, Final residual = 9.172557e-07, No Iterations 2
DILUPBiCGStab:  Solving for Uz, Initial residual = 0.00019442004, Final residual = 3.2357109e-07, No Iterations 2
GAMG:  Solving for p, Initial residual = 0.019096997, Final residual = 0.00019039193, No Iterations 316
time step continuity errors : sum local = 2.1187314e-07, global = 2.0971696e-07, cumulative = -7.6197952e-07
DILUPBiCGStab:  Solving for omega, Initial residual = 4.3532243e-06, Final residual = 1.3663643e-08, No Iterations 1
DILUPBiCGStab:  Solving for k, Initial residual = 4.2182103e-05, Final residual = 2.657388e-07, No Iterations 1
ExecutionTime = 100.03 s  ClockTime = 101 s

forceCoeffs forceCoeffs write:
    Coefficient	Total	Pressure	Viscous	Internal
    Cd:	175.25537	173.00342	2.2519441	0
    Cd(f):	154.63421	153.95204	0.68217089	0
    Cd(r):	20.621159	19.051386	1.5697732	0
    Cl:	-11.982244	-11.804184	-0.17805937	0
    Cl(f):	34.344521	32.207218	2.1373029	0
    Cl(r):	-46.326764	-44.011402	-2.3153623	0
    CmPitch:	40.335643	38.10931	2.2263326	0
    CmRoll:	67.006525	67.450326	-0.44380114	0
    CmYaw:	107.65519	110.75702	-3.1018239	0
    Cs:	-72.228329	-72.332885	0.10455645	0
    Cs(f):	71.541028	74.590573	-3.0495457	0
    Cs(r):	-143.76936	-146.92346	3.1541022	0

    writing force and moment coefficient files.

Time = 36

DILUPBiCGStab:  Solving for Ux, Initial residual = 9.6089864e-05, Final residual = 1.5167217e-07, No Iterations 2
DILUPBiCGStab:  Solving for Uy, Initial residual = 0.0006800882, Final residual = 6.7890933e-06, No Iterations 1
DILUPBiCGStab:  Solving for Uz, Initial residual = 0.00022601147, Final residual = 2.2446097e-06, No Iterations 2
GAMG:  Solving for p, Initial residual = 0.0029143051, Final residual = 2.8737853e-05, No Iterations 248
time step continuity errors : sum local = 1.9961014e-07, global = 1.978243e-07, cumulative = -5.6415522e-07
DILUPBiCGStab:  Solving for omega, Initial residual = 5.5572454e-06, Final residual = 1.2577441e-08, No Iterations 1
DILUPBiCGStab:  Solving for k, Initial residual = 3.5952369e-05, Final residual = 1.5504813e-08, No Iterations 1
ExecutionTime = 103.54 s  ClockTime = 104 s

forceCoeffs forceCoeffs write:
    Coefficient	Total	Pressure	Viscous	Internal
    Cd:	317.87682	315.43145	2.4453674	0
    Cd(f):	463.0861	462.40072	0.68538943	0
    Cd(r):	-145.20928	-146.96926	1.759978	0
    Cl:	15.766354	15.989233	-0.22287876	0
    Cl(f):	-206.36386	-208.80849	2.4446279	0
    Cl(r):	222.13021	224.79772	-2.6675067	0
    CmPitch:	-214.24704	-216.8031	2.5560673	0
    CmRoll:	304.14769	304.68499	-0.53729429	0
    CmYaw:	-216.37913	-212.75056	-3.6285735	0
    Cs:	-159.561	-159.63573	0.074725644	0
    Cs(f):	-296.15963	-292.56842	-3.5912107	0
    Cs(r):	136.59863	132.9327	3.6659363	0

    writing force and moment coefficient files.

Time = 37

DILUPBiCGStab:  Solving for Ux, Initial residual = 8.9517523e-05, Final residual = 7.2653765e-07, No Iterations 1
DILUPBiCGStab:  Solving for Uy, Initial residual = 0.00056275953, Final residual = 4.8723885e-06, No Iterations 1
DILUPBiCGStab:  Solving for Uz, Initial residual = 0.00022126509, Final residual = 5.1001481e-07, No Iterations 2
GAMG:  Solving for p, Initial residual = 0.0038716915, Final residual = 3.8674445e-05, No Iterations 357
time step continuity errors : sum local = 1.8141581e-07, global = -1.8023146e-07, cumulative = -7.4438669e-07
DILUPBiCGStab:  Solving for omega, Initial residual = 5.0142969e-06, Final residual = 1.4249782e-08, No Iterations 1
DILUPBiCGStab:  Solving for k, Initial residual = 2.674735e-05, Final residual = 2.809888e-08, No Iterations 1
ExecutionTime = 107.99 s  ClockTime = 109 s

forceCoeffs forceCoeffs write:
    Coefficient	Total	Pressure	Viscous	Internal
    Cd:	332.80471	330.64018	2.1645308	0
    Cd(f):	657.1205	655.66989	1.4506048	0
    Cd(r):	-324.31578	-325.02971	0.71392603	0
    Cl:	69.429223	69.327804	0.10141826	0
    Cl(f):	-529.37303	-529.79606	0.42302964	0
    Cl(r):	598.80225	599.12386	-0.32161137	0
    CmPitch:	-564.08764	-564.45996	0.37232051	0
    CmRoll:	490.71814	490.3498	0.36833938	0
    CmYaw:	-431.62194	-430.09623	-1.5257093	0
    Cs:	-174.98487	-175.21951	0.2346471	0
    Cs(f):	-519.11437	-517.70599	-1.4083857	0
    Cs(r):	344.1295	342.48647	1.6430328	0

    writing force and moment coefficient files.

Time = 38

DILUPBiCGStab:  Solving for Ux, Initial residual = 0.00010495089, Final residual = 3.0344207e-07, No Iterations 2
DILUPBiCGStab:  Solving for Uy, Initial residual = 0.0007494599, Final residual = 2.3330758e-06, No Iterations 2
DILUPBiCGStab:  Solving for Uz, Initial residual = 0.00025572619, Final residual = 9.7445273e-07, No Iterations 2
GAMG:  Solving for p, Initial residual = 0.059299117, Final residual = 0.00058865395, No Iterations 439
time step continuity errors : sum local = 1.7733232e-07, global = -1.761412e-07, cumulative = -9.2052789e-07
DILUPBiCGStab:  Solving for omega, Initial residual = 4.0762192e-06, Final residual = 1.4502987e-08, No Iterations 1
DILUPBiCGStab:  Solving for k, Initial residual = 2.316942e-05, Final residual = 3.8461832e-08, No Iterations 1
ExecutionTime = 113.46 s  ClockTime = 114 s

forceCoeffs forceCoeffs write:
    Coefficient	Total	Pressure	Viscous	Internal
    Cd:	248.95385	246.53161	2.4222403	0
    Cd(f):	463.60986	462.66749	0.94237498	0
    Cd(r):	-214.65601	-216.13588	1.4798653	0
    Cl:	42.557954	42.660516	-0.10256181	0
    Cl(f):	-369.21264	-371.0411	1.8284557	0
    Cl(r):	411.77059	413.70161	-1.9310175	0
    CmPitch:	-390.49162	-392.37135	1.8797366	0
    CmRoll:	339.13294	339.40168	-0.26874517	0
    CmYaw:	-353.85997	-351.22549	-2.6344757	0
    Cs:	-123.97758	-124.14641	0.16883296	0
    Cs(f):	-415.84875	-413.2987	-2.5500593	0
    Cs(r):	291.87118	289.15229	2.7188922	0

    writing force and moment coefficient files.

Time = 39

DILUPBiCGStab:  Solving for Ux, Initial residual = 0.00010861698, Final residual = 2.9658446e-07, No Iterations 2
DILUPBiCGStab:  Solving for Uy, Initial residual = 0.00086014919, Final residual = 2.6973815e-06, No Iterations 2
DILUPBiCGStab:  Solving for Uz, Initial residual = 0.00024295855, Final residual = 7.4797797e-07, No Iterations 2
GAMG:  Solving for p, Initial residual = 0.0015152601, Final residual = 1.4968821e-05, No Iterations 439
time step continuity errors : sum local = 1.9676004e-07, global = -1.9545925e-07, cumulative = -1.1159871e-06
DILUPBiCGStab:  Solving for omega, Initial residual = 3.2052281e-06, Final residual = 1.2871896e-08, No Iterations 1
DILUPBiCGStab:  Solving for k, Initial residual = 2.7703152e-05, Final residual = 3.5278185e-08, No Iterations 1
ExecutionTime = 118.87 s  ClockTime = 120 s

forceCoeffs forceCoeffs write:
    Coefficient	Total	Pressure	Viscous	Internal
    Cd:	154.85287	152.28771	2.5651588	0
    Cd(f):	132.93743	132.18129	0.75613422	0
    Cd(r):	21.915447	20.106422	1.8090246	0
    Cl:	-21.899355	-21.723299	-0.17605642	0
    Cl(f):	13.689493	11.276104	2.4133887	0
    Cl(r):	-35.588848	-32.999403	-2.5894451	0
    CmPitch:	24.639171	22.137754	2.5014169	0
    CmRoll:	55.51099	56.037435	-0.5264452	0
    CmYaw:	-270.06969	-266.9443	-3.125389	0
    Cs:	-61.435092	-61.585555	0.15046257	0
    Cs(f):	-300.78723	-297.73707	-3.0501577	0
    Cs(r):	239.35214	236.15152	3.2006202	0

    writing force and moment coefficient files.

Time = 40

DILUPBiCGStab:  Solving for Ux, Initial residual = 0.0001148792, Final residual = 6.1510289e-07, No Iterations 2
DILUPBiCGStab:  Solving for Uy, Initial residual = 0.00097896281, Final residual = 4.660463e-06, No Iterations 2
DILUPBiCGStab:  Solving for Uz, Initial residual = 0.00022436228, Final residual = 7.0743661e-07, No Iterations 2
GAMG:  Solving for p, Initial residual = 0.00088260825, Final residual = 8.7720636e-06, No Iterations 472
time step continuity errors : sum local = 1.9333545e-07, global = -1.9181184e-07, cumulative = -1.307799e-06
DILUPBiCGStab:  Solving for omega, Initial residual = 4.035133e-06, Final residual = 1.333325e-08, No Iterations 1
DILUPBiCGStab:  Solving for k, Initial residual = 4.5710634e-05, Final residual = 4.4222206e-08, No Iterations 1
ExecutionTime = 124.23 s  ClockTime = 125 s

forceCoeffs forceCoeffs write:
    Coefficient	Total	Pressure	Viscous	Internal
    Cd:	7.7238597	5.3080648	2.4157949	0
    Cd(f):	-424.4753	-425.03337	0.55807384	0
    Cd(r):	432.19916	430.34144	1.8577211	0
    Cl:	-139.12276	-138.94578	-0.17698936	0
    Cl(f):	704.08902	701.67507	2.413956	0
    Cl(r):	-843.21179	-840.62084	-2.5909454	0
    CmPitch:	773.65041	771.14796	2.5024507	0
    CmRoll:	-428.33723	-427.68741	-0.64982363	0
    CmYaw:	234.3659	236.10914	-1.7432445	0
    Cs:	34.161758	33.886276	0.27548137	0
    Cs(f):	251.44677	253.05228	-1.6055038	0
    Cs(r):	-217.28502	-219.166	1.8809852	0

    writing force and moment coefficient files.

Time = 41

DILUPBiCGStab:  Solving for Ux, Initial residual = 0.0001169299, Final residual = 1.8241415e-07, No Iterations 2
DILUPBiCGStab:  Solving for Uy, Initial residual = 0.00095395316, Final residual = 1.5354622e-06, No Iterations 2
DILUPBiCGStab:  Solving for Uz, Initial residual = 0.00022527715, Final residual = 4.1278714e-07, No Iterations 2
GAMG:  Solving for p, Initial residual = 0.00045923498, Final residual = 4.5619561e-06, No Iterations 449
time step continuity errors : sum local = 1.7026738e-07, global = 1.6919264e-07, cumulative = -1.1386063e-06
DILUPBiCGStab:  Solving for omega, Initial residual = 8.4162352e-06, Final residual = 1.5990865e-08, No Iterations 1
DILUPBiCGStab:  Solving for k, Initial residual = 4.3983827e-05, Final residual = 5.9572386e-08, No Iterations 1
ExecutionTime = 129.33 s  ClockTime = 130 s

forceCoeffs forceCoeffs write:
    Coefficient	Total	Pressure	Viscous	Internal
    Cd:	-108.21992	-111.46554	3.2456153	0
    Cd(f):	-442.66469	-443.15883	0.49413907	0
    Cd(r):	334.44477	331.69329	2.7514762	0
    Cl:	-76.925346	-76.544311	-0.38103514	0
    Cl(f):	474.21908	470.06026	4.1588224	0
    Cl(r):	-551.14443	-546.60457	-4.5398575	0
    CmPitch:	512.68175	508.33241	4.34934	0
    CmRoll:	-388.55473	-387.42606	-1.1286686	0
    CmYaw:	177.76874	184.30083	-6.5320881	0
    Cs:	91.105591	91.186464	-0.08087268	0
    Cs(f):	223.32154	229.89406	-6.5725244	0
    Cs(r):	-132.21595	-138.7076	6.4916517	0

    writing force and moment coefficient files.

Time = 42

DILUPBiCGStab:  Solving for Ux, Initial residual = 0.00017436605, Final residual = 1.4758103e-06, No Iterations 1
DILUPBiCGStab:  Solving for Uy, Initial residual = 0.00098253199, Final residual = 8.8107687e-06, No Iterations 1
DILUPBiCGStab:  Solving for Uz, Initial residual = 0.00028869602, Final residual = 5.4152009e-07, No Iterations 2
GAMG:  Solving for p, Initial residual = 0.00060721702, Final residual = 6.0565965e-06, No Iterations 511
time step continuity errors : sum local = 1.4771662e-07, global = 1.4687866e-07, cumulative = -9.9172767e-07
DILUPBiCGStab:  Solving for omega, Initial residual = 7.7012648e-06, Final residual = 1.8115549e-08, No Iterations 1
DILUPBiCGStab:  Solving for k, Initial residual = 4.5239606e-05, Final residual = 9.3017123e-08, No Iterations 1
ExecutionTime = 135.3 s  ClockTime = 136 s

forceCoeffs forceCoeffs write:
    Coefficient	Total	Pressure	Viscous	Internal
    Cd:	-225.1559	-226.20947	1.0535681	0
    Cd(f):	-420.06754	-424.23466	4.1671286	0
    Cd(r):	194.91164	198.0252	-3.1135605	0
    Cl:	-0.023050138	-1.3295034	1.3064533	0
    Cl(f):	171.94017	178.85757	-6.917404	0
    Cl(r):	-171.96322	-180.18708	8.2238573	0
    CmPitch:	171.9517	179.52233	-7.5706307	0
    CmRoll:	-307.48959	-311.12993	3.6403445	0
    CmYaw:	231.65114	224.80286	6.8482798	0
    Cs:	145.28924	144.37706	0.91218093	0
    Cs(f):	304.29576	296.99139	7.3043702	0
    Cs(r):	-159.00652	-152.61433	-6.3921893	0

    writing force and moment coefficient files.

Time = 43

DILUPBiCGStab:  Solving for Ux, Initial residual = 0.00023025689, Final residual = 3.750343e-07, No Iterations 2
DILUPBiCGStab:  Solving for Uy, Initial residual = 0.0013322743, Final residual = 2.3027968e-06, No Iterations 2
DILUPBiCGStab:  Solving for Uz, Initial residual = 0.00038104602, Final residual = 6.8502431e-07, No Iterations 2
GAMG:  Solving for p, Initial residual = 0.0008376305, Final residual = 8.3169857e-06, No Iterations 495
time step continuity errors : sum local = 1.4134114e-07, global = 1.4051206e-07, cumulative = -8.5121561e-07
DILUPBiCGStab:  Solving for omega, Initial residual = 1.7046517e-05, Final residual = 1.6541662e-08, No Iterations 1
DILUPBiCGStab:  Solving for k, Initial residual = 7.6080469e-05, Final residual = 8.8231879e-08, No Iterations 1
ExecutionTime = 141.29 s  ClockTime = 142 s

forceCoeffs forceCoeffs write:
    Coefficient	Total	Pressure	Viscous	Internal
    Cd:	-180.95398	-185.16571	4.2117243	0
    Cd(f):	138.12983	139.39619	-1.2663554	0
    Cd(r):	-319.08382	-324.5619	5.4780798	0
    Cl:	181.77351	182.91158	-1.1380661	0
    Cl(f):	-757.54174	-766.75949	9.2177432	0
    Cl(r):	939.31526	949.67107	-10.355809	0
    CmPitch:	-848.4285	-858.21528	9.7867762	0
    CmRoll:	228.60682	231.97904	-3.3722176	0
    CmYaw:	-329.41786	-318.0326	-11.385263	0
    Cs:	101.5632	101.95936	-0.39616191	0
    Cs(f):	-278.63627	-267.05292	-11.583344	0
    Cs(r):	380.19946	369.01228	11.187182	0

    writing force and moment coefficient files.

Time = 44

DILUPBiCGStab:  Solving for Ux, Initial residual = 0.00050756555, Final residual = 1.3533923e-06, No Iterations 2
DILUPBiCGStab:  Solving for Uy, Initial residual = 0.0022716323, Final residual = 7.3313855e-06, No Iterations 2
DILUPBiCGStab:  Solving for Uz, Initial residual = 0.00075628996, Final residual = 4.1192934e-06, No Iterations 2
GAMG:  Solving for p, Initial residual = 0.00082626128, Final residual = 8.1620967e-06, No Iterations 425
time step continuity errors : sum local = 1.4323598e-07, global = -1.4227999e-07, cumulative = -9.934956e-07
DILUPBiCGStab:  Solving for omega, Initial residual = 1.7176382e-05, Final residual = 1.7474677e-08, No Iterations 1
DILUPBiCGStab:  Solving for k, Initial residual = 5.731563e-05, Final residual = 1.0269257e-07, No Iterations 1
ExecutionTime = 146.32 s  ClockTime = 147 s

forceCoeffs forceCoeffs write:
    Coefficient	Total	Pressure	Viscous	Internal
    Cd:	-56.605594	-62.84057	6.2349763	0
    Cd(f):	939.95785	943.31804	-3.3601901	0
    Cd(r):	-996.56345	-1006.1586	9.5951664	0
    Cl:	401.11073	403.38823	-2.2775073	0
    Cl(f):	-1953.7862	-1970.8229	17.036707	0
    Cl(r):	2354.8969	2374.2111	-19.314214	0
    CmPitch:	-2154.3415	-2172.517	18.175461	0
    CmRoll:	968.26065	974.73833	-6.4776783	0
    CmYaw:	-1095.1444	-1071.9226	-23.221794	0
    Cs:	10.435704	11.700965	-1.2652608	0
    Cs(f):	-1089.9265	-1066.0721	-23.854425	0
    Cs(r):	1100.3622	1077.773	22.589164	0

    writing force and moment coefficient files.

Time = 45

DILUPBiCGStab:  Solving for Ux, Initial residual = 0.00049481181, Final residual = 1.3680695e-06, No Iterations 2
DILUPBiCGStab:  Solving for Uy, Initial residual = 0.0020094091, Final residual = 5.5476546e-06, No Iterations 2
DILUPBiCGStab:  Solving for Uz, Initial residual = 0.00068987253, Final residual = 1.7510047e-06, No Iterations 2
GAMG:  Solving for p, Initial residual = 0.00036795988, Final residual = 3.6324032e-06, No Iterations 385
time step continuity errors : sum local = 1.6830924e-07, global = -1.674816e-07, cumulative = -1.1609772e-06
DILUPBiCGStab:  Solving for omega, Initial residual = 1.1569282e-05, Final residual = 2.1730349e-08, No Iterations 1
DILUPBiCGStab:  Solving for k, Initial residual = 4.9327005e-05, Final residual = 1.1248721e-07, No Iterations 1
ExecutionTime = 150.82 s  ClockTime = 152 s

forceCoeffs forceCoeffs write:
    Coefficient	Total	Pressure	Viscous	Internal
    Cd:	-176.91123	-182.39861	5.4873831	0
    Cd(f):	-792.28113	-790.82428	-1.4568528	0
    Cd(r):	615.3699	608.42567	6.944236	0
    Cl:	-114.7513	-113.25229	-1.4990105	0
    Cl(f):	944.23483	932.197	12.037824	0
    Cl(r):	-1058.9861	-1045.4493	-13.536835	0
    CmPitch:	1001.6105	988.82315	12.787329	0
    CmRoll:	-703.82552	-699.62497	-4.2005444	0
    CmYaw:	369.19396	387.76561	-18.571644	0
    Cs:	131.81692	132.73712	-0.92020508	0
    Cs(f):	435.10242	454.13417	-19.031747	0
    Cs(r):	-303.2855	-321.39705	18.111542	0

    writing force and moment coefficient files.

Time = 46

DILUPBiCGStab:  Solving for Ux, Initial residual = 0.00045552331, Final residual = 1.1307647e-06, No Iterations 2
DILUPBiCGStab:  Solving for Uy, Initial residual = 0.0015022105, Final residual = 3.9345237e-06, No Iterations 2
DILUPBiCGStab:  Solving for Uz, Initial residual = 0.00057436399, Final residual = 1.4128766e-06, No Iterations 2
GAMG:  Solving for p, Initial residual = 0.0013461484, Final residual = 1.3360702e-05, No Iterations 465
time step continuity errors : sum local = 1.7386287e-07, global = 1.7251413e-07, cumulative = -9.8846307e-07
DILUPBiCGStab:  Solving for omega, Initial residual = 8.8119875e-06, Final residual = 2.4581176e-08, No Iterations 1
DILUPBiCGStab:  Solving for k, Initial residual = 4.9295597e-05, Final residual = 1.6374847e-07, No Iterations 1
ExecutionTime = 156.01 s  ClockTime = 157 s

forceCoeffs forceCoeffs write:
    Coefficient	Total	Pressure	Viscous	Internal
    Cd:	-35.18803	-40.623549	5.4355186	0
    Cd(f):	-994.17728	-993.32036	-0.85691292	0
    Cd(r):	958.98925	952.69681	6.2924315	0
    Cl:	-265.94433	-264.64698	-1.2973484	0
    Cl(f):	1641.6668	1630.8652	10.801589	0
    Cl(r):	-1907.6111	-1895.5122	-12.098938	0
    CmPitch:	1774.6389	1763.1887	11.450264	0
    CmRoll:	-976.58326	-973.00859	-3.5746722	0
    CmYaw:	566.77409	584.72873	-17.954644	0
    Cs:	67.902868	68.76329	-0.86042194	0
    Cs(f):	600.72552	619.11037	-18.384855	0
    Cs(r):	-532.82265	-550.34708	17.524433	0

    writing force and moment coefficient files.

Time = 47

DILUPBiCGStab:  Solving for Ux, Initial residual = 0.00042034815, Final residual = 1.1247828e-06, No Iterations 2
DILUPBiCGStab:  Solving for Uy, Initial residual = 0.0012624046, Final residual = 3.4740013e-06, No Iterations 2
DILUPBiCGStab:  Solving for Uz, Initial residual = 0.000529368, Final residual = 4.3654443e-06, No Iterations 2
GAMG:  Solving for p, Initial residual = 0.0049654628, Final residual = 4.9536831e-05, No Iterations 411
time step continuity errors : sum local = 1.6762277e-07, global = 1.6614241e-07, cumulative = -8.2232066e-07
DILUPBiCGStab:  Solving for omega, Initial residual = 5.9943832e-06, Final residual = 1.9591042e-08, No Iterations 1
DILUPBiCGStab:  Solving for k, Initial residual = 3.8285473e-05, Final residual = 6.4832427e-08, No Iterations 1
ExecutionTime = 160.73 s  ClockTime = 162 s

forceCoeffs forceCoeffs write:
    Coefficient	Total	Pressure	Viscous	Internal
    Cd:	427.29774	422.31324	4.9845032	0
    Cd(f):	-581.4988	-582.05081	0.55201117	0
    Cd(r):	1008.7965	1004.364	4.432492	0
    Cl:	-399.09614	-398.34706	-0.74907794	0
    Cl(f):	1953.6852	1946.3905	7.2946463	0
    Cl(r):	-2352.7813	-2344.7376	-8.0437242	0
    CmPitch:	2153.2332	2145.564	7.6691852	0
    CmRoll:	-795.14767	-793.20743	-1.9402404	0
    CmYaw:	577.27157	592.28585	-15.014276	0
    Cs:	-178.83277	-178.19586	-0.63690236	0
    Cs(f):	487.85519	503.18792	-15.332728	0
    Cs(r):	-666.68796	-681.38378	14.695825	0

    writing force and moment coefficient files.

Time = 48

DILUPBiCGStab:  Solving for Ux, Initial residual = 0.0002797798, Final residual = 4.6222865e-07, No Iterations 2
DILUPBiCGStab:  Solving for Uy, Initial residual = 0.00068584615, Final residual = 5.2151162e-06, No Iterations 2
DILUPBiCGStab:  Solving for Uz, Initial residual = 0.00042020089, Final residual = 1.3390265e-06, No Iterations 2
GAMG:  Solving for p, Initial residual = 0.0040545614, Final residual = 4.017166e-05, No Iterations 355
time step continuity errors : sum local = 1.5513936e-07, global = -1.5372537e-07, cumulative = -9.7604603e-07
DILUPBiCGStab:  Solving for omega, Initial residual = 5.2366497e-06, Final residual = 2.4761579e-08, No Iterations 1
DILUPBiCGStab:  Solving for k, Initial residual = 4.2990287e-05, Final residual = 8.2311996e-08, No Iterations 1
ExecutionTime = 165.14 s  ClockTime = 166 s

forceCoeffs forceCoeffs write:
    Coefficient	Total	Pressure	Viscous	Internal
    Cd:	599.55231	594.84638	4.7059343	0
    Cd(f):	-959.08347	-959.7314	0.6479212	0
    Cd(r):	1558.6358	1554.5778	4.0580131	0
    Cl:	-640.02388	-639.37294	-0.65094279	0
    Cl(f):	3055.3958	3048.8742	6.521585	0
    Cl(r):	-3695.4196	-3688.2471	-7.1725278	0
    CmPitch:	3375.4077	3368.5606	6.8470564	0
    CmRoll:	-1258.8596	-1257.1546	-1.7050459	0
    CmYaw:	1132.7239	1145.5889	-12.865022	0
    Cs:	-256.07166	-255.61726	-0.4543985	0
    Cs(f):	1004.6881	1017.7803	-13.092221	0
    Cs(r):	-1260.7597	-1273.3975	12.637823	0

    writing force and moment coefficient files.

Time = 49

DILUPBiCGStab:  Solving for Ux, Initial residual = 0.00019426178, Final residual = 1.7562301e-06, No Iterations 2
DILUPBiCGStab:  Solving for Uy, Initial residual = 0.00047883378, Final residual = 6.9922037e-07, No Iterations 2
DILUPBiCGStab:  Solving for Uz, Initial residual = 0.00034184308, Final residual = 1.9281133e-06, No Iterations 2
GAMG:  Solving for p, Initial residual = 0.0004314201, Final residual = 4.3107075e-06, No Iterations 317
time step continuity errors : sum local = 1.4345098e-07, global = 1.423805e-07, cumulative = -8.3366552e-07
DILUPBiCGStab:  Solving for omega, Initial residual = 4.1247359e-06, Final residual = 2.6852117e-08, No Iterations 1
DILUPBiCGStab:  Solving for k, Initial residual = 3.7004984e-05, Final residual = 8.6799441e-08, No Iterations 1
ExecutionTime = 169.03 s  ClockTime = 170 s

forceCoeffs forceCoeffs write:
    Coefficient	Total	Pressure	Viscous	Internal
    Cd:	535.86218	531.10204	4.7601367	0
    Cd(f):	-1566.4901	-1567.5468	1.0567012	0
    Cd(r):	2102.3523	2098.6489	3.7034356	0
    Cl:	-810.39458	-809.86074	-0.53384373	0
    Cl(f):	4008.3805	4002.5311	5.8494437	0
    Cl(r):	-4818.7751	-4812.3918	-6.3832874	0
    CmPitch:	4413.5778	4407.4614	6.1163655	0
    CmRoll:	-1834.4212	-1833.0978	-1.3233672	0
    CmYaw:	1459.7718	1472.7198	-12.948024	0
    Cs:	-198.90718	-198.45166	-0.45551328	0
    Cs(f):	1360.3182	1373.494	-13.175781	0
    Cs(r):	-1559.2254	-1571.9456	12.720268	0

    writing force and moment coefficient files.

Time = 50

DILUPBiCGStab:  Solving for Ux, Initial residual = 0.00016510071, Final residual = 1.4662226e-06, No Iterations 2
DILUPBiCGStab:  Solving for Uy, Initial residual = 0.0004093173, Final residual = 1.7825317e-06, No Iterations 2
DILUPBiCGStab:  Solving for Uz, Initial residual = 0.00029217462, Final residual = 1.4396009e-06, No Iterations 2
GAMG:  Solving for p, Initial residual = 0.00025967349, Final residual = 2.5816162e-06, No Iterations 357
time step continuity errors : sum local = 1.4053971e-07, global = -1.3974292e-07, cumulative = -9.7340844e-07
DILUPBiCGStab:  Solving for omega, Initial residual = 3.344968e-06, Final residual = 2.1294766e-08, No Iterations 1
DILUPBiCGStab:  Solving for k, Initial residual = 3.4843959e-05, Final residual = 8.2057602e-08, No Iterations 1
ExecutionTime = 173.4 s  ClockTime = 174 s

forceCoeffs forceCoeffs write:
    Coefficient	Total	Pressure	Viscous	Internal
    Cd:	305.42414	300.5169	4.9072409	0
    Cd(f):	-2263.2794	-2263.6798	0.40035047	0
    Cd(r):	2568.7036	2564.1967	4.5068905	0
    Cl:	-924.66237	-923.89229	-0.77008126	0
    Cl(f):	4741.4941	4734.1903	7.3037383	0
    Cl(r):	-5666.1564	-5658.0826	-8.0738196	0
    CmPitch:	5203.8252	5196.1365	7.6887789	0
    CmRoll:	-2415.9915	-2413.9382	-2.05327	0
    CmYaw:	1812.7267	1826.1834	-13.456666	0
    Cs:	-50.683914	-50.207937	-0.47597654	0
    Cs(f):	1787.3848	1801.0794	-13.694654	0
    Cs(r):	-1838.0687	-1851.2874	13.218677	0

    writing force and moment coefficient files.

Time = 51

DILUPBiCGStab:  Solving for Ux, Initial residual = 0.00013631139, Final residual = 5.4055054e-07, No Iterations 2
DILUPBiCGStab:  Solving for Uy, Initial residual = 0.00034891976, Final residual = 4.4125695e-08, No Iterations 3
DILUPBiCGStab:  Solving for Uz, Initial residual = 0.00027425387, Final residual = 2.713981e-06, No Iterations 2
GAMG:  Solving for p, Initial residual = 0.00017688873, Final residual = 1.7636487e-06, No Iterations 267
time step continuity errors : sum local = 1.4792477e-07, global = 1.4681136e-07, cumulative = -8.2659708e-07
DILUPBiCGStab:  Solving for omega, Initial residual = 3.5299561e-06, Final residual = 2.3422076e-08, No Iterations 1
DILUPBiCGStab:  Solving for k, Initial residual = 4.6401832e-05, Final residual = 9.0647764e-08, No Iterations 1
ExecutionTime = 176.76 s  ClockTime = 178 s

forceCoeffs forceCoeffs write:
    Coefficient	Total	Pressure	Viscous	Internal
    Cd:	65.852095	60.889942	4.9621533	0
    Cd(f):	-2845.8395	-2845.7436	-0.095888105	0
    Cd(r):	2911.6916	2906.6335	5.0580414	0
    Cl:	-987.93869	-987.00186	-0.93683234	0
    Cl(f):	5235.6772	5227.3832	8.2939696	0
    Cl(r):	-6223.6159	-6214.3851	-9.230802	0
    CmPitch:	5729.6465	5720.8841	8.7623858	0
    CmRoll:	-2878.7655	-2876.1885	-2.5769647	0
    CmYaw:	1968.8904	1982.3664	-13.475968	0
    Cs:	98.037512	98.500675	-0.46316315	0
    Cs(f):	2017.9091	2031.6167	-13.70755	0
    Cs(r):	-1919.8716	-1933.116	13.244387	0

    writing force and moment coefficient files.

Time = 52

DILUPBiCGStab:  Solving for Ux, Initial residual = 0.00013667681, Final residual = 6.8749294e-07, No Iterations 2
DILUPBiCGStab:  Solving for Uy, Initial residual = 0.00034886838, Final residual = 1.9923887e-06, No Iterations 2
DILUPBiCGStab:  Solving for Uz, Initial residual = 0.00025300848, Final residual = 1.7716187e-06, No Iterations 2
GAMG:  Solving for p, Initial residual = 0.00016908554, Final residual = 1.6689766e-06, No Iterations 307
time step continuity errors : sum local = 1.5700965e-07, global = -1.5609619e-07, cumulative = -9.8269327e-07
DILUPBiCGStab:  Solving for omega, Initial residual = 2.6773253e-06, Final residual = 1.7141095e-08, No Iterations 1
DILUPBiCGStab:  Solving for k, Initial residual = 3.0714188e-05, Final residual = 7.3331842e-08, No Iterations 1
ExecutionTime = 180.38 s  ClockTime = 181 s

forceCoeffs forceCoeffs write:
    Coefficient	Total	Pressure	Viscous	Internal
    Cd:	-115.01685	-119.75289	4.7360434	0
    Cd(f):	-2827.9683	-2827.2019	-0.76642264	0
    Cd(r):	2712.9514	2707.449	5.502466	0
    Cl:	-888.58886	-887.50096	-1.0878969	0
    Cl(f):	4778.1169	4769.0899	9.0270351	0
    Cl(r):	-5666.7058	-5656.5908	-10.114932	0
    CmPitch:	5222.4113	5212.8404	9.5709835	0
    CmRoll:	-2770.4598	-2767.3254	-3.1344443	0
    CmYaw:	1796.555	1808.2887	-11.733693	0
    Cs:	192.44496	192.75516	-0.31020238	0
    Cs(f):	1892.7775	1904.6663	-11.888794	0
    Cs(r):	-1700.3325	-1711.9111	11.578592	0

    writing force and moment coefficient files.

Time = 53

DILUPBiCGStab:  Solving for Ux, Initial residual = 0.00012026874, Final residual = 5.1024311e-07, No Iterations 2
DILUPBiCGStab:  Solving for Uy, Initial residual = 0.00031259795, Final residual = 1.0374535e-06, No Iterations 2
DILUPBiCGStab:  Solving for Uz, Initial residual = 0.00021926466, Final residual = 1.2352413e-06, No Iterations 2
GAMG:  Solving for p, Initial residual = 0.00014827181, Final residual = 1.4667094e-06, No Iterations 335
time step continuity errors : sum local = 1.385488e-07, global = 1.3779063e-07, cumulative = -8.4490264e-07
DILUPBiCGStab:  Solving for omega, Initial residual = 2.6746286e-06, Final residual = 2.2172875e-08, No Iterations 1
DILUPBiCGStab:  Solving for k, Initial residual = 3.5067272e-05, Final residual = 9.2540368e-08, No Iterations 1
ExecutionTime = 184.21 s  ClockTime = 185 s

forceCoeffs forceCoeffs write:
    Coefficient	Total	Pressure	Viscous	Internal
    Cd:	-232.63368	-237.24885	4.6151666	0
    Cd(f):	-2574.3716	-2573.8112	-0.56040572	0
    Cd(r):	2341.7379	2336.5623	5.1755724	0
    Cl:	-736.56243	-735.56583	-0.99659882	0
    Cl(f):	4039.4671	4031.0764	8.3907525	0
    Cl(r):	-4776.0296	-4766.6422	-9.3873513	0
    CmPitch:	4407.7484	4398.8593	8.8890519	0
    CmRoll:	-2458.0548	-2455.1868	-2.867989	0
    CmYaw:	1424.5502	1435.415	-10.864843	0
    Cs:	240.99986	241.24251	-0.24265677	0
    Cs(f):	1545.0501	1556.0363	-10.986171	0
    Cs(r):	-1304.0503	-1314.7938	10.743515	0

    writing force and moment coefficient files.

Time = 54

DILUPBiCGStab:  Solving for Ux, Initial residual = 0.0001301268, Final residual = 4.682873e-07, No Iterations 2
DILUPBiCGStab:  Solving for Uy, Initial residual = 0.00033344852, Final residual = 1.4229632e-06, No Iterations 2
DILUPBiCGStab:  Solving for Uz, Initial residual = 0.00021203565, Final residual = 1.7241357e-06, No Iterations 2
GAMG:  Solving for p, Initial residual = 0.00014977206, Final residual = 1.4843022e-06, No Iterations 338
time step continuity errors : sum local = 1.2577461e-07, global = 1.251554e-07, cumulative = -7.1974724e-07
DILUPBiCGStab:  Solving for omega, Initial residual = 2.1784535e-06, Final residual = 1.3782835e-08, No Iterations 1
DILUPBiCGStab:  Solving for k, Initial residual = 2.6650248e-05, Final residual = 7.0870986e-08, No Iterations 1
ExecutionTime = 188.11 s  ClockTime = 189 s

forceCoeffs forceCoeffs write:
    Coefficient	Total	Pressure	Viscous	Internal
    Cd:	-444.57923	-449.13804	4.55881	0
    Cd(f):	-2487.684	-2487.4235	-0.26042134	0
    Cd(r):	2043.1047	2038.2855	4.8192313	0
    Cl:	-583.56137	-582.66652	-0.89485039	0
    Cl(f):	3407.6167	3399.8969	7.7197081	0
    Cl(r):	-3991.178	-3982.5635	-8.6145585	0
    CmPitch:	3699.3973	3691.2302	8.1671333	0
    CmRoll:	-2265.3943	-2262.8545	-2.5398263	0
    CmYaw:	1254.1724	1264.5879	-10.415525	0
    Cs:	335.48276	335.6941	-0.21134071	0
    Cs(f):	1421.9137	1432.4349	-10.521195	0
    Cs(r):	-1086.431	-1096.7408	10.309854	0

    writing force and moment coefficient files.

Time = 55

DILUPBiCGStab:  Solving for Ux, Initial residual = 0.000128378, Final residual = 8.7294405e-07, No Iterations 2
DILUPBiCGStab:  Solving for Uy, Initial residual = 0.00032892004, Final residual = 1.1910907e-06, No Iterations 2
DILUPBiCGStab:  Solving for Uz, Initial residual = 0.00021490575, Final residual = 1.0040679e-06, No Iterations 2
GAMG:  Solving for p, Initial residual = 0.00015022739, Final residual = 1.4825657e-06, No Iterations 349
time step continuity errors : sum local = 1.1929517e-07, global = -1.1868531e-07, cumulative = -8.3843255e-07
DILUPBiCGStab:  Solving for omega, Initial residual = 1.9705177e-06, Final residual = 1.2506355e-08, No Iterations 1
DILUPBiCGStab:  Solving for k, Initial residual = 2.4014508e-05, Final residual = 7.3703748e-08, No Iterations 1
ExecutionTime = 192.14 s  ClockTime = 193 s

forceCoeffs forceCoeffs write:
    Coefficient	Total	Pressure	Viscous	Internal
    Cd:	-609.57805	-613.90675	4.3286969	0
    Cd(f):	-2332.635	-2332.255	-0.38006119	0
    Cd(r):	1723.057	1718.3482	4.7087581	0
    Cl:	-424.54265	-423.66295	-0.87970202	0
    Cl(f):	2768.7369	2761.2811	7.4557615	0
    Cl(r):	-3193.2795	-3184.9441	-8.3354635	0
    CmPitch:	2981.0082	2973.1126	7.8956125	0
    CmRoll:	-2027.846	-2025.3016	-2.5444097	0
    CmYaw:	1210.0108	1218.7985	-8.7876137	0
    Cs:	403.79329	403.87386	-0.080564112	0
    Cs(f):	1411.9075	1420.7354	-8.8278957	0
    Cs(r):	-1008.1142	-1016.8615	8.7473316	0

    writing force and moment coefficient files.

Time = 56

DILUPBiCGStab:  Solving for Ux, Initial residual = 0.00011122454, Final residual = 2.992708e-07, No Iterations 2
DILUPBiCGStab:  Solving for Uy, Initial residual = 0.00029304035, Final residual = 3.5872671e-08, No Iterations 3
DILUPBiCGStab:  Solving for Uz, Initial residual = 0.00020754066, Final residual = 1.812684e-06, No Iterations 2
GAMG:  Solving for p, Initial residual = 0.00016134804, Final residual = 1.6027185e-06, No Iterations 340
time step continuity errors : sum local = 1.1928811e-07, global = -1.1864434e-07, cumulative = -9.5707689e-07
DILUPBiCGStab:  Solving for omega, Initial residual = 1.6802623e-06, Final residual = 1.0720776e-08, No Iterations 1
DILUPBiCGStab:  Solving for k, Initial residual = 2.0709827e-05, Final residual = 7.086997e-08, No Iterations 1
ExecutionTime = 196.44 s  ClockTime = 197 s

forceCoeffs forceCoeffs write:
    Coefficient	Total	Pressure	Viscous	Internal
    Cd:	-613.51434	-617.75178	4.2374359	0
    Cd(f):	-2187.6511	-2187.665	0.013898526	0
    Cd(r):	1574.1367	1569.9132	4.2235374	0
    Cl:	-358.46246	-357.72079	-0.74167242	0
    Cl(f):	2508.6103	2502.0662	6.544161	0
    Cl(r):	-2867.0728	-2859.787	-7.2858335	0
    CmPitch:	2687.8416	2680.9266	6.9149972	0
    CmRoll:	-1880.8939	-1878.7891	-2.1048194	0
    CmYaw:	1252.5735	1260.725	-8.1514756	0
    Cs:	397.85071	397.88769	-0.036985503	0
    Cs(f):	1451.4989	1459.6688	-8.1699683	0
    Cs(r):	-1053.6482	-1061.7811	8.1329828	0

    writing force and moment coefficient files.

Time = 57

DILUPBiCGStab:  Solving for Ux, Initial residual = 0.00010948749, Final residual = 3.5084748e-07, No Iterations 2
DILUPBiCGStab:  Solving for Uy, Initial residual = 0.00029010101, Final residual = 9.6757227e-07, No Iterations 2
DILUPBiCGStab:  Solving for Uz, Initial residual = 0.00021460615, Final residual = 1.6121209e-06, No Iterations 2
GAMG:  Solving for p, Initial residual = 0.0001751263, Final residual = 1.7303083e-06, No Iterations 309
time step continuity errors : sum local = 1.2246814e-07, global = 1.2178341e-07, cumulative = -8.3529348e-07
DILUPBiCGStab:  Solving for omega, Initial residual = 1.4931373e-06, Final residual = 1.0022913e-08, No Iterations 1
DILUPBiCGStab:  Solving for k, Initial residual = 1.8243397e-05, Final residual = 7.2178944e-08, No Iterations 1
ExecutionTime = 200.18 s  ClockTime = 201 s

forceCoeffs forceCoeffs write:
    Coefficient	Total	Pressure	Viscous	Internal
    Cd:	-534.04864	-538.2223	4.1736589	0
    Cd(f):	-2035.6978	-2036.027	0.32919886	0
    Cd(r):	1501.6491	1497.8047	3.84446	0
    Cl:	-341.27556	-340.64048	-0.63507483	0
    Cl(f):	2420.874	2415.0429	5.8311129	0
    Cl(r):	-2762.1496	-2755.6834	-6.4661877	0
    CmPitch:	2591.5118	2585.3632	6.1486503	0
    CmRoll:	-1768.6734	-1766.9158	-1.7576306	0
    CmYaw:	1340.6171	1348.2879	-7.6707779	0
    Cs:	353.3609	353.36394	-0.0030331525	0
    Cs(f):	1517.2975	1524.9698	-7.6722945	0
    Cs(r):	-1163.9366	-1171.6059	7.6692614	0

    writing force and moment coefficient files.

Time = 58

DILUPBiCGStab:  Solving for Ux, Initial residual = 0.00010811174, Final residual = 4.9964415e-07, No Iterations 2
DILUPBiCGStab:  Solving for Uy, Initial residual = 0.00028059417, Final residual = 1.2179187e-06, No Iterations 2
DILUPBiCGStab:  Solving for Uz, Initial residual = 0.00019886177, Final residual = 7.6476899e-07, No Iterations 2
GAMG:  Solving for p, Initial residual = 0.00019249092, Final residual = 1.9164365e-06, No Iterations 316
time step continuity errors : sum local = 1.2797767e-07, global = -1.2733547e-07, cumulative = -9.6262895e-07
DILUPBiCGStab:  Solving for omega, Initial residual = 1.3515733e-06, Final residual = 1.0339697e-08, No Iterations 1
DILUPBiCGStab:  Solving for k, Initial residual = 1.8074952e-05, Final residual = 8.0641827e-08, No Iterations 1
ExecutionTime = 203.82 s  ClockTime = 205 s

forceCoeffs forceCoeffs write:
    Coefficient	Total	Pressure	Viscous	Internal
    Cd:	-442.90284	-447.05773	4.1548887	0
    Cd(f):	-1920.7825	-1921.4286	0.64608777	0
    Cd(r):	1477.8796	1474.3708	3.508801	0
    Cl:	-349.94581	-349.40745	-0.53836304	0
    Cl(f):	2425.4172	2420.2118	5.2053886	0
    Cl(r):	-2775.363	-2769.6192	-5.7437517	0
    CmPitch:	2600.3901	2594.9155	5.4745701	0
    CmRoll:	-1699.3311	-1697.8997	-1.4313566	0
    CmYaw:	1454.3491	1461.8225	-7.4734466	0
    Cs:	304.67282	304.66415	0.0086761407	0
    Cs(f):	1606.6855	1614.1546	-7.4691085	0
    Cs(r):	-1302.0127	-1309.4904	7.4777846	0

    writing force and moment coefficient files.

Time = 59

DILUPBiCGStab:  Solving for Ux, Initial residual = 0.00010608073, Final residual = 5.6860042e-07, No Iterations 2
DILUPBiCGStab:  Solving for Uy, Initial residual = 0.00028214305, Final residual = 1.6008506e-06, No Iterations 2
DILUPBiCGStab:  Solving for Uz, Initial residual = 0.00020036225, Final residual = 1.0165347e-06, No Iterations 2
GAMG:  Solving for p, Initial residual = 0.00021312169, Final residual = 2.0997115e-06, No Iterations 263
time step continuity errors : sum local = 1.3132571e-07, global = 1.3069942e-07, cumulative = -8.3192953e-07
DILUPBiCGStab:  Solving for omega, Initial residual = 1.2226692e-06, Final residual = 1.0154159e-08, No Iterations 1
DILUPBiCGStab:  Solving for k, Initial residual = 1.7654211e-05, Final residual = 9.0117714e-08, No Iterations 1
ExecutionTime = 206.96 s  ClockTime = 208 s

forceCoeffs forceCoeffs write:
    Coefficient	Total	Pressure	Viscous	Internal
    Cd:	-351.61966	-355.75988	4.1402265	0
    Cd(f):	-1801.8688	-1802.6888	0.82005156	0
    Cd(r):	1450.2491	1446.929	3.320175	0
    Cl:	-362.93437	-362.4492	-0.48517523	0
    Cl(f):	2419.5876	2414.7409	4.8466974	0
    Cl(r):	-2782.522	-2777.1901	-5.3318726	0
    CmPitch:	2601.0548	2595.9655	5.089285	0
    CmRoll:	-1626.059	-1624.8089	-1.2500617	0
    CmYaw:	1508.4276	1515.7098	-7.2821702	0
    Cs:	255.14593	255.12261	0.023312758	0
    Cs(f):	1636.0006	1643.2711	-7.2705138	0
    Cs(r):	-1380.8546	-1388.1485	7.2938266	0

    writing force and moment coefficient files.

Time = 60

DILUPBiCGStab:  Solving for Ux, Initial residual = 0.00010068525, Final residual = 7.6954785e-07, No Iterations 2
DILUPBiCGStab:  Solving for Uy, Initial residual = 0.00027554427, Final residual = 2.7537893e-06, No Iterations 2
DILUPBiCGStab:  Solving for Uz, Initial residual = 0.00019585541, Final residual = 1.0753283e-06, No Iterations 2
GAMG:  Solving for p, Initial residual = 0.00023775324, Final residual = 2.3681549e-06, No Iterations 261
time step continuity errors : sum local = 1.4213194e-07, global = -1.4145218e-07, cumulative = -9.7338171e-07
DILUPBiCGStab:  Solving for omega, Initial residual = 1.1497781e-06, Final residual = 9.8465093e-09, No Iterations 1
DILUPBiCGStab:  Solving for k, Initial residual = 1.8044521e-05, Final residual = 1.0301657e-07, No Iterations 1
ExecutionTime = 210.05 s  ClockTime = 211 s

forceCoeffs forceCoeffs write:
    Coefficient	Total	Pressure	Viscous	Internal
    Cd:	-271.93213	-276.08631	4.1541804	0
    Cd(f):	-1721.2179	-1722.1726	0.95462674	0
    Cd(r):	1449.2858	1446.0863	3.1995537	0
    Cl:	-379.47692	-379.02682	-0.45009858	0
    Cl(f):	2455.1276	2450.512	4.6156004	0
    Cl(r):	-2834.6045	-2829.5388	-5.065699	0
    CmPitch:	2644.866	2640.0254	4.8406497	0
    CmRoll:	-1585.2519	-1584.1294	-1.1224635	0
    CmYaw:	1520.6606	1527.93	-7.2693726	0
    Cs:	211.35019	211.32449	0.02569432	0
    Cs(f):	1626.3357	1633.5923	-7.2565254	0
    Cs(r):	-1414.9856	-1422.2678	7.2822197	0

    writing force and moment coefficient files.

Time = 61

DILUPBiCGStab:  Solving for Ux, Initial residual = 0.00010438945, Final residual = 5.8290975e-07, No Iterations 2
DILUPBiCGStab:  Solving for Uy, Initial residual = 0.00028981113, Final residual = 2.4846609e-06, No Iterations 2
DILUPBiCGStab:  Solving for Uz, Initial residual = 0.00021061696, Final residual = 5.4176672e-07, No Iterations 2
GAMG:  Solving for p, Initial residual = 0.00025819557, Final residual = 2.5766312e-06, No Iterations 260
time step continuity errors : sum local = 1.5012382e-07, global = -1.4921362e-07, cumulative = -1.1225953e-06
DILUPBiCGStab:  Solving for omega, Initial residual = 1.1271497e-06, Final residual = 9.7736498e-09, No Iterations 1
DILUPBiCGStab:  Solving for k, Initial residual = 2.0189814e-05, Final residual = 1.0853729e-07, No Iterations 1
ExecutionTime = 213.13 s  ClockTime = 214 s

forceCoeffs forceCoeffs write:
    Coefficient	Total	Pressure	Viscous	Internal
    Cd:	-150.99578	-155.16374	4.16796	0
    Cd(f):	-1562.2	-1563.2036	1.0035146	0
    Cd(r):	1411.2043	1408.0398	3.1644454	0
    Cl:	-384.2048	-383.76417	-0.44063719	0
    Cl(f):	2440.2143	2435.6754	4.5388414	0
    Cl(r):	-2824.4191	-2819.4396	-4.9794786	0
    CmPitch:	2632.3167	2627.5575	4.75916	0
    CmRoll:	-1486.7021	-1485.6217	-1.0804654	0
    CmYaw:	1432.5883	1439.8288	-7.240452	0
    Cs:	143.70172	143.67	0.031723146	0
    Cs(f):	1504.4392	1511.6638	-7.2245904	0
    Cs(r):	-1360.7375	-1367.9938	7.2563136	0

    writing force and moment coefficient files.

Time = 62

DILUPBiCGStab:  Solving for Ux, Initial residual = 0.00011177143, Final residual = 4.8440861e-07, No Iterations 2
DILUPBiCGStab:  Solving for Uy, Initial residual = 0.00031334803, Final residual = 1.3671579e-06, No Iterations 2
DILUPBiCGStab:  Solving for Uz, Initial residual = 0.00022921301, Final residual = 2.126637e-06, No Iterations 2
GAMG:  Solving for p, Initial residual = 0.0002729113, Final residual = 2.7013642e-06, No Iterations 329
time step continuity errors : sum local = 1.5114522e-07, global = 1.5031546e-07, cumulative = -9.7227986e-07
DILUPBiCGStab:  Solving for omega, Initial residual = 1.0787197e-06, Final residual = 1.0158796e-08, No Iterations 1
DILUPBiCGStab:  Solving for k, Initial residual = 2.1080529e-05, Final residual = 1.0832288e-07, No Iterations 1
ExecutionTime = 216.92 s  ClockTime = 218 s

forceCoeffs forceCoeffs write:
    Coefficient	Total	Pressure	Viscous	Internal
    Cd:	13.342901	9.1773402	4.1655607	0
    Cd(f):	-1343.3787	-1344.4041	1.0254122	0
    Cd(r):	1356.7216	1353.5815	3.1401485	0
    Cl:	-383.07868	-382.64519	-0.43348261	0
    Cl(f):	2413.375	2408.8962	4.4787148	0
    Cl(r):	-2796.4536	-2791.5414	-4.9121974	0
    CmPitch:	2604.9143	2600.2188	4.6954561	0
    CmRoll:	-1350.0502	-1348.9928	-1.0573682	0
    CmYaw:	1294.3766	1301.4623	-7.0856881	0
    Cs:	53.564969	53.518225	0.046743869	0
    Cs(f):	1321.1591	1328.2214	-7.0623161	0
    Cs(r):	-1267.5941	-1274.7032	7.10906	0

    writing force and moment coefficient files.

Time = 63

DILUPBiCGStab:  Solving for Ux, Initial residual = 0.00010836078, Final residual = 4.2896777e-07, No Iterations 2
DILUPBiCGStab:  Solving for Uy, Initial residual = 0.0003072271, Final residual = 1.374527e-06, No Iterations 2
DILUPBiCGStab:  Solving for Uz, Initial residual = 0.00022708836, Final residual = 1.0455956e-06, No Iterations 2
GAMG:  Solving for p, Initial residual = 0.00027560919, Final residual = 2.7309774e-06, No Iterations 371
time step continuity errors : sum local = 1.4573117e-07, global = 1.4493928e-07, cumulative = -8.2734058e-07
DILUPBiCGStab:  Solving for omega, Initial residual = 9.9681605e-07, Final residual = 1.7057529e-09, No Iterations 2
DILUPBiCGStab:  Solving for k, Initial residual = 2.0432751e-05, Final residual = 1.1443779e-07, No Iterations 1
ExecutionTime = 221.13 s  ClockTime = 222 s

forceCoeffs forceCoeffs write:
    Coefficient	Total	Pressure	Viscous	Internal
    Cd:	141.77772	137.62125	4.1564608	0
    Cd(f):	-1104.7493	-1105.7533	1.0039283	0
    Cd(r):	1246.5271	1243.3745	3.1525324	0
    Cl:	-371.0479	-370.60917	-0.43873834	0
    Cl(f):	2265.1373	2260.6528	4.4844888	0
    Cl(r):	-2636.1852	-2631.262	-4.9232271	0
    CmPitch:	2450.6613	2445.9574	4.703858	0
    CmRoll:	-1175.6382	-1174.5639	-1.0743021	0
    CmYaw:	1102.4325	1109.311	-6.8784957	0
    Cs:	-18.136443	-18.202427	0.06598303	0
    Cs(f):	1093.3643	1100.2098	-6.8455042	0
    Cs(r):	-1111.5007	-1118.4122	6.9114873	0

    writing force and moment coefficient files.

Time = 64

DILUPBiCGStab:  Solving for Ux, Initial residual = 0.0001026186, Final residual = 4.6459872e-07, No Iterations 2
DILUPBiCGStab:  Solving for Uy, Initial residual = 0.00030013516, Final residual = 1.9115542e-06, No Iterations 2
DILUPBiCGStab:  Solving for Uz, Initial residual = 0.00022529357, Final residual = 1.333172e-06, No Iterations 2
GAMG:  Solving for p, Initial residual = 0.0002759277, Final residual = 2.7456096e-06, No Iterations 380
time step continuity errors : sum local = 1.3907433e-07, global = 1.3828708e-07, cumulative = -6.890535e-07
DILUPBiCGStab:  Solving for omega, Initial residual = 9.443504e-07, Final residual = 9.9769117e-09, No Iterations 1
DILUPBiCGStab:  Solving for k, Initial residual = 2.110706e-05, Final residual = 1.2957038e-07, No Iterations 1
ExecutionTime = 225.47 s  ClockTime = 227 s

forceCoeffs forceCoeffs write:
    Coefficient	Total	Pressure	Viscous	Internal
    Cd:	178.506	174.35879	4.1472103	0
    Cd(f):	-902.72272	-903.6897	0.96698745	0
    Cd(r):	1081.2287	1078.0485	3.1802228	0
    Cl:	-337.13992	-336.68789	-0.45203574	0
    Cl(f):	1971.3569	1966.8365	4.5204567	0
    Cl(r):	-2308.4968	-2303.5244	-4.9724925	0
    CmPitch:	2139.9269	2135.1804	4.7464746	0
    CmRoll:	-991.97572	-990.8691	-1.1066177	0
    CmYaw:	895.99555	902.67569	-6.6801483	0
    Cs:	-40.886802	-40.970808	0.084005271	0
    Cs(f):	875.55214	882.19029	-6.6381457	0
    Cs(r):	-916.43895	-923.1611	6.7221509	0

    writing force and moment coefficient files.

Time = 65

DILUPBiCGStab:  Solving for Ux, Initial residual = 0.00010246653, Final residual = 5.3771172e-07, No Iterations 2
DILUPBiCGStab:  Solving for Uy, Initial residual = 0.00030304307, Final residual = 2.4400655e-06, No Iterations 2
DILUPBiCGStab:  Solving for Uz, Initial residual = 0.00022029125, Final residual = 4.2212686e-08, No Iterations 3
GAMG:  Solving for p, Initial residual = 0.00030187219, Final residual = 2.9898672e-06, No Iterations 388
time step continuity errors : sum local = 1.3861961e-07, global = 1.3783237e-07, cumulative = -5.5122113e-07
DILUPBiCGStab:  Solving for omega, Initial residual = 9.015723e-07, Final residual = 9.3192717e-09, No Iterations 1
DILUPBiCGStab:  Solving for k, Initial residual = 2.0990178e-05, Final residual = 1.4243943e-07, No Iterations 1
ExecutionTime = 230.05 s  ClockTime = 231 s

forceCoeffs forceCoeffs write:
    Coefficient	Total	Pressure	Viscous	Internal
    Cd:	138.58692	134.50418	4.0827424	0
    Cd(f):	-733.71689	-734.71714	1.000252	0
    Cd(r):	872.30381	869.22132	3.0824904	0
    Cl:	-282.48738	-282.05543	-0.43195333	0
    Cl(f):	1561.68	1557.3622	4.3177559	0
    Cl(r):	-1844.1673	-1839.4176	-4.7497092	0
    CmPitch:	1702.9236	1698.3899	4.5337326	0
    CmRoll:	-803.01035	-801.96923	-1.0411192	0
    CmYaw:	693.61356	699.77767	-6.1641103	0
    Cs:	-23.169139	-23.294959	0.12581983	0
    Cs(f):	682.02899	688.13019	-6.1012004	0
    Cs(r):	-705.19813	-711.42515	6.2270202	0

    writing force and moment coefficient files.

Time = 66

DILUPBiCGStab:  Solving for Ux, Initial residual = 0.00010144, Final residual = 6.383207e-07, No Iterations 2
DILUPBiCGStab:  Solving for Uy, Initial residual = 0.00032114208, Final residual = 7.8392376e-07, No Iterations 2
DILUPBiCGStab:  Solving for Uz, Initial residual = 0.00021926351, Final residual = 9.2365072e-07, No Iterations 2
GAMG:  Solving for p, Initial residual = 0.00034898919, Final residual = 3.4677386e-06, No Iterations 383
time step continuity errors : sum local = 1.4702978e-07, global = -1.4616849e-07, cumulative = -6.9738962e-07
DILUPBiCGStab:  Solving for omega, Initial residual = 9.0622422e-07, Final residual = 8.9051437e-09, No Iterations 1
DILUPBiCGStab:  Solving for k, Initial residual = 2.3136241e-05, Final residual = 1.4144759e-07, No Iterations 1
ExecutionTime = 234.51 s  ClockTime = 236 s

forceCoeffs forceCoeffs write:
    Coefficient	Total	Pressure	Viscous	Internal
    Cd:	67.673288	63.553728	4.1195603	0
    Cd(f):	-626.45979	-627.41705	0.95725682	0
    Cd(r):	694.13308	690.97078	3.1623035	0
    Cl:	-228.48465	-228.02244	-0.46220635	0
    Cl(f):	1194.1201	1189.6595	4.4605551	0
    Cl(r):	-1422.6047	-1417.6819	-4.9227614	0
    CmPitch:	1308.3624	1303.6707	4.6916583	0
    CmRoll:	-660.29644	-659.19391	-1.1025233	0
    CmYaw:	491.92472	498.2105	-6.2857796	0
    Cs:	11.513122	11.395231	0.11789111	0
    Cs(f):	497.68128	503.90812	-6.2268341	0
    Cs(r):	-486.16816	-492.51289	6.3447252	0

    writing force and moment coefficient files.

Time = 67

DILUPBiCGStab:  Solving for Ux, Initial residual = 0.00010004528, Final residual = 4.0236889e-07, No Iterations 2
DILUPBiCGStab:  Solving for Uy, Initial residual = 0.00033498623, Final residual = 1.380275e-06, No Iterations 2
DILUPBiCGStab:  Solving for Uz, Initial residual = 0.00022006892, Final residual = 1.1584997e-06, No Iterations 2
GAMG:  Solving for p, Initial residual = 0.00037774669, Final residual = 3.7660151e-06, No Iterations 370
time step continuity errors : sum local = 1.4810519e-07, global = 1.4719833e-07, cumulative = -5.5019129e-07
DILUPBiCGStab:  Solving for omega, Initial residual = 8.9174886e-07, Final residual = 9.0940912e-09, No Iterations 1
DILUPBiCGStab:  Solving for k, Initial residual = 2.3219125e-05, Final residual = 1.6747058e-07, No Iterations 1
ExecutionTime = 238.7 s  ClockTime = 240 s

forceCoeffs forceCoeffs write:
    Coefficient	Total	Pressure	Viscous	Internal
    Cd:	3.191035	-0.83975014	4.0307852	0
    Cd(f):	-488.16689	-489.11573	0.94883403	0
    Cd(r):	491.35793	488.27598	3.0819511	0
    Cl:	-160.35943	-159.90922	-0.4502122	0
    Cl(f):	787.39693	783.10909	4.2878462	0
    Cl(r):	-947.75637	-943.01831	-4.7380584	0
    CmPitch:	867.57665	863.0637	4.5129523	0
    CmRoll:	-489.76241	-488.69585	-1.0665586	0
    CmYaw:	264.9568	270.59362	-5.6368226	0
    Cs:	40.015936	39.846649	0.16928732	0
    Cs(f):	284.96477	290.51694	-5.5521789	0
    Cs(r):	-244.94883	-250.6703	5.7214662	0

    writing force and moment coefficient files.

Time = 68

DILUPBiCGStab:  Solving for Ux, Initial residual = 0.00010044966, Final residual = 3.9849606e-07, No Iterations 2
DILUPBiCGStab:  Solving for Uy, Initial residual = 0.00039836519, Final residual = 1.7771385e-06, No Iterations 2
DILUPBiCGStab:  Solving for Uz, Initial residual = 0.00023677316, Final residual = 1.6476291e-06, No Iterations 2
GAMG:  Solving for p, Initial residual = 0.00038422952, Final residual = 3.8420193e-06, No Iterations 323
time step continuity errors : sum local = 1.4432658e-07, global = -1.4338054e-07, cumulative = -6.9357183e-07
DILUPBiCGStab:  Solving for omega, Initial residual = 1.0981033e-06, Final residual = 1.0408096e-08, No Iterations 1
DILUPBiCGStab:  Solving for k, Initial residual = 2.4105877e-05, Final residual = 1.7102462e-07, No Iterations 1
ExecutionTime = 242.42 s  ClockTime = 244 s

forceCoeffs forceCoeffs write:
    Coefficient	Total	Pressure	Viscous	Internal
    Cd:	-22.446679	-26.423772	3.9770928	0
    Cd(f):	-189.87553	-190.98206	1.1065321	0
    Cd(r):	167.42885	164.55829	2.8705607	0
    Cl:	-50.737314	-50.341105	-0.39620919	0
    Cl(f):	177.46282	173.57508	3.887734	0
    Cl(r):	-228.20013	-223.91619	-4.2839432	0
    CmPitch:	202.83148	198.74564	4.0858386	0
    CmRoll:	-178.65219	-177.77017	-0.8820143	0
    CmYaw:	-92.496107	-87.252981	-5.2431252	0
    Cs:	42.026391	41.828369	0.19802133	0
    Cs(f):	-71.482911	-66.338797	-5.1441145	0
    Cs(r):	113.5093	108.16717	5.3421358	0

    writing force and moment coefficient files.

Time = 69

DILUPBiCGStab:  Solving for Ux, Initial residual = 0.00012176264, Final residual = 3.381325e-07, No Iterations 2
DILUPBiCGStab:  Solving for Uy, Initial residual = 0.00058175105, Final residual = 1.5403018e-06, No Iterations 2
DILUPBiCGStab:  Solving for Uz, Initial residual = 0.00029401082, Final residual = 1.1571455e-06, No Iterations 2
GAMG:  Solving for p, Initial residual = 0.0003577146, Final residual = 3.5528506e-06, No Iterations 292
time step continuity errors : sum local = 1.4318115e-07, global = 1.4232157e-07, cumulative = -5.5125026e-07
DILUPBiCGStab:  Solving for omega, Initial residual = 1.4074985e-06, Final residual = 1.0902043e-08, No Iterations 1
DILUPBiCGStab:  Solving for k, Initial residual = 2.3213747e-05, Final residual = 1.7816832e-07, No Iterations 1
ExecutionTime = 245.84 s  ClockTime = 247 s

forceCoeffs forceCoeffs write:
    Coefficient	Total	Pressure	Viscous	Internal
    Cd:	-89.993666	-94.692974	4.6993084	0
    Cd(f):	-315.79404	-316.57073	0.77668224	0
    Cd(r):	225.80038	221.87775	3.9226262	0
    Cl:	-61.000092	-60.315304	-0.68478834	0
    Cl(f):	257.45046	251.50935	5.9411075	0
    Cl(r):	-318.45055	-311.82465	-6.6258959	0
    CmPitch:	287.9505	281.667	6.2835017	0
    CmRoll:	-270.79721	-269.22424	-1.572972	0
    CmYaw:	91.564431	101.187	-9.6225676	0
    Cs:	78.859585	78.997968	-0.13838255	0
    Cs(f):	130.99422	140.68598	-9.6917589	0
    Cs(r):	-52.134639	-61.688015	9.5533764	0

    writing force and moment coefficient files.

Time = 70

DILUPBiCGStab:  Solving for Ux, Initial residual = 0.00016352616, Final residual = 7.1530588e-07, No Iterations 2
DILUPBiCGStab:  Solving for Uy, Initial residual = 0.00069615828, Final residual = 1.0657615e-07, No Iterations 3
DILUPBiCGStab:  Solving for Uz, Initial residual = 0.00037060274, Final residual = 1.0771348e-06, No Iterations 2
GAMG:  Solving for p, Initial residual = 0.00050208525, Final residual = 4.9830597e-06, No Iterations 275
time step continuity errors : sum local = 1.4932876e-07, global = -1.4856946e-07, cumulative = -6.9981971e-07
DILUPBiCGStab:  Solving for omega, Initial residual = 1.7793031e-06, Final residual = 1.0192258e-08, No Iterations 1
DILUPBiCGStab:  Solving for k, Initial residual = 2.4561823e-05, Final residual = 1.8254182e-07, No Iterations 1
ExecutionTime = 249.07 s  ClockTime = 250 s

forceCoeffs forceCoeffs write:
    Coefficient	Total	Pressure	Viscous	Internal
    Cd:	-80.919842	-85.280007	4.3601646	0
    Cd(f):	-69.539578	-70.447042	0.90746394	0
    Cd(r):	-11.380264	-14.832965	3.4527007	0
    Cl:	24.062398	24.626188	-0.56378981	0
    Cl(f):	-169.63348	-174.63821	5.0047246	0
    Cl(r):	193.69588	199.2644	-5.5685144	0
    CmPitch:	-181.66468	-186.9513	5.2866195	0
    CmRoll:	-29.079657	-27.807039	-1.2726184	0
    CmYaw:	-58.233595	-50.773045	-7.4605502	0
    Cs:	64.835561	64.80255	0.03301047	0
    Cs(f):	-25.815815	-18.37177	-7.444045	0
    Cs(r):	90.651376	83.17432	7.4770554	0

    writing force and moment coefficient files.

Time = 71

DILUPBiCGStab:  Solving for Ux, Initial residual = 0.00020170858, Final residual = 5.4369339e-07, No Iterations 2
DILUPBiCGStab:  Solving for Uy, Initial residual = 0.00067562508, Final residual = 1.8309541e-06, No Iterations 2
DILUPBiCGStab:  Solving for Uz, Initial residual = 0.00043350764, Final residual = 7.9394994e-07, No Iterations 2
GAMG:  Solving for p, Initial residual = 0.0007563507, Final residual = 7.5517029e-06, No Iterations 282
time step continuity errors : sum local = 1.5697121e-07, global = -1.5611653e-07, cumulative = -8.5593624e-07
DILUPBiCGStab:  Solving for omega, Initial residual = 3.5416095e-06, Final residual = 1.1495539e-08, No Iterations 1
DILUPBiCGStab:  Solving for k, Initial residual = 3.50292e-05, Final residual = 1.9311496e-07, No Iterations 1
ExecutionTime = 252.42 s  ClockTime = 254 s

forceCoeffs forceCoeffs write:
    Coefficient	Total	Pressure	Viscous	Internal
    Cd:	-81.226493	-85.656811	4.4303177	0
    Cd(f):	399.28137	398.58869	0.69268072	0
    Cd(r):	-480.50787	-484.2455	3.737637	0
    Cl:	176.97406	177.6251	-0.65104548	0
    Cl(f):	-1012.9243	-1018.4489	5.5246411	0
    Cl(r):	1189.8983	1196.074	-6.1756866	0
    CmPitch:	-1101.4113	-1107.2615	5.8501638	0
    CmRoll:	439.89462	441.4171	-1.5224781	0
    CmYaw:	-42.596368	-34.824591	-7.7717767	0
    Cs:	47.304185	47.289338	0.014846767	0
    Cs(f):	-18.944275	-11.179922	-7.7643533	0
    Cs(r):	66.24846	58.46926	7.7792001	0

    writing force and moment coefficient files.

Time = 72

DILUPBiCGStab:  Solving for Ux, Initial residual = 0.00027177332, Final residual = 6.9003597e-07, No Iterations 2
DILUPBiCGStab:  Solving for Uy, Initial residual = 0.00078640081, Final residual = 1.7919768e-06, No Iterations 2
DILUPBiCGStab:  Solving for Uz, Initial residual = 0.00058444747, Final residual = 4.8723898e-06, No Iterations 1
GAMG:  Solving for p, Initial residual = 0.0010907494, Final residual = 1.0882198e-05, No Iterations 280
time step continuity errors : sum local = 1.6672778e-07, global = -1.6589198e-07, cumulative = -1.0218282e-06
DILUPBiCGStab:  Solving for omega, Initial residual = 4.4855019e-06, Final residual = 1.0420644e-08, No Iterations 1
DILUPBiCGStab:  Solving for k, Initial residual = 3.2867383e-05, Final residual = 1.8456493e-07, No Iterations 1
ExecutionTime = 255.79 s  ClockTime = 257 s

forceCoeffs forceCoeffs write:
    Coefficient	Total	Pressure	Viscous	Internal
    Cd:	-23.861231	-28.858418	4.9971871	0
    Cd(f):	682.81168	682.04983	0.76184944	0
    Cd(r):	-706.67292	-710.90825	4.2353376	0
    Cl:	253.25287	254.02704	-0.77417124	0
    Cl(f):	-1399.4106	-1405.9502	6.5396092	0
    Cl(r):	1652.6635	1659.9773	-7.3137805	0
    CmPitch:	-1526.0371	-1532.9638	6.9266949	0
    CmRoll:	694.7423	696.47904	-1.7367441	0
    CmYaw:	-283.1585	-271.93287	-11.225625	0
    Cs:	8.2929393	8.5491412	-0.25620185	0
    Cs(f):	-279.01203	-267.6583	-11.353725	0
    Cs(r):	287.30497	276.20744	11.097524	0

    writing force and moment coefficient files.

Time = 73

DILUPBiCGStab:  Solving for Ux, Initial residual = 0.00033845753, Final residual = 3.1166703e-06, No Iterations 1
DILUPBiCGStab:  Solving for Uy, Initial residual = 0.00085836128, Final residual = 8.0890422e-06, No Iterations 1
DILUPBiCGStab:  Solving for Uz, Initial residual = 0.00073927576, Final residual = 5.6924782e-06, No Iterations 1
GAMG:  Solving for p, Initial residual = 0.012722955, Final residual = 0.00012580823, No Iterations 256
time step continuity errors : sum local = 1.6878513e-07, global = -1.6727667e-07, cumulative = -1.1891049e-06
DILUPBiCGStab:  Solving for omega, Initial residual = 2.8067232e-06, Final residual = 9.887818e-09, No Iterations 1
DILUPBiCGStab:  Solving for k, Initial residual = 2.523652e-05, Final residual = 1.7335655e-07, No Iterations 1
ExecutionTime = 259.2 s  ClockTime = 260 s

forceCoeffs forceCoeffs write:
    Coefficient	Total	Pressure	Viscous	Internal
    Cd:	-104.30694	-108.7134	4.4064589	0
    Cd(f):	613.13156	612.59562	0.53593638	0
    Cd(r):	-717.4385	-721.30902	3.8705226	0
    Cl:	249.89016	250.59191	-0.70175642	0
    Cl(f):	-1429.3285	-1435.0729	5.7444285	0
    Cl(r):	1679.2186	1685.6648	-6.4461849	0
    CmPitch:	-1554.2736	-1560.3689	6.0953067	0
    CmRoll:	665.28503	666.95232	-1.6672931	0
    CmYaw:	435.38331	442.73766	-7.3543434	0
    Cs:	50.097413	50.046322	0.051091023	0
    Cs(f):	460.43202	467.76082	-7.3287979	0
    Cs(r):	-410.33461	-417.7145	7.3798889	0

    writing force and moment coefficient files.

Time = 74

DILUPBiCGStab:  Solving for Ux, Initial residual = 0.00038212906, Final residual = 3.254524e-06, No Iterations 1
DILUPBiCGStab:  Solving for Uy, Initial residual = 0.00092902041, Final residual = 7.8491034e-06, No Iterations 1
DILUPBiCGStab:  Solving for Uz, Initial residual = 0.0007859102, Final residual = 5.4670778e-06, No Iterations 1
GAMG:  Solving for p, Initial residual = 0.0010174931, Final residual = 9.9218287e-06, No Iterations 171
time step continuity errors : sum local = 1.6495214e-07, global = 1.5970094e-07, cumulative = -1.029404e-06
DILUPBiCGStab:  Solving for omega, Initial residual = 3.0562206e-06, Final residual = 1.1444731e-08, No Iterations 1
DILUPBiCGStab:  Solving for k, Initial residual = 3.2874969e-05, Final residual = 2.1977345e-07, No Iterations 1
ExecutionTime = 261.59 s  ClockTime = 263 s

forceCoeffs forceCoeffs write:
    Coefficient	Total	Pressure	Viscous	Internal
    Cd:	0.75416423	0.16100738	0.59315686	0
    Cd(f):	621.0451	618.41648	2.6286229	0
    Cd(r):	-620.29094	-618.25547	-2.035466	0
    Cl:	221.64386	220.74757	0.89628396	0
    Cl(f):	-1225.3713	-1219.5774	-5.7939225	0
    Cl(r):	1447.0152	1440.325	6.6902065	0
    CmPitch:	-1336.1933	-1329.9512	-6.2420645	0
    CmRoll:	620.66802	618.33598	2.3320445	0
    CmYaw:	-59.62076	-75.718069	16.097309	0
    Cs:	-2.0508997	-3.9067191	1.8558194	0
    Cs(f):	-60.64621	-77.671428	17.025219	0
    Cs(r):	58.59531	73.764709	-15.169399	0

    writing force and moment coefficient files.

Time = 75

DILUPBiCGStab:  Solving for Ux, Initial residual = 0.00037983274, Final residual = 2.8100899e-06, No Iterations 1
DILUPBiCGStab:  Solving for Uy, Initial residual = 0.0010953253, Final residual = 7.6601206e-06, No Iterations 1
DILUPBiCGStab:  Solving for Uz, Initial residual = 0.00089351025, Final residual = 6.0103587e-06, No Iterations 1
GAMG:  Solving for p, Initial residual = 0.00095398644, Final residual = 9.4894704e-06, No Iterations 225
time step continuity errors : sum local = 1.7139065e-07, global = 1.6817431e-07, cumulative = -8.6122965e-07
DILUPBiCGStab:  Solving for omega, Initial residual = 7.4500532e-06, Final residual = 1.2927862e-08, No Iterations 1
DILUPBiCGStab:  Solving for k, Initial residual = 5.6181716e-05, Final residual = 2.0093232e-07, No Iterations 1
ExecutionTime = 264.55 s  ClockTime = 266 s

forceCoeffs forceCoeffs write:
    Coefficient	Total	Pressure	Viscous	Internal
    Cd:	49.439183	46.762098	2.6770853	0
    Cd(f):	727.66071	725.90747	1.7532402	0
    Cd(r):	-678.22153	-679.14537	0.92384505	0
    Cl:	237.16761	237.07145	0.096157055	0
    Cl(f):	-1316.1598	-1316.1832	0.02343363	0
    Cl(r):	1553.3274	1553.2547	0.072723425	0
    CmPitch:	-1434.7436	-1434.719	-0.024644897	0
    CmRoll:	702.94112	702.52642	0.4146976	0
    CmYaw:	-273.23221	-276.64617	3.4139517	0
    Cs:	-30.021092	-30.89352	0.87242807	0
    Cs(f):	-288.24276	-292.09293	3.8501658	0
    Cs(r):	258.22167	261.19941	-2.9777377	0

    writing force and moment coefficient files.

Time = 76

DILUPBiCGStab:  Solving for Ux, Initial residual = 0.00046629915, Final residual = 2.5384004e-06, No Iterations 1
DILUPBiCGStab:  Solving for Uy, Initial residual = 0.0015442513, Final residual = 8.7160036e-06, No Iterations 1
DILUPBiCGStab:  Solving for Uz, Initial residual = 0.0010731869, Final residual = 6.8284597e-06, No Iterations 1
GAMG:  Solving for p, Initial residual = 0.0005386402, Final residual = 5.3521917e-06, No Iterations 242
time step continuity errors : sum local = 1.7574736e-07, global = -1.7456143e-07, cumulative = -1.0357911e-06
DILUPBiCGStab:  Solving for omega, Initial residual = 6.455505e-06, Final residual = 1.5558309e-08, No Iterations 1
DILUPBiCGStab:  Solving for k, Initial residual = 3.6363877e-05, Final residual = 1.9669632e-07, No Iterations 1
ExecutionTime = 267.69 s  ClockTime = 269 s

forceCoeffs forceCoeffs write:
    Coefficient	Total	Pressure	Viscous	Internal
    Cd:	210.11402	208.22982	1.8841939	0
    Cd(f):	-221.80195	-224.9204	3.1184587	0
    Cd(r):	431.91596	433.15023	-1.2342648	0
    Cl:	-98.002312	-98.714998	0.7126859	0
    Cl(f):	717.17488	721.23754	-4.0626598	0
    Cl(r):	-815.17719	-819.95254	4.7753457	0
    CmPitch:	766.17604	770.59504	-4.4190028	0
    CmRoll:	-326.85895	-329.03531	2.1763617	0
    CmYaw:	-993.49578	-1001.6352	8.1394069	0
    Cs:	-74.570628	-75.79161	1.2209816	0
    Cs(f):	-1030.7811	-1039.531	8.7498977	0
    Cs(r):	956.21047	963.73939	-7.5289161	0

    writing force and moment coefficient files.

Time = 77

DILUPBiCGStab:  Solving for Ux, Initial residual = 0.00047341934, Final residual = 2.6839548e-06, No Iterations 1
DILUPBiCGStab:  Solving for Uy, Initial residual = 0.001473373, Final residual = 8.8092457e-06, No Iterations 1
DILUPBiCGStab:  Solving for Uz, Initial residual = 0.0012236214, Final residual = 7.5851627e-06, No Iterations 1
GAMG:  Solving for p, Initial residual = 0.00079795934, Final residual = 7.8936714e-06, No Iterations 244
time step continuity errors : sum local = 1.8032144e-07, global = -1.790876e-07, cumulative = -1.2148787e-06
DILUPBiCGStab:  Solving for omega, Initial residual = 6.1027645e-06, Final residual = 3.1214076e-08, No Iterations 1
DILUPBiCGStab:  Solving for k, Initial residual = 4.8102612e-05, Final residual = 2.361389e-07, No Iterations 1
ExecutionTime = 270.86 s  ClockTime = 272 s

forceCoeffs forceCoeffs write:
    Coefficient	Total	Pressure	Viscous	Internal
    Cd:	-119.12724	-122.20351	3.0762719	0
    Cd(f):	-1970.0405	-1972.1598	2.1193256	0
    Cd(r):	1850.9132	1849.9563	0.95694634	0
    Cl:	-558.70392	-558.80961	0.10568924	0
    Cl(f):	3208.2177	3208.0714	0.14631684	0
    Cl(r):	-3766.9216	-3766.881	-0.040627601	0
    CmPitch:	3487.5697	3487.4762	0.093472219	0
    CmRoll:	-1910.4769	-1911.058	0.5811896	0
    CmYaw:	1491.7167	1490.7575	0.95913042	0
    Cs:	151.57422	150.89553	0.67869253	0
    Cs(f):	1567.5038	1566.2053	1.2984767	0
    Cs(r):	-1415.9296	-1415.3098	-0.61978415	0

    writing force and moment coefficient files.

Time = 78

DILUPBiCGStab:  Solving for Ux, Initial residual = 0.00054947156, Final residual = 2.9065359e-06, No Iterations 1
DILUPBiCGStab:  Solving for Uy, Initial residual = 0.0015310048, Final residual = 8.7897237e-06, No Iterations 1
DILUPBiCGStab:  Solving for Uz, Initial residual = 0.0015467232, Final residual = 7.9357336e-06, No Iterations 1
GAMG:  Solving for p, Initial residual = 0.0029866468, Final residual = 2.9721393e-05, No Iterations 217
time step continuity errors : sum local = 1.895691e-07, global = 1.8809505e-07, cumulative = -1.0267836e-06
DILUPBiCGStab:  Solving for omega, Initial residual = 7.5936449e-06, Final residual = 1.4897048e-08, No Iterations 1
DILUPBiCGStab:  Solving for k, Initial residual = 4.6037961e-05, Final residual = 1.9093881e-07, No Iterations 1
ExecutionTime = 273.73 s  ClockTime = 275 s

forceCoeffs forceCoeffs write:
    Coefficient	Total	Pressure	Viscous	Internal
    Cd:	-162.2548	-165.50685	3.2520447	0
    Cd(f):	-2294.4142	-2295.9793	1.5650702	0
    Cd(r):	2132.1594	2130.4725	1.6869744	0
    Cl:	-645.9451	-645.83199	-0.11311681	0
    Cl(f):	3701.7154	3700.2151	1.5002845	0
    Cl(r):	-4347.6605	-4346.0471	-1.6134013	0
    CmPitch:	4024.6879	4023.1311	1.5568429	0
    CmRoll:	-2213.2868	-2213.2259	-0.060952102	0
    CmYaw:	1798.6254	1798.58	0.045407452	0
    Cs:	185.23997	184.62217	0.61780077	0
    Cs(f):	1891.2454	1890.8911	0.35430784	0
    Cs(r):	-1706.0054	-1706.2689	0.26349293	0

    writing force and moment coefficient files.

Time = 79

DILUPBiCGStab:  Solving for Ux, Initial residual = 0.00071037213, Final residual = 2.9317438e-06, No Iterations 1
DILUPBiCGStab:  Solving for Uy, Initial residual = 0.0032398265, Final residual = 1.419349e-05, No Iterations 1
DILUPBiCGStab:  Solving for Uz, Initial residual = 0.0022859517, Final residual = 8.0173158e-06, No Iterations 1
GAMG:  Solving for p, Initial residual = 0.0011341727, Final residual = 1.12736e-05, No Iterations 168
time step continuity errors : sum local = 2.0979642e-07, global = 2.0667641e-07, cumulative = -8.2010722e-07
DILUPBiCGStab:  Solving for omega, Initial residual = 8.8426885e-06, Final residual = 1.1413427e-08, No Iterations 1
DILUPBiCGStab:  Solving for k, Initial residual = 6.8379162e-05, Final residual = 2.0791617e-07, No Iterations 1
ExecutionTime = 276.06 s  ClockTime = 277 s

forceCoeffs forceCoeffs write:
    Coefficient	Total	Pressure	Viscous	Internal
    Cd:	-493.30949	-496.37365	3.0641595	0
    Cd(f):	-3202.0858	-3203.2077	1.1218523	0
    Cd(r):	2708.7763	2706.834	1.9423072	0
    Cl:	-841.1987	-840.99241	-0.20629434	0
    Cl(f):	4669.8906	4667.9761	1.9144784	0
    Cl(r):	-5511.0893	-5508.9685	-2.1207727	0
    CmPitch:	5090.4899	5088.4723	2.0176256	0
    CmRoll:	-2955.4311	-2955.0209	-0.41022744	0
    CmYaw:	4017.042	4015.6478	1.3942285	0
    Cs:	381.90987	381.17508	0.73478361	0
    Cs(f):	4207.997	4206.2353	1.7616203	0
    Cs(r):	-3826.0871	-3825.0603	-1.0268367	0

    writing force and moment coefficient files.

Time = 80

DILUPBiCGStab:  Solving for Ux, Initial residual = 0.00085459149, Final residual = 3.4959162e-06, No Iterations 1
DILUPBiCGStab:  Solving for Uy, Initial residual = 0.0028203946, Final residual = 1.1982718e-05, No Iterations 1
DILUPBiCGStab:  Solving for Uz, Initial residual = 0.0021823999, Final residual = 9.5832895e-06, No Iterations 1
GAMG:  Solving for p, Initial residual = 0.00039515434, Final residual = 3.860343e-06, No Iterations 194
time step continuity errors : sum local = 1.998959e-07, global = 1.9810024e-07, cumulative = -6.2200698e-07
DILUPBiCGStab:  Solving for omega, Initial residual = 9.9976796e-06, Final residual = 1.2224847e-08, No Iterations 1
DILUPBiCGStab:  Solving for k, Initial residual = 0.00010216472, Final residual = 2.1393617e-07, No Iterations 1
ExecutionTime = 278.68 s  ClockTime = 280 s

forceCoeffs forceCoeffs write:
    Coefficient	Total	Pressure	Viscous	Internal
    Cd:	-387.3174	-391.1524	3.835001	0
    Cd(f):	-2034.2402	-2034.6089	0.36864421	0
    Cd(r):	1646.9228	1643.4565	3.4663568	0
    Cl:	-500.88713	-500.25541	-0.63172124	0
    Cl(f):	2770.2907	2765.4704	4.8202552	0
    Cl(r):	-3271.1778	-3265.7258	-5.4519764	0
    CmPitch:	3020.7342	3015.5981	5.1361158	0
    CmRoll:	-1840.5815	-1839.0327	-1.5488563	0
    CmYaw:	3014.4107	3017.5512	-3.140548	0
    Cs:	288.06248	287.66816	0.39431887	0
    Cs(f):	3158.4419	3161.3853	-2.9433885	0
    Cs(r):	-2870.3795	-2873.7172	3.3377074	0

    writing force and moment coefficient files.

Time = 81

DILUPBiCGStab:  Solving for Ux, Initial residual = 0.0011890342, Final residual = 4.5028191e-06, No Iterations 1
DILUPBiCGStab:  Solving for Uy, Initial residual = 0.0028768554, Final residual = 1.1526324e-05, No Iterations 1
DILUPBiCGStab:  Solving for Uz, Initial residual = 0.0020727844, Final residual = 7.5350999e-06, No Iterations 1
GAMG:  Solving for p, Initial residual = 0.00026140294, Final residual = 2.5663115e-06, No Iterations 216
time step continuity errors : sum local = 2.1760141e-07, global = 2.1593733e-07, cumulative = -4.0606965e-07
DILUPBiCGStab:  Solving for omega, Initial residual = 1.2394982e-05, Final residual = 1.2197314e-08, No Iterations 1
DILUPBiCGStab:  Solving for k, Initial residual = 8.6859847e-05, Final residual = 1.5553545e-07, No Iterations 1
ExecutionTime = 281.53 s  ClockTime = 283 s

forceCoeffs forceCoeffs write:
    Coefficient	Total	Pressure	Viscous	Internal
    Cd:	-161.49463	-163.47165	1.9770263	0
    Cd(f):	508.28535	506.60886	1.6764879	0
    Cd(r):	-669.77998	-670.08052	0.30053844	0
    Cl:	237.93044	237.69824	0.23219647	0
    Cl(f):	-1385.6504	-1384.3366	-1.3138352	0
    Cl(r):	1623.5808	1622.0348	1.5460317	0
    CmPitch:	-1504.6156	-1503.1857	-1.4299335	0
    CmRoll:	589.03266	588.34469	0.68797471	0
    CmYaw:	967.4249	959.17902	8.2458819	0
    Cs:	84.248559	82.984909	1.2636497	0
    Cs(f):	1009.5492	1000.6715	8.8777068	0
    Cs(r):	-925.30062	-917.68657	-7.6140571	0

    writing force and moment coefficient files.

Time = 82

DILUPBiCGStab:  Solving for Ux, Initial residual = 0.00087375601, Final residual = 3.4370196e-06, No Iterations 1
DILUPBiCGStab:  Solving for Uy, Initial residual = 0.0024949429, Final residual = 1.0617197e-05, No Iterations 1
DILUPBiCGStab:  Solving for Uz, Initial residual = 0.0021631218, Final residual = 8.5311391e-06, No Iterations 1
GAMG:  Solving for p, Initial residual = 0.00028881864, Final residual = 2.8453988e-06, No Iterations 166
time step continuity errors : sum local = 2.1808661e-07, global = 2.1411903e-07, cumulative = -1.9195062e-07
DILUPBiCGStab:  Solving for omega, Initial residual = 1.3637143e-05, Final residual = 1.2108826e-08, No Iterations 1
DILUPBiCGStab:  Solving for k, Initial residual = 0.00011795366, Final residual = 1.3690543e-07, No Iterations 1
ExecutionTime = 283.84 s  ClockTime = 285 s

forceCoeffs forceCoeffs write:
    Coefficient	Total	Pressure	Viscous	Internal
    Cd:	-275.04047	-283.18752	8.147053	0
    Cd(f):	-1278.8425	-1279.8444	1.0019275	0
    Cd(r):	1003.802	996.65691	7.1451255	0
    Cl:	-290.3206	-288.78378	-1.5368167	0
    Cl(f):	1632.3582	1619.8854	12.472839	0
    Cl(r):	-1922.6788	-1908.6692	-14.009656	0
    CmPitch:	1777.5185	1764.2773	13.241248	0
    CmRoll:	-1141.3223	-1138.2507	-3.071599	0
    CmYaw:	2055.297	2085.1653	-29.868261	0
    Cs:	204.75483	206.49116	-1.7363336	0
    Cs(f):	2157.6744	2188.4108	-30.736428	0
    Cs(r):	-1952.9196	-1981.9197	29.000095	0

    writing force and moment coefficient files.

Time = 83

DILUPBiCGStab:  Solving for Ux, Initial residual = 0.0010320379, Final residual = 3.8783431e-06, No Iterations 1
DILUPBiCGStab:  Solving for Uy, Initial residual = 0.0034641334, Final residual = 1.3554749e-05, No Iterations 1
DILUPBiCGStab:  Solving for Uz, Initial residual = 0.0024117291, Final residual = 7.9419843e-06, No Iterations 1
GAMG:  Solving for p, Initial residual = 0.00098232035, Final residual = 9.7954953e-06, No Iterations 260
time step continuity errors : sum local = 2.341995e-07, global = 2.3231517e-07, cumulative = 4.036455e-08
DILUPBiCGStab:  Solving for omega, Initial residual = 1.6999349e-05, Final residual = 1.8110694e-08, No Iterations 1
DILUPBiCGStab:  Solving for k, Initial residual = 0.00012474379, Final residual = 1.685648e-07, No Iterations 1
ExecutionTime = 287.18 s  ClockTime = 288 s

forceCoeffs forceCoeffs write:
    Coefficient	Total	Pressure	Viscous	Internal
    Cd:	-317.65387	-320.82357	3.1696985	0
    Cd(f):	-3314.7796	-3317.9091	3.1294637	0
    Cd(r):	2997.1257	2997.0855	0.040234725	0
    Cl:	-911.41057	-911.78346	0.37289555	0
    Cl(f):	5228.5841	5230.0979	-1.5137953	0
    Cl(r):	-6139.9947	-6141.8814	1.8866909	0
    CmPitch:	5684.2894	5685.9896	-1.7002431	0
    CmRoll:	-3155.9527	-3157.4973	1.5446145	0
    CmYaw:	2783.2307	2782.5127	0.71796778	0
    Cs:	298.7294	298.09102	0.63837983	0
    Cs(f):	2932.5954	2931.5582	1.0371577	0
    Cs(r):	-2633.866	-2633.4672	-0.39877786	0

    writing force and moment coefficient files.

Time = 84

DILUPBiCGStab:  Solving for Ux, Initial residual = 0.00096970773, Final residual = 2.8621484e-06, No Iterations 1
DILUPBiCGStab:  Solving for Uy, Initial residual = 0.004356606, Final residual = 1.3653085e-05, No Iterations 1
DILUPBiCGStab:  Solving for Uz, Initial residual = 0.0035663304, Final residual = 1.1452784e-05, No Iterations 1
GAMG:  Solving for p, Initial residual = 0.0043965725, Final residual = 4.3583732e-05, No Iterations 326
time step continuity errors : sum local = 2.4225275e-07, global = 2.4017982e-07, cumulative = 2.8054437e-07
DILUPBiCGStab:  Solving for omega, Initial residual = 1.237629e-05, Final residual = 1.2258496e-08, No Iterations 1
DILUPBiCGStab:  Solving for k, Initial residual = 9.0736347e-05, Final residual = 1.2109972e-07, No Iterations 1
ExecutionTime = 291.24 s  ClockTime = 292 s

forceCoeffs forceCoeffs write:
    Coefficient	Total	Pressure	Viscous	Internal
    Cd:	-263.38123	-265.94504	2.563813	0
    Cd(f):	-4618.9078	-4623.7464	4.8386331	0
    Cd(r):	4355.5265	4357.8014	-2.2748201	0
    Cl:	-1331.3455	-1332.4045	1.0590445	0
    Cl(f):	7704.0291	7709.8948	-5.8657278	0
    Cl(r):	-9035.3746	-9042.2994	6.9247723	0
    CmPitch:	8369.7018	8376.0971	-6.3952501	0
    CmRoll:	-4487.2171	-4490.7739	3.5567266	0
    CmYaw:	2750.9645	2746.7903	4.1741324	0
    Cs:	318.98273	318.09796	0.88477317	0
    Cs(f):	2910.4558	2905.8393	4.616519	0
    Cs(r):	-2591.4731	-2587.7414	-3.7317458	0

    writing force and moment coefficient files.

Time = 85

DILUPBiCGStab:  Solving for Ux, Initial residual = 0.0011587914, Final residual = 2.7428346e-06, No Iterations 1
DILUPBiCGStab:  Solving for Uy, Initial residual = 0.0047369962, Final residual = 1.2432583e-05, No Iterations 1
DILUPBiCGStab:  Solving for Uz, Initial residual = 0.004464559, Final residual = 1.0969859e-05, No Iterations 1
GAMG:  Solving for p, Initial residual = 0.0020912148, Final residual = 2.0847779e-05, No Iterations 349
time step continuity errors : sum local = 2.689087e-07, global = -2.6656129e-07, cumulative = 1.398308e-08
DILUPBiCGStab:  Solving for omega, Initial residual = 1.6426456e-05, Final residual = 1.9240714e-08, No Iterations 1
DILUPBiCGStab:  Solving for k, Initial residual = 0.00021303374, Final residual = 2.1977333e-07, No Iterations 1
ExecutionTime = 295.23 s  ClockTime = 296 s

forceCoeffs forceCoeffs write:
    Coefficient	Total	Pressure	Viscous	Internal
    Cd:	582.64575	586.16145	-3.5156931	0
    Cd(f):	1135.6419	1126.9492	8.6927227	0
    Cd(r):	-552.99618	-540.78777	-12.208416	0
    Cl:	242.93589	239.17634	3.759552	0
    Cl(f):	-991.80672	-966.6621	-25.144623	0
    Cl(r):	1234.7426	1205.8384	28.904175	0
    CmPitch:	-1113.2747	-1086.2503	-27.024399	0
    CmRoll:	844.31906	833.86849	10.450569	0
    CmYaw:	-3856.8147	-3898.2863	41.47164	0
    Cs:	-306.30272	-310.04076	3.7380387	0
    Cs(f):	-4009.9661	-4053.3067	43.340659	0
    Cs(r):	3703.6633	3743.266	-39.602621	0

    writing force and moment coefficient files.

Time = 86

DILUPBiCGStab:  Solving for Ux, Initial residual = 0.0013615444, Final residual = 4.0462966e-06, No Iterations 1
DILUPBiCGStab:  Solving for Uy, Initial residual = 0.011672878, Final residual = 3.4441457e-05, No Iterations 1
DILUPBiCGStab:  Solving for Uz, Initial residual = 0.0073901936, Final residual = 2.0223654e-05, No Iterations 1
GAMG:  Solving for p, Initial residual = 0.00013708991, Final residual = 1.3573243e-06, No Iterations 342
time step continuity errors : sum local = 2.685842e-07, global = 2.661511e-07, cumulative = 2.8013418e-07
DILUPBiCGStab:  Solving for omega, Initial residual = 2.9749932e-05, Final residual = 3.6090495e-08, No Iterations 1
DILUPBiCGStab:  Solving for k, Initial residual = 0.00031398497, Final residual = 2.3801252e-07, No Iterations 1
ExecutionTime = 299.12 s  ClockTime = 300 s

forceCoeffs forceCoeffs write:
    Coefficient	Total	Pressure	Viscous	Internal
    Cd:	1415.7773	1418.685	-2.9077109	0
    Cd(f):	6278.3812	6271.2144	7.1667976	0
    Cd(r):	-4862.6039	-4852.5294	-10.074509	0
    Cl:	1623.5452	1620.3945	3.150683	0
    Cl(f):	-8574.4784	-8553.2779	-21.200437	0
    Cl(r):	10198.024	10173.672	24.35112	0
    CmPitch:	-9386.251	-9363.4752	-22.775779	0
    CmRoll:	5570.4926	5561.8719	8.6206531	0
    CmYaw:	-10254.444	-10292.346	37.901895	0
    Cs:	-901.85491	-905.35103	3.4961236	0
    Cs(f):	-10705.372	-10745.022	39.649957	0
    Cs(r):	9803.5169	9839.6707	-36.153833	0

    writing force and moment coefficient files.

Time = 87

DILUPBiCGStab:  Solving for Ux, Initial residual = 0.0018878218, Final residual = 4.3680838e-06, No Iterations 1
DILUPBiCGStab:  Solving for Uy, Initial residual = 0.009864285, Final residual = 2.4651013e-05, No Iterations 1
DILUPBiCGStab:  Solving for Uz, Initial residual = 0.0086565526, Final residual = 1.7293779e-05, No Iterations 1
GAMG:  Solving for p, Initial residual = 6.7466591e-05, Final residual = 6.7254754e-07, No Iterations 339
time step continuity errors : sum local = 2.7870553e-07, global = -2.758988e-07, cumulative = 4.2353836e-09
DILUPBiCGStab:  Solving for omega, Initial residual = 2.1221044e-05, Final residual = 1.2855188e-08, No Iterations 1
DILUPBiCGStab:  Solving for k, Initial residual = 0.0001853492, Final residual = 7.7464453e-08, No Iterations 1
ExecutionTime = 303 s  ClockTime = 304 s

forceCoeffs forceCoeffs write:
    Coefficient	Total	Pressure	Viscous	Internal
    Cd:	1394.9262	1392.8723	2.0538817	0
    Cd(f):	6616.0057	6610.6384	5.3673309	0
    Cd(r):	-5221.0795	-5217.766	-3.3134492	0
    Cl:	1738.8558	1737.5028	1.3530377	0
    Cl(f):	-9248.1973	-9240.3291	-7.86821	0
    Cl(r):	10987.053	10977.832	9.2212477	0
    CmPitch:	-10117.625	-10109.08	-8.5447289	0
    CmRoll:	5918.5426	5914.2022	4.34039	0
    CmYaw:	-10167.863	-10175.201	7.3375755	0
    Cs:	-903.41167	-904.54423	1.1325665	0
    Cs(f):	-10619.569	-10627.473	7.9038588	0
    Cs(r):	9716.1574	9722.9287	-6.7712923	0

    writing force and moment coefficient files.

Time = 88

DILUPBiCGStab:  Solving for Ux, Initial residual = 0.0020744573, Final residual = 4.2049585e-06, No Iterations 1
DILUPBiCGStab:  Solving for Uy, Initial residual = 0.0051746587, Final residual = 1.1049028e-05, No Iterations 1
DILUPBiCGStab:  Solving for Uz, Initial residual = 0.0069872331, Final residual = 1.4032943e-05, No Iterations 1
GAMG:  Solving for p, Initial residual = 9.6246414e-05, Final residual = 9.5433889e-07, No Iterations 287
time step continuity errors : sum local = 2.8556868e-07, global = -2.8266486e-07, cumulative = -2.7842948e-07
DILUPBiCGStab:  Solving for omega, Initial residual = 3.3982131e-05, Final residual = 1.5559008e-08, No Iterations 1
DILUPBiCGStab:  Solving for k, Initial residual = 0.00023623772, Final residual = 1.1667004e-07, No Iterations 1
ExecutionTime = 306.34 s  ClockTime = 307 s

forceCoeffs forceCoeffs write:
    Coefficient	Total	Pressure	Viscous	Internal
    Cd:	1202.2865	1200.5681	1.7184013	0
    Cd(f):	7358.1425	7353.0702	5.0723578	0
    Cd(r):	-6155.856	-6152.5021	-3.3539566	0
    Cl:	2020.2689	2018.9083	1.3605962	0
    Cl(f):	-10992.827	-10984.759	-8.0679057	0
    Cl(r):	13013.096	13003.668	9.4285019	0
    CmPitch:	-12002.962	-11994.214	-8.7482038	0
    CmRoll:	6756.9993	6752.7861	4.2131572	0
    CmYaw:	-9108.9757	-9118.3858	9.410055	0
    Cs:	-834.93475	-836.24875	1.3139999	0
    Cs(f):	-9526.4431	-9536.5102	10.067055	0
    Cs(r):	8691.5084	8700.2614	-8.7530551	0

    writing force and moment coefficient files.

Time = 89

DILUPBiCGStab:  Solving for Ux, Initial residual = 0.002798301, Final residual = 1.00402e-05, No Iterations 1
DILUPBiCGStab:  Solving for Uy, Initial residual = 0.0054674261, Final residual = 1.6886805e-05, No Iterations 1
DILUPBiCGStab:  Solving for Uz, Initial residual = 0.0062570939, Final residual = 2.3620256e-05, No Iterations 1
GAMG:  Solving for p, Initial residual = 0.00011772356, Final residual = 1.1618343e-06, No Iterations 250
time step continuity errors : sum local = 3.074418e-07, global = -3.0468644e-07, cumulative = -5.8311591e-07
DILUPBiCGStab:  Solving for omega, Initial residual = 3.3854566e-05, Final residual = 3.7136419e-08, No Iterations 1
DILUPBiCGStab:  Solving for k, Initial residual = 0.00022573876, Final residual = 1.8988397e-07, No Iterations 1
ExecutionTime = 309.3 s  ClockTime = 310 s

forceCoeffs forceCoeffs write:
    Coefficient	Total	Pressure	Viscous	Internal
    Cd:	499.33047	505.14141	-5.8109437	0
    Cd(f):	5345.9679	5338.5308	7.4371073	0
    Cd(r):	-4846.6374	-4833.3894	-13.248051	0
    Cl:	1578.4442	1574.5213	3.9229104	0
    Cl(f):	-8805.3318	-8777.8388	-27.493025	0
    Cl(r):	10383.776	10352.36	31.415936	0
    CmPitch:	-9594.5539	-9565.0994	-29.454481	0
    CmRoll:	5096.3026	5085.9601	10.342579	0
    CmYaw:	-4210.8657	-4267.3859	56.520208	0
    Cs:	-414.87863	-419.80917	4.9305308	0
    Cs(f):	-4418.305	-4477.2905	58.985473	0
    Cs(r):	4003.4264	4057.4813	-54.054942	0

    writing force and moment coefficient files.

Time = 90

DILUPBiCGStab:  Solving for Ux, Initial residual = 0.005181366, Final residual = 1.0349244e-05, No Iterations 1
DILUPBiCGStab:  Solving for Uy, Initial residual = 0.0057777497, Final residual = 1.2115874e-05, No Iterations 1
DILUPBiCGStab:  Solving for Uz, Initial residual = 0.0088576689, Final residual = 1.6942963e-05, No Iterations 1
GAMG:  Solving for p, Initial residual = 0.00032943696, Final residual = 3.259871e-06, No Iterations 374
time step continuity errors : sum local = 3.2214636e-07, global = -3.1983074e-07, cumulative = -9.0294665e-07
DILUPBiCGStab:  Solving for omega, Initial residual = 3.2951213e-05, Final residual = 3.0045124e-08, No Iterations 1
DILUPBiCGStab:  Solving for k, Initial residual = 0.0002800107, Final residual = 1.774708e-07, No Iterations 1
ExecutionTime = 313.5 s  ClockTime = 315 s

forceCoeffs forceCoeffs write:
    Coefficient	Total	Pressure	Viscous	Internal
    Cd:	805.98248	795.66207	10.320411	0
    Cd(f):	10832.471	10834.295	-1.8237828	0
    Cd(r):	-10026.489	-10038.633	12.144194	0
    Cl:	3214.8629	3217.8186	-2.955742	0
    Cl(f):	-18147.877	-18169.818	21.941243	0
    Cl(r):	21362.739	21387.636	-24.896985	0
    CmPitch:	-19755.308	-19778.727	23.419114	0
    CmRoll:	10429.48	10436.464	-6.9839884	0
    CmYaw:	-7376.9106	-7334.5841	-42.326567	0
    Cs:	-765.14774	-762.49086	-2.6568837	0
    Cs(f):	-7759.4845	-7715.8295	-43.655008	0
    Cs(r):	6994.3368	6953.3386	40.998125	0

    writing force and moment coefficient files.

Time = 91

DILUPBiCGStab:  Solving for Ux, Initial residual = 0.0072537263, Final residual = 1.5772564e-05, No Iterations 1
DILUPBiCGStab:  Solving for Uy, Initial residual = 0.0049999739, Final residual = 1.2775276e-05, No Iterations 1
DILUPBiCGStab:  Solving for Uz, Initial residual = 0.0065669848, Final residual = 1.5932312e-05, No Iterations 1
GAMG:  Solving for p, Initial residual = 0.0013411471, Final residual = 1.3383578e-05, No Iterations 433
time step continuity errors : sum local = 3.8776013e-07, global = 3.8488897e-07, cumulative = -5.1805768e-07
DILUPBiCGStab:  Solving for omega, Initial residual = 8.1996943e-05, Final residual = 5.1562115e-08, No Iterations 1
DILUPBiCGStab:  Solving for k, Initial residual = 0.00051422999, Final residual = 2.4927854e-07, No Iterations 1
ExecutionTime = 318.3 s  ClockTime = 319 s

forceCoeffs forceCoeffs write:
    Coefficient	Total	Pressure	Viscous	Internal
    Cd:	-1023.421	-1024.6605	1.239453	0
    Cd(f):	6859.245	6877.9277	-18.682677	0
    Cd(r):	-7882.6661	-7902.5882	19.92213	0
    Cl:	2442.6282	2448.4866	-5.8583903	0
    Cl(f):	-14667.401	-14701.237	33.836337	0
    Cl(r):	17110.029	17149.724	-39.694727	0
    CmPitch:	-15888.715	-15925.48	36.765532	0
    CmRoll:	7370.9556	7390.258	-19.302404	0
    CmYaw:	5043.69	5025.9602	17.729758	0
    Cs:	281.87041	279.45865	2.4117558	0
    Cs(f):	5184.6252	5165.6896	18.935636	0
    Cs(r):	-4902.7548	-4886.2309	-16.52388	0

    writing force and moment coefficient files.

Time = 92

DILUPBiCGStab:  Solving for Ux, Initial residual = 0.023205475, Final residual = 5.338483e-05, No Iterations 1
DILUPBiCGStab:  Solving for Uy, Initial residual = 0.0045715547, Final residual = 1.1169433e-05, No Iterations 1
DILUPBiCGStab:  Solving for Uz, Initial residual = 0.0046112577, Final residual = 1.0535139e-05, No Iterations 1
GAMG:  Solving for p, Initial residual = 9.1584491e-05, Final residual = 9.074663e-07, No Iterations 450
time step continuity errors : sum local = 4.2166232e-07, global = -4.1811445e-07, cumulative = -9.3617214e-07
DILUPBiCGStab:  Solving for omega, Initial residual = 9.9167015e-05, Final residual = 5.1387111e-08, No Iterations 1
DILUPBiCGStab:  Solving for k, Initial residual = 0.00071288119, Final residual = 1.7740996e-07, No Iterations 1
ExecutionTime = 323.28 s  ClockTime = 324 s

forceCoeffs forceCoeffs write:
    Coefficient	Total	Pressure	Viscous	Internal
    Cd:	4195.4589	4144.2259	51.232941	0
    Cd(f):	34688.961	34732.392	-43.4306	0
    Cd(r):	-30493.503	-30588.166	94.663541	0
    Cl:	9762.0955	9788.2359	-26.140411	0
    Cl(f):	-54347.973	-54528.382	180.40916	0
    Cl(r):	64110.068	64316.618	-206.54957	0
    CmPitch:	-59229.021	-59422.5	193.47937	0
    CmRoll:	32591.232	32660.279	-69.04707	0
    CmYaw:	-34142.835	-33855.948	-286.88776	0
    Cs:	-3292.9589	-3271.7755	-21.183328	0
    Cs(f):	-35789.315	-35491.835	-297.47942	0
    Cs(r):	32496.356	32220.06	276.29609	0

    writing force and moment coefficient files.

Time = 93

DILUPBiCGStab:  Solving for Ux, Initial residual = 0.05409606, Final residual = 0.00014787799, No Iterations 1
DILUPBiCGStab:  Solving for Uy, Initial residual = 0.0058987267, Final residual = 1.6491991e-05, No Iterations 1
DILUPBiCGStab:  Solving for Uz, Initial residual = 0.006284793, Final residual = 1.8814291e-05, No Iterations 1
GAMG:  Solving for p, Initial residual = 0.00010894691, Final residual = 1.0812653e-06, No Iterations 369
time step continuity errors : sum local = 4.5327364e-07, global = 4.4874909e-07, cumulative = -4.8742305e-07
DILUPBiCGStab:  Solving for omega, Initial residual = 0.00013884105, Final residual = 6.245588e-08, No Iterations 1
DILUPBiCGStab:  Solving for k, Initial residual = 0.00051178731, Final residual = 1.6867515e-07, No Iterations 1
ExecutionTime = 327.43 s  ClockTime = 329 s

forceCoeffs forceCoeffs write:
    Coefficient	Total	Pressure	Viscous	Internal
    Cd:	1157.1172	1137.7883	19.328828	0
    Cd(f):	16609.965	16631.19	-21.224513	0
    Cd(r):	-15452.848	-15493.401	40.553341	0
    Cl:	4972.8143	4983.9634	-11.14902	0
    Cl(f):	-28040.747	-28115.849	75.101668	0
    Cl(r):	33013.561	33099.812	-86.250688	0
    CmPitch:	-30527.154	-30607.83	80.676178	0
    CmRoll:	16031.406	16062.295	-30.888927	0
    CmYaw:	-10803.557	-10708.891	-94.666766	0
    Cs:	-1146.82	-1140.4466	-6.3733897	0
    Cs(f):	-11376.967	-11279.114	-97.85346	0
    Cs(r):	10230.147	10138.667	91.480071	0

    writing force and moment coefficient files.

Time = 94

DILUPBiCGStab:  Solving for Ux, Initial residual = 0.026387352, Final residual = 6.5126101e-05, No Iterations 1
DILUPBiCGStab:  Solving for Uy, Initial residual = 0.0053521937, Final residual = 1.3534255e-05, No Iterations 1
DILUPBiCGStab:  Solving for Uz, Initial residual = 0.0067312765, Final residual = 1.9381668e-05, No Iterations 1
GAMG:  Solving for p, Initial residual = 0.00010340627, Final residual = 1.0304651e-06, No Iterations 439
time step continuity errors : sum local = 5.1045163e-07, global = -5.069251e-07, cumulative = -9.9434814e-07
DILUPBiCGStab:  Solving for omega, Initial residual = 0.00010288703, Final residual = 4.620852e-08, No Iterations 1
DILUPBiCGStab:  Solving for k, Initial residual = 0.00031197217, Final residual = 1.1899534e-07, No Iterations 1
ExecutionTime = 332.29 s  ClockTime = 333 s

forceCoeffs forceCoeffs write:
    Coefficient	Total	Pressure	Viscous	Internal
    Cd:	3968.0641	3951.7855	16.278584	0
    Cd(f):	23852.631	23865.168	-12.536986	0
    Cd(r):	-19884.567	-19913.382	28.81557	0
    Cl:	6480.2641	6487.9783	-7.7142335	0
    Cl(f):	-35260.64	-35313.877	53.236504	0
    Cl(r):	41740.905	41801.855	-60.950738	0
    CmPitch:	-38500.772	-38557.866	57.093621	0
    CmRoll:	21868.599	21889.275	-20.676278	0
    CmYaw:	-30226.621	-30149.502	-77.119422	0
    Cs:	-2792.7715	-2787.6128	-5.1587521	0
    Cs(f):	-31623.007	-31543.308	-79.698798	0
    Cs(r):	28830.235	28755.695	74.540046	0

    writing force and moment coefficient files.

Time = 95

DILUPBiCGStab:  Solving for Ux, Initial residual = 0.026337101, Final residual = 6.7148689e-05, No Iterations 1
DILUPBiCGStab:  Solving for Uy, Initial residual = 0.0063051257, Final residual = 1.4608344e-05, No Iterations 1
DILUPBiCGStab:  Solving for Uz, Initial residual = 0.0092861066, Final residual = 2.5142397e-05, No Iterations 1
GAMG:  Solving for p, Initial residual = 0.0004732185, Final residual = 4.7079156e-06, No Iterations 482
time step continuity errors : sum local = 5.3155242e-07, global = -5.2778772e-07, cumulative = -1.5221359e-06
DILUPBiCGStab:  Solving for omega, Initial residual = 9.4730099e-05, Final residual = 4.944179e-08, No Iterations 1
DILUPBiCGStab:  Solving for k, Initial residual = 0.00039681279, Final residual = 2.279557e-07, No Iterations 1
ExecutionTime = 337.59 s  ClockTime = 339 s

forceCoeffs forceCoeffs write:
    Coefficient	Total	Pressure	Viscous	Internal
    Cd:	3226.0083	3217.9385	8.0698429	0
    Cd(f):	2641.3474	2647.4842	-6.1368057	0
    Cd(r):	584.66091	570.45426	14.206649	0
    Cl:	70.070766	73.778428	-3.707662	0
    Cl(f):	1659.8352	1634.76	25.075175	0
    Cl(r):	-1589.7644	-1560.9816	-28.782837	0
    CmPitch:	1624.7998	1597.8708	26.929006	0
    CmRoll:	1028.3432	1038.515	-10.171727	0
    CmYaw:	-20724.866	-20697.767	-27.099611	0
    Cs:	-1657.0523	-1655.6859	-1.3663773	0
    Cs(f):	-21553.392	-21525.609	-27.7828	0
    Cs(r):	19896.34	19869.924	26.416422	0

    writing force and moment coefficient files.

Time = 96

DILUPBiCGStab:  Solving for Ux, Initial residual = 0.016402797, Final residual = 4.2762307e-05, No Iterations 1
DILUPBiCGStab:  Solving for Uy, Initial residual = 0.005316899, Final residual = 1.3917823e-05, No Iterations 1
DILUPBiCGStab:  Solving for Uz, Initial residual = 0.0089331782, Final residual = 2.1492175e-05, No Iterations 1
GAMG:  Solving for p, Initial residual = 0.00013648055, Final residual = 1.3586995e-06, No Iterations 603
time step continuity errors : sum local = 5.6316889e-07, global = 5.5840047e-07, cumulative = -9.637354e-07
DILUPBiCGStab:  Solving for omega, Initial residual = 9.9521897e-05, Final residual = 8.8878258e-08, No Iterations 1
DILUPBiCGStab:  Solving for k, Initial residual = 0.00035882388, Final residual = 2.6601004e-07, No Iterations 1
ExecutionTime = 344.09 s  ClockTime = 345 s

forceCoeffs forceCoeffs write:
    Coefficient	Total	Pressure	Viscous	Internal
    Cd:	-6402.9099	-6423.9203	21.010365	0
    Cd(f):	-71050.754	-71038.903	-11.850812	0
    Cd(r):	64647.844	64614.983	32.861177	0
    Cl:	-20409.948	-20401.311	-8.6372862	0
    Cl(f):	115511.55	115450.1	61.453688	0
    Cl(r):	-135921.5	-135851.41	-70.090974	0
    CmPitch:	125716.52	125650.75	65.772331	0
    CmRoll:	-67849.299	-67826.943	-22.355995	0
    CmYaw:	56671.06	56778.318	-107.2582	0
    Cs:	5766.8154	5774.3126	-7.4972063	0
    Cs(f):	59554.467	59665.474	-111.0068	0
    Cs(r):	-53787.652	-53891.162	103.5096	0

    writing force and moment coefficient files.

Time = 97

DILUPBiCGStab:  Solving for Ux, Initial residual = 0.016291635, Final residual = 4.7756324e-05, No Iterations 1
DILUPBiCGStab:  Solving for Uy, Initial residual = 0.0050072249, Final residual = 1.5903695e-05, No Iterations 1
DILUPBiCGStab:  Solving for Uz, Initial residual = 0.0077189722, Final residual = 2.1723024e-05, No Iterations 1
GAMG:  Solving for p, Initial residual = 2.5497193e-05, Final residual = 2.5371002e-07, No Iterations 708
time step continuity errors : sum local = 6.2891231e-07, global = 6.2415555e-07, cumulative = -3.3957985e-07
DILUPBiCGStab:  Solving for omega, Initial residual = 7.8975268e-05, Final residual = 6.5647326e-08, No Iterations 1
DILUPBiCGStab:  Solving for k, Initial residual = 0.00031077863, Final residual = 2.4501229e-07, No Iterations 1
ExecutionTime = 351.64 s  ClockTime = 353 s

forceCoeffs forceCoeffs write:
    Coefficient	Total	Pressure	Viscous	Internal
    Cd:	-4351.7504	-4356.8407	5.090316	0
    Cd(f):	-84702.357	-84707.936	5.5789326	0
    Cd(r):	80350.606	80351.095	-0.48861669	0
    Cl:	-25187.026	-25187.822	0.79594646	0
    Cl(f):	144450.33	144452.91	-2.5817074	0
    Cl(r):	-169637.35	-169640.73	3.3776539	0
    CmPitch:	157043.84	157046.82	-2.9796806	0
    CmRoll:	-82526.482	-82529.515	3.0337747	0
    CmYaw:	46770.178	46782.636	-12.45785	0
    Cs:	5246.4299	5246.7901	-0.36019802	0
    Cs(f):	49393.393	49406.031	-12.637949	0
    Cs(r):	-44146.963	-44159.241	12.277751	0

    writing force and moment coefficient files.

Time = 98

DILUPBiCGStab:  Solving for Ux, Initial residual = 0.020586634, Final residual = 6.684147e-05, No Iterations 1
DILUPBiCGStab:  Solving for Uy, Initial residual = 0.0048856547, Final residual = 1.6497678e-05, No Iterations 1
DILUPBiCGStab:  Solving for Uz, Initial residual = 0.0094177515, Final residual = 3.5224978e-05, No Iterations 1
GAMG:  Solving for p, Initial residual = 4.6413528e-05, Final residual = 4.6111775e-07, No Iterations 715
time step continuity errors : sum local = 6.5408783e-07, global = -6.4913547e-07, cumulative = -9.8871532e-07
DILUPBiCGStab:  Solving for omega, Initial residual = 7.5705391e-05, Final residual = 9.6525801e-08, No Iterations 1
DILUPBiCGStab:  Solving for k, Initial residual = 0.00031838669, Final residual = 4.5463468e-07, No Iterations 1
ExecutionTime = 359.27 s  ClockTime = 360 s

forceCoeffs forceCoeffs write:
    Coefficient	Total	Pressure	Viscous	Internal
    Cd:	-4005.4876	-4022.4521	16.964465	0
    Cd(f):	-90816.023	-90809.219	-6.8037119	0
    Cd(r):	86810.535	86786.767	23.768177	0
    Cl:	-27173.923	-27168.134	-5.7890738	0
    Cl(f):	156183.89	156140.83	43.059761	0
    Cl(r):	-183357.81	-183308.96	-48.848834	0
    CmPitch:	169770.85	169724.89	45.954298	0
    CmRoll:	-88813.279	-88797.993	-15.285944	0
    CmYaw:	45964.353	46048.253	-83.900039	0
    Cs:	5297.0988	5302.718	-5.6191674	0
    Cs(f):	48612.903	48699.612	-86.709622	0
    Cs(r):	-43315.804	-43396.894	81.090455	0

    writing force and moment coefficient files.

Time = 99

DILUPBiCGStab:  Solving for Ux, Initial residual = 0.014595914, Final residual = 5.6955019e-05, No Iterations 1
DILUPBiCGStab:  Solving for Uy, Initial residual = 0.004228957, Final residual = 1.8820912e-05, No Iterations 1
DILUPBiCGStab:  Solving for Uz, Initial residual = 0.011862361, Final residual = 5.0616516e-05, No Iterations 1
GAMG:  Solving for p, Initial residual = 8.9649519e-05, Final residual = 8.9072798e-07, No Iterations 701
time step continuity errors : sum local = 7.3760054e-07, global = -7.3191264e-07, cumulative = -1.720628e-06
DILUPBiCGStab:  Solving for omega, Initial residual = 7.9392716e-05, Final residual = 1.4092209e-07, No Iterations 1
DILUPBiCGStab:  Solving for k, Initial residual = 0.00036111613, Final residual = 5.9405942e-07, No Iterations 1
ExecutionTime = 366.77 s  ClockTime = 368 s

forceCoeffs forceCoeffs write:
    Coefficient	Total	Pressure	Viscous	Internal
    Cd:	5979.5707	5972.974	6.5967538	0
    Cd(f):	-75792.878	-75828.638	35.759951	0
    Cd(r):	81772.449	81801.612	-29.163197	0
    Cl:	-24980.007	-24989.889	9.881482	0
    Cl(f):	149153.47	149208.14	-54.676603	0
    Cl(r):	-174133.48	-174198.03	64.558085	0
    CmPitch:	161643.47	161703.09	-59.617344	0
    CmRoll:	-78782.664	-78815.125	32.461574	0
    CmYaw:	-20297.473	-20270.183	-27.289374	0
    Cs:	-166.65422	-164.64466	-2.0095683	0
    Cs(f):	-20380.8	-20352.506	-28.294158	0
    Cs(r):	20214.146	20187.861	26.28459	0

    writing force and moment coefficient files.

Time = 100

DILUPBiCGStab:  Solving for Ux, Initial residual = 0.018487468, Final residual = 7.6907051e-05, No Iterations 1
DILUPBiCGStab:  Solving for Uy, Initial residual = 0.0048069309, Final residual = 2.1744541e-05, No Iterations 1
DILUPBiCGStab:  Solving for Uz, Initial residual = 0.018306346, Final residual = 9.3397369e-05, No Iterations 1
GAMG:  Solving for p, Initial residual = 0.00036552081, Final residual = 3.639486e-06, No Iterations 611
time step continuity errors : sum local = 8.4099229e-07, global = 8.3423903e-07, cumulative = -8.8638893e-07
DILUPBiCGStab:  Solving for omega, Initial residual = 7.4002582e-05, Final residual = 1.4305789e-07, No Iterations 1
DILUPBiCGStab:  Solving for k, Initial residual = 0.00033885985, Final residual = 7.1907612e-07, No Iterations 1
ExecutionTime = 373.37 s  ClockTime = 375 s

forceCoeffs forceCoeffs write:
    Coefficient	Total	Pressure	Viscous	Internal
    Cd:	8195.1827	8194.6649	0.51772989	0
    Cd(f):	-44765.318	-44772.344	7.0261674	0
    Cd(r):	52960.501	52967.009	-6.5084375	0
    Cl:	-15939.078	-15941.418	2.3401167	0
    Cl(f):	97603.858	97618.346	-14.48849	0
    Cl(r):	-113542.94	-113559.76	16.828607	0
    CmPitch:	105573.4	105589.06	-15.658548	0
    CmRoll:	-48862.909	-48869.677	6.7673025	0
    CmYaw:	-41327.984	-41346.14	18.15635	0
    Cs:	-2391.0419	-2393.0479	2.0060685	0
    Cs(f):	-42523.505	-42542.664	19.159384	0
    Cs(r):	40132.463	40149.616	-17.153316	0

    writing force and moment coefficient files.

Time = 101

DILUPBiCGStab:  Solving for Ux, Initial residual = 0.042961214, Final residual = 0.00019489211, No Iterations 1
DILUPBiCGStab:  Solving for Uy, Initial residual = 0.0062607193, Final residual = 3.1235685e-05, No Iterations 1
DILUPBiCGStab:  Solving for Uz, Initial residual = 0.034845038, Final residual = 0.00017608734, No Iterations 1
GAMG:  Solving for p, Initial residual = 4.5240309e-05, Final residual = 4.507894e-07, No Iterations 513
time step continuity errors : sum local = 8.6964069e-07, global = -8.6236173e-07, cumulative = -1.7487507e-06
DILUPBiCGStab:  Solving for omega, Initial residual = 8.9740737e-05, Final residual = 1.314489e-07, No Iterations 1
DILUPBiCGStab:  Solving for k, Initial residual = 0.00045667135, Final residual = 6.5576093e-07, No Iterations 1
ExecutionTime = 379 s  ClockTime = 380 s

forceCoeffs forceCoeffs write:
    Coefficient	Total	Pressure	Viscous	Internal
    Cd:	21830.663	21804.546	26.117903	0
    Cd(f):	6859.6122	6823.2632	36.348947	0
    Cd(r):	14971.051	14981.282	-10.231044	0
    Cl:	-3316.0315	-3321.1444	5.1129167	0
    Cl(f):	31827.68	31843.514	-15.83394	0
    Cl(r):	-35143.712	-35164.659	20.946857	0
    CmPitch:	33485.696	33504.087	-18.390398	0
    CmRoll:	-4055.7195	-4079.0095	23.289996	0
    CmYaw:	-138966.06	-138817.4	-148.65541	0
    Cs:	-10983.805	-10972.301	-11.50389	0
    Cs(f):	-144457.96	-144303.55	-154.40736	0
    Cs(r):	133474.16	133331.25	142.90347	0

    writing force and moment coefficient files.

Time = 102

DILUPBiCGStab:  Solving for Ux, Initial residual = 0.073078212, Final residual = 0.00031066382, No Iterations 1
DILUPBiCGStab:  Solving for Uy, Initial residual = 0.0078814795, Final residual = 3.7834773e-05, No Iterations 1
DILUPBiCGStab:  Solving for Uz, Initial residual = 0.084638349, Final residual = 0.00035691614, No Iterations 1
GAMG:  Solving for p, Initial residual = 2.0056023e-05, Final residual = 1.9859729e-07, No Iterations 347
time step continuity errors : sum local = 9.4365087e-07, global = 9.3440492e-07, cumulative = -8.1434574e-07
DILUPBiCGStab:  Solving for omega, Initial residual = 0.00015317797, Final residual = 1.9122925e-07, No Iterations 1
DILUPBiCGStab:  Solving for k, Initial residual = 0.00066121473, Final residual = 8.9591006e-07, No Iterations 1
ExecutionTime = 382.95 s  ClockTime = 384 s

forceCoeffs forceCoeffs write:
    Coefficient	Total	Pressure	Viscous	Internal
    Cd:	32209.514	32231.261	-21.746855	0
    Cd(f):	125432.64	125417.92	14.723569	0
    Cd(r):	-93223.124	-93186.654	-36.470424	0
    Cl:	30880.335	30870.084	10.251541	0
    Cl(f):	-161702.97	-161629.58	-73.390461	0
    Cl(r):	192583.3	192499.66	83.642002	0
    CmPitch:	-177143.13	-177064.62	-78.516231	0
    CmRoll:	109327.88	109302.28	25.596997	0
    CmYaw:	-231287.2	-231441.73	154.52535	0
    Cs:	-20411.033	-20423.622	12.588966	0
    Cs(f):	-241492.72	-241653.54	160.81984	0
    Cs(r):	221081.68	221229.92	-148.23087	0

    writing force and moment coefficient files.

Time = 103

DILUPBiCGStab:  Solving for Ux, Initial residual = 0.25292257, Final residual = 0.00079108042, No Iterations 1
DILUPBiCGStab:  Solving for Uy, Initial residual = 0.013342159, Final residual = 5.216426e-05, No Iterations 1
DILUPBiCGStab:  Solving for Uz, Initial residual = 0.16307429, Final residual = 0.00055702148, No Iterations 1
GAMG:  Solving for p, Initial residual = 1.3672111e-05, Final residual = 1.3652492e-07, No Iterations 455
time step continuity errors : sum local = 1.0919063e-06, global = -1.0852534e-06, cumulative = -1.8995991e-06
DILUPBiCGStab:  Solving for omega, Initial residual = 0.00025185628, Final residual = 2.1115012e-07, No Iterations 1
DILUPBiCGStab:  Solving for k, Initial residual = 0.001004772, Final residual = 9.7282947e-07, No Iterations 1
ExecutionTime = 387.97 s  ClockTime = 389 s

forceCoeffs forceCoeffs write:
    Coefficient	Total	Pressure	Viscous	Internal
    Cd:	29425.428	29359.532	65.895635	0
    Cd(f):	100360.76	100381.26	-20.502016	0
    Cd(r):	-70935.332	-71021.73	86.397651	0
    Cl:	23826.349	23848.732	-22.382853	0
    Cl(f):	-122098.79	-122266.55	167.76059	0
    Cl(r):	145925.14	146115.28	-190.14344	0
    CmPitch:	-134011.96	-134190.92	178.95202	0
    CmRoll:	85648.046	85701.496	-53.449833	0
    CmYaw:	-208087.39	-207701.05	-386.34046	0
    Cs:	-18138.734	-18109.647	-29.086991	0
    Cs(f):	-217156.76	-216755.87	-400.88396	0
    Cs(r):	199018.02	198646.23	371.79697	0

    writing force and moment coefficient files.

Time = 104

DILUPBiCGStab:  Solving for Ux, Initial residual = 0.11462182, Final residual = 0.00052336719, No Iterations 1
DILUPBiCGStab:  Solving for Uy, Initial residual = 0.02478234, Final residual = 0.00011710963, No Iterations 1
DILUPBiCGStab:  Solving for Uz, Initial residual = 0.12952413, Final residual = 0.00059042195, No Iterations 1
GAMG:  Solving for p, Initial residual = 1.935077e-05, Final residual = 1.9167384e-07, No Iterations 488
time step continuity errors : sum local = 1.2939598e-06, global = 1.2877017e-06, cumulative = -6.1189747e-07
DILUPBiCGStab:  Solving for omega, Initial residual = 0.00034738161, Final residual = 2.7761778e-07, No Iterations 1
DILUPBiCGStab:  Solving for k, Initial residual = 0.001361832, Final residual = 1.3549835e-06, No Iterations 1
ExecutionTime = 393.36 s  ClockTime = 395 s

forceCoeffs forceCoeffs write:
    Coefficient	Total	Pressure	Viscous	Internal
    Cd:	27511.557	27558.993	-47.436003	0
    Cd(f):	156695.08	156706.57	-11.489464	0
    Cd(r):	-129183.52	-129147.57	-35.946539	0
    Cl:	41821.98	41813.366	8.6134081	0
    Cl(f):	-228097.86	-228019.64	-78.225971	0
    Cl(r):	269919.84	269833	86.839379	0
    CmPitch:	-249008.85	-248926.32	-82.532675	0
    CmRoll:	142939.3	142927.07	12.228538	0
    CmYaw:	-208852.77	-209172.45	319.68169	0
    Cs:	-19255.417	-19281.557	26.140522	0
    Cs(f):	-218480.48	-218813.23	332.75195	0
    Cs(r):	199225.06	199531.67	-306.61143	0

    writing force and moment coefficient files.

Time = 105

DILUPBiCGStab:  Solving for Ux, Initial residual = 0.11941776, Final residual = 0.00030280926, No Iterations 1
DILUPBiCGStab:  Solving for Uy, Initial residual = 0.023453268, Final residual = 6.8220597e-05, No Iterations 1
DILUPBiCGStab:  Solving for Uz, Initial residual = 0.082981812, Final residual = 0.0002880242, No Iterations 1
GAMG:  Solving for p, Initial residual = 2.3118011e-05, Final residual = 2.3095011e-07, No Iterations 675
time step continuity errors : sum local = 1.504466e-06, global = -1.4960346e-06, cumulative = -2.1079321e-06
DILUPBiCGStab:  Solving for omega, Initial residual = 0.00042746427, Final residual = 5.1888405e-07, No Iterations 1
DILUPBiCGStab:  Solving for k, Initial residual = 0.0015947278, Final residual = 1.9726984e-06, No Iterations 1
ExecutionTime = 400.84 s  ClockTime = 402 s

forceCoeffs forceCoeffs write:
    Coefficient	Total	Pressure	Viscous	Internal
    Cd:	39494.139	39295.036	199.10306	0
    Cd(f):	271528.96	271637.27	-108.31891	0
    Cd(r):	-232034.82	-232342.24	307.42197	0
    Cl:	74597.265	74679.647	-82.382115	0
    Cl(f):	-411956.95	-412552.72	595.77832	0
    Cl(r):	486554.21	487232.37	-678.16044	0
    CmPitch:	-449255.58	-449892.55	636.96938	0
    CmRoll:	251781.89	251989.76	-207.87044	0
    CmYaw:	-310254.97	-309050.77	-1204.2036	0
    Cs:	-29332.957	-29241.696	-91.261601	0
    Cs(f):	-324921.45	-323671.62	-1249.8344	0
    Cs(r):	295588.5	294429.92	1158.5728	0

    writing force and moment coefficient files.

Time = 106

DILUPBiCGStab:  Solving for Ux, Initial residual = 0.079798146, Final residual = 0.00018213038, No Iterations 1
DILUPBiCGStab:  Solving for Uy, Initial residual = 0.028485772, Final residual = 6.8004341e-05, No Iterations 1
DILUPBiCGStab:  Solving for Uz, Initial residual = 0.070584681, Final residual = 0.0002010192, No Iterations 1
GAMG:  Solving for p, Initial residual = 5.0207916e-05, Final residual = 5.0115413e-07, No Iterations 683
time step continuity errors : sum local = 1.8161929e-06, global = -1.8052934e-06, cumulative = -3.9132255e-06
DILUPBiCGStab:  Solving for omega, Initial residual = 0.00046819216, Final residual = 3.352343e-07, No Iterations 1
DILUPBiCGStab:  Solving for k, Initial residual = 0.0017242318, Final residual = 1.3618683e-06, No Iterations 1
ExecutionTime = 408.5 s  ClockTime = 410 s

forceCoeffs forceCoeffs write:
    Coefficient	Total	Pressure	Viscous	Internal
    Cd:	5869.6187	5839.7619	29.856801	0
    Cd(f):	130825.84	130876.53	-50.691993	0
    Cd(r):	-124956.22	-125036.77	80.548794	0
    Cl:	39310.325	39333.316	-22.990534	0
    Cl(f):	-225285.57	-225435.66	150.09413	0
    Cl(r):	264595.89	264768.98	-173.08466	0
    CmPitch:	-244940.73	-245102.32	161.5894	0
    CmRoll:	127891.03	127956.65	-65.620394	0
    CmYaw:	-66491.41	-66339.021	-152.38863	0
    Cs:	-7655.5953	-7645.2108	-10.384533	0
    Cs(f):	-70319.207	-70161.626	-157.5809	0
    Cs(r):	62663.612	62516.416	147.19637	0

    writing force and moment coefficient files.

Time = 107

DILUPBiCGStab:  Solving for Ux, Initial residual = 0.086818311, Final residual = 0.00030334982, No Iterations 1
DILUPBiCGStab:  Solving for Uy, Initial residual = 0.028476881, Final residual = 0.00011095338, No Iterations 1
DILUPBiCGStab:  Solving for Uz, Initial residual = 0.073745587, Final residual = 0.00032428495, No Iterations 1
GAMG:  Solving for p, Initial residual = 0.0001292742, Final residual = 1.2797711e-06, No Iterations 588
time step continuity errors : sum local = 2.1991631e-06, global = -2.1842601e-06, cumulative = -6.0974856e-06
DILUPBiCGStab:  Solving for omega, Initial residual = 0.00040554037, Final residual = 4.7695661e-07, No Iterations 1
DILUPBiCGStab:  Solving for k, Initial residual = 0.0012723007, Final residual = 1.2087369e-06, No Iterations 1
ExecutionTime = 415.35 s  ClockTime = 417 s

forceCoeffs forceCoeffs write:
    Coefficient	Total	Pressure	Viscous	Internal
    Cd:	5438.6167	5306.747	131.86974	0
    Cd(f):	66045.907	66306.157	-260.25006	0
    Cd(r):	-60607.291	-60999.41	392.1198	0
    Cl:	19177.432	19289.9	-112.46868	0
    Cl(f):	-108130.08	-108862.79	732.70654	0
    Cl(r):	127307.51	128152.69	-845.17521	0
    CmPitch:	-117718.8	-118507.74	788.94088	0
    CmRoll:	63326.599	63652.784	-326.18493	0
    CmYaw:	-49211.61	-48465.341	-746.26892	0
    Cs:	-5068.2695	-5015.6627	-52.606803	0
    Cs(f):	-51745.744	-50973.172	-772.57232	0
    Cs(r):	46677.475	45957.509	719.96552	0

    writing force and moment coefficient files.

Time = 108

DILUPBiCGStab:  Solving for Ux, Initial residual = 0.03937852, Final residual = 0.00014777638, No Iterations 1
DILUPBiCGStab:  Solving for Uy, Initial residual = 0.023496003, Final residual = 9.5827798e-05, No Iterations 1
DILUPBiCGStab:  Solving for Uz, Initial residual = 0.053576053, Final residual = 0.00021129464, No Iterations 1
GAMG:  Solving for p, Initial residual = 0.00010776712, Final residual = 1.0688179e-06, No Iterations 848
time step continuity errors : sum local = 2.452052e-06, global = -2.4400736e-06, cumulative = -8.5375592e-06
DILUPBiCGStab:  Solving for omega, Initial residual = 0.00065782545, Final residual = 3.6571293e-07, No Iterations 1
DILUPBiCGStab:  Solving for k, Initial residual = 0.0023771642, Final residual = 1.8196026e-06, No Iterations 1
ExecutionTime = 425.95 s  ClockTime = 427 s

forceCoeffs forceCoeffs write:
    Coefficient	Total	Pressure	Viscous	Internal
    Cd:	23729.272	23383.433	345.83947	0
    Cd(f):	241640.62	242040.67	-400.05128	0
    Cd(r):	-217911.35	-218657.24	745.89075	0
    Cl:	69333.651	69542.777	-209.12584	0
    Cl(f):	-390323.7	-391743.1	1419.4048	0
    Cl(r):	459657.35	461285.88	-1628.5307	0
    CmPitch:	-424990.52	-426514.49	1523.9678	0
    CmRoll:	229775.99	230348.96	-572.97102	0
    CmYaw:	-204038.18	-201987.04	-2051.1383	0
    Cs:	-20514.667	-20362.262	-152.40539	0
    Cs(f):	-214295.51	-212168.17	-2127.341	0
    Cs(r):	193780.85	191805.91	1974.9356	0

    writing force and moment coefficient files.

Time = 109

DILUPBiCGStab:  Solving for Ux, Initial residual = 0.04038709, Final residual = 0.0002226195, No Iterations 1
DILUPBiCGStab:  Solving for Uy, Initial residual = 0.026827562, Final residual = 0.00015174868, No Iterations 1
DILUPBiCGStab:  Solving for Uz, Initial residual = 0.05603344, Final residual = 0.00033509001, No Iterations 1
GAMG:  Solving for p, Initial residual = 4.2151122e-05, Final residual = 1.2151537e-06, No Iterations 1000
time step continuity errors : sum local = 8.276805e-06, global = -8.2250391e-06, cumulative = -1.6762598e-05
DILUPBiCGStab:  Solving for omega, Initial residual = 0.00060083792, Final residual = 5.3864158e-07, No Iterations 1
DILUPBiCGStab:  Solving for k, Initial residual = 0.0015681885, Final residual = 1.7777361e-06, No Iterations 1
ExecutionTime = 439.34 s  ClockTime = 441 s

forceCoeffs forceCoeffs write:
    Coefficient	Total	Pressure	Viscous	Internal
    Cd:	4982.9609	4594.9178	388.04311	0
    Cd(f):	-38919.406	-38484.326	-435.08018	0
    Cd(r):	43902.367	43079.243	823.1233	0
    Cl:	-13191.184	-12960.68	-230.50325	0
    Cl(f):	79697.448	78128.891	1568.5569	0
    Cl(r):	-92888.632	-91089.572	-1799.0601	0
    CmPitch:	86293.04	84609.231	1683.8085	0
    CmRoll:	-41410.886	-40781.784	-629.10174	0
    CmYaw:	-22773.06	-20459.486	-2313.5735	0
    Cs:	-1097.8691	-925.25694	-172.61217	0
    Cs(f):	-23321.994	-20922.115	-2399.8796	0
    Cs(r):	22224.125	19996.858	2227.2674	0

    writing force and moment coefficient files.

Time = 110

DILUPBiCGStab:  Solving for Ux, Initial residual = 0.037546314, Final residual = 0.00035936503, No Iterations 1
DILUPBiCGStab:  Solving for Uy, Initial residual = 0.026616809, Final residual = 3.1591994e-05, No Iterations 2
DILUPBiCGStab:  Solving for Uz, Initial residual = 0.062196387, Final residual = 0.00039483105, No Iterations 1
GAMG:  Solving for p, Initial residual = 3.2110056e-05, Final residual = 5.764105e-07, No Iterations 1000
time step continuity errors : sum local = 5.9587929e-06, global = -5.9286578e-06, cumulative = -2.2691256e-05
DILUPBiCGStab:  Solving for omega, Initial residual = 0.00054516335, Final residual = 9.2331219e-07, No Iterations 1
DILUPBiCGStab:  Solving for k, Initial residual = 0.0018787006, Final residual = 3.2138307e-06, No Iterations 1
ExecutionTime = 452.41 s  ClockTime = 454 s

forceCoeffs forceCoeffs write:
    Coefficient	Total	Pressure	Viscous	Internal
    Cd:	63443.283	63036.364	406.91899	0
    Cd(f):	303929.22	304339.02	-409.79431	0
    Cd(r):	-240485.94	-241302.65	816.7133	0
    Cl:	78536.157	78763.946	-227.78856	0
    Cl(f):	-422296.12	-423858.33	1562.2109	0
    Cl(r):	500832.28	502622.28	-1789.9995	0
    CmPitch:	-461564.2	-463240.31	1676.1052	0
    CmRoll:	272207.58	272820.83	-613.2538	0
    CmYaw:	-468624.59	-466197.69	-2426.9049	0
    Cs:	-42338.832	-42157.073	-181.75969	0
    Cs(f):	-489794.01	-487276.22	-2517.7848	0
    Cs(r):	447455.18	445119.15	2336.0251	0

    writing force and moment coefficient files.

Time = 111

DILUPBiCGStab:  Solving for Ux, Initial residual = 0.03758082, Final residual = 0.00020576558, No Iterations 1
DILUPBiCGStab:  Solving for Uy, Initial residual = 0.026855902, Final residual = 0.00016239509, No Iterations 1
DILUPBiCGStab:  Solving for Uz, Initial residual = 0.064881345, Final residual = 0.00035015664, No Iterations 1
GAMG:  Solving for p, Initial residual = 2.0949817e-05, Final residual = 2.0829435e-07, No Iterations 766
time step continuity errors : sum local = 3.6818857e-06, global = -3.6578756e-06, cumulative = -2.6349132e-05
DILUPBiCGStab:  Solving for omega, Initial residual = 0.00070820089, Final residual = 1.0470914e-06, No Iterations 1
DILUPBiCGStab:  Solving for k, Initial residual = 0.003005037, Final residual = 3.5726688e-06, No Iterations 1
ExecutionTime = 461.76 s  ClockTime = 463 s

forceCoeffs forceCoeffs write:
    Coefficient	Total	Pressure	Viscous	Internal
    Cd:	102026.82	101677.08	349.74594	0
    Cd(f):	82931.196	83265.897	-334.70092	0
    Cd(r):	19095.625	18411.178	684.44686	0
    Cl:	106.39011	296.38758	-189.99746	0
    Cl(f):	56989.739	55679.815	1309.9239	0
    Cl(r):	-56883.349	-55383.428	-1499.9213	0
    CmPitch:	56936.544	55531.622	1404.9226	0
    CmRoll:	31917.785	32427.359	-509.57389	0
    CmYaw:	-661161.05	-659065.36	-2095.6867	0
    Cs:	-53252.962	-53095.878	-157.08383	0
    Cs(f):	-687787.53	-685613.3	-2174.2286	0
    Cs(r):	634534.57	632517.42	2017.1448	0

    writing force and moment coefficient files.

Time = 112

DILUPBiCGStab:  Solving for Ux, Initial residual = 0.040906779, Final residual = 0.00019399956, No Iterations 1
DILUPBiCGStab:  Solving for Uy, Initial residual = 0.030559209, Final residual = 0.00015706402, No Iterations 1
DILUPBiCGStab:  Solving for Uz, Initial residual = 0.093008766, Final residual = 0.00038449868, No Iterations 1
GAMG:  Solving for p, Initial residual = 1.6735055e-05, Final residual = 1.6695491e-07, No Iterations 746
time step continuity errors : sum local = 4.1070888e-06, global = -4.0849716e-06, cumulative = -3.0434103e-05
DILUPBiCGStab:  Solving for omega, Initial residual = 0.00096839373, Final residual = 1.3273735e-06, No Iterations 1
DILUPBiCGStab:  Solving for k, Initial residual = 0.0029416557, Final residual = 4.9251387e-06, No Iterations 1
ExecutionTime = 470.44 s  ClockTime = 472 s

forceCoeffs forceCoeffs write:
    Coefficient	Total	Pressure	Viscous	Internal
    Cd:	50639.735	50478.997	160.73742	0
    Cd(f):	371213.46	371332.66	-119.19935	0
    Cd(r):	-320573.73	-320853.67	279.93677	0
    Cl:	101952.06	102028.31	-76.255931	0
    Cl(f):	-568178.62	-568716.06	537.43848	0
    Cl(r):	670130.68	670744.37	-613.69441	0
    CmPitch:	-619154.65	-619730.21	575.56644	0
    CmRoll:	345893.6	346093.17	-199.56806	0
    CmYaw:	-404321.35	-403362.48	-958.86144	0
    Cs:	-38442.686	-38370.653	-72.032299	0
    Cs(f):	-423542.69	-422547.81	-994.87759	0
    Cs(r):	385100	384177.16	922.84529	0

    writing force and moment coefficient files.

Time = 113

DILUPBiCGStab:  Solving for Ux, Initial residual = 0.038723794, Final residual = 0.00027291659, No Iterations 1
DILUPBiCGStab:  Solving for Uy, Initial residual = 0.029201425, Final residual = 0.00022236858, No Iterations 1
DILUPBiCGStab:  Solving for Uz, Initial residual = 0.082150215, Final residual = 0.00058702278, No Iterations 1
GAMG:  Solving for p, Initial residual = 8.4960328e-05, Final residual = 8.4942795e-07, No Iterations 792
time step continuity errors : sum local = 4.3926076e-06, global = -4.3695131e-06, cumulative = -3.4803616e-05
DILUPBiCGStab:  Solving for omega, Initial residual = 0.00077812484, Final residual = 9.4498237e-07, No Iterations 1
DILUPBiCGStab:  Solving for k, Initial residual = 0.0031466364, Final residual = 4.9822878e-06, No Iterations 1
ExecutionTime = 479.36 s  ClockTime = 481 s

forceCoeffs forceCoeffs write:
    Coefficient	Total	Pressure	Viscous	Internal
    Cd:	225522.59	225641.97	-119.38007	0
    Cd(f):	1668931.3	1668950.8	-19.469423	0
    Cd(r):	-1443408.7	-1443308.8	-99.910644	0
    Cl:	460964.96	460942.46	22.492376	0
    Cl(f):	-2561981.7	-2561776.3	-205.32493	0
    Cl(r):	3022946.6	3022718.8	227.81731	0
    CmPitch:	-2792464.1	-2792247.6	-216.57112	0
    CmRoll:	1556170	1556129.8	40.220611	0
    CmYaw:	-1801602.8	-1802391.2	788.4499	0
    Cs:	-171711.21	-171773.12	61.908109	0
    Cs(f):	-1887458.4	-1888277.8	819.40395	0
    Cs(r):	1715747.2	1716504.7	-757.49584	0

    writing force and moment coefficient files.

Time = 114

DILUPBiCGStab:  Solving for Ux, Initial residual = 0.052072695, Final residual = 0.00035919969, No Iterations 1
DILUPBiCGStab:  Solving for Uy, Initial residual = 0.038358289, Final residual = 0.00027322384, No Iterations 1
DILUPBiCGStab:  Solving for Uz, Initial residual = 0.11855945, Final residual = 0.00071660479, No Iterations 1
GAMG:  Solving for p, Initial residual = 7.7558406e-06, Final residual = 9.9510969e-08, No Iterations 722
time step continuity errors : sum local = 5.6582894e-06, global = -5.6327313e-06, cumulative = -4.0436348e-05
DILUPBiCGStab:  Solving for omega, Initial residual = 0.0008294568, Final residual = 1.6276892e-06, No Iterations 1
DILUPBiCGStab:  Solving for k, Initial residual = 0.0033838309, Final residual = 4.6742434e-06, No Iterations 1
ExecutionTime = 487.14 s  ClockTime = 489 s

forceCoeffs forceCoeffs write:
    Coefficient	Total	Pressure	Viscous	Internal
    Cd:	236226.1	236187.06	39.040146	0
    Cd(f):	1649461.3	1649308.7	152.54131	0
    Cd(r):	-1413235.2	-1413121.7	-113.50116	0
    Cl:	452833	452794.59	38.409947	0
    Cl(f):	-2506809.3	-2506608.3	-201.00643	0
    Cl(r):	2959642.3	2959402.9	239.41638	0
    CmPitch:	-2733225.8	-2733005.6	-220.2114	0
    CmRoll:	1531348.2	1531215.2	133.02123	0
    CmYaw:	-1863029.2	-1862764.2	-265.05328	0
    Cs:	-176255.09	-176232.06	-23.023463	0
    Cs(f):	-1951156.8	-1950880.2	-276.56501	0
    Cs(r):	1774901.7	1774648.1	253.54155	0

    writing force and moment coefficient files.

Time = 115

DILUPBiCGStab:  Solving for Ux, Initial residual = 0.065195007, Final residual = 0.00036846946, No Iterations 1
DILUPBiCGStab:  Solving for Uy, Initial residual = 0.047765045, Final residual = 0.00028206656, No Iterations 1
DILUPBiCGStab:  Solving for Uz, Initial residual = 0.10583625, Final residual = 0.00057570681, No Iterations 1
GAMG:  Solving for p, Initial residual = 3.0864793e-05, Final residual = 3.084252e-07, No Iterations 751
time step continuity errors : sum local = 4.656142e-06, global = 4.6334492e-06, cumulative = -3.5802898e-05
DILUPBiCGStab:  Solving for omega, Initial residual = 0.0013669732, Final residual = 1.1187841e-06, No Iterations 1
DILUPBiCGStab:  Solving for k, Initial residual = 0.0030233546, Final residual = 5.491197e-06, No Iterations 1
ExecutionTime = 495.71 s  ClockTime = 497 s

forceCoeffs forceCoeffs write:
    Coefficient	Total	Pressure	Viscous	Internal
    Cd:	234640.87	235306.51	-665.63812	0
    Cd(f):	1121522.1	1120904.2	617.87064	0
    Cd(r):	-886881.25	-885597.74	-1283.5088	0
    Cl:	290738.76	290381.36	357.40103	0
    Cl(f):	-1560011.3	-1557543	-2468.3508	0
    Cl(r):	1850750.1	1847924.3	2825.7518	0
    CmPitch:	-1705380.7	-1702733.6	-2647.0513	0
    CmRoll:	1004201.7	1003251	950.6897	0
    CmYaw:	-1730432.8	-1734473.9	4041.1424	0
    Cs:	-156376.36	-156683.36	307.00215	0
    Cs(f):	-1808621	-1812815.6	4194.6434	0
    Cs(r):	1652244.6	1656132.2	-3887.6413	0

    writing force and moment coefficient files.

Time = 116

DILUPBiCGStab:  Solving for Ux, Initial residual = 0.10721951, Final residual = 0.00054327953, No Iterations 1
DILUPBiCGStab:  Solving for Uy, Initial residual = 0.068279928, Final residual = 0.00033788953, No Iterations 1
DILUPBiCGStab:  Solving for Uz, Initial residual = 0.13743111, Final residual = 0.00071195637, No Iterations 1
GAMG:  Solving for p, Initial residual = 3.8040143e-05, Final residual = 3.8015154e-07, No Iterations 795
time step continuity errors : sum local = 5.153093e-06, global = 5.1262582e-06, cumulative = -3.067664e-05
DILUPBiCGStab:  Solving for omega, Initial residual = 0.0010172253, Final residual = 1.1187021e-06, No Iterations 1
DILUPBiCGStab:  Solving for k, Initial residual = 0.0031589, Final residual = 4.9320949e-06, No Iterations 1
ExecutionTime = 505.9 s  ClockTime = 508 s

forceCoeffs forceCoeffs write:
    Coefficient	Total	Pressure	Viscous	Internal
    Cd:	292021.39	292202.18	-180.79191	0
    Cd(f):	1081413	1080900.5	512.53343	0
    Cd(r):	-789391.62	-788698.29	-693.32535	0
    Cl:	263625.45	263422.98	202.47383	0
    Cl(f):	-1368661.3	-1367372	-1289.3292	0
    Cl(r):	1632286.8	1630795	1491.803	0
    CmPitch:	-1500474	-1499083.5	-1390.5661	0
    CmRoll:	935402.31	934799.38	602.92939	0
    CmYaw:	-2081774.3	-2082815	1040.7384	0
    Cs:	-183065.71	-183138.2	72.490095	0
    Cs(f):	-2173307.1	-2174384.1	1076.9835	0
    Cs(r):	1990241.4	1991245.9	-1004.4934	0

    writing force and moment coefficient files.

Time = 117

DILUPBiCGStab:  Solving for Ux, Initial residual = 0.12907923, Final residual = 0.00079792156, No Iterations 1
DILUPBiCGStab:  Solving for Uy, Initial residual = 0.089382951, Final residual = 0.00053287525, No Iterations 1
DILUPBiCGStab:  Solving for Uz, Initial residual = 0.14489266, Final residual = 0.00078277562, No Iterations 1
GAMG:  Solving for p, Initial residual = 3.9795149e-05, Final residual = 3.9451391e-07, No Iterations 567
time step continuity errors : sum local = 5.5344658e-06, global = 5.5078217e-06, cumulative = -2.5168818e-05
DILUPBiCGStab:  Solving for omega, Initial residual = 0.00098937082, Final residual = 1.363266e-06, No Iterations 1
DILUPBiCGStab:  Solving for k, Initial residual = 0.0053607778, Final residual = 7.6853542e-06, No Iterations 1
ExecutionTime = 515.26 s  ClockTime = 518 s

forceCoeffs forceCoeffs write:
    Coefficient	Total	Pressure	Viscous	Internal
    Cd:	21684.557	22001.43	-316.87248	0
    Cd(f):	-1386243.4	-1386946	702.59209	0
    Cd(r):	1407928	1408947.4	-1019.4646	0
    Cl:	-434477.85	-434773.21	295.36342	0
    Cl(f):	2549324.9	2551234.3	-1909.394	0
    Cl(r):	-2983802.8	-2986007.5	2204.7574	0
    CmPitch:	2766563.8	2768620.9	-2057.0757	0
    CmRoll:	-1397085.7	-1397946.7	861.02833	0
    CmYaw:	182685.57	180830.77	1854.7913	0
    Cs:	39767.647	39634.747	132.89926	0
    Cs(f):	202569.39	200648.15	1921.2409	0
    Cs(r):	-162801.74	-161013.4	-1788.3417	0

    writing force and moment coefficient files.

Time = 118

DILUPBiCGStab:  Solving for Ux, Initial residual = 0.15727158, Final residual = 0.00084169037, No Iterations 1
DILUPBiCGStab:  Solving for Uy, Initial residual = 0.10978696, Final residual = 0.00060538573, No Iterations 1
DILUPBiCGStab:  Solving for Uz, Initial residual = 0.17925518, Final residual = 0.00099183364, No Iterations 1
GAMG:  Solving for p, Initial residual = 1.6096493e-05, Final residual = 1.6002385e-07, No Iterations 468
time step continuity errors : sum local = 6.69316e-06, global = -6.6539524e-06, cumulative = -3.1822771e-05
DILUPBiCGStab:  Solving for omega, Initial residual = 0.0018427662, Final residual = 1.6682225e-06, No Iterations 1
DILUPBiCGStab:  Solving for k, Initial residual = 0.0070088168, Final residual = 6.0458353e-06, No Iterations 1
ExecutionTime = 522.31 s  ClockTime = 525 s

forceCoeffs forceCoeffs write:
    Coefficient	Total	Pressure	Viscous	Internal
    Cd:	112220.52	112917.29	-696.76892	0
    Cd(f):	-711038.09	-712253.8	1215.7129	0
    Cd(r):	823258.61	825171.1	-1912.4819	0
    Cl:	-247459.47	-248008.32	548.84974	0
    Cl(f):	1510482.8	1514089.5	-3606.6641	0
    Cl(r):	-1757942.3	-1762097.8	4155.5139	0
    CmPitch:	1634212.6	1638093.7	-3881.089	0
    CmRoll:	-767148.35	-768712.45	1564.0974	0
    CmYaw:	-540785.92	-544902.48	4116.5608	0
    Cs:	-29398.825	-29700.48	301.65521	0
    Cs(f):	-555485.33	-559752.72	4267.3884	0
    Cs(r):	526086.51	530052.24	-3965.7332	0

    writing force and moment coefficient files.

Time = 119

DILUPBiCGStab:  Solving for Ux, Initial residual = 0.12845287, Final residual = 0.00059101644, No Iterations 1
DILUPBiCGStab:  Solving for Uy, Initial residual = 0.096475433, Final residual = 0.00044870144, No Iterations 1
DILUPBiCGStab:  Solving for Uz, Initial residual = 0.18873176, Final residual = 0.00078426697, No Iterations 1
GAMG:  Solving for p, Initial residual = 3.0673652e-05, Final residual = 3.0447521e-07, No Iterations 539
time step continuity errors : sum local = 7.4668922e-06, global = 7.4206094e-06, cumulative = -2.4402161e-05
DILUPBiCGStab:  Solving for omega, Initial residual = 0.0030231985, Final residual = 2.2495004e-06, No Iterations 1
DILUPBiCGStab:  Solving for k, Initial residual = 0.0095594755, Final residual = 9.716946e-06, No Iterations 1
ExecutionTime = 529.38 s  ClockTime = 532 s

forceCoeffs forceCoeffs write:
    Coefficient	Total	Pressure	Viscous	Internal
    Cd:	254133.91	252525.58	1608.3265	0
    Cd(f):	-749875.28	-747745.4	-2129.872	0
    Cd(r):	1004009.2	1000271	3738.1984	0
    Cl:	-296098.68	-295040.7	-1057.9776	0
    Cl(f):	1873549	1866448.9	7100.0517	0
    Cl(r):	-2169647.7	-2161489.6	-8158.0293	0
    CmPitch:	2021598.3	2013969.3	7629.0405	0
    CmRoll:	-876942.23	-874008.2	-2934.0352	0
    CmYaw:	-1427142	-1417576.5	-9565.5455	0
    Cs:	-97764.161	-97054.121	-710.04034	0
    Cs(f):	-1476024.1	-1466103.5	-9920.5657	0
    Cs(r):	1378260	1369049.4	9210.5254	0

    writing force and moment coefficient files.

Time = 120

DILUPBiCGStab:  Solving for Ux, Initial residual = 0.15365554, Final residual = 0.00060837099, No Iterations 1
DILUPBiCGStab:  Solving for Uy, Initial residual = 0.11586125, Final residual = 0.00048171656, No Iterations 1
DILUPBiCGStab:  Solving for Uz, Initial residual = 0.22722154, Final residual = 0.00088007339, No Iterations 1
GAMG:  Solving for p, Initial residual = 9.4328487e-06, Final residual = 3.3871797e-07, No Iterations 1000
time step continuity errors : sum local = 2.9789914e-05, global = 2.9650483e-05, cumulative = 5.248322e-06
DILUPBiCGStab:  Solving for omega, Initial residual = 0.0031847161, Final residual = 2.8896527e-06, No Iterations 1
DILUPBiCGStab:  Solving for k, Initial residual = 0.013056649, Final residual = 1.2073423e-05, No Iterations 1
ExecutionTime = 541.83 s  ClockTime = 545 s

forceCoeffs forceCoeffs write:
    Coefficient	Total	Pressure	Viscous	Internal
    Cd:	98303.641	104461.28	-6157.6395	0
    Cd(f):	1525530.5	1514691.4	10839.119	0
    Cd(r):	-1427226.9	-1410230.1	-16996.759	0
    Cl:	452031.34	447109.16	4922.1849	0
    Cl(f):	-2579518.2	-2547333	-32185.195	0
    Cl(r):	3031549.6	2994442.2	37107.38	0
    CmPitch:	-2805533.9	-2770887.6	-34646.288	0
    CmRoll:	1476378.7	1462460.7	13917.939	0
    CmYaw:	-962632.79	-998541.12	35908.324	0
    Cs:	-104486.09	-107114.24	2628.152	0
    Cs(f):	-1014875.8	-1052098.2	37222.4	0
    Cs(r):	910389.75	944984	-34594.248	0

    writing force and moment coefficient files.

Time = 121

DILUPBiCGStab:  Solving for Ux, Initial residual = 0.13116747, Final residual = 0.00048871617, No Iterations 1
DILUPBiCGStab:  Solving for Uy, Initial residual = 0.10933473, Final residual = 0.0004082098, No Iterations 1
DILUPBiCGStab:  Solving for Uz, Initial residual = 0.19036533, Final residual = 0.00067636258, No Iterations 1
GAMG:  Solving for p, Initial residual = 6.1820578e-05, Final residual = 6.1691662e-07, No Iterations 995
time step continuity errors : sum local = 9.1692548e-06, global = -9.1309121e-06, cumulative = -3.8825902e-06
DILUPBiCGStab:  Solving for omega, Initial residual = 0.0047773365, Final residual = 3.3088837e-06, No Iterations 1
DILUPBiCGStab:  Solving for k, Initial residual = 0.015239672, Final residual = 1.8026156e-05, No Iterations 1
ExecutionTime = 554.24 s  ClockTime = 558 s

forceCoeffs forceCoeffs write:
    Coefficient	Total	Pressure	Viscous	Internal
    Cd:	-623219.67	-610291.01	-12928.659	0
    Cd(f):	-5238425.2	-5251178.8	12753.637	0
    Cd(r):	4615205.5	4640887.8	-25682.296	0
    Cl:	-1476448.4	-1483593.4	7145.0208	0
    Cl(f):	8241362.1	8290582.4	-49220.29	0
    Cl(r):	-9717810.5	-9774175.8	56365.311	0
    CmPitch:	8979586.3	9032379.1	-52792.8	0
    CmRoll:	-4926815.3	-4946033.3	19217.966	0
    CmYaw:	5105310.8	5026873.6	78437.184	0
    Cs:	497739.62	491846.87	5892.7541	0
    Cs(f):	5354180.6	5272797	81383.561	0
    Cs(r):	-4856441	-4780950.2	-75490.807	0

    writing force and moment coefficient files.

Time = 122

DILUPBiCGStab:  Solving for Ux, Initial residual = 0.12389604, Final residual = 0.00058854423, No Iterations 1
DILUPBiCGStab:  Solving for Uy, Initial residual = 0.10802599, Final residual = 0.00049963803, No Iterations 1
DILUPBiCGStab:  Solving for Uz, Initial residual = 0.17354924, Final residual = 0.0008199123, No Iterations 1
GAMG:  Solving for p, Initial residual = 4.0884472e-06, Final residual = 9.9440543e-08, No Iterations 729
time step continuity errors : sum local = 2.660155e-05, global = -2.6486574e-05, cumulative = -3.0369164e-05
DILUPBiCGStab:  Solving for omega, Initial residual = 0.0054290339, Final residual = 4.384422e-06, No Iterations 1
DILUPBiCGStab:  Solving for k, Initial residual = 0.016040334, Final residual = 2.719243e-05, No Iterations 1
ExecutionTime = 562.67 s  ClockTime = 566 s

forceCoeffs forceCoeffs write:
    Coefficient	Total	Pressure	Viscous	Internal
    Cd:	2293123.3	2297775.8	-4652.5097	0
    Cd(f):	22845086	22842114	2971.4057	0
    Cd(r):	-20551962	-20544338	-7623.9154	0
    Cl:	6512258.9	6510206.9	2051.9629	0
    Cl(f):	-36674807	-36660072	-14735.133	0
    Cl(r):	43187066	43170279	16787.096	0
    CmPitch:	-39930937	-39915176	-15761.114	0
    CmRoll:	21698524	21693226	5297.6606	0
    CmYaw:	-19640890	-19669703	28812.588	0
    Cs:	-1959023.2	-1961209.6	2186.4104	0
    Cs(f):	-20620402	-20650308	29905.794	0
    Cs(r):	18661379	18689098	-27719.383	0

    writing force and moment coefficient files.

Time = 123

DILUPBiCGStab:  Solving for Ux, Initial residual = 0.12960328, Final residual = 0.00047537026, No Iterations 1
DILUPBiCGStab:  Solving for Uy, Initial residual = 0.11684588, Final residual = 0.00047647246, No Iterations 1
DILUPBiCGStab:  Solving for Uz, Initial residual = 0.18510188, Final residual = 0.00066741778, No Iterations 1
GAMG:  Solving for p, Initial residual = 2.5464536e-06, Final residual = 9.9333769e-08, No Iterations 507
time step continuity errors : sum local = 4.8992995e-05, global = 4.8827054e-05, cumulative = 1.845789e-05
DILUPBiCGStab:  Solving for omega, Initial residual = 0.0038567402, Final residual = 7.2388218e-06, No Iterations 1
DILUPBiCGStab:  Solving for k, Initial residual = 0.014694404, Final residual = 4.2443557e-05, No Iterations 1
ExecutionTime = 568.53 s  ClockTime = 572 s

forceCoeffs forceCoeffs write:
    Coefficient	Total	Pressure	Viscous	Internal
    Cd:	3152118.1	3158059.6	-5941.5255	0
    Cd(f):	24051271	24048415	2856.3553	0
    Cd(r):	-20899153	-20890355	-8797.8807	0
    Cl:	6664509.1	6662175.2	2333.8687	0
    Cl(f):	-37080995	-37063865	-17129.623	0
    Cl(r):	43745504	43726040	19463.492	0
    CmPitch:	-40413249	-40394953	-18296.558	0
    CmRoll:	22475212	22469385	5827.118	0
    CmYaw:	-25337037	-25373957	36920.547	0
    Cs:	-2424946.6	-2427767.7	2821.074	0
    Cs(f):	-26549510	-26587841	38331.084	0
    Cs(r):	24124563	24160074	-35510.01	0

    writing force and moment coefficient files.

Time = 124

DILUPBiCGStab:  Solving for Ux, Initial residual = 0.20133897, Final residual = 0.0010154439, No Iterations 1
DILUPBiCGStab:  Solving for Uy, Initial residual = 0.18241008, Final residual = 0.00092158413, No Iterations 1
DILUPBiCGStab:  Solving for Uz, Initial residual = 0.22498459, Final residual = 0.0011626199, No Iterations 1
GAMG:  Solving for p, Initial residual = 1.0904461e-06, Final residual = 9.9837369e-08, No Iterations 421
time step continuity errors : sum local = 0.00013297986, global = -0.00013246259, cumulative = -0.0001140047
DILUPBiCGStab:  Solving for omega, Initial residual = 0.0055295629, Final residual = 7.7629077e-06, No Iterations 1
DILUPBiCGStab:  Solving for k, Initial residual = 0.024076522, Final residual = 3.681393e-05, No Iterations 1
ExecutionTime = 573.47 s  ClockTime = 577 s

forceCoeffs forceCoeffs write:
    Coefficient	Total	Pressure	Viscous	Internal
    Cd:	2417410.2	2417005.2	405.0352	0
    Cd(f):	2319597.5	2316589.4	3008.0984	0
    Cd(r):	97812.645	100415.71	-2603.0632	0
    Cl:	84153.849	83312.586	841.26261	0
    Cl(f):	856022.48	860673.45	-4650.9714	0
    Cl(r):	-771868.63	-777360.87	5492.234	0
    CmPitch:	813945.56	819017.16	-5071.6027	0
    CmRoll:	1110892.5	1108086.9	2805.5808	0
    CmYaw:	-15777783	-15774556	-3227.2227	0
    Cs:	-1270206.8	-1269903.9	-302.98799	0
    Cs(f):	-16412887	-16409508	-3378.7167	0
    Cs(r):	15142680	15139604	3075.7287	0

    writing force and moment coefficient files.

Time = 125

DILUPBiCGStab:  Solving for Ux, Initial residual = 0.25642507, Final residual = 0.0007384089, No Iterations 1
DILUPBiCGStab:  Solving for Uy, Initial residual = 0.20782051, Final residual = 0.00056496811, No Iterations 1
DILUPBiCGStab:  Solving for Uz, Initial residual = 0.25193536, Final residual = 0.00087653722, No Iterations 1
GAMG:  Solving for p, Initial residual = 3.2945715e-06, Final residual = 9.8825549e-08, No Iterations 469
time step continuity errors : sum local = 5.2285793e-05, global = 5.2063073e-05, cumulative = -6.1941629e-05
DILUPBiCGStab:  Solving for omega, Initial residual = 0.0068403341, Final residual = 1.3813733e-05, No Iterations 1
DILUPBiCGStab:  Solving for k, Initial residual = 0.030331512, Final residual = 7.7480185e-05, No Iterations 1
ExecutionTime = 579.09 s  ClockTime = 583 s

forceCoeffs forceCoeffs write:
    Coefficient	Total	Pressure	Viscous	Internal
    Cd:	6508510	6492968.3	15541.758	0
    Cd(f):	-12954720	-12934644	-20075.694	0
    Cd(r):	19463230	19427613	35617.453	0
    Cl:	-5683842.2	-5673797.6	-10044.554	0
    Cl(f):	36859969	36792304	67664.224	0
    Cl(r):	-42543811	-42466102	-77708.778	0
    CmPitch:	39701890	39629203	72686.501	0
    CmRoll:	-16208975	-16181128	-27846.573	0
    CmYaw:	-38024143	-37931335	-92808.031	0
    Cs:	-2725651.4	-2718763.2	-6888.2746	0
    Cs(f):	-39386968	-39290716	-96252.168	0
    Cs(r):	36661317	36571953	89363.894	0

    writing force and moment coefficient files.

Time = 126

DILUPBiCGStab:  Solving for Ux, Initial residual = 0.25710122, Final residual = 0.00081488645, No Iterations 1
DILUPBiCGStab:  Solving for Uy, Initial residual = 0.21259095, Final residual = 0.00063651385, No Iterations 1
DILUPBiCGStab:  Solving for Uz, Initial residual = 0.28703555, Final residual = 0.0010346338, No Iterations 1
GAMG:  Solving for p, Initial residual = 4.9977568e-05, Final residual = 4.9935074e-07, No Iterations 500
time step continuity errors : sum local = 2.0689608e-05, global = -2.0581279e-05, cumulative = -8.2522908e-05
DILUPBiCGStab:  Solving for omega, Initial residual = 0.011765013, Final residual = 1.4271063e-05, No Iterations 1
DILUPBiCGStab:  Solving for k, Initial residual = 0.03305531, Final residual = 4.9766745e-05, No Iterations 1
ExecutionTime = 584.77 s  ClockTime = 588 s

forceCoeffs forceCoeffs write:
    Coefficient	Total	Pressure	Viscous	Internal
    Cd:	-4606289	-4610768.3	4479.2771	0
    Cd(f):	-51833719	-51829583	-4135.9852	0
    Cd(r):	47227430	47218814	8615.2623	0
    Cl:	-14946424	-14944044	-2379.8336	0
    Cl(f):	84512448	84495939	16508.922	0
    Cl(r):	-99458872	-99439983	-18888.756	0
    CmPitch:	91985660	91967961	17698.839	0
    CmRoll:	-49530574	-49524199	-6375.6237	0
    CmYaw:	40894193	40921345	-27151.789	0
    Cs:	4154256.8	4156298.1	-2041.3454	0
    Cs(f):	42971321	42999494	-28172.462	0
    Cs(r):	-38817065	-38843196	26131.116	0

    writing force and moment coefficient files.

Time = 127

DILUPBiCGStab:  Solving for Ux, Initial residual = 0.22457606, Final residual = 0.00059767803, No Iterations 1
DILUPBiCGStab:  Solving for Uy, Initial residual = 0.20345676, Final residual = 0.00048039074, No Iterations 1
DILUPBiCGStab:  Solving for Uz, Initial residual = 0.24577711, Final residual = 0.00080833104, No Iterations 1
GAMG:  Solving for p, Initial residual = 9.2690315e-07, Final residual = 9.9663167e-08, No Iterations 437
time step continuity errors : sum local = 0.00024439731, global = 0.00024323666, cumulative = 0.00016071375
DILUPBiCGStab:  Solving for omega, Initial residual = 0.0105598, Final residual = 7.4905183e-06, No Iterations 1
DILUPBiCGStab:  Solving for k, Initial residual = 0.044139975, Final residual = 4.530927e-05, No Iterations 1
ExecutionTime = 589.64 s  ClockTime = 593 s

forceCoeffs forceCoeffs write:
    Coefficient	Total	Pressure	Viscous	Internal
    Cd:	3538217	3526551.6	11665.334	0
    Cd(f):	26934460	26948628	-14167.821	0
    Cd(r):	-23396243	-23422076	25833.155	0
    Cl:	7446514.8	7453769.2	-7254.3656	0
    Cl(f):	-41440973	-41490086	49112.996	0
    Cl(r):	48887488	48943855	-56367.362	0
    CmPitch:	-45164231	-45216971	52740.179	0
    CmRoll:	25165352	25185352	-20000.488	0
    CmYaw:	-28344469	-28274976	-69493.267	0
    Cs:	-2716775.7	-2711602	-5173.6316	0
    Cs(f):	-29702857	-29630777	-72080.083	0
    Cs(r):	26986082	26919175	66906.452	0

    writing force and moment coefficient files.

Time = 128

DILUPBiCGStab:  Solving for Ux, Initial residual = 0.2412965, Final residual = 0.00064316919, No Iterations 1
DILUPBiCGStab:  Solving for Uy, Initial residual = 0.22079051, Final residual = 0.00057386876, No Iterations 1
DILUPBiCGStab:  Solving for Uz, Initial residual = 0.3176389, Final residual = 0.00095474984, No Iterations 1
GAMG:  Solving for p, Initial residual = 5.0366832e-05, Final residual = 5.0149642e-07, No Iterations 748
time step continuity errors : sum local = 2.8661181e-05, global = 2.8530292e-05, cumulative = 0.00018924405
DILUPBiCGStab:  Solving for omega, Initial residual = 0.017189639, Final residual = 1.6916883e-05, No Iterations 1
DILUPBiCGStab:  Solving for k, Initial residual = 0.04940938, Final residual = 8.9915933e-05, No Iterations 1
ExecutionTime = 598.85 s  ClockTime = 603 s

forceCoeffs forceCoeffs write:
    Coefficient	Total	Pressure	Viscous	Internal
    Cd:	-3280543.6	-3287728.8	7185.2101	0
    Cd(f):	33225406	33219786	5619.1215	0
    Cd(r):	-36505949	-36507515	1566.0886	0
    Cl:	11038470	11038541	-70.49163	0
    Cl(f):	-66369146	-66373648	4502.296	0
    Cl(r):	77407616	77412189	-4572.7876	0
    CmPitch:	-71888381	-71892918	4537.5418	0
    CmRoll:	34865677	34863651	2026.5165	0
    CmYaw:	13023136	13069196	-46059.967	0
    Cs:	417993.33	421700.27	-3706.9371	0
    Cs(f):	13232133	13280046	-47913.436	0
    Cs(r):	-12814139	-12858346	44206.498	0

    writing force and moment coefficient files.

Time = 129

DILUPBiCGStab:  Solving for Ux, Initial residual = 0.26920188, Final residual = 0.00055792016, No Iterations 1
DILUPBiCGStab:  Solving for Uy, Initial residual = 0.2507797, Final residual = 0.00050723381, No Iterations 1
DILUPBiCGStab:  Solving for Uz, Initial residual = 0.28306965, Final residual = 0.00067706894, No Iterations 1
GAMG:  Solving for p, Initial residual = 3.0517252e-06, Final residual = 9.9833603e-08, No Iterations 779
time step continuity errors : sum local = 0.00010361733, global = -0.00010316949, cumulative = 8.6074557e-05
DILUPBiCGStab:  Solving for omega, Initial residual = 0.017283582, Final residual = 1.2926041e-05, No Iterations 1
DILUPBiCGStab:  Solving for k, Initial residual = 0.052713712, Final residual = 7.841498e-05, No Iterations 1
ExecutionTime = 607.32 s  ClockTime = 611 s

forceCoeffs forceCoeffs write:
    Coefficient	Total	Pressure	Viscous	Internal
    Cd:	-22955967	-22980430	24462.173	0
    Cd(f):	-2.0016578e+08	-2.0013414e+08	-31641.317	0
    Cd(r):	1.7720981e+08	1.7715371e+08	56103.49	0
    Cl:	-56186788	-56171059	-15729.567	0
    Cl(f):	3.1484063e+08	3.1473432e+08	106317.24	0
    Cl(r):	-3.7102742e+08	-3.7090537e+08	-122046.81	0
    CmPitch:	3.4293403e+08	3.4281984e+08	114182.03	0
    CmRoll:	-1.886878e+08	-1.8864392e+08	-43872.404	0
    CmYaw:	1.9033933e+08	1.904865e+08	-147167.51	0
    Cs:	18553458	18564319	-10860.826	0
    Cs(f):	1.9961606e+08	1.9976866e+08	-152597.93	0
    Cs(r):	-1.8106261e+08	-1.8120434e+08	141737.1	0

    writing force and moment coefficient files.

Time = 130

DILUPBiCGStab:  Solving for Ux, Initial residual = 0.34116614, Final residual = 0.00073401876, No Iterations 1
DILUPBiCGStab:  Solving for Uy, Initial residual = 0.34324993, Final residual = 0.0007330554, No Iterations 1
DILUPBiCGStab:  Solving for Uz, Initial residual = 0.31445488, Final residual = 0.00082881661, No Iterations 1
GAMG:  Solving for p, Initial residual = 1.4249071e-06, Final residual = 9.9316843e-08, No Iterations 518
time step continuity errors : sum local = 0.00028628452, global = 0.00028505025, cumulative = 0.00037112481
DILUPBiCGStab:  Solving for omega, Initial residual = 0.027575461, Final residual = 3.0320395e-05, No Iterations 1
DILUPBiCGStab:  Solving for k, Initial residual = 0.067747722, Final residual = 5.8819025e-05, No Iterations 1
ExecutionTime = 612.99 s  ClockTime = 617 s

forceCoeffs forceCoeffs write:
    Coefficient	Total	Pressure	Viscous	Internal
    Cd:	36970375	37067936	-97561.227	0
    Cd(f):	2.9028285e+08	2.9020216e+08	80693.084	0
    Cd(r):	-2.5331247e+08	-2.5313422e+08	-178254.31	0
    Cl:	81014569	80965649	48919.857	0
    Cl(f):	-4.511363e+08	-4.5079378e+08	-342512.78	0
    Cl(r):	5.3215087e+08	5.3175943e+08	391432.64	0
    CmPitch:	-4.9164358e+08	-4.9127661e+08	-366972.71	0
    CmRoll:	2.7179766e+08	2.7166819e+08	129473.7	0
    CmYaw:	-2.9848745e+08	-2.9908177e+08	594317.52	0
    Cs:	-28779782	-28824743	44961.364	0
    Cs(f):	-3.1287734e+08	-3.1349414e+08	616798.2	0
    Cs(r):	2.8409756e+08	2.8466939e+08	-571836.84	0

    writing force and moment coefficient files.

Time = 131

DILUPBiCGStab:  Solving for Ux, Initial residual = 0.32289215, Final residual = 0.00072534386, No Iterations 1
DILUPBiCGStab:  Solving for Uy, Initial residual = 0.31925761, Final residual = 0.00072350047, No Iterations 1
DILUPBiCGStab:  Solving for Uz, Initial residual = 0.29721316, Final residual = 0.00058190951, No Iterations 1
GAMG:  Solving for p, Initial residual = 2.8194174e-07, Final residual = 7.0295988e-08, No Iterations 2
time step continuity errors : sum local = 0.0011755072, global = 3.9206074e-05, cumulative = 0.00041033088
DILUPBiCGStab:  Solving for omega, Initial residual = 0.037085139, Final residual = 1.4756221e-05, No Iterations 1
DILUPBiCGStab:  Solving for k, Initial residual = 0.07260782, Final residual = 6.4650821e-05, No Iterations 1
ExecutionTime = 613.48 s  ClockTime = 617 s

forceCoeffs forceCoeffs write:
    Coefficient	Total	Pressure	Viscous	Internal
    Cd:	91472131	91518559	-46428.208	0
    Cd(f):	6.4318132e+08	6.4314934e+08	31985.779	0
    Cd(r):	-5.5170919e+08	-5.5163078e+08	-78413.987	0
    Cl:	1.7679288e+08	1.7677169e+08	21188.183	0
    Cl(f):	-9.787446e+08	-9.7859355e+08	-151046.74	0
    Cl(r):	1.1555375e+09	1.1553652e+09	172234.92	0
    CmPitch:	-1.067141e+09	-1.0669794e+09	-161640.83	0
    CmRoll:	5.9744526e+08	5.9739006e+08	55199.883	0
    CmYaw:	-7.2208502e+08	-7.2236964e+08	284628.39	0
    Cs:	-68445896	-68467416	21520.078	0
    Cs(f):	-7.5630796e+08	-7.5660335e+08	295388.43	0
    Cs(r):	6.8786207e+08	6.8813594e+08	-273868.35	0

    writing force and moment coefficient files.

Time = 132

DILUPBiCGStab:  Solving for Ux, Initial residual = 0.34446099, Final residual = 0.00081415617, No Iterations 1
DILUPBiCGStab:  Solving for Uy, Initial residual = 0.32042801, Final residual = 0.00084926351, No Iterations 1
DILUPBiCGStab:  Solving for Uz, Initial residual = 0.35591561, Final residual = 0.00055857743, No Iterations 1
GAMG:  Solving for p, Initial residual = 1.1380536e-07, Final residual = 3.2726386e-08, No Iterations 1
time step continuity errors : sum local = 0.0014567986, global = -5.5762786e-06, cumulative = 0.0004047546
DILUPBiCGStab:  Solving for omega, Initial residual = 0.038510622, Final residual = 1.651007e-05, No Iterations 1
DILUPBiCGStab:  Solving for k, Initial residual = 0.066009219, Final residual = 4.8191088e-05, No Iterations 1
ExecutionTime = 613.96 s  ClockTime = 618 s

forceCoeffs forceCoeffs write:
    Coefficient	Total	Pressure	Viscous	Internal
    Cd:	-82425826	-81160131	-1265695	0
    Cd(f):	-6.3463262e+08	-6.3236176e+08	-2270856.6	0
    Cd(r):	5.5220679e+08	5.5120163e+08	1005161.6	0
    Cl:	-1.7735571e+08	-1.7698644e+08	-369263.85	0
    Cl(f):	9.855589e+08	9.8413432e+08	1424585	0
    Cl(r):	-1.1629146e+09	-1.1611208e+09	-1793848.8	0
    CmPitch:	1.0742368e+09	1.0726275e+09	1609216.9	0
    CmRoll:	-5.934197e+08	-5.9178169e+08	-1638009.1	0
    CmYaw:	6.6266737e+08	6.5349462e+08	9172747.9	0
    Cs:	63862602	63042738	819864.22	0
    Cs(f):	6.9459867e+08	6.8501599e+08	9582680	0
    Cs(r):	-6.3073607e+08	-6.2197325e+08	-8762815.8	0

    writing force and moment coefficient files.

Time = 133

DILUPBiCGStab:  Solving for Ux, Initial residual = 0.29071073, Final residual = 0.00052011787, No Iterations 1
DILUPBiCGStab:  Solving for Uy, Initial residual = 0.27061475, Final residual = 0.00049102036, No Iterations 1
DILUPBiCGStab:  Solving for Uz, Initial residual = 0.3216704, Final residual = 0.00047429607, No Iterations 1
GAMG:  Solving for p, Initial residual = 1.7609363e-07, Final residual = 4.8860297e-08, No Iterations 1
time step continuity errors : sum local = 0.001249004, global = -5.3542622e-06, cumulative = 0.00039940034
DILUPBiCGStab:  Solving for omega, Initial residual = 0.039579398, Final residual = 2.1462865e-05, No Iterations 1
DILUPBiCGStab:  Solving for k, Initial residual = 0.076023685, Final residual = 6.8195179e-05, No Iterations 1
ExecutionTime = 614.44 s  ClockTime = 618 s

forceCoeffs forceCoeffs write:
    Coefficient	Total	Pressure	Viscous	Internal
    Cd:	-2.0791206e+08	-2.0597601e+08	-1936052.5	0
    Cd(f):	-1.5860017e+09	-1.5826602e+09	-3341488.5	0
    Cd(r):	1.3780896e+09	1.3766842e+09	1405436	0
    Cl:	-4.405096e+08	-4.3998425e+08	-525352.5	0
    Cl(f):	2.4495399e+09	2.4475922e+09	1947661.7	0
    Cl(r):	-2.8900495e+09	-2.8875765e+09	-2473014.2	0
    CmPitch:	2.6697947e+09	2.6675843e+09	2210338	0
    CmRoll:	-1.4820456e+09	-1.4796722e+09	-2373462.3	0
    CmYaw:	1.6704925e+09	1.6565072e+09	13985278	0
    Cs:	1.602106e+08	1.5896192e+08	1248672.4	0
    Cs(f):	1.7505978e+09	1.7359882e+09	14609614	0
    Cs(r):	-1.5903872e+09	-1.5770262e+09	-13360941	0

    writing force and moment coefficient files.

Time = 134

DILUPBiCGStab:  Solving for Ux, Initial residual = 0.24604502, Final residual = 0.00048316197, No Iterations 1
DILUPBiCGStab:  Solving for Uy, Initial residual = 0.24713731, Final residual = 0.00052196593, No Iterations 1
DILUPBiCGStab:  Solving for Uz, Initial residual = 0.25686409, Final residual = 0.00043396902, No Iterations 1
GAMG:  Solving for p, Initial residual = 2.6617575e-07, Final residual = 8.3504904e-08, No Iterations 1
time step continuity errors : sum local = 0.0012901859, global = -6.3005979e-06, cumulative = 0.00039309974
DILUPBiCGStab:  Solving for omega, Initial residual = 0.040577566, Final residual = 5.0680014e-05, No Iterations 1
DILUPBiCGStab:  Solving for k, Initial residual = 0.090069265, Final residual = 7.3610193e-05, No Iterations 1
ExecutionTime = 614.93 s  ClockTime = 619 s

forceCoeffs forceCoeffs write:
    Coefficient	Total	Pressure	Viscous	Internal
    Cd:	-2.2643881e+08	-2.2337466e+08	-3064148.4	0
    Cd(f):	-1.7464318e+09	-1.742006e+09	-4425766	0
    Cd(r):	1.519993e+09	1.5186314e+09	1361617.6	0
    Cl:	-4.8543232e+08	-4.8486951e+08	-562804.58	0
    Cl(f):	2.7012861e+09	2.6997719e+09	1514266.2	0
    Cl(r):	-3.1867185e+09	-3.1846414e+09	-2077070.8	0
    CmPitch:	2.9440023e+09	2.9422066e+09	1795668.5	0
    CmRoll:	-1.6332124e+09	-1.6303187e+09	-2893691.8	0
    CmYaw:	1.824611e+09	1.8026076e+09	22003463	0
    Cs:	1.7525387e+08	1.7329639e+08	1957479.7	0
    Cs(f):	1.912238e+09	1.8892558e+09	22982203	0
    Cs(r):	-1.7369841e+09	-1.7159594e+09	-21024723	0

    writing force and moment coefficient files.

Time = 135

DILUPBiCGStab:  Solving for Ux, Initial residual = 0.19067068, Final residual = 0.0005030725, No Iterations 1
DILUPBiCGStab:  Solving for Uy, Initial residual = 0.20252977, Final residual = 0.00059469845, No Iterations 1
DILUPBiCGStab:  Solving for Uz, Initial residual = 0.21256862, Final residual = 0.00059308862, No Iterations 1
GAMG:  Solving for p, Initial residual = 2.9474656e-07, Final residual = 9.8465779e-08, No Iterations 1
time step continuity errors : sum local = 0.0013729244, global = -4.1484352e-06, cumulative = 0.00038895131
DILUPBiCGStab:  Solving for omega, Initial residual = 0.03628265, Final residual = 6.8546831e-05, No Iterations 1
DILUPBiCGStab:  Solving for k, Initial residual = 0.069908429, Final residual = 7.3449314e-05, No Iterations 1
ExecutionTime = 615.39 s  ClockTime = 619 s

forceCoeffs forceCoeffs write:
    Coefficient	Total	Pressure	Viscous	Internal
    Cd:	-1.8209022e+08	-1.7966023e+08	-2429986.4	0
    Cd(f):	-1.4314054e+09	-1.4296184e+09	-1787073.5	0
    Cd(r):	1.2493152e+09	1.2499581e+09	-642912.81	0
    Cl:	-3.9867051e+08	-3.987581e+08	87587.993	0
    Cl(f):	2.220518e+09	2.2224309e+09	-1912854.9	0
    Cl(r):	-2.6191885e+09	-2.621189e+09	2000442.9	0
    CmPitch:	2.4198533e+09	2.4218099e+09	-1956648.9	0
    CmRoll:	-1.3403603e+09	-1.3397883e+09	-572080.36	0
    CmYaw:	1.4760392e+09	1.459062e+09	16977234	0
    Cs:	1.4191288e+08	1.4043819e+08	1474694	0
    Cs(f):	1.5469956e+09	1.5292811e+09	17714581	0
    Cs(r):	-1.4050827e+09	-1.3888429e+09	-16239887	0

    writing force and moment coefficient files.

Time = 136

DILUPBiCGStab:  Solving for Ux, Initial residual = 0.29620362, Final residual = 0.0013879763, No Iterations 2
DILUPBiCGStab:  Solving for Uy, Initial residual = 0.30138977, Final residual = 0.001520692, No Iterations 2
DILUPBiCGStab:  Solving for Uz, Initial residual = 0.21568233, Final residual = 0.00056499224, No Iterations 2
GAMG:  Solving for p, Initial residual = 0.00011479084, Final residual = 0.023684107, No Iterations 1000
time step continuity errors : sum local = 446.47638, global = 421.23733, cumulative = 421.23772
DILUPBiCGStab:  Solving for omega, Initial residual = 0.0013285584, Final residual = 1.3193587e-06, No Iterations 1
DILUPBiCGStab:  Solving for k, Initial residual = 0.0023021262, Final residual = 1.7154989e-06, No Iterations 1
ExecutionTime = 626.53 s  ClockTime = 630 s

forceCoeffs forceCoeffs write:
    Coefficient	Total	Pressure	Viscous	Internal
    Cd:	4.9515841e+09	4.9533009e+09	-1716753.6	0
    Cd(f):	2.4271367e+09	2.4265557e+09	581016.96	0
    Cd(r):	2.5244475e+09	2.5267452e+09	-2297770.6	0
    Cl:	-4.511781e+08	-4.5180938e+08	631281.62	0
    Cl(f):	6.052715e+09	6.0573886e+09	-4673601.2	0
    Cl(r):	-6.5038931e+09	-6.509198e+09	5304882.8	0
    CmPitch:	6.2783041e+09	6.2832933e+09	-4989242	0
    CmRoll:	-48655378	-50094772	1439393.8	0
    CmYaw:	-3.5406324e+10	-3.5417806e+10	11481924	0
    Cs:	-2.5235344e+09	-2.5244954e+09	960933.4	0
    Cs(f):	-3.6668091e+10	-3.6680054e+10	11962391	0
    Cs(r):	3.4144557e+10	3.4155558e+10	-11001457	0

    writing force and moment coefficient files.

Time = 137

DILUPBiCGStab:  Solving for Ux, Initial residual = 0.54493155, Final residual = 0.00027294905, No Iterations 1
DILUPBiCGStab:  Solving for Uy, Initial residual = 0.5439958, Final residual = 0.00028469612, No Iterations 1
DILUPBiCGStab:  Solving for Uz, Initial residual = 0.51645155, Final residual = 0.00035921277, No Iterations 1
GAMG:  Solving for p, Initial residual = 0.20308956, Final residual = 0.0082233417, No Iterations 1000
time step continuity errors : sum local = 247.68676, global = -69.803014, cumulative = 351.43471
DILUPBiCGStab:  Solving for omega, Initial residual = 3.3833834e-05, Final residual = 4.8983632e-08, No Iterations 1
DILUPBiCGStab:  Solving for k, Initial residual = 5.8978661e-05, Final residual = 3.4708455e-08, No Iterations 1
ExecutionTime = 641.08 s  ClockTime = 646 s

forceCoeffs forceCoeffs write:
    Coefficient	Total	Pressure	Viscous	Internal
    Cd:	-4.2250298e+14	-4.2250299e+14	2650109	0
    Cd(f):	-3.5394327e+14	-3.5394323e+14	-39455139	0
    Cd(r):	-6.8559711e+13	-6.8559753e+13	42105248	0
    Cl:	7.9997104e+11	7.9998165e+11	-10601854	0
    Cl(f):	-2.8371883e+14	-2.837189e+14	67441831	0
    Cl(r):	2.845188e+14	2.8451888e+14	-78043686	0
    CmPitch:	-2.8411881e+14	-2.8411889e+14	72742759	0
    CmRoll:	-1.4269178e+14	-1.4269174e+14	-40780193	0
    CmYaw:	3.0595081e+15	3.0595081e+15	-8277782.7	0
    Cs:	2.2079193e+14	2.2079193e+14	435969.68	0
    Cs(f):	3.1699041e+15	3.1699041e+15	-8059797.9	0
    Cs(r):	-2.9491121e+15	-2.9491121e+15	8495767.6	0

    writing force and moment coefficient files.

Time = 138

DILUPBiCGStab:  Solving for Ux, Initial residual = 0.36296286, Final residual = 0.0025390561, No Iterations 2
DILUPBiCGStab:  Solving for Uy, Initial residual = 0.37521515, Final residual = 0.00078676382, No Iterations 2
DILUPBiCGStab:  Solving for Uz, Initial residual = 0.36959681, Final residual = 0.00083730187, No Iterations 2
GAMG:  Solving for p, Initial residual = 0.019047629, Final residual = 0.00016997491, No Iterations 8
time step continuity errors : sum local = 224900.27, global = 78287.694, cumulative = 78639.129
DILUPBiCGStab:  Solving for omega, Initial residual = 2.8857015e-05, Final residual = 4.041025e-08, No Iterations 2
DILUPBiCGStab:  Solving for k, Initial residual = 1.0077701e-07, Final residual = 1.9123518e-09, No Iterations 1
ExecutionTime = 643.23 s  ClockTime = 648 s

forceCoeffs forceCoeffs write:
    Coefficient	Total	Pressure	Viscous	Internal
    Cd:	-8.4768572e+15	-8.4768572e+15	977696.5	0
    Cd(f):	-7.3954588e+15	-7.3954587e+15	-76983791	0
    Cd(r):	-1.0813984e+15	-1.0813985e+15	77961487	0
    Cl:	-6.0314762e+13	-6.0314742e+13	-19863530	0
    Cl(f):	-5.2210253e+15	-5.2210254e+15	1.2350754e+08	0
    Cl(r):	5.1607105e+15	5.1607107e+15	-1.4337107e+08	0
    CmPitch:	-5.1908679e+15	-5.190868e+15	1.334393e+08	0
    CmRoll:	-3.1570302e+15	-3.1570301e+15	-77472639	0
    CmYaw:	6.1454981e+16	6.1454981e+16	12929164	0
    Cs:	4.4418782e+15	4.4418782e+15	2668396.7	0
    Cs(f):	6.367592e+16	6.367592e+16	14263362	0
    Cs(r):	-5.9234041e+16	-5.9234041e+16	-11594966	0

    writing force and moment coefficient files.

Time = 139

DILUPBiCGStab:  Solving for Ux, Initial residual = 0.31694355, Final residual = 0.00068228831, No Iterations 2
DILUPBiCGStab:  Solving for Uy, Initial residual = 0.30314772, Final residual = 0.00070703692, No Iterations 2
DILUPBiCGStab:  Solving for Uz, Initial residual = 0.31866074, Final residual = 0.00084278877, No Iterations 2
GAMG:  Solving for p, Initial residual = 0.19039836, Final residual = 0.0019033425, No Iterations 39
time step continuity errors : sum local = 178882.16, global = -86204.07, cumulative = -7564.9414
DILUPBiCGStab:  Solving for omega, Initial residual = 1.7994592e-05, Final residual = 1.3257693e-07, No Iterations 1
DILUPBiCGStab:  Solving for k, Initial residual = 1.6311191e-08, Final residual = 1.2940041e-10, No Iterations 1
ExecutionTime = 646.17 s  ClockTime = 651 s

forceCoeffs forceCoeffs write:
    Coefficient	Total	Pressure	Viscous	Internal
    Cd:	-5.7938683e+15	-5.793872e+15	3.6777263e+09	0
    Cd(f):	-5.3258838e+14	-5.3259694e+14	8.5619308e+09	0
    Cd(r):	-5.2612799e+15	-5.2612751e+15	-4.8842044e+09	0
    Cl:	-1.6187436e+14	-1.6187552e+14	1.1578033e+09	0
    Cl(f):	-2.9053748e+15	-2.9053703e+15	-4.5097735e+09	0
    Cl(r):	2.7435004e+15	2.7434948e+15	5.6675768e+09	0
    CmPitch:	-2.8244376e+15	-2.8244325e+15	-5.0886752e+09	0
    CmRoll:	2.3643458e+15	2.3643391e+15	6.7230676e+09	0
    CmYaw:	3.4220375e+16	3.4220395e+16	-1.9587158e+10	0
    Cs:	-3.5954825e+15	-3.5954802e+15	-2.3150867e+09	0
    Cs(f):	3.2422634e+16	3.2422655e+16	-2.0744701e+10	0
    Cs(r):	-3.6018117e+16	-3.6018135e+16	1.8429615e+10	0

    writing force and moment coefficient files.

Time = 140

DILUPBiCGStab:  Solving for Ux, Initial residual = 0.24160408, Final residual = 0.00056117706, No Iterations 2
DILUPBiCGStab:  Solving for Uy, Initial residual = 0.23593247, Final residual = 0.00053311244, No Iterations 2
DILUPBiCGStab:  Solving for Uz, Initial residual = 0.27353048, Final residual = 0.00024042181, No Iterations 2
GAMG:  Solving for p, Initial residual = 0.97746131, Final residual = 0.0097336997, No Iterations 612
time step continuity errors : sum local = 1404216.6, global = 1355219.6, cumulative = 1347654.7
DILUPBiCGStab:  Solving for omega, Initial residual = 0.064397914, Final residual = 9.4567684e-05, No Iterations 1
DILUPBiCGStab:  Solving for k, Initial residual = 2.8935804e-06, Final residual = 7.4898086e-09, No Iterations 1
ExecutionTime = 658.78 s  ClockTime = 665 s

forceCoeffs forceCoeffs write:
    Coefficient	Total	Pressure	Viscous	Internal
    Cd:	-3.8384582e+19	-3.8383175e+19	-1.4064645e+15	0
    Cd(f):	6.3110244e+20	6.3110395e+20	-1.5052214e+15	0
    Cd(r):	-6.6948702e+20	-6.6948712e+20	9.8756915e+13	0
    Cl:	1.9200813e+21	1.920081e+21	2.6014648e+14	0
    Cl(f):	-3.8655958e+21	-3.8655944e+21	-1.3739588e+15	0
    Cl(r):	5.7856771e+21	5.7856754e+21	1.6341053e+15	0
    CmPitch:	-4.8256364e+21	-4.8256349e+21	-1.504032e+15	0
    CmRoll:	6.5029473e+20	6.5029554e+20	-8.0198917e+14	0
    CmYaw:	-6.5746909e+20	-6.5747113e+20	2.0421146e+15	0
    Cs:	-2.5755523e+20	-2.5755586e+20	6.2662645e+14	0
    Cs(f):	-7.8624671e+20	-7.8624906e+20	2.3554279e+15	0
    Cs(r):	5.2869148e+20	5.286932e+20	-1.7288014e+15	0

    writing force and moment coefficient files.

Time = 141

DILUPBiCGStab:  Solving for Ux, Initial residual = 0.2868929, Final residual = 0.00051380251, No Iterations 1
DILUPBiCGStab:  Solving for Uy, Initial residual = 0.28982999, Final residual = 0.00087797183, No Iterations 1
DILUPBiCGStab:  Solving for Uz, Initial residual = 0.27993366, Final residual = 0.0013359763, No Iterations 1
GAMG:  Solving for p, Initial residual = 0.10112162, Final residual = 0.042423505, No Iterations 1000
time step continuity errors : sum local = 3.3376179e+08, global = -2.9494948e+08, cumulative = -2.9360183e+08
DILUPBiCGStab:  Solving for omega, Initial residual = 0.0040333325, Final residual = 1.1445566e-05, No Iterations 2
DILUPBiCGStab:  Solving for k, Initial residual = 2.779114e-06, Final residual = 1.9538624e-09, No Iterations 1
ExecutionTime = 672.25 s  ClockTime = 679 s

forceCoeffs forceCoeffs write:
    Coefficient	Total	Pressure	Viscous	Internal
    Cd:	-2.5916738e+27	-2.5916738e+27	-1.9849846e+15	0
    Cd(f):	-2.713716e+27	-2.713716e+27	-2.2682266e+15	0
    Cd(r):	1.2204219e+26	1.2204219e+26	2.83242e+14	0
    Cl:	4.5545734e+27	4.5545734e+27	8.0847664e+14	0
    Cl(f):	-5.1650617e+27	-5.1650617e+27	-4.7143043e+15	0
    Cl(r):	9.7196351e+27	9.7196351e+27	5.5227809e+15	0
    CmPitch:	-7.4423484e+27	-7.4423484e+27	-5.1185426e+15	0
    CmRoll:	-1.4178791e+27	-1.4178791e+27	-1.2757343e+15	0
    CmYaw:	2.5908167e+27	2.5908167e+27	2.5430528e+15	0
    Cs:	2.0954367e+27	2.0954367e+27	1.0365129e+15	0
    Cs(f):	3.6385351e+27	3.6385351e+27	3.0613092e+15	0
    Cs(r):	-1.5430984e+27	-1.5430984e+27	-2.0247963e+15	0

    writing force and moment coefficient files.

Time = 142

DILUPBiCGStab:  Solving for Ux, Initial residual = 0.34782724, Final residual = 0.00080035992, No Iterations 2
DILUPBiCGStab:  Solving for Uy, Initial residual = 0.36041471, Final residual = 0.00084946048, No Iterations 2
DILUPBiCGStab:  Solving for Uz, Initial residual = 0.36524752, Final residual = 0.00088496908, No Iterations 2
GAMG:  Solving for p, Initial residual = 0.73242902, Final residual = 11.198294, No Iterations 1000
time step continuity errors : sum local = 6.9461039e+14, global = -6.2368818e+14, cumulative = -6.2368847e+14
DILUPBiCGStab:  Solving for omega, Initial residual = 0.00082700866, Final residual = 3.4132708e-07, No Iterations 1
DILUPBiCGStab:  Solving for k, Initial residual = 1.4507612e-06, Final residual = 1.6326686e-09, No Iterations 1
ExecutionTime = 684.66 s  ClockTime = 692 s

forceCoeffs forceCoeffs write:
    Coefficient	Total	Pressure	Viscous	Internal
    Cd:	7.0707484e+29	7.0707484e+29	-4.0328381e+21	0
    Cd(f):	-6.5430445e+31	-6.5430445e+31	-4.9485746e+21	0
    Cd(r):	6.613752e+31	6.613752e+31	9.1573645e+20	0
    Cl:	4.019169e+31	4.019169e+31	-3.5417089e+21	0
    Cl(f):	-2.388613e+32	-2.388613e+32	1.5907891e+22	0
    Cl(r):	2.7905299e+32	2.7905299e+32	-1.94496e+22	0
    CmPitch:	-2.5895715e+32	-2.5895715e+32	1.7678746e+22	0
    CmRoll:	-6.5783983e+31	-6.5783983e+31	-2.9321555e+21	0
    CmYaw:	4.5128421e+32	4.5128421e+32	1.3187399e+22	0
    Cs:	7.5283292e+31	7.5283292e+31	1.9715787e+21	0
    Cs(f):	4.8892586e+32	4.8892586e+32	1.4173188e+22	0
    Cs(r):	-4.1364257e+32	-4.1364257e+32	-1.2201609e+22	0

    writing force and moment coefficient files.

Time = 143

DILUPBiCGStab:  Solving for Ux, Initial residual = 0.31133174, Final residual = 0.0001740799, No Iterations 5
DILUPBiCGStab:  Solving for Uy, Initial residual = 0.24559858, Final residual = 0.00069599683, No Iterations 6
DILUPBiCGStab:  Solving for Uz, Initial residual = 0.25363164, Final residual = 0.0006157634, No Iterations 8
[11] [stack trace]
=============
[12] [stack trace]
=============
[1] [stack trace]
=============
[5] [stack trace]
=============
[7] [stack trace]
=============
[9] [stack trace]
=============
[13] [stack trace]
=============
[3] [stack trace]
=============
[9] [12] #1  [13] #1[1] #1  [5] #1  [7] #1  [11] #1  [3] #1    #1  Foam::sigFpe::sigHandler(int)Foam::sigFpe::sigHandler(int)Foam::sigFpe::sigHandler(int)Foam::sigFpe::sigHandler(int)Foam::sigFpe::sigHandler(int)Foam::sigFpe::sigHandler(int)Foam::sigFpe::sigHandler(int)Foam::sigFpe::sigHandler(int) in <platforms>/linux64GccDPInt32Opt/lib/libOpenFOAM.so
[5] #2   in  in <platforms>/linux64GccDPInt32Opt/lib/libOpenFOAM.so
[11] #2  ?? in <platforms>/linux64GccDPInt32Opt/lib/libOpenFOAM.so
[12] #2  ?<platforms>/linux64GccDPInt32Opt/lib/libOpenFOAM.so
[9] #2  ? in <platforms>/linux64GccDPInt32Opt/lib/libOpenFOAM.so
[13] #2  ? in <platforms>/linux64GccDPInt32Opt/lib/libOpenFOAM.so
[3] #2  ? in <platforms>/linux64GccDPInt32Opt/lib/libOpenFOAM.so
[7] #2  ? in <platforms>/linux64GccDPInt32Opt/lib/libOpenFOAM.so
[1] #2  ? in /lib/x86_64-linux-gnu/libc.so.6
[5] #3  ? in  in /lib/x86_64-linux-gnu/libc.so.6
[9] #3  ?/lib/x86_64-linux-gnu/libc.so.6
[12] #3  ? in /lib/x86_64-linux-gnu/libc.so.6
[13] #3  ? in /lib/x86_64-linux-gnu/libc.so.6
[11] #3  ? in /lib/x86_64-linux-gnu/libc.so.6
[3] #3  ? in /lib/x86_64-linux-gnu/libc.so.6
[7] #3  ? in /lib/x86_64-linux-gnu/libc.so.6
[1] #3  ? in /usr/lib/x86_64-linux-gnu/openmpi/lib/openmpi3/mca_op_avx.so
[5] #4  ompi_coll_base_allreduce_intra_recursivedoubling in /usr/lib/x86_64-linux-gnu/openmpi/lib/openmpi3/mca_op_avx.so
[12] #4  ompi_coll_base_allreduce_intra_recursivedoubling in /usr/lib/x86_64-linux-gnu/openmpi/lib/openmpi3/mca_op_avx.so
[9] #4  ompi_coll_base_allreduce_intra_recursivedoubling in /usr/lib/x86_64-linux-gnu/openmpi/lib/openmpi3/mca_op_avx.so
[3] #4  ompi_coll_base_allreduce_intra_recursivedoubling in /usr/lib/x86_64-linux-gnu/openmpi/lib/openmpi3/mca_op_avx.so
[11] #4  ompi_coll_base_allreduce_intra_recursivedoubling in /usr/lib/x86_64-linux-gnu/openmpi/lib/openmpi3/mca_op_avx.so
[13] #4  ompi_coll_base_allreduce_intra_recursivedoubling in /usr/lib/x86_64-linux-gnu/openmpi/lib/openmpi3/mca_op_avx.so
[7] #4  ompi_coll_base_allreduce_intra_recursivedoubling in /usr/lib/x86_64-linux-gnu/openmpi/lib/openmpi3/mca_op_avx.so
[1] #4  ompi_coll_base_allreduce_intra_recursivedoubling in /lib/x86_64-linux-gnu/libmpi.so.40
[5] #5  ompi_coll_tuned_allreduce_intra_dec_fixed in /lib/x86_64-linux-gnu/libmpi.so.40
[12] #5  ompi_coll_tuned_allreduce_intra_dec_fixed in /lib/x86_64-linux-gnu/libmpi.so.40
[3] #5  ompi_coll_tuned_allreduce_intra_dec_fixed in /lib/x86_64-linux-gnu/libmpi.so.40
[9] #5  ompi_coll_tuned_allreduce_intra_dec_fixed in /lib/x86_64-linux-gnu/libmpi.so.40
[11] #5  ompi_coll_tuned_allreduce_intra_dec_fixed in /lib/x86_64-linux-gnu/libmpi.so.40
[13] #5  ompi_coll_tuned_allreduce_intra_dec_fixed in /usr/lib/x86_64-linux-gnu/openmpi/lib/openmpi3/mca_coll_tuned.so
[5] # in /lib/x86_64-linux-gnu/libmpi.so.40
[7] #5  ompi_coll_tuned_allreduce_intra_dec_fixed6  PMPI_Allreduce in /usr/lib/x86_64-linux-gnu/openmpi/lib/openmpi3/mca_coll_tuned.so
[12] #6   in /usr/lib/x86_64-linux-gnu/openmpi/lib/openmpi3/mca_coll_tuned.so
[3] #6  PMPI_AllreducePMPI_Allreduce in /lib/x86_64-linux-gnu/libmpi.so.40
[1] #5  ompi_coll_tuned_allreduce_intra_dec_fixed in /usr/lib/x86_64-linux-gnu/openmpi/lib/openmpi3/mca_coll_tuned.so
[9] #6  PMPI_Allreduce in /usr/lib/x86_64-linux-gnu/openmpi/lib/openmpi3/mca_coll_tuned.so
[13] #6  PMPI_Allreduce in /usr/lib/x86_64-linux-gnu/openmpi/lib/openmpi3/mca_coll_tuned.so
[11] #6  PMPI_Allreduce in /usr/lib/x86_64-linux-gnu/openmpi/lib/openmpi3/mca_coll_tuned.so in /lib/x86_64-linux-gnu/libmpi.so.40

[7] #6   in [12] /lib/x86_64-linux-gnu/libmpi.so.40
[3] #PMPI_Allreduce7  ?#7  ? in /lib/x86_64-linux-gnu/libmpi.so.40
[5] #7  ? in /usr/lib/x86_64-linux-gnu/openmpi/lib/openmpi3/mca_coll_tuned.so
[1] #6  PMPI_Allreduce in /lib/x86_64-linux-gnu/libmpi.so.40
[9] #7  ? in /lib/x86_64-linux-gnu/libmpi.so.40
[13] #7  ? in <platforms>/linux64GccDPInt32Opt/lib/sys-openmpi/libPstream.so
[12] #8  Foam::PCG::scalarSolve(Foam::Field<double>&, Foam::Field<double> const&, unsigned char) const in /lib/x86_64-linux-gnu/libmpi.so.40
[11] #7  ? in <platforms>/linux64GccDPInt32Opt/lib/sys-openmpi/libPstream.so
[3]  in /lib/x86_64-linux-gnu/libmpi.so.40
[7] #7  ?#8  Foam::PCG::scalarSolve(Foam::Field<double>&, Foam::Field<double> const&, unsigned char) const in <platforms>/linux64GccDPInt32Opt/lib/sys-openmpi/libPstream.so
[5] #8  Foam::PCG::scalarSolve(Foam::Field<double>&, Foam::Field<double> const&, unsigned char) const in /lib/x86_64-linux-gnu/libmpi.so.40
[1] #7  ? in <platforms>/linux64GccDPInt32Opt/lib/sys-openmpi/libPstream.so
[13] #8  Foam::PCG::scalarSolve(Foam::Field<double>&, Foam::Field<double> const&, unsigned char) const in <platforms>/linux64GccDPInt32Opt/lib/sys-openmpi/libPstream.so
[9] #8  Foam::PCG::scalarSolve(Foam::Field<double>&, Foam::Field<double> const&, unsigned char) const in <platforms>/linux64GccDPInt32Opt/lib/sys-openmpi/libPstream.so
[11] #8  Foam::PCG::scalarSolve(Foam::Field<double>&, Foam::Field<double> const&, unsigned char) const in <platforms>/linux64GccDPInt32Opt/lib/sys-openmpi/libPstream.so
[7] #8  Foam::PCG::scalarSolve(Foam::Field<double>&, Foam::Field<double> const&, unsigned char) const in <platforms>/linux64GccDPInt32Opt/lib/sys-openmpi/libPstream.so
[1] #8  Foam::PCG::scalarSolve(Foam::Field<double>&, Foam::Field<double> const&, unsigned char) const in <platforms>/linux64GccDPInt32Opt/lib/libOpenFOAM.so
[3] #9   in <platforms>/linux64GccDPInt32Opt/lib/libOpenFOAM.so
Foam::GAMGSolver::solveCoarsestLevel(Foam::Field<double>&, Foam::Field<double> const&) const[12] #9  Foam::GAMGSolver::solveCoarsestLevel(Foam::Field<double>&, Foam::Field<double> const&) const in <platforms>/linux64GccDPInt32Opt/lib/libOpenFOAM.so
[5] #9  Foam::GAMGSolver::solveCoarsestLevel(Foam::Field<double>&, Foam::Field<double> const&) const in <platforms>/linux64GccDPInt32Opt/lib/libOpenFOAM.so
[9] #9  Foam::GAMGSolver::solveCoarsestLevel(Foam::Field<double>&, Foam::Field<double> const&) const in <platforms>/linux64GccDPInt32Opt/lib/libOpenFOAM.so
 in <platforms>/linux64GccDPInt32Opt/lib/libOpenFOAM.so
[7] #9  [11] #9  Foam::GAMGSolver::solveCoarsestLevel(Foam::Field<double>&, Foam::Field<double> const&) constFoam::GAMGSolver::solveCoarsestLevel(Foam::Field<double>&, Foam::Field<double> const&) const in <platforms>/linux64GccDPInt32Opt/lib/libOpenFOAM.so
[13] #9  Foam::GAMGSolver::solveCoarsestLevel(Foam::Field<double>&, Foam::Field<double> const&) const in <platforms>/linux64GccDPInt32Opt/lib/libOpenFOAM.so
[1] #9   in <platforms>/linux64GccDPInt32Opt/lib/libOpenFOAM.so
[12] #10  Foam::GAMGSolver::Vcycle(Foam::PtrList<Foam::lduMatrix::smoother> const&, Foam::Field<double>&, Foam::Field<double> const&, Foam::Field<double>&, Foam::Field<double>&, Foam::Field<double>&, Foam::Field<double>&, Foam::Field<double>&, Foam::PtrList<Foam::Field<double>>&, Foam::PtrList<Foam::Field<double>>&, unsigned char) constFoam::GAMGSolver::solveCoarsestLevel(Foam::Field<double>&, Foam::Field<double> const&) const in <platforms>/linux64GccDPInt32Opt/lib/libOpenFOAM.so
[3] #10  Foam::GAMGSolver::Vcycle(Foam::PtrList<Foam::lduMatrix::smoother> const&, Foam::Field<double>&, Foam::Field<double> const&, Foam::Field<double>&, Foam::Field<double>&, Foam::Field<double>&, Foam::Field<double>&, Foam::Field<double>&, Foam::PtrList<Foam::Field<double>>&, Foam::PtrList<Foam::Field<double>>&, unsigned char) const in <platforms>/linux64GccDPInt32Opt/lib/libOpenFOAM.so
[5] #10  Foam::GAMGSolver::Vcycle(Foam::PtrList<Foam::lduMatrix::smoother> const&, Foam::Field<double>&, Foam::Field<double> const&, Foam::Field<double>&, Foam::Field<double>&, Foam::Field<double>&, Foam::Field<double>&, Foam::Field<double>&, Foam::PtrList<Foam::Field<double>>&, Foam::PtrList<Foam::Field<double>>&, unsigned char) const in <platforms>/linux64GccDPInt32Opt/lib/libOpenFOAM.so
[9] #10  Foam::GAMGSolver::Vcycle(Foam::PtrList<Foam::lduMatrix::smoother> const&, Foam::Field<double>&, Foam::Field<double> const&, Foam::Field<double>&, Foam::Field<double>&, Foam::Field<double>&, Foam::Field<double>&, Foam::Field<double>&, Foam::PtrList<Foam::Field<double>>&, Foam::PtrList<Foam::Field<double>>&, unsigned char) const in <platforms>/linux64GccDPInt32Opt/lib/libOpenFOAM.so
[7] #10  Foam::GAMGSolver::Vcycle(Foam::PtrList<Foam::lduMatrix::smoother> const&, Foam::Field<double>&, Foam::Field<double> const&, Foam::Field<double>&, Foam::Field<double>&, Foam::Field<double>&, Foam::Field<double>&, Foam::Field<double>&, Foam::PtrList<Foam::Field<double>>&, Foam::PtrList<Foam::Field<double>>&, unsigned char) const in <platforms>/linux64GccDPInt32Opt/lib/libOpenFOAM.so
[11] #10  Foam::GAMGSolver::Vcycle(Foam::PtrList<Foam::lduMatrix::smoother> const&, Foam::Field<double>&, Foam::Field<double> const&, Foam::Field<double>&, Foam::Field<double>&, Foam::Field<double>&, Foam::Field<double>&, Foam::Field<double>&, Foam::PtrList<Foam::Field<double>>&, Foam::PtrList<Foam::Field<double>>&, unsigned char) const in <platforms>/linux64GccDPInt32Opt/lib/libOpenFOAM.so
[13] #10  Foam::GAMGSolver::Vcycle(Foam::PtrList<Foam::lduMatrix::smoother> const&, Foam::Field<double>&, Foam::Field<double> const&, Foam::Field<double>&, Foam::Field<double>&, Foam::Field<double>&, Foam::Field<double>&, Foam::Field<double>&, Foam::PtrList<Foam::Field<double>>&, Foam::PtrList<Foam::Field<double>>&, unsigned char) const in <platforms>/linux64GccDPInt32Opt/lib/libOpenFOAM.so
[1] #10  Foam::GAMGSolver::Vcycle(Foam::PtrList<Foam::lduMatrix::smoother> const&, Foam::Field<double>&, Foam::Field<double> const&, Foam::Field<double>&, Foam::Field<double>&, Foam::Field<double>&, Foam::Field<double>&, Foam::Field<double>&, Foam::PtrList<Foam::Field<double>>&, Foam::PtrList<Foam::Field<double>>&, unsigned char) const in  in <platforms>/linux64GccDPInt32Opt/lib/libOpenFOAM.so
[3] #11  <platforms>/linux64GccDPInt32Opt/lib/libOpenFOAM.so in <platforms>/linux64GccDPInt32Opt/lib/libOpenFOAM.so
[12] #11  
[5] #11  Foam::GAMGSolver::solve(Foam::Field<double>&, Foam::Field<double> const&, unsigned char) constFoam::GAMGSolver::solve(Foam::Field<double>&, Foam::Field<double> const&, unsigned char) constFoam::GAMGSolver::solve(Foam::Field<double>&, Foam::Field<double> const&, unsigned char) const in <platforms>/linux64GccDPInt32Opt/lib/libOpenFOAM.so
[9] #11  Foam::GAMGSolver::solve(Foam::Field<double>&, Foam::Field<double> const&, unsigned char) const in <platforms>/linux64GccDPInt32Opt/lib/libOpenFOAM.so in <platforms>/linux64GccDPInt32Opt/lib/libOpenFOAM.so
[7] #11  Foam::GAMGSolver::solve(Foam::Field<double>&, Foam::Field<double> const&, unsigned char) const
[11] #11  Foam::GAMGSolver::solve(Foam::Field<double>&, Foam::Field<double> const&, unsigned char) const in <platforms>/linux64GccDPInt32Opt/lib/libOpenFOAM.so
[13] #11  Foam::GAMGSolver::solve(Foam::Field<double>&, Foam::Field<double> const&, unsigned char) const in <platforms>/linux64GccDPInt32Opt/lib/libOpenFOAM.so
[3] #12   in <platforms>/linux64GccDPInt32Opt/lib/libOpenFOAM.so
[1] #11  Foam::GAMGSolver::solve(Foam::Field<double>&, Foam::Field<double> const&, unsigned char) const in <platforms>/linux64GccDPInt32Opt/lib/libOpenFOAM.so
[5] #12   in <platforms>/linux64GccDPInt32Opt/lib/libOpenFOAM.so
[12] #12  Foam::fvMatrix<double>::solveSegregated(Foam::dictionary const&)Foam::fvMatrix<double>::solveSegregated(Foam::dictionary const&)Foam::fvMatrix<double>::solveSegregated(Foam::dictionary const&) in <platforms>/linux64GccDPInt32Opt/lib/libOpenFOAM.so
[9] #12  Foam::fvMatrix<double>::solveSegregated(Foam::dictionary const&) in <platforms>/linux64GccDPInt32Opt/lib/libOpenFOAM.so
[7] #12  Foam::fvMatrix<double>::solveSegregated(Foam::dictionary const&) in <platforms>/linux64GccDPInt32Opt/lib/libOpenFOAM.so
[11] #12  Foam::fvMatrix<double>::solveSegregated(Foam::dictionary const&) in <platforms>/linux64GccDPInt32Opt/lib/libOpenFOAM.so
[13] #12  Foam::fvMatrix<double>::solveSegregated(Foam::dictionary const&) in <platforms>/linux64GccDPInt32Opt/lib/libfiniteVolume.so
[12]  in <platforms>/linux64GccDPInt32Opt/lib/libfiniteVolume.so
[3] #13  ?#13  ? in <platforms>/linux64GccDPInt32Opt/lib/libOpenFOAM.so
[1] #12  Foam::fvMatrix<double>::solveSegregated(Foam::dictionary const&) in <platforms>/linux64GccDPInt32Opt/lib/libfiniteVolume.so
[5] #13  ? in <platforms>/linux64GccDPInt32Opt/lib/libfiniteVolume.so
[7] #13  ? in <platforms>/linux64GccDPInt32Opt/lib/libfiniteVolume.so
[9] #13  ? in <platforms>/linux64GccDPInt32Opt/lib/libfiniteVolume.so
[1] #13   in <platforms>/linux64GccDPInt32Opt/lib/libfiniteVolume.so
[3] #14  Foam::fvMesh::solve(Foam::fvMatrix<double>&, Foam::dictionary const&) const in <platforms>/linux64GccDPInt32Opt/lib/libfiniteVolume.so
[13] #13   in <platforms>/linux64GccDPInt32Opt/lib/libfiniteVolume.so
[11] #13  ??? in <platforms>/linux64GccDPInt32Opt/lib/libfiniteVolume.so
[12] #14  Foam::fvMesh::solve(Foam::fvMatrix<double>&, Foam::dictionary const&) const in <platforms>/linux64GccDPInt32Opt/lib/libfiniteVolume.so
[5] #14  Foam::fvMesh::solve(Foam::fvMatrix<double>&, Foam::dictionary const&) const in <platforms>/linux64GccDPInt32Opt/lib/libfiniteVolume.so
[7] #14  Foam::fvMesh::solve(Foam::fvMatrix<double>&, Foam::dictionary const&) const in <platforms>/linux64GccDPInt32Opt/lib/libfiniteVolume.so
[9] #14  Foam::fvMesh::solve(Foam::fvMatrix<double>&, Foam::dictionary const&) const in <platforms>/linux64GccDPInt32Opt/lib/libfiniteVolume.so
[13] #14 in   <platforms>/linux64GccDPInt32Opt/lib/libfiniteVolume.so
Foam::fvMesh::solve(Foam::fvMatrix<double>&, Foam::dictionary const&) const[3] #15  ? in <platforms>/linux64GccDPInt32Opt/lib/libfiniteVolume.so
[11] #14  Foam::fvMesh::solve(Foam::fvMatrix<double>&, Foam::dictionary const&) const in <platforms>/linux64GccDPInt32Opt/lib/libfiniteVolume.so
[1] #14  Foam::fvMesh::solve(Foam::fvMatrix<double>&, Foam::dictionary const&) const in <platforms>/linux64GccDPInt32Opt/lib/libfiniteVolume.so
[12] #15  ? in <platforms>/linux64GccDPInt32Opt/lib/libfiniteVolume.so
[9] #15  ? in <platforms>/linux64GccDPInt32Opt/lib/libfiniteVolume.so
[7] #15  ? in <platforms>/linux64GccDPInt32Opt/bin/simpleFoam
[3] #16  ? in <platforms>/linux64GccDPInt32Opt/lib/libfiniteVolume.so
[5] #15  ? in <platforms>/linux64GccDPInt32Opt/bin/simpleFoam
[9] #16  ? in <platforms>/linux64GccDPInt32Opt/lib/libfiniteVolume.so
[11] #15  ? in <platforms>/linux64GccDPInt32Opt/lib/libfiniteVolume.so
[1] #15  ? in <platforms>/linux64GccDPInt32Opt/lib/libfiniteVolume.so
[13] #15  ? in /lib/x86_64-linux-gnu/libc.so.6
[3] #17  __libc_start_main in <platforms>/linux64GccDPInt32Opt/bin/simpleFoam
[7] #16  ? in <platforms>/linux64GccDPInt32Opt/bin/simpleFoam
[12] #16  ? in <platforms>/linux64GccDPInt32Opt/bin/simpleFoam
[5] #16  ? in /lib/x86_64-linux-gnu/libc.so.6
[9] #17  __libc_start_main in <platforms>/linux64GccDPInt32Opt/bin/simpleFoam
[11] #16  ? in /lib/x86_64-linux-gnu/libc.so.6
[3] #18  ? in <platforms>/linux64GccDPInt32Opt/bin/simpleFoam
[1] #16  ? in <platforms>/linux64GccDPInt32Opt/bin/simpleFoam in /lib/x86_64-linux-gnu/libc.so.6
[7] #17  
[13] #16  ?__libc_start_main in /lib/x86_64-linux-gnu/libc.so.6
[12] #17  __libc_start_main in /lib/x86_64-linux-gnu/libc.so.6
[5] #17  __libc_start_main in /lib/x86_64-linux-gnu/libc.so.6
[9] #18  ? in /lib/x86_64-linux-gnu/libc.so.6
[11] #17  __libc_start_main in /lib/x86_64-linux-gnu/libc.so.6
[1] #17  __libc_start_main in /lib/x86_64-linux-gnu/libc.so.6
[13] #17  __libc_start_main in <platforms>/linux64GccDPInt32Opt/bin/simpleFoam
[3] =============
[ip-172-31-43-247:3242095] *** Process received signal ***
[ip-172-31-43-247:3242095] Signal: Floating point exception (8)
[ip-172-31-43-247:3242095] Signal code:  (-6)
[ip-172-31-43-247:3242095] Failing at address: 0x3e80031786f
[ip-172-31-43-247:3242095] [ 0] /lib/x86_64-linux-gnu/libc.so.6(+0x45330)[0x7c6341a45330]
[ip-172-31-43-247:3242095] [ 1] /lib/x86_64-linux-gnu/libc.so.6(pthread_kill+0x11c)[0x7c6341a9ec0c]
[ip-172-31-43-247:3242095] [ 2] /lib/x86_64-linux-gnu/libc.so.6(gsignal+0x1e)[0x7c6341a4527e]
[ip-172-31-43-247:3242095] [ 3] /lib/x86_64-linux-gnu/libc.so.6(+0x45330)[0x7c6341a45330]
[ip-172-31-43-247:3242095] [ 4] /usr/lib/x86_64-linux-gnu/openmpi/lib/openmpi3/mca_op_avx.so(+0x1965d)[0x7c633e3e265d]
[ip-172-31-43-247:3242095] [ 5] /lib/x86_64-linux-gnu/libmpi.so.40(ompi_coll_base_allreduce_intra_recursivedoubling+0x48a)[0x7c6340f8ad1a]
[ip-172-31-43-247:3242095] [ 6] /usr/lib/x86_64-linux-gnu/openmpi/lib/openmpi3/mca_coll_tuned.so(ompi_coll_tuned_allreduce_intra_dec_fixed+0x4e)[0x7c633e61927e]
[ip-172-31-43-247:3242095] [ 7] /lib/x86_64-linux-gnu/libmpi.so.40(PMPI_Allreduce+0x10f)[0x7c6340f4364f]
[ip-172-31-43-247:3242095] [ 8] /usr/lib/openfoam/openfoam2606/platforms/linux64GccDPInt32Opt/lib/sys-openmpi/libPstream.so(+0x1582d)[0x7c634425682d]
[ip-172-31-43-247:3242095] [ 9] /usr/lib/openfoam/openfoam2606/platforms/linux64GccDPInt32Opt/lib/libOpenFOAM.so(_ZNK4Foam3PCG11scalarSolveERNS_5FieldIdEERKS2_h+0x4ae)[0x7c63426acc8e]
[ip-172-31-43-247:3242095] [10] /usr/lib/openfoam/openfoam2606/platforms/linux64GccDPInt32Opt/lib/libOpenFOAM.so(_ZNK4Foam10GAMGSolver18solveCoarsestLevelERNS_5FieldIdEERKS2_+0x23a)[0x7c63426c6d7a]
[ip-172-31-43-247:3242095] [11] /usr/lib/openfoam/openfoam2606/platforms/linux64GccDPInt32Opt/lib/libOpenFOAM.so(_ZNK4Foam10GAMGSolver6VcycleERKNS_7PtrListINS_9lduMatrix8smootherEEERNS_5FieldIdEERKS8_S9_S9_S9_S9_S9_RNS1_IS8_EESD_h+0x3ee)[0x7c63426c75ce]
[ip-172-31-43-247:3242095] [12] /usr/lib/openfoam/openfoam2606/platforms/linux64GccDPInt32Opt/lib/libOpenFOAM.so(_ZNK4Foam10GAMGSolver5solveERNS_5FieldIdEERKS2_h+0x43c)[0x7c63426c864c]
[ip-172-31-43-247:3242095] [13] /usr/lib/openfoam/openfoam2606/platforms/linux64GccDPInt32Opt/lib/libfiniteVolume.so(_ZN4Foam8fvMatrixIdE15solveSegregatedERKNS_10dictionaryE+0x43a)[0x7c6344de01ba]
[ip-172-31-43-247:3242095] [14] /usr/lib/openfoam/openfoam2606/platforms/linux64GccDPInt32Opt/lib/libfiniteVolume.so(+0x535892)[0x7c6344935892]
[ip-172-31-43-247:3242095] [15] /usr/lib/openfoam/openfoam2606/platforms/linux64GccDPInt32Opt/lib/libfiniteVolume.so(_ZNK4Foam6fvMesh5solveERNS_8fvMatrixIdEERKNS_10dictionaryE+0x2a)[0x7c6344923baa]
[ip-172-31-43-247:3242095] [16] simpleFoam(+0x1aa5a)[0x5fc1c3949a5a]
[ip-172-31-43-247:3242095] [17] /lib/x86_64-linux-gnu/libc.so.6(+0x2a1ca)[0x7c6341a2a1ca]
[ip-172-31-43-247:3242095] [18] /lib/x86_64-linux-gnu/libc.so.6(__libc_start_main+0x8b)[0x7c6341a2a28b]
[ip-172-31-43-247:3242095] [19] simpleFoam(+0x1c6e5)[0x5fc1c394b6e5]
[ip-172-31-43-247:3242095] *** End of error message ***
 in /lib/x86_64-linux-gnu/libc.so.6
[12] #18  ? in /lib/x86_64-linux-gnu/libc.so.6
[5] #18  ? in /lib/x86_64-linux-gnu/libc.so.6
[7] #18  ? in <platforms>/linux64GccDPInt32Opt/bin/simpleFoam
[9] =============
[ip-172-31-43-247:3242101] *** Process received signal ***
[ip-172-31-43-247:3242101] Signal: Floating point exception (8)
[ip-172-31-43-247:3242101] Signal code:  (-6)
[ip-172-31-43-247:3242101] Failing at address: 0x3e800317875
[ip-172-31-43-247:3242101] [ 0] /lib/x86_64-linux-gnu/libc.so.6(+0x45330)[0x7a098fa45330]
[ip-172-31-43-247:3242101] [ 1] /lib/x86_64-linux-gnu/libc.so.6(pthread_kill+0x11c)[0x7a098fa9ec0c]
[ip-172-31-43-247:3242101] [ 2] /lib/x86_64-linux-gnu/libc.so.6(gsignal+0x1e)[0x7a098fa4527e]
[ip-172-31-43-247:3242101] [ 3] /lib/x86_64-linux-gnu/libc.so.6(+0x45330)[0x7a098fa45330]
[ip-172-31-43-247:3242101] [ 4] /usr/lib/x86_64-linux-gnu/openmpi/lib/openmpi3/mca_op_avx.so(+0x1965d)[0x7a098c70065d]
[ip-172-31-43-247:3242101] [ 5] /lib/x86_64-linux-gnu/libmpi.so.40(ompi_coll_base_allreduce_intra_recursivedoubling+0x44a)[0x7a099017acda]
[ip-172-31-43-247:3242101] [ 6] /usr/lib/x86_64-linux-gnu/openmpi/lib/openmpi3/mca_coll_tuned.so(ompi_coll_tuned_allreduce_intra_dec_fixed+0x4e)[0x7a098c61c27e]
[ip-172-31-43-247:3242101] [ 7] /lib/x86_64-linux-gnu/libmpi.so.40(PMPI_Allreduce+0x10f)[0x7a099013364f]
[ip-172-31-43-247:3242101] [ 8] /usr/lib/openfoam/openfoam2606/platforms/linux64GccDPInt32Opt/lib/sys-openmpi/libPstream.so(+0x1582d)[0x7a09919be82d]
[ip-172-31-43-247:3242101] [ 9] /usr/lib/openfoam/openfoam2606/platforms/linux64GccDPInt32Opt/lib/libOpenFOAM.so(_ZNK4Foam3PCG11scalarSolveERNS_5FieldIdEERKS2_h+0x4ae)[0x7a09906acc8e]
[ip-172-31-43-247:3242101] [10] /usr/lib/openfoam/openfoam2606/platforms/linux64GccDPInt32Opt/lib/libOpenFOAM.so(_ZNK4Foam10GAMGSolver18solveCoarsestLevelERNS_5FieldIdEERKS2_+0x23a)[0x7a09906c6d7a]
[ip-172-31-43-247:3242101] [11] /usr/lib/openfoam/openfoam2606/platforms/linux64GccDPInt32Opt/lib/libOpenFOAM.so(_ZNK4Foam10GAMGSolver6VcycleERKNS_7PtrListINS_9lduMatrix8smootherEEERNS_5FieldIdEERKS8_S9_S9_S9_S9_S9_RNS1_IS8_EESD_h+0x3ee)[0x7a09906c75ce]
[ip-172-31-43-247:3242101] [12] /usr/lib/openfoam/openfoam2606/platforms/linux64GccDPInt32Opt/lib/libOpenFOAM.so(_ZNK4Foam10GAMGSolver5solveERNS_5FieldIdEERKS2_h+0x43c)[0x7a09906c864c]
[ip-172-31-43-247:3242101] [13] /usr/lib/openfoam/openfoam2606/platforms/linux64GccDPInt32Opt/lib/libfiniteVolume.so(_ZN4Foam8fvMatrixIdE15solveSegregatedERKNS_10dictionaryE+0x43a)[0x7a0992de01ba]
[ip-172-31-43-247:3242101] [14] /usr/lib/openfoam/openfoam2606/platforms/linux64GccDPInt32Opt/lib/libfiniteVolume.so(+0x535892)[0x7a0992935892]
[ip-172-31-43-247:3242101] [15] /usr/lib/openfoam/openfoam2606/platforms/linux64GccDPInt32Opt/lib/libfiniteVolume.so(_ZNK4Foam6fvMesh5solveERNS_8fvMatrixIdEERKNS_10dictionaryE+0x2a)[0x7a0992923baa]
[ip-172-31-43-247:3242101] [16] simpleFoam(+0x1aa5a)[0x57043096ca5a]
[ip-172-31-43-247:3242101] [17] /lib/x86_64-linux-gnu/libc.so.6(+0x2a1ca)[0x7a098fa2a1ca]
[ip-172-31-43-247:3242101] [18] /lib/x86_64-linux-gnu/libc.so.6(__libc_start_main+0x8b)[0x7a098fa2a28b]
[ip-172-31-43-247:3242101] [19] simpleFoam(+0x1c6e5)[0x57043096e6e5]
[ip-172-31-43-247:3242101] *** End of error message ***
 in /lib/x86_64-linux-gnu/libc.so.6
[1]  in /lib/x86_64-linux-gnu/libc.so.6
[13] #18  ?#18  ? in /lib/x86_64-linux-gnu/libc.so.6
[11] #18  ? in <platforms>/linux64GccDPInt32Opt/bin/simpleFoam
[5] =============
[ip-172-31-43-247:3242097] *** Process received signal ***
[ip-172-31-43-247:3242097] Signal: Floating point exception (8)
[ip-172-31-43-247:3242097] Signal code:  (-6)
[ip-172-31-43-247:3242097] Failing at address: 0x3e800317871
[ip-172-31-43-247:3242097] [ 0] /lib/x86_64-linux-gnu/libc.so.6(+0x45330)[0x753a8ea45330]
[ip-172-31-43-247:3242097] [ 1] /lib/x86_64-linux-gnu/libc.so.6(pthread_kill+0x11c)[0x753a8ea9ec0c]
[ip-172-31-43-247:3242097] [ 2] /lib/x86_64-linux-gnu/libc.so.6(gsignal+0x1e)[0x753a8ea4527e]
[ip-172-31-43-247:3242097] [ 3] /lib/x86_64-linux-gnu/libc.so.6(+0x45330)[0x753a8ea45330]
[ip-172-31-43-247:3242097] [ 4] /usr/lib/x86_64-linux-gnu/openmpi/lib/openmpi3/mca_op_avx.so(+0x1965d)[0x753a8c04c65d]
[ip-172-31-43-247:3242097] [ 5] /lib/x86_64-linux-gnu/libmpi.so.40(ompi_coll_base_allreduce_intra_recursivedoubling+0x48a)[0x753a8df8ad1a]
[ip-172-31-43-247:3242097] [ 6] /usr/lib/x86_64-linux-gnu/openmpi/lib/openmpi3/mca_coll_tuned.so(ompi_coll_tuned_allreduce_intra_dec_fixed+0x4e)[0x753a850b327e]
[ip-172-31-43-247:3242097] [ 7] /lib/x86_64-linux-gnu/libmpi.so.40(PMPI_Allreduce+0x10f)[0x753a8df4364f]
[ip-172-31-43-247:3242097] [ 8] /usr/lib/openfoam/openfoam2606/platforms/linux64GccDPInt32Opt/lib/sys-openmpi/libPstream.so(+0x1582d)[0x753a9126682d]
[ip-172-31-43-247:3242097] [ 9] /usr/lib/openfoam/openfoam2606/platforms/linux64GccDPInt32Opt/lib/libOpenFOAM.so(_ZNK4Foam3PCG11scalarSolveERNS_5FieldIdEERKS2_h+0x4ae)[0x753a8f6acc8e]
[ip-172-31-43-247:3242097] [10] /usr/lib/openfoam/openfoam2606/platforms/linux64GccDPInt32Opt/lib/libOpenFOAM.so(_ZNK4Foam10GAMGSolver18solveCoarsestLevelERNS_5FieldIdEERKS2_+0x23a)[0x753a8f6c6d7a]
[ip-172-31-43-247:3242097] [11] /usr/lib/openfoam/openfoam2606/platforms/linux64GccDPInt32Opt/lib/libOpenFOAM.so(_ZNK4Foam10GAMGSolver6VcycleERKNS_7PtrListINS_9lduMatrix8smootherEEERNS_5FieldIdEERKS8_S9_S9_S9_S9_S9_RNS1_IS8_EESD_h+0x3ee)[0x753a8f6c75ce]
[ip-172-31-43-247:3242097] [12] /usr/lib/openfoam/openfoam2606/platforms/linux64GccDPInt32Opt/lib/libOpenFOAM.so(_ZNK4Foam10GAMGSolver5solveERNS_5FieldIdEERKS2_h+0x43c)[0x753a8f6c864c]
[ip-172-31-43-247:3242097] [13]  in <platforms>/linux64GccDPInt32Opt/bin/simpleFoam
[12] =============
/usr/lib/openfoam/openfoam2606/platforms/linux64GccDPInt32Opt/lib/libfiniteVolume.so(_ZN4Foam8fvMatrixIdE15solveSegregatedERKNS_10dictionaryE+0x43a)[0x753a91de01ba]
[ip-172-31-43-247:3242097] [14] [ip-172-31-43-247:3242104] *** Process received signal ***
[ip-172-31-43-247:3242104] Signal: Floating point exception (8)
[ip-172-31-43-247:3242104] Signal code:  (-6)
[ip-172-31-43-247:3242104] Failing at address: 0x3e800317878
[ip-172-31-43-247:3242104] [ 0] /lib/x86_64-linux-gnu/libc.so.6(+0x45330)[0x76b991845330]
[ip-172-31-43-247:3242104] [ 1] /usr/lib/openfoam/openfoam2606/platforms/linux64GccDPInt32Opt/lib/libfiniteVolume.so(+0x535892)[0x753a91935892]
[ip-172-31-43-247:3242097] [15] /lib/x86_64-linux-gnu/libc.so.6(pthread_kill+0x11c)[0x76b99189ec0c]
[ip-172-31-43-247:3242104] [ 2]  in /lib/x86_64-linux-gnu/libc.so.6(gsignal+0x1e)[0x76b99184527e]
[ip-172-31-43-247:3242104] [ 3] /lib/x86_64-linux-gnu/libc.so.6(+0x45330)[0x76b991845330]
[ip-172-31-43-247:3242104] [ 4] <platforms>/linux64GccDPInt32Opt/bin/simpleFoam
[7] =============
[ip-172-31-43-247:3242099] *** Process received signal ***
/usr/lib/x86_64-linux-gnu/openmpi/lib/openmpi3/mca_op_avx.so(+0x1965d)[0x76b9900df65d]
[ip-172-31-43-247:3242104] [ 5] [ip-172-31-43-247:3242099] Signal: Floating point exception (8)
[ip-172-31-43-247:3242099] Signal code:  (-6)
[ip-172-31-43-247:3242099] Failing at address: 0x3e800317873
/usr/lib/openfoam/openfoam2606/platforms/linux64GccDPInt32Opt/lib/libfiniteVolume.so(_ZNK4Foam6fvMesh5solveERNS_8fvMatrixIdEERKNS_10dictionaryE+0x2a)[0x753a91923baa]
[ip-172-31-43-247:3242097] [16] simpleFoam(+0x1aa5a)[0x64ee48b02a5a]
[ip-172-31-43-247:3242097] [17] /lib/x86_64-linux-gnu/libmpi.so.40(ompi_coll_base_allreduce_intra_recursivedoubling+0x44a)[0x76b990d8acda]
[ip-172-31-43-247:3242104] [ 6] /usr/lib/x86_64-linux-gnu/openmpi/lib/openmpi3/mca_coll_tuned.so(ompi_coll_tuned_allreduce_intra_dec_fixed+0x4e)[0x76b98c2d127e]
[ip-172-31-43-247:3242104] [ 7] [ip-172-31-43-247:3242099] [ 0] /lib/x86_64-linux-gnu/libc.so.6(+0x2a1ca)[0x753a8ea2a1ca]
[ip-172-31-43-247:3242097] [18] /lib/x86_64-linux-gnu/libc.so.6(__libc_start_main+0x8b)[0x753a8ea2a28b]
[ip-172-31-43-247:3242097] [19] simpleFoam(+0x1c6e5)[0x64ee48b046e5]
/lib/x86_64-linux-gnu/libmpi.so.40(PMPI_Allreduce+0x10f)[0x76b990d4364f]
[ip-172-31-43-247:3242104] [ 8] /usr/lib/openfoam/openfoam2606/platforms/linux64GccDPInt32Opt/lib/sys-openmpi/libPstream.so(+0x1582d)[0x76b99409482d]
[ip-172-31-43-247:3242104] [ 9] /lib/x86_64-linux-gnu/libc.so.6(+0x45330)[0x7d2f37a45330]
[ip-172-31-43-247:3242099] [ 1] [ip-172-31-43-247:3242097] *** End of error message ***
/lib/x86_64-linux-gnu/libc.so.6(pthread_kill+0x11c)[0x7d2f37a9ec0c]
[ip-172-31-43-247:3242099] [ 2] /lib/x86_64-linux-gnu/libc.so.6(gsignal+0x1e)[0x7d2f37a4527e]
[ip-172-31-43-247:3242099] [ 3] /lib/x86_64-linux-gnu/libc.so.6(+0x45330)[0x7d2f37a45330]
[ip-172-31-43-247:3242099] [ 4] /usr/lib/x86_64-linux-gnu/openmpi/lib/openmpi3/mca_op_avx.so(+0x1965d)[0x7d2f3454165d]
[ip-172-31-43-247:3242099] [ 5] /lib/x86_64-linux-gnu/libmpi.so.40(ompi_coll_base_allreduce_intra_recursivedoubling+0x48a)[0x7d2f3817ad1a]
[ip-172-31-43-247:3242099] [ 6] /usr/lib/x86_64-linux-gnu/openmpi/lib/openmpi3/mca_coll_tuned.so(ompi_coll_tuned_allreduce_intra_dec_fixed+0x4e)[0x7d2f3401927e]
[ip-172-31-43-247:3242099] [ 7] /usr/lib/openfoam/openfoam2606/platforms/linux64GccDPInt32Opt/lib/libOpenFOAM.so(_ZNK4Foam3PCG11scalarSolveERNS_5FieldIdEERKS2_h+0x4ae)[0x76b9924acc8e]
[ip-172-31-43-247:3242104] /lib/x86_64-linux-gnu/libmpi.so.40(PMPI_Allreduce+0x10f)[0x7d2f3813364f]
[ip-172-31-43-247:3242099] [ 8] /usr/lib/openfoam/openfoam2606/platforms/linux64GccDPInt32Opt/lib/sys-openmpi/libPstream.so(+0x1582d)[0x7d2f3a26082d]
[ip-172-31-43-247:3242099] [ 9] [10] /usr/lib/openfoam/openfoam2606/platforms/linux64GccDPInt32Opt/lib/libOpenFOAM.so(_ZNK4Foam10GAMGSolver18solveCoarsestLevelERNS_5FieldIdEERKS2_+0x23a)[0x76b9924c6d7a]
[ip-172-31-43-247:3242104] [11] /usr/lib/openfoam/openfoam2606/platforms/linux64GccDPInt32Opt/lib/libOpenFOAM.so(_ZNK4Foam3PCG11scalarSolveERNS_5FieldIdEERKS2_h+0x4ae)[0x7d2f386acc8e]
[ip-172-31-43-247:3242099] [10] /usr/lib/openfoam/openfoam2606/platforms/linux64GccDPInt32Opt/lib/libOpenFOAM.so(_ZNK4Foam10GAMGSolver18solveCoarsestLevelERNS_5FieldIdEERKS2_+0x23a)[0x7d2f386c6d7a]
[ip-172-31-43-247:3242099] [11] /usr/lib/openfoam/openfoam2606/platforms/linux64GccDPInt32Opt/lib/libOpenFOAM.so(_ZNK4Foam10GAMGSolver6VcycleERKNS_7PtrListINS_9lduMatrix8smootherEEERNS_5FieldIdEERKS8_S9_S9_S9_S9_S9_RNS1_IS8_EESD_h+0x3ee)[0x7d2f386c75ce]
[ip-172-31-43-247:3242099] [12] /usr/lib/openfoam/openfoam2606/platforms/linux64GccDPInt32Opt/lib/libOpenFOAM.so(_ZNK4Foam10GAMGSolver5solveERNS_5FieldIdEERKS2_h+0x43c)[0x7d2f386c864c]
[ip-172-31-43-247:3242099] [13] /usr/lib/openfoam/openfoam2606/platforms/linux64GccDPInt32Opt/lib/libfiniteVolume.so(_ZN4Foam8fvMatrixIdE15solveSegregatedERKNS_10dictionaryE+0x43a)[0x7d2f3ade01ba]
[ip-172-31-43-247:3242099] [14] /usr/lib/openfoam/openfoam2606/platforms/linux64GccDPInt32Opt/lib/libfiniteVolume.so(+0x535892)[0x7d2f3a935892]
[ip-172-31-43-247:3242099] [15] /usr/lib/openfoam/openfoam2606/platforms/linux64GccDPInt32Opt/lib/libOpenFOAM.so(_ZNK4Foam10GAMGSolver6VcycleERKNS_7PtrListINS_9lduMatrix8smootherEEERNS_5FieldIdEERKS8_S9_S9_S9_S9_S9_RNS1_IS8_EESD_h+0x3ee)[0x76b9924c75ce]
[ip-172-31-43-247:3242104] [12] /usr/lib/openfoam/openfoam2606/platforms/linux64GccDPInt32Opt/lib/libOpenFOAM.so(_ZNK4Foam10GAMGSolver5solveERNS_5FieldIdEERKS2_h+0x43c)[0x76b9924c864c]
[ip-172-31-43-247:3242104] [13] /usr/lib/openfoam/openfoam2606/platforms/linux64GccDPInt32Opt/lib/libfiniteVolume.so(_ZN4Foam8fvMatrixIdE15solveSegregatedERKNS_10dictionaryE+0x43a)[0x76b994be01ba]
[ip-172-31-43-247:3242104] [14] /usr/lib/openfoam/openfoam2606/platforms/linux64GccDPInt32Opt/lib/libfiniteVolume.so(+0x535892)[0x76b994735892]
[ip-172-31-43-247:3242104] [15] /usr/lib/openfoam/openfoam2606/platforms/linux64GccDPInt32Opt/lib/libfiniteVolume.so(_ZNK4Foam6fvMesh5solveERNS_8fvMatrixIdEERKNS_10dictionaryE+0x2a)[0x76b994723baa]
[ip-172-31-43-247:3242104] [16] simpleFoam(+0x1aa5a)[0x617ea5492a5a]
[ip-172-31-43-247:3242104] [17] /lib/x86_64-linux-gnu/libc.so.6(+0x2a1ca)[0x76b99182a1ca]
[ip-172-31-43-247:3242104] [18] /lib/x86_64-linux-gnu/libc.so.6(__libc_start_main+0x8b)[0x76b99182a28b]
[ip-172-31-43-247:3242104] [19] simpleFoam(+0x1c6e5)[0x617ea54946e5]
[ip-172-31-43-247:3242104] *** End of error message ***
/usr/lib/openfoam/openfoam2606/platforms/linux64GccDPInt32Opt/lib/libfiniteVolume.so(_ZNK4Foam6fvMesh5solveERNS_8fvMatrixIdEERKNS_10dictionaryE+0x2a)[0x7d2f3a923baa]
[ip-172-31-43-247:3242099] [16] simpleFoam(+0x1aa5a)[0x5619606a6a5a]
[ip-172-31-43-247:3242099] [17] /lib/x86_64-linux-gnu/libc.so.6(+0x2a1ca)[0x7d2f37a2a1ca]
[ip-172-31-43-247:3242099] [18] /lib/x86_64-linux-gnu/libc.so.6(__libc_start_main+0x8b)[0x7d2f37a2a28b]
[ip-172-31-43-247:3242099] [19] simpleFoam(+0x1c6e5)[0x5619606a86e5]
[ip-172-31-43-247:3242099] *** End of error message ***
 in <platforms>/linux64GccDPInt32Opt/bin/simpleFoam
[1] =============
[ip-172-31-43-247:3242093] *** Process received signal ***
[ip-172-31-43-247:3242093] Signal: Floating point exception (8)
[ip-172-31-43-247:3242093] Signal code:  (-6)
[ip-172-31-43-247:3242093] Failing at address: 0x3e80031786d
[ip-172-31-43-247:3242093] [ 0] /lib/x86_64-linux-gnu/libc.so.6(+0x45330)[0x7492bc845330]
[ip-172-31-43-247:3242093] [ 1] /lib/x86_64-linux-gnu/libc.so.6(pthread_kill+0x11c)[0x7492bc89ec0c]
[ip-172-31-43-247:3242093] [ 2] /lib/x86_64-linux-gnu/libc.so.6(gsignal+0x1e)[0x7492bc84527e]
[ip-172-31-43-247:3242093] [ 3] /lib/x86_64-linux-gnu/libc.so.6(+0x45330)[0x7492bc845330]
[ip-172-31-43-247:3242093] [ 4] /usr/lib/x86_64-linux-gnu/openmpi/lib/openmpi3/mca_op_avx.so(+0x1965d)[0x7492b963265d]
[ip-172-31-43-247:3242093] [ 5] /lib/x86_64-linux-gnu/libmpi.so.40(ompi_coll_base_allreduce_intra_recursivedoubling+0x48a)[0x7492bcf7ad1a]
[ip-172-31-43-247:3242093] [ 6] /usr/lib/x86_64-linux-gnu/openmpi/lib/openmpi3/mca_coll_tuned.so(ompi_coll_tuned_allreduce_intra_dec_fixed+0x4e)[0x7492b8d5927e]
[ip-172-31-43-247:3242093] [ 7] /lib/x86_64-linux-gnu/libmpi.so.40(PMPI_Allreduce+0x10f)[0x7492bcf3364f]
[ip-172-31-43-247:3242093] [ 8] /usr/lib/openfoam/openfoam2606/platforms/linux64GccDPInt32Opt/lib/sys-openmpi/libPstream.so(+0x1582d)[0x7492be7ec82d]
[ip-172-31-43-247:3242093] [ 9] /usr/lib/openfoam/openfoam2606/platforms/linux64GccDPInt32Opt/lib/libOpenFOAM.so(_ZNK4Foam3PCG11scalarSolveERNS_5FieldIdEERKS2_h+0x4ae)[0x7492bd4acc8e]
[ip-172-31-43-247:3242093] [10] /usr/lib/openfoam/openfoam2606/platforms/linux64GccDPInt32Opt/lib/libOpenFOAM.so(_ZNK4Foam10GAMGSolver18solveCoarsestLevelERNS_5FieldIdEERKS2_+0x23a)[0x7492bd4c6d7a]
[ip-172-31-43-247:3242093] [11] /usr/lib/openfoam/openfoam2606/platforms/linux64GccDPInt32Opt/lib/libOpenFOAM.so(_ZNK4Foam10GAMGSolver6VcycleERKNS_7PtrListINS_9lduMatrix8smootherEEERNS_5FieldIdEERKS8_S9_S9_S9_S9_S9_RNS1_IS8_EESD_h+0x3ee)[0x7492bd4c75ce]
[ip-172-31-43-247:3242093] [12] /usr/lib/openfoam/openfoam2606/platforms/linux64GccDPInt32Opt/lib/libOpenFOAM.so(_ZNK4Foam10GAMGSolver5solveERNS_5FieldIdEERKS2_h+0x43c)[0x7492bd4c864c]
[ip-172-31-43-247:3242093] [13] /usr/lib/openfoam/openfoam2606/platforms/linux64GccDPInt32Opt/lib/libfiniteVolume.so(_ZN4Foam8fvMatrixIdE15solveSegregatedERKNS_10dictionaryE+0x43a)[0x7492bfbe01ba]
[ip-172-31-43-247:3242093] [14] /usr/lib/openfoam/openfoam2606/platforms/linux64GccDPInt32Opt/lib/libfiniteVolume.so(+0x535892)[0x7492bf735892]
[ip-172-31-43-247:3242093] [15] /usr/lib/openfoam/openfoam2606/platforms/linux64GccDPInt32Opt/lib/libfiniteVolume.so(_ZNK4Foam6fvMesh5solveERNS_8fvMatrixIdEERKNS_10dictionaryE+0x2a)[0x7492bf723baa]
[ip-172-31-43-247:3242093] [16] simpleFoam(+0x1aa5a)[0x55635360ea5a]
[ip-172-31-43-247:3242093] [17] /lib/x86_64-linux-gnu/libc.so.6(+0x2a1ca)[0x7492bc82a1ca]
[ip-172-31-43-247:3242093] [18] /lib/x86_64-linux-gnu/libc.so.6(__libc_start_main+0x8b)[0x7492bc82a28b]
[ip-172-31-43-247:3242093] [19] simpleFoam(+0x1c6e5)[0x5563536106e5]
[ip-172-31-43-247:3242093] *** End of error message ***
 in <platforms>/linux64GccDPInt32Opt/bin/simpleFoam in <platforms>/linux64GccDPInt32Opt/bin/simpleFoam
[11] =============
[ip-172-31-43-247:3242103] *** Process received signal ***
[ip-172-31-43-247:3242103] Signal: Floating point exception (8)
[ip-172-31-43-247:3242103] Signal code:  (-6)
[ip-172-31-43-247:3242103] Failing at address: 0x3e800317877
[ip-172-31-43-247:3242103] [ 0] /lib/x86_64-linux-gnu/libc.so.6(+0x45330)[0x7835d4a45330]
[ip-172-31-43-247:3242103] [ 1] /lib/x86_64-linux-gnu/libc.so.6(pthread_kill+0x11c)[0x7835d4a9ec0c]
[ip-172-31-43-247:3242103] [ 2] /lib/x86_64-linux-gnu/libc.so.6(gsignal+0x1e)[0x7835d4a4527e]
[ip-172-31-43-247:3242103] [ 3] /lib/x86_64-linux-gnu/libc.so.6(+0x45330)[0x7835d4a45330]
[ip-172-31-43-247:3242103] [ 4] /usr/lib/x86_64-linux-gnu/openmpi/lib/openmpi3/mca_op_avx.so(+0x1965d)[0x7835d170865d]
[ip-172-31-43-247:3242103] [ 5] /lib/x86_64-linux-gnu/libmpi.so.40(ompi_coll_base_allreduce_intra_recursivedoubling+0x44a)[0x7835d517acda]
[ip-172-31-43-247:3242103] [ 6] /usr/lib/x86_64-linux-gnu/openmpi/lib/openmpi3/mca_coll_tuned.so(ompi_coll_tuned_allreduce_intra_dec_fixed+0x4e)[0x7835d0eb327e]
[ip-172-31-43-247:3242103] [ 7] /lib/x86_64-linux-gnu/libmpi.so.40(PMPI_Allreduce+0x10f)[0x7835d513364f]
[ip-172-31-43-247:3242103] [ 8] /usr/lib/openfoam/openfoam2606/platforms/linux64GccDPInt32Opt/lib/sys-openmpi/libPstream.so(+0x1582d)[0x7835d724e82d]
[ip-172-31-43-247:3242103] [ 9] /usr/lib/openfoam/openfoam2606/platforms/linux64GccDPInt32Opt/lib/libOpenFOAM.so(_ZNK4Foam3PCG11scalarSolveERNS_5FieldIdEERKS2_h+0x4ae)[0x7835d56acc8e]
[ip-172-31-43-247:3242103] [10] /usr/lib/openfoam/openfoam2606/platforms/linux64GccDPInt32Opt/lib/libOpenFOAM.so(_ZNK4Foam10GAMGSolver18solveCoarsestLevelERNS_5FieldIdEERKS2_+0x23a)[0x7835d56c6d7a]
[ip-172-31-43-247:3242103] [11] /usr/lib/openfoam/openfoam2606/platforms/linux64GccDPInt32Opt/lib/libOpenFOAM.so(_ZNK4Foam10GAMGSolver6VcycleERKNS_7PtrListINS_9lduMatrix8smootherEEERNS_5FieldIdEERKS8_S9_S9_S9_S9_S9_RNS1_IS8_EESD_h+0x3ee)[0x7835d56c75ce]
[ip-172-31-43-247:3242103] [12] /usr/lib/openfoam/openfoam2606/platforms/linux64GccDPInt32Opt/lib/libOpenFOAM.so(_ZNK4Foam10GAMGSolver5solveERNS_5FieldIdEERKS2_h+0x43c)[0x7835d56c864c]
[ip-172-31-43-247:3242103] [13] /usr/lib/openfoam/openfoam2606/platforms/linux64GccDPInt32Opt/lib/libfiniteVolume.so(_ZN4Foam8fvMatrixIdE15solveSegregatedERKNS_10dictionaryE+0x43a)[0x7835d7de01ba]
[ip-172-31-43-247:3242103] [14] /usr/lib/openfoam/openfoam2606/platforms/linux64GccDPInt32Opt/lib/libfiniteVolume.so(+0x535892)[0x7835d7935892]
[ip-172-31-43-247:3242103] [15] /usr/lib/openfoam/openfoam2606/platforms/linux64GccDPInt32Opt/lib/libfiniteVolume.so(_ZNK4Foam6fvMesh5solveERNS_8fvMatrixIdEERKNS_10dictionaryE+0x2a)[0x7835d7923baa]
[ip-172-31-43-247:3242103] [16] simpleFoam(+0x1aa5a)[0x5de44adc0a5a]
[ip-172-31-43-247:3242103] [17] /lib/x86_64-linux-gnu/libc.so.6(+0x2a1ca)[0x7835d4a2a1ca]
[ip-172-31-43-247:3242103] [18] /lib/x86_64-linux-gnu/libc.so.6(__libc_start_main+0x8b)[0x7835d4a2a28b]
[ip-172-31-43-247:3242103] [19] simpleFoam(+0x1c6e5)[0x5de44adc26e5]
[ip-172-31-43-247:3242103] *** End of error message ***

[13] =============
[ip-172-31-43-247:3242105] *** Process received signal ***
[ip-172-31-43-247:3242105] Signal: Floating point exception (8)
[ip-172-31-43-247:3242105] Signal code:  (-6)
[ip-172-31-43-247:3242105] Failing at address: 0x3e800317879
[ip-172-31-43-247:3242105] [ 0] /lib/x86_64-linux-gnu/libc.so.6(+0x45330)[0x778109a45330]
[ip-172-31-43-247:3242105] [ 1] /lib/x86_64-linux-gnu/libc.so.6(pthread_kill+0x11c)[0x778109a9ec0c]
[ip-172-31-43-247:3242105] [ 2] /lib/x86_64-linux-gnu/libc.so.6(gsignal+0x1e)[0x778109a4527e]
[ip-172-31-43-247:3242105] [ 3] /lib/x86_64-linux-gnu/libc.so.6(+0x45330)[0x778109a45330]
[ip-172-31-43-247:3242105] [ 4] /usr/lib/x86_64-linux-gnu/openmpi/lib/openmpi3/mca_op_avx.so(+0x1965d)[0x77810663b65d]
[ip-172-31-43-247:3242105] [ 5] /lib/x86_64-linux-gnu/libmpi.so.40(ompi_coll_base_allreduce_intra_recursivedoubling+0x44a)[0x778108f8acda]
[ip-172-31-43-247:3242105] [ 6] /usr/lib/x86_64-linux-gnu/openmpi/lib/openmpi3/mca_coll_tuned.so(ompi_coll_tuned_allreduce_intra_dec_fixed+0x4e)[0x7781040ad27e]
[ip-172-31-43-247:3242105] [ 7] /lib/x86_64-linux-gnu/libmpi.so.40(PMPI_Allreduce+0x10f)[0x778108f4364f]
[ip-172-31-43-247:3242105] [ 8] /usr/lib/openfoam/openfoam2606/platforms/linux64GccDPInt32Opt/lib/sys-openmpi/libPstream.so(+0x1582d)[0x77810c26682d]
[ip-172-31-43-247:3242105] [ 9] /usr/lib/openfoam/openfoam2606/platforms/linux64GccDPInt32Opt/lib/libOpenFOAM.so(_ZNK4Foam3PCG11scalarSolveERNS_5FieldIdEERKS2_h+0x4ae)[0x77810a6acc8e]
[ip-172-31-43-247:3242105] [10] /usr/lib/openfoam/openfoam2606/platforms/linux64GccDPInt32Opt/lib/libOpenFOAM.so(_ZNK4Foam10GAMGSolver18solveCoarsestLevelERNS_5FieldIdEERKS2_+0x23a)[0x77810a6c6d7a]
[ip-172-31-43-247:3242105] [11] /usr/lib/openfoam/openfoam2606/platforms/linux64GccDPInt32Opt/lib/libOpenFOAM.so(_ZNK4Foam10GAMGSolver6VcycleERKNS_7PtrListINS_9lduMatrix8smootherEEERNS_5FieldIdEERKS8_S9_S9_S9_S9_S9_RNS1_IS8_EESD_h+0x3ee)[0x77810a6c75ce]
[ip-172-31-43-247:3242105] [12] /usr/lib/openfoam/openfoam2606/platforms/linux64GccDPInt32Opt/lib/libOpenFOAM.so(_ZNK4Foam10GAMGSolver5solveERNS_5FieldIdEERKS2_h+0x43c)[0x77810a6c864c]
[ip-172-31-43-247:3242105] [13] /usr/lib/openfoam/openfoam2606/platforms/linux64GccDPInt32Opt/lib/libfiniteVolume.so(_ZN4Foam8fvMatrixIdE15solveSegregatedERKNS_10dictionaryE+0x43a)[0x77810cde01ba]
[ip-172-31-43-247:3242105] [14] /usr/lib/openfoam/openfoam2606/platforms/linux64GccDPInt32Opt/lib/libfiniteVolume.so(+0x535892)[0x77810c935892]
[ip-172-31-43-247:3242105] [15] /usr/lib/openfoam/openfoam2606/platforms/linux64GccDPInt32Opt/lib/libfiniteVolume.so(_ZNK4Foam6fvMesh5solveERNS_8fvMatrixIdEERKNS_10dictionaryE+0x2a)[0x77810c923baa]
[ip-172-31-43-247:3242105] [16] simpleFoam(+0x1aa5a)[0x5dda268daa5a]
[ip-172-31-43-247:3242105] [17] /lib/x86_64-linux-gnu/libc.so.6(+0x2a1ca)[0x778109a2a1ca]
[ip-172-31-43-247:3242105] [18] /lib/x86_64-linux-gnu/libc.so.6(__libc_start_main+0x8b)[0x778109a2a28b]
[ip-172-31-43-247:3242105] [19] simpleFoam(+0x1c6e5)[0x5dda268dc6e5]
[ip-172-31-43-247:3242105] *** End of error message ***
--------------------------------------------------------------------------
Primary job  terminated normally, but 1 process returned
a non-zero exit code. Per user-direction, the job has been aborted.
--------------------------------------------------------------------------
--------------------------------------------------------------------------
mpirun noticed that process rank 9 with PID 0 on node ip-172-31-43-247 exited on signal 8 (Floating point exception).
--------------------------------------------------------------------------
