solid
 facet normal  1.1498816692e-01 -1.9870007827e-02 -9.9316811480e-01
   outer loop
     vertex 7.1005917160e+00 0.0000000000e+00 0.0000000000e+00
     vertex 6.9650278264e+00 0.0000000000e+00 -1.5695472834e-02
     vertex 7.9991540939e+00 5.2000000000e+00 0.0000000000e+00
   endloop
 endfacet
 facet normal  1.1498816692e-01 -1.9870007827e-02 -9.9316811480e-01
   outer loop
     vertex 7.9991540939e+00 5.2000000000e+00 0.0000000000e+00
     vertex 6.9650278264e+00 0.0000000000e+00 -1.5695472834e-02
     vertex 7.8825691489e+00 5.2000000000e+00 -1.3498106638e-02
   endloop
 endfacet
 facet normal  1.1229285196e-01 -1.9394284542e-02 -9.9348587163e-01
   outer loop
     vertex 6.9650278264e+00 0.0000000000e+00 -1.5695472834e-02
     vertex 6.7701613080e+00 0.0000000000e+00 -3.7721067483e-02
     vertex 7.8825691489e+00 5.2000000000e+00 -1.3498106638e-02
   endloop
 endfacet
 facet normal  1.1229285196e-01 -1.9394284542e-02 -9.9348587163e-01
   outer loop
     vertex 7.8825691489e+00 5.2000000000e+00 -1.3498106638e-02
     vertex 6.7701613080e+00 0.0000000000e+00 -3.7721067483e-02
     vertex 7.7149839431e+00 5.2000000000e+00 -3.2440118036e-02
   endloop
 endfacet
 facet normal  1.0856986581e-01 -1.8717397026e-02 -9.9391259338e-01
   outer loop
     vertex 6.7701613080e+00 0.0000000000e+00 -3.7721067483e-02
     vertex 6.4958224183e+00 0.0000000000e+00 -6.7688427425e-02
     vertex 7.7149839431e+00 5.2000000000e+00 -3.2440118036e-02
   endloop
 endfacet
 facet normal  1.0856986581e-01 -1.8717397026e-02 -9.9391259338e-01
   outer loop
     vertex 7.7149839431e+00 5.2000000000e+00 -3.2440118036e-02
     vertex 6.4958224183e+00 0.0000000000e+00 -6.7688427425e-02
     vertex 7.4790524980e+00 5.2000000000e+00 -5.8212047585e-02
   endloop
 endfacet
 facet normal  1.0361751801e-01 -1.7779999237e-02 -9.9445828549e-01
   outer loop
     vertex 6.4958224183e+00 0.0000000000e+00 -6.7688427425e-02
     vertex 6.1207196625e+00 0.0000000000e+00 -1.0677223529e-01
     vertex 7.4790524980e+00 5.2000000000e+00 -5.8212047585e-02
   endloop
 endfacet
 facet normal  1.0361751801e-01 -1.7779999237e-02 -9.9445828549e-01
   outer loop
     vertex 7.4790524980e+00 5.2000000000e+00 -5.8212047585e-02
     vertex 6.1207196625e+00 0.0000000000e+00 -1.0677223529e-01
     vertex 7.1564641280e+00 5.2000000000e+00 -9.1824122345e-02
   endloop
 endfacet
 facet normal  9.7179913759e-02 -1.6495815467e-02 -9.9513011834e-01
   outer loop
     vertex 6.1207196625e+00 0.0000000000e+00 -1.0677223529e-01
     vertex 5.6278283137e+00 0.0000000000e+00 -1.5490577872e-01
     vertex 7.1564641280e+00 5.2000000000e+00 -9.1824122345e-02
   endloop
 endfacet
 facet normal  9.7179913759e-02 -1.6495815467e-02 -9.9513011834e-01
   outer loop
     vertex 7.1564641280e+00 5.2000000000e+00 -9.1824122345e-02
     vertex 5.6278283137e+00 0.0000000000e+00 -1.5490577872e-01
     vertex 6.7325775679e+00 5.2000000000e+00 -1.3321896970e-01
   endloop
 endfacet
 facet normal  8.8786379298e-02 -1.4709207832e-02 -9.9594207565e-01
   outer loop
     vertex 5.6278283137e+00 0.0000000000e+00 -1.5490577872e-01
     vertex 5.0129158500e+00 0.0000000000e+00 -2.0972407847e-01
     vertex 6.7325775679e+00 5.2000000000e+00 -1.3321896970e-01
   endloop
 endfacet
 facet normal  8.8786379298e-02 -1.4709207832e-02 -9.9594207565e-01
   outer loop
     vertex 6.7325775679e+00 5.2000000000e+00 -1.3321896970e-01
     vertex 5.0129158500e+00 0.0000000000e+00 -2.0972407847e-01
     vertex 6.2037528492e+00 5.2000000000e+00 -1.8036270748e-01
   endloop
 endfacet
 facet normal  7.7630934043e-02 -1.2149076697e-02 -9.9690813921e-01
   outer loop
     vertex 5.0129158500e+00 0.0000000000e+00 -2.0972407847e-01
     vertex 4.2935581297e+00 0.0000000000e+00 -2.6574168886e-01
     vertex 6.2037528492e+00 5.2000000000e+00 -1.8036270748e-01
   endloop
 endfacet
 facet normal  7.7630934043e-02 -1.2149076697e-02 -9.9690813921e-01
   outer loop
     vertex 6.2037528492e+00 5.2000000000e+00 -1.8036270748e-01
     vertex 4.2935581297e+00 0.0000000000e+00 -2.6574168886e-01
     vertex 5.5851052097e+00 5.2000000000e+00 -2.2853785242e-01
   endloop
 endfacet
 facet normal  6.2290016392e-02 -8.3308062204e-03 -9.9802332214e-01
   outer loop
     vertex 4.2935581297e+00 0.0000000000e+00 -2.6574168886e-01
     vertex 3.5126620769e+00 0.0000000000e+00 -3.1448005684e-01
     vertex 5.5851052097e+00 5.2000000000e+00 -2.2853785242e-01
   endloop
 endfacet
 facet normal  6.2290016392e-02 -8.3308062204e-03 -9.9802332214e-01
   outer loop
     vertex 5.5851052097e+00 5.2000000000e+00 -2.2853785242e-01
     vertex 3.5126620769e+00 0.0000000000e+00 -3.1448005684e-01
     vertex 4.9135346044e+00 5.2000000000e+00 -2.7045284888e-01
   endloop
 endfacet
 facet normal  4.0847978729e-02 -2.5447100404e-03 -9.9916213253e-01
   outer loop
     vertex 3.5126620769e+00 0.0000000000e+00 -3.1448005684e-01
     vertex 4.2412265548e+00 5.2000000000e+00 -2.9793830296e-01
     vertex 4.9135346044e+00 5.2000000000e+00 -2.7045284888e-01
   endloop
 endfacet
 facet normal  4.0847978729e-02 -2.5447100404e-03 -9.9916213253e-01
   outer loop
     vertex 3.5126620769e+00 0.0000000000e+00 -3.1448005684e-01
     vertex 2.7309085309e+00 0.0000000000e+00 -3.4643988716e-01
     vertex 4.2412265548e+00 5.2000000000e+00 -2.9793830296e-01
   endloop
 endfacet
 facet normal  1.1502009480e-02 5.9857335831e-03 -9.9991593385e-01
   outer loop
     vertex 2.7309085309e+00 0.0000000000e+00 -3.4643988716e-01
     vertex 3.6207710496e+00 5.2000000000e+00 -3.0507538805e-01
     vertex 4.2412265548e+00 5.2000000000e+00 -2.9793830296e-01
   endloop
 endfacet
 facet normal  1.1502009480e-02 5.9857335831e-03 -9.9991593385e-01
   outer loop
     vertex 2.7309085309e+00 0.0000000000e+00 -3.4643988716e-01
     vertex 2.0094486412e+00 0.0000000000e+00 -3.5473882331e-01
     vertex 3.6207710496e+00 5.2000000000e+00 -3.0507538805e-01
   endloop
 endfacet
 facet normal  -2.7002626085e-02 1.7912940621e-02 -9.9947485448e-01
   outer loop
     vertex 2.0094486412e+00 0.0000000000e+00 -3.5473882331e-01
     vertex 3.0900803069e+00 5.2000000000e+00 -2.9073781504e-01
     vertex 3.6207710496e+00 5.2000000000e+00 -3.0507538805e-01
   endloop
 endfacet
 facet normal  -2.7002626085e-02 1.7912940621e-02 -9.9947485448e-01
   outer loop
     vertex 2.0094486412e+00 0.0000000000e+00 -3.5473882331e-01
     vertex 1.3923663822e+00 0.0000000000e+00 -3.3806722679e-01
     vertex 3.0900803069e+00 5.2000000000e+00 -2.9073781504e-01
   endloop
 endfacet
 facet normal  -7.6265379433e-02 3.3969417143e-02 -9.9650874085e-01
   outer loop
     vertex 1.3923663822e+00 0.0000000000e+00 -3.3806722679e-01
     vertex 2.6654717701e+00 5.2000000000e+00 -2.5824143058e-01
     vertex 3.0900803069e+00 5.2000000000e+00 -2.9073781504e-01
   endloop
 endfacet
 facet normal  -7.6265379433e-02 3.3969417143e-02 -9.9650874085e-01
   outer loop
     vertex 1.3923663822e+00 0.0000000000e+00 -3.3806722679e-01
     vertex 8.9863552554e-01 0.0000000000e+00 -3.0028073323e-01
     vertex 2.6654717701e+00 5.2000000000e+00 -2.5824143058e-01
   endloop
 endfacet
 facet normal  -1.4039866345e-01 5.5695854782e-02 -9.8852728190e-01
   outer loop
     vertex 8.9863552554e-01 0.0000000000e+00 -3.0028073323e-01
     vertex 2.3444330340e+00 5.2000000000e+00 -2.1264490503e-01
     vertex 2.6654717701e+00 5.2000000000e+00 -2.5824143058e-01
   endloop
 endfacet
 facet normal  -1.4039866345e-01 5.5695854782e-02 -9.8852728190e-01
   outer loop
     vertex 8.9863552554e-01 0.0000000000e+00 -3.0028073323e-01
     vertex 5.2533466959e-01 0.0000000000e+00 -2.4726151747e-01
     vertex 2.3444330340e+00 5.2000000000e+00 -2.1264490503e-01
   endloop
 endfacet
 facet normal  -2.3197751288e-01 8.7601038367e-02 -9.6876854387e-01
   outer loop
     vertex 5.2533466959e-01 0.0000000000e+00 -2.4726151747e-01
     vertex 2.1137551884e+00 5.2000000000e+00 -1.5740769357e-01
     vertex 2.3444330340e+00 5.2000000000e+00 -2.1264490503e-01
   endloop
 endfacet
 facet normal  -2.3197751288e-01 8.7601038367e-02 -9.6876854387e-01
   outer loop
     vertex 5.2533466959e-01 0.0000000000e+00 -2.4726151747e-01
     vertex 2.5710461651e-01 0.0000000000e+00 -1.8303220183e-01
     vertex 2.1137551884e+00 5.2000000000e+00 -1.5740769357e-01
   endloop
 endfacet
 facet normal  -3.9257485099e-01 1.4464392631e-01 -9.0827480475e-01
   outer loop
     vertex 2.5710461651e-01 0.0000000000e+00 -1.8303220183e-01
     vertex 1.9593691598e+00 5.2000000000e+00 -9.0678910794e-02
     vertex 2.1137551884e+00 5.2000000000e+00 -1.5740769357e-01
   endloop
 endfacet
 facet normal  -3.9257485099e-01 1.4464392631e-01 -9.0827480475e-01
   outer loop
     vertex 2.5710461651e-01 0.0000000000e+00 -1.8303220183e-01
     vertex 7.7585978680e-02 0.0000000000e+00 -1.0544059395e-01
     vertex 1.9593691598e+00 5.2000000000e+00 -9.0678910794e-02
   endloop
 endfacet
 facet normal  -7.7291780451e-01 2.8131907438e-01 -5.6873336974e-01
   outer loop
     vertex 7.7585978680e-02 0.0000000000e+00 -1.0544059395e-01
     vertex 1.8926452182e+00 5.2000000000e+00 0.0000000000e+00
     vertex 1.9593691598e+00 5.2000000000e+00 -9.0678910794e-02
   endloop
 endfacet
 facet normal  -7.7291780451e-01 2.8131907438e-01 -5.6873336974e-01
   outer loop
     vertex 7.7585978680e-02 0.0000000000e+00 -1.0544059395e-01
     vertex 0.0000000000e+00 0.0000000000e+00 0.0000000000e+00
     vertex 1.8926452182e+00 5.2000000000e+00 0.0000000000e+00
   endloop
 endfacet
 facet normal  -7.7291780451e-01 2.8131907438e-01 5.6873336974e-01
   outer loop
     vertex 0.0000000000e+00 0.0000000000e+00 0.0000000000e+00
     vertex 7.7585978680e-02 0.0000000000e+00 1.0544059395e-01
     vertex 1.8926452182e+00 5.2000000000e+00 0.0000000000e+00
   endloop
 endfacet
 facet normal  -7.7291780451e-01 2.8131907438e-01 5.6873336974e-01
   outer loop
     vertex 1.8926452182e+00 5.2000000000e+00 0.0000000000e+00
     vertex 7.7585978680e-02 0.0000000000e+00 1.0544059395e-01
     vertex 1.9593691598e+00 5.2000000000e+00 9.0678910794e-02
   endloop
 endfacet
 facet normal  -3.9257485099e-01 1.4464392631e-01 9.0827480475e-01
   outer loop
     vertex 7.7585978680e-02 0.0000000000e+00 1.0544059395e-01
     vertex 2.5710461651e-01 0.0000000000e+00 1.8303220183e-01
     vertex 1.9593691598e+00 5.2000000000e+00 9.0678910794e-02
   endloop
 endfacet
 facet normal  -3.9257485099e-01 1.4464392631e-01 9.0827480475e-01
   outer loop
     vertex 1.9593691598e+00 5.2000000000e+00 9.0678910794e-02
     vertex 2.5710461651e-01 0.0000000000e+00 1.8303220183e-01
     vertex 2.1137551884e+00 5.2000000000e+00 1.5740769357e-01
   endloop
 endfacet
 facet normal  -2.3197751288e-01 8.7601038367e-02 9.6876854387e-01
   outer loop
     vertex 2.5710461651e-01 0.0000000000e+00 1.8303220183e-01
     vertex 5.2533466959e-01 0.0000000000e+00 2.4726151747e-01
     vertex 2.1137551884e+00 5.2000000000e+00 1.5740769357e-01
   endloop
 endfacet
 facet normal  -2.3197751288e-01 8.7601038367e-02 9.6876854387e-01
   outer loop
     vertex 2.1137551884e+00 5.2000000000e+00 1.5740769357e-01
     vertex 5.2533466959e-01 0.0000000000e+00 2.4726151747e-01
     vertex 2.3444330340e+00 5.2000000000e+00 2.1264490503e-01
   endloop
 endfacet
 facet normal  -1.4039866345e-01 5.5695854782e-02 9.8852728190e-01
   outer loop
     vertex 5.2533466959e-01 0.0000000000e+00 2.4726151747e-01
     vertex 8.9863552554e-01 0.0000000000e+00 3.0028073323e-01
     vertex 2.3444330340e+00 5.2000000000e+00 2.1264490503e-01
   endloop
 endfacet
 facet normal  -1.4039866345e-01 5.5695854782e-02 9.8852728190e-01
   outer loop
     vertex 2.3444330340e+00 5.2000000000e+00 2.1264490503e-01
     vertex 8.9863552554e-01 0.0000000000e+00 3.0028073323e-01
     vertex 2.6654717701e+00 5.2000000000e+00 2.5824143058e-01
   endloop
 endfacet
 facet normal  -7.6265379433e-02 3.3969417143e-02 9.9650874085e-01
   outer loop
     vertex 8.9863552554e-01 0.0000000000e+00 3.0028073323e-01
     vertex 1.3923663822e+00 0.0000000000e+00 3.3806722679e-01
     vertex 2.6654717701e+00 5.2000000000e+00 2.5824143058e-01
   endloop
 endfacet
 facet normal  -7.6265379433e-02 3.3969417143e-02 9.9650874085e-01
   outer loop
     vertex 2.6654717701e+00 5.2000000000e+00 2.5824143058e-01
     vertex 1.3923663822e+00 0.0000000000e+00 3.3806722679e-01
     vertex 3.0900803069e+00 5.2000000000e+00 2.9073781504e-01
   endloop
 endfacet
 facet normal  -2.7002626085e-02 1.7912940621e-02 9.9947485448e-01
   outer loop
     vertex 1.3923663822e+00 0.0000000000e+00 3.3806722679e-01
     vertex 2.0094486412e+00 0.0000000000e+00 3.5473882331e-01
     vertex 3.0900803069e+00 5.2000000000e+00 2.9073781504e-01
   endloop
 endfacet
 facet normal  -2.7002626085e-02 1.7912940621e-02 9.9947485448e-01
   outer loop
     vertex 3.0900803069e+00 5.2000000000e+00 2.9073781504e-01
     vertex 2.0094486412e+00 0.0000000000e+00 3.5473882331e-01
     vertex 3.6207710496e+00 5.2000000000e+00 3.0507538805e-01
   endloop
 endfacet
 facet normal  1.1502009480e-02 5.9857335831e-03 9.9991593385e-01
   outer loop
     vertex 2.0094486412e+00 0.0000000000e+00 3.5473882331e-01
     vertex 2.7309085309e+00 0.0000000000e+00 3.4643988716e-01
     vertex 3.6207710496e+00 5.2000000000e+00 3.0507538805e-01
   endloop
 endfacet
 facet normal  1.1502009480e-02 5.9857335831e-03 9.9991593385e-01
   outer loop
     vertex 3.6207710496e+00 5.2000000000e+00 3.0507538805e-01
     vertex 2.7309085309e+00 0.0000000000e+00 3.4643988716e-01
     vertex 4.2412265548e+00 5.2000000000e+00 2.9793830296e-01
   endloop
 endfacet
 facet normal  4.0847978729e-02 -2.5447100404e-03 9.9916213253e-01
   outer loop
     vertex 2.7309085309e+00 0.0000000000e+00 3.4643988716e-01
     vertex 3.5126620769e+00 0.0000000000e+00 3.1448005684e-01
     vertex 4.2412265548e+00 5.2000000000e+00 2.9793830296e-01
   endloop
 endfacet
 facet normal  4.0847978729e-02 -2.5447100404e-03 9.9916213253e-01
   outer loop
     vertex 4.2412265548e+00 5.2000000000e+00 2.9793830296e-01
     vertex 3.5126620769e+00 0.0000000000e+00 3.1448005684e-01
     vertex 4.9135346044e+00 5.2000000000e+00 2.7045284888e-01
   endloop
 endfacet
 facet normal  6.2290016392e-02 -8.3308062204e-03 9.9802332214e-01
   outer loop
     vertex 3.5126620769e+00 0.0000000000e+00 3.1448005684e-01
     vertex 5.5851052097e+00 5.2000000000e+00 2.2853785242e-01
     vertex 4.9135346044e+00 5.2000000000e+00 2.7045284888e-01
   endloop
 endfacet
 facet normal  6.2290016392e-02 -8.3308062204e-03 9.9802332214e-01
   outer loop
     vertex 3.5126620769e+00 0.0000000000e+00 3.1448005684e-01
     vertex 4.2935581297e+00 0.0000000000e+00 2.6574168886e-01
     vertex 5.5851052097e+00 5.2000000000e+00 2.2853785242e-01
   endloop
 endfacet
 facet normal  7.7630934043e-02 -1.2149076697e-02 9.9690813921e-01
   outer loop
     vertex 4.2935581297e+00 0.0000000000e+00 2.6574168886e-01
     vertex 6.2037528492e+00 5.2000000000e+00 1.8036270748e-01
     vertex 5.5851052097e+00 5.2000000000e+00 2.2853785242e-01
   endloop
 endfacet
 facet normal  7.7630934043e-02 -1.2149076697e-02 9.9690813921e-01
   outer loop
     vertex 4.2935581297e+00 0.0000000000e+00 2.6574168886e-01
     vertex 5.0129158500e+00 0.0000000000e+00 2.0972407847e-01
     vertex 6.2037528492e+00 5.2000000000e+00 1.8036270748e-01
   endloop
 endfacet
 facet normal  8.8786379298e-02 -1.4709207832e-02 9.9594207565e-01
   outer loop
     vertex 5.0129158500e+00 0.0000000000e+00 2.0972407847e-01
     vertex 6.7325775679e+00 5.2000000000e+00 1.3321896970e-01
     vertex 6.2037528492e+00 5.2000000000e+00 1.8036270748e-01
   endloop
 endfacet
 facet normal  8.8786379298e-02 -1.4709207832e-02 9.9594207565e-01
   outer loop
     vertex 5.0129158500e+00 0.0000000000e+00 2.0972407847e-01
     vertex 5.6278283137e+00 0.0000000000e+00 1.5490577872e-01
     vertex 6.7325775679e+00 5.2000000000e+00 1.3321896970e-01
   endloop
 endfacet
 facet normal  9.7179913759e-02 -1.6495815467e-02 9.9513011834e-01
   outer loop
     vertex 5.6278283137e+00 0.0000000000e+00 1.5490577872e-01
     vertex 7.1564641280e+00 5.2000000000e+00 9.1824122345e-02
     vertex 6.7325775679e+00 5.2000000000e+00 1.3321896970e-01
   endloop
 endfacet
 facet normal  9.7179913759e-02 -1.6495815467e-02 9.9513011834e-01
   outer loop
     vertex 5.6278283137e+00 0.0000000000e+00 1.5490577872e-01
     vertex 6.1207196625e+00 0.0000000000e+00 1.0677223529e-01
     vertex 7.1564641280e+00 5.2000000000e+00 9.1824122345e-02
   endloop
 endfacet
 facet normal  1.0361751801e-01 -1.7779999237e-02 9.9445828549e-01
   outer loop
     vertex 6.1207196625e+00 0.0000000000e+00 1.0677223529e-01
     vertex 7.4790524980e+00 5.2000000000e+00 5.8212047585e-02
     vertex 7.1564641280e+00 5.2000000000e+00 9.1824122345e-02
   endloop
 endfacet
 facet normal  1.0361751801e-01 -1.7779999237e-02 9.9445828549e-01
   outer loop
     vertex 6.1207196625e+00 0.0000000000e+00 1.0677223529e-01
     vertex 6.4958224183e+00 0.0000000000e+00 6.7688427425e-02
     vertex 7.4790524980e+00 5.2000000000e+00 5.8212047585e-02
   endloop
 endfacet
 facet normal  1.0856986581e-01 -1.8717397026e-02 9.9391259338e-01
   outer loop
     vertex 6.4958224183e+00 0.0000000000e+00 6.7688427425e-02
     vertex 7.7149839431e+00 5.2000000000e+00 3.2440118036e-02
     vertex 7.4790524980e+00 5.2000000000e+00 5.8212047585e-02
   endloop
 endfacet
 facet normal  1.0856986581e-01 -1.8717397026e-02 9.9391259338e-01
   outer loop
     vertex 6.4958224183e+00 0.0000000000e+00 6.7688427425e-02
     vertex 6.7701613080e+00 0.0000000000e+00 3.7721067483e-02
     vertex 7.7149839431e+00 5.2000000000e+00 3.2440118036e-02
   endloop
 endfacet
 facet normal  1.1229285196e-01 -1.9394284542e-02 9.9348587163e-01
   outer loop
     vertex 6.7701613080e+00 0.0000000000e+00 3.7721067483e-02
     vertex 7.8825691489e+00 5.2000000000e+00 1.3498106638e-02
     vertex 7.7149839431e+00 5.2000000000e+00 3.2440118036e-02
   endloop
 endfacet
 facet normal  1.1229285196e-01 -1.9394284542e-02 9.9348587163e-01
   outer loop
     vertex 6.7701613080e+00 0.0000000000e+00 3.7721067483e-02
     vertex 6.9650278264e+00 0.0000000000e+00 1.5695472834e-02
     vertex 7.8825691489e+00 5.2000000000e+00 1.3498106638e-02
   endloop
 endfacet
 facet normal  1.1498816692e-01 -1.9870007827e-02 9.9316811480e-01
   outer loop
     vertex 6.9650278264e+00 0.0000000000e+00 1.5695472834e-02
     vertex 7.9991540939e+00 5.2000000000e+00 0.0000000000e+00
     vertex 7.8825691489e+00 5.2000000000e+00 1.3498106638e-02
   endloop
 endfacet
 facet normal  1.1498816692e-01 -1.9870007827e-02 9.9316811480e-01
   outer loop
     vertex 6.9650278264e+00 0.0000000000e+00 1.5695472834e-02
     vertex 7.1005917160e+00 0.0000000000e+00 0.0000000000e+00
     vertex 7.9991540939e+00 5.2000000000e+00 0.0000000000e+00
   endloop
 endfacet
 facet normal  1.1498816692e-01 -1.9870007827e-02 -9.9316811480e-01
   outer loop
     vertex 7.9991540939e+00 5.2000000000e+00 0.0000000000e+00
     vertex 7.8825691489e+00 5.2000000000e+00 -1.3498106638e-02
     vertex 8.8977164719e+00 1.0400000000e+01 0.0000000000e+00
   endloop
 endfacet
 facet normal  1.1498816692e-01 -1.9870007827e-02 -9.9316811480e-01
   outer loop
     vertex 8.8977164719e+00 1.0400000000e+01 0.0000000000e+00
     vertex 7.8825691489e+00 5.2000000000e+00 -1.3498106638e-02
     vertex 8.8001104714e+00 1.0400000000e+01 -1.1300740441e-02
   endloop
 endfacet
 facet normal  1.1229285196e-01 -1.9394284542e-02 -9.9348587163e-01
   outer loop
     vertex 7.8825691489e+00 5.2000000000e+00 -1.3498106638e-02
     vertex 7.7149839431e+00 5.2000000000e+00 -3.2440118036e-02
     vertex 8.8001104714e+00 1.0400000000e+01 -1.1300740441e-02
   endloop
 endfacet
 facet normal  1.1229285196e-01 -1.9394284542e-02 -9.9348587163e-01
   outer loop
     vertex 8.8001104714e+00 1.0400000000e+01 -1.1300740441e-02
     vertex 7.7149839431e+00 5.2000000000e+00 -3.2440118036e-02
     vertex 8.6598065781e+00 1.0400000000e+01 -2.7159168588e-02
   endloop
 endfacet
 facet normal  1.0856986581e-01 -1.8717397026e-02 -9.9391259338e-01
   outer loop
     vertex 7.7149839431e+00 5.2000000000e+00 -3.2440118036e-02
     vertex 7.4790524980e+00 5.2000000000e+00 -5.8212047585e-02
     vertex 8.6598065781e+00 1.0400000000e+01 -2.7159168588e-02
   endloop
 endfacet
 facet normal  1.0856986581e-01 -1.8717397026e-02 -9.9391259338e-01
   outer loop
     vertex 8.6598065781e+00 1.0400000000e+01 -2.7159168588e-02
     vertex 7.4790524980e+00 5.2000000000e+00 -5.8212047585e-02
     vertex 8.4622825776e+00 1.0400000000e+01 -4.8735667746e-02
   endloop
 endfacet
 facet normal  1.0361751801e-01 -1.7779999237e-02 -9.9445828549e-01
   outer loop
     vertex 7.4790524980e+00 5.2000000000e+00 -5.8212047585e-02
     vertex 7.1564641280e+00 5.2000000000e+00 -9.1824122345e-02
     vertex 8.4622825776e+00 1.0400000000e+01 -4.8735667746e-02
   endloop
 endfacet
 facet normal  1.0361751801e-01 -1.7779999237e-02 -9.9445828549e-01
   outer loop
     vertex 8.4622825776e+00 1.0400000000e+01 -4.8735667746e-02
     vertex 7.1564641280e+00 5.2000000000e+00 -9.1824122345e-02
     vertex 8.1922085934e+00 1.0400000000e+01 -7.6876009405e-02
   endloop
 endfacet
 facet normal  9.7179913759e-02 -1.6495815467e-02 -9.9513011834e-01
   outer loop
     vertex 7.1564641280e+00 5.2000000000e+00 -9.1824122345e-02
     vertex 6.7325775679e+00 5.2000000000e+00 -1.3321896970e-01
     vertex 8.1922085934e+00 1.0400000000e+01 -7.6876009405e-02
   endloop
 endfacet
 facet normal  9.7179913759e-02 -1.6495815467e-02 -9.9513011834e-01
   outer loop
     vertex 8.1922085934e+00 1.0400000000e+01 -7.6876009405e-02
     vertex 6.7325775679e+00 5.2000000000e+00 -1.3321896970e-01
     vertex 7.8373268222e+00 1.0400000000e+01 -1.1153216068e-01
   endloop
 endfacet
 facet normal  8.8786379298e-02 -1.4709207832e-02 -9.9594207565e-01
   outer loop
     vertex 6.7325775679e+00 5.2000000000e+00 -1.3321896970e-01
     vertex 6.2037528492e+00 5.2000000000e+00 -1.8036270748e-01
     vertex 7.8373268222e+00 1.0400000000e+01 -1.1153216068e-01
   endloop
 endfacet
 facet normal  8.8786379298e-02 -1.4709207832e-02 -9.9594207565e-01
   outer loop
     vertex 7.8373268222e+00 1.0400000000e+01 -1.1153216068e-01
     vertex 6.2037528492e+00 5.2000000000e+00 -1.8036270748e-01
     vertex 7.3945898484e+00 1.0400000000e+01 -1.5100133650e-01
   endloop
 endfacet
 facet normal  7.7630934043e-02 -1.2149076697e-02 -9.9690813921e-01
   outer loop
     vertex 6.2037528492e+00 5.2000000000e+00 -1.8036270748e-01
     vertex 5.5851052097e+00 5.2000000000e+00 -2.2853785242e-01
     vertex 7.3945898484e+00 1.0400000000e+01 -1.5100133650e-01
   endloop
 endfacet
 facet normal  7.7630934043e-02 -1.2149076697e-02 -9.9690813921e-01
   outer loop
     vertex 7.3945898484e+00 1.0400000000e+01 -1.5100133650e-01
     vertex 5.5851052097e+00 5.2000000000e+00 -2.2853785242e-01
     vertex 6.8766522898e+00 1.0400000000e+01 -1.9133401598e-01
   endloop
 endfacet
 facet normal  6.2290016392e-02 -8.3308062204e-03 -9.9802332214e-01
   outer loop
     vertex 5.5851052097e+00 5.2000000000e+00 -2.2853785242e-01
     vertex 4.9135346044e+00 5.2000000000e+00 -2.7045284888e-01
     vertex 6.8766522898e+00 1.0400000000e+01 -1.9133401598e-01
   endloop
 endfacet
 facet normal  6.2290016392e-02 -8.3308062204e-03 -9.9802332214e-01
   outer loop
     vertex 6.8766522898e+00 1.0400000000e+01 -1.9133401598e-01
     vertex 4.9135346044e+00 5.2000000000e+00 -2.7045284888e-01
     vertex 6.3144071318e+00 1.0400000000e+01 -2.2642564092e-01
   endloop
 endfacet
 facet normal  4.0847978729e-02 -2.5447100404e-03 -9.9916213253e-01
   outer loop
     vertex 4.9135346044e+00 5.2000000000e+00 -2.7045284888e-01
     vertex 5.7515445786e+00 1.0400000000e+01 -2.4943671876e-01
     vertex 6.3144071318e+00 1.0400000000e+01 -2.2642564092e-01
   endloop
 endfacet
 facet normal  4.0847978729e-02 -2.5447100404e-03 -9.9916213253e-01
   outer loop
     vertex 4.9135346044e+00 5.2000000000e+00 -2.7045284888e-01
     vertex 4.2412265548e+00 5.2000000000e+00 -2.9793830296e-01
     vertex 5.7515445786e+00 1.0400000000e+01 -2.4943671876e-01
   endloop
 endfacet
 facet normal  1.1502009480e-02 5.9857335831e-03 -9.9991593385e-01
   outer loop
     vertex 4.2412265548e+00 5.2000000000e+00 -2.9793830296e-01
     vertex 5.2320934580e+00 1.0400000000e+01 -2.5541195278e-01
     vertex 5.7515445786e+00 1.0400000000e+01 -2.4943671876e-01
   endloop
 endfacet
 facet normal  1.1502009480e-02 5.9857335831e-03 -9.9991593385e-01
   outer loop
     vertex 4.2412265548e+00 5.2000000000e+00 -2.9793830296e-01
     vertex 3.6207710496e+00 5.2000000000e+00 -3.0507538805e-01
     vertex 5.2320934580e+00 1.0400000000e+01 -2.5541195278e-01
   endloop
 endfacet
 facet normal  -2.7002626085e-02 1.7912940621e-02 -9.9947485448e-01
   outer loop
     vertex 3.6207710496e+00 5.2000000000e+00 -3.0507538805e-01
     vertex 4.7877942316e+00 1.0400000000e+01 -2.4340840329e-01
     vertex 5.2320934580e+00 1.0400000000e+01 -2.5541195278e-01
   endloop
 endfacet
 facet normal  -2.7002626085e-02 1.7912940621e-02 -9.9947485448e-01
   outer loop
     vertex 3.6207710496e+00 5.2000000000e+00 -3.0507538805e-01
     vertex 3.0900803069e+00 5.2000000000e+00 -2.9073781504e-01
     vertex 4.7877942316e+00 1.0400000000e+01 -2.4340840329e-01
   endloop
 endfacet
 facet normal  -7.6265379433e-02 3.3969417143e-02 -9.9650874085e-01
   outer loop
     vertex 3.0900803069e+00 5.2000000000e+00 -2.9073781504e-01
     vertex 4.4323080148e+00 1.0400000000e+01 -2.1620212793e-01
     vertex 4.7877942316e+00 1.0400000000e+01 -2.4340840329e-01
   endloop
 endfacet
 facet normal  -7.6265379433e-02 3.3969417143e-02 -9.9650874085e-01
   outer loop
     vertex 3.0900803069e+00 5.2000000000e+00 -2.9073781504e-01
     vertex 2.6654717701e+00 5.2000000000e+00 -2.5824143058e-01
     vertex 4.4323080148e+00 1.0400000000e+01 -2.1620212793e-01
   endloop
 endfacet
 facet normal  -1.4039866345e-01 5.5695854782e-02 -9.8852728190e-01
   outer loop
     vertex 2.6654717701e+00 5.2000000000e+00 -2.5824143058e-01
     vertex 4.1635313985e+00 1.0400000000e+01 -1.7802829258e-01
     vertex 4.4323080148e+00 1.0400000000e+01 -2.1620212793e-01
   endloop
 endfacet
 facet normal  -1.4039866345e-01 5.5695854782e-02 -9.8852728190e-01
   outer loop
     vertex 2.6654717701e+00 5.2000000000e+00 -2.5824143058e-01
     vertex 2.3444330340e+00 5.2000000000e+00 -2.1264490503e-01
     vertex 4.1635313985e+00 1.0400000000e+01 -1.7802829258e-01
   endloop
 endfacet
 facet normal  -2.3197751288e-01 8.7601038367e-02 -9.6876854387e-01
   outer loop
     vertex 2.3444330340e+00 5.2000000000e+00 -2.1264490503e-01
     vertex 3.9704057603e+00 1.0400000000e+01 -1.3178318532e-01
     vertex 4.1635313985e+00 1.0400000000e+01 -1.7802829258e-01
   endloop
 endfacet
 facet normal  -2.3197751288e-01 8.7601038367e-02 -9.6876854387e-01
   outer loop
     vertex 2.3444330340e+00 5.2000000000e+00 -2.1264490503e-01
     vertex 2.1137551884e+00 5.2000000000e+00 -1.5740769357e-01
     vertex 3.9704057603e+00 1.0400000000e+01 -1.3178318532e-01
   endloop
 endfacet
 facet normal  -3.9257485099e-01 1.4464392631e-01 -9.0827480475e-01
   outer loop
     vertex 2.1137551884e+00 5.2000000000e+00 -1.5740769357e-01
     vertex 3.8411523410e+00 1.0400000000e+01 -7.5917227642e-02
     vertex 3.9704057603e+00 1.0400000000e+01 -1.3178318532e-01
   endloop
 endfacet
 facet normal  -3.9257485099e-01 1.4464392631e-01 -9.0827480475e-01
   outer loop
     vertex 2.1137551884e+00 5.2000000000e+00 -1.5740769357e-01
     vertex 1.9593691598e+00 5.2000000000e+00 -9.0678910794e-02
     vertex 3.8411523410e+00 1.0400000000e+01 -7.5917227642e-02
   endloop
 endfacet
 facet normal  -7.7291780451e-01 2.8131907438e-01 -5.6873336974e-01
   outer loop
     vertex 1.9593691598e+00 5.2000000000e+00 -9.0678910794e-02
     vertex 3.7852904364e+00 1.0400000000e+01 0.0000000000e+00
     vertex 3.8411523410e+00 1.0400000000e+01 -7.5917227642e-02
   endloop
 endfacet
 facet normal  -7.7291780451e-01 2.8131907438e-01 -5.6873336974e-01
   outer loop
     vertex 1.9593691598e+00 5.2000000000e+00 -9.0678910794e-02
     vertex 1.8926452182e+00 5.2000000000e+00 0.0000000000e+00
     vertex 3.7852904364e+00 1.0400000000e+01 0.0000000000e+00
   endloop
 endfacet
 facet normal  -7.7291780451e-01 2.8131907438e-01 5.6873336974e-01
   outer loop
     vertex 1.8926452182e+00 5.2000000000e+00 0.0000000000e+00
     vertex 1.9593691598e+00 5.2000000000e+00 9.0678910794e-02
     vertex 3.7852904364e+00 1.0400000000e+01 0.0000000000e+00
   endloop
 endfacet
 facet normal  -7.7291780451e-01 2.8131907438e-01 5.6873336974e-01
   outer loop
     vertex 3.7852904364e+00 1.0400000000e+01 0.0000000000e+00
     vertex 1.9593691598e+00 5.2000000000e+00 9.0678910794e-02
     vertex 3.8411523410e+00 1.0400000000e+01 7.5917227642e-02
   endloop
 endfacet
 facet normal  -3.9257485099e-01 1.4464392631e-01 9.0827480475e-01
   outer loop
     vertex 1.9593691598e+00 5.2000000000e+00 9.0678910794e-02
     vertex 2.1137551884e+00 5.2000000000e+00 1.5740769357e-01
     vertex 3.8411523410e+00 1.0400000000e+01 7.5917227642e-02
   endloop
 endfacet
 facet normal  -3.9257485099e-01 1.4464392631e-01 9.0827480475e-01
   outer loop
     vertex 3.8411523410e+00 1.0400000000e+01 7.5917227642e-02
     vertex 2.1137551884e+00 5.2000000000e+00 1.5740769357e-01
     vertex 3.9704057603e+00 1.0400000000e+01 1.3178318532e-01
   endloop
 endfacet
 facet normal  -2.3197751288e-01 8.7601038367e-02 9.6876854387e-01
   outer loop
     vertex 2.1137551884e+00 5.2000000000e+00 1.5740769357e-01
     vertex 2.3444330340e+00 5.2000000000e+00 2.1264490503e-01
     vertex 3.9704057603e+00 1.0400000000e+01 1.3178318532e-01
   endloop
 endfacet
 facet normal  -2.3197751288e-01 8.7601038367e-02 9.6876854387e-01
   outer loop
     vertex 3.9704057603e+00 1.0400000000e+01 1.3178318532e-01
     vertex 2.3444330340e+00 5.2000000000e+00 2.1264490503e-01
     vertex 4.1635313985e+00 1.0400000000e+01 1.7802829258e-01
   endloop
 endfacet
 facet normal  -1.4039866345e-01 5.5695854782e-02 9.8852728190e-01
   outer loop
     vertex 2.3444330340e+00 5.2000000000e+00 2.1264490503e-01
     vertex 2.6654717701e+00 5.2000000000e+00 2.5824143058e-01
     vertex 4.1635313985e+00 1.0400000000e+01 1.7802829258e-01
   endloop
 endfacet
 facet normal  -1.4039866345e-01 5.5695854782e-02 9.8852728190e-01
   outer loop
     vertex 4.1635313985e+00 1.0400000000e+01 1.7802829258e-01
     vertex 2.6654717701e+00 5.2000000000e+00 2.5824143058e-01
     vertex 4.4323080148e+00 1.0400000000e+01 2.1620212793e-01
   endloop
 endfacet
 facet normal  -7.6265379433e-02 3.3969417143e-02 9.9650874085e-01
   outer loop
     vertex 2.6654717701e+00 5.2000000000e+00 2.5824143058e-01
     vertex 3.0900803069e+00 5.2000000000e+00 2.9073781504e-01
     vertex 4.4323080148e+00 1.0400000000e+01 2.1620212793e-01
   endloop
 endfacet
 facet normal  -7.6265379433e-02 3.3969417143e-02 9.9650874085e-01
   outer loop
     vertex 4.4323080148e+00 1.0400000000e+01 2.1620212793e-01
     vertex 3.0900803069e+00 5.2000000000e+00 2.9073781504e-01
     vertex 4.7877942316e+00 1.0400000000e+01 2.4340840329e-01
   endloop
 endfacet
 facet normal  -2.7002626085e-02 1.7912940621e-02 9.9947485448e-01
   outer loop
     vertex 3.0900803069e+00 5.2000000000e+00 2.9073781504e-01
     vertex 3.6207710496e+00 5.2000000000e+00 3.0507538805e-01
     vertex 4.7877942316e+00 1.0400000000e+01 2.4340840329e-01
   endloop
 endfacet
 facet normal  -2.7002626085e-02 1.7912940621e-02 9.9947485448e-01
   outer loop
     vertex 4.7877942316e+00 1.0400000000e+01 2.4340840329e-01
     vertex 3.6207710496e+00 5.2000000000e+00 3.0507538805e-01
     vertex 5.2320934580e+00 1.0400000000e+01 2.5541195278e-01
   endloop
 endfacet
 facet normal  1.1502009480e-02 5.9857335831e-03 9.9991593385e-01
   outer loop
     vertex 3.6207710496e+00 5.2000000000e+00 3.0507538805e-01
     vertex 4.2412265548e+00 5.2000000000e+00 2.9793830296e-01
     vertex 5.2320934580e+00 1.0400000000e+01 2.5541195278e-01
   endloop
 endfacet
 facet normal  1.1502009480e-02 5.9857335831e-03 9.9991593385e-01
   outer loop
     vertex 5.2320934580e+00 1.0400000000e+01 2.5541195278e-01
     vertex 4.2412265548e+00 5.2000000000e+00 2.9793830296e-01
     vertex 5.7515445786e+00 1.0400000000e+01 2.4943671876e-01
   endloop
 endfacet
 facet normal  4.0847978729e-02 -2.5447100404e-03 9.9916213253e-01
   outer loop
     vertex 4.2412265548e+00 5.2000000000e+00 2.9793830296e-01
     vertex 4.9135346044e+00 5.2000000000e+00 2.7045284888e-01
     vertex 5.7515445786e+00 1.0400000000e+01 2.4943671876e-01
   endloop
 endfacet
 facet normal  4.0847978729e-02 -2.5447100404e-03 9.9916213253e-01
   outer loop
     vertex 5.7515445786e+00 1.0400000000e+01 2.4943671876e-01
     vertex 4.9135346044e+00 5.2000000000e+00 2.7045284888e-01
     vertex 6.3144071318e+00 1.0400000000e+01 2.2642564092e-01
   endloop
 endfacet
 facet normal  6.2290016392e-02 -8.3308062204e-03 9.9802332214e-01
   outer loop
     vertex 4.9135346044e+00 5.2000000000e+00 2.7045284888e-01
     vertex 6.8766522898e+00 1.0400000000e+01 1.9133401598e-01
     vertex 6.3144071318e+00 1.0400000000e+01 2.2642564092e-01
   endloop
 endfacet
 facet normal  6.2290016392e-02 -8.3308062204e-03 9.9802332214e-01
   outer loop
     vertex 4.9135346044e+00 5.2000000000e+00 2.7045284888e-01
     vertex 5.5851052097e+00 5.2000000000e+00 2.2853785242e-01
     vertex 6.8766522898e+00 1.0400000000e+01 1.9133401598e-01
   endloop
 endfacet
 facet normal  7.7630934043e-02 -1.2149076697e-02 9.9690813921e-01
   outer loop
     vertex 5.5851052097e+00 5.2000000000e+00 2.2853785242e-01
     vertex 7.3945898484e+00 1.0400000000e+01 1.5100133650e-01
     vertex 6.8766522898e+00 1.0400000000e+01 1.9133401598e-01
   endloop
 endfacet
 facet normal  7.7630934043e-02 -1.2149076697e-02 9.9690813921e-01
   outer loop
     vertex 5.5851052097e+00 5.2000000000e+00 2.2853785242e-01
     vertex 6.2037528492e+00 5.2000000000e+00 1.8036270748e-01
     vertex 7.3945898484e+00 1.0400000000e+01 1.5100133650e-01
   endloop
 endfacet
 facet normal  8.8786379298e-02 -1.4709207832e-02 9.9594207565e-01
   outer loop
     vertex 6.2037528492e+00 5.2000000000e+00 1.8036270748e-01
     vertex 7.8373268222e+00 1.0400000000e+01 1.1153216068e-01
     vertex 7.3945898484e+00 1.0400000000e+01 1.5100133650e-01
   endloop
 endfacet
 facet normal  8.8786379298e-02 -1.4709207832e-02 9.9594207565e-01
   outer loop
     vertex 6.2037528492e+00 5.2000000000e+00 1.8036270748e-01
     vertex 6.7325775679e+00 5.2000000000e+00 1.3321896970e-01
     vertex 7.8373268222e+00 1.0400000000e+01 1.1153216068e-01
   endloop
 endfacet
 facet normal  9.7179913759e-02 -1.6495815467e-02 9.9513011834e-01
   outer loop
     vertex 6.7325775679e+00 5.2000000000e+00 1.3321896970e-01
     vertex 8.1922085934e+00 1.0400000000e+01 7.6876009405e-02
     vertex 7.8373268222e+00 1.0400000000e+01 1.1153216068e-01
   endloop
 endfacet
 facet normal  9.7179913759e-02 -1.6495815467e-02 9.9513011834e-01
   outer loop
     vertex 6.7325775679e+00 5.2000000000e+00 1.3321896970e-01
     vertex 7.1564641280e+00 5.2000000000e+00 9.1824122345e-02
     vertex 8.1922085934e+00 1.0400000000e+01 7.6876009405e-02
   endloop
 endfacet
 facet normal  1.0361751801e-01 -1.7779999237e-02 9.9445828549e-01
   outer loop
     vertex 7.1564641280e+00 5.2000000000e+00 9.1824122345e-02
     vertex 8.4622825776e+00 1.0400000000e+01 4.8735667746e-02
     vertex 8.1922085934e+00 1.0400000000e+01 7.6876009405e-02
   endloop
 endfacet
 facet normal  1.0361751801e-01 -1.7779999237e-02 9.9445828549e-01
   outer loop
     vertex 7.1564641280e+00 5.2000000000e+00 9.1824122345e-02
     vertex 7.4790524980e+00 5.2000000000e+00 5.8212047585e-02
     vertex 8.4622825776e+00 1.0400000000e+01 4.8735667746e-02
   endloop
 endfacet
 facet normal  1.0856986581e-01 -1.8717397026e-02 9.9391259338e-01
   outer loop
     vertex 7.4790524980e+00 5.2000000000e+00 5.8212047585e-02
     vertex 8.6598065781e+00 1.0400000000e+01 2.7159168588e-02
     vertex 8.4622825776e+00 1.0400000000e+01 4.8735667746e-02
   endloop
 endfacet
 facet normal  1.0856986581e-01 -1.8717397026e-02 9.9391259338e-01
   outer loop
     vertex 7.4790524980e+00 5.2000000000e+00 5.8212047585e-02
     vertex 7.7149839431e+00 5.2000000000e+00 3.2440118036e-02
     vertex 8.6598065781e+00 1.0400000000e+01 2.7159168588e-02
   endloop
 endfacet
 facet normal  1.1229285196e-01 -1.9394284542e-02 9.9348587163e-01
   outer loop
     vertex 7.7149839431e+00 5.2000000000e+00 3.2440118036e-02
     vertex 8.8001104714e+00 1.0400000000e+01 1.1300740441e-02
     vertex 8.6598065781e+00 1.0400000000e+01 2.7159168588e-02
   endloop
 endfacet
 facet normal  1.1229285196e-01 -1.9394284542e-02 9.9348587163e-01
   outer loop
     vertex 7.7149839431e+00 5.2000000000e+00 3.2440118036e-02
     vertex 7.8825691489e+00 5.2000000000e+00 1.3498106638e-02
     vertex 8.8001104714e+00 1.0400000000e+01 1.1300740441e-02
   endloop
 endfacet
 facet normal  1.1498816692e-01 -1.9870007827e-02 9.9316811480e-01
   outer loop
     vertex 7.8825691489e+00 5.2000000000e+00 1.3498106638e-02
     vertex 8.8977164719e+00 1.0400000000e+01 0.0000000000e+00
     vertex 8.8001104714e+00 1.0400000000e+01 1.1300740441e-02
   endloop
 endfacet
 facet normal  1.1498816692e-01 -1.9870007827e-02 9.9316811480e-01
   outer loop
     vertex 7.8825691489e+00 5.2000000000e+00 1.3498106638e-02
     vertex 7.9991540939e+00 5.2000000000e+00 0.0000000000e+00
     vertex 8.8977164719e+00 1.0400000000e+01 0.0000000000e+00
   endloop
 endfacet
 facet normal  1.1498816692e-01 -1.9870007827e-02 -9.9316811480e-01
   outer loop
     vertex 8.8977164719e+00 1.0400000000e+01 0.0000000000e+00
     vertex 8.8001104714e+00 1.0400000000e+01 -1.1300740441e-02
     vertex 9.7962788498e+00 1.5600000000e+01 0.0000000000e+00
   endloop
 endfacet
 facet normal  1.1498816692e-01 -1.9870007827e-02 -9.9316811480e-01
   outer loop
     vertex 9.7962788498e+00 1.5600000000e+01 0.0000000000e+00
     vertex 8.8001104714e+00 1.0400000000e+01 -1.1300740441e-02
     vertex 9.7176517938e+00 1.5600000000e+01 -9.1033742440e-03
   endloop
 endfacet
 facet normal  1.1229285196e-01 -1.9394284542e-02 -9.9348587163e-01
   outer loop
     vertex 8.8001104714e+00 1.0400000000e+01 -1.1300740441e-02
     vertex 8.6598065781e+00 1.0400000000e+01 -2.7159168588e-02
     vertex 9.7176517938e+00 1.5600000000e+01 -9.1033742440e-03
   endloop
 endfacet
 facet normal  1.1229285196e-01 -1.9394284542e-02 -9.9348587163e-01
   outer loop
     vertex 9.7176517938e+00 1.5600000000e+01 -9.1033742440e-03
     vertex 8.6598065781e+00 1.0400000000e+01 -2.7159168588e-02
     vertex 9.6046292132e+00 1.5600000000e+01 -2.1878219140e-02
   endloop
 endfacet
 facet normal  1.0856986581e-01 -1.8717397026e-02 -9.9391259338e-01
   outer loop
     vertex 8.6598065781e+00 1.0400000000e+01 -2.7159168588e-02
     vertex 8.4622825776e+00 1.0400000000e+01 -4.8735667746e-02
     vertex 9.6046292132e+00 1.5600000000e+01 -2.1878219140e-02
   endloop
 endfacet
 facet normal  1.0856986581e-01 -1.8717397026e-02 -9.9391259338e-01
   outer loop
     vertex 9.6046292132e+00 1.5600000000e+01 -2.1878219140e-02
     vertex 8.4622825776e+00 1.0400000000e+01 -4.8735667746e-02
     vertex 9.4455126572e+00 1.5600000000e+01 -3.9259287906e-02
   endloop
 endfacet
 facet normal  1.0361751801e-01 -1.7779999237e-02 -9.9445828549e-01
   outer loop
     vertex 8.4622825776e+00 1.0400000000e+01 -4.8735667746e-02
     vertex 8.1922085934e+00 1.0400000000e+01 -7.6876009405e-02
     vertex 9.4455126572e+00 1.5600000000e+01 -3.9259287906e-02
   endloop
 endfacet
 facet normal  1.0361751801e-01 -1.7779999237e-02 -9.9445828549e-01
   outer loop
     vertex 9.4455126572e+00 1.5600000000e+01 -3.9259287906e-02
     vertex 8.1922085934e+00 1.0400000000e+01 -7.6876009405e-02
     vertex 9.2279530588e+00 1.5600000000e+01 -6.1927896466e-02
   endloop
 endfacet
 facet normal  9.7179913759e-02 -1.6495815467e-02 -9.9513011834e-01
   outer loop
     vertex 8.1922085934e+00 1.0400000000e+01 -7.6876009405e-02
     vertex 7.8373268222e+00 1.0400000000e+01 -1.1153216068e-01
     vertex 9.2279530588e+00 1.5600000000e+01 -6.1927896466e-02
   endloop
 endfacet
 facet normal  9.7179913759e-02 -1.6495815467e-02 -9.9513011834e-01
   outer loop
     vertex 9.2279530588e+00 1.5600000000e+01 -6.1927896466e-02
     vertex 7.8373268222e+00 1.0400000000e+01 -1.1153216068e-01
     vertex 8.9420760765e+00 1.5600000000e+01 -8.9845351657e-02
   endloop
 endfacet
 facet normal  8.8786379298e-02 -1.4709207832e-02 -9.9594207565e-01
   outer loop
     vertex 7.8373268222e+00 1.0400000000e+01 -1.1153216068e-01
     vertex 7.3945898484e+00 1.0400000000e+01 -1.5100133650e-01
     vertex 8.9420760765e+00 1.5600000000e+01 -8.9845351657e-02
   endloop
 endfacet
 facet normal  8.8786379298e-02 -1.4709207832e-02 -9.9594207565e-01
   outer loop
     vertex 8.9420760765e+00 1.5600000000e+01 -8.9845351657e-02
     vertex 7.3945898484e+00 1.0400000000e+01 -1.5100133650e-01
     vertex 8.5854268476e+00 1.5600000000e+01 -1.2163996551e-01
   endloop
 endfacet
 facet normal  7.7630934043e-02 -1.2149076697e-02 -9.9690813921e-01
   outer loop
     vertex 7.3945898484e+00 1.0400000000e+01 -1.5100133650e-01
     vertex 6.8766522898e+00 1.0400000000e+01 -1.9133401598e-01
     vertex 8.5854268476e+00 1.5600000000e+01 -1.2163996551e-01
   endloop
 endfacet
 facet normal  7.7630934043e-02 -1.2149076697e-02 -9.9690813921e-01
   outer loop
     vertex 8.5854268476e+00 1.5600000000e+01 -1.2163996551e-01
     vertex 6.8766522898e+00 1.0400000000e+01 -1.9133401598e-01
     vertex 8.1681993698e+00 1.5600000000e+01 -1.5413017954e-01
   endloop
 endfacet
 facet normal  6.2290016392e-02 -8.3308062204e-03 -9.9802332214e-01
   outer loop
     vertex 6.8766522898e+00 1.0400000000e+01 -1.9133401598e-01
     vertex 6.3144071318e+00 1.0400000000e+01 -2.2642564092e-01
     vertex 8.1681993698e+00 1.5600000000e+01 -1.5413017954e-01
   endloop
 endfacet
 facet normal  6.2290016392e-02 -8.3308062204e-03 -9.9802332214e-01
   outer loop
     vertex 8.1681993698e+00 1.5600000000e+01 -1.5413017954e-01
     vertex 6.3144071318e+00 1.0400000000e+01 -2.2642564092e-01
     vertex 7.7152796592e+00 1.5600000000e+01 -1.8239843297e-01
   endloop
 endfacet
 facet normal  4.0847978729e-02 -2.5447100404e-03 -9.9916213253e-01
   outer loop
     vertex 6.3144071318e+00 1.0400000000e+01 -2.2642564092e-01
     vertex 7.2618626025e+00 1.5600000000e+01 -2.0093513455e-01
     vertex 7.7152796592e+00 1.5600000000e+01 -1.8239843297e-01
   endloop
 endfacet
 facet normal  4.0847978729e-02 -2.5447100404e-03 -9.9916213253e-01
   outer loop
     vertex 6.3144071318e+00 1.0400000000e+01 -2.2642564092e-01
     vertex 5.7515445786e+00 1.0400000000e+01 -2.4943671876e-01
     vertex 7.2618626025e+00 1.5600000000e+01 -2.0093513455e-01
   endloop
 endfacet
 facet normal  1.1502009480e-02 5.9857335831e-03 -9.9991593385e-01
   outer loop
     vertex 5.7515445786e+00 1.0400000000e+01 -2.4943671876e-01
     vertex 6.8434158664e+00 1.5600000000e+01 -2.0574851752e-01
     vertex 7.2618626025e+00 1.5600000000e+01 -2.0093513455e-01
   endloop
 endfacet
 facet normal  1.1502009480e-02 5.9857335831e-03 -9.9991593385e-01
   outer loop
     vertex 5.7515445786e+00 1.0400000000e+01 -2.4943671876e-01
     vertex 5.2320934580e+00 1.0400000000e+01 -2.5541195278e-01
     vertex 6.8434158664e+00 1.5600000000e+01 -2.0574851752e-01
   endloop
 endfacet
 facet normal  -2.7002626085e-02 1.7912940621e-02 -9.9947485448e-01
   outer loop
     vertex 5.2320934580e+00 1.0400000000e+01 -2.5541195278e-01
     vertex 6.4855081562e+00 1.5600000000e+01 -1.9607899154e-01
     vertex 6.8434158664e+00 1.5600000000e+01 -2.0574851752e-01
   endloop
 endfacet
 facet normal  -2.7002626085e-02 1.7912940621e-02 -9.9947485448e-01
   outer loop
     vertex 5.2320934580e+00 1.0400000000e+01 -2.5541195278e-01
     vertex 4.7877942316e+00 1.0400000000e+01 -2.4340840329e-01
     vertex 6.4855081562e+00 1.5600000000e+01 -1.9607899154e-01
   endloop
 endfacet
 facet normal  -7.6265379433e-02 3.3969417143e-02 -9.9650874085e-01
   outer loop
     vertex 4.7877942316e+00 1.0400000000e+01 -2.4340840329e-01
     vertex 6.1991442594e+00 1.5600000000e+01 -1.7416282527e-01
     vertex 6.4855081562e+00 1.5600000000e+01 -1.9607899154e-01
   endloop
 endfacet
 facet normal  -7.6265379433e-02 3.3969417143e-02 -9.9650874085e-01
   outer loop
     vertex 4.7877942316e+00 1.0400000000e+01 -2.4340840329e-01
     vertex 4.4323080148e+00 1.0400000000e+01 -2.1620212793e-01
     vertex 6.1991442594e+00 1.5600000000e+01 -1.7416282527e-01
   endloop
 endfacet
 facet normal  -1.4039866345e-01 5.5695854782e-02 -9.8852728190e-01
   outer loop
     vertex 4.4323080148e+00 1.0400000000e+01 -2.1620212793e-01
     vertex 5.9826297629e+00 1.5600000000e+01 -1.4341168014e-01
     vertex 6.1991442594e+00 1.5600000000e+01 -1.7416282527e-01
   endloop
 endfacet
 facet normal  -1.4039866345e-01 5.5695854782e-02 -9.8852728190e-01
   outer loop
     vertex 4.4323080148e+00 1.0400000000e+01 -2.1620212793e-01
     vertex 4.1635313985e+00 1.0400000000e+01 -1.7802829258e-01
     vertex 5.9826297629e+00 1.5600000000e+01 -1.4341168014e-01
   endloop
 endfacet
 facet normal  -2.3197751288e-01 8.7601038367e-02 -9.6876854387e-01
   outer loop
     vertex 4.1635313985e+00 1.0400000000e+01 -1.7802829258e-01
     vertex 5.8270563321e+00 1.5600000000e+01 -1.0615867706e-01
     vertex 5.9826297629e+00 1.5600000000e+01 -1.4341168014e-01
   endloop
 endfacet
 facet normal  -2.3197751288e-01 8.7601038367e-02 -9.6876854387e-01
   outer loop
     vertex 4.1635313985e+00 1.0400000000e+01 -1.7802829258e-01
     vertex 3.9704057603e+00 1.0400000000e+01 -1.3178318532e-01
     vertex 5.8270563321e+00 1.5600000000e+01 -1.0615867706e-01
   endloop
 endfacet
 facet normal  -3.9257485099e-01 1.4464392631e-01 -9.0827480475e-01
   outer loop
     vertex 3.9704057603e+00 1.0400000000e+01 -1.3178318532e-01
     vertex 5.7229355222e+00 1.5600000000e+01 -6.1155544489e-02
     vertex 5.8270563321e+00 1.5600000000e+01 -1.0615867706e-01
   endloop
 endfacet
 facet normal  -3.9257485099e-01 1.4464392631e-01 -9.0827480475e-01
   outer loop
     vertex 3.9704057603e+00 1.0400000000e+01 -1.3178318532e-01
     vertex 3.8411523410e+00 1.0400000000e+01 -7.5917227642e-02
     vertex 5.7229355222e+00 1.5600000000e+01 -6.1155544489e-02
   endloop
 endfacet
 facet normal  -7.7291780451e-01 2.8131907438e-01 -5.6873336974e-01
   outer loop
     vertex 3.8411523410e+00 1.0400000000e+01 -7.5917227642e-02
     vertex 5.6779356546e+00 1.5600000000e+01 0.0000000000e+00
     vertex 5.7229355222e+00 1.5600000000e+01 -6.1155544489e-02
   endloop
 endfacet
 facet normal  -7.7291780451e-01 2.8131907438e-01 -5.6873336974e-01
   outer loop
     vertex 3.8411523410e+00 1.0400000000e+01 -7.5917227642e-02
     vertex 3.7852904364e+00 1.0400000000e+01 0.0000000000e+00
     vertex 5.6779356546e+00 1.5600000000e+01 0.0000000000e+00
   endloop
 endfacet
 facet normal  -7.7291780451e-01 2.8131907438e-01 5.6873336974e-01
   outer loop
     vertex 3.7852904364e+00 1.0400000000e+01 0.0000000000e+00
     vertex 3.8411523410e+00 1.0400000000e+01 7.5917227642e-02
     vertex 5.6779356546e+00 1.5600000000e+01 0.0000000000e+00
   endloop
 endfacet
 facet normal  -7.7291780451e-01 2.8131907438e-01 5.6873336974e-01
   outer loop
     vertex 5.6779356546e+00 1.5600000000e+01 0.0000000000e+00
     vertex 3.8411523410e+00 1.0400000000e+01 7.5917227642e-02
     vertex 5.7229355222e+00 1.5600000000e+01 6.1155544489e-02
   endloop
 endfacet
 facet normal  -3.9257485099e-01 1.4464392631e-01 9.0827480475e-01
   outer loop
     vertex 3.8411523410e+00 1.0400000000e+01 7.5917227642e-02
     vertex 3.9704057603e+00 1.0400000000e+01 1.3178318532e-01
     vertex 5.7229355222e+00 1.5600000000e+01 6.1155544489e-02
   endloop
 endfacet
 facet normal  -3.9257485099e-01 1.4464392631e-01 9.0827480475e-01
   outer loop
     vertex 5.7229355222e+00 1.5600000000e+01 6.1155544489e-02
     vertex 3.9704057603e+00 1.0400000000e+01 1.3178318532e-01
     vertex 5.8270563321e+00 1.5600000000e+01 1.0615867706e-01
   endloop
 endfacet
 facet normal  -2.3197751288e-01 8.7601038367e-02 9.6876854387e-01
   outer loop
     vertex 3.9704057603e+00 1.0400000000e+01 1.3178318532e-01
     vertex 4.1635313985e+00 1.0400000000e+01 1.7802829258e-01
     vertex 5.8270563321e+00 1.5600000000e+01 1.0615867706e-01
   endloop
 endfacet
 facet normal  -2.3197751288e-01 8.7601038367e-02 9.6876854387e-01
   outer loop
     vertex 5.8270563321e+00 1.5600000000e+01 1.0615867706e-01
     vertex 4.1635313985e+00 1.0400000000e+01 1.7802829258e-01
     vertex 5.9826297629e+00 1.5600000000e+01 1.4341168014e-01
   endloop
 endfacet
 facet normal  -1.4039866345e-01 5.5695854782e-02 9.8852728190e-01
   outer loop
     vertex 4.1635313985e+00 1.0400000000e+01 1.7802829258e-01
     vertex 4.4323080148e+00 1.0400000000e+01 2.1620212793e-01
     vertex 5.9826297629e+00 1.5600000000e+01 1.4341168014e-01
   endloop
 endfacet
 facet normal  -1.4039866345e-01 5.5695854782e-02 9.8852728190e-01
   outer loop
     vertex 5.9826297629e+00 1.5600000000e+01 1.4341168014e-01
     vertex 4.4323080148e+00 1.0400000000e+01 2.1620212793e-01
     vertex 6.1991442594e+00 1.5600000000e+01 1.7416282527e-01
   endloop
 endfacet
 facet normal  -7.6265379433e-02 3.3969417143e-02 9.9650874085e-01
   outer loop
     vertex 4.4323080148e+00 1.0400000000e+01 2.1620212793e-01
     vertex 4.7877942316e+00 1.0400000000e+01 2.4340840329e-01
     vertex 6.1991442594e+00 1.5600000000e+01 1.7416282527e-01
   endloop
 endfacet
 facet normal  -7.6265379433e-02 3.3969417143e-02 9.9650874085e-01
   outer loop
     vertex 6.1991442594e+00 1.5600000000e+01 1.7416282527e-01
     vertex 4.7877942316e+00 1.0400000000e+01 2.4340840329e-01
     vertex 6.4855081562e+00 1.5600000000e+01 1.9607899154e-01
   endloop
 endfacet
 facet normal  -2.7002626085e-02 1.7912940621e-02 9.9947485448e-01
   outer loop
     vertex 4.7877942316e+00 1.0400000000e+01 2.4340840329e-01
     vertex 5.2320934580e+00 1.0400000000e+01 2.5541195278e-01
     vertex 6.4855081562e+00 1.5600000000e+01 1.9607899154e-01
   endloop
 endfacet
 facet normal  -2.7002626085e-02 1.7912940621e-02 9.9947485448e-01
   outer loop
     vertex 6.4855081562e+00 1.5600000000e+01 1.9607899154e-01
     vertex 5.2320934580e+00 1.0400000000e+01 2.5541195278e-01
     vertex 6.8434158664e+00 1.5600000000e+01 2.0574851752e-01
   endloop
 endfacet
 facet normal  1.1502009480e-02 5.9857335831e-03 9.9991593385e-01
   outer loop
     vertex 5.2320934580e+00 1.0400000000e+01 2.5541195278e-01
     vertex 5.7515445786e+00 1.0400000000e+01 2.4943671876e-01
     vertex 6.8434158664e+00 1.5600000000e+01 2.0574851752e-01
   endloop
 endfacet
 facet normal  1.1502009480e-02 5.9857335831e-03 9.9991593385e-01
   outer loop
     vertex 6.8434158664e+00 1.5600000000e+01 2.0574851752e-01
     vertex 5.7515445786e+00 1.0400000000e+01 2.4943671876e-01
     vertex 7.2618626025e+00 1.5600000000e+01 2.0093513455e-01
   endloop
 endfacet
 facet normal  4.0847978729e-02 -2.5447100404e-03 9.9916213253e-01
   outer loop
     vertex 5.7515445786e+00 1.0400000000e+01 2.4943671876e-01
     vertex 6.3144071318e+00 1.0400000000e+01 2.2642564092e-01
     vertex 7.2618626025e+00 1.5600000000e+01 2.0093513455e-01
   endloop
 endfacet
 facet normal  4.0847978729e-02 -2.5447100404e-03 9.9916213253e-01
   outer loop
     vertex 7.2618626025e+00 1.5600000000e+01 2.0093513455e-01
     vertex 6.3144071318e+00 1.0400000000e+01 2.2642564092e-01
     vertex 7.7152796592e+00 1.5600000000e+01 1.8239843297e-01
   endloop
 endfacet
 facet normal  6.2290016392e-02 -8.3308062204e-03 9.9802332214e-01
   outer loop
     vertex 6.3144071318e+00 1.0400000000e+01 2.2642564092e-01
     vertex 8.1681993698e+00 1.5600000000e+01 1.5413017954e-01
     vertex 7.7152796592e+00 1.5600000000e+01 1.8239843297e-01
   endloop
 endfacet
 facet normal  6.2290016392e-02 -8.3308062204e-03 9.9802332214e-01
   outer loop
     vertex 6.3144071318e+00 1.0400000000e+01 2.2642564092e-01
     vertex 6.8766522898e+00 1.0400000000e+01 1.9133401598e-01
     vertex 8.1681993698e+00 1.5600000000e+01 1.5413017954e-01
   endloop
 endfacet
 facet normal  7.7630934043e-02 -1.2149076697e-02 9.9690813921e-01
   outer loop
     vertex 6.8766522898e+00 1.0400000000e+01 1.9133401598e-01
     vertex 8.5854268476e+00 1.5600000000e+01 1.2163996551e-01
     vertex 8.1681993698e+00 1.5600000000e+01 1.5413017954e-01
   endloop
 endfacet
 facet normal  7.7630934043e-02 -1.2149076697e-02 9.9690813921e-01
   outer loop
     vertex 6.8766522898e+00 1.0400000000e+01 1.9133401598e-01
     vertex 7.3945898484e+00 1.0400000000e+01 1.5100133650e-01
     vertex 8.5854268476e+00 1.5600000000e+01 1.2163996551e-01
   endloop
 endfacet
 facet normal  8.8786379298e-02 -1.4709207832e-02 9.9594207565e-01
   outer loop
     vertex 7.3945898484e+00 1.0400000000e+01 1.5100133650e-01
     vertex 8.9420760765e+00 1.5600000000e+01 8.9845351657e-02
     vertex 8.5854268476e+00 1.5600000000e+01 1.2163996551e-01
   endloop
 endfacet
 facet normal  8.8786379298e-02 -1.4709207832e-02 9.9594207565e-01
   outer loop
     vertex 7.3945898484e+00 1.0400000000e+01 1.5100133650e-01
     vertex 7.8373268222e+00 1.0400000000e+01 1.1153216068e-01
     vertex 8.9420760765e+00 1.5600000000e+01 8.9845351657e-02
   endloop
 endfacet
 facet normal  9.7179913759e-02 -1.6495815467e-02 9.9513011834e-01
   outer loop
     vertex 7.8373268222e+00 1.0400000000e+01 1.1153216068e-01
     vertex 9.2279530588e+00 1.5600000000e+01 6.1927896466e-02
     vertex 8.9420760765e+00 1.5600000000e+01 8.9845351657e-02
   endloop
 endfacet
 facet normal  9.7179913759e-02 -1.6495815467e-02 9.9513011834e-01
   outer loop
     vertex 7.8373268222e+00 1.0400000000e+01 1.1153216068e-01
     vertex 8.1922085934e+00 1.0400000000e+01 7.6876009405e-02
     vertex 9.2279530588e+00 1.5600000000e+01 6.1927896466e-02
   endloop
 endfacet
 facet normal  1.0361751801e-01 -1.7779999237e-02 9.9445828549e-01
   outer loop
     vertex 8.1922085934e+00 1.0400000000e+01 7.6876009405e-02
     vertex 9.4455126572e+00 1.5600000000e+01 3.9259287906e-02
     vertex 9.2279530588e+00 1.5600000000e+01 6.1927896466e-02
   endloop
 endfacet
 facet normal  1.0361751801e-01 -1.7779999237e-02 9.9445828549e-01
   outer loop
     vertex 8.1922085934e+00 1.0400000000e+01 7.6876009405e-02
     vertex 8.4622825776e+00 1.0400000000e+01 4.8735667746e-02
     vertex 9.4455126572e+00 1.5600000000e+01 3.9259287906e-02
   endloop
 endfacet
 facet normal  1.0856986581e-01 -1.8717397026e-02 9.9391259338e-01
   outer loop
     vertex 8.4622825776e+00 1.0400000000e+01 4.8735667746e-02
     vertex 9.6046292132e+00 1.5600000000e+01 2.1878219140e-02
     vertex 9.4455126572e+00 1.5600000000e+01 3.9259287906e-02
   endloop
 endfacet
 facet normal  1.0856986581e-01 -1.8717397026e-02 9.9391259338e-01
   outer loop
     vertex 8.4622825776e+00 1.0400000000e+01 4.8735667746e-02
     vertex 8.6598065781e+00 1.0400000000e+01 2.7159168588e-02
     vertex 9.6046292132e+00 1.5600000000e+01 2.1878219140e-02
   endloop
 endfacet
 facet normal  1.1229285196e-01 -1.9394284542e-02 9.9348587163e-01
   outer loop
     vertex 8.6598065781e+00 1.0400000000e+01 2.7159168588e-02
     vertex 9.7176517938e+00 1.5600000000e+01 9.1033742440e-03
     vertex 9.6046292132e+00 1.5600000000e+01 2.1878219140e-02
   endloop
 endfacet
 facet normal  1.1229285196e-01 -1.9394284542e-02 9.9348587163e-01
   outer loop
     vertex 8.6598065781e+00 1.0400000000e+01 2.7159168588e-02
     vertex 8.8001104714e+00 1.0400000000e+01 1.1300740441e-02
     vertex 9.7176517938e+00 1.5600000000e+01 9.1033742440e-03
   endloop
 endfacet
 facet normal  1.1498816692e-01 -1.9870007827e-02 9.9316811480e-01
   outer loop
     vertex 8.8001104714e+00 1.0400000000e+01 1.1300740441e-02
     vertex 9.7962788498e+00 1.5600000000e+01 0.0000000000e+00
     vertex 9.7176517938e+00 1.5600000000e+01 9.1033742440e-03
   endloop
 endfacet
 facet normal  1.1498816692e-01 -1.9870007827e-02 9.9316811480e-01
   outer loop
     vertex 8.8001104714e+00 1.0400000000e+01 1.1300740441e-02
     vertex 8.8977164719e+00 1.0400000000e+01 0.0000000000e+00
     vertex 9.7962788498e+00 1.5600000000e+01 0.0000000000e+00
   endloop
 endfacet
 facet normal  1.1498816692e-01 -1.9870007827e-02 -9.9316811480e-01
   outer loop
     vertex 9.7962788498e+00 1.5600000000e+01 0.0000000000e+00
     vertex 9.7176517938e+00 1.5600000000e+01 -9.1033742440e-03
     vertex 1.0694841228e+01 2.0800000000e+01 0.0000000000e+00
   endloop
 endfacet
 facet normal  1.1498816692e-01 -1.9870007827e-02 -9.9316811480e-01
   outer loop
     vertex 1.0694841228e+01 2.0800000000e+01 0.0000000000e+00
     vertex 9.7176517938e+00 1.5600000000e+01 -9.1033742440e-03
     vertex 1.0635193116e+01 2.0800000000e+01 -6.9060080471e-03
   endloop
 endfacet
 facet normal  1.1229285196e-01 -1.9394284542e-02 -9.9348587163e-01
   outer loop
     vertex 9.7176517938e+00 1.5600000000e+01 -9.1033742440e-03
     vertex 9.6046292132e+00 1.5600000000e+01 -2.1878219140e-02
     vertex 1.0635193116e+01 2.0800000000e+01 -6.9060080471e-03
   endloop
 endfacet
 facet normal  1.1229285196e-01 -1.9394284542e-02 -9.9348587163e-01
   outer loop
     vertex 1.0635193116e+01 2.0800000000e+01 -6.9060080471e-03
     vertex 9.6046292132e+00 1.5600000000e+01 -2.1878219140e-02
     vertex 1.0549451848e+01 2.0800000000e+01 -1.6597269693e-02
   endloop
 endfacet
 facet normal  1.0856986581e-01 -1.8717397026e-02 -9.9391259338e-01
   outer loop
     vertex 9.6046292132e+00 1.5600000000e+01 -2.1878219140e-02
     vertex 9.4455126572e+00 1.5600000000e+01 -3.9259287906e-02
     vertex 1.0549451848e+01 2.0800000000e+01 -1.6597269693e-02
   endloop
 endfacet
 facet normal  1.0856986581e-01 -1.8717397026e-02 -9.9391259338e-01
   outer loop
     vertex 1.0549451848e+01 2.0800000000e+01 -1.6597269693e-02
     vertex 9.4455126572e+00 1.5600000000e+01 -3.9259287906e-02
     vertex 1.0428742737e+01 2.0800000000e+01 -2.9782908067e-02
   endloop
 endfacet
 facet normal  1.0361751801e-01 -1.7779999237e-02 -9.9445828549e-01
   outer loop
     vertex 9.4455126572e+00 1.5600000000e+01 -3.9259287906e-02
     vertex 9.2279530588e+00 1.5600000000e+01 -6.1927896466e-02
     vertex 1.0428742737e+01 2.0800000000e+01 -2.9782908067e-02
   endloop
 endfacet
 facet normal  1.0361751801e-01 -1.7779999237e-02 -9.9445828549e-01
   outer loop
     vertex 1.0428742737e+01 2.0800000000e+01 -2.9782908067e-02
     vertex 9.2279530588e+00 1.5600000000e+01 -6.1927896466e-02
     vertex 1.0263697524e+01 2.0800000000e+01 -4.6979783526e-02
   endloop
 endfacet
 facet normal  9.7179913759e-02 -1.6495815467e-02 -9.9513011834e-01
   outer loop
     vertex 9.2279530588e+00 1.5600000000e+01 -6.1927896466e-02
     vertex 8.9420760765e+00 1.5600000000e+01 -8.9845351657e-02
     vertex 1.0263697524e+01 2.0800000000e+01 -4.6979783526e-02
   endloop
 endfacet
 facet normal  9.7179913759e-02 -1.6495815467e-02 -9.9513011834e-01
   outer loop
     vertex 1.0263697524e+01 2.0800000000e+01 -4.6979783526e-02
     vertex 8.9420760765e+00 1.5600000000e+01 -8.9845351657e-02
     vertex 1.0046825331e+01 2.0800000000e+01 -6.8158542636e-02
   endloop
 endfacet
 facet normal  8.8786379298e-02 -1.4709207832e-02 -9.9594207565e-01
   outer loop
     vertex 8.9420760765e+00 1.5600000000e+01 -8.9845351657e-02
     vertex 8.5854268476e+00 1.5600000000e+01 -1.2163996551e-01
     vertex 1.0046825331e+01 2.0800000000e+01 -6.8158542636e-02
   endloop
 endfacet
 facet normal  8.8786379298e-02 -1.4709207832e-02 -9.9594207565e-01
   outer loop
     vertex 1.0046825331e+01 2.0800000000e+01 -6.8158542636e-02
     vertex 8.5854268476e+00 1.5600000000e+01 -1.2163996551e-01
     vertex 9.7762638467e+00 2.0800000000e+01 -9.2278594525e-02
   endloop
 endfacet
 facet normal  7.7630934043e-02 -1.2149076697e-02 -9.9690813921e-01
   outer loop
     vertex 8.5854268476e+00 1.5600000000e+01 -1.2163996551e-01
     vertex 8.1681993698e+00 1.5600000000e+01 -1.5413017954e-01
     vertex 9.7762638467e+00 2.0800000000e+01 -9.2278594525e-02
   endloop
 endfacet
 facet normal  7.7630934043e-02 -1.2149076697e-02 -9.9690813921e-01
   outer loop
     vertex 9.7762638467e+00 2.0800000000e+01 -9.2278594525e-02
     vertex 8.1681993698e+00 1.5600000000e+01 -1.5413017954e-01
     vertex 9.4597464498e+00 2.0800000000e+01 -1.1692634310e-01
   endloop
 endfacet
 facet normal  6.2290016392e-02 -8.3308062204e-03 -9.9802332214e-01
   outer loop
     vertex 8.1681993698e+00 1.5600000000e+01 -1.5413017954e-01
     vertex 7.7152796592e+00 1.5600000000e+01 -1.8239843297e-01
     vertex 9.4597464498e+00 2.0800000000e+01 -1.1692634310e-01
   endloop
 endfacet
 facet normal  6.2290016392e-02 -8.3308062204e-03 -9.9802332214e-01
   outer loop
     vertex 9.4597464498e+00 2.0800000000e+01 -1.1692634310e-01
     vertex 7.7152796592e+00 1.5600000000e+01 -1.8239843297e-01
     vertex 9.1161521866e+00 2.0800000000e+01 -1.3837122501e-01
   endloop
 endfacet
 facet normal  4.0847978729e-02 -2.5447100404e-03 -9.9916213253e-01
   outer loop
     vertex 7.7152796592e+00 1.5600000000e+01 -1.8239843297e-01
     vertex 8.7721806263e+00 2.0800000000e+01 -1.5243355035e-01
     vertex 9.1161521866e+00 2.0800000000e+01 -1.3837122501e-01
   endloop
 endfacet
 facet normal  4.0847978729e-02 -2.5447100404e-03 -9.9916213253e-01
   outer loop
     vertex 7.7152796592e+00 1.5600000000e+01 -1.8239843297e-01
     vertex 7.2618626025e+00 1.5600000000e+01 -2.0093513455e-01
     vertex 8.7721806263e+00 2.0800000000e+01 -1.5243355035e-01
   endloop
 endfacet
 facet normal  1.1502009480e-02 5.9857335831e-03 -9.9991593385e-01
   outer loop
     vertex 7.2618626025e+00 1.5600000000e+01 -2.0093513455e-01
     vertex 8.4547382749e+00 2.0800000000e+01 -1.5608508226e-01
     vertex 8.7721806263e+00 2.0800000000e+01 -1.5243355035e-01
   endloop
 endfacet
 facet normal  1.1502009480e-02 5.9857335831e-03 -9.9991593385e-01
   outer loop
     vertex 7.2618626025e+00 1.5600000000e+01 -2.0093513455e-01
     vertex 6.8434158664e+00 1.5600000000e+01 -2.0574851752e-01
     vertex 8.4547382749e+00 2.0800000000e+01 -1.5608508226e-01
   endloop
 endfacet
 facet normal  -2.7002626085e-02 1.7912940621e-02 -9.9947485448e-01
   outer loop
     vertex 6.8434158664e+00 1.5600000000e+01 -2.0574851752e-01
     vertex 8.1832220809e+00 2.0800000000e+01 -1.4874957979e-01
     vertex 8.4547382749e+00 2.0800000000e+01 -1.5608508226e-01
   endloop
 endfacet
 facet normal  -2.7002626085e-02 1.7912940621e-02 -9.9947485448e-01
   outer loop
     vertex 6.8434158664e+00 1.5600000000e+01 -2.0574851752e-01
     vertex 6.4855081562e+00 1.5600000000e+01 -1.9607899154e-01
     vertex 8.1832220809e+00 2.0800000000e+01 -1.4874957979e-01
   endloop
 endfacet
 facet normal  -7.6265379433e-02 3.3969417143e-02 -9.9650874085e-01
   outer loop
     vertex 6.4855081562e+00 1.5600000000e+01 -1.9607899154e-01
     vertex 7.9659805040e+00 2.0800000000e+01 -1.3212352262e-01
     vertex 8.1832220809e+00 2.0800000000e+01 -1.4874957979e-01
   endloop
 endfacet
 facet normal  -7.6265379433e-02 3.3969417143e-02 -9.9650874085e-01
   outer loop
     vertex 6.4855081562e+00 1.5600000000e+01 -1.9607899154e-01
     vertex 6.1991442594e+00 1.5600000000e+01 -1.7416282527e-01
     vertex 7.9659805040e+00 2.0800000000e+01 -1.3212352262e-01
   endloop
 endfacet
 facet normal  -1.4039866345e-01 5.5695854782e-02 -9.8852728190e-01
   outer loop
     vertex 6.1991442594e+00 1.5600000000e+01 -1.7416282527e-01
     vertex 7.8017281274e+00 2.0800000000e+01 -1.0879506769e-01
     vertex 7.9659805040e+00 2.0800000000e+01 -1.3212352262e-01
   endloop
 endfacet
 facet normal  -1.4039866345e-01 5.5695854782e-02 -9.8852728190e-01
   outer loop
     vertex 6.1991442594e+00 1.5600000000e+01 -1.7416282527e-01
     vertex 5.9826297629e+00 1.5600000000e+01 -1.4341168014e-01
     vertex 7.8017281274e+00 2.0800000000e+01 -1.0879506769e-01
   endloop
 endfacet
 facet normal  -2.3197751288e-01 8.7601038367e-02 -9.6876854387e-01
   outer loop
     vertex 5.9826297629e+00 1.5600000000e+01 -1.4341168014e-01
     vertex 7.6837069040e+00 2.0800000000e+01 -8.0534168804e-02
     vertex 7.8017281274e+00 2.0800000000e+01 -1.0879506769e-01
   endloop
 endfacet
 facet normal  -2.3197751288e-01 8.7601038367e-02 -9.6876854387e-01
   outer loop
     vertex 5.9826297629e+00 1.5600000000e+01 -1.4341168014e-01
     vertex 5.8270563321e+00 1.5600000000e+01 -1.0615867706e-01
     vertex 7.6837069040e+00 2.0800000000e+01 -8.0534168804e-02
   endloop
 endfacet
 facet normal  -3.9257485099e-01 1.4464392631e-01 -9.0827480475e-01
   outer loop
     vertex 5.8270563321e+00 1.5600000000e+01 -1.0615867706e-01
     vertex 7.6047187034e+00 2.0800000000e+01 -4.6393861337e-02
     vertex 7.6837069040e+00 2.0800000000e+01 -8.0534168804e-02
   endloop
 endfacet
 facet normal  -3.9257485099e-01 1.4464392631e-01 -9.0827480475e-01
   outer loop
     vertex 5.8270563321e+00 1.5600000000e+01 -1.0615867706e-01
     vertex 5.7229355222e+00 1.5600000000e+01 -6.1155544489e-02
     vertex 7.6047187034e+00 2.0800000000e+01 -4.6393861337e-02
   endloop
 endfacet
 facet normal  -7.7291780451e-01 2.8131907438e-01 -5.6873336974e-01
   outer loop
     vertex 5.7229355222e+00 1.5600000000e+01 -6.1155544489e-02
     vertex 7.5705808727e+00 2.0800000000e+01 0.0000000000e+00
     vertex 7.6047187034e+00 2.0800000000e+01 -4.6393861337e-02
   endloop
 endfacet
 facet normal  -7.7291780451e-01 2.8131907438e-01 -5.6873336974e-01
   outer loop
     vertex 5.7229355222e+00 1.5600000000e+01 -6.1155544489e-02
     vertex 5.6779356546e+00 1.5600000000e+01 0.0000000000e+00
     vertex 7.5705808727e+00 2.0800000000e+01 0.0000000000e+00
   endloop
 endfacet
 facet normal  -7.7291780451e-01 2.8131907438e-01 5.6873336974e-01
   outer loop
     vertex 5.6779356546e+00 1.5600000000e+01 0.0000000000e+00
     vertex 5.7229355222e+00 1.5600000000e+01 6.1155544489e-02
     vertex 7.5705808727e+00 2.0800000000e+01 0.0000000000e+00
   endloop
 endfacet
 facet normal  -7.7291780451e-01 2.8131907438e-01 5.6873336974e-01
   outer loop
     vertex 7.5705808727e+00 2.0800000000e+01 0.0000000000e+00
     vertex 5.7229355222e+00 1.5600000000e+01 6.1155544489e-02
     vertex 7.6047187034e+00 2.0800000000e+01 4.6393861337e-02
   endloop
 endfacet
 facet normal  -3.9257485099e-01 1.4464392631e-01 9.0827480475e-01
   outer loop
     vertex 5.7229355222e+00 1.5600000000e+01 6.1155544489e-02
     vertex 5.8270563321e+00 1.5600000000e+01 1.0615867706e-01
     vertex 7.6047187034e+00 2.0800000000e+01 4.6393861337e-02
   endloop
 endfacet
 facet normal  -3.9257485099e-01 1.4464392631e-01 9.0827480475e-01
   outer loop
     vertex 7.6047187034e+00 2.0800000000e+01 4.6393861337e-02
     vertex 5.8270563321e+00 1.5600000000e+01 1.0615867706e-01
     vertex 7.6837069040e+00 2.0800000000e+01 8.0534168804e-02
   endloop
 endfacet
 facet normal  -2.3197751288e-01 8.7601038367e-02 9.6876854387e-01
   outer loop
     vertex 5.8270563321e+00 1.5600000000e+01 1.0615867706e-01
     vertex 5.9826297629e+00 1.5600000000e+01 1.4341168014e-01
     vertex 7.6837069040e+00 2.0800000000e+01 8.0534168804e-02
   endloop
 endfacet
 facet normal  -2.3197751288e-01 8.7601038367e-02 9.6876854387e-01
   outer loop
     vertex 7.6837069040e+00 2.0800000000e+01 8.0534168804e-02
     vertex 5.9826297629e+00 1.5600000000e+01 1.4341168014e-01
     vertex 7.8017281274e+00 2.0800000000e+01 1.0879506769e-01
   endloop
 endfacet
 facet normal  -1.4039866345e-01 5.5695854782e-02 9.8852728190e-01
   outer loop
     vertex 5.9826297629e+00 1.5600000000e+01 1.4341168014e-01
     vertex 6.1991442594e+00 1.5600000000e+01 1.7416282527e-01
     vertex 7.8017281274e+00 2.0800000000e+01 1.0879506769e-01
   endloop
 endfacet
 facet normal  -1.4039866345e-01 5.5695854782e-02 9.8852728190e-01
   outer loop
     vertex 7.8017281274e+00 2.0800000000e+01 1.0879506769e-01
     vertex 6.1991442594e+00 1.5600000000e+01 1.7416282527e-01
     vertex 7.9659805040e+00 2.0800000000e+01 1.3212352262e-01
   endloop
 endfacet
 facet normal  -7.6265379433e-02 3.3969417143e-02 9.9650874085e-01
   outer loop
     vertex 6.1991442594e+00 1.5600000000e+01 1.7416282527e-01
     vertex 6.4855081562e+00 1.5600000000e+01 1.9607899154e-01
     vertex 7.9659805040e+00 2.0800000000e+01 1.3212352262e-01
   endloop
 endfacet
 facet normal  -7.6265379433e-02 3.3969417143e-02 9.9650874085e-01
   outer loop
     vertex 7.9659805040e+00 2.0800000000e+01 1.3212352262e-01
     vertex 6.4855081562e+00 1.5600000000e+01 1.9607899154e-01
     vertex 8.1832220809e+00 2.0800000000e+01 1.4874957979e-01
   endloop
 endfacet
 facet normal  -2.7002626085e-02 1.7912940621e-02 9.9947485448e-01
   outer loop
     vertex 6.4855081562e+00 1.5600000000e+01 1.9607899154e-01
     vertex 6.8434158664e+00 1.5600000000e+01 2.0574851752e-01
     vertex 8.1832220809e+00 2.0800000000e+01 1.4874957979e-01
   endloop
 endfacet
 facet normal  -2.7002626085e-02 1.7912940621e-02 9.9947485448e-01
   outer loop
     vertex 8.1832220809e+00 2.0800000000e+01 1.4874957979e-01
     vertex 6.8434158664e+00 1.5600000000e+01 2.0574851752e-01
     vertex 8.4547382749e+00 2.0800000000e+01 1.5608508226e-01
   endloop
 endfacet
 facet normal  1.1502009480e-02 5.9857335831e-03 9.9991593385e-01
   outer loop
     vertex 6.8434158664e+00 1.5600000000e+01 2.0574851752e-01
     vertex 7.2618626025e+00 1.5600000000e+01 2.0093513455e-01
     vertex 8.4547382749e+00 2.0800000000e+01 1.5608508226e-01
   endloop
 endfacet
 facet normal  1.1502009480e-02 5.9857335831e-03 9.9991593385e-01
   outer loop
     vertex 8.4547382749e+00 2.0800000000e+01 1.5608508226e-01
     vertex 7.2618626025e+00 1.5600000000e+01 2.0093513455e-01
     vertex 8.7721806263e+00 2.0800000000e+01 1.5243355035e-01
   endloop
 endfacet
 facet normal  4.0847978729e-02 -2.5447100404e-03 9.9916213253e-01
   outer loop
     vertex 7.2618626025e+00 1.5600000000e+01 2.0093513455e-01
     vertex 7.7152796592e+00 1.5600000000e+01 1.8239843297e-01
     vertex 8.7721806263e+00 2.0800000000e+01 1.5243355035e-01
   endloop
 endfacet
 facet normal  4.0847978729e-02 -2.5447100404e-03 9.9916213253e-01
   outer loop
     vertex 8.7721806263e+00 2.0800000000e+01 1.5243355035e-01
     vertex 7.7152796592e+00 1.5600000000e+01 1.8239843297e-01
     vertex 9.1161521866e+00 2.0800000000e+01 1.3837122501e-01
   endloop
 endfacet
 facet normal  6.2290016392e-02 -8.3308062204e-03 9.9802332214e-01
   outer loop
     vertex 7.7152796592e+00 1.5600000000e+01 1.8239843297e-01
     vertex 9.4597464498e+00 2.0800000000e+01 1.1692634310e-01
     vertex 9.1161521866e+00 2.0800000000e+01 1.3837122501e-01
   endloop
 endfacet
 facet normal  6.2290016392e-02 -8.3308062204e-03 9.9802332214e-01
   outer loop
     vertex 7.7152796592e+00 1.5600000000e+01 1.8239843297e-01
     vertex 8.1681993698e+00 1.5600000000e+01 1.5413017954e-01
     vertex 9.4597464498e+00 2.0800000000e+01 1.1692634310e-01
   endloop
 endfacet
 facet normal  7.7630934043e-02 -1.2149076697e-02 9.9690813921e-01
   outer loop
     vertex 8.1681993698e+00 1.5600000000e+01 1.5413017954e-01
     vertex 9.7762638467e+00 2.0800000000e+01 9.2278594525e-02
     vertex 9.4597464498e+00 2.0800000000e+01 1.1692634310e-01
   endloop
 endfacet
 facet normal  7.7630934043e-02 -1.2149076697e-02 9.9690813921e-01
   outer loop
     vertex 8.1681993698e+00 1.5600000000e+01 1.5413017954e-01
     vertex 8.5854268476e+00 1.5600000000e+01 1.2163996551e-01
     vertex 9.7762638467e+00 2.0800000000e+01 9.2278594525e-02
   endloop
 endfacet
 facet normal  8.8786379298e-02 -1.4709207832e-02 9.9594207565e-01
   outer loop
     vertex 8.5854268476e+00 1.5600000000e+01 1.2163996551e-01
     vertex 1.0046825331e+01 2.0800000000e+01 6.8158542636e-02
     vertex 9.7762638467e+00 2.0800000000e+01 9.2278594525e-02
   endloop
 endfacet
 facet normal  8.8786379298e-02 -1.4709207832e-02 9.9594207565e-01
   outer loop
     vertex 8.5854268476e+00 1.5600000000e+01 1.2163996551e-01
     vertex 8.9420760765e+00 1.5600000000e+01 8.9845351657e-02
     vertex 1.0046825331e+01 2.0800000000e+01 6.8158542636e-02
   endloop
 endfacet
 facet normal  9.7179913759e-02 -1.6495815467e-02 9.9513011834e-01
   outer loop
     vertex 8.9420760765e+00 1.5600000000e+01 8.9845351657e-02
     vertex 1.0263697524e+01 2.0800000000e+01 4.6979783526e-02
     vertex 1.0046825331e+01 2.0800000000e+01 6.8158542636e-02
   endloop
 endfacet
 facet normal  9.7179913759e-02 -1.6495815467e-02 9.9513011834e-01
   outer loop
     vertex 8.9420760765e+00 1.5600000000e+01 8.9845351657e-02
     vertex 9.2279530588e+00 1.5600000000e+01 6.1927896466e-02
     vertex 1.0263697524e+01 2.0800000000e+01 4.6979783526e-02
   endloop
 endfacet
 facet normal  1.0361751801e-01 -1.7779999237e-02 9.9445828549e-01
   outer loop
     vertex 9.2279530588e+00 1.5600000000e+01 6.1927896466e-02
     vertex 1.0428742737e+01 2.0800000000e+01 2.9782908067e-02
     vertex 1.0263697524e+01 2.0800000000e+01 4.6979783526e-02
   endloop
 endfacet
 facet normal  1.0361751801e-01 -1.7779999237e-02 9.9445828549e-01
   outer loop
     vertex 9.2279530588e+00 1.5600000000e+01 6.1927896466e-02
     vertex 9.4455126572e+00 1.5600000000e+01 3.9259287906e-02
     vertex 1.0428742737e+01 2.0800000000e+01 2.9782908067e-02
   endloop
 endfacet
 facet normal  1.0856986581e-01 -1.8717397026e-02 9.9391259338e-01
   outer loop
     vertex 9.4455126572e+00 1.5600000000e+01 3.9259287906e-02
     vertex 1.0549451848e+01 2.0800000000e+01 1.6597269693e-02
     vertex 1.0428742737e+01 2.0800000000e+01 2.9782908067e-02
   endloop
 endfacet
 facet normal  1.0856986581e-01 -1.8717397026e-02 9.9391259338e-01
   outer loop
     vertex 9.4455126572e+00 1.5600000000e+01 3.9259287906e-02
     vertex 9.6046292132e+00 1.5600000000e+01 2.1878219140e-02
     vertex 1.0549451848e+01 2.0800000000e+01 1.6597269693e-02
   endloop
 endfacet
 facet normal  1.1229285196e-01 -1.9394284542e-02 9.9348587163e-01
   outer loop
     vertex 9.6046292132e+00 1.5600000000e+01 2.1878219140e-02
     vertex 1.0635193116e+01 2.0800000000e+01 6.9060080471e-03
     vertex 1.0549451848e+01 2.0800000000e+01 1.6597269693e-02
   endloop
 endfacet
 facet normal  1.1229285196e-01 -1.9394284542e-02 9.9348587163e-01
   outer loop
     vertex 9.6046292132e+00 1.5600000000e+01 2.1878219140e-02
     vertex 9.7176517938e+00 1.5600000000e+01 9.1033742440e-03
     vertex 1.0635193116e+01 2.0800000000e+01 6.9060080471e-03
   endloop
 endfacet
 facet normal  1.1498816692e-01 -1.9870007827e-02 9.9316811480e-01
   outer loop
     vertex 9.7176517938e+00 1.5600000000e+01 9.1033742440e-03
     vertex 1.0694841228e+01 2.0800000000e+01 0.0000000000e+00
     vertex 1.0635193116e+01 2.0800000000e+01 6.9060080471e-03
   endloop
 endfacet
 facet normal  1.1498816692e-01 -1.9870007827e-02 9.9316811480e-01
   outer loop
     vertex 9.7176517938e+00 1.5600000000e+01 9.1033742440e-03
     vertex 9.7962788498e+00 1.5600000000e+01 0.0000000000e+00
     vertex 1.0694841228e+01 2.0800000000e+01 0.0000000000e+00
   endloop
 endfacet
 facet normal  1.1498816692e-01 -1.9870007827e-02 -9.9316811480e-01
   outer loop
     vertex 1.0694841228e+01 2.0800000000e+01 0.0000000000e+00
     vertex 1.0635193116e+01 2.0800000000e+01 -6.9060080471e-03
     vertex 1.1593403606e+01 2.6000000000e+01 0.0000000000e+00
   endloop
 endfacet
 facet normal  1.1498816692e-01 -1.9870007827e-02 -9.9316811480e-01
   outer loop
     vertex 1.1593403606e+01 2.6000000000e+01 0.0000000000e+00
     vertex 1.0635193116e+01 2.0800000000e+01 -6.9060080471e-03
     vertex 1.1552734439e+01 2.6000000000e+01 -4.7086418503e-03
   endloop
 endfacet
 facet normal  1.1229285196e-01 -1.9394284542e-02 -9.9348587163e-01
   outer loop
     vertex 1.0635193116e+01 2.0800000000e+01 -6.9060080471e-03
     vertex 1.0549451848e+01 2.0800000000e+01 -1.6597269693e-02
     vertex 1.1552734439e+01 2.6000000000e+01 -4.7086418503e-03
   endloop
 endfacet
 facet normal  1.1229285196e-01 -1.9394284542e-02 -9.9348587163e-01
   outer loop
     vertex 1.1552734439e+01 2.6000000000e+01 -4.7086418503e-03
     vertex 1.0549451848e+01 2.0800000000e+01 -1.6597269693e-02
     vertex 1.1494274483e+01 2.6000000000e+01 -1.1316320245e-02
   endloop
 endfacet
 facet normal  1.0856986581e-01 -1.8717397026e-02 -9.9391259338e-01
   outer loop
     vertex 1.0549451848e+01 2.0800000000e+01 -1.6597269693e-02
     vertex 1.0428742737e+01 2.0800000000e+01 -2.9782908067e-02
     vertex 1.1494274483e+01 2.6000000000e+01 -1.1316320245e-02
   endloop
 endfacet
 facet normal  1.0856986581e-01 -1.8717397026e-02 -9.9391259338e-01
   outer loop
     vertex 1.1494274483e+01 2.6000000000e+01 -1.1316320245e-02
     vertex 1.0428742737e+01 2.0800000000e+01 -2.9782908067e-02
     vertex 1.1411972816e+01 2.6000000000e+01 -2.0306528227e-02
   endloop
 endfacet
 facet normal  1.0361751801e-01 -1.7779999237e-02 -9.9445828549e-01
   outer loop
     vertex 1.0428742737e+01 2.0800000000e+01 -2.9782908067e-02
     vertex 1.0263697524e+01 2.0800000000e+01 -4.6979783526e-02
     vertex 1.1411972816e+01 2.6000000000e+01 -2.0306528227e-02
   endloop
 endfacet
 facet normal  1.0361751801e-01 -1.7779999237e-02 -9.9445828549e-01
   outer loop
     vertex 1.1411972816e+01 2.6000000000e+01 -2.0306528227e-02
     vertex 1.0263697524e+01 2.0800000000e+01 -4.6979783526e-02
     vertex 1.1299441990e+01 2.6000000000e+01 -3.2031670586e-02
   endloop
 endfacet
 facet normal  9.7179913759e-02 -1.6495815467e-02 -9.9513011834e-01
   outer loop
     vertex 1.0263697524e+01 2.0800000000e+01 -4.6979783526e-02
     vertex 1.0046825331e+01 2.0800000000e+01 -6.8158542636e-02
     vertex 1.1299441990e+01 2.6000000000e+01 -3.2031670586e-02
   endloop
 endfacet
 facet normal  9.7179913759e-02 -1.6495815467e-02 -9.9513011834e-01
   outer loop
     vertex 1.1299441990e+01 2.6000000000e+01 -3.2031670586e-02
     vertex 1.0046825331e+01 2.0800000000e+01 -6.8158542636e-02
     vertex 1.1151574585e+01 2.6000000000e+01 -4.6471733616e-02
   endloop
 endfacet
 facet normal  8.8786379298e-02 -1.4709207832e-02 -9.9594207565e-01
   outer loop
     vertex 1.0046825331e+01 2.0800000000e+01 -6.8158542636e-02
     vertex 9.7762638467e+00 2.0800000000e+01 -9.2278594525e-02
     vertex 1.1151574585e+01 2.6000000000e+01 -4.6471733616e-02
   endloop
 endfacet
 facet normal  8.8786379298e-02 -1.4709207832e-02 -9.9594207565e-01
   outer loop
     vertex 1.1151574585e+01 2.6000000000e+01 -4.6471733616e-02
     vertex 9.7762638467e+00 2.0800000000e+01 -9.2278594525e-02
     vertex 1.0967100846e+01 2.6000000000e+01 -6.2917223540e-02
   endloop
 endfacet
 facet normal  7.7630934043e-02 -1.2149076697e-02 -9.9690813921e-01
   outer loop
     vertex 9.7762638467e+00 2.0800000000e+01 -9.2278594525e-02
     vertex 9.4597464498e+00 2.0800000000e+01 -1.1692634310e-01
     vertex 1.0967100846e+01 2.6000000000e+01 -6.2917223540e-02
   endloop
 endfacet
 facet normal  7.7630934043e-02 -1.2149076697e-02 -9.9690813921e-01
   outer loop
     vertex 1.0967100846e+01 2.6000000000e+01 -6.2917223540e-02
     vertex 9.4597464498e+00 2.0800000000e+01 -1.1692634310e-01
     vertex 1.0751293530e+01 2.6000000000e+01 -7.9722506657e-02
   endloop
 endfacet
 facet normal  6.2290016392e-02 -8.3308062204e-03 -9.9802332214e-01
   outer loop
     vertex 9.4597464498e+00 2.0800000000e+01 -1.1692634310e-01
     vertex 9.1161521866e+00 2.0800000000e+01 -1.3837122501e-01
     vertex 1.0751293530e+01 2.6000000000e+01 -7.9722506657e-02
   endloop
 endfacet
 facet normal  6.2290016392e-02 -8.3308062204e-03 -9.9802332214e-01
   outer loop
     vertex 1.0751293530e+01 2.6000000000e+01 -7.9722506657e-02
     vertex 9.1161521866e+00 2.0800000000e+01 -1.3837122501e-01
     vertex 1.0517024714e+01 2.6000000000e+01 -9.4344017051e-02
   endloop
 endfacet
 facet normal  4.0847978729e-02 -2.5447100404e-03 -9.9916213253e-01
   outer loop
     vertex 9.1161521866e+00 2.0800000000e+01 -1.3837122501e-01
     vertex 1.0282498650e+01 2.6000000000e+01 -1.0393196615e-01
     vertex 1.0517024714e+01 2.6000000000e+01 -9.4344017051e-02
   endloop
 endfacet
 facet normal  4.0847978729e-02 -2.5447100404e-03 -9.9916213253e-01
   outer loop
     vertex 9.1161521866e+00 2.0800000000e+01 -1.3837122501e-01
     vertex 8.7721806263e+00 2.0800000000e+01 -1.5243355035e-01
     vertex 1.0282498650e+01 2.6000000000e+01 -1.0393196615e-01
   endloop
 endfacet
 facet normal  1.1502009480e-02 5.9857335831e-03 -9.9991593385e-01
   outer loop
     vertex 8.7721806263e+00 2.0800000000e+01 -1.5243355035e-01
     vertex 1.0066060683e+01 2.6000000000e+01 -1.0642164699e-01
     vertex 1.0282498650e+01 2.6000000000e+01 -1.0393196615e-01
   endloop
 endfacet
 facet normal  1.1502009480e-02 5.9857335831e-03 -9.9991593385e-01
   outer loop
     vertex 8.7721806263e+00 2.0800000000e+01 -1.5243355035e-01
     vertex 8.4547382749e+00 2.0800000000e+01 -1.5608508226e-01
     vertex 1.0066060683e+01 2.6000000000e+01 -1.0642164699e-01
   endloop
 endfacet
 facet normal  -2.7002626085e-02 1.7912940621e-02 -9.9947485448e-01
   outer loop
     vertex 8.4547382749e+00 2.0800000000e+01 -1.5608508226e-01
     vertex 9.8809360056e+00 2.6000000000e+01 -1.0142016804e-01
     vertex 1.0066060683e+01 2.6000000000e+01 -1.0642164699e-01
   endloop
 endfacet
 facet normal  -2.7002626085e-02 1.7912940621e-02 -9.9947485448e-01
   outer loop
     vertex 8.4547382749e+00 2.0800000000e+01 -1.5608508226e-01
     vertex 8.1832220809e+00 2.0800000000e+01 -1.4874957979e-01
     vertex 9.8809360056e+00 2.6000000000e+01 -1.0142016804e-01
   endloop
 endfacet
 facet normal  -7.6265379433e-02 3.3969417143e-02 -9.9650874085e-01
   outer loop
     vertex 8.1832220809e+00 2.0800000000e+01 -1.4874957979e-01
     vertex 9.7328167486e+00 2.6000000000e+01 -9.0084219969e-02
     vertex 9.8809360056e+00 2.6000000000e+01 -1.0142016804e-01
   endloop
 endfacet
 facet normal  -7.6265379433e-02 3.3969417143e-02 -9.9650874085e-01
   outer loop
     vertex 8.1832220809e+00 2.0800000000e+01 -1.4874957979e-01
     vertex 7.9659805040e+00 2.0800000000e+01 -1.3212352262e-01
     vertex 9.7328167486e+00 2.6000000000e+01 -9.0084219969e-02
   endloop
 endfacet
 facet normal  -1.4039866345e-01 5.5695854782e-02 -9.8852728190e-01
   outer loop
     vertex 7.9659805040e+00 2.0800000000e+01 -1.3212352262e-01
     vertex 9.6208264918e+00 2.6000000000e+01 -7.4178455242e-02
     vertex 9.7328167486e+00 2.6000000000e+01 -9.0084219969e-02
   endloop
 endfacet
 facet normal  -1.4039866345e-01 5.5695854782e-02 -9.8852728190e-01
   outer loop
     vertex 7.9659805040e+00 2.0800000000e+01 -1.3212352262e-01
     vertex 7.8017281274e+00 2.0800000000e+01 -1.0879506769e-01
     vertex 9.6208264918e+00 2.6000000000e+01 -7.4178455242e-02
   endloop
 endfacet
 facet normal  -2.3197751288e-01 8.7601038367e-02 -9.6876854387e-01
   outer loop
     vertex 7.8017281274e+00 2.0800000000e+01 -1.0879506769e-01
     vertex 9.5403574759e+00 2.6000000000e+01 -5.4909660548e-02
     vertex 9.6208264918e+00 2.6000000000e+01 -7.4178455242e-02
   endloop
 endfacet
 facet normal  -2.3197751288e-01 8.7601038367e-02 -9.6876854387e-01
   outer loop
     vertex 7.8017281274e+00 2.0800000000e+01 -1.0879506769e-01
     vertex 7.6837069040e+00 2.0800000000e+01 -8.0534168804e-02
     vertex 9.5403574759e+00 2.6000000000e+01 -5.4909660548e-02
   endloop
 endfacet
 facet normal  -3.9257485099e-01 1.4464392631e-01 -9.0827480475e-01
   outer loop
     vertex 7.6837069040e+00 2.0800000000e+01 -8.0534168804e-02
     vertex 9.4865018845e+00 2.6000000000e+01 -3.1632178184e-02
     vertex 9.5403574759e+00 2.6000000000e+01 -5.4909660548e-02
   endloop
 endfacet
 facet normal  -3.9257485099e-01 1.4464392631e-01 -9.0827480475e-01
   outer loop
     vertex 7.6837069040e+00 2.0800000000e+01 -8.0534168804e-02
     vertex 7.6047187034e+00 2.0800000000e+01 -4.6393861337e-02
     vertex 9.4865018845e+00 2.6000000000e+01 -3.1632178184e-02
   endloop
 endfacet
 facet normal  -7.7291780451e-01 2.8131907438e-01 -5.6873336974e-01
   outer loop
     vertex 7.6047187034e+00 2.0800000000e+01 -4.6393861337e-02
     vertex 9.4632260909e+00 2.6000000000e+01 0.0000000000e+00
     vertex 9.4865018845e+00 2.6000000000e+01 -3.1632178184e-02
   endloop
 endfacet
 facet normal  -7.7291780451e-01 2.8131907438e-01 -5.6873336974e-01
   outer loop
     vertex 7.6047187034e+00 2.0800000000e+01 -4.6393861337e-02
     vertex 7.5705808727e+00 2.0800000000e+01 0.0000000000e+00
     vertex 9.4632260909e+00 2.6000000000e+01 0.0000000000e+00
   endloop
 endfacet
 facet normal  -7.7291780451e-01 2.8131907438e-01 5.6873336974e-01
   outer loop
     vertex 7.5705808727e+00 2.0800000000e+01 0.0000000000e+00
     vertex 7.6047187034e+00 2.0800000000e+01 4.6393861337e-02
     vertex 9.4632260909e+00 2.6000000000e+01 0.0000000000e+00
   endloop
 endfacet
 facet normal  -7.7291780451e-01 2.8131907438e-01 5.6873336974e-01
   outer loop
     vertex 9.4632260909e+00 2.6000000000e+01 0.0000000000e+00
     vertex 7.6047187034e+00 2.0800000000e+01 4.6393861337e-02
     vertex 9.4865018845e+00 2.6000000000e+01 3.1632178184e-02
   endloop
 endfacet
 facet normal  -3.9257485099e-01 1.4464392631e-01 9.0827480475e-01
   outer loop
     vertex 7.6047187034e+00 2.0800000000e+01 4.6393861337e-02
     vertex 7.6837069040e+00 2.0800000000e+01 8.0534168804e-02
     vertex 9.4865018845e+00 2.6000000000e+01 3.1632178184e-02
   endloop
 endfacet
 facet normal  -3.9257485099e-01 1.4464392631e-01 9.0827480475e-01
   outer loop
     vertex 9.4865018845e+00 2.6000000000e+01 3.1632178184e-02
     vertex 7.6837069040e+00 2.0800000000e+01 8.0534168804e-02
     vertex 9.5403574759e+00 2.6000000000e+01 5.4909660548e-02
   endloop
 endfacet
 facet normal  -2.3197751288e-01 8.7601038367e-02 9.6876854387e-01
   outer loop
     vertex 7.6837069040e+00 2.0800000000e+01 8.0534168804e-02
     vertex 7.8017281274e+00 2.0800000000e+01 1.0879506769e-01
     vertex 9.5403574759e+00 2.6000000000e+01 5.4909660548e-02
   endloop
 endfacet
 facet normal  -2.3197751288e-01 8.7601038367e-02 9.6876854387e-01
   outer loop
     vertex 9.5403574759e+00 2.6000000000e+01 5.4909660548e-02
     vertex 7.8017281274e+00 2.0800000000e+01 1.0879506769e-01
     vertex 9.6208264918e+00 2.6000000000e+01 7.4178455242e-02
   endloop
 endfacet
 facet normal  -1.4039866345e-01 5.5695854782e-02 9.8852728190e-01
   outer loop
     vertex 7.8017281274e+00 2.0800000000e+01 1.0879506769e-01
     vertex 7.9659805040e+00 2.0800000000e+01 1.3212352262e-01
     vertex 9.6208264918e+00 2.6000000000e+01 7.4178455242e-02
   endloop
 endfacet
 facet normal  -1.4039866345e-01 5.5695854782e-02 9.8852728190e-01
   outer loop
     vertex 9.6208264918e+00 2.6000000000e+01 7.4178455242e-02
     vertex 7.9659805040e+00 2.0800000000e+01 1.3212352262e-01
     vertex 9.7328167486e+00 2.6000000000e+01 9.0084219969e-02
   endloop
 endfacet
 facet normal  -7.6265379433e-02 3.3969417143e-02 9.9650874085e-01
   outer loop
     vertex 7.9659805040e+00 2.0800000000e+01 1.3212352262e-01
     vertex 8.1832220809e+00 2.0800000000e+01 1.4874957979e-01
     vertex 9.7328167486e+00 2.6000000000e+01 9.0084219969e-02
   endloop
 endfacet
 facet normal  -7.6265379433e-02 3.3969417143e-02 9.9650874085e-01
   outer loop
     vertex 9.7328167486e+00 2.6000000000e+01 9.0084219969e-02
     vertex 8.1832220809e+00 2.0800000000e+01 1.4874957979e-01
     vertex 9.8809360056e+00 2.6000000000e+01 1.0142016804e-01
   endloop
 endfacet
 facet normal  -2.7002626085e-02 1.7912940621e-02 9.9947485448e-01
   outer loop
     vertex 8.1832220809e+00 2.0800000000e+01 1.4874957979e-01
     vertex 8.4547382749e+00 2.0800000000e+01 1.5608508226e-01
     vertex 9.8809360056e+00 2.6000000000e+01 1.0142016804e-01
   endloop
 endfacet
 facet normal  -2.7002626085e-02 1.7912940621e-02 9.9947485448e-01
   outer loop
     vertex 9.8809360056e+00 2.6000000000e+01 1.0142016804e-01
     vertex 8.4547382749e+00 2.0800000000e+01 1.5608508226e-01
     vertex 1.0066060683e+01 2.6000000000e+01 1.0642164699e-01
   endloop
 endfacet
 facet normal  1.1502009480e-02 5.9857335831e-03 9.9991593385e-01
   outer loop
     vertex 8.4547382749e+00 2.0800000000e+01 1.5608508226e-01
     vertex 8.7721806263e+00 2.0800000000e+01 1.5243355035e-01
     vertex 1.0066060683e+01 2.6000000000e+01 1.0642164699e-01
   endloop
 endfacet
 facet normal  1.1502009480e-02 5.9857335831e-03 9.9991593385e-01
   outer loop
     vertex 1.0066060683e+01 2.6000000000e+01 1.0642164699e-01
     vertex 8.7721806263e+00 2.0800000000e+01 1.5243355035e-01
     vertex 1.0282498650e+01 2.6000000000e+01 1.0393196615e-01
   endloop
 endfacet
 facet normal  4.0847978729e-02 -2.5447100404e-03 9.9916213253e-01
   outer loop
     vertex 8.7721806263e+00 2.0800000000e+01 1.5243355035e-01
     vertex 9.1161521866e+00 2.0800000000e+01 1.3837122501e-01
     vertex 1.0282498650e+01 2.6000000000e+01 1.0393196615e-01
   endloop
 endfacet
 facet normal  4.0847978729e-02 -2.5447100404e-03 9.9916213253e-01
   outer loop
     vertex 1.0282498650e+01 2.6000000000e+01 1.0393196615e-01
     vertex 9.1161521866e+00 2.0800000000e+01 1.3837122501e-01
     vertex 1.0517024714e+01 2.6000000000e+01 9.4344017051e-02
   endloop
 endfacet
 facet normal  6.2290016392e-02 -8.3308062204e-03 9.9802332214e-01
   outer loop
     vertex 9.1161521866e+00 2.0800000000e+01 1.3837122501e-01
     vertex 1.0751293530e+01 2.6000000000e+01 7.9722506657e-02
     vertex 1.0517024714e+01 2.6000000000e+01 9.4344017051e-02
   endloop
 endfacet
 facet normal  6.2290016392e-02 -8.3308062204e-03 9.9802332214e-01
   outer loop
     vertex 9.1161521866e+00 2.0800000000e+01 1.3837122501e-01
     vertex 9.4597464498e+00 2.0800000000e+01 1.1692634310e-01
     vertex 1.0751293530e+01 2.6000000000e+01 7.9722506657e-02
   endloop
 endfacet
 facet normal  7.7630934043e-02 -1.2149076697e-02 9.9690813921e-01
   outer loop
     vertex 9.4597464498e+00 2.0800000000e+01 1.1692634310e-01
     vertex 1.0967100846e+01 2.6000000000e+01 6.2917223540e-02
     vertex 1.0751293530e+01 2.6000000000e+01 7.9722506657e-02
   endloop
 endfacet
 facet normal  7.7630934043e-02 -1.2149076697e-02 9.9690813921e-01
   outer loop
     vertex 9.4597464498e+00 2.0800000000e+01 1.1692634310e-01
     vertex 9.7762638467e+00 2.0800000000e+01 9.2278594525e-02
     vertex 1.0967100846e+01 2.6000000000e+01 6.2917223540e-02
   endloop
 endfacet
 facet normal  8.8786379298e-02 -1.4709207832e-02 9.9594207565e-01
   outer loop
     vertex 9.7762638467e+00 2.0800000000e+01 9.2278594525e-02
     vertex 1.1151574585e+01 2.6000000000e+01 4.6471733616e-02
     vertex 1.0967100846e+01 2.6000000000e+01 6.2917223540e-02
   endloop
 endfacet
 facet normal  8.8786379298e-02 -1.4709207832e-02 9.9594207565e-01
   outer loop
     vertex 9.7762638467e+00 2.0800000000e+01 9.2278594525e-02
     vertex 1.0046825331e+01 2.0800000000e+01 6.8158542636e-02
     vertex 1.1151574585e+01 2.6000000000e+01 4.6471733616e-02
   endloop
 endfacet
 facet normal  9.7179913759e-02 -1.6495815467e-02 9.9513011834e-01
   outer loop
     vertex 1.0046825331e+01 2.0800000000e+01 6.8158542636e-02
     vertex 1.1299441990e+01 2.6000000000e+01 3.2031670586e-02
     vertex 1.1151574585e+01 2.6000000000e+01 4.6471733616e-02
   endloop
 endfacet
 facet normal  9.7179913759e-02 -1.6495815467e-02 9.9513011834e-01
   outer loop
     vertex 1.0046825331e+01 2.0800000000e+01 6.8158542636e-02
     vertex 1.0263697524e+01 2.0800000000e+01 4.6979783526e-02
     vertex 1.1299441990e+01 2.6000000000e+01 3.2031670586e-02
   endloop
 endfacet
 facet normal  1.0361751801e-01 -1.7779999237e-02 9.9445828549e-01
   outer loop
     vertex 1.0263697524e+01 2.0800000000e+01 4.6979783526e-02
     vertex 1.1411972816e+01 2.6000000000e+01 2.0306528227e-02
     vertex 1.1299441990e+01 2.6000000000e+01 3.2031670586e-02
   endloop
 endfacet
 facet normal  1.0361751801e-01 -1.7779999237e-02 9.9445828549e-01
   outer loop
     vertex 1.0263697524e+01 2.0800000000e+01 4.6979783526e-02
     vertex 1.0428742737e+01 2.0800000000e+01 2.9782908067e-02
     vertex 1.1411972816e+01 2.6000000000e+01 2.0306528227e-02
   endloop
 endfacet
 facet normal  1.0856986581e-01 -1.8717397026e-02 9.9391259338e-01
   outer loop
     vertex 1.0428742737e+01 2.0800000000e+01 2.9782908067e-02
     vertex 1.1494274483e+01 2.6000000000e+01 1.1316320245e-02
     vertex 1.1411972816e+01 2.6000000000e+01 2.0306528227e-02
   endloop
 endfacet
 facet normal  1.0856986581e-01 -1.8717397026e-02 9.9391259338e-01
   outer loop
     vertex 1.0428742737e+01 2.0800000000e+01 2.9782908067e-02
     vertex 1.0549451848e+01 2.0800000000e+01 1.6597269693e-02
     vertex 1.1494274483e+01 2.6000000000e+01 1.1316320245e-02
   endloop
 endfacet
 facet normal  1.1229285196e-01 -1.9394284542e-02 9.9348587163e-01
   outer loop
     vertex 1.0549451848e+01 2.0800000000e+01 1.6597269693e-02
     vertex 1.1552734439e+01 2.6000000000e+01 4.7086418503e-03
     vertex 1.1494274483e+01 2.6000000000e+01 1.1316320245e-02
   endloop
 endfacet
 facet normal  1.1229285196e-01 -1.9394284542e-02 9.9348587163e-01
   outer loop
     vertex 1.0549451848e+01 2.0800000000e+01 1.6597269693e-02
     vertex 1.0635193116e+01 2.0800000000e+01 6.9060080471e-03
     vertex 1.1552734439e+01 2.6000000000e+01 4.7086418503e-03
   endloop
 endfacet
 facet normal  1.1498816692e-01 -1.9870007827e-02 9.9316811480e-01
   outer loop
     vertex 1.0635193116e+01 2.0800000000e+01 6.9060080471e-03
     vertex 1.1593403606e+01 2.6000000000e+01 0.0000000000e+00
     vertex 1.1552734439e+01 2.6000000000e+01 4.7086418503e-03
   endloop
 endfacet
 facet normal  1.1498816692e-01 -1.9870007827e-02 9.9316811480e-01
   outer loop
     vertex 1.0635193116e+01 2.0800000000e+01 6.9060080471e-03
     vertex 1.0694841228e+01 2.0800000000e+01 0.0000000000e+00
     vertex 1.1593403606e+01 2.6000000000e+01 0.0000000000e+00
   endloop
 endfacet
 facet normal  0.0000000000e+00 1.0000000000e+00 0.0000000000e+00
   outer loop
     vertex 1.1593403606e+01 2.6000000000e+01 0.0000000000e+00
     vertex 1.1552734439e+01 2.6000000000e+01 -4.7086418503e-03
     vertex 1.1552734439e+01 2.6000000000e+01 -2.3543209252e-03
   endloop
 endfacet
 facet normal  0.0000000000e+00 1.0000000000e+00 0.0000000000e+00
   outer loop
     vertex 1.1552734439e+01 2.6000000000e+01 -4.7086418503e-03
     vertex 1.1494274483e+01 2.6000000000e+01 -5.6581601225e-03
     vertex 1.1552734439e+01 2.6000000000e+01 -2.3543209252e-03
   endloop
 endfacet
 facet normal  0.0000000000e+00 1.0000000000e+00 0.0000000000e+00
   outer loop
     vertex 1.1552734439e+01 2.6000000000e+01 -4.7086418503e-03
     vertex 1.1494274483e+01 2.6000000000e+01 -1.1316320245e-02
     vertex 1.1494274483e+01 2.6000000000e+01 -5.6581601225e-03
   endloop
 endfacet
 facet normal  -0.0000000000e+00 1.0000000000e+00 0.0000000000e+00
   outer loop
     vertex 1.1494274483e+01 2.6000000000e+01 -1.1316320245e-02
     vertex 1.1411972816e+01 2.6000000000e+01 -1.0153264114e-02
     vertex 1.1494274483e+01 2.6000000000e+01 -5.6581601225e-03
   endloop
 endfacet
 facet normal  0.0000000000e+00 1.0000000000e+00 0.0000000000e+00
   outer loop
     vertex 1.1494274483e+01 2.6000000000e+01 -1.1316320245e-02
     vertex 1.1411972816e+01 2.6000000000e+01 -2.0306528227e-02
     vertex 1.1411972816e+01 2.6000000000e+01 -1.0153264114e-02
   endloop
 endfacet
 facet normal  -0.0000000000e+00 1.0000000000e+00 0.0000000000e+00
   outer loop
     vertex 1.1411972816e+01 2.6000000000e+01 -2.0306528227e-02
     vertex 1.1299441990e+01 2.6000000000e+01 -1.6015835293e-02
     vertex 1.1411972816e+01 2.6000000000e+01 -1.0153264114e-02
   endloop
 endfacet
 facet normal  0.0000000000e+00 1.0000000000e+00 0.0000000000e+00
   outer loop
     vertex 1.1411972816e+01 2.6000000000e+01 -2.0306528227e-02
     vertex 1.1299441990e+01 2.6000000000e+01 -3.2031670586e-02
     vertex 1.1299441990e+01 2.6000000000e+01 -1.6015835293e-02
   endloop
 endfacet
 facet normal  -0.0000000000e+00 1.0000000000e+00 0.0000000000e+00
   outer loop
     vertex 1.1299441990e+01 2.6000000000e+01 -3.2031670586e-02
     vertex 1.1151574585e+01 2.6000000000e+01 -2.3235866808e-02
     vertex 1.1299441990e+01 2.6000000000e+01 -1.6015835293e-02
   endloop
 endfacet
 facet normal  0.0000000000e+00 1.0000000000e+00 0.0000000000e+00
   outer loop
     vertex 1.1299441990e+01 2.6000000000e+01 -3.2031670586e-02
     vertex 1.1151574585e+01 2.6000000000e+01 -4.6471733616e-02
     vertex 1.1151574585e+01 2.6000000000e+01 -2.3235866808e-02
   endloop
 endfacet
 facet normal  -0.0000000000e+00 1.0000000000e+00 0.0000000000e+00
   outer loop
     vertex 1.1151574585e+01 2.6000000000e+01 -4.6471733616e-02
     vertex 1.0967100846e+01 2.6000000000e+01 -3.1458611770e-02
     vertex 1.1151574585e+01 2.6000000000e+01 -2.3235866808e-02
   endloop
 endfacet
 facet normal  0.0000000000e+00 1.0000000000e+00 0.0000000000e+00
   outer loop
     vertex 1.1151574585e+01 2.6000000000e+01 -4.6471733616e-02
     vertex 1.0967100846e+01 2.6000000000e+01 -6.2917223540e-02
     vertex 1.0967100846e+01 2.6000000000e+01 -3.1458611770e-02
   endloop
 endfacet
 facet normal  -0.0000000000e+00 1.0000000000e+00 0.0000000000e+00
   outer loop
     vertex 1.0967100846e+01 2.6000000000e+01 -6.2917223540e-02
     vertex 1.0751293530e+01 2.6000000000e+01 -3.9861253328e-02
     vertex 1.0967100846e+01 2.6000000000e+01 -3.1458611770e-02
   endloop
 endfacet
 facet normal  0.0000000000e+00 1.0000000000e+00 -0.0000000000e+00
   outer loop
     vertex 1.0967100846e+01 2.6000000000e+01 -6.2917223540e-02
     vertex 1.0751293530e+01 2.6000000000e+01 -7.9722506657e-02
     vertex 1.0751293530e+01 2.6000000000e+01 -3.9861253328e-02
   endloop
 endfacet
 facet normal  -0.0000000000e+00 1.0000000000e+00 0.0000000000e+00
   outer loop
     vertex 1.0751293530e+01 2.6000000000e+01 -7.9722506657e-02
     vertex 1.0517024714e+01 2.6000000000e+01 -4.7172008526e-02
     vertex 1.0751293530e+01 2.6000000000e+01 -3.9861253328e-02
   endloop
 endfacet
 facet normal  0.0000000000e+00 1.0000000000e+00 0.0000000000e+00
   outer loop
     vertex 1.0751293530e+01 2.6000000000e+01 -7.9722506657e-02
     vertex 1.0517024714e+01 2.6000000000e+01 -9.4344017051e-02
     vertex 1.0517024714e+01 2.6000000000e+01 -4.7172008526e-02
   endloop
 endfacet
 facet normal  0.0000000000e+00 1.0000000000e+00 0.0000000000e+00
   outer loop
     vertex 1.0517024714e+01 2.6000000000e+01 -9.4344017051e-02
     vertex 1.0282498650e+01 2.6000000000e+01 -1.0393196615e-01
     vertex 1.0517024714e+01 2.6000000000e+01 -4.7172008526e-02
   endloop
 endfacet
 facet normal  0.0000000000e+00 1.0000000000e+00 0.0000000000e+00
   outer loop
     vertex 1.0517024714e+01 2.6000000000e+01 -4.7172008526e-02
     vertex 1.0282498650e+01 2.6000000000e+01 -1.0393196615e-01
     vertex 1.0282498650e+01 2.6000000000e+01 -5.1965983074e-02
   endloop
 endfacet
 facet normal  0.0000000000e+00 1.0000000000e+00 0.0000000000e+00
   outer loop
     vertex 1.0282498650e+01 2.6000000000e+01 -1.0393196615e-01
     vertex 1.0066060683e+01 2.6000000000e+01 -1.0642164699e-01
     vertex 1.0282498650e+01 2.6000000000e+01 -5.1965983074e-02
   endloop
 endfacet
 facet normal  0.0000000000e+00 1.0000000000e+00 0.0000000000e+00
   outer loop
     vertex 1.0282498650e+01 2.6000000000e+01 -5.1965983074e-02
     vertex 1.0066060683e+01 2.6000000000e+01 -1.0642164699e-01
     vertex 1.0066060683e+01 2.6000000000e+01 -5.3210823497e-02
   endloop
 endfacet
 facet normal  -0.0000000000e+00 1.0000000000e+00 0.0000000000e+00
   outer loop
     vertex 1.0066060683e+01 2.6000000000e+01 -1.0642164699e-01
     vertex 9.8809360056e+00 2.6000000000e+01 -1.0142016804e-01
     vertex 1.0066060683e+01 2.6000000000e+01 -5.3210823497e-02
   endloop
 endfacet
 facet normal  0.0000000000e+00 1.0000000000e+00 0.0000000000e+00
   outer loop
     vertex 1.0066060683e+01 2.6000000000e+01 -5.3210823497e-02
     vertex 9.8809360056e+00 2.6000000000e+01 -1.0142016804e-01
     vertex 9.8809360056e+00 2.6000000000e+01 -5.0710084019e-02
   endloop
 endfacet
 facet normal  -0.0000000000e+00 1.0000000000e+00 0.0000000000e+00
   outer loop
     vertex 9.8809360056e+00 2.6000000000e+01 -1.0142016804e-01
     vertex 9.7328167486e+00 2.6000000000e+01 -9.0084219969e-02
     vertex 9.8809360056e+00 2.6000000000e+01 -5.0710084019e-02
   endloop
 endfacet
 facet normal  0.0000000000e+00 1.0000000000e+00 0.0000000000e+00
   outer loop
     vertex 9.8809360056e+00 2.6000000000e+01 -5.0710084019e-02
     vertex 9.7328167486e+00 2.6000000000e+01 -9.0084219969e-02
     vertex 9.7328167486e+00 2.6000000000e+01 -4.5042109985e-02
   endloop
 endfacet
 facet normal  -0.0000000000e+00 1.0000000000e+00 0.0000000000e+00
   outer loop
     vertex 9.7328167486e+00 2.6000000000e+01 -9.0084219969e-02
     vertex 9.6208264918e+00 2.6000000000e+01 -7.4178455242e-02
     vertex 9.7328167486e+00 2.6000000000e+01 -4.5042109985e-02
   endloop
 endfacet
 facet normal  0.0000000000e+00 1.0000000000e+00 0.0000000000e+00
   outer loop
     vertex 9.7328167486e+00 2.6000000000e+01 -4.5042109985e-02
     vertex 9.6208264918e+00 2.6000000000e+01 -7.4178455242e-02
     vertex 9.6208264918e+00 2.6000000000e+01 -3.7089227621e-02
   endloop
 endfacet
 facet normal  -0.0000000000e+00 1.0000000000e+00 0.0000000000e+00
   outer loop
     vertex 9.6208264918e+00 2.6000000000e+01 -7.4178455242e-02
     vertex 9.5403574759e+00 2.6000000000e+01 -5.4909660548e-02
     vertex 9.6208264918e+00 2.6000000000e+01 -3.7089227621e-02
   endloop
 endfacet
 facet normal  0.0000000000e+00 1.0000000000e+00 0.0000000000e+00
   outer loop
     vertex 9.6208264918e+00 2.6000000000e+01 -3.7089227621e-02
     vertex 9.5403574759e+00 2.6000000000e+01 -5.4909660548e-02
     vertex 9.5403574759e+00 2.6000000000e+01 -2.7454830274e-02
   endloop
 endfacet
 facet normal  -0.0000000000e+00 1.0000000000e+00 0.0000000000e+00
   outer loop
     vertex 9.5403574759e+00 2.6000000000e+01 -5.4909660548e-02
     vertex 9.4865018845e+00 2.6000000000e+01 -3.1632178184e-02
     vertex 9.5403574759e+00 2.6000000000e+01 -2.7454830274e-02
   endloop
 endfacet
 facet normal  0.0000000000e+00 1.0000000000e+00 0.0000000000e+00
   outer loop
     vertex 9.5403574759e+00 2.6000000000e+01 -2.7454830274e-02
     vertex 9.4865018845e+00 2.6000000000e+01 -3.1632178184e-02
     vertex 9.4865018845e+00 2.6000000000e+01 -1.5816089092e-02
   endloop
 endfacet
 facet normal  0.0000000000e+00 1.0000000000e+00 0.0000000000e+00
   outer loop
     vertex 9.4865018845e+00 2.6000000000e+01 -3.1632178184e-02
     vertex 9.4632260909e+00 2.6000000000e+01 0.0000000000e+00
     vertex 9.4865018845e+00 2.6000000000e+01 -1.5816089092e-02
   endloop
 endfacet
 facet normal  0.0000000000e+00 1.0000000000e+00 0.0000000000e+00
   outer loop
     vertex 9.4632260909e+00 2.6000000000e+01 0.0000000000e+00
     vertex 9.4865018845e+00 2.6000000000e+01 3.1632178184e-02
     vertex 9.4865018845e+00 2.6000000000e+01 1.5816089092e-02
   endloop
 endfacet
 facet normal  0.0000000000e+00 1.0000000000e+00 0.0000000000e+00
   outer loop
     vertex 9.4865018845e+00 2.6000000000e+01 3.1632178184e-02
     vertex 9.5403574759e+00 2.6000000000e+01 2.7454830274e-02
     vertex 9.4865018845e+00 2.6000000000e+01 1.5816089092e-02
   endloop
 endfacet
 facet normal  0.0000000000e+00 1.0000000000e+00 0.0000000000e+00
   outer loop
     vertex 9.4865018845e+00 2.6000000000e+01 3.1632178184e-02
     vertex 9.5403574759e+00 2.6000000000e+01 5.4909660548e-02
     vertex 9.5403574759e+00 2.6000000000e+01 2.7454830274e-02
   endloop
 endfacet
 facet normal  0.0000000000e+00 1.0000000000e+00 0.0000000000e+00
   outer loop
     vertex 9.5403574759e+00 2.6000000000e+01 5.4909660548e-02
     vertex 9.6208264918e+00 2.6000000000e+01 3.7089227621e-02
     vertex 9.5403574759e+00 2.6000000000e+01 2.7454830274e-02
   endloop
 endfacet
 facet normal  0.0000000000e+00 1.0000000000e+00 0.0000000000e+00
   outer loop
     vertex 9.5403574759e+00 2.6000000000e+01 5.4909660548e-02
     vertex 9.6208264918e+00 2.6000000000e+01 7.4178455242e-02
     vertex 9.6208264918e+00 2.6000000000e+01 3.7089227621e-02
   endloop
 endfacet
 facet normal  0.0000000000e+00 1.0000000000e+00 0.0000000000e+00
   outer loop
     vertex 9.6208264918e+00 2.6000000000e+01 7.4178455242e-02
     vertex 9.7328167486e+00 2.6000000000e+01 4.5042109985e-02
     vertex 9.6208264918e+00 2.6000000000e+01 3.7089227621e-02
   endloop
 endfacet
 facet normal  0.0000000000e+00 1.0000000000e+00 0.0000000000e+00
   outer loop
     vertex 9.6208264918e+00 2.6000000000e+01 7.4178455242e-02
     vertex 9.7328167486e+00 2.6000000000e+01 9.0084219969e-02
     vertex 9.7328167486e+00 2.6000000000e+01 4.5042109985e-02
   endloop
 endfacet
 facet normal  0.0000000000e+00 1.0000000000e+00 0.0000000000e+00
   outer loop
     vertex 9.7328167486e+00 2.6000000000e+01 9.0084219969e-02
     vertex 9.8809360056e+00 2.6000000000e+01 5.0710084019e-02
     vertex 9.7328167486e+00 2.6000000000e+01 4.5042109985e-02
   endloop
 endfacet
 facet normal  0.0000000000e+00 1.0000000000e+00 0.0000000000e+00
   outer loop
     vertex 9.7328167486e+00 2.6000000000e+01 9.0084219969e-02
     vertex 9.8809360056e+00 2.6000000000e+01 1.0142016804e-01
     vertex 9.8809360056e+00 2.6000000000e+01 5.0710084019e-02
   endloop
 endfacet
 facet normal  0.0000000000e+00 1.0000000000e+00 0.0000000000e+00
   outer loop
     vertex 9.8809360056e+00 2.6000000000e+01 1.0142016804e-01
     vertex 1.0066060683e+01 2.6000000000e+01 5.3210823497e-02
     vertex 9.8809360056e+00 2.6000000000e+01 5.0710084019e-02
   endloop
 endfacet
 facet normal  0.0000000000e+00 1.0000000000e+00 0.0000000000e+00
   outer loop
     vertex 9.8809360056e+00 2.6000000000e+01 1.0142016804e-01
     vertex 1.0066060683e+01 2.6000000000e+01 1.0642164699e-01
     vertex 1.0066060683e+01 2.6000000000e+01 5.3210823497e-02
   endloop
 endfacet
 facet normal  0.0000000000e+00 1.0000000000e+00 0.0000000000e+00
   outer loop
     vertex 1.0066060683e+01 2.6000000000e+01 1.0642164699e-01
     vertex 1.0282498650e+01 2.6000000000e+01 5.1965983074e-02
     vertex 1.0066060683e+01 2.6000000000e+01 5.3210823497e-02
   endloop
 endfacet
 facet normal  0.0000000000e+00 1.0000000000e+00 0.0000000000e+00
   outer loop
     vertex 1.0066060683e+01 2.6000000000e+01 1.0642164699e-01
     vertex 1.0282498650e+01 2.6000000000e+01 1.0393196615e-01
     vertex 1.0282498650e+01 2.6000000000e+01 5.1965983074e-02
   endloop
 endfacet
 facet normal  0.0000000000e+00 1.0000000000e+00 0.0000000000e+00
   outer loop
     vertex 1.0282498650e+01 2.6000000000e+01 1.0393196615e-01
     vertex 1.0517024714e+01 2.6000000000e+01 4.7172008526e-02
     vertex 1.0282498650e+01 2.6000000000e+01 5.1965983074e-02
   endloop
 endfacet
 facet normal  0.0000000000e+00 1.0000000000e+00 0.0000000000e+00
   outer loop
     vertex 1.0282498650e+01 2.6000000000e+01 1.0393196615e-01
     vertex 1.0517024714e+01 2.6000000000e+01 9.4344017051e-02
     vertex 1.0517024714e+01 2.6000000000e+01 4.7172008526e-02
   endloop
 endfacet
 facet normal  0.0000000000e+00 1.0000000000e+00 0.0000000000e+00
   outer loop
     vertex 1.0517024714e+01 2.6000000000e+01 9.4344017051e-02
     vertex 1.0751293530e+01 2.6000000000e+01 7.9722506657e-02
     vertex 1.0517024714e+01 2.6000000000e+01 4.7172008526e-02
   endloop
 endfacet
 facet normal  0.0000000000e+00 1.0000000000e+00 0.0000000000e+00
   outer loop
     vertex 1.0517024714e+01 2.6000000000e+01 4.7172008526e-02
     vertex 1.0751293530e+01 2.6000000000e+01 7.9722506657e-02
     vertex 1.0751293530e+01 2.6000000000e+01 3.9861253328e-02
   endloop
 endfacet
 facet normal  0.0000000000e+00 1.0000000000e+00 0.0000000000e+00
   outer loop
     vertex 1.0751293530e+01 2.6000000000e+01 7.9722506657e-02
     vertex 1.0967100846e+01 2.6000000000e+01 6.2917223540e-02
     vertex 1.0751293530e+01 2.6000000000e+01 3.9861253328e-02
   endloop
 endfacet
 facet normal  0.0000000000e+00 1.0000000000e+00 0.0000000000e+00
   outer loop
     vertex 1.0751293530e+01 2.6000000000e+01 3.9861253328e-02
     vertex 1.0967100846e+01 2.6000000000e+01 6.2917223540e-02
     vertex 1.0967100846e+01 2.6000000000e+01 3.1458611770e-02
   endloop
 endfacet
 facet normal  0.0000000000e+00 1.0000000000e+00 0.0000000000e+00
   outer loop
     vertex 1.0967100846e+01 2.6000000000e+01 6.2917223540e-02
     vertex 1.1151574585e+01 2.6000000000e+01 4.6471733616e-02
     vertex 1.0967100846e+01 2.6000000000e+01 3.1458611770e-02
   endloop
 endfacet
 facet normal  0.0000000000e+00 1.0000000000e+00 0.0000000000e+00
   outer loop
     vertex 1.0967100846e+01 2.6000000000e+01 3.1458611770e-02
     vertex 1.1151574585e+01 2.6000000000e+01 4.6471733616e-02
     vertex 1.1151574585e+01 2.6000000000e+01 2.3235866808e-02
   endloop
 endfacet
 facet normal  0.0000000000e+00 1.0000000000e+00 0.0000000000e+00
   outer loop
     vertex 1.1151574585e+01 2.6000000000e+01 4.6471733616e-02
     vertex 1.1299441990e+01 2.6000000000e+01 3.2031670586e-02
     vertex 1.1151574585e+01 2.6000000000e+01 2.3235866808e-02
   endloop
 endfacet
 facet normal  0.0000000000e+00 1.0000000000e+00 0.0000000000e+00
   outer loop
     vertex 1.1151574585e+01 2.6000000000e+01 2.3235866808e-02
     vertex 1.1299441990e+01 2.6000000000e+01 3.2031670586e-02
     vertex 1.1299441990e+01 2.6000000000e+01 1.6015835293e-02
   endloop
 endfacet
 facet normal  0.0000000000e+00 1.0000000000e+00 0.0000000000e+00
   outer loop
     vertex 1.1299441990e+01 2.6000000000e+01 3.2031670586e-02
     vertex 1.1411972816e+01 2.6000000000e+01 2.0306528227e-02
     vertex 1.1299441990e+01 2.6000000000e+01 1.6015835293e-02
   endloop
 endfacet
 facet normal  0.0000000000e+00 1.0000000000e+00 0.0000000000e+00
   outer loop
     vertex 1.1299441990e+01 2.6000000000e+01 1.6015835293e-02
     vertex 1.1411972816e+01 2.6000000000e+01 2.0306528227e-02
     vertex 1.1411972816e+01 2.6000000000e+01 1.0153264114e-02
   endloop
 endfacet
 facet normal  0.0000000000e+00 1.0000000000e+00 0.0000000000e+00
   outer loop
     vertex 1.1411972816e+01 2.6000000000e+01 2.0306528227e-02
     vertex 1.1494274483e+01 2.6000000000e+01 1.1316320245e-02
     vertex 1.1411972816e+01 2.6000000000e+01 1.0153264114e-02
   endloop
 endfacet
 facet normal  0.0000000000e+00 1.0000000000e+00 0.0000000000e+00
   outer loop
     vertex 1.1411972816e+01 2.6000000000e+01 1.0153264114e-02
     vertex 1.1494274483e+01 2.6000000000e+01 1.1316320245e-02
     vertex 1.1494274483e+01 2.6000000000e+01 5.6581601225e-03
   endloop
 endfacet
 facet normal  0.0000000000e+00 1.0000000000e+00 0.0000000000e+00
   outer loop
     vertex 1.1494274483e+01 2.6000000000e+01 1.1316320245e-02
     vertex 1.1552734439e+01 2.6000000000e+01 4.7086418503e-03
     vertex 1.1494274483e+01 2.6000000000e+01 5.6581601225e-03
   endloop
 endfacet
 facet normal  0.0000000000e+00 1.0000000000e+00 0.0000000000e+00
   outer loop
     vertex 1.1494274483e+01 2.6000000000e+01 5.6581601225e-03
     vertex 1.1552734439e+01 2.6000000000e+01 4.7086418503e-03
     vertex 1.1552734439e+01 2.6000000000e+01 2.3543209252e-03
   endloop
 endfacet
 facet normal  0.0000000000e+00 1.0000000000e+00 0.0000000000e+00
   outer loop
     vertex 1.1552734439e+01 2.6000000000e+01 4.7086418503e-03
     vertex 1.1593403606e+01 2.6000000000e+01 0.0000000000e+00
     vertex 1.1552734439e+01 2.6000000000e+01 2.3543209252e-03
   endloop
 endfacet
 facet normal  0.0000000000e+00 1.0000000000e+00 0.0000000000e+00
   outer loop
     vertex 1.1593403606e+01 2.6000000000e+01 0.0000000000e+00
     vertex 1.1552734439e+01 2.6000000000e+01 -2.3543209252e-03
     vertex 1.1552734439e+01 2.6000000000e+01 -3.2436180642e-16
   endloop
 endfacet
 facet normal  -0.0000000000e+00 1.0000000000e+00 0.0000000000e+00
   outer loop
     vertex 1.1552734439e+01 2.6000000000e+01 -2.3543209252e-03
     vertex 1.1494274483e+01 2.6000000000e+01 -4.2045735452e-16
     vertex 1.1552734439e+01 2.6000000000e+01 -3.2436180642e-16
   endloop
 endfacet
 facet normal  0.0000000000e+00 1.0000000000e+00 0.0000000000e+00
   outer loop
     vertex 1.1552734439e+01 2.6000000000e+01 -2.3543209252e-03
     vertex 1.1494274483e+01 2.6000000000e+01 -5.6581601225e-03
     vertex 1.1494274483e+01 2.6000000000e+01 -4.2045735452e-16
   endloop
 endfacet
 facet normal  0.0000000000e+00 1.0000000000e+00 0.0000000000e+00
   outer loop
     vertex 1.1494274483e+01 2.6000000000e+01 -5.6581601225e-03
     vertex 1.1411972816e+01 2.6000000000e+01 -1.5703484848e-16
     vertex 1.1494274483e+01 2.6000000000e+01 -4.2045735452e-16
   endloop
 endfacet
 facet normal  0.0000000000e+00 1.0000000000e+00 0.0000000000e+00
   outer loop
     vertex 1.1494274483e+01 2.6000000000e+01 -5.6581601225e-03
     vertex 1.1411972816e+01 2.6000000000e+01 -1.0153264114e-02
     vertex 1.1411972816e+01 2.6000000000e+01 -1.5703484848e-16
   endloop
 endfacet
 facet normal  0.0000000000e+00 1.0000000000e+00 0.0000000000e+00
   outer loop
     vertex 1.1411972816e+01 2.6000000000e+01 -1.0153264114e-02
     vertex 1.1299441990e+01 2.6000000000e+01 8.5043890627e-17
     vertex 1.1411972816e+01 2.6000000000e+01 -1.5703484848e-16
   endloop
 endfacet
 facet normal  0.0000000000e+00 1.0000000000e+00 0.0000000000e+00
   outer loop
     vertex 1.1411972816e+01 2.6000000000e+01 -1.0153264114e-02
     vertex 1.1299441990e+01 2.6000000000e+01 -1.6015835293e-02
     vertex 1.1299441990e+01 2.6000000000e+01 8.5043890627e-17
   endloop
 endfacet
 facet normal  -0.0000000000e+00 1.0000000000e+00 0.0000000000e+00
   outer loop
     vertex 1.1299441990e+01 2.6000000000e+01 -1.6015835293e-02
     vertex 1.1151574585e+01 2.6000000000e+01 5.5774615543e-17
     vertex 1.1299441990e+01 2.6000000000e+01 8.5043890627e-17
   endloop
 endfacet
 facet normal  0.0000000000e+00 1.0000000000e+00 0.0000000000e+00
   outer loop
     vertex 1.1299441990e+01 2.6000000000e+01 -1.6015835293e-02
     vertex 1.1151574585e+01 2.6000000000e+01 -2.3235866808e-02
     vertex 1.1151574585e+01 2.6000000000e+01 5.5774615543e-17
   endloop
 endfacet
 facet normal  -0.0000000000e+00 1.0000000000e+00 0.0000000000e+00
   outer loop
     vertex 1.1151574585e+01 2.6000000000e+01 -2.3235866808e-02
     vertex 1.0967100846e+01 2.6000000000e+01 3.8805805324e-17
     vertex 1.1151574585e+01 2.6000000000e+01 5.5774615543e-17
   endloop
 endfacet
 facet normal  0.0000000000e+00 1.0000000000e+00 0.0000000000e+00
   outer loop
     vertex 1.1151574585e+01 2.6000000000e+01 -2.3235866808e-02
     vertex 1.0967100846e+01 2.6000000000e+01 -3.1458611770e-02
     vertex 1.0967100846e+01 2.6000000000e+01 3.8805805324e-17
   endloop
 endfacet
 facet normal  0.0000000000e+00 1.0000000000e+00 0.0000000000e+00
   outer loop
     vertex 1.0967100846e+01 2.6000000000e+01 -3.1458611770e-02
     vertex 1.0751293530e+01 2.6000000000e+01 4.3086792238e-17
     vertex 1.0967100846e+01 2.6000000000e+01 3.8805805324e-17
   endloop
 endfacet
 facet normal  0.0000000000e+00 1.0000000000e+00 -0.0000000000e+00
   outer loop
     vertex 1.0967100846e+01 2.6000000000e+01 -3.1458611770e-02
     vertex 1.0751293530e+01 2.6000000000e+01 -3.9861253328e-02
     vertex 1.0751293530e+01 2.6000000000e+01 4.3086792238e-17
   endloop
 endfacet
 facet normal  -0.0000000000e+00 1.0000000000e+00 0.0000000000e+00
   outer loop
     vertex 1.0751293530e+01 2.6000000000e+01 -3.9861253328e-02
     vertex 1.0517024714e+01 2.6000000000e+01 1.3877787808e-17
     vertex 1.0751293530e+01 2.6000000000e+01 4.3086792238e-17
   endloop
 endfacet
 facet normal  0.0000000000e+00 1.0000000000e+00 0.0000000000e+00
   outer loop
     vertex 1.0751293530e+01 2.6000000000e+01 -3.9861253328e-02
     vertex 1.0517024714e+01 2.6000000000e+01 -4.7172008526e-02
     vertex 1.0517024714e+01 2.6000000000e+01 1.3877787808e-17
   endloop
 endfacet
 facet normal  0.0000000000e+00 1.0000000000e+00 0.0000000000e+00
   outer loop
     vertex 1.0517024714e+01 2.6000000000e+01 -4.7172008526e-02
     vertex 1.0282498650e+01 2.6000000000e+01 -5.1965983074e-02
     vertex 1.0517024714e+01 2.6000000000e+01 1.3877787808e-17
   endloop
 endfacet
 facet normal  0.0000000000e+00 1.0000000000e+00 0.0000000000e+00
   outer loop
     vertex 1.0517024714e+01 2.6000000000e+01 1.3877787808e-17
     vertex 1.0282498650e+01 2.6000000000e+01 -5.1965983074e-02
     vertex 1.0282498650e+01 2.6000000000e+01 -1.2130350811e-17
   endloop
 endfacet
 facet normal  0.0000000000e+00 1.0000000000e+00 0.0000000000e+00
   outer loop
     vertex 1.0282498650e+01 2.6000000000e+01 -5.1965983074e-02
     vertex 1.0066060683e+01 2.6000000000e+01 -5.3210823497e-02
     vertex 1.0282498650e+01 2.6000000000e+01 -1.2130350811e-17
   endloop
 endfacet
 facet normal  0.0000000000e+00 1.0000000000e+00 0.0000000000e+00
   outer loop
     vertex 1.0282498650e+01 2.6000000000e+01 -1.2130350811e-17
     vertex 1.0066060683e+01 2.6000000000e+01 -5.3210823497e-02
     vertex 1.0066060683e+01 2.6000000000e+01 -3.1241378172e-18
   endloop
 endfacet
 facet normal  -0.0000000000e+00 1.0000000000e+00 0.0000000000e+00
   outer loop
     vertex 1.0066060683e+01 2.6000000000e+01 -5.3210823497e-02
     vertex 9.8809360056e+00 2.6000000000e+01 -5.0710084019e-02
     vertex 1.0066060683e+01 2.6000000000e+01 -3.1241378172e-18
   endloop
 endfacet
 facet normal  0.0000000000e+00 1.0000000000e+00 0.0000000000e+00
   outer loop
     vertex 1.0066060683e+01 2.6000000000e+01 -3.1241378172e-18
     vertex 9.8809360056e+00 2.6000000000e+01 -5.0710084019e-02
     vertex 9.8809360056e+00 2.6000000000e+01 -4.5874944966e-18
   endloop
 endfacet
 facet normal  -0.0000000000e+00 1.0000000000e+00 0.0000000000e+00
   outer loop
     vertex 9.8809360056e+00 2.6000000000e+01 -5.0710084019e-02
     vertex 9.7328167486e+00 2.6000000000e+01 -4.5042109985e-02
     vertex 9.8809360056e+00 2.6000000000e+01 -4.5874944966e-18
   endloop
 endfacet
 facet normal  0.0000000000e+00 1.0000000000e+00 0.0000000000e+00
   outer loop
     vertex 9.8809360056e+00 2.6000000000e+01 -4.5874944966e-18
     vertex 9.7328167486e+00 2.6000000000e+01 -4.5042109985e-02
     vertex 9.7328167486e+00 2.6000000000e+01 2.5477441415e-17
   endloop
 endfacet
 facet normal  -0.0000000000e+00 1.0000000000e+00 0.0000000000e+00
   outer loop
     vertex 9.7328167486e+00 2.6000000000e+01 -4.5042109985e-02
     vertex 9.6208264918e+00 2.6000000000e+01 -3.7089227621e-02
     vertex 9.7328167486e+00 2.6000000000e+01 2.5477441415e-17
   endloop
 endfacet
 facet normal  0.0000000000e+00 1.0000000000e+00 0.0000000000e+00
   outer loop
     vertex 9.7328167486e+00 2.6000000000e+01 2.5477441415e-17
     vertex 9.6208264918e+00 2.6000000000e+01 -3.7089227621e-02
     vertex 9.6208264918e+00 2.6000000000e+01 -3.2242147923e-17
   endloop
 endfacet
 facet normal  -0.0000000000e+00 1.0000000000e+00 0.0000000000e+00
   outer loop
     vertex 9.6208264918e+00 2.6000000000e+01 -3.7089227621e-02
     vertex 9.5403574759e+00 2.6000000000e+01 -2.7454830274e-02
     vertex 9.6208264918e+00 2.6000000000e+01 -3.2242147923e-17
   endloop
 endfacet
 facet normal  0.0000000000e+00 1.0000000000e+00 0.0000000000e+00
   outer loop
     vertex 9.6208264918e+00 2.6000000000e+01 -3.2242147923e-17
     vertex 9.5403574759e+00 2.6000000000e+01 -2.7454830274e-02
     vertex 9.5403574759e+00 2.6000000000e+01 7.5485520758e-18
   endloop
 endfacet
 facet normal  -0.0000000000e+00 1.0000000000e+00 0.0000000000e+00
   outer loop
     vertex 9.5403574759e+00 2.6000000000e+01 -2.7454830274e-02
     vertex 9.4865018845e+00 2.6000000000e+01 -1.5816089092e-02
     vertex 9.5403574759e+00 2.6000000000e+01 7.5485520758e-18
   endloop
 endfacet
 facet normal  0.0000000000e+00 1.0000000000e+00 0.0000000000e+00
   outer loop
     vertex 9.5403574759e+00 2.6000000000e+01 7.5485520758e-18
     vertex 9.4865018845e+00 2.6000000000e+01 -1.5816089092e-02
     vertex 9.4865018845e+00 2.6000000000e+01 -1.5501175060e-16
   endloop
 endfacet
 facet normal  0.0000000000e+00 1.0000000000e+00 0.0000000000e+00
   outer loop
     vertex 9.4865018845e+00 2.6000000000e+01 -1.5816089092e-02
     vertex 9.4632260909e+00 2.6000000000e+01 0.0000000000e+00
     vertex 9.4865018845e+00 2.6000000000e+01 -1.5501175060e-16
   endloop
 endfacet
 facet normal  0.0000000000e+00 1.0000000000e+00 0.0000000000e+00
   outer loop
     vertex 9.4632260909e+00 2.6000000000e+01 0.0000000000e+00
     vertex 9.4865018845e+00 2.6000000000e+01 1.5816089092e-02
     vertex 9.4865018845e+00 2.6000000000e+01 -1.5501175060e-16
   endloop
 endfacet
 facet normal  0.0000000000e+00 1.0000000000e+00 0.0000000000e+00
   outer loop
     vertex 9.4865018845e+00 2.6000000000e+01 1.5816089092e-02
     vertex 9.5403574759e+00 2.6000000000e+01 7.5485520758e-18
     vertex 9.4865018845e+00 2.6000000000e+01 -1.5501175060e-16
   endloop
 endfacet
 facet normal  0.0000000000e+00 1.0000000000e+00 0.0000000000e+00
   outer loop
     vertex 9.4865018845e+00 2.6000000000e+01 1.5816089092e-02
     vertex 9.5403574759e+00 2.6000000000e+01 2.7454830274e-02
     vertex 9.5403574759e+00 2.6000000000e+01 7.5485520758e-18
   endloop
 endfacet
 facet normal  0.0000000000e+00 1.0000000000e+00 0.0000000000e+00
   outer loop
     vertex 9.5403574759e+00 2.6000000000e+01 2.7454830274e-02
     vertex 9.6208264918e+00 2.6000000000e+01 -3.2242147923e-17
     vertex 9.5403574759e+00 2.6000000000e+01 7.5485520758e-18
   endloop
 endfacet
 facet normal  0.0000000000e+00 1.0000000000e+00 0.0000000000e+00
   outer loop
     vertex 9.5403574759e+00 2.6000000000e+01 2.7454830274e-02
     vertex 9.6208264918e+00 2.6000000000e+01 3.7089227621e-02
     vertex 9.6208264918e+00 2.6000000000e+01 -3.2242147923e-17
   endloop
 endfacet
 facet normal  0.0000000000e+00 1.0000000000e+00 0.0000000000e+00
   outer loop
     vertex 9.6208264918e+00 2.6000000000e+01 3.7089227621e-02
     vertex 9.7328167486e+00 2.6000000000e+01 2.5477441415e-17
     vertex 9.6208264918e+00 2.6000000000e+01 -3.2242147923e-17
   endloop
 endfacet
 facet normal  0.0000000000e+00 1.0000000000e+00 0.0000000000e+00
   outer loop
     vertex 9.6208264918e+00 2.6000000000e+01 3.7089227621e-02
     vertex 9.7328167486e+00 2.6000000000e+01 4.5042109985e-02
     vertex 9.7328167486e+00 2.6000000000e+01 2.5477441415e-17
   endloop
 endfacet
 facet normal  0.0000000000e+00 1.0000000000e+00 0.0000000000e+00
   outer loop
     vertex 9.7328167486e+00 2.6000000000e+01 4.5042109985e-02
     vertex 9.8809360056e+00 2.6000000000e+01 -4.5874944966e-18
     vertex 9.7328167486e+00 2.6000000000e+01 2.5477441415e-17
   endloop
 endfacet
 facet normal  0.0000000000e+00 1.0000000000e+00 0.0000000000e+00
   outer loop
     vertex 9.7328167486e+00 2.6000000000e+01 4.5042109985e-02
     vertex 9.8809360056e+00 2.6000000000e+01 5.0710084019e-02
     vertex 9.8809360056e+00 2.6000000000e+01 -4.5874944966e-18
   endloop
 endfacet
 facet normal  0.0000000000e+00 1.0000000000e+00 0.0000000000e+00
   outer loop
     vertex 9.8809360056e+00 2.6000000000e+01 5.0710084019e-02
     vertex 1.0066060683e+01 2.6000000000e+01 -3.1241378172e-18
     vertex 9.8809360056e+00 2.6000000000e+01 -4.5874944966e-18
   endloop
 endfacet
 facet normal  0.0000000000e+00 1.0000000000e+00 0.0000000000e+00
   outer loop
     vertex 9.8809360056e+00 2.6000000000e+01 5.0710084019e-02
     vertex 1.0066060683e+01 2.6000000000e+01 5.3210823497e-02
     vertex 1.0066060683e+01 2.6000000000e+01 -3.1241378172e-18
   endloop
 endfacet
 facet normal  0.0000000000e+00 1.0000000000e+00 0.0000000000e+00
   outer loop
     vertex 1.0066060683e+01 2.6000000000e+01 5.3210823497e-02
     vertex 1.0282498650e+01 2.6000000000e+01 -1.2130350811e-17
     vertex 1.0066060683e+01 2.6000000000e+01 -3.1241378172e-18
   endloop
 endfacet
 facet normal  0.0000000000e+00 1.0000000000e+00 0.0000000000e+00
   outer loop
     vertex 1.0066060683e+01 2.6000000000e+01 5.3210823497e-02
     vertex 1.0282498650e+01 2.6000000000e+01 5.1965983074e-02
     vertex 1.0282498650e+01 2.6000000000e+01 -1.2130350811e-17
   endloop
 endfacet
 facet normal  0.0000000000e+00 1.0000000000e+00 0.0000000000e+00
   outer loop
     vertex 1.0282498650e+01 2.6000000000e+01 5.1965983074e-02
     vertex 1.0517024714e+01 2.6000000000e+01 1.3877787808e-17
     vertex 1.0282498650e+01 2.6000000000e+01 -1.2130350811e-17
   endloop
 endfacet
 facet normal  0.0000000000e+00 1.0000000000e+00 0.0000000000e+00
   outer loop
     vertex 1.0282498650e+01 2.6000000000e+01 5.1965983074e-02
     vertex 1.0517024714e+01 2.6000000000e+01 4.7172008526e-02
     vertex 1.0517024714e+01 2.6000000000e+01 1.3877787808e-17
   endloop
 endfacet
 facet normal  0.0000000000e+00 1.0000000000e+00 0.0000000000e+00
   outer loop
     vertex 1.0517024714e+01 2.6000000000e+01 4.7172008526e-02
     vertex 1.0751293530e+01 2.6000000000e+01 3.9861253328e-02
     vertex 1.0517024714e+01 2.6000000000e+01 1.3877787808e-17
   endloop
 endfacet
 facet normal  0.0000000000e+00 1.0000000000e+00 0.0000000000e+00
   outer loop
     vertex 1.0517024714e+01 2.6000000000e+01 1.3877787808e-17
     vertex 1.0751293530e+01 2.6000000000e+01 3.9861253328e-02
     vertex 1.0751293530e+01 2.6000000000e+01 4.3086792238e-17
   endloop
 endfacet
 facet normal  0.0000000000e+00 1.0000000000e+00 0.0000000000e+00
   outer loop
     vertex 1.0751293530e+01 2.6000000000e+01 3.9861253328e-02
     vertex 1.0967100846e+01 2.6000000000e+01 3.1458611770e-02
     vertex 1.0751293530e+01 2.6000000000e+01 4.3086792238e-17
   endloop
 endfacet
 facet normal  0.0000000000e+00 1.0000000000e+00 0.0000000000e+00
   outer loop
     vertex 1.0751293530e+01 2.6000000000e+01 4.3086792238e-17
     vertex 1.0967100846e+01 2.6000000000e+01 3.1458611770e-02
     vertex 1.0967100846e+01 2.6000000000e+01 3.8805805324e-17
   endloop
 endfacet
 facet normal  0.0000000000e+00 1.0000000000e+00 0.0000000000e+00
   outer loop
     vertex 1.0967100846e+01 2.6000000000e+01 3.1458611770e-02
     vertex 1.1151574585e+01 2.6000000000e+01 2.3235866808e-02
     vertex 1.0967100846e+01 2.6000000000e+01 3.8805805324e-17
   endloop
 endfacet
 facet normal  0.0000000000e+00 1.0000000000e+00 0.0000000000e+00
   outer loop
     vertex 1.0967100846e+01 2.6000000000e+01 3.8805805324e-17
     vertex 1.1151574585e+01 2.6000000000e+01 2.3235866808e-02
     vertex 1.1151574585e+01 2.6000000000e+01 5.5774615543e-17
   endloop
 endfacet
 facet normal  0.0000000000e+00 1.0000000000e+00 0.0000000000e+00
   outer loop
     vertex 1.1151574585e+01 2.6000000000e+01 2.3235866808e-02
     vertex 1.1299441990e+01 2.6000000000e+01 1.6015835293e-02
     vertex 1.1151574585e+01 2.6000000000e+01 5.5774615543e-17
   endloop
 endfacet
 facet normal  0.0000000000e+00 1.0000000000e+00 0.0000000000e+00
   outer loop
     vertex 1.1151574585e+01 2.6000000000e+01 5.5774615543e-17
     vertex 1.1299441990e+01 2.6000000000e+01 1.6015835293e-02
     vertex 1.1299441990e+01 2.6000000000e+01 8.5043890627e-17
   endloop
 endfacet
 facet normal  0.0000000000e+00 1.0000000000e+00 0.0000000000e+00
   outer loop
     vertex 1.1299441990e+01 2.6000000000e+01 1.6015835293e-02
     vertex 1.1411972816e+01 2.6000000000e+01 1.0153264114e-02
     vertex 1.1299441990e+01 2.6000000000e+01 8.5043890627e-17
   endloop
 endfacet
 facet normal  0.0000000000e+00 1.0000000000e+00 0.0000000000e+00
   outer loop
     vertex 1.1299441990e+01 2.6000000000e+01 8.5043890627e-17
     vertex 1.1411972816e+01 2.6000000000e+01 1.0153264114e-02
     vertex 1.1411972816e+01 2.6000000000e+01 -1.5703484848e-16
   endloop
 endfacet
 facet normal  0.0000000000e+00 1.0000000000e+00 0.0000000000e+00
   outer loop
     vertex 1.1411972816e+01 2.6000000000e+01 1.0153264114e-02
     vertex 1.1494274483e+01 2.6000000000e+01 5.6581601225e-03
     vertex 1.1411972816e+01 2.6000000000e+01 -1.5703484848e-16
   endloop
 endfacet
 facet normal  0.0000000000e+00 1.0000000000e+00 0.0000000000e+00
   outer loop
     vertex 1.1411972816e+01 2.6000000000e+01 -1.5703484848e-16
     vertex 1.1494274483e+01 2.6000000000e+01 5.6581601225e-03
     vertex 1.1494274483e+01 2.6000000000e+01 -4.2045735452e-16
   endloop
 endfacet
 facet normal  0.0000000000e+00 1.0000000000e+00 0.0000000000e+00
   outer loop
     vertex 1.1494274483e+01 2.6000000000e+01 5.6581601225e-03
     vertex 1.1552734439e+01 2.6000000000e+01 2.3543209252e-03
     vertex 1.1494274483e+01 2.6000000000e+01 -4.2045735452e-16
   endloop
 endfacet
 facet normal  0.0000000000e+00 1.0000000000e+00 0.0000000000e+00
   outer loop
     vertex 1.1494274483e+01 2.6000000000e+01 -4.2045735452e-16
     vertex 1.1552734439e+01 2.6000000000e+01 2.3543209252e-03
     vertex 1.1552734439e+01 2.6000000000e+01 -3.2436180642e-16
   endloop
 endfacet
 facet normal  0.0000000000e+00 1.0000000000e+00 0.0000000000e+00
   outer loop
     vertex 1.1552734439e+01 2.6000000000e+01 2.3543209252e-03
     vertex 1.1593403606e+01 2.6000000000e+01 0.0000000000e+00
     vertex 1.1552734439e+01 2.6000000000e+01 -3.2436180642e-16
   endloop
 endfacet
 facet normal  1.1498816692e-01 1.9870007827e-02 -9.9316811480e-01
   outer loop
     vertex 7.1005917160e+00 0.0000000000e+00 0.0000000000e+00
     vertex 7.9991540939e+00 -5.2000000000e+00 0.0000000000e+00
     vertex 6.9650278264e+00 0.0000000000e+00 -1.5695472834e-02
   endloop
 endfacet
 facet normal  1.1498816692e-01 1.9870007827e-02 -9.9316811480e-01
   outer loop
     vertex 7.9991540939e+00 -5.2000000000e+00 0.0000000000e+00
     vertex 7.8825691489e+00 -5.2000000000e+00 -1.3498106638e-02
     vertex 6.9650278264e+00 0.0000000000e+00 -1.5695472834e-02
   endloop
 endfacet
 facet normal  1.1229285196e-01 1.9394284542e-02 -9.9348587163e-01
   outer loop
     vertex 6.9650278264e+00 0.0000000000e+00 -1.5695472834e-02
     vertex 7.8825691489e+00 -5.2000000000e+00 -1.3498106638e-02
     vertex 6.7701613080e+00 0.0000000000e+00 -3.7721067483e-02
   endloop
 endfacet
 facet normal  1.1229285196e-01 1.9394284542e-02 -9.9348587163e-01
   outer loop
     vertex 7.8825691489e+00 -5.2000000000e+00 -1.3498106638e-02
     vertex 7.7149839431e+00 -5.2000000000e+00 -3.2440118036e-02
     vertex 6.7701613080e+00 0.0000000000e+00 -3.7721067483e-02
   endloop
 endfacet
 facet normal  1.0856986581e-01 1.8717397026e-02 -9.9391259338e-01
   outer loop
     vertex 6.7701613080e+00 0.0000000000e+00 -3.7721067483e-02
     vertex 7.7149839431e+00 -5.2000000000e+00 -3.2440118036e-02
     vertex 6.4958224183e+00 0.0000000000e+00 -6.7688427425e-02
   endloop
 endfacet
 facet normal  1.0856986581e-01 1.8717397026e-02 -9.9391259338e-01
   outer loop
     vertex 7.7149839431e+00 -5.2000000000e+00 -3.2440118036e-02
     vertex 7.4790524980e+00 -5.2000000000e+00 -5.8212047585e-02
     vertex 6.4958224183e+00 0.0000000000e+00 -6.7688427425e-02
   endloop
 endfacet
 facet normal  1.0361751801e-01 1.7779999237e-02 -9.9445828549e-01
   outer loop
     vertex 6.4958224183e+00 0.0000000000e+00 -6.7688427425e-02
     vertex 7.4790524980e+00 -5.2000000000e+00 -5.8212047585e-02
     vertex 6.1207196625e+00 0.0000000000e+00 -1.0677223529e-01
   endloop
 endfacet
 facet normal  1.0361751801e-01 1.7779999237e-02 -9.9445828549e-01
   outer loop
     vertex 7.4790524980e+00 -5.2000000000e+00 -5.8212047585e-02
     vertex 7.1564641280e+00 -5.2000000000e+00 -9.1824122345e-02
     vertex 6.1207196625e+00 0.0000000000e+00 -1.0677223529e-01
   endloop
 endfacet
 facet normal  9.7179913759e-02 1.6495815467e-02 -9.9513011834e-01
   outer loop
     vertex 6.1207196625e+00 0.0000000000e+00 -1.0677223529e-01
     vertex 7.1564641280e+00 -5.2000000000e+00 -9.1824122345e-02
     vertex 5.6278283137e+00 0.0000000000e+00 -1.5490577872e-01
   endloop
 endfacet
 facet normal  9.7179913759e-02 1.6495815467e-02 -9.9513011834e-01
   outer loop
     vertex 7.1564641280e+00 -5.2000000000e+00 -9.1824122345e-02
     vertex 6.7325775679e+00 -5.2000000000e+00 -1.3321896970e-01
     vertex 5.6278283137e+00 0.0000000000e+00 -1.5490577872e-01
   endloop
 endfacet
 facet normal  8.8786379298e-02 1.4709207832e-02 -9.9594207565e-01
   outer loop
     vertex 5.6278283137e+00 0.0000000000e+00 -1.5490577872e-01
     vertex 6.7325775679e+00 -5.2000000000e+00 -1.3321896970e-01
     vertex 5.0129158500e+00 0.0000000000e+00 -2.0972407847e-01
   endloop
 endfacet
 facet normal  8.8786379298e-02 1.4709207832e-02 -9.9594207565e-01
   outer loop
     vertex 6.7325775679e+00 -5.2000000000e+00 -1.3321896970e-01
     vertex 6.2037528492e+00 -5.2000000000e+00 -1.8036270748e-01
     vertex 5.0129158500e+00 0.0000000000e+00 -2.0972407847e-01
   endloop
 endfacet
 facet normal  7.7630934043e-02 1.2149076697e-02 -9.9690813921e-01
   outer loop
     vertex 5.0129158500e+00 0.0000000000e+00 -2.0972407847e-01
     vertex 6.2037528492e+00 -5.2000000000e+00 -1.8036270748e-01
     vertex 4.2935581297e+00 0.0000000000e+00 -2.6574168886e-01
   endloop
 endfacet
 facet normal  7.7630934043e-02 1.2149076697e-02 -9.9690813921e-01
   outer loop
     vertex 6.2037528492e+00 -5.2000000000e+00 -1.8036270748e-01
     vertex 5.5851052097e+00 -5.2000000000e+00 -2.2853785242e-01
     vertex 4.2935581297e+00 0.0000000000e+00 -2.6574168886e-01
   endloop
 endfacet
 facet normal  6.2290016392e-02 8.3308062204e-03 -9.9802332214e-01
   outer loop
     vertex 4.2935581297e+00 0.0000000000e+00 -2.6574168886e-01
     vertex 5.5851052097e+00 -5.2000000000e+00 -2.2853785242e-01
     vertex 3.5126620769e+00 0.0000000000e+00 -3.1448005684e-01
   endloop
 endfacet
 facet normal  6.2290016392e-02 8.3308062204e-03 -9.9802332214e-01
   outer loop
     vertex 5.5851052097e+00 -5.2000000000e+00 -2.2853785242e-01
     vertex 4.9135346044e+00 -5.2000000000e+00 -2.7045284888e-01
     vertex 3.5126620769e+00 0.0000000000e+00 -3.1448005684e-01
   endloop
 endfacet
 facet normal  4.0847978729e-02 2.5447100404e-03 -9.9916213253e-01
   outer loop
     vertex 3.5126620769e+00 0.0000000000e+00 -3.1448005684e-01
     vertex 4.9135346044e+00 -5.2000000000e+00 -2.7045284888e-01
     vertex 4.2412265548e+00 -5.2000000000e+00 -2.9793830296e-01
   endloop
 endfacet
 facet normal  4.0847978729e-02 2.5447100404e-03 -9.9916213253e-01
   outer loop
     vertex 3.5126620769e+00 0.0000000000e+00 -3.1448005684e-01
     vertex 4.2412265548e+00 -5.2000000000e+00 -2.9793830296e-01
     vertex 2.7309085309e+00 0.0000000000e+00 -3.4643988716e-01
   endloop
 endfacet
 facet normal  1.1502009480e-02 -5.9857335831e-03 -9.9991593385e-01
   outer loop
     vertex 2.7309085309e+00 0.0000000000e+00 -3.4643988716e-01
     vertex 4.2412265548e+00 -5.2000000000e+00 -2.9793830296e-01
     vertex 3.6207710496e+00 -5.2000000000e+00 -3.0507538805e-01
   endloop
 endfacet
 facet normal  1.1502009480e-02 -5.9857335831e-03 -9.9991593385e-01
   outer loop
     vertex 2.7309085309e+00 0.0000000000e+00 -3.4643988716e-01
     vertex 3.6207710496e+00 -5.2000000000e+00 -3.0507538805e-01
     vertex 2.0094486412e+00 0.0000000000e+00 -3.5473882331e-01
   endloop
 endfacet
 facet normal  -2.7002626085e-02 -1.7912940621e-02 -9.9947485448e-01
   outer loop
     vertex 2.0094486412e+00 0.0000000000e+00 -3.5473882331e-01
     vertex 3.6207710496e+00 -5.2000000000e+00 -3.0507538805e-01
     vertex 3.0900803069e+00 -5.2000000000e+00 -2.9073781504e-01
   endloop
 endfacet
 facet normal  -2.7002626085e-02 -1.7912940621e-02 -9.9947485448e-01
   outer loop
     vertex 2.0094486412e+00 0.0000000000e+00 -3.5473882331e-01
     vertex 3.0900803069e+00 -5.2000000000e+00 -2.9073781504e-01
     vertex 1.3923663822e+00 0.0000000000e+00 -3.3806722679e-01
   endloop
 endfacet
 facet normal  -7.6265379433e-02 -3.3969417143e-02 -9.9650874085e-01
   outer loop
     vertex 1.3923663822e+00 0.0000000000e+00 -3.3806722679e-01
     vertex 3.0900803069e+00 -5.2000000000e+00 -2.9073781504e-01
     vertex 2.6654717701e+00 -5.2000000000e+00 -2.5824143058e-01
   endloop
 endfacet
 facet normal  -7.6265379433e-02 -3.3969417143e-02 -9.9650874085e-01
   outer loop
     vertex 1.3923663822e+00 0.0000000000e+00 -3.3806722679e-01
     vertex 2.6654717701e+00 -5.2000000000e+00 -2.5824143058e-01
     vertex 8.9863552554e-01 0.0000000000e+00 -3.0028073323e-01
   endloop
 endfacet
 facet normal  -1.4039866345e-01 -5.5695854782e-02 -9.8852728190e-01
   outer loop
     vertex 8.9863552554e-01 0.0000000000e+00 -3.0028073323e-01
     vertex 2.6654717701e+00 -5.2000000000e+00 -2.5824143058e-01
     vertex 2.3444330340e+00 -5.2000000000e+00 -2.1264490503e-01
   endloop
 endfacet
 facet normal  -1.4039866345e-01 -5.5695854782e-02 -9.8852728190e-01
   outer loop
     vertex 8.9863552554e-01 0.0000000000e+00 -3.0028073323e-01
     vertex 2.3444330340e+00 -5.2000000000e+00 -2.1264490503e-01
     vertex 5.2533466959e-01 0.0000000000e+00 -2.4726151747e-01
   endloop
 endfacet
 facet normal  -2.3197751288e-01 -8.7601038367e-02 -9.6876854387e-01
   outer loop
     vertex 5.2533466959e-01 0.0000000000e+00 -2.4726151747e-01
     vertex 2.3444330340e+00 -5.2000000000e+00 -2.1264490503e-01
     vertex 2.1137551884e+00 -5.2000000000e+00 -1.5740769357e-01
   endloop
 endfacet
 facet normal  -2.3197751288e-01 -8.7601038367e-02 -9.6876854387e-01
   outer loop
     vertex 5.2533466959e-01 0.0000000000e+00 -2.4726151747e-01
     vertex 2.1137551884e+00 -5.2000000000e+00 -1.5740769357e-01
     vertex 2.5710461651e-01 0.0000000000e+00 -1.8303220183e-01
   endloop
 endfacet
 facet normal  -3.9257485099e-01 -1.4464392631e-01 -9.0827480475e-01
   outer loop
     vertex 2.5710461651e-01 0.0000000000e+00 -1.8303220183e-01
     vertex 2.1137551884e+00 -5.2000000000e+00 -1.5740769357e-01
     vertex 1.9593691598e+00 -5.2000000000e+00 -9.0678910794e-02
   endloop
 endfacet
 facet normal  -3.9257485099e-01 -1.4464392631e-01 -9.0827480475e-01
   outer loop
     vertex 2.5710461651e-01 0.0000000000e+00 -1.8303220183e-01
     vertex 1.9593691598e+00 -5.2000000000e+00 -9.0678910794e-02
     vertex 7.7585978680e-02 0.0000000000e+00 -1.0544059395e-01
   endloop
 endfacet
 facet normal  -7.7291780451e-01 -2.8131907438e-01 -5.6873336974e-01
   outer loop
     vertex 7.7585978680e-02 0.0000000000e+00 -1.0544059395e-01
     vertex 1.9593691598e+00 -5.2000000000e+00 -9.0678910794e-02
     vertex 1.8926452182e+00 -5.2000000000e+00 0.0000000000e+00
   endloop
 endfacet
 facet normal  -7.7291780451e-01 -2.8131907438e-01 -5.6873336974e-01
   outer loop
     vertex 7.7585978680e-02 0.0000000000e+00 -1.0544059395e-01
     vertex 1.8926452182e+00 -5.2000000000e+00 0.0000000000e+00
     vertex 0.0000000000e+00 0.0000000000e+00 0.0000000000e+00
   endloop
 endfacet
 facet normal  -7.7291780451e-01 -2.8131907438e-01 5.6873336974e-01
   outer loop
     vertex 0.0000000000e+00 0.0000000000e+00 0.0000000000e+00
     vertex 1.8926452182e+00 -5.2000000000e+00 0.0000000000e+00
     vertex 7.7585978680e-02 0.0000000000e+00 1.0544059395e-01
   endloop
 endfacet
 facet normal  -7.7291780451e-01 -2.8131907438e-01 5.6873336974e-01
   outer loop
     vertex 1.8926452182e+00 -5.2000000000e+00 0.0000000000e+00
     vertex 1.9593691598e+00 -5.2000000000e+00 9.0678910794e-02
     vertex 7.7585978680e-02 0.0000000000e+00 1.0544059395e-01
   endloop
 endfacet
 facet normal  -3.9257485099e-01 -1.4464392631e-01 9.0827480475e-01
   outer loop
     vertex 7.7585978680e-02 0.0000000000e+00 1.0544059395e-01
     vertex 1.9593691598e+00 -5.2000000000e+00 9.0678910794e-02
     vertex 2.5710461651e-01 0.0000000000e+00 1.8303220183e-01
   endloop
 endfacet
 facet normal  -3.9257485099e-01 -1.4464392631e-01 9.0827480475e-01
   outer loop
     vertex 1.9593691598e+00 -5.2000000000e+00 9.0678910794e-02
     vertex 2.1137551884e+00 -5.2000000000e+00 1.5740769357e-01
     vertex 2.5710461651e-01 0.0000000000e+00 1.8303220183e-01
   endloop
 endfacet
 facet normal  -2.3197751288e-01 -8.7601038367e-02 9.6876854387e-01
   outer loop
     vertex 2.5710461651e-01 0.0000000000e+00 1.8303220183e-01
     vertex 2.1137551884e+00 -5.2000000000e+00 1.5740769357e-01
     vertex 5.2533466959e-01 0.0000000000e+00 2.4726151747e-01
   endloop
 endfacet
 facet normal  -2.3197751288e-01 -8.7601038367e-02 9.6876854387e-01
   outer loop
     vertex 2.1137551884e+00 -5.2000000000e+00 1.5740769357e-01
     vertex 2.3444330340e+00 -5.2000000000e+00 2.1264490503e-01
     vertex 5.2533466959e-01 0.0000000000e+00 2.4726151747e-01
   endloop
 endfacet
 facet normal  -1.4039866345e-01 -5.5695854782e-02 9.8852728190e-01
   outer loop
     vertex 5.2533466959e-01 0.0000000000e+00 2.4726151747e-01
     vertex 2.3444330340e+00 -5.2000000000e+00 2.1264490503e-01
     vertex 8.9863552554e-01 0.0000000000e+00 3.0028073323e-01
   endloop
 endfacet
 facet normal  -1.4039866345e-01 -5.5695854782e-02 9.8852728190e-01
   outer loop
     vertex 2.3444330340e+00 -5.2000000000e+00 2.1264490503e-01
     vertex 2.6654717701e+00 -5.2000000000e+00 2.5824143058e-01
     vertex 8.9863552554e-01 0.0000000000e+00 3.0028073323e-01
   endloop
 endfacet
 facet normal  -7.6265379433e-02 -3.3969417143e-02 9.9650874085e-01
   outer loop
     vertex 8.9863552554e-01 0.0000000000e+00 3.0028073323e-01
     vertex 2.6654717701e+00 -5.2000000000e+00 2.5824143058e-01
     vertex 1.3923663822e+00 0.0000000000e+00 3.3806722679e-01
   endloop
 endfacet
 facet normal  -7.6265379433e-02 -3.3969417143e-02 9.9650874085e-01
   outer loop
     vertex 2.6654717701e+00 -5.2000000000e+00 2.5824143058e-01
     vertex 3.0900803069e+00 -5.2000000000e+00 2.9073781504e-01
     vertex 1.3923663822e+00 0.0000000000e+00 3.3806722679e-01
   endloop
 endfacet
 facet normal  -2.7002626085e-02 -1.7912940621e-02 9.9947485448e-01
   outer loop
     vertex 1.3923663822e+00 0.0000000000e+00 3.3806722679e-01
     vertex 3.0900803069e+00 -5.2000000000e+00 2.9073781504e-01
     vertex 2.0094486412e+00 0.0000000000e+00 3.5473882331e-01
   endloop
 endfacet
 facet normal  -2.7002626085e-02 -1.7912940621e-02 9.9947485448e-01
   outer loop
     vertex 3.0900803069e+00 -5.2000000000e+00 2.9073781504e-01
     vertex 3.6207710496e+00 -5.2000000000e+00 3.0507538805e-01
     vertex 2.0094486412e+00 0.0000000000e+00 3.5473882331e-01
   endloop
 endfacet
 facet normal  1.1502009480e-02 -5.9857335831e-03 9.9991593385e-01
   outer loop
     vertex 2.0094486412e+00 0.0000000000e+00 3.5473882331e-01
     vertex 3.6207710496e+00 -5.2000000000e+00 3.0507538805e-01
     vertex 2.7309085309e+00 0.0000000000e+00 3.4643988716e-01
   endloop
 endfacet
 facet normal  1.1502009480e-02 -5.9857335831e-03 9.9991593385e-01
   outer loop
     vertex 3.6207710496e+00 -5.2000000000e+00 3.0507538805e-01
     vertex 4.2412265548e+00 -5.2000000000e+00 2.9793830296e-01
     vertex 2.7309085309e+00 0.0000000000e+00 3.4643988716e-01
   endloop
 endfacet
 facet normal  4.0847978729e-02 2.5447100404e-03 9.9916213253e-01
   outer loop
     vertex 2.7309085309e+00 0.0000000000e+00 3.4643988716e-01
     vertex 4.2412265548e+00 -5.2000000000e+00 2.9793830296e-01
     vertex 3.5126620769e+00 0.0000000000e+00 3.1448005684e-01
   endloop
 endfacet
 facet normal  4.0847978729e-02 2.5447100404e-03 9.9916213253e-01
   outer loop
     vertex 4.2412265548e+00 -5.2000000000e+00 2.9793830296e-01
     vertex 4.9135346044e+00 -5.2000000000e+00 2.7045284888e-01
     vertex 3.5126620769e+00 0.0000000000e+00 3.1448005684e-01
   endloop
 endfacet
 facet normal  6.2290016392e-02 8.3308062204e-03 9.9802332214e-01
   outer loop
     vertex 3.5126620769e+00 0.0000000000e+00 3.1448005684e-01
     vertex 4.9135346044e+00 -5.2000000000e+00 2.7045284888e-01
     vertex 5.5851052097e+00 -5.2000000000e+00 2.2853785242e-01
   endloop
 endfacet
 facet normal  6.2290016392e-02 8.3308062204e-03 9.9802332214e-01
   outer loop
     vertex 3.5126620769e+00 0.0000000000e+00 3.1448005684e-01
     vertex 5.5851052097e+00 -5.2000000000e+00 2.2853785242e-01
     vertex 4.2935581297e+00 0.0000000000e+00 2.6574168886e-01
   endloop
 endfacet
 facet normal  7.7630934043e-02 1.2149076697e-02 9.9690813921e-01
   outer loop
     vertex 4.2935581297e+00 0.0000000000e+00 2.6574168886e-01
     vertex 5.5851052097e+00 -5.2000000000e+00 2.2853785242e-01
     vertex 6.2037528492e+00 -5.2000000000e+00 1.8036270748e-01
   endloop
 endfacet
 facet normal  7.7630934043e-02 1.2149076697e-02 9.9690813921e-01
   outer loop
     vertex 4.2935581297e+00 0.0000000000e+00 2.6574168886e-01
     vertex 6.2037528492e+00 -5.2000000000e+00 1.8036270748e-01
     vertex 5.0129158500e+00 0.0000000000e+00 2.0972407847e-01
   endloop
 endfacet
 facet normal  8.8786379298e-02 1.4709207832e-02 9.9594207565e-01
   outer loop
     vertex 5.0129158500e+00 0.0000000000e+00 2.0972407847e-01
     vertex 6.2037528492e+00 -5.2000000000e+00 1.8036270748e-01
     vertex 6.7325775679e+00 -5.2000000000e+00 1.3321896970e-01
   endloop
 endfacet
 facet normal  8.8786379298e-02 1.4709207832e-02 9.9594207565e-01
   outer loop
     vertex 5.0129158500e+00 0.0000000000e+00 2.0972407847e-01
     vertex 6.7325775679e+00 -5.2000000000e+00 1.3321896970e-01
     vertex 5.6278283137e+00 0.0000000000e+00 1.5490577872e-01
   endloop
 endfacet
 facet normal  9.7179913759e-02 1.6495815467e-02 9.9513011834e-01
   outer loop
     vertex 5.6278283137e+00 0.0000000000e+00 1.5490577872e-01
     vertex 6.7325775679e+00 -5.2000000000e+00 1.3321896970e-01
     vertex 7.1564641280e+00 -5.2000000000e+00 9.1824122345e-02
   endloop
 endfacet
 facet normal  9.7179913759e-02 1.6495815467e-02 9.9513011834e-01
   outer loop
     vertex 5.6278283137e+00 0.0000000000e+00 1.5490577872e-01
     vertex 7.1564641280e+00 -5.2000000000e+00 9.1824122345e-02
     vertex 6.1207196625e+00 0.0000000000e+00 1.0677223529e-01
   endloop
 endfacet
 facet normal  1.0361751801e-01 1.7779999237e-02 9.9445828549e-01
   outer loop
     vertex 6.1207196625e+00 0.0000000000e+00 1.0677223529e-01
     vertex 7.1564641280e+00 -5.2000000000e+00 9.1824122345e-02
     vertex 7.4790524980e+00 -5.2000000000e+00 5.8212047585e-02
   endloop
 endfacet
 facet normal  1.0361751801e-01 1.7779999237e-02 9.9445828549e-01
   outer loop
     vertex 6.1207196625e+00 0.0000000000e+00 1.0677223529e-01
     vertex 7.4790524980e+00 -5.2000000000e+00 5.8212047585e-02
     vertex 6.4958224183e+00 0.0000000000e+00 6.7688427425e-02
   endloop
 endfacet
 facet normal  1.0856986581e-01 1.8717397026e-02 9.9391259338e-01
   outer loop
     vertex 6.4958224183e+00 0.0000000000e+00 6.7688427425e-02
     vertex 7.4790524980e+00 -5.2000000000e+00 5.8212047585e-02
     vertex 7.7149839431e+00 -5.2000000000e+00 3.2440118036e-02
   endloop
 endfacet
 facet normal  1.0856986581e-01 1.8717397026e-02 9.9391259338e-01
   outer loop
     vertex 6.4958224183e+00 0.0000000000e+00 6.7688427425e-02
     vertex 7.7149839431e+00 -5.2000000000e+00 3.2440118036e-02
     vertex 6.7701613080e+00 0.0000000000e+00 3.7721067483e-02
   endloop
 endfacet
 facet normal  1.1229285196e-01 1.9394284542e-02 9.9348587163e-01
   outer loop
     vertex 6.7701613080e+00 0.0000000000e+00 3.7721067483e-02
     vertex 7.7149839431e+00 -5.2000000000e+00 3.2440118036e-02
     vertex 7.8825691489e+00 -5.2000000000e+00 1.3498106638e-02
   endloop
 endfacet
 facet normal  1.1229285196e-01 1.9394284542e-02 9.9348587163e-01
   outer loop
     vertex 6.7701613080e+00 0.0000000000e+00 3.7721067483e-02
     vertex 7.8825691489e+00 -5.2000000000e+00 1.3498106638e-02
     vertex 6.9650278264e+00 0.0000000000e+00 1.5695472834e-02
   endloop
 endfacet
 facet normal  1.1498816692e-01 1.9870007827e-02 9.9316811480e-01
   outer loop
     vertex 6.9650278264e+00 0.0000000000e+00 1.5695472834e-02
     vertex 7.8825691489e+00 -5.2000000000e+00 1.3498106638e-02
     vertex 7.9991540939e+00 -5.2000000000e+00 0.0000000000e+00
   endloop
 endfacet
 facet normal  1.1498816692e-01 1.9870007827e-02 9.9316811480e-01
   outer loop
     vertex 6.9650278264e+00 0.0000000000e+00 1.5695472834e-02
     vertex 7.9991540939e+00 -5.2000000000e+00 0.0000000000e+00
     vertex 7.1005917160e+00 0.0000000000e+00 0.0000000000e+00
   endloop
 endfacet
 facet normal  1.1498816692e-01 1.9870007827e-02 -9.9316811480e-01
   outer loop
     vertex 7.9991540939e+00 -5.2000000000e+00 0.0000000000e+00
     vertex 8.8977164719e+00 -1.0400000000e+01 0.0000000000e+00
     vertex 7.8825691489e+00 -5.2000000000e+00 -1.3498106638e-02
   endloop
 endfacet
 facet normal  1.1498816692e-01 1.9870007827e-02 -9.9316811480e-01
   outer loop
     vertex 8.8977164719e+00 -1.0400000000e+01 0.0000000000e+00
     vertex 8.8001104714e+00 -1.0400000000e+01 -1.1300740441e-02
     vertex 7.8825691489e+00 -5.2000000000e+00 -1.3498106638e-02
   endloop
 endfacet
 facet normal  1.1229285196e-01 1.9394284542e-02 -9.9348587163e-01
   outer loop
     vertex 7.8825691489e+00 -5.2000000000e+00 -1.3498106638e-02
     vertex 8.8001104714e+00 -1.0400000000e+01 -1.1300740441e-02
     vertex 7.7149839431e+00 -5.2000000000e+00 -3.2440118036e-02
   endloop
 endfacet
 facet normal  1.1229285196e-01 1.9394284542e-02 -9.9348587163e-01
   outer loop
     vertex 8.8001104714e+00 -1.0400000000e+01 -1.1300740441e-02
     vertex 8.6598065781e+00 -1.0400000000e+01 -2.7159168588e-02
     vertex 7.7149839431e+00 -5.2000000000e+00 -3.2440118036e-02
   endloop
 endfacet
 facet normal  1.0856986581e-01 1.8717397026e-02 -9.9391259338e-01
   outer loop
     vertex 7.7149839431e+00 -5.2000000000e+00 -3.2440118036e-02
     vertex 8.6598065781e+00 -1.0400000000e+01 -2.7159168588e-02
     vertex 7.4790524980e+00 -5.2000000000e+00 -5.8212047585e-02
   endloop
 endfacet
 facet normal  1.0856986581e-01 1.8717397026e-02 -9.9391259338e-01
   outer loop
     vertex 8.6598065781e+00 -1.0400000000e+01 -2.7159168588e-02
     vertex 8.4622825776e+00 -1.0400000000e+01 -4.8735667746e-02
     vertex 7.4790524980e+00 -5.2000000000e+00 -5.8212047585e-02
   endloop
 endfacet
 facet normal  1.0361751801e-01 1.7779999237e-02 -9.9445828549e-01
   outer loop
     vertex 7.4790524980e+00 -5.2000000000e+00 -5.8212047585e-02
     vertex 8.4622825776e+00 -1.0400000000e+01 -4.8735667746e-02
     vertex 7.1564641280e+00 -5.2000000000e+00 -9.1824122345e-02
   endloop
 endfacet
 facet normal  1.0361751801e-01 1.7779999237e-02 -9.9445828549e-01
   outer loop
     vertex 8.4622825776e+00 -1.0400000000e+01 -4.8735667746e-02
     vertex 8.1922085934e+00 -1.0400000000e+01 -7.6876009405e-02
     vertex 7.1564641280e+00 -5.2000000000e+00 -9.1824122345e-02
   endloop
 endfacet
 facet normal  9.7179913759e-02 1.6495815467e-02 -9.9513011834e-01
   outer loop
     vertex 7.1564641280e+00 -5.2000000000e+00 -9.1824122345e-02
     vertex 8.1922085934e+00 -1.0400000000e+01 -7.6876009405e-02
     vertex 6.7325775679e+00 -5.2000000000e+00 -1.3321896970e-01
   endloop
 endfacet
 facet normal  9.7179913759e-02 1.6495815467e-02 -9.9513011834e-01
   outer loop
     vertex 8.1922085934e+00 -1.0400000000e+01 -7.6876009405e-02
     vertex 7.8373268222e+00 -1.0400000000e+01 -1.1153216068e-01
     vertex 6.7325775679e+00 -5.2000000000e+00 -1.3321896970e-01
   endloop
 endfacet
 facet normal  8.8786379298e-02 1.4709207832e-02 -9.9594207565e-01
   outer loop
     vertex 6.7325775679e+00 -5.2000000000e+00 -1.3321896970e-01
     vertex 7.8373268222e+00 -1.0400000000e+01 -1.1153216068e-01
     vertex 6.2037528492e+00 -5.2000000000e+00 -1.8036270748e-01
   endloop
 endfacet
 facet normal  8.8786379298e-02 1.4709207832e-02 -9.9594207565e-01
   outer loop
     vertex 7.8373268222e+00 -1.0400000000e+01 -1.1153216068e-01
     vertex 7.3945898484e+00 -1.0400000000e+01 -1.5100133650e-01
     vertex 6.2037528492e+00 -5.2000000000e+00 -1.8036270748e-01
   endloop
 endfacet
 facet normal  7.7630934043e-02 1.2149076697e-02 -9.9690813921e-01
   outer loop
     vertex 6.2037528492e+00 -5.2000000000e+00 -1.8036270748e-01
     vertex 7.3945898484e+00 -1.0400000000e+01 -1.5100133650e-01
     vertex 5.5851052097e+00 -5.2000000000e+00 -2.2853785242e-01
   endloop
 endfacet
 facet normal  7.7630934043e-02 1.2149076697e-02 -9.9690813921e-01
   outer loop
     vertex 7.3945898484e+00 -1.0400000000e+01 -1.5100133650e-01
     vertex 6.8766522898e+00 -1.0400000000e+01 -1.9133401598e-01
     vertex 5.5851052097e+00 -5.2000000000e+00 -2.2853785242e-01
   endloop
 endfacet
 facet normal  6.2290016392e-02 8.3308062204e-03 -9.9802332214e-01
   outer loop
     vertex 5.5851052097e+00 -5.2000000000e+00 -2.2853785242e-01
     vertex 6.8766522898e+00 -1.0400000000e+01 -1.9133401598e-01
     vertex 4.9135346044e+00 -5.2000000000e+00 -2.7045284888e-01
   endloop
 endfacet
 facet normal  6.2290016392e-02 8.3308062204e-03 -9.9802332214e-01
   outer loop
     vertex 6.8766522898e+00 -1.0400000000e+01 -1.9133401598e-01
     vertex 6.3144071318e+00 -1.0400000000e+01 -2.2642564092e-01
     vertex 4.9135346044e+00 -5.2000000000e+00 -2.7045284888e-01
   endloop
 endfacet
 facet normal  4.0847978729e-02 2.5447100404e-03 -9.9916213253e-01
   outer loop
     vertex 4.9135346044e+00 -5.2000000000e+00 -2.7045284888e-01
     vertex 6.3144071318e+00 -1.0400000000e+01 -2.2642564092e-01
     vertex 5.7515445786e+00 -1.0400000000e+01 -2.4943671876e-01
   endloop
 endfacet
 facet normal  4.0847978729e-02 2.5447100404e-03 -9.9916213253e-01
   outer loop
     vertex 4.9135346044e+00 -5.2000000000e+00 -2.7045284888e-01
     vertex 5.7515445786e+00 -1.0400000000e+01 -2.4943671876e-01
     vertex 4.2412265548e+00 -5.2000000000e+00 -2.9793830296e-01
   endloop
 endfacet
 facet normal  1.1502009480e-02 -5.9857335831e-03 -9.9991593385e-01
   outer loop
     vertex 4.2412265548e+00 -5.2000000000e+00 -2.9793830296e-01
     vertex 5.7515445786e+00 -1.0400000000e+01 -2.4943671876e-01
     vertex 5.2320934580e+00 -1.0400000000e+01 -2.5541195278e-01
   endloop
 endfacet
 facet normal  1.1502009480e-02 -5.9857335831e-03 -9.9991593385e-01
   outer loop
     vertex 4.2412265548e+00 -5.2000000000e+00 -2.9793830296e-01
     vertex 5.2320934580e+00 -1.0400000000e+01 -2.5541195278e-01
     vertex 3.6207710496e+00 -5.2000000000e+00 -3.0507538805e-01
   endloop
 endfacet
 facet normal  -2.7002626085e-02 -1.7912940621e-02 -9.9947485448e-01
   outer loop
     vertex 3.6207710496e+00 -5.2000000000e+00 -3.0507538805e-01
     vertex 5.2320934580e+00 -1.0400000000e+01 -2.5541195278e-01
     vertex 4.7877942316e+00 -1.0400000000e+01 -2.4340840329e-01
   endloop
 endfacet
 facet normal  -2.7002626085e-02 -1.7912940621e-02 -9.9947485448e-01
   outer loop
     vertex 3.6207710496e+00 -5.2000000000e+00 -3.0507538805e-01
     vertex 4.7877942316e+00 -1.0400000000e+01 -2.4340840329e-01
     vertex 3.0900803069e+00 -5.2000000000e+00 -2.9073781504e-01
   endloop
 endfacet
 facet normal  -7.6265379433e-02 -3.3969417143e-02 -9.9650874085e-01
   outer loop
     vertex 3.0900803069e+00 -5.2000000000e+00 -2.9073781504e-01
     vertex 4.7877942316e+00 -1.0400000000e+01 -2.4340840329e-01
     vertex 4.4323080148e+00 -1.0400000000e+01 -2.1620212793e-01
   endloop
 endfacet
 facet normal  -7.6265379433e-02 -3.3969417143e-02 -9.9650874085e-01
   outer loop
     vertex 3.0900803069e+00 -5.2000000000e+00 -2.9073781504e-01
     vertex 4.4323080148e+00 -1.0400000000e+01 -2.1620212793e-01
     vertex 2.6654717701e+00 -5.2000000000e+00 -2.5824143058e-01
   endloop
 endfacet
 facet normal  -1.4039866345e-01 -5.5695854782e-02 -9.8852728190e-01
   outer loop
     vertex 2.6654717701e+00 -5.2000000000e+00 -2.5824143058e-01
     vertex 4.4323080148e+00 -1.0400000000e+01 -2.1620212793e-01
     vertex 4.1635313985e+00 -1.0400000000e+01 -1.7802829258e-01
   endloop
 endfacet
 facet normal  -1.4039866345e-01 -5.5695854782e-02 -9.8852728190e-01
   outer loop
     vertex 2.6654717701e+00 -5.2000000000e+00 -2.5824143058e-01
     vertex 4.1635313985e+00 -1.0400000000e+01 -1.7802829258e-01
     vertex 2.3444330340e+00 -5.2000000000e+00 -2.1264490503e-01
   endloop
 endfacet
 facet normal  -2.3197751288e-01 -8.7601038367e-02 -9.6876854387e-01
   outer loop
     vertex 2.3444330340e+00 -5.2000000000e+00 -2.1264490503e-01
     vertex 4.1635313985e+00 -1.0400000000e+01 -1.7802829258e-01
     vertex 3.9704057603e+00 -1.0400000000e+01 -1.3178318532e-01
   endloop
 endfacet
 facet normal  -2.3197751288e-01 -8.7601038367e-02 -9.6876854387e-01
   outer loop
     vertex 2.3444330340e+00 -5.2000000000e+00 -2.1264490503e-01
     vertex 3.9704057603e+00 -1.0400000000e+01 -1.3178318532e-01
     vertex 2.1137551884e+00 -5.2000000000e+00 -1.5740769357e-01
   endloop
 endfacet
 facet normal  -3.9257485099e-01 -1.4464392631e-01 -9.0827480475e-01
   outer loop
     vertex 2.1137551884e+00 -5.2000000000e+00 -1.5740769357e-01
     vertex 3.9704057603e+00 -1.0400000000e+01 -1.3178318532e-01
     vertex 3.8411523410e+00 -1.0400000000e+01 -7.5917227642e-02
   endloop
 endfacet
 facet normal  -3.9257485099e-01 -1.4464392631e-01 -9.0827480475e-01
   outer loop
     vertex 2.1137551884e+00 -5.2000000000e+00 -1.5740769357e-01
     vertex 3.8411523410e+00 -1.0400000000e+01 -7.5917227642e-02
     vertex 1.9593691598e+00 -5.2000000000e+00 -9.0678910794e-02
   endloop
 endfacet
 facet normal  -7.7291780451e-01 -2.8131907438e-01 -5.6873336974e-01
   outer loop
     vertex 1.9593691598e+00 -5.2000000000e+00 -9.0678910794e-02
     vertex 3.8411523410e+00 -1.0400000000e+01 -7.5917227642e-02
     vertex 3.7852904364e+00 -1.0400000000e+01 0.0000000000e+00
   endloop
 endfacet
 facet normal  -7.7291780451e-01 -2.8131907438e-01 -5.6873336974e-01
   outer loop
     vertex 1.9593691598e+00 -5.2000000000e+00 -9.0678910794e-02
     vertex 3.7852904364e+00 -1.0400000000e+01 0.0000000000e+00
     vertex 1.8926452182e+00 -5.2000000000e+00 0.0000000000e+00
   endloop
 endfacet
 facet normal  -7.7291780451e-01 -2.8131907438e-01 5.6873336974e-01
   outer loop
     vertex 1.8926452182e+00 -5.2000000000e+00 0.0000000000e+00
     vertex 3.7852904364e+00 -1.0400000000e+01 0.0000000000e+00
     vertex 1.9593691598e+00 -5.2000000000e+00 9.0678910794e-02
   endloop
 endfacet
 facet normal  -7.7291780451e-01 -2.8131907438e-01 5.6873336974e-01
   outer loop
     vertex 3.7852904364e+00 -1.0400000000e+01 0.0000000000e+00
     vertex 3.8411523410e+00 -1.0400000000e+01 7.5917227642e-02
     vertex 1.9593691598e+00 -5.2000000000e+00 9.0678910794e-02
   endloop
 endfacet
 facet normal  -3.9257485099e-01 -1.4464392631e-01 9.0827480475e-01
   outer loop
     vertex 1.9593691598e+00 -5.2000000000e+00 9.0678910794e-02
     vertex 3.8411523410e+00 -1.0400000000e+01 7.5917227642e-02
     vertex 2.1137551884e+00 -5.2000000000e+00 1.5740769357e-01
   endloop
 endfacet
 facet normal  -3.9257485099e-01 -1.4464392631e-01 9.0827480475e-01
   outer loop
     vertex 3.8411523410e+00 -1.0400000000e+01 7.5917227642e-02
     vertex 3.9704057603e+00 -1.0400000000e+01 1.3178318532e-01
     vertex 2.1137551884e+00 -5.2000000000e+00 1.5740769357e-01
   endloop
 endfacet
 facet normal  -2.3197751288e-01 -8.7601038367e-02 9.6876854387e-01
   outer loop
     vertex 2.1137551884e+00 -5.2000000000e+00 1.5740769357e-01
     vertex 3.9704057603e+00 -1.0400000000e+01 1.3178318532e-01
     vertex 2.3444330340e+00 -5.2000000000e+00 2.1264490503e-01
   endloop
 endfacet
 facet normal  -2.3197751288e-01 -8.7601038367e-02 9.6876854387e-01
   outer loop
     vertex 3.9704057603e+00 -1.0400000000e+01 1.3178318532e-01
     vertex 4.1635313985e+00 -1.0400000000e+01 1.7802829258e-01
     vertex 2.3444330340e+00 -5.2000000000e+00 2.1264490503e-01
   endloop
 endfacet
 facet normal  -1.4039866345e-01 -5.5695854782e-02 9.8852728190e-01
   outer loop
     vertex 2.3444330340e+00 -5.2000000000e+00 2.1264490503e-01
     vertex 4.1635313985e+00 -1.0400000000e+01 1.7802829258e-01
     vertex 2.6654717701e+00 -5.2000000000e+00 2.5824143058e-01
   endloop
 endfacet
 facet normal  -1.4039866345e-01 -5.5695854782e-02 9.8852728190e-01
   outer loop
     vertex 4.1635313985e+00 -1.0400000000e+01 1.7802829258e-01
     vertex 4.4323080148e+00 -1.0400000000e+01 2.1620212793e-01
     vertex 2.6654717701e+00 -5.2000000000e+00 2.5824143058e-01
   endloop
 endfacet
 facet normal  -7.6265379433e-02 -3.3969417143e-02 9.9650874085e-01
   outer loop
     vertex 2.6654717701e+00 -5.2000000000e+00 2.5824143058e-01
     vertex 4.4323080148e+00 -1.0400000000e+01 2.1620212793e-01
     vertex 3.0900803069e+00 -5.2000000000e+00 2.9073781504e-01
   endloop
 endfacet
 facet normal  -7.6265379433e-02 -3.3969417143e-02 9.9650874085e-01
   outer loop
     vertex 4.4323080148e+00 -1.0400000000e+01 2.1620212793e-01
     vertex 4.7877942316e+00 -1.0400000000e+01 2.4340840329e-01
     vertex 3.0900803069e+00 -5.2000000000e+00 2.9073781504e-01
   endloop
 endfacet
 facet normal  -2.7002626085e-02 -1.7912940621e-02 9.9947485448e-01
   outer loop
     vertex 3.0900803069e+00 -5.2000000000e+00 2.9073781504e-01
     vertex 4.7877942316e+00 -1.0400000000e+01 2.4340840329e-01
     vertex 3.6207710496e+00 -5.2000000000e+00 3.0507538805e-01
   endloop
 endfacet
 facet normal  -2.7002626085e-02 -1.7912940621e-02 9.9947485448e-01
   outer loop
     vertex 4.7877942316e+00 -1.0400000000e+01 2.4340840329e-01
     vertex 5.2320934580e+00 -1.0400000000e+01 2.5541195278e-01
     vertex 3.6207710496e+00 -5.2000000000e+00 3.0507538805e-01
   endloop
 endfacet
 facet normal  1.1502009480e-02 -5.9857335831e-03 9.9991593385e-01
   outer loop
     vertex 3.6207710496e+00 -5.2000000000e+00 3.0507538805e-01
     vertex 5.2320934580e+00 -1.0400000000e+01 2.5541195278e-01
     vertex 4.2412265548e+00 -5.2000000000e+00 2.9793830296e-01
   endloop
 endfacet
 facet normal  1.1502009480e-02 -5.9857335831e-03 9.9991593385e-01
   outer loop
     vertex 5.2320934580e+00 -1.0400000000e+01 2.5541195278e-01
     vertex 5.7515445786e+00 -1.0400000000e+01 2.4943671876e-01
     vertex 4.2412265548e+00 -5.2000000000e+00 2.9793830296e-01
   endloop
 endfacet
 facet normal  4.0847978729e-02 2.5447100404e-03 9.9916213253e-01
   outer loop
     vertex 4.2412265548e+00 -5.2000000000e+00 2.9793830296e-01
     vertex 5.7515445786e+00 -1.0400000000e+01 2.4943671876e-01
     vertex 4.9135346044e+00 -5.2000000000e+00 2.7045284888e-01
   endloop
 endfacet
 facet normal  4.0847978729e-02 2.5447100404e-03 9.9916213253e-01
   outer loop
     vertex 5.7515445786e+00 -1.0400000000e+01 2.4943671876e-01
     vertex 6.3144071318e+00 -1.0400000000e+01 2.2642564092e-01
     vertex 4.9135346044e+00 -5.2000000000e+00 2.7045284888e-01
   endloop
 endfacet
 facet normal  6.2290016392e-02 8.3308062204e-03 9.9802332214e-01
   outer loop
     vertex 4.9135346044e+00 -5.2000000000e+00 2.7045284888e-01
     vertex 6.3144071318e+00 -1.0400000000e+01 2.2642564092e-01
     vertex 6.8766522898e+00 -1.0400000000e+01 1.9133401598e-01
   endloop
 endfacet
 facet normal  6.2290016392e-02 8.3308062204e-03 9.9802332214e-01
   outer loop
     vertex 4.9135346044e+00 -5.2000000000e+00 2.7045284888e-01
     vertex 6.8766522898e+00 -1.0400000000e+01 1.9133401598e-01
     vertex 5.5851052097e+00 -5.2000000000e+00 2.2853785242e-01
   endloop
 endfacet
 facet normal  7.7630934043e-02 1.2149076697e-02 9.9690813921e-01
   outer loop
     vertex 5.5851052097e+00 -5.2000000000e+00 2.2853785242e-01
     vertex 6.8766522898e+00 -1.0400000000e+01 1.9133401598e-01
     vertex 7.3945898484e+00 -1.0400000000e+01 1.5100133650e-01
   endloop
 endfacet
 facet normal  7.7630934043e-02 1.2149076697e-02 9.9690813921e-01
   outer loop
     vertex 5.5851052097e+00 -5.2000000000e+00 2.2853785242e-01
     vertex 7.3945898484e+00 -1.0400000000e+01 1.5100133650e-01
     vertex 6.2037528492e+00 -5.2000000000e+00 1.8036270748e-01
   endloop
 endfacet
 facet normal  8.8786379298e-02 1.4709207832e-02 9.9594207565e-01
   outer loop
     vertex 6.2037528492e+00 -5.2000000000e+00 1.8036270748e-01
     vertex 7.3945898484e+00 -1.0400000000e+01 1.5100133650e-01
     vertex 7.8373268222e+00 -1.0400000000e+01 1.1153216068e-01
   endloop
 endfacet
 facet normal  8.8786379298e-02 1.4709207832e-02 9.9594207565e-01
   outer loop
     vertex 6.2037528492e+00 -5.2000000000e+00 1.8036270748e-01
     vertex 7.8373268222e+00 -1.0400000000e+01 1.1153216068e-01
     vertex 6.7325775679e+00 -5.2000000000e+00 1.3321896970e-01
   endloop
 endfacet
 facet normal  9.7179913759e-02 1.6495815467e-02 9.9513011834e-01
   outer loop
     vertex 6.7325775679e+00 -5.2000000000e+00 1.3321896970e-01
     vertex 7.8373268222e+00 -1.0400000000e+01 1.1153216068e-01
     vertex 8.1922085934e+00 -1.0400000000e+01 7.6876009405e-02
   endloop
 endfacet
 facet normal  9.7179913759e-02 1.6495815467e-02 9.9513011834e-01
   outer loop
     vertex 6.7325775679e+00 -5.2000000000e+00 1.3321896970e-01
     vertex 8.1922085934e+00 -1.0400000000e+01 7.6876009405e-02
     vertex 7.1564641280e+00 -5.2000000000e+00 9.1824122345e-02
   endloop
 endfacet
 facet normal  1.0361751801e-01 1.7779999237e-02 9.9445828549e-01
   outer loop
     vertex 7.1564641280e+00 -5.2000000000e+00 9.1824122345e-02
     vertex 8.1922085934e+00 -1.0400000000e+01 7.6876009405e-02
     vertex 8.4622825776e+00 -1.0400000000e+01 4.8735667746e-02
   endloop
 endfacet
 facet normal  1.0361751801e-01 1.7779999237e-02 9.9445828549e-01
   outer loop
     vertex 7.1564641280e+00 -5.2000000000e+00 9.1824122345e-02
     vertex 8.4622825776e+00 -1.0400000000e+01 4.8735667746e-02
     vertex 7.4790524980e+00 -5.2000000000e+00 5.8212047585e-02
   endloop
 endfacet
 facet normal  1.0856986581e-01 1.8717397026e-02 9.9391259338e-01
   outer loop
     vertex 7.4790524980e+00 -5.2000000000e+00 5.8212047585e-02
     vertex 8.4622825776e+00 -1.0400000000e+01 4.8735667746e-02
     vertex 8.6598065781e+00 -1.0400000000e+01 2.7159168588e-02
   endloop
 endfacet
 facet normal  1.0856986581e-01 1.8717397026e-02 9.9391259338e-01
   outer loop
     vertex 7.4790524980e+00 -5.2000000000e+00 5.8212047585e-02
     vertex 8.6598065781e+00 -1.0400000000e+01 2.7159168588e-02
     vertex 7.7149839431e+00 -5.2000000000e+00 3.2440118036e-02
   endloop
 endfacet
 facet normal  1.1229285196e-01 1.9394284542e-02 9.9348587163e-01
   outer loop
     vertex 7.7149839431e+00 -5.2000000000e+00 3.2440118036e-02
     vertex 8.6598065781e+00 -1.0400000000e+01 2.7159168588e-02
     vertex 8.8001104714e+00 -1.0400000000e+01 1.1300740441e-02
   endloop
 endfacet
 facet normal  1.1229285196e-01 1.9394284542e-02 9.9348587163e-01
   outer loop
     vertex 7.7149839431e+00 -5.2000000000e+00 3.2440118036e-02
     vertex 8.8001104714e+00 -1.0400000000e+01 1.1300740441e-02
     vertex 7.8825691489e+00 -5.2000000000e+00 1.3498106638e-02
   endloop
 endfacet
 facet normal  1.1498816692e-01 1.9870007827e-02 9.9316811480e-01
   outer loop
     vertex 7.8825691489e+00 -5.2000000000e+00 1.3498106638e-02
     vertex 8.8001104714e+00 -1.0400000000e+01 1.1300740441e-02
     vertex 8.8977164719e+00 -1.0400000000e+01 0.0000000000e+00
   endloop
 endfacet
 facet normal  1.1498816692e-01 1.9870007827e-02 9.9316811480e-01
   outer loop
     vertex 7.8825691489e+00 -5.2000000000e+00 1.3498106638e-02
     vertex 8.8977164719e+00 -1.0400000000e+01 0.0000000000e+00
     vertex 7.9991540939e+00 -5.2000000000e+00 0.0000000000e+00
   endloop
 endfacet
 facet normal  1.1498816692e-01 1.9870007827e-02 -9.9316811480e-01
   outer loop
     vertex 8.8977164719e+00 -1.0400000000e+01 0.0000000000e+00
     vertex 9.7962788498e+00 -1.5600000000e+01 0.0000000000e+00
     vertex 8.8001104714e+00 -1.0400000000e+01 -1.1300740441e-02
   endloop
 endfacet
 facet normal  1.1498816692e-01 1.9870007827e-02 -9.9316811480e-01
   outer loop
     vertex 9.7962788498e+00 -1.5600000000e+01 0.0000000000e+00
     vertex 9.7176517938e+00 -1.5600000000e+01 -9.1033742440e-03
     vertex 8.8001104714e+00 -1.0400000000e+01 -1.1300740441e-02
   endloop
 endfacet
 facet normal  1.1229285196e-01 1.9394284542e-02 -9.9348587163e-01
   outer loop
     vertex 8.8001104714e+00 -1.0400000000e+01 -1.1300740441e-02
     vertex 9.7176517938e+00 -1.5600000000e+01 -9.1033742440e-03
     vertex 8.6598065781e+00 -1.0400000000e+01 -2.7159168588e-02
   endloop
 endfacet
 facet normal  1.1229285196e-01 1.9394284542e-02 -9.9348587163e-01
   outer loop
     vertex 9.7176517938e+00 -1.5600000000e+01 -9.1033742440e-03
     vertex 9.6046292132e+00 -1.5600000000e+01 -2.1878219140e-02
     vertex 8.6598065781e+00 -1.0400000000e+01 -2.7159168588e-02
   endloop
 endfacet
 facet normal  1.0856986581e-01 1.8717397026e-02 -9.9391259338e-01
   outer loop
     vertex 8.6598065781e+00 -1.0400000000e+01 -2.7159168588e-02
     vertex 9.6046292132e+00 -1.5600000000e+01 -2.1878219140e-02
     vertex 8.4622825776e+00 -1.0400000000e+01 -4.8735667746e-02
   endloop
 endfacet
 facet normal  1.0856986581e-01 1.8717397026e-02 -9.9391259338e-01
   outer loop
     vertex 9.6046292132e+00 -1.5600000000e+01 -2.1878219140e-02
     vertex 9.4455126572e+00 -1.5600000000e+01 -3.9259287906e-02
     vertex 8.4622825776e+00 -1.0400000000e+01 -4.8735667746e-02
   endloop
 endfacet
 facet normal  1.0361751801e-01 1.7779999237e-02 -9.9445828549e-01
   outer loop
     vertex 8.4622825776e+00 -1.0400000000e+01 -4.8735667746e-02
     vertex 9.4455126572e+00 -1.5600000000e+01 -3.9259287906e-02
     vertex 8.1922085934e+00 -1.0400000000e+01 -7.6876009405e-02
   endloop
 endfacet
 facet normal  1.0361751801e-01 1.7779999237e-02 -9.9445828549e-01
   outer loop
     vertex 9.4455126572e+00 -1.5600000000e+01 -3.9259287906e-02
     vertex 9.2279530588e+00 -1.5600000000e+01 -6.1927896466e-02
     vertex 8.1922085934e+00 -1.0400000000e+01 -7.6876009405e-02
   endloop
 endfacet
 facet normal  9.7179913759e-02 1.6495815467e-02 -9.9513011834e-01
   outer loop
     vertex 8.1922085934e+00 -1.0400000000e+01 -7.6876009405e-02
     vertex 9.2279530588e+00 -1.5600000000e+01 -6.1927896466e-02
     vertex 7.8373268222e+00 -1.0400000000e+01 -1.1153216068e-01
   endloop
 endfacet
 facet normal  9.7179913759e-02 1.6495815467e-02 -9.9513011834e-01
   outer loop
     vertex 9.2279530588e+00 -1.5600000000e+01 -6.1927896466e-02
     vertex 8.9420760765e+00 -1.5600000000e+01 -8.9845351657e-02
     vertex 7.8373268222e+00 -1.0400000000e+01 -1.1153216068e-01
   endloop
 endfacet
 facet normal  8.8786379298e-02 1.4709207832e-02 -9.9594207565e-01
   outer loop
     vertex 7.8373268222e+00 -1.0400000000e+01 -1.1153216068e-01
     vertex 8.9420760765e+00 -1.5600000000e+01 -8.9845351657e-02
     vertex 7.3945898484e+00 -1.0400000000e+01 -1.5100133650e-01
   endloop
 endfacet
 facet normal  8.8786379298e-02 1.4709207832e-02 -9.9594207565e-01
   outer loop
     vertex 8.9420760765e+00 -1.5600000000e+01 -8.9845351657e-02
     vertex 8.5854268476e+00 -1.5600000000e+01 -1.2163996551e-01
     vertex 7.3945898484e+00 -1.0400000000e+01 -1.5100133650e-01
   endloop
 endfacet
 facet normal  7.7630934043e-02 1.2149076697e-02 -9.9690813921e-01
   outer loop
     vertex 7.3945898484e+00 -1.0400000000e+01 -1.5100133650e-01
     vertex 8.5854268476e+00 -1.5600000000e+01 -1.2163996551e-01
     vertex 6.8766522898e+00 -1.0400000000e+01 -1.9133401598e-01
   endloop
 endfacet
 facet normal  7.7630934043e-02 1.2149076697e-02 -9.9690813921e-01
   outer loop
     vertex 8.5854268476e+00 -1.5600000000e+01 -1.2163996551e-01
     vertex 8.1681993698e+00 -1.5600000000e+01 -1.5413017954e-01
     vertex 6.8766522898e+00 -1.0400000000e+01 -1.9133401598e-01
   endloop
 endfacet
 facet normal  6.2290016392e-02 8.3308062204e-03 -9.9802332214e-01
   outer loop
     vertex 6.8766522898e+00 -1.0400000000e+01 -1.9133401598e-01
     vertex 8.1681993698e+00 -1.5600000000e+01 -1.5413017954e-01
     vertex 6.3144071318e+00 -1.0400000000e+01 -2.2642564092e-01
   endloop
 endfacet
 facet normal  6.2290016392e-02 8.3308062204e-03 -9.9802332214e-01
   outer loop
     vertex 8.1681993698e+00 -1.5600000000e+01 -1.5413017954e-01
     vertex 7.7152796592e+00 -1.5600000000e+01 -1.8239843297e-01
     vertex 6.3144071318e+00 -1.0400000000e+01 -2.2642564092e-01
   endloop
 endfacet
 facet normal  4.0847978729e-02 2.5447100404e-03 -9.9916213253e-01
   outer loop
     vertex 6.3144071318e+00 -1.0400000000e+01 -2.2642564092e-01
     vertex 7.7152796592e+00 -1.5600000000e+01 -1.8239843297e-01
     vertex 7.2618626025e+00 -1.5600000000e+01 -2.0093513455e-01
   endloop
 endfacet
 facet normal  4.0847978729e-02 2.5447100404e-03 -9.9916213253e-01
   outer loop
     vertex 6.3144071318e+00 -1.0400000000e+01 -2.2642564092e-01
     vertex 7.2618626025e+00 -1.5600000000e+01 -2.0093513455e-01
     vertex 5.7515445786e+00 -1.0400000000e+01 -2.4943671876e-01
   endloop
 endfacet
 facet normal  1.1502009480e-02 -5.9857335831e-03 -9.9991593385e-01
   outer loop
     vertex 5.7515445786e+00 -1.0400000000e+01 -2.4943671876e-01
     vertex 7.2618626025e+00 -1.5600000000e+01 -2.0093513455e-01
     vertex 6.8434158664e+00 -1.5600000000e+01 -2.0574851752e-01
   endloop
 endfacet
 facet normal  1.1502009480e-02 -5.9857335831e-03 -9.9991593385e-01
   outer loop
     vertex 5.7515445786e+00 -1.0400000000e+01 -2.4943671876e-01
     vertex 6.8434158664e+00 -1.5600000000e+01 -2.0574851752e-01
     vertex 5.2320934580e+00 -1.0400000000e+01 -2.5541195278e-01
   endloop
 endfacet
 facet normal  -2.7002626085e-02 -1.7912940621e-02 -9.9947485448e-01
   outer loop
     vertex 5.2320934580e+00 -1.0400000000e+01 -2.5541195278e-01
     vertex 6.8434158664e+00 -1.5600000000e+01 -2.0574851752e-01
     vertex 6.4855081562e+00 -1.5600000000e+01 -1.9607899154e-01
   endloop
 endfacet
 facet normal  -2.7002626085e-02 -1.7912940621e-02 -9.9947485448e-01
   outer loop
     vertex 5.2320934580e+00 -1.0400000000e+01 -2.5541195278e-01
     vertex 6.4855081562e+00 -1.5600000000e+01 -1.9607899154e-01
     vertex 4.7877942316e+00 -1.0400000000e+01 -2.4340840329e-01
   endloop
 endfacet
 facet normal  -7.6265379433e-02 -3.3969417143e-02 -9.9650874085e-01
   outer loop
     vertex 4.7877942316e+00 -1.0400000000e+01 -2.4340840329e-01
     vertex 6.4855081562e+00 -1.5600000000e+01 -1.9607899154e-01
     vertex 6.1991442594e+00 -1.5600000000e+01 -1.7416282527e-01
   endloop
 endfacet
 facet normal  -7.6265379433e-02 -3.3969417143e-02 -9.9650874085e-01
   outer loop
     vertex 4.7877942316e+00 -1.0400000000e+01 -2.4340840329e-01
     vertex 6.1991442594e+00 -1.5600000000e+01 -1.7416282527e-01
     vertex 4.4323080148e+00 -1.0400000000e+01 -2.1620212793e-01
   endloop
 endfacet
 facet normal  -1.4039866345e-01 -5.5695854782e-02 -9.8852728190e-01
   outer loop
     vertex 4.4323080148e+00 -1.0400000000e+01 -2.1620212793e-01
     vertex 6.1991442594e+00 -1.5600000000e+01 -1.7416282527e-01
     vertex 5.9826297629e+00 -1.5600000000e+01 -1.4341168014e-01
   endloop
 endfacet
 facet normal  -1.4039866345e-01 -5.5695854782e-02 -9.8852728190e-01
   outer loop
     vertex 4.4323080148e+00 -1.0400000000e+01 -2.1620212793e-01
     vertex 5.9826297629e+00 -1.5600000000e+01 -1.4341168014e-01
     vertex 4.1635313985e+00 -1.0400000000e+01 -1.7802829258e-01
   endloop
 endfacet
 facet normal  -2.3197751288e-01 -8.7601038367e-02 -9.6876854387e-01
   outer loop
     vertex 4.1635313985e+00 -1.0400000000e+01 -1.7802829258e-01
     vertex 5.9826297629e+00 -1.5600000000e+01 -1.4341168014e-01
     vertex 5.8270563321e+00 -1.5600000000e+01 -1.0615867706e-01
   endloop
 endfacet
 facet normal  -2.3197751288e-01 -8.7601038367e-02 -9.6876854387e-01
   outer loop
     vertex 4.1635313985e+00 -1.0400000000e+01 -1.7802829258e-01
     vertex 5.8270563321e+00 -1.5600000000e+01 -1.0615867706e-01
     vertex 3.9704057603e+00 -1.0400000000e+01 -1.3178318532e-01
   endloop
 endfacet
 facet normal  -3.9257485099e-01 -1.4464392631e-01 -9.0827480475e-01
   outer loop
     vertex 3.9704057603e+00 -1.0400000000e+01 -1.3178318532e-01
     vertex 5.8270563321e+00 -1.5600000000e+01 -1.0615867706e-01
     vertex 5.7229355222e+00 -1.5600000000e+01 -6.1155544489e-02
   endloop
 endfacet
 facet normal  -3.9257485099e-01 -1.4464392631e-01 -9.0827480475e-01
   outer loop
     vertex 3.9704057603e+00 -1.0400000000e+01 -1.3178318532e-01
     vertex 5.7229355222e+00 -1.5600000000e+01 -6.1155544489e-02
     vertex 3.8411523410e+00 -1.0400000000e+01 -7.5917227642e-02
   endloop
 endfacet
 facet normal  -7.7291780451e-01 -2.8131907438e-01 -5.6873336974e-01
   outer loop
     vertex 3.8411523410e+00 -1.0400000000e+01 -7.5917227642e-02
     vertex 5.7229355222e+00 -1.5600000000e+01 -6.1155544489e-02
     vertex 5.6779356546e+00 -1.5600000000e+01 0.0000000000e+00
   endloop
 endfacet
 facet normal  -7.7291780451e-01 -2.8131907438e-01 -5.6873336974e-01
   outer loop
     vertex 3.8411523410e+00 -1.0400000000e+01 -7.5917227642e-02
     vertex 5.6779356546e+00 -1.5600000000e+01 0.0000000000e+00
     vertex 3.7852904364e+00 -1.0400000000e+01 0.0000000000e+00
   endloop
 endfacet
 facet normal  -7.7291780451e-01 -2.8131907438e-01 5.6873336974e-01
   outer loop
     vertex 3.7852904364e+00 -1.0400000000e+01 0.0000000000e+00
     vertex 5.6779356546e+00 -1.5600000000e+01 0.0000000000e+00
     vertex 3.8411523410e+00 -1.0400000000e+01 7.5917227642e-02
   endloop
 endfacet
 facet normal  -7.7291780451e-01 -2.8131907438e-01 5.6873336974e-01
   outer loop
     vertex 5.6779356546e+00 -1.5600000000e+01 0.0000000000e+00
     vertex 5.7229355222e+00 -1.5600000000e+01 6.1155544489e-02
     vertex 3.8411523410e+00 -1.0400000000e+01 7.5917227642e-02
   endloop
 endfacet
 facet normal  -3.9257485099e-01 -1.4464392631e-01 9.0827480475e-01
   outer loop
     vertex 3.8411523410e+00 -1.0400000000e+01 7.5917227642e-02
     vertex 5.7229355222e+00 -1.5600000000e+01 6.1155544489e-02
     vertex 3.9704057603e+00 -1.0400000000e+01 1.3178318532e-01
   endloop
 endfacet
 facet normal  -3.9257485099e-01 -1.4464392631e-01 9.0827480475e-01
   outer loop
     vertex 5.7229355222e+00 -1.5600000000e+01 6.1155544489e-02
     vertex 5.8270563321e+00 -1.5600000000e+01 1.0615867706e-01
     vertex 3.9704057603e+00 -1.0400000000e+01 1.3178318532e-01
   endloop
 endfacet
 facet normal  -2.3197751288e-01 -8.7601038367e-02 9.6876854387e-01
   outer loop
     vertex 3.9704057603e+00 -1.0400000000e+01 1.3178318532e-01
     vertex 5.8270563321e+00 -1.5600000000e+01 1.0615867706e-01
     vertex 4.1635313985e+00 -1.0400000000e+01 1.7802829258e-01
   endloop
 endfacet
 facet normal  -2.3197751288e-01 -8.7601038367e-02 9.6876854387e-01
   outer loop
     vertex 5.8270563321e+00 -1.5600000000e+01 1.0615867706e-01
     vertex 5.9826297629e+00 -1.5600000000e+01 1.4341168014e-01
     vertex 4.1635313985e+00 -1.0400000000e+01 1.7802829258e-01
   endloop
 endfacet
 facet normal  -1.4039866345e-01 -5.5695854782e-02 9.8852728190e-01
   outer loop
     vertex 4.1635313985e+00 -1.0400000000e+01 1.7802829258e-01
     vertex 5.9826297629e+00 -1.5600000000e+01 1.4341168014e-01
     vertex 4.4323080148e+00 -1.0400000000e+01 2.1620212793e-01
   endloop
 endfacet
 facet normal  -1.4039866345e-01 -5.5695854782e-02 9.8852728190e-01
   outer loop
     vertex 5.9826297629e+00 -1.5600000000e+01 1.4341168014e-01
     vertex 6.1991442594e+00 -1.5600000000e+01 1.7416282527e-01
     vertex 4.4323080148e+00 -1.0400000000e+01 2.1620212793e-01
   endloop
 endfacet
 facet normal  -7.6265379433e-02 -3.3969417143e-02 9.9650874085e-01
   outer loop
     vertex 4.4323080148e+00 -1.0400000000e+01 2.1620212793e-01
     vertex 6.1991442594e+00 -1.5600000000e+01 1.7416282527e-01
     vertex 4.7877942316e+00 -1.0400000000e+01 2.4340840329e-01
   endloop
 endfacet
 facet normal  -7.6265379433e-02 -3.3969417143e-02 9.9650874085e-01
   outer loop
     vertex 6.1991442594e+00 -1.5600000000e+01 1.7416282527e-01
     vertex 6.4855081562e+00 -1.5600000000e+01 1.9607899154e-01
     vertex 4.7877942316e+00 -1.0400000000e+01 2.4340840329e-01
   endloop
 endfacet
 facet normal  -2.7002626085e-02 -1.7912940621e-02 9.9947485448e-01
   outer loop
     vertex 4.7877942316e+00 -1.0400000000e+01 2.4340840329e-01
     vertex 6.4855081562e+00 -1.5600000000e+01 1.9607899154e-01
     vertex 5.2320934580e+00 -1.0400000000e+01 2.5541195278e-01
   endloop
 endfacet
 facet normal  -2.7002626085e-02 -1.7912940621e-02 9.9947485448e-01
   outer loop
     vertex 6.4855081562e+00 -1.5600000000e+01 1.9607899154e-01
     vertex 6.8434158664e+00 -1.5600000000e+01 2.0574851752e-01
     vertex 5.2320934580e+00 -1.0400000000e+01 2.5541195278e-01
   endloop
 endfacet
 facet normal  1.1502009480e-02 -5.9857335831e-03 9.9991593385e-01
   outer loop
     vertex 5.2320934580e+00 -1.0400000000e+01 2.5541195278e-01
     vertex 6.8434158664e+00 -1.5600000000e+01 2.0574851752e-01
     vertex 5.7515445786e+00 -1.0400000000e+01 2.4943671876e-01
   endloop
 endfacet
 facet normal  1.1502009480e-02 -5.9857335831e-03 9.9991593385e-01
   outer loop
     vertex 6.8434158664e+00 -1.5600000000e+01 2.0574851752e-01
     vertex 7.2618626025e+00 -1.5600000000e+01 2.0093513455e-01
     vertex 5.7515445786e+00 -1.0400000000e+01 2.4943671876e-01
   endloop
 endfacet
 facet normal  4.0847978729e-02 2.5447100404e-03 9.9916213253e-01
   outer loop
     vertex 5.7515445786e+00 -1.0400000000e+01 2.4943671876e-01
     vertex 7.2618626025e+00 -1.5600000000e+01 2.0093513455e-01
     vertex 6.3144071318e+00 -1.0400000000e+01 2.2642564092e-01
   endloop
 endfacet
 facet normal  4.0847978729e-02 2.5447100404e-03 9.9916213253e-01
   outer loop
     vertex 7.2618626025e+00 -1.5600000000e+01 2.0093513455e-01
     vertex 7.7152796592e+00 -1.5600000000e+01 1.8239843297e-01
     vertex 6.3144071318e+00 -1.0400000000e+01 2.2642564092e-01
   endloop
 endfacet
 facet normal  6.2290016392e-02 8.3308062204e-03 9.9802332214e-01
   outer loop
     vertex 6.3144071318e+00 -1.0400000000e+01 2.2642564092e-01
     vertex 7.7152796592e+00 -1.5600000000e+01 1.8239843297e-01
     vertex 8.1681993698e+00 -1.5600000000e+01 1.5413017954e-01
   endloop
 endfacet
 facet normal  6.2290016392e-02 8.3308062204e-03 9.9802332214e-01
   outer loop
     vertex 6.3144071318e+00 -1.0400000000e+01 2.2642564092e-01
     vertex 8.1681993698e+00 -1.5600000000e+01 1.5413017954e-01
     vertex 6.8766522898e+00 -1.0400000000e+01 1.9133401598e-01
   endloop
 endfacet
 facet normal  7.7630934043e-02 1.2149076697e-02 9.9690813921e-01
   outer loop
     vertex 6.8766522898e+00 -1.0400000000e+01 1.9133401598e-01
     vertex 8.1681993698e+00 -1.5600000000e+01 1.5413017954e-01
     vertex 8.5854268476e+00 -1.5600000000e+01 1.2163996551e-01
   endloop
 endfacet
 facet normal  7.7630934043e-02 1.2149076697e-02 9.9690813921e-01
   outer loop
     vertex 6.8766522898e+00 -1.0400000000e+01 1.9133401598e-01
     vertex 8.5854268476e+00 -1.5600000000e+01 1.2163996551e-01
     vertex 7.3945898484e+00 -1.0400000000e+01 1.5100133650e-01
   endloop
 endfacet
 facet normal  8.8786379298e-02 1.4709207832e-02 9.9594207565e-01
   outer loop
     vertex 7.3945898484e+00 -1.0400000000e+01 1.5100133650e-01
     vertex 8.5854268476e+00 -1.5600000000e+01 1.2163996551e-01
     vertex 8.9420760765e+00 -1.5600000000e+01 8.9845351657e-02
   endloop
 endfacet
 facet normal  8.8786379298e-02 1.4709207832e-02 9.9594207565e-01
   outer loop
     vertex 7.3945898484e+00 -1.0400000000e+01 1.5100133650e-01
     vertex 8.9420760765e+00 -1.5600000000e+01 8.9845351657e-02
     vertex 7.8373268222e+00 -1.0400000000e+01 1.1153216068e-01
   endloop
 endfacet
 facet normal  9.7179913759e-02 1.6495815467e-02 9.9513011834e-01
   outer loop
     vertex 7.8373268222e+00 -1.0400000000e+01 1.1153216068e-01
     vertex 8.9420760765e+00 -1.5600000000e+01 8.9845351657e-02
     vertex 9.2279530588e+00 -1.5600000000e+01 6.1927896466e-02
   endloop
 endfacet
 facet normal  9.7179913759e-02 1.6495815467e-02 9.9513011834e-01
   outer loop
     vertex 7.8373268222e+00 -1.0400000000e+01 1.1153216068e-01
     vertex 9.2279530588e+00 -1.5600000000e+01 6.1927896466e-02
     vertex 8.1922085934e+00 -1.0400000000e+01 7.6876009405e-02
   endloop
 endfacet
 facet normal  1.0361751801e-01 1.7779999237e-02 9.9445828549e-01
   outer loop
     vertex 8.1922085934e+00 -1.0400000000e+01 7.6876009405e-02
     vertex 9.2279530588e+00 -1.5600000000e+01 6.1927896466e-02
     vertex 9.4455126572e+00 -1.5600000000e+01 3.9259287906e-02
   endloop
 endfacet
 facet normal  1.0361751801e-01 1.7779999237e-02 9.9445828549e-01
   outer loop
     vertex 8.1922085934e+00 -1.0400000000e+01 7.6876009405e-02
     vertex 9.4455126572e+00 -1.5600000000e+01 3.9259287906e-02
     vertex 8.4622825776e+00 -1.0400000000e+01 4.8735667746e-02
   endloop
 endfacet
 facet normal  1.0856986581e-01 1.8717397026e-02 9.9391259338e-01
   outer loop
     vertex 8.4622825776e+00 -1.0400000000e+01 4.8735667746e-02
     vertex 9.4455126572e+00 -1.5600000000e+01 3.9259287906e-02
     vertex 9.6046292132e+00 -1.5600000000e+01 2.1878219140e-02
   endloop
 endfacet
 facet normal  1.0856986581e-01 1.8717397026e-02 9.9391259338e-01
   outer loop
     vertex 8.4622825776e+00 -1.0400000000e+01 4.8735667746e-02
     vertex 9.6046292132e+00 -1.5600000000e+01 2.1878219140e-02
     vertex 8.6598065781e+00 -1.0400000000e+01 2.7159168588e-02
   endloop
 endfacet
 facet normal  1.1229285196e-01 1.9394284542e-02 9.9348587163e-01
   outer loop
     vertex 8.6598065781e+00 -1.0400000000e+01 2.7159168588e-02
     vertex 9.6046292132e+00 -1.5600000000e+01 2.1878219140e-02
     vertex 9.7176517938e+00 -1.5600000000e+01 9.1033742440e-03
   endloop
 endfacet
 facet normal  1.1229285196e-01 1.9394284542e-02 9.9348587163e-01
   outer loop
     vertex 8.6598065781e+00 -1.0400000000e+01 2.7159168588e-02
     vertex 9.7176517938e+00 -1.5600000000e+01 9.1033742440e-03
     vertex 8.8001104714e+00 -1.0400000000e+01 1.1300740441e-02
   endloop
 endfacet
 facet normal  1.1498816692e-01 1.9870007827e-02 9.9316811480e-01
   outer loop
     vertex 8.8001104714e+00 -1.0400000000e+01 1.1300740441e-02
     vertex 9.7176517938e+00 -1.5600000000e+01 9.1033742440e-03
     vertex 9.7962788498e+00 -1.5600000000e+01 0.0000000000e+00
   endloop
 endfacet
 facet normal  1.1498816692e-01 1.9870007827e-02 9.9316811480e-01
   outer loop
     vertex 8.8001104714e+00 -1.0400000000e+01 1.1300740441e-02
     vertex 9.7962788498e+00 -1.5600000000e+01 0.0000000000e+00
     vertex 8.8977164719e+00 -1.0400000000e+01 0.0000000000e+00
   endloop
 endfacet
 facet normal  1.1498816692e-01 1.9870007827e-02 -9.9316811480e-01
   outer loop
     vertex 9.7962788498e+00 -1.5600000000e+01 0.0000000000e+00
     vertex 1.0694841228e+01 -2.0800000000e+01 0.0000000000e+00
     vertex 9.7176517938e+00 -1.5600000000e+01 -9.1033742440e-03
   endloop
 endfacet
 facet normal  1.1498816692e-01 1.9870007827e-02 -9.9316811480e-01
   outer loop
     vertex 1.0694841228e+01 -2.0800000000e+01 0.0000000000e+00
     vertex 1.0635193116e+01 -2.0800000000e+01 -6.9060080471e-03
     vertex 9.7176517938e+00 -1.5600000000e+01 -9.1033742440e-03
   endloop
 endfacet
 facet normal  1.1229285196e-01 1.9394284542e-02 -9.9348587163e-01
   outer loop
     vertex 9.7176517938e+00 -1.5600000000e+01 -9.1033742440e-03
     vertex 1.0635193116e+01 -2.0800000000e+01 -6.9060080471e-03
     vertex 9.6046292132e+00 -1.5600000000e+01 -2.1878219140e-02
   endloop
 endfacet
 facet normal  1.1229285196e-01 1.9394284542e-02 -9.9348587163e-01
   outer loop
     vertex 1.0635193116e+01 -2.0800000000e+01 -6.9060080471e-03
     vertex 1.0549451848e+01 -2.0800000000e+01 -1.6597269693e-02
     vertex 9.6046292132e+00 -1.5600000000e+01 -2.1878219140e-02
   endloop
 endfacet
 facet normal  1.0856986581e-01 1.8717397026e-02 -9.9391259338e-01
   outer loop
     vertex 9.6046292132e+00 -1.5600000000e+01 -2.1878219140e-02
     vertex 1.0549451848e+01 -2.0800000000e+01 -1.6597269693e-02
     vertex 9.4455126572e+00 -1.5600000000e+01 -3.9259287906e-02
   endloop
 endfacet
 facet normal  1.0856986581e-01 1.8717397026e-02 -9.9391259338e-01
   outer loop
     vertex 1.0549451848e+01 -2.0800000000e+01 -1.6597269693e-02
     vertex 1.0428742737e+01 -2.0800000000e+01 -2.9782908067e-02
     vertex 9.4455126572e+00 -1.5600000000e+01 -3.9259287906e-02
   endloop
 endfacet
 facet normal  1.0361751801e-01 1.7779999237e-02 -9.9445828549e-01
   outer loop
     vertex 9.4455126572e+00 -1.5600000000e+01 -3.9259287906e-02
     vertex 1.0428742737e+01 -2.0800000000e+01 -2.9782908067e-02
     vertex 9.2279530588e+00 -1.5600000000e+01 -6.1927896466e-02
   endloop
 endfacet
 facet normal  1.0361751801e-01 1.7779999237e-02 -9.9445828549e-01
   outer loop
     vertex 1.0428742737e+01 -2.0800000000e+01 -2.9782908067e-02
     vertex 1.0263697524e+01 -2.0800000000e+01 -4.6979783526e-02
     vertex 9.2279530588e+00 -1.5600000000e+01 -6.1927896466e-02
   endloop
 endfacet
 facet normal  9.7179913759e-02 1.6495815467e-02 -9.9513011834e-01
   outer loop
     vertex 9.2279530588e+00 -1.5600000000e+01 -6.1927896466e-02
     vertex 1.0263697524e+01 -2.0800000000e+01 -4.6979783526e-02
     vertex 8.9420760765e+00 -1.5600000000e+01 -8.9845351657e-02
   endloop
 endfacet
 facet normal  9.7179913759e-02 1.6495815467e-02 -9.9513011834e-01
   outer loop
     vertex 1.0263697524e+01 -2.0800000000e+01 -4.6979783526e-02
     vertex 1.0046825331e+01 -2.0800000000e+01 -6.8158542636e-02
     vertex 8.9420760765e+00 -1.5600000000e+01 -8.9845351657e-02
   endloop
 endfacet
 facet normal  8.8786379298e-02 1.4709207832e-02 -9.9594207565e-01
   outer loop
     vertex 8.9420760765e+00 -1.5600000000e+01 -8.9845351657e-02
     vertex 1.0046825331e+01 -2.0800000000e+01 -6.8158542636e-02
     vertex 8.5854268476e+00 -1.5600000000e+01 -1.2163996551e-01
   endloop
 endfacet
 facet normal  8.8786379298e-02 1.4709207832e-02 -9.9594207565e-01
   outer loop
     vertex 1.0046825331e+01 -2.0800000000e+01 -6.8158542636e-02
     vertex 9.7762638467e+00 -2.0800000000e+01 -9.2278594525e-02
     vertex 8.5854268476e+00 -1.5600000000e+01 -1.2163996551e-01
   endloop
 endfacet
 facet normal  7.7630934043e-02 1.2149076697e-02 -9.9690813921e-01
   outer loop
     vertex 8.5854268476e+00 -1.5600000000e+01 -1.2163996551e-01
     vertex 9.7762638467e+00 -2.0800000000e+01 -9.2278594525e-02
     vertex 8.1681993698e+00 -1.5600000000e+01 -1.5413017954e-01
   endloop
 endfacet
 facet normal  7.7630934043e-02 1.2149076697e-02 -9.9690813921e-01
   outer loop
     vertex 9.7762638467e+00 -2.0800000000e+01 -9.2278594525e-02
     vertex 9.4597464498e+00 -2.0800000000e+01 -1.1692634310e-01
     vertex 8.1681993698e+00 -1.5600000000e+01 -1.5413017954e-01
   endloop
 endfacet
 facet normal  6.2290016392e-02 8.3308062204e-03 -9.9802332214e-01
   outer loop
     vertex 8.1681993698e+00 -1.5600000000e+01 -1.5413017954e-01
     vertex 9.4597464498e+00 -2.0800000000e+01 -1.1692634310e-01
     vertex 7.7152796592e+00 -1.5600000000e+01 -1.8239843297e-01
   endloop
 endfacet
 facet normal  6.2290016392e-02 8.3308062204e-03 -9.9802332214e-01
   outer loop
     vertex 9.4597464498e+00 -2.0800000000e+01 -1.1692634310e-01
     vertex 9.1161521866e+00 -2.0800000000e+01 -1.3837122501e-01
     vertex 7.7152796592e+00 -1.5600000000e+01 -1.8239843297e-01
   endloop
 endfacet
 facet normal  4.0847978729e-02 2.5447100404e-03 -9.9916213253e-01
   outer loop
     vertex 7.7152796592e+00 -1.5600000000e+01 -1.8239843297e-01
     vertex 9.1161521866e+00 -2.0800000000e+01 -1.3837122501e-01
     vertex 8.7721806263e+00 -2.0800000000e+01 -1.5243355035e-01
   endloop
 endfacet
 facet normal  4.0847978729e-02 2.5447100404e-03 -9.9916213253e-01
   outer loop
     vertex 7.7152796592e+00 -1.5600000000e+01 -1.8239843297e-01
     vertex 8.7721806263e+00 -2.0800000000e+01 -1.5243355035e-01
     vertex 7.2618626025e+00 -1.5600000000e+01 -2.0093513455e-01
   endloop
 endfacet
 facet normal  1.1502009480e-02 -5.9857335831e-03 -9.9991593385e-01
   outer loop
     vertex 7.2618626025e+00 -1.5600000000e+01 -2.0093513455e-01
     vertex 8.7721806263e+00 -2.0800000000e+01 -1.5243355035e-01
     vertex 8.4547382749e+00 -2.0800000000e+01 -1.5608508226e-01
   endloop
 endfacet
 facet normal  1.1502009480e-02 -5.9857335831e-03 -9.9991593385e-01
   outer loop
     vertex 7.2618626025e+00 -1.5600000000e+01 -2.0093513455e-01
     vertex 8.4547382749e+00 -2.0800000000e+01 -1.5608508226e-01
     vertex 6.8434158664e+00 -1.5600000000e+01 -2.0574851752e-01
   endloop
 endfacet
 facet normal  -2.7002626085e-02 -1.7912940621e-02 -9.9947485448e-01
   outer loop
     vertex 6.8434158664e+00 -1.5600000000e+01 -2.0574851752e-01
     vertex 8.4547382749e+00 -2.0800000000e+01 -1.5608508226e-01
     vertex 8.1832220809e+00 -2.0800000000e+01 -1.4874957979e-01
   endloop
 endfacet
 facet normal  -2.7002626085e-02 -1.7912940621e-02 -9.9947485448e-01
   outer loop
     vertex 6.8434158664e+00 -1.5600000000e+01 -2.0574851752e-01
     vertex 8.1832220809e+00 -2.0800000000e+01 -1.4874957979e-01
     vertex 6.4855081562e+00 -1.5600000000e+01 -1.9607899154e-01
   endloop
 endfacet
 facet normal  -7.6265379433e-02 -3.3969417143e-02 -9.9650874085e-01
   outer loop
     vertex 6.4855081562e+00 -1.5600000000e+01 -1.9607899154e-01
     vertex 8.1832220809e+00 -2.0800000000e+01 -1.4874957979e-01
     vertex 7.9659805040e+00 -2.0800000000e+01 -1.3212352262e-01
   endloop
 endfacet
 facet normal  -7.6265379433e-02 -3.3969417143e-02 -9.9650874085e-01
   outer loop
     vertex 6.4855081562e+00 -1.5600000000e+01 -1.9607899154e-01
     vertex 7.9659805040e+00 -2.0800000000e+01 -1.3212352262e-01
     vertex 6.1991442594e+00 -1.5600000000e+01 -1.7416282527e-01
   endloop
 endfacet
 facet normal  -1.4039866345e-01 -5.5695854782e-02 -9.8852728190e-01
   outer loop
     vertex 6.1991442594e+00 -1.5600000000e+01 -1.7416282527e-01
     vertex 7.9659805040e+00 -2.0800000000e+01 -1.3212352262e-01
     vertex 7.8017281274e+00 -2.0800000000e+01 -1.0879506769e-01
   endloop
 endfacet
 facet normal  -1.4039866345e-01 -5.5695854782e-02 -9.8852728190e-01
   outer loop
     vertex 6.1991442594e+00 -1.5600000000e+01 -1.7416282527e-01
     vertex 7.8017281274e+00 -2.0800000000e+01 -1.0879506769e-01
     vertex 5.9826297629e+00 -1.5600000000e+01 -1.4341168014e-01
   endloop
 endfacet
 facet normal  -2.3197751288e-01 -8.7601038367e-02 -9.6876854387e-01
   outer loop
     vertex 5.9826297629e+00 -1.5600000000e+01 -1.4341168014e-01
     vertex 7.8017281274e+00 -2.0800000000e+01 -1.0879506769e-01
     vertex 7.6837069040e+00 -2.0800000000e+01 -8.0534168804e-02
   endloop
 endfacet
 facet normal  -2.3197751288e-01 -8.7601038367e-02 -9.6876854387e-01
   outer loop
     vertex 5.9826297629e+00 -1.5600000000e+01 -1.4341168014e-01
     vertex 7.6837069040e+00 -2.0800000000e+01 -8.0534168804e-02
     vertex 5.8270563321e+00 -1.5600000000e+01 -1.0615867706e-01
   endloop
 endfacet
 facet normal  -3.9257485099e-01 -1.4464392631e-01 -9.0827480475e-01
   outer loop
     vertex 5.8270563321e+00 -1.5600000000e+01 -1.0615867706e-01
     vertex 7.6837069040e+00 -2.0800000000e+01 -8.0534168804e-02
     vertex 7.6047187034e+00 -2.0800000000e+01 -4.6393861337e-02
   endloop
 endfacet
 facet normal  -3.9257485099e-01 -1.4464392631e-01 -9.0827480475e-01
   outer loop
     vertex 5.8270563321e+00 -1.5600000000e+01 -1.0615867706e-01
     vertex 7.6047187034e+00 -2.0800000000e+01 -4.6393861337e-02
     vertex 5.7229355222e+00 -1.5600000000e+01 -6.1155544489e-02
   endloop
 endfacet
 facet normal  -7.7291780451e-01 -2.8131907438e-01 -5.6873336974e-01
   outer loop
     vertex 5.7229355222e+00 -1.5600000000e+01 -6.1155544489e-02
     vertex 7.6047187034e+00 -2.0800000000e+01 -4.6393861337e-02
     vertex 7.5705808727e+00 -2.0800000000e+01 0.0000000000e+00
   endloop
 endfacet
 facet normal  -7.7291780451e-01 -2.8131907438e-01 -5.6873336974e-01
   outer loop
     vertex 5.7229355222e+00 -1.5600000000e+01 -6.1155544489e-02
     vertex 7.5705808727e+00 -2.0800000000e+01 0.0000000000e+00
     vertex 5.6779356546e+00 -1.5600000000e+01 0.0000000000e+00
   endloop
 endfacet
 facet normal  -7.7291780451e-01 -2.8131907438e-01 5.6873336974e-01
   outer loop
     vertex 5.6779356546e+00 -1.5600000000e+01 0.0000000000e+00
     vertex 7.5705808727e+00 -2.0800000000e+01 0.0000000000e+00
     vertex 5.7229355222e+00 -1.5600000000e+01 6.1155544489e-02
   endloop
 endfacet
 facet normal  -7.7291780451e-01 -2.8131907438e-01 5.6873336974e-01
   outer loop
     vertex 7.5705808727e+00 -2.0800000000e+01 0.0000000000e+00
     vertex 7.6047187034e+00 -2.0800000000e+01 4.6393861337e-02
     vertex 5.7229355222e+00 -1.5600000000e+01 6.1155544489e-02
   endloop
 endfacet
 facet normal  -3.9257485099e-01 -1.4464392631e-01 9.0827480475e-01
   outer loop
     vertex 5.7229355222e+00 -1.5600000000e+01 6.1155544489e-02
     vertex 7.6047187034e+00 -2.0800000000e+01 4.6393861337e-02
     vertex 5.8270563321e+00 -1.5600000000e+01 1.0615867706e-01
   endloop
 endfacet
 facet normal  -3.9257485099e-01 -1.4464392631e-01 9.0827480475e-01
   outer loop
     vertex 7.6047187034e+00 -2.0800000000e+01 4.6393861337e-02
     vertex 7.6837069040e+00 -2.0800000000e+01 8.0534168804e-02
     vertex 5.8270563321e+00 -1.5600000000e+01 1.0615867706e-01
   endloop
 endfacet
 facet normal  -2.3197751288e-01 -8.7601038367e-02 9.6876854387e-01
   outer loop
     vertex 5.8270563321e+00 -1.5600000000e+01 1.0615867706e-01
     vertex 7.6837069040e+00 -2.0800000000e+01 8.0534168804e-02
     vertex 5.9826297629e+00 -1.5600000000e+01 1.4341168014e-01
   endloop
 endfacet
 facet normal  -2.3197751288e-01 -8.7601038367e-02 9.6876854387e-01
   outer loop
     vertex 7.6837069040e+00 -2.0800000000e+01 8.0534168804e-02
     vertex 7.8017281274e+00 -2.0800000000e+01 1.0879506769e-01
     vertex 5.9826297629e+00 -1.5600000000e+01 1.4341168014e-01
   endloop
 endfacet
 facet normal  -1.4039866345e-01 -5.5695854782e-02 9.8852728190e-01
   outer loop
     vertex 5.9826297629e+00 -1.5600000000e+01 1.4341168014e-01
     vertex 7.8017281274e+00 -2.0800000000e+01 1.0879506769e-01
     vertex 6.1991442594e+00 -1.5600000000e+01 1.7416282527e-01
   endloop
 endfacet
 facet normal  -1.4039866345e-01 -5.5695854782e-02 9.8852728190e-01
   outer loop
     vertex 7.8017281274e+00 -2.0800000000e+01 1.0879506769e-01
     vertex 7.9659805040e+00 -2.0800000000e+01 1.3212352262e-01
     vertex 6.1991442594e+00 -1.5600000000e+01 1.7416282527e-01
   endloop
 endfacet
 facet normal  -7.6265379433e-02 -3.3969417143e-02 9.9650874085e-01
   outer loop
     vertex 6.1991442594e+00 -1.5600000000e+01 1.7416282527e-01
     vertex 7.9659805040e+00 -2.0800000000e+01 1.3212352262e-01
     vertex 6.4855081562e+00 -1.5600000000e+01 1.9607899154e-01
   endloop
 endfacet
 facet normal  -7.6265379433e-02 -3.3969417143e-02 9.9650874085e-01
   outer loop
     vertex 7.9659805040e+00 -2.0800000000e+01 1.3212352262e-01
     vertex 8.1832220809e+00 -2.0800000000e+01 1.4874957979e-01
     vertex 6.4855081562e+00 -1.5600000000e+01 1.9607899154e-01
   endloop
 endfacet
 facet normal  -2.7002626085e-02 -1.7912940621e-02 9.9947485448e-01
   outer loop
     vertex 6.4855081562e+00 -1.5600000000e+01 1.9607899154e-01
     vertex 8.1832220809e+00 -2.0800000000e+01 1.4874957979e-01
     vertex 6.8434158664e+00 -1.5600000000e+01 2.0574851752e-01
   endloop
 endfacet
 facet normal  -2.7002626085e-02 -1.7912940621e-02 9.9947485448e-01
   outer loop
     vertex 8.1832220809e+00 -2.0800000000e+01 1.4874957979e-01
     vertex 8.4547382749e+00 -2.0800000000e+01 1.5608508226e-01
     vertex 6.8434158664e+00 -1.5600000000e+01 2.0574851752e-01
   endloop
 endfacet
 facet normal  1.1502009480e-02 -5.9857335831e-03 9.9991593385e-01
   outer loop
     vertex 6.8434158664e+00 -1.5600000000e+01 2.0574851752e-01
     vertex 8.4547382749e+00 -2.0800000000e+01 1.5608508226e-01
     vertex 7.2618626025e+00 -1.5600000000e+01 2.0093513455e-01
   endloop
 endfacet
 facet normal  1.1502009480e-02 -5.9857335831e-03 9.9991593385e-01
   outer loop
     vertex 8.4547382749e+00 -2.0800000000e+01 1.5608508226e-01
     vertex 8.7721806263e+00 -2.0800000000e+01 1.5243355035e-01
     vertex 7.2618626025e+00 -1.5600000000e+01 2.0093513455e-01
   endloop
 endfacet
 facet normal  4.0847978729e-02 2.5447100404e-03 9.9916213253e-01
   outer loop
     vertex 7.2618626025e+00 -1.5600000000e+01 2.0093513455e-01
     vertex 8.7721806263e+00 -2.0800000000e+01 1.5243355035e-01
     vertex 7.7152796592e+00 -1.5600000000e+01 1.8239843297e-01
   endloop
 endfacet
 facet normal  4.0847978729e-02 2.5447100404e-03 9.9916213253e-01
   outer loop
     vertex 8.7721806263e+00 -2.0800000000e+01 1.5243355035e-01
     vertex 9.1161521866e+00 -2.0800000000e+01 1.3837122501e-01
     vertex 7.7152796592e+00 -1.5600000000e+01 1.8239843297e-01
   endloop
 endfacet
 facet normal  6.2290016392e-02 8.3308062204e-03 9.9802332214e-01
   outer loop
     vertex 7.7152796592e+00 -1.5600000000e+01 1.8239843297e-01
     vertex 9.1161521866e+00 -2.0800000000e+01 1.3837122501e-01
     vertex 9.4597464498e+00 -2.0800000000e+01 1.1692634310e-01
   endloop
 endfacet
 facet normal  6.2290016392e-02 8.3308062204e-03 9.9802332214e-01
   outer loop
     vertex 7.7152796592e+00 -1.5600000000e+01 1.8239843297e-01
     vertex 9.4597464498e+00 -2.0800000000e+01 1.1692634310e-01
     vertex 8.1681993698e+00 -1.5600000000e+01 1.5413017954e-01
   endloop
 endfacet
 facet normal  7.7630934043e-02 1.2149076697e-02 9.9690813921e-01
   outer loop
     vertex 8.1681993698e+00 -1.5600000000e+01 1.5413017954e-01
     vertex 9.4597464498e+00 -2.0800000000e+01 1.1692634310e-01
     vertex 9.7762638467e+00 -2.0800000000e+01 9.2278594525e-02
   endloop
 endfacet
 facet normal  7.7630934043e-02 1.2149076697e-02 9.9690813921e-01
   outer loop
     vertex 8.1681993698e+00 -1.5600000000e+01 1.5413017954e-01
     vertex 9.7762638467e+00 -2.0800000000e+01 9.2278594525e-02
     vertex 8.5854268476e+00 -1.5600000000e+01 1.2163996551e-01
   endloop
 endfacet
 facet normal  8.8786379298e-02 1.4709207832e-02 9.9594207565e-01
   outer loop
     vertex 8.5854268476e+00 -1.5600000000e+01 1.2163996551e-01
     vertex 9.7762638467e+00 -2.0800000000e+01 9.2278594525e-02
     vertex 1.0046825331e+01 -2.0800000000e+01 6.8158542636e-02
   endloop
 endfacet
 facet normal  8.8786379298e-02 1.4709207832e-02 9.9594207565e-01
   outer loop
     vertex 8.5854268476e+00 -1.5600000000e+01 1.2163996551e-01
     vertex 1.0046825331e+01 -2.0800000000e+01 6.8158542636e-02
     vertex 8.9420760765e+00 -1.5600000000e+01 8.9845351657e-02
   endloop
 endfacet
 facet normal  9.7179913759e-02 1.6495815467e-02 9.9513011834e-01
   outer loop
     vertex 8.9420760765e+00 -1.5600000000e+01 8.9845351657e-02
     vertex 1.0046825331e+01 -2.0800000000e+01 6.8158542636e-02
     vertex 1.0263697524e+01 -2.0800000000e+01 4.6979783526e-02
   endloop
 endfacet
 facet normal  9.7179913759e-02 1.6495815467e-02 9.9513011834e-01
   outer loop
     vertex 8.9420760765e+00 -1.5600000000e+01 8.9845351657e-02
     vertex 1.0263697524e+01 -2.0800000000e+01 4.6979783526e-02
     vertex 9.2279530588e+00 -1.5600000000e+01 6.1927896466e-02
   endloop
 endfacet
 facet normal  1.0361751801e-01 1.7779999237e-02 9.9445828549e-01
   outer loop
     vertex 9.2279530588e+00 -1.5600000000e+01 6.1927896466e-02
     vertex 1.0263697524e+01 -2.0800000000e+01 4.6979783526e-02
     vertex 1.0428742737e+01 -2.0800000000e+01 2.9782908067e-02
   endloop
 endfacet
 facet normal  1.0361751801e-01 1.7779999237e-02 9.9445828549e-01
   outer loop
     vertex 9.2279530588e+00 -1.5600000000e+01 6.1927896466e-02
     vertex 1.0428742737e+01 -2.0800000000e+01 2.9782908067e-02
     vertex 9.4455126572e+00 -1.5600000000e+01 3.9259287906e-02
   endloop
 endfacet
 facet normal  1.0856986581e-01 1.8717397026e-02 9.9391259338e-01
   outer loop
     vertex 9.4455126572e+00 -1.5600000000e+01 3.9259287906e-02
     vertex 1.0428742737e+01 -2.0800000000e+01 2.9782908067e-02
     vertex 1.0549451848e+01 -2.0800000000e+01 1.6597269693e-02
   endloop
 endfacet
 facet normal  1.0856986581e-01 1.8717397026e-02 9.9391259338e-01
   outer loop
     vertex 9.4455126572e+00 -1.5600000000e+01 3.9259287906e-02
     vertex 1.0549451848e+01 -2.0800000000e+01 1.6597269693e-02
     vertex 9.6046292132e+00 -1.5600000000e+01 2.1878219140e-02
   endloop
 endfacet
 facet normal  1.1229285196e-01 1.9394284542e-02 9.9348587163e-01
   outer loop
     vertex 9.6046292132e+00 -1.5600000000e+01 2.1878219140e-02
     vertex 1.0549451848e+01 -2.0800000000e+01 1.6597269693e-02
     vertex 1.0635193116e+01 -2.0800000000e+01 6.9060080471e-03
   endloop
 endfacet
 facet normal  1.1229285196e-01 1.9394284542e-02 9.9348587163e-01
   outer loop
     vertex 9.6046292132e+00 -1.5600000000e+01 2.1878219140e-02
     vertex 1.0635193116e+01 -2.0800000000e+01 6.9060080471e-03
     vertex 9.7176517938e+00 -1.5600000000e+01 9.1033742440e-03
   endloop
 endfacet
 facet normal  1.1498816692e-01 1.9870007827e-02 9.9316811480e-01
   outer loop
     vertex 9.7176517938e+00 -1.5600000000e+01 9.1033742440e-03
     vertex 1.0635193116e+01 -2.0800000000e+01 6.9060080471e-03
     vertex 1.0694841228e+01 -2.0800000000e+01 0.0000000000e+00
   endloop
 endfacet
 facet normal  1.1498816692e-01 1.9870007827e-02 9.9316811480e-01
   outer loop
     vertex 9.7176517938e+00 -1.5600000000e+01 9.1033742440e-03
     vertex 1.0694841228e+01 -2.0800000000e+01 0.0000000000e+00
     vertex 9.7962788498e+00 -1.5600000000e+01 0.0000000000e+00
   endloop
 endfacet
 facet normal  1.1498816692e-01 1.9870007827e-02 -9.9316811480e-01
   outer loop
     vertex 1.0694841228e+01 -2.0800000000e+01 0.0000000000e+00
     vertex 1.1593403606e+01 -2.6000000000e+01 0.0000000000e+00
     vertex 1.0635193116e+01 -2.0800000000e+01 -6.9060080471e-03
   endloop
 endfacet
 facet normal  1.1498816692e-01 1.9870007827e-02 -9.9316811480e-01
   outer loop
     vertex 1.1593403606e+01 -2.6000000000e+01 0.0000000000e+00
     vertex 1.1552734439e+01 -2.6000000000e+01 -4.7086418503e-03
     vertex 1.0635193116e+01 -2.0800000000e+01 -6.9060080471e-03
   endloop
 endfacet
 facet normal  1.1229285196e-01 1.9394284542e-02 -9.9348587163e-01
   outer loop
     vertex 1.0635193116e+01 -2.0800000000e+01 -6.9060080471e-03
     vertex 1.1552734439e+01 -2.6000000000e+01 -4.7086418503e-03
     vertex 1.0549451848e+01 -2.0800000000e+01 -1.6597269693e-02
   endloop
 endfacet
 facet normal  1.1229285196e-01 1.9394284542e-02 -9.9348587163e-01
   outer loop
     vertex 1.1552734439e+01 -2.6000000000e+01 -4.7086418503e-03
     vertex 1.1494274483e+01 -2.6000000000e+01 -1.1316320245e-02
     vertex 1.0549451848e+01 -2.0800000000e+01 -1.6597269693e-02
   endloop
 endfacet
 facet normal  1.0856986581e-01 1.8717397026e-02 -9.9391259338e-01
   outer loop
     vertex 1.0549451848e+01 -2.0800000000e+01 -1.6597269693e-02
     vertex 1.1494274483e+01 -2.6000000000e+01 -1.1316320245e-02
     vertex 1.0428742737e+01 -2.0800000000e+01 -2.9782908067e-02
   endloop
 endfacet
 facet normal  1.0856986581e-01 1.8717397026e-02 -9.9391259338e-01
   outer loop
     vertex 1.1494274483e+01 -2.6000000000e+01 -1.1316320245e-02
     vertex 1.1411972816e+01 -2.6000000000e+01 -2.0306528227e-02
     vertex 1.0428742737e+01 -2.0800000000e+01 -2.9782908067e-02
   endloop
 endfacet
 facet normal  1.0361751801e-01 1.7779999237e-02 -9.9445828549e-01
   outer loop
     vertex 1.0428742737e+01 -2.0800000000e+01 -2.9782908067e-02
     vertex 1.1411972816e+01 -2.6000000000e+01 -2.0306528227e-02
     vertex 1.0263697524e+01 -2.0800000000e+01 -4.6979783526e-02
   endloop
 endfacet
 facet normal  1.0361751801e-01 1.7779999237e-02 -9.9445828549e-01
   outer loop
     vertex 1.1411972816e+01 -2.6000000000e+01 -2.0306528227e-02
     vertex 1.1299441990e+01 -2.6000000000e+01 -3.2031670586e-02
     vertex 1.0263697524e+01 -2.0800000000e+01 -4.6979783526e-02
   endloop
 endfacet
 facet normal  9.7179913759e-02 1.6495815467e-02 -9.9513011834e-01
   outer loop
     vertex 1.0263697524e+01 -2.0800000000e+01 -4.6979783526e-02
     vertex 1.1299441990e+01 -2.6000000000e+01 -3.2031670586e-02
     vertex 1.0046825331e+01 -2.0800000000e+01 -6.8158542636e-02
   endloop
 endfacet
 facet normal  9.7179913759e-02 1.6495815467e-02 -9.9513011834e-01
   outer loop
     vertex 1.1299441990e+01 -2.6000000000e+01 -3.2031670586e-02
     vertex 1.1151574585e+01 -2.6000000000e+01 -4.6471733616e-02
     vertex 1.0046825331e+01 -2.0800000000e+01 -6.8158542636e-02
   endloop
 endfacet
 facet normal  8.8786379298e-02 1.4709207832e-02 -9.9594207565e-01
   outer loop
     vertex 1.0046825331e+01 -2.0800000000e+01 -6.8158542636e-02
     vertex 1.1151574585e+01 -2.6000000000e+01 -4.6471733616e-02
     vertex 9.7762638467e+00 -2.0800000000e+01 -9.2278594525e-02
   endloop
 endfacet
 facet normal  8.8786379298e-02 1.4709207832e-02 -9.9594207565e-01
   outer loop
     vertex 1.1151574585e+01 -2.6000000000e+01 -4.6471733616e-02
     vertex 1.0967100846e+01 -2.6000000000e+01 -6.2917223540e-02
     vertex 9.7762638467e+00 -2.0800000000e+01 -9.2278594525e-02
   endloop
 endfacet
 facet normal  7.7630934043e-02 1.2149076697e-02 -9.9690813921e-01
   outer loop
     vertex 9.7762638467e+00 -2.0800000000e+01 -9.2278594525e-02
     vertex 1.0967100846e+01 -2.6000000000e+01 -6.2917223540e-02
     vertex 9.4597464498e+00 -2.0800000000e+01 -1.1692634310e-01
   endloop
 endfacet
 facet normal  7.7630934043e-02 1.2149076697e-02 -9.9690813921e-01
   outer loop
     vertex 1.0967100846e+01 -2.6000000000e+01 -6.2917223540e-02
     vertex 1.0751293530e+01 -2.6000000000e+01 -7.9722506657e-02
     vertex 9.4597464498e+00 -2.0800000000e+01 -1.1692634310e-01
   endloop
 endfacet
 facet normal  6.2290016392e-02 8.3308062204e-03 -9.9802332214e-01
   outer loop
     vertex 9.4597464498e+00 -2.0800000000e+01 -1.1692634310e-01
     vertex 1.0751293530e+01 -2.6000000000e+01 -7.9722506657e-02
     vertex 9.1161521866e+00 -2.0800000000e+01 -1.3837122501e-01
   endloop
 endfacet
 facet normal  6.2290016392e-02 8.3308062204e-03 -9.9802332214e-01
   outer loop
     vertex 1.0751293530e+01 -2.6000000000e+01 -7.9722506657e-02
     vertex 1.0517024714e+01 -2.6000000000e+01 -9.4344017051e-02
     vertex 9.1161521866e+00 -2.0800000000e+01 -1.3837122501e-01
   endloop
 endfacet
 facet normal  4.0847978729e-02 2.5447100404e-03 -9.9916213253e-01
   outer loop
     vertex 9.1161521866e+00 -2.0800000000e+01 -1.3837122501e-01
     vertex 1.0517024714e+01 -2.6000000000e+01 -9.4344017051e-02
     vertex 1.0282498650e+01 -2.6000000000e+01 -1.0393196615e-01
   endloop
 endfacet
 facet normal  4.0847978729e-02 2.5447100404e-03 -9.9916213253e-01
   outer loop
     vertex 9.1161521866e+00 -2.0800000000e+01 -1.3837122501e-01
     vertex 1.0282498650e+01 -2.6000000000e+01 -1.0393196615e-01
     vertex 8.7721806263e+00 -2.0800000000e+01 -1.5243355035e-01
   endloop
 endfacet
 facet normal  1.1502009480e-02 -5.9857335831e-03 -9.9991593385e-01
   outer loop
     vertex 8.7721806263e+00 -2.0800000000e+01 -1.5243355035e-01
     vertex 1.0282498650e+01 -2.6000000000e+01 -1.0393196615e-01
     vertex 1.0066060683e+01 -2.6000000000e+01 -1.0642164699e-01
   endloop
 endfacet
 facet normal  1.1502009480e-02 -5.9857335831e-03 -9.9991593385e-01
   outer loop
     vertex 8.7721806263e+00 -2.0800000000e+01 -1.5243355035e-01
     vertex 1.0066060683e+01 -2.6000000000e+01 -1.0642164699e-01
     vertex 8.4547382749e+00 -2.0800000000e+01 -1.5608508226e-01
   endloop
 endfacet
 facet normal  -2.7002626085e-02 -1.7912940621e-02 -9.9947485448e-01
   outer loop
     vertex 8.4547382749e+00 -2.0800000000e+01 -1.5608508226e-01
     vertex 1.0066060683e+01 -2.6000000000e+01 -1.0642164699e-01
     vertex 9.8809360056e+00 -2.6000000000e+01 -1.0142016804e-01
   endloop
 endfacet
 facet normal  -2.7002626085e-02 -1.7912940621e-02 -9.9947485448e-01
   outer loop
     vertex 8.4547382749e+00 -2.0800000000e+01 -1.5608508226e-01
     vertex 9.8809360056e+00 -2.6000000000e+01 -1.0142016804e-01
     vertex 8.1832220809e+00 -2.0800000000e+01 -1.4874957979e-01
   endloop
 endfacet
 facet normal  -7.6265379433e-02 -3.3969417143e-02 -9.9650874085e-01
   outer loop
     vertex 8.1832220809e+00 -2.0800000000e+01 -1.4874957979e-01
     vertex 9.8809360056e+00 -2.6000000000e+01 -1.0142016804e-01
     vertex 9.7328167486e+00 -2.6000000000e+01 -9.0084219969e-02
   endloop
 endfacet
 facet normal  -7.6265379433e-02 -3.3969417143e-02 -9.9650874085e-01
   outer loop
     vertex 8.1832220809e+00 -2.0800000000e+01 -1.4874957979e-01
     vertex 9.7328167486e+00 -2.6000000000e+01 -9.0084219969e-02
     vertex 7.9659805040e+00 -2.0800000000e+01 -1.3212352262e-01
   endloop
 endfacet
 facet normal  -1.4039866345e-01 -5.5695854782e-02 -9.8852728190e-01
   outer loop
     vertex 7.9659805040e+00 -2.0800000000e+01 -1.3212352262e-01
     vertex 9.7328167486e+00 -2.6000000000e+01 -9.0084219969e-02
     vertex 9.6208264918e+00 -2.6000000000e+01 -7.4178455242e-02
   endloop
 endfacet
 facet normal  -1.4039866345e-01 -5.5695854782e-02 -9.8852728190e-01
   outer loop
     vertex 7.9659805040e+00 -2.0800000000e+01 -1.3212352262e-01
     vertex 9.6208264918e+00 -2.6000000000e+01 -7.4178455242e-02
     vertex 7.8017281274e+00 -2.0800000000e+01 -1.0879506769e-01
   endloop
 endfacet
 facet normal  -2.3197751288e-01 -8.7601038367e-02 -9.6876854387e-01
   outer loop
     vertex 7.8017281274e+00 -2.0800000000e+01 -1.0879506769e-01
     vertex 9.6208264918e+00 -2.6000000000e+01 -7.4178455242e-02
     vertex 9.5403574759e+00 -2.6000000000e+01 -5.4909660548e-02
   endloop
 endfacet
 facet normal  -2.3197751288e-01 -8.7601038367e-02 -9.6876854387e-01
   outer loop
     vertex 7.8017281274e+00 -2.0800000000e+01 -1.0879506769e-01
     vertex 9.5403574759e+00 -2.6000000000e+01 -5.4909660548e-02
     vertex 7.6837069040e+00 -2.0800000000e+01 -8.0534168804e-02
   endloop
 endfacet
 facet normal  -3.9257485099e-01 -1.4464392631e-01 -9.0827480475e-01
   outer loop
     vertex 7.6837069040e+00 -2.0800000000e+01 -8.0534168804e-02
     vertex 9.5403574759e+00 -2.6000000000e+01 -5.4909660548e-02
     vertex 9.4865018845e+00 -2.6000000000e+01 -3.1632178184e-02
   endloop
 endfacet
 facet normal  -3.9257485099e-01 -1.4464392631e-01 -9.0827480475e-01
   outer loop
     vertex 7.6837069040e+00 -2.0800000000e+01 -8.0534168804e-02
     vertex 9.4865018845e+00 -2.6000000000e+01 -3.1632178184e-02
     vertex 7.6047187034e+00 -2.0800000000e+01 -4.6393861337e-02
   endloop
 endfacet
 facet normal  -7.7291780451e-01 -2.8131907438e-01 -5.6873336974e-01
   outer loop
     vertex 7.6047187034e+00 -2.0800000000e+01 -4.6393861337e-02
     vertex 9.4865018845e+00 -2.6000000000e+01 -3.1632178184e-02
     vertex 9.4632260909e+00 -2.6000000000e+01 0.0000000000e+00
   endloop
 endfacet
 facet normal  -7.7291780451e-01 -2.8131907438e-01 -5.6873336974e-01
   outer loop
     vertex 7.6047187034e+00 -2.0800000000e+01 -4.6393861337e-02
     vertex 9.4632260909e+00 -2.6000000000e+01 0.0000000000e+00
     vertex 7.5705808727e+00 -2.0800000000e+01 0.0000000000e+00
   endloop
 endfacet
 facet normal  -7.7291780451e-01 -2.8131907438e-01 5.6873336974e-01
   outer loop
     vertex 7.5705808727e+00 -2.0800000000e+01 0.0000000000e+00
     vertex 9.4632260909e+00 -2.6000000000e+01 0.0000000000e+00
     vertex 7.6047187034e+00 -2.0800000000e+01 4.6393861337e-02
   endloop
 endfacet
 facet normal  -7.7291780451e-01 -2.8131907438e-01 5.6873336974e-01
   outer loop
     vertex 9.4632260909e+00 -2.6000000000e+01 0.0000000000e+00
     vertex 9.4865018845e+00 -2.6000000000e+01 3.1632178184e-02
     vertex 7.6047187034e+00 -2.0800000000e+01 4.6393861337e-02
   endloop
 endfacet
 facet normal  -3.9257485099e-01 -1.4464392631e-01 9.0827480475e-01
   outer loop
     vertex 7.6047187034e+00 -2.0800000000e+01 4.6393861337e-02
     vertex 9.4865018845e+00 -2.6000000000e+01 3.1632178184e-02
     vertex 7.6837069040e+00 -2.0800000000e+01 8.0534168804e-02
   endloop
 endfacet
 facet normal  -3.9257485099e-01 -1.4464392631e-01 9.0827480475e-01
   outer loop
     vertex 9.4865018845e+00 -2.6000000000e+01 3.1632178184e-02
     vertex 9.5403574759e+00 -2.6000000000e+01 5.4909660548e-02
     vertex 7.6837069040e+00 -2.0800000000e+01 8.0534168804e-02
   endloop
 endfacet
 facet normal  -2.3197751288e-01 -8.7601038367e-02 9.6876854387e-01
   outer loop
     vertex 7.6837069040e+00 -2.0800000000e+01 8.0534168804e-02
     vertex 9.5403574759e+00 -2.6000000000e+01 5.4909660548e-02
     vertex 7.8017281274e+00 -2.0800000000e+01 1.0879506769e-01
   endloop
 endfacet
 facet normal  -2.3197751288e-01 -8.7601038367e-02 9.6876854387e-01
   outer loop
     vertex 9.5403574759e+00 -2.6000000000e+01 5.4909660548e-02
     vertex 9.6208264918e+00 -2.6000000000e+01 7.4178455242e-02
     vertex 7.8017281274e+00 -2.0800000000e+01 1.0879506769e-01
   endloop
 endfacet
 facet normal  -1.4039866345e-01 -5.5695854782e-02 9.8852728190e-01
   outer loop
     vertex 7.8017281274e+00 -2.0800000000e+01 1.0879506769e-01
     vertex 9.6208264918e+00 -2.6000000000e+01 7.4178455242e-02
     vertex 7.9659805040e+00 -2.0800000000e+01 1.3212352262e-01
   endloop
 endfacet
 facet normal  -1.4039866345e-01 -5.5695854782e-02 9.8852728190e-01
   outer loop
     vertex 9.6208264918e+00 -2.6000000000e+01 7.4178455242e-02
     vertex 9.7328167486e+00 -2.6000000000e+01 9.0084219969e-02
     vertex 7.9659805040e+00 -2.0800000000e+01 1.3212352262e-01
   endloop
 endfacet
 facet normal  -7.6265379433e-02 -3.3969417143e-02 9.9650874085e-01
   outer loop
     vertex 7.9659805040e+00 -2.0800000000e+01 1.3212352262e-01
     vertex 9.7328167486e+00 -2.6000000000e+01 9.0084219969e-02
     vertex 8.1832220809e+00 -2.0800000000e+01 1.4874957979e-01
   endloop
 endfacet
 facet normal  -7.6265379433e-02 -3.3969417143e-02 9.9650874085e-01
   outer loop
     vertex 9.7328167486e+00 -2.6000000000e+01 9.0084219969e-02
     vertex 9.8809360056e+00 -2.6000000000e+01 1.0142016804e-01
     vertex 8.1832220809e+00 -2.0800000000e+01 1.4874957979e-01
   endloop
 endfacet
 facet normal  -2.7002626085e-02 -1.7912940621e-02 9.9947485448e-01
   outer loop
     vertex 8.1832220809e+00 -2.0800000000e+01 1.4874957979e-01
     vertex 9.8809360056e+00 -2.6000000000e+01 1.0142016804e-01
     vertex 8.4547382749e+00 -2.0800000000e+01 1.5608508226e-01
   endloop
 endfacet
 facet normal  -2.7002626085e-02 -1.7912940621e-02 9.9947485448e-01
   outer loop
     vertex 9.8809360056e+00 -2.6000000000e+01 1.0142016804e-01
     vertex 1.0066060683e+01 -2.6000000000e+01 1.0642164699e-01
     vertex 8.4547382749e+00 -2.0800000000e+01 1.5608508226e-01
   endloop
 endfacet
 facet normal  1.1502009480e-02 -5.9857335831e-03 9.9991593385e-01
   outer loop
     vertex 8.4547382749e+00 -2.0800000000e+01 1.5608508226e-01
     vertex 1.0066060683e+01 -2.6000000000e+01 1.0642164699e-01
     vertex 8.7721806263e+00 -2.0800000000e+01 1.5243355035e-01
   endloop
 endfacet
 facet normal  1.1502009480e-02 -5.9857335831e-03 9.9991593385e-01
   outer loop
     vertex 1.0066060683e+01 -2.6000000000e+01 1.0642164699e-01
     vertex 1.0282498650e+01 -2.6000000000e+01 1.0393196615e-01
     vertex 8.7721806263e+00 -2.0800000000e+01 1.5243355035e-01
   endloop
 endfacet
 facet normal  4.0847978729e-02 2.5447100404e-03 9.9916213253e-01
   outer loop
     vertex 8.7721806263e+00 -2.0800000000e+01 1.5243355035e-01
     vertex 1.0282498650e+01 -2.6000000000e+01 1.0393196615e-01
     vertex 9.1161521866e+00 -2.0800000000e+01 1.3837122501e-01
   endloop
 endfacet
 facet normal  4.0847978729e-02 2.5447100404e-03 9.9916213253e-01
   outer loop
     vertex 1.0282498650e+01 -2.6000000000e+01 1.0393196615e-01
     vertex 1.0517024714e+01 -2.6000000000e+01 9.4344017051e-02
     vertex 9.1161521866e+00 -2.0800000000e+01 1.3837122501e-01
   endloop
 endfacet
 facet normal  6.2290016392e-02 8.3308062204e-03 9.9802332214e-01
   outer loop
     vertex 9.1161521866e+00 -2.0800000000e+01 1.3837122501e-01
     vertex 1.0517024714e+01 -2.6000000000e+01 9.4344017051e-02
     vertex 1.0751293530e+01 -2.6000000000e+01 7.9722506657e-02
   endloop
 endfacet
 facet normal  6.2290016392e-02 8.3308062204e-03 9.9802332214e-01
   outer loop
     vertex 9.1161521866e+00 -2.0800000000e+01 1.3837122501e-01
     vertex 1.0751293530e+01 -2.6000000000e+01 7.9722506657e-02
     vertex 9.4597464498e+00 -2.0800000000e+01 1.1692634310e-01
   endloop
 endfacet
 facet normal  7.7630934043e-02 1.2149076697e-02 9.9690813921e-01
   outer loop
     vertex 9.4597464498e+00 -2.0800000000e+01 1.1692634310e-01
     vertex 1.0751293530e+01 -2.6000000000e+01 7.9722506657e-02
     vertex 1.0967100846e+01 -2.6000000000e+01 6.2917223540e-02
   endloop
 endfacet
 facet normal  7.7630934043e-02 1.2149076697e-02 9.9690813921e-01
   outer loop
     vertex 9.4597464498e+00 -2.0800000000e+01 1.1692634310e-01
     vertex 1.0967100846e+01 -2.6000000000e+01 6.2917223540e-02
     vertex 9.7762638467e+00 -2.0800000000e+01 9.2278594525e-02
   endloop
 endfacet
 facet normal  8.8786379298e-02 1.4709207832e-02 9.9594207565e-01
   outer loop
     vertex 9.7762638467e+00 -2.0800000000e+01 9.2278594525e-02
     vertex 1.0967100846e+01 -2.6000000000e+01 6.2917223540e-02
     vertex 1.1151574585e+01 -2.6000000000e+01 4.6471733616e-02
   endloop
 endfacet
 facet normal  8.8786379298e-02 1.4709207832e-02 9.9594207565e-01
   outer loop
     vertex 9.7762638467e+00 -2.0800000000e+01 9.2278594525e-02
     vertex 1.1151574585e+01 -2.6000000000e+01 4.6471733616e-02
     vertex 1.0046825331e+01 -2.0800000000e+01 6.8158542636e-02
   endloop
 endfacet
 facet normal  9.7179913759e-02 1.6495815467e-02 9.9513011834e-01
   outer loop
     vertex 1.0046825331e+01 -2.0800000000e+01 6.8158542636e-02
     vertex 1.1151574585e+01 -2.6000000000e+01 4.6471733616e-02
     vertex 1.1299441990e+01 -2.6000000000e+01 3.2031670586e-02
   endloop
 endfacet
 facet normal  9.7179913759e-02 1.6495815467e-02 9.9513011834e-01
   outer loop
     vertex 1.0046825331e+01 -2.0800000000e+01 6.8158542636e-02
     vertex 1.1299441990e+01 -2.6000000000e+01 3.2031670586e-02
     vertex 1.0263697524e+01 -2.0800000000e+01 4.6979783526e-02
   endloop
 endfacet
 facet normal  1.0361751801e-01 1.7779999237e-02 9.9445828549e-01
   outer loop
     vertex 1.0263697524e+01 -2.0800000000e+01 4.6979783526e-02
     vertex 1.1299441990e+01 -2.6000000000e+01 3.2031670586e-02
     vertex 1.1411972816e+01 -2.6000000000e+01 2.0306528227e-02
   endloop
 endfacet
 facet normal  1.0361751801e-01 1.7779999237e-02 9.9445828549e-01
   outer loop
     vertex 1.0263697524e+01 -2.0800000000e+01 4.6979783526e-02
     vertex 1.1411972816e+01 -2.6000000000e+01 2.0306528227e-02
     vertex 1.0428742737e+01 -2.0800000000e+01 2.9782908067e-02
   endloop
 endfacet
 facet normal  1.0856986581e-01 1.8717397026e-02 9.9391259338e-01
   outer loop
     vertex 1.0428742737e+01 -2.0800000000e+01 2.9782908067e-02
     vertex 1.1411972816e+01 -2.6000000000e+01 2.0306528227e-02
     vertex 1.1494274483e+01 -2.6000000000e+01 1.1316320245e-02
   endloop
 endfacet
 facet normal  1.0856986581e-01 1.8717397026e-02 9.9391259338e-01
   outer loop
     vertex 1.0428742737e+01 -2.0800000000e+01 2.9782908067e-02
     vertex 1.1494274483e+01 -2.6000000000e+01 1.1316320245e-02
     vertex 1.0549451848e+01 -2.0800000000e+01 1.6597269693e-02
   endloop
 endfacet
 facet normal  1.1229285196e-01 1.9394284542e-02 9.9348587163e-01
   outer loop
     vertex 1.0549451848e+01 -2.0800000000e+01 1.6597269693e-02
     vertex 1.1494274483e+01 -2.6000000000e+01 1.1316320245e-02
     vertex 1.1552734439e+01 -2.6000000000e+01 4.7086418503e-03
   endloop
 endfacet
 facet normal  1.1229285196e-01 1.9394284542e-02 9.9348587163e-01
   outer loop
     vertex 1.0549451848e+01 -2.0800000000e+01 1.6597269693e-02
     vertex 1.1552734439e+01 -2.6000000000e+01 4.7086418503e-03
     vertex 1.0635193116e+01 -2.0800000000e+01 6.9060080471e-03
   endloop
 endfacet
 facet normal  1.1498816692e-01 1.9870007827e-02 9.9316811480e-01
   outer loop
     vertex 1.0635193116e+01 -2.0800000000e+01 6.9060080471e-03
     vertex 1.1552734439e+01 -2.6000000000e+01 4.7086418503e-03
     vertex 1.1593403606e+01 -2.6000000000e+01 0.0000000000e+00
   endloop
 endfacet
 facet normal  1.1498816692e-01 1.9870007827e-02 9.9316811480e-01
   outer loop
     vertex 1.0635193116e+01 -2.0800000000e+01 6.9060080471e-03
     vertex 1.1593403606e+01 -2.6000000000e+01 0.0000000000e+00
     vertex 1.0694841228e+01 -2.0800000000e+01 0.0000000000e+00
   endloop
 endfacet
 facet normal  0.0000000000e+00 -1.0000000000e+00 -0.0000000000e+00
   outer loop
     vertex 1.1593403606e+01 -2.6000000000e+01 0.0000000000e+00
     vertex 1.1552734439e+01 -2.6000000000e+01 -2.3543209252e-03
     vertex 1.1552734439e+01 -2.6000000000e+01 -4.7086418503e-03
   endloop
 endfacet
 facet normal  0.0000000000e+00 -1.0000000000e+00 0.0000000000e+00
   outer loop
     vertex 1.1552734439e+01 -2.6000000000e+01 -4.7086418503e-03
     vertex 1.1552734439e+01 -2.6000000000e+01 -2.3543209252e-03
     vertex 1.1494274483e+01 -2.6000000000e+01 -5.6581601225e-03
   endloop
 endfacet
 facet normal  0.0000000000e+00 -1.0000000000e+00 -0.0000000000e+00
   outer loop
     vertex 1.1552734439e+01 -2.6000000000e+01 -4.7086418503e-03
     vertex 1.1494274483e+01 -2.6000000000e+01 -5.6581601225e-03
     vertex 1.1494274483e+01 -2.6000000000e+01 -1.1316320245e-02
   endloop
 endfacet
 facet normal  0.0000000000e+00 -1.0000000000e+00 0.0000000000e+00
   outer loop
     vertex 1.1494274483e+01 -2.6000000000e+01 -1.1316320245e-02
     vertex 1.1494274483e+01 -2.6000000000e+01 -5.6581601225e-03
     vertex 1.1411972816e+01 -2.6000000000e+01 -1.0153264114e-02
   endloop
 endfacet
 facet normal  0.0000000000e+00 -1.0000000000e+00 0.0000000000e+00
   outer loop
     vertex 1.1494274483e+01 -2.6000000000e+01 -1.1316320245e-02
     vertex 1.1411972816e+01 -2.6000000000e+01 -1.0153264114e-02
     vertex 1.1411972816e+01 -2.6000000000e+01 -2.0306528227e-02
   endloop
 endfacet
 facet normal  0.0000000000e+00 -1.0000000000e+00 -0.0000000000e+00
   outer loop
     vertex 1.1411972816e+01 -2.6000000000e+01 -2.0306528227e-02
     vertex 1.1411972816e+01 -2.6000000000e+01 -1.0153264114e-02
     vertex 1.1299441990e+01 -2.6000000000e+01 -1.6015835293e-02
   endloop
 endfacet
 facet normal  0.0000000000e+00 -1.0000000000e+00 0.0000000000e+00
   outer loop
     vertex 1.1411972816e+01 -2.6000000000e+01 -2.0306528227e-02
     vertex 1.1299441990e+01 -2.6000000000e+01 -1.6015835293e-02
     vertex 1.1299441990e+01 -2.6000000000e+01 -3.2031670586e-02
   endloop
 endfacet
 facet normal  0.0000000000e+00 -1.0000000000e+00 -0.0000000000e+00
   outer loop
     vertex 1.1299441990e+01 -2.6000000000e+01 -3.2031670586e-02
     vertex 1.1299441990e+01 -2.6000000000e+01 -1.6015835293e-02
     vertex 1.1151574585e+01 -2.6000000000e+01 -2.3235866808e-02
   endloop
 endfacet
 facet normal  0.0000000000e+00 -1.0000000000e+00 0.0000000000e+00
   outer loop
     vertex 1.1299441990e+01 -2.6000000000e+01 -3.2031670586e-02
     vertex 1.1151574585e+01 -2.6000000000e+01 -2.3235866808e-02
     vertex 1.1151574585e+01 -2.6000000000e+01 -4.6471733616e-02
   endloop
 endfacet
 facet normal  0.0000000000e+00 -1.0000000000e+00 -0.0000000000e+00
   outer loop
     vertex 1.1151574585e+01 -2.6000000000e+01 -4.6471733616e-02
     vertex 1.1151574585e+01 -2.6000000000e+01 -2.3235866808e-02
     vertex 1.0967100846e+01 -2.6000000000e+01 -3.1458611770e-02
   endloop
 endfacet
 facet normal  0.0000000000e+00 -1.0000000000e+00 0.0000000000e+00
   outer loop
     vertex 1.1151574585e+01 -2.6000000000e+01 -4.6471733616e-02
     vertex 1.0967100846e+01 -2.6000000000e+01 -3.1458611770e-02
     vertex 1.0967100846e+01 -2.6000000000e+01 -6.2917223540e-02
   endloop
 endfacet
 facet normal  0.0000000000e+00 -1.0000000000e+00 -0.0000000000e+00
   outer loop
     vertex 1.0967100846e+01 -2.6000000000e+01 -6.2917223540e-02
     vertex 1.0967100846e+01 -2.6000000000e+01 -3.1458611770e-02
     vertex 1.0751293530e+01 -2.6000000000e+01 -3.9861253328e-02
   endloop
 endfacet
 facet normal  0.0000000000e+00 -1.0000000000e+00 0.0000000000e+00
   outer loop
     vertex 1.0967100846e+01 -2.6000000000e+01 -6.2917223540e-02
     vertex 1.0751293530e+01 -2.6000000000e+01 -3.9861253328e-02
     vertex 1.0751293530e+01 -2.6000000000e+01 -7.9722506657e-02
   endloop
 endfacet
 facet normal  0.0000000000e+00 -1.0000000000e+00 -0.0000000000e+00
   outer loop
     vertex 1.0751293530e+01 -2.6000000000e+01 -7.9722506657e-02
     vertex 1.0751293530e+01 -2.6000000000e+01 -3.9861253328e-02
     vertex 1.0517024714e+01 -2.6000000000e+01 -4.7172008526e-02
   endloop
 endfacet
 facet normal  0.0000000000e+00 -1.0000000000e+00 0.0000000000e+00
   outer loop
     vertex 1.0751293530e+01 -2.6000000000e+01 -7.9722506657e-02
     vertex 1.0517024714e+01 -2.6000000000e+01 -4.7172008526e-02
     vertex 1.0517024714e+01 -2.6000000000e+01 -9.4344017051e-02
   endloop
 endfacet
 facet normal  0.0000000000e+00 -1.0000000000e+00 -0.0000000000e+00
   outer loop
     vertex 1.0517024714e+01 -2.6000000000e+01 -9.4344017051e-02
     vertex 1.0517024714e+01 -2.6000000000e+01 -4.7172008526e-02
     vertex 1.0282498650e+01 -2.6000000000e+01 -1.0393196615e-01
   endloop
 endfacet
 facet normal  0.0000000000e+00 -1.0000000000e+00 0.0000000000e+00
   outer loop
     vertex 1.0517024714e+01 -2.6000000000e+01 -4.7172008526e-02
     vertex 1.0282498650e+01 -2.6000000000e+01 -5.1965983074e-02
     vertex 1.0282498650e+01 -2.6000000000e+01 -1.0393196615e-01
   endloop
 endfacet
 facet normal  0.0000000000e+00 -1.0000000000e+00 -0.0000000000e+00
   outer loop
     vertex 1.0282498650e+01 -2.6000000000e+01 -1.0393196615e-01
     vertex 1.0282498650e+01 -2.6000000000e+01 -5.1965983074e-02
     vertex 1.0066060683e+01 -2.6000000000e+01 -1.0642164699e-01
   endloop
 endfacet
 facet normal  0.0000000000e+00 -1.0000000000e+00 0.0000000000e+00
   outer loop
     vertex 1.0282498650e+01 -2.6000000000e+01 -5.1965983074e-02
     vertex 1.0066060683e+01 -2.6000000000e+01 -5.3210823497e-02
     vertex 1.0066060683e+01 -2.6000000000e+01 -1.0642164699e-01
   endloop
 endfacet
 facet normal  0.0000000000e+00 -1.0000000000e+00 -0.0000000000e+00
   outer loop
     vertex 1.0066060683e+01 -2.6000000000e+01 -1.0642164699e-01
     vertex 1.0066060683e+01 -2.6000000000e+01 -5.3210823497e-02
     vertex 9.8809360056e+00 -2.6000000000e+01 -1.0142016804e-01
   endloop
 endfacet
 facet normal  0.0000000000e+00 -1.0000000000e+00 0.0000000000e+00
   outer loop
     vertex 1.0066060683e+01 -2.6000000000e+01 -5.3210823497e-02
     vertex 9.8809360056e+00 -2.6000000000e+01 -5.0710084019e-02
     vertex 9.8809360056e+00 -2.6000000000e+01 -1.0142016804e-01
   endloop
 endfacet
 facet normal  0.0000000000e+00 -1.0000000000e+00 -0.0000000000e+00
   outer loop
     vertex 9.8809360056e+00 -2.6000000000e+01 -1.0142016804e-01
     vertex 9.8809360056e+00 -2.6000000000e+01 -5.0710084019e-02
     vertex 9.7328167486e+00 -2.6000000000e+01 -9.0084219969e-02
   endloop
 endfacet
 facet normal  0.0000000000e+00 -1.0000000000e+00 0.0000000000e+00
   outer loop
     vertex 9.8809360056e+00 -2.6000000000e+01 -5.0710084019e-02
     vertex 9.7328167486e+00 -2.6000000000e+01 -4.5042109985e-02
     vertex 9.7328167486e+00 -2.6000000000e+01 -9.0084219969e-02
   endloop
 endfacet
 facet normal  0.0000000000e+00 -1.0000000000e+00 -0.0000000000e+00
   outer loop
     vertex 9.7328167486e+00 -2.6000000000e+01 -9.0084219969e-02
     vertex 9.7328167486e+00 -2.6000000000e+01 -4.5042109985e-02
     vertex 9.6208264918e+00 -2.6000000000e+01 -7.4178455242e-02
   endloop
 endfacet
 facet normal  0.0000000000e+00 -1.0000000000e+00 0.0000000000e+00
   outer loop
     vertex 9.7328167486e+00 -2.6000000000e+01 -4.5042109985e-02
     vertex 9.6208264918e+00 -2.6000000000e+01 -3.7089227621e-02
     vertex 9.6208264918e+00 -2.6000000000e+01 -7.4178455242e-02
   endloop
 endfacet
 facet normal  0.0000000000e+00 -1.0000000000e+00 -0.0000000000e+00
   outer loop
     vertex 9.6208264918e+00 -2.6000000000e+01 -7.4178455242e-02
     vertex 9.6208264918e+00 -2.6000000000e+01 -3.7089227621e-02
     vertex 9.5403574759e+00 -2.6000000000e+01 -5.4909660548e-02
   endloop
 endfacet
 facet normal  0.0000000000e+00 -1.0000000000e+00 0.0000000000e+00
   outer loop
     vertex 9.6208264918e+00 -2.6000000000e+01 -3.7089227621e-02
     vertex 9.5403574759e+00 -2.6000000000e+01 -2.7454830274e-02
     vertex 9.5403574759e+00 -2.6000000000e+01 -5.4909660548e-02
   endloop
 endfacet
 facet normal  0.0000000000e+00 -1.0000000000e+00 -0.0000000000e+00
   outer loop
     vertex 9.5403574759e+00 -2.6000000000e+01 -5.4909660548e-02
     vertex 9.5403574759e+00 -2.6000000000e+01 -2.7454830274e-02
     vertex 9.4865018845e+00 -2.6000000000e+01 -3.1632178184e-02
   endloop
 endfacet
 facet normal  0.0000000000e+00 -1.0000000000e+00 0.0000000000e+00
   outer loop
     vertex 9.5403574759e+00 -2.6000000000e+01 -2.7454830274e-02
     vertex 9.4865018845e+00 -2.6000000000e+01 -1.5816089092e-02
     vertex 9.4865018845e+00 -2.6000000000e+01 -3.1632178184e-02
   endloop
 endfacet
 facet normal  -0.0000000000e+00 -1.0000000000e+00 -0.0000000000e+00
   outer loop
     vertex 9.4865018845e+00 -2.6000000000e+01 -3.1632178184e-02
     vertex 9.4865018845e+00 -2.6000000000e+01 -1.5816089092e-02
     vertex 9.4632260909e+00 -2.6000000000e+01 0.0000000000e+00
   endloop
 endfacet
 facet normal  -0.0000000000e+00 -1.0000000000e+00 0.0000000000e+00
   outer loop
     vertex 9.4632260909e+00 -2.6000000000e+01 0.0000000000e+00
     vertex 9.4865018845e+00 -2.6000000000e+01 1.5816089092e-02
     vertex 9.4865018845e+00 -2.6000000000e+01 3.1632178184e-02
   endloop
 endfacet
 facet normal  0.0000000000e+00 -1.0000000000e+00 0.0000000000e+00
   outer loop
     vertex 9.4865018845e+00 -2.6000000000e+01 3.1632178184e-02
     vertex 9.4865018845e+00 -2.6000000000e+01 1.5816089092e-02
     vertex 9.5403574759e+00 -2.6000000000e+01 2.7454830274e-02
   endloop
 endfacet
 facet normal  0.0000000000e+00 -1.0000000000e+00 0.0000000000e+00
   outer loop
     vertex 9.4865018845e+00 -2.6000000000e+01 3.1632178184e-02
     vertex 9.5403574759e+00 -2.6000000000e+01 2.7454830274e-02
     vertex 9.5403574759e+00 -2.6000000000e+01 5.4909660548e-02
   endloop
 endfacet
 facet normal  0.0000000000e+00 -1.0000000000e+00 0.0000000000e+00
   outer loop
     vertex 9.5403574759e+00 -2.6000000000e+01 5.4909660548e-02
     vertex 9.5403574759e+00 -2.6000000000e+01 2.7454830274e-02
     vertex 9.6208264918e+00 -2.6000000000e+01 3.7089227621e-02
   endloop
 endfacet
 facet normal  0.0000000000e+00 -1.0000000000e+00 0.0000000000e+00
   outer loop
     vertex 9.5403574759e+00 -2.6000000000e+01 5.4909660548e-02
     vertex 9.6208264918e+00 -2.6000000000e+01 3.7089227621e-02
     vertex 9.6208264918e+00 -2.6000000000e+01 7.4178455242e-02
   endloop
 endfacet
 facet normal  0.0000000000e+00 -1.0000000000e+00 0.0000000000e+00
   outer loop
     vertex 9.6208264918e+00 -2.6000000000e+01 7.4178455242e-02
     vertex 9.6208264918e+00 -2.6000000000e+01 3.7089227621e-02
     vertex 9.7328167486e+00 -2.6000000000e+01 4.5042109985e-02
   endloop
 endfacet
 facet normal  0.0000000000e+00 -1.0000000000e+00 0.0000000000e+00
   outer loop
     vertex 9.6208264918e+00 -2.6000000000e+01 7.4178455242e-02
     vertex 9.7328167486e+00 -2.6000000000e+01 4.5042109985e-02
     vertex 9.7328167486e+00 -2.6000000000e+01 9.0084219969e-02
   endloop
 endfacet
 facet normal  0.0000000000e+00 -1.0000000000e+00 0.0000000000e+00
   outer loop
     vertex 9.7328167486e+00 -2.6000000000e+01 9.0084219969e-02
     vertex 9.7328167486e+00 -2.6000000000e+01 4.5042109985e-02
     vertex 9.8809360056e+00 -2.6000000000e+01 5.0710084019e-02
   endloop
 endfacet
 facet normal  0.0000000000e+00 -1.0000000000e+00 0.0000000000e+00
   outer loop
     vertex 9.7328167486e+00 -2.6000000000e+01 9.0084219969e-02
     vertex 9.8809360056e+00 -2.6000000000e+01 5.0710084019e-02
     vertex 9.8809360056e+00 -2.6000000000e+01 1.0142016804e-01
   endloop
 endfacet
 facet normal  0.0000000000e+00 -1.0000000000e+00 0.0000000000e+00
   outer loop
     vertex 9.8809360056e+00 -2.6000000000e+01 1.0142016804e-01
     vertex 9.8809360056e+00 -2.6000000000e+01 5.0710084019e-02
     vertex 1.0066060683e+01 -2.6000000000e+01 5.3210823497e-02
   endloop
 endfacet
 facet normal  0.0000000000e+00 -1.0000000000e+00 0.0000000000e+00
   outer loop
     vertex 9.8809360056e+00 -2.6000000000e+01 1.0142016804e-01
     vertex 1.0066060683e+01 -2.6000000000e+01 5.3210823497e-02
     vertex 1.0066060683e+01 -2.6000000000e+01 1.0642164699e-01
   endloop
 endfacet
 facet normal  0.0000000000e+00 -1.0000000000e+00 0.0000000000e+00
   outer loop
     vertex 1.0066060683e+01 -2.6000000000e+01 1.0642164699e-01
     vertex 1.0066060683e+01 -2.6000000000e+01 5.3210823497e-02
     vertex 1.0282498650e+01 -2.6000000000e+01 5.1965983074e-02
   endloop
 endfacet
 facet normal  0.0000000000e+00 -1.0000000000e+00 0.0000000000e+00
   outer loop
     vertex 1.0066060683e+01 -2.6000000000e+01 1.0642164699e-01
     vertex 1.0282498650e+01 -2.6000000000e+01 5.1965983074e-02
     vertex 1.0282498650e+01 -2.6000000000e+01 1.0393196615e-01
   endloop
 endfacet
 facet normal  0.0000000000e+00 -1.0000000000e+00 0.0000000000e+00
   outer loop
     vertex 1.0282498650e+01 -2.6000000000e+01 1.0393196615e-01
     vertex 1.0282498650e+01 -2.6000000000e+01 5.1965983074e-02
     vertex 1.0517024714e+01 -2.6000000000e+01 4.7172008526e-02
   endloop
 endfacet
 facet normal  0.0000000000e+00 -1.0000000000e+00 0.0000000000e+00
   outer loop
     vertex 1.0282498650e+01 -2.6000000000e+01 1.0393196615e-01
     vertex 1.0517024714e+01 -2.6000000000e+01 4.7172008526e-02
     vertex 1.0517024714e+01 -2.6000000000e+01 9.4344017051e-02
   endloop
 endfacet
 facet normal  0.0000000000e+00 -1.0000000000e+00 0.0000000000e+00
   outer loop
     vertex 1.0517024714e+01 -2.6000000000e+01 9.4344017051e-02
     vertex 1.0517024714e+01 -2.6000000000e+01 4.7172008526e-02
     vertex 1.0751293530e+01 -2.6000000000e+01 7.9722506657e-02
   endloop
 endfacet
 facet normal  0.0000000000e+00 -1.0000000000e+00 0.0000000000e+00
   outer loop
     vertex 1.0517024714e+01 -2.6000000000e+01 4.7172008526e-02
     vertex 1.0751293530e+01 -2.6000000000e+01 3.9861253328e-02
     vertex 1.0751293530e+01 -2.6000000000e+01 7.9722506657e-02
   endloop
 endfacet
 facet normal  0.0000000000e+00 -1.0000000000e+00 0.0000000000e+00
   outer loop
     vertex 1.0751293530e+01 -2.6000000000e+01 7.9722506657e-02
     vertex 1.0751293530e+01 -2.6000000000e+01 3.9861253328e-02
     vertex 1.0967100846e+01 -2.6000000000e+01 6.2917223540e-02
   endloop
 endfacet
 facet normal  0.0000000000e+00 -1.0000000000e+00 0.0000000000e+00
   outer loop
     vertex 1.0751293530e+01 -2.6000000000e+01 3.9861253328e-02
     vertex 1.0967100846e+01 -2.6000000000e+01 3.1458611770e-02
     vertex 1.0967100846e+01 -2.6000000000e+01 6.2917223540e-02
   endloop
 endfacet
 facet normal  0.0000000000e+00 -1.0000000000e+00 0.0000000000e+00
   outer loop
     vertex 1.0967100846e+01 -2.6000000000e+01 6.2917223540e-02
     vertex 1.0967100846e+01 -2.6000000000e+01 3.1458611770e-02
     vertex 1.1151574585e+01 -2.6000000000e+01 4.6471733616e-02
   endloop
 endfacet
 facet normal  0.0000000000e+00 -1.0000000000e+00 0.0000000000e+00
   outer loop
     vertex 1.0967100846e+01 -2.6000000000e+01 3.1458611770e-02
     vertex 1.1151574585e+01 -2.6000000000e+01 2.3235866808e-02
     vertex 1.1151574585e+01 -2.6000000000e+01 4.6471733616e-02
   endloop
 endfacet
 facet normal  0.0000000000e+00 -1.0000000000e+00 0.0000000000e+00
   outer loop
     vertex 1.1151574585e+01 -2.6000000000e+01 4.6471733616e-02
     vertex 1.1151574585e+01 -2.6000000000e+01 2.3235866808e-02
     vertex 1.1299441990e+01 -2.6000000000e+01 3.2031670586e-02
   endloop
 endfacet
 facet normal  0.0000000000e+00 -1.0000000000e+00 0.0000000000e+00
   outer loop
     vertex 1.1151574585e+01 -2.6000000000e+01 2.3235866808e-02
     vertex 1.1299441990e+01 -2.6000000000e+01 1.6015835293e-02
     vertex 1.1299441990e+01 -2.6000000000e+01 3.2031670586e-02
   endloop
 endfacet
 facet normal  0.0000000000e+00 -1.0000000000e+00 0.0000000000e+00
   outer loop
     vertex 1.1299441990e+01 -2.6000000000e+01 3.2031670586e-02
     vertex 1.1299441990e+01 -2.6000000000e+01 1.6015835293e-02
     vertex 1.1411972816e+01 -2.6000000000e+01 2.0306528227e-02
   endloop
 endfacet
 facet normal  0.0000000000e+00 -1.0000000000e+00 0.0000000000e+00
   outer loop
     vertex 1.1299441990e+01 -2.6000000000e+01 1.6015835293e-02
     vertex 1.1411972816e+01 -2.6000000000e+01 1.0153264114e-02
     vertex 1.1411972816e+01 -2.6000000000e+01 2.0306528227e-02
   endloop
 endfacet
 facet normal  0.0000000000e+00 -1.0000000000e+00 0.0000000000e+00
   outer loop
     vertex 1.1411972816e+01 -2.6000000000e+01 2.0306528227e-02
     vertex 1.1411972816e+01 -2.6000000000e+01 1.0153264114e-02
     vertex 1.1494274483e+01 -2.6000000000e+01 1.1316320245e-02
   endloop
 endfacet
 facet normal  0.0000000000e+00 -1.0000000000e+00 0.0000000000e+00
   outer loop
     vertex 1.1411972816e+01 -2.6000000000e+01 1.0153264114e-02
     vertex 1.1494274483e+01 -2.6000000000e+01 5.6581601225e-03
     vertex 1.1494274483e+01 -2.6000000000e+01 1.1316320245e-02
   endloop
 endfacet
 facet normal  0.0000000000e+00 -1.0000000000e+00 0.0000000000e+00
   outer loop
     vertex 1.1494274483e+01 -2.6000000000e+01 1.1316320245e-02
     vertex 1.1494274483e+01 -2.6000000000e+01 5.6581601225e-03
     vertex 1.1552734439e+01 -2.6000000000e+01 4.7086418503e-03
   endloop
 endfacet
 facet normal  0.0000000000e+00 -1.0000000000e+00 0.0000000000e+00
   outer loop
     vertex 1.1494274483e+01 -2.6000000000e+01 5.6581601225e-03
     vertex 1.1552734439e+01 -2.6000000000e+01 2.3543209252e-03
     vertex 1.1552734439e+01 -2.6000000000e+01 4.7086418503e-03
   endloop
 endfacet
 facet normal  0.0000000000e+00 -1.0000000000e+00 0.0000000000e+00
   outer loop
     vertex 1.1552734439e+01 -2.6000000000e+01 4.7086418503e-03
     vertex 1.1552734439e+01 -2.6000000000e+01 2.3543209252e-03
     vertex 1.1593403606e+01 -2.6000000000e+01 0.0000000000e+00
   endloop
 endfacet
 facet normal  0.0000000000e+00 -1.0000000000e+00 -0.0000000000e+00
   outer loop
     vertex 1.1593403606e+01 -2.6000000000e+01 0.0000000000e+00
     vertex 1.1552734439e+01 -2.6000000000e+01 -3.2436180642e-16
     vertex 1.1552734439e+01 -2.6000000000e+01 -2.3543209252e-03
   endloop
 endfacet
 facet normal  0.0000000000e+00 -1.0000000000e+00 0.0000000000e+00
   outer loop
     vertex 1.1552734439e+01 -2.6000000000e+01 -2.3543209252e-03
     vertex 1.1552734439e+01 -2.6000000000e+01 -3.2436180642e-16
     vertex 1.1494274483e+01 -2.6000000000e+01 -4.2045735452e-16
   endloop
 endfacet
 facet normal  0.0000000000e+00 -1.0000000000e+00 -0.0000000000e+00
   outer loop
     vertex 1.1552734439e+01 -2.6000000000e+01 -2.3543209252e-03
     vertex 1.1494274483e+01 -2.6000000000e+01 -4.2045735452e-16
     vertex 1.1494274483e+01 -2.6000000000e+01 -5.6581601225e-03
   endloop
 endfacet
 facet normal  -0.0000000000e+00 -1.0000000000e+00 0.0000000000e+00
   outer loop
     vertex 1.1494274483e+01 -2.6000000000e+01 -5.6581601225e-03
     vertex 1.1494274483e+01 -2.6000000000e+01 -4.2045735452e-16
     vertex 1.1411972816e+01 -2.6000000000e+01 -1.5703484848e-16
   endloop
 endfacet
 facet normal  0.0000000000e+00 -1.0000000000e+00 0.0000000000e+00
   outer loop
     vertex 1.1494274483e+01 -2.6000000000e+01 -5.6581601225e-03
     vertex 1.1411972816e+01 -2.6000000000e+01 -1.5703484848e-16
     vertex 1.1411972816e+01 -2.6000000000e+01 -1.0153264114e-02
   endloop
 endfacet
 facet normal  -0.0000000000e+00 -1.0000000000e+00 -0.0000000000e+00
   outer loop
     vertex 1.1411972816e+01 -2.6000000000e+01 -1.0153264114e-02
     vertex 1.1411972816e+01 -2.6000000000e+01 -1.5703484848e-16
     vertex 1.1299441990e+01 -2.6000000000e+01 8.5043890627e-17
   endloop
 endfacet
 facet normal  0.0000000000e+00 -1.0000000000e+00 0.0000000000e+00
   outer loop
     vertex 1.1411972816e+01 -2.6000000000e+01 -1.0153264114e-02
     vertex 1.1299441990e+01 -2.6000000000e+01 8.5043890627e-17
     vertex 1.1299441990e+01 -2.6000000000e+01 -1.6015835293e-02
   endloop
 endfacet
 facet normal  0.0000000000e+00 -1.0000000000e+00 -0.0000000000e+00
   outer loop
     vertex 1.1299441990e+01 -2.6000000000e+01 -1.6015835293e-02
     vertex 1.1299441990e+01 -2.6000000000e+01 8.5043890627e-17
     vertex 1.1151574585e+01 -2.6000000000e+01 5.5774615543e-17
   endloop
 endfacet
 facet normal  0.0000000000e+00 -1.0000000000e+00 0.0000000000e+00
   outer loop
     vertex 1.1299441990e+01 -2.6000000000e+01 -1.6015835293e-02
     vertex 1.1151574585e+01 -2.6000000000e+01 5.5774615543e-17
     vertex 1.1151574585e+01 -2.6000000000e+01 -2.3235866808e-02
   endloop
 endfacet
 facet normal  0.0000000000e+00 -1.0000000000e+00 -0.0000000000e+00
   outer loop
     vertex 1.1151574585e+01 -2.6000000000e+01 -2.3235866808e-02
     vertex 1.1151574585e+01 -2.6000000000e+01 5.5774615543e-17
     vertex 1.0967100846e+01 -2.6000000000e+01 3.8805805324e-17
   endloop
 endfacet
 facet normal  0.0000000000e+00 -1.0000000000e+00 0.0000000000e+00
   outer loop
     vertex 1.1151574585e+01 -2.6000000000e+01 -2.3235866808e-02
     vertex 1.0967100846e+01 -2.6000000000e+01 3.8805805324e-17
     vertex 1.0967100846e+01 -2.6000000000e+01 -3.1458611770e-02
   endloop
 endfacet
 facet normal  -0.0000000000e+00 -1.0000000000e+00 -0.0000000000e+00
   outer loop
     vertex 1.0967100846e+01 -2.6000000000e+01 -3.1458611770e-02
     vertex 1.0967100846e+01 -2.6000000000e+01 3.8805805324e-17
     vertex 1.0751293530e+01 -2.6000000000e+01 4.3086792238e-17
   endloop
 endfacet
 facet normal  0.0000000000e+00 -1.0000000000e+00 0.0000000000e+00
   outer loop
     vertex 1.0967100846e+01 -2.6000000000e+01 -3.1458611770e-02
     vertex 1.0751293530e+01 -2.6000000000e+01 4.3086792238e-17
     vertex 1.0751293530e+01 -2.6000000000e+01 -3.9861253328e-02
   endloop
 endfacet
 facet normal  0.0000000000e+00 -1.0000000000e+00 -0.0000000000e+00
   outer loop
     vertex 1.0751293530e+01 -2.6000000000e+01 -3.9861253328e-02
     vertex 1.0751293530e+01 -2.6000000000e+01 4.3086792238e-17
     vertex 1.0517024714e+01 -2.6000000000e+01 1.3877787808e-17
   endloop
 endfacet
 facet normal  0.0000000000e+00 -1.0000000000e+00 0.0000000000e+00
   outer loop
     vertex 1.0751293530e+01 -2.6000000000e+01 -3.9861253328e-02
     vertex 1.0517024714e+01 -2.6000000000e+01 1.3877787808e-17
     vertex 1.0517024714e+01 -2.6000000000e+01 -4.7172008526e-02
   endloop
 endfacet
 facet normal  0.0000000000e+00 -1.0000000000e+00 -0.0000000000e+00
   outer loop
     vertex 1.0517024714e+01 -2.6000000000e+01 -4.7172008526e-02
     vertex 1.0517024714e+01 -2.6000000000e+01 1.3877787808e-17
     vertex 1.0282498650e+01 -2.6000000000e+01 -5.1965983074e-02
   endloop
 endfacet
 facet normal  0.0000000000e+00 -1.0000000000e+00 0.0000000000e+00
   outer loop
     vertex 1.0517024714e+01 -2.6000000000e+01 1.3877787808e-17
     vertex 1.0282498650e+01 -2.6000000000e+01 -1.2130350811e-17
     vertex 1.0282498650e+01 -2.6000000000e+01 -5.1965983074e-02
   endloop
 endfacet
 facet normal  0.0000000000e+00 -1.0000000000e+00 -0.0000000000e+00
   outer loop
     vertex 1.0282498650e+01 -2.6000000000e+01 -5.1965983074e-02
     vertex 1.0282498650e+01 -2.6000000000e+01 -1.2130350811e-17
     vertex 1.0066060683e+01 -2.6000000000e+01 -5.3210823497e-02
   endloop
 endfacet
 facet normal  0.0000000000e+00 -1.0000000000e+00 0.0000000000e+00
   outer loop
     vertex 1.0282498650e+01 -2.6000000000e+01 -1.2130350811e-17
     vertex 1.0066060683e+01 -2.6000000000e+01 -3.1241378172e-18
     vertex 1.0066060683e+01 -2.6000000000e+01 -5.3210823497e-02
   endloop
 endfacet
 facet normal  0.0000000000e+00 -1.0000000000e+00 -0.0000000000e+00
   outer loop
     vertex 1.0066060683e+01 -2.6000000000e+01 -5.3210823497e-02
     vertex 1.0066060683e+01 -2.6000000000e+01 -3.1241378172e-18
     vertex 9.8809360056e+00 -2.6000000000e+01 -5.0710084019e-02
   endloop
 endfacet
 facet normal  0.0000000000e+00 -1.0000000000e+00 0.0000000000e+00
   outer loop
     vertex 1.0066060683e+01 -2.6000000000e+01 -3.1241378172e-18
     vertex 9.8809360056e+00 -2.6000000000e+01 -4.5874944966e-18
     vertex 9.8809360056e+00 -2.6000000000e+01 -5.0710084019e-02
   endloop
 endfacet
 facet normal  0.0000000000e+00 -1.0000000000e+00 -0.0000000000e+00
   outer loop
     vertex 9.8809360056e+00 -2.6000000000e+01 -5.0710084019e-02
     vertex 9.8809360056e+00 -2.6000000000e+01 -4.5874944966e-18
     vertex 9.7328167486e+00 -2.6000000000e+01 -4.5042109985e-02
   endloop
 endfacet
 facet normal  0.0000000000e+00 -1.0000000000e+00 0.0000000000e+00
   outer loop
     vertex 9.8809360056e+00 -2.6000000000e+01 -4.5874944966e-18
     vertex 9.7328167486e+00 -2.6000000000e+01 2.5477441415e-17
     vertex 9.7328167486e+00 -2.6000000000e+01 -4.5042109985e-02
   endloop
 endfacet
 facet normal  0.0000000000e+00 -1.0000000000e+00 -0.0000000000e+00
   outer loop
     vertex 9.7328167486e+00 -2.6000000000e+01 -4.5042109985e-02
     vertex 9.7328167486e+00 -2.6000000000e+01 2.5477441415e-17
     vertex 9.6208264918e+00 -2.6000000000e+01 -3.7089227621e-02
   endloop
 endfacet
 facet normal  0.0000000000e+00 -1.0000000000e+00 0.0000000000e+00
   outer loop
     vertex 9.7328167486e+00 -2.6000000000e+01 2.5477441415e-17
     vertex 9.6208264918e+00 -2.6000000000e+01 -3.2242147923e-17
     vertex 9.6208264918e+00 -2.6000000000e+01 -3.7089227621e-02
   endloop
 endfacet
 facet normal  0.0000000000e+00 -1.0000000000e+00 -0.0000000000e+00
   outer loop
     vertex 9.6208264918e+00 -2.6000000000e+01 -3.7089227621e-02
     vertex 9.6208264918e+00 -2.6000000000e+01 -3.2242147923e-17
     vertex 9.5403574759e+00 -2.6000000000e+01 -2.7454830274e-02
   endloop
 endfacet
 facet normal  0.0000000000e+00 -1.0000000000e+00 0.0000000000e+00
   outer loop
     vertex 9.6208264918e+00 -2.6000000000e+01 -3.2242147923e-17
     vertex 9.5403574759e+00 -2.6000000000e+01 7.5485520758e-18
     vertex 9.5403574759e+00 -2.6000000000e+01 -2.7454830274e-02
   endloop
 endfacet
 facet normal  0.0000000000e+00 -1.0000000000e+00 -0.0000000000e+00
   outer loop
     vertex 9.5403574759e+00 -2.6000000000e+01 -2.7454830274e-02
     vertex 9.5403574759e+00 -2.6000000000e+01 7.5485520758e-18
     vertex 9.4865018845e+00 -2.6000000000e+01 -1.5816089092e-02
   endloop
 endfacet
 facet normal  0.0000000000e+00 -1.0000000000e+00 0.0000000000e+00
   outer loop
     vertex 9.5403574759e+00 -2.6000000000e+01 7.5485520758e-18
     vertex 9.4865018845e+00 -2.6000000000e+01 -1.5501175060e-16
     vertex 9.4865018845e+00 -2.6000000000e+01 -1.5816089092e-02
   endloop
 endfacet
 facet normal  -0.0000000000e+00 -1.0000000000e+00 -0.0000000000e+00
   outer loop
     vertex 9.4865018845e+00 -2.6000000000e+01 -1.5816089092e-02
     vertex 9.4865018845e+00 -2.6000000000e+01 -1.5501175060e-16
     vertex 9.4632260909e+00 -2.6000000000e+01 0.0000000000e+00
   endloop
 endfacet
 facet normal  0.0000000000e+00 -1.0000000000e+00 0.0000000000e+00
   outer loop
     vertex 9.4632260909e+00 -2.6000000000e+01 0.0000000000e+00
     vertex 9.4865018845e+00 -2.6000000000e+01 -1.5501175060e-16
     vertex 9.4865018845e+00 -2.6000000000e+01 1.5816089092e-02
   endloop
 endfacet
 facet normal  0.0000000000e+00 -1.0000000000e+00 0.0000000000e+00
   outer loop
     vertex 9.4865018845e+00 -2.6000000000e+01 1.5816089092e-02
     vertex 9.4865018845e+00 -2.6000000000e+01 -1.5501175060e-16
     vertex 9.5403574759e+00 -2.6000000000e+01 7.5485520758e-18
   endloop
 endfacet
 facet normal  0.0000000000e+00 -1.0000000000e+00 0.0000000000e+00
   outer loop
     vertex 9.4865018845e+00 -2.6000000000e+01 1.5816089092e-02
     vertex 9.5403574759e+00 -2.6000000000e+01 7.5485520758e-18
     vertex 9.5403574759e+00 -2.6000000000e+01 2.7454830274e-02
   endloop
 endfacet
 facet normal  0.0000000000e+00 -1.0000000000e+00 0.0000000000e+00
   outer loop
     vertex 9.5403574759e+00 -2.6000000000e+01 2.7454830274e-02
     vertex 9.5403574759e+00 -2.6000000000e+01 7.5485520758e-18
     vertex 9.6208264918e+00 -2.6000000000e+01 -3.2242147923e-17
   endloop
 endfacet
 facet normal  0.0000000000e+00 -1.0000000000e+00 0.0000000000e+00
   outer loop
     vertex 9.5403574759e+00 -2.6000000000e+01 2.7454830274e-02
     vertex 9.6208264918e+00 -2.6000000000e+01 -3.2242147923e-17
     vertex 9.6208264918e+00 -2.6000000000e+01 3.7089227621e-02
   endloop
 endfacet
 facet normal  0.0000000000e+00 -1.0000000000e+00 0.0000000000e+00
   outer loop
     vertex 9.6208264918e+00 -2.6000000000e+01 3.7089227621e-02
     vertex 9.6208264918e+00 -2.6000000000e+01 -3.2242147923e-17
     vertex 9.7328167486e+00 -2.6000000000e+01 2.5477441415e-17
   endloop
 endfacet
 facet normal  0.0000000000e+00 -1.0000000000e+00 0.0000000000e+00
   outer loop
     vertex 9.6208264918e+00 -2.6000000000e+01 3.7089227621e-02
     vertex 9.7328167486e+00 -2.6000000000e+01 2.5477441415e-17
     vertex 9.7328167486e+00 -2.6000000000e+01 4.5042109985e-02
   endloop
 endfacet
 facet normal  0.0000000000e+00 -1.0000000000e+00 0.0000000000e+00
   outer loop
     vertex 9.7328167486e+00 -2.6000000000e+01 4.5042109985e-02
     vertex 9.7328167486e+00 -2.6000000000e+01 2.5477441415e-17
     vertex 9.8809360056e+00 -2.6000000000e+01 -4.5874944966e-18
   endloop
 endfacet
 facet normal  0.0000000000e+00 -1.0000000000e+00 0.0000000000e+00
   outer loop
     vertex 9.7328167486e+00 -2.6000000000e+01 4.5042109985e-02
     vertex 9.8809360056e+00 -2.6000000000e+01 -4.5874944966e-18
     vertex 9.8809360056e+00 -2.6000000000e+01 5.0710084019e-02
   endloop
 endfacet
 facet normal  0.0000000000e+00 -1.0000000000e+00 0.0000000000e+00
   outer loop
     vertex 9.8809360056e+00 -2.6000000000e+01 5.0710084019e-02
     vertex 9.8809360056e+00 -2.6000000000e+01 -4.5874944966e-18
     vertex 1.0066060683e+01 -2.6000000000e+01 -3.1241378172e-18
   endloop
 endfacet
 facet normal  0.0000000000e+00 -1.0000000000e+00 0.0000000000e+00
   outer loop
     vertex 9.8809360056e+00 -2.6000000000e+01 5.0710084019e-02
     vertex 1.0066060683e+01 -2.6000000000e+01 -3.1241378172e-18
     vertex 1.0066060683e+01 -2.6000000000e+01 5.3210823497e-02
   endloop
 endfacet
 facet normal  0.0000000000e+00 -1.0000000000e+00 0.0000000000e+00
   outer loop
     vertex 1.0066060683e+01 -2.6000000000e+01 5.3210823497e-02
     vertex 1.0066060683e+01 -2.6000000000e+01 -3.1241378172e-18
     vertex 1.0282498650e+01 -2.6000000000e+01 -1.2130350811e-17
   endloop
 endfacet
 facet normal  0.0000000000e+00 -1.0000000000e+00 0.0000000000e+00
   outer loop
     vertex 1.0066060683e+01 -2.6000000000e+01 5.3210823497e-02
     vertex 1.0282498650e+01 -2.6000000000e+01 -1.2130350811e-17
     vertex 1.0282498650e+01 -2.6000000000e+01 5.1965983074e-02
   endloop
 endfacet
 facet normal  0.0000000000e+00 -1.0000000000e+00 0.0000000000e+00
   outer loop
     vertex 1.0282498650e+01 -2.6000000000e+01 5.1965983074e-02
     vertex 1.0282498650e+01 -2.6000000000e+01 -1.2130350811e-17
     vertex 1.0517024714e+01 -2.6000000000e+01 1.3877787808e-17
   endloop
 endfacet
 facet normal  0.0000000000e+00 -1.0000000000e+00 0.0000000000e+00
   outer loop
     vertex 1.0282498650e+01 -2.6000000000e+01 5.1965983074e-02
     vertex 1.0517024714e+01 -2.6000000000e+01 1.3877787808e-17
     vertex 1.0517024714e+01 -2.6000000000e+01 4.7172008526e-02
   endloop
 endfacet
 facet normal  0.0000000000e+00 -1.0000000000e+00 0.0000000000e+00
   outer loop
     vertex 1.0517024714e+01 -2.6000000000e+01 4.7172008526e-02
     vertex 1.0517024714e+01 -2.6000000000e+01 1.3877787808e-17
     vertex 1.0751293530e+01 -2.6000000000e+01 3.9861253328e-02
   endloop
 endfacet
 facet normal  -0.0000000000e+00 -1.0000000000e+00 0.0000000000e+00
   outer loop
     vertex 1.0517024714e+01 -2.6000000000e+01 1.3877787808e-17
     vertex 1.0751293530e+01 -2.6000000000e+01 4.3086792238e-17
     vertex 1.0751293530e+01 -2.6000000000e+01 3.9861253328e-02
   endloop
 endfacet
 facet normal  0.0000000000e+00 -1.0000000000e+00 0.0000000000e+00
   outer loop
     vertex 1.0751293530e+01 -2.6000000000e+01 3.9861253328e-02
     vertex 1.0751293530e+01 -2.6000000000e+01 4.3086792238e-17
     vertex 1.0967100846e+01 -2.6000000000e+01 3.1458611770e-02
   endloop
 endfacet
 facet normal  0.0000000000e+00 -1.0000000000e+00 0.0000000000e+00
   outer loop
     vertex 1.0751293530e+01 -2.6000000000e+01 4.3086792238e-17
     vertex 1.0967100846e+01 -2.6000000000e+01 3.8805805324e-17
     vertex 1.0967100846e+01 -2.6000000000e+01 3.1458611770e-02
   endloop
 endfacet
 facet normal  0.0000000000e+00 -1.0000000000e+00 0.0000000000e+00
   outer loop
     vertex 1.0967100846e+01 -2.6000000000e+01 3.1458611770e-02
     vertex 1.0967100846e+01 -2.6000000000e+01 3.8805805324e-17
     vertex 1.1151574585e+01 -2.6000000000e+01 2.3235866808e-02
   endloop
 endfacet
 facet normal  -0.0000000000e+00 -1.0000000000e+00 0.0000000000e+00
   outer loop
     vertex 1.0967100846e+01 -2.6000000000e+01 3.8805805324e-17
     vertex 1.1151574585e+01 -2.6000000000e+01 5.5774615543e-17
     vertex 1.1151574585e+01 -2.6000000000e+01 2.3235866808e-02
   endloop
 endfacet
 facet normal  0.0000000000e+00 -1.0000000000e+00 0.0000000000e+00
   outer loop
     vertex 1.1151574585e+01 -2.6000000000e+01 2.3235866808e-02
     vertex 1.1151574585e+01 -2.6000000000e+01 5.5774615543e-17
     vertex 1.1299441990e+01 -2.6000000000e+01 1.6015835293e-02
   endloop
 endfacet
 facet normal  -0.0000000000e+00 -1.0000000000e+00 0.0000000000e+00
   outer loop
     vertex 1.1151574585e+01 -2.6000000000e+01 5.5774615543e-17
     vertex 1.1299441990e+01 -2.6000000000e+01 8.5043890627e-17
     vertex 1.1299441990e+01 -2.6000000000e+01 1.6015835293e-02
   endloop
 endfacet
 facet normal  0.0000000000e+00 -1.0000000000e+00 0.0000000000e+00
   outer loop
     vertex 1.1299441990e+01 -2.6000000000e+01 1.6015835293e-02
     vertex 1.1299441990e+01 -2.6000000000e+01 8.5043890627e-17
     vertex 1.1411972816e+01 -2.6000000000e+01 1.0153264114e-02
   endloop
 endfacet
 facet normal  0.0000000000e+00 -1.0000000000e+00 0.0000000000e+00
   outer loop
     vertex 1.1299441990e+01 -2.6000000000e+01 8.5043890627e-17
     vertex 1.1411972816e+01 -2.6000000000e+01 -1.5703484848e-16
     vertex 1.1411972816e+01 -2.6000000000e+01 1.0153264114e-02
   endloop
 endfacet
 facet normal  0.0000000000e+00 -1.0000000000e+00 0.0000000000e+00
   outer loop
     vertex 1.1411972816e+01 -2.6000000000e+01 1.0153264114e-02
     vertex 1.1411972816e+01 -2.6000000000e+01 -1.5703484848e-16
     vertex 1.1494274483e+01 -2.6000000000e+01 5.6581601225e-03
   endloop
 endfacet
 facet normal  0.0000000000e+00 -1.0000000000e+00 0.0000000000e+00
   outer loop
     vertex 1.1411972816e+01 -2.6000000000e+01 -1.5703484848e-16
     vertex 1.1494274483e+01 -2.6000000000e+01 -4.2045735452e-16
     vertex 1.1494274483e+01 -2.6000000000e+01 5.6581601225e-03
   endloop
 endfacet
 facet normal  0.0000000000e+00 -1.0000000000e+00 0.0000000000e+00
   outer loop
     vertex 1.1494274483e+01 -2.6000000000e+01 5.6581601225e-03
     vertex 1.1494274483e+01 -2.6000000000e+01 -4.2045735452e-16
     vertex 1.1552734439e+01 -2.6000000000e+01 2.3543209252e-03
   endloop
 endfacet
 facet normal  -0.0000000000e+00 -1.0000000000e+00 0.0000000000e+00
   outer loop
     vertex 1.1494274483e+01 -2.6000000000e+01 -4.2045735452e-16
     vertex 1.1552734439e+01 -2.6000000000e+01 -3.2436180642e-16
     vertex 1.1552734439e+01 -2.6000000000e+01 2.3543209252e-03
   endloop
 endfacet
 facet normal  0.0000000000e+00 -1.0000000000e+00 0.0000000000e+00
   outer loop
     vertex 1.1552734439e+01 -2.6000000000e+01 2.3543209252e-03
     vertex 1.1552734439e+01 -2.6000000000e+01 -3.2436180642e-16
     vertex 1.1593403606e+01 -2.6000000000e+01 0.0000000000e+00
   endloop
 endfacet
endsolid
