/*--------------------------------*- C++ -*----------------------------------*\
| =========                 |                                                 |
| \\      /  F ield         | OpenFOAM: The Open Source CFD Toolbox           |
|  \\    /   O peration     | Version:  2606                                  |
|   \\  /    A nd           | Website:  www.openfoam.com                      |
|    \\/     M anipulation  |                                                 |
\*---------------------------------------------------------------------------*/
FoamFile
{
    version     2.0;
    format      ascii;
    arch        "LSB;label=32;scalar=64";
    class       volScalarField;
    location    "0.8";
    object      p_rgh;
}
// * * * * * * * * * * * * * * * * * * * * * * * * * * * * * * * * * * * * * //

dimensions      [1 -1 -2 0 0 0 0];

internalField   nonuniform List<scalar> 
76800
(
2.1712892
1.939233
1.9929986
1.972237
1.9689183
1.9602879
1.9561469
1.9551572
1.9568631
1.9606308
1.9661424
1.9733376
1.9821748
1.9924992
2.0039279
2.0158206
2.0272876
2.0372235
2.0442582
2.0468584
2.0430115
2.029945
2.0046986
1.9670174
1.9278436
1.9135452
1.9499398
2.04299
2.1562639
2.245556
2.2904328
2.300932
2.2972993
2.2929401
2.292571
2.2959686
2.3017624
2.3090889
2.3176085
2.326894
2.3362816
2.3452147
2.3535911
2.361756
2.3700571
2.3787052
2.3877706
2.3972522
2.4071415
2.4173617
2.4277766
2.4383397
2.4492052
2.4606227
2.4725898
2.4850493
2.4980022
2.5109576
2.5234523
2.5353382
2.5468527
2.5581541
2.569017
2.5793209
2.5893458
2.600173
2.6123594
2.6255859
2.6389087
2.6513437
2.6629222
2.6734283
2.6828346
2.6921151
2.7013553
2.7100478
2.7185273
2.7272624
2.7362643
2.7455535
2.7550619
2.7642961
2.7730341
2.7815456
2.7898699
2.797739
2.8050999
2.8121419
2.8190458
2.8256976
2.8318189
2.8377805
2.8437839
2.8497164
2.8553289
2.8604839
2.8653053
2.8699948
2.8746807
2.8793376
2.8838712
2.8881494
2.8919966
2.895216
2.8976767
2.8994356
2.9007239
2.901867
2.9033577
2.9054615
2.9078053
2.9096567
2.9103905
2.9096815
2.9077315
2.90514
2.9025688
2.900835
2.9000059
2.8992151
2.8977428
2.8956554
2.8934499
2.8912851
2.8889196
2.8860718
2.8826001
2.8785389
2.8741681
2.8699487
2.8663283
2.8632652
2.8600975
2.8562389
2.8516485
2.8466174
2.8414594
2.8362417
2.8307503
2.8247738
2.8182802
2.8113555
2.8039749
2.7960031
2.7874091
2.7782519
2.7685441
2.7582354
2.7472646
2.7355912
2.7231987
2.7100907
2.6962847
2.6818058
2.6666793
2.6509242
2.6345487
2.6175499
2.5999178
2.5816427
2.5627189
2.5431515
2.5229535
2.5021469
2.4807585
2.4588232
2.4364028
2.4136886
2.3910346
2.3683959
2.3453603
2.3217805
2.2977202
2.2732834
2.2485493
2.2235808
2.1984176
2.1730761
2.1475625
2.1218771
2.0960156
2.0699762
2.0437593
2.0173591
1.9907742
1.9640124
1.9370769
1.909966
1.882684
1.8552341
1.8276131
1.7998159
1.7718366
1.7436687
1.7153093
1.6867607
1.6580266
1.6291092
1.6000091
1.570725
1.5412527
1.5115852
1.4817135
1.4516277
1.4213182
1.3907766
1.359995
1.328965
1.2976787
1.2661305
1.2343158
1.2022298
1.1698661
1.1372195
1.1042873
1.0710691
1.0375653
1.0037764
0.96970327
0.93534687
0.90070787
0.86578649
0.83058248
0.79509476
0.75932126
0.72325914
0.68690532
0.65025648
0.6133083
0.57605464
0.53848777
0.50059949
0.46238215
0.42382818
0.38492855
0.34567219
0.30604751
0.26604519
0.22565972
0.18488898
0.14373233
0.10219059
0.06026827
0.01797695
-0.024665965
-0.067641613
-0.11093664
-0.15454759
-0.19848107
-0.24275057
-0.2873719
-0.33235883
-0.37771948
-0.42345287
-0.46954714
-0.51598201
-0.56273625
-0.60979722
-0.65716819
-0.70486831
-0.75292419
-0.80136289
-0.85020558
-0.89946139
-0.94912834
-0.99919496
-1.049642
-1.1004497
-1.1516018
-1.2030872
-1.254906
-1.3070675
-1.3595829
-1.4124655
-1.4657365
-1.5194221
-1.5735505
-1.6281515
-1.683254
-1.7388894
-1.795113
-1.8519498
-1.9093351
-1.9667652
-2.0236482
-2.0806526
-2.1385962
-2.1975329
-2.2571968
-2.3173804
-2.3780394
-2.4391657
-2.5007187
-2.5626621
-2.624973
-2.6876483
-2.750706
-2.8141782
-2.8781066
-2.9425359
-3.0074919
-3.0729468
-3.1388263
-3.2050546
-3.2715858
-3.3384121
-3.4055464
-3.4730318
-3.5409651
-3.609476
-3.6786827
-3.7486459
-3.8193311
-3.8906025
-3.9622625
-4.0341153
-4.1060334
-4.1780156
-4.2501983
-4.3227819
-4.395915
-4.4695965
-4.5437079
-4.6180865
-4.6925817
-4.7671294
-4.8417841
-4.9166609
-4.991866
-5.0674664
-5.1434841
-5.2199037
-5.2966991
-5.3738587
-5.4513999
-5.5293594
-5.6077774
-5.68669
-5.7661045
-5.84603
-5.9264623
-6.0073993
-6.0888391
-6.1704029
-6.2535257
-6.3395538
-6.425651
-6.5093007
-6.59123
-6.6726872
-6.7547545
-6.8387265
-6.9251041
-7.0130152
-7.1009854
-7.187998
-7.2739583
-7.3594931
-7.4454188
-7.5322656
-7.6201195
-7.7087554
-7.7978777
-7.8873001
-7.9770042
-8.067099
-8.1577228
-8.2489707
-8.3408759
-8.4334175
-8.5265439
-8.6201939
-8.7143305
-8.8089632
-8.9041422
-8.999943
-9.0964462
-9.1937241
-9.2918174
-9.3907374
-9.490495
-9.5910989
-9.6925383
-9.7947315
-9.897603
-10.001133
-10.10508
-10.209741
-10.313832
-10.416112
-10.527786
-10.647982
-10.751783
-10.844021
-10.946746
-11.061073
-11.178131
-11.29476
-11.412137
-11.531424
-11.652644
-11.775306
-11.899044
-12.023776
-12.149559
-12.276469
-12.404571
-12.533879
-12.664326
-12.795804
-12.928185
-13.061377
-13.1953
-13.329912
-13.465226
-13.601282
-13.738136
-13.875944
-14.014468
-14.152734
-14.290121
-14.424718
-14.55721
-14.708854
-14.880147
-15.019156
-15.130957
-15.261179
-15.412535
-15.568393
-15.724168
-15.880576
-16.037399
-16.19439
-16.351866
-16.510332
-16.670149
-16.831459
-16.994207
-17.15821
-17.323285
-17.489319
-17.656364
-17.824774
-17.99465
-18.165806
-18.33928
-18.515406
-18.692549
-18.889041
-19.120275
-19.32501
-19.474268
-19.636579
-19.833114
-20.037288
-20.23945
-20.440508
-20.640059
-20.837079
-21.030405
-21.218224
-21.397567
-21.562543
-21.699473
-21.776008
-21.718908
-21.365566
-20.412034
-18.245892
-13.622168
-5.0118858
8.291042
24.287471
35.905909
58.171097
74.663539
65.720794
18.896837
114.33494
2.1553328
1.9392239
1.9924252
1.9698087
1.9672173
1.9587326
1.9545226
1.9534948
1.955175
1.9589254
1.9644352
1.9716522
1.980536
1.9909349
2.0024651
2.0144867
2.0261095
2.0362296
2.0434676
2.0462965
2.0427203
2.0299377
2.0048116
1.9667642
1.9265217
1.9106637
1.946246
2.0395675
2.1539361
2.244376
2.2900736
2.3009601
2.2972385
2.2926109
2.2919382
2.2951489
2.3008703
2.3081855
2.3167336
2.3260643
2.3354855
2.3444224
2.3527781
2.3609271
2.3692203
2.3778613
2.3869186
2.3963955
2.4062905
2.4165255
2.4269487
2.4374972
2.4483383
2.4597579
2.4717504
2.484241
2.4972294
2.510186
2.52267
2.5345528
2.5460837
2.5574022
2.5682563
2.5785309
2.5884982
2.5993099
2.6115246
2.6247964
2.6381453
2.6505617
2.6621511
2.6726457
2.6820075
2.6913025
2.700566
2.7092438
2.7177116
2.726448
2.7354477
2.7447424
2.7542615
2.7634932
2.7722452
2.7807795
2.7890911
2.7969218
2.8042604
2.8113003
2.8182109
2.8248613
2.8309629
2.8369344
2.8429466
2.8488806
2.8544888
2.8596352
2.8644517
2.8691411
2.8738324
2.8784958
2.883038
2.8873262
2.891181
2.8943991
2.8968476
2.8985958
2.8998886
2.9010473
2.9025696
2.9047107
2.9070676
2.9088986
2.9095995
2.9088634
2.9069005
2.9043154
2.9017572
2.9000526
2.8992346
2.8984216
2.8969311
2.8948565
2.8926794
2.8905267
2.8881492
2.8852781
2.8817853
2.8777115
2.8733426
2.8691369
2.8655377
2.8624843
2.8593012
2.8554206
2.8508226
2.845798
2.8406516
2.8354369
2.8299357
2.8239477
2.8174481
2.8105266
2.8031518
2.7951811
2.7865863
2.7774295
2.7677229
2.7574156
2.7464467
2.7347753
2.7223845
2.709278
2.6954733
2.6809958
2.665871
2.6501181
2.6337454
2.6167499
2.5991215
2.5808501
2.5619297
2.5423653
2.5221697
2.5013651
2.4799783
2.4580425
2.4356128
2.4128783
2.3902299
2.3676207
2.3445969
2.3210147
2.2969494
2.2725087
2.2477721
2.2228024
2.1976389
2.1722975
2.1467842
2.1210993
2.0952383
2.0691994
2.0429832
2.0165837
1.9899991
1.9632379
1.9363029
1.9091925
1.881911
1.8544617
1.8268413
1.7990446
1.7710658
1.7428983
1.7145391
1.6859905
1.6572562
1.6283385
1.5992381
1.5699537
1.5404811
1.5108133
1.4809415
1.4508557
1.4205463
1.3900049
1.3592236
1.3281938
1.296908
1.2653604
1.2335466
1.2014613
1.1690983
1.1364522
1.1035201
1.0703018
1.0367976
1.0030082
0.96893445
0.93457748
0.89993807
0.86501653
0.82981265
0.79432535
0.75855247
0.72249105
0.68613782
0.64948936
0.61254135
0.57528772
0.53772074
0.49983221
0.46161447
0.42306002
0.38415994
0.34490323
0.3052783
0.26527579
0.22489016
0.1841194
0.14296291
0.10142153
0.059499572
0.017208458
-0.025434628
-0.068410875
-0.1117068
-0.15531875
-0.19925309
-0.24352315
-0.28814459
-0.33313112
-0.37849094
-0.4242233
-0.47031666
-0.51675111
-0.56350561
-0.61056757
-0.65794015
-0.70564225
-0.75370007
-0.80214036
-0.85098401
-0.90023989
-0.94990607
-0.9999714
-1.050417
-1.1012238
-1.1523758
-1.2038621
-1.2556827
-1.3078466
-1.3603643
-1.4132488
-1.4665212
-1.5202073
-1.5743347
-1.6289328
-1.6840301
-1.7396564
-1.7958693
-1.8527053
-1.9101435
-1.9676294
-2.0244435
-2.0813794
-2.1393352
-2.1983105
-2.2579969
-2.3181828
-2.3788382
-2.4399615
-2.5015122
-2.563455
-2.625767
-2.6884448
-2.7515055
-2.8149801
-2.8789092
-2.9433369
-3.0082894
-3.0737393
-3.1396137
-3.2058404
-3.2723761
-3.3392137
-3.4063626
-3.4738628
-3.5418091
-3.6103284
-3.6795374
-3.7494964
-3.8201727
-3.8914339
-3.9630859
-4.0349358
-4.1068573
-4.1788485
-4.2510441
-4.3236406
-4.3967832
-4.4704677
-4.5445767
-4.6189506
-4.6934408
-4.7679856
-4.8426414
-4.9175229
-4.9927345
-5.0683423
-5.1443667
-5.2207917
-5.2975915
-5.3747547
-5.4522992
-5.5302624
-5.6086841
-5.6876013
-5.7670201
-5.8469496
-5.9273805
-6.0083106
-6.0897326
-6.1713741
-6.2548008
-6.3406713
-6.4262831
-6.5099256
-6.5921235
-6.673729
-6.7558505
-6.8398357
-6.9261778
-7.0140295
-7.1019492
-7.1889348
-7.2748946
-7.3604483
-7.4463985
-7.5332658
-7.6211339
-7.7097807
-7.7989125
-7.8883434
-7.9780539
-8.0681525
-8.1587785
-8.2500291
-8.3419397
-8.4344904
-8.5276289
-8.6212916
-8.7154399
-8.810082
-8.9052672
-9.0010715
-9.0975765
-9.1948551
-9.2929483
-9.3918671
-9.4916221
-9.5922222
-9.6936587
-9.7958493
-9.8987188
-10.002246
-10.106138
-10.210784
-10.314994
-10.417351
-10.52937
-10.649489
-10.75229
-10.844466
-10.947844
-11.062462
-11.179489
-11.296071
-11.413472
-11.532801
-11.654035
-11.776683
-11.900392
-12.025097
-12.150858
-12.277755
-12.405855
-12.53517
-12.665633
-12.797131
-12.929532
-13.062742
-13.196679
-13.331301
-13.466624
-13.602682
-13.739525
-13.87732
-14.015847
-14.154146
-14.291722
-14.426574
-14.55863
-14.710104
-14.88187
-15.019644
-15.131652
-15.263539
-15.415472
-15.570913
-15.726213
-15.882351
-16.039062
-16.196029
-16.353525
-16.512018
-16.671853
-16.833163
-16.995897
-17.159877
-17.324928
-17.49094
-17.657982
-17.826433
-17.996401
-18.167658
-18.341262
-18.517508
-18.693964
-18.889685
-19.12195
-19.326269
-19.474738
-19.638819
-19.836648
-20.040596
-20.242316
-20.443107
-20.642532
-20.839554
-21.033078
-21.22147
-21.402165
-21.570194
-21.713987
-21.805733
-21.781872
-21.49808
-20.717369
-18.907594
-14.85554
-6.9572853
6.0863085
22.765211
35.082576
52.321205
74.995258
64.887815
8.9402924
110.02392
2.0218915
1.9414668
1.9925489
1.9695872
1.9664761
1.9577849
1.9532507
1.9520304
1.9535778
1.9572116
1.9626318
1.9698021
1.9786818
1.9891215
2.0007332
2.0128763
2.0246609
2.034989
2.042462
2.0455761
2.0423884
2.0300476
2.0051643
1.9666848
1.9251567
1.9072763
1.9412212
2.0341898
2.149432
2.2405581
2.2867878
2.298493
2.2958194
2.2919649
2.291541
2.2946229
2.3000962
2.3072157
2.3156871
2.3250288
2.3344765
2.3434025
2.3517098
2.3598318
2.3681177
2.376745
2.3857781
2.3952355
2.4051345
2.4153991
2.425844
2.4363591
2.4471366
2.4585503
2.4705994
2.4831734
2.4962451
2.5091835
2.5216239
2.5335044
2.5451017
2.5564733
2.5673046
2.5775071
2.5873545
2.5981491
2.6104393
2.6238067
2.6371892
2.6495609
2.6611842
2.6716419
2.680919
2.6902506
2.6995311
2.7081675
2.716628
2.7253797
2.7343865
2.7437117
2.7532519
2.7624591
2.7712642
2.7798843
2.7881628
2.7958831
2.8031661
2.8102152
2.8171469
2.8237701
2.8298193
2.835834
2.8418787
2.8478108
2.853393
2.8585083
2.8633099
2.8680005
2.8727057
2.8773841
2.8819452
2.8862555
2.8901262
2.8933364
2.8957488
2.8974661
2.898773
2.8999916
2.9016205
2.9038564
2.9062129
2.9079386
2.9085079
2.9076972
2.9057429
2.9032343
2.9007736
2.8991648
2.8983229
2.8973863
2.8958345
2.8938384
2.8917798
2.8896614
2.887229
2.8842745
2.8807202
2.876629
2.8722966
2.8681602
2.8646289
2.8615784
2.8583271
2.8543856
2.8497801
2.844787
2.8396795
2.8344719
2.8289445
2.822932
2.8164226
2.8095037
2.8021275
2.7941486
2.7855509
2.7763967
2.7666928
2.7563867
2.7454184
2.7337477
2.7213577
2.7082517
2.6944472
2.6799699
2.664846
2.649095
2.6327252
2.6157338
2.5981099
2.5798433
2.5609276
2.5413679
2.5211767
2.5003766
2.4789936
2.457058
2.4346101
2.4118327
2.3891964
2.36665
2.3436505
2.3200635
2.2959886
2.2715415
2.2468013
2.2218311
2.1966693
2.17133
2.1458191
2.1201365
2.0942777
2.0682411
2.0420271
2.0156293
1.9890464
1.962287
1.9353537
1.9082451
1.8809656
1.8535185
1.8258999
1.7981047
1.7701271
1.7419607
1.7136027
1.6850553
1.6563224
1.6274065
1.5983082
1.5690258
1.539555
1.5098884
1.4800172
1.4499316
1.4196224
1.3890811
1.3583
1.3272708
1.295986
1.26444
1.2326284
1.2005455
1.1681847
1.1355402
1.1026089
1.0693903
1.0358851
1.002094
0.96801848
0.93365998
0.8990197
0.86409823
0.82889543
0.79341015
0.75764004
0.72158186
0.68523212
0.64858707
0.61164197
0.57439035
0.53682428
0.49893571
0.46071734
0.42216207
0.38326128
0.34400413
0.30437903
0.26437646
0.22399061
0.18321935
0.1420621
0.10052028
0.058598996
0.016310367
-0.026328653
-0.069300316
-0.11259257
-0.15620286
-0.20013784
-0.24441011
-0.28903397
-0.33402178
-0.37938082
-0.42511
-0.47119825
-0.5176269
-0.56437677
-0.61143722
-0.6588127
-0.70652206
-0.75458974
-0.80303989
-0.8518904
-0.90114765
-0.95080919
-1.0008652
-1.0512993
-1.1020961
-1.153242
-1.2047272
-1.2565516
-1.3087223
-1.361248
-1.414141
-1.4674215
-1.5211136
-1.5752431
-1.6298376
-1.6849227
-1.7405235
-1.7966992
-1.8535125
-1.9110606
-1.9686684
-2.0253093
-2.0820954
-2.1400942
-2.1991639
-2.2589019
-2.3190925
-2.3797355
-2.4408421
-2.5023762
-2.5643076
-2.6266167
-2.6893001
-2.7523726
-2.8158605
-2.8797986
-2.9442254
-3.0091634
-3.0745845
-3.1404234
-3.2066202
-3.2731432
-3.3399907
-3.4071696
-3.4747189
-3.5427293
-3.6113128
-3.6805633
-3.7505207
-3.8211461
-3.8923209
-3.9638812
-4.0356658
-4.1075679
-4.1795872
-4.2518422
-4.3245021
-4.3976873
-4.4713798
-4.5454671
-4.6198054
-4.69426
-4.768783
-4.8434362
-4.9183286
-4.9935559
-5.0691769
-5.1452085
-5.2216342
-5.298431
-5.3755911
-5.4531341
-5.5310983
-5.6095227
-5.6884436
-5.767865
-5.8477967
-5.9282115
-6.0091057
-6.0904178
-6.1722876
-6.2567837
-6.3423927
-6.4263585
-6.5093866
-6.5921534
-6.6744797
-6.7571569
-6.8414205
-6.9276612
-7.015144
-7.1026821
-7.1894756
-7.2754762
-7.3612089
-7.4473393
-7.5342983
-7.6221624
-7.7107569
-7.7998411
-7.8892558
-7.9789782
-8.0690983
-8.1597396
-8.2509949
-8.3429041
-8.4354541
-8.5285964
-8.6222666
-8.7164252
-8.8110789
-8.9062746
-9.0020879
-9.0986005
-9.1958844
-9.2939801
-9.3928986
-9.4926512
-9.5932466
-9.6946768
-9.7968592
-9.8997265
-10.003276
-10.10716
-10.211777
-10.315891
-10.418379
-10.531396
-10.650832
-10.751592
-10.844781
-10.949791
-11.064175
-11.180533
-11.296957
-11.414487
-11.533912
-11.655149
-11.777769
-11.901466
-12.026172
-12.151929
-12.278812
-12.406892
-12.536184
-12.666622
-12.798103
-12.930496
-13.06371
-13.197659
-13.332302
-13.467648
-13.603723
-13.740573
-13.878368
-14.016875
-14.155043
-14.292451
-14.427255
-14.559109
-14.711959
-14.884912
-15.019074
-15.13101
-15.264793
-15.41661
-15.571646
-15.727065
-15.883354
-16.040106
-16.197116
-16.354693
-16.513283
-16.673197
-16.834548
-16.997271
-17.161193
-17.326159
-17.492081
-17.659079
-17.827577
-17.997652
-18.168968
-18.342657
-18.519233
-18.695504
-18.891674
-19.125777
-19.32676
-19.472908
-19.639442
-19.837865
-20.041259
-20.243241
-20.444224
-20.643471
-20.840196
-21.033676
-21.222844
-21.406123
-21.58054
-21.739022
-21.863915
-21.913344
-21.782957
-21.361975
-20.364888
-17.832406
-12.540007
-2.6412883
12.708401
29.188467
51.928806
73.837018
65.888774
-2.7502668
104.46356
2.0388519
1.9476631
1.9935676
1.96943
1.9653048
1.9563925
1.9513904
1.9498719
1.9512077
1.954632
1.9598698
1.9669147
1.9757285
1.9861731
1.997864
2.0101688
2.0222032
2.0328817
2.0407677
2.0443666
2.0418023
2.0301648
2.0057059
1.9665988
1.9230775
1.902154
1.933305
2.025071
2.140675
2.2323843
2.2795952
2.2930787
2.2925988
2.2904018
2.2906708
2.2937568
2.298965
2.305828
2.3141783
2.3235117
2.3329684
2.3418479
2.3500562
2.3581252
2.3663934
2.3749924
2.3839813
2.3934017
2.4033
2.4136062
2.4240824
2.4345399
2.4452137
2.4566177
2.4687507
2.4814435
2.4946368
2.5075378
2.5199128
2.5317844
2.5434793
2.5549258
2.5657199
2.5758145
2.5854674
2.5962413
2.6086687
2.622203
2.6356393
2.6479321
2.6596106
2.6699871
2.6791232
2.6885228
2.6978183
2.7063828
2.7148385
2.7236224
2.7326461
2.7420253
2.7515972
2.760752
2.7696351
2.7783905
2.7866324
2.7942062
2.8014162
2.8084713
2.8154289
2.8220059
2.8279723
2.8340593
2.8401513
2.8460835
2.8516248
2.8566888
2.8614645
2.8661536
2.8708773
2.8755756
2.8801636
2.8845054
2.888397
2.8915891
2.8939348
2.8955854
2.8968874
2.8981706
2.8999533
2.9023491
2.9047452
2.9063646
2.9067719
2.9058484
2.9038649
2.901407
2.8990493
2.8976024
2.8967729
2.8956926
2.8940539
2.8921526
2.8902464
2.8881757
2.885683
2.8826318
2.8789975
2.8748664
2.8705612
2.8665128
2.8631002
2.8600858
2.8567517
2.8527161
2.8480806
2.8431195
2.838072
2.8328861
2.8273269
2.8212771
2.8147476
2.8078299
2.8004485
2.7924541
2.7838493
2.7746964
2.7649929
2.7546842
2.7437123
2.732038
2.7196449
2.7065357
2.692728
2.6782481
2.6631226
2.6473717
2.6310035
2.6140149
2.5963951
2.5781336
2.5592236
2.5396698
2.5194847
2.4986907
2.4773133
2.4553792
2.4329043
2.4100561
2.3874391
2.3649955
2.3420322
2.3184365
2.2943475
2.2698916
2.2451469
2.220177
2.195018
2.169682
2.1441744
2.1184949
2.0926388
2.0666053
2.0403943
2.0139989
1.9874188
1.9606624
1.9337319
1.9066263
1.8793504
1.8519068
1.8242916
1.7964995
1.7685244
1.7403607
1.7120058
1.6834615
1.6547315
1.6258186
1.5967231
1.5674432
1.5379741
1.5083086
1.4784379
1.4483525
1.4180434
1.3875027
1.3567223
1.3256942
1.2944112
1.2628678
1.2310593
1.19898
1.1666223
1.1339801
1.1010501
1.0678316
1.0343253
1.0005325
0.96645499
0.93209478
0.89745355
0.86253222
0.82733076
0.79184799
0.75608142
0.72002757
0.68368253
0.64704195
0.61010048
0.57285124
0.53528637
0.49739825
0.45918006
0.42062497
0.38172448
0.34246778
0.30284322
0.26284111
0.22245539
0.18168394
0.14052665
0.098985933
0.05706802
0.0147855
-0.027845683
-0.070809705
-0.11409646
-0.15770442
-0.20163998
-0.24591438
-0.29053995
-0.33552732
-0.38088264
-0.4266046
-0.47268301
-0.51910131
-0.56584323
-0.61290078
-0.66027981
-0.70799829
-0.75607758
-0.80453843
-0.85339525
-0.90265194
-0.95230604
-1.0023495
-1.0527691
-1.1035534
-1.1546915
-1.2061747
-1.2580033
-1.3101817
-1.3627162
-1.4156186
-1.4689078
-1.5226054
-1.5767346
-1.6313205
-1.6863849
-1.7419466
-1.7980635
-1.8548333
-1.9125721
-1.9703922
-2.0267245
-2.0832816
-2.1413692
-2.2005773
-2.2603804
-2.3205724
-2.3811984
-2.4422836
-2.5037967
-2.5657143
-2.6280205
-2.6907115
-2.7537981
-2.8172998
-2.8812444
-2.9456649
-3.0105798
-3.0759597
-3.1417488
-3.2079055
-3.2744153
-3.341285
-3.4085153
-3.4761399
-3.5442394
-3.6129032
-3.6821975
-3.7521418
-3.822696
-3.8937642
-3.9652206
-4.0369399
-4.1088343
-4.1809022
-4.2532409
-4.3259848
-4.3992223
-4.4729184
-4.5469706
-4.6212578
-4.6956629
-4.7701552
-4.8448023
-4.919704
-4.9949448
-5.0705768
-5.1466128
-5.2230367
-5.2998285
-5.3769839
-5.454525
-5.5324903
-5.6109176
-5.689842
-5.7692636
-5.8491962
-5.9295844
-6.0104329
-6.0915542
-6.1737174
-6.2598406
-6.344928
-6.4265586
-6.5089289
-6.5925735
-6.6758607
-6.7592164
-6.8437657
-6.9298163
-7.0168084
-7.1038732
-7.1904309
-7.2764578
-7.362357
-7.4486429
-7.5356605
-7.623493
-7.7120229
-7.8010612
-7.8904649
-7.9802007
-8.0703375
-8.1609853
-8.2522371
-8.344141
-8.4366917
-8.5298434
-8.6235281
-8.717705
-8.8123789
-8.9075938
-9.0034236
-9.099949
-9.1972405
-9.2953376
-9.3942515
-9.4939956
-9.5945783
-9.6959924
-9.7981562
-9.9010202
-10.004596
-10.108423
-10.212866
-10.316498
-10.419177
-10.534677
-10.653716
-10.750887
-10.844561
-10.951125
-11.065184
-11.181182
-11.297891
-11.415887
-11.535643
-11.657046
-11.779729
-11.903422
-12.028078
-12.153756
-12.280555
-12.408568
-12.537812
-12.668222
-12.799689
-12.932081
-13.065302
-13.199262
-13.333914
-13.469267
-13.605334
-13.742152
-13.879892
-14.018285
-14.156218
-14.29349
-14.428491
-14.560378
-14.715564
-14.8893
-15.016216
-15.128833
-15.266851
-15.419413
-15.574224
-15.729464
-15.885307
-16.041553
-16.198259
-16.355747
-16.514368
-16.67434
-16.835706
-16.998365
-17.162146
-17.326935
-17.492682
-17.659584
-17.828129
-17.998352
-18.169801
-18.343688
-18.52074
-18.696896
-18.894729
-19.131577
-19.324476
-19.466833
-19.641271
-19.849079
-20.067416
-20.296847
-20.539683
-20.797062
-21.069954
-21.359091
-21.664866
-21.987508
-22.326826
-22.681332
-23.046605
-23.413651
-23.747954
-24.05775
-24.334801
-23.925176
-22.502532
-17.776388
-6.0083864
13.678382
42.213718
69.575
65.50844
-13.418117
97.651942
2.0358365
1.9565471
1.9930995
1.9690682
1.963665
1.9545452
1.9489875
1.9470805
1.9481433
1.9512696
1.956227
1.9630554
1.9717201
1.9821063
1.9938382
2.0063057
2.0186482
2.0298149
2.0383146
2.0426633
2.0410677
2.0304912
2.0066345
1.9666119
1.9204254
1.8957429
1.9233231
2.0132367
2.1286952
2.2207556
2.269071
2.2847414
2.2870591
2.2872197
2.2887688
2.2922265
2.2973117
2.30393
2.3121392
2.3214506
2.3308978
2.3396899
2.3477384
2.355724
2.3639593
2.3725112
2.3814381
2.390808
2.4007045
2.4110682
2.4215876
2.4319613
2.442493
2.453893
2.4661363
2.4789681
2.4923171
2.5051613
2.5174631
2.5293183
2.5411364
2.552673
2.5634201
2.573382
2.5827464
2.5934824
2.6061033
2.6198736
2.6333923
2.6455769
2.65736
2.6676156
2.6765494
2.6860555
2.6953611
2.7038154
2.7122574
2.7210809
2.7301218
2.7395777
2.7492002
2.7582784
2.7672688
2.7761952
2.7843888
2.7917885
2.798918
2.8059783
2.812976
2.8194996
2.8253528
2.8315392
2.837685
2.843628
2.8491234
2.8541211
2.85886
2.8635421
2.8682881
2.8730123
2.8776383
2.8820257
2.8859514
2.8891273
2.8913887
2.8929473
2.8942265
2.8955616
2.8975221
2.9001242
2.9025946
2.9041138
2.90434
2.903273
2.9012227
2.8987892
2.8965301
2.8953043
2.8945196
2.8932809
2.8915295
2.8897304
2.8880016
2.8859932
2.8834425
2.8802881
2.8765593
2.8723655
2.8680738
2.8641178
2.8608621
2.8579134
2.8544922
2.8503455
2.8456671
2.8407377
2.8357649
2.8306113
2.8250198
2.8189313
2.8123814
2.8054717
2.7980866
2.790071
2.781455
2.7723029
2.7626016
2.7522928
2.7413188
2.7296415
2.7172446
2.7041309
2.6903184
2.6758341
2.6607057
2.6449536
2.6285864
2.6116007
2.5939852
2.5757287
2.5568244
2.5372762
2.5170968
2.4963085
2.4749365
2.4530042
2.4304927
2.4075358
2.3849442
2.3626504
2.3397313
2.3161187
2.292009
2.2675404
2.2427892
2.2178192
2.1926637
2.1673321
2.1418294
2.1161547
2.0903029
2.064274
2.0380678
2.0116763
1.9851001
1.9583481
1.9314215
1.9043201
1.8770491
1.8496105
1.8220003
1.7942128
1.7662419
1.7380821
1.7097314
1.6811914
1.6524656
1.623557
1.5944661
1.5651906
1.5357253
1.506063
1.4761947
1.4461112
1.4158038
1.385265
1.3544867
1.3234609
1.2921804
1.2606404
1.2288361
1.196761
1.1644071
1.1317677
1.098839
1.0656205
1.0321129
0.99831794
0.96423791
0.92987555
0.89523305
0.86031168
0.82511156
0.78963146
0.75386868
0.71781945
0.68147943
0.6448437
0.6079063
0.57065998
0.53309692
0.49520984
0.45699239
0.41843805
0.37953841
0.3402826
0.30065884
0.26065717
0.22027134
0.17949933
0.1383415
0.096801195
0.054885856
0.012608665
-0.030015153
-0.072971402
-0.1162519
-0.15985644
-0.2037915
-0.24806721
-0.29269396
-0.33768063
-0.38303231
-0.42874747
-0.47481676
-0.52122553
-0.56796017
-0.61501527
-0.66239827
-0.71012653
-0.75821834
-0.80669116
-0.85555569
-0.90481284
-0.95446
-1.0044908
-1.054895
-1.1056662
-1.1567959
-1.2082769
-1.2601098
-1.3122964
-1.36484
-1.4177515
-1.4710493
-1.5247517
-1.5788792
-1.6334541
-1.6884946
-1.7440114
-1.8000533
-1.8567476
-1.9147747
-1.9729204
-2.028749
-2.0850012
-2.1432487
-2.2026247
-2.2624899
-2.3226755
-2.3832818
-2.4443438
-2.505833
-2.5677335
-2.6300329
-2.6927271
-2.7558222
-2.8193302
-2.8832722
-2.9476761
-3.012558
-3.0778847
-3.1436105
-3.2097129
-3.2761971
-3.3430796
-3.4103518
-3.4780439
-3.546227
-3.6149673
-3.684302
-3.7542274
-3.8246999
-3.8956461
-3.9669815
-4.0386205
-4.1104959
-4.1826048
-4.2550218
-4.3278456
-4.4011322
-4.4748278
-4.5488419
-4.6230761
-4.6974268
-4.7718815
-4.8465149
-4.9214185
-4.9966672
-5.0723072
-5.1483478
-5.224772
-5.3015609
-5.3787132
-5.4562527
-5.5342189
-5.6126487
-5.691577
-5.7709988
-5.8509373
-5.9312992
-6.0121042
-6.0929041
-6.175384
-6.263694
-6.3478466
-6.4268812
-6.5088929
-6.593459
-6.6775722
-6.7615434
-6.8463947
-6.9323291
-7.0189277
-7.1055953
-7.1919512
-7.2780061
-7.3640681
-7.4505211
-7.5376267
-7.6254639
-7.713958
-7.8029638
-7.8923568
-7.9821005
-8.0722508
-8.1629073
-8.2541629
-8.3460705
-8.4386294
-8.5317947
-8.6254934
-8.7196842
-8.8143712
-8.9095964
-9.0054336
-9.1019639
-9.1992572
-9.297351
-9.3962566
-9.4959891
-9.5965568
-9.697955
-9.8001008
-9.9029668
-10.006576
-10.110317
-10.214564
-10.317545
-10.42046
-10.539346
-10.657334
-10.749666
-10.844704
-10.953568
-11.067184
-11.182574
-11.299296
-11.417518
-11.537416
-11.658838
-11.781467
-11.905079
-12.029649
-12.155247
-12.281985
-12.409963
-12.539189
-12.669588
-12.801051
-12.933449
-13.06669
-13.200675
-13.335353
-13.470727
-13.606797
-13.743603
-13.881351
-14.019731
-14.157459
-14.294366
-14.428989
-14.560423
-14.72013
-14.896189
-15.010908
-15.123773
-15.270053
-15.432602
-15.605743
-15.791623
-15.992244
-16.209163
-16.443979
-16.698239
-16.973361
-17.270509
-17.590569
-17.934178
-18.301863
-18.694178
-19.111654
-19.555134
-20.025815
-20.523707
-21.046979
-21.59721
-22.180347
-22.792884
-23.450794
-24.165865
-24.864054
-25.600532
-26.445101
-27.343168
-28.238773
-29.119026
-29.977713
-30.811004
-31.615951
-32.389643
-33.129179
-33.832074
-34.496368
-35.120392
-35.701889
-36.237038
-36.714443
-37.114358
-37.484837
-37.432666
-37.082114
-36.000188
-31.64219
-12.630622
19.998048
55.86093
61.192358
-21.183807
91.14359
2.0348109
1.9634723
1.9919933
1.9684674
1.9615497
1.9522497
1.9461475
1.9438096
1.9445824
1.9473484
1.9519441
1.9584751
1.9669047
1.9771517
1.9888516
2.0014335
2.0140802
2.0258086
2.0350738
2.040403
2.0401042
2.0309236
2.0078246
1.9666555
1.9177505
1.8896408
1.9137113
2.0012307
2.115653
2.2074529
2.2568019
2.2747938
2.2801124
2.2828417
2.2858474
2.2898081
2.2948537
2.3012688
2.3093737
2.3187043
2.3281613
2.3368427
2.3446702
2.3525476
2.3607341
2.3692161
2.3780645
2.3873725
2.3972684
2.407712
2.4182918
2.4285507
2.4388983
2.4503102
2.4626949
2.4756739
2.4892133
2.501978
2.514216
2.5260462
2.5380135
2.5496514
2.5603446
2.5701621
2.5791152
2.5897894
2.6026727
2.6167541
2.6303889
2.6424261
2.6543942
2.6644762
2.6731321
2.6827981
2.6921038
2.7004022
2.708821
2.7176963
2.7267515
2.7363079
2.7460035
2.7549729
2.764105
2.7732291
2.7813611
2.7885685
2.7956168
2.8026751
2.8097306
2.816198
2.821903
2.8282177
2.8344152
2.8403887
2.8458355
2.8507511
2.8554415
2.8601102
2.8648833
2.8696384
2.874313
2.8787595
2.8827346
2.8858988
2.8880582
2.8894966
2.8907285
2.8920877
2.8942409
2.8970943
2.8996818
2.9011207
2.9011567
2.8999225
2.8977676
2.895327
2.8931441
2.8921935
2.8914832
2.890079
2.8881886
2.8864969
2.8849674
2.8830383
2.8804366
2.8771764
2.8733408
2.8690593
2.8647608
2.86089
2.8578283
2.8549808
2.8514766
2.8472051
2.842466
2.8375626
2.8326771
2.8275682
2.8219465
2.8158168
2.8092399
2.8023441
2.7949575
2.786917
2.7782875
2.769137
2.7594403
2.749133
2.7381574
2.7264764
2.7140743
2.7009539
2.6871339
2.6726426
2.6575089
2.6417542
2.625387
2.6084036
2.590792
2.5725403
2.5536409
2.5340974
2.5139225
2.4931386
2.471771
2.4498423
2.4272857
2.404168
2.3816081
2.3595246
2.3366535
2.3130108
2.2888723
2.2643866
2.2396259
2.2146545
2.1895021
2.164175
2.1386774
2.1130077
2.0871603
2.0611364
2.0349352
2.0085473
1.9819749
1.9552273
1.9283048
1.9012077
1.8739417
1.8465087
1.8189043
1.7911222
1.7631561
1.7350011
1.7066553
1.6781203
1.6493996
1.6204963
1.5914112
1.5621413
1.5326813
1.5030235
1.473159
1.4430787
1.4127746
1.3822391
1.3514645
1.3204426
1.2891665
1.2576316
1.2258332
1.1937644
1.1614163
1.1287815
1.0958559
1.062639
1.0291317
0.99533609
0.96125518
0.92689235
0.89225041
0.85733098
0.82213434
0.78665918
0.75090262
0.71486062
0.67852843
0.64190057
0.60497043
0.56773029
0.53017228
0.49228955
0.45407632
0.4155265
0.37663173
0.33738101
0.29776221
0.25776505
0.21738306
0.17661434
0.13545963
0.093923174
0.052013896
0.0097457464
-0.03286666
-0.075810688
-0.11908027
-0.16267675
-0.20660696
-0.25087998
-0.29550426
-0.34048692
-0.38583199
-0.43153762
-0.47759512
-0.52399145
-0.57071549
-0.61776454
-0.66514807
-0.71288323
-0.76098523
-0.80946838
-0.85833934
-0.90759578
-0.95723497
-1.0072521
-1.05764
-1.1083971
-1.1595174
-1.2109951
-1.2628315
-1.3150256
-1.3675775
-1.4204979
-1.473804
-1.5275108
-1.5816361
-1.6361996
-1.6912158
-1.7466872
-1.8026391
-1.8592003
-1.9176476
-1.976287
-2.0313279
-2.0872174
-2.1457544
-2.2053236
-2.2652418
-2.3254158
-2.3860059
-2.4470517
-2.5085259
-2.5704202
-2.6327261
-2.6954384
-2.7585581
-2.8220896
-2.8860464
-2.9504523
-3.015321
-3.0806136
-3.1462938
-3.2123579
-3.2788311
-3.3457403
-3.4130647
-3.4808334
-3.5491101
-3.6179385
-3.6873268
-3.7572482
-3.8276548
-3.898495
-3.9697243
-4.0412946
-4.1131565
-4.1853064
-4.2578005
-4.3307055
-4.4040481
-4.4777527
-4.5517386
-4.6259266
-4.7002221
-4.7746333
-4.8492443
-4.9241404
-4.9993888
-5.0750293
-5.1510667
-5.2274818
-5.3042571
-5.3813941
-5.4589197
-5.5368751
-5.6152963
-5.6942184
-5.7736285
-5.853569
-5.9339051
-6.0146631
-6.0948425
-6.1776874
-6.2691311
-6.3514315
-6.42744
-6.5096445
-6.5953063
-6.6801802
-6.7646718
-6.8496741
-6.9353415
-7.0214305
-7.1076177
-7.1937144
-7.2797581
-7.3659505
-7.4525373
-7.5396945
-7.6275011
-7.7159299
-7.8048822
-7.8942491
-7.9839897
-8.0741438
-8.1647985
-8.2560474
-8.3479508
-8.4405137
-8.5336918
-8.6274056
-8.721614
-8.8163199
-8.9115624
-9.0074149
-9.1039585
-9.2012627
-9.2993621
-9.3982688
-9.4980022
-9.5985708
-9.699971
-9.8021134
-9.905006
-10.008714
-10.112446
-10.216488
-10.31813
-10.421102
-10.545922
-10.6629
-10.747256
-10.843341
-10.957601
-11.079081
-11.209592
-11.350948
-11.504291
-11.670509
-11.850264
-12.044128
-12.252754
-12.476964
-12.717663
-12.975785
-13.252201
-13.547585
-13.862448
-14.197192
-14.552143
-14.927617
-15.323876
-15.741214
-16.179969
-16.640383
-17.122742
-17.627816
-18.155352
-18.701902
-19.266844
-19.855386
-20.467814
-21.127948
-21.816033
-22.49807
-23.274045
-24.137655
-25.026313
-25.913284
-26.789652
-27.651218
-28.495855
-29.322344
-30.129532
-30.916109
-31.680466
-32.420711
-33.134786
-33.820745
-34.477069
-35.102718
-35.697276
-36.260616
-36.792461
-37.293564
-37.766157
-38.205992
-38.605169
-39.007517
-39.50031
-39.794423
-39.816393
-39.835531
-39.855253
-39.873886
-39.891224
-39.90679
-39.919914
-39.930194
-39.937401
-39.94153
-39.94299
-39.942433
-39.940482
-39.937728
-39.934146
-39.928841
-39.919432
-39.902312
-39.872877
-39.823975
-39.748909
-39.604237
-36.137387
-11.983058
30.944215
51.512832
-19.866462
91.832897
2.0351156
1.9681251
1.9901946
1.9674727
1.9589124
1.9494331
1.9428841
1.9401321
1.9406659
1.9430642
1.9472717
1.9534823
1.9616393
1.9717004
1.9832958
1.9958957
2.0087392
2.020951
2.0309089
2.0371605
2.0382012
2.0305515
2.0083909
1.96625
1.9155426
1.8855997
1.9068962
1.9915692
2.1038734
2.1945506
2.2445899
2.2646241
2.2727025
2.2777918
2.2820987
2.2865033
2.2914955
2.2977105
2.3057514
2.3151686
2.3246827
2.3332469
2.3407919
2.3485537
2.3566844
2.3650706
2.3738259
2.3830618
2.3929611
2.4035163
2.4141788
2.4242766
2.434387
2.4458399
2.4584134
2.4715488
2.4853191
2.4979533
2.5101491
2.5219471
2.5340991
2.5458475
2.5564847
2.5661703
2.5745492
2.5851344
2.5983731
2.6128385
2.6266265
2.6384488
2.6507155
2.6605557
2.6688501
2.6787566
2.6880549
2.6961479
2.7045177
2.7134465
2.7225074
2.7321918
2.741981
2.7508064
2.7601438
2.7694734
2.7775149
2.7845166
2.791497
2.7985434
2.8056704
2.8120759
2.8176002
2.8240782
2.8303063
2.8363372
2.8417369
2.846559
2.8511884
2.8558328
2.8606366
2.8654265
2.8701612
2.874683
2.8787267
2.8818861
2.8839267
2.8852192
2.8863821
2.8877296
2.890092
2.8932396
2.8959829
2.8973711
2.8972244
2.8958045
2.8934923
2.8910057
2.8888629
2.8882434
2.8876305
2.8860715
2.8840328
2.8824586
2.8811358
2.8792927
2.8766488
2.8732878
2.8693398
2.8649457
2.8606185
2.8568147
2.8539787
2.8512677
2.8476972
2.8432989
2.8384828
2.8335953
2.8288018
2.8237449
2.8180996
2.8119357
2.8053271
2.7984537
2.7910698
2.7830018
2.7743549
2.7652047
2.7555153
2.7452137
2.7342398
2.7225569
2.7101498
2.6970221
2.6831935
2.6686939
2.6535542
2.6377967
2.6214302
2.6044503
2.5868439
2.5685981
2.5497044
2.5301659
2.5099955
2.4892161
2.4678529
2.4459339
2.423329
2.3999798
2.3774596
2.3556696
2.3328447
2.3091548
2.2849799
2.2604737
2.2357017
2.2107287
2.1855799
2.160258
2.1347666
2.1091028
2.0832607
2.0572425
2.031047
2.0046633
1.9780946
1.9513512
1.9244327
1.8973396
1.8700783
1.8426506
1.8150518
1.7872747
1.7593129
1.7311616
1.7028195
1.6742878
1.6455704
1.6166708
1.5875897
1.5583237
1.5288671
1.499212
1.4693494
1.4392703
1.4089671
1.3784326
1.347659
1.316638
1.285363
1.2538298
1.2220339
1.189968
1.157622
1.1249879
1.0920612
1.0588415
1.0253299
0.99152893
0.95744222
0.92307397
0.88842761
0.85350518
0.81830711
0.78283207
0.74707702
0.71103763
0.67470876
0.63808442
0.60115737
0.56391942
0.52636262
0.48848049
0.45026786
0.41171913
0.37282607
0.33357745
0.29396068
0.253965
0.21358355
0.17281469
0.13165954
0.090123012
0.048215822
0.0059528415
-0.036651832
-0.079586879
-0.12284811
-0.16643832
-0.21036475
-0.25463576
-0.29925811
-0.34423755
-0.38957724
-0.43527501
-0.48132256
-0.52770813
-0.57442265
-0.6214658
-0.66884903
-0.71658948
-0.76469948
-0.81319097
-0.86206667
-0.91132103
-0.96095121
-1.0109538
-1.0613239
-1.1120657
-1.1631745
-1.2146459
-1.2664823
-1.3186784
-1.3712319
-1.4241542
-1.477461
-1.5311637
-1.5852776
-1.6398199
-1.6948024
-1.7502223
-1.8060568
-1.8623647
-1.9213999
-1.9807783
-2.0345709
-2.0900328
-2.1490429
-2.2088116
-2.2687543
-2.328885
-2.3894222
-2.4504085
-2.5118211
-2.5736618
-2.6359269
-2.6986104
-2.7617082
-2.8252171
-2.8891449
-2.9535126
-3.0183326
-3.0835562
-3.1491584
-3.2151557
-3.2815966
-3.3485174
-3.4158755
-3.4837021
-3.5520528
-3.6209485
-3.6903692
-3.7602644
-3.8305837
-3.9013001
-3.9724131
-4.0439121
-4.1157629
-4.1879587
-4.2605351
-4.333524
-4.4069208
-4.4806254
-4.5545773
-4.6287188
-4.7029594
-4.7773332
-4.8519325
-4.9268331
-5.0020938
-5.0777491
-5.1537991
-5.2302221
-5.3070004
-5.384139
-5.4616674
-5.5396296
-5.6180612
-5.6969978
-5.7764148
-5.8563858
-5.9367474
-6.0175901
-6.0966912
-6.1797286
-6.2762153
-6.3558831
-6.4278218
-6.5102982
-6.5991789
-6.6911113
-6.787538
-6.8895981
-6.9977968
-7.1124353
-7.2338771
-7.3626257
-7.4992679
-7.6443616
-7.7983774
-7.9616878
-8.1346321
-8.3175038
-8.5105378
-8.7139212
-8.9278785
-9.1527021
-9.3887473
-9.6363989
-9.8960005
-10.167798
-10.451928
-10.748445
-11.05744
-11.379071
-11.713576
-12.061274
-12.42252
-12.797651
-13.18695
-13.590652
-14.008986
-14.442158
-14.890398
-15.353776
-15.832459
-16.327272
-16.836949
-17.359959
-17.896819
-18.457622
-19.05234
-19.660374
-20.319536
-21.047282
-21.818167
-22.596807
-23.377661
-24.158558
-24.936994
-25.710096
-26.47508
-27.229548
-27.971661
-28.700208
-29.414416
-30.113748
-30.797629
-31.46519
-32.11529
-32.746635
-33.357917
-33.947996
-34.515914
-35.060988
-35.582797
-36.081074
-36.555632
-37.00617
-37.43189
-37.832718
-38.21006
-38.556937
-38.8696
-39.231788
-39.676135
-39.763436
-39.763179
-39.76191
-39.761897
-39.761898
-39.76145
-39.760663
-39.759575
-39.75824
-39.75661
-39.754681
-39.752507
-39.750199
-39.747849
-39.745539
-39.743399
-39.741482
-39.739911
-39.738926
-39.738814
-39.739953
-39.742826
-39.748016
-39.756124
-39.767459
-39.78173
-39.797994
-39.816711
-39.835845
-39.855314
-39.873869
-39.891134
-39.906618
-39.91966
-39.929865
-39.937013
-39.941099
-39.942553
-39.942045
-39.940173
-39.93754
-39.934158
-39.929148
-39.92037
-39.904183
-39.876058
-39.831507
-39.770544
-39.692849
-39.534582
-36.02852
0.21773126
43.92851
-10.692417
107.23195
2.0352238
1.9699951
1.9871919
1.9654344
1.9552909
1.9456063
1.9387993
1.9357139
1.9361327
1.9382036
1.9420519
1.9479857
1.9558981
1.9657969
1.977268
1.9898085
2.002705
2.0152202
2.0255723
2.0322999
2.0342758
2.0279737
2.0069274
1.9643737
1.9134758
1.8840857
1.9036199
1.9851399
2.0945495
2.1834784
2.2338468
2.255275
2.2655067
2.2724378
2.2776407
2.2822649
2.2870911
2.2930648
2.3010895
2.3106961
2.3203512
2.3288213
2.3360256
2.343697
2.3517896
2.360058
2.3687104
2.3778658
2.3877824
2.3985118
2.4093053
2.4191753
2.4289751
2.4405216
2.4533563
2.4666632
2.4807406
2.4931613
2.5053229
2.5170699
2.5294639
2.5413191
2.5519017
2.5615062
2.5690985
2.5795633
2.5933188
2.6082353
2.622212
2.6337345
2.64643
2.6558813
2.6637625
2.6740345
2.6832755
2.6911274
2.6994484
2.7084338
2.7174763
2.7273332
2.7372048
2.7458094
2.7555013
2.765044
2.7729242
2.7796846
2.7866168
2.7936597
2.8008905
2.8071937
2.8125091
2.8192215
2.8254495
2.831564
2.8368954
2.8416122
2.8461787
2.8507909
2.8556272
2.8604521
2.8652566
2.8698682
2.8739994
2.8771546
2.8790465
2.8801626
2.8812467
2.8825524
2.8851568
2.8886529
2.8915708
2.8928889
2.8925446
2.8909473
2.8884323
2.885873
2.8837636
2.8835591
2.8830063
2.8812496
2.8790525
2.8776599
2.8765685
2.8748028
2.8721022
2.8686311
2.8645613
2.8600287
2.8556658
2.8519328
2.8493676
2.8467875
2.8431313
2.838602
2.8337091
2.8288571
2.8241729
2.8191584
2.8134715
2.8072738
2.8006337
2.793798
2.7864156
2.7783185
2.7696549
2.7605047
2.7508214
2.740525
2.7295525
2.717867
2.7054535
2.6923159
2.6784753
2.6639641
2.6488155
2.6330534
2.6166867
2.5997101
2.5821091
2.5638693
2.544981
2.5254465
2.5052791
2.4845025
2.4631426
2.4412425
2.4185936
2.3949128
2.3724437
2.3510629
2.3282704
2.3045094
2.2802927
2.2557654
2.2309839
2.2060131
2.1808728
2.1555618
2.1300826
2.1044315
2.0786016
2.0525963
2.0264139
2.0000421
1.9734851
1.9467536
1.9198474
1.8927669
1.8655193
1.8381065
1.8105232
1.7827613
1.754814
1.7266771
1.6983492
1.6698316
1.6411283
1.6122435
1.5831778
1.5539275
1.5244862
1.4948459
1.4649973
1.4349315
1.4046412
1.3741199
1.3433595
1.3123515
1.2810895
1.2495699
1.2177884
1.185737
1.1534047
1.1207825
1.0878657
1.054654
1.0211488
0.98735306
0.95327117
0.91890814
0.88426806
0.84935331
0.81416441
0.77869993
0.74295661
0.70692983
0.67061402
0.63400262
0.59708775
0.55986076
0.52231364
0.48444035
0.44623637
0.40769653
0.36881266
0.32957322
0.28996515
0.24997715
0.20960197
0.16883824
0.12768773
0.086155805
0.044254664
0.0020004235
-0.040593023
-0.083515903
-0.12676633
-0.17034872
-0.21427073
-0.25853968
-0.30316024
-0.34813676
-0.3934717
-0.43916275
-0.48520222
-0.5315796
-0.57828793
-0.62532947
-0.67271805
-0.72047032
-0.76859502
-0.81710182
-0.86598884
-0.91524724
-0.9648747
-1.0148693
-1.0652293
-1.1159657
-1.1670743
-1.2185528
-1.2704053
-1.3226204
-1.3751925
-1.4281349
-1.4814619
-1.5351811
-1.5893058
-1.6438508
-1.6988248
-1.7542335
-1.8099847
-1.8658937
-1.9257816
-1.986349
-2.0382511
-2.093243
-2.1530501
-2.2150434
-2.2795861
-2.3472051
-2.4184714
-2.4935999
-2.572795
-2.6563127
-2.7443838
-2.8372308
-2.9350754
-3.0381332
-3.1466303
-3.2608079
-3.3808973
-3.5070497
-3.6394707
-3.778423
-3.9242108
-4.0771077
-4.2372582
-4.4049125
-4.5803187
-4.76364
-4.954941
-5.1542226
-5.3615126
-5.5769377
-5.8007227
-6.0330953
-6.2742176
-6.5242327
-6.7832826
-7.0514622
-7.3287987
-7.61517
-7.9105004
-8.2147118
-8.5277137
-8.8496602
-9.1808251
-9.5214696
-9.8717972
-10.231902
-10.601759
-10.981279
-11.370397
-11.76913
-12.177583
-12.59591
-13.024249
-13.462698
-13.911293
-14.370029
-14.839092
-15.318197
-15.802803
-16.308303
-16.829866
-17.385789
-17.996515
-18.646936
-19.312855
-19.979643
-20.642812
-21.300016
-21.950366
-22.593918
-23.231113
-23.862309
-24.48744
-25.10595
-25.717038
-26.319956
-26.914174
-27.499234
-28.074597
-28.63967
-29.194015
-29.737461
-30.27007
-30.791985
-31.303237
-31.803626
-32.292751
-32.770116
-33.235329
-33.68816
-34.12853
-34.55648
-34.972076
-35.375356
-35.766299
-36.144847
-36.510952
-36.864534
-37.20548
-37.533603
-37.848803
-38.150907
-38.438646
-38.714868
-38.975939
-39.205807
-39.525582
-39.788739
-39.787188
-39.783219
-39.781438
-39.780795
-39.780468
-39.780436
-39.780628
-39.780922
-39.781247
-39.781583
-39.78193
-39.782323
-39.782747
-39.783194
-39.783679
-39.784166
-39.784634
-39.785087
-39.785542
-39.786039
-39.78653
-39.786959
-39.78728
-39.787452
-39.787435
-39.787127
-39.786384
-39.785127
-39.783158
-39.780396
-39.776484
-39.7711
-39.764933
-39.762166
-39.762136
-39.761739
-39.761825
-39.761772
-39.761311
-39.76053
-39.759453
-39.758136
-39.756521
-39.754609
-39.752454
-39.750169
-39.747843
-39.74556
-39.743452
-39.74157
-39.740039
-39.739091
-39.739014
-39.740176
-39.743055
-39.74822
-39.756282
-39.767606
-39.781913
-39.798362
-39.816946
-39.836155
-39.855592
-39.874218
-39.891487
-39.90692
-39.919954
-39.930163
-39.93731
-39.941334
-39.942779
-39.942151
-39.940263
-39.937673
-39.934493
-39.92995
-39.921957
-39.90693
-39.880417
-39.838074
-39.779266
-39.704936
-39.620629
-39.283667
-29.328715
19.087262
5.7444869
137.75536
2.0072297
1.9278384
1.9447729
1.9178364
1.9044901
1.8906094
1.8819915
1.8769514
1.8771156
1.8789987
1.8833919
1.890602
1.9003937
1.9127825
1.9271048
1.9427068
1.9586378
1.9741832
1.9869165
1.9949405
1.9977017
1.9912756
1.968191
1.9189433
1.8609811
1.8286731
1.849816
1.9380948
2.0569311
2.1581937
2.2188037
2.2448864
2.2576838
2.2662447
2.2719158
2.2764142
2.280867
2.2865109
2.2945865
2.3045501
2.314495
2.3229175
2.3296812
2.3373159
2.3454278
2.353571
2.3621257
2.3711875
2.3811474
2.3921982
2.4033124
2.4129104
2.4222598
2.4339539
2.4471364
2.4605118
2.4749022
2.4870789
2.4994324
2.5111506
2.5239285
2.5357869
2.5462068
2.555783
2.562368
2.5726217
2.5870918
2.6025963
2.6167795
2.6279739
2.64158
2.65026
2.6573995
2.6682359
2.6773373
2.6848719
2.6932028
2.7023559
2.7113527
2.7214718
2.7314839
2.7396393
2.749886
2.7597388
2.7674042
2.7738577
2.7807465
2.7877266
2.7951768
2.8013187
2.806367
2.8134341
2.819629
2.8259112
2.831136
2.8357049
2.8401956
2.844788
2.8496805
2.8545471
2.859441
2.8641656
2.8684179
2.8715764
2.8732697
2.8741422
2.8751097
2.8763454
2.8792741
2.8832076
2.8863935
2.8876522
2.887014
2.8852002
2.8824432
2.8797563
2.8776649
2.8781146
2.8776451
2.8756032
2.8731132
2.8719652
2.8711926
2.8695443
2.8667803
2.8631748
2.8589543
2.854233
2.8498059
2.8461497
2.8440104
2.8416198
2.8378221
2.8330915
2.8280657
2.8232661
2.8187589
2.8138266
2.8080911
2.8018354
2.7951365
2.788368
2.7809836
2.7728406
2.7641552
2.7550103
2.7453406
2.7350527
2.7240813
2.7123913
2.6999688
2.6868181
2.6729616
2.6584342
2.6432718
2.6275001
2.6111283
2.5941502
2.5765497
2.5583105
2.5394218
2.5198846
2.4997121
2.4789285
2.4575588
2.4356795
2.4129905
2.3888404
2.3664688
2.3456346
2.322754
2.2988186
2.2745064
2.2499009
2.224715
2.1988386
2.1722408
2.1448901
2.1167627
2.0878264
2.0580475
2.0274032
1.9958608
1.9633784
1.9299326
1.8955054
1.8600668
1.823589
1.7860512
1.7474254
1.707673
1.6667512
1.6246179
1.5812343
1.5365647
1.4905765
1.4432405
1.3945276
1.3444027
1.2928225
1.2397391
1.185101
1.1288535
1.0709407
1.0113076
0.94989821
0.8866528
0.82150917
0.7544071
0.68528938
0.61409627
0.54075957
0.46520412
0.38735607
0.30714926
0.22452531
0.1394313
0.051818896
-0.038355954
-0.13113529
-0.2265626
-0.32468524
-0.42555552
-0.52923121
-0.63577579
-0.74525815
-0.85775231
-0.97333768
-1.092099
-1.2141241
-1.3395002
-1.4683117
-1.6006412
-1.7365753
-1.8762092
-2.019647
-2.1669973
-2.3183653
-2.473847
-2.6335259
-2.7974682
-2.9657296
-3.1383498
-3.3153514
-3.4967594
-3.6826155
-3.8729863
-4.0679569
-4.2676174
-4.4720505
-4.6813262
-4.8955087
-5.1146577
-5.3388247
-5.5680507
-5.8023702
-6.0418274
-6.2864899
-6.5364526
-6.7918216
-7.0526882
-7.319133
-7.5912055
-7.8689351
-8.1523554
-8.4415076
-8.7364437
-9.0372453
-9.3439847
-9.6567433
-9.9756028
-10.300611
-10.631821
-10.969307
-11.313149
-11.66342
-12.020202
-12.383581
-12.753632
-13.130461
-13.513964
-13.90403
-14.30788
-14.727228
-15.213653
-15.723915
-16.247923
-16.77525
-17.303191
-17.830935
-18.358587
-18.88587
-19.412479
-19.938189
-20.462735
-20.985805
-21.507058
-22.026142
-22.542732
-23.056514
-23.567157
-24.074278
-24.577623
-25.077055
-25.572467
-26.063685
-26.550401
-27.032438
-27.509578
-27.98145
-28.447528
-28.907248
-29.36017
-29.806065
-30.244867
-30.676548
-31.101066
-31.518411
-31.928558
-32.331339
-32.726429
-33.11333
-33.491651
-33.861122
-34.221576
-34.573129
-34.915967
-35.250195
-35.575834
-35.892844
-36.20114
-36.500646
-36.79133
-37.073222
-37.346398
-37.610947
-37.866937
-38.114398
-38.353363
-38.583705
-38.805963
-39.018113
-39.227346
-39.408311
-39.684317
-39.787014
-39.787261
-39.787243
-39.788552
-39.78987
-39.790814
-39.791503
-39.791939
-39.79204
-39.791767
-39.791153
-39.790278
-39.789242
-39.788162
-39.787124
-39.786208
-39.785456
-39.784868
-39.784413
-39.784084
-39.783874
-39.783762
-39.783728
-39.783756
-39.783848
-39.784008
-39.784215
-39.784485
-39.784837
-39.785274
-39.785804
-39.786435
-39.787183
-39.788033
-39.788962
-39.789974
-39.791055
-39.792168
-39.793255
-39.794226
-39.794974
-39.795359
-39.795252
-39.794496
-39.792942
-39.790311
-39.787803
-39.785865
-39.782916
-39.78131
-39.780632
-39.780301
-39.780282
-39.780487
-39.78079
-39.781122
-39.781463
-39.781817
-39.782218
-39.782652
-39.783108
-39.783603
-39.784098
-39.784574
-39.785036
-39.785501
-39.786011
-39.786516
-39.78696
-39.787296
-39.78748
-39.787474
-39.78718
-39.786455
-39.785238
-39.783306
-39.780573
-39.776768
-39.771509
-39.765402
-39.762416
-39.762114
-39.761937
-39.761929
-39.761825
-39.761345
-39.760569
-39.75954
-39.758228
-39.756611
-39.754704
-39.752563
-39.750282
-39.747947
-39.74566
-39.743524
-39.741602
-39.74008
-39.739143
-39.739074
-39.740242
-39.743129
-39.748306
-39.756424
-39.767759
-39.782101
-39.798701
-39.817245
-39.836503
-39.855911
-39.874556
-39.891816
-39.907272
-39.920306
-39.930504
-39.937593
-39.94169
-39.943025
-39.942306
-39.940392
-39.937906
-39.935029
-39.931007
-39.923823
-39.910309
-39.885915
-39.846001
-39.789039
-39.714778
-39.642215
-39.516148
-38.439085
-6.2961397
21.648087
176.22206
-16.026693
-16.382241
-16.315348
-16.521893
-16.578425
-16.692022
-16.736924
-16.778511
-16.777961
-16.768519
-16.735977
-16.686004
-16.617753
-16.532563
-16.434973
-16.329153
-16.223206
-16.123355
-16.04513
-16.003938
-16.006441
-16.073546
-16.220122
-16.463959
-16.699531
-16.765493
-16.591983
-16.1005
-15.431964
-14.852673
-14.32891
-14.010346
-13.79313
-13.6411
-13.538458
-13.459645
-13.391288
-13.320466
-13.236742
-13.146181
-13.054879
-12.971724
-12.897776
-12.81841
-12.738448
-12.65626
-12.57107
-12.482528
-12.390576
-12.292862
-12.19529
-12.101827
-12.012718
-11.917581
-11.818516
-11.727996
-11.639602
-11.55241
-11.451485
-11.338522
-11.229945
-11.13446
-11.055524
-10.97004
-10.88715
-10.786074
-10.683438
-10.596947
-10.513814
-10.433045
-10.348889
-10.267653
-10.206939
-10.15905
-10.107506
-10.042152
-9.9620193
-9.8760237
-9.7922103
-9.7180357
-9.654045
-9.5874032
-9.5160983
-9.4491528
-9.3888383
-9.3314291
-9.2755268
-9.2220503
-9.1760131
-9.1273214
-9.0740372
-9.0148603
-8.9613716
-8.9160049
-8.8776054
-8.8414796
-8.8043445
-8.7657224
-8.7255582
-8.6857248
-8.6480292
-8.6142273
-8.5858257
-8.5652425
-8.5532425
-8.5455681
-8.5364307
-8.5243411
-8.508179
-8.4889955
-8.4785389
-8.4777667
-8.4829653
-8.4946907
-8.5117534
-8.5204614
-8.5213196
-8.5204067
-8.5245446
-8.5357071
-8.5496337
-8.5623984
-8.5751488
-8.5899144
-8.6076966
-8.6291642
-8.6541896
-8.681436
-8.7065014
-8.7277398
-8.7471123
-8.7694193
-8.7967232
-8.8281785
-8.8614047
-8.8950886
-8.9294944
-8.9659194
-9.0050355
-9.0467304
-9.0923543
-9.1428406
-9.1989251
-9.2596698
-9.3238858
-9.391388
-9.462773
-9.5387889
-9.6199802
-9.7066434
-9.7988954
-9.8967246
-10.00002
-10.108608
-10.222316
-10.341025
-10.464704
-10.593406
-10.727236
-10.8663
-11.010658
-11.1603
-11.315127
-11.474952
-11.639535
-11.808495
-11.982541
-12.162342
-12.368433
-12.592829
-12.824713
-13.060971
-13.300042
-13.541809
-13.785671
-14.031026
-14.277694
-14.52557
-14.774551
-15.024591
-15.275659
-15.52768
-15.780624
-16.034505
-16.289248
-16.54475
-16.800962
-17.057831
-17.31528
-17.573259
-17.83177
-18.090829
-18.350446
-18.610606
-18.871278
-19.132415
-19.393956
-19.655839
-19.918025
-20.180504
-20.443285
-20.706385
-20.96983
-21.233641
-21.497828
-21.762396
-22.027353
-22.29271
-22.55846
-22.824585
-23.091068
-23.357915
-23.625137
-23.892736
-24.160679
-24.428907
-24.697344
-24.965896
-25.23446
-25.502929
-25.771203
-26.039196
-26.306838
-26.574072
-26.840853
-27.10715
-27.372936
-27.638193
-27.902904
-28.167055
-28.430622
-28.69357
-28.955854
-29.21743
-29.478264
-29.738337
-29.997631
-30.256118
-30.513744
-30.770423
-31.026042
-31.28046
-31.533519
-31.78506
-32.034935
-32.283025
-32.529245
-32.773536
-33.015853
-33.256153
-33.494387
-33.730496
-33.964404
-34.196015
-34.425221
-34.65191
-34.875997
-35.09743
-35.316185
-35.532238
-35.745541
-35.956031
-36.163629
-36.368248
-36.569825
-36.768309
-36.96365
-37.155811
-37.344725
-37.530333
-37.712583
-37.891399
-38.066725
-38.238529
-38.406783
-38.571451
-38.732498
-38.889901
-39.043622
-39.193683
-39.340032
-39.483084
-39.6273
-39.778916
-39.77763
-39.776331
-39.776793
-39.777528
-39.77805
-39.778416
-39.778723
-39.779008
-39.779273
-39.779517
-39.779737
-39.779933
-39.780098
-39.780219
-39.780292
-39.780343
-39.780409
-39.780425
-39.780372
-39.780264
-39.780189
-39.780213
-39.78024
-39.780289
-39.780384
-39.780531
-39.780725
-39.780955
-39.781211
-39.781496
-39.781848
-39.782287
-39.782769
-39.783249
-39.783711
-39.784147
-39.784538
-39.784782
-39.784928
-39.785017
-39.784969
-39.784813
-39.784596
-39.784325
-39.784015
-39.783695
-39.783392
-39.783121
-39.782885
-39.782687
-39.78253
-39.78242
-39.782366
-39.782382
-39.782467
-39.782599
-39.782813
-39.78312
-39.783559
-39.784152
-39.784972
-39.786115
-39.786702
-39.787208
-39.788477
-39.789727
-39.790651
-39.791334
-39.791766
-39.791862
-39.791583
-39.790967
-39.790093
-39.789063
-39.787992
-39.786964
-39.78606
-39.785319
-39.784742
-39.784296
-39.783976
-39.783774
-39.783671
-39.783644
-39.783679
-39.783778
-39.783948
-39.784163
-39.784441
-39.784801
-39.785248
-39.785787
-39.786427
-39.787181
-39.788033
-39.788969
-39.78999
-39.791082
-39.792203
-39.793298
-39.794281
-39.795043
-39.795445
-39.795367
-39.794639
-39.793172
-39.790649
-39.787941
-39.785799
-39.783171
-39.781463
-39.780668
-39.780335
-39.780336
-39.780554
-39.780859
-39.781187
-39.781521
-39.781869
-39.782259
-39.782676
-39.783156
-39.783657
-39.784149
-39.784624
-39.785092
-39.785569
-39.786082
-39.786584
-39.787022
-39.78735
-39.78753
-39.78751
-39.787196
-39.786455
-39.785177
-39.783302
-39.780551
-39.776741
-39.771521
-39.76557
-39.762269
-39.761826
-39.761854
-39.761886
-39.761801
-39.761387
-39.760628
-39.759595
-39.758279
-39.756606
-39.754653
-39.752544
-39.750282
-39.74794
-39.745652
-39.743573
-39.741743
-39.74027
-39.739376
-39.739329
-39.740495
-39.743338
-39.748506
-39.756627
-39.767978
-39.782369
-39.799096
-39.817635
-39.83692
-39.856307
-39.874962
-39.892252
-39.907715
-39.920766
-39.930977
-39.938098
-39.942103
-39.943357
-39.942552
-39.940581
-39.938172
-39.935621
-39.932328
-39.926489
-39.914646
-39.892528
-39.855182
-39.800458
-39.727359
-39.65351
-39.557417
-39.277676
-27.784904
28.340054
215.63345
-39.738795
-39.738091
-39.737739
-39.737651
-39.73743
-39.737364
-39.737564
-39.737976
-39.738129
-39.738195
-39.738263
-39.738317
-39.738364
-39.738413
-39.738469
-39.738536
-39.73863
-39.738763
-39.738927
-39.73911
-39.739261
-39.739456
-39.739611
-39.739642
-39.739786
-39.739638
-39.7393
-39.738639
-39.729664
-39.670686
-39.731893
-39.738783
-39.738267
-39.738455
-39.738258
-39.738117
-39.738207
-39.738622
-39.739379
-39.73936
-39.739469
-39.739302
-39.739348
-39.739449
-39.739366
-39.739436
-39.739479
-39.739339
-39.738637
-39.737398
-39.735687
-39.730103
-39.71082
-39.681257
-39.637934
-39.578697
-39.510764
-39.482941
-39.479014
-39.473979
-39.451834
-39.403088
-39.346751
-39.299781
-39.282559
-39.261384
-39.229763
-39.194622
-39.16257
-39.158906
-39.151021
-39.123153
-39.052899
-38.968968
-38.915544
-38.893592
-38.886789
-38.881567
-38.867208
-38.838197
-38.809631
-38.78381
-38.756654
-38.731308
-38.709513
-38.690675
-38.669356
-38.638283
-38.609826
-38.593701
-38.585992
-38.571641
-38.549429
-38.521832
-38.49658
-38.475604
-38.458382
-38.444442
-38.431263
-38.417324
-38.401728
-38.385286
-38.369713
-38.356866
-38.347128
-38.339876
-38.334373
-38.330418
-38.323472
-38.310315
-38.300788
-38.300161
-38.304406
-38.310668
-38.319467
-38.331979
-38.343245
-38.343622
-38.343613
-38.344469
-38.345451
-38.346082
-38.349234
-38.357167
-38.36895
-38.382303
-38.395727
-38.409818
-38.423381
-38.434454
-38.44289
-38.451848
-38.462886
-38.475731
-38.489443
-38.503388
-38.517984
-38.535255
-38.555889
-38.577362
-38.597718
-38.61701
-38.63754
-38.66076
-38.686759
-38.715135
-38.745511
-38.777686
-38.811611
-38.847314
-38.884828
-38.924145
-38.965205
-39.007903
-39.052125
-39.097764
-39.144742
-39.193004
-39.242514
-39.293232
-39.34511
-39.398072
-39.452014
-39.506813
-39.562335
-39.618466
-39.675166
-39.736246
-39.759378
-39.757091
-39.756391
-39.756464
-39.756767
-39.757096
-39.757397
-39.757664
-39.757903
-39.758121
-39.758325
-39.758519
-39.758707
-39.758891
-39.759073
-39.759252
-39.759431
-39.75961
-39.759788
-39.759966
-39.760144
-39.760323
-39.760502
-39.760681
-39.760861
-39.761041
-39.761221
-39.761402
-39.761583
-39.761765
-39.761947
-39.762129
-39.76231
-39.762492
-39.762674
-39.762856
-39.763038
-39.76322
-39.763402
-39.763583
-39.763765
-39.763946
-39.764127
-39.764307
-39.764488
-39.764668
-39.764848
-39.765028
-39.765208
-39.765387
-39.765567
-39.765748
-39.765929
-39.766111
-39.766293
-39.766475
-39.766658
-39.766841
-39.767024
-39.767207
-39.767389
-39.767571
-39.767753
-39.767934
-39.768114
-39.768294
-39.768475
-39.768655
-39.768837
-39.769021
-39.769206
-39.769394
-39.769583
-39.769773
-39.769966
-39.770159
-39.770351
-39.770543
-39.770733
-39.77092
-39.771105
-39.771286
-39.771461
-39.771628
-39.771791
-39.771948
-39.772102
-39.772252
-39.772401
-39.77255
-39.772707
-39.772876
-39.773051
-39.773238
-39.773434
-39.773627
-39.773821
-39.774014
-39.774202
-39.774405
-39.774615
-39.774823
-39.775033
-39.775227
-39.775393
-39.775542
-39.775682
-39.775812
-39.775936
-39.77606
-39.776175
-39.77634
-39.776581
-39.777
-39.777995
-39.778028
-39.777061
-39.776361
-39.776772
-39.777411
-39.777891
-39.778245
-39.77855
-39.778835
-39.779102
-39.779348
-39.779571
-39.779769
-39.779936
-39.780059
-39.780134
-39.780189
-39.78026
-39.780278
-39.780226
-39.780121
-39.78005
-39.780082
-39.780113
-39.780167
-39.780268
-39.78042
-39.780619
-39.780854
-39.781114
-39.781404
-39.781763
-39.782208
-39.782696
-39.78318
-39.783646
-39.784086
-39.784484
-39.784732
-39.78488
-39.784973
-39.784924
-39.784772
-39.784559
-39.784295
-39.783992
-39.783679
-39.783383
-39.783119
-39.782891
-39.7827
-39.782551
-39.782448
-39.782402
-39.782425
-39.782513
-39.782655
-39.782878
-39.783193
-39.783628
-39.784216
-39.784991
-39.786049
-39.78683
-39.787484
-39.788608
-39.789781
-39.790708
-39.791402
-39.791836
-39.791928
-39.791644
-39.79102
-39.790137
-39.7891
-39.788024
-39.78699
-39.786084
-39.785341
-39.784765
-39.784319
-39.784001
-39.783802
-39.783699
-39.783674
-39.783713
-39.78381
-39.783968
-39.784176
-39.784453
-39.784813
-39.78526
-39.785799
-39.786438
-39.787197
-39.78805
-39.788982
-39.790004
-39.791098
-39.792225
-39.793325
-39.794313
-39.795083
-39.795478
-39.795409
-39.794705
-39.793238
-39.790729
-39.787797
-39.785371
-39.783029
-39.781377
-39.780559
-39.780249
-39.780295
-39.78053
-39.780839
-39.781164
-39.781487
-39.781829
-39.782251
-39.782701
-39.783138
-39.783595
-39.784089
-39.784565
-39.785044
-39.785552
-39.786073
-39.786575
-39.787012
-39.787338
-39.787513
-39.787465
-39.787111
-39.786374
-39.785127
-39.783242
-39.780481
-39.776641
-39.771522
-39.765849
-39.762502
-39.761906
-39.761931
-39.761975
-39.761869
-39.761428
-39.760669
-39.759614
-39.758247
-39.75666
-39.754776
-39.752677
-39.750432
-39.748134
-39.745907
-39.743817
-39.741964
-39.740518
-39.739654
-39.739636
-39.74083
-39.743713
-39.748897
-39.756998
-39.768352
-39.782769
-39.79957
-39.818105
-39.8374
-39.856759
-39.875402
-39.892683
-39.908061
-39.921229
-39.931458
-39.938567
-39.942531
-39.943708
-39.942814
-39.940791
-39.938473
-39.936285
-39.933782
-39.929308
-39.919573
-39.900189
-39.865636
-39.813411
-39.740712
-39.666138
-39.562643
-39.57086
-39.007871
14.957916
234.48708
-39.738054
-39.737812
-39.73747
-39.737376
-39.737195
-39.737162
-39.737358
-39.737745
-39.737917
-39.738005
-39.738086
-39.738152
-39.73821
-39.738269
-39.738331
-39.738401
-39.738492
-39.738611
-39.738751
-39.738895
-39.739
-39.739131
-39.739239
-39.739287
-39.7395
-39.739513
-39.73934
-39.738964
-39.738244
-39.738584
-39.738301
-39.738708
-39.738202
-39.738304
-39.738056
-39.737901
-39.737996
-39.738393
-39.739083
-39.739068
-39.739137
-39.738982
-39.739103
-39.739182
-39.73907
-39.739115
-39.739124
-39.73895
-39.738274
-39.73728
-39.735913
-39.735438
-39.736144
-39.736588
-39.737807
-39.740896
-39.742816
-39.739605
-39.733674
-39.733553
-39.734528
-39.737581
-39.741577
-39.744873
-39.748022
-39.750839
-39.750355
-39.745186
-39.740682
-39.734855
-39.724098
-39.728133
-39.739795
-39.742274
-39.741297
-39.740822
-39.740397
-39.74029
-39.742458
-39.742169
-39.738965
-39.740163
-39.739896
-39.738565
-39.738339
-39.738776
-39.739661
-39.742293
-39.741297
-39.739609
-39.740354
-39.74072
-39.743571
-39.744632
-39.745108
-39.745639
-39.746219
-39.746562
-39.746686
-39.747281
-39.747923
-39.748475
-39.748746
-39.748633
-39.748347
-39.748169
-39.748187
-39.748245
-39.747631
-39.748311
-39.747412
-39.745072
-39.744581
-39.744226
-39.743055
-39.743179
-39.745645
-39.745918
-39.746271
-39.747197
-39.748659
-39.748531
-39.747512
-39.74676
-39.746678
-39.747077
-39.747551
-39.747998
-39.748747
-39.750214
-39.75002
-39.749301
-39.749413
-39.749948
-39.750682
-39.75125
-39.751216
-39.750968
-39.750915
-39.75135
-39.752408
-39.75284
-39.75294
-39.753038
-39.753159
-39.753289
-39.753425
-39.753564
-39.753704
-39.753845
-39.753987
-39.754131
-39.754277
-39.754426
-39.754577
-39.754733
-39.754893
-39.755058
-39.755229
-39.755407
-39.755595
-39.755796
-39.756016
-39.756265
-39.756563
-39.756956
-39.757565
-39.75888
-39.758549
-39.75688
-39.756306
-39.756367
-39.756642
-39.75695
-39.757239
-39.757498
-39.757733
-39.757949
-39.758151
-39.758346
-39.758534
-39.758718
-39.7589
-39.759081
-39.75926
-39.75944
-39.759619
-39.759798
-39.759978
-39.760158
-39.760338
-39.760518
-39.760699
-39.76088
-39.761062
-39.761244
-39.761427
-39.76161
-39.761793
-39.761976
-39.762159
-39.762342
-39.762525
-39.762709
-39.762892
-39.763076
-39.763259
-39.763442
-39.763625
-39.763807
-39.76399
-39.764172
-39.764354
-39.764536
-39.764718
-39.7649
-39.765081
-39.765263
-39.765444
-39.765627
-39.76581
-39.765993
-39.766177
-39.766361
-39.766546
-39.766731
-39.766915
-39.7671
-39.767284
-39.767468
-39.767652
-39.767835
-39.768017
-39.768199
-39.768381
-39.768564
-39.768748
-39.768934
-39.769121
-39.769311
-39.769502
-39.769695
-39.769889
-39.770085
-39.77028
-39.770473
-39.770666
-39.770856
-39.771043
-39.771227
-39.771403
-39.771574
-39.771739
-39.771899
-39.772055
-39.772208
-39.77236
-39.772512
-39.772672
-39.772844
-39.773023
-39.773213
-39.773411
-39.773607
-39.773804
-39.774
-39.774192
-39.7744
-39.774615
-39.774827
-39.775041
-39.775238
-39.775407
-39.775561
-39.775706
-39.775842
-39.775972
-39.776101
-39.77622
-39.776391
-39.776633
-39.777025
-39.777761
-39.777833
-39.777228
-39.776763
-39.777011
-39.777519
-39.777958
-39.778307
-39.778614
-39.778901
-39.779169
-39.779414
-39.779637
-39.779836
-39.780004
-39.780129
-39.780205
-39.780258
-39.780302
-39.780319
-39.78029
-39.780182
-39.780111
-39.780149
-39.780172
-39.780223
-39.780323
-39.780475
-39.780676
-39.780914
-39.781179
-39.781479
-39.781844
-39.78229
-39.782776
-39.783261
-39.783729
-39.784163
-39.784513
-39.784738
-39.784884
-39.784999
-39.784952
-39.784803
-39.784577
-39.784306
-39.783998
-39.783682
-39.783386
-39.783122
-39.782894
-39.782704
-39.782555
-39.782454
-39.782408
-39.782436
-39.782533
-39.782675
-39.7829
-39.783216
-39.783647
-39.784222
-39.784951
-39.785894
-39.786742
-39.787528
-39.78862
-39.789765
-39.790704
-39.79141
-39.791844
-39.791937
-39.791646
-39.791014
-39.790122
-39.789076
-39.787994
-39.786956
-39.786049
-39.785305
-39.784708
-39.784256
-39.783942
-39.78375
-39.783653
-39.783632
-39.783681
-39.783798
-39.783969
-39.7842
-39.784491
-39.784854
-39.785302
-39.785843
-39.786483
-39.787222
-39.788053
-39.788987
-39.79001
-39.791103
-39.79223
-39.793333
-39.794324
-39.7951
-39.795552
-39.795481
-39.794758
-39.793291
-39.790813
-39.787815
-39.785301
-39.783091
-39.781465
-39.78061
-39.780297
-39.78032
-39.780529
-39.780833
-39.781162
-39.781507
-39.781876
-39.782265
-39.782696
-39.783161
-39.783611
-39.784083
-39.784557
-39.78505
-39.785574
-39.786093
-39.786575
-39.786987
-39.787305
-39.787479
-39.787447
-39.787091
-39.786321
-39.785043
-39.783141
-39.780378
-39.776581
-39.771601
-39.766218
-39.762875
-39.762071
-39.762036
-39.762048
-39.761919
-39.761478
-39.76073
-39.759701
-39.758394
-39.75678
-39.754902
-39.752817
-39.750589
-39.748313
-39.74611
-39.74406
-39.742261
-39.740869
-39.740056
-39.740082
-39.741313
-39.74423
-39.749456
-39.757589
-39.768917
-39.783309
-39.800131
-39.818641
-39.837916
-39.857228
-39.875837
-39.893124
-39.908575
-39.921638
-39.931878
-39.938986
-39.942916
-39.944024
-39.943053
-39.94099
-39.938774
-39.936973
-39.93532
-39.932325
-39.924851
-39.908428
-39.877074
-39.827551
-39.755072
-39.681107
-39.575684
-39.585277
-38.735673
-3.6770017
228.43368
-39.738163
-39.737891
-39.737549
-39.737466
-39.737282
-39.737259
-39.737435
-39.737815
-39.737981
-39.738064
-39.738142
-39.738203
-39.738258
-39.738315
-39.738376
-39.738446
-39.738538
-39.738662
-39.738809
-39.738963
-39.739079
-39.739224
-39.739339
-39.739377
-39.739573
-39.739524
-39.739285
-39.738794
-39.73834
-39.738612
-39.738304
-39.738653
-39.738199
-39.738375
-39.738141
-39.738
-39.738099
-39.738477
-39.739159
-39.739103
-39.739157
-39.738967
-39.739157
-39.73922
-39.73906
-39.739095
-39.739074
-39.738879
-39.738236
-39.737496
-39.736217
-39.735487
-39.736175
-39.736564
-39.737774
-39.741047
-39.743123
-39.739766
-39.734302
-39.735693
-39.736464
-39.738186
-39.741636
-39.74482
-39.748181
-39.751039
-39.750538
-39.745198
-39.74075
-39.734962
-39.724015
-39.728095
-39.740158
-39.742365
-39.74129
-39.740804
-39.740368
-39.740254
-39.742567
-39.742205
-39.738847
-39.740226
-39.739893
-39.738538
-39.738326
-39.738761
-39.739655
-39.742401
-39.741316
-39.73961
-39.740924
-39.741068
-39.743685
-39.744631
-39.745111
-39.745636
-39.746224
-39.746608
-39.746808
-39.747525
-39.748233
-39.748856
-39.749144
-39.749012
-39.748662
-39.748414
-39.748357
-39.748362
-39.747589
-39.748339
-39.747401
-39.744993
-39.744582
-39.744227
-39.743116
-39.743584
-39.746563
-39.746648
-39.746566
-39.747196
-39.748708
-39.748523
-39.747484
-39.746727
-39.746658
-39.747072
-39.747545
-39.747991
-39.748736
-39.750272
-39.750008
-39.749266
-39.749391
-39.749938
-39.750705
-39.75133
-39.751358
-39.751233
-39.751283
-39.751663
-39.752447
-39.752838
-39.752935
-39.753032
-39.753154
-39.753285
-39.753422
-39.753562
-39.753703
-39.753845
-39.753988
-39.754133
-39.75428
-39.75443
-39.754583
-39.75474
-39.754901
-39.755067
-39.75524
-39.75542
-39.75561
-39.755813
-39.756035
-39.756286
-39.756586
-39.756975
-39.757545
-39.758512
-39.758271
-39.757049
-39.756545
-39.75656
-39.756785
-39.757059
-39.757326
-39.757572
-39.757799
-39.75801
-39.75821
-39.758403
-39.75859
-39.758773
-39.758955
-39.759135
-39.759314
-39.759493
-39.759672
-39.759851
-39.76003
-39.76021
-39.76039
-39.76057
-39.76075
-39.760931
-39.761112
-39.761294
-39.761476
-39.761659
-39.761842
-39.762024
-39.762207
-39.76239
-39.762573
-39.762756
-39.762939
-39.763122
-39.763305
-39.763487
-39.76367
-39.763852
-39.764034
-39.764216
-39.764397
-39.764579
-39.76476
-39.764941
-39.765122
-39.765303
-39.765485
-39.765667
-39.765849
-39.766032
-39.766216
-39.766399
-39.766583
-39.766767
-39.766952
-39.767136
-39.76732
-39.767503
-39.767686
-39.767868
-39.76805
-39.768232
-39.768414
-39.768596
-39.76878
-39.768965
-39.769152
-39.769341
-39.769531
-39.769724
-39.769918
-39.770113
-39.770308
-39.770501
-39.770692
-39.770882
-39.771069
-39.771253
-39.771429
-39.771599
-39.771764
-39.771924
-39.772081
-39.772234
-39.772385
-39.772537
-39.772695
-39.772864
-39.773039
-39.773231
-39.773431
-39.77363
-39.773829
-39.774031
-39.774229
-39.774439
-39.774651
-39.774859
-39.775063
-39.775258
-39.775418
-39.775569
-39.775716
-39.775852
-39.775986
-39.776122
-39.776225
-39.776396
-39.776633
-39.776989
-39.777545
-39.77758
-39.777171
-39.776852
-39.777035
-39.777474
-39.777891
-39.778241
-39.77855
-39.778837
-39.779105
-39.779351
-39.779576
-39.779778
-39.77995
-39.780079
-39.780162
-39.780219
-39.780316
-39.780333
-39.780278
-39.78013
-39.780049
-39.780021
-39.780032
-39.780079
-39.780175
-39.780328
-39.780534
-39.78078
-39.781058
-39.781378
-39.781759
-39.782209
-39.782703
-39.783192
-39.783664
-39.78411
-39.784556
-39.784837
-39.784988
-39.785026
-39.784926
-39.784779
-39.784578
-39.784307
-39.784011
-39.783715
-39.783429
-39.783168
-39.782941
-39.782753
-39.782607
-39.782508
-39.782464
-39.782477
-39.782544
-39.782683
-39.78291
-39.783231
-39.783663
-39.784232
-39.784937
-39.785816
-39.786712
-39.787599
-39.788678
-39.789789
-39.790728
-39.79144
-39.791873
-39.791957
-39.791658
-39.791017
-39.790117
-39.789057
-39.787931
-39.786884
-39.785979
-39.785243
-39.784689
-39.784271
-39.783972
-39.783783
-39.783688
-39.78367
-39.783719
-39.783827
-39.783983
-39.784201
-39.784489
-39.784854
-39.785302
-39.785843
-39.786483
-39.787222
-39.788045
-39.788971
-39.789997
-39.791093
-39.792219
-39.793327
-39.794324
-39.795104
-39.795553
-39.7955
-39.794805
-39.793345
-39.790889
-39.787875
-39.785258
-39.783093
-39.781504
-39.78063
-39.780311
-39.780338
-39.780556
-39.780859
-39.781185
-39.781521
-39.78188
-39.782267
-39.782694
-39.783162
-39.783633
-39.784105
-39.784577
-39.785059
-39.785567
-39.786078
-39.786556
-39.786964
-39.787269
-39.787423
-39.787362
-39.786988
-39.78622
-39.784955
-39.783039
-39.780279
-39.776489
-39.771659
-39.766586
-39.763321
-39.762345
-39.762212
-39.762171
-39.762008
-39.761567
-39.760824
-39.759799
-39.758498
-39.756903
-39.755043
-39.75298
-39.750787
-39.748559
-39.746409
-39.744423
-39.742695
-39.741372
-39.740626
-39.74071
-39.741989
-39.744949
-39.750201
-39.758336
-39.769662
-39.784034
-39.800821
-39.819262
-39.838466
-39.857693
-39.876227
-39.893463
-39.908872
-39.921937
-39.932191
-39.939299
-39.943205
-39.94425
-39.943219
-39.941133
-39.939031
-39.93763
-39.936854
-39.935415
-39.930348
-39.91713
-39.889263
-39.842733
-39.770848
-39.697087
-39.586846
-39.580247
-39.310301
-9.2174087
194.9647
-39.738102
-39.737906
-39.737564
-39.737472
-39.736864
-39.736623
-39.737065
-39.737832
-39.738009
-39.738086
-39.738162
-39.738223
-39.738277
-39.738334
-39.738394
-39.738464
-39.738557
-39.738681
-39.738831
-39.738985
-39.739096
-39.739238
-39.739343
-39.73937
-39.739582
-39.739522
-39.739257
-39.738761
-39.738441
-39.738662
-39.738292
-39.738623
-39.738061
-39.738115
-39.737764
-39.737639
-39.737736
-39.738093
-39.739059
-39.739105
-39.739141
-39.738898
-39.73922
-39.73923
-39.739019
-39.739066
-39.739019
-39.738816
-39.738166
-39.737396
-39.735892
-39.736691
-39.737496
-39.738116
-39.739575
-39.742561
-39.744067
-39.741783
-39.737715
-39.738415
-39.739272
-39.741081
-39.742432
-39.744742
-39.748514
-39.751444
-39.750883
-39.74522
-39.741039
-39.737925
-39.73437
-39.736562
-39.742638
-39.742642
-39.741377
-39.740823
-39.740336
-39.740177
-39.742808
-39.742318
-39.738634
-39.740376
-39.739911
-39.738612
-39.738507
-39.738965
-39.739914
-39.743031
-39.74229
-39.739982
-39.739719
-39.73979
-39.743924
-39.744665
-39.745151
-39.745668
-39.746269
-39.746569
-39.746422
-39.747223
-39.748024
-39.748695
-39.74899
-39.748831
-39.748436
-39.748162
-39.747996
-39.748171
-39.748368
-39.749239
-39.748229
-39.745739
-39.745603
-39.745295
-39.744365
-39.744473
-39.746305
-39.74606
-39.746518
-39.747164
-39.748861
-39.748557
-39.747481
-39.746747
-39.746742
-39.747178
-39.747632
-39.748067
-39.748829
-39.750658
-39.750435
-39.749836
-39.749965
-39.750436
-39.750821
-39.751069
-39.751107
-39.751014
-39.751087
-39.751456
-39.752528
-39.752875
-39.752953
-39.753045
-39.753164
-39.753296
-39.753434
-39.753574
-39.753715
-39.753857
-39.754
-39.754145
-39.754292
-39.754443
-39.754596
-39.754753
-39.754915
-39.755082
-39.755255
-39.755435
-39.755626
-39.755829
-39.756052
-39.756302
-39.756599
-39.756976
-39.757496
-39.75822
-39.758044
-39.757134
-39.756695
-39.756677
-39.756861
-39.757105
-39.757353
-39.757589
-39.75781
-39.758018
-39.758216
-39.758407
-39.758593
-39.758777
-39.758958
-39.759138
-39.759317
-39.759496
-39.759675
-39.759854
-39.760033
-39.760213
-39.760392
-39.760573
-39.760753
-39.760934
-39.761115
-39.761297
-39.761479
-39.761662
-39.761845
-39.762027
-39.76221
-39.762393
-39.762576
-39.762759
-39.762942
-39.763125
-39.763308
-39.76349
-39.763673
-39.763855
-39.764037
-39.764219
-39.7644
-39.764582
-39.764763
-39.764944
-39.765125
-39.765307
-39.765488
-39.76567
-39.765853
-39.766036
-39.766219
-39.766403
-39.766587
-39.766771
-39.766955
-39.767139
-39.767323
-39.767507
-39.76769
-39.767872
-39.768054
-39.768236
-39.768417
-39.768599
-39.768783
-39.768968
-39.769155
-39.769343
-39.769534
-39.769727
-39.769921
-39.770117
-39.770311
-39.770504
-39.770695
-39.770884
-39.77107
-39.771248
-39.77142
-39.771591
-39.771758
-39.771919
-39.772077
-39.772231
-39.772383
-39.772538
-39.7727
-39.772873
-39.773058
-39.773247
-39.77344
-39.773616
-39.773798
-39.774011
-39.774232
-39.774449
-39.774661
-39.77487
-39.775074
-39.775271
-39.775458
-39.775622
-39.775768
-39.775901
-39.77603
-39.776161
-39.776309
-39.776481
-39.776702
-39.777007
-39.777407
-39.77744
-39.777173
-39.776977
-39.777136
-39.77752
-39.777915
-39.778266
-39.778582
-39.778877
-39.779153
-39.779409
-39.779639
-39.77984
-39.779998
-39.78011
-39.780198
-39.780278
-39.780323
-39.780331
-39.780176
-39.780108
-39.780034
-39.780018
-39.780028
-39.780096
-39.780233
-39.780407
-39.78061
-39.780847
-39.781133
-39.78149
-39.781923
-39.78239
-39.782879
-39.78337
-39.783844
-39.784271
-39.784596
-39.784844
-39.784992
-39.78503
-39.784973
-39.78483
-39.784605
-39.784327
-39.784021
-39.783714
-39.783424
-39.783163
-39.782937
-39.782751
-39.782607
-39.782509
-39.782466
-39.78248
-39.782552
-39.782696
-39.782924
-39.783249
-39.783681
-39.78424
-39.784925
-39.785765
-39.786686
-39.787639
-39.78871
-39.789795
-39.790734
-39.791451
-39.791882
-39.791929
-39.791603
-39.790958
-39.790054
-39.789008
-39.787943
-39.786919
-39.78602
-39.785285
-39.784698
-39.784264
-39.783964
-39.783777
-39.783684
-39.783668
-39.783718
-39.783827
-39.783986
-39.784204
-39.784493
-39.784858
-39.785307
-39.785848
-39.786487
-39.787224
-39.788058
-39.788988
-39.790009
-39.791098
-39.792218
-39.793309
-39.794291
-39.795062
-39.795502
-39.795445
-39.794749
-39.793289
-39.790878
-39.787911
-39.78528
-39.783154
-39.781589
-39.780703
-39.780368
-39.780382
-39.780588
-39.780881
-39.781202
-39.781536
-39.781891
-39.782278
-39.782705
-39.783163
-39.783629
-39.784097
-39.784564
-39.78504
-39.785537
-39.786035
-39.786499
-39.786892
-39.787179
-39.787312
-39.787228
-39.786834
-39.786044
-39.784758
-39.782827
-39.780079
-39.776362
-39.771734
-39.766991
-39.763841
-39.762716
-39.762458
-39.762347
-39.762141
-39.761687
-39.760942
-39.759926
-39.758636
-39.757061
-39.755233
-39.753212
-39.751069
-39.748902
-39.746823
-39.744916
-39.743274
-39.742035
-39.74137
-39.741528
-39.742871
-39.745883
-39.751164
-39.759286
-39.770558
-39.78484
-39.80153
-39.819856
-39.838951
-39.858057
-39.876482
-39.893657
-39.909027
-39.922092
-39.932358
-39.939473
-39.943358
-39.944355
-39.943283
-39.941189
-39.93921
-39.938209
-39.938309
-39.938457
-39.935896
-39.926102
-39.902048
-39.858848
-39.787885
-39.714361
-39.598247
-39.611603
-39.35408
-24.363202
141.20541
-39.738057
-39.737917
-39.737549
-39.736616
-39.736244
-39.736219
-39.736295
-39.737373
-39.738035
-39.738103
-39.738176
-39.738235
-39.738289
-39.738345
-39.738405
-39.738475
-39.738568
-39.738693
-39.738845
-39.738998
-39.739104
-39.739245
-39.739339
-39.739349
-39.739588
-39.739522
-39.739238
-39.738729
-39.738523
-39.738722
-39.7382
-39.738308
-39.737535
-39.737599
-39.737481
-39.737317
-39.737369
-39.737522
-39.738312
-39.738993
-39.73907
-39.73872
-39.739081
-39.738926
-39.738735
-39.738963
-39.738968
-39.738727
-39.737919
-39.736049
-39.729764
-39.730669
-39.730552
-39.730254
-39.732316
-39.734472
-39.734368
-39.734462
-39.736769
-39.738231
-39.738965
-39.738559
-39.740741
-39.744501
-39.749062
-39.752036
-39.751414
-39.745003
-39.738663
-39.729136
-39.729398
-39.725363
-39.738904
-39.742809
-39.741481
-39.740867
-39.740297
-39.740005
-39.74314
-39.742504
-39.738337
-39.740266
-39.738999
-39.736987
-39.736947
-39.737452
-39.73827
-39.73894
-39.738023
-39.739525
-39.74186
-39.743979
-39.744254
-39.744687
-39.745173
-39.745428
-39.746023
-39.746967
-39.747817
-39.748576
-39.7492
-39.749585
-39.749713
-39.749635
-39.749587
-39.749531
-39.749761
-39.749157
-39.745357
-39.745719
-39.744905
-39.744564
-39.744731
-39.744473
-39.74402
-39.744506
-39.747233
-39.74692
-39.746544
-39.747113
-39.748952
-39.748322
-39.746939
-39.74581
-39.745851
-39.746379
-39.746991
-39.74742
-39.747991
-39.748595
-39.748384
-39.748129
-39.748218
-39.749131
-39.750846
-39.751398
-39.751645
-39.752014
-39.752455
-39.75277
-39.752841
-39.752894
-39.752965
-39.753054
-39.753172
-39.753304
-39.753442
-39.753582
-39.753723
-39.753865
-39.754009
-39.754154
-39.754302
-39.754452
-39.754606
-39.754763
-39.754925
-39.755092
-39.755266
-39.755446
-39.755637
-39.755841
-39.756063
-39.756312
-39.756604
-39.756965
-39.757433
-39.757987
-39.75786
-39.757179
-39.756806
-39.756772
-39.756924
-39.757144
-39.757377
-39.757603
-39.757818
-39.758023
-39.758219
-39.758409
-39.758595
-39.758778
-39.758959
-39.759139
-39.759319
-39.759498
-39.759677
-39.759855
-39.760035
-39.760214
-39.760394
-39.760574
-39.760755
-39.760936
-39.761117
-39.761299
-39.761481
-39.761664
-39.761846
-39.762029
-39.762212
-39.762395
-39.762578
-39.762761
-39.762944
-39.763127
-39.76331
-39.763492
-39.763675
-39.763857
-39.764039
-39.764221
-39.764402
-39.764584
-39.764765
-39.764946
-39.765127
-39.765309
-39.76549
-39.765672
-39.765855
-39.766038
-39.766221
-39.766405
-39.766589
-39.766773
-39.766958
-39.767142
-39.767326
-39.767509
-39.767692
-39.767875
-39.768056
-39.768237
-39.768419
-39.768602
-39.768785
-39.768971
-39.769158
-39.769347
-39.769538
-39.769731
-39.769926
-39.770121
-39.770315
-39.770503
-39.770695
-39.770886
-39.771073
-39.771256
-39.771435
-39.771606
-39.771773
-39.771933
-39.77209
-39.772243
-39.772396
-39.772553
-39.772717
-39.772885
-39.773064
-39.773252
-39.773447
-39.773649
-39.773851
-39.774055
-39.774269
-39.774485
-39.774699
-39.77491
-39.775112
-39.775304
-39.775481
-39.775642
-39.775789
-39.775924
-39.776053
-39.776182
-39.776324
-39.776492
-39.776703
-39.77698
-39.777304
-39.777354
-39.777188
-39.777079
-39.777231
-39.777573
-39.777943
-39.778285
-39.778598
-39.778891
-39.779163
-39.779414
-39.779641
-39.779842
-39.780005
-39.780124
-39.780209
-39.780276
-39.780319
-39.78032
-39.78024
-39.780165
-39.780119
-39.780075
-39.780083
-39.780147
-39.780266
-39.780433
-39.780638
-39.780881
-39.781167
-39.781513
-39.781928
-39.782393
-39.782883
-39.783374
-39.783848
-39.784272
-39.784602
-39.784846
-39.784991
-39.785028
-39.784968
-39.784823
-39.784598
-39.78432
-39.784014
-39.783708
-39.78342
-39.783161
-39.782936
-39.782751
-39.782607
-39.782511
-39.78247
-39.782485
-39.782559
-39.782705
-39.782936
-39.783263
-39.783695
-39.784251
-39.784926
-39.785741
-39.786672
-39.787663
-39.78873
-39.789794
-39.790727
-39.791444
-39.791866
-39.791941
-39.791633
-39.790987
-39.790086
-39.789039
-39.787938
-39.786909
-39.786013
-39.785281
-39.784699
-39.784267
-39.783968
-39.783783
-39.783691
-39.783676
-39.783727
-39.783836
-39.783996
-39.784217
-39.784507
-39.784872
-39.785321
-39.78586
-39.786496
-39.787229
-39.788058
-39.788983
-39.789995
-39.791073
-39.792179
-39.793255
-39.79422
-39.794974
-39.795396
-39.795326
-39.794625
-39.793167
-39.790814
-39.787934
-39.785336
-39.78325
-39.781717
-39.780824
-39.780468
-39.78046
-39.780645
-39.780924
-39.781235
-39.781563
-39.781914
-39.782296
-39.782717
-39.783167
-39.783626
-39.784085
-39.784545
-39.785013
-39.785497
-39.785978
-39.786423
-39.786795
-39.787057
-39.787163
-39.78705
-39.786629
-39.785814
-39.784508
-39.782572
-39.779853
-39.776239
-39.77184
-39.767424
-39.764404
-39.763158
-39.762767
-39.762573
-39.762318
-39.761846
-39.761105
-39.760097
-39.758824
-39.757278
-39.755486
-39.753512
-39.751435
-39.749347
-39.747354
-39.745541
-39.743998
-39.742857
-39.742288
-39.742537
-39.743961
-39.747037
-39.752349
-39.760447
-39.771634
-39.785789
-39.802338
-39.820505
-39.839434
-39.858372
-39.876639
-39.893703
-39.909018
-39.922076
-39.932358
-39.939483
-39.94336
-39.944322
-39.943225
-39.941139
-39.939287
-39.938673
-39.939624
-39.941344
-39.941336
-39.935145
-39.915222
-39.875718
-39.805915
-39.733111
-39.610145
-39.643773
-39.295753
-37.476835
90.082196
-39.738036
-39.737939
-39.737473
-39.736177
-39.736257
-39.736232
-39.736294
-39.736204
-39.73806
-39.73812
-39.73819
-39.738248
-39.738301
-39.738357
-39.738417
-39.738485
-39.738578
-39.738705
-39.738862
-39.739014
-39.739114
-39.739256
-39.739337
-39.739324
-39.739599
-39.739528
-39.739222
-39.738687
-39.738573
-39.738561
-39.737648
-39.737726
-39.737481
-39.73798
-39.738413
-39.738733
-39.738968
-39.739213
-39.739043
-39.737757
-39.738005
-39.737394
-39.735798
-39.735089
-39.736765
-39.738922
-39.738921
-39.738201
-39.737187
-39.737772
-39.738429
-39.739583
-39.740548
-39.741436
-39.741585
-39.739182
-39.737161
-39.738428
-39.741535
-39.739794
-39.738735
-39.738513
-39.740351
-39.74417
-39.747081
-39.748694
-39.747308
-39.73549
-39.729872
-39.728377
-39.728649
-39.724796
-39.741657
-39.742848
-39.741534
-39.740933
-39.739937
-39.73701
-39.74161
-39.741645
-39.735775
-39.735255
-39.734025
-39.734612
-39.735074
-39.735501
-39.736567
-39.739168
-39.741876
-39.743199
-39.743106
-39.74407
-39.744311
-39.744714
-39.745206
-39.745739
-39.746352
-39.747067
-39.747897
-39.74868
-39.749356
-39.749859
-39.75004
-39.749895
-39.74967
-39.74952
-39.749786
-39.749633
-39.749956
-39.749263
-39.745527
-39.744393
-39.745051
-39.74531
-39.744408
-39.744595
-39.747818
-39.747618
-39.746739
-39.746108
-39.746049
-39.745562
-39.745004
-39.744867
-39.745068
-39.745443
-39.745759
-39.746175
-39.747145
-39.749096
-39.750336
-39.751058
-39.75127
-39.751523
-39.751703
-39.751812
-39.751968
-39.752152
-39.752451
-39.752749
-39.752854
-39.752909
-39.752976
-39.753064
-39.75318
-39.753312
-39.75345
-39.75359
-39.753731
-39.753873
-39.754016
-39.754162
-39.75431
-39.75446
-39.754614
-39.754772
-39.754934
-39.755102
-39.755275
-39.755456
-39.755647
-39.755851
-39.756072
-39.756319
-39.756604
-39.756947
-39.757366
-39.7578
-39.757714
-39.757204
-39.756893
-39.756854
-39.756983
-39.757182
-39.757401
-39.757618
-39.757828
-39.75803
-39.758225
-39.758414
-39.758599
-39.758782
-39.758963
-39.759143
-39.759322
-39.759501
-39.75968
-39.759859
-39.760038
-39.760217
-39.760397
-39.760577
-39.760758
-39.760939
-39.76112
-39.761302
-39.761484
-39.761667
-39.761849
-39.762032
-39.762215
-39.762398
-39.762581
-39.762764
-39.762947
-39.76313
-39.763313
-39.763495
-39.763678
-39.76386
-39.764042
-39.764224
-39.764405
-39.764587
-39.764768
-39.764949
-39.76513
-39.765312
-39.765493
-39.765675
-39.765858
-39.766041
-39.766224
-39.766408
-39.766592
-39.766777
-39.766961
-39.767145
-39.767329
-39.767513
-39.767696
-39.767878
-39.76806
-39.768242
-39.768424
-39.768606
-39.76879
-39.768975
-39.769163
-39.769352
-39.769543
-39.769736
-39.76993
-39.770126
-39.770321
-39.770515
-39.770707
-39.770897
-39.771083
-39.771265
-39.771441
-39.771613
-39.771779
-39.77194
-39.772097
-39.77225
-39.772403
-39.772559
-39.772721
-39.77289
-39.773069
-39.773257
-39.773452
-39.773654
-39.773859
-39.774067
-39.774282
-39.774499
-39.774712
-39.774921
-39.775121
-39.775313
-39.77549
-39.775651
-39.775798
-39.775934
-39.776063
-39.776192
-39.776332
-39.776496
-39.776696
-39.776944
-39.77721
-39.777271
-39.777181
-39.777139
-39.777292
-39.777602
-39.777952
-39.778286
-39.778598
-39.77889
-39.779161
-39.779411
-39.779636
-39.779835
-39.779998
-39.780118
-39.780204
-39.78027
-39.780313
-39.780328
-39.780277
-39.780198
-39.780134
-39.780077
-39.780082
-39.780147
-39.780266
-39.780432
-39.780639
-39.780884
-39.781172
-39.781519
-39.781933
-39.782397
-39.782886
-39.783376
-39.783847
-39.784268
-39.784598
-39.784838
-39.784981
-39.785017
-39.784956
-39.784809
-39.784586
-39.784308
-39.784005
-39.7837
-39.783415
-39.783157
-39.782935
-39.782752
-39.782611
-39.782517
-39.782477
-39.782494
-39.782571
-39.78272
-39.782954
-39.783283
-39.783717
-39.78427
-39.784939
-39.785738
-39.786668
-39.787677
-39.788737
-39.78978
-39.790703
-39.791413
-39.791833
-39.791897
-39.791587
-39.790943
-39.790049
-39.78901
-39.787924
-39.786905
-39.786018
-39.78529
-39.784714
-39.784284
-39.783988
-39.783803
-39.783711
-39.783696
-39.783747
-39.783856
-39.784018
-39.784239
-39.784529
-39.784895
-39.785342
-39.785879
-39.78651
-39.787237
-39.78806
-39.788975
-39.789974
-39.791035
-39.79212
-39.793172
-39.794111
-39.794838
-39.79523
-39.795142
-39.794433
-39.792986
-39.790705
-39.787943
-39.785415
-39.783381
-39.781882
-39.780987
-39.780607
-39.78057
-39.780729
-39.780987
-39.781284
-39.781604
-39.781948
-39.782323
-39.782735
-39.783174
-39.783623
-39.784073
-39.784523
-39.78498
-39.785447
-39.785907
-39.786329
-39.786675
-39.78691
-39.786985
-39.786839
-39.786389
-39.785551
-39.784228
-39.782297
-39.779624
-39.776132
-39.771975
-39.767873
-39.76499
-39.763651
-39.763134
-39.762853
-39.762542
-39.762042
-39.761297
-39.760297
-39.759043
-39.757531
-39.755791
-39.753884
-39.751887
-39.749891
-39.747997
-39.746288
-39.744857
-39.743829
-39.743372
-39.743729
-39.745251
-39.748405
-39.753749
-39.76181
-39.772881
-39.786729
-39.803059
-39.821039
-39.839755
-39.858472
-39.876567
-39.893525
-39.908809
-39.921866
-39.932165
-39.939311
-39.943178
-39.944065
-39.942903
-39.940858
-39.939146
-39.9389
-39.94065
-39.943884
-39.946415
-39.943971
-39.928512
-39.893138
-39.824759
-39.752764
-39.62274
-39.647255
-39.279663
-38.834843
70.849425
-39.738035
-39.737971
-39.737415
-39.736194
-39.736276
-39.736265
-39.736338
-39.737901
-39.738075
-39.738137
-39.738206
-39.738262
-39.738315
-39.73837
-39.738429
-39.738496
-39.738589
-39.738717
-39.73888
-39.739032
-39.739126
-39.73927
-39.739337
-39.739291
-39.739614
-39.739544
-39.739208
-39.738571
-39.738181
-39.73769
-39.737592
-39.737958
-39.738583
-39.738526
-39.738694
-39.738847
-39.739017
-39.739211
-39.739178
-39.736374
-39.736816
-39.736654
-39.736009
-39.737665
-39.73898
-39.738789
-39.73879
-39.738756
-39.738559
-39.738243
-39.738595
-39.739629
-39.7406
-39.741442
-39.742074
-39.741691
-39.740425
-39.740858
-39.742769
-39.74199
-39.739102
-39.74089
-39.740094
-39.739903
-39.719769
-39.724311
-39.725782
-39.729447
-39.729641
-39.728345
-39.728289
-39.734709
-39.743278
-39.742771
-39.741523
-39.741013
-39.736731
-39.733649
-39.733124
-39.730147
-39.72778
-39.735008
-39.741356
-39.742426
-39.74283
-39.743224
-39.744124
-39.742869
-39.742806
-39.743137
-39.743171
-39.744009
-39.744348
-39.744745
-39.745227
-39.74576
-39.746376
-39.747097
-39.747919
-39.748706
-39.749395
-39.74992
-39.750097
-39.749919
-39.74964
-39.749473
-39.749841
-39.749679
-39.749772
-39.748615
-39.74394
-39.744777
-39.743536
-39.743411
-39.743528
-39.744622
-39.745113
-39.744101
-39.743243
-39.744299
-39.746682
-39.747278
-39.747684
-39.74849
-39.748973
-39.74929
-39.749564
-39.74998
-39.750761
-39.750443
-39.750718
-39.751057
-39.751254
-39.751501
-39.751721
-39.75185
-39.751994
-39.752166
-39.752445
-39.752732
-39.75286
-39.752921
-39.752987
-39.753075
-39.753189
-39.75332
-39.753457
-39.753597
-39.753738
-39.75388
-39.754024
-39.754169
-39.754317
-39.754468
-39.754623
-39.754781
-39.754943
-39.755111
-39.755284
-39.755465
-39.755656
-39.75586
-39.75608
-39.756323
-39.756601
-39.756926
-39.7573
-39.757649
-39.757596
-39.757215
-39.756962
-39.756926
-39.757037
-39.757219
-39.757425
-39.757635
-39.757839
-39.758038
-39.758231
-39.758419
-39.758604
-39.758786
-39.758966
-39.759146
-39.759325
-39.759504
-39.759683
-39.759862
-39.760041
-39.76022
-39.7604
-39.76058
-39.760761
-39.760942
-39.761123
-39.761305
-39.761487
-39.76167
-39.761853
-39.762035
-39.762218
-39.762401
-39.762584
-39.762767
-39.76295
-39.763133
-39.763316
-39.763498
-39.763681
-39.763863
-39.764045
-39.764227
-39.764408
-39.76459
-39.764771
-39.764952
-39.765133
-39.765315
-39.765496
-39.765678
-39.765861
-39.766044
-39.766228
-39.766411
-39.766596
-39.76678
-39.766965
-39.767149
-39.767333
-39.767516
-39.767699
-39.767882
-39.768064
-39.768245
-39.768427
-39.76861
-39.768794
-39.768979
-39.769166
-39.769355
-39.769546
-39.769739
-39.769934
-39.770129
-39.770324
-39.770518
-39.77071
-39.7709
-39.771086
-39.771268
-39.771445
-39.771616
-39.771782
-39.771943
-39.7721
-39.772254
-39.772407
-39.772563
-39.772725
-39.772895
-39.773074
-39.773262
-39.773457
-39.773659
-39.773865
-39.774074
-39.774288
-39.774505
-39.774718
-39.774927
-39.775128
-39.775319
-39.775496
-39.775657
-39.775804
-39.77594
-39.77607
-39.776198
-39.776337
-39.776497
-39.776686
-39.776911
-39.777136
-39.77721
-39.777176
-39.777184
-39.777341
-39.777629
-39.777961
-39.778288
-39.778597
-39.778887
-39.779158
-39.779407
-39.779632
-39.77983
-39.77999
-39.780109
-39.780195
-39.78026
-39.780303
-39.780316
-39.780268
-39.780191
-39.780127
-39.780078
-39.780085
-39.780151
-39.78027
-39.780436
-39.780644
-39.78089
-39.781181
-39.781528
-39.781941
-39.782402
-39.782888
-39.783375
-39.783841
-39.784256
-39.784584
-39.784821
-39.784961
-39.784996
-39.784934
-39.784787
-39.784565
-39.784292
-39.783992
-39.783692
-39.78341
-39.783157
-39.782938
-39.782757
-39.78262
-39.782529
-39.782492
-39.782511
-39.782591
-39.782743
-39.78298
-39.783312
-39.783748
-39.784299
-39.784962
-39.785748
-39.78667
-39.787681
-39.788729
-39.78975
-39.790654
-39.791349
-39.791756
-39.791813
-39.791505
-39.790871
-39.789992
-39.788971
-39.787907
-39.786906
-39.786033
-39.785314
-39.784744
-39.784318
-39.784022
-39.783837
-39.783745
-39.783729
-39.78378
-39.783888
-39.784051
-39.784273
-39.784563
-39.784928
-39.785373
-39.785906
-39.786531
-39.78725
-39.788062
-39.788963
-39.789943
-39.790982
-39.792039
-39.793059
-39.793963
-39.794654
-39.795011
-39.794899
-39.794184
-39.792757
-39.790565
-39.787941
-39.78551
-39.783536
-39.782077
-39.781182
-39.780777
-39.780708
-39.780837
-39.781071
-39.781351
-39.781659
-39.781994
-39.782359
-39.78276
-39.783186
-39.783622
-39.78406
-39.784498
-39.784941
-39.785389
-39.785825
-39.786221
-39.786538
-39.786741
-39.786783
-39.786604
-39.786125
-39.785264
-39.783931
-39.782014
-39.779401
-39.776047
-39.772136
-39.76833
-39.765586
-39.764178
-39.763544
-39.763173
-39.762803
-39.762273
-39.761522
-39.760532
-39.759302
-39.757833
-39.756154
-39.754323
-39.752418
-39.750524
-39.748739
-39.747146
-39.745836
-39.744933
-39.744604
-39.745088
-39.746726
-39.749968
-39.755346
-39.763356
-39.774267
-39.788029
-39.804089
-39.821705
-39.84006
-39.858483
-39.876359
-39.893147
-39.908348
-39.921428
-39.931759
-39.938939
-39.942662
-39.943552
-39.942547
-39.940534
-39.938921
-39.938993
-39.941463
-39.94615
-39.951213
-39.95258
-39.941812
-39.910881
-39.844231
-39.772888
-39.637018
-39.643187
-39.307836
-38.009331
80.965315
-39.738048
-39.738004
-39.737091
-39.736202
-39.736295
-39.736302
-39.736504
-39.73797
-39.738079
-39.738152
-39.738221
-39.738277
-39.738329
-39.738384
-39.738442
-39.738503
-39.738593
-39.738726
-39.7389
-39.73905
-39.739139
-39.739284
-39.739335
-39.739249
-39.739632
-39.739508
-39.738873
-39.73794
-39.737834
-39.737868
-39.738644
-39.73857
-39.738734
-39.738577
-39.738708
-39.73885
-39.739015
-39.73921
-39.739218
-39.739704
-39.737817
-39.737364
-39.73808
-39.738548
-39.738973
-39.738946
-39.738883
-39.738729
-39.738567
-39.738368
-39.738737
-39.73969
-39.740665
-39.741423
-39.741951
-39.741735
-39.740507
-39.740893
-39.742457
-39.741587
-39.740971
-39.739495
-39.739341
-39.712094
-39.724319
-39.726548
-39.726882
-39.72939
-39.729516
-39.728349
-39.727985
-39.738103
-39.743593
-39.742721
-39.741476
-39.739343
-39.733124
-39.733207
-39.733634
-39.734556
-39.741705
-39.740947
-39.741653
-39.742378
-39.742781
-39.74316
-39.74395
-39.743052
-39.742884
-39.743107
-39.743231
-39.743972
-39.744371
-39.744772
-39.745248
-39.745782
-39.746402
-39.747127
-39.747944
-39.748733
-39.749435
-39.749983
-39.750153
-39.749947
-39.749599
-39.749422
-39.749929
-39.749719
-39.749675
-39.749015
-39.745632
-39.743075
-39.74359
-39.742728
-39.739658
-39.739512
-39.744844
-39.747888
-39.748767
-39.749228
-39.748314
-39.748136
-39.748165
-39.748528
-39.748942
-39.749279
-39.749561
-39.749975
-39.750681
-39.750576
-39.750758
-39.751051
-39.751247
-39.751492
-39.751731
-39.751879
-39.752018
-39.752183
-39.752444
-39.752718
-39.75286
-39.752929
-39.752998
-39.753085
-39.753198
-39.753328
-39.753465
-39.753604
-39.753745
-39.753887
-39.754031
-39.754177
-39.754325
-39.754476
-39.75463
-39.754789
-39.754951
-39.755119
-39.755293
-39.755474
-39.755665
-39.755867
-39.756085
-39.756325
-39.756595
-39.756902
-39.757238
-39.757526
-39.757499
-39.757218
-39.757017
-39.756987
-39.757087
-39.757254
-39.757449
-39.757651
-39.757851
-39.758046
-39.758237
-39.758424
-39.758608
-39.75879
-39.75897
-39.75915
-39.759329
-39.759508
-39.759686
-39.759865
-39.760044
-39.760224
-39.760403
-39.760583
-39.760764
-39.760945
-39.761126
-39.761308
-39.76149
-39.761673
-39.761856
-39.762038
-39.762221
-39.762404
-39.762587
-39.76277
-39.762953
-39.763136
-39.763318
-39.763501
-39.763683
-39.763866
-39.764047
-39.764229
-39.764411
-39.764592
-39.764774
-39.764955
-39.765136
-39.765317
-39.765499
-39.765681
-39.765864
-39.766047
-39.76623
-39.766414
-39.766598
-39.766783
-39.766967
-39.767152
-39.767336
-39.767519
-39.767702
-39.767885
-39.768067
-39.768248
-39.76843
-39.768613
-39.768796
-39.768982
-39.769169
-39.769358
-39.769549
-39.769742
-39.769937
-39.770132
-39.770327
-39.770521
-39.770713
-39.770902
-39.771089
-39.77127
-39.771447
-39.771618
-39.771784
-39.771945
-39.772102
-39.772257
-39.77241
-39.772567
-39.772729
-39.772899
-39.773078
-39.773266
-39.773462
-39.773664
-39.77387
-39.774079
-39.774293
-39.774509
-39.774722
-39.77493
-39.775131
-39.775322
-39.775499
-39.77566
-39.775807
-39.775944
-39.776074
-39.776202
-39.77634
-39.776496
-39.776676
-39.776882
-39.777079
-39.777164
-39.777174
-39.777219
-39.777382
-39.777654
-39.777971
-39.778289
-39.778595
-39.778883
-39.779151
-39.779398
-39.779622
-39.779817
-39.779976
-39.780095
-39.780182
-39.780247
-39.78029
-39.780301
-39.780258
-39.780185
-39.780123
-39.780082
-39.780092
-39.78016
-39.780279
-39.780446
-39.780654
-39.780901
-39.781194
-39.781542
-39.781952
-39.782408
-39.782889
-39.783369
-39.783828
-39.784235
-39.784559
-39.784792
-39.784928
-39.784962
-39.784901
-39.784756
-39.784538
-39.784271
-39.783978
-39.783684
-39.783408
-39.783159
-39.782944
-39.782768
-39.782635
-39.782548
-39.782514
-39.782536
-39.78262
-39.782776
-39.783017
-39.783351
-39.783787
-39.784336
-39.784993
-39.785767
-39.786677
-39.787677
-39.788705
-39.7897
-39.790579
-39.791253
-39.791644
-39.791694
-39.79139
-39.790771
-39.789916
-39.788922
-39.787888
-39.786912
-39.786057
-39.785349
-39.784787
-39.784365
-39.784071
-39.783886
-39.783793
-39.783776
-39.783825
-39.783933
-39.784096
-39.784318
-39.784607
-39.78497
-39.785412
-39.785939
-39.786557
-39.787265
-39.788063
-39.788947
-39.789904
-39.790914
-39.791937
-39.792918
-39.79378
-39.79443
-39.794747
-39.794609
-39.79389
-39.792495
-39.790403
-39.787929
-39.785611
-39.783708
-39.782291
-39.781401
-39.780972
-39.780869
-39.780965
-39.781172
-39.781433
-39.781726
-39.782049
-39.782402
-39.782791
-39.783202
-39.783623
-39.784047
-39.78447
-39.784896
-39.785324
-39.785734
-39.7861
-39.786387
-39.786557
-39.786566
-39.786353
-39.785845
-39.784965
-39.783628
-39.781733
-39.779192
-39.775985
-39.772316
-39.768786
-39.766177
-39.764723
-39.763987
-39.763531
-39.763098
-39.762538
-39.76178
-39.760803
-39.759602
-39.758181
-39.75657
-39.754824
-39.753017
-39.751233
-39.749565
-39.748096
-39.746917
-39.746151
-39.745964
-39.746589
-39.748356
-39.751696
-39.757109
-39.765057
-39.775802
-39.789268
-39.804987
-39.822252
-39.840285
-39.858403
-39.876033
-39.892605
-39.907682
-39.920723
-39.931107
-39.938346
-39.9423
-39.943398
-39.942402
-39.940443
-39.938955
-39.939319
-39.94242
-39.948329
-39.9557
-39.960897
-39.955009
-39.928906
-39.864136
-39.793469
-39.65349
-39.649884
-39.340393
-36.468308
93.509649
-39.73807
-39.738025
-39.735858
-39.736197
-39.73631
-39.736335
-39.737802
-39.737978
-39.738088
-39.738167
-39.738223
-39.738284
-39.738324
-39.738361
-39.738401
-39.738442
-39.738527
-39.738667
-39.738909
-39.739051
-39.73914
-39.739297
-39.73933
-39.739147
-39.739472
-39.738013
-39.738007
-39.737848
-39.738398
-39.73854
-39.738866
-39.738605
-39.738721
-39.738616
-39.738724
-39.738856
-39.739017
-39.739207
-39.739242
-39.739669
-39.739268
-39.738896
-39.738356
-39.738569
-39.738916
-39.738913
-39.738852
-39.738717
-39.738587
-39.73848
-39.738864
-39.739759
-39.740738
-39.741459
-39.742014
-39.742041
-39.740856
-39.741032
-39.742364
-39.74228
-39.741223
-39.739531
-39.737434
-39.741192
-39.740696
-39.739898
-39.737577
-39.737624
-39.733347
-39.728494
-39.732544
-39.74163
-39.743371
-39.74266
-39.741393
-39.737368
-39.733194
-39.738157
-39.738509
-39.73934
-39.741519
-39.741073
-39.74166
-39.742338
-39.742739
-39.74311
-39.743809
-39.743164
-39.742957
-39.743108
-39.743291
-39.743953
-39.744388
-39.744797
-39.74527
-39.745805
-39.746427
-39.747151
-39.747964
-39.748753
-39.749467
-39.750043
-39.750202
-39.749978
-39.74954
-39.749321
-39.749817
-39.749524
-39.749197
-39.742061
-39.74112
-39.74283
-39.743686
-39.743495
-39.746106
-39.748705
-39.748091
-39.748495
-39.748695
-39.749078
-39.748459
-39.74821
-39.748218
-39.748526
-39.748924
-39.749269
-39.749561
-39.749975
-39.750622
-39.750655
-39.750797
-39.751052
-39.751246
-39.751488
-39.751737
-39.751901
-39.752039
-39.752201
-39.752446
-39.752706
-39.752857
-39.752935
-39.753007
-39.753096
-39.753208
-39.753336
-39.753472
-39.753611
-39.753752
-39.753894
-39.754038
-39.754184
-39.754332
-39.754483
-39.754638
-39.754796
-39.754959
-39.755127
-39.755301
-39.755481
-39.755672
-39.755873
-39.756089
-39.756325
-39.756586
-39.756876
-39.75718
-39.757424
-39.75742
-39.757216
-39.75706
-39.757039
-39.757131
-39.757287
-39.757472
-39.757667
-39.757862
-39.758055
-39.758244
-39.75843
-39.758613
-39.758794
-39.758974
-39.759153
-39.759332
-39.759511
-39.75969
-39.759868
-39.760047
-39.760227
-39.760406
-39.760587
-39.760767
-39.760948
-39.761129
-39.761311
-39.761493
-39.761676
-39.761858
-39.762041
-39.762224
-39.762406
-39.762589
-39.762772
-39.762955
-39.763138
-39.763321
-39.763503
-39.763686
-39.763868
-39.76405
-39.764232
-39.764413
-39.764595
-39.764776
-39.764957
-39.765138
-39.76532
-39.765501
-39.765684
-39.765866
-39.766049
-39.766233
-39.766417
-39.766601
-39.766785
-39.76697
-39.767154
-39.767338
-39.767521
-39.767704
-39.767887
-39.768069
-39.768251
-39.768433
-39.768615
-39.768799
-39.768984
-39.769172
-39.76936
-39.769552
-39.769745
-39.769939
-39.770134
-39.770329
-39.770523
-39.770715
-39.770904
-39.77109
-39.771271
-39.771448
-39.771619
-39.771785
-39.771947
-39.772104
-39.772259
-39.772413
-39.77257
-39.772733
-39.772903
-39.773083
-39.773271
-39.773466
-39.773668
-39.773874
-39.774083
-39.774297
-39.774512
-39.774724
-39.774932
-39.775132
-39.775323
-39.775499
-39.77566
-39.775808
-39.775945
-39.776075
-39.776204
-39.776342
-39.776494
-39.776667
-39.776857
-39.777036
-39.777131
-39.777174
-39.777248
-39.777417
-39.777677
-39.777981
-39.778291
-39.778591
-39.778876
-39.779141
-39.779386
-39.779607
-39.7798
-39.779957
-39.780077
-39.780165
-39.78023
-39.780273
-39.780284
-39.780245
-39.780179
-39.780123
-39.78009
-39.780104
-39.780173
-39.780294
-39.78046
-39.780669
-39.780917
-39.781211
-39.781558
-39.781963
-39.782413
-39.782886
-39.783358
-39.783807
-39.784205
-39.784522
-39.78475
-39.784883
-39.784917
-39.784857
-39.784716
-39.784505
-39.784245
-39.783962
-39.783676
-39.783407
-39.783165
-39.782956
-39.782786
-39.782657
-39.782575
-39.782545
-39.782571
-39.782659
-39.782819
-39.783063
-39.783399
-39.783835
-39.78438
-39.785029
-39.785791
-39.786683
-39.787664
-39.788666
-39.789629
-39.790478
-39.791127
-39.791498
-39.791542
-39.791246
-39.790648
-39.789823
-39.788864
-39.787865
-39.78692
-39.786087
-39.785394
-39.784842
-39.784426
-39.784133
-39.783948
-39.783853
-39.783835
-39.783882
-39.783989
-39.784151
-39.784373
-39.78466
-39.78502
-39.785458
-39.785979
-39.786586
-39.787282
-39.788063
-39.788926
-39.789856
-39.790833
-39.791817
-39.792754
-39.793569
-39.794172
-39.794448
-39.794283
-39.793565
-39.792211
-39.790227
-39.787906
-39.785711
-39.783887
-39.782516
-39.781634
-39.781184
-39.781048
-39.781111
-39.781288
-39.781527
-39.781804
-39.782113
-39.782452
-39.782826
-39.78322
-39.783625
-39.784033
-39.784441
-39.784848
-39.785253
-39.785636
-39.785971
-39.786226
-39.786363
-39.786337
-39.786092
-39.785558
-39.784662
-39.783325
-39.781462
-39.779001
-39.775947
-39.772512
-39.769234
-39.766755
-39.765274
-39.764451
-39.763915
-39.763424
-39.762832
-39.762069
-39.761107
-39.759939
-39.758571
-39.757032
-39.755375
-39.753672
-39.752003
-39.750458
-39.749119
-39.748079
-39.747459
-39.747424
-39.748201
-39.750108
-39.753552
-39.758999
-39.766874
-39.77742
-39.790567
-39.805891
-39.822733
-39.840364
-39.858138
-39.875502
-39.891902
-39.906866
-39.919793
-39.930152
-39.93747
-39.941525
-39.942687
-39.941755
-39.939869
-39.938504
-39.939113
-39.942722
-39.949704
-39.959219
-39.968167
-39.967571
-39.947005
-39.884496
-39.814721
-39.671599
-39.667252
-39.374134
-36.080221
98.94772
-39.738088
-39.738048
-39.735823
-39.736209
-39.736328
-39.736974
-39.737862
-39.737991
-39.738094
-39.738182
-39.738228
-39.738192
-39.738167
-39.738253
-39.738342
-39.738437
-39.738536
-39.738639
-39.738797
-39.73889
-39.738698
-39.738983
-39.738967
-39.738579
-39.738294
-39.73825
-39.738487
-39.739105
-39.738932
-39.73864
-39.738852
-39.738634
-39.738718
-39.73865
-39.738744
-39.738869
-39.739025
-39.739205
-39.739257
-39.73961
-39.739301
-39.738882
-39.738459
-39.738595
-39.738876
-39.738887
-39.738831
-39.738715
-39.738616
-39.738581
-39.73898
-39.739831
-39.740824
-39.741067
-39.741216
-39.741399
-39.740696
-39.740865
-39.742303
-39.742182
-39.74089
-39.737885
-39.736517
-39.742925
-39.742545
-39.74284
-39.742673
-39.743687
-39.743663
-39.742445
-39.74302
-39.743448
-39.743147
-39.742603
-39.741231
-39.735963
-39.737472
-39.741269
-39.740198
-39.739718
-39.741274
-39.741158
-39.741676
-39.742304
-39.742703
-39.743072
-39.74369
-39.743232
-39.743025
-39.743133
-39.743351
-39.743948
-39.744401
-39.74482
-39.745293
-39.745829
-39.746452
-39.747181
-39.747987
-39.748771
-39.749496
-39.750096
-39.750238
-39.750013
-39.749431
-39.748439
-39.747012
-39.746678
-39.746953
-39.746769
-39.745553
-39.745409
-39.745309
-39.746216
-39.747081
-39.748437
-39.748256
-39.748479
-39.748643
-39.748969
-39.748541
-39.748284
-39.748276
-39.748542
-39.748919
-39.749265
-39.749564
-39.749978
-39.750575
-39.750699
-39.750831
-39.751057
-39.751251
-39.751489
-39.75174
-39.751915
-39.752056
-39.752217
-39.75245
-39.752696
-39.752851
-39.752938
-39.753014
-39.753105
-39.753217
-39.753344
-39.753479
-39.753617
-39.753758
-39.7539
-39.754044
-39.75419
-39.754339
-39.75449
-39.754645
-39.754803
-39.754966
-39.755134
-39.755308
-39.755488
-39.755678
-39.755878
-39.756092
-39.756324
-39.756576
-39.75685
-39.757126
-39.75734
-39.757355
-39.75721
-39.757093
-39.757084
-39.757171
-39.757318
-39.757495
-39.757683
-39.757874
-39.758063
-39.758251
-39.758435
-39.758618
-39.758798
-39.758978
-39.759157
-39.759336
-39.759514
-39.759693
-39.759871
-39.76005
-39.76023
-39.760409
-39.76059
-39.76077
-39.760951
-39.761132
-39.761314
-39.761496
-39.761678
-39.761861
-39.762044
-39.762226
-39.762409
-39.762592
-39.762775
-39.762958
-39.763141
-39.763323
-39.763506
-39.763688
-39.76387
-39.764052
-39.764234
-39.764415
-39.764597
-39.764778
-39.764959
-39.76514
-39.765322
-39.765504
-39.765686
-39.765869
-39.766052
-39.766235
-39.766419
-39.766603
-39.766788
-39.766972
-39.767156
-39.76734
-39.767524
-39.767706
-39.767889
-39.768071
-39.768253
-39.768435
-39.768618
-39.768802
-39.768987
-39.769174
-39.769363
-39.769554
-39.769747
-39.769941
-39.770136
-39.770331
-39.770524
-39.770716
-39.770905
-39.77109
-39.771272
-39.771448
-39.771619
-39.771786
-39.771947
-39.772105
-39.77226
-39.772415
-39.772573
-39.772737
-39.772907
-39.773087
-39.773275
-39.77347
-39.773672
-39.773877
-39.774086
-39.774299
-39.774513
-39.774725
-39.774931
-39.775131
-39.77532
-39.775496
-39.775658
-39.775806
-39.775944
-39.776075
-39.776205
-39.776342
-39.776492
-39.776658
-39.776837
-39.777003
-39.777108
-39.777176
-39.777273
-39.777447
-39.777698
-39.77799
-39.778291
-39.778586
-39.778866
-39.779129
-39.77937
-39.779588
-39.779779
-39.779935
-39.780055
-39.780144
-39.780211
-39.780254
-39.780266
-39.780233
-39.780175
-39.780125
-39.7801
-39.78012
-39.780191
-39.780313
-39.780479
-39.780688
-39.780937
-39.781231
-39.781576
-39.781976
-39.782417
-39.782879
-39.783341
-39.783778
-39.784165
-39.784475
-39.784698
-39.784828
-39.784861
-39.784805
-39.784669
-39.784466
-39.784217
-39.783944
-39.783669
-39.783409
-39.783175
-39.782973
-39.782809
-39.782686
-39.782609
-39.782584
-39.782615
-39.782707
-39.782871
-39.783118
-39.783455
-39.78389
-39.784429
-39.785069
-39.785817
-39.786688
-39.787641
-39.788612
-39.78954
-39.790355
-39.790974
-39.791325
-39.791363
-39.791078
-39.790505
-39.789715
-39.788796
-39.787839
-39.786928
-39.786122
-39.785447
-39.784906
-39.784496
-39.784206
-39.784021
-39.783925
-39.783904
-39.783949
-39.784054
-39.784215
-39.784436
-39.784721
-39.785078
-39.78551
-39.786022
-39.786619
-39.787299
-39.788061
-39.7889
-39.7898
-39.79074
-39.791681
-39.79257
-39.793335
-39.793886
-39.794123
-39.793935
-39.793222
-39.791916
-39.790044
-39.787874
-39.785806
-39.784067
-39.782745
-39.781874
-39.781406
-39.781238
-39.781268
-39.781416
-39.781631
-39.78189
-39.782183
-39.782511
-39.782864
-39.783241
-39.783629
-39.78402
-39.78441
-39.784798
-39.785179
-39.785533
-39.785837
-39.78606
-39.786163
-39.786104
-39.785827
-39.785269
-39.784361
-39.783031
-39.781205
-39.77883
-39.77593
-39.772718
-39.76967
-39.767314
-39.76582
-39.764926
-39.764318
-39.763773
-39.763153
-39.762385
-39.761439
-39.760307
-39.758995
-39.757532
-39.755967
-39.754371
-39.75282
-39.751401
-39.750196
-39.7493
-39.748831
-39.748955
-39.749892
-39.751943
-39.755493
-39.760972
-39.768766
-39.779098
-39.791902
-39.806795
-39.823173
-39.840356
-39.857728
-39.874756
-39.890918
-39.905759
-39.918632
-39.928917
-39.936255
-39.940416
-39.941697
-39.94087
-39.939092
-39.937862
-39.938674
-39.942668
-39.95054
-39.961926
-39.974447
-39.979165
-39.96456
-39.905005
-39.836487
-39.690699
-39.690526
-39.408364
-35.834777
98.776679
-39.738086
-39.738044
-39.737105
-39.736625
-39.736929
-39.737964
-39.7379
-39.738006
-39.738106
-39.738196
-39.738266
-39.738294
-39.73833
-39.738388
-39.738458
-39.738549
-39.738648
-39.738759
-39.738892
-39.739058
-39.738494
-39.738206
-39.738326
-39.738375
-39.738732
-39.739039
-39.739065
-39.739258
-39.738951
-39.738696
-39.738847
-39.738663
-39.738728
-39.738684
-39.738766
-39.738882
-39.739031
-39.739201
-39.739266
-39.739553
-39.73928
-39.73888
-39.738543
-39.738625
-39.73885
-39.738868
-39.738819
-39.738722
-39.738653
-39.738677
-39.73908
-39.739903
-39.74088
-39.741572
-39.742262
-39.741716
-39.740862
-39.740605
-39.741995
-39.742149
-39.741021
-39.736813
-39.740135
-39.742755
-39.743543
-39.743819
-39.743316
-39.743852
-39.744217
-39.743863
-39.743678
-39.743423
-39.742958
-39.741718
-39.737052
-39.738762
-39.740836
-39.741455
-39.740427
-39.739935
-39.741123
-39.741218
-39.741694
-39.742277
-39.742673
-39.74304
-39.74359
-39.743272
-39.743087
-39.743174
-39.743412
-39.743956
-39.744416
-39.744843
-39.745316
-39.745854
-39.746481
-39.747208
-39.748007
-39.748782
-39.749514
-39.750084
-39.750133
-39.749897
-39.748134
-39.746837
-39.747228
-39.747896
-39.749439
-39.748253
-39.747729
-39.747979
-39.747539
-39.746959
-39.747063
-39.748252
-39.74833
-39.748469
-39.748606
-39.748884
-39.748589
-39.748352
-39.748337
-39.74857
-39.748923
-39.749265
-39.749571
-39.749983
-39.750537
-39.750721
-39.750858
-39.751065
-39.751258
-39.751492
-39.751742
-39.751925
-39.75207
-39.752232
-39.752454
-39.752686
-39.752843
-39.752938
-39.75302
-39.753113
-39.753225
-39.753351
-39.753485
-39.753623
-39.753764
-39.753906
-39.75405
-39.754196
-39.754345
-39.754497
-39.754651
-39.75481
-39.754973
-39.755141
-39.755314
-39.755495
-39.755683
-39.755882
-39.756094
-39.756321
-39.756565
-39.756824
-39.757078
-39.757269
-39.7573
-39.757203
-39.75712
-39.757122
-39.757207
-39.757347
-39.757516
-39.757699
-39.757886
-39.758072
-39.758258
-39.758441
-39.758623
-39.758803
-39.758982
-39.759161
-39.759339
-39.759518
-39.759696
-39.759875
-39.760054
-39.760233
-39.760412
-39.760593
-39.760773
-39.760954
-39.761135
-39.761317
-39.761499
-39.761681
-39.761864
-39.762046
-39.762229
-39.762412
-39.762594
-39.762777
-39.76296
-39.763143
-39.763325
-39.763508
-39.76369
-39.763872
-39.764054
-39.764236
-39.764417
-39.764599
-39.76478
-39.764961
-39.765142
-39.765324
-39.765506
-39.765688
-39.765871
-39.766054
-39.766237
-39.766421
-39.766605
-39.76679
-39.766974
-39.767158
-39.767342
-39.767525
-39.767708
-39.767891
-39.768073
-39.768255
-39.768437
-39.76862
-39.768804
-39.768989
-39.769176
-39.769365
-39.769556
-39.769749
-39.769943
-39.770137
-39.770331
-39.770524
-39.770716
-39.770904
-39.77109
-39.771271
-39.771447
-39.771619
-39.771785
-39.771947
-39.772105
-39.772261
-39.772417
-39.772576
-39.77274
-39.772911
-39.773091
-39.773279
-39.773474
-39.773675
-39.77388
-39.774089
-39.774301
-39.774513
-39.774724
-39.774929
-39.775128
-39.775316
-39.775491
-39.775653
-39.775802
-39.775941
-39.776073
-39.776204
-39.776341
-39.776489
-39.77665
-39.776821
-39.776979
-39.777092
-39.77718
-39.777294
-39.777472
-39.777716
-39.777998
-39.778291
-39.778579
-39.778855
-39.779113
-39.779352
-39.779567
-39.779755
-39.77991
-39.78003
-39.780121
-39.780189
-39.780233
-39.780246
-39.78022
-39.780171
-39.78013
-39.780114
-39.780139
-39.780213
-39.780336
-39.780503
-39.780711
-39.78096
-39.781252
-39.781595
-39.781987
-39.782419
-39.782869
-39.783318
-39.783743
-39.784118
-39.78442
-39.784637
-39.784764
-39.784798
-39.784746
-39.784617
-39.784424
-39.784187
-39.783926
-39.783662
-39.783413
-39.783188
-39.782994
-39.782837
-39.782721
-39.78265
-39.78263
-39.782666
-39.782763
-39.782931
-39.78318
-39.783517
-39.783949
-39.784481
-39.78511
-39.785843
-39.786689
-39.78761
-39.788545
-39.789435
-39.790213
-39.7908
-39.791132
-39.791164
-39.790892
-39.790347
-39.789596
-39.788722
-39.787809
-39.786936
-39.786159
-39.785504
-39.784976
-39.784574
-39.784287
-39.784102
-39.784004
-39.783982
-39.784024
-39.784127
-39.784286
-39.784505
-39.784788
-39.78514
-39.785565
-39.786068
-39.786652
-39.787316
-39.788057
-39.788869
-39.789737
-39.790637
-39.791534
-39.792372
-39.793085
-39.793586
-39.793784
-39.793575
-39.79287
-39.791618
-39.789858
-39.787836
-39.785894
-39.784241
-39.78297
-39.782114
-39.781632
-39.781435
-39.781432
-39.781551
-39.781743
-39.781982
-39.782258
-39.782568
-39.782906
-39.783265
-39.783634
-39.784007
-39.784378
-39.784745
-39.785099
-39.785427
-39.785701
-39.785891
-39.785961
-39.785869
-39.785564
-39.784985
-39.784069
-39.782751
-39.780967
-39.778681
-39.775933
-39.772931
-39.770091
-39.76785
-39.766356
-39.765404
-39.764733
-39.76414
-39.763494
-39.762724
-39.761796
-39.760702
-39.759447
-39.758061
-39.75659
-39.755101
-39.75367
-39.752379
-39.75131
-39.750559
-39.750245
-39.75053
-39.751629
-39.753825
-39.757479
-39.762986
-39.770695
-39.780802
-39.79325
-39.807691
-39.823574
-39.840271
-39.8572
-39.873848
-39.889719
-39.904355
-39.917152
-39.927482
-39.934801
-39.939044
-39.940471
-39.939815
-39.938238
-39.937215
-39.9382
-39.942407
-39.950806
-39.963661
-39.979387
-39.989527
-39.981328
-39.925131
-39.858447
-39.71033
-39.71509
-39.430181
-35.300793
99.488466
-39.738083
-39.738034
-39.738134
-39.73794
-39.738
-39.737983
-39.737934
-39.738026
-39.738125
-39.738208
-39.738279
-39.738331
-39.738382
-39.738449
-39.738523
-39.738611
-39.738709
-39.738814
-39.738944
-39.739103
-39.739279
-39.73867
-39.738476
-39.739177
-39.739277
-39.739108
-39.739078
-39.739216
-39.738964
-39.738743
-39.738848
-39.738691
-39.73874
-39.738713
-39.738788
-39.738896
-39.739039
-39.739198
-39.73927
-39.739501
-39.739257
-39.738889
-39.738615
-39.738658
-39.738836
-39.738857
-39.738816
-39.738738
-39.738697
-39.738767
-39.739177
-39.739974
-39.740986
-39.741624
-39.742303
-39.742235
-39.741192
-39.74079
-39.741967
-39.742021
-39.739226
-39.736381
-39.741928
-39.742085
-39.744395
-39.74468
-39.743877
-39.744029
-39.744264
-39.743882
-39.743601
-39.743319
-39.742749
-39.739839
-39.736597
-39.73885
-39.741102
-39.741358
-39.740601
-39.74013
-39.741043
-39.741265
-39.741714
-39.742258
-39.742648
-39.743014
-39.743505
-39.743295
-39.743144
-39.743224
-39.743473
-39.743974
-39.744432
-39.744865
-39.74534
-39.745879
-39.746506
-39.747229
-39.74802
-39.748746
-39.749519
-39.749626
-39.747642
-39.747469
-39.747782
-39.748961
-39.748828
-39.748991
-39.749487
-39.748462
-39.74782
-39.747922
-39.747575
-39.747033
-39.747084
-39.748123
-39.748353
-39.748456
-39.748578
-39.748818
-39.748616
-39.748413
-39.748399
-39.748608
-39.748937
-39.749271
-39.749581
-39.749989
-39.750505
-39.750728
-39.750876
-39.751074
-39.751266
-39.751497
-39.751743
-39.75193
-39.75208
-39.752244
-39.752457
-39.752677
-39.752834
-39.752937
-39.753024
-39.753121
-39.753233
-39.753358
-39.753491
-39.753629
-39.753769
-39.753912
-39.754056
-39.754202
-39.754351
-39.754503
-39.754658
-39.754816
-39.754979
-39.755147
-39.75532
-39.7555
-39.755688
-39.755886
-39.756095
-39.756317
-39.756554
-39.756799
-39.757034
-39.75721
-39.757254
-39.757195
-39.757141
-39.757154
-39.757239
-39.757373
-39.757537
-39.757714
-39.757897
-39.758082
-39.758265
-39.758447
-39.758628
-39.758808
-39.758986
-39.759165
-39.759343
-39.759521
-39.7597
-39.759878
-39.760057
-39.760236
-39.760416
-39.760596
-39.760776
-39.760957
-39.761138
-39.761319
-39.761501
-39.761684
-39.761866
-39.762049
-39.762231
-39.762414
-39.762597
-39.762779
-39.762962
-39.763145
-39.763327
-39.76351
-39.763692
-39.763874
-39.764056
-39.764237
-39.764419
-39.7646
-39.764782
-39.764963
-39.765144
-39.765326
-39.765508
-39.76569
-39.765873
-39.766056
-39.766239
-39.766423
-39.766607
-39.766791
-39.766976
-39.76716
-39.767343
-39.767527
-39.767709
-39.767892
-39.768074
-39.768256
-39.768438
-39.768621
-39.768805
-39.768991
-39.769178
-39.769367
-39.769558
-39.76975
-39.769944
-39.770138
-39.770332
-39.770524
-39.770715
-39.770903
-39.771088
-39.771269
-39.771445
-39.771617
-39.771784
-39.771946
-39.772105
-39.772262
-39.772419
-39.772579
-39.772744
-39.772915
-39.773095
-39.773282
-39.773477
-39.773677
-39.773882
-39.77409
-39.774301
-39.774512
-39.774721
-39.774925
-39.775123
-39.77531
-39.775485
-39.775647
-39.775796
-39.775936
-39.77607
-39.776202
-39.77634
-39.776486
-39.776644
-39.776808
-39.776962
-39.777082
-39.777186
-39.777313
-39.777494
-39.777732
-39.778004
-39.778289
-39.778571
-39.778841
-39.779096
-39.779331
-39.779543
-39.779728
-39.779882
-39.780003
-39.780096
-39.780166
-39.780211
-39.780227
-39.780208
-39.780169
-39.780138
-39.780129
-39.78016
-39.780238
-39.780362
-39.780529
-39.780736
-39.780984
-39.781275
-39.781613
-39.781998
-39.782418
-39.782856
-39.783291
-39.783702
-39.784065
-39.784357
-39.784569
-39.784693
-39.784729
-39.784682
-39.784561
-39.784379
-39.784154
-39.783907
-39.783656
-39.783418
-39.783203
-39.783019
-39.78287
-39.782761
-39.782697
-39.782683
-39.782723
-39.782825
-39.782997
-39.783247
-39.783583
-39.784011
-39.784535
-39.785152
-39.785866
-39.786685
-39.787572
-39.788468
-39.789317
-39.790057
-39.790612
-39.790923
-39.790952
-39.790694
-39.79018
-39.78947
-39.788642
-39.787775
-39.786943
-39.786196
-39.785563
-39.78505
-39.784656
-39.784373
-39.784189
-39.78409
-39.784065
-39.784106
-39.784205
-39.784363
-39.784579
-39.784858
-39.785205
-39.785623
-39.786116
-39.786685
-39.787331
-39.78805
-39.788834
-39.789668
-39.790527
-39.791377
-39.792165
-39.792826
-39.793279
-39.793438
-39.793211
-39.792519
-39.791324
-39.789675
-39.787793
-39.785973
-39.784407
-39.783188
-39.782349
-39.781856
-39.781634
-39.781601
-39.781692
-39.781859
-39.782078
-39.782336
-39.782629
-39.782949
-39.783289
-39.78364
-39.783994
-39.784346
-39.784691
-39.785021
-39.78532
-39.785564
-39.785722
-39.785761
-39.785638
-39.785307
-39.78471
-39.783789
-39.782486
-39.780749
-39.778554
-39.775953
-39.773145
-39.770493
-39.768361
-39.766875
-39.76588
-39.765155
-39.764522
-39.763854
-39.763083
-39.762174
-39.761118
-39.759922
-39.758612
-39.757235
-39.755854
-39.754541
-39.753377
-39.752444
-39.751839
-39.75168
-39.752125
-39.753384
-39.75572
-39.759474
-39.765004
-39.772623
-39.782503
-39.79459
-39.80857
-39.82394
-39.840124
-39.856573
-39.872798
-39.888326
-39.902701
-39.915331
-39.925613
-39.933014
-39.937392
-39.939006
-39.938567
-39.9372
-39.936367
-39.93752
-39.941893
-39.950681
-39.96453
-39.983027
-39.998298
-39.996971
-39.944592
-39.88047
-39.730143
-39.740058
-39.450359
-34.573562
101.821
-39.738081
-39.738032
-39.738116
-39.737967
-39.738017
-39.738002
-39.737965
-39.738048
-39.73814
-39.738221
-39.738291
-39.738345
-39.738398
-39.738463
-39.738536
-39.738622
-39.738719
-39.738823
-39.738955
-39.739101
-39.73927
-39.739236
-39.739171
-39.739468
-39.739274
-39.739129
-39.739089
-39.739185
-39.738974
-39.738783
-39.738854
-39.738718
-39.738757
-39.738741
-39.73881
-39.738913
-39.739047
-39.739195
-39.739268
-39.739454
-39.739236
-39.738903
-39.738678
-39.738693
-39.738833
-39.738854
-39.738821
-39.738761
-39.738747
-39.738854
-39.739272
-39.739991
-39.741075
-39.741679
-39.742295
-39.742331
-39.741643
-39.741513
-39.741898
-39.742032
-39.738725
-39.737408
-39.74091
-39.741782
-39.745147
-39.745393
-39.744337
-39.74418
-39.744322
-39.743886
-39.743514
-39.743247
-39.742501
-39.738271
-39.736475
-39.740234
-39.741328
-39.74132
-39.740741
-39.740307
-39.741015
-39.741307
-39.741737
-39.742245
-39.742629
-39.742993
-39.743436
-39.743308
-39.743197
-39.74328
-39.743534
-39.743999
-39.744451
-39.744889
-39.745364
-39.745904
-39.746529
-39.747247
-39.748026
-39.748734
-39.749231
-39.749997
-39.75005
-39.749854
-39.749913
-39.749582
-39.749012
-39.749024
-39.749378
-39.748531
-39.747905
-39.747895
-39.747599
-39.747104
-39.747134
-39.748039
-39.748347
-39.748442
-39.748558
-39.748767
-39.748632
-39.748468
-39.748461
-39.748651
-39.748958
-39.749282
-39.749595
-39.749997
-39.750478
-39.750725
-39.750889
-39.751081
-39.751273
-39.751501
-39.751741
-39.751932
-39.752087
-39.752253
-39.752459
-39.752668
-39.752825
-39.752934
-39.753027
-39.753126
-39.753239
-39.753364
-39.753497
-39.753635
-39.753775
-39.753917
-39.754061
-39.754207
-39.754356
-39.754508
-39.754664
-39.754822
-39.754985
-39.755153
-39.755326
-39.755505
-39.755692
-39.755888
-39.756095
-39.756313
-39.756542
-39.756775
-39.756995
-39.757159
-39.757216
-39.757187
-39.757158
-39.757182
-39.757267
-39.757398
-39.757557
-39.75773
-39.757909
-39.758091
-39.758273
-39.758454
-39.758633
-39.758813
-39.758991
-39.759169
-39.759347
-39.759525
-39.759703
-39.759882
-39.76006
-39.760239
-39.760419
-39.760599
-39.760779
-39.76096
-39.761141
-39.761322
-39.761504
-39.761686
-39.761869
-39.762051
-39.762234
-39.762416
-39.762599
-39.762782
-39.762964
-39.763147
-39.763329
-39.763511
-39.763694
-39.763876
-39.764057
-39.764239
-39.76442
-39.764602
-39.764783
-39.764964
-39.765146
-39.765327
-39.765509
-39.765692
-39.765874
-39.766057
-39.766241
-39.766424
-39.766609
-39.766793
-39.766977
-39.767161
-39.767344
-39.767528
-39.76771
-39.767893
-39.768075
-39.768257
-39.76844
-39.768623
-39.768807
-39.768992
-39.769179
-39.769368
-39.769559
-39.769751
-39.769944
-39.770138
-39.770331
-39.770523
-39.770714
-39.770901
-39.771086
-39.771267
-39.771443
-39.771615
-39.771782
-39.771945
-39.772104
-39.772262
-39.77242
-39.772581
-39.772747
-39.772919
-39.773099
-39.773286
-39.77348
-39.773679
-39.773883
-39.77409
-39.7743
-39.77451
-39.774717
-39.77492
-39.775116
-39.775302
-39.775477
-39.775639
-39.775789
-39.775931
-39.776066
-39.7762
-39.776338
-39.776484
-39.776639
-39.776798
-39.776949
-39.777075
-39.777192
-39.777329
-39.777513
-39.777745
-39.77801
-39.778286
-39.778562
-39.778827
-39.779077
-39.779308
-39.779517
-39.7797
-39.779853
-39.779975
-39.780069
-39.780141
-39.780189
-39.780208
-39.780196
-39.780168
-39.780146
-39.780147
-39.780184
-39.780265
-39.78039
-39.780557
-39.780764
-39.78101
-39.781298
-39.781631
-39.782007
-39.782415
-39.78284
-39.78326
-39.783657
-39.784007
-39.78429
-39.784496
-39.784618
-39.784656
-39.784615
-39.784503
-39.784332
-39.784121
-39.783888
-39.783651
-39.783425
-39.783221
-39.783046
-39.782906
-39.782805
-39.782748
-39.78274
-39.782786
-39.782892
-39.783066
-39.783317
-39.783651
-39.784074
-39.784589
-39.785191
-39.785887
-39.786677
-39.787527
-39.788383
-39.789191
-39.789891
-39.790414
-39.790706
-39.790732
-39.79049
-39.790007
-39.789339
-39.788558
-39.787738
-39.786947
-39.786233
-39.785622
-39.785125
-39.784741
-39.784462
-39.784279
-39.784179
-39.784152
-39.784191
-39.784288
-39.784442
-39.784655
-39.78493
-39.785271
-39.785681
-39.786163
-39.786718
-39.787345
-39.78804
-39.788795
-39.789593
-39.790412
-39.791214
-39.791952
-39.792563
-39.792969
-39.793093
-39.792851
-39.792176
-39.791038
-39.789495
-39.787746
-39.786043
-39.784562
-39.783395
-39.782575
-39.782075
-39.781831
-39.781771
-39.781834
-39.781978
-39.782176
-39.782417
-39.782691
-39.782993
-39.783315
-39.783647
-39.783982
-39.784314
-39.784637
-39.784942
-39.785214
-39.785428
-39.785555
-39.785564
-39.785413
-39.785058
-39.784446
-39.783524
-39.782241
-39.780553
-39.778449
-39.775988
-39.773359
-39.770876
-39.768845
-39.767376
-39.76635
-39.765584
-39.764912
-39.764226
-39.763456
-39.762568
-39.761552
-39.760414
-39.75918
-39.757895
-39.75662
-39.755424
-39.754386
-39.753587
-39.753125
-39.753118
-39.753719
-39.755131
-39.757603
-39.76145
-39.766996
-39.774521
-39.784175
-39.795903
-39.809422
-39.824274
-39.839928
-39.855871
-39.871635
-39.886769
-39.900828
-39.913232
-39.923397
-39.930812
-39.935322
-39.937148
-39.936982
-39.935914
-39.935345
-39.93668
-39.941131
-39.950034
-39.964518
-39.985322
-40.005345
-40.011057
-39.963004
-39.902245
-39.750187
-39.764704
-39.478989
-33.864849
104.34644
-39.738081
-39.738035
-39.738103
-39.73799
-39.738034
-39.738022
-39.737994
-39.738066
-39.738151
-39.738236
-39.738302
-39.738358
-39.738412
-39.738476
-39.738549
-39.738633
-39.738728
-39.73883
-39.738962
-39.739099
-39.739262
-39.739275
-39.739181
-39.739428
-39.739265
-39.739145
-39.739099
-39.739162
-39.738984
-39.738817
-39.738865
-39.738745
-39.738777
-39.738769
-39.738834
-39.73893
-39.739057
-39.739193
-39.739264
-39.739412
-39.739218
-39.738921
-39.738735
-39.738729
-39.738838
-39.738858
-39.738834
-39.738791
-39.738801
-39.738938
-39.739357
-39.739788
-39.74115
-39.741765
-39.742298
-39.742416
-39.7419
-39.741745
-39.741805
-39.739964
-39.738015
-39.740193
-39.740724
-39.733699
-39.74239
-39.745666
-39.744683
-39.744329
-39.744268
-39.743792
-39.743462
-39.743235
-39.742302
-39.735982
-39.736445
-39.74153
-39.741457
-39.741319
-39.740857
-39.740469
-39.741026
-39.741349
-39.741763
-39.74224
-39.742617
-39.742976
-39.743378
-39.743316
-39.743247
-39.743339
-39.743594
-39.74403
-39.744474
-39.744913
-39.74539
-39.745929
-39.746551
-39.74726
-39.748024
-39.748769
-39.749499
-39.750111
-39.750231
-39.750106
-39.749909
-39.749565
-39.749094
-39.749056
-39.749288
-39.748571
-39.74798
-39.747889
-39.747622
-39.747178
-39.747203
-39.747987
-39.748326
-39.748427
-39.748545
-39.748728
-39.748643
-39.748517
-39.748521
-39.748698
-39.748985
-39.749298
-39.749611
-39.750005
-39.750455
-39.750717
-39.750895
-39.751087
-39.75128
-39.751505
-39.751739
-39.751931
-39.752092
-39.75226
-39.752459
-39.752659
-39.752815
-39.752929
-39.753028
-39.753131
-39.753245
-39.75337
-39.753503
-39.75364
-39.75378
-39.753922
-39.754066
-39.754213
-39.754362
-39.754514
-39.754669
-39.754828
-39.754991
-39.755158
-39.755331
-39.75551
-39.755696
-39.755891
-39.756094
-39.756308
-39.75653
-39.756753
-39.75696
-39.757116
-39.757183
-39.757179
-39.757172
-39.757207
-39.757293
-39.757421
-39.757575
-39.757745
-39.757921
-39.7581
-39.75828
-39.75846
-39.758639
-39.758818
-39.758996
-39.759174
-39.759351
-39.759529
-39.759707
-39.759885
-39.760064
-39.760243
-39.760422
-39.760602
-39.760782
-39.760963
-39.761144
-39.761325
-39.761507
-39.761689
-39.761871
-39.762053
-39.762236
-39.762418
-39.762601
-39.762784
-39.762966
-39.763148
-39.763331
-39.763513
-39.763695
-39.763877
-39.764059
-39.76424
-39.764422
-39.764603
-39.764784
-39.764966
-39.765147
-39.765329
-39.765511
-39.765693
-39.765876
-39.766059
-39.766242
-39.766426
-39.76661
-39.766794
-39.766978
-39.767162
-39.767345
-39.767528
-39.767711
-39.767894
-39.768076
-39.768258
-39.768441
-39.768624
-39.768808
-39.768994
-39.769181
-39.769369
-39.76956
-39.769752
-39.769944
-39.770138
-39.77033
-39.770522
-39.770712
-39.770899
-39.771083
-39.771264
-39.77144
-39.771612
-39.771779
-39.771943
-39.772103
-39.772262
-39.772421
-39.772583
-39.77275
-39.772922
-39.773102
-39.773289
-39.773482
-39.773681
-39.773884
-39.77409
-39.774298
-39.774506
-39.774712
-39.774913
-39.775108
-39.775293
-39.775468
-39.77563
-39.775781
-39.775924
-39.776061
-39.776197
-39.776335
-39.776481
-39.776634
-39.77679
-39.77694
-39.777072
-39.777198
-39.777344
-39.777529
-39.777757
-39.778014
-39.778283
-39.778551
-39.778811
-39.779056
-39.779283
-39.779489
-39.77967
-39.779822
-39.779945
-39.780042
-39.780116
-39.780166
-39.78019
-39.780186
-39.780168
-39.780156
-39.780165
-39.780208
-39.780293
-39.780419
-39.780586
-39.780792
-39.781036
-39.781321
-39.781648
-39.782014
-39.78241
-39.78282
-39.783226
-39.783608
-39.783946
-39.784219
-39.78442
-39.78454
-39.784581
-39.784545
-39.784443
-39.784285
-39.784088
-39.783869
-39.783646
-39.783433
-39.783241
-39.783076
-39.782945
-39.782852
-39.782802
-39.7828
-39.782851
-39.782961
-39.783138
-39.783389
-39.783721
-39.784137
-39.784641
-39.785229
-39.785904
-39.786664
-39.787477
-39.788292
-39.789058
-39.789719
-39.790212
-39.790486
-39.79051
-39.790283
-39.789831
-39.789206
-39.788472
-39.787699
-39.786948
-39.786267
-39.785681
-39.7852
-39.784826
-39.784552
-39.784371
-39.78427
-39.784242
-39.784277
-39.784372
-39.784524
-39.784733
-39.785004
-39.785338
-39.785739
-39.786209
-39.786749
-39.787356
-39.788027
-39.788752
-39.789515
-39.790292
-39.791049
-39.791737
-39.792299
-39.792661
-39.792754
-39.7925
-39.791843
-39.790764
-39.789322
-39.787696
-39.786104
-39.784705
-39.78359
-39.78279
-39.782286
-39.782023
-39.781939
-39.781977
-39.782098
-39.782276
-39.782498
-39.782754
-39.783038
-39.783341
-39.783654
-39.78397
-39.784282
-39.784583
-39.784864
-39.785109
-39.785294
-39.785393
-39.785373
-39.785196
-39.78482
-39.784197
-39.783277
-39.782016
-39.780379
-39.778364
-39.776036
-39.77357
-39.771241
-39.769304
-39.767857
-39.76681
-39.76601
-39.765309
-39.764608
-39.763842
-39.762976
-39.761999
-39.760919
-39.75976
-39.758565
-39.757393
-39.756311
-39.755396
-39.754729
-39.754407
-39.754546
-39.755298
-39.756855
-39.759454
-39.763384
-39.76894
-39.776368
-39.785798
-39.797176
-39.810241
-39.824577
-39.839695
-39.855115
-39.870392
-39.885093
-39.89878
-39.910905
-39.920907
-39.928303
-39.932937
-39.934996
-39.935153
-39.934442
-39.934191
-39.935741
-39.940233
-39.949102
-39.963842
-39.986165
-40.010667
-40.023424
-39.979851
-39.923471
-39.770206
-39.78959
-39.50914
-33.37121
105.47354
-39.738082
-39.738044
-39.737987
-39.73801
-39.738051
-39.738041
-39.73802
-39.738083
-39.738161
-39.738251
-39.738316
-39.738371
-39.738426
-39.73849
-39.738562
-39.738645
-39.73874
-39.73884
-39.738969
-39.739097
-39.739251
-39.739273
-39.739186
-39.739395
-39.739254
-39.739157
-39.739107
-39.739146
-39.738993
-39.738848
-39.738878
-39.738772
-39.738799
-39.738797
-39.738858
-39.738948
-39.739066
-39.739191
-39.739259
-39.739376
-39.739203
-39.738942
-39.738786
-39.738766
-39.738851
-39.738869
-39.738853
-39.738828
-39.738859
-39.739019
-39.739429
-39.739995
-39.740144
-39.741315
-39.741671
-39.74245
-39.741979
-39.742163
-39.74089
-39.738504
-39.739167
-39.740136
-39.734473
-39.730755
-39.727101
-39.744763
-39.74488
-39.744274
-39.743987
-39.743368
-39.743149
-39.743288
-39.740703
-39.735563
-39.737713
-39.741987
-39.74154
-39.741345
-39.740958
-39.74062
-39.741064
-39.741394
-39.741792
-39.742242
-39.74261
-39.742964
-39.743333
-39.743323
-39.743295
-39.743399
-39.743655
-39.744066
-39.7445
-39.74494
-39.745415
-39.745954
-39.74657
-39.747269
-39.748016
-39.748742
-39.749454
-39.750049
-39.750178
-39.750069
-39.749836
-39.749545
-39.749147
-39.74908
-39.749211
-39.748593
-39.748045
-39.747898
-39.747648
-39.747255
-39.747282
-39.74796
-39.748301
-39.748413
-39.748535
-39.748699
-39.748651
-39.748562
-39.748579
-39.748746
-39.749016
-39.749319
-39.74963
-39.750013
-39.750436
-39.750706
-39.750898
-39.751091
-39.751286
-39.751507
-39.751736
-39.751928
-39.752093
-39.752264
-39.752457
-39.752649
-39.752805
-39.752924
-39.753028
-39.753134
-39.75325
-39.753375
-39.753507
-39.753644
-39.753784
-39.753926
-39.754071
-39.754218
-39.754367
-39.754519
-39.754675
-39.754834
-39.754996
-39.755164
-39.755336
-39.755514
-39.755699
-39.755892
-39.756093
-39.756302
-39.756518
-39.756732
-39.756929
-39.757079
-39.757154
-39.757171
-39.757183
-39.757228
-39.757317
-39.757442
-39.757593
-39.757759
-39.757933
-39.75811
-39.758288
-39.758467
-39.758645
-39.758823
-39.759001
-39.759178
-39.759356
-39.759533
-39.759711
-39.759889
-39.760067
-39.760246
-39.760425
-39.760605
-39.760785
-39.760966
-39.761147
-39.761328
-39.761509
-39.761691
-39.761873
-39.762056
-39.762238
-39.762421
-39.762603
-39.762785
-39.762968
-39.76315
-39.763332
-39.763515
-39.763697
-39.763878
-39.76406
-39.764242
-39.764423
-39.764604
-39.764786
-39.764967
-39.765149
-39.76533
-39.765512
-39.765695
-39.765877
-39.76606
-39.766243
-39.766427
-39.766611
-39.766795
-39.766979
-39.767162
-39.767346
-39.767529
-39.767712
-39.767894
-39.768077
-39.768259
-39.768442
-39.768625
-39.768809
-39.768995
-39.769182
-39.76937
-39.76956
-39.769752
-39.769944
-39.770137
-39.770329
-39.77052
-39.770709
-39.770896
-39.77108
-39.77126
-39.771436
-39.771608
-39.771776
-39.771941
-39.772102
-39.772262
-39.772422
-39.772585
-39.772753
-39.772926
-39.773105
-39.773292
-39.773484
-39.773682
-39.773884
-39.774089
-39.774295
-39.774502
-39.774706
-39.774906
-39.7751
-39.775284
-39.775458
-39.77562
-39.775773
-39.775917
-39.776056
-39.776193
-39.776333
-39.776478
-39.77663
-39.776784
-39.776933
-39.77707
-39.777204
-39.777357
-39.777543
-39.777767
-39.778016
-39.778278
-39.77854
-39.778794
-39.779035
-39.779258
-39.779461
-39.77964
-39.779791
-39.779915
-39.780014
-39.78009
-39.780144
-39.780172
-39.780176
-39.780168
-39.780166
-39.780183
-39.780233
-39.780321
-39.780449
-39.780615
-39.78082
-39.781062
-39.781343
-39.781663
-39.78202
-39.782403
-39.782799
-39.78319
-39.783558
-39.783883
-39.784147
-39.784342
-39.784461
-39.784504
-39.784475
-39.784382
-39.784237
-39.784054
-39.78385
-39.783641
-39.783441
-39.783261
-39.783107
-39.782985
-39.7829
-39.782857
-39.782861
-39.782918
-39.783032
-39.783211
-39.783461
-39.78379
-39.784199
-39.784691
-39.785264
-39.785917
-39.786648
-39.787423
-39.788198
-39.788923
-39.789546
-39.790009
-39.790266
-39.79029
-39.790079
-39.789657
-39.789072
-39.788384
-39.787657
-39.786947
-39.786299
-39.785737
-39.785273
-39.784909
-39.784642
-39.784463
-39.784362
-39.784332
-39.784365
-39.784457
-39.784605
-39.784811
-39.785076
-39.785404
-39.785796
-39.786253
-39.786777
-39.787365
-39.788011
-39.788706
-39.789434
-39.790171
-39.790882
-39.791523
-39.792036
-39.79236
-39.792424
-39.792162
-39.791526
-39.790503
-39.789157
-39.787644
-39.786155
-39.784836
-39.783771
-39.782993
-39.782488
-39.782209
-39.782103
-39.782118
-39.782217
-39.782375
-39.782579
-39.782817
-39.783083
-39.783367
-39.783662
-39.783959
-39.784251
-39.784531
-39.784788
-39.785006
-39.785164
-39.785235
-39.785189
-39.784989
-39.784594
-39.783962
-39.783047
-39.781811
-39.780226
-39.778298
-39.776095
-39.773778
-39.771587
-39.769739
-39.768319
-39.767259
-39.766432
-39.765708
-39.764997
-39.764237
-39.763394
-39.762457
-39.761433
-39.760348
-39.759241
-39.758169
-39.757198
-39.756403
-39.755863
-39.755675
-39.755956
-39.75685
-39.758543
-39.761259
-39.765262
-39.770819
-39.778147
-39.787359
-39.798396
-39.811021
-39.824852
-39.839438
-39.85433
-39.869102
-39.88334
-39.896617
-39.90842
-39.918216
-39.925562
-39.9303
-39.932613
-39.933122
-39.932811
-39.93292
-39.934722
-39.93925
-39.948013
-39.962744
-39.986272
-40.014362
-40.033943
-39.995139
-39.943949
-39.789822
-39.81545
-39.54809
-32.801895
105.68602
-39.738084
-39.738051
-39.737939
-39.738028
-39.738068
-39.738061
-39.738044
-39.73801
-39.73817
-39.738264
-39.738328
-39.738384
-39.738439
-39.738503
-39.738574
-39.738656
-39.738749
-39.738848
-39.738976
-39.739097
-39.739238
-39.739265
-39.739192
-39.739365
-39.739244
-39.739165
-39.739115
-39.739133
-39.739003
-39.738876
-39.738892
-39.738799
-39.738823
-39.738824
-39.738882
-39.738967
-39.739077
-39.73919
-39.739255
-39.739344
-39.739193
-39.738965
-39.738833
-39.738804
-39.73887
-39.738887
-39.738878
-39.738869
-39.738921
-39.739099
-39.739504
-39.74017
-39.739412
-39.73359
-39.735517
-39.740822
-39.742055
-39.741762
-39.738324
-39.738358
-39.740537
-39.739971
-39.728925
-39.730478
-39.733972
-39.74468
-39.744886
-39.743946
-39.743996
-39.743313
-39.743109
-39.743396
-39.737781
-39.735425
-39.739741
-39.742304
-39.741612
-39.741386
-39.741052
-39.740761
-39.741122
-39.741444
-39.741827
-39.742251
-39.74261
-39.742957
-39.743298
-39.74333
-39.74334
-39.743458
-39.743714
-39.744105
-39.744529
-39.744967
-39.745442
-39.745977
-39.746586
-39.747272
-39.748
-39.748705
-39.749397
-39.749966
-39.750105
-39.750014
-39.749771
-39.749522
-39.749178
-39.749093
-39.749145
-39.748603
-39.7481
-39.747916
-39.747678
-39.747334
-39.747367
-39.747951
-39.748278
-39.748402
-39.748529
-39.748678
-39.74866
-39.748603
-39.748634
-39.748795
-39.749051
-39.749342
-39.74965
-39.750022
-39.75042
-39.750694
-39.750897
-39.751093
-39.751289
-39.751508
-39.751731
-39.751924
-39.752093
-39.752265
-39.752454
-39.75264
-39.752795
-39.752918
-39.753027
-39.753136
-39.753254
-39.753379
-39.753512
-39.753648
-39.753788
-39.753931
-39.754075
-39.754222
-39.754372
-39.754524
-39.75468
-39.754839
-39.755002
-39.755169
-39.755341
-39.755519
-39.755702
-39.755893
-39.756092
-39.756297
-39.756506
-39.756713
-39.756901
-39.757047
-39.75713
-39.757164
-39.757192
-39.757246
-39.757338
-39.757462
-39.757611
-39.757773
-39.757944
-39.758119
-39.758296
-39.758474
-39.758651
-39.758828
-39.759006
-39.759183
-39.75936
-39.759537
-39.759715
-39.759893
-39.760071
-39.76025
-39.760429
-39.760608
-39.760788
-39.760969
-39.76115
-39.761331
-39.761512
-39.761694
-39.761876
-39.762058
-39.76224
-39.762423
-39.762605
-39.762787
-39.76297
-39.763152
-39.763334
-39.763516
-39.763698
-39.76388
-39.764061
-39.764243
-39.764424
-39.764605
-39.764787
-39.764968
-39.76515
-39.765331
-39.765513
-39.765696
-39.765878
-39.766061
-39.766244
-39.766428
-39.766612
-39.766795
-39.766979
-39.767163
-39.767346
-39.767529
-39.767712
-39.767895
-39.768077
-39.76826
-39.768442
-39.768626
-39.76881
-39.768996
-39.769182
-39.769371
-39.76956
-39.769752
-39.769944
-39.770136
-39.770327
-39.770518
-39.770706
-39.770893
-39.771076
-39.771256
-39.771432
-39.771605
-39.771773
-39.771938
-39.7721
-39.772261
-39.772423
-39.772587
-39.772755
-39.772929
-39.773108
-39.773294
-39.773486
-39.773683
-39.773884
-39.774087
-39.774292
-39.774497
-39.7747
-39.774898
-39.77509
-39.775274
-39.775447
-39.77561
-39.775764
-39.775909
-39.77605
-39.776189
-39.77633
-39.776476
-39.776627
-39.77678
-39.776929
-39.77707
-39.777211
-39.777368
-39.777555
-39.777775
-39.778018
-39.778273
-39.778529
-39.778778
-39.779014
-39.779233
-39.779433
-39.779609
-39.77976
-39.779885
-39.779986
-39.780065
-39.780122
-39.780155
-39.780167
-39.780169
-39.780176
-39.780202
-39.780257
-39.780349
-39.780478
-39.780645
-39.780848
-39.781087
-39.781364
-39.781677
-39.782023
-39.782394
-39.782777
-39.783153
-39.783507
-39.783819
-39.784075
-39.784265
-39.784383
-39.784428
-39.784406
-39.784322
-39.784189
-39.78402
-39.783831
-39.783637
-39.78345
-39.783282
-39.783138
-39.783025
-39.782949
-39.782913
-39.782923
-39.782985
-39.783102
-39.783283
-39.783533
-39.783857
-39.784259
-39.784739
-39.785295
-39.785927
-39.786627
-39.787366
-39.788101
-39.788788
-39.789374
-39.789809
-39.79005
-39.790073
-39.789878
-39.789486
-39.78894
-39.788297
-39.787613
-39.786943
-39.786327
-39.785789
-39.785343
-39.784991
-39.78473
-39.784553
-39.784453
-39.784421
-39.784452
-39.784541
-39.784686
-39.784888
-39.785148
-39.785468
-39.78585
-39.786295
-39.786803
-39.78737
-39.787992
-39.788658
-39.789351
-39.790048
-39.790716
-39.791312
-39.791782
-39.792068
-39.792107
-39.791839
-39.791224
-39.790257
-39.789
-39.787591
-39.786199
-39.784954
-39.783938
-39.783183
-39.782679
-39.782388
-39.782262
-39.782256
-39.782334
-39.782473
-39.782659
-39.782879
-39.783127
-39.783394
-39.78367
-39.783948
-39.78422
-39.784479
-39.784713
-39.784907
-39.785039
-39.785084
-39.785013
-39.784792
-39.784382
-39.783743
-39.782836
-39.781626
-39.780093
-39.778249
-39.776163
-39.773982
-39.771916
-39.770151
-39.768761
-39.767696
-39.76685
-39.766109
-39.765392
-39.764639
-39.763819
-39.762922
-39.761955
-39.760941
-39.759919
-39.758945
-39.758081
-39.757401
-39.756984
-39.756926
-39.75734
-39.758369
-39.760188
-39.763009
-39.767074
-39.772624
-39.779851
-39.788849
-39.799558
-39.811759
-39.8251
-39.839166
-39.853532
-39.867794
-39.881554
-39.894399
-39.905848
-39.915409
-39.922676
-39.927502
-39.930064
-39.93094
-39.931048
-39.931541
-39.9336
-39.938237
-39.946851
-39.961391
-39.985697
-40.01673
-40.042564
-40.008282
-39.963116
-39.808706
-39.840464
-39.60359
-31.770122
106.38763
-39.738089
-39.738052
-39.737931
-39.738022
-39.738086
-39.738081
-39.738019
-39.737885
-39.738174
-39.738278
-39.738341
-39.738396
-39.738452
-39.738514
-39.738585
-39.738666
-39.738757
-39.738855
-39.738978
-39.739093
-39.739224
-39.739254
-39.739196
-39.739338
-39.739236
-39.73917
-39.739122
-39.739124
-39.739013
-39.738903
-39.738907
-39.738827
-39.738847
-39.738851
-39.738907
-39.738986
-39.739088
-39.73919
-39.739252
-39.739317
-39.739186
-39.738989
-39.738878
-39.738843
-39.738894
-39.73891
-39.738909
-39.738914
-39.738984
-39.739179
-39.739506
-39.740241
-39.741433
-39.731795
-39.734997
-39.740241
-39.740076
-39.732214
-39.732977
-39.7401
-39.741738
-39.740164
-39.728592
-39.730444
-39.742823
-39.745512
-39.744866
-39.744267
-39.74398
-39.743586
-39.743018
-39.743166
-39.734013
-39.735564
-39.741974
-39.742353
-39.741677
-39.741439
-39.741143
-39.740895
-39.741192
-39.7415
-39.741865
-39.742266
-39.742615
-39.742954
-39.743273
-39.74334
-39.743384
-39.743516
-39.743772
-39.744147
-39.744561
-39.744996
-39.745468
-39.745999
-39.746599
-39.74727
-39.747976
-39.74866
-39.749327
-39.749868
-39.750015
-39.749944
-39.74971
-39.749494
-39.749193
-39.749095
-39.749086
-39.748603
-39.748146
-39.747941
-39.747713
-39.747414
-39.747453
-39.747955
-39.74826
-39.748394
-39.748527
-39.748664
-39.748669
-39.748642
-39.748687
-39.748843
-39.749087
-39.749368
-39.749672
-39.750031
-39.750407
-39.750682
-39.750893
-39.751093
-39.751292
-39.751508
-39.751726
-39.751919
-39.752091
-39.752264
-39.752449
-39.75263
-39.752784
-39.752911
-39.753025
-39.753138
-39.753257
-39.753383
-39.753515
-39.753652
-39.753792
-39.753935
-39.75408
-39.754227
-39.754376
-39.754529
-39.754685
-39.754844
-39.755007
-39.755174
-39.755345
-39.755522
-39.755705
-39.755894
-39.75609
-39.756291
-39.756495
-39.756695
-39.756876
-39.757019
-39.757109
-39.757158
-39.757199
-39.757262
-39.757357
-39.757481
-39.757627
-39.757787
-39.757956
-39.758129
-39.758305
-39.758481
-39.758658
-39.758834
-39.759011
-39.759188
-39.759364
-39.759542
-39.759719
-39.759896
-39.760075
-39.760253
-39.760432
-39.760612
-39.760792
-39.760972
-39.761152
-39.761334
-39.761515
-39.761696
-39.761878
-39.76206
-39.762242
-39.762425
-39.762607
-39.762789
-39.762971
-39.763153
-39.763335
-39.763517
-39.763699
-39.763881
-39.764063
-39.764244
-39.764425
-39.764607
-39.764788
-39.764969
-39.765151
-39.765333
-39.765515
-39.765697
-39.76588
-39.766062
-39.766245
-39.766429
-39.766612
-39.766796
-39.76698
-39.767163
-39.767347
-39.76753
-39.767712
-39.767895
-39.768077
-39.76826
-39.768443
-39.768627
-39.768811
-39.768996
-39.769183
-39.769371
-39.769561
-39.769751
-39.769943
-39.770134
-39.770325
-39.770515
-39.770703
-39.770889
-39.771072
-39.771252
-39.771428
-39.771601
-39.77177
-39.771935
-39.772099
-39.772261
-39.772423
-39.772588
-39.772757
-39.772931
-39.773111
-39.773297
-39.773488
-39.773684
-39.773883
-39.774085
-39.774289
-39.774492
-39.774693
-39.77489
-39.775081
-39.775263
-39.775437
-39.7756
-39.775755
-39.775902
-39.776044
-39.776184
-39.776327
-39.776473
-39.776624
-39.776776
-39.776926
-39.77707
-39.777216
-39.777378
-39.777565
-39.777781
-39.778019
-39.778268
-39.778517
-39.77876
-39.778992
-39.779208
-39.779404
-39.779579
-39.77973
-39.779856
-39.779958
-39.78004
-39.7801
-39.780139
-39.780159
-39.78017
-39.780186
-39.78022
-39.780281
-39.780376
-39.780507
-39.780673
-39.780875
-39.781111
-39.781383
-39.781689
-39.782026
-39.782385
-39.782753
-39.783115
-39.783455
-39.783756
-39.784003
-39.784188
-39.784305
-39.784354
-39.784338
-39.784264
-39.784143
-39.783988
-39.783813
-39.783632
-39.783459
-39.783302
-39.783169
-39.783066
-39.782998
-39.782969
-39.782985
-39.783051
-39.783172
-39.783354
-39.783602
-39.783922
-39.784316
-39.784784
-39.785324
-39.785933
-39.786604
-39.787307
-39.788005
-39.788653
-39.789206
-39.789614
-39.78984
-39.789864
-39.789683
-39.789319
-39.788811
-39.78821
-39.787569
-39.786937
-39.786352
-39.785838
-39.785409
-39.785069
-39.784814
-39.784641
-39.784541
-39.784509
-39.784538
-39.784624
-39.784766
-39.784963
-39.785218
-39.78553
-39.785902
-39.786335
-39.786826
-39.787374
-39.787971
-39.788608
-39.789267
-39.789926
-39.790553
-39.791106
-39.791535
-39.791787
-39.791804
-39.791533
-39.79094
-39.790026
-39.78885
-39.787537
-39.786234
-39.785061
-39.784092
-39.78336
-39.782859
-39.782558
-39.782416
-39.78239
-39.782449
-39.782569
-39.782737
-39.782941
-39.783171
-39.78342
-39.783678
-39.783937
-39.78419
-39.784429
-39.78464
-39.78481
-39.784918
-39.784939
-39.784846
-39.784605
-39.784182
-39.78354
-39.782642
-39.78146
-39.779979
-39.778215
-39.776238
-39.774182
-39.772231
-39.770542
-39.769185
-39.768122
-39.767262
-39.76651
-39.765789
-39.765047
-39.764252
-39.763394
-39.762481
-39.761537
-39.760598
-39.759718
-39.758957
-39.758388
-39.758089
-39.758154
-39.758696
-39.75985
-39.761786
-39.7647
-39.768817
-39.774352
-39.781475
-39.790264
-39.800658
-39.812452
-39.825322
-39.838883
-39.852735
-39.866492
-39.879772
-39.892176
-39.903258
-39.912564
-39.919731
-39.924626
-39.927425
-39.928659
-39.929185
-39.930066
-39.932397
-39.93716
-39.945635
-39.959915
-39.984578
-40.018024
-40.049424
-40.019259
-39.980864
-39.826395
-39.856636
-39.640398
-30.807345
106.15962
-39.738093
-39.738049
-39.73793
-39.737816
-39.738103
-39.738095
-39.737837
-39.737898
-39.737996
-39.738293
-39.738353
-39.738407
-39.738463
-39.738526
-39.738596
-39.738675
-39.738765
-39.73886
-39.738978
-39.739088
-39.739208
-39.739242
-39.739198
-39.739315
-39.739228
-39.739174
-39.739128
-39.739118
-39.739023
-39.738927
-39.738922
-39.738855
-39.738871
-39.738879
-39.738931
-39.739005
-39.739099
-39.739191
-39.739249
-39.739297
-39.739183
-39.739013
-39.738919
-39.738882
-39.738922
-39.738937
-39.738944
-39.738962
-39.739049
-39.739257
-39.739464
-39.740172
-39.741399
-39.742887
-39.736875
-39.73768
-39.731478
-39.733588
-39.741089
-39.742864
-39.741808
-39.735978
-39.728521
-39.736811
-39.743225
-39.745271
-39.744768
-39.744557
-39.744291
-39.743401
-39.742861
-39.73823
-39.733597
-39.739625
-39.742734
-39.742349
-39.741739
-39.741498
-39.741232
-39.741024
-39.741272
-39.74156
-39.741908
-39.742287
-39.742626
-39.742955
-39.743257
-39.743351
-39.743426
-39.743573
-39.743829
-39.744191
-39.744595
-39.745025
-39.745494
-39.746019
-39.746609
-39.747263
-39.747947
-39.748607
-39.749248
-39.749759
-39.749913
-39.749863
-39.749648
-39.74946
-39.749193
-39.749088
-39.749034
-39.748599
-39.748186
-39.747971
-39.747753
-39.747493
-39.747538
-39.747969
-39.748248
-39.74839
-39.748527
-39.748657
-39.748681
-39.748678
-39.748736
-39.748891
-39.749124
-39.749396
-39.749694
-39.750041
-39.750396
-39.75067
-39.750889
-39.751091
-39.751292
-39.751507
-39.75172
-39.751913
-39.752087
-39.752262
-39.752444
-39.75262
-39.752774
-39.752904
-39.753022
-39.753138
-39.753259
-39.753386
-39.753519
-39.753656
-39.753796
-39.753939
-39.754084
-39.754231
-39.754381
-39.754534
-39.75469
-39.754849
-39.755011
-39.755178
-39.755349
-39.755526
-39.755707
-39.755895
-39.756088
-39.756286
-39.756485
-39.756678
-39.756854
-39.756995
-39.757091
-39.757152
-39.757206
-39.757276
-39.757374
-39.757498
-39.757642
-39.757801
-39.757967
-39.758139
-39.758313
-39.758488
-39.758664
-39.75884
-39.759016
-39.759192
-39.759369
-39.759546
-39.759723
-39.7599
-39.760078
-39.760257
-39.760436
-39.760615
-39.760795
-39.760975
-39.761156
-39.761336
-39.761518
-39.761699
-39.761881
-39.762063
-39.762245
-39.762427
-39.762609
-39.762791
-39.762973
-39.763155
-39.763337
-39.763519
-39.763701
-39.763882
-39.764064
-39.764245
-39.764426
-39.764608
-39.764789
-39.76497
-39.765152
-39.765334
-39.765516
-39.765698
-39.765881
-39.766063
-39.766246
-39.766429
-39.766613
-39.766797
-39.76698
-39.767164
-39.767347
-39.76753
-39.767712
-39.767895
-39.768078
-39.76826
-39.768444
-39.768627
-39.768812
-39.768997
-39.769183
-39.769371
-39.76956
-39.769751
-39.769942
-39.770132
-39.770323
-39.770512
-39.7707
-39.770885
-39.771068
-39.771248
-39.771424
-39.771597
-39.771766
-39.771933
-39.772097
-39.77226
-39.772424
-39.77259
-39.772759
-39.772934
-39.773113
-39.773299
-39.773489
-39.773684
-39.773882
-39.774083
-39.774285
-39.774487
-39.774686
-39.774882
-39.775071
-39.775253
-39.775426
-39.77559
-39.775745
-39.775894
-39.776037
-39.77618
-39.776323
-39.77647
-39.776621
-39.776773
-39.776924
-39.777071
-39.777222
-39.777386
-39.777574
-39.777787
-39.778019
-39.778262
-39.778505
-39.778743
-39.77897
-39.779183
-39.779377
-39.77955
-39.7797
-39.779826
-39.779931
-39.780015
-39.78008
-39.780124
-39.780151
-39.780171
-39.780196
-39.780237
-39.780304
-39.780402
-39.780534
-39.7807
-39.780901
-39.781134
-39.781401
-39.7817
-39.782027
-39.782373
-39.782728
-39.783077
-39.783404
-39.783694
-39.783933
-39.784113
-39.784229
-39.784281
-39.784271
-39.784206
-39.784097
-39.783955
-39.783795
-39.783628
-39.783467
-39.783322
-39.7832
-39.783106
-39.783046
-39.783024
-39.783046
-39.783116
-39.78324
-39.783423
-39.783669
-39.783984
-39.78437
-39.784826
-39.785349
-39.785936
-39.786578
-39.787247
-39.787909
-39.788521
-39.789041
-39.789425
-39.789638
-39.789662
-39.789495
-39.789158
-39.788686
-39.788124
-39.787523
-39.786927
-39.786373
-39.785884
-39.785472
-39.785143
-39.784896
-39.784726
-39.784628
-39.784594
-39.784621
-39.784705
-39.784843
-39.785036
-39.785285
-39.78559
-39.785952
-39.786371
-39.786846
-39.787374
-39.787948
-39.788556
-39.789183
-39.789805
-39.790392
-39.790905
-39.791297
-39.791518
-39.791515
-39.791243
-39.790672
-39.789809
-39.788709
-39.787484
-39.786264
-39.785156
-39.784232
-39.783524
-39.783029
-39.78272
-39.782563
-39.782519
-39.782561
-39.782663
-39.782814
-39.783001
-39.783214
-39.783445
-39.783686
-39.783927
-39.784162
-39.78438
-39.78457
-39.784718
-39.784803
-39.784801
-39.784688
-39.78443
-39.783996
-39.783351
-39.782465
-39.781312
-39.779882
-39.778195
-39.77632
-39.774378
-39.772531
-39.770915
-39.769593
-39.768535
-39.767669
-39.76691
-39.766189
-39.765458
-39.764689
-39.763871
-39.763012
-39.762134
-39.761276
-39.760486
-39.759825
-39.759363
-39.759176
-39.759359
-39.76002
-39.761291
-39.763333
-39.76633
-39.770488
-39.776001
-39.783019
-39.791603
-39.801695
-39.813101
-39.82552
-39.838596
-39.85195
-39.865213
-39.878019
-39.889987
-39.900699
-39.909744
-39.916796
-39.921744
-39.924757
-39.926329
-39.927251
-39.928502
-39.931099
-39.935994
-39.944372
-39.958353
-39.982954
-40.018346
-40.05449
-40.027952
-39.997077
-39.842527
-39.872752
-39.632998
-29.969184
100.1702
-39.7381
-39.738033
-39.737975
-39.738057
-39.738118
-39.738107
-39.737854
-39.737914
-39.737852
-39.738307
-39.738365
-39.738419
-39.738475
-39.738537
-39.738606
-39.738684
-39.738771
-39.738865
-39.738978
-39.739082
-39.739193
-39.739229
-39.739198
-39.739293
-39.739221
-39.739176
-39.739133
-39.739115
-39.739033
-39.73895
-39.738939
-39.738882
-39.738895
-39.738905
-39.738955
-39.739024
-39.73911
-39.739193
-39.739247
-39.739282
-39.739184
-39.739038
-39.738958
-39.738921
-39.738952
-39.738968
-39.738982
-39.739013
-39.739113
-39.739328
-39.739607
-39.740206
-39.741368
-39.742823
-39.741859
-39.734188
-39.731292
-39.739671
-39.742987
-39.743102
-39.741932
-39.729717
-39.728518
-39.740738
-39.743601
-39.745125
-39.744631
-39.744491
-39.744131
-39.743269
-39.741245
-39.730803
-39.735691
-39.742547
-39.742737
-39.742349
-39.7418
-39.741564
-39.741321
-39.741146
-39.741357
-39.741625
-39.741956
-39.742314
-39.742641
-39.742962
-39.743249
-39.743366
-39.743467
-39.743628
-39.743885
-39.744235
-39.744631
-39.745056
-39.74552
-39.746038
-39.746616
-39.747251
-39.747912
-39.748548
-39.749161
-39.749642
-39.749803
-39.749774
-39.749584
-39.74942
-39.749181
-39.749072
-39.748985
-39.748591
-39.748219
-39.748002
-39.747796
-39.74757
-39.747621
-39.747991
-39.748243
-39.748391
-39.74853
-39.748654
-39.748695
-39.748714
-39.748784
-39.748938
-39.749162
-39.749425
-39.749716
-39.750051
-39.750388
-39.75066
-39.750883
-39.751089
-39.751292
-39.751504
-39.751714
-39.751906
-39.752083
-39.752258
-39.752437
-39.75261
-39.752764
-39.752897
-39.753018
-39.753137
-39.75326
-39.753388
-39.753522
-39.753659
-39.753799
-39.753942
-39.754088
-39.754235
-39.754385
-39.754538
-39.754694
-39.754853
-39.755016
-39.755182
-39.755353
-39.755529
-39.75571
-39.755896
-39.756086
-39.75628
-39.756475
-39.756663
-39.756834
-39.756975
-39.757076
-39.757147
-39.757211
-39.757289
-39.75739
-39.757514
-39.757657
-39.757814
-39.757978
-39.758148
-39.758321
-39.758495
-39.75867
-39.758846
-39.759021
-39.759197
-39.759374
-39.75955
-39.759727
-39.759904
-39.760082
-39.76026
-39.760439
-39.760619
-39.760798
-39.760978
-39.761159
-39.761339
-39.76152
-39.761702
-39.761883
-39.762065
-39.762247
-39.762429
-39.762611
-39.762793
-39.762974
-39.763156
-39.763338
-39.76352
-39.763702
-39.763883
-39.764065
-39.764246
-39.764427
-39.764609
-39.76479
-39.764971
-39.765153
-39.765335
-39.765517
-39.765699
-39.765881
-39.766064
-39.766247
-39.76643
-39.766613
-39.766797
-39.76698
-39.767164
-39.767347
-39.76753
-39.767712
-39.767895
-39.768078
-39.768261
-39.768444
-39.768628
-39.768812
-39.768997
-39.769183
-39.769371
-39.76956
-39.76975
-39.76994
-39.770131
-39.770321
-39.770509
-39.770697
-39.770882
-39.771064
-39.771243
-39.77142
-39.771593
-39.771763
-39.77193
-39.772095
-39.772259
-39.772424
-39.772591
-39.772761
-39.772936
-39.773115
-39.7733
-39.77349
-39.773684
-39.773881
-39.774081
-39.774281
-39.774481
-39.774679
-39.774873
-39.775061
-39.775242
-39.775415
-39.775579
-39.775736
-39.775886
-39.776031
-39.776175
-39.77632
-39.776468
-39.776618
-39.776771
-39.776922
-39.777072
-39.777226
-39.777393
-39.777581
-39.777791
-39.778018
-39.778255
-39.778493
-39.778727
-39.778949
-39.779158
-39.779349
-39.779521
-39.77967
-39.779798
-39.779905
-39.779992
-39.78006
-39.780109
-39.780144
-39.780172
-39.780205
-39.780253
-39.780326
-39.780427
-39.780561
-39.780727
-39.780925
-39.781155
-39.781417
-39.781709
-39.782026
-39.782362
-39.782704
-39.783039
-39.783354
-39.783633
-39.783864
-39.78404
-39.784156
-39.78421
-39.784206
-39.784151
-39.784053
-39.783924
-39.783777
-39.783623
-39.783475
-39.783342
-39.78323
-39.783145
-39.783093
-39.783078
-39.783105
-39.783179
-39.783306
-39.783489
-39.783734
-39.784044
-39.78442
-39.784864
-39.78537
-39.785936
-39.78655
-39.787187
-39.787814
-39.788393
-39.788882
-39.789243
-39.789444
-39.789469
-39.789316
-39.789004
-39.788564
-39.788041
-39.787477
-39.786916
-39.786391
-39.785925
-39.78553
-39.785214
-39.784974
-39.784808
-39.784711
-39.784677
-39.784702
-39.784783
-39.784918
-39.785107
-39.785349
-39.785646
-39.785998
-39.786405
-39.786864
-39.787372
-39.787922
-39.788503
-39.789098
-39.789685
-39.790235
-39.79071
-39.791068
-39.79126
-39.791241
-39.790969
-39.790421
-39.789605
-39.788575
-39.787431
-39.786287
-39.785242
-39.784361
-39.783676
-39.783187
-39.782873
-39.782704
-39.782644
-39.782669
-39.782755
-39.782889
-39.783059
-39.783256
-39.783471
-39.783694
-39.783918
-39.784134
-39.784333
-39.784503
-39.784629
-39.784692
-39.78467
-39.784538
-39.784265
-39.783822
-39.783178
-39.782304
-39.78118
-39.779801
-39.778188
-39.776408
-39.774571
-39.772819
-39.771272
-39.769985
-39.768938
-39.76807
-39.767308
-39.766591
-39.765873
-39.76513
-39.764351
-39.763544
-39.762733
-39.761951
-39.761249
-39.760683
-39.760323
-39.760244
-39.760539
-39.761312
-39.762692
-39.76483
-39.767899
-39.772089
-39.777572
-39.784483
-39.792869
-39.80267
-39.813705
-39.825695
-39.838305
-39.85118
-39.863967
-39.876313
-39.887855
-39.898207
-39.906991
-39.913922
-39.918906
-39.922107
-39.923986
-39.925268
-39.926854
-39.92969
-39.934703
-39.943008
-39.956694
-39.981081
-40.017399
-40.057857
-40.034293
-40.011771
-39.857179
-39.89494
-39.650857
-26.75214
105.10575
-39.738107
-39.738035
-39.738117
-39.738096
-39.738134
-39.738064
-39.737871
-39.738029
-39.738251
-39.738303
-39.738376
-39.73843
-39.738485
-39.738547
-39.738615
-39.738692
-39.738777
-39.738868
-39.738976
-39.739075
-39.739178
-39.739215
-39.739196
-39.739275
-39.739214
-39.739177
-39.739137
-39.739115
-39.739043
-39.738971
-39.738956
-39.738909
-39.73892
-39.738932
-39.738978
-39.739043
-39.739122
-39.739197
-39.739246
-39.739271
-39.739188
-39.739064
-39.738995
-39.73896
-39.738985
-39.739003
-39.739024
-39.739066
-39.739178
-39.739397
-39.739803
-39.740408
-39.741348
-39.742645
-39.74227
-39.734243
-39.738608
-39.74016
-39.742769
-39.74315
-39.741589
-39.729134
-39.734174
-39.742126
-39.743847
-39.745051
-39.744488
-39.744412
-39.743948
-39.742229
-39.732342
-39.731578
-39.741985
-39.74298
-39.74272
-39.742357
-39.741862
-39.741633
-39.74141
-39.741265
-39.741446
-39.741694
-39.742007
-39.742346
-39.742662
-39.742973
-39.743247
-39.743385
-39.743508
-39.743681
-39.743939
-39.74428
-39.744667
-39.745086
-39.745545
-39.746055
-39.746619
-39.747236
-39.747872
-39.748484
-39.749069
-39.74952
-39.749689
-39.749679
-39.749518
-39.749372
-39.749162
-39.749049
-39.748937
-39.748584
-39.748248
-39.748033
-39.747836
-39.747647
-39.747702
-39.748015
-39.748245
-39.748396
-39.748535
-39.748655
-39.74871
-39.748748
-39.748829
-39.748983
-39.749199
-39.749455
-39.749739
-39.750061
-39.750383
-39.750651
-39.750877
-39.751086
-39.75129
-39.751501
-39.751708
-39.751899
-39.752077
-39.752253
-39.75243
-39.7526
-39.752754
-39.752889
-39.753014
-39.753136
-39.753261
-39.75339
-39.753524
-39.753662
-39.753803
-39.753946
-39.754091
-39.754239
-39.754389
-39.754543
-39.754699
-39.754858
-39.75502
-39.755187
-39.755357
-39.755532
-39.755711
-39.755896
-39.756084
-39.756275
-39.756465
-39.756649
-39.756816
-39.756956
-39.757062
-39.757142
-39.757216
-39.7573
-39.757404
-39.757529
-39.757671
-39.757826
-39.757989
-39.758158
-39.758329
-39.758503
-39.758677
-39.758852
-39.759027
-39.759203
-39.759379
-39.759555
-39.759732
-39.759909
-39.760086
-39.760264
-39.760443
-39.760622
-39.760802
-39.760981
-39.761162
-39.761342
-39.761523
-39.761704
-39.761885
-39.762067
-39.762249
-39.762431
-39.762613
-39.762794
-39.762976
-39.763158
-39.76334
-39.763521
-39.763703
-39.763884
-39.764066
-39.764247
-39.764428
-39.76461
-39.764791
-39.764972
-39.765154
-39.765336
-39.765518
-39.7657
-39.765882
-39.766065
-39.766248
-39.766431
-39.766614
-39.766797
-39.766981
-39.767164
-39.767347
-39.76753
-39.767712
-39.767895
-39.768078
-39.768261
-39.768444
-39.768628
-39.768812
-39.768997
-39.769184
-39.769371
-39.76956
-39.769749
-39.769939
-39.770129
-39.770318
-39.770506
-39.770693
-39.770878
-39.77106
-39.771239
-39.771415
-39.771589
-39.771759
-39.771927
-39.772093
-39.772258
-39.772424
-39.772592
-39.772762
-39.772937
-39.773117
-39.773302
-39.773491
-39.773684
-39.77388
-39.774078
-39.774277
-39.774475
-39.774672
-39.774864
-39.775051
-39.775232
-39.775404
-39.775569
-39.775726
-39.775878
-39.776025
-39.77617
-39.776316
-39.776465
-39.776616
-39.776769
-39.776921
-39.777074
-39.77723
-39.777399
-39.777587
-39.777794
-39.778017
-39.778248
-39.778482
-39.77871
-39.778929
-39.779134
-39.779323
-39.779493
-39.779642
-39.779771
-39.779879
-39.779969
-39.780041
-39.780096
-39.780137
-39.780173
-39.780214
-39.780269
-39.780346
-39.780451
-39.780585
-39.780751
-39.780948
-39.781175
-39.781432
-39.781716
-39.782025
-39.782349
-39.782679
-39.783002
-39.783305
-39.783574
-39.783798
-39.78397
-39.784085
-39.784142
-39.784144
-39.784097
-39.78401
-39.783894
-39.783759
-39.783619
-39.783483
-39.783361
-39.783259
-39.783183
-39.783138
-39.78313
-39.783162
-39.783241
-39.783369
-39.783552
-39.783795
-39.784099
-39.784468
-39.784899
-39.785389
-39.785934
-39.786521
-39.787127
-39.787721
-39.788268
-39.78873
-39.789069
-39.789259
-39.789284
-39.789144
-39.788855
-39.788447
-39.787959
-39.787431
-39.786903
-39.786406
-39.785962
-39.785585
-39.78528
-39.785048
-39.784886
-39.784791
-39.784757
-39.784781
-39.784859
-39.784991
-39.785174
-39.785411
-39.7857
-39.786042
-39.786435
-39.786879
-39.787368
-39.787895
-39.788449
-39.789014
-39.789568
-39.790083
-39.790522
-39.790848
-39.791015
-39.790982
-39.790711
-39.790186
-39.789415
-39.788449
-39.787379
-39.786305
-39.785318
-39.784478
-39.783816
-39.783335
-39.783018
-39.782838
-39.782764
-39.782773
-39.782844
-39.782962
-39.783116
-39.783297
-39.783495
-39.783702
-39.783909
-39.784108
-39.784288
-39.784438
-39.784544
-39.784587
-39.784546
-39.784396
-39.784111
-39.783661
-39.783019
-39.782159
-39.781065
-39.779734
-39.778192
-39.7765
-39.77476
-39.773096
-39.771613
-39.770363
-39.76933
-39.768465
-39.767704
-39.766992
-39.76629
-39.765573
-39.764834
-39.764079
-39.76333
-39.762623
-39.762005
-39.761531
-39.761269
-39.761293
-39.761693
-39.762571
-39.764051
-39.766276
-39.769408
-39.77362
-39.779069
-39.78587
-39.794063
-39.803585
-39.814266
-39.825846
-39.838013
-39.850429
-39.862758
-39.874662
-39.885796
-39.895799
-39.90433
-39.911136
-39.91614
-39.919504
-39.921652
-39.923252
-39.925128
-39.928161
-39.933255
-39.941479
-39.954848
-39.978741
-40.015264
-40.059762
-40.03842
-40.024947
-39.870921
-39.922637
-39.716473
-19.849334
114.82481
-39.738114
-39.738066
-39.738123
-39.738105
-39.738129
-39.737801
-39.737912
-39.73821
-39.738303
-39.738312
-39.738387
-39.73844
-39.738496
-39.738557
-39.738624
-39.738699
-39.738783
-39.738871
-39.738974
-39.739068
-39.739164
-39.739202
-39.739194
-39.739258
-39.739208
-39.739177
-39.739141
-39.739116
-39.739054
-39.738991
-39.738974
-39.738934
-39.738944
-39.738957
-39.739001
-39.739062
-39.739134
-39.739202
-39.739247
-39.739265
-39.739194
-39.73909
-39.739031
-39.738999
-39.73902
-39.73904
-39.739068
-39.739121
-39.739242
-39.739466
-39.739864
-39.740454
-39.741319
-39.742439
-39.742166
-39.74084
-39.740211
-39.740534
-39.742627
-39.743122
-39.728911
-39.729091
-39.740096
-39.743426
-39.744076
-39.745037
-39.744257
-39.741026
-39.739197
-39.732474
-39.731192
-39.739149
-39.74364
-39.743001
-39.742719
-39.742374
-39.741924
-39.741705
-39.741499
-39.741379
-39.741536
-39.741766
-39.742061
-39.742381
-39.742687
-39.742988
-39.743252
-39.743406
-39.743548
-39.743732
-39.743992
-39.744325
-39.744703
-39.745116
-39.745569
-39.746069
-39.74662
-39.747217
-39.747828
-39.748416
-39.748973
-39.749397
-39.749574
-39.74958
-39.74945
-39.74932
-39.749135
-39.749021
-39.748892
-39.748575
-39.748273
-39.748065
-39.74788
-39.747721
-39.747777
-39.748042
-39.748253
-39.748404
-39.748543
-39.748661
-39.748727
-39.748781
-39.748872
-39.749026
-39.749236
-39.749484
-39.749762
-39.750071
-39.750379
-39.750644
-39.750872
-39.751082
-39.751287
-39.751496
-39.751701
-39.751891
-39.752071
-39.752246
-39.752422
-39.752591
-39.752744
-39.752882
-39.753009
-39.753134
-39.753261
-39.753392
-39.753526
-39.753665
-39.753806
-39.753949
-39.754095
-39.754243
-39.754393
-39.754547
-39.754703
-39.754862
-39.755025
-39.755191
-39.755361
-39.755535
-39.755713
-39.755896
-39.756082
-39.75627
-39.756457
-39.756636
-39.756801
-39.75694
-39.757051
-39.757138
-39.75722
-39.75731
-39.757417
-39.757543
-39.757685
-39.757838
-39.758
-39.758167
-39.758338
-39.75851
-39.758684
-39.758858
-39.759032
-39.759208
-39.759383
-39.759559
-39.759736
-39.759913
-39.76009
-39.760268
-39.760446
-39.760625
-39.760805
-39.760985
-39.761165
-39.761345
-39.761526
-39.761707
-39.761888
-39.762069
-39.762251
-39.762433
-39.762614
-39.762796
-39.762978
-39.763159
-39.763341
-39.763523
-39.763704
-39.763886
-39.764067
-39.764248
-39.764429
-39.76461
-39.764792
-39.764973
-39.765155
-39.765337
-39.765519
-39.765701
-39.765883
-39.766065
-39.766248
-39.766431
-39.766614
-39.766797
-39.766981
-39.767164
-39.767347
-39.76753
-39.767712
-39.767895
-39.768078
-39.768261
-39.768444
-39.768628
-39.768812
-39.768997
-39.769183
-39.769371
-39.769559
-39.769748
-39.769937
-39.770127
-39.770315
-39.770503
-39.770689
-39.770874
-39.771055
-39.771235
-39.771411
-39.771585
-39.771756
-39.771924
-39.772091
-39.772257
-39.772424
-39.772592
-39.772764
-39.772939
-39.773119
-39.773303
-39.773491
-39.773683
-39.773878
-39.774075
-39.774273
-39.77447
-39.774664
-39.774856
-39.775042
-39.775222
-39.775394
-39.775559
-39.775717
-39.77587
-39.776018
-39.776165
-39.776313
-39.776462
-39.776614
-39.776767
-39.77692
-39.777075
-39.777234
-39.777404
-39.777591
-39.777796
-39.778015
-39.778242
-39.77847
-39.778694
-39.778908
-39.77911
-39.779297
-39.779466
-39.779615
-39.779744
-39.779855
-39.779947
-39.780023
-39.780083
-39.780131
-39.780174
-39.780222
-39.780283
-39.780365
-39.780473
-39.780609
-39.780774
-39.780969
-39.781193
-39.781445
-39.781723
-39.782022
-39.782336
-39.782654
-39.782966
-39.783257
-39.783518
-39.783735
-39.783903
-39.784017
-39.784076
-39.784084
-39.784046
-39.783969
-39.783864
-39.783742
-39.783614
-39.78349
-39.783378
-39.783286
-39.783219
-39.783182
-39.78318
-39.783217
-39.783299
-39.78343
-39.783613
-39.783853
-39.784152
-39.784511
-39.78493
-39.785404
-39.785929
-39.78649
-39.787067
-39.787631
-39.788148
-39.788583
-39.788903
-39.789083
-39.789109
-39.788981
-39.788714
-39.788335
-39.787879
-39.787385
-39.786888
-39.786418
-39.785996
-39.785635
-39.785342
-39.785118
-39.784961
-39.784867
-39.784833
-39.784856
-39.784932
-39.78506
-39.785239
-39.78547
-39.785751
-39.786082
-39.786463
-39.786891
-39.787361
-39.787866
-39.788395
-39.78893
-39.789453
-39.789935
-39.790341
-39.790638
-39.790782
-39.790736
-39.790469
-39.789965
-39.789236
-39.78833
-39.787327
-39.786319
-39.785386
-39.784585
-39.783946
-39.783474
-39.783155
-39.782965
-39.782879
-39.782874
-39.78293
-39.783033
-39.783172
-39.783338
-39.78352
-39.783711
-39.783901
-39.784082
-39.784245
-39.784376
-39.784463
-39.784487
-39.784429
-39.784264
-39.783966
-39.783511
-39.782873
-39.782028
-39.780964
-39.779681
-39.778205
-39.776596
-39.774945
-39.773363
-39.771942
-39.770728
-39.769712
-39.768853
-39.768097
-39.767394
-39.766709
-39.766019
-39.765318
-39.764613
-39.763927
-39.763291
-39.762754
-39.762368
-39.762199
-39.762321
-39.76282
-39.763797
-39.765369
-39.767672
-39.770858
-39.775084
-39.780493
-39.787184
-39.795188
-39.804442
-39.814786
-39.825976
-39.837719
-39.849697
-39.861588
-39.873069
-39.883813
-39.893484
-39.901772
-39.908451
-39.913463
-39.916962
-39.919342
-39.921212
-39.923329
-39.926509
-39.93163
-39.939734
-39.952721
-39.97585
-40.012601
-40.060183
-40.04029
-40.036541
-39.883534
-39.943506
-39.764751
-22.794964
116.97248
-39.738124
-39.73812
-39.738131
-39.738111
-39.737997
-39.737867
-39.738162
-39.738228
-39.73831
-39.738342
-39.738396
-39.73845
-39.738505
-39.738566
-39.738632
-39.738706
-39.738787
-39.738874
-39.738972
-39.739061
-39.739151
-39.73919
-39.73919
-39.739243
-39.739203
-39.739177
-39.739145
-39.739119
-39.739065
-39.73901
-39.738992
-39.738959
-39.738968
-39.738983
-39.739024
-39.73908
-39.739147
-39.739209
-39.73925
-39.739263
-39.739203
-39.739116
-39.739065
-39.739038
-39.739057
-39.739079
-39.739113
-39.739176
-39.739305
-39.739531
-39.739921
-39.740473
-39.74129
-39.74223
-39.742115
-39.741908
-39.740295
-39.740825
-39.742524
-39.742993
-39.741932
-39.737219
-39.740921
-39.743505
-39.744078
-39.74507
-39.736935
-39.733131
-39.732105
-39.731633
-39.740311
-39.74327
-39.743677
-39.743029
-39.742732
-39.742397
-39.741987
-39.741779
-39.741587
-39.741489
-39.741627
-39.74184
-39.742117
-39.742421
-39.742716
-39.743007
-39.743262
-39.74343
-39.743588
-39.743782
-39.744042
-39.744369
-39.74474
-39.745146
-39.745592
-39.746082
-39.746618
-39.747195
-39.747782
-39.748346
-39.748875
-39.749276
-39.749458
-39.74948
-39.749378
-39.749263
-39.749102
-39.748988
-39.748851
-39.748566
-39.748294
-39.748095
-39.747924
-39.747791
-39.747847
-39.748073
-39.748266
-39.748416
-39.748553
-39.74867
-39.748746
-39.748813
-39.748913
-39.749067
-39.749273
-39.749514
-39.749784
-39.750081
-39.750377
-39.750638
-39.750866
-39.751078
-39.751284
-39.751492
-39.751694
-39.751884
-39.752064
-39.75224
-39.752414
-39.752581
-39.752735
-39.752874
-39.753005
-39.753132
-39.753261
-39.753393
-39.753528
-39.753667
-39.753808
-39.753952
-39.754098
-39.754246
-39.754397
-39.754551
-39.754707
-39.754866
-39.755029
-39.755194
-39.755364
-39.755537
-39.755714
-39.755896
-39.75608
-39.756265
-39.756448
-39.756625
-39.756786
-39.756926
-39.75704
-39.757135
-39.757223
-39.757319
-39.757429
-39.757556
-39.757697
-39.75785
-39.75801
-39.758176
-39.758346
-39.758517
-39.75869
-39.758864
-39.759038
-39.759213
-39.759388
-39.759564
-39.75974
-39.759917
-39.760094
-39.760272
-39.76045
-39.760629
-39.760808
-39.760988
-39.761168
-39.761348
-39.761528
-39.761709
-39.76189
-39.762072
-39.762253
-39.762435
-39.762616
-39.762798
-39.762979
-39.763161
-39.763342
-39.763524
-39.763705
-39.763887
-39.764068
-39.764249
-39.76443
-39.764611
-39.764793
-39.764974
-39.765156
-39.765338
-39.765519
-39.765702
-39.765884
-39.766066
-39.766249
-39.766431
-39.766615
-39.766798
-39.766981
-39.767164
-39.767347
-39.76753
-39.767712
-39.767895
-39.768078
-39.768261
-39.768445
-39.768628
-39.768813
-39.768997
-39.769183
-39.76937
-39.769558
-39.769747
-39.769936
-39.770124
-39.770313
-39.7705
-39.770686
-39.77087
-39.771051
-39.77123
-39.771407
-39.771581
-39.771752
-39.771921
-39.772089
-39.772256
-39.772423
-39.772593
-39.772765
-39.77294
-39.77312
-39.773304
-39.773491
-39.773682
-39.773876
-39.774072
-39.774268
-39.774464
-39.774657
-39.774847
-39.775033
-39.775212
-39.775384
-39.775549
-39.775708
-39.775862
-39.776012
-39.77616
-39.776309
-39.776459
-39.776611
-39.776765
-39.77692
-39.777076
-39.777237
-39.777409
-39.777595
-39.777797
-39.778012
-39.778235
-39.778458
-39.778678
-39.778889
-39.779088
-39.779272
-39.779439
-39.779588
-39.779719
-39.779831
-39.779926
-39.780006
-39.78007
-39.780124
-39.780175
-39.780229
-39.780296
-39.780383
-39.780493
-39.780631
-39.780796
-39.780989
-39.78121
-39.781457
-39.781728
-39.782018
-39.782322
-39.78263
-39.78293
-39.783211
-39.783463
-39.783673
-39.783838
-39.783951
-39.784014
-39.784027
-39.783996
-39.783929
-39.783835
-39.783725
-39.783609
-39.783496
-39.783395
-39.783313
-39.783254
-39.783224
-39.783228
-39.78327
-39.783355
-39.783487
-39.78367
-39.783907
-39.784201
-39.784552
-39.784959
-39.785417
-39.785921
-39.786458
-39.787008
-39.787543
-39.788032
-39.788443
-39.788745
-39.788916
-39.788943
-39.788826
-39.788579
-39.788227
-39.787802
-39.78734
-39.786872
-39.786428
-39.786027
-39.785682
-39.7854
-39.785184
-39.785031
-39.78494
-39.784907
-39.784928
-39.785002
-39.785127
-39.785301
-39.785525
-39.785798
-39.78612
-39.786488
-39.786901
-39.787353
-39.787836
-39.78834
-39.788848
-39.78934
-39.789791
-39.790168
-39.790437
-39.79056
-39.790504
-39.79024
-39.789758
-39.789068
-39.788217
-39.787276
-39.786328
-39.785446
-39.784682
-39.784066
-39.783603
-39.783283
-39.783087
-39.782989
-39.782971
-39.783013
-39.783102
-39.783226
-39.783377
-39.783544
-39.783719
-39.783893
-39.784058
-39.784203
-39.784317
-39.784386
-39.784393
-39.784318
-39.784139
-39.783832
-39.783373
-39.782739
-39.781911
-39.780877
-39.77964
-39.778228
-39.776696
-39.775128
-39.773622
-39.772259
-39.771081
-39.770085
-39.769236
-39.768487
-39.767795
-39.767128
-39.766466
-39.765804
-39.765148
-39.764521
-39.763955
-39.763495
-39.763193
-39.763114
-39.763329
-39.763922
-39.76499
-39.766646
-39.769019
-39.772251
-39.776484
-39.781847
-39.788428
-39.796248
-39.805245
-39.815267
-39.826085
-39.837425
-39.848984
-39.860457
-39.871536
-39.881909
-39.891263
-39.899317
-39.905872
-39.910879
-39.914488
-39.91706
-39.919155
-39.921461
-39.924735
-39.92982
-39.937738
-39.950241
-39.972376
-40.009415
-40.059654
-40.040362
-40.046447
-39.893431
-39.921877
-39.722827
-34.033343
114.63925
-39.738135
-39.738138
-39.738139
-39.738105
-39.738016
-39.738104
-39.738198
-39.738246
-39.738318
-39.73836
-39.738405
-39.73846
-39.738515
-39.738574
-39.73864
-39.738712
-39.738792
-39.738876
-39.738969
-39.739054
-39.739138
-39.739178
-39.739185
-39.73923
-39.739199
-39.739178
-39.739149
-39.739123
-39.739076
-39.739028
-39.73901
-39.738983
-39.738991
-39.739007
-39.739046
-39.739099
-39.73916
-39.739216
-39.739254
-39.739265
-39.739215
-39.739141
-39.739099
-39.739077
-39.739094
-39.73912
-39.73916
-39.739231
-39.739366
-39.739595
-39.739974
-39.74049
-39.741257
-39.742039
-39.742024
-39.741788
-39.740425
-39.741063
-39.742304
-39.742749
-39.743172
-39.742625
-39.742743
-39.743616
-39.744205
-39.742041
-39.732444
-39.732998
-39.731726
-39.739159
-39.746687
-39.743565
-39.743699
-39.743061
-39.742756
-39.742426
-39.742053
-39.741853
-39.741676
-39.741597
-39.741718
-39.741915
-39.742176
-39.742463
-39.742748
-39.743029
-39.743277
-39.743457
-39.743628
-39.74383
-39.744091
-39.744412
-39.744776
-39.745176
-39.745613
-39.746093
-39.746614
-39.747171
-39.747734
-39.748275
-39.748777
-39.749156
-39.749343
-39.74938
-39.749303
-39.749204
-39.749064
-39.748952
-39.748812
-39.748556
-39.748311
-39.748125
-39.747968
-39.747857
-39.747912
-39.748106
-39.748283
-39.748429
-39.748565
-39.748681
-39.748766
-39.748845
-39.748952
-39.749107
-39.749308
-39.749543
-39.749805
-39.750092
-39.750377
-39.750633
-39.750862
-39.751074
-39.751281
-39.751487
-39.751687
-39.751876
-39.752057
-39.752233
-39.752406
-39.752572
-39.752726
-39.752867
-39.753
-39.75313
-39.75326
-39.753394
-39.75353
-39.753669
-39.753811
-39.753955
-39.754101
-39.75425
-39.754401
-39.754555
-39.754711
-39.75487
-39.755032
-39.755198
-39.755367
-39.75554
-39.755716
-39.755896
-39.756077
-39.75626
-39.756441
-39.756614
-39.756774
-39.756914
-39.757031
-39.757132
-39.757226
-39.757327
-39.75744
-39.757568
-39.757709
-39.757861
-39.75802
-39.758185
-39.758354
-39.758525
-39.758697
-39.75887
-39.759044
-39.759218
-39.759393
-39.759569
-39.759745
-39.759921
-39.760098
-39.760275
-39.760454
-39.760632
-39.760812
-39.760991
-39.761171
-39.761351
-39.761531
-39.761712
-39.761893
-39.762074
-39.762255
-39.762437
-39.762618
-39.762799
-39.762981
-39.763162
-39.763344
-39.763525
-39.763706
-39.763888
-39.764069
-39.76425
-39.764431
-39.764612
-39.764794
-39.764975
-39.765157
-39.765338
-39.76552
-39.765702
-39.765884
-39.766067
-39.766249
-39.766432
-39.766615
-39.766798
-39.766981
-39.767164
-39.767347
-39.76753
-39.767712
-39.767895
-39.768078
-39.768261
-39.768445
-39.768628
-39.768813
-39.768997
-39.769183
-39.76937
-39.769557
-39.769746
-39.769934
-39.770122
-39.77031
-39.770497
-39.770682
-39.770866
-39.771047
-39.771226
-39.771403
-39.771577
-39.771749
-39.771918
-39.772087
-39.772255
-39.772423
-39.772593
-39.772765
-39.772941
-39.773121
-39.773304
-39.773491
-39.773682
-39.773874
-39.774069
-39.774264
-39.774458
-39.77465
-39.774839
-39.775023
-39.775202
-39.775374
-39.77554
-39.7757
-39.775854
-39.776005
-39.776155
-39.776305
-39.776456
-39.776609
-39.776763
-39.776919
-39.777077
-39.777239
-39.777412
-39.777598
-39.777798
-39.778009
-39.778227
-39.778447
-39.778662
-39.77887
-39.779066
-39.779248
-39.779414
-39.779563
-39.779694
-39.779808
-39.779906
-39.779989
-39.780058
-39.780118
-39.780175
-39.780236
-39.780309
-39.780399
-39.780512
-39.780651
-39.780816
-39.781007
-39.781225
-39.781467
-39.781731
-39.782014
-39.782308
-39.782605
-39.782896
-39.783167
-39.78341
-39.783615
-39.783776
-39.783889
-39.783954
-39.783972
-39.783949
-39.783891
-39.783808
-39.783709
-39.783604
-39.783502
-39.783411
-39.783338
-39.783287
-39.783264
-39.783274
-39.783321
-39.783409
-39.783542
-39.783724
-39.783959
-39.784247
-39.784589
-39.784984
-39.785427
-39.785912
-39.786426
-39.78695
-39.787458
-39.787921
-39.788309
-39.788595
-39.788757
-39.788785
-39.788679
-39.788451
-39.788124
-39.787728
-39.787294
-39.786854
-39.786435
-39.786054
-39.785725
-39.785455
-39.785246
-39.785099
-39.78501
-39.784977
-39.784998
-39.785069
-39.78519
-39.78536
-39.785578
-39.785843
-39.786154
-39.78651
-39.786908
-39.787342
-39.787805
-39.788285
-39.788766
-39.789231
-39.789652
-39.790001
-39.790244
-39.79035
-39.790285
-39.790026
-39.789563
-39.788911
-39.788111
-39.787227
-39.786334
-39.785499
-39.784771
-39.784176
-39.783724
-39.783404
-39.783202
-39.783094
-39.783064
-39.783093
-39.783168
-39.783279
-39.783415
-39.783568
-39.783727
-39.783887
-39.784036
-39.784164
-39.784261
-39.784313
-39.784304
-39.784214
-39.784022
-39.783707
-39.783246
-39.782618
-39.781806
-39.780802
-39.779611
-39.778259
-39.776799
-39.775308
-39.773872
-39.772565
-39.771424
-39.77045
-39.769613
-39.768874
-39.768195
-39.767547
-39.766914
-39.766289
-39.765682
-39.765113
-39.764614
-39.764228
-39.764007
-39.764013
-39.764315
-39.764997
-39.76615
-39.767884
-39.77032
-39.773588
-39.777823
-39.783136
-39.789606
-39.797247
-39.805996
-39.81571
-39.826174
-39.837129
-39.848289
-39.859364
-39.870059
-39.880079
-39.889133
-39.896964
-39.903394
-39.908386
-39.912081
-39.91481
-39.917084
-39.919531
-39.922844
-39.927829
-39.935477
-39.947365
-39.968316
-40.00568
-40.056956
-40.039575
-40.054947
-39.901131
-39.905504
-39.664442
-34.630643
108.78399
-39.738147
-39.738151
-39.738147
-39.738115
-39.738164
-39.738182
-39.738218
-39.738263
-39.738327
-39.738369
-39.738415
-39.738469
-39.738523
-39.738583
-39.738647
-39.738718
-39.738796
-39.738877
-39.738967
-39.739048
-39.739127
-39.739167
-39.739181
-39.739219
-39.739195
-39.739178
-39.739152
-39.739127
-39.739087
-39.739046
-39.739029
-39.739007
-39.739014
-39.739031
-39.739068
-39.739117
-39.739174
-39.739225
-39.73926
-39.739269
-39.739228
-39.739167
-39.739133
-39.739115
-39.739132
-39.739161
-39.739207
-39.739286
-39.739426
-39.739655
-39.740023
-39.740506
-39.741218
-39.741873
-39.741933
-39.741694
-39.740574
-39.741261
-39.742297
-39.742547
-39.743122
-39.742696
-39.74282
-39.743707
-39.74495
-39.72519
-39.732252
-39.732948
-39.738654
-39.746757
-39.746313
-39.743827
-39.743691
-39.743108
-39.742784
-39.742461
-39.74212
-39.741927
-39.741764
-39.741701
-39.741807
-39.74199
-39.742236
-39.742509
-39.742783
-39.743054
-39.743297
-39.743485
-39.743667
-39.743877
-39.744139
-39.744454
-39.744811
-39.745204
-39.745633
-39.746102
-39.746609
-39.747145
-39.747686
-39.748204
-39.74868
-39.749041
-39.74923
-39.749281
-39.749228
-39.749144
-39.749021
-39.748914
-39.748776
-39.748547
-39.748326
-39.748153
-39.74801
-39.747919
-39.747971
-39.748139
-39.748303
-39.748446
-39.748579
-39.748695
-39.748787
-39.748875
-39.748989
-39.749144
-39.749341
-39.749571
-39.749826
-39.750103
-39.750378
-39.750629
-39.750857
-39.751071
-39.751277
-39.751481
-39.75168
-39.751869
-39.75205
-39.752225
-39.752398
-39.752563
-39.752717
-39.75286
-39.752995
-39.753127
-39.75326
-39.753394
-39.753531
-39.753671
-39.753813
-39.753957
-39.754104
-39.754253
-39.754404
-39.754558
-39.754715
-39.754874
-39.755036
-39.755201
-39.75537
-39.755542
-39.755717
-39.755895
-39.756075
-39.756256
-39.756433
-39.756604
-39.756762
-39.756903
-39.757023
-39.757129
-39.757229
-39.757334
-39.75745
-39.757579
-39.75772
-39.757872
-39.75803
-39.758194
-39.758362
-39.758532
-39.758703
-39.758876
-39.759049
-39.759223
-39.759398
-39.759573
-39.759749
-39.759925
-39.760102
-39.760279
-39.760457
-39.760636
-39.760815
-39.760994
-39.761174
-39.761354
-39.761534
-39.761714
-39.761895
-39.762076
-39.762257
-39.762439
-39.76262
-39.762801
-39.762982
-39.763164
-39.763345
-39.763526
-39.763708
-39.763889
-39.76407
-39.764251
-39.764432
-39.764613
-39.764794
-39.764976
-39.765157
-39.765339
-39.765521
-39.765703
-39.765885
-39.766067
-39.76625
-39.766432
-39.766615
-39.766798
-39.766981
-39.767164
-39.767347
-39.76753
-39.767712
-39.767895
-39.768078
-39.768261
-39.768445
-39.768629
-39.768813
-39.768997
-39.769183
-39.769369
-39.769557
-39.769744
-39.769932
-39.77012
-39.770307
-39.770494
-39.770679
-39.770862
-39.771043
-39.771222
-39.771399
-39.771573
-39.771746
-39.771916
-39.772085
-39.772253
-39.772422
-39.772593
-39.772766
-39.772942
-39.773121
-39.773304
-39.773491
-39.77368
-39.773872
-39.774066
-39.774259
-39.774452
-39.774643
-39.774831
-39.775015
-39.775193
-39.775365
-39.775531
-39.775691
-39.775847
-39.775999
-39.77615
-39.776301
-39.776453
-39.776606
-39.776761
-39.776918
-39.777077
-39.777241
-39.777414
-39.7776
-39.777797
-39.778006
-39.77822
-39.778435
-39.778647
-39.778851
-39.779045
-39.779225
-39.77939
-39.779539
-39.779671
-39.779786
-39.779887
-39.779973
-39.780047
-39.780113
-39.780175
-39.780242
-39.78032
-39.780414
-39.78053
-39.78067
-39.780834
-39.781024
-39.781238
-39.781476
-39.781734
-39.782009
-39.782294
-39.782582
-39.782862
-39.783124
-39.78336
-39.783559
-39.783717
-39.783829
-39.783896
-39.78392
-39.783903
-39.783854
-39.783781
-39.783693
-39.783599
-39.783508
-39.783426
-39.783361
-39.783318
-39.783302
-39.783317
-39.783369
-39.783459
-39.783594
-39.783776
-39.784007
-39.78429
-39.784623
-39.785007
-39.785435
-39.785901
-39.786393
-39.786893
-39.787375
-39.787814
-39.788181
-39.788452
-39.788606
-39.788635
-39.788539
-39.788328
-39.788025
-39.787655
-39.78725
-39.786836
-39.786439
-39.786078
-39.785764
-39.785506
-39.785305
-39.785162
-39.785076
-39.785044
-39.785064
-39.785133
-39.785251
-39.785416
-39.785628
-39.785885
-39.786186
-39.78653
-39.786914
-39.78733
-39.787773
-39.78823
-39.788686
-39.789123
-39.789517
-39.78984
-39.790061
-39.79015
-39.790077
-39.789823
-39.78938
-39.788763
-39.788009
-39.787178
-39.786337
-39.785546
-39.784851
-39.784278
-39.783836
-39.783518
-39.783311
-39.783195
-39.783154
-39.78317
-39.783233
-39.78333
-39.783452
-39.783591
-39.783736
-39.78388
-39.784014
-39.784127
-39.784208
-39.784244
-39.784219
-39.784116
-39.783913
-39.783591
-39.783129
-39.782508
-39.781714
-39.780739
-39.779591
-39.778297
-39.776905
-39.775485
-39.774116
-39.772861
-39.771758
-39.770806
-39.769984
-39.769257
-39.768593
-39.767966
-39.767361
-39.766774
-39.766214
-39.765701
-39.765266
-39.764953
-39.764809
-39.764896
-39.765281
-39.766046
-39.767278
-39.769083
-39.771573
-39.774873
-39.779102
-39.784362
-39.790721
-39.798188
-39.806699
-39.816118
-39.826244
-39.836832
-39.847611
-39.858307
-39.868636
-39.878321
-39.88709
-39.894707
-39.901013
-39.90598
-39.909738
-39.912592
-39.915004
-39.917545
-39.920844
-39.925665
-39.932953
-39.944082
-39.963679
-40.001092
-40.051882
-40.03806
-40.062088
-39.912123
-39.924905
-39.681963
3.6772444
110.24612
-39.73816
-39.738166
-39.738155
-39.738117
-39.738171
-39.738204
-39.738238
-39.738279
-39.738338
-39.738379
-39.738427
-39.738478
-39.738532
-39.73859
-39.738654
-39.738724
-39.738799
-39.738879
-39.738964
-39.739042
-39.739117
-39.739158
-39.739176
-39.739209
-39.739192
-39.739178
-39.739156
-39.739133
-39.739098
-39.739063
-39.739047
-39.739029
-39.739037
-39.739054
-39.739089
-39.739136
-39.739188
-39.739235
-39.739267
-39.739276
-39.739242
-39.739193
-39.739165
-39.739152
-39.739171
-39.739203
-39.739254
-39.73934
-39.739485
-39.739713
-39.740067
-39.740521
-39.741178
-39.741733
-39.741848
-39.741621
-39.740728
-39.741424
-39.742394
-39.742728
-39.743078
-39.742745
-39.742902
-39.74377
-39.745066
-39.743469
-39.732352
-39.735034
-39.746594
-39.746613
-39.745974
-39.744021
-39.743689
-39.74315
-39.742817
-39.7425
-39.742187
-39.742001
-39.741851
-39.7418
-39.741895
-39.742066
-39.742297
-39.742556
-39.74282
-39.743082
-39.74332
-39.743515
-39.743706
-39.743922
-39.744184
-39.744495
-39.744846
-39.745231
-39.745652
-39.746109
-39.746601
-39.747118
-39.747637
-39.748133
-39.748586
-39.74893
-39.749121
-39.749184
-39.749152
-39.749082
-39.748977
-39.748875
-39.748742
-39.748537
-39.748339
-39.748179
-39.748051
-39.747976
-39.748026
-39.748173
-39.748325
-39.748463
-39.748594
-39.748711
-39.748808
-39.748905
-39.749024
-39.74918
-39.749374
-39.749598
-39.749847
-39.750114
-39.75038
-39.750627
-39.750854
-39.751067
-39.751273
-39.751476
-39.751674
-39.751862
-39.752043
-39.752218
-39.752389
-39.752554
-39.752708
-39.752853
-39.75299
-39.753125
-39.753259
-39.753394
-39.753532
-39.753672
-39.753815
-39.75396
-39.754107
-39.754256
-39.754408
-39.754562
-39.754718
-39.754878
-39.755039
-39.755204
-39.755372
-39.755544
-39.755718
-39.755895
-39.756073
-39.756251
-39.756427
-39.756595
-39.756752
-39.756893
-39.757016
-39.757126
-39.757232
-39.757341
-39.757459
-39.75759
-39.757731
-39.757882
-39.75804
-39.758203
-39.75837
-39.758539
-39.75871
-39.758882
-39.759055
-39.759228
-39.759403
-39.759578
-39.759753
-39.759929
-39.760106
-39.760283
-39.760461
-39.760639
-39.760818
-39.760997
-39.761177
-39.761356
-39.761536
-39.761717
-39.761897
-39.762078
-39.762259
-39.76244
-39.762622
-39.762803
-39.762984
-39.763165
-39.763346
-39.763528
-39.763709
-39.76389
-39.764071
-39.764252
-39.764433
-39.764614
-39.764795
-39.764977
-39.765158
-39.76534
-39.765522
-39.765704
-39.765886
-39.766068
-39.76625
-39.766433
-39.766615
-39.766798
-39.766981
-39.767164
-39.767347
-39.767529
-39.767712
-39.767895
-39.768078
-39.768261
-39.768445
-39.768629
-39.768813
-39.768997
-39.769183
-39.769369
-39.769556
-39.769743
-39.769931
-39.770118
-39.770305
-39.770491
-39.770675
-39.770858
-39.771039
-39.771218
-39.771395
-39.77157
-39.771742
-39.771913
-39.772083
-39.772252
-39.772422
-39.772593
-39.772766
-39.772942
-39.773122
-39.773305
-39.773491
-39.773679
-39.77387
-39.774062
-39.774255
-39.774447
-39.774636
-39.774823
-39.775006
-39.775184
-39.775356
-39.775522
-39.775683
-39.775839
-39.775993
-39.776145
-39.776297
-39.77645
-39.776604
-39.77676
-39.776917
-39.777077
-39.777243
-39.777416
-39.777601
-39.777797
-39.778002
-39.778213
-39.778424
-39.778632
-39.778833
-39.779024
-39.779203
-39.779367
-39.779515
-39.779648
-39.779765
-39.779868
-39.779958
-39.780037
-39.780107
-39.780175
-39.780248
-39.78033
-39.780428
-39.780546
-39.780687
-39.780851
-39.781039
-39.781251
-39.781483
-39.781736
-39.782003
-39.78228
-39.782558
-39.782829
-39.783083
-39.783312
-39.783506
-39.783661
-39.783773
-39.783842
-39.783869
-39.78386
-39.783819
-39.783756
-39.783677
-39.783593
-39.783512
-39.78344
-39.783384
-39.783348
-39.783338
-39.783359
-39.783414
-39.783508
-39.783643
-39.783824
-39.784052
-39.784329
-39.784655
-39.785027
-39.785441
-39.785889
-39.78636
-39.786836
-39.787295
-39.787711
-39.788059
-39.788316
-39.788463
-39.788493
-39.788406
-39.788212
-39.78793
-39.787585
-39.787206
-39.786817
-39.786442
-39.786099
-39.7858
-39.785553
-39.78536
-39.785222
-39.785139
-39.785108
-39.785127
-39.785194
-39.785309
-39.78547
-39.785675
-39.785924
-39.786216
-39.786548
-39.786917
-39.787317
-39.78774
-39.788175
-39.788607
-39.789019
-39.789387
-39.789686
-39.789886
-39.78996
-39.789881
-39.789632
-39.789209
-39.788624
-39.787913
-39.787131
-39.786338
-39.785588
-39.784924
-39.784372
-39.783941
-39.783625
-39.783414
-39.78329
-39.783239
-39.783244
-39.783295
-39.783379
-39.783488
-39.783613
-39.783745
-39.783875
-39.783994
-39.784091
-39.784157
-39.784179
-39.78414
-39.784024
-39.783812
-39.783484
-39.783022
-39.782409
-39.781632
-39.780687
-39.779581
-39.778341
-39.777013
-39.77566
-39.774353
-39.773149
-39.772082
-39.771155
-39.770349
-39.769637
-39.76899
-39.768384
-39.767808
-39.767259
-39.766744
-39.766286
-39.765913
-39.765668
-39.765597
-39.765762
-39.766226
-39.767069
-39.768375
-39.770243
-39.772782
-39.776105
-39.780324
-39.785528
-39.791777
-39.799074
-39.807355
-39.816493
-39.826295
-39.836533
-39.84695
-39.857283
-39.867265
-39.876631
-39.885129
-39.89254
-39.898724
-39.903655
-39.907457
-39.910404
-39.912916
-39.915507
-39.918746
-39.923341
-39.930177
-39.94041
-39.958486
-39.995277
-40.043923
-40.034941
-40.069008
-39.923936
-39.966637
-39.685046
38.85753
114.69127
-39.738175
-39.738183
-39.738164
-39.738115
-39.738177
-39.738227
-39.738258
-39.738295
-39.738349
-39.738391
-39.738437
-39.738486
-39.73854
-39.738598
-39.738661
-39.738729
-39.738803
-39.73888
-39.738962
-39.739037
-39.739107
-39.739149
-39.739171
-39.739201
-39.73919
-39.739179
-39.73916
-39.739139
-39.739109
-39.739079
-39.739065
-39.739051
-39.739059
-39.739076
-39.73911
-39.739154
-39.739202
-39.739246
-39.739276
-39.739284
-39.739258
-39.739219
-39.739197
-39.739189
-39.73921
-39.739245
-39.739302
-39.739393
-39.739541
-39.739768
-39.740108
-39.740536
-39.741138
-39.741616
-39.741771
-39.741565
-39.740883
-39.741547
-39.742362
-39.7428
-39.743029
-39.742785
-39.742982
-39.743818
-39.745037
-39.745893
-39.734051
-39.744922
-39.746468
-39.746378
-39.745696
-39.744146
-39.743696
-39.743189
-39.742852
-39.742542
-39.742253
-39.742075
-39.741937
-39.741895
-39.741981
-39.742141
-39.742359
-39.742605
-39.742859
-39.743112
-39.743346
-39.743546
-39.743745
-39.743965
-39.744228
-39.744534
-39.744879
-39.745258
-39.74567
-39.746116
-39.746592
-39.747091
-39.747589
-39.748064
-39.748494
-39.748823
-39.749016
-39.74909
-39.749076
-39.749021
-39.74893
-39.748836
-39.748709
-39.748526
-39.748349
-39.748203
-39.748089
-39.748029
-39.748077
-39.748207
-39.748348
-39.748483
-39.748611
-39.748728
-39.74883
-39.748933
-39.749057
-39.749214
-39.749405
-39.749624
-39.749867
-39.750125
-39.750383
-39.750626
-39.750851
-39.751064
-39.751269
-39.751471
-39.751667
-39.751855
-39.752035
-39.752211
-39.752382
-39.752546
-39.7527
-39.752846
-39.752986
-39.753122
-39.753257
-39.753394
-39.753533
-39.753674
-39.753817
-39.753962
-39.75411
-39.754259
-39.754411
-39.754565
-39.754722
-39.754881
-39.755043
-39.755208
-39.755375
-39.755546
-39.755719
-39.755894
-39.756071
-39.756247
-39.75642
-39.756587
-39.756743
-39.756884
-39.75701
-39.757124
-39.757234
-39.757347
-39.757468
-39.7576
-39.757741
-39.757892
-39.758049
-39.758212
-39.758378
-39.758546
-39.758716
-39.758888
-39.75906
-39.759234
-39.759408
-39.759582
-39.759758
-39.759933
-39.76011
-39.760287
-39.760465
-39.760643
-39.760821
-39.761
-39.76118
-39.761359
-39.761539
-39.761719
-39.7619
-39.76208
-39.762261
-39.762442
-39.762623
-39.762804
-39.762985
-39.763166
-39.763348
-39.763529
-39.76371
-39.763891
-39.764072
-39.764253
-39.764434
-39.764615
-39.764796
-39.764978
-39.765159
-39.765341
-39.765523
-39.765704
-39.765886
-39.766068
-39.766251
-39.766433
-39.766616
-39.766798
-39.766981
-39.767164
-39.767347
-39.767529
-39.767712
-39.767895
-39.768078
-39.768261
-39.768445
-39.768628
-39.768812
-39.768997
-39.769182
-39.769368
-39.769555
-39.769742
-39.769929
-39.770116
-39.770302
-39.770488
-39.770672
-39.770855
-39.771036
-39.771215
-39.771391
-39.771566
-39.771739
-39.77191
-39.772081
-39.772251
-39.772421
-39.772593
-39.772766
-39.772943
-39.773122
-39.773305
-39.77349
-39.773678
-39.773868
-39.774059
-39.77425
-39.774441
-39.77463
-39.774816
-39.774998
-39.775175
-39.775347
-39.775513
-39.775675
-39.775832
-39.775987
-39.77614
-39.776293
-39.776446
-39.776601
-39.776758
-39.776916
-39.777077
-39.777243
-39.777417
-39.777601
-39.777795
-39.777998
-39.778205
-39.778413
-39.778618
-39.778816
-39.779005
-39.779182
-39.779345
-39.779493
-39.779626
-39.779745
-39.779851
-39.779944
-39.780026
-39.780102
-39.780175
-39.780252
-39.780339
-39.780441
-39.780561
-39.780703
-39.780867
-39.781053
-39.781261
-39.78149
-39.781736
-39.781997
-39.782265
-39.782535
-39.782798
-39.783044
-39.783265
-39.783454
-39.783607
-39.783718
-39.78379
-39.783821
-39.783818
-39.783786
-39.783731
-39.783662
-39.783588
-39.783516
-39.783453
-39.783405
-39.783377
-39.783373
-39.783398
-39.783457
-39.783553
-39.78369
-39.78387
-39.784094
-39.784366
-39.784683
-39.785045
-39.785444
-39.785876
-39.786327
-39.786781
-39.787218
-39.787613
-39.787943
-39.788186
-39.788327
-39.788358
-39.78828
-39.788101
-39.787839
-39.787518
-39.787162
-39.786797
-39.786443
-39.786118
-39.785833
-39.785597
-39.785412
-39.785279
-39.785199
-39.785169
-39.785187
-39.785253
-39.785364
-39.78552
-39.785719
-39.785961
-39.786243
-39.786563
-39.786918
-39.787302
-39.787707
-39.78812
-39.78853
-39.788918
-39.789262
-39.789537
-39.789718
-39.789779
-39.789695
-39.789452
-39.789047
-39.788492
-39.787822
-39.787085
-39.786336
-39.785624
-39.784991
-39.784459
-39.784038
-39.783726
-39.783512
-39.783382
-39.783321
-39.783316
-39.783355
-39.783427
-39.783524
-39.783636
-39.783754
-39.78387
-39.783975
-39.784058
-39.78411
-39.784117
-39.784066
-39.783938
-39.783717
-39.783385
-39.782924
-39.78232
-39.781561
-39.780645
-39.77958
-39.778392
-39.777124
-39.775834
-39.774585
-39.77343
-39.772399
-39.771497
-39.77071
-39.770014
-39.769384
-39.768801
-39.768254
-39.767741
-39.767272
-39.766866
-39.766553
-39.766373
-39.766374
-39.766611
-39.76715
-39.768065
-39.769439
-39.771366
-39.773947
-39.777289
-39.781491
-39.786638
-39.792777
-39.799907
-39.807968
-39.816836
-39.82633
-39.836234
-39.846304
-39.856292
-39.865942
-39.875005
-39.883244
-39.890458
-39.896519
-39.901406
-39.905233
-39.908247
-39.910823
-39.913425
-39.91656
-39.920874
-39.927172
-39.936387
-39.952773
-39.987964
-40.032796
-40.029606
-40.070034
-39.931973
-39.946612
-39.645084
-20.969511
101.96785
-39.738191
-39.738202
-39.738169
-39.737976
-39.738182
-39.738249
-39.738278
-39.73831
-39.738361
-39.738401
-39.738447
-39.738495
-39.738548
-39.738605
-39.738667
-39.738734
-39.738806
-39.738881
-39.738959
-39.739032
-39.739099
-39.739141
-39.739166
-39.739194
-39.739188
-39.73918
-39.739165
-39.739146
-39.73912
-39.739095
-39.739082
-39.739072
-39.73908
-39.739098
-39.73913
-39.739172
-39.739217
-39.739258
-39.739286
-39.739295
-39.739275
-39.739245
-39.739229
-39.739226
-39.739249
-39.739287
-39.739348
-39.739445
-39.739595
-39.73982
-39.740146
-39.74055
-39.741101
-39.741519
-39.741702
-39.741524
-39.741032
-39.74164
-39.742335
-39.742737
-39.742982
-39.742821
-39.743055
-39.743856
-39.745075
-39.745544
-39.744093
-39.745948
-39.746258
-39.746152
-39.745467
-39.744217
-39.743706
-39.743225
-39.742888
-39.742587
-39.742318
-39.742147
-39.742021
-39.741987
-39.742065
-39.742215
-39.74242
-39.742654
-39.742899
-39.743145
-39.743374
-39.743579
-39.743783
-39.744008
-39.74427
-39.744572
-39.744911
-39.745283
-39.745686
-39.74612
-39.746583
-39.747063
-39.747541
-39.747996
-39.748406
-39.748722
-39.748915
-39.749
-39.749001
-39.74896
-39.748883
-39.748796
-39.748679
-39.748516
-39.748358
-39.748226
-39.748126
-39.748078
-39.748124
-39.748241
-39.748372
-39.748503
-39.748629
-39.748746
-39.748853
-39.748961
-39.749089
-39.749247
-39.749435
-39.74965
-39.749886
-39.750137
-39.750387
-39.750626
-39.750849
-39.751061
-39.751266
-39.751466
-39.751661
-39.751848
-39.752029
-39.752204
-39.752374
-39.752538
-39.752693
-39.75284
-39.752981
-39.753119
-39.753256
-39.753394
-39.753534
-39.753675
-39.753819
-39.753964
-39.754112
-39.754262
-39.754414
-39.754568
-39.754725
-39.754884
-39.755046
-39.75521
-39.755377
-39.755547
-39.755719
-39.755894
-39.756069
-39.756243
-39.756415
-39.75658
-39.756735
-39.756876
-39.757005
-39.757122
-39.757236
-39.757353
-39.757476
-39.757609
-39.757751
-39.757901
-39.758058
-39.75822
-39.758385
-39.758553
-39.758723
-39.758894
-39.759066
-39.759239
-39.759413
-39.759587
-39.759762
-39.759938
-39.760114
-39.760291
-39.760468
-39.760646
-39.760825
-39.761004
-39.761183
-39.761362
-39.761542
-39.761722
-39.761902
-39.762083
-39.762263
-39.762444
-39.762625
-39.762806
-39.762987
-39.763168
-39.763349
-39.76353
-39.763711
-39.763892
-39.764073
-39.764254
-39.764435
-39.764616
-39.764797
-39.764978
-39.76516
-39.765342
-39.765523
-39.765705
-39.765887
-39.766069
-39.766251
-39.766433
-39.766616
-39.766799
-39.766981
-39.767164
-39.767347
-39.767529
-39.767712
-39.767895
-39.768078
-39.768261
-39.768445
-39.768628
-39.768812
-39.768997
-39.769182
-39.769367
-39.769554
-39.76974
-39.769927
-39.770114
-39.7703
-39.770485
-39.770669
-39.770851
-39.771032
-39.771211
-39.771388
-39.771563
-39.771736
-39.771908
-39.772079
-39.772249
-39.77242
-39.772592
-39.772766
-39.772943
-39.773122
-39.773304
-39.773489
-39.773676
-39.773866
-39.774056
-39.774246
-39.774435
-39.774623
-39.774808
-39.77499
-39.775167
-39.775338
-39.775505
-39.775667
-39.775825
-39.775981
-39.776135
-39.776289
-39.776443
-39.776599
-39.776756
-39.776915
-39.777077
-39.777244
-39.777418
-39.777601
-39.777794
-39.777993
-39.778198
-39.778403
-39.778604
-39.7788
-39.778986
-39.779161
-39.779323
-39.779472
-39.779606
-39.779726
-39.779834
-39.77993
-39.780016
-39.780096
-39.780175
-39.780257
-39.780348
-39.780452
-39.780575
-39.780717
-39.780881
-39.781066
-39.781271
-39.781495
-39.781736
-39.78199
-39.782251
-39.782512
-39.782767
-39.783005
-39.783221
-39.783406
-39.783555
-39.783667
-39.78374
-39.783776
-39.783778
-39.783753
-39.783707
-39.783648
-39.783583
-39.78352
-39.783465
-39.783425
-39.783403
-39.783406
-39.783436
-39.783498
-39.783596
-39.783734
-39.783912
-39.784134
-39.7844
-39.784709
-39.78506
-39.785446
-39.785861
-39.786294
-39.786727
-39.787143
-39.787518
-39.787832
-39.788063
-39.788197
-39.788231
-39.78816
-39.787995
-39.787752
-39.787453
-39.78712
-39.786776
-39.786442
-39.786134
-39.785864
-39.785638
-39.78546
-39.785333
-39.785255
-39.785226
-39.785244
-39.785308
-39.785416
-39.785568
-39.785761
-39.785995
-39.786268
-39.786577
-39.786918
-39.787286
-39.787672
-39.788066
-39.788454
-39.788819
-39.78914
-39.789395
-39.789559
-39.789607
-39.78952
-39.789283
-39.788894
-39.788368
-39.787735
-39.78704
-39.786331
-39.785656
-39.785051
-39.784539
-39.784129
-39.78382
-39.783605
-39.783469
-39.7834
-39.783385
-39.783413
-39.783474
-39.783558
-39.783658
-39.783763
-39.783866
-39.783957
-39.784027
-39.784065
-39.78406
-39.783996
-39.783858
-39.78363
-39.783294
-39.782836
-39.782241
-39.7815
-39.780612
-39.779586
-39.778447
-39.777236
-39.776005
-39.774811
-39.773703
-39.772708
-39.771832
-39.771065
-39.770387
-39.769776
-39.769216
-39.768699
-39.768222
-39.767796
-39.767442
-39.767186
-39.767069
-39.767137
-39.767444
-39.768053
-39.769036
-39.770473
-39.772452
-39.77507
-39.778424
-39.782607
-39.787692
-39.793722
-39.800692
-39.80854
-39.817149
-39.826348
-39.835933
-39.845673
-39.855331
-39.864666
-39.87344
-39.881431
-39.888455
-39.894394
-39.89923
-39.903064
-39.906119
-39.908729
-39.911306
-39.914298
-39.918282
-39.923966
-39.932065
-39.9466
-39.979097
-40.018636
-40.019769
-40.057458
-39.919184
-39.910872
-39.722726
-20.151156
62.815454
-39.738209
-39.738223
-39.738079
-39.737097
-39.738058
-39.738275
-39.7383
-39.738326
-39.738372
-39.738411
-39.738456
-39.738504
-39.738556
-39.738612
-39.738673
-39.738739
-39.738809
-39.738882
-39.738958
-39.739027
-39.739092
-39.739134
-39.739162
-39.739188
-39.739187
-39.739182
-39.739169
-39.739153
-39.739132
-39.73911
-39.7391
-39.739092
-39.739101
-39.739119
-39.73915
-39.739189
-39.739232
-39.73927
-39.739298
-39.739307
-39.739293
-39.73927
-39.73926
-39.739262
-39.739287
-39.739329
-39.739395
-39.739495
-39.739647
-39.739869
-39.740182
-39.740564
-39.741067
-39.741441
-39.741642
-39.741497
-39.741165
-39.741711
-39.742313
-39.742684
-39.742941
-39.742854
-39.743119
-39.743877
-39.745008
-39.745842
-39.746029
-39.745859
-39.746058
-39.745936
-39.745276
-39.744249
-39.743715
-39.743257
-39.742924
-39.742633
-39.742382
-39.742218
-39.742103
-39.742075
-39.742147
-39.742288
-39.742482
-39.742705
-39.74294
-39.743179
-39.743404
-39.743612
-39.74382
-39.744048
-39.74431
-39.744609
-39.744942
-39.745306
-39.745701
-39.746124
-39.746572
-39.747035
-39.747495
-39.747931
-39.748322
-39.748626
-39.748819
-39.748912
-39.748928
-39.748899
-39.748836
-39.748758
-39.748651
-39.748506
-39.748366
-39.748247
-39.74816
-39.748122
-39.748167
-39.748273
-39.748397
-39.748523
-39.748648
-39.748765
-39.748875
-39.748989
-39.74912
-39.749278
-39.749464
-39.749674
-39.749904
-39.750148
-39.750392
-39.750626
-39.750847
-39.751058
-39.751262
-39.751462
-39.751655
-39.751842
-39.752022
-39.752197
-39.752366
-39.75253
-39.752686
-39.752834
-39.752977
-39.753116
-39.753255
-39.753394
-39.753534
-39.753676
-39.753821
-39.753967
-39.754115
-39.754265
-39.754417
-39.754571
-39.754728
-39.754887
-39.755049
-39.755213
-39.75538
-39.755549
-39.75572
-39.755893
-39.756067
-39.75624
-39.756409
-39.756573
-39.756727
-39.75687
-39.757
-39.757121
-39.757238
-39.757358
-39.757483
-39.757617
-39.75776
-39.75791
-39.758067
-39.758228
-39.758393
-39.75856
-39.758729
-39.7589
-39.759071
-39.759244
-39.759417
-39.759592
-39.759766
-39.759942
-39.760118
-39.760294
-39.760472
-39.76065
-39.760828
-39.761007
-39.761185
-39.761365
-39.761544
-39.761724
-39.761904
-39.762085
-39.762265
-39.762446
-39.762627
-39.762808
-39.762988
-39.763169
-39.76335
-39.763531
-39.763712
-39.763893
-39.764074
-39.764255
-39.764436
-39.764617
-39.764798
-39.764979
-39.765161
-39.765342
-39.765524
-39.765706
-39.765887
-39.766069
-39.766251
-39.766434
-39.766616
-39.766799
-39.766981
-39.767164
-39.767347
-39.767529
-39.767712
-39.767895
-39.768078
-39.768261
-39.768445
-39.768628
-39.768812
-39.768996
-39.769181
-39.769367
-39.769553
-39.769739
-39.769925
-39.770111
-39.770297
-39.770482
-39.770666
-39.770848
-39.771028
-39.771207
-39.771384
-39.77156
-39.771733
-39.771905
-39.772077
-39.772248
-39.772419
-39.772592
-39.772766
-39.772943
-39.773122
-39.773304
-39.773488
-39.773675
-39.773863
-39.774052
-39.774242
-39.77443
-39.774617
-39.774801
-39.774982
-39.775158
-39.77533
-39.775497
-39.77566
-39.775819
-39.775975
-39.77613
-39.776285
-39.77644
-39.776596
-39.776754
-39.776914
-39.777076
-39.777244
-39.777418
-39.777601
-39.777791
-39.777989
-39.77819
-39.778392
-39.778591
-39.778784
-39.778968
-39.779141
-39.779303
-39.779451
-39.779586
-39.779708
-39.779818
-39.779917
-39.780007
-39.780091
-39.780174
-39.78026
-39.780355
-39.780463
-39.780587
-39.78073
-39.780894
-39.781077
-39.781279
-39.7815
-39.781735
-39.781983
-39.782236
-39.78249
-39.782737
-39.782969
-39.783178
-39.783359
-39.783506
-39.783617
-39.783692
-39.783732
-39.78374
-39.783722
-39.783684
-39.783633
-39.783577
-39.783523
-39.783477
-39.783443
-39.783429
-39.783436
-39.783471
-39.783537
-39.783637
-39.783775
-39.783952
-39.784171
-39.784431
-39.784733
-39.785073
-39.785446
-39.785846
-39.78626
-39.786675
-39.787071
-39.787428
-39.787725
-39.787946
-39.788077
-39.788109
-39.788046
-39.787894
-39.787669
-39.787389
-39.787078
-39.786755
-39.78644
-39.786149
-39.785891
-39.785675
-39.785506
-39.785383
-39.785309
-39.785281
-39.785299
-39.785361
-39.785466
-39.785613
-39.785801
-39.786027
-39.78629
-39.786588
-39.786917
-39.787269
-39.787638
-39.788012
-39.78838
-39.788723
-39.789023
-39.789259
-39.789406
-39.789444
-39.789353
-39.789122
-39.78875
-39.788251
-39.787653
-39.786996
-39.786326
-39.785684
-39.785106
-39.784613
-39.784214
-39.783909
-39.783692
-39.783551
-39.783475
-39.783451
-39.783469
-39.783519
-39.783592
-39.783679
-39.783772
-39.783862
-39.783941
-39.783998
-39.784023
-39.784006
-39.783931
-39.783783
-39.783549
-39.783211
-39.782756
-39.782171
-39.781448
-39.780588
-39.7796
-39.778508
-39.77735
-39.776175
-39.775034
-39.77397
-39.77301
-39.77216
-39.771415
-39.770756
-39.770165
-39.769629
-39.769141
-39.7687
-39.768317
-39.768012
-39.767812
-39.767755
-39.767887
-39.76826
-39.768935
-39.769982
-39.771475
-39.773502
-39.776151
-39.779513
-39.783672
-39.788695
-39.794617
-39.80143
-39.809073
-39.817433
-39.826351
-39.835631
-39.845056
-39.8544
-39.863433
-39.871931
-39.879687
-39.886527
-39.892344
-39.897121
-39.900948
-39.904022
-39.906638
-39.909158
-39.911972
-39.915584
-39.920593
-39.927508
-39.940048
-39.968874
-40.001898
-40.003462
-40.027348
-39.879068
-39.870957
-33.465815
-2.7689655
82.685178
-39.738228
-39.738245
-39.737963
-39.737055
-39.737177
-39.73825
-39.738321
-39.73834
-39.738384
-39.738421
-39.738465
-39.738512
-39.738563
-39.738619
-39.738679
-39.738743
-39.738812
-39.738883
-39.738956
-39.739024
-39.739086
-39.739128
-39.739158
-39.739183
-39.739186
-39.739183
-39.739174
-39.73916
-39.739143
-39.739125
-39.739117
-39.739112
-39.739122
-39.73914
-39.73917
-39.739207
-39.739247
-39.739284
-39.73931
-39.739321
-39.739312
-39.739296
-39.739291
-39.739297
-39.739325
-39.739371
-39.73944
-39.739544
-39.739697
-39.739916
-39.740215
-39.740577
-39.741037
-39.741377
-39.741589
-39.74148
-39.74128
-39.741764
-39.742293
-39.742639
-39.742905
-39.742882
-39.743171
-39.743883
-39.744911
-39.745674
-39.745869
-39.745746
-39.745868
-39.745731
-39.745114
-39.744255
-39.743722
-39.743286
-39.74296
-39.742679
-39.742444
-39.742288
-39.742183
-39.742159
-39.742226
-39.742359
-39.742543
-39.742756
-39.742983
-39.743214
-39.743436
-39.743645
-39.743857
-39.744088
-39.744349
-39.744644
-39.744971
-39.745329
-39.745714
-39.746127
-39.746561
-39.747008
-39.747449
-39.747868
-39.748241
-39.748535
-39.748728
-39.748829
-39.748857
-39.74884
-39.74879
-39.74872
-39.748623
-39.748496
-39.748372
-39.748267
-39.748191
-39.748163
-39.748207
-39.748305
-39.748422
-39.748545
-39.748667
-39.748784
-39.748898
-39.749015
-39.749149
-39.749307
-39.749491
-39.749697
-39.749922
-39.75016
-39.750398
-39.750627
-39.750846
-39.751056
-39.751259
-39.751458
-39.75165
-39.751836
-39.752015
-39.75219
-39.752359
-39.752523
-39.752679
-39.752828
-39.752972
-39.753113
-39.753253
-39.753393
-39.753535
-39.753677
-39.753822
-39.753968
-39.754117
-39.754267
-39.75442
-39.754574
-39.754731
-39.75489
-39.755052
-39.755216
-39.755382
-39.75555
-39.755721
-39.755893
-39.756065
-39.756236
-39.756404
-39.756567
-39.756721
-39.756864
-39.756996
-39.75712
-39.75724
-39.757363
-39.75749
-39.757626
-39.757769
-39.757919
-39.758075
-39.758236
-39.7584
-39.758567
-39.758735
-39.758906
-39.759077
-39.759249
-39.759422
-39.759596
-39.759771
-39.759946
-39.760121
-39.760298
-39.760475
-39.760653
-39.760831
-39.76101
-39.761188
-39.761367
-39.761547
-39.761726
-39.761907
-39.762087
-39.762267
-39.762448
-39.762629
-39.762809
-39.76299
-39.763171
-39.763352
-39.763533
-39.763714
-39.763894
-39.764075
-39.764256
-39.764437
-39.764618
-39.764799
-39.76498
-39.765162
-39.765343
-39.765525
-39.765706
-39.765888
-39.76607
-39.766252
-39.766434
-39.766617
-39.766799
-39.766982
-39.767164
-39.767347
-39.767529
-39.767712
-39.767895
-39.768078
-39.768261
-39.768445
-39.768628
-39.768812
-39.768996
-39.769181
-39.769366
-39.769552
-39.769738
-39.769924
-39.770109
-39.770295
-39.770479
-39.770663
-39.770845
-39.771025
-39.771204
-39.771381
-39.771556
-39.77173
-39.771903
-39.772075
-39.772246
-39.772418
-39.772591
-39.772766
-39.772943
-39.773122
-39.773303
-39.773487
-39.773673
-39.773861
-39.774049
-39.774237
-39.774425
-39.774611
-39.774794
-39.774974
-39.775151
-39.775322
-39.775489
-39.775652
-39.775812
-39.775969
-39.776125
-39.77628
-39.776436
-39.776593
-39.776752
-39.776912
-39.777076
-39.777244
-39.777418
-39.777599
-39.777789
-39.777984
-39.778183
-39.778382
-39.778578
-39.778768
-39.77895
-39.779123
-39.779283
-39.779431
-39.779567
-39.77969
-39.779802
-39.779904
-39.779998
-39.780086
-39.780173
-39.780263
-39.780362
-39.780472
-39.780598
-39.780742
-39.780905
-39.781087
-39.781287
-39.781503
-39.781734
-39.781975
-39.782222
-39.782469
-39.782708
-39.782933
-39.783138
-39.783314
-39.783459
-39.78357
-39.783647
-39.78369
-39.783704
-39.783692
-39.783662
-39.783619
-39.783572
-39.783526
-39.783487
-39.783461
-39.783452
-39.783466
-39.783505
-39.783574
-39.783676
-39.783814
-39.78399
-39.784205
-39.78446
-39.784754
-39.785084
-39.785445
-39.78583
-39.786227
-39.786623
-39.787001
-39.787341
-39.787624
-39.787834
-39.78796
-39.787994
-39.787937
-39.787798
-39.787589
-39.787328
-39.787037
-39.786734
-39.786437
-39.786161
-39.785916
-39.78571
-39.785548
-39.785431
-39.78536
-39.785333
-39.785351
-39.785411
-39.785513
-39.785656
-39.785837
-39.786056
-39.786311
-39.786598
-39.786913
-39.787251
-39.787603
-39.787959
-39.788307
-39.78863
-39.788911
-39.789128
-39.78926
-39.789288
-39.789195
-39.788971
-39.788615
-39.78814
-39.787574
-39.786953
-39.786318
-39.785709
-39.785156
-39.784681
-39.784293
-39.783993
-39.783775
-39.78363
-39.783547
-39.783515
-39.783524
-39.783563
-39.783624
-39.7837
-39.783781
-39.783859
-39.783926
-39.783971
-39.783984
-39.783955
-39.78387
-39.783714
-39.783474
-39.783135
-39.782684
-39.782109
-39.781405
-39.780572
-39.77962
-39.778573
-39.777466
-39.776343
-39.775251
-39.77423
-39.773305
-39.772483
-39.77176
-39.771121
-39.770551
-39.77004
-39.769581
-39.769175
-39.768834
-39.768576
-39.768429
-39.768431
-39.768623
-39.769059
-39.769796
-39.770902
-39.772448
-39.774517
-39.777192
-39.780557
-39.78469
-39.789649
-39.795464
-39.802123
-39.809568
-39.817691
-39.826339
-39.835328
-39.844451
-39.853496
-39.862241
-39.870476
-39.878006
-39.884669
-39.890365
-39.895076
-39.898882
-39.901955
-39.904553
-39.906989
-39.909596
-39.912799
-39.917087
-39.922779
-39.933218
-39.957684
-39.983633
-39.982336
-39.978669
-39.782439
-39.715453
-36.213771
103.58876
107.57226
-39.738248
-39.738264
-39.737707
-39.737054
-39.737028
-39.738092
-39.738338
-39.738354
-39.738395
-39.738431
-39.738474
-39.73852
-39.73857
-39.738625
-39.738684
-39.738748
-39.738815
-39.738884
-39.738955
-39.73902
-39.739081
-39.739123
-39.739155
-39.73918
-39.739185
-39.739186
-39.739179
-39.739168
-39.739154
-39.73914
-39.739134
-39.739132
-39.739142
-39.73916
-39.739189
-39.739225
-39.739263
-39.739298
-39.739324
-39.739336
-39.739332
-39.739322
-39.739321
-39.739332
-39.739363
-39.739412
-39.739485
-39.739592
-39.739745
-39.73996
-39.740246
-39.740589
-39.741011
-39.741325
-39.741543
-39.741472
-39.741375
-39.741804
-39.742276
-39.742602
-39.742873
-39.742905
-39.743212
-39.743876
-39.744798
-39.745492
-39.745694
-39.745618
-39.745687
-39.745539
-39.744972
-39.744242
-39.743727
-39.743312
-39.742995
-39.742725
-39.742505
-39.742356
-39.74226
-39.74224
-39.742303
-39.742429
-39.742603
-39.742806
-39.743026
-39.74325
-39.743469
-39.74368
-39.743894
-39.744126
-39.744386
-39.744678
-39.745
-39.74535
-39.745727
-39.746128
-39.74655
-39.746981
-39.747405
-39.747807
-39.748165
-39.748449
-39.748642
-39.748749
-39.748789
-39.748783
-39.748744
-39.748684
-39.748597
-39.748486
-39.748377
-39.748285
-39.748221
-39.748201
-39.748244
-39.748336
-39.748447
-39.748566
-39.748687
-39.748804
-39.74892
-39.749041
-39.749177
-39.749335
-39.749517
-39.74972
-39.74994
-39.750171
-39.750403
-39.750629
-39.750846
-39.751054
-39.751256
-39.751454
-39.751645
-39.75183
-39.752009
-39.752183
-39.752353
-39.752516
-39.752672
-39.752823
-39.752968
-39.75311
-39.753251
-39.753393
-39.753535
-39.753678
-39.753823
-39.75397
-39.754119
-39.75427
-39.754422
-39.754577
-39.754734
-39.754893
-39.755054
-39.755218
-39.755384
-39.755552
-39.755721
-39.755892
-39.756063
-39.756233
-39.7564
-39.756561
-39.756715
-39.756858
-39.756992
-39.757119
-39.757242
-39.757367
-39.757497
-39.757633
-39.757777
-39.757927
-39.758083
-39.758243
-39.758407
-39.758573
-39.758742
-39.758911
-39.759082
-39.759254
-39.759427
-39.759601
-39.759775
-39.75995
-39.760125
-39.760302
-39.760479
-39.760656
-39.760834
-39.761013
-39.761191
-39.76137
-39.761549
-39.761729
-39.761909
-39.762089
-39.762269
-39.76245
-39.76263
-39.762811
-39.762991
-39.763172
-39.763353
-39.763534
-39.763715
-39.763895
-39.764076
-39.764257
-39.764438
-39.764619
-39.7648
-39.764981
-39.765162
-39.765344
-39.765525
-39.765707
-39.765888
-39.76607
-39.766252
-39.766435
-39.766617
-39.766799
-39.766982
-39.767164
-39.767347
-39.76753
-39.767712
-39.767895
-39.768078
-39.768261
-39.768444
-39.768628
-39.768811
-39.768996
-39.76918
-39.769365
-39.769551
-39.769736
-39.769922
-39.770107
-39.770292
-39.770477
-39.77066
-39.770841
-39.771022
-39.771201
-39.771378
-39.771553
-39.771727
-39.7719
-39.772073
-39.772245
-39.772417
-39.772591
-39.772765
-39.772942
-39.773121
-39.773303
-39.773486
-39.773671
-39.773858
-39.774046
-39.774233
-39.77442
-39.774605
-39.774788
-39.774967
-39.775143
-39.775314
-39.775482
-39.775645
-39.775806
-39.775964
-39.77612
-39.776276
-39.776433
-39.77659
-39.77675
-39.776911
-39.777075
-39.777243
-39.777417
-39.777598
-39.777786
-39.777979
-39.778175
-39.778371
-39.778565
-39.778753
-39.778934
-39.779104
-39.779264
-39.779412
-39.779549
-39.779673
-39.779788
-39.779892
-39.779989
-39.780081
-39.780172
-39.780266
-39.780368
-39.780481
-39.780609
-39.780753
-39.780916
-39.781096
-39.781293
-39.781505
-39.781731
-39.781967
-39.782207
-39.782447
-39.78268
-39.782899
-39.783099
-39.783271
-39.783415
-39.783525
-39.783603
-39.78365
-39.783669
-39.783664
-39.783641
-39.783606
-39.783566
-39.783528
-39.783497
-39.783477
-39.783475
-39.783493
-39.783537
-39.783609
-39.783712
-39.78385
-39.784025
-39.784237
-39.784487
-39.784773
-39.785094
-39.785443
-39.785813
-39.786194
-39.786573
-39.786933
-39.787257
-39.787527
-39.787728
-39.787849
-39.787884
-39.787834
-39.787706
-39.787512
-39.78727
-39.786997
-39.786712
-39.786432
-39.786171
-39.785939
-39.785743
-39.785588
-39.785476
-39.785408
-39.785383
-39.7854
-39.785459
-39.785558
-39.785696
-39.785872
-39.786084
-39.786329
-39.786606
-39.786909
-39.787232
-39.787568
-39.787907
-39.788235
-39.78854
-39.788802
-39.789002
-39.789121
-39.789141
-39.789046
-39.788827
-39.788486
-39.788036
-39.787499
-39.786912
-39.78631
-39.78573
-39.785201
-39.784743
-39.784366
-39.784071
-39.783854
-39.783705
-39.783616
-39.783576
-39.783576
-39.783605
-39.783656
-39.783721
-39.783791
-39.783857
-39.783912
-39.783945
-39.783948
-39.783908
-39.783814
-39.783651
-39.783406
-39.783067
-39.782619
-39.782055
-39.781369
-39.780563
-39.779647
-39.778642
-39.777583
-39.77651
-39.775466
-39.774486
-39.773595
-39.772801
-39.7721
-39.771482
-39.770934
-39.770448
-39.770018
-39.769647
-39.769346
-39.769135
-39.769039
-39.769096
-39.769346
-39.769841
-39.770637
-39.771797
-39.773392
-39.775498
-39.778194
-39.781558
-39.785662
-39.790555
-39.796264
-39.802775
-39.810029
-39.817923
-39.826313
-39.835023
-39.84386
-39.852617
-39.861088
-39.869072
-39.876385
-39.882876
-39.888452
-39.893092
-39.896865
-39.899921
-39.902478
-39.904808
-39.907183
-39.909949
-39.913483
-39.917944
-39.926223
-39.945985
-39.964881
-39.95991
-39.892359
-39.52305
-39.412593
-41.580295
129.29882
122.01992
-39.738267
-39.73828
-39.73699
-39.73706
-39.737343
-39.738258
-39.738347
-39.738368
-39.738406
-39.73844
-39.738482
-39.738528
-39.738577
-39.738632
-39.73869
-39.738752
-39.738818
-39.738885
-39.738954
-39.739018
-39.739076
-39.739119
-39.739152
-39.739177
-39.739185
-39.739188
-39.739184
-39.739176
-39.739165
-39.739154
-39.73915
-39.73915
-39.739161
-39.73918
-39.739209
-39.739243
-39.739279
-39.739312
-39.739338
-39.739351
-39.739351
-39.739347
-39.739351
-39.739366
-39.7394
-39.739452
-39.739528
-39.739638
-39.739791
-39.740001
-39.740276
-39.740601
-39.74099
-39.741284
-39.741503
-39.741469
-39.741453
-39.741835
-39.742261
-39.742571
-39.742845
-39.742924
-39.743242
-39.743857
-39.74468
-39.745308
-39.745515
-39.74548
-39.745516
-39.745361
-39.744847
-39.744217
-39.743728
-39.743334
-39.743028
-39.74277
-39.742563
-39.742422
-39.742334
-39.742318
-39.742377
-39.742496
-39.742662
-39.742857
-39.743069
-39.743288
-39.743503
-39.743714
-39.74393
-39.744163
-39.744422
-39.74471
-39.745027
-39.74537
-39.745739
-39.74613
-39.746538
-39.746954
-39.747363
-39.747749
-39.748093
-39.748368
-39.74856
-39.748673
-39.748722
-39.748727
-39.748699
-39.748648
-39.748573
-39.748476
-39.748381
-39.748301
-39.748247
-39.748235
-39.748279
-39.748365
-39.748472
-39.748588
-39.748707
-39.748824
-39.748942
-39.749066
-39.749204
-39.749362
-39.749542
-39.749741
-39.749957
-39.750182
-39.75041
-39.750632
-39.750846
-39.751053
-39.751254
-39.75145
-39.75164
-39.751825
-39.752004
-39.752177
-39.752346
-39.752509
-39.752666
-39.752818
-39.752964
-39.753108
-39.75325
-39.753392
-39.753535
-39.753679
-39.753825
-39.753972
-39.754121
-39.754272
-39.754425
-39.75458
-39.754737
-39.754896
-39.755057
-39.75522
-39.755385
-39.755553
-39.755721
-39.755891
-39.756061
-39.75623
-39.756395
-39.756556
-39.756709
-39.756853
-39.756989
-39.757118
-39.757244
-39.757371
-39.757503
-39.757641
-39.757785
-39.757935
-39.758091
-39.758251
-39.758414
-39.75858
-39.758748
-39.758917
-39.759088
-39.759259
-39.759432
-39.759605
-39.759779
-39.759954
-39.760129
-39.760305
-39.760482
-39.76066
-39.760837
-39.761016
-39.761194
-39.761373
-39.761552
-39.761731
-39.761911
-39.762091
-39.762271
-39.762452
-39.762632
-39.762812
-39.762993
-39.763174
-39.763354
-39.763535
-39.763716
-39.763897
-39.764077
-39.764258
-39.764439
-39.764619
-39.764801
-39.764982
-39.765163
-39.765345
-39.765526
-39.765707
-39.765889
-39.766071
-39.766253
-39.766435
-39.766617
-39.7668
-39.766982
-39.767164
-39.767347
-39.76753
-39.767712
-39.767895
-39.768078
-39.768261
-39.768444
-39.768628
-39.768811
-39.768995
-39.76918
-39.769364
-39.76955
-39.769735
-39.76992
-39.770105
-39.77029
-39.770474
-39.770657
-39.770838
-39.771019
-39.771197
-39.771375
-39.77155
-39.771725
-39.771898
-39.772071
-39.772243
-39.772416
-39.77259
-39.772765
-39.772942
-39.773121
-39.773302
-39.773485
-39.77367
-39.773856
-39.774042
-39.774229
-39.774415
-39.774599
-39.774781
-39.77496
-39.775136
-39.775307
-39.775474
-39.775638
-39.775799
-39.775958
-39.776115
-39.776272
-39.776429
-39.776588
-39.776747
-39.776909
-39.777073
-39.777242
-39.777416
-39.777596
-39.777782
-39.777973
-39.778167
-39.778361
-39.778553
-39.778739
-39.778917
-39.779087
-39.779246
-39.779394
-39.779531
-39.779657
-39.779773
-39.77988
-39.77998
-39.780076
-39.780171
-39.780268
-39.780373
-39.780489
-39.780618
-39.780763
-39.780925
-39.781104
-39.781298
-39.781507
-39.781728
-39.781959
-39.782193
-39.782427
-39.782653
-39.782867
-39.783061
-39.783231
-39.783372
-39.783482
-39.783562
-39.783612
-39.783635
-39.783636
-39.78362
-39.783593
-39.783561
-39.78353
-39.783506
-39.783493
-39.783496
-39.783519
-39.783567
-39.783641
-39.783746
-39.783885
-39.784058
-39.784266
-39.784511
-39.78479
-39.785101
-39.785439
-39.785795
-39.786161
-39.786524
-39.786868
-39.787177
-39.787434
-39.787627
-39.787744
-39.787779
-39.787735
-39.787618
-39.787439
-39.787213
-39.786957
-39.78669
-39.786427
-39.78618
-39.785959
-39.785773
-39.785625
-39.785518
-39.785453
-39.785429
-39.785446
-39.785504
-39.7856
-39.785734
-39.785904
-39.786109
-39.786346
-39.786612
-39.786903
-39.787213
-39.787533
-39.787855
-39.788166
-39.788452
-39.788697
-39.788881
-39.788988
-39.789
-39.788904
-39.788691
-39.788365
-39.787936
-39.787428
-39.786871
-39.7863
-39.785748
-39.785242
-39.784801
-39.784435
-39.784145
-39.783928
-39.783776
-39.783682
-39.783635
-39.783626
-39.783646
-39.783687
-39.783742
-39.7838
-39.783856
-39.7839
-39.783922
-39.783914
-39.783864
-39.783761
-39.783592
-39.783344
-39.783004
-39.782562
-39.782009
-39.781341
-39.780561
-39.779679
-39.778715
-39.777702
-39.776676
-39.775676
-39.774736
-39.773879
-39.773112
-39.772435
-39.771839
-39.771314
-39.770853
-39.770452
-39.770115
-39.769853
-39.769687
-39.76964
-39.76975
-39.770055
-39.770606
-39.771456
-39.772667
-39.774306
-39.776445
-39.779159
-39.782519
-39.786589
-39.791417
-39.797021
-39.803387
-39.810457
-39.818131
-39.826274
-39.834718
-39.843279
-39.851763
-39.859972
-39.867716
-39.874821
-39.881147
-39.886602
-39.891167
-39.894897
-39.89792
-39.900419
-39.902622
-39.904746
-39.907054
-39.90982
-39.913062
-39.919178
-39.934186
-39.946592
-39.936092
-39.907227
-39.793953
-39.767069
-40.153911
122.63349
136.90173
-39.738282
-39.738284
-39.737681
-39.737079
-39.738244
-39.738297
-39.738245
-39.738378
-39.738417
-39.73845
-39.738491
-39.738535
-39.738584
-39.738638
-39.738695
-39.738756
-39.738821
-39.738887
-39.738953
-39.739016
-39.739073
-39.739116
-39.739149
-39.739175
-39.739186
-39.739191
-39.73919
-39.739184
-39.739176
-39.739169
-39.739166
-39.739169
-39.739181
-39.7392
-39.739227
-39.73926
-39.739295
-39.739327
-39.739353
-39.739368
-39.739372
-39.739373
-39.739381
-39.7394
-39.739437
-39.739492
-39.739571
-39.739682
-39.739835
-39.740041
-39.740304
-39.740613
-39.740973
-39.741251
-39.74147
-39.741471
-39.741515
-39.741859
-39.742248
-39.742545
-39.742819
-39.742937
-39.743261
-39.74383
-39.744562
-39.74513
-39.745339
-39.745339
-39.745353
-39.745196
-39.744734
-39.744184
-39.743726
-39.743354
-39.74306
-39.742814
-39.742619
-39.742486
-39.742405
-39.742392
-39.742449
-39.742562
-39.74272
-39.742907
-39.743112
-39.743325
-39.743538
-39.743748
-39.743966
-39.744199
-39.744456
-39.744741
-39.745052
-39.745389
-39.745749
-39.74613
-39.746526
-39.746928
-39.747322
-39.747694
-39.748025
-39.748292
-39.748483
-39.748601
-39.748659
-39.748673
-39.748655
-39.748614
-39.748549
-39.748466
-39.748384
-39.748316
-39.748272
-39.748267
-39.748311
-39.748393
-39.748496
-39.748609
-39.748727
-39.748845
-39.748964
-39.74909
-39.749229
-39.749388
-39.749566
-39.749762
-39.749973
-39.750193
-39.750416
-39.750635
-39.750847
-39.751052
-39.751252
-39.751447
-39.751636
-39.75182
-39.751998
-39.752171
-39.75234
-39.752503
-39.752661
-39.752813
-39.75296
-39.753105
-39.753248
-39.753391
-39.753535
-39.75368
-39.753826
-39.753974
-39.754123
-39.754274
-39.754427
-39.754582
-39.754739
-39.754898
-39.755059
-39.755222
-39.755387
-39.755554
-39.755722
-39.755891
-39.756059
-39.756227
-39.756392
-39.756551
-39.756704
-39.756849
-39.756986
-39.757117
-39.757246
-39.757375
-39.757509
-39.757647
-39.757792
-39.757943
-39.758098
-39.758258
-39.758421
-39.758586
-39.758754
-39.758923
-39.759093
-39.759264
-39.759437
-39.75961
-39.759783
-39.759958
-39.760133
-39.760309
-39.760486
-39.760663
-39.760841
-39.761019
-39.761197
-39.761375
-39.761554
-39.761734
-39.761913
-39.762093
-39.762273
-39.762454
-39.762634
-39.762814
-39.762994
-39.763175
-39.763356
-39.763536
-39.763717
-39.763898
-39.764078
-39.764259
-39.764439
-39.76462
-39.764801
-39.764983
-39.765164
-39.765345
-39.765527
-39.765708
-39.76589
-39.766071
-39.766253
-39.766435
-39.766618
-39.7668
-39.766982
-39.767165
-39.767347
-39.76753
-39.767712
-39.767895
-39.768078
-39.768261
-39.768444
-39.768627
-39.768811
-39.768995
-39.769179
-39.769364
-39.769549
-39.769734
-39.769919
-39.770103
-39.770288
-39.770471
-39.770654
-39.770835
-39.771015
-39.771194
-39.771372
-39.771547
-39.771722
-39.771896
-39.772069
-39.772242
-39.772415
-39.772589
-39.772764
-39.772941
-39.77312
-39.773301
-39.773483
-39.773668
-39.773853
-39.774039
-39.774225
-39.77441
-39.774593
-39.774775
-39.774953
-39.775128
-39.7753
-39.775467
-39.775632
-39.775793
-39.775953
-39.776111
-39.776268
-39.776426
-39.776585
-39.776745
-39.776907
-39.777072
-39.77724
-39.777414
-39.777594
-39.777779
-39.777968
-39.77816
-39.778352
-39.778541
-39.778725
-39.778902
-39.77907
-39.779229
-39.779377
-39.779514
-39.779642
-39.77976
-39.779869
-39.779972
-39.780071
-39.780169
-39.78027
-39.780378
-39.780496
-39.780626
-39.780772
-39.780933
-39.78111
-39.781302
-39.781508
-39.781725
-39.78195
-39.782179
-39.782406
-39.782627
-39.782835
-39.783025
-39.783191
-39.783331
-39.783441
-39.783522
-39.783575
-39.783603
-39.78361
-39.7836
-39.78358
-39.783555
-39.783531
-39.783514
-39.783507
-39.783516
-39.783544
-39.783595
-39.783672
-39.783779
-39.783917
-39.784088
-39.784294
-39.784533
-39.784806
-39.785108
-39.785434
-39.785777
-39.786129
-39.786476
-39.786805
-39.7871
-39.787345
-39.78753
-39.787643
-39.78768
-39.787641
-39.787534
-39.787368
-39.787158
-39.786919
-39.786668
-39.78642
-39.786187
-39.785978
-39.785801
-39.78566
-39.785558
-39.785496
-39.785473
-39.785491
-39.785546
-39.78564
-39.78577
-39.785935
-39.786132
-39.786361
-39.786617
-39.786896
-39.787192
-39.787498
-39.787804
-39.788098
-39.788367
-39.788595
-39.788765
-39.788861
-39.788866
-39.788769
-39.788563
-39.78825
-39.787842
-39.78736
-39.786832
-39.786289
-39.785763
-39.785279
-39.784855
-39.784499
-39.784214
-39.783998
-39.783844
-39.783745
-39.783691
-39.783675
-39.783686
-39.783717
-39.783762
-39.78381
-39.783855
-39.783889
-39.783901
-39.783883
-39.783824
-39.783713
-39.783538
-39.783287
-39.782949
-39.782512
-39.78197
-39.781321
-39.780566
-39.779716
-39.778791
-39.777821
-39.77684
-39.775884
-39.774983
-39.774158
-39.773419
-39.772766
-39.772192
-39.77169
-39.771254
-39.770882
-39.770579
-39.770356
-39.770232
-39.770233
-39.770393
-39.77075
-39.771354
-39.772255
-39.773513
-39.775192
-39.77736
-39.780087
-39.783439
-39.787475
-39.792235
-39.797736
-39.803961
-39.810853
-39.818317
-39.826222
-39.834412
-39.842711
-39.850933
-39.858891
-39.866406
-39.873312
-39.879476
-39.884813
-39.889298
-39.892977
-39.895954
-39.89838
-39.90044
-39.9023
-39.904138
-39.90613
-39.908187
-39.912185
-39.922616
-39.929237
-39.915174
-39.897271
-39.80492
-39.791697
-39.882761
67.941381
148.42781
-39.7383
-39.738302
-39.737757
-39.737115
-39.738282
-39.738301
-39.738206
-39.73827
-39.738427
-39.738458
-39.738499
-39.738543
-39.738591
-39.738644
-39.7387
-39.73876
-39.738824
-39.738888
-39.738953
-39.739014
-39.73907
-39.739113
-39.739148
-39.739174
-39.739187
-39.739194
-39.739196
-39.739193
-39.739188
-39.739182
-39.739182
-39.739187
-39.739199
-39.739219
-39.739246
-39.739278
-39.739311
-39.739343
-39.739368
-39.739385
-39.739392
-39.739398
-39.73941
-39.739433
-39.739473
-39.739531
-39.739612
-39.739725
-39.739877
-39.740078
-39.740331
-39.740625
-39.740959
-39.741224
-39.741442
-39.741475
-39.741563
-39.741878
-39.742236
-39.742523
-39.742796
-39.742944
-39.74327
-39.743795
-39.744449
-39.744962
-39.745171
-39.745198
-39.745199
-39.745044
-39.744631
-39.744147
-39.743721
-39.743371
-39.74309
-39.742856
-39.742673
-39.742547
-39.742473
-39.742463
-39.742518
-39.742626
-39.742777
-39.742957
-39.743156
-39.743363
-39.743573
-39.743783
-39.744
-39.744234
-39.744489
-39.74477
-39.745077
-39.745407
-39.745759
-39.74613
-39.746514
-39.746903
-39.747283
-39.747641
-39.74796
-39.74822
-39.74841
-39.748532
-39.748598
-39.748622
-39.748613
-39.748581
-39.748526
-39.748456
-39.748386
-39.748329
-39.748295
-39.748296
-39.74834
-39.74842
-39.74852
-39.748631
-39.748747
-39.748865
-39.748986
-39.749113
-39.749254
-39.749412
-39.749588
-39.749782
-39.749989
-39.750205
-39.750423
-39.750638
-39.750848
-39.751051
-39.75125
-39.751443
-39.751632
-39.751815
-39.751993
-39.752166
-39.752334
-39.752497
-39.752655
-39.752808
-39.752957
-39.753102
-39.753247
-39.753391
-39.753535
-39.753681
-39.753827
-39.753975
-39.754125
-39.754276
-39.75443
-39.754585
-39.754742
-39.754901
-39.755062
-39.755224
-39.755389
-39.755555
-39.755722
-39.75589
-39.756058
-39.756224
-39.756388
-39.756547
-39.7567
-39.756845
-39.756984
-39.757117
-39.757247
-39.757379
-39.757514
-39.757654
-39.757799
-39.75795
-39.758105
-39.758265
-39.758428
-39.758593
-39.75876
-39.758928
-39.759098
-39.759269
-39.759441
-39.759614
-39.759788
-39.759962
-39.760137
-39.760313
-39.760489
-39.760666
-39.760844
-39.761022
-39.7612
-39.761378
-39.761557
-39.761736
-39.761916
-39.762095
-39.762275
-39.762455
-39.762635
-39.762816
-39.762996
-39.763176
-39.763357
-39.763538
-39.763718
-39.763899
-39.764079
-39.76426
-39.76444
-39.764621
-39.764802
-39.764983
-39.765165
-39.765346
-39.765527
-39.765709
-39.76589
-39.766072
-39.766254
-39.766436
-39.766618
-39.7668
-39.766982
-39.767165
-39.767347
-39.76753
-39.767712
-39.767895
-39.768078
-39.768261
-39.768444
-39.768627
-39.768811
-39.768994
-39.769178
-39.769363
-39.769548
-39.769732
-39.769917
-39.770101
-39.770285
-39.770469
-39.770651
-39.770832
-39.771012
-39.771191
-39.771369
-39.771545
-39.771719
-39.771893
-39.772067
-39.77224
-39.772414
-39.772588
-39.772763
-39.77294
-39.773119
-39.7733
-39.773482
-39.773666
-39.77385
-39.774036
-39.774221
-39.774405
-39.774588
-39.774769
-39.774947
-39.775121
-39.775293
-39.77546
-39.775625
-39.775787
-39.775947
-39.776106
-39.776264
-39.776422
-39.776582
-39.776742
-39.776905
-39.77707
-39.777239
-39.777412
-39.777591
-39.777775
-39.777963
-39.778152
-39.778342
-39.778529
-39.778711
-39.778887
-39.779054
-39.779212
-39.77936
-39.779498
-39.779627
-39.779747
-39.779858
-39.779964
-39.780066
-39.780167
-39.780271
-39.780382
-39.780502
-39.780634
-39.78078
-39.780941
-39.781116
-39.781306
-39.781508
-39.781721
-39.781941
-39.782164
-39.782386
-39.782602
-39.782805
-39.782991
-39.783154
-39.783292
-39.783402
-39.783484
-39.783541
-39.783573
-39.783585
-39.783581
-39.783568
-39.78355
-39.783532
-39.783521
-39.783521
-39.783534
-39.783567
-39.783621
-39.783701
-39.783809
-39.783947
-39.784117
-39.784319
-39.784554
-39.784819
-39.785112
-39.785428
-39.785759
-39.786097
-39.78643
-39.786744
-39.787026
-39.787261
-39.787437
-39.787547
-39.787585
-39.787552
-39.787454
-39.7873
-39.787104
-39.786881
-39.786646
-39.786412
-39.786192
-39.785994
-39.785826
-39.785692
-39.785595
-39.785536
-39.785515
-39.785532
-39.785586
-39.785677
-39.785803
-39.785963
-39.786154
-39.786374
-39.78662
-39.786888
-39.787172
-39.787463
-39.787753
-39.788032
-39.788285
-39.788498
-39.788654
-39.788739
-39.788738
-39.788641
-39.788441
-39.788141
-39.787752
-39.787294
-39.786793
-39.786278
-39.785777
-39.785313
-39.784904
-39.784558
-39.784279
-39.784064
-39.783909
-39.783805
-39.783745
-39.783721
-39.783724
-39.783747
-39.783782
-39.783821
-39.783855
-39.783879
-39.783881
-39.783854
-39.783787
-39.783669
-39.783489
-39.783236
-39.782899
-39.782468
-39.781938
-39.781306
-39.780576
-39.779758
-39.778871
-39.777942
-39.777004
-39.776088
-39.775224
-39.774432
-39.773721
-39.773092
-39.772541
-39.772062
-39.771652
-39.771308
-39.771039
-39.770853
-39.770771
-39.770817
-39.771024
-39.771432
-39.772085
-39.773034
-39.774336
-39.776051
-39.778243
-39.78098
-39.78432
-39.788319
-39.793013
-39.798412
-39.8045
-39.81122
-39.81848
-39.826159
-39.834105
-39.842152
-39.850124
-39.857844
-39.865138
-39.871853
-39.877862
-39.883082
-39.887484
-39.891104
-39.894025
-39.896366
-39.898272
-39.899858
-39.901221
-39.902446
-39.903366
-39.905337
-39.911521
-39.913265
-39.895897
-39.874873
-39.794545
-39.783859
-39.882594
-8.8610255
152.53122
-39.738324
-39.738321
-39.737495
-39.737571
-39.738306
-39.738227
-39.738216
-39.738227
-39.738431
-39.738454
-39.738503
-39.73855
-39.738598
-39.73865
-39.738705
-39.738765
-39.738827
-39.73889
-39.738953
-39.739013
-39.739068
-39.739111
-39.739146
-39.739173
-39.739189
-39.739198
-39.739202
-39.739201
-39.739199
-39.739196
-39.739198
-39.739204
-39.739218
-39.739237
-39.739264
-39.739295
-39.739328
-39.739359
-39.739384
-39.739402
-39.739413
-39.739423
-39.739439
-39.739466
-39.739508
-39.739569
-39.739652
-39.739766
-39.739917
-39.740114
-39.740357
-39.740637
-39.740949
-39.741204
-39.741419
-39.74148
-39.741601
-39.741892
-39.742225
-39.742504
-39.742774
-39.742947
-39.743271
-39.743757
-39.74434
-39.744806
-39.745012
-39.74506
-39.745053
-39.744904
-39.744537
-39.744107
-39.743714
-39.743386
-39.743119
-39.742897
-39.742725
-39.742606
-39.742539
-39.742532
-39.742584
-39.742688
-39.742833
-39.743006
-39.743199
-39.743401
-39.743608
-39.743817
-39.744035
-39.744267
-39.744521
-39.744799
-39.7451
-39.745424
-39.745768
-39.746129
-39.746502
-39.746878
-39.747246
-39.747591
-39.747899
-39.748152
-39.748341
-39.748467
-39.74854
-39.748572
-39.748572
-39.748549
-39.748505
-39.748446
-39.748388
-39.748341
-39.748316
-39.748322
-39.748368
-39.748446
-39.748543
-39.748652
-39.748767
-39.748885
-39.749007
-39.749136
-39.749278
-39.749435
-39.74961
-39.749801
-39.750004
-39.750216
-39.75043
-39.750642
-39.750849
-39.751051
-39.751248
-39.751441
-39.751628
-39.751811
-39.751988
-39.752161
-39.752329
-39.752492
-39.75265
-39.752804
-39.752953
-39.7531
-39.753245
-39.75339
-39.753535
-39.753681
-39.753828
-39.753977
-39.754127
-39.754278
-39.754432
-39.754587
-39.754744
-39.754903
-39.755064
-39.755226
-39.75539
-39.755556
-39.755722
-39.75589
-39.756056
-39.756222
-39.756385
-39.756543
-39.756696
-39.756842
-39.756981
-39.757116
-39.757249
-39.757383
-39.757519
-39.75766
-39.757806
-39.757957
-39.758112
-39.758272
-39.758434
-39.758599
-39.758766
-39.758934
-39.759103
-39.759274
-39.759446
-39.759618
-39.759792
-39.759966
-39.760141
-39.760316
-39.760492
-39.760669
-39.760847
-39.761024
-39.761202
-39.761381
-39.761559
-39.761738
-39.761918
-39.762097
-39.762277
-39.762457
-39.762637
-39.762817
-39.762998
-39.763178
-39.763358
-39.763539
-39.763719
-39.7639
-39.76408
-39.764261
-39.764441
-39.764622
-39.764803
-39.764984
-39.765165
-39.765347
-39.765528
-39.765709
-39.765891
-39.766072
-39.766254
-39.766436
-39.766618
-39.7668
-39.766982
-39.767165
-39.767347
-39.76753
-39.767712
-39.767895
-39.768078
-39.768261
-39.768444
-39.768627
-39.76881
-39.768994
-39.769178
-39.769362
-39.769547
-39.769731
-39.769915
-39.770099
-39.770283
-39.770466
-39.770648
-39.77083
-39.77101
-39.771188
-39.771366
-39.771542
-39.771717
-39.771891
-39.772065
-39.772239
-39.772413
-39.772587
-39.772762
-39.772939
-39.773118
-39.773299
-39.77348
-39.773664
-39.773848
-39.774032
-39.774217
-39.7744
-39.774582
-39.774763
-39.77494
-39.775115
-39.775286
-39.775454
-39.775619
-39.775782
-39.775942
-39.776101
-39.77626
-39.776419
-39.776578
-39.77674
-39.776902
-39.777068
-39.777237
-39.77741
-39.777588
-39.777771
-39.777957
-39.778145
-39.778332
-39.778517
-39.778698
-39.778872
-39.779038
-39.779196
-39.779344
-39.779483
-39.779613
-39.779734
-39.779848
-39.779956
-39.780061
-39.780165
-39.780272
-39.780385
-39.780507
-39.78064
-39.780787
-39.780947
-39.781121
-39.781309
-39.781508
-39.781717
-39.781932
-39.78215
-39.782367
-39.782577
-39.782776
-39.782957
-39.783118
-39.783254
-39.783364
-39.783448
-39.783507
-39.783543
-39.78356
-39.783563
-39.783555
-39.783544
-39.783533
-39.783528
-39.783533
-39.783552
-39.783588
-39.783646
-39.783728
-39.783837
-39.783975
-39.784143
-39.784342
-39.784572
-39.784831
-39.785115
-39.785421
-39.78574
-39.786065
-39.786384
-39.786685
-39.786955
-39.787179
-39.787349
-39.787456
-39.787494
-39.787467
-39.787377
-39.787235
-39.787053
-39.786845
-39.786624
-39.786404
-39.786196
-39.786009
-39.785849
-39.785722
-39.785629
-39.785574
-39.785554
-39.785572
-39.785624
-39.785713
-39.785835
-39.785989
-39.786173
-39.786385
-39.786622
-39.786879
-39.78715
-39.787428
-39.787704
-39.787967
-39.788205
-39.788403
-39.788548
-39.788623
-39.788617
-39.788519
-39.788325
-39.788038
-39.787667
-39.787232
-39.786756
-39.786266
-39.785788
-39.785344
-39.784949
-39.784614
-39.78434
-39.784127
-39.78397
-39.783863
-39.783797
-39.783766
-39.783761
-39.783776
-39.783802
-39.783831
-39.783856
-39.78387
-39.783864
-39.783828
-39.783753
-39.783629
-39.783445
-39.78319
-39.782855
-39.782431
-39.781913
-39.781298
-39.780592
-39.779805
-39.778953
-39.778064
-39.777166
-39.77629
-39.775462
-39.774702
-39.774018
-39.773414
-39.772886
-39.772431
-39.772046
-39.771731
-39.771493
-39.771344
-39.771302
-39.771391
-39.771645
-39.772099
-39.772799
-39.773793
-39.775134
-39.776882
-39.779096
-39.781838
-39.785165
-39.789125
-39.793751
-39.79905
-39.805004
-39.811558
-39.818624
-39.826084
-39.833797
-39.841604
-39.849337
-39.856828
-39.863912
-39.870444
-39.876302
-39.881405
-39.885723
-39.889279
-39.892135
-39.894381
-39.896124
-39.897433
-39.898323
-39.898801
-39.898639
-39.898711
-39.90106
-39.898743
-39.880008
-39.856893
-39.788975
-39.773214
-39.748791
-29.051287
143.83148
-39.738347
-39.738343
-39.737231
-39.738313
-39.738321
-39.738229
-39.738326
-39.738433
-39.738424
-39.738457
-39.73849
-39.738557
-39.738604
-39.738655
-39.73871
-39.738769
-39.73883
-39.738892
-39.738954
-39.739012
-39.739066
-39.73911
-39.739146
-39.739173
-39.739191
-39.739202
-39.739208
-39.73921
-39.73921
-39.73921
-39.739214
-39.739221
-39.739236
-39.739256
-39.739282
-39.739313
-39.739344
-39.739375
-39.739401
-39.73942
-39.739435
-39.739448
-39.739468
-39.739498
-39.739543
-39.739606
-39.739691
-39.739806
-39.739956
-39.740148
-39.740382
-39.74065
-39.740942
-39.741188
-39.7414
-39.741486
-39.741631
-39.741903
-39.742215
-39.742486
-39.742754
-39.742946
-39.743265
-39.743714
-39.744239
-39.744662
-39.744864
-39.744926
-39.744917
-39.744776
-39.744449
-39.744067
-39.743705
-39.743398
-39.743145
-39.742936
-39.742774
-39.742663
-39.742602
-39.742597
-39.742648
-39.742748
-39.742887
-39.743055
-39.743241
-39.74344
-39.743643
-39.743851
-39.744068
-39.7443
-39.744552
-39.744826
-39.745122
-39.74544
-39.745776
-39.746128
-39.746491
-39.746855
-39.74721
-39.747544
-39.747842
-39.748088
-39.748276
-39.748405
-39.748485
-39.748524
-39.748533
-39.748518
-39.748484
-39.748437
-39.748389
-39.748352
-39.748335
-39.748347
-39.748394
-39.74847
-39.748565
-39.748672
-39.748786
-39.748905
-39.749028
-39.749158
-39.749301
-39.749458
-39.749631
-39.749819
-39.750019
-39.750227
-39.750437
-39.750646
-39.750851
-39.751051
-39.751247
-39.751438
-39.751625
-39.751806
-39.751983
-39.752156
-39.752324
-39.752487
-39.752645
-39.752799
-39.75295
-39.753098
-39.753244
-39.753389
-39.753535
-39.753682
-39.753829
-39.753978
-39.754128
-39.75428
-39.754434
-39.75459
-39.754747
-39.754906
-39.755066
-39.755228
-39.755392
-39.755557
-39.755723
-39.755889
-39.756055
-39.75622
-39.756382
-39.75654
-39.756692
-39.756839
-39.75698
-39.757116
-39.757251
-39.757386
-39.757524
-39.757666
-39.757813
-39.757964
-39.758119
-39.758278
-39.75844
-39.758605
-39.758771
-39.758939
-39.759108
-39.759279
-39.75945
-39.759623
-39.759796
-39.75997
-39.760144
-39.76032
-39.760496
-39.760673
-39.76085
-39.761027
-39.761205
-39.761383
-39.761562
-39.761741
-39.76192
-39.7621
-39.762279
-39.762459
-39.762639
-39.762819
-39.762999
-39.763179
-39.76336
-39.76354
-39.763721
-39.763901
-39.764081
-39.764262
-39.764442
-39.764623
-39.764804
-39.764985
-39.765166
-39.765347
-39.765529
-39.76571
-39.765891
-39.766073
-39.766255
-39.766437
-39.766618
-39.766801
-39.766983
-39.767165
-39.767347
-39.76753
-39.767712
-39.767895
-39.768078
-39.76826
-39.768443
-39.768626
-39.76881
-39.768993
-39.769177
-39.769361
-39.769545
-39.76973
-39.769914
-39.770098
-39.770281
-39.770464
-39.770646
-39.770827
-39.771007
-39.771186
-39.771363
-39.771539
-39.771715
-39.771889
-39.772063
-39.772237
-39.772411
-39.772586
-39.772761
-39.772938
-39.773117
-39.773297
-39.773479
-39.773662
-39.773845
-39.774029
-39.774213
-39.774395
-39.774577
-39.774757
-39.774934
-39.775108
-39.775279
-39.775447
-39.775613
-39.775776
-39.775937
-39.776097
-39.776256
-39.776415
-39.776575
-39.776737
-39.7769
-39.777066
-39.777235
-39.777408
-39.777585
-39.777767
-39.777951
-39.778137
-39.778323
-39.778506
-39.778685
-39.778858
-39.779023
-39.77918
-39.779329
-39.779468
-39.779599
-39.779722
-39.779838
-39.779948
-39.780056
-39.780163
-39.780273
-39.780388
-39.780512
-39.780646
-39.780793
-39.780953
-39.781125
-39.781311
-39.781507
-39.781712
-39.781923
-39.782136
-39.782348
-39.782553
-39.782747
-39.782925
-39.783083
-39.783218
-39.783328
-39.783413
-39.783475
-39.783515
-39.783537
-39.783545
-39.783544
-39.783538
-39.783534
-39.783534
-39.783545
-39.783568
-39.783609
-39.78367
-39.783754
-39.783864
-39.784001
-39.784168
-39.784364
-39.784589
-39.784841
-39.785118
-39.785413
-39.785721
-39.786033
-39.78634
-39.786628
-39.786886
-39.787102
-39.787265
-39.787368
-39.787408
-39.787385
-39.787304
-39.787173
-39.787003
-39.786809
-39.786602
-39.786395
-39.786199
-39.786022
-39.785871
-39.78575
-39.785662
-39.785609
-39.785592
-39.785609
-39.78566
-39.785746
-39.785864
-39.786013
-39.786191
-39.786395
-39.786623
-39.78687
-39.787129
-39.787393
-39.787655
-39.787904
-39.788127
-39.788313
-39.788445
-39.788512
-39.788501
-39.788403
-39.788215
-39.787939
-39.787586
-39.787172
-39.78672
-39.786253
-39.785797
-39.785371
-39.784991
-39.784665
-39.784397
-39.784186
-39.784028
-39.783918
-39.783847
-39.78381
-39.783798
-39.783804
-39.783821
-39.783841
-39.783858
-39.783863
-39.783848
-39.783805
-39.783722
-39.783593
-39.783405
-39.783149
-39.782817
-39.782399
-39.781893
-39.781296
-39.780614
-39.779855
-39.779038
-39.778186
-39.777327
-39.776489
-39.775696
-39.774967
-39.774311
-39.773731
-39.773227
-39.772796
-39.772436
-39.772149
-39.771943
-39.771829
-39.771826
-39.771957
-39.772254
-39.772753
-39.773496
-39.774531
-39.77591
-39.777686
-39.779918
-39.782663
-39.785974
-39.789894
-39.794452
-39.799652
-39.805476
-39.811869
-39.818747
-39.825999
-39.833489
-39.841065
-39.84857
-39.855842
-39.862725
-39.869081
-39.874792
-39.879782
-39.884014
-39.8875
-39.890286
-39.892431
-39.894006
-39.895037
-39.895465
-39.895222
-39.894039
-39.892363
-39.891332
-39.885572
-39.86701
-39.842451
-39.78007
-39.755719
-39.716821
-31.960348
136.42425
-39.738358
-39.738357
-39.737279
-39.738352
-39.73832
-39.738232
-39.738401
-39.73844
-39.738445
-39.73847
-39.738514
-39.738564
-39.73861
-39.738661
-39.738715
-39.738773
-39.738833
-39.738894
-39.738954
-39.739012
-39.739065
-39.739109
-39.739145
-39.739174
-39.739193
-39.739207
-39.739215
-39.739219
-39.739221
-39.739223
-39.739229
-39.739238
-39.739253
-39.739274
-39.7393
-39.73933
-39.739361
-39.739391
-39.739418
-39.739439
-39.739456
-39.739473
-39.739496
-39.739529
-39.739577
-39.739642
-39.739729
-39.739844
-39.739993
-39.74018
-39.740406
-39.740662
-39.740938
-39.741176
-39.741385
-39.741491
-39.741653
-39.741911
-39.742206
-39.74247
-39.742734
-39.742941
-39.743253
-39.74367
-39.744143
-39.744529
-39.744726
-39.744799
-39.744789
-39.744658
-39.744368
-39.744026
-39.743695
-39.743408
-39.74317
-39.742973
-39.742821
-39.742718
-39.742662
-39.74266
-39.74271
-39.742806
-39.74294
-39.743103
-39.743284
-39.743478
-39.743678
-39.743885
-39.744101
-39.744332
-39.744582
-39.744852
-39.745144
-39.745455
-39.745784
-39.746127
-39.746479
-39.746832
-39.747176
-39.747499
-39.747787
-39.748028
-39.748215
-39.748347
-39.748432
-39.748479
-39.748495
-39.748489
-39.748464
-39.748427
-39.74839
-39.748362
-39.748352
-39.748369
-39.748418
-39.748493
-39.748587
-39.748693
-39.748806
-39.748924
-39.749048
-39.74918
-39.749323
-39.749479
-39.749651
-39.749836
-39.750033
-39.750237
-39.750444
-39.75065
-39.750853
-39.751052
-39.751246
-39.751436
-39.751622
-39.751803
-39.751979
-39.752151
-39.752319
-39.752482
-39.752641
-39.752796
-39.752947
-39.753095
-39.753242
-39.753389
-39.753535
-39.753682
-39.75383
-39.753979
-39.75413
-39.754282
-39.754436
-39.754592
-39.754749
-39.754908
-39.755068
-39.75523
-39.755393
-39.755558
-39.755723
-39.755889
-39.756054
-39.756218
-39.756379
-39.756537
-39.756689
-39.756836
-39.756978
-39.757116
-39.757252
-39.757389
-39.757529
-39.757672
-39.757819
-39.75797
-39.758126
-39.758285
-39.758447
-39.758611
-39.758777
-39.758944
-39.759113
-39.759284
-39.759455
-39.759627
-39.7598
-39.759974
-39.760148
-39.760323
-39.760499
-39.760676
-39.760853
-39.76103
-39.761208
-39.761386
-39.761564
-39.761743
-39.761922
-39.762102
-39.762281
-39.762461
-39.762641
-39.76282
-39.763001
-39.763181
-39.763361
-39.763541
-39.763722
-39.763902
-39.764082
-39.764263
-39.764443
-39.764624
-39.764805
-39.764986
-39.765167
-39.765348
-39.765529
-39.76571
-39.765892
-39.766073
-39.766255
-39.766437
-39.766619
-39.766801
-39.766983
-39.767165
-39.767348
-39.76753
-39.767713
-39.767895
-39.768078
-39.76826
-39.768443
-39.768626
-39.768809
-39.768993
-39.769177
-39.76936
-39.769544
-39.769728
-39.769912
-39.770096
-39.770279
-39.770462
-39.770643
-39.770824
-39.771004
-39.771183
-39.77136
-39.771537
-39.771712
-39.771887
-39.772061
-39.772235
-39.77241
-39.772585
-39.77276
-39.772937
-39.773116
-39.773296
-39.773477
-39.773659
-39.773842
-39.774026
-39.774209
-39.774391
-39.774572
-39.774751
-39.774928
-39.775102
-39.775273
-39.775441
-39.775607
-39.77577
-39.775932
-39.776092
-39.776252
-39.776411
-39.776572
-39.776734
-39.776897
-39.777063
-39.777232
-39.777405
-39.777582
-39.777762
-39.777945
-39.77813
-39.778314
-39.778495
-39.778673
-39.778844
-39.779009
-39.779165
-39.779314
-39.779454
-39.779586
-39.77971
-39.779828
-39.779941
-39.780051
-39.780161
-39.780273
-39.78039
-39.780516
-39.780651
-39.780798
-39.780957
-39.781129
-39.781312
-39.781505
-39.781707
-39.781913
-39.782122
-39.782329
-39.78253
-39.78272
-39.782895
-39.78305
-39.783184
-39.783294
-39.78338
-39.783444
-39.783488
-39.783514
-39.783528
-39.783532
-39.783533
-39.783534
-39.78354
-39.783555
-39.783583
-39.783628
-39.783692
-39.783778
-39.783888
-39.784026
-39.784191
-39.784384
-39.784604
-39.78485
-39.785118
-39.785404
-39.785702
-39.786002
-39.786297
-39.786573
-39.78682
-39.787027
-39.787184
-39.787285
-39.787326
-39.787307
-39.787233
-39.787112
-39.786955
-39.786774
-39.78658
-39.786386
-39.786201
-39.786034
-39.78589
-39.785776
-39.785693
-39.785643
-39.785626
-39.785644
-39.785694
-39.785777
-39.785892
-39.786036
-39.786207
-39.786404
-39.786623
-39.786859
-39.787107
-39.787359
-39.787607
-39.787842
-39.788053
-39.788225
-39.788347
-39.788406
-39.78839
-39.788293
-39.788111
-39.787846
-39.787509
-39.787115
-39.786684
-39.78624
-39.785804
-39.785396
-39.785029
-39.784713
-39.784451
-39.784242
-39.784084
-39.78397
-39.783895
-39.783852
-39.783833
-39.783831
-39.783841
-39.783852
-39.78386
-39.783857
-39.783834
-39.783783
-39.783694
-39.78356
-39.783369
-39.783113
-39.782784
-39.782373
-39.781879
-39.7813
-39.78064
-39.77991
-39.779125
-39.778309
-39.777488
-39.776686
-39.775927
-39.775228
-39.774599
-39.774044
-39.773564
-39.773156
-39.772822
-39.772563
-39.772388
-39.772308
-39.772342
-39.772512
-39.772851
-39.773393
-39.774177
-39.775251
-39.776662
-39.778464
-39.780712
-39.783457
-39.786749
-39.790627
-39.795117
-39.80022
-39.805917
-39.812155
-39.818853
-39.825904
-39.833179
-39.840536
-39.847822
-39.854884
-39.861575
-39.867761
-39.873332
-39.87821
-39.882355
-39.885769
-39.88848
-39.89052
-39.891925
-39.892683
-39.892664
-39.891734
-39.889597
-39.886328
-39.882376
-39.873656
-39.855831
-39.832003
-39.777668
-39.743396
-39.732609
2.5323375
142.46476
-39.738366
-39.738362
-39.738241
-39.738366
-39.738308
-39.738237
-39.73841
-39.738448
-39.738464
-39.738494
-39.738529
-39.738569
-39.738616
-39.738666
-39.73872
-39.738777
-39.738836
-39.738896
-39.738955
-39.739012
-39.739064
-39.739108
-39.739146
-39.739175
-39.739196
-39.739211
-39.739221
-39.739228
-39.739232
-39.739237
-39.739244
-39.739255
-39.739271
-39.739292
-39.739318
-39.739347
-39.739378
-39.739408
-39.739435
-39.739458
-39.739477
-39.739497
-39.739524
-39.73956
-39.73961
-39.739677
-39.739766
-39.739881
-39.740028
-39.740211
-39.740429
-39.740674
-39.740936
-39.741167
-39.741373
-39.741497
-39.741671
-39.741917
-39.742197
-39.742456
-39.742715
-39.742932
-39.743237
-39.743625
-39.744054
-39.744407
-39.744598
-39.744678
-39.74467
-39.74455
-39.744292
-39.743986
-39.743683
-39.743417
-39.743193
-39.743008
-39.742866
-39.74277
-39.74272
-39.74272
-39.742769
-39.742863
-39.742992
-39.743149
-39.743326
-39.743515
-39.743713
-39.743918
-39.744133
-39.744363
-39.74461
-39.744877
-39.745164
-39.745469
-39.745791
-39.746126
-39.746468
-39.746811
-39.747143
-39.747456
-39.747736
-39.747972
-39.748157
-39.748292
-39.748382
-39.748435
-39.748459
-39.748461
-39.748445
-39.748417
-39.74839
-39.74837
-39.748368
-39.74839
-39.74844
-39.748515
-39.748608
-39.748712
-39.748825
-39.748944
-39.749068
-39.7492
-39.749344
-39.7495
-39.74967
-39.749853
-39.750047
-39.750248
-39.750452
-39.750655
-39.750855
-39.751052
-39.751245
-39.751434
-39.751619
-39.751799
-39.751975
-39.752147
-39.752314
-39.752477
-39.752637
-39.752792
-39.752944
-39.753093
-39.753241
-39.753388
-39.753535
-39.753683
-39.753831
-39.75398
-39.754131
-39.754284
-39.754438
-39.754594
-39.754751
-39.75491
-39.75507
-39.755232
-39.755394
-39.755559
-39.755723
-39.755888
-39.756053
-39.756216
-39.756377
-39.756534
-39.756686
-39.756834
-39.756977
-39.757116
-39.757254
-39.757392
-39.757533
-39.757677
-39.757825
-39.757976
-39.758132
-39.758291
-39.758453
-39.758617
-39.758782
-39.75895
-39.759118
-39.759288
-39.759459
-39.759631
-39.759804
-39.759978
-39.760152
-39.760327
-39.760502
-39.760679
-39.760856
-39.761033
-39.761211
-39.761388
-39.761567
-39.761745
-39.761924
-39.762104
-39.762283
-39.762463
-39.762642
-39.762822
-39.763002
-39.763182
-39.763362
-39.763543
-39.763723
-39.763903
-39.764083
-39.764264
-39.764444
-39.764625
-39.764806
-39.764987
-39.765168
-39.765349
-39.76553
-39.765711
-39.765892
-39.766074
-39.766256
-39.766437
-39.766619
-39.766801
-39.766983
-39.767165
-39.767348
-39.76753
-39.767713
-39.767895
-39.768078
-39.76826
-39.768443
-39.768626
-39.768809
-39.768992
-39.769176
-39.76936
-39.769543
-39.769727
-39.769911
-39.770094
-39.770277
-39.770459
-39.770641
-39.770822
-39.771002
-39.77118
-39.771358
-39.771534
-39.77171
-39.771885
-39.772059
-39.772234
-39.772408
-39.772583
-39.772759
-39.772936
-39.773115
-39.773294
-39.773475
-39.773657
-39.77384
-39.774022
-39.774205
-39.774386
-39.774567
-39.774745
-39.774922
-39.775096
-39.775267
-39.775435
-39.775601
-39.775765
-39.775927
-39.776087
-39.776247
-39.776408
-39.776569
-39.776731
-39.776895
-39.777061
-39.77723
-39.777402
-39.777578
-39.777758
-39.777939
-39.778122
-39.778305
-39.778485
-39.778661
-39.778831
-39.778995
-39.779151
-39.779299
-39.77944
-39.779573
-39.779699
-39.779818
-39.779934
-39.780046
-39.780158
-39.780272
-39.780392
-39.780519
-39.780656
-39.780803
-39.780961
-39.781132
-39.781313
-39.781503
-39.781701
-39.781904
-39.782109
-39.782311
-39.782508
-39.782694
-39.782865
-39.783019
-39.783151
-39.783261
-39.783348
-39.783415
-39.783462
-39.783493
-39.783511
-39.783521
-39.783527
-39.783534
-39.783545
-39.783565
-39.783598
-39.783646
-39.783712
-39.7838
-39.783912
-39.784049
-39.784212
-39.784402
-39.784618
-39.784857
-39.785118
-39.785395
-39.785682
-39.785972
-39.786255
-39.78652
-39.786757
-39.786955
-39.787107
-39.787205
-39.787247
-39.787232
-39.787166
-39.787054
-39.786909
-39.786739
-39.786558
-39.786376
-39.786202
-39.786044
-39.785908
-39.785799
-39.785721
-39.785674
-39.785659
-39.785677
-39.785726
-39.785807
-39.785917
-39.786056
-39.786222
-39.786411
-39.786622
-39.786848
-39.787085
-39.787325
-39.787561
-39.787783
-39.78798
-39.788141
-39.788252
-39.788304
-39.788285
-39.788188
-39.788012
-39.787758
-39.787436
-39.78706
-39.78665
-39.786226
-39.78581
-39.785418
-39.785065
-39.784758
-39.784501
-39.784295
-39.784136
-39.78402
-39.783941
-39.783892
-39.783866
-39.783858
-39.78386
-39.783863
-39.783864
-39.783853
-39.783822
-39.783764
-39.783669
-39.78353
-39.783337
-39.783081
-39.782756
-39.782353
-39.78187
-39.781308
-39.78067
-39.779967
-39.779214
-39.778433
-39.777647
-39.77688
-39.776154
-39.775485
-39.774883
-39.774353
-39.773896
-39.773513
-39.773204
-39.772972
-39.772827
-39.77278
-39.77285
-39.773059
-39.773437
-39.774018
-39.774841
-39.77595
-39.777393
-39.779217
-39.781476
-39.784219
-39.78749
-39.791325
-39.795747
-39.800756
-39.806329
-39.812417
-39.818941
-39.825799
-39.832869
-39.840015
-39.847092
-39.853954
-39.860461
-39.866484
-39.871919
-39.876687
-39.880745
-39.884086
-39.886718
-39.888651
-39.889889
-39.890381
-39.889938
-39.88836
-39.885336
-39.880635
-39.874196
-39.862919
-39.845786
-39.825773
-39.780482
-39.807905
-39.66671
63.120464
160.76076
-39.738373
-39.738366
-39.738371
-39.73838
-39.738278
-39.738298
-39.73842
-39.738455
-39.738471
-39.738502
-39.738536
-39.738576
-39.738622
-39.738672
-39.738725
-39.738781
-39.738839
-39.738898
-39.738957
-39.739013
-39.739064
-39.739109
-39.739147
-39.739177
-39.7392
-39.739216
-39.739228
-39.739237
-39.739244
-39.73925
-39.739259
-39.739271
-39.739288
-39.739309
-39.739335
-39.739365
-39.739395
-39.739425
-39.739453
-39.739477
-39.739499
-39.739522
-39.739551
-39.73959
-39.739642
-39.739712
-39.739802
-39.739917
-39.740062
-39.740241
-39.740451
-39.740687
-39.740936
-39.74116
-39.741364
-39.741502
-39.741684
-39.741921
-39.742189
-39.742442
-39.742697
-39.742921
-39.743217
-39.743579
-39.74397
-39.744295
-39.74448
-39.744564
-39.744558
-39.74445
-39.744222
-39.743948
-39.743671
-39.743424
-39.743215
-39.743041
-39.742909
-39.74282
-39.742775
-39.742777
-39.742826
-39.742917
-39.743043
-39.743195
-39.743367
-39.743553
-39.743748
-39.743951
-39.744165
-39.744393
-39.744638
-39.744901
-39.745183
-39.745483
-39.745798
-39.746124
-39.746457
-39.74679
-39.747112
-39.747416
-39.747688
-39.747919
-39.748102
-39.748239
-39.748334
-39.748393
-39.748424
-39.748434
-39.748426
-39.748408
-39.748389
-39.748378
-39.748382
-39.748409
-39.748461
-39.748536
-39.748628
-39.748732
-39.748844
-39.748962
-39.749087
-39.74922
-39.749364
-39.74952
-39.749689
-39.74987
-39.750061
-39.750258
-39.750459
-39.75066
-39.750858
-39.751053
-39.751245
-39.751433
-39.751617
-39.751796
-39.751971
-39.752143
-39.75231
-39.752473
-39.752633
-39.752788
-39.752941
-39.753091
-39.75324
-39.753387
-39.753535
-39.753683
-39.753832
-39.753981
-39.754133
-39.754286
-39.75444
-39.754596
-39.754753
-39.754912
-39.755072
-39.755233
-39.755396
-39.755559
-39.755723
-39.755888
-39.756051
-39.756214
-39.756374
-39.756531
-39.756684
-39.756832
-39.756976
-39.757116
-39.757256
-39.757395
-39.757537
-39.757682
-39.75783
-39.757982
-39.758138
-39.758297
-39.758459
-39.758622
-39.758788
-39.758955
-39.759123
-39.759293
-39.759464
-39.759636
-39.759808
-39.759981
-39.760155
-39.76033
-39.760506
-39.760682
-39.760859
-39.761036
-39.761213
-39.761391
-39.761569
-39.761748
-39.761927
-39.762106
-39.762285
-39.762464
-39.762644
-39.762824
-39.763004
-39.763184
-39.763364
-39.763544
-39.763724
-39.763904
-39.764084
-39.764265
-39.764445
-39.764626
-39.764807
-39.764988
-39.765168
-39.765349
-39.76553
-39.765711
-39.765893
-39.766074
-39.766256
-39.766438
-39.76662
-39.766801
-39.766983
-39.767166
-39.767348
-39.76753
-39.767713
-39.767895
-39.768077
-39.76826
-39.768443
-39.768626
-39.768809
-39.768992
-39.769175
-39.769359
-39.769542
-39.769726
-39.769909
-39.770092
-39.770275
-39.770457
-39.770639
-39.770819
-39.770999
-39.771178
-39.771355
-39.771532
-39.771708
-39.771883
-39.772058
-39.772232
-39.772407
-39.772582
-39.772758
-39.772935
-39.773113
-39.773293
-39.773474
-39.773655
-39.773837
-39.774019
-39.774201
-39.774382
-39.774562
-39.77474
-39.774916
-39.77509
-39.775261
-39.775429
-39.775595
-39.77576
-39.775922
-39.776083
-39.776243
-39.776404
-39.776566
-39.776728
-39.776892
-39.777058
-39.777227
-39.777399
-39.777575
-39.777753
-39.777933
-39.778115
-39.778296
-39.778474
-39.778649
-39.778818
-39.778981
-39.779137
-39.779286
-39.779427
-39.779561
-39.779688
-39.779809
-39.779926
-39.780041
-39.780155
-39.780272
-39.780393
-39.780522
-39.780659
-39.780807
-39.780965
-39.781134
-39.781313
-39.781501
-39.781695
-39.781894
-39.782095
-39.782293
-39.782486
-39.782668
-39.782837
-39.782988
-39.783119
-39.783229
-39.783318
-39.783387
-39.783437
-39.783472
-39.783495
-39.78351
-39.783521
-39.783533
-39.78355
-39.783574
-39.783611
-39.783662
-39.783731
-39.783821
-39.783933
-39.78407
-39.784231
-39.784418
-39.78463
-39.784864
-39.785117
-39.785386
-39.785663
-39.785942
-39.786214
-39.786468
-39.786696
-39.786887
-39.787033
-39.787129
-39.787172
-39.787161
-39.787101
-39.786999
-39.786864
-39.786706
-39.786537
-39.786366
-39.786202
-39.786053
-39.785925
-39.785822
-39.785747
-39.785703
-39.78569
-39.785707
-39.785756
-39.785834
-39.785941
-39.786076
-39.786235
-39.786418
-39.786619
-39.786836
-39.787062
-39.787291
-39.787515
-39.787724
-39.78791
-39.788059
-39.788162
-39.788206
-39.788184
-39.788088
-39.787917
-39.787673
-39.787366
-39.787008
-39.786617
-39.786213
-39.785814
-39.785438
-39.785098
-39.7848
-39.784548
-39.784345
-39.784186
-39.784068
-39.783985
-39.783931
-39.783899
-39.783884
-39.783879
-39.783875
-39.783867
-39.783849
-39.783811
-39.783747
-39.783647
-39.783504
-39.783309
-39.783054
-39.782732
-39.782337
-39.781867
-39.781321
-39.780705
-39.780028
-39.779306
-39.778558
-39.777806
-39.777073
-39.776378
-39.775738
-39.775162
-39.774657
-39.774224
-39.773865
-39.773581
-39.773376
-39.773261
-39.773246
-39.77335
-39.773596
-39.774011
-39.77463
-39.775489
-39.776631
-39.778101
-39.779945
-39.782214
-39.784951
-39.788199
-39.791991
-39.796345
-39.80126
-39.806714
-39.812655
-39.819012
-39.825685
-39.832558
-39.839502
-39.846379
-39.853049
-39.85938
-39.865248
-39.87055
-39.875212
-39.879184
-39.88245
-39.885004
-39.88683
-39.887904
-39.888143
-39.8873
-39.885121
-39.881281
-39.875308
-39.866774
-39.853302
-39.83636
-39.821304
-39.782013
-39.862766
-39.455469
0.58910487
172.71352
-39.738381
-39.738375
-39.73838
-39.73839
-39.738309
-39.738434
-39.738429
-39.738462
-39.738479
-39.738509
-39.738543
-39.738584
-39.738628
-39.738677
-39.73873
-39.738785
-39.738842
-39.7389
-39.738958
-39.739014
-39.739065
-39.739109
-39.739148
-39.739179
-39.739203
-39.739222
-39.739236
-39.739246
-39.739255
-39.739263
-39.739274
-39.739287
-39.739305
-39.739327
-39.739353
-39.739382
-39.739412
-39.739442
-39.739471
-39.739496
-39.73952
-39.739546
-39.739578
-39.739619
-39.739674
-39.739745
-39.739836
-39.739952
-39.740095
-39.74027
-39.740473
-39.7407
-39.740938
-39.741156
-39.741358
-39.741507
-39.741694
-39.741924
-39.742182
-39.742429
-39.742679
-39.742907
-39.743194
-39.743534
-39.743892
-39.744192
-39.74437
-39.744457
-39.744455
-39.744358
-39.744156
-39.74391
-39.743658
-39.74343
-39.743235
-39.743073
-39.74295
-39.742868
-39.742828
-39.742832
-39.742881
-39.74297
-39.743092
-39.74324
-39.743408
-39.74359
-39.743782
-39.743984
-39.744196
-39.744422
-39.744664
-39.744924
-39.745202
-39.745496
-39.745804
-39.746122
-39.746447
-39.74677
-39.747083
-39.747377
-39.747642
-39.747869
-39.748051
-39.748189
-39.748288
-39.748353
-39.748391
-39.748408
-39.748408
-39.748399
-39.748389
-39.748385
-39.748396
-39.748427
-39.748481
-39.748556
-39.748647
-39.748751
-39.748862
-39.748981
-39.749106
-39.74924
-39.749384
-39.749539
-39.749707
-39.749885
-39.750074
-39.750268
-39.750466
-39.750664
-39.750861
-39.751054
-39.751245
-39.751432
-39.751614
-39.751793
-39.751968
-39.752139
-39.752306
-39.752469
-39.752629
-39.752785
-39.752938
-39.753089
-39.753238
-39.753387
-39.753535
-39.753683
-39.753832
-39.753983
-39.754134
-39.754287
-39.754442
-39.754598
-39.754755
-39.754914
-39.755073
-39.755235
-39.755397
-39.75556
-39.755724
-39.755887
-39.75605
-39.756212
-39.756372
-39.756529
-39.756682
-39.75683
-39.756975
-39.757117
-39.757257
-39.757398
-39.757541
-39.757687
-39.757836
-39.757988
-39.758144
-39.758303
-39.758464
-39.758628
-39.758793
-39.75896
-39.759128
-39.759298
-39.759468
-39.75964
-39.759812
-39.759985
-39.760159
-39.760334
-39.760509
-39.760685
-39.760861
-39.761038
-39.761216
-39.761394
-39.761572
-39.76175
-39.761929
-39.762108
-39.762287
-39.762466
-39.762646
-39.762825
-39.763005
-39.763185
-39.763365
-39.763545
-39.763725
-39.763905
-39.764085
-39.764266
-39.764446
-39.764627
-39.764808
-39.764988
-39.765169
-39.76535
-39.765531
-39.765712
-39.765893
-39.766075
-39.766256
-39.766438
-39.76662
-39.766802
-39.766984
-39.767166
-39.767348
-39.76753
-39.767713
-39.767895
-39.768077
-39.76826
-39.768442
-39.768625
-39.768808
-39.768991
-39.769175
-39.769358
-39.769541
-39.769724
-39.769908
-39.77009
-39.770273
-39.770455
-39.770636
-39.770817
-39.770997
-39.771175
-39.771353
-39.771529
-39.771705
-39.771881
-39.772056
-39.77223
-39.772405
-39.772581
-39.772757
-39.772934
-39.773112
-39.773291
-39.773472
-39.773653
-39.773834
-39.774016
-39.774197
-39.774378
-39.774557
-39.774735
-39.774911
-39.775084
-39.775255
-39.775423
-39.77559
-39.775754
-39.775917
-39.776078
-39.776239
-39.7764
-39.776562
-39.776725
-39.776889
-39.777055
-39.777224
-39.777396
-39.777571
-39.777748
-39.777927
-39.778108
-39.778287
-39.778464
-39.778638
-39.778806
-39.778968
-39.779124
-39.779272
-39.779414
-39.779549
-39.779677
-39.7798
-39.779919
-39.780036
-39.780152
-39.780271
-39.780394
-39.780524
-39.780662
-39.78081
-39.780967
-39.781135
-39.781312
-39.781498
-39.781689
-39.781885
-39.782081
-39.782276
-39.782465
-39.782644
-39.782809
-39.782959
-39.783089
-39.783199
-39.783289
-39.78336
-39.783413
-39.783452
-39.783479
-39.783499
-39.783516
-39.783532
-39.783554
-39.783583
-39.783623
-39.783678
-39.783749
-39.783841
-39.783953
-39.784089
-39.784249
-39.784433
-39.78464
-39.784869
-39.785115
-39.785375
-39.785643
-39.785912
-39.786174
-39.786419
-39.786638
-39.786821
-39.786963
-39.787057
-39.7871
-39.787093
-39.787039
-39.786945
-39.78682
-39.786673
-39.786515
-39.786355
-39.786201
-39.786061
-39.785939
-39.785842
-39.785772
-39.785731
-39.785719
-39.785737
-39.785783
-39.78586
-39.785963
-39.786093
-39.786247
-39.786422
-39.786616
-39.786824
-39.78704
-39.787257
-39.78747
-39.787668
-39.787842
-39.787981
-39.788075
-39.788113
-39.788088
-39.787993
-39.787827
-39.787593
-39.787299
-39.786957
-39.786584
-39.786199
-39.785817
-39.785457
-39.785128
-39.784839
-39.784593
-39.784392
-39.784234
-39.784113
-39.784027
-39.783969
-39.783931
-39.78391
-39.783897
-39.783887
-39.783872
-39.783847
-39.783802
-39.783732
-39.783628
-39.783481
-39.783285
-39.783031
-39.782713
-39.782326
-39.781867
-39.781338
-39.780743
-39.780092
-39.779399
-39.778683
-39.777964
-39.777263
-39.776599
-39.775987
-39.775438
-39.774958
-39.774548
-39.774212
-39.773954
-39.773776
-39.773689
-39.773705
-39.773842
-39.774123
-39.774574
-39.775228
-39.776121
-39.777293
-39.778788
-39.780649
-39.782924
-39.785654
-39.788878
-39.792625
-39.796912
-39.801735
-39.807071
-39.812872
-39.819067
-39.825563
-39.832247
-39.838998
-39.845682
-39.85217
-39.858331
-39.864049
-39.869226
-39.873783
-39.877671
-39.880863
-39.883339
-39.88506
-39.885977
-39.885978
-39.884765
-39.882032
-39.877454
-39.870367
-39.860081
-39.844736
-39.826991
-39.813601
-39.768671
-39.869824
-39.304722
-16.237291
164.77501
-39.738389
-39.73839
-39.738389
-39.738398
-39.738353
-39.73844
-39.738438
-39.738468
-39.738486
-39.738516
-39.73855
-39.73859
-39.738634
-39.738683
-39.738734
-39.738789
-39.738846
-39.738903
-39.73896
-39.739015
-39.739066
-39.739111
-39.739149
-39.739182
-39.739207
-39.739227
-39.739243
-39.739255
-39.739266
-39.739276
-39.739288
-39.739303
-39.739322
-39.739344
-39.73937
-39.739399
-39.73943
-39.73946
-39.739489
-39.739516
-39.739542
-39.73957
-39.739605
-39.739648
-39.739705
-39.739778
-39.739869
-39.739985
-39.740127
-39.740297
-39.740494
-39.740713
-39.740941
-39.741154
-39.741353
-39.741511
-39.741702
-39.741926
-39.742174
-39.742416
-39.742662
-39.742891
-39.74317
-39.743489
-39.743819
-39.744097
-39.744269
-39.744357
-39.744359
-39.744273
-39.744095
-39.743874
-39.743645
-39.743435
-39.743253
-39.743103
-39.742989
-39.742913
-39.742878
-39.742885
-39.742934
-39.743021
-39.743139
-39.743284
-39.743448
-39.743627
-39.743816
-39.744016
-39.744226
-39.74445
-39.74469
-39.744947
-39.74522
-39.745508
-39.745809
-39.74612
-39.746436
-39.74675
-39.747055
-39.747341
-39.747599
-39.747821
-39.748002
-39.748142
-39.748245
-39.748315
-39.748359
-39.748383
-39.748391
-39.74839
-39.748387
-39.748391
-39.748408
-39.748443
-39.748499
-39.748575
-39.748666
-39.748769
-39.74888
-39.748999
-39.749125
-39.749259
-39.749402
-39.749557
-39.749724
-39.749901
-39.750086
-39.750278
-39.750474
-39.750669
-39.750864
-39.751056
-39.751245
-39.75143
-39.751612
-39.75179
-39.751965
-39.752135
-39.752302
-39.752465
-39.752625
-39.752782
-39.752936
-39.753087
-39.753237
-39.753386
-39.753535
-39.753684
-39.753833
-39.753984
-39.754135
-39.754289
-39.754443
-39.754599
-39.754757
-39.754915
-39.755075
-39.755236
-39.755398
-39.755561
-39.755724
-39.755887
-39.75605
-39.756211
-39.75637
-39.756527
-39.75668
-39.756829
-39.756974
-39.757117
-39.757259
-39.757401
-39.757545
-39.757691
-39.757841
-39.757994
-39.75815
-39.758309
-39.75847
-39.758633
-39.758798
-39.758965
-39.759133
-39.759302
-39.759472
-39.759644
-39.759816
-39.759989
-39.760163
-39.760337
-39.760512
-39.760688
-39.760864
-39.761041
-39.761218
-39.761396
-39.761574
-39.761752
-39.761931
-39.76211
-39.762289
-39.762468
-39.762647
-39.762827
-39.763007
-39.763187
-39.763366
-39.763546
-39.763726
-39.763906
-39.764086
-39.764267
-39.764447
-39.764628
-39.764808
-39.764989
-39.76517
-39.765351
-39.765532
-39.765713
-39.765894
-39.766075
-39.766257
-39.766439
-39.76662
-39.766802
-39.766984
-39.767166
-39.767348
-39.767531
-39.767713
-39.767895
-39.768077
-39.76826
-39.768442
-39.768625
-39.768808
-39.768991
-39.769174
-39.769357
-39.76954
-39.769723
-39.769906
-39.770089
-39.770271
-39.770453
-39.770634
-39.770815
-39.770994
-39.771173
-39.77135
-39.771527
-39.771703
-39.771879
-39.772054
-39.772229
-39.772404
-39.772579
-39.772756
-39.772933
-39.773111
-39.77329
-39.77347
-39.773651
-39.773832
-39.774013
-39.774193
-39.774373
-39.774552
-39.77473
-39.774905
-39.775078
-39.775249
-39.775418
-39.775585
-39.775749
-39.775912
-39.776074
-39.776235
-39.776397
-39.776559
-39.776722
-39.776886
-39.777052
-39.777221
-39.777393
-39.777567
-39.777743
-39.777921
-39.7781
-39.778278
-39.778454
-39.778627
-39.778794
-39.778956
-39.779111
-39.77926
-39.779402
-39.779537
-39.779667
-39.779791
-39.779912
-39.780031
-39.780149
-39.78027
-39.780395
-39.780526
-39.780665
-39.780812
-39.78097
-39.781136
-39.781311
-39.781494
-39.781683
-39.781875
-39.782068
-39.782259
-39.782444
-39.78262
-39.782783
-39.782931
-39.783059
-39.78317
-39.783261
-39.783334
-39.78339
-39.783433
-39.783464
-39.783489
-39.78351
-39.783532
-39.783557
-39.78359
-39.783634
-39.783692
-39.783766
-39.783859
-39.783972
-39.784108
-39.784266
-39.784447
-39.78465
-39.784873
-39.785112
-39.785364
-39.785623
-39.785883
-39.786135
-39.78637
-39.786581
-39.786758
-39.786895
-39.786987
-39.787031
-39.787027
-39.786979
-39.786894
-39.786778
-39.786642
-39.786494
-39.786344
-39.786199
-39.786067
-39.785953
-39.785861
-39.785795
-39.785756
-39.785746
-39.785764
-39.78581
-39.785884
-39.785984
-39.786109
-39.786257
-39.786426
-39.786612
-39.786811
-39.787017
-39.787224
-39.787426
-39.787613
-39.787776
-39.787905
-39.787991
-39.788024
-39.787996
-39.787902
-39.787742
-39.787517
-39.787235
-39.786909
-39.786553
-39.786184
-39.78582
-39.785473
-39.785155
-39.784875
-39.784635
-39.784436
-39.784279
-39.784157
-39.784067
-39.784005
-39.783962
-39.783935
-39.783916
-39.783899
-39.783877
-39.783846
-39.783795
-39.78372
-39.783611
-39.783462
-39.783264
-39.783012
-39.782698
-39.782319
-39.781873
-39.78136
-39.780785
-39.780159
-39.779494
-39.778808
-39.778121
-39.777451
-39.776817
-39.776233
-39.77571
-39.775254
-39.774868
-39.774556
-39.774322
-39.77417
-39.774111
-39.774157
-39.774326
-39.77464
-39.775125
-39.775812
-39.776736
-39.777936
-39.779453
-39.78133
-39.783608
-39.786329
-39.789527
-39.793229
-39.797448
-39.802181
-39.807403
-39.813068
-39.819108
-39.825432
-39.831935
-39.838501
-39.845002
-39.851313
-39.857313
-39.862888
-39.867942
-39.872399
-39.876205
-39.879324
-39.881723
-39.883345
-39.884114
-39.883894
-39.882345
-39.87911
-39.873872
-39.865829
-39.854088
-39.837156
-39.817345
-39.800037
-39.746476
-39.816181
-36.528672
7.3324865
165.39449
-39.738397
-39.7384
-39.738398
-39.738406
-39.738372
-39.738446
-39.738447
-39.738475
-39.738493
-39.738523
-39.738557
-39.738596
-39.73864
-39.738688
-39.738739
-39.738793
-39.738849
-39.738906
-39.738962
-39.739016
-39.739067
-39.739112
-39.739152
-39.739185
-39.739212
-39.739233
-39.739251
-39.739265
-39.739277
-39.739289
-39.739303
-39.739319
-39.739338
-39.739361
-39.739387
-39.739416
-39.739447
-39.739477
-39.739507
-39.739535
-39.739563
-39.739594
-39.739631
-39.739677
-39.739735
-39.739809
-39.739902
-39.740017
-39.740157
-39.740324
-39.740515
-39.740726
-39.740946
-39.741154
-39.74135
-39.741515
-39.741707
-39.741926
-39.742167
-39.742404
-39.742645
-39.742874
-39.743144
-39.743444
-39.743751
-39.744009
-39.744175
-39.744264
-39.744269
-39.744194
-39.744037
-39.74384
-39.743632
-39.743439
-39.743271
-39.743131
-39.743026
-39.742957
-39.742926
-39.742936
-39.742985
-39.74307
-39.743186
-39.743327
-39.743487
-39.743663
-39.74385
-39.744047
-39.744256
-39.744478
-39.744715
-39.744968
-39.745237
-39.74552
-39.745815
-39.746118
-39.746426
-39.746732
-39.747028
-39.747307
-39.747559
-39.747777
-39.747956
-39.748098
-39.748204
-39.748279
-39.748329
-39.748359
-39.748374
-39.748381
-39.748386
-39.748396
-39.748419
-39.748458
-39.748516
-39.748593
-39.748684
-39.748786
-39.748898
-39.749017
-39.749143
-39.749277
-39.749421
-39.749575
-39.74974
-39.749915
-39.750099
-39.750288
-39.750481
-39.750675
-39.750867
-39.751057
-39.751245
-39.75143
-39.751611
-39.751788
-39.751962
-39.752132
-39.752299
-39.752462
-39.752622
-39.752779
-39.752933
-39.753085
-39.753236
-39.753385
-39.753534
-39.753684
-39.753834
-39.753985
-39.754137
-39.75429
-39.754445
-39.754601
-39.754758
-39.754917
-39.755077
-39.755237
-39.755399
-39.755562
-39.755724
-39.755887
-39.756049
-39.75621
-39.756369
-39.756525
-39.756678
-39.756827
-39.756974
-39.757117
-39.75726
-39.757404
-39.757549
-39.757696
-39.757846
-39.757999
-39.758155
-39.758314
-39.758475
-39.758638
-39.758803
-39.75897
-39.759137
-39.759307
-39.759477
-39.759648
-39.75982
-39.759993
-39.760166
-39.76034
-39.760515
-39.760691
-39.760867
-39.761044
-39.761221
-39.761398
-39.761576
-39.761755
-39.761933
-39.762112
-39.762291
-39.76247
-39.762649
-39.762828
-39.763008
-39.763188
-39.763368
-39.763548
-39.763728
-39.763907
-39.764087
-39.764268
-39.764448
-39.764629
-39.764809
-39.76499
-39.765171
-39.765351
-39.765532
-39.765713
-39.765894
-39.766076
-39.766257
-39.766439
-39.766621
-39.766802
-39.766984
-39.767166
-39.767349
-39.767531
-39.767713
-39.767895
-39.768077
-39.768259
-39.768442
-39.768624
-39.768807
-39.76899
-39.769173
-39.769356
-39.769539
-39.769722
-39.769905
-39.770087
-39.770269
-39.770451
-39.770632
-39.770812
-39.770992
-39.77117
-39.771348
-39.771525
-39.771701
-39.771877
-39.772052
-39.772227
-39.772402
-39.772578
-39.772754
-39.772931
-39.773109
-39.773288
-39.773468
-39.773648
-39.773829
-39.774009
-39.77419
-39.774369
-39.774548
-39.774725
-39.7749
-39.775073
-39.775244
-39.775412
-39.775579
-39.775744
-39.775907
-39.776069
-39.776231
-39.776393
-39.776555
-39.776719
-39.776883
-39.777049
-39.777218
-39.777389
-39.777563
-39.777738
-39.777915
-39.778093
-39.77827
-39.778445
-39.778616
-39.778782
-39.778943
-39.779099
-39.779247
-39.77939
-39.779526
-39.779657
-39.779783
-39.779905
-39.780026
-39.780146
-39.780269
-39.780395
-39.780527
-39.780667
-39.780814
-39.780971
-39.781136
-39.78131
-39.78149
-39.781676
-39.781865
-39.782055
-39.782242
-39.782424
-39.782597
-39.782757
-39.782904
-39.783031
-39.783142
-39.783234
-39.783309
-39.783368
-39.783414
-39.78345
-39.783478
-39.783504
-39.78353
-39.78356
-39.783597
-39.783645
-39.783705
-39.783782
-39.783876
-39.78399
-39.784124
-39.784281
-39.784459
-39.784658
-39.784876
-39.785109
-39.785353
-39.785604
-39.785854
-39.786097
-39.786324
-39.786527
-39.786697
-39.78683
-39.78692
-39.786965
-39.786964
-39.786922
-39.786844
-39.786737
-39.786611
-39.786473
-39.786332
-39.786197
-39.786072
-39.785965
-39.785878
-39.785816
-39.78578
-39.785771
-39.785789
-39.785834
-39.785906
-39.786003
-39.786124
-39.786267
-39.786429
-39.786607
-39.786797
-39.786994
-39.787191
-39.787382
-39.787559
-39.787712
-39.787832
-39.78791
-39.787938
-39.787908
-39.787816
-39.78766
-39.787444
-39.787174
-39.786863
-39.786523
-39.78617
-39.785821
-39.785487
-39.785181
-39.784909
-39.784674
-39.784479
-39.784322
-39.784199
-39.784106
-39.78404
-39.783992
-39.783959
-39.783934
-39.783911
-39.783883
-39.783845
-39.78379
-39.783709
-39.783596
-39.783445
-39.783247
-39.782997
-39.782688
-39.782317
-39.781882
-39.781385
-39.780831
-39.780229
-39.779591
-39.778934
-39.778277
-39.777637
-39.777032
-39.776476
-39.775978
-39.775546
-39.775184
-39.774895
-39.774685
-39.774559
-39.774527
-39.774602
-39.774802
-39.775147
-39.775664
-39.776382
-39.777336
-39.778561
-39.780098
-39.781987
-39.784267
-39.786976
-39.790147
-39.793803
-39.797956
-39.8026
-39.807711
-39.813245
-39.819134
-39.825294
-39.831623
-39.83801
-39.844336
-39.850479
-39.856324
-39.861762
-39.866699
-39.871059
-39.874785
-39.877834
-39.88016
-39.881688
-39.88232
-39.881898
-39.880049
-39.876366
-39.870551
-39.861707
-39.848786
-39.830596
-39.808293
-39.785823
-39.731912
-39.822612
-37.577384
128.66952
172.59241
-39.738404
-39.738409
-39.738407
-39.738411
-39.738392
-39.738452
-39.738455
-39.738482
-39.7385
-39.738529
-39.738563
-39.738602
-39.738645
-39.738693
-39.738744
-39.738797
-39.738853
-39.738909
-39.738965
-39.739018
-39.739069
-39.739114
-39.739154
-39.739188
-39.739216
-39.73924
-39.739259
-39.739274
-39.739289
-39.739302
-39.739317
-39.739334
-39.739354
-39.739378
-39.739404
-39.739434
-39.739464
-39.739495
-39.739525
-39.739555
-39.739585
-39.739618
-39.739657
-39.739705
-39.739765
-39.73984
-39.739933
-39.740048
-39.740186
-39.740349
-39.740535
-39.740739
-39.740951
-39.741155
-39.741349
-39.741518
-39.741712
-39.741926
-39.74216
-39.742392
-39.742628
-39.742856
-39.743117
-39.743401
-39.743687
-39.743928
-39.744088
-39.744176
-39.744186
-39.744122
-39.743984
-39.743807
-39.743619
-39.743442
-39.743287
-39.743158
-39.743061
-39.742998
-39.742972
-39.742984
-39.743033
-39.743117
-39.74323
-39.743368
-39.743526
-39.743698
-39.743883
-39.744078
-39.744285
-39.744505
-39.744739
-39.744989
-39.745253
-39.745531
-39.74582
-39.746116
-39.746417
-39.746715
-39.747003
-39.747274
-39.74752
-39.747734
-39.747913
-39.748056
-39.748164
-39.748244
-39.7483
-39.748336
-39.748358
-39.748372
-39.748384
-39.748401
-39.748429
-39.748472
-39.748533
-39.74861
-39.748701
-39.748804
-39.748915
-39.749034
-39.74916
-39.749295
-39.749438
-39.749592
-39.749756
-39.74993
-39.750111
-39.750298
-39.750488
-39.75068
-39.75087
-39.751059
-39.751246
-39.751429
-39.751609
-39.751786
-39.751959
-39.752129
-39.752295
-39.752459
-39.752619
-39.752776
-39.752931
-39.753083
-39.753234
-39.753385
-39.753534
-39.753684
-39.753834
-39.753986
-39.754138
-39.754292
-39.754447
-39.754603
-39.75476
-39.754919
-39.755078
-39.755239
-39.7554
-39.755562
-39.755724
-39.755887
-39.756048
-39.756209
-39.756367
-39.756523
-39.756677
-39.756826
-39.756973
-39.757118
-39.757262
-39.757406
-39.757552
-39.7577
-39.757851
-39.758004
-39.75816
-39.758319
-39.758481
-39.758644
-39.758808
-39.758974
-39.759142
-39.759311
-39.759481
-39.759652
-39.759824
-39.759996
-39.76017
-39.760344
-39.760519
-39.760694
-39.76087
-39.761047
-39.761224
-39.761401
-39.761579
-39.761757
-39.761935
-39.762114
-39.762292
-39.762471
-39.762651
-39.76283
-39.76301
-39.763189
-39.763369
-39.763549
-39.763729
-39.763908
-39.764088
-39.764269
-39.764449
-39.76463
-39.76481
-39.764991
-39.765171
-39.765352
-39.765533
-39.765714
-39.765895
-39.766076
-39.766258
-39.766439
-39.766621
-39.766803
-39.766985
-39.767167
-39.767349
-39.767531
-39.767713
-39.767895
-39.768077
-39.768259
-39.768442
-39.768624
-39.768807
-39.76899
-39.769173
-39.769355
-39.769538
-39.769721
-39.769903
-39.770086
-39.770267
-39.770449
-39.77063
-39.77081
-39.77099
-39.771168
-39.771346
-39.771523
-39.771699
-39.771875
-39.77205
-39.772225
-39.772401
-39.772576
-39.772753
-39.77293
-39.773108
-39.773286
-39.773466
-39.773646
-39.773826
-39.774006
-39.774186
-39.774365
-39.774543
-39.77472
-39.774895
-39.775067
-39.775238
-39.775407
-39.775574
-39.775739
-39.775903
-39.776065
-39.776227
-39.776389
-39.776552
-39.776715
-39.77688
-39.777046
-39.777215
-39.777386
-39.777558
-39.777733
-39.777909
-39.778086
-39.778262
-39.778435
-39.778605
-39.778771
-39.778932
-39.779086
-39.779235
-39.779378
-39.779515
-39.779647
-39.779775
-39.779899
-39.780021
-39.780143
-39.780267
-39.780395
-39.780528
-39.780668
-39.780816
-39.780972
-39.781136
-39.781308
-39.781486
-39.781669
-39.781855
-39.782042
-39.782226
-39.782404
-39.782575
-39.782733
-39.782877
-39.783005
-39.783115
-39.783208
-39.783285
-39.783347
-39.783396
-39.783435
-39.783468
-39.783499
-39.783529
-39.783563
-39.783604
-39.783654
-39.783718
-39.783796
-39.783891
-39.784006
-39.78414
-39.784295
-39.78447
-39.784665
-39.784877
-39.785104
-39.785342
-39.785584
-39.785826
-39.78606
-39.786279
-39.786474
-39.786639
-39.786768
-39.786856
-39.786902
-39.786904
-39.786867
-39.786796
-39.786698
-39.78658
-39.786452
-39.786321
-39.786194
-39.786077
-39.785975
-39.785894
-39.785836
-39.785802
-39.785795
-39.785813
-39.785857
-39.785926
-39.786021
-39.786137
-39.786275
-39.786431
-39.786602
-39.786784
-39.786971
-39.787159
-39.78734
-39.787507
-39.78765
-39.787762
-39.787833
-39.787856
-39.787824
-39.787733
-39.787582
-39.787374
-39.787116
-39.786818
-39.786493
-39.786156
-39.785821
-39.7855
-39.785204
-39.78494
-39.784711
-39.784518
-39.784363
-39.784238
-39.784143
-39.784073
-39.784021
-39.783983
-39.783952
-39.783923
-39.78389
-39.783847
-39.783785
-39.783701
-39.783584
-39.783431
-39.783233
-39.782985
-39.782681
-39.782318
-39.781896
-39.781414
-39.780879
-39.7803
-39.779688
-39.77906
-39.778432
-39.777821
-39.777244
-39.776715
-39.776242
-39.775833
-39.775495
-39.775229
-39.775043
-39.774942
-39.774937
-39.77504
-39.775269
-39.775645
-39.776192
-39.776939
-39.77792
-39.779168
-39.780723
-39.782621
-39.784901
-39.787597
-39.790739
-39.794349
-39.798436
-39.802993
-39.807996
-39.813402
-39.819146
-39.825148
-39.83131
-39.837527
-39.843684
-39.849667
-39.855363
-39.860669
-39.865494
-39.869762
-39.873411
-39.876392
-39.878649
-39.880092
-39.880599
-39.879999
-39.877888
-39.873813
-39.867503
-39.858013
-39.84417
-39.825141
-39.800968
-39.775481
-39.726535
-39.789095
-41.119698
156.45478
181.68512
-39.738412
-39.738417
-39.738416
-39.738416
-39.738428
-39.738458
-39.738463
-39.738488
-39.738507
-39.738535
-39.738569
-39.738608
-39.738651
-39.738698
-39.738748
-39.738801
-39.738856
-39.738912
-39.738967
-39.739021
-39.739071
-39.739116
-39.739157
-39.739192
-39.739221
-39.739246
-39.739267
-39.739284
-39.7393
-39.739315
-39.739331
-39.73935
-39.739371
-39.739395
-39.739421
-39.739451
-39.739481
-39.739512
-39.739543
-39.739574
-39.739606
-39.739641
-39.739682
-39.739732
-39.739794
-39.73987
-39.739964
-39.740078
-39.740214
-39.740374
-39.740554
-39.740752
-39.740957
-39.741157
-39.741348
-39.741521
-39.741715
-39.741925
-39.742152
-39.74238
-39.742611
-39.742838
-39.74309
-39.743359
-39.743626
-39.743853
-39.744007
-39.744095
-39.744109
-39.744054
-39.743934
-39.743776
-39.743606
-39.743444
-39.743301
-39.743183
-39.743094
-39.743038
-39.743016
-39.743031
-39.74308
-39.743163
-39.743274
-39.743409
-39.743563
-39.743733
-39.743915
-39.744108
-39.744313
-39.744531
-39.744763
-39.745009
-39.745269
-39.745541
-39.745824
-39.746115
-39.746408
-39.746698
-39.746979
-39.747243
-39.747484
-39.747695
-39.747872
-39.748015
-39.748127
-39.748211
-39.748272
-39.748314
-39.748343
-39.748363
-39.748382
-39.748405
-39.748438
-39.748485
-39.748548
-39.748626
-39.748718
-39.74882
-39.748932
-39.749051
-39.749177
-39.749312
-39.749455
-39.749609
-39.749771
-39.749943
-39.750123
-39.750308
-39.750496
-39.750685
-39.750874
-39.751061
-39.751246
-39.751429
-39.751608
-39.751784
-39.751957
-39.752126
-39.752292
-39.752456
-39.752616
-39.752774
-39.752929
-39.753082
-39.753233
-39.753384
-39.753534
-39.753684
-39.753835
-39.753986
-39.754139
-39.754293
-39.754448
-39.754604
-39.754762
-39.75492
-39.75508
-39.75524
-39.755401
-39.755563
-39.755725
-39.755886
-39.756047
-39.756208
-39.756366
-39.756522
-39.756675
-39.756825
-39.756973
-39.757119
-39.757264
-39.757409
-39.757556
-39.757704
-39.757855
-39.758009
-39.758166
-39.758325
-39.758486
-39.758649
-39.758813
-39.758979
-39.759147
-39.759315
-39.759485
-39.759656
-39.759828
-39.76
-39.760173
-39.760347
-39.760522
-39.760697
-39.760873
-39.761049
-39.761226
-39.761403
-39.761581
-39.761759
-39.761937
-39.762116
-39.762294
-39.762473
-39.762652
-39.762832
-39.763011
-39.763191
-39.76337
-39.76355
-39.76373
-39.76391
-39.764089
-39.76427
-39.76445
-39.76463
-39.764811
-39.764992
-39.765172
-39.765353
-39.765533
-39.765714
-39.765896
-39.766077
-39.766258
-39.76644
-39.766621
-39.766803
-39.766985
-39.767167
-39.767349
-39.767531
-39.767713
-39.767895
-39.768077
-39.768259
-39.768441
-39.768624
-39.768806
-39.768989
-39.769172
-39.769354
-39.769537
-39.76972
-39.769902
-39.770084
-39.770266
-39.770447
-39.770628
-39.770808
-39.770987
-39.771166
-39.771344
-39.771521
-39.771697
-39.771873
-39.772048
-39.772224
-39.772399
-39.772575
-39.772751
-39.772928
-39.773106
-39.773285
-39.773464
-39.773643
-39.773823
-39.774003
-39.774182
-39.774361
-39.774539
-39.774715
-39.77489
-39.775062
-39.775233
-39.775402
-39.775569
-39.775734
-39.775898
-39.776061
-39.776223
-39.776386
-39.776548
-39.776712
-39.776877
-39.777043
-39.777211
-39.777382
-39.777554
-39.777728
-39.777903
-39.778079
-39.778253
-39.778426
-39.778595
-39.77876
-39.77892
-39.779075
-39.779224
-39.779367
-39.779505
-39.779638
-39.779766
-39.779892
-39.780016
-39.78014
-39.780265
-39.780394
-39.780528
-39.780669
-39.780817
-39.780973
-39.781136
-39.781306
-39.781482
-39.781663
-39.781846
-39.782029
-39.78221
-39.782386
-39.782553
-39.782709
-39.782852
-39.782979
-39.783089
-39.783183
-39.783262
-39.783326
-39.783379
-39.783422
-39.783459
-39.783493
-39.783527
-39.783565
-39.783609
-39.783663
-39.783729
-39.783809
-39.783906
-39.784021
-39.784154
-39.784307
-39.78448
-39.784671
-39.784878
-39.785099
-39.78533
-39.785564
-39.785798
-39.786024
-39.786235
-39.786424
-39.786583
-39.786708
-39.786795
-39.786841
-39.786846
-39.786814
-39.78675
-39.786659
-39.786551
-39.786431
-39.786309
-39.78619
-39.78608
-39.785985
-39.785908
-39.785854
-39.785823
-39.785817
-39.785835
-39.785878
-39.785946
-39.786037
-39.786149
-39.786282
-39.786432
-39.786596
-39.78677
-39.786949
-39.787127
-39.787299
-39.787456
-39.787591
-39.787694
-39.787759
-39.787777
-39.787744
-39.787654
-39.787508
-39.787308
-39.78706
-39.786775
-39.786464
-39.786142
-39.78582
-39.785512
-39.785226
-39.784969
-39.784746
-39.784556
-39.784401
-39.784276
-39.784179
-39.784105
-39.784049
-39.784006
-39.783971
-39.783936
-39.783897
-39.783849
-39.783783
-39.783694
-39.783574
-39.78342
-39.783222
-39.782977
-39.782678
-39.782323
-39.781912
-39.781447
-39.780931
-39.780374
-39.779787
-39.779186
-39.778586
-39.778004
-39.777454
-39.77695
-39.776502
-39.776117
-39.775801
-39.775559
-39.775396
-39.77532
-39.77534
-39.775471
-39.775728
-39.776132
-39.776708
-39.777483
-39.778488
-39.779758
-39.781328
-39.783234
-39.785511
-39.788192
-39.791305
-39.794869
-39.79889
-39.803361
-39.80826
-39.813541
-39.819146
-39.824995
-39.830997
-39.83705
-39.843046
-39.848874
-39.854429
-39.859609
-39.864327
-39.868506
-39.872082
-39.875
-39.877193
-39.878558
-39.878957
-39.8782
-39.875867
-39.87146
-39.864737
-39.854753
-39.840222
-39.820779
-39.795657
-39.770511
-39.727381
-39.82126
-40.42271
129.10115
192.69873
-39.73842
-39.738425
-39.738424
-39.738431
-39.738443
-39.738464
-39.73847
-39.738495
-39.738513
-39.738541
-39.738574
-39.738614
-39.738657
-39.738703
-39.738753
-39.738805
-39.73886
-39.738915
-39.73897
-39.739023
-39.739073
-39.739119
-39.73916
-39.739196
-39.739227
-39.739253
-39.739275
-39.739294
-39.739311
-39.739328
-39.739346
-39.739365
-39.739387
-39.739411
-39.739438
-39.739468
-39.739499
-39.73953
-39.739562
-39.739594
-39.739627
-39.739664
-39.739707
-39.739758
-39.739822
-39.739899
-39.739993
-39.740107
-39.740241
-39.740397
-39.740573
-39.740765
-39.740964
-39.741159
-39.741349
-39.741524
-39.741717
-39.741924
-39.742145
-39.742368
-39.742595
-39.742818
-39.743062
-39.743318
-39.743569
-39.743783
-39.743931
-39.744019
-39.744038
-39.743992
-39.743887
-39.743747
-39.743594
-39.743446
-39.743315
-39.743207
-39.743126
-39.743076
-39.743058
-39.743075
-39.743125
-39.743207
-39.743316
-39.743449
-39.7436
-39.743767
-39.743947
-39.744138
-39.744341
-39.744556
-39.744785
-39.745028
-39.745284
-39.745551
-39.745829
-39.746113
-39.746399
-39.746682
-39.746956
-39.747214
-39.74745
-39.747657
-39.747833
-39.747978
-39.748092
-39.74818
-39.748245
-39.748293
-39.748328
-39.748355
-39.74838
-39.748409
-39.748446
-39.748497
-39.748562
-39.748641
-39.748733
-39.748836
-39.748948
-39.749067
-39.749194
-39.749328
-39.749472
-39.749624
-39.749786
-39.749957
-39.750134
-39.750317
-39.750503
-39.75069
-39.750877
-39.751063
-39.751247
-39.751429
-39.751607
-39.751782
-39.751954
-39.752123
-39.75229
-39.752453
-39.752613
-39.752771
-39.752927
-39.75308
-39.753232
-39.753383
-39.753534
-39.753684
-39.753835
-39.753987
-39.75414
-39.754294
-39.75445
-39.754606
-39.754763
-39.754922
-39.755081
-39.755241
-39.755402
-39.755563
-39.755725
-39.755886
-39.756047
-39.756207
-39.756365
-39.756521
-39.756674
-39.756825
-39.756973
-39.757119
-39.757265
-39.757412
-39.757559
-39.757708
-39.75786
-39.758014
-39.758171
-39.75833
-39.758491
-39.758654
-39.758818
-39.758984
-39.759151
-39.75932
-39.759489
-39.75966
-39.759831
-39.760004
-39.760177
-39.76035
-39.760525
-39.7607
-39.760876
-39.761052
-39.761229
-39.761406
-39.761583
-39.761761
-39.761939
-39.762118
-39.762296
-39.762475
-39.762654
-39.762833
-39.763013
-39.763192
-39.763372
-39.763551
-39.763731
-39.763911
-39.764091
-39.764271
-39.764451
-39.764631
-39.764812
-39.764992
-39.765173
-39.765353
-39.765534
-39.765715
-39.765896
-39.766077
-39.766259
-39.76644
-39.766622
-39.766803
-39.766985
-39.767167
-39.767349
-39.767531
-39.767713
-39.767895
-39.768077
-39.768259
-39.768441
-39.768623
-39.768806
-39.768989
-39.769171
-39.769354
-39.769536
-39.769718
-39.769901
-39.770082
-39.770264
-39.770445
-39.770626
-39.770806
-39.770985
-39.771164
-39.771342
-39.771518
-39.771695
-39.771871
-39.772047
-39.772222
-39.772398
-39.772573
-39.77275
-39.772927
-39.773105
-39.773283
-39.773462
-39.773641
-39.773821
-39.774
-39.774179
-39.774357
-39.774534
-39.77471
-39.774885
-39.775057
-39.775228
-39.775397
-39.775564
-39.775729
-39.775893
-39.776056
-39.776219
-39.776382
-39.776545
-39.776708
-39.776873
-39.77704
-39.777208
-39.777378
-39.77755
-39.777723
-39.777897
-39.778072
-39.778245
-39.778417
-39.778585
-39.778749
-39.778909
-39.779064
-39.779213
-39.779356
-39.779495
-39.779629
-39.779758
-39.779886
-39.780011
-39.780136
-39.780263
-39.780393
-39.780528
-39.78067
-39.780818
-39.780973
-39.781135
-39.781303
-39.781477
-39.781655
-39.781836
-39.782016
-39.782194
-39.782367
-39.782532
-39.782686
-39.782828
-39.782954
-39.783065
-39.783159
-39.78324
-39.783306
-39.783362
-39.783408
-39.783449
-39.783487
-39.783525
-39.783567
-39.783615
-39.783671
-39.78374
-39.783822
-39.78392
-39.784034
-39.784167
-39.784319
-39.784488
-39.784676
-39.784879
-39.785094
-39.785317
-39.785545
-39.785771
-39.785989
-39.786193
-39.786375
-39.786529
-39.786651
-39.786736
-39.786783
-39.786791
-39.786764
-39.786705
-39.786622
-39.786522
-39.786411
-39.786297
-39.786185
-39.786082
-39.785993
-39.785921
-39.785871
-39.785842
-39.785837
-39.785856
-39.785898
-39.785963
-39.786051
-39.78616
-39.786288
-39.786432
-39.786589
-39.786755
-39.786926
-39.787096
-39.787259
-39.787407
-39.787533
-39.787629
-39.787688
-39.787702
-39.787667
-39.787579
-39.787437
-39.787244
-39.787007
-39.786734
-39.786437
-39.786127
-39.785819
-39.785522
-39.785246
-39.784997
-39.784778
-39.784592
-39.784438
-39.784313
-39.784213
-39.784137
-39.784077
-39.784029
-39.783989
-39.783949
-39.783905
-39.783852
-39.783782
-39.783689
-39.783567
-39.783411
-39.783214
-39.782971
-39.782678
-39.782332
-39.781933
-39.781482
-39.780985
-39.78045
-39.779888
-39.779313
-39.77874
-39.778184
-39.777661
-39.777183
-39.776759
-39.776397
-39.776104
-39.775884
-39.775745
-39.775692
-39.775738
-39.775894
-39.776178
-39.77661
-39.777212
-39.778013
-39.779041
-39.78033
-39.781913
-39.783825
-39.786098
-39.788763
-39.791845
-39.795362
-39.799318
-39.803706
-39.808502
-39.813664
-39.819133
-39.824835
-39.830683
-39.836579
-39.84242
-39.848101
-39.85352
-39.85858
-39.863196
-39.86729
-39.870798
-39.873656
-39.875793
-39.87709
-39.877395
-39.876508
-39.873993
-39.869313
-39.86226
-39.851927
-39.836909
-39.817421
-39.791941
-39.76905
-39.730087
-39.813714
-40.253091
82.898174
193.34127
-39.738427
-39.738433
-39.738433
-39.738447
-39.73845
-39.738454
-39.738478
-39.738502
-39.73852
-39.738548
-39.73858
-39.738619
-39.738662
-39.738708
-39.738758
-39.73881
-39.738864
-39.738918
-39.738973
-39.739026
-39.739076
-39.739122
-39.739164
-39.739201
-39.739232
-39.73926
-39.739283
-39.739304
-39.739323
-39.739341
-39.73936
-39.73938
-39.739403
-39.739428
-39.739455
-39.739485
-39.739516
-39.739548
-39.73958
-39.739613
-39.739648
-39.739687
-39.739731
-39.739785
-39.739849
-39.739927
-39.740022
-39.740134
-39.740267
-39.74042
-39.740592
-39.740778
-39.740972
-39.741163
-39.74135
-39.741527
-39.741719
-39.741922
-39.742138
-39.742357
-39.742579
-39.742799
-39.743035
-39.743279
-39.743516
-39.743718
-39.743861
-39.743948
-39.743971
-39.743934
-39.743843
-39.743719
-39.743581
-39.743448
-39.743328
-39.743229
-39.743156
-39.743112
-39.743099
-39.743118
-39.743169
-39.74325
-39.743357
-39.743488
-39.743636
-39.743801
-39.743978
-39.744167
-39.744368
-39.744581
-39.744807
-39.745046
-39.745298
-39.745561
-39.745833
-39.746111
-39.74639
-39.746667
-39.746934
-39.747186
-39.747417
-39.747622
-39.747797
-39.747942
-39.748058
-39.74815
-39.74822
-39.748273
-39.748314
-39.748347
-39.748378
-39.748412
-39.748454
-39.748508
-39.748575
-39.748656
-39.748749
-39.748852
-39.748963
-39.749083
-39.74921
-39.749344
-39.749488
-39.74964
-39.749801
-39.749969
-39.750145
-39.750326
-39.75051
-39.750696
-39.750881
-39.751066
-39.751248
-39.751429
-39.751606
-39.751781
-39.751952
-39.752121
-39.752287
-39.75245
-39.752611
-39.752769
-39.752925
-39.753079
-39.753231
-39.753383
-39.753534
-39.753685
-39.753836
-39.753988
-39.754141
-39.754295
-39.754451
-39.754607
-39.754765
-39.754923
-39.755082
-39.755242
-39.755403
-39.755564
-39.755725
-39.755886
-39.756047
-39.756206
-39.756364
-39.75652
-39.756673
-39.756824
-39.756973
-39.75712
-39.757267
-39.757414
-39.757562
-39.757712
-39.757864
-39.758019
-39.758175
-39.758335
-39.758496
-39.758658
-39.758823
-39.758988
-39.759155
-39.759324
-39.759493
-39.759664
-39.759835
-39.760007
-39.76018
-39.760354
-39.760528
-39.760703
-39.760878
-39.761054
-39.761231
-39.761408
-39.761586
-39.761763
-39.761941
-39.76212
-39.762298
-39.762477
-39.762655
-39.762835
-39.763014
-39.763194
-39.763373
-39.763553
-39.763732
-39.763912
-39.764092
-39.764272
-39.764452
-39.764632
-39.764813
-39.764993
-39.765174
-39.765354
-39.765535
-39.765716
-39.765897
-39.766078
-39.766259
-39.766441
-39.766622
-39.766804
-39.766985
-39.767167
-39.767349
-39.767531
-39.767713
-39.767895
-39.768077
-39.768259
-39.768441
-39.768623
-39.768806
-39.768988
-39.76917
-39.769353
-39.769535
-39.769717
-39.769899
-39.770081
-39.770262
-39.770443
-39.770624
-39.770804
-39.770983
-39.771162
-39.771339
-39.771516
-39.771693
-39.771869
-39.772045
-39.77222
-39.772396
-39.772572
-39.772748
-39.772925
-39.773103
-39.773281
-39.77346
-39.773639
-39.773818
-39.773997
-39.774175
-39.774353
-39.77453
-39.774706
-39.77488
-39.775052
-39.775223
-39.775392
-39.775559
-39.775725
-39.775889
-39.776052
-39.776215
-39.776378
-39.776541
-39.776705
-39.77687
-39.777036
-39.777204
-39.777374
-39.777545
-39.777718
-39.777891
-39.778065
-39.778238
-39.778408
-39.778576
-39.778739
-39.778898
-39.779053
-39.779202
-39.779346
-39.779485
-39.77962
-39.779751
-39.779879
-39.780006
-39.780133
-39.780261
-39.780392
-39.780528
-39.78067
-39.780818
-39.780972
-39.781133
-39.781301
-39.781473
-39.781648
-39.781826
-39.782004
-39.782179
-39.782349
-39.782512
-39.782664
-39.782805
-39.78293
-39.783041
-39.783137
-39.783218
-39.783287
-39.783346
-39.783395
-39.78344
-39.783481
-39.783523
-39.783568
-39.783619
-39.783679
-39.78375
-39.783833
-39.783932
-39.784047
-39.784179
-39.784329
-39.784496
-39.78468
-39.784878
-39.785087
-39.785305
-39.785526
-39.785744
-39.785955
-39.786152
-39.786328
-39.786478
-39.786596
-39.78668
-39.786727
-39.786738
-39.786715
-39.786663
-39.786587
-39.786494
-39.786391
-39.786284
-39.78618
-39.786084
-39.786
-39.785933
-39.785886
-39.78586
-39.785856
-39.785875
-39.785916
-39.78598
-39.786065
-39.78617
-39.786293
-39.786431
-39.786581
-39.78674
-39.786904
-39.787065
-39.787219
-39.787359
-39.787477
-39.787566
-39.787619
-39.78763
-39.787593
-39.787507
-39.787369
-39.787184
-39.786956
-39.786695
-39.78641
-39.786113
-39.785817
-39.785531
-39.785264
-39.785022
-39.784809
-39.784626
-39.784473
-39.784347
-39.784246
-39.784167
-39.784103
-39.784051
-39.784006
-39.783963
-39.783914
-39.783856
-39.783782
-39.783686
-39.783562
-39.783405
-39.783209
-39.782969
-39.782682
-39.782344
-39.781956
-39.781521
-39.781042
-39.780527
-39.779989
-39.779439
-39.778892
-39.778363
-39.777866
-39.777412
-39.777012
-39.776673
-39.776402
-39.776204
-39.776088
-39.776059
-39.776129
-39.77631
-39.77662
-39.777078
-39.777706
-39.77853
-39.77958
-39.780885
-39.78248
-39.784396
-39.786663
-39.78931
-39.792361
-39.79583
-39.799722
-39.804028
-39.808724
-39.813769
-39.819108
-39.824669
-39.830368
-39.836114
-39.841807
-39.847346
-39.852636
-39.857581
-39.862099
-39.866114
-39.869557
-39.872361
-39.874448
-39.875689
-39.875917
-39.874925
-39.87227
-39.867376
-39.860073
-39.849531
-39.834191
-39.814949
-39.789487
-39.768999
-39.739563
-39.816854
-40.309462
15.459066
200.35041
-39.738435
-39.738441
-39.738441
-39.738455
-39.738454
-39.738411
-39.738459
-39.738508
-39.738527
-39.738554
-39.738586
-39.738625
-39.738667
-39.738713
-39.738762
-39.738814
-39.738867
-39.738922
-39.738976
-39.739029
-39.739079
-39.739126
-39.739168
-39.739205
-39.739238
-39.739267
-39.739292
-39.739314
-39.739334
-39.739354
-39.739374
-39.739395
-39.739418
-39.739444
-39.739472
-39.739502
-39.739533
-39.739566
-39.739599
-39.739633
-39.739669
-39.739709
-39.739756
-39.73981
-39.739876
-39.739955
-39.740049
-39.740161
-39.740292
-39.740443
-39.74061
-39.740791
-39.74098
-39.741167
-39.741352
-39.74153
-39.74172
-39.74192
-39.742131
-39.742345
-39.742563
-39.742779
-39.743007
-39.743241
-39.743465
-39.743657
-39.743796
-39.743882
-39.743909
-39.74388
-39.743802
-39.743692
-39.74357
-39.743449
-39.74334
-39.74325
-39.743185
-39.743146
-39.743137
-39.743159
-39.743211
-39.743291
-39.743397
-39.743525
-39.743672
-39.743834
-39.744009
-39.744196
-39.744394
-39.744605
-39.744828
-39.745064
-39.745312
-39.74557
-39.745837
-39.746109
-39.746382
-39.746652
-39.746913
-39.74716
-39.747386
-39.747588
-39.747762
-39.747907
-39.748026
-39.748121
-39.748196
-39.748254
-39.7483
-39.748338
-39.748375
-39.748414
-39.748461
-39.748518
-39.748588
-39.74867
-39.748763
-39.748866
-39.748978
-39.749098
-39.749225
-39.74936
-39.749503
-39.749654
-39.749814
-39.749982
-39.750156
-39.750335
-39.750517
-39.750701
-39.750885
-39.751068
-39.751249
-39.751429
-39.751605
-39.751779
-39.75195
-39.752119
-39.752285
-39.752448
-39.752609
-39.752767
-39.752923
-39.753077
-39.75323
-39.753382
-39.753534
-39.753685
-39.753837
-39.753989
-39.754142
-39.754297
-39.754452
-39.754609
-39.754766
-39.754925
-39.755084
-39.755244
-39.755404
-39.755565
-39.755726
-39.755886
-39.756046
-39.756205
-39.756363
-39.756519
-39.756672
-39.756824
-39.756973
-39.757121
-39.757269
-39.757416
-39.757565
-39.757716
-39.757868
-39.758023
-39.75818
-39.758339
-39.7585
-39.758663
-39.758827
-39.758993
-39.75916
-39.759328
-39.759497
-39.759668
-39.759839
-39.760011
-39.760184
-39.760357
-39.760531
-39.760706
-39.760881
-39.761057
-39.761234
-39.761411
-39.761588
-39.761765
-39.761943
-39.762121
-39.7623
-39.762478
-39.762657
-39.762836
-39.763016
-39.763195
-39.763374
-39.763554
-39.763733
-39.763913
-39.764093
-39.764273
-39.764453
-39.764633
-39.764814
-39.764994
-39.765174
-39.765355
-39.765535
-39.765716
-39.765897
-39.766078
-39.76626
-39.766441
-39.766623
-39.766804
-39.766986
-39.767168
-39.76735
-39.767532
-39.767713
-39.767895
-39.768077
-39.768259
-39.768441
-39.768623
-39.768805
-39.768987
-39.76917
-39.769352
-39.769534
-39.769716
-39.769898
-39.77008
-39.770261
-39.770442
-39.770622
-39.770802
-39.770981
-39.77116
-39.771337
-39.771514
-39.771691
-39.771867
-39.772043
-39.772219
-39.772394
-39.77257
-39.772747
-39.772924
-39.773101
-39.773279
-39.773458
-39.773636
-39.773815
-39.773994
-39.774172
-39.774349
-39.774526
-39.774701
-39.774875
-39.775047
-39.775218
-39.775387
-39.775554
-39.77572
-39.775884
-39.776048
-39.776211
-39.776374
-39.776538
-39.776702
-39.776866
-39.777033
-39.777201
-39.77737
-39.777541
-39.777713
-39.777885
-39.778058
-39.77823
-39.778399
-39.778566
-39.778729
-39.778888
-39.779042
-39.779191
-39.779336
-39.779476
-39.779611
-39.779743
-39.779873
-39.780001
-39.780129
-39.780259
-39.780391
-39.780527
-39.780669
-39.780817
-39.780971
-39.781132
-39.781297
-39.781467
-39.781641
-39.781816
-39.781991
-39.782164
-39.782332
-39.782493
-39.782643
-39.782782
-39.782907
-39.783018
-39.783115
-39.783198
-39.783269
-39.78333
-39.783383
-39.78343
-39.783476
-39.783521
-39.783569
-39.783623
-39.783686
-39.783758
-39.783844
-39.783943
-39.784058
-39.78419
-39.784338
-39.784503
-39.784683
-39.784877
-39.785081
-39.785292
-39.785506
-39.785718
-39.785922
-39.786112
-39.786283
-39.786428
-39.786543
-39.786626
-39.786674
-39.786687
-39.786668
-39.786621
-39.786552
-39.786466
-39.786371
-39.786272
-39.786175
-39.786085
-39.786006
-39.785944
-39.7859
-39.785876
-39.785873
-39.785892
-39.785933
-39.785995
-39.786077
-39.786178
-39.786296
-39.786429
-39.786574
-39.786726
-39.786881
-39.787035
-39.787181
-39.787312
-39.787423
-39.787505
-39.787553
-39.78756
-39.787523
-39.787438
-39.787305
-39.787126
-39.786907
-39.786656
-39.786383
-39.786099
-39.785814
-39.785539
-39.785281
-39.785046
-39.784838
-39.784657
-39.784506
-39.78438
-39.784278
-39.784196
-39.784129
-39.784073
-39.784024
-39.783976
-39.783923
-39.783861
-39.783783
-39.783685
-39.783559
-39.783402
-39.783207
-39.78297
-39.782688
-39.782359
-39.781983
-39.781562
-39.781101
-39.780607
-39.780091
-39.779565
-39.779044
-39.77854
-39.778068
-39.777638
-39.777261
-39.776945
-39.776696
-39.77652
-39.776426
-39.77642
-39.776513
-39.776719
-39.777053
-39.777535
-39.778187
-39.779034
-39.780103
-39.781424
-39.783028
-39.784945
-39.787205
-39.789833
-39.792852
-39.796274
-39.800103
-39.804328
-39.808926
-39.813859
-39.819072
-39.824497
-39.830053
-39.835654
-39.841205
-39.846609
-39.851774
-39.856611
-39.861036
-39.864975
-39.868358
-39.871115
-39.873159
-39.874355
-39.874525
-39.873455
-39.870701
-39.865652
-39.858177
-39.847556
-39.832031
-39.813235
-39.788072
-39.769652
-39.748337
-39.810557
-40.217192
-26.925544
205.83356
-39.738443
-39.738448
-39.73845
-39.738463
-39.738458
-39.738416
-39.738422
-39.738514
-39.738531
-39.73856
-39.738593
-39.738631
-39.738672
-39.738718
-39.738767
-39.738818
-39.738871
-39.738925
-39.738979
-39.739032
-39.739082
-39.739129
-39.739172
-39.739211
-39.739244
-39.739274
-39.739301
-39.739324
-39.739346
-39.739367
-39.739388
-39.73941
-39.739434
-39.73946
-39.739489
-39.739519
-39.73955
-39.739583
-39.739617
-39.739652
-39.73969
-39.739731
-39.739779
-39.739835
-39.739902
-39.739982
-39.740076
-39.740188
-39.740317
-39.740464
-39.740628
-39.740804
-39.740988
-39.741172
-39.741354
-39.741532
-39.74172
-39.741917
-39.742124
-39.742334
-39.742547
-39.742759
-39.742981
-39.743204
-39.743417
-39.7436
-39.743735
-39.743821
-39.743851
-39.74383
-39.743763
-39.743667
-39.743558
-39.743449
-39.743351
-39.74327
-39.743212
-39.743179
-39.743174
-39.743198
-39.743251
-39.743331
-39.743436
-39.743562
-39.743706
-39.743866
-39.744039
-39.744223
-39.74442
-39.744628
-39.744849
-39.745082
-39.745325
-39.745579
-39.745841
-39.746107
-39.746374
-39.746638
-39.746894
-39.747135
-39.747357
-39.747556
-39.747729
-39.747875
-39.747996
-39.748094
-39.748172
-39.748235
-39.748286
-39.74833
-39.748372
-39.748416
-39.748467
-39.748527
-39.748599
-39.748683
-39.748777
-39.748881
-39.748993
-39.749113
-39.74924
-39.749375
-39.749518
-39.749669
-39.749828
-39.749994
-39.750167
-39.750344
-39.750524
-39.750706
-39.750889
-39.75107
-39.751251
-39.751429
-39.751605
-39.751778
-39.751949
-39.752117
-39.752283
-39.752446
-39.752606
-39.752765
-39.752921
-39.753076
-39.753229
-39.753382
-39.753533
-39.753685
-39.753837
-39.75399
-39.754143
-39.754298
-39.754454
-39.75461
-39.754768
-39.754926
-39.755085
-39.755245
-39.755405
-39.755565
-39.755726
-39.755886
-39.756046
-39.756205
-39.756362
-39.756518
-39.756672
-39.756823
-39.756973
-39.757122
-39.75727
-39.757419
-39.757568
-39.757719
-39.757872
-39.758027
-39.758185
-39.758344
-39.758505
-39.758668
-39.758832
-39.758997
-39.759164
-39.759332
-39.759501
-39.759671
-39.759843
-39.760014
-39.760187
-39.76036
-39.760534
-39.760708
-39.760884
-39.76106
-39.761236
-39.761413
-39.76159
-39.761768
-39.761945
-39.762123
-39.762302
-39.76248
-39.762659
-39.762838
-39.763017
-39.763196
-39.763376
-39.763555
-39.763734
-39.763914
-39.764094
-39.764274
-39.764454
-39.764634
-39.764814
-39.764995
-39.765175
-39.765355
-39.765536
-39.765717
-39.765898
-39.766079
-39.76626
-39.766442
-39.766623
-39.766805
-39.766986
-39.767168
-39.76735
-39.767532
-39.767713
-39.767895
-39.768077
-39.768258
-39.76844
-39.768622
-39.768805
-39.768987
-39.769169
-39.769351
-39.769533
-39.769715
-39.769897
-39.770078
-39.770259
-39.77044
-39.77062
-39.7708
-39.770979
-39.771158
-39.771335
-39.771513
-39.771689
-39.771865
-39.772041
-39.772217
-39.772393
-39.772569
-39.772745
-39.772922
-39.7731
-39.773277
-39.773455
-39.773634
-39.773812
-39.773991
-39.774169
-39.774346
-39.774522
-39.774697
-39.774871
-39.775043
-39.775213
-39.775382
-39.77555
-39.775715
-39.77588
-39.776044
-39.776207
-39.776371
-39.776534
-39.776698
-39.776863
-39.777029
-39.777197
-39.777366
-39.777536
-39.777707
-39.777879
-39.778051
-39.778222
-39.778391
-39.778557
-39.778719
-39.778878
-39.779032
-39.779181
-39.779326
-39.779466
-39.779603
-39.779736
-39.779867
-39.779996
-39.780125
-39.780256
-39.780389
-39.780526
-39.780669
-39.780817
-39.78097
-39.78113
-39.781294
-39.781462
-39.781634
-39.781807
-39.781979
-39.782149
-39.782315
-39.782474
-39.782622
-39.78276
-39.782884
-39.782996
-39.783093
-39.783178
-39.783251
-39.783315
-39.783371
-39.783421
-39.78347
-39.783519
-39.78357
-39.783627
-39.783692
-39.783767
-39.783853
-39.783954
-39.784069
-39.784199
-39.784346
-39.784508
-39.784685
-39.784875
-39.785074
-39.785279
-39.785487
-39.785693
-39.78589
-39.786074
-39.786239
-39.78638
-39.786493
-39.786574
-39.786622
-39.786638
-39.786623
-39.786581
-39.786518
-39.78644
-39.786352
-39.786259
-39.786169
-39.786085
-39.786011
-39.785953
-39.785913
-39.785891
-39.785889
-39.785908
-39.785948
-39.786008
-39.786088
-39.786186
-39.7863
-39.786427
-39.786565
-39.786711
-39.786859
-39.787005
-39.787143
-39.787267
-39.78737
-39.787446
-39.787489
-39.787494
-39.787456
-39.787372
-39.787243
-39.78707
-39.78686
-39.78662
-39.786358
-39.786085
-39.785811
-39.785546
-39.785296
-39.785068
-39.784865
-39.784688
-39.784538
-39.784412
-39.784308
-39.784224
-39.784154
-39.784095
-39.784042
-39.78399
-39.783933
-39.783867
-39.783786
-39.783685
-39.783558
-39.7834
-39.783207
-39.782974
-39.782698
-39.782377
-39.782012
-39.781606
-39.781162
-39.780687
-39.780193
-39.779692
-39.779194
-39.778715
-39.778267
-39.777861
-39.777507
-39.777213
-39.776986
-39.776831
-39.776759
-39.776775
-39.776891
-39.77712
-39.777478
-39.777983
-39.778658
-39.779525
-39.780611
-39.781946
-39.783558
-39.785475
-39.787726
-39.790335
-39.793321
-39.796695
-39.800461
-39.804607
-39.809111
-39.813934
-39.819025
-39.824318
-39.829737
-39.835199
-39.840614
-39.845889
-39.850936
-39.855668
-39.860005
-39.863874
-39.867202
-39.869917
-39.871926
-39.87309
-39.873221
-39.872099
-39.869287
-39.864144
-39.85657
-39.845993
-39.830396
-39.812178
-39.787366
-39.770289
-39.749155
-39.802266
-39.957054
-28.051109
209.59623
-39.73845
-39.738456
-39.738458
-39.73847
-39.738458
-39.738423
-39.738502
-39.738516
-39.738533
-39.738566
-39.738599
-39.738636
-39.738678
-39.738723
-39.738771
-39.738822
-39.738875
-39.738929
-39.738983
-39.739036
-39.739086
-39.739133
-39.739177
-39.739216
-39.739251
-39.739282
-39.73931
-39.739334
-39.739357
-39.73938
-39.739402
-39.739425
-39.73945
-39.739476
-39.739505
-39.739536
-39.739568
-39.739601
-39.739636
-39.739672
-39.739711
-39.739753
-39.739803
-39.73986
-39.739928
-39.740008
-39.740102
-39.740213
-39.74034
-39.740485
-39.740645
-39.740817
-39.740996
-39.741177
-39.741357
-39.741534
-39.741721
-39.741915
-39.742118
-39.742323
-39.742531
-39.74274
-39.742954
-39.743169
-39.743372
-39.743547
-39.743678
-39.743763
-39.743797
-39.743783
-39.743727
-39.743644
-39.743547
-39.74345
-39.743362
-39.743289
-39.743238
-39.74321
-39.743209
-39.743236
-39.743289
-39.74337
-39.743473
-39.743598
-39.74374
-39.743897
-39.744068
-39.744251
-39.744445
-39.744651
-39.744869
-39.745098
-39.745338
-39.745588
-39.745844
-39.746105
-39.746367
-39.746625
-39.746875
-39.747112
-39.74733
-39.747526
-39.747698
-39.747844
-39.747967
-39.748068
-39.74815
-39.748217
-39.748273
-39.748323
-39.748369
-39.748418
-39.748473
-39.748536
-39.74861
-39.748695
-39.74879
-39.748895
-39.749007
-39.749127
-39.749255
-39.74939
-39.749532
-39.749683
-39.749841
-39.750006
-39.750177
-39.750352
-39.750531
-39.750712
-39.750893
-39.751073
-39.751252
-39.75143
-39.751605
-39.751777
-39.751947
-39.752115
-39.752281
-39.752444
-39.752604
-39.752763
-39.75292
-39.753075
-39.753228
-39.753381
-39.753533
-39.753685
-39.753837
-39.75399
-39.754144
-39.754299
-39.754455
-39.754611
-39.754769
-39.754927
-39.755086
-39.755246
-39.755406
-39.755566
-39.755726
-39.755886
-39.756046
-39.756204
-39.756362
-39.756517
-39.756671
-39.756823
-39.756974
-39.757123
-39.757272
-39.757421
-39.757571
-39.757723
-39.757876
-39.758032
-39.758189
-39.758348
-39.75851
-39.758672
-39.758836
-39.759002
-39.759168
-39.759336
-39.759505
-39.759675
-39.759846
-39.760018
-39.76019
-39.760363
-39.760537
-39.760711
-39.760886
-39.761062
-39.761238
-39.761415
-39.761592
-39.76177
-39.761947
-39.762125
-39.762303
-39.762482
-39.76266
-39.762839
-39.763018
-39.763198
-39.763377
-39.763556
-39.763736
-39.763915
-39.764095
-39.764275
-39.764455
-39.764635
-39.764815
-39.764995
-39.765176
-39.765356
-39.765537
-39.765717
-39.765898
-39.766079
-39.766261
-39.766442
-39.766623
-39.766805
-39.766987
-39.767168
-39.76735
-39.767532
-39.767713
-39.767895
-39.768077
-39.768258
-39.76844
-39.768622
-39.768804
-39.768986
-39.769168
-39.76935
-39.769532
-39.769714
-39.769895
-39.770077
-39.770258
-39.770438
-39.770619
-39.770798
-39.770977
-39.771156
-39.771333
-39.771511
-39.771687
-39.771863
-39.772039
-39.772215
-39.772391
-39.772567
-39.772744
-39.772921
-39.773098
-39.773275
-39.773453
-39.773631
-39.77381
-39.773988
-39.774165
-39.774342
-39.774518
-39.774693
-39.774866
-39.775038
-39.775209
-39.775378
-39.775545
-39.775711
-39.775876
-39.77604
-39.776203
-39.776367
-39.77653
-39.776694
-39.776859
-39.777026
-39.777193
-39.777362
-39.777531
-39.777702
-39.777874
-39.778045
-39.778215
-39.778383
-39.778548
-39.77871
-39.778868
-39.779022
-39.779171
-39.779316
-39.779457
-39.779594
-39.779728
-39.77986
-39.779991
-39.780121
-39.780253
-39.780387
-39.780525
-39.780668
-39.780816
-39.780969
-39.781127
-39.78129
-39.781457
-39.781626
-39.781797
-39.781967
-39.782135
-39.782298
-39.782455
-39.782602
-39.782739
-39.782863
-39.782975
-39.783073
-39.783159
-39.783234
-39.7833
-39.783359
-39.783413
-39.783464
-39.783516
-39.78357
-39.78363
-39.783697
-39.783774
-39.783862
-39.783963
-39.784079
-39.784208
-39.784353
-39.784513
-39.784687
-39.784872
-39.785066
-39.785266
-39.785468
-39.785667
-39.785859
-39.786037
-39.786197
-39.786334
-39.786444
-39.786524
-39.786573
-39.78659
-39.786579
-39.786543
-39.786486
-39.786414
-39.786332
-39.786247
-39.786162
-39.786084
-39.786016
-39.785962
-39.785924
-39.785905
-39.785904
-39.785923
-39.785962
-39.786021
-39.786098
-39.786192
-39.786302
-39.786424
-39.786557
-39.786695
-39.786837
-39.786975
-39.787106
-39.787223
-39.787319
-39.78739
-39.787428
-39.78743
-39.787391
-39.787309
-39.787183
-39.787017
-39.786815
-39.786585
-39.786333
-39.786071
-39.785808
-39.785552
-39.78531
-39.785089
-39.78489
-39.784716
-39.784568
-39.784442
-39.784338
-39.784251
-39.784179
-39.784117
-39.78406
-39.784004
-39.783944
-39.783874
-39.78379
-39.783687
-39.783559
-39.783401
-39.78321
-39.78298
-39.78271
-39.782398
-39.782044
-39.781652
-39.781224
-39.78077
-39.780297
-39.779818
-39.779344
-39.778889
-39.778464
-39.778081
-39.77775
-39.777477
-39.777271
-39.777138
-39.777086
-39.777124
-39.777262
-39.777514
-39.777894
-39.778422
-39.779117
-39.780003
-39.781106
-39.782452
-39.78407
-39.785986
-39.788227
-39.790814
-39.793767
-39.797094
-39.800797
-39.804866
-39.809278
-39.813995
-39.818968
-39.824134
-39.829421
-39.83475
-39.840033
-39.845184
-39.850118
-39.854751
-39.859006
-39.862808
-39.866087
-39.868766
-39.870749
-39.871894
-39.872004
-39.870858
-39.86803
-39.862852
-39.855249
-39.844828
-39.829259
-39.811711
-39.78716
-39.770271
-39.745441
-39.783014
-39.862831
-26.701193
174.00051
-39.738458
-39.738463
-39.738465
-39.738477
-39.738435
-39.738464
-39.738508
-39.73852
-39.738539
-39.738572
-39.738605
-39.738642
-39.738683
-39.738728
-39.738776
-39.738827
-39.738879
-39.738933
-39.738987
-39.739039
-39.73909
-39.739137
-39.739182
-39.739222
-39.739258
-39.73929
-39.739319
-39.739345
-39.739369
-39.739392
-39.739416
-39.73944
-39.739465
-39.739493
-39.739522
-39.739552
-39.739585
-39.739619
-39.739654
-39.739691
-39.739731
-39.739775
-39.739825
-39.739884
-39.739952
-39.740033
-39.740128
-39.740237
-39.740363
-39.740505
-39.740662
-39.74083
-39.741005
-39.741183
-39.74136
-39.741536
-39.741721
-39.741912
-39.742111
-39.742312
-39.742516
-39.74272
-39.742928
-39.743135
-39.74333
-39.743497
-39.743625
-39.743709
-39.743746
-39.743739
-39.743693
-39.743621
-39.743536
-39.74345
-39.743371
-39.743307
-39.743262
-39.74324
-39.743243
-39.743272
-39.743327
-39.743407
-39.743509
-39.743632
-39.743773
-39.743928
-39.744097
-39.744277
-39.74447
-39.744673
-39.744888
-39.745115
-39.745351
-39.745596
-39.745848
-39.746104
-39.74636
-39.746613
-39.746858
-39.747089
-39.747304
-39.747498
-39.747668
-39.747815
-39.747939
-39.748043
-39.748129
-39.7482
-39.748261
-39.748315
-39.748366
-39.748419
-39.748478
-39.748544
-39.748621
-39.748707
-39.748803
-39.748908
-39.749021
-39.749141
-39.749269
-39.749404
-39.749546
-39.749696
-39.749853
-39.750017
-39.750187
-39.750361
-39.750538
-39.750717
-39.750897
-39.751076
-39.751254
-39.75143
-39.751605
-39.751777
-39.751946
-39.752114
-39.752279
-39.752442
-39.752603
-39.752761
-39.752918
-39.753074
-39.753228
-39.753381
-39.753533
-39.753685
-39.753838
-39.753991
-39.754145
-39.7543
-39.754456
-39.754613
-39.75477
-39.754928
-39.755087
-39.755247
-39.755407
-39.755566
-39.755727
-39.755886
-39.756045
-39.756204
-39.756361
-39.756517
-39.756671
-39.756823
-39.756974
-39.757124
-39.757274
-39.757423
-39.757574
-39.757726
-39.75788
-39.758036
-39.758193
-39.758353
-39.758514
-39.758677
-39.75884
-39.759006
-39.759172
-39.75934
-39.759509
-39.759679
-39.75985
-39.760021
-39.760194
-39.760366
-39.76054
-39.760714
-39.760889
-39.761065
-39.761241
-39.761417
-39.761594
-39.761772
-39.761949
-39.762127
-39.762305
-39.762483
-39.762662
-39.762841
-39.76302
-39.763199
-39.763378
-39.763557
-39.763737
-39.763916
-39.764096
-39.764276
-39.764456
-39.764636
-39.764816
-39.764996
-39.765176
-39.765357
-39.765537
-39.765718
-39.765899
-39.76608
-39.766261
-39.766442
-39.766624
-39.766805
-39.766987
-39.767169
-39.76735
-39.767532
-39.767714
-39.767895
-39.768077
-39.768258
-39.76844
-39.768622
-39.768804
-39.768986
-39.769168
-39.769349
-39.769531
-39.769713
-39.769894
-39.770075
-39.770256
-39.770437
-39.770617
-39.770796
-39.770975
-39.771154
-39.771332
-39.771509
-39.771685
-39.771862
-39.772038
-39.772214
-39.772389
-39.772566
-39.772742
-39.772919
-39.773096
-39.773273
-39.773451
-39.773629
-39.773807
-39.773985
-39.774162
-39.774338
-39.774514
-39.774688
-39.774862
-39.775034
-39.775204
-39.775373
-39.775541
-39.775707
-39.775871
-39.776036
-39.776199
-39.776363
-39.776527
-39.776691
-39.776856
-39.777022
-39.777189
-39.777357
-39.777527
-39.777697
-39.777868
-39.778038
-39.778207
-39.778375
-39.778539
-39.778701
-39.778858
-39.779012
-39.779162
-39.779307
-39.779449
-39.779586
-39.779721
-39.779854
-39.779986
-39.780118
-39.78025
-39.780385
-39.780524
-39.780666
-39.780814
-39.780967
-39.781124
-39.781286
-39.781451
-39.781619
-39.781787
-39.781955
-39.782121
-39.782282
-39.782437
-39.782583
-39.782719
-39.782842
-39.782954
-39.783053
-39.783141
-39.783218
-39.783286
-39.783347
-39.783404
-39.783459
-39.783513
-39.78357
-39.783632
-39.783702
-39.783781
-39.78387
-39.783972
-39.784087
-39.784216
-39.78436
-39.784517
-39.784687
-39.784869
-39.785059
-39.785253
-39.785449
-39.785643
-39.785828
-39.786001
-39.786156
-39.786289
-39.786397
-39.786476
-39.786525
-39.786545
-39.786537
-39.786506
-39.786454
-39.786388
-39.786313
-39.786234
-39.786156
-39.786083
-39.786019
-39.785969
-39.785935
-39.785917
-39.785918
-39.785937
-39.785975
-39.786032
-39.786107
-39.786198
-39.786303
-39.786421
-39.786547
-39.78668
-39.786815
-39.786946
-39.78707
-39.78718
-39.78727
-39.787335
-39.78737
-39.787369
-39.787329
-39.787248
-39.787127
-39.786967
-39.786772
-39.786551
-39.786309
-39.786057
-39.785804
-39.785557
-39.785323
-39.785108
-39.784914
-39.784744
-39.784597
-39.784471
-39.784366
-39.784277
-39.784203
-39.784138
-39.784077
-39.784018
-39.783955
-39.783882
-39.783796
-39.78369
-39.783561
-39.783405
-39.783215
-39.782989
-39.782725
-39.782421
-39.782079
-39.7817
-39.781289
-39.780853
-39.7804
-39.779943
-39.779493
-39.779061
-39.778659
-39.778299
-39.777989
-39.777737
-39.777552
-39.777439
-39.777409
-39.777468
-39.777627
-39.7779
-39.778302
-39.77885
-39.779565
-39.780468
-39.781586
-39.782943
-39.784565
-39.786478
-39.788707
-39.791273
-39.794191
-39.797471
-39.801113
-39.805106
-39.809427
-39.814041
-39.818901
-39.823945
-39.829104
-39.834304
-39.839462
-39.844495
-39.84932
-39.853859
-39.858036
-39.861777
-39.865012
-39.867661
-39.869629
-39.870767
-39.870876
-39.869734
-39.866928
-39.861772
-39.854209
-39.844052
-39.8286
-39.811803
-39.787484
-39.770311
-39.740548
-39.757909
-39.810039
-29.225242
95.993353
-39.738465
-39.73847
-39.738473
-39.738481
-39.738437
-39.738504
-39.738514
-39.738526
-39.738547
-39.738578
-39.73861
-39.738647
-39.738688
-39.738733
-39.738781
-39.738831
-39.738883
-39.738937
-39.73899
-39.739043
-39.739094
-39.739142
-39.739187
-39.739228
-39.739265
-39.739298
-39.739328
-39.739355
-39.739381
-39.739405
-39.73943
-39.739455
-39.739481
-39.739509
-39.739538
-39.739569
-39.739602
-39.739636
-39.739672
-39.73971
-39.739751
-39.739796
-39.739848
-39.739907
-39.739977
-39.740058
-39.740152
-39.740261
-39.740385
-39.740525
-39.740678
-39.740843
-39.741014
-39.741188
-39.741363
-39.741539
-39.741721
-39.741909
-39.742104
-39.742302
-39.742502
-39.742701
-39.742903
-39.743102
-39.743289
-39.743451
-39.743575
-39.743659
-39.743699
-39.743698
-39.743662
-39.7436
-39.743526
-39.74345
-39.74338
-39.743324
-39.743286
-39.743269
-39.743275
-39.743307
-39.743362
-39.743443
-39.743544
-39.743666
-39.743804
-39.743958
-39.744125
-39.744303
-39.744494
-39.744695
-39.744907
-39.74513
-39.745363
-39.745604
-39.745851
-39.746102
-39.746353
-39.746601
-39.746841
-39.747068
-39.747279
-39.747471
-39.74764
-39.747787
-39.747913
-39.748019
-39.748109
-39.748184
-39.748249
-39.748307
-39.748363
-39.748421
-39.748483
-39.748552
-39.74863
-39.748718
-39.748815
-39.748921
-39.749034
-39.749155
-39.749282
-39.749417
-39.749559
-39.749709
-39.749865
-39.750028
-39.750196
-39.750369
-39.750545
-39.750722
-39.7509
-39.751078
-39.751256
-39.751431
-39.751605
-39.751776
-39.751945
-39.752112
-39.752277
-39.75244
-39.752601
-39.75276
-39.752917
-39.753073
-39.753227
-39.75338
-39.753533
-39.753686
-39.753838
-39.753992
-39.754146
-39.754301
-39.754457
-39.754614
-39.754771
-39.75493
-39.755088
-39.755248
-39.755407
-39.755567
-39.755727
-39.755886
-39.756045
-39.756203
-39.756361
-39.756516
-39.756671
-39.756823
-39.756975
-39.757125
-39.757275
-39.757426
-39.757577
-39.75773
-39.757884
-39.75804
-39.758198
-39.758357
-39.758518
-39.758681
-39.758845
-39.75901
-39.759176
-39.759344
-39.759513
-39.759683
-39.759853
-39.760025
-39.760197
-39.760369
-39.760543
-39.760717
-39.760892
-39.761067
-39.761243
-39.76142
-39.761597
-39.761774
-39.761951
-39.762129
-39.762307
-39.762485
-39.762663
-39.762842
-39.763021
-39.7632
-39.76338
-39.763559
-39.763738
-39.763917
-39.764097
-39.764277
-39.764457
-39.764637
-39.764817
-39.764997
-39.765177
-39.765357
-39.765538
-39.765719
-39.765899
-39.76608
-39.766262
-39.766443
-39.766624
-39.766806
-39.766987
-39.767169
-39.76735
-39.767532
-39.767714
-39.767895
-39.768076
-39.768258
-39.76844
-39.768621
-39.768803
-39.768985
-39.769167
-39.769348
-39.76953
-39.769712
-39.769893
-39.770074
-39.770255
-39.770435
-39.770615
-39.770795
-39.770974
-39.771152
-39.77133
-39.771507
-39.771684
-39.77186
-39.772036
-39.772212
-39.772388
-39.772564
-39.77274
-39.772917
-39.773094
-39.773271
-39.773449
-39.773627
-39.773804
-39.773982
-39.774159
-39.774335
-39.77451
-39.774684
-39.774858
-39.775029
-39.7752
-39.775369
-39.775536
-39.775702
-39.775867
-39.776032
-39.776195
-39.776359
-39.776523
-39.776687
-39.776852
-39.777018
-39.777185
-39.777353
-39.777522
-39.777692
-39.777862
-39.778031
-39.7782
-39.778367
-39.778531
-39.778692
-39.778849
-39.779003
-39.779152
-39.779298
-39.77944
-39.779579
-39.779714
-39.779848
-39.779981
-39.780114
-39.780247
-39.780383
-39.780522
-39.780665
-39.780813
-39.780965
-39.781121
-39.781282
-39.781445
-39.781611
-39.781778
-39.781944
-39.782108
-39.782267
-39.78242
-39.782564
-39.7827
-39.782822
-39.782934
-39.783034
-39.783123
-39.783202
-39.783272
-39.783336
-39.783395
-39.783453
-39.78351
-39.78357
-39.783635
-39.783706
-39.783787
-39.783878
-39.78398
-39.784095
-39.784223
-39.784365
-39.78452
-39.784688
-39.784865
-39.78505
-39.78524
-39.785431
-39.785618
-39.785798
-39.785966
-39.786116
-39.786246
-39.786352
-39.78643
-39.786479
-39.786501
-39.786497
-39.78647
-39.786424
-39.786363
-39.786294
-39.786221
-39.786149
-39.786081
-39.786022
-39.785976
-39.785944
-39.785929
-39.78593
-39.78595
-39.785987
-39.786042
-39.786115
-39.786202
-39.786304
-39.786416
-39.786538
-39.786665
-39.786793
-39.786918
-39.787035
-39.787138
-39.787223
-39.787283
-39.787313
-39.78731
-39.78727
-39.78719
-39.787072
-39.786918
-39.786731
-39.786518
-39.786286
-39.786044
-39.7858
-39.785562
-39.785335
-39.785126
-39.784937
-39.784769
-39.784624
-39.784499
-39.784393
-39.784303
-39.784226
-39.784158
-39.784095
-39.784033
-39.783966
-39.783891
-39.783802
-39.783695
-39.783566
-39.78341
-39.783222
-39.783
-39.782742
-39.782447
-39.782116
-39.78175
-39.781355
-39.780937
-39.780505
-39.780069
-39.77964
-39.779231
-39.778851
-39.778513
-39.778224
-39.777993
-39.777828
-39.777736
-39.777726
-39.777805
-39.777985
-39.778279
-39.778701
-39.779269
-39.780002
-39.780922
-39.782052
-39.783417
-39.785043
-39.786952
-39.789168
-39.791711
-39.794595
-39.797828
-39.801409
-39.805328
-39.809561
-39.814075
-39.818824
-39.82375
-39.828786
-39.833863
-39.8389
-39.84382
-39.848542
-39.852991
-39.857094
-39.860779
-39.863975
-39.866603
-39.868563
-39.869708
-39.869835
-39.868725
-39.865981
-39.860905
-39.853445
-39.843651
-39.828406
-39.812437
-39.78847
-39.771189
-39.739703
-39.735549
-39.788095
-22.426922
102.41668
-39.738472
-39.738477
-39.73848
-39.738485
-39.738443
-39.738509
-39.738519
-39.738532
-39.738558
-39.738585
-39.738616
-39.738652
-39.738693
-39.738737
-39.738785
-39.738835
-39.738888
-39.738941
-39.738994
-39.739047
-39.739098
-39.739147
-39.739192
-39.739234
-39.739272
-39.739306
-39.739337
-39.739366
-39.739393
-39.739418
-39.739444
-39.739469
-39.739496
-39.739525
-39.739554
-39.739586
-39.739619
-39.739654
-39.73969
-39.739729
-39.739771
-39.739818
-39.73987
-39.73993
-39.740001
-39.740082
-39.740176
-39.740284
-39.740407
-39.740544
-39.740694
-39.740855
-39.741023
-39.741194
-39.741367
-39.741541
-39.74172
-39.741906
-39.742097
-39.742291
-39.742487
-39.742682
-39.742879
-39.743071
-39.743251
-39.743407
-39.743528
-39.743612
-39.743655
-39.74366
-39.743632
-39.74358
-39.743516
-39.74345
-39.743389
-39.74334
-39.743308
-39.743296
-39.743306
-39.74334
-39.743397
-39.743477
-39.743578
-39.743699
-39.743836
-39.743987
-39.744152
-39.744329
-39.744517
-39.744716
-39.744926
-39.745146
-39.745375
-39.745612
-39.745855
-39.746101
-39.746347
-39.74659
-39.746825
-39.747048
-39.747256
-39.747445
-39.747614
-39.747761
-39.747888
-39.747997
-39.748089
-39.748168
-39.748237
-39.7483
-39.74836
-39.748421
-39.748487
-39.748559
-39.74864
-39.748729
-39.748827
-39.748933
-39.749047
-39.749168
-39.749296
-39.749431
-39.749572
-39.749721
-39.749877
-39.750039
-39.750206
-39.750377
-39.750551
-39.750728
-39.750904
-39.751081
-39.751257
-39.751432
-39.751605
-39.751775
-39.751944
-39.752111
-39.752276
-39.752438
-39.752599
-39.752758
-39.752916
-39.753072
-39.753226
-39.75338
-39.753533
-39.753686
-39.753839
-39.753992
-39.754147
-39.754302
-39.754458
-39.754615
-39.754773
-39.754931
-39.755089
-39.755249
-39.755408
-39.755568
-39.755728
-39.755886
-39.756045
-39.756203
-39.75636
-39.756516
-39.756671
-39.756823
-39.756975
-39.757126
-39.757277
-39.757428
-39.75758
-39.757733
-39.757887
-39.758044
-39.758202
-39.758361
-39.758522
-39.758685
-39.758849
-39.759014
-39.75918
-39.759348
-39.759517
-39.759686
-39.759857
-39.760028
-39.7602
-39.760373
-39.760546
-39.76072
-39.760894
-39.76107
-39.761246
-39.761422
-39.761599
-39.761776
-39.761953
-39.762131
-39.762309
-39.762487
-39.762665
-39.762844
-39.763023
-39.763202
-39.763381
-39.76356
-39.763739
-39.763918
-39.764098
-39.764278
-39.764458
-39.764638
-39.764818
-39.764998
-39.765178
-39.765358
-39.765538
-39.765719
-39.7659
-39.766081
-39.766262
-39.766443
-39.766625
-39.766806
-39.766988
-39.767169
-39.767351
-39.767532
-39.767714
-39.767895
-39.768076
-39.768258
-39.768439
-39.768621
-39.768803
-39.768984
-39.769166
-39.769348
-39.769529
-39.769711
-39.769892
-39.770073
-39.770253
-39.770434
-39.770614
-39.770793
-39.770972
-39.77115
-39.771328
-39.771505
-39.771682
-39.771858
-39.772034
-39.77221
-39.772386
-39.772562
-39.772739
-39.772916
-39.773092
-39.773269
-39.773447
-39.773624
-39.773802
-39.773979
-39.774155
-39.774331
-39.774506
-39.77468
-39.774853
-39.775025
-39.775195
-39.775364
-39.775532
-39.775698
-39.775863
-39.776028
-39.776192
-39.776355
-39.776519
-39.776684
-39.776849
-39.777014
-39.777181
-39.777349
-39.777517
-39.777687
-39.777856
-39.778025
-39.778193
-39.778359
-39.778522
-39.778683
-39.77884
-39.778994
-39.779143
-39.779289
-39.779432
-39.779571
-39.779707
-39.779842
-39.779976
-39.78011
-39.780244
-39.78038
-39.78052
-39.780663
-39.780811
-39.780962
-39.781118
-39.781277
-39.781439
-39.781603
-39.781768
-39.781932
-39.782094
-39.782251
-39.782403
-39.782546
-39.782681
-39.782803
-39.782915
-39.783016
-39.783106
-39.783186
-39.783259
-39.783325
-39.783387
-39.783447
-39.783507
-39.78357
-39.783636
-39.78371
-39.783792
-39.783884
-39.783987
-39.784102
-39.784229
-39.78437
-39.784523
-39.784687
-39.784861
-39.785042
-39.785227
-39.785412
-39.785595
-39.785769
-39.785932
-39.786078
-39.786205
-39.786308
-39.786385
-39.786435
-39.786459
-39.786458
-39.786435
-39.786394
-39.786339
-39.786276
-39.786208
-39.786141
-39.786078
-39.786024
-39.785982
-39.785953
-39.785939
-39.785941
-39.785961
-39.785998
-39.786052
-39.786122
-39.786206
-39.786304
-39.786412
-39.786528
-39.786649
-39.786771
-39.78689
-39.787001
-39.787098
-39.787177
-39.787232
-39.787259
-39.787254
-39.787213
-39.787135
-39.78702
-39.786871
-39.786691
-39.786486
-39.786263
-39.786031
-39.785796
-39.785565
-39.785346
-39.785143
-39.784958
-39.784794
-39.78465
-39.784526
-39.784419
-39.784328
-39.784249
-39.784179
-39.784113
-39.784048
-39.783978
-39.7839
-39.78381
-39.783702
-39.783572
-39.783417
-39.783231
-39.783014
-39.782762
-39.782475
-39.782155
-39.781802
-39.781423
-39.781022
-39.780609
-39.780194
-39.779787
-39.779399
-39.779042
-39.778724
-39.778457
-39.778246
-39.778101
-39.778029
-39.778037
-39.778137
-39.778337
-39.778651
-39.779092
-39.779678
-39.780428
-39.781363
-39.782505
-39.783877
-39.785504
-39.787408
-39.789611
-39.79213
-39.794979
-39.798165
-39.801686
-39.805531
-39.809679
-39.814096
-39.818737
-39.823549
-39.828468
-39.833426
-39.838348
-39.843158
-39.847782
-39.852146
-39.85618
-39.859814
-39.862976
-39.865588
-39.867551
-39.868716
-39.868882
-39.867829
-39.865186
-39.860244
-39.85295
-39.843614
-39.828663
-39.813596
-39.79025
-39.773226
-39.743845
-39.761349
-39.82278
28.056022
112.60676
-39.738479
-39.738484
-39.738487
-39.738483
-39.738451
-39.738515
-39.738522
-39.738537
-39.738564
-39.73859
-39.738621
-39.738657
-39.738698
-39.738742
-39.73879
-39.73884
-39.738892
-39.738945
-39.738999
-39.739051
-39.739103
-39.739152
-39.739198
-39.73924
-39.739279
-39.739315
-39.739347
-39.739377
-39.739405
-39.739431
-39.739458
-39.739484
-39.739512
-39.73954
-39.739571
-39.739603
-39.739636
-39.739671
-39.739709
-39.739748
-39.739791
-39.739838
-39.739892
-39.739953
-39.740024
-39.740105
-39.740199
-39.740306
-39.740428
-39.740563
-39.74071
-39.740867
-39.741032
-39.7412
-39.741371
-39.741543
-39.74172
-39.741903
-39.742091
-39.742281
-39.742473
-39.742664
-39.742855
-39.743041
-39.743215
-39.743365
-39.743484
-39.743568
-39.743614
-39.743624
-39.743604
-39.743561
-39.743507
-39.743449
-39.743397
-39.743355
-39.743329
-39.743322
-39.743335
-39.743372
-39.74343
-39.74351
-39.743611
-39.74373
-39.743866
-39.744016
-39.744179
-39.744354
-39.74454
-39.744736
-39.744943
-39.74516
-39.745386
-39.745619
-39.745858
-39.7461
-39.746341
-39.746579
-39.74681
-39.747029
-39.747234
-39.747421
-39.747589
-39.747736
-39.747865
-39.747975
-39.748071
-39.748153
-39.748226
-39.748293
-39.748357
-39.748422
-39.748491
-39.748566
-39.748648
-39.748739
-39.748838
-39.748945
-39.749059
-39.74918
-39.749308
-39.749443
-39.749585
-39.749733
-39.749888
-39.750049
-39.750215
-39.750385
-39.750558
-39.750733
-39.750908
-39.751084
-39.751259
-39.751433
-39.751605
-39.751775
-39.751943
-39.75211
-39.752274
-39.752437
-39.752598
-39.752757
-39.752915
-39.753071
-39.753225
-39.753379
-39.753533
-39.753686
-39.753839
-39.753993
-39.754148
-39.754303
-39.754459
-39.754616
-39.754774
-39.754932
-39.75509
-39.755249
-39.755409
-39.755568
-39.755728
-39.755887
-39.756045
-39.756203
-39.75636
-39.756516
-39.75667
-39.756824
-39.756976
-39.757127
-39.757279
-39.75743
-39.757583
-39.757736
-39.757891
-39.758047
-39.758205
-39.758365
-39.758526
-39.758689
-39.758853
-39.759018
-39.759184
-39.759352
-39.75952
-39.75969
-39.75986
-39.760031
-39.760203
-39.760376
-39.760549
-39.760722
-39.760897
-39.761072
-39.761248
-39.761424
-39.761601
-39.761778
-39.761955
-39.762133
-39.76231
-39.762488
-39.762667
-39.762845
-39.763024
-39.763203
-39.763382
-39.763561
-39.76374
-39.763919
-39.764099
-39.764279
-39.764458
-39.764638
-39.764818
-39.764998
-39.765179
-39.765359
-39.765539
-39.76572
-39.7659
-39.766081
-39.766263
-39.766444
-39.766625
-39.766806
-39.766988
-39.767169
-39.767351
-39.767532
-39.767714
-39.767895
-39.768076
-39.768258
-39.768439
-39.768621
-39.768802
-39.768984
-39.769166
-39.769347
-39.769529
-39.76971
-39.769891
-39.770072
-39.770252
-39.770432
-39.770612
-39.770791
-39.77097
-39.771148
-39.771326
-39.771503
-39.77168
-39.771856
-39.772033
-39.772209
-39.772385
-39.772561
-39.772737
-39.772914
-39.773091
-39.773267
-39.773445
-39.773622
-39.773799
-39.773976
-39.774152
-39.774328
-39.774503
-39.774677
-39.774849
-39.775021
-39.775191
-39.77536
-39.775527
-39.775694
-39.775859
-39.776024
-39.776188
-39.776352
-39.776516
-39.77668
-39.776845
-39.777011
-39.777177
-39.777345
-39.777513
-39.777681
-39.77785
-39.778019
-39.778186
-39.778351
-39.778514
-39.778674
-39.778831
-39.778985
-39.779135
-39.779281
-39.779423
-39.779563
-39.779701
-39.779837
-39.779971
-39.780106
-39.780241
-39.780378
-39.780518
-39.780661
-39.780808
-39.78096
-39.781115
-39.781273
-39.781433
-39.781596
-39.781759
-39.781921
-39.782081
-39.782237
-39.782387
-39.782529
-39.782662
-39.782784
-39.782897
-39.782998
-39.783089
-39.783171
-39.783246
-39.783314
-39.783379
-39.783441
-39.783504
-39.783569
-39.783638
-39.783713
-39.783797
-39.78389
-39.783993
-39.784108
-39.784235
-39.784374
-39.784524
-39.784686
-39.784856
-39.785033
-39.785214
-39.785394
-39.785571
-39.785741
-39.785899
-39.786041
-39.786165
-39.786266
-39.786342
-39.786393
-39.786418
-39.78642
-39.786401
-39.786365
-39.786316
-39.786258
-39.786196
-39.786134
-39.786076
-39.786026
-39.785986
-39.78596
-39.785948
-39.785951
-39.785971
-39.786008
-39.78606
-39.786128
-39.786209
-39.786303
-39.786407
-39.786518
-39.786634
-39.78675
-39.786862
-39.786967
-39.787059
-39.787132
-39.787183
-39.787207
-39.787199
-39.787158
-39.787082
-39.786971
-39.786826
-39.786653
-39.786456
-39.786242
-39.786017
-39.785791
-39.785569
-39.785356
-39.785158
-39.784978
-39.784817
-39.784675
-39.784551
-39.784444
-39.784352
-39.784271
-39.784199
-39.78413
-39.784063
-39.783991
-39.783911
-39.783819
-39.78371
-39.78358
-39.783425
-39.783243
-39.783029
-39.782784
-39.782506
-39.782196
-39.781856
-39.781492
-39.781108
-39.780714
-39.780319
-39.779932
-39.779566
-39.779229
-39.778933
-39.778685
-39.778494
-39.778369
-39.778316
-39.778344
-39.778463
-39.778682
-39.779014
-39.779474
-39.780078
-39.780844
-39.781791
-39.782944
-39.784322
-39.785949
-39.787847
-39.790034
-39.792529
-39.795343
-39.798483
-39.801945
-39.805718
-39.809782
-39.814104
-39.818642
-39.823344
-39.828149
-39.832992
-39.837803
-39.842509
-39.847039
-39.851323
-39.855292
-39.858879
-39.862014
-39.864618
-39.866592
-39.867791
-39.868014
-39.867046
-39.86454
-39.859786
-39.852717
-39.843928
-39.829361
-39.815254
-39.792879
-39.776368
-39.751224
-39.788476
-39.843942
22.746959
118.83841
-39.738486
-39.738491
-39.738494
-39.73848
-39.738505
-39.73852
-39.738526
-39.738544
-39.73857
-39.738596
-39.738626
-39.738662
-39.738703
-39.738747
-39.738794
-39.738844
-39.738896
-39.738949
-39.739003
-39.739056
-39.739108
-39.739157
-39.739204
-39.739247
-39.739287
-39.739323
-39.739357
-39.739388
-39.739417
-39.739444
-39.739472
-39.739499
-39.739527
-39.739556
-39.739587
-39.739619
-39.739653
-39.739689
-39.739727
-39.739767
-39.73981
-39.739859
-39.739913
-39.739975
-39.740046
-39.740128
-39.740222
-39.740328
-39.740448
-39.740581
-39.740725
-39.74088
-39.741041
-39.741206
-39.741374
-39.741544
-39.74172
-39.7419
-39.742084
-39.742271
-39.742459
-39.742646
-39.742832
-39.743012
-39.74318
-39.743326
-39.743443
-39.743527
-39.743575
-39.743591
-39.743578
-39.743544
-39.743498
-39.743449
-39.743404
-39.74337
-39.743349
-39.743347
-39.743364
-39.743402
-39.743462
-39.743543
-39.743643
-39.743761
-39.743895
-39.744044
-39.744205
-39.744378
-39.744562
-39.744756
-39.744961
-39.745175
-39.745397
-39.745627
-39.745861
-39.746098
-39.746336
-39.746569
-39.746796
-39.747011
-39.747213
-39.747398
-39.747565
-39.747713
-39.747842
-39.747955
-39.748053
-39.748139
-39.748215
-39.748286
-39.748354
-39.748422
-39.748494
-39.748572
-39.748656
-39.748749
-39.748849
-39.748956
-39.749071
-39.749193
-39.749321
-39.749456
-39.749597
-39.749745
-39.749899
-39.750059
-39.750224
-39.750393
-39.750564
-39.750738
-39.750912
-39.751087
-39.751261
-39.751434
-39.751605
-39.751775
-39.751943
-39.752109
-39.752273
-39.752436
-39.752597
-39.752756
-39.752913
-39.75307
-39.753225
-39.753379
-39.753533
-39.753686
-39.75384
-39.753994
-39.754149
-39.754304
-39.75446
-39.754617
-39.754775
-39.754933
-39.755091
-39.75525
-39.75541
-39.755569
-39.755728
-39.755887
-39.756045
-39.756203
-39.75636
-39.756516
-39.75667
-39.756824
-39.756976
-39.757128
-39.75728
-39.757432
-39.757585
-39.757739
-39.757894
-39.758051
-39.758209
-39.758369
-39.75853
-39.758693
-39.758857
-39.759022
-39.759188
-39.759355
-39.759524
-39.759693
-39.759864
-39.760035
-39.760206
-39.760379
-39.760551
-39.760725
-39.760899
-39.761074
-39.76125
-39.761426
-39.761603
-39.76178
-39.761957
-39.762134
-39.762312
-39.76249
-39.762668
-39.762847
-39.763026
-39.763204
-39.763383
-39.763562
-39.763741
-39.76392
-39.7641
-39.76428
-39.764459
-39.764639
-39.764819
-39.764999
-39.765179
-39.765359
-39.76554
-39.76572
-39.765901
-39.766082
-39.766263
-39.766444
-39.766626
-39.766807
-39.766988
-39.76717
-39.767351
-39.767532
-39.767714
-39.767895
-39.768076
-39.768257
-39.768439
-39.76862
-39.768802
-39.768983
-39.769165
-39.769346
-39.769528
-39.769709
-39.76989
-39.77007
-39.770251
-39.770431
-39.770611
-39.77079
-39.770968
-39.771147
-39.771324
-39.771502
-39.771678
-39.771855
-39.772031
-39.772207
-39.772383
-39.772559
-39.772736
-39.772912
-39.773089
-39.773265
-39.773442
-39.773619
-39.773796
-39.773973
-39.774149
-39.774324
-39.774499
-39.774673
-39.774845
-39.775017
-39.775187
-39.775356
-39.775523
-39.77569
-39.775855
-39.77602
-39.776184
-39.776348
-39.776512
-39.776676
-39.776841
-39.777007
-39.777173
-39.77734
-39.777508
-39.777676
-39.777845
-39.778012
-39.778179
-39.778344
-39.778506
-39.778666
-39.778823
-39.778976
-39.779126
-39.779272
-39.779416
-39.779556
-39.779694
-39.779831
-39.779966
-39.780101
-39.780237
-39.780375
-39.780515
-39.780659
-39.780806
-39.780957
-39.781111
-39.781268
-39.781427
-39.781588
-39.781749
-39.78191
-39.782068
-39.782222
-39.782371
-39.782512
-39.782644
-39.782766
-39.782879
-39.782981
-39.783073
-39.783157
-39.783233
-39.783304
-39.783371
-39.783436
-39.783501
-39.783568
-39.783639
-39.783716
-39.783801
-39.783895
-39.783999
-39.784114
-39.784239
-39.784377
-39.784526
-39.784684
-39.784851
-39.785024
-39.7852
-39.785376
-39.785548
-39.785713
-39.785867
-39.786006
-39.786126
-39.786226
-39.786301
-39.786352
-39.786379
-39.786384
-39.786369
-39.786337
-39.786292
-39.78624
-39.786183
-39.786126
-39.786072
-39.786026
-39.78599
-39.785967
-39.785956
-39.785961
-39.78598
-39.786016
-39.786067
-39.786133
-39.786211
-39.786302
-39.786401
-39.786508
-39.786618
-39.786729
-39.786836
-39.786934
-39.78702
-39.787089
-39.787136
-39.787156
-39.787147
-39.787106
-39.787031
-39.786923
-39.786783
-39.786616
-39.786426
-39.78622
-39.786005
-39.785786
-39.785571
-39.785365
-39.785173
-39.784997
-39.784839
-39.784699
-39.784576
-39.784468
-39.784375
-39.784293
-39.784219
-39.784148
-39.784078
-39.784004
-39.783922
-39.783828
-39.783719
-39.783589
-39.783436
-39.783256
-39.783047
-39.782808
-39.782538
-39.782239
-39.781911
-39.781562
-39.781195
-39.780819
-39.780443
-39.780077
-39.779731
-39.779415
-39.779138
-39.778911
-39.778739
-39.778632
-39.778599
-39.778645
-39.778783
-39.77902
-39.779371
-39.779848
-39.780468
-39.781248
-39.782208
-39.78337
-39.784753
-39.786379
-39.788269
-39.790441
-39.792911
-39.795689
-39.798782
-39.802186
-39.805889
-39.809871
-39.814101
-39.818539
-39.823134
-39.827829
-39.832562
-39.837266
-39.841873
-39.846313
-39.850521
-39.854429
-39.857974
-39.861086
-39.863689
-39.865684
-39.86693
-39.867229
-39.866373
-39.864038
-39.859523
-39.852739
-39.844577
-39.830487
-39.817389
-39.796289
-39.780013
-39.759969
-39.797669
-39.826546
-18.477648
123.41069
-39.738493
-39.738497
-39.7385
-39.738498
-39.738515
-39.738525
-39.738531
-39.738554
-39.738575
-39.738601
-39.738632
-39.738667
-39.738708
-39.738752
-39.738799
-39.738849
-39.7389
-39.738954
-39.739007
-39.739061
-39.739113
-39.739162
-39.73921
-39.739254
-39.739295
-39.739332
-39.739367
-39.739399
-39.739429
-39.739458
-39.739486
-39.739514
-39.739542
-39.739572
-39.739603
-39.739636
-39.73967
-39.739706
-39.739744
-39.739785
-39.73983
-39.739879
-39.739934
-39.739997
-39.740068
-39.74015
-39.740243
-39.740349
-39.740467
-39.740598
-39.74074
-39.740892
-39.74105
-39.741213
-39.741378
-39.741546
-39.741719
-39.741896
-39.742078
-39.742261
-39.742445
-39.742628
-39.74281
-39.742985
-39.743148
-39.74329
-39.743404
-39.743488
-39.743539
-39.743559
-39.743553
-39.743527
-39.74349
-39.743449
-39.743412
-39.743383
-39.743368
-39.74337
-39.743391
-39.743432
-39.743492
-39.743574
-39.743674
-39.743791
-39.743924
-39.744071
-39.74423
-39.744401
-39.744583
-39.744775
-39.744977
-39.745189
-39.745408
-39.745634
-39.745864
-39.746097
-39.74633
-39.74656
-39.746782
-39.746994
-39.747193
-39.747376
-39.747542
-39.74769
-39.747821
-39.747935
-39.748036
-39.748125
-39.748205
-39.748279
-39.748351
-39.748423
-39.748497
-39.748577
-39.748664
-39.748758
-39.748859
-39.748967
-39.749083
-39.749204
-39.749333
-39.749468
-39.749609
-39.749756
-39.74991
-39.750069
-39.750233
-39.7504
-39.750571
-39.750743
-39.750916
-39.75109
-39.751263
-39.751435
-39.751606
-39.751775
-39.751942
-39.752108
-39.752272
-39.752434
-39.752595
-39.752755
-39.752912
-39.753069
-39.753224
-39.753379
-39.753533
-39.753686
-39.75384
-39.753994
-39.754149
-39.754305
-39.754461
-39.754618
-39.754776
-39.754934
-39.755092
-39.755251
-39.755411
-39.755569
-39.755729
-39.755887
-39.756045
-39.756203
-39.75636
-39.756516
-39.756671
-39.756824
-39.756977
-39.75713
-39.757282
-39.757434
-39.757588
-39.757742
-39.757898
-39.758054
-39.758213
-39.758373
-39.758534
-39.758697
-39.758861
-39.759026
-39.759192
-39.759359
-39.759527
-39.759697
-39.759867
-39.760038
-39.760209
-39.760381
-39.760554
-39.760728
-39.760902
-39.761077
-39.761252
-39.761429
-39.761605
-39.761782
-39.761959
-39.762136
-39.762314
-39.762492
-39.76267
-39.762848
-39.763027
-39.763206
-39.763385
-39.763564
-39.763742
-39.763922
-39.764101
-39.76428
-39.76446
-39.76464
-39.76482
-39.765
-39.76518
-39.76536
-39.76554
-39.765721
-39.765902
-39.766082
-39.766264
-39.766445
-39.766626
-39.766807
-39.766989
-39.76717
-39.767351
-39.767533
-39.767714
-39.767895
-39.768076
-39.768257
-39.768439
-39.76862
-39.768801
-39.768983
-39.769164
-39.769345
-39.769527
-39.769708
-39.769889
-39.770069
-39.770249
-39.770429
-39.770609
-39.770788
-39.770967
-39.771145
-39.771323
-39.7715
-39.771677
-39.771853
-39.772029
-39.772205
-39.772381
-39.772558
-39.772734
-39.77291
-39.773087
-39.773263
-39.77344
-39.773617
-39.773794
-39.77397
-39.774146
-39.774321
-39.774495
-39.774669
-39.774841
-39.775013
-39.775183
-39.775352
-39.775519
-39.775685
-39.775851
-39.776016
-39.77618
-39.776344
-39.776508
-39.776673
-39.776838
-39.777003
-39.777169
-39.777336
-39.777503
-39.777671
-39.777839
-39.778006
-39.778172
-39.778336
-39.778499
-39.778658
-39.778814
-39.778968
-39.779118
-39.779264
-39.779408
-39.779549
-39.779688
-39.779825
-39.779961
-39.780097
-39.780234
-39.780372
-39.780513
-39.780656
-39.780803
-39.780954
-39.781107
-39.781263
-39.781421
-39.78158
-39.78174
-39.781899
-39.782056
-39.782208
-39.782356
-39.782495
-39.782627
-39.782749
-39.782862
-39.782964
-39.783058
-39.783143
-39.783221
-39.783294
-39.783363
-39.78343
-39.783497
-39.783566
-39.78364
-39.783718
-39.783805
-39.7839
-39.784004
-39.784119
-39.784243
-39.784379
-39.784526
-39.784682
-39.784846
-39.785015
-39.785187
-39.785358
-39.785526
-39.785686
-39.785836
-39.785971
-39.786089
-39.786186
-39.786261
-39.786313
-39.786342
-39.786349
-39.786337
-39.78631
-39.78627
-39.786222
-39.78617
-39.786117
-39.786069
-39.786027
-39.785994
-39.785972
-39.785964
-39.785969
-39.785989
-39.786024
-39.786074
-39.786137
-39.786213
-39.7863
-39.786395
-39.786497
-39.786602
-39.786708
-39.786809
-39.786903
-39.786983
-39.787047
-39.78709
-39.787108
-39.787097
-39.787056
-39.786982
-39.786877
-39.786742
-39.78658
-39.786398
-39.7862
-39.785992
-39.785781
-39.785573
-39.785374
-39.785187
-39.785015
-39.784859
-39.784721
-39.784599
-39.784492
-39.784398
-39.784314
-39.784238
-39.784165
-39.784094
-39.784018
-39.783934
-39.783839
-39.783729
-39.7836
-39.783448
-39.783271
-39.783067
-39.782834
-39.782572
-39.782283
-39.781968
-39.781633
-39.781282
-39.780924
-39.780567
-39.78022
-39.779894
-39.779598
-39.779341
-39.779133
-39.77898
-39.778892
-39.778877
-39.778941
-39.779097
-39.779352
-39.779719
-39.780213
-39.780848
-39.781643
-39.782614
-39.783783
-39.785169
-39.786793
-39.788674
-39.790829
-39.793274
-39.796017
-39.799063
-39.802409
-39.806044
-39.809946
-39.814087
-39.818427
-39.822919
-39.827508
-39.832135
-39.836736
-39.841247
-39.845602
-39.849738
-39.85359
-39.857098
-39.860193
-39.8628
-39.864826
-39.866131
-39.866525
-39.865805
-39.863676
-39.859449
-39.853005
-39.845547
-39.832029
-39.819991
-39.800389
-39.784358
-39.76878
-39.795636
-39.809469
-34.622645
126.88873
-39.7385
-39.738503
-39.738506
-39.738515
-39.738521
-39.73853
-39.738537
-39.73856
-39.73858
-39.738606
-39.738637
-39.738672
-39.738712
-39.738756
-39.738803
-39.738853
-39.738905
-39.738958
-39.739012
-39.739065
-39.739118
-39.739168
-39.739216
-39.739261
-39.739303
-39.739342
-39.739377
-39.73941
-39.739441
-39.739471
-39.7395
-39.739528
-39.739558
-39.739588
-39.739619
-39.739652
-39.739687
-39.739723
-39.739762
-39.739804
-39.739849
-39.739899
-39.739955
-39.740018
-39.74009
-39.740172
-39.740265
-39.740369
-39.740486
-39.740615
-39.740755
-39.740903
-39.741059
-39.741219
-39.741382
-39.741548
-39.741719
-39.741893
-39.742072
-39.742252
-39.742432
-39.742611
-39.742788
-39.742959
-39.743117
-39.743255
-39.743368
-39.743452
-39.743505
-39.74353
-39.74353
-39.743511
-39.743481
-39.743448
-39.743418
-39.743396
-39.743387
-39.743393
-39.743417
-39.74346
-39.743522
-39.743604
-39.743703
-39.74382
-39.743952
-39.744097
-39.744255
-39.744424
-39.744604
-39.744794
-39.744994
-39.745202
-39.745418
-39.74564
-39.745867
-39.746097
-39.746325
-39.746551
-39.746769
-39.746978
-39.747174
-39.747356
-39.747521
-39.747669
-39.7478
-39.747917
-39.74802
-39.748112
-39.748195
-39.748273
-39.748348
-39.748423
-39.7485
-39.748583
-39.748671
-39.748766
-39.748869
-39.748978
-39.749094
-39.749216
-39.749344
-39.749479
-39.74962
-39.749767
-39.74992
-39.750078
-39.750241
-39.750408
-39.750577
-39.750748
-39.75092
-39.751093
-39.751265
-39.751437
-39.751607
-39.751775
-39.751942
-39.752107
-39.752271
-39.752433
-39.752594
-39.752754
-39.752912
-39.753068
-39.753224
-39.753378
-39.753533
-39.753686
-39.753841
-39.753995
-39.75415
-39.754306
-39.754462
-39.754619
-39.754777
-39.754935
-39.755093
-39.755252
-39.755411
-39.75557
-39.755729
-39.755887
-39.756046
-39.756203
-39.75636
-39.756516
-39.756671
-39.756825
-39.756978
-39.757131
-39.757284
-39.757437
-39.75759
-39.757745
-39.757901
-39.758058
-39.758217
-39.758377
-39.758538
-39.758701
-39.758864
-39.759029
-39.759195
-39.759363
-39.759531
-39.7597
-39.75987
-39.760041
-39.760212
-39.760384
-39.760557
-39.76073
-39.760904
-39.761079
-39.761255
-39.761431
-39.761607
-39.761784
-39.761961
-39.762138
-39.762315
-39.762493
-39.762671
-39.76285
-39.763028
-39.763207
-39.763386
-39.763565
-39.763744
-39.763923
-39.764102
-39.764281
-39.764461
-39.764641
-39.764821
-39.765001
-39.765181
-39.765361
-39.765541
-39.765722
-39.765902
-39.766083
-39.766264
-39.766445
-39.766626
-39.766808
-39.766989
-39.76717
-39.767352
-39.767533
-39.767714
-39.767895
-39.768076
-39.768257
-39.768438
-39.76862
-39.768801
-39.768982
-39.769164
-39.769344
-39.769526
-39.769707
-39.769887
-39.770068
-39.770248
-39.770428
-39.770608
-39.770787
-39.770965
-39.771143
-39.771321
-39.771498
-39.771675
-39.771851
-39.772028
-39.772204
-39.77238
-39.772556
-39.772732
-39.772909
-39.773085
-39.773261
-39.773438
-39.773615
-39.773791
-39.773967
-39.774143
-39.774318
-39.774492
-39.774665
-39.774838
-39.775009
-39.775179
-39.775348
-39.775515
-39.775681
-39.775847
-39.776012
-39.776176
-39.776341
-39.776505
-39.776669
-39.776834
-39.776999
-39.777165
-39.777332
-39.777499
-39.777666
-39.777833
-39.778
-39.778165
-39.778329
-39.778491
-39.77865
-39.778806
-39.778959
-39.779109
-39.779256
-39.7794
-39.779542
-39.779681
-39.779819
-39.779956
-39.780093
-39.78023
-39.780369
-39.78051
-39.780653
-39.7808
-39.78095
-39.781103
-39.781258
-39.781415
-39.781573
-39.781731
-39.781888
-39.782044
-39.782195
-39.782341
-39.782479
-39.782611
-39.782732
-39.782845
-39.782948
-39.783042
-39.783129
-39.783209
-39.783284
-39.783355
-39.783424
-39.783493
-39.783565
-39.78364
-39.78372
-39.783808
-39.783904
-39.784008
-39.784123
-39.784247
-39.784381
-39.784526
-39.78468
-39.78484
-39.785006
-39.785173
-39.78534
-39.785504
-39.78566
-39.785806
-39.785938
-39.786053
-39.786149
-39.786223
-39.786275
-39.786305
-39.786315
-39.786307
-39.786283
-39.786248
-39.786204
-39.786157
-39.786109
-39.786065
-39.786026
-39.785996
-39.785977
-39.78597
-39.785976
-39.785996
-39.786031
-39.786079
-39.786141
-39.786214
-39.786297
-39.786389
-39.786486
-39.786587
-39.786687
-39.786783
-39.786871
-39.786947
-39.787007
-39.787046
-39.787061
-39.787049
-39.787007
-39.786935
-39.786833
-39.786702
-39.786546
-39.786371
-39.78618
-39.785979
-39.785776
-39.785575
-39.785382
-39.7852
-39.785032
-39.784879
-39.784743
-39.784622
-39.784514
-39.78442
-39.784335
-39.784258
-39.784183
-39.784109
-39.784032
-39.783947
-39.783851
-39.78374
-39.783612
-39.783462
-39.783288
-39.783088
-39.782861
-39.782608
-39.782329
-39.782026
-39.781705
-39.78137
-39.781029
-39.78069
-39.780362
-39.780055
-39.779779
-39.779541
-39.779351
-39.779217
-39.779147
-39.77915
-39.779232
-39.779405
-39.779677
-39.780061
-39.78057
-39.78122
-39.782026
-39.783007
-39.784183
-39.785571
-39.787192
-39.789064
-39.791202
-39.79362
-39.796328
-39.799328
-39.802617
-39.806183
-39.810008
-39.814062
-39.818307
-39.822699
-39.827185
-39.83171
-39.836213
-39.840632
-39.844905
-39.848973
-39.852774
-39.856248
-39.859331
-39.861951
-39.864015
-39.865392
-39.865898
-39.865341
-39.863449
-39.859556
-39.853508
-39.846824
-39.833972
-39.823069
-39.805119
-39.789446
-39.777509
-39.792991
-39.807893
-36.600787
132.86427
-39.738506
-39.738509
-39.738512
-39.738521
-39.738527
-39.738535
-39.738542
-39.738565
-39.738585
-39.738611
-39.738642
-39.738677
-39.738717
-39.738761
-39.738808
-39.738857
-39.738909
-39.738963
-39.739016
-39.73907
-39.739123
-39.739174
-39.739223
-39.739268
-39.739311
-39.739351
-39.739388
-39.739422
-39.739454
-39.739484
-39.739514
-39.739543
-39.739573
-39.739604
-39.739635
-39.739669
-39.739704
-39.739741
-39.73978
-39.739822
-39.739868
-39.739918
-39.739975
-39.740039
-39.740111
-39.740193
-39.740285
-39.740389
-39.740505
-39.740631
-39.740769
-39.740915
-39.741067
-39.741225
-39.741386
-39.74155
-39.741718
-39.74189
-39.742065
-39.742242
-39.742419
-39.742595
-39.742768
-39.742933
-39.743087
-39.743222
-39.743333
-39.743418
-39.743473
-39.743502
-39.743508
-39.743496
-39.743474
-39.743448
-39.743425
-39.743409
-39.743404
-39.743414
-39.743441
-39.743487
-39.74355
-39.743633
-39.743732
-39.743848
-39.743979
-39.744123
-39.744279
-39.744447
-39.744625
-39.744812
-39.74501
-39.745215
-39.745428
-39.745647
-39.74587
-39.746096
-39.746321
-39.746542
-39.746757
-39.746963
-39.747157
-39.747336
-39.7475
-39.747649
-39.747781
-39.747899
-39.748004
-39.748099
-39.748185
-39.748266
-39.748344
-39.748422
-39.748503
-39.748588
-39.748678
-39.748775
-39.748878
-39.748988
-39.749104
-39.749227
-39.749356
-39.74949
-39.749631
-39.749778
-39.74993
-39.750088
-39.750249
-39.750415
-39.750583
-39.750753
-39.750924
-39.751096
-39.751267
-39.751438
-39.751607
-39.751775
-39.751942
-39.752107
-39.75227
-39.752433
-39.752593
-39.752753
-39.752911
-39.753067
-39.753223
-39.753378
-39.753533
-39.753687
-39.753841
-39.753996
-39.754151
-39.754307
-39.754463
-39.75462
-39.754778
-39.754936
-39.755094
-39.755253
-39.755412
-39.755571
-39.75573
-39.755888
-39.756046
-39.756203
-39.75636
-39.756516
-39.756671
-39.756825
-39.756979
-39.757132
-39.757285
-39.757439
-39.757593
-39.757748
-39.757904
-39.758061
-39.75822
-39.75838
-39.758542
-39.758704
-39.758868
-39.759033
-39.759199
-39.759366
-39.759534
-39.759704
-39.759874
-39.760044
-39.760216
-39.760387
-39.76056
-39.760733
-39.760907
-39.761082
-39.761257
-39.761433
-39.761609
-39.761786
-39.761963
-39.76214
-39.762317
-39.762495
-39.762673
-39.762851
-39.76303
-39.763208
-39.763387
-39.763566
-39.763745
-39.763924
-39.764103
-39.764282
-39.764462
-39.764642
-39.764822
-39.765001
-39.765181
-39.765361
-39.765542
-39.765722
-39.765903
-39.766084
-39.766265
-39.766446
-39.766627
-39.766808
-39.766989
-39.767171
-39.767352
-39.767533
-39.767714
-39.767895
-39.768076
-39.768257
-39.768438
-39.768619
-39.768801
-39.768982
-39.769163
-39.769344
-39.769525
-39.769706
-39.769886
-39.770067
-39.770247
-39.770427
-39.770606
-39.770785
-39.770964
-39.771142
-39.77132
-39.771497
-39.771673
-39.77185
-39.772026
-39.772202
-39.772378
-39.772554
-39.772731
-39.772907
-39.773083
-39.773259
-39.773436
-39.773612
-39.773788
-39.773964
-39.77414
-39.774314
-39.774488
-39.774662
-39.774834
-39.775005
-39.775175
-39.775343
-39.775511
-39.775677
-39.775843
-39.776008
-39.776173
-39.776337
-39.776501
-39.776665
-39.77683
-39.776995
-39.777161
-39.777327
-39.777494
-39.777661
-39.777828
-39.777994
-39.778159
-39.778322
-39.778484
-39.778642
-39.778798
-39.778951
-39.779101
-39.779248
-39.779393
-39.779535
-39.779675
-39.779814
-39.779951
-39.780089
-39.780227
-39.780366
-39.780507
-39.780651
-39.780797
-39.780947
-39.781099
-39.781253
-39.781409
-39.781565
-39.781722
-39.781878
-39.782032
-39.782181
-39.782326
-39.782464
-39.782594
-39.782716
-39.782829
-39.782932
-39.783028
-39.783116
-39.783197
-39.783274
-39.783347
-39.783419
-39.78349
-39.783563
-39.78364
-39.783722
-39.783811
-39.783908
-39.784012
-39.784126
-39.78425
-39.784383
-39.784525
-39.784677
-39.784834
-39.784996
-39.78516
-39.785323
-39.785482
-39.785635
-39.785777
-39.785906
-39.786018
-39.786112
-39.786186
-39.786238
-39.78627
-39.786282
-39.786277
-39.786257
-39.786226
-39.786187
-39.786144
-39.786101
-39.78606
-39.786025
-39.785998
-39.785981
-39.785976
-39.785982
-39.786003
-39.786037
-39.786084
-39.786143
-39.786214
-39.786294
-39.786382
-39.786476
-39.786571
-39.786667
-39.786758
-39.786841
-39.786912
-39.786968
-39.787004
-39.787016
-39.787003
-39.786961
-39.78689
-39.78679
-39.786664
-39.786514
-39.786344
-39.786161
-39.785967
-39.785771
-39.785577
-39.785389
-39.785212
-39.785048
-39.784898
-39.784763
-39.784643
-39.784536
-39.784442
-39.784356
-39.784277
-39.784201
-39.784125
-39.784046
-39.78396
-39.783864
-39.783753
-39.783625
-39.783477
-39.783306
-39.783111
-39.782891
-39.782646
-39.782377
-39.782086
-39.781778
-39.781458
-39.781134
-39.780812
-39.780503
-39.780215
-39.779957
-39.779738
-39.779567
-39.779451
-39.779399
-39.779418
-39.779518
-39.779707
-39.779995
-39.780395
-39.780919
-39.781582
-39.7824
-39.78339
-39.784571
-39.78596
-39.787577
-39.789438
-39.791557
-39.793949
-39.796621
-39.799575
-39.802808
-39.806308
-39.810057
-39.814026
-39.818179
-39.822475
-39.826862
-39.831288
-39.835696
-39.840027
-39.844222
-39.848225
-39.851978
-39.855423
-39.8585
-39.861138
-39.86325
-39.864712
-39.865347
-39.864974
-39.863351
-39.859836
-39.854236
-39.848391
-39.836298
-39.82664
-39.810421
-39.795371
-39.786381
-39.793732
-39.808464
-37.007347
141.02881
-39.738512
-39.738515
-39.738518
-39.738526
-39.738532
-39.73854
-39.738548
-39.738571
-39.73859
-39.738616
-39.738646
-39.738682
-39.738722
-39.738765
-39.738812
-39.738862
-39.738914
-39.738967
-39.739021
-39.739075
-39.739128
-39.73918
-39.739229
-39.739276
-39.73932
-39.73936
-39.739398
-39.739433
-39.739466
-39.739498
-39.739528
-39.739558
-39.739588
-39.739619
-39.739652
-39.739685
-39.73972
-39.739758
-39.739797
-39.73984
-39.739886
-39.739938
-39.739995
-39.740059
-39.740131
-39.740213
-39.740305
-39.740408
-39.740522
-39.740647
-39.740782
-39.740926
-39.741076
-39.741231
-39.74139
-39.741552
-39.741718
-39.741887
-39.742059
-39.742233
-39.742407
-39.742579
-39.742748
-39.742909
-39.743059
-39.743191
-39.743301
-39.743386
-39.743444
-39.743476
-39.743487
-39.743482
-39.743467
-39.743448
-39.74343
-39.74342
-39.743421
-39.743435
-39.743465
-39.743513
-39.743578
-39.743661
-39.74376
-39.743875
-39.744005
-39.744148
-39.744303
-39.744468
-39.744644
-39.74483
-39.745025
-39.745228
-39.745438
-39.745654
-39.745873
-39.746095
-39.746316
-39.746534
-39.746746
-39.746948
-39.74714
-39.747318
-39.747481
-39.747629
-39.747763
-39.747882
-39.74799
-39.748087
-39.748176
-39.74826
-39.748341
-39.748422
-39.748505
-39.748592
-39.748684
-39.748783
-39.748887
-39.748998
-39.749115
-39.749238
-39.749366
-39.749501
-39.749642
-39.749788
-39.74994
-39.750097
-39.750258
-39.750422
-39.750589
-39.750758
-39.750928
-39.751099
-39.75127
-39.751439
-39.751608
-39.751776
-39.751942
-39.752106
-39.75227
-39.752432
-39.752592
-39.752752
-39.75291
-39.753067
-39.753223
-39.753378
-39.753533
-39.753687
-39.753841
-39.753996
-39.754152
-39.754308
-39.754464
-39.754621
-39.754779
-39.754937
-39.755095
-39.755254
-39.755413
-39.755571
-39.75573
-39.755888
-39.756046
-39.756203
-39.75636
-39.756516
-39.756671
-39.756826
-39.75698
-39.757133
-39.757287
-39.757441
-39.757595
-39.75775
-39.757907
-39.758065
-39.758224
-39.758384
-39.758545
-39.758708
-39.758872
-39.759037
-39.759203
-39.75937
-39.759538
-39.759707
-39.759877
-39.760047
-39.760218
-39.76039
-39.760562
-39.760735
-39.760909
-39.761084
-39.761259
-39.761435
-39.761611
-39.761788
-39.761964
-39.762141
-39.762319
-39.762496
-39.762674
-39.762853
-39.763031
-39.76321
-39.763388
-39.763567
-39.763746
-39.763925
-39.764104
-39.764283
-39.764463
-39.764643
-39.764822
-39.765002
-39.765182
-39.765362
-39.765542
-39.765723
-39.765903
-39.766084
-39.766265
-39.766446
-39.766627
-39.766809
-39.76699
-39.767171
-39.767352
-39.767533
-39.767714
-39.767895
-39.768076
-39.768257
-39.768438
-39.768619
-39.7688
-39.768981
-39.769162
-39.769343
-39.769524
-39.769705
-39.769885
-39.770066
-39.770246
-39.770426
-39.770605
-39.770784
-39.770962
-39.77114
-39.771318
-39.771495
-39.771672
-39.771848
-39.772024
-39.772201
-39.772377
-39.772553
-39.772729
-39.772905
-39.773081
-39.773257
-39.773434
-39.77361
-39.773786
-39.773961
-39.774137
-39.774311
-39.774485
-39.774658
-39.77483
-39.775001
-39.775171
-39.77534
-39.775507
-39.775674
-39.775839
-39.776004
-39.776169
-39.776333
-39.776497
-39.776662
-39.776826
-39.776991
-39.777157
-39.777323
-39.777489
-39.777656
-39.777822
-39.777988
-39.778152
-39.778315
-39.778476
-39.778635
-39.77879
-39.778943
-39.779094
-39.779241
-39.779386
-39.779528
-39.779669
-39.779808
-39.779947
-39.780084
-39.780223
-39.780362
-39.780504
-39.780647
-39.780794
-39.780943
-39.781094
-39.781248
-39.781402
-39.781558
-39.781713
-39.781868
-39.78202
-39.782168
-39.782312
-39.782449
-39.782579
-39.7827
-39.782813
-39.782917
-39.783014
-39.783103
-39.783186
-39.783265
-39.78334
-39.783413
-39.783486
-39.783561
-39.78364
-39.783723
-39.783813
-39.78391
-39.784015
-39.784129
-39.784252
-39.784384
-39.784524
-39.784673
-39.784828
-39.784987
-39.785147
-39.785306
-39.785461
-39.78561
-39.785748
-39.785874
-39.785985
-39.786077
-39.78615
-39.786203
-39.786236
-39.786251
-39.786248
-39.786232
-39.786205
-39.78617
-39.786132
-39.786092
-39.786055
-39.786024
-39.785999
-39.785985
-39.78598
-39.785988
-39.786008
-39.786042
-39.786088
-39.786145
-39.786214
-39.786291
-39.786375
-39.786464
-39.786556
-39.786647
-39.786733
-39.786811
-39.786878
-39.78693
-39.786963
-39.786973
-39.786958
-39.786916
-39.786847
-39.78675
-39.786627
-39.786482
-39.786319
-39.786142
-39.785955
-39.785765
-39.785577
-39.785395
-39.785223
-39.785063
-39.784916
-39.784783
-39.784664
-39.784558
-39.784463
-39.784376
-39.784296
-39.784218
-39.784142
-39.784061
-39.783974
-39.783877
-39.783766
-39.783639
-39.783493
-39.783326
-39.783136
-39.782922
-39.782685
-39.782426
-39.782146
-39.781851
-39.781547
-39.781238
-39.780934
-39.780643
-39.780373
-39.780133
-39.779932
-39.779779
-39.779681
-39.779646
-39.779682
-39.779798
-39.780003
-39.780307
-39.780722
-39.78126
-39.781935
-39.782763
-39.783761
-39.784946
-39.786336
-39.787947
-39.789797
-39.791898
-39.794263
-39.796899
-39.799807
-39.802985
-39.80642
-39.810094
-39.81398
-39.818044
-39.822246
-39.826537
-39.830868
-39.835185
-39.839431
-39.843552
-39.847494
-39.851202
-39.854622
-39.857697
-39.86036
-39.862528
-39.864085
-39.864866
-39.864699
-39.863375
-39.860279
-39.855178
-39.850231
-39.838973
-39.830637
-39.816352
-39.802229
-39.795667
-39.796138
-39.80796
-37.055442
146.15197
-39.738518
-39.73852
-39.738524
-39.738531
-39.738537
-39.738545
-39.738557
-39.738575
-39.738595
-39.738621
-39.738651
-39.738687
-39.738726
-39.73877
-39.738817
-39.738866
-39.738918
-39.738972
-39.739026
-39.73908
-39.739134
-39.739186
-39.739236
-39.739284
-39.739329
-39.73937
-39.739409
-39.739445
-39.739479
-39.739511
-39.739542
-39.739573
-39.739604
-39.739635
-39.739668
-39.739701
-39.739737
-39.739775
-39.739815
-39.739858
-39.739905
-39.739957
-39.740014
-39.740079
-39.740151
-39.740233
-39.740325
-39.740427
-39.74054
-39.740663
-39.740796
-39.740937
-39.741085
-39.741237
-39.741394
-39.741554
-39.741717
-39.741884
-39.742053
-39.742224
-39.742395
-39.742563
-39.742728
-39.742886
-39.743033
-39.743162
-39.743271
-39.743355
-39.743415
-39.743452
-39.743468
-39.743469
-39.74346
-39.743447
-39.743436
-39.743431
-39.743437
-39.743455
-39.743488
-39.743538
-39.743604
-39.743688
-39.743787
-39.743902
-39.74403
-39.744172
-39.744325
-39.74449
-39.744664
-39.744847
-39.74504
-39.74524
-39.745447
-39.74566
-39.745876
-39.746094
-39.746312
-39.746526
-39.746735
-39.746935
-39.747124
-39.7473
-39.747463
-39.747611
-39.747745
-39.747866
-39.747975
-39.748075
-39.748167
-39.748254
-39.748338
-39.748422
-39.748507
-39.748596
-39.74869
-39.74879
-39.748895
-39.749007
-39.749124
-39.749248
-39.749377
-39.749512
-39.749652
-39.749798
-39.749949
-39.750105
-39.750265
-39.750429
-39.750595
-39.750763
-39.750932
-39.751102
-39.751272
-39.751441
-39.751609
-39.751776
-39.751942
-39.752106
-39.752269
-39.752431
-39.752592
-39.752751
-39.752909
-39.753066
-39.753222
-39.753378
-39.753533
-39.753687
-39.753842
-39.753997
-39.754152
-39.754309
-39.754465
-39.754622
-39.75478
-39.754938
-39.755096
-39.755254
-39.755413
-39.755572
-39.755731
-39.755888
-39.756046
-39.756204
-39.75636
-39.756516
-39.756672
-39.756826
-39.756981
-39.757135
-39.757289
-39.757443
-39.757598
-39.757753
-39.75791
-39.758068
-39.758227
-39.758387
-39.758549
-39.758711
-39.758875
-39.75904
-39.759206
-39.759373
-39.759541
-39.75971
-39.75988
-39.76005
-39.760221
-39.760393
-39.760565
-39.760738
-39.760912
-39.761086
-39.761261
-39.761437
-39.761613
-39.76179
-39.761966
-39.762143
-39.76232
-39.762498
-39.762676
-39.762854
-39.763032
-39.763211
-39.76339
-39.763568
-39.763747
-39.763926
-39.764105
-39.764284
-39.764464
-39.764643
-39.764823
-39.765003
-39.765183
-39.765363
-39.765543
-39.765723
-39.765904
-39.766085
-39.766265
-39.766447
-39.766628
-39.766809
-39.76699
-39.767171
-39.767352
-39.767533
-39.767714
-39.767895
-39.768076
-39.768257
-39.768438
-39.768619
-39.7688
-39.768981
-39.769162
-39.769342
-39.769523
-39.769704
-39.769884
-39.770065
-39.770245
-39.770424
-39.770604
-39.770782
-39.770961
-39.771139
-39.771316
-39.771494
-39.77167
-39.771847
-39.772023
-39.772199
-39.772375
-39.772551
-39.772727
-39.772903
-39.773079
-39.773255
-39.773432
-39.773608
-39.773783
-39.773959
-39.774134
-39.774308
-39.774482
-39.774655
-39.774827
-39.774997
-39.775167
-39.775336
-39.775503
-39.77567
-39.775835
-39.776
-39.776165
-39.776329
-39.776494
-39.776658
-39.776822
-39.776987
-39.777152
-39.777318
-39.777485
-39.777651
-39.777817
-39.777982
-39.778146
-39.778309
-39.778469
-39.778627
-39.778783
-39.778936
-39.779086
-39.779234
-39.779379
-39.779522
-39.779663
-39.779803
-39.779942
-39.78008
-39.780219
-39.780359
-39.780501
-39.780644
-39.78079
-39.780939
-39.78109
-39.781242
-39.781396
-39.78155
-39.781704
-39.781857
-39.782009
-39.782156
-39.782298
-39.782434
-39.782564
-39.782685
-39.782798
-39.782903
-39.783
-39.78309
-39.783175
-39.783255
-39.783332
-39.783407
-39.783482
-39.783559
-39.783639
-39.783724
-39.783815
-39.783913
-39.784018
-39.784131
-39.784253
-39.784384
-39.784523
-39.784669
-39.784821
-39.784977
-39.785133
-39.785289
-39.785441
-39.785586
-39.785721
-39.785844
-39.785952
-39.786043
-39.786116
-39.786169
-39.786203
-39.78622
-39.786221
-39.786208
-39.786185
-39.786154
-39.786119
-39.786083
-39.78605
-39.786022
-39.786
-39.785987
-39.785984
-39.785993
-39.786013
-39.786046
-39.786091
-39.786147
-39.786213
-39.786287
-39.786368
-39.786453
-39.786541
-39.786627
-39.786708
-39.786783
-39.786845
-39.786893
-39.786923
-39.786931
-39.786915
-39.786873
-39.786805
-39.786711
-39.786592
-39.786452
-39.786294
-39.786123
-39.785943
-39.78576
-39.785578
-39.785401
-39.785234
-39.785077
-39.784933
-39.784802
-39.784685
-39.784578
-39.784483
-39.784396
-39.784315
-39.784236
-39.784158
-39.784076
-39.783989
-39.783891
-39.783781
-39.783655
-39.783511
-39.783348
-39.783162
-39.782955
-39.782725
-39.782476
-39.782208
-39.781926
-39.781636
-39.781343
-39.781056
-39.780782
-39.780529
-39.780307
-39.780124
-39.779988
-39.779907
-39.779888
-39.779941
-39.780073
-39.780293
-39.780613
-39.781041
-39.781592
-39.782279
-39.783117
-39.784122
-39.78531
-39.786698
-39.788303
-39.790141
-39.792223
-39.79456
-39.79716
-39.800024
-39.803146
-39.806517
-39.810118
-39.813925
-39.817902
-39.822012
-39.826211
-39.83045
-39.834679
-39.838844
-39.842893
-39.846778
-39.850445
-39.853844
-39.856921
-39.859615
-39.861847
-39.86351
-39.864451
-39.864512
-39.863513
-39.860875
-39.85632
-39.852329
-39.841957
-39.835119
-39.822871
-39.810115
-39.805755
-39.800253
-39.809701
-36.857091
150.26296
-39.738524
-39.738526
-39.738529
-39.738536
-39.738542
-39.73855
-39.738563
-39.73858
-39.7386
-39.738626
-39.738656
-39.738691
-39.738731
-39.738774
-39.738821
-39.738871
-39.738923
-39.738976
-39.739031
-39.739086
-39.73914
-39.739193
-39.739244
-39.739292
-39.739338
-39.73938
-39.73942
-39.739457
-39.739492
-39.739525
-39.739556
-39.739588
-39.739619
-39.739651
-39.739684
-39.739718
-39.739754
-39.739792
-39.739832
-39.739876
-39.739923
-39.739975
-39.740033
-39.740098
-39.740171
-39.740252
-39.740344
-39.740445
-39.740556
-39.740678
-39.740809
-39.740948
-39.741093
-39.741243
-39.741398
-39.741555
-39.741717
-39.741881
-39.742048
-39.742215
-39.742383
-39.742548
-39.74271
-39.742864
-39.743007
-39.743135
-39.743242
-39.743327
-39.743389
-39.743429
-39.74345
-39.743456
-39.743453
-39.743447
-39.743442
-39.743442
-39.743452
-39.743474
-39.74351
-39.743562
-39.743629
-39.743713
-39.743813
-39.743927
-39.744055
-39.744196
-39.744348
-39.74451
-39.744683
-39.744864
-39.745054
-39.745252
-39.745456
-39.745666
-39.745879
-39.746094
-39.746308
-39.746519
-39.746725
-39.746922
-39.747109
-39.747284
-39.747445
-39.747594
-39.747728
-39.747851
-39.747962
-39.748064
-39.748159
-39.748248
-39.748335
-39.748421
-39.748509
-39.7486
-39.748696
-39.748797
-39.748904
-39.749016
-39.749134
-39.749258
-39.749387
-39.749522
-39.749662
-39.749808
-39.749958
-39.750114
-39.750273
-39.750436
-39.750601
-39.750768
-39.750936
-39.751105
-39.751274
-39.751443
-39.75161
-39.751776
-39.751942
-39.752106
-39.752269
-39.75243
-39.752591
-39.75275
-39.752909
-39.753066
-39.753222
-39.753377
-39.753533
-39.753687
-39.753842
-39.753997
-39.754153
-39.754309
-39.754466
-39.754623
-39.754781
-39.754939
-39.755097
-39.755255
-39.755414
-39.755572
-39.755731
-39.755889
-39.756047
-39.756204
-39.756361
-39.756517
-39.756672
-39.756827
-39.756982
-39.757136
-39.75729
-39.757445
-39.7576
-39.757756
-39.757913
-39.758071
-39.75823
-39.758391
-39.758552
-39.758715
-39.758879
-39.759044
-39.75921
-39.759376
-39.759544
-39.759713
-39.759883
-39.760053
-39.760224
-39.760396
-39.760568
-39.76074
-39.760914
-39.761089
-39.761264
-39.761439
-39.761615
-39.761791
-39.761968
-39.762145
-39.762322
-39.762499
-39.762677
-39.762855
-39.763034
-39.763212
-39.763391
-39.763569
-39.763748
-39.763927
-39.764106
-39.764285
-39.764465
-39.764644
-39.764824
-39.765004
-39.765184
-39.765364
-39.765544
-39.765724
-39.765904
-39.766085
-39.766266
-39.766447
-39.766628
-39.766809
-39.76699
-39.767171
-39.767352
-39.767533
-39.767714
-39.767895
-39.768076
-39.768257
-39.768437
-39.768618
-39.768799
-39.76898
-39.769161
-39.769342
-39.769523
-39.769703
-39.769883
-39.770064
-39.770244
-39.770423
-39.770602
-39.770781
-39.770959
-39.771137
-39.771315
-39.771492
-39.771669
-39.771845
-39.772021
-39.772197
-39.772373
-39.77255
-39.772726
-39.772902
-39.773078
-39.773253
-39.773429
-39.773605
-39.773781
-39.773956
-39.774131
-39.774305
-39.774479
-39.774651
-39.774823
-39.774994
-39.775163
-39.775332
-39.775499
-39.775666
-39.775832
-39.775997
-39.776161
-39.776326
-39.77649
-39.776654
-39.776819
-39.776983
-39.777148
-39.777314
-39.77748
-39.777646
-39.777811
-39.777976
-39.77814
-39.778302
-39.778462
-39.77862
-39.778775
-39.778928
-39.779079
-39.779226
-39.779372
-39.779515
-39.779657
-39.779797
-39.779937
-39.780076
-39.780215
-39.780355
-39.780497
-39.780641
-39.780787
-39.780935
-39.781085
-39.781237
-39.781389
-39.781543
-39.781696
-39.781848
-39.781997
-39.782143
-39.782285
-39.78242
-39.782549
-39.78267
-39.782783
-39.782888
-39.782987
-39.783078
-39.783165
-39.783246
-39.783325
-39.783402
-39.783478
-39.783556
-39.783638
-39.783724
-39.783816
-39.783915
-39.78402
-39.784133
-39.784254
-39.784384
-39.784521
-39.784665
-39.784814
-39.784967
-39.78512
-39.785272
-39.78542
-39.785562
-39.785694
-39.785815
-39.785921
-39.786011
-39.786082
-39.786136
-39.786171
-39.78619
-39.786194
-39.786184
-39.786165
-39.786137
-39.786106
-39.786074
-39.786045
-39.786019
-39.786
-39.785989
-39.785988
-39.785997
-39.786018
-39.78605
-39.786094
-39.786148
-39.786211
-39.786283
-39.78636
-39.786442
-39.786525
-39.786607
-39.786685
-39.786754
-39.786813
-39.786858
-39.786885
-39.786891
-39.786874
-39.786832
-39.786765
-39.786673
-39.786558
-39.786423
-39.786271
-39.786106
-39.785932
-39.785755
-39.785579
-39.785407
-39.785244
-39.785091
-39.784949
-39.78482
-39.784704
-39.784598
-39.784503
-39.784415
-39.784333
-39.784254
-39.784175
-39.784092
-39.784004
-39.783906
-39.783796
-39.783672
-39.783531
-39.783371
-39.78319
-39.782989
-39.782767
-39.782527
-39.78227
-39.782001
-39.781725
-39.781447
-39.781176
-39.780919
-39.780683
-39.780479
-39.780313
-39.780194
-39.78013
-39.780127
-39.780196
-39.780343
-39.780578
-39.780911
-39.781353
-39.781917
-39.782614
-39.783461
-39.784471
-39.785662
-39.787048
-39.788646
-39.790471
-39.792533
-39.794843
-39.797407
-39.800225
-39.803294
-39.806602
-39.810132
-39.81386
-39.817753
-39.821775
-39.825884
-39.830034
-39.834177
-39.838264
-39.842246
-39.846075
-39.849705
-39.853087
-39.85617
-39.858899
-39.861203
-39.862983
-39.864098
-39.864407
-39.863758
-39.861614
-39.85765
-39.854666
-39.845196
-39.840101
-39.829982
-39.81913
-39.81716
-39.808413
-39.817292
-36.277279
154.83927
-39.738529
-39.738531
-39.738534
-39.738541
-39.738547
-39.738556
-39.738568
-39.738585
-39.738605
-39.73863
-39.738661
-39.738696
-39.738735
-39.738779
-39.738826
-39.738875
-39.738927
-39.738981
-39.739036
-39.739091
-39.739146
-39.739199
-39.739251
-39.7393
-39.739347
-39.73939
-39.739431
-39.739469
-39.739505
-39.739538
-39.739571
-39.739603
-39.739634
-39.739666
-39.739699
-39.739734
-39.73977
-39.739808
-39.739849
-39.739893
-39.739941
-39.739994
-39.740052
-39.740117
-39.74019
-39.740271
-39.740362
-39.740462
-39.740573
-39.740693
-39.740822
-39.740958
-39.741101
-39.741249
-39.741402
-39.741557
-39.741716
-39.741878
-39.742042
-39.742207
-39.742371
-39.742534
-39.742692
-39.742843
-39.742983
-39.743108
-39.743215
-39.7433
-39.743364
-39.743407
-39.743433
-39.743444
-39.743447
-39.743446
-39.743447
-39.743452
-39.743466
-39.743492
-39.743531
-39.743585
-39.743654
-39.743739
-39.743838
-39.743952
-39.744079
-39.744219
-39.744369
-39.74453
-39.744701
-39.744881
-39.745069
-39.745264
-39.745465
-39.745672
-39.745882
-39.746094
-39.746305
-39.746512
-39.746715
-39.74691
-39.747094
-39.747268
-39.747429
-39.747577
-39.747712
-39.747836
-39.747949
-39.748053
-39.74815
-39.748242
-39.748332
-39.748421
-39.748511
-39.748604
-39.748702
-39.748804
-39.748911
-39.749025
-39.749143
-39.749267
-39.749397
-39.749532
-39.749672
-39.749817
-39.749967
-39.750122
-39.750281
-39.750442
-39.750607
-39.750773
-39.75094
-39.751108
-39.751276
-39.751444
-39.751611
-39.751777
-39.751942
-39.752106
-39.752268
-39.75243
-39.75259
-39.75275
-39.752908
-39.753065
-39.753222
-39.753377
-39.753533
-39.753688
-39.753843
-39.753998
-39.754154
-39.75431
-39.754467
-39.754624
-39.754782
-39.754939
-39.755098
-39.755256
-39.755415
-39.755573
-39.755732
-39.755889
-39.756047
-39.756204
-39.756361
-39.756517
-39.756673
-39.756828
-39.756983
-39.757137
-39.757292
-39.757447
-39.757602
-39.757758
-39.757916
-39.758074
-39.758233
-39.758394
-39.758556
-39.758718
-39.758882
-39.759047
-39.759213
-39.75938
-39.759548
-39.759717
-39.759886
-39.760056
-39.760227
-39.760398
-39.76057
-39.760743
-39.760917
-39.761091
-39.761266
-39.761441
-39.761617
-39.761793
-39.76197
-39.762147
-39.762324
-39.762501
-39.762679
-39.762857
-39.763035
-39.763214
-39.763392
-39.763571
-39.763749
-39.763928
-39.764107
-39.764286
-39.764466
-39.764645
-39.764825
-39.765004
-39.765184
-39.765364
-39.765544
-39.765725
-39.765905
-39.766086
-39.766266
-39.766447
-39.766629
-39.76681
-39.766991
-39.767172
-39.767352
-39.767533
-39.767714
-39.767895
-39.768076
-39.768257
-39.768437
-39.768618
-39.768799
-39.76898
-39.76916
-39.769341
-39.769522
-39.769702
-39.769882
-39.770063
-39.770242
-39.770422
-39.770601
-39.77078
-39.770958
-39.771136
-39.771313
-39.77149
-39.771667
-39.771844
-39.77202
-39.772196
-39.772372
-39.772548
-39.772724
-39.7729
-39.773076
-39.773251
-39.773427
-39.773603
-39.773778
-39.773953
-39.774128
-39.774302
-39.774475
-39.774648
-39.77482
-39.77499
-39.77516
-39.775328
-39.775496
-39.775662
-39.775828
-39.775993
-39.776158
-39.776322
-39.776486
-39.776651
-39.776815
-39.776979
-39.777144
-39.77731
-39.777475
-39.777641
-39.777806
-39.77797
-39.778134
-39.778295
-39.778455
-39.778613
-39.778768
-39.778921
-39.779071
-39.779219
-39.779365
-39.779509
-39.779651
-39.779792
-39.779932
-39.780071
-39.780211
-39.780352
-39.780494
-39.780637
-39.780783
-39.780931
-39.78108
-39.781231
-39.781383
-39.781535
-39.781687
-39.781838
-39.781986
-39.782131
-39.782272
-39.782407
-39.782535
-39.782655
-39.782769
-39.782875
-39.782974
-39.783067
-39.783154
-39.783237
-39.783317
-39.783396
-39.783474
-39.783554
-39.783637
-39.783724
-39.783817
-39.783916
-39.784022
-39.784135
-39.784255
-39.784383
-39.784519
-39.784661
-39.784807
-39.784957
-39.785107
-39.785256
-39.785401
-39.785539
-39.785668
-39.785786
-39.78589
-39.785979
-39.78605
-39.786104
-39.786141
-39.786162
-39.786168
-39.786161
-39.786145
-39.786121
-39.786094
-39.786065
-39.786039
-39.786016
-39.786
-39.78599
-39.78599
-39.786
-39.786021
-39.786053
-39.786096
-39.786148
-39.786209
-39.786278
-39.786352
-39.786431
-39.78651
-39.786588
-39.786661
-39.786727
-39.786782
-39.786823
-39.786848
-39.786852
-39.786834
-39.786792
-39.786726
-39.786637
-39.786526
-39.786395
-39.786248
-39.786088
-39.785921
-39.785749
-39.785579
-39.785412
-39.785253
-39.785103
-39.784965
-39.784837
-39.784723
-39.784618
-39.784522
-39.784434
-39.784352
-39.784271
-39.784191
-39.784108
-39.784019
-39.783922
-39.783813
-39.78369
-39.783551
-39.783395
-39.783219
-39.783024
-39.78281
-39.782579
-39.782333
-39.782076
-39.781814
-39.781551
-39.781296
-39.781055
-39.780836
-39.780648
-39.780499
-39.780396
-39.780348
-39.780362
-39.780445
-39.780607
-39.780857
-39.781204
-39.781658
-39.782233
-39.78294
-39.783795
-39.78481
-39.786002
-39.787386
-39.788976
-39.790787
-39.792828
-39.795111
-39.797639
-39.800413
-39.803428
-39.806675
-39.810135
-39.813786
-39.817597
-39.821533
-39.825555
-39.829618
-39.833679
-39.837691
-39.841608
-39.845386
-39.84898
-39.852348
-39.855443
-39.858213
-39.860594
-39.862499
-39.863802
-39.864376
-39.864101
-39.862484
-39.859154
-39.857231
-39.848931
-39.845303
-39.837671
-39.829339
-39.830436
-39.823631
-39.831384
-37.226735
156.88613
-39.738535
-39.738536
-39.738539
-39.738546
-39.738552
-39.73856
-39.738572
-39.73859
-39.73861
-39.738635
-39.738665
-39.738701
-39.73874
-39.738783
-39.73883
-39.73888
-39.738932
-39.738986
-39.739041
-39.739097
-39.739152
-39.739206
-39.739259
-39.739309
-39.739356
-39.739401
-39.739442
-39.739481
-39.739518
-39.739552
-39.739585
-39.739617
-39.73965
-39.739682
-39.739715
-39.73975
-39.739786
-39.739825
-39.739866
-39.73991
-39.739959
-39.740012
-39.74007
-39.740136
-39.740208
-39.74029
-39.74038
-39.740479
-39.740589
-39.740707
-39.740834
-39.740969
-39.741109
-39.741255
-39.741405
-39.741559
-39.741716
-39.741875
-39.742037
-39.742199
-39.74236
-39.74252
-39.742675
-39.742823
-39.74296
-39.743084
-39.743189
-39.743275
-39.743341
-39.743387
-39.743417
-39.743433
-39.743441
-39.743446
-39.743451
-39.743462
-39.74348
-39.743509
-39.743551
-39.743607
-39.743677
-39.743763
-39.743862
-39.743976
-39.744102
-39.744241
-39.74439
-39.74455
-39.744719
-39.744897
-39.745082
-39.745275
-39.745474
-39.745678
-39.745885
-39.746093
-39.746301
-39.746506
-39.746706
-39.746898
-39.747081
-39.747253
-39.747413
-39.747561
-39.747697
-39.747822
-39.747937
-39.748043
-39.748142
-39.748237
-39.748329
-39.74842
-39.748513
-39.748608
-39.748707
-39.74881
-39.748919
-39.749033
-39.749152
-39.749276
-39.749406
-39.749541
-39.749681
-39.749826
-39.749976
-39.75013
-39.750288
-39.750449
-39.750612
-39.750778
-39.750944
-39.751111
-39.751279
-39.751446
-39.751612
-39.751778
-39.751942
-39.752106
-39.752268
-39.75243
-39.75259
-39.752749
-39.752908
-39.753065
-39.753221
-39.753377
-39.753533
-39.753688
-39.753843
-39.753999
-39.754155
-39.754311
-39.754468
-39.754625
-39.754782
-39.75494
-39.755098
-39.755257
-39.755415
-39.755574
-39.755732
-39.75589
-39.756047
-39.756204
-39.756361
-39.756518
-39.756673
-39.756829
-39.756984
-39.757139
-39.757294
-39.757449
-39.757605
-39.757761
-39.757918
-39.758077
-39.758236
-39.758397
-39.758559
-39.758722
-39.758885
-39.75905
-39.759216
-39.759383
-39.759551
-39.75972
-39.759889
-39.760059
-39.76023
-39.760401
-39.760573
-39.760745
-39.760919
-39.761093
-39.761268
-39.761443
-39.761619
-39.761795
-39.761972
-39.762148
-39.762325
-39.762503
-39.76268
-39.762858
-39.763036
-39.763215
-39.763393
-39.763572
-39.76375
-39.763929
-39.764108
-39.764287
-39.764466
-39.764646
-39.764825
-39.765005
-39.765185
-39.765365
-39.765545
-39.765725
-39.765906
-39.766086
-39.766267
-39.766448
-39.766629
-39.76681
-39.766991
-39.767172
-39.767353
-39.767533
-39.767714
-39.767895
-39.768076
-39.768256
-39.768437
-39.768618
-39.768798
-39.768979
-39.76916
-39.76934
-39.769521
-39.769701
-39.769882
-39.770062
-39.770241
-39.770421
-39.7706
-39.770778
-39.770957
-39.771134
-39.771312
-39.771489
-39.771666
-39.771842
-39.772018
-39.772194
-39.77237
-39.772546
-39.772722
-39.772898
-39.773074
-39.77325
-39.773425
-39.773601
-39.773776
-39.773951
-39.774125
-39.774299
-39.774472
-39.774645
-39.774816
-39.774986
-39.775156
-39.775324
-39.775492
-39.775659
-39.775824
-39.775989
-39.776154
-39.776319
-39.776483
-39.776647
-39.776811
-39.776975
-39.77714
-39.777305
-39.777471
-39.777636
-39.7778
-39.777965
-39.778128
-39.778289
-39.778449
-39.778606
-39.778761
-39.778914
-39.779064
-39.779212
-39.779359
-39.779503
-39.779645
-39.779787
-39.779927
-39.780067
-39.780207
-39.780348
-39.78049
-39.780634
-39.780779
-39.780927
-39.781076
-39.781226
-39.781377
-39.781528
-39.781679
-39.781828
-39.781976
-39.78212
-39.782259
-39.782393
-39.782521
-39.782641
-39.782755
-39.782861
-39.782961
-39.783055
-39.783144
-39.783229
-39.78331
-39.78339
-39.78347
-39.783551
-39.783636
-39.783724
-39.783818
-39.783917
-39.784023
-39.784135
-39.784255
-39.784382
-39.784516
-39.784656
-39.7848
-39.784947
-39.785094
-39.785239
-39.785381
-39.785517
-39.785643
-39.785759
-39.785861
-39.785948
-39.786019
-39.786073
-39.786111
-39.786134
-39.786142
-39.786139
-39.786126
-39.786105
-39.786081
-39.786056
-39.786033
-39.786013
-39.785999
-39.785991
-39.785992
-39.786003
-39.786024
-39.786056
-39.786097
-39.786147
-39.786206
-39.786273
-39.786344
-39.786419
-39.786495
-39.786569
-39.786638
-39.7867
-39.786752
-39.78679
-39.786812
-39.786814
-39.786795
-39.786754
-39.786689
-39.786602
-39.786494
-39.786368
-39.786226
-39.786072
-39.78591
-39.785744
-39.785579
-39.785417
-39.785262
-39.785115
-39.78498
-39.784854
-39.784741
-39.784636
-39.784541
-39.784453
-39.78437
-39.784289
-39.784208
-39.784125
-39.784036
-39.783938
-39.78383
-39.783709
-39.783573
-39.78342
-39.783249
-39.783061
-39.782854
-39.782632
-39.782397
-39.782152
-39.781903
-39.781655
-39.781414
-39.78119
-39.780987
-39.780815
-39.780682
-39.780595
-39.780563
-39.780592
-39.78069
-39.780867
-39.78113
-39.78149
-39.781956
-39.782542
-39.783258
-39.784119
-39.785139
-39.786331
-39.787712
-39.789293
-39.791089
-39.79311
-39.795364
-39.797856
-39.800586
-39.803549
-39.806735
-39.810127
-39.813703
-39.817434
-39.821286
-39.825223
-39.829204
-39.833185
-39.837125
-39.840979
-39.844708
-39.848271
-39.851627
-39.854736
-39.857552
-39.860017
-39.862056
-39.863558
-39.864414
-39.864534
-39.863473
-39.860816
-39.860009
-39.852916
-39.850908
-39.845917
-39.840742
-39.846113
-39.847119
-39.85341
-39.995468
155.99945
-39.73854
-39.738541
-39.738544
-39.738551
-39.738557
-39.738564
-39.738575
-39.738594
-39.738614
-39.73864
-39.73867
-39.738705
-39.738744
-39.738788
-39.738834
-39.738884
-39.738937
-39.738991
-39.739046
-39.739103
-39.739158
-39.739213
-39.739266
-39.739318
-39.739366
-39.739411
-39.739454
-39.739494
-39.739531
-39.739566
-39.7396
-39.739632
-39.739665
-39.739698
-39.739731
-39.739766
-39.739803
-39.739841
-39.739883
-39.739927
-39.739976
-39.740029
-39.740088
-39.740154
-39.740227
-39.740307
-39.740397
-39.740496
-39.740604
-39.740721
-39.740846
-39.740979
-39.741117
-39.741261
-39.741409
-39.74156
-39.741715
-39.741872
-39.742031
-39.742191
-39.74235
-39.742506
-39.742658
-39.742804
-39.742939
-39.74306
-39.743165
-39.743251
-39.743318
-39.743368
-39.743401
-39.743423
-39.743436
-39.743446
-39.743456
-39.743471
-39.743493
-39.743526
-39.74357
-39.743628
-39.7437
-39.743786
-39.743886
-39.743999
-39.744125
-39.744262
-39.744411
-39.744569
-39.744736
-39.744912
-39.745096
-39.745286
-39.745483
-39.745684
-39.745888
-39.746093
-39.746298
-39.7465
-39.746697
-39.746887
-39.747068
-39.747239
-39.747398
-39.747546
-39.747683
-39.747809
-39.747925
-39.748033
-39.748135
-39.748232
-39.748326
-39.748419
-39.748514
-39.748611
-39.748711
-39.748816
-39.748926
-39.749041
-39.74916
-39.749285
-39.749415
-39.74955
-39.74969
-39.749835
-39.749984
-39.750138
-39.750295
-39.750455
-39.750618
-39.750782
-39.750948
-39.751115
-39.751281
-39.751448
-39.751613
-39.751778
-39.751943
-39.752106
-39.752268
-39.752429
-39.75259
-39.752749
-39.752907
-39.753065
-39.753221
-39.753377
-39.753533
-39.753688
-39.753844
-39.753999
-39.754155
-39.754312
-39.754469
-39.754626
-39.754783
-39.754941
-39.755099
-39.755258
-39.755416
-39.755574
-39.755733
-39.75589
-39.756048
-39.756205
-39.756362
-39.756518
-39.756674
-39.756829
-39.756985
-39.75714
-39.757295
-39.757451
-39.757607
-39.757763
-39.757921
-39.75808
-39.758239
-39.7584
-39.758562
-39.758725
-39.758889
-39.759054
-39.759219
-39.759386
-39.759554
-39.759723
-39.759892
-39.760062
-39.760233
-39.760404
-39.760575
-39.760748
-39.760921
-39.761095
-39.76127
-39.761445
-39.761621
-39.761797
-39.761973
-39.76215
-39.762327
-39.762504
-39.762682
-39.76286
-39.763038
-39.763216
-39.763394
-39.763573
-39.763751
-39.76393
-39.764109
-39.764288
-39.764467
-39.764647
-39.764826
-39.765006
-39.765186
-39.765366
-39.765546
-39.765726
-39.765906
-39.766087
-39.766267
-39.766448
-39.766629
-39.76681
-39.766991
-39.767172
-39.767353
-39.767533
-39.767714
-39.767895
-39.768076
-39.768256
-39.768437
-39.768617
-39.768798
-39.768979
-39.769159
-39.76934
-39.76952
-39.7697
-39.769881
-39.770061
-39.77024
-39.77042
-39.770599
-39.770777
-39.770955
-39.771133
-39.771311
-39.771488
-39.771664
-39.771841
-39.772017
-39.772193
-39.772369
-39.772545
-39.772721
-39.772896
-39.773072
-39.773248
-39.773423
-39.773598
-39.773773
-39.773948
-39.774122
-39.774296
-39.774469
-39.774641
-39.774813
-39.774983
-39.775152
-39.775321
-39.775488
-39.775655
-39.775821
-39.775986
-39.776151
-39.776315
-39.776479
-39.776643
-39.776807
-39.776972
-39.777136
-39.777301
-39.777466
-39.777631
-39.777795
-39.777959
-39.778122
-39.778283
-39.778442
-39.778599
-39.778754
-39.778907
-39.779057
-39.779206
-39.779352
-39.779497
-39.77964
-39.779781
-39.779922
-39.780063
-39.780203
-39.780344
-39.780487
-39.78063
-39.780775
-39.780922
-39.781071
-39.78122
-39.78137
-39.78152
-39.78167
-39.781819
-39.781965
-39.782108
-39.782247
-39.78238
-39.782507
-39.782628
-39.782741
-39.782848
-39.782949
-39.783044
-39.783134
-39.78322
-39.783303
-39.783385
-39.783466
-39.783549
-39.783634
-39.783723
-39.783818
-39.783918
-39.784024
-39.784136
-39.784255
-39.784381
-39.784513
-39.784651
-39.784793
-39.784937
-39.785081
-39.785223
-39.785362
-39.785495
-39.785619
-39.785732
-39.785832
-39.785919
-39.785989
-39.786043
-39.786082
-39.786107
-39.786118
-39.786117
-39.786107
-39.78609
-39.786069
-39.786047
-39.786027
-39.78601
-39.785997
-39.785991
-39.785994
-39.786005
-39.786026
-39.786057
-39.786098
-39.786147
-39.786204
-39.786267
-39.786336
-39.786408
-39.78648
-39.78655
-39.786616
-39.786674
-39.786722
-39.786758
-39.786777
-39.786778
-39.786758
-39.786717
-39.786654
-39.786569
-39.786464
-39.786341
-39.786204
-39.786056
-39.785899
-39.785738
-39.785578
-39.785421
-39.78527
-39.785127
-39.784994
-39.78487
-39.784758
-39.784655
-39.78456
-39.784471
-39.784388
-39.784307
-39.784225
-39.784141
-39.784052
-39.783955
-39.783848
-39.783729
-39.783595
-39.783446
-39.783281
-39.783098
-39.782899
-39.782686
-39.782462
-39.782228
-39.781992
-39.781758
-39.781532
-39.781323
-39.781136
-39.78098
-39.780863
-39.780792
-39.780775
-39.780818
-39.780931
-39.781121
-39.781397
-39.78177
-39.782247
-39.782843
-39.783567
-39.784434
-39.785457
-39.786649
-39.788025
-39.789598
-39.791379
-39.793378
-39.795604
-39.79806
-39.800746
-39.803658
-39.806784
-39.810109
-39.813612
-39.817264
-39.821036
-39.82489
-39.82879
-39.832695
-39.836564
-39.840359
-39.844041
-39.847574
-39.850922
-39.854049
-39.856914
-39.859469
-39.861649
-39.86336
-39.864513
-39.865047
-39.864569
-39.862618
-39.862985
-39.857112
-39.856877
-39.854672
-39.853263
-39.864436
-39.876172
-39.896981
-39.886278
171.91068
-39.738545
-39.738546
-39.738549
-39.738555
-39.738561
-39.738566
-39.738579
-39.738599
-39.738619
-39.738644
-39.738674
-39.738709
-39.738749
-39.738792
-39.738839
-39.738889
-39.738941
-39.738996
-39.739052
-39.739108
-39.739165
-39.73922
-39.739275
-39.739326
-39.739376
-39.739422
-39.739466
-39.739506
-39.739544
-39.73958
-39.739614
-39.739648
-39.73968
-39.739713
-39.739747
-39.739782
-39.739819
-39.739858
-39.739899
-39.739944
-39.739993
-39.740047
-39.740106
-39.740172
-39.740244
-39.740325
-39.740414
-39.740512
-39.740619
-39.740734
-39.740858
-39.740988
-39.741125
-39.741267
-39.741413
-39.741562
-39.741714
-39.741869
-39.742026
-39.742183
-39.742339
-39.742493
-39.742643
-39.742785
-39.742918
-39.743038
-39.743142
-39.743229
-39.743298
-39.74335
-39.743387
-39.743413
-39.743431
-39.743445
-39.743461
-39.74348
-39.743506
-39.743542
-39.743588
-39.743649
-39.743721
-39.743809
-39.743909
-39.744022
-39.744147
-39.744283
-39.74443
-39.744587
-39.744753
-39.744927
-39.745109
-39.745297
-39.745491
-39.745689
-39.745891
-39.746093
-39.746295
-39.746494
-39.746689
-39.746877
-39.747056
-39.747225
-39.747384
-39.747532
-39.747669
-39.747796
-39.747914
-39.748024
-39.748127
-39.748226
-39.748323
-39.748419
-39.748515
-39.748614
-39.748716
-39.748822
-39.748933
-39.749048
-39.749169
-39.749294
-39.749424
-39.749559
-39.749699
-39.749843
-39.749992
-39.750145
-39.750302
-39.750461
-39.750623
-39.750787
-39.750952
-39.751118
-39.751284
-39.751449
-39.751615
-39.751779
-39.751943
-39.752106
-39.752268
-39.752429
-39.752589
-39.752748
-39.752907
-39.753064
-39.753221
-39.753377
-39.753533
-39.753688
-39.753844
-39.754
-39.754156
-39.754313
-39.754469
-39.754627
-39.754784
-39.754942
-39.7551
-39.755258
-39.755417
-39.755575
-39.755733
-39.755891
-39.756048
-39.756205
-39.756362
-39.756518
-39.756675
-39.75683
-39.756986
-39.757141
-39.757297
-39.757453
-39.757609
-39.757766
-39.757924
-39.758082
-39.758242
-39.758403
-39.758565
-39.758728
-39.758892
-39.759057
-39.759223
-39.759389
-39.759557
-39.759726
-39.759895
-39.760065
-39.760235
-39.760406
-39.760578
-39.76075
-39.760924
-39.761098
-39.761272
-39.761447
-39.761623
-39.761799
-39.761975
-39.762152
-39.762328
-39.762506
-39.762683
-39.762861
-39.763039
-39.763217
-39.763396
-39.763574
-39.763753
-39.763931
-39.76411
-39.764289
-39.764468
-39.764647
-39.764827
-39.765007
-39.765186
-39.765366
-39.765546
-39.765726
-39.765907
-39.766087
-39.766268
-39.766449
-39.76663
-39.766811
-39.766992
-39.767172
-39.767353
-39.767534
-39.767714
-39.767895
-39.768076
-39.768256
-39.768437
-39.768617
-39.768798
-39.768978
-39.769159
-39.769339
-39.76952
-39.7697
-39.76988
-39.77006
-39.770239
-39.770419
-39.770597
-39.770776
-39.770954
-39.771132
-39.771309
-39.771486
-39.771663
-39.771839
-39.772015
-39.772191
-39.772367
-39.772543
-39.772719
-39.772895
-39.77307
-39.773246
-39.773421
-39.773596
-39.773771
-39.773945
-39.774119
-39.774293
-39.774466
-39.774638
-39.774809
-39.77498
-39.775149
-39.775317
-39.775485
-39.775651
-39.775817
-39.775982
-39.776147
-39.776311
-39.776476
-39.77664
-39.776804
-39.776968
-39.777132
-39.777297
-39.777462
-39.777626
-39.77779
-39.777953
-39.778116
-39.778277
-39.778436
-39.778593
-39.778747
-39.7789
-39.779051
-39.779199
-39.779346
-39.779491
-39.779634
-39.779776
-39.779917
-39.780058
-39.780199
-39.780341
-39.780483
-39.780626
-39.780771
-39.780918
-39.781066
-39.781214
-39.781364
-39.781513
-39.781662
-39.781809
-39.781955
-39.782097
-39.782235
-39.782368
-39.782494
-39.782615
-39.782728
-39.782836
-39.782937
-39.783033
-39.783124
-39.783212
-39.783296
-39.783379
-39.783462
-39.783546
-39.783632
-39.783723
-39.783818
-39.783918
-39.784024
-39.784136
-39.784255
-39.784379
-39.78451
-39.784646
-39.784785
-39.784926
-39.785068
-39.785208
-39.785344
-39.785473
-39.785595
-39.785706
-39.785805
-39.78589
-39.78596
-39.786014
-39.786054
-39.786081
-39.786094
-39.786096
-39.786088
-39.786074
-39.786057
-39.786038
-39.78602
-39.786006
-39.785995
-39.785991
-39.785994
-39.786007
-39.786028
-39.786058
-39.786098
-39.786145
-39.7862
-39.786262
-39.786328
-39.786396
-39.786465
-39.786532
-39.786594
-39.786649
-39.786694
-39.786727
-39.786744
-39.786743
-39.786722
-39.786682
-39.78662
-39.786537
-39.786435
-39.786316
-39.786184
-39.78604
-39.785888
-39.785733
-39.785578
-39.785425
-39.785277
-39.785138
-39.785007
-39.784886
-39.784775
-39.784672
-39.784578
-39.78449
-39.784406
-39.784324
-39.784243
-39.784159
-39.784069
-39.783973
-39.783867
-39.78375
-39.783619
-39.783474
-39.783313
-39.783137
-39.782946
-39.782741
-39.782527
-39.782305
-39.782081
-39.781861
-39.78165
-39.781455
-39.781283
-39.781142
-39.781041
-39.780984
-39.780982
-39.78104
-39.781167
-39.78137
-39.781659
-39.782043
-39.782531
-39.783136
-39.783868
-39.78474
-39.785765
-39.786957
-39.788328
-39.78989
-39.791655
-39.793633
-39.795831
-39.798251
-39.800894
-39.803754
-39.806821
-39.810081
-39.813512
-39.817089
-39.820781
-39.824555
-39.828377
-39.832206
-39.836008
-39.839745
-39.843384
-39.846889
-39.850231
-39.853378
-39.856296
-39.858945
-39.861274
-39.863203
-39.864665
-39.86563
-39.865757
-39.864544
-39.866143
-39.861478
-39.863167
-39.863866
-39.866752
-39.884961
-39.906243
-39.953338
-39.747126
158.48582
-39.73855
-39.738551
-39.738554
-39.73856
-39.738565
-39.73857
-39.738585
-39.738603
-39.738623
-39.738649
-39.738679
-39.738714
-39.738753
-39.738796
-39.738843
-39.738893
-39.738946
-39.739001
-39.739057
-39.739114
-39.739171
-39.739228
-39.739283
-39.739336
-39.739386
-39.739433
-39.739478
-39.739519
-39.739558
-39.739594
-39.739629
-39.739663
-39.739696
-39.739729
-39.739763
-39.739798
-39.739835
-39.739874
-39.739916
-39.739961
-39.74001
-39.740064
-39.740123
-39.740189
-39.740262
-39.740342
-39.74043
-39.740528
-39.740633
-39.740747
-39.740869
-39.740998
-39.741133
-39.741272
-39.741416
-39.741564
-39.741714
-39.741867
-39.742021
-39.742176
-39.742329
-39.742481
-39.742627
-39.742768
-39.742898
-39.743017
-39.74312
-39.743207
-39.743278
-39.743333
-39.743373
-39.743403
-39.743426
-39.743445
-39.743465
-39.743488
-39.743518
-39.743557
-39.743606
-39.743668
-39.743742
-39.74383
-39.743931
-39.744044
-39.744168
-39.744304
-39.74445
-39.744605
-39.744769
-39.744942
-39.745121
-39.745307
-39.745499
-39.745695
-39.745894
-39.746093
-39.746293
-39.746489
-39.746681
-39.746867
-39.747044
-39.747213
-39.747371
-39.747519
-39.747656
-39.747784
-39.747903
-39.748015
-39.74812
-39.748222
-39.74832
-39.748418
-39.748516
-39.748617
-39.74872
-39.748828
-39.748939
-39.749056
-39.749176
-39.749302
-39.749432
-39.749568
-39.749707
-39.749852
-39.75
-39.750153
-39.750308
-39.750467
-39.750628
-39.750791
-39.750956
-39.751121
-39.751286
-39.751451
-39.751616
-39.75178
-39.751944
-39.752106
-39.752268
-39.752429
-39.752589
-39.752748
-39.752906
-39.753064
-39.753221
-39.753377
-39.753533
-39.753689
-39.753844
-39.754
-39.754157
-39.754313
-39.75447
-39.754627
-39.754785
-39.754943
-39.755101
-39.755259
-39.755417
-39.755575
-39.755734
-39.755891
-39.756049
-39.756206
-39.756363
-39.756519
-39.756675
-39.756831
-39.756987
-39.757143
-39.757298
-39.757455
-39.757611
-39.757768
-39.757926
-39.758085
-39.758245
-39.758406
-39.758568
-39.758731
-39.758895
-39.75906
-39.759226
-39.759392
-39.75956
-39.759729
-39.759898
-39.760068
-39.760238
-39.760409
-39.760581
-39.760753
-39.760926
-39.7611
-39.761274
-39.761449
-39.761625
-39.761801
-39.761977
-39.762153
-39.76233
-39.762507
-39.762685
-39.762862
-39.76304
-39.763219
-39.763397
-39.763575
-39.763754
-39.763932
-39.764111
-39.76429
-39.764469
-39.764648
-39.764828
-39.765007
-39.765187
-39.765367
-39.765547
-39.765727
-39.765907
-39.766088
-39.766268
-39.766449
-39.76663
-39.766811
-39.766992
-39.767173
-39.767353
-39.767534
-39.767714
-39.767895
-39.768076
-39.768256
-39.768436
-39.768617
-39.768797
-39.768978
-39.769158
-39.769338
-39.769519
-39.769699
-39.769879
-39.770059
-39.770238
-39.770418
-39.770596
-39.770775
-39.770953
-39.77113
-39.771308
-39.771485
-39.771661
-39.771838
-39.772014
-39.77219
-39.772366
-39.772542
-39.772717
-39.772893
-39.773068
-39.773244
-39.773419
-39.773594
-39.773768
-39.773943
-39.774117
-39.77429
-39.774463
-39.774635
-39.774806
-39.774976
-39.775145
-39.775314
-39.775481
-39.775648
-39.775814
-39.775979
-39.776143
-39.776308
-39.776472
-39.776636
-39.7768
-39.776964
-39.777128
-39.777292
-39.777457
-39.777621
-39.777785
-39.777948
-39.77811
-39.77827
-39.778429
-39.778586
-39.778741
-39.778893
-39.779044
-39.779193
-39.77934
-39.779485
-39.779629
-39.779771
-39.779913
-39.780054
-39.780195
-39.780337
-39.780479
-39.780622
-39.780767
-39.780913
-39.781061
-39.781209
-39.781357
-39.781506
-39.781654
-39.7818
-39.781945
-39.782086
-39.782223
-39.782355
-39.782481
-39.782602
-39.782715
-39.782823
-39.782925
-39.783023
-39.783115
-39.783204
-39.783289
-39.783374
-39.783458
-39.783543
-39.78363
-39.783722
-39.783817
-39.783918
-39.784024
-39.784136
-39.784254
-39.784377
-39.784507
-39.784641
-39.784777
-39.784916
-39.785055
-39.785192
-39.785325
-39.785453
-39.785572
-39.785681
-39.785778
-39.785862
-39.785932
-39.785987
-39.786027
-39.786055
-39.78607
-39.786075
-39.78607
-39.786059
-39.786045
-39.786029
-39.786014
-39.786001
-39.785993
-39.78599
-39.785995
-39.786008
-39.786029
-39.786059
-39.786097
-39.786143
-39.786197
-39.786256
-39.786319
-39.786384
-39.78645
-39.786513
-39.786572
-39.786624
-39.786666
-39.786696
-39.786712
-39.786709
-39.786688
-39.786647
-39.786587
-39.786506
-39.786407
-39.786292
-39.786164
-39.786025
-39.785878
-39.785728
-39.785577
-39.785428
-39.785285
-39.785148
-39.78502
-39.784901
-39.784792
-39.78469
-39.784596
-39.784508
-39.784424
-39.784342
-39.78426
-39.784176
-39.784087
-39.783991
-39.783887
-39.783772
-39.783644
-39.783502
-39.783346
-39.783176
-39.782992
-39.782797
-39.782592
-39.782382
-39.78217
-39.781963
-39.781766
-39.781586
-39.781428
-39.781303
-39.781216
-39.781174
-39.781186
-39.781258
-39.781398
-39.781614
-39.781915
-39.78231
-39.782808
-39.783422
-39.784161
-39.785037
-39.786064
-39.787253
-39.788618
-39.79017
-39.79192
-39.793876
-39.796045
-39.798429
-39.801029
-39.803838
-39.806848
-39.810043
-39.813405
-39.816907
-39.820522
-39.824218
-39.827963
-39.831721
-39.835457
-39.839139
-39.842734
-39.846215
-39.849552
-39.852722
-39.855696
-39.858444
-39.860925
-39.86308
-39.864862
-39.866273
-39.867022
-39.866579
-39.869465
-39.865977
-39.869734
-39.873397
-39.880991
-39.90674
-39.934586
-39.987828
-39.769303
70.326246
-39.738555
-39.738556
-39.738558
-39.738564
-39.738569
-39.738574
-39.738591
-39.738607
-39.738628
-39.738653
-39.738683
-39.738718
-39.738757
-39.738801
-39.738848
-39.738898
-39.738951
-39.739006
-39.739063
-39.73912
-39.739178
-39.739235
-39.739291
-39.739345
-39.739396
-39.739445
-39.73949
-39.739532
-39.739572
-39.739609
-39.739644
-39.739678
-39.739711
-39.739745
-39.739779
-39.739814
-39.739851
-39.73989
-39.739932
-39.739977
-39.740027
-39.740081
-39.74014
-39.740206
-39.740278
-39.740358
-39.740446
-39.740543
-39.740647
-39.74076
-39.74088
-39.741007
-39.74114
-39.741278
-39.74142
-39.741565
-39.741713
-39.741864
-39.742016
-39.742168
-39.74232
-39.742468
-39.742613
-39.742751
-39.74288
-39.742997
-39.7431
-39.743187
-39.743259
-39.743317
-39.743361
-39.743395
-39.743421
-39.743445
-39.743469
-39.743496
-39.743529
-39.743571
-39.743623
-39.743687
-39.743763
-39.743851
-39.743952
-39.744065
-39.744189
-39.744324
-39.744468
-39.744623
-39.744785
-39.744956
-39.745134
-39.745318
-39.745507
-39.7457
-39.745896
-39.746094
-39.74629
-39.746484
-39.746674
-39.746858
-39.747034
-39.747201
-39.747358
-39.747506
-39.747644
-39.747773
-39.747893
-39.748006
-39.748113
-39.748217
-39.748317
-39.748417
-39.748517
-39.748619
-39.748724
-39.748833
-39.748946
-39.749063
-39.749184
-39.74931
-39.749441
-39.749576
-39.749715
-39.74986
-39.750008
-39.75016
-39.750315
-39.750473
-39.750634
-39.750796
-39.750959
-39.751124
-39.751288
-39.751453
-39.751617
-39.751781
-39.751944
-39.752106
-39.752268
-39.752429
-39.752589
-39.752748
-39.752906
-39.753064
-39.753221
-39.753377
-39.753533
-39.753689
-39.753845
-39.754001
-39.754157
-39.754314
-39.754471
-39.754628
-39.754786
-39.754943
-39.755102
-39.75526
-39.755418
-39.755576
-39.755734
-39.755892
-39.756049
-39.756206
-39.756363
-39.75652
-39.756676
-39.756832
-39.756988
-39.757144
-39.7573
-39.757456
-39.757613
-39.757771
-39.757929
-39.758088
-39.758248
-39.758409
-39.758571
-39.758734
-39.758898
-39.759063
-39.759229
-39.759396
-39.759563
-39.759732
-39.759901
-39.760071
-39.760241
-39.760412
-39.760583
-39.760755
-39.760928
-39.761102
-39.761276
-39.761451
-39.761627
-39.761802
-39.761978
-39.762155
-39.762332
-39.762509
-39.762686
-39.762864
-39.763042
-39.76322
-39.763398
-39.763576
-39.763755
-39.763933
-39.764112
-39.764291
-39.76447
-39.764649
-39.764828
-39.765008
-39.765188
-39.765368
-39.765548
-39.765728
-39.765908
-39.766088
-39.766269
-39.76645
-39.766631
-39.766811
-39.766992
-39.767173
-39.767353
-39.767534
-39.767714
-39.767895
-39.768075
-39.768256
-39.768436
-39.768617
-39.768797
-39.768977
-39.769158
-39.769338
-39.769518
-39.769698
-39.769878
-39.770058
-39.770237
-39.770417
-39.770595
-39.770773
-39.770951
-39.771129
-39.771306
-39.771483
-39.77166
-39.771836
-39.772013
-39.772189
-39.772364
-39.77254
-39.772716
-39.772891
-39.773067
-39.773242
-39.773417
-39.773592
-39.773766
-39.77394
-39.774114
-39.774287
-39.77446
-39.774632
-39.774803
-39.774973
-39.775142
-39.77531
-39.775478
-39.775644
-39.77581
-39.775975
-39.77614
-39.776304
-39.776468
-39.776632
-39.776796
-39.77696
-39.777124
-39.777288
-39.777452
-39.777616
-39.77778
-39.777943
-39.778104
-39.778265
-39.778423
-39.77858
-39.778734
-39.778887
-39.779038
-39.779187
-39.779334
-39.779479
-39.779623
-39.779766
-39.779908
-39.780049
-39.780191
-39.780333
-39.780475
-39.780618
-39.780763
-39.780909
-39.781055
-39.781203
-39.781351
-39.781499
-39.781646
-39.781791
-39.781935
-39.782075
-39.782212
-39.782343
-39.782469
-39.782589
-39.782703
-39.782811
-39.782914
-39.783012
-39.783106
-39.783196
-39.783283
-39.783368
-39.783454
-39.78354
-39.783628
-39.78372
-39.783817
-39.783918
-39.784024
-39.784135
-39.784252
-39.784375
-39.784503
-39.784635
-39.78477
-39.784906
-39.785042
-39.785177
-39.785308
-39.785432
-39.785549
-39.785656
-39.785752
-39.785835
-39.785904
-39.78596
-39.786001
-39.786031
-39.786048
-39.786054
-39.786053
-39.786044
-39.786033
-39.78602
-39.786007
-39.785997
-39.78599
-39.785989
-39.785995
-39.786008
-39.78603
-39.786059
-39.786097
-39.786141
-39.786193
-39.786249
-39.78631
-39.786373
-39.786435
-39.786496
-39.786551
-39.7866
-39.786639
-39.786667
-39.78668
-39.786676
-39.786655
-39.786614
-39.786555
-39.786476
-39.78638
-39.786269
-39.786144
-39.78601
-39.785868
-39.785722
-39.785576
-39.785432
-39.785292
-39.785158
-39.785033
-39.784916
-39.784808
-39.784707
-39.784613
-39.784525
-39.784442
-39.784359
-39.784278
-39.784194
-39.784105
-39.78401
-39.783907
-39.783794
-39.783669
-39.783532
-39.783381
-39.783217
-39.78304
-39.782853
-39.782658
-39.782458
-39.782259
-39.782065
-39.781881
-39.781715
-39.781572
-39.781461
-39.781388
-39.781361
-39.781386
-39.781472
-39.781625
-39.781853
-39.782165
-39.782571
-39.783079
-39.7837
-39.784445
-39.785325
-39.786353
-39.78754
-39.788898
-39.790439
-39.792172
-39.794106
-39.796246
-39.798595
-39.801152
-39.803911
-39.806864
-39.809996
-39.813289
-39.816719
-39.820258
-39.823879
-39.82755
-39.831237
-39.834909
-39.838537
-39.842092
-39.845549
-39.848885
-39.852079
-39.855111
-39.857961
-39.860599
-39.862986
-39.865097
-39.866965
-39.86835
-39.868705
-39.872934
-39.87056
-39.876529
-39.883148
-39.895718
-39.928975
-39.962473
-40.021576
-39.845203
-34.442395
-39.738559
-39.73856
-39.738563
-39.738568
-39.738572
-39.738578
-39.738596
-39.738611
-39.738632
-39.738657
-39.738687
-39.738722
-39.738761
-39.738805
-39.738852
-39.738902
-39.738955
-39.739011
-39.739068
-39.739127
-39.739185
-39.739243
-39.7393
-39.739355
-39.739407
-39.739456
-39.739502
-39.739545
-39.739586
-39.739623
-39.739659
-39.739693
-39.739727
-39.73976
-39.739794
-39.73983
-39.739867
-39.739906
-39.739948
-39.739994
-39.740043
-39.740097
-39.740157
-39.740222
-39.740295
-39.740374
-39.740462
-39.740557
-39.740661
-39.740772
-39.740891
-39.741016
-39.741147
-39.741283
-39.741423
-39.741567
-39.741713
-39.741861
-39.742011
-39.742161
-39.74231
-39.742457
-39.742599
-39.742735
-39.742862
-39.742978
-39.74308
-39.743168
-39.743242
-39.743301
-39.743349
-39.743386
-39.743417
-39.743445
-39.743473
-39.743504
-39.74354
-39.743585
-39.74364
-39.743705
-39.743782
-39.743871
-39.743972
-39.744085
-39.744209
-39.744343
-39.744487
-39.744639
-39.744801
-39.74497
-39.745145
-39.745327
-39.745515
-39.745706
-39.745899
-39.746094
-39.746288
-39.74648
-39.746667
-39.746849
-39.747023
-39.747189
-39.747346
-39.747494
-39.747632
-39.747762
-39.747883
-39.747998
-39.748107
-39.748212
-39.748315
-39.748416
-39.748518
-39.748622
-39.748728
-39.748838
-39.748952
-39.749069
-39.749191
-39.749318
-39.749449
-39.749584
-39.749723
-39.749867
-39.750015
-39.750167
-39.750321
-39.750479
-39.750639
-39.7508
-39.750963
-39.751127
-39.751291
-39.751455
-39.751619
-39.751782
-39.751945
-39.752107
-39.752268
-39.752429
-39.752589
-39.752748
-39.752906
-39.753063
-39.75322
-39.753377
-39.753533
-39.753689
-39.753845
-39.754002
-39.754158
-39.754315
-39.754472
-39.754629
-39.754787
-39.754944
-39.755102
-39.75526
-39.755419
-39.755577
-39.755735
-39.755892
-39.75605
-39.756207
-39.756364
-39.75652
-39.756677
-39.756833
-39.756989
-39.757145
-39.757302
-39.757458
-39.757615
-39.757773
-39.757931
-39.75809
-39.758251
-39.758412
-39.758574
-39.758737
-39.758901
-39.759066
-39.759232
-39.759398
-39.759566
-39.759734
-39.759904
-39.760073
-39.760243
-39.760414
-39.760585
-39.760758
-39.760931
-39.761104
-39.761278
-39.761453
-39.761628
-39.761804
-39.76198
-39.762156
-39.762333
-39.76251
-39.762687
-39.762865
-39.763043
-39.763221
-39.763399
-39.763577
-39.763756
-39.763934
-39.764113
-39.764292
-39.764471
-39.76465
-39.764829
-39.765009
-39.765189
-39.765368
-39.765548
-39.765728
-39.765909
-39.766089
-39.766269
-39.76645
-39.766631
-39.766812
-39.766992
-39.767173
-39.767353
-39.767534
-39.767714
-39.767895
-39.768075
-39.768256
-39.768436
-39.768616
-39.768797
-39.768977
-39.769157
-39.769337
-39.769518
-39.769697
-39.769877
-39.770057
-39.770236
-39.770415
-39.770594
-39.770772
-39.77095
-39.771128
-39.771305
-39.771482
-39.771659
-39.771835
-39.772011
-39.772187
-39.772363
-39.772539
-39.772714
-39.77289
-39.773065
-39.77324
-39.773415
-39.773589
-39.773764
-39.773938
-39.774111
-39.774285
-39.774457
-39.774629
-39.7748
-39.77497
-39.775139
-39.775307
-39.775474
-39.775641
-39.775807
-39.775972
-39.776136
-39.776301
-39.776465
-39.776629
-39.776792
-39.776956
-39.77712
-39.777284
-39.777448
-39.777612
-39.777775
-39.777937
-39.778099
-39.778259
-39.778417
-39.778574
-39.778728
-39.778881
-39.779031
-39.77918
-39.779328
-39.779474
-39.779618
-39.779761
-39.779903
-39.780045
-39.780187
-39.780329
-39.780471
-39.780614
-39.780759
-39.780904
-39.78105
-39.781197
-39.781345
-39.781492
-39.781638
-39.781783
-39.781925
-39.782065
-39.7822
-39.782332
-39.782457
-39.782577
-39.782691
-39.7828
-39.782903
-39.783002
-39.783097
-39.783188
-39.783276
-39.783363
-39.783449
-39.783536
-39.783626
-39.783719
-39.783816
-39.783917
-39.784023
-39.784134
-39.784251
-39.784372
-39.784499
-39.784629
-39.784762
-39.784896
-39.78503
-39.785162
-39.78529
-39.785413
-39.785527
-39.785633
-39.785727
-39.785809
-39.785878
-39.785933
-39.785976
-39.786007
-39.786026
-39.786035
-39.786035
-39.78603
-39.786021
-39.78601
-39.786
-39.785992
-39.785987
-39.785988
-39.785994
-39.786008
-39.78603
-39.786059
-39.786095
-39.786139
-39.786188
-39.786243
-39.786301
-39.786361
-39.786421
-39.786478
-39.78653
-39.786576
-39.786613
-39.786639
-39.78665
-39.786645
-39.786623
-39.786583
-39.786524
-39.786448
-39.786355
-39.786246
-39.786126
-39.785996
-39.785858
-39.785717
-39.785575
-39.785435
-39.785298
-39.785168
-39.785045
-39.78493
-39.784823
-39.784723
-39.78463
-39.784543
-39.784459
-39.784377
-39.784296
-39.784211
-39.784123
-39.78403
-39.783928
-39.783817
-39.783695
-39.783562
-39.783416
-39.783258
-39.783088
-39.78291
-39.782724
-39.782535
-39.782348
-39.782166
-39.781995
-39.781842
-39.781714
-39.781616
-39.781558
-39.781544
-39.781583
-39.781681
-39.781847
-39.782087
-39.78241
-39.782826
-39.783343
-39.783971
-39.784721
-39.785605
-39.786632
-39.787816
-39.789168
-39.790697
-39.792413
-39.794324
-39.796435
-39.798749
-39.801263
-39.803973
-39.806871
-39.809941
-39.813166
-39.816525
-39.819991
-39.823538
-39.827136
-39.830754
-39.834365
-39.837941
-39.841457
-39.844891
-39.848226
-39.851446
-39.854538
-39.857492
-39.860292
-39.862915
-39.865362
-39.867695
-39.869726
-39.870907
-39.876527
-39.875184
-39.883494
-39.892997
-39.910635
-39.951095
-39.991028
-40.054604
-39.910993
-39.532748
-39.738564
-39.738564
-39.738567
-39.738572
-39.738574
-39.738583
-39.738599
-39.738615
-39.738636
-39.738661
-39.738691
-39.738726
-39.738765
-39.738809
-39.738856
-39.738907
-39.73896
-39.739016
-39.739074
-39.739133
-39.739192
-39.739251
-39.739309
-39.739364
-39.739418
-39.739468
-39.739515
-39.739559
-39.7396
-39.739638
-39.739674
-39.739709
-39.739742
-39.739776
-39.73981
-39.739846
-39.739883
-39.739922
-39.739964
-39.74001
-39.740059
-39.740114
-39.740173
-39.740239
-39.740311
-39.74039
-39.740477
-39.740572
-39.740674
-39.740784
-39.740901
-39.741025
-39.741154
-39.741288
-39.741426
-39.741568
-39.741712
-39.741859
-39.742006
-39.742154
-39.742301
-39.742445
-39.742585
-39.742719
-39.742845
-39.742959
-39.743062
-39.74315
-39.743225
-39.743287
-39.743337
-39.743378
-39.743413
-39.743445
-39.743476
-39.743511
-39.743551
-39.743599
-39.743655
-39.743723
-39.743801
-39.743891
-39.743992
-39.744105
-39.744228
-39.744361
-39.744504
-39.744656
-39.744816
-39.744983
-39.745157
-39.745337
-39.745522
-39.745711
-39.745902
-39.746094
-39.746286
-39.746475
-39.746661
-39.746841
-39.747014
-39.747179
-39.747335
-39.747482
-39.747621
-39.747751
-39.747874
-39.74799
-39.748101
-39.748208
-39.748312
-39.748415
-39.748519
-39.748624
-39.748732
-39.748843
-39.748957
-39.749076
-39.749198
-39.749325
-39.749456
-39.749592
-39.749731
-39.749875
-39.750022
-39.750173
-39.750328
-39.750484
-39.750644
-39.750805
-39.750967
-39.75113
-39.751293
-39.751457
-39.75162
-39.751783
-39.751945
-39.752107
-39.752268
-39.752429
-39.752589
-39.752748
-39.752906
-39.753063
-39.75322
-39.753377
-39.753533
-39.75369
-39.753846
-39.754002
-39.754159
-39.754315
-39.754472
-39.75463
-39.754787
-39.754945
-39.755103
-39.755261
-39.755419
-39.755577
-39.755735
-39.755893
-39.75605
-39.756207
-39.756364
-39.756521
-39.756677
-39.756834
-39.75699
-39.757147
-39.757303
-39.75746
-39.757617
-39.757775
-39.757934
-39.758093
-39.758253
-39.758415
-39.758577
-39.75874
-39.758904
-39.759069
-39.759235
-39.759401
-39.759569
-39.759737
-39.759906
-39.760076
-39.760246
-39.760417
-39.760588
-39.76076
-39.760933
-39.761106
-39.76128
-39.761455
-39.76163
-39.761806
-39.761982
-39.762158
-39.762335
-39.762512
-39.762689
-39.762866
-39.763044
-39.763222
-39.7634
-39.763579
-39.763757
-39.763935
-39.764114
-39.764293
-39.764471
-39.764651
-39.76483
-39.76501
-39.765189
-39.765369
-39.765549
-39.765729
-39.765909
-39.766089
-39.76627
-39.766451
-39.766631
-39.766812
-39.766993
-39.767173
-39.767354
-39.767534
-39.767714
-39.767895
-39.768075
-39.768256
-39.768436
-39.768616
-39.768796
-39.768976
-39.769157
-39.769337
-39.769517
-39.769697
-39.769876
-39.770056
-39.770235
-39.770414
-39.770593
-39.770771
-39.770949
-39.771127
-39.771304
-39.771481
-39.771657
-39.771834
-39.77201
-39.772186
-39.772362
-39.772537
-39.772713
-39.772888
-39.773063
-39.773238
-39.773413
-39.773587
-39.773761
-39.773935
-39.774109
-39.774282
-39.774454
-39.774626
-39.774797
-39.774966
-39.775135
-39.775304
-39.775471
-39.775637
-39.775803
-39.775968
-39.776133
-39.776297
-39.776461
-39.776625
-39.776789
-39.776952
-39.777116
-39.77728
-39.777443
-39.777607
-39.77777
-39.777932
-39.778093
-39.778253
-39.778411
-39.778568
-39.778722
-39.778874
-39.779025
-39.779174
-39.779322
-39.779468
-39.779612
-39.779756
-39.779898
-39.780041
-39.780183
-39.780325
-39.780467
-39.78061
-39.780754
-39.780899
-39.781045
-39.781192
-39.781338
-39.781484
-39.78163
-39.781774
-39.781916
-39.782055
-39.78219
-39.78232
-39.782445
-39.782565
-39.782679
-39.782789
-39.782893
-39.782993
-39.783088
-39.78318
-39.78327
-39.783357
-39.783445
-39.783533
-39.783623
-39.783717
-39.783814
-39.783916
-39.784022
-39.784133
-39.784249
-39.784369
-39.784494
-39.784623
-39.784754
-39.784886
-39.785017
-39.785147
-39.785273
-39.785393
-39.785506
-39.78561
-39.785703
-39.785784
-39.785852
-39.785908
-39.785952
-39.785984
-39.786004
-39.786015
-39.786018
-39.786015
-39.786009
-39.786001
-39.785993
-39.785987
-39.785984
-39.785986
-39.785993
-39.786008
-39.786029
-39.786058
-39.786094
-39.786136
-39.786184
-39.786236
-39.786292
-39.786349
-39.786406
-39.786461
-39.78651
-39.786553
-39.786588
-39.786611
-39.78662
-39.786614
-39.786592
-39.786552
-39.786495
-39.78642
-39.78633
-39.786225
-39.786108
-39.785982
-39.785849
-39.785712
-39.785574
-39.785437
-39.785304
-39.785177
-39.785057
-39.784943
-39.784838
-39.784739
-39.784647
-39.78456
-39.784477
-39.784395
-39.784313
-39.78423
-39.784142
-39.78405
-39.783949
-39.783841
-39.783722
-39.783593
-39.783452
-39.783299
-39.783137
-39.782967
-39.782791
-39.782612
-39.782436
-39.782266
-39.782108
-39.781969
-39.781854
-39.78177
-39.781725
-39.781725
-39.781777
-39.781887
-39.782065
-39.782316
-39.78265
-39.783075
-39.7836
-39.784235
-39.78499
-39.785876
-39.786903
-39.788083
-39.789427
-39.790943
-39.792643
-39.794531
-39.796613
-39.798891
-39.801363
-39.804025
-39.806867
-39.809876
-39.813036
-39.816325
-39.819719
-39.823194
-39.826721
-39.830273
-39.833823
-39.837348
-39.840826
-39.844239
-39.847574
-39.850821
-39.853975
-39.857034
-39.859997
-39.862861
-39.865647
-39.868451
-39.871134
-39.873165
-39.880221
-39.879809
-39.890565
-39.902809
-39.925405
-39.972452
-40.019838
-40.087299
-39.963735
-39.49806
-39.738568
-39.738568
-39.738571
-39.738575
-39.738577
-39.738591
-39.738603
-39.738618
-39.738639
-39.738665
-39.738695
-39.73873
-39.738769
-39.738813
-39.73886
-39.738911
-39.738965
-39.739021
-39.73908
-39.739139
-39.739199
-39.739259
-39.739318
-39.739375
-39.739429
-39.73948
-39.739528
-39.739573
-39.739614
-39.739653
-39.739689
-39.739724
-39.739758
-39.739792
-39.739826
-39.739861
-39.739898
-39.739938
-39.73998
-39.740026
-39.740075
-39.74013
-39.740189
-39.740255
-39.740326
-39.740405
-39.740492
-39.740585
-39.740687
-39.740796
-39.740911
-39.741033
-39.741161
-39.741293
-39.74143
-39.741569
-39.741712
-39.741856
-39.742002
-39.742148
-39.742292
-39.742434
-39.742572
-39.742704
-39.742828
-39.742942
-39.743044
-39.743134
-39.74321
-39.743274
-39.743327
-39.743371
-39.743409
-39.743445
-39.74348
-39.743518
-39.743561
-39.743611
-39.74367
-39.743739
-39.743819
-39.74391
-39.744011
-39.744124
-39.744247
-39.744379
-39.744521
-39.744672
-39.74483
-39.744996
-39.745168
-39.745346
-39.745529
-39.745716
-39.745905
-39.746095
-39.746284
-39.746471
-39.746655
-39.746833
-39.747004
-39.747168
-39.747324
-39.747471
-39.74761
-39.747741
-39.747865
-39.747982
-39.748095
-39.748203
-39.748309
-39.748414
-39.74852
-39.748626
-39.748735
-39.748847
-39.748963
-39.749082
-39.749205
-39.749332
-39.749464
-39.749599
-39.749738
-39.749882
-39.750029
-39.75018
-39.750334
-39.75049
-39.750649
-39.750809
-39.75097
-39.751133
-39.751296
-39.751459
-39.751622
-39.751784
-39.751946
-39.752108
-39.752269
-39.752429
-39.752589
-39.752747
-39.752906
-39.753063
-39.75322
-39.753377
-39.753534
-39.75369
-39.753846
-39.754003
-39.754159
-39.754316
-39.754473
-39.754631
-39.754788
-39.754946
-39.755104
-39.755262
-39.75542
-39.755578
-39.755736
-39.755893
-39.756051
-39.756208
-39.756365
-39.756522
-39.756678
-39.756835
-39.756992
-39.757148
-39.757305
-39.757462
-39.757619
-39.757777
-39.757936
-39.758095
-39.758256
-39.758417
-39.758579
-39.758743
-39.758907
-39.759072
-39.759238
-39.759404
-39.759572
-39.75974
-39.759909
-39.760079
-39.760249
-39.760419
-39.76059
-39.760762
-39.760935
-39.761108
-39.761282
-39.761457
-39.761632
-39.761808
-39.761983
-39.76216
-39.762336
-39.762513
-39.76269
-39.762868
-39.763045
-39.763223
-39.763401
-39.76358
-39.763758
-39.763936
-39.764115
-39.764293
-39.764472
-39.764651
-39.764831
-39.76501
-39.76519
-39.76537
-39.76555
-39.76573
-39.76591
-39.76609
-39.76627
-39.766451
-39.766632
-39.766812
-39.766993
-39.767173
-39.767354
-39.767534
-39.767715
-39.767895
-39.768075
-39.768256
-39.768436
-39.768616
-39.768796
-39.768976
-39.769156
-39.769336
-39.769516
-39.769696
-39.769876
-39.770055
-39.770235
-39.770414
-39.770592
-39.77077
-39.770948
-39.771125
-39.771303
-39.771479
-39.771656
-39.771832
-39.772008
-39.772184
-39.77236
-39.772536
-39.772711
-39.772886
-39.773061
-39.773236
-39.773411
-39.773585
-39.773759
-39.773933
-39.774106
-39.774279
-39.774451
-39.774623
-39.774793
-39.774963
-39.775132
-39.7753
-39.775468
-39.775634
-39.7758
-39.775965
-39.77613
-39.776294
-39.776458
-39.776621
-39.776785
-39.776949
-39.777112
-39.777276
-39.777439
-39.777602
-39.777765
-39.777927
-39.778088
-39.778247
-39.778405
-39.778562
-39.778716
-39.778868
-39.779019
-39.779169
-39.779316
-39.779462
-39.779607
-39.779751
-39.779894
-39.780036
-39.780178
-39.780321
-39.780463
-39.780606
-39.78075
-39.780895
-39.78104
-39.781186
-39.781332
-39.781478
-39.781622
-39.781766
-39.781907
-39.782045
-39.782179
-39.782309
-39.782434
-39.782554
-39.782668
-39.782778
-39.782883
-39.782983
-39.783079
-39.783172
-39.783263
-39.783352
-39.78344
-39.783529
-39.78362
-39.783715
-39.783813
-39.783915
-39.784021
-39.784131
-39.784247
-39.784366
-39.78449
-39.784617
-39.784746
-39.784876
-39.785005
-39.785133
-39.785256
-39.785374
-39.785485
-39.785587
-39.785679
-39.785759
-39.785827
-39.785883
-39.785928
-39.785961
-39.785984
-39.785996
-39.786002
-39.786001
-39.785997
-39.785991
-39.785986
-39.785982
-39.78598
-39.785983
-39.785992
-39.786007
-39.786028
-39.786057
-39.786092
-39.786132
-39.786179
-39.786229
-39.786283
-39.786338
-39.786392
-39.786443
-39.78649
-39.786531
-39.786563
-39.786584
-39.786592
-39.786585
-39.786562
-39.786523
-39.786466
-39.786394
-39.786306
-39.786204
-39.786091
-39.785968
-39.785839
-39.785706
-39.785573
-39.78544
-39.78531
-39.785186
-39.785068
-39.784956
-39.784853
-39.784755
-39.784664
-39.784577
-39.784494
-39.784412
-39.784331
-39.784248
-39.784162
-39.78407
-39.783972
-39.783866
-39.78375
-39.783624
-39.783488
-39.783342
-39.783187
-39.783024
-39.782858
-39.782689
-39.782523
-39.782366
-39.78222
-39.782093
-39.781992
-39.781921
-39.781889
-39.781902
-39.781966
-39.782089
-39.782278
-39.782541
-39.782884
-39.783318
-39.78385
-39.784491
-39.78525
-39.786138
-39.787164
-39.78834
-39.789675
-39.79118
-39.792861
-39.794726
-39.796779
-39.799022
-39.801453
-39.804066
-39.806854
-39.809803
-39.812899
-39.816119
-39.819443
-39.822847
-39.826305
-39.829792
-39.833283
-39.836758
-39.840199
-39.843592
-39.846928
-39.850203
-39.853418
-39.856584
-39.859711
-39.862816
-39.865946
-39.869224
-39.872558
-39.875462
-39.883974
-39.884405
-39.897682
-39.91245
-39.939693
-39.992214
-40.047118
-40.116472
-40.001318
-39.453914
-39.738572
-39.738572
-39.738575
-39.738579
-39.738583
-39.738595
-39.738606
-39.738622
-39.738643
-39.738669
-39.738699
-39.738734
-39.738773
-39.738817
-39.738864
-39.738915
-39.73897
-39.739026
-39.739085
-39.739146
-39.739207
-39.739267
-39.739327
-39.739385
-39.73944
-39.739493
-39.739541
-39.739587
-39.739629
-39.739668
-39.739705
-39.73974
-39.739774
-39.739807
-39.739842
-39.739877
-39.739914
-39.739953
-39.739996
-39.740041
-39.740091
-39.740145
-39.740205
-39.74027
-39.740342
-39.74042
-39.740506
-39.740599
-39.740699
-39.740807
-39.740921
-39.741042
-39.741168
-39.741298
-39.741433
-39.741571
-39.741711
-39.741854
-39.741997
-39.742141
-39.742284
-39.742424
-39.74256
-39.74269
-39.742813
-39.742926
-39.743028
-39.743117
-39.743195
-39.743261
-39.743316
-39.743364
-39.743406
-39.743445
-39.743483
-39.743525
-39.743571
-39.743624
-39.743685
-39.743755
-39.743836
-39.743928
-39.74403
-39.744142
-39.744265
-39.744397
-39.744538
-39.744687
-39.744845
-39.745009
-39.745179
-39.745356
-39.745536
-39.745721
-39.745908
-39.746095
-39.746282
-39.746467
-39.746649
-39.746825
-39.746996
-39.747159
-39.747314
-39.747461
-39.7476
-39.747732
-39.747856
-39.747975
-39.748089
-39.748199
-39.748307
-39.748413
-39.74852
-39.748628
-39.748739
-39.748852
-39.748968
-39.749088
-39.749212
-39.749339
-39.749471
-39.749606
-39.749746
-39.749889
-39.750036
-39.750186
-39.75034
-39.750495
-39.750653
-39.750813
-39.750974
-39.751136
-39.751298
-39.751461
-39.751623
-39.751785
-39.751947
-39.752108
-39.752269
-39.752429
-39.752589
-39.752747
-39.752906
-39.753063
-39.75322
-39.753377
-39.753534
-39.75369
-39.753847
-39.754003
-39.75416
-39.754317
-39.754474
-39.754631
-39.754789
-39.754946
-39.755104
-39.755262
-39.755421
-39.755579
-39.755737
-39.755894
-39.756051
-39.756209
-39.756365
-39.756522
-39.756679
-39.756836
-39.756993
-39.75715
-39.757307
-39.757464
-39.757621
-39.757779
-39.757938
-39.758098
-39.758258
-39.75842
-39.758582
-39.758745
-39.75891
-39.759075
-39.75924
-39.759407
-39.759575
-39.759743
-39.759912
-39.760081
-39.760251
-39.760422
-39.760593
-39.760765
-39.760937
-39.761111
-39.761284
-39.761459
-39.761634
-39.761809
-39.761985
-39.762161
-39.762338
-39.762514
-39.762692
-39.762869
-39.763047
-39.763225
-39.763403
-39.763581
-39.763759
-39.763937
-39.764116
-39.764294
-39.764473
-39.764652
-39.764832
-39.765011
-39.765191
-39.76537
-39.76555
-39.76573
-39.76591
-39.766091
-39.766271
-39.766451
-39.766632
-39.766813
-39.766993
-39.767174
-39.767354
-39.767534
-39.767715
-39.767895
-39.768075
-39.768255
-39.768436
-39.768616
-39.768796
-39.768976
-39.769156
-39.769336
-39.769516
-39.769695
-39.769875
-39.770054
-39.770234
-39.770413
-39.770591
-39.770769
-39.770947
-39.771124
-39.771301
-39.771478
-39.771655
-39.771831
-39.772007
-39.772183
-39.772359
-39.772534
-39.772709
-39.772885
-39.773059
-39.773234
-39.773409
-39.773583
-39.773757
-39.773931
-39.774104
-39.774277
-39.774449
-39.77462
-39.77479
-39.77496
-39.775129
-39.775297
-39.775464
-39.775631
-39.775797
-39.775962
-39.776126
-39.77629
-39.776454
-39.776618
-39.776781
-39.776945
-39.777108
-39.777271
-39.777435
-39.777597
-39.77776
-39.777922
-39.778082
-39.778242
-39.7784
-39.778556
-39.77871
-39.778863
-39.779014
-39.779163
-39.779311
-39.779457
-39.779602
-39.779746
-39.779889
-39.780032
-39.780174
-39.780317
-39.780459
-39.780602
-39.780746
-39.78089
-39.781035
-39.78118
-39.781326
-39.781471
-39.781615
-39.781757
-39.781897
-39.782035
-39.782169
-39.782298
-39.782423
-39.782543
-39.782657
-39.782767
-39.782872
-39.782974
-39.783071
-39.783165
-39.783257
-39.783347
-39.783436
-39.783526
-39.783618
-39.783713
-39.783811
-39.783913
-39.784019
-39.784129
-39.784244
-39.784363
-39.784485
-39.784611
-39.784738
-39.784866
-39.784993
-39.785118
-39.78524
-39.785356
-39.785465
-39.785566
-39.785656
-39.785735
-39.785803
-39.78586
-39.785905
-39.785939
-39.785963
-39.785978
-39.785985
-39.785987
-39.785985
-39.785982
-39.785978
-39.785976
-39.785976
-39.785981
-39.78599
-39.786005
-39.786027
-39.786055
-39.786089
-39.786129
-39.786173
-39.786222
-39.786274
-39.786326
-39.786378
-39.786427
-39.786471
-39.786509
-39.786539
-39.786558
-39.786564
-39.786556
-39.786533
-39.786494
-39.786439
-39.786368
-39.786283
-39.786184
-39.786074
-39.785955
-39.78583
-39.785701
-39.785571
-39.785442
-39.785315
-39.785194
-39.785079
-39.784969
-39.784867
-39.78477
-39.78468
-39.784594
-39.784511
-39.78443
-39.784349
-39.784267
-39.784181
-39.784091
-39.783994
-39.783891
-39.783778
-39.783656
-39.783525
-39.783385
-39.783237
-39.783082
-39.782924
-39.782766
-39.782611
-39.782464
-39.782331
-39.782217
-39.782128
-39.78207
-39.782051
-39.782076
-39.782152
-39.782287
-39.782487
-39.78276
-39.783113
-39.783555
-39.784094
-39.784741
-39.785503
-39.786392
-39.787417
-39.788588
-39.789914
-39.791405
-39.793069
-39.79491
-39.796935
-39.799142
-39.801531
-39.804098
-39.806832
-39.809722
-39.812754
-39.815908
-39.819164
-39.822498
-39.825888
-39.829311
-39.832744
-39.836171
-39.839576
-39.842948
-39.846285
-39.849588
-39.852865
-39.856137
-39.859428
-39.862775
-39.866248
-39.87
-39.873983
-39.877777
-39.887684
-39.889011
-39.90479
-39.921797
-39.953177
-40.009311
-40.07009
-40.135571
-39.855382
-39.406382
-39.738576
-39.738576
-39.738578
-39.738583
-39.73859
-39.738599
-39.73861
-39.738626
-39.738647
-39.738673
-39.738703
-39.738738
-39.738777
-39.738821
-39.738868
-39.73892
-39.738974
-39.739032
-39.739091
-39.739152
-39.739214
-39.739276
-39.739336
-39.739395
-39.739452
-39.739505
-39.739555
-39.739601
-39.739644
-39.739683
-39.73972
-39.739755
-39.739789
-39.739823
-39.739857
-39.739892
-39.739929
-39.739969
-39.740011
-39.740057
-39.740106
-39.740161
-39.74022
-39.740285
-39.740357
-39.740435
-39.74052
-39.740612
-39.740711
-39.740818
-39.740931
-39.74105
-39.741174
-39.741303
-39.741436
-39.741572
-39.741711
-39.741851
-39.741993
-39.742135
-39.742276
-39.742414
-39.742548
-39.742677
-39.742798
-39.74291
-39.743012
-39.743102
-39.743181
-39.743249
-39.743307
-39.743357
-39.743402
-39.743445
-39.743487
-39.743531
-39.74358
-39.743635
-39.743699
-39.743771
-39.743853
-39.743945
-39.744048
-39.74416
-39.744282
-39.744414
-39.744554
-39.744702
-39.744858
-39.745021
-39.74519
-39.745364
-39.745543
-39.745726
-39.74591
-39.746096
-39.746281
-39.746464
-39.746644
-39.746818
-39.746987
-39.747149
-39.747304
-39.747451
-39.74759
-39.747723
-39.747848
-39.747968
-39.748083
-39.748195
-39.748304
-39.748413
-39.748521
-39.74863
-39.748742
-39.748856
-39.748973
-39.749094
-39.749218
-39.749346
-39.749478
-39.749613
-39.749753
-39.749896
-39.750043
-39.750192
-39.750345
-39.750501
-39.750658
-39.750817
-39.750977
-39.751139
-39.751301
-39.751463
-39.751625
-39.751787
-39.751948
-39.752109
-39.75227
-39.752429
-39.752589
-39.752747
-39.752906
-39.753063
-39.75322
-39.753377
-39.753534
-39.753691
-39.753847
-39.754004
-39.754161
-39.754318
-39.754475
-39.754632
-39.754789
-39.754947
-39.755105
-39.755263
-39.755421
-39.755579
-39.755737
-39.755895
-39.756052
-39.756209
-39.756366
-39.756523
-39.75668
-39.756837
-39.756994
-39.757151
-39.757308
-39.757466
-39.757623
-39.757782
-39.757941
-39.7581
-39.758261
-39.758422
-39.758585
-39.758748
-39.758912
-39.759077
-39.759243
-39.75941
-39.759577
-39.759745
-39.759914
-39.760084
-39.760253
-39.760424
-39.760595
-39.760767
-39.760939
-39.761113
-39.761286
-39.761461
-39.761636
-39.761811
-39.761987
-39.762163
-39.762339
-39.762516
-39.762693
-39.76287
-39.763048
-39.763226
-39.763404
-39.763582
-39.76376
-39.763938
-39.764117
-39.764295
-39.764474
-39.764653
-39.764832
-39.765012
-39.765191
-39.765371
-39.765551
-39.765731
-39.765911
-39.766091
-39.766271
-39.766452
-39.766632
-39.766813
-39.766993
-39.767174
-39.767354
-39.767534
-39.767715
-39.767895
-39.768075
-39.768255
-39.768435
-39.768615
-39.768795
-39.768975
-39.769155
-39.769335
-39.769515
-39.769694
-39.769874
-39.770054
-39.770233
-39.770412
-39.77059
-39.770768
-39.770946
-39.771123
-39.7713
-39.771477
-39.771653
-39.77183
-39.772006
-39.772182
-39.772357
-39.772533
-39.772708
-39.772883
-39.773058
-39.773232
-39.773407
-39.773581
-39.773755
-39.773928
-39.774101
-39.774274
-39.774446
-39.774617
-39.774787
-39.774957
-39.775126
-39.775294
-39.775461
-39.775628
-39.775793
-39.775958
-39.776123
-39.776287
-39.776451
-39.776614
-39.776778
-39.776941
-39.777104
-39.777267
-39.77743
-39.777593
-39.777755
-39.777917
-39.778077
-39.778236
-39.778394
-39.77855
-39.778704
-39.778857
-39.779008
-39.779157
-39.779305
-39.779452
-39.779597
-39.779741
-39.779885
-39.780028
-39.78017
-39.780312
-39.780455
-39.780598
-39.780741
-39.780885
-39.78103
-39.781175
-39.78132
-39.781464
-39.781607
-39.781749
-39.781889
-39.782025
-39.782158
-39.782288
-39.782412
-39.782532
-39.782646
-39.782757
-39.782863
-39.782965
-39.783062
-39.783158
-39.78325
-39.783341
-39.783431
-39.783522
-39.783615
-39.783711
-39.783809
-39.783912
-39.784018
-39.784127
-39.784241
-39.784359
-39.78448
-39.784604
-39.78473
-39.784856
-39.784981
-39.785104
-39.785224
-39.785338
-39.785446
-39.785544
-39.785634
-39.785712
-39.78578
-39.785837
-39.785882
-39.785918
-39.785944
-39.78596
-39.785969
-39.785973
-39.785974
-39.785972
-39.785971
-39.78597
-39.785972
-39.785978
-39.785988
-39.786004
-39.786026
-39.786053
-39.786086
-39.786125
-39.786168
-39.786215
-39.786264
-39.786314
-39.786364
-39.78641
-39.786452
-39.786488
-39.786516
-39.786533
-39.786538
-39.786529
-39.786505
-39.786467
-39.786413
-39.786343
-39.78626
-39.786164
-39.786058
-39.785943
-39.785821
-39.785696
-39.78557
-39.785444
-39.785321
-39.785202
-39.785089
-39.784981
-39.784881
-39.784785
-39.784696
-39.784611
-39.784528
-39.784448
-39.784367
-39.784286
-39.784201
-39.784113
-39.784017
-39.783916
-39.783807
-39.783689
-39.783563
-39.783428
-39.783287
-39.78314
-39.782991
-39.782842
-39.782698
-39.782562
-39.782441
-39.782338
-39.782262
-39.782217
-39.78221
-39.782247
-39.782335
-39.782481
-39.782692
-39.782974
-39.783336
-39.783787
-39.784332
-39.784984
-39.785749
-39.786638
-39.787661
-39.788827
-39.790144
-39.791621
-39.793267
-39.795084
-39.797079
-39.799252
-39.8016
-39.804119
-39.806801
-39.809634
-39.812603
-39.815692
-39.81888
-39.822146
-39.825469
-39.828829
-39.832206
-39.835585
-39.838954
-39.842307
-39.845644
-39.848974
-39.852313
-39.85569
-39.859145
-39.862731
-39.866546
-39.870769
-39.875394
-39.880089
-39.891296
-39.893619
-39.911847
-39.93075
-39.965589
-40.022464
-40.084898
-40.144776
-39.89543
-39.493204
-39.738579
-39.73858
-39.738582
-39.738586
-39.738593
-39.738602
-39.738613
-39.738629
-39.738651
-39.738677
-39.738707
-39.738742
-39.738781
-39.738825
-39.738872
-39.738924
-39.738979
-39.739037
-39.739097
-39.739159
-39.739222
-39.739284
-39.739346
-39.739406
-39.739464
-39.739518
-39.739569
-39.739616
-39.739659
-39.739699
-39.739736
-39.739771
-39.739805
-39.739839
-39.739873
-39.739908
-39.739945
-39.739984
-39.740026
-39.740072
-39.740121
-39.740176
-39.740235
-39.7403
-39.740371
-39.740449
-39.740533
-39.740625
-39.740723
-39.740828
-39.74094
-39.741057
-39.74118
-39.741307
-39.741439
-39.741573
-39.74171
-39.741849
-39.741989
-39.742129
-39.742268
-39.742404
-39.742537
-39.742664
-39.742784
-39.742896
-39.742997
-39.743088
-39.743168
-39.743237
-39.743298
-39.743351
-39.743399
-39.743445
-39.74349
-39.743537
-39.743589
-39.743647
-39.743712
-39.743786
-39.743869
-39.743962
-39.744065
-39.744177
-39.744299
-39.74443
-39.74457
-39.744717
-39.744872
-39.745033
-39.7452
-39.745373
-39.74555
-39.74573
-39.745913
-39.746097
-39.74628
-39.746461
-39.746639
-39.746812
-39.746979
-39.747141
-39.747295
-39.747442
-39.747581
-39.747714
-39.747841
-39.747962
-39.748078
-39.748191
-39.748302
-39.748412
-39.748521
-39.748632
-39.748745
-39.74886
-39.748978
-39.749099
-39.749224
-39.749352
-39.749484
-39.74962
-39.749759
-39.749902
-39.750049
-39.750198
-39.750351
-39.750506
-39.750663
-39.750821
-39.750981
-39.751142
-39.751303
-39.751465
-39.751626
-39.751788
-39.751949
-39.75211
-39.75227
-39.75243
-39.752589
-39.752748
-39.752906
-39.753063
-39.75322
-39.753377
-39.753534
-39.753691
-39.753848
-39.754004
-39.754161
-39.754318
-39.754475
-39.754633
-39.75479
-39.754948
-39.755106
-39.755264
-39.755422
-39.75558
-39.755738
-39.755895
-39.756053
-39.75621
-39.756367
-39.756524
-39.756681
-39.756838
-39.756995
-39.757152
-39.75731
-39.757467
-39.757625
-39.757784
-39.757943
-39.758103
-39.758263
-39.758425
-39.758587
-39.758751
-39.758915
-39.75908
-39.759246
-39.759413
-39.75958
-39.759748
-39.759917
-39.760086
-39.760256
-39.760426
-39.760597
-39.760769
-39.760942
-39.761115
-39.761288
-39.761463
-39.761637
-39.761813
-39.761988
-39.762164
-39.762341
-39.762517
-39.762694
-39.762872
-39.763049
-39.763227
-39.763405
-39.763583
-39.763761
-39.763939
-39.764118
-39.764296
-39.764475
-39.764654
-39.764833
-39.765013
-39.765192
-39.765372
-39.765551
-39.765731
-39.765911
-39.766092
-39.766272
-39.766452
-39.766633
-39.766813
-39.766994
-39.767174
-39.767354
-39.767534
-39.767715
-39.767895
-39.768075
-39.768255
-39.768435
-39.768615
-39.768795
-39.768975
-39.769155
-39.769335
-39.769515
-39.769694
-39.769873
-39.770053
-39.770232
-39.770411
-39.770589
-39.770767
-39.770945
-39.771122
-39.771299
-39.771476
-39.771652
-39.771829
-39.772005
-39.77218
-39.772356
-39.772531
-39.772706
-39.772881
-39.773056
-39.773231
-39.773405
-39.773579
-39.773753
-39.773926
-39.774099
-39.774271
-39.774443
-39.774614
-39.774785
-39.774954
-39.775123
-39.775291
-39.775458
-39.775624
-39.77579
-39.775955
-39.776119
-39.776283
-39.776447
-39.776611
-39.776774
-39.776937
-39.7771
-39.777263
-39.777426
-39.777588
-39.77775
-39.777912
-39.778072
-39.778231
-39.778389
-39.778544
-39.778699
-39.778851
-39.779002
-39.779152
-39.7793
-39.779447
-39.779592
-39.779736
-39.77988
-39.780023
-39.780166
-39.780308
-39.780451
-39.780593
-39.780737
-39.78088
-39.781025
-39.781169
-39.781313
-39.781457
-39.7816
-39.781741
-39.78188
-39.782016
-39.782148
-39.782278
-39.782401
-39.782521
-39.782636
-39.782747
-39.782853
-39.782956
-39.783054
-39.78315
-39.783244
-39.783336
-39.783427
-39.783518
-39.783612
-39.783708
-39.783807
-39.78391
-39.784016
-39.784125
-39.784238
-39.784355
-39.784475
-39.784598
-39.784722
-39.784846
-39.784969
-39.78509
-39.785208
-39.785321
-39.785426
-39.785524
-39.785612
-39.78569
-39.785757
-39.785814
-39.785861
-39.785897
-39.785924
-39.785942
-39.785954
-39.78596
-39.785962
-39.785963
-39.785963
-39.785964
-39.785968
-39.785974
-39.785985
-39.786002
-39.786024
-39.786051
-39.786083
-39.786121
-39.786162
-39.786208
-39.786255
-39.786303
-39.78635
-39.786394
-39.786433
-39.786467
-39.786493
-39.786508
-39.786512
-39.786502
-39.786478
-39.78644
-39.786387
-39.78632
-39.786239
-39.786146
-39.786042
-39.78593
-39.785813
-39.785691
-39.785569
-39.785446
-39.785326
-39.78521
-39.785099
-39.784993
-39.784895
-39.7848
-39.784712
-39.784627
-39.784545
-39.784465
-39.784385
-39.784305
-39.784221
-39.784134
-39.784041
-39.783943
-39.783836
-39.783722
-39.783601
-39.783472
-39.783338
-39.783199
-39.783058
-39.782919
-39.782784
-39.78266
-39.782549
-39.782459
-39.782394
-39.782361
-39.782366
-39.782415
-39.782514
-39.782671
-39.782892
-39.783184
-39.783554
-39.784012
-39.784564
-39.78522
-39.785987
-39.786877
-39.787897
-39.789056
-39.790364
-39.791827
-39.793454
-39.795248
-39.797214
-39.799351
-39.801659
-39.804132
-39.806762
-39.809538
-39.812446
-39.81547
-39.818591
-39.821791
-39.825049
-39.828347
-39.831668
-39.834999
-39.838333
-39.841666
-39.845004
-39.84836
-39.85176
-39.85524
-39.858855
-39.862678
-39.866831
-39.87152
-39.876777
-39.88238
-39.894757
-39.898224
-39.918822
-39.939269
-39.976799
-40.030378
-40.087449
-40.147081
-39.993502
-39.541983
-39.738583
-39.738583
-39.738585
-39.73859
-39.738597
-39.738605
-39.738617
-39.738634
-39.738655
-39.73868
-39.73871
-39.738745
-39.738785
-39.738829
-39.738876
-39.738928
-39.738984
-39.739042
-39.739103
-39.739166
-39.739229
-39.739293
-39.739356
-39.739417
-39.739476
-39.739531
-39.739583
-39.739631
-39.739674
-39.739715
-39.739752
-39.739787
-39.739821
-39.739855
-39.739889
-39.739923
-39.73996
-39.739999
-39.740041
-39.740087
-39.740136
-39.74019
-39.74025
-39.740314
-39.740385
-39.740462
-39.740546
-39.740637
-39.740734
-39.740838
-39.740949
-39.741065
-39.741186
-39.741312
-39.741442
-39.741574
-39.74171
-39.741847
-39.741985
-39.742123
-39.74226
-39.742395
-39.742526
-39.742652
-39.742771
-39.742881
-39.742983
-39.743074
-39.743155
-39.743226
-39.743289
-39.743345
-39.743396
-39.743445
-39.743493
-39.743543
-39.743597
-39.743658
-39.743725
-39.7438
-39.743884
-39.743978
-39.744082
-39.744194
-39.744316
-39.744446
-39.744585
-39.744731
-39.744885
-39.745045
-39.745211
-39.745382
-39.745557
-39.745735
-39.745916
-39.746097
-39.746278
-39.746458
-39.746634
-39.746806
-39.746972
-39.747132
-39.747286
-39.747433
-39.747573
-39.747706
-39.747833
-39.747955
-39.748073
-39.748187
-39.7483
-39.748411
-39.748522
-39.748634
-39.748747
-39.748863
-39.748982
-39.749104
-39.74923
-39.749358
-39.749491
-39.749626
-39.749766
-39.749909
-39.750055
-39.750204
-39.750356
-39.750511
-39.750667
-39.750825
-39.750984
-39.751145
-39.751305
-39.751467
-39.751628
-39.751789
-39.75195
-39.75211
-39.752271
-39.75243
-39.752589
-39.752748
-39.752906
-39.753063
-39.75322
-39.753378
-39.753535
-39.753691
-39.753848
-39.754005
-39.754162
-39.754319
-39.754476
-39.754633
-39.754791
-39.754949
-39.755106
-39.755264
-39.755423
-39.755581
-39.755738
-39.755896
-39.756053
-39.75621
-39.756368
-39.756525
-39.756682
-39.756839
-39.756996
-39.757154
-39.757311
-39.757469
-39.757627
-39.757786
-39.757945
-39.758105
-39.758266
-39.758427
-39.75859
-39.758753
-39.758918
-39.759083
-39.759249
-39.759415
-39.759583
-39.759751
-39.759919
-39.760089
-39.760258
-39.760429
-39.7606
-39.760771
-39.760944
-39.761117
-39.76129
-39.761464
-39.761639
-39.761814
-39.76199
-39.762166
-39.762342
-39.762519
-39.762696
-39.762873
-39.76305
-39.763228
-39.763406
-39.763584
-39.763762
-39.76394
-39.764119
-39.764297
-39.764476
-39.764655
-39.764834
-39.765013
-39.765193
-39.765372
-39.765552
-39.765732
-39.765912
-39.766092
-39.766272
-39.766453
-39.766633
-39.766813
-39.766994
-39.767174
-39.767354
-39.767535
-39.767715
-39.767895
-39.768075
-39.768255
-39.768435
-39.768615
-39.768795
-39.768975
-39.769155
-39.769334
-39.769514
-39.769693
-39.769873
-39.770052
-39.770231
-39.77041
-39.770588
-39.770766
-39.770944
-39.771121
-39.771298
-39.771475
-39.771651
-39.771827
-39.772003
-39.772179
-39.772355
-39.77253
-39.772705
-39.77288
-39.773054
-39.773229
-39.773403
-39.773577
-39.773751
-39.773924
-39.774097
-39.774269
-39.77444
-39.774611
-39.774782
-39.774951
-39.77512
-39.775288
-39.775455
-39.775621
-39.775787
-39.775952
-39.776116
-39.77628
-39.776444
-39.776607
-39.77677
-39.776934
-39.777097
-39.777259
-39.777422
-39.777584
-39.777746
-39.777907
-39.778067
-39.778226
-39.778383
-39.778539
-39.778693
-39.778846
-39.778997
-39.779146
-39.779294
-39.779441
-39.779587
-39.779732
-39.779876
-39.780019
-39.780161
-39.780304
-39.780447
-39.780589
-39.780732
-39.780876
-39.781019
-39.781163
-39.781307
-39.78145
-39.781592
-39.781733
-39.781871
-39.782007
-39.782139
-39.782267
-39.782391
-39.782511
-39.782626
-39.782737
-39.782844
-39.782947
-39.783046
-39.783143
-39.783238
-39.78333
-39.783422
-39.783515
-39.783609
-39.783706
-39.783805
-39.783908
-39.784013
-39.784123
-39.784235
-39.784351
-39.78447
-39.784591
-39.784714
-39.784836
-39.784957
-39.785077
-39.785193
-39.785304
-39.785408
-39.785504
-39.785591
-39.785668
-39.785735
-39.785793
-39.78584
-39.785877
-39.785905
-39.785925
-39.785938
-39.785946
-39.785951
-39.785953
-39.785956
-39.785958
-39.785963
-39.785971
-39.785983
-39.786
-39.786021
-39.786048
-39.78608
-39.786116
-39.786157
-39.7862
-39.786246
-39.786291
-39.786336
-39.786378
-39.786415
-39.786447
-39.786471
-39.786484
-39.786487
-39.786476
-39.786452
-39.786415
-39.786363
-39.786297
-39.786218
-39.786128
-39.786027
-39.785918
-39.785804
-39.785686
-39.785567
-39.785448
-39.78533
-39.785217
-39.785109
-39.785005
-39.784908
-39.784815
-39.784727
-39.784643
-39.784562
-39.784483
-39.784404
-39.784324
-39.784242
-39.784156
-39.784065
-39.783969
-39.783866
-39.783756
-39.783639
-39.783516
-39.783389
-39.783257
-39.783125
-39.782995
-39.78287
-39.782756
-39.782657
-39.782578
-39.782525
-39.782503
-39.78252
-39.78258
-39.78269
-39.782857
-39.783088
-39.783389
-39.783767
-39.784232
-39.78479
-39.785449
-39.786219
-39.787107
-39.788124
-39.789277
-39.790575
-39.792024
-39.793632
-39.795402
-39.797339
-39.799441
-39.801709
-39.804135
-39.806714
-39.809434
-39.812282
-39.815242
-39.818299
-39.821432
-39.824626
-39.827863
-39.831129
-39.834414
-39.837712
-39.841025
-39.844362
-39.847744
-39.851201
-39.854783
-39.858555
-39.86261
-39.867095
-39.872241
-39.878118
-39.884633
-39.898101
-39.902739
-39.925697
-39.947376
-39.986919
-40.032659
-40.076208
-40.123944
-40.042612
-39.598909
-39.738586
-39.738586
-39.738589
-39.738593
-39.7386
-39.738608
-39.73862
-39.738638
-39.738659
-39.738684
-39.738714
-39.738749
-39.738788
-39.738832
-39.73888
-39.738933
-39.738988
-39.739047
-39.739109
-39.739172
-39.739237
-39.739302
-39.739366
-39.739429
-39.739489
-39.739545
-39.739598
-39.739646
-39.73969
-39.739731
-39.739768
-39.739803
-39.739837
-39.739871
-39.739904
-39.739939
-39.739975
-39.740014
-39.740056
-39.740102
-39.740151
-39.740205
-39.740264
-39.740328
-39.740399
-39.740476
-39.740559
-39.740649
-39.740745
-39.740848
-39.740957
-39.741072
-39.741192
-39.741316
-39.741444
-39.741575
-39.741709
-39.741845
-39.741981
-39.742117
-39.742253
-39.742386
-39.742515
-39.74264
-39.742758
-39.742868
-39.742969
-39.743061
-39.743143
-39.743216
-39.743281
-39.743339
-39.743393
-39.743445
-39.743496
-39.743549
-39.743606
-39.743668
-39.743737
-39.743814
-39.743899
-39.743994
-39.744098
-39.74421
-39.744332
-39.744462
-39.7446
-39.744745
-39.744897
-39.745056
-39.74522
-39.74539
-39.745563
-39.74574
-39.745919
-39.746098
-39.746277
-39.746455
-39.746629
-39.7468
-39.746965
-39.747125
-39.747278
-39.747424
-39.747564
-39.747698
-39.747826
-39.747949
-39.748068
-39.748184
-39.748297
-39.74841
-39.748522
-39.748635
-39.74875
-39.748867
-39.748987
-39.749109
-39.749235
-39.749364
-39.749497
-39.749633
-39.749772
-39.749915
-39.750061
-39.75021
-39.750362
-39.750516
-39.750671
-39.750829
-39.750988
-39.751147
-39.751308
-39.751469
-39.751629
-39.75179
-39.751951
-39.752111
-39.752271
-39.752431
-39.752589
-39.752748
-39.752906
-39.753063
-39.753221
-39.753378
-39.753535
-39.753692
-39.753849
-39.754006
-39.754163
-39.75432
-39.754477
-39.754634
-39.754792
-39.754949
-39.755107
-39.755265
-39.755423
-39.755581
-39.755739
-39.755897
-39.756054
-39.756211
-39.756368
-39.756526
-39.756683
-39.75684
-39.756998
-39.757155
-39.757313
-39.757471
-39.757629
-39.757788
-39.757947
-39.758107
-39.758268
-39.75843
-39.758592
-39.758756
-39.75892
-39.759085
-39.759251
-39.759418
-39.759585
-39.759753
-39.759922
-39.760091
-39.760261
-39.760431
-39.760602
-39.760774
-39.760946
-39.761119
-39.761292
-39.761466
-39.761641
-39.761816
-39.761991
-39.762167
-39.762343
-39.76252
-39.762697
-39.762874
-39.763052
-39.763229
-39.763407
-39.763585
-39.763763
-39.763941
-39.76412
-39.764298
-39.764476
-39.764655
-39.764835
-39.765014
-39.765193
-39.765373
-39.765553
-39.765733
-39.765913
-39.766093
-39.766273
-39.766453
-39.766633
-39.766814
-39.766994
-39.767174
-39.767355
-39.767535
-39.767715
-39.767895
-39.768075
-39.768255
-39.768435
-39.768615
-39.768795
-39.768974
-39.769154
-39.769334
-39.769513
-39.769693
-39.769872
-39.770051
-39.77023
-39.770409
-39.770587
-39.770765
-39.770943
-39.77112
-39.771297
-39.771474
-39.77165
-39.771826
-39.772002
-39.772178
-39.772353
-39.772528
-39.772703
-39.772878
-39.773053
-39.773227
-39.773401
-39.773575
-39.773748
-39.773922
-39.774094
-39.774266
-39.774438
-39.774609
-39.774779
-39.774948
-39.775117
-39.775285
-39.775452
-39.775618
-39.775784
-39.775949
-39.776113
-39.776277
-39.77644
-39.776604
-39.776767
-39.77693
-39.777093
-39.777255
-39.777417
-39.777579
-39.777741
-39.777902
-39.778062
-39.778221
-39.778378
-39.778534
-39.778688
-39.77884
-39.778991
-39.779141
-39.779289
-39.779436
-39.779582
-39.779727
-39.779871
-39.780014
-39.780157
-39.7803
-39.780442
-39.780585
-39.780728
-39.780871
-39.781014
-39.781158
-39.781301
-39.781444
-39.781585
-39.781725
-39.781863
-39.781998
-39.782129
-39.782258
-39.782381
-39.782501
-39.782616
-39.782728
-39.782835
-39.782938
-39.783039
-39.783136
-39.783232
-39.783325
-39.783418
-39.783511
-39.783606
-39.783703
-39.783803
-39.783905
-39.784011
-39.78412
-39.784232
-39.784347
-39.784465
-39.784585
-39.784705
-39.784826
-39.784946
-39.785064
-39.785178
-39.785287
-39.78539
-39.785484
-39.785571
-39.785647
-39.785714
-39.785772
-39.785819
-39.785858
-39.785887
-39.785908
-39.785923
-39.785933
-39.78594
-39.785944
-39.785948
-39.785952
-39.785958
-39.785967
-39.78598
-39.785997
-39.786019
-39.786045
-39.786076
-39.786112
-39.786151
-39.786193
-39.786236
-39.78628
-39.786323
-39.786362
-39.786398
-39.786427
-39.786449
-39.786461
-39.786462
-39.786452
-39.786427
-39.78639
-39.786339
-39.786275
-39.786198
-39.78611
-39.786012
-39.785907
-39.785796
-39.785682
-39.785566
-39.785449
-39.785335
-39.785224
-39.785118
-39.785017
-39.784921
-39.784829
-39.784742
-39.784659
-39.784579
-39.7845
-39.784422
-39.784343
-39.784262
-39.784179
-39.784089
-39.783996
-39.783896
-39.78379
-39.783678
-39.783561
-39.78344
-39.783315
-39.783191
-39.78307
-39.782955
-39.782851
-39.782763
-39.782695
-39.782654
-39.782643
-39.78267
-39.782742
-39.782862
-39.783039
-39.78328
-39.783589
-39.783975
-39.784446
-39.785009
-39.785672
-39.786443
-39.787331
-39.788344
-39.78949
-39.790777
-39.792212
-39.793801
-39.795547
-39.797454
-39.799522
-39.801749
-39.80413
-39.806658
-39.809323
-39.812111
-39.81501
-39.818002
-39.821071
-39.824202
-39.827378
-39.830589
-39.833827
-39.83709
-39.840382
-39.843718
-39.847122
-39.850635
-39.854314
-39.858239
-39.862521
-39.86733
-39.872923
-39.879406
-39.886832
-39.901321
-39.907119
-39.932468
-39.955156
-39.99639
-40.031328
-40.051493
-40.057675
-40.070249
-39.680602
-39.73859
-39.73859
-39.738592
-39.738597
-39.738603
-39.738612
-39.738624
-39.738641
-39.738662
-39.738687
-39.738717
-39.738752
-39.738792
-39.738836
-39.738884
-39.738937
-39.738993
-39.739052
-39.739115
-39.739179
-39.739245
-39.739311
-39.739377
-39.73944
-39.739501
-39.739559
-39.739612
-39.739662
-39.739706
-39.739747
-39.739785
-39.73982
-39.739853
-39.739886
-39.73992
-39.739954
-39.73999
-39.740029
-39.740071
-39.740116
-39.740165
-39.740219
-39.740278
-39.740342
-39.740412
-39.740489
-39.740571
-39.74066
-39.740756
-39.740858
-39.740966
-39.741079
-39.741198
-39.74132
-39.741447
-39.741577
-39.741709
-39.741842
-39.741977
-39.742112
-39.742246
-39.742377
-39.742505
-39.742629
-39.742746
-39.742855
-39.742956
-39.743049
-39.743132
-39.743206
-39.743273
-39.743334
-39.743391
-39.743445
-39.743499
-39.743554
-39.743614
-39.743678
-39.743749
-39.743827
-39.743914
-39.744009
-39.744113
-39.744226
-39.744347
-39.744477
-39.744614
-39.744758
-39.74491
-39.745067
-39.74523
-39.745398
-39.745569
-39.745744
-39.745921
-39.746099
-39.746276
-39.746452
-39.746625
-39.746794
-39.746959
-39.747117
-39.74727
-39.747416
-39.747556
-39.747691
-39.747819
-39.747944
-39.748064
-39.74818
-39.748295
-39.748409
-39.748522
-39.748637
-39.748753
-39.74887
-39.748991
-39.749114
-39.74924
-39.74937
-39.749503
-39.749639
-39.749778
-39.749921
-39.750067
-39.750215
-39.750367
-39.75052
-39.750676
-39.750833
-39.750991
-39.75115
-39.75131
-39.751471
-39.751631
-39.751792
-39.751952
-39.752112
-39.752272
-39.752431
-39.75259
-39.752748
-39.752906
-39.753063
-39.753221
-39.753378
-39.753535
-39.753692
-39.753849
-39.754006
-39.754163
-39.75432
-39.754477
-39.754635
-39.754792
-39.75495
-39.755108
-39.755266
-39.755424
-39.755582
-39.75574
-39.755897
-39.756054
-39.756212
-39.756369
-39.756526
-39.756684
-39.756841
-39.756999
-39.757157
-39.757314
-39.757472
-39.757631
-39.75779
-39.757949
-39.758109
-39.75827
-39.758432
-39.758595
-39.758758
-39.758923
-39.759088
-39.759254
-39.75942
-39.759588
-39.759756
-39.759924
-39.760093
-39.760263
-39.760433
-39.760604
-39.760776
-39.760948
-39.761121
-39.761294
-39.761468
-39.761642
-39.761818
-39.761993
-39.762169
-39.762345
-39.762521
-39.762698
-39.762875
-39.763053
-39.76323
-39.763408
-39.763586
-39.763764
-39.763942
-39.76412
-39.764299
-39.764477
-39.764656
-39.764835
-39.765015
-39.765194
-39.765374
-39.765553
-39.765733
-39.765913
-39.766093
-39.766273
-39.766453
-39.766634
-39.766814
-39.766994
-39.767175
-39.767355
-39.767535
-39.767715
-39.767895
-39.768075
-39.768255
-39.768435
-39.768615
-39.768795
-39.768974
-39.769154
-39.769333
-39.769513
-39.769692
-39.769871
-39.770051
-39.77023
-39.770408
-39.770586
-39.770764
-39.770942
-39.771119
-39.771296
-39.771472
-39.771649
-39.771825
-39.772001
-39.772177
-39.772352
-39.772527
-39.772702
-39.772877
-39.773051
-39.773225
-39.773399
-39.773573
-39.773746
-39.773919
-39.774092
-39.774264
-39.774435
-39.774606
-39.774776
-39.774945
-39.775114
-39.775282
-39.775449
-39.775615
-39.775781
-39.775945
-39.77611
-39.776273
-39.776437
-39.7766
-39.776763
-39.776926
-39.777089
-39.777251
-39.777413
-39.777575
-39.777736
-39.777897
-39.778057
-39.778215
-39.778373
-39.778528
-39.778682
-39.778835
-39.778986
-39.779136
-39.779284
-39.779431
-39.779577
-39.779722
-39.779867
-39.78001
-39.780153
-39.780296
-39.780438
-39.780581
-39.780723
-39.780866
-39.781009
-39.781152
-39.781295
-39.781437
-39.781578
-39.781717
-39.781855
-39.781989
-39.78212
-39.782248
-39.782371
-39.782491
-39.782606
-39.782718
-39.782826
-39.78293
-39.783031
-39.783129
-39.783225
-39.78332
-39.783413
-39.783507
-39.783602
-39.7837
-39.7838
-39.783903
-39.784009
-39.784117
-39.784228
-39.784343
-39.78446
-39.784578
-39.784697
-39.784816
-39.784934
-39.785051
-39.785163
-39.785271
-39.785372
-39.785465
-39.785551
-39.785627
-39.785694
-39.785751
-39.785799
-39.785839
-39.785869
-39.785892
-39.785909
-39.78592
-39.785928
-39.785934
-39.78594
-39.785946
-39.785953
-39.785963
-39.785976
-39.785994
-39.786016
-39.786042
-39.786073
-39.786107
-39.786145
-39.786185
-39.786227
-39.786268
-39.786309
-39.786347
-39.78638
-39.786408
-39.786428
-39.786439
-39.786439
-39.786427
-39.786403
-39.786366
-39.786317
-39.786253
-39.786179
-39.786093
-39.785998
-39.785896
-39.785788
-39.785677
-39.785564
-39.785451
-39.785339
-39.785231
-39.785128
-39.785028
-39.784933
-39.784843
-39.784757
-39.784675
-39.784596
-39.784518
-39.784441
-39.784363
-39.784283
-39.784201
-39.784114
-39.784023
-39.783927
-39.783824
-39.783718
-39.783606
-39.783491
-39.783374
-39.783257
-39.783145
-39.78304
-39.782946
-39.782868
-39.78281
-39.78278
-39.782781
-39.782819
-39.7829
-39.783031
-39.783218
-39.783467
-39.783785
-39.784178
-39.784655
-39.785223
-39.785889
-39.78666
-39.787547
-39.788555
-39.789694
-39.79097
-39.79239
-39.79396
-39.795682
-39.79756
-39.799594
-39.801781
-39.804117
-39.806595
-39.809205
-39.811935
-39.814772
-39.817701
-39.820706
-39.823774
-39.826891
-39.830048
-39.83324
-39.836466
-39.839736
-39.843069
-39.846494
-39.85006
-39.853832
-39.857903
-39.862404
-39.867527
-39.873554
-39.880628
-39.88896
-39.9044
-39.911328
-39.939137
-39.962715
-40.005903
-40.031175
-40.029246
-40.047664
-39.287365
-31.14306
-39.738593
-39.738593
-39.738595
-39.7386
-39.738606
-39.738615
-39.738628
-39.738644
-39.738665
-39.73869
-39.738721
-39.738756
-39.738795
-39.738839
-39.738888
-39.738941
-39.738997
-39.739058
-39.739121
-39.739186
-39.739253
-39.73932
-39.739387
-39.739452
-39.739515
-39.739573
-39.739628
-39.739678
-39.739723
-39.739764
-39.739801
-39.739836
-39.73987
-39.739902
-39.739935
-39.739969
-39.740005
-39.740044
-39.740085
-39.74013
-39.740179
-39.740233
-39.740292
-39.740356
-39.740425
-39.740501
-39.740583
-39.740672
-39.740766
-39.740867
-39.740974
-39.741086
-39.741203
-39.741324
-39.741449
-39.741578
-39.741708
-39.74184
-39.741974
-39.742107
-39.742239
-39.742369
-39.742496
-39.742618
-39.742734
-39.742843
-39.742944
-39.743037
-39.743121
-39.743197
-39.743266
-39.743329
-39.743388
-39.743445
-39.743501
-39.74356
-39.743621
-39.743688
-39.74376
-39.74384
-39.743928
-39.744024
-39.744128
-39.744241
-39.744362
-39.744491
-39.744628
-39.744771
-39.744922
-39.745078
-39.745239
-39.745406
-39.745576
-39.745749
-39.745924
-39.7461
-39.746276
-39.74645
-39.746621
-39.746789
-39.746952
-39.74711
-39.747262
-39.747409
-39.747549
-39.747684
-39.747813
-39.747938
-39.748059
-39.748177
-39.748293
-39.748408
-39.748523
-39.748638
-39.748755
-39.748874
-39.748995
-39.749119
-39.749246
-39.749375
-39.749508
-39.749645
-39.749784
-39.749927
-39.750072
-39.750221
-39.750372
-39.750525
-39.75068
-39.750836
-39.750994
-39.751153
-39.751313
-39.751473
-39.751633
-39.751793
-39.751953
-39.752113
-39.752272
-39.752431
-39.75259
-39.752748
-39.752906
-39.753063
-39.753221
-39.753378
-39.753535
-39.753693
-39.75385
-39.754007
-39.754164
-39.754321
-39.754478
-39.754635
-39.754793
-39.754951
-39.755108
-39.755266
-39.755424
-39.755582
-39.75574
-39.755898
-39.756055
-39.756213
-39.75637
-39.756527
-39.756685
-39.756842
-39.757
-39.757158
-39.757316
-39.757474
-39.757633
-39.757792
-39.757951
-39.758112
-39.758273
-39.758434
-39.758597
-39.758761
-39.758925
-39.75909
-39.759256
-39.759423
-39.75959
-39.759758
-39.759926
-39.760096
-39.760265
-39.760435
-39.760606
-39.760778
-39.76095
-39.761123
-39.761296
-39.76147
-39.761644
-39.761819
-39.761995
-39.76217
-39.762346
-39.762523
-39.7627
-39.762877
-39.763054
-39.763231
-39.763409
-39.763587
-39.763765
-39.763943
-39.764121
-39.7643
-39.764478
-39.764657
-39.764836
-39.765015
-39.765195
-39.765374
-39.765554
-39.765734
-39.765914
-39.766094
-39.766274
-39.766454
-39.766634
-39.766814
-39.766994
-39.767175
-39.767355
-39.767535
-39.767715
-39.767895
-39.768075
-39.768255
-39.768435
-39.768615
-39.768794
-39.768974
-39.769154
-39.769333
-39.769512
-39.769692
-39.769871
-39.77005
-39.770229
-39.770407
-39.770585
-39.770763
-39.770941
-39.771118
-39.771295
-39.771471
-39.771648
-39.771824
-39.772
-39.772175
-39.772351
-39.772526
-39.772701
-39.772875
-39.773049
-39.773224
-39.773398
-39.773571
-39.773744
-39.773917
-39.77409
-39.774261
-39.774433
-39.774603
-39.774773
-39.774943
-39.775111
-39.775279
-39.775446
-39.775612
-39.775777
-39.775942
-39.776106
-39.77627
-39.776434
-39.776597
-39.77676
-39.776923
-39.777085
-39.777247
-39.777409
-39.777571
-39.777732
-39.777892
-39.778052
-39.778211
-39.778368
-39.778523
-39.778677
-39.77883
-39.778981
-39.779131
-39.779279
-39.779426
-39.779573
-39.779718
-39.779862
-39.780006
-39.780149
-39.780291
-39.780434
-39.780576
-39.780719
-39.780861
-39.781004
-39.781147
-39.781289
-39.781431
-39.781571
-39.78171
-39.781847
-39.781981
-39.782111
-39.782239
-39.782362
-39.782482
-39.782597
-39.782709
-39.782817
-39.782922
-39.783024
-39.783123
-39.783219
-39.783314
-39.783409
-39.783503
-39.783599
-39.783697
-39.783798
-39.7839
-39.784006
-39.784114
-39.784225
-39.784338
-39.784454
-39.784571
-39.784689
-39.784807
-39.784923
-39.785038
-39.785149
-39.785255
-39.785355
-39.785447
-39.785532
-39.785607
-39.785674
-39.785731
-39.78578
-39.78582
-39.785852
-39.785876
-39.785894
-39.785908
-39.785917
-39.785925
-39.785932
-39.785939
-39.785948
-39.785959
-39.785973
-39.785991
-39.786013
-39.786039
-39.786068
-39.786102
-39.786138
-39.786177
-39.786217
-39.786257
-39.786296
-39.786332
-39.786363
-39.786389
-39.786408
-39.786417
-39.786416
-39.786404
-39.78638
-39.786344
-39.786295
-39.786233
-39.78616
-39.786077
-39.785984
-39.785885
-39.78578
-39.785672
-39.785562
-39.785452
-39.785344
-39.785238
-39.785136
-39.785038
-39.784946
-39.784856
-39.784772
-39.784691
-39.784612
-39.784535
-39.784459
-39.784383
-39.784304
-39.784224
-39.784139
-39.784051
-39.783957
-39.783859
-39.783757
-39.783651
-39.783542
-39.783432
-39.783324
-39.78322
-39.783124
-39.783039
-39.782972
-39.782925
-39.782905
-39.782916
-39.782964
-39.783056
-39.783197
-39.783393
-39.783651
-39.783976
-39.784376
-39.784859
-39.78543
-39.786099
-39.786871
-39.787755
-39.78876
-39.78989
-39.791156
-39.79256
-39.79411
-39.795809
-39.797657
-39.799657
-39.801804
-39.804096
-39.806524
-39.809081
-39.811753
-39.81453
-39.817396
-39.820338
-39.823344
-39.826402
-39.829505
-39.83265
-39.835839
-39.839087
-39.842414
-39.845858
-39.849471
-39.853332
-39.857544
-39.862254
-39.86768
-39.874124
-39.881773
-39.890998
-39.907314
-39.915334
-39.945711
-39.970124
-40.01613
-40.037896
-40.027128
-40.034338
-40.224327
63.05681
-39.738596
-39.738596
-39.738598
-39.738602
-39.738609
-39.738618
-39.738631
-39.738648
-39.738668
-39.738694
-39.738724
-39.738759
-39.738799
-39.738843
-39.738892
-39.738945
-39.739002
-39.739063
-39.739127
-39.739193
-39.739261
-39.73933
-39.739398
-39.739465
-39.739528
-39.739588
-39.739643
-39.739694
-39.73974
-39.739781
-39.739818
-39.739853
-39.739886
-39.739918
-39.739951
-39.739985
-39.74002
-39.740058
-39.7401
-39.740144
-39.740193
-39.740247
-39.740305
-39.740369
-39.740438
-39.740513
-39.740595
-39.740682
-39.740776
-39.740876
-39.740982
-39.741093
-39.741208
-39.741328
-39.741452
-39.741578
-39.741708
-39.741838
-39.74197
-39.742102
-39.742232
-39.742361
-39.742486
-39.742607
-39.742723
-39.742831
-39.742933
-39.743026
-39.743111
-39.743188
-39.743259
-39.743324
-39.743386
-39.743445
-39.743504
-39.743565
-39.743628
-39.743697
-39.743771
-39.743852
-39.743941
-39.744038
-39.744143
-39.744256
-39.744377
-39.744505
-39.744641
-39.744784
-39.744933
-39.745088
-39.745248
-39.745413
-39.745582
-39.745753
-39.745927
-39.746101
-39.746275
-39.746448
-39.746618
-39.746784
-39.746946
-39.747104
-39.747255
-39.747401
-39.747542
-39.747677
-39.747807
-39.747933
-39.748055
-39.748174
-39.748291
-39.748407
-39.748523
-39.74864
-39.748757
-39.748877
-39.748999
-39.749123
-39.749251
-39.749381
-39.749514
-39.74965
-39.74979
-39.749932
-39.750078
-39.750226
-39.750377
-39.750529
-39.750684
-39.75084
-39.750998
-39.751156
-39.751315
-39.751475
-39.751634
-39.751794
-39.751954
-39.752114
-39.752273
-39.752432
-39.75259
-39.752748
-39.752906
-39.753064
-39.753221
-39.753378
-39.753536
-39.753693
-39.75385
-39.754007
-39.754164
-39.754322
-39.754479
-39.754636
-39.754794
-39.754951
-39.755109
-39.755267
-39.755425
-39.755583
-39.755741
-39.755898
-39.756056
-39.756213
-39.756371
-39.756528
-39.756686
-39.756843
-39.757001
-39.757159
-39.757317
-39.757476
-39.757634
-39.757793
-39.757953
-39.758114
-39.758275
-39.758437
-39.758599
-39.758763
-39.758928
-39.759093
-39.759259
-39.759425
-39.759592
-39.75976
-39.759929
-39.760098
-39.760267
-39.760438
-39.760609
-39.76078
-39.760952
-39.761125
-39.761298
-39.761472
-39.761646
-39.761821
-39.761996
-39.762172
-39.762348
-39.762524
-39.762701
-39.762878
-39.763055
-39.763233
-39.76341
-39.763588
-39.763766
-39.763944
-39.764122
-39.7643
-39.764479
-39.764658
-39.764837
-39.765016
-39.765196
-39.765375
-39.765555
-39.765734
-39.765914
-39.766094
-39.766274
-39.766454
-39.766634
-39.766814
-39.766995
-39.767175
-39.767355
-39.767535
-39.767715
-39.767895
-39.768075
-39.768255
-39.768435
-39.768614
-39.768794
-39.768974
-39.769153
-39.769333
-39.769512
-39.769691
-39.76987
-39.770049
-39.770228
-39.770406
-39.770584
-39.770762
-39.77094
-39.771117
-39.771294
-39.77147
-39.771647
-39.771823
-39.771999
-39.772174
-39.772349
-39.772524
-39.772699
-39.772874
-39.773048
-39.773222
-39.773396
-39.773569
-39.773742
-39.773915
-39.774087
-39.774259
-39.77443
-39.774601
-39.774771
-39.77494
-39.775108
-39.775276
-39.775443
-39.775609
-39.775774
-39.775939
-39.776103
-39.776267
-39.77643
-39.776594
-39.776756
-39.776919
-39.777081
-39.777243
-39.777405
-39.777567
-39.777727
-39.777888
-39.778047
-39.778206
-39.778363
-39.778518
-39.778672
-39.778825
-39.778976
-39.779126
-39.779274
-39.779422
-39.779568
-39.779713
-39.779858
-39.780001
-39.780144
-39.780287
-39.78043
-39.780572
-39.780714
-39.780857
-39.780999
-39.781141
-39.781283
-39.781424
-39.781564
-39.781703
-39.781839
-39.781972
-39.782102
-39.78223
-39.782352
-39.782473
-39.782588
-39.782701
-39.782809
-39.782914
-39.783016
-39.783116
-39.783213
-39.783309
-39.783404
-39.783499
-39.783596
-39.783694
-39.783795
-39.783898
-39.784003
-39.784111
-39.784221
-39.784334
-39.784449
-39.784565
-39.784681
-39.784797
-39.784912
-39.785025
-39.785135
-39.785239
-39.785338
-39.785429
-39.785513
-39.785588
-39.785654
-39.785712
-39.785761
-39.785802
-39.785835
-39.78586
-39.78588
-39.785895
-39.785906
-39.785916
-39.785924
-39.785933
-39.785942
-39.785954
-39.785969
-39.785988
-39.786009
-39.786035
-39.786064
-39.786097
-39.786132
-39.786169
-39.786208
-39.786246
-39.786283
-39.786317
-39.786347
-39.786371
-39.786388
-39.786396
-39.786394
-39.786382
-39.786357
-39.786321
-39.786273
-39.786213
-39.786142
-39.786061
-39.785971
-39.785875
-39.785773
-39.785668
-39.785561
-39.785453
-39.785348
-39.785244
-39.785145
-39.785049
-39.784958
-39.78487
-39.784786
-39.784706
-39.784629
-39.784553
-39.784478
-39.784402
-39.784326
-39.784247
-39.784164
-39.784079
-39.783989
-39.783894
-39.783797
-39.783696
-39.783594
-39.783491
-39.783389
-39.783294
-39.783207
-39.783132
-39.783074
-39.783037
-39.783027
-39.783049
-39.783107
-39.783209
-39.783359
-39.783564
-39.78383
-39.784163
-39.784569
-39.785057
-39.785632
-39.786303
-39.787075
-39.787957
-39.788956
-39.790079
-39.791333
-39.792722
-39.794252
-39.795926
-39.797746
-39.799711
-39.80182
-39.804067
-39.806447
-39.80895
-39.811565
-39.814282
-39.817087
-39.819967
-39.822912
-39.825911
-39.828959
-39.832057
-39.835209
-39.838432
-39.841752
-39.84521
-39.848868
-39.852811
-39.857155
-39.862066
-39.86778
-39.874624
-39.882828
-39.892928
-39.910034
-39.919099
-39.952196
-39.977368
-40.027401
-40.052804
-40.046644
-40.018429
-40.567889
189.47117
-39.738598
-39.738599
-39.738601
-39.738605
-39.738612
-39.738621
-39.738634
-39.738651
-39.738671
-39.738697
-39.738727
-39.738762
-39.738802
-39.738846
-39.738895
-39.738949
-39.739007
-39.739068
-39.739133
-39.7392
-39.73927
-39.73934
-39.739409
-39.739477
-39.739542
-39.739603
-39.739659
-39.739711
-39.739757
-39.739798
-39.739835
-39.73987
-39.739902
-39.739934
-39.739966
-39.74
-39.740035
-39.740073
-39.740114
-39.740158
-39.740207
-39.74026
-39.740318
-39.740381
-39.74045
-39.740525
-39.740606
-39.740693
-39.740786
-39.740885
-39.740989
-39.741099
-39.741213
-39.741332
-39.741454
-39.741579
-39.741707
-39.741836
-39.741966
-39.742097
-39.742226
-39.742353
-39.742477
-39.742597
-39.742712
-39.74282
-39.742922
-39.743015
-39.743101
-39.74318
-39.743253
-39.74332
-39.743384
-39.743445
-39.743507
-39.743569
-39.743635
-39.743706
-39.743782
-39.743864
-39.743954
-39.744051
-39.744157
-39.74427
-39.744391
-39.744519
-39.744654
-39.744796
-39.744944
-39.745098
-39.745257
-39.74542
-39.745588
-39.745757
-39.745929
-39.746102
-39.746275
-39.746446
-39.746614
-39.74678
-39.746941
-39.747097
-39.747249
-39.747394
-39.747535
-39.74767
-39.747801
-39.747928
-39.748051
-39.748171
-39.748289
-39.748406
-39.748523
-39.748641
-39.748759
-39.74888
-39.749002
-39.749128
-39.749255
-39.749386
-39.749519
-39.749656
-39.749795
-39.749938
-39.750083
-39.750231
-39.750381
-39.750534
-39.750688
-39.750844
-39.751001
-39.751159
-39.751317
-39.751477
-39.751636
-39.751796
-39.751955
-39.752115
-39.752274
-39.752432
-39.752591
-39.752749
-39.752906
-39.753064
-39.753221
-39.753379
-39.753536
-39.753693
-39.753851
-39.754008
-39.754165
-39.754322
-39.754479
-39.754637
-39.754794
-39.754952
-39.75511
-39.755268
-39.755426
-39.755584
-39.755741
-39.755899
-39.756057
-39.756214
-39.756371
-39.756529
-39.756687
-39.756845
-39.757003
-39.757161
-39.757319
-39.757477
-39.757636
-39.757795
-39.757955
-39.758116
-39.758277
-39.758439
-39.758602
-39.758765
-39.75893
-39.759095
-39.759261
-39.759428
-39.759595
-39.759763
-39.759931
-39.7601
-39.76027
-39.76044
-39.760611
-39.760782
-39.760954
-39.761127
-39.7613
-39.761473
-39.761648
-39.761822
-39.761998
-39.762173
-39.762349
-39.762525
-39.762702
-39.762879
-39.763056
-39.763234
-39.763411
-39.763589
-39.763767
-39.763945
-39.764123
-39.764301
-39.76448
-39.764659
-39.764838
-39.765017
-39.765196
-39.765376
-39.765555
-39.765735
-39.765915
-39.766095
-39.766275
-39.766455
-39.766635
-39.766815
-39.766995
-39.767175
-39.767355
-39.767535
-39.767715
-39.767895
-39.768075
-39.768255
-39.768435
-39.768614
-39.768794
-39.768973
-39.769153
-39.769332
-39.769512
-39.769691
-39.76987
-39.770049
-39.770227
-39.770406
-39.770584
-39.770761
-39.770939
-39.771116
-39.771293
-39.771469
-39.771645
-39.771822
-39.771997
-39.772173
-39.772348
-39.772523
-39.772698
-39.772872
-39.773046
-39.77322
-39.773394
-39.773567
-39.773741
-39.773913
-39.774085
-39.774257
-39.774428
-39.774598
-39.774768
-39.774937
-39.775105
-39.775273
-39.77544
-39.775606
-39.775771
-39.775936
-39.7761
-39.776264
-39.776427
-39.77659
-39.776753
-39.776915
-39.777078
-39.777239
-39.777401
-39.777562
-39.777723
-39.777883
-39.778043
-39.778201
-39.778358
-39.778513
-39.778667
-39.77882
-39.778971
-39.779121
-39.779269
-39.779417
-39.779563
-39.779709
-39.779853
-39.779997
-39.78014
-39.780283
-39.780425
-39.780568
-39.78071
-39.780852
-39.780994
-39.781136
-39.781277
-39.781418
-39.781557
-39.781695
-39.781831
-39.781964
-39.782094
-39.782221
-39.782343
-39.782463
-39.782579
-39.782692
-39.782801
-39.782906
-39.783009
-39.783109
-39.783208
-39.783304
-39.783399
-39.783495
-39.783592
-39.783691
-39.783792
-39.783895
-39.784
-39.784107
-39.784217
-39.784329
-39.784443
-39.784558
-39.784673
-39.784788
-39.784901
-39.785013
-39.785121
-39.785224
-39.785321
-39.785412
-39.785495
-39.785569
-39.785636
-39.785693
-39.785743
-39.785784
-39.785818
-39.785845
-39.785866
-39.785883
-39.785896
-39.785906
-39.785916
-39.785926
-39.785937
-39.78595
-39.785965
-39.785984
-39.786006
-39.786031
-39.78606
-39.786091
-39.786125
-39.786161
-39.786198
-39.786235
-39.78627
-39.786303
-39.786331
-39.786353
-39.786368
-39.786375
-39.786373
-39.78636
-39.786336
-39.7863
-39.786253
-39.786194
-39.786125
-39.786046
-39.785959
-39.785865
-39.785766
-39.785663
-39.785559
-39.785455
-39.785351
-39.785251
-39.785153
-39.785059
-39.784969
-39.784883
-39.784801
-39.784722
-39.784645
-39.78457
-39.784496
-39.784422
-39.784347
-39.78427
-39.78419
-39.784107
-39.78402
-39.78393
-39.783837
-39.783741
-39.783645
-39.783549
-39.783455
-39.783368
-39.78329
-39.783224
-39.783175
-39.783148
-39.783148
-39.783179
-39.783247
-39.783359
-39.783518
-39.783731
-39.784005
-39.784345
-39.784758
-39.78525
-39.785829
-39.786501
-39.787273
-39.788152
-39.789146
-39.79026
-39.791502
-39.792875
-39.794386
-39.796035
-39.797826
-39.799757
-39.801827
-39.80403
-39.806362
-39.808812
-39.811372
-39.81403
-39.816773
-39.819592
-39.822476
-39.825417
-39.828411
-39.831461
-39.834574
-39.837771
-39.84108
-39.844551
-39.848248
-39.852266
-39.856734
-39.861833
-39.867821
-39.875045
-39.883783
-39.894729
-39.912527
-39.922566
-39.958615
-39.984353
-40.039618
-40.073101
-40.07596
-40.066152
-40.346686
270.9639
-39.738601
-39.738601
-39.738603
-39.738608
-39.738615
-39.738624
-39.738637
-39.738653
-39.738674
-39.7387
-39.73873
-39.738765
-39.738805
-39.738849
-39.738899
-39.738953
-39.739011
-39.739073
-39.739139
-39.739208
-39.739278
-39.73935
-39.739421
-39.73949
-39.739556
-39.739619
-39.739676
-39.739728
-39.739774
-39.739816
-39.739853
-39.739887
-39.739919
-39.73995
-39.739982
-39.740015
-39.74005
-39.740087
-39.740128
-39.740172
-39.74022
-39.740273
-39.740331
-39.740394
-39.740462
-39.740537
-39.740617
-39.740703
-39.740795
-39.740893
-39.740996
-39.741105
-39.741218
-39.741335
-39.741456
-39.74158
-39.741706
-39.741834
-39.741963
-39.742092
-39.74222
-39.742346
-39.742469
-39.742588
-39.742702
-39.74281
-39.742911
-39.743005
-39.743092
-39.743172
-39.743246
-39.743316
-39.743381
-39.743445
-39.743509
-39.743574
-39.743642
-39.743714
-39.743792
-39.743875
-39.743966
-39.744064
-39.74417
-39.744283
-39.744404
-39.744532
-39.744667
-39.744808
-39.744955
-39.745108
-39.745266
-39.745428
-39.745593
-39.745762
-39.745932
-39.746103
-39.746274
-39.746444
-39.746611
-39.746775
-39.746936
-39.747091
-39.747242
-39.747388
-39.747528
-39.747664
-39.747796
-39.747923
-39.748047
-39.748168
-39.748287
-39.748406
-39.748524
-39.748642
-39.748762
-39.748883
-39.749006
-39.749132
-39.74926
-39.749391
-39.749525
-39.749661
-39.749801
-39.749943
-39.750088
-39.750236
-39.750386
-39.750538
-39.750692
-39.750847
-39.751004
-39.751161
-39.75132
-39.751478
-39.751638
-39.751797
-39.751956
-39.752116
-39.752274
-39.752433
-39.752591
-39.752749
-39.752907
-39.753064
-39.753222
-39.753379
-39.753536
-39.753694
-39.753851
-39.754008
-39.754166
-39.754323
-39.75448
-39.754637
-39.754795
-39.754953
-39.75511
-39.755268
-39.755426
-39.755584
-39.755742
-39.7559
-39.756057
-39.756215
-39.756372
-39.75653
-39.756688
-39.756846
-39.757004
-39.757162
-39.75732
-39.757479
-39.757638
-39.757797
-39.757957
-39.758118
-39.758279
-39.758441
-39.758604
-39.758768
-39.758932
-39.759098
-39.759263
-39.75943
-39.759597
-39.759765
-39.759933
-39.760102
-39.760272
-39.760442
-39.760613
-39.760784
-39.760956
-39.761129
-39.761301
-39.761475
-39.761649
-39.761824
-39.761999
-39.762175
-39.76235
-39.762527
-39.762703
-39.76288
-39.763057
-39.763235
-39.763412
-39.76359
-39.763768
-39.763946
-39.764124
-39.764302
-39.764481
-39.764659
-39.764838
-39.765018
-39.765197
-39.765376
-39.765556
-39.765736
-39.765915
-39.766095
-39.766275
-39.766455
-39.766635
-39.766815
-39.766995
-39.767175
-39.767355
-39.767535
-39.767715
-39.767895
-39.768075
-39.768255
-39.768435
-39.768614
-39.768794
-39.768973
-39.769153
-39.769332
-39.769511
-39.76969
-39.769869
-39.770048
-39.770227
-39.770405
-39.770583
-39.77076
-39.770938
-39.771115
-39.771292
-39.771468
-39.771644
-39.77182
-39.771996
-39.772172
-39.772347
-39.772522
-39.772696
-39.772871
-39.773045
-39.773219
-39.773392
-39.773566
-39.773739
-39.773911
-39.774083
-39.774254
-39.774425
-39.774596
-39.774765
-39.774935
-39.775103
-39.77527
-39.775437
-39.775603
-39.775768
-39.775933
-39.776097
-39.776261
-39.776424
-39.776587
-39.77675
-39.776912
-39.777074
-39.777236
-39.777397
-39.777558
-39.777719
-39.777879
-39.778038
-39.778196
-39.778353
-39.778509
-39.778663
-39.778815
-39.778966
-39.779116
-39.779265
-39.779412
-39.779559
-39.779704
-39.779849
-39.779993
-39.780136
-39.780279
-39.780421
-39.780563
-39.780705
-39.780847
-39.780989
-39.781131
-39.781272
-39.781412
-39.781551
-39.781688
-39.781823
-39.781956
-39.782085
-39.782212
-39.782335
-39.782455
-39.782571
-39.782684
-39.782793
-39.782899
-39.783002
-39.783103
-39.783202
-39.783299
-39.783395
-39.783491
-39.783589
-39.783688
-39.783789
-39.783892
-39.783997
-39.784104
-39.784213
-39.784325
-39.784437
-39.784551
-39.784665
-39.784778
-39.784891
-39.785001
-39.785108
-39.785209
-39.785305
-39.785395
-39.785477
-39.785551
-39.785617
-39.785675
-39.785725
-39.785767
-39.785802
-39.78583
-39.785853
-39.785871
-39.785885
-39.785897
-39.785908
-39.785919
-39.785931
-39.785945
-39.785961
-39.78598
-39.786002
-39.786027
-39.786055
-39.786086
-39.786119
-39.786153
-39.786189
-39.786224
-39.786257
-39.786288
-39.786315
-39.786335
-39.78635
-39.786355
-39.786352
-39.786339
-39.786315
-39.786279
-39.786233
-39.786176
-39.786108
-39.786031
-39.785946
-39.785855
-39.785759
-39.785659
-39.785558
-39.785456
-39.785355
-39.785257
-39.785161
-39.785069
-39.784981
-39.784896
-39.784815
-39.784737
-39.784661
-39.784588
-39.784515
-39.784442
-39.784369
-39.784294
-39.784216
-39.784135
-39.784052
-39.783965
-39.783877
-39.783787
-39.783696
-39.783607
-39.78352
-39.783441
-39.783371
-39.783314
-39.783275
-39.783257
-39.783267
-39.783308
-39.783385
-39.783506
-39.783674
-39.783895
-39.784177
-39.784523
-39.784941
-39.785438
-39.786019
-39.786693
-39.787464
-39.78834
-39.789328
-39.790434
-39.791663
-39.79302
-39.794511
-39.796137
-39.797898
-39.799796
-39.801827
-39.803987
-39.806271
-39.808669
-39.811173
-39.813772
-39.816456
-39.819214
-39.822037
-39.824919
-39.827859
-39.83086
-39.833934
-39.837102
-39.840399
-39.843877
-39.847607
-39.851694
-39.856277
-39.86155
-39.867795
-39.875377
-39.884627
-39.896383
-39.914756
-39.925649
-39.965021
-39.99093
-40.052401
-40.094699
-40.108018
-40.072637
-40.295406
330.39715
-39.738604
-39.738604
-39.738606
-39.73861
-39.738617
-39.738627
-39.738639
-39.738656
-39.738677
-39.738702
-39.738733
-39.738768
-39.738808
-39.738853
-39.738902
-39.738957
-39.739015
-39.739078
-39.739145
-39.739215
-39.739287
-39.73936
-39.739432
-39.739503
-39.739571
-39.739635
-39.739693
-39.739746
-39.739792
-39.739834
-39.739871
-39.739904
-39.739936
-39.739966
-39.739997
-39.74003
-39.740064
-39.740101
-39.740141
-39.740185
-39.740233
-39.740286
-39.740343
-39.740406
-39.740474
-39.740548
-39.740627
-39.740713
-39.740804
-39.740901
-39.741003
-39.741111
-39.741223
-39.741339
-39.741458
-39.741581
-39.741706
-39.741832
-39.74196
-39.742087
-39.742214
-39.742338
-39.742461
-39.742579
-39.742692
-39.7428
-39.742901
-39.742996
-39.743083
-39.743165
-39.743241
-39.743312
-39.74338
-39.743446
-39.743511
-39.743579
-39.743648
-39.743722
-39.743801
-39.743886
-39.743978
-39.744077
-39.744183
-39.744296
-39.744417
-39.744545
-39.744679
-39.744819
-39.744966
-39.745117
-39.745274
-39.745435
-39.745599
-39.745766
-39.745935
-39.746104
-39.746274
-39.746442
-39.746608
-39.746771
-39.746931
-39.747086
-39.747236
-39.747382
-39.747522
-39.747658
-39.74779
-39.747918
-39.748043
-39.748165
-39.748286
-39.748405
-39.748524
-39.748643
-39.748763
-39.748885
-39.749009
-39.749136
-39.749264
-39.749396
-39.74953
-39.749666
-39.749806
-39.749948
-39.750093
-39.750241
-39.750391
-39.750542
-39.750696
-39.750851
-39.751007
-39.751164
-39.751322
-39.75148
-39.751639
-39.751798
-39.751958
-39.752117
-39.752275
-39.752434
-39.752592
-39.752749
-39.752907
-39.753064
-39.753222
-39.753379
-39.753537
-39.753694
-39.753852
-39.754009
-39.754166
-39.754323
-39.754481
-39.754638
-39.754796
-39.754953
-39.755111
-39.755269
-39.755427
-39.755585
-39.755743
-39.7559
-39.756058
-39.756216
-39.756373
-39.756531
-39.756689
-39.756847
-39.757005
-39.757163
-39.757322
-39.75748
-39.757639
-39.757799
-39.757959
-39.75812
-39.758281
-39.758443
-39.758606
-39.75877
-39.758935
-39.7591
-39.759266
-39.759432
-39.759599
-39.759767
-39.759935
-39.760104
-39.760274
-39.760444
-39.760615
-39.760786
-39.760958
-39.76113
-39.761303
-39.761477
-39.761651
-39.761825
-39.762001
-39.762176
-39.762352
-39.762528
-39.762705
-39.762882
-39.763059
-39.763236
-39.763413
-39.763591
-39.763769
-39.763947
-39.764125
-39.764303
-39.764481
-39.76466
-39.764839
-39.765018
-39.765198
-39.765377
-39.765556
-39.765736
-39.765916
-39.766096
-39.766275
-39.766455
-39.766635
-39.766815
-39.766995
-39.767175
-39.767355
-39.767535
-39.767715
-39.767895
-39.768075
-39.768255
-39.768435
-39.768614
-39.768794
-39.768973
-39.769152
-39.769332
-39.769511
-39.76969
-39.769868
-39.770047
-39.770226
-39.770404
-39.770582
-39.770759
-39.770937
-39.771114
-39.771291
-39.771467
-39.771643
-39.771819
-39.771995
-39.772171
-39.772346
-39.77252
-39.772695
-39.772869
-39.773043
-39.773217
-39.773391
-39.773564
-39.773737
-39.773909
-39.774081
-39.774252
-39.774423
-39.774593
-39.774763
-39.774932
-39.7751
-39.775267
-39.775434
-39.7756
-39.775765
-39.77593
-39.776094
-39.776258
-39.776421
-39.776584
-39.776746
-39.776908
-39.77707
-39.777232
-39.777393
-39.777554
-39.777715
-39.777874
-39.778034
-39.778192
-39.778348
-39.778504
-39.778658
-39.77881
-39.778961
-39.779111
-39.77926
-39.779408
-39.779554
-39.7797
-39.779845
-39.779989
-39.780132
-39.780275
-39.780417
-39.780559
-39.780701
-39.780843
-39.780984
-39.781125
-39.781266
-39.781406
-39.781544
-39.781681
-39.781816
-39.781948
-39.782077
-39.782203
-39.782326
-39.782446
-39.782562
-39.782675
-39.782785
-39.782891
-39.782995
-39.783097
-39.783196
-39.783294
-39.78339
-39.783487
-39.783585
-39.783685
-39.783786
-39.783889
-39.783993
-39.7841
-39.784209
-39.78432
-39.784432
-39.784544
-39.784657
-39.784769
-39.78488
-39.784989
-39.785094
-39.785195
-39.78529
-39.785378
-39.78546
-39.785534
-39.7856
-39.785658
-39.785708
-39.785751
-39.785786
-39.785815
-39.785839
-39.785859
-39.785874
-39.785888
-39.7859
-39.785912
-39.785925
-39.78594
-39.785957
-39.785976
-39.785998
-39.786023
-39.78605
-39.78608
-39.786112
-39.786145
-39.786179
-39.786213
-39.786245
-39.786274
-39.786299
-39.786318
-39.786331
-39.786336
-39.786332
-39.786318
-39.786294
-39.786259
-39.786214
-39.786158
-39.786092
-39.786017
-39.785934
-39.785845
-39.785752
-39.785655
-39.785556
-39.785457
-39.785359
-39.785263
-39.785169
-39.785079
-39.784992
-39.784909
-39.784829
-39.784752
-39.784678
-39.784605
-39.784534
-39.784462
-39.78439
-39.784317
-39.784241
-39.784164
-39.784084
-39.784001
-39.783917
-39.783832
-39.783747
-39.783665
-39.783585
-39.783514
-39.783452
-39.783404
-39.783374
-39.783365
-39.783384
-39.783434
-39.78352
-39.78365
-39.783826
-39.784055
-39.784344
-39.784697
-39.78512
-39.785621
-39.786205
-39.786879
-39.787649
-39.788521
-39.789503
-39.7906
-39.791817
-39.793158
-39.794629
-39.79623
-39.797962
-39.799826
-39.80182
-39.803937
-39.806173
-39.80852
-39.810969
-39.813511
-39.816134
-39.818832
-39.821594
-39.824419
-39.827304
-39.830256
-39.833288
-39.836426
-39.839707
-39.843187
-39.846946
-39.851093
-39.855779
-39.861214
-39.867695
-39.875612
-39.885348
-39.897867
-39.916689
-39.928271
-39.971424
-39.996916
-40.065273
-40.114182
-40.141069
-40.054115
-40.279599
341.75972
-39.738606
-39.738606
-39.738608
-39.738613
-39.73862
-39.738629
-39.738642
-39.738659
-39.73868
-39.738705
-39.738735
-39.738771
-39.738811
-39.738856
-39.738906
-39.73896
-39.73902
-39.739084
-39.739151
-39.739222
-39.739296
-39.73937
-39.739444
-39.739517
-39.739586
-39.739651
-39.73971
-39.739764
-39.739811
-39.739852
-39.739889
-39.739922
-39.739952
-39.739983
-39.740013
-39.740045
-39.740078
-39.740115
-39.740155
-39.740198
-39.740246
-39.740298
-39.740355
-39.740418
-39.740485
-39.740558
-39.740637
-39.740722
-39.740813
-39.740909
-39.74101
-39.741116
-39.741227
-39.741342
-39.74146
-39.741582
-39.741705
-39.74183
-39.741956
-39.742082
-39.742208
-39.742332
-39.742453
-39.74257
-39.742683
-39.74279
-39.742892
-39.742987
-39.743075
-39.743158
-39.743235
-39.743308
-39.743378
-39.743446
-39.743514
-39.743583
-39.743655
-39.74373
-39.743811
-39.743897
-39.74399
-39.744089
-39.744196
-39.744309
-39.74443
-39.744557
-39.744691
-39.744831
-39.744976
-39.745127
-39.745282
-39.745442
-39.745604
-39.74577
-39.745937
-39.746105
-39.746274
-39.746441
-39.746606
-39.746768
-39.746926
-39.74708
-39.74723
-39.747376
-39.747517
-39.747653
-39.747785
-39.747914
-39.748039
-39.748163
-39.748284
-39.748404
-39.748524
-39.748644
-39.748765
-39.748888
-39.749013
-39.749139
-39.749269
-39.7494
-39.749534
-39.749671
-39.749811
-39.749953
-39.750098
-39.750245
-39.750395
-39.750546
-39.7507
-39.750854
-39.75101
-39.751167
-39.751324
-39.751482
-39.751641
-39.7518
-39.751959
-39.752118
-39.752276
-39.752434
-39.752592
-39.75275
-39.752907
-39.753065
-39.753222
-39.75338
-39.753537
-39.753695
-39.753852
-39.754009
-39.754167
-39.754324
-39.754481
-39.754639
-39.754796
-39.754954
-39.755112
-39.75527
-39.755428
-39.755586
-39.755743
-39.755901
-39.756059
-39.756216
-39.756374
-39.756532
-39.75669
-39.756848
-39.757006
-39.757165
-39.757323
-39.757482
-39.757641
-39.757801
-39.757961
-39.758122
-39.758283
-39.758445
-39.758608
-39.758772
-39.758937
-39.759102
-39.759268
-39.759435
-39.759602
-39.759769
-39.759938
-39.760106
-39.760276
-39.760446
-39.760617
-39.760788
-39.76096
-39.761132
-39.761305
-39.761478
-39.761652
-39.761827
-39.762002
-39.762177
-39.762353
-39.762529
-39.762706
-39.762883
-39.76306
-39.763237
-39.763415
-39.763592
-39.76377
-39.763948
-39.764126
-39.764304
-39.764482
-39.764661
-39.76484
-39.765019
-39.765198
-39.765378
-39.765557
-39.765737
-39.765916
-39.766096
-39.766276
-39.766456
-39.766635
-39.766815
-39.766995
-39.767176
-39.767356
-39.767535
-39.767715
-39.767895
-39.768075
-39.768255
-39.768435
-39.768614
-39.768793
-39.768973
-39.769152
-39.769331
-39.76951
-39.769689
-39.769868
-39.770047
-39.770225
-39.770403
-39.770581
-39.770759
-39.770936
-39.771113
-39.77129
-39.771466
-39.771642
-39.771818
-39.771994
-39.772169
-39.772344
-39.772519
-39.772694
-39.772868
-39.773042
-39.773215
-39.773389
-39.773562
-39.773735
-39.773907
-39.774079
-39.77425
-39.77442
-39.774591
-39.77476
-39.774929
-39.775097
-39.775265
-39.775431
-39.775597
-39.775762
-39.775927
-39.776091
-39.776254
-39.776418
-39.776581
-39.776743
-39.776905
-39.777067
-39.777228
-39.777389
-39.77755
-39.77771
-39.77787
-39.778029
-39.778187
-39.778344
-39.778499
-39.778653
-39.778806
-39.778957
-39.779107
-39.779255
-39.779403
-39.77955
-39.779696
-39.779841
-39.779985
-39.780128
-39.78027
-39.780413
-39.780555
-39.780696
-39.780838
-39.780979
-39.78112
-39.78126
-39.7814
-39.781538
-39.781674
-39.781808
-39.78194
-39.782069
-39.782195
-39.782318
-39.782438
-39.782554
-39.782667
-39.782777
-39.782884
-39.782989
-39.78309
-39.78319
-39.783289
-39.783386
-39.783483
-39.783582
-39.783681
-39.783783
-39.783885
-39.78399
-39.784096
-39.784205
-39.784315
-39.784426
-39.784537
-39.784649
-39.78476
-39.78487
-39.784977
-39.785081
-39.785181
-39.785275
-39.785362
-39.785443
-39.785517
-39.785582
-39.785641
-39.785691
-39.785734
-39.785771
-39.785801
-39.785826
-39.785847
-39.785864
-39.785878
-39.785892
-39.785905
-39.785919
-39.785935
-39.785952
-39.785972
-39.785994
-39.786018
-39.786045
-39.786074
-39.786105
-39.786137
-39.78617
-39.786202
-39.786233
-39.786261
-39.786284
-39.786302
-39.786313
-39.786317
-39.786313
-39.786299
-39.786275
-39.78624
-39.786196
-39.786141
-39.786077
-39.786004
-39.785923
-39.785836
-39.785745
-39.785651
-39.785554
-39.785458
-39.785362
-39.785268
-39.785177
-39.785089
-39.785003
-39.784921
-39.784843
-39.784767
-39.784694
-39.784622
-39.784552
-39.784482
-39.784412
-39.784341
-39.784267
-39.784193
-39.784116
-39.784037
-39.783958
-39.783878
-39.783799
-39.783722
-39.78365
-39.783586
-39.783532
-39.783492
-39.783471
-39.783471
-39.783499
-39.783558
-39.783653
-39.783791
-39.783976
-39.784212
-39.784507
-39.784866
-39.785295
-39.785799
-39.786385
-39.787059
-39.787828
-39.788696
-39.789672
-39.790759
-39.791963
-39.793289
-39.794739
-39.796315
-39.798019
-39.79985
-39.801805
-39.80388
-39.806069
-39.808365
-39.81076
-39.813244
-39.815809
-39.818446
-39.821149
-39.823915
-39.826744
-39.829646
-39.832636
-39.83574
-39.839001
-39.84248
-39.84626
-39.850459
-39.855237
-39.860818
-39.867516
-39.875742
-39.885934
-39.89916
-39.918333
-39.931006
-39.977185
-40.002099
-40.077813
-40.129126
-40.171059
-40.052169
-38.689433
340.64673
-39.738608
-39.738608
-39.73861
-39.738615
-39.738622
-39.738631
-39.738644
-39.738661
-39.738682
-39.738708
-39.738738
-39.738773
-39.738813
-39.738858
-39.738909
-39.738964
-39.739024
-39.739089
-39.739157
-39.73923
-39.739305
-39.739381
-39.739457
-39.739531
-39.739602
-39.739668
-39.739729
-39.739782
-39.73983
-39.739871
-39.739907
-39.739939
-39.739969
-39.739999
-39.740028
-39.740059
-39.740093
-39.740129
-39.740168
-39.740211
-39.740259
-39.74031
-39.740367
-39.740429
-39.740496
-39.740569
-39.740647
-39.740731
-39.740821
-39.740916
-39.741017
-39.741122
-39.741231
-39.741345
-39.741462
-39.741582
-39.741704
-39.741828
-39.741953
-39.742078
-39.742202
-39.742325
-39.742445
-39.742562
-39.742674
-39.742781
-39.742882
-39.742978
-39.743067
-39.743151
-39.74323
-39.743304
-39.743376
-39.743446
-39.743516
-39.743587
-39.743661
-39.743738
-39.74382
-39.743907
-39.744001
-39.744101
-39.744208
-39.744322
-39.744442
-39.744569
-39.744702
-39.744841
-39.744986
-39.745136
-39.74529
-39.745448
-39.74561
-39.745774
-39.74594
-39.746107
-39.746273
-39.746439
-39.746603
-39.746764
-39.746922
-39.747075
-39.747225
-39.74737
-39.747511
-39.747648
-39.74778
-39.74791
-39.748036
-39.74816
-39.748282
-39.748403
-39.748524
-39.748645
-39.748767
-39.748891
-39.749016
-39.749143
-39.749273
-39.749405
-39.749539
-39.749676
-39.749816
-39.749958
-39.750103
-39.75025
-39.750399
-39.75055
-39.750703
-39.750857
-39.751013
-39.751169
-39.751326
-39.751484
-39.751643
-39.751801
-39.75196
-39.752119
-39.752277
-39.752435
-39.752593
-39.75275
-39.752908
-39.753065
-39.753222
-39.75338
-39.753538
-39.753695
-39.753853
-39.75401
-39.754167
-39.754325
-39.754482
-39.754639
-39.754797
-39.754955
-39.755112
-39.75527
-39.755428
-39.755586
-39.755744
-39.755902
-39.756059
-39.756217
-39.756375
-39.756533
-39.756691
-39.756849
-39.757008
-39.757166
-39.757325
-39.757484
-39.757643
-39.757803
-39.757963
-39.758124
-39.758285
-39.758447
-39.75861
-39.758774
-39.758939
-39.759104
-39.75927
-39.759437
-39.759604
-39.759771
-39.75994
-39.760109
-39.760278
-39.760448
-39.760619
-39.76079
-39.760962
-39.761134
-39.761307
-39.76148
-39.761654
-39.761829
-39.762004
-39.762179
-39.762355
-39.762531
-39.762707
-39.762884
-39.763061
-39.763238
-39.763416
-39.763593
-39.763771
-39.763949
-39.764127
-39.764305
-39.764483
-39.764662
-39.764841
-39.76502
-39.765199
-39.765378
-39.765558
-39.765737
-39.765917
-39.766097
-39.766276
-39.766456
-39.766636
-39.766816
-39.766996
-39.767176
-39.767356
-39.767536
-39.767715
-39.767895
-39.768075
-39.768255
-39.768435
-39.768614
-39.768793
-39.768973
-39.769152
-39.769331
-39.76951
-39.769689
-39.769867
-39.770046
-39.770225
-39.770403
-39.77058
-39.770758
-39.770935
-39.771112
-39.771289
-39.771465
-39.771641
-39.771817
-39.771993
-39.772168
-39.772343
-39.772518
-39.772692
-39.772866
-39.77304
-39.773214
-39.773387
-39.77356
-39.773733
-39.773905
-39.774077
-39.774248
-39.774418
-39.774588
-39.774758
-39.774927
-39.775095
-39.775262
-39.775429
-39.775595
-39.77576
-39.775924
-39.776088
-39.776251
-39.776415
-39.776577
-39.776739
-39.776901
-39.777063
-39.777224
-39.777385
-39.777546
-39.777706
-39.777866
-39.778025
-39.778183
-39.778339
-39.778495
-39.778649
-39.778801
-39.778952
-39.779102
-39.779251
-39.779399
-39.779546
-39.779691
-39.779836
-39.77998
-39.780124
-39.780266
-39.780409
-39.78055
-39.780692
-39.780833
-39.780974
-39.781115
-39.781255
-39.781394
-39.781531
-39.781668
-39.781801
-39.781933
-39.782061
-39.782187
-39.782309
-39.782429
-39.782546
-39.78266
-39.78277
-39.782877
-39.782982
-39.783084
-39.783185
-39.783284
-39.783381
-39.783479
-39.783578
-39.783678
-39.783779
-39.783882
-39.783986
-39.784093
-39.784201
-39.78431
-39.78442
-39.784531
-39.784641
-39.784751
-39.784859
-39.784966
-39.785069
-39.785167
-39.78526
-39.785347
-39.785427
-39.7855
-39.785566
-39.785624
-39.785675
-39.785718
-39.785756
-39.785787
-39.785814
-39.785835
-39.785853
-39.785869
-39.785884
-39.785898
-39.785913
-39.78593
-39.785948
-39.785967
-39.785989
-39.786013
-39.78604
-39.786069
-39.786099
-39.786129
-39.786161
-39.786192
-39.786221
-39.786247
-39.786269
-39.786286
-39.786296
-39.786299
-39.786294
-39.78628
-39.786256
-39.786222
-39.786178
-39.786124
-39.786062
-39.78599
-39.785912
-39.785827
-39.785739
-39.785647
-39.785553
-39.785459
-39.785366
-39.785274
-39.785184
-39.785098
-39.785014
-39.784934
-39.784856
-39.784782
-39.78471
-39.78464
-39.784571
-39.784502
-39.784434
-39.784365
-39.784294
-39.784222
-39.784148
-39.784073
-39.783998
-39.783923
-39.78385
-39.783779
-39.783714
-39.783657
-39.783612
-39.78358
-39.783567
-39.783576
-39.783612
-39.78368
-39.783784
-39.783929
-39.784122
-39.784365
-39.784667
-39.785031
-39.785464
-39.785972
-39.78656
-39.787234
-39.788001
-39.788865
-39.789834
-39.790912
-39.792103
-39.793412
-39.794842
-39.796394
-39.798069
-39.799866
-39.801784
-39.803817
-39.80596
-39.808205
-39.810546
-39.812974
-39.815479
-39.818057
-39.8207
-39.823407
-39.826181
-39.829031
-39.831976
-39.835045
-39.838283
-39.841754
-39.845549
-39.84979
-39.854648
-39.860359
-39.867253
-39.875759
-39.886375
-39.90024
-39.919691
-39.933697
-39.982434
-40.006289
-40.089772
-40.138383
-40.196023
-40.069138
-35.590432
345.70038
-39.73861
-39.73861
-39.738613
-39.738617
-39.738624
-39.738634
-39.738647
-39.738663
-39.738684
-39.73871
-39.73874
-39.738776
-39.738816
-39.738861
-39.738912
-39.738967
-39.739028
-39.739094
-39.739164
-39.739237
-39.739314
-39.739391
-39.739469
-39.739545
-39.739618
-39.739686
-39.739747
-39.739802
-39.739849
-39.73989
-39.739926
-39.739957
-39.739987
-39.740015
-39.740044
-39.740074
-39.740107
-39.740142
-39.740181
-39.740224
-39.740271
-39.740322
-39.740379
-39.74044
-39.740507
-39.740579
-39.740657
-39.74074
-39.740829
-39.740923
-39.741023
-39.741127
-39.741236
-39.741348
-39.741464
-39.741583
-39.741704
-39.741826
-39.74195
-39.742074
-39.742197
-39.742318
-39.742438
-39.742553
-39.742665
-39.742772
-39.742874
-39.74297
-39.74306
-39.743145
-39.743225
-39.743301
-39.743374
-39.743446
-39.743518
-39.743591
-39.743666
-39.743745
-39.743828
-39.743917
-39.744012
-39.744112
-39.74422
-39.744333
-39.744454
-39.744581
-39.744713
-39.744852
-39.744996
-39.745144
-39.745298
-39.745455
-39.745615
-39.745778
-39.745942
-39.746108
-39.746273
-39.746438
-39.746601
-39.746761
-39.746918
-39.747071
-39.74722
-39.747365
-39.747506
-39.747643
-39.747776
-39.747906
-39.748033
-39.748158
-39.748281
-39.748403
-39.748524
-39.748646
-39.748769
-39.748893
-39.749019
-39.749147
-39.749277
-39.749409
-39.749544
-39.749681
-39.74982
-39.749963
-39.750107
-39.750254
-39.750403
-39.750554
-39.750707
-39.750861
-39.751016
-39.751172
-39.751329
-39.751486
-39.751644
-39.751803
-39.751961
-39.75212
-39.752278
-39.752436
-39.752593
-39.752751
-39.752908
-39.753065
-39.753223
-39.75338
-39.753538
-39.753696
-39.753853
-39.754011
-39.754168
-39.754325
-39.754483
-39.75464
-39.754797
-39.754955
-39.755113
-39.755271
-39.755429
-39.755587
-39.755744
-39.755903
-39.75606
-39.756218
-39.756376
-39.756534
-39.756692
-39.75685
-39.757009
-39.757167
-39.757326
-39.757485
-39.757644
-39.757804
-39.757965
-39.758126
-39.758287
-39.758449
-39.758613
-39.758776
-39.758941
-39.759106
-39.759272
-39.759439
-39.759606
-39.759774
-39.759942
-39.760111
-39.76028
-39.76045
-39.760621
-39.760792
-39.760964
-39.761136
-39.761309
-39.761482
-39.761656
-39.76183
-39.762005
-39.76218
-39.762356
-39.762532
-39.762708
-39.762885
-39.763062
-39.763239
-39.763417
-39.763594
-39.763772
-39.76395
-39.764128
-39.764306
-39.764484
-39.764663
-39.764842
-39.765021
-39.7652
-39.765379
-39.765558
-39.765738
-39.765918
-39.766097
-39.766277
-39.766456
-39.766636
-39.766816
-39.766996
-39.767176
-39.767356
-39.767536
-39.767715
-39.767895
-39.768075
-39.768255
-39.768434
-39.768614
-39.768793
-39.768972
-39.769152
-39.769331
-39.76951
-39.769688
-39.769867
-39.770046
-39.770224
-39.770402
-39.77058
-39.770757
-39.770934
-39.771111
-39.771288
-39.771464
-39.77164
-39.771816
-39.771992
-39.772167
-39.772342
-39.772517
-39.772691
-39.772865
-39.773039
-39.773212
-39.773386
-39.773559
-39.773731
-39.773903
-39.774075
-39.774246
-39.774416
-39.774586
-39.774756
-39.774924
-39.775092
-39.775259
-39.775426
-39.775592
-39.775757
-39.775921
-39.776085
-39.776248
-39.776412
-39.776574
-39.776736
-39.776898
-39.77706
-39.777221
-39.777382
-39.777542
-39.777702
-39.777862
-39.778021
-39.778178
-39.778335
-39.77849
-39.778644
-39.778796
-39.778948
-39.779098
-39.779247
-39.779395
-39.779541
-39.779687
-39.779832
-39.779976
-39.78012
-39.780262
-39.780404
-39.780546
-39.780688
-39.780829
-39.780969
-39.78111
-39.781249
-39.781388
-39.781525
-39.781661
-39.781794
-39.781925
-39.782054
-39.782179
-39.782302
-39.782421
-39.782538
-39.782652
-39.782762
-39.78287
-39.782975
-39.783078
-39.783179
-39.783279
-39.783377
-39.783475
-39.783574
-39.783675
-39.783776
-39.783879
-39.783983
-39.784089
-39.784196
-39.784305
-39.784414
-39.784524
-39.784633
-39.784742
-39.784849
-39.784955
-39.785056
-39.785153
-39.785245
-39.785332
-39.785411
-39.785484
-39.785549
-39.785608
-39.785659
-39.785703
-39.785741
-39.785774
-39.785801
-39.785824
-39.785843
-39.78586
-39.785876
-39.785891
-39.785907
-39.785924
-39.785943
-39.785963
-39.785984
-39.786008
-39.786035
-39.786063
-39.786092
-39.786121
-39.786152
-39.786181
-39.786209
-39.786234
-39.786255
-39.78627
-39.786279
-39.786281
-39.786275
-39.786261
-39.786237
-39.786203
-39.78616
-39.786108
-39.786047
-39.785978
-39.785901
-39.785819
-39.785732
-39.785643
-39.785551
-39.78546
-39.785369
-39.785279
-39.785192
-39.785107
-39.785024
-39.784946
-39.78487
-39.784797
-39.784726
-39.784657
-39.784589
-39.784523
-39.784456
-39.784388
-39.78432
-39.784251
-39.78418
-39.784109
-39.784039
-39.783968
-39.7839
-39.783836
-39.783778
-39.783728
-39.78369
-39.783666
-39.783661
-39.783678
-39.783723
-39.783799
-39.783911
-39.784065
-39.784265
-39.784515
-39.784823
-39.785193
-39.78563
-39.786141
-39.78673
-39.787404
-39.788168
-39.789028
-39.78999
-39.791058
-39.792236
-39.793528
-39.794937
-39.796465
-39.798111
-39.799876
-39.801756
-39.803747
-39.805844
-39.80804
-39.810327
-39.812699
-39.815146
-39.817664
-39.820247
-39.822896
-39.825613
-39.828411
-39.831309
-39.834339
-39.83755
-39.841009
-39.84481
-39.849084
-39.854009
-39.859832
-39.866898
-39.875656
-39.886658
-39.901088
-39.920765
-39.936295
-39.987236
-40.009276
-40.101106
-40.141542
-40.216317
-40.082621
-32.25753
348.66487
-39.738612
-39.738612
-39.738615
-39.738619
-39.738626
-39.738636
-39.738649
-39.738666
-39.738687
-39.738712
-39.738743
-39.738778
-39.738818
-39.738864
-39.738915
-39.738971
-39.739032
-39.739099
-39.73917
-39.739245
-39.739323
-39.739402
-39.739482
-39.73956
-39.739635
-39.739704
-39.739766
-39.739822
-39.739869
-39.73991
-39.739945
-39.739976
-39.740004
-39.740031
-39.740059
-39.740089
-39.740121
-39.740155
-39.740194
-39.740236
-39.740283
-39.740334
-39.74039
-39.740451
-39.740517
-39.740589
-39.740666
-39.740749
-39.740837
-39.74093
-39.741029
-39.741132
-39.741239
-39.741351
-39.741466
-39.741583
-39.741703
-39.741825
-39.741947
-39.74207
-39.742192
-39.742312
-39.742431
-39.742546
-39.742657
-39.742764
-39.742865
-39.742962
-39.743053
-39.743138
-39.74322
-39.743298
-39.743373
-39.743447
-39.74352
-39.743595
-39.743672
-39.743752
-39.743837
-39.743926
-39.744022
-39.744123
-39.744231
-39.744345
-39.744465
-39.744592
-39.744724
-39.744862
-39.745005
-39.745153
-39.745305
-39.745461
-39.74562
-39.745782
-39.745945
-39.746109
-39.746274
-39.746437
-39.746598
-39.746758
-39.746914
-39.747066
-39.747215
-39.74736
-39.747501
-39.747638
-39.747772
-39.747902
-39.74803
-39.748155
-39.748279
-39.748402
-39.748524
-39.748647
-39.748771
-39.748895
-39.749022
-39.74915
-39.74928
-39.749413
-39.749548
-39.749685
-39.749825
-39.749967
-39.750112
-39.750259
-39.750407
-39.750558
-39.75071
-39.750864
-39.751019
-39.751174
-39.751331
-39.751488
-39.751646
-39.751804
-39.751962
-39.752121
-39.752279
-39.752436
-39.752594
-39.752751
-39.752908
-39.753066
-39.753223
-39.753381
-39.753538
-39.753696
-39.753854
-39.754011
-39.754169
-39.754326
-39.754483
-39.754641
-39.754798
-39.754956
-39.755114
-39.755272
-39.755429
-39.755588
-39.755745
-39.755903
-39.756061
-39.756219
-39.756377
-39.756535
-39.756693
-39.756851
-39.75701
-39.757169
-39.757328
-39.757487
-39.757646
-39.757806
-39.757966
-39.758127
-39.758289
-39.758451
-39.758615
-39.758778
-39.758943
-39.759109
-39.759275
-39.759441
-39.759608
-39.759776
-39.759944
-39.760113
-39.760282
-39.760452
-39.760623
-39.760794
-39.760966
-39.761138
-39.76131
-39.761483
-39.761657
-39.761832
-39.762006
-39.762182
-39.762357
-39.762533
-39.76271
-39.762886
-39.763063
-39.76324
-39.763418
-39.763595
-39.763773
-39.763951
-39.764128
-39.764306
-39.764485
-39.764663
-39.764842
-39.765021
-39.7652
-39.765379
-39.765559
-39.765738
-39.765918
-39.766098
-39.766277
-39.766457
-39.766636
-39.766816
-39.766996
-39.767176
-39.767356
-39.767536
-39.767715
-39.767895
-39.768075
-39.768255
-39.768434
-39.768614
-39.768793
-39.768972
-39.769151
-39.769331
-39.769509
-39.769688
-39.769867
-39.770045
-39.770223
-39.770401
-39.770579
-39.770756
-39.770934
-39.771111
-39.771287
-39.771463
-39.77164
-39.771815
-39.771991
-39.772166
-39.772341
-39.772516
-39.77269
-39.772864
-39.773037
-39.773211
-39.773384
-39.773557
-39.773729
-39.773901
-39.774073
-39.774243
-39.774414
-39.774584
-39.774753
-39.774922
-39.77509
-39.775257
-39.775423
-39.775589
-39.775754
-39.775918
-39.776082
-39.776246
-39.776408
-39.776571
-39.776733
-39.776895
-39.777056
-39.777217
-39.777378
-39.777538
-39.777698
-39.777858
-39.778016
-39.778174
-39.778331
-39.778486
-39.77864
-39.778792
-39.778943
-39.779093
-39.779242
-39.77939
-39.779537
-39.779683
-39.779828
-39.779972
-39.780116
-39.780258
-39.7804
-39.780542
-39.780683
-39.780824
-39.780965
-39.781105
-39.781244
-39.781382
-39.781519
-39.781654
-39.781787
-39.781918
-39.782046
-39.782171
-39.782294
-39.782414
-39.78253
-39.782644
-39.782755
-39.782863
-39.782969
-39.783072
-39.783174
-39.783274
-39.783372
-39.783471
-39.783571
-39.783671
-39.783772
-39.783875
-39.783979
-39.784085
-39.784192
-39.7843
-39.784408
-39.784517
-39.784625
-39.784733
-39.784839
-39.784944
-39.785044
-39.78514
-39.785231
-39.785317
-39.785396
-39.785468
-39.785534
-39.785592
-39.785643
-39.785688
-39.785727
-39.78576
-39.785789
-39.785813
-39.785833
-39.785851
-39.785868
-39.785884
-39.785901
-39.785919
-39.785938
-39.785958
-39.78598
-39.786003
-39.786029
-39.786056
-39.786085
-39.786114
-39.786142
-39.786171
-39.786197
-39.786221
-39.786241
-39.786255
-39.786263
-39.786264
-39.786258
-39.786243
-39.786219
-39.786186
-39.786144
-39.786092
-39.786033
-39.785965
-39.785891
-39.78581
-39.785726
-39.785639
-39.78555
-39.785461
-39.785372
-39.785284
-39.785199
-39.785116
-39.785035
-39.784958
-39.784883
-39.784811
-39.784742
-39.784674
-39.784608
-39.784543
-39.784477
-39.784412
-39.784346
-39.78428
-39.784213
-39.784145
-39.784079
-39.784013
-39.783951
-39.783893
-39.783841
-39.783798
-39.783767
-39.783751
-39.783754
-39.78378
-39.783832
-39.783917
-39.784037
-39.784198
-39.784405
-39.784662
-39.784975
-39.78535
-39.785791
-39.786304
-39.786894
-39.787568
-39.78833
-39.789185
-39.790139
-39.791197
-39.792362
-39.793637
-39.795026
-39.79653
-39.798147
-39.799879
-39.801722
-39.803672
-39.805723
-39.807869
-39.810104
-39.81242
-39.814809
-39.817268
-39.819791
-39.82238
-39.82504
-39.827784
-39.830633
-39.833622
-39.836801
-39.840242
-39.844043
-39.84834
-39.853318
-39.859235
-39.866448
-39.875427
-39.886774
-39.90169
-39.921556
-39.938791
-39.991632
-40.01081
-40.112018
-40.138791
-40.232942
-40.092157
-29.723544
351.07208
-39.738614
-39.738614
-39.738616
-39.738621
-39.738628
-39.738638
-39.738651
-39.738668
-39.738689
-39.738714
-39.738745
-39.73878
-39.738821
-39.738866
-39.738918
-39.738974
-39.739036
-39.739104
-39.739176
-39.739252
-39.739332
-39.739414
-39.739495
-39.739576
-39.739652
-39.739723
-39.739786
-39.739842
-39.73989
-39.73993
-39.739964
-39.739994
-39.740021
-39.740048
-39.740075
-39.740103
-39.740134
-39.740169
-39.740207
-39.740248
-39.740295
-39.740345
-39.740401
-39.740461
-39.740527
-39.740598
-39.740675
-39.740757
-39.740844
-39.740937
-39.741034
-39.741137
-39.741243
-39.741354
-39.741467
-39.741584
-39.741702
-39.741823
-39.741944
-39.742066
-39.742187
-39.742306
-39.742424
-39.742538
-39.742649
-39.742756
-39.742857
-39.742954
-39.743046
-39.743133
-39.743215
-39.743295
-39.743371
-39.743447
-39.743522
-39.743598
-39.743677
-39.743759
-39.743845
-39.743935
-39.744032
-39.744134
-39.744242
-39.744356
-39.744476
-39.744603
-39.744734
-39.744872
-39.745014
-39.745161
-39.745312
-39.745467
-39.745625
-39.745785
-39.745948
-39.746111
-39.746274
-39.746436
-39.746596
-39.746755
-39.74691
-39.747062
-39.74721
-39.747355
-39.747496
-39.747633
-39.747767
-39.747898
-39.748027
-39.748153
-39.748278
-39.748401
-39.748524
-39.748648
-39.748772
-39.748898
-39.749025
-39.749153
-39.749284
-39.749417
-39.749552
-39.74969
-39.749829
-39.749972
-39.750116
-39.750263
-39.750411
-39.750562
-39.750714
-39.750867
-39.751021
-39.751177
-39.751333
-39.75149
-39.751648
-39.751806
-39.751964
-39.752122
-39.75228
-39.752437
-39.752594
-39.752752
-39.752909
-39.753066
-39.753223
-39.753381
-39.753539
-39.753697
-39.753854
-39.754012
-39.754169
-39.754326
-39.754484
-39.754641
-39.754799
-39.754956
-39.755114
-39.755272
-39.75543
-39.755588
-39.755746
-39.755904
-39.756062
-39.75622
-39.756378
-39.756536
-39.756694
-39.756853
-39.757011
-39.75717
-39.757329
-39.757488
-39.757648
-39.757808
-39.757968
-39.758129
-39.758291
-39.758453
-39.758617
-39.758781
-39.758945
-39.759111
-39.759277
-39.759443
-39.75961
-39.759778
-39.759946
-39.760115
-39.760284
-39.760454
-39.760625
-39.760796
-39.760968
-39.76114
-39.761312
-39.761485
-39.761659
-39.761833
-39.762008
-39.762183
-39.762359
-39.762534
-39.762711
-39.762887
-39.763064
-39.763241
-39.763419
-39.763596
-39.763774
-39.763952
-39.764129
-39.764307
-39.764486
-39.764664
-39.764843
-39.765022
-39.765201
-39.76538
-39.765559
-39.765739
-39.765919
-39.766098
-39.766277
-39.766457
-39.766637
-39.766816
-39.766996
-39.767176
-39.767356
-39.767536
-39.767715
-39.767895
-39.768075
-39.768255
-39.768434
-39.768614
-39.768793
-39.768972
-39.769151
-39.76933
-39.769509
-39.769688
-39.769866
-39.770045
-39.770223
-39.770401
-39.770578
-39.770756
-39.770933
-39.77111
-39.771286
-39.771463
-39.771639
-39.771814
-39.77199
-39.772165
-39.77234
-39.772514
-39.772689
-39.772862
-39.773036
-39.773209
-39.773383
-39.773555
-39.773728
-39.773899
-39.774071
-39.774241
-39.774412
-39.774582
-39.774751
-39.774919
-39.775087
-39.775254
-39.775421
-39.775586
-39.775751
-39.775915
-39.776079
-39.776243
-39.776405
-39.776568
-39.77673
-39.776891
-39.777053
-39.777214
-39.777374
-39.777535
-39.777694
-39.777854
-39.778012
-39.77817
-39.778326
-39.778482
-39.778635
-39.778788
-39.778939
-39.779089
-39.779238
-39.779386
-39.779533
-39.779679
-39.779824
-39.779968
-39.780112
-39.780254
-39.780396
-39.780538
-39.780679
-39.780819
-39.78096
-39.781099
-39.781238
-39.781376
-39.781513
-39.781648
-39.781781
-39.781911
-39.782039
-39.782164
-39.782286
-39.782406
-39.782523
-39.782637
-39.782748
-39.782857
-39.782963
-39.783067
-39.783168
-39.783269
-39.783368
-39.783467
-39.783567
-39.783668
-39.783769
-39.783872
-39.783976
-39.784081
-39.784187
-39.784295
-39.784402
-39.78451
-39.784617
-39.784724
-39.78483
-39.784933
-39.785032
-39.785127
-39.785218
-39.785303
-39.785381
-39.785453
-39.785518
-39.785577
-39.785628
-39.785673
-39.785713
-39.785747
-39.785777
-39.785802
-39.785823
-39.785842
-39.78586
-39.785877
-39.785895
-39.785913
-39.785932
-39.785953
-39.785975
-39.785998
-39.786024
-39.78605
-39.786078
-39.786106
-39.786133
-39.786161
-39.786186
-39.786208
-39.786227
-39.78624
-39.786247
-39.786247
-39.786241
-39.786226
-39.786202
-39.786169
-39.786128
-39.786077
-39.786019
-39.785953
-39.785881
-39.785802
-39.785721
-39.785635
-39.785549
-39.785462
-39.785375
-39.785289
-39.785205
-39.785124
-39.785045
-39.784969
-39.784896
-39.784826
-39.784757
-39.784691
-39.784626
-39.784563
-39.784499
-39.784436
-39.784372
-39.784309
-39.784245
-39.784181
-39.784119
-39.784059
-39.784001
-39.783949
-39.783903
-39.783867
-39.783844
-39.783835
-39.783845
-39.783879
-39.78394
-39.784032
-39.784159
-39.784328
-39.784542
-39.784805
-39.785124
-39.785503
-39.785947
-39.786463
-39.787054
-39.787727
-39.788486
-39.789336
-39.790283
-39.79133
-39.792481
-39.79374
-39.795109
-39.796588
-39.798177
-39.799876
-39.801682
-39.803591
-39.805597
-39.807694
-39.809876
-39.812137
-39.814469
-39.816868
-39.819332
-39.821861
-39.824463
-39.827151
-39.829949
-39.832893
-39.836036
-39.839453
-39.843245
-39.847554
-39.852571
-39.858563
-39.865899
-39.875065
-39.886713
-39.902035
-39.922067
-39.94119
-39.995806
-40.010458
-40.122988
-40.132632
-40.246121
-40.102119
-27.725428
354.32408
-39.738616
-39.738616
-39.738618
-39.738623
-39.73863
-39.738639
-39.738653
-39.73867
-39.738691
-39.738716
-39.738747
-39.738782
-39.738823
-39.738869
-39.73892
-39.738977
-39.73904
-39.739109
-39.739182
-39.73926
-39.739342
-39.739425
-39.739509
-39.739591
-39.73967
-39.739742
-39.739807
-39.739863
-39.739911
-39.739951
-39.739984
-39.740013
-39.740039
-39.740064
-39.74009
-39.740118
-39.740148
-39.740182
-39.740219
-39.74026
-39.740306
-39.740356
-39.740411
-39.740472
-39.740537
-39.740607
-39.740683
-39.740765
-39.740851
-39.740943
-39.74104
-39.741141
-39.741247
-39.741356
-39.741469
-39.741584
-39.741702
-39.741821
-39.741941
-39.742062
-39.742182
-39.7423
-39.742417
-39.742531
-39.742642
-39.742748
-39.74285
-39.742947
-39.743039
-39.743127
-39.743211
-39.743292
-39.74337
-39.743447
-39.743524
-39.743602
-39.743682
-39.743765
-39.743852
-39.743944
-39.744041
-39.744144
-39.744252
-39.744367
-39.744487
-39.744613
-39.744745
-39.744881
-39.745023
-39.745169
-39.745319
-39.745473
-39.74563
-39.745789
-39.74595
-39.746112
-39.746274
-39.746435
-39.746595
-39.746752
-39.746907
-39.747058
-39.747206
-39.747351
-39.747492
-39.747629
-39.747764
-39.747895
-39.748024
-39.748151
-39.748276
-39.7484
-39.748524
-39.748649
-39.748774
-39.7489
-39.749027
-39.749157
-39.749288
-39.749421
-39.749556
-39.749694
-39.749834
-39.749976
-39.75012
-39.750267
-39.750415
-39.750565
-39.750717
-39.75087
-39.751024
-39.751179
-39.751335
-39.751492
-39.751649
-39.751807
-39.751965
-39.752123
-39.75228
-39.752438
-39.752595
-39.752752
-39.752909
-39.753066
-39.753224
-39.753381
-39.753539
-39.753697
-39.753855
-39.754012
-39.75417
-39.754327
-39.754484
-39.754642
-39.754799
-39.754957
-39.755115
-39.755273
-39.755431
-39.755589
-39.755746
-39.755905
-39.756062
-39.75622
-39.756378
-39.756537
-39.756695
-39.756854
-39.757012
-39.757171
-39.75733
-39.75749
-39.757649
-39.757809
-39.75797
-39.758131
-39.758293
-39.758455
-39.758619
-39.758783
-39.758947
-39.759113
-39.759279
-39.759445
-39.759612
-39.75978
-39.759948
-39.760117
-39.760286
-39.760456
-39.760627
-39.760798
-39.760969
-39.761141
-39.761314
-39.761487
-39.76166
-39.761835
-39.762009
-39.762184
-39.76236
-39.762536
-39.762712
-39.762889
-39.763065
-39.763242
-39.76342
-39.763597
-39.763775
-39.763952
-39.76413
-39.764308
-39.764486
-39.764665
-39.764844
-39.765023
-39.765202
-39.765381
-39.76556
-39.76574
-39.765919
-39.766098
-39.766278
-39.766457
-39.766637
-39.766817
-39.766996
-39.767176
-39.767356
-39.767536
-39.767715
-39.767895
-39.768075
-39.768255
-39.768434
-39.768614
-39.768793
-39.768972
-39.769151
-39.76933
-39.769509
-39.769687
-39.769866
-39.770044
-39.770222
-39.7704
-39.770578
-39.770755
-39.770932
-39.771109
-39.771285
-39.771462
-39.771638
-39.771813
-39.771989
-39.772164
-39.772339
-39.772513
-39.772687
-39.772861
-39.773035
-39.773208
-39.773381
-39.773554
-39.773726
-39.773898
-39.774069
-39.774239
-39.77441
-39.774579
-39.774749
-39.774917
-39.775085
-39.775252
-39.775418
-39.775584
-39.775748
-39.775913
-39.776076
-39.77624
-39.776402
-39.776565
-39.776726
-39.776888
-39.777049
-39.77721
-39.777371
-39.777531
-39.777691
-39.77785
-39.778008
-39.778166
-39.778322
-39.778477
-39.778631
-39.778784
-39.778935
-39.779085
-39.779234
-39.779382
-39.779529
-39.779675
-39.77982
-39.779964
-39.780108
-39.78025
-39.780392
-39.780534
-39.780674
-39.780815
-39.780955
-39.781094
-39.781233
-39.781371
-39.781507
-39.781642
-39.781774
-39.781904
-39.782032
-39.782157
-39.782279
-39.782399
-39.782516
-39.78263
-39.782742
-39.78285
-39.782957
-39.783061
-39.783163
-39.783264
-39.783364
-39.783463
-39.783563
-39.783664
-39.783766
-39.783868
-39.783972
-39.784077
-39.784183
-39.78429
-39.784397
-39.784503
-39.78461
-39.784716
-39.78482
-39.784922
-39.785021
-39.785115
-39.785204
-39.785288
-39.785367
-39.785438
-39.785503
-39.785562
-39.785613
-39.785659
-39.7857
-39.785734
-39.785765
-39.785791
-39.785813
-39.785833
-39.785852
-39.78587
-39.785889
-39.785908
-39.785927
-39.785948
-39.78597
-39.785993
-39.786018
-39.786044
-39.786071
-39.786098
-39.786125
-39.786151
-39.786175
-39.786196
-39.786213
-39.786225
-39.786232
-39.786231
-39.786224
-39.786209
-39.786185
-39.786153
-39.786112
-39.786063
-39.786006
-39.785942
-39.785871
-39.785795
-39.785715
-39.785632
-39.785548
-39.785463
-39.785378
-39.785294
-39.785212
-39.785133
-39.785055
-39.784981
-39.784909
-39.78484
-39.784773
-39.784708
-39.784645
-39.784583
-39.784521
-39.78446
-39.784399
-39.784338
-39.784278
-39.784218
-39.784159
-39.784103
-39.784051
-39.784005
-39.783965
-39.783936
-39.783919
-39.783917
-39.783935
-39.783977
-39.784045
-39.784145
-39.78428
-39.784455
-39.784676
-39.784945
-39.785269
-39.785652
-39.7861
-39.786617
-39.787209
-39.78788
-39.788636
-39.789481
-39.79042
-39.791457
-39.792595
-39.793837
-39.795185
-39.796639
-39.798201
-39.799867
-39.801636
-39.803504
-39.805465
-39.807514
-39.809645
-39.81185
-39.814125
-39.816465
-39.818869
-39.821338
-39.82388
-39.826512
-39.829256
-39.832153
-39.835255
-39.838641
-39.842416
-39.846726
-39.851767
-39.857815
-39.865246
-39.874566
-39.886466
-39.902116
-39.922311
-39.943401
-39.998248
-40.00976
-40.134591
-40.125743
-40.258622
-40.113303
-26.121292
357.90087
-39.738617
-39.738617
-39.73862
-39.738624
-39.738631
-39.738641
-39.738654
-39.738671
-39.738692
-39.738718
-39.738749
-39.738784
-39.738825
-39.738871
-39.738923
-39.73898
-39.739044
-39.739113
-39.739188
-39.739268
-39.739351
-39.739437
-39.739523
-39.739608
-39.739688
-39.739762
-39.739828
-39.739885
-39.739933
-39.739972
-39.740004
-39.740032
-39.740057
-39.74008
-39.740105
-39.740132
-39.740161
-39.740194
-39.740231
-39.740272
-39.740317
-39.740367
-39.740422
-39.740481
-39.740546
-39.740616
-39.740692
-39.740772
-39.740858
-39.740949
-39.741045
-39.741145
-39.74125
-39.741358
-39.74147
-39.741584
-39.741701
-39.741819
-39.741938
-39.742058
-39.742177
-39.742295
-39.742411
-39.742524
-39.742634
-39.742741
-39.742843
-39.74294
-39.743033
-39.743122
-39.743207
-39.743289
-39.743369
-39.743447
-39.743526
-39.743605
-39.743687
-39.743771
-39.74386
-39.743953
-39.744051
-39.744154
-39.744263
-39.744377
-39.744497
-39.744623
-39.744754
-39.74489
-39.745031
-39.745177
-39.745326
-39.745479
-39.745635
-39.745793
-39.745953
-39.746113
-39.746274
-39.746434
-39.746593
-39.74675
-39.746903
-39.747054
-39.747202
-39.747346
-39.747487
-39.747625
-39.74776
-39.747892
-39.748021
-39.748149
-39.748275
-39.7484
-39.748525
-39.748649
-39.748775
-39.748902
-39.74903
-39.74916
-39.749291
-39.749425
-39.74956
-39.749698
-39.749838
-39.74998
-39.750124
-39.750271
-39.750419
-39.750569
-39.75072
-39.750873
-39.751027
-39.751182
-39.751337
-39.751494
-39.751651
-39.751808
-39.751966
-39.752124
-39.752281
-39.752439
-39.752596
-39.752753
-39.75291
-39.753067
-39.753224
-39.753382
-39.75354
-39.753698
-39.753855
-39.754013
-39.75417
-39.754328
-39.754485
-39.754642
-39.7548
-39.754958
-39.755115
-39.755273
-39.755431
-39.755589
-39.755747
-39.755905
-39.756063
-39.756221
-39.756379
-39.756538
-39.756696
-39.756855
-39.757014
-39.757173
-39.757332
-39.757491
-39.757651
-39.757811
-39.757972
-39.758133
-39.758295
-39.758457
-39.75862
-39.758784
-39.758949
-39.759115
-39.759281
-39.759447
-39.759614
-39.759782
-39.75995
-39.760118
-39.760288
-39.760458
-39.760629
-39.7608
-39.760971
-39.761143
-39.761315
-39.761488
-39.761662
-39.761836
-39.762011
-39.762186
-39.762361
-39.762537
-39.762713
-39.76289
-39.763066
-39.763243
-39.763421
-39.763598
-39.763776
-39.763953
-39.764131
-39.764309
-39.764487
-39.764666
-39.764844
-39.765023
-39.765202
-39.765381
-39.765561
-39.76574
-39.765919
-39.766099
-39.766278
-39.766458
-39.766637
-39.766817
-39.766997
-39.767177
-39.767356
-39.767536
-39.767716
-39.767895
-39.768075
-39.768255
-39.768434
-39.768614
-39.768793
-39.768972
-39.769151
-39.76933
-39.769508
-39.769687
-39.769865
-39.770044
-39.770222
-39.770399
-39.770577
-39.770754
-39.770931
-39.771108
-39.771285
-39.771461
-39.771637
-39.771813
-39.771988
-39.772163
-39.772338
-39.772512
-39.772686
-39.77286
-39.773033
-39.773207
-39.77338
-39.773552
-39.773724
-39.773896
-39.774067
-39.774238
-39.774408
-39.774577
-39.774746
-39.774915
-39.775082
-39.775249
-39.775415
-39.775581
-39.775746
-39.77591
-39.776074
-39.776237
-39.7764
-39.776562
-39.776723
-39.776885
-39.777046
-39.777207
-39.777367
-39.777527
-39.777687
-39.777846
-39.778004
-39.778162
-39.778318
-39.778473
-39.778627
-39.778779
-39.778931
-39.779081
-39.77923
-39.779378
-39.779525
-39.779671
-39.779816
-39.77996
-39.780104
-39.780246
-39.780388
-39.780529
-39.78067
-39.78081
-39.78095
-39.781089
-39.781228
-39.781365
-39.781501
-39.781636
-39.781768
-39.781898
-39.782025
-39.782149
-39.782272
-39.782391
-39.782509
-39.782623
-39.782735
-39.782844
-39.782951
-39.783055
-39.783158
-39.783259
-39.783359
-39.783459
-39.78356
-39.783661
-39.783762
-39.783865
-39.783968
-39.784073
-39.784178
-39.784284
-39.784391
-39.784497
-39.784602
-39.784707
-39.784811
-39.784912
-39.785009
-39.785103
-39.785191
-39.785275
-39.785353
-39.785424
-39.785489
-39.785547
-39.785599
-39.785645
-39.785686
-39.785722
-39.785753
-39.78578
-39.785803
-39.785824
-39.785844
-39.785863
-39.785882
-39.785902
-39.785922
-39.785943
-39.785965
-39.785988
-39.786012
-39.786038
-39.786064
-39.78609
-39.786116
-39.786141
-39.786164
-39.786184
-39.7862
-39.786211
-39.786217
-39.786216
-39.786208
-39.786193
-39.786169
-39.786137
-39.786097
-39.786049
-39.785993
-39.785931
-39.785861
-39.785787
-39.78571
-39.785629
-39.785546
-39.785463
-39.785381
-39.785299
-39.785219
-39.785141
-39.785065
-39.784992
-39.784922
-39.784854
-39.784789
-39.784725
-39.784663
-39.784603
-39.784543
-39.784484
-39.784425
-39.784367
-39.78431
-39.784254
-39.784199
-39.784148
-39.784101
-39.78406
-39.784027
-39.784003
-39.783993
-39.783999
-39.784024
-39.784073
-39.784149
-39.784256
-39.784398
-39.78458
-39.784807
-39.785082
-39.785411
-39.785798
-39.786248
-39.786767
-39.787359
-39.788029
-39.788782
-39.789621
-39.790552
-39.791578
-39.792702
-39.793927
-39.795254
-39.796685
-39.798218
-39.799852
-39.801585
-39.803412
-39.805329
-39.80733
-39.809409
-39.81156
-39.813778
-39.816059
-39.818402
-39.82081
-39.823293
-39.825865
-39.828554
-39.831399
-39.834456
-39.837806
-39.841555
-39.845854
-39.850904
-39.856986
-39.864486
-39.873925
-39.886026
-39.901931
-39.922296
-39.94533
-39.999399
-40.010205
-40.14549
-40.119459
-40.271991
-40.125112
-25.253028
361.44107
-39.738619
-39.738619
-39.738621
-39.738626
-39.738633
-39.738643
-39.738656
-39.738673
-39.738694
-39.73872
-39.73875
-39.738786
-39.738826
-39.738873
-39.738925
-39.738983
-39.739048
-39.739118
-39.739194
-39.739276
-39.739361
-39.739449
-39.739538
-39.739625
-39.739707
-39.739783
-39.739851
-39.739908
-39.739956
-39.739994
-39.740025
-39.740051
-39.740074
-39.740097
-39.74012
-39.740146
-39.740175
-39.740207
-39.740243
-39.740283
-39.740328
-39.740378
-39.740432
-39.740491
-39.740555
-39.740625
-39.7407
-39.74078
-39.740865
-39.740955
-39.74105
-39.74115
-39.741253
-39.741361
-39.741471
-39.741584
-39.7417
-39.741817
-39.741935
-39.742054
-39.742172
-39.742289
-39.742405
-39.742518
-39.742627
-39.742733
-39.742836
-39.742933
-39.743027
-39.743117
-39.743203
-39.743286
-39.743367
-39.743448
-39.743528
-39.743609
-39.743692
-39.743777
-39.743867
-39.743961
-39.744059
-39.744163
-39.744272
-39.744387
-39.744507
-39.744633
-39.744764
-39.744899
-39.74504
-39.745184
-39.745333
-39.745485
-39.745639
-39.745796
-39.745955
-39.746115
-39.746274
-39.746434
-39.746591
-39.746747
-39.7469
-39.747051
-39.747198
-39.747342
-39.747483
-39.747621
-39.747756
-39.747889
-39.748019
-39.748147
-39.748273
-39.748399
-39.748525
-39.74865
-39.748776
-39.748904
-39.749032
-39.749162
-39.749294
-39.749428
-39.749564
-39.749702
-39.749842
-39.749984
-39.750128
-39.750275
-39.750423
-39.750572
-39.750723
-39.750876
-39.751029
-39.751184
-39.75134
-39.751496
-39.751653
-39.75181
-39.751967
-39.752125
-39.752282
-39.752439
-39.752596
-39.752753
-39.75291
-39.753067
-39.753225
-39.753382
-39.75354
-39.753698
-39.753856
-39.754013
-39.754171
-39.754328
-39.754485
-39.754643
-39.754801
-39.754958
-39.755116
-39.755274
-39.755432
-39.75559
-39.755748
-39.755906
-39.756064
-39.756222
-39.75638
-39.756539
-39.756697
-39.756856
-39.757015
-39.757174
-39.757333
-39.757492
-39.757652
-39.757812
-39.757973
-39.758135
-39.758296
-39.758459
-39.758622
-39.758786
-39.758951
-39.759117
-39.759283
-39.759449
-39.759616
-39.759783
-39.759952
-39.76012
-39.76029
-39.76046
-39.760631
-39.760802
-39.760973
-39.761145
-39.761317
-39.76149
-39.761664
-39.761838
-39.762012
-39.762187
-39.762362
-39.762538
-39.762714
-39.762891
-39.763067
-39.763244
-39.763422
-39.763599
-39.763776
-39.763954
-39.764132
-39.76431
-39.764488
-39.764667
-39.764845
-39.765024
-39.765203
-39.765382
-39.765561
-39.765741
-39.76592
-39.766099
-39.766279
-39.766458
-39.766637
-39.766817
-39.766997
-39.767177
-39.767357
-39.767536
-39.767716
-39.767895
-39.768075
-39.768255
-39.768434
-39.768614
-39.768793
-39.768972
-39.769151
-39.76933
-39.769508
-39.769687
-39.769865
-39.770043
-39.770221
-39.770399
-39.770576
-39.770754
-39.770931
-39.771107
-39.771284
-39.77146
-39.771636
-39.771812
-39.771987
-39.772162
-39.772337
-39.772511
-39.772685
-39.772859
-39.773032
-39.773205
-39.773378
-39.773551
-39.773723
-39.773894
-39.774065
-39.774236
-39.774406
-39.774575
-39.774744
-39.774912
-39.77508
-39.775247
-39.775413
-39.775578
-39.775743
-39.775907
-39.776071
-39.776234
-39.776397
-39.776559
-39.77672
-39.776881
-39.777042
-39.777203
-39.777364
-39.777524
-39.777683
-39.777842
-39.778001
-39.778158
-39.778314
-39.778469
-39.778623
-39.778775
-39.778927
-39.779077
-39.779226
-39.779374
-39.779521
-39.779667
-39.779812
-39.779957
-39.7801
-39.780242
-39.780384
-39.780525
-39.780666
-39.780806
-39.780946
-39.781085
-39.781223
-39.78136
-39.781495
-39.78163
-39.781761
-39.781891
-39.782018
-39.782142
-39.782265
-39.782384
-39.782502
-39.782616
-39.782728
-39.782838
-39.782945
-39.78305
-39.783153
-39.783255
-39.783355
-39.783455
-39.783556
-39.783657
-39.783759
-39.783861
-39.783965
-39.784069
-39.784174
-39.784279
-39.784385
-39.78449
-39.784595
-39.784699
-39.784801
-39.784901
-39.784998
-39.785091
-39.785179
-39.785262
-39.785339
-39.78541
-39.785475
-39.785533
-39.785585
-39.785632
-39.785673
-39.78571
-39.785742
-39.785769
-39.785794
-39.785816
-39.785836
-39.785856
-39.785876
-39.785896
-39.785916
-39.785937
-39.785959
-39.785982
-39.786007
-39.786032
-39.786057
-39.786082
-39.786107
-39.786131
-39.786153
-39.786172
-39.786187
-39.786197
-39.786202
-39.786201
-39.786192
-39.786177
-39.786154
-39.786122
-39.786083
-39.786035
-39.785981
-39.78592
-39.785852
-39.78578
-39.785704
-39.785626
-39.785545
-39.785464
-39.785384
-39.785304
-39.785225
-39.785149
-39.785075
-39.785004
-39.784935
-39.784868
-39.784804
-39.784742
-39.784682
-39.784622
-39.784565
-39.784508
-39.784452
-39.784396
-39.784343
-39.78429
-39.784239
-39.784193
-39.78415
-39.784115
-39.784087
-39.78407
-39.784067
-39.784079
-39.784111
-39.784167
-39.784251
-39.784365
-39.784514
-39.784702
-39.784935
-39.785215
-39.785549
-39.785939
-39.786392
-39.786912
-39.787504
-39.788173
-39.788922
-39.789756
-39.790678
-39.791693
-39.792804
-39.794011
-39.795318
-39.796724
-39.798229
-39.799831
-39.801528
-39.803315
-39.805189
-39.807142
-39.80917
-39.811266
-39.813427
-39.815649
-39.817931
-39.820278
-39.8227
-39.825212
-39.827843
-39.830633
-39.83364
-39.836946
-39.84066
-39.844936
-39.84998
-39.856076
-39.863617
-39.873137
-39.885387
-39.901476
-39.922024
-39.946876
-39.999443
-40.011627
-40.156048
-40.115095
-40.285735
-40.138959
-24.398388
365.02696
-39.73862
-39.73862
-39.738622
-39.738627
-39.738634
-39.738644
-39.738657
-39.738674
-39.738696
-39.738721
-39.738752
-39.738787
-39.738828
-39.738875
-39.738927
-39.738986
-39.739051
-39.739123
-39.7392
-39.739284
-39.739371
-39.739461
-39.739553
-39.739642
-39.739727
-39.739805
-39.739874
-39.739932
-39.739979
-39.740017
-39.740046
-39.740071
-39.740092
-39.740113
-39.740136
-39.74016
-39.740188
-39.740219
-39.740255
-39.740294
-39.740339
-39.740388
-39.740441
-39.7405
-39.740564
-39.740633
-39.740707
-39.740787
-39.740871
-39.740961
-39.741055
-39.741153
-39.741256
-39.741363
-39.741472
-39.741585
-39.741699
-39.741815
-39.741933
-39.74205
-39.742168
-39.742284
-39.742399
-39.742511
-39.742621
-39.742727
-39.742829
-39.742927
-39.743021
-39.743112
-39.743199
-39.743284
-39.743366
-39.743448
-39.743529
-39.743612
-39.743696
-39.743783
-39.743874
-39.743968
-39.744068
-39.744172
-39.744282
-39.744397
-39.744517
-39.744643
-39.744773
-39.744908
-39.745048
-39.745192
-39.745339
-39.74549
-39.745644
-39.7458
-39.745958
-39.746116
-39.746275
-39.746433
-39.74659
-39.746745
-39.746898
-39.747048
-39.747195
-39.747339
-39.747479
-39.747618
-39.747753
-39.747886
-39.748016
-39.748145
-39.748272
-39.748399
-39.748525
-39.748651
-39.748778
-39.748906
-39.749035
-39.749165
-39.749298
-39.749432
-39.749568
-39.749706
-39.749846
-39.749988
-39.750132
-39.750278
-39.750426
-39.750576
-39.750727
-39.750879
-39.751032
-39.751186
-39.751342
-39.751498
-39.751654
-39.751811
-39.751969
-39.752126
-39.752283
-39.75244
-39.752597
-39.752754
-39.752911
-39.753068
-39.753225
-39.753383
-39.753541
-39.753699
-39.753856
-39.754014
-39.754171
-39.754329
-39.754486
-39.754644
-39.754801
-39.754959
-39.755117
-39.755275
-39.755432
-39.755591
-39.755748
-39.755907
-39.756065
-39.756223
-39.756381
-39.75654
-39.756698
-39.756857
-39.757016
-39.757175
-39.757334
-39.757494
-39.757654
-39.757814
-39.757975
-39.758136
-39.758298
-39.758461
-39.758624
-39.758788
-39.758953
-39.759118
-39.759284
-39.759451
-39.759618
-39.759785
-39.759953
-39.760122
-39.760292
-39.760462
-39.760632
-39.760803
-39.760975
-39.761146
-39.761319
-39.761492
-39.761665
-39.761839
-39.762013
-39.762188
-39.762364
-39.762539
-39.762716
-39.762892
-39.763069
-39.763245
-39.763422
-39.7636
-39.763777
-39.763955
-39.764133
-39.764311
-39.764489
-39.764667
-39.764846
-39.765025
-39.765204
-39.765383
-39.765562
-39.765741
-39.76592
-39.7661
-39.766279
-39.766458
-39.766638
-39.766817
-39.766997
-39.767177
-39.767357
-39.767536
-39.767716
-39.767895
-39.768075
-39.768255
-39.768434
-39.768614
-39.768793
-39.768972
-39.76915
-39.76933
-39.769508
-39.769687
-39.769865
-39.770043
-39.770221
-39.770398
-39.770576
-39.770753
-39.77093
-39.771107
-39.771283
-39.771459
-39.771635
-39.771811
-39.771986
-39.772161
-39.772336
-39.77251
-39.772684
-39.772857
-39.773031
-39.773204
-39.773377
-39.773549
-39.773721
-39.773892
-39.774063
-39.774234
-39.774404
-39.774573
-39.774742
-39.77491
-39.775078
-39.775244
-39.77541
-39.775576
-39.77574
-39.775905
-39.776068
-39.776231
-39.776394
-39.776556
-39.776717
-39.776878
-39.777039
-39.7772
-39.77736
-39.77752
-39.77768
-39.777839
-39.777997
-39.778154
-39.77831
-39.778465
-39.778619
-39.778771
-39.778923
-39.779073
-39.779222
-39.77937
-39.779517
-39.779663
-39.779808
-39.779953
-39.780096
-39.780239
-39.78038
-39.780521
-39.780661
-39.780801
-39.780941
-39.78108
-39.781218
-39.781354
-39.78149
-39.781624
-39.781755
-39.781884
-39.782011
-39.782136
-39.782258
-39.782377
-39.782495
-39.78261
-39.782722
-39.782831
-39.782939
-39.783044
-39.783148
-39.78325
-39.783351
-39.783451
-39.783552
-39.783653
-39.783755
-39.783858
-39.783961
-39.784065
-39.784169
-39.784274
-39.784379
-39.784483
-39.784587
-39.78469
-39.784792
-39.784891
-39.784987
-39.785079
-39.785166
-39.785249
-39.785325
-39.785396
-39.785461
-39.785519
-39.785572
-39.785619
-39.785661
-39.785698
-39.78573
-39.785759
-39.785784
-39.785807
-39.785829
-39.785849
-39.78587
-39.78589
-39.785911
-39.785932
-39.785954
-39.785977
-39.786001
-39.786025
-39.78605
-39.786074
-39.786098
-39.786121
-39.786142
-39.78616
-39.786175
-39.786184
-39.786188
-39.786186
-39.786177
-39.786162
-39.786138
-39.786107
-39.786069
-39.786022
-39.785969
-39.785909
-39.785844
-39.785773
-39.785699
-39.785622
-39.785544
-39.785465
-39.785386
-39.785308
-39.785231
-39.785157
-39.785084
-39.785015
-39.784947
-39.784882
-39.784819
-39.784759
-39.7847
-39.784642
-39.784586
-39.784532
-39.784478
-39.784425
-39.784375
-39.784326
-39.784279
-39.784237
-39.784199
-39.784169
-39.784147
-39.784136
-39.784139
-39.784158
-39.784197
-39.78426
-39.78435
-39.784471
-39.784627
-39.784821
-39.78506
-39.785345
-39.785683
-39.786077
-39.786533
-39.787054
-39.787645
-39.788312
-39.789057
-39.789885
-39.790799
-39.791803
-39.7929
-39.79409
-39.795376
-39.796758
-39.798235
-39.799806
-39.801467
-39.803214
-39.805044
-39.806949
-39.808926
-39.810969
-39.813073
-39.815236
-39.817458
-39.819742
-39.822101
-39.824552
-39.827121
-39.829853
-39.832805
-39.836061
-39.839732
-39.843973
-39.848994
-39.855082
-39.862636
-39.872199
-39.884544
-39.900748
-39.921485
-39.947927
-39.998515
-40.013909
-40.16646
-40.113372
-40.299881
-40.156124
-21.86908
368.80586
-39.738621
-39.738621
-39.738624
-39.738628
-39.738635
-39.738645
-39.738659
-39.738676
-39.738697
-39.738723
-39.738753
-39.738789
-39.73883
-39.738876
-39.738929
-39.738989
-39.739055
-39.739127
-39.739206
-39.739291
-39.739381
-39.739474
-39.739568
-39.73966
-39.739748
-39.739828
-39.739898
-39.739956
-39.740003
-39.74004
-39.740068
-39.740091
-39.740111
-39.74013
-39.740151
-39.740174
-39.740201
-39.740231
-39.740266
-39.740305
-39.740349
-39.740398
-39.740451
-39.740509
-39.740572
-39.740641
-39.740714
-39.740793
-39.740877
-39.740966
-39.741059
-39.741157
-39.741259
-39.741364
-39.741473
-39.741585
-39.741698
-39.741814
-39.74193
-39.742047
-39.742163
-39.742279
-39.742393
-39.742505
-39.742614
-39.74272
-39.742822
-39.742921
-39.743016
-39.743107
-39.743196
-39.743281
-39.743365
-39.743448
-39.743531
-39.743615
-39.743701
-39.743789
-39.74388
-39.743976
-39.744076
-39.744181
-39.744291
-39.744406
-39.744526
-39.744652
-39.744782
-39.744916
-39.745056
-39.745199
-39.745345
-39.745495
-39.745648
-39.745803
-39.74596
-39.746118
-39.746275
-39.746433
-39.746589
-39.746743
-39.746895
-39.747044
-39.747191
-39.747335
-39.747476
-39.747614
-39.74775
-39.747883
-39.748014
-39.748143
-39.748271
-39.748398
-39.748525
-39.748652
-39.748779
-39.748907
-39.749037
-39.749168
-39.749301
-39.749435
-39.749571
-39.749709
-39.749849
-39.749992
-39.750136
-39.750282
-39.75043
-39.750579
-39.75073
-39.750882
-39.751035
-39.751189
-39.751344
-39.751499
-39.751656
-39.751813
-39.75197
-39.752127
-39.752284
-39.752441
-39.752598
-39.752754
-39.752911
-39.753068
-39.753225
-39.753383
-39.753541
-39.753699
-39.753857
-39.754014
-39.754172
-39.754329
-39.754487
-39.754644
-39.754802
-39.754959
-39.755117
-39.755275
-39.755433
-39.755591
-39.755749
-39.755907
-39.756066
-39.756224
-39.756382
-39.756541
-39.756699
-39.756858
-39.757017
-39.757176
-39.757336
-39.757495
-39.757655
-39.757816
-39.757976
-39.758138
-39.7583
-39.758463
-39.758626
-39.75879
-39.758955
-39.75912
-39.759286
-39.759453
-39.75962
-39.759787
-39.759955
-39.760124
-39.760293
-39.760464
-39.760634
-39.760805
-39.760976
-39.761148
-39.76132
-39.761493
-39.761667
-39.76184
-39.762015
-39.76219
-39.762365
-39.762541
-39.762717
-39.762893
-39.76307
-39.763246
-39.763423
-39.763601
-39.763778
-39.763956
-39.764134
-39.764312
-39.76449
-39.764668
-39.764847
-39.765025
-39.765204
-39.765383
-39.765562
-39.765742
-39.765921
-39.7661
-39.766279
-39.766459
-39.766638
-39.766818
-39.766997
-39.767177
-39.767357
-39.767536
-39.767716
-39.767895
-39.768075
-39.768255
-39.768434
-39.768614
-39.768793
-39.768972
-39.76915
-39.769329
-39.769508
-39.769686
-39.769864
-39.770042
-39.77022
-39.770398
-39.770575
-39.770752
-39.770929
-39.771106
-39.771282
-39.771458
-39.771634
-39.77181
-39.771985
-39.77216
-39.772335
-39.772509
-39.772683
-39.772856
-39.77303
-39.773203
-39.773375
-39.773548
-39.773719
-39.773891
-39.774062
-39.774232
-39.774402
-39.774571
-39.77474
-39.774908
-39.775075
-39.775242
-39.775408
-39.775573
-39.775738
-39.775902
-39.776066
-39.776229
-39.776391
-39.776553
-39.776714
-39.776875
-39.777036
-39.777197
-39.777357
-39.777517
-39.777676
-39.777835
-39.777993
-39.778151
-39.778306
-39.778461
-39.778615
-39.778768
-39.778919
-39.779069
-39.779218
-39.779366
-39.779513
-39.779659
-39.779805
-39.779949
-39.780092
-39.780235
-39.780376
-39.780517
-39.780657
-39.780797
-39.780936
-39.781075
-39.781213
-39.781349
-39.781484
-39.781618
-39.781749
-39.781878
-39.782005
-39.782129
-39.782251
-39.782371
-39.782488
-39.782603
-39.782716
-39.782826
-39.782933
-39.783039
-39.783143
-39.783245
-39.783347
-39.783448
-39.783548
-39.78365
-39.783752
-39.783854
-39.783957
-39.78406
-39.784165
-39.784269
-39.784373
-39.784477
-39.78458
-39.784682
-39.784783
-39.784882
-39.784977
-39.785068
-39.785154
-39.785236
-39.785312
-39.785383
-39.785447
-39.785506
-39.785558
-39.785606
-39.785649
-39.785686
-39.785719
-39.785749
-39.785775
-39.785798
-39.785821
-39.785842
-39.785863
-39.785884
-39.785905
-39.785927
-39.785949
-39.785971
-39.785995
-39.786019
-39.786043
-39.786067
-39.78609
-39.786112
-39.786132
-39.786149
-39.786162
-39.786171
-39.786174
-39.786172
-39.786163
-39.786147
-39.786124
-39.786093
-39.786055
-39.78601
-39.785958
-39.785899
-39.785835
-39.785767
-39.785695
-39.78562
-39.785543
-39.785466
-39.785389
-39.785313
-39.785237
-39.785165
-39.785093
-39.785025
-39.784959
-39.784896
-39.784834
-39.784775
-39.784718
-39.784662
-39.784608
-39.784556
-39.784504
-39.784455
-39.784407
-39.784361
-39.784319
-39.784281
-39.784248
-39.784223
-39.784207
-39.784201
-39.78421
-39.784236
-39.784282
-39.784352
-39.784448
-39.784576
-39.784738
-39.784938
-39.785182
-39.785472
-39.785814
-39.786212
-39.786669
-39.787191
-39.787782
-39.788446
-39.789187
-39.790009
-39.790915
-39.791907
-39.79299
-39.794163
-39.795429
-39.796787
-39.798236
-39.799775
-39.801401
-39.803108
-39.804895
-39.806754
-39.80868
-39.810669
-39.812716
-39.81482
-39.81698
-39.819203
-39.821498
-39.823884
-39.826391
-39.82906
-39.831952
-39.83515
-39.838769
-39.842964
-39.847945
-39.854004
-39.861542
-39.87111
-39.883492
-39.899746
-39.920658
-39.948374
-39.996738
-40.016992
-40.176493
-40.113697
-40.316166
-40.176214
-20.848309
370.91366
-39.738622
-39.738622
-39.738625
-39.738629
-39.738636
-39.738646
-39.73866
-39.738677
-39.738698
-39.738724
-39.738754
-39.73879
-39.738831
-39.738878
-39.738931
-39.738991
-39.739058
-39.739132
-39.739212
-39.739299
-39.739392
-39.739487
-39.739584
-39.739679
-39.739769
-39.739851
-39.739923
-39.739982
-39.740029
-39.740064
-39.740091
-39.740111
-39.740129
-39.740146
-39.740166
-39.740188
-39.740213
-39.740243
-39.740277
-39.740316
-39.740359
-39.740407
-39.74046
-39.740518
-39.74058
-39.740648
-39.740721
-39.7408
-39.740883
-39.740971
-39.741063
-39.74116
-39.741262
-39.741366
-39.741474
-39.741585
-39.741697
-39.741812
-39.741927
-39.742043
-39.742159
-39.742274
-39.742387
-39.742499
-39.742608
-39.742714
-39.742816
-39.742915
-39.743011
-39.743103
-39.743192
-39.743279
-39.743364
-39.743448
-39.743533
-39.743618
-39.743705
-39.743794
-39.743887
-39.743983
-39.744084
-39.74419
-39.7443
-39.744415
-39.744535
-39.744661
-39.74479
-39.744925
-39.745063
-39.745206
-39.745352
-39.745501
-39.745653
-39.745807
-39.745962
-39.746119
-39.746276
-39.746432
-39.746587
-39.746741
-39.746893
-39.747042
-39.747188
-39.747332
-39.747472
-39.747611
-39.747747
-39.74788
-39.748012
-39.748141
-39.74827
-39.748398
-39.748525
-39.748652
-39.74878
-39.748909
-39.749039
-39.749171
-39.749304
-39.749438
-39.749575
-39.749713
-39.749853
-39.749995
-39.750139
-39.750285
-39.750433
-39.750582
-39.750733
-39.750884
-39.751037
-39.751191
-39.751346
-39.751501
-39.751657
-39.751814
-39.751971
-39.752128
-39.752285
-39.752442
-39.752598
-39.752755
-39.752912
-39.753069
-39.753226
-39.753384
-39.753542
-39.7537
-39.753857
-39.754015
-39.754172
-39.75433
-39.754487
-39.754645
-39.754802
-39.75496
-39.755118
-39.755276
-39.755434
-39.755592
-39.75575
-39.755908
-39.756066
-39.756225
-39.756383
-39.756542
-39.7567
-39.756859
-39.757018
-39.757178
-39.757337
-39.757497
-39.757657
-39.757817
-39.757978
-39.75814
-39.758302
-39.758464
-39.758628
-39.758792
-39.758957
-39.759122
-39.759288
-39.759454
-39.759621
-39.759789
-39.759957
-39.760126
-39.760295
-39.760465
-39.760636
-39.760807
-39.760978
-39.76115
-39.761322
-39.761495
-39.761668
-39.761842
-39.762016
-39.762191
-39.762366
-39.762542
-39.762718
-39.762894
-39.763071
-39.763247
-39.763424
-39.763602
-39.763779
-39.763957
-39.764134
-39.764312
-39.76449
-39.764669
-39.764847
-39.765026
-39.765205
-39.765384
-39.765563
-39.765742
-39.765921
-39.7661
-39.76628
-39.766459
-39.766638
-39.766818
-39.766998
-39.767177
-39.767357
-39.767536
-39.767716
-39.767895
-39.768075
-39.768255
-39.768434
-39.768614
-39.768792
-39.768971
-39.76915
-39.769329
-39.769507
-39.769686
-39.769864
-39.770042
-39.77022
-39.770397
-39.770575
-39.770752
-39.770929
-39.771105
-39.771282
-39.771458
-39.771634
-39.771809
-39.771984
-39.772159
-39.772334
-39.772508
-39.772682
-39.772855
-39.773028
-39.773201
-39.773374
-39.773546
-39.773718
-39.773889
-39.77406
-39.77423
-39.7744
-39.774569
-39.774738
-39.774906
-39.775073
-39.77524
-39.775406
-39.775571
-39.775735
-39.7759
-39.776063
-39.776226
-39.776388
-39.77655
-39.776711
-39.776872
-39.777033
-39.777193
-39.777354
-39.777513
-39.777673
-39.777832
-39.77799
-39.778147
-39.778303
-39.778458
-39.778611
-39.778764
-39.778915
-39.779065
-39.779214
-39.779362
-39.77951
-39.779656
-39.779801
-39.779945
-39.780089
-39.780231
-39.780372
-39.780513
-39.780653
-39.780793
-39.780932
-39.78107
-39.781208
-39.781344
-39.781479
-39.781612
-39.781743
-39.781872
-39.781998
-39.782122
-39.782244
-39.782364
-39.782482
-39.782597
-39.78271
-39.78282
-39.782928
-39.783034
-39.783138
-39.783241
-39.783343
-39.783444
-39.783545
-39.783646
-39.783748
-39.78385
-39.783953
-39.784056
-39.78416
-39.784264
-39.784367
-39.78447
-39.784573
-39.784674
-39.784775
-39.784872
-39.784966
-39.785056
-39.785142
-39.785224
-39.7853
-39.78537
-39.785434
-39.785493
-39.785546
-39.785594
-39.785637
-39.785675
-39.785709
-39.785739
-39.785765
-39.78579
-39.785813
-39.785835
-39.785857
-39.785878
-39.7859
-39.785921
-39.785943
-39.785966
-39.785989
-39.786013
-39.786036
-39.786059
-39.786081
-39.786103
-39.786122
-39.786138
-39.78615
-39.786158
-39.786161
-39.786158
-39.786149
-39.786133
-39.78611
-39.786079
-39.786042
-39.785997
-39.785946
-39.78589
-39.785827
-39.78576
-39.78569
-39.785617
-39.785542
-39.785467
-39.785392
-39.785317
-39.785243
-39.785172
-39.785103
-39.785036
-39.784972
-39.78491
-39.784849
-39.784792
-39.784736
-39.784682
-39.78463
-39.784579
-39.784531
-39.784484
-39.784439
-39.784397
-39.784358
-39.784324
-39.784297
-39.784276
-39.784265
-39.784266
-39.784281
-39.784313
-39.784365
-39.784441
-39.784544
-39.784678
-39.784846
-39.785052
-39.785301
-39.785596
-39.785942
-39.786342
-39.786802
-39.787324
-39.787915
-39.788576
-39.789313
-39.790129
-39.791025
-39.792007
-39.793075
-39.794231
-39.795476
-39.79681
-39.798232
-39.799739
-39.80133
-39.802999
-39.804742
-39.806554
-39.80843
-39.810366
-39.812356
-39.814401
-39.8165
-39.818659
-39.820889
-39.82321
-39.82565
-39.828254
-39.83108
-39.834215
-39.837772
-39.841907
-39.846834
-39.852842
-39.860334
-39.869866
-39.88223
-39.898468
-39.919515
-39.948127
-39.994235
-40.02072
-40.184027
-40.116188
-40.335731
-40.204665
-22.213753
377.2587
-39.738623
-39.738623
-39.738626
-39.73863
-39.738637
-39.738647
-39.738661
-39.738678
-39.738699
-39.738725
-39.738755
-39.738791
-39.738832
-39.738879
-39.738933
-39.738993
-39.739061
-39.739136
-39.739218
-39.739307
-39.739402
-39.7395
-39.7396
-39.739699
-39.739792
-39.739876
-39.739949
-39.740009
-39.740055
-39.740089
-39.740113
-39.740132
-39.740148
-39.740163
-39.74018
-39.740201
-39.740226
-39.740255
-39.740288
-39.740326
-39.740369
-39.740416
-39.740469
-39.740526
-39.740588
-39.740656
-39.740728
-39.740806
-39.740888
-39.740976
-39.741067
-39.741164
-39.741264
-39.741368
-39.741475
-39.741584
-39.741696
-39.74181
-39.741924
-39.74204
-39.742155
-39.742269
-39.742382
-39.742493
-39.742602
-39.742708
-39.74281
-39.74291
-39.743006
-39.743099
-39.743189
-39.743277
-39.743363
-39.743449
-39.743534
-39.743621
-39.743709
-39.743799
-39.743893
-39.74399
-39.744092
-39.744198
-39.744308
-39.744424
-39.744544
-39.744669
-39.744799
-39.744933
-39.74507
-39.745212
-39.745357
-39.745506
-39.745657
-39.74581
-39.745965
-39.74612
-39.746276
-39.746432
-39.746586
-39.746739
-39.74689
-39.747039
-39.747185
-39.747328
-39.747469
-39.747608
-39.747744
-39.747878
-39.74801
-39.74814
-39.748269
-39.748397
-39.748525
-39.748653
-39.748782
-39.748911
-39.749041
-39.749173
-39.749306
-39.749441
-39.749578
-39.749716
-39.749857
-39.749999
-39.750143
-39.750289
-39.750436
-39.750585
-39.750735
-39.750887
-39.75104
-39.751193
-39.751348
-39.751503
-39.751659
-39.751815
-39.751972
-39.752129
-39.752286
-39.752443
-39.752599
-39.752756
-39.752912
-39.753069
-39.753226
-39.753384
-39.753542
-39.7537
-39.753858
-39.754015
-39.754173
-39.75433
-39.754488
-39.754645
-39.754803
-39.754961
-39.755118
-39.755276
-39.755434
-39.755592
-39.75575
-39.755909
-39.756067
-39.756226
-39.756384
-39.756543
-39.756701
-39.75686
-39.757019
-39.757179
-39.757338
-39.757498
-39.757658
-39.757819
-39.75798
-39.758141
-39.758303
-39.758466
-39.75863
-39.758794
-39.758958
-39.759124
-39.75929
-39.759456
-39.759623
-39.759791
-39.759959
-39.760127
-39.760297
-39.760467
-39.760638
-39.760808
-39.76098
-39.761151
-39.761323
-39.761496
-39.76167
-39.761843
-39.762018
-39.762192
-39.762367
-39.762543
-39.762719
-39.762895
-39.763072
-39.763248
-39.763425
-39.763603
-39.76378
-39.763958
-39.764135
-39.764313
-39.764491
-39.76467
-39.764848
-39.765027
-39.765206
-39.765384
-39.765563
-39.765743
-39.765922
-39.766101
-39.76628
-39.766459
-39.766639
-39.766818
-39.766998
-39.767177
-39.767357
-39.767537
-39.767716
-39.767896
-39.768075
-39.768255
-39.768434
-39.768614
-39.768792
-39.768971
-39.76915
-39.769329
-39.769507
-39.769686
-39.769864
-39.770042
-39.770219
-39.770397
-39.770574
-39.770751
-39.770928
-39.771105
-39.771281
-39.771457
-39.771633
-39.771808
-39.771983
-39.772158
-39.772333
-39.772507
-39.772681
-39.772854
-39.773027
-39.7732
-39.773373
-39.773545
-39.773716
-39.773887
-39.774058
-39.774228
-39.774398
-39.774567
-39.774736
-39.774904
-39.775071
-39.775237
-39.775403
-39.775568
-39.775733
-39.775897
-39.77606
-39.776223
-39.776385
-39.776547
-39.776708
-39.776869
-39.77703
-39.77719
-39.77735
-39.77751
-39.777669
-39.777828
-39.777986
-39.778143
-39.778299
-39.778454
-39.778608
-39.77876
-39.778911
-39.779062
-39.779211
-39.779359
-39.779506
-39.779652
-39.779797
-39.779942
-39.780085
-39.780227
-39.780368
-39.780509
-39.780649
-39.780788
-39.780927
-39.781066
-39.781203
-39.781339
-39.781474
-39.781607
-39.781738
-39.781866
-39.781992
-39.782116
-39.782238
-39.782358
-39.782476
-39.782591
-39.782704
-39.782814
-39.782922
-39.783029
-39.783133
-39.783236
-39.783338
-39.78344
-39.783541
-39.783643
-39.783744
-39.783847
-39.783949
-39.784052
-39.784155
-39.784259
-39.784362
-39.784464
-39.784566
-39.784667
-39.784766
-39.784863
-39.784956
-39.785045
-39.785131
-39.785212
-39.785287
-39.785357
-39.785422
-39.78548
-39.785533
-39.785582
-39.785625
-39.785664
-39.785698
-39.785729
-39.785756
-39.785782
-39.785806
-39.785829
-39.78585
-39.785872
-39.785894
-39.785916
-39.785938
-39.78596
-39.785983
-39.786006
-39.786029
-39.786052
-39.786073
-39.786093
-39.786112
-39.786127
-39.786139
-39.786146
-39.786148
-39.786144
-39.786135
-39.786119
-39.786096
-39.786066
-39.786029
-39.785986
-39.785936
-39.78588
-39.785819
-39.785754
-39.785686
-39.785614
-39.785541
-39.785468
-39.785394
-39.785321
-39.785249
-39.78518
-39.785112
-39.785047
-39.784983
-39.784923
-39.784864
-39.784808
-39.784753
-39.784701
-39.784651
-39.784603
-39.784557
-39.784512
-39.784471
-39.784432
-39.784397
-39.784367
-39.784344
-39.784328
-39.784323
-39.784329
-39.78435
-39.784389
-39.784447
-39.784529
-39.784639
-39.784778
-39.784952
-39.785164
-39.785417
-39.785717
-39.786066
-39.786469
-39.786931
-39.787454
-39.788043
-39.788702
-39.789434
-39.790243
-39.791131
-39.792101
-39.793155
-39.794294
-39.795519
-39.796829
-39.798223
-39.799699
-39.801255
-39.802885
-39.804585
-39.806351
-39.808177
-39.810059
-39.811994
-39.813979
-39.816016
-39.818111
-39.820275
-39.822529
-39.8249
-39.827434
-39.83019
-39.833254
-39.83674
-39.840804
-39.845658
-39.851594
-39.859011
-39.868467
-39.880755
-39.89691
-39.918025
-39.947133
-39.991132
-40.024658
-40.186886
-40.121346
-40.34898
-40.239753
-28.120218
388.61471
-39.738624
-39.738624
-39.738626
-39.738631
-39.738638
-39.738648
-39.738662
-39.738679
-39.7387
-39.738725
-39.738756
-39.738791
-39.738833
-39.73888
-39.738934
-39.738995
-39.739064
-39.73914
-39.739224
-39.739315
-39.739413
-39.739514
-39.739617
-39.739719
-39.739815
-39.739902
-39.739976
-39.740036
-39.740082
-39.740115
-39.740137
-39.740153
-39.740166
-39.74018
-39.740195
-39.740214
-39.740238
-39.740266
-39.740299
-39.740336
-39.740378
-39.740425
-39.740477
-39.740534
-39.740596
-39.740662
-39.740734
-39.740811
-39.740893
-39.74098
-39.741071
-39.741167
-39.741266
-39.741369
-39.741475
-39.741584
-39.741695
-39.741808
-39.741922
-39.742036
-39.742151
-39.742264
-39.742377
-39.742488
-39.742596
-39.742702
-39.742805
-39.742904
-39.743001
-39.743095
-39.743186
-39.743275
-39.743362
-39.743449
-39.743536
-39.743623
-39.743713
-39.743804
-39.743899
-39.743997
-39.744099
-39.744206
-39.744317
-39.744432
-39.744553
-39.744677
-39.744807
-39.74494
-39.745078
-39.745219
-39.745363
-39.745511
-39.745661
-39.745813
-39.745967
-39.746122
-39.746277
-39.746432
-39.746585
-39.746738
-39.746888
-39.747036
-39.747182
-39.747325
-39.747466
-39.747605
-39.747741
-39.747875
-39.748007
-39.748138
-39.748268
-39.748397
-39.748525
-39.748654
-39.748783
-39.748912
-39.749043
-39.749176
-39.749309
-39.749444
-39.749581
-39.74972
-39.74986
-39.750002
-39.750146
-39.750292
-39.750439
-39.750588
-39.750738
-39.75089
-39.751042
-39.751195
-39.75135
-39.751505
-39.751661
-39.751817
-39.751974
-39.75213
-39.752287
-39.752443
-39.7526
-39.752756
-39.752913
-39.75307
-39.753227
-39.753385
-39.753543
-39.753701
-39.753858
-39.754016
-39.754173
-39.754331
-39.754488
-39.754646
-39.754803
-39.754961
-39.755119
-39.755277
-39.755435
-39.755593
-39.755751
-39.755909
-39.756068
-39.756226
-39.756385
-39.756544
-39.756702
-39.756861
-39.757021
-39.75718
-39.757339
-39.757499
-39.757659
-39.75782
-39.757981
-39.758143
-39.758305
-39.758468
-39.758631
-39.758795
-39.75896
-39.759126
-39.759292
-39.759458
-39.759625
-39.759792
-39.75996
-39.760129
-39.760299
-39.760469
-39.760639
-39.76081
-39.760981
-39.761153
-39.761325
-39.761498
-39.761671
-39.761845
-39.762019
-39.762193
-39.762369
-39.762544
-39.76272
-39.762896
-39.763073
-39.763249
-39.763426
-39.763603
-39.763781
-39.763958
-39.764136
-39.764314
-39.764492
-39.76467
-39.764849
-39.765027
-39.765206
-39.765385
-39.765564
-39.765743
-39.765922
-39.766101
-39.76628
-39.76646
-39.766639
-39.766818
-39.766998
-39.767178
-39.767357
-39.767537
-39.767716
-39.767896
-39.768075
-39.768255
-39.768434
-39.768613
-39.768792
-39.768971
-39.76915
-39.769329
-39.769507
-39.769686
-39.769863
-39.770041
-39.770219
-39.770396
-39.770574
-39.770751
-39.770928
-39.771104
-39.77128
-39.771456
-39.771632
-39.771808
-39.771983
-39.772157
-39.772332
-39.772506
-39.77268
-39.772853
-39.773026
-39.773199
-39.773371
-39.773543
-39.773715
-39.773886
-39.774057
-39.774227
-39.774396
-39.774565
-39.774734
-39.774902
-39.775069
-39.775235
-39.775401
-39.775566
-39.775731
-39.775895
-39.776058
-39.776221
-39.776383
-39.776544
-39.776705
-39.776866
-39.777027
-39.777187
-39.777347
-39.777507
-39.777666
-39.777825
-39.777983
-39.77814
-39.778295
-39.77845
-39.778604
-39.778756
-39.778908
-39.779058
-39.779207
-39.779355
-39.779502
-39.779648
-39.779794
-39.779938
-39.780081
-39.780223
-39.780365
-39.780505
-39.780645
-39.780784
-39.780923
-39.781061
-39.781198
-39.781334
-39.781469
-39.781601
-39.781732
-39.78186
-39.781986
-39.78211
-39.782232
-39.782351
-39.78247
-39.782585
-39.782698
-39.782808
-39.782917
-39.783024
-39.783129
-39.783232
-39.783334
-39.783436
-39.783537
-39.783639
-39.783741
-39.783843
-39.783945
-39.784048
-39.784151
-39.784253
-39.784356
-39.784458
-39.784559
-39.784659
-39.784758
-39.784853
-39.784946
-39.785035
-39.78512
-39.7852
-39.785275
-39.785345
-39.785409
-39.785468
-39.785521
-39.78557
-39.785613
-39.785653
-39.785688
-39.785719
-39.785747
-39.785774
-39.785798
-39.785822
-39.785844
-39.785866
-39.785888
-39.78591
-39.785932
-39.785955
-39.785977
-39.786
-39.786022
-39.786044
-39.786065
-39.786084
-39.786102
-39.786116
-39.786127
-39.786134
-39.786135
-39.786132
-39.786122
-39.786106
-39.786083
-39.786053
-39.786017
-39.785974
-39.785925
-39.785871
-39.785812
-39.785748
-39.785681
-39.785611
-39.78554
-39.785468
-39.785397
-39.785325
-39.785255
-39.785187
-39.785121
-39.785057
-39.784995
-39.784936
-39.784878
-39.784824
-39.784771
-39.784721
-39.784673
-39.784626
-39.784583
-39.784541
-39.784502
-39.784467
-39.784436
-39.78441
-39.784392
-39.78438
-39.78438
-39.784392
-39.784419
-39.784463
-39.784528
-39.784616
-39.784731
-39.784876
-39.785056
-39.785273
-39.785531
-39.785835
-39.786187
-39.786593
-39.787056
-39.787579
-39.788167
-39.788823
-39.78955
-39.790353
-39.791232
-39.79219
-39.79323
-39.794352
-39.795556
-39.796843
-39.79821
-39.799655
-39.801176
-39.802767
-39.804425
-39.806145
-39.807922
-39.809751
-39.811629
-39.813554
-39.815529
-39.817559
-39.819657
-39.821841
-39.824141
-39.826601
-39.829281
-39.832267
-39.835673
-39.839654
-39.84442
-39.85026
-39.857573
-39.866913
-39.879069
-39.895073
-39.916163
-39.945388
-39.987528
-40.028317
-40.186024
-40.127247
-40.341181
-40.266772
-37.76851
324.98614
-39.738624
-39.738625
-39.738627
-39.738632
-39.738639
-39.738649
-39.738662
-39.738679
-39.738701
-39.738726
-39.738756
-39.738792
-39.738833
-39.738881
-39.738935
-39.738997
-39.739067
-39.739144
-39.73923
-39.739323
-39.739423
-39.739528
-39.739635
-39.73974
-39.739839
-39.739929
-39.740005
-39.740066
-39.74011
-39.740141
-39.740161
-39.740174
-39.740185
-39.740196
-39.74021
-39.740228
-39.74025
-39.740277
-39.740309
-39.740346
-39.740388
-39.740434
-39.740485
-39.740541
-39.740603
-39.740669
-39.74074
-39.740817
-39.740898
-39.740984
-39.741075
-39.74117
-39.741268
-39.74137
-39.741476
-39.741584
-39.741694
-39.741806
-39.741919
-39.742033
-39.742147
-39.74226
-39.742372
-39.742482
-39.742591
-39.742696
-39.742799
-39.742899
-39.742996
-39.743091
-39.743183
-39.743273
-39.743361
-39.743449
-39.743537
-39.743626
-39.743716
-39.743809
-39.743904
-39.744003
-39.744106
-39.744213
-39.744325
-39.74444
-39.744561
-39.744686
-39.744814
-39.744948
-39.745084
-39.745225
-39.745369
-39.745516
-39.745665
-39.745816
-39.745969
-39.746123
-39.746278
-39.746432
-39.746585
-39.746736
-39.746886
-39.747034
-39.747179
-39.747322
-39.747463
-39.747602
-39.747738
-39.747873
-39.748006
-39.748137
-39.748267
-39.748396
-39.748525
-39.748654
-39.748784
-39.748914
-39.749045
-39.749178
-39.749312
-39.749447
-39.749584
-39.749723
-39.749863
-39.750006
-39.75015
-39.750295
-39.750443
-39.750591
-39.750741
-39.750892
-39.751044
-39.751197
-39.751352
-39.751507
-39.751662
-39.751818
-39.751975
-39.752131
-39.752288
-39.752444
-39.752601
-39.752757
-39.752913
-39.75307
-39.753227
-39.753385
-39.753543
-39.753701
-39.753859
-39.754016
-39.754174
-39.754331
-39.754489
-39.754646
-39.754804
-39.754962
-39.75512
-39.755278
-39.755435
-39.755594
-39.755752
-39.75591
-39.756069
-39.756227
-39.756386
-39.756545
-39.756704
-39.756863
-39.757022
-39.757181
-39.757341
-39.757501
-39.757661
-39.757821
-39.757983
-39.758144
-39.758307
-39.758469
-39.758633
-39.758797
-39.758962
-39.759127
-39.759293
-39.75946
-39.759627
-39.759794
-39.759962
-39.760131
-39.7603
-39.76047
-39.760641
-39.760812
-39.760983
-39.761154
-39.761327
-39.761499
-39.761673
-39.761846
-39.76202
-39.762195
-39.76237
-39.762545
-39.762721
-39.762897
-39.763074
-39.76325
-39.763427
-39.763604
-39.763782
-39.763959
-39.764137
-39.764315
-39.764493
-39.764671
-39.764849
-39.765028
-39.765207
-39.765386
-39.765564
-39.765743
-39.765922
-39.766102
-39.766281
-39.76646
-39.766639
-39.766819
-39.766998
-39.767178
-39.767357
-39.767537
-39.767716
-39.767896
-39.768075
-39.768255
-39.768434
-39.768613
-39.768792
-39.768971
-39.76915
-39.769329
-39.769507
-39.769685
-39.769863
-39.770041
-39.770219
-39.770396
-39.770573
-39.77075
-39.770927
-39.771103
-39.77128
-39.771456
-39.771631
-39.771807
-39.771982
-39.772157
-39.772331
-39.772505
-39.772678
-39.772852
-39.773025
-39.773198
-39.77337
-39.773542
-39.773713
-39.773884
-39.774055
-39.774225
-39.774395
-39.774563
-39.774732
-39.774899
-39.775067
-39.775233
-39.775399
-39.775564
-39.775728
-39.775892
-39.776055
-39.776218
-39.77638
-39.776541
-39.776702
-39.776863
-39.777024
-39.777184
-39.777344
-39.777504
-39.777663
-39.777821
-39.777979
-39.778136
-39.778292
-39.778447
-39.7786
-39.778753
-39.778904
-39.779054
-39.779203
-39.779351
-39.779499
-39.779645
-39.77979
-39.779935
-39.780078
-39.78022
-39.780361
-39.780501
-39.780641
-39.78078
-39.780918
-39.781056
-39.781193
-39.781329
-39.781464
-39.781596
-39.781726
-39.781854
-39.78198
-39.782104
-39.782226
-39.782345
-39.782464
-39.782579
-39.782692
-39.782803
-39.782912
-39.783019
-39.783124
-39.783228
-39.78333
-39.783432
-39.783534
-39.783636
-39.783737
-39.783839
-39.783941
-39.784044
-39.784146
-39.784248
-39.78435
-39.784452
-39.784552
-39.784651
-39.784749
-39.784844
-39.784936
-39.785024
-39.785109
-39.785189
-39.785263
-39.785333
-39.785397
-39.785456
-39.785509
-39.785558
-39.785602
-39.785642
-39.785677
-39.785709
-39.785739
-39.785766
-39.785791
-39.785815
-39.785838
-39.78586
-39.785883
-39.785904
-39.785927
-39.785949
-39.785971
-39.785993
-39.786016
-39.786037
-39.786057
-39.786076
-39.786092
-39.786106
-39.786116
-39.786122
-39.786123
-39.786119
-39.786109
-39.786093
-39.78607
-39.786041
-39.786005
-39.785963
-39.785915
-39.785862
-39.785805
-39.785742
-39.785677
-39.785609
-39.785539
-39.785469
-39.785399
-39.78533
-39.785261
-39.785195
-39.785129
-39.785067
-39.785007
-39.784949
-39.784893
-39.78484
-39.784789
-39.78474
-39.784694
-39.78465
-39.784608
-39.78457
-39.784534
-39.784502
-39.784474
-39.784453
-39.784438
-39.784432
-39.784437
-39.784454
-39.784486
-39.784536
-39.784606
-39.7847
-39.784821
-39.784972
-39.785157
-39.78538
-39.785642
-39.78595
-39.786305
-39.786713
-39.787177
-39.7877
-39.788287
-39.78894
-39.789663
-39.790458
-39.791328
-39.792275
-39.7933
-39.794405
-39.795589
-39.796852
-39.798192
-39.799607
-39.801093
-39.802646
-39.804262
-39.805936
-39.807664
-39.80944
-39.811261
-39.813128
-39.81504
-39.817004
-39.819033
-39.821146
-39.823372
-39.825754
-39.828355
-39.831256
-39.834573
-39.838457
-39.843119
-39.848843
-39.856022
-39.865205
-39.877172
-39.892956
-39.913906
-39.942924
-39.983477
-40.031222
-40.18223
-40.133229
-40.358772
-40.254428
-18.875506
39.933689
-39.738625
-39.738625
-39.738627
-39.738632
-39.738639
-39.738649
-39.738663
-39.73868
-39.738701
-39.738727
-39.738757
-39.738792
-39.738834
-39.738881
-39.738936
-39.738998
-39.739069
-39.739148
-39.739236
-39.739331
-39.739434
-39.739542
-39.739653
-39.739762
-39.739865
-39.739957
-39.740035
-39.740096
-39.74014
-39.740169
-39.740186
-39.740196
-39.740204
-39.740213
-39.740224
-39.74024
-39.740262
-39.740288
-39.740319
-39.740355
-39.740396
-39.740442
-39.740493
-39.740549
-39.74061
-39.740675
-39.740746
-39.740822
-39.740903
-39.740988
-39.741078
-39.741172
-39.74127
-39.741372
-39.741476
-39.741584
-39.741693
-39.741804
-39.741917
-39.74203
-39.742143
-39.742255
-39.742367
-39.742477
-39.742585
-39.742691
-39.742794
-39.742894
-39.742992
-39.743087
-39.74318
-39.743271
-39.74336
-39.743449
-39.743538
-39.743628
-39.74372
-39.743813
-39.74391
-39.74401
-39.744113
-39.744221
-39.744332
-39.744448
-39.744569
-39.744693
-39.744822
-39.744955
-39.745091
-39.745231
-39.745374
-39.74552
-39.745669
-39.74582
-39.745972
-39.746125
-39.746278
-39.746431
-39.746584
-39.746735
-39.746884
-39.747031
-39.747177
-39.74732
-39.74746
-39.747599
-39.747736
-39.747871
-39.748004
-39.748135
-39.748266
-39.748396
-39.748525
-39.748655
-39.748785
-39.748916
-39.749047
-39.74918
-39.749314
-39.74945
-39.749587
-39.749726
-39.749866
-39.750009
-39.750153
-39.750298
-39.750446
-39.750594
-39.750744
-39.750895
-39.751047
-39.7512
-39.751353
-39.751508
-39.751664
-39.75182
-39.751976
-39.752132
-39.752289
-39.752445
-39.752601
-39.752757
-39.752914
-39.753071
-39.753228
-39.753386
-39.753544
-39.753702
-39.753859
-39.754017
-39.754174
-39.754332
-39.754489
-39.754647
-39.754805
-39.754962
-39.75512
-39.755278
-39.755436
-39.755594
-39.755752
-39.755911
-39.756069
-39.756228
-39.756387
-39.756546
-39.756705
-39.756864
-39.757023
-39.757182
-39.757342
-39.757502
-39.757662
-39.757823
-39.757984
-39.758146
-39.758308
-39.758471
-39.758635
-39.758799
-39.758964
-39.759129
-39.759295
-39.759461
-39.759628
-39.759796
-39.759964
-39.760133
-39.760302
-39.760472
-39.760642
-39.760813
-39.760984
-39.761156
-39.761328
-39.761501
-39.761674
-39.761848
-39.762022
-39.762196
-39.762371
-39.762546
-39.762722
-39.762898
-39.763075
-39.763251
-39.763428
-39.763605
-39.763783
-39.76396
-39.764138
-39.764316
-39.764494
-39.764672
-39.76485
-39.765029
-39.765207
-39.765386
-39.765565
-39.765744
-39.765923
-39.766102
-39.766281
-39.76646
-39.766639
-39.766819
-39.766998
-39.767178
-39.767357
-39.767537
-39.767716
-39.767896
-39.768076
-39.768255
-39.768434
-39.768613
-39.768792
-39.768971
-39.76915
-39.769329
-39.769507
-39.769685
-39.769863
-39.770041
-39.770218
-39.770396
-39.770573
-39.77075
-39.770926
-39.771103
-39.771279
-39.771455
-39.771631
-39.771806
-39.771981
-39.772156
-39.77233
-39.772504
-39.772678
-39.772851
-39.773024
-39.773197
-39.773369
-39.77354
-39.773712
-39.773883
-39.774054
-39.774224
-39.774393
-39.774562
-39.77473
-39.774897
-39.775064
-39.775231
-39.775396
-39.775561
-39.775726
-39.77589
-39.776053
-39.776215
-39.776377
-39.776539
-39.7767
-39.77686
-39.777021
-39.777181
-39.777341
-39.7775
-39.77766
-39.777818
-39.777976
-39.778133
-39.778288
-39.778443
-39.778597
-39.778749
-39.778901
-39.779051
-39.7792
-39.779348
-39.779495
-39.779641
-39.779787
-39.779931
-39.780074
-39.780216
-39.780357
-39.780497
-39.780637
-39.780776
-39.780914
-39.781052
-39.781189
-39.781324
-39.781459
-39.781591
-39.781721
-39.781849
-39.781974
-39.782098
-39.78222
-39.78234
-39.782458
-39.782573
-39.782687
-39.782798
-39.782907
-39.783014
-39.78312
-39.783224
-39.783326
-39.783428
-39.78353
-39.783632
-39.783734
-39.783836
-39.783937
-39.784039
-39.784141
-39.784243
-39.784345
-39.784445
-39.784545
-39.784644
-39.784741
-39.784835
-39.784927
-39.785014
-39.785098
-39.785178
-39.785252
-39.785321
-39.785385
-39.785444
-39.785498
-39.785547
-39.785591
-39.785631
-39.785668
-39.7857
-39.78573
-39.785758
-39.785783
-39.785808
-39.785831
-39.785854
-39.785877
-39.785899
-39.785921
-39.785943
-39.785965
-39.785987
-39.786009
-39.786029
-39.786049
-39.786067
-39.786083
-39.786096
-39.786105
-39.786111
-39.786111
-39.786107
-39.786096
-39.78608
-39.786058
-39.786029
-39.785994
-39.785953
-39.785906
-39.785854
-39.785798
-39.785737
-39.785673
-39.785607
-39.785539
-39.78547
-39.785401
-39.785334
-39.785266
-39.785202
-39.785138
-39.785077
-39.785018
-39.784962
-39.784907
-39.784856
-39.784806
-39.78476
-39.784715
-39.784673
-39.784634
-39.784598
-39.784565
-39.784536
-39.784512
-39.784494
-39.784484
-39.784483
-39.784492
-39.784514
-39.784552
-39.784608
-39.784684
-39.784784
-39.78491
-39.785066
-39.785256
-39.785483
-39.78575
-39.786062
-39.78642
-39.78683
-39.787295
-39.787818
-39.788403
-39.789053
-39.789771
-39.790559
-39.79142
-39.792355
-39.793366
-39.794453
-39.795618
-39.796857
-39.79817
-39.799554
-39.801006
-39.802522
-39.804096
-39.805725
-39.807403
-39.809126
-39.810892
-39.812698
-39.814548
-39.816446
-39.818405
-39.820445
-39.822593
-39.824896
-39.82741
-39.830221
-39.833438
-39.837215
-39.841757
-39.847342
-39.854358
-39.863345
-39.875067
-39.89056
-39.911244
-39.939772
-39.979004
-40.032857
-40.175151
-40.138931
-40.42795
-40.307544
21.740976
11.485835
-39.738625
-39.738626
-39.738628
-39.738633
-39.73864
-39.73865
-39.738663
-39.73868
-39.738701
-39.738727
-39.738757
-39.738792
-39.738834
-39.738882
-39.738937
-39.739
-39.739071
-39.739152
-39.739241
-39.739339
-39.739445
-39.739557
-39.739672
-39.739785
-39.739891
-39.739987
-39.740067
-39.740128
-39.740171
-39.740197
-39.740212
-39.740219
-39.740223
-39.740229
-39.740239
-39.740253
-39.740273
-39.740298
-39.740329
-39.740364
-39.740405
-39.74045
-39.740501
-39.740556
-39.740616
-39.740681
-39.740752
-39.740827
-39.740907
-39.740992
-39.741081
-39.741175
-39.741272
-39.741373
-39.741476
-39.741583
-39.741692
-39.741802
-39.741914
-39.742026
-39.742139
-39.742251
-39.742362
-39.742472
-39.74258
-39.742686
-39.742789
-39.74289
-39.742988
-39.743083
-39.743177
-39.743269
-39.74336
-39.74345
-39.74354
-39.743631
-39.743723
-39.743818
-39.743915
-39.744016
-39.74412
-39.744228
-39.74434
-39.744456
-39.744576
-39.744701
-39.744829
-39.744962
-39.745098
-39.745237
-39.74538
-39.745525
-39.745673
-39.745823
-39.745974
-39.746126
-39.746279
-39.746431
-39.746583
-39.746734
-39.746882
-39.747029
-39.747174
-39.747317
-39.747458
-39.747597
-39.747733
-39.747869
-39.748002
-39.748134
-39.748265
-39.748395
-39.748525
-39.748655
-39.748786
-39.748917
-39.749049
-39.749182
-39.749317
-39.749453
-39.74959
-39.749729
-39.74987
-39.750012
-39.750156
-39.750301
-39.750448
-39.750597
-39.750746
-39.750897
-39.751049
-39.751202
-39.751355
-39.75151
-39.751665
-39.751821
-39.751977
-39.752134
-39.75229
-39.752446
-39.752602
-39.752758
-39.752914
-39.753071
-39.753228
-39.753386
-39.753544
-39.753702
-39.75386
-39.754017
-39.754175
-39.754332
-39.75449
-39.754647
-39.754805
-39.754963
-39.755121
-39.755279
-39.755437
-39.755595
-39.755753
-39.755912
-39.75607
-39.756229
-39.756388
-39.756547
-39.756706
-39.756865
-39.757024
-39.757183
-39.757343
-39.757503
-39.757663
-39.757824
-39.757986
-39.758147
-39.75831
-39.758473
-39.758636
-39.7588
-39.758965
-39.759131
-39.759296
-39.759463
-39.75963
-39.759797
-39.759965
-39.760134
-39.760304
-39.760474
-39.760644
-39.760815
-39.760986
-39.761158
-39.76133
-39.761502
-39.761675
-39.761849
-39.762023
-39.762197
-39.762372
-39.762548
-39.762723
-39.762899
-39.763076
-39.763252
-39.763429
-39.763606
-39.763783
-39.763961
-39.764139
-39.764316
-39.764494
-39.764672
-39.764851
-39.765029
-39.765208
-39.765387
-39.765565
-39.765744
-39.765923
-39.766102
-39.766281
-39.76646
-39.76664
-39.766819
-39.766998
-39.767178
-39.767358
-39.767537
-39.767717
-39.767896
-39.768076
-39.768255
-39.768434
-39.768613
-39.768792
-39.768971
-39.76915
-39.769329
-39.769506
-39.769685
-39.769863
-39.77004
-39.770218
-39.770395
-39.770572
-39.770749
-39.770926
-39.771102
-39.771278
-39.771454
-39.77163
-39.771805
-39.77198
-39.772155
-39.772329
-39.772503
-39.772677
-39.77285
-39.773023
-39.773195
-39.773367
-39.773539
-39.77371
-39.773881
-39.774052
-39.774222
-39.774391
-39.77456
-39.774728
-39.774896
-39.775062
-39.775229
-39.775394
-39.775559
-39.775724
-39.775887
-39.77605
-39.776213
-39.776375
-39.776536
-39.776697
-39.776857
-39.777018
-39.777178
-39.777338
-39.777497
-39.777657
-39.777815
-39.777973
-39.77813
-39.778285
-39.77844
-39.778594
-39.778746
-39.778897
-39.779047
-39.779196
-39.779344
-39.779492
-39.779638
-39.779783
-39.779928
-39.780071
-39.780212
-39.780353
-39.780493
-39.780633
-39.780772
-39.78091
-39.781048
-39.781184
-39.78132
-39.781454
-39.781586
-39.781716
-39.781843
-39.781969
-39.782092
-39.782214
-39.782334
-39.782452
-39.782568
-39.782681
-39.782792
-39.782901
-39.783009
-39.783115
-39.783219
-39.783323
-39.783425
-39.783527
-39.783629
-39.78373
-39.783832
-39.783933
-39.784035
-39.784137
-39.784238
-39.784339
-39.784439
-39.784539
-39.784637
-39.784733
-39.784827
-39.784917
-39.785004
-39.785088
-39.785167
-39.785241
-39.78531
-39.785374
-39.785433
-39.785487
-39.785536
-39.785581
-39.785621
-39.785658
-39.785691
-39.785721
-39.78575
-39.785776
-39.785801
-39.785825
-39.785848
-39.785871
-39.785893
-39.785915
-39.785938
-39.785959
-39.785981
-39.786002
-39.786022
-39.786041
-39.786058
-39.786073
-39.786086
-39.786095
-39.7861
-39.7861
-39.786095
-39.786084
-39.786068
-39.786046
-39.786017
-39.785983
-39.785942
-39.785896
-39.785846
-39.785791
-39.785731
-39.785669
-39.785604
-39.785538
-39.785471
-39.785404
-39.785338
-39.785272
-39.785209
-39.785147
-39.785087
-39.785029
-39.784974
-39.784921
-39.784872
-39.784824
-39.784779
-39.784736
-39.784696
-39.784659
-39.784626
-39.784596
-39.78457
-39.78455
-39.784536
-39.78453
-39.784533
-39.784547
-39.784574
-39.784617
-39.784678
-39.78476
-39.784865
-39.784997
-39.785158
-39.785353
-39.785585
-39.785856
-39.786171
-39.786532
-39.786944
-39.787409
-39.787932
-39.788515
-39.789162
-39.789874
-39.790655
-39.791507
-39.79243
-39.793427
-39.794498
-39.795642
-39.796858
-39.798144
-39.799498
-39.800916
-39.802394
-39.803927
-39.805511
-39.80714
-39.808811
-39.81052
-39.812267
-39.814053
-39.815884
-39.817772
-39.819737
-39.821807
-39.824024
-39.826449
-39.829161
-39.832271
-39.835928
-39.840333
-39.84576
-39.852585
-39.861336
-39.872759
-39.887888
-39.908168
-39.935966
-39.974092
-40.032653
-40.164035
-40.146471
-40.495717
-40.269282
-7.0298191
25.550883
-39.738625
-39.738626
-39.738628
-39.738633
-39.73864
-39.73865
-39.738664
-39.738681
-39.738702
-39.738727
-39.738757
-39.738792
-39.738834
-39.738882
-39.738937
-39.739001
-39.739073
-39.739155
-39.739247
-39.739348
-39.739457
-39.739572
-39.739691
-39.739808
-39.739919
-39.740018
-39.7401
-39.740162
-39.740203
-39.740227
-39.740238
-39.740241
-39.740242
-39.740245
-39.740253
-39.740265
-39.740284
-39.740309
-39.740338
-39.740373
-39.740413
-39.740458
-39.740508
-39.740563
-39.740622
-39.740687
-39.740757
-39.740832
-39.740911
-39.740995
-39.741084
-39.741177
-39.741273
-39.741373
-39.741477
-39.741582
-39.741691
-39.7418
-39.741911
-39.742023
-39.742135
-39.742247
-39.742358
-39.742467
-39.742575
-39.742681
-39.742784
-39.742885
-39.742984
-39.74308
-39.743174
-39.743267
-39.743359
-39.74345
-39.743541
-39.743633
-39.743727
-39.743822
-39.74392
-39.744021
-39.744126
-39.744234
-39.744347
-39.744463
-39.744584
-39.744708
-39.744836
-39.744968
-39.745104
-39.745243
-39.745385
-39.745529
-39.745677
-39.745826
-39.745976
-39.746128
-39.74628
-39.746432
-39.746583
-39.746732
-39.746881
-39.747027
-39.747172
-39.747315
-39.747455
-39.747594
-39.747731
-39.747867
-39.748
-39.748133
-39.748264
-39.748395
-39.748525
-39.748656
-39.748787
-39.748918
-39.749051
-39.749184
-39.749319
-39.749455
-39.749593
-39.749732
-39.749872
-39.750015
-39.750159
-39.750304
-39.750451
-39.750599
-39.750749
-39.750899
-39.751051
-39.751204
-39.751357
-39.751512
-39.751667
-39.751822
-39.751978
-39.752135
-39.752291
-39.752447
-39.752603
-39.752759
-39.752915
-39.753072
-39.753229
-39.753387
-39.753545
-39.753703
-39.75386
-39.754018
-39.754175
-39.754333
-39.75449
-39.754648
-39.754806
-39.754964
-39.755121
-39.755279
-39.755437
-39.755595
-39.755754
-39.755912
-39.756071
-39.75623
-39.756389
-39.756548
-39.756707
-39.756866
-39.757025
-39.757185
-39.757344
-39.757504
-39.757665
-39.757826
-39.757987
-39.758149
-39.758311
-39.758474
-39.758638
-39.758802
-39.758967
-39.759132
-39.759298
-39.759464
-39.759631
-39.759799
-39.759967
-39.760136
-39.760305
-39.760475
-39.760646
-39.760816
-39.760987
-39.761159
-39.761331
-39.761504
-39.761677
-39.76185
-39.762024
-39.762198
-39.762373
-39.762549
-39.762724
-39.7629
-39.763077
-39.763253
-39.76343
-39.763607
-39.763784
-39.763962
-39.764139
-39.764317
-39.764495
-39.764673
-39.764852
-39.76503
-39.765209
-39.765387
-39.765566
-39.765745
-39.765924
-39.766103
-39.766282
-39.766461
-39.76664
-39.766819
-39.766999
-39.767178
-39.767358
-39.767537
-39.767717
-39.767896
-39.768076
-39.768255
-39.768434
-39.768613
-39.768792
-39.768971
-39.76915
-39.769329
-39.769506
-39.769685
-39.769862
-39.77004
-39.770218
-39.770395
-39.770572
-39.770749
-39.770925
-39.771102
-39.771278
-39.771454
-39.771629
-39.771805
-39.771979
-39.772154
-39.772328
-39.772502
-39.772676
-39.772849
-39.773022
-39.773194
-39.773366
-39.773538
-39.773709
-39.77388
-39.774051
-39.77422
-39.774389
-39.774558
-39.774726
-39.774894
-39.77506
-39.775227
-39.775392
-39.775557
-39.775721
-39.775885
-39.776048
-39.77621
-39.776372
-39.776533
-39.776694
-39.776855
-39.777015
-39.777175
-39.777335
-39.777494
-39.777654
-39.777812
-39.77797
-39.778126
-39.778282
-39.778436
-39.77859
-39.778743
-39.778894
-39.779044
-39.779193
-39.779341
-39.779488
-39.779635
-39.77978
-39.779924
-39.780067
-39.780209
-39.78035
-39.78049
-39.780629
-39.780768
-39.780906
-39.781043
-39.78118
-39.781315
-39.781449
-39.781581
-39.781711
-39.781838
-39.781963
-39.782086
-39.782209
-39.782328
-39.782447
-39.782562
-39.782676
-39.782787
-39.782896
-39.783004
-39.783111
-39.783215
-39.783319
-39.783421
-39.783523
-39.783625
-39.783727
-39.783828
-39.78393
-39.784031
-39.784132
-39.784233
-39.784334
-39.784434
-39.784532
-39.78463
-39.784725
-39.784818
-39.784908
-39.784995
-39.785077
-39.785156
-39.78523
-39.785299
-39.785363
-39.785422
-39.785476
-39.785525
-39.78557
-39.785611
-39.785648
-39.785682
-39.785713
-39.785742
-39.785769
-39.785795
-39.785819
-39.785842
-39.785865
-39.785888
-39.78591
-39.785932
-39.785953
-39.785975
-39.785995
-39.786015
-39.786033
-39.78605
-39.786064
-39.786076
-39.786084
-39.786089
-39.786089
-39.786083
-39.786072
-39.786056
-39.786034
-39.786006
-39.785972
-39.785933
-39.785888
-39.785838
-39.785784
-39.785726
-39.785665
-39.785602
-39.785537
-39.785472
-39.785406
-39.785342
-39.785278
-39.785216
-39.785155
-39.785097
-39.78504
-39.784987
-39.784935
-39.784887
-39.784841
-39.784798
-39.784757
-39.784719
-39.784684
-39.784654
-39.784626
-39.784604
-39.784587
-39.784577
-39.784575
-39.784582
-39.784601
-39.784633
-39.784682
-39.784748
-39.784835
-39.784945
-39.785082
-39.785249
-39.785448
-39.785684
-39.785959
-39.786277
-39.786641
-39.787054
-39.78752
-39.788043
-39.788624
-39.789267
-39.789974
-39.790748
-39.79159
-39.792502
-39.793485
-39.794538
-39.795662
-39.796855
-39.798115
-39.799439
-39.800823
-39.802264
-39.803756
-39.805295
-39.806876
-39.808495
-39.810148
-39.811835
-39.813557
-39.81532
-39.817136
-39.819024
-39.821011
-39.823141
-39.82547
-39.828078
-39.831072
-39.834598
-39.838851
-39.844099
-39.850705
-39.859181
-39.870254
-39.884944
-39.904682
-39.931541
-39.968679
-40.03014
-40.148882
-40.155539
-40.522612
-40.271859
-36.530296
69.438005
-39.738625
-39.738626
-39.738628
-39.738633
-39.73864
-39.73865
-39.738664
-39.738681
-39.738701
-39.738727
-39.738757
-39.738792
-39.738833
-39.738882
-39.738937
-39.739002
-39.739075
-39.739158
-39.739252
-39.739356
-39.739468
-39.739588
-39.739711
-39.739833
-39.739949
-39.740051
-39.740135
-39.740197
-39.740237
-39.740258
-39.740265
-39.740264
-39.740262
-39.740262
-39.740266
-39.740278
-39.740295
-39.740318
-39.740347
-39.740382
-39.740421
-39.740465
-39.740515
-39.740569
-39.740628
-39.740692
-39.740762
-39.740836
-39.740915
-39.740999
-39.741087
-39.741179
-39.741275
-39.741374
-39.741477
-39.741582
-39.741689
-39.741798
-39.741909
-39.74202
-39.742131
-39.742243
-39.742353
-39.742462
-39.74257
-39.742676
-39.742779
-39.742881
-39.74298
-39.743077
-39.743172
-39.743265
-39.743358
-39.74345
-39.743542
-39.743635
-39.74373
-39.743826
-39.743925
-39.744027
-39.744132
-39.744241
-39.744354
-39.74447
-39.744591
-39.744715
-39.744843
-39.744975
-39.74511
-39.745248
-39.74539
-39.745534
-39.74568
-39.745829
-39.745978
-39.746129
-39.746281
-39.746432
-39.746582
-39.746731
-39.746879
-39.747025
-39.74717
-39.747312
-39.747453
-39.747592
-39.747729
-39.747865
-39.747999
-39.748132
-39.748264
-39.748395
-39.748526
-39.748656
-39.748788
-39.74892
-39.749053
-39.749186
-39.749321
-39.749458
-39.749595
-39.749735
-39.749875
-39.750018
-39.750162
-39.750307
-39.750454
-39.750602
-39.750751
-39.750902
-39.751053
-39.751206
-39.751359
-39.751513
-39.751668
-39.751824
-39.75198
-39.752136
-39.752292
-39.752448
-39.752604
-39.752759
-39.752916
-39.753072
-39.75323
-39.753387
-39.753545
-39.753703
-39.753861
-39.754018
-39.754176
-39.754333
-39.754491
-39.754649
-39.754806
-39.754964
-39.755122
-39.75528
-39.755438
-39.755596
-39.755754
-39.755913
-39.756072
-39.756231
-39.75639
-39.756549
-39.756708
-39.756867
-39.757026
-39.757186
-39.757345
-39.757506
-39.757666
-39.757827
-39.757988
-39.75815
-39.758313
-39.758476
-39.758639
-39.758804
-39.758968
-39.759134
-39.7593
-39.759466
-39.759633
-39.7598
-39.759969
-39.760137
-39.760307
-39.760477
-39.760647
-39.760818
-39.760989
-39.761161
-39.761333
-39.761505
-39.761678
-39.761852
-39.762025
-39.7622
-39.762375
-39.76255
-39.762726
-39.762902
-39.763078
-39.763254
-39.763431
-39.763608
-39.763785
-39.763963
-39.76414
-39.764318
-39.764496
-39.764674
-39.764852
-39.765031
-39.765209
-39.765388
-39.765566
-39.765745
-39.765924
-39.766103
-39.766282
-39.766461
-39.76664
-39.76682
-39.766999
-39.767178
-39.767358
-39.767537
-39.767717
-39.767896
-39.768076
-39.768255
-39.768434
-39.768613
-39.768792
-39.768971
-39.76915
-39.769329
-39.769506
-39.769685
-39.769862
-39.77004
-39.770217
-39.770395
-39.770572
-39.770748
-39.770925
-39.771101
-39.771277
-39.771453
-39.771629
-39.771804
-39.771979
-39.772153
-39.772327
-39.772501
-39.772675
-39.772848
-39.773021
-39.773193
-39.773365
-39.773536
-39.773708
-39.773879
-39.774049
-39.774219
-39.774388
-39.774556
-39.774724
-39.774892
-39.775058
-39.775224
-39.77539
-39.775555
-39.775719
-39.775883
-39.776046
-39.776208
-39.77637
-39.776531
-39.776692
-39.776852
-39.777012
-39.777172
-39.777332
-39.777491
-39.777651
-39.777809
-39.777966
-39.778123
-39.778279
-39.778433
-39.778587
-39.778739
-39.77889
-39.779041
-39.77919
-39.779338
-39.779485
-39.779631
-39.779777
-39.779921
-39.780064
-39.780205
-39.780346
-39.780486
-39.780625
-39.780764
-39.780902
-39.781039
-39.781175
-39.781311
-39.781444
-39.781576
-39.781705
-39.781833
-39.781958
-39.782081
-39.782203
-39.782323
-39.782441
-39.782557
-39.782671
-39.782782
-39.782892
-39.783
-39.783106
-39.783211
-39.783315
-39.783418
-39.78352
-39.783622
-39.783723
-39.783825
-39.783926
-39.784027
-39.784128
-39.784229
-39.784329
-39.784428
-39.784526
-39.784623
-39.784718
-39.78481
-39.784899
-39.784985
-39.785067
-39.785146
-39.785219
-39.785288
-39.785352
-39.785411
-39.785465
-39.785515
-39.78556
-39.785602
-39.785639
-39.785673
-39.785705
-39.785734
-39.785762
-39.785788
-39.785813
-39.785836
-39.78586
-39.785882
-39.785904
-39.785926
-39.785947
-39.785969
-39.785989
-39.786008
-39.786026
-39.786042
-39.786055
-39.786066
-39.786074
-39.786078
-39.786078
-39.786072
-39.786061
-39.786045
-39.786023
-39.785995
-39.785962
-39.785923
-39.785879
-39.78583
-39.785778
-39.785721
-39.785662
-39.7856
-39.785537
-39.785473
-39.785409
-39.785346
-39.785283
-39.785222
-39.785163
-39.785106
-39.785051
-39.784999
-39.784949
-39.784902
-39.784858
-39.784816
-39.784778
-39.784742
-39.784709
-39.784681
-39.784657
-39.784637
-39.784624
-39.784617
-39.784619
-39.784631
-39.784655
-39.784692
-39.784745
-39.784816
-39.784908
-39.785023
-39.785165
-39.785337
-39.78554
-39.785781
-39.786059
-39.78638
-39.786747
-39.787161
-39.787628
-39.788149
-39.788729
-39.789368
-39.79007
-39.790836
-39.791669
-39.792569
-39.793538
-39.794574
-39.795678
-39.796848
-39.798082
-39.799376
-39.800727
-39.802131
-39.803583
-39.805077
-39.80661
-39.808176
-39.809773
-39.8114
-39.813058
-39.814753
-39.816496
-39.818305
-39.820208
-39.822247
-39.824475
-39.826972
-39.829842
-39.833225
-39.837312
-39.84236
-39.848721
-39.856887
-39.867558
-39.881734
-39.900794
-39.926538
-39.962675
-40.025119
-40.130713
-40.162024
-40.51499
-40.275278
-39.902925
71.547704
-39.738625
-39.738626
-39.738628
-39.738633
-39.73864
-39.73865
-39.738664
-39.73868
-39.738701
-39.738726
-39.738756
-39.738791
-39.738833
-39.738881
-39.738937
-39.739002
-39.739076
-39.739161
-39.739257
-39.739364
-39.73948
-39.739604
-39.739732
-39.739859
-39.73998
-39.740086
-39.740172
-39.740234
-39.740273
-39.74029
-39.740293
-39.740288
-39.740281
-39.740278
-39.74028
-39.740289
-39.740305
-39.740328
-39.740356
-39.74039
-39.740429
-39.740473
-39.740521
-39.740575
-39.740634
-39.740698
-39.740766
-39.74084
-39.740918
-39.741002
-39.741089
-39.74118
-39.741276
-39.741375
-39.741477
-39.741581
-39.741688
-39.741796
-39.741906
-39.742017
-39.742128
-39.742239
-39.742349
-39.742458
-39.742565
-39.742671
-39.742775
-39.742876
-39.742976
-39.743074
-39.743169
-39.743264
-39.743357
-39.74345
-39.743543
-39.743637
-39.743733
-39.74383
-39.74393
-39.744032
-39.744138
-39.744247
-39.74436
-39.744477
-39.744598
-39.744722
-39.74485
-39.744981
-39.745116
-39.745254
-39.745395
-39.745538
-39.745684
-39.745831
-39.745981
-39.746131
-39.746281
-39.746432
-39.746582
-39.74673
-39.746878
-39.747024
-39.747168
-39.74731
-39.747451
-39.74759
-39.747727
-39.747863
-39.747997
-39.748131
-39.748263
-39.748394
-39.748526
-39.748657
-39.748789
-39.748921
-39.749054
-39.749188
-39.749324
-39.74946
-39.749598
-39.749737
-39.749878
-39.750021
-39.750165
-39.75031
-39.750457
-39.750605
-39.750754
-39.750904
-39.751055
-39.751208
-39.751361
-39.751515
-39.75167
-39.751825
-39.751981
-39.752137
-39.752293
-39.752448
-39.752604
-39.75276
-39.752916
-39.753073
-39.75323
-39.753388
-39.753546
-39.753704
-39.753861
-39.754019
-39.754176
-39.754334
-39.754491
-39.754649
-39.754807
-39.754965
-39.755123
-39.755281
-39.755439
-39.755597
-39.755755
-39.755914
-39.756073
-39.756232
-39.756391
-39.75655
-39.756709
-39.756868
-39.757027
-39.757187
-39.757347
-39.757507
-39.757667
-39.757828
-39.75799
-39.758152
-39.758314
-39.758477
-39.758641
-39.758805
-39.75897
-39.759135
-39.759301
-39.759467
-39.759634
-39.759802
-39.75997
-39.760139
-39.760308
-39.760478
-39.760649
-39.760819
-39.76099
-39.761162
-39.761334
-39.761507
-39.76168
-39.761853
-39.762027
-39.762201
-39.762376
-39.762551
-39.762727
-39.762903
-39.763079
-39.763255
-39.763432
-39.763609
-39.763786
-39.763963
-39.764141
-39.764319
-39.764497
-39.764675
-39.764853
-39.765031
-39.76521
-39.765388
-39.765567
-39.765746
-39.765924
-39.766103
-39.766282
-39.766461
-39.766641
-39.76682
-39.766999
-39.767178
-39.767358
-39.767537
-39.767717
-39.767897
-39.768076
-39.768255
-39.768434
-39.768613
-39.768792
-39.768971
-39.769149
-39.769328
-39.769506
-39.769685
-39.769862
-39.77004
-39.770217
-39.770394
-39.770571
-39.770748
-39.770924
-39.771101
-39.771277
-39.771453
-39.771628
-39.771803
-39.771978
-39.772153
-39.772327
-39.7725
-39.772674
-39.772847
-39.77302
-39.773192
-39.773364
-39.773535
-39.773707
-39.773877
-39.774048
-39.774217
-39.774386
-39.774555
-39.774723
-39.77489
-39.775057
-39.775223
-39.775388
-39.775553
-39.775717
-39.77588
-39.776043
-39.776205
-39.776367
-39.776528
-39.776689
-39.776849
-39.77701
-39.77717
-39.777329
-39.777489
-39.777648
-39.777806
-39.777963
-39.77812
-39.778276
-39.77843
-39.778584
-39.778736
-39.778887
-39.779037
-39.779187
-39.779335
-39.779482
-39.779628
-39.779773
-39.779917
-39.78006
-39.780202
-39.780343
-39.780482
-39.780621
-39.78076
-39.780898
-39.781035
-39.781171
-39.781306
-39.78144
-39.781571
-39.7817
-39.781827
-39.781953
-39.782076
-39.782198
-39.782318
-39.782436
-39.782552
-39.782665
-39.782777
-39.782887
-39.782995
-39.783102
-39.783207
-39.783311
-39.783414
-39.783517
-39.783618
-39.78372
-39.783821
-39.783922
-39.784023
-39.784123
-39.784224
-39.784323
-39.784422
-39.78452
-39.784616
-39.78471
-39.784802
-39.78489
-39.784976
-39.785058
-39.785136
-39.785209
-39.785278
-39.785341
-39.7854
-39.785455
-39.785505
-39.78555
-39.785592
-39.78563
-39.785664
-39.785697
-39.785727
-39.785755
-39.785781
-39.785806
-39.785831
-39.785854
-39.785877
-39.785899
-39.78592
-39.785942
-39.785962
-39.785982
-39.786001
-39.786018
-39.786034
-39.786047
-39.786057
-39.786065
-39.786068
-39.786067
-39.786061
-39.78605
-39.786034
-39.786012
-39.785985
-39.785952
-39.785914
-39.785871
-39.785823
-39.785772
-39.785716
-39.785658
-39.785598
-39.785536
-39.785474
-39.785411
-39.78535
-39.785288
-39.785229
-39.785171
-39.785116
-39.785062
-39.785011
-39.784963
-39.784917
-39.784875
-39.784835
-39.784799
-39.784765
-39.784734
-39.784709
-39.784687
-39.78467
-39.78466
-39.784657
-39.784663
-39.784679
-39.784707
-39.784749
-39.784807
-39.784883
-39.784979
-39.7851
-39.785247
-39.785423
-39.785631
-39.785875
-39.786157
-39.786481
-39.786849
-39.787265
-39.787733
-39.788253
-39.78883
-39.789465
-39.790162
-39.790921
-39.791744
-39.792633
-39.793587
-39.794607
-39.795691
-39.796838
-39.798046
-39.79931
-39.800628
-39.801995
-39.803407
-39.804857
-39.806342
-39.807857
-39.809398
-39.810965
-39.812558
-39.814184
-39.815852
-39.817582
-39.819398
-39.821341
-39.823465
-39.825845
-39.828582
-39.831812
-39.835718
-39.840548
-39.846638
-39.854458
-39.864679
-39.87827
-39.89652
-39.920998
-39.955991
-40.017698
-40.110575
-40.160012
-40.466678
-40.25853
-39.382591
73.340131
-39.738625
-39.738626
-39.738628
-39.738633
-39.73864
-39.73865
-39.738663
-39.73868
-39.738701
-39.738726
-39.738755
-39.738791
-39.738832
-39.73888
-39.738937
-39.739002
-39.739078
-39.739164
-39.739262
-39.739372
-39.739492
-39.73962
-39.739754
-39.739887
-39.740012
-39.740123
-39.740211
-39.740274
-39.74031
-39.740324
-39.740322
-39.740311
-39.7403
-39.740293
-39.740293
-39.740301
-39.740316
-39.740337
-39.740365
-39.740398
-39.740436
-39.740479
-39.740528
-39.740581
-39.740639
-39.740702
-39.740771
-39.740844
-39.740922
-39.741004
-39.741091
-39.741182
-39.741277
-39.741375
-39.741476
-39.74158
-39.741686
-39.741794
-39.741904
-39.742014
-39.742124
-39.742235
-39.742344
-39.742453
-39.742561
-39.742666
-39.74277
-39.742872
-39.742972
-39.74307
-39.743167
-39.743262
-39.743356
-39.74345
-39.743544
-39.743639
-39.743736
-39.743834
-39.743934
-39.744037
-39.744144
-39.744253
-39.744367
-39.744484
-39.744604
-39.744728
-39.744856
-39.744987
-39.745122
-39.745259
-39.745399
-39.745542
-39.745687
-39.745834
-39.745983
-39.746132
-39.746282
-39.746432
-39.746581
-39.74673
-39.746877
-39.747022
-39.747166
-39.747308
-39.747449
-39.747588
-39.747725
-39.747861
-39.747996
-39.74813
-39.748262
-39.748394
-39.748526
-39.748657
-39.74879
-39.748922
-39.749056
-39.74919
-39.749326
-39.749463
-39.749601
-39.74974
-39.749881
-39.750023
-39.750167
-39.750313
-39.750459
-39.750607
-39.750756
-39.750906
-39.751057
-39.751209
-39.751363
-39.751516
-39.751671
-39.751826
-39.751982
-39.752138
-39.752294
-39.752449
-39.752605
-39.752761
-39.752917
-39.753074
-39.753231
-39.753388
-39.753546
-39.753704
-39.753862
-39.754019
-39.754177
-39.754334
-39.754492
-39.75465
-39.754807
-39.754965
-39.755123
-39.755281
-39.755439
-39.755597
-39.755756
-39.755914
-39.756073
-39.756232
-39.756391
-39.75655
-39.75671
-39.756869
-39.757028
-39.757188
-39.757348
-39.757508
-39.757669
-39.75783
-39.757991
-39.758153
-39.758316
-39.758479
-39.758642
-39.758807
-39.758971
-39.759137
-39.759303
-39.759469
-39.759636
-39.759803
-39.759972
-39.76014
-39.76031
-39.76048
-39.76065
-39.760821
-39.760992
-39.761163
-39.761335
-39.761508
-39.761681
-39.761854
-39.762028
-39.762202
-39.762377
-39.762552
-39.762728
-39.762904
-39.76308
-39.763256
-39.763432
-39.763609
-39.763787
-39.763964
-39.764142
-39.764319
-39.764497
-39.764675
-39.764854
-39.765032
-39.76521
-39.765389
-39.765567
-39.765746
-39.765925
-39.766104
-39.766283
-39.766462
-39.766641
-39.76682
-39.766999
-39.767179
-39.767358
-39.767538
-39.767717
-39.767897
-39.768076
-39.768255
-39.768435
-39.768613
-39.768792
-39.768971
-39.769149
-39.769328
-39.769506
-39.769684
-39.769862
-39.77004
-39.770217
-39.770394
-39.770571
-39.770748
-39.770924
-39.7711
-39.771276
-39.771452
-39.771627
-39.771803
-39.771977
-39.772152
-39.772326
-39.7725
-39.772673
-39.772846
-39.773019
-39.773191
-39.773363
-39.773534
-39.773705
-39.773876
-39.774046
-39.774216
-39.774385
-39.774553
-39.774721
-39.774888
-39.775055
-39.775221
-39.775386
-39.775551
-39.775715
-39.775878
-39.776041
-39.776203
-39.776365
-39.776526
-39.776687
-39.776847
-39.777007
-39.777167
-39.777327
-39.777486
-39.777645
-39.777803
-39.77796
-39.778117
-39.778273
-39.778427
-39.778581
-39.778733
-39.778884
-39.779034
-39.779183
-39.779331
-39.779479
-39.779625
-39.77977
-39.779914
-39.780057
-39.780199
-39.780339
-39.780479
-39.780618
-39.780756
-39.780894
-39.781031
-39.781167
-39.781302
-39.781435
-39.781566
-39.781696
-39.781822
-39.781948
-39.78207
-39.782193
-39.782312
-39.782431
-39.782547
-39.78266
-39.782772
-39.782882
-39.782991
-39.783098
-39.783204
-39.783308
-39.783411
-39.783513
-39.783615
-39.783716
-39.783818
-39.783918
-39.784019
-39.784119
-39.784219
-39.784318
-39.784416
-39.784514
-39.784609
-39.784703
-39.784794
-39.784882
-39.784967
-39.785048
-39.785126
-39.785199
-39.785267
-39.785331
-39.78539
-39.785445
-39.785495
-39.785541
-39.785583
-39.785621
-39.785656
-39.785689
-39.785719
-39.785748
-39.785775
-39.7858
-39.785825
-39.785848
-39.785871
-39.785893
-39.785915
-39.785936
-39.785956
-39.785976
-39.785994
-39.786011
-39.786026
-39.786038
-39.786048
-39.786055
-39.786058
-39.786057
-39.786051
-39.786039
-39.786023
-39.786001
-39.785974
-39.785942
-39.785905
-39.785863
-39.785816
-39.785766
-39.785712
-39.785655
-39.785596
-39.785535
-39.785475
-39.785413
-39.785353
-39.785293
-39.785236
-39.785179
-39.785125
-39.785072
-39.785023
-39.784976
-39.784932
-39.784892
-39.784853
-39.784819
-39.784787
-39.784758
-39.784736
-39.784716
-39.784703
-39.784696
-39.784696
-39.784706
-39.784726
-39.784759
-39.784805
-39.784867
-39.784948
-39.78505
-39.785175
-39.785326
-39.785507
-39.785719
-39.785967
-39.786252
-39.786579
-39.786949
-39.787366
-39.787834
-39.788353
-39.788928
-39.789559
-39.79025
-39.791002
-39.791816
-39.792693
-39.793633
-39.794636
-39.7957
-39.796825
-39.798006
-39.799242
-39.800527
-39.801858
-39.80323
-39.804637
-39.806073
-39.807537
-39.809022
-39.810528
-39.812057
-39.813613
-39.815206
-39.816853
-39.818581
-39.820426
-39.82244
-39.824697
-39.827294
-39.83036
-39.834072
-39.838665
-39.844459
-39.851902
-39.861628
-39.874562
-39.891884
-39.914965
-39.948585
-40.008151
-40.088952
-40.146577
-40.396829
-40.233814
-39.117193
75.865667
-39.738625
-39.738625
-39.738628
-39.738632
-39.73864
-39.73865
-39.738663
-39.73868
-39.7387
-39.738725
-39.738755
-39.73879
-39.738831
-39.738879
-39.738936
-39.739002
-39.739079
-39.739167
-39.739267
-39.739379
-39.739504
-39.739637
-39.739776
-39.739915
-39.740046
-39.740161
-39.740253
-39.740316
-39.74035
-39.740359
-39.740351
-39.740336
-39.74032
-39.740309
-39.740306
-39.740312
-39.740325
-39.740346
-39.740373
-39.740405
-39.740443
-39.740486
-39.740534
-39.740586
-39.740644
-39.740707
-39.740775
-39.740847
-39.740925
-39.741007
-39.741093
-39.741183
-39.741278
-39.741375
-39.741476
-39.741579
-39.741685
-39.741792
-39.741901
-39.742011
-39.742121
-39.742231
-39.74234
-39.742449
-39.742556
-39.742662
-39.742766
-39.742868
-39.742969
-39.743067
-39.743165
-39.743261
-39.743356
-39.74345
-39.743545
-39.743641
-39.743738
-39.743837
-39.743938
-39.744042
-39.744149
-39.744259
-39.744373
-39.74449
-39.744611
-39.744735
-39.744862
-39.744993
-39.745127
-39.745264
-39.745404
-39.745546
-39.745691
-39.745837
-39.745985
-39.746134
-39.746283
-39.746432
-39.746581
-39.746729
-39.746875
-39.747021
-39.747164
-39.747306
-39.747447
-39.747586
-39.747723
-39.74786
-39.747995
-39.748128
-39.748261
-39.748394
-39.748526
-39.748658
-39.74879
-39.748923
-39.749057
-39.749192
-39.749328
-39.749465
-39.749603
-39.749743
-39.749884
-39.750026
-39.75017
-39.750315
-39.750462
-39.75061
-39.750758
-39.750908
-39.751059
-39.751211
-39.751364
-39.751518
-39.751673
-39.751828
-39.751983
-39.752139
-39.752295
-39.75245
-39.752606
-39.752762
-39.752918
-39.753074
-39.753231
-39.753389
-39.753547
-39.753705
-39.753862
-39.75402
-39.754177
-39.754335
-39.754492
-39.75465
-39.754808
-39.754966
-39.755124
-39.755282
-39.75544
-39.755598
-39.755756
-39.755915
-39.756074
-39.756233
-39.756392
-39.756551
-39.756711
-39.75687
-39.757029
-39.757189
-39.757349
-39.757509
-39.75767
-39.757831
-39.757992
-39.758155
-39.758317
-39.75848
-39.758644
-39.758808
-39.758973
-39.759138
-39.759304
-39.75947
-39.759637
-39.759805
-39.759973
-39.760142
-39.760311
-39.760481
-39.760651
-39.760822
-39.760993
-39.761165
-39.761337
-39.761509
-39.761682
-39.761856
-39.762029
-39.762203
-39.762378
-39.762553
-39.762729
-39.762905
-39.763081
-39.763257
-39.763433
-39.76361
-39.763788
-39.763965
-39.764143
-39.76432
-39.764498
-39.764676
-39.764854
-39.765033
-39.765211
-39.765389
-39.765568
-39.765746
-39.765925
-39.766104
-39.766283
-39.766462
-39.766641
-39.76682
-39.766999
-39.767179
-39.767358
-39.767538
-39.767717
-39.767897
-39.768076
-39.768255
-39.768435
-39.768613
-39.768792
-39.768971
-39.769149
-39.769328
-39.769506
-39.769684
-39.769862
-39.770039
-39.770217
-39.770394
-39.770571
-39.770747
-39.770924
-39.7711
-39.771276
-39.771451
-39.771627
-39.771802
-39.771977
-39.772151
-39.772325
-39.772499
-39.772672
-39.772845
-39.773018
-39.77319
-39.773362
-39.773533
-39.773704
-39.773875
-39.774045
-39.774214
-39.774383
-39.774551
-39.774719
-39.774886
-39.775053
-39.775219
-39.775384
-39.775549
-39.775713
-39.775876
-39.776039
-39.776201
-39.776362
-39.776523
-39.776684
-39.776844
-39.777004
-39.777164
-39.777324
-39.777483
-39.777642
-39.7778
-39.777958
-39.778114
-39.77827
-39.778424
-39.778578
-39.77873
-39.778881
-39.779031
-39.77918
-39.779328
-39.779476
-39.779622
-39.779767
-39.779911
-39.780054
-39.780195
-39.780336
-39.780475
-39.780614
-39.780752
-39.78089
-39.781027
-39.781163
-39.781298
-39.781431
-39.781562
-39.781691
-39.781818
-39.781943
-39.782065
-39.782188
-39.782308
-39.782426
-39.782542
-39.782656
-39.782767
-39.782878
-39.782986
-39.783094
-39.7832
-39.783304
-39.783407
-39.78351
-39.783612
-39.783713
-39.783814
-39.783914
-39.784015
-39.784115
-39.784214
-39.784313
-39.784411
-39.784508
-39.784603
-39.784696
-39.784786
-39.784874
-39.784958
-39.785039
-39.785116
-39.785189
-39.785257
-39.785321
-39.78538
-39.785435
-39.785485
-39.785531
-39.785573
-39.785612
-39.785648
-39.785681
-39.785712
-39.785741
-39.785768
-39.785794
-39.785819
-39.785843
-39.785866
-39.785887
-39.785909
-39.78593
-39.78595
-39.78597
-39.785988
-39.786004
-39.786018
-39.78603
-39.786039
-39.786046
-39.786048
-39.786047
-39.78604
-39.786029
-39.786013
-39.785991
-39.785965
-39.785933
-39.785896
-39.785855
-39.785809
-39.78576
-39.785707
-39.785652
-39.785594
-39.785535
-39.785476
-39.785416
-39.785357
-39.785299
-39.785242
-39.785187
-39.785134
-39.785083
-39.785035
-39.784989
-39.784947
-39.784908
-39.784871
-39.784839
-39.784809
-39.784783
-39.784762
-39.784746
-39.784735
-39.784732
-39.784735
-39.784749
-39.784773
-39.78481
-39.78486
-39.784927
-39.785012
-39.785119
-39.785249
-39.785404
-39.785589
-39.785806
-39.786057
-39.786345
-39.786674
-39.787046
-39.787464
-39.787932
-39.78845
-39.789022
-39.789649
-39.790335
-39.791079
-39.791884
-39.792749
-39.793675
-39.794661
-39.795706
-39.796808
-39.797964
-39.799171
-39.800424
-39.801719
-39.803051
-39.804414
-39.805804
-39.807216
-39.808645
-39.810091
-39.811555
-39.81304
-39.814557
-39.816121
-39.817757
-39.819501
-39.821402
-39.823531
-39.825979
-39.828872
-39.832376
-39.836715
-39.842192
-39.849225
-39.858414
-39.870627
-39.886914
-39.908487
-39.940456
-39.996788
-40.065927
-40.123709
-40.333528
-40.227457
-39.186489
78.128811
-39.738624
-39.738625
-39.738627
-39.738632
-39.738639
-39.738649
-39.738662
-39.738679
-39.738699
-39.738724
-39.738753
-39.738788
-39.738829
-39.738878
-39.738935
-39.739002
-39.739079
-39.739169
-39.739271
-39.739387
-39.739516
-39.739655
-39.7398
-39.739945
-39.740083
-39.740203
-39.740297
-39.74036
-39.740391
-39.740395
-39.740382
-39.74036
-39.740339
-39.740324
-39.740318
-39.740322
-39.740335
-39.740354
-39.740381
-39.740413
-39.74045
-39.740492
-39.740539
-39.740591
-39.740649
-39.740711
-39.740778
-39.74085
-39.740927
-39.741009
-39.741095
-39.741185
-39.741278
-39.741375
-39.741475
-39.741578
-39.741683
-39.74179
-39.741898
-39.742008
-39.742117
-39.742227
-39.742336
-39.742444
-39.742552
-39.742658
-39.742762
-39.742865
-39.742965
-39.743065
-39.743162
-39.743259
-39.743355
-39.743451
-39.743546
-39.743643
-39.743741
-39.743841
-39.743942
-39.744047
-39.744154
-39.744265
-39.744379
-39.744496
-39.744617
-39.744741
-39.744868
-39.744999
-39.745132
-39.745269
-39.745408
-39.74555
-39.745694
-39.74584
-39.745987
-39.746135
-39.746284
-39.746432
-39.746581
-39.746728
-39.746874
-39.747019
-39.747163
-39.747305
-39.747445
-39.747584
-39.747722
-39.747858
-39.747993
-39.748128
-39.748261
-39.748394
-39.748526
-39.748658
-39.748791
-39.748925
-39.749059
-39.749194
-39.74933
-39.749467
-39.749605
-39.749745
-39.749886
-39.750029
-39.750172
-39.750318
-39.750464
-39.750612
-39.750761
-39.750911
-39.751061
-39.751213
-39.751366
-39.75152
-39.751674
-39.751829
-39.751984
-39.75214
-39.752295
-39.752451
-39.752607
-39.752762
-39.752918
-39.753075
-39.753232
-39.753389
-39.753547
-39.753705
-39.753863
-39.75402
-39.754178
-39.754335
-39.754493
-39.754651
-39.754808
-39.754966
-39.755124
-39.755282
-39.75544
-39.755598
-39.755757
-39.755916
-39.756075
-39.756234
-39.756393
-39.756552
-39.756712
-39.756871
-39.75703
-39.75719
-39.75735
-39.75751
-39.757671
-39.757832
-39.757994
-39.758156
-39.758319
-39.758482
-39.758645
-39.75881
-39.758974
-39.75914
-39.759305
-39.759472
-39.759639
-39.759806
-39.759975
-39.760143
-39.760313
-39.760482
-39.760653
-39.760824
-39.760995
-39.761166
-39.761338
-39.761511
-39.761684
-39.761857
-39.76203
-39.762205
-39.762379
-39.762554
-39.76273
-39.762906
-39.763081
-39.763258
-39.763434
-39.763611
-39.763788
-39.763966
-39.764143
-39.764321
-39.764499
-39.764677
-39.764855
-39.765033
-39.765212
-39.76539
-39.765568
-39.765747
-39.765925
-39.766104
-39.766283
-39.766462
-39.766641
-39.766821
-39.767
-39.767179
-39.767358
-39.767538
-39.767718
-39.767897
-39.768076
-39.768256
-39.768435
-39.768614
-39.768792
-39.768971
-39.769149
-39.769328
-39.769506
-39.769684
-39.769862
-39.770039
-39.770216
-39.770394
-39.77057
-39.770747
-39.770923
-39.771099
-39.771275
-39.771451
-39.771626
-39.771801
-39.771976
-39.77215
-39.772324
-39.772498
-39.772671
-39.772844
-39.773017
-39.773189
-39.773361
-39.773532
-39.773703
-39.773874
-39.774044
-39.774213
-39.774382
-39.77455
-39.774718
-39.774885
-39.775051
-39.775217
-39.775382
-39.775547
-39.775711
-39.775874
-39.776036
-39.776198
-39.77636
-39.776521
-39.776682
-39.776842
-39.777002
-39.777162
-39.777321
-39.77748
-39.777639
-39.777797
-39.777955
-39.778111
-39.778267
-39.778421
-39.778575
-39.778727
-39.778878
-39.779028
-39.779177
-39.779325
-39.779473
-39.779619
-39.779764
-39.779908
-39.78005
-39.780192
-39.780332
-39.780472
-39.780611
-39.780749
-39.780886
-39.781023
-39.781159
-39.781293
-39.781426
-39.781557
-39.781686
-39.781813
-39.781938
-39.782061
-39.782183
-39.782303
-39.782421
-39.782537
-39.782651
-39.782763
-39.782873
-39.782982
-39.78309
-39.783196
-39.783301
-39.783404
-39.783506
-39.783608
-39.78371
-39.783811
-39.783911
-39.784011
-39.78411
-39.78421
-39.784308
-39.784406
-39.784502
-39.784596
-39.784689
-39.784779
-39.784866
-39.78495
-39.78503
-39.785107
-39.78518
-39.785248
-39.785311
-39.78537
-39.785425
-39.785476
-39.785522
-39.785565
-39.785604
-39.78564
-39.785674
-39.785705
-39.785734
-39.785762
-39.785788
-39.785813
-39.785837
-39.78586
-39.785882
-39.785904
-39.785925
-39.785945
-39.785964
-39.785981
-39.785997
-39.78601
-39.786022
-39.786031
-39.786037
-39.786039
-39.786037
-39.78603
-39.786019
-39.786003
-39.785981
-39.785955
-39.785924
-39.785888
-39.785847
-39.785803
-39.785754
-39.785703
-39.785649
-39.785592
-39.785535
-39.785477
-39.785418
-39.785361
-39.785304
-39.785248
-39.785194
-39.785142
-39.785093
-39.785047
-39.785002
-39.784962
-39.784924
-39.784889
-39.784858
-39.78483
-39.784807
-39.784788
-39.784775
-39.784767
-39.784767
-39.784774
-39.784791
-39.784819
-39.78486
-39.784914
-39.784986
-39.785075
-39.785186
-39.785321
-39.78548
-39.785669
-39.78589
-39.786144
-39.786436
-39.786767
-39.787141
-39.78756
-39.788027
-39.788544
-39.789113
-39.789736
-39.790416
-39.791153
-39.791948
-39.792802
-39.793713
-39.794683
-39.795709
-39.796789
-39.797919
-39.799097
-39.800318
-39.801578
-39.802871
-39.804191
-39.805534
-39.806894
-39.808268
-39.809654
-39.811052
-39.812466
-39.813906
-39.815385
-39.816927
-39.818567
-39.820351
-39.822346
-39.824639
-39.827349
-39.830633
-39.834703
-39.83984
-39.846436
-39.85505
-39.866481
-39.881643
-39.901616
-39.931641
-39.983848
-40.041374
-40.095419
-40.30964
-40.249612
-39.565715
78.943027
-39.738624
-39.738624
-39.738627
-39.738632
-39.738639
-39.738649
-39.738662
-39.738678
-39.738698
-39.738723
-39.738752
-39.738787
-39.738828
-39.738876
-39.738933
-39.739001
-39.739079
-39.73917
-39.739276
-39.739395
-39.739528
-39.739672
-39.739824
-39.739977
-39.740121
-39.740246
-39.740344
-39.740407
-39.740435
-39.740434
-39.740413
-39.740385
-39.740358
-39.740339
-39.74033
-39.740332
-39.740343
-39.740363
-39.740388
-39.74042
-39.740456
-39.740498
-39.740545
-39.740596
-39.740653
-39.740715
-39.740782
-39.740853
-39.74093
-39.741011
-39.741096
-39.741186
-39.741279
-39.741375
-39.741475
-39.741577
-39.741682
-39.741788
-39.741896
-39.742005
-39.742114
-39.742223
-39.742332
-39.74244
-39.742548
-39.742653
-39.742758
-39.742861
-39.742962
-39.743062
-39.74316
-39.743258
-39.743354
-39.743451
-39.743547
-39.743645
-39.743744
-39.743844
-39.743946
-39.744052
-39.744159
-39.74427
-39.744385
-39.744502
-39.744623
-39.744747
-39.744874
-39.745004
-39.745138
-39.745274
-39.745413
-39.745554
-39.745697
-39.745842
-39.745989
-39.746136
-39.746285
-39.746433
-39.74658
-39.746727
-39.746873
-39.747018
-39.747161
-39.747303
-39.747443
-39.747582
-39.74772
-39.747857
-39.747992
-39.748127
-39.74826
-39.748393
-39.748526
-39.748659
-39.748792
-39.748926
-39.74906
-39.749196
-39.749332
-39.749469
-39.749608
-39.749747
-39.749889
-39.750031
-39.750175
-39.75032
-39.750467
-39.750614
-39.750763
-39.750913
-39.751063
-39.751215
-39.751368
-39.751521
-39.751675
-39.75183
-39.751985
-39.752141
-39.752296
-39.752452
-39.752607
-39.752763
-39.752919
-39.753075
-39.753233
-39.75339
-39.753548
-39.753706
-39.753863
-39.754021
-39.754178
-39.754336
-39.754493
-39.754651
-39.754809
-39.754967
-39.755125
-39.755283
-39.755441
-39.755599
-39.755758
-39.755916
-39.756076
-39.756235
-39.756394
-39.756553
-39.756712
-39.756872
-39.757031
-39.757191
-39.757351
-39.757511
-39.757672
-39.757833
-39.757995
-39.758157
-39.75832
-39.758483
-39.758647
-39.758811
-39.758976
-39.759141
-39.759307
-39.759473
-39.75964
-39.759808
-39.759976
-39.760145
-39.760314
-39.760484
-39.760654
-39.760825
-39.760996
-39.761168
-39.76134
-39.761512
-39.761685
-39.761858
-39.762032
-39.762206
-39.76238
-39.762555
-39.762731
-39.762906
-39.763082
-39.763259
-39.763435
-39.763612
-39.763789
-39.763967
-39.764144
-39.764322
-39.764499
-39.764677
-39.764856
-39.765034
-39.765212
-39.76539
-39.765569
-39.765747
-39.765926
-39.766105
-39.766284
-39.766463
-39.766642
-39.766821
-39.767
-39.767179
-39.767359
-39.767538
-39.767718
-39.767897
-39.768076
-39.768256
-39.768435
-39.768614
-39.768792
-39.768971
-39.769149
-39.769328
-39.769506
-39.769684
-39.769861
-39.770039
-39.770216
-39.770393
-39.77057
-39.770747
-39.770923
-39.771099
-39.771275
-39.77145
-39.771626
-39.771801
-39.771975
-39.77215
-39.772324
-39.772497
-39.772671
-39.772844
-39.773016
-39.773188
-39.77336
-39.773531
-39.773702
-39.773872
-39.774042
-39.774212
-39.77438
-39.774548
-39.774716
-39.774883
-39.775049
-39.775215
-39.77538
-39.775545
-39.775709
-39.775872
-39.776034
-39.776196
-39.776358
-39.776519
-39.776679
-39.77684
-39.777
-39.777159
-39.777319
-39.777478
-39.777636
-39.777795
-39.777952
-39.778108
-39.778264
-39.778418
-39.778572
-39.778724
-39.778875
-39.779025
-39.779174
-39.779322
-39.77947
-39.779616
-39.779761
-39.779905
-39.780047
-39.780189
-39.780329
-39.780468
-39.780607
-39.780745
-39.780883
-39.781019
-39.781155
-39.781289
-39.781422
-39.781553
-39.781682
-39.781808
-39.781933
-39.782056
-39.782178
-39.782298
-39.782416
-39.782533
-39.782646
-39.782758
-39.782869
-39.782978
-39.783086
-39.783192
-39.783297
-39.7834
-39.783503
-39.783605
-39.783706
-39.783807
-39.783907
-39.784007
-39.784106
-39.784205
-39.784303
-39.7844
-39.784496
-39.78459
-39.784682
-39.784771
-39.784858
-39.784941
-39.785021
-39.785098
-39.78517
-39.785238
-39.785302
-39.785361
-39.785416
-39.785467
-39.785513
-39.785556
-39.785595
-39.785632
-39.785666
-39.785698
-39.785728
-39.785756
-39.785782
-39.785807
-39.785832
-39.785855
-39.785877
-39.785898
-39.785919
-39.785939
-39.785957
-39.785974
-39.78599
-39.786003
-39.786014
-39.786023
-39.786028
-39.78603
-39.786027
-39.786021
-39.786009
-39.785993
-39.785972
-39.785946
-39.785916
-39.78588
-39.78584
-39.785796
-39.785749
-39.785698
-39.785646
-39.785591
-39.785534
-39.785478
-39.78542
-39.785364
-39.785308
-39.785254
-39.785202
-39.785151
-39.785103
-39.785058
-39.785015
-39.784976
-39.78494
-39.784907
-39.784878
-39.784852
-39.78483
-39.784814
-39.784803
-39.784798
-39.784801
-39.784811
-39.784832
-39.784864
-39.784909
-39.784967
-39.785043
-39.785137
-39.785252
-39.785391
-39.785555
-39.785748
-39.785972
-39.78623
-39.786524
-39.786857
-39.787232
-39.787652
-39.788119
-39.788634
-39.789201
-39.78982
-39.790494
-39.791223
-39.792009
-39.792851
-39.793749
-39.794702
-39.795709
-39.796767
-39.797872
-39.799022
-39.800211
-39.801436
-39.802689
-39.803967
-39.805263
-39.806572
-39.807891
-39.809216
-39.810549
-39.811892
-39.813253
-39.814646
-39.816093
-39.817625
-39.819289
-39.821144
-39.823276
-39.825794
-39.828847
-39.832632
-39.837411
-39.843544
-39.851549
-39.862145
-39.876107
-39.894408
-39.922202
-39.969458
-40.015306
-40.067227
-40.346541
-40.244766
-40.28896
77.523487
-39.738623
-39.738624
-39.738626
-39.738631
-39.738638
-39.738648
-39.738661
-39.738677
-39.738697
-39.738721
-39.73875
-39.738785
-39.738826
-39.738874
-39.738932
-39.738999
-39.739079
-39.739172
-39.73928
-39.739402
-39.73954
-39.739691
-39.73985
-39.74001
-39.740161
-39.740293
-39.740393
-39.740456
-39.740481
-39.740474
-39.740446
-39.74041
-39.740377
-39.740353
-39.740342
-39.740342
-39.740352
-39.74037
-39.740395
-39.740426
-39.740462
-39.740503
-39.74055
-39.740601
-39.740657
-39.740718
-39.740785
-39.740856
-39.740932
-39.741013
-39.741097
-39.741186
-39.741279
-39.741375
-39.741474
-39.741576
-39.74168
-39.741786
-39.741893
-39.742001
-39.74211
-39.742219
-39.742328
-39.742436
-39.742543
-39.742649
-39.742754
-39.742857
-39.742959
-39.743059
-39.743158
-39.743256
-39.743354
-39.743451
-39.743548
-39.743647
-39.743746
-39.743847
-39.74395
-39.744056
-39.744164
-39.744276
-39.74439
-39.744508
-39.744629
-39.744753
-39.74488
-39.74501
-39.745143
-39.745278
-39.745417
-39.745557
-39.7457
-39.745845
-39.745991
-39.746138
-39.746285
-39.746433
-39.74658
-39.746727
-39.746872
-39.747017
-39.74716
-39.747301
-39.747442
-39.747581
-39.747719
-39.747855
-39.747991
-39.748126
-39.74826
-39.748393
-39.748526
-39.748659
-39.748793
-39.748927
-39.749062
-39.749197
-39.749334
-39.749471
-39.74961
-39.74975
-39.749891
-39.750033
-39.750177
-39.750323
-39.750469
-39.750616
-39.750765
-39.750915
-39.751065
-39.751217
-39.751369
-39.751523
-39.751677
-39.751831
-39.751987
-39.752142
-39.752297
-39.752453
-39.752608
-39.752764
-39.75292
-39.753076
-39.753233
-39.753391
-39.753548
-39.753706
-39.753864
-39.754021
-39.754179
-39.754336
-39.754494
-39.754652
-39.754809
-39.754967
-39.755125
-39.755283
-39.755442
-39.7556
-39.755758
-39.755917
-39.756077
-39.756236
-39.756395
-39.756554
-39.756713
-39.756873
-39.757032
-39.757192
-39.757352
-39.757513
-39.757673
-39.757835
-39.757996
-39.758159
-39.758321
-39.758485
-39.758648
-39.758812
-39.758977
-39.759142
-39.759308
-39.759474
-39.759642
-39.759809
-39.759977
-39.760146
-39.760315
-39.760485
-39.760655
-39.760826
-39.760997
-39.761169
-39.761341
-39.761513
-39.761686
-39.761859
-39.762033
-39.762207
-39.762381
-39.762556
-39.762732
-39.762907
-39.763083
-39.763259
-39.763436
-39.763613
-39.76379
-39.763967
-39.764145
-39.764322
-39.7645
-39.764678
-39.764856
-39.765034
-39.765213
-39.765391
-39.765569
-39.765748
-39.765926
-39.766105
-39.766284
-39.766463
-39.766642
-39.766821
-39.767
-39.767179
-39.767359
-39.767538
-39.767718
-39.767897
-39.768077
-39.768256
-39.768435
-39.768614
-39.768792
-39.768971
-39.769149
-39.769328
-39.769506
-39.769684
-39.769861
-39.770039
-39.770216
-39.770393
-39.77057
-39.770746
-39.770923
-39.771099
-39.771274
-39.77145
-39.771625
-39.7718
-39.771975
-39.772149
-39.772323
-39.772496
-39.77267
-39.772843
-39.773015
-39.773187
-39.773359
-39.77353
-39.773701
-39.773871
-39.774041
-39.77421
-39.774379
-39.774547
-39.774714
-39.774881
-39.775048
-39.775213
-39.775378
-39.775543
-39.775707
-39.77587
-39.776032
-39.776194
-39.776356
-39.776517
-39.776677
-39.776837
-39.776997
-39.777157
-39.777316
-39.777475
-39.777634
-39.777792
-39.777949
-39.778106
-39.778261
-39.778416
-39.778569
-39.778721
-39.778872
-39.779022
-39.779171
-39.77932
-39.779467
-39.779613
-39.779758
-39.779901
-39.780044
-39.780185
-39.780326
-39.780465
-39.780604
-39.780742
-39.780879
-39.781016
-39.781151
-39.781285
-39.781418
-39.781549
-39.781677
-39.781804
-39.781929
-39.782051
-39.782173
-39.782293
-39.782412
-39.782528
-39.782642
-39.782754
-39.782864
-39.782974
-39.783082
-39.783189
-39.783294
-39.783397
-39.7835
-39.783602
-39.783703
-39.783804
-39.783904
-39.784003
-39.784102
-39.784201
-39.784298
-39.784395
-39.78449
-39.784584
-39.784675
-39.784764
-39.78485
-39.784933
-39.785013
-39.785089
-39.785161
-39.785229
-39.785293
-39.785352
-39.785407
-39.785458
-39.785504
-39.785547
-39.785587
-39.785624
-39.785659
-39.785691
-39.785721
-39.785749
-39.785776
-39.785802
-39.785826
-39.785849
-39.785871
-39.785893
-39.785914
-39.785933
-39.785951
-39.785968
-39.785983
-39.785996
-39.786007
-39.786015
-39.786019
-39.786021
-39.786018
-39.786011
-39.786
-39.785983
-39.785963
-39.785937
-39.785907
-39.785873
-39.785833
-39.78579
-39.785744
-39.785694
-39.785643
-39.785589
-39.785534
-39.785479
-39.785423
-39.785368
-39.785313
-39.78526
-39.785209
-39.78516
-39.785113
-39.785069
-39.785028
-39.78499
-39.784956
-39.784924
-39.784897
-39.784873
-39.784853
-39.78484
-39.784831
-39.784829
-39.784835
-39.784849
-39.784873
-39.784908
-39.784957
-39.78502
-39.785099
-39.785198
-39.785317
-39.78546
-39.785627
-39.785824
-39.786052
-39.786313
-39.786609
-39.786945
-39.787321
-39.787741
-39.788208
-39.788722
-39.789285
-39.7899
-39.790569
-39.791291
-39.792067
-39.792897
-39.793782
-39.794718
-39.795706
-39.796742
-39.797823
-39.798944
-39.800103
-39.801292
-39.802507
-39.803743
-39.804992
-39.806251
-39.807514
-39.808779
-39.810046
-39.811317
-39.812599
-39.813905
-39.815254
-39.816677
-39.818216
-39.819928
-39.821891
-39.82421
-39.827021
-39.830508
-39.834911
-39.840559
-39.847923
-39.85764
-39.870345
-39.886925
-39.912223
-39.953747
-39.988199
-40.043519
-40.419699
-40.318306
-0.12157704
84.817641
-39.738622
-39.738623
-39.738625
-39.73863
-39.738637
-39.738647
-39.73866
-39.738676
-39.738696
-39.73872
-39.738748
-39.738783
-39.738823
-39.738872
-39.738929
-39.738998
-39.739078
-39.739173
-39.739283
-39.73941
-39.739553
-39.73971
-39.739876
-39.740044
-39.740204
-39.740342
-39.740446
-39.740509
-39.74053
-39.740515
-39.740479
-39.740435
-39.740396
-39.740367
-39.740352
-39.740351
-39.74036
-39.740378
-39.740402
-39.740433
-39.740468
-39.740509
-39.740554
-39.740605
-39.740661
-39.740722
-39.740788
-39.740858
-39.740934
-39.741014
-39.741098
-39.741187
-39.741279
-39.741375
-39.741473
-39.741575
-39.741678
-39.741784
-39.741891
-39.741998
-39.742107
-39.742216
-39.742324
-39.742432
-39.742539
-39.742645
-39.74275
-39.742854
-39.742956
-39.743056
-39.743156
-39.743255
-39.743353
-39.743451
-39.743549
-39.743648
-39.743748
-39.74385
-39.743954
-39.74406
-39.744169
-39.744281
-39.744395
-39.744513
-39.744634
-39.744758
-39.744885
-39.745015
-39.745148
-39.745283
-39.745421
-39.745561
-39.745703
-39.745847
-39.745993
-39.746139
-39.746286
-39.746433
-39.74658
-39.746726
-39.746871
-39.747015
-39.747158
-39.7473
-39.74744
-39.747579
-39.747717
-39.747854
-39.74799
-39.748125
-39.748259
-39.748393
-39.748526
-39.74866
-39.748794
-39.748928
-39.749063
-39.749199
-39.749336
-39.749473
-39.749612
-39.749752
-39.749893
-39.750036
-39.75018
-39.750325
-39.750471
-39.750619
-39.750767
-39.750917
-39.751067
-39.751218
-39.751371
-39.751524
-39.751678
-39.751833
-39.751988
-39.752143
-39.752298
-39.752453
-39.752609
-39.752764
-39.75292
-39.753077
-39.753234
-39.753391
-39.753549
-39.753706
-39.753864
-39.754022
-39.754179
-39.754337
-39.754494
-39.754652
-39.75481
-39.754968
-39.755126
-39.755284
-39.755442
-39.7556
-39.755759
-39.755918
-39.756077
-39.756237
-39.756396
-39.756555
-39.756714
-39.756874
-39.757033
-39.757193
-39.757353
-39.757514
-39.757675
-39.757836
-39.757998
-39.75816
-39.758323
-39.758486
-39.75865
-39.758814
-39.758978
-39.759144
-39.759309
-39.759476
-39.759643
-39.759811
-39.759979
-39.760147
-39.760317
-39.760486
-39.760657
-39.760828
-39.760999
-39.76117
-39.761342
-39.761515
-39.761687
-39.761861
-39.762034
-39.762208
-39.762383
-39.762557
-39.762733
-39.762908
-39.763084
-39.76326
-39.763437
-39.763614
-39.763791
-39.763968
-39.764146
-39.764323
-39.764501
-39.764679
-39.764857
-39.765035
-39.765213
-39.765391
-39.76557
-39.765748
-39.765926
-39.766105
-39.766284
-39.766463
-39.766642
-39.766821
-39.767
-39.76718
-39.767359
-39.767539
-39.767718
-39.767897
-39.768077
-39.768256
-39.768435
-39.768614
-39.768792
-39.768971
-39.769149
-39.769328
-39.769506
-39.769684
-39.769861
-39.770039
-39.770216
-39.770393
-39.77057
-39.770746
-39.770922
-39.771098
-39.771274
-39.77145
-39.771625
-39.7718
-39.771974
-39.772148
-39.772322
-39.772496
-39.772669
-39.772842
-39.773014
-39.773186
-39.773358
-39.773529
-39.7737
-39.77387
-39.77404
-39.774209
-39.774378
-39.774545
-39.774713
-39.77488
-39.775046
-39.775212
-39.775377
-39.775541
-39.775705
-39.775868
-39.77603
-39.776192
-39.776353
-39.776514
-39.776675
-39.776835
-39.776995
-39.777154
-39.777314
-39.777473
-39.777631
-39.777789
-39.777947
-39.778103
-39.778259
-39.778413
-39.778566
-39.778718
-39.778869
-39.779019
-39.779169
-39.779317
-39.779464
-39.77961
-39.779755
-39.779898
-39.780041
-39.780182
-39.780323
-39.780462
-39.7806
-39.780738
-39.780876
-39.781012
-39.781147
-39.781281
-39.781414
-39.781544
-39.781673
-39.781799
-39.781924
-39.782047
-39.782169
-39.782289
-39.782407
-39.782524
-39.782637
-39.78275
-39.78286
-39.78297
-39.783078
-39.783185
-39.78329
-39.783394
-39.783497
-39.783599
-39.7837
-39.7838
-39.7839
-39.783999
-39.784098
-39.784196
-39.784294
-39.78439
-39.784485
-39.784578
-39.784669
-39.784757
-39.784842
-39.784925
-39.785005
-39.785081
-39.785152
-39.78522
-39.785284
-39.785343
-39.785398
-39.785449
-39.785496
-39.785539
-39.785579
-39.785617
-39.785652
-39.785684
-39.785715
-39.785743
-39.78577
-39.785796
-39.785821
-39.785844
-39.785866
-39.785887
-39.785908
-39.785927
-39.785945
-39.785962
-39.785976
-39.785989
-39.785999
-39.786007
-39.786011
-39.786012
-39.786009
-39.786002
-39.78599
-39.785974
-39.785954
-39.785929
-39.785899
-39.785865
-39.785827
-39.785784
-39.785739
-39.78569
-39.78564
-39.785587
-39.785534
-39.78548
-39.785425
-39.785371
-39.785318
-39.785266
-39.785216
-39.785168
-39.785123
-39.78508
-39.78504
-39.785004
-39.784971
-39.784941
-39.784916
-39.784894
-39.784876
-39.784865
-39.784859
-39.784859
-39.784868
-39.784885
-39.784913
-39.784952
-39.785004
-39.785071
-39.785154
-39.785257
-39.78538
-39.785527
-39.785698
-39.785899
-39.78613
-39.786393
-39.786693
-39.78703
-39.787408
-39.787828
-39.788294
-39.788806
-39.789367
-39.789978
-39.79064
-39.791355
-39.792121
-39.792941
-39.793811
-39.794732
-39.795701
-39.796715
-39.797771
-39.798865
-39.799993
-39.801148
-39.802325
-39.803518
-39.804721
-39.80593
-39.807138
-39.808343
-39.809544
-39.810743
-39.811945
-39.813162
-39.814412
-39.815723
-39.817134
-39.818698
-39.820488
-39.822599
-39.825159
-39.828335
-39.832346
-39.837489
-39.844186
-39.852988
-39.864397
-39.879225
-39.901812
-39.936994
-39.960711
-40.020915
-40.444699
-40.352446
-4.2732616
90.688067
-39.738621
-39.738622
-39.738624
-39.738629
-39.738636
-39.738646
-39.738659
-39.738675
-39.738694
-39.738718
-39.738746
-39.73878
-39.738821
-39.738869
-39.738927
-39.738996
-39.739077
-39.739174
-39.739287
-39.739417
-39.739565
-39.739729
-39.739904
-39.740081
-39.740249
-39.740394
-39.740503
-39.740565
-39.740581
-39.740559
-39.740513
-39.740461
-39.740414
-39.74038
-39.740362
-39.740359
-39.740367
-39.740384
-39.740409
-39.740439
-39.740474
-39.740514
-39.740559
-39.740609
-39.740664
-39.740725
-39.74079
-39.74086
-39.740936
-39.741015
-39.741099
-39.741187
-39.741279
-39.741374
-39.741472
-39.741573
-39.741676
-39.741781
-39.741888
-39.741995
-39.742104
-39.742212
-39.74232
-39.742428
-39.742535
-39.742642
-39.742747
-39.74285
-39.742953
-39.743054
-39.743154
-39.743253
-39.743352
-39.743451
-39.74355
-39.74365
-39.74375
-39.743853
-39.743957
-39.744064
-39.744173
-39.744286
-39.7444
-39.744519
-39.744639
-39.744763
-39.74489
-39.74502
-39.745152
-39.745287
-39.745425
-39.745564
-39.745706
-39.74585
-39.745995
-39.746141
-39.746287
-39.746434
-39.74658
-39.746726
-39.746871
-39.747014
-39.747157
-39.747298
-39.747439
-39.747578
-39.747716
-39.747853
-39.747989
-39.748124
-39.748259
-39.748393
-39.748526
-39.74866
-39.748794
-39.748929
-39.749064
-39.7492
-39.749337
-39.749475
-39.749614
-39.749754
-39.749895
-39.750038
-39.750182
-39.750327
-39.750473
-39.750621
-39.750769
-39.750918
-39.751069
-39.75122
-39.751372
-39.751526
-39.751679
-39.751834
-39.751989
-39.752144
-39.752299
-39.752454
-39.75261
-39.752765
-39.752921
-39.753077
-39.753234
-39.753392
-39.753549
-39.753707
-39.753865
-39.754022
-39.75418
-39.754337
-39.754495
-39.754653
-39.754811
-39.754969
-39.755127
-39.755285
-39.755443
-39.755601
-39.75576
-39.755919
-39.756078
-39.756237
-39.756397
-39.756556
-39.756715
-39.756875
-39.757034
-39.757194
-39.757354
-39.757515
-39.757676
-39.757837
-39.757999
-39.758161
-39.758324
-39.758487
-39.758651
-39.758815
-39.75898
-39.759145
-39.759311
-39.759477
-39.759644
-39.759812
-39.75998
-39.760149
-39.760318
-39.760488
-39.760658
-39.760829
-39.761
-39.761172
-39.761344
-39.761516
-39.761689
-39.761862
-39.762035
-39.762209
-39.762384
-39.762559
-39.762734
-39.762909
-39.763085
-39.763261
-39.763438
-39.763614
-39.763792
-39.763969
-39.764146
-39.764324
-39.764501
-39.764679
-39.764857
-39.765035
-39.765214
-39.765392
-39.76557
-39.765748
-39.765927
-39.766106
-39.766284
-39.766464
-39.766643
-39.766822
-39.767001
-39.76718
-39.767359
-39.767539
-39.767718
-39.767898
-39.768077
-39.768256
-39.768435
-39.768614
-39.768792
-39.768971
-39.769149
-39.769328
-39.769506
-39.769684
-39.769861
-39.770039
-39.770216
-39.770393
-39.770569
-39.770746
-39.770922
-39.771098
-39.771274
-39.771449
-39.771624
-39.771799
-39.771974
-39.772148
-39.772322
-39.772495
-39.772668
-39.772841
-39.773013
-39.773185
-39.773357
-39.773528
-39.773699
-39.773869
-39.774039
-39.774208
-39.774376
-39.774544
-39.774711
-39.774878
-39.775044
-39.77521
-39.775375
-39.775539
-39.775703
-39.775866
-39.776028
-39.77619
-39.776351
-39.776512
-39.776673
-39.776833
-39.776993
-39.777152
-39.777311
-39.77747
-39.777629
-39.777787
-39.777944
-39.778101
-39.778256
-39.77841
-39.778563
-39.778716
-39.778867
-39.779017
-39.779166
-39.779314
-39.779461
-39.779607
-39.779752
-39.779895
-39.780038
-39.780179
-39.780319
-39.780459
-39.780597
-39.780735
-39.780872
-39.781008
-39.781144
-39.781278
-39.78141
-39.78154
-39.781669
-39.781795
-39.78192
-39.782043
-39.782165
-39.782285
-39.782403
-39.782519
-39.782633
-39.782745
-39.782856
-39.782966
-39.783075
-39.783182
-39.783287
-39.783391
-39.783494
-39.783596
-39.783697
-39.783797
-39.783897
-39.783996
-39.784094
-39.784192
-39.784289
-39.784385
-39.784479
-39.784572
-39.784662
-39.78475
-39.784835
-39.784918
-39.784997
-39.785072
-39.785144
-39.785211
-39.785275
-39.785334
-39.785389
-39.78544
-39.785487
-39.785531
-39.785572
-39.78561
-39.785645
-39.785678
-39.785709
-39.785737
-39.785764
-39.78579
-39.785815
-39.785839
-39.785861
-39.785882
-39.785903
-39.785922
-39.785939
-39.785955
-39.78597
-39.785982
-39.785992
-39.785999
-39.786003
-39.786004
-39.786
-39.785993
-39.785981
-39.785965
-39.785945
-39.78592
-39.785891
-39.785858
-39.78582
-39.785779
-39.785734
-39.785687
-39.785637
-39.785586
-39.785533
-39.785481
-39.785427
-39.785375
-39.785323
-39.785272
-39.785223
-39.785176
-39.785133
-39.785091
-39.785053
-39.785017
-39.784986
-39.784958
-39.784934
-39.784914
-39.784899
-39.784889
-39.784886
-39.784889
-39.784901
-39.784921
-39.784952
-39.784994
-39.78505
-39.785121
-39.785208
-39.785315
-39.785442
-39.785592
-39.785768
-39.785972
-39.786206
-39.786472
-39.786774
-39.787113
-39.787491
-39.787912
-39.788377
-39.788888
-39.789446
-39.790052
-39.790709
-39.791416
-39.792173
-39.792981
-39.793838
-39.794743
-39.795693
-39.796686
-39.797718
-39.798785
-39.799882
-39.801003
-39.802142
-39.803294
-39.804451
-39.80561
-39.806763
-39.807908
-39.809043
-39.810169
-39.811291
-39.812418
-39.813568
-39.814765
-39.816045
-39.817457
-39.819067
-39.820965
-39.823264
-39.826119
-39.829724
-39.834345
-39.840354
-39.848213
-39.858302
-39.871367
-39.891098
-39.919672
-39.933503
-39.981119
-40.336704
-40.152325
-34.497405
93.040874
-39.73862
-39.738621
-39.738623
-39.738628
-39.738635
-39.738645
-39.738657
-39.738673
-39.738692
-39.738716
-39.738744
-39.738777
-39.738818
-39.738866
-39.738924
-39.738993
-39.739076
-39.739174
-39.739289
-39.739424
-39.739578
-39.739749
-39.739932
-39.740119
-39.740297
-39.74045
-39.740563
-39.740625
-39.740636
-39.740605
-39.740548
-39.740486
-39.740431
-39.740393
-39.740372
-39.740366
-39.740374
-39.740391
-39.740415
-39.740444
-39.740479
-39.740518
-39.740563
-39.740613
-39.740667
-39.740727
-39.740792
-39.740862
-39.740937
-39.741016
-39.7411
-39.741187
-39.741279
-39.741373
-39.741471
-39.741572
-39.741674
-39.741779
-39.741885
-39.741992
-39.7421
-39.742208
-39.742317
-39.742424
-39.742532
-39.742638
-39.742743
-39.742847
-39.74295
-39.743051
-39.743152
-39.743252
-39.743351
-39.743451
-39.743551
-39.743651
-39.743753
-39.743856
-39.743961
-39.744068
-39.744178
-39.74429
-39.744405
-39.744524
-39.744645
-39.744769
-39.744895
-39.745025
-39.745157
-39.745291
-39.745428
-39.745568
-39.745709
-39.745852
-39.745997
-39.746142
-39.746288
-39.746434
-39.74658
-39.746725
-39.74687
-39.747013
-39.747156
-39.747297
-39.747437
-39.747576
-39.747715
-39.747852
-39.747988
-39.748124
-39.748258
-39.748392
-39.748527
-39.748661
-39.748795
-39.74893
-39.749065
-39.749202
-39.749339
-39.749477
-39.749616
-39.749756
-39.749898
-39.75004
-39.750184
-39.750329
-39.750476
-39.750623
-39.750771
-39.75092
-39.751071
-39.751222
-39.751374
-39.751527
-39.751681
-39.751835
-39.75199
-39.752145
-39.7523
-39.752455
-39.75261
-39.752766
-39.752922
-39.753078
-39.753235
-39.753392
-39.75355
-39.753707
-39.753865
-39.754023
-39.75418
-39.754338
-39.754495
-39.754653
-39.754811
-39.754969
-39.755127
-39.755285
-39.755443
-39.755601
-39.75576
-39.755919
-39.756079
-39.756238
-39.756398
-39.756557
-39.756716
-39.756876
-39.757035
-39.757195
-39.757355
-39.757516
-39.757677
-39.757838
-39.758
-39.758162
-39.758325
-39.758489
-39.758652
-39.758816
-39.758981
-39.759146
-39.759312
-39.759478
-39.759645
-39.759813
-39.759981
-39.76015
-39.760319
-39.760489
-39.760659
-39.76083
-39.761001
-39.761173
-39.761345
-39.761517
-39.76169
-39.761863
-39.762037
-39.76221
-39.762385
-39.76256
-39.762735
-39.76291
-39.763086
-39.763262
-39.763438
-39.763615
-39.763792
-39.76397
-39.764147
-39.764324
-39.764502
-39.76468
-39.764858
-39.765036
-39.765214
-39.765392
-39.76557
-39.765749
-39.765927
-39.766106
-39.766285
-39.766464
-39.766643
-39.766822
-39.767001
-39.76718
-39.76736
-39.767539
-39.767719
-39.767898
-39.768077
-39.768256
-39.768435
-39.768614
-39.768792
-39.768971
-39.769149
-39.769328
-39.769506
-39.769684
-39.769861
-39.770039
-39.770216
-39.770393
-39.770569
-39.770746
-39.770922
-39.771098
-39.771273
-39.771449
-39.771624
-39.771799
-39.771973
-39.772147
-39.772321
-39.772494
-39.772668
-39.77284
-39.773013
-39.773185
-39.773356
-39.773527
-39.773698
-39.773868
-39.774037
-39.774206
-39.774375
-39.774543
-39.77471
-39.774877
-39.775043
-39.775208
-39.775373
-39.775537
-39.775701
-39.775864
-39.776026
-39.776188
-39.776349
-39.77651
-39.776671
-39.776831
-39.77699
-39.77715
-39.777309
-39.777468
-39.777626
-39.777784
-39.777941
-39.778098
-39.778253
-39.778408
-39.778561
-39.778713
-39.778864
-39.779014
-39.779163
-39.779311
-39.779458
-39.779604
-39.779749
-39.779892
-39.780035
-39.780176
-39.780316
-39.780456
-39.780594
-39.780732
-39.780869
-39.781005
-39.78114
-39.781274
-39.781406
-39.781536
-39.781665
-39.781791
-39.781916
-39.782038
-39.78216
-39.78228
-39.782399
-39.782515
-39.782629
-39.782741
-39.782852
-39.782962
-39.783071
-39.783178
-39.783283
-39.783387
-39.78349
-39.783593
-39.783694
-39.783794
-39.783893
-39.783992
-39.78409
-39.784188
-39.784284
-39.78438
-39.784474
-39.784566
-39.784656
-39.784743
-39.784828
-39.78491
-39.784989
-39.785064
-39.785135
-39.785203
-39.785266
-39.785326
-39.785381
-39.785432
-39.785479
-39.785523
-39.785564
-39.785602
-39.785638
-39.785671
-39.785703
-39.785731
-39.785759
-39.785785
-39.78581
-39.785833
-39.785856
-39.785877
-39.785898
-39.785916
-39.785934
-39.785949
-39.785963
-39.785975
-39.785985
-39.785992
-39.785995
-39.785995
-39.785992
-39.785985
-39.785973
-39.785957
-39.785937
-39.785912
-39.785884
-39.785851
-39.785814
-39.785773
-39.78573
-39.785683
-39.785635
-39.785585
-39.785533
-39.785482
-39.78543
-39.785378
-39.785327
-39.785278
-39.78523
-39.785184
-39.785142
-39.785102
-39.785065
-39.785031
-39.785001
-39.784974
-39.784952
-39.784934
-39.784921
-39.784914
-39.784913
-39.784919
-39.784933
-39.784956
-39.784991
-39.785036
-39.785096
-39.78517
-39.785261
-39.785371
-39.785502
-39.785656
-39.785835
-39.786043
-39.78628
-39.786549
-39.786852
-39.787193
-39.787573
-39.787993
-39.788458
-39.788966
-39.789521
-39.790124
-39.790774
-39.791474
-39.792222
-39.793019
-39.793862
-39.794751
-39.795683
-39.796655
-39.797663
-39.798703
-39.799769
-39.800857
-39.801959
-39.80307
-39.804182
-39.80529
-39.806389
-39.807474
-39.808543
-39.809596
-39.810637
-39.811674
-39.812722
-39.813803
-39.814949
-39.816206
-39.817632
-39.819309
-39.821341
-39.823864
-39.827052
-39.831136
-39.83644
-39.843338
-39.852098
-39.863402
-39.880227
-39.902309
-39.908093
-39.928966
-40.127394
-39.787224
-34.774516
85.658846
-39.738619
-39.73862
-39.738622
-39.738627
-39.738634
-39.738643
-39.738656
-39.738671
-39.73869
-39.738713
-39.738741
-39.738774
-39.738814
-39.738863
-39.73892
-39.73899
-39.739074
-39.739174
-39.739292
-39.739431
-39.73959
-39.739769
-39.739962
-39.740159
-39.740347
-39.740509
-39.740626
-39.740688
-39.740693
-39.740652
-39.740584
-39.740511
-39.740448
-39.740404
-39.74038
-39.740373
-39.74038
-39.740397
-39.74042
-39.740449
-39.740484
-39.740523
-39.740567
-39.740616
-39.74067
-39.74073
-39.740794
-39.740864
-39.740938
-39.741017
-39.7411
-39.741187
-39.741278
-39.741373
-39.74147
-39.74157
-39.741672
-39.741777
-39.741882
-39.741989
-39.742097
-39.742205
-39.742313
-39.742421
-39.742528
-39.742634
-39.742739
-39.742844
-39.742947
-39.743049
-39.74315
-39.743251
-39.743351
-39.743451
-39.743551
-39.743652
-39.743755
-39.743858
-39.743964
-39.744072
-39.744182
-39.744295
-39.74441
-39.744529
-39.74465
-39.744774
-39.7449
-39.745029
-39.745161
-39.745296
-39.745432
-39.745571
-39.745712
-39.745855
-39.745998
-39.746143
-39.746289
-39.746435
-39.74658
-39.746725
-39.746869
-39.747012
-39.747155
-39.747296
-39.747436
-39.747575
-39.747713
-39.747851
-39.747987
-39.748123
-39.748258
-39.748392
-39.748527
-39.748661
-39.748796
-39.748931
-39.749067
-39.749203
-39.749341
-39.749479
-39.749618
-39.749758
-39.7499
-39.750042
-39.750186
-39.750331
-39.750478
-39.750625
-39.750773
-39.750922
-39.751072
-39.751223
-39.751375
-39.751528
-39.751682
-39.751836
-39.751991
-39.752146
-39.752301
-39.752456
-39.752611
-39.752767
-39.752922
-39.753079
-39.753236
-39.753393
-39.75355
-39.753708
-39.753866
-39.754023
-39.754181
-39.754338
-39.754496
-39.754654
-39.754812
-39.75497
-39.755128
-39.755286
-39.755444
-39.755602
-39.755761
-39.75592
-39.75608
-39.756239
-39.756398
-39.756558
-39.756717
-39.756876
-39.757036
-39.757196
-39.757356
-39.757517
-39.757678
-39.757839
-39.758001
-39.758164
-39.758326
-39.75849
-39.758654
-39.758818
-39.758982
-39.759147
-39.759313
-39.75948
-39.759647
-39.759814
-39.759983
-39.760151
-39.76032
-39.76049
-39.76066
-39.760831
-39.761002
-39.761174
-39.761346
-39.761518
-39.761691
-39.761864
-39.762038
-39.762212
-39.762386
-39.762561
-39.762736
-39.762911
-39.763087
-39.763263
-39.763439
-39.763616
-39.763793
-39.76397
-39.764148
-39.764325
-39.764503
-39.764681
-39.764859
-39.765037
-39.765215
-39.765393
-39.765571
-39.765749
-39.765928
-39.766106
-39.766285
-39.766464
-39.766643
-39.766822
-39.767001
-39.76718
-39.76736
-39.767539
-39.767719
-39.767898
-39.768077
-39.768256
-39.768435
-39.768614
-39.768792
-39.768971
-39.769149
-39.769328
-39.769506
-39.769684
-39.769861
-39.770039
-39.770216
-39.770393
-39.770569
-39.770746
-39.770922
-39.771097
-39.771273
-39.771448
-39.771623
-39.771798
-39.771973
-39.772147
-39.77232
-39.772494
-39.772667
-39.77284
-39.773012
-39.773184
-39.773355
-39.773526
-39.773697
-39.773867
-39.774036
-39.774205
-39.774374
-39.774541
-39.774709
-39.774875
-39.775041
-39.775207
-39.775371
-39.775536
-39.775699
-39.775862
-39.776024
-39.776186
-39.776347
-39.776508
-39.776669
-39.776828
-39.776988
-39.777148
-39.777307
-39.777465
-39.777624
-39.777782
-39.777939
-39.778096
-39.778251
-39.778405
-39.778558
-39.77871
-39.778861
-39.779011
-39.779161
-39.779309
-39.779456
-39.779601
-39.779746
-39.77989
-39.780032
-39.780173
-39.780313
-39.780453
-39.780591
-39.780729
-39.780866
-39.781002
-39.781137
-39.78127
-39.781402
-39.781532
-39.781661
-39.781787
-39.781912
-39.782034
-39.782156
-39.782276
-39.782395
-39.782511
-39.782625
-39.782737
-39.782849
-39.782959
-39.783068
-39.783175
-39.78328
-39.783384
-39.783487
-39.78359
-39.783691
-39.783791
-39.78389
-39.783988
-39.784087
-39.784184
-39.78428
-39.784375
-39.784469
-39.784561
-39.78465
-39.784737
-39.784821
-39.784903
-39.784981
-39.785056
-39.785127
-39.785195
-39.785258
-39.785317
-39.785373
-39.785424
-39.785471
-39.785516
-39.785557
-39.785596
-39.785632
-39.785665
-39.785696
-39.785726
-39.785753
-39.78578
-39.785804
-39.785828
-39.78585
-39.785872
-39.785892
-39.785911
-39.785928
-39.785943
-39.785957
-39.785969
-39.785978
-39.785984
-39.785988
-39.785987
-39.785984
-39.785976
-39.785964
-39.785949
-39.785929
-39.785905
-39.785877
-39.785844
-39.785808
-39.785768
-39.785725
-39.78568
-39.785632
-39.785583
-39.785533
-39.785483
-39.785432
-39.785381
-39.785332
-39.785283
-39.785237
-39.785192
-39.785151
-39.785112
-39.785076
-39.785044
-39.785015
-39.78499
-39.78497
-39.784954
-39.784943
-39.784937
-39.784939
-39.784948
-39.784965
-39.784991
-39.785028
-39.785077
-39.78514
-39.785218
-39.785313
-39.785427
-39.785561
-39.785719
-39.785901
-39.786112
-39.786351
-39.786623
-39.786929
-39.787271
-39.787652
-39.788072
-39.788536
-39.789043
-39.789594
-39.790192
-39.790837
-39.79153
-39.792268
-39.793054
-39.793884
-39.794757
-39.795671
-39.796622
-39.797607
-39.79862
-39.799656
-39.800711
-39.801776
-39.802846
-39.803913
-39.804973
-39.806017
-39.807043
-39.808046
-39.809026
-39.809985
-39.810931
-39.811875
-39.812839
-39.813849
-39.814947
-39.816185
-39.817637
-39.819394
-39.821577
-39.824337
-39.827874
-39.83246
-39.838385
-39.84582
-39.855379
-39.869343
-39.885436
-39.885359
-39.886019
-39.936505
-39.584904
9.887212
86.48896
-39.738618
-39.738619
-39.738621
-39.738626
-39.738632
-39.738642
-39.738654
-39.738669
-39.738688
-39.738711
-39.738738
-39.738771
-39.738811
-39.738859
-39.738917
-39.738987
-39.739071
-39.739173
-39.739294
-39.739437
-39.739603
-39.73979
-39.739992
-39.740201
-39.740401
-39.740572
-39.740694
-39.740755
-39.740754
-39.740701
-39.740621
-39.740536
-39.740464
-39.740414
-39.740387
-39.740379
-39.740386
-39.740402
-39.740426
-39.740454
-39.740488
-39.740527
-39.74057
-39.740619
-39.740673
-39.740732
-39.740796
-39.740865
-39.740939
-39.741018
-39.7411
-39.741187
-39.741278
-39.741372
-39.741469
-39.741568
-39.74167
-39.741774
-39.74188
-39.741986
-39.742094
-39.742201
-39.742309
-39.742417
-39.742524
-39.74263
-39.742736
-39.74284
-39.742944
-39.743046
-39.743148
-39.743249
-39.74335
-39.743451
-39.743552
-39.743654
-39.743757
-39.743861
-39.743967
-39.744076
-39.744186
-39.744299
-39.744415
-39.744533
-39.744654
-39.744778
-39.744905
-39.745034
-39.745165
-39.745299
-39.745436
-39.745574
-39.745715
-39.745857
-39.746
-39.746145
-39.74629
-39.746435
-39.74658
-39.746725
-39.746869
-39.747012
-39.747154
-39.747295
-39.747435
-39.747574
-39.747712
-39.74785
-39.747986
-39.748122
-39.748257
-39.748392
-39.748527
-39.748661
-39.748796
-39.748932
-39.749068
-39.749205
-39.749342
-39.749481
-39.74962
-39.74976
-39.749902
-39.750045
-39.750188
-39.750333
-39.75048
-39.750627
-39.750775
-39.750924
-39.751074
-39.751225
-39.751377
-39.75153
-39.751683
-39.751837
-39.751992
-39.752147
-39.752302
-39.752457
-39.752612
-39.752767
-39.752923
-39.753079
-39.753236
-39.753393
-39.753551
-39.753708
-39.753866
-39.754024
-39.754181
-39.754339
-39.754496
-39.754654
-39.754812
-39.75497
-39.755128
-39.755286
-39.755445
-39.755603
-39.755762
-39.755921
-39.75608
-39.75624
-39.756399
-39.756558
-39.756718
-39.756877
-39.757037
-39.757197
-39.757357
-39.757518
-39.757679
-39.75784
-39.758002
-39.758165
-39.758328
-39.758491
-39.758655
-39.758819
-39.758983
-39.759149
-39.759314
-39.759481
-39.759648
-39.759816
-39.759984
-39.760153
-39.760322
-39.760491
-39.760662
-39.760832
-39.761004
-39.761175
-39.761347
-39.76152
-39.761692
-39.761865
-39.762039
-39.762213
-39.762387
-39.762562
-39.762737
-39.762912
-39.763088
-39.763264
-39.76344
-39.763617
-39.763794
-39.763971
-39.764148
-39.764326
-39.764503
-39.764681
-39.764859
-39.765037
-39.765215
-39.765393
-39.765571
-39.76575
-39.765928
-39.766107
-39.766285
-39.766464
-39.766643
-39.766822
-39.767001
-39.767181
-39.76736
-39.76754
-39.767719
-39.767898
-39.768077
-39.768256
-39.768435
-39.768614
-39.768793
-39.768971
-39.76915
-39.769328
-39.769506
-39.769684
-39.769861
-39.770039
-39.770216
-39.770392
-39.770569
-39.770745
-39.770921
-39.771097
-39.771273
-39.771448
-39.771623
-39.771798
-39.771972
-39.772146
-39.77232
-39.772493
-39.772666
-39.772839
-39.773011
-39.773183
-39.773354
-39.773525
-39.773696
-39.773866
-39.774035
-39.774204
-39.774372
-39.77454
-39.774707
-39.774874
-39.77504
-39.775205
-39.77537
-39.775534
-39.775697
-39.77586
-39.776022
-39.776184
-39.776345
-39.776506
-39.776667
-39.776826
-39.776986
-39.777145
-39.777304
-39.777463
-39.777622
-39.77778
-39.777937
-39.778093
-39.778249
-39.778403
-39.778556
-39.778708
-39.778859
-39.779009
-39.779158
-39.779306
-39.779453
-39.779599
-39.779743
-39.779887
-39.780029
-39.78017
-39.78031
-39.78045
-39.780588
-39.780726
-39.780863
-39.780998
-39.781133
-39.781267
-39.781399
-39.781529
-39.781657
-39.781783
-39.781908
-39.78203
-39.782152
-39.782272
-39.782391
-39.782507
-39.782621
-39.782734
-39.782845
-39.782955
-39.783064
-39.783171
-39.783277
-39.783381
-39.783484
-39.783587
-39.783688
-39.783788
-39.783887
-39.783985
-39.784083
-39.78418
-39.784276
-39.78437
-39.784464
-39.784555
-39.784644
-39.784731
-39.784815
-39.784896
-39.784974
-39.785048
-39.785119
-39.785186
-39.78525
-39.785309
-39.785365
-39.785416
-39.785463
-39.785508
-39.78555
-39.785589
-39.785625
-39.785659
-39.78569
-39.78572
-39.785747
-39.785774
-39.785799
-39.785823
-39.785845
-39.785867
-39.785887
-39.785905
-39.785922
-39.785938
-39.785951
-39.785963
-39.785971
-39.785977
-39.78598
-39.78598
-39.785976
-39.785968
-39.785956
-39.785941
-39.785921
-39.785897
-39.78587
-39.785838
-39.785802
-39.785763
-39.785721
-39.785676
-39.78563
-39.785582
-39.785533
-39.785484
-39.785434
-39.785384
-39.785336
-39.785289
-39.785244
-39.7852
-39.78516
-39.785123
-39.785088
-39.785057
-39.785029
-39.785006
-39.784987
-39.784973
-39.784964
-39.784961
-39.784965
-39.784976
-39.784996
-39.785025
-39.785065
-39.785118
-39.785184
-39.785265
-39.785363
-39.785481
-39.785619
-39.78578
-39.785965
-39.786179
-39.786421
-39.786695
-39.787003
-39.787347
-39.787728
-39.788149
-39.788611
-39.789116
-39.789665
-39.790258
-39.790897
-39.791582
-39.792312
-39.793086
-39.793903
-39.794761
-39.795657
-39.796588
-39.797549
-39.798536
-39.799543
-39.800564
-39.801593
-39.802623
-39.803646
-39.804656
-39.805647
-39.806613
-39.80755
-39.808457
-39.809335
-39.810189
-39.811029
-39.811873
-39.812745
-39.813681
-39.814728
-39.815949
-39.817426
-39.819262
-39.821587
-39.824568
-39.828428
-39.833376
-39.839501
-39.847344
-39.858554
-39.869424
-39.864774
-39.863115
-39.855914
-39.267262
-4.748649
85.047007
-39.738617
-39.738617
-39.73862
-39.738624
-39.738631
-39.73864
-39.738652
-39.738667
-39.738686
-39.738708
-39.738735
-39.738767
-39.738807
-39.738854
-39.738912
-39.738983
-39.739068
-39.739171
-39.739296
-39.739443
-39.739615
-39.739811
-39.740024
-39.740245
-39.740457
-39.740638
-39.740766
-39.740827
-39.740817
-39.740753
-39.740658
-39.740561
-39.740479
-39.740424
-39.740394
-39.740385
-39.740391
-39.740407
-39.740431
-39.740459
-39.740492
-39.74053
-39.740573
-39.740621
-39.740675
-39.740733
-39.740797
-39.740866
-39.74094
-39.741018
-39.7411
-39.741187
-39.741277
-39.741371
-39.741467
-39.741567
-39.741668
-39.741772
-39.741877
-39.741983
-39.74209
-39.742198
-39.742306
-39.742413
-39.74252
-39.742627
-39.742733
-39.742837
-39.742941
-39.743044
-39.743146
-39.743248
-39.743349
-39.743451
-39.743552
-39.743655
-39.743758
-39.743863
-39.74397
-39.744079
-39.74419
-39.744303
-39.744419
-39.744538
-39.744659
-39.744783
-39.744909
-39.745038
-39.74517
-39.745303
-39.745439
-39.745577
-39.745717
-39.745859
-39.746002
-39.746146
-39.746291
-39.746436
-39.74658
-39.746725
-39.746868
-39.747011
-39.747153
-39.747294
-39.747434
-39.747573
-39.747711
-39.747849
-39.747986
-39.748122
-39.748257
-39.748392
-39.748527
-39.748662
-39.748797
-39.748933
-39.749069
-39.749206
-39.749344
-39.749482
-39.749622
-39.749762
-39.749904
-39.750046
-39.75019
-39.750335
-39.750482
-39.750629
-39.750777
-39.750926
-39.751076
-39.751227
-39.751378
-39.751531
-39.751685
-39.751839
-39.751993
-39.752148
-39.752302
-39.752457
-39.752613
-39.752768
-39.752924
-39.75308
-39.753237
-39.753394
-39.753551
-39.753709
-39.753866
-39.754024
-39.754181
-39.754339
-39.754497
-39.754654
-39.754812
-39.754971
-39.755129
-39.755287
-39.755445
-39.755603
-39.755762
-39.755921
-39.756081
-39.75624
-39.7564
-39.756559
-39.756719
-39.756878
-39.757038
-39.757198
-39.757358
-39.757519
-39.75768
-39.757841
-39.758003
-39.758166
-39.758329
-39.758492
-39.758656
-39.75882
-39.758985
-39.75915
-39.759315
-39.759482
-39.759649
-39.759817
-39.759985
-39.760154
-39.760323
-39.760493
-39.760663
-39.760834
-39.761005
-39.761176
-39.761348
-39.761521
-39.761694
-39.761867
-39.76204
-39.762214
-39.762388
-39.762563
-39.762738
-39.762913
-39.763089
-39.763265
-39.763441
-39.763618
-39.763795
-39.763972
-39.764149
-39.764326
-39.764504
-39.764682
-39.76486
-39.765038
-39.765216
-39.765394
-39.765572
-39.76575
-39.765928
-39.766107
-39.766286
-39.766465
-39.766644
-39.766823
-39.767002
-39.767181
-39.76736
-39.76754
-39.767719
-39.767898
-39.768077
-39.768256
-39.768435
-39.768614
-39.768793
-39.768971
-39.76915
-39.769328
-39.769506
-39.769684
-39.769861
-39.770039
-39.770216
-39.770392
-39.770569
-39.770745
-39.770921
-39.771097
-39.771272
-39.771448
-39.771623
-39.771797
-39.771972
-39.772146
-39.772319
-39.772493
-39.772666
-39.772838
-39.77301
-39.773182
-39.773354
-39.773524
-39.773695
-39.773865
-39.774034
-39.774203
-39.774371
-39.774539
-39.774706
-39.774873
-39.775039
-39.775204
-39.775368
-39.775532
-39.775696
-39.775858
-39.77602
-39.776182
-39.776344
-39.776504
-39.776665
-39.776824
-39.776984
-39.777143
-39.777302
-39.777461
-39.777619
-39.777777
-39.777934
-39.778091
-39.778246
-39.7784
-39.778553
-39.778705
-39.778856
-39.779006
-39.779155
-39.779303
-39.77945
-39.779596
-39.779741
-39.779884
-39.780026
-39.780167
-39.780308
-39.780447
-39.780585
-39.780723
-39.780859
-39.780995
-39.78113
-39.781263
-39.781395
-39.781525
-39.781653
-39.781779
-39.781904
-39.782027
-39.782148
-39.782269
-39.782387
-39.782503
-39.782617
-39.78273
-39.782841
-39.782952
-39.783061
-39.783168
-39.783274
-39.783378
-39.783481
-39.783584
-39.783685
-39.783785
-39.783884
-39.783982
-39.784079
-39.784176
-39.784272
-39.784366
-39.784459
-39.78455
-39.784638
-39.784724
-39.784808
-39.784889
-39.784967
-39.785041
-39.785112
-39.785179
-39.785242
-39.785301
-39.785357
-39.785408
-39.785456
-39.785501
-39.785543
-39.785582
-39.785619
-39.785653
-39.785685
-39.785714
-39.785742
-39.785769
-39.785794
-39.785818
-39.785841
-39.785862
-39.785882
-39.7859
-39.785917
-39.785932
-39.785945
-39.785956
-39.785965
-39.78597
-39.785973
-39.785972
-39.785968
-39.785961
-39.785949
-39.785933
-39.785914
-39.78589
-39.785863
-39.785832
-39.785796
-39.785758
-39.785717
-39.785673
-39.785628
-39.785581
-39.785533
-39.785485
-39.785436
-39.785388
-39.78534
-39.785294
-39.78525
-39.785208
-39.785169
-39.785133
-39.785099
-39.785069
-39.785043
-39.785021
-39.785004
-39.784992
-39.784985
-39.784984
-39.78499
-39.785004
-39.785026
-39.785058
-39.785102
-39.785157
-39.785226
-39.785311
-39.785413
-39.785533
-39.785675
-39.785839
-39.786028
-39.786244
-39.786489
-39.786765
-39.787075
-39.78742
-39.787803
-39.788223
-39.788684
-39.789187
-39.789732
-39.790322
-39.790955
-39.791632
-39.792353
-39.793116
-39.79392
-39.794763
-39.795641
-39.796552
-39.79749
-39.798451
-39.799429
-39.800418
-39.801411
-39.802401
-39.803381
-39.804342
-39.80528
-39.806186
-39.807058
-39.807892
-39.808687
-39.809449
-39.810185
-39.810908
-39.81164
-39.812412
-39.813263
-39.81425
-39.815442
-39.816926
-39.818809
-39.821228
-39.824357
-39.828333
-39.833169
-39.83934
-39.847927
-39.854325
-39.846292
-39.845489
-39.856694
-39.397811
-37.23247
-5.9291235
-39.738615
-39.738616
-39.738618
-39.738623
-39.738629
-39.738638
-39.73865
-39.738665
-39.738683
-39.738705
-39.738731
-39.738763
-39.738802
-39.73885
-39.738907
-39.738978
-39.739064
-39.739169
-39.739297
-39.739449
-39.739627
-39.739832
-39.740057
-39.740291
-39.740516
-39.740708
-39.740843
-39.740902
-39.740884
-39.740806
-39.740696
-39.740584
-39.740493
-39.740431
-39.740399
-39.740389
-39.740396
-39.740412
-39.740435
-39.740464
-39.740496
-39.740534
-39.740576
-39.740624
-39.740677
-39.740735
-39.740798
-39.740867
-39.74094
-39.741018
-39.7411
-39.741186
-39.741276
-39.741369
-39.741466
-39.741565
-39.741666
-39.741769
-39.741874
-39.74198
-39.742087
-39.742195
-39.742302
-39.74241
-39.742517
-39.742623
-39.742729
-39.742834
-39.742938
-39.743042
-39.743145
-39.743247
-39.743349
-39.743451
-39.743553
-39.743656
-39.74376
-39.743866
-39.743973
-39.744082
-39.744193
-39.744307
-39.744423
-39.744542
-39.744664
-39.744787
-39.744914
-39.745042
-39.745174
-39.745307
-39.745443
-39.74558
-39.74572
-39.745861
-39.746004
-39.746147
-39.746292
-39.746436
-39.746581
-39.746724
-39.746868
-39.74701
-39.747152
-39.747293
-39.747433
-39.747572
-39.74771
-39.747848
-39.747985
-39.748121
-39.748257
-39.748392
-39.748527
-39.748662
-39.748798
-39.748934
-39.74907
-39.749207
-39.749345
-39.749484
-39.749623
-39.749764
-39.749906
-39.750048
-39.750192
-39.750337
-39.750483
-39.75063
-39.750778
-39.750927
-39.751077
-39.751228
-39.75138
-39.751532
-39.751686
-39.75184
-39.751994
-39.752149
-39.752303
-39.752458
-39.752613
-39.752769
-39.752924
-39.753081
-39.753237
-39.753394
-39.753552
-39.753709
-39.753867
-39.754024
-39.754182
-39.754339
-39.754497
-39.754655
-39.754813
-39.754971
-39.755129
-39.755287
-39.755446
-39.755604
-39.755763
-39.755922
-39.756082
-39.756241
-39.756401
-39.75656
-39.75672
-39.756879
-39.757039
-39.757199
-39.757359
-39.75752
-39.757681
-39.757843
-39.758005
-39.758167
-39.75833
-39.758493
-39.758657
-39.758821
-39.758986
-39.759151
-39.759317
-39.759483
-39.75965
-39.759818
-39.759986
-39.760155
-39.760324
-39.760494
-39.760664
-39.760835
-39.761006
-39.761178
-39.76135
-39.761522
-39.761695
-39.761868
-39.762041
-39.762215
-39.762389
-39.762564
-39.762739
-39.762914
-39.76309
-39.763266
-39.763442
-39.763619
-39.763795
-39.763973
-39.76415
-39.764327
-39.764505
-39.764682
-39.76486
-39.765038
-39.765216
-39.765394
-39.765572
-39.76575
-39.765929
-39.766107
-39.766286
-39.766465
-39.766644
-39.766823
-39.767002
-39.767181
-39.767361
-39.76754
-39.767719
-39.767898
-39.768077
-39.768256
-39.768435
-39.768614
-39.768793
-39.768971
-39.76915
-39.769328
-39.769506
-39.769684
-39.769861
-39.770039
-39.770216
-39.770392
-39.770569
-39.770745
-39.770921
-39.771097
-39.771272
-39.771447
-39.771622
-39.771797
-39.771971
-39.772145
-39.772319
-39.772492
-39.772665
-39.772837
-39.77301
-39.773182
-39.773353
-39.773523
-39.773694
-39.773864
-39.774033
-39.774202
-39.77437
-39.774538
-39.774705
-39.774871
-39.775037
-39.775202
-39.775367
-39.775531
-39.775694
-39.775857
-39.776019
-39.776181
-39.776342
-39.776502
-39.776663
-39.776823
-39.776982
-39.777141
-39.7773
-39.777459
-39.777617
-39.777775
-39.777932
-39.778088
-39.778244
-39.778398
-39.778551
-39.778703
-39.778854
-39.779004
-39.779153
-39.779301
-39.779448
-39.779593
-39.779738
-39.779881
-39.780024
-39.780165
-39.780305
-39.780444
-39.780582
-39.78072
-39.780856
-39.780992
-39.781127
-39.78126
-39.781391
-39.781521
-39.781649
-39.781776
-39.7819
-39.782023
-39.782145
-39.782265
-39.782383
-39.7825
-39.782614
-39.782726
-39.782838
-39.782948
-39.783057
-39.783165
-39.783271
-39.783375
-39.783478
-39.783581
-39.783682
-39.783782
-39.78388
-39.783978
-39.784076
-39.784172
-39.784267
-39.784362
-39.784454
-39.784545
-39.784633
-39.784718
-39.784802
-39.784882
-39.78496
-39.785034
-39.785104
-39.785171
-39.785234
-39.785294
-39.785349
-39.785401
-39.785449
-39.785494
-39.785536
-39.785576
-39.785613
-39.785647
-39.785679
-39.785709
-39.785737
-39.785764
-39.785789
-39.785813
-39.785836
-39.785857
-39.785877
-39.785895
-39.785911
-39.785926
-39.78594
-39.78595
-39.785958
-39.785964
-39.785966
-39.785965
-39.785961
-39.785953
-39.785941
-39.785925
-39.785906
-39.785883
-39.785856
-39.785826
-39.785791
-39.785753
-39.785713
-39.78567
-39.785626
-39.78558
-39.785533
-39.785485
-39.785438
-39.785391
-39.785345
-39.785299
-39.785257
-39.785216
-39.785178
-39.785142
-39.78511
-39.785082
-39.785057
-39.785036
-39.785021
-39.78501
-39.785005
-39.785006
-39.785015
-39.785031
-39.785056
-39.785091
-39.785137
-39.785196
-39.785268
-39.785356
-39.785461
-39.785585
-39.785729
-39.785897
-39.786089
-39.786308
-39.786555
-39.786834
-39.787145
-39.787491
-39.787875
-39.788295
-39.788755
-39.789255
-39.789797
-39.790382
-39.79101
-39.79168
-39.792392
-39.793144
-39.793935
-39.794763
-39.795624
-39.796515
-39.79743
-39.798366
-39.799315
-39.800273
-39.80123
-39.802181
-39.803117
-39.80403
-39.804915
-39.805763
-39.806569
-39.807329
-39.808043
-39.808712
-39.809342
-39.809943
-39.810534
-39.81114
-39.811794
-39.812544
-39.813446
-39.814573
-39.816011
-39.817864
-39.820263
-39.823274
-39.826852
-39.8314
-39.837511
-39.840031
-39.829617
-39.830898
-39.858943
-39.583632
-40.194201
-31.043017
-39.738614
-39.738614
-39.738617
-39.738621
-39.738627
-39.738636
-39.738648
-39.738662
-39.73868
-39.738702
-39.738728
-39.738759
-39.738798
-39.738845
-39.738902
-39.738973
-39.73906
-39.739167
-39.739297
-39.739454
-39.73964
-39.739853
-39.740091
-39.740339
-39.740578
-39.740782
-39.740923
-39.740981
-39.740954
-39.74086
-39.740733
-39.740607
-39.740505
-39.740438
-39.740402
-39.740393
-39.740399
-39.740416
-39.74044
-39.740468
-39.7405
-39.740537
-39.740579
-39.740626
-39.740678
-39.740736
-39.740799
-39.740867
-39.74094
-39.741018
-39.7411
-39.741185
-39.741275
-39.741368
-39.741464
-39.741563
-39.741664
-39.741767
-39.741871
-39.741977
-39.742084
-39.742191
-39.742299
-39.742406
-39.742513
-39.74262
-39.742726
-39.742831
-39.742936
-39.74304
-39.743143
-39.743246
-39.743348
-39.743451
-39.743554
-39.743657
-39.743762
-39.743868
-39.743975
-39.744085
-39.744197
-39.744311
-39.744427
-39.744547
-39.744668
-39.744792
-39.744918
-39.745047
-39.745177
-39.745311
-39.745446
-39.745583
-39.745722
-39.745863
-39.746006
-39.746149
-39.746293
-39.746437
-39.746581
-39.746724
-39.746867
-39.747009
-39.747151
-39.747292
-39.747432
-39.747571
-39.747709
-39.747847
-39.747984
-39.748121
-39.748256
-39.748392
-39.748527
-39.748663
-39.748798
-39.748934
-39.749071
-39.749208
-39.749347
-39.749485
-39.749625
-39.749766
-39.749907
-39.75005
-39.750194
-39.750339
-39.750485
-39.750632
-39.75078
-39.750929
-39.751079
-39.75123
-39.751381
-39.751534
-39.751687
-39.751841
-39.751995
-39.752149
-39.752304
-39.752459
-39.752614
-39.752769
-39.752925
-39.753081
-39.753238
-39.753395
-39.753552
-39.75371
-39.753867
-39.754025
-39.754182
-39.75434
-39.754497
-39.754655
-39.754813
-39.754972
-39.75513
-39.755288
-39.755446
-39.755604
-39.755764
-39.755923
-39.756082
-39.756242
-39.756401
-39.756561
-39.75672
-39.75688
-39.75704
-39.7572
-39.75736
-39.757521
-39.757682
-39.757844
-39.758006
-39.758168
-39.758331
-39.758495
-39.758658
-39.758822
-39.758987
-39.759152
-39.759318
-39.759484
-39.759652
-39.759819
-39.759987
-39.760156
-39.760325
-39.760495
-39.760665
-39.760836
-39.761007
-39.761179
-39.761351
-39.761523
-39.761696
-39.761869
-39.762042
-39.762216
-39.76239
-39.762565
-39.76274
-39.762915
-39.76309
-39.763266
-39.763443
-39.763619
-39.763796
-39.763973
-39.76415
-39.764328
-39.764505
-39.764683
-39.764861
-39.765039
-39.765217
-39.765395
-39.765573
-39.765751
-39.765929
-39.766108
-39.766286
-39.766465
-39.766644
-39.766823
-39.767002
-39.767181
-39.767361
-39.76754
-39.76772
-39.767899
-39.768078
-39.768256
-39.768435
-39.768614
-39.768793
-39.768972
-39.76915
-39.769328
-39.769506
-39.769684
-39.769861
-39.770039
-39.770216
-39.770392
-39.770569
-39.770745
-39.770921
-39.771097
-39.771272
-39.771447
-39.771622
-39.771796
-39.771971
-39.772145
-39.772318
-39.772491
-39.772664
-39.772837
-39.773009
-39.773181
-39.773352
-39.773523
-39.773693
-39.773863
-39.774032
-39.774201
-39.774369
-39.774537
-39.774704
-39.77487
-39.775036
-39.775201
-39.775365
-39.775529
-39.775692
-39.775855
-39.776017
-39.776179
-39.77634
-39.776501
-39.776661
-39.776821
-39.77698
-39.777139
-39.777298
-39.777457
-39.777615
-39.777773
-39.77793
-39.778086
-39.778242
-39.778396
-39.778549
-39.778701
-39.778852
-39.779002
-39.779151
-39.779298
-39.779445
-39.779591
-39.779735
-39.779879
-39.780021
-39.780162
-39.780302
-39.780441
-39.780579
-39.780717
-39.780854
-39.780989
-39.781124
-39.781256
-39.781388
-39.781518
-39.781646
-39.781772
-39.781897
-39.782019
-39.782141
-39.782261
-39.78238
-39.782496
-39.78261
-39.782723
-39.782834
-39.782945
-39.783054
-39.783161
-39.783268
-39.783372
-39.783476
-39.783578
-39.783679
-39.783779
-39.783877
-39.783975
-39.784072
-39.784168
-39.784264
-39.784357
-39.784449
-39.784539
-39.784627
-39.784713
-39.784796
-39.784876
-39.784953
-39.785027
-39.785097
-39.785164
-39.785227
-39.785286
-39.785342
-39.785393
-39.785442
-39.785487
-39.78553
-39.78557
-39.785607
-39.785641
-39.785673
-39.785703
-39.785731
-39.785759
-39.785784
-39.785808
-39.785831
-39.785852
-39.785872
-39.78589
-39.785906
-39.785921
-39.785934
-39.785945
-39.785952
-39.785957
-39.785959
-39.785958
-39.785954
-39.785946
-39.785934
-39.785918
-39.785899
-39.785876
-39.78585
-39.78582
-39.785786
-39.785749
-39.785709
-39.785667
-39.785624
-39.785579
-39.785533
-39.785486
-39.78544
-39.785394
-39.785349
-39.785305
-39.785263
-39.785223
-39.785186
-39.785152
-39.785121
-39.785094
-39.785071
-39.785051
-39.785038
-39.785028
-39.785025
-39.785029
-39.78504
-39.785058
-39.785086
-39.785123
-39.785172
-39.785233
-39.785309
-39.7854
-39.785508
-39.785635
-39.785783
-39.785953
-39.786148
-39.78637
-39.78662
-39.7869
-39.787213
-39.78756
-39.787944
-39.788364
-39.788823
-39.789321
-39.78986
-39.790441
-39.791063
-39.791726
-39.792429
-39.79317
-39.793949
-39.794761
-39.795605
-39.796476
-39.79737
-39.79828
-39.799202
-39.800127
-39.80105
-39.801962
-39.802855
-39.803721
-39.804553
-39.805342
-39.806083
-39.806771
-39.807403
-39.807979
-39.808503
-39.808982
-39.80943
-39.809868
-39.810323
-39.810832
-39.811443
-39.81221
-39.813199
-39.814486
-39.816157
-39.818218
-39.820573
-39.823553
-39.827334
-39.826472
-39.814238
-39.817236
-39.845681
-39.585884
-39.788833
-19.827163
-39.738612
-39.738613
-39.738615
-39.738619
-39.738625
-39.738634
-39.738646
-39.73866
-39.738677
-39.738698
-39.738724
-39.738755
-39.738792
-39.738839
-39.738896
-39.738967
-39.739055
-39.739164
-39.739297
-39.739458
-39.739651
-39.739875
-39.740125
-39.740388
-39.740643
-39.74086
-39.741008
-39.741064
-39.741027
-39.740916
-39.74077
-39.740628
-39.740515
-39.740442
-39.740405
-39.740395
-39.740403
-39.74042
-39.740444
-39.740472
-39.740504
-39.74054
-39.740581
-39.740628
-39.74068
-39.740737
-39.7408
-39.740867
-39.74094
-39.741017
-39.741099
-39.741184
-39.741274
-39.741366
-39.741462
-39.741561
-39.741661
-39.741764
-39.741868
-39.741974
-39.742081
-39.742188
-39.742295
-39.742403
-39.74251
-39.742617
-39.742723
-39.742828
-39.742933
-39.743037
-39.743141
-39.743244
-39.743347
-39.74345
-39.743554
-39.743658
-39.743763
-39.74387
-39.743978
-39.744089
-39.7442
-39.744315
-39.744431
-39.744551
-39.744672
-39.744796
-39.744922
-39.74505
-39.745181
-39.745314
-39.745449
-39.745586
-39.745725
-39.745865
-39.746007
-39.74615
-39.746293
-39.746437
-39.746581
-39.746724
-39.746867
-39.747009
-39.74715
-39.747291
-39.747431
-39.74757
-39.747708
-39.747846
-39.747984
-39.74812
-39.748256
-39.748392
-39.748527
-39.748663
-39.748799
-39.748935
-39.749072
-39.74921
-39.749348
-39.749487
-39.749627
-39.749767
-39.749909
-39.750052
-39.750196
-39.750341
-39.750487
-39.750634
-39.750782
-39.750931
-39.75108
-39.751231
-39.751383
-39.751535
-39.751688
-39.751842
-39.751996
-39.75215
-39.752305
-39.75246
-39.752615
-39.75277
-39.752926
-39.753082
-39.753239
-39.753396
-39.753553
-39.75371
-39.753868
-39.754025
-39.754183
-39.75434
-39.754498
-39.754656
-39.754814
-39.754972
-39.75513
-39.755288
-39.755447
-39.755605
-39.755764
-39.755923
-39.756083
-39.756243
-39.756402
-39.756562
-39.756721
-39.756881
-39.757041
-39.757201
-39.757361
-39.757522
-39.757683
-39.757845
-39.758007
-39.758169
-39.758332
-39.758496
-39.75866
-39.758824
-39.758988
-39.759153
-39.759319
-39.759485
-39.759653
-39.75982
-39.759989
-39.760157
-39.760326
-39.760496
-39.760666
-39.760837
-39.761008
-39.76118
-39.761352
-39.761524
-39.761697
-39.76187
-39.762043
-39.762217
-39.762391
-39.762566
-39.762741
-39.762916
-39.763091
-39.763267
-39.763443
-39.76362
-39.763797
-39.763974
-39.764151
-39.764328
-39.764506
-39.764684
-39.764861
-39.765039
-39.765217
-39.765395
-39.765573
-39.765751
-39.765929
-39.766108
-39.766287
-39.766466
-39.766644
-39.766823
-39.767002
-39.767182
-39.767361
-39.767541
-39.76772
-39.767899
-39.768078
-39.768257
-39.768435
-39.768614
-39.768793
-39.768972
-39.76915
-39.769328
-39.769506
-39.769684
-39.769861
-39.770039
-39.770216
-39.770392
-39.770569
-39.770745
-39.770921
-39.771096
-39.771272
-39.771447
-39.771622
-39.771796
-39.77197
-39.772144
-39.772318
-39.772491
-39.772664
-39.772836
-39.773008
-39.77318
-39.773351
-39.773522
-39.773692
-39.773862
-39.774031
-39.7742
-39.774368
-39.774535
-39.774702
-39.774869
-39.775034
-39.775199
-39.775364
-39.775528
-39.775691
-39.775853
-39.776016
-39.776177
-39.776338
-39.776499
-39.776659
-39.776819
-39.776978
-39.777137
-39.777296
-39.777455
-39.777613
-39.777771
-39.777928
-39.778084
-39.778239
-39.778394
-39.778547
-39.778699
-39.77885
-39.778999
-39.779148
-39.779296
-39.779443
-39.779588
-39.779733
-39.779876
-39.780018
-39.780159
-39.780299
-39.780439
-39.780577
-39.780714
-39.780851
-39.780986
-39.781121
-39.781253
-39.781385
-39.781515
-39.781643
-39.781769
-39.781893
-39.782016
-39.782137
-39.782258
-39.782376
-39.782493
-39.782607
-39.78272
-39.782831
-39.782942
-39.783051
-39.783158
-39.783265
-39.783369
-39.783473
-39.783575
-39.783676
-39.783776
-39.783874
-39.783972
-39.784069
-39.784165
-39.78426
-39.784353
-39.784445
-39.784535
-39.784622
-39.784707
-39.78479
-39.784869
-39.784946
-39.78502
-39.78509
-39.785157
-39.78522
-39.785279
-39.785334
-39.785386
-39.785435
-39.785481
-39.785524
-39.785563
-39.785601
-39.785635
-39.785668
-39.785698
-39.785726
-39.785754
-39.785779
-39.785804
-39.785826
-39.785848
-39.785867
-39.785885
-39.785901
-39.785916
-39.785928
-39.785939
-39.785946
-39.785951
-39.785953
-39.785951
-39.785947
-39.785939
-39.785927
-39.785911
-39.785893
-39.78587
-39.785844
-39.785814
-39.785781
-39.785744
-39.785706
-39.785665
-39.785622
-39.785578
-39.785533
-39.785487
-39.785442
-39.785397
-39.785353
-39.78531
-39.785269
-39.78523
-39.785195
-39.785161
-39.785131
-39.785106
-39.785084
-39.785066
-39.785054
-39.785046
-39.785045
-39.78505
-39.785063
-39.785084
-39.785114
-39.785154
-39.785206
-39.78527
-39.785348
-39.785443
-39.785554
-39.785684
-39.785834
-39.786008
-39.786206
-39.78643
-39.786682
-39.786964
-39.787279
-39.787627
-39.788011
-39.788431
-39.788888
-39.789385
-39.789921
-39.790497
-39.791113
-39.791769
-39.792463
-39.793194
-39.79396
-39.794758
-39.795585
-39.796437
-39.797309
-39.798194
-39.799088
-39.799983
-39.800871
-39.801745
-39.802596
-39.803415
-39.804195
-39.804926
-39.805603
-39.806218
-39.806768
-39.807251
-39.807668
-39.808024
-39.808329
-39.808598
-39.808851
-39.809119
-39.809436
-39.809842
-39.810381
-39.811103
-39.812052
-39.813181
-39.814351
-39.815821
-39.817416
-39.813609
-39.799999
-39.803988
-39.826858
-39.56012
-39.77832
-8.5513674
-39.73861
-39.738611
-39.738613
-39.738617
-39.738623
-39.738632
-39.738643
-39.738657
-39.738674
-39.738694
-39.738719
-39.73875
-39.738787
-39.738833
-39.73889
-39.738961
-39.73905
-39.73916
-39.739296
-39.739462
-39.739662
-39.739897
-39.74016
-39.740439
-39.74071
-39.740941
-39.741096
-39.741151
-39.741102
-39.740973
-39.740807
-39.740648
-39.740524
-39.740445
-39.740406
-39.740397
-39.740405
-39.740424
-39.740448
-39.740475
-39.740507
-39.740542
-39.740583
-39.740629
-39.740681
-39.740738
-39.7408
-39.740867
-39.74094
-39.741017
-39.741098
-39.741183
-39.741272
-39.741365
-39.74146
-39.741558
-39.741659
-39.741761
-39.741865
-39.741971
-39.742077
-39.742184
-39.742292
-39.742399
-39.742506
-39.742613
-39.74272
-39.742826
-39.742931
-39.743035
-39.743139
-39.743243
-39.743347
-39.74345
-39.743554
-39.743659
-39.743765
-39.743872
-39.743981
-39.744091
-39.744203
-39.744318
-39.744435
-39.744555
-39.744676
-39.7448
-39.744926
-39.745054
-39.745185
-39.745317
-39.745452
-39.745589
-39.745727
-39.745867
-39.746009
-39.746151
-39.746294
-39.746438
-39.746581
-39.746724
-39.746866
-39.747008
-39.747149
-39.74729
-39.74743
-39.747569
-39.747708
-39.747846
-39.747983
-39.74812
-39.748256
-39.748392
-39.748527
-39.748663
-39.748799
-39.748936
-39.749073
-39.749211
-39.749349
-39.749488
-39.749628
-39.749769
-39.749911
-39.750054
-39.750198
-39.750343
-39.750489
-39.750636
-39.750783
-39.750932
-39.751082
-39.751232
-39.751384
-39.751536
-39.751689
-39.751843
-39.751997
-39.752151
-39.752306
-39.75246
-39.752615
-39.752771
-39.752927
-39.753083
-39.753239
-39.753396
-39.753553
-39.753711
-39.753868
-39.754026
-39.754183
-39.754341
-39.754498
-39.754656
-39.754814
-39.754973
-39.755131
-39.755289
-39.755447
-39.755606
-39.755765
-39.755924
-39.756084
-39.756243
-39.756403
-39.756562
-39.756722
-39.756882
-39.757042
-39.757202
-39.757362
-39.757523
-39.757684
-39.757846
-39.758008
-39.75817
-39.758333
-39.758497
-39.758661
-39.758825
-39.758989
-39.759154
-39.75932
-39.759487
-39.759654
-39.759822
-39.75999
-39.760158
-39.760327
-39.760497
-39.760667
-39.760838
-39.761009
-39.761181
-39.761353
-39.761525
-39.761698
-39.761871
-39.762044
-39.762218
-39.762392
-39.762567
-39.762741
-39.762917
-39.763092
-39.763268
-39.763444
-39.763621
-39.763798
-39.763975
-39.764152
-39.764329
-39.764507
-39.764684
-39.764862
-39.76504
-39.765217
-39.765395
-39.765573
-39.765751
-39.76593
-39.766108
-39.766287
-39.766466
-39.766645
-39.766824
-39.767003
-39.767182
-39.767361
-39.767541
-39.76772
-39.767899
-39.768078
-39.768257
-39.768435
-39.768614
-39.768793
-39.768972
-39.76915
-39.769328
-39.769506
-39.769684
-39.769861
-39.770039
-39.770216
-39.770392
-39.770569
-39.770745
-39.770921
-39.771096
-39.771272
-39.771447
-39.771621
-39.771796
-39.77197
-39.772144
-39.772317
-39.77249
-39.772663
-39.772836
-39.773008
-39.773179
-39.773351
-39.773521
-39.773691
-39.773861
-39.77403
-39.774198
-39.774367
-39.774534
-39.774701
-39.774868
-39.775033
-39.775198
-39.775362
-39.775526
-39.775689
-39.775852
-39.776014
-39.776176
-39.776337
-39.776497
-39.776657
-39.776817
-39.776976
-39.777136
-39.777294
-39.777453
-39.777611
-39.777769
-39.777926
-39.778082
-39.778237
-39.778392
-39.778545
-39.778697
-39.778847
-39.778997
-39.779146
-39.779294
-39.77944
-39.779586
-39.77973
-39.779874
-39.780016
-39.780157
-39.780297
-39.780436
-39.780574
-39.780711
-39.780848
-39.780983
-39.781118
-39.78125
-39.781381
-39.781511
-39.781639
-39.781765
-39.78189
-39.782013
-39.782134
-39.782255
-39.782373
-39.782489
-39.782604
-39.782716
-39.782828
-39.782939
-39.783048
-39.783155
-39.783262
-39.783366
-39.78347
-39.783573
-39.783674
-39.783773
-39.783871
-39.783969
-39.784066
-39.784161
-39.784256
-39.784349
-39.78444
-39.78453
-39.784617
-39.784702
-39.784784
-39.784863
-39.78494
-39.785013
-39.785083
-39.78515
-39.785213
-39.785272
-39.785327
-39.78538
-39.785429
-39.785475
-39.785517
-39.785557
-39.785595
-39.78563
-39.785662
-39.785693
-39.785721
-39.785749
-39.785774
-39.785799
-39.785822
-39.785843
-39.785863
-39.78588
-39.785896
-39.785911
-39.785923
-39.785933
-39.78594
-39.785945
-39.785946
-39.785944
-39.78594
-39.785932
-39.78592
-39.785905
-39.785886
-39.785864
-39.785838
-39.785809
-39.785776
-39.78574
-39.785702
-39.785662
-39.78562
-39.785577
-39.785533
-39.785488
-39.785444
-39.7854
-39.785357
-39.785315
-39.785275
-39.785237
-39.785203
-39.785171
-39.785142
-39.785117
-39.785097
-39.78508
-39.785069
-39.785064
-39.785064
-39.785072
-39.785087
-39.78511
-39.785142
-39.785185
-39.785239
-39.785306
-39.785387
-39.785484
-39.785598
-39.785731
-39.785885
-39.786061
-39.786261
-39.786488
-39.786743
-39.787027
-39.787343
-39.787692
-39.788076
-39.788495
-39.788952
-39.789446
-39.789979
-39.790551
-39.791161
-39.79181
-39.792495
-39.793216
-39.793969
-39.794753
-39.795564
-39.796397
-39.797247
-39.798109
-39.798975
-39.79984
-39.800694
-39.80153
-39.802339
-39.803112
-39.80384
-39.804514
-39.805127
-39.80567
-39.806138
-39.806528
-39.806839
-39.807071
-39.807232
-39.807331
-39.807383
-39.807408
-39.80743
-39.807474
-39.807565
-39.807725
-39.807961
-39.808179
-39.808205
-39.808225
-39.807775
-39.801414
-39.786794
-39.791331
-39.807827
-39.555545
-39.802092
-7.9132418
-39.738608
-39.738609
-39.738611
-39.738615
-39.738621
-39.73863
-39.738641
-39.738654
-39.73867
-39.73869
-39.738715
-39.738744
-39.738781
-39.738827
-39.738883
-39.738954
-39.739043
-39.739155
-39.739294
-39.739465
-39.739673
-39.739918
-39.740196
-39.740491
-39.74078
-39.741025
-39.741188
-39.741241
-39.741179
-39.74103
-39.740842
-39.740665
-39.740529
-39.740445
-39.740405
-39.740397
-39.740407
-39.740427
-39.740452
-39.740479
-39.74051
-39.740545
-39.740585
-39.74063
-39.740681
-39.740738
-39.7408
-39.740867
-39.740939
-39.741016
-39.741097
-39.741182
-39.741271
-39.741363
-39.741458
-39.741556
-39.741656
-39.741759
-39.741863
-39.741968
-39.742074
-39.742181
-39.742288
-39.742396
-39.742503
-39.74261
-39.742717
-39.742823
-39.742928
-39.743033
-39.743138
-39.743242
-39.743346
-39.74345
-39.743555
-39.74366
-39.743766
-39.743874
-39.743983
-39.744094
-39.744206
-39.744322
-39.744439
-39.744558
-39.74468
-39.744804
-39.74493
-39.745058
-39.745188
-39.745321
-39.745455
-39.745591
-39.74573
-39.745869
-39.74601
-39.746153
-39.746295
-39.746438
-39.746581
-39.746724
-39.746866
-39.747008
-39.747149
-39.747289
-39.747429
-39.747568
-39.747707
-39.747845
-39.747982
-39.748119
-39.748256
-39.748392
-39.748528
-39.748664
-39.7488
-39.748937
-39.749074
-39.749212
-39.74935
-39.74949
-39.74963
-39.749771
-39.749913
-39.750056
-39.7502
-39.750344
-39.75049
-39.750637
-39.750785
-39.750934
-39.751083
-39.751234
-39.751385
-39.751537
-39.75169
-39.751844
-39.751998
-39.752152
-39.752306
-39.752461
-39.752616
-39.752772
-39.752927
-39.753083
-39.75324
-39.753397
-39.753554
-39.753711
-39.753868
-39.754026
-39.754183
-39.754341
-39.754499
-39.754657
-39.754815
-39.754973
-39.755131
-39.75529
-39.755448
-39.755606
-39.755766
-39.755925
-39.756085
-39.756244
-39.756404
-39.756563
-39.756723
-39.756882
-39.757042
-39.757203
-39.757363
-39.757524
-39.757685
-39.757847
-39.758009
-39.758171
-39.758335
-39.758498
-39.758662
-39.758826
-39.75899
-39.759155
-39.759321
-39.759488
-39.759655
-39.759823
-39.759991
-39.760159
-39.760328
-39.760498
-39.760668
-39.760839
-39.76101
-39.761182
-39.761354
-39.761526
-39.761699
-39.761872
-39.762046
-39.762219
-39.762393
-39.762568
-39.762742
-39.762918
-39.763093
-39.763269
-39.763445
-39.763622
-39.763798
-39.763975
-39.764152
-39.76433
-39.764507
-39.764685
-39.764862
-39.76504
-39.765218
-39.765396
-39.765574
-39.765752
-39.76593
-39.766109
-39.766287
-39.766466
-39.766645
-39.766824
-39.767003
-39.767182
-39.767362
-39.767541
-39.76772
-39.767899
-39.768078
-39.768257
-39.768436
-39.768614
-39.768793
-39.768972
-39.76915
-39.769328
-39.769506
-39.769684
-39.769861
-39.770039
-39.770216
-39.770392
-39.770569
-39.770745
-39.770921
-39.771096
-39.771271
-39.771446
-39.771621
-39.771795
-39.77197
-39.772143
-39.772317
-39.77249
-39.772663
-39.772835
-39.773007
-39.773179
-39.77335
-39.77352
-39.77369
-39.77386
-39.774029
-39.774198
-39.774366
-39.774533
-39.7747
-39.774866
-39.775032
-39.775197
-39.775361
-39.775525
-39.775688
-39.77585
-39.776013
-39.776174
-39.776335
-39.776496
-39.776656
-39.776815
-39.776975
-39.777134
-39.777292
-39.777451
-39.777609
-39.777767
-39.777924
-39.77808
-39.778235
-39.77839
-39.778543
-39.778694
-39.778845
-39.778995
-39.779144
-39.779291
-39.779438
-39.779584
-39.779728
-39.779871
-39.780013
-39.780154
-39.780294
-39.780434
-39.780572
-39.780709
-39.780845
-39.780981
-39.781115
-39.781247
-39.781378
-39.781508
-39.781636
-39.781762
-39.781886
-39.782009
-39.782131
-39.782251
-39.782369
-39.782486
-39.7826
-39.782713
-39.782825
-39.782936
-39.783045
-39.783152
-39.783259
-39.783364
-39.783467
-39.78357
-39.783671
-39.78377
-39.783869
-39.783966
-39.784062
-39.784158
-39.784252
-39.784345
-39.784436
-39.784525
-39.784612
-39.784696
-39.784778
-39.784857
-39.784933
-39.785007
-39.785076
-39.785143
-39.785206
-39.785265
-39.785321
-39.785373
-39.785422
-39.785468
-39.785512
-39.785552
-39.785589
-39.785624
-39.785657
-39.785688
-39.785716
-39.785744
-39.78577
-39.785794
-39.785817
-39.785838
-39.785858
-39.785875
-39.785891
-39.785906
-39.785918
-39.785928
-39.785935
-39.785939
-39.78594
-39.785938
-39.785933
-39.785925
-39.785914
-39.785898
-39.78588
-39.785858
-39.785832
-39.785803
-39.785771
-39.785736
-39.785699
-39.785659
-39.785618
-39.785576
-39.785533
-39.785489
-39.785446
-39.785403
-39.785361
-39.78532
-39.785281
-39.785244
-39.78521
-39.78518
-39.785152
-39.785129
-39.785109
-39.785094
-39.785085
-39.785081
-39.785083
-39.785093
-39.78511
-39.785135
-39.785169
-39.785214
-39.785271
-39.785341
-39.785425
-39.785525
-39.785642
-39.785778
-39.785934
-39.786113
-39.786316
-39.786545
-39.786802
-39.787088
-39.787405
-39.787755
-39.788139
-39.788558
-39.789013
-39.789505
-39.790035
-39.790602
-39.791207
-39.791849
-39.792525
-39.793236
-39.793977
-39.794747
-39.795541
-39.796356
-39.797185
-39.798023
-39.798863
-39.799698
-39.800519
-39.801318
-39.802086
-39.802813
-39.80349
-39.804108
-39.804656
-39.805127
-39.805515
-39.805812
-39.806016
-39.806125
-39.806142
-39.806071
-39.80592
-39.805702
-39.805428
-39.805111
-39.804756
-39.80436
-39.803894
-39.803225
-39.802149
-39.800779
-39.798423
-39.789856
-39.774447
-39.778982
-39.787658
-39.544677
-39.703415
-8.3665295
-39.738606
-39.738607
-39.738609
-39.738613
-39.738619
-39.738627
-39.738638
-39.738651
-39.738667
-39.738686
-39.73871
-39.738739
-39.738775
-39.73882
-39.738876
-39.738947
-39.739036
-39.739149
-39.739291
-39.739468
-39.739683
-39.739939
-39.740231
-39.740545
-39.740851
-39.741112
-39.741283
-39.741333
-39.741258
-39.741087
-39.740876
-39.74068
-39.740533
-39.740443
-39.740403
-39.740397
-39.740409
-39.74043
-39.740455
-39.740482
-39.740513
-39.740547
-39.740586
-39.740631
-39.740682
-39.740738
-39.7408
-39.740866
-39.740938
-39.741015
-39.741096
-39.741181
-39.741269
-39.741361
-39.741456
-39.741554
-39.741654
-39.741756
-39.74186
-39.741965
-39.742071
-39.742178
-39.742285
-39.742392
-39.7425
-39.742607
-39.742714
-39.74282
-39.742926
-39.743031
-39.743136
-39.743241
-39.743345
-39.74345
-39.743555
-39.743661
-39.743768
-39.743876
-39.743985
-39.744097
-39.744209
-39.744325
-39.744442
-39.744562
-39.744684
-39.744807
-39.744933
-39.745061
-39.745192
-39.745324
-39.745458
-39.745594
-39.745732
-39.745871
-39.746012
-39.746154
-39.746296
-39.746439
-39.746582
-39.746724
-39.746866
-39.747007
-39.747148
-39.747288
-39.747428
-39.747567
-39.747706
-39.747844
-39.747982
-39.748119
-39.748255
-39.748392
-39.748528
-39.748664
-39.7488
-39.748937
-39.749075
-39.749213
-39.749352
-39.749491
-39.749631
-39.749772
-39.749914
-39.750057
-39.750201
-39.750346
-39.750492
-39.750639
-39.750787
-39.750935
-39.751085
-39.751235
-39.751387
-39.751539
-39.751691
-39.751845
-39.751999
-39.752153
-39.752307
-39.752462
-39.752617
-39.752772
-39.752928
-39.753084
-39.75324
-39.753397
-39.753554
-39.753711
-39.753869
-39.754026
-39.754184
-39.754341
-39.754499
-39.754657
-39.754815
-39.754973
-39.755132
-39.75529
-39.755449
-39.755607
-39.755766
-39.755925
-39.756085
-39.756245
-39.756404
-39.756564
-39.756723
-39.756883
-39.757043
-39.757204
-39.757364
-39.757525
-39.757686
-39.757848
-39.75801
-39.758173
-39.758336
-39.758499
-39.758663
-39.758827
-39.758991
-39.759156
-39.759322
-39.759489
-39.759656
-39.759824
-39.759992
-39.76016
-39.760329
-39.760499
-39.760669
-39.76084
-39.761011
-39.761183
-39.761355
-39.761527
-39.7617
-39.761873
-39.762047
-39.76222
-39.762394
-39.762569
-39.762743
-39.762918
-39.763094
-39.76327
-39.763446
-39.763622
-39.763799
-39.763976
-39.764153
-39.76433
-39.764508
-39.764685
-39.764863
-39.76504
-39.765218
-39.765396
-39.765574
-39.765752
-39.76593
-39.766109
-39.766288
-39.766466
-39.766645
-39.766824
-39.767003
-39.767183
-39.767362
-39.767541
-39.76772
-39.767899
-39.768078
-39.768257
-39.768436
-39.768615
-39.768793
-39.768972
-39.76915
-39.769328
-39.769506
-39.769684
-39.769862
-39.770039
-39.770216
-39.770392
-39.770569
-39.770745
-39.770921
-39.771096
-39.771271
-39.771446
-39.771621
-39.771795
-39.771969
-39.772143
-39.772316
-39.772489
-39.772662
-39.772834
-39.773007
-39.773178
-39.773349
-39.77352
-39.77369
-39.773859
-39.774028
-39.774197
-39.774365
-39.774532
-39.774699
-39.774865
-39.775031
-39.775196
-39.77536
-39.775524
-39.775687
-39.775849
-39.776011
-39.776173
-39.776334
-39.776494
-39.776654
-39.776814
-39.776973
-39.777132
-39.777291
-39.777449
-39.777607
-39.777765
-39.777922
-39.778078
-39.778233
-39.778388
-39.778541
-39.778693
-39.778843
-39.778993
-39.779142
-39.779289
-39.779436
-39.779581
-39.779726
-39.779869
-39.780011
-39.780152
-39.780292
-39.780431
-39.780569
-39.780706
-39.780843
-39.780978
-39.781112
-39.781244
-39.781375
-39.781505
-39.781633
-39.781759
-39.781883
-39.782006
-39.782128
-39.782248
-39.782366
-39.782483
-39.782597
-39.78271
-39.782822
-39.782933
-39.783042
-39.78315
-39.783256
-39.783361
-39.783465
-39.783567
-39.783668
-39.783768
-39.783866
-39.783963
-39.784059
-39.784155
-39.784249
-39.784341
-39.784432
-39.784521
-39.784607
-39.784691
-39.784772
-39.784851
-39.784927
-39.785
-39.78507
-39.785136
-39.785199
-39.785259
-39.785314
-39.785367
-39.785416
-39.785462
-39.785506
-39.785546
-39.785584
-39.785619
-39.785652
-39.785683
-39.785712
-39.785739
-39.785765
-39.78579
-39.785813
-39.785834
-39.785853
-39.785871
-39.785886
-39.785901
-39.785913
-39.785922
-39.785929
-39.785933
-39.785934
-39.785932
-39.785927
-39.785919
-39.785907
-39.785892
-39.785874
-39.785852
-39.785827
-39.785798
-39.785767
-39.785732
-39.785695
-39.785657
-39.785617
-39.785575
-39.785533
-39.78549
-39.785448
-39.785405
-39.785364
-39.785324
-39.785287
-39.785251
-39.785218
-39.785188
-39.785161
-39.78514
-39.785121
-39.785108
-39.7851
-39.785097
-39.785101
-39.785113
-39.785132
-39.785159
-39.785196
-39.785243
-39.785303
-39.785375
-39.785462
-39.785564
-39.785684
-39.785823
-39.785982
-39.786164
-39.786369
-39.7866
-39.786859
-39.787146
-39.787465
-39.787815
-39.7882
-39.788618
-39.789072
-39.789562
-39.790089
-39.790652
-39.791251
-39.791886
-39.792554
-39.793254
-39.793984
-39.79474
-39.795518
-39.796314
-39.797123
-39.797938
-39.798752
-39.799557
-39.800346
-39.801109
-39.801836
-39.802518
-39.803145
-39.803706
-39.804191
-39.804592
-39.804898
-39.805103
-39.805201
-39.805187
-39.80506
-39.804818
-39.804465
-39.804004
-39.803436
-39.80276
-39.801962
-39.801017
-39.799863
-39.798333
-39.796198
-39.793497
-39.789367
-39.778905
-39.762848
-39.766719
-39.766946
-39.524628
-39.375652
-8.1960534
-39.738604
-39.738605
-39.738607
-39.738611
-39.738617
-39.738625
-39.738635
-39.738648
-39.738663
-39.738682
-39.738705
-39.738733
-39.738768
-39.738812
-39.738868
-39.738939
-39.739029
-39.739143
-39.739288
-39.739469
-39.739692
-39.73996
-39.740267
-39.740598
-39.740924
-39.741201
-39.74138
-39.741427
-39.741337
-39.741143
-39.740908
-39.740692
-39.740533
-39.740439
-39.740399
-39.740395
-39.74041
-39.740433
-39.740459
-39.740486
-39.740515
-39.740549
-39.740587
-39.740632
-39.740682
-39.740738
-39.740799
-39.740866
-39.740937
-39.741014
-39.741094
-39.741179
-39.741267
-39.741359
-39.741454
-39.741551
-39.741651
-39.741753
-39.741857
-39.741962
-39.742068
-39.742174
-39.742282
-39.742389
-39.742497
-39.742604
-39.742711
-39.742817
-39.742923
-39.743029
-39.743134
-39.743239
-39.743344
-39.74345
-39.743555
-39.743662
-39.743769
-39.743878
-39.743987
-39.744099
-39.744212
-39.744328
-39.744446
-39.744565
-39.744687
-39.744811
-39.744937
-39.745065
-39.745195
-39.745327
-39.745461
-39.745597
-39.745734
-39.745873
-39.746014
-39.746155
-39.746297
-39.746439
-39.746582
-39.746724
-39.746866
-39.747007
-39.747148
-39.747288
-39.747427
-39.747567
-39.747705
-39.747844
-39.747981
-39.748118
-39.748255
-39.748392
-39.748528
-39.748664
-39.748801
-39.748938
-39.749076
-39.749214
-39.749353
-39.749492
-39.749633
-39.749774
-39.749916
-39.750059
-39.750203
-39.750348
-39.750494
-39.75064
-39.750788
-39.750937
-39.751086
-39.751237
-39.751388
-39.75154
-39.751692
-39.751846
-39.751999
-39.752154
-39.752308
-39.752463
-39.752618
-39.752773
-39.752929
-39.753085
-39.753241
-39.753398
-39.753555
-39.753712
-39.753869
-39.754027
-39.754184
-39.754342
-39.7545
-39.754657
-39.754816
-39.754974
-39.755132
-39.755291
-39.755449
-39.755607
-39.755767
-39.755926
-39.756086
-39.756246
-39.756405
-39.756565
-39.756724
-39.756884
-39.757044
-39.757204
-39.757365
-39.757526
-39.757687
-39.757849
-39.758011
-39.758174
-39.758337
-39.7585
-39.758664
-39.758828
-39.758992
-39.759157
-39.759323
-39.75949
-39.759657
-39.759825
-39.759993
-39.760161
-39.76033
-39.7605
-39.76067
-39.760841
-39.761012
-39.761184
-39.761356
-39.761528
-39.761701
-39.761874
-39.762048
-39.762221
-39.762395
-39.762569
-39.762744
-39.762919
-39.763095
-39.763271
-39.763447
-39.763623
-39.7638
-39.763977
-39.764154
-39.764331
-39.764508
-39.764686
-39.764863
-39.765041
-39.765219
-39.765397
-39.765575
-39.765753
-39.765931
-39.766109
-39.766288
-39.766467
-39.766646
-39.766824
-39.767004
-39.767183
-39.767362
-39.767541
-39.767721
-39.7679
-39.768078
-39.768257
-39.768436
-39.768615
-39.768793
-39.768972
-39.76915
-39.769328
-39.769506
-39.769684
-39.769862
-39.770039
-39.770216
-39.770392
-39.770569
-39.770745
-39.770921
-39.771096
-39.771271
-39.771446
-39.771621
-39.771795
-39.771969
-39.772143
-39.772316
-39.772489
-39.772662
-39.772834
-39.773006
-39.773178
-39.773349
-39.773519
-39.773689
-39.773858
-39.774027
-39.774196
-39.774364
-39.774531
-39.774698
-39.774864
-39.775029
-39.775194
-39.775359
-39.775522
-39.775685
-39.775848
-39.77601
-39.776171
-39.776332
-39.776492
-39.776652
-39.776812
-39.776971
-39.77713
-39.777289
-39.777447
-39.777606
-39.777763
-39.77792
-39.778076
-39.778231
-39.778386
-39.778539
-39.778691
-39.778841
-39.778991
-39.779139
-39.779287
-39.779433
-39.779579
-39.779723
-39.779867
-39.780009
-39.78015
-39.78029
-39.780429
-39.780567
-39.780704
-39.78084
-39.780975
-39.781109
-39.781242
-39.781373
-39.781502
-39.78163
-39.781756
-39.78188
-39.782003
-39.782125
-39.782245
-39.782363
-39.78248
-39.782594
-39.782707
-39.782819
-39.78293
-39.783039
-39.783147
-39.783253
-39.783358
-39.783462
-39.783565
-39.783666
-39.783765
-39.783863
-39.78396
-39.784057
-39.784152
-39.784245
-39.784337
-39.784428
-39.784516
-39.784602
-39.784686
-39.784767
-39.784846
-39.784921
-39.784994
-39.785064
-39.78513
-39.785193
-39.785252
-39.785308
-39.785361
-39.78541
-39.785457
-39.7855
-39.785541
-39.785579
-39.785614
-39.785647
-39.785678
-39.785707
-39.785735
-39.785761
-39.785786
-39.785809
-39.785829
-39.785849
-39.785866
-39.785882
-39.785896
-39.785908
-39.785917
-39.785924
-39.785927
-39.785928
-39.785926
-39.785921
-39.785913
-39.785901
-39.785887
-39.785868
-39.785847
-39.785821
-39.785794
-39.785762
-39.785729
-39.785692
-39.785655
-39.785615
-39.785574
-39.785533
-39.785491
-39.785449
-39.785408
-39.785368
-39.785329
-39.785293
-39.785257
-39.785225
-39.785197
-39.785171
-39.78515
-39.785133
-39.785121
-39.785115
-39.785114
-39.785119
-39.785133
-39.785154
-39.785183
-39.785222
-39.785272
-39.785334
-39.785408
-39.785498
-39.785603
-39.785725
-39.785867
-39.786028
-39.786212
-39.78642
-39.786653
-39.786914
-39.787203
-39.787523
-39.787874
-39.788259
-39.788676
-39.789129
-39.789617
-39.79014
-39.790699
-39.791293
-39.791921
-39.79258
-39.793271
-39.793989
-39.794732
-39.795494
-39.796273
-39.797061
-39.797853
-39.798641
-39.799418
-39.800175
-39.800902
-39.801589
-39.802227
-39.802804
-39.80331
-39.803733
-39.804063
-39.804289
-39.804402
-39.804394
-39.804258
-39.803987
-39.803576
-39.803021
-39.802318
-39.801457
-39.800424
-39.799189
-39.797703
-39.795876
-39.793512
-39.790362
-39.78639
-39.78061
-39.768529
-39.751943
-39.75471
-39.747724
-39.507532
-39.174433
-7.8050996
-39.738602
-39.738603
-39.738605
-39.738608
-39.738614
-39.738622
-39.738632
-39.738644
-39.738659
-39.738677
-39.738699
-39.738727
-39.738761
-39.738805
-39.73886
-39.73893
-39.73902
-39.739136
-39.739283
-39.73947
-39.739701
-39.73998
-39.740302
-39.740652
-39.740997
-39.74129
-39.741479
-39.741522
-39.741416
-39.741198
-39.740937
-39.740701
-39.740531
-39.740433
-39.740394
-39.740394
-39.740411
-39.740436
-39.740462
-39.740489
-39.740518
-39.740551
-39.740589
-39.740632
-39.740682
-39.740737
-39.740798
-39.740865
-39.740936
-39.741012
-39.741093
-39.741177
-39.741265
-39.741357
-39.741451
-39.741549
-39.741649
-39.74175
-39.741854
-39.741959
-39.742064
-39.742171
-39.742278
-39.742386
-39.742493
-39.742601
-39.742708
-39.742815
-39.742921
-39.743027
-39.743133
-39.743238
-39.743344
-39.743449
-39.743556
-39.743662
-39.74377
-39.743879
-39.743989
-39.744102
-39.744215
-39.744331
-39.744449
-39.744569
-39.744691
-39.744814
-39.74494
-39.745068
-39.745198
-39.74533
-39.745463
-39.745599
-39.745736
-39.745875
-39.746015
-39.746156
-39.746298
-39.74644
-39.746582
-39.746724
-39.746866
-39.747007
-39.747147
-39.747287
-39.747427
-39.747566
-39.747705
-39.747843
-39.747981
-39.748118
-39.748255
-39.748392
-39.748528
-39.748665
-39.748802
-39.748939
-39.749077
-39.749215
-39.749354
-39.749494
-39.749634
-39.749775
-39.749917
-39.75006
-39.750204
-39.750349
-39.750495
-39.750642
-39.750789
-39.750938
-39.751087
-39.751238
-39.751389
-39.751541
-39.751694
-39.751847
-39.752
-39.752154
-39.752309
-39.752463
-39.752618
-39.752774
-39.752929
-39.753085
-39.753242
-39.753398
-39.753555
-39.753712
-39.75387
-39.754027
-39.754185
-39.754342
-39.7545
-39.754658
-39.754816
-39.754974
-39.755133
-39.755291
-39.75545
-39.755608
-39.755768
-39.755927
-39.756087
-39.756246
-39.756406
-39.756565
-39.756725
-39.756885
-39.757045
-39.757205
-39.757366
-39.757527
-39.757688
-39.75785
-39.758012
-39.758175
-39.758338
-39.758501
-39.758665
-39.758829
-39.758993
-39.759158
-39.759324
-39.759491
-39.759658
-39.759826
-39.759994
-39.760162
-39.760331
-39.760501
-39.760671
-39.760842
-39.761013
-39.761185
-39.761357
-39.761529
-39.761702
-39.761875
-39.762049
-39.762222
-39.762396
-39.76257
-39.762745
-39.76292
-39.763096
-39.763271
-39.763448
-39.763624
-39.7638
-39.763977
-39.764154
-39.764331
-39.764509
-39.764686
-39.764864
-39.765041
-39.765219
-39.765397
-39.765575
-39.765753
-39.765931
-39.76611
-39.766288
-39.766467
-39.766646
-39.766825
-39.767004
-39.767183
-39.767363
-39.767542
-39.767721
-39.7679
-39.768079
-39.768257
-39.768436
-39.768615
-39.768793
-39.768972
-39.76915
-39.769328
-39.769506
-39.769684
-39.769862
-39.770039
-39.770216
-39.770392
-39.770569
-39.770745
-39.770921
-39.771096
-39.771271
-39.771446
-39.77162
-39.771795
-39.771969
-39.772142
-39.772316
-39.772489
-39.772661
-39.772833
-39.773005
-39.773177
-39.773348
-39.773518
-39.773688
-39.773858
-39.774026
-39.774195
-39.774363
-39.77453
-39.774697
-39.774863
-39.775028
-39.775193
-39.775357
-39.775521
-39.775684
-39.775847
-39.776008
-39.77617
-39.776331
-39.776491
-39.776651
-39.776811
-39.77697
-39.777129
-39.777287
-39.777446
-39.777604
-39.777761
-39.777918
-39.778074
-39.77823
-39.778384
-39.778537
-39.778689
-39.778839
-39.778989
-39.779137
-39.779285
-39.779431
-39.779577
-39.779721
-39.779864
-39.780007
-39.780147
-39.780287
-39.780426
-39.780564
-39.780702
-39.780838
-39.780973
-39.781107
-39.781239
-39.78137
-39.781499
-39.781627
-39.781753
-39.781877
-39.782001
-39.782122
-39.782242
-39.78236
-39.782477
-39.782591
-39.782705
-39.782816
-39.782927
-39.783036
-39.783144
-39.783251
-39.783356
-39.78346
-39.783562
-39.783663
-39.783762
-39.78386
-39.783957
-39.784054
-39.784149
-39.784242
-39.784334
-39.784424
-39.784512
-39.784598
-39.784681
-39.784762
-39.78484
-39.784916
-39.784988
-39.785058
-39.785124
-39.785187
-39.785246
-39.785302
-39.785355
-39.785405
-39.785451
-39.785495
-39.785535
-39.785574
-39.785609
-39.785642
-39.785673
-39.785702
-39.78573
-39.785757
-39.785781
-39.785804
-39.785825
-39.785845
-39.785862
-39.785877
-39.785891
-39.785903
-39.785912
-39.785918
-39.785922
-39.785923
-39.785921
-39.785915
-39.785907
-39.785896
-39.785881
-39.785863
-39.785841
-39.785816
-39.785789
-39.785758
-39.785725
-39.78569
-39.785652
-39.785614
-39.785574
-39.785533
-39.785492
-39.785451
-39.78541
-39.785371
-39.785333
-39.785298
-39.785264
-39.785233
-39.785205
-39.785181
-39.785161
-39.785145
-39.785134
-39.785129
-39.78513
-39.785137
-39.785152
-39.785175
-39.785206
-39.785247
-39.785299
-39.785363
-39.785441
-39.785533
-39.78564
-39.785765
-39.785909
-39.786073
-39.78626
-39.78647
-39.786705
-39.786968
-39.787258
-39.787579
-39.787931
-39.788315
-39.788733
-39.789184
-39.789669
-39.79019
-39.790745
-39.791333
-39.791954
-39.792606
-39.793287
-39.793993
-39.794722
-39.79547
-39.796231
-39.797
-39.797769
-39.798532
-39.799281
-39.800006
-39.800699
-39.801347
-39.801941
-39.802469
-39.80292
-39.803281
-39.803542
-39.803688
-39.803711
-39.803598
-39.803339
-39.802925
-39.802346
-39.801591
-39.800646
-39.799496
-39.798109
-39.796443
-39.794426
-39.791944
-39.788775
-39.784653
-39.779468
-39.772154
-39.758694
-39.74169
-39.743109
-39.730519
-39.496005
-39.268219
-7.4604701
-39.7386
-39.738601
-39.738602
-39.738606
-39.738611
-39.738619
-39.738629
-39.73864
-39.738655
-39.738672
-39.738694
-39.738721
-39.738754
-39.738797
-39.738851
-39.738921
-39.739011
-39.739128
-39.739278
-39.739469
-39.739708
-39.739998
-39.740336
-39.740705
-39.74107
-39.74138
-39.741577
-39.741617
-39.741495
-39.741252
-39.740964
-39.740707
-39.740525
-39.740425
-39.740388
-39.740391
-39.740412
-39.740439
-39.740466
-39.740492
-39.74052
-39.740552
-39.740589
-39.740632
-39.740682
-39.740737
-39.740798
-39.740864
-39.740935
-39.741011
-39.741091
-39.741175
-39.741263
-39.741355
-39.741449
-39.741546
-39.741646
-39.741747
-39.741851
-39.741955
-39.742061
-39.742168
-39.742275
-39.742383
-39.74249
-39.742598
-39.742705
-39.742812
-39.742919
-39.743025
-39.743131
-39.743237
-39.743343
-39.743449
-39.743556
-39.743663
-39.743771
-39.743881
-39.743991
-39.744104
-39.744218
-39.744334
-39.744452
-39.744572
-39.744694
-39.744818
-39.744944
-39.745071
-39.745201
-39.745333
-39.745466
-39.745601
-39.745738
-39.745877
-39.746016
-39.746157
-39.746299
-39.74644
-39.746582
-39.746724
-39.746865
-39.747006
-39.747147
-39.747287
-39.747426
-39.747565
-39.747704
-39.747842
-39.74798
-39.748118
-39.748255
-39.748391
-39.748528
-39.748665
-39.748802
-39.748939
-39.749077
-39.749216
-39.749355
-39.749495
-39.749635
-39.749777
-39.749919
-39.750062
-39.750206
-39.750351
-39.750497
-39.750643
-39.750791
-39.750939
-39.751089
-39.751239
-39.75139
-39.751542
-39.751695
-39.751848
-39.752001
-39.752155
-39.752309
-39.752464
-39.752619
-39.752774
-39.75293
-39.753086
-39.753242
-39.753399
-39.753556
-39.753713
-39.75387
-39.754027
-39.754185
-39.754343
-39.7545
-39.754658
-39.754816
-39.754975
-39.755133
-39.755292
-39.75545
-39.755609
-39.755768
-39.755927
-39.756087
-39.756247
-39.756406
-39.756566
-39.756726
-39.756886
-39.757046
-39.757206
-39.757367
-39.757528
-39.757689
-39.757851
-39.758013
-39.758176
-39.758339
-39.758502
-39.758666
-39.75883
-39.758994
-39.759159
-39.759325
-39.759492
-39.759659
-39.759827
-39.759995
-39.760163
-39.760332
-39.760502
-39.760672
-39.760843
-39.761014
-39.761186
-39.761358
-39.76153
-39.761703
-39.761876
-39.76205
-39.762223
-39.762397
-39.762571
-39.762746
-39.762921
-39.763096
-39.763272
-39.763448
-39.763625
-39.763801
-39.763978
-39.764155
-39.764332
-39.764509
-39.764687
-39.764864
-39.765042
-39.765219
-39.765397
-39.765575
-39.765753
-39.765932
-39.76611
-39.766289
-39.766467
-39.766646
-39.766825
-39.767004
-39.767184
-39.767363
-39.767542
-39.767721
-39.7679
-39.768079
-39.768257
-39.768436
-39.768615
-39.768794
-39.768972
-39.76915
-39.769328
-39.769506
-39.769684
-39.769862
-39.770039
-39.770216
-39.770392
-39.770569
-39.770745
-39.770921
-39.771096
-39.771271
-39.771446
-39.77162
-39.771794
-39.771968
-39.772142
-39.772315
-39.772488
-39.772661
-39.772833
-39.773005
-39.773176
-39.773347
-39.773518
-39.773687
-39.773857
-39.774026
-39.774194
-39.774362
-39.774529
-39.774696
-39.774862
-39.775027
-39.775192
-39.775356
-39.77552
-39.775683
-39.775845
-39.776007
-39.776169
-39.776329
-39.77649
-39.77665
-39.776809
-39.776968
-39.777127
-39.777286
-39.777444
-39.777602
-39.77776
-39.777916
-39.778073
-39.778228
-39.778382
-39.778535
-39.778687
-39.778838
-39.778987
-39.779135
-39.779283
-39.779429
-39.779575
-39.779719
-39.779862
-39.780004
-39.780145
-39.780285
-39.780424
-39.780562
-39.780699
-39.780835
-39.78097
-39.781104
-39.781236
-39.781367
-39.781497
-39.781624
-39.78175
-39.781875
-39.781998
-39.782119
-39.782239
-39.782358
-39.782474
-39.782589
-39.782702
-39.782814
-39.782924
-39.783034
-39.783142
-39.783248
-39.783353
-39.783457
-39.78356
-39.783661
-39.78376
-39.783858
-39.783955
-39.784051
-39.784146
-39.784239
-39.78433
-39.78442
-39.784508
-39.784593
-39.784676
-39.784757
-39.784835
-39.78491
-39.784983
-39.785052
-39.785118
-39.785181
-39.78524
-39.785296
-39.785349
-39.785399
-39.785446
-39.785489
-39.78553
-39.785568
-39.785604
-39.785637
-39.785669
-39.785698
-39.785726
-39.785752
-39.785777
-39.7858
-39.785821
-39.78584
-39.785857
-39.785873
-39.785887
-39.785898
-39.785907
-39.785913
-39.785917
-39.785917
-39.785915
-39.78591
-39.785902
-39.78589
-39.785876
-39.785858
-39.785836
-39.785812
-39.785784
-39.785754
-39.785722
-39.785687
-39.78565
-39.785612
-39.785573
-39.785533
-39.785493
-39.785452
-39.785413
-39.785375
-39.785337
-39.785303
-39.78527
-39.78524
-39.785213
-39.78519
-39.785171
-39.785157
-39.785147
-39.785143
-39.785145
-39.785154
-39.785171
-39.785195
-39.785229
-39.785272
-39.785326
-39.785393
-39.785472
-39.785566
-39.785676
-39.785804
-39.78595
-39.786117
-39.786306
-39.786518
-39.786755
-39.787019
-39.787311
-39.787634
-39.787986
-39.78837
-39.788787
-39.789237
-39.78972
-39.790238
-39.790788
-39.791371
-39.791986
-39.792629
-39.793301
-39.793996
-39.794712
-39.795445
-39.796189
-39.796938
-39.797686
-39.798425
-39.799146
-39.799841
-39.800498
-39.801108
-39.80166
-39.80214
-39.802537
-39.802838
-39.803029
-39.803097
-39.80303
-39.802812
-39.802433
-39.801877
-39.80113
-39.800176
-39.798993
-39.797555
-39.79582
-39.793729
-39.791194
-39.788074
-39.78413
-39.779077
-39.772738
-39.764
-39.749362
-39.732027
-39.731937
-39.714816
-39.488921
-39.529338
-7.1019354
-39.738598
-39.738598
-39.7386
-39.738603
-39.738609
-39.738616
-39.738625
-39.738637
-39.738651
-39.738667
-39.738688
-39.738714
-39.738747
-39.738788
-39.738842
-39.738911
-39.739001
-39.739119
-39.739271
-39.739467
-39.739713
-39.740015
-39.740369
-39.740757
-39.741142
-39.741469
-39.741675
-39.741711
-39.741572
-39.741302
-39.740987
-39.74071
-39.740517
-39.740414
-39.740381
-39.740388
-39.740413
-39.740442
-39.740469
-39.740495
-39.740522
-39.740553
-39.74059
-39.740633
-39.740681
-39.740736
-39.740796
-39.740862
-39.740933
-39.741009
-39.741089
-39.741173
-39.741261
-39.741352
-39.741447
-39.741544
-39.741643
-39.741745
-39.741848
-39.741952
-39.742058
-39.742165
-39.742272
-39.742379
-39.742487
-39.742595
-39.742702
-39.742809
-39.742916
-39.743023
-39.743129
-39.743236
-39.743342
-39.743449
-39.743556
-39.743664
-39.743772
-39.743882
-39.743993
-39.744106
-39.74422
-39.744337
-39.744455
-39.744575
-39.744697
-39.744821
-39.744947
-39.745074
-39.745204
-39.745335
-39.745469
-39.745604
-39.74574
-39.745878
-39.746018
-39.746158
-39.7463
-39.746441
-39.746583
-39.746724
-39.746865
-39.747006
-39.747146
-39.747286
-39.747426
-39.747565
-39.747704
-39.747842
-39.74798
-39.748117
-39.748255
-39.748391
-39.748528
-39.748665
-39.748802
-39.74894
-39.749078
-39.749217
-39.749356
-39.749496
-39.749637
-39.749778
-39.74992
-39.750063
-39.750207
-39.750352
-39.750498
-39.750645
-39.750792
-39.750941
-39.75109
-39.75124
-39.751391
-39.751543
-39.751696
-39.751849
-39.752002
-39.752156
-39.75231
-39.752465
-39.75262
-39.752775
-39.752931
-39.753087
-39.753243
-39.753399
-39.753556
-39.753713
-39.75387
-39.754028
-39.754185
-39.754343
-39.754501
-39.754659
-39.754817
-39.754975
-39.755134
-39.755292
-39.755451
-39.755609
-39.755769
-39.755928
-39.756088
-39.756247
-39.756407
-39.756567
-39.756726
-39.756886
-39.757046
-39.757207
-39.757367
-39.757528
-39.75769
-39.757852
-39.758014
-39.758176
-39.75834
-39.758503
-39.758667
-39.758831
-39.758995
-39.75916
-39.759326
-39.759493
-39.75966
-39.759828
-39.759996
-39.760164
-39.760333
-39.760503
-39.760673
-39.760844
-39.761015
-39.761187
-39.761359
-39.761531
-39.761704
-39.761877
-39.762051
-39.762224
-39.762398
-39.762572
-39.762747
-39.762922
-39.763097
-39.763273
-39.763449
-39.763625
-39.763802
-39.763978
-39.764155
-39.764333
-39.76451
-39.764687
-39.764865
-39.765042
-39.76522
-39.765398
-39.765576
-39.765754
-39.765932
-39.76611
-39.766289
-39.766468
-39.766646
-39.766825
-39.767005
-39.767184
-39.767363
-39.767542
-39.767721
-39.7679
-39.768079
-39.768258
-39.768436
-39.768615
-39.768794
-39.768972
-39.76915
-39.769328
-39.769507
-39.769684
-39.769862
-39.770039
-39.770216
-39.770392
-39.770569
-39.770745
-39.770921
-39.771096
-39.771271
-39.771446
-39.77162
-39.771794
-39.771968
-39.772142
-39.772315
-39.772488
-39.77266
-39.772833
-39.773004
-39.773176
-39.773347
-39.773517
-39.773687
-39.773856
-39.774025
-39.774193
-39.774361
-39.774528
-39.774695
-39.774861
-39.775026
-39.775191
-39.775355
-39.775519
-39.775682
-39.775844
-39.776006
-39.776167
-39.776328
-39.776488
-39.776648
-39.776808
-39.776967
-39.777126
-39.777284
-39.777443
-39.777601
-39.777758
-39.777915
-39.778071
-39.778226
-39.77838
-39.778533
-39.778685
-39.778836
-39.778985
-39.779133
-39.779281
-39.779427
-39.779573
-39.779717
-39.77986
-39.780002
-39.780143
-39.780283
-39.780422
-39.78056
-39.780697
-39.780833
-39.780968
-39.781102
-39.781234
-39.781365
-39.781494
-39.781622
-39.781748
-39.781872
-39.781995
-39.782116
-39.782237
-39.782355
-39.782471
-39.782586
-39.782699
-39.782811
-39.782922
-39.783031
-39.783139
-39.783246
-39.783351
-39.783455
-39.783558
-39.783658
-39.783757
-39.783855
-39.783952
-39.784048
-39.784143
-39.784236
-39.784327
-39.784416
-39.784504
-39.784589
-39.784672
-39.784752
-39.78483
-39.784905
-39.784977
-39.785046
-39.785112
-39.785175
-39.785234
-39.78529
-39.785344
-39.785394
-39.78544
-39.785484
-39.785525
-39.785564
-39.785599
-39.785633
-39.785664
-39.785694
-39.785722
-39.785748
-39.785773
-39.785796
-39.785817
-39.785836
-39.785853
-39.785869
-39.785882
-39.785893
-39.785902
-39.785908
-39.785912
-39.785912
-39.78591
-39.785905
-39.785896
-39.785885
-39.78587
-39.785853
-39.785831
-39.785807
-39.78578
-39.78575
-39.785719
-39.785684
-39.785648
-39.785611
-39.785572
-39.785533
-39.785493
-39.785454
-39.785415
-39.785378
-39.785342
-39.785308
-39.785276
-39.785247
-39.785221
-39.785199
-39.785181
-39.785168
-39.785159
-39.785157
-39.78516
-39.785171
-39.785189
-39.785215
-39.785251
-39.785295
-39.785352
-39.785421
-39.785503
-39.785599
-39.785712
-39.785841
-39.78599
-39.786159
-39.78635
-39.786565
-39.786804
-39.78707
-39.787363
-39.787686
-39.788039
-39.788423
-39.788839
-39.789287
-39.789769
-39.790283
-39.79083
-39.791407
-39.792016
-39.792652
-39.793314
-39.793998
-39.794702
-39.79542
-39.796147
-39.796878
-39.797604
-39.798319
-39.799013
-39.799678
-39.800302
-39.800874
-39.801384
-39.801817
-39.802161
-39.802402
-39.802525
-39.802516
-39.802359
-39.802039
-39.801539
-39.800843
-39.79993
-39.798779
-39.79736
-39.795638
-39.793562
-39.791055
-39.788013
-39.784275
-39.779585
-39.773643
-39.766206
-39.756145
-39.740493
-39.722862
-39.721042
-39.700341
-39.483933
-39.770452
-6.9578811
-39.738596
-39.738596
-39.738597
-39.738601
-39.738606
-39.738613
-39.738622
-39.738633
-39.738646
-39.738662
-39.738682
-39.738707
-39.738739
-39.738779
-39.738832
-39.738901
-39.738991
-39.739109
-39.739264
-39.739464
-39.739717
-39.740031
-39.7404
-39.740806
-39.741211
-39.741555
-39.741769
-39.741802
-39.741646
-39.74135
-39.741008
-39.74071
-39.740507
-39.740403
-39.740373
-39.740385
-39.740414
-39.740446
-39.740473
-39.740499
-39.740525
-39.740555
-39.74059
-39.740632
-39.740681
-39.740735
-39.740795
-39.740861
-39.740932
-39.741007
-39.741087
-39.741171
-39.741259
-39.74135
-39.741444
-39.741541
-39.74164
-39.741742
-39.741845
-39.741949
-39.742055
-39.742162
-39.742269
-39.742376
-39.742484
-39.742592
-39.742699
-39.742807
-39.742914
-39.743021
-39.743128
-39.743235
-39.743341
-39.743448
-39.743556
-39.743664
-39.743773
-39.743884
-39.743995
-39.744108
-39.744223
-39.74434
-39.744458
-39.744578
-39.7447
-39.744824
-39.74495
-39.745077
-39.745207
-39.745338
-39.745471
-39.745606
-39.745742
-39.74588
-39.746019
-39.746159
-39.7463
-39.746442
-39.746583
-39.746724
-39.746865
-39.747006
-39.747146
-39.747286
-39.747425
-39.747564
-39.747703
-39.747842
-39.74798
-39.748117
-39.748254
-39.748391
-39.748528
-39.748666
-39.748803
-39.748941
-39.749079
-39.749218
-39.749357
-39.749497
-39.749638
-39.749779
-39.749921
-39.750065
-39.750209
-39.750354
-39.750499
-39.750646
-39.750794
-39.750942
-39.751091
-39.751241
-39.751392
-39.751544
-39.751697
-39.751849
-39.752003
-39.752157
-39.752311
-39.752465
-39.75262
-39.752776
-39.752931
-39.753087
-39.753243
-39.7534
-39.753557
-39.753714
-39.753871
-39.754028
-39.754186
-39.754343
-39.754501
-39.754659
-39.754817
-39.754976
-39.755134
-39.755293
-39.755451
-39.75561
-39.755769
-39.755929
-39.756088
-39.756248
-39.756408
-39.756567
-39.756727
-39.756887
-39.757047
-39.757208
-39.757368
-39.757529
-39.757691
-39.757852
-39.758015
-39.758177
-39.75834
-39.758504
-39.758668
-39.758832
-39.758996
-39.759161
-39.759327
-39.759494
-39.759661
-39.759829
-39.759997
-39.760165
-39.760334
-39.760504
-39.760674
-39.760845
-39.761016
-39.761188
-39.76136
-39.761532
-39.761705
-39.761878
-39.762052
-39.762225
-39.762399
-39.762573
-39.762748
-39.762923
-39.763098
-39.763274
-39.76345
-39.763626
-39.763802
-39.763979
-39.764156
-39.764333
-39.76451
-39.764688
-39.764865
-39.765042
-39.76522
-39.765398
-39.765576
-39.765754
-39.765932
-39.766111
-39.766289
-39.766468
-39.766647
-39.766826
-39.767005
-39.767184
-39.767363
-39.767542
-39.767721
-39.7679
-39.768079
-39.768258
-39.768437
-39.768615
-39.768794
-39.768972
-39.769151
-39.769329
-39.769507
-39.769684
-39.769862
-39.770039
-39.770216
-39.770393
-39.770569
-39.770745
-39.770921
-39.771096
-39.771271
-39.771446
-39.77162
-39.771794
-39.771968
-39.772142
-39.772315
-39.772488
-39.77266
-39.772832
-39.773004
-39.773175
-39.773346
-39.773516
-39.773686
-39.773855
-39.774024
-39.774192
-39.77436
-39.774528
-39.774694
-39.77486
-39.775025
-39.77519
-39.775354
-39.775518
-39.775681
-39.775843
-39.776005
-39.776166
-39.776327
-39.776487
-39.776647
-39.776806
-39.776965
-39.777124
-39.777283
-39.777441
-39.777599
-39.777756
-39.777913
-39.778069
-39.778224
-39.778378
-39.778532
-39.778683
-39.778834
-39.778983
-39.779132
-39.779279
-39.779425
-39.779571
-39.779715
-39.779858
-39.78
-39.780141
-39.780281
-39.78042
-39.780558
-39.780695
-39.780831
-39.780966
-39.781099
-39.781232
-39.781362
-39.781491
-39.781619
-39.781745
-39.781869
-39.781993
-39.782114
-39.782234
-39.782352
-39.782469
-39.782583
-39.782697
-39.782808
-39.782919
-39.783029
-39.783137
-39.783243
-39.783349
-39.783453
-39.783555
-39.783656
-39.783755
-39.783853
-39.78395
-39.784046
-39.78414
-39.784233
-39.784324
-39.784413
-39.7845
-39.784585
-39.784667
-39.784747
-39.784825
-39.7849
-39.784972
-39.785041
-39.785107
-39.785169
-39.785229
-39.785285
-39.785338
-39.785389
-39.785435
-39.785479
-39.78552
-39.785559
-39.785595
-39.785628
-39.78566
-39.78569
-39.785718
-39.785744
-39.785769
-39.785792
-39.785813
-39.785832
-39.785849
-39.785864
-39.785878
-39.785889
-39.785898
-39.785903
-39.785907
-39.785907
-39.785905
-39.785899
-39.785891
-39.78588
-39.785866
-39.785848
-39.785827
-39.785803
-39.785776
-39.785747
-39.785716
-39.785682
-39.785646
-39.78561
-39.785572
-39.785533
-39.785494
-39.785455
-39.785418
-39.785381
-39.785345
-39.785313
-39.785282
-39.785253
-39.785229
-39.785208
-39.785191
-39.785178
-39.785171
-39.78517
-39.785175
-39.785187
-39.785207
-39.785235
-39.785272
-39.785319
-39.785377
-39.785448
-39.785532
-39.785631
-39.785746
-39.785877
-39.786029
-39.7862
-39.786393
-39.78661
-39.78685
-39.787118
-39.787413
-39.787737
-39.78809
-39.788474
-39.788889
-39.789336
-39.789816
-39.790327
-39.79087
-39.791442
-39.792044
-39.792672
-39.793325
-39.794
-39.794691
-39.795395
-39.796106
-39.796818
-39.797523
-39.798214
-39.798883
-39.799518
-39.800109
-39.800645
-39.801113
-39.8015
-39.801792
-39.801974
-39.802031
-39.801945
-39.8017
-39.801279
-39.800661
-39.799826
-39.798749
-39.797402
-39.795751
-39.793751
-39.791337
-39.788424
-39.784889
-39.780553
-39.775148
-39.768358
-39.75988
-39.748591
-39.732049
-39.714102
-39.710076
-39.686864
-39.496575
-39.778732
-6.6980724
-39.738593
-39.738593
-39.738595
-39.738598
-39.738603
-39.73861
-39.738618
-39.738629
-39.738642
-39.738657
-39.738676
-39.7387
-39.73873
-39.73877
-39.738822
-39.73889
-39.73898
-39.739099
-39.739255
-39.739459
-39.73972
-39.740044
-39.740428
-39.740853
-39.741277
-39.741637
-39.74186
-39.741889
-39.741716
-39.741394
-39.741025
-39.740707
-39.740495
-39.74039
-39.740364
-39.740382
-39.740416
-39.740449
-39.740477
-39.740502
-39.740527
-39.740556
-39.740591
-39.740632
-39.74068
-39.740734
-39.740794
-39.74086
-39.74093
-39.741005
-39.741085
-39.741169
-39.741257
-39.741348
-39.741442
-39.741538
-39.741638
-39.741739
-39.741842
-39.741946
-39.742052
-39.742158
-39.742266
-39.742373
-39.742481
-39.742589
-39.742697
-39.742804
-39.742912
-39.743019
-39.743126
-39.743233
-39.743341
-39.743448
-39.743556
-39.743665
-39.743774
-39.743885
-39.743997
-39.74411
-39.744225
-39.744342
-39.74446
-39.744581
-39.744703
-39.744827
-39.744953
-39.74508
-39.745209
-39.74534
-39.745473
-39.745608
-39.745744
-39.745882
-39.746021
-39.746161
-39.746301
-39.746442
-39.746583
-39.746724
-39.746865
-39.747005
-39.747145
-39.747285
-39.747425
-39.747564
-39.747703
-39.747841
-39.747979
-39.748117
-39.748254
-39.748391
-39.748529
-39.748666
-39.748803
-39.748941
-39.74908
-39.749219
-39.749358
-39.749498
-39.749639
-39.749781
-39.749923
-39.750066
-39.75021
-39.750355
-39.750501
-39.750647
-39.750795
-39.750943
-39.751092
-39.751243
-39.751394
-39.751545
-39.751697
-39.75185
-39.752004
-39.752157
-39.752311
-39.752466
-39.752621
-39.752776
-39.752932
-39.753088
-39.753244
-39.7534
-39.753557
-39.753714
-39.753871
-39.754028
-39.754186
-39.754344
-39.754501
-39.754659
-39.754818
-39.754976
-39.755135
-39.755293
-39.755452
-39.755611
-39.75577
-39.755929
-39.756089
-39.756249
-39.756408
-39.756568
-39.756728
-39.756888
-39.757048
-39.757208
-39.757369
-39.75753
-39.757691
-39.757853
-39.758016
-39.758178
-39.758341
-39.758505
-39.758669
-39.758833
-39.758997
-39.759162
-39.759328
-39.759495
-39.759662
-39.75983
-39.759998
-39.760166
-39.760335
-39.760505
-39.760675
-39.760846
-39.761017
-39.761189
-39.761361
-39.761533
-39.761706
-39.761879
-39.762052
-39.762226
-39.7624
-39.762574
-39.762749
-39.762924
-39.763099
-39.763275
-39.763451
-39.763627
-39.763803
-39.76398
-39.764157
-39.764334
-39.764511
-39.764688
-39.764865
-39.765043
-39.765221
-39.765399
-39.765577
-39.765755
-39.765933
-39.766111
-39.76629
-39.766468
-39.766647
-39.766826
-39.767005
-39.767185
-39.767364
-39.767543
-39.767722
-39.7679
-39.768079
-39.768258
-39.768437
-39.768615
-39.768794
-39.768972
-39.769151
-39.769329
-39.769507
-39.769685
-39.769862
-39.770039
-39.770216
-39.770393
-39.770569
-39.770745
-39.770921
-39.771096
-39.771271
-39.771446
-39.77162
-39.771794
-39.771968
-39.772141
-39.772314
-39.772487
-39.77266
-39.772832
-39.773003
-39.773175
-39.773346
-39.773516
-39.773686
-39.773855
-39.774024
-39.774192
-39.77436
-39.774527
-39.774693
-39.774859
-39.775024
-39.775189
-39.775353
-39.775517
-39.77568
-39.775842
-39.776004
-39.776165
-39.776326
-39.776486
-39.776646
-39.776805
-39.776964
-39.777123
-39.777281
-39.77744
-39.777598
-39.777755
-39.777912
-39.778068
-39.778223
-39.778377
-39.77853
-39.778682
-39.778832
-39.778982
-39.77913
-39.779277
-39.779424
-39.779569
-39.779713
-39.779856
-39.779998
-39.780139
-39.780279
-39.780418
-39.780556
-39.780693
-39.780829
-39.780964
-39.781097
-39.781229
-39.78136
-39.781489
-39.781617
-39.781743
-39.781867
-39.78199
-39.782111
-39.782232
-39.78235
-39.782466
-39.782581
-39.782694
-39.782806
-39.782917
-39.783026
-39.783134
-39.783241
-39.783346
-39.78345
-39.783553
-39.783654
-39.783753
-39.783851
-39.783948
-39.784043
-39.784137
-39.78423
-39.784321
-39.78441
-39.784497
-39.784581
-39.784663
-39.784743
-39.78482
-39.784895
-39.784967
-39.785036
-39.785102
-39.785164
-39.785223
-39.78528
-39.785333
-39.785384
-39.785431
-39.785474
-39.785516
-39.785554
-39.785591
-39.785624
-39.785656
-39.785686
-39.785714
-39.785741
-39.785765
-39.785788
-39.785809
-39.785828
-39.785845
-39.78586
-39.785874
-39.785884
-39.785893
-39.785899
-39.785902
-39.785902
-39.7859
-39.785895
-39.785886
-39.785875
-39.785861
-39.785843
-39.785822
-39.785798
-39.785772
-39.785743
-39.785713
-39.785679
-39.785645
-39.785609
-39.785571
-39.785533
-39.785495
-39.785457
-39.78542
-39.785384
-39.785349
-39.785318
-39.785287
-39.78526
-39.785236
-39.785216
-39.7852
-39.785189
-39.785183
-39.785183
-39.785189
-39.785203
-39.785224
-39.785253
-39.785292
-39.785341
-39.785402
-39.785475
-39.785561
-39.785662
-39.785779
-39.785913
-39.786066
-39.78624
-39.786435
-39.786653
-39.786896
-39.787165
-39.787461
-39.787785
-39.788139
-39.788523
-39.788938
-39.789384
-39.789861
-39.790369
-39.790908
-39.791475
-39.792071
-39.792692
-39.793336
-39.794
-39.794679
-39.795369
-39.796065
-39.796758
-39.797444
-39.798112
-39.798755
-39.799362
-39.799921
-39.800421
-39.800849
-39.801191
-39.801431
-39.801556
-39.801547
-39.801386
-39.801054
-39.800533
-39.799798
-39.798826
-39.797587
-39.796049
-39.794169
-39.791894
-39.789152
-39.785842
-39.781828
-39.776916
-39.770825
-39.763228
-39.753766
-39.741338
-39.723997
-39.705619
-39.698751
-39.671831
-39.51687
-39.648584
-5.894978
-39.738591
-39.738591
-39.738592
-39.738595
-39.7386
-39.738607
-39.738615
-39.738625
-39.738637
-39.738651
-39.73867
-39.738692
-39.738722
-39.73876
-39.738811
-39.738878
-39.738968
-39.739087
-39.739245
-39.739453
-39.73972
-39.740055
-39.740453
-39.740895
-39.741338
-39.741714
-39.741945
-39.74197
-39.741781
-39.741434
-39.741039
-39.740702
-39.740481
-39.740377
-39.740356
-39.74038
-39.740418
-39.740454
-39.740482
-39.740506
-39.740529
-39.740557
-39.740591
-39.740632
-39.740679
-39.740733
-39.740793
-39.740858
-39.740928
-39.741004
-39.741083
-39.741167
-39.741254
-39.741345
-39.741439
-39.741536
-39.741635
-39.741736
-39.741839
-39.741943
-39.742049
-39.742155
-39.742263
-39.74237
-39.742478
-39.742586
-39.742694
-39.742802
-39.74291
-39.743017
-39.743125
-39.743232
-39.74334
-39.743448
-39.743556
-39.743665
-39.743775
-39.743886
-39.743998
-39.744112
-39.744227
-39.744344
-39.744463
-39.744584
-39.744706
-39.74483
-39.744955
-39.745083
-39.745212
-39.745343
-39.745476
-39.74561
-39.745746
-39.745883
-39.746022
-39.746162
-39.746302
-39.746443
-39.746584
-39.746724
-39.746865
-39.747005
-39.747145
-39.747285
-39.747424
-39.747563
-39.747702
-39.747841
-39.747979
-39.748117
-39.748254
-39.748391
-39.748529
-39.748666
-39.748804
-39.748942
-39.749081
-39.74922
-39.749359
-39.749499
-39.74964
-39.749782
-39.749924
-39.750067
-39.750211
-39.750356
-39.750502
-39.750649
-39.750796
-39.750944
-39.751094
-39.751244
-39.751395
-39.751546
-39.751698
-39.751851
-39.752004
-39.752158
-39.752312
-39.752467
-39.752622
-39.752777
-39.752933
-39.753089
-39.753245
-39.753401
-39.753557
-39.753714
-39.753871
-39.754029
-39.754186
-39.754344
-39.754502
-39.75466
-39.754818
-39.754977
-39.755135
-39.755294
-39.755452
-39.755611
-39.755771
-39.75593
-39.75609
-39.756249
-39.756409
-39.756569
-39.756728
-39.756888
-39.757049
-39.757209
-39.75737
-39.757531
-39.757692
-39.757854
-39.758016
-39.758179
-39.758342
-39.758506
-39.758669
-39.758834
-39.758998
-39.759163
-39.759329
-39.759495
-39.759663
-39.75983
-39.759998
-39.760167
-39.760336
-39.760506
-39.760676
-39.760847
-39.761018
-39.76119
-39.761362
-39.761534
-39.761707
-39.76188
-39.762053
-39.762227
-39.762401
-39.762575
-39.762749
-39.762924
-39.7631
-39.763275
-39.763451
-39.763628
-39.763804
-39.76398
-39.764157
-39.764334
-39.764511
-39.764689
-39.764866
-39.765043
-39.765221
-39.765399
-39.765577
-39.765755
-39.765933
-39.766111
-39.76629
-39.766468
-39.766647
-39.766826
-39.767006
-39.767185
-39.767364
-39.767543
-39.767722
-39.767901
-39.768079
-39.768258
-39.768437
-39.768616
-39.768794
-39.768973
-39.769151
-39.769329
-39.769507
-39.769685
-39.769862
-39.770039
-39.770216
-39.770393
-39.770569
-39.770745
-39.770921
-39.771096
-39.771271
-39.771446
-39.77162
-39.771794
-39.771968
-39.772141
-39.772314
-39.772487
-39.772659
-39.772831
-39.773003
-39.773174
-39.773345
-39.773515
-39.773685
-39.773854
-39.774023
-39.774191
-39.774359
-39.774526
-39.774692
-39.774858
-39.775023
-39.775188
-39.775352
-39.775516
-39.775679
-39.775841
-39.776003
-39.776164
-39.776325
-39.776485
-39.776644
-39.776804
-39.776963
-39.777122
-39.77728
-39.777438
-39.777596
-39.777754
-39.77791
-39.778066
-39.778221
-39.778375
-39.778528
-39.77868
-39.778831
-39.77898
-39.779128
-39.779275
-39.779422
-39.779567
-39.779712
-39.779855
-39.779997
-39.780137
-39.780277
-39.780416
-39.780554
-39.780691
-39.780827
-39.780962
-39.781095
-39.781227
-39.781358
-39.781487
-39.781614
-39.78174
-39.781864
-39.781988
-39.782109
-39.782229
-39.782347
-39.782464
-39.782578
-39.782692
-39.782804
-39.782914
-39.783024
-39.783132
-39.783239
-39.783344
-39.783448
-39.783551
-39.783652
-39.783751
-39.783849
-39.783945
-39.784041
-39.784135
-39.784227
-39.784318
-39.784406
-39.784493
-39.784577
-39.784659
-39.784738
-39.784815
-39.78489
-39.784962
-39.785031
-39.785096
-39.785159
-39.785218
-39.785275
-39.785328
-39.785379
-39.785426
-39.78547
-39.785511
-39.78555
-39.785586
-39.78562
-39.785652
-39.785682
-39.78571
-39.785737
-39.785762
-39.785784
-39.785805
-39.785824
-39.785841
-39.785856
-39.785869
-39.78588
-39.785889
-39.785894
-39.785897
-39.785898
-39.785895
-39.78589
-39.785882
-39.785871
-39.785856
-39.785838
-39.785818
-39.785794
-39.785769
-39.78574
-39.78571
-39.785677
-39.785643
-39.785607
-39.78557
-39.785533
-39.785495
-39.785458
-39.785422
-39.785387
-39.785353
-39.785322
-39.785293
-39.785266
-39.785244
-39.785224
-39.78521
-39.785199
-39.785195
-39.785196
-39.785203
-39.785218
-39.785241
-39.785271
-39.785312
-39.785363
-39.785426
-39.785501
-39.785589
-39.785692
-39.785811
-39.785947
-39.786103
-39.786278
-39.786475
-39.786695
-39.786939
-39.78721
-39.787507
-39.787832
-39.788186
-39.788571
-39.788984
-39.789429
-39.789904
-39.790409
-39.790944
-39.791507
-39.792096
-39.79271
-39.793346
-39.794
-39.794668
-39.795344
-39.796024
-39.7967
-39.797366
-39.798012
-39.79863
-39.799209
-39.799737
-39.800202
-39.80059
-39.800888
-39.801079
-39.801147
-39.801073
-39.800838
-39.800422
-39.799802
-39.798952
-39.797845
-39.796447
-39.794721
-39.792616
-39.790073
-39.787009
-39.783313
-39.778837
-39.77337
-39.766624
-39.758259
-39.747867
-39.734389
-39.716308
-39.697282
-39.686734
-39.654447
-39.532743
-39.599465
-8.4498445
-39.738589
-39.738588
-39.738589
-39.738592
-39.738597
-39.738603
-39.738611
-39.738621
-39.738632
-39.738646
-39.738663
-39.738685
-39.738713
-39.73875
-39.7388
-39.738866
-39.738955
-39.739074
-39.739234
-39.739445
-39.739719
-39.740063
-39.740474
-39.740933
-39.741393
-39.741784
-39.742022
-39.742044
-39.74184
-39.741469
-39.74105
-39.740697
-39.740468
-39.740364
-39.740349
-39.740379
-39.740421
-39.740459
-39.740487
-39.740509
-39.740532
-39.740558
-39.740591
-39.740632
-39.740679
-39.740732
-39.740791
-39.740856
-39.740927
-39.741002
-39.741081
-39.741165
-39.741252
-39.741343
-39.741437
-39.741533
-39.741632
-39.741733
-39.741836
-39.74194
-39.742046
-39.742152
-39.74226
-39.742367
-39.742475
-39.742583
-39.742692
-39.7428
-39.742908
-39.743016
-39.743123
-39.743231
-39.743339
-39.743447
-39.743556
-39.743666
-39.743776
-39.743887
-39.744
-39.744114
-39.744229
-39.744347
-39.744466
-39.744586
-39.744708
-39.744832
-39.744958
-39.745085
-39.745214
-39.745345
-39.745478
-39.745612
-39.745748
-39.745885
-39.746023
-39.746163
-39.746303
-39.746443
-39.746584
-39.746725
-39.746865
-39.747005
-39.747145
-39.747284
-39.747424
-39.747563
-39.747702
-39.74784
-39.747979
-39.748116
-39.748254
-39.748391
-39.748529
-39.748666
-39.748804
-39.748942
-39.749081
-39.74922
-39.74936
-39.7495
-39.749641
-39.749783
-39.749925
-39.750068
-39.750213
-39.750357
-39.750503
-39.75065
-39.750797
-39.750946
-39.751095
-39.751245
-39.751396
-39.751547
-39.751699
-39.751852
-39.752005
-39.752159
-39.752313
-39.752467
-39.752622
-39.752778
-39.752933
-39.753089
-39.753245
-39.753401
-39.753558
-39.753715
-39.753872
-39.754029
-39.754187
-39.754344
-39.754502
-39.75466
-39.754818
-39.754977
-39.755136
-39.755294
-39.755453
-39.755612
-39.755771
-39.755931
-39.75609
-39.75625
-39.756409
-39.756569
-39.756729
-39.756889
-39.757049
-39.75721
-39.757371
-39.757532
-39.757693
-39.757855
-39.758017
-39.75818
-39.758343
-39.758507
-39.75867
-39.758834
-39.758999
-39.759164
-39.75933
-39.759496
-39.759664
-39.759831
-39.759999
-39.760168
-39.760337
-39.760507
-39.760677
-39.760848
-39.761019
-39.761191
-39.761363
-39.761535
-39.761708
-39.761881
-39.762054
-39.762228
-39.762402
-39.762576
-39.76275
-39.762925
-39.763101
-39.763276
-39.763452
-39.763628
-39.763804
-39.763981
-39.764158
-39.764335
-39.764512
-39.764689
-39.764866
-39.765044
-39.765221
-39.765399
-39.765577
-39.765755
-39.765934
-39.766112
-39.76629
-39.766469
-39.766648
-39.766827
-39.767006
-39.767185
-39.767364
-39.767543
-39.767722
-39.767901
-39.76808
-39.768258
-39.768437
-39.768616
-39.768794
-39.768973
-39.769151
-39.769329
-39.769507
-39.769685
-39.769862
-39.770039
-39.770216
-39.770393
-39.770569
-39.770745
-39.770921
-39.771096
-39.771271
-39.771446
-39.77162
-39.771794
-39.771967
-39.772141
-39.772314
-39.772487
-39.772659
-39.772831
-39.773003
-39.773174
-39.773344
-39.773515
-39.773684
-39.773854
-39.774022
-39.77419
-39.774358
-39.774525
-39.774692
-39.774857
-39.775022
-39.775187
-39.775351
-39.775515
-39.775678
-39.77584
-39.776002
-39.776163
-39.776323
-39.776483
-39.776643
-39.776802
-39.776961
-39.77712
-39.777279
-39.777437
-39.777595
-39.777752
-39.777909
-39.778065
-39.77822
-39.778374
-39.778527
-39.778679
-39.778829
-39.778978
-39.779126
-39.779274
-39.77942
-39.779565
-39.77971
-39.779853
-39.779995
-39.780136
-39.780275
-39.780414
-39.780552
-39.780689
-39.780825
-39.78096
-39.781093
-39.781225
-39.781355
-39.781484
-39.781612
-39.781738
-39.781862
-39.781986
-39.782107
-39.782227
-39.782345
-39.782461
-39.782576
-39.782689
-39.782801
-39.782912
-39.783022
-39.78313
-39.783237
-39.783342
-39.783446
-39.783549
-39.78365
-39.783749
-39.783846
-39.783943
-39.784039
-39.784132
-39.784224
-39.784315
-39.784403
-39.78449
-39.784574
-39.784655
-39.784734
-39.784811
-39.784886
-39.784957
-39.785026
-39.785092
-39.785154
-39.785213
-39.78527
-39.785324
-39.785374
-39.785421
-39.785465
-39.785507
-39.785546
-39.785582
-39.785616
-39.785648
-39.785678
-39.785707
-39.785733
-39.785758
-39.785781
-39.785801
-39.78582
-39.785838
-39.785853
-39.785865
-39.785876
-39.785884
-39.78589
-39.785893
-39.785893
-39.785891
-39.785885
-39.785877
-39.785866
-39.785852
-39.785834
-39.785814
-39.785791
-39.785765
-39.785737
-39.785707
-39.785675
-39.785641
-39.785606
-39.78557
-39.785533
-39.785496
-39.785459
-39.785424
-39.78539
-39.785356
-39.785326
-39.785298
-39.785272
-39.785251
-39.785232
-39.785219
-39.785209
-39.785206
-39.785208
-39.785217
-39.785233
-39.785257
-39.785289
-39.785331
-39.785384
-39.785448
-39.785525
-39.785616
-39.78572
-39.785842
-39.78598
-39.786138
-39.786315
-39.786514
-39.786736
-39.786982
-39.787253
-39.787551
-39.787878
-39.788232
-39.788616
-39.789029
-39.789472
-39.789945
-39.790448
-39.790979
-39.791537
-39.792121
-39.792728
-39.793355
-39.793999
-39.794655
-39.795319
-39.795984
-39.796644
-39.79729
-39.797915
-39.798509
-39.79906
-39.799558
-39.799989
-39.800339
-39.800593
-39.800735
-39.800748
-39.800611
-39.800304
-39.799804
-39.799087
-39.798125
-39.796885
-39.795331
-39.79342
-39.791096
-39.78829
-39.784913
-39.780843
-39.775919
-39.76992
-39.76255
-39.753455
-39.742191
-39.727745
-39.708958
-39.689056
-39.674083
-39.636354
-39.543869
-39.588463
-34.339247
-39.738586
-39.738585
-39.738586
-39.738589
-39.738594
-39.7386
-39.738607
-39.738616
-39.738627
-39.73864
-39.738656
-39.738677
-39.738704
-39.73874
-39.738788
-39.738853
-39.738942
-39.739061
-39.739222
-39.739436
-39.739715
-39.740068
-39.740491
-39.740965
-39.741441
-39.741844
-39.742089
-39.742108
-39.74189
-39.741499
-39.741059
-39.740691
-39.740456
-39.740354
-39.740343
-39.740378
-39.740425
-39.740465
-39.740492
-39.740513
-39.740534
-39.74056
-39.740592
-39.740631
-39.740678
-39.740731
-39.74079
-39.740855
-39.740925
-39.741
-39.741079
-39.741163
-39.74125
-39.741341
-39.741434
-39.741531
-39.74163
-39.741731
-39.741833
-39.741938
-39.742043
-39.74215
-39.742257
-39.742364
-39.742473
-39.742581
-39.742689
-39.742797
-39.742906
-39.743014
-39.743122
-39.74323
-39.743338
-39.743447
-39.743556
-39.743666
-39.743777
-39.743888
-39.744001
-39.744116
-39.744231
-39.744349
-39.744468
-39.744589
-39.744711
-39.744835
-39.744961
-39.745088
-39.745217
-39.745348
-39.74548
-39.745614
-39.745749
-39.745886
-39.746024
-39.746164
-39.746304
-39.746444
-39.746584
-39.746725
-39.746865
-39.747005
-39.747145
-39.747284
-39.747423
-39.747562
-39.747701
-39.74784
-39.747978
-39.748116
-39.748254
-39.748392
-39.748529
-39.748667
-39.748805
-39.748943
-39.749082
-39.749221
-39.749361
-39.749501
-39.749642
-39.749784
-39.749926
-39.75007
-39.750214
-39.750359
-39.750504
-39.750651
-39.750798
-39.750947
-39.751096
-39.751246
-39.751397
-39.751548
-39.7517
-39.751853
-39.752006
-39.752159
-39.752313
-39.752468
-39.752623
-39.752778
-39.752934
-39.75309
-39.753246
-39.753402
-39.753558
-39.753715
-39.753872
-39.754029
-39.754187
-39.754345
-39.754502
-39.75466
-39.754819
-39.754977
-39.755136
-39.755295
-39.755454
-39.755612
-39.755772
-39.755931
-39.756091
-39.75625
-39.75641
-39.75657
-39.75673
-39.75689
-39.75705
-39.757211
-39.757371
-39.757532
-39.757694
-39.757856
-39.758018
-39.758181
-39.758344
-39.758507
-39.758671
-39.758835
-39.759
-39.759165
-39.759331
-39.759497
-39.759664
-39.759832
-39.76
-39.760169
-39.760338
-39.760508
-39.760678
-39.760849
-39.76102
-39.761191
-39.761363
-39.761536
-39.761709
-39.761882
-39.762055
-39.762229
-39.762403
-39.762577
-39.762751
-39.762926
-39.763101
-39.763277
-39.763453
-39.763629
-39.763805
-39.763981
-39.764158
-39.764335
-39.764512
-39.764689
-39.764867
-39.765044
-39.765222
-39.7654
-39.765578
-39.765756
-39.765934
-39.766112
-39.76629
-39.766469
-39.766648
-39.766827
-39.767006
-39.767185
-39.767364
-39.767543
-39.767722
-39.767901
-39.76808
-39.768259
-39.768437
-39.768616
-39.768795
-39.768973
-39.769151
-39.769329
-39.769508
-39.769685
-39.769862
-39.770039
-39.770216
-39.770393
-39.770569
-39.770745
-39.770921
-39.771096
-39.771271
-39.771446
-39.77162
-39.771794
-39.771967
-39.772141
-39.772314
-39.772487
-39.772659
-39.772831
-39.773002
-39.773173
-39.773344
-39.773514
-39.773684
-39.773853
-39.774022
-39.77419
-39.774357
-39.774524
-39.774691
-39.774856
-39.775022
-39.775186
-39.775351
-39.775514
-39.775677
-39.775839
-39.776001
-39.776162
-39.776322
-39.776482
-39.776642
-39.776801
-39.77696
-39.777119
-39.777278
-39.777436
-39.777594
-39.777751
-39.777907
-39.778063
-39.778218
-39.778372
-39.778525
-39.778677
-39.778827
-39.778977
-39.779125
-39.779272
-39.779418
-39.779564
-39.779708
-39.779851
-39.779993
-39.780134
-39.780273
-39.780412
-39.78055
-39.780687
-39.780823
-39.780958
-39.781091
-39.781223
-39.781353
-39.781482
-39.78161
-39.781736
-39.78186
-39.781984
-39.782105
-39.782225
-39.782343
-39.782459
-39.782574
-39.782687
-39.782799
-39.78291
-39.78302
-39.783128
-39.783235
-39.78334
-39.783444
-39.783547
-39.783648
-39.783747
-39.783844
-39.783941
-39.784036
-39.78413
-39.784222
-39.784312
-39.7844
-39.784487
-39.78457
-39.784651
-39.78473
-39.784807
-39.784881
-39.784953
-39.785021
-39.785087
-39.785149
-39.785209
-39.785265
-39.785319
-39.78537
-39.785417
-39.785461
-39.785503
-39.785542
-39.785578
-39.785612
-39.785645
-39.785675
-39.785703
-39.78573
-39.785754
-39.785777
-39.785798
-39.785817
-39.785834
-39.785849
-39.785861
-39.785872
-39.78588
-39.785886
-39.785889
-39.785889
-39.785886
-39.785881
-39.785873
-39.785862
-39.785848
-39.78583
-39.78581
-39.785787
-39.785762
-39.785734
-39.785705
-39.785673
-39.785639
-39.785605
-39.785569
-39.785533
-39.785497
-39.785461
-39.785426
-39.785393
-39.78536
-39.78533
-39.785303
-39.785278
-39.785257
-39.78524
-39.785227
-39.785219
-39.785216
-39.78522
-39.78523
-39.785247
-39.785272
-39.785306
-39.78535
-39.785405
-39.785471
-39.785549
-39.785641
-39.785748
-39.785871
-39.786012
-39.786171
-39.786351
-39.786551
-39.786775
-39.787022
-39.787295
-39.787594
-39.787921
-39.788276
-39.78866
-39.789072
-39.789514
-39.789985
-39.790484
-39.791012
-39.791565
-39.792144
-39.792744
-39.793363
-39.793998
-39.794643
-39.795294
-39.795945
-39.796588
-39.797216
-39.79782
-39.79839
-39.798915
-39.799383
-39.799781
-39.800094
-39.800307
-39.800401
-39.800359
-39.800161
-39.799783
-39.799202
-39.79839
-39.797317
-39.795948
-39.794241
-39.792149
-39.78961
-39.786549
-39.782868
-39.778435
-39.77308
-39.766571
-39.758606
-39.748821
-39.73674
-39.721407
-39.70193
-39.680942
-39.661347
-39.618573
-39.546183
-39.694794
-39.024847
-39.738584
-39.738583
-39.738583
-39.738586
-39.73859
-39.738596
-39.738603
-39.738612
-39.738622
-39.738634
-39.73865
-39.738669
-39.738695
-39.73873
-39.738777
-39.738841
-39.738928
-39.739047
-39.739209
-39.739425
-39.739709
-39.740069
-39.740504
-39.740991
-39.74148
-39.741895
-39.742145
-39.742161
-39.741931
-39.741523
-39.741065
-39.740685
-39.740447
-39.740346
-39.740339
-39.74038
-39.74043
-39.740471
-39.740498
-39.740518
-39.740537
-39.740561
-39.740592
-39.740631
-39.740677
-39.74073
-39.740789
-39.740854
-39.740924
-39.740998
-39.741078
-39.741161
-39.741248
-39.741339
-39.741432
-39.741528
-39.741627
-39.741728
-39.741831
-39.741935
-39.74204
-39.742147
-39.742254
-39.742362
-39.74247
-39.742578
-39.742687
-39.742795
-39.742904
-39.743012
-39.743121
-39.743229
-39.743338
-39.743447
-39.743556
-39.743666
-39.743777
-39.74389
-39.744003
-39.744118
-39.744233
-39.744351
-39.74447
-39.744591
-39.744713
-39.744837
-39.744963
-39.74509
-39.745219
-39.74535
-39.745482
-39.745616
-39.745751
-39.745888
-39.746026
-39.746165
-39.746304
-39.746444
-39.746585
-39.746725
-39.746865
-39.747005
-39.747144
-39.747284
-39.747423
-39.747562
-39.747701
-39.74784
-39.747978
-39.748116
-39.748254
-39.748392
-39.748529
-39.748667
-39.748805
-39.748944
-39.749083
-39.749222
-39.749362
-39.749502
-39.749643
-39.749785
-39.749928
-39.750071
-39.750215
-39.75036
-39.750506
-39.750652
-39.7508
-39.750948
-39.751097
-39.751247
-39.751398
-39.751549
-39.751701
-39.751853
-39.752006
-39.75216
-39.752314
-39.752469
-39.752624
-39.752779
-39.752935
-39.75309
-39.753246
-39.753402
-39.753559
-39.753715
-39.753872
-39.75403
-39.754187
-39.754345
-39.754503
-39.754661
-39.754819
-39.754978
-39.755137
-39.755295
-39.755454
-39.755613
-39.755772
-39.755932
-39.756091
-39.756251
-39.756411
-39.75657
-39.75673
-39.75689
-39.757051
-39.757211
-39.757372
-39.757533
-39.757695
-39.757857
-39.758019
-39.758182
-39.758345
-39.758508
-39.758672
-39.758836
-39.759001
-39.759166
-39.759331
-39.759498
-39.759665
-39.759833
-39.760001
-39.760169
-39.760339
-39.760508
-39.760679
-39.760849
-39.761021
-39.761192
-39.761364
-39.761537
-39.76171
-39.761883
-39.762056
-39.76223
-39.762403
-39.762578
-39.762752
-39.762927
-39.763102
-39.763278
-39.763454
-39.76363
-39.763806
-39.763982
-39.764159
-39.764336
-39.764513
-39.76469
-39.764867
-39.765044
-39.765222
-39.7654
-39.765578
-39.765756
-39.765934
-39.766112
-39.766291
-39.766469
-39.766648
-39.766827
-39.767007
-39.767186
-39.767365
-39.767544
-39.767722
-39.767901
-39.76808
-39.768259
-39.768438
-39.768616
-39.768795
-39.768973
-39.769151
-39.769329
-39.769508
-39.769685
-39.769863
-39.77004
-39.770217
-39.770393
-39.77057
-39.770745
-39.770921
-39.771096
-39.771271
-39.771446
-39.77162
-39.771794
-39.771967
-39.772141
-39.772314
-39.772486
-39.772659
-39.77283
-39.773002
-39.773173
-39.773343
-39.773514
-39.773683
-39.773853
-39.774021
-39.774189
-39.774357
-39.774524
-39.77469
-39.774856
-39.775021
-39.775186
-39.77535
-39.775513
-39.775676
-39.775839
-39.776
-39.776161
-39.776322
-39.776481
-39.776641
-39.7768
-39.776959
-39.777118
-39.777277
-39.777435
-39.777592
-39.77775
-39.777906
-39.778062
-39.778217
-39.778371
-39.778524
-39.778676
-39.778826
-39.778975
-39.779123
-39.779271
-39.779417
-39.779562
-39.779707
-39.77985
-39.779991
-39.780132
-39.780272
-39.780411
-39.780548
-39.780685
-39.780821
-39.780956
-39.781089
-39.781221
-39.781351
-39.78148
-39.781608
-39.781734
-39.781858
-39.781982
-39.782103
-39.782223
-39.78234
-39.782457
-39.782572
-39.782685
-39.782797
-39.782908
-39.783018
-39.783126
-39.783233
-39.783338
-39.783442
-39.783545
-39.783646
-39.783745
-39.783842
-39.783939
-39.784034
-39.784128
-39.784219
-39.784309
-39.784397
-39.784483
-39.784567
-39.784648
-39.784726
-39.784803
-39.784877
-39.784949
-39.785017
-39.785082
-39.785145
-39.785204
-39.785261
-39.785315
-39.785366
-39.785413
-39.785457
-39.785499
-39.785538
-39.785575
-39.785609
-39.785641
-39.785672
-39.7857
-39.785726
-39.785751
-39.785773
-39.785794
-39.785813
-39.785831
-39.785845
-39.785858
-39.785868
-39.785876
-39.785882
-39.785884
-39.785885
-39.785882
-39.785877
-39.785869
-39.785858
-39.785844
-39.785826
-39.785806
-39.785784
-39.785759
-39.785731
-39.785702
-39.785671
-39.785638
-39.785604
-39.785569
-39.785533
-39.785497
-39.785462
-39.785428
-39.785395
-39.785363
-39.785334
-39.785308
-39.785284
-39.785264
-39.785247
-39.785236
-39.785228
-39.785227
-39.785231
-39.785242
-39.785261
-39.785288
-39.785323
-39.785368
-39.785424
-39.785492
-39.785572
-39.785666
-39.785775
-39.7859
-39.786042
-39.786204
-39.786385
-39.786587
-39.786812
-39.787061
-39.787336
-39.787636
-39.787963
-39.788318
-39.788701
-39.789113
-39.789554
-39.790023
-39.79052
-39.791044
-39.791593
-39.792166
-39.792759
-39.793371
-39.793996
-39.794631
-39.795269
-39.795907
-39.796534
-39.797144
-39.797728
-39.798275
-39.798775
-39.799214
-39.79958
-39.799857
-39.800028
-39.800076
-39.799982
-39.799723
-39.799276
-39.798615
-39.797711
-39.79653
-39.795034
-39.793178
-39.790909
-39.788161
-39.784852
-39.780875
-39.776093
-39.770323
-39.763329
-39.754799
-39.744362
-39.731519
-39.715374
-39.695217
-39.673002
-39.649189
-39.603166
-39.545875
-39.647308
-39.147184
-39.738581
-39.73858
-39.73858
-39.738582
-39.738587
-39.738592
-39.738599
-39.738607
-39.738617
-39.738628
-39.738643
-39.738661
-39.738686
-39.738719
-39.738765
-39.738827
-39.738914
-39.739032
-39.739194
-39.739413
-39.739701
-39.740068
-39.740511
-39.741009
-39.74151
-39.741934
-39.742188
-39.742201
-39.741962
-39.74154
-39.741069
-39.740682
-39.740442
-39.740342
-39.740339
-39.740383
-39.740437
-39.740478
-39.740504
-39.740522
-39.740539
-39.740562
-39.740592
-39.740631
-39.740677
-39.740729
-39.740788
-39.740852
-39.740922
-39.740997
-39.741076
-39.741159
-39.741246
-39.741337
-39.74143
-39.741526
-39.741625
-39.741726
-39.741828
-39.741932
-39.742038
-39.742144
-39.742251
-39.742359
-39.742467
-39.742576
-39.742685
-39.742793
-39.742902
-39.743011
-39.743119
-39.743228
-39.743337
-39.743446
-39.743556
-39.743667
-39.743778
-39.743891
-39.744004
-39.744119
-39.744235
-39.744353
-39.744472
-39.744593
-39.744716
-39.74484
-39.744965
-39.745093
-39.745221
-39.745352
-39.745484
-39.745617
-39.745752
-39.745889
-39.746027
-39.746166
-39.746305
-39.746445
-39.746585
-39.746725
-39.746865
-39.747005
-39.747144
-39.747283
-39.747423
-39.747562
-39.747701
-39.747839
-39.747978
-39.748116
-39.748254
-39.748392
-39.748529
-39.748667
-39.748805
-39.748944
-39.749083
-39.749223
-39.749363
-39.749503
-39.749644
-39.749786
-39.749929
-39.750072
-39.750216
-39.750361
-39.750507
-39.750653
-39.750801
-39.750949
-39.751098
-39.751248
-39.751399
-39.75155
-39.751702
-39.751854
-39.752007
-39.752161
-39.752315
-39.752469
-39.752624
-39.75278
-39.752935
-39.753091
-39.753247
-39.753403
-39.753559
-39.753716
-39.753873
-39.75403
-39.754188
-39.754345
-39.754503
-39.754661
-39.75482
-39.754978
-39.755137
-39.755296
-39.755455
-39.755614
-39.755773
-39.755932
-39.756092
-39.756252
-39.756411
-39.756571
-39.756731
-39.756891
-39.757051
-39.757212
-39.757373
-39.757534
-39.757696
-39.757857
-39.75802
-39.758182
-39.758346
-39.758509
-39.758673
-39.758837
-39.759001
-39.759166
-39.759332
-39.759499
-39.759666
-39.759834
-39.760002
-39.76017
-39.760339
-39.760509
-39.76068
-39.76085
-39.761021
-39.761193
-39.761365
-39.761538
-39.76171
-39.761884
-39.762057
-39.76223
-39.762404
-39.762578
-39.762753
-39.762928
-39.763103
-39.763279
-39.763454
-39.76363
-39.763806
-39.763983
-39.764159
-39.764336
-39.764513
-39.76469
-39.764867
-39.765045
-39.765223
-39.765401
-39.765579
-39.765757
-39.765935
-39.766113
-39.766291
-39.76647
-39.766649
-39.766828
-39.767007
-39.767186
-39.767365
-39.767544
-39.767723
-39.767902
-39.76808
-39.768259
-39.768438
-39.768616
-39.768795
-39.768973
-39.769152
-39.76933
-39.769508
-39.769685
-39.769863
-39.77004
-39.770217
-39.770393
-39.77057
-39.770746
-39.770921
-39.771096
-39.771271
-39.771446
-39.77162
-39.771794
-39.771967
-39.77214
-39.772314
-39.772486
-39.772658
-39.77283
-39.773001
-39.773172
-39.773343
-39.773513
-39.773683
-39.773852
-39.774021
-39.774189
-39.774356
-39.774523
-39.774689
-39.774855
-39.77502
-39.775185
-39.775349
-39.775513
-39.775676
-39.775838
-39.775999
-39.77616
-39.776321
-39.77648
-39.77664
-39.776799
-39.776958
-39.777117
-39.777275
-39.777434
-39.777591
-39.777749
-39.777905
-39.778061
-39.778216
-39.77837
-39.778523
-39.778674
-39.778824
-39.778974
-39.779122
-39.779269
-39.779415
-39.779561
-39.779705
-39.779848
-39.77999
-39.780131
-39.78027
-39.780409
-39.780547
-39.780684
-39.78082
-39.780954
-39.781088
-39.781219
-39.781349
-39.781478
-39.781606
-39.781732
-39.781856
-39.78198
-39.782101
-39.782221
-39.782338
-39.782455
-39.78257
-39.782683
-39.782795
-39.782906
-39.783016
-39.783124
-39.783231
-39.783336
-39.78344
-39.783543
-39.783644
-39.783743
-39.783841
-39.783937
-39.784032
-39.784126
-39.784217
-39.784307
-39.784395
-39.784481
-39.784563
-39.784644
-39.784723
-39.784799
-39.784873
-39.784944
-39.785012
-39.785078
-39.78514
-39.7852
-39.785257
-39.78531
-39.785361
-39.785409
-39.785453
-39.785495
-39.785534
-39.785571
-39.785605
-39.785638
-39.785668
-39.785697
-39.785723
-39.785747
-39.78577
-39.785791
-39.78581
-39.785827
-39.785842
-39.785854
-39.785864
-39.785872
-39.785878
-39.78588
-39.785881
-39.785878
-39.785873
-39.785865
-39.785854
-39.78584
-39.785823
-39.785803
-39.78578
-39.785756
-39.785729
-39.7857
-39.785669
-39.785636
-39.785603
-39.785568
-39.785533
-39.785498
-39.785463
-39.785429
-39.785397
-39.785366
-39.785338
-39.785312
-39.785289
-39.78527
-39.785254
-39.785244
-39.785237
-39.785237
-39.785242
-39.785254
-39.785274
-39.785302
-39.785339
-39.785385
-39.785443
-39.785512
-39.785594
-39.78569
-39.785801
-39.785928
-39.786072
-39.786235
-39.786418
-39.786622
-39.786849
-39.787099
-39.787375
-39.787675
-39.788003
-39.788358
-39.788742
-39.789153
-39.789592
-39.790059
-39.790553
-39.791074
-39.791619
-39.792186
-39.792774
-39.793377
-39.793994
-39.794619
-39.795246
-39.795869
-39.796481
-39.797074
-39.797638
-39.798164
-39.798639
-39.799051
-39.799385
-39.799627
-39.799758
-39.799762
-39.799616
-39.799299
-39.798785
-39.798046
-39.797051
-39.795764
-39.794145
-39.792144
-39.789704
-39.786752
-39.783202
-39.77894
-39.773821
-39.767654
-39.760195
-39.751131
-39.740081
-39.726531
-39.709645
-39.688821
-39.665339
-39.638045
-39.590663
-39.536994
-39.56289
-39.200637
-39.738579
-39.738577
-39.738577
-39.738579
-39.738583
-39.738589
-39.738595
-39.738603
-39.738612
-39.738622
-39.738636
-39.738653
-39.738677
-39.738709
-39.738753
-39.738814
-39.738899
-39.739017
-39.739179
-39.739399
-39.73969
-39.740062
-39.740513
-39.74102
-39.741529
-39.74196
-39.742216
-39.742227
-39.741981
-39.741549
-39.741071
-39.740681
-39.740441
-39.740343
-39.740342
-39.740389
-39.740444
-39.740486
-39.740511
-39.740526
-39.740542
-39.740563
-39.740593
-39.740631
-39.740676
-39.740729
-39.740787
-39.740851
-39.740921
-39.740995
-39.741074
-39.741158
-39.741244
-39.741335
-39.741428
-39.741524
-39.741623
-39.741723
-39.741826
-39.74193
-39.742035
-39.742142
-39.742249
-39.742357
-39.742465
-39.742574
-39.742683
-39.742791
-39.7429
-39.743009
-39.743118
-39.743227
-39.743336
-39.743446
-39.743556
-39.743667
-39.743779
-39.743891
-39.744005
-39.744121
-39.744237
-39.744355
-39.744474
-39.744595
-39.744718
-39.744842
-39.744968
-39.745095
-39.745224
-39.745354
-39.745486
-39.745619
-39.745754
-39.74589
-39.746028
-39.746166
-39.746306
-39.746445
-39.746585
-39.746725
-39.746865
-39.747005
-39.747144
-39.747283
-39.747422
-39.747561
-39.7477
-39.747839
-39.747978
-39.748116
-39.748254
-39.748392
-39.74853
-39.748668
-39.748806
-39.748945
-39.749084
-39.749223
-39.749364
-39.749504
-39.749645
-39.749787
-39.74993
-39.750073
-39.750217
-39.750362
-39.750508
-39.750654
-39.750802
-39.75095
-39.751099
-39.751249
-39.7514
-39.751551
-39.751703
-39.751855
-39.752008
-39.752161
-39.752315
-39.75247
-39.752625
-39.75278
-39.752936
-39.753092
-39.753247
-39.753403
-39.75356
-39.753716
-39.753873
-39.75403
-39.754188
-39.754346
-39.754503
-39.754661
-39.75482
-39.754979
-39.755137
-39.755296
-39.755455
-39.755614
-39.755773
-39.755933
-39.756092
-39.756252
-39.756412
-39.756571
-39.756731
-39.756892
-39.757052
-39.757213
-39.757374
-39.757535
-39.757696
-39.757858
-39.758021
-39.758183
-39.758346
-39.75851
-39.758674
-39.758838
-39.759002
-39.759167
-39.759333
-39.7595
-39.759667
-39.759834
-39.760002
-39.760171
-39.76034
-39.76051
-39.76068
-39.760851
-39.761022
-39.761194
-39.761366
-39.761538
-39.761711
-39.761884
-39.762058
-39.762231
-39.762405
-39.762579
-39.762754
-39.762928
-39.763104
-39.763279
-39.763455
-39.763631
-39.763807
-39.763983
-39.76416
-39.764337
-39.764514
-39.764691
-39.764868
-39.765045
-39.765223
-39.765401
-39.765579
-39.765757
-39.765935
-39.766113
-39.766292
-39.76647
-39.766649
-39.766828
-39.767007
-39.767186
-39.767365
-39.767544
-39.767723
-39.767902
-39.768081
-39.768259
-39.768438
-39.768617
-39.768795
-39.768973
-39.769152
-39.76933
-39.769508
-39.769685
-39.769863
-39.77004
-39.770217
-39.770393
-39.77057
-39.770746
-39.770921
-39.771096
-39.771271
-39.771446
-39.77162
-39.771794
-39.771967
-39.77214
-39.772314
-39.772486
-39.772658
-39.77283
-39.773001
-39.773172
-39.773343
-39.773513
-39.773682
-39.773852
-39.77402
-39.774188
-39.774356
-39.774523
-39.774689
-39.774854
-39.77502
-39.775184
-39.775348
-39.775512
-39.775675
-39.775837
-39.775999
-39.77616
-39.77632
-39.77648
-39.776639
-39.776798
-39.776957
-39.777116
-39.777274
-39.777432
-39.77759
-39.777747
-39.777904
-39.77806
-39.778215
-39.778368
-39.778521
-39.778673
-39.778823
-39.778972
-39.779121
-39.779268
-39.779414
-39.779559
-39.779704
-39.779846
-39.779988
-39.780129
-39.780269
-39.780407
-39.780545
-39.780682
-39.780818
-39.780953
-39.781086
-39.781218
-39.781348
-39.781476
-39.781604
-39.78173
-39.781854
-39.781978
-39.782099
-39.782219
-39.782337
-39.782453
-39.782568
-39.782681
-39.782793
-39.782905
-39.783014
-39.783122
-39.783229
-39.783334
-39.783439
-39.783541
-39.783642
-39.783741
-39.783839
-39.783935
-39.78403
-39.784123
-39.784215
-39.784304
-39.784392
-39.784478
-39.78456
-39.784641
-39.784719
-39.784795
-39.784869
-39.78494
-39.785008
-39.785074
-39.785136
-39.785196
-39.785253
-39.785306
-39.785357
-39.785405
-39.785449
-39.785491
-39.785531
-39.785568
-39.785602
-39.785634
-39.785665
-39.785694
-39.78572
-39.785744
-39.785767
-39.785788
-39.785807
-39.785824
-39.785838
-39.78585
-39.785861
-39.785868
-39.785874
-39.785877
-39.785877
-39.785875
-39.78587
-39.785861
-39.78585
-39.785836
-39.785819
-39.785799
-39.785777
-39.785753
-39.785726
-39.785698
-39.785668
-39.785635
-39.785602
-39.785568
-39.785533
-39.785498
-39.785464
-39.785431
-39.7854
-39.785369
-39.785342
-39.785316
-39.785294
-39.785276
-39.785261
-39.785252
-39.785246
-39.785246
-39.785253
-39.785266
-39.785287
-39.785316
-39.785354
-39.785402
-39.785461
-39.785532
-39.785616
-39.785713
-39.785826
-39.785954
-39.7861
-39.786265
-39.78645
-39.786655
-39.786883
-39.787135
-39.787412
-39.787713
-39.788042
-39.788397
-39.78878
-39.78919
-39.789629
-39.790094
-39.790586
-39.791103
-39.791644
-39.792206
-39.792787
-39.793384
-39.793992
-39.794607
-39.795222
-39.795833
-39.79643
-39.797007
-39.797552
-39.798056
-39.798507
-39.798893
-39.799197
-39.799404
-39.799498
-39.799457
-39.799262
-39.798888
-39.798308
-39.797494
-39.796411
-39.795022
-39.793283
-39.791141
-39.788534
-39.785385
-39.781602
-39.777065
-39.771622
-39.765075
-39.757176
-39.747606
-39.73598
-39.721778
-39.704217
-39.68275
-39.658058
-39.62807
-39.580458
-39.527285
-39.506704
-39.240862
-39.738576
-39.738574
-39.738574
-39.738576
-39.738579
-39.738585
-39.738591
-39.738598
-39.738606
-39.738616
-39.738629
-39.738645
-39.738668
-39.738698
-39.738741
-39.7388
-39.738884
-39.739001
-39.739163
-39.739384
-39.739677
-39.740053
-39.740509
-39.741022
-39.741538
-39.741972
-39.74223
-39.742238
-39.741987
-39.741551
-39.741072
-39.740684
-39.740447
-39.74035
-39.740349
-39.740397
-39.740453
-39.740494
-39.740517
-39.740531
-39.740544
-39.740565
-39.740594
-39.740631
-39.740676
-39.740728
-39.740787
-39.740851
-39.74092
-39.740994
-39.741073
-39.741156
-39.741243
-39.741333
-39.741426
-39.741522
-39.741621
-39.741721
-39.741824
-39.741928
-39.742033
-39.74214
-39.742247
-39.742355
-39.742463
-39.742572
-39.742681
-39.74279
-39.742899
-39.743008
-39.743117
-39.743226
-39.743336
-39.743446
-39.743556
-39.743667
-39.743779
-39.743892
-39.744006
-39.744122
-39.744238
-39.744357
-39.744476
-39.744598
-39.74472
-39.744844
-39.74497
-39.745097
-39.745226
-39.745356
-39.745487
-39.745621
-39.745755
-39.745892
-39.746029
-39.746167
-39.746306
-39.746446
-39.746586
-39.746725
-39.746865
-39.747005
-39.747144
-39.747283
-39.747422
-39.747561
-39.7477
-39.747839
-39.747977
-39.748116
-39.748254
-39.748392
-39.74853
-39.748668
-39.748806
-39.748945
-39.749084
-39.749224
-39.749364
-39.749505
-39.749646
-39.749788
-39.749931
-39.750074
-39.750218
-39.750363
-39.750509
-39.750655
-39.750803
-39.750951
-39.7511
-39.75125
-39.7514
-39.751552
-39.751703
-39.751856
-39.752008
-39.752162
-39.752316
-39.75247
-39.752625
-39.752781
-39.752936
-39.753092
-39.753248
-39.753404
-39.75356
-39.753717
-39.753873
-39.754031
-39.754188
-39.754346
-39.754504
-39.754662
-39.75482
-39.754979
-39.755138
-39.755297
-39.755456
-39.755615
-39.755774
-39.755933
-39.756093
-39.756253
-39.756412
-39.756572
-39.756732
-39.756892
-39.757053
-39.757213
-39.757374
-39.757536
-39.757697
-39.757859
-39.758021
-39.758184
-39.758347
-39.75851
-39.758674
-39.758838
-39.759003
-39.759168
-39.759334
-39.759501
-39.759668
-39.759835
-39.760003
-39.760172
-39.760341
-39.760511
-39.760681
-39.760852
-39.761023
-39.761194
-39.761367
-39.761539
-39.761712
-39.761885
-39.762059
-39.762232
-39.762406
-39.76258
-39.762754
-39.762929
-39.763105
-39.76328
-39.763456
-39.763631
-39.763807
-39.763984
-39.76416
-39.764337
-39.764514
-39.764691
-39.764868
-39.765046
-39.765223
-39.765401
-39.765579
-39.765757
-39.765935
-39.766114
-39.766292
-39.766471
-39.766649
-39.766829
-39.767008
-39.767187
-39.767366
-39.767544
-39.767723
-39.767902
-39.768081
-39.76826
-39.768438
-39.768617
-39.768795
-39.768974
-39.769152
-39.76933
-39.769508
-39.769686
-39.769863
-39.77004
-39.770217
-39.770394
-39.77057
-39.770746
-39.770921
-39.771097
-39.771271
-39.771446
-39.77162
-39.771794
-39.771967
-39.77214
-39.772313
-39.772486
-39.772658
-39.77283
-39.773001
-39.773172
-39.773342
-39.773512
-39.773682
-39.773851
-39.77402
-39.774188
-39.774355
-39.774522
-39.774688
-39.774854
-39.775019
-39.775184
-39.775348
-39.775511
-39.775674
-39.775836
-39.775998
-39.776159
-39.776319
-39.776479
-39.776638
-39.776798
-39.776956
-39.777115
-39.777273
-39.777431
-39.777589
-39.777746
-39.777903
-39.778059
-39.778213
-39.778367
-39.77852
-39.778671
-39.778822
-39.778971
-39.779119
-39.779266
-39.779413
-39.779558
-39.779702
-39.779845
-39.779987
-39.780128
-39.780267
-39.780406
-39.780544
-39.780681
-39.780816
-39.780951
-39.781084
-39.781216
-39.781346
-39.781475
-39.781602
-39.781728
-39.781853
-39.781976
-39.782097
-39.782217
-39.782335
-39.782451
-39.782566
-39.782679
-39.782792
-39.782903
-39.783012
-39.78312
-39.783227
-39.783333
-39.783437
-39.78354
-39.78364
-39.78374
-39.783837
-39.783933
-39.784028
-39.784121
-39.784213
-39.784302
-39.78439
-39.784475
-39.784557
-39.784638
-39.784716
-39.784792
-39.784866
-39.784937
-39.785005
-39.78507
-39.785132
-39.785192
-39.785249
-39.785302
-39.785354
-39.785401
-39.785446
-39.785488
-39.785527
-39.785564
-39.785599
-39.785631
-39.785662
-39.785691
-39.785717
-39.785741
-39.785764
-39.785785
-39.785804
-39.785821
-39.785835
-39.785847
-39.785857
-39.785865
-39.78587
-39.785873
-39.785874
-39.785871
-39.785866
-39.785858
-39.785847
-39.785833
-39.785816
-39.785796
-39.785775
-39.785751
-39.785724
-39.785696
-39.785666
-39.785634
-39.785601
-39.785567
-39.785533
-39.785499
-39.785466
-39.785433
-39.785402
-39.785372
-39.785345
-39.785321
-39.785299
-39.785282
-39.785268
-39.785259
-39.785254
-39.785256
-39.785263
-39.785277
-39.785299
-39.785329
-39.785369
-39.785418
-39.785479
-39.785551
-39.785636
-39.785735
-39.785849
-39.78598
-39.786127
-39.786294
-39.78648
-39.786687
-39.786917
-39.787169
-39.787447
-39.78775
-39.788079
-39.788434
-39.788817
-39.789226
-39.789663
-39.790127
-39.790617
-39.791131
-39.791668
-39.792225
-39.7928
-39.79339
-39.793989
-39.794595
-39.7952
-39.795798
-39.796381
-39.796942
-39.797469
-39.797953
-39.798381
-39.79874
-39.799016
-39.79919
-39.799246
-39.799164
-39.79892
-39.798491
-39.797848
-39.796961
-39.795793
-39.794305
-39.792449
-39.79017
-39.787401
-39.784063
-39.780054
-39.775253
-39.769499
-39.76259
-39.754273
-39.744226
-39.732063
-39.717261
-39.699087
-39.677014
-39.651234
-39.619272
-39.572003
-39.51886
-39.474931
-39.276476
-39.738574
-39.738571
-39.73857
-39.738572
-39.738576
-39.738581
-39.738587
-39.738593
-39.738601
-39.73861
-39.738622
-39.738637
-39.738658
-39.738688
-39.738729
-39.738787
-39.738869
-39.738985
-39.739146
-39.739367
-39.739661
-39.74004
-39.740499
-39.741016
-39.741534
-39.74197
-39.742227
-39.742233
-39.74198
-39.741545
-39.741071
-39.740691
-39.74046
-39.740364
-39.740361
-39.740407
-39.740462
-39.740503
-39.740524
-39.740535
-39.740547
-39.740566
-39.740595
-39.740632
-39.740676
-39.740728
-39.740786
-39.74085
-39.740919
-39.740994
-39.741072
-39.741155
-39.741242
-39.741332
-39.741425
-39.741521
-39.741619
-39.74172
-39.741822
-39.741926
-39.742031
-39.742137
-39.742245
-39.742353
-39.742461
-39.74257
-39.742679
-39.742788
-39.742897
-39.743007
-39.743116
-39.743226
-39.743335
-39.743446
-39.743556
-39.743668
-39.74378
-39.743893
-39.744008
-39.744123
-39.74424
-39.744359
-39.744478
-39.7446
-39.744722
-39.744846
-39.744972
-39.745099
-39.745228
-39.745358
-39.745489
-39.745622
-39.745757
-39.745893
-39.74603
-39.746168
-39.746307
-39.746447
-39.746586
-39.746726
-39.746865
-39.747005
-39.747144
-39.747283
-39.747422
-39.747561
-39.7477
-39.747839
-39.747977
-39.748116
-39.748254
-39.748392
-39.74853
-39.748668
-39.748807
-39.748946
-39.749085
-39.749225
-39.749365
-39.749506
-39.749647
-39.749789
-39.749932
-39.750075
-39.750219
-39.750364
-39.75051
-39.750656
-39.750804
-39.750952
-39.751101
-39.751251
-39.751401
-39.751552
-39.751704
-39.751856
-39.752009
-39.752162
-39.752316
-39.752471
-39.752626
-39.752781
-39.752937
-39.753093
-39.753248
-39.753404
-39.75356
-39.753717
-39.753874
-39.754031
-39.754189
-39.754346
-39.754504
-39.754662
-39.754821
-39.754979
-39.755138
-39.755297
-39.755456
-39.755615
-39.755774
-39.755934
-39.756093
-39.756253
-39.756413
-39.756572
-39.756733
-39.756893
-39.757053
-39.757214
-39.757375
-39.757536
-39.757698
-39.75786
-39.758022
-39.758185
-39.758348
-39.758511
-39.758675
-39.758839
-39.759004
-39.759169
-39.759335
-39.759501
-39.759668
-39.759836
-39.760004
-39.760173
-39.760342
-39.760512
-39.760682
-39.760852
-39.761024
-39.761195
-39.761367
-39.76154
-39.761713
-39.761886
-39.762059
-39.762233
-39.762407
-39.762581
-39.762755
-39.76293
-39.763105
-39.763281
-39.763456
-39.763632
-39.763808
-39.763984
-39.764161
-39.764338
-39.764515
-39.764691
-39.764869
-39.765046
-39.765224
-39.765402
-39.76558
-39.765758
-39.765936
-39.766114
-39.766292
-39.766471
-39.76665
-39.766829
-39.767008
-39.767187
-39.767366
-39.767545
-39.767723
-39.767902
-39.768081
-39.76826
-39.768439
-39.768617
-39.768796
-39.768974
-39.769152
-39.76933
-39.769509
-39.769686
-39.769863
-39.77004
-39.770217
-39.770394
-39.77057
-39.770746
-39.770922
-39.771097
-39.771272
-39.771446
-39.77162
-39.771794
-39.771967
-39.77214
-39.772313
-39.772486
-39.772658
-39.772829
-39.773001
-39.773171
-39.773342
-39.773512
-39.773682
-39.773851
-39.774019
-39.774187
-39.774355
-39.774521
-39.774688
-39.774853
-39.775018
-39.775183
-39.775347
-39.775511
-39.775674
-39.775836
-39.775997
-39.776158
-39.776318
-39.776478
-39.776637
-39.776797
-39.776956
-39.777114
-39.777273
-39.777431
-39.777588
-39.777745
-39.777902
-39.778057
-39.778212
-39.778366
-39.778519
-39.77867
-39.778821
-39.77897
-39.779118
-39.779265
-39.779412
-39.779557
-39.779701
-39.779844
-39.779985
-39.780126
-39.780266
-39.780405
-39.780543
-39.780679
-39.780815
-39.78095
-39.781083
-39.781214
-39.781344
-39.781473
-39.7816
-39.781727
-39.781851
-39.781974
-39.782095
-39.782215
-39.782333
-39.782449
-39.782564
-39.782678
-39.78279
-39.782901
-39.783011
-39.783119
-39.783226
-39.783331
-39.783435
-39.783538
-39.783639
-39.783738
-39.783836
-39.783932
-39.784027
-39.78412
-39.784211
-39.7843
-39.784387
-39.784472
-39.784555
-39.784635
-39.784713
-39.784788
-39.784862
-39.784933
-39.785001
-39.785066
-39.785128
-39.785188
-39.785245
-39.785299
-39.78535
-39.785398
-39.785442
-39.785485
-39.785524
-39.785561
-39.785596
-39.785628
-39.785659
-39.785688
-39.785714
-39.785738
-39.785761
-39.785782
-39.785801
-39.785818
-39.785832
-39.785844
-39.785854
-39.785861
-39.785867
-39.78587
-39.78587
-39.785868
-39.785863
-39.785854
-39.785843
-39.785829
-39.785813
-39.785793
-39.785772
-39.785748
-39.785722
-39.785694
-39.785664
-39.785632
-39.7856
-39.785567
-39.785533
-39.7855
-39.785467
-39.785434
-39.785404
-39.785374
-39.785348
-39.785325
-39.785304
-39.785288
-39.785274
-39.785266
-39.785262
-39.785265
-39.785273
-39.785288
-39.785311
-39.785342
-39.785383
-39.785434
-39.785495
-39.785569
-39.785656
-39.785756
-39.785872
-39.786004
-39.786153
-39.786322
-39.786509
-39.786717
-39.786949
-39.787202
-39.787481
-39.787785
-39.788114
-39.788469
-39.788852
-39.789261
-39.789697
-39.790159
-39.790646
-39.791157
-39.79169
-39.792243
-39.792812
-39.793395
-39.793987
-39.794584
-39.795178
-39.795764
-39.796334
-39.796879
-39.797389
-39.797854
-39.79826
-39.798594
-39.798841
-39.798984
-39.799004
-39.798881
-39.798591
-39.798109
-39.797405
-39.796447
-39.795197
-39.793612
-39.791644
-39.789232
-39.786308
-39.782786
-39.778562
-39.773506
-39.767455
-39.760202
-39.751489
-39.740995
-39.728331
-39.71298
-39.694252
-39.671621
-39.644913
-39.611586
-39.564981
-39.512112
-39.458095
-39.307047
-39.738571
-39.738568
-39.738567
-39.738568
-39.738572
-39.738577
-39.738582
-39.738589
-39.738596
-39.738604
-39.738615
-39.73863
-39.738649
-39.738677
-39.738717
-39.738773
-39.738854
-39.738968
-39.739129
-39.739349
-39.739644
-39.740023
-39.740484
-39.741001
-39.74152
-39.741954
-39.742208
-39.742213
-39.741961
-39.741532
-39.74107
-39.740702
-39.740479
-39.740385
-39.740378
-39.74042
-39.740472
-39.740511
-39.74053
-39.740539
-39.74055
-39.740568
-39.740596
-39.740632
-39.740677
-39.740729
-39.740786
-39.74085
-39.740919
-39.740993
-39.741072
-39.741154
-39.741241
-39.741331
-39.741424
-39.741519
-39.741618
-39.741718
-39.74182
-39.741924
-39.742029
-39.742136
-39.742243
-39.742351
-39.742459
-39.742568
-39.742677
-39.742786
-39.742896
-39.743005
-39.743115
-39.743225
-39.743335
-39.743445
-39.743556
-39.743668
-39.743781
-39.743894
-39.744009
-39.744125
-39.744242
-39.74436
-39.74448
-39.744601
-39.744724
-39.744848
-39.744974
-39.745101
-39.745229
-39.745359
-39.745491
-39.745624
-39.745758
-39.745894
-39.746031
-39.746169
-39.746308
-39.746447
-39.746586
-39.746726
-39.746865
-39.747005
-39.747144
-39.747283
-39.747422
-39.747561
-39.7477
-39.747839
-39.747977
-39.748116
-39.748254
-39.748392
-39.74853
-39.748668
-39.748807
-39.748946
-39.749085
-39.749225
-39.749366
-39.749507
-39.749648
-39.74979
-39.749933
-39.750076
-39.75022
-39.750365
-39.750511
-39.750657
-39.750805
-39.750953
-39.751102
-39.751252
-39.751402
-39.751553
-39.751705
-39.751857
-39.75201
-39.752163
-39.752317
-39.752471
-39.752627
-39.752782
-39.752938
-39.753093
-39.753249
-39.753405
-39.753561
-39.753717
-39.753874
-39.754031
-39.754189
-39.754347
-39.754504
-39.754662
-39.754821
-39.75498
-39.755139
-39.755298
-39.755457
-39.755616
-39.755775
-39.755935
-39.756094
-39.756254
-39.756413
-39.756573
-39.756733
-39.756893
-39.757054
-39.757215
-39.757376
-39.757537
-39.757699
-39.757861
-39.758023
-39.758185
-39.758348
-39.758512
-39.758676
-39.75884
-39.759005
-39.75917
-39.759336
-39.759502
-39.759669
-39.759837
-39.760005
-39.760173
-39.760343
-39.760512
-39.760683
-39.760853
-39.761024
-39.761196
-39.761368
-39.761541
-39.761713
-39.761887
-39.76206
-39.762234
-39.762408
-39.762582
-39.762756
-39.762931
-39.763106
-39.763281
-39.763457
-39.763633
-39.763809
-39.763985
-39.764161
-39.764338
-39.764515
-39.764692
-39.764869
-39.765046
-39.765224
-39.765402
-39.76558
-39.765758
-39.765936
-39.766114
-39.766293
-39.766471
-39.76665
-39.766829
-39.767008
-39.767187
-39.767366
-39.767545
-39.767724
-39.767903
-39.768081
-39.76826
-39.768439
-39.768617
-39.768796
-39.768974
-39.769153
-39.76933
-39.769509
-39.769686
-39.769864
-39.77004
-39.770217
-39.770394
-39.77057
-39.770746
-39.770922
-39.771097
-39.771272
-39.771446
-39.77162
-39.771794
-39.771967
-39.77214
-39.772313
-39.772486
-39.772658
-39.772829
-39.773
-39.773171
-39.773341
-39.773512
-39.773681
-39.77385
-39.774019
-39.774187
-39.774354
-39.774521
-39.774687
-39.774853
-39.775018
-39.775183
-39.775347
-39.77551
-39.775673
-39.775835
-39.775997
-39.776157
-39.776318
-39.776477
-39.776637
-39.776796
-39.776955
-39.777113
-39.777272
-39.77743
-39.777587
-39.777745
-39.777901
-39.778057
-39.778211
-39.778365
-39.778518
-39.778669
-39.778819
-39.778969
-39.779117
-39.779264
-39.77941
-39.779556
-39.7797
-39.779843
-39.779984
-39.780125
-39.780265
-39.780403
-39.780541
-39.780678
-39.780814
-39.780948
-39.781081
-39.781213
-39.781343
-39.781471
-39.781599
-39.781725
-39.78185
-39.781973
-39.782094
-39.782214
-39.782331
-39.782448
-39.782563
-39.782676
-39.782789
-39.7829
-39.783009
-39.783117
-39.783224
-39.78333
-39.783434
-39.783537
-39.783637
-39.783736
-39.783834
-39.78393
-39.784025
-39.784118
-39.784209
-39.784298
-39.784385
-39.78447
-39.784552
-39.784632
-39.78471
-39.784785
-39.784859
-39.78493
-39.784997
-39.785063
-39.785125
-39.785184
-39.785241
-39.785295
-39.785346
-39.785394
-39.785439
-39.785482
-39.785521
-39.785558
-39.785593
-39.785626
-39.785657
-39.785685
-39.785711
-39.785735
-39.785758
-39.785779
-39.785798
-39.785815
-39.785829
-39.785841
-39.78585
-39.785858
-39.785863
-39.785866
-39.785867
-39.785865
-39.785859
-39.785851
-39.78584
-39.785826
-39.78581
-39.785791
-39.785769
-39.785746
-39.78572
-39.785692
-39.785663
-39.785631
-39.785599
-39.785566
-39.785533
-39.7855
-39.785467
-39.785436
-39.785406
-39.785377
-39.785351
-39.785329
-39.785308
-39.785293
-39.78528
-39.785273
-39.78527
-39.785273
-39.785282
-39.785298
-39.785322
-39.785355
-39.785396
-39.785448
-39.785511
-39.785587
-39.785675
-39.785777
-39.785894
-39.786027
-39.786178
-39.786348
-39.786537
-39.786747
-39.786979
-39.787234
-39.787514
-39.787818
-39.788147
-39.788503
-39.788885
-39.789294
-39.789729
-39.790189
-39.790674
-39.791182
-39.791711
-39.79226
-39.792824
-39.793401
-39.793985
-39.794573
-39.795157
-39.795732
-39.796289
-39.796819
-39.797313
-39.797758
-39.798143
-39.798454
-39.798674
-39.798787
-39.798773
-39.798611
-39.798276
-39.797743
-39.796979
-39.795953
-39.794623
-39.792946
-39.790869
-39.78833
-39.785256
-39.781557
-39.777126
-39.771827
-39.765493
-39.757914
-39.748827
-39.737914
-39.724786
-39.708933
-39.689707
-39.666576
-39.639113
-39.604914
-39.559178
-39.507021
-39.449736
-39.333381
-39.738569
-39.738565
-39.738564
-39.738565
-39.738568
-39.738572
-39.738578
-39.738584
-39.738591
-39.738598
-39.738609
-39.738622
-39.738641
-39.738667
-39.738705
-39.73876
-39.738839
-39.738952
-39.739111
-39.73933
-39.739624
-39.740002
-39.740463
-39.740979
-39.741494
-39.741923
-39.742173
-39.742176
-39.741928
-39.741512
-39.741068
-39.740719
-39.740507
-39.740412
-39.7404
-39.740434
-39.740483
-39.740519
-39.740536
-39.740543
-39.740552
-39.74057
-39.740597
-39.740634
-39.740678
-39.740729
-39.740787
-39.74085
-39.740919
-39.740993
-39.741071
-39.741154
-39.74124
-39.74133
-39.741423
-39.741518
-39.741616
-39.741717
-39.741819
-39.741923
-39.742028
-39.742134
-39.742241
-39.742349
-39.742458
-39.742567
-39.742676
-39.742785
-39.742895
-39.743004
-39.743114
-39.743224
-39.743335
-39.743445
-39.743557
-39.743669
-39.743781
-39.743895
-39.74401
-39.744126
-39.744243
-39.744362
-39.744482
-39.744603
-39.744726
-39.74485
-39.744976
-39.745103
-39.745231
-39.745361
-39.745492
-39.745625
-39.74576
-39.745895
-39.746032
-39.74617
-39.746309
-39.746448
-39.746587
-39.746726
-39.746865
-39.747005
-39.747144
-39.747283
-39.747422
-39.747561
-39.7477
-39.747838
-39.747977
-39.748116
-39.748254
-39.748392
-39.74853
-39.748669
-39.748807
-39.748946
-39.749086
-39.749226
-39.749366
-39.749507
-39.749649
-39.749791
-39.749933
-39.750077
-39.750221
-39.750366
-39.750512
-39.750658
-39.750805
-39.750954
-39.751103
-39.751252
-39.751403
-39.751554
-39.751706
-39.751858
-39.75201
-39.752164
-39.752317
-39.752472
-39.752627
-39.752783
-39.752938
-39.753094
-39.753249
-39.753405
-39.753561
-39.753718
-39.753874
-39.754032
-39.754189
-39.754347
-39.754505
-39.754663
-39.754821
-39.75498
-39.755139
-39.755298
-39.755457
-39.755616
-39.755775
-39.755935
-39.756094
-39.756254
-39.756414
-39.756574
-39.756734
-39.756894
-39.757055
-39.757215
-39.757376
-39.757538
-39.757699
-39.757861
-39.758023
-39.758186
-39.758349
-39.758513
-39.758676
-39.758841
-39.759005
-39.75917
-39.759336
-39.759503
-39.75967
-39.759837
-39.760005
-39.760174
-39.760343
-39.760513
-39.760683
-39.760854
-39.761025
-39.761197
-39.761369
-39.761541
-39.761714
-39.761887
-39.762061
-39.762235
-39.762408
-39.762582
-39.762757
-39.762932
-39.763107
-39.763282
-39.763458
-39.763633
-39.763809
-39.763985
-39.764162
-39.764339
-39.764515
-39.764692
-39.764869
-39.765047
-39.765225
-39.765402
-39.765581
-39.765759
-39.765937
-39.766115
-39.766293
-39.766472
-39.766651
-39.76683
-39.767009
-39.767188
-39.767366
-39.767545
-39.767724
-39.767903
-39.768082
-39.76826
-39.768439
-39.768618
-39.768796
-39.768974
-39.769153
-39.769331
-39.769509
-39.769686
-39.769864
-39.770041
-39.770218
-39.770394
-39.770571
-39.770747
-39.770922
-39.771097
-39.771272
-39.771446
-39.77162
-39.771794
-39.771967
-39.77214
-39.772313
-39.772486
-39.772658
-39.772829
-39.773
-39.773171
-39.773341
-39.773511
-39.773681
-39.77385
-39.774019
-39.774186
-39.774354
-39.774521
-39.774687
-39.774852
-39.775017
-39.775182
-39.775346
-39.77551
-39.775672
-39.775835
-39.775996
-39.776157
-39.776317
-39.776477
-39.776636
-39.776795
-39.776954
-39.777113
-39.777271
-39.777429
-39.777587
-39.777744
-39.7779
-39.778056
-39.77821
-39.778364
-39.778517
-39.778668
-39.778818
-39.778968
-39.779116
-39.779263
-39.779409
-39.779555
-39.779699
-39.779841
-39.779983
-39.780124
-39.780263
-39.780402
-39.78054
-39.780677
-39.780812
-39.780947
-39.78108
-39.781211
-39.781341
-39.78147
-39.781597
-39.781724
-39.781848
-39.781971
-39.782092
-39.782212
-39.78233
-39.782446
-39.782561
-39.782675
-39.782787
-39.782898
-39.783008
-39.783116
-39.783223
-39.783328
-39.783432
-39.783535
-39.783636
-39.783735
-39.783833
-39.783929
-39.784023
-39.784116
-39.784207
-39.784296
-39.784383
-39.784468
-39.784549
-39.784629
-39.784707
-39.784782
-39.784856
-39.784926
-39.784994
-39.785059
-39.785121
-39.785181
-39.785238
-39.785292
-39.785343
-39.785391
-39.785436
-39.785479
-39.785518
-39.785555
-39.78559
-39.785623
-39.785654
-39.785682
-39.785708
-39.785733
-39.785755
-39.785776
-39.785795
-39.785812
-39.785826
-39.785838
-39.785847
-39.785855
-39.78586
-39.785863
-39.785864
-39.785862
-39.785856
-39.785848
-39.785837
-39.785823
-39.785807
-39.785788
-39.785767
-39.785744
-39.785717
-39.78569
-39.785661
-39.78563
-39.785598
-39.785566
-39.785533
-39.785501
-39.785468
-39.785437
-39.785407
-39.785379
-39.785354
-39.785332
-39.785312
-39.785298
-39.785286
-39.785279
-39.785277
-39.785281
-39.785291
-39.785308
-39.785333
-39.785366
-39.785409
-39.785462
-39.785527
-39.785603
-39.785692
-39.785796
-39.785914
-39.786049
-39.786202
-39.786373
-39.786563
-39.786775
-39.787008
-39.787264
-39.787545
-39.787849
-39.788179
-39.788535
-39.788918
-39.789325
-39.789759
-39.790218
-39.7907
-39.791206
-39.791732
-39.792276
-39.792835
-39.793406
-39.793983
-39.794562
-39.795137
-39.795701
-39.796246
-39.796762
-39.79724
-39.797667
-39.798032
-39.79832
-39.798515
-39.798599
-39.798551
-39.798352
-39.797974
-39.797392
-39.796572
-39.79548
-39.794074
-39.792308
-39.790126
-39.787465
-39.784246
-39.780378
-39.775749
-39.770219
-39.763616
-39.755727
-39.746289
-39.734985
-39.721426
-39.705119
-39.68545
-39.661883
-39.633834
-39.599152
-39.554431
-39.50345
-39.446528
-39.356091
-39.738566
-39.738562
-39.73856
-39.738561
-39.738564
-39.738568
-39.738573
-39.738579
-39.738585
-39.738593
-39.738602
-39.738614
-39.738632
-39.738657
-39.738694
-39.738747
-39.738824
-39.738935
-39.739092
-39.73931
-39.739602
-39.739979
-39.740436
-39.740948
-39.741457
-39.74188
-39.742124
-39.742125
-39.741884
-39.741485
-39.741066
-39.74074
-39.740541
-39.740446
-39.740425
-39.740451
-39.740493
-39.740526
-39.740541
-39.740547
-39.740555
-39.740572
-39.740599
-39.740635
-39.740679
-39.74073
-39.740788
-39.740851
-39.74092
-39.740993
-39.741071
-39.741154
-39.74124
-39.741329
-39.741422
-39.741518
-39.741616
-39.741716
-39.741818
-39.741922
-39.742027
-39.742133
-39.74224
-39.742348
-39.742457
-39.742565
-39.742675
-39.742784
-39.742894
-39.743004
-39.743114
-39.743224
-39.743334
-39.743445
-39.743557
-39.743669
-39.743782
-39.743896
-39.744011
-39.744127
-39.744245
-39.744363
-39.744484
-39.744605
-39.744728
-39.744852
-39.744978
-39.745105
-39.745233
-39.745363
-39.745494
-39.745627
-39.745761
-39.745896
-39.746033
-39.746171
-39.746309
-39.746448
-39.746587
-39.746727
-39.746866
-39.747005
-39.747144
-39.747283
-39.747422
-39.747561
-39.7477
-39.747838
-39.747977
-39.748116
-39.748254
-39.748392
-39.74853
-39.748669
-39.748808
-39.748947
-39.749087
-39.749227
-39.749367
-39.749508
-39.74965
-39.749792
-39.749934
-39.750078
-39.750222
-39.750367
-39.750513
-39.750659
-39.750806
-39.750955
-39.751104
-39.751253
-39.751404
-39.751555
-39.751706
-39.751858
-39.752011
-39.752164
-39.752318
-39.752473
-39.752628
-39.752783
-39.752939
-39.753094
-39.75325
-39.753405
-39.753561
-39.753718
-39.753875
-39.754032
-39.75419
-39.754347
-39.754505
-39.754663
-39.754822
-39.754981
-39.75514
-39.755299
-39.755458
-39.755617
-39.755776
-39.755936
-39.756095
-39.756255
-39.756414
-39.756574
-39.756734
-39.756895
-39.757055
-39.757216
-39.757377
-39.757538
-39.7577
-39.757862
-39.758024
-39.758187
-39.75835
-39.758513
-39.758677
-39.758841
-39.759006
-39.759171
-39.759337
-39.759504
-39.75967
-39.759838
-39.760006
-39.760175
-39.760344
-39.760514
-39.760684
-39.760855
-39.761026
-39.761197
-39.761369
-39.761542
-39.761715
-39.761888
-39.762062
-39.762235
-39.762409
-39.762583
-39.762757
-39.762932
-39.763107
-39.763283
-39.763458
-39.763634
-39.76381
-39.763986
-39.764162
-39.764339
-39.764516
-39.764693
-39.76487
-39.765047
-39.765225
-39.765403
-39.765581
-39.765759
-39.765937
-39.766115
-39.766294
-39.766472
-39.766651
-39.76683
-39.767009
-39.767188
-39.767367
-39.767545
-39.767724
-39.767903
-39.768082
-39.768261
-39.768439
-39.768618
-39.768796
-39.768975
-39.769153
-39.769331
-39.769509
-39.769686
-39.769864
-39.770041
-39.770218
-39.770394
-39.770571
-39.770747
-39.770922
-39.771097
-39.771272
-39.771447
-39.77162
-39.771794
-39.771967
-39.772141
-39.772314
-39.772486
-39.772658
-39.772829
-39.773
-39.773171
-39.773341
-39.773511
-39.773681
-39.77385
-39.774018
-39.774186
-39.774353
-39.77452
-39.774686
-39.774852
-39.775017
-39.775182
-39.775346
-39.775509
-39.775672
-39.775834
-39.775996
-39.776156
-39.776317
-39.776476
-39.776636
-39.776795
-39.776953
-39.777112
-39.77727
-39.777428
-39.777586
-39.777743
-39.777899
-39.778055
-39.77821
-39.778363
-39.778516
-39.778667
-39.778817
-39.778967
-39.779115
-39.779262
-39.779408
-39.779553
-39.779697
-39.77984
-39.779982
-39.780122
-39.780262
-39.780401
-39.780539
-39.780676
-39.780811
-39.780946
-39.781079
-39.78121
-39.78134
-39.781469
-39.781596
-39.781722
-39.781847
-39.78197
-39.782091
-39.782211
-39.782328
-39.782445
-39.78256
-39.782673
-39.782786
-39.782897
-39.783006
-39.783114
-39.783221
-39.783327
-39.783431
-39.783534
-39.783635
-39.783734
-39.783831
-39.783928
-39.784022
-39.784114
-39.784205
-39.784294
-39.784381
-39.784466
-39.784547
-39.784626
-39.784704
-39.784779
-39.784853
-39.784923
-39.784991
-39.785056
-39.785118
-39.785178
-39.785235
-39.785289
-39.78534
-39.785388
-39.785433
-39.785476
-39.785516
-39.785553
-39.785588
-39.785621
-39.785652
-39.78568
-39.785706
-39.78573
-39.785753
-39.785774
-39.785793
-39.785809
-39.785823
-39.785835
-39.785844
-39.785852
-39.785857
-39.78586
-39.785861
-39.785859
-39.785853
-39.785845
-39.785834
-39.78582
-39.785804
-39.785786
-39.785764
-39.785741
-39.785716
-39.785688
-39.78566
-39.785629
-39.785597
-39.785566
-39.785533
-39.785501
-39.785469
-39.785438
-39.785409
-39.785382
-39.785357
-39.785336
-39.785316
-39.785302
-39.785291
-39.785285
-39.785284
-39.785289
-39.7853
-39.785318
-39.785343
-39.785378
-39.785422
-39.785476
-39.785541
-39.785619
-39.785709
-39.785814
-39.785934
-39.78607
-39.786224
-39.786397
-39.786589
-39.786801
-39.787036
-39.787293
-39.787574
-39.787879
-39.78821
-39.788566
-39.788948
-39.789355
-39.789788
-39.790245
-39.790726
-39.791229
-39.791751
-39.792291
-39.792846
-39.793411
-39.793981
-39.794553
-39.795119
-39.795672
-39.796205
-39.796708
-39.79717
-39.797581
-39.797927
-39.798193
-39.798363
-39.798419
-39.79834
-39.798105
-39.797686
-39.797057
-39.796183
-39.795028
-39.793549
-39.791697
-39.789416
-39.786637
-39.783281
-39.779252
-39.774433
-39.768682
-39.761824
-39.753644
-39.743877
-39.732208
-39.718254
-39.701535
-39.681474
-39.657536
-39.629061
-39.5942
-39.550602
-39.501184
-39.446564
-39.375615
-39.738564
-39.738559
-39.738557
-39.738557
-39.738559
-39.738564
-39.738569
-39.738574
-39.73858
-39.738587
-39.738596
-39.738607
-39.738624
-39.738648
-39.738683
-39.738735
-39.73881
-39.738919
-39.739074
-39.73929
-39.739579
-39.739953
-39.740405
-39.74091
-39.74141
-39.741823
-39.74206
-39.742061
-39.74183
-39.741453
-39.741065
-39.740766
-39.740581
-39.740486
-39.740455
-39.740469
-39.740503
-39.740532
-39.740545
-39.74055
-39.740557
-39.740574
-39.740601
-39.740637
-39.740681
-39.740732
-39.740789
-39.740852
-39.74092
-39.740994
-39.741072
-39.741154
-39.74124
-39.741329
-39.741422
-39.741517
-39.741615
-39.741715
-39.741817
-39.741921
-39.742026
-39.742132
-39.742239
-39.742347
-39.742455
-39.742564
-39.742674
-39.742783
-39.742893
-39.743003
-39.743113
-39.743224
-39.743334
-39.743445
-39.743557
-39.743669
-39.743783
-39.743897
-39.744012
-39.744128
-39.744246
-39.744365
-39.744485
-39.744607
-39.74473
-39.744854
-39.744979
-39.745106
-39.745235
-39.745364
-39.745495
-39.745628
-39.745762
-39.745898
-39.746034
-39.746172
-39.74631
-39.746449
-39.746588
-39.746727
-39.746866
-39.747005
-39.747144
-39.747283
-39.747422
-39.747561
-39.747699
-39.747838
-39.747977
-39.748116
-39.748254
-39.748392
-39.748531
-39.748669
-39.748808
-39.748947
-39.749087
-39.749227
-39.749368
-39.749509
-39.74965
-39.749792
-39.749935
-39.750079
-39.750223
-39.750368
-39.750513
-39.75066
-39.750807
-39.750955
-39.751104
-39.751254
-39.751405
-39.751555
-39.751707
-39.751859
-39.752011
-39.752165
-39.752318
-39.752473
-39.752628
-39.752784
-39.752939
-39.753095
-39.75325
-39.753406
-39.753562
-39.753718
-39.753875
-39.754032
-39.75419
-39.754347
-39.754505
-39.754663
-39.754822
-39.754981
-39.75514
-39.755299
-39.755458
-39.755617
-39.755776
-39.755936
-39.756095
-39.756255
-39.756415
-39.756574
-39.756735
-39.756895
-39.757056
-39.757216
-39.757378
-39.757539
-39.757701
-39.757863
-39.758025
-39.758187
-39.75835
-39.758514
-39.758678
-39.758842
-39.759007
-39.759172
-39.759338
-39.759504
-39.759671
-39.759839
-39.760007
-39.760175
-39.760345
-39.760514
-39.760685
-39.760855
-39.761026
-39.761198
-39.76137
-39.761543
-39.761715
-39.761889
-39.762062
-39.762236
-39.76241
-39.762584
-39.762758
-39.762933
-39.763108
-39.763283
-39.763459
-39.763634
-39.76381
-39.763986
-39.764163
-39.764339
-39.764516
-39.764693
-39.76487
-39.765048
-39.765225
-39.765403
-39.765581
-39.765759
-39.765937
-39.766116
-39.766294
-39.766473
-39.766651
-39.76683
-39.767009
-39.767188
-39.767367
-39.767546
-39.767725
-39.767903
-39.768082
-39.768261
-39.76844
-39.768618
-39.768797
-39.768975
-39.769153
-39.769331
-39.769509
-39.769687
-39.769864
-39.770041
-39.770218
-39.770395
-39.770571
-39.770747
-39.770922
-39.771098
-39.771272
-39.771447
-39.771621
-39.771794
-39.771967
-39.772141
-39.772314
-39.772486
-39.772658
-39.772829
-39.773
-39.77317
-39.773341
-39.773511
-39.77368
-39.77385
-39.774018
-39.774186
-39.774353
-39.77452
-39.774686
-39.774851
-39.775017
-39.775181
-39.775346
-39.775509
-39.775672
-39.775834
-39.775995
-39.776156
-39.776316
-39.776476
-39.776635
-39.776794
-39.776953
-39.777111
-39.77727
-39.777427
-39.777585
-39.777742
-39.777898
-39.778054
-39.778209
-39.778362
-39.778515
-39.778666
-39.778816
-39.778966
-39.779114
-39.779261
-39.779407
-39.779553
-39.779696
-39.779839
-39.779981
-39.780121
-39.780261
-39.7804
-39.780538
-39.780675
-39.78081
-39.780945
-39.781077
-39.781209
-39.781339
-39.781467
-39.781595
-39.781721
-39.781846
-39.781969
-39.78209
-39.782209
-39.782327
-39.782443
-39.782558
-39.782672
-39.782784
-39.782895
-39.783005
-39.783113
-39.78322
-39.783326
-39.78343
-39.783532
-39.783633
-39.783733
-39.78383
-39.783926
-39.784021
-39.784113
-39.784204
-39.784292
-39.784379
-39.784463
-39.784545
-39.784624
-39.784702
-39.784777
-39.78485
-39.78492
-39.784988
-39.785053
-39.785115
-39.785175
-39.785232
-39.785286
-39.785337
-39.785385
-39.78543
-39.785473
-39.785513
-39.78555
-39.785586
-39.785618
-39.785649
-39.785677
-39.785703
-39.785728
-39.78575
-39.785771
-39.78579
-39.785806
-39.785821
-39.785832
-39.785842
-39.785849
-39.785855
-39.785857
-39.785858
-39.785856
-39.78585
-39.785842
-39.785831
-39.785818
-39.785802
-39.785783
-39.785762
-39.785739
-39.785714
-39.785687
-39.785658
-39.785628
-39.785597
-39.785565
-39.785533
-39.785501
-39.78547
-39.785439
-39.785411
-39.785384
-39.78536
-39.785339
-39.78532
-39.785306
-39.785296
-39.785291
-39.78529
-39.785296
-39.785308
-39.785326
-39.785353
-39.785388
-39.785433
-39.785489
-39.785555
-39.785634
-39.785726
-39.785832
-39.785953
-39.78609
-39.786246
-39.786419
-39.786612
-39.786826
-39.787062
-39.78732
-39.787602
-39.787908
-39.788239
-39.788595
-39.788977
-39.789384
-39.789815
-39.790271
-39.79075
-39.79125
-39.79177
-39.792306
-39.792856
-39.793415
-39.79398
-39.794544
-39.795101
-39.795645
-39.796166
-39.796657
-39.797105
-39.7975
-39.797827
-39.798072
-39.798219
-39.798249
-39.79814
-39.797871
-39.797413
-39.796739
-39.795813
-39.794598
-39.793049
-39.791116
-39.788739
-39.785849
-39.782361
-39.778178
-39.773179
-39.76722
-39.760121
-39.751667
-39.741592
-39.729585
-39.715268
-39.698179
-39.677774
-39.653532
-39.624772
-39.589964
-39.547564
-39.499992
-39.448615
-39.392409
-39.738561
-39.738556
-39.738553
-39.738553
-39.738555
-39.738559
-39.738564
-39.738569
-39.738575
-39.738581
-39.738589
-39.7386
-39.738616
-39.738639
-39.738673
-39.738723
-39.738796
-39.738903
-39.739056
-39.739269
-39.739555
-39.739924
-39.740369
-39.740865
-39.741354
-39.741755
-39.741984
-39.741984
-39.741766
-39.741417
-39.741064
-39.740796
-39.740626
-39.74053
-39.740487
-39.740488
-39.740513
-39.740537
-39.740548
-39.740552
-39.740559
-39.740576
-39.740603
-39.740639
-39.740683
-39.740734
-39.740791
-39.740853
-39.740922
-39.740995
-39.741073
-39.741155
-39.74124
-39.74133
-39.741422
-39.741517
-39.741615
-39.741715
-39.741817
-39.74192
-39.742025
-39.742131
-39.742238
-39.742346
-39.742455
-39.742564
-39.742673
-39.742783
-39.742893
-39.743003
-39.743113
-39.743223
-39.743334
-39.743446
-39.743557
-39.74367
-39.743783
-39.743898
-39.744013
-39.744129
-39.744247
-39.744366
-39.744487
-39.744608
-39.744731
-39.744855
-39.744981
-39.745108
-39.745236
-39.745366
-39.745497
-39.745629
-39.745763
-39.745899
-39.746035
-39.746173
-39.746311
-39.746449
-39.746588
-39.746727
-39.746866
-39.747005
-39.747144
-39.747283
-39.747422
-39.747561
-39.747699
-39.747838
-39.747977
-39.748116
-39.748254
-39.748392
-39.748531
-39.74867
-39.748808
-39.748948
-39.749088
-39.749228
-39.749368
-39.74951
-39.749651
-39.749793
-39.749936
-39.750079
-39.750224
-39.750369
-39.750514
-39.750661
-39.750808
-39.750956
-39.751105
-39.751255
-39.751405
-39.751556
-39.751708
-39.75186
-39.752012
-39.752165
-39.752319
-39.752474
-39.752629
-39.752784
-39.75294
-39.753095
-39.753251
-39.753406
-39.753562
-39.753719
-39.753875
-39.754033
-39.75419
-39.754348
-39.754506
-39.754664
-39.754822
-39.754981
-39.75514
-39.755299
-39.755459
-39.755618
-39.755777
-39.755937
-39.756096
-39.756255
-39.756415
-39.756575
-39.756735
-39.756896
-39.757056
-39.757217
-39.757378
-39.75754
-39.757701
-39.757863
-39.758025
-39.758188
-39.758351
-39.758514
-39.758678
-39.758843
-39.759007
-39.759173
-39.759338
-39.759505
-39.759672
-39.759839
-39.760007
-39.760176
-39.760345
-39.760515
-39.760685
-39.760856
-39.761027
-39.761199
-39.761371
-39.761543
-39.761716
-39.761889
-39.762063
-39.762237
-39.762411
-39.762585
-39.762759
-39.762934
-39.763109
-39.763284
-39.763459
-39.763635
-39.763811
-39.763987
-39.764163
-39.76434
-39.764517
-39.764693
-39.764871
-39.765048
-39.765226
-39.765404
-39.765582
-39.76576
-39.765938
-39.766116
-39.766294
-39.766473
-39.766652
-39.766831
-39.76701
-39.767188
-39.767367
-39.767546
-39.767725
-39.767904
-39.768083
-39.768261
-39.76844
-39.768618
-39.768797
-39.768975
-39.769154
-39.769331
-39.76951
-39.769687
-39.769864
-39.770041
-39.770218
-39.770395
-39.770571
-39.770747
-39.770923
-39.771098
-39.771273
-39.771447
-39.771621
-39.771794
-39.771968
-39.772141
-39.772314
-39.772486
-39.772658
-39.772829
-39.773
-39.77317
-39.77334
-39.773511
-39.77368
-39.773849
-39.774018
-39.774186
-39.774353
-39.77452
-39.774686
-39.774851
-39.775016
-39.775181
-39.775345
-39.775508
-39.775671
-39.775833
-39.775995
-39.776155
-39.776316
-39.776475
-39.776635
-39.776794
-39.776952
-39.777111
-39.777269
-39.777427
-39.777584
-39.777742
-39.777898
-39.778053
-39.778208
-39.778361
-39.778514
-39.778665
-39.778816
-39.778965
-39.779113
-39.77926
-39.779407
-39.779552
-39.779696
-39.779838
-39.77998
-39.78012
-39.78026
-39.780399
-39.780537
-39.780674
-39.780809
-39.780943
-39.781076
-39.781208
-39.781337
-39.781466
-39.781594
-39.78172
-39.781845
-39.781968
-39.782089
-39.782208
-39.782326
-39.782442
-39.782557
-39.782671
-39.782783
-39.782894
-39.783004
-39.783112
-39.783219
-39.783324
-39.783429
-39.783531
-39.783632
-39.783731
-39.783829
-39.783925
-39.784019
-39.784112
-39.784202
-39.784291
-39.784377
-39.784461
-39.784543
-39.784622
-39.784699
-39.784774
-39.784847
-39.784918
-39.784985
-39.78505
-39.785113
-39.785172
-39.785229
-39.785283
-39.785334
-39.785383
-39.785428
-39.785471
-39.785511
-39.785548
-39.785583
-39.785616
-39.785647
-39.785675
-39.785701
-39.785726
-39.785748
-39.785769
-39.785788
-39.785804
-39.785818
-39.78583
-39.785839
-39.785847
-39.785852
-39.785855
-39.785855
-39.785853
-39.785847
-39.785839
-39.785829
-39.785815
-39.785799
-39.785781
-39.78576
-39.785737
-39.785712
-39.785685
-39.785657
-39.785627
-39.785596
-39.785565
-39.785533
-39.785502
-39.785471
-39.785441
-39.785412
-39.785386
-39.785362
-39.785342
-39.785324
-39.78531
-39.785301
-39.785296
-39.785296
-39.785303
-39.785315
-39.785335
-39.785362
-39.785398
-39.785444
-39.785501
-39.785568
-39.785648
-39.785741
-39.785848
-39.78597
-39.786109
-39.786266
-39.786441
-39.786635
-39.78685
-39.787087
-39.787346
-39.787628
-39.787935
-39.788266
-39.788622
-39.789004
-39.789411
-39.789841
-39.790296
-39.790773
-39.791271
-39.791787
-39.79232
-39.792866
-39.79342
-39.793978
-39.794536
-39.795085
-39.79562
-39.79613
-39.796609
-39.797043
-39.797423
-39.797733
-39.797959
-39.798084
-39.798088
-39.797951
-39.79765
-39.797155
-39.796438
-39.795463
-39.79419
-39.792576
-39.790565
-39.788097
-39.7851
-39.781488
-39.777159
-39.77199
-39.765834
-39.758509
-39.749797
-39.739435
-39.727115
-39.712466
-39.695046
-39.674346
-39.649858
-39.620936
-39.586357
-39.545205
-39.499654
-39.451881
-39.406885
-39.738559
-39.738553
-39.73855
-39.738549
-39.738551
-39.738554
-39.738559
-39.738564
-39.73857
-39.738576
-39.738584
-39.738594
-39.738609
-39.73863
-39.738663
-39.738711
-39.738783
-39.738888
-39.739039
-39.739248
-39.73953
-39.739893
-39.74033
-39.740815
-39.74129
-39.741678
-39.741897
-39.741898
-39.741695
-39.741377
-39.741063
-39.740828
-39.740675
-39.740576
-39.74052
-39.740506
-39.740521
-39.74054
-39.74055
-39.740554
-39.740562
-39.740578
-39.740605
-39.740642
-39.740685
-39.740736
-39.740793
-39.740855
-39.740923
-39.740996
-39.741074
-39.741155
-39.741241
-39.74133
-39.741423
-39.741518
-39.741615
-39.741715
-39.741817
-39.74192
-39.742025
-39.742131
-39.742238
-39.742346
-39.742454
-39.742563
-39.742673
-39.742782
-39.742892
-39.743002
-39.743113
-39.743223
-39.743334
-39.743446
-39.743558
-39.74367
-39.743784
-39.743898
-39.744014
-39.74413
-39.744249
-39.744367
-39.744488
-39.74461
-39.744733
-39.744857
-39.744983
-39.745109
-39.745238
-39.745367
-39.745498
-39.745631
-39.745764
-39.7459
-39.746036
-39.746173
-39.746311
-39.74645
-39.746589
-39.746728
-39.746866
-39.747005
-39.747144
-39.747283
-39.747422
-39.747561
-39.747699
-39.747838
-39.747977
-39.748116
-39.748254
-39.748393
-39.748531
-39.74867
-39.748809
-39.748948
-39.749088
-39.749228
-39.749369
-39.74951
-39.749652
-39.749794
-39.749937
-39.75008
-39.750224
-39.750369
-39.750515
-39.750661
-39.750809
-39.750957
-39.751106
-39.751256
-39.751406
-39.751557
-39.751708
-39.75186
-39.752013
-39.752166
-39.75232
-39.752474
-39.752629
-39.752785
-39.75294
-39.753096
-39.753251
-39.753407
-39.753563
-39.753719
-39.753876
-39.754033
-39.75419
-39.754348
-39.754506
-39.754664
-39.754823
-39.754982
-39.755141
-39.7553
-39.755459
-39.755618
-39.755777
-39.755937
-39.756096
-39.756256
-39.756415
-39.756575
-39.756736
-39.756896
-39.757057
-39.757218
-39.757379
-39.75754
-39.757702
-39.757864
-39.758026
-39.758189
-39.758351
-39.758515
-39.758679
-39.758843
-39.759008
-39.759173
-39.759339
-39.759506
-39.759672
-39.75984
-39.760008
-39.760177
-39.760346
-39.760516
-39.760686
-39.760857
-39.761028
-39.761199
-39.761371
-39.761544
-39.761717
-39.76189
-39.762064
-39.762237
-39.762411
-39.762585
-39.76276
-39.762934
-39.76311
-39.763285
-39.76346
-39.763636
-39.763811
-39.763988
-39.764164
-39.76434
-39.764517
-39.764694
-39.764871
-39.765048
-39.765226
-39.765404
-39.765582
-39.76576
-39.765938
-39.766116
-39.766295
-39.766473
-39.766652
-39.766831
-39.76701
-39.767189
-39.767368
-39.767546
-39.767725
-39.767904
-39.768083
-39.768262
-39.76844
-39.768619
-39.768797
-39.768975
-39.769154
-39.769332
-39.76951
-39.769687
-39.769865
-39.770042
-39.770219
-39.770395
-39.770572
-39.770747
-39.770923
-39.771098
-39.771273
-39.771447
-39.771621
-39.771794
-39.771968
-39.772141
-39.772314
-39.772486
-39.772658
-39.772829
-39.773
-39.77317
-39.77334
-39.77351
-39.77368
-39.773849
-39.774017
-39.774185
-39.774353
-39.774519
-39.774685
-39.774851
-39.775016
-39.775181
-39.775345
-39.775508
-39.775671
-39.775833
-39.775994
-39.776155
-39.776315
-39.776475
-39.776634
-39.776793
-39.776952
-39.77711
-39.777268
-39.777426
-39.777584
-39.777741
-39.777897
-39.778052
-39.778207
-39.778361
-39.778513
-39.778665
-39.778815
-39.778964
-39.779112
-39.77926
-39.779406
-39.779551
-39.779695
-39.779837
-39.779979
-39.78012
-39.78026
-39.780399
-39.780536
-39.780673
-39.780808
-39.780943
-39.781075
-39.781206
-39.781336
-39.781465
-39.781593
-39.781719
-39.781844
-39.781967
-39.782088
-39.782207
-39.782325
-39.782441
-39.782556
-39.78267
-39.782782
-39.782893
-39.783002
-39.783111
-39.783218
-39.783323
-39.783428
-39.78353
-39.783631
-39.78373
-39.783828
-39.783924
-39.784018
-39.78411
-39.784201
-39.784289
-39.784376
-39.78446
-39.784541
-39.78462
-39.784697
-39.784772
-39.784845
-39.784915
-39.784982
-39.785048
-39.78511
-39.78517
-39.785227
-39.78528
-39.785332
-39.78538
-39.785426
-39.785468
-39.785508
-39.785546
-39.785581
-39.785614
-39.785645
-39.785673
-39.785699
-39.785724
-39.785746
-39.785767
-39.785785
-39.785802
-39.785816
-39.785827
-39.785837
-39.785844
-39.78585
-39.785852
-39.785853
-39.785851
-39.785845
-39.785837
-39.785826
-39.785813
-39.785797
-39.785779
-39.785758
-39.785735
-39.78571
-39.785684
-39.785656
-39.785626
-39.785595
-39.785564
-39.785533
-39.785502
-39.785471
-39.785442
-39.785414
-39.785388
-39.785365
-39.785345
-39.785327
-39.785314
-39.785305
-39.785301
-39.785302
-39.785309
-39.785322
-39.785343
-39.785371
-39.785408
-39.785455
-39.785512
-39.785581
-39.785661
-39.785755
-39.785864
-39.785987
-39.786127
-39.786285
-39.786461
-39.786656
-39.786872
-39.78711
-39.78737
-39.787653
-39.78796
-39.788292
-39.788648
-39.78903
-39.789436
-39.789866
-39.790319
-39.790795
-39.79129
-39.791804
-39.792334
-39.792875
-39.793425
-39.793978
-39.794528
-39.79507
-39.795596
-39.796097
-39.796564
-39.796986
-39.797351
-39.797645
-39.797852
-39.797957
-39.797938
-39.797774
-39.797441
-39.796912
-39.796154
-39.795133
-39.793806
-39.792129
-39.790045
-39.787491
-39.784394
-39.780664
-39.776197
-39.770868
-39.764525
-39.756988
-39.748036
-39.737407
-39.724798
-39.709848
-39.692132
-39.671177
-39.646504
-39.617522
-39.583301
-39.543421
-39.499969
-39.455835
-39.41939
-39.738556
-39.73855
-39.738546
-39.738545
-39.738546
-39.73855
-39.738554
-39.738559
-39.738565
-39.738571
-39.738578
-39.738588
-39.738602
-39.738623
-39.738654
-39.738701
-39.738771
-39.738874
-39.739022
-39.739228
-39.739505
-39.73986
-39.740288
-39.74076
-39.74122
-39.741593
-39.741802
-39.741804
-39.741619
-39.741336
-39.741064
-39.740862
-39.740724
-39.740623
-39.740554
-39.740525
-39.740528
-39.740542
-39.740551
-39.740555
-39.740564
-39.740581
-39.740608
-39.740644
-39.740688
-39.740738
-39.740795
-39.740857
-39.740925
-39.740998
-39.741075
-39.741157
-39.741242
-39.741331
-39.741423
-39.741518
-39.741616
-39.741715
-39.741817
-39.74192
-39.742025
-39.742131
-39.742238
-39.742346
-39.742454
-39.742563
-39.742672
-39.742782
-39.742892
-39.743002
-39.743113
-39.743223
-39.743335
-39.743446
-39.743558
-39.743671
-39.743785
-39.743899
-39.744015
-39.744131
-39.74425
-39.744369
-39.744489
-39.744611
-39.744734
-39.744858
-39.744984
-39.745111
-39.745239
-39.745368
-39.745499
-39.745632
-39.745766
-39.745901
-39.746037
-39.746174
-39.746312
-39.74645
-39.746589
-39.746728
-39.746867
-39.747005
-39.747144
-39.747283
-39.747422
-39.747561
-39.7477
-39.747838
-39.747977
-39.748116
-39.748254
-39.748393
-39.748531
-39.74867
-39.748809
-39.748949
-39.749089
-39.749229
-39.74937
-39.749511
-39.749653
-39.749795
-39.749938
-39.750081
-39.750225
-39.75037
-39.750516
-39.750662
-39.75081
-39.750958
-39.751107
-39.751256
-39.751407
-39.751558
-39.751709
-39.751861
-39.752013
-39.752166
-39.75232
-39.752475
-39.75263
-39.752785
-39.752941
-39.753096
-39.753252
-39.753407
-39.753563
-39.753719
-39.753876
-39.754033
-39.754191
-39.754348
-39.754506
-39.754664
-39.754823
-39.754982
-39.755141
-39.7553
-39.755459
-39.755619
-39.755778
-39.755937
-39.756097
-39.756256
-39.756416
-39.756576
-39.756736
-39.756897
-39.757057
-39.757218
-39.757379
-39.757541
-39.757703
-39.757864
-39.758027
-39.758189
-39.758352
-39.758516
-39.75868
-39.758844
-39.759009
-39.759174
-39.75934
-39.759506
-39.759673
-39.75984
-39.760008
-39.760177
-39.760347
-39.760516
-39.760687
-39.760857
-39.761028
-39.7612
-39.761372
-39.761545
-39.761717
-39.761891
-39.762064
-39.762238
-39.762412
-39.762586
-39.76276
-39.762935
-39.76311
-39.763285
-39.763461
-39.763636
-39.763812
-39.763988
-39.764164
-39.764341
-39.764517
-39.764694
-39.764871
-39.765049
-39.765227
-39.765404
-39.765582
-39.76576
-39.765939
-39.766117
-39.766295
-39.766474
-39.766653
-39.766831
-39.76701
-39.767189
-39.767368
-39.767547
-39.767726
-39.767904
-39.768083
-39.768262
-39.76844
-39.768619
-39.768798
-39.768976
-39.769154
-39.769332
-39.76951
-39.769688
-39.769865
-39.770042
-39.770219
-39.770395
-39.770572
-39.770748
-39.770923
-39.771098
-39.771273
-39.771447
-39.771621
-39.771795
-39.771968
-39.772141
-39.772314
-39.772486
-39.772658
-39.772829
-39.773
-39.77317
-39.77334
-39.77351
-39.77368
-39.773849
-39.774017
-39.774185
-39.774352
-39.774519
-39.774685
-39.774851
-39.775016
-39.775181
-39.775345
-39.775508
-39.775671
-39.775833
-39.775994
-39.776155
-39.776315
-39.776475
-39.776634
-39.776793
-39.776951
-39.77711
-39.777268
-39.777426
-39.777583
-39.77774
-39.777896
-39.778052
-39.778207
-39.77836
-39.778512
-39.778664
-39.778814
-39.778963
-39.779112
-39.779259
-39.779405
-39.77955
-39.779694
-39.779837
-39.779978
-39.780119
-39.780259
-39.780398
-39.780536
-39.780672
-39.780808
-39.780942
-39.781074
-39.781206
-39.781335
-39.781464
-39.781592
-39.781718
-39.781843
-39.781966
-39.782087
-39.782206
-39.782324
-39.78244
-39.782555
-39.782669
-39.782781
-39.782892
-39.783001
-39.78311
-39.783217
-39.783322
-39.783426
-39.783529
-39.78363
-39.783729
-39.783827
-39.783923
-39.784017
-39.784109
-39.784199
-39.784288
-39.784374
-39.784458
-39.784539
-39.784618
-39.784695
-39.78477
-39.784843
-39.784913
-39.78498
-39.785045
-39.785108
-39.785167
-39.785224
-39.785278
-39.785329
-39.785378
-39.785423
-39.785466
-39.785506
-39.785544
-39.785579
-39.785612
-39.785643
-39.785671
-39.785697
-39.785722
-39.785744
-39.785765
-39.785783
-39.7858
-39.785813
-39.785825
-39.785834
-39.785842
-39.785847
-39.78585
-39.78585
-39.785848
-39.785842
-39.785834
-39.785824
-39.785811
-39.785795
-39.785777
-39.785756
-39.785734
-39.785709
-39.785682
-39.785654
-39.785625
-39.785595
-39.785564
-39.785533
-39.785502
-39.785472
-39.785443
-39.785415
-39.78539
-39.785367
-39.785347
-39.78533
-39.785318
-39.785309
-39.785306
-39.785307
-39.785315
-39.785329
-39.78535
-39.785379
-39.785417
-39.785465
-39.785523
-39.785592
-39.785674
-39.785769
-39.785878
-39.786003
-39.786144
-39.786303
-39.78648
-39.786676
-39.786893
-39.787132
-39.787393
-39.787677
-39.787984
-39.788316
-39.788673
-39.789054
-39.78946
-39.789889
-39.790342
-39.790815
-39.791309
-39.791821
-39.792347
-39.792884
-39.793429
-39.793977
-39.794522
-39.795056
-39.795574
-39.796066
-39.796523
-39.796933
-39.797284
-39.797563
-39.797753
-39.797838
-39.797797
-39.797608
-39.797247
-39.796684
-39.795888
-39.794823
-39.793446
-39.791709
-39.789556
-39.786922
-39.78373
-39.779888
-39.775292
-39.769812
-39.763296
-39.75556
-39.746385
-39.735509
-39.722635
-39.707411
-39.689434
-39.668262
-39.643455
-39.614497
-39.580724
-39.542115
-39.500765
-39.460123
-39.430217
-39.738554
-39.738547
-39.738543
-39.738541
-39.738542
-39.738545
-39.738549
-39.738554
-39.73856
-39.738565
-39.738573
-39.738582
-39.738595
-39.738615
-39.738646
-39.738691
-39.73876
-39.738861
-39.739005
-39.739207
-39.739479
-39.739827
-39.740244
-39.740701
-39.741145
-39.741502
-39.741701
-39.741705
-39.741541
-39.741295
-39.741065
-39.740897
-39.740773
-39.740669
-39.740586
-39.740542
-39.740534
-39.740542
-39.74055
-39.740556
-39.740566
-39.740584
-39.740611
-39.740647
-39.740691
-39.740741
-39.740797
-39.74086
-39.740927
-39.741
-39.741077
-39.741158
-39.741244
-39.741332
-39.741424
-39.741519
-39.741617
-39.741716
-39.741818
-39.741921
-39.742025
-39.742131
-39.742238
-39.742346
-39.742454
-39.742563
-39.742672
-39.742782
-39.742892
-39.743002
-39.743113
-39.743224
-39.743335
-39.743447
-39.743559
-39.743672
-39.743785
-39.7439
-39.744016
-39.744133
-39.744251
-39.74437
-39.744491
-39.744612
-39.744736
-39.74486
-39.744985
-39.745112
-39.74524
-39.74537
-39.745501
-39.745633
-39.745767
-39.745902
-39.746038
-39.746175
-39.746313
-39.746451
-39.74659
-39.746728
-39.746867
-39.747006
-39.747144
-39.747283
-39.747422
-39.747561
-39.7477
-39.747839
-39.747977
-39.748116
-39.748255
-39.748393
-39.748532
-39.748671
-39.74881
-39.748949
-39.749089
-39.74923
-39.74937
-39.749512
-39.749653
-39.749795
-39.749938
-39.750082
-39.750226
-39.750371
-39.750517
-39.750663
-39.75081
-39.750958
-39.751107
-39.751257
-39.751407
-39.751558
-39.751709
-39.751861
-39.752014
-39.752167
-39.752321
-39.752475
-39.75263
-39.752786
-39.752941
-39.753097
-39.753252
-39.753408
-39.753563
-39.75372
-39.753876
-39.754034
-39.754191
-39.754349
-39.754507
-39.754665
-39.754823
-39.754982
-39.755141
-39.755301
-39.75546
-39.755619
-39.755778
-39.755938
-39.756097
-39.756257
-39.756416
-39.756576
-39.756737
-39.756897
-39.757058
-39.757219
-39.75738
-39.757541
-39.757703
-39.757865
-39.758027
-39.75819
-39.758353
-39.758516
-39.75868
-39.758844
-39.759009
-39.759175
-39.75934
-39.759507
-39.759674
-39.759841
-39.760009
-39.760178
-39.760347
-39.760517
-39.760687
-39.760858
-39.761029
-39.761201
-39.761373
-39.761545
-39.761718
-39.761891
-39.762065
-39.762239
-39.762413
-39.762587
-39.762761
-39.762936
-39.763111
-39.763286
-39.763461
-39.763637
-39.763813
-39.763989
-39.764165
-39.764341
-39.764518
-39.764695
-39.764872
-39.765049
-39.765227
-39.765405
-39.765583
-39.765761
-39.765939
-39.766117
-39.766296
-39.766474
-39.766653
-39.766832
-39.767011
-39.767189
-39.767368
-39.767547
-39.767726
-39.767905
-39.768083
-39.768262
-39.768441
-39.768619
-39.768798
-39.768976
-39.769154
-39.769332
-39.769511
-39.769688
-39.769865
-39.770042
-39.770219
-39.770396
-39.770572
-39.770748
-39.770923
-39.771099
-39.771273
-39.771448
-39.771621
-39.771795
-39.771968
-39.772141
-39.772314
-39.772486
-39.772658
-39.772829
-39.773
-39.77317
-39.77334
-39.77351
-39.77368
-39.773849
-39.774017
-39.774185
-39.774352
-39.774519
-39.774685
-39.774851
-39.775016
-39.77518
-39.775344
-39.775508
-39.77567
-39.775833
-39.775994
-39.776155
-39.776315
-39.776474
-39.776634
-39.776793
-39.776951
-39.777109
-39.777268
-39.777425
-39.777583
-39.77774
-39.777896
-39.778051
-39.778206
-39.778359
-39.778512
-39.778663
-39.778813
-39.778963
-39.779111
-39.779258
-39.779404
-39.779549
-39.779693
-39.779836
-39.779978
-39.780118
-39.780258
-39.780397
-39.780535
-39.780671
-39.780807
-39.780941
-39.781073
-39.781205
-39.781335
-39.781463
-39.781591
-39.781717
-39.781842
-39.781965
-39.782086
-39.782205
-39.782323
-39.782439
-39.782555
-39.782668
-39.78278
-39.782891
-39.783
-39.783109
-39.783216
-39.783321
-39.783426
-39.783528
-39.783629
-39.783729
-39.783826
-39.783922
-39.784016
-39.784108
-39.784198
-39.784287
-39.784373
-39.784456
-39.784537
-39.784616
-39.784693
-39.784768
-39.784841
-39.78491
-39.784978
-39.785043
-39.785105
-39.785165
-39.785222
-39.785276
-39.785327
-39.785376
-39.785421
-39.785464
-39.785504
-39.785542
-39.785577
-39.78561
-39.785641
-39.78567
-39.785695
-39.78572
-39.785742
-39.785763
-39.785781
-39.785798
-39.785811
-39.785823
-39.785832
-39.78584
-39.785845
-39.785848
-39.785848
-39.785846
-39.78584
-39.785832
-39.785822
-39.785809
-39.785793
-39.785775
-39.785755
-39.785732
-39.785707
-39.785681
-39.785653
-39.785624
-39.785594
-39.785564
-39.785533
-39.785502
-39.785472
-39.785443
-39.785416
-39.785392
-39.785369
-39.78535
-39.785333
-39.785321
-39.785313
-39.78531
-39.785312
-39.78532
-39.785335
-39.785357
-39.785387
-39.785425
-39.785474
-39.785533
-39.785603
-39.785686
-39.785782
-39.785892
-39.786018
-39.78616
-39.786319
-39.786497
-39.786695
-39.786913
-39.787152
-39.787414
-39.787699
-39.788007
-39.788339
-39.788696
-39.789077
-39.789483
-39.789911
-39.790363
-39.790835
-39.791327
-39.791836
-39.792359
-39.792894
-39.793434
-39.793977
-39.794516
-39.795044
-39.795555
-39.796038
-39.796485
-39.796884
-39.797223
-39.797487
-39.797661
-39.797728
-39.797666
-39.797454
-39.797066
-39.796472
-39.795641
-39.794535
-39.79311
-39.791318
-39.7891
-39.78639
-39.783109
-39.779164
-39.774447
-39.768826
-39.762148
-39.754227
-39.744844
-39.733742
-39.720624
-39.705154
-39.686945
-39.665592
-39.640695
-39.611826
-39.578561
-39.541202
-39.501899
-39.464505
-39.43961
-39.738551
-39.738545
-39.73854
-39.738537
-39.738538
-39.73854
-39.738545
-39.73855
-39.738555
-39.738561
-39.738568
-39.738577
-39.73859
-39.738609
-39.738638
-39.738683
-39.73875
-39.738848
-39.73899
-39.739188
-39.739454
-39.739794
-39.740199
-39.740641
-39.741067
-39.741407
-39.741596
-39.741604
-39.741462
-39.741255
-39.741067
-39.74093
-39.740819
-39.740712
-39.740616
-39.740557
-39.740538
-39.740541
-39.740549
-39.740556
-39.740567
-39.740587
-39.740614
-39.740651
-39.740694
-39.740744
-39.7408
-39.740862
-39.740929
-39.741002
-39.741079
-39.74116
-39.741245
-39.741334
-39.741426
-39.74152
-39.741618
-39.741717
-39.741818
-39.741921
-39.742026
-39.742132
-39.742238
-39.742346
-39.742454
-39.742563
-39.742673
-39.742782
-39.742892
-39.743003
-39.743113
-39.743224
-39.743335
-39.743447
-39.743559
-39.743672
-39.743786
-39.743901
-39.744017
-39.744134
-39.744252
-39.744371
-39.744492
-39.744614
-39.744737
-39.744861
-39.744987
-39.745113
-39.745242
-39.745371
-39.745502
-39.745634
-39.745768
-39.745903
-39.746039
-39.746176
-39.746313
-39.746452
-39.74659
-39.746729
-39.746867
-39.747006
-39.747145
-39.747283
-39.747422
-39.747561
-39.7477
-39.747839
-39.747978
-39.748116
-39.748255
-39.748393
-39.748532
-39.748671
-39.74881
-39.74895
-39.74909
-39.74923
-39.749371
-39.749512
-39.749654
-39.749796
-39.749939
-39.750082
-39.750227
-39.750372
-39.750517
-39.750664
-39.750811
-39.750959
-39.751108
-39.751258
-39.751408
-39.751559
-39.75171
-39.751862
-39.752014
-39.752167
-39.752321
-39.752476
-39.752631
-39.752786
-39.752942
-39.753097
-39.753253
-39.753408
-39.753564
-39.75372
-39.753877
-39.754034
-39.754191
-39.754349
-39.754507
-39.754665
-39.754824
-39.754983
-39.755142
-39.755301
-39.75546
-39.75562
-39.755779
-39.755938
-39.756098
-39.756257
-39.756417
-39.756577
-39.756737
-39.756898
-39.757058
-39.757219
-39.75738
-39.757542
-39.757704
-39.757866
-39.758028
-39.75819
-39.758353
-39.758517
-39.758681
-39.758845
-39.75901
-39.759175
-39.759341
-39.759507
-39.759674
-39.759841
-39.76001
-39.760178
-39.760348
-39.760518
-39.760688
-39.760858
-39.761029
-39.761201
-39.761373
-39.761546
-39.761719
-39.761892
-39.762066
-39.762239
-39.762413
-39.762587
-39.762762
-39.762937
-39.763111
-39.763287
-39.763462
-39.763637
-39.763813
-39.763989
-39.764165
-39.764341
-39.764518
-39.764695
-39.764872
-39.76505
-39.765227
-39.765405
-39.765583
-39.765761
-39.76594
-39.766118
-39.766296
-39.766475
-39.766653
-39.766832
-39.767011
-39.76719
-39.767369
-39.767547
-39.767726
-39.767905
-39.768084
-39.768262
-39.768441
-39.76862
-39.768798
-39.768976
-39.769155
-39.769333
-39.769511
-39.769688
-39.769866
-39.770043
-39.77022
-39.770396
-39.770572
-39.770748
-39.770924
-39.771099
-39.771274
-39.771448
-39.771622
-39.771795
-39.771969
-39.772141
-39.772314
-39.772486
-39.772658
-39.772829
-39.773
-39.77317
-39.77334
-39.77351
-39.77368
-39.773848
-39.774017
-39.774185
-39.774352
-39.774519
-39.774685
-39.774851
-39.775016
-39.77518
-39.775344
-39.775507
-39.77567
-39.775832
-39.775994
-39.776154
-39.776315
-39.776474
-39.776633
-39.776792
-39.776951
-39.777109
-39.777267
-39.777425
-39.777582
-39.777739
-39.777895
-39.778051
-39.778206
-39.778359
-39.778511
-39.778663
-39.778813
-39.778962
-39.779111
-39.779258
-39.779404
-39.779549
-39.779693
-39.779835
-39.779977
-39.780118
-39.780258
-39.780397
-39.780534
-39.780671
-39.780806
-39.78094
-39.781073
-39.781204
-39.781334
-39.781463
-39.78159
-39.781717
-39.781841
-39.781964
-39.782085
-39.782204
-39.782322
-39.782439
-39.782554
-39.782667
-39.782779
-39.78289
-39.783
-39.783108
-39.783215
-39.783321
-39.783425
-39.783527
-39.783629
-39.783728
-39.783826
-39.783921
-39.784016
-39.784107
-39.784197
-39.784285
-39.784371
-39.784455
-39.784536
-39.784615
-39.784692
-39.784766
-39.784839
-39.784908
-39.784976
-39.785041
-39.785103
-39.785163
-39.78522
-39.785274
-39.785325
-39.785374
-39.785419
-39.785462
-39.785503
-39.78554
-39.785576
-39.785609
-39.785639
-39.785668
-39.785694
-39.785718
-39.785741
-39.785761
-39.785779
-39.785796
-39.785809
-39.785821
-39.78583
-39.785838
-39.785843
-39.785846
-39.785846
-39.785844
-39.785838
-39.78583
-39.78582
-39.785807
-39.785791
-39.785774
-39.785753
-39.785731
-39.785706
-39.78568
-39.785652
-39.785623
-39.785593
-39.785563
-39.785532
-39.785502
-39.785473
-39.785444
-39.785418
-39.785393
-39.785371
-39.785352
-39.785336
-39.785324
-39.785316
-39.785314
-39.785317
-39.785325
-39.785341
-39.785363
-39.785394
-39.785433
-39.785482
-39.785542
-39.785613
-39.785697
-39.785794
-39.785905
-39.786031
-39.786174
-39.786335
-39.786514
-39.786712
-39.786931
-39.787171
-39.787434
-39.787719
-39.788028
-39.78836
-39.788717
-39.789098
-39.789504
-39.789932
-39.790382
-39.790854
-39.791344
-39.791851
-39.792371
-39.792902
-39.793439
-39.793978
-39.794511
-39.795033
-39.795537
-39.796012
-39.79645
-39.796839
-39.797166
-39.797418
-39.797577
-39.797627
-39.797546
-39.797312
-39.796899
-39.796277
-39.795413
-39.794268
-39.792799
-39.790955
-39.788677
-39.785896
-39.782533
-39.778491
-39.773661
-39.76791
-39.761081
-39.75299
-39.743416
-39.732105
-39.718766
-39.703073
-39.684662
-39.663158
-39.638209
-39.609479
-39.576756
-39.540606
-39.503253
-39.468815
-39.447769
-39.738549
-39.738542
-39.738536
-39.738533
-39.738533
-39.738536
-39.73854
-39.738545
-39.73855
-39.738556
-39.738563
-39.738572
-39.738584
-39.738603
-39.738632
-39.738675
-39.73874
-39.738837
-39.738975
-39.739169
-39.739429
-39.73976
-39.740153
-39.740579
-39.740987
-39.74131
-39.74149
-39.741503
-39.741386
-39.741217
-39.74107
-39.74096
-39.740861
-39.74075
-39.740643
-39.74057
-39.740541
-39.740539
-39.740546
-39.740556
-39.740569
-39.74059
-39.740618
-39.740654
-39.740697
-39.740747
-39.740803
-39.740865
-39.740932
-39.741004
-39.741081
-39.741162
-39.741247
-39.741336
-39.741427
-39.741522
-39.741619
-39.741718
-39.741819
-39.741922
-39.742027
-39.742132
-39.742239
-39.742347
-39.742455
-39.742564
-39.742673
-39.742783
-39.742893
-39.743003
-39.743114
-39.743224
-39.743336
-39.743448
-39.74356
-39.743673
-39.743787
-39.743902
-39.744018
-39.744135
-39.744253
-39.744372
-39.744493
-39.744615
-39.744738
-39.744862
-39.744988
-39.745115
-39.745243
-39.745372
-39.745503
-39.745635
-39.745769
-39.745903
-39.746039
-39.746176
-39.746314
-39.746452
-39.746591
-39.746729
-39.746868
-39.747006
-39.747145
-39.747284
-39.747422
-39.747561
-39.7477
-39.747839
-39.747978
-39.748117
-39.748255
-39.748394
-39.748532
-39.748671
-39.748811
-39.74895
-39.74909
-39.749231
-39.749371
-39.749513
-39.749654
-39.749797
-39.74994
-39.750083
-39.750227
-39.750372
-39.750518
-39.750664
-39.750812
-39.75096
-39.751109
-39.751258
-39.751409
-39.751559
-39.751711
-39.751862
-39.752015
-39.752168
-39.752322
-39.752476
-39.752631
-39.752787
-39.752942
-39.753098
-39.753253
-39.753408
-39.753564
-39.75372
-39.753877
-39.754034
-39.754192
-39.754349
-39.754507
-39.754665
-39.754824
-39.754983
-39.755142
-39.755302
-39.755461
-39.75562
-39.755779
-39.755939
-39.756098
-39.756258
-39.756417
-39.756577
-39.756737
-39.756898
-39.757059
-39.75722
-39.757381
-39.757543
-39.757704
-39.757866
-39.758028
-39.758191
-39.758354
-39.758517
-39.758681
-39.758846
-39.75901
-39.759176
-39.759342
-39.759508
-39.759675
-39.759842
-39.76001
-39.760179
-39.760348
-39.760518
-39.760688
-39.760859
-39.76103
-39.761202
-39.761374
-39.761546
-39.761719
-39.761892
-39.762066
-39.76224
-39.762414
-39.762588
-39.762762
-39.762937
-39.763112
-39.763287
-39.763462
-39.763638
-39.763814
-39.763989
-39.764166
-39.764342
-39.764519
-39.764695
-39.764873
-39.76505
-39.765228
-39.765405
-39.765583
-39.765762
-39.76594
-39.766118
-39.766297
-39.766475
-39.766654
-39.766833
-39.767011
-39.76719
-39.767369
-39.767548
-39.767727
-39.767905
-39.768084
-39.768263
-39.768442
-39.76862
-39.768799
-39.768977
-39.769155
-39.769333
-39.769511
-39.769689
-39.769866
-39.770043
-39.77022
-39.770396
-39.770573
-39.770749
-39.770924
-39.771099
-39.771274
-39.771448
-39.771622
-39.771796
-39.771969
-39.772142
-39.772314
-39.772486
-39.772658
-39.772829
-39.773
-39.77317
-39.77334
-39.77351
-39.773679
-39.773848
-39.774017
-39.774185
-39.774352
-39.774519
-39.774685
-39.774851
-39.775016
-39.77518
-39.775344
-39.775507
-39.77567
-39.775832
-39.775994
-39.776154
-39.776314
-39.776474
-39.776633
-39.776792
-39.776951
-39.777109
-39.777267
-39.777425
-39.777582
-39.777739
-39.777895
-39.77805
-39.778205
-39.778359
-39.778511
-39.778662
-39.778813
-39.778962
-39.77911
-39.779257
-39.779403
-39.779548
-39.779692
-39.779835
-39.779976
-39.780117
-39.780257
-39.780396
-39.780534
-39.78067
-39.780806
-39.78094
-39.781072
-39.781203
-39.781333
-39.781462
-39.78159
-39.781716
-39.781841
-39.781963
-39.782084
-39.782204
-39.782322
-39.782438
-39.782553
-39.782666
-39.782778
-39.782889
-39.782999
-39.783107
-39.783214
-39.78332
-39.783424
-39.783527
-39.783628
-39.783727
-39.783825
-39.783921
-39.784015
-39.784107
-39.784196
-39.784284
-39.78437
-39.784453
-39.784534
-39.784613
-39.78469
-39.784765
-39.784837
-39.784907
-39.784974
-39.785039
-39.785102
-39.785161
-39.785218
-39.785272
-39.785323
-39.785372
-39.785417
-39.78546
-39.785501
-39.785539
-39.785574
-39.785607
-39.785638
-39.785667
-39.785693
-39.785717
-39.785739
-39.785759
-39.785778
-39.785794
-39.785808
-39.785819
-39.785829
-39.785836
-39.785842
-39.785844
-39.785844
-39.785842
-39.785836
-39.785828
-39.785818
-39.785805
-39.785789
-39.785772
-39.785752
-39.785729
-39.785705
-39.785678
-39.785651
-39.785622
-39.785593
-39.785563
-39.785532
-39.785502
-39.785473
-39.785445
-39.785419
-39.785395
-39.785373
-39.785354
-39.785338
-39.785327
-39.785319
-39.785317
-39.785321
-39.78533
-39.785346
-39.785369
-39.7854
-39.78544
-39.78549
-39.785551
-39.785622
-39.785707
-39.785804
-39.785917
-39.786044
-39.786188
-39.786349
-39.786529
-39.786728
-39.786948
-39.787189
-39.787452
-39.787738
-39.788047
-39.78838
-39.788737
-39.789118
-39.789523
-39.789951
-39.790401
-39.790871
-39.79136
-39.791865
-39.792383
-39.792911
-39.793445
-39.793979
-39.794508
-39.795024
-39.795521
-39.795989
-39.796419
-39.796798
-39.797115
-39.797355
-39.7975
-39.797534
-39.797436
-39.797182
-39.796746
-39.796097
-39.795203
-39.794023
-39.792513
-39.790622
-39.788288
-39.785442
-39.782002
-39.777871
-39.772937
-39.767065
-39.760097
-39.751849
-39.7421
-39.730598
-39.71706
-39.701167
-39.682579
-39.660952
-39.635982
-39.607425
-39.575256
-39.540258
-39.504732
-39.47294
-39.454859
-39.738546
-39.738539
-39.738533
-39.738529
-39.738529
-39.738531
-39.738535
-39.73854
-39.738546
-39.738552
-39.738558
-39.738567
-39.73858
-39.738598
-39.738626
-39.738668
-39.738732
-39.738826
-39.738962
-39.739152
-39.739406
-39.739727
-39.740108
-39.740518
-39.740907
-39.741214
-39.741386
-39.741406
-39.741314
-39.741183
-39.741072
-39.740987
-39.740896
-39.740783
-39.740665
-39.74058
-39.740542
-39.740536
-39.740544
-39.740556
-39.740571
-39.740593
-39.740621
-39.740657
-39.7407
-39.74075
-39.740806
-39.740868
-39.740935
-39.741007
-39.741084
-39.741165
-39.741249
-39.741338
-39.741429
-39.741524
-39.74162
-39.74172
-39.741821
-39.741923
-39.742028
-39.742133
-39.74224
-39.742347
-39.742456
-39.742564
-39.742674
-39.742783
-39.742893
-39.743003
-39.743114
-39.743225
-39.743336
-39.743448
-39.743561
-39.743674
-39.743788
-39.743903
-39.744019
-39.744135
-39.744254
-39.744373
-39.744494
-39.744616
-39.744739
-39.744864
-39.744989
-39.745116
-39.745244
-39.745373
-39.745504
-39.745636
-39.74577
-39.745904
-39.74604
-39.746177
-39.746315
-39.746453
-39.746591
-39.74673
-39.746868
-39.747007
-39.747145
-39.747284
-39.747423
-39.747561
-39.7477
-39.747839
-39.747978
-39.748117
-39.748255
-39.748394
-39.748533
-39.748672
-39.748811
-39.748951
-39.749091
-39.749231
-39.749372
-39.749513
-39.749655
-39.749797
-39.74994
-39.750084
-39.750228
-39.750373
-39.750519
-39.750665
-39.750812
-39.750961
-39.751109
-39.751259
-39.751409
-39.75156
-39.751711
-39.751863
-39.752015
-39.752168
-39.752322
-39.752477
-39.752632
-39.752787
-39.752943
-39.753098
-39.753253
-39.753409
-39.753564
-39.753721
-39.753878
-39.754035
-39.754192
-39.75435
-39.754507
-39.754666
-39.754824
-39.754983
-39.755143
-39.755302
-39.755461
-39.755621
-39.75578
-39.755939
-39.756098
-39.756258
-39.756418
-39.756578
-39.756738
-39.756898
-39.757059
-39.75722
-39.757381
-39.757543
-39.757705
-39.757867
-39.758029
-39.758191
-39.758354
-39.758518
-39.758682
-39.758846
-39.759011
-39.759176
-39.759342
-39.759508
-39.759675
-39.759843
-39.760011
-39.76018
-39.760349
-39.760519
-39.760689
-39.760859
-39.761031
-39.761202
-39.761374
-39.761547
-39.76172
-39.761893
-39.762067
-39.762241
-39.762415
-39.762589
-39.762763
-39.762938
-39.763113
-39.763288
-39.763463
-39.763638
-39.763814
-39.76399
-39.764166
-39.764342
-39.764519
-39.764696
-39.764873
-39.765051
-39.765228
-39.765406
-39.765584
-39.765762
-39.76594
-39.766119
-39.766297
-39.766476
-39.766654
-39.766833
-39.767012
-39.76719
-39.767369
-39.767548
-39.767727
-39.767906
-39.768085
-39.768263
-39.768442
-39.76862
-39.768799
-39.768977
-39.769155
-39.769333
-39.769512
-39.769689
-39.769866
-39.770043
-39.77022
-39.770397
-39.770573
-39.770749
-39.770924
-39.771099
-39.771274
-39.771449
-39.771622
-39.771796
-39.771969
-39.772142
-39.772314
-39.772486
-39.772658
-39.772829
-39.773
-39.77317
-39.77334
-39.77351
-39.773679
-39.773848
-39.774017
-39.774185
-39.774352
-39.774519
-39.774685
-39.774851
-39.775016
-39.77518
-39.775344
-39.775507
-39.77567
-39.775832
-39.775993
-39.776154
-39.776314
-39.776474
-39.776633
-39.776792
-39.776951
-39.777109
-39.777267
-39.777425
-39.777582
-39.777739
-39.777895
-39.77805
-39.778205
-39.778358
-39.77851
-39.778662
-39.778812
-39.778961
-39.77911
-39.779257
-39.779403
-39.779548
-39.779692
-39.779834
-39.779976
-39.780117
-39.780257
-39.780396
-39.780533
-39.78067
-39.780805
-39.780939
-39.781072
-39.781203
-39.781332
-39.781461
-39.781589
-39.781715
-39.78184
-39.781962
-39.782084
-39.782203
-39.782321
-39.782438
-39.782553
-39.782666
-39.782778
-39.782889
-39.782998
-39.783107
-39.783214
-39.783319
-39.783423
-39.783526
-39.783627
-39.783727
-39.783824
-39.78392
-39.784014
-39.784106
-39.784196
-39.784283
-39.784369
-39.784452
-39.784533
-39.784612
-39.784689
-39.784763
-39.784835
-39.784905
-39.784973
-39.785038
-39.7851
-39.78516
-39.785217
-39.78527
-39.785322
-39.78537
-39.785416
-39.785459
-39.7855
-39.785538
-39.785573
-39.785606
-39.785637
-39.785665
-39.785691
-39.785715
-39.785738
-39.785758
-39.785776
-39.785792
-39.785806
-39.785817
-39.785827
-39.785835
-39.78584
-39.785842
-39.785842
-39.78584
-39.785835
-39.785827
-39.785817
-39.785804
-39.785788
-39.78577
-39.78575
-39.785728
-39.785703
-39.785677
-39.78565
-39.785622
-39.785592
-39.785562
-39.785532
-39.785502
-39.785473
-39.785446
-39.785419
-39.785396
-39.785374
-39.785356
-39.785341
-39.78533
-39.785322
-39.785321
-39.785324
-39.785334
-39.78535
-39.785374
-39.785406
-39.785446
-39.785497
-39.785559
-39.785631
-39.785716
-39.785814
-39.785927
-39.786055
-39.7862
-39.786362
-39.786543
-39.786743
-39.786963
-39.787205
-39.787469
-39.787756
-39.788065
-39.788399
-39.788756
-39.789137
-39.789542
-39.789969
-39.790418
-39.790887
-39.791375
-39.791878
-39.792394
-39.79292
-39.79345
-39.793981
-39.794505
-39.795016
-39.795508
-39.795969
-39.796392
-39.796763
-39.79707
-39.797298
-39.797431
-39.797451
-39.797337
-39.797064
-39.796607
-39.795934
-39.795012
-39.7938
-39.792253
-39.790318
-39.787932
-39.785027
-39.781517
-39.777304
-39.772274
-39.766292
-39.759198
-39.750806
-39.740897
-39.729223
-39.715504
-39.699434
-39.680691
-39.658964
-39.633997
-39.605635
-39.574015
-39.540101
-39.506258
-39.476805
-39.461015
-39.738544
-39.738537
-39.73853
-39.738526
-39.738525
-39.738527
-39.738531
-39.738536
-39.738542
-39.738548
-39.738554
-39.738563
-39.738575
-39.738593
-39.73862
-39.738662
-39.738724
-39.738817
-39.73895
-39.739136
-39.739383
-39.739696
-39.740064
-39.740458
-39.74083
-39.741122
-39.741287
-39.741317
-39.74125
-39.741154
-39.741074
-39.741008
-39.740925
-39.740809
-39.740683
-39.740588
-39.740543
-39.740534
-39.740541
-39.740555
-39.740573
-39.740596
-39.740624
-39.74066
-39.740703
-39.740753
-39.740809
-39.74087
-39.740937
-39.741009
-39.741086
-39.741167
-39.741251
-39.74134
-39.741431
-39.741525
-39.741622
-39.741721
-39.741822
-39.741925
-39.742029
-39.742134
-39.742241
-39.742348
-39.742456
-39.742565
-39.742674
-39.742784
-39.742894
-39.743004
-39.743115
-39.743226
-39.743337
-39.743449
-39.743561
-39.743675
-39.743789
-39.743904
-39.74402
-39.744136
-39.744255
-39.744374
-39.744495
-39.744617
-39.74474
-39.744865
-39.74499
-39.745117
-39.745245
-39.745374
-39.745505
-39.745637
-39.74577
-39.745905
-39.746041
-39.746178
-39.746315
-39.746453
-39.746592
-39.74673
-39.746869
-39.747007
-39.747146
-39.747284
-39.747423
-39.747562
-39.747701
-39.74784
-39.747978
-39.748117
-39.748256
-39.748394
-39.748533
-39.748672
-39.748811
-39.748951
-39.749091
-39.749232
-39.749373
-39.749514
-39.749656
-39.749798
-39.749941
-39.750084
-39.750229
-39.750374
-39.750519
-39.750666
-39.750813
-39.750961
-39.75111
-39.75126
-39.75141
-39.751561
-39.751712
-39.751863
-39.752016
-39.752169
-39.752322
-39.752477
-39.752632
-39.752788
-39.752943
-39.753099
-39.753254
-39.753409
-39.753565
-39.753721
-39.753878
-39.754035
-39.754192
-39.75435
-39.754508
-39.754666
-39.754825
-39.754984
-39.755143
-39.755302
-39.755462
-39.755621
-39.75578
-39.75594
-39.756099
-39.756258
-39.756418
-39.756578
-39.756738
-39.756899
-39.75706
-39.757221
-39.757382
-39.757544
-39.757705
-39.757867
-39.758029
-39.758192
-39.758355
-39.758518
-39.758682
-39.758847
-39.759012
-39.759177
-39.759343
-39.759509
-39.759676
-39.759843
-39.760011
-39.76018
-39.76035
-39.760519
-39.760689
-39.76086
-39.761031
-39.761203
-39.761375
-39.761547
-39.76172
-39.761894
-39.762067
-39.762241
-39.762415
-39.762589
-39.762764
-39.762938
-39.763113
-39.763288
-39.763463
-39.763639
-39.763815
-39.76399
-39.764166
-39.764343
-39.764519
-39.764696
-39.764874
-39.765051
-39.765229
-39.765406
-39.765584
-39.765762
-39.765941
-39.766119
-39.766298
-39.766476
-39.766655
-39.766833
-39.767012
-39.767191
-39.76737
-39.767549
-39.767727
-39.767906
-39.768085
-39.768264
-39.768442
-39.768621
-39.768799
-39.768977
-39.769156
-39.769334
-39.769512
-39.769689
-39.769867
-39.770044
-39.770221
-39.770397
-39.770573
-39.770749
-39.770925
-39.7711
-39.771275
-39.771449
-39.771623
-39.771796
-39.77197
-39.772142
-39.772315
-39.772487
-39.772658
-39.772829
-39.773
-39.77317
-39.77334
-39.77351
-39.773679
-39.773848
-39.774017
-39.774185
-39.774352
-39.774519
-39.774685
-39.774851
-39.775016
-39.77518
-39.775344
-39.775507
-39.77567
-39.775832
-39.775993
-39.776154
-39.776314
-39.776474
-39.776633
-39.776792
-39.776951
-39.777109
-39.777267
-39.777424
-39.777582
-39.777738
-39.777895
-39.77805
-39.778205
-39.778358
-39.77851
-39.778662
-39.778812
-39.778961
-39.779109
-39.779256
-39.779403
-39.779548
-39.779691
-39.779834
-39.779976
-39.780116
-39.780256
-39.780395
-39.780533
-39.78067
-39.780805
-39.780939
-39.781071
-39.781202
-39.781332
-39.781461
-39.781589
-39.781715
-39.78184
-39.781962
-39.782084
-39.782203
-39.782321
-39.782437
-39.782552
-39.782665
-39.782777
-39.782888
-39.782998
-39.783106
-39.783213
-39.783318
-39.783423
-39.783525
-39.783627
-39.783726
-39.783824
-39.78392
-39.784014
-39.784105
-39.784195
-39.784283
-39.784368
-39.784451
-39.784532
-39.784611
-39.784687
-39.784762
-39.784834
-39.784904
-39.784971
-39.785036
-39.785099
-39.785158
-39.785215
-39.785269
-39.78532
-39.785368
-39.785414
-39.785458
-39.785498
-39.785536
-39.785571
-39.785605
-39.785635
-39.785664
-39.78569
-39.785714
-39.785736
-39.785756
-39.785775
-39.785791
-39.785804
-39.785816
-39.785826
-39.785833
-39.785838
-39.785841
-39.785841
-39.785838
-39.785833
-39.785825
-39.785815
-39.785802
-39.785787
-39.785769
-39.785749
-39.785726
-39.785702
-39.785676
-39.785649
-39.785621
-39.785591
-39.785562
-39.785532
-39.785502
-39.785474
-39.785446
-39.78542
-39.785397
-39.785376
-39.785358
-39.785343
-39.785332
-39.785325
-39.785323
-39.785328
-39.785338
-39.785354
-39.785379
-39.785411
-39.785452
-39.785504
-39.785566
-39.785638
-39.785724
-39.785823
-39.785937
-39.786066
-39.786211
-39.786374
-39.786555
-39.786756
-39.786977
-39.78722
-39.787484
-39.787771
-39.788082
-39.788416
-39.788773
-39.789154
-39.789559
-39.789986
-39.790434
-39.790903
-39.791389
-39.791891
-39.792405
-39.792928
-39.793456
-39.793983
-39.794504
-39.79501
-39.795496
-39.795952
-39.796368
-39.796731
-39.797029
-39.797248
-39.79737
-39.797377
-39.797248
-39.796959
-39.796483
-39.795788
-39.794841
-39.7936
-39.792018
-39.790044
-39.787612
-39.784652
-39.781078
-39.776791
-39.771675
-39.765593
-39.758383
-39.749861
-39.739808
-39.727978
-39.714097
-39.69787
-39.678994
-39.657187
-39.632241
-39.604083
-39.572995
-39.540083
-39.507769
-39.480358
-39.466348
-39.738542
-39.738534
-39.738527
-39.738522
-39.738521
-39.738523
-39.738527
-39.738532
-39.738538
-39.738544
-39.738551
-39.738559
-39.738571
-39.738589
-39.738615
-39.738656
-39.738717
-39.738808
-39.738939
-39.73912
-39.739362
-39.739666
-39.740022
-39.740401
-39.740757
-39.741036
-39.741197
-39.741237
-39.741196
-39.741131
-39.741076
-39.741025
-39.740946
-39.740828
-39.740696
-39.740595
-39.740543
-39.740531
-39.740539
-39.740555
-39.740575
-39.740598
-39.740628
-39.740664
-39.740706
-39.740756
-39.740812
-39.740873
-39.74094
-39.741012
-39.741088
-39.741169
-39.741254
-39.741342
-39.741433
-39.741527
-39.741624
-39.741723
-39.741823
-39.741926
-39.74203
-39.742135
-39.742242
-39.742349
-39.742457
-39.742566
-39.742675
-39.742785
-39.742894
-39.743005
-39.743115
-39.743226
-39.743338
-39.74345
-39.743562
-39.743675
-39.743789
-39.743904
-39.744021
-39.744137
-39.744256
-39.744375
-39.744496
-39.744618
-39.744741
-39.744866
-39.744991
-39.745118
-39.745246
-39.745375
-39.745506
-39.745638
-39.745771
-39.745906
-39.746042
-39.746179
-39.746316
-39.746454
-39.746592
-39.746731
-39.746869
-39.747007
-39.747146
-39.747285
-39.747423
-39.747562
-39.747701
-39.74784
-39.747979
-39.748117
-39.748256
-39.748395
-39.748533
-39.748672
-39.748812
-39.748951
-39.749092
-39.749232
-39.749373
-39.749514
-39.749656
-39.749799
-39.749941
-39.750085
-39.750229
-39.750374
-39.75052
-39.750666
-39.750814
-39.750962
-39.751111
-39.75126
-39.75141
-39.751561
-39.751712
-39.751864
-39.752016
-39.752169
-39.752323
-39.752478
-39.752633
-39.752788
-39.752944
-39.753099
-39.753254
-39.75341
-39.753565
-39.753721
-39.753878
-39.754035
-39.754193
-39.75435
-39.754508
-39.754666
-39.754825
-39.754984
-39.755143
-39.755303
-39.755462
-39.755622
-39.755781
-39.75594
-39.756099
-39.756259
-39.756418
-39.756578
-39.756739
-39.756899
-39.75706
-39.757221
-39.757382
-39.757544
-39.757706
-39.757868
-39.75803
-39.758192
-39.758355
-39.758519
-39.758683
-39.758847
-39.759012
-39.759177
-39.759343
-39.759509
-39.759676
-39.759844
-39.760012
-39.760181
-39.76035
-39.76052
-39.76069
-39.76086
-39.761032
-39.761203
-39.761375
-39.761548
-39.761721
-39.761894
-39.762068
-39.762242
-39.762416
-39.76259
-39.762764
-39.762939
-39.763114
-39.763289
-39.763464
-39.763639
-39.763815
-39.763991
-39.764167
-39.764343
-39.76452
-39.764697
-39.764874
-39.765051
-39.765229
-39.765407
-39.765585
-39.765763
-39.765941
-39.76612
-39.766298
-39.766477
-39.766655
-39.766834
-39.767012
-39.767191
-39.76737
-39.767549
-39.767728
-39.767907
-39.768085
-39.768264
-39.768443
-39.768621
-39.7688
-39.768978
-39.769156
-39.769334
-39.769512
-39.76969
-39.769867
-39.770044
-39.770221
-39.770397
-39.770574
-39.77075
-39.770925
-39.7711
-39.771275
-39.771449
-39.771623
-39.771797
-39.77197
-39.772143
-39.772315
-39.772487
-39.772658
-39.772829
-39.773
-39.773171
-39.773341
-39.77351
-39.77368
-39.773848
-39.774017
-39.774185
-39.774352
-39.774519
-39.774685
-39.774851
-39.775016
-39.77518
-39.775344
-39.775507
-39.77567
-39.775832
-39.775993
-39.776154
-39.776314
-39.776474
-39.776633
-39.776792
-39.776951
-39.777109
-39.777267
-39.777424
-39.777581
-39.777738
-39.777894
-39.77805
-39.778204
-39.778358
-39.77851
-39.778662
-39.778812
-39.778961
-39.779109
-39.779256
-39.779402
-39.779547
-39.779691
-39.779834
-39.779976
-39.780116
-39.780256
-39.780395
-39.780533
-39.780669
-39.780805
-39.780938
-39.781071
-39.781202
-39.781332
-39.78146
-39.781588
-39.781715
-39.781839
-39.781962
-39.782083
-39.782202
-39.78232
-39.782437
-39.782552
-39.782665
-39.782777
-39.782888
-39.782997
-39.783106
-39.783212
-39.783318
-39.783422
-39.783525
-39.783626
-39.783726
-39.783824
-39.783919
-39.784013
-39.784105
-39.784195
-39.784282
-39.784367
-39.78445
-39.784531
-39.78461
-39.784686
-39.784761
-39.784833
-39.784902
-39.78497
-39.785035
-39.785097
-39.785157
-39.785214
-39.785268
-39.785319
-39.785367
-39.785413
-39.785457
-39.785497
-39.785535
-39.78557
-39.785604
-39.785635
-39.785663
-39.785689
-39.785713
-39.785735
-39.785755
-39.785773
-39.785789
-39.785803
-39.785815
-39.785825
-39.785832
-39.785837
-39.785839
-39.785839
-39.785837
-39.785832
-39.785824
-39.785814
-39.785801
-39.785785
-39.785768
-39.785747
-39.785725
-39.785701
-39.785675
-39.785649
-39.78562
-39.785591
-39.785561
-39.785531
-39.785502
-39.785474
-39.785447
-39.785421
-39.785398
-39.785377
-39.785359
-39.785344
-39.785334
-39.785327
-39.785326
-39.78533
-39.785341
-39.785358
-39.785383
-39.785416
-39.785458
-39.785509
-39.785572
-39.785645
-39.785732
-39.785831
-39.785945
-39.786075
-39.786221
-39.786385
-39.786566
-39.786768
-39.78699
-39.787233
-39.787498
-39.787786
-39.788097
-39.788431
-39.788789
-39.78917
-39.789574
-39.790001
-39.790449
-39.790917
-39.791402
-39.791903
-39.792415
-39.792936
-39.793462
-39.793986
-39.794503
-39.795006
-39.795487
-39.795938
-39.796347
-39.796704
-39.796995
-39.797204
-39.797317
-39.797312
-39.79717
-39.796867
-39.796374
-39.79566
-39.79469
-39.793422
-39.79181
-39.7898
-39.787327
-39.784318
-39.780688
-39.776334
-39.77114
-39.764967
-39.757655
-39.749016
-39.738833
-39.726864
-39.71284
-39.696475
-39.677483
-39.655613
-39.630699
-39.602747
-39.572159
-39.540162
-39.509217
-39.483569
-39.470945
-39.738539
-39.738532
-39.738525
-39.738519
-39.738517
-39.738519
-39.738523
-39.738528
-39.738534
-39.73854
-39.738547
-39.738556
-39.738568
-39.738585
-39.738611
-39.738651
-39.738711
-39.7388
-39.738929
-39.739107
-39.739343
-39.739639
-39.739983
-39.740349
-39.740691
-39.740959
-39.741119
-39.741171
-39.741153
-39.741113
-39.741078
-39.741037
-39.740961
-39.740841
-39.740705
-39.740599
-39.740543
-39.740529
-39.740538
-39.740555
-39.740577
-39.740601
-39.740631
-39.740667
-39.740709
-39.740759
-39.740814
-39.740876
-39.740943
-39.741014
-39.741091
-39.741171
-39.741256
-39.741344
-39.741435
-39.741529
-39.741625
-39.741724
-39.741825
-39.741927
-39.742031
-39.742137
-39.742243
-39.74235
-39.742458
-39.742567
-39.742676
-39.742785
-39.742895
-39.743005
-39.743116
-39.743227
-39.743338
-39.74345
-39.743563
-39.743676
-39.74379
-39.743905
-39.744021
-39.744138
-39.744257
-39.744376
-39.744497
-39.744619
-39.744742
-39.744867
-39.744992
-39.745119
-39.745247
-39.745376
-39.745507
-39.745639
-39.745772
-39.745907
-39.746043
-39.746179
-39.746317
-39.746455
-39.746593
-39.746731
-39.74687
-39.747008
-39.747146
-39.747285
-39.747424
-39.747562
-39.747701
-39.74784
-39.747979
-39.748118
-39.748256
-39.748395
-39.748534
-39.748673
-39.748812
-39.748952
-39.749092
-39.749233
-39.749374
-39.749515
-39.749657
-39.749799
-39.749942
-39.750086
-39.75023
-39.750375
-39.75052
-39.750667
-39.750814
-39.750962
-39.751111
-39.751261
-39.751411
-39.751562
-39.751713
-39.751864
-39.752017
-39.75217
-39.752323
-39.752478
-39.752633
-39.752789
-39.752944
-39.7531
-39.753255
-39.75341
-39.753566
-39.753722
-39.753879
-39.754036
-39.754193
-39.754351
-39.754508
-39.754667
-39.754825
-39.754985
-39.755144
-39.755303
-39.755462
-39.755622
-39.755781
-39.75594
-39.7561
-39.756259
-39.756419
-39.756579
-39.756739
-39.7569
-39.757061
-39.757222
-39.757383
-39.757545
-39.757706
-39.757868
-39.75803
-39.758193
-39.758356
-39.758519
-39.758683
-39.758848
-39.759013
-39.759178
-39.759344
-39.75951
-39.759677
-39.759844
-39.760012
-39.760181
-39.760351
-39.76052
-39.76069
-39.760861
-39.761032
-39.761204
-39.761376
-39.761548
-39.761721
-39.761895
-39.762068
-39.762242
-39.762416
-39.76259
-39.762765
-39.76294
-39.763114
-39.763289
-39.763465
-39.76364
-39.763816
-39.763991
-39.764167
-39.764344
-39.76452
-39.764697
-39.764874
-39.765052
-39.765229
-39.765407
-39.765585
-39.765763
-39.765942
-39.76612
-39.766299
-39.766477
-39.766656
-39.766834
-39.767013
-39.767192
-39.76737
-39.767549
-39.767728
-39.767907
-39.768086
-39.768264
-39.768443
-39.768622
-39.7688
-39.768978
-39.769157
-39.769334
-39.769513
-39.76969
-39.769868
-39.770045
-39.770221
-39.770398
-39.770574
-39.77075
-39.770925
-39.7711
-39.771275
-39.77145
-39.771624
-39.771797
-39.77197
-39.772143
-39.772315
-39.772487
-39.772659
-39.77283
-39.773
-39.773171
-39.773341
-39.77351
-39.77368
-39.773848
-39.774017
-39.774185
-39.774353
-39.774519
-39.774685
-39.774851
-39.775016
-39.77518
-39.775344
-39.775507
-39.77567
-39.775832
-39.775994
-39.776154
-39.776315
-39.776474
-39.776633
-39.776792
-39.776951
-39.777109
-39.777267
-39.777424
-39.777581
-39.777738
-39.777894
-39.77805
-39.778204
-39.778358
-39.77851
-39.778661
-39.778812
-39.778961
-39.779109
-39.779256
-39.779402
-39.779547
-39.779691
-39.779834
-39.779976
-39.780116
-39.780256
-39.780395
-39.780532
-39.780669
-39.780804
-39.780938
-39.78107
-39.781201
-39.781331
-39.78146
-39.781588
-39.781714
-39.781839
-39.781961
-39.782083
-39.782202
-39.78232
-39.782436
-39.782551
-39.782665
-39.782777
-39.782887
-39.782997
-39.783105
-39.783212
-39.783317
-39.783422
-39.783525
-39.783626
-39.783726
-39.783823
-39.783919
-39.784013
-39.784105
-39.784194
-39.784281
-39.784367
-39.78445
-39.78453
-39.784609
-39.784685
-39.78476
-39.784832
-39.784901
-39.784969
-39.785034
-39.785096
-39.785156
-39.785213
-39.785267
-39.785317
-39.785366
-39.785412
-39.785456
-39.785496
-39.785534
-39.785569
-39.785603
-39.785634
-39.785662
-39.785688
-39.785712
-39.785734
-39.785754
-39.785772
-39.785788
-39.785802
-39.785814
-39.785823
-39.785831
-39.785836
-39.785838
-39.785838
-39.785836
-39.78583
-39.785823
-39.785812
-39.7858
-39.785784
-39.785766
-39.785746
-39.785724
-39.7857
-39.785675
-39.785648
-39.785619
-39.78559
-39.785561
-39.785531
-39.785502
-39.785474
-39.785447
-39.785422
-39.785399
-39.785378
-39.78536
-39.785346
-39.785335
-39.785329
-39.785328
-39.785333
-39.785344
-39.785361
-39.785386
-39.78542
-39.785462
-39.785514
-39.785577
-39.785651
-39.785738
-39.785838
-39.785953
-39.786083
-39.78623
-39.786394
-39.786577
-39.786779
-39.787001
-39.787245
-39.78751
-39.787799
-39.78811
-39.788445
-39.788803
-39.789184
-39.789588
-39.790015
-39.790463
-39.790929
-39.791414
-39.791914
-39.792425
-39.792944
-39.793468
-39.793989
-39.794504
-39.795003
-39.79548
-39.795927
-39.796331
-39.796681
-39.796965
-39.797167
-39.797271
-39.797257
-39.797104
-39.796787
-39.796279
-39.795548
-39.794558
-39.793268
-39.791629
-39.789587
-39.787078
-39.784026
-39.780345
-39.775932
-39.770669
-39.764416
-39.757013
-39.74827
-39.737974
-39.725881
-39.711731
-39.695245
-39.676155
-39.654233
-39.629358
-39.601604
-39.571478
-39.540301
-39.510563
-39.48642
-39.474876
-39.738537
-39.73853
-39.738522
-39.738516
-39.738514
-39.738515
-39.738519
-39.738525
-39.73853
-39.738537
-39.738544
-39.738552
-39.738564
-39.738581
-39.738607
-39.738646
-39.738705
-39.738793
-39.738919
-39.739094
-39.739325
-39.739614
-39.739949
-39.740303
-39.740633
-39.740893
-39.741055
-39.741119
-39.741122
-39.741102
-39.74108
-39.741044
-39.740969
-39.740848
-39.740711
-39.740601
-39.740542
-39.740527
-39.740537
-39.740556
-39.740578
-39.740604
-39.740633
-39.740669
-39.740712
-39.740761
-39.740817
-39.740878
-39.740945
-39.741017
-39.741093
-39.741174
-39.741258
-39.741346
-39.741437
-39.741531
-39.741627
-39.741726
-39.741827
-39.741929
-39.742033
-39.742138
-39.742244
-39.742351
-39.742459
-39.742568
-39.742677
-39.742786
-39.742896
-39.743006
-39.743117
-39.743228
-39.743339
-39.743451
-39.743564
-39.743677
-39.743791
-39.743906
-39.744022
-39.744139
-39.744258
-39.744377
-39.744498
-39.74462
-39.744743
-39.744867
-39.744993
-39.74512
-39.745248
-39.745377
-39.745507
-39.745639
-39.745773
-39.745907
-39.746043
-39.74618
-39.746317
-39.746455
-39.746593
-39.746732
-39.74687
-39.747008
-39.747147
-39.747285
-39.747424
-39.747563
-39.747702
-39.747841
-39.747979
-39.748118
-39.748257
-39.748396
-39.748534
-39.748673
-39.748813
-39.748952
-39.749093
-39.749233
-39.749374
-39.749515
-39.749657
-39.7498
-39.749943
-39.750086
-39.75023
-39.750375
-39.750521
-39.750667
-39.750815
-39.750963
-39.751112
-39.751261
-39.751412
-39.751562
-39.751713
-39.751865
-39.752017
-39.75217
-39.752324
-39.752479
-39.752634
-39.752789
-39.752945
-39.7531
-39.753255
-39.75341
-39.753566
-39.753722
-39.753879
-39.754036
-39.754193
-39.754351
-39.754509
-39.754667
-39.754826
-39.754985
-39.755144
-39.755304
-39.755463
-39.755622
-39.755781
-39.755941
-39.7561
-39.756259
-39.756419
-39.756579
-39.75674
-39.7569
-39.757061
-39.757222
-39.757383
-39.757545
-39.757707
-39.757869
-39.758031
-39.758193
-39.758356
-39.75852
-39.758684
-39.758848
-39.759013
-39.759178
-39.759344
-39.75951
-39.759677
-39.759844
-39.760013
-39.760182
-39.760351
-39.760521
-39.760691
-39.760861
-39.761033
-39.761204
-39.761376
-39.761549
-39.761722
-39.761895
-39.762069
-39.762243
-39.762417
-39.762591
-39.762765
-39.76294
-39.763115
-39.76329
-39.763465
-39.763641
-39.763816
-39.763992
-39.764168
-39.764344
-39.764521
-39.764698
-39.764875
-39.765052
-39.76523
-39.765407
-39.765585
-39.765764
-39.765942
-39.766121
-39.766299
-39.766478
-39.766656
-39.766835
-39.767013
-39.767192
-39.767371
-39.76755
-39.767729
-39.767907
-39.768086
-39.768265
-39.768444
-39.768622
-39.768801
-39.768979
-39.769157
-39.769335
-39.769513
-39.76969
-39.769868
-39.770045
-39.770222
-39.770398
-39.770575
-39.77075
-39.770926
-39.771101
-39.771276
-39.77145
-39.771624
-39.771798
-39.771971
-39.772143
-39.772316
-39.772487
-39.772659
-39.77283
-39.773001
-39.773171
-39.773341
-39.773511
-39.77368
-39.773849
-39.774017
-39.774185
-39.774353
-39.774519
-39.774686
-39.774851
-39.775016
-39.775181
-39.775344
-39.775508
-39.77567
-39.775832
-39.775994
-39.776154
-39.776315
-39.776474
-39.776633
-39.776792
-39.776951
-39.777109
-39.777267
-39.777424
-39.777581
-39.777738
-39.777894
-39.77805
-39.778204
-39.778358
-39.77851
-39.778661
-39.778812
-39.778961
-39.779109
-39.779256
-39.779402
-39.779547
-39.779691
-39.779834
-39.779975
-39.780116
-39.780256
-39.780395
-39.780532
-39.780669
-39.780804
-39.780938
-39.78107
-39.781201
-39.781331
-39.78146
-39.781588
-39.781714
-39.781839
-39.781961
-39.782083
-39.782202
-39.78232
-39.782436
-39.782551
-39.782664
-39.782776
-39.782887
-39.782997
-39.783105
-39.783212
-39.783317
-39.783421
-39.783525
-39.783626
-39.783725
-39.783823
-39.783919
-39.784013
-39.784105
-39.784194
-39.784281
-39.784366
-39.784449
-39.78453
-39.784608
-39.784685
-39.784759
-39.784831
-39.784901
-39.784968
-39.785033
-39.785096
-39.785155
-39.785212
-39.785266
-39.785316
-39.785365
-39.785411
-39.785455
-39.785495
-39.785533
-39.785569
-39.785602
-39.785633
-39.785661
-39.785687
-39.785712
-39.785734
-39.785753
-39.785771
-39.785787
-39.785801
-39.785813
-39.785823
-39.78583
-39.785835
-39.785837
-39.785837
-39.785834
-39.785829
-39.785822
-39.785812
-39.785799
-39.785783
-39.785765
-39.785745
-39.785723
-39.7857
-39.785674
-39.785647
-39.785619
-39.785589
-39.78556
-39.785531
-39.785502
-39.785474
-39.785447
-39.785422
-39.785399
-39.785379
-39.785361
-39.785347
-39.785336
-39.78533
-39.78533
-39.785335
-39.785346
-39.785364
-39.785389
-39.785423
-39.785466
-39.785519
-39.785582
-39.785656
-39.785744
-39.785844
-39.78596
-39.78609
-39.786237
-39.786403
-39.786585
-39.786788
-39.787011
-39.787255
-39.787521
-39.78781
-39.788122
-39.788457
-39.788815
-39.789197
-39.789601
-39.790028
-39.790475
-39.790941
-39.791425
-39.791924
-39.792434
-39.792952
-39.793474
-39.793993
-39.794505
-39.795002
-39.795476
-39.795918
-39.796317
-39.796663
-39.796941
-39.797137
-39.797233
-39.797211
-39.797048
-39.79672
-39.796199
-39.795453
-39.794447
-39.793136
-39.791475
-39.789406
-39.786864
-39.783775
-39.78005
-39.775586
-39.770263
-39.763941
-39.756458
-39.747625
-39.737229
-39.72503
-39.71077
-39.694179
-39.675004
-39.653042
-39.628207
-39.600637
-39.570925
-39.540469
-39.511777
-39.488902
-39.478196
-39.738535
-39.738528
-39.73852
-39.738513
-39.738511
-39.738512
-39.738516
-39.738521
-39.738527
-39.738534
-39.738541
-39.738549
-39.73856
-39.738577
-39.738602
-39.738641
-39.738699
-39.738786
-39.73891
-39.739082
-39.739309
-39.739592
-39.73992
-39.740264
-39.740586
-39.740842
-39.741007
-39.741084
-39.741103
-39.741098
-39.741083
-39.741049
-39.740972
-39.740851
-39.740713
-39.740603
-39.740542
-39.740527
-39.740536
-39.740557
-39.74058
-39.740606
-39.740636
-39.740672
-39.740714
-39.740764
-39.740819
-39.740881
-39.740947
-39.741019
-39.741095
-39.741176
-39.74126
-39.741348
-39.741439
-39.741533
-39.741629
-39.741727
-39.741828
-39.74193
-39.742034
-39.742139
-39.742245
-39.742352
-39.74246
-39.742569
-39.742678
-39.742787
-39.742897
-39.743007
-39.743118
-39.743228
-39.74334
-39.743452
-39.743564
-39.743677
-39.743792
-39.743907
-39.744023
-39.74414
-39.744259
-39.744378
-39.744499
-39.744621
-39.744744
-39.744868
-39.744994
-39.74512
-39.745248
-39.745378
-39.745508
-39.74564
-39.745774
-39.745908
-39.746044
-39.746181
-39.746318
-39.746456
-39.746594
-39.746732
-39.74687
-39.747009
-39.747147
-39.747286
-39.747424
-39.747563
-39.747702
-39.747841
-39.74798
-39.748119
-39.748257
-39.748396
-39.748535
-39.748674
-39.748813
-39.748953
-39.749093
-39.749234
-39.749375
-39.749516
-39.749658
-39.7498
-39.749943
-39.750087
-39.750231
-39.750376
-39.750521
-39.750668
-39.750815
-39.750963
-39.751112
-39.751262
-39.751412
-39.751563
-39.751714
-39.751865
-39.752017
-39.75217
-39.752324
-39.752479
-39.752634
-39.75279
-39.752945
-39.7531
-39.753256
-39.753411
-39.753566
-39.753723
-39.753879
-39.754036
-39.754194
-39.754351
-39.754509
-39.754667
-39.754826
-39.754985
-39.755144
-39.755304
-39.755463
-39.755623
-39.755782
-39.755941
-39.7561
-39.75626
-39.756419
-39.75658
-39.75674
-39.7569
-39.757061
-39.757222
-39.757384
-39.757545
-39.757707
-39.757869
-39.758031
-39.758193
-39.758356
-39.75852
-39.758684
-39.758849
-39.759014
-39.759179
-39.759345
-39.759511
-39.759677
-39.759845
-39.760013
-39.760182
-39.760352
-39.760521
-39.760691
-39.760862
-39.761033
-39.761205
-39.761377
-39.761549
-39.761722
-39.761896
-39.762069
-39.762243
-39.762417
-39.762592
-39.762766
-39.762941
-39.763115
-39.76329
-39.763466
-39.763641
-39.763817
-39.763992
-39.764168
-39.764344
-39.764521
-39.764698
-39.764875
-39.765053
-39.76523
-39.765408
-39.765586
-39.765764
-39.765943
-39.766121
-39.7663
-39.766478
-39.766656
-39.766835
-39.767014
-39.767192
-39.767371
-39.76755
-39.767729
-39.767908
-39.768086
-39.768265
-39.768444
-39.768623
-39.768801
-39.768979
-39.769157
-39.769335
-39.769513
-39.769691
-39.769868
-39.770045
-39.770222
-39.770399
-39.770575
-39.770751
-39.770926
-39.771101
-39.771276
-39.771451
-39.771624
-39.771798
-39.771971
-39.772144
-39.772316
-39.772488
-39.772659
-39.77283
-39.773001
-39.773171
-39.773341
-39.773511
-39.77368
-39.773849
-39.774017
-39.774185
-39.774353
-39.77452
-39.774686
-39.774852
-39.775016
-39.775181
-39.775345
-39.775508
-39.77567
-39.775832
-39.775994
-39.776155
-39.776315
-39.776475
-39.776634
-39.776793
-39.776951
-39.777109
-39.777267
-39.777424
-39.777581
-39.777738
-39.777894
-39.77805
-39.778204
-39.778358
-39.77851
-39.778662
-39.778812
-39.778961
-39.779109
-39.779256
-39.779402
-39.779547
-39.779691
-39.779834
-39.779976
-39.780116
-39.780256
-39.780395
-39.780532
-39.780669
-39.780804
-39.780938
-39.78107
-39.781201
-39.781331
-39.78146
-39.781588
-39.781714
-39.781839
-39.781961
-39.782083
-39.782202
-39.78232
-39.782436
-39.782551
-39.782664
-39.782776
-39.782887
-39.782997
-39.783105
-39.783212
-39.783317
-39.783421
-39.783524
-39.783626
-39.783725
-39.783823
-39.783919
-39.784013
-39.784105
-39.784194
-39.784281
-39.784366
-39.784449
-39.784529
-39.784608
-39.784684
-39.784758
-39.78483
-39.7849
-39.784968
-39.785033
-39.785095
-39.785155
-39.785211
-39.785265
-39.785316
-39.785364
-39.785411
-39.785454
-39.785495
-39.785533
-39.785568
-39.785602
-39.785632
-39.785661
-39.785687
-39.785711
-39.785733
-39.785753
-39.78577
-39.785787
-39.7858
-39.785812
-39.785822
-39.785829
-39.785834
-39.785836
-39.785836
-39.785833
-39.785828
-39.785821
-39.785811
-39.785798
-39.785782
-39.785765
-39.785745
-39.785722
-39.785699
-39.785673
-39.785646
-39.785618
-39.785589
-39.78556
-39.78553
-39.785502
-39.785474
-39.785447
-39.785422
-39.7854
-39.785379
-39.785362
-39.785348
-39.785337
-39.785331
-39.785331
-39.785336
-39.785348
-39.785366
-39.785392
-39.785426
-39.785469
-39.785522
-39.785586
-39.78566
-39.785748
-39.785849
-39.785965
-39.786096
-39.786244
-39.786409
-39.786593
-39.786796
-39.787019
-39.787264
-39.78753
-39.78782
-39.788132
-39.788467
-39.788826
-39.789208
-39.789612
-39.790038
-39.790486
-39.790952
-39.791435
-39.791933
-39.792443
-39.79296
-39.79348
-39.793998
-39.794508
-39.795002
-39.795473
-39.795912
-39.796308
-39.79665
-39.796923
-39.797113
-39.797203
-39.797174
-39.797003
-39.796665
-39.796134
-39.795376
-39.794355
-39.793028
-39.791347
-39.789255
-39.786687
-39.783566
-39.779804
-39.775297
-39.769923
-39.763542
-39.755991
-39.747082
-39.736601
-39.72431
-39.709956
-39.693276
-39.67403
-39.652034
-39.627237
-39.599831
-39.570478
-39.540641
-39.512836
-39.49101
-39.480948
-39.738534
-39.738526
-39.738517
-39.73851
-39.738508
-39.738509
-39.738513
-39.738518
-39.738524
-39.738531
-39.738538
-39.738546
-39.738557
-39.738573
-39.738598
-39.738636
-39.738693
-39.738779
-39.738902
-39.739071
-39.739296
-39.739574
-39.739896
-39.740234
-39.740551
-39.740806
-39.740977
-39.741065
-39.741096
-39.741099
-39.741087
-39.741051
-39.740973
-39.74085
-39.740713
-39.740603
-39.740542
-39.740527
-39.740537
-39.740558
-39.740582
-39.740608
-39.740638
-39.740674
-39.740717
-39.740766
-39.740821
-39.740883
-39.740949
-39.741021
-39.741097
-39.741178
-39.741262
-39.74135
-39.74144
-39.741534
-39.74163
-39.741729
-39.741829
-39.741932
-39.742035
-39.74214
-39.742247
-39.742354
-39.742461
-39.74257
-39.742679
-39.742788
-39.742898
-39.743008
-39.743118
-39.743229
-39.743341
-39.743452
-39.743565
-39.743678
-39.743792
-39.743907
-39.744024
-39.74414
-39.744259
-39.744378
-39.744499
-39.744621
-39.744745
-39.744869
-39.744994
-39.745121
-39.745249
-39.745378
-39.745509
-39.745641
-39.745774
-39.745909
-39.746044
-39.746181
-39.746318
-39.746456
-39.746594
-39.746733
-39.746871
-39.747009
-39.747148
-39.747286
-39.747425
-39.747564
-39.747702
-39.747841
-39.74798
-39.748119
-39.748258
-39.748396
-39.748535
-39.748674
-39.748813
-39.748953
-39.749093
-39.749234
-39.749375
-39.749516
-39.749658
-39.749801
-39.749943
-39.750087
-39.750231
-39.750376
-39.750522
-39.750668
-39.750816
-39.750964
-39.751113
-39.751262
-39.751412
-39.751563
-39.751714
-39.751866
-39.752018
-39.752171
-39.752325
-39.752479
-39.752635
-39.75279
-39.752946
-39.753101
-39.753256
-39.753411
-39.753567
-39.753723
-39.75388
-39.754037
-39.754194
-39.754352
-39.754509
-39.754668
-39.754826
-39.754986
-39.755145
-39.755304
-39.755464
-39.755623
-39.755782
-39.755941
-39.756101
-39.75626
-39.75642
-39.75658
-39.75674
-39.756901
-39.757062
-39.757223
-39.757384
-39.757546
-39.757708
-39.757869
-39.758031
-39.758194
-39.758357
-39.75852
-39.758684
-39.758849
-39.759014
-39.759179
-39.759345
-39.759511
-39.759678
-39.759845
-39.760014
-39.760183
-39.760352
-39.760522
-39.760692
-39.760862
-39.761034
-39.761205
-39.761377
-39.76155
-39.761723
-39.761896
-39.76207
-39.762244
-39.762418
-39.762592
-39.762767
-39.762941
-39.763116
-39.763291
-39.763466
-39.763642
-39.763817
-39.763993
-39.764169
-39.764345
-39.764521
-39.764699
-39.764876
-39.765053
-39.765231
-39.765408
-39.765586
-39.765765
-39.765943
-39.766122
-39.7663
-39.766478
-39.766657
-39.766835
-39.767014
-39.767193
-39.767372
-39.767551
-39.767729
-39.767908
-39.768087
-39.768266
-39.768444
-39.768623
-39.768801
-39.768979
-39.769158
-39.769336
-39.769514
-39.769691
-39.769869
-39.770046
-39.770223
-39.770399
-39.770575
-39.770751
-39.770927
-39.771102
-39.771276
-39.771451
-39.771625
-39.771798
-39.771972
-39.772144
-39.772316
-39.772488
-39.772659
-39.772831
-39.773001
-39.773172
-39.773342
-39.773511
-39.77368
-39.773849
-39.774017
-39.774186
-39.774353
-39.77452
-39.774686
-39.774852
-39.775017
-39.775181
-39.775345
-39.775508
-39.775671
-39.775833
-39.775994
-39.776155
-39.776315
-39.776475
-39.776634
-39.776793
-39.776951
-39.777109
-39.777267
-39.777425
-39.777582
-39.777738
-39.777895
-39.77805
-39.778205
-39.778358
-39.77851
-39.778662
-39.778812
-39.778961
-39.779109
-39.779256
-39.779402
-39.779547
-39.779691
-39.779834
-39.779976
-39.780116
-39.780256
-39.780395
-39.780533
-39.780669
-39.780804
-39.780938
-39.78107
-39.781201
-39.781331
-39.78146
-39.781588
-39.781714
-39.781839
-39.781961
-39.782083
-39.782202
-39.78232
-39.782436
-39.782551
-39.782664
-39.782776
-39.782887
-39.782997
-39.783105
-39.783211
-39.783317
-39.783421
-39.783524
-39.783626
-39.783725
-39.783823
-39.783919
-39.784013
-39.784105
-39.784194
-39.78428
-39.784366
-39.784449
-39.784529
-39.784608
-39.784684
-39.784758
-39.78483
-39.7849
-39.784967
-39.785032
-39.785095
-39.785154
-39.785211
-39.785264
-39.785315
-39.785364
-39.78541
-39.785453
-39.785494
-39.785532
-39.785568
-39.785601
-39.785632
-39.78566
-39.785686
-39.785711
-39.785732
-39.785752
-39.78577
-39.785786
-39.7858
-39.785811
-39.785821
-39.785828
-39.785833
-39.785835
-39.785835
-39.785833
-39.785828
-39.78582
-39.78581
-39.785797
-39.785781
-39.785764
-39.785744
-39.785722
-39.785698
-39.785673
-39.785646
-39.785617
-39.785588
-39.785559
-39.78553
-39.785502
-39.785474
-39.785447
-39.785423
-39.7854
-39.78538
-39.785363
-39.785348
-39.785338
-39.785332
-39.785332
-39.785338
-39.785349
-39.785368
-39.785393
-39.785428
-39.785471
-39.785525
-39.785589
-39.785664
-39.785752
-39.785853
-39.785969
-39.786101
-39.786249
-39.786415
-39.786599
-39.786802
-39.787026
-39.787271
-39.787538
-39.787828
-39.788141
-39.788476
-39.788835
-39.789217
-39.789621
-39.790048
-39.790495
-39.790961
-39.791444
-39.791942
-39.79245
-39.792967
-39.793486
-39.794003
-39.794511
-39.795003
-39.795472
-39.795909
-39.796302
-39.79664
-39.79691
-39.797096
-39.797181
-39.797146
-39.796969
-39.796624
-39.796084
-39.795316
-39.794283
-39.792943
-39.791246
-39.789136
-39.786546
-39.7834
-39.779607
-39.775065
-39.769649
-39.76322
-39.755613
-39.74664
-39.736089
-39.723722
-39.709289
-39.692535
-39.673229
-39.651206
-39.626441
-39.599172
-39.570121
-39.540797
-39.513723
-39.492743
-39.483167
-39.738532
-39.738524
-39.738515
-39.738507
-39.738505
-39.738506
-39.73851
-39.738515
-39.738521
-39.738528
-39.738534
-39.738542
-39.738553
-39.738569
-39.738593
-39.73863
-39.738687
-39.738771
-39.738893
-39.739061
-39.739283
-39.739559
-39.739878
-39.740213
-39.740528
-39.740786
-39.740963
-39.74106
-39.741099
-39.741106
-39.741093
-39.741054
-39.740971
-39.740847
-39.74071
-39.740602
-39.740542
-39.740527
-39.740538
-39.740559
-39.740583
-39.740609
-39.74064
-39.740676
-39.740718
-39.740768
-39.740823
-39.740885
-39.740951
-39.741023
-39.741099
-39.741179
-39.741264
-39.741351
-39.741442
-39.741536
-39.741632
-39.74173
-39.741831
-39.741933
-39.742037
-39.742142
-39.742248
-39.742355
-39.742462
-39.742571
-39.742679
-39.742789
-39.742898
-39.743009
-39.743119
-39.74323
-39.743341
-39.743453
-39.743566
-39.743679
-39.743793
-39.743908
-39.744024
-39.744141
-39.74426
-39.744379
-39.7445
-39.744622
-39.744745
-39.744869
-39.744995
-39.745122
-39.74525
-39.745379
-39.74551
-39.745641
-39.745775
-39.745909
-39.746045
-39.746182
-39.746319
-39.746457
-39.746595
-39.746733
-39.746871
-39.74701
-39.747148
-39.747287
-39.747425
-39.747564
-39.747703
-39.747842
-39.747981
-39.748119
-39.748258
-39.748397
-39.748535
-39.748674
-39.748814
-39.748954
-39.749094
-39.749234
-39.749375
-39.749517
-39.749659
-39.749801
-39.749944
-39.750087
-39.750232
-39.750377
-39.750522
-39.750669
-39.750816
-39.750964
-39.751113
-39.751263
-39.751413
-39.751564
-39.751715
-39.751866
-39.752018
-39.752171
-39.752325
-39.75248
-39.752635
-39.752791
-39.752946
-39.753101
-39.753256
-39.753411
-39.753567
-39.753723
-39.75388
-39.754037
-39.754194
-39.754352
-39.75451
-39.754668
-39.754827
-39.754986
-39.755145
-39.755305
-39.755464
-39.755623
-39.755782
-39.755942
-39.756101
-39.75626
-39.75642
-39.75658
-39.756741
-39.756901
-39.757062
-39.757223
-39.757385
-39.757546
-39.757708
-39.75787
-39.758032
-39.758194
-39.758357
-39.758521
-39.758685
-39.758849
-39.759014
-39.75918
-39.759346
-39.759512
-39.759678
-39.759846
-39.760014
-39.760183
-39.760352
-39.760522
-39.760692
-39.760863
-39.761034
-39.761206
-39.761378
-39.76155
-39.761723
-39.761897
-39.76207
-39.762244
-39.762418
-39.762593
-39.762767
-39.762942
-39.763116
-39.763291
-39.763467
-39.763642
-39.763817
-39.763993
-39.764169
-39.764345
-39.764522
-39.764699
-39.764876
-39.765054
-39.765231
-39.765409
-39.765587
-39.765765
-39.765944
-39.766122
-39.766301
-39.766479
-39.766657
-39.766836
-39.767015
-39.767193
-39.767372
-39.767551
-39.76773
-39.767909
-39.768087
-39.768266
-39.768445
-39.768623
-39.768802
-39.76898
-39.769158
-39.769336
-39.769514
-39.769692
-39.769869
-39.770046
-39.770223
-39.7704
-39.770576
-39.770752
-39.770927
-39.771102
-39.771277
-39.771451
-39.771625
-39.771799
-39.771972
-39.772145
-39.772317
-39.772488
-39.77266
-39.772831
-39.773002
-39.773172
-39.773342
-39.773511
-39.77368
-39.773849
-39.774018
-39.774186
-39.774354
-39.77452
-39.774687
-39.774852
-39.775017
-39.775181
-39.775345
-39.775508
-39.775671
-39.775833
-39.775994
-39.776155
-39.776316
-39.776475
-39.776634
-39.776793
-39.776952
-39.77711
-39.777267
-39.777425
-39.777582
-39.777739
-39.777895
-39.77805
-39.778205
-39.778358
-39.778511
-39.778662
-39.778812
-39.778961
-39.779109
-39.779256
-39.779402
-39.779547
-39.779691
-39.779834
-39.779976
-39.780116
-39.780256
-39.780395
-39.780533
-39.780669
-39.780805
-39.780938
-39.78107
-39.781201
-39.781331
-39.78146
-39.781588
-39.781714
-39.781839
-39.781961
-39.782083
-39.782202
-39.78232
-39.782436
-39.782551
-39.782664
-39.782776
-39.782887
-39.782997
-39.783105
-39.783211
-39.783317
-39.783421
-39.783525
-39.783626
-39.783725
-39.783823
-39.783919
-39.784013
-39.784105
-39.784194
-39.78428
-39.784366
-39.784448
-39.784529
-39.784607
-39.784683
-39.784758
-39.78483
-39.784899
-39.784967
-39.785032
-39.785095
-39.785154
-39.78521
-39.785264
-39.785315
-39.785363
-39.78541
-39.785453
-39.785494
-39.785532
-39.785567
-39.785601
-39.785632
-39.78566
-39.785686
-39.78571
-39.785732
-39.785751
-39.785769
-39.785786
-39.785799
-39.785811
-39.785821
-39.785828
-39.785833
-39.785835
-39.785834
-39.785832
-39.785827
-39.78582
-39.78581
-39.785796
-39.785781
-39.785763
-39.785743
-39.785721
-39.785698
-39.785672
-39.785645
-39.785617
-39.785588
-39.785559
-39.78553
-39.785501
-39.785474
-39.785447
-39.785423
-39.7854
-39.78538
-39.785363
-39.785348
-39.785338
-39.785333
-39.785333
-39.785339
-39.78535
-39.785369
-39.785395
-39.78543
-39.785473
-39.785526
-39.785591
-39.785666
-39.785755
-39.785856
-39.785972
-39.786105
-39.786253
-39.786419
-39.786603
-39.786807
-39.787031
-39.787277
-39.787544
-39.787834
-39.788147
-39.788483
-39.788842
-39.789224
-39.789629
-39.790056
-39.790503
-39.790969
-39.791452
-39.791949
-39.792457
-39.792973
-39.793492
-39.794008
-39.794515
-39.795006
-39.795474
-39.795908
-39.7963
-39.796636
-39.796903
-39.797086
-39.797167
-39.797127
-39.796945
-39.796595
-39.796049
-39.795273
-39.794232
-39.792881
-39.791172
-39.789048
-39.786441
-39.783276
-39.77946
-39.77489
-39.769442
-39.762975
-39.755325
-39.746302
-39.735694
-39.723267
-39.708771
-39.691956
-39.6726
-39.650553
-39.625812
-39.598651
-39.569839
-39.540921
-39.514423
-39.494101
-39.484876
-39.738531
-39.738522
-39.738512
-39.738504
-39.738501
-39.738503
-39.738507
-39.738513
-39.738519
-39.738525
-39.738531
-39.738539
-39.738549
-39.738564
-39.738587
-39.738623
-39.738679
-39.738762
-39.738883
-39.73905
-39.739271
-39.739546
-39.739864
-39.7402
-39.740518
-39.74078
-39.740963
-39.741066
-39.74111
-39.741118
-39.741101
-39.741057
-39.74097
-39.740843
-39.740706
-39.740599
-39.740541
-39.740527
-39.740538
-39.74056
-39.740584
-39.740611
-39.740641
-39.740677
-39.74072
-39.740769
-39.740825
-39.740886
-39.740953
-39.741024
-39.741101
-39.741181
-39.741265
-39.741353
-39.741444
-39.741537
-39.741633
-39.741732
-39.741832
-39.741934
-39.742038
-39.742143
-39.742249
-39.742356
-39.742463
-39.742572
-39.74268
-39.74279
-39.742899
-39.743009
-39.74312
-39.74323
-39.743342
-39.743454
-39.743566
-39.743679
-39.743793
-39.743908
-39.744025
-39.744141
-39.74426
-39.74438
-39.744501
-39.744622
-39.744746
-39.74487
-39.744996
-39.745122
-39.74525
-39.745379
-39.74551
-39.745642
-39.745775
-39.74591
-39.746046
-39.746182
-39.74632
-39.746457
-39.746595
-39.746734
-39.746872
-39.74701
-39.747149
-39.747287
-39.747426
-39.747564
-39.747703
-39.747842
-39.747981
-39.74812
-39.748258
-39.748397
-39.748536
-39.748675
-39.748814
-39.748954
-39.749094
-39.749235
-39.749376
-39.749517
-39.749659
-39.749801
-39.749944
-39.750088
-39.750232
-39.750377
-39.750523
-39.750669
-39.750817
-39.750965
-39.751114
-39.751263
-39.751413
-39.751564
-39.751715
-39.751866
-39.752019
-39.752172
-39.752326
-39.75248
-39.752635
-39.752791
-39.752946
-39.753102
-39.753257
-39.753412
-39.753567
-39.753724
-39.75388
-39.754037
-39.754195
-39.754352
-39.75451
-39.754668
-39.754827
-39.754986
-39.755145
-39.755305
-39.755464
-39.755624
-39.755783
-39.755942
-39.756101
-39.756261
-39.75642
-39.756581
-39.756741
-39.756902
-39.757062
-39.757223
-39.757385
-39.757547
-39.757708
-39.75787
-39.758032
-39.758195
-39.758357
-39.758521
-39.758685
-39.75885
-39.759015
-39.75918
-39.759346
-39.759512
-39.759679
-39.759846
-39.760014
-39.760183
-39.760353
-39.760522
-39.760693
-39.760863
-39.761034
-39.761206
-39.761378
-39.761551
-39.761724
-39.761897
-39.762071
-39.762245
-39.762419
-39.762593
-39.762767
-39.762942
-39.763117
-39.763292
-39.763467
-39.763642
-39.763818
-39.763994
-39.764169
-39.764346
-39.764522
-39.764699
-39.764877
-39.765054
-39.765231
-39.765409
-39.765587
-39.765766
-39.765944
-39.766123
-39.766301
-39.766479
-39.766658
-39.766836
-39.767015
-39.767194
-39.767373
-39.767552
-39.76773
-39.767909
-39.768088
-39.768267
-39.768445
-39.768624
-39.768802
-39.76898
-39.769159
-39.769336
-39.769515
-39.769692
-39.76987
-39.770047
-39.770223
-39.7704
-39.770576
-39.770752
-39.770927
-39.771102
-39.771277
-39.771452
-39.771626
-39.771799
-39.771972
-39.772145
-39.772317
-39.772489
-39.77266
-39.772831
-39.773002
-39.773173
-39.773342
-39.773512
-39.773681
-39.77385
-39.774018
-39.774186
-39.774354
-39.774521
-39.774687
-39.774853
-39.775018
-39.775182
-39.775346
-39.775509
-39.775671
-39.775833
-39.775995
-39.776156
-39.776316
-39.776476
-39.776635
-39.776794
-39.776952
-39.77711
-39.777268
-39.777425
-39.777582
-39.777739
-39.777895
-39.77805
-39.778205
-39.778359
-39.778511
-39.778662
-39.778812
-39.778961
-39.779109
-39.779257
-39.779403
-39.779548
-39.779692
-39.779835
-39.779976
-39.780117
-39.780256
-39.780395
-39.780533
-39.78067
-39.780805
-39.780939
-39.781071
-39.781202
-39.781332
-39.78146
-39.781588
-39.781714
-39.781839
-39.781961
-39.782083
-39.782202
-39.78232
-39.782437
-39.782551
-39.782665
-39.782777
-39.782888
-39.782997
-39.783105
-39.783211
-39.783317
-39.783422
-39.783525
-39.783626
-39.783726
-39.783823
-39.783919
-39.784013
-39.784105
-39.784194
-39.78428
-39.784366
-39.784449
-39.784529
-39.784607
-39.784683
-39.784758
-39.78483
-39.784899
-39.784967
-39.785032
-39.785095
-39.785154
-39.78521
-39.785264
-39.785315
-39.785363
-39.78541
-39.785453
-39.785493
-39.785532
-39.785567
-39.7856
-39.785631
-39.78566
-39.785686
-39.78571
-39.785732
-39.785751
-39.785769
-39.785785
-39.785799
-39.785811
-39.785821
-39.785828
-39.785832
-39.785834
-39.785834
-39.785832
-39.785827
-39.785819
-39.785809
-39.785796
-39.78578
-39.785763
-39.785743
-39.785721
-39.785697
-39.785672
-39.785645
-39.785616
-39.785587
-39.785558
-39.785529
-39.785501
-39.785474
-39.785447
-39.785422
-39.7854
-39.78538
-39.785363
-39.785348
-39.785339
-39.785333
-39.785333
-39.785339
-39.78535
-39.785369
-39.785396
-39.785431
-39.785474
-39.785528
-39.785592
-39.785667
-39.785756
-39.785858
-39.785975
-39.786107
-39.786255
-39.786422
-39.786606
-39.786811
-39.787035
-39.787281
-39.787549
-39.787839
-39.788152
-39.788489
-39.788848
-39.78923
-39.789636
-39.790062
-39.79051
-39.790976
-39.791459
-39.791956
-39.792464
-39.79298
-39.793498
-39.794013
-39.79452
-39.795011
-39.795478
-39.795911
-39.796301
-39.796635
-39.796901
-39.797082
-39.797161
-39.797119
-39.796933
-39.796579
-39.796028
-39.795248
-39.794201
-39.792843
-39.791126
-39.788992
-39.786374
-39.783194
-39.779363
-39.774773
-39.769303
-39.762809
-39.755127
-39.746067
-39.735419
-39.722947
-39.708403
-39.691542
-39.672146
-39.650076
-39.625347
-39.598261
-39.56962
-39.540998
-39.514922
-39.495079
-39.486088
-39.738531
-39.738521
-39.73851
-39.738501
-39.738498
-39.738499
-39.738504
-39.73851
-39.738516
-39.738522
-39.738528
-39.738535
-39.738545
-39.738559
-39.738581
-39.738616
-39.73867
-39.738752
-39.738871
-39.739037
-39.739258
-39.739533
-39.739853
-39.740193
-39.740516
-39.740784
-39.740974
-39.741082
-39.741127
-39.741133
-39.741112
-39.741061
-39.740969
-39.740838
-39.7407
-39.740594
-39.740538
-39.740526
-39.740539
-39.740561
-39.740585
-39.740612
-39.740642
-39.740678
-39.740721
-39.74077
-39.740826
-39.740887
-39.740954
-39.741026
-39.741102
-39.741182
-39.741266
-39.741354
-39.741445
-39.741538
-39.741635
-39.741733
-39.741833
-39.741935
-39.742039
-39.742144
-39.74225
-39.742357
-39.742464
-39.742572
-39.742681
-39.74279
-39.7429
-39.74301
-39.74312
-39.743231
-39.743342
-39.743454
-39.743567
-39.74368
-39.743794
-39.743909
-39.744025
-39.744142
-39.744261
-39.74438
-39.744501
-39.744623
-39.744746
-39.74487
-39.744996
-39.745123
-39.745251
-39.74538
-39.745511
-39.745643
-39.745776
-39.74591
-39.746046
-39.746183
-39.74632
-39.746458
-39.746596
-39.746734
-39.746872
-39.747011
-39.747149
-39.747288
-39.747426
-39.747565
-39.747704
-39.747843
-39.747981
-39.74812
-39.748259
-39.748397
-39.748536
-39.748675
-39.748815
-39.748954
-39.749095
-39.749235
-39.749376
-39.749518
-39.749659
-39.749802
-39.749945
-39.750088
-39.750232
-39.750377
-39.750523
-39.75067
-39.750817
-39.750965
-39.751114
-39.751264
-39.751414
-39.751564
-39.751715
-39.751867
-39.752019
-39.752172
-39.752326
-39.752481
-39.752636
-39.752791
-39.752947
-39.753102
-39.753257
-39.753412
-39.753568
-39.753724
-39.753881
-39.754038
-39.754195
-39.754353
-39.75451
-39.754669
-39.754827
-39.754987
-39.755146
-39.755305
-39.755465
-39.755624
-39.755783
-39.755942
-39.756102
-39.756261
-39.756421
-39.756581
-39.756741
-39.756902
-39.757063
-39.757224
-39.757385
-39.757547
-39.757709
-39.75787
-39.758032
-39.758195
-39.758358
-39.758521
-39.758686
-39.75885
-39.759015
-39.759181
-39.759346
-39.759512
-39.759679
-39.759847
-39.760015
-39.760184
-39.760353
-39.760523
-39.760693
-39.760864
-39.761035
-39.761207
-39.761379
-39.761551
-39.761724
-39.761897
-39.762071
-39.762245
-39.762419
-39.762593
-39.762768
-39.762942
-39.763117
-39.763292
-39.763467
-39.763643
-39.763818
-39.763994
-39.76417
-39.764346
-39.764523
-39.7647
-39.764877
-39.765054
-39.765232
-39.76541
-39.765588
-39.765766
-39.765945
-39.766123
-39.766301
-39.76648
-39.766658
-39.766837
-39.767015
-39.767194
-39.767373
-39.767552
-39.767731
-39.767909
-39.768088
-39.768267
-39.768446
-39.768624
-39.768803
-39.768981
-39.769159
-39.769337
-39.769515
-39.769693
-39.76987
-39.770047
-39.770224
-39.7704
-39.770577
-39.770753
-39.770928
-39.771103
-39.771278
-39.771452
-39.771626
-39.7718
-39.771973
-39.772145
-39.772317
-39.772489
-39.772661
-39.772832
-39.773003
-39.773173
-39.773343
-39.773512
-39.773681
-39.77385
-39.774019
-39.774187
-39.774354
-39.774521
-39.774687
-39.774853
-39.775018
-39.775182
-39.775346
-39.775509
-39.775672
-39.775834
-39.775995
-39.776156
-39.776316
-39.776476
-39.776635
-39.776794
-39.776952
-39.77711
-39.777268
-39.777426
-39.777583
-39.777739
-39.777895
-39.778051
-39.778206
-39.778359
-39.778511
-39.778662
-39.778813
-39.778962
-39.77911
-39.779257
-39.779403
-39.779548
-39.779692
-39.779835
-39.779977
-39.780117
-39.780257
-39.780396
-39.780533
-39.78067
-39.780805
-39.780939
-39.781071
-39.781202
-39.781332
-39.781461
-39.781589
-39.781715
-39.78184
-39.781962
-39.782083
-39.782202
-39.782321
-39.782437
-39.782552
-39.782665
-39.782777
-39.782888
-39.782997
-39.783105
-39.783212
-39.783317
-39.783422
-39.783525
-39.783626
-39.783726
-39.783824
-39.78392
-39.784014
-39.784105
-39.784194
-39.784281
-39.784366
-39.784449
-39.784529
-39.784607
-39.784684
-39.784758
-39.78483
-39.784899
-39.784967
-39.785032
-39.785095
-39.785154
-39.78521
-39.785264
-39.785315
-39.785363
-39.785409
-39.785453
-39.785493
-39.785532
-39.785567
-39.7856
-39.785631
-39.78566
-39.785686
-39.78571
-39.785732
-39.785751
-39.785769
-39.785785
-39.785799
-39.785811
-39.78582
-39.785827
-39.785832
-39.785834
-39.785834
-39.785831
-39.785827
-39.785819
-39.785809
-39.785796
-39.78578
-39.785762
-39.785742
-39.78572
-39.785697
-39.785671
-39.785644
-39.785616
-39.785587
-39.785558
-39.785529
-39.7855
-39.785473
-39.785447
-39.785422
-39.7854
-39.78538
-39.785362
-39.785348
-39.785338
-39.785333
-39.785333
-39.785339
-39.785351
-39.785369
-39.785396
-39.785431
-39.785474
-39.785528
-39.785593
-39.785668
-39.785757
-39.785859
-39.785976
-39.786109
-39.786257
-39.786424
-39.786608
-39.786813
-39.787038
-39.787284
-39.787552
-39.787843
-39.788156
-39.788492
-39.788852
-39.789235
-39.78964
-39.790068
-39.790515
-39.790981
-39.791465
-39.791962
-39.79247
-39.792986
-39.793504
-39.794019
-39.794527
-39.795017
-39.795484
-39.795917
-39.796306
-39.79664
-39.796905
-39.797085
-39.797163
-39.797119
-39.796933
-39.796577
-39.796024
-39.795241
-39.79419
-39.792829
-39.791108
-39.788969
-39.786344
-39.783157
-39.779316
-39.774716
-39.769232
-39.762722
-39.755021
-39.74594
-39.735265
-39.722764
-39.708188
-39.691293
-39.671866
-39.649775
-39.625045
-39.597996
-39.569453
-39.54101
-39.515197
-39.495659
-39.486787
-39.738531
-39.73852
-39.738507
-39.738498
-39.738495
-39.738496
-39.738501
-39.738507
-39.738513
-39.738519
-39.738525
-39.738532
-39.73854
-39.738553
-39.738574
-39.738607
-39.73866
-39.73874
-39.738857
-39.739023
-39.739244
-39.739521
-39.739844
-39.74019
-39.74052
-39.740797
-39.740993
-39.741104
-39.741148
-39.74115
-39.741124
-39.741068
-39.740969
-39.740833
-39.740693
-39.740587
-39.740534
-39.740524
-39.740539
-39.740562
-39.740586
-39.740612
-39.740642
-39.740679
-39.740722
-39.740771
-39.740827
-39.740888
-39.740955
-39.741027
-39.741103
-39.741183
-39.741268
-39.741355
-39.741446
-39.74154
-39.741636
-39.741734
-39.741834
-39.741937
-39.74204
-39.742145
-39.742251
-39.742358
-39.742465
-39.742573
-39.742682
-39.742791
-39.742901
-39.743011
-39.743121
-39.743232
-39.743343
-39.743455
-39.743567
-39.74368
-39.743794
-39.743909
-39.744025
-39.744142
-39.744261
-39.74438
-39.744501
-39.744623
-39.744746
-39.744871
-39.744996
-39.745123
-39.745251
-39.74538
-39.745511
-39.745643
-39.745776
-39.745911
-39.746047
-39.746183
-39.746321
-39.746458
-39.746596
-39.746735
-39.746873
-39.747011
-39.747149
-39.747288
-39.747427
-39.747565
-39.747704
-39.747843
-39.747982
-39.74812
-39.748259
-39.748398
-39.748537
-39.748676
-39.748815
-39.748955
-39.749095
-39.749235
-39.749376
-39.749518
-39.74966
-39.749802
-39.749945
-39.750089
-39.750233
-39.750378
-39.750523
-39.75067
-39.750817
-39.750965
-39.751114
-39.751264
-39.751414
-39.751565
-39.751716
-39.751867
-39.752019
-39.752172
-39.752326
-39.752481
-39.752636
-39.752792
-39.752947
-39.753102
-39.753257
-39.753412
-39.753568
-39.753724
-39.753881
-39.754038
-39.754195
-39.754353
-39.754511
-39.754669
-39.754828
-39.754987
-39.755146
-39.755306
-39.755465
-39.755624
-39.755783
-39.755943
-39.756102
-39.756261
-39.756421
-39.756581
-39.756742
-39.756902
-39.757063
-39.757224
-39.757386
-39.757547
-39.757709
-39.757871
-39.758033
-39.758195
-39.758358
-39.758522
-39.758686
-39.75885
-39.759016
-39.759181
-39.759347
-39.759513
-39.759679
-39.759847
-39.760015
-39.760184
-39.760354
-39.760523
-39.760693
-39.760864
-39.761035
-39.761207
-39.761379
-39.761551
-39.761724
-39.761898
-39.762072
-39.762245
-39.76242
-39.762594
-39.762768
-39.762943
-39.763118
-39.763293
-39.763468
-39.763643
-39.763819
-39.763994
-39.76417
-39.764346
-39.764523
-39.7647
-39.764878
-39.765055
-39.765232
-39.76541
-39.765588
-39.765766
-39.765945
-39.766123
-39.766302
-39.76648
-39.766659
-39.766837
-39.767016
-39.767195
-39.767374
-39.767552
-39.767731
-39.76791
-39.768089
-39.768268
-39.768446
-39.768625
-39.768803
-39.768981
-39.76916
-39.769337
-39.769516
-39.769693
-39.769871
-39.770048
-39.770224
-39.770401
-39.770577
-39.770753
-39.770928
-39.771103
-39.771278
-39.771453
-39.771627
-39.7718
-39.771973
-39.772146
-39.772318
-39.77249
-39.772661
-39.772832
-39.773003
-39.773173
-39.773343
-39.773513
-39.773682
-39.773851
-39.774019
-39.774187
-39.774355
-39.774522
-39.774688
-39.774853
-39.775018
-39.775183
-39.775346
-39.77551
-39.775672
-39.775834
-39.775996
-39.776157
-39.776317
-39.776476
-39.776636
-39.776794
-39.776953
-39.777111
-39.777269
-39.777426
-39.777583
-39.77774
-39.777896
-39.778051
-39.778206
-39.77836
-39.778512
-39.778663
-39.778813
-39.778962
-39.77911
-39.779257
-39.779403
-39.779548
-39.779693
-39.779835
-39.779977
-39.780117
-39.780257
-39.780396
-39.780534
-39.78067
-39.780806
-39.780939
-39.781071
-39.781202
-39.781332
-39.781461
-39.781589
-39.781715
-39.78184
-39.781962
-39.782084
-39.782203
-39.782321
-39.782437
-39.782552
-39.782665
-39.782777
-39.782888
-39.782998
-39.783106
-39.783212
-39.783318
-39.783422
-39.783526
-39.783627
-39.783726
-39.783824
-39.78392
-39.784014
-39.784105
-39.784194
-39.784281
-39.784366
-39.784449
-39.784529
-39.784608
-39.784684
-39.784758
-39.78483
-39.7849
-39.784967
-39.785033
-39.785095
-39.785154
-39.78521
-39.785264
-39.785315
-39.785363
-39.78541
-39.785453
-39.785494
-39.785532
-39.785567
-39.785601
-39.785632
-39.78566
-39.785686
-39.78571
-39.785732
-39.785751
-39.785769
-39.785785
-39.785799
-39.785811
-39.78582
-39.785827
-39.785832
-39.785834
-39.785834
-39.785831
-39.785826
-39.785819
-39.785809
-39.785796
-39.78578
-39.785762
-39.785742
-39.78572
-39.785697
-39.785671
-39.785644
-39.785615
-39.785586
-39.785557
-39.785529
-39.7855
-39.785473
-39.785447
-39.785422
-39.7854
-39.785379
-39.785362
-39.785348
-39.785338
-39.785333
-39.785332
-39.785338
-39.78535
-39.785369
-39.785396
-39.785431
-39.785474
-39.785528
-39.785593
-39.785668
-39.785757
-39.78586
-39.785976
-39.786109
-39.786257
-39.786424
-39.786609
-39.786814
-39.787039
-39.787285
-39.787554
-39.787845
-39.788158
-39.788495
-39.788855
-39.789238
-39.789644
-39.790071
-39.790519
-39.790986
-39.79147
-39.791967
-39.792476
-39.792992
-39.79351
-39.794026
-39.794534
-39.795024
-39.795491
-39.795925
-39.796315
-39.796649
-39.796914
-39.797094
-39.797172
-39.797128
-39.796941
-39.796586
-39.796032
-39.795249
-39.794198
-39.792836
-39.791114
-39.788973
-39.786347
-39.783158
-39.779314
-39.77471
-39.769222
-39.762706
-39.754998
-39.745907
-39.735221
-39.722705
-39.708112
-39.691198
-39.67175
-39.649638
-39.624896
-39.597848
-39.569335
-39.540961
-39.515262
-39.495854
-39.486967
)
;

boundaryField
{
    leftWall
    {
        type            fixedFluxPressure;
        gradient        uniform 0;
        value           nonuniform List<scalar> 
160
(
2.1712892
2.1553328
2.0218915
2.0388519
2.0358365
2.0348109
2.0351156
2.0352238
2.0072297
-16.026693
-39.738795
-39.738054
-39.738163
-39.738102
-39.738057
-39.738036
-39.738035
-39.738048
-39.73807
-39.738088
-39.738086
-39.738083
-39.738081
-39.738081
-39.738082
-39.738084
-39.738089
-39.738093
-39.7381
-39.738107
-39.738114
-39.738124
-39.738135
-39.738147
-39.73816
-39.738175
-39.738191
-39.738209
-39.738228
-39.738248
-39.738267
-39.738282
-39.7383
-39.738324
-39.738347
-39.738358
-39.738366
-39.738373
-39.738381
-39.738389
-39.738397
-39.738404
-39.738412
-39.73842
-39.738427
-39.738435
-39.738443
-39.73845
-39.738458
-39.738465
-39.738472
-39.738479
-39.738486
-39.738493
-39.7385
-39.738506
-39.738512
-39.738518
-39.738524
-39.738529
-39.738535
-39.73854
-39.738545
-39.73855
-39.738555
-39.738559
-39.738564
-39.738568
-39.738572
-39.738576
-39.738579
-39.738583
-39.738586
-39.73859
-39.738593
-39.738596
-39.738598
-39.738601
-39.738604
-39.738606
-39.738608
-39.73861
-39.738612
-39.738614
-39.738616
-39.738617
-39.738619
-39.73862
-39.738621
-39.738622
-39.738623
-39.738624
-39.738624
-39.738625
-39.738625
-39.738625
-39.738625
-39.738625
-39.738625
-39.738625
-39.738624
-39.738624
-39.738623
-39.738622
-39.738621
-39.73862
-39.738619
-39.738618
-39.738617
-39.738615
-39.738614
-39.738612
-39.73861
-39.738608
-39.738606
-39.738604
-39.738602
-39.7386
-39.738598
-39.738596
-39.738593
-39.738591
-39.738589
-39.738586
-39.738584
-39.738581
-39.738579
-39.738576
-39.738574
-39.738571
-39.738569
-39.738566
-39.738564
-39.738561
-39.738559
-39.738556
-39.738554
-39.738551
-39.738549
-39.738546
-39.738544
-39.738542
-39.738539
-39.738537
-39.738535
-39.738534
-39.738532
-39.738531
-39.738531
-39.738531
)
;
    }
    rightWall
    {
        type            fixedFluxPressure;
        gradient        uniform 0;
        value           nonuniform List<scalar> 
160
(
114.33494
110.02392
104.46356
97.651942
91.14359
91.832897
107.23195
137.75536
176.22206
215.63345
234.48708
228.43368
194.9647
141.20541
90.082196
70.849425
80.965315
93.509649
98.94772
98.776679
99.488466
101.821
104.34644
105.47354
105.68602
106.38763
106.15962
100.1702
105.10575
114.82481
116.97248
114.63925
108.78399
110.24612
114.69127
101.96785
62.815454
82.685178
107.57226
122.01992
136.90173
148.42781
152.53122
143.83148
136.42425
142.46476
160.76076
172.71352
164.77501
165.39449
172.59241
181.68512
192.69873
193.34127
200.35041
205.83356
209.59623
174.00051
95.993353
102.41668
112.60676
118.83841
123.41069
126.88873
132.86427
141.02881
146.15197
150.26296
154.83927
156.88613
155.99945
171.91068
158.48582
70.326246
-34.442395
-39.532748
-39.49806
-39.453914
-39.406382
-39.493204
-39.541983
-39.598909
-39.680602
-31.14306
63.05681
189.47117
270.9639
330.39715
341.75972
340.64673
345.70038
348.66487
351.07208
354.32408
357.90087
361.44107
365.02696
368.80586
370.91366
377.2587
388.61471
324.98614
39.933689
11.485835
25.550883
69.438005
71.547704
73.340131
75.865667
78.128811
78.943027
77.523487
84.817641
90.688067
93.040874
85.658846
86.48896
85.047007
-5.9291235
-31.043017
-19.827163
-8.5513674
-7.9132418
-8.3665295
-8.1960534
-7.8050996
-7.4604701
-7.1019354
-6.9578811
-6.6980724
-5.894978
-8.4498445
-34.339247
-39.024847
-39.147184
-39.200637
-39.240862
-39.276476
-39.307047
-39.333381
-39.356091
-39.375615
-39.392409
-39.406885
-39.41939
-39.430217
-39.43961
-39.447769
-39.454859
-39.461015
-39.466348
-39.470945
-39.474876
-39.478196
-39.480948
-39.483167
-39.484876
-39.486088
-39.486787
-39.486967
)
;
    }
    lowerWall
    {
        type            fixedFluxPressure;
        gradient        uniform 0;
        value           nonuniform List<scalar> 
480
(
2.1712892
1.939233
1.9929986
1.972237
1.9689183
1.9602879
1.9561469
1.9551572
1.9568631
1.9606308
1.9661424
1.9733376
1.9821748
1.9924992
2.0039279
2.0158206
2.0272876
2.0372235
2.0442582
2.0468584
2.0430115
2.029945
2.0046986
1.9670174
1.9278436
1.9135452
1.9499398
2.04299
2.1562639
2.245556
2.2904328
2.300932
2.2972993
2.2929401
2.292571
2.2959686
2.3017624
2.3090889
2.3176085
2.326894
2.3362816
2.3452147
2.3535911
2.361756
2.3700571
2.3787052
2.3877706
2.3972522
2.4071415
2.4173617
2.4277766
2.4383397
2.4492052
2.4606227
2.4725898
2.4850493
2.4980022
2.5109576
2.5234523
2.5353382
2.5468527
2.5581541
2.569017
2.5793209
2.5893458
2.600173
2.6123594
2.6255859
2.6389087
2.6513437
2.6629222
2.6734283
2.6828346
2.6921151
2.7013553
2.7100478
2.7185273
2.7272624
2.7362643
2.7455535
2.7550619
2.7642961
2.7730341
2.7815456
2.7898699
2.797739
2.8050999
2.8121419
2.8190458
2.8256976
2.8318189
2.8377805
2.8437839
2.8497164
2.8553289
2.8604839
2.8653053
2.8699948
2.8746807
2.8793376
2.8838712
2.8881494
2.8919966
2.895216
2.8976767
2.8994356
2.9007239
2.901867
2.9033577
2.9054615
2.9078053
2.9096567
2.9103905
2.9096815
2.9077315
2.90514
2.9025688
2.900835
2.9000059
2.8992151
2.8977428
2.8956554
2.8934499
2.8912851
2.8889196
2.8860718
2.8826001
2.8785389
2.8741681
2.8699487
2.8663283
2.8632652
2.8600975
2.8562389
2.8516485
2.8466174
2.8414594
2.8362417
2.8307503
2.8247738
2.8182802
2.8113555
2.8039749
2.7960031
2.7874091
2.7782519
2.7685441
2.7582354
2.7472646
2.7355912
2.7231987
2.7100907
2.6962847
2.6818058
2.6666793
2.6509242
2.6345487
2.6175499
2.5999178
2.5816427
2.5627189
2.5431515
2.5229535
2.5021469
2.4807585
2.4588232
2.4364028
2.4136886
2.3910346
2.3683959
2.3453603
2.3217805
2.2977202
2.2732834
2.2485493
2.2235808
2.1984176
2.1730761
2.1475625
2.1218771
2.0960156
2.0699762
2.0437593
2.0173591
1.9907742
1.9640124
1.9370769
1.909966
1.882684
1.8552341
1.8276131
1.7998159
1.7718366
1.7436687
1.7153093
1.6867607
1.6580266
1.6291092
1.6000091
1.570725
1.5412527
1.5115852
1.4817135
1.4516277
1.4213182
1.3907766
1.359995
1.328965
1.2976787
1.2661305
1.2343158
1.2022298
1.1698661
1.1372195
1.1042873
1.0710691
1.0375653
1.0037764
0.96970327
0.93534687
0.90070787
0.86578649
0.83058248
0.79509476
0.75932126
0.72325914
0.68690532
0.65025648
0.6133083
0.57605464
0.53848777
0.50059949
0.46238215
0.42382818
0.38492855
0.34567219
0.30604751
0.26604519
0.22565972
0.18488898
0.14373233
0.10219059
0.06026827
0.01797695
-0.024665965
-0.067641613
-0.11093664
-0.15454759
-0.19848107
-0.24275057
-0.2873719
-0.33235883
-0.37771948
-0.42345287
-0.46954714
-0.51598201
-0.56273625
-0.60979722
-0.65716819
-0.70486831
-0.75292419
-0.80136289
-0.85020558
-0.89946139
-0.94912834
-0.99919496
-1.049642
-1.1004497
-1.1516018
-1.2030872
-1.254906
-1.3070675
-1.3595829
-1.4124655
-1.4657365
-1.5194221
-1.5735505
-1.6281515
-1.683254
-1.7388894
-1.795113
-1.8519498
-1.9093351
-1.9667652
-2.0236482
-2.0806526
-2.1385962
-2.1975329
-2.2571968
-2.3173804
-2.3780394
-2.4391657
-2.5007187
-2.5626621
-2.624973
-2.6876483
-2.750706
-2.8141782
-2.8781066
-2.9425359
-3.0074919
-3.0729468
-3.1388263
-3.2050546
-3.2715858
-3.3384121
-3.4055464
-3.4730318
-3.5409651
-3.609476
-3.6786827
-3.7486459
-3.8193311
-3.8906025
-3.9622625
-4.0341153
-4.1060334
-4.1780156
-4.2501983
-4.3227819
-4.395915
-4.4695965
-4.5437079
-4.6180865
-4.6925817
-4.7671294
-4.8417841
-4.9166609
-4.991866
-5.0674664
-5.1434841
-5.2199037
-5.2966991
-5.3738587
-5.4513999
-5.5293594
-5.6077774
-5.68669
-5.7661045
-5.84603
-5.9264623
-6.0073993
-6.0888391
-6.1704029
-6.2535257
-6.3395538
-6.425651
-6.5093007
-6.59123
-6.6726872
-6.7547545
-6.8387265
-6.9251041
-7.0130152
-7.1009854
-7.187998
-7.2739583
-7.3594931
-7.4454188
-7.5322656
-7.6201195
-7.7087554
-7.7978777
-7.8873001
-7.9770042
-8.067099
-8.1577228
-8.2489707
-8.3408759
-8.4334175
-8.5265439
-8.6201939
-8.7143305
-8.8089632
-8.9041422
-8.999943
-9.0964462
-9.1937241
-9.2918174
-9.3907374
-9.490495
-9.5910989
-9.6925383
-9.7947315
-9.897603
-10.001133
-10.10508
-10.209741
-10.313832
-10.416112
-10.527786
-10.647982
-10.751783
-10.844021
-10.946746
-11.061073
-11.178131
-11.29476
-11.412137
-11.531424
-11.652644
-11.775306
-11.899044
-12.023776
-12.149559
-12.276469
-12.404571
-12.533879
-12.664326
-12.795804
-12.928185
-13.061377
-13.1953
-13.329912
-13.465226
-13.601282
-13.738136
-13.875944
-14.014468
-14.152734
-14.290121
-14.424718
-14.55721
-14.708854
-14.880147
-15.019156
-15.130957
-15.261179
-15.412535
-15.568393
-15.724168
-15.880576
-16.037399
-16.19439
-16.351866
-16.510332
-16.670149
-16.831459
-16.994207
-17.15821
-17.323285
-17.489319
-17.656364
-17.824774
-17.99465
-18.165806
-18.33928
-18.515406
-18.692549
-18.889041
-19.120275
-19.32501
-19.474268
-19.636579
-19.833114
-20.037288
-20.23945
-20.440508
-20.640059
-20.837079
-21.030405
-21.218224
-21.397567
-21.562543
-21.699473
-21.776008
-21.718908
-21.365566
-20.412034
-18.245892
-13.622168
-5.0118858
8.291042
24.287471
35.905909
58.171097
74.663539
65.720794
18.896837
114.33494
)
;
    }
    atmosphere
    {
        type            fixedFluxPressure;
        gradient        uniform 0;
        value           nonuniform List<scalar> 
480
(
-39.738531
-39.73852
-39.738507
-39.738498
-39.738495
-39.738496
-39.738501
-39.738507
-39.738513
-39.738519
-39.738525
-39.738532
-39.73854
-39.738553
-39.738574
-39.738607
-39.73866
-39.73874
-39.738857
-39.739023
-39.739244
-39.739521
-39.739844
-39.74019
-39.74052
-39.740797
-39.740993
-39.741104
-39.741148
-39.74115
-39.741124
-39.741068
-39.740969
-39.740833
-39.740693
-39.740587
-39.740534
-39.740524
-39.740539
-39.740562
-39.740586
-39.740612
-39.740642
-39.740679
-39.740722
-39.740771
-39.740827
-39.740888
-39.740955
-39.741027
-39.741103
-39.741183
-39.741268
-39.741355
-39.741446
-39.74154
-39.741636
-39.741734
-39.741834
-39.741937
-39.74204
-39.742145
-39.742251
-39.742358
-39.742465
-39.742573
-39.742682
-39.742791
-39.742901
-39.743011
-39.743121
-39.743232
-39.743343
-39.743455
-39.743567
-39.74368
-39.743794
-39.743909
-39.744025
-39.744142
-39.744261
-39.74438
-39.744501
-39.744623
-39.744746
-39.744871
-39.744996
-39.745123
-39.745251
-39.74538
-39.745511
-39.745643
-39.745776
-39.745911
-39.746047
-39.746183
-39.746321
-39.746458
-39.746596
-39.746735
-39.746873
-39.747011
-39.747149
-39.747288
-39.747427
-39.747565
-39.747704
-39.747843
-39.747982
-39.74812
-39.748259
-39.748398
-39.748537
-39.748676
-39.748815
-39.748955
-39.749095
-39.749235
-39.749376
-39.749518
-39.74966
-39.749802
-39.749945
-39.750089
-39.750233
-39.750378
-39.750523
-39.75067
-39.750817
-39.750965
-39.751114
-39.751264
-39.751414
-39.751565
-39.751716
-39.751867
-39.752019
-39.752172
-39.752326
-39.752481
-39.752636
-39.752792
-39.752947
-39.753102
-39.753257
-39.753412
-39.753568
-39.753724
-39.753881
-39.754038
-39.754195
-39.754353
-39.754511
-39.754669
-39.754828
-39.754987
-39.755146
-39.755306
-39.755465
-39.755624
-39.755783
-39.755943
-39.756102
-39.756261
-39.756421
-39.756581
-39.756742
-39.756902
-39.757063
-39.757224
-39.757386
-39.757547
-39.757709
-39.757871
-39.758033
-39.758195
-39.758358
-39.758522
-39.758686
-39.75885
-39.759016
-39.759181
-39.759347
-39.759513
-39.759679
-39.759847
-39.760015
-39.760184
-39.760354
-39.760523
-39.760693
-39.760864
-39.761035
-39.761207
-39.761379
-39.761551
-39.761724
-39.761898
-39.762072
-39.762245
-39.76242
-39.762594
-39.762768
-39.762943
-39.763118
-39.763293
-39.763468
-39.763643
-39.763819
-39.763994
-39.76417
-39.764346
-39.764523
-39.7647
-39.764878
-39.765055
-39.765232
-39.76541
-39.765588
-39.765766
-39.765945
-39.766123
-39.766302
-39.76648
-39.766659
-39.766837
-39.767016
-39.767195
-39.767374
-39.767552
-39.767731
-39.76791
-39.768089
-39.768268
-39.768446
-39.768625
-39.768803
-39.768981
-39.76916
-39.769337
-39.769516
-39.769693
-39.769871
-39.770048
-39.770224
-39.770401
-39.770577
-39.770753
-39.770928
-39.771103
-39.771278
-39.771453
-39.771627
-39.7718
-39.771973
-39.772146
-39.772318
-39.77249
-39.772661
-39.772832
-39.773003
-39.773173
-39.773343
-39.773513
-39.773682
-39.773851
-39.774019
-39.774187
-39.774355
-39.774522
-39.774688
-39.774853
-39.775018
-39.775183
-39.775346
-39.77551
-39.775672
-39.775834
-39.775996
-39.776157
-39.776317
-39.776476
-39.776636
-39.776794
-39.776953
-39.777111
-39.777269
-39.777426
-39.777583
-39.77774
-39.777896
-39.778051
-39.778206
-39.77836
-39.778512
-39.778663
-39.778813
-39.778962
-39.77911
-39.779257
-39.779403
-39.779548
-39.779693
-39.779835
-39.779977
-39.780117
-39.780257
-39.780396
-39.780534
-39.78067
-39.780806
-39.780939
-39.781071
-39.781202
-39.781332
-39.781461
-39.781589
-39.781715
-39.78184
-39.781962
-39.782084
-39.782203
-39.782321
-39.782437
-39.782552
-39.782665
-39.782777
-39.782888
-39.782998
-39.783106
-39.783212
-39.783318
-39.783422
-39.783526
-39.783627
-39.783726
-39.783824
-39.78392
-39.784014
-39.784105
-39.784194
-39.784281
-39.784366
-39.784449
-39.784529
-39.784608
-39.784684
-39.784758
-39.78483
-39.7849
-39.784967
-39.785033
-39.785095
-39.785154
-39.78521
-39.785264
-39.785315
-39.785363
-39.78541
-39.785453
-39.785494
-39.785532
-39.785567
-39.785601
-39.785632
-39.78566
-39.785686
-39.78571
-39.785732
-39.785751
-39.785769
-39.785785
-39.785799
-39.785811
-39.78582
-39.785827
-39.785832
-39.785834
-39.785834
-39.785831
-39.785826
-39.785819
-39.785809
-39.785796
-39.78578
-39.785762
-39.785742
-39.78572
-39.785697
-39.785671
-39.785644
-39.785615
-39.785586
-39.785557
-39.785529
-39.7855
-39.785473
-39.785447
-39.785422
-39.7854
-39.785379
-39.785362
-39.785348
-39.785338
-39.785333
-39.785332
-39.785338
-39.78535
-39.785369
-39.785396
-39.785431
-39.785474
-39.785528
-39.785593
-39.785668
-39.785757
-39.78586
-39.785976
-39.786109
-39.786257
-39.786424
-39.786609
-39.786814
-39.787039
-39.787285
-39.787554
-39.787845
-39.788158
-39.788495
-39.788855
-39.789238
-39.789644
-39.790071
-39.790519
-39.790986
-39.79147
-39.791967
-39.792476
-39.792992
-39.79351
-39.794026
-39.794534
-39.795024
-39.795491
-39.795925
-39.796315
-39.796649
-39.796914
-39.797094
-39.797172
-39.797128
-39.796941
-39.796586
-39.796032
-39.795249
-39.794198
-39.792836
-39.791114
-39.788973
-39.786347
-39.783158
-39.779314
-39.77471
-39.769222
-39.762706
-39.754998
-39.745907
-39.735221
-39.722705
-39.708112
-39.691198
-39.67175
-39.649638
-39.624896
-39.597848
-39.569335
-39.540961
-39.515262
-39.495854
-39.486967
)
;
    }
    defaultFaces
    {
        type            empty;
    }
}


// ************************************************************************* //
