/*--------------------------------*- C++ -*----------------------------------*\
| =========                 |                                                 |
| \\      /  F ield         | OpenFOAM: The Open Source CFD Toolbox           |
|  \\    /   O peration     | Version:  2606                                  |
|   \\  /    A nd           | Website:  www.openfoam.com                      |
|    \\/     M anipulation  |                                                 |
\*---------------------------------------------------------------------------*/
FoamFile
{
    version     2.0;
    format      ascii;
    arch        "LSB;label=32;scalar=64";
    class       surfaceScalarField;
    location    "0.1";
    object      phi;
}
// * * * * * * * * * * * * * * * * * * * * * * * * * * * * * * * * * * * * * //

dimensions      [0 3 -1 0 0 0 0];

oriented        oriented;

internalField   nonuniform List<scalar> 
9340
(
1.2433082e-08
-1.243308e-08
3.0517796e-08
-1.8084714e-08
4.8201047e-08
-1.7683252e-08
6.5216209e-08
-1.7015162e-08
8.2344125e-08
-1.7127916e-08
1.0007245e-07
-1.7728328e-08
1.1862384e-07
-1.8551392e-08
1.3813926e-07
-1.9515421e-08
1.587613e-07
-2.0622032e-08
1.8065239e-07
-2.1891097e-08
2.0399835e-07
-2.3345959e-08
2.2900245e-07
-2.5004102e-08
2.5588182e-07
-2.687937e-08
2.848661e-07
-2.8984273e-08
3.1618366e-07
-3.131756e-08
3.5003532e-07
-3.3851665e-08
3.8655664e-07
-3.652132e-08
4.2575048e-07
-3.9193837e-08
4.6738537e-07
-4.1634889e-08
5.1092748e-07
-4.3542108e-08
5.5572612e-07
-4.4798647e-08
6.0098539e-07
-4.5259263e-08
6.4593601e-07
-4.4950626e-08
6.897471e-07
-4.3811092e-08
7.3146335e-07
-4.1716246e-08
7.7095189e-07
-3.9488542e-08
8.0759603e-07
-3.6644142e-08
8.3942883e-07
-3.18328e-08
8.6610307e-07
-2.6674232e-08
8.8873568e-07
-2.2632614e-08
9.0649081e-07
-1.7755125e-08
9.1842806e-07
-1.1937252e-08
9.2749575e-07
-9.0676977e-09
9.3730257e-07
-9.8068158e-09
9.470171e-07
-9.7145261e-09
9.5906313e-07
-1.2046041e-08
9.7250718e-07
-1.3444054e-08
9.5807347e-07
1.4433717e-08
8.7093092e-07
8.7142543e-08
7.2642517e-07
1.4450575e-07
5.7442355e-07
1.5200161e-07
4.5036936e-07
1.2405421e-07
3.5724431e-07
9.3125147e-08
2.8494876e-07
7.229553e-08
2.2795914e-07
5.6989571e-08
1.8316104e-07
4.4798069e-08
1.4800797e-07
3.51531e-08
1.203631e-07
2.7644866e-08
9.8500148e-08
2.1862917e-08
8.1082166e-08
1.7417953e-08
6.7096184e-08
1.3986013e-08
5.5779733e-08
1.1316456e-08
4.6558071e-08
9.2216412e-09
3.8995206e-08
7.5628753e-09
3.2757408e-08
6.2378016e-09
2.7586821e-08
5.1705868e-09
2.3282261e-08
4.3045864e-09
1.9685218e-08
3.5970514e-09
1.6669759e-08
3.0154367e-09
1.4134872e-08
2.5348691e-09
1.199893e-08
2.1359803e-09
1.019535e-08
1.803554e-09
8.6698771e-09
1.5254693e-09
7.3777239e-09
1.2921463e-09
6.2818327e-09
1.0958673e-09
5.3514176e-09
9.30397e-10
4.5607733e-09
7.9063671e-10
3.8883732e-09
6.7239533e-10
3.3161498e-09
5.7222125e-10
2.8288973e-09
4.8725399e-10
2.4137903e-09
4.1510958e-10
2.0599938e-09
3.5379606e-10
1.7583412e-09
3.0164463e-10
1.5010691e-09
2.572551e-10
1.2815985e-09
2.194534e-10
1.0943411e-09
1.8725205e-10
9.3453777e-10
1.5981162e-10
7.9813354e-10
1.3641623e-10
6.8167921e-10
1.1646063e-10
5.8224231e-10
9.943501e-11
4.9732696e-10
8.4906023e-11
4.2480837e-10
7.2503441e-11
3.6287794e-10
6.1914726e-11
3.0999002e-10
5.2879079e-11
2.6482487e-10
4.5165937e-11
2.2625063e-10
3.8581068e-11
1.9330084e-10
3.2958588e-11
1.6515302e-10
2.8157294e-11
1.4110299e-10
2.4057932e-11
1.2055051e-10
2.0554168e-11
1.0298412e-10
1.7560631e-11
8.797817e-11
1.4999119e-11
7.5164334e-11
1.2813783e-11
6.4220737e-11
1.0950668e-11
5.4872204e-11
9.3561951e-12
4.6882363e-11
7.993857e-12
4.0059598e-11
6.8260129e-12
3.4236375e-11
5.8304685e-12
2.9265255e-11
4.9821703e-12
2.5016328e-11
4.2592768e-12
2.1381103e-11
3.6417624e-12
1.8272037e-11
3.1124313e-12
1.5612469e-11
2.6612588e-12
1.333639e-11
2.2758643e-12
1.1389222e-11
1.9444407e-12
9.725352e-12
1.6600385e-12
8.306164e-12
1.4172645e-12
7.0970171e-12
1.2115149e-12
6.0678354e-12
1.0368543e-12
5.19306e-12
8.8829293e-13
4.450782e-12
7.6151637e-13
3.8179067e-12
6.552431e-13
3.2749933e-12
5.6311101e-13
2.8070515e-12
4.8133087e-13
2.4039882e-12
4.096637e-13
2.0590759e-12
3.4916233e-13
1.7656101e-12
2.9925382e-13
1.5158424e-12
2.554047e-13
1.3017683e-12
2.1124199e-13
1.0596849e-12
1.5907859e-13
9.1339712e-13
2.0694446e-13
7.8394989e-13
1.6676291e-13
6.7089418e-13
1.3051898e-13
5.7095441e-13
1.0171747e-13
4.866386e-13
8.2777214e-14
4.189449e-13
7.0874839e-14
3.6540994e-13
6.3345855e-14
3.2153251e-13
5.714219e-14
2.8090311e-13
5.1029756e-14
2.3989364e-13
4.307057e-14
2.0098698e-13
3.2403449e-14
1.6910587e-13
2.2750756e-14
1.4914213e-13
1.6106404e-14
1.3979979e-13
1.4491446e-14
1.3473819e-13
1.5977982e-14
1.2652952e-13
1.7577868e-14
1.1274792e-13
1.6105929e-14
9.5350139e-14
1.2780571e-14
7.8936263e-14
9.3779094e-15
6.6097627e-14
7.8570117e-15
5.6017994e-14
8.0256116e-15
4.6201491e-14
8.1245399e-15
3.5030885e-14
6.9097202e-15
2.3496915e-14
4.2346716e-15
1.3811649e-14
1.5417558e-15
7.3045446e-15
2.2203621e-16
2.7366826e-15
1.1250097e-15
-1.2506396e-15
2.2833286e-15
-6.4130548e-15
3.5037844e-15
-1.2544796e-14
3.9677532e-15
-1.7825635e-14
3.6091462e-15
-2.0223265e-14
2.7026726e-15
-1.9668972e-14
2.3200297e-15
-1.7450309e-14
2.5096928e-15
-1.4681618e-14
2.5831847e-15
-1.1899138e-14
2.6217541e-15
-8.2731791e-15
2.3775025e-15
-2.9274042e-15
2.2836873e-15
2.9557103e-15
3.7024484e-15
9.06411e-15
4.3390915e-15
1.3509971e-14
4.6543323e-15
1.47657e-14
4.3494551e-15
1.294404e-14
3.1050381e-15
1.0966453e-14
-6.7000474e-19
1.033106e-14
-2.1160317e-15
1.3105752e-14
-3.587998e-15
1.9563893e-14
-3.7109245e-15
2.8387555e-14
-2.756229e-15
3.6418263e-14
-6.3312119e-16
4.1816349e-14
5.0159877e-16
4.1924231e-14
1.8966781e-15
3.7426071e-14
1.6609607e-15
2.9388057e-14
1.1594687e-15
2.0582347e-14
-1.1040416e-16
1.2314909e-14
-5.4826806e-16
4.9067075e-15
-3.3490823e-17
-7.8232136e-16
-2.2258604e-16
-1.0444955e-14
5.3036026e-15
-2.4025398e-14
1.2806144e-14
-9.7875808e-16
1.556742e-14
-5.0775124e-14
-2.1759882e-14
-5.9017657e-14
-1.9310362e-14
-5.9013218e-14
-8.6415755e-15
-5.4549205e-14
-5.2285366e-16
-4.6906733e-14
1.1791726e-15
-3.8491041e-14
1.2411766e-15
-2.8497258e-14
1.4079383e-16
-1.5978826e-14
-4.0843424e-16
-1.2331869e-15
6.6309228e-16
1.3831647e-14
3.490286e-15
2.7822899e-14
5.7800781e-15
3.7811078e-14
7.9400048e-15
4.1073099e-14
9.9064386e-15
3.7419049e-14
1.0585761e-14
3.0466901e-14
8.2739034e-15
2.3040849e-14
5.5367178e-15
1.8058408e-14
2.8922794e-15
1.6685063e-14
1.3243284e-15
1.8183644e-14
1.0813633e-15
2.0602881e-14
1.7377473e-15
2.2253244e-14
2.2121107e-15
2.2004476e-14
2.2134907e-15
2.0495629e-14
9.9737199e-16
1.8035806e-14
-1.8363769e-17
1.6097363e-14
-1.4593755e-15
1.5042074e-14
-2.4118885e-15
1.4080017e-14
-2.365819e-15
1.2973026e-14
-2.4185948e-15
1.1242744e-14
-2.3581819e-15
9.1953924e-15
-2.4446032e-15
8.188536e-15
-3.0162264e-15
9.553013e-15
-3.6725188e-15
1.3845727e-14
-3.9642834e-15
2.0229161e-14
-3.4691188e-15
2.7196982e-14
-2.6951794e-15
3.2695083e-14
-1.8619647e-15
3.4780146e-14
-1.0066579e-15
3.2953085e-14
-6.3967039e-16
2.845454e-14
-1.1274231e-15
2.2898101e-14
-1.6843163e-15
1.8372784e-14
-2.3812761e-15
1.5708754e-14
-2.478143e-15
1.468426e-14
-2.0821914e-15
1.4407705e-14
-1.7329443e-15
1.3023373e-14
-1.1401411e-15
9.4541549e-15
-9.0801356e-16
4.061925e-15
-1.5781991e-15
-1.8780379e-15
-2.9013469e-15
-5.8846643e-15
-5.2307646e-15
-7.065521e-15
-6.829128e-15
-5.0312766e-15
-7.7927151e-15
-1.0909686e-15
-7.4541254e-15
3.6167981e-15
-6.9439676e-15
6.9315055e-15
-5.6934014e-15
7.7764449e-15
-4.5663637e-15
6.2721541e-15
-4.0304479e-15
3.484581e-15
-4.1912889e-15
8.1623787e-16
-4.8488258e-15
-1.2371754e-15
-5.0972699e-15
-7.5820343e-15
1.26075e-08
-2.504058e-08
3.0615161e-08
-3.6092376e-08
4.8192924e-08
-3.5261015e-08
6.5165366e-08
-3.3987605e-08
8.2282701e-08
-3.4245252e-08
1.0000225e-07
-3.5447877e-08
1.1853229e-07
-3.7081428e-08
1.3800905e-07
-3.8992187e-08
1.5857502e-07
-4.1187996e-08
1.8039372e-07
-4.3709795e-08
2.0365178e-07
-4.6604021e-08
2.2855382e-07
-4.9906141e-08
2.5532362e-07
-5.3649167e-08
2.8420395e-07
-5.7864609e-08
3.1545176e-07
-6.2565365e-08
3.4931372e-07
-6.7713632e-08
3.8598447e-07
-7.3192069e-08
4.2553443e-07
-7.8743796e-08
4.6776092e-07
-8.3861376e-08
5.1208146e-07
-8.7862645e-08
5.5802569e-07
-9.0742876e-08
6.0476005e-07
-9.1993632e-08
6.5192081e-07
-9.2111388e-08
6.9843659e-07
-9.0326867e-08
7.4290887e-07
-8.6188528e-08
7.8543147e-07
-8.2011139e-08
8.2397601e-07
-7.5188685e-08
8.5576008e-07
-6.3616867e-08
8.8324299e-07
-5.4157136e-08
9.0966045e-07
-4.9050081e-08
9.3174038e-07
-3.9835054e-08
9.4455772e-07
-2.4754588e-08
9.515908e-07
-1.6100785e-08
9.6267534e-07
-2.0891352e-08
9.8250967e-07
-2.9548862e-08
1.0281681e-06
-5.7704495e-08
1.0993524e-06
-8.4628271e-08
1.1394883e-06
-2.5702255e-08
1.1394753e-06
8.7155542e-08
1.0632829e-06
2.2069818e-07
8.7442892e-07
3.408556e-07
6.4918214e-07
3.4930092e-07
4.640691e-07
2.7823812e-07
3.400777e-07
1.9628693e-07
2.5781319e-07
1.3925408e-07
2.003109e-07
1.0230039e-07
1.5847738e-07
7.6986596e-08
1.2713585e-07
5.8986395e-08
1.0311133e-07
4.5887417e-08
8.4360138e-08
3.6169103e-08
6.9510178e-08
2.8835993e-08
5.7608504e-08
2.3218149e-08
4.7974838e-08
1.8855295e-08
4.0112235e-08
1.5425461e-08
3.3650405e-08
1.2699646e-08
2.8308639e-08
1.0512396e-08
2.3870893e-08
8.7423354e-09
2.0168733e-08
7.2991818e-09
1.70693e-08
6.1148977e-09
1.4466559e-08
5.1375496e-09
1.2275427e-08
4.3271361e-09
1.0426783e-08
3.6522315e-09
8.8641978e-09
3.088075e-09
7.5413176e-09
2.6150064e-09
6.4198809e-09
2.21728e-09
5.4681319e-09
1.8821311e-09
4.6596047e-09
1.5991523e-09
3.9721764e-09
1.3598197e-09
3.3872931e-09
1.1571096e-09
2.8893509e-09
9.852026e-10
2.4652003e-09
8.3925935e-10
2.1037398e-09
7.1524224e-10
1.7955847e-09
6.0977281e-10
1.5327951e-09
5.2001909e-10
1.3086405e-09
4.4360022e-10
1.1174004e-09
3.7850244e-10
9.5420418e-10
3.2302148e-10
8.1490859e-10
2.7571708e-10
6.9599119e-10
2.3537319e-10
5.9445459e-10
2.0095763e-10
5.0774678e-10
1.7159134e-10
4.336989e-10
1.4652686e-10
3.7046604e-10
1.2513279e-10
3.1647018e-10
1.0687551e-10
2.7035845e-10
9.1288885e-11
2.3097456e-10
7.7979712e-11
1.9733398e-10
6.6614138e-11
1.6859524e-10
5.6907955e-11
1.4403893e-10
4.8617374e-11
1.230521e-10
4.1534142e-11
1.0512101e-10
3.5483506e-11
8.9805259e-11
3.0315824e-11
7.672538e-11
2.5904206e-11
6.5551948e-11
2.2135412e-11
5.6002937e-11
1.8911605e-11
4.7842643e-11
1.6159627e-11
4.0875839e-11
1.3803993e-11
3.4932371e-11
1.1790828e-11
2.9856731e-11
1.0074657e-11
2.5520801e-11
8.607892e-12
2.1813405e-11
7.3579739e-12
1.864077e-11
6.2907723e-12
1.5925175e-11
5.377963e-12
1.3600693e-11
4.5960549e-12
1.1612526e-11
3.926365e-12
9.9150271e-12
3.3555351e-12
8.468412e-12
2.8705194e-12
7.23593e-12
2.4601432e-12
6.1869822e-12
2.1105758e-12
5.2953056e-12
1.8116912e-12
4.5373322e-12
1.554005e-12
3.8895801e-12
1.3332653e-12
3.3318021e-12
1.1410391e-12
2.8514915e-12
9.7196533e-13
2.4395873e-12
8.2802747e-13
2.0888855e-12
7.0775529e-13
1.7876975e-12
6.1013598e-13
1.5221487e-12
5.3353949e-13
1.2916773e-12
4.7227154e-13
1.1535158e-12
4.1590229e-13
9.0810919e-13
2.9722579e-13
7.7142991e-13
2.7755041e-13
6.625383e-13
2.4863044e-13
5.6985503e-13
2.1414056e-13
4.9042623e-13
1.8153354e-13
4.2449134e-13
1.5551597e-13
3.7125248e-13
1.3446325e-13
3.2478903e-13
1.1587126e-13
2.800275e-13
9.6942004e-14
2.3561168e-13
7.7973264e-14
1.9579232e-13
6.0323608e-14
1.6669748e-13
4.8091755e-14
1.5067875e-13
4.0993091e-14
1.4337797e-13
3.8121478e-14
1.3691843e-13
3.5754377e-14
1.2583236e-13
3.1461388e-14
1.1042641e-13
2.431036e-14
9.3427564e-14
1.9162671e-14
7.9139539e-14
1.5853975e-14
6.7873843e-14
1.5081506e-14
5.726609e-14
1.4548467e-14
4.4756356e-14
1.2427517e-14
3.0420325e-14
8.5695911e-15
1.572927e-14
5.2807435e-15
4.6922594e-15
2.0771819e-15
-2.5863224e-15
1.623623e-15
-7.129457e-15
2.7868391e-15
-1.182759e-14
4.5728133e-15
-1.6829857e-14
5.6883447e-15
-2.1453214e-14
6.7119164e-15
-2.4293185e-14
7.5696134e-15
-2.4851294e-14
8.2071116e-15
-2.3877362e-14
9.1528465e-15
-2.1845851e-14
9.5247826e-15
-1.9077722e-14
9.4277907e-15
-1.5349577e-14
9.8632489e-15
-1.0038805e-14
1.0631132e-14
-3.9504771e-15
1.2385706e-14
2.934212e-15
1.3592883e-14
7.5479651e-15
1.3673008e-14
8.6989198e-15
1.1686839e-14
7.1480956e-15
7.625828e-15
4.31683e-15
3.3229765e-15
2.3805239e-15
-1.0513902e-15
3.4735041e-15
-2.6858181e-15
8.7041015e-15
-2.8502703e-15
1.6997879e-14
-1.4966675e-15
2.6158845e-14
-1.7965258e-16
3.3559622e-14
7.0164232e-16
3.7010227e-14
-5.4221657e-16
3.5612119e-14
-1.7322829e-15
3.0295991e-14
-4.1093472e-15
2.300489e-14
-5.6956248e-15
1.5539692e-14
-6.6946719e-15
9.3274095e-15
-6.3054556e-15
4.6805168e-15
-5.2049823e-15
6.1579489e-16
-6.2095086e-15
-1.7209254e-15
-9.0156313e-15
-9.9416526e-15
-1.5393537e-14
-6.7098658e-14
-1.9558345e-14
-4.1983369e-14
1.7266421e-14
-5.1674274e-14
6.3754977e-17
-5.7211026e-14
2.7029084e-16
-5.553764e-14
2.5417298e-15
-5.0783815e-14
6.5774882e-15
-4.2256231e-14
9.1839936e-15
-3.0800385e-14
1.1243212e-14
-1.6547444e-14
1.3417385e-14
-1.7113606e-16
1.6332536e-14
1.6611378e-14
1.9502918e-14
2.9950221e-14
2.1537691e-14
3.720239e-14
2.1978366e-14
3.7784892e-14
2.0845434e-14
3.3124715e-14
1.8124279e-14
2.5613889e-14
1.3721683e-14
1.8824049e-14
9.8656076e-15
1.508203e-14
7.1225205e-15
1.4921511e-14
5.775086e-15
1.6970382e-14
5.5243066e-15
1.9562098e-14
5.0060335e-15
2.0587905e-14
3.9791491e-15
1.9306959e-14
2.3243391e-15
1.6509053e-14
-5.7587418e-16
1.3927928e-14
-3.3805074e-15
1.2292883e-14
-5.9345137e-15
1.1738253e-14
-7.6485499e-15
1.1295703e-14
-7.7394386e-15
1.0018536e-14
-7.4502649e-15
7.5287139e-15
-6.4705521e-15
5.3267747e-15
-5.9825958e-15
4.013775e-15
-4.9203263e-15
5.3570187e-15
-4.508036e-15
9.9149824e-15
-4.4519351e-15
1.6009445e-14
-3.7358473e-15
2.2168242e-14
-4.1330616e-15
2.589092e-14
-4.7020321e-15
2.5953881e-14
-5.4059203e-15
2.2683054e-14
-6.3456424e-15
1.7253617e-14
-7.0963513e-15
1.2325388e-14
-7.8031132e-15
9.2458745e-15
-7.9900116e-15
8.2785929e-15
-7.5004785e-15
8.837856e-15
-7.3073437e-15
8.9233609e-15
-7.461577e-15
7.5159786e-15
-8.3559558e-15
4.039922e-15
-9.7051734e-15
-3.4643012e-16
-1.209819e-14
-4.4079846e-15
-1.4150919e-14
-6.9228622e-15
-1.6034785e-14
-6.7536895e-15
-1.6851996e-14
-3.7006119e-15
-1.7304047e-14
4.6429579e-16
-1.6170954e-14
4.4226698e-15
-1.5698968e-14
6.2851601e-15
-1.4411804e-14
6.0273528e-15
-1.395148e-14
4.0063286e-15
-1.3912862e-14
9.547919e-16
-1.3972033e-14
-1.8459786e-15
-1.4456225e-14
-3.8567631e-15
-1.4402596e-14
-1.5584319e-14
1.2756809e-08
-3.7797389e-08
3.0370858e-08
-5.3706426e-08
4.7466009e-08
-5.2356166e-08
6.4085766e-08
-5.0607362e-08
8.0936488e-08
-5.1095975e-08
9.8398695e-08
-5.2910083e-08
1.1664607e-07
-5.53288e-08
1.3580824e-07
-5.8154359e-08
1.5602933e-07
-6.1409091e-08
1.7747336e-07
-6.5153828e-08
2.0032603e-07
-6.9456686e-08
2.2479037e-07
-7.4370484e-08
2.5109642e-07
-7.9955217e-08
2.7951475e-07
-8.6282938e-08
3.1038056e-07
-9.3431168e-08
3.4403685e-07
-1.0136992e-07
3.807942e-07
-1.0994942e-07
4.2090199e-07
-1.1885158e-07
4.6429321e-07
-1.272526e-07
5.1035999e-07
-1.3392942e-07
5.5977296e-07
-1.4015585e-07
6.1132854e-07
-1.4354921e-07
6.6524981e-07
-1.4603266e-07
7.177753e-07
-1.4285236e-07
7.6346556e-07
-1.3187878e-07
8.050732e-07
-1.2361878e-07
8.3840221e-07
-1.0851769e-07
8.5177397e-07
-7.6988631e-08
8.4796129e-07
-5.0344453e-08
8.4778947e-07
-4.8878259e-08
8.6446144e-07
-5.6507026e-08
8.8362909e-07
-4.3922235e-08
8.6985509e-07
-2.3267811e-09
8.174574e-07
3.1506334e-08
7.6635203e-07
2.1556504e-08
8.0813298e-07
-9.9485476e-08
9.1084176e-07
-1.8733706e-07
9.5798782e-07
-7.2848331e-08
9.273886e-07
1.1775476e-07
8.2738092e-07
3.2070586e-07
6.5122991e-07
5.1700659e-07
4.7561566e-07
5.2491517e-07
3.5489516e-07
3.9895861e-07
2.7225941e-07
2.7892266e-07
2.1299852e-07
1.9851497e-07
1.6950696e-07
1.4579198e-07
1.3677651e-07
1.0971704e-07
1.1154179e-07
8.4221088e-08
9.1708593e-08
6.5720665e-08
7.5886614e-08
5.1991088e-08
6.3117535e-08
4.1605033e-08
5.2717497e-08
3.3618187e-08
4.4184006e-08
2.738879e-08
3.7139249e-08
2.2470216e-08
3.1293858e-08
1.8545056e-08
2.6422786e-08
1.5383469e-08
2.2348842e-08
1.2816253e-08
1.8931066e-08
1.0716976e-08
1.6056196e-08
8.9898118e-09
1.3632515e-08
7.5612729e-09
1.1585248e-08
6.3743284e-09
9.85316e-09
5.3842885e-09
8.3856191e-09
4.5555777e-09
7.1407278e-09
3.859876e-09
6.0836153e-09
3.2743861e-09
5.1851593e-09
2.7805846e-09
4.4209718e-09
2.3633453e-09
3.7705668e-09
2.0102399e-09
3.2166905e-09
1.7110012e-09
2.7447865e-09
1.4571131e-09
2.3425532e-09
1.2414855e-09
1.9995806e-09
1.0581943e-09
1.707052e-09
9.0227609e-10
1.4574924e-09
7.6956222e-10
1.2445504e-09
6.5653912e-10
1.0628192e-09
5.6023701e-10
9.0769674e-10
4.7814727e-10
7.7526623e-10
4.0814972e-10
6.6219011e-10
3.4844702e-10
5.6562385e-10
2.9751042e-10
4.8314929e-10
2.5404177e-10
4.1271077e-10
2.1694302e-10
3.5255608e-10
1.8527906e-10
3.0118432e-10
1.5825281e-10
2.5730853e-10
1.3517648e-10
2.198317e-10
1.1546977e-10
1.8781885e-10
9.8640054e-11
1.6046892e-10
8.4266752e-11
1.3709652e-10
7.1989844e-11
1.1712191e-10
6.1502281e-11
1.0005646e-10
5.2544407e-11
8.5480728e-11
4.4893685e-11
7.3030015e-11
3.8359707e-11
6.2391047e-11
3.2776013e-11
5.3298418e-11
2.8003677e-11
4.5535372e-11
2.3926257e-11
3.8908695e-11
2.0442138e-11
3.3251321e-11
1.74655e-11
2.8421008e-11
1.4924039e-11
2.4294261e-11
1.2752695e-11
2.0765599e-11
1.0900865e-11
1.7745627e-11
9.3171493e-12
1.5158629e-11
7.9616282e-12
1.2944292e-11
6.8013118e-12
1.1053402e-11
5.8104966e-12
9.4401744e-12
4.9701885e-12
8.0653167e-12
4.2551564e-12
6.8922385e-12
3.6484556e-12
5.8930878e-12
3.1284554e-12
5.0434038e-12
2.6825034e-12
4.3183397e-12
2.2996556e-12
3.6973174e-12
1.9697713e-12
3.1648383e-12
1.6819835e-12
2.7080157e-12
1.4336843e-12
2.3206516e-12
1.221927e-12
1.9928565e-12
1.0433965e-12
1.7128789e-12
8.8981773e-13
1.4631776e-12
7.6110583e-13
1.2321552e-12
6.570004e-13
1.041396e-12
5.8514969e-13
8.8161976e-13
4.5001271e-13
7.3870636e-13
3.8812927e-13
6.2738785e-13
3.4716888e-13
5.3819242e-13
3.0736752e-13
4.6390898e-13
2.6806466e-13
4.0254467e-13
2.3160674e-13
3.5152627e-13
1.9793452e-13
3.0533062e-13
1.6734323e-13
2.6044532e-13
1.3789116e-13
2.1791513e-13
1.1127494e-13
1.8216067e-13
8.9770457e-14
1.5845388e-13
7.4845248e-14
1.4592652e-13
6.5362577e-14
1.3928542e-13
5.8345818e-14
1.3147999e-13
5.1095783e-14
1.1958743e-13
4.2195302e-14
1.0404979e-13
3.3500347e-14
8.9308125e-14
2.7892839e-14
7.7088642e-14
2.4861358e-14
6.6116823e-14
2.3517598e-14
5.4078923e-14
2.0856136e-14
3.9591792e-14
1.6446748e-14
2.4586082e-14
1.0706748e-14
1.2365957e-14
6.4238431e-15
4.1872893e-15
3.6317205e-15
-9.5892231e-16
4.0520673e-15
-5.2674688e-15
5.6994499e-15
-1.0401636e-14
7.5843673e-15
-1.6334017e-14
8.8407724e-15
-2.147605e-14
1.0077668e-14
-2.4507521e-14
1.1320986e-14
-2.5272873e-14
1.2303474e-14
-2.4392002e-14
1.3264223e-14
-2.2589622e-14
1.3639585e-14
-1.9834779e-14
1.3858845e-14
-1.573623e-14
1.5247482e-14
-9.7451086e-15
1.6827571e-14
-3.4221617e-15
1.9722023e-14
2.0466774e-15
2.0582971e-14
4.9975999e-15
1.923795e-14
5.0525061e-15
1.5005773e-14
2.7710581e-15
9.2648594e-15
5.4936371e-16
3.8263977e-15
3.0181553e-17
-1.405119e-17
3.0440117e-15
-8.1546547e-16
9.4061806e-15
8.6234028e-17
1.779351e-14
1.85406e-15
2.6302844e-14
2.3614542e-15
3.2765128e-14
1.5711587e-15
3.5085165e-14
-1.088e-15
3.3677769e-14
-4.192222e-15
2.8344422e-14
-6.7988054e-15
2.154254e-14
-8.8221427e-15
1.4746664e-14
-9.7373475e-15
8.5536388e-15
-8.7101021e-15
3.6229608e-15
-6.8581375e-15
-3.0955149e-15
-2.1665931e-15
-6.4928157e-15
-8.1212737e-16
-8.6141105e-15
-2.0322932e-15
-4.3734841e-14
-1.3392371e-14
-5.122329e-14
1.8717417e-14
-5.4043239e-14
1.5203201e-14
-5.5009089e-14
1.3487573e-14
-5.2355885e-14
9.751137e-15
-4.8348995e-14
1.262393e-14
-4.0426921e-14
1.4865373e-14
-2.9133187e-14
1.8975888e-14
-1.4489513e-14
2.3139487e-14
1.9786093e-15
2.7565509e-14
1.7945017e-14
3.1007078e-14
2.9962133e-14
3.2634236e-14
3.5795105e-14
3.1733676e-14
3.500881e-14
2.8834257e-14
2.9619717e-14
2.4170535e-14
2.2077726e-14
1.9050856e-14
1.6060103e-14
1.4603131e-14
1.3555021e-14
1.1524674e-14
1.4419814e-14
9.8860041e-15
1.6648722e-14
9.339119e-15
1.8508621e-14
7.6673619e-15
1.803788e-14
5.706043e-15
1.6047781e-14
2.1764694e-15
1.3092706e-14
-1.8918095e-15
1.1311288e-14
-6.2987824e-15
1.0618762e-14
-9.2571568e-15
1.1102735e-14
-1.1428109e-14
1.1194367e-14
-1.116765e-14
1.0267812e-14
-1.0645456e-14
7.8419579e-15
-8.9061919e-15
4.7708136e-15
-7.4582058e-15
3.2580563e-15
-6.0712736e-15
4.4383463e-15
-5.3168213e-15
8.5829356e-15
-5.266046e-15
1.4957126e-14
-5.3338614e-15
2.0979564e-14
-6.3246379e-15
2.4532564e-14
-7.577882e-15
2.4613879e-14
-8.9834328e-15
2.1465819e-14
-1.0264738e-14
1.6784783e-14
-1.1184928e-14
1.2235168e-14
-1.1561466e-14
9.2605359e-15
-1.1472852e-14
8.5133583e-15
-1.1386094e-14
8.5275118e-15
-1.1467772e-14
7.8615414e-15
-1.2335111e-14
5.5987979e-15
-1.4413243e-14
1.3985893e-15
-1.6738003e-14
-3.6034533e-15
-1.99869e-14
-7.7641592e-15
-2.24583e-14
-9.3564863e-15
-2.4542901e-14
-7.9576713e-15
-2.505189e-14
-3.8322918e-15
-2.5400798e-14
1.0561866e-15
-2.380097e-14
5.1481026e-15
-2.3261142e-14
6.9241755e-15
-2.1824121e-14
6.3059056e-15
-2.1486286e-14
3.8808068e-15
-2.1411203e-14
7.5631388e-16
-2.1207411e-14
-1.923667e-15
-2.1385639e-14
-3.6517172e-15
-2.105552e-14
-2.2223077e-14
1.293162e-08
-5.072901e-08
2.9976325e-08
-7.0751131e-08
4.6398287e-08
-6.8778127e-08
6.2524208e-08
-6.6733282e-08
7.8989646e-08
-6.7561412e-08
9.607141e-08
-6.9991846e-08
1.1390069e-07
-7.3158083e-08
1.3260058e-07
-7.6854246e-08
1.523141e-07
-8.1122611e-08
1.7319742e-07
-8.603715e-08
1.9542738e-07
-9.1686646e-08
2.1920095e-07
-9.8144058e-08
2.4477487e-07
-1.0552914e-07
2.7250557e-07
-1.1401364e-07
3.0281218e-07
-1.2373778e-07
3.3599167e-07
-1.3454941e-07
3.7250737e-07
-1.4646513e-07
4.1338271e-07
-1.5972692e-07
4.5933325e-07
-1.7320314e-07
5.0949854e-07
-1.8409471e-07
5.6553359e-07
-1.961909e-07
6.2082882e-07
-1.9884444e-07
6.712892e-07
-1.9649304e-07
7.1077996e-07
-1.8234312e-07
7.147317e-07
-1.3583052e-07
7.0127255e-07
-1.1015963e-07
6.9233829e-07
-9.9583435e-08
6.5574994e-07
-4.0400268e-08
5.1534378e-07
9.0061718e-08
3.8548132e-07
8.0984214e-08
3.6777711e-07
-3.8802798e-08
4.4029059e-07
-1.1643571e-07
5.1070257e-07
-7.2738817e-08
5.5845464e-07
-1.6245769e-08
6.0327988e-07
-2.3268709e-08
5.7987271e-07
-7.6078245e-08
5.0284803e-07
-1.1031237e-07
4.5572688e-07
-2.5727204e-08
4.1114617e-07
1.6233546e-07
3.117693e-07
4.2008274e-07
2.3346957e-07
5.9530635e-07
2.1280986e-07
5.455749e-07
2.0075978e-07
4.1100868e-07
1.7851972e-07
3.0116271e-07
1.5326004e-07
2.2377459e-07
1.2978345e-07
1.692686e-07
1.0932957e-07
1.3017096e-07
9.1955649e-08
1.0159503e-07
7.73532e-08
8.0323126e-08
6.5128427e-08
6.4215829e-08
5.4903395e-08
5.1830048e-08
4.6345906e-08
4.2175694e-08
3.9174463e-08
3.4560244e-08
3.3154617e-08
2.8490065e-08
2.8092561e-08
2.3607108e-08
2.382851e-08
1.9647505e-08
2.0230777e-08
1.6413995e-08
1.7190646e-08
1.3757131e-08
1.461814e-08
1.1562317e-08
1.243857e-08
9.7407633e-09
1.0590026e-08
8.2229378e-09
9.0206014e-09
6.9536868e-09
7.6870447e-09
5.8891021e-09
6.5530605e-09
4.9938412e-09
5.5881467e-09
4.2392898e-09
4.7666315e-09
3.6021031e-09
4.0668616e-09
3.0631317e-09
3.4705377e-09
2.6065825e-09
2.9621757e-09
2.2193755e-09
2.5286581e-09
1.8906341e-09
2.1588591e-09
1.6112772e-09
1.843336e-09
1.3737006e-09
1.5740722e-09
1.1715218e-09
1.344251e-09
9.993707e-10
1.1480685e-09
8.5271384e-10
9.8058056e-10
7.2772137e-10
8.3757554e-10
6.2115469e-10
7.154604e-10
5.3026977e-10
6.1116725e-10
4.5273644e-10
5.2208315e-10
3.8657616e-10
4.4598843e-10
3.3011296e-10
3.809952e-10
2.8192272e-10
3.2548464e-10
2.4079031e-10
2.7807127e-10
2.0567373e-10
2.3757084e-10
1.7568539e-10
2.0297561e-10
1.5007513e-10
1.7342328e-10
1.2820406e-10
1.481727e-10
1.0952494e-10
1.2659259e-10
9.3569035e-11
1.0815028e-10
7.9938449e-11
9.2394616e-11
6.829533e-11
7.8935699e-11
5.8350831e-11
6.7437121e-11
4.9855987e-11
5.7610647e-11
4.2598339e-11
4.921527e-11
3.6397181e-11
4.2046075e-11
3.1101063e-11
3.5927271e-11
2.6575495e-11
3.070507e-11
2.2709093e-11
2.6247291e-11
1.9406467e-11
2.243772e-11
1.6584972e-11
1.9178323e-11
1.4174284e-11
1.6386497e-11
1.2110127e-11
1.3995231e-11
1.0344523e-11
1.1952524e-11
8.8358145e-12
1.0209761e-11
7.5533765e-12
8.7245714e-12
6.4641236e-12
7.4562343e-12
5.5353264e-12
6.3729095e-12
4.7423398e-12
5.447807e-12
4.0629588e-12
4.6590921e-12
3.4808122e-12
3.9869153e-12
2.98031e-12
3.4108634e-12
2.550577e-12
2.9168631e-12
2.1776012e-12
2.495567e-12
1.8581139e-12
2.1386914e-12
1.5875104e-12
1.836629e-12
1.3587045e-12
1.5755541e-12
1.1630845e-12
1.3507728e-12
9.8841647e-13
1.1593228e-12
8.2626846e-13
9.1672304e-13
6.7847771e-13
8.2236707e-13
6.5212213e-13
6.9526737e-13
5.3333528e-13
5.8837862e-13
4.524179e-13
4.9986539e-13
3.9246522e-13
4.2822372e-13
3.41649e-13
3.6990208e-13
2.9618473e-13
3.2043391e-13
2.5307507e-13
2.7614284e-13
2.1223816e-13
2.3387321e-13
1.7544493e-13
1.9623489e-13
1.4360055e-13
1.6708355e-13
1.1911158e-13
1.4887917e-13
1.0106839e-13
1.3888909e-13
8.7675032e-14
1.3169672e-13
7.5706347e-14
1.2279186e-13
6.3819275e-14
1.1121416e-13
5.20732e-14
9.8362132e-14
4.3126622e-14
8.6766946e-14
3.7568065e-14
7.576355e-14
3.4332411e-14
6.383526e-14
3.0964909e-14
4.9544145e-14
2.5607221e-14
3.4038321e-14
1.8872355e-14
2.0085882e-14
1.2244548e-14
1.0050855e-14
8.3930702e-15
3.8484424e-15
6.7304042e-15
-1.6204105e-17
7.4516931e-15
-4.1994707e-15
9.1170198e-15
-9.5139956e-15
1.0557369e-14
-1.5280733e-14
1.1528184e-14
-2.0126205e-14
1.2756596e-14
-2.3056188e-14
1.3938916e-14
-2.4313006e-14
1.4960877e-14
-2.3891793e-14
1.555421e-14
-2.2124858e-14
1.6145876e-14
-1.8588142e-14
1.7008928e-14
-1.3230978e-14
1.9423008e-14
-7.4872458e-15
2.2471562e-14
-2.1596328e-15
2.5248673e-14
6.9581846e-16
2.5470272e-14
8.2265396e-16
2.2532521e-14
-9.4631722e-16
1.6836627e-14
-2.8068633e-15
1.0485344e-14
-3.1097703e-15
5.746079e-15
-9.3313324e-16
3.5262797e-15
3.8721284e-15
4.2304361e-15
1.0750371e-14
5.6209076e-15
1.8574605e-14
6.6064669e-15
2.5407794e-14
5.9057468e-15
3.0247825e-14
3.2236537e-15
3.1948894e-14
-8.619723e-16
3.0224619e-14
-4.7354636e-15
2.6319745e-14
-8.163273e-15
2.0923379e-14
-1.0185622e-14
1.5895376e-14
-1.1847513e-14
1.1278352e-14
-1.1606007e-14
7.0793227e-15
-1.183034e-14
4.701717e-18
-7.0339279e-15
-7.6595917e-15
-4.6149264e-15
-1.9680661e-14
1.0105195e-14
-1.4821422e-14
1.9117033e-14
-5.0992778e-14
-4.2361401e-15
-5.5897247e-14
7.6193192e-15
-5.5657952e-14
1.6066244e-14
-5.0773668e-14
1.5126267e-14
-4.5006649e-14
1.9751877e-14
-3.6413815e-14
2.1694529e-14
-2.4920098e-14
2.6755359e-14
-1.0524991e-14
3.1990214e-14
5.1826783e-15
3.7132168e-14
1.9379969e-14
4.062302e-14
2.9172519e-14
4.1523811e-14
3.2788506e-14
3.9384661e-14
3.0496213e-14
3.5105697e-14
2.460022e-14
2.9244794e-14
1.7738241e-14
2.3956186e-14
1.3234826e-14
1.9155009e-14
1.1995864e-14
1.6065155e-14
1.3384299e-14
1.4074883e-14
1.5393507e-14
1.2800249e-14
1.5891093e-14
1.0191793e-14
1.4365633e-14
6.7715566e-15
1.1538069e-14
1.747715e-15
8.866749e-15
-3.4475193e-15
7.8953396e-15
-8.7109983e-15
8.9048931e-15
-1.2014922e-14
1.0909026e-14
-1.4080694e-14
1.2466565e-14
-1.3602184e-14
1.1963801e-14
-1.2385105e-14
9.587892e-15
-1.0246881e-14
6.4406622e-15
-8.4099489e-15
4.2245123e-15
-6.6258849e-15
4.7361793e-15
-5.9350134e-15
8.3201278e-15
-6.1655688e-15
1.4069002e-14
-6.8895529e-15
1.9621084e-14
-8.3124033e-15
2.2947367e-14
-9.9596931e-15
2.2999931e-14
-1.1633544e-14
2.0069387e-14
-1.2968039e-14
1.5662066e-14
-1.3882448e-14
1.1511465e-14
-1.4246841e-14
8.8747389e-15
-1.4404075e-14
7.6225489e-15
-1.4647725e-14
7.0496353e-15
-1.5582027e-14
5.8780372e-15
-1.7511965e-14
2.8281137e-15
-2.0233272e-14
-1.524843e-15
-2.344323e-14
-6.1499969e-15
-2.713186e-14
-9.3263046e-15
-2.9789266e-14
-9.8977085e-15
-3.164351e-14
-7.4319625e-15
-3.1913456e-14
-2.8225988e-15
-3.2008496e-14
2.3940694e-15
-3.039874e-14
6.2986543e-15
-2.9800219e-14
7.7857184e-15
-2.8350526e-14
6.6889396e-15
-2.784105e-14
3.8824245e-15
-2.7469965e-14
7.3330901e-16
-2.692593e-14
-1.7248604e-15
-2.6702866e-14
-3.1792497e-15
-2.5992984e-14
-2.7341685e-14
1.3089722e-08
-6.3818732e-08
2.9388026e-08
-8.7049434e-08
4.4982889e-08
-8.437299e-08
6.0496361e-08
-8.2246753e-08
7.6453408e-08
-8.3518459e-08
9.3013778e-08
-8.6552218e-08
1.1026735e-07
-9.0411654e-08
1.2832971e-07
-9.4916612e-08
1.4733611e-07
-1.0012901e-07
1.6743498e-07
-1.0613601e-07
1.8881511e-07
-1.1306677e-07
2.1170869e-07
-1.2103765e-07
2.3642574e-07
-1.3024619e-07
2.6331876e-07
-1.4090666e-07
2.9248817e-07
-1.5290719e-07
3.237766e-07
-1.6583783e-07
3.5874578e-07
-1.8143431e-07
4.0103024e-07
-2.0201139e-07
4.5093991e-07
-2.2311281e-07
5.0297947e-07
-2.3613428e-07
5.5269206e-07
-2.4590349e-07
5.7977608e-07
-2.2592846e-07
5.6390402e-07
-1.8062097e-07
5.3790173e-07
-1.5634084e-07
3.9714284e-07
4.9283709e-09
2.2365608e-07
6.332713e-08
1.6212949e-07
-3.8056841e-08
1.5027376e-07
-2.8544569e-08
1.8497001e-07
5.536549e-08
2.2467839e-07
4.127584e-08
2.2873395e-07
-4.2858334e-08
1.8803229e-07
-7.5734044e-08
1.7318497e-07
-5.7891483e-08
1.8681242e-07
-2.9873232e-08
1.8669002e-07
-2.3146338e-08
1.3945353e-07
-2.8841793e-08
3.6148131e-08
-7.0069744e-09
-7.3949189e-08
8.4370149e-08
-1.609977e-07
2.4938392e-07
-1.6397516e-07
4.2306017e-07
-6.956253e-08
5.008937e-07
2.9207345e-08
4.4680501e-07
7.8883222e-08
3.6133279e-07
9.5405145e-08
2.8464082e-07
9.577528e-08
2.2340448e-07
8.915102e-08
1.7589285e-07
7.9932382e-08
1.3938961e-07
7.0221092e-08
1.1130633e-07
6.0972084e-08
8.9572135e-08
5.2573987e-08
7.2613928e-08
4.5141648e-08
5.9262405e-08
3.8659992e-08
4.8657363e-08
3.3056739e-08
4.0163498e-08
2.8238718e-08
3.3308087e-08
2.4109566e-08
2.7736255e-08
2.0578019e-08
2.3179059e-08
1.756135e-08
1.9430692e-08
1.4986405e-08
1.6332116e-08
1.2789395e-08
1.3759362e-08
1.0915154e-08
1.1614945e-08
9.3164036e-09
9.8216728e-09
7.9526064e-09
8.3175031e-09
6.7891109e-09
7.0526066e-09
5.7963842e-09
5.9865663e-09
4.949257e-09
5.0864159e-09
4.2262851e-09
4.3250818e-09
3.6091949e-09
3.6802323e-09
3.0824169e-09
3.1333725e-09
2.632683e-09
2.669124e-09
2.2486807e-09
2.2746473e-09
1.9207675e-09
1.9391892e-09
1.6407287e-09
1.6537274e-09
1.4015621e-09
1.4106731e-09
1.1972935e-09
1.2036253e-09
1.0228233e-09
1.027174e-09
8.7380099e-10
8.7674161e-10
7.46511e-10
7.484502e-10
6.3777529e-10
6.3900871e-10
5.4487887e-10
5.4562405e-10
4.6551142e-10
4.6592647e-10
3.9770689e-10
3.9790511e-10
3.3978381e-10
3.3984406e-10
2.903005e-10
2.9027634e-10
2.4802623e-10
2.4794926e-10
2.1191234e-10
2.1180229e-10
1.8106341e-10
1.8093377e-10
1.5470895e-10
1.5457113e-10
1.3218671e-10
1.3205334e-10
1.1293668e-10
1.1281519e-10
9.6485733e-11
9.6380624e-11
8.243114e-11
8.2342344e-11
7.0424582e-11
7.0351819e-11
6.0165358e-11
6.010989e-11
5.1397876e-11
5.1361647e-11
4.3908363e-11
4.388733e-11
3.7513362e-11
3.750452e-11
3.2054964e-11
3.2050834e-11
2.7396849e-11
2.7391084e-11
2.3419972e-11
2.3409571e-11
2.0021126e-11
2.000454e-11
1.7111122e-11
1.7092586e-11
1.4617041e-11
1.46007e-11
1.2483853e-11
1.2471645e-11
1.066534e-11
1.0655817e-11
9.1168537e-12
9.1126711e-12
7.7951779e-12
7.7987734e-12
6.6628266e-12
6.6750833e-12
5.6920822e-12
5.7139645e-12
4.863664e-12
4.8901816e-12
4.1578128e-12
4.1864967e-12
3.5544325e-12
3.5833743e-12
3.0378793e-12
3.0650537e-12
2.5964898e-12
2.617362e-12
2.2240277e-12
2.2333642e-12
1.9102598e-12
1.9080761e-12
1.6422837e-12
1.6314512e-12
1.4023791e-12
1.4022167e-12
1.1937472e-12
1.1993519e-12
1.0212977e-12
1.0218298e-12
8.638904e-13
8.4671448e-13
7.073162e-13
7.6986218e-13
6.1775456e-13
6.5445957e-13
5.2702413e-13
5.6110676e-13
4.4741175e-13
4.7664341e-13
3.8086809e-13
4.0785569e-13
3.2654301e-13
3.5021353e-13
2.8006512e-13
2.99151e-13
2.3900367e-13
2.5134645e-13
2.0189226e-13
2.1001486e-13
1.711825e-13
1.746176e-13
1.4890993e-13
1.4724859e-13
1.3539575e-13
1.2505097e-13
1.2678947e-13
1.071827e-13
1.1951873e-13
9.0333835e-14
1.1137367e-13
7.5014941e-14
1.0195448e-13
6.2460968e-14
9.2657862e-14
5.3480697e-14
8.3349817e-14
4.7465846e-14
7.2211292e-14
4.2651584e-14
5.8435026e-14
3.6176039e-14
4.2542414e-14
2.8179511e-14
2.7501324e-14
2.0035961e-14
1.5881148e-14
1.3977562e-14
9.0939139e-15
1.1099099e-14
5.0809014e-15
1.0755713e-14
1.6161768e-15
1.161789e-14
-2.864287e-15
1.252999e-14
-8.470089e-15
1.3096608e-14
-1.4097268e-14
1.3388587e-14
-1.8819278e-14
1.4304073e-14
-2.2086859e-14
1.510267e-14
-2.3971465e-14
1.590779e-14
-2.3790324e-14
1.6146168e-14
-2.1176241e-14
1.7082259e-14
-1.632756e-14
1.9117645e-14
-1.0100473e-14
2.2644141e-14
-4.6545986e-15
2.6410649e-14
-1.7919372e-15
2.8808106e-14
-2.2646205e-15
2.7988704e-14
-4.7991467e-15
2.3844193e-14
-7.3704663e-15
1.7998713e-14
-7.7221624e-15
1.2563887e-14
-5.3831486e-15
1.0075333e-14
-7.2094693e-16
1.0061523e-14
5.400194e-15
1.1781946e-14
1.1670953e-14
1.3036052e-14
1.7451197e-14
1.2662413e-14
2.2592228e-14
9.7986515e-15
2.636295e-14
5.3861661e-15
2.7931956e-14
3.9999689e-16
2.7015622e-14
-3.9019426e-15
2.4135096e-14
-7.7844459e-15
1.9691498e-14
-9.7542327e-15
1.5295462e-14
-1.1800192e-14
1.1370765e-14
-1.143887e-14
8.5042896e-15
-1.2437839e-14
5.0548151e-15
-9.4545477e-15
1.1930717e-15
-1.3503375e-14
-5.7104795e-15
-4.628731e-15
-4.0462829e-14
1.2383867e-14
-3.5635594e-14
7.7011874e-15
-4.6084586e-14
3.7276107e-15
-5.175894e-14
1.2290331e-14
-4.9379376e-14
1.4693838e-14
-4.2314273e-14
2.3350537e-14
-3.2111946e-14
2.7590021e-14
-1.9629979e-14
3.4073432e-14
-5.5446974e-15
4.0023701e-14
8.6038897e-15
4.5206202e-14
2.0300451e-14
4.8250491e-14
2.7304504e-14
4.8217064e-14
2.8463203e-14
4.5119784e-14
2.4726461e-14
3.9974262e-14
1.853786e-14
3.3655616e-14
1.2898807e-14
2.8252308e-14
1.0063303e-14
2.3352439e-14
1.0168239e-14
2.0247239e-14
1.1720868e-14
1.8022974e-14
1.3138017e-14
1.557835e-14
1.2350283e-14
1.2014596e-14
9.6277588e-15
7.1950283e-15
6.1233673e-15
1.1467266e-15
3.8523493e-15
-4.7842907e-15
4.1857357e-15
-1.0382281e-14
7.1368367e-15
-1.373735e-14
1.0880188e-14
-1.5274835e-14
1.3755747e-14
-1.4602022e-14
1.3988709e-14
-1.2972764e-14
1.1591439e-14
-1.0659932e-14
7.6759217e-15
-8.5372322e-15
4.866333e-15
-7.1041771e-15
4.5871342e-15
-6.5276072e-15
7.5320838e-15
-7.1277126e-15
1.2670911e-14
-8.2009704e-15
1.7931266e-14
-9.8399387e-15
2.137956e-14
-1.1675347e-14
2.1743663e-14
-1.3259985e-14
1.9406293e-14
-1.4628411e-14
1.5481091e-14
-1.550062e-14
1.1603377e-14
-1.6108341e-14
8.6484097e-15
-1.6644095e-14
6.9081606e-15
-1.7782483e-14
5.2565963e-15
-1.9437002e-14
2.9298778e-15
-2.2331199e-14
-7.7682866e-16
-2.565013e-14
-4.9922021e-15
-2.9625355e-14
-9.241943e-15
-3.2994075e-14
-1.1362381e-14
-3.57488e-14
-1.0696978e-14
-3.7233905e-14
-6.9911265e-15
-3.7433844e-14
-1.7369258e-15
-3.7197494e-14
3.7457549e-15
-3.581921e-14
7.2972469e-15
-3.5014092e-14
8.4192436e-15
-3.3705488e-14
7.0865732e-15
-3.3005301e-14
4.2246537e-15
-3.2173691e-14
1.1890054e-15
-3.1093208e-14
-1.1096739e-15
-3.0286592e-14
-2.3787551e-15
-2.920959e-14
-3.0832253e-14
1.3181509e-08
-7.700024e-08
2.8556997e-08
-1.0242492e-07
4.3207824e-08
-9.9023817e-08
5.800213e-08
-9.7041061e-08
7.330895e-08
-9.8825279e-08
8.9174535e-08
-1.024178e-07
1.0566286e-07
-1.0689998e-07
1.2289851e-07
-1.1215226e-07
1.4103944e-07
-1.1826994e-07
1.6028752e-07
-1.253841e-07
1.8088165e-07
-1.336609e-07
2.0301876e-07
-1.4317475e-07
2.2669456e-07
-1.5392199e-07
2.516366e-07
-1.6584869e-07
2.7730363e-07
-1.7857422e-07
3.0416884e-07
-1.9270304e-07
3.3744155e-07
-2.1470702e-07
3.829594e-07
-2.4752923e-07
4.3076251e-07
-2.7091592e-07
4.6188879e-07
-2.6726056e-07
4.5389594e-07
-2.3791064e-07
3.9480627e-07
-1.6683879e-07
2.2774631e-07
-1.3561009e-08
1.1489444e-07
-4.3488988e-08
6.6726356e-08
5.3096441e-08
6.4862493e-08
6.5191002e-08
1.6262905e-08
1.0542723e-08
-3.2248459e-08
1.9966777e-08
-3.2152817e-08
5.5269781e-08
-2.8916971e-08
3.803999e-08
-7.3104055e-08
1.3287719e-09
-1.280382e-07
-2.079989e-08
-1.6401697e-07
-2.1912661e-08
-1.8402024e-07
-9.869955e-09
-2.0855693e-07
1.3903389e-09
-2.5468695e-07
1.7288203e-08
-3.20237e-07
5.8543028e-08
-3.731285e-07
1.3726164e-07
-3.694845e-07
2.4573994e-07
-2.8743803e-07
3.4101375e-07
-1.5982413e-07
3.7327982e-07
-5.9338785e-08
3.4631966e-07
1.2186608e-09
3.0077535e-07
3.3178675e-08
2.5268082e-07
4.7374655e-08
2.0920849e-07
5.1998127e-08
1.7126938e-07
5.1399591e-08
1.3998815e-07
4.8182916e-08
1.1452302e-07
4.3808756e-08
9.394633e-08
3.9082782e-08
7.7339921e-08
3.444016e-08
6.3905019e-08
3.0098592e-08
5.2998926e-08
2.6153365e-08
4.4108729e-08
2.2632297e-08
3.6829155e-08
1.9527043e-08
3.0841506e-08
1.6810841e-08
2.5895261e-08
1.444862e-08
2.1792925e-08
1.2402893e-08
1.8377862e-08
1.0636707e-08
1.5525562e-08
9.115426e-09
1.3136338e-08
7.807171e-09
1.1129805e-08
6.6837459e-09
9.4409072e-09
5.7199482e-09
8.0163964e-09
4.8937417e-09
6.8127726e-09
4.185919e-09
5.7942422e-09
3.5798129e-09
4.9311906e-09
3.0610125e-09
4.1990406e-09
2.6170839e-09
3.5773219e-09
2.2373125e-09
3.0489208e-09
1.9124829e-09
2.5994897e-09
1.6346908e-09
2.2169766e-09
1.3971608e-09
1.8912446e-09
1.1940846e-09
1.6137368e-09
1.0204814e-09
1.3772184e-09
8.7208735e-10
1.1755622e-09
7.4525363e-10
1.0035756e-09
6.3685357e-10
8.5685283e-10
5.4420812e-10
7.3165152e-10
4.6502701e-10
6.247969e-10
3.9735851e-10
5.3358893e-10
3.3953292e-10
4.5573098e-10
2.9011918e-10
3.8925864e-10
2.4789256e-10
3.3249866e-10
2.1181082e-10
2.8402633e-10
1.809853e-10
2.4263204e-10
1.5465133e-10
2.0728086e-10
1.3214832e-10
1.7708525e-10
1.1291371e-10
1.5128777e-10
9.6471235e-11
1.2924783e-10
8.2421095e-11
1.1041951e-10
7.0418128e-11
9.4337783e-11
6.0163531e-11
8.0602191e-11
5.140073e-11
6.8870122e-11
4.3913424e-11
5.8848447e-11
3.7514188e-11
5.0289908e-11
3.2050151e-11
4.2977569e-11
2.7386747e-11
3.6730133e-11
2.3407946e-11
3.1391447e-11
2.0011323e-11
2.6827765e-11
1.7104008e-11
2.292568e-11
1.4614501e-11
1.9585323e-11
1.2483403e-11
1.6730718e-11
1.0666221e-11
1.4293658e-11
9.1194591e-12
1.2217063e-11
7.8004803e-12
1.0448873e-11
6.6702789e-12
8.9384593e-12
5.6985337e-12
7.644906e-12
4.8673552e-12
6.5371478e-12
4.1580675e-12
5.5924172e-12
3.5535663e-12
4.7863996e-12
3.0348783e-12
4.0971253e-12
2.5899191e-12
3.5043932e-12
2.2127184e-12
2.9930696e-12
1.8967768e-12
2.556402e-12
1.6341098e-12
2.1830261e-12
1.4085854e-12
1.8628207e-12
1.204744e-12
1.594803e-12
1.0135159e-12
1.3656794e-12
8.4429831e-13
1.181936e-12
7.7883505e-13
1.0319443e-12
6.1085686e-13
8.2138576e-13
5.1851592e-13
7.2965353e-13
4.4466779e-13
6.3668858e-13
3.7993113e-13
5.4583378e-13
3.2253673e-13
4.6703329e-13
2.7457666e-13
3.9765439e-13
2.3312889e-13
3.3895871e-13
1.9690931e-13
2.8611984e-13
1.6648896e-13
2.4123078e-13
1.4312399e-13
2.0292772e-13
1.2712019e-13
1.723034e-13
1.1695128e-13
1.4593612e-13
1.0999549e-13
1.2351705e-13
1.0386576e-13
1.0332061e-13
9.8227073e-14
8.6053771e-14
9.2785814e-14
7.3138214e-14
8.6708828e-14
6.380211e-14
7.8191939e-14
5.6187077e-14
6.5895175e-14
4.8367506e-14
5.0327437e-14
3.882367e-14
3.4288235e-14
2.9107413e-14
2.1421718e-14
2.0953145e-14
1.3014161e-14
1.6685923e-14
8.9154316e-15
1.4921521e-14
5.9226809e-15
1.5412051e-14
2.3386046e-15
1.5465588e-14
-2.6255695e-15
1.5131196e-14
-8.0560432e-15
1.4305035e-14
-1.3319511e-14
1.3865039e-14
-1.7813159e-14
1.4143616e-14
-2.1432164e-14
1.4490784e-14
-2.3485059e-14
1.4938193e-14
-2.2904091e-14
1.5312472e-14
-1.9003458e-14
1.7043175e-14
-1.2554186e-14
2.0257061e-14
-5.8204167e-15
2.4554028e-14
-2.150028e-15
2.8725237e-14
-2.5729953e-15
3.0155242e-14
-6.3474263e-15
2.8317446e-14
-1.0573631e-14
2.3862709e-14
-1.2391182e-14
1.9297531e-14
-1.0481615e-14
1.6551848e-14
-5.3164336e-15
1.6868688e-14
1.0770798e-15
1.884212e-14
6.9006361e-15
2.0906777e-14
1.1288854e-14
2.1129884e-14
1.4866003e-14
1.8660515e-14
1.8094885e-14
1.3924573e-14
2.1246089e-14
8.0400811e-15
2.3301809e-14
2.5841168e-15
2.3641797e-14
-2.0989347e-15
2.1801818e-14
-6.2896304e-15
1.8617634e-14
-9.1567721e-15
1.5067523e-14
-1.2153845e-14
1.1965306e-14
-1.2187848e-14
9.3493464e-15
-1.2067901e-14
7.9337569e-15
-7.6451926e-15
5.0294906e-15
-8.7038976e-15
8.4391406e-15
-1.0697361e-14
-4.2537965e-14
-1.3711496e-14
-4.1769291e-14
3.1866067e-14
-4.262595e-14
1.7316759e-14
-4.3747598e-14
1.4205742e-14
-4.3039474e-14
1.5304424e-14
-3.602056e-14
2.401587e-14
-2.5926045e-14
3.1519167e-14
-1.3434752e-14
3.9756337e-14
-3.3863265e-16
4.6580023e-14
1.1658466e-14
5.1525469e-14
2.0452388e-14
5.3797999e-14
2.4439144e-14
5.2852056e-14
2.327864e-14
4.9098208e-14
1.8527415e-14
4.3505892e-14
1.2578833e-14
3.7279724e-14
8.3805077e-15
3.1786659e-14
6.8741438e-15
2.715945e-14
7.6564389e-15
2.4022607e-14
9.2728541e-15
2.102064e-14
9.6691162e-15
1.74725e-14
7.5450858e-15
1.2936824e-14
3.6355998e-15
7.1512555e-15
-1.0613323e-16
4.664821e-16
-1.3714985e-15
-5.806659e-15
6.9133452e-16
-1.1066251e-14
5.7119521e-15
-1.406449e-14
1.1418975e-14
-1.5013551e-14
1.5646851e-14
-1.424202e-14
1.6338046e-14
-1.2373327e-14
1.3660983e-14
-1.023956e-14
9.1288575e-15
-8.346105e-15
5.2954591e-15
-7.328422e-15
4.1227004e-15
-7.0679663e-15
6.2781674e-15
-7.8671112e-15
1.0942766e-14
-9.0900467e-15
1.6110521e-14
-1.0701298e-14
1.9625081e-14
-1.230167e-14
2.0447779e-14
-1.3811042e-14
1.8670465e-14
-1.5263768e-14
1.5007338e-14
-1.6118717e-14
1.1058742e-14
-1.7255824e-14
7.6376237e-15
-1.8495155e-14
4.9487096e-15
-2.0608917e-14
2.4207756e-15
-2.3227282e-14
-6.9383112e-16
-2.6840607e-14
-4.6134509e-15
-3.0552627e-14
-8.7122849e-15
-3.4614657e-14
-1.1933628e-14
-3.763986e-14
-1.2818314e-14
-4.0102929e-14
-1.0778096e-14
-4.1232759e-14
-6.2212814e-15
-4.1152383e-14
-5.5373036e-16
-4.0709568e-14
5.0485091e-15
-3.9835794e-14
8.3651983e-15
-3.8833124e-14
9.2911852e-15
-3.7777482e-14
7.8480236e-15
-3.6803032e-14
4.9703395e-15
-3.5339113e-14
2.2455515e-15
-3.3846828e-14
7.5677575e-18
-3.2182271e-14
-1.291112e-15
-3.082425e-14
-3.2777186e-14
1.3152706e-08
-9.0152947e-08
2.7421465e-08
-1.1669368e-07
4.1046319e-08
-1.1264867e-07
5.5017847e-08
-1.1101259e-07
6.9531156e-08
-1.1333859e-07
8.4562966e-08
-1.1744961e-07
1.0021258e-07
-1.2254959e-07
1.1668738e-07
-1.2862707e-07
1.3422569e-07
-1.3580825e-07
1.5301981e-07
-1.4417821e-07
1.7300556e-07
-1.5364665e-07
1.9371236e-07
-1.6388156e-07
2.1420035e-07
-1.7440997e-07
2.3387277e-07
-1.8552111e-07
2.5381049e-07
-1.9851194e-07
2.7859485e-07
-2.174874e-07
3.1550371e-07
-2.5161588e-07
3.6186747e-07
-2.9389299e-07
3.8325397e-07
-2.9230241e-07
3.6180354e-07
-2.4581012e-07
2.4314353e-07
-1.1925064e-07
1.3408782e-07
-5.7783092e-08
6.6524823e-08
5.400195e-08
-1.9515889e-08
4.2551744e-08
-5.7808485e-08
9.1389023e-08
-8.0401664e-08
8.7784145e-08
-1.3514787e-07
6.5288897e-08
-1.7608745e-07
6.0906363e-08
-1.8229045e-07
6.1472875e-08
-1.9097148e-07
4.6721096e-08
-2.143622e-07
2.4719519e-08
-2.4534454e-07
1.0182438e-08
-2.7529759e-07
8.0403714e-09
-2.9971837e-07
1.4550817e-08
-3.24927e-07
2.6598979e-08
-3.5536887e-07
4.7730099e-08
-3.819272e-07
8.5101312e-08
-3.8529056e-07
1.4062495e-07
-3.448921e-07
2.0534146e-07
-2.6213739e-07
2.5825908e-07
-1.6896311e-07
2.8010556e-07
-9.5272683e-08
2.7262922e-07
-4.4032487e-08
2.4953516e-07
-1.1200515e-08
2.1984882e-07
9.3240287e-09
1.8868396e-07
2.0480946e-08
1.6011253e-07
2.5694954e-08
1.3477417e-07
2.740905e-08
1.1280891e-07
2.7051774e-08
9.4303617e-08
2.5536846e-08
7.8854854e-08
2.345287e-08
6.598898e-08
2.1148548e-08
5.5303242e-08
1.8829239e-08
4.6428039e-08
1.6611205e-08
3.9047188e-08
1.4555522e-08
3.2897192e-08
1.2689256e-08
2.776154e-08
1.1018787e-08
2.3463411e-08
9.5391867e-09
1.9857458e-08
8.2386099e-09
1.6826098e-08
7.1019085e-09
1.4273001e-08
6.1127611e-09
1.2118998e-08
5.2548946e-09
1.0298772e-08
4.5128827e-09
8.7583941e-09
3.8724489e-09
7.4531948e-09
3.3206356e-09
6.3460449e-09
2.8458485e-09
5.4059757e-09
2.4378099e-09
4.6070974e-09
2.0874627e-09
3.9276986e-09
1.7868732e-09
3.3495287e-09
1.5291356e-09
2.8572257e-09
1.3082616e-09
2.4378407e-09
1.1190707e-09
2.0804295e-09
9.5707798e-10
1.775727e-09
8.1841501e-10
1.5158775e-09
6.9975526e-10
1.2942168e-09
5.9823925e-10
1.1050872e-09
5.1140691e-10
9.4368065e-10
4.3714451e-10
8.059095e-10
3.7364312e-10
6.8829771e-10
3.1934945e-10
5.8788699e-10
2.7293292e-10
5.0215057e-10
2.332501e-10
4.2893702e-10
1.9932815e-10
3.664128e-10
1.7033798e-10
3.1301619e-10
1.4556689e-10
2.674137e-10
1.2439818e-10
2.2846154e-10
1.0630232e-10
1.9518292e-10
9.0831012e-11
1.6674943e-10
7.7607463e-11
1.4245865e-10
6.6309096e-11
1.2170989e-10
5.6656767e-11
1.0398816e-10
4.8409324e-11
8.8850958e-11
4.1360764e-11
7.5920951e-11
3.5336505e-11
6.4875239e-11
3.0188284e-11
5.5441544e-11
2.5790946e-11
4.738122e-11
2.2038046e-11
4.0494336e-11
1.8835297e-11
3.4609314e-11
1.6099135e-11
2.9577491e-11
1.3757861e-11
2.5274369e-11
1.1753405e-11
2.1593416e-11
1.0043067e-11
1.8449142e-11
8.5872566e-12
1.5767064e-11
7.3483089e-12
1.3477942e-11
6.2870412e-12
1.1524852e-11
5.3740094e-12
9.8522029e-12
4.5900053e-12
8.4196867e-12
3.9201622e-12
7.1972424e-12
3.3508865e-12
6.1560698e-12
2.8624319e-12
5.2702623e-12
2.4413124e-12
4.5105354e-12
2.0796849e-12
3.8574143e-12
1.7737865e-12
3.2970227e-12
1.5223875e-12
2.8172107e-12
1.3147836e-12
2.4073745e-12
1.1350084e-12
2.0563986e-12
9.7819263e-13
1.7523626e-12
8.3214803e-13
1.4917732e-12
6.9983178e-13
1.2710495e-12
5.7280188e-13
1.1196656e-12
5.1109616e-13
9.2050991e-13
4.2264206e-13
7.9370747e-13
3.5657531e-13
6.8471246e-13
3.0136143e-13
5.9277295e-13
2.5454421e-13
5.1126781e-13
2.1448247e-13
4.3695602e-13
1.8031207e-13
3.7277213e-13
1.5136144e-13
3.1597167e-13
1.2858276e-13
2.6786218e-13
1.1191006e-13
2.270593e-13
1.0122928e-13
1.9280653e-13
9.4166625e-14
1.6305772e-13
8.964254e-14
1.3721222e-13
8.6688692e-14
1.1512637e-13
8.5004215e-14
9.7091998e-14
8.3390466e-14
8.3522955e-14
7.9117207e-14
7.2831151e-14
7.0100893e-14
6.2381257e-14
5.6287627e-14
5.1245854e-14
4.0409036e-14
3.9390721e-14
2.6285855e-14
2.9531126e-14
1.6865959e-14
2.2734717e-14
1.1847151e-14
2.0471815e-14
9.2404587e-15
1.9458748e-14
6.0687862e-15
1.9695881e-14
1.6530977e-15
1.8106507e-14
-3.5537271e-15
1.6034119e-14
-8.5055246e-15
1.3779208e-14
-1.308756e-14
1.2578917e-14
-1.7371264e-14
1.2232394e-14
-2.1192204e-14
1.2252733e-14
-2.3020338e-14
1.2567444e-14
-2.1348094e-14
1.3584592e-14
-1.5640564e-14
1.6318906e-14
-8.13221e-15
2.0789141e-14
-1.9851044e-15
2.5213034e-14
-8.4593442e-16
2.9150912e-14
-4.4697503e-15
2.9234821e-14
-1.0651743e-14
2.7071199e-14
-1.5069704e-14
2.3519804e-14
-1.4997217e-14
2.1673674e-14
-1.0349888e-14
2.2472501e-14
-3.3503392e-15
2.5603112e-14
3.0325346e-15
2.8658939e-14
6.8976005e-15
3.0095772e-14
8.6736003e-15
2.8383532e-14
1.0175288e-14
2.3614813e-14
1.2478875e-14
1.7502218e-14
1.570507e-14
1.0980399e-14
1.8457073e-14
5.5763874e-15
1.9525849e-14
7.6403794e-16
1.8441589e-14
-3.8832422e-15
1.6387122e-14
-8.018093e-15
1.3936961e-14
-1.1855764e-14
1.302825e-14
-1.4073192e-14
1.1298138e-14
-1.3914901e-14
1.0161574e-14
-1.0562751e-14
1.9506745e-15
-1.771156e-15
-3.1338826e-15
3.7182561e-15
9.5094495e-15
-8.634364e-16
-5.7505107e-14
1.0091355e-14
-4.7492909e-14
1.521626e-14
-4.018628e-14
1.8335275e-14
-3.657136e-14
2.1689919e-14
-2.8244736e-14
2.6489572e-14
-1.8436519e-14
3.5042278e-14
-6.8695095e-15
4.3622604e-14
4.602111e-15
5.0738471e-14
1.3904864e-14
5.5621239e-14
1.9721999e-14
5.7078217e-14
2.0860225e-14
5.5584799e-14
1.774004e-14
5.1555447e-14
1.2192351e-14
4.6011685e-14
6.7170493e-15
4.0072755e-14
3.6597825e-15
3.459231e-14
3.2161637e-15
3.0192958e-14
4.657679e-15
2.6604126e-14
5.9062933e-15
2.2820197e-14
5.1696626e-15
1.8270719e-14
1.7437091e-15
1.3043758e-14
-2.8699483e-15
6.6511123e-15
-6.405197e-15
-5.8415011e-17
-6.5772575e-15
-5.9650859e-15
-2.576353e-15
-1.0562621e-14
4.6070695e-15
-1.2995017e-14
1.2300923e-14
-1.3518859e-14
1.7503785e-14
-1.2542853e-14
1.8589087e-14
-1.0987781e-14
1.5480788e-14
-9.2352625e-15
1.0282305e-14
-8.0252392e-15
5.4259237e-15
-7.3325566e-15
3.4762781e-15
-7.5074319e-15
4.8890157e-15
-8.1275275e-15
9.3354096e-15
-9.4677001e-15
1.431096e-14
-1.052792e-14
1.8149538e-14
-1.200768e-14
1.9248733e-14
-1.3254862e-14
1.7456495e-14
-1.467881e-14
1.3904852e-14
-1.6103585e-14
9.6633291e-15
-1.7974724e-14
5.7424905e-15
-2.0263134e-14
2.2311338e-15
-2.3303525e-14
-1.0798448e-15
-2.6775376e-14
-4.7625982e-15
-3.0729548e-14
-8.5901141e-15
-3.4595696e-14
-1.2203444e-14
-3.8177891e-14
-1.4284967e-14
-4.0758004e-14
-1.4006754e-14
-4.2589332e-14
-1.1045616e-14
-4.3199714e-14
-5.5874652e-15
-4.3227718e-14
6.2236711e-16
-4.2754243e-14
6.179991e-15
-4.2245744e-14
9.4516139e-15
-4.1270862e-14
1.0406434e-14
-4.0536257e-14
9.0144594e-15
-3.9172412e-14
6.5385606e-15
-3.7309493e-14
3.818438e-15
-3.5044353e-14
1.5231124e-15
-3.2687196e-14
-6.4396019e-17
-3.1182108e-14
-3.3484362e-14
1.2966198e-08
-1.0311915e-07
2.6093247e-08
-1.2982073e-07
3.8752769e-08
-1.2530819e-07
5.1929193e-08
-1.2418901e-07
6.5718153e-08
-1.2712755e-07
8.0130558e-08
-1.3186202e-07
9.5364224e-08
-1.3778326e-07
1.1167821e-07
-1.4494105e-07
1.2906809e-07
-1.5319813e-07
1.470211e-07
-1.6213122e-07
1.6436058e-07
-1.7098614e-07
1.7997592e-07
-1.794969e-07
1.9375213e-07
-1.8818618e-07
2.0861271e-07
-2.0038169e-07
2.3151443e-07
-2.2141366e-07
2.6754538e-07
-2.5351835e-07
3.0973304e-07
-2.9380355e-07
3.4970866e-07
-3.3386861e-07
2.9626167e-07
-2.3885543e-07
1.995516e-07
-1.4910007e-07
8.4144526e-08
-3.8435318e-09
-3.2152457e-08
5.8513912e-08
-9.0186058e-08
1.1203552e-07
-1.5763866e-07
1.1000435e-07
-1.7797921e-07
1.1172956e-07
-1.9188442e-07
1.0168933e-07
-2.1208189e-07
8.5486353e-08
-2.2447279e-07
7.3297302e-08
-2.2552728e-07
6.2527344e-08
-2.2781213e-07
4.9005925e-08
-2.3880747e-07
3.5714856e-08
-2.5600334e-07
2.7378338e-08
-2.7402527e-07
2.6062277e-08
-2.9074549e-07
3.1271018e-08
-3.0680791e-07
4.26614e-08
-3.2097859e-07
6.1900784e-08
-3.2693878e-07
9.1061467e-08
-3.1543098e-07
1.2911715e-07
-2.7997443e-07
1.6988493e-07
-2.2479007e-07
2.030747e-07
-1.6481863e-07
2.2013412e-07
-1.1220878e-07
2.2001936e-07
-7.0687532e-08
2.0801391e-07
-4.0210829e-08
1.8937213e-07
-1.9293399e-08
1.6776654e-07
-5.374365e-09
1.4619354e-07
3.569911e-09
1.2582991e-07
8.7759249e-09
1.0760286e-07
1.1499069e-08
9.1580452e-08
1.2589345e-08
7.7764578e-08
1.2703555e-08
6.5874758e-08
1.2224147e-08
5.5782631e-08
1.1410428e-08
4.7241754e-08
1.0431729e-08
4.00259e-08
9.3968138e-09
3.3932126e-08
8.3730005e-09
2.8785372e-08
7.3985609e-09
2.4437869e-08
6.4965711e-09
2.0759461e-08
5.6766121e-09
1.764606e-08
4.9408076e-09
1.5008791e-08
4.2868788e-09
1.2772971e-08
3.7100215e-09
1.0875669e-08
3.204087e-09
9.2643439e-09
2.7623912e-09
7.8948884e-09
2.3782017e-09
6.7302285e-09
2.0450365e-09
5.7391495e-09
1.756822e-09
4.8953326e-09
1.5079815e-09
4.1765515e-09
1.2934827e-09
3.5640226e-09
1.1088431e-09
3.041856e-09
9.5009449e-10
2.59659e-09
8.1373508e-10
2.2167971e-09
6.9669673e-10
1.8927693e-09
5.9630678e-10
1.6162621e-09
5.1024842e-10
1.3802644e-09
4.3651363e-10
1.1788109e-09
3.7336515e-10
1.0068212e-09
3.1930336e-10
8.5996946e-10
2.7303613e-10
7.3456965e-10
2.3344853e-10
6.2748021e-10
1.9957914e-10
5.3601992e-10
1.7060657e-10
4.5790542e-10
1.4583015e-10
3.9118956e-10
1.2464846e-10
3.3420674e-10
1.065404e-10
2.8553189e-10
9.1056704e-11
2.43946e-10
7.7815156e-11
2.0841413e-10
6.649426e-11
1.7805718e-10
5.6819775e-11
1.5212592e-10
4.8554016e-11
1.2997623e-10
4.1491102e-11
1.1105614e-10
3.5454868e-11
9.4893288e-11
3.0296006e-11
8.1084938e-11
2.5884128e-11
6.9290121e-11
2.2112903e-11
5.9214052e-11
1.8891354e-11
5.060499e-11
1.6141223e-11
4.3250059e-11
1.3793936e-11
3.6964369e-11
1.178715e-11
3.1590629e-11
1.0069865e-11
2.6996271e-11
8.6038492e-12
2.3067727e-11
7.3571005e-12
1.9713308e-11
6.2977035e-12
1.685038e-11
5.3910127e-12
1.4404323e-11
4.6113998e-12
1.2310692e-11
3.9399607e-12
1.0517652e-11
3.3651134e-12
8.9861111e-12
2.877615e-12
7.6814885e-12
2.4618924e-12
6.5718007e-12
2.1020475e-12
5.6259966e-12
1.7877502e-12
4.813972e-12
1.5167669e-12
4.1173202e-12
1.2925543e-12
3.5193175e-12
1.1116393e-12
3.0078288e-12
9.6292043e-13
2.5707888e-12
8.3193189e-13
2.1991764e-12
7.1520409e-13
1.8773585e-12
6.1260826e-13
1.6021982e-12
5.2933483e-13
1.3515568e-12
3.9738993e-13
1.1408714e-12
3.6967636e-13
1.0298062e-12
3.1481726e-13
8.670079e-13
2.6300873e-13
7.3418454e-13
2.1849295e-13
6.2865212e-13
1.8184696e-13
5.4087215e-13
1.5023934e-13
4.6458615e-13
1.2397899e-13
3.9776979e-13
1.0271612e-13
3.3896109e-13
8.770442e-14
2.8805137e-13
7.7461078e-14
2.4537227e-13
7.1665192e-14
2.0806447e-13
6.8319496e-14
1.762133e-13
6.7264937e-14
1.4878256e-13
6.905218e-14
1.253901e-13
7.1398343e-14
1.0749704e-13
7.2464233e-14
9.2399924e-14
6.8622002e-14
7.9313544e-14
5.8648059e-14
6.5616815e-14
4.4406829e-14
5.1938822e-14
3.0240926e-14
3.9278674e-14
1.983708e-14
3.0670822e-14
1.4249262e-14
2.5909556e-14
1.1645574e-14
2.4890731e-14
8.9565116e-15
2.3720045e-14
4.5727102e-15
2.2468966e-14
-8.0367936e-16
1.8703599e-14
-6.0211788e-15
1.5051906e-14
-1.0083313e-14
1.1495782e-14
-1.3604768e-14
9.494663e-15
-1.7413361e-14
8.7546626e-15
-2.0879274e-14
8.7149879e-15
-2.1832203e-14
9.41434e-15
-1.8585623e-14
1.1573501e-14
-1.1321593e-14
1.5415644e-14
-3.3552016e-15
2.0602773e-14
7.6451712e-16
2.5039713e-14
-8.2389813e-16
2.7623452e-14
-6.9508974e-15
2.6547329e-14
-1.3880862e-14
2.4985915e-14
-1.6926754e-14
2.3666247e-14
-1.4132063e-14
2.5326466e-14
-7.346545e-15
2.9798078e-14
4.7310838e-17
3.4756484e-14
4.4339439e-15
3.7909287e-14
5.2042956e-15
3.7643488e-14
4.1303068e-15
3.3725458e-14
3.9587787e-15
2.722829e-14
6.2760923e-15
2.0313073e-14
1.0237649e-14
1.3979854e-14
1.3778706e-14
8.932198e-15
1.5264145e-14
3.9488555e-15
1.4216944e-14
-1.0662101e-15
1.2466728e-14
-6.1259985e-15
1.1607755e-14
-1.0396613e-14
1.3312937e-14
-1.3810207e-14
1.5639972e-14
-1.4793717e-14
1.7069044e-14
-1.5840711e-14
8.7945766e-15
-7.3527458e-15
-9.5778636e-15
1.7313759e-15
1.7428436e-14
1.6594147e-14
-4.3906512e-14
-1.9183584e-14
-4.6004725e-14
-4.4990717e-15
-3.8545079e-14
1.1415873e-14
-2.9963869e-14
2.3870385e-14
-1.9824672e-14
3.0255389e-14
-9.670359e-15
3.9170239e-14
4.5099816e-16
4.6937043e-14
9.3145387e-15
5.3344461e-14
1.5741432e-14
5.741458e-14
1.8328808e-14
5.8451092e-14
1.6892227e-14
5.6626215e-14
1.2224656e-14
5.265996e-14
6.253376e-15
4.7460568e-14
1.4109468e-15
4.1786522e-14
-1.0730579e-15
3.6728371e-14
-7.0275551e-16
3.1969076e-14
9.1214058e-16
2.7805888e-14
1.6823632e-15
2.3177236e-14
-2.2185638e-16
1.8098058e-14
-4.5134175e-15
1.2392289e-14
-9.5077332e-15
6.0795427e-15
-1.2430092e-14
-1.6126912e-16
-1.1159462e-14
-5.1949465e-15
-5.2408608e-15
-8.813766e-15
3.8498817e-15
-1.0608259e-14
1.3053661e-14
-1.0903096e-14
1.9133156e-14
-1.0069106e-14
2.0339865e-14
-9.1015738e-15
1.6832145e-14
-8.0043992e-15
1.0921909e-14
-7.5786937e-15
5.3713052e-15
-7.2479698e-15
2.7315178e-15
-7.5817456e-15
3.8457176e-15
-7.9816594e-15
7.9203983e-15
-8.9260266e-15
1.2899945e-14
-9.4829771e-15
1.6685742e-14
-1.0657868e-14
1.7602787e-14
-1.1619267e-14
1.5836349e-14
-1.354338e-14
1.2048523e-14
-1.5723631e-14
7.3611261e-15
-1.8550237e-14
2.8349972e-15
-2.1974748e-14
-1.3680919e-15
-2.5779705e-14
-5.0208516e-15
-3.0006642e-14
-8.7973658e-15
-3.3801282e-14
-1.2200109e-14
-3.7465656e-14
-1.5015339e-14
-4.0166034e-14
-1.6057789e-14
-4.206193e-14
-1.4784746e-14
-4.3123451e-14
-1.0971135e-14
-4.3319199e-14
-5.0791014e-15
-4.3473781e-14
1.3936976e-15
-4.3230269e-14
7.0105229e-15
-4.3157519e-14
1.0554484e-14
-4.2493529e-14
1.1665376e-14
-4.1894585e-14
1.0620631e-14
-4.0268779e-14
8.4330574e-15
-3.8032516e-14
5.9830045e-15
-3.5279141e-14
3.4971832e-15
-3.2253298e-14
1.1973223e-15
-3.060688e-14
-3.3347122e-14
1.2828498e-08
-1.1594764e-07
2.5257317e-08
-1.4224955e-07
3.7332755e-08
-1.3738363e-07
5.0136783e-08
-1.3699304e-07
6.3722399e-08
-1.4071316e-07
7.8130049e-08
-1.4626967e-07
9.3393306e-08
-1.5304651e-07
1.092155e-07
-1.6076325e-07
1.2448657e-07
-1.6846919e-07
1.3774347e-07
-1.7538813e-07
1.4813202e-07
-1.8137469e-07
1.5760301e-07
-1.8896788e-07
1.7261266e-07
-2.0319584e-07
2.0007756e-07
-2.2784659e-07
2.466344e-07
-2.679705e-07
3.0507374e-07
-3.119577e-07
3.3261616e-07
-3.2134598e-07
2.6742806e-07
-2.6868049e-07
1.7275901e-07
-1.4418639e-07
6.080465e-09
1.7578463e-08
-1.0911148e-07
1.1134845e-07
-1.8684894e-07
1.362514e-07
-2.1315915e-07
1.3834572e-07
-2.3024177e-07
1.2708695e-07
-2.3237957e-07
1.138674e-07
-2.2990904e-07
9.9218808e-08
-2.2858356e-07
8.416083e-08
-2.2670497e-07
7.1418703e-08
-2.2460003e-07
6.0422366e-08
-2.2577315e-07
5.0179057e-08
-2.3181092e-07
4.1752643e-08
-2.41377e-07
3.6944379e-08
-2.5217303e-07
3.6858257e-08
-2.6268865e-07
4.1786612e-08
-2.7200639e-07
5.197913e-08
-2.7815844e-07
6.8052865e-08
-2.7731225e-07
9.0215324e-08
-2.6509589e-07
1.1690081e-07
-2.3926929e-07
1.4405833e-07
-2.022771e-07
1.660825e-07
-1.6075392e-07
1.7861093e-07
-1.2139005e-07
1.8065545e-07
-8.7660854e-08
1.7428471e-07
-6.0653707e-08
1.6236502e-07
-4.0226717e-08
1.4733952e-07
-2.5279454e-08
1.3124625e-07
-1.4740688e-08
1.1529116e-07
-7.4844243e-09
1.0034659e-07
-2.6238761e-09
8.6719881e-08
5.9928565e-10
7.4541404e-08
2.5475489e-09
6.3926475e-08
3.6379842e-09
5.4692183e-08
4.1603398e-09
4.6719413e-08
4.311645e-09
3.9874619e-08
4.2295952e-09
3.4014185e-08
4.00931e-09
2.9005654e-08
3.707249e-09
2.4739926e-08
3.3727896e-09
2.1093922e-08
3.0309619e-09
1.7987908e-08
2.6981754e-09
1.534173e-08
2.384074e-09
1.3086976e-08
2.0942648e-09
1.1165478e-08
1.8310414e-09
9.5275696e-09
1.5948017e-09
8.1311289e-09
1.3847212e-09
6.9403158e-09
1.1992417e-09
5.9246412e-09
1.0364055e-09
5.058173e-09
8.9409474e-10
4.3188538e-09
7.7018592e-10
3.6879233e-09
6.6263273e-10
3.149415e-09
5.6951065e-10
2.6897281e-09
4.890458e-10
2.2972735e-09
4.1963127e-10
1.9621828e-09
3.5983774e-10
1.6760451e-09
3.0839584e-10
1.4316927e-09
2.6418599e-10
1.2230081e-09
2.2622641e-10
1.0447724e-09
1.9366082e-10
8.9253339e-10
1.6574032e-10
7.6249338e-10
1.4181323e-10
6.5141083e-10
1.2131533e-10
5.5652067e-10
1.0376268e-10
4.7546424e-10
8.8739142e-11
4.0622395e-10
7.5881486e-11
3.4707324e-10
6.4876495e-11
2.9653506e-10
5.5457718e-11
2.5335222e-10
4.7401018e-11
2.1645694e-10
4.0514058e-11
1.8493811e-10
3.4628582e-11
1.5801445e-10
2.9598329e-11
1.3501407e-10
2.5297721e-11
1.1536497e-10
2.1621634e-11
9.857686e-11
1.8477832e-11
8.4234311e-11
1.5788596e-11
7.1981507e-11
1.348822e-11
6.1513702e-11
1.1522932e-11
5.2569603e-11
9.84449e-12
4.4929751e-11
8.4104634e-12
3.8400318e-11
7.1831272e-12
3.2819385e-11
6.1348246e-12
2.8048594e-11
5.2427543e-12
2.3971847e-11
4.4874912e-12
2.0489094e-11
3.8464055e-12
1.7512424e-11
3.2932652e-12
1.4968627e-11
2.8149779e-12
1.2788066e-11
2.4048729e-12
1.092278e-11
2.0580839e-12
9.333416e-12
1.7661265e-12
7.9801104e-12
1.5139829e-12
6.8279747e-12
1.2901586e-12
5.84297e-12
1.0889829e-12
4.9993148e-12
9.1813043e-13
4.2744811e-12
7.8218122e-13
3.6537666e-12
6.7669252e-13
3.1238226e-12
5.9046806e-13
2.669683e-12
5.1147015e-13
2.282971e-12
4.3483305e-13
1.9511264e-12
3.6551116e-13
1.6743818e-12
3.1053865e-13
1.4322849e-12
2.8914996e-13
1.2106865e-12
2.04522e-13
1.0479683e-12
1.8402228e-13
9.0170707e-13
1.5625878e-13
7.7367957e-13
1.2972734e-13
6.5788237e-13
1.049262e-13
5.6219799e-13
8.2838235e-14
4.8140341e-13
6.4987662e-14
4.1202891e-13
5.206233e-14
3.5212181e-13
4.4456809e-14
3.0010683e-13
4.1169213e-14
2.5610655e-13
4.0106407e-14
2.1812407e-13
4.1038566e-14
1.8562434e-13
4.479436e-14
1.5758419e-13
5.05724e-14
1.3433995e-13
5.6800841e-14
1.1539107e-13
5.9155243e-14
9.8683198e-14
5.5006562e-14
8.2826914e-14
4.4484884e-14
6.6772519e-14
3.1742744e-14
5.1765559e-14
2.1207006e-14
3.9908204e-14
1.5531694e-14
3.3011251e-14
1.3227068e-14
2.9991463e-14
1.1404251e-14
2.8917258e-14
7.1333089e-15
2.6596478e-14
9.8762097e-16
2.2953129e-14
-5.0646665e-15
1.7057225e-14
-9.2813345e-15
1.1978813e-14
-1.1740774e-14
7.5772715e-15
-1.4327589e-14
5.4537213e-15
-1.7480764e-14
4.4121242e-15
-2.0363787e-14
4.8682506e-15
-1.9944677e-14
6.213076e-15
-1.4774497e-14
9.5243866e-15
-6.5467081e-15
1.4521426e-14
8.9413531e-16
1.9655296e-14
2.8178262e-15
2.3555667e-14
-8.1868236e-16
2.41256e-14
-8.602449e-15
2.3337094e-14
-1.4481776e-14
2.2862639e-14
-1.4944406e-14
2.4734948e-14
-9.9198429e-15
3.032831e-14
-2.1041215e-15
3.7095112e-14
3.362202e-15
4.3017395e-14
4.3699951e-15
4.4754129e-14
1.2883512e-15
4.261244e-14
-2.0999812e-15
3.6638508e-14
-2.7687618e-15
2.9355995e-14
1.8167775e-16
2.276098e-14
5.0208152e-15
1.7210487e-14
9.0292705e-15
1.2542941e-14
1.0305121e-14
7.3639329e-15
9.0297566e-15
1.8537448e-15
7.7549877e-15
-4.1406827e-15
8.1369799e-15
-8.2515144e-15
1.1432466e-14
-1.1192206e-14
1.5849776e-14
-1.0692804e-14
2.0624803e-14
-1.3630314e-14
2.2823914e-14
-1.3373491e-14
9.8491936e-15
-1.5008946e-14
-3.3703153e-14
-9.314407e-15
-1.7275617e-14
-2.2181334e-15
-3.1035787e-14
-4.7013975e-15
-3.0649492e-14
5.4441312e-15
-2.2326197e-14
2.0322308e-14
-1.1996949e-14
3.074869e-14
-1.8806199e-15
4.1373916e-14
6.8866206e-15
4.8956185e-14
1.3304215e-14
5.4549476e-14
1.6734131e-14
5.7650855e-14
1.6586065e-14
5.8133459e-14
1.2958635e-14
5.6253708e-14
6.9822927e-15
5.2606189e-14
6.8366889e-16
4.781205e-14
-4.0902141e-15
4.263508e-14
-5.8783285e-15
3.7464151e-14
-5.1626171e-15
3.2346791e-14
-3.5963686e-15
2.7502173e-14
-3.4734856e-15
2.2339231e-14
-6.1496583e-15
1.7060546e-14
-1.0846699e-14
1.1283935e-14
-1.5608404e-14
5.5900773e-15
-1.7541973e-14
2.9070158e-16
-1.4806342e-14
-3.4379243e-15
-7.0915858e-15
-6.0765459e-15
3.5003882e-15
-7.2237508e-15
1.3744229e-14
-7.5622688e-15
2.0259978e-14
-7.1609634e-15
2.1381491e-14
-7.0226747e-15
1.7500819e-14
-6.735475e-15
1.1072989e-14
-7.0288768e-15
5.1917166e-15
-7.044927e-15
2.2756644e-15
-7.2618781e-15
3.2550144e-15
-7.2732312e-15
7.0211804e-15
-7.4642658e-15
1.186398e-14
-7.6854123e-15
1.5120496e-14
-8.3266582e-15
1.5872365e-14
-9.655624e-15
1.3553495e-14
-1.2025018e-14
9.2322228e-15
-1.5254569e-14
4.0364412e-15
-1.9171258e-14
-9.4769413e-16
-2.3639443e-14
-5.3274749e-15
-2.8065061e-14
-9.0742773e-15
-3.2469211e-14
-1.2357943e-14
-3.5921096e-14
-1.5125213e-14
-3.8823548e-14
-1.7050536e-14
-4.0426434e-14
-1.7278032e-14
-4.1420685e-14
-1.5308374e-14
-4.1764224e-14
-1.0934809e-14
-4.1777865e-14
-4.7941801e-15
-4.2138824e-14
1.7427766e-15
-4.2201174e-14
7.5494022e-15
-4.2747718e-14
1.1407407e-14
-4.241959e-14
1.3155672e-14
-4.2161999e-14
1.2724427e-14
-4.0280054e-14
1.1063728e-14
-3.7878073e-14
8.5098236e-15
-3.4567853e-14
5.7067049e-15
-3.1366564e-14
2.3447107e-15
-2.9476559e-14
-3.2805048e-14
1.3461554e-08
-1.294092e-07
2.569098e-08
-1.5447897e-07
3.7559647e-08
-1.492523e-07
5.0469625e-08
-1.4990302e-07
6.4002362e-08
-1.542459e-07
7.7775574e-08
-1.6004288e-07
9.0981133e-08
-1.6625207e-07
1.02159e-07
-1.7194112e-07
1.1024155e-07
-1.7655174e-07
1.1677137e-07
-1.8191795e-07
1.2748028e-07
-1.920836e-07
1.5069545e-07
-2.1218305e-07
1.9716181e-07
-2.496622e-07
2.6509054e-07
-2.9577533e-07
3.3529035e-07
-3.381703e-07
3.2381364e-07
-3.0048098e-07
2.5446813e-07
-2.5200046e-07
1.1163001e-07
-1.2584239e-07
-7.0984921e-08
3.8428524e-08
-1.9764067e-07
1.4423419e-07
-2.4568874e-07
1.5939651e-07
-2.6059331e-07
1.51156e-07
-2.5833864e-07
1.3609106e-07
-2.5062913e-07
1.1937743e-07
-2.4152552e-07
1.0476379e-07
-2.3335079e-07
9.1044074e-08
-2.2776536e-07
7.8575399e-08
-2.2436313e-07
6.8016512e-08
-2.2296469e-07
5.9023894e-08
-2.2414637e-07
5.1360729e-08
-2.2801472e-07
4.5620997e-08
-2.3380255e-07
4.2732161e-08
-2.4032146e-07
4.3377108e-08
-2.4644941e-07
4.7914592e-08
-2.5103499e-07
5.6564728e-08
-2.5239364e-07
6.9411509e-08
-2.4819621e-07
8.6017904e-08
-2.3620766e-07
1.0491224e-07
-2.1559552e-07
1.2344622e-07
-1.8796667e-07
1.3845368e-07
-1.5690907e-07
1.4755333e-07
-1.2625294e-07
1.4999928e-07
-9.8557781e-08
1.4658951e-07
-7.5024866e-08
1.3883212e-07
-5.5943187e-08
1.2825785e-07
-4.0963424e-08
1.1626647e-07
-2.9532261e-08
1.0386e-07
-2.0949365e-08
9.1763691e-08
-1.46179e-08
8.03884e-08
-1.0044784e-08
6.9968271e-08
-6.7424868e-09
6.0624166e-08
-4.3924673e-09
5.2342164e-08
-2.7451705e-09
4.5072127e-08
-1.6024916e-09
3.873194e-08
-8.2318759e-10
3.3234873e-08
-3.0598395e-10
2.8488453e-08
4.1354808e-11
2.4392594e-08
2.5414334e-10
2.0881125e-08
3.7587826e-10
1.7866144e-08
4.3668673e-10
1.5280937e-08
4.5731545e-10
1.3066365e-08
4.5218383e-10
1.1170614e-08
4.3121289e-10
9.5485337e-09
4.0120254e-10
8.1611354e-09
3.6673997e-10
6.9747786e-09
3.3084995e-10
5.9605274e-09
2.9547676e-10
5.0935373e-09
2.6181595e-10
4.3525114e-09
2.3054647e-10
3.7192036e-09
2.019948e-10
3.1779852e-09
1.7625496e-10
2.7154809e-09
1.5327608e-10
2.3202542e-09
1.3292179e-10
1.9825321e-09
1.1500186e-10
1.6939577e-09
9.9301901e-11
1.4473829e-09
8.560291e-11
1.2366952e-09
7.369321e-11
1.056672e-09
6.3370848e-11
9.028514e-10
5.4446058e-11
7.7141982e-10
4.6743169e-11
6.5912055e-10
4.0104957e-11
5.631711e-10
3.4391992e-11
4.811924e-10
2.947701e-11
4.1114906e-10
2.5248531e-11
3.5129875e-10
2.1613046e-11
3.0015581e-10
1.8493438e-11
2.5645646e-10
1.5823027e-11
2.1912181e-10
1.3539773e-11
1.8722645e-10
1.1585667e-11
1.5997783e-10
9.9122387e-12
1.3669592e-10
8.4783541e-12
1.1680622e-10
7.2518415e-12
9.9810433e-11
6.2019983e-12
8.5289333e-11
5.3014068e-12
7.2883586e-11
4.5305225e-12
6.2283418e-11
3.8693228e-12
5.3229435e-11
3.3039532e-12
4.5493876e-11
2.8183381e-12
3.8883418e-11
2.4025013e-12
3.3232645e-11
2.0492169e-12
2.8404351e-11
1.7533707e-12
2.4278934e-11
1.5061708e-12
2.0752689e-11
1.2938226e-12
1.7737267e-11
1.1086868e-12
1.5156962e-11
9.4735023e-13
1.2947722e-11
8.1185698e-13
1.1061384e-11
7.0316424e-13
9.4539588e-12
6.1129622e-13
8.0853788e-12
5.2665469e-13
6.9155578e-12
4.4210058e-13
5.9148552e-12
3.6245079e-13
5.0576774e-12
2.9659464e-13
4.323725e-12
2.4941846e-13
3.6979515e-12
2.2030606e-13
3.1624371e-12
1.9986783e-13
2.7034598e-12
1.8169154e-13
2.308399e-12
1.5742861e-13
1.9701771e-12
1.2741139e-13
1.6876704e-12
9.6058629e-14
1.4506432e-12
1.2432581e-13
1.2620443e-12
6.5667099e-14
1.035697e-12
4.6663723e-14
8.9454223e-13
3.9362553e-14
7.7499449e-13
3.3167585e-14
6.6475803e-13
2.3734395e-14
5.7002129e-13
1.3423313e-14
4.8689742e-13
4.8513113e-15
4.1599902e-13
4.2657773e-16
3.5550157e-13
7.3398849e-17
3.0382559e-13
2.3814699e-15
2.6037686e-13
6.507852e-15
2.2266666e-13
1.2587485e-14
1.9058173e-13
2.1186911e-14
1.6303744e-13
3.1408118e-14
1.3988863e-13
4.0048807e-14
1.2008892e-13
4.2792861e-14
1.019546e-13
3.8510911e-14
8.3884181e-14
2.9104826e-14
6.68217e-14
1.980416e-14
5.1932896e-14
1.4172387e-14
4.1773741e-14
1.2820417e-14
3.6308954e-14
1.2465585e-14
3.3757462e-14
9.6584714e-15
3.1444785e-14
2.9825907e-15
2.72355e-14
-4.8267649e-15
2.1062224e-14
-1.0755978e-14
1.3494654e-14
-1.3358488e-14
7.5373916e-15
-1.4008588e-14
2.8731275e-15
-1.5228697e-14
9.4230415e-16
-1.732663e-14
-9.67117e-17
-1.8967485e-14
1.2848478e-15
-1.69117e-14
3.5459408e-15
-1.0877918e-14
8.4334697e-15
-2.3189884e-15
1.334714e-14
3.6619658e-15
1.7894449e-14
4.2134586e-15
1.9932012e-14
-1.2898797e-15
1.9962482e-14
-8.4021085e-15
1.9738825e-14
-1.1920445e-14
2.1494009e-14
-9.6971251e-15
2.7025385e-14
-2.9509947e-15
3.5396406e-14
3.6002077e-15
4.3368071e-14
5.806071e-15
4.8395755e-14
1.8151703e-15
4.8831507e-14
-4.6899047e-15
4.4475552e-14
-9.4417938e-15
3.7463993e-14
-9.5048188e-15
3.0487884e-14
-5.1589795e-15
2.4985089e-14
1.2790505e-16
2.0980556e-14
3.874886e-15
1.6398846e-14
4.5410467e-15
1.0859106e-14
3.3842948e-15
4.8003398e-15
3.0595825e-15
-1.5364683e-15
6.0182822e-15
-6.2307457e-15
1.0781525e-14
-8.2334144e-15
1.5876479e-14
-6.6255346e-15
1.7274028e-14
-4.7963749e-15
2.0892553e-14
-5.3931169e-15
2.5063231e-14
-1.4147418e-14
-3.5933654e-14
-2.5115882e-14
-1.5916359e-14
1.658491e-14
-1.7910142e-14
1.1438833e-14
-1.6681358e-14
1.2967469e-14
-9.6528362e-15
2.0909408e-14
-2.1866793e-15
3.1393734e-14
5.8546119e-15
4.1278381e-14
1.2425185e-14
4.8650391e-14
1.6458002e-14
5.380459e-14
1.7284268e-14
5.6444938e-14
1.4795503e-14
5.6580847e-14
9.3684598e-15
5.4769193e-14
2.2612493e-15
5.1496e-14
-4.5817185e-15
4.7117988e-14
-9.132099e-15
4.1996303e-14
-1.073534e-14
3.6784011e-14
-1.0113754e-14
3.1443883e-14
-8.8845829e-15
2.6050992e-14
-9.0879063e-15
2.0481142e-14
-1.1952026e-14
1.5372798e-14
-1.6378154e-14
9.902671e-15
-2.0562245e-14
5.4775282e-15
-2.1558818e-14
1.5604188e-15
-1.7419602e-14
-9.3628834e-16
-8.4090748e-15
-2.5993021e-15
3.2364087e-15
-3.3898684e-15
1.3949131e-14
-3.91568e-15
2.0590104e-14
-4.2557391e-15
2.1652492e-14
-5.137844e-15
1.7678675e-14
-5.6599064e-15
1.0989688e-14
-6.2699717e-15
5.2264469e-15
-6.6783643e-15
2.4799085e-15
-6.57461e-15
3.4271222e-15
-5.9373732e-15
6.7098953e-15
-5.0955012e-15
1.0912357e-14
-5.1677868e-15
1.3536732e-14
-5.696599e-15
1.3375025e-14
-7.4666129e-15
1.0332047e-14
-1.0664568e-14
5.2705923e-15
-1.4885375e-14
-2.5086355e-16
-2.0002802e-14
-5.3652781e-15
-2.5165343e-14
-9.5242745e-15
-2.9853496e-14
-1.2723604e-14
-3.4012449e-14
-1.5143666e-14
-3.6796792e-14
-1.7064827e-14
-3.8519767e-14
-1.8116292e-14
-3.8968694e-14
-1.7707852e-14
-3.9038458e-14
-1.5413437e-14
-3.8756193e-14
-1.1014794e-14
-3.8707688e-14
-5.0999089e-15
-3.9299641e-14
1.4559245e-15
-3.9945748e-14
7.5175552e-15
-4.1162108e-14
1.2103026e-14
-4.1369582e-14
1.4608878e-14
-4.1319354e-14
1.5164191e-14
-3.95292e-14
1.4087348e-14
-3.7037957e-14
1.1557827e-14
-3.3383731e-14
8.1284845e-15
-3.0225368e-14
3.7213111e-15
-2.837176e-14
-3.1796471e-14
1.5007936e-08
-1.4441713e-07
2.5073919e-08
-1.6454496e-07
3.5525652e-08
-1.5970403e-07
4.6847749e-08
-1.6122512e-07
5.7205497e-08
-1.6460365e-07
6.5491408e-08
-1.6832879e-07
7.0631119e-08
-1.7139179e-07
7.3613518e-08
-1.7492352e-07
7.9558716e-08
-1.8249694e-07
1.006006e-07
-2.0295984e-07
1.4571921e-07
-2.3720221e-07
2.3278343e-07
-2.9924726e-07
3.2702731e-07
-3.4390608e-07
3.5541023e-07
-3.2415824e-07
3.0508586e-07
-2.8784595e-07
2.0007238e-07
-1.954675e-07
3.480704e-08
-8.6735178e-08
-1.4073261e-07
4.9697204e-08
-2.5958895e-07
1.572849e-07
-2.9237734e-07
1.7702261e-07
-2.9095498e-07
1.5797412e-07
-2.7824426e-07
1.3844522e-07
-2.6441632e-07
1.2226308e-07
-2.526508e-07
1.0761191e-07
-2.4308818e-07
9.5201175e-08
-2.3595979e-07
8.3915683e-08
-2.3121764e-07
7.383322e-08
-2.28308e-07
6.510685e-08
-2.2694767e-07
5.7663579e-08
-2.2720501e-07
5.1618067e-08
-2.2897526e-07
4.7391195e-08
-2.3175475e-07
4.5511661e-08
-2.3477931e-07
4.6401665e-08
-2.3717391e-07
5.0309175e-08
-2.3792256e-07
5.7313395e-08
-2.3576618e-07
6.725511e-08
-2.2929912e-07
7.9550873e-08
-2.1740925e-07
9.3022382e-08
-1.9990258e-07
1.0593959e-07
-1.778798e-07
1.1643091e-07
-1.5341362e-07
1.230871e-07
-1.2875802e-07
1.2534367e-07
-1.056578e-07
1.2348929e-07
-8.5144037e-08
1.1831838e-07
-6.7669963e-08
1.1078381e-07
-5.3224076e-08
1.0182056e-07
-4.1558549e-08
9.2194438e-08
-3.2290729e-08
8.2495877e-08
-2.5023202e-08
7.3120883e-08
-1.9382208e-08
6.4327263e-08
-1.5020938e-08
5.6262875e-08
-1.1660843e-08
4.8982055e-08
-9.0760783e-09
4.2487345e-08
-7.0900169e-09
3.6745858e-08
-5.5620895e-09
3.1706946e-08
-4.3824613e-09
2.7308848e-08
-3.4746819e-09
2.3484837e-08
-2.7680203e-09
2.0174478e-08
-2.2164389e-09
1.7314565e-08
-1.7841587e-09
1.4848655e-08
-1.443763e-09
1.2725999e-08
-1.1742772e-09
1.0901154e-08
-9.5978232e-10
9.3340485e-09
-7.8810342e-10
7.9894591e-09
-6.4993555e-10
6.8366069e-09
-5.3813564e-10
5.8487224e-09
-4.4719837e-10
5.0026032e-09
-3.728627e-10
4.27819e-09
-3.1181665e-10
3.6581731e-09
-2.6146949e-10
3.1276443e-09
-2.1977861e-10
2.6737879e-09
-1.8512608e-10
2.2856004e-09
-1.5622756e-10
1.953637e-09
-1.3205971e-10
1.6697918e-09
-1.11798e-10
1.4271151e-09
-9.4770058e-11
1.2196552e-09
-8.042493e-11
1.0423161e-09
-6.8313404e-11
8.907359e-10
-5.8069079e-11
7.6118012e-10
-4.9390524e-11
6.5045478e-10
-4.2030078e-11
5.5582778e-10
-3.5785478e-11
4.7496033e-10
-3.0487659e-11
4.0585026e-10
-2.5992051e-11
3.4678897e-10
-2.2170468e-11
2.9631806e-10
-1.8912848e-11
2.531926e-10
-1.6131823e-11
2.1634641e-10
-1.3760272e-11
1.8486515e-10
-1.1739595e-11
1.5796535e-10
-1.0019859e-11
1.3498205e-10
-8.5500675e-12
1.153426e-10
-7.2973302e-12
9.8564058e-11
-6.2295204e-12
8.4225515e-11
-5.3207296e-12
7.1975667e-11
-4.5445586e-12
6.1506877e-11
-3.8837972e-12
5.2567892e-11
-3.3206429e-12
4.4927492e-11
-2.8436273e-12
3.8399472e-11
-2.4387275e-12
3.2820678e-11
-2.0876466e-12
2.805217e-11
-1.7810617e-12
2.3978947e-11
-1.5167728e-12
2.0497279e-11
-1.292636e-12
1.7517533e-11
-1.1045223e-12
1.4968823e-11
-9.4344413e-13
1.2789646e-11
-7.9902537e-13
1.0929386e-11
-6.6984866e-13
9.3434782e-12
-5.6091495e-13
7.9897166e-12
-4.7785674e-13
6.8299381e-12
-4.1903711e-13
5.8375375e-12
-3.7373651e-13
4.988022e-12
-3.3217326e-13
4.2640672e-12
-2.8770672e-13
3.6477682e-12
-2.4074173e-13
3.1206747e-12
-1.9676671e-13
2.6705864e-12
-1.5856644e-13
2.2824461e-12
-1.3047852e-13
1.9504946e-12
-1.0805031e-13
1.6610231e-12
-1.0319676e-13
1.416619e-12
-1.3291622e-13
1.2093717e-12
-7.8164587e-14
1.0503774e-12
-7.2489749e-14
8.7504852e-13
-6.6805775e-14
7.5423755e-13
-6.0411933e-14
6.4794548e-13
-5.8840309e-14
5.5992694e-13
-5.8311715e-14
4.7852514e-13
-5.6562727e-14
4.0896895e-13
-5.1768476e-14
3.4989892e-13
-4.4194577e-14
2.9970516e-13
-3.564684e-14
2.5804176e-13
-2.6288091e-14
2.2161202e-13
-1.5491052e-14
1.9092299e-13
-2.2067891e-15
1.6403981e-13
1.1318644e-14
1.4149784e-13
2.1496602e-14
1.2120894e-13
2.45943e-14
1.0237129e-13
2.0782141e-14
8.3630926e-14
1.4095795e-14
6.6633329e-14
9.4264777e-15
5.2863196e-14
8.7304188e-15
4.4415163e-14
1.0597413e-14
3.9311e-14
1.0410027e-14
3.6025152e-14
5.2169144e-15
3.190346e-14
-3.7444e-15
2.5349994e-14
-1.2185364e-14
1.7054684e-14
-1.7100903e-14
8.8780513e-15
-1.754643e-14
2.6037815e-15
-1.6329236e-14
-1.6841565e-15
-1.576616e-14
-3.5347574e-15
-1.6719502e-14
-3.779913e-15
-1.6387964e-14
-1.8026566e-15
-1.2566653e-14
1.5673208e-15
-5.0928894e-15
7.0750163e-15
2.6905696e-15
1.1878296e-14
6.5240918e-15
1.5402063e-14
4.558404e-15
1.6029274e-14
-1.454207e-15
1.5768752e-14
-6.4470109e-15
1.655203e-14
-7.0295985e-15
2.1415445e-14
-1.9813875e-15
2.9506321e-14
5.1814304e-15
3.9192849e-14
8.6936693e-15
4.724716e-14
5.6085721e-15
5.0771925e-14
-2.8828749e-15
4.9369834e-14
-1.1771844e-14
4.3611267e-14
-1.6253363e-14
3.6659899e-14
-1.5078104e-14
3.1574981e-14
-9.7887476e-15
2.7858976e-14
-3.7245642e-15
2.4331037e-14
-9.3633796e-16
2.0163307e-14
-1.8287098e-15
1.4641886e-14
-3.2219764e-15
8.105545e-15
-1.8437464e-15
1.7965218e-15
4.0457994e-15
-2.9747116e-15
1.1799731e-14
-4.7277049e-15
1.8422731e-14
-4.8878075e-15
1.7200196e-14
-1.1466181e-15
1.2853706e-14
5.7070053e-16
7.1619941e-15
5.9208292e-15
1.232263e-14
5.5858124e-16
-1.9480107e-14
-5.6124027e-15
-1.4898054e-14
1.2598955e-14
-8.2466984e-15
2.0119683e-14
6.2373181e-16
2.548853e-14
7.4976631e-15
3.412992e-14
1.3531252e-14
4.0770521e-14
1.7306312e-14
4.6928429e-14
1.8589517e-14
5.1464871e-14
1.7375553e-14
5.3517326e-14
1.3072921e-14
5.3757393e-14
6.1041248e-15
5.2285114e-14
-2.1353284e-15
4.9370042e-14
-9.6529612e-15
4.5229716e-14
-1.4709149e-14
4.0196686e-14
-1.6388121e-14
3.4675666e-14
-1.557006e-14
2.9028622e-14
-1.4323609e-14
2.3560878e-14
-1.4498015e-14
1.8034918e-14
-1.6911057e-14
1.3299206e-14
-2.1004485e-14
8.9373943e-15
-2.4368594e-14
5.8676062e-15
-2.4354769e-14
3.4217328e-15
-1.9142876e-14
1.9854598e-15
-9.3327738e-15
1.1131595e-15
2.7301158e-15
4.2734254e-16
1.3489425e-14
-4.8361636e-16
2.0069172e-14
-1.7522805e-15
2.0785751e-14
-3.3034205e-15
1.6858071e-14
-4.6677569e-15
1.0739965e-14
-5.6540964e-15
5.3623878e-15
-5.9244488e-15
2.820475e-15
-5.2625842e-15
3.7873763e-15
-4.079242e-15
7.0131398e-15
-2.6832382e-15
1.0097894e-14
-2.198804e-15
1.1530807e-14
-3.0915286e-15
1.0133918e-14
-5.5400099e-15
6.063222e-15
-9.6921732e-15
3.625988e-16
-1.484277e-14
-5.4803691e-15
-2.0737467e-14
-1.0355985e-14
-2.6262205e-14
-1.3463073e-14
-3.1152534e-14
-1.5540624e-14
-3.4445938e-14
-1.6850678e-14
-3.6175641e-14
-1.7766619e-14
-3.6611529e-14
-1.8138625e-14
-3.5917022e-14
-1.7509628e-14
-3.5150381e-14
-1.5385486e-14
-3.4420608e-14
-1.1410997e-14
-3.445672e-14
-5.8995701e-15
-3.5395746e-14
5.852515e-16
-3.6730781e-14
7.0031438e-15
-3.8605838e-14
1.2525713e-14
-3.9486392e-14
1.6063494e-14
-3.9523555e-14
1.7694856e-14
-3.8051713e-14
1.722961e-14
-3.5616451e-14
1.4786002e-14
-3.2002068e-14
1.0648783e-14
-2.9047212e-14
4.8306182e-15
-2.7228959e-14
-3.0579429e-14
1.3022283e-08
-1.5743942e-07
1.3684241e-08
-1.6520691e-07
1.6937635e-08
-1.6295742e-07
1.8539481e-08
-1.6282696e-07
1.5592277e-08
-1.6165644e-07
7.7970449e-09
-1.6053356e-07
2.739194e-09
-1.6633393e-07
1.6075034e-08
-1.8825936e-07
5.5381413e-08
-2.2180332e-07
1.4480979e-07
-2.9238821e-07
2.393255e-07
-3.3171793e-07
3.2851183e-07
-3.8843363e-07
3.3190501e-07
-3.4729925e-07
2.5097014e-07
-2.4322338e-07
9.5594826e-08
-1.3247057e-07
-6.7105645e-08
-3.2767008e-08
-1.9224134e-07
3.8400474e-08
-2.8993614e-07
1.4739199e-07
-3.2492314e-07
1.9227187e-07
-3.142004e-07
1.6629988e-07
-2.9559918e-07
1.3937292e-07
-2.8024119e-07
1.230872e-07
-2.6768635e-07
1.0970819e-07
-2.5778287e-07
9.7708397e-08
-2.4977165e-07
8.7189961e-08
-2.4341402e-07
7.7558028e-08
-2.3855044e-07
6.8969626e-08
-2.3492007e-07
6.1476453e-08
-2.3243169e-07
5.5175191e-08
-2.3105538e-07
5.0241738e-08
-2.3062097e-07
4.6956785e-08
-2.3073728e-07
4.5627991e-08
-2.3083522e-07
4.6499654e-08
-2.3022372e-07
4.9697678e-08
-2.2810285e-07
5.5192571e-08
-2.2358775e-07
6.2740008e-08
-2.1583219e-07
7.179533e-08
-2.042838e-07
8.1474012e-08
-1.8897373e-07
9.0629527e-08
-1.7063618e-07
9.8093363e-08
-1.5052582e-07
1.0297672e-07
-1.3004538e-07
1.0486327e-07
-1.1038508e-07
1.0382904e-07
-9.2362845e-08
1.0029614e-07
-7.6431737e-08
9.4852689e-08
-6.2732249e-08
8.8121038e-08
-5.1200353e-08
8.0662537e-08
-4.1642755e-08
7.293831e-08
-3.3814717e-08
6.5292847e-08
-2.7456162e-08
5.7968672e-08
-2.2315236e-08
5.1121916e-08
-1.817031e-08
4.483711e-08
-1.4831722e-08
3.914874e-08
-1.2142013e-08
3.4056146e-08
-9.971759e-09
2.9536707e-08
-8.2164097e-09
2.555351e-08
-6.7936059e-09
2.2062032e-08
-5.6351632e-09
1.9016041e-08
-4.6884938e-09
1.636792e-08
-3.9120257e-09
1.4072273e-08
-3.2729945e-09
1.2086888e-08
-2.7450529e-09
1.037321e-08
-2.3074478e-09
8.8964414e-09
-1.9435366e-09
7.6255452e-09
-1.6399875e-09
6.5330581e-09
-1.3860763e-09
5.5948202e-09
-1.173144e-09
4.7896869e-09
-9.9417079e-10
4.0992275e-09
-8.4343483e-10
3.5074339e-09
-7.1624593e-10
3.0004444e-09
-6.0874431e-10
2.5662825e-09
-5.1774871e-10
2.1946144e-09
-4.4063139e-10
1.8765335e-09
-3.7521022e-10
1.6043763e-09
-3.1966059e-10
1.3715603e-09
-2.7245094e-10
1.1724359e-09
-2.3229606e-10
1.0021545e-09
-1.981168e-10
8.5655632e-10
-1.6900527e-10
7.3207573e-10
-1.4419707e-10
6.2565968e-10
-1.2305034e-10
5.3469354e-10
-1.0502474e-10
4.5693766e-10
-8.9659955e-11
3.9047608e-10
-7.655779e-11
3.3367292e-10
-6.5376267e-11
2.8512963e-10
-5.5827722e-11
2.4364818e-10
-4.767303e-11
2.0820131e-10
-4.0710536e-11
1.7791069e-10
-3.4767113e-11
1.5202714e-10
-2.9692094e-11
1.2991216e-10
-2.5360075e-11
1.1101628e-10
-2.1662303e-11
9.4870078e-11
-1.8508327e-11
8.1072166e-11
-1.5811051e-11
6.927807e-11
-1.3506762e-11
5.920328e-11
-1.1536921e-11
5.0597456e-11
-9.8605298e-12
4.3244935e-11
-8.4332746e-12
3.6960436e-11
-7.2127786e-12
3.1588742e-11
-6.1682407e-12
2.700269e-11
-5.2695515e-12
2.3081667e-11
-4.5009142e-12
1.9730878e-11
-3.8466121e-12
1.6862845e-11
-3.2884569e-12
1.4411182e-11
-2.8075611e-12
1.231681e-11
-2.388581e-12
1.0527274e-11
-2.0276249e-12
9.0004223e-12
-1.722618e-12
7.6922434e-12
-1.4722109e-12
6.5708107e-12
-1.2682976e-12
5.6125416e-12
-1.0983211e-12
4.7946617e-12
-9.5043281e-13
4.0995925e-12
-8.1585293e-13
3.5069797e-12
-6.9370353e-13
3.0009094e-12
-5.8565279e-13
2.5693205e-12
-4.9470056e-13
2.1993525e-12
-4.1974233e-13
1.8841786e-12
-3.5489539e-13
1.6070704e-12
-2.9441372e-13
1.3638177e-12
-2.9709912e-13
1.1269896e-12
-2.4098617e-13
1.0288299e-12
-2.0080266e-13
8.577237e-13
-1.727594e-13
7.3009364e-13
-1.5433822e-13
6.2096712e-13
-1.4038028e-13
5.3265082e-13
-1.2889705e-13
4.5523744e-13
-1.1627325e-13
3.9012836e-13
-1.0161021e-13
3.3525256e-13
-8.6395082e-14
2.8860206e-13
-7.1940478e-14
2.4952737e-13
-5.7888533e-14
2.1511805e-13
-4.2385084e-14
1.8589184e-13
-2.513589e-14
1.6028838e-13
-9.1689652e-15
1.3912533e-13
2.109117e-15
1.1899225e-13
5.9770616e-15
1.0037464e-13
3.7581493e-15
8.2456356e-14
6.1432622e-16
6.6458986e-14
5.2390364e-16
5.4170372e-14
3.8554769e-15
4.6600384e-14
7.3432172e-15
4.0715826e-14
5.5812566e-15
3.6366607e-14
-1.7340191e-15
2.9609997e-14
-1.2130745e-14
2.1354651e-14
-2.024769e-14
1.1985617e-14
-2.3488159e-14
4.2904474e-15
-2.1576959e-14
-1.9318096e-15
-1.849044e-14
-5.3835184e-15
-1.6246526e-14
-7.0968925e-15
-1.5258948e-14
-6.5575272e-15
-1.2721107e-14
-4.0957721e-15
-7.6742884e-15
5.4591792e-16
4.5154455e-17
5.6547084e-15
5.9949973e-15
1.0214373e-14
7.8355626e-15
1.2017795e-14
4.543707e-15
1.1975974e-14
-2.8192458e-16
1.1906937e-14
-2.3889295e-15
1.4568912e-14
1.1589297e-15
2.1389283e-14
7.9105498e-15
3.1458821e-14
1.3241657e-14
4.1225595e-14
1.2175632e-14
4.8083182e-14
3.8421224e-15
4.9607993e-14
-8.120102e-15
4.6693165e-14
-1.7617391e-14
4.0607038e-14
-2.1655763e-14
3.6147445e-14
-1.8691975e-14
3.2960214e-14
-1.2218774e-14
3.0704157e-14
-7.4408312e-15
2.8165838e-14
-6.6986533e-15
2.3851563e-14
-8.7583273e-15
1.7732895e-14
-9.8330972e-15
1.0858331e-14
-6.3418771e-15
4.795581e-15
1.8144103e-15
1.3747334e-15
1.2263822e-14
2.9836985e-16
2.0889451e-14
-1.4829727e-15
2.1507624e-14
-2.9666355e-16
1.418978e-14
-3.8895321e-15
1.4743313e-15
3.3519246e-15
1.0047308e-14
1.5082002e-14
-6.8272727e-15
-1.3836646e-14
-5.6456495e-15
6.9359107e-16
-5.2050446e-16
1.5931104e-14
8.0409195e-15
2.4793996e-14
1.5186203e-14
3.4658714e-14
1.9721548e-14
4.004347e-14
2.1447282e-14
4.4692917e-14
2.0838774e-14
4.7974791e-14
1.7659411e-14
4.9574208e-14
1.1627125e-14
4.994464e-14
3.1934186e-15
4.8760292e-14
-6.329199e-15
4.6169655e-14
-1.4777848e-14
4.2096259e-14
-2.033459e-14
3.7020751e-14
-2.2183993e-14
3.1299788e-14
-2.1283592e-14
2.5638188e-14
-1.9439242e-14
2.0184068e-14
-1.9088148e-14
1.5379754e-14
-2.0946463e-14
1.1523129e-14
-2.4366521e-14
8.5227821e-15
-2.683344e-14
6.6886195e-15
-2.5940707e-14
5.5151579e-15
-2.0204082e-14
4.987387e-15
-1.0157678e-14
4.5400637e-15
1.7415216e-15
3.779118e-15
1.2230393e-14
2.3001377e-15
1.8440793e-14
3.1827899e-16
1.9306014e-14
-1.9352944e-15
1.5823152e-14
-3.7741772e-15
1.0456331e-14
-4.8703785e-15
5.9230339e-15
-4.8635786e-15
3.9125179e-15
-3.5654579e-15
4.8460095e-15
-1.932744e-15
7.2384224e-15
-7.8501131e-17
9.3381368e-15
2.577008e-16
9.0224221e-15
-7.8598619e-16
6.0987476e-15
-4.2049775e-15
6.777744e-16
-9.0330313e-15
-5.4948795e-15
-1.5106708e-14
-1.1000534e-14
-2.1464542e-14
-1.4786941e-14
-2.6982018e-14
-1.6794589e-14
-3.1194884e-14
-1.7381865e-14
-3.3528315e-14
-1.733544e-14
-3.4062784e-14
-1.7316241e-14
-3.3225985e-14
-1.7290834e-14
-3.15804e-14
-1.6907358e-14
-3.0144383e-14
-1.5393413e-14
-2.9254689e-14
-1.2188349e-14
-2.9519339e-14
-7.0821764e-15
-3.104169e-14
-5.8685985e-16
-3.298398e-14
6.1779132e-15
-3.5174749e-14
1.2566583e-14
-3.6650828e-14
1.739577e-14
-3.6933505e-14
2.0292289e-14
-3.5963336e-14
2.0523294e-14
-3.3689668e-14
1.8026404e-14
-3.0329147e-14
1.2982586e-14
-2.7687917e-14
5.7469882e-15
-2.6052103e-14
-2.9184584e-14
-2.2771483e-09
-1.5516227e-07
-2.3691688e-08
-1.4379238e-07
-4.0844213e-08
-1.4580489e-07
-6.6726691e-08
-1.3694448e-07
-1.0142354e-07
-1.2695958e-07
-1.4430891e-07
-1.1764819e-07
-1.3174662e-07
-1.7889623e-07
-6.5498666e-08
-2.5450734e-07
2.4329351e-08
-3.1163135e-07
1.0371895e-07
-3.7177785e-07
1.8506986e-07
-4.1306887e-07
1.7704224e-07
-3.8040601e-07
1.0736531e-07
-2.7762234e-07
-4.1057875e-09
-1.3175223e-07
-1.3465161e-07
-1.9247935e-09
-2.205456e-07
5.3127042e-08
-2.8428205e-07
1.0213692e-07
-3.3432913e-07
1.9743914e-07
-3.3660412e-07
1.9454685e-07
-3.1455787e-07
1.4425358e-07
-2.9927058e-07
1.2408563e-07
-2.8717566e-07
1.1099226e-07
-2.7639877e-07
9.8931303e-08
-2.6707349e-07
8.8383166e-08
-2.5889509e-07
7.9011513e-08
-2.518631e-07
7.0526042e-08
-2.4594201e-07
6.3048621e-08
-2.4106255e-07
5.6597086e-08
-2.3716389e-07
5.1276504e-08
-2.3414024e-07
4.7218057e-08
-2.3178066e-07
4.459724e-08
-2.2974305e-07
4.3590381e-08
-2.2757002e-07
4.4326649e-08
-2.247172e-07
4.6844892e-08
-2.20582e-07
5.1057394e-08
-2.1455383e-07
5.6711813e-08
-2.0611395e-07
6.3355487e-08
-1.9498015e-07
7.034022e-08
-1.812426e-07
7.6891957e-08
-1.6540023e-07
8.225104e-08
-1.4825531e-07
8.5831806e-08
-1.307195e-07
8.7327484e-08
-1.1361904e-07
8.6728622e-08
-9.758188e-08
8.4258936e-08
-8.3009283e-08
8.0280038e-08
-7.0094692e-08
7.5206453e-08
-5.8871942e-08
6.9439824e-08
-4.9264464e-08
6.333084e-08
-4.113299e-08
5.7161343e-08
-3.4307527e-08
5.1143182e-08
-2.8609936e-08
4.5424324e-08
-2.3870755e-08
4.0097932e-08
-1.9936517e-08
3.5214504e-08
-1.6673123e-08
3.0792765e-08
-1.3965598e-08
2.6829195e-08
-1.1717216e-08
2.3305128e-08
-9.8477288e-09
2.0192541e-08
-8.2902128e-09
1.7458531e-08
-6.9900191e-09
1.5067719e-08
-5.9024135e-09
1.2984673e-08
-4.9908623e-09
1.1175342e-08
-4.2253432e-09
9.6077028e-09
-3.5812941e-09
8.2523904e-09
-3.0384993e-09
7.0827466e-09
-2.5803043e-09
6.074865e-09
-2.1929567e-09
5.2074791e-09
-1.8650736e-09
4.4618051e-09
-1.5872034e-09
3.8213461e-09
-1.35147e-09
3.271683e-09
-1.1512913e-09
2.8002572e-09
-9.8115989e-10
2.3961591e-09
-8.3646267e-10
2.0499339e-09
-7.1332529e-10
1.7534088e-09
-6.0848181e-10
1.4995364e-09
-5.1917188e-10
1.2822486e-09
-4.430611e-10
1.0963226e-09
-3.7817398e-10
9.3726566e-10
-3.2283542e-10
8.0121803e-10
-2.7562401e-10
6.8486894e-10
-2.3533599e-10
5.8537992e-10
-2.0095341e-10
5.0031694e-10
-1.7161164e-10
4.2759421e-10
-1.4657011e-10
3.6542721e-10
-1.2519234e-10
3.122899e-10
-1.069356e-10
2.668747e-10
-9.1341056e-11
2.280603e-10
-7.8020485e-11
1.9488746e-10
-6.6642507e-11
1.6653827e-10
-5.6923742e-11
1.4231451e-10
-4.8623092e-11
1.2161778e-10
-4.1536279e-11
1.0393221e-10
-3.548622e-11
8.8817349e-11
-3.03183e-11
7.5899658e-11
-2.5901677e-11
6.4859921e-11
-2.2126498e-11
5.5429342e-11
-1.8904228e-11
4.73731e-11
-1.6156477e-11
4.0486942e-11
-1.3814186e-11
3.460232e-11
-1.1812735e-11
2.9573533e-11
-1.0097935e-11
2.5280969e-11
-8.6290833e-12
2.1610593e-11
-7.3736217e-12
1.8473111e-11
-6.3030707e-12
1.5789315e-11
-5.3882109e-12
1.3497303e-11
-4.5992331e-12
1.1536735e-11
-3.9205542e-12
9.862866e-12
-3.3387439e-12
8.4299358e-12
-2.8453024e-12
7.199504e-12
-2.4333826e-12
6.1474973e-12
-2.0879028e-12
5.2484403e-12
-1.7956012e-12
4.4837917e-12
-1.5432052e-12
3.834561e-12
-1.3219263e-12
3.2817878e-12
-1.12604e-12
2.808902e-12
-9.5385194e-13
2.4037228e-12
-8.0916602e-13
2.0562275e-12
-6.9241747e-13
1.7592436e-12
-6.0470167e-13
1.5080257e-12
-5.23454e-13
1.2890844e-12
-4.1251418e-13
1.0830141e-12
-4.0161778e-13
9.1812134e-13
-3.323558e-13
7.9455772e-13
-2.7902136e-13
6.8442501e-13
-2.4385753e-13
5.8316844e-13
-2.1791923e-13
4.9637378e-13
-1.9557354e-13
4.2267017e-13
-1.719811e-13
3.6196111e-13
-1.4799869e-13
3.1257041e-13
-1.2589012e-13
2.7064537e-13
-1.058925e-13
2.3435861e-13
-8.7351271e-14
2.0277084e-13
-6.7505827e-14
1.7547387e-13
-4.6988077e-14
1.522142e-13
-2.8584581e-14
1.3268018e-13
-1.6650771e-14
1.1414597e-13
-1.2046526e-14
9.6568697e-14
-1.1718993e-14
7.9756569e-14
-1.174659e-14
6.6107956e-14
-7.5844611e-15
5.4277531e-14
-1.2759785e-15
4.673265e-14
2.1874643e-15
3.9972981e-14
-9.8261434e-16
3.3939947e-14
-1.0376077e-14
2.5576264e-14
-2.1301767e-14
1.6395457e-14
-2.8425853e-14
7.1485324e-15
-2.9341909e-14
2.8893775e-16
-2.5282386e-14
-5.3237066e-15
-2.0152486e-14
-8.0060459e-15
-1.5958418e-14
-9.4351257e-15
-1.2753318e-14
-8.1409655e-15
-8.2776219e-15
-5.2696387e-15
-2.1751556e-15
-3.0970507e-17
4.239575e-15
4.7035877e-15
8.3432369e-15
7.8536042e-15
8.0857531e-15
8.479216e-15
4.9251991e-15
7.958089e-15
2.5706929e-15
8.8080415e-15
4.2391896e-15
1.3526045e-14
1.0694349e-14
2.1613996e-14
1.7934274e-14
3.189715e-14
2.0067653e-14
4.0744381e-14
1.3848066e-14
4.5703854e-14
8.0049973e-16
4.5487278e-14
-1.3595642e-14
4.2185429e-14
-2.3388516e-14
3.7611143e-14
-2.4994043e-14
3.5250536e-14
-2.0512717e-14
3.4610834e-14
-1.4371854e-14
3.3547219e-14
-1.1442167e-14
3.1328361e-14
-1.3064102e-14
2.669269e-14
-1.5919312e-14
1.9569259e-14
-1.5788559e-14
1.23535e-14
-9.8225325e-15
6.5356585e-15
7.462893e-16
4.227709e-15
1.2131141e-14
4.3799443e-15
1.9499098e-14
4.1237746e-15
2.1506694e-14
4.4432504e-15
1.7020988e-14
-2.4707865e-15
1.4314233e-14
-1.0381757e-14
-1.6505904e-14
-9.983668e-15
5.4389425e-15
1.5345172e-14
8.280696e-15
7.9048799e-15
1.1876243e-14
1.3680511e-14
1.5726837e-14
2.1524225e-14
2.0655391e-14
3.0589506e-14
2.3645687e-14
3.6472484e-14
2.4112064e-14
4.0987191e-14
2.2465099e-14
4.3414488e-14
1.7988431e-14
4.4840756e-14
1.0497706e-14
4.5287961e-14
5.2316543e-16
4.4249484e-14
-1.0433973e-14
4.1818879e-14
-1.9938754e-14
3.7664235e-14
-2.6090728e-14
3.2626915e-14
-2.8070556e-14
2.6998454e-14
-2.6669722e-14
2.1516818e-14
-2.4168501e-14
1.6661232e-14
-2.2893498e-14
1.2862109e-14
-2.3810014e-14
1.0152168e-14
-2.6295605e-14
8.4998081e-15
-2.7992815e-14
7.7318791e-15
-2.6664192e-14
7.5637666e-15
-2.0858313e-14
7.5707455e-15
-1.1089164e-14
7.2168146e-15
3.4323801e-16
6.1737349e-15
1.0260261e-14
4.2738224e-15
1.6234847e-14
1.7460061e-15
1.7364148e-14
-8.9779643e-16
1.4735326e-14
-2.963445e-15
1.0490989e-14
-3.8938551e-15
6.9871556e-15
-3.4953808e-15
5.5794495e-15
-1.6958128e-15
6.2926791e-15
2.1219852e-16
7.6162454e-15
2.2403121e-15
7.9421511e-15
2.2172301e-15
5.825444e-15
6.4184671e-16
1.1850068e-15
-3.5881201e-15
-5.3145838e-15
-8.8739109e-15
-1.1619021e-14
-1.5546422e-14
-1.6549079e-14
-2.1687785e-14
-1.8999452e-14
-2.6766423e-14
-1.9167493e-14
-3.0059156e-14
-1.800542e-14
-3.1177311e-14
-1.6578215e-14
-3.0557629e-14
-1.5871764e-14
-2.860045e-14
-1.5814747e-14
-2.6394614e-14
-1.6079845e-14
-2.4574601e-14
-1.5642177e-14
-2.3730303e-14
-1.3377974e-14
-2.4498764e-14
-9.2046713e-15
-2.6244347e-14
-2.9099662e-15
-2.8781673e-14
4.5205304e-15
-3.1277436e-14
1.2196245e-14
-3.3253497e-14
1.8634259e-14
-3.3790047e-14
2.2686973e-14
-3.3075217e-14
2.3476563e-14
-3.1041378e-14
2.0995116e-14
-2.8327939e-14
1.5096821e-14
-2.603428e-14
6.550102e-15
-2.4704931e-14
-2.746479e-14
-3.2309826e-08
-1.2285244e-07
-7.2935561e-08
-1.0316659e-07
-1.1274069e-07
-1.0599981e-07
-1.5457928e-07
-9.510584e-08
-1.8942192e-07
-9.211692e-08
-1.9695164e-07
-1.1011844e-07
-2.079924e-07
-1.6785546e-07
-2.1699308e-07
-2.455066e-07
-2.0040614e-07
-3.2821833e-07
-1.7691674e-07
-3.9526724e-07
-1.6675798e-07
-4.232276e-07
-1.8355552e-07
-3.636085e-07
-2.3144677e-07
-2.2973108e-07
-2.8168421e-07
-8.1514809e-08
-2.9921824e-07
1.5609246e-08
-3.1708097e-07
7.0989779e-08
-3.6154159e-07
1.4659751e-07
-3.7026681e-07
2.0616435e-07
-3.4499002e-07
1.6927007e-07
-3.2324803e-07
1.2251165e-07
-3.1091705e-07
1.1175469e-07
-2.9843204e-07
9.8507232e-08
-2.8695991e-07
8.7459204e-08
-2.7665415e-07
7.8077469e-08
-2.6738958e-07
6.9746899e-08
-2.5926164e-07
6.2398123e-08
-2.5220243e-07
5.5989456e-08
-2.461457e-07
5.0540319e-08
-2.4097913e-07
4.6109958e-08
-2.3654634e-07
4.2785309e-08
-2.3262052e-07
4.0671396e-08
-2.2889576e-07
3.9865637e-08
-2.2499558e-07
4.0426483e-08
-2.2049297e-07
4.2342259e-08
-2.1494038e-07
4.5504829e-08
-2.0791608e-07
4.9687554e-08
-1.9909467e-07
5.453407e-08
-1.88329e-07
5.9574541e-08
-1.757149e-07
6.4277828e-08
-1.6159935e-07
6.8135509e-08
-1.4651763e-07
7.0750098e-08
-1.3108531e-07
7.1895173e-08
-1.1588734e-07
7.1530644e-08
-1.0140188e-07
6.9773427e-08
-8.7967912e-08
6.6846051e-08
-7.5785222e-08
6.3023801e-08
-6.4935455e-08
5.8590074e-08
-5.5410672e-08
5.3806032e-08
-4.7142655e-08
4.8893313e-08
-4.0027146e-08
4.4027696e-08
-3.3942365e-08
3.9339569e-08
-2.876282e-08
3.4918397e-08
-2.436779e-08
3.0819479e-08
-2.0646172e-08
2.7071152e-08
-1.7498545e-08
2.3681567e-08
-1.4837811e-08
2.0644397e-08
-1.2588804e-08
1.7943555e-08
-1.0687149e-08
1.5556907e-08
-9.0783151e-09
1.3458895e-08
-7.7162497e-09
1.1622647e-08
-6.5622927e-09
1.0021383e-08
-5.5838601e-09
8.6292806e-09
-4.7536349e-09
7.4221711e-09
-4.0486523e-09
6.3777666e-09
-3.4496028e-09
5.4758141e-09
-2.9402425e-09
4.6981107e-09
-2.5068919e-09
4.0284389e-09
-2.1380144e-09
3.4524512e-09
-1.8238661e-09
2.9575254e-09
-1.5562102e-09
2.5326044e-09
-1.3280802e-09
2.1680389e-09
-1.1335771e-09
1.8554391e-09
-9.6769783e-10
1.5875342e-09
-8.2619437e-10
1.3580373e-09
-7.054588e-10
1.1615181e-09
-6.0242504e-10
9.9329114e-10
-5.1448285e-10
8.4932101e-10
-4.3940692e-10
7.2613914e-10
-3.7530255e-10
6.2076656e-10
-3.2056054e-10
5.3064456e-10
-2.7381382e-10
4.5357621e-10
-2.3389592e-10
3.8767831e-10
-1.9980753e-10
3.3133877e-10
-1.7069304e-10
2.8317669e-10
-1.4582292e-10
2.420075e-10
-1.245761e-10
2.0681687e-10
-1.0642288e-10
1.7673905e-10
-9.0911581e-11
1.5103515e-10
-7.7659446e-11
1.29072e-10
-6.6341717e-11
1.1030467e-10
-5.6679408e-11
9.4264979e-11
-4.8428908e-11
8.0555825e-11
-4.137778e-11
6.883995e-11
-3.534981e-11
5.8830205e-11
-3.0199444e-11
5.0279429e-11
-2.5801746e-11
4.2969774e-11
-2.2052281e-11
3.672316e-11
-1.8852278e-11
3.1384907e-11
-1.6116706e-11
2.6824809e-11
-1.3773779e-11
2.2930909e-11
-1.1771822e-11
1.9603652e-11
-1.0062008e-11
1.6757099e-11
-8.602321e-12
1.4323761e-11
-7.3529076e-12
1.2246579e-11
-6.280118e-12
1.0468591e-11
-5.3595071e-12
8.9491926e-12
-4.5697426e-12
7.6437607e-12
-3.9006635e-12
6.5275154e-12
-3.3335005e-12
5.5716682e-12
-2.8548098e-12
4.7582155e-12
-2.4461835e-12
4.0639309e-12
-2.0980335e-12
3.4785774e-12
-1.7954349e-12
2.9774745e-12
-1.5315356e-12
2.5497925e-12
-1.3027158e-12
2.1819088e-12
-1.1092706e-12
1.8633188e-12
-9.4989769e-13
1.585049e-12
-8.216112e-13
1.3473262e-12
-7.1500648e-13
1.1458355e-12
-5.9219655e-13
1.0062854e-12
-5.1082816e-13
7.9889106e-13
-4.4291821e-13
7.0490512e-13
-3.7912016e-13
6.077969e-13
-3.3013093e-13
5.2382175e-13
-2.9075629e-13
4.4765159e-13
-2.557194e-13
3.8200777e-13
-2.2186633e-13
3.2783084e-13
-1.8975349e-13
2.836086e-13
-1.619737e-13
2.4629816e-13
-1.3772102e-13
2.1305032e-13
-1.1478698e-13
1.845167e-13
-9.078175e-14
1.6013925e-13
-6.702459e-14
1.4012999e-13
-4.6882701e-14
1.2293689e-13
-3.4665003e-14
1.0694103e-13
-2.9320386e-14
9.0626433e-14
-2.7428915e-14
7.5680615e-14
-2.3046859e-14
6.2680015e-14
-1.5885243e-14
5.2262375e-14
-8.0025453e-15
4.4250517e-14
-5.0909831e-15
3.6787479e-14
-9.70765e-15
2.9512266e-14
-1.9894379e-14
2.0367704e-14
-3.0360282e-14
1.1477252e-14
-3.5761413e-14
3.1210403e-15
-3.4436132e-14
-2.5862674e-15
-2.8346119e-14
-7.4056678e-15
-2.1218601e-14
-9.3496097e-15
-1.4975397e-14
-1.0291447e-14
-9.532104e-15
-8.361053e-15
-3.6092584e-15
-5.2145399e-15
2.8028806e-15
-3.0473371e-16
7.5509195e-15
3.805969e-15
9.3086479e-15
5.3629012e-15
7.6693876e-15
5.2088443e-15
5.6585681e-15
4.5941944e-15
6.7841565e-15
6.5407764e-15
1.2964947e-14
1.2395215e-14
2.1226364e-14
2.1582461e-14
2.692004e-14
3.0891027e-14
2.474813e-14
3.7833802e-14
1.3637094e-14
4.0557903e-14
-2.7653827e-15
3.9284326e-14
-1.7488066e-14
3.6385438e-14
-2.598514e-14
3.4760746e-14
-2.591115e-14
3.4734589e-14
-2.0522459e-14
3.5566476e-14
-1.6282237e-14
3.5671342e-14
-1.6339577e-14
3.2979965e-14
-2.023793e-14
2.7554617e-14
-2.364355e-14
1.9814678e-14
-2.1827967e-14
1.2609621e-14
-1.3119101e-14
7.3181543e-15
3.9235382e-16
4.8817046e-15
1.3003007e-14
4.7170648e-15
1.894514e-14
5.2472829e-15
1.8203626e-14
6.8795923e-15
1.1342574e-14
6.4239343e-15
8.3851371e-15
8.5022145e-16
1.0878008e-14
-1.2526452e-14
-2.9245475e-15
1.7198721e-14
1.1614239e-14
1.8258596e-14
2.1584081e-14
1.8746626e-14
2.5155608e-14
2.2216062e-14
2.7204079e-14
2.667494e-14
2.7715552e-14
3.1260629e-14
2.6984108e-14
3.52814e-14
2.4064793e-14
3.7914505e-14
1.8378976e-14
3.9373343e-14
9.4603328e-15
3.9835473e-14
-2.085673e-15
3.8722554e-14
-1.4455297e-14
3.6234148e-14
-2.5019026e-14
3.2054155e-14
-3.1590993e-14
2.7222465e-14
-3.3252834e-14
2.1942862e-14
-3.1311766e-14
1.7348319e-14
-2.7929499e-14
1.3427469e-14
-2.5591393e-14
1.077581e-14
-2.5474784e-14
9.1968035e-15
-2.7069702e-14
8.6515534e-15
-2.8264817e-14
8.6879267e-15
-2.6760564e-14
9.0464903e-15
-2.1137217e-14
9.1586122e-15
-1.2088237e-14
8.8737725e-15
-1.5125355e-15
7.537916e-15
7.7138864e-15
5.4095115e-15
1.3605404e-14
2.5233371e-15
1.526666e-14
-1.2778981e-16
1.3738411e-14
-2.1256448e-15
1.0880919e-14
-2.7714054e-15
8.478325e-15
-1.9378672e-15
7.6716589e-15
5.614412e-18
7.7613007e-15
2.1835735e-15
7.906642e-15
3.7172757e-15
6.1992369e-15
3.3666906e-15
1.916591e-15
1.2418296e-15
-4.4453878e-15
-3.6406485e-15
-1.1656792e-14
-9.1748975e-15
-1.787697e-14
-1.5709348e-14
-2.1609546e-14
-2.1267315e-14
-2.2225743e-14
-2.5456212e-14
-2.0450458e-14
-2.7469814e-14
-1.7430026e-14
-2.75051e-14
-1.4851605e-14
-2.5831685e-14
-1.3671398e-14
-2.3242818e-14
-1.4064586e-14
-2.078071e-14
-1.5327369e-14
-1.9013434e-14
-1.6231389e-14
-1.83825e-14
-1.5284701e-14
-1.961506e-14
-1.1845146e-14
-2.1573813e-14
-5.3981869e-15
-2.4653783e-14
2.7488414e-15
-2.7018063e-14
1.1573787e-14
-2.9149936e-14
1.9379301e-14
-2.982333e-14
2.4639898e-14
-2.9390031e-14
2.6206688e-14
-2.7790456e-14
2.3567049e-14
-2.5636449e-14
1.686658e-14
-2.3834787e-14
7.2617928e-15
-2.3034677e-14
-2.5219128e-14
-3.3660564e-08
-8.9191943e-08
-6.0910176e-08
-7.5916911e-08
-9.5344331e-08
-7.1565656e-08
-1.3483433e-07
-5.5615829e-08
-1.8205185e-07
-4.4899458e-08
-2.3977296e-07
-5.239734e-08
-3.0916731e-07
-9.846113e-08
-3.6666919e-07
-1.8800478e-07
-3.9541481e-07
-2.9947272e-07
-4.0360394e-07
-3.870781e-07
-4.1088949e-07
-4.1594208e-07
-4.1685386e-07
-3.5764416e-07
-4.1961329e-07
-2.2697164e-07
-4.1286371e-07
-8.8264362e-08
-4.1417199e-07
1.691753e-08
-4.347844e-07
9.1602215e-08
-4.4330846e-07
1.5512156e-07
-4.047061e-07
1.6756201e-07
-3.6201538e-07
1.2657938e-07
-3.4101355e-07
1.015098e-07
-3.2509234e-07
9.5833439e-08
-3.097506e-07
8.3165478e-08
-2.9664444e-07
7.4353031e-08
-2.8496622e-07
6.6399233e-08
-2.7459797e-07
5.9378635e-08
-2.6546338e-07
5.3263505e-08
-2.5742361e-07
4.7949674e-08
-2.5035757e-07
4.3474322e-08
-2.441124e-07
3.9864772e-08
-2.3850729e-07
3.7180196e-08
-2.333174e-07
3.5481526e-08
-2.2827081e-07
3.4819095e-08
-2.2305502e-07
3.521067e-08
-2.1733356e-07
3.6620766e-08
-2.1077203e-07
3.8943297e-08
-2.0307442e-07
4.1989955e-08
-1.9402986e-07
4.5489501e-08
-1.835597e-07
4.9104364e-08
-1.7174892e-07
5.246698e-08
-1.5884445e-07
5.5231057e-08
-1.4521676e-07
5.7122455e-08
-1.3129666e-07
5.7975041e-08
-1.1750819e-07
5.7742118e-08
-1.0421771e-07
5.6482928e-08
-9.1705925e-08
5.4334295e-08
-8.0160275e-08
5.147817e-08
-6.9682236e-08
4.8112026e-08
-6.0302526e-08
4.4426318e-08
-5.1999051e-08
4.0589865e-08
-4.4713745e-08
3.6742422e-08
-3.8366748e-08
3.2992582e-08
-3.286758e-08
2.941923e-08
-2.8123164e-08
2.6075066e-08
-2.4043106e-08
2.2991098e-08
-2.0542823e-08
2.0181287e-08
-1.7545221e-08
1.7646804e-08
-1.4981349e-08
1.5379699e-08
-1.2790346e-08
1.3365913e-08
-1.0919066e-08
1.1587612e-08
-9.3213982e-09
1.0025018e-08
-7.9576979e-09
8.6576319e-09
-6.7937727e-09
7.4653362e-09
-5.8004135e-09
6.4287947e-09
-4.9526128e-09
5.5299488e-09
-4.2290036e-09
4.7521883e-09
-3.6113493e-09
4.0804421e-09
-3.0840932e-09
3.5011737e-09
-2.6339674e-09
3.0023233e-09
-2.2496569e-09
2.5732174e-09
-1.9215127e-09
2.2044613e-09
-1.641305e-09
1.8878279e-09
-1.4020125e-09
1.6161428e-09
-1.1976455e-09
1.3831695e-09
-1.0230968e-09
1.1834971e-09
-8.7401167e-10
1.01244e-09
-7.4667249e-10
8.6595101e-10
-6.3790089e-10
7.4054348e-10
-5.4498072e-10
6.3321678e-10
-4.655961e-10
5.4138818e-10
-3.9777514e-10
4.6283507e-10
-3.3983633e-10
3.9564815e-10
-2.9034171e-10
3.3819093e-10
-2.480604e-10
2.8906147e-10
-2.1193966e-10
2.4705725e-10
-1.8107957e-10
2.1114708e-10
-1.5471039e-10
1.8044942e-10
-1.3217496e-10
1.5421167e-10
-1.129159e-10
1.3178929e-10
-9.6462105e-11
1.1262818e-10
-8.2411286e-11
9.6251897e-11
-7.0414265e-11
8.2254259e-11
-6.016612e-11
7.0291801e-11
-5.1406236e-11
6.0071373e-11
-4.3917042e-11
5.1339453e-11
-3.751933e-11
4.3879049e-11
-3.2059537e-11
3.74994e-11
-2.7400712e-11
3.2047367e-11
-2.3421162e-11
2.7389025e-11
-2.0017771e-11
2.3410216e-11
-1.7108578e-11
2.0013881e-11
-1.4622598e-11
1.7108939e-11
-1.250044e-11
1.4624184e-11
-1.0688537e-11
1.2501982e-11
-9.1343897e-12
1.0686486e-11
-7.803958e-12
9.1360318e-12
-6.6630001e-12
7.8074728e-12
-5.6886181e-12
6.6681719e-12
-4.8563798e-12
5.693579e-12
-4.147669e-12
4.8610261e-12
-3.5455121e-12
4.153257e-12
-3.0357645e-12
3.5500665e-12
-2.5996398e-12
3.0383927e-12
-2.2242898e-12
2.6004559e-12
-1.8997919e-12
2.2262229e-12
-1.6211404e-12
1.9034087e-12
-1.3862433e-12
1.6236319e-12
-1.1878392e-12
1.3757634e-12
-1.0202813e-12
1.1630323e-12
-8.7377586e-13
9.7119732e-13
-7.8459385e-13
8.4221491e-13
-6.2061e-13
7.1711691e-13
-5.357239e-13
6.2087055e-13
-4.6339241e-13
5.2148152e-13
-4.0676792e-13
4.5020435e-13
-3.56185e-13
3.8534493e-13
-3.0955295e-13
3.3178844e-13
-2.6606522e-13
2.8670791e-13
-2.2732378e-13
2.4851684e-13
-1.9473235e-13
2.1560061e-13
-1.6631577e-13
1.8580997e-13
-1.3922775e-13
1.6143745e-13
-1.1092146e-13
1.4059716e-13
-8.4305026e-14
1.2467963e-13
-6.3124568e-14
1.101904e-13
-5.0766479e-14
9.6719189e-14
-4.5562356e-14
8.2424829e-14
-4.1071525e-14
6.7956312e-14
-3.4480383e-14
5.6899799e-14
-2.4515138e-14
4.6916687e-14
-1.5993231e-14
3.9360008e-14
-1.3881352e-14
3.1811242e-14
-1.8873329e-14
2.3449829e-14
-2.9092736e-14
1.500368e-14
-3.8356995e-14
7.1751015e-15
-4.2048427e-14
3.8598796e-16
-3.8558556e-14
-4.3998304e-15
-3.0852515e-14
-7.981151e-15
-2.1784215e-14
-9.3368817e-15
-1.3536503e-14
-9.5209298e-15
-5.881973e-15
-7.4204336e-15
9.4650863e-16
-4.1200126e-15
6.4914276e-15
1.7765748e-17
9.4638637e-15
2.7144743e-15
9.3129341e-15
2.9340704e-15
7.4280023e-15
2.470237e-15
7.7921859e-15
1.9802288e-15
1.2389311e-14
5.4309755e-15
2.1372548e-14
1.1877796e-14
3.0633852e-14
2.0358436e-14
3.3910606e-14
2.8015775e-14
2.7432628e-14
3.265728e-14
1.2428815e-14
3.3442735e-14
-5.7368712e-15
3.2011483e-14
-1.9931862e-14
3.0515774e-14
-2.593125e-14
3.1325292e-14
-2.4495427e-14
3.3572888e-14
-2.0255609e-14
3.5421073e-14
-1.8686661e-14
3.5398082e-14
-2.2088227e-14
3.1928304e-14
-2.792873e-14
2.5634978e-14
-3.0989659e-14
1.7724918e-14
-2.6788967e-14
1.1114952e-14
-1.5043271e-14
7.0633072e-15
5.341478e-16
5.2457722e-15
1.3916178e-14
4.3155435e-15
1.9728482e-14
2.9883477e-15
1.7401403e-14
1.7488011e-15
6.6644587e-15
4.5086446e-15
-7.4052837e-15
1.1699824e-14
4.6157825e-14
1.5713127e-14
-8.7434691e-16
-1.1095184e-14
1.1634748e-14
4.1804643e-15
2.3475032e-14
1.6834819e-14
2.9590012e-14
2.2690118e-14
3.1946026e-14
2.4041361e-14
3.134609e-14
2.67034e-14
2.9444427e-14
2.9281368e-14
2.557728e-14
3.1593681e-14
1.8752738e-14
3.298868e-14
8.4153965e-15
3.3338699e-14
-4.7574232e-15
3.2105426e-14
-1.8503868e-14
2.9495868e-14
-2.9782613e-14
2.5326521e-14
-3.6520057e-14
2.118469e-14
-3.7886771e-14
1.6858333e-14
-3.5082713e-14
1.340834e-14
-3.0658588e-14
1.0669976e-14
-2.719706e-14
9.0885695e-15
-2.6175871e-14
8.5032794e-15
-2.7152066e-14
8.7302151e-15
-2.7975133e-14
9.0361781e-15
-2.6595306e-14
9.6085185e-15
-2.1538885e-14
9.592832e-15
-1.3372464e-14
9.3295015e-15
-3.7069814e-15
7.8230333e-15
4.9648156e-15
5.6973481e-15
1.0785148e-14
2.9174591e-15
1.3248444e-14
4.1336281e-16
1.3055761e-14
-1.2923197e-15
1.1630855e-14
-1.5589206e-15
1.0300079e-14
-4.2297219e-16
9.757346e-15
1.4057198e-15
9.154725e-15
3.4892088e-15
7.605738e-15
4.3797366e-15
3.72585e-15
3.5828541e-15
-2.3365352e-15
6.9146573e-16
-1.0294504e-14
-4.0909216e-15
-1.788894e-14
-9.6215001e-15
-2.3499194e-14
-1.5385784e-14
-2.5676249e-14
-1.9924214e-14
-2.4382028e-14
-2.2757169e-14
-2.0480695e-14
-2.3607248e-14
-1.5864584e-14
-2.2627367e-14
-1.2454814e-14
-2.0247329e-14
-1.1197611e-14
-1.7609695e-14
-1.2415565e-14
-1.5226063e-14
-1.5039811e-14
-1.3835417e-14
-1.7275921e-14
-1.3753744e-14
-1.7423266e-14
-1.5402739e-14
-1.4561044e-14
-1.7321158e-14
-8.1369589e-15
-2.0463918e-14
7.7158566e-16
-2.245761e-14
1.0798224e-14
-2.443177e-14
1.9959739e-14
-2.5084106e-14
2.6263667e-14
-2.4786141e-14
2.8415146e-14
-2.3701499e-14
2.565105e-14
-2.2108215e-14
1.8408815e-14
-2.1016234e-14
7.8344503e-15
-2.067748e-14
-2.2329014e-14
-2.9711584e-08
-5.9480408e-08
-5.2713875e-08
-5.2914646e-08
-8.291056e-08
-4.1368949e-08
-1.2206768e-07
-1.6458693e-08
-1.8036833e-07
1.3401222e-08
-2.6178114e-07
2.901548e-08
-3.4954761e-07
-1.0694614e-08
-4.241751e-07
-1.1337731e-07
-4.7944033e-07
-2.4420751e-07
-5.1926039e-07
-3.4725802e-07
-5.5104956e-07
-3.8415289e-07
-5.7079381e-07
-3.3789993e-07
-5.72037e-07
-2.2572842e-07
-5.6147984e-07
-9.8821533e-08
-5.4937489e-07
4.812551e-09
-5.2694021e-07
6.9167449e-08
-4.8005569e-07
1.0823701e-07
-4.1881622e-07
1.0632253e-07
-3.7825434e-07
8.601748e-08
-3.5677038e-07
8.0025815e-08
-3.363159e-07
7.5378995e-08
-3.1911693e-07
6.5966535e-08
-3.0463507e-07
5.9871137e-08
-2.9183221e-07
5.3596388e-08
-2.805772e-07
4.8123614e-08
-2.7060284e-07
4.3289164e-08
-2.6174081e-07
3.9087643e-08
-2.538232e-07
3.5556738e-08
-2.4667817e-07
3.27197e-08
-2.4011561e-07
3.0617637e-08
-2.3391996e-07
2.9285858e-08
-2.2784871e-07
2.874787e-08
-2.2163888e-07
2.9000876e-08
-2.1502089e-07
3.0002766e-08
-2.0773931e-07
3.1661673e-08
-1.9957975e-07
3.3830394e-08
-1.9039943e-07
3.6309162e-08
-1.8015446e-07
3.8859365e-08
-1.6891543e-07
4.1227926e-08
-1.5686303e-07
4.317869e-08
-1.4426329e-07
4.4522733e-08
-1.314286e-07
4.5140287e-08
-1.1867529e-07
4.4988761e-08
-1.0628884e-07
4.4096501e-08
-9.4501538e-08
4.2547011e-08
-8.3482598e-08
4.0459226e-08
-7.3338768e-08
3.7968192e-08
-6.4121568e-08
3.520913e-08
-5.5837849e-08
3.2306158e-08
-4.8461028e-08
2.93656e-08
-4.1941504e-08
2.6473053e-08
-3.6215519e-08
2.3693249e-08
-3.1212146e-08
2.1071706e-08
-2.6858405e-08
1.8637372e-08
-2.3082782e-08
1.6405678e-08
-1.9817503e-08
1.4381536e-08
-1.6999864e-08
1.2562064e-08
-1.457286e-08
1.0938901e-08
-1.2485363e-08
9.5000866e-09
-1.0692e-08
8.2315865e-09
-9.1527529e-09
7.1184106e-09
-7.8326648e-09
6.1452597e-09
-6.7012621e-09
5.2973788e-09
-5.7320752e-09
4.5607375e-09
-4.9021947e-09
3.9222881e-09
-4.1918437e-09
3.3700842e-09
-3.5839836e-09
2.8933173e-09
-3.0639556e-09
2.4823006e-09
-2.6191615e-09
2.1284207e-09
-2.2387815e-09
1.8240695e-09
-1.9135299e-09
1.5625628e-09
-1.6354448e-09
1.3380527e-09
-1.3977084e-09
1.145438e-09
-1.1944861e-09
9.8028144e-10
-1.0207834e-09
8.3873718e-10
-8.7232089e-10
7.1748281e-10
-7.4543288e-10
6.1365281e-10
-6.3698432e-10
5.2477515e-10
-5.4429844e-10
4.4871716e-10
-4.6508929e-10
3.8364237e-10
-3.9740198e-10
3.2797418e-10
-3.3956373e-10
2.8036138e-10
-2.9014369e-10
2.3964489e-10
-2.4791728e-10
2.0482957e-10
-2.1183486e-10
1.7506285e-10
-1.8099743e-10
1.496163e-10
-1.5463934e-10
1.2786644e-10
-1.3211302e-10
1.0927773e-10
-1.1286912e-10
9.3389747e-11
-9.6434958e-11
7.9808821e-11
-8.2399233e-11
6.8201515e-11
-7.0405864e-11
5.8284436e-11
-6.0153727e-11
4.9813145e-11
-5.1391936e-11
4.257445e-11
-4.3909158e-11
3.6387951e-11
-3.7522232e-11
3.1096977e-11
-3.2068816e-11
2.6576239e-11
-2.7407434e-11
2.2713221e-11
-2.3423137e-11
1.9415103e-11
-2.0017786e-11
1.6597525e-11
-1.7109332e-11
1.4186679e-11
-1.4626244e-11
1.2125834e-11
-1.250487e-11
1.0366975e-11
-1.0690503e-11
8.8615479e-12
-9.1346057e-12
7.5721451e-12
-7.8038578e-12
6.4712514e-12
-6.665037e-12
5.5277139e-12
-5.6889337e-12
4.7203333e-12
-4.8566689e-12
4.0338601e-12
-4.1478066e-12
3.4476066e-12
-3.548521e-12
2.9497545e-12
-3.038286e-12
2.5242397e-12
-2.6002778e-12
2.1581943e-12
-2.2234134e-12
1.8443267e-12
-1.9017433e-12
1.5720841e-12
-1.6322736e-12
1.3380688e-12
-1.4066864e-12
1.1342551e-12
-1.2101057e-12
9.6434503e-13
-1.0257715e-12
8.0436293e-13
-8.7142818e-13
6.7700021e-13
-7.4499664e-13
6.0234145e-13
-6.2569218e-13
5.2084528e-13
-5.4031409e-13
4.3891256e-13
-4.7155584e-13
3.7313758e-13
-4.1135222e-13
3.1737883e-13
-3.55097e-13
2.7375989e-13
-3.0425363e-13
2.3801827e-13
-2.6057704e-13
2.0642504e-13
-2.2407821e-13
1.785783e-13
-1.9187518e-13
1.5372959e-13
-1.5978657e-13
1.3392379e-13
-1.2773237e-13
1.1803751e-13
-9.8453616e-14
1.0566919e-13
-7.7112379e-14
9.4256401e-14
-6.4728872e-14
8.2473632e-14
-5.8547504e-14
6.9989273e-14
-5.3442963e-14
5.7927986e-14
-4.3842591e-14
4.7428242e-14
-3.2089179e-14
3.895344e-14
-2.3184974e-14
3.2559102e-14
-2.1243952e-14
2.533901e-14
-2.7348408e-14
1.7803464e-14
-3.7282436e-14
1.0299587e-14
-4.5050582e-14
3.6887453e-15
-4.6866848e-14
-1.3637609e-15
-4.1668966e-14
-5.0921005e-15
-3.2529323e-14
-7.1392727e-15
-2.1675389e-14
-7.9252656e-15
-1.1494278e-14
-7.3067639e-15
-2.4162984e-15
-5.1995578e-15
4.586469e-15
-2.2113383e-15
8.896805e-15
6.0779864e-16
1.0104046e-14
1.5515107e-15
8.6626691e-15
9.9581986e-16
8.0713749e-15
9.8811687e-17
1.0931647e-14
7.7662665e-16
1.9094683e-14
4.957843e-15
3.0054477e-14
1.1359049e-14
3.8437466e-14
1.830771e-14
3.8491557e-14
2.3608857e-14
2.8301962e-14
2.5741558e-14
1.0815256e-14
2.5235056e-14
-7.3452051e-15
2.4180111e-14
-1.9912535e-14
2.4511855e-14
-2.3988756e-14
2.709109e-14
-2.2133505e-14
3.0470204e-14
-2.0088309e-14
3.2604047e-14
-2.2231922e-14
3.1906636e-14
-2.8621968e-14
2.7302147e-14
-3.5705101e-14
2.0877168e-14
-3.7743943e-14
1.3644549e-14
-3.1150677e-14
8.354958e-15
-1.6861739e-14
5.7682351e-15
1.2624748e-16
5.0843892e-15
1.3614497e-14
4.7004244e-15
1.9408769e-14
3.1354661e-15
1.8926705e-14
-1.9255334e-15
1.2858427e-14
-4.7809953e-15
-1.1811475e-15
-1.509834e-15
6.4720137e-15
1.2270511e-14
2.8093935e-14
-1.0798424e-14
2.3135333e-14
-5.6669599e-15
2.7223922e-14
6.5192886e-15
3.1967479e-14
1.6102179e-14
3.4056606e-14
1.9248429e-14
3.3539017e-14
2.1895235e-14
3.1511163e-14
2.3307935e-14
2.7010603e-14
2.5055923e-14
1.8983786e-14
2.6059736e-14
7.2115023e-15
2.5867416e-14
-7.4938732e-15
2.4461126e-14
-2.2217756e-14
2.1641483e-14
-3.4261181e-14
1.8213956e-14
-4.0788531e-14
1.4892452e-14
-4.1398527e-14
1.1898792e-14
-3.7575981e-14
9.8520674e-15
-3.2257115e-14
8.4841348e-15
-2.802181e-14
7.7847681e-15
-2.6405695e-14
7.8214125e-15
-2.6902714e-14
8.2623139e-15
-2.7549542e-14
8.4372382e-15
-2.642157e-14
9.0067521e-15
-2.2064904e-14
8.8415619e-15
-1.4723292e-14
8.5716594e-15
-5.8581679e-15
7.1353067e-15
2.4021971e-15
5.3038473e-15
8.4532609e-15
2.9291537e-15
1.1667981e-14
9.6738132e-16
1.2728848e-14
-3.8619602e-16
1.261489e-14
-3.6450962e-16
1.2173385e-14
8.1585394e-16
1.1633366e-14
2.271014e-15
1.0119641e-14
3.9250137e-15
6.8764579e-15
4.0244204e-15
9.4083028e-16
2.8589377e-15
-6.9527508e-15
-5.2074991e-16
-1.5901122e-14
-4.8668614e-15
-2.3477829e-14
-9.8538428e-15
-2.8128401e-14
-1.4277852e-14
-2.8657359e-14
-1.73846e-14
-2.5300321e-14
-1.8838849e-14
-1.9574302e-14
-1.8579463e-14
-1.3747819e-14
-1.6873783e-14
-9.7763487e-15
-1.440398e-14
-8.8742053e-15
-1.2113784e-14
-1.1032943e-14
-1.0288494e-14
-1.4771968e-14
-9.7010657e-15
-1.8394455e-14
-9.9394447e-15
-1.9730073e-14
-1.1721179e-14
-1.7314095e-14
-1.3484155e-14
-1.0868958e-14
-1.6149401e-14
-1.0809644e-15
-1.7712217e-14
1.0014319e-14
-1.9087771e-14
2.0251781e-14
-1.9494493e-14
2.743519e-14
-1.9294566e-14
3.0042491e-14
-1.8744212e-14
2.7318608e-14
-1.783396e-14
1.9662597e-14
-1.7448789e-14
8.2136701e-15
-1.7336236e-14
-1.8804544e-14
-2.8349077e-08
-3.1131317e-08
-5.3269142e-08
-2.7994593e-08
-7.9568001e-08
-1.5070054e-08
-1.0879349e-07
1.2766802e-08
-1.5074623e-07
5.5353956e-08
-2.0823435e-07
8.6503599e-08
-2.7958786e-07
6.0658921e-08
-3.5667426e-07
-3.6290875e-08
-4.3857186e-07
-1.623099e-07
-5.1294419e-07
-2.7288575e-07
-5.6980053e-07
-3.2729656e-07
-6.0443256e-07
-3.0326792e-07
-6.1420504e-07
-2.1595598e-07
-5.998022e-07
-1.132244e-07
-5.6532737e-07
-2.9662236e-08
-5.2231125e-07
2.615136e-08
-4.6636957e-07
5.2295387e-08
-4.1717847e-07
5.7131433e-08
-3.8749817e-07
5.633725e-08
-3.648801e-07
5.7407769e-08
-3.4328684e-07
5.3785713e-08
-3.2590634e-07
4.8586052e-08
-3.1065953e-07
4.4624382e-08
-2.9720292e-07
4.0139768e-08
-2.8531163e-07
3.62323e-08
-2.746922e-07
3.2669777e-08
-2.6517485e-07
2.9570272e-08
-2.565739e-07
2.6955815e-08
-2.4871176e-07
2.4857557e-08
-2.4139809e-07
2.3303931e-08
-2.3442849e-07
2.231625e-08
-2.275846e-07
2.190403e-08
-2.2064048e-07
2.2056765e-08
-2.13374e-07
2.273631e-08
-2.0558332e-07
2.3870959e-08
-1.971062e-07
2.5353233e-08
-1.8784028e-07
2.7043212e-08
-1.7775929e-07
2.877842e-08
-1.6692085e-07
3.0389531e-08
-1.5546173e-07
3.1719538e-08
-1.4358092e-07
3.2641875e-08
-1.3151427e-07
3.3073605e-08
-1.1950632e-07
3.2980811e-08
-1.0778562e-07
3.2375819e-08
-9.6547064e-08
3.1308458e-08
-8.594209e-08
2.9854242e-08
-7.607606e-08
2.8102151e-08
-6.7010927e-08
2.6143986e-08
-5.8771115e-08
2.4066337e-08
-5.1350848e-08
2.1945328e-08
-4.4721669e-08
1.9843881e-08
-3.8839371e-08
1.7810967e-08
-3.3649888e-08
1.5882242e-08
-2.9094013e-08
1.4081507e-08
-2.5110945e-08
1.2422611e-08
-2.1640859e-08
1.0911447e-08
-1.862663e-08
9.5478337e-09
-1.6014919e-08
8.3271902e-09
-1.3756749e-08
7.2419201e-09
-1.1807699e-08
6.2825874e-09
-1.0128078e-08
5.4387428e-09
-8.6824118e-09
4.6995983e-09
-7.4395014e-09
4.0544657e-09
-6.3718887e-09
3.4931184e-09
-5.455561e-09
3.0059587e-09
-4.6696004e-09
2.5841284e-09
-3.9958423e-09
2.2195642e-09
-3.4185515e-09
1.9050069e-09
-2.9241218e-09
1.6339785e-09
-2.5008064e-09
1.4007388e-09
-2.1384811e-09
1.2002285e-09
-1.8284352e-09
1.0280063e-09
-1.5631849e-09
8.8018894e-10
-1.3363028e-09
7.5339597e-10
-1.1422699e-09
6.4469745e-10
-9.7634888e-10
5.5155978e-10
-8.3447936e-10
4.7179208e-10
-7.1318634e-10
4.0349939e-10
-6.0949612e-10
3.4504588e-10
-5.2086222e-10
2.9502454e-10
-4.451041e-10
2.5222843e-10
-3.8035659e-10
2.1562189e-10
-3.2502427e-10
1.8431473e-10
-2.7773967e-10
1.575426e-10
-2.3732904e-10
1.3465163e-10
-2.0278792e-10
1.1508268e-10
-1.7326277e-10
9.8355671e-11
-1.4803078e-10
8.4057757e-11
-1.2647531e-10
7.1835177e-11
-1.0806384e-10
6.1387474e-11
-9.2334949e-11
5.2460183e-11
-7.8893097e-11
4.4834492e-11
-6.7405166e-11
3.8320318e-11
-5.7591734e-11
3.2752906e-11
-4.9210114e-11
2.7991374e-11
-4.2053459e-11
2.392141e-11
-3.5937897e-11
2.0443203e-11
-3.0712292e-11
1.7473427e-11
-2.6247497e-11
1.4936694e-11
-2.2432216e-11
1.2766173e-11
-1.9172903e-11
1.090913e-11
-1.6390512e-11
9.3257308e-12
-1.4011394e-11
7.9724126e-12
-1.1976691e-11
6.8134787e-12
-1.0238421e-11
5.8227672e-12
-8.7497732e-12
4.9761386e-12
-7.4720814e-12
4.2509142e-12
-6.3772962e-12
3.6329879e-12
-5.4420851e-12
3.1072409e-12
-4.6471825e-12
2.6561498e-12
-3.9763832e-12
2.2749694e-12
-3.404466e-12
1.943645e-12
-2.9161623e-12
1.6604507e-12
-2.4954038e-12
1.4140554e-12
-2.1369585e-12
1.2012536e-12
-1.8330805e-12
1.0168255e-12
-1.5780067e-12
8.6016355e-13
-1.3589645e-12
7.3522251e-13
-1.1748159e-12
6.3449086e-13
-9.4106605e-13
5.4165328e-13
-8.3790406e-13
4.4391049e-13
-7.0710509e-13
3.8212946e-13
-6.0663452e-13
3.3573131e-13
-5.2410523e-13
2.8776865e-13
-4.5417498e-13
2.46395e-13
-3.9101579e-13
2.1221467e-13
-3.3541149e-13
1.8407377e-13
-2.8854508e-13
1.5873306e-13
-2.4868022e-13
1.365227e-13
-2.1212609e-13
1.1770525e-13
-1.7549907e-13
1.0344346e-13
-1.3981362e-13
9.2373933e-14
-1.0989311e-13
8.3953709e-14
-8.892688e-14
7.4424158e-14
-7.7205491e-14
6.4292753e-14
-7.0101524e-14
5.3518078e-14
-6.228287e-14
4.398419e-14
-5.086439e-14
3.5909278e-14
-3.8672767e-14
3.009314e-14
-2.9808163e-14
2.4749089e-14
-2.8730993e-14
1.8750629e-14
-3.4959027e-14
1.2300984e-14
-4.3911117e-14
5.9779642e-15
-5.0178913e-14
9.826597e-16
-5.0270506e-14
-2.3199115e-15
-4.3884363e-14
-4.5124691e-15
-3.3312376e-14
-5.1609044e-15
-2.1134085e-14
-5.0194254e-15
-9.437942e-15
-3.9407614e-15
4.3120045e-16
-2.1277305e-15
6.9174331e-15
1.9576392e-16
9.888204e-15
1.2077913e-15
9.7197606e-15
5.1868372e-16
8.2174968e-15
-4.4338566e-16
9.0222199e-15
-9.3498088e-16
1.4589243e-14
8.803754e-16
2.5363946e-14
5.0237077e-15
3.6944939e-14
1.0593625e-14
4.3513931e-14
1.5289961e-14
4.0477568e-14
1.7820974e-14
2.7756935e-14
1.7574653e-14
9.5361427e-15
1.6395765e-14
-7.1332599e-15
1.5832779e-14
-1.7359405e-14
1.764455e-14
-2.0115997e-14
2.1100137e-14
-1.9533453e-14
2.4843199e-14
-2.0552321e-14
2.614802e-14
-2.6197881e-14
2.4412797e-14
-3.560966e-14
1.9935333e-14
-4.2878595e-14
1.3880795e-14
-4.3029715e-14
8.4684947e-15
-3.3779203e-14
5.3300028e-15
-1.7527812e-14
4.35307e-15
-2.8959186e-16
4.5115695e-15
1.1343161e-14
5.1305389e-15
1.5142773e-14
4.7877967e-15
1.3373085e-14
1.9641903e-15
1.4560952e-14
-3.5835035e-15
2.3116779e-14
-1.4781041e-14
-2.1529177e-14
-1.5360619e-14
3.9426568e-14
2.0138998e-14
3.5709774e-14
9.321385e-15
3.4612234e-14
5.4825677e-15
3.593036e-14
8.6934571e-15
3.6315693e-14
1.2023448e-14
3.5921604e-14
1.4789455e-14
3.3447146e-14
1.6635506e-14
2.8298444e-14
1.7899153e-14
1.9037294e-14
1.8494915e-14
5.7406588e-15
1.7650144e-14
-1.0181312e-14
1.5938642e-14
-2.5787251e-14
1.3333325e-14
-3.7816507e-14
1.080925e-14
-4.3807245e-14
8.7512313e-15
-4.359304e-14
7.3761256e-15
-3.8967976e-14
6.8356085e-15
-3.2949682e-14
6.6255596e-15
-2.8478143e-14
6.7448226e-15
-2.656438e-14
6.7754702e-15
-2.6642284e-14
6.7888696e-15
-2.7328664e-14
6.8376491e-15
-2.6339644e-14
7.1277928e-15
-2.2493501e-14
6.9453638e-15
-1.5902263e-14
6.9042098e-15
-7.7200007e-15
5.7864355e-15
8.4150644e-17
4.6495652e-15
6.3921452e-15
2.7614735e-15
1.0442234e-14
1.466497e-15
1.2681957e-14
4.5291201e-16
1.3570771e-14
7.1924544e-16
1.375351e-14
1.5635415e-15
1.2863187e-14
2.5458533e-15
1.0315267e-14
3.4266636e-15
5.4167294e-15
2.7484916e-15
-2.0431877e-15
1.1469071e-15
-1.1295446e-14
-2.1239907e-15
-2.0680305e-14
-5.6815028e-15
-2.7870236e-14
-9.5135256e-15
-3.1251385e-14
-1.2270922e-14
-3.0043509e-14
-1.3740138e-14
-2.4878591e-14
-1.3890656e-14
-1.7900908e-14
-1.2603759e-14
-1.1327124e-14
-1.0741769e-14
-7.3442158e-15
-8.6666861e-15
-7.1115445e-15
-7.1273071e-15
-1.0278831e-14
-6.2437277e-15
-1.537368e-14
-6.3569867e-15
-1.9730617e-14
-7.3010079e-15
-2.1747741e-14
-8.6565992e-15
-1.92965e-14
-1.0160109e-14
-1.2742393e-14
-1.1583484e-14
-2.4372675e-15
-1.2443908e-14
9.4307437e-15
-1.3072066e-14
2.0406622e-14
-1.3105748e-14
2.8106078e-14
-1.2957247e-14
3.0789474e-14
-1.2827843e-14
2.7882872e-14
-1.2689147e-14
1.9852152e-14
-1.3060202e-14
8.3186686e-15
-1.3536415e-14
-1.4821516e-14
-2.5115911e-08
-6.0154008e-09
-4.8472824e-08
-4.6376211e-09
-6.6815429e-08
3.2725391e-09
-7.670145e-08
2.2652773e-08
-7.8276326e-08
5.6928807e-08
-8.157503e-08
8.9802278e-08
-1.0570817e-07
8.4792068e-08
-1.6633209e-07
2.4333011e-08
-2.582275e-07
-7.0414475e-08
-3.6302026e-07
-1.6809298e-07
-4.6023567e-07
-2.3008114e-07
-5.1954425e-07
-2.4395932e-07
-5.3939508e-07
-1.9610513e-07
-5.3227325e-07
-1.2034624e-07
-5.0892787e-07
-5.3007627e-08
-4.7441863e-07
-8.3578653e-09
-4.4021579e-07
1.8092557e-08
-4.1176249e-07
2.867814e-08
-3.8902222e-07
3.359698e-08
-3.6702805e-07
3.5413541e-08
-3.4711785e-07
3.3875534e-08
-3.3017634e-07
3.1644557e-08
-3.1476262e-07
2.921067e-08
-3.0106488e-07
2.6442062e-08
-2.8878308e-07
2.3950526e-08
-2.7772823e-07
2.1614909e-08
-2.6773565e-07
1.9577689e-08
-2.5862946e-07
1.7849647e-08
-2.5023511e-07
1.6463217e-08
-2.42368e-07
1.5436869e-08
-2.3483516e-07
1.4783404e-08
-2.27437e-07
1.4505855e-08
-2.1997387e-07
1.4593614e-08
-2.1225594e-07
1.5018415e-08
-2.0411631e-07
1.5731318e-08
-1.9542523e-07
1.6662144e-08
-1.8610401e-07
1.7722029e-08
-1.7613522e-07
1.8809676e-08
-1.6556648e-07
1.9820772e-08
-1.5450595e-07
2.065896e-08
-1.4311023e-07
2.1246134e-08
-1.3156654e-07
2.1529921e-08
-1.2007275e-07
2.1487017e-08
-1.0881896e-07
2.1122021e-08
-9.7973261e-08
2.0462744e-08
-8.7672598e-08
1.955356e-08
-7.8018728e-08
1.8448261e-08
-6.9078335e-08
1.7203587e-08
-6.0886092e-08
1.5874101e-08
-5.3449407e-08
1.4508658e-08
-4.6753902e-08
1.3148391e-08
-4.0768872e-08
1.1825952e-08
-3.5452283e-08
1.056566e-08
-3.0755034e-08
9.3842543e-09
-2.6624413e-08
8.2919836e-09
-2.3006764e-08
7.293795e-09
-1.9849444e-08
6.3905084e-09
-1.7102165e-08
5.5798962e-09
-1.4717855e-08
4.8575942e-09
-1.2653098e-08
4.2179002e-09
-1.086856e-08
3.6541731e-09
-9.3286992e-09
3.159704e-09
-8.0018387e-09
2.7275814e-09
-6.8598945e-09
2.3511617e-09
-5.8781124e-09
2.0241716e-09
-5.0347781e-09
1.7407914e-09
-4.3109215e-09
1.4957025e-09
-3.6900239e-09
1.2841005e-09
-3.1577391e-09
1.1016848e-09
-2.701638e-09
9.446329e-10
-2.3109768e-09
8.095658e-10
-1.9764855e-09
6.9351151e-10
-1.6901761e-09
5.9387008e-10
-1.4451702e-09
5.0837886e-10
-1.2355515e-09
4.3507506e-10
-1.0562392e-09
3.7225677e-10
-9.0287663e-10
3.1844799e-10
-7.7172909e-10
2.7237134e-10
-6.5959351e-10
2.3292621e-10
-5.6372303e-10
1.9916741e-10
-4.8176592e-10
1.7028332e-10
-4.117111e-10
1.4557529e-10
-3.5183676e-10
1.2444195e-10
-3.0066508e-10
1.0636832e-10
-2.5692744e-10
9.0914529e-11
-2.1954002e-10
7.770368e-11
-1.8758217e-10
6.6410822e-11
-1.6027171e-10
5.6756777e-11
-1.369385e-10
4.8503365e-11
-1.1700459e-10
4.1449442e-11
-9.9972057e-11
3.5423058e-11
-8.5416948e-11
3.02752e-11
-7.2980769e-11
2.587639e-11
-6.2358074e-11
2.2115522e-11
-5.3285818e-11
1.8899147e-11
-4.5535166e-11
1.6150426e-11
-3.8912557e-11
1.3802813e-11
-3.3253595e-11
1.1797836e-11
-2.8418923e-11
1.0083751e-11
-2.4288928e-11
8.6160019e-12
-2.0761732e-11
7.3622629e-12
-1.7746759e-11
6.293496e-12
-1.5169629e-11
5.379926e-12
-1.2968543e-11
4.5979905e-12
-1.1087427e-11
3.9298881e-12
-9.4743245e-12
3.3579202e-12
-8.0901026e-12
2.8703293e-12
-6.9040097e-12
2.4558628e-12
-5.892057e-12
2.1019944e-12
-5.034242e-12
1.7965389e-12
-4.3074903e-12
1.5374347e-12
-3.6892094e-12
1.3101173e-12
-3.1615901e-12
1.1181821e-12
-2.7089493e-12
9.4969922e-13
-2.3226552e-12
8.0643286e-13
-1.9920251e-12
6.8114752e-13
-1.7084089e-12
5.7475417e-13
-1.4614277e-12
4.8628064e-13
-1.2535999e-12
4.1999895e-13
-1.0583624e-12
3.6810231e-13
-8.7046312e-13
3.1515327e-13
-7.5504772e-13
2.5015847e-13
-6.566756e-13
2.2067274e-13
-5.6825552e-13
1.898185e-13
-4.8950531e-13
1.6494441e-13
-4.1971917e-13
1.4280271e-13
-3.6038541e-13
1.2403631e-13
-3.1081074e-13
1.0622508e-13
-2.6771747e-13
9.1102901e-14
-2.2680348e-13
7.9075795e-14
-1.8644992e-13
7.0896999e-14
-1.4909159e-13
6.4405502e-14
-1.1904239e-13
5.8621592e-14
-9.9096453e-14
5.0758453e-14
-8.7744806e-14
4.2548139e-14
-7.9536467e-14
3.4271088e-14
-6.9596984e-14
2.8113045e-14
-5.664812e-14
2.3450141e-14
-4.3770454e-14
2.0356926e-14
-3.5538918e-14
1.6593679e-14
-3.5220263e-14
1.2070253e-14
-4.1090474e-14
6.6365869e-15
-4.9011569e-14
2.0563327e-15
-5.3689288e-14
-1.1518808e-15
-5.2127129e-14
-2.6501527e-15
-4.4585129e-14
-2.9271435e-15
-3.2964389e-14
-2.1072832e-15
-1.9820754e-14
-1.0472598e-15
-7.4567863e-15
2.4196487e-16
2.2451787e-15
1.4633087e-15
8.1854845e-15
2.286303e-15
1.0066545e-14
1.6272897e-15
8.9197768e-15
1.4172983e-16
7.8121907e-15
-6.7707996e-16
1.0657528e-14
-7.3805225e-16
1.8806758e-14
1.8172868e-15
3.0992759e-14
5.3223101e-15
4.1936148e-14
9.3071049e-15
4.6222376e-14
1.1199941e-14
4.0604964e-14
1.0971727e-14
2.6505113e-14
8.8188803e-15
9.0754895e-15
7.1682382e-15
-5.4789985e-15
7.0674543e-15
-1.3713765e-14
9.5833403e-15
-1.6429607e-14
1.3058323e-14
-1.7888969e-14
1.6048249e-14
-2.2345324e-14
1.6136556e-14
-3.1535257e-14
1.4111193e-14
-4.1927919e-14
9.923479e-15
-4.8312164e-14
5.7913718e-15
-4.6256525e-14
3.4391695e-15
-3.4598986e-14
3.1027251e-15
-1.7013931e-14
4.0571818e-15
1.0550339e-16
4.7489048e-15
1.0958501e-14
4.6591731e-15
1.3114426e-14
3.7659307e-15
7.8200492e-15
4.2941795e-15
4.8317492e-15
4.5384195e-15
1.260713e-14
1.7973405e-15
1.5336371e-14
-4.6456363e-15
2.4310944e-14
1.0107091e-14
3.530042e-14
1.632328e-14
3.8223054e-14
1.0945795e-14
3.9091426e-14
7.6299176e-15
3.8397126e-14
7.9712319e-15
3.7235274e-14
8.784465e-15
3.4398549e-14
9.7649803e-15
2.8529168e-14
1.0166055e-14
1.8233951e-14
1.0130083e-14
3.8884136e-15
8.6046359e-15
-1.273303e-14
6.8039961e-15
-2.8366651e-14
4.7131679e-15
-3.9873425e-14
3.5192436e-15
-4.5038121e-14
3.0279822e-15
-4.3968845e-14
3.3048246e-15
-3.8896207e-14
4.2785108e-15
-3.2753041e-14
4.9326459e-15
-2.827171e-14
5.4135005e-15
-2.623859e-14
4.9460092e-15
-2.6399951e-14
4.5395329e-15
-2.7088041e-14
4.2812488e-15
-2.6262656e-14
4.3718731e-15
-2.288498e-14
4.4132446e-15
-1.6700858e-14
4.5765813e-15
-9.1707674e-15
4.2550764e-15
-1.505695e-15
3.7461886e-15
4.9363825e-15
2.6224529e-15
9.6568395e-15
1.9041113e-15
1.2751114e-14
1.1678567e-15
1.4420142e-14
1.4292701e-15
1.4931359e-14
1.6793665e-15
1.3598857e-14
2.0932953e-15
1.0041309e-14
2.0741366e-15
3.6026453e-15
9.1788292e-16
-5.0250927e-15
-1.1194749e-15
-1.5087376e-14
-3.7280622e-15
-2.4350554e-14
-6.2326024e-15
-3.0863167e-14
-8.333373e-15
-3.2935782e-14
-9.3095226e-15
-3.029987e-14
-9.0955511e-15
-2.3997452e-14
-8.0821093e-15
-1.6194216e-14
-6.3296699e-15
-9.5299445e-15
-4.6345291e-15
-6.0167113e-15
-3.3677675e-15
-6.5168267e-15
-2.9832064e-15
-1.0523928e-14
-3.1868675e-15
-1.6202491e-14
-4.09946e-15
-2.1070391e-14
-5.349712e-15
-2.3180163e-14
-6.0592553e-15
-2.0568933e-14
-6.9110772e-15
-1.3626984e-14
-6.7987564e-15
-2.871376e-15
-6.7012413e-15
9.207829e-15
-6.2474827e-15
2.036909e-14
-5.9712633e-15
2.8053356e-14
-5.8668438e-15
3.0625572e-14
-6.2668609e-15
2.7677122e-14
-7.0953673e-15
1.9591887e-14
-8.217453e-15
8.1773784e-15
-9.3545129e-15
-1.0587679e-14
-1.2088086e-08
6.0727008e-09
-2.3738772e-08
7.0130947e-09
-3.0804023e-08
1.0337823e-08
-2.573328e-08
1.7581975e-08
-1.3858599e-11
3.1209384e-08
4.1783661e-08
4.8004769e-08
7.6615936e-08
4.9959865e-08
7.3063682e-08
2.7885299e-08
1.6699869e-08
-1.4050657e-08
-9.3027596e-08
-5.8365515e-08
-2.3718539e-07
-8.592332e-08
-3.5926826e-07
-1.2187642e-07
-4.3299434e-07
-1.2237904e-07
-4.6086275e-07
-9.2477844e-08
-4.5895163e-07
-5.4918783e-08
-4.4452495e-07
-2.2784583e-08
-4.25849e-07
-5.8342006e-10
-4.0629953e-07
9.128635e-09
-3.8688088e-07
1.4178345e-08
-3.6747112e-07
1.6003819e-08
-3.4943939e-07
1.5843821e-08
-3.3285578e-07
1.5061006e-08
-3.175475e-07
1.390243e-08
-3.0371588e-07
1.2610389e-08
-2.9115619e-07
1.1390837e-08
-2.7977793e-07
1.0236691e-08
-2.6942826e-07
9.2280052e-09
-2.5995019e-07
8.3716025e-09
-2.5117469e-07
7.6877041e-09
-2.4292295e-07
7.1851018e-09
-2.3500939e-07
6.8698308e-09
-2.2724562e-07
6.74219e-09
-2.1944754e-07
6.7955787e-09
-2.1144403e-07
7.014869e-09
-2.0308794e-07
7.3751848e-09
-1.942675e-07
7.841734e-09
-1.8491657e-07
8.3711432e-09
-1.7502146e-07
8.9145691e-09
-1.646228e-07
9.4220986e-09
-1.5381157e-07
9.847712e-09
-1.4271937e-07
1.0153934e-08
-1.3150473e-07
1.0315273e-08
-1.2033755e-07
1.0319809e-08
-1.0938429e-07
1.0168749e-08
-9.8795931e-08
9.8743657e-09
-8.8699396e-08
9.4570159e-09
-7.9192996e-08
8.9418668e-09
-7.0345223e-08
8.3558362e-09
-6.2196219e-08
7.7251181e-09
-5.4760985e-08
7.073436e-09
-4.8033587e-08
6.4209972e-09
-4.1991674e-08
5.7840378e-09
-3.6600846e-08
5.174826e-09
-3.1818568e-08
4.6019727e-09
-2.7597488e-08
4.0709127e-09
-2.388813e-08
3.5844529e-09
-2.064095e-08
3.1433337e-09
-1.7807828e-08
2.7467598e-09
-1.5343102e-08
2.3928372e-09
-1.3204271e-08
2.0789733e-09
-1.1352144e-08
1.8021422e-09
-9.7514039e-09
1.5589745e-09
-8.3701208e-09
1.3462913e-09
-7.1798647e-09
1.160892e-09
-6.1554432e-09
9.997363e-10
-5.2746595e-09
8.5999643e-10
-4.5180454e-09
7.3908163e-10
-3.868592e-09
6.3464571e-10
-3.3114876e-09
5.4458327e-10
-2.8338708e-09
4.6701861e-10
-2.4246007e-09
4.0029136e-10
-2.0740438e-09
3.429415e-10
-1.7738825e-09
2.9369279e-10
-1.5169454e-09
2.5143364e-10
-1.297061e-09
2.1519681e-10
-1.1089277e-09
1.8414029e-10
-9.479945e-10
1.5753321e-10
-8.1035377e-10
1.347452e-10
-6.9265018e-10
1.152351e-10
-5.9200644e-10
9.8537419e-11
-5.059603e-10
8.4250693e-11
-4.324051e-10
7.2027927e-11
-3.695345e-10
6.157117e-11
-3.1579739e-10
5.2627826e-11
-2.6986335e-10
4.4981661e-11
-2.3059774e-10
3.8446833e-11
-1.9703526e-10
3.2860845e-11
-1.683531e-10
2.8084946e-11
-1.4384521e-10
2.4001255e-11
-1.2290493e-10
2.0511564e-11
-1.0501176e-10
1.7529471e-11
-8.9722903e-11
1.4980891e-11
-7.6662181e-11
1.2802728e-11
-6.5505983e-11
1.093991e-11
-5.5975766e-11
9.3472572e-12
-4.7832435e-11
7.9866619e-12
-4.087462e-11
6.8257642e-12
-3.49304e-11
5.8335049e-12
-2.9852197e-11
4.9840305e-12
-2.5515808e-11
4.2587789e-12
-2.1809968e-11
3.6384264e-12
-1.8641004e-11
3.1089656e-12
-1.5934173e-11
2.6579361e-12
-1.3622668e-11
2.2716312e-12
-1.1644957e-11
1.9410857e-12
-9.9491633e-12
1.6589045e-12
-8.4948605e-12
1.4205958e-12
-7.2494998e-12
1.2170527e-12
-6.1885903e-12
1.0418615e-12
-5.2896894e-12
8.8867542e-13
-4.5267417e-12
7.5802628e-13
-3.8784062e-12
6.4358089e-13
-3.3235396e-12
5.4814249e-13
-2.8490816e-12
4.6509049e-13
-2.4425472e-12
3.9593145e-13
-2.0936233e-12
3.3704362e-13
-1.7915429e-12
2.8879304e-13
-1.5242748e-12
2.4314596e-13
-1.2907933e-12
2.0438621e-13
-1.1288924e-12
1.5500801e-13
-9.1423124e-13
2.0104155e-13
-7.9020703e-13
1.3945824e-13
-6.8383014e-13
1.1330551e-13
-5.9069902e-13
9.3460874e-14
-5.0797323e-13
8.084128e-14
-4.3645091e-13
7.0172437e-14
-3.7592505e-13
6.0639588e-14
-3.2458091e-13
5.1219034e-14
-2.7814822e-13
4.3757027e-14
-2.3366002e-13
3.9055691e-14
-1.9091617e-13
3.6584772e-14
-1.5372928e-13
3.436251e-14
-1.2497265e-13
3.0280232e-14
-1.0677703e-13
2.4774993e-14
-9.5206736e-14
1.8728827e-14
-8.526008e-14
1.3902676e-14
-7.2841752e-14
1.1446902e-14
-5.8871586e-14
1.0930539e-14
-4.6462679e-14
1.0538093e-14
-3.9575195e-14
8.3268394e-15
-3.9750438e-14
4.8309685e-15
-4.4909526e-14
5.3619093e-16
-5.1484544e-14
-1.6192373e-15
-5.4274431e-14
-2.9510471e-15
-5.1449455e-14
-2.0983386e-15
-4.3051977e-14
-4.5575679e-16
-3.1049988e-14
1.8590145e-15
-1.7660351e-14
3.434926e-15
-5.3366973e-15
4.4382799e-15
3.7497362e-15
4.7678961e-15
8.7653764e-15
3.9672666e-15
9.9204038e-15
1.9875654e-15
8.7304167e-15
5.3368764e-16
9.2657557e-15
-1.4207199e-16
1.3911789e-14
7.861251e-16
2.3935086e-14
3.0547317e-15
3.5736874e-14
5.8991485e-15
4.4963132e-14
7.2936436e-15
4.6603888e-14
6.3238742e-15
3.9486537e-14
3.1394109e-15
2.5298571e-14
-1.2592512e-16
9.6154898e-15
-2.1678286e-15
-2.5448599e-15
-2.2362685e-15
-9.5280493e-15
3.0038223e-16
-1.2814479e-14
2.7112207e-15
-1.67121e-14
4.5197872e-15
-2.4427803e-14
3.892362e-15
-3.5014199e-14
1.5983119e-15
-4.5194358e-14
-8.3137853e-16
-4.9808581e-14
-1.9292704e-15
-4.5462787e-14
-6.9426338e-16
-3.2770497e-14
2.3455985e-15
-1.562826e-14
5.3072291e-15
-3.5355714e-16
7.1612817e-15
9.9685101e-15
5.3181327e-15
1.2616173e-14
2.4710001e-15
9.070599e-15
5.9297087e-16
3.1480537e-15
1.6639922e-15
2.2346264e-16
1.1283608e-14
4.6589205e-14
2.423232e-14
2.1972742e-14
-1.5495322e-14
3.273362e-14
-2.5703286e-15
3.7823087e-14
2.9422016e-15
3.976725e-14
2.4707382e-15
4.0015805e-14
2.7664178e-15
3.9251733e-14
2.430584e-15
3.6390092e-14
2.3415695e-15
2.9534237e-14
2.1560006e-15
1.7979244e-14
1.5070768e-15
2.7186748e-15
-6.5971909e-16
-1.4111022e-14
-2.3622623e-15
-2.9245713e-14
-3.6376809e-15
-3.9897171e-14
-3.1810888e-15
-4.4076998e-14
-2.1674966e-15
-4.2473115e-14
-3.0648968e-16
-3.7381644e-14
1.8750132e-15
-3.166093e-14
3.078215e-15
-2.7550521e-14
3.4487235e-15
-2.5671856e-14
2.238686e-15
-2.5763616e-14
1.4196677e-15
-2.6426866e-14
1.1713551e-15
-2.5304666e-14
9.4284085e-16
-2.1830191e-14
1.4162305e-15
-1.6078593e-14
2.2712351e-15
-9.1232126e-15
2.9263363e-15
-2.0396676e-15
3.2348871e-15
4.0441676e-15
2.9226628e-15
9.0321945e-15
2.3579359e-15
1.262658e-14
1.639618e-15
1.4850434e-14
1.5177923e-15
1.5384132e-14
1.1617679e-15
1.3600785e-14
9.3055679e-16
9.1687454e-15
1.3366991e-16
1.8886792e-15
-1.3998058e-15
-7.5055289e-15
-3.3467069e-15
-1.7768477e-14
-4.9466537e-15
-2.6528149e-14
-6.1576361e-15
-3.1997621e-14
-6.3924237e-15
-3.2864392e-14
-5.5634975e-15
-2.9255291e-14
-3.7867023e-15
-2.2305843e-14
-2.057008e-15
-1.4331172e-14
-3.1433898e-16
-8.0015649e-15
8.655279e-16
-5.1733428e-15
1.1380055e-15
-6.4586922e-15
3.5150304e-16
-1.1136123e-14
-7.7773106e-16
-1.7231464e-14
-2.2043071e-15
-2.2250804e-14
-3.4071124e-15
-2.4061193e-14
-3.3913727e-15
-2.1320973e-14
-3.0943768e-15
-1.4011798e-14
-1.6030341e-15
-3.200563e-15
-3.6548241e-16
9.0718613e-15
7.7596099e-16
2.0162659e-14
1.3484235e-15
2.7596055e-14
1.3922368e-15
2.9983032e-14
3.4923522e-16
2.6881313e-14
-1.3604206e-15
1.8876791e-14
-3.2160544e-15
7.798631e-15
-4.9710803e-15
-6.3122459e-15
6.0726329e-09
1.3085695e-08
2.3423517e-08
4.1005504e-08
7.2214936e-08
1.2021968e-07
1.701795e-07
1.9806485e-07
1.8401418e-07
1.2564864e-07
3.9725347e-08
-8.2151106e-08
-2.0453017e-07
-2.9700804e-07
-3.519268e-07
-3.7471136e-07
-3.7529477e-07
-3.6616611e-07
-3.5198777e-07
-3.3598394e-07
-3.2014011e-07
-3.0507914e-07
-2.911767e-07
-2.7856627e-07
-2.6717545e-07
-2.5693879e-07
-2.4771079e-07
-2.3933917e-07
-2.3165144e-07
-2.2446629e-07
-2.1759645e-07
-2.1085428e-07
-2.0405874e-07
-1.9704386e-07
-1.8966864e-07
-1.8182689e-07
-1.7345576e-07
-1.645412e-07
-1.5511909e-07
-1.4527138e-07
-1.3511746e-07
-1.248022e-07
-1.144824e-07
-1.0431366e-07
-9.443929e-08
-8.4982265e-08
-7.6040381e-08
-6.7684533e-08
-5.9959414e-08
-5.2885981e-08
-4.6464987e-08
-4.0680953e-08
-3.5506128e-08
-3.0904149e-08
-2.6833227e-08
-2.3248773e-08
-2.0105445e-08
-1.7358681e-08
-1.4965818e-08
-1.2886807e-08
-1.108473e-08
-9.5257654e-09
-8.179485e-09
-7.018603e-09
-6.0188729e-09
-5.1588776e-09
-4.4197929e-09
-3.7851426e-09
-3.2405571e-09
-2.7735421e-09
-2.3732601e-09
-2.0303287e-09
-1.7366403e-09
-1.4852021e-09
-1.269995e-09
-1.0858448e-09
-9.2830481e-10
-7.9355399e-10
-6.7831156e-10
-5.7976597e-10
-4.9551039e-10
-4.2348328e-10
-3.6191595e-10
-3.0928948e-10
-2.6430361e-10
-2.2584873e-10
-1.9298008e-10
-1.6489012e-10
-1.408867e-10
-1.2037542e-10
-1.0284942e-10
-8.7876105e-11
-7.5084339e-11
-6.4156377e-11
-5.4820096e-11
-4.684351e-11
-4.0028175e-11
-3.420577e-11
-2.9232227e-11
-2.4982043e-11
-2.1350759e-11
-1.8249112e-11
-1.559913e-11
-1.3334054e-11
-1.1395238e-11
-9.7337924e-12
-8.3090928e-12
-7.09128e-12
-6.0547533e-12
-5.1760987e-12
-4.4286601e-12
-3.7926298e-12
-3.2479218e-12
-2.7831012e-12
-2.3854636e-12
-2.0448259e-12
-1.7488821e-12
-1.490975e-12
-1.2584056e-12
-1.0550597e-12
-8.9998304e-13
-7.6692509e-13
-6.5678192e-13
-5.6414375e-13
-4.8362692e-13
-4.1485518e-13
-3.5640298e-13
-3.06102e-13
-2.6016691e-13
-2.1632524e-13
-1.7533963e-13
-1.4040551e-13
-1.1461648e-13
-9.7348269e-14
-8.5216184e-14
-7.3990304e-14
-6.1244747e-14
-4.7767742e-14
-3.6847677e-14
-3.2011001e-14
-3.3525953e-14
-3.9268771e-14
-4.4079981e-14
-4.5520738e-14
-4.1606804e-14
-3.303628e-14
-2.1120339e-14
-8.5242182e-15
2.6210288e-15
1.0787446e-14
1.5121511e-14
1.6041402e-14
1.6489836e-14
1.925554e-14
2.6186832e-14
3.654071e-14
4.7281703e-14
5.3696318e-14
5.2357165e-14
4.2847809e-14
2.8719143e-14
1.4557964e-14
3.5647947e-15
-3.0067818e-15
-7.9661487e-15
-1.3818292e-14
-2.2500743e-14
-3.2717381e-14
-4.07282e-14
-4.2638916e-14
-3.6425622e-14
-2.3397828e-14
-7.8633869e-15
6.0843526e-15
1.4520013e-14
1.8245642e-14
1.8880357e-14
1.5841533e-14
1.3264352e-14
2.0813276e-14
4.7473583e-14
4.636083e-14
4.7760164e-14
4.7480909e-14
4.6659928e-14
4.4104858e-14
3.9121228e-14
3.1001217e-14
1.9638399e-14
5.0345655e-15
-1.0077191e-14
-2.3099551e-14
-3.1113595e-14
-3.3820329e-14
-3.1913441e-14
-2.7192211e-14
-2.2442979e-14
-1.9329971e-14
-1.9114346e-14
-2.0278357e-14
-2.0940331e-14
-2.0175774e-14
-1.7087471e-14
-1.1738061e-14
-5.0973742e-15
1.7552879e-15
7.7123176e-15
1.227506e-14
1.5127458e-14
1.6630855e-14
1.6221881e-14
1.3763302e-14
8.7504161e-15
1.0466508e-15
-8.6093947e-15
-1.8402531e-14
-2.659757e-14
-3.1463124e-14
-3.2090256e-14
-2.8621308e-14
-2.2829528e-14
-1.6543084e-14
-1.1708177e-14
-9.7331242e-15
-1.1155852e-14
-1.4953505e-14
-1.9642134e-14
-2.3335168e-14
-2.3740612e-14
-2.0378737e-14
-1.2762541e-14
-2.5491224e-15
8.4323885e-15
1.7980757e-14
2.4411126e-14
2.6208556e-14
2.3073077e-14
1.5913492e-14
6.3120922e-15
)
;

boundaryField
{
    leftWall
    {
        type            calculated;
        value           uniform 0;
    }
    rightWall
    {
        type            calculated;
        value           uniform 0;
    }
    lowerWall
    {
        type            calculated;
        value           uniform 0;
    }
    atmosphere
    {
        type            calculated;
        value           uniform 0;
    }
    defaultFaces
    {
        type            empty;
    }
}


// ************************************************************************* //
