iteration,Cl,Cd
1.0,1.2127201728,1.1014241883
2.0,1.2823348773,0.83774412379
3.0,0.976640415,0.62128555458
4.0,0.38750483352,0.41630285227
5.0,-0.17375081665,0.24669014418
6.0,-0.49356873296,0.1342625417
7.0,-0.50580983383,0.079062025873
8.0,-0.26690730792,0.072521168693
9.0,0.063334649515,0.094219470452
10.0,0.33022260745,0.12070047883
11.0,0.44605917083,0.13464281624
12.0,0.40449811574,0.13147724183
13.0,0.25620440091,0.11331804899
14.0,0.095300222774,0.091013007671
15.0,-0.0036051755141,0.073422603065
16.0,-0.016059022684,0.064159904881
17.0,0.054153111277,0.063821770699
18.0,0.15524772813,0.067536056495
19.0,0.23550169385,0.070811673277
20.0,0.2704521931,0.071528834692
21.0,0.25377781714,0.068374817806
22.0,0.18882890667,0.060447099716
23.0,0.12701286399,0.053100882895
24.0,0.097951505506,0.049255178736
25.0,0.10483795121,0.048945850769
26.0,0.15273487365,0.052736699385
27.0,0.20869871652,0.056458067134
28.0,0.242788979,0.057487071636
29.0,0.2527348554,0.056317238654
30.0,0.23702313359,0.052888208452
31.0,0.19163977331,0.046798697215
32.0,0.14716316798,0.041412964158
33.0,0.13083704243,0.039451587643
34.0,0.14076680779,0.040513305068
35.0,0.18004373374,0.044427323984
36.0,0.2314585682,0.049169677258
37.0,0.26051118085,0.051167133248
38.0,0.26426251474,0.050423919366
39.0,0.24646547348,0.047714090277
40.0,0.2013518665,0.042603689269
41.0,0.16028104971,0.03750660556
42.0,0.14028873375,0.034986706599
43.0,0.14546948014,0.035371637
44.0,0.18087835852,0.038726234797
45.0,0.23369597991,0.04351943711
46.0,0.27001509406,0.047000808474
47.0,0.27808626905,0.047627658411
48.0,0.25849281645,0.045956578932
49.0,0.21720159239,0.041959459717
50.0,0.17568399226,0.036987569091
51.0,0.15030597982,0.033466964696
52.0,0.14676179062,0.032523122687
53.0,0.16800442557,0.034216232569
54.0,0.20995906224,0.038124537644
55.0,0.25685918032,0.043157704234
56.0,0.27685988574,0.045355623485
57.0,0.26981593766,0.045215490397
58.0,0.24275216598,0.042948166081
59.0,0.20149767884,0.038604917289
60.0,0.1654249982,0.033895897162
61.0,0.14870290634,0.031146640521
62.0,0.16215398367,0.031408181321
63.0,0.19604562747,0.034127433433
64.0,0.24257776224,0.039101908624
65.0,0.27904342958,0.043423580028
66.0,0.28291684365,0.04468825224
67.0,0.26233792831,0.043950461469
68.0,0.22808997382,0.040934368784
69.0,0.18919194472,0.036424070121
70.0,0.16163886029,0.03237048749
71.0,0.15688825371,0.030673463521
72.0,0.17731793943,0.031693419112
73.0,0.21430931859,0.034947598936
74.0,0.25508679676,0.039810450407
75.0,0.27709968848,0.043229362052
76.0,0.2703102345,0.043902385317
77.0,0.24932382064,0.042722933854
78.0,0.21915955412,0.039445056187
79.0,0.18893634287,0.035323996627
80.0,0.1701823343,0.031896997869
81.0,0.17396674046,0.03091390192
82.0,0.19718299589,0.032434484966
83.0,0.2323341911,0.035869907124
84.0,0.26631288667,0.040376177201
85.0,0.27834954917,0.043126430991
86.0,0.26673786049,0.043537863498
87.0,0.24241089948,0.041954324741
88.0,0.21333351646,0.038823075098
89.0,0.18680404499,0.034769385553
90.0,0.17366379369,0.031652371137
91.0,0.18229967781,0.031232320958
92.0,0.20722909684,0.033162160506
93.0,0.24105962742,0.036628623094
94.0,0.27138709661,0.04100379503
95.0,0.27553897492,0.042978937849
96.0,0.26277562954,0.043172194527
97.0,0.23829526905,0.041591807834
98.0,0.21351891537,0.038670671155
99.0,0.19453593306,0.035204825647
100.0,0.18646368203,0.032440682158
101.0,0.19719146401,0.032209327953
102.0,0.2229792945,0.034139962111
103.0,0.24995948184,0.037150221455
104.0,0.26829887227,0.040740736441
105.0,0.27057182541,0.042927720597
106.0,0.25561336922,0.043065283816
107.0,0.23243540613,0.04143554387
108.0,0.21761927466,0.038859365793
109.0,0.20369017145,0.035546848562
110.0,0.19687048209,0.032970262387
111.0,0.20798892232,0.032866122538
112.0,0.22986726731,0.034725567262
113.0,0.24900532279,0.037641793559
114.0,0.26441607842,0.041376615447
115.0,0.2640676997,0.043081474261
116.0,0.25306070437,0.043190823518
117.0,0.23820161714,0.041632326184
118.0,0.22669907758,0.039073940121
119.0,0.21815635967,0.036010379135
120.0,0.21336165498,0.033544225073
121.0,0.2201579271,0.033378196922
122.0,0.23206335038,0.035227361249
123.0,0.24252665632,0.038147109344
124.0,0.25338145718,0.041614378265
125.0,0.25170094904,0.043336569079
126.0,0.24377534327,0.043173775329
127.0,0.23514187901,0.041420893349
128.0,0.22969453139,0.038756734915
129.0,0.22738582592,0.035859297756
130.0,0.23219351364,0.033984845284
131.0,0.23901042952,0.034335875441
132.0,0.24534585782,0.03640427556
133.0,0.24871516116,0.039296724568
134.0,0.24663197623,0.042168165267
135.0,0.24028891379,0.043159894945
136.0,0.23586859121,0.042476934564
137.0,0.23299974193,0.040634961147
138.0,0.23322873139,0.03824856024
139.0,0.23763985466,0.036061482045
140.0,0.24512439959,0.035375476942
141.0,0.25130460898,0.036258822024
142.0,0.25355075146,0.03814305317
143.0,0.25065006695,0.040497829868
144.0,0.24363240589,0.042357327051
145.0,0.23680272374,0.04259252959
146.0,0.23038889419,0.041485147258
147.0,0.22915060573,0.039721860962
148.0,0.23269533729,0.03760022571
149.0,0.2399828525,0.03613481729
150.0,0.24909513969,0.03619795375
151.0,0.25613273389,0.0374916452
152.0,0.25796941023,0.039421059323
153.0,0.25433584594,0.04164654343
154.0,0.24452968781,0.042677236476
155.0,0.23592800511,0.042355692777
156.0,0.2319127883,0.041087124722
157.0,0.23273061933,0.039358203305
158.0,0.23766157243,0.037689761092
159.0,0.24513401526,0.036852263077
160.0,0.25364047009,0.037251746248
161.0,0.25721300118,0.038419087916
162.0,0.25630761606,0.039940899596
163.0,0.25188504452,0.041411934219
164.0,0.24388170846,0.042033660498
165.0,0.23680397741,0.04157819873
166.0,0.23423729358,0.040530513845
167.0,0.235594606,0.039230264785
168.0,0.24061619383,0.038087313887
169.0,0.24610078001,0.037626625027
170.0,0.25156080196,0.038132038694
171.0,0.25412807168,0.039169081785
172.0,0.25439068266,0.040559032927
173.0,0.25088228422,0.041446681569
174.0,0.24604632448,0.041652093256
175.0,0.24133730632,0.041197997232
176.0,0.23925279533,0.040357899712
177.0,0.24148309363,0.039384401828
178.0,0.24615157381,0.038650930871
179.0,0.25147020285,0.038547235745
180.0,0.25567903349,0.038979609798
181.0,0.25568527071,0.039720643033
182.0,0.25180199509,0.040551702085
183.0,0.24491685653,0.041217571142
184.0,0.23870790469,0.041309948657
185.0,0.23689554089,0.04091203996
186.0,0.23934873167,0.040293493776
187.0,0.24572989285,0.039628150667
188.0,0.25372373985,0.039156887016
189.0,0.25922140102,0.039158416586
190.0,0.25966429171,0.039539217006
191.0,0.25497510206,0.040123890048
192.0,0.24692092181,0.040744588266
193.0,0.23851359684,0.041101069178
194.0,0.23483566089,0.040998872885
195.0,0.23619930881,0.040615174356
196.0,0.24199510556,0.040133290367
197.0,0.24999222514,0.039720187188
198.0,0.25832288329,0.03951999777
199.0,0.26169921624,0.039676867997
200.0,0.25989872436,0.040044335209
201.0,0.24869118442,0.036998115013
202.0,0.23598610773,0.033110075097
203.0,0.22842514733,0.029793980064
204.0,0.23027203852,0.027760539481
205.0,0.2377023199,0.02726582222
206.0,0.24533397708,0.027955231966
207.0,0.2500856871,0.029205047611
208.0,0.25034421921,0.030351564064
209.0,0.2479467021,0.030917320786
210.0,0.24531351694,0.03083452022
211.0,0.24417498037,0.030288308943
212.0,0.24510889352,0.029594527791
213.0,0.24692318288,0.029046513112
214.0,0.24868999118,0.0287880205
215.0,0.24999804691,0.028797462805
216.0,0.25060257471,0.028962705654
217.0,0.25085999027,0.029134734232
218.0,0.2511351954,0.029208223867
219.0,0.25148249027,0.029145841988
220.0,0.25185534203,0.028965190063
221.0,0.2521872732,0.028728582591
222.0,0.25238787775,0.028503290791
223.0,0.25256338241,0.028327696631
224.0,0.25281538309,0.028209140938
225.0,0.25317881513,0.028131204468
226.0,0.25359327577,0.028065740872
227.0,0.25395103931,0.02798777756
228.0,0.25416136733,0.027882463335
229.0,0.2542257691,0.027749014803
230.0,0.25420405596,0.027593701153
231.0,0.25416448588,0.027426384963
232.0,0.25416705002,0.027255806483
233.0,0.25423416783,0.027090580976
234.0,0.25435211644,0.026935671651
235.0,0.25448672875,0.026793734828
236.0,0.25460201291,0.026662858952
237.0,0.25468173384,0.026539450622
238.0,0.25471510588,0.026416744153
239.0,0.25470241907,0.026289103503
240.0,0.25465289497,0.026151365783
241.0,0.25458093092,0.026003654648
242.0,0.25450600237,0.025848321798
243.0,0.25444687127,0.025691904954
244.0,0.25441017072,0.025540234125
245.0,0.25439555227,0.025399371992
246.0,0.2543971748,0.025271542568
247.0,0.25440559909,0.02515610951
248.0,0.25440461936,0.025047229237
249.0,0.25438188319,0.024938707403
250.0,0.25433184741,0.024823767111
251.0,0.2542589168,0.024699801658
252.0,0.2541761972,0.024567430931
253.0,0.25410752859,0.024433161333
254.0,0.25406994227,0.024304431082
255.0,0.25407307174,0.024188929071
256.0,0.25411068493,0.024088906079
257.0,0.25416136183,0.024003198908
258.0,0.25419905998,0.023924225789
259.0,0.25420531276,0.023843578907
260.0,0.25418081475,0.023754005152
261.0,0.25414118492,0.023653627868
262.0,0.25410587137,0.023545243532
263.0,0.25409813565,0.023437494887
264.0,0.25412878766,0.023339330644
265.0,0.25419289414,0.023258487449
266.0,0.25428140858,0.023195953603
267.0,0.25437199723,0.023147315131
268.0,0.2544508555,0.023102437517
269.0,0.25450956333,0.023050869379
270.0,0.25454323349,0.022984420373
271.0,0.2545592632,0.022902624727
272.0,0.25457231581,0.022811848555
273.0,0.25459970573,0.022724639833
274.0,0.25466111085,0.02265327705
275.0,0.25476191644,0.02260642094
276.0,0.25490255205,0.02258223653
277.0,0.25505486921,0.022570615316
278.0,0.25518491265,0.022554882278
279.0,0.25525955976,0.0225199988
280.0,0.25527825995,0.022458779578
281.0,0.25526394945,0.022376717208
282.0,0.25526734904,0.022290200432
283.0,0.25532701567,0.022219185176
284.0,0.25545711089,0.022179143322
285.0,0.25564649202,0.022173865344
286.0,0.25584909665,0.022190771498
287.0,0.25601342025,0.022208267566
288.0,0.25610027406,0.022201767457
289.0,0.25610214552,0.022156996156
290.0,0.25605291217,0.022074834981
291.0,0.25601065844,0.021975244058
292.0,0.25603265387,0.021885753042
293.0,0.2561508914,0.021833414889
294.0,0.25636099636,0.021829615135
295.0,0.25660773914,0.021865791918
296.0,0.25682712271,0.021913771375
297.0,0.25695461328,0.021939002732
298.0,0.25696138177,0.021913773985
299.0,0.25687444457,0.021831900196
300.0,0.25676611613,0.021712499941
301.0,0.25671217164,0.021592794198
302.0,0.25678175492,0.021512609551
303.0,0.25699061202,0.021498191117
304.0,0.25728591355,0.021545929683
305.0,0.25757266168,0.021624104046
306.0,0.25776291631,0.021685761474
307.0,0.25778872021,0.021688718417
308.0,0.25766649436,0.021614258051
309.0,0.25748459411,0.021478172314
310.0,0.25735769142,0.021324692959
311.0,0.25737413317,0.021209951175
312.0,0.25756864322,0.021174220765
313.0,0.25790304483,0.021225567111
314.0,0.25826636318,0.021330987338
315.0,0.25853355681,0.021433768616
316.0,0.25860226434,0.021473990032
317.0,0.258458285,0.021419113444
318.0,0.25819853384,0.021277227987
319.0,0.25796748352,0.021097820859
320.0,0.25790128824,0.020947670156
321.0,0.25806664721,0.02088482436
322.0,0.25842995509,0.020928500677
323.0,0.25886996724,0.021050782414
324.0,0.25922841241,0.021187839153
325.0,0.25936537253,0.021267284331
326.0,0.25923923695,0.021241061048
327.0,0.25893169239,0.021107672169
328.0,0.25861937476,0.020914379721
329.0,0.25846643587,0.020736535859
330.0,0.25857177843,0.020643707698
331.0,0.2589228608,0.020669662938
332.0,0.25940228459,0.020793920212
333.0,0.25982506451,0.020952972468
334.0,0.26002971969,0.021066184441
335.0,0.25994252939,0.021073439199
336.0,0.25963893528,0.020961516597
337.0,0.25929038034,0.020770591481
338.0,0.2590831197,0.020575901705
339.0,0.25913210082,0.020456540224
340.0,0.25945152582,0.020458184253
341.0,0.25992286043,0.020572273096
342.0,0.26037828298,0.020739391426
343.0,0.26063073738,0.020876431454
344.0,0.26058989675,0.020913788053
345.0,0.26030568317,0.020827781636
346.0,0.25993469281,0.020649265236
347.0,0.25966887351,0.020449994067
348.0,0.25964828127,0.020311530532
349.0,0.25991445261,0.020288875745
350.0,0.26037256799,0.020384294401
351.0,0.26084490366,0.020547390701
352.0,0.26114534051,0.020696776821
353.0,0.26116624751,0.020758737017
354.0,0.26092155603,0.020699169282
355.0,0.26055040842,0.020539181909
356.0,0.26024921804,0.020344162654
357.0,0.26017421839,0.020195360895
358.0,0.26038160655,0.020151450762
359.0,0.26079400764,0.020225386788
360.0,0.2612576156,0.02037601518
361.0,0.26158293043,0.020528355233
362.0,0.26164535809,0.020606790371
363.0,0.26144334335,0.020571263824
364.0,0.2610974237,0.020432190954
365.0,0.26078662816,0.020246881522
366.0,0.26067025939,0.020092858223
367.0,0.26081968414,0.020033944355
368.0,0.26118305827,0.020088458604
369.0,0.26163079562,0.020224660966
370.0,0.26198386994,0.020374044671
371.0,0.26209695509,0.020462811864
372.0,0.26194232942,0.020446695227
373.0,0.26162319534,0.020328529937
374.0,0.26130645427,0.020156852011
375.0,0.26115011196,0.020004234803
376.0,0.26124445851,0.019933388994
377.0,0.26155966813,0.019969388144
378.0,0.26197513942,0.020088486196
379.0,0.26232635,0.020230838
380.0,0.26247017956,0.020325088031
381.0,0.26235666686,0.020324712774
382.0,0.26206787263,0.02022510065
383.0,0.26176164294,0.020067958694
384.0,0.26159231502,0.019920146079
385.0,0.26165378155,0.019842390411
386.0,0.2619397202,0.019863932594
387.0,0.2623319743,0.019969503682
388.0,0.26267607777,0.020103918355
389.0,0.26283257383,0.020201750346
390.0,0.26275107694,0.02021349058
391.0,0.26248722716,0.020130077698
392.0,0.26218200246,0.019985735072
393.0,0.26199532862,0.019842050494
394.0,0.26202479491,0.019759435337
395.0,0.2622751698,0.019770862032
396.0,0.26264709175,0.019864545825
397.0,0.26299852844,0.019993766897
398.0,0.26317521418,0.020093309229
399.0,0.26312757814,0.020114140797
400.0,0.26289850278,0.020043240786
401.0,0.26261755438,0.019910660126
402.0,0.26242247874,0.019771670156
403.0,0.26242499235,0.01968709691
404.0,0.26263035008,0.019688450578
405.0,0.26295809926,0.019771181724
406.0,0.26328201019,0.01989211329
407.0,0.26347375202,0.019991918562
408.0,0.26345815532,0.020020539194
409.0,0.26326152198,0.019962136988
410.0,0.2629968965,0.019841061584
411.0,0.26280477869,0.019708746626
412.0,0.26278623747,0.019622496433
413.0,0.26296234619,0.019616582363
414.0,0.26326544008,0.019690220025
415.0,0.26357083556,0.01980489209
416.0,0.26375367701,0.019903372594
417.0,0.2637442221,0.019938320022
418.0,0.26356466614,0.019892730341
419.0,0.26331398478,0.019781702785
420.0,0.26312349012,0.019655104936
421.0,0.263082356,0.019566281173
422.0,0.2632275506,0.019555211742
423.0,0.26350258578,0.019619691613
424.0,0.26381028073,0.019730187104
425.0,0.26401091909,0.01982711335
426.0,0.26402661599,0.019869680626
427.0,0.26387351813,0.019829925815
428.0,0.26363468154,0.0197287708
429.0,0.26343259474,0.019603748376
430.0,0.26337329229,0.019516232917
431.0,0.26349010319,0.019497900133
432.0,0.26375649129,0.019557594877
433.0,0.26405330595,0.019659255969
434.0,0.26427592529,0.01975817864
435.0,0.26430699127,0.019805062967
436.0,0.26417067863,0.019777968119
437.0,0.26393962232,0.019685230676
438.0,0.26374010537,0.019568609427
439.0,0.26366161072,0.019479786587
440.0,0.26377135897,0.019456479459
441.0,0.26400522674,0.019508161258
442.0,0.26427738886,0.019607602095
443.0,0.2644672046,0.019709186648
444.0,0.26450507153,0.019763456334
445.0,0.26438049842,0.019745647546
446.0,0.26417028176,0.019660162717
447.0,0.26397539941,0.019551539831
448.0,0.26390796472,0.01946143224
449.0,0.2640165562,0.019435893373
450.0,0.26426402837,0.019477913158
451.0,0.2645564812,0.0195735415
452.0,0.26477688167,0.019671602978
453.0,0.26483735139,0.019731959547
454.0,0.26472977533,0.01971964249
455.0,0.26450720288,0.019644987308
456.0,0.26429945376,0.019536719747
457.0,0.26420074533,0.019446375958
458.0,0.26427753593,0.019415196533
459.0,0.26449161541,0.019455553882
460.0,0.26476527057,0.01954976651
461.0,0.26497609893,0.019652042435
462.0,0.26505069208,0.019715065462
463.0,0.26495787028,0.019708308105
464.0,0.26475581164,0.019637555919
465.0,0.26456450386,0.01953264018
466.0,0.26445858678,0.019444039287
467.0,0.26451252635,0.019409229821
468.0,0.26469886528,0.019446016072
469.0,0.26497033429,0.019535184867
470.0,0.26517986787,0.019639240764
471.0,0.26525018275,0.019706657605
472.0,0.26515699523,0.01971107431
473.0,0.26498364763,0.019643660201
474.0,0.26479419288,0.019544260738
475.0,0.2646894477,0.019454376848
476.0,0.26470455121,0.019420554844
477.0,0.26488132434,0.019448679764
478.0,0.26512113122,0.019533836205
479.0,0.26533903995,0.019632227787
480.0,0.26542377587,0.01970328139
481.0,0.26537189723,0.019709554566
482.0,0.26518886756,0.019651052648
483.0,0.26500068171,0.019553270874
484.0,0.26488910581,0.019460613963
485.0,0.26491193701,0.019415585673
486.0,0.26505719673,0.019437687498
487.0,0.26526832546,0.019518447309
488.0,0.26545709299,0.019615020485
489.0,0.26554502082,0.01968767379
490.0,0.26548977234,0.019696950939
491.0,0.26531248669,0.019643972159
492.0,0.26511071816,0.01954676267
493.0,0.26498032496,0.019452727297
494.0,0.26498667348,0.019401616711
495.0,0.26512904299,0.019419889281
496.0,0.26534311526,0.01949522646
497.0,0.2655411987,0.0195956778
498.0,0.26561084712,0.019670095676
499.0,0.2655097717,0.019687869889
500.0,0.26529266377,0.019638742637
501.0,0.26506080701,0.01954567904
502.0,0.26491035488,0.01944882297
503.0,0.26491005342,0.019394330824
504.0,0.26504905629,0.019407908725
505.0,0.26526041551,0.019481794667
506.0,0.26545742596,0.019582471081
507.0,0.2655435436,0.019664942984
508.0,0.26547864723,0.019691553141
509.0,0.26528014643,0.019650909483
510.0,0.2650537113,0.019561418725
511.0,0.26487882129,0.019462763226
512.0,0.26483803856,0.019405340118
513.0,0.26493062699,0.019412020297
514.0,0.26513168509,0.01948270879
515.0,0.26533486944,0.019581640129
516.0,0.26544785966,0.019668205941
517.0,0.26539254939,0.019701079768
518.0,0.26521376716,0.019666658871
519.0,0.26498125282,0.019578422101
520.0,0.26481274255,0.019481038192
521.0,0.26476600411,0.019417316533
522.0,0.26488778661,0.019418759285
523.0,0.26509775342,0.019484400859
524.0,0.26530970076,0.019585268804
525.0,0.26541877647,0.019673627479
526.0,0.26539254725,0.019706990969
527.0,0.26522165974,0.019672949005
528.0,0.26497762269,0.019586964894
529.0,0.26476306615,0.019487545303
530.0,0.2646901053,0.019421881029
531.0,0.26478154449,0.019418086049
532.0,0.26499166617,0.019480251533
533.0,0.26521589145,0.019577277308
534.0,0.26535601771,0.019667103675
535.0,0.26532468256,0.019707277919
536.0,0.26513747916,0.019679529294
537.0,0.26487580378,0.019596637005
538.0,0.26465946329,0.019497165412
539.0,0.26457240703,0.019425666896
540.0,0.26465244538,0.019414325984
541.0,0.26484395226,0.019471218142
542.0,0.26506080704,0.01956857313
543.0,0.26519036578,0.01966139055
544.0,0.26517315653,0.019706544999
545.0,0.2650122151,0.019686585842
546.0,0.26477043894,0.019608609079
547.0,0.26454726737,0.019507564733
548.0,0.26444570328,0.019429997783
549.0,0.26450862087,0.019413161477
550.0,0.26468485265,0.019464489911
551.0,0.26488557971,0.019559143485
552.0,0.26500909706,0.019653147305
553.0,0.26499740159,0.019704471453
554.0,0.26483183611,0.019690206152
555.0,0.26456455744,0.019616158881
556.0,0.2643230074,0.019515537631
557.0,0.26420353463,0.01943443045
558.0,0.26425133939,0.019411930619
559.0,0.26442806411,0.019458655128
560.0,0.26466484382,0.019552582992
561.0,0.26484184413,0.019650353474
562.0,0.2648668884,0.019708828637
563.0,0.2647170621,0.019700190417
564.0,0.26446745878,0.019628585547
565.0,0.26420494444,0.019526064002
566.0,0.26404575664,0.01944095147
567.0,0.26405110064,0.019411422769
568.0,0.26421976561,0.01945130667
569.0,0.26444570821,0.01954242021
570.0,0.26463000256,0.019643688593
571.0,0.26465603864,0.019707234823
572.0,0.26452312207,0.019704490254
573.0,0.26428026728,0.019636703673
574.0,0.26403915232,0.01953465361
575.0,0.26388906303,0.019444370732
576.0,0.26389923158,0.019407742462
577.0,0.26404383288,0.019441748123
578.0,0.26425011692,0.019529607763
579.0,0.26442241569,0.019630545437
580.0,0.2644593948,0.019696717545
581.0,0.2643318046,0.019698849097
582.0,0.26409527671,0.019634408304
583.0,0.26384684813,0.019533469178
584.0,0.26369224034,0.019440541451
585.0,0.2636858905,0.019398526873
586.0,0.26381871699,0.019426283382
587.0,0.26402287747,0.01951047467
588.0,0.2641901709,0.01961079131
589.0,0.26423006624,0.019681455953
590.0,0.26411052502,0.019688354461
591.0,0.26387153312,0.019628637278
592.0,0.26360747515,0.01952722415
593.0,0.26343572774,0.019431713958
594.0,0.26341309172,0.019384289761
595.0,0.26353883102,0.019406648584
596.0,0.2637359062,0.01948748336
597.0,0.263910697,0.019588999574
598.0,0.2639625415,0.01966333614
599.0,0.26385831819,0.019676348877
600.0,0.26363161654,0.01962109965
601.0,0.26337238689,0.019521871099
602.0,0.26317943173,0.019423410417
603.0,0.26313625771,0.019369919597
604.0,0.26324975047,0.019384570374
605.0,0.26345540065,0.019459809642
606.0,0.26364626441,0.019560507046
607.0,0.26372198903,0.0196384772
608.0,0.26362991559,0.019656415394
609.0,0.26340886553,0.019605613843
610.0,0.26314130314,0.019507088508
611.0,0.26293518354,0.019405916263
612.0,0.26287095609,0.019345833771
613.0,0.26296671767,0.01935408647
614.0,0.26316568345,0.019424682636
615.0,0.26337467949,0.019524893433
616.0,0.26347364622,0.019606614973
617.0,0.2633970157,0.019631304543
618.0,0.26316977251,0.019585291938
619.0,0.26289385752,0.019488396328
620.0,0.26268254948,0.019383162529
621.0,0.2626129375,0.019316350534
622.0,0.2627030702,0.019316672237
623.0,0.26290323329,0.019382110157
624.0,0.26309454262,0.019482172767
625.0,0.26318368245,0.019567009194
626.0,0.2631116898,0.019599008515
627.0,0.26289933352,0.019558511423
628.0,0.26261949822,0.019465660815
629.0,0.26239481845,0.019358709986
630.0,0.2622953106,0.019289604719
631.0,0.26237802363,0.019281934241
632.0,0.26257382796,0.019342022744
633.0,0.26278837111,0.019436830084
634.0,0.26289758048,0.019523236641
635.0,0.26284742783,0.019557374263
636.0,0.26265046223,0.019522358371
637.0,0.26237966496,0.019430368136
638.0,0.26214407262,0.019322863311
639.0,0.26203184237,0.019245466692
640.0,0.26208474317,0.019231213929
641.0,0.26227147294,0.01928377807
642.0,0.2624875552,0.019376439943
643.0,0.26262209869,0.019464023417
644.0,0.26259838975,0.019504138155
645.0,0.26241702237,0.01947501316
646.0,0.26214464662,0.019388153296
647.0,0.26189799627,0.019280482048
648.0,0.26177082487,0.019198633375
649.0,0.26179690432,0.019179438244
650.0,0.26194559787,0.01922958584
651.0,0.26213633022,0.019321436159
652.0,0.26225723,0.01941451044
653.0,0.26223944579,0.019460712726
654.0,0.26207194276,0.019439550904
655.0,0.26182288393,0.019357245177
656.0,0.26158811885,0.019251825067
657.0,0.26147082776,0.01916576974
658.0,0.26151945438,0.019140124824
659.0,0.26170983594,0.019179934011
660.0,0.26192595094,0.019268737503
661.0,0.26206323279,0.019358260774
662.0,0.26205437311,0.019408986469
663.0,0.26188949097,0.019390503045
664.0,0.26164078245,0.019311824549
665.0,0.26141025876,0.019203798236
666.0,0.26129477078,0.019115424047
667.0,0.26132738407,0.019082268402
668.0,0.26147732778,0.019119436643
669.0,0.26167432956,0.019203737013
670.0,0.26182234496,0.019296276294
671.0,0.26184590049,0.019348931665
672.0,0.26172221857,0.019335362976
673.0,0.26148991851,0.019259596042
674.0,0.26125602152,0.019152733339
675.0,0.26109409163,0.019063802135
676.0,0.2610834482,0.019027600486
677.0,0.26119618949,0.019064078884
678.0,0.26140745793,0.019147103502
679.0,0.26156717081,0.019245357886
680.0,0.2616414556,0.019303528663
681.0,0.26154710788,0.019299116639
682.0,0.26133291062,0.019229002258
683.0,0.26110068578,0.019124642632
684.0,0.26094725975,0.019031165847
685.0,0.26092895001,0.01899106476
686.0,0.2610639603,0.019018181282
687.0,0.26126374332,0.019099836891
688.0,0.26144393208,0.019194725058
689.0,0.26149573172,0.019260235105
690.0,0.26138714807,0.019261322191
691.0,0.26116067602,0.019195239194
692.0,0.26091598206,0.019090987755
693.0,0.26075243926,0.01899462192
694.0,0.26074568717,0.018949215979
695.0,0.26088518276,0.018971121524
696.0,0.26110464127,0.019050571362
697.0,0.2613192363,0.01914797677
698.0,0.26139594112,0.019219194184
699.0,0.26131996723,0.01922750701
700.0,0.2611050851,0.019172155517
701.0,0.26089434854,0.019075396472
702.0,0.26074219632,0.018984336607
703.0,0.26074083036,0.018938289735
704.0,0.26086737344,0.018958133172
705.0,0.26108340263,0.019035685316
706.0,0.26128100079,0.019133151556
707.0,0.26137143344,0.01920851323
708.0,0.26130824443,0.019221296908
709.0,0.26111402266,0.019172260827
710.0,0.2608929976,0.019077620606
711.0,0.26073160474,0.018983335288
712.0,0.26070977451,0.018926469539
713.0,0.26083315567,0.018936166126
714.0,0.26104334692,0.019003774632
715.0,0.26123198722,0.019099994417
716.0,0.26130932609,0.019172224315
717.0,0.26123261873,0.019193864552
718.0,0.26103963439,0.01914701831
719.0,0.26081305087,0.019055337138
720.0,0.26066354916,0.018954338759
721.0,0.26063542007,0.018895473657
722.0,0.26075133636,0.018901959664
723.0,0.26093990638,0.018971704367
724.0,0.26114608979,0.019071473815
725.0,0.26125484562,0.019156735983
726.0,0.2612236373,0.019185276028
727.0,0.26106161647,0.019150498211
728.0,0.26086615806,0.01906397724
729.0,0.26070563854,0.018968705003
730.0,0.26066511325,0.018905954229
731.0,0.26075215694,0.018909632011
732.0,0.26095435935,0.018974319702
733.0,0.26116108481,0.019075045978
734.0,0.26128642188,0.019159446717
735.0,0.26125063927,0.01919775289
736.0,0.26108964783,0.019163781799
737.0,0.2608636601,0.01907975084
738.0,0.26070522465,0.018976032159
739.0,0.26067065338,0.018906596275
740.0,0.26078179028,0.018900061247
741.0,0.26097770238,0.018956495265
742.0,0.2611682065,0.019047100361
743.0,0.26128773574,0.019133505609
744.0,0.26124792377,0.019168112344
745.0,0.26108824964,0.019138817984
746.0,0.26083835098,0.019052169066
747.0,0.26065125141,0.018955684208
748.0,0.26056961124,0.018880960798
749.0,0.26066692782,0.018870121149
750.0,0.26088269902,0.018922834487
751.0,0.26112144354,0.01902090456
752.0,0.26126958845,0.019109885751
753.0,0.26126417261,0.01915450829
754.0,0.26108986789,0.019130011374
755.0,0.26083262384,0.019053937696
756.0,0.26060001244,0.018950612404
757.0,0.2605014744,0.018875708726
758.0,0.26057748983,0.018856623472
759.0,0.26078124546,0.018908404884
760.0,0.26102370605,0.019001991003
761.0,0.26119050698,0.019099362353
762.0,0.26120866511,0.019151959632
763.0,0.26104655698,0.019139587548
764.0,0.26080958325,0.019065769046
765.0,0.26059783479,0.018970375807
766.0,0.26050030508,0.018891728433
767.0,0.26057330628,0.01887127573
768.0,0.26079484762,0.018916322709
769.0,0.26104835507,0.019012212152
770.0,0.26122541172,0.019111786363
771.0,0.26124332581,0.019173502773
772.0,0.26110439246,0.019167853006
773.0,0.26088231566,0.019100915506
774.0,0.26066401858,0.019000131498
775.0,0.26056892001,0.018917697258
776.0,0.26061519504,0.018885609728
777.0,0.26081781145,0.018926546818
778.0,0.26106484904,0.019015521711
779.0,0.26128008721,0.019116637029
780.0,0.26132896202,0.019179539863
781.0,0.2612284716,0.019179928906
782.0,0.26100015137,0.019115740279
783.0,0.26077750079,0.019017953649
784.0,0.2606412924,0.018929771886
785.0,0.26067229936,0.018895236431
786.0,0.26085537661,0.018929259116
787.0,0.26111126479,0.019017393955
788.0,0.261326784,0.019118975351
789.0,0.26140174624,0.019188678549
790.0,0.26130910175,0.019193452983
791.0,0.26110130268,0.019133341859
792.0,0.26087951963,0.019035476802
793.0,0.26074907951,0.018945318261
794.0,0.26076485413,0.018904694823
795.0,0.26092874607,0.018932873603
796.0,0.26116091402,0.01901622841
797.0,0.26134656087,0.01911862272
798.0,0.26140568829,0.019191675272
799.0,0.26132523411,0.01920395559
800.0,0.26111360733,0.019149729756
801.0,0.26087488202,0.019056908941
802.0,0.26072571618,0.018964809716
803.0,0.26074335418,0.018917690354
804.0,0.2608996428,0.018938444574
805.0,0.2611289879,0.019018981455
806.0,0.26132701088,0.019120882893
807.0,0.26140738675,0.019199031959
808.0,0.2613258721,0.019217145331
809.0,0.26112238461,0.019168724754
810.0,0.2608884897,0.019076690376
811.0,0.26073131482,0.018983399647
812.0,0.2607163691,0.018931433429
813.0,0.2608513807,0.018946447795
814.0,0.26107621709,0.019022807409
815.0,0.26128787047,0.019125076838
816.0,0.26138687246,0.019207726103
817.0,0.26132889889,0.019232885468
818.0,0.26115733106,0.019190687003
819.0,0.26094046868,0.019100650931
820.0,0.26078002509,0.019004990172
821.0,0.26075804125,0.018948263398
822.0,0.26087948827,0.018957103712
823.0,0.26109089207,0.019029113463
824.0,0.26129246233,0.019131645384
825.0,0.2613856938,0.019217710674
826.0,0.2613226749,0.019247308302
827.0,0.26113521948,0.01920997218
828.0,0.26090060112,0.019122712377
829.0,0.26072913625,0.019025333815
830.0,0.26068579827,0.018963127396
831.0,0.26080082914,0.018966268484
832.0,0.26102389626,0.019032519299
833.0,0.26125595151,0.019133296991
834.0,0.26138020121,0.019221161782
835.0,0.26134898641,0.019257760477
836.0,0.26117562505,0.019226223553
837.0,0.26094354848,0.019141680459
838.0,0.26075384077,0.01904295873
839.0,0.26069121115,0.018976033535
840.0,0.26078403613,0.01897088296
841.0,0.26098279843,0.019031205303
842.0,0.26119274728,0.019128739128
843.0,0.26132300686,0.019219560314
844.0,0.26129816964,0.019261462487
845.0,0.26113321646,0.019236258605
846.0,0.26090169014,0.01915439353
847.0,0.26070293519,0.019053540664
848.0,0.26062683271,0.018980685258
849.0,0.26070567127,0.01896914246
850.0,0.26089087811,0.019023449792
851.0,0.26110120105,0.019119111063
852.0,0.26123310523,0.019211609935
853.0,0.26122152311,0.019257944318
854.0,0.26107314921,0.019236330361
855.0,0.26084928992,0.019156851516
856.0,0.26064643534,0.019055390288
857.0,0.26054892763,0.018977140493
858.0,0.26060277221,0.018958017806
859.0,0.260780666,0.019006374527
860.0,0.26099553832,0.019098591753
861.0,0.26114177964,0.019191736962
862.0,0.26113534526,0.019241814668
863.0,0.2609782485,0.019225192184
864.0,0.26073717799,0.019148927771
865.0,0.26051976325,0.019046723257
866.0,0.26041891034,0.01896486864
867.0,0.26047693417,0.018940045458
868.0,0.26065639848,0.01898272947
869.0,0.26087323236,0.019071881428
870.0,0.26103148205,0.019166184254
871.0,0.26105176372,0.019220412592
872.0,0.26091735726,0.019208397429
873.0,0.26068334103,0.019134010074
874.0,0.26045336269,0.019030276488
875.0,0.26032578009,0.018943628764
876.0,0.26035383723,0.018912344259
877.0,0.2605073046,0.018949798359
878.0,0.26071555865,0.019036997891
879.0,0.26088325064,0.019132854692
880.0,0.26091428658,0.019191123383
881.0,0.260790739,0.019185519565
882.0,0.26056757012,0.019116698648
883.0,0.26033492536,0.019015377828
884.0,0.26018724601,0.018925671886
885.0,0.26018394542,0.018890000773
886.0,0.26032752344,0.018921196932
887.0,0.26054103367,0.019006272154
888.0,0.2607248227,0.019101188579
889.0,0.26077292927,0.019165126681
890.0,0.26066717407,0.019162671656
891.0,0.26044441881,0.0190963269
892.0,0.26021763829,0.018992243321
893.0,0.26007333743,0.018899409776
894.0,0.26007696188,0.018856381843
895.0,0.26021322677,0.018882402863
896.0,0.26042558449,0.018961728505
897.0,0.26060606572,0.019057800987
898.0,0.26066191651,0.019123129488
899.0,0.26055998641,0.019129111793
900.0,0.26034495625,0.019068341658
901.0,0.26010269662,0.018967890219
902.0,0.25994238946,0.018871382455
903.0,0.25992939021,0.018822740064
904.0,0.26006570512,0.018842054264
905.0,0.26027591713,0.018920118574
906.0,0.26045265136,0.019017811618
907.0,0.26051365832,0.019090066322
908.0,0.2604093022,0.019103304411
909.0,0.26020120591,0.019048194106
910.0,0.25995819568,0.018951132934
911.0,0.25981060886,0.018853511215
912.0,0.25979852155,0.018800715499
913.0,0.25993832535,0.018813885141
914.0,0.26015978411,0.018885565847
915.0,0.26034506156,0.018981530345
916.0,0.26041610193,0.01905441216
917.0,0.26032590747,0.019071515493
918.0,0.26012132425,0.019019619883
919.0,0.25987959783,0.018925521677
920.0,0.25971803947,0.018826427978
921.0,0.25968435919,0.0187706174
922.0,0.2598045662,0.018778286442
923.0,0.26001678982,0.018847538238
924.0,0.26022015934,0.018942213077
925.0,0.26030148195,0.019020485629
926.0,0.26023345628,0.019040207353
927.0,0.26003220853,0.018993298017
928.0,0.25978720438,0.018897016443
929.0,0.25958966771,0.01879838861
930.0,0.25953671276,0.018736848763
931.0,0.25965263724,0.018743815063
932.0,0.25987204828,0.018814609972
933.0,0.26009999801,0.018915405596
934.0,0.26021387339,0.019000599601
935.0,0.26018010019,0.019028074507
936.0,0.25998543771,0.018985482858
937.0,0.25974898473,0.01888919502
938.0,0.25954607046,0.018787406264
939.0,0.25948339958,0.018721257943
940.0,0.259580318,0.018721829803
941.0,0.25980347231,0.018784909246
942.0,0.26003517282,0.018883673314
943.0,0.26017065842,0.018967801421
944.0,0.26013536814,0.019000150597
945.0,0.25993690656,0.01896263372
946.0,0.2596737572,0.018871983699
947.0,0.25946045285,0.01876498024
948.0,0.25938875904,0.018693250056
949.0,0.25947136149,0.018685688198
950.0,0.259678087,0.018746863884
951.0,0.25991897751,0.018847297345
952.0,0.26007415869,0.018935668441
953.0,0.26006537063,0.018976532798
954.0,0.25991612358,0.018946859609
955.0,0.2596810841,0.01886440294
956.0,0.25949378234,0.018763896149
957.0,0.25940403449,0.01869342825
958.0,0.25948421186,0.018683737404
959.0,0.2596683935,0.018742747828
960.0,0.25989153936,0.018840856864
961.0,0.26004158297,0.018933316954
962.0,0.26004506564,0.018976152741
963.0,0.25988281228,0.01895319358
964.0,0.25964523743,0.018874090456
965.0,0.2594205961,0.018772862252
966.0,0.25932545457,0.018694132765
967.0,0.2593796649,0.01867402447
968.0,0.25957745918,0.018719927816
969.0,0.25978880042,0.018809573253
970.0,0.25994338281,0.018901074293
971.0,0.25994793537,0.018950021208
972.0,0.25981819541,0.018932678275
973.0,0.2595955604,0.018856746403
974.0,0.25940294331,0.01875432975
975.0,0.25930783712,0.018674174991
976.0,0.25935897648,0.01865211158
977.0,0.25952153539,0.018695786345
978.0,0.25972130879,0.018788056989
979.0,0.25986692958,0.018883988235
980.0,0.25989222677,0.018943536546
981.0,0.25980231195,0.018934309077
982.0,0.2596293515,0.018867993784
983.0,0.25947595452,0.018770999647
984.0,0.2593731071,0.018692755853
985.0,0.25941927556,0.018665650278
986.0,0.25954349009,0.018707080871
987.0,0.25974776123,0.018794724261
988.0,0.25990262499,0.018893578844
989.0,0.25996145619,0.018952010803
990.0,0.25987089415,0.018950865953
991.0,0.25968829889,0.018884242859
992.0,0.25948999508,0.018788534248
993.0,0.25937738994,0.018698420231
994.0,0.25940208124,0.018663566117
995.0,0.25955581674,0.018693536385
996.0,0.25976907812,0.018779235529
997.0,0.25992457144,0.018871988415
998.0,0.25996525648,0.018934952053
999.0,0.25986659673,0.018932381066
1000.0,0.25967415788,0.018871475591
1001.0,0.25945393972,0.018773451354
1002.0,0.25933116615,0.018686361926
1003.0,0.25935554602,0.018645612356
1004.0,0.25953632499,0.018673791153
1005.0,0.25977488504,0.018753553054
1006.0,0.25997824064,0.018851677252
1007.0,0.2600298106,0.018919891773
1008.0,0.25993998957,0.018929367891
1009.0,0.25971373722,0.018873464619
1010.0,0.25948350769,0.01877780837
1011.0,0.25933174388,0.018687532905
1012.0,0.25934265891,0.018643358034
1013.0,0.25948571316,0.018668955627
1014.0,0.25970993464,0.018747952467
1015.0,0.25990762075,0.018847790887
1016.0,0.25999627937,0.018922419438
1017.0,0.25992953367,0.018941086859
1018.0,0.25974886878,0.0188928863
1019.0,0.25953805955,0.01880257808
1020.0,0.25939895751,0.018713273928
1021.0,0.25939453046,0.018669111905
1022.0,0.2595464798,0.018689828025
1023.0,0.25976718832,0.018767697328
1024.0,0.25996125633,0.018868077598
1025.0,0.26006017785,0.018949438024
1026.0,0.26000792504,0.018969551954
1027.0,0.25983776243,0.018924793212
1028.0,0.25962303089,0.018835204298
1029.0,0.25946954899,0.01874480918
1030.0,0.25942924854,0.018691346387
1031.0,0.25955271292,0.018704680445
1032.0,0.25976484898,0.018775118075
1033.0,0.25998942782,0.018876666043
1034.0,0.2600996326,0.018957973822
1035.0,0.26007038207,0.018985593577
1036.0,0.25990947994,0.018945176369
1037.0,0.2597177538,0.018859734345
1038.0,0.25956033387,0.018766086695
1039.0,0.25953315045,0.018710040564
1040.0,0.25961906905,0.018717392749
1041.0,0.25980625986,0.018788481623
1042.0,0.25999888963,0.018887197774
1043.0,0.26012501308,0.018970785667
1044.0,0.26010540417,0.019001674969
1045.0,0.25997236183,0.018966872332
1046.0,0.25976600774,0.018883035721
1047.0,0.25961879296,0.018788690622
1048.0,0.2595903678,0.018728767109
1049.0,0.25970360607,0.018730146637
1050.0,0.25990162739,0.018794208583
1051.0,0.26011065001,0.018890299455
1052.0,0.2602327348,0.018976897544
1053.0,0.26021706426,0.01901346263
1054.0,0.26007607313,0.018986723657
1055.0,0.25986789194,0.018907496279
1056.0,0.2596902874,0.018814520253
1057.0,0.25963429558,0.018748924086
1058.0,0.25972613455,0.018745170348
1059.0,0.25992528176,0.018804832534
1060.0,0.26014304361,0.018902597602
1061.0,0.26027500142,0.018992977545
1062.0,0.26026911887,0.019035713028
1063.0,0.26012428494,0.019011816282
1064.0,0.25992749138,0.018934974131
1065.0,0.25974875426,0.018840022228
1066.0,0.25968227022,0.018771533395
1067.0,0.25974945629,0.018761915564
1068.0,0.25992931247,0.018816158144
1069.0,0.26013814491,0.018911995853
1070.0,0.26028850437,0.019005321226
1071.0,0.26029519103,0.019054527144
1072.0,0.26015785335,0.019037833891
1073.0,0.25994365875,0.018964144021
1074.0,0.25975793985,0.018868160588
1075.0,0.25967540345,0.018795130931
1076.0,0.25976011131,0.018778912219
1077.0,0.25995886737,0.018827451147
1078.0,0.26017884182,0.018919897579
1079.0,0.26032634644,0.019014400108
1080.0,0.26033886562,0.019067284917
1081.0,0.26019841134,0.019056479171
1082.0,0.25997551564,0.018987366004
1083.0,0.25975935991,0.018892505563
1084.0,0.25965190129,0.018815795219
1085.0,0.25970460701,0.018793172367
1086.0,0.25988790132,0.018836279649
1087.0,0.26012369199,0.018925408238
1088.0,0.26031433827,0.019020571982
1089.0,0.26035817206,0.01907831009
1090.0,0.26024162062,0.019072890666
1091.0,0.26001429043,0.019005933922
1092.0,0.25978871329,0.018909252134
1093.0,0.25967350501,0.018827567075
1094.0,0.25970982479,0.018799956219
1095.0,0.25986442219,0.018838106887
1096.0,0.26007886367,0.018925306661
1097.0,0.26025422579,0.01902196266
1098.0,0.26029650749,0.019083754747
1099.0,0.26018533982,0.019083005329
1100.0,0.2599835323,0.019019067882
1101.0,0.25977670615,0.018921918559
1102.0,0.25965239779,0.018836674599
1103.0,0.25967166931,0.01880308339
1104.0,0.25982789395,0.018834910941
1105.0,0.26004096193,0.018918895694
1106.0,0.26020503605,0.019016655809
1107.0,0.26024162715,0.019081658467
1108.0,0.2601313652,0.019083957356
1109.0,0.25992305078,0.019023046958
1110.0,0.25970714216,0.018925950019
1111.0,0.25957311989,0.018837664614
1112.0,0.25958274486,0.018797702532
1113.0,0.25972916428,0.018824045224
1114.0,0.25994437331,0.018903918543
1115.0,0.26012457286,0.019000855649
1116.0,0.26017689371,0.019069570658
1117.0,0.26007356434,0.019077955602
1118.0,0.25985861721,0.019020789636
1119.0,0.25962757457,0.018923365087
1120.0,0.25947992313,0.0188301531
1121.0,0.25948080155,0.018783670609
1122.0,0.25961794241,0.018804259305
1123.0,0.2598282938,0.018881163369
1124.0,0.26001558368,0.01897808703
1125.0,0.26008731949,0.019048945191
1126.0,0.26000433808,0.019060522985
1127.0,0.25980026137,0.019006384073
1128.0,0.25956287483,0.018909949211
1129.0,0.25939287987,0.018813580619
1130.0,0.25936603792,0.01876028191
1131.0,0.25948617177,0.018773740285
1132.0,0.25968770172,0.018846290954
1133.0,0.25987690387,0.018942763105
1134.0,0.25995849638,0.019018292579
1135.0,0.25988846025,0.019036051226
1136.0,0.2596926841,0.018987167837
1137.0,0.25945571329,0.018892577143
1138.0,0.25927564927,0.018794874395
1139.0,0.25922973192,0.018737064469
1140.0,0.25933595381,0.018745602678
1141.0,0.2595379292,0.01881413487
1142.0,0.25973425393,0.018912642091
1143.0,0.25982767904,0.018991740056
1144.0,0.25976278667,0.019015799761
1145.0,0.25957737565,0.018970464429
1146.0,0.25934830362,0.018877873259
1147.0,0.25918111798,0.018777679163
1148.0,0.25914164271,0.018715605212
1149.0,0.25924542704,0.01871785143
1150.0,0.25944576013,0.018782781014
1151.0,0.2596486581,0.018878334676
1152.0,0.25975262715,0.018959186646
1153.0,0.25971094273,0.018986733659
1154.0,0.2595371922,0.018947671761
1155.0,0.25930525289,0.018857650583
1156.0,0.2591199006,0.018757622501
1157.0,0.2590642805,0.018691283644
1158.0,0.25915886377,0.018688293851
1159.0,0.25935760342,0.018747989892
1160.0,0.25956747504,0.018841771847
1161.0,0.25968316367,0.018925623911
1162.0,0.25964066609,0.018959587412
1163.0,0.25945742778,0.018928452412
1164.0,0.2592190471,0.018842593448
1165.0,0.25902322512,0.018745222154
1166.0,0.25895985523,0.018674301158
1167.0,0.25904170081,0.018668268078
1168.0,0.25924446547,0.018722087088
1169.0,0.2594583392,0.018815925927
1170.0,0.2596124119,0.018898480803
1171.0,0.25960339981,0.018935330702
1172.0,0.25944383324,0.018905042617
1173.0,0.25920455272,0.018822246789
1174.0,0.25900216522,0.018720849282
1175.0,0.25891850007,0.018648044984
1176.0,0.25898848827,0.018636096963
1177.0,0.25917277421,0.018689232506
1178.0,0.25938672378,0.018780814944
1179.0,0.25952538584,0.018867810048
1180.0,0.25951428827,0.018909091133
1181.0,0.25935170024,0.018884056811
1182.0,0.25911554511,0.018802996427
1183.0,0.25890870946,0.018700388355
1184.0,0.25881615309,0.018623940051
1185.0,0.25887958596,0.018605251188
1186.0,0.25906363546,0.018654927222
1187.0,0.25927998659,0.018747689538
1188.0,0.25943702623,0.018839196229
1189.0,0.25942406486,0.018890099147
1190.0,0.25929577959,0.018871266915
1191.0,0.25906450081,0.018795455229
1192.0,0.2588744859,0.018693758201
1193.0,0.25878176724,0.018613824102
1194.0,0.2588415412,0.018592673022
1195.0,0.25903064179,0.018636799005
1196.0,0.2592559146,0.018728441643
1197.0,0.25942708619,0.018821412795
1198.0,0.2594550671,0.018874460771
1199.0,0.25933324032,0.018861011266
1200.0,0.2591022922,0.018787738299
1201.0,0.25887118115,0.018684950973
1202.0,0.2587409554,0.018601118166
1203.0,0.25876466576,0.018571974697
1204.0,0.25892895816,0.01861106931
1205.0,0.25915053051,0.018696882309
1206.0,0.25933852539,0.018794631819
1207.0,0.25939632476,0.018853504404
1208.0,0.25929837354,0.018847144882
1209.0,0.25908943344,0.018774809814
1210.0,0.25887742614,0.018674691255
1211.0,0.25875648114,0.018589362923
1212.0,0.25879521645,0.018557992497
1213.0,0.25896024312,0.018595849937
1214.0,0.25919886158,0.018684398199
1215.0,0.25937860157,0.0187856548
1216.0,0.25943902491,0.018851019204
1217.0,0.25932570743,0.01885300685
1218.0,0.25911750534,0.01878909554
1219.0,0.25888174874,0.018693847707
1220.0,0.25875237831,0.01860468664
1221.0,0.25874917915,0.018569096414
1222.0,0.2589137752,0.018597480604
1223.0,0.25914340667,0.018681750965
1224.0,0.25935743737,0.018776515322
1225.0,0.25942077318,0.018842862506
1226.0,0.25934724249,0.018843611239
1227.0,0.25912154493,0.018782642967
1228.0,0.25887150118,0.018683405742
1229.0,0.25870814196,0.018592640613
1230.0,0.25872146951,0.018549329937
1231.0,0.25885883274,0.018576234846
1232.0,0.25906866595,0.018656438772
1233.0,0.25925697862,0.018756576313
1234.0,0.25934244381,0.018826624611
1235.0,0.25926726166,0.018836596981
1236.0,0.25906400632,0.018782399174
1237.0,0.25884454222,0.018690491748
1238.0,0.2587124787,0.018600383496
1239.0,0.25873440753,0.018557875932
1240.0,0.25887636164,0.018580185001
1241.0,0.25910470878,0.01866096173
1242.0,0.25930708083,0.018761272518
1243.0,0.25940106372,0.018840871713
1244.0,0.25933971595,0.018856507665
1245.0,0.25916059855,0.018808266158
1246.0,0.25896071255,0.018711390591
1247.0,0.25879331421,0.018618573516
1248.0,0.25877738361,0.018567228845
1249.0,0.25890088958,0.018586319204
1250.0,0.25913516346,0.018658067361
1251.0,0.2593355564,0.018756231034
1252.0,0.25943534516,0.018829172357
1253.0,0.25935882806,0.018849145374
1254.0,0.25917262381,0.018799816949
1255.0,0.2589245988,0.018709908635
1256.0,0.25875358754,0.018614776441
1257.0,0.25871594893,0.018558906472
1258.0,0.25885641153,0.018566828723
1259.0,0.25908869668,0.018634465231
1260.0,0.25931697955,0.018731828676
1261.0,0.25942309934,0.018814272452
1262.0,0.259373332,0.018840473597
1263.0,0.25917785873,0.018801884581
1264.0,0.25892894473,0.018713913976
1265.0,0.25873999182,0.018618482914
1266.0,0.25870120464,0.018555773351
1267.0,0.25881821482,0.018560253909
1268.0,0.25904794205,0.018625829116
1269.0,0.25929822315,0.018726218164
1270.0,0.25944263822,0.018810762799
1271.0,0.25940939762,0.018848075693
1272.0,0.25922551107,0.01881540344
1273.0,0.25898125255,0.018734094122
1274.0,0.25880145774,0.0186388277
1275.0,0.25877976993,0.018577222233
1276.0,0.25890423622,0.018576206104
1277.0,0.25914397393,0.018643471407
1278.0,0.25936465928,0.018744755337
1279.0,0.25950192449,0.01883513104
1280.0,0.25947835264,0.018874022962
1281.0,0.25932858195,0.018847028427
1282.0,0.25910015512,0.018768611084
1283.0,0.25891978641,0.018674277008
1284.0,0.2588474449,0.0186103976
1285.0,0.25893150921,0.018605781282
1286.0,0.25913842846,0.018666937594
1287.0,0.25939113258,0.018764246348
1288.0,0.25956566443,0.018856908256
1289.0,0.25957059673,0.018901244629
1290.0,0.2594297543,0.018880012967
1291.0,0.25921089109,0.018800947601
1292.0,0.25903088785,0.018702619128
1293.0,0.25896501359,0.018632010674
1294.0,0.25906599421,0.018622036167
1295.0,0.25926969485,0.01867854519
1296.0,0.2595081502,0.018776489791
1297.0,0.25967018168,0.018872155865
1298.0,0.25969148039,0.018920554457
1299.0,0.25955471436,0.018904291593
1300.0,0.25933597869,0.018828927485
1301.0,0.2591261839,0.018730649851
1302.0,0.25903520356,0.01865442663
1303.0,0.25909330835,0.018637691888
1304.0,0.25928279545,0.018687997032
1305.0,0.25949927233,0.018783518591
1306.0,0.25967020637,0.018880308435
1307.0,0.25970596409,0.018935101563
1308.0,0.25959883645,0.018924328909
1309.0,0.25938854733,0.018854985464
1310.0,0.25918703623,0.01876044214
1311.0,0.25908094505,0.018682351516
1312.0,0.25914236636,0.018658236275
1313.0,0.25933882589,0.01870143224
1314.0,0.25957448187,0.018793670933
1315.0,0.25974615679,0.018892952724
1316.0,0.25977367426,0.018953788756
1317.0,0.25964246204,0.018949810837
1318.0,0.25941358546,0.018884405849
1319.0,0.25920112138,0.018787822638
1320.0,0.25910310951,0.018706914318
1321.0,0.25916223706,0.018678472241
1322.0,0.25935987774,0.018717408485
1323.0,0.25960110776,0.018805402751
1324.0,0.25978768993,0.018903791628
1325.0,0.25982837048,0.018967451827
1326.0,0.25971670152,0.018969160893
1327.0,0.25950115347,0.018909096242
1328.0,0.25928477063,0.018815730128
1329.0,0.25915514339,0.018731637484
1330.0,0.25918586916,0.018698373517
1331.0,0.25934658654,0.018732133747
1332.0,0.25957098258,0.018819248164
1333.0,0.25975463334,0.01891887063
1334.0,0.2598144385,0.01898697966
1335.0,0.25971803499,0.018993005047
1336.0,0.25951945189,0.01893578813
1337.0,0.25930350149,0.018841164155
1338.0,0.25917240886,0.018754945193
1339.0,0.25918194361,0.018716560984
1340.0,0.25933905025,0.018743821114
1341.0,0.2595555512,0.018825345604
1342.0,0.25974871984,0.018925578936
1343.0,0.25982132643,0.01899704414
1344.0,0.25973836801,0.019007893752
1345.0,0.2595406943,0.018954485781
1346.0,0.25931810595,0.018861803234
1347.0,0.25917033451,0.018772012069
1348.0,0.25916972888,0.018727483235
1349.0,0.25930300277,0.018749349634
1350.0,0.25951176372,0.018827864782
1351.0,0.25970605804,0.01892709429
1352.0,0.25979384625,0.019001144812
1353.0,0.25972901603,0.019017482169
1354.0,0.25954043604,0.018969531238
1355.0,0.25931632329,0.018879114047
1356.0,0.25915990625,0.018787633497
1357.0,0.25914414129,0.018738106115
1358.0,0.25927517566,0.01875269049
1359.0,0.25948358547,0.01882540073
1360.0,0.25967972315,0.018923155927
1361.0,0.25976960045,0.019000335943
1362.0,0.25970970487,0.019021417149
1363.0,0.25952996181,0.018977092364
1364.0,0.25931079195,0.01888715707
1365.0,0.25914642886,0.018793040622
1366.0,0.25911546177,0.018738318659
1367.0,0.25923068673,0.018746868787
1368.0,0.25943731809,0.018815037443
1369.0,0.25963330791,0.018911770897
1370.0,0.25972656749,0.01899069755
1371.0,0.25966602795,0.019015862611
1372.0,0.25948340756,0.018975113433
1373.0,0.25926189592,0.018886390331
1374.0,0.25910034133,0.018789694794
1375.0,0.25906414532,0.0187295772
1376.0,0.25916769961,0.018732317957
1377.0,0.25935982561,0.018796629252
1378.0,0.2595543255,0.018891826615
1379.0,0.25965665784,0.01897340068
1380.0,0.25960958145,0.019002266244
1381.0,0.25943638959,0.018965346947
1382.0,0.25920993245,0.018877907472
1383.0,0.25903335098,0.018779054778
1384.0,0.25898460847,0.018713748805
1385.0,0.25908274176,0.018712067763
1386.0,0.2592786915,0.018772427783
1387.0,0.25948578441,0.018866444979
1388.0,0.25960072249,0.018949626672
1389.0,0.2595683211,0.018982518481
1390.0,0.25940669606,0.01894931805
1391.0,0.25918014726,0.018864342888
1392.0,0.25898611771,0.018765037307
1393.0,0.25891354244,0.018696155069
1394.0,0.25898926289,0.018688684782
1395.0,0.25917854914,0.018744591439
1396.0,0.25938407849,0.01883820312
1397.0,0.2595128243,0.018924035256
1398.0,0.25949406637,0.018963967366
1399.0,0.25934373541,0.018936560054
1400.0,0.25911572274,0.018856496015
1401.0,0.25892430032,0.018756383382
1402.0,0.25884321285,0.018682959162
1403.0,0.25890641084,0.018668074292
1404.0,0.25908545991,0.018716663185
1405.0,0.25929886911,0.018806499001
1406.0,0.25944517655,0.018893360528
1407.0,0.25944545452,0.018937294105
1408.0,0.25930128882,0.018914235139
1409.0,0.25907569268,0.018834960744
1410.0,0.25887462236,0.018733009946
1411.0,0.25878710979,0.018655190163
1412.0,0.25884970253,0.018635031557
1413.0,0.25902815624,0.018680734009
1414.0,0.25924057934,0.018769964849
1415.0,0.25938530564,0.018859539907
1416.0,0.25938434085,0.018906833677
1417.0,0.25923710814,0.018889075096
1418.0,0.25900276821,0.018813711759
1419.0,0.25878684699,0.018712264246
1420.0,0.25867361515,0.018634497239
1421.0,0.25872126928,0.018608241453
1422.0,0.25887462154,0.018653768229
1423.0,0.25910124798,0.018740088211
1424.0,0.25925098724,0.018835362158
1425.0,0.25929578481,0.018885737196
1426.0,0.25917680796,0.018875942656
1427.0,0.25897866833,0.018800629591
1428.0,0.25877493773,0.018699296995
1429.0,0.25866687752,0.018612381317
1430.0,0.25869245019,0.018583337164
1431.0,0.25884691505,0.018619085486
1432.0,0.25905972139,0.018706510111
1433.0,0.25924150907,0.018800041539
1434.0,0.25928796846,0.01885884906
1435.0,0.25917839178,0.018851404169
1436.0,0.25894998901,0.018782443483
1437.0,0.25871928161,0.018679332793
1438.0,0.25858041998,0.018589749164
1439.0,0.25859444481,0.018553227523
1440.0,0.25875190269,0.018583599167
1441.0,0.25898073013,0.018668844503
1442.0,0.25916928141,0.018763801634
1443.0,0.25922197558,0.018828432796
1444.0,0.25911957551,0.018830284946
1445.0,0.25891092532,0.018768181348
1446.0,0.25867192577,0.018671347998
1447.0,0.25854255574,0.018580067267
1448.0,0.25853733708,0.018539485485
1449.0,0.25870728847,0.018564497351
1450.0,0.25893047714,0.018646635358
1451.0,0.25914395687,0.018744419805
1452.0,0.25923002637,0.01881504836
1453.0,0.25916490325,0.018823608093
1454.0,0.25896569766,0.018766986582
1455.0,0.25873267293,0.018668389429
1456.0,0.25855267211,0.018575046189
1457.0,0.25852764316,0.018526594887
1458.0,0.25865522934,0.018545783241
1459.0,0.25888650658,0.018621393536
1460.0,0.25910100762,0.018717231133
1461.0,0.25920382706,0.018791030135
1462.0,0.25914550636,0.018805161474
1463.0,0.25895875649,0.018755461844
1464.0,0.2587358391,0.018661108667
1465.0,0.25858400905,0.018565155744
1466.0,0.25855333907,0.018513506886
1467.0,0.2586878899,0.018527409323
1468.0,0.25887828724,0.018605451336
1469.0,0.25910614592,0.018705285549
1470.0,0.25920081875,0.018788572816
1471.0,0.25917964135,0.018810642361
1472.0,0.2589958202,0.018770511612
1473.0,0.25879136488,0.018678997452
1474.0,0.25862015388,0.018586243497
1475.0,0.25860463148,0.01852909598
1476.0,0.25872162616,0.018539737111
1477.0,0.25895140414,0.018608080071
1478.0,0.25915262895,0.018708088657
1479.0,0.25925869154,0.018787586682
1480.0,0.25919244675,0.018815674295
1481.0,0.25901924188,0.01877245047
1482.0,0.25878502398,0.018682534277
1483.0,0.2586173848,0.018579854986
1484.0,0.2585562038,0.018518408012
1485.0,0.25866443764,0.018517756052
1486.0,0.25886247773,0.018586860047
1487.0,0.25908403353,0.018681959782
1488.0,0.25922466087,0.018768545385
1489.0,0.25922539269,0.018799437757
1490.0,0.25908166755,0.018766372677
1491.0,0.25885751728,0.01867940753
1492.0,0.25866453772,0.018582867489
1493.0,0.25859010747,0.018522824103
1494.0,0.25869761887,0.018525231093
1495.0,0.25889762843,0.018591007915
1496.0,0.25913874035,0.018688864761
1497.0,0.25927667979,0.018781782031
1498.0,0.25929342558,0.018819419721
1499.0,0.25913792335,0.018796439807
1500.0,0.25894372231,0.018713231321
1501.0,0.25876654715,0.018620298014
1502.0,0.25871857757,0.018548963069
1503.0,0.25879968467,0.018544078308
1504.0,0.25900524122,0.018598120449
1505.0,0.25921640065,0.018695320833
1506.0,0.25934341596,0.018780820776
1507.0,0.25930965917,0.018825852072
1508.0,0.25917117967,0.018795306542
1509.0,0.25894144586,0.018715999029
1510.0,0.25874505569,0.018615793618
1511.0,0.25864952695,0.018546217217
1512.0,0.25871823705,0.018528418447
1513.0,0.25891244027,0.018578809217
1514.0,0.25913508782,0.018668475139
1515.0,0.25929694983,0.018763796313
1516.0,0.25931844029,0.018810534063
1517.0,0.25919005087,0.018794136878
1518.0,0.25897633544,0.018717760431
1519.0,0.25876749985,0.018620656216
1520.0,0.2586540323,0.018542861253
1521.0,0.25869709933,0.018524722818
1522.0,0.25886686682,0.018571225634
1523.0,0.25908139713,0.018663869883
1524.0,0.25924060432,0.018755483312
1525.0,0.259277023,0.018810330348
1526.0,0.25916606424,0.018796346709
1527.0,0.25896086124,0.018728054537
1528.0,0.25874925782,0.018631464672
1529.0,0.2586527648,0.018557790179
1530.0,0.25870903527,0.01853797754
1531.0,0.25890522221,0.018584327932
1532.0,0.25914760961,0.018676019035
1533.0,0.25934044443,0.018774087316
1534.0,0.25938032703,0.018833253233
1535.0,0.25926595147,0.018829086359
1536.0,0.25905296937,0.018765454906
1537.0,0.25885554698,0.018673043901
1538.0,0.25874909834,0.018594361693
1539.0,0.25878984794,0.018569712105
1540.0,0.258967246,0.018610492681
1541.0,0.25920820647,0.018698440031
1542.0,0.25940813764,0.01879702435
1543.0,0.25947244327,0.018859634378
1544.0,0.25939361316,0.01886034305
1545.0,0.25920591109,0.018799719115
1546.0,0.25901045804,0.018706763857
1547.0,0.25890061053,0.018624909642
1548.0,0.25891836357,0.018592961948
1549.0,0.25907402887,0.018629472562
1550.0,0.25928567031,0.01871432527
1551.0,0.25948068512,0.018812421611
1552.0,0.25954906578,0.018877801781
1553.0,0.25946343569,0.0188845517
1554.0,0.25926435268,0.018828927762
1555.0,0.25905936834,0.018739041549
1556.0,0.25894782684,0.018654232439
1557.0,0.25898783999,0.018618841853
1558.0,0.25916664497,0.018647675332
1559.0,0.25941021038,0.018729752984
1560.0,0.2596108918,0.018827015909
1561.0,0.25967186758,0.018896378657
1562.0,0.25957302282,0.018908766402
1563.0,0.25935846485,0.018857368229
1564.0,0.2591353872,0.018766197781
1565.0,0.25899855286,0.01867731192
1566.0,0.25902009951,0.018634416002
1567.0,0.25919227242,0.018658003353
1568.0,0.25944240439,0.018738162067
1569.0,0.25965798801,0.018838238643
1570.0,0.25975084173,0.01891424793
1571.0,0.25966897199,0.018931694905
1572.0,0.25946912393,0.018883466806
1573.0,0.25922862048,0.018793026507
1574.0,0.25906437779,0.018703148174
1575.0,0.25903822156,0.01865582636
1576.0,0.25917730887,0.018672631983
1577.0,0.25940525297,0.0187475217
1578.0,0.2596220624,0.018847877527
1579.0,0.25972167184,0.018928072587
1580.0,0.25966090785,0.01895062845
1581.0,0.25947191541,0.018907525401
1582.0,0.25924907249,0.018819529416
1583.0,0.25908117723,0.018728885429
1584.0,0.25905444361,0.01867836896
1585.0,0.25917878645,0.01869097944
1586.0,0.25939833146,0.01876208416
1587.0,0.25961278045,0.01886108028
1588.0,0.25971988927,0.018942557039
1589.0,0.25966825999,0.018970150984
1590.0,0.25948249506,0.018932365701
1591.0,0.25926080706,0.018847620142
1592.0,0.25909835563,0.018754819444
1593.0,0.25906983408,0.018699564485
1594.0,0.259176928,0.018707197002
1595.0,0.25938242403,0.018774834152
1596.0,0.25959474465,0.018871883286
1597.0,0.25970660309,0.018955785191
1598.0,0.25966245707,0.018987374768
1599.0,0.25949170688,0.018953708444
1600.0,0.25926689569,0.018869872447
1601.0,0.2590938109,0.018775108464
1602.0,0.2590480341,0.018713636613
1603.0,0.25916013964,0.01871511047
1604.0,0.25936178873,0.018778961535
1605.0,0.2595688286,0.018876995065
1606.0,0.25968760509,0.018963808153
1607.0,0.25966298371,0.018998528703
1608.0,0.25949493145,0.018967375519
1609.0,0.25926524239,0.018885438939
1610.0,0.2590797139,0.01878981177
1611.0,0.25902647077,0.018723754181
1612.0,0.25912612264,0.018718631891
1613.0,0.25933148755,0.018777430606
1614.0,0.25954789971,0.018872668856
1615.0,0.2596817214,0.018960043174
1616.0,0.25966060175,0.019000291103
1617.0,0.25949257557,0.018974877371
1618.0,0.25925727411,0.01889467769
1619.0,0.25906257834,0.018795562648
1620.0,0.25898398769,0.018723396882
1621.0,0.25906464489,0.018711062182
1622.0,0.25926534019,0.018764381801
1623.0,0.25949643878,0.018857663051
1624.0,0.25964312561,0.018947796213
1625.0,0.2596369576,0.018991858307
1626.0,0.25948147471,0.018969280363
1627.0,0.25924785282,0.018889754479
1628.0,0.2590372007,0.018789066774
1629.0,0.25894306301,0.018712644678
1630.0,0.25899703148,0.018694748209
1631.0,0.25917164132,0.018742555072
1632.0,0.25938721378,0.018832826146
1633.0,0.25954331253,0.018923884805
1634.0,0.25955772399,0.018972251041
1635.0,0.25942246336,0.018955379698
1636.0,0.25919702932,0.018879685047
1637.0,0.25898195752,0.018778879263
1638.0,0.25887121607,0.018697935739
1639.0,0.25891384259,0.018673375173
1640.0,0.25907739134,0.018715365032
1641.0,0.25928523483,0.018803325132
1642.0,0.25943826953,0.018895534165
1643.0,0.25945990263,0.018948757083
1644.0,0.25934003211,0.018937693122
1645.0,0.25913038419,0.018865583271
1646.0,0.25891530605,0.018764972243
1647.0,0.25879146638,0.018680372204
1648.0,0.25881344616,0.018650310595
1649.0,0.25896503701,0.018687050043
1650.0,0.25916868077,0.018773601038
1651.0,0.25933088179,0.018867441433
1652.0,0.25936359533,0.018926992468
1653.0,0.25925073826,0.018921396475
1654.0,0.25903612464,0.018855525171
1655.0,0.25882564353,0.018755650504
1656.0,0.25869471593,0.0186707445
1657.0,0.25871974212,0.018633877831
1658.0,0.25887514761,0.018664367777
1659.0,0.25909502053,0.018744467197
1660.0,0.25927831586,0.018838100169
1661.0,0.25933974697,0.018898885223
1662.0,0.2592397277,0.018898749157
1663.0,0.25903180396,0.018834567161
1664.0,0.2588091499,0.018735490827
1665.0,0.25868093241,0.018644943122
1666.0,0.25869442267,0.018603620766
1667.0,0.2588403335,0.01862920273
1668.0,0.25905116613,0.018708857989
1669.0,0.25923429362,0.018804105302
1670.0,0.2592947566,0.018869197381
1671.0,0.25920195171,0.018873359047
1672.0,0.25900322648,0.018813626619
1673.0,0.25878847444,0.018716221868
1674.0,0.25865136167,0.018624982205
1675.0,0.25864771973,0.01858267486
1676.0,0.25877735554,0.018604706377
1677.0,0.25897692365,0.018683777163
1678.0,0.2591496718,0.01877975213
1679.0,0.25921802176,0.018849765434
1680.0,0.25914440751,0.018859211233
1681.0,0.25897863519,0.018801636563
1682.0,0.25877689148,0.018705260498
1683.0,0.25864099735,0.018609991793
1684.0,0.25862635517,0.018561117755
1685.0,0.25875088726,0.018576600049
1686.0,0.25895585364,0.018652225851
1687.0,0.25915062578,0.018748320615
1688.0,0.25924332048,0.018820614066
1689.0,0.2591854903,0.018833102486
1690.0,0.2590009713,0.018781228472
1691.0,0.25877627124,0.018685357503
1692.0,0.25861162588,0.018588089402
1693.0,0.25857502167,0.018533421148
1694.0,0.25868201216,0.018544955493
1695.0,0.25888549255,0.018616713825
1696.0,0.25908695559,0.018714143929
1697.0,0.25918953721,0.018790750473
1698.0,0.25914477128,0.01881236509
1699.0,0.25898375612,0.018766077758
1700.0,0.25874684822,0.018677253843
1701.0,0.25858647166,0.018579794579
1702.0,0.2585195537,0.018526306012
1703.0,0.25864361076,0.01853014203
1704.0,0.25882861991,0.018600350775
1705.0,0.25906621947,0.018695190622
1706.0,0.25919333369,0.0187775582
1707.0,0.25918266596,0.01880300515
1708.0,0.25901471194,0.018765474317
1709.0,0.25879253305,0.018675482149
1710.0,0.2585950775,0.0185795137
1711.0,0.25854410895,0.018514773632
1712.0,0.25863980618,0.018515403557
1713.0,0.25884036632,0.018575302463
1714.0,0.25905473165,0.018671625603
1715.0,0.25917817332,0.018752953558
1716.0,0.25915206168,0.018787772169
1717.0,0.25899263797,0.018751795145
1718.0,0.2587741536,0.018668325968
1719.0,0.2586098,0.018568777843
1720.0,0.25856041549,0.01850450972
1721.0,0.25866637108,0.018496385469
1722.0,0.25884557716,0.018557462044
1723.0,0.25906503126,0.018652492912
1724.0,0.25920660938,0.018745691176
1725.0,0.25921648121,0.018787668922
1726.0,0.25908263151,0.018765803381
1727.0,0.25887597304,0.018688293211
1728.0,0.2587007569,0.01859214263
1729.0,0.25862094806,0.018522062995
1730.0,0.25868467323,0.018511150566
1731.0,0.25884907637,0.018564958357
1732.0,0.25905980163,0.01865857601
1733.0,0.25919537411,0.018748536226
1734.0,0.25920630139,0.018791741329
1735.0,0.25907678479,0.018768820532
1736.0,0.25887821951,0.018692133164
1737.0,0.25868468209,0.018593614537
1738.0,0.25859360374,0.018517969375
1739.0,0.25863312132,0.018498904773
1740.0,0.25879194983,0.018544402488
1741.0,0.25899715702,0.018634555588
1742.0,0.25915596966,0.018724718071
1743.0,0.25916551264,0.018776553712
1744.0,0.25905442641,0.018761733537
1745.0,0.25885327657,0.018692330061
1746.0,0.25867860103,0.018593891975
1747.0,0.25857123534,0.018520577685
1748.0,0.25862458115,0.018500517495
1749.0,0.25878435693,0.018551811197
1750.0,0.25902090922,0.018641389473
1751.0,0.25919095532,0.01874145771
1752.0,0.25925987269,0.018797349604
1753.0,0.25915407817,0.018795753515
1754.0,0.25896164842,0.018726136288
1755.0,0.25874256321,0.018634332845
1756.0,0.25865675512,0.018549114357
1757.0,0.25869083117,0.018523088018
1758.0,0.25885695073,0.018558539813
1759.0,0.25905583804,0.018649345702
1760.0,0.25923069591,0.01874042042
1761.0,0.25927125221,0.018801244811
1762.0,0.25917429458,0.018793555902
1763.0,0.25897539062,0.018731267992
1764.0,0.25878035796,0.018631903033
1765.0,0.2586646118,0.018546877603
1766.0,0.25868303196,0.018509192853
1767.0,0.2588109117,0.018541064966
1768.0,0.25900936225,0.018621198655
1769.0,0.25918712616,0.018718573995
1770.0,0.25926708493,0.018784834703
1771.0,0.2592030882,0.018792112135
1772.0,0.25903181857,0.018734746345
1773.0,0.25883584522,0.018642827463
1774.0,0.25869908622,0.018553880749
1775.0,0.25869013678,0.018513813697
1776.0,0.25879184805,0.018538641036
1777.0,0.25898480964,0.018619128719
1778.0,0.25915927183,0.018715516871
1779.0,0.25923860969,0.018786820129
1780.0,0.25918005662,0.018800178786
1781.0,0.25902805014,0.018751324951
1782.0,0.258824954,0.0186623426
1783.0,0.2586984006,0.018576552907
1784.0,0.25869854263,0.018535726406
1785.0,0.25883919208,0.018559851319
1786.0,0.25905402547,0.018639928084
1787.0,0.25926468058,0.018738919063
1788.0,0.25936389354,0.018816840397
1789.0,0.25931527906,0.018834843768
1790.0,0.25914504567,0.01879080518
1791.0,0.25893751661,0.018703176642
1792.0,0.25878679768,0.018615388716
1793.0,0.25878154652,0.018566464074
1794.0,0.25891817699,0.018584690224
1795.0,0.25914554884,0.018658758632
1796.0,0.25935805931,0.018758729218
1797.0,0.25946209319,0.018838716066
1798.0,0.25941995639,0.01886488909
1799.0,0.25924338791,0.018824509229
1800.0,0.2590404565,0.018738197589
1801.0,0.25889042021,0.018644987324
1802.0,0.25888017861,0.018591296128
1803.0,0.25898827365,0.01860098331
1804.0,0.2591985817,0.01867132412
1805.0,0.25941098893,0.018769087079
1806.0,0.25952978959,0.018853677714
1807.0,0.25950732269,0.018887485794
1808.0,0.25935292721,0.018854453772
1809.0,0.25915360133,0.018771558322
1810.0,0.25899766193,0.018677041335
1811.0,0.25896562662,0.018618426761
1812.0,0.25906581678,0.018621097506
1813.0,0.25927672108,0.018685306953
1814.0,0.25949258124,0.018782449894
1815.0,0.25962342107,0.018870121054
1816.0,0.25960225297,0.018906572362
1817.0,0.25944957676,0.01887807378
1818.0,0.25924363349,0.018797713366
1819.0,0.25907988829,0.018704006321
1820.0,0.25903358191,0.018640805612
1821.0,0.25912753844,0.018639265399
1822.0,0.2593302747,0.018698869705
1823.0,0.25955610301,0.018794999727
1824.0,0.25969277189,0.018884109348
1825.0,0.25967376933,0.018927076953
1826.0,0.25951921521,0.018903353496
1827.0,0.25929674861,0.018825290184
1828.0,0.25911401161,0.018730595173
1829.0,0.25904924205,0.018663204769
1830.0,0.25914018049,0.018654130584
1831.0,0.25933936886,0.018708758867
1832.0,0.25957168578,0.018803005845
1833.0,0.25972236709,0.018894236125
1834.0,0.25972174423,0.018941698944
1835.0,0.25956075001,0.018925519325
1836.0,0.25933282826,0.018852525738
1837.0,0.25912978092,0.018757949653
1838.0,0.25904544165,0.018686433548
1839.0,0.2591189807,0.018672354823
1840.0,0.25931278451,0.018721979307
1841.0,0.25954353676,0.018815057638
1842.0,0.25971043888,0.01890908757
1843.0,0.25972299637,0.018961369748
1844.0,0.25958650064,0.018950113178
1845.0,0.25936204268,0.018881431707
1846.0,0.25916086187,0.018786526338
1847.0,0.25906716874,0.01871045083
1848.0,0.25912962575,0.018690020869
1849.0,0.25931329286,0.018734982508
1850.0,0.25954350556,0.018824989628
1851.0,0.25971040663,0.018920664881
1852.0,0.25973645969,0.018977304155
1853.0,0.25962030764,0.018970513428
1854.0,0.2594112643,0.018904291387
1855.0,0.25920734417,0.018808822677
1856.0,0.25910990901,0.018728550465
1857.0,0.25915975041,0.018702535408
1858.0,0.25932720589,0.018742137348
1859.0,0.25954344866,0.018828935377
1860.0,0.25970783684,0.018923878633
1861.0,0.25974396043,0.018982963436
1862.0,0.25963344221,0.018979366342
1863.0,0.25942517589,0.018915681261
1864.0,0.25920683694,0.018820858474
1865.0,0.25908240516,0.01873847634
1866.0,0.25911327181,0.018706241865
1867.0,0.25927569952,0.018738941528
1868.0,0.25949543589,0.018821174409
1869.0,0.25967236305,0.018915384754
1870.0,0.25972149271,0.018977902791
1871.0,0.25962005317,0.018979661545
1872.0,0.25941000349,0.018919579214
1873.0,0.25918794801,0.018824217935
1874.0,0.25904986297,0.018738077041
1875.0,0.25905387441,0.018699791497
1876.0,0.25919377865,0.018726276302
1877.0,0.25940615015,0.018805005183
1878.0,0.25958518459,0.018899458322
1879.0,0.25964487495,0.018965258079
1880.0,0.25955074506,0.018970973962
1881.0,0.25935010513,0.018913635836
1882.0,0.25913525655,0.018819013868
1883.0,0.25899898409,0.018729421336
1884.0,0.258998639,0.018685093344
1885.0,0.25912933003,0.018705984103
1886.0,0.25932895086,0.018781521427
1887.0,0.25950480209,0.018874914013
1888.0,0.25956584102,0.018942835389
1889.0,0.25947475018,0.018952647912
1890.0,0.25927267533,0.018898331658
1891.0,0.25904962836,0.018804248468
1892.0,0.25890092184,0.018711463589
1893.0,0.25889706797,0.018662241171
1894.0,0.25903344749,0.018678147223
1895.0,0.25923684437,0.018750613604
1896.0,0.25941804526,0.018845018925
1897.0,0.25948780744,0.018916887494
1898.0,0.25940977575,0.018931787628
1899.0,0.25921594304,0.018882062289
1900.0,0.25899263898,0.018789327444
1901.0,0.2588325524,0.018695091064
1902.0,0.25880823855,0.018641406288
1903.0,0.25892655294,0.018652224674
1904.0,0.25912766219,0.018721867493
1905.0,0.25932163952,0.018817297129
1906.0,0.25941293019,0.018893378095
1907.0,0.25935406987,0.018913768383
1908.0,0.25917064104,0.01886939801
1909.0,0.25894831337,0.018778251977
1910.0,0.25878441515,0.01868231657
1911.0,0.25875028327,0.018623229196
1912.0,0.25886172594,0.018627014251
1913.0,0.25906612467,0.01869086396
1914.0,0.25927362133,0.018783649007
1915.0,0.25938039809,0.018861427079
1916.0,0.25933408533,0.01888609026
1917.0,0.25915757489,0.018845134721
1918.0,0.25893699766,0.018755354024
1919.0,0.25877034575,0.018656373389
1920.0,0.25873539513,0.018593164791
1921.0,0.25884583557,0.018593591756
1922.0,0.25904688355,0.018655978109
1923.0,0.25924552605,0.018749537753
1924.0,0.25935204526,0.018829207102
1925.0,0.25931374984,0.01885907687
1926.0,0.25914535113,0.018823647986
1927.0,0.25890707325,0.018738934307
1928.0,0.25871688236,0.01864065103
1929.0,0.25864327472,0.018576041443
1930.0,0.25873854111,0.018570553905
1931.0,0.25892884763,0.018630890076
1932.0,0.25916336641,0.018723472058
1933.0,0.25930793296,0.018807485596
1934.0,0.25929937544,0.018843233811
1935.0,0.25915097139,0.01881189872
1936.0,0.25892779967,0.018728140391
1937.0,0.25872953194,0.01862685422
1938.0,0.25864216257,0.018555575882
1939.0,0.25871307934,0.018543693811
1940.0,0.25890551073,0.018597354262
1941.0,0.25913255363,0.018689260369
1942.0,0.25928659275,0.018776654882
1943.0,0.25929401691,0.018817173354
1944.0,0.25914110531,0.01879092615
1945.0,0.25890024344,0.018709212218
1946.0,0.2586874299,0.018607268447
1947.0,0.25860045196,0.018530908393
1948.0,0.25867846677,0.018512202436
1949.0,0.25886487761,0.018562668132
1950.0,0.25908662978,0.018654220701
1951.0,0.25923139816,0.01874795354
1952.0,0.25924763048,0.01879752278
1953.0,0.25911840029,0.018780906963
1954.0,0.25888459294,0.018706090368
1955.0,0.25867826419,0.018604598457
1956.0,0.25856564084,0.018527096061
1957.0,0.25862841912,0.018504537588
1958.0,0.25881418874,0.018551492489
1959.0,0.25905986367,0.01864093673
1960.0,0.25923751307,0.018735707582
1961.0,0.25927890467,0.018788741015
1962.0,0.25915463186,0.018778570289
1963.0,0.2589345462,0.018705492418
1964.0,0.25871845084,0.018604943243
1965.0,0.25858659719,0.018520593408
1966.0,0.25861777306,0.018491667172
1967.0,0.25878210868,0.01852857254
1968.0,0.25901065605,0.018616472981
1969.0,0.25919412484,0.018710509421
1970.0,0.25925992304,0.018770178979
1971.0,0.2591825362,0.018765535273
1972.0,0.25899754292,0.018700399129
1973.0,0.25880701522,0.018603013752
1974.0,0.25867408181,0.018520522702
1975.0,0.25869499049,0.018488440165
1976.0,0.25884572494,0.018524738917
1977.0,0.25906469792,0.018614275201
1978.0,0.25925218431,0.018714817623
1979.0,0.25931056529,0.018782520663
1980.0,0.25922647264,0.018784600167
1981.0,0.25901677983,0.018725071812
1982.0,0.25881649911,0.018627573293
1983.0,0.25868990421,0.018540657074
1984.0,0.25871125233,0.018501580171
1985.0,0.2588525027,0.01852985849
1986.0,0.25907716558,0.018609416755
1987.0,0.25927584722,0.018705789673
1988.0,0.25934101817,0.018771903455
1989.0,0.25924638769,0.018779432311
1990.0,0.25903710292,0.018718623052
1991.0,0.2587948466,0.018622288535
1992.0,0.25864554281,0.018528996841
1993.0,0.2586364044,0.018486497084
1994.0,0.25878785703,0.018508429996
1995.0,0.25902177983,0.018589966839
1996.0,0.25924832676,0.018689575054
1997.0,0.2593474263,0.018765715278
1998.0,0.25929221891,0.018778745512
1999.0,0.25910530913,0.018730216078
2000.0,0.25890092424,0.018638867069
2001.0,0.25874042361,0.018553782116
2002.0,0.25874802323,0.018508013995
2003.0,0.25887555848,0.018530593869
2004.0,0.25910360889,0.018608227498
2005.0,0.25930439809,0.018708582193
2006.0,0.25942195921,0.018785506458
2007.0,0.2593739171,0.018806965399
2008.0,0.25921279796,0.018762281682
2009.0,0.25898361779,0.018672941869
2010.0,0.25882698106,0.018580167451
2011.0,0.25878442124,0.018524769014
2012.0,0.25891865563,0.018534876596
2013.0,0.25914505569,0.018602277644
2014.0,0.25936283768,0.018698802506
2015.0,0.25946705911,0.018776707443
2016.0,0.25942359647,0.01880142708
2017.0,0.25922517999,0.018760892176
2018.0,0.2589760544,0.018673927672
2019.0,0.2587709291,0.018577097814
2020.0,0.2587182669,0.018516675888
2021.0,0.25884256629,0.01852060216
2022.0,0.25907025727,0.01858605159
2023.0,0.25929802222,0.018684864484
2024.0,0.25942441732,0.018768309052
2025.0,0.25940317906,0.018800910582
2026.0,0.25923609215,0.018764729199
2027.0,0.25900357666,0.018680063209
2028.0,0.25879235008,0.018583474078
2029.0,0.25872054671,0.018521965545
2030.0,0.25881965343,0.01852135619
2031.0,0.25903723851,0.018584399419
2032.0,0.25926452648,0.018682647988
2033.0,0.25940523726,0.01877118719
2034.0,0.25939441132,0.018811392258
2035.0,0.25922972104,0.018786749478
2036.0,0.25899252836,0.01871047932
2037.0,0.2588178046,0.018616382871
2038.0,0.25878035737,0.018550905104
2039.0,0.25888978468,0.018545707646
2040.0,0.25909911712,0.018608291192
2041.0,0.25933115732,0.018705635266
2042.0,0.25947680133,0.018800606913
2043.0,0.2594772984,0.018845694404
2044.0,0.2593513428,0.018826096428
2045.0,0.25913575219,0.018750453491
2046.0,0.25895152451,0.018657062562
2047.0,0.25887957142,0.018586633312
2048.0,0.25895986455,0.018578012353
2049.0,0.25914823497,0.018632149524
2050.0,0.25938517231,0.018728362404
2051.0,0.25956084538,0.01881975631
2052.0,0.25959316813,0.018870741368
2053.0,0.25945913088,0.018853143713
2054.0,0.25925562483,0.018781651352
2055.0,0.25906659733,0.018684906377
2056.0,0.25899207357,0.018613576035
2057.0,0.25905158723,0.018598655118
2058.0,0.25923276744,0.018650309009
2059.0,0.25945037695,0.018743193332
2060.0,0.25962057084,0.018838102285
2061.0,0.25964275976,0.018892185063
2062.0,0.25953076965,0.018884122479
2063.0,0.25932970448,0.018815962928
2064.0,0.25914802549,0.018721531264
2065.0,0.2590632796,0.018645093386
2066.0,0.25912703708,0.018623083933
2067.0,0.25930337787,0.018665664034
2068.0,0.25952776208,0.01875566105
2069.0,0.25968207492,0.01885179331
2070.0,0.259698556,0.018911106217
2071.0,0.2595776962,0.018906494835
2072.0,0.25938736543,0.01884236495
2073.0,0.25920848304,0.018748717613
2074.0,0.25912008951,0.01866959417
2075.0,0.25915747244,0.018643176716
2076.0,0.25931323936,0.018681099491
2077.0,0.25953402231,0.01876724995
2078.0,0.25971476099,0.018863988705
2079.0,0.25975925902,0.018927600448
2080.0,0.2596456429,0.018929323807
2081.0,0.25943472911,0.018869031845
2082.0,0.25922298021,0.018776490227
2083.0,0.25910039487,0.018694289371
2084.0,0.25912395678,0.01866199542
2085.0,0.25927622723,0.018693458387
2086.0,0.25950519196,0.018776202009
2087.0,0.25969315825,0.018873390118
2088.0,0.25976186585,0.018941491695
2089.0,0.25967320786,0.018948870206
2090.0,0.2594773343,0.018894051962
2091.0,0.25925837837,0.018802668594
2092.0,0.25912473455,0.018719022138
2093.0,0.25913102241,0.018681952333
2094.0,0.25927353242,0.018708978635
2095.0,0.25949227269,0.018788255498
2096.0,0.25968480054,0.018886147044
2097.0,0.25975971846,0.018956937271
2098.0,0.25969294243,0.018969133393
2099.0,0.25950277404,0.018919338455
2100.0,0.25929171773,0.018831200011
2101.0,0.2591593037,0.018744002822
2102.0,0.25916364202,0.018700286581
2103.0,0.25929125036,0.018721285144
2104.0,0.25949754478,0.0187968419
2105.0,0.25969130389,0.018893058381
2106.0,0.2597733163,0.018967412422
2107.0,0.25970333259,0.018985444096
2108.0,0.25952831341,0.018938581718
2109.0,0.25932145001,0.018848181191
2110.0,0.25917693808,0.018756987046
2111.0,0.25916901971,0.01870660482
2112.0,0.25930425009,0.018720095407
2113.0,0.25951414637,0.018790969662
2114.0,0.25970648098,0.018887077176
2115.0,0.25978660247,0.018963523761
2116.0,0.25971719897,0.018985133652
2117.0,0.25952625733,0.018941269847
2118.0,0.25929967664,0.018851748295
2119.0,0.25913539349,0.018757319883
2120.0,0.25910385574,0.018700922474
2121.0,0.25922088875,0.018707109278
2122.0,0.25943016758,0.018772726146
2123.0,0.25962911737,0.018867884052
2124.0,0.25972583689,0.018947519799
2125.0,0.25967123044,0.018973447945
2126.0,0.25949082856,0.018933567475
2127.0,0.25926090426,0.018845369972
2128.0,0.25908265362,0.018748203379
2129.0,0.25902935721,0.018686438867
2130.0,0.25912182231,0.018687267869
2131.0,0.25931283585,0.01874906465
2132.0,0.25952118103,0.018842314324
2133.0,0.25964226412,0.018923503483
2134.0,0.2596145632,0.018953954945
2135.0,0.25944794487,0.018918965936
2136.0,0.25921726332,0.018832920013
2137.0,0.2590241174,0.018734005115
2138.0,0.2589566625,0.018667123782
2139.0,0.25903254653,0.018661344954
2140.0,0.25921520056,0.018718132279
2141.0,0.25942198373,0.018810184534
2142.0,0.25955283268,0.018893388953
2143.0,0.25953898437,0.018928373119
2144.0,0.2593814344,0.018898281961
2145.0,0.25914846524,0.018815196844
2146.0,0.25894031311,0.018716136723
2147.0,0.25885301666,0.018645722045
2148.0,0.25891686215,0.018635034583
2149.0,0.25909397921,0.018687954791
2150.0,0.25930277222,0.018779485719
2151.0,0.25944851102,0.018865929471
2152.0,0.25945537854,0.018907239327
2153.0,0.25932138692,0.018882909478
2154.0,0.25910303559,0.018805078178
2155.0,0.25890627071,0.018706346417
2156.0,0.25880503682,0.018633047967
2157.0,0.25886071708,0.018615730446
2158.0,0.25902680655,0.018664903305
2159.0,0.25924012327,0.018753057491
2160.0,0.25939225246,0.018841249719
2161.0,0.25941449041,0.018886239628
2162.0,0.25929564469,0.01886685836
2163.0,0.25909570617,0.018789685403
2164.0,0.2589054404,0.018689357959
2165.0,0.25880693034,0.018610496976
2166.0,0.25884869938,0.018587828046
2167.0,0.25901228288,0.018630283222
2168.0,0.25922117645,0.018716788637
2169.0,0.25937901148,0.018806006791
2170.0,0.25940576388,0.018855610671
2171.0,0.25928636515,0.01884158456
2172.0,0.25907874276,0.018769181613
2173.0,0.25887785808,0.018670246716
2174.0,0.25877285646,0.018588741414
2175.0,0.25880858292,0.018561445926
2176.0,0.25896771068,0.018599192985
2177.0,0.25917477351,0.018685175481
2178.0,0.25933478261,0.018777697122
2179.0,0.25936076036,0.01883518102
2180.0,0.25924034455,0.018827950859
2181.0,0.25902914081,0.018760896049
2182.0,0.25882472324,0.018661948724
2183.0,0.25872521454,0.01857780447
2184.0,0.25876465507,0.018545196511
2185.0,0.25893069377,0.018578752248
2186.0,0.25915215032,0.018661071088
2187.0,0.25932967467,0.0187530573
2188.0,0.25937588087,0.018810956624
2189.0,0.25926847173,0.018807145302
2190.0,0.25906039072,0.018742198381
2191.0,0.25884843449,0.018644089867
2192.0,0.25872535593,0.018556225976
2193.0,0.25875143591,0.018517830211
2194.0,0.25891647956,0.018546397485
2195.0,0.25913134307,0.018627297516
2196.0,0.25930016557,0.018721290839
2197.0,0.25934278513,0.018785486606
2198.0,0.25924191051,0.018787689578
2199.0,0.25904656473,0.018726582394
2200.0,0.25883137934,0.018629215968
2201.0,0.25870000062,0.01853974794
2202.0,0.25871194157,0.018499046753
2203.0,0.25886993999,0.01852614232
2204.0,0.259094205,0.018606157989
2205.0,0.25929149796,0.018705226126
2206.0,0.25936809033,0.018774019246
2207.0,0.25929107857,0.01878526968
2208.0,0.25909705252,0.01872926378
2209.0,0.25886466845,0.018635116086
2210.0,0.25872130553,0.018542004897
2211.0,0.25871949488,0.018496508468
2212.0,0.25887337176,0.018514752257
2213.0,0.25910803944,0.018591882182
2214.0,0.25932246398,0.018687147975
2215.0,0.25942102142,0.018758345496
2216.0,0.25934810143,0.018771011829
2217.0,0.25913883571,0.018719812367
2218.0,0.25889681148,0.018625575392
2219.0,0.25874590827,0.018531437859
2220.0,0.25875237765,0.018480010441
2221.0,0.2589028853,0.018496163437
2222.0,0.25913618664,0.018570432748
2223.0,0.25934357065,0.01867122482
2224.0,0.25945316778,0.018749329974
2225.0,0.25938795908,0.018774502059
2226.0,0.25921222876,0.018730632007
2227.0,0.25898553296,0.018643174086
2228.0,0.25883474583,0.018548115879
2229.0,0.25879176087,0.018493730432
2230.0,0.2589312799,0.018501821972
2231.0,0.25914795552,0.01857488681
2232.0,0.25937553366,0.01867428794
2233.0,0.25949162521,0.018758610155
2234.0,0.25945130983,0.018786100322
2235.0,0.25926461423,0.018749560906
2236.0,0.25902156465,0.01865849078
2237.0,0.25883264547,0.018560289288
2238.0,0.25877822193,0.018492965912
2239.0,0.25887339757,0.018494924844
2240.0,0.25907763533,0.018554442999
2241.0,0.2593026486,0.018652163226
2242.0,0.259442539,0.018735449119
2243.0,0.25943303222,0.018772434687
2244.0,0.25928100881,0.018740212671
2245.0,0.25906347125,0.018657706505
2246.0,0.25887374805,0.018560173515
2247.0,0.25881075947,0.018495199107
2248.0,0.25887775755,0.018492387863
2249.0,0.25906873916,0.018553902481
2250.0,0.25928322029,0.018655439934
2251.0,0.25945043648,0.018746654065
2252.0,0.2594433975,0.018791698054
2253.0,0.25931540225,0.018765215806
2254.0,0.25908951184,0.018689306291
2255.0,0.25893473617,0.018592133687
2256.0,0.25886394922,0.018524432998
2257.0,0.25896164838,0.018512840484
2258.0,0.25912736641,0.018570848064
2259.0,0.25934932142,0.018664149789
2260.0,0.25949896733,0.018756663225
2261.0,0.25952469854,0.018801543447
2262.0,0.25939288287,0.018785228827
2263.0,0.25918729388,0.018705439964
2264.0,0.25898435103,0.018605336796
2265.0,0.25888851985,0.018525889254
2266.0,0.25894896122,0.018508764946
2267.0,0.2591260783,0.018556257342
2268.0,0.2593322881,0.018648982203
2269.0,0.25949318657,0.018741406424
2270.0,0.25952097417,0.018794836228
2271.0,0.25939810033,0.018782487466
2272.0,0.25919563757,0.018713473699
2273.0,0.25898503407,0.018615234919
2274.0,0.25887639286,0.018539427785
2275.0,0.2589178156,0.018516352707
2276.0,0.25908359521,0.018556947557
2277.0,0.25930443128,0.018644581288
2278.0,0.25949401966,0.018739563277
2279.0,0.25953798616,0.018797968509
2280.0,0.25943541227,0.018794800325
2281.0,0.25921822796,0.01873246358
2282.0,0.25900310508,0.018638879947
2283.0,0.25887163339,0.018560400708
2284.0,0.25890713322,0.018532725378
2285.0,0.25908359773,0.018569950358
2286.0,0.25933483969,0.018657548711
2287.0,0.25951823885,0.018757801619
2288.0,0.25957524882,0.018824817725
2289.0,0.25948098797,0.018830106181
2290.0,0.25930916991,0.018771682704
2291.0,0.25913433909,0.018681083285
2292.0,0.25903151883,0.018598928658
2293.0,0.25905856221,0.018566851736
2294.0,0.25920862087,0.018600412344
2295.0,0.25943354353,0.018686911462
2296.0,0.25960261592,0.018785965778
2297.0,0.25966579724,0.018854963525
2298.0,0.25957513494,0.018862585483
2299.0,0.25940506697,0.018808039319
2300.0,0.25919845471,0.018715766935
2301.0,0.25910109605,0.018632751308
2302.0,0.25912788576,0.018592729068
2303.0,0.25928540686,0.018619921882
2304.0,0.25948218033,0.018701303761
2305.0,0.25965982076,0.018801524615
2306.0,0.25972251938,0.01887129406
2307.0,0.25966439652,0.018882872385
2308.0,0.2594935384,0.018831937364
2309.0,0.25930902897,0.01874308786
2310.0,0.25918876024,0.018657801784
2311.0,0.25920977674,0.01861610496
2312.0,0.25934348238,0.018637749384
2313.0,0.25955893533,0.018714572468
2314.0,0.2597396201,0.018811605717
2315.0,0.25982077917,0.018887244686
2316.0,0.25973933305,0.018905088304
2317.0,0.25956077518,0.018859327725
2318.0,0.2593434606,0.018771114936
2319.0,0.25920622729,0.018681507773
2320.0,0.25919843605,0.018632282329
2321.0,0.25933643475,0.018648356793
2322.0,0.25954921365,0.018721486734
2323.0,0.25975135594,0.018819184237
2324.0,0.25984173218,0.01889717493
2325.0,0.25979076096,0.018922344246
2326.0,0.25960331085,0.018881956019
2327.0,0.25939401112,0.018797412155
2328.0,0.2592360103,0.018706653938
2329.0,0.25921267302,0.018653341977
2330.0,0.25932411634,0.018662044341
2331.0,0.25952618766,0.018732196146
2332.0,0.25971651411,0.018829029075
2333.0,0.25983531143,0.018910126806
2334.0,0.25979468081,0.018939130628
2335.0,0.25963174582,0.01890568844
2336.0,0.25940325577,0.018824090231
2337.0,0.25922124938,0.018733436465
2338.0,0.2591636702,0.018674670347
2339.0,0.25927573521,0.018676627317
2340.0,0.25948962679,0.018738632384
2341.0,0.25971691822,0.018835374708
2342.0,0.25984459387,0.018922304975
2343.0,0.25982623213,0.018960289843
2344.0,0.25966553417,0.018931954798
2345.0,0.25944794875,0.018852372849
2346.0,0.25926559137,0.018759245605
2347.0,0.25920250196,0.01869560154
2348.0,0.25928591134,0.018691139025
2349.0,0.25948116153,0.018749786211
2350.0,0.2597023744,0.01884445686
2351.0,0.25984464771,0.018932302045
2352.0,0.25983493957,0.018972642013
2353.0,0.25968860279,0.018948362047
2354.0,0.2594815556,0.01887086537
2355.0,0.25930921964,0.018776150595
2356.0,0.25923593367,0.018708032099
2357.0,0.25930624879,0.018698816659
2358.0,0.25949174496,0.018752255545
2359.0,0.25970610822,0.018844432559
2360.0,0.25984307455,0.018932035133
2361.0,0.25984260564,0.018975612239
2362.0,0.25970367562,0.018954032875
2363.0,0.25948979076,0.018877877784
2364.0,0.25929225219,0.018781172313
2365.0,0.25920902553,0.018708811528
2366.0,0.25927315168,0.018693542598
2367.0,0.25944994623,0.018742340874
2368.0,0.25966066632,0.018831924612
2369.0,0.25981091374,0.018921413499
2370.0,0.25981608805,0.018968686173
2371.0,0.25967700667,0.01895258137
2372.0,0.25944714425,0.018878867659
2373.0,0.25923729235,0.018781069863
2374.0,0.25914141645,0.018703317167
2375.0,0.25920086233,0.018681273385
2376.0,0.25937884799,0.018724359393
2377.0,0.25960285631,0.018811955037
2378.0,0.25976183109,0.018902732217
2379.0,0.25977867766,0.018953879107
2380.0,0.25964044526,0.018940792998
2381.0,0.2594160206,0.018869125249
2382.0,0.25919820125,0.018770247057
2383.0,0.25908470695,0.018688606439
2384.0,0.25912735454,0.018660853347
2385.0,0.2593024575,0.018699233795
2386.0,0.25952095828,0.018784400999
2387.0,0.25968054637,0.018876578555
2388.0,0.25969796625,0.018931752335
2389.0,0.25956795563,0.018923636294
2390.0,0.25934763216,0.018854776673
2391.0,0.25913326553,0.018755603097
2392.0,0.25901497375,0.018669779676
2393.0,0.2590504038,0.018636615517
2394.0,0.25921531457,0.018669775379
2395.0,0.2594280736,0.018752423895
2396.0,0.25959494692,0.018845759947
2397.0,0.2596330066,0.018905771592
2398.0,0.2595186279,0.018903205428
2399.0,0.25930379846,0.018838543412
2400.0,0.25909171937,0.01873992337
2401.0,0.25896699234,0.018652053078
2402.0,0.25898471774,0.018614350758
2403.0,0.25912942052,0.018643632446
2404.0,0.25934280375,0.01872393498
2405.0,0.25951772669,0.018819443355
2406.0,0.25957916335,0.018883478879
2407.0,0.25948625435,0.018887746467
2408.0,0.25928508796,0.018827828417
2409.0,0.25906047102,0.018730655728
2410.0,0.25891758548,0.01863907654
2411.0,0.25892428001,0.018594438017
2412.0,0.25907305838,0.018615810859
2413.0,0.2592982395,0.018692643999
2414.0,0.25949395126,0.018787621639
2415.0,0.25957049391,0.018854851123
2416.0,0.25949826892,0.018862877078
2417.0,0.25931387391,0.018807481736
2418.0,0.25910099495,0.018711367815
2419.0,0.25895508347,0.018617877531
2420.0,0.25894008642,0.01856791243
2421.0,0.25906515737,0.018584163047
2422.0,0.25926731771,0.018658079615
2423.0,0.25945645906,0.018754436697
2424.0,0.25953992012,0.018825884903
2425.0,0.25947630577,0.018840250742
2426.0,0.25929281213,0.018789518242
2427.0,0.25907312392,0.018696413663
2428.0,0.25891844229,0.018602606553
2429.0,0.25889998749,0.018550513621
2430.0,0.25901744374,0.018564035672
2431.0,0.25922473782,0.018634277414
2432.0,0.25942458141,0.018729758582
2433.0,0.25952948848,0.018804904712
2434.0,0.25948197949,0.018824662023
2435.0,0.25930921157,0.01877794398
2436.0,0.25908679667,0.018685171354
2437.0,0.25891817627,0.018587775957
2438.0,0.25888223096,0.01853006212
2439.0,0.25899628565,0.018536841955
2440.0,0.25921428986,0.018603858879
2441.0,0.25943849197,0.018698813621
2442.0,0.25955696597,0.018775830939
2443.0,0.25951253069,0.018799392569
2444.0,0.25932476674,0.018757734737
2445.0,0.2590828414,0.018668680443
2446.0,0.25890113151,0.018569904441
2447.0,0.25885225082,0.018508213625
2448.0,0.25895948326,0.018508087871
2449.0,0.2591639535,0.018571951969
2450.0,0.2593793811,0.01866787423
2451.0,0.25949790719,0.018754706618
2452.0,0.25947932588,0.01878665602
2453.0,0.25930715907,0.018753819914
2454.0,0.25907163561,0.018667366471
2455.0,0.25888171613,0.018569383923
2456.0,0.25883527371,0.018501250046
2457.0,0.25893541144,0.018497251276
2458.0,0.25915070114,0.018555506409
2459.0,0.25937903583,0.018652598211
2460.0,0.25952150922,0.018740495911
2461.0,0.25950724142,0.018781526687
2462.0,0.25934688964,0.018753620803
2463.0,0.25911731126,0.018671357226
2464.0,0.2589172897,0.018568749265
2465.0,0.25883434859,0.018495784432
2466.0,0.25890697396,0.018482811993
2467.0,0.25910558163,0.01853519374
2468.0,0.25933950806,0.018628313094
2469.0,0.25950179668,0.018719660295
2470.0,0.25951802908,0.018765699742
2471.0,0.25938115615,0.018746298485
2472.0,0.25915867429,0.018669330062
2473.0,0.25895877534,0.018571423626
2474.0,0.25887247746,0.018496950636
2475.0,0.25894862028,0.018484724614
2476.0,0.25915060129,0.018535022407
2477.0,0.25937951615,0.018630630545
2478.0,0.2595428466,0.018724928991
2479.0,0.25956068212,0.01877924353
2480.0,0.25945447155,0.018764824875
2481.0,0.25924659571,0.018693282735
2482.0,0.25905235358,0.0185914291
2483.0,0.25894309135,0.018513686191
2484.0,0.25898174989,0.018490080422
2485.0,0.2591369858,0.018537242115
2486.0,0.25934599821,0.018626337474
2487.0,0.25950420452,0.01871977147
2488.0,0.25954063973,0.018771695312
2489.0,0.25941919451,0.018760297299
2490.0,0.25922135783,0.018689510872
2491.0,0.25901817484,0.018588297558
2492.0,0.25891167557,0.01851036492
2493.0,0.25896598886,0.018481969059
2494.0,0.25914865556,0.018524052824
2495.0,0.25939767096,0.018609341765
2496.0,0.25956569105,0.018707871975
2497.0,0.25960790847,0.01876764494
2498.0,0.25946305725,0.018769061925
2499.0,0.25925360788,0.01870674272
2500.0,0.25905594734,0.018613938087
2501.0,0.2589709657,0.018532326044
2502.0,0.25900738925,0.018503779118
2503.0,0.25920099341,0.018538923854
2504.0,0.2594285064,0.018627663692
2505.0,0.25962612928,0.018725382239
2506.0,0.25966327768,0.018794181422
2507.0,0.25958527592,0.018796352892
2508.0,0.2593907986,0.018736902519
2509.0,0.25919372452,0.018640254354
2510.0,0.25905268852,0.018552888687
2511.0,0.25907317646,0.018511141645
2512.0,0.259213935,0.018539405274
2513.0,0.25942776179,0.01862065372
2514.0,0.25960995729,0.018721948945
2515.0,0.25968317898,0.018789385812
2516.0,0.25958868706,0.018798957693
2517.0,0.25937287281,0.01874021151
2518.0,0.25915111622,0.018646102581
2519.0,0.25900366962,0.018553821946
2520.0,0.25901237608,0.018511057801
2521.0,0.25916800675,0.018535280163
2522.0,0.25939926332,0.018615039917
2523.0,0.25959868361,0.018713227245
2524.0,0.25966931129,0.018788758937
2525.0,0.25956790879,0.018805337395
2526.0,0.25934169832,0.018755544127
2527.0,0.25909929116,0.018664695959
2528.0,0.25895424968,0.018572333293
2529.0,0.25896319679,0.018523985872
2530.0,0.25913151092,0.018540717808
2531.0,0.25938895377,0.018616592197
2532.0,0.25963088347,0.01871873439
2533.0,0.25973203931,0.018801221311
2534.0,0.25966131555,0.018826731005
2535.0,0.25945543361,0.01878430906
2536.0,0.25921907093,0.018696565756
2537.0,0.2590542299,0.018605891298
2538.0,0.25903066938,0.018553983902
2539.0,0.25917808963,0.018567609344
2540.0,0.25941782106,0.018641898803
2541.0,0.25962818159,0.018744973995
2542.0,0.25973510951,0.018829877394
2543.0,0.25969046631,0.018859299047
2544.0,0.25952018393,0.018821088613
2545.0,0.259314407,0.018735894063
2546.0,0.25916405012,0.018642952131
2547.0,0.25915170554,0.018587062965
2548.0,0.25928989349,0.018594703082
2549.0,0.25950700633,0.018664471582
2550.0,0.2597097843,0.018764152892
2551.0,0.25981152368,0.018849634813
2552.0,0.25977916204,0.018880990711
2553.0,0.25963308262,0.01884851705
2554.0,0.25941575086,0.018765789522
2555.0,0.25925586718,0.018674668785
2556.0,0.25920312671,0.018614017174
2557.0,0.25931915691,0.018617072563
2558.0,0.25952913567,0.018678756782
2559.0,0.25976428861,0.018778203011
2560.0,0.25989005275,0.018867193291
2561.0,0.25987197968,0.018907612393
2562.0,0.25971747595,0.018877938024
2563.0,0.25951867966,0.018796894665
2564.0,0.25934603241,0.018701448875
2565.0,0.25930312165,0.018637176509
2566.0,0.25939495332,0.01863224958
2567.0,0.25960017543,0.018690323017
2568.0,0.25982196767,0.018785375414
2569.0,0.25998127702,0.018876533227
2570.0,0.25997437479,0.018921540516
2571.0,0.25982106571,0.018900552594
2572.0,0.25958729875,0.018823941437
2573.0,0.25939666973,0.018728207696
2574.0,0.25931449615,0.018658513145
2575.0,0.25938906345,0.018648114641
2576.0,0.25958115162,0.018700223832
2577.0,0.2598094392,0.018794355931
2578.0,0.25995925803,0.018887995804
2579.0,0.25995651101,0.018938707661
2580.0,0.25980204358,0.018923873173
2581.0,0.25958012788,0.018850547363
2582.0,0.25938117536,0.018753245484
2583.0,0.25931401084,0.018677662789
2584.0,0.25939610139,0.018660005179
2585.0,0.2595804597,0.018709225247
2586.0,0.25977966561,0.018802768498
2587.0,0.25991535914,0.018898326642
2588.0,0.25992660555,0.018952576664
2589.0,0.2598006895,0.018942121505
2590.0,0.25958562657,0.018874272125
2591.0,0.25938859629,0.018779376106
2592.0,0.2592984771,0.018700504971
2593.0,0.25936308025,0.018676258288
2594.0,0.25955037334,0.018717973153
2595.0,0.25977792429,0.018808500589
2596.0,0.25994118563,0.018906084697
2597.0,0.25996439204,0.018966150947
2598.0,0.25983278373,0.018962986426
2599.0,0.2596138525,0.018898312972
2600.0,0.25940314237,0.018802081277
2601.0,0.25929214108,0.018718947688
2602.0,0.25932889095,0.018687224413
2603.0,0.25949992904,0.018721965488
2604.0,0.25972249315,0.018807630393
2605.0,0.25990196867,0.018904635769
2606.0,0.25995175184,0.018967494956
2607.0,0.2598535849,0.018968842987
2608.0,0.25965637621,0.01890771784
2609.0,0.25944711875,0.018811968677
2610.0,0.25931153835,0.0187254648
2611.0,0.25931907549,0.018687074859
2612.0,0.25946755088,0.018713875235
2613.0,0.25968188313,0.018793977856
2614.0,0.25986479242,0.018890166627
2615.0,0.25992947506,0.018957338159
2616.0,0.2598450812,0.018964130547
2617.0,0.25964381255,0.018908007051
2618.0,0.25942039808,0.018813648738
2619.0,0.25927811628,0.018723050093
2620.0,0.25927296364,0.018678028037
2621.0,0.25940450827,0.018698981516
2622.0,0.25961343862,0.018774709552
2623.0,0.25980533105,0.018869840792
2624.0,0.25988252501,0.018939091423
2625.0,0.25980384331,0.018950243583
2626.0,0.25960412417,0.018897655382
2627.0,0.25937523942,0.018803831045
2628.0,0.25921873122,0.018711014857
2629.0,0.2592063231,0.018661296211
2630.0,0.25933745755,0.01867615851
2631.0,0.25955286273,0.018747638131
2632.0,0.25974703227,0.018841725203
2633.0,0.2598218057,0.01891421838
2634.0,0.25974272032,0.018930508122
2635.0,0.25954619645,0.018882266522
2636.0,0.25931206567,0.018790439913
2637.0,0.25914578863,0.018695935376
2638.0,0.25912218531,0.018641449413
2639.0,0.25925114755,0.018651547823
2640.0,0.25946896721,0.018720023955
2641.0,0.25967458967,0.018814494565
2642.0,0.25976986815,0.018890409009
2643.0,0.25970445037,0.018911820965
2644.0,0.25951097336,0.018867749319
2645.0,0.25927705685,0.018777684019
2646.0,0.25910723727,0.018681334297
2647.0,0.25907156968,0.018622274114
2648.0,0.25918366273,0.018626551315
2649.0,0.25938821206,0.018690770939
2650.0,0.25959508314,0.018785441033
2651.0,0.25970124243,0.018865202808
2652.0,0.25965325721,0.018891992568
2653.0,0.25947351802,0.018853719372
2654.0,0.25924569791,0.018765937618
2655.0,0.25906888271,0.018668318705
2656.0,0.25902069642,0.018604803788
2657.0,0.25911542248,0.018604591008
2658.0,0.25931084707,0.018665111356
2659.0,0.25951790264,0.018757617068
2660.0,0.259645849,0.018838416174
2661.0,0.25962942618,0.01886905836
2662.0,0.25947160977,0.018834967324
2663.0,0.25924914966,0.018749147002
2664.0,0.25906602702,0.018649650695
2665.0,0.25900746709,0.018580465923
2666.0,0.25909513245,0.018572625057
2667.0,0.2592880498,0.018628095316
2668.0,0.25949828791,0.018719766015
2669.0,0.25962722404,0.018804831271
2670.0,0.25961216921,0.018842517419
2671.0,0.25945851801,0.018814581491
2672.0,0.25923536791,0.01873234438
2673.0,0.25904498476,0.018632892178
2674.0,0.25897072234,0.018559827413
2675.0,0.25904802804,0.018547628924
2676.0,0.25923480626,0.018599132578
2677.0,0.25943963513,0.018693774681
2678.0,0.25957819734,0.018782766019
2679.0,0.25957666287,0.018828061677
2680.0,0.2594377871,0.018805720192
2681.0,0.25922185967,0.018726743071
2682.0,0.259035928,0.018625121611
2683.0,0.25896030417,0.01854730499
2684.0,0.25903242933,0.018527005779
2685.0,0.25921636121,0.018573086399
2686.0,0.25943143148,0.018662776696
2687.0,0.25958284968,0.018754177062
2688.0,0.2596023995,0.018803238364
2689.0,0.25948484918,0.018786248144
2690.0,0.25927861947,0.018710381626
2691.0,0.25908548247,0.018609716071
2692.0,0.25898834934,0.018528458214
2693.0,0.25903303102,0.018503827557
2694.0,0.2591937787,0.018544761207
2695.0,0.25939900162,0.018632571397
2696.0,0.25955295139,0.018724213138
2697.0,0.25958732436,0.018778817598
2698.0,0.2594774847,0.018769400048
2699.0,0.2592644143,0.018700544857
2700.0,0.25907079873,0.018601289395
2701.0,0.25896196192,0.01852127295
2702.0,0.25901654103,0.01849272782
2703.0,0.25917276173,0.018531769071
2704.0,0.25940000044,0.018617823274
2705.0,0.25957396572,0.018712306501
2706.0,0.25961978905,0.018770657945
2707.0,0.25950994824,0.018766629583
2708.0,0.25930243006,0.018701579089
2709.0,0.25909432025,0.018604230547
2710.0,0.25898020921,0.018519790396
2711.0,0.25902500644,0.018486113294
2712.0,0.25920026254,0.018516289062
2713.0,0.25942786388,0.018598504157
2714.0,0.25960876524,0.018692060558
2715.0,0.25963558605,0.018753661548
2716.0,0.25951188062,0.018755164673
2717.0,0.25930501219,0.018694801273
2718.0,0.25911824293,0.018600361999
2719.0,0.25900809765,0.018514134407
2720.0,0.25903181487,0.018478677051
2721.0,0.25919705296,0.01850601367
2722.0,0.2594032698,0.018589407541
2723.0,0.25960064106,0.018685590618
2724.0,0.25965659153,0.018758123467
2725.0,0.25959784951,0.018765337129
2726.0,0.25939547856,0.018713592083
2727.0,0.25920053435,0.01861904353
2728.0,0.2590649282,0.018532490025
2729.0,0.25908619531,0.018488627768
2730.0,0.25922654963,0.01851325324
2731.0,0.25944084241,0.01859168173
2732.0,0.25963763156,0.01869018684
2733.0,0.25971509714,0.018763154835
2734.0,0.25962010712,0.018777794907
2735.0,0.25942769821,0.018725640286
2736.0,0.25920303609,0.018631391291
2737.0,0.25905652968,0.018536371156
2738.0,0.2590450689,0.01848469384
2739.0,0.25918044732,0.018498625839
2740.0,0.25939924589,0.018573597596
2741.0,0.259608471,0.018670684176
2742.0,0.25970477462,0.018751418038
2743.0,0.25965162528,0.018771352609
2744.0,0.2594452651,0.018731202752
2745.0,0.25922361848,0.018640239114
2746.0,0.2590491671,0.018550898044
2747.0,0.25903846338,0.018494198315
2748.0,0.25915509149,0.018510061114
2749.0,0.25938941109,0.018580792457
2750.0,0.25958442561,0.018686245103
2751.0,0.25972130545,0.018767594421
2752.0,0.25967106299,0.018801739598
2753.0,0.25953584267,0.018762778625
2754.0,0.25931129562,0.018681384282
2755.0,0.25915816202,0.018584725766
2756.0,0.25910005458,0.018528576471
2757.0,0.25920415247,0.018529478536
2758.0,0.25939514511,0.018597563761
2759.0,0.25961327876,0.01869124464
2760.0,0.25972408396,0.018777435129
2761.0,0.2596988071,0.018808780012
2762.0,0.25953646482,0.01877714984
2763.0,0.2593206593,0.018690078149
2764.0,0.25915213665,0.018595751012
2765.0,0.25909284599,0.018530037788
2766.0,0.25917203775,0.018528220726
2767.0,0.25935538779,0.018584182281
2768.0,0.2595654803,0.018680846763
2769.0,0.25970098928,0.018767277115
2770.0,0.25969538702,0.018808222223
2771.0,0.25954465757,0.018784621993
2772.0,0.25932916296,0.018707554974
2773.0,0.25913474697,0.018612406214
2774.0,0.2590765747,0.018544541715
2775.0,0.25915412273,0.018533004235
2776.0,0.25935287005,0.018587502109
2777.0,0.25957197319,0.018681165576
2778.0,0.25972907413,0.018773373036
2779.0,0.25972596583,0.018818891358
2780.0,0.25958460256,0.018801663175
2781.0,0.25937414941,0.018728885325
2782.0,0.25920800945,0.018635147243
2783.0,0.2591508887,0.018564851672
2784.0,0.25923276919,0.018550440146
2785.0,0.25943531492,0.018604203164
2786.0,0.25966053286,0.018697935613
2787.0,0.25982219391,0.018795189605
2788.0,0.25982842932,0.018848092301
2789.0,0.25969627069,0.018838692811
2790.0,0.25948284399,0.018767913378
2791.0,0.25928112249,0.01867455959
2792.0,0.25917275747,0.01859830591
2793.0,0.25924863007,0.018580078054
2794.0,0.25945795447,0.018624175887
2795.0,0.25971586619,0.018717589546
2796.0,0.25989033166,0.018815493612
2797.0,0.25994065286,0.018875984934
2798.0,0.25983129377,0.018870686501
2799.0,0.2596217542,0.018805640469
2800.0,0.25939815688,0.018710844392
2801.0,0.25928973493,0.018630549708
2802.0,0.25932971876,0.018602247541
2803.0,0.25950161822,0.018640404376
2804.0,0.25972057607,0.018729092058
2805.0,0.25990032766,0.018826665979
2806.0,0.25996134517,0.018888674762
2807.0,0.259872563,0.0188877472
2808.0,0.25968054725,0.018827998261
2809.0,0.2594745246,0.018734861848
2810.0,0.25935500158,0.018653132031
2811.0,0.25937457177,0.018621787995
2812.0,0.25952678701,0.018655035435
2813.0,0.25974593882,0.018740242816
2814.0,0.25994023152,0.018839236907
2815.0,0.26000473272,0.018905072955
2816.0,0.25992156139,0.018910143853
2817.0,0.25972511067,0.018852909745
2818.0,0.25951114255,0.018759216904
2819.0,0.25937527777,0.018673962627
2820.0,0.25939159691,0.018636775649
2821.0,0.25955445119,0.018666266148
2822.0,0.25977789769,0.018748942349
2823.0,0.25995838158,0.018848987977
2824.0,0.2600267637,0.018920257522
2825.0,0.25994890742,0.01893246899
2826.0,0.25975588168,0.01887972377
2827.0,0.25954191955,0.018787643828
2828.0,0.25941638885,0.018698628585
2829.0,0.25942638387,0.018656323778
2830.0,0.25956256629,0.018680903246
2831.0,0.25976139186,0.018761717861
2832.0,0.2599353885,0.018861344021
2833.0,0.26000418362,0.018934926773
2834.0,0.25993179504,0.018949756532
2835.0,0.25975328988,0.01889984702
2836.0,0.25955187134,0.018808082599
2837.0,0.25941643893,0.018718094968
2838.0,0.25941868918,0.018672476517
2839.0,0.25954807514,0.018692166818
2840.0,0.25975197819,0.018768548636
2841.0,0.2599287493,0.018866844808
2842.0,0.25999927188,0.018942885533
2843.0,0.25991957141,0.018962624743
2844.0,0.2597285254,0.018918221578
2845.0,0.25951740623,0.018829427938
2846.0,0.25938304504,0.018737301784
2847.0,0.25938218876,0.018684793647
2848.0,0.25951805337,0.018697485779
2849.0,0.25972948963,0.018769731447
2850.0,0.25992764393,0.018868519597
2851.0,0.26002036866,0.018947640873
2852.0,0.25996732479,0.018971432437
2853.0,0.25978106821,0.018930145383
2854.0,0.25954621535,0.018841801553
2855.0,0.25937101264,0.018745780224
2856.0,0.25933847634,0.018686819336
2857.0,0.25945828579,0.018691769629
2858.0,0.25967469327,0.018757458971
2859.0,0.25989354642,0.018853573033
2860.0,0.26001031628,0.018935717814
2861.0,0.25997220231,0.018965770381
2862.0,0.25979895685,0.018930275981
2863.0,0.25956535068,0.018844700527
2864.0,0.2593774559,0.018747502752
2865.0,0.25932493148,0.018683370622
2866.0,0.25942994926,0.018680927381
2867.0,0.25963373639,0.018740383969
2868.0,0.25984201316,0.018834453501
2869.0,0.25995374439,0.018918862807
2870.0,0.25991242605,0.018952471356
2871.0,0.2597396825,0.018920185653
2872.0,0.25951120491,0.018835481368
2873.0,0.25933072756,0.01873652674
2874.0,0.25927792621,0.018667824758
2875.0,0.25937151362,0.018660250073
2876.0,0.25956577878,0.018715504697
2877.0,0.25977015011,0.018807396078
2878.0,0.25988624606,0.018892419425
2879.0,0.25985060204,0.018930324456
2880.0,0.25967545782,0.018902807279
2881.0,0.25944284483,0.018821330898
2882.0,0.2592526915,0.0187219335
2883.0,0.25918268509,0.018649445966
2884.0,0.25925805158,0.018636077196
2885.0,0.25944277254,0.018687238548
2886.0,0.25965289388,0.018778339007
2887.0,0.25978590636,0.018866009568
2888.0,0.2597770264,0.018909155574
2889.0,0.25962688665,0.01888697466
2890.0,0.2594054769,0.018808493747
2891.0,0.25920782695,0.018708054874
2892.0,0.25911981617,0.018630790461
2893.0,0.25918196509,0.018611542853
2894.0,0.25936226694,0.018657593995
2895.0,0.259580269,0.018747051769
2896.0,0.25973044802,0.018838179482
2897.0,0.25974389675,0.018887255473
2898.0,0.25961424894,0.018871129029
2899.0,0.25939758924,0.018796726275
2900.0,0.25919122279,0.018696939684
2901.0,0.25909303485,0.018616107986
2902.0,0.25914397372,0.018591733111
2903.0,0.25932157792,0.01863339203
2904.0,0.25954057606,0.018721937277
2905.0,0.2597030792,0.01881513001
2906.0,0.25972861216,0.018869648715
2907.0,0.25960688266,0.018858876446
2908.0,0.25939691786,0.018787269406
2909.0,0.25919700726,0.01868596805
2910.0,0.25909386745,0.018600701306
2911.0,0.25914183454,0.018569080811
2912.0,0.25931612333,0.018604593592
2913.0,0.25954216316,0.018689451233
2914.0,0.25971943199,0.0187837901
2915.0,0.25976473967,0.018842518252
2916.0,0.25965821786,0.018838116562
2917.0,0.25944899798,0.01877078471
2918.0,0.25923153006,0.018671133226
2919.0,0.25910296521,0.018583232646
2920.0,0.25912296562,0.018546906384
2921.0,0.25927811758,0.018577664106
2922.0,0.25949819832,0.018660334426
2923.0,0.25968342065,0.01875570467
2924.0,0.25974190013,0.018819057043
2925.0,0.25964556791,0.018822419261
2926.0,0.25943808637,0.018761404311
2927.0,0.25921496941,0.018665097903
2928.0,0.25908630605,0.018573960908
2929.0,0.25909922584,0.018532352301
2930.0,0.25926111046,0.018555163359
2931.0,0.25948491717,0.018634509789
2932.0,0.25968015023,0.018729341002
2933.0,0.25975758218,0.018796723773
2934.0,0.25968207239,0.018803788498
2935.0,0.25948598359,0.018746964382
2936.0,0.25926225143,0.018650786329
2937.0,0.25911715293,0.018558510661
2938.0,0.25911590777,0.018510807425
2939.0,0.25925609904,0.018528463044
2940.0,0.25947836378,0.018602501758
2941.0,0.25967609013,0.018697637022
2942.0,0.25975719382,0.018767981685
2943.0,0.25967925618,0.018782437373
2944.0,0.25949379392,0.01872962161
2945.0,0.25927658161,0.018637381361
2946.0,0.25912167302,0.018543040372
2947.0,0.25909576866,0.018493041059
2948.0,0.2592076195,0.018508569452
2949.0,0.25941275621,0.018582516754
2950.0,0.25961531961,0.018678767759
2951.0,0.25972444558,0.018753984082
2952.0,0.25967188821,0.018771641554
2953.0,0.25950032824,0.018725366271
2954.0,0.25929336984,0.018632805161
2955.0,0.25912780745,0.018539273256
2956.0,0.2590922576,0.018484521202
2957.0,0.25919547407,0.018496468619
2958.0,0.25940136404,0.018566482093
2959.0,0.25961347212,0.01866218022
2960.0,0.25973044314,0.018740645307
2961.0,0.25969743595,0.01876374311
2962.0,0.25952517709,0.01872114391
2963.0,0.25928734677,0.01863114317
2964.0,0.25909947329,0.018534592167
2965.0,0.2590609263,0.018475220272
2966.0,0.25918370767,0.018480234527
2967.0,0.25939575141,0.018545939058
2968.0,0.25961559596,0.018643970351
2969.0,0.25973918593,0.018729389452
2970.0,0.25971759238,0.018761711991
2971.0,0.25954814598,0.018728730848
2972.0,0.25933354779,0.01864283577
2973.0,0.2591676237,0.018546622437
2974.0,0.2591243008,0.018483552682
2975.0,0.25922204688,0.018486552938
2976.0,0.2594185023,0.018551851011
2977.0,0.25963136082,0.018651255575
2978.0,0.25977479121,0.018738167686
2979.0,0.2597580741,0.018775822068
2980.0,0.25960441486,0.018746832869
2981.0,0.25937688078,0.018665641413
2982.0,0.25919110011,0.018568437986
2983.0,0.25911683889,0.018497802446
2984.0,0.25918667254,0.018489137383
2985.0,0.25936907238,0.018544669516
2986.0,0.25957196141,0.018639983497
2987.0,0.25972163568,0.018728294556
2988.0,0.25973535818,0.018771376314
2989.0,0.25960718587,0.018747123749
2990.0,0.25940482232,0.018670095156
2991.0,0.25923129347,0.018572576447
2992.0,0.25915385156,0.018503491374
2993.0,0.25921752061,0.018491397756
2994.0,0.25937966796,0.018544698437
2995.0,0.25959585343,0.018638977803
2996.0,0.25974855859,0.018732578327
2997.0,0.25978795122,0.018783146876
2998.0,0.25967982982,0.018768849311
2999.0,0.25949751289,0.018697129113
3000.0,0.25931583377,0.018603704207
3001.0,0.25923149472,0.018532658739
3002.0,0.25929312833,0.018517966056
3003.0,0.25946796505,0.018568120097
3004.0,0.25969104323,0.018658130072
3005.0,0.25984706106,0.018749884715
3006.0,0.25987169477,0.018801499128
3007.0,0.25974716336,0.018791556923
3008.0,0.25953660654,0.018722297759
3009.0,0.2593225522,0.018628534316
3010.0,0.2592334318,0.018550446614
3011.0,0.25929919899,0.018526486733
3012.0,0.25948411969,0.018564401363
3013.0,0.25970684032,0.01865105019
3014.0,0.25986488864,0.018745195018
3015.0,0.25989047391,0.01880273332
3016.0,0.25976199322,0.01879540099
3017.0,0.25955217463,0.018728914044
3018.0,0.25934403518,0.018633145654
3019.0,0.2592290905,0.018554623618
3020.0,0.25926671697,0.018527114021
3021.0,0.2594321338,0.018566028179
3022.0,0.2596494811,0.018652114277
3023.0,0.25981442205,0.018748406187
3024.0,0.25984634903,0.018808545642
3025.0,0.25973452448,0.018809330242
3026.0,0.25951759832,0.018747736386
3027.0,0.25931650863,0.01865479676
3028.0,0.25921592982,0.018570653187
3029.0,0.25927246045,0.018538054655
3030.0,0.25944468879,0.018570920287
3031.0,0.25966941098,0.018657690016
3032.0,0.25985229929,0.018756644997
3033.0,0.25991096275,0.018826263197
3034.0,0.25981001756,0.018835244699
3035.0,0.25959950825,0.018781448744
3036.0,0.25940338488,0.018691662135
3037.0,0.25928730324,0.018606885808
3038.0,0.25932557659,0.01856839535
3039.0,0.25948666391,0.018595171901
3040.0,0.259710312,0.018677682796
3041.0,0.25990657047,0.018778484308
3042.0,0.25997435709,0.018852041772
3043.0,0.25989600643,0.018867304418
3044.0,0.25971368313,0.018818223515
3045.0,0.25950148609,0.018729174417
3046.0,0.25937120333,0.018643165243
3047.0,0.25937745625,0.018599441222
3048.0,0.2595191142,0.018619949144
3049.0,0.25973517847,0.018696051182
3050.0,0.25993298618,0.018794719856
3051.0,0.26002896476,0.018871145717
3052.0,0.25996868679,0.01889091501
3053.0,0.25978317874,0.018847371736
3054.0,0.25956118998,0.018761635579
3055.0,0.25942161752,0.018671640634
3056.0,0.25941435964,0.018622126373
3057.0,0.25954525447,0.018636961325
3058.0,0.25976615743,0.018710321273
3059.0,0.2599733715,0.0188088345
3060.0,0.26007772423,0.018889404935
3061.0,0.26002338748,0.018914346788
3062.0,0.25984775736,0.018874846237
3063.0,0.25962146684,0.01878840097
3064.0,0.25945878778,0.01869587582
3065.0,0.25942195146,0.018640816128
3066.0,0.25954841906,0.01864998938
3067.0,0.2597570262,0.018718807472
3068.0,0.2599709747,0.018817103151
3069.0,0.26008336331,0.018898474107
3070.0,0.26004549052,0.018927701245
3071.0,0.25988145443,0.018893163681
3072.0,0.25967891964,0.018810518586
3073.0,0.25951496132,0.018719350069
3074.0,0.25946990063,0.018660636212
3075.0,0.25956172173,0.018663560428
3076.0,0.25974609849,0.018726922573
3077.0,0.25995264408,0.018821977187
3078.0,0.26006091151,0.018905558952
3079.0,0.2600314874,0.018941365617
3080.0,0.25987099813,0.018912704528
3081.0,0.25965562561,0.018833233876
3082.0,0.25947814111,0.018739546214
3083.0,0.25944385534,0.018675608397
3084.0,0.2595545378,0.018671439596
3085.0,0.25975890803,0.018731900675
3086.0,0.25995425579,0.018828194599
3087.0,0.26007385037,0.018916919777
3088.0,0.26004202577,0.018956563668
3089.0,0.25989147141,0.018930950203
3090.0,0.25967555656,0.018851532057
3091.0,0.2594976043,0.01875596673
3092.0,0.25942878501,0.018686243767
3093.0,0.25950577436,0.018677519985
3094.0,0.25969152554,0.018733335552
3095.0,0.25990727097,0.018827714496
3096.0,0.26004428439,0.018918273136
3097.0,0.26003181049,0.018963568359
3098.0,0.25989056249,0.018943195685
3099.0,0.25969095186,0.018866939604
3100.0,0.2595162262,0.018769931186
3101.0,0.25944863237,0.018696659229
3102.0,0.25952502077,0.018681044085
3103.0,0.25970856949,0.01872964567
3104.0,0.2599208787,0.018819495365
3105.0,0.26007149837,0.018909365774
3106.0,0.26008187704,0.018957672858
3107.0,0.25994547217,0.018942550342
3108.0,0.25972483519,0.01887034389
3109.0,0.25952464811,0.018773224744
3110.0,0.25943630018,0.018694922925
3111.0,0.25950198042,0.018672269486
3112.0,0.25968750092,0.018714220388
3113.0,0.25991002586,0.018801989515
3114.0,0.26006382975,0.018894206554
3115.0,0.26007464315,0.018947270006
3116.0,0.25994337849,0.018936325275
3117.0,0.25972412044,0.018865980802
3118.0,0.25951369417,0.018767314111
3119.0,0.2594034844,0.018684497841
3120.0,0.25944703472,0.018655026467
3121.0,0.25961763045,0.018690871873
3122.0,0.25983768771,0.018775204348
3123.0,0.25999793888,0.018868025214
3124.0,0.26001889033,0.018925657079
3125.0,0.25988997035,0.018920972877
3126.0,0.25967345682,0.018855105381
3127.0,0.25946389176,0.01875769451
3128.0,0.25934974922,0.018671754842
3129.0,0.25937307585,0.018636001899
3130.0,0.25952129593,0.018665530641
3131.0,0.25972585035,0.018745689784
3132.0,0.25989291562,0.018838918804
3133.0,0.25993475627,0.018900681531
3134.0,0.25982733676,0.018901463684
3135.0,0.25961763195,0.018840701592
3136.0,0.25940082076,0.01874451078
3137.0,0.25927523532,0.018656054905
3138.0,0.25929422743,0.018615147507
3139.0,0.25944215233,0.018639256295
3140.0,0.25965117594,0.01871599037
3141.0,0.25982350199,0.018809395244
3142.0,0.25987896238,0.01887458384
3143.0,0.25978360514,0.018880758295
3144.0,0.25957813964,0.018824592121
3145.0,0.25935946489,0.018729917923
3146.0,0.25922030056,0.0186398698
3147.0,0.25922643778,0.018594528464
3148.0,0.25937202708,0.01861465087
3149.0,0.25958734353,0.018688714383
3150.0,0.25977184981,0.018783514395
3151.0,0.25984627693,0.018852898518
3152.0,0.2597643591,0.018865164907
3153.0,0.25956970538,0.018812154343
3154.0,0.25934246741,0.018720438545
3155.0,0.25919396972,0.018627853083
3156.0,0.2591823876,0.018577812581
3157.0,0.25931343978,0.018591148097
3158.0,0.25952819184,0.018661456663
3159.0,0.25972877304,0.018755309097
3160.0,0.25982308153,0.018827282897
3161.0,0.2597686178,0.018843276869
3162.0,0.2595910808,0.018795220952
3163.0,0.25937247354,0.018703154187
3164.0,0.25921327734,0.018607983757
3165.0,0.25918702487,0.018553272286
3166.0,0.25929941364,0.018562651495
3167.0,0.25950093943,0.018631041767
3168.0,0.25969779385,0.018725752699
3169.0,0.25979855382,0.018802007393
3170.0,0.25975266266,0.018823323964
3171.0,0.25958589122,0.018779438094
3172.0,0.25936915193,0.018689813788
3173.0,0.25920123495,0.018593585313
3174.0,0.2591509844,0.018536133607
3175.0,0.2592510593,0.018541245999
3176.0,0.25943914534,0.018607971753
3177.0,0.25964979948,0.01870212953
3178.0,0.25976452448,0.01878250499
3179.0,0.25974071282,0.018809029534
3180.0,0.25959443104,0.018769351562
3181.0,0.25939299306,0.018679941672
3182.0,0.25922408913,0.018580478756
3183.0,0.25916652402,0.01851613522
3184.0,0.25924903671,0.018515856536
3185.0,0.2594444844,0.018577497835
3186.0,0.25966231999,0.018671685921
3187.0,0.2598013159,0.018754939669
3188.0,0.25979096159,0.01878741869
3189.0,0.25963997932,0.018753837398
3190.0,0.25940851589,0.018668152087
3191.0,0.25921179154,0.018568829675
3192.0,0.25913789257,0.018500853893
3193.0,0.25921563527,0.018493899893
3194.0,0.25940539687,0.018550446201
3195.0,0.25962432834,0.018643981388
3196.0,0.25976043731,0.018732063066
3197.0,0.25976709126,0.018771435506
3198.0,0.25962146333,0.018747866183
3199.0,0.25941869019,0.018666368298
3200.0,0.25922033063,0.018569078837
3201.0,0.25915513143,0.018496185725
3202.0,0.25922474311,0.018484382229
3203.0,0.25941684348,0.018536377515
3204.0,0.2596369262,0.018629820132
3205.0,0.25979254185,0.018719689859
3206.0,0.2598052397,0.018765497095
3207.0,0.2596749788,0.018744757748
3208.0,0.2594537868,0.018668054426
3209.0,0.25925466021,0.018569251756
3210.0,0.25916314914,0.018493695065
3211.0,0.2592261647,0.018475658499
3212.0,0.25941588289,0.018522486751
3213.0,0.25964536234,0.018612438626
3214.0,0.25981171885,0.018704130025
3215.0,0.25984138496,0.018755644427
3216.0,0.25971978283,0.018742475699
3217.0,0.25950518584,0.01867331986
3218.0,0.25932492862,0.018574314533
3219.0,0.25921115431,0.01849876857
3220.0,0.25926730718,0.018475378882
3221.0,0.25941844091,0.018522771216
3222.0,0.25966740699,0.018609813246
3223.0,0.25983618647,0.01870764401
3224.0,0.25990940519,0.018762419052
3225.0,0.25980045813,0.018757573389
3226.0,0.25961443874,0.018690646845
3227.0,0.25940874127,0.018596942515
3228.0,0.25930183284,0.018517005975
3229.0,0.25932660883,0.018491421291
3230.0,0.25947455308,0.018528908026
3231.0,0.25968060601,0.018615602017
3232.0,0.25985065698,0.018709159343
3233.0,0.25989816342,0.018767330807
3234.0,0.25980635446,0.018763144045
3235.0,0.25961533724,0.018699135222
3236.0,0.25940987073,0.018603687556
3237.0,0.25927915955,0.018520700189
3238.0,0.25927956295,0.018488860408
3239.0,0.25941998412,0.018521907375
3240.0,0.25964142914,0.018605446028
3241.0,0.25982845448,0.018703563207
3242.0,0.25989835268,0.018768754884
3243.0,0.25980519013,0.018776195923
3244.0,0.25960871826,0.018718930291
3245.0,0.25938263152,0.018627684073
3246.0,0.2592626897,0.018541257039
3247.0,0.25925683669,0.018505213931
3248.0,0.2594268287,0.018534463673
3249.0,0.25965375594,0.018619008845
3250.0,0.25988510381,0.018718394632
3251.0,0.25997182371,0.018792571655
3252.0,0.25991097528,0.018805230282
3253.0,0.25970485834,0.018754193898
3254.0,0.25948854522,0.018660645408
3255.0,0.25932980042,0.018570572166
3256.0,0.25931218652,0.018523246744
3257.0,0.25944055995,0.018544274604
3258.0,0.25966449072,0.018619260743
3259.0,0.25987036787,0.018718673943
3260.0,0.2599662798,0.018792478614
3261.0,0.25989368205,0.018811688867
3262.0,0.25969898521,0.018761709016
3263.0,0.25946652947,0.01867150451
3264.0,0.25929811085,0.018577881575
3265.0,0.25927862684,0.018529546574
3266.0,0.25939890921,0.018543216098
3267.0,0.25961462406,0.018616721897
3268.0,0.25982663698,0.018713346375
3269.0,0.25994760085,0.018792805914
3270.0,0.25990175417,0.018816287142
3271.0,0.25972317711,0.018775849607
3272.0,0.25949984785,0.018687246336
3273.0,0.25932918706,0.018595731503
3274.0,0.25928678941,0.01854109829
3275.0,0.25942047924,0.018551370264
3276.0,0.25965174492,0.018619187349
3277.0,0.25988334745,0.018718274225
3278.0,0.26002033852,0.018802948495
3279.0,0.25998452488,0.018836419135
3280.0,0.25980569355,0.018801051123
3281.0,0.25957431206,0.018717441284
3282.0,0.25939047648,0.018624903266
3283.0,0.25933609158,0.018567593046
3284.0,0.25944795187,0.018571967376
3285.0,0.25966578489,0.018638445564
3286.0,0.25990130736,0.018738001228
3287.0,0.26006136427,0.018825561376
3288.0,0.26005499371,0.018864253271
3289.0,0.25989832038,0.018836133017
3290.0,0.25966856849,0.018755588481
3291.0,0.25948254752,0.018661330518
3292.0,0.25942602361,0.018600572056
3293.0,0.25953664669,0.018599854733
3294.0,0.25974849589,0.018661092333
3295.0,0.25997369046,0.018758003282
3296.0,0.2601146818,0.018848180435
3297.0,0.26010207542,0.018889723882
3298.0,0.25994652542,0.018866455647
3299.0,0.2597330333,0.018786941333
3300.0,0.25954172868,0.018691355236
3301.0,0.25947525495,0.018623854373
3302.0,0.25955334837,0.01861634777
3303.0,0.25974394608,0.018672888575
3304.0,0.25996744701,0.018768150665
3305.0,0.26013029114,0.018860720361
3306.0,0.2601562375,0.018908790712
3307.0,0.26004553825,0.018890295166
3308.0,0.25985321038,0.018815319296
3309.0,0.2596716243,0.018719247376
3310.0,0.25958099469,0.018648012668
3311.0,0.25962898623,0.018634404064
3312.0,0.25979645123,0.018683451787
3313.0,0.25999631821,0.018774245141
3314.0,0.26013663544,0.018867607618
3315.0,0.260138044,0.018918660673
3316.0,0.26000522678,0.018905438104
3317.0,0.25980060449,0.018834895549
3318.0,0.25962042365,0.018741374759
3319.0,0.25954477339,0.018666413395
3320.0,0.25961893371,0.018647229136
3321.0,0.25980056087,0.018692051979
3322.0,0.26002090163,0.018783623317
3323.0,0.26017202004,0.018877693295
3324.0,0.26019076079,0.018932278405
3325.0,0.26006058926,0.018923877277
3326.0,0.25985530695,0.018856977354
3327.0,0.25965990136,0.018762246357
3328.0,0.25955397672,0.01868416486
3329.0,0.25959634154,0.018658932625
3330.0,0.2597661463,0.018697700296
3331.0,0.25997002918,0.018784340627
3332.0,0.26012689733,0.018879958841
3333.0,0.26014462549,0.018940796541
3334.0,0.26001968869,0.018939128559
3335.0,0.25980128502,0.018876424121
3336.0,0.25960568101,0.018781447464
3337.0,0.25951305894,0.018698335285
3338.0,0.25956018246,0.018666674156
3339.0,0.2597228229,0.018702015462
3340.0,0.25993166644,0.018787943131
3341.0,0.26009679082,0.018884646972
3342.0,0.26014139802,0.018947756452
3343.0,0.26004298448,0.018948988848
3344.0,0.25985140841,0.018887773693
3345.0,0.25965235321,0.018792249656
3346.0,0.25953563474,0.018706053796
3347.0,0.25955356299,0.018669324998
3348.0,0.25970157149,0.01869883927
3349.0,0.25991146836,0.018780599505
3350.0,0.26009652706,0.018877403484
3351.0,0.26015853179,0.018944854139
3352.0,0.26007054376,0.018951315272
3353.0,0.25987850749,0.018894346162
3354.0,0.25967823723,0.018798985703
3355.0,0.25955018596,0.018709365897
3356.0,0.25955736027,0.018665706468
3357.0,0.25969377189,0.01868742566
3358.0,0.25989297726,0.018764065959
3359.0,0.26007096122,0.018860028996
3360.0,0.26013520405,0.018930249832
3361.0,0.26005375873,0.01894239273
3362.0,0.25986844315,0.018889868625
3363.0,0.25966249375,0.018796150085
3364.0,0.25952545143,0.018703513653
3365.0,0.25951818755,0.018653592216
3366.0,0.25964632024,0.018668568701
3367.0,0.2598442861,0.018741608228
3368.0,0.26001710349,0.018836847923
3369.0,0.2600879013,0.018910360663
3370.0,0.26001429506,0.018926692899
3371.0,0.25982663783,0.01887846882
3372.0,0.25960559476,0.018786164312
3373.0,0.25944776494,0.018691214402
3374.0,0.25942173318,0.018636359062
3375.0,0.25954319474,0.018646509751
3376.0,0.25974839821,0.018715273327
3377.0,0.25993722843,0.01881017499
3378.0,0.26002015004,0.018886169174
3379.0,0.25995588547,0.018907940527
3380.0,0.25977065642,0.018864643955
3381.0,0.25954796841,0.018774484523
3382.0,0.25938257467,0.018677549974
3383.0,0.25934560323,0.018617763138
3384.0,0.25945430902,0.018621595383
3385.0,0.25965898773,0.018686155153
3386.0,0.25985993723,0.018780663615
3387.0,0.25996590107,0.018860568902
3388.0,0.25992339391,0.018888126446
3389.0,0.25974964768,0.018849911554
3390.0,0.25952749796,0.018761744117
3391.0,0.25935583326,0.01866377252
3392.0,0.25930922395,0.018599885536
3393.0,0.25940876363,0.01859792313
3394.0,0.25960412634,0.018657909637
3395.0,0.25980994804,0.018751424625
3396.0,0.25993100702,0.018834569457
3397.0,0.2599060975,0.01886793503
3398.0,0.25974653492,0.018835756923
3399.0,0.25952645901,0.018751102429
3400.0,0.25934608143,0.018652040921
3401.0,0.25928707225,0.018582859786
3402.0,0.25937309192,0.018576001415
3403.0,0.2595670355,0.018632869154
3404.0,0.25977713929,0.018727017662
3405.0,0.25991115456,0.018812322783
3406.0,0.25989828103,0.018849940655
3407.0,0.2597487489,0.018820684348
3408.0,0.25953066455,0.018737367686
3409.0,0.25934677061,0.018636196769
3410.0,0.25927885029,0.018562119271
3411.0,0.25936235219,0.018548879607
3412.0,0.25956135298,0.018601313985
3413.0,0.25978472801,0.018694444162
3414.0,0.25992853911,0.018784173426
3415.0,0.25992133427,0.018828308234
3416.0,0.25977192008,0.018805506423
3417.0,0.25954746078,0.018725426272
3418.0,0.25935024836,0.018623587901
3419.0,0.25926364263,0.018545864773
3420.0,0.25933080255,0.018526752491
3421.0,0.25951451434,0.018574903425
3422.0,0.25973449418,0.018667210759
3423.0,0.25988613838,0.018762190321
3424.0,0.25989940171,0.018813909049
3425.0,0.25975982623,0.018799401939
3426.0,0.25954186769,0.018722143997
3427.0,0.25933903164,0.018620223278
3428.0,0.25925234791,0.018537517573
3429.0,0.25932219632,0.018512134578
3430.0,0.25951040513,0.018553266457
3431.0,0.25973111619,0.018641529187
3432.0,0.2598881741,0.018735500932
3433.0,0.25990646891,0.01879066985
3434.0,0.2597829126,0.018780819923
3435.0,0.25957474084,0.018709764289
3436.0,0.25937518205,0.018608812466
3437.0,0.25927331937,0.018523055698
3438.0,0.25931916666,0.018491663708
3439.0,0.25948795762,0.018528162958
3440.0,0.25970165029,0.018613724121
3441.0,0.25986679153,0.018709596995
3442.0,0.25989977053,0.018769187597
3443.0,0.25978082301,0.018766364144
3444.0,0.25956685603,0.018701130116
3445.0,0.25935376828,0.018604031746
3446.0,0.25923228113,0.018517902597
3447.0,0.25925704344,0.018483555692
3448.0,0.25942655222,0.018513686292
3449.0,0.25966056245,0.018596711822
3450.0,0.259857843,0.018692441397
3451.0,0.2599194239,0.018756525865
3452.0,0.25983084975,0.018759563278
3453.0,0.25963258087,0.018698917196
3454.0,0.25940798008,0.018604023411
3455.0,0.25926135326,0.018516565251
3456.0,0.25925566109,0.01847849176
3457.0,0.25940197922,0.018504540094
3458.0,0.25962922801,0.018583615871
3459.0,0.25982598444,0.018678737998
3460.0,0.25990836927,0.018745939459
3461.0,0.25984260919,0.018753683144
3462.0,0.25965455894,0.018696665124
3463.0,0.2594445435,0.018601884293
3464.0,0.25930499638,0.018513185038
3465.0,0.2592983511,0.018469818373
3466.0,0.25942751073,0.018492492139
3467.0,0.25963023544,0.018570943847
3468.0,0.25981624862,0.018668704007
3469.0,0.25990131479,0.01874093109
3470.0,0.25984601408,0.018756107355
3471.0,0.2596880521,0.018707708808
3472.0,0.25950096101,0.018618239077
3473.0,0.25935953782,0.018531358553
3474.0,0.25935490814,0.018484360313
3475.0,0.25947504026,0.01850260081
3476.0,0.25968261137,0.018575902235
3477.0,0.25987397271,0.018673790047
3478.0,0.25996993456,0.018749617346
3479.0,0.25991336357,0.018770405969
3480.0,0.25973185648,0.018726190544
3481.0,0.25951828839,0.018636525446
3482.0,0.25936779378,0.018544207216
3483.0,0.25935589817,0.01849021744
3484.0,0.25947753653,0.018500493102
3485.0,0.25967433304,0.018571370818
3486.0,0.25986294411,0.018669111492
3487.0,0.25995136624,0.01874999631
3488.0,0.25990189942,0.018775274396
3489.0,0.25973363108,0.018735790662
3490.0,0.25952902935,0.018648946905
3491.0,0.25937208169,0.018557168154
3492.0,0.25936333826,0.018500374059
3493.0,0.25947654739,0.01850869949
3494.0,0.25968957952,0.01857657318
3495.0,0.25988066644,0.018677719676
3496.0,0.26001582921,0.018762228945
3497.0,0.25997583837,0.018797965339
3498.0,0.25983614273,0.018765164303
3499.0,0.2596303205,0.018685796461
3500.0,0.25949057662,0.018592301524
3501.0,0.25943102491,0.018535801808
3502.0,0.25952928778,0.018535224081
3503.0,0.25971733488,0.01859918009
3504.0,0.2599265265,0.018692315778
3505.0,0.26005144392,0.018778594814
3506.0,0.26004333693,0.018813749491
3507.0,0.25987709832,0.018786888996
3508.0,0.25966894401,0.018705556076
3509.0,0.25949072733,0.018611389591
3510.0,0.25943705633,0.018543792903
3511.0,0.25952664426,0.01853927137
3512.0,0.25971936262,0.018596553144
3513.0,0.25993717472,0.018691037868
3514.0,0.26007720638,0.018777286585
3515.0,0.26006877351,0.018820843244
3516.0,0.25991587902,0.018796729454
3517.0,0.25967591121,0.018721290465
3518.0,0.25947212518,0.018624439417
3519.0,0.25939025515,0.018555571233
3520.0,0.25945835785,0.0185421819
3521.0,0.2596439661,0.018595817122
3522.0,0.25987717908,0.018688602815
3523.0,0.26003637726,0.018781149871
3524.0,0.26006235618,0.018826525773
3525.0,0.25992641024,0.018809877219
3526.0,0.25971614788,0.018737650607
3527.0,0.25952693168,0.018643888536
3528.0,0.25943232745,0.018569651332
3529.0,0.25948159737,0.018553859696
3530.0,0.25966121096,0.018601527609
3531.0,0.25989536705,0.018693412705
3532.0,0.26006035139,0.018787877023
3533.0,0.2600713509,0.018844942902
3534.0,0.2599304399,0.018837036547
3535.0,0.25971192643,0.0187723097
3536.0,0.25951502312,0.018677142304
3537.0,0.25942502309,0.018600900774
3538.0,0.25948075432,0.018577854193
3539.0,0.25967180588,0.018622968167
3540.0,0.2599022908,0.018711919535
3541.0,0.26008404675,0.018808885498
3542.0,0.26012397172,0.018867404983
3543.0,0.26003224543,0.018866416939
3544.0,0.25981853426,0.018803333389
3545.0,0.25962591305,0.018713120258
3546.0,0.25950275402,0.01863173539
3547.0,0.25954425391,0.018604637739
3548.0,0.25968324802,0.018639347943
3549.0,0.2599026034,0.01872586076
3550.0,0.26006054863,0.018819403244
3551.0,0.26012693981,0.018883373955
3552.0,0.26002804036,0.018885746463
3553.0,0.25986699257,0.018830208848
3554.0,0.25966949246,0.018738989801
3555.0,0.25957883035,0.018659102223
3556.0,0.25960303308,0.018624990426
3557.0,0.25978664519,0.018658469114
3558.0,0.25999112715,0.018740666853
3559.0,0.26018574742,0.018839030907
3560.0,0.26021689691,0.018905587012
3561.0,0.26013326179,0.018912884121
3562.0,0.25994093821,0.018855473591
3563.0,0.25975418873,0.0187642263
3564.0,0.25963217912,0.018678584347
3565.0,0.25966467656,0.018640042637
3566.0,0.25980684369,0.018666472551
3567.0,0.26002395712,0.018748141938
3568.0,0.2601981996,0.018845987131
3569.0,0.26027468612,0.018917105513
3570.0,0.26018590787,0.018929584209
3571.0,0.25999126271,0.018880237477
3572.0,0.25976457697,0.018789903103
3573.0,0.25962007557,0.018700048136
3574.0,0.25962391984,0.018654622923
3575.0,0.25977872488,0.018674794992
3576.0,0.2600124178,0.018751895761
3577.0,0.26021672677,0.018850214205
3578.0,0.2602931472,0.018925437476
3579.0,0.26021111672,0.018943283968
3580.0,0.26000806641,0.018896023381
3581.0,0.25978051828,0.018805767871
3582.0,0.25962137128,0.018714913398
3583.0,0.25960086919,0.018665837776
3584.0,0.25972890849,0.01868041755
3585.0,0.2599395385,0.018753263558
3586.0,0.26013840561,0.018851954844
3587.0,0.26023340517,0.018929393177
3588.0,0.26017711113,0.018950956465
3589.0,0.25999529146,0.018908224447
3590.0,0.25977265492,0.018820438123
3591.0,0.25961003168,0.018728424819
3592.0,0.25958278407,0.018673677274
3593.0,0.25970541823,0.018682228212
3594.0,0.25991297146,0.018750170228
3595.0,0.2601133448,0.018847023692
3596.0,0.26022374419,0.018927384688
3597.0,0.26018824044,0.018953808775
3598.0,0.26001646331,0.018915320306
3599.0,0.25979217164,0.018829076562
3600.0,0.25962250181,0.018732826717
3601.0,0.25958079867,0.01867127153
3602.0,0.25968194318,0.018672384527
3603.0,0.25988988116,0.018734591682
3604.0,0.2600998842,0.018829777906
3605.0,0.26021408896,0.018913098944
3606.0,0.26017458788,0.018945391369
3607.0,0.26000257583,0.018911203458
3608.0,0.25978142952,0.018825540835
3609.0,0.25960707967,0.018726443666
3610.0,0.25955354036,0.018660137917
3611.0,0.25963649926,0.018655439317
3612.0,0.25982145004,0.018712764085
3613.0,0.26002732039,0.018805408157
3614.0,0.26015437452,0.018889996966
3615.0,0.2601316555,0.018926493531
3616.0,0.25997185211,0.018896853683
3617.0,0.25974720881,0.018813752758
3618.0,0.25955441632,0.018713742849
3619.0,0.25947620407,0.018642085748
3620.0,0.25954330047,0.018630762951
3621.0,0.2597159223,0.018683619196
3622.0,0.25991449417,0.018775193322
3623.0,0.26004693845,0.018862976171
3624.0,0.26004218341,0.018904903183
3625.0,0.25989692769,0.018881241765
3626.0,0.25967568885,0.018801118853
3627.0,0.25947804802,0.018700367857
3628.0,0.25938866267,0.018624129481
3629.0,0.2594516683,0.018607043682
3630.0,0.25963117136,0.018655175068
3631.0,0.25983863194,0.018745774994
3632.0,0.25997731915,0.018835696063
3633.0,0.25998351744,0.018882336905
3634.0,0.25985104134,0.018863785215
3635.0,0.25964090657,0.018787532859
3636.0,0.25945212861,0.018687298472
3637.0,0.2593624306,0.018608015471
3638.0,0.25941179579,0.018585375074
3639.0,0.25957803894,0.018628820985
3640.0,0.25978692536,0.01871738213
3641.0,0.25993783594,0.018809154145
3642.0,0.2599566702,0.018861000254
3643.0,0.25983554631,0.018848366821
3644.0,0.25963346529,0.018776243722
3645.0,0.25944476647,0.018677261198
3646.0,0.25935344122,0.018595671131
3647.0,0.25939810569,0.018568996673
3648.0,0.25956157974,0.018607714041
3649.0,0.25977087577,0.018693992426
3650.0,0.25993435518,0.018787081244
3651.0,0.2599650083,0.018843906923
3652.0,0.25985057173,0.018836740891
3653.0,0.25964546601,0.018768713592
3654.0,0.25944793075,0.018669049158
3655.0,0.25934618196,0.018583660612
3656.0,0.25938832996,0.018550567672
3657.0,0.25955242838,0.018584099226
3658.0,0.25976740891,0.018667291149
3659.0,0.25993579924,0.018761157551
3660.0,0.25997838667,0.01882120234
3661.0,0.25987643372,0.018819414947
3662.0,0.25967481042,0.018755432816
3663.0,0.25946567565,0.01865770735
3664.0,0.25934302156,0.01857012659
3665.0,0.25936571544,0.018532201668
3666.0,0.25951894068,0.018560799691
3667.0,0.25973349813,0.018642029817
3668.0,0.2599099088,0.018737214808
3669.0,0.25996907651,0.018801916859
3670.0,0.25987405113,0.018806420126
3671.0,0.25966908144,0.018747713466
3672.0,0.25944765374,0.018653068485
3673.0,0.25932062335,0.018563348088
3674.0,0.25932595224,0.018521700399
3675.0,0.25947841456,0.018543782387
3676.0,0.25969714562,0.018621894659
3677.0,0.25989639618,0.018716457688
3678.0,0.25998352906,0.018784276595
3679.0,0.2599107629,0.018792131406
3680.0,0.25971538495,0.018736247945
3681.0,0.25948452182,0.018640141164
3682.0,0.2593243976,0.018547008207
3683.0,0.25931181273,0.018498713356
3684.0,0.25945761109,0.018515886743
3685.0,0.25969404167,0.018590588652
3686.0,0.25990910535,0.018687501727
3687.0,0.2600019647,0.018761224109
3688.0,0.25992526245,0.01877674795
3689.0,0.25972107948,0.018726678184
3690.0,0.25947806815,0.018631255232
3691.0,0.25930250803,0.018535917629
3692.0,0.25928349418,0.018480685421
3693.0,0.2594104519,0.018494748843
3694.0,0.25964104129,0.018565529581
3695.0,0.25985088679,0.018667031617
3696.0,0.25997890255,0.018744459728
3697.0,0.25992893226,0.018769787418
3698.0,0.2597723897,0.018723852983
3699.0,0.25954123074,0.018633290368
3700.0,0.25936762937,0.018533469966
3701.0,0.25932081519,0.018475109647
3702.0,0.25943359561,0.018480744762
3703.0,0.25965153022,0.018548901252
3704.0,0.2598774872,0.018646935935
3705.0,0.26001073465,0.018730195198
3706.0,0.25998197292,0.018758977531
3707.0,0.25981210196,0.018720630914
3708.0,0.25957672219,0.018632938901
3709.0,0.25939329824,0.018534216087
3710.0,0.25934079771,0.018470644515
3711.0,0.25943800307,0.018470097156
3712.0,0.25964542727,0.018534604943
3713.0,0.25987331036,0.018632101085
3714.0,0.26000920978,0.018720475477
3715.0,0.25998914528,0.018756516128
3716.0,0.25982072776,0.018726748613
3717.0,0.2595950626,0.018643533655
3718.0,0.2594079235,0.018547476785
3719.0,0.25935770095,0.018479705069
3720.0,0.25945362041,0.018477170501
3721.0,0.25967235585,0.018536599067
3722.0,0.25990644156,0.018635370597
3723.0,0.260061545,0.018724521476
3724.0,0.26005277676,0.018767866497
3725.0,0.25991521659,0.018742822647
3726.0,0.25969568957,0.018666030935
3727.0,0.25950048817,0.018568305011
3728.0,0.25941308503,0.018498708887
3729.0,0.25947666121,0.018487580548
3730.0,0.2596643886,0.018541514045
3731.0,0.25988544426,0.018635037147
3732.0,0.26005200523,0.018725767465
3733.0,0.2600650393,0.018771570679
3734.0,0.25993025363,0.01875061278
3735.0,0.2597072835,0.018675862041
3736.0,0.25950527701,0.01857900595
3737.0,0.25941457976,0.01850728797
3738.0,0.25947149845,0.018491781876
3739.0,0.25964487155,0.018542384777
3740.0,0.25987426956,0.018634020037
3741.0,0.26004754738,0.018727286133
3742.0,0.26008704315,0.01877961741
3743.0,0.25996489691,0.018768868586
3744.0,0.25974320184,0.018699309726
3745.0,0.25952703332,0.018605253638
3746.0,0.25943515045,0.018528635972
3747.0,0.25950615445,0.018510032481
3748.0,0.25972293242,0.018555503834
3749.0,0.25995668133,0.018649905697
3750.0,0.26012948334,0.018745372768
3751.0,0.2601461868,0.018805859724
3752.0,0.26002019222,0.018797348443
3753.0,0.25979464212,0.018732052099
3754.0,0.25958343203,0.018635342789
3755.0,0.25947643519,0.018558188446
3756.0,0.25952271539,0.018528631349
3757.0,0.25971182849,0.01856675411
3758.0,0.25995050817,0.018651010365
3759.0,0.26012784091,0.018749036396
3760.0,0.26014176731,0.018809623631
3761.0,0.26001802718,0.018810293569
3762.0,0.25978753958,0.018744655827
3763.0,0.25956528618,0.01864884501
3764.0,0.25944898659,0.01856579295
3765.0,0.25948858819,0.018535496768
3766.0,0.2596581853,0.018568236332
3767.0,0.25988491367,0.018652126268
3768.0,0.26005511723,0.018749842441
3769.0,0.26010240093,0.018816090008
3770.0,0.2599884824,0.018822227102
3771.0,0.25979223219,0.018764282141
3772.0,0.25958580113,0.01867210482
3773.0,0.25948401517,0.018586186929
3774.0,0.25950312716,0.018548468346
3775.0,0.25965887343,0.018576483744
3776.0,0.25987013358,0.018659087266
3777.0,0.26006481604,0.018757757259
3778.0,0.26012605903,0.01882827452
3779.0,0.26003957867,0.01883939462
3780.0,0.25984376699,0.018788416963
3781.0,0.25965226659,0.018699503625
3782.0,0.25952936243,0.018613058148
3783.0,0.25955251512,0.018571123202
3784.0,0.25969170073,0.018593361145
3785.0,0.25991442582,0.01867399102
3786.0,0.26010706466,0.018773470834
3787.0,0.26019141024,0.018849625281
3788.0,0.26012945529,0.018866388735
3789.0,0.25996594768,0.018819978929
3790.0,0.25976446312,0.018731716376
3791.0,0.25961856948,0.018645424711
3792.0,0.25959603987,0.018600313576
3793.0,0.25973332347,0.018618729628
3794.0,0.25995741848,0.018691453653
3795.0,0.2601712711,0.018790526155
3796.0,0.26026429422,0.018869704864
3797.0,0.2601952987,0.018894205966
3798.0,0.26001112322,0.018851419477
3799.0,0.2597957106,0.018765212709
3800.0,0.25964255602,0.018674220812
3801.0,0.25962923273,0.018621982587
3802.0,0.25975144401,0.018631846707
3803.0,0.25996829676,0.01870187352
3804.0,0.26016539929,0.018800296704
3805.0,0.26027521124,0.018883744158
3806.0,0.26021724145,0.018912476714
3807.0,0.26004775004,0.018876296924
3808.0,0.25982804731,0.018791592702
3809.0,0.25967192467,0.018697957386
3810.0,0.25964200419,0.018639111579
3811.0,0.25976734414,0.018643214187
3812.0,0.25997848033,0.018708857064
3813.0,0.26019389898,0.018806552078
3814.0,0.260309337,0.018892552714
3815.0,0.26027048563,0.01892766806
3816.0,0.26009407114,0.01889674303
3817.0,0.25987317005,0.018813566629
3818.0,0.25969938786,0.018717838521
3819.0,0.2596570812,0.018653977935
3820.0,0.25976464132,0.018651483694
3821.0,0.25998069033,0.018712584377
3822.0,0.26020024637,0.018808770052
3823.0,0.26032901899,0.018897659572
3824.0,0.26029593378,0.018937418853
3825.0,0.26013323876,0.018911039598
3826.0,0.25990711324,0.018830938014
3827.0,0.2597189196,0.018734737745
3828.0,0.25964923525,0.018666461353
3829.0,0.25973578132,0.018658618793
3830.0,0.25992673206,0.018714549504
3831.0,0.26013541114,0.018808862856
3832.0,0.26026161166,0.018897901697
3833.0,0.26025012381,0.018942313387
3834.0,0.2601003615,0.018921674046
3835.0,0.2598924801,0.018845183176
3836.0,0.2597050733,0.018748621394
3837.0,0.25962657213,0.018676828914
3838.0,0.25969064583,0.018663096253
3839.0,0.25986794899,0.018714393555
3840.0,0.26007392594,0.018806879123
3841.0,0.26021408703,0.018898398256
3842.0,0.26021701336,0.018946479005
3843.0,0.26007806724,0.018929487356
3844.0,0.25986425645,0.018855310881
3845.0,0.25966838614,0.018758176098
3846.0,0.25958769162,0.018682282177
3847.0,0.25966107982,0.01866233299
3848.0,0.25985693671,0.01870685102
3849.0,0.26008741901,0.01879620016
3850.0,0.26025147547,0.018888834745
3851.0,0.26026898313,0.018940676778
3852.0,0.26014059689,0.018927819786
3853.0,0.25992684356,0.018856485031
3854.0,0.25972226425,0.018758262663
3855.0,0.25961236549,0.018677480772
3856.0,0.25964958555,0.018650724684
3857.0,0.25981078677,0.018689588142
3858.0,0.26002270544,0.018775427413
3859.0,0.26018630299,0.01886784931
3860.0,0.26022521919,0.018923625863
3861.0,0.26012153761,0.018916572099
3862.0,0.25991897725,0.018848792055
3863.0,0.25971050039,0.018750135979
3864.0,0.25958491306,0.018665192447
3865.0,0.25959798794,0.018631882469
3866.0,0.25974302549,0.018664039521
3867.0,0.25995215367,0.018746251733
3868.0,0.26012247683,0.018839886957
3869.0,0.26016593772,0.018900627407
3870.0,0.26005710382,0.018899330962
3871.0,0.2598464357,0.018835664752
3872.0,0.25962453863,0.018737102364
3873.0,0.25949386358,0.018648493256
3874.0,0.25950833788,0.018609190503
3875.0,0.25965540945,0.018636353329
3876.0,0.259872752,0.018716559494
3877.0,0.2600599581,0.018811910694
3878.0,0.26012126601,0.018877103013
3879.0,0.26002533335,0.018881794529
3880.0,0.25981368643,0.018822235695
3881.0,0.25958784888,0.018724695515
3882.0,0.25944678882,0.018632856593
3883.0,0.25945321446,0.018587959988
3884.0,0.2595994006,0.01860964006
3885.0,0.2598210214,0.018687396502
3886.0,0.26001304693,0.018783885359
3887.0,0.26008243653,0.018853598248
3888.0,0.25999465714,0.01886421154
3889.0,0.2597937773,0.018810225963
3890.0,0.25956855926,0.018714904087
3891.0,0.25941967181,0.018621243744
3892.0,0.25941441257,0.018571593982
3893.0,0.25956054623,0.018588380091
3894.0,0.25978182335,0.018663034721
3895.0,0.25998213766,0.018760003023
3896.0,0.26006777652,0.018834266112
3897.0,0.25999779801,0.018850921399
3898.0,0.25980591523,0.018801494726
3899.0,0.25958299125,0.018707777457
3900.0,0.25941945416,0.018612400939
3901.0,0.25939770055,0.018557406361
3902.0,0.25952062236,0.018568341742
3903.0,0.25973377893,0.018638245535
3904.0,0.25994081694,0.018734016757
3905.0,0.2600471267,0.018811113535
3906.0,0.26000154091,0.018832532856
3907.0,0.25982921348,0.01878782814
3908.0,0.25961266825,0.018696373845
3909.0,0.25945147766,0.01859915929
3910.0,0.25942319262,0.018539162524
3911.0,0.25953819277,0.018544571319
3912.0,0.25973836647,0.01861078486
3913.0,0.2599382059,0.018706893313
3914.0,0.2600422979,0.01878731693
3915.0,0.26000296596,0.018814576534
3916.0,0.25983221349,0.018775516638
3917.0,0.25960808992,0.018686895218
3918.0,0.25943455485,0.018588646942
3919.0,0.25939111575,0.018525222974
3920.0,0.25949277582,0.018526378943
3921.0,0.25970252137,0.01858978599
3922.0,0.2599127709,0.018686844746
3923.0,0.26003916303,0.018770248982
3924.0,0.26001303402,0.018802975194
3925.0,0.25985493279,0.018768215928
3926.0,0.25964054524,0.018681112314
3927.0,0.2594626613,0.018581707463
3928.0,0.25940879083,0.018512817429
3929.0,0.25950036098,0.018506221711
3930.0,0.2596947806,0.018563232931
3931.0,0.25990977775,0.018657560214
3932.0,0.26004831349,0.018744539513
3933.0,0.26003943841,0.018782841775
3934.0,0.25988484326,0.018753880589
3935.0,0.25966545008,0.018670156742
3936.0,0.25947590744,0.018569076131
3937.0,0.25940197243,0.018496313759
3938.0,0.25947502921,0.018484587909
3939.0,0.25966207925,0.018537699034
3940.0,0.2598715306,0.018630997015
3941.0,0.26001074026,0.018721115155
3942.0,0.26001168211,0.018767037218
3943.0,0.25986580232,0.018746319883
3944.0,0.25964344715,0.018668865449
3945.0,0.2594534716,0.018569331454
3946.0,0.25938472655,0.018492515593
3947.0,0.25946352615,0.018474971585
3948.0,0.25965113146,0.018523190445
3949.0,0.25987338336,0.018614560016
3950.0,0.26002928635,0.018706456234
3951.0,0.26004446294,0.018756012384
3952.0,0.25991655727,0.018740329689
3953.0,0.25970377954,0.018667481615
3954.0,0.25949166055,0.018569842114
3955.0,0.25939295478,0.018491147005
3956.0,0.25944257261,0.018468682077
3957.0,0.25962559492,0.018511506588
3958.0,0.2598587431,0.018599213696
3959.0,0.26003779986,0.018692212055
3960.0,0.26007768044,0.018746848233
3961.0,0.25995964456,0.018739029886
3962.0,0.25974722974,0.018670116845
3963.0,0.25952917011,0.018574113744
3964.0,0.25941141837,0.018491624115
3965.0,0.25943184277,0.018465706033
3966.0,0.25960743414,0.018502970624
3967.0,0.25981390449,0.018594683982
3968.0,0.26001627517,0.018691109412
3969.0,0.26006767259,0.018755229846
3970.0,0.25999537296,0.018751904631
3971.0,0.25979700304,0.018690462611
3972.0,0.25960170365,0.018594062512
3973.0,0.25948227963,0.01851115154
3974.0,0.25951032697,0.018477153367
3975.0,0.25967533739,0.018510902177
3976.0,0.25989401712,0.018596700781
3977.0,0.2600737022,0.018695920223
3978.0,0.26012881209,0.018762235737
3979.0,0.26002646732,0.018766557851
3980.0,0.25982262435,0.018706904096
3981.0,0.2596117949,0.018609776562
3982.0,0.25947796057,0.01852084948
3983.0,0.2594896793,0.018482941425
3984.0,0.25963739533,0.018512833004
3985.0,0.25986021577,0.018596513888
3986.0,0.26005141659,0.018694741324
3987.0,0.26013908412,0.018765269558
3988.0,0.26004419458,0.018773644603
3989.0,0.25984312212,0.018717748376
3990.0,0.2596282033,0.018625404983
3991.0,0.2595073766,0.018537765589
3992.0,0.25952114573,0.018497793876
3993.0,0.25966503071,0.018522314146
3994.0,0.25986490067,0.018603683658
3995.0,0.26005468368,0.018703915154
3996.0,0.26014909952,0.018781094261
3997.0,0.26011557739,0.018798631561
3998.0,0.25995259163,0.018753377799
3999.0,0.25976077998,0.018664062762
4000.0,0.2596195641,0.01857562412
4001.0,0.25960514994,0.018526534445
4002.0,0.25971491281,0.018544295183
4003.0,0.25992207761,0.018618715423
4004.0,0.26011711254,0.018718828371
4005.0,0.26020822187,0.018797879599
4006.0,0.26014695844,0.018822140967
4007.0,0.25997452042,0.018778820253
4008.0,0.25976370511,0.018689690982
4009.0,0.25960325241,0.01859619435
4010.0,0.2595817388,0.018541465554
4011.0,0.25970945398,0.018550399332
4012.0,0.2599447002,0.018620303599
4013.0,0.26016873901,0.018719047
4014.0,0.26029025166,0.018803004757
4015.0,0.26023664648,0.018830607093
4016.0,0.26005122031,0.018792984902
4017.0,0.25980650173,0.018707069803
4018.0,0.25962239643,0.018611911117
4019.0,0.25956676867,0.018553227419
4020.0,0.25967037053,0.018557986243
4021.0,0.25986803426,0.018626610024
4022.0,0.26007460019,0.018725642261
4023.0,0.26018266159,0.018812420059
4024.0,0.26016748961,0.018845746649
4025.0,0.2600214726,0.018813683956
4026.0,0.25982086926,0.018728037614
4027.0,0.25965062717,0.018633072291
4028.0,0.25959503914,0.018570265292
4029.0,0.25968096754,0.018573398891
4030.0,0.25987605,0.01863497666
4031.0,0.26008866447,0.018734691337
4032.0,0.26021840821,0.018821952088
4033.0,0.26021097898,0.01886373276
4034.0,0.26006331702,0.018837111522
4035.0,0.2598521668,0.018760182735
4036.0,0.25967447568,0.018664196243
4037.0,0.25961804801,0.018599103718
4038.0,0.25970772702,0.018591536372
4039.0,0.25991696434,0.01865069674
4040.0,0.26014872762,0.018746567206
4041.0,0.26028721552,0.018840616564
4042.0,0.26026276694,0.01888675137
4043.0,0.26009527169,0.018866927281
4044.0,0.25986254425,0.018787044823
4045.0,0.25967879952,0.018690870251
4046.0,0.25960734482,0.018619110359
4047.0,0.25969290234,0.018608099682
4048.0,0.25990110397,0.018660974837
4049.0,0.26014784394,0.018758359506
4050.0,0.26031411954,0.01885207203
4051.0,0.26032764688,0.01890480299
4052.0,0.26017363427,0.018889815661
4053.0,0.25993144985,0.018817713929
4054.0,0.25970165414,0.018720136503
4055.0,0.25960278566,0.018644860817
4056.0,0.25966556995,0.018624088039
4057.0,0.25988702799,0.018671319125
4058.0,0.26013867386,0.01876403016
4059.0,0.26033051851,0.018861883238
4060.0,0.26036082404,0.018918324802
4061.0,0.26024540647,0.018910595791
4062.0,0.26001294738,0.018840855168
4063.0,0.25980289748,0.018743816301
4064.0,0.25967914514,0.018662587372
4065.0,0.2597335818,0.018637262077
4066.0,0.25990632028,0.018678695724
4067.0,0.26013159073,0.018770056995
4068.0,0.2602985238,0.018867648793
4069.0,0.26034767337,0.01892770168
4070.0,0.26023489657,0.018922998055
4071.0,0.26002352054,0.018857942531
4072.0,0.25980881154,0.018761699187
4073.0,0.259695317,0.018679386457
4074.0,0.25973355042,0.018648456176
4075.0,0.259902213,0.018683843151
4076.0,0.26011997571,0.018769418717
4077.0,0.260295589,0.01886573503
4078.0,0.26034045354,0.018928366428
4079.0,0.26023339179,0.01893065476
4080.0,0.26001513214,0.018870553501
4081.0,0.25979421666,0.018776613381
4082.0,0.25965222719,0.018691001323
4083.0,0.25966058972,0.018654677227
4084.0,0.25980463568,0.018683068559
4085.0,0.26002046425,0.018763756898
4086.0,0.26020317427,0.018859975159
4087.0,0.26027657522,0.018926898275
4088.0,0.26019430901,0.018934352137
4089.0,0.26000863121,0.018879174573
4090.0,0.25979339318,0.018786168674
4091.0,0.25964977482,0.018698705064
4092.0,0.25963801922,0.018656802379
4093.0,0.25977106073,0.018679067791
4094.0,0.25998419539,0.018754734294
4095.0,0.26019408029,0.018849165577
4096.0,0.26029393274,0.01891920916
4097.0,0.26023584031,0.018932170283
4098.0,0.26005267491,0.018881424314
4099.0,0.25983285542,0.018789226935
4100.0,0.25968150323,0.018697682862
4101.0,0.25967187009,0.0186490166
4102.0,0.25979703625,0.018665544389
4103.0,0.26000296341,0.018738879532
4104.0,0.26019754116,0.018834118734
4105.0,0.26028849232,0.018906634912
4106.0,0.26022630376,0.018922731221
4107.0,0.2600446599,0.018874294794
4108.0,0.25982333011,0.018781963212
4109.0,0.25966408117,0.018688020105
4110.0,0.25964105519,0.018634608884
4111.0,0.25976450572,0.018645683513
4112.0,0.2599691147,0.018714782327
4113.0,0.26016280001,0.018809699015
4114.0,0.26025181444,0.018885498395
4115.0,0.26019045558,0.018906137507
4116.0,0.26000457014,0.018861703417
4117.0,0.2597775021,0.018771628243
4118.0,0.25960412452,0.0186755161
4119.0,0.25956067842,0.01861690943
4120.0,0.25966733039,0.018622104408
4121.0,0.2598768175,0.018687900151
4122.0,0.26008571358,0.018782860148
4123.0,0.26019308535,0.018862200185
4124.0,0.26014375374,0.018887985168
4125.0,0.259961878,0.018848120267
4126.0,0.25973136372,0.018759441212
4127.0,0.25955675905,0.018661772398
4128.0,0.2595065276,0.01859863201
4129.0,0.25960451453,0.018598450448
4130.0,0.25980672769,0.01866019763
4131.0,0.26002290788,0.018755002884
4132.0,0.26014864321,0.018837643942
4133.0,0.26012418988,0.018869717453
4134.0,0.2599573708,0.018835399717
4135.0,0.25972436194,0.018749352482
4136.0,0.25953264136,0.018649699148
4137.0,0.25947031757,0.018581694954
4138.0,0.25955918112,0.018575642327
4139.0,0.2597577023,0.018633206629
4140.0,0.25997343722,0.018727167947
4141.0,0.26011002155,0.018813252688
4142.0,0.26009985496,0.01885146011
4143.0,0.25994992215,0.018823191608
4144.0,0.25972664121,0.018740416094
4145.0,0.25953095425,0.018640286852
4146.0,0.2594549554,0.018567653622
4147.0,0.25953355952,0.018555631779
4148.0,0.25972251466,0.018608110639
4149.0,0.25993495649,0.018700989697
4150.0,0.26007232638,0.018789813377
4151.0,0.26006625207,0.018833017039
4152.0,0.25992420517,0.018809895663
4153.0,0.25971203229,0.018730753224
4154.0,0.2595215545,0.018630425589
4155.0,0.25944388576,0.018553789914
4156.0,0.25951314568,0.018535324387
4157.0,0.25969804676,0.018582460891
4158.0,0.25991643118,0.018672488568
4159.0,0.26006867482,0.018763218725
4160.0,0.26008086741,0.018811327655
4161.0,0.25994604326,0.018794506365
4162.0,0.25972876801,0.018719118559
4163.0,0.25953083738,0.018619199475
4164.0,0.25943465459,0.018539617573
4165.0,0.25948849584,0.018516569891
4166.0,0.25966561784,0.018559067472
4167.0,0.25988723943,0.018647156981
4168.0,0.26004556045,0.018739984265
4169.0,0.26006352349,0.018794044082
4170.0,0.25993650385,0.018783855228
4171.0,0.25972197007,0.018713480671
4172.0,0.25951559043,0.018614989341
4173.0,0.25940995822,0.018532564693
4174.0,0.25945623889,0.018503254877
4175.0,0.25963031009,0.018540370301
4176.0,0.25985978695,0.018625494916
4177.0,0.26004365887,0.018718905018
4178.0,0.26009139172,0.018775983692
4179.0,0.25998467046,0.018770564112
4180.0,0.25977248681,0.018703933539
4181.0,0.25955733062,0.018605393993
4182.0,0.25944108616,0.018519277816
4183.0,0.25947829945,0.018484988542
4184.0,0.25964924607,0.018517562734
4185.0,0.25987353671,0.018601668612
4186.0,0.26005335897,0.018697410839
4187.0,0.26009790496,0.01876009312
4188.0,0.25998778781,0.018760464527
4189.0,0.2597758205,0.018697660472
4190.0,0.25955518787,0.01859976787
4191.0,0.25942727614,0.018511429871
4192.0,0.25944728586,0.018473028558
4193.0,0.25960731639,0.018501433045
4194.0,0.25983461137,0.018583914709
4195.0,0.26002900645,0.018681987086
4196.0,0.26010213545,0.018751053022
4197.0,0.26001438028,0.018758923806
4198.0,0.25981954152,0.018700423492
4199.0,0.25959750858,0.018603879947
4200.0,0.25946757475,0.018511436147
4201.0,0.25948727082,0.018466256518
4202.0,0.25964788498,0.018487604167
4203.0,0.25987118519,0.018566114582
4204.0,0.26005900408,0.018665392845
4205.0,0.26012830087,0.01873980416
4206.0,0.26004418331,0.018754081226
4207.0,0.25985124455,0.018702117192
4208.0,0.25963127283,0.018608056098
4209.0,0.25948840752,0.018513501469
4210.0,0.25948535184,0.018462110285
4211.0,0.25962420895,0.01847821486
4212.0,0.25984317182,0.018553768566
4213.0,0.26004518646,0.018653838459
4214.0,0.26013818277,0.018733226155
4215.0,0.26006441573,0.018755396011
4216.0,0.25988311697,0.018708744999
4217.0,0.25965059918,0.018617779576
4218.0,0.25950459067,0.018522805179
4219.0,0.25947726861,0.018470723887
4220.0,0.25962325219,0.018481565636
4221.0,0.25984282745,0.018553621582
4222.0,0.26007125268,0.018653113627
4223.0,0.26018253688,0.018736902182
4224.0,0.26014910089,0.018764942155
4225.0,0.25997983887,0.018727009323
4226.0,0.25976022594,0.018639848699
4227.0,0.25958616098,0.018545062471
4228.0,0.25954883472,0.018486089995
4229.0,0.25966085938,0.018490826808
4230.0,0.25987277142,0.018556106408
4231.0,0.26008142445,0.018654019387
4232.0,0.26020306919,0.018739057329
4233.0,0.26018224782,0.01877269647
4234.0,0.26003343723,0.018739673909
4235.0,0.25980874436,0.018657225876
4236.0,0.25962963945,0.018563337524
4237.0,0.25956190376,0.018502272443
4238.0,0.25963980561,0.018501495779
4239.0,0.25984050202,0.018563883808
4240.0,0.26007073347,0.018659359992
4241.0,0.26022789197,0.018747174636
4242.0,0.26022668069,0.018785320047
4243.0,0.26009232589,0.018760065695
4244.0,0.25987637483,0.018681525337
4245.0,0.25970922938,0.018587574042
4246.0,0.25963879319,0.018522658573
4247.0,0.25972235491,0.018518594568
4248.0,0.25989311504,0.018579384459
4249.0,0.26011143763,0.01867591695
4250.0,0.2602488106,0.018769400996
4251.0,0.26026124166,0.018813028742
4252.0,0.26012643989,0.018793143644
4253.0,0.25993361949,0.018714718126
4254.0,0.25974006194,0.018618712148
4255.0,0.25965889089,0.018547289031
4256.0,0.25970094216,0.018538092658
4257.0,0.2598721941,0.018591833792
4258.0,0.26008083088,0.018685508019
4259.0,0.26024444191,0.018773598584
4260.0,0.26027360445,0.018821610092
4261.0,0.26016372529,0.018805792149
4262.0,0.25995826082,0.018733826379
4263.0,0.25977330426,0.018638622317
4264.0,0.25966665015,0.01856593838
4265.0,0.25970562577,0.018548113156
4266.0,0.25985928233,0.018593950855
4267.0,0.26007365958,0.018683256024
4268.0,0.26022329148,0.018776626203
4269.0,0.26025586148,0.018830564736
4270.0,0.26013958342,0.018821249127
4271.0,0.25994241234,0.018752863684
4272.0,0.25974906286,0.018660482106
4273.0,0.2596363825,0.018583375333
4274.0,0.25967939961,0.018561323005
4275.0,0.25986297293,0.018603057583
4276.0,0.26007919709,0.018692708254
4277.0,0.26025479671,0.018787917241
4278.0,0.26028228763,0.018845740933
4279.0,0.26016895244,0.018839076061
4280.0,0.25996597736,0.018775690548
4281.0,0.25976875911,0.018682272311
4282.0,0.25966332887,0.01860417519
4283.0,0.25971175562,0.018576588176
4284.0,0.25989261676,0.01861667866
4285.0,0.2601196373,0.018702686068
4286.0,0.26030556933,0.0187995809
4287.0,0.26036535299,0.018862438093
4288.0,0.26026650825,0.018865581197
4289.0,0.2600507108,0.018805967492
4290.0,0.25983899177,0.018714730077
4291.0,0.25971070351,0.018631723711
4292.0,0.25974279052,0.018600079966
4293.0,0.25989607198,0.018631434663
4294.0,0.26012421253,0.018716008149
4295.0,0.26030641171,0.018814169862
4296.0,0.26036840717,0.018882892662
4297.0,0.26027523371,0.018889114606
4298.0,0.26009092906,0.018834090836
4299.0,0.25987697312,0.018741229341
4300.0,0.2597598164,0.018655947298
4301.0,0.25977679044,0.018617053684
4302.0,0.25993859003,0.018646239002
4303.0,0.26014659809,0.018728362202
4304.0,0.26033136584,0.018828943508
4305.0,0.26038178293,0.018899357249
4306.0,0.2602908018,0.018910769081
4307.0,0.26008838507,0.018857391628
4308.0,0.25988152701,0.018764804271
4309.0,0.25974881305,0.018675691298
4310.0,0.25974996064,0.018634182347
4311.0,0.25987654263,0.018657244981
4312.0,0.26008978733,0.018736348711
4313.0,0.2602700258,0.018835372092
4314.0,0.26034365105,0.018910026975
4315.0,0.26025919515,0.018925234064
4316.0,0.2600767877,0.018874971754
4317.0,0.25986639232,0.018782858351
4318.0,0.25973368912,0.018691814004
4319.0,0.25973127435,0.018644423052
4320.0,0.25987275479,0.018663162447
4321.0,0.26008285565,0.018738836037
4322.0,0.26027438355,0.01883744612
4323.0,0.260343693,0.018913633701
4324.0,0.2602597971,0.018932872378
4325.0,0.26005862359,0.018886488335
4326.0,0.25983436834,0.018796607997
4327.0,0.2596866135,0.018703964979
4328.0,0.25968043925,0.01865082961
4329.0,0.25981728531,0.01866178807
4330.0,0.26003116731,0.018732086474
4331.0,0.26023358605,0.018829867906
4332.0,0.26032579115,0.018909443472
4333.0,0.26025931181,0.018935132681
4334.0,0.26006362269,0.018895362005
4335.0,0.25982956281,0.018808346313
4336.0,0.25966072809,0.018713159433
4337.0,0.25963358619,0.018653520836
4338.0,0.25975262092,0.018656673898
4339.0,0.25996797026,0.018721277658
4340.0,0.26018714665,0.018816649715
4341.0,0.26031095483,0.018899277468
4342.0,0.2602795354,0.01893107546
4343.0,0.26010953338,0.018896903782
4344.0,0.25988804924,0.018812421716
4345.0,0.25971600591,0.018716193888
4346.0,0.25966866757,0.018650933187
4347.0,0.25976450865,0.018647901605
4348.0,0.25996459153,0.018707410127
4349.0,0.26018287961,0.01880127895
4350.0,0.26031772927,0.018885678194
4351.0,0.260292178,0.018921458885
4352.0,0.26012443999,0.018891419518
4353.0,0.2598941676,0.018808572361
4354.0,0.25970688909,0.018709693917
4355.0,0.2596473583,0.018640128024
4356.0,0.25973905643,0.01863122938
4357.0,0.25993843892,0.018685971731
4358.0,0.26015857987,0.018777890868
4359.0,0.26030323283,0.018864227232
4360.0,0.26029485487,0.018904053435
4361.0,0.26013982466,0.01887853584
4362.0,0.25990011845,0.018798029165
4363.0,0.25968803827,0.018698483316
4364.0,0.25959858472,0.018624942456
4365.0,0.25967224852,0.018610097684
4366.0,0.25986266277,0.018660245696
4367.0,0.26008387222,0.018751019781
4368.0,0.26023188428,0.018840094665
4369.0,0.26023091447,0.018885460748
4370.0,0.2600806414,0.018864991724
4371.0,0.25984997707,0.01878782209
4372.0,0.25963972532,0.018687735266
4373.0,0.25954364847,0.018609649542
4374.0,0.25960669759,0.01858864803
4375.0,0.25979528273,0.018633685666
4376.0,0.26001782122,0.018722762575
4377.0,0.2601715375,0.018813921939
4378.0,0.26017906337,0.01886389904
4379.0,0.26004032651,0.018848940903
4380.0,0.25981888694,0.018775112294
4381.0,0.25960883645,0.018675010106
4382.0,0.25950601782,0.018593688703
4383.0,0.2595545499,0.018568220367
4384.0,0.25972620136,0.018608552528
4385.0,0.25995032973,0.018695661589
4386.0,0.2601217578,0.018788102786
4387.0,0.26015436024,0.018843010989
4388.0,0.26003555023,0.018833812055
4389.0,0.25982131342,0.018764400841
4390.0,0.25961251834,0.018664967908
4391.0,0.259500137,0.01858068959
4392.0,0.25953367298,0.018549874123
4393.0,0.25969292566,0.018585208374
4394.0,0.25990953011,0.01867004423
4395.0,0.26008911185,0.018764750724
4396.0,0.26014372483,0.018824611458
4397.0,0.2600448439,0.018822056773
4398.0,0.25984404781,0.018757236895
4399.0,0.25963333603,0.018659304224
4400.0,0.25950834464,0.018571881526
4401.0,0.2595294035,0.018534820424
4402.0,0.25968221109,0.018565092568
4403.0,0.25990021969,0.018647561002
4404.0,0.2600858356,0.018743162971
4405.0,0.26015140872,0.01880667427
4406.0,0.26006745763,0.018808786505
4407.0,0.25988017473,0.018747880449
4408.0,0.2596731799,0.01865094276
4409.0,0.25954220219,0.018561091932
4410.0,0.25954856485,0.018518676145
4411.0,0.25968928485,0.018542789557
4412.0,0.25989722004,0.018621593609
4413.0,0.26008189927,0.018718015365
4414.0,0.26014971288,0.01878618801
4415.0,0.26006823663,0.018794780486
4416.0,0.25988062308,0.018738859791
4417.0,0.25967799784,0.018643577047
4418.0,0.25954520914,0.018552671797
4419.0,0.25954758956,0.018505938831
4420.0,0.25967718147,0.01852554727
4421.0,0.2598822945,0.018600590644
4422.0,0.26006211104,0.018697783799
4423.0,0.26013246744,0.01877015198
4424.0,0.26006280461,0.01878482687
4425.0,0.25988092675,0.018734016769
4426.0,0.25967130181,0.018639857885
4427.0,0.25953344418,0.018544957969
4428.0,0.25952947317,0.01849214175
4429.0,0.2596598172,0.018505646212
4430.0,0.25986742737,0.018577589456
4431.0,0.26006333505,0.018674703589
4432.0,0.26015216874,0.018750608361
4433.0,0.2600894565,0.018770294619
4434.0,0.25990586142,0.018724193021
4435.0,0.25968789369,0.018632234734
4436.0,0.2595338906,0.018536725216
4437.0,0.25951002407,0.018480321278
4438.0,0.25961895799,0.018488766561
4439.0,0.25981690345,0.018557594531
4440.0,0.26001605681,0.018656352403
4441.0,0.26012403816,0.018737072162
4442.0,0.26007781048,0.018763980581
4443.0,0.25991328452,0.01872248152
4444.0,0.25969427184,0.018633918367
4445.0,0.25953311669,0.01853527918
4446.0,0.25949458834,0.01847487292
4447.0,0.25961077444,0.01847620755
4448.0,0.25981812319,0.018541409682
4449.0,0.26003505037,0.018637713594
4450.0,0.26015321377,0.018721721582
4451.0,0.26012002715,0.018753932475
4452.0,0.25995403872,0.018720165933
4453.0,0.25973368655,0.018633761815
4454.0,0.2595546932,0.018534914851
4455.0,0.25950589213,0.018468857792
4456.0,0.25961114242,0.018466013245
4457.0,0.25983236237,0.018528002031
4458.0,0.26006383349,0.018625976857
4459.0,0.26020222649,0.018714068639
4460.0,0.26017769212,0.01875208473
4461.0,0.26000209397,0.018723134782
4462.0,0.25975915321,0.018640897563
4463.0,0.25956509186,0.01854159754
4464.0,0.25949796725,0.018472842143
4465.0,0.25959786108,0.018463912448
4466.0,0.25980358718,0.01852250077
4467.0,0.26004759459,0.018619283352
4468.0,0.26019012343,0.018715378512
4469.0,0.26020988906,0.018761138023
4470.0,0.26006769478,0.018740802256
4471.0,0.25986318378,0.018660960983
4472.0,0.25966126103,0.018562240865
4473.0,0.25958791161,0.018487546309
4474.0,0.25966488384,0.01847430556
4475.0,0.25986630595,0.018526113295
4476.0,0.26010198752,0.018623119524
4477.0,0.26025957792,0.018719942639
4478.0,0.26026382885,0.018773073226
4479.0,0.26011923337,0.018758903211
4480.0,0.25989185869,0.018684539346
4481.0,0.2596930274,0.018584526067
4482.0,0.25961110939,0.018504407043
4483.0,0.25968711134,0.018483992087
4484.0,0.25989433382,0.018530090745
4485.0,0.26013023914,0.0186254266
4486.0,0.26029062553,0.018722566125
4487.0,0.26030262256,0.018780592428
4488.0,0.26015899259,0.018771323251
4489.0,0.25993394239,0.018702653155
4490.0,0.25972943195,0.018604693394
4491.0,0.25962879824,0.018523736349
4492.0,0.25968073251,0.018496632903
4493.0,0.25986552791,0.018539970085
4494.0,0.26011191059,0.018631374911
4495.0,0.26029719787,0.018733547896
4496.0,0.26035146115,0.018797028625
4497.0,0.26024100269,0.018797060281
4498.0,0.26003221657,0.018732005951
4499.0,0.25981447918,0.018634911914
4500.0,0.25970650793,0.018550731045
4501.0,0.25974222682,0.018520527837
4502.0,0.25991355102,0.018557575876
4503.0,0.26013845726,0.018646970205
4504.0,0.26032589808,0.018748566837
4505.0,0.26038042969,0.018817691829
4506.0,0.26028158723,0.01882321289
4507.0,0.26006991636,0.018763720764
4508.0,0.25986011521,0.018666981982
4509.0,0.25972672477,0.018578689916
4510.0,0.25975095707,0.018538678906
4511.0,0.25991583593,0.018568191946
4512.0,0.26013933165,0.018651027505
4513.0,0.26032688151,0.018752100034
4514.0,0.26039744284,0.018824023355
4515.0,0.26030847014,0.018835719134
4516.0,0.26011019047,0.018781137284
4517.0,0.25988388366,0.018687943459
4518.0,0.25973653401,0.018598372701
4519.0,0.25973533786,0.01855461713
4520.0,0.25988685629,0.018575496788
4521.0,0.26010832946,0.01865449436
4522.0,0.26029246419,0.018754891195
4523.0,0.26035968094,0.018831893261
4524.0,0.26028280563,0.01884958796
4525.0,0.26009052435,0.018800359975
4526.0,0.25986893867,0.018707834719
4527.0,0.25972050853,0.018616458239
4528.0,0.25971325457,0.018567696807
4529.0,0.25985274446,0.018586316632
4530.0,0.26008100217,0.018662405978
4531.0,0.2602851572,0.018763187004
4532.0,0.26037004861,0.018843586128
4533.0,0.26030095676,0.018867444516
4534.0,0.26011223808,0.018824084623
4535.0,0.25989003934,0.018734050103
4536.0,0.25974535224,0.018640471077
4537.0,0.25973472344,0.018586975122
4538.0,0.25986341303,0.018600259641
4539.0,0.2600742384,0.018672585142
4540.0,0.26028801467,0.018772769519
4541.0,0.26039383791,0.018854370003
4542.0,0.26035037585,0.018882443724
4543.0,0.26017310188,0.018843773876
4544.0,0.25994401718,0.018758210899
4545.0,0.25977606541,0.018665359185
4546.0,0.25974845925,0.018607889116
4547.0,0.25985624178,0.018613619962
4548.0,0.26005909589,0.018682449518
4549.0,0.26026960562,0.018780508284
4550.0,0.26038681709,0.018864673767
4551.0,0.26034791782,0.018896730312
4552.0,0.26018990322,0.018865847133
4553.0,0.25997212588,0.018784106297
4554.0,0.25980820604,0.018691384218
4555.0,0.25976081472,0.018629722257
4556.0,0.25985649036,0.01863065676
4557.0,0.2600463653,0.018691316258
4558.0,0.26025125702,0.018786885778
4559.0,0.26036979996,0.018873369525
4560.0,0.26036256687,0.018911817604
4561.0,0.26021289259,0.018885261064
4562.0,0.25999870856,0.018806494224
4563.0,0.25981108152,0.018711948402
4564.0,0.25975690603,0.018645523751
4565.0,0.25984555242,0.018638545757
4566.0,0.26005560434,0.018696133786
4567.0,0.26027837865,0.018790912949
4568.0,0.26041785527,0.01888071299
4569.0,0.26041275277,0.018924195605
4570.0,0.26026552963,0.01890257299
4571.0,0.26003200372,0.018826196018
4572.0,0.25983043015,0.018729814664
4573.0,0.25975176931,0.018657176259
4574.0,0.25983609983,0.018643481128
4575.0,0.26002913533,0.018694363027
4576.0,0.26025268049,0.018786635287
4577.0,0.26040008797,0.018878209151
4578.0,0.26040501508,0.01892784288
4579.0,0.26026139624,0.018912456252
4580.0,0.26003373091,0.018839727347
4581.0,0.25982601185,0.018742641047
4582.0,0.25972179142,0.018665739353
4583.0,0.25977745491,0.01864536605
4584.0,0.2599563952,0.018689812156
4585.0,0.26018498943,0.01877963958
4586.0,0.26034188284,0.018872595616
4587.0,0.26036468379,0.018926544737
4588.0,0.26023683125,0.0189161008
4589.0,0.26001632059,0.018846193991
4590.0,0.25980701417,0.018748116877
4591.0,0.25970445997,0.018667849735
4592.0,0.25975501529,0.01864192655
4593.0,0.25993996154,0.018681443089
4594.0,0.26016607501,0.018767937295
4595.0,0.26032995114,0.018861797843
4596.0,0.26035416074,0.018917774238
4597.0,0.26024006355,0.018910271078
4598.0,0.26003920037,0.01884156657
4599.0,0.25983877323,0.018743447552
4600.0,0.25972369301,0.018659933113
4601.0,0.25975932227,0.018628875354
4602.0,0.25992631241,0.018662945774
4603.0,0.26015072685,0.018746485802
4604.0,0.26032391529,0.018839826136
4605.0,0.2603670139,0.018899178364
4606.0,0.26025143537,0.018896301622
4607.0,0.26003811285,0.018832011884
4608.0,0.25982356338,0.018733955627
4609.0,0.25970039801,0.018647308073
4610.0,0.25972006685,0.018610299833
4611.0,0.25987306343,0.018639198746
4612.0,0.26008574497,0.018720245734
4613.0,0.26025881041,0.018814410084
4614.0,0.26031076536,0.018877182085
4615.0,0.26021135285,0.018879769449
4616.0,0.2599990995,0.018819471692
4617.0,0.25977961055,0.018722840222
4618.0,0.25965080427,0.018633984028
4619.0,0.25966942982,0.018592404401
4620.0,0.25982041901,0.018616482552
4621.0,0.26003364209,0.018694532999
4622.0,0.26021407889,0.018789451303
4623.0,0.26027234762,0.018856235949
4624.0,0.26018046105,0.018863932726
4625.0,0.25997908548,0.018807820755
4626.0,0.25975652878,0.018712421365
4627.0,0.25961357175,0.018620420723
4628.0,0.25961774574,0.018573623075
4629.0,0.2597645833,0.018592926134
4630.0,0.25998241283,0.018668172292
4631.0,0.26016943881,0.018764044922
4632.0,0.26023642613,0.018835185775
4633.0,0.2601539757,0.018848527483
4634.0,0.25995873557,0.018796666163
4635.0,0.25973830176,0.018702634395
4636.0,0.25958994084,0.0186088296
4637.0,0.25958151601,0.018557660536
4638.0,0.2597164717,0.01857129172
4639.0,0.25993139642,0.018642980273
4640.0,0.26012794607,0.018739377514
4641.0,0.26021144438,0.018815046915
4642.0,0.26013880557,0.01883429349
4643.0,0.25994751244,0.018787717845
4644.0,0.25972589571,0.018695798752
4645.0,0.25957331155,0.018600351363
4646.0,0.25955829882,0.018544140298
4647.0,0.25968570094,0.018552272248
4648.0,0.25989816353,0.018620126186
4649.0,0.26010230046,0.018716374278
4650.0,0.26020637873,0.018795326607
4651.0,0.26015630034,0.018820815802
4652.0,0.25997519427,0.018779744886
4653.0,0.2597475831,0.018690462472
4654.0,0.2595791472,0.01859267286
4655.0,0.25954535023,0.018531014451
4656.0,0.25966279704,0.018532641027
4657.0,0.2598777331,0.018596213406
4658.0,0.2600928787,0.018691416038
4659.0,0.26021180173,0.018773478079
4660.0,0.26017827926,0.018804341139
4661.0,0.26000937915,0.018768964606
4662.0,0.25978237016,0.018683103319
4663.0,0.25960128384,0.018585600893
4664.0,0.25954274548,0.018519602712
4665.0,0.25963804136,0.018515006239
4666.0,0.25983738481,0.018573822665
4667.0,0.26005548616,0.018668453953
4668.0,0.26019276414,0.018753918321
4669.0,0.26018172092,0.018790539377
4670.0,0.26002474086,0.018761459571
4671.0,0.2597981953,0.018678711239
4672.0,0.25960678093,0.018579945883
4673.0,0.2595338358,0.018509253558
4674.0,0.25961583776,0.018499202074
4675.0,0.25981451933,0.018552997727
4676.0,0.2600397126,0.018645574147
4677.0,0.26019113167,0.018733019343
4678.0,0.26019256015,0.018774267752
4679.0,0.26004380123,0.018749678498
4680.0,0.25982075885,0.018669586171
4681.0,0.25962833439,0.018571033163
4682.0,0.25955353642,0.018497412581
4683.0,0.25963412046,0.018482585094
4684.0,0.25982435467,0.018532015862
4685.0,0.26003967612,0.018622919997
4686.0,0.26018613813,0.018711843499
4687.0,0.26018972552,0.018758101274
4688.0,0.26004643693,0.018739398535
4689.0,0.2598235518,0.018664804691
4690.0,0.25963138744,0.018565724787
4691.0,0.25954376757,0.018490238135
4692.0,0.25961492785,0.018469879366
4693.0,0.2597946286,0.018518863432
4694.0,0.26002240767,0.018607388582
4695.0,0.2601658439,0.018701752783
4696.0,0.2601917674,0.01875038058
4697.0,0.26006024499,0.018739545458
4698.0,0.25986053069,0.018666011618
4699.0,0.25967008921,0.018568311842
4700.0,0.25958344429,0.018487103765
4701.0,0.25964404538,0.018462834933
4702.0,0.2598204151,0.018503544754
4703.0,0.2600380166,0.018591654153
4704.0,0.26020167509,0.018685336264
4705.0,0.2602331604,0.018743064902
4706.0,0.26012377859,0.018736570634
4707.0,0.25992382885,0.018670134012
4708.0,0.25972204757,0.018573305071
4709.0,0.25961188815,0.018491157161
4710.0,0.25964815191,0.018460829168
4711.0,0.25980694753,0.018497689801
4712.0,0.26002774879,0.01858363538
4713.0,0.26020428008,0.018679177271
4714.0,0.26025146734,0.018741171855
4715.0,0.26014514572,0.018740288787
4716.0,0.25994634328,0.018678643228
4717.0,0.25974827747,0.018583643885
4718.0,0.25963165225,0.018500760498
4719.0,0.25966341792,0.018467615939
4720.0,0.25982181221,0.018501417678
4721.0,0.26004693338,0.01858557479
4722.0,0.26023808681,0.018683449859
4723.0,0.26031149694,0.018750414201
4724.0,0.26023719309,0.018756115245
4725.0,0.26005055746,0.018700038819
4726.0,0.2598473098,0.018607132596
4727.0,0.2597257068,0.018521071822
4728.0,0.25974068711,0.018481084559
4729.0,0.25988792612,0.018507029431
4730.0,0.26010045458,0.018586450526
4731.0,0.26029348979,0.018685194332
4732.0,0.2603699657,0.018756531142
4733.0,0.26029877155,0.018768731074
4734.0,0.26010883152,0.018718325076
4735.0,0.25989507831,0.018628435357
4736.0,0.25975234653,0.018539364593
4737.0,0.25974955731,0.018493597056
4738.0,0.25988192029,0.018513387609
4739.0,0.26009067653,0.018590815339
4740.0,0.26027687524,0.018689545424
4741.0,0.26035689914,0.0187647462
4742.0,0.26029686863,0.018783309321
4743.0,0.26013253185,0.01873526972
4744.0,0.25992196731,0.018647729288
4745.0,0.25978436721,0.018557603483
4746.0,0.25976185718,0.018511690189
4747.0,0.25989290187,0.018527377523
4748.0,0.26009669578,0.018604413821
4749.0,0.26029235456,0.018703544168
4750.0,0.26038409827,0.01878597497
4751.0,0.26033841172,0.018809050564
4752.0,0.26017133282,0.018768715647
4753.0,0.25996714158,0.018679319424
4754.0,0.2598146818,0.018588030921
4755.0,0.25979141757,0.018533555405
4756.0,0.25990936265,0.018546027058
4757.0,0.26013058167,0.018616940801
4758.0,0.26035217244,0.018719363536
4759.0,0.26046679424,0.018802469903
4760.0,0.26042515442,0.018833933599
4761.0,0.26024072517,0.018797228194
4762.0,0.26002283508,0.018713148256
4763.0,0.25984703369,0.01861778748
4764.0,0.2598000494,0.018557026352
4765.0,0.25989600075,0.018560528419
4766.0,0.26009702819,0.018626862383
4767.0,0.26031741058,0.018725267158
4768.0,0.26045130909,0.018811855473
4769.0,0.26042570993,0.018848506147
4770.0,0.26026478077,0.018817468292
4771.0,0.26003640841,0.018736767838
4772.0,0.25986109986,0.018641308444
4773.0,0.2598137442,0.018577062042
4774.0,0.25992415906,0.018573922614
4775.0,0.26013534906,0.018636280608
4776.0,0.26036094212,0.018734779593
4777.0,0.26049694761,0.018825831429
4778.0,0.26047291106,0.018865709111
4779.0,0.26031828611,0.018840794704
4780.0,0.26010062847,0.018759950074
4781.0,0.2599090645,0.018663510897
4782.0,0.25983560434,0.018596128255
4783.0,0.25990492946,0.018590526161
4784.0,0.26009127336,0.018647323761
4785.0,0.26031721378,0.018742636475
4786.0,0.26047240688,0.01883204963
4787.0,0.26048500204,0.018876779469
4788.0,0.26034719418,0.018857414718
4789.0,0.26012603162,0.01878286668
4790.0,0.25992796864,0.018687842674
4791.0,0.25983534278,0.018617557487
4792.0,0.25988546406,0.018605004226
4793.0,0.26006091664,0.018654947305
4794.0,0.26028375192,0.018746757443
4795.0,0.26044376618,0.018837721151
4796.0,0.26046520387,0.018888858952
4797.0,0.26034006311,0.018875445257
4798.0,0.26012486005,0.018804619546
4799.0,0.25992495157,0.018709747374
4800.0,0.25983633096,0.018635138671
4801.0,0.25989561953,0.018613564642
4802.0,0.26007661611,0.018659497978
4803.0,0.26029109097,0.018750052458
4804.0,0.26044661298,0.018845727831
4805.0,0.26046508606,0.018901528477
4806.0,0.2603418761,0.018894651615
4807.0,0.26012970633,0.018826380522
4808.0,0.25992124861,0.018729213122
4809.0,0.2598069092,0.018647851931
4810.0,0.25985190616,0.018621705583
4811.0,0.26002240077,0.018660443618
4812.0,0.26026303046,0.018749531057
4813.0,0.26044407892,0.018846906866
4814.0,0.26049167957,0.018909570016
4815.0,0.26038130731,0.018906639491
4816.0,0.26016326487,0.018843133738
4817.0,0.25993738156,0.018746574157
4818.0,0.25981376357,0.018662561216
4819.0,0.25984007226,0.01862849479
4820.0,0.2600167254,0.018662040582
4821.0,0.26024212511,0.018747058523
4822.0,0.26042237282,0.018846495571
4823.0,0.26046728959,0.018912651558
4824.0,0.26035995822,0.018917001534
4825.0,0.26013775821,0.018857297162
4826.0,0.25991741681,0.018761095756
4827.0,0.25978075524,0.018672087633
4828.0,0.25980448821,0.018632346459
4829.0,0.2599681697,0.018659570019
4830.0,0.26019709889,0.018741860081
4831.0,0.26036907097,0.018840433589
4832.0,0.26042070915,0.018909910086
4833.0,0.26031637495,0.018918297742
4834.0,0.26011520581,0.018862263663
4835.0,0.25989231621,0.018767149814
4836.0,0.25975640992,0.01867653426
4837.0,0.25975723767,0.018632198417
4838.0,0.25989431706,0.018653984261
4839.0,0.26010287882,0.018732066431
4840.0,0.2602905198,0.018830208911
4841.0,0.26036910066,0.018902118153
4842.0,0.26030223092,0.01891572155
4843.0,0.26010910497,0.018864269817
4844.0,0.25988825924,0.018769427355
4845.0,0.25974019988,0.018675225659
4846.0,0.25973721258,0.01862363225
4847.0,0.25987412908,0.018637995826
4848.0,0.26008638588,0.018710753165
4849.0,0.2602817233,0.018807959318
4850.0,0.26036637733,0.018883439864
4851.0,0.26030090143,0.018902097428
4852.0,0.26011607276,0.018854834316
4853.0,0.25989461215,0.018763061672
4854.0,0.25973514375,0.018667054483
4855.0,0.25971263792,0.018610415558
4856.0,0.25983363994,0.018618288467
4857.0,0.26003960874,0.018686698226
4858.0,0.26023586806,0.018782472598
4859.0,0.2603276693,0.01886081035
4860.0,0.26026679358,0.018884913184
4861.0,0.26008799722,0.018843125968
4862.0,0.25987211303,0.018753692209
4863.0,0.25971498814,0.018657196681
4864.0,0.25968631272,0.018596539534
4865.0,0.25980230826,0.018599841522
4866.0,0.26000588608,0.018663619857
4867.0,0.26020564886,0.018758210501
4868.0,0.26030963553,0.018839167216
4869.0,0.2602634455,0.018868713158
4870.0,0.26008195301,0.018832211362
4871.0,0.25984954386,0.018745464751
4872.0,0.25967662185,0.018647689152
4873.0,0.25963476947,0.018583180473
4874.0,0.25973734441,0.01858092827
4875.0,0.25993198151,0.018641276435
4876.0,0.26013706452,0.01873515068
4877.0,0.26025938828,0.018819281181
4878.0,0.2602388448,0.018853746637
4879.0,0.26007949867,0.01882263871
4880.0,0.25985907231,0.018739183607
4881.0,0.25967864309,0.018640908812
4882.0,0.2596200299,0.018572100297
4883.0,0.25971056953,0.018564352668
4884.0,0.25990990032,0.018620176964
4885.0,0.26012689246,0.018712991556
4886.0,0.26025961741,0.018799341479
4887.0,0.26024308591,0.018839029923
4888.0,0.26008943126,0.018812922091
4889.0,0.25987076432,0.018732412994
4890.0,0.25968452357,0.018633337048
4891.0,0.25961156808,0.01856035239
4892.0,0.25968854148,0.018546006449
4893.0,0.25987997142,0.018596888954
4894.0,0.26009934953,0.018688426419
4895.0,0.26024272307,0.018777696609
4896.0,0.26024584152,0.018822947574
4897.0,0.26010318609,0.018803277786
4898.0,0.25988367206,0.018726018002
4899.0,0.25968809036,0.01862609055
4900.0,0.25960070343,0.018548577017
4901.0,0.25966344106,0.018528084552
4902.0,0.2598427636,0.01857319965
4903.0,0.26006299289,0.018662498056
4904.0,0.26022848815,0.018754209683
4905.0,0.26025888021,0.018805655216
4906.0,0.26013598047,0.018792227688
4907.0,0.25992276817,0.018718749575
4908.0,0.25972078103,0.018618182323
4909.0,0.25962002758,0.018536083492
4910.0,0.25966461822,0.018509196241
4911.0,0.25982999455,0.018549598782
4912.0,0.26004105338,0.01863732594
4913.0,0.26020433287,0.018731610056
4914.0,0.26023872804,0.018788423525
4915.0,0.26012538047,0.018781700844
4916.0,0.25992364571,0.018713150996
4917.0,0.25972538312,0.018613661164
4918.0,0.25962130935,0.018527841332
4919.0,0.25965773072,0.018495058837
4920.0,0.25982111669,0.018529566393
4921.0,0.26003668716,0.018615275677
4922.0,0.26020704476,0.018711136456
4923.0,0.26024441079,0.018773561315
4924.0,0.26013624067,0.018772530195
4925.0,0.25993208784,0.018709036295
4926.0,0.25972342476,0.018610991576
4927.0,0.25960517004,0.018522623852
4928.0,0.25963422673,0.01848364545
4929.0,0.25979803177,0.018511307997
4930.0,0.26002071907,0.018592127995
4931.0,0.26020301048,0.018688461163
4932.0,0.260262353,0.018755164032
4933.0,0.26016728384,0.018760359149
4934.0,0.25996770478,0.018701803845
4935.0,0.25975112181,0.018606295528
4936.0,0.25961274611,0.018516631553
4937.0,0.25962250262,0.01847445118
4938.0,0.25977289527,0.01849842782
4939.0,0.25999222753,0.018576840108
4940.0,0.26018552313,0.018673212021
4941.0,0.26026278343,0.018741876014
4942.0,0.26018143996,0.018752274875
4943.0,0.25998758259,0.01869860748
4944.0,0.25977496318,0.01860575942
4945.0,0.25963604521,0.018515170203
4946.0,0.25963157039,0.018469338934
4947.0,0.25977004736,0.018488136484
4948.0,0.25997559063,0.01856425773
4949.0,0.26017813734,0.018659516839
4950.0,0.26026537885,0.018731847654
4951.0,0.26020818107,0.018746114515
4952.0,0.26003709172,0.018696878181
4953.0,0.25983673437,0.018605198808
4954.0,0.25969894897,0.018513740356
4955.0,0.25968985688,0.018463880556
4956.0,0.25981670643,0.018478738193
4957.0,0.26002407327,0.018551187451
4958.0,0.26021460451,0.018648005806
4959.0,0.26030235364,0.018724677359
4960.0,0.26024098907,0.018745982345
4961.0,0.26006218874,0.018701535659
4962.0,0.25985152478,0.018612219291
4963.0,0.25970451661,0.018518481965
4964.0,0.25969112019,0.018464328861
4965.0,0.25981796729,0.01847316519
4966.0,0.26002115104,0.01854534311
4967.0,0.26022356855,0.018642358809
4968.0,0.26032003355,0.018724646313
4969.0,0.2602842696,0.018749497945
4970.0,0.2601065861,0.018713983546
4971.0,0.25990212973,0.018626083693
4972.0,0.25974027314,0.018533806109
4973.0,0.25971341027,0.018473687439
4974.0,0.25982913758,0.018479232889
4975.0,0.26004127631,0.018545543545
4976.0,0.26024929828,0.018645446579
4977.0,0.26036702056,0.01872982439
4978.0,0.260347296,0.01876308541
4979.0,0.26019233913,0.018729906762
4980.0,0.25999428763,0.018646361519
4981.0,0.25983891876,0.018550239969
4982.0,0.25980027642,0.018488241317
4983.0,0.25989993653,0.018487200463
4984.0,0.26009378596,0.018549925741
4985.0,0.26029194257,0.018647221188
4986.0,0.26039895599,0.018735634748
4987.0,0.26037552366,0.01877459052
4988.0,0.26021125891,0.018748720783
4989.0,0.25999601145,0.018669783041
4990.0,0.25982139194,0.018574395873
4991.0,0.25976920134,0.018507005423
4992.0,0.25985640054,0.018500623764
4993.0,0.26004548555,0.018558411105
4994.0,0.26025793527,0.018655121458
4995.0,0.26039870246,0.018743905402
4996.0,0.26040351574,0.018788792085
4997.0,0.26026674948,0.018767497177
4998.0,0.26007104397,0.018692983015
4999.0,0.25988785195,0.018598630218
5000.0,0.25981987581,0.018530679059
5001.0,0.25987968276,0.018520002756
5002.0,0.2600666316,0.018573743441
5003.0,0.26027099042,0.018668728239
5004.0,0.26043294153,0.018761652735
5005.0,0.260450811,0.018810504492
5006.0,0.26034792374,0.018795568874
5007.0,0.2601448131,0.018724756813
5008.0,0.25997326827,0.018629347659
5009.0,0.25987775404,0.018556787233
5010.0,0.2599325674,0.01854017185
5011.0,0.2600792129,0.018589460936
5012.0,0.26029900563,0.018681406704
5013.0,0.26044444929,0.018775708639
5014.0,0.2604652183,0.018831049314
5015.0,0.26033450579,0.018821926855
5016.0,0.26012908812,0.018751765201
5017.0,0.25993140631,0.018656551275
5018.0,0.25984963181,0.018577783643
5019.0,0.25990964234,0.018554952817
5020.0,0.26008194982,0.018596709227
5021.0,0.26029507197,0.018687310104
5022.0,0.26046145359,0.018781749864
5023.0,0.26049515093,0.01884076572
5024.0,0.26038152404,0.018836459355
5025.0,0.26017658095,0.018773964409
5026.0,0.25996853947,0.018679675769
5027.0,0.25984922684,0.01860053012
5028.0,0.25986921984,0.018571786554
5029.0,0.26003479039,0.01860945519
5030.0,0.26025881437,0.018694294568
5031.0,0.26044970296,0.018791611949
5032.0,0.26049482376,0.018855696519
5033.0,0.26038408181,0.018858476483
5034.0,0.26016479377,0.018798164131
5035.0,0.25995046651,0.018703493023
5036.0,0.25983203932,0.018619084123
5037.0,0.25987971864,0.018584244512
5038.0,0.26005887967,0.018615080349
5039.0,0.26029570958,0.018699199036
5040.0,0.26046376487,0.018798924238
5041.0,0.26049671979,0.018869207681
5042.0,0.26036683009,0.018877212772
5043.0,0.26015588553,0.018819551421
5044.0,0.25995321581,0.018723846158
5045.0,0.25985158524,0.018635999266
5046.0,0.25988419509,0.018596336996
5047.0,0.26004124822,0.018623412487
5048.0,0.26026016598,0.018704930746
5049.0,0.26043039176,0.018803496377
5050.0,0.26048925457,0.01887609902
5051.0,0.26039316359,0.018888646066
5052.0,0.26020527298,0.018836310065
5053.0,0.26000329155,0.018743802531
5054.0,0.25988358882,0.018654745067
5055.0,0.25989254867,0.018609782032
5056.0,0.26003484814,0.018630996134
5057.0,0.26023823251,0.018709541244
5058.0,0.26042118859,0.018807928554
5059.0,0.2604820216,0.018882478779
5060.0,0.26039522815,0.018899720934
5061.0,0.26019510712,0.018850699088
5062.0,0.25998323468,0.018759177577
5063.0,0.25984649975,0.018666931783
5064.0,0.25985924211,0.018617674169
5065.0,0.2600065436,0.018633743081
5066.0,0.26023337195,0.018707832667
5067.0,0.26043501888,0.01880735202
5068.0,0.26052956633,0.018886373048
5069.0,0.26046114248,0.018909467238
5070.0,0.26025607764,0.018865744398
5071.0,0.26001467821,0.018776268164
5072.0,0.25983946414,0.01868098316
5073.0,0.25981683871,0.018625368556
5074.0,0.25995441302,0.018634124493
5075.0,0.26017783257,0.018704372645
5076.0,0.26039210857,0.018803216139
5077.0,0.26050184534,0.018886295484
5078.0,0.26045486435,0.018914291814
5079.0,0.26027345205,0.018875981541
5080.0,0.26004161022,0.018788628906
5081.0,0.25986231491,0.018692574435
5082.0,0.25981908396,0.018631287304
5083.0,0.25993113192,0.018633111436
5084.0,0.26014188993,0.018696423379
5085.0,0.2603634091,0.018791728919
5086.0,0.26048561151,0.018876540079
5087.0,0.26044849084,0.018910316736
5088.0,0.26027375194,0.018877588815
5089.0,0.26004242362,0.01879315858
5090.0,0.25985898498,0.018695836569
5091.0,0.25980184541,0.018629087599
5092.0,0.25989825235,0.018624009182
5093.0,0.26009657705,0.018681671975
5094.0,0.26030695424,0.018775369545
5095.0,0.26043567371,0.018861447469
5096.0,0.26041818415,0.018898821251
5097.0,0.26026086159,0.018870159021
5098.0,0.26003640712,0.018787828341
5099.0,0.25984884278,0.018688927867
5100.0,0.2597897688,0.018617866311
5101.0,0.2598859974,0.0186071934
5102.0,0.26008850076,0.018660368427
5103.0,0.26030748823,0.018752710296
5104.0,0.26043503622,0.018840737366
5105.0,0.26041505578,0.018883457396
5106.0,0.26025808486,0.018860530377
5107.0,0.26002964647,0.018782452879
5108.0,0.25982791734,0.018682585635
5109.0,0.25974794939,0.018606393506
5110.0,0.25982308906,0.018588914777
5111.0,0.26001683043,0.018637422672
5112.0,0.26024051166,0.018728484288
5113.0,0.26039050615,0.018820141244
5114.0,0.2603899977,0.018869135101
5115.0,0.26024633193,0.018852685527
5116.0,0.26002562353,0.01877730368
5117.0,0.25982907175,0.018676829949
5118.0,0.25974051776,0.018596761502
5119.0,0.25979777933,0.018573585014
5120.0,0.25997164248,0.018616471548
5121.0,0.26019123548,0.018705554168
5122.0,0.2603540625,0.01879905906
5123.0,0.26037485354,0.018852872869
5124.0,0.26024177042,0.018841886357
5125.0,0.26002387907,0.018770617445
5126.0,0.25982201501,0.018670273711
5127.0,0.25972300232,0.018586591332
5128.0,0.25977075376,0.01855739928
5129.0,0.259940496,0.018595191055
5130.0,0.26015495505,0.018681633183
5131.0,0.26031902599,0.018776217304
5132.0,0.26035387016,0.018834359219
5133.0,0.26024089325,0.018829242541
5134.0,0.26003004074,0.018762671608
5135.0,0.25981475752,0.018664041307
5136.0,0.25969290877,0.018577219507
5137.0,0.25972497364,0.018542605044
5138.0,0.25988618233,0.018575025027
5139.0,0.26010514326,0.01865878762
5140.0,0.26027971325,0.018753996434
5141.0,0.26033192434,0.018816923486
5142.0,0.26023518225,0.018817432394
5143.0,0.26003225802,0.018754963747
5144.0,0.25981088429,0.018657094579
5145.0,0.25967274409,0.018568655147
5146.0,0.25967837146,0.018529020844
5147.0,0.25982951061,0.018556374294
5148.0,0.26005441608,0.018637273336
5149.0,0.26024947558,0.018733712968
5150.0,0.26032319776,0.018800706982
5151.0,0.26024094086,0.018806716148
5152.0,0.26004072049,0.018747965135
5153.0,0.25981555578,0.018651103077
5154.0,0.25966765997,0.018559748316
5155.0,0.25966440843,0.018515767062
5156.0,0.25980397151,0.018537687912
5157.0,0.26002489954,0.018615771028
5158.0,0.26022653506,0.018712496666
5159.0,0.26031278228,0.01878314984
5160.0,0.26023878856,0.018794395058
5161.0,0.26004220546,0.018740576846
5162.0,0.25981853465,0.018645316867
5163.0,0.25966946948,0.018551873784
5164.0,0.25966135725,0.018502448286
5165.0,0.25980063903,0.018519948771
5166.0,0.26001806148,0.018594522033
5167.0,0.26021846952,0.018691223557
5168.0,0.26030628889,0.01876464277
5169.0,0.26023992052,0.018781014452
5170.0,0.26004874453,0.018732270976
5171.0,0.25982068324,0.018639467344
5172.0,0.25965563871,0.018545042617
5173.0,0.25963492834,0.018491734099
5174.0,0.25976385091,0.018503324231
5175.0,0.25998395484,0.018574262156
5176.0,0.2601946697,0.018671239428
5177.0,0.26030226316,0.018748468984
5178.0,0.26025330651,0.018770234821
5179.0,0.26007733754,0.018726103219
5180.0,0.25985482146,0.018635667545
5181.0,0.25968987764,0.018539853206
5182.0,0.25965695382,0.018481788357
5183.0,0.25977106432,0.018488277806
5184.0,0.2599782496,0.018554721318
5185.0,0.26018673105,0.018650302145
5186.0,0.26029766645,0.018729940512
5187.0,0.2602600498,0.018757171037
5188.0,0.26009821308,0.018718602203
5189.0,0.25988858551,0.018632031645
5190.0,0.25972698312,0.018536422014
5191.0,0.25968586347,0.018475977575
5192.0,0.25979080327,0.018477088354
5193.0,0.25998242785,0.01854092472
5194.0,0.26018518266,0.018636324991
5195.0,0.26029810552,0.018720722613
5196.0,0.26027177198,0.018753138678
5197.0,0.26011428289,0.018720911757
5198.0,0.25990904174,0.018635880777
5199.0,0.25973636829,0.018540215703
5200.0,0.25968716648,0.018474311129
5201.0,0.25978226235,0.018471745779
5202.0,0.25998031617,0.018530296149
5203.0,0.26019489211,0.018625969326
5204.0,0.2603258288,0.018711717036
5205.0,0.26032214923,0.018749853138
5206.0,0.26018401993,0.018721920226
5207.0,0.25997664579,0.018640789807
5208.0,0.25980436832,0.018543965479
5209.0,0.25974941854,0.018476209583
5210.0,0.25983099826,0.018468398443
5211.0,0.2600123232,0.01852389707
5212.0,0.26021817589,0.018618270956
5213.0,0.26034964356,0.018705988998
5214.0,0.26033183821,0.0187489292
5215.0,0.26018559598,0.018725675834
5216.0,0.25996241552,0.018648347946
5217.0,0.25978442189,0.018550485066
5218.0,0.25971423359,0.018480518131
5219.0,0.25980342815,0.018468017746
5220.0,0.25999424367,0.018522612678
5221.0,0.26022465956,0.018615440831
5222.0,0.26036977665,0.018708410655
5223.0,0.26038222194,0.018754665892
5224.0,0.26024152189,0.018739077155
5225.0,0.26003441533,0.018663635264
5226.0,0.25983428831,0.018568149987
5227.0,0.25975043542,0.01849235116
5228.0,0.25981287909,0.018476569935
5229.0,0.26000964814,0.018523677556
5230.0,0.26023682315,0.01861700799
5231.0,0.2603999427,0.018711261279
5232.0,0.26042036641,0.018765466121
5233.0,0.26029177062,0.018752479543
5234.0,0.26007237525,0.018682747219
5235.0,0.25987361993,0.018586117713
5236.0,0.25978870376,0.018509361222
5237.0,0.25984058379,0.018487081268
5238.0,0.26002377998,0.018532012086
5239.0,0.26025159763,0.018621896573
5240.0,0.2604326314,0.018717388527
5241.0,0.26047148417,0.018774721143
5242.0,0.26034960375,0.018770311876
5243.0,0.26012274327,0.018706585274
5244.0,0.25990511914,0.018611546477
5245.0,0.25978821627,0.018530157102
5246.0,0.25984640774,0.018500912519
5247.0,0.26002516624,0.018540070167
5248.0,0.26026949166,0.018627196602
5249.0,0.26044794026,0.018726287474
5250.0,0.26049837027,0.018788933031
5251.0,0.26038360553,0.018790113318
5252.0,0.26018393655,0.01872665745
5253.0,0.25997051574,0.018632925751
5254.0,0.25986023423,0.018549429726
5255.0,0.25986981599,0.018519662099
5256.0,0.26003469719,0.018554109065
5257.0,0.26024863597,0.018641895305
5258.0,0.26043977644,0.018738529525
5259.0,0.260499682,0.018809597595
5260.0,0.26040515494,0.018814611699
5261.0,0.26021143213,0.018759419788
5262.0,0.26001447937,0.018664209709
5263.0,0.25989192366,0.018580309544
5264.0,0.25990775266,0.018540828501
5265.0,0.26005366696,0.018570965377
5266.0,0.26027760793,0.018652237698
5267.0,0.26047365435,0.018753704419
5268.0,0.26054182878,0.018824937885
5269.0,0.26045112289,0.018839821397
5270.0,0.26025448043,0.018785888468
5271.0,0.26004337527,0.018693317788
5272.0,0.25990293798,0.01860231091
5273.0,0.25991105754,0.018560544943
5274.0,0.2600509841,0.018582334992
5275.0,0.26026876343,0.018662490131
5276.0,0.2604633308,0.018762268113
5277.0,0.26054900655,0.018838684455
5278.0,0.26048374455,0.018855057788
5279.0,0.26029519914,0.018807735192
5280.0,0.26007170565,0.018715934405
5281.0,0.25992686764,0.018625104697
5282.0,0.25991972304,0.01857484118
5283.0,0.26005779181,0.018592883721
5284.0,0.26027203508,0.018668051723
5285.0,0.26048177223,0.018769583343
5286.0,0.26058437785,0.018849434003
5287.0,0.26053291672,0.018872620277
5288.0,0.2603511175,0.018828820413
5289.0,0.26014226063,0.018739493475
5290.0,0.25998345265,0.018646028418
5291.0,0.25996714484,0.018591969734
5292.0,0.26008229244,0.018601122221
5293.0,0.26029134919,0.018671401898
5294.0,0.26048814735,0.01877074313
5295.0,0.26058523859,0.018854675739
5296.0,0.26052692198,0.018883017196
5297.0,0.26035589772,0.018844059756
5298.0,0.26014916025,0.018756837081
5299.0,0.26000054098,0.018662122971
5300.0,0.25997114294,0.018602180672
5301.0,0.26009044152,0.018606504963
5302.0,0.26029600633,0.018671634895
5303.0,0.26051018613,0.018770550874
5304.0,0.2606208951,0.018854968566
5305.0,0.26058671543,0.018889049458
5306.0,0.26041507283,0.018857099137
5307.0,0.26018338234,0.018774095711
5308.0,0.25998596464,0.018677596478
5309.0,0.25992909265,0.018612409023
5310.0,0.26003856301,0.018608428288
5311.0,0.26025891996,0.018669069438
5312.0,0.2604808011,0.018765647476
5313.0,0.26061025167,0.018854386856
5314.0,0.26058473196,0.018893255209
5315.0,0.26042128154,0.018866737152
5316.0,0.26017955746,0.018785328484
5317.0,0.25998604715,0.018687748785
5318.0,0.25990925659,0.018618689329
5319.0,0.25999984676,0.018610457737
5320.0,0.26019317208,0.018665743345
5321.0,0.26041956693,0.018760981879
5322.0,0.26056744533,0.018850380388
5323.0,0.26057468191,0.018894291695
5324.0,0.26041799682,0.018873395031
5325.0,0.2601875509,0.018797269275
5326.0,0.25997881208,0.018700034385
5327.0,0.25988596961,0.018626973471
5328.0,0.25994316664,0.018611778472
5329.0,0.26013180304,0.018661348669
5330.0,0.26035320735,0.018752912637
5331.0,0.26050529157,0.018843643443
5332.0,0.2605160368,0.01889235189
5333.0,0.26039301549,0.018876947209
5334.0,0.26018011556,0.018803607767
5335.0,0.25998557902,0.018705757439
5336.0,0.25988696949,0.018629174593
5337.0,0.25994128655,0.018608913311
5338.0,0.26010759201,0.018653726096
5339.0,0.26032208019,0.018743261521
5340.0,0.26048254963,0.018835727755
5341.0,0.26051250862,0.018888312339
5342.0,0.26039154883,0.018876547462
5343.0,0.26017750747,0.018805925019
5344.0,0.25996764675,0.018708008236
5345.0,0.25985939953,0.018627608805
5346.0,0.25989866647,0.018601887364
5347.0,0.26006141789,0.018641424136
5348.0,0.26027239783,0.018727292562
5349.0,0.26043760694,0.018819495755
5350.0,0.26047242407,0.018874772242
5351.0,0.26036335398,0.018868120727
5352.0,0.26016171695,0.018801230778
5353.0,0.25996315552,0.018703700614
5354.0,0.25985632283,0.018620193099
5355.0,0.25989142944,0.01858904609
5356.0,0.26004521033,0.018623712902
5357.0,0.26024732596,0.018707439201
5358.0,0.26040126639,0.018800769869
5359.0,0.26043398983,0.018859959977
5360.0,0.26032973692,0.018857596056
5361.0,0.26013373692,0.01879382271
5362.0,0.25993216171,0.018697243082
5363.0,0.25981389703,0.018611834011
5364.0,0.25983459864,0.018576032504
5365.0,0.25998376744,0.018606107364
5366.0,0.2601945525,0.018687017453
5367.0,0.26036959743,0.018781449843
5368.0,0.26041442391,0.01884455045
5369.0,0.26031471247,0.018847135866
5370.0,0.26011375476,0.018787024314
5371.0,0.25990388654,0.018691603303
5372.0,0.25977477169,0.018603522593
5373.0,0.25978401144,0.018562912908
5374.0,0.25992471543,0.01858746096
5375.0,0.26013944872,0.018665789976
5376.0,0.26032621986,0.018760528642
5377.0,0.26039579459,0.018828021951
5378.0,0.26031113821,0.018836108617
5379.0,0.26011660021,0.018780926149
5380.0,0.25989869649,0.018686848684
5381.0,0.25975729482,0.01859624705
5382.0,0.25975842473,0.018550295019
5383.0,0.25989369976,0.018569408494
5384.0,0.26010062904,0.018644052839
5385.0,0.26029375756,0.018739438487
5386.0,0.26037600342,0.018810821945
5387.0,0.26030719758,0.018824858651
5388.0,0.26011703194,0.018774421037
5389.0,0.25989699912,0.018681998966
5390.0,0.25974736034,0.018588973415
5391.0,0.25973655139,0.018537561543
5392.0,0.25986831869,0.018551190695
5393.0,0.26008377829,0.018622863695
5394.0,0.26028386133,0.018719069925
5395.0,0.26037475758,0.018794628357
5396.0,0.26031102357,0.018814113787
5397.0,0.2601270696,0.018768501291
5398.0,0.25990156929,0.018677385756
5399.0,0.25973730921,0.018582196325
5400.0,0.25970882141,0.018525715108
5401.0,0.25983207759,0.018533730846
5402.0,0.26004860052,0.018601548824
5403.0,0.26026341746,0.018698006016
5404.0,0.26037151513,0.018777931871
5405.0,0.26031915122,0.018803356962
5406.0,0.26013698897,0.018762425328
5407.0,0.25990784888,0.018673322773
5408.0,0.25973687581,0.018575900549
5409.0,0.2596986429,0.018514121615
5410.0,0.25981241076,0.018516008219
5411.0,0.2600204184,0.01857965606
5412.0,0.26023154721,0.018675038091
5413.0,0.26035409326,0.018758240528
5414.0,0.26032786795,0.018790020464
5415.0,0.26016302672,0.018754857971
5416.0,0.25993841274,0.01866809687
5417.0,0.25976203837,0.018568746581
5418.0,0.25970916501,0.018501628663
5419.0,0.25980411913,0.018496988405
5420.0,0.26000059605,0.018556143113
5421.0,0.26021051412,0.018651196749
5422.0,0.2603339647,0.018737785461
5423.0,0.26031430737,0.018775558888
5424.0,0.26015584965,0.018746557161
5425.0,0.25993398154,0.018663351249
5426.0,0.25974718089,0.018563457796
5427.0,0.25968570628,0.018491966036
5428.0,0.25977954319,0.018480778866
5429.0,0.25997623507,0.018534968658
5430.0,0.26018804645,0.018628704843
5431.0,0.26032589554,0.01871862971
5432.0,0.2603166473,0.018762362716
5433.0,0.26016799117,0.018739767232
5434.0,0.25995057428,0.018661035249
5435.0,0.25976649411,0.018561855706
5436.0,0.25969137876,0.018487390331
5437.0,0.25976079283,0.018471075064
5438.0,0.25994086026,0.01852008191
5439.0,0.2601548062,0.018611054539
5440.0,0.26030452793,0.018701744537
5441.0,0.26031595488,0.01875007247
5442.0,0.26018093891,0.018733442537
5443.0,0.25997225917,0.018659536644
5444.0,0.25977569941,0.018561258374
5445.0,0.25968087072,0.018483522435
5446.0,0.25973369339,0.018462302321
5447.0,0.25990591681,0.018506609413
5448.0,0.26011605791,0.018595851172
5449.0,0.26027435717,0.018688748834
5450.0,0.26029817932,0.018742839562
5451.0,0.2601850422,0.018733055755
5452.0,0.25998836803,0.018663698952
5453.0,0.25979864894,0.018566025214
5454.0,0.25969706612,0.018485448864
5455.0,0.25974149072,0.018458036317
5456.0,0.25990711474,0.018496671091
5457.0,0.26011899739,0.018582479416
5458.0,0.26028203751,0.018676857223
5459.0,0.26032505066,0.01873652507
5460.0,0.26022467335,0.018734183561
5461.0,0.2600326166,0.01867042209
5462.0,0.25983363608,0.018574853983
5463.0,0.25973070981,0.018491777451
5464.0,0.25977087041,0.018459273771
5465.0,0.2599339731,0.018493132754
5466.0,0.26015028769,0.01857761233
5467.0,0.26032598575,0.018673438802
5468.0,0.26037535007,0.018737819193
5469.0,0.26028422224,0.018740005513
5470.0,0.26008847588,0.018680433369
5471.0,0.25988951452,0.018584728794
5472.0,0.25977608573,0.018499537322
5473.0,0.25980941206,0.018462463474
5474.0,0.25995668852,0.018493778607
5475.0,0.26017578491,0.018576211579
5476.0,0.26035418509,0.018675957975
5477.0,0.26043073706,0.018743489685
5478.0,0.26035131319,0.018753321213
5479.0,0.26017942015,0.018697298436
5480.0,0.25997767134,0.01860477125
5481.0,0.25985228921,0.018515360692
5482.0,0.25985270933,0.018474058038
5483.0,0.26000008239,0.018496685643
5484.0,0.26021612811,0.018576767935
5485.0,0.2604170884,0.018676109191
5486.0,0.26049948161,0.018751365505
5487.0,0.26043175766,0.018767744077
5488.0,0.26024766388,0.018718281799
5489.0,0.26003082382,0.018627655156
5490.0,0.25988594419,0.01853798537
5491.0,0.25988285257,0.018490611559
5492.0,0.26001800355,0.018508280093
5493.0,0.2602289824,0.018584396646
5494.0,0.26043839851,0.018684205819
5495.0,0.26052407608,0.018763051254
5496.0,0.26046044362,0.018784240727
5497.0,0.26027048938,0.018741152613
5498.0,0.2600461593,0.018652814862
5499.0,0.2598799977,0.018560750234
5500.0,0.25986393663,0.01850655077
5501.0,0.26000440235,0.018517381994
5502.0,0.26024206353,0.018588013569
5503.0,0.26046107696,0.018688957709
5504.0,0.26057095843,0.018771885428
5505.0,0.2605136174,0.018801273035
5506.0,0.26033628889,0.018762351443
5507.0,0.26011013962,0.018676173391
5508.0,0.2599436207,0.018581118826
5509.0,0.25990097314,0.018524930338
5510.0,0.26001626707,0.01853057598
5511.0,0.26023364008,0.018598724311
5512.0,0.26045048406,0.018696962517
5513.0,0.26055494887,0.018784891391
5514.0,0.26051211155,0.018818759375
5515.0,0.26033950495,0.01878834531
5516.0,0.26013342814,0.01870503249
5517.0,0.25998427341,0.018611790594
5518.0,0.25995234065,0.018549494999
5519.0,0.26005724691,0.018551935688
5520.0,0.26025593329,0.018614861734
5521.0,0.2604636526,0.018713456195
5522.0,0.26058217412,0.018800417039
5523.0,0.26056333872,0.018839796201
5524.0,0.26040236942,0.018812295796
5525.0,0.26018264615,0.01873490149
5526.0,0.26000638051,0.018638589141
5527.0,0.2599587072,0.018572565519
5528.0,0.26005519208,0.018566884008
5529.0,0.26026085578,0.018627653445
5530.0,0.26047490024,0.018723608985
5531.0,0.26061898547,0.018814144165
5532.0,0.26061520338,0.018857248344
5533.0,0.26046941633,0.018835653583
5534.0,0.26024442522,0.018757787298
5535.0,0.26004903174,0.018661694801
5536.0,0.25995728319,0.018591006425
5537.0,0.26002549591,0.018579760863
5538.0,0.26020226398,0.018632836219
5539.0,0.26041984974,0.018727557374
5540.0,0.26056329847,0.018819191176
5541.0,0.26056917985,0.018867585065
5542.0,0.2604328857,0.018850092274
5543.0,0.2602277293,0.018776332677
5544.0,0.26004447249,0.01868057144
5545.0,0.25996420512,0.018607343756
5546.0,0.26002359765,0.018590562738
5547.0,0.26019868712,0.018638314319
5548.0,0.26041947782,0.018729860253
5549.0,0.26057604663,0.018823146548
5550.0,0.2606031239,0.018876689266
5551.0,0.26047279189,0.018865274045
5552.0,0.26025701631,0.018795618136
5553.0,0.26004437854,0.018698857767
5554.0,0.25994661302,0.018619577735
5555.0,0.25999174374,0.018595273823
5556.0,0.26016951304,0.018638508845
5557.0,0.2603929429,0.018728401545
5558.0,0.26058112097,0.018822558322
5559.0,0.26063268925,0.018879121551
5560.0,0.26051951798,0.018874009883
5561.0,0.2602979889,0.018809757362
5562.0,0.26008122935,0.018713246165
5563.0,0.2599596373,0.018630553637
5564.0,0.25999510408,0.018600211774
5565.0,0.26015762507,0.018636347033
5566.0,0.26037439405,0.01872195851
5567.0,0.26054407254,0.018818635928
5568.0,0.26058898396,0.018880172142
5569.0,0.26048731807,0.018879470366
5570.0,0.26029367812,0.01881704067
5571.0,0.26008549253,0.01872083291
5572.0,0.25996475053,0.018635500546
5573.0,0.25998896002,0.018601285523
5574.0,0.26013696602,0.018633390444
5575.0,0.2603461479,0.018716810074
5576.0,0.26052526097,0.018812710071
5577.0,0.26058921612,0.018878753552
5578.0,0.26049145122,0.018883975634
5579.0,0.26028993356,0.018825886251
5580.0,0.26007691619,0.018730140097
5581.0,0.25995196493,0.018641498248
5582.0,0.25996715961,0.018600784291
5583.0,0.26012268255,0.018626143072
5584.0,0.26034071443,0.018705287774
5585.0,0.26052363207,0.018802949507
5586.0,0.26058497495,0.0188732137
5587.0,0.2604972668,0.018884648772
5588.0,0.26029979615,0.018831614295
5589.0,0.26007955803,0.018738528766
5590.0,0.25993725171,0.018647212215
5591.0,0.25993694804,0.018599513726
5592.0,0.2600730591,0.018617407197
5593.0,0.26028655691,0.018692132356
5594.0,0.26048134605,0.018788915992
5595.0,0.26056204765,0.018863591859
5596.0,0.2604831863,0.018880954423
5597.0,0.26028799448,0.018832693925
5598.0,0.26006667663,0.01874077699
5599.0,0.25991801954,0.018645965738
5600.0,0.25990731188,0.018591967666
5601.0,0.26003563665,0.018603112735
5602.0,0.2602414993,0.018673216766
5603.0,0.26043319476,0.018769783213
5604.0,0.26051622446,0.018847337953
5605.0,0.26044710461,0.018869629161
5606.0,0.26026125123,0.018826086225
5607.0,0.26004110267,0.018736231937
5608.0,0.25988661495,0.018640463687
5609.0,0.25986719978,0.018581940048
5610.0,0.25998539773,0.018587612253
5611.0,0.260179883,0.01865378496
5612.0,0.2603698476,0.018749119194
5613.0,0.26046828347,0.018829141405
5614.0,0.2604256059,0.018856458827
5615.0,0.26025863938,0.018818325537
5616.0,0.26003921713,0.018731230692
5617.0,0.25986446288,0.018634231211
5618.0,0.25981200338,0.018571183679
5619.0,0.25990674131,0.018570825918
5620.0,0.2601016853,0.018631881561
5621.0,0.26031238204,0.018725841249
5622.0,0.26043403766,0.018808633135
5623.0,0.26040430063,0.018841452786
5624.0,0.26024084342,0.018808234376
5625.0,0.26002037782,0.018723858261
5626.0,0.25983564037,0.018625837072
5627.0,0.25977236371,0.018558758387
5628.0,0.25986231687,0.018553074114
5629.0,0.26006498518,0.018610550029
5630.0,0.26028722785,0.018703677562
5631.0,0.26042664639,0.018789688649
5632.0,0.260406463,0.018827520017
5633.0,0.26024441446,0.018800062704
5634.0,0.26001179672,0.018718503221
5635.0,0.25982180706,0.018619789006
5636.0,0.25975883439,0.018548771095
5637.0,0.25984833776,0.018537661025
5638.0,0.26004310112,0.0185899094
5639.0,0.2602631327,0.018682027414
5640.0,0.26041045213,0.018770510704
5641.0,0.26041263387,0.018814033555
5642.0,0.2602681581,0.018792209024
5643.0,0.26004494317,0.018714380913
5644.0,0.25984886853,0.018615724611
5645.0,0.25976780528,0.018540984119
5646.0,0.25984115613,0.018524060183
5647.0,0.26002762877,0.01857190394
5648.0,0.26024870117,0.018662156596
5649.0,0.26040357764,0.018752797631
5650.0,0.26041582068,0.018801124723
5651.0,0.2602856723,0.018785142353
5652.0,0.2600744034,0.018711382672
5653.0,0.25987560408,0.018613468059
5654.0,0.25977821853,0.018535731813
5655.0,0.25982739998,0.018513403244
5656.0,0.26000543698,0.018556444919
5657.0,0.26023251645,0.018644911536
5658.0,0.26040056937,0.018737125863
5659.0,0.26042623646,0.018790076599
5660.0,0.26029887019,0.018778948563
5661.0,0.26008112691,0.018708338014
5662.0,0.25987449536,0.01860985891
5663.0,0.25977173847,0.018528311744
5664.0,0.25982011746,0.0185009888
5665.0,0.25999801605,0.018539704902
5666.0,0.26022135534,0.018625934013
5667.0,0.26039439192,0.018719670524
5668.0,0.2604341176,0.018776972338
5669.0,0.26031764811,0.01877106957
5670.0,0.26010240687,0.018704104066
5671.0,0.25988833212,0.018605993669
5672.0,0.25977283929,0.018521194222
5673.0,0.25980883223,0.018488377846
5674.0,0.25997321245,0.01852169229
5675.0,0.26019633773,0.018605539604
5676.0,0.26037458507,0.018700273102
5677.0,0.26042340695,0.018762405727
5678.0,0.26032151676,0.018762804488
5679.0,0.26011784345,0.018700812382
5680.0,0.25990625134,0.018603694352
5681.0,0.25977978238,0.018516042716
5682.0,0.25980074383,0.018477185379
5683.0,0.25995573062,0.018504944751
5684.0,0.26017139664,0.018585425702
5685.0,0.26035420812,0.018681816634
5686.0,0.26041944173,0.01874840839
5687.0,0.260332288,0.01875464169
5688.0,0.26013429603,0.018697058271
5689.0,0.25992037133,0.018602227217
5690.0,0.25979510591,0.018513129084
5691.0,0.25980916248,0.018470061238
5692.0,0.25995086713,0.0184927225
5693.0,0.2601642074,0.018570807077
5694.0,0.26035269064,0.018667113244
5695.0,0.2604265845,0.01873794796
5696.0,0.2603523437,0.018749623771
5697.0,0.26017089181,0.018697277919
5698.0,0.25995873785,0.018603447087
5699.0,0.25981487095,0.018512655218
5700.0,0.25980822098,0.018465305562
5701.0,0.25994313021,0.018483472655
5702.0,0.26015420701,0.018558385628
5703.0,0.2603497506,0.018655456093
5704.0,0.26043964615,0.018730568564
5705.0,0.26038479861,0.018748852444
5706.0,0.26020662694,0.018701355496
5707.0,0.25999980256,0.018610277708
5708.0,0.25984881071,0.018517865535
5709.0,0.25983533191,0.018465624376
5710.0,0.25995984501,0.018477754348
5711.0,0.26017225942,0.018547990312
5712.0,0.26036672191,0.018644018659
5713.0,0.26046120071,0.0187219683
5714.0,0.26040712453,0.018746288468
5715.0,0.26023231564,0.018705405555
5716.0,0.26002045363,0.018617263661
5717.0,0.25986906066,0.018523579409
5718.0,0.25985279281,0.018467366536
5719.0,0.25997629997,0.018474921725
5720.0,0.26018382542,0.018542617381
5721.0,0.26038552677,0.018639512166
5722.0,0.26048731994,0.018720413752
5723.0,0.26043438322,0.018749414296
5724.0,0.26026108801,0.018712692716
5725.0,0.26003671573,0.018626559132
5726.0,0.2598726148,0.018531505085
5727.0,0.25984245894,0.018471347582
5728.0,0.25995745203,0.018473888593
5729.0,0.26016533739,0.01853974062
5730.0,0.26038151434,0.018636061476
5731.0,0.26049111219,0.018722388229
5732.0,0.26045699862,0.018755934631
5733.0,0.26029818401,0.018725918853
5734.0,0.26009206485,0.01864317442
5735.0,0.25992671835,0.01854842825
5736.0,0.25988176828,0.018482441417
5737.0,0.2599797268,0.01848003365
5738.0,0.26018866541,0.018539645085
5739.0,0.26040391486,0.018638070808
5740.0,0.26053964968,0.018727645051
5741.0,0.26052268811,0.018769699407
5742.0,0.26037805543,0.018743859774
5743.0,0.26015543433,0.018665527037
5744.0,0.25997513167,0.018568390055
5745.0,0.25991727297,0.018499571974
5746.0,0.26000802813,0.018491646509
5747.0,0.26019413975,0.018548890704
5748.0,0.26040931199,0.018644756465
5749.0,0.26056026239,0.018736208292
5750.0,0.26056054007,0.018781247629
5751.0,0.26042006813,0.018762042736
5752.0,0.26019580096,0.018688187275
5753.0,0.2600113564,0.018593192396
5754.0,0.25993652909,0.01852149139
5755.0,0.2600171688,0.018507648407
5756.0,0.26020940715,0.018559591199
5757.0,0.26044429189,0.018652731325
5758.0,0.26060024723,0.018746172876
5759.0,0.26060875448,0.018797235594
5760.0,0.26046716308,0.018783882456
5761.0,0.26025912861,0.018711499536
5762.0,0.26006808946,0.018616014703
5763.0,0.25997168777,0.018541739295
5764.0,0.26002562822,0.018522738175
5765.0,0.2602046864,0.018569061211
5766.0,0.26043541782,0.018660795187
5767.0,0.26060582891,0.0187564797
5768.0,0.26064134476,0.018812408891
5769.0,0.26052618221,0.018805133798
5770.0,0.26031403375,0.0187383954
5771.0,0.26010631169,0.018644049172
5772.0,0.26001158769,0.018566021511
5773.0,0.26006215304,0.018540358799
5774.0,0.26024768383,0.018581901339
5775.0,0.2604682753,0.018670406994
5776.0,0.26063852865,0.018767468938
5777.0,0.2606639768,0.018827740168
5778.0,0.26054712058,0.018825328145
5779.0,0.26033766199,0.018760924244
5780.0,0.26013554928,0.01866593594
5781.0,0.26002099549,0.018585149714
5782.0,0.26005905592,0.018557373389
5783.0,0.26022757501,0.01859510216
5784.0,0.26046332836,0.018682199016
5785.0,0.26064567739,0.018779868265
5786.0,0.26070767921,0.018843678697
5787.0,0.26061121706,0.018845979619
5788.0,0.26041059133,0.018786426295
5789.0,0.26018399635,0.018694296911
5790.0,0.26003827048,0.018610146659
5791.0,0.26004985514,0.018574602011
5792.0,0.26019280372,0.018604565299
5793.0,0.26040826408,0.018687190281
5794.0,0.26060608202,0.018784770956
5795.0,0.26069557855,0.018853705829
5796.0,0.26062645351,0.018861548435
5797.0,0.26045325184,0.018807477249
5798.0,0.26024445731,0.018715955748
5799.0,0.26010924556,0.018630501225
5800.0,0.26008584629,0.018589565771
5801.0,0.26021268666,0.018614448342
5802.0,0.26041530592,0.018691968089
5803.0,0.26061888899,0.018788537996
5804.0,0.26070580688,0.018859419229
5805.0,0.26064062875,0.018873685476
5806.0,0.26044518874,0.018823650784
5807.0,0.26022859893,0.018733435504
5808.0,0.26006876358,0.018643653585
5809.0,0.26006643885,0.0185967432
5810.0,0.26019880456,0.018614558942
5811.0,0.26041237212,0.018690933534
5812.0,0.26059710977,0.018790088113
5813.0,0.26067831349,0.018865627531
5814.0,0.26060919234,0.018882877241
5815.0,0.26042562175,0.0188354057
5816.0,0.26020626952,0.018744348415
5817.0,0.26006296448,0.018650808742
5818.0,0.26004626761,0.018598693974
5819.0,0.26017183896,0.01861236362
5820.0,0.26037506281,0.018684618811
5821.0,0.26057186039,0.018782578553
5822.0,0.26065044575,0.018861463144
5823.0,0.26057444996,0.01888582114
5824.0,0.26037459838,0.018843685682
5825.0,0.26015371348,0.018754125588
5826.0,0.25999785743,0.018657863419
5827.0,0.25998282876,0.018600221269
5828.0,0.26011345508,0.018607591615
5829.0,0.26032839783,0.018676778171
5830.0,0.26052864564,0.018775179558
5831.0,0.26062922968,0.018857906267
5832.0,0.26057296962,0.018886697531
5833.0,0.26039297593,0.018848522841
5834.0,0.26016844813,0.018760922282
5835.0,0.2599994694,0.018663884913
5836.0,0.25995863012,0.018602061946
5837.0,0.26006635268,0.018603909764
5838.0,0.26026853684,0.018667895416
5839.0,0.26047301597,0.018764385554
5840.0,0.2605824062,0.018848468143
5841.0,0.2605467956,0.018881217592
5842.0,0.26038385132,0.018847658512
5843.0,0.26016497288,0.018762934268
5844.0,0.25999171941,0.018665303227
5845.0,0.25994271793,0.018599082517
5846.0,0.26003745977,0.018595181833
5847.0,0.26023022593,0.018654347813
5848.0,0.26043916961,0.018749110791
5849.0,0.26056405206,0.018835432818
5850.0,0.26054086401,0.018873594963
5851.0,0.26038155383,0.018845934786
5852.0,0.26016216397,0.018764335749
5853.0,0.25998393306,0.018665555298
5854.0,0.25992534465,0.018594488506
5855.0,0.26001023139,0.018583004155
5856.0,0.26019261606,0.018636184099
5857.0,0.26039318917,0.018729130956
5858.0,0.2605230651,0.01881870997
5859.0,0.26051384878,0.01886212803
5860.0,0.26036384671,0.018839235772
5861.0,0.2601408145,0.018760623082
5862.0,0.25994140285,0.018661228846
5863.0,0.25985956519,0.018585199872
5864.0,0.25993201854,0.018568069099
5865.0,0.26011656812,0.018616574983
5866.0,0.26032666787,0.018707398667
5867.0,0.26046941705,0.018798708106
5868.0,0.26047292166,0.018846975334
5869.0,0.26033385855,0.018830053991
5870.0,0.26011150164,0.018755144845
5871.0,0.25990431685,0.01865476793
5872.0,0.25980387626,0.018574040836
5873.0,0.25986140762,0.018550185124
5874.0,0.26004205256,0.0185932087
5875.0,0.26026689188,0.018682197919
5876.0,0.26042594898,0.018775606671
5877.0,0.26044454502,0.018829630951
5878.0,0.26031310452,0.018818890761
5879.0,0.26009764711,0.018747462268
5880.0,0.25989350452,0.01864739657
5881.0,0.2597867338,0.018563740617
5882.0,0.25983071888,0.01853434767
5883.0,0.26000357959,0.01857220297
5884.0,0.26022724126,0.01865904805
5885.0,0.26040415954,0.018754881828
5886.0,0.26044581436,0.018814432176
5887.0,0.26033077352,0.018809994355
5888.0,0.26011218148,0.01874294008
5889.0,0.25989463972,0.018643617828
5890.0,0.25977739978,0.018556970224
5891.0,0.25981374175,0.018522169616
5892.0,0.25998188093,0.018555084086
5893.0,0.26020884253,0.018640419326
5894.0,0.26039317492,0.018737414421
5895.0,0.26045189751,0.018801926701
5896.0,0.26035425691,0.018803553143
5897.0,0.26014414605,0.018741227881
5898.0,0.25992157465,0.018643021532
5899.0,0.25978774352,0.018552942081
5900.0,0.25980599715,0.018512175949
5901.0,0.25997256703,0.018539341502
5902.0,0.26020522362,0.018621386723
5903.0,0.26039641953,0.018719851698
5904.0,0.26045802293,0.018788795233
5905.0,0.26036645339,0.018796746316
5906.0,0.26016390862,0.018739316292
5907.0,0.25994497613,0.018642717181
5908.0,0.25980958062,0.018550520061
5909.0,0.25982140285,0.018504368464
5910.0,0.25996977459,0.018525256867
5911.0,0.26019603497,0.018603106042
5912.0,0.26039743623,0.018701329628
5913.0,0.26047937543,0.018774816411
5914.0,0.26039908066,0.018788907577
5915.0,0.26019754807,0.018736789982
5916.0,0.25997025076,0.018641650571
5917.0,0.25982171433,0.018546513043
5918.0,0.25981700086,0.018494910851
5919.0,0.25995638116,0.018510029789
5920.0,0.26017770032,0.018584047411
5921.0,0.26038449407,0.018682453866
5922.0,0.26047964018,0.018759546389
5923.0,0.26042006513,0.018779973099
5924.0,0.26023309812,0.018734077738
5925.0,0.26000760616,0.018642269273
5926.0,0.2598470585,0.018545568868
5927.0,0.25982659102,0.018488547843
5928.0,0.25995042779,0.018496690748
5929.0,0.26016411917,0.018565603853
5930.0,0.26037127288,0.018662896326
5931.0,0.26047703447,0.01874328615
5932.0,0.26042653208,0.018769387766
5933.0,0.26024655433,0.018729416505
5934.0,0.26002070257,0.018640675955
5935.0,0.25985378254,0.018543884722
5936.0,0.25981903003,0.018482918062
5937.0,0.25992994766,0.018485194622
5938.0,0.26013370769,0.018548625274
5939.0,0.26033451186,0.018643871596
5940.0,0.2604432076,0.018725927279
5941.0,0.26040970485,0.018757006552
5942.0,0.26024717067,0.018722747062
5943.0,0.26003146442,0.018638683918
5944.0,0.25986361108,0.018542704626
5945.0,0.25981936348,0.018478949424
5946.0,0.25991337118,0.018475860748
5947.0,0.26010242715,0.018535399246
5948.0,0.2603046517,0.018629605517
5949.0,0.26042719039,0.018714307918
5950.0,0.26040951679,0.018750092645
5951.0,0.26026532278,0.018720469476
5952.0,0.26006193551,0.018638573293
5953.0,0.25989664913,0.018541373284
5954.0,0.25983933437,0.018473140516
5955.0,0.25991910875,0.018464958764
5956.0,0.26009628392,0.018520134553
5957.0,0.26029111307,0.018613469232
5958.0,0.26041026288,0.018701694094
5959.0,0.26039752823,0.018744126838
5960.0,0.26025955522,0.018721356328
5961.0,0.26006875837,0.018643567198
5962.0,0.25990518301,0.018546172659
5963.0,0.25985238168,0.018474890349
5964.0,0.25993983772,0.018461328111
5965.0,0.26012487743,0.018512286739
5966.0,0.26032338586,0.018603867144
5967.0,0.26044798472,0.018694067904
5968.0,0.26043753839,0.018741003159
5969.0,0.26029770782,0.01872393931
5970.0,0.26009251755,0.018650466396
5971.0,0.25991943167,0.018554542125
5972.0,0.25985703419,0.018480340734
5973.0,0.25993664935,0.018462917666
5974.0,0.26011928068,0.018511078865
5975.0,0.26032682414,0.018602205496
5976.0,0.2604695455,0.018694420245
5977.0,0.26047910796,0.018745544873
5978.0,0.26035575308,0.018732841984
5979.0,0.26015212101,0.018661690639
5980.0,0.25996968768,0.018565371959
5981.0,0.25988592744,0.018487484133
5982.0,0.25994377062,0.018465270704
5983.0,0.26012079697,0.018509007186
5984.0,0.26033821582,0.018598839934
5985.0,0.2604967996,0.018693507289
5986.0,0.26052769286,0.018749888205
5987.0,0.26040628005,0.018743470876
5988.0,0.26019655396,0.018677963156
5989.0,0.25999234963,0.018582700323
5990.0,0.25989090339,0.018502497408
5991.0,0.25993415448,0.018474099644
5992.0,0.26010352124,0.018512183698
5993.0,0.26033293414,0.01859918865
5994.0,0.26052422635,0.018696028686
5995.0,0.26057942736,0.018758666906
5996.0,0.26047448235,0.018760351
5997.0,0.26026298013,0.018698815428
5998.0,0.26003877873,0.018604697835
5999.0,0.25991286164,0.018521930696
6000.0,0.25994246064,0.018489344449
6001.0,0.26011202169,0.018522103846
6002.0,0.26035158777,0.01860679845
6003.0,0.26054556461,0.018704027967
6004.0,0.26060867598,0.018770757183
6005.0,0.2605070742,0.01877632395
6006.0,0.26030097974,0.018718519753
6007.0,0.26008146221,0.018625812633
6008.0,0.2599572684,0.018540949848
6009.0,0.25998642121,0.018503408856
6010.0,0.26014997727,0.01853126503
6011.0,0.26038560258,0.018614240078
6012.0,0.26059126156,0.018712667971
6013.0,0.26067207112,0.018783528361
6014.0,0.26058909982,0.018794957492
6015.0,0.26038700201,0.018743390192
6016.0,0.26017037612,0.01865180572
6017.0,0.26002737084,0.018563738682
6018.0,0.26002581278,0.018518899766
6019.0,0.26016110785,0.018541347466
6020.0,0.26038431421,0.018619323702
6021.0,0.26058532219,0.018719260032
6022.0,0.26068227652,0.018794675962
6023.0,0.26061232315,0.018813050171
6024.0,0.26042644906,0.018765837495
6025.0,0.26020889153,0.018677222417
6026.0,0.26006330458,0.018586575606
6027.0,0.26006069903,0.018538788664
6028.0,0.26020072187,0.0185543043
6029.0,0.26041499704,0.018629200688
6030.0,0.26061166439,0.018727974978
6031.0,0.26070260755,0.018807703285
6032.0,0.26064105877,0.018829827901
6033.0,0.2604618507,0.018787561862
6034.0,0.26024833393,0.018698648831
6035.0,0.26010601952,0.018607244119
6036.0,0.26009945299,0.01855350939
6037.0,0.26023485408,0.018566174903
6038.0,0.2604381479,0.018637981839
6039.0,0.2606258676,0.018739432657
6040.0,0.26070853106,0.018820388412
6041.0,0.26065263209,0.018847868052
6042.0,0.26047397541,0.018808501943
6043.0,0.26026261421,0.018722823042
6044.0,0.2600986757,0.018627658678
6045.0,0.26007403331,0.018570165179
6046.0,0.26018559573,0.018574769978
6047.0,0.26040369826,0.018642403345
6048.0,0.26062405537,0.018740304456
6049.0,0.26074504096,0.018826212308
6050.0,0.26069394989,0.018860135733
6051.0,0.26051381129,0.018828358767
6052.0,0.26027824559,0.018743328007
6053.0,0.26011082077,0.018647068907
6054.0,0.26006370551,0.018583233561
6055.0,0.26017145052,0.018583261073
6056.0,0.26037205023,0.018645304513
6057.0,0.26058907683,0.018743366153
6058.0,0.26070182503,0.01883166978
6059.0,0.26067391408,0.018870486049
6060.0,0.26050840295,0.018841135196
6061.0,0.26029564489,0.01875893477
6062.0,0.26011290024,0.018661395936
6063.0,0.26006051346,0.01859444462
6064.0,0.26014720459,0.018587841459
6065.0,0.26034942467,0.018646354007
6066.0,0.26057366436,0.018742926371
6067.0,0.26071840911,0.018833699623
6068.0,0.2607106122,0.018877206816
6069.0,0.26055856051,0.01885579396
6070.0,0.2603259174,0.018778110539
6071.0,0.26012328921,0.018680153293
6072.0,0.26004320166,0.018607183548
6073.0,0.26012182724,0.01859340949
6074.0,0.26031992926,0.018645118808
6075.0,0.26054925946,0.018738943653
6076.0,0.26070473753,0.018831899257
6077.0,0.26071102053,0.018880807337
6078.0,0.26056434931,0.018864409034
6079.0,0.26033814205,0.018790418383
6080.0,0.2601319783,0.018692710346
6081.0,0.26003624486,0.018615998601
6082.0,0.26009345814,0.018595488364
6083.0,0.26027676419,0.01864134809
6084.0,0.26049724054,0.018732571659
6085.0,0.26066435683,0.018826765908
6086.0,0.26069671331,0.018881206478
6087.0,0.26058084796,0.018870397749
6088.0,0.26037139994,0.018798510669
6089.0,0.26016411066,0.01869907584
6090.0,0.26005923977,0.018618064638
6091.0,0.26009749119,0.01859198992
6092.0,0.26026177223,0.018633489363
6093.0,0.26047660847,0.018721758503
6094.0,0.26064502778,0.018816311298
6095.0,0.26067773869,0.018873186861
6096.0,0.26056185602,0.018866334666
6097.0,0.26035448759,0.018798467424
6098.0,0.26014735656,0.018700495737
6099.0,0.26002886291,0.018616876866
6100.0,0.2600520328,0.018585840738
6101.0,0.26020003204,0.018620455904
6102.0,0.26040675031,0.018704280703
6103.0,0.2605797242,0.018798754295
6104.0,0.26062739347,0.018859687033
6105.0,0.26052389469,0.018858315168
6106.0,0.26031997371,0.01879436288
6107.0,0.26010980879,0.018697182942
6108.0,0.25999003831,0.018610132275
6109.0,0.26000929283,0.018572740359
6110.0,0.26014714435,0.018601438073
6111.0,0.26033964725,0.018682431598
6112.0,0.26050368866,0.018777392484
6113.0,0.26055882357,0.018841788966
6114.0,0.26046830145,0.018845156714
6115.0,0.26027064467,0.018785956355
6116.0,0.26005359179,0.018689867759
6117.0,0.25991420994,0.01860057208
6118.0,0.25991957471,0.01855856948
6119.0,0.26006065057,0.018582501355
6120.0,0.26026734762,0.018660729853
6121.0,0.2604466324,0.018756314782
6122.0,0.26050821455,0.018824049733
6123.0,0.26042450868,0.01883237723
6124.0,0.26023304809,0.018776798124
6125.0,0.26001722592,0.018682263568
6126.0,0.2598695158,0.018590934557
6127.0,0.25986216114,0.018544636658
6128.0,0.25999515762,0.018564031949
6129.0,0.26020538139,0.018638875441
6130.0,0.26039385646,0.018734165381
6131.0,0.26046824948,0.018805208609
6132.0,0.26038978581,0.018818260487
6133.0,0.26020236714,0.018767583318
6134.0,0.25999029755,0.018674859437
6135.0,0.25985222074,0.018582528149
6136.0,0.25984180068,0.018532529668
6137.0,0.25996563721,0.018547481323
6138.0,0.26016773533,0.01861929842
6139.0,0.26036099364,0.018714519095
6140.0,0.26045423999,0.018788795899
6141.0,0.26039907912,0.018807336117
6142.0,0.26021791993,0.018761509273
6143.0,0.25999805982,0.018670948061
6144.0,0.25984674889,0.01857628219
6145.0,0.25983305944,0.018521808785
6146.0,0.25995841066,0.018531498954
6147.0,0.26016629482,0.018600694668
6148.0,0.26036457814,0.018697152523
6149.0,0.26046496668,0.018775931203
6150.0,0.26041915843,0.018799950874
6151.0,0.26024903109,0.018758543756
6152.0,0.26003112603,0.018669483861
6153.0,0.25986784607,0.018573714071
6154.0,0.25983750809,0.018514486885
6155.0,0.25995881873,0.018519190332
6156.0,0.26017289576,0.018585109483
6157.0,0.2603814799,0.018681949303
6158.0,0.26048652848,0.018764163067
6159.0,0.26044069174,0.018794120679
6160.0,0.26026733824,0.018757543716
6161.0,0.26004765484,0.01867077421
6162.0,0.25988205167,0.018573341683
6163.0,0.25984369503,0.018509653398
6164.0,0.25995458022,0.018509098358
6165.0,0.2601649662,0.018571507675
6166.0,0.26038379822,0.018667604864
6167.0,0.26051316901,0.01875323527
6168.0,0.26048279571,0.018788165724
6169.0,0.26031340891,0.018756435902
6170.0,0.26008762407,0.018671870115
6171.0,0.25990632832,0.018572745685
6172.0,0.25985238642,0.018504373933
6173.0,0.25995072611,0.018498245035
6174.0,0.2601514396,0.018555973477
6175.0,0.2603698192,0.018651051776
6176.0,0.2605050094,0.018739031609
6177.0,0.26049262348,0.018779529348
6178.0,0.26033452011,0.018753402977
6179.0,0.26010686012,0.018672128139
6180.0,0.25991234513,0.01857252446
6181.0,0.2598404462,0.018499876735
6182.0,0.2599205255,0.018487252143
6183.0,0.26011515426,0.018540196961
6184.0,0.26034105142,0.018633736263
6185.0,0.2604937183,0.018724714308
6186.0,0.26050090189,0.018770918753
6187.0,0.26035197768,0.018750973791
6188.0,0.26011597932,0.018673469276
6189.0,0.2599053306,0.018573861092
6190.0,0.25981499196,0.018497257772
6191.0,0.25987468129,0.018478688662
6192.0,0.26005805068,0.018525797839
6193.0,0.26028804194,0.018616992734
6194.0,0.26045084478,0.018709534193
6195.0,0.26046906597,0.018760897559
6196.0,0.26033890767,0.018747084418
6197.0,0.26012605982,0.018673980186
6198.0,0.25992575495,0.0185748559
6199.0,0.25982560109,0.018494932971
6200.0,0.25988007987,0.018470501288
6201.0,0.2600585348,0.018513006028
6202.0,0.26027678568,0.01860173956
6203.0,0.2604423647,0.01869643416
6204.0,0.2604711558,0.018752896677
6205.0,0.26035607029,0.018745183065
6206.0,0.26014551719,0.018676381184
6207.0,0.25994633975,0.018578390201
6208.0,0.25984307734,0.018494642021
6209.0,0.25988525003,0.01846427295
6210.0,0.2600517501,0.018500974708
6211.0,0.26027048639,0.018587775738
6212.0,0.26044044762,0.018684039722
6213.0,0.26048753652,0.018745339526
6214.0,0.2603835191,0.01874384205
6215.0,0.26017934083,0.018680565337
6216.0,0.25997839448,0.01858332276
6217.0,0.25987374991,0.01849724261
6218.0,0.25991134276,0.018462598399
6219.0,0.26007639227,0.018494768487
6220.0,0.26029753738,0.01857873556
6221.0,0.26047498977,0.018675971663
6222.0,0.26052432364,0.018741351547
6223.0,0.26042994713,0.018745479163
6224.0,0.2602370693,0.018685866266
6225.0,0.26003248298,0.018590514867
6226.0,0.25991471929,0.018502360675
6227.0,0.25994231723,0.018463861472
6228.0,0.26010395867,0.018491412254
6229.0,0.26032457702,0.018573052725
6230.0,0.26050777665,0.018670121607
6231.0,0.26056375839,0.018739684836
6232.0,0.26046968528,0.018749708147
6233.0,0.26027426219,0.01869638321
6234.0,0.26006906904,0.018603207747
6235.0,0.2599355321,0.018513299209
6236.0,0.25994826774,0.018468690478
6237.0,0.26009835656,0.018490606792
6238.0,0.26032599343,0.018568475228
6239.0,0.26052091138,0.018667098022
6240.0,0.26059679125,0.018741716027
6241.0,0.26051561596,0.018759615686
6242.0,0.26032658883,0.018711879177
6243.0,0.26011341302,0.018620392434
6244.0,0.2599709707,0.018527557811
6245.0,0.25996580823,0.018478025512
6246.0,0.26009991596,0.018493587673
6247.0,0.26031514664,0.018568181557
6248.0,0.26051975038,0.018667185087
6249.0,0.26062235244,0.018746943427
6250.0,0.26057052802,0.018769660382
6251.0,0.26039542258,0.018727666014
6252.0,0.26017524288,0.018639143674
6253.0,0.26001902857,0.018547478754
6254.0,0.25999425979,0.018493572406
6255.0,0.26011485835,0.01850454798
6256.0,0.26032039208,0.018573837001
6257.0,0.2605213638,0.01867297651
6258.0,0.26062793311,0.018755036106
6259.0,0.2605886274,0.018783236023
6260.0,0.26041743541,0.018746299118
6261.0,0.26021092784,0.018661650898
6262.0,0.26005378538,0.018568183402
6263.0,0.26002522279,0.018509956727
6264.0,0.26013646915,0.018514077973
6265.0,0.26034565192,0.018579891033
6266.0,0.26055172074,0.01867755254
6267.0,0.2606663743,0.018762244036
6268.0,0.2606389081,0.018795704497
6269.0,0.26048744951,0.018763705316
6270.0,0.26027694848,0.018682091559
6271.0,0.2601177602,0.018587969733
6272.0,0.26007872299,0.018525654209
6273.0,0.26017840716,0.018524736634
6274.0,0.2603743902,0.018586333606
6275.0,0.26058086676,0.018682713972
6276.0,0.2606995895,0.01877037662
6277.0,0.26067785679,0.018809752684
6278.0,0.26051663814,0.018783166086
6279.0,0.26029986155,0.018703687525
6280.0,0.26012300524,0.018608334879
6281.0,0.26007177627,0.018542931551
6282.0,0.26017018179,0.018537347997
6283.0,0.26037291732,0.018594846097
6284.0,0.2605966183,0.018688389385
6285.0,0.26074478872,0.018776702033
6286.0,0.26074048777,0.018820040837
6287.0,0.26059938531,0.018799653953
6288.0,0.26037790484,0.01872482052
6289.0,0.26018935078,0.018631058273
6290.0,0.26010020657,0.018560852568
6291.0,0.26016617894,0.018549230224
6292.0,0.26034778103,0.018601122593
6293.0,0.26056517298,0.018694023711
6294.0,0.26071435578,0.018785836165
6295.0,0.26072623887,0.018835112513
6296.0,0.26058476586,0.018819302058
6297.0,0.26037501959,0.01874703725
6298.0,0.26017867136,0.018650379936
6299.0,0.26009606557,0.0185758946
6300.0,0.26015638233,0.018558370228
6301.0,0.26034875426,0.018605801826
6302.0,0.26056548935,0.01869702046
6303.0,0.2607245206,0.01879231316
6304.0,0.26074201657,0.018846415495
6305.0,0.26061662051,0.018836484711
6306.0,0.26039503443,0.01876663826
6307.0,0.26019809464,0.018670049613
6308.0,0.2600954627,0.01859130119
6309.0,0.26014984506,0.018566853597
6310.0,0.26031835225,0.018608354544
6311.0,0.26053673347,0.018698335166
6312.0,0.2606909652,0.018794618733
6313.0,0.26072794654,0.018854795133
6314.0,0.26061122063,0.018849834548
6315.0,0.26040837576,0.018784613438
6316.0,0.26019760463,0.018688288665
6317.0,0.26008917571,0.018606021006
6318.0,0.26012462036,0.018575592467
6319.0,0.26028190973,0.018612239327
6320.0,0.2604774844,0.018698881302
6321.0,0.26063449386,0.018796436235
6322.0,0.2606707877,0.01885921821
6323.0,0.26058097469,0.018859506795
6324.0,0.26039616502,0.018797425629
6325.0,0.26020742016,0.018701783856
6326.0,0.26008942656,0.018617036317
6327.0,0.26010970866,0.018583462227
6328.0,0.26024736575,0.018615371861
6329.0,0.2604588547,0.018698558631
6330.0,0.26064974223,0.018794860049
6331.0,0.2607246144,0.018860918734
6332.0,0.26063715208,0.018867075207
6333.0,0.26044384097,0.018810604854
6334.0,0.26022307618,0.018715677171
6335.0,0.26008125651,0.018626620323
6336.0,0.26007679806,0.018585026179
6337.0,0.26022018356,0.018609626942
6338.0,0.26043610361,0.01868902292
6339.0,0.26062685506,0.018786647125
6340.0,0.26070001313,0.018858438279
6341.0,0.26062534562,0.01887121667
6342.0,0.26043703058,0.018817686225
6343.0,0.26022316085,0.018722202829
6344.0,0.26006913571,0.018628841232
6345.0,0.26005823447,0.018580246482
6346.0,0.26018949166,0.018597602714
6347.0,0.26040138813,0.018672698636
6348.0,0.26059682431,0.018770682291
6349.0,0.26067817629,0.018846595396
6350.0,0.26060369294,0.01886448023
6351.0,0.26040859257,0.018816483551
6352.0,0.26018307132,0.01872344215
6353.0,0.26002792825,0.018627738675
6354.0,0.26001030774,0.018572973658
6355.0,0.26013480388,0.018583798856
6356.0,0.26033858938,0.018653892856
6357.0,0.2605378334,0.018750908683
6358.0,0.26063079733,0.01882971607
6359.0,0.26056440971,0.01885374256
6360.0,0.26037358824,0.018810496584
6361.0,0.26014729148,0.018719540946
6362.0,0.25998418764,0.018622787034
6363.0,0.25995551391,0.018563324404
6364.0,0.26006951684,0.018567884507
6365.0,0.26027024985,0.01863426038
6366.0,0.26046716717,0.018730799467
6367.0,0.26056698571,0.01881213037
6368.0,0.2605165744,0.018840998209
6369.0,0.26033533886,0.018803644212
6370.0,0.26010036174,0.01871554829
6371.0,0.25991895147,0.018616996491
6372.0,0.25987327967,0.018552399405
6373.0,0.25998483041,0.018550635556
6374.0,0.26018895678,0.018612163073
6375.0,0.26039317654,0.018707618168
6376.0,0.26050552272,0.018792480145
6377.0,0.26047090039,0.018827654827
6378.0,0.26030471367,0.01879550037
6379.0,0.260080071,0.018710626312
6380.0,0.25989233371,0.018610758646
6381.0,0.25982972868,0.018541259461
6382.0,0.25992161082,0.018533689266
6383.0,0.26012421457,0.018590549295
6384.0,0.26034506425,0.01868473145
6385.0,0.26048069029,0.018772871207
6386.0,0.26046042559,0.018813672653
6387.0,0.26029830203,0.018788320942
6388.0,0.26006818329,0.018707243562
6389.0,0.25987599796,0.018607024049
6390.0,0.25980117895,0.0185334326
6391.0,0.25987983584,0.018519406946
6392.0,0.26007064419,0.018571071332
6393.0,0.26029684104,0.018663931353
6394.0,0.26045394104,0.01875567496
6395.0,0.26046388373,0.018803117814
6396.0,0.26032357178,0.018784405124
6397.0,0.26009771975,0.018707514257
6398.0,0.25989471586,0.018607403675
6399.0,0.2598084386,0.018529503308
6400.0,0.25987928266,0.018509817861
6401.0,0.26006794359,0.018556984314
6402.0,0.26029402392,0.018648520156
6403.0,0.2604565361,0.018742036885
6404.0,0.26048433898,0.018794551012
6405.0,0.26036360013,0.018782322699
6406.0,0.26014775725,0.018710295465
6407.0,0.25994125166,0.0186109417
6408.0,0.25984407573,0.01852974907
6409.0,0.25990377227,0.01850456384
6410.0,0.26009115151,0.018546147418
6411.0,0.26032684379,0.018635566316
6412.0,0.26049717106,0.018730959373
6413.0,0.26052450478,0.018788388114
6414.0,0.26039657977,0.018781006352
6415.0,0.26018178665,0.018712142366
6416.0,0.25997505849,0.01861294251
6417.0,0.25987019315,0.018529081246
6418.0,0.25991460905,0.018498478448
6419.0,0.26009212258,0.018535439079
6420.0,0.26032249497,0.01862216623
6421.0,0.26050708682,0.018718424812
6422.0,0.26055785829,0.018779957384
6423.0,0.26045161284,0.018778369577
6424.0,0.26023663861,0.018713417942
6425.0,0.26001707479,0.018614615452
6426.0,0.25989055836,0.018527042245
6427.0,0.25991820588,0.018490750526
6428.0,0.26007950625,0.018521947589
6429.0,0.26030866711,0.018605843764
6430.0,0.26049787694,0.018703635669
6431.0,0.26056153898,0.018770045753
6432.0,0.26046661659,0.018774235704
6433.0,0.26026341935,0.018714002329
6434.0,0.26003821249,0.01861635277
6435.0,0.25990037095,0.018526280965
6436.0,0.25991454004,0.018483991332
6437.0,0.26006897344,0.018509140451
6438.0,0.26029408792,0.01858943069
6439.0,0.260488526,0.018687241296
6440.0,0.26055966373,0.018757095856
6441.0,0.26048239792,0.018766872407
6442.0,0.26028843085,0.0187116734
6443.0,0.26006748953,0.018616801402
6444.0,0.25992176579,0.018525058361
6445.0,0.25991800649,0.01847875819
6446.0,0.26005028538,0.018498904371
6447.0,0.26026189032,0.018575968386
6448.0,0.26045462358,0.018673619952
6449.0,0.26053625694,0.018746429898
6450.0,0.26047084015,0.018760759648
6451.0,0.26028816121,0.01871045092
6452.0,0.26007311864,0.018618347609
6453.0,0.25992877415,0.01852645192
6454.0,0.25991928363,0.018476498322
6455.0,0.2600459661,0.018491437698
6456.0,0.2602530552,0.018564328411
6457.0,0.26044775659,0.018662236221
6458.0,0.26053753989,0.018739127693
6459.0,0.26047473857,0.018759838622
6460.0,0.26028876712,0.01871480736
6461.0,0.26006559385,0.018624674707
6462.0,0.25990959474,0.018530129155
6463.0,0.25989529848,0.018474312566
6464.0,0.26002565559,0.018482970715
6465.0,0.26024128002,0.018552407817
6466.0,0.26044624941,0.018650477968
6467.0,0.26054911089,0.018731464747
6468.0,0.260498721,0.018758237795
6469.0,0.26032244484,0.01871872112
6470.0,0.26009375405,0.018630581354
6471.0,0.25992501219,0.018534783362
6472.0,0.25989188377,0.018474722531
6473.0,0.26001108955,0.018477728961
6474.0,0.2602296593,0.018543068707
6475.0,0.26045023041,0.018640598058
6476.0,0.2605696661,0.018725058813
6477.0,0.26053113286,0.018757421709
6478.0,0.26035327795,0.018723326185
6479.0,0.26012218655,0.018637959874
6480.0,0.25994176806,0.018540204292
6481.0,0.25989794098,0.018475586893
6482.0,0.26000862365,0.018473434816
6483.0,0.26022483875,0.018534860875
6484.0,0.260444539,0.018631808411
6485.0,0.26057446862,0.018719448799
6486.0,0.26054894162,0.018757399371
6487.0,0.26037966912,0.018728857104
6488.0,0.26014235149,0.018647112827
6489.0,0.25995409187,0.01854944867
6490.0,0.25989601666,0.018480795699
6491.0,0.25999230858,0.018473485435
6492.0,0.26020649455,0.018530845717
6493.0,0.26044230935,0.018626669026
6494.0,0.26059207605,0.018716998428
6495.0,0.26058015908,0.018759976819
6496.0,0.26042086192,0.018736890848
6497.0,0.26019660925,0.018658375854
6498.0,0.26000501895,0.018560982121
6499.0,0.25993331167,0.018489232851
6500.0,0.26001461973,0.018477003726
6501.0,0.26020421812,0.018529646464
6502.0,0.26042391364,0.01862430054
6503.0,0.26057639694,0.018716701201
6504.0,0.26058360395,0.018764594542
6505.0,0.26044235507,0.018747437963
6506.0,0.26023221516,0.018673764106
6507.0,0.2600408331,0.018576252944
6508.0,0.25996371246,0.018501758554
6509.0,0.26003170345,0.018484603046
6510.0,0.26022519641,0.018533796394
6511.0,0.26045499102,0.018626928541
6512.0,0.26061389943,0.018722042274
6513.0,0.26062949102,0.018776893342
6514.0,0.26049570565,0.018766384426
6515.0,0.26026877902,0.018696261828
6516.0,0.26005886741,0.018598764546
6517.0,0.25995952043,0.018519965679
6518.0,0.26001841003,0.018496136577
6519.0,0.26021036411,0.018539483765
6520.0,0.26045733997,0.018630291785
6521.0,0.26064445839,0.018728266335
6522.0,0.26069075551,0.018788846715
6523.0,0.26058236233,0.018785172699
6524.0,0.26036859445,0.018719473459
6525.0,0.26015519964,0.018622177365
6526.0,0.26003361895,0.018540083258
6527.0,0.26006998128,0.018510769051
6528.0,0.26023670856,0.018547563367
6529.0,0.26046657661,0.018635383598
6530.0,0.26064605894,0.018734340146
6531.0,0.26069655797,0.018799360877
6532.0,0.26058731555,0.018801251719
6533.0,0.2603751601,0.018739732358
6534.0,0.2601615822,0.018643510855
6535.0,0.26004734047,0.018558009327
6536.0,0.26008223808,0.018523305106
6537.0,0.26025729138,0.018555597404
6538.0,0.26049556933,0.018640460006
6539.0,0.26067966406,0.018739975943
6540.0,0.26073482399,0.018808380334
6541.0,0.26064008106,0.018814727488
6542.0,0.26043981479,0.018757658644
6543.0,0.26022156283,0.018662851269
6544.0,0.26009075037,0.018574331158
6545.0,0.26010740732,0.018533573339
6546.0,0.26026246064,0.018559759001
6547.0,0.26048492611,0.018641849547
6548.0,0.26068032064,0.018741688847
6549.0,0.26075386338,0.01881464899
6550.0,0.26067246284,0.018826787881
6551.0,0.26048319445,0.01877337955
6552.0,0.26027591721,0.018679852567
6553.0,0.26014462901,0.018590293869
6554.0,0.26013075476,0.018545717211
6555.0,0.26025387999,0.018567307403
6556.0,0.26044583582,0.018644441478
6557.0,0.2606368545,0.018742663584
6558.0,0.26071997393,0.018816713172
6559.0,0.26066371627,0.018834269056
6560.0,0.2604838371,0.018786220219
6561.0,0.26028341204,0.018694928678
6562.0,0.26014172488,0.018602951853
6563.0,0.26013168083,0.018554144267
6564.0,0.26025942624,0.018570480028
6565.0,0.26047052347,0.018645083609
6566.0,0.2606585489,0.018744696845
6567.0,0.26074878033,0.018822963081
6568.0,0.26068939327,0.018845279467
6569.0,0.26051411241,0.018802062603
6570.0,0.26029809957,0.018712813237
6571.0,0.26013943176,0.01861971076
6572.0,0.26010809888,0.01856510574
6573.0,0.26023162625,0.018574289565
6574.0,0.26044260192,0.018643846397
6575.0,0.2606567742,0.018741806855
6576.0,0.26076077014,0.018823857145
6577.0,0.26070426231,0.018852882116
6578.0,0.26051761952,0.018816414348
6579.0,0.26029545257,0.018730351899
6580.0,0.26013432326,0.018634227596
6581.0,0.26010284908,0.018573685322
6582.0,0.26021689341,0.018576448292
6583.0,0.2604277718,0.018640539566
6584.0,0.26063710161,0.018737836101
6585.0,0.26075030797,0.018823857256
6586.0,0.26071429685,0.018858471079
6587.0,0.26054022191,0.018826988843
6588.0,0.26030501814,0.018742742685
6589.0,0.26011945882,0.018645264334
6590.0,0.26006506625,0.01857893146
6591.0,0.26016657566,0.018575109103
6592.0,0.26037171541,0.018634651377
6593.0,0.26058906086,0.018730800295
6594.0,0.26071800367,0.018817831711
6595.0,0.26069936485,0.018856731076
6596.0,0.26053627009,0.018830109188
6597.0,0.26030941066,0.018749683977
6598.0,0.26012101548,0.018651294247
6599.0,0.26005231483,0.018580030938
6600.0,0.26013522308,0.018568951789
6601.0,0.26032964848,0.018622734868
6602.0,0.26053967596,0.018716572857
6603.0,0.2606717056,0.018806071968
6604.0,0.26065789745,0.018849255354
6605.0,0.2605073924,0.018826529151
6606.0,0.26028818033,0.018747822321
6607.0,0.26010575464,0.018648562907
6608.0,0.26003259473,0.018574303623
6609.0,0.26010201634,0.018558762224
6610.0,0.26027851507,0.018608357072
6611.0,0.26048641367,0.018700230761
6612.0,0.26063185374,0.018790624274
6613.0,0.26063720393,0.018838107984
6614.0,0.26049615101,0.018820599235
6615.0,0.26027817668,0.018746087392
6616.0,0.26008471064,0.018647279677
6617.0,0.26000071211,0.018569541466
6618.0,0.2600637309,0.018547998391
6619.0,0.26023864247,0.018592281692
6620.0,0.26044694887,0.018681802291
6621.0,0.26059367543,0.01877444957
6622.0,0.26060875685,0.018827337298
6623.0,0.26047926587,0.018816330374
6624.0,0.26025977866,0.018745244012
6625.0,0.26005183097,0.018646351667
6626.0,0.25995273637,0.018564935463
6627.0,0.26000998975,0.018538223908
6628.0,0.26018950756,0.018577771674
6629.0,0.26040666389,0.01866476626
6630.0,0.26056576967,0.018758767083
6631.0,0.26058854897,0.018816382143
6632.0,0.26046673106,0.018810621114
6633.0,0.26025492611,0.018743504466
6634.0,0.26004456021,0.018644971424
6635.0,0.25992732272,0.018560008093
6636.0,0.25996112171,0.01852707072
6637.0,0.26012588562,0.018560762265
6638.0,0.26034853614,0.018645042055
6639.0,0.26052683673,0.018740638765
6640.0,0.26057581465,0.018803335533
6641.0,0.26047054531,0.018803706895
6642.0,0.26026513876,0.018741216052
6643.0,0.26005609823,0.018643536607
6644.0,0.25993591835,0.018555282525
6645.0,0.25995626164,0.018517501093
6646.0,0.26010142735,0.018546610422
6647.0,0.2603148691,0.018628638651
6648.0,0.26049966631,0.018725741898
6649.0,0.26056508703,0.018792806787
6650.0,0.26047940664,0.018799044639
6651.0,0.26028344601,0.018741015663
6652.0,0.26007092743,0.018644682514
6653.0,0.25994034252,0.018554719405
6654.0,0.25995810201,0.018512044839
6655.0,0.26011042644,0.01853616834
6656.0,0.26032696688,0.018615699961
6657.0,0.26051315328,0.018714545121
6658.0,0.26058481062,0.0187860201
6659.0,0.26051032403,0.018797663895
6660.0,0.26032183239,0.01874398637
6661.0,0.26010452807,0.018649661411
6662.0,0.25995711756,0.018556692936
6663.0,0.25995909263,0.018508070817
6664.0,0.26010349563,0.018525615776
6665.0,0.26032697418,0.018601453377
6666.0,0.26052852962,0.018700015276
6667.0,0.26061161163,0.018775993403
6668.0,0.26053110194,0.018793331729
6669.0,0.26033034285,0.018744807718
6670.0,0.2601057461,0.018651852284
6671.0,0.25995748544,0.01855700078
6672.0,0.25995239185,0.01850344154
6673.0,0.26009197744,0.018515877721
6674.0,0.26031332607,0.018587732728
6675.0,0.26052329173,0.018686211986
6676.0,0.26062261326,0.018765881674
6677.0,0.26056003896,0.018789887883
6678.0,0.26036247452,0.018746226806
6679.0,0.26012469236,0.018654772601
6680.0,0.25995426961,0.018556606825
6681.0,0.25993049331,0.018496833221
6682.0,0.26006121176,0.018502623128
6683.0,0.26028514763,0.018570867849
6684.0,0.26050391413,0.018669969555
6685.0,0.26061800476,0.018753861395
6686.0,0.26056963261,0.01878386109
6687.0,0.26038398699,0.018746207182
6688.0,0.26014686491,0.018657328745
6689.0,0.25996421743,0.018558501098
6690.0,0.25991509097,0.018494273649
6691.0,0.26002650376,0.018493470213
6692.0,0.26024541082,0.018556035567
6693.0,0.26047365388,0.018653413999
6694.0,0.26061024344,0.018740215714
6695.0,0.26058906735,0.018776234435
6696.0,0.2604255473,0.01874454064
6697.0,0.26019665351,0.018660220145
6698.0,0.26000669035,0.018561211535
6699.0,0.25994230642,0.018493098455
6700.0,0.26003268401,0.018486352873
6701.0,0.26023049453,0.01854433306
6702.0,0.26044918699,0.018639608249
6703.0,0.26059213904,0.01872828166
6704.0,0.26058857304,0.018768456646
6705.0,0.26043902632,0.018742635986
6706.0,0.26022006487,0.018662107697
6707.0,0.26002965317,0.018563742193
6708.0,0.25995044906,0.018492710804
6709.0,0.26002543854,0.018481199204
6710.0,0.26021852656,0.018534245291
6711.0,0.26044483171,0.018627430432
6712.0,0.26060300078,0.018717506442
6713.0,0.26061440323,0.018762873329
6714.0,0.26047573764,0.018742998976
6715.0,0.26025199471,0.018666652948
6716.0,0.26005081358,0.018568485193
6717.0,0.25996085772,0.018494012843
6718.0,0.26002503627,0.018477182891
6719.0,0.26020495903,0.018524980392
6720.0,0.26042708983,0.018615413446
6721.0,0.26058659548,0.018707146451
6722.0,0.26060415357,0.018757308299
6723.0,0.26047693253,0.018743848737
6724.0,0.26026837435,0.018671863292
6725.0,0.2600677575,0.01857507784
6726.0,0.25997162127,0.018497371941
6727.0,0.2600242216,0.018475006298
6728.0,0.26019422732,0.01851815491
6729.0,0.26041083807,0.018607531815
6730.0,0.2605758964,0.018701429284
6731.0,0.26060960566,0.018756443324
6732.0,0.2604933266,0.018747550937
6733.0,0.26028301426,0.01867921252
6734.0,0.26008344695,0.018583113415
6735.0,0.25998832732,0.018502601799
6736.0,0.26003882069,0.018475101172
6737.0,0.2602101304,0.018513707635
6738.0,0.26043483989,0.01860089576
6739.0,0.26060415284,0.018696177224
6740.0,0.26063332779,0.018755441384
6741.0,0.26051376877,0.018752565203
6742.0,0.26030518329,0.018688617338
6743.0,0.2601006941,0.018592531705
6744.0,0.25999425756,0.018508598055
6745.0,0.26003896225,0.018476100339
6746.0,0.26020913126,0.018510157273
6747.0,0.26043323156,0.018595532057
6748.0,0.26061797963,0.018692014905
6749.0,0.26066750726,0.01875576296
6750.0,0.26056125236,0.01875848039
6751.0,0.26035074263,0.018698093981
6752.0,0.26013890438,0.018602492428
6753.0,0.26002052402,0.018516090412
6754.0,0.2600486993,0.018479407936
6755.0,0.26020392382,0.018509963141
6756.0,0.26042049928,0.01859326085
6757.0,0.2606006451,0.018691656622
6758.0,0.26066032675,0.018759895386
6759.0,0.26056180305,0.018767310466
6760.0,0.26035641332,0.018711202016
6761.0,0.26014208467,0.018616800974
6762.0,0.26001475898,0.018527675716
6763.0,0.2600351412,0.018485798681
6764.0,0.26019574659,0.018510763864
6765.0,0.26043411415,0.018591824693
6766.0,0.26063595398,0.018692057691
6767.0,0.26070824866,0.018766410199
6768.0,0.26062500247,0.018780351373
6769.0,0.26042702358,0.018728883163
6770.0,0.26019855936,0.018635988635
6771.0,0.26004810342,0.018543536932
6772.0,0.26004379113,0.018495002081
6773.0,0.26018881433,0.018513912657
6774.0,0.2604162159,0.018592018809
6775.0,0.26062886679,0.018692786276
6776.0,0.26072256766,0.018770902207
6777.0,0.2606631509,0.018791168231
6778.0,0.26048126693,0.018744530835
6779.0,0.26027404859,0.018653408512
6780.0,0.26012549827,0.018559950698
6781.0,0.2601076716,0.018508473104
6782.0,0.2602363402,0.018523396725
6783.0,0.26045011301,0.018596746222
6784.0,0.26065518528,0.01869633106
6785.0,0.26075283918,0.0187764779
6786.0,0.26069877503,0.018802136814
6787.0,0.26052430517,0.018761838644
6788.0,0.26030720736,0.018674502561
6789.0,0.26015058949,0.018580768277
6790.0,0.2601233558,0.018524450343
6791.0,0.26023988107,0.018533335575
6792.0,0.26045589371,0.018603731032
6793.0,0.26067785794,0.018702763847
6794.0,0.26079559026,0.018785575882
6795.0,0.26076295796,0.018814907801
6796.0,0.26059955414,0.018778920112
6797.0,0.26037498556,0.018694813935
6798.0,0.26019365714,0.018601740273
6799.0,0.26014386886,0.018542019564
6800.0,0.26024833277,0.018543414836
6801.0,0.26045654281,0.018605756753
6802.0,0.26067908994,0.018702622539
6803.0,0.26080420165,0.01878894034
6804.0,0.26077884327,0.018824935501
6805.0,0.2606139226,0.018795112452
6806.0,0.26038909043,0.018713354207
6807.0,0.26020444883,0.018617504804
6808.0,0.26015231309,0.018553008961
6809.0,0.26024863898,0.018549314979
6810.0,0.26045529391,0.018608799686
6811.0,0.26067614615,0.018703729733
6812.0,0.26080672688,0.01879190208
6813.0,0.26078216071,0.018832546294
6814.0,0.2606203164,0.018807412913
6815.0,0.2603907298,0.018727682192
6816.0,0.26020308134,0.01863033988
6817.0,0.26013745288,0.018560719256
6818.0,0.260235464,0.018551334049
6819.0,0.26043428805,0.018606277988
6820.0,0.2606518346,0.018701293869
6821.0,0.26078510127,0.018792736572
6822.0,0.26076748189,0.018838637025
6823.0,0.26060468663,0.01881867426
6824.0,0.26038476272,0.018741984973
6825.0,0.26019775233,0.018643561498
6826.0,0.2601273687,0.018569164672
6827.0,0.26020351252,0.018552722832
6828.0,0.26039313273,0.018602519241
6829.0,0.26060855466,0.018695125702
6830.0,0.26075628454,0.018788444861
6831.0,0.26075815788,0.018839179765
6832.0,0.2606126702,0.018825458396
6833.0,0.26038647166,0.018752867156
6834.0,0.26018820767,0.018654409376
6835.0,0.26010229491,0.018575207236
6836.0,0.26016779758,0.018553064674
6837.0,0.2603544815,0.018597770642
6838.0,0.26057462017,0.018688198422
6839.0,0.26072592181,0.018782801308
6840.0,0.2607490834,0.018837205326
6841.0,0.26062217493,0.018827004702
6842.0,0.26040191867,0.018757016627
6843.0,0.26019320856,0.01865919128
6844.0,0.26009089657,0.018578033052
6845.0,0.26013884758,0.018551185728
6846.0,0.26031092643,0.018591000086
6847.0,0.26053049398,0.018678430949
6848.0,0.26068769192,0.018773589898
6849.0,0.26071615406,0.018831717648
6850.0,0.26059784373,0.018826621421
6851.0,0.2603923481,0.018760562606
6852.0,0.26018972614,0.018663606592
6853.0,0.26008139662,0.018579687865
6854.0,0.26011667617,0.01854782715
6855.0,0.26028294808,0.018581849084
6856.0,0.26050294914,0.018665910251
6857.0,0.26067303052,0.018761781442
6858.0,0.26070841853,0.018824620328
6859.0,0.26058893035,0.018825471506
6860.0,0.26037305056,0.018763763338
6861.0,0.26016389328,0.018667135998
6862.0,0.26005042137,0.018580468956
6863.0,0.26008186822,0.018543727255
6864.0,0.26023999218,0.018572673209
6865.0,0.26045695565,0.018654335309
6866.0,0.26063467994,0.018750780232
6867.0,0.26068454291,0.018816826284
6868.0,0.26057760981,0.018822084258
6869.0,0.26036203813,0.018764050627
6870.0,0.26014018662,0.018668848418
6871.0,0.26000748152,0.018579917695
6872.0,0.26002312866,0.018537758026
6873.0,0.26017443645,0.018561480417
6874.0,0.26038730833,0.018639301249
6875.0,0.26056599676,0.018735309285
6876.0,0.26062694134,0.018805193138
6877.0,0.26053820758,0.01881649634
6878.0,0.26033902258,0.018762997567
6879.0,0.26011539087,0.018668563525
6880.0,0.25996861065,0.018576433581
6881.0,0.25997306022,0.018528960541
6882.0,0.26012337297,0.018547111288
6883.0,0.26035139164,0.01862222149
6884.0,0.26054694536,0.01871952138
6885.0,0.26061942762,0.018793682916
6886.0,0.26053995582,0.018810168891
6887.0,0.26034656746,0.018760982262
6888.0,0.26012245375,0.018668126983
6889.0,0.25996379296,0.018574416046
6890.0,0.25994060807,0.018522313679
6891.0,0.26006600346,0.018535339482
6892.0,0.2602844992,0.018607306926
6893.0,0.26049773882,0.018704964423
6894.0,0.26060632257,0.018782403676
6895.0,0.26055036158,0.018804659814
6896.0,0.26035946478,0.018760843747
6897.0,0.26013146507,0.01867104321
6898.0,0.25997446641,0.01857563706
6899.0,0.2599595759,0.018518508863
6900.0,0.26008528761,0.018525792755
6901.0,0.2602952546,0.018594314581
6902.0,0.26050405443,0.018691603956
6903.0,0.26061596836,0.018773270677
6904.0,0.26057753909,0.018801394305
6905.0,0.26040268777,0.018763354365
6906.0,0.26017480538,0.018676079943
6907.0,0.26000092571,0.018579334245
6908.0,0.25996346556,0.018517534194
6909.0,0.26007972315,0.018518950428
6910.0,0.26029643519,0.018582665847
6911.0,0.26051404434,0.018679307366
6912.0,0.26063421629,0.018764211483
6913.0,0.26060466619,0.018798869655
6914.0,0.26044084568,0.018766426734
6915.0,0.26022383661,0.018681532472
6916.0,0.26005060802,0.018583709838
6917.0,0.2599997742,0.018517765843
6918.0,0.26009742902,0.018513365271
6919.0,0.26029772635,0.018572878175
6920.0,0.2605130898,0.018668465122
6921.0,0.26064762859,0.018756167658
6922.0,0.26062858219,0.018794871798
6923.0,0.26046649338,0.018766905754
6924.0,0.26024329781,0.018685019659
6925.0,0.2600651153,0.018586916435
6926.0,0.26001132027,0.018516488365
6927.0,0.26010188725,0.018506819152
6928.0,0.26029382669,0.018562148284
6929.0,0.26050695972,0.018656122264
6930.0,0.26064258261,0.018744933396
6931.0,0.26063392561,0.018788305202
6932.0,0.26048600912,0.01876623364
6933.0,0.26026760137,0.018688282185
6934.0,0.26007779981,0.018588965197
6935.0,0.26000167497,0.018514061112
6936.0,0.2600793558,0.018498451566
6937.0,0.26027475439,0.018548859293
6938.0,0.26049603272,0.018641107395
6939.0,0.26064570586,0.018732930946
6940.0,0.26065208133,0.018781710235
6941.0,0.26051145443,0.018765551051
6942.0,0.26028441793,0.018691139006
6943.0,0.26008595543,0.018592383368
6944.0,0.25999944143,0.018513773023
6945.0,0.26006316161,0.018491864966
6946.0,0.26024794203,0.018536911233
6947.0,0.26047226155,0.018627084686
6948.0,0.26063155383,0.018720844997
6949.0,0.26065049622,0.018774638431
6950.0,0.26052201664,0.018763610344
6951.0,0.2603110385,0.018692972836
6952.0,0.26010978262,0.018594543035
6953.0,0.26000807738,0.018514274659
6954.0,0.26005499161,0.018488136766
6955.0,0.26022850366,0.018527269127
6956.0,0.26044882728,0.018614161558
6957.0,0.26061319739,0.018708169613
6958.0,0.26064171316,0.018765590302
6959.0,0.26051912342,0.018760214762
6960.0,0.26030634425,0.018694332339
6961.0,0.26010531515,0.018597686247
6962.0,0.25999922045,0.018514919033
6963.0,0.26004060057,0.018484546513
6964.0,0.26020910235,0.018519571354
6965.0,0.2604313982,0.018603750897
6966.0,0.26060218619,0.01869883461
6967.0,0.26064457084,0.018761380759
6968.0,0.2605394191,0.01876162748
6969.0,0.26033754303,0.018699806807
6970.0,0.2601231918,0.018603641609
6971.0,0.26000046625,0.018517905193
6972.0,0.26002739174,0.01848177005
6973.0,0.26018940181,0.018511822202
6974.0,0.26041127171,0.018594432274
6975.0,0.26059081954,0.018691122711
6976.0,0.26064691522,0.01875773572
6977.0,0.26055387319,0.01876367118
6978.0,0.26035335319,0.018705839926
6979.0,0.26013858855,0.018611385106
6980.0,0.2599966232,0.018522551902
6981.0,0.26000541762,0.018480875936
6982.0,0.26015868237,0.018505206166
6983.0,0.26038550582,0.018584552306
6984.0,0.26058499151,0.018682139718
6985.0,0.26066929364,0.018753057728
6986.0,0.26059350039,0.01876476048
6987.0,0.26039397007,0.018711538484
6988.0,0.26016636365,0.018617725018
6989.0,0.26001300873,0.018526894593
6990.0,0.2600066288,0.018481009879
6991.0,0.26015116132,0.018500731096
6992.0,0.26038177577,0.018576559391
6993.0,0.26059906537,0.018673997985
6994.0,0.26069704265,0.018748077186
6995.0,0.26063399713,0.018764526058
6996.0,0.26044371493,0.018716395028
6997.0,0.26021695661,0.018625300288
6998.0,0.26005444284,0.018532860889
6999.0,0.26003486333,0.018481946366
7000.0,0.26016510815,0.018496271259
7001.0,0.26038356109,0.018569430406
7002.0,0.26059179714,0.018668044809
7003.0,0.26070042011,0.018746470359
7004.0,0.26064692433,0.018768675372
7005.0,0.26046766877,0.01872550388
7006.0,0.26024441928,0.018636362017
7007.0,0.26008066185,0.018542178162
7008.0,0.26004684025,0.018487209946
7009.0,0.26016560972,0.018497149359
7010.0,0.26038728669,0.018566944677
7011.0,0.26061169728,0.018665334561
7012.0,0.26072742018,0.018747684775
7013.0,0.26068999448,0.018776527631
7014.0,0.26051156187,0.018738575771
7015.0,0.26027602638,0.018651651789
7016.0,0.26009212463,0.018555517581
7017.0,0.2600465546,0.018495025431
7018.0,0.26015548845,0.01849880059
7019.0,0.2603629348,0.018564764864
7020.0,0.26058528507,0.018662966815
7021.0,0.26072125518,0.018749142937
7022.0,0.26070494835,0.018783158027
7023.0,0.26054663178,0.018750505828
7024.0,0.26032197948,0.018666764268
7025.0,0.26014016782,0.018570642243
7026.0,0.26007627713,0.018506838467
7027.0,0.26015955615,0.018504875448
7028.0,0.26035195086,0.018565580574
7029.0,0.26057007535,0.018661626353
7030.0,0.2607112662,0.018749291596
7031.0,0.26071043625,0.018788765188
7032.0,0.26056661046,0.018762906238
7033.0,0.26034872352,0.018683333269
7034.0,0.26016628064,0.0185864639
7035.0,0.26010144628,0.018516602418
7036.0,0.26019043475,0.018507876566
7037.0,0.26038605748,0.018564887792
7038.0,0.26060849074,0.018662073
7039.0,0.26075409611,0.018754025176
7040.0,0.26075865679,0.018798855251
7041.0,0.26062322428,0.018777180232
7042.0,0.26041496604,0.018699693065
7043.0,0.26022552839,0.018602686023
7044.0,0.2601446055,0.018530859774
7045.0,0.26020837229,0.018517607526
7046.0,0.26039174792,0.018569430082
7047.0,0.26060928525,0.018663000597
7048.0,0.26076689587,0.018755799471
7049.0,0.26078399439,0.018805476992
7050.0,0.2606567465,0.018789839371
7051.0,0.26045060732,0.018716330404
7052.0,0.26026101089,0.018619314318
7053.0,0.26017509982,0.018544563112
7054.0,0.26024087534,0.018526524406
7055.0,0.26042038419,0.018573675821
7056.0,0.26064252417,0.018665943854
7057.0,0.2607994742,0.018760404877
7058.0,0.26082562049,0.018814075642
7059.0,0.26069819069,0.018802795557
7060.0,0.26048038946,0.018732666883
7061.0,0.2602786422,0.018635620822
7062.0,0.26018513741,0.018556937355
7063.0,0.26024452825,0.018533179619
7064.0,0.26042271168,0.018575577954
7065.0,0.26064498601,0.018665403392
7066.0,0.26081699392,0.018761806837
7067.0,0.26085567121,0.018819873313
7068.0,0.2607416695,0.018814517834
7069.0,0.26053207107,0.018748379706
7070.0,0.26032056918,0.018652177425
7071.0,0.26020310088,0.018570068832
7072.0,0.26023695391,0.018540285421
7073.0,0.26039952405,0.018577025061
7074.0,0.26061775448,0.018663821288
7075.0,0.26079468806,0.018760527598
7076.0,0.2608415026,0.018822870233
7077.0,0.26073229316,0.018822724709
7078.0,0.26052272693,0.018760715409
7079.0,0.2603152603,0.018664773104
7080.0,0.26020802935,0.018579619389
7081.0,0.2602374639,0.018544505569
7082.0,0.26038996971,0.018576045078
7083.0,0.26060151689,0.018659677774
7084.0,0.2607696701,0.018756311796
7085.0,0.26081002277,0.018822419283
7086.0,0.26070399031,0.018827418865
7087.0,0.26050090139,0.018768669554
7088.0,0.26029153798,0.018673755089
7089.0,0.26016691292,0.018586229387
7090.0,0.26019180176,0.018545854984
7091.0,0.26034748535,0.01857153494
7092.0,0.26055862413,0.018652114866
7093.0,0.26073282893,0.018750644301
7094.0,0.26078760519,0.018820702584
7095.0,0.26069643917,0.01883021953
7096.0,0.26050064389,0.018775980118
7097.0,0.26028938347,0.018682493147
7098.0,0.26016090002,0.01859186814
7099.0,0.26017674254,0.018545724861
7100.0,0.260326159,0.018566467353
7101.0,0.26053880087,0.018643871437
7102.0,0.26072096279,0.01874114367
7103.0,0.26078222374,0.018814185977
7104.0,0.26069555436,0.018829675603
7105.0,0.26049993238,0.018780740318
7106.0,0.26028320128,0.018689154985
7107.0,0.26014319942,0.018596717626
7108.0,0.26013956513,0.018546093803
7109.0,0.26027562954,0.018560036426
7110.0,0.26048860369,0.018631580271
7111.0,0.26068353788,0.018728234707
7112.0,0.26076685143,0.01880517861
7113.0,0.26070024455,0.018826720071
7114.0,0.26051600057,0.0187822667
7115.0,0.26030072257,0.01869244177
7116.0,0.26015025706,0.018597754503
7117.0,0.26012998023,0.018541404288
7118.0,0.26025207148,0.018549719708
7119.0,0.26045407631,0.018618178167
7120.0,0.26065188008,0.018715113792
7121.0,0.26075632155,0.018795764586
7122.0,0.26071026847,0.018822457295
7123.0,0.26052956997,0.018783050846
7124.0,0.26029750242,0.01869552118
7125.0,0.26012593492,0.018599911578
7126.0,0.26009099267,0.018539725065
7127.0,0.2602068253,0.01854322455
7128.0,0.26041178918,0.018607558648
7129.0,0.26061452899,0.01870395122
7130.0,0.26072436824,0.018787556741
7131.0,0.26068827478,0.018819232778
7132.0,0.26052625856,0.018784873313
7133.0,0.26031010889,0.018700283963
7134.0,0.26013644599,0.018603528753
7135.0,0.26008167656,0.018538914271
7136.0,0.26017955797,0.018535820113
7137.0,0.26038717695,0.018596379656
7138.0,0.26060630542,0.018691327101
7139.0,0.26073584132,0.018777513515
7140.0,0.26070696816,0.018814474983
7141.0,0.26053450264,0.018785870565
7142.0,0.26030212822,0.018703735859
7143.0,0.26011790058,0.01860594316
7144.0,0.26006063992,0.018536065596
7145.0,0.26015405766,0.018526734534
7146.0,0.26034865662,0.018581577258
7147.0,0.26056393606,0.018675419034
7148.0,0.26070554251,0.018764162857
7149.0,0.26070254679,0.018807092422
7150.0,0.26055007454,0.018784177443
7151.0,0.26031780741,0.018705757753
7152.0,0.26011549442,0.018606869757
7153.0,0.26003681616,0.018532764537
7154.0,0.26011500922,0.018517995751
7155.0,0.26031408885,0.018569034335
7156.0,0.2605382895,0.018661225662
7157.0,0.26068691747,0.018751854468
7158.0,0.26069054709,0.018799936308
7159.0,0.26055005313,0.018783221565
7160.0,0.26033118696,0.018708027387
7161.0,0.26013499738,0.018609234676
7162.0,0.2600438451,0.018532248054
7163.0,0.26010416515,0.018512388679
7164.0,0.26028192033,0.018558102201
7165.0,0.26050280015,0.018648068707
7166.0,0.26066739734,0.018741361429
7167.0,0.26068921012,0.018794041099
7168.0,0.26056060916,0.018782238286
7169.0,0.26035011296,0.01871153037
7170.0,0.26015268207,0.018613938445
7171.0,0.2600570958,0.018533353053
7172.0,0.26010563837,0.018507524428
7173.0,0.26027487384,0.018548383488
7174.0,0.26048845269,0.018636537818
7175.0,0.26065489541,0.018731036802
7176.0,0.26069140429,0.018788568308
7177.0,0.26058040162,0.018782749735
7178.0,0.26037232694,0.01871609057
7179.0,0.26016239096,0.01861862683
7180.0,0.26005010608,0.018535118306
7181.0,0.26008901679,0.01850372515
7182.0,0.26025315893,0.018538712345
7183.0,0.26047131781,0.018623615035
7184.0,0.26064553717,0.018719674822
7185.0,0.26069269077,0.018782091146
7186.0,0.26058612631,0.01878157517
7187.0,0.26037688463,0.018718590834
7188.0,0.2601626978,0.018622039371
7189.0,0.26003995437,0.018535157228
7190.0,0.26006310364,0.018498597549
7191.0,0.26022475152,0.018528642347
7192.0,0.26045011343,0.018610783579
7193.0,0.26063294514,0.018707929306
7194.0,0.26069039461,0.018774189923
7195.0,0.26059376865,0.018778914552
7196.0,0.26038604785,0.018720449984
7197.0,0.26016531677,0.01862509167
7198.0,0.26003358011,0.018536183669
7199.0,0.26004906511,0.018494878216
7200.0,0.26019984234,0.018519524551
7201.0,0.26042413864,0.018598806928
7202.0,0.26061669649,0.018695992714
7203.0,0.26069038229,0.01876658679
7204.0,0.26060631709,0.018777381434
7205.0,0.26040389584,0.018723444096
7206.0,0.26017694618,0.018628782816
7207.0,0.26002940627,0.018537526203
7208.0,0.26002386286,0.018491479774
7209.0,0.26016099476,0.018511494035
7210.0,0.26038332594,0.018588389309
7211.0,0.2605913023,0.018686687729
7212.0,0.26068663352,0.01876028881
7213.0,0.26062135645,0.018776335833
7214.0,0.2604293727,0.01872728778
7215.0,0.26020148565,0.018634966311
7216.0,0.26003940356,0.018541623167
7217.0,0.2600158468,0.018490237497
7218.0,0.26013776878,0.018504022556
7219.0,0.26034673972,0.018576674074
7220.0,0.26055308796,0.018674443851
7221.0,0.26065731029,0.018751864388
7222.0,0.26060793088,0.018774082088
7223.0,0.26043519269,0.018731186988
7224.0,0.26022121697,0.018641588933
7225.0,0.26005875361,0.018546851885
7226.0,0.26002821584,0.018491681848
7227.0,0.26014216712,0.018500495244
7228.0,0.26034588708,0.018568460217
7229.0,0.26054770401,0.018665619419
7230.0,0.2606577347,0.018745980969
7231.0,0.26062268729,0.018772790366
7232.0,0.2604547397,0.018734525039
7233.0,0.26023827829,0.018648530375
7234.0,0.26007526687,0.018553486267
7235.0,0.26003933732,0.018493492058
7236.0,0.26014262266,0.018496609361
7237.0,0.26034196104,0.018561682584
7238.0,0.26054693538,0.018658290623
7239.0,0.26066424955,0.018741620701
7240.0,0.26063225113,0.018773368162
7241.0,0.26046833673,0.018739619804
7242.0,0.2602517037,0.018655075379
7243.0,0.26008368759,0.018558874326
7244.0,0.26004182152,0.018494980906
7245.0,0.26014593826,0.018493134608
7246.0,0.26034699287,0.018553846532
7247.0,0.26055806435,0.018649633508
7248.0,0.26068002927,0.018736139971
7249.0,0.26065211877,0.018774504383
7250.0,0.26048643868,0.018747314204
7251.0,0.26025946444,0.018665802132
7252.0,0.26007782257,0.018567155945
7253.0,0.26002451034,0.018498321699
7254.0,0.26013121649,0.018490469387
7255.0,0.26034522671,0.018547509167
7256.0,0.26057203947,0.018642899361
7257.0,0.26071255938,0.018733148601
7258.0,0.26070250664,0.018776675899
7259.0,0.26054162943,0.01875429915
7260.0,0.26030876975,0.018676271051
7261.0,0.26010685448,0.01857793657
7262.0,0.2600273072,0.018504523888
7263.0,0.26010622425,0.018489718349
7264.0,0.26030936001,0.01854152753
7265.0,0.26054336167,0.018636218269
7266.0,0.26070870184,0.018729500475
7267.0,0.26072224562,0.018779276638
7268.0,0.26058275905,0.018762228967
7269.0,0.26036005989,0.018686967328
7270.0,0.26015846692,0.018588095771
7271.0,0.26006653696,0.018511531259
7272.0,0.26012844054,0.018492691654
7273.0,0.26031771714,0.018540818917
7274.0,0.26054933755,0.018633256133
7275.0,0.2607193591,0.018727842128
7276.0,0.26074241711,0.018782188413
7277.0,0.26061331001,0.018771983164
7278.0,0.26039632193,0.018701192552
7279.0,0.26019151749,0.018603012886
7280.0,0.26008983898,0.018522649373
7281.0,0.2601436724,0.018497365058
7282.0,0.26032387063,0.018539348171
7283.0,0.26054597099,0.018630165949
7284.0,0.26071228743,0.018727859672
7285.0,0.26075372084,0.018787986682
7286.0,0.26064950199,0.01878304439
7287.0,0.26044408991,0.01871742587
7288.0,0.2602337514,0.018620453829
7289.0,0.26011819282,0.01853667835
7290.0,0.26015410016,0.01850515935
7291.0,0.26032108589,0.018540781291
7292.0,0.26055136562,0.018628037235
7293.0,0.26073117831,0.018727025628
7294.0,0.26078654461,0.018791470413
7295.0,0.26068515961,0.018792816359
7296.0,0.26048078553,0.018731119031
7297.0,0.26026772171,0.018635078437
7298.0,0.26014796872,0.018549060815
7299.0,0.26017099651,0.018513263066
7300.0,0.26033373529,0.018543851695
7301.0,0.26056029819,0.018627317827
7302.0,0.2607493809,0.018725128073
7303.0,0.26080700521,0.018792956404
7304.0,0.26071391304,0.018800708465
7305.0,0.26050682573,0.018744649842
7306.0,0.26028225497,0.018649679858
7307.0,0.26014609387,0.018560231853
7308.0,0.26016433263,0.018518003426
7309.0,0.26032488248,0.018542584472
7310.0,0.26055745058,0.018622869311
7311.0,0.26075617939,0.018722744554
7312.0,0.26083433849,0.018796765077
7313.0,0.26075246413,0.018810347239
7314.0,0.26054556858,0.018758435714
7315.0,0.26030832873,0.018664954781
7316.0,0.26014834341,0.018572955139
7317.0,0.26014291345,0.018525750052
7318.0,0.26028697475,0.018544549093
7319.0,0.26051866488,0.01862072117
7320.0,0.26072637192,0.018719976681
7321.0,0.26081758715,0.018797560696
7322.0,0.26074770573,0.018817474645
7323.0,0.26055589728,0.018770842581
7324.0,0.26032731926,0.018679289589
7325.0,0.26016746536,0.018586003671
7326.0,0.26013929297,0.018533176858
7327.0,0.26026044844,0.018545512462
7328.0,0.26047604598,0.018617476763
7329.0,0.26068941932,0.018716341824
7330.0,0.26079907997,0.018796225144
7331.0,0.26075146155,0.018820918269
7332.0,0.26056492579,0.018779609375
7333.0,0.26033295917,0.018691683314
7334.0,0.2601593331,0.01859657855
7335.0,0.2601220467,0.018538578244
7336.0,0.26023901953,0.018544522332
7337.0,0.26045513843,0.018611977701
7338.0,0.26067607081,0.018710101282
7339.0,0.26079789158,0.018793440267
7340.0,0.26075911959,0.018824475452
7341.0,0.26057746475,0.018789126859
7342.0,0.26034436776,0.018702981531
7343.0,0.26016620982,0.018605421692
7344.0,0.26012124987,0.018541815352
7345.0,0.26022857621,0.018541579007
7346.0,0.26042982875,0.018604842061
7347.0,0.26063399573,0.018702666467
7348.0,0.26075050558,0.018788910336
7349.0,0.26073200288,0.018824010182
7350.0,0.26057597111,0.018792322512
7351.0,0.26035367935,0.018708567515
7352.0,0.26016943858,0.018610633787
7353.0,0.26011494375,0.018544304809
7354.0,0.26021007552,0.018538928692
7355.0,0.26041645741,0.018597200149
7356.0,0.26063664245,0.018691948269
7357.0,0.26077289005,0.018779292338
7358.0,0.2607553327,0.018818747422
7359.0,0.26059502162,0.018793110883
7360.0,0.26036871664,0.018712931203
7361.0,0.26018382846,0.018615247345
7362.0,0.26011775843,0.018543750813
7363.0,0.26019562707,0.018532317006
7364.0,0.26038414124,0.018586663016
7365.0,0.26060430979,0.018680382277
7366.0,0.26075299099,0.018770415954
7367.0,0.26075739543,0.018815172788
7368.0,0.26060888376,0.018794755588
7369.0,0.26037712345,0.018718430396
7370.0,0.2601787972,0.018620774825
7371.0,0.26010749998,0.018546433979
7372.0,0.26018869307,0.018530389994
7373.0,0.26037836476,0.018580008287
7374.0,0.26059388636,0.0186716214
7375.0,0.26074164117,0.018763118591
7376.0,0.26074915838,0.018813409781
7377.0,0.26061410965,0.01879903069
7378.0,0.26039947163,0.018725772019
7379.0,0.26020254606,0.018627293371
7380.0,0.26010513825,0.018548866556
7381.0,0.26016379245,0.018527193974
7382.0,0.26034675006,0.018571151906
7383.0,0.26057366507,0.018660080747
7384.0,0.26073397747,0.018752679079
7385.0,0.26074950157,0.018806886942
7386.0,0.26061348196,0.018797829704
7387.0,0.26038974217,0.018728387494
7388.0,0.26017737896,0.018629901805
7389.0,0.26007339262,0.018548345942
7390.0,0.2601222921,0.018520932767
7391.0,0.26029740273,0.018559851608
7392.0,0.26052025915,0.018646499908
7393.0,0.2606930215,0.018741089894
7394.0,0.26073225042,0.01879977713
7395.0,0.26061935265,0.018795666027
7396.0,0.26040438851,0.018730719127
7397.0,0.26018937179,0.01863444466
7398.0,0.26007368294,0.018550830579
7399.0,0.26011135559,0.018518358437
7400.0,0.26027269965,0.018552018514
7401.0,0.26048642422,0.018636030155
7402.0,0.26065609183,0.018731187291
7403.0,0.26070588304,0.018793258303
7404.0,0.26061480122,0.018793985737
7405.0,0.26042053486,0.018733671037
7406.0,0.2602098449,0.018638714223
7407.0,0.26007949526,0.018552247608
7408.0,0.26009456477,0.018514413075
7409.0,0.26024436166,0.01854276997
7410.0,0.26045779777,0.018623817483
7411.0,0.26064029801,0.018720280599
7412.0,0.26069889426,0.018786684419
7413.0,0.26061411394,0.018793578198
7414.0,0.26042620195,0.018737060128
7415.0,0.26022132818,0.018642633564
7416.0,0.26009499174,0.018553542412
7417.0,0.26009929126,0.018510745367
7418.0,0.26023443611,0.01853343126
7419.0,0.26044032002,0.018611354682
7420.0,0.26062173564,0.018707956757
7421.0,0.26069359875,0.018779154155
7422.0,0.26061738249,0.018791875371
7423.0,0.26042684673,0.018739818262
7424.0,0.26021266677,0.018646572852
7425.0,0.26007801317,0.018554544832
7426.0,0.26008006165,0.01850632831
7427.0,0.26021762034,0.018523965937
7428.0,0.26043128227,0.018598585076
7429.0,0.26062327103,0.018696506749
7430.0,0.26070527566,0.018771765916
7431.0,0.26063592158,0.018789636945
7432.0,0.26044314998,0.018742205717
7433.0,0.26021666565,0.018650849085
7434.0,0.26006141192,0.01855725684
7435.0,0.26004634253,0.018504083955
7436.0,0.26017655911,0.018516040375
7437.0,0.2603960159,0.018587886878
7438.0,0.26060602544,0.018686440273
7439.0,0.26070977552,0.018765459638
7440.0,0.26065382094,0.018788769365
7441.0,0.26046277689,0.018746262663
7442.0,0.26023105556,0.018656918508
7443.0,0.26006182881,0.018561594825
7444.0,0.26002539356,0.018503912256
7445.0,0.26014512775,0.018510995088
7446.0,0.26036586583,0.018578910173
7447.0,0.26059116441,0.018676197103
7448.0,0.2607074293,0.018758437769
7449.0,0.26066536089,0.018788282291
7450.0,0.2604864736,0.018751554615
7451.0,0.260258277,0.018664722854
7452.0,0.26008074008,0.018568326704
7453.0,0.26003672699,0.018506404579
7454.0,0.26013982031,0.01850692823
7455.0,0.26034810031,0.018569950937
7456.0,0.2605678874,0.018665645361
7457.0,0.26070071679,0.018750245892
7458.0,0.26067481951,0.018784760178
7459.0,0.26050998424,0.018753811361
7460.0,0.2602871499,0.018670938946
7461.0,0.26011157952,0.018574120614
7462.0,0.26005677048,0.018507922167
7463.0,0.26015604934,0.018503432394
7464.0,0.26035821366,0.018561693195
7465.0,0.26057795628,0.018656395099
7466.0,0.26071281514,0.01874368051
7467.0,0.26070056159,0.01878382498
7468.0,0.26054546777,0.018758093182
7469.0,0.26032420644,0.018677750977
7470.0,0.26013872059,0.01857980793
7471.0,0.26006957918,0.018510288693
7472.0,0.26014732817,0.018500707078
7473.0,0.2603390012,0.018554531248
7474.0,0.2605608525,0.018647639258
7475.0,0.26070876642,0.018736933151
7476.0,0.26070874258,0.018780857834
7477.0,0.26056814788,0.018759903843
7478.0,0.26035463662,0.01868319739
7479.0,0.2601604255,0.018585774361
7480.0,0.26007712756,0.018512311531
7481.0,0.2601481817,0.018496853506
7482.0,0.26033667963,0.018546432675
7483.0,0.26056169881,0.018638808251
7484.0,0.26071500995,0.01873064108
7485.0,0.26072308436,0.018779945183
7486.0,0.26058913411,0.018764152672
7487.0,0.26037804154,0.018690301825
7488.0,0.26018339973,0.018592199215
7489.0,0.26009738862,0.018516582614
7490.0,0.2601629565,0.018496626971
7491.0,0.26035131422,0.018541589184
7492.0,0.26057422016,0.018631067995
7493.0,0.26073176055,0.01872490372
7494.0,0.26074984778,0.018779146162
7495.0,0.26062086773,0.018768414664
7496.0,0.26040278549,0.018697597464
7497.0,0.26019674372,0.018599576897
7498.0,0.26010087412,0.018519081389
7499.0,0.26015918793,0.01849298194
7500.0,0.26033862152,0.018534074242
7501.0,0.26056764725,0.018623398953
7502.0,0.26072923215,0.018719306524
7503.0,0.2607586767,0.018777646391
7504.0,0.26063483241,0.018771356718
7505.0,0.26042173712,0.018704164258
7506.0,0.2602152887,0.018606291356
7507.0,0.26010735334,0.018522625919
7508.0,0.26014701282,0.018491642621
7509.0,0.2603216551,0.01852826393
7510.0,0.26054535496,0.018614827423
7511.0,0.26071784115,0.018712556189
7512.0,0.26076157451,0.018776059545
7513.0,0.26065411194,0.018775952575
7514.0,0.2604444393,0.018712559307
7515.0,0.26023266026,0.018615166088
7516.0,0.26011250435,0.01852831834
7517.0,0.26014448453,0.018492719443
7518.0,0.26030482679,0.018523906089
7519.0,0.26052438071,0.018607773149
7520.0,0.26070776004,0.018705972647
7521.0,0.26077471477,0.018774024503
7522.0,0.26069046582,0.01878027214
7523.0,0.26049130804,0.018722158181
7524.0,0.2602724597,0.018626123017
7525.0,0.26013503259,0.018536791894
7526.0,0.26014336437,0.018494959867
7527.0,0.26028394642,0.018519831226
7528.0,0.2604922516,0.01859942572
7529.0,0.26067543915,0.018697699477
7530.0,0.26074534232,0.018769616913
7531.0,0.2606759485,0.018782247131
7532.0,0.26049998886,0.018730392402
7533.0,0.26030154622,0.018638732846
7534.0,0.26017074772,0.018548519507
7535.0,0.26016992111,0.018501533176
7536.0,0.26029676456,0.018519559337
7537.0,0.26049495806,0.018594690714
7538.0,0.26067448709,0.018692589528
7539.0,0.26075287179,0.018768126711
7540.0,0.26068724594,0.018785930218
7541.0,0.26050193123,0.018738403494
7542.0,0.26028797891,0.018648171783
7543.0,0.26014285255,0.018556489665
7544.0,0.26012837176,0.018505476516
7545.0,0.26025808805,0.018519578823
7546.0,0.2604754094,0.018592268343
7547.0,0.26068004556,0.018689770379
7548.0,0.26077969792,0.01876744686
7549.0,0.26072208492,0.018790059761
7550.0,0.26053938156,0.018747524223
7551.0,0.26031198949,0.018659555195
7552.0,0.26014563501,0.018566537472
7553.0,0.26011519082,0.018511231493
7554.0,0.26023316055,0.018519135055
7555.0,0.26044353479,0.018587111931
7556.0,0.26065445855,0.018683807636
7557.0,0.26076163812,0.018765248371
7558.0,0.26071419617,0.018794400378
7559.0,0.26054076212,0.018758023191
7560.0,0.26031932576,0.018672357234
7561.0,0.26015360964,0.018577047812
7562.0,0.26012322729,0.018516247549
7563.0,0.26024568828,0.018518626023
7564.0,0.26045871667,0.018582883639
7565.0,0.26067058905,0.018679665962
7566.0,0.2607867831,0.018764473618
7567.0,0.26075169601,0.018798805338
7568.0,0.26057990361,0.018767535382
7569.0,0.26035096425,0.018685180838
7570.0,0.26016222985,0.018589389988
7571.0,0.2601037822,0.018524955998
7572.0,0.26020679315,0.01852150775
7573.0,0.26042024063,0.018580895943
7574.0,0.26064840457,0.018676254883
7575.0,0.26078937042,0.018763663883
7576.0,0.26077645839,0.018802722582
7577.0,0.2606233658,0.018775959666
7578.0,0.26040303565,0.018696285071
7579.0,0.26021219842,0.018600618982
7580.0,0.26014126607,0.018533061789
7581.0,0.26022553766,0.018524789189
7582.0,0.26042039751,0.018579726597
7583.0,0.26063859572,0.018673629757
7584.0,0.26078060532,0.018763212694
7585.0,0.26077502343,0.018807942757
7586.0,0.26062320438,0.018787643165
7587.0,0.26039797016,0.018710550503
7588.0,0.26020599169,0.018612394503
7589.0,0.26013546234,0.018539157293
7590.0,0.26021966135,0.018525158118
7591.0,0.26041995644,0.018577101337
7592.0,0.26064386101,0.018671245657
7593.0,0.26079639823,0.018764675882
7594.0,0.26080356973,0.018813379172
7595.0,0.26066271536,0.01879671092
7596.0,0.26044223204,0.018723408158
7597.0,0.26024333145,0.018626404216
7598.0,0.26015590029,0.01855008522
7599.0,0.26022302282,0.018530424947
7600.0,0.26040852529,0.018576700747
7601.0,0.26063682556,0.018667867652
7602.0,0.26080085641,0.018762264529
7603.0,0.2608182364,0.018816153062
7604.0,0.26068714739,0.01880499142
7605.0,0.26047628861,0.018734548125
7606.0,0.26028104544,0.018637360269
7607.0,0.26018968424,0.018558377651
7608.0,0.2602445998,0.018534307384
7609.0,0.26042343484,0.018575574408
7610.0,0.26064471316,0.018663600551
7611.0,0.26080849711,0.018757884962
7612.0,0.26083482998,0.018814977726
7613.0,0.2607123849,0.018809490293
7614.0,0.26049812265,0.0187423956
7615.0,0.26028688103,0.018645026747
7616.0,0.26017646861,0.018562570754
7617.0,0.26022389355,0.018532481468
7618.0,0.26040313695,0.018568597705
7619.0,0.26062589674,0.018654640994
7620.0,0.26079608233,0.01875142035
7621.0,0.26083814177,0.018813440983
7622.0,0.26072570145,0.018812056362
7623.0,0.26051177327,0.018748640084
7624.0,0.26029538458,0.018651711235
7625.0,0.26017576536,0.018565240434
7626.0,0.26020339199,0.018529099321
7627.0,0.26036525449,0.018559782496
7628.0,0.26059209226,0.018642932016
7629.0,0.26078449669,0.018740290165
7630.0,0.26084372205,0.018806347551
7631.0,0.26074233461,0.018810962576
7632.0,0.2605286297,0.018751988283
7633.0,0.26029564668,0.01865578931
7634.0,0.26014969661,0.018566554213
7635.0,0.26015648343,0.018525048235
7636.0,0.26030747681,0.018549255054
7637.0,0.26053259611,0.01862821279
7638.0,0.26072888342,0.018725092374
7639.0,0.26080611081,0.01879523853
7640.0,0.26072160878,0.018806271079
7641.0,0.26051644182,0.018753167113
7642.0,0.26028516755,0.018659370484
7643.0,0.2601273206,0.018567714255
7644.0,0.26011214492,0.018520268035
7645.0,0.26024506423,0.018539048303
7646.0,0.26046121768,0.018614444512
7647.0,0.26066623909,0.018711796671
7648.0,0.26076052099,0.018786196775
7649.0,0.26070093006,0.018803512656
7650.0,0.26051578022,0.018755451069
7651.0,0.26028749489,0.018663538626
7652.0,0.26012213589,0.018570230702
7653.0,0.26009560777,0.018518398553
7654.0,0.26021742328,0.018531508508
7655.0,0.26042659036,0.018603630694
7656.0,0.26062620036,0.018701677165
7657.0,0.26072911312,0.018780792252
7658.0,0.26068132098,0.01880368004
7659.0,0.26050502886,0.018759853868
7660.0,0.26028493201,0.018669669055
7661.0,0.26011993138,0.018574861014
7662.0,0.26007867579,0.018518545832
7663.0,0.26018231461,0.018526282932
7664.0,0.26038476456,0.018594643531
7665.0,0.26059436154,0.018692072376
7666.0,0.26070662283,0.018773853045
7667.0,0.26066785639,0.018802435578
7668.0,0.26049251235,0.0187648013
7669.0,0.26026475309,0.018678091032
7670.0,0.26009126386,0.018581679539
7671.0,0.2600501188,0.018519915641
7672.0,0.26015572399,0.018521022913
7673.0,0.26036331037,0.018584995363
7674.0,0.26057991504,0.018682300589
7675.0,0.26070599286,0.01876724126
7676.0,0.26067478174,0.018800468009
7677.0,0.26050502532,0.018767781321
7678.0,0.26027931802,0.018683330367
7679.0,0.26009940128,0.018585739076
7680.0,0.26004816914,0.018520073118
7681.0,0.26015040084,0.018516395172
7682.0,0.26035135396,0.018576520237
7683.0,0.26056474794,0.018672493549
7684.0,0.26069753816,0.018759619131
7685.0,0.26068451525,0.01879779655
7686.0,0.26052921037,0.01876941416
7687.0,0.260305064,0.018687079702
7688.0,0.2601106723,0.018588342595
7689.0,0.26003589419,0.018518154872
7690.0,0.26012107384,0.018508656517
7691.0,0.26032797908,0.018564542374
7692.0,0.26055655591,0.018660004138
7693.0,0.26070329351,0.018750418998
7694.0,0.26070046991,0.018794292921
7695.0,0.26055155361,0.018771684551
7696.0,0.26032248056,0.018692964973
7697.0,0.26012354591,0.018594202163
7698.0,0.26003904872,0.018520034882
7699.0,0.26011096191,0.018504914964
7700.0,0.26029913395,0.018556245484
7701.0,0.26052771955,0.018649942771
7702.0,0.26068859201,0.018742269558
7703.0,0.26070389686,0.018791085375
7704.0,0.26056540345,0.018773991257
7705.0,0.2603428263,0.01869965983
7706.0,0.26013709386,0.018600933771
7707.0,0.26004573218,0.01852408771
7708.0,0.26011042015,0.018504069306
7709.0,0.26029153041,0.018550299578
7710.0,0.26051018081,0.018641654382
7711.0,0.26067141466,0.018735600079
7712.0,0.26069912645,0.018788579134
7713.0,0.26058379867,0.018776364277
7714.0,0.26037374913,0.018704951127
7715.0,0.26016256515,0.018607138517
7716.0,0.26005084022,0.018527105896
7717.0,0.26009540173,0.018501765503
7718.0,0.26026783288,0.018542604328
7719.0,0.2604948605,0.018630624444
7720.0,0.26067184788,0.018725637736
7721.0,0.26071503662,0.018783197798
7722.0,0.26060491672,0.018777269995
7723.0,0.26040096078,0.018710553097
7724.0,0.2601989842,0.018613095524
7725.0,0.26008625185,0.01853001504
7726.0,0.26011233411,0.018499106798
7727.0,0.2602699499,0.018534061695
7728.0,0.26048283116,0.018619150189
7729.0,0.26065021033,0.01871513497
7730.0,0.26069150494,0.018777125699
7731.0,0.26059224276,0.018777122185
7732.0,0.26039490678,0.018714629586
7733.0,0.2601940285,0.018618274941
7734.0,0.26008397183,0.018532636198
7735.0,0.26011883195,0.01849729756
7736.0,0.26027280769,0.018527741755
7737.0,0.26048442309,0.018610584541
7738.0,0.26066156842,0.018706541998
7739.0,0.26071704981,0.018772194028
7740.0,0.26062190977,0.018776504917
7741.0,0.26042379809,0.018717971918
7742.0,0.26020853922,0.018622679567
7743.0,0.26007689077,0.018534627178
7744.0,0.26009204886,0.018494376563
7745.0,0.26024984342,0.018520983932
7746.0,0.26047602391,0.018601465446
7747.0,0.26067008565,0.018698699485
7748.0,0.26074487069,0.018767700448
7749.0,0.26066251446,0.018777423573
7750.0,0.26046200987,0.018723112585
7751.0,0.26024251449,0.018629351675
7752.0,0.26009814574,0.018538990333
7753.0,0.26009346344,0.018493821479
7754.0,0.26023075171,0.018514024426
7755.0,0.26045575575,0.018590419809
7756.0,0.26066006528,0.018688120184
7757.0,0.26074756374,0.01876274042
7758.0,0.26068268341,0.018779631554
7759.0,0.26050640492,0.018731046919
7760.0,0.26028892372,0.018638408615
7761.0,0.26013482215,0.018545401784
7762.0,0.26011782082,0.018493961113
7763.0,0.2602484049,0.018507625994
7764.0,0.26045855295,0.018580417135
7765.0,0.26065107449,0.018679082146
7766.0,0.26073913365,0.018757909562
7767.0,0.26068138695,0.018780029798
7768.0,0.26049919644,0.018735725154
7769.0,0.26028717385,0.018645098557
7770.0,0.26014231296,0.018549943353
7771.0,0.26013067476,0.018494226977
7772.0,0.26025771752,0.018503583376
7773.0,0.26047210258,0.018573329092
7774.0,0.26067289593,0.018671660888
7775.0,0.26077194806,0.018752759838
7776.0,0.26071476698,0.01877964389
7777.0,0.26052890305,0.018741285797
7778.0,0.26029753427,0.018653762569
7779.0,0.26013875698,0.018557348875
7780.0,0.26012098249,0.018496884181
7781.0,0.26024821411,0.018501006759
7782.0,0.26046328169,0.018567880168
7783.0,0.26067977599,0.018665738646
7784.0,0.26079839652,0.01875004633
7785.0,0.26076413925,0.018782678538
7786.0,0.26059545404,0.018749181692
7787.0,0.26036642597,0.018665201964
7788.0,0.26018286575,0.018568682187
7789.0,0.26012102668,0.018504054955
7790.0,0.26021309366,0.018501604864
7791.0,0.26041918951,0.018562241748
7792.0,0.26064901966,0.018659216231
7793.0,0.26079298815,0.018748264538
7794.0,0.26078683334,0.018788049055
7795.0,0.26063468655,0.018760523495
7796.0,0.26041238617,0.01867844464
7797.0,0.26022321166,0.018581175117
7798.0,0.26015360027,0.018513238515
7799.0,0.26024205172,0.018505056675
7800.0,0.26044376522,0.018560198434
7801.0,0.26066922248,0.01865481204
7802.0,0.26081443033,0.018745452686
7803.0,0.26080739779,0.018790367558
7804.0,0.26065135309,0.018769229619
7805.0,0.26041786033,0.018691601467
7806.0,0.26021637475,0.018592977945
7807.0,0.26013851611,0.018520033796
7808.0,0.26021853181,0.018507113019
7809.0,0.26041788168,0.018559961258
7810.0,0.26065178068,0.018653178739
7811.0,0.2608124645,0.018744628954
7812.0,0.26082320787,0.018792940103
7813.0,0.26068277926,0.018776169443
7814.0,0.26045979199,0.018702157182
7815.0,0.2602495689,0.01860512677
7816.0,0.26014546263,0.018529919554
7817.0,0.26020111132,0.018511045841
7818.0,0.26038738973,0.018557401064
7819.0,0.26062247695,0.018648381962
7820.0,0.26079565897,0.018742399473
7821.0,0.26082888727,0.018796318647
7822.0,0.26070902471,0.018785187145
7823.0,0.26049716877,0.0187145945
7824.0,0.26029203188,0.01861706496
7825.0,0.26018760132,0.018537708302
7826.0,0.26023249645,0.018513036714
7827.0,0.2604025498,0.018554593016
7828.0,0.26062022398,0.018643323591
7829.0,0.26078705885,0.018739700508
7830.0,0.26082017069,0.018798567383
7831.0,0.26070895142,0.018793490971
7832.0,0.26050221384,0.018727011273
7833.0,0.26029408291,0.018629836514
7834.0,0.2601854309,0.018546721013
7835.0,0.26022864525,0.018516289037
7836.0,0.26040055219,0.018552127996
7837.0,0.2606252326,0.018638771554
7838.0,0.26079785167,0.018735871908
7839.0,0.26084133401,0.018798791317
7840.0,0.26073583731,0.018799955243
7841.0,0.2605314937,0.018739097261
7842.0,0.26032280457,0.018644164099
7843.0,0.26020296055,0.018559030695
7844.0,0.26022621263,0.01852299901
7845.0,0.26039235048,0.018552643644
7846.0,0.2606213788,0.018634713239
7847.0,0.26081168356,0.018731926988
7848.0,0.26087287499,0.018799798828
7849.0,0.26077839075,0.018806740236
7850.0,0.26057388551,0.018749702306
7851.0,0.26036287184,0.018655140513
7852.0,0.26023815571,0.018567148776
7853.0,0.2602625172,0.01852659354
7854.0,0.26041393052,0.018552106066
7855.0,0.26062927854,0.018631502158
7856.0,0.26081231027,0.01872927961
7857.0,0.26087131808,0.018800173999
7858.0,0.26077227642,0.018811915732
7859.0,0.26055925749,0.018759816839
7860.0,0.26033787794,0.018666366488
7861.0,0.26020874774,0.018574697666
7862.0,0.26022650181,0.018527933254
7863.0,0.26037882478,0.018547812752
7864.0,0.26059542413,0.018625114399
7865.0,0.26078521759,0.018724330015
7866.0,0.26085574581,0.018799093785
7867.0,0.26077104108,0.018816122934
7868.0,0.26056828031,0.018767684028
7869.0,0.26033986283,0.018675410212
7870.0,0.26018540472,0.0185816912
7871.0,0.26018174261,0.018529865564
7872.0,0.26032923714,0.018543423403
7873.0,0.26055238852,0.018616404424
7874.0,0.26075240159,0.018715009879
7875.0,0.26083651518,0.018793633837
7876.0,0.2607660752,0.018816391165
7877.0,0.26057391753,0.018772560391
7878.0,0.26034065958,0.018682701381
7879.0,0.26017342219,0.01858803601
7880.0,0.26014145621,0.018530823021
7881.0,0.26026109758,0.01853778706
7882.0,0.26047761489,0.018605645014
7883.0,0.26069482546,0.018702836632
7884.0,0.26080951671,0.018784449309
7885.0,0.26076521004,0.01881402225
7886.0,0.26058424048,0.018777385563
7887.0,0.26035442512,0.018690670073
7888.0,0.26017910499,0.018594154713
7889.0,0.26013725775,0.018532346606
7890.0,0.26024216203,0.018533212018
7891.0,0.2604464363,0.018596504786
7892.0,0.26065837726,0.018692793364
7893.0,0.26078496489,0.018778075726
7894.0,0.26076292259,0.018813252862
7895.0,0.2605967336,0.018781778302
7896.0,0.26036818126,0.018697590446
7897.0,0.26018277028,0.018600211615
7898.0,0.26012840305,0.018534176588
7899.0,0.26022783919,0.018530216499
7900.0,0.26042636031,0.018589269483
7901.0,0.26063784012,0.018684772201
7902.0,0.26076732011,0.018772588503
7903.0,0.26075404145,0.018811860303
7904.0,0.26059931821,0.018785145397
7905.0,0.2603823843,0.01870431399
7906.0,0.26019824543,0.018606187226
7907.0,0.26013462381,0.018535863495
7908.0,0.26022154192,0.018525844167
7909.0,0.26042102095,0.018580933585
7910.0,0.26064139088,0.018675686495
7911.0,0.26078002201,0.018766260266
7912.0,0.26076608554,0.018810182615
7913.0,0.26061030219,0.018788107207
7914.0,0.26039139554,0.018710035816
7915.0,0.26020806007,0.018611801571
7916.0,0.26013894253,0.018538048176
7917.0,0.26021856382,0.018523494738
7918.0,0.26040562724,0.018573930406
7919.0,0.26062356659,0.018666676001
7920.0,0.26077239493,0.018759282944
7921.0,0.26078594513,0.018809261086
7922.0,0.2606518832,0.018793005613
7923.0,0.26043415504,0.01871907103
7924.0,0.26023495725,0.018620938944
7925.0,0.26014925925,0.018543803013
7926.0,0.26021987625,0.018522601451
7927.0,0.26040759772,0.018567090965
7928.0,0.26062428588,0.018656899861
7929.0,0.26077266892,0.01875085461
7930.0,0.26078490831,0.018804616258
7931.0,0.26066141018,0.018794307316
7932.0,0.26045394817,0.018724257827
7933.0,0.26025576615,0.018626614823
7934.0,0.26015432195,0.018545514339
7935.0,0.26020187576,0.018518265786
7936.0,0.26037608044,0.018557430576
7937.0,0.26059779198,0.018645020655
7938.0,0.26076668546,0.018740002709
7939.0,0.26079589364,0.018798468479
7940.0,0.26067042465,0.018793361448
7941.0,0.26045530506,0.018727120668
7942.0,0.26024460014,0.018629096904
7943.0,0.26013356906,0.018544537436
7944.0,0.26017273356,0.018511970938
7945.0,0.26033711524,0.018546161127
7946.0,0.26056030257,0.018631113725
7947.0,0.26073924859,0.018727610416
7948.0,0.26079327885,0.018790318334
7949.0,0.26069015825,0.018791350271
7950.0,0.26047570543,0.018729594668
7951.0,0.26025256111,0.018632324107
7952.0,0.26012142194,0.018543582009
7953.0,0.26013846756,0.018505125488
7954.0,0.26029328887,0.018533453907
7955.0,0.26051561859,0.018615344347
7956.0,0.26070464012,0.018713530608
7957.0,0.26076939196,0.018782425693
7958.0,0.26068317377,0.018790014636
7959.0,0.2604851841,0.018733556362
7960.0,0.26026777979,0.01863839196
7961.0,0.26012187697,0.018547983304
7962.0,0.26011821081,0.018502704487
7963.0,0.26025861862,0.01852374641
7964.0,0.26048096517,0.018601711014
7965.0,0.26068547756,0.018700354551
7966.0,0.26077043599,0.018773782571
7967.0,0.26069588643,0.018788299368
7968.0,0.26050363124,0.018737523172
7969.0,0.26028660744,0.018644683734
7970.0,0.26013779972,0.018552450126
7971.0,0.26012160877,0.018502913932
7972.0,0.26025144038,0.018518846261
7973.0,0.26047011644,0.018592416333
7974.0,0.26067569098,0.018689556807
7975.0,0.26076504137,0.018765564974
7976.0,0.26069942707,0.018785895912
7977.0,0.26051435346,0.01874072621
7978.0,0.26029266925,0.01865079865
7979.0,0.26013487417,0.018557266198
7980.0,0.26011526518,0.018503297835
7981.0,0.26023933111,0.018514210677
7982.0,0.26044549987,0.018584924174
7983.0,0.2606458154,0.018682293566
7984.0,0.26074928664,0.018761332001
7985.0,0.2607029328,0.018785817346
7986.0,0.26052423054,0.018744976229
7987.0,0.26029631595,0.0186572514
7988.0,0.2601225001,0.018562713641
7989.0,0.26008037667,0.018505054807
7990.0,0.26019130088,0.018510555287
7991.0,0.26039784638,0.018576244463
7992.0,0.26060985356,0.018672422757
7993.0,0.2607325092,0.018755362433
7994.0,0.26070469957,0.018786757703
7995.0,0.26053923427,0.018752219132
7996.0,0.26031690181,0.018666757165
7997.0,0.26014338752,0.018569927544
7998.0,0.26009397485,0.018506277806
7999.0,0.26019079659,0.01850516928
8000.0,0.26038959951,0.018567435993
