iteration,$U_x$,$U_y$,$U_z$,$e$,$p$
1.0,0.9999972561,1.0,0.9999834626,0.9999375856,0.9999999989
2.0,8.351953864e-05,0.0001039852054,0.0005761050334,0.004325464757,0.00452712571
3.0,6.093282982e-05,9.896160896e-05,0.0001082348643,0.0002073526554,0.008394360493
4.0,4.058936751e-05,6.741888352e-05,7.410510459e-05,8.348397591e-05,0.005756297831
5.0,2.000658752e-05,3.346681962e-05,4.171769692e-05,3.999859737e-05,0.001885095437
6.0,1.040594346e-05,1.851538486e-05,4.190269772e-05,3.486319171e-05,0.001366633711
7.0,1.203849017e-05,2.084838392e-05,7.94165365e-05,4.599380803e-05,0.002169703056
8.0,1.045073765e-05,1.766089984e-05,0.0001307435451,5.437278177e-05,0.002595958544
9.0,6.587819235e-06,1.134146589e-05,9.045760369e-05,5.408659747e-05,0.002944747211
10.0,4.023735451e-06,8.592990739e-06,4.705156447e-05,4.947284344e-05,0.004232685906
11.0,4.709552796e-06,1.123056544e-05,3.781568907e-05,5.245173875e-05,0.02002314571
12.0,6.025594616e-06,1.496265821e-05,3.163043964e-05,5.833788688e-05,0.00879638588
13.0,6.221931914e-06,1.659448107e-05,2.52254504e-05,6.006336385e-05,0.01450232666
14.0,5.291214446e-06,1.517653912e-05,2.052872675e-05,6.477609954e-05,0.01143266503
15.0,4.167994664e-06,1.234957853e-05,2.196107758e-05,7.989530367e-05,0.002648515825
16.0,3.436773059e-06,9.578184403e-06,3.463901544e-05,0.0001095974832,0.002576634312
17.0,2.805438505e-06,7.671816442e-06,8.657001148e-05,0.000175837724,0.002802120501
18.0,2.351181128e-06,6.809349697e-06,0.0001304770708,0.0003657874586,0.003218317817
19.0,2.28765961e-06,7.236758497e-06,7.092483477e-05,0.01097432532,0.003679873387
20.0,2.595125149e-06,8.581382075e-06,3.906243035e-05,0.0003956599219,0.006286109571
21.0,2.911898874e-06,9.89844432e-06,2.46711154e-05,0.0001926803195,0.008396663237
22.0,3.004402009e-06,1.06406934e-05,1.858705419e-05,0.0001271614402,0.00472858211
23.0,2.832733411e-06,1.024423996e-05,1.685047182e-05,0.0001043662899,0.002383528775
24.0,2.523212365e-06,9.250284624e-06,1.896680025e-05,9.343258225e-05,0.001498404242
25.0,2.257708162e-06,8.279187198e-06,2.92492307e-05,8.355787163e-05,0.001970720589
26.0,2.072444324e-06,7.719721916e-06,0.0001006910578,7.388588586e-05,0.00339397641
27.0,1.977472184e-06,7.590235323e-06,0.000427926702,6.772659482e-05,0.009951823817
28.0,1.966637536e-06,7.867991815e-06,0.00260523482,6.262476634e-05,0.03595758936
29.0,2.052327207e-06,8.517646043e-06,9.544736926e-05,5.701256856e-05,0.008791337995
30.0,2.169428063e-06,9.208005789e-06,3.742832673e-05,5.108115247e-05,0.003993284309
31.0,2.217265879e-06,9.638467353e-06,2.4331875e-05,4.679259258e-05,0.00222362029
32.0,2.177842952e-06,9.71393363e-06,2.205863037e-05,4.538240023e-05,0.001395891731
33.0,2.08584773e-06,9.47626502e-06,2.545633694e-05,4.544414942e-05,0.001084556697
34.0,1.998888952e-06,9.176357811e-06,4.404276502e-05,4.599238839e-05,0.001606484505
35.0,1.94064674e-06,9.035457527e-06,0.008264499404,4.628925925e-05,0.004039989902
36.0,1.907838716e-06,9.017561505e-06,6.882705115e-05,4.719467421e-05,0.03192356823
37.0,1.892467202e-06,9.133737732e-06,6.594228518e-05,4.841643937e-05,0.007089919494
38.0,1.903204374e-06,9.412988186e-06,0.0001609640544,4.852041471e-05,0.04946823715
39.0,1.930402628e-06,9.728894307e-06,0.0001186799255,4.764182977e-05,0.003706553847
40.0,1.947775551e-06,1.001275929e-05,4.460783661e-05,4.637510915e-05,0.001936673383
41.0,1.935696635e-06,1.020533793e-05,3.473352864e-05,4.690126905e-05,0.001261304581
42.0,1.897836252e-06,1.02397885e-05,3.877806221e-05,4.865582114e-05,0.0009852552166
43.0,1.859663732e-06,1.017222404e-05,7.46177342e-05,5.11046425e-05,0.001306545112
44.0,1.833048667e-06,1.004598268e-05,0.0002294024513,5.387459168e-05,0.003102326219
45.0,1.815270974e-06,9.953489406e-06,5.2737451e-05,5.833022293e-05,0.01536790778
46.0,1.794394111e-06,9.935749889e-06,4.178898009e-05,6.486297298e-05,0.003663291709
47.0,1.777566937e-06,9.9700798e-06,5.279247163e-05,7.119404532e-05,0.005167730778
48.0,1.762994643e-06,1.005576563e-05,0.0001374259355,7.560940195e-05,0.01050218157
49.0,1.748176049e-06,1.020544052e-05,0.0001620788343,7.781817222e-05,0.002653285268
50.0,1.725585754e-06,1.039699342e-05,6.179273911e-05,8.158215232e-05,0.001436598573
51.0,1.695278973e-06,1.050760764e-05,5.640171447e-05,8.862472416e-05,0.0009615517229
52.0,1.668569474e-06,1.047535657e-05,9.928813427e-05,9.89371682e-05,0.0009135007697
53.0,1.64838018e-06,1.032091167e-05,0.000276228582,0.0001135347093,0.00153803272
54.0,1.629827115e-06,1.01403409e-05,5.30656044e-05,0.0001388853456,0.02546455239
55.0,1.608098896e-06,9.935414914e-06,3.490765672e-05,0.0001945952938,0.002120263968
56.0,1.583626613e-06,9.761373007e-06,3.499706587e-05,0.000322684968,0.001287471532
57.0,1.551597901e-06,9.617542545e-06,4.815570375e-05,0.0005998906901,0.00201862642
58.0,1.517773937e-06,9.612501528e-06,0.0001106771557,0.00113586186,0.0238830631
59.0,1.484595337e-06,9.731987707e-06,0.0003019744746,0.002477262797,0.001615770899
60.0,1.451814968e-06,9.898436388e-06,9.939461943e-05,0.00328276667,0.0008833428308
61.0,1.424656102e-06,9.916778198e-06,0.0001321709807,0.000870634666,0.0007072713977
62.0,1.406187698e-06,9.744186064e-06,0.0003905199493,0.0004245409223,0.0008619029564
63.0,1.391105677e-06,9.453121555e-06,6.037529747e-05,0.00025695859,0.002570954798
64.0,1.376118729e-06,9.129063234e-06,3.23780303e-05,0.0001759705021,0.003104901905
65.0,1.35813367e-06,8.81910986e-06,2.710869711e-05,0.0001309144342,0.001092585627
66.0,1.324896103e-06,8.531468357e-06,2.966781992e-05,0.0001077520924,0.001006889694
67.0,1.283685493e-06,8.346020037e-06,4.1371458e-05,9.585077357e-05,0.00230358813
68.0,1.246817303e-06,8.310893729e-06,8.93732654e-05,9.181298579e-05,0.004183777308
69.0,1.214977692e-06,8.396410885e-06,0.005756005348,8.982717085e-05,0.001140633367
70.0,1.190130471e-06,8.449929964e-06,0.0002297925216,8.715933885e-05,0.000704566933
71.0,1.174040804e-06,8.312883871e-06,0.00255869828,8.188153692e-05,0.0006330399665
72.0,1.166788793e-06,8.027789766e-06,9.006137171e-05,7.384607196e-05,0.0009872330567
73.0,1.163791604e-06,7.702669635e-06,3.7611385e-05,6.534438236e-05,0.01022705946
74.0,1.157636992e-06,7.378573027e-06,2.478662666e-05,5.813736507e-05,0.001337499116
75.0,1.135556874e-06,7.02778079e-06,2.222866261e-05,5.285986643e-05,0.0007379076966
76.0,1.09988196e-06,6.731130001e-06,2.423579993e-05,4.954739361e-05,0.0007355552823
77.0,1.064603391e-06,6.545193624e-06,3.206206206e-05,4.755828785e-05,0.001685034505
78.0,1.0386114e-06,6.480600092e-06,5.643117559e-05,4.712388689e-05,0.002522708147
79.0,1.020675089e-06,6.477258466e-06,0.0001539283357,4.713710914e-05,0.0007567280795
80.0,1.008922643e-06,6.40593674e-06,0.0004118307555,4.652793487e-05,0.0005040927147
81.0,1.004890885e-06,6.213621535e-06,0.0001520801475,4.456260325e-05,0.0005006042551
82.0,1.009167754e-06,5.95774836e-06,5.230583202e-05,4.159443055e-05,0.000935357452
83.0,1.014945606e-06,5.699354466e-06,2.753062503e-05,3.837859387e-05,0.009171383439
84.0,1.01058586e-06,5.409753117e-06,1.953884312e-05,3.56174352e-05,0.0009207035135
85.0,9.890758542e-07,5.096696116e-06,1.783690807e-05,3.357068837e-05,0.0005719347423
86.0,9.594516944e-07,4.814840675e-06,1.926028163e-05,3.213896885e-05,0.0006426741772
87.0,9.378699532e-07,4.655299609e-06,2.502799101e-05,3.135164081e-05,0.001500362792
88.0,9.282792388e-07,4.614987987e-06,4.04569178e-05,3.114791311e-05,0.002272421965
89.0,9.205290111e-07,4.597820339e-06,8.005046844e-05,3.11968182e-05,0.0006736352621
90.0,9.14255235e-07,4.536180474e-06,0.0001200795619,3.083176053e-05,0.000424591601
91.0,9.147468484e-07,4.417144419e-06,8.726182984e-05,2.98233457e-05,0.0004201107837
92.0,9.221017806e-07,4.281038176e-06,4.29889717e-05,2.82935398e-05,0.0008044721095
93.0,9.263709872e-07,4.112633528e-06,2.413006786e-05,2.67779527e-05,0.01119088069
94.0,9.192300397e-07,3.897356254e-06,1.794036965e-05,2.544576199e-05,0.0007975477953
95.0,8.997651666e-07,3.640962743e-06,1.637033598e-05,2.448266753e-05,0.0004865857949
96.0,8.781697581e-07,3.41695333e-06,1.738819111e-05,2.37470854e-05,0.0005582211709
97.0,8.697751755e-07,3.312261023e-06,2.149427163e-05,2.332329949e-05,0.001270713889
98.0,8.692685885e-07,3.311928919e-06,3.069801287e-05,2.329265592e-05,0.002243276674
99.0,8.622532379e-07,3.333270609e-06,4.415109364e-05,2.331981425e-05,0.0005813264742
100.0,8.523501354e-07,3.336699411e-06,5.309482001e-05,2.316204599e-05,0.0003876815714
101.0,8.456057999e-07,3.312485822e-06,4.693696563e-05,2.26553445e-05,0.0003881182806
102.0,8.43544944e-07,3.258067644e-06,3.218818038e-05,2.180119846e-05,0.0007284437102
103.0,8.395123394e-07,3.137757062e-06,2.201005052e-05,2.099076336e-05,0.005280789068
104.0,8.273987375e-07,2.965837808e-06,1.716433497e-05,2.015338865e-05,0.0006759885599
105.0,8.10700257e-07,2.785039925e-06,1.589855505e-05,1.952389466e-05,0.000442938934
106.0,7.987476917e-07,2.650521931e-06,1.661406949e-05,1.908414733e-05,0.0004707359861
107.0,7.968180283e-07,2.615939051e-06,1.931205937e-05,1.885046151e-05,0.0009826933818
108.0,7.936748601e-07,2.640122098e-06,2.411952371e-05,1.878051704e-05,0.002065482467
109.0,7.796665301e-07,2.684824757e-06,2.900218429e-05,1.862369043e-05,0.0005125412795
110.0,7.636042914e-07,2.719403495e-06,3.070779642e-05,1.850392136e-05,0.0003283343632
111.0,7.490527172e-07,2.724615681e-06,2.805407698e-05,1.823201831e-05,0.0003198474691
112.0,7.369179842e-07,2.692067845e-06,2.311485099e-05,1.779264836e-05,0.0006292415165
113.0,7.267030268e-07,2.618569146e-06,1.793520666e-05,1.727616695e-05,0.004880632428
114.0,7.142637138e-07,2.512402739e-06,1.474355903e-05,1.677064948e-05,0.000568814702
115.0,7.016055949e-07,2.39139376e-06,1.368103026e-05,1.638004686e-05,0.000345114482
116.0,6.929432377e-07,2.294960977e-06,1.379372162e-05,1.605572681e-05,0.0003746781324
117.0,6.903970438e-07,2.258792356e-06,1.464809568e-05,1.588039727e-05,0.0008651600903
118.0,6.845169057e-07,2.286850118e-06,1.635909221e-05,1.584069334e-05,0.0014991523
119.0,6.679624547e-07,2.3402367e-06,1.804715911e-05,1.583553398e-05,0.0004203729292
120.0,6.478824214e-07,2.373363394e-06,1.908031884e-05,1.593346656e-05,0.0002711280011
121.0,6.280123855e-07,2.353312828e-06,1.89676952e-05,1.587949524e-05,0.0002685387498
122.0,6.123080623e-07,2.302667625e-06,1.780996382e-05,1.564535075e-05,0.0005363829956
123.0,6.01330175e-07,2.241559141e-06,1.5348491e-05,1.53439111e-05,0.003109635608
124.0,5.907747748e-07,2.177405347e-06,1.291405121e-05,1.508107771e-05,0.0004744435932
125.0,5.818698528e-07,2.116661585e-06,1.158671338e-05,1.490482839e-05,0.0002970505512
126.0,5.756589514e-07,2.068225143e-06,1.109285464e-05,1.475359503e-05,0.0003246054442
127.0,5.710037282e-07,2.056406545e-06,1.09765686e-05,1.463339642e-05,0.0008390109617
128.0,5.627756844e-07,2.081884171e-06,1.123170517e-05,1.457176124e-05,0.00107951254
129.0,5.46163903e-07,2.119284747e-06,1.144545123e-05,1.459934555e-05,0.0003656211996
130.0,5.28570343e-07,2.125270911e-06,1.195212481e-05,1.470315541e-05,0.0002413606758
131.0,5.131742367e-07,2.073350248e-06,1.269016161e-05,1.467267276e-05,0.0002530850426
132.0,5.005972978e-07,2.009769777e-06,1.3030415e-05,1.448469715e-05,0.0006093229467
133.0,4.908490183e-07,1.959921394e-06,1.227706267e-05,1.42315294e-05,0.001342516115
134.0,4.832700327e-07,1.926316312e-06,1.120227734e-05,1.403478168e-05,0.0003734927543
135.0,4.789405231e-07,1.8975987e-06,1.021531245e-05,1.3887689e-05,0.000245021823
136.0,4.74617386e-07,1.859729228e-06,9.317939832e-06,1.370074322e-05,0.0003194265467
137.0,4.672041333e-07,1.846252351e-06,8.439412158e-06,1.350200834e-05,0.001783531861
138.0,4.560141667e-07,1.858980166e-06,7.833742843e-06,1.335880236e-05,0.0005646249037
139.0,4.405257045e-07,1.875408949e-06,7.572618229e-06,1.335619266e-05,0.0002756697478
140.0,4.247949972e-07,1.838974988e-06,7.67931283e-06,1.336480025e-05,0.0002159818461
141.0,4.148463256e-07,1.768901371e-06,7.942271593e-06,1.325436188e-05,0.0003158538882
142.0,4.081045623e-07,1.703282889e-06,8.164098301e-06,1.303920849e-05,0.001637041762
143.0,4.029894998e-07,1.655507562e-06,8.239226048e-06,1.279625921e-05,0.0006460463325
144.0,4.014480108e-07,1.630390292e-06,8.243165097e-06,1.261261225e-05,0.0002965912684
145.0,4.006735352e-07,1.615417847e-06,8.027258608e-06,1.246838549e-05,0.000244503075
146.0,3.960435149e-07,1.613035614e-06,7.347949277e-06,1.228128788e-05,0.0004235789203
147.0,3.856841595e-07,1.600319831e-06,6.497585838e-06,1.20850054e-05,0.00561030519
148.0,3.716389588e-07,1.591901609e-06,5.850012627e-06,1.198539332e-05,0.0004098787313
149.0,3.574146562e-07,1.574312956e-06,5.568274166e-06,1.194707625e-05,0.0002376345119
150.0,3.48530427e-07,1.530142239e-06,5.565722586e-06,1.186359677e-05,0.0002199487593
151.0,3.44954588e-07,1.476690678e-06,5.640722959e-06,1.165951639e-05,0.0004403569272
152.0,3.427050733e-07,1.423528845e-06,5.626608058e-06,1.140623492e-05,0.006090193879
153.0,3.417462326e-07,1.387450126e-06,5.751435095e-06,1.117321358e-05,0.0004509681398
154.0,3.438211799e-07,1.384310078e-06,5.978079211e-06,1.099170978e-05,0.0002429085418
155.0,3.448546775e-07,1.388077898e-06,6.002841093e-06,1.079507264e-05,0.0002299511368
156.0,3.394888737e-07,1.382916033e-06,5.61872752e-06,1.061047737e-05,0.0005746891861
157.0,3.269514533e-07,1.353364792e-06,4.987258055e-06,1.047047217e-05,0.001011646104
158.0,3.128957585e-07,1.332500299e-06,4.520521765e-06,1.043367159e-05,0.0003103105132
159.0,3.013255937e-07,1.301420516e-06,4.360401353e-06,1.044973417e-05,0.0002081912159
160.0,2.958501445e-07,1.260341695e-06,4.369441147e-06,1.036040469e-05,0.0002387768986
161.0,2.9498691e-07,1.222758795e-06,4.365310138e-06,1.016263703e-05,0.0006411601428
162.0,2.943688432e-07,1.18269443e-06,4.249444082e-06,9.838011741e-06,0.00104505245
163.0,2.942077372e-07,1.149963513e-06,4.222525243e-06,9.526466e-06,0.0003460886232
164.0,2.949671543e-07,1.140113075e-06,4.342781186e-06,9.276185637e-06,0.0002369475436
165.0,2.950293055e-07,1.153999002e-06,4.433781239e-06,9.121608956e-06,0.0002968533608
166.0,2.902308868e-07,1.154573945e-06,4.237743749e-06,9.044047223e-06,0.001265783967
167.0,2.787827738e-07,1.127348953e-06,3.848776872e-06,9.001816296e-06,0.0006468056444
168.0,2.658358699e-07,1.090286924e-06,3.593051967e-06,9.01285833e-06,0.0002950535597
169.0,2.561342204e-07,1.048416717e-06,3.529473381e-06,9.026291235e-06,0.000237934257
170.0,2.533755163e-07,1.018840696e-06,3.55854443e-06,8.9600082e-06,0.0003489384777
171.0,2.530202084e-07,9.957052431e-07,3.50278191e-06,8.771038139e-06,0.00174934096
172.0,2.516393903e-07,9.674572877e-07,3.408434141e-06,8.503892355e-06,0.0006629750976
173.0,2.499408021e-07,9.451639358e-07,3.386588832e-06,8.229364163e-06,0.0003187218062
174.0,2.47652873e-07,9.367152745e-07,3.359963825e-06,8.007112297e-06,0.0002907891103
175.0,2.474031831e-07,9.518446546e-07,3.356048625e-06,7.879719967e-06,0.0004963109782
176.0,2.441844467e-07,9.535872695e-07,3.245181082e-06,7.835315454e-06,0.02112577877
177.0,2.341963633e-07,9.245357144e-07,3.033367185e-06,7.811453854e-06,0.0005422443923
178.0,2.224650509e-07,8.856608655e-07,2.876981083e-06,7.823519958e-06,0.0003319449933
179.0,2.161423022e-07,8.551369549e-07,2.855132148e-06,7.848659933e-06,0.0003310329036
180.0,2.155785077e-07,8.412486567e-07,2.9150274e-06,7.789437482e-06,0.0006550922065
181.0,2.149651947e-07,8.262151835e-07,2.924135283e-06,7.639696474e-06,0.002742030524
182.0,2.122078336e-07,8.030013184e-07,2.852442623e-06,7.40335585e-06,0.0005239935278
183.0,2.103446432e-07,7.934693573e-07,2.844675069e-06,7.21141178e-06,0.0003390026211
184.0,2.10591682e-07,8.087266984e-07,2.884878058e-06,7.108355824e-06,0.0003397357878
185.0,2.101087426e-07,8.234079964e-07,2.860719849e-06,7.05133312e-06,0.0006550736981
186.0,2.044919063e-07,8.073601063e-07,2.668912281e-06,6.985992979e-06,0.002367755763
187.0,1.950234305e-07,7.777672582e-07,2.455303051e-06,6.94744702e-06,0.0005314070511
188.0,1.875640587e-07,7.557949096e-07,2.383834832e-06,6.967722551e-06,0.0003572807906
189.0,1.839994607e-07,7.429027031e-07,2.418872017e-06,6.962419944e-06,0.0003998185603
190.0,1.828498813e-07,7.322946596e-07,2.473688431e-06,6.848602865e-06,0.001194351911
191.0,1.806280665e-07,7.173609616e-07,2.470667812e-06,6.640856436e-06,0.0009273000292
192.0,1.787264164e-07,7.082867118e-07,2.473357385e-06,6.4487464e-06,0.0003972549456
193.0,1.788918885e-07,7.178041884e-07,2.549343761e-06,6.332785389e-06,0.0002869322425
194.0,1.79332055e-07,7.343425171e-07,2.555380201e-06,6.256687804e-06,0.0003285105383
195.0,1.76680638e-07,7.308763261e-07,2.395994759e-06,6.140163203e-06,0.0009312488207
196.0,1.708551306e-07,7.086699338e-07,2.191561595e-06,6.050626834e-06,0.0009289083136
197.0,1.638246362e-07,6.877722851e-07,2.043060721e-06,6.003308467e-06,0.0004177535083
198.0,1.58448383e-07,6.757732875e-07,2.027276638e-06,5.998739076e-06,0.0003537650116
199.0,1.553776599e-07,6.664568485e-07,2.073517525e-06,5.942128049e-06,0.0005213230064
200.0,1.529466402e-07,6.529273341e-07,2.091610085e-06,5.772397772e-06,0.00551223565
201.0,5.470000384e-07,3.054082262e-06,1.138070037e-05,5.872305949e-06,0.001437253844
202.0,4.32178313e-07,2.671888521e-06,1.017659651e-05,7.170488393e-06,0.0007809293962
203.0,3.250936029e-07,2.519982113e-06,9.126247161e-06,8.515310995e-06,0.000588927874
204.0,2.831248198e-07,2.61961422e-06,8.253156977e-06,9.654646095e-06,0.0006610602133
205.0,3.194068296e-07,2.720237874e-06,7.540395336e-06,1.027016836e-05,0.001471800638
206.0,3.529754771e-07,2.674798792e-06,7.0938247e-06,1.037266687e-05,0.002608685191
207.0,3.622571985e-07,2.498489854e-06,6.860796948e-06,1.010508292e-05,0.001246608347
208.0,3.567583724e-07,2.273955679e-06,6.605090279e-06,9.520974313e-06,0.003791614542
209.0,3.444695986e-07,2.075070105e-06,6.443997967e-06,9.028879463e-06,0.001259960272
210.0,3.272965773e-07,1.932020281e-06,6.240354575e-06,8.556687789e-06,0.0005665428874
211.0,3.102069649e-07,1.855289026e-06,5.890089851e-06,8.355943111e-06,0.0004531766296
212.0,3.005562139e-07,1.840846094e-06,5.492284898e-06,8.146212689e-06,0.0005474468229
213.0,3.016430039e-07,1.867875428e-06,5.276170187e-06,7.985324624e-06,0.0008807184445
214.0,3.052960153e-07,1.87057647e-06,5.015874176e-06,7.891769553e-06,0.001560128911
215.0,3.089138208e-07,1.848065438e-06,4.995447493e-06,7.811271081e-06,0.001872377434
216.0,3.101814824e-07,1.766487371e-06,4.761357617e-06,7.825340736e-06,0.001189689061
217.0,3.110085964e-07,1.684807624e-06,4.573717572e-06,7.849950463e-06,0.000748437274
218.0,3.128787395e-07,1.627461235e-06,4.334739995e-06,7.881253054e-06,0.0005396053942
219.0,3.131451941e-07,1.578505822e-06,4.24746262e-06,7.858855338e-06,0.0004868378074
220.0,3.095176201e-07,1.52649402e-06,4.161588805e-06,7.829013636e-06,0.000473581796
221.0,3.050186183e-07,1.496980363e-06,4.122779988e-06,7.771382541e-06,0.000509140845
222.0,3.062063065e-07,1.492023032e-06,3.988519027e-06,7.719173654e-06,0.0005281527541
223.0,3.091953868e-07,1.483435626e-06,3.953954877e-06,7.626561033e-06,0.0005423676414
224.0,3.087097282e-07,1.450896563e-06,3.846407929e-06,7.551471667e-06,0.0004987819619
225.0,3.041237803e-07,1.420442163e-06,3.751863922e-06,7.459465266e-06,0.0004537386001
226.0,2.975790763e-07,1.400924484e-06,3.66853859e-06,7.481712818e-06,0.00041183797
227.0,2.939382218e-07,1.39945681e-06,3.659820757e-06,7.596257229e-06,0.0003979620664
228.0,2.973113282e-07,1.391131308e-06,3.612088839e-06,7.719653847e-06,0.0003861521663
229.0,3.03748125e-07,1.358229096e-06,3.548396926e-06,7.750478501e-06,0.0003773162389
230.0,3.083590899e-07,1.324776779e-06,3.496513205e-06,7.693368207e-06,0.0003634005806
231.0,3.153805458e-07,1.331620469e-06,3.635309901e-06,7.688241707e-06,0.0003602231485
232.0,3.280626636e-07,1.3614957e-06,3.719041686e-06,7.771638022e-06,0.0003546432314
233.0,3.408631057e-07,1.364370651e-06,3.709509135e-06,7.919439601e-06,0.0003463693135
234.0,3.445311834e-07,1.328981916e-06,3.537852646e-06,8.050800355e-06,0.0003342951624
235.0,3.439360044e-07,1.32035342e-06,3.560597902e-06,8.212250606e-06,0.0003371533044
236.0,3.437034163e-07,1.333989747e-06,3.665971703e-06,8.479216829e-06,0.000328168994
237.0,3.479844736e-07,1.357951036e-06,3.732117979e-06,8.785624533e-06,0.0003200938961
238.0,3.614528437e-07,1.367016926e-06,3.683527387e-06,9.166482134e-06,0.0003108383085
239.0,3.754545488e-07,1.349561725e-06,3.651184158e-06,9.383104586e-06,0.0003069421766
240.0,3.937202507e-07,1.359856592e-06,3.847269679e-06,9.561433636e-06,0.0002987359568
241.0,4.201843656e-07,1.413499946e-06,4.161357144e-06,9.820356761e-06,0.00030325504
242.0,4.414520171e-07,1.451535298e-06,4.312344301e-06,1.011797505e-05,0.0003036200281
243.0,4.509923954e-07,1.440096176e-06,4.179514853e-06,1.045962814e-05,0.000309660288
244.0,4.520226021e-07,1.399212183e-06,4.039822525e-06,1.076616216e-05,0.0003084400486
245.0,4.559697363e-07,1.424510901e-06,4.223608762e-06,1.110584123e-05,0.0003115998861
246.0,4.70258363e-07,1.480491475e-06,4.510782059e-06,1.170858663e-05,0.0003076322188
247.0,4.899040941e-07,1.531287279e-06,4.620392494e-06,1.225914701e-05,0.0003060585357
248.0,5.167475206e-07,1.53160841e-06,4.480723033e-06,1.278395694e-05,0.0003027081981
249.0,5.497248319e-07,1.550545777e-06,4.583757269e-06,1.311327705e-05,0.0003028935286
250.0,5.878897753e-07,1.636253987e-06,5.132048881e-06,1.35724182e-05,0.0003031934022
251.0,6.274357285e-07,1.743597074e-06,5.65933038e-06,1.415616463e-05,0.0003130801811
252.0,6.531269032e-07,1.767062721e-06,5.700613777e-06,1.468031641e-05,0.0003211878964
253.0,6.589442493e-07,1.699811489e-06,5.364745553e-06,1.52952686e-05,0.0003306166331
254.0,6.668239925e-07,1.694509743e-06,5.384520734e-06,1.576687431e-05,0.0003345829738
255.0,6.920243188e-07,1.806701733e-06,5.955544235e-06,1.642515422e-05,0.0003382700595
256.0,7.245733694e-07,1.91489159e-06,6.448885722e-06,1.720835794e-05,0.0003362129046
257.0,7.586646656e-07,1.956694752e-06,6.376599417e-06,1.795710416e-05,0.0003361214794
258.0,8.11998302e-07,1.94205745e-06,6.128657387e-06,1.873373097e-05,0.0003350352981
259.0,8.782749742e-07,2.055715788e-06,6.650214666e-06,1.930045494e-05,0.0003429376291
260.0,9.383282008e-07,2.258046657e-06,7.734052111e-06,2.012954049e-05,0.0003538976375
261.0,9.894813576e-07,2.407983892e-06,8.34196948e-06,2.085662398e-05,0.000370292685
262.0,1.013956468e-06,2.364500485e-06,7.932208047e-06,2.176397581e-05,0.0003804018019
263.0,1.03222402e-06,2.287499847e-06,7.577707535e-06,2.296337864e-05,0.0003963584534
264.0,1.07823374e-06,2.407858215e-06,8.186278278e-06,2.387546964e-05,0.0004074863974
265.0,1.138690753e-06,2.652707744e-06,9.316479673e-06,2.502384865e-05,0.0004162988834
266.0,1.18626474e-06,2.787319204e-06,9.748248918e-06,2.607348655e-05,0.0004119184335
267.0,1.23448769e-06,2.767237769e-06,9.209359152e-06,2.699683152e-05,0.0004091572224
268.0,1.348745965e-06,2.81402852e-06,9.214536155e-06,2.814343884e-05,0.0004166411173
269.0,1.454029039e-06,3.099310898e-06,1.054951382e-05,2.902936019e-05,0.0004403599393
270.0,1.524370395e-06,3.413952068e-06,1.201874311e-05,3.012190767e-05,0.0004620803273
271.0,1.566559739e-06,3.496633369e-06,1.201715922e-05,3.107267286e-05,0.0004816548559
272.0,1.598207281e-06,3.356635587e-06,1.122588265e-05,3.286318405e-05,0.0004994082941
273.0,1.688843402e-06,3.415111456e-06,1.151735953e-05,3.480254277e-05,0.0005280312181
274.0,1.807236408e-06,3.791646231e-06,1.327594238e-05,3.629313306e-05,0.0005476377835
275.0,1.879818738e-06,4.159090932e-06,1.462336102e-05,3.770516117e-05,0.0005461340348
276.0,1.906249447e-06,4.167399722e-06,1.410570203e-05,3.855756608e-05,0.0005276532764
277.0,2.007245081e-06,4.075450248e-06,1.340629443e-05,3.993856834e-05,0.0005309218884
278.0,2.205678335e-06,4.316543018e-06,1.428409228e-05,4.192651081e-05,0.000564844435
279.0,2.323189871e-06,4.821360397e-06,1.647902321e-05,4.316838261e-05,0.0006048001582
280.0,2.356825758e-06,5.140243203e-06,1.737096736e-05,4.376529929e-05,0.0006312555692
281.0,2.344892634e-06,4.96252554e-06,1.621807048e-05,4.434619427e-05,0.0006537048578
282.0,2.451319289e-06,4.857739714e-06,1.595879219e-05,4.674940427e-05,0.0006983258084
283.0,2.668760945e-06,5.242310556e-06,1.767725995e-05,4.95530175e-05,0.0007445001187
284.0,2.798671319e-06,5.861570813e-06,1.996151075e-05,5.111580415e-05,0.000738442187
285.0,2.807257285e-06,6.091755681e-06,1.99853414e-05,5.210893909e-05,0.0006994242471
286.0,2.78697022e-06,5.764587452e-06,1.878560706e-05,5.257191991e-05,0.0006738501827
287.0,3.003496938e-06,5.768442337e-06,1.890019827e-05,5.473282513e-05,0.0007084162083
288.0,3.225004702e-06,6.285595175e-06,2.076950646e-05,5.657866386e-05,0.0007595092788
289.0,3.286773462e-06,6.943713155e-06,2.2463318e-05,5.712154696e-05,0.0007965317973
290.0,3.20931224e-06,6.931659356e-06,2.149030491e-05,5.679824833e-05,0.0008224636342
291.0,3.166771577e-06,6.508879583e-06,2.056578421e-05,5.754318256e-05,0.0008797106898
292.0,3.390587143e-06,6.636060543e-06,2.140876815e-05,6.00341836e-05,0.0009467581945
293.0,3.623290491e-06,7.316958542e-06,2.36345685e-05,6.174620111e-05,0.000947404082
294.0,3.657857879e-06,7.949979911e-06,2.46075403e-05,6.288136206e-05,0.0008798516431
295.0,3.532088447e-06,7.652820538e-06,2.337873472e-05,6.266589917e-05,0.0008214963825
296.0,3.569248933e-06,7.252513798e-06,2.281069856e-05,6.351588203e-05,0.0008251466651
297.0,3.803456253e-06,7.505771962e-06,2.344263094e-05,6.498548239e-05,0.0008761259686
298.0,3.913193817e-06,8.231446347e-06,2.488021998e-05,6.587401725e-05,0.0009114537545
299.0,3.829067836e-06,8.611046888e-06,2.450982058e-05,6.451218927e-05,0.0009627960412
300.0,3.652073317e-06,8.065113083e-06,2.347955576e-05,6.318698703e-05,0.001025844589
301.0,3.702104085e-06,7.835934225e-06,2.334828254e-05,6.365436406e-05,0.001112255596
302.0,3.922734812e-06,8.309293879e-06,2.455840233e-05,6.482195734e-05,0.001108200254
303.0,4.007351169e-06,9.063032002e-06,2.574601583e-05,6.565171943e-05,0.001012206181
304.0,3.882261898e-06,9.029887412e-06,2.507413629e-05,6.500011634e-05,0.0009161573938
305.0,3.753782485e-06,8.452933449e-06,2.41728672e-05,6.522433411e-05,0.0008821393466
306.0,3.868231736e-06,8.451030408e-06,2.40155352e-05,6.609665601e-05,0.0009051617364
307.0,3.991673864e-06,8.971681656e-06,2.46990263e-05,6.71216946e-05,0.0009433480893
308.0,3.942014796e-06,9.465647414e-06,2.454823169e-05,6.587253644e-05,0.0009985374443
309.0,3.726520855e-06,8.997653311e-06,2.360971935e-05,6.313399896e-05,0.001084293415
310.0,3.637187832e-06,8.541575879e-06,2.326306129e-05,6.193327269e-05,0.001171262659
311.0,3.79786934e-06,8.825517141e-06,2.382433377e-05,6.253246297e-05,0.001186353362
312.0,3.888970691e-06,9.38393789e-06,2.471950014e-05,6.302933676e-05,0.001080119849
313.0,3.790020029e-06,9.522206668e-06,2.425028259e-05,6.249938813e-05,0.0009576137912
314.0,3.627681868e-06,8.968181079e-06,2.352231508e-05,6.186478762e-05,0.0008831766756
315.0,3.665406671e-06,8.850447197e-06,2.318262526e-05,6.246791571e-05,0.0008820886877
316.0,3.75268644e-06,9.129583629e-06,2.331219178e-05,6.325590347e-05,0.0009091606829
317.0,3.685931374e-06,9.45854976e-06,2.294142237e-05,6.247223814e-05,0.0009637908687
318.0,3.499679528e-06,9.171426779e-06,2.220442231e-05,5.986871741e-05,0.001048042007
319.0,3.422616604e-06,8.726281013e-06,2.212279237e-05,5.825665949e-05,0.001152472862
320.0,3.543097867e-06,8.830753234e-06,2.254151127e-05,5.818017132e-05,0.001193433389
321.0,3.608490044e-06,9.208127325e-06,2.310424219e-05,5.799614698e-05,0.001100470933
322.0,3.503903462e-06,9.380657894e-06,2.26806102e-05,5.760062875e-05,0.0009567209648
323.0,3.374904989e-06,8.993713242e-06,2.215103655e-05,5.765664415e-05,0.0008587180708
324.0,3.414592058e-06,8.80031134e-06,2.193357802e-05,5.862008798e-05,0.0008344834457
325.0,3.488737005e-06,8.930625656e-06,2.185463993e-05,5.941096371e-05,0.0008528244435
326.0,3.409254867e-06,9.098429705e-06,2.144156637e-05,5.85868206e-05,0.0009006922809
327.0,3.224935951e-06,8.921090332e-06,2.073700273e-05,5.646289803e-05,0.0009832797476
328.0,3.180014451e-06,8.602138449e-06,2.088458391e-05,5.499126796e-05,0.001085214296
329.0,3.327131374e-06,8.637468023e-06,2.143491561e-05,5.522930346e-05,0.00115607888
330.0,3.40185787e-06,8.90229004e-06,2.190102562e-05,5.459970882e-05,0.001089845881
331.0,3.294948193e-06,9.004620558e-06,2.145310531e-05,5.37658525e-05,0.0009499584769
332.0,3.15390565e-06,8.763811458e-06,2.098399645e-05,5.403691917e-05,0.0008350016853
333.0,3.208148622e-06,8.613666631e-06,2.093157372e-05,5.556857493e-05,0.0007978213024
334.0,3.307449855e-06,8.674262169e-06,2.092957165e-05,5.666730143e-05,0.0008090830587
335.0,3.249521527e-06,8.834771738e-06,2.063076412e-05,5.644350298e-05,0.0008486621293
336.0,3.072233345e-06,8.667575761e-06,1.994080434e-05,5.473878052e-05,0.0009156846265
337.0,3.029312881e-06,8.485478163e-06,2.010395354e-05,5.433960196e-05,0.001029481735
338.0,3.194054786e-06,8.512951993e-06,2.07814865e-05,5.490516698e-05,0.00111390737
339.0,3.278922201e-06,8.710269291e-06,2.114370178e-05,5.414759894e-05,0.001070580428
340.0,3.16106517e-06,8.691144466e-06,2.057903712e-05,5.29463499e-05,0.0009398086983
341.0,3.017102507e-06,8.500642535e-06,2.024082738e-05,5.302362552e-05,0.000827867263
342.0,3.051213709e-06,8.459207642e-06,2.020883748e-05,5.396171952e-05,0.0007727327942
343.0,3.17916885e-06,8.481596819e-06,2.019274627e-05,5.497865045e-05,0.0007750534182
344.0,3.135036388e-06,8.579538333e-06,1.994494108e-05,5.506336297e-05,0.0008012076434
345.0,2.974119008e-06,8.394600024e-06,1.940918065e-05,5.407928239e-05,0.0008685796671
346.0,2.935556911e-06,8.347658062e-06,1.960640533e-05,5.399954479e-05,0.0009670613802
347.0,3.082707778e-06,8.402930666e-06,2.017794236e-05,5.516076897e-05,0.001060536566
348.0,3.173055265e-06,8.527199084e-06,2.054587083e-05,5.505768298e-05,0.001038947907
349.0,3.068811485e-06,8.474064043e-06,1.999561738e-05,5.386444508e-05,0.000932079239
350.0,2.90946777e-06,8.17868391e-06,1.956237889e-05,5.327893792e-05,0.0008169684171
351.0,2.919673288e-06,8.241197223e-06,1.963234307e-05,5.332748542e-05,0.0007662828936
352.0,3.043035448e-06,8.325961469e-06,1.965024223e-05,5.380259244e-05,0.0007512157995
353.0,3.030581232e-06,8.384326347e-06,1.937482172e-05,5.34408632e-05,0.0007719248579
354.0,2.887244998e-06,8.172464377e-06,1.890968886e-05,5.286056399e-05,0.000824328116
355.0,2.837633958e-06,8.086644025e-06,1.904726959e-05,5.296454213e-05,0.0009273159766
356.0,2.980898138e-06,8.297449883e-06,1.965554457e-05,5.412732833e-05,0.00101259483
357.0,3.067391278e-06,8.380858391e-06,1.995786689e-05,5.478979048e-05,0.00101271806
358.0,2.977335195e-06,8.301420394e-06,1.943722395e-05,5.406660597e-05,0.0009194842044
359.0,2.826269539e-06,7.93983516e-06,1.897628493e-05,5.322168383e-05,0.0008214377309
360.0,2.813274263e-06,7.93370102e-06,1.901529505e-05,5.283702067e-05,0.0007549304752
361.0,2.910975872e-06,8.083248734e-06,1.905750364e-05,5.272694204e-05,0.0007428440569
362.0,2.914430886e-06,8.181827349e-06,1.880725078e-05,5.232932172e-05,0.0007518777841
363.0,2.796609421e-06,7.977530678e-06,1.840221133e-05,5.16685265e-05,0.0008005903204
364.0,2.747235238e-06,7.838346445e-06,1.852987551e-05,5.146158676e-05,0.0008771128822
365.0,2.881470638e-06,8.054786668e-06,1.907528797e-05,5.252387884e-05,0.000972730563
366.0,2.96754857e-06,8.215093499e-06,1.93556871e-05,5.353527583e-05,0.0009824115933
367.0,2.887325852e-06,8.104532206e-06,1.888205039e-05,5.351476862e-05,0.0009090273547
368.0,2.736273764e-06,7.746311091e-06,1.839298841e-05,5.286478253e-05,0.0008037858346
369.0,2.718108871e-06,7.627735189e-06,1.836159e-05,5.263111711e-05,0.0007490026359
370.0,2.800308181e-06,7.777353775e-06,1.844844026e-05,5.250791347e-05,0.000726803545
371.0,2.791774655e-06,7.897840622e-06,1.821660186e-05,5.182231417e-05,0.0007354230712
372.0,2.694093035e-06,7.730975934e-06,1.779686762e-05,5.084095225e-05,0.0007649979627
373.0,2.647428247e-06,7.58225439e-06,1.795853312e-05,5.037127941e-05,0.0008402599378
374.0,2.767056753e-06,7.72093481e-06,1.842371271e-05,5.101639883e-05,0.0009257435993
375.0,2.856958225e-06,7.939996841e-06,1.868816724e-05,5.190495932e-05,0.0009516133209
376.0,2.797807296e-06,7.851746581e-06,1.827459784e-05,5.240213718e-05,0.0008824742152
377.0,2.655673807e-06,7.504417737e-06,1.782724672e-05,5.245263231e-05,0.0007941547949
378.0,2.634014197e-06,7.37667472e-06,1.782363647e-05,5.243838475e-05,0.0007380901186
379.0,2.730215338e-06,7.477998005e-06,1.801604966e-05,5.276364458e-05,0.0007203439471
380.0,2.726806061e-06,7.643824644e-06,1.785922835e-05,5.194766978e-05,0.0007169381405
381.0,2.61326304e-06,7.488871009e-06,1.731174041e-05,5.06747274e-05,0.0007478808248
382.0,2.568288251e-06,7.35000363e-06,1.740836156e-05,4.989639245e-05,0.0008072979996
383.0,2.681261018e-06,7.472411897e-06,1.795761894e-05,5.006562806e-05,0.0008971755625
384.0,2.779652939e-06,7.707886339e-06,1.825040137e-05,5.055942418e-05,0.0009226463237
385.0,2.726489509e-06,7.699454789e-06,1.786905204e-05,5.087769601e-05,0.0008748040973
386.0,2.597340007e-06,7.358671913e-06,1.741110995e-05,5.128142675e-05,0.00078864205
387.0,2.567042312e-06,7.260951284e-06,1.748602406e-05,5.138647825e-05,0.0007382821314
388.0,2.668571724e-06,7.318665566e-06,1.766466335e-05,5.169113411e-05,0.0007098892306
389.0,2.678833678e-06,7.446581127e-06,1.756507353e-05,5.148363653e-05,0.000711026851
390.0,2.565394413e-06,7.326466678e-06,1.699606065e-05,5.046435891e-05,0.0007295302675
391.0,2.502547099e-06,7.132568441e-06,1.69892596e-05,4.961575941e-05,0.0007890880129
392.0,2.600081247e-06,7.243895452e-06,1.74623987e-05,4.949602591e-05,0.000865842587
393.0,2.702261707e-06,7.442443509e-06,1.780419728e-05,4.947774824e-05,0.0009010462162
394.0,2.663049286e-06,7.539830219e-06,1.749079697e-05,4.931993743e-05,0.0008660329611
395.0,2.541922483e-06,7.214495781e-06,1.704006662e-05,4.948535864e-05,0.0007960798539
396.0,2.504336026e-06,7.104014057e-06,1.706373786e-05,4.982078488e-05,0.0007344463615
397.0,2.602321097e-06,7.210351125e-06,1.737087818e-05,5.034065109e-05,0.0007096927681
398.0,2.640015247e-06,7.302903078e-06,1.736351942e-05,5.027772e-05,0.000704957133
399.0,2.538596312e-06,7.208944699e-06,1.686346235e-05,5.004080998e-05,0.0007299882768
400.0,2.4536523e-06,6.969037639e-06,1.670541346e-05,4.913278026e-05,0.0007786004286
401.0,2.538087149e-06,7.046924692e-06,1.714558027e-05,4.894066382e-05,0.0008537079547
402.0,2.64222191e-06,7.252720347e-06,1.748639591e-05,4.870926858e-05,0.0008928024442
403.0,2.607381227e-06,7.377530123e-06,1.723055872e-05,4.81361888e-05,0.0008628041684
404.0,2.482642891e-06,7.08334035e-06,1.671617898e-05,4.824659359e-05,0.0007881189212
405.0,2.446980301e-06,6.963435005e-06,1.673590692e-05,4.848490169e-05,0.0007335852453
406.0,2.543172008e-06,7.091524324e-06,1.705054126e-05,4.881740951e-05,0.0007086252383
407.0,2.59340491e-06,7.229429396e-06,1.719486583e-05,4.866605299e-05,0.000706518822
408.0,2.511870576e-06,7.092699021e-06,1.667745196e-05,4.83333486e-05,0.0007179992698
409.0,2.411728617e-06,6.825941192e-06,1.641422861e-05,4.799698819e-05,0.0007609548769
410.0,2.475593803e-06,6.845277483e-06,1.671514853e-05,4.792627229e-05,0.0008326334956
411.0,2.581627197e-06,7.036575966e-06,1.711502197e-05,4.783481387e-05,0.0008763222515
412.0,2.559844677e-06,7.176816966e-06,1.692118465e-05,4.732028116e-05,0.0008439509625
413.0,2.442172966e-06,6.948420852e-06,1.642718405e-05,4.730780613e-05,0.0007804922343
414.0,2.398709031e-06,6.78070186e-06,1.639349525e-05,4.735560426e-05,0.0007271762764
415.0,2.488012077e-06,6.920118727e-06,1.677124724e-05,4.756138282e-05,0.0007043643407
416.0,2.536496215e-06,7.092658515e-06,1.688537237e-05,4.7137928e-05,0.0006901109091
417.0,2.470379876e-06,7.005093175e-06,1.639320728e-05,4.676915691e-05,0.0007038698143
418.0,2.376547798e-06,6.712937727e-06,1.61696564e-05,4.645220628e-05,0.0007413487719
419.0,2.422451495e-06,6.704623431e-06,1.643797604e-05,4.634766145e-05,0.0008116759076
420.0,2.527764947e-06,6.840081318e-06,1.674213859e-05,4.644050801e-05,0.0008484732235
421.0,2.519230437e-06,6.972842158e-06,1.661476871e-05,4.617423462e-05,0.0008286761346
422.0,2.393640376e-06,6.776241662e-06,1.604521305e-05,4.601795145e-05,0.0007634602872
423.0,2.3485653e-06,6.609027405e-06,1.599224258e-05,4.610477029e-05,0.0007152914482
424.0,2.437060116e-06,6.704099008e-06,1.63612744e-05,4.655544428e-05,0.0006878480791
425.0,2.495400217e-06,6.903495194e-06,1.665574469e-05,4.62661282e-05,0.0006836315035
426.0,2.436342201e-06,6.906979916e-06,1.621813925e-05,4.534107423e-05,0.0006936966377
427.0,2.339294832e-06,6.619040974e-06,1.594782874e-05,4.478752471e-05,0.000728186972
428.0,2.366796567e-06,6.585473081e-06,1.616973916e-05,4.477717808e-05,0.0007842269714
429.0,2.486365406e-06,6.733765394e-06,1.650534864e-05,4.508345854e-05,0.0008313433716
430.0,2.488324327e-06,6.847855399e-06,1.639914333e-05,4.501965384e-05,0.0008169747836
431.0,2.36655103e-06,6.66065637e-06,1.584141605e-05,4.508066176e-05,0.0007579683066
432.0,2.306605332e-06,6.474217813e-06,1.571953992e-05,4.498176064e-05,0.0007034490607
433.0,2.388455402e-06,6.548925972e-06,1.603699991e-05,4.548018747e-05,0.0006845817778
434.0,2.466246444e-06,6.774303148e-06,1.647764276e-05,4.52561499e-05,0.0006778218283
435.0,2.418678674e-06,6.862385366e-06,1.615989732e-05,4.422300257e-05,0.0006860256939
436.0,2.323298432e-06,6.581850323e-06,1.578508393e-05,4.346764633e-05,0.0007096716355
437.0,2.339491501e-06,6.518830122e-06,1.601094494e-05,4.360176317e-05,0.0007746590623
438.0,2.447129848e-06,6.645893545e-06,1.627713145e-05,4.394273736e-05,0.0008273272546
439.0,2.46468702e-06,6.792238779e-06,1.627183326e-05,4.394092685e-05,0.0008166234429
440.0,2.357134978e-06,6.60973347e-06,1.572124015e-05,4.37026399e-05,0.0007555378692
441.0,2.274553619e-06,6.398760382e-06,1.553691115e-05,4.383450022e-05,0.0007082106967
442.0,2.348778529e-06,6.44419115e-06,1.579449216e-05,4.43983216e-05,0.0006835848725
443.0,2.434255461e-06,6.632478347e-06,1.623177271e-05,4.421592338e-05,0.0006764647133
444.0,2.396885569e-06,6.759122284e-06,1.599231767e-05,4.30962819e-05,0.0006745109277
445.0,2.294187895e-06,6.507147069e-06,1.557887212e-05,4.193873718e-05,0.0007056992366
446.0,2.29433928e-06,6.415932905e-06,1.573755409e-05,4.19737753e-05,0.0007663447854
447.0,2.413935947e-06,6.553822897e-06,1.614793757e-05,4.223500664e-05,0.0008161725115
448.0,2.435632362e-06,6.68583382e-06,1.60830934e-05,4.229021602e-05,0.0008073631024
449.0,2.34660227e-06,6.567914351e-06,1.560049393e-05,4.202739046e-05,0.0007575094139
450.0,2.253287919e-06,6.317096183e-06,1.534639403e-05,4.212639856e-05,0.0007071100332
451.0,2.303343446e-06,6.344363687e-06,1.554810558e-05,4.286599625e-05,0.0006799452123
452.0,2.394081928e-06,6.49539e-06,1.590156456e-05,4.282070695e-05,0.000665380831
453.0,2.368528822e-06,6.634289226e-06,1.576442381e-05,4.213551377e-05,0.0006735420569
454.0,2.264692853e-06,6.433693095e-06,1.531712518e-05,4.087644329e-05,0.0006947863703
455.0,2.255664072e-06,6.313454215e-06,1.546461685e-05,4.057125775e-05,0.0007467090859
456.0,2.368745522e-06,6.40836325e-06,1.58595632e-05,4.073505215e-05,0.0007938193132
457.0,2.405768113e-06,6.586357183e-06,1.597689818e-05,4.059485744e-05,0.0008010755443
458.0,2.32262462e-06,6.51564614e-06,1.546197592e-05,4.015232556e-05,0.0007537930798
459.0,2.233960263e-06,6.264244786e-06,1.521885941e-05,4.035083801e-05,0.000699787588
460.0,2.270385813e-06,6.25143801e-06,1.534790534e-05,4.108467499e-05,0.0006704602648
461.0,2.376446716e-06,6.4276764e-06,1.569845116e-05,4.133851844e-05,0.0006641423009
462.0,2.358834014e-06,6.549710147e-06,1.560954356e-05,4.082144297e-05,0.0006662191704
463.0,2.248155971e-06,6.357921733e-06,1.516449353e-05,3.968410654e-05,0.0006843743548
464.0,2.216008731e-06,6.200559366e-06,1.517616724e-05,3.926895018e-05,0.000726686264
465.0,2.327270022e-06,6.277340225e-06,1.55399777e-05,3.9651644e-05,0.0007854516159
466.0,2.381728347e-06,6.469452699e-06,1.582578379e-05,3.966658019e-05,0.000790899592
467.0,2.310509515e-06,6.464181795e-06,1.54332596e-05,3.90534632e-05,0.0007472347163
468.0,2.212463265e-06,6.19296368e-06,1.505667173e-05,3.87279777e-05,0.0006903069844
469.0,2.238546823e-06,6.169154424e-06,1.51783196e-05,3.953177926e-05,0.0006680182985
470.0,2.347522882e-06,6.350095767e-06,1.550738737e-05,3.995813018e-05,0.000657592108
471.0,2.344494535e-06,6.490594603e-06,1.548695778e-05,3.942799539e-05,0.0006598331615
472.0,2.247793285e-06,6.306893698e-06,1.503925211e-05,3.855511208e-05,0.0006713652654
473.0,2.205516035e-06,6.153398794e-06,1.508147107e-05,3.821441732e-05,0.0007209279942
474.0,2.30622289e-06,6.227670938e-06,1.542053782e-05,3.86838216e-05,0.0007710939998
475.0,2.371007252e-06,6.393048182e-06,1.571700973e-05,3.878423133e-05,0.0007809833298
476.0,2.306687641e-06,6.425379294e-06,1.535705767e-05,3.829460628e-05,0.0007426992508
477.0,2.207983218e-06,6.182551315e-06,1.500643562e-05,3.796078578e-05,0.0006919127114
478.0,2.2220795e-06,6.109084273e-06,1.507193913e-05,3.825022728e-05,0.0006601978033
479.0,2.32165357e-06,6.230104098e-06,1.53076076e-05,3.891851387e-05,0.0006544695378
480.0,2.326406845e-06,6.414365526e-06,1.534744157e-05,3.844790046e-05,0.0006529650224
481.0,2.244366648e-06,6.298797198e-06,1.495571778e-05,3.754896717e-05,0.0006664765348
482.0,2.185114224e-06,6.098389141e-06,1.491100613e-05,3.736141794e-05,0.0007034446068
483.0,2.27257384e-06,6.155576702e-06,1.524325373e-05,3.788642949e-05,0.0007637338443
484.0,2.353275529e-06,6.332390454e-06,1.55577882e-05,3.80708155e-05,0.0007782303468
485.0,2.296547591e-06,6.363859817e-06,1.523718578e-05,3.778976266e-05,0.0007419377772
486.0,2.189398297e-06,6.127822959e-06,1.483155137e-05,3.748496716e-05,0.000684929573
487.0,2.193788917e-06,6.04685572e-06,1.489593484e-05,3.777280981e-05,0.0006574607267
488.0,2.301958464e-06,6.156191509e-06,1.515695667e-05,3.816367549e-05,0.0006474134089
489.0,2.318832475e-06,6.348169189e-06,1.530760762e-05,3.794942496e-05,0.0006458850733
490.0,2.232519131e-06,6.26463904e-06,1.484595103e-05,3.686198601e-05,0.0006538805837
491.0,2.171572572e-06,6.061755982e-06,1.475842215e-05,3.644559967e-05,0.0006931892658
492.0,2.247423774e-06,6.117335866e-06,1.511014687e-05,3.71183242e-05,0.0007472307842
493.0,2.335189387e-06,6.292071164e-06,1.544720372e-05,3.750904567e-05,0.0007675387885
494.0,2.292435035e-06,6.346436315e-06,1.517287795e-05,3.720669946e-05,0.0007326477063
495.0,2.186363536e-06,6.112177393e-06,1.475906203e-05,3.703255684e-05,0.0006841914367
496.0,2.172552495e-06,6.004894334e-06,1.473452101e-05,3.739614386e-05,0.0006501083264
497.0,2.28501496e-06,6.121465994e-06,1.50348542e-05,3.782374461e-05,0.0006414204291
498.0,2.31722606e-06,6.307837009e-06,1.52458814e-05,3.753030358e-05,0.0006366607253
499.0,2.238096112e-06,6.27605806e-06,1.485560301e-05,3.651851989e-05,0.0006484555464
500.0,2.169129663e-06,6.06502946e-06,1.472703613e-05,3.579449021e-05,0.0006808018408
501.0,2.228749854e-06,6.089643742e-06,1.502974629e-05,3.63618808e-05,0.0007388155135
502.0,2.322406825e-06,6.259783651e-06,1.538126263e-05,3.684390531e-05,0.0007638128091
503.0,2.296533063e-06,6.370844038e-06,1.524107072e-05,3.664470749e-05,0.0007363486035
504.0,2.186217067e-06,6.121077281e-06,1.472441433e-05,3.628414469e-05,0.0006802567211
505.0,2.15695528e-06,5.980533134e-06,1.468118089e-05,3.673197694e-05,0.0006503011459
506.0,2.264538368e-06,6.087373922e-06,1.494722479e-05,3.719901224e-05,0.0006408158824
507.0,2.30463434e-06,6.262850481e-06,1.519435763e-05,3.701742321e-05,0.0006349873198
508.0,2.233635901e-06,6.248198433e-06,1.478981508e-05,3.603521183e-05,0.0006374450447
509.0,2.157295086e-06,6.048607178e-06,1.462801744e-05,3.534993965e-05,0.0006734236029
510.0,2.213647417e-06,6.042195564e-06,1.490753965e-05,3.571824928e-05,0.0007267179656
511.0,2.31319916e-06,6.186512647e-06,1.527907474e-05,3.642061692e-05,0.0007536723237
512.0,2.295251837e-06,6.322566092e-06,1.517594495e-05,3.636610549e-05,0.0007235991452
513.0,2.191498217e-06,6.119885378e-06,1.47274087e-05,3.585503463e-05,0.0006788321235
514.0,2.145882714e-06,5.964310094e-06,1.464184796e-05,3.607096948e-05,0.0006440017874
515.0,2.247785172e-06,6.041969507e-06,1.489397405e-05,3.667245109e-05,0.0006322671128
516.0,2.295371718e-06,6.207636959e-06,1.508272621e-05,3.648019681e-05,0.0006256033212
517.0,2.232591398e-06,6.226946822e-06,1.472858708e-05,3.567625669e-05,0.0006329500135
518.0,2.142285944e-06,6.009891967e-06,1.447367908e-05,3.502007631e-05,0.0006565678855
519.0,2.189604061e-06,6.005578866e-06,1.478918104e-05,3.534036446e-05,0.0007113693861
520.0,2.30829301e-06,6.142180672e-06,1.518957944e-05,3.576298884e-05,0.000741797705
521.0,2.300382651e-06,6.297425915e-06,1.518653665e-05,3.567912212e-05,0.000722699646
522.0,2.192499262e-06,6.125058439e-06,1.467918842e-05,3.52346855e-05,0.0006738717719
523.0,2.147473637e-06,5.961104675e-06,1.46044007e-05,3.524900971e-05,0.0006384455744
524.0,2.230785809e-06,6.01750344e-06,1.480578192e-05,3.608179715e-05,0.0006228117452
525.0,2.293269696e-06,6.174895071e-06,1.502246124e-05,3.631425803e-05,0.0006198107266
526.0,2.236609798e-06,6.224952059e-06,1.469013627e-05,3.544857479e-05,0.0006212684258
527.0,2.144638287e-06,6.001560702e-06,1.440050026e-05,3.460751239e-05,0.0006464404902
528.0,2.165789193e-06,5.976099374e-06,1.46252094e-05,3.457182889e-05,0.0006943807312
529.0,2.288433048e-06,6.124053572e-06,1.505787853e-05,3.510543067e-05,0.0007297640379
530.0,2.294518213e-06,6.270358292e-06,1.510351668e-05,3.515939702e-05,0.0007123117183
531.0,2.195548943e-06,6.132605128e-06,1.463591872e-05,3.478722106e-05,0.0006695382053
532.0,2.132725203e-06,5.934624329e-06,1.445908598e-05,3.478826779e-05,0.0006295393095
533.0,2.212094202e-06,5.98298278e-06,1.468209822e-05,3.560182629e-05,0.0006188267755
534.0,2.285302874e-06,6.157532089e-06,1.49634913e-05,3.595737659e-05,0.000610433459
535.0,2.246045291e-06,6.230516132e-06,1.473114065e-05,3.535496552e-05,0.0006161115959
536.0,2.15162436e-06,6.019125449e-06,1.439335643e-05,3.427338964e-05,0.0006354289691
537.0,2.157687874e-06,5.961102323e-06,1.458029451e-05,3.436600848e-05,0.0006839017815
538.0,2.274323049e-06,6.108781615e-06,1.497887635e-05,3.507626155e-05,0.00071943507
539.0,2.293049285e-06,6.270996566e-06,1.507377235e-05,3.518143224e-05,0.0007091685535
540.0,2.198907137e-06,6.140756326e-06,1.459284306e-05,3.477545656e-05,0.0006632549006
541.0,2.125296279e-06,5.928365609e-06,1.440469882e-05,3.483141494e-05,0.0006251211977
542.0,2.196785229e-06,5.959178801e-06,1.462658336e-05,3.523035286e-05,0.0006113700805
543.0,2.277091392e-06,6.122251732e-06,1.492773424e-05,3.553687111e-05,0.0006084981736
544.0,2.242237476e-06,6.239880969e-06,1.471923598e-05,3.509949563e-05,0.0006066084074
545.0,2.141564495e-06,6.021531062e-06,1.43040397e-05,3.404567616e-05,0.0006240520735
546.0,2.14416263e-06,5.942589565e-06,1.44507634e-05,3.401754447e-05,0.000666460087
547.0,2.260916209e-06,6.063651868e-06,1.485718321e-05,3.491182909e-05,0.0007058257712
548.0,2.292884723e-06,6.230209288e-06,1.503584311e-05,3.516268933e-05,0.000700657759
549.0,2.204255423e-06,6.144169467e-06,1.458126163e-05,3.464262494e-05,0.0006595158376
550.0,2.130175642e-06,5.915520691e-06,1.437455384e-05,3.454950536e-05,0.0006193613863
551.0,2.18391648e-06,5.933051007e-06,1.454866393e-05,3.511794931e-05,0.0006034465388
552.0,2.276717472e-06,6.085360574e-06,1.482452094e-05,3.541718206e-05,0.0005973264158
553.0,2.255196418e-06,6.216855482e-06,1.470589946e-05,3.502823063e-05,0.000601645193
554.0,2.156566866e-06,6.044393987e-06,1.433323645e-05,3.394212901e-05,0.0006169437525
555.0,2.138031615e-06,5.937981707e-06,1.443821891e-05,3.374874251e-05,0.0006601024649
556.0,2.255628722e-06,6.058897806e-06,1.483375826e-05,3.448718106e-05,0.0006999912373
557.0,2.298897862e-06,6.232977999e-06,1.505263411e-05,3.477806397e-05,0.0007009312394
558.0,2.226760025e-06,6.193104769e-06,1.464386968e-05,3.453245155e-05,0.0006598327725
559.0,2.135156431e-06,5.940507591e-06,1.436020285e-05,3.432375921e-05,0.0006194165822
560.0,2.174703273e-06,5.937163156e-06,1.45342821e-05,3.495630406e-05,0.0006000526865
561.0,2.277100816e-06,6.104360676e-06,1.482053299e-05,3.560458685e-05,0.0005964815816
562.0,2.268018981e-06,6.246387366e-06,1.474641113e-05,3.537120546e-05,0.0005938156436
563.0,2.165897442e-06,6.054767575e-06,1.430407802e-05,3.431307972e-05,0.0006099633051
564.0,2.134955153e-06,5.93521092e-06,1.437298208e-05,3.404552366e-05,0.0006454032195
565.0,2.244310579e-06,6.051914418e-06,1.477921961e-05,3.450898509e-05,0.0006918366202
566.0,2.298647202e-06,6.234370984e-06,1.506823137e-05,3.471270928e-05,0.0006951769185
567.0,2.233012801e-06,6.219568178e-06,1.469404533e-05,3.423068962e-05,0.00065987268
568.0,2.139175423e-06,5.966782318e-06,1.435553289e-05,3.406614367e-05,0.0006139441918
569.0,2.164595986e-06,5.923060194e-06,1.445934878e-05,3.47793461e-05,0.0005961590461
570.0,2.265627956e-06,6.070142839e-06,1.476259565e-05,3.539151348e-05,0.0005885871182
571.0,2.267281898e-06,6.243410716e-06,1.475623422e-05,3.506818137e-05,0.0005914054551
572.0,2.179187994e-06,6.115834646e-06,1.434790905e-05,3.420364889e-05,0.000601091092
573.0,2.133077003e-06,5.948625563e-06,1.435021121e-05,3.405095856e-05,0.000636592832
574.0,2.234172377e-06,6.040549573e-06,1.473652216e-05,3.438800334e-05,0.0006825028777
575.0,2.296265012e-06,6.220587394e-06,1.501796007e-05,3.455779495e-05,0.0006921309334
576.0,2.228932478e-06,6.216361217e-06,1.465997075e-05,3.434947211e-05,0.0006579917929
577.0,2.133084222e-06,5.981418765e-06,1.430923582e-05,3.410032969e-05,0.000612219713
578.0,2.148989359e-06,5.914131378e-06,1.437238663e-05,3.450035081e-05,0.0005905579722
579.0,2.25782436e-06,6.037198229e-06,1.467483811e-05,3.511024693e-05,0.0005869072722
580.0,2.267064231e-06,6.223305746e-06,1.47621047e-05,3.489410506e-05,0.0005839894892
581.0,2.178399337e-06,6.124430012e-06,1.43401424e-05,3.373969632e-05,0.0005976973395
582.0,2.129036012e-06,5.952239995e-06,1.432963214e-05,3.356668763e-05,0.0006282855109
583.0,2.218832409e-06,6.021531127e-06,1.469436998e-05,3.435057461e-05,0.000676852793
584.0,2.294866167e-06,6.187538387e-06,1.495764232e-05,3.470725159e-05,0.0006836712164
585.0,2.250591878e-06,6.253896552e-06,1.471711211e-05,3.462365699e-05,0.0006553607434
586.0,2.13729791e-06,5.985497175e-06,1.429254876e-05,3.441931479e-05,0.0006105875457
587.0,2.133403332e-06,5.909665183e-06,1.435810037e-05,3.470360211e-05,0.000591110336
588.0,2.253186221e-06,6.04725836e-06,1.466536032e-05,3.511594202e-05,0.0005840542349
589.0,2.265578578e-06,6.21339485e-06,1.476996313e-05,3.477547985e-05,0.0005854011595
590.0,2.180140561e-06,6.162105883e-06,1.436638313e-05,3.378976271e-05,0.0005918209517
591.0,2.122750934e-06,5.980398509e-06,1.430938141e-05,3.322866578e-05,0.0006259923529
592.0,2.212063175e-06,6.043391432e-06,1.470973294e-05,3.375548753e-05,0.0006707009387
593.0,2.300225994e-06,6.192939186e-06,1.505119272e-05,3.42970165e-05,0.0006895245528
594.0,2.258416398e-06,6.27781363e-06,1.482766529e-05,3.411390772e-05,0.0006610644705
595.0,2.155312413e-06,6.046188519e-06,1.440870312e-05,3.416987468e-05,0.0006168451457
596.0,2.132587308e-06,5.932952917e-06,1.441373984e-05,3.468853274e-05,0.000592937708
597.0,2.235427476e-06,6.025190231e-06,1.462437034e-05,3.529940653e-05,0.000587944286
598.0,2.271857261e-06,6.219563857e-06,1.475517902e-05,3.517490572e-05,0.0005835886848
599.0,2.195580798e-06,6.180992691e-06,1.43952079e-05,3.434853554e-05,0.0005940222524
600.0,2.116653222e-06,5.979931425e-06,1.427477304e-05,3.374629658e-05,0.0006203498151
601.0,2.187734079e-06,6.009197808e-06,1.461768712e-05,3.38080938e-05,0.0006693648308
602.0,2.289053308e-06,6.178927322e-06,1.502522854e-05,3.414856525e-05,0.0006877880319
603.0,2.263687459e-06,6.289330774e-06,1.491737591e-05,3.385307908e-05,0.0006664276477
604.0,2.155457233e-06,6.076302142e-06,1.444287511e-05,3.359094818e-05,0.0006225081426
605.0,2.129783137e-06,5.949405294e-06,1.440001723e-05,3.410852037e-05,0.0005952042428
606.0,2.224495649e-06,6.036376414e-06,1.465031742e-05,3.496285208e-05,0.0005855530208
607.0,2.269193816e-06,6.21094131e-06,1.47900936e-05,3.500835089e-05,0.0005873296621
608.0,2.20445484e-06,6.206648234e-06,1.440569043e-05,3.441837338e-05,0.0005927432771
609.0,2.121831248e-06,5.97591654e-06,1.424351752e-05,3.388118318e-05,0.000621463111
610.0,2.169168238e-06,6.015652401e-06,1.460109791e-05,3.397063246e-05,0.0006647340159
611.0,2.274545052e-06,6.161395288e-06,1.49462215e-05,3.420374148e-05,0.0006900904896
612.0,2.252132694e-06,6.276549041e-06,1.484961377e-05,3.400402166e-05,0.0006685493983
613.0,2.144633643e-06,6.065294708e-06,1.438469552e-05,3.357985466e-05,0.0006245682986
614.0,2.111599717e-06,5.917424958e-06,1.43227184e-05,3.383296814e-05,0.0005950897992
615.0,2.211373804e-06,6.004201818e-06,1.458760896e-05,3.455492307e-05,0.0005883255863
616.0,2.262216625e-06,6.179326881e-06,1.481035106e-05,3.462532987e-05,0.0005834625906
617.0,2.208608044e-06,6.210755959e-06,1.447529264e-05,3.387653038e-05,0.0005933339904
618.0,2.133289608e-06,6.017709836e-06,1.429969157e-05,3.330519613e-05,0.0006148230184
619.0,2.162208692e-06,6.001982197e-06,1.458221227e-05,3.389103088e-05,0.000662656368
620.0,2.267069304e-06,6.154622745e-06,1.49224614e-05,3.435084445e-05,0.0006882272113
621.0,2.259934601e-06,6.296888071e-06,1.485168555e-05,3.431445756e-05,0.0006731890032
622.0,2.151743205e-06,6.089253714e-06,1.440883352e-05,3.403464904e-05,0.0006290930017
623.0,2.09470358e-06,5.900710143e-06,1.428101692e-05,3.397529553e-05,0.0005979936182
624.0,2.192094321e-06,5.9651149e-06,1.452194417e-05,3.419695871e-05,0.0005870660334
625.0,2.248976958e-06,6.126526103e-06,1.476742161e-05,3.407773157e-05,0.0005867669901
626.0,2.197724916e-06,6.194001246e-06,1.447028827e-05,3.315613078e-05,0.0005893650978
627.0,2.118055265e-06,6.008899439e-06,1.424502866e-05,3.22270975e-05,0.0006138256169
628.0,2.14781668e-06,5.985416755e-06,1.450896108e-05,3.284792521e-05,0.0006569699291
629.0,2.260770561e-06,6.132078345e-06,1.492399044e-05,3.365767369e-05,0.0006924505784
630.0,2.266182061e-06,6.278221727e-06,1.49306751e-05,3.385961645e-05,0.0006785039924
631.0,2.166190566e-06,6.104416628e-06,1.444800442e-05,3.369848809e-05,0.0006346923701
632.0,2.096779374e-06,5.897777659e-06,1.430180123e-05,3.400157483e-05,0.0005989927383
633.0,2.169486223e-06,5.94300943e-06,1.446337907e-05,3.451187094e-05,0.000590536343
634.0,2.243605571e-06,6.120812849e-06,1.472923088e-05,3.454674447e-05,0.0005845138648
635.0,2.189939531e-06,6.176670234e-06,1.445142872e-05,3.386527782e-05,0.0005929389865
636.0,2.097975733e-06,5.990640695e-06,1.417646272e-05,3.27608966e-05,0.0006083551114
637.0,2.122117381e-06,5.959350528e-06,1.438802184e-05,3.255730934e-05,0.0006547572298
638.0,2.242472223e-06,6.100920835e-06,1.484270465e-05,3.30416405e-05,0.0006856523142
639.0,2.259932033e-06,6.26719319e-06,1.496962765e-05,3.305043981e-05,0.0006807344312
640.0,2.168397419e-06,6.135702533e-06,1.450618249e-05,3.279342901e-05,0.0006389608713
641.0,2.106229973e-06,5.919627252e-06,1.436203105e-05,3.329244596e-05,0.0006045667933
642.0,2.1636592e-06,5.963149278e-06,1.455448405e-05,3.410290537e-05,0.0005901341783
643.0,2.23266999e-06,6.095497357e-06,1.468930276e-05,3.434906903e-05,0.0005882835743
644.0,2.201324512e-06,6.194072317e-06,1.448650981e-05,3.398505232e-05,0.0005890624674
645.0,2.103152434e-06,5.982465597e-06,1.415870024e-05,3.319837421e-05,0.0006088838366
646.0,2.098247071e-06,5.927044895e-06,1.432215981e-05,3.26024338e-05,0.0006489649272
647.0,2.219051137e-06,6.060737354e-06,1.476142601e-05,3.26673428e-05,0.0006882773527
648.0,2.243011666e-06,6.236502139e-06,1.494909209e-05,3.235864012e-05,0.0006815004695
649.0,2.150488734e-06,6.143334514e-06,1.446663957e-05,3.203990063e-05,0.0006411701125
650.0,2.081100824e-06,5.924328587e-06,1.425658337e-05,3.231038841e-05,0.0006022307511
651.0,2.149288263e-06,5.949882421e-06,1.448431513e-05,3.344381675e-05,0.0005913868736
652.0,2.230322046e-06,6.084638185e-06,1.472662792e-05,3.398455199e-05,0.0005842324652
653.0,2.20592015e-06,6.187115618e-06,1.45463533e-05,3.343793372e-05,0.0005903583831
654.0,2.114953775e-06,6.004306773e-06,1.420890008e-05,3.282039682e-05,0.0006054298807
655.0,2.097572255e-06,5.918546215e-06,1.432747838e-05,3.288370263e-05,0.0006466910977
656.0,2.210100759e-06,6.048671228e-06,1.472712974e-05,3.332723933e-05,0.0006846351753
657.0,2.240974311e-06,6.218505651e-06,1.489821319e-05,3.33519126e-05,0.0006849170496
658.0,2.147329695e-06,6.130046064e-06,1.440936127e-05,3.287993459e-05,0.0006438413954
659.0,2.060440414e-06,5.89973621e-06,1.416180595e-05,3.251276491e-05,0.0006041881399
660.0,2.117554309e-06,5.90108861e-06,1.435795138e-05,3.280476679e-05,0.0005870668587
661.0,2.218541318e-06,6.03094763e-06,1.468320036e-05,3.304063989e-05,0.0005864241679
662.0,2.20355122e-06,6.163037059e-06,1.459454513e-05,3.258450785e-05,0.0005845232872
663.0,2.11512668e-06,6.007422998e-06,1.424381684e-05,3.186102832e-05,0.0006028720971
664.0,2.095912417e-06,5.906286834e-06,1.434880199e-05,3.210206203e-05,0.0006393724263
665.0,2.198159534e-06,6.017131729e-06,1.469029656e-05,3.286515604e-05,0.000682348153
666.0,2.241239874e-06,6.170603582e-06,1.484844406e-05,3.331038433e-05,0.000683168737
667.0,2.165331756e-06,6.126189e-06,1.446737391e-05,3.296947412e-05,0.0006501208954
668.0,2.067107962e-06,5.870366252e-06,1.415869978e-05,3.263677174e-05,0.0006069140879
669.0,2.089769333e-06,5.86914418e-06,1.428179277e-05,3.270427286e-05,0.0005900766367
670.0,2.190519544e-06,5.992863848e-06,1.459054545e-05,3.267935849e-05,0.0005821835239
671.0,2.192901465e-06,6.159344667e-06,1.459130834e-05,3.205709956e-05,0.000588453693
672.0,2.10100468e-06,6.006362465e-06,1.419786867e-05,3.128674039e-05,0.0005982729881
673.0,2.070196137e-06,5.860793732e-06,1.421377211e-05,3.122134805e-05,0.0006364400076
674.0,2.178895551e-06,5.974750068e-06,1.462463063e-05,3.204497738e-05,0.0006772184954
675.0,2.240599771e-06,6.144343477e-06,1.490454972e-05,3.243700305e-05,0.0006860677306
676.0,2.177435675e-06,6.146201579e-06,1.4559433e-05,3.221493854e-05,0.0006538854471
677.0,2.075951784e-06,5.876116761e-06,1.421284634e-05,3.214876706e-05,0.0006124272215
678.0,2.082640785e-06,5.842874222e-06,1.431327309e-05,3.267658852e-05,0.0005937526695
679.0,2.176067463e-06,5.977753011e-06,1.455043212e-05,3.302205133e-05,0.0005892614479
680.0,2.181210853e-06,6.152002715e-06,1.454955878e-05,3.265877756e-05,0.0005879212354
681.0,2.097857703e-06,6.01264015e-06,1.414818403e-05,3.170335253e-05,0.000601801772
682.0,2.05253499e-06,5.84631053e-06,1.416431347e-05,3.112866705e-05,0.0006327678701
683.0,2.156051171e-06,5.941816919e-06,1.456366446e-05,3.124500174e-05,0.000680339434
684.0,2.220120992e-06,6.101777553e-06,1.488915626e-05,3.130072709e-05,0.0006905210028
685.0,2.17000644e-06,6.152308002e-06,1.459776312e-05,3.116496584e-05,0.0006602561046
686.0,2.073692094e-06,5.899582308e-06,1.426801228e-05,3.102232418e-05,0.0006161996608
687.0,2.082594233e-06,5.838765225e-06,1.434011299e-05,3.198093635e-05,0.0005973222149
688.0,2.182624666e-06,5.96063012e-06,1.457170848e-05,3.277254307e-05,0.0005907303593
689.0,2.197616582e-06,6.131711926e-06,1.463245019e-05,3.263364678e-05,0.0005921097762
690.0,2.114386468e-06,6.016407923e-06,1.423590394e-05,3.165501778e-05,0.0006004883512
691.0,2.058590123e-06,5.845286235e-06,1.419806645e-05,3.126374379e-05,0.0006375383178
692.0,2.135382478e-06,5.911061392e-06,1.455108158e-05,3.131769725e-05,0.0006832684243
693.0,2.210984605e-06,6.072698976e-06,1.487246072e-05,3.136269293e-05,0.0006971904942
694.0,2.161834002e-06,6.124201737e-06,1.459100757e-05,3.103610622e-05,0.0006631412293
695.0,2.061751952e-06,5.896478505e-06,1.419448779e-05,3.07602554e-05,0.0006237224733
696.0,2.059937403e-06,5.812931398e-06,1.427546686e-05,3.116241606e-05,0.000597774437
697.0,2.172464864e-06,5.929754893e-06,1.456847087e-05,3.188152557e-05,0.0005932318338
698.0,2.201703395e-06,6.101068864e-06,1.469762542e-05,3.171140234e-05,0.0005894284327
699.0,2.125382139e-06,6.035823013e-06,1.429145334e-05,3.081210681e-05,0.0006043446787
700.0,2.06142503e-06,5.845894038e-06,1.422165121e-05,3.045398967e-05,0.0006331090387
701.0,2.127294471e-06,5.903823656e-06,1.45325392e-05,3.110065028e-05,0.0006809020442
702.0,2.204777681e-06,6.043867926e-06,1.480062348e-05,3.150659467e-05,0.000696236971
703.0,2.16374609e-06,6.115279557e-06,1.458889574e-05,3.12997733e-05,0.0006724803876
704.0,2.060013824e-06,5.883453126e-06,1.416898214e-05,3.090133493e-05,0.0006277338367
705.0,2.045042658e-06,5.784693191e-06,1.419887027e-05,3.094607863e-05,0.0006018003601
706.0,2.151723276e-06,5.875310582e-06,1.44849892e-05,3.127298778e-05,0.0005915070608
707.0,2.186078161e-06,6.062378791e-06,1.468432733e-05,3.097786951e-05,0.0005936435126
708.0,2.120774477e-06,6.047266171e-06,1.429993561e-05,3.013325892e-05,0.0006005751341
709.0,2.050850696e-06,5.834210176e-06,1.416253908e-05,2.967437436e-05,0.0006287521825
710.0,2.109913931e-06,5.844300008e-06,1.445516383e-05,3.03889783e-05,0.0006721769996
711.0,2.20691635e-06,6.006293168e-06,1.479410009e-05,3.116409545e-05,0.0007002752899
712.0,2.176632776e-06,6.106032814e-06,1.46369602e-05,3.114262596e-05,0.0006756090948
713.0,2.067782212e-06,5.870468401e-06,1.418714012e-05,3.071514869e-05,0.0006328789732
714.0,2.033093335e-06,5.739032729e-06,1.413298777e-05,3.091468015e-05,0.0005985071262
715.0,2.133889425e-06,5.8294616e-06,1.438886346e-05,3.141473613e-05,0.0005965331352
716.0,2.179261807e-06,6.029798763e-06,1.462887688e-05,3.115302864e-05,0.0005917185519
717.0,2.117167052e-06,6.037600911e-06,1.428524138e-05,3.014071383e-05,0.0005996872412
718.0,2.041780995e-06,5.831128524e-06,1.41076825e-05,2.940788911e-05,0.0006196020388
719.0,2.097642825e-06,5.841317886e-06,1.443249294e-05,2.97598638e-05,0.0006733835466
720.0,2.204967407e-06,5.991718574e-06,1.483305078e-05,3.028342351e-05,0.0006995993805
721.0,2.186780797e-06,6.109291064e-06,1.475028084e-05,3.005265135e-05,0.0006795928543
722.0,2.081685762e-06,5.89994736e-06,1.425463289e-05,2.987354558e-05,0.0006310564953
723.0,2.040050133e-06,5.755344683e-06,1.418517935e-05,3.022109695e-05,0.0006060594329
724.0,2.130688118e-06,5.845297554e-06,1.442425099e-05,3.08965489e-05,0.0005968785093
725.0,2.180912107e-06,5.998331609e-06,1.459780884e-05,3.11472646e-05,0.0005938573314
726.0,2.121486239e-06,6.029631e-06,1.427388758e-05,3.043292331e-05,0.0005944049566
727.0,2.031590125e-06,5.801277313e-06,1.402003657e-05,2.945882193e-05,0.0006227489026
728.0,2.065137761e-06,5.800075464e-06,1.428608579e-05,2.912728733e-05,0.0006665505572
729.0,2.17823118e-06,5.94136148e-06,1.469183218e-05,2.948739828e-05,0.0006978229771
730.0,2.171384691e-06,6.07574209e-06,1.467228746e-05,2.936669612e-05,0.0006784665555
731.0,2.074674626e-06,5.89985102e-06,1.420954719e-05,2.909097378e-05,0.0006393816054
732.0,2.027777896e-06,5.729120491e-06,1.411858558e-05,2.945495084e-05,0.0006064265305
733.0,2.113734165e-06,5.807099817e-06,1.436657439e-05,3.034633538e-05,0.0005973806016
734.0,2.179758561e-06,5.976503631e-06,1.459571285e-05,3.069325377e-05,0.0005891790312
735.0,2.131012683e-06,6.024162399e-06,1.430499732e-05,3.007154512e-05,0.0005987717057
736.0,2.038517975e-06,5.810142749e-06,1.402004495e-05,2.941693934e-05,0.000618620496
737.0,2.051395267e-06,5.766942148e-06,1.422863612e-05,2.933413797e-05,0.0006635784624
738.0,2.156752272e-06,5.892820035e-06,1.455325514e-05,2.958180459e-05,0.0006902360995
739.0,2.158462488e-06,6.034516915e-06,1.459153499e-05,2.937828569e-05,0.000683630448
740.0,2.06768434e-06,5.910196867e-06,1.419156075e-05,2.892125507e-05,0.0006433563982
741.0,2.012357515e-06,5.727592489e-06,1.40452277e-05,2.868248072e-05,0.0006081702183
742.0,2.094369578e-06,5.76776127e-06,1.427337513e-05,2.934103463e-05,0.0005906156317
743.0,2.167995267e-06,5.934631394e-06,1.456385102e-05,2.968244032e-05,0.0005912909204
744.0,2.129660383e-06,6.024901754e-06,1.432126932e-05,2.920356399e-05,0.0005925122079
745.0,2.0404273e-06,5.822747565e-06,1.403329385e-05,2.840095036e-05,0.0006122266223
746.0,2.044058682e-06,5.755991196e-06,1.419242688e-05,2.87206218e-05,0.0006474294853
747.0,2.142221615e-06,5.864378348e-06,1.445624079e-05,2.938770027e-05,0.0006854528931
748.0,2.155449131e-06,6.022738144e-06,1.453174102e-05,2.939859662e-05,0.0006776184899
749.0,2.056455122e-06,5.887341298e-06,1.40529072e-05,2.888592585e-05,0.0006385822584
750.0,1.993477291e-06,5.679682709e-06,1.390003613e-05,2.864745048e-05,0.0005963519484
751.0,2.062542873e-06,5.703315827e-06,1.41026348e-05,2.899583723e-05,0.0005897507645
752.0,2.144234842e-06,5.870041419e-06,1.443974157e-05,2.896122988e-05,0.000584949627
753.0,2.117499419e-06,5.987010032e-06,1.427301982e-05,2.839424606e-05,0.0005871185913
754.0,2.028016089e-06,5.807934922e-06,1.391715498e-05,2.776018965e-05,0.0005950715919
755.0,2.031913649e-06,5.745509359e-06,1.408835884e-05,2.814235426e-05,0.0006411153522
756.0,2.136137347e-06,5.843725754e-06,1.441347095e-05,2.882821822e-05,0.0006804439998
757.0,2.165026938e-06,6.003786334e-06,1.456769354e-05,2.920980234e-05,0.0006773571747
758.0,2.073974284e-06,5.897975192e-06,1.409365173e-05,2.892327647e-05,0.0006318477743
759.0,1.992800172e-06,5.653971435e-06,1.384719984e-05,2.872544558e-05,0.0005985039347
760.0,2.04299951e-06,5.676090749e-06,1.403170764e-05,2.913937552e-05,0.0005855704005
761.0,2.133508476e-06,5.820569875e-06,1.433849203e-05,2.923684853e-05,0.0005816563265
762.0,2.113743555e-06,5.955924056e-06,1.421134381e-05,2.861724139e-05,0.0005772516467
763.0,2.02543444e-06,5.796352465e-06,1.385382717e-05,2.754944589e-05,0.0005952925764
764.0,2.013501713e-06,5.704012403e-06,1.39770818e-05,2.747791715e-05,0.0006332378558
765.0,2.131384136e-06,5.834315753e-06,1.443063236e-05,2.832183356e-05,0.000676150413
766.0,2.170565239e-06,5.98030282e-06,1.462341852e-05,2.856759324e-05,0.000669714241
767.0,2.102017485e-06,5.949800044e-06,1.424023905e-05,2.82285922e-05,0.0006390403884
768.0,2.017871207e-06,5.718410008e-06,1.396669485e-05,2.822755581e-05,0.0006014398846
769.0,2.046144742e-06,5.691494976e-06,1.408074027e-05,2.890718637e-05,0.0005863993094
770.0,2.134823561e-06,5.822633372e-06,1.428528675e-05,2.935436291e-05,0.000574730908
771.0,2.124528305e-06,5.962651787e-06,1.421663977e-05,2.886835396e-05,0.0005805794227
772.0,2.033617138e-06,5.822040995e-06,1.385512322e-05,2.786487722e-05,0.0005902097325
773.0,2.005155019e-06,5.687175293e-06,1.392155076e-05,2.726443254e-05,0.0006285764299
774.0,2.112924971e-06,5.799270632e-06,1.430998001e-05,2.750326883e-05,0.0006628110666
775.0,2.165903364e-06,5.981559963e-06,1.46125239e-05,2.774221107e-05,0.0006708914605
776.0,2.106617678e-06,5.986398122e-06,1.429407762e-05,2.763145814e-05,0.0006394333065
777.0,2.01753387e-06,5.73802681e-06,1.395716273e-05,2.761730158e-05,0.0006023760989
778.0,2.037206653e-06,5.688908654e-06,1.401709679e-05,2.844500285e-05,0.0005792423035
779.0,2.12970093e-06,5.796809327e-06,1.421708883e-05,2.923492202e-05,0.000575945895
780.0,2.133063762e-06,5.975263981e-06,1.424063714e-05,2.899169016e-05,0.0005751587294
781.0,2.043651683e-06,5.848765979e-06,1.385613079e-05,2.802511668e-05,0.0005862479381
782.0,1.996841153e-06,5.683447485e-06,1.384483035e-05,2.761196824e-05,0.0006119819739
783.0,2.09130798e-06,5.765181782e-06,1.418169628e-05,2.768286139e-05,0.0006580602431
784.0,2.151159386e-06,5.944728608e-06,1.446999925e-05,2.77470029e-05,0.0006666292436
785.0,2.099556736e-06,5.984357125e-06,1.420474676e-05,2.754077758e-05,0.0006356979721
786.0,2.006336781e-06,5.742787472e-06,1.385132488e-05,2.731345365e-05,0.0005901463618
787.0,2.025141904e-06,5.694518613e-06,1.394491643e-05,2.795628005e-05,0.000575831753
788.0,2.127583782e-06,5.805683624e-06,1.418940395e-05,2.873359122e-05,0.0005691215952
789.0,2.136054525e-06,5.961659877e-06,1.428286519e-05,2.861157853e-05,0.0005699445555
790.0,2.058114309e-06,5.877243863e-06,1.390423502e-05,2.779290479e-05,0.0005711372441
791.0,2.001880641e-06,5.691438865e-06,1.381581209e-05,2.74073596e-05,0.0006046493188
792.0,2.076367641e-06,5.752430505e-06,1.412068932e-05,2.805219182e-05,0.0006485558581
793.0,2.154339467e-06,5.927953889e-06,1.441784276e-05,2.816266177e-05,0.0006599919346
794.0,2.105314408e-06,5.982969271e-06,1.415541229e-05,2.791701945e-05,0.0006267886548
795.0,2.006782021e-06,5.730906993e-06,1.378965594e-05,2.757743371e-05,0.0005916494263
796.0,2.00590844e-06,5.663543539e-06,1.383545544e-05,2.775897741e-05,0.0005709664729
797.0,2.115504842e-06,5.76836924e-06,1.412633022e-05,2.843299732e-05,0.0005662126001
798.0,2.140811627e-06,5.954542748e-06,1.426693339e-05,2.826850058e-05,0.0005595971889
799.0,2.060641584e-06,5.885820286e-06,1.386538916e-05,2.749282563e-05,0.0005699685427
800.0,2.011879141e-06,5.732773371e-06,1.382613561e-05,2.7160154e-05,0.0005962879857
801.0,2.074297428e-06,5.776133138e-06,1.412944095e-05,2.784955001e-05,0.0006418142787
802.0,2.153772371e-06,5.92017071e-06,1.442324157e-05,2.845307285e-05,0.0006531470959
803.0,2.117962374e-06,5.996406309e-06,1.422240005e-05,2.83043914e-05,0.0006330769198
804.0,2.019346712e-06,5.774028656e-06,1.381386149e-05,2.784743184e-05,0.0005926212642
805.0,2.000862308e-06,5.670833621e-06,1.383132645e-05,2.804531471e-05,0.0005689871872
806.0,2.104980602e-06,5.778438079e-06,1.410294735e-05,2.851941335e-05,0.0005586178538
807.0,2.13735791e-06,5.960608919e-06,1.425313687e-05,2.824087058e-05,0.0005611358584
808.0,2.063418894e-06,5.928562408e-06,1.385599338e-05,2.75010428e-05,0.000564784394
809.0,1.994843375e-06,5.738821911e-06,1.374523326e-05,2.694045457e-05,0.0005913332487
810.0,2.056934452e-06,5.76056086e-06,1.403327616e-05,2.736472696e-05,0.0006271994169
811.0,2.152631802e-06,5.898428622e-06,1.435836792e-05,2.802590837e-05,0.0006528188459
812.0,2.125305867e-06,6.00716844e-06,1.425232785e-05,2.789491131e-05,0.0006327801676
813.0,2.027275882e-06,5.809792318e-06,1.386856291e-05,2.74146026e-05,0.0005939742665
814.0,1.997781395e-06,5.678083871e-06,1.379641825e-05,2.761522854e-05,0.0005634170533
815.0,2.091906381e-06,5.763847661e-06,1.404222967e-05,2.829938535e-05,0.0005584316728
816.0,2.129837506e-06,5.934440422e-06,1.418189348e-05,2.834548986e-05,0.000554640155
817.0,2.064725535e-06,5.932773837e-06,1.383185103e-05,2.757135826e-05,0.0005612219646
818.0,1.992359851e-06,5.7425726e-06,1.368691907e-05,2.686151907e-05,0.0005773310988
819.0,2.039447634e-06,5.743573295e-06,1.396095571e-05,2.713538114e-05,0.0006227626617
820.0,2.144388241e-06,5.888851055e-06,1.432735707e-05,2.747211729e-05,0.0006470993218
821.0,2.128781814e-06,6.007953536e-06,1.427090646e-05,2.735067189e-05,0.0006301417129
822.0,2.030279734e-06,5.817346867e-06,1.384816277e-05,2.709452779e-05,0.0005858877814
823.0,1.992470058e-06,5.665639763e-06,1.37562881e-05,2.722229146e-05,0.0005618856702
824.0,2.081819472e-06,5.758679463e-06,1.399517869e-05,2.788264032e-05,0.0005554678227
825.0,2.134928853e-06,5.930004248e-06,1.422021456e-05,2.82957541e-05,0.0005534667131
826.0,2.079339885e-06,5.954209632e-06,1.388420138e-05,2.756566963e-05,0.0005522213878
827.0,1.996500507e-06,5.731568271e-06,1.36533046e-05,2.68328236e-05,0.0005758743119
828.0,2.031726255e-06,5.740001911e-06,1.392655892e-05,2.705597564e-05,0.0006179528286
829.0,2.139527579e-06,5.878402481e-06,1.430869118e-05,2.741183072e-05,0.0006431312905
830.0,2.131931703e-06,5.999815613e-06,1.427304314e-05,2.739245366e-05,0.0006236774109
831.0,2.039486406e-06,5.831167995e-06,1.384127591e-05,2.71777578e-05,0.0005909403557
832.0,1.99057451e-06,5.670959083e-06,1.376480654e-05,2.727514249e-05,0.0005633036053
833.0,2.0726747e-06,5.735063831e-06,1.39795471e-05,2.788222098e-05,0.0005541233312
834.0,2.138367698e-06,5.913429514e-06,1.423343618e-05,2.807242073e-05,0.0005449065453
835.0,2.089383875e-06,5.964310749e-06,1.39284945e-05,2.760016113e-05,0.0005541341624
836.0,2.001323322e-06,5.756573385e-06,1.366389708e-05,2.687504638e-05,0.0005701864984
837.0,2.018371559e-06,5.724434643e-06,1.391001999e-05,2.710642248e-05,0.0006113676273
838.0,2.123637686e-06,5.841032688e-06,1.422791107e-05,2.760252989e-05,0.0006362082286
839.0,2.130385249e-06,5.978539594e-06,1.426040454e-05,2.784181711e-05,0.0006286765212
840.0,2.043649047e-06,5.860986221e-06,1.384313102e-05,2.753935617e-05,0.0005914901512
841.0,1.984228677e-06,5.664871487e-06,1.371486064e-05,2.747008715e-05,0.0005581684301
842.0,2.058296899e-06,5.710933266e-06,1.391278557e-05,2.79520097e-05,0.0005457716245
843.0,2.124126032e-06,5.858851375e-06,1.415285231e-05,2.805319338e-05,0.0005480092813
844.0,2.082573735e-06,5.955124341e-06,1.392136535e-05,2.752350494e-05,0.0005511370276
845.0,2.000200843e-06,5.77114573e-06,1.367464781e-05,2.675252999e-05,0.000565007639
846.0,2.006134711e-06,5.700143716e-06,1.384360787e-05,2.689966243e-05,0.0005972203205
847.0,2.122724999e-06,5.846295682e-06,1.422950508e-05,2.756270546e-05,0.0006360568906
848.0,2.141533526e-06,6.00908783e-06,1.433731388e-05,2.781827669e-05,0.0006284073966
849.0,2.051436613e-06,5.884776195e-06,1.387535016e-05,2.759626336e-05,0.0005916728772
850.0,1.98151996e-06,5.670360356e-06,1.369274901e-05,2.74015954e-05,0.0005542375145
851.0,2.040113899e-06,5.680206552e-06,1.386222609e-05,2.787346895e-05,0.0005499894237
852.0,2.123184203e-06,5.830916164e-06,1.41575095e-05,2.813840107e-05,0.0005455643797
853.0,2.091331967e-06,5.939299417e-06,1.394753402e-05,2.762081271e-05,0.0005455922656
854.0,1.995634779e-06,5.747718643e-06,1.357401729e-05,2.657946658e-05,0.0005547998718
855.0,1.994310703e-06,5.680149824e-06,1.376213873e-05,2.664959808e-05,0.000596347382
856.0,2.111487719e-06,5.820359431e-06,1.419057479e-05,2.726418302e-05,0.0006315105549
857.0,2.145099439e-06,6.001418976e-06,1.437423688e-05,2.759113133e-05,0.0006283653767
858.0,2.06592279e-06,5.912693005e-06,1.395014557e-05,2.735979868e-05,0.0005884167071
859.0,1.985070351e-06,5.679366962e-06,1.369331843e-05,2.732824943e-05,0.0005572083186
860.0,2.032293678e-06,5.689472144e-06,1.38553198e-05,2.793242377e-05,0.0005470780499
861.0,2.11457993e-06,5.803305894e-06,1.407934165e-05,2.825531973e-05,0.0005438040342
862.0,2.097036228e-06,5.92798905e-06,1.399475535e-05,2.79036944e-05,0.0005394242002
863.0,2.006684312e-06,5.776620665e-06,1.366098392e-05,2.699935087e-05,0.000559491188
864.0,1.989455185e-06,5.681259489e-06,1.376665228e-05,2.662966972e-05,0.0005906866922
865.0,2.099570335e-06,5.796170075e-06,1.416060956e-05,2.712033501e-05,0.0006266253836
866.0,2.142782621e-06,5.971479285e-06,1.438748097e-05,2.731156877e-05,0.0006230619281
867.0,2.074866516e-06,5.952434428e-06,1.400174859e-05,2.705874064e-05,0.0005969131288
868.0,1.989156802e-06,5.709493364e-06,1.373575515e-05,2.711315982e-05,0.000561270273
869.0,2.01990071e-06,5.686132996e-06,1.384067113e-05,2.776799569e-05,0.0005460673401
870.0,2.11470342e-06,5.80834043e-06,1.405757738e-05,2.834561082e-05,0.0005376841581
871.0,2.104630785e-06,5.937234379e-06,1.399383431e-05,2.816607282e-05,0.0005432695659
872.0,2.015241337e-06,5.781468696e-06,1.366083188e-05,2.737864798e-05,0.0005538345883
873.0,1.988637639e-06,5.671473128e-06,1.375717152e-05,2.692737085e-05,0.0005863095623
874.0,2.085872865e-06,5.759857324e-06,1.410478552e-05,2.718641623e-05,0.0006198880727
875.0,2.140740386e-06,5.951129321e-06,1.440983545e-05,2.733379977e-05,0.0006279335492
876.0,2.080730635e-06,5.965988685e-06,1.40653727e-05,2.718603581e-05,0.0005974518862
877.0,1.989628228e-06,5.719841436e-06,1.374608614e-05,2.709983483e-05,0.0005616893418
878.0,2.015369582e-06,5.689293547e-06,1.38570584e-05,2.762879034e-05,0.0005431277802
879.0,2.113577082e-06,5.81473077e-06,1.40898692e-05,2.829954593e-05,0.000544988081
880.0,2.112065203e-06,5.967563463e-06,1.405531784e-05,2.813706668e-05,0.000541932157
881.0,2.02360699e-06,5.826288112e-06,1.371301884e-05,2.733827644e-05,0.0005529541202
882.0,1.983926128e-06,5.678049898e-06,1.373736435e-05,2.697937437e-05,0.0005779645709
883.0,2.072802574e-06,5.758356195e-06,1.404860173e-05,2.735018689e-05,0.0006238053641
884.0,2.140329761e-06,5.943253278e-06,1.438547854e-05,2.756493647e-05,0.0006320414463
885.0,2.083891065e-06,5.980475334e-06,1.410810919e-05,2.721218202e-05,0.000602309972
886.0,1.991063301e-06,5.737783619e-06,1.375090476e-05,2.702358992e-05,0.000560453997
887.0,2.007935791e-06,5.688529522e-06,1.384870437e-05,2.748273622e-05,0.0005489775351
888.0,2.108485299e-06,5.813510338e-06,1.41239459e-05,2.797240739e-05,0.0005430070365
889.0,2.123514321e-06,5.989158789e-06,1.419465793e-05,2.783131661e-05,0.0005423901387
890.0,2.042980399e-06,5.889085964e-06,1.381045099e-05,2.723552505e-05,0.0005459142269
891.0,1.991269121e-06,5.720565878e-06,1.381260167e-05,2.70822618e-05,0.0005809382242
892.0,2.075448666e-06,5.783593262e-06,1.413758326e-05,2.749469554e-05,0.000623046984
893.0,2.141680884e-06,5.944990371e-06,1.440315373e-05,2.779488536e-05,0.0006335794689
894.0,2.089768255e-06,5.973158783e-06,1.413126453e-05,2.759730779e-05,0.0006022607444
895.0,1.989088147e-06,5.744646923e-06,1.375233993e-05,2.708446678e-05,0.0005703171728
896.0,1.994686326e-06,5.673043241e-06,1.381451341e-05,2.722579249e-05,0.0005496770978
897.0,2.102392105e-06,5.788804506e-06,1.412660772e-05,2.76899873e-05,0.0005472652086
898.0,2.123515906e-06,5.97021314e-06,1.425430329e-05,2.756721226e-05,0.0005414966416
899.0,2.049952191e-06,5.904853201e-06,1.38686838e-05,2.693135745e-05,0.0005538743896
900.0,1.995694796e-06,5.739730206e-06,1.383424922e-05,2.69028202e-05,0.0005764748268
901.0,2.061532162e-06,5.790072389e-06,1.415039215e-05,2.743618707e-05,0.0006179912793
902.0,2.146541876e-06,5.944782065e-06,1.443171699e-05,2.785661512e-05,0.0006294926807
903.0,2.109526976e-06,6.011345094e-06,1.423609498e-05,2.787534648e-05,0.0006120610577
904.0,1.999533389e-06,5.758207497e-06,1.381929875e-05,2.766968247e-05,0.0005745694964
905.0,1.98652509e-06,5.662265555e-06,1.383731822e-05,2.770974162e-05,0.0005528953962
906.0,2.096618371e-06,5.773287172e-06,1.410748158e-05,2.78394096e-05,0.0005439832552
907.0,2.126334311e-06,5.952540087e-06,1.428136444e-05,2.756469907e-05,0.000549314015
908.0,2.058085367e-06,5.923823422e-06,1.394087253e-05,2.685439716e-05,0.0005527013764
909.0,1.997368534e-06,5.739635302e-06,1.384185368e-05,2.649113616e-05,0.000578845075
910.0,2.065417799e-06,5.798946048e-06,1.423040007e-05,2.713373854e-05,0.0006165850524
911.0,2.155030505e-06,5.967644392e-06,1.45380579e-05,2.762281612e-05,0.0006399787774
912.0,2.125889057e-06,6.063762554e-06,1.43562392e-05,2.768120256e-05,0.0006198902674
913.0,2.023880731e-06,5.820300908e-06,1.393466855e-05,2.77535853e-05,0.0005792255543
914.0,1.987195746e-06,5.692295816e-06,1.389045701e-05,2.810650306e-05,0.000554160109
915.0,2.078964845e-06,5.762879834e-06,1.404322724e-05,2.837154741e-05,0.0005540626144
916.0,2.117316102e-06,5.961366849e-06,1.424288784e-05,2.802611292e-05,0.0005479844366
917.0,2.050870401e-06,5.939725192e-06,1.389466008e-05,2.722899639e-05,0.0005547754467
918.0,1.979642995e-06,5.725007945e-06,1.374275848e-05,2.662910108e-05,0.0005736830848
919.0,2.047308184e-06,5.756292809e-06,1.411308629e-05,2.683243256e-05,0.0006195798889
920.0,2.142697877e-06,5.913413511e-06,1.453855163e-05,2.721902876e-05,0.0006407280099
921.0,2.123635298e-06,6.044188597e-06,1.442444418e-05,2.710134926e-05,0.0006232388748
922.0,2.02556755e-06,5.826399289e-06,1.395276466e-05,2.711426582e-05,0.0005808839037
923.0,1.996008685e-06,5.697980121e-06,1.395108531e-05,2.772359358e-05,0.0005623867425
924.0,2.076693543e-06,5.787130597e-06,1.41527541e-05,2.844757571e-05,0.0005538537793
925.0,2.120339549e-06,5.938424664e-06,1.426906291e-05,2.838664464e-05,0.0005537509668
926.0,2.055819678e-06,5.940204281e-06,1.390423787e-05,2.775991299e-05,0.0005531489835
927.0,1.973444178e-06,5.712645779e-06,1.371245872e-05,2.710784773e-05,0.0005794079481
928.0,2.018324593e-06,5.713253096e-06,1.401751881e-05,2.695822748e-05,0.0006203899653
929.0,2.128706767e-06,5.877002309e-06,1.450632274e-05,2.700387688e-05,0.0006459093087
930.0,2.118580157e-06,6.020035431e-06,1.448562609e-05,2.680482396e-05,0.0006272149771
931.0,2.017256941e-06,5.842713281e-06,1.397554705e-05,2.650548446e-05,0.0005926580179
932.0,1.989066326e-06,5.715226238e-06,1.394307325e-05,2.698552909e-05,0.0005645854554
933.0,2.071554728e-06,5.783184454e-06,1.418177213e-05,2.785137283e-05,0.0005599389542
934.0,2.127899555e-06,5.940023973e-06,1.438374756e-05,2.798199846e-05,0.0005543252163
935.0,2.069017605e-06,5.949124361e-06,1.399849996e-05,2.747235294e-05,0.0005637551151
936.0,1.985880301e-06,5.736912238e-06,1.375892481e-05,2.706388999e-05,0.0005784780427
937.0,2.004601726e-06,5.699048857e-06,1.399528012e-05,2.722284848e-05,0.0006195638399
938.0,2.111772161e-06,5.843335798e-06,1.436317224e-05,2.737169992e-05,0.0006423296146
939.0,2.115081005e-06,6.014073087e-06,1.440612684e-05,2.720761852e-05,0.0006363574815
940.0,2.018773798e-06,5.854398304e-06,1.398896868e-05,2.685214083e-05,0.0005984901848
941.0,1.972572534e-06,5.68403199e-06,1.390116387e-05,2.667404459e-05,0.0005727266126
942.0,2.063039109e-06,5.743163583e-06,1.415783849e-05,2.715183589e-05,0.0005613770691
943.0,2.131963052e-06,5.917620118e-06,1.446472644e-05,2.732737887e-05,0.0005625983485
944.0,2.088444246e-06,5.980816496e-06,1.417280352e-05,2.67577068e-05,0.0005632864816
945.0,2.002373257e-06,5.777339344e-06,1.389081947e-05,2.628551522e-05,0.000582541076
946.0,2.015577215e-06,5.728026314e-06,1.409828553e-05,2.667491488e-05,0.0006180105478
947.0,2.118431498e-06,5.859037514e-06,1.444718139e-05,2.717361024e-05,0.0006545099571
948.0,2.11974965e-06,6.000193722e-06,1.443815777e-05,2.696403912e-05,0.0006436836945
949.0,2.026690482e-06,5.847223624e-06,1.396963271e-05,2.665821206e-05,0.0006062402155
950.0,1.96166048e-06,5.64362059e-06,1.383975751e-05,2.662725605e-05,0.0005691830218
951.0,2.040471995e-06,5.694729376e-06,1.405929932e-05,2.689295935e-05,0.0005660656446
952.0,2.111753847e-06,5.870382345e-06,1.437698894e-05,2.675864877e-05,0.0005621055134
953.0,2.076800275e-06,5.971840491e-06,1.419515883e-05,2.621540288e-05,0.0005655415426
954.0,1.98695811e-06,5.764916202e-06,1.386259774e-05,2.554172903e-05,0.0005751883871
955.0,2.004709933e-06,5.719031851e-06,1.404562246e-05,2.585513421e-05,0.0006202468716
956.0,2.114889832e-06,5.843584401e-06,1.443292457e-05,2.658895634e-05,0.0006514170794
957.0,2.133676548e-06,5.996791179e-06,1.454642873e-05,2.675140228e-05,0.0006478301483
958.0,2.041429625e-06,5.87574081e-06,1.405838254e-05,2.639515688e-05,0.0006057722854
959.0,1.973159553e-06,5.647920466e-06,1.38613007e-05,2.639514652e-05,0.0005779447347
960.0,2.025318973e-06,5.676483728e-06,1.407122424e-05,2.699206118e-05,0.000567314275
961.0,2.102174363e-06,5.833922766e-06,1.429590912e-05,2.70334348e-05,0.0005647905463
962.0,2.070908229e-06,5.942012424e-06,1.411076753e-05,2.644375467e-05,0.0005614376148
963.0,1.981962106e-06,5.750645916e-06,1.380474588e-05,2.568276999e-05,0.0005792317289
964.0,1.981492701e-06,5.688054749e-06,1.398457263e-05,2.565255798e-05,0.0006153217135
965.0,2.100677143e-06,5.810704857e-06,1.437826283e-05,2.585040709e-05,0.0006526245847
966.0,2.128787213e-06,5.968753881e-06,1.456444003e-05,2.596189406e-05,0.0006460946759
967.0,2.045707118e-06,5.882799166e-06,1.411959847e-05,2.568563337e-05,0.0006138460118
968.0,1.974018198e-06,5.667379025e-06,1.389422052e-05,2.573868254e-05,0.0005792660368
969.0,2.024496983e-06,5.671802252e-06,1.407213873e-05,2.655254328e-05,0.0005676197728
970.0,2.105341476e-06,5.808373806e-06,1.430944615e-05,2.697504945e-05,0.0005598273429
971.0,2.089040517e-06,5.948882011e-06,1.420230821e-05,2.652299707e-05,0.0005682361275
972.0,2.001059847e-06,5.784317461e-06,1.386429571e-05,2.572192946e-05,0.0005788322599
973.0,1.979940462e-06,5.673391479e-06,1.398861662e-05,2.557770045e-05,0.0006155803718
974.0,2.087949825e-06,5.791718883e-06,1.435357314e-05,2.58354064e-05,0.0006470285767
975.0,2.127012678e-06,5.953559244e-06,1.456277171e-05,2.58210707e-05,0.0006523675921
976.0,2.047304082e-06,5.885369242e-06,1.413073294e-05,2.569289364e-05,0.000616779226
977.0,1.968670121e-06,5.668932132e-06,1.388994654e-05,2.560312373e-05,0.0005824487008
978.0,2.010690732e-06,5.655013395e-06,1.401360664e-05,2.621659137e-05,0.0005665762929
979.0,2.106747772e-06,5.790301498e-06,1.432320119e-05,2.650256967e-05,0.0005674296742
980.0,2.098355372e-06,5.949996929e-06,1.429242634e-05,2.612076916e-05,0.0005665578709
981.0,2.006845059e-06,5.792145392e-06,1.389887971e-05,2.520932785e-05,0.0005776576153
982.0,1.980848654e-06,5.664796403e-06,1.396061409e-05,2.520081576e-05,0.0006044868229
983.0,2.075048011e-06,5.767261307e-06,1.430981925e-05,2.585172339e-05,0.0006496642007
984.0,2.12742216e-06,5.938757925e-06,1.453789229e-05,2.591758814e-05,0.0006535936286
985.0,2.057327229e-06,5.90677051e-06,1.416582518e-05,2.566595415e-05,0.0006241922424
986.0,1.968085191e-06,5.66792008e-06,1.387363839e-05,2.542590377e-05,0.0005828315301
987.0,1.992238577e-06,5.641926117e-06,1.396177463e-05,2.580103129e-05,0.0005723900619
988.0,2.094589636e-06,5.774214257e-06,1.424187352e-05,2.594118217e-05,0.0005661695323
989.0,2.087311469e-06,5.905871583e-06,1.422835689e-05,2.567804299e-05,0.0005674122216
990.0,2.003256253e-06,5.792507637e-06,1.386010147e-05,2.494664289e-05,0.0005716076807
991.0,1.968089132e-06,5.651561224e-06,1.386992757e-05,2.469434301e-05,0.0006093993316
992.0,2.062091283e-06,5.742978342e-06,1.425384842e-05,2.532624322e-05,0.0006478077774
993.0,2.121906883e-06,5.910659665e-06,1.452596084e-05,2.552437382e-05,0.0006555207077
994.0,2.063096437e-06,5.917838401e-06,1.416662068e-05,2.52647441e-05,0.0006190567402
995.0,1.967377337e-06,5.660962429e-06,1.381755148e-05,2.510521805e-05,0.0005863112647
996.0,1.981279402e-06,5.630032876e-06,1.394391023e-05,2.554226056e-05,0.0005684194192
997.0,2.080364357e-06,5.755721436e-06,1.417784675e-05,2.588117795e-05,0.0005650718679
998.0,2.085575785e-06,5.899905154e-06,1.418222853e-05,2.560411446e-05,0.0005588783142
999.0,2.004047692e-06,5.798007444e-06,1.380933035e-05,2.490233084e-05,0.0005711787916
1000.0,1.953473578e-06,5.637831383e-06,1.379301151e-05,2.454958924e-05,0.0005979635356
1001.0,2.039647956e-06,5.693828576e-06,1.411377748e-05,2.482517771e-05,0.0006411233182
1002.0,2.11410718e-06,5.863179324e-06,1.447357524e-05,2.513367779e-05,0.0006470982277
1003.0,2.065529541e-06,5.911055087e-06,1.419027612e-05,2.494275252e-05,0.0006245592824
1004.0,1.973317382e-06,5.687743714e-06,1.382743303e-05,2.467774017e-05,0.0005841871946
1005.0,1.968537747e-06,5.6031585e-06,1.386623478e-05,2.506745837e-05,0.0005658591575
1006.0,2.076642069e-06,5.739699185e-06,1.41761038e-05,2.574678074e-05,0.0005570828137
1007.0,2.089262416e-06,5.889280022e-06,1.420248354e-05,2.556499565e-05,0.0005596016679
1008.0,2.006653866e-06,5.798018169e-06,1.378071892e-05,2.481924198e-05,0.0005648718764
1009.0,1.946345266e-06,5.625235637e-06,1.371682237e-05,2.452802849e-05,0.000593682303
1010.0,2.020103765e-06,5.686677145e-06,1.404544482e-05,2.470998832e-05,0.0006299701432
1011.0,2.103787097e-06,5.841340312e-06,1.437280177e-05,2.492957794e-05,0.0006478031396
1012.0,2.062438822e-06,5.899506535e-06,1.417253473e-05,2.47914895e-05,0.0006244144876
1013.0,1.965495655e-06,5.666291418e-06,1.377195901e-05,2.459520982e-05,0.0005853826773
1014.0,1.954534641e-06,5.577701079e-06,1.376035561e-05,2.477208605e-05,0.0005590245638
1015.0,2.059216147e-06,5.676123056e-06,1.402980701e-05,2.53019963e-05,0.0005588361709
1016.0,2.092013571e-06,5.859418433e-06,1.420351242e-05,2.528828626e-05,0.0005548188346
1017.0,2.011652126e-06,5.803871476e-06,1.378517684e-05,2.452205848e-05,0.000562994019
1018.0,1.947289954e-06,5.6161385e-06,1.366540776e-05,2.413013132e-05,0.000582007765
1019.0,2.007542131e-06,5.656429295e-06,1.397752559e-05,2.451132586e-05,0.0006281528672
1020.0,2.096805618e-06,5.819675888e-06,1.429920633e-05,2.491557097e-05,0.0006443130136
1021.0,2.069753125e-06,5.913515687e-06,1.418203481e-05,2.478254776e-05,0.0006242335498
1022.0,1.973196754e-06,5.683739474e-06,1.377043141e-05,2.450364639e-05,0.0005802800411
1023.0,1.949513728e-06,5.571097095e-06,1.372855206e-05,2.477493979e-05,0.0005628866056
1024.0,2.047689432e-06,5.668268919e-06,1.39787085e-05,2.514277144e-05,0.0005561803284
1025.0,2.083867759e-06,5.841755637e-06,1.419002662e-05,2.495173554e-05,0.0005546088266
1026.0,2.018773257e-06,5.827728829e-06,1.382332161e-05,2.431178176e-05,0.0005542658622
1027.0,1.95097353e-06,5.635663278e-06,1.366637495e-05,2.396587083e-05,0.0005819909003
1028.0,2.002035948e-06,5.65470136e-06,1.393448436e-05,2.441563807e-05,0.0006226848391
1029.0,2.094572774e-06,5.802093638e-06,1.426493105e-05,2.476553243e-05,0.0006438480195
1030.0,2.075482484e-06,5.894427478e-06,1.414810276e-05,2.462475252e-05,0.0006195229355
1031.0,1.981077817e-06,5.700052476e-06,1.375373645e-05,2.439106838e-05,0.0005865986709
1032.0,1.94797453e-06,5.560108825e-06,1.369060674e-05,2.456357271e-05,0.0005610481675
1033.0,2.033259604e-06,5.635360961e-06,1.389709341e-05,2.505665887e-05,0.0005537956601
1034.0,2.081946595e-06,5.806485865e-06,1.411864764e-05,2.506721825e-05,0.0005461382484
1035.0,2.024136872e-06,5.821672482e-06,1.378706408e-05,2.445589548e-05,0.0005548728454
1036.0,1.948152597e-06,5.622583156e-06,1.360022723e-05,2.38416319e-05,0.0005741348016
1037.0,1.990083316e-06,5.629134982e-06,1.388677636e-05,2.412268479e-05,0.000615926051
1038.0,2.090478015e-06,5.767891551e-06,1.423121781e-05,2.45274285e-05,0.0006350626102
1039.0,2.079693745e-06,5.898006233e-06,1.416895117e-05,2.439849625e-05,0.0006255112656
1040.0,1.98729806e-06,5.732509624e-06,1.374609041e-05,2.409651155e-05,0.0005868981983
1041.0,1.946295472e-06,5.566601473e-06,1.367791628e-05,2.419710643e-05,0.0005599595716
1042.0,2.025489183e-06,5.626393932e-06,1.385421455e-05,2.481442205e-05,0.0005473160315
1043.0,2.078522052e-06,5.778136241e-06,1.405052455e-05,2.494671584e-05,0.000547728805
1044.0,2.032551138e-06,5.838594892e-06,1.378433583e-05,2.450549483e-05,0.0005485624847
1045.0,1.950332792e-06,5.637394419e-06,1.357118523e-05,2.377706642e-05,0.0005676048601
1046.0,1.970398256e-06,5.595849725e-06,1.377236497e-05,2.389813342e-05,0.0006005908667
1047.0,2.081573775e-06,5.738852893e-06,1.413804945e-05,2.434951032e-05,0.0006325408117
1048.0,2.082521056e-06,5.894555243e-06,1.417719272e-05,2.438531471e-05,0.0006212832311
1049.0,1.987698049e-06,5.735024324e-06,1.371483669e-05,2.405526812e-05,0.0005846307769
1050.0,1.932653513e-06,5.557036551e-06,1.357039388e-05,2.418945379e-05,0.0005508756352
1051.0,2.013373816e-06,5.601413276e-06,1.379310653e-05,2.472913126e-05,0.0005477125048
1052.0,2.084635155e-06,5.782038304e-06,1.406762346e-05,2.49686719e-05,0.0005426958345
1053.0,2.042882729e-06,5.846677268e-06,1.382657753e-05,2.448180794e-05,0.0005449151392
1054.0,1.953495056e-06,5.647413612e-06,1.354116791e-05,2.37517042e-05,0.0005533064889
1055.0,1.96686754e-06,5.602045158e-06,1.375801953e-05,2.378569665e-05,0.0005982514021
1056.0,2.078389418e-06,5.739382946e-06,1.413027366e-05,2.434329404e-05,0.0006293650317
1057.0,2.093223576e-06,5.900954485e-06,1.422272274e-05,2.455439811e-05,0.0006213495228
1058.0,2.007454602e-06,5.784899044e-06,1.379218894e-05,2.425248941e-05,0.0005810320906
1059.0,1.944065591e-06,5.582285551e-06,1.361073402e-05,2.423774688e-05,0.0005551809257
1060.0,2.008593002e-06,5.618276995e-06,1.379371651e-05,2.478198645e-05,0.0005450183163
1061.0,2.078567138e-06,5.767073667e-06,1.402229503e-05,2.497533272e-05,0.0005418111203
1062.0,2.042431671e-06,5.861943629e-06,1.381193542e-05,2.449315026e-05,0.000537126809
1063.0,1.95471811e-06,5.66100112e-06,1.34931374e-05,2.377420513e-05,0.0005560633977
1064.0,1.95711876e-06,5.599944605e-06,1.366572611e-05,2.378260002e-05,0.000589699474
1065.0,2.067635926e-06,5.724639358e-06,1.407121372e-05,2.423267811e-05,0.0006221216148
1066.0,2.090589769e-06,5.884879429e-06,1.42048962e-05,2.436639849e-05,0.0006128162382
1067.0,2.007612054e-06,5.786371148e-06,1.375477752e-05,2.413918756e-05,0.0005835890686
1068.0,1.940769163e-06,5.588280802e-06,1.357154615e-05,2.404982743e-05,0.0005522988192
1069.0,1.993653942e-06,5.595544561e-06,1.372197085e-05,2.458017048e-05,0.0005412933726
1070.0,2.071985036e-06,5.735373564e-06,1.396611382e-05,2.485561604e-05,0.0005339319275
1071.0,2.051258438e-06,5.861061026e-06,1.382279355e-05,2.451374947e-05,0.0005392885653
1072.0,1.961250195e-06,5.686234397e-06,1.349721275e-05,2.379436275e-05,0.0005477497385
1073.0,1.951274509e-06,5.594441343e-06,1.363681402e-05,2.374405152e-05,0.0005813696107
1074.0,2.05869506e-06,5.698747768e-06,1.399774018e-05,2.418755935e-05,0.0006105034395
1075.0,2.090980388e-06,5.861976678e-06,1.416258831e-05,2.440251818e-05,0.0006146872426
1076.0,2.009095932e-06,5.797216597e-06,1.374721354e-05,2.407464975e-05,0.0005804934028
1077.0,1.934023675e-06,5.567914494e-06,1.351752899e-05,2.394037729e-05,0.0005476368215
1078.0,1.980974522e-06,5.57541199e-06,1.367385079e-05,2.445621163e-05,0.0005331096873
1079.0,2.072111716e-06,5.723736851e-06,1.395051014e-05,2.48821298e-05,0.0005342278834
1080.0,2.059271386e-06,5.851937691e-06,1.386186664e-05,2.444584105e-05,0.0005327671174
1081.0,1.969616154e-06,5.687854724e-06,1.349996778e-05,2.368774611e-05,0.0005427934237
1082.0,1.947256376e-06,5.583960327e-06,1.360153645e-05,2.371219689e-05,0.000570202774
1083.0,2.047470229e-06,5.67891701e-06,1.39496637e-05,2.415574027e-05,0.0006108444203
1084.0,2.090190295e-06,5.852255398e-06,1.414927451e-05,2.430917637e-05,0.0006109864101
1085.0,2.017289515e-06,5.815834269e-06,1.374217107e-05,2.411094234e-05,0.0005797152068
1086.0,1.934886798e-06,5.575063801e-06,1.347606763e-05,2.401516715e-05,0.0005411165607
1087.0,1.963542252e-06,5.540110402e-06,1.357376611e-05,2.430308403e-05,0.0005341811475
1088.0,2.058052032e-06,5.673667411e-06,1.382632878e-05,2.478633546e-05,0.0005297517224
1089.0,2.048903017e-06,5.829664672e-06,1.380213633e-05,2.440631118e-05,0.0005288737705
1090.0,1.965680999e-06,5.704170868e-06,1.34544885e-05,2.358157743e-05,0.000532057919
1091.0,1.94194969e-06,5.588591655e-06,1.352814726e-05,2.340137758e-05,0.0005672586847
1092.0,2.031279425e-06,5.660805253e-06,1.386105501e-05,2.39113202e-05,0.0006024818863
1093.0,2.086199649e-06,5.828993884e-06,1.413240498e-05,2.429600814e-05,0.0006063400233
1094.0,2.026003439e-06,5.841005251e-06,1.377380075e-05,2.401356509e-05,0.0005747630575
1095.0,1.935120891e-06,5.599070732e-06,1.344079717e-05,2.392274757e-05,0.0005457751263
1096.0,1.9541984e-06,5.557941706e-06,1.355443356e-05,2.425358431e-05,0.0005292770406
1097.0,2.04999374e-06,5.667455187e-06,1.37965342e-05,2.464607172e-05,0.0005259342943
1098.0,2.053422013e-06,5.827581928e-06,1.380436406e-05,2.444316742e-05,0.0005200476877
1099.0,1.968754782e-06,5.712299406e-06,1.343066864e-05,2.385652537e-05,0.0005328094845
1100.0,1.934421494e-06,5.571706932e-06,1.348448415e-05,2.352132307e-05,0.0005578943124
1101.0,2.027346547e-06,5.6563244e-06,1.385056486e-05,2.402119086e-05,0.0005959612941
1102.0,2.087849338e-06,5.813066702e-06,1.413917967e-05,2.434208857e-05,0.0005988535908
1103.0,2.034794676e-06,5.8347379e-06,1.382602806e-05,2.421518339e-05,0.0005800162579
1104.0,1.947060607e-06,5.615243669e-06,1.34954429e-05,2.388166643e-05,0.0005447385548
1105.0,1.952405148e-06,5.555414835e-06,1.356864787e-05,2.434095652e-05,0.0005287370386
1106.0,2.053191739e-06,5.670660496e-06,1.382558066e-05,2.488266537e-05,0.0005216267244
1107.0,2.064762594e-06,5.851652567e-06,1.389523904e-05,2.471834158e-05,0.0005250119228
1108.0,1.987477612e-06,5.772852817e-06,1.35218915e-05,2.41244354e-05,0.0005283281312
1109.0,1.932209634e-06,5.592483851e-06,1.347752265e-05,2.38112824e-05,0.0005530463466
1110.0,2.017462188e-06,5.655343146e-06,1.383399607e-05,2.406938103e-05,0.000586222938
1111.0,2.096214246e-06,5.826167296e-06,1.419359614e-05,2.427519655e-05,0.0006036883781
1112.0,2.046949309e-06,5.878921331e-06,1.393278646e-05,2.41137813e-05,0.0005813017141
1113.0,1.950496083e-06,5.63964356e-06,1.354470395e-05,2.389375278e-05,0.0005457389446
1114.0,1.949681208e-06,5.565631051e-06,1.358456404e-05,2.421944633e-05,0.0005260533375
1115.0,2.048606517e-06,5.6635537e-06,1.384100881e-05,2.4777233e-05,0.0005264829034
1116.0,2.072353876e-06,5.845437638e-06,1.396019887e-05,2.470793933e-05,0.0005231214255
1117.0,1.99488739e-06,5.768613157e-06,1.354679627e-05,2.418287229e-05,0.0005279912044
1118.0,1.939678614e-06,5.598047562e-06,1.349149668e-05,2.388719974e-05,0.0005466141776
1119.0,2.007055991e-06,5.64807524e-06,1.3821034e-05,2.429649693e-05,0.0005917257284
1120.0,2.090315625e-06,5.815217892e-06,1.415607314e-05,2.464429934e-05,0.0006037178553
1121.0,2.056630454e-06,5.894668591e-06,1.397427724e-05,2.45306947e-05,0.0005820537669
1122.0,1.957264328e-06,5.661306645e-06,1.355368592e-05,2.42729796e-05,0.00054491091
1123.0,1.943642252e-06,5.557334685e-06,1.357842459e-05,2.444331203e-05,0.0005317082856
1124.0,2.044364512e-06,5.663389824e-06,1.383774441e-05,2.47934281e-05,0.0005257820165
1125.0,2.076710929e-06,5.849775609e-06,1.40221768e-05,2.4710441e-05,0.0005246393213
1126.0,2.008796305e-06,5.819669377e-06,1.364092112e-05,2.406181027e-05,0.0005247975299
1127.0,1.952267988e-06,5.63518182e-06,1.355533464e-05,2.366336539e-05,0.0005521213451
1128.0,2.005123478e-06,5.663105012e-06,1.383389019e-05,2.409945342e-05,0.0005894905672
1129.0,2.094369899e-06,5.817387022e-06,1.41430222e-05,2.457838288e-05,0.0006046419485
1130.0,2.066190233e-06,5.905948423e-06,1.399536751e-05,2.442608086e-05,0.0005822791913
1131.0,1.963854022e-06,5.673532052e-06,1.35707037e-05,2.42423145e-05,0.0005513056028
1132.0,1.936051452e-06,5.552435257e-06,1.354696259e-05,2.434616874e-05,0.0005294453322
1133.0,2.039263415e-06,5.664228413e-06,1.382025177e-05,2.485951834e-05,0.0005265267956
1134.0,2.076363338e-06,5.839669045e-06,1.40305424e-05,2.470428698e-05,0.0005203921449
1135.0,2.012788284e-06,5.833304847e-06,1.367379685e-05,2.404215683e-05,0.0005287355402
1136.0,1.945293074e-06,5.639726142e-06,1.353975868e-05,2.355138912e-05,0.0005468882831
1137.0,1.999179144e-06,5.651750523e-06,1.382253389e-05,2.392428656e-05,0.0005875279026
1138.0,2.093465157e-06,5.800072596e-06,1.4164757e-05,2.442687445e-05,0.0006030289133
1139.0,2.075932634e-06,5.918986087e-06,1.404628267e-05,2.444097077e-05,0.0005903570691
1140.0,1.977872413e-06,5.707591775e-06,1.363436767e-05,2.418411589e-05,0.00055378489
1141.0,1.940016714e-06,5.563845971e-06,1.357529981e-05,2.433865053e-05,0.000530859826
1142.0,2.023189378e-06,5.647222155e-06,1.377084817e-05,2.468187204e-05,0.0005227186992
1143.0,2.074695724e-06,5.831640951e-06,1.399100294e-05,2.479166984e-05,0.0005252046892
1144.0,2.019001678e-06,5.8552701e-06,1.370325719e-05,2.430178895e-05,0.0005251982839
1145.0,1.941666977e-06,5.647801215e-06,1.351699307e-05,2.368424254e-05,0.0005450326104
1146.0,1.985874395e-06,5.644880458e-06,1.380472061e-05,2.383229546e-05,0.0005806175247
1147.0,2.089523469e-06,5.784760878e-06,1.41658577e-05,2.422998932e-05,0.0006070386401
1148.0,2.082579337e-06,5.937437478e-06,1.415777724e-05,2.423567207e-05,0.0005920716469
1149.0,1.988735991e-06,5.762700999e-06,1.371667318e-05,2.39102445e-05,0.0005573833256
1150.0,1.942630193e-06,5.579676463e-06,1.359382765e-05,2.410864676e-05,0.0005296716148
1151.0,2.025789245e-06,5.644696022e-06,1.379909099e-05,2.479617256e-05,0.0005296509365
1152.0,2.074929687e-06,5.812825452e-06,1.398462546e-05,2.485921343e-05,0.0005254070513
1153.0,2.024966863e-06,5.866093152e-06,1.372235523e-05,2.434440707e-05,0.000528318415
1154.0,1.942776352e-06,5.655739419e-06,1.350561743e-05,2.378366393e-05,0.0005407349339
1155.0,1.973906571e-06,5.633329133e-06,1.376627054e-05,2.378789974e-05,0.0005846102761
1156.0,2.07310778e-06,5.744188662e-06,1.40883131e-05,2.408851068e-05,0.0006078826902
1157.0,2.079830211e-06,5.908723915e-06,1.418049876e-05,2.409082937e-05,0.0005962021995
1158.0,1.983181679e-06,5.744613222e-06,1.368498884e-05,2.383485724e-05,0.0005581280609
1159.0,1.937268435e-06,5.574674353e-06,1.359031945e-05,2.400617037e-05,0.0005363226253
1160.0,2.020299964e-06,5.626088869e-06,1.381895343e-05,2.457650253e-05,0.000529452888
1161.0,2.084282052e-06,5.78925051e-06,1.408312061e-05,2.477879612e-05,0.0005277372827
1162.0,2.037543422e-06,5.872587039e-06,1.380384566e-05,2.425887681e-05,0.0005250299202
1163.0,1.953792548e-06,5.670460249e-06,1.354690911e-05,2.364353531e-05,0.0005448990748
1164.0,1.968649032e-06,5.637290159e-06,1.378370901e-05,2.388076737e-05,0.0005808379994
1165.0,2.077542702e-06,5.759103265e-06,1.415047792e-05,2.429030355e-05,0.0006115761727
1166.0,2.083110012e-06,5.907363671e-06,1.421305411e-05,2.427317541e-05,0.000599773942
1167.0,1.992056989e-06,5.772887252e-06,1.376156258e-05,2.404733527e-05,0.0005670825163
1168.0,1.934389767e-06,5.591300593e-06,1.360614027e-05,2.401440241e-05,0.000538821419
1169.0,2.005821591e-06,5.61190543e-06,1.38068019e-05,2.457539594e-05,0.0005323933294
1170.0,2.081320629e-06,5.775711286e-06,1.409521994e-05,2.476217522e-05,0.0005271609836
1171.0,2.046783998e-06,5.875982944e-06,1.389912509e-05,2.426058723e-05,0.0005328114741
1172.0,1.960286978e-06,5.701501819e-06,1.358467665e-05,2.356624942e-05,0.000544205437
1173.0,1.959200058e-06,5.618119544e-06,1.375211442e-05,2.381061582e-05,0.0005821448295
1174.0,2.069228045e-06,5.754254143e-06,1.413756062e-05,2.434453072e-05,0.0006094124136
1175.0,2.087812822e-06,5.915849456e-06,1.42552087e-05,2.444953282e-05,0.0006079945793
1176.0,2.002189055e-06,5.803934097e-06,1.38086486e-05,2.416354899e-05,0.0005729322423
1177.0,1.931956937e-06,5.582432475e-06,1.361179293e-05,2.409034697e-05,0.0005425685942
1178.0,1.986917181e-06,5.600724542e-06,1.377669622e-05,2.441865324e-05,0.0005322079401
1179.0,2.068888964e-06,5.752279007e-06,1.405780297e-05,2.458000995e-05,0.0005350105158
1180.0,2.042973109e-06,5.870168157e-06,1.392003756e-05,2.420756699e-05,0.0005332135547
1181.0,1.95663295e-06,5.690353004e-06,1.359106873e-05,2.341366043e-05,0.0005460218055
1182.0,1.948402288e-06,5.607242155e-06,1.37270906e-05,2.335557069e-05,0.0005776290496
1183.0,2.060655621e-06,5.72021284e-06,1.410403576e-05,2.38747381e-05,0.0006150286839
1184.0,2.092347425e-06,5.903111901e-06,1.430404573e-05,2.41732356e-05,0.0006128388762
1185.0,2.014929153e-06,5.832468259e-06,1.389717235e-05,2.385249008e-05,0.0005811582975
1186.0,1.93860775e-06,5.601136273e-06,1.365751648e-05,2.371625063e-05,0.0005475566031
1187.0,1.98480023e-06,5.601131397e-06,1.37968809e-05,2.412395539e-05,0.0005401364033
1188.0,2.068908999e-06,5.740108214e-06,1.406264505e-05,2.45240723e-05,0.0005346853542
1189.0,2.050249738e-06,5.867694988e-06,1.398873758e-05,2.41188963e-05,0.0005376656093
1190.0,1.964403969e-06,5.708266538e-06,1.364525002e-05,2.339188539e-05,0.0005469441437
1191.0,1.952929733e-06,5.606792789e-06,1.37579611e-05,2.333776165e-05,0.0005839610094
1192.0,2.057300968e-06,5.726185957e-06,1.415870687e-05,2.380172271e-05,0.0006196990996
1193.0,2.091833914e-06,5.882304615e-06,1.434071343e-05,2.398886439e-05,0.0006192859389
1194.0,2.02584553e-06,5.855892472e-06,1.396240584e-05,2.37364894e-05,0.0005843184099
1195.0,1.943923992e-06,5.617141285e-06,1.369822953e-05,2.366519427e-05,0.0005546965346
1196.0,1.977945561e-06,5.597031399e-06,1.382578318e-05,2.409359068e-05,0.0005435186644
1197.0,2.070878663e-06,5.726048815e-06,1.4077217e-05,2.445570684e-05,0.0005423109757
1198.0,2.060751807e-06,5.881283503e-06,1.404384945e-05,2.419939619e-05,0.0005380949863
1199.0,1.973520671e-06,5.727355416e-06,1.369207393e-05,2.349416523e-05,0.0005518794148
1200.0,1.947866206e-06,5.603957699e-06,1.378694011e-05,2.318266499e-05,0.0005826162428
1201.0,2.048889555e-06,5.69880528e-06,1.416346421e-05,2.36360065e-05,0.0006209974165
1202.0,2.097105899e-06,5.876405788e-06,1.441844713e-05,2.392755277e-05,0.0006192809447
1203.0,2.029960376e-06,5.856174261e-06,1.400990557e-05,2.359982202e-05,0.0005925989923
1204.0,1.946951414e-06,5.615200544e-06,1.370053044e-05,2.344351719e-05,0.0005581063163
1205.0,1.970201157e-06,5.585688358e-06,1.385700163e-05,2.384203084e-05,0.0005474143606
1206.0,2.067858839e-06,5.710263374e-06,1.41016729e-05,2.428632636e-05,0.0005395268156
1207.0,2.065365561e-06,5.868616697e-06,1.408388759e-05,2.40447956e-05,0.000544517635
1208.0,1.98145205e-06,5.750163966e-06,1.372950025e-05,2.3408834e-05,0.0005525654245
1209.0,1.940119621e-06,5.59382519e-06,1.375831468e-05,2.320678489e-05,0.0005855061875
1210.0,2.038370384e-06,5.679975163e-06,1.411858588e-05,2.358494809e-05,0.000620952922
1211.0,2.090311672e-06,5.834398959e-06,1.437677361e-05,2.375193717e-05,0.0006284663343
1212.0,2.030206238e-06,5.861447448e-06,1.406162649e-05,2.34536763e-05,0.0006000562345
1213.0,1.941326707e-06,5.630051687e-06,1.371559695e-05,2.312935767e-05,0.0005642750253
1214.0,1.959065076e-06,5.578669349e-06,1.380518308e-05,2.3497725e-05,0.0005456772029
1215.0,2.062406046e-06,5.702448506e-06,1.408775148e-05,2.402834508e-05,0.0005465976642
1216.0,2.069532991e-06,5.867162999e-06,1.411219847e-05,2.400597395e-05,0.0005458854137
1217.0,1.986832786e-06,5.755530337e-06,1.372647354e-05,2.338251779e-05,0.0005557271312
1218.0,1.940049111e-06,5.595734513e-06,1.377249805e-05,2.323725983e-05,0.0005783912616
1219.0,2.027015539e-06,5.672850996e-06,1.41134673e-05,2.361666831e-05,0.0006235941818
1220.0,2.0930383e-06,5.829360846e-06,1.438929279e-05,2.392548611e-05,0.0006346914504
1221.0,2.04097222e-06,5.863143233e-06,1.412969344e-05,2.366161097e-05,0.0006078378057
1222.0,1.944884026e-06,5.634419138e-06,1.377068538e-05,2.328620689e-05,0.0005663367692
1223.0,1.948889421e-06,5.562906609e-06,1.379358047e-05,2.338978964e-05,0.0005531527477
1224.0,2.052201261e-06,5.680792558e-06,1.408627893e-05,2.380536315e-05,0.0005467584028
1225.0,2.07014729e-06,5.856550628e-06,1.419782878e-05,2.349324424e-05,0.000547463192
1226.0,1.999695389e-06,5.791975277e-06,1.381560238e-05,2.290940247e-05,0.0005493761024
1227.0,1.949665721e-06,5.628678598e-06,1.378667602e-05,2.279889999e-05,0.0005803182681
1228.0,2.020607425e-06,5.684861633e-06,1.41410582e-05,2.325066636e-05,0.0006216294466
1229.0,2.099530982e-06,5.841778282e-06,1.443358273e-05,2.37173714e-05,0.0006358668702
1230.0,2.056351998e-06,5.904310898e-06,1.420772177e-05,2.36551712e-05,0.0006090353885
1231.0,1.951943364e-06,5.653834197e-06,1.378597927e-05,2.343232308e-05,0.0005742486327
1232.0,1.943494945e-06,5.557030622e-06,1.380549581e-05,2.351153722e-05,0.0005530984751
1233.0,2.047337491e-06,5.661214437e-06,1.408641169e-05,2.37120659e-05,0.0005504173245
1234.0,2.069193543e-06,5.836259373e-06,1.422977038e-05,2.354873626e-05,0.0005442624918
1235.0,1.993722461e-06,5.796402622e-06,1.380249876e-05,2.269555996e-05,0.0005543906539
1236.0,1.941011212e-06,5.623862109e-06,1.373165034e-05,2.23916054e-05,0.0005775817756
1237.0,2.006737437e-06,5.662391009e-06,1.406753946e-05,2.284282602e-05,0.000621286147
1238.0,2.097079725e-06,5.829423748e-06,1.441908584e-05,2.330694425e-05,0.0006332987297
1239.0,2.06881575e-06,5.907394854e-06,1.42248337e-05,2.327622214e-05,0.0006156307909
1240.0,1.968986615e-06,5.677887396e-06,1.384269804e-05,2.332717517e-05,0.000576571428
1241.0,1.936300458e-06,5.547396585e-06,1.379498316e-05,2.357623865e-05,0.0005571241047
1242.0,2.035958675e-06,5.655639988e-06,1.402145141e-05,2.406285818e-05,0.0005468532016
1243.0,2.065411181e-06,5.820697628e-06,1.415645055e-05,2.386965059e-05,0.0005500405037
1244.0,1.990036867e-06,5.798387645e-06,1.375706691e-05,2.308550925e-05,0.000551687695
1245.0,1.923276992e-06,5.597768734e-06,1.362697836e-05,2.231140695e-05,0.0005762804144
1246.0,1.991451303e-06,5.628529911e-06,1.395580149e-05,2.244678896e-05,0.0006137330148
1247.0,2.086292759e-06,5.796338543e-06,1.43688525e-05,2.280408756e-05,0.0006367206394
1248.0,2.063879704e-06,5.902008714e-06,1.423975319e-05,2.270254703e-05,0.0006178974955
1249.0,1.970778491e-06,5.691556727e-06,1.383897759e-05,2.257602629e-05,0.0005818312874
1250.0,1.935027217e-06,5.548421062e-06,1.378261339e-05,2.307656484e-05,0.0005543210445
1251.0,2.02854701e-06,5.64465895e-06,1.399638192e-05,2.374108345e-05,0.0005527805557
1252.0,2.068166186e-06,5.794663069e-06,1.410442406e-05,2.379520234e-05,0.0005480505622
1253.0,1.996546533e-06,5.761372275e-06,1.375393553e-05,2.329954055e-05,0.0005515945034
1254.0,1.921204687e-06,5.573927267e-06,1.358606995e-05,2.261496539e-05,0.0005661399942
1255.0,1.969994733e-06,5.575589413e-06,1.384349277e-05,2.245415823e-05,0.0006125172989
1256.0,2.070026875e-06,5.723145102e-06,1.425323062e-05,2.260264609e-05,0.0006355539611
1257.0,2.055514503e-06,5.865048935e-06,1.421422339e-05,2.240338456e-05,0.0006206398813
1258.0,1.958861934e-06,5.676570992e-06,1.374621171e-05,2.2035003e-05,0.0005800797635
1259.0,1.931238747e-06,5.533692246e-06,1.371342609e-05,2.241282406e-05,0.0005585114903
1260.0,2.020360757e-06,5.633391558e-06,1.398131297e-05,2.320395079e-05,0.0005502515738
1261.0,2.069137816e-06,5.800438154e-06,1.415213011e-05,2.338670619e-05,0.0005486224805
1262.0,2.015896931e-06,5.804719179e-06,1.381185063e-05,2.305501861e-05,0.0005462483593
1263.0,1.931503521e-06,5.589580757e-06,1.359107695e-05,2.265209936e-05,0.0005689512001
1264.0,1.958116719e-06,5.57777265e-06,1.379476172e-05,2.266489431e-05,0.0006076543005
1265.0,2.061902448e-06,5.713127449e-06,1.413733828e-05,2.288757288e-05,0.0006346233368
1266.0,2.05229483e-06,5.851184987e-06,1.414779495e-05,2.279508818e-05,0.0006157563743
1267.0,1.95337282e-06,5.679259154e-06,1.369200744e-05,2.240213631e-05,0.0005829699533
1268.0,1.916103415e-06,5.529457712e-06,1.361221448e-05,2.229828749e-05,0.0005563643439
1269.0,2.002509747e-06,5.577432118e-06,1.386482161e-05,2.274687985e-05,0.0005512281397
1270.0,2.060538191e-06,5.754199051e-06,1.412790627e-05,2.28419149e-05,0.0005414168601
1271.0,2.015374497e-06,5.816092909e-06,1.382552675e-05,2.231469569e-05,0.0005483633141
1272.0,1.937837388e-06,5.611699018e-06,1.360723377e-05,2.196425972e-05,0.0005636086235
1273.0,1.95461277e-06,5.574410034e-06,1.38349096e-05,2.2348859e-05,0.000604129297
1274.0,2.058016966e-06,5.709441722e-06,1.412269726e-05,2.285825557e-05,0.0006257949592
1275.0,2.065573098e-06,5.855979613e-06,1.41546666e-05,2.286428571e-05,0.0006196132061
1276.0,1.968611875e-06,5.686887229e-06,1.368166589e-05,2.257502937e-05,0.0005834603125
1277.0,1.907677472e-06,5.501234229e-06,1.353804981e-05,2.244991262e-05,0.0005556917721
1278.0,1.985946283e-06,5.543643615e-06,1.373410664e-05,2.264187937e-05,0.0005427905318
1279.0,2.059446575e-06,5.71976102e-06,1.407577093e-05,2.269650614e-05,0.000544764333
1280.0,2.016586617e-06,5.82837488e-06,1.38471387e-05,2.220987103e-05,0.0005458037956
1281.0,1.936011502e-06,5.637140486e-06,1.357623836e-05,2.160593844e-05,0.0005611848316
1282.0,1.950797379e-06,5.580053237e-06,1.378127784e-05,2.188468012e-05,0.0005929255846
1283.0,2.058504083e-06,5.711563927e-06,1.41569274e-05,2.242605796e-05,0.000627404634
1284.0,2.071577132e-06,5.874598556e-06,1.421622974e-05,2.250431311e-05,0.0006192230797
1285.0,1.9825992e-06,5.737156505e-06,1.374178762e-05,2.237570224e-05,0.0005852771376
1286.0,1.914974418e-06,5.521657851e-06,1.355584331e-05,2.242167614e-05,0.0005490930573
1287.0,1.976715856e-06,5.550173695e-06,1.374756938e-05,2.285560246e-05,0.0005457552886
1288.0,2.055527009e-06,5.710795621e-06,1.399890073e-05,2.299477718e-05,0.0005425946626
1289.0,2.020381915e-06,5.814954321e-06,1.379147414e-05,2.260991849e-05,0.0005446848373
1290.0,1.922902852e-06,5.619069724e-06,1.345819202e-05,2.185327285e-05,0.0005509372949
1291.0,1.929039615e-06,5.544936176e-06,1.361912464e-05,2.186694649e-05,0.0005900211871
1292.0,2.042494755e-06,5.665600564e-06,1.402040162e-05,2.2167779e-05,0.0006218724343
1293.0,2.066024956e-06,5.848489475e-06,1.419936083e-05,2.230526482e-05,0.0006173434829
1294.0,1.9838002e-06,5.752264707e-06,1.376719996e-05,2.197234735e-05,0.0005781691819
1295.0,1.918910336e-06,5.55043923e-06,1.355363807e-05,2.197700252e-05,0.0005511197431
1296.0,1.96899666e-06,5.567860152e-06,1.372124114e-05,2.248802619e-05,0.0005414188314
1297.0,2.047348174e-06,5.703209504e-06,1.395321099e-05,2.291572616e-05,0.0005393395722
1298.0,2.026690829e-06,5.810358386e-06,1.379192123e-05,2.259545153e-05,0.0005334214802
1299.0,1.934907428e-06,5.617761542e-06,1.342636901e-05,2.204672096e-05,0.0005502696678
1300.0,1.921219864e-06,5.541303122e-06,1.357193364e-05,2.184249603e-05,0.0005796184013
1301.0,2.031644003e-06,5.642624021e-06,1.395194847e-05,2.213095326e-05,0.0006130212465
1302.0,2.061193196e-06,5.805863084e-06,1.412785537e-05,2.228631045e-05,0.0006063091795
1303.0,1.985020982e-06,5.752881806e-06,1.372454817e-05,2.19411494e-05,0.0005786625984
1304.0,1.912538025e-06,5.538039936e-06,1.350655969e-05,2.183754577e-05,0.0005462708702
1305.0,1.959321637e-06,5.534778106e-06,1.366982551e-05,2.238464778e-05,0.0005361356358
1306.0,2.044574314e-06,5.669569378e-06,1.391321381e-05,2.269973969e-05,0.0005285203755
1307.0,2.029347288e-06,5.805015177e-06,1.382160464e-05,2.229614103e-05,0.0005352202952
1308.0,1.94682537e-06,5.645890704e-06,1.34669202e-05,2.173192212e-05,0.0005418617996
1309.0,1.924697066e-06,5.547850051e-06,1.358632696e-05,2.179268945e-05,0.0005733307302
1310.0,2.019874145e-06,5.633637222e-06,1.390487103e-05,2.224178785e-05,0.0006037315936
1311.0,2.069873991e-06,5.806290164e-06,1.409684492e-05,2.250958121e-05,0.0006090991738
1312.0,1.996057535e-06,5.775667336e-06,1.371726231e-05,2.23022874e-05,0.000578377995
1313.0,1.911764667e-06,5.539425581e-06,1.346912869e-05,2.209052724e-05,0.0005454299805
1314.0,1.943454839e-06,5.510176529e-06,1.353901679e-05,2.238569204e-05,0.0005284342627
1315.0,2.037666784e-06,5.632129721e-06,1.380634091e-05,2.268795521e-05,0.000530289642
1316.0,2.033137736e-06,5.79165208e-06,1.382916503e-05,2.230571103e-05,0.0005284469722
1317.0,1.948282817e-06,5.656157177e-06,1.348441416e-05,2.153354128e-05,0.0005391031046
1318.0,1.918008789e-06,5.527260045e-06,1.350785442e-05,2.14876831e-05,0.0005627190017
1319.0,2.015184777e-06,5.637437553e-06,1.388181339e-05,2.20995505e-05,0.0006029535582
1320.0,2.072744807e-06,5.804116317e-06,1.411805565e-05,2.227801033e-05,0.0006064559631
1321.0,2.017315426e-06,5.803001845e-06,1.377868517e-05,2.22563121e-05,0.0005788153586
1322.0,1.927079583e-06,5.565452377e-06,1.347491684e-05,2.218862046e-05,0.0005403828688
1323.0,1.938173814e-06,5.511875529e-06,1.354622012e-05,2.261351023e-05,0.0005325008369
1324.0,2.036610873e-06,5.633957544e-06,1.376315097e-05,2.293309114e-05,0.0005252682809
1325.0,2.039023651e-06,5.79725577e-06,1.381180707e-05,2.27527094e-05,0.0005245341629
1326.0,1.949767338e-06,5.674264364e-06,1.342197131e-05,2.199513728e-05,0.0005261557377
1327.0,1.916863903e-06,5.543347356e-06,1.347557652e-05,2.158543198e-05,0.0005594340082
1328.0,2.008933059e-06,5.621716938e-06,1.383468535e-05,2.191956711e-05,0.0005969458959
1329.0,2.070797199e-06,5.789353494e-06,1.413803078e-05,2.209109747e-05,0.0006050443654
1330.0,2.019088129e-06,5.819454541e-06,1.380420909e-05,2.189348668e-05,0.0005730520169
1331.0,1.932120605e-06,5.582079142e-06,1.344826431e-05,2.181876808e-05,0.0005439206269
1332.0,1.941598762e-06,5.538776066e-06,1.356679006e-05,2.228534107e-05,0.0005269417817
1333.0,2.038630585e-06,5.652724982e-06,1.379767794e-05,2.280422922e-05,0.0005259658109
1334.0,2.05578614e-06,5.810565481e-06,1.384867091e-05,2.274503622e-05,0.0005188172743
1335.0,1.969380826e-06,5.702817299e-06,1.343923358e-05,2.231277858e-05,0.0005310870341
1336.0,1.914050183e-06,5.538963919e-06,1.342222008e-05,2.194118406e-05,0.0005540143314
1337.0,1.994916985e-06,5.596278664e-06,1.377868854e-05,2.209321078e-05,0.000592249732
1338.0,2.068482716e-06,5.753489828e-06,1.410463205e-05,2.225938208e-05,0.0005964958168
1339.0,2.018174685e-06,5.808672118e-06,1.382483363e-05,2.192797827e-05,0.0005786665153
1340.0,1.92626687e-06,5.591092638e-06,1.344577492e-05,2.159272824e-05,0.0005424053628
1341.0,1.92557475e-06,5.507420875e-06,1.349899925e-05,2.195255861e-05,0.0005248891486
1342.0,2.030121166e-06,5.634026266e-06,1.378912153e-05,2.261893694e-05,0.0005176977435
1343.0,2.059061525e-06,5.804795422e-06,1.389054437e-05,2.257935196e-05,0.0005210918071
1344.0,1.983966398e-06,5.73125878e-06,1.349974067e-05,2.216343098e-05,0.0005270062819
1345.0,1.919429677e-06,5.551117076e-06,1.344004882e-05,2.193608321e-05,0.0005494422814
1346.0,1.986457733e-06,5.602042453e-06,1.376126365e-05,2.221580334e-05,0.0005814366133
1347.0,2.070880237e-06,5.763274211e-06,1.407065164e-05,2.255173578e-05,0.0006004654891
1348.0,2.033974247e-06,5.840800881e-06,1.389118587e-05,2.254165311e-05,0.0005790517907
1349.0,1.933450919e-06,5.621528269e-06,1.349957069e-05,2.221763272e-05,0.0005447420077
1350.0,1.920061485e-06,5.519120695e-06,1.348806655e-05,2.219871393e-05,0.0005218084303
1351.0,2.019871243e-06,5.611294865e-06,1.373069958e-05,2.255381528e-05,0.0005213114392
1352.0,2.052026892e-06,5.805973431e-06,1.391169426e-05,2.251039261e-05,0.0005194111509
1353.0,1.985627021e-06,5.767547903e-06,1.354713658e-05,2.189059172e-05,0.0005248882055
1354.0,1.92222784e-06,5.562645933e-06,1.343096729e-05,2.159433477e-05,0.0005395954004
1355.0,1.977262053e-06,5.581700182e-06,1.370741435e-05,2.199511619e-05,0.0005830960309
1356.0,2.071187689e-06,5.75136165e-06,1.403186587e-05,2.246150267e-05,0.0006009006369
1357.0,2.041903165e-06,5.839438258e-06,1.39005461e-05,2.254260538e-05,0.0005815314294
1358.0,1.944210642e-06,5.632174072e-06,1.350694365e-05,2.235708478e-05,0.0005419228822
1359.0,1.913341797e-06,5.498749915e-06,1.343441584e-05,2.242684649e-05,0.000524974057
1360.0,2.006833313e-06,5.591035554e-06,1.366324643e-05,2.28372241e-05,0.0005191403177
1361.0,2.043840755e-06,5.77229157e-06,1.387130804e-05,2.270573258e-05,0.0005188475987
1362.0,1.978699286e-06,5.772702898e-06,1.350725075e-05,2.206348627e-05,0.0005175021114
1363.0,1.91639117e-06,5.595840293e-06,1.338168425e-05,2.162830621e-05,0.0005401023853
1364.0,1.964200112e-06,5.599050033e-06,1.368297191e-05,2.190150286e-05,0.0005782853252
1365.0,2.068373233e-06,5.748255138e-06,1.407295381e-05,2.22877462e-05,0.0005989148494
1366.0,2.049453373e-06,5.850974518e-06,1.394504099e-05,2.231235754e-05,0.0005797803337
1367.0,1.950017426e-06,5.654676189e-06,1.350370082e-05,2.211010632e-05,0.000547677592
1368.0,1.91407024e-06,5.514864025e-06,1.34608216e-05,2.228527053e-05,0.0005242630718
1369.0,2.00149049e-06,5.598901477e-06,1.371095786e-05,2.284496796e-05,0.0005198070256
1370.0,2.048242744e-06,5.763363862e-06,1.387949861e-05,2.280846137e-05,0.0005123642756
1371.0,1.991776124e-06,5.794841526e-06,1.355600345e-05,2.232527486e-05,0.0005210476078
1372.0,1.913793496e-06,5.596380274e-06,1.336006428e-05,2.171666183e-05,0.0005362496003
1373.0,1.953317912e-06,5.585358759e-06,1.365072983e-05,2.186525776e-05,0.0005739622407
1374.0,2.058754613e-06,5.734267508e-06,1.404284374e-05,2.21098971e-05,0.00059396494
1375.0,2.052477722e-06,5.855766703e-06,1.400413112e-05,2.21878384e-05,0.0005835490837
1376.0,1.953031553e-06,5.666357577e-06,1.351853965e-05,2.199048356e-05,0.0005499678376
1377.0,1.915436679e-06,5.526587986e-06,1.348721769e-05,2.211826075e-05,0.0005265289695
1378.0,1.999667649e-06,5.591086528e-06,1.369899283e-05,2.265578079e-05,0.0005175746219
1379.0,2.059179111e-06,5.758965432e-06,1.393576615e-05,2.278852164e-05,0.0005186060916
1380.0,2.002551787e-06,5.800420156e-06,1.36209897e-05,2.230350896e-05,0.0005195339091
1381.0,1.915947091e-06,5.581920521e-06,1.336076314e-05,2.169561811e-05,0.0005362001383
1382.0,1.942815344e-06,5.57609044e-06,1.360847822e-05,2.182172461e-05,0.0005693209962
1383.0,2.050139784e-06,5.710300315e-06,1.396979574e-05,2.220570158e-05,0.0005966366548
1384.0,2.055367057e-06,5.863995905e-06,1.402640092e-05,2.224234866e-05,0.0005871458413
1385.0,1.969900655e-06,5.711943872e-06,1.362375696e-05,2.207352631e-05,0.0005551810816
1386.0,1.911983818e-06,5.519594448e-06,1.347906202e-05,2.217166913e-05,0.0005267606352
1387.0,1.988466997e-06,5.579295674e-06,1.367937407e-05,2.252272783e-05,0.0005210748905
1388.0,2.053845011e-06,5.738574529e-06,1.39222976e-05,2.275559286e-05,0.0005172166359
1389.0,2.012669695e-06,5.812497843e-06,1.368264982e-05,2.232214764e-05,0.0005210289393
1390.0,1.922587902e-06,5.604772836e-06,1.3400911e-05,2.168836676e-05,0.0005300818686
1391.0,1.934111037e-06,5.549260223e-06,1.358289099e-05,2.162671954e-05,0.0005688944173
1392.0,2.04200887e-06,5.682179886e-06,1.39652674e-05,2.206513962e-05,0.0005981116751
1393.0,2.055341243e-06,5.854726799e-06,1.406060653e-05,2.212961996e-05,0.0005909365579
1394.0,1.97513494e-06,5.745085479e-06,1.365089613e-05,2.189960435e-05,0.0005569679623
1395.0,1.915421026e-06,5.530407429e-06,1.347450044e-05,2.195426082e-05,0.0005296078127
1396.0,1.979072051e-06,5.581664563e-06,1.368452424e-05,2.255895107e-05,0.0005221612786
1397.0,2.051444212e-06,5.737183151e-06,1.3919082e-05,2.285875938e-05,0.0005207020304
1398.0,2.01450292e-06,5.82600184e-06,1.368807571e-05,2.257473452e-05,0.0005183364862
1399.0,1.924579112e-06,5.619473625e-06,1.337940234e-05,2.19833863e-05,0.0005331705562
1400.0,1.925185282e-06,5.548018462e-06,1.356979404e-05,2.19072166e-05,0.000565874614
1401.0,2.030572465e-06,5.664678923e-06,1.392039488e-05,2.207629368e-05,0.0005973302771
1402.0,2.048242225e-06,5.833128115e-06,1.406576055e-05,2.20051853e-05,0.0005914259238
1403.0,1.968494945e-06,5.75052108e-06,1.363318141e-05,2.169899253e-05,0.000561612847
1404.0,1.905243922e-06,5.543400209e-06,1.342794512e-05,2.173237146e-05,0.000530731826
1405.0,1.968794849e-06,5.566411184e-06,1.365287156e-05,2.231200482e-05,0.0005252492173
1406.0,2.049173724e-06,5.721957739e-06,1.392890706e-05,2.276322842e-05,0.0005192326505
1407.0,2.026819275e-06,5.838563317e-06,1.378321798e-05,2.238342473e-05,0.000521691632
1408.0,1.940284138e-06,5.659238007e-06,1.344941126e-05,2.193454474e-05,0.0005297759508
1409.0,1.926752038e-06,5.545570289e-06,1.358630674e-05,2.211441704e-05,0.0005631417956
1410.0,2.031166959e-06,5.670286284e-06,1.394261616e-05,2.259394814e-05,0.0005933136999
1411.0,2.063401193e-06,5.839027325e-06,1.411864772e-05,2.268960235e-05,0.0005967692874
1412.0,1.976399386e-06,5.763413428e-06,1.367799574e-05,2.23489784e-05,0.0005658189304
1413.0,1.901148309e-06,5.542040327e-06,1.344297856e-05,2.203103232e-05,0.000536020675
1414.0,1.952849773e-06,5.547936817e-06,1.361393332e-05,2.221068528e-05,0.0005238943643
1415.0,2.046118431e-06,5.704330866e-06,1.392924144e-05,2.240495721e-05,0.0005233036444
1416.0,2.021889504e-06,5.832995076e-06,1.382106977e-05,2.20408289e-05,0.0005199918197
1417.0,1.942283009e-06,5.673949885e-06,1.347526798e-05,2.147245044e-05,0.0005319387225
1418.0,1.925208515e-06,5.56829403e-06,1.359549392e-05,2.172250055e-05,0.0005581378098
1419.0,2.02754759e-06,5.675261885e-06,1.397499735e-05,2.243490359e-05,0.0005954220803
1420.0,2.075324013e-06,5.850728363e-06,1.420615723e-05,2.279984741e-05,0.0005969449775
1421.0,2.004974827e-06,5.814935907e-06,1.383136134e-05,2.249834391e-05,0.0005716606301
1422.0,1.910483793e-06,5.552823144e-06,1.350616909e-05,2.229866269e-05,0.0005382746263
1423.0,1.9364307e-06,5.534978579e-06,1.358669576e-05,2.247263376e-05,0.0005279610936
1424.0,2.034868457e-06,5.67259434e-06,1.388219223e-05,2.254750898e-05,0.0005215486606
1425.0,2.024516844e-06,5.818933231e-06,1.384378171e-05,2.219074008e-05,0.0005235101996
1426.0,1.936524734e-06,5.68453232e-06,1.347390635e-05,2.152341887e-05,0.0005290864726
1427.0,1.91723275e-06,5.56771915e-06,1.355316323e-05,2.140727083e-05,0.0005623305332
1428.0,2.019304863e-06,5.67252281e-06,1.396710204e-05,2.203757758e-05,0.0005960938196
1429.0,2.075386409e-06,5.840951056e-06,1.424209727e-05,2.246831384e-05,0.0006020212904
1430.0,2.020232271e-06,5.841605224e-06,1.392959928e-05,2.227384619e-05,0.0005738980305
1431.0,1.933720443e-06,5.59601427e-06,1.361794929e-05,2.21379129e-05,0.0005429701082
1432.0,1.939770761e-06,5.547998497e-06,1.366668088e-05,2.268185114e-05,0.0005294873887
1433.0,2.031759525e-06,5.672268039e-06,1.388256726e-05,2.303044679e-05,0.0005284245577
1434.0,2.032884297e-06,5.821998962e-06,1.38666467e-05,2.277412447e-05,0.0005241648037
1435.0,1.945860385e-06,5.697516776e-06,1.347819869e-05,2.194277288e-05,0.0005332489705
1436.0,1.906223404e-06,5.550855604e-06,1.351533774e-05,2.154543341e-05,0.0005586290806
1437.0,2.005613714e-06,5.647944296e-06,1.391596625e-05,2.147981117e-05,0.0005977933666
1438.0,2.068862521e-06,5.828005382e-06,1.42626616e-05,2.171130496e-05,0.0006056085422
1439.0,2.01491481e-06,5.845550392e-06,1.395149964e-05,2.154351957e-05,0.0005820598256
1440.0,1.925014803e-06,5.601499968e-06,1.360404048e-05,2.14966371e-05,0.0005464662194
1441.0,1.933072737e-06,5.532706674e-06,1.365889e-05,2.204266904e-05,0.0005335018811
1442.0,2.030170045e-06,5.644197769e-06,1.38846318e-05,2.279318197e-05,0.0005271587266
1443.0,2.03750123e-06,5.797328697e-06,1.388743178e-05,2.266379294e-05,0.0005282352675
1444.0,1.962296461e-06,5.719715604e-06,1.354923561e-05,2.205285398e-05,0.0005320856392
1445.0,1.913964244e-06,5.558553778e-06,1.354660506e-05,2.176845631e-05,0.0005604713527
1446.0,1.988031669e-06,5.617829027e-06,1.38719637e-05,2.204531124e-05,0.0005970520419
1447.0,2.058279099e-06,5.793381426e-06,1.418008466e-05,2.207366838e-05,0.0006084196959
1448.0,2.014898128e-06,5.867030814e-06,1.395537426e-05,2.180275376e-05,0.0005867152588
1449.0,1.920701966e-06,5.624513027e-06,1.360439972e-05,2.165422279e-05,0.0005527932714
1450.0,1.922611211e-06,5.536430829e-06,1.365111877e-05,2.191101853e-05,0.0005336712027
1451.0,2.023919206e-06,5.641696739e-06,1.389221472e-05,2.243860739e-05,0.0005326702732
1452.0,2.045917589e-06,5.809785558e-06,1.400984723e-05,2.233384049e-05,0.0005286993931
1453.0,1.971210841e-06,5.741631751e-06,1.364221139e-05,2.164421846e-05,0.0005380214624
1454.0,1.91814339e-06,5.557061082e-06,1.357151399e-05,2.139093628e-05,0.0005591368898
1455.0,1.985007894e-06,5.605921187e-06,1.386718432e-05,2.191377863e-05,0.0006003544844
1456.0,2.059214538e-06,5.761429191e-06,1.414061818e-05,2.223122043e-05,0.0006138556313
1457.0,2.023882644e-06,5.855951099e-06,1.397381501e-05,2.198271073e-05,0.000592530974
1458.0,1.923746944e-06,5.622319135e-06,1.357502027e-05,2.171463881e-05,0.0005546050458
1459.0,1.910894721e-06,5.517517626e-06,1.359198064e-05,2.199458074e-05,0.0005369393639
1460.0,2.014365121e-06,5.611966629e-06,1.386700054e-05,2.225861186e-05,0.0005320098003
1461.0,2.044954029e-06,5.786467917e-06,1.405541567e-05,2.211402518e-05,0.0005336319708
1462.0,1.97321586e-06,5.753250389e-06,1.366910415e-05,2.151110913e-05,0.0005355418621
1463.0,1.909998696e-06,5.575883851e-06,1.356442111e-05,2.106190515e-05,0.0005588707936
1464.0,1.972637831e-06,5.605415533e-06,1.388054387e-05,2.148832488e-05,0.0005971431161
1465.0,2.058028434e-06,5.741529865e-06,1.418493614e-05,2.197530179e-05,0.0006174115833
1466.0,2.034225182e-06,5.840966828e-06,1.406250317e-05,2.193392448e-05,0.0005951616284
1467.0,1.939559336e-06,5.63842429e-06,1.363651777e-05,2.158791125e-05,0.0005611862341
1468.0,1.91282669e-06,5.514845941e-06,1.362319645e-05,2.180447586e-05,0.0005405147954
1469.0,2.007846337e-06,5.606873878e-06,1.387686582e-05,2.232330121e-05,0.0005394595406
1470.0,2.048151303e-06,5.780700841e-06,1.408154014e-05,2.229336618e-05,0.0005339637672
1471.0,1.985067098e-06,5.781085282e-06,1.372544832e-05,2.167094127e-05,0.0005418696791
1472.0,1.915546035e-06,5.594026925e-06,1.358932904e-05,2.113860547e-05,0.0005597724341
1473.0,1.963981419e-06,5.602502418e-06,1.389273567e-05,2.135106666e-05,0.0006025643203
1474.0,2.0537704e-06,5.728879385e-06,1.42158948e-05,2.17878247e-05,0.0006211269226
1475.0,2.040502785e-06,5.843516022e-06,1.411429971e-05,2.176214938e-05,0.0006057490421
1476.0,1.945720512e-06,5.638493279e-06,1.36857372e-05,2.151745531e-05,0.0005682459698
1477.0,1.906728865e-06,5.476884356e-06,1.360157787e-05,2.157210456e-05,0.0005463032606
1478.0,1.994868635e-06,5.571309067e-06,1.385573642e-05,2.225349547e-05,0.0005394199158
1479.0,2.043474244e-06,5.741883398e-06,1.404662459e-05,2.228308688e-05,0.0005393872114
1480.0,1.984980176e-06,5.759633037e-06,1.372717071e-05,2.174328207e-05,0.000539739815
1481.0,1.910058391e-06,5.5617889e-06,1.353469323e-05,2.11275983e-05,0.0005609992259
1482.0,1.941981918e-06,5.547443434e-06,1.378327732e-05,2.125427949e-05,0.0005980812428
1483.0,2.040868876e-06,5.684613084e-06,1.411632717e-05,2.167060636e-05,0.0006232752611
1484.0,2.038088987e-06,5.831968801e-06,1.413462249e-05,2.164292649e-05,0.0006080610991
1485.0,1.951391374e-06,5.667512114e-06,1.37405176e-05,2.12252629e-05,0.000574189534
1486.0,1.908463801e-06,5.500106981e-06,1.364924662e-05,2.123321017e-05,0.0005472643469
1487.0,1.983684557e-06,5.548187903e-06,1.382393678e-05,2.166744281e-05,0.000542656148
1488.0,2.0386157e-06,5.714174521e-06,1.40321269e-05,2.185334455e-05,0.0005367727345
1489.0,1.991681766e-06,5.758503354e-06,1.374367168e-05,2.14350896e-05,0.000541459065
1490.0,1.91142972e-06,5.553404948e-06,1.353291395e-05,2.08659918e-05,0.0005553986764
1491.0,1.935981016e-06,5.533030636e-06,1.376375417e-05,2.097562452e-05,0.0005946999185
1492.0,2.04135808e-06,5.682426984e-06,1.414345928e-05,2.137832505e-05,0.0006201528525
1493.0,2.043898485e-06,5.830429798e-06,1.416201561e-05,2.150464791e-05,0.0006114121322
1494.0,1.955141823e-06,5.68097306e-06,1.374470829e-05,2.117392288e-05,0.0005740129565
1495.0,1.904062492e-06,5.494536977e-06,1.361947789e-05,2.115346634e-05,0.0005492034819
1496.0,1.977618129e-06,5.539650549e-06,1.380152511e-05,2.159980468e-05,0.0005427266473
1497.0,2.042979747e-06,5.700781748e-06,1.405353056e-05,2.182017269e-05,0.0005416591894
1498.0,2.005099248e-06,5.781032355e-06,1.382232806e-05,2.140725166e-05,0.0005397555671
1499.0,1.914898724e-06,5.569007682e-06,1.35152528e-05,2.072425355e-05,0.0005561619295
1500.0,1.927983069e-06,5.528744137e-06,1.37400276e-05,2.0743367e-05,0.0005920714992
1501.0,2.034607269e-06,5.650843984e-06,1.408870239e-05,2.121266184e-05,0.0006230928134
1502.0,2.045375907e-06,5.79679797e-06,1.415520992e-05,2.128495117e-05,0.0006109941056
1503.0,1.956978158e-06,5.684814259e-06,1.371433933e-05,2.102300988e-05,0.0005782146407
1504.0,1.896646378e-06,5.483460094e-06,1.355438583e-05,2.08738216e-05,0.0005489114355
1505.0,1.965829075e-06,5.510653728e-06,1.376250816e-05,2.134534178e-05,0.0005424063779
1506.0,2.031478767e-06,5.661545564e-06,1.400178774e-05,2.158859787e-05,0.0005370818452
1507.0,1.998712107e-06,5.763806005e-06,1.379156e-05,2.122478581e-05,0.0005413235773
1508.0,1.915765428e-06,5.580195899e-06,1.348820715e-05,2.066658247e-05,0.0005516610693
1509.0,1.913171871e-06,5.504787562e-06,1.36387707e-05,2.073814763e-05,0.0005882793312
1510.0,2.020482564e-06,5.621618261e-06,1.399801814e-05,2.109388889e-05,0.0006161720342
1511.0,2.042353322e-06,5.783955877e-06,1.412637811e-05,2.122502796e-05,0.0006144475667
1512.0,1.958250545e-06,5.671055752e-06,1.367743679e-05,2.104205937e-05,0.0005819823606
1513.0,1.888676923e-06,5.471795057e-06,1.348698788e-05,2.090937521e-05,0.0005508404577
1514.0,1.949645999e-06,5.494840144e-06,1.368225248e-05,2.121393172e-05,0.0005393523975
1515.0,2.02889698e-06,5.62534741e-06,1.39383166e-05,2.145336385e-05,0.0005391057244
1516.0,2.003198265e-06,5.762052415e-06,1.38066184e-05,2.119236963e-05,0.0005367046079
1517.0,1.916980226e-06,5.595383469e-06,1.347920044e-05,2.036783418e-05,0.0005502739926
1518.0,1.905518893e-06,5.499307919e-06,1.357930546e-05,2.036500245e-05,0.0005790949795
1519.0,2.011195393e-06,5.607679047e-06,1.394515927e-05,2.089211817e-05,0.0006166597498
1520.0,2.043029527e-06,5.766604686e-06,1.409860027e-05,2.10661148e-05,0.0006134150554
1521.0,1.96651625e-06,5.691797029e-06,1.369158165e-05,2.088078385e-05,0.0005812751397
1522.0,1.892146892e-06,5.478673149e-06,1.346505875e-05,2.081304178e-05,0.0005458537922
1523.0,1.93479515e-06,5.47937717e-06,1.361151259e-05,2.113909896e-05,0.0005391770623
1524.0,2.023567418e-06,5.614109772e-06,1.387991638e-05,2.143277576e-05,0.0005354673115
1525.0,2.00963504e-06,5.751728785e-06,1.381487846e-05,2.123905906e-05,0.0005386253022
1526.0,1.917932823e-06,5.59600856e-06,1.345399337e-05,2.052615463e-05,0.0005434716175
1527.0,1.900812188e-06,5.489135184e-06,1.353748383e-05,2.037827788e-05,0.0005778388804
1528.0,2.005319858e-06,5.596769311e-06,1.391879881e-05,2.074930339e-05,0.0006136291697
1529.0,2.049595964e-06,5.769319594e-06,1.418558364e-05,2.097291087e-05,0.0006172481534
1530.0,1.977481828e-06,5.725937391e-06,1.375936091e-05,2.071400756e-05,0.0005822561199
1531.0,1.900726264e-06,5.50206352e-06,1.348103514e-05,2.0544068e-05,0.0005516145566
1532.0,1.932386372e-06,5.489297313e-06,1.361234195e-05,2.099082693e-05,0.0005381977467
1533.0,2.024155049e-06,5.627558495e-06,1.389691208e-05,2.134319513e-05,0.0005368421877
1534.0,2.01590148e-06,5.76043444e-06,1.383279811e-05,2.120032718e-05,0.0005304019209
1535.0,1.928212657e-06,5.602633954e-06,1.341823247e-05,2.060146206e-05,0.0005446560165
1536.0,1.900413939e-06,5.484669483e-06,1.350441093e-05,2.043511747e-05,0.0005745277627
1537.0,1.992234353e-06,5.565237104e-06,1.382396972e-05,2.073536308e-05,0.0006120855446
1538.0,2.043714308e-06,5.731669671e-06,1.4101446e-05,2.09453096e-05,0.0006123017406
1539.0,1.980439193e-06,5.730508843e-06,1.374625809e-05,2.073071664e-05,0.0005874711607
1540.0,1.898567697e-06,5.505172136e-06,1.344958305e-05,2.048273909e-05,0.0005515903462
1541.0,1.923114479e-06,5.477903891e-06,1.356014134e-05,2.079089861e-05,0.000540324765
1542.0,2.019352666e-06,5.604646782e-06,1.384200226e-05,2.117868688e-05,0.0005314534965
1543.0,2.016314187e-06,5.739166913e-06,1.380577164e-05,2.09338592e-05,0.0005341273031
1544.0,1.933538777e-06,5.624796062e-06,1.343073374e-05,2.044069403e-05,0.0005386579771
1545.0,1.898281343e-06,5.485608583e-06,1.347594886e-05,2.029326828e-05,0.0005691617324
1546.0,1.985235512e-06,5.558472737e-06,1.380528125e-05,2.063001805e-05,0.0006025918856
1547.0,2.041288458e-06,5.708378493e-06,1.403825503e-05,2.083142842e-05,0.0006139227724
1548.0,1.991655575e-06,5.748858162e-06,1.376956284e-05,2.074134834e-05,0.0005870528065
1549.0,1.904217649e-06,5.533958162e-06,1.347381368e-05,2.047751608e-05,0.000553587148
1550.0,1.915619845e-06,5.462571523e-06,1.350891932e-05,2.081114624e-05,0.0005335540238
1551.0,2.013388368e-06,5.573812196e-06,1.375124024e-05,2.122877543e-05,0.0005339288287
1552.0,2.02052093e-06,5.745929772e-06,1.381232732e-05,2.106156156e-05,0.0005288664442
1553.0,1.942405895e-06,5.662376855e-06,1.345145999e-05,2.039058214e-05,0.0005358478968
1554.0,1.894731616e-06,5.50019126e-06,1.342723376e-05,2.016015195e-05,0.0005558541556
1555.0,1.976584904e-06,5.558607435e-06,1.377384654e-05,2.054468782e-05,0.0005990901429
1556.0,2.044669806e-06,5.713369709e-06,1.403880705e-05,2.07813164e-05,0.0006080742983
1557.0,2.003641377e-06,5.767071084e-06,1.38016794e-05,2.074234696e-05,0.0005845193748
1558.0,1.909113823e-06,5.535806731e-06,1.344256699e-05,2.057880717e-05,0.0005450776225
1559.0,1.908642694e-06,5.463232297e-06,1.349069151e-05,2.083639725e-05,0.0005328458098
1560.0,2.01076448e-06,5.568904862e-06,1.372708673e-05,2.128105251e-05,0.0005278690402
1561.0,2.031369759e-06,5.743799361e-06,1.384217831e-05,2.12486323e-05,0.0005264866519
1562.0,1.953435709e-06,5.680297527e-06,1.347034388e-05,2.065168102e-05,0.000526635281
1563.0,1.895681776e-06,5.503254975e-06,1.339882542e-05,2.030138317e-05,0.0005556750612
1564.0,1.966288045e-06,5.549467222e-06,1.372358687e-05,2.064926148e-05,0.0005929977523
1565.0,2.044866571e-06,5.722439435e-06,1.406272792e-05,2.092176212e-05,0.0006063958847
1566.0,2.009314244e-06,5.800265035e-06,1.383208432e-05,2.079291927e-05,0.0005796620856
1567.0,1.916539413e-06,5.562833276e-06,1.342954431e-05,2.051312828e-05,0.0005485544744
1568.0,1.900366843e-06,5.461568339e-06,1.343475204e-05,2.06618457e-05,0.0005291349782
1569.0,2.000201291e-06,5.561049559e-06,1.368073459e-05,2.108599939e-05,0.0005254062144
1570.0,2.027601882e-06,5.727483066e-06,1.381088859e-05,2.10654872e-05,0.0005165310633
1571.0,1.9623663e-06,5.696067485e-06,1.344981733e-05,2.061859872e-05,0.0005258145083
1572.0,1.900718405e-06,5.523854879e-06,1.33940705e-05,2.023703059e-05,0.0005454521304
1573.0,1.961932871e-06,5.552268126e-06,1.370398305e-05,2.063577881e-05,0.0005859012211
1574.0,2.053483462e-06,5.704545772e-06,1.40502483e-05,2.100010942e-05,0.0005984048995
1575.0,2.017271609e-06,5.801448019e-06,1.385484028e-05,2.093129797e-05,0.0005827592083
1576.0,1.918508414e-06,5.595905045e-06,1.342942506e-05,2.055689753e-05,0.000547543627
1577.0,1.895342062e-06,5.477717058e-06,1.341803174e-05,2.06758066e-05,0.0005274274686
1578.0,1.989382331e-06,5.551959005e-06,1.364752101e-05,2.107193078e-05,0.0005187079981
1579.0,2.031346566e-06,5.731752838e-06,1.383690035e-05,2.101746546e-05,0.0005193408272
1580.0,1.964696149e-06,5.71701931e-06,1.345981538e-05,2.053350378e-05,0.0005200899237
1581.0,1.896304172e-06,5.526426575e-06,1.333965614e-05,2.014116271e-05,0.0005400974184
1582.0,1.946372991e-06,5.538309028e-06,1.363448709e-05,2.03907528e-05,0.000574148853
1583.0,2.045908616e-06,5.683373226e-06,1.396618031e-05,2.081463924e-05,0.0005994850145
1584.0,2.033988277e-06,5.817847386e-06,1.391177389e-05,2.089946687e-05,0.0005822397825
1585.0,1.933163318e-06,5.619391147e-06,1.346741839e-05,2.055878538e-05,0.0005468481726
1586.0,1.898472221e-06,5.473450702e-06,1.340313827e-05,2.067608181e-05,0.0005203614905
1587.0,1.987743021e-06,5.551549284e-06,1.36353786e-05,2.116052402e-05,0.0005211448724
1588.0,2.035131948e-06,5.731801457e-06,1.385731491e-05,2.122862917e-05,0.0005168896694
1589.0,1.980071247e-06,5.753895911e-06,1.353333002e-05,2.080429647e-05,0.0005201774223
1590.0,1.903803362e-06,5.544610551e-06,1.332237891e-05,2.025105064e-05,0.0005309804454
1591.0,1.9404989e-06,5.542578797e-06,1.358835475e-05,2.042804402e-05,0.0005718146119
1592.0,2.045685517e-06,5.69943175e-06,1.397361641e-05,2.075160168e-05,0.0005949113728
1593.0,2.041696421e-06,5.840470484e-06,1.398009913e-05,2.084547874e-05,0.0005812835689
1594.0,1.947048183e-06,5.64600832e-06,1.35115521e-05,2.068334923e-05,0.0005425783168
1595.0,1.906732845e-06,5.486570067e-06,1.342587424e-05,2.083883644e-05,0.0005231864638
1596.0,1.986463476e-06,5.542808785e-06,1.362365601e-05,2.133835665e-05,0.0005174800853
1597.0,2.039211267e-06,5.718843938e-06,1.387388436e-05,2.137561261e-05,0.0005146506458
1598.0,1.98957228e-06,5.778638028e-06,1.358361735e-05,2.089468881e-05,0.0005119839469
1599.0,1.91301077e-06,5.581758093e-06,1.334833959e-05,2.031140804e-05,0.0005327221329
1600.0,1.937504742e-06,5.5534178e-06,1.357144342e-05,2.039852831e-05,0.0005663073852
1601.0,2.037312658e-06,5.687722589e-06,1.392265142e-05,2.069252281e-05,0.0005906409265
1602.0,2.039767845e-06,5.831657809e-06,1.395007926e-05,2.078985669e-05,0.0005755083587
1603.0,1.949580557e-06,5.673687237e-06,1.350293001e-05,2.058719095e-05,0.0005460372621
1604.0,1.893593911e-06,5.492668854e-06,1.33660956e-05,2.073840205e-05,0.0005207955785
1605.0,1.971776408e-06,5.541765023e-06,1.358637564e-05,2.120361379e-05,0.0005163960007
1606.0,2.037026958e-06,5.70533095e-06,1.382549272e-05,2.144463402e-05,0.0005096641908
1607.0,1.990349032e-06,5.773852673e-06,1.355517505e-05,2.098202951e-05,0.0005139499917
1608.0,1.911448986e-06,5.597411734e-06,1.333505504e-05,2.046024257e-05,0.0005247269137
1609.0,1.926619858e-06,5.530271817e-06,1.351128248e-05,2.048738744e-05,0.0005601286943
1610.0,2.034378877e-06,5.656873177e-06,1.388883255e-05,2.089045414e-05,0.0005827906831
1611.0,2.043783082e-06,5.824885703e-06,1.395421679e-05,2.099193553e-05,0.0005793049744
1612.0,1.955709593e-06,5.705173435e-06,1.351949582e-05,2.069764203e-05,0.0005474439644
1613.0,1.899957499e-06,5.514757577e-06,1.340067157e-05,2.078994747e-05,0.0005211083696
1614.0,1.96009792e-06,5.540306777e-06,1.355868902e-05,2.112406366e-05,0.0005101102299
1615.0,2.034775985e-06,5.697486044e-06,1.379694583e-05,2.132852728e-05,0.0005116525837
1616.0,1.993732258e-06,5.77704825e-06,1.356056985e-05,2.108090533e-05,0.0005108685402
1617.0,1.906716171e-06,5.594640549e-06,1.327298232e-05,2.051113153e-05,0.0005226148335
1618.0,1.906573376e-06,5.51128759e-06,1.341292248e-05,2.045624595e-05,0.0005502869097
1619.0,2.020076945e-06,5.61472315e-06,1.378455884e-05,2.095340812e-05,0.0005842030406
1620.0,2.044645107e-06,5.791363073e-06,1.395991592e-05,2.103925032e-05,0.0005797711961
1621.0,1.961305177e-06,5.713116538e-06,1.353653538e-05,2.064751299e-05,0.0005484323014
1622.0,1.891665496e-06,5.497657095e-06,1.330333764e-05,2.057735876e-05,0.0005169945458
1623.0,1.946102106e-06,5.512951099e-06,1.349267971e-05,2.117389041e-05,0.000513451546
1624.0,2.033829948e-06,5.692638914e-06,1.381492447e-05,2.139098805e-05,0.0005096492212
1625.0,2.005145233e-06,5.80255578e-06,1.364955428e-05,2.103570986e-05,0.0005109762628
1626.0,1.917795864e-06,5.619797458e-06,1.331748738e-05,2.05391614e-05,0.0005165194392
1627.0,1.904592102e-06,5.521557276e-06,1.344214349e-05,2.057103747e-05,0.0005518193832
1628.0,2.013826053e-06,5.644244064e-06,1.381286112e-05,2.087046122e-05,0.0005824008931
1629.0,2.050498947e-06,5.811256243e-06,1.403974533e-05,2.09752058e-05,0.0005811616642
1630.0,1.9728844e-06,5.745323846e-06,1.362570781e-05,2.075868529e-05,0.0005488529442
1631.0,1.89797441e-06,5.515501395e-06,1.336096828e-05,2.065508972e-05,0.0005228464251
1632.0,1.949209336e-06,5.522479847e-06,1.353012073e-05,2.108072482e-05,0.0005127778622
1633.0,2.034014285e-06,5.662071932e-06,1.382671095e-05,2.141885519e-05,0.0005125371978
1634.0,2.021421077e-06,5.823395933e-06,1.375935022e-05,2.112740976e-05,0.000508055612
1635.0,1.937273293e-06,5.666114882e-06,1.341132658e-05,2.057922045e-05,0.0005214848883
1636.0,1.917550351e-06,5.546876445e-06,1.352854332e-05,2.063545371e-05,0.0005485049284
1637.0,2.016255004e-06,5.650629241e-06,1.389313708e-05,2.097824835e-05,0.0005849803957
1638.0,2.05986937e-06,5.832749887e-06,1.409980662e-05,2.117356468e-05,0.0005827973618
1639.0,1.987080658e-06,5.781522887e-06,1.367994888e-05,2.093702234e-05,0.0005558792852
1640.0,1.900395442e-06,5.535436658e-06,1.339098589e-05,2.082829429e-05,0.0005241680411
1641.0,1.931280576e-06,5.487445657e-06,1.345260936e-05,2.10835694e-05,0.0005157663539
1642.0,2.032404119e-06,5.645176703e-06,1.377803228e-05,2.132590721e-05,0.0005113231837
1643.0,2.02622363e-06,5.806684376e-06,1.376179149e-05,2.108603244e-05,0.0005141182367
1644.0,1.942419162e-06,5.678906247e-06,1.342061243e-05,2.040230728e-05,0.0005190390764
1645.0,1.920437692e-06,5.557190926e-06,1.351550395e-05,2.042654656e-05,0.0005506832461
1646.0,2.021408479e-06,5.669128382e-06,1.396228355e-05,2.104192636e-05,0.0005845029104
1647.0,2.070533863e-06,5.833448669e-06,1.417974684e-05,2.133581021e-05,0.0005896342661
1648.0,2.007092213e-06,5.83301657e-06,1.382595967e-05,2.120276753e-05,0.0005599861308
1649.0,1.917699606e-06,5.584359581e-06,1.349329872e-05,2.107851846e-05,0.0005297132707
1650.0,1.926274091e-06,5.51945965e-06,1.355224017e-05,2.13935344e-05,0.0005158276133
1651.0,2.028003587e-06,5.646218249e-06,1.377732289e-05,2.159288811e-05,0.0005163437567
1652.0,2.025014362e-06,5.820957746e-06,1.377539916e-05,2.133477284e-05,0.0005142370984
1653.0,1.945403645e-06,5.711822553e-06,1.342852094e-05,2.079215602e-05,0.0005232108377
1654.0,1.913538035e-06,5.574878572e-06,1.34770188e-05,2.061592998e-05,0.0005459538711
1655.0,2.013448776e-06,5.663958673e-06,1.389602741e-05,2.098841731e-05,0.0005858404011
1656.0,2.072432282e-06,5.825582316e-06,1.420446998e-05,2.131038424e-05,0.0005916747257
1657.0,2.014655636e-06,5.845297483e-06,1.388424566e-05,2.114324471e-05,0.0005659341366
1658.0,1.925344173e-06,5.613952595e-06,1.353968278e-05,2.107852726e-05,0.0005305729911
1659.0,1.9293568e-06,5.54376043e-06,1.35912768e-05,2.153798662e-05,0.0005184865047
1660.0,2.023306572e-06,5.648931558e-06,1.380308019e-05,2.194101661e-05,0.0005138505338
1661.0,2.034406243e-06,5.815858603e-06,1.383704375e-05,2.167445291e-05,0.000516478999
1662.0,1.948079676e-06,5.714508182e-06,1.343128537e-05,2.110461669e-05,0.000519885585
1663.0,1.898453717e-06,5.544962611e-06,1.339721982e-05,2.065552049e-05,0.0005468199233
1664.0,1.990951973e-06,5.616983394e-06,1.379447169e-05,2.077676941e-05,0.0005828940823
1665.0,2.069322184e-06,5.802472787e-06,1.419781587e-05,2.095736101e-05,0.0005955013741
1666.0,2.023254556e-06,5.863593942e-06,1.395313033e-05,2.080822415e-05,0.0005696471876
1667.0,1.929383495e-06,5.627236557e-06,1.357594266e-05,2.061374326e-05,0.0005372521189
1668.0,1.92960521e-06,5.565589331e-06,1.363354145e-05,2.113291278e-05,0.0005201818797
1669.0,2.025001219e-06,5.663948674e-06,1.384422943e-05,2.181946508e-05,0.0005205042677
1670.0,2.041863105e-06,5.836342094e-06,1.391572373e-05,2.184012459e-05,0.0005166451225
1671.0,1.96254708e-06,5.741832411e-06,1.350123098e-05,2.119326474e-05,0.0005243240376
1672.0,1.901675044e-06,5.578399486e-06,1.344420244e-05,2.079088804e-05,0.0005443396297
1673.0,1.97096565e-06,5.626404726e-06,1.378955031e-05,2.091518279e-05,0.0005849462122
1674.0,2.054555098e-06,5.79764189e-06,1.412235243e-05,2.104565557e-05,0.0005953789043
1675.0,2.012636376e-06,5.863676064e-06,1.388801081e-05,2.077238548e-05,0.0005742595173
1676.0,1.920085759e-06,5.630306628e-06,1.351965232e-05,2.063904839e-05,0.0005398535028
1677.0,1.915876226e-06,5.53291786e-06,1.357269002e-05,2.087615711e-05,0.0005244149399
1678.0,2.016723909e-06,5.648555338e-06,1.385212698e-05,2.140435328e-05,0.0005194987094
1679.0,2.044650242e-06,5.814127778e-06,1.400855353e-05,2.130409063e-05,0.0005205205216
1680.0,1.973900403e-06,5.778702535e-06,1.361474932e-05,2.075139248e-05,0.0005235297543
1681.0,1.910108325e-06,5.577987641e-06,1.348568021e-05,2.05205879e-05,0.0005460506969
1682.0,1.965327236e-06,5.612693292e-06,1.378409055e-05,2.082693974e-05,0.0005823018169
1683.0,2.046190553e-06,5.763127977e-06,1.407611051e-05,2.120522992e-05,0.0005991927074
1684.0,2.02108121e-06,5.864326019e-06,1.392915358e-05,2.109910611e-05,0.0005788161833
1685.0,1.920784812e-06,5.632066878e-06,1.351281005e-05,2.085567769e-05,0.0005477656546
1686.0,1.898251331e-06,5.505505836e-06,1.351527331e-05,2.093421673e-05,0.0005267652155
1687.0,2.001250634e-06,5.587446465e-06,1.376068355e-05,2.115220387e-05,0.000524614349
1688.0,2.03425845e-06,5.779491294e-06,1.397017308e-05,2.107576383e-05,0.0005185546294
1689.0,1.976019321e-06,5.780889074e-06,1.366612079e-05,2.044554612e-05,0.000525502697
1690.0,1.912285436e-06,5.588677943e-06,1.351566587e-05,2.010787406e-05,0.0005431734392
1691.0,1.961588911e-06,5.597011638e-06,1.378324195e-05,2.064427666e-05,0.0005841042515
1692.0,2.055962229e-06,5.75975632e-06,1.4143859e-05,2.106372848e-05,0.0006011202969
1693.0,2.033503035e-06,5.858490568e-06,1.400202764e-05,2.114708835e-05,0.0005852772505
1694.0,1.939014758e-06,5.664376227e-06,1.358761862e-05,2.093378352e-05,0.0005492128056
1695.0,1.898720359e-06,5.507221063e-06,1.353182705e-05,2.11535124e-05,0.0005298558228
1696.0,1.991682397e-06,5.588524728e-06,1.377509221e-05,2.150831547e-05,0.0005229283093
1697.0,2.03274744e-06,5.753643335e-06,1.395775265e-05,2.136857748e-05,0.0005239820745
1698.0,1.972799032e-06,5.772872761e-06,1.36399571e-05,2.080054155e-05,0.0005242076512
1699.0,1.898197949e-06,5.568581135e-06,1.345762891e-05,2.0200167e-05,0.0005448824926
1700.0,1.942884685e-06,5.563761824e-06,1.370322339e-05,2.037281259e-05,0.0005800817315
1701.0,2.05227833e-06,5.731402789e-06,1.412555596e-05,2.08503452e-05,0.0006041279951
1702.0,2.045267408e-06,5.872857287e-06,1.41157674e-05,2.088318285e-05,0.0005891165001
1703.0,1.951673858e-06,5.689438784e-06,1.365899288e-05,2.067420607e-05,0.0005579858495
1704.0,1.90952562e-06,5.538014231e-06,1.357819572e-05,2.097606055e-05,0.0005313498643
1705.0,1.988347315e-06,5.597671572e-06,1.380175067e-05,2.163264571e-05,0.0005284538162
1706.0,2.042935641e-06,5.771548595e-06,1.400578794e-05,2.169896666e-05,0.0005229643158
1707.0,1.990616099e-06,5.805949672e-06,1.370299105e-05,2.129626085e-05,0.000528381984
1708.0,1.903472578e-06,5.587849409e-06,1.346536502e-05,2.068296682e-05,0.0005424366682
1709.0,1.929827088e-06,5.550870287e-06,1.369649712e-05,2.057976244e-05,0.0005831470333
1710.0,2.039850328e-06,5.696620366e-06,1.408642723e-05,2.078196633e-05,0.0006070964481
1711.0,2.037844443e-06,5.850262352e-06,1.411060206e-05,2.062689991e-05,0.0005971632783
1712.0,1.949740065e-06,5.698716781e-06,1.367737927e-05,2.031526987e-05,0.0005627390774
1713.0,1.905823647e-06,5.521004455e-06,1.356087992e-05,2.046439012e-05,0.0005396103351
1714.0,1.983631495e-06,5.589161215e-06,1.379461283e-05,2.121839833e-05,0.0005307689637
1715.0,2.051478533e-06,5.756613181e-06,1.408379005e-05,2.150712437e-05,0.0005298716923
1716.0,2.007031241e-06,5.822478713e-06,1.380476157e-05,2.113159981e-05,0.000528306302
1717.0,1.924513977e-06,5.621695172e-06,1.356031656e-05,2.061686817e-05,0.0005474656082
1718.0,1.92322019e-06,5.559878606e-06,1.372490589e-05,2.068351221e-05,0.0005808447138
1719.0,2.031366452e-06,5.695010064e-06,1.408573144e-05,2.092480521e-05,0.0006118111722
1720.0,2.036354491e-06,5.849970999e-06,1.413013594e-05,2.083597506e-05,0.000601466611
1721.0,1.946117332e-06,5.70737287e-06,1.367880139e-05,2.051562357e-05,0.0005698564509
1722.0,1.890762758e-06,5.520679505e-06,1.354730357e-05,2.024912242e-05,0.0005400341681
1723.0,1.966900358e-06,5.557524436e-06,1.374282011e-05,2.072673244e-05,0.0005349380964
1724.0,2.042664975e-06,5.719315619e-06,1.406467753e-05,2.096992188e-05,0.000529873988
1725.0,2.010025286e-06,5.803746824e-06,1.387352923e-05,2.054790712e-05,0.0005349815534
1726.0,1.926334691e-06,5.625730143e-06,1.357617014e-05,2.009007792e-05,0.0005451155066
1727.0,1.925864591e-06,5.562518234e-06,1.373244867e-05,2.040492981e-05,0.0005829379556
1728.0,2.025482591e-06,5.686224112e-06,1.407912635e-05,2.092418866e-05,0.0006122480007
1729.0,2.04311399e-06,5.834716995e-06,1.417137447e-05,2.099614673e-05,0.0006091268242
1730.0,1.956813337e-06,5.720041818e-06,1.37240199e-05,2.070765916e-05,0.0005758860362
1731.0,1.881829862e-06,5.486085397e-06,1.352292863e-05,2.046937176e-05,0.0005473184963
1732.0,1.943654995e-06,5.52879162e-06,1.372346062e-05,2.057756515e-05,0.0005366517823
1733.0,2.028206253e-06,5.682110893e-06,1.403301012e-05,2.062520804e-05,0.0005343606336
1734.0,2.004315084e-06,5.809012179e-06,1.388868469e-05,2.022581776e-05,0.0005327019825
1735.0,1.918245375e-06,5.618643128e-06,1.355698576e-05,1.970888773e-05,0.000545771087
1736.0,1.916750814e-06,5.532689784e-06,1.369685366e-05,1.993407329e-05,0.0005778714293
1737.0,2.017849624e-06,5.63835252e-06,1.403852962e-05,2.058364919e-05,0.000613539515
1738.0,2.043780626e-06,5.800318029e-06,1.417546893e-05,2.082521993e-05,0.0006114859024
1739.0,1.970050614e-06,5.732685098e-06,1.378469535e-05,2.056625016e-05,0.0005799631338
1740.0,1.890981564e-06,5.497287228e-06,1.351512753e-05,2.04345756e-05,0.0005472681245
1741.0,1.929402801e-06,5.479479452e-06,1.366773256e-05,2.076592907e-05,0.0005384128769
1742.0,2.010136113e-06,5.628201625e-06,1.391394403e-05,2.083033146e-05,0.0005324618943
1743.0,1.990882386e-06,5.772908253e-06,1.381601246e-05,2.031001518e-05,0.0005335088803
1744.0,1.907580606e-06,5.621825033e-06,1.347898083e-05,1.971602482e-05,0.0005412868367
1745.0,1.898993834e-06,5.517468831e-06,1.360285054e-05,1.959821913e-05,0.0005753223692
1746.0,2.004958423e-06,5.620703332e-06,1.397550536e-05,2.008903026e-05,0.0006090925043
1747.0,2.042686398e-06,5.762628043e-06,1.418526332e-05,2.034859873e-05,0.0006101750177
1748.0,1.975048978e-06,5.727374648e-06,1.380002371e-05,2.018037585e-05,0.0005808144368
1749.0,1.898210414e-06,5.510408374e-06,1.356691796e-05,2.001793123e-05,0.0005526180778
1750.0,1.92525467e-06,5.485834118e-06,1.366499944e-05,2.05452302e-05,0.0005388644036
1751.0,2.014118394e-06,5.612014518e-06,1.389602519e-05,2.10387264e-05,0.0005362187108
1752.0,1.997811677e-06,5.750492806e-06,1.380958311e-05,2.075875893e-05,0.0005322677626
1753.0,1.905832989e-06,5.595673305e-06,1.343354979e-05,1.993741186e-05,0.0005418748408
1754.0,1.880375416e-06,5.494059734e-06,1.353010769e-05,1.95856616e-05,0.0005700443005
1755.0,1.984484423e-06,5.590628938e-06,1.38998031e-05,1.981835727e-05,0.0006084258479
1756.0,2.040448832e-06,5.757020551e-06,1.41923894e-05,1.986569615e-05,0.0006113995716
1757.0,1.980970306e-06,5.740585409e-06,1.384326127e-05,1.972006445e-05,0.0005877292729
1758.0,1.89915658e-06,5.514872451e-06,1.355498503e-05,1.973997415e-05,0.0005535398218
1759.0,1.920250195e-06,5.48313849e-06,1.366768642e-05,2.022093778e-05,0.0005393155893
1760.0,2.015797796e-06,5.604088022e-06,1.393508785e-05,2.089350222e-05,0.0005325323651
1761.0,2.020258158e-06,5.77218292e-06,1.392586489e-05,2.091158896e-05,0.0005358648659
1762.0,1.931491516e-06,5.646568657e-06,1.353944753e-05,2.024204819e-05,0.0005400415342
1763.0,1.885420665e-06,5.480041096e-06,1.353456871e-05,1.986628613e-05,0.0005674326117
1764.0,1.974385313e-06,5.568581022e-06,1.388625762e-05,1.996502331e-05,0.0006034980996
1765.0,2.034624697e-06,5.741507822e-06,1.415048167e-05,2.005743495e-05,0.0006148776758
1766.0,1.977268226e-06,5.743789363e-06,1.381798673e-05,1.976162366e-05,0.0005881310978
1767.0,1.897859027e-06,5.522946617e-06,1.354371032e-05,1.94914115e-05,0.0005549683876
1768.0,1.913740176e-06,5.462361889e-06,1.362711601e-05,2.000004759e-05,0.0005375653993
1769.0,2.016443982e-06,5.594656639e-06,1.392834168e-05,2.057090477e-05,0.0005379335768
1770.0,2.029041922e-06,5.76570831e-06,1.39971153e-05,2.044029488e-05,0.0005332930295
1771.0,1.950560696e-06,5.673618977e-06,1.360225876e-05,1.996254144e-05,0.0005409731006
1772.0,1.899436641e-06,5.497049321e-06,1.355444924e-05,1.979658547e-05,0.0005609753927
1773.0,1.974816942e-06,5.570616793e-06,1.389861007e-05,2.014800757e-05,0.0006049823671
1774.0,2.036213846e-06,5.725875457e-06,1.413174305e-05,2.037233288e-05,0.0006161771781
1775.0,1.989713795e-06,5.781330931e-06,1.386961239e-05,2.019838188e-05,0.0005924922522
1776.0,1.898241021e-06,5.542038811e-06,1.352024727e-05,1.987884364e-05,0.0005549815979
1777.0,1.893606149e-06,5.454759219e-06,1.354338282e-05,1.983065194e-05,0.0005423059158
1778.0,2.000088937e-06,5.572138448e-06,1.384066789e-05,2.003169553e-05,0.0005363478629
1779.0,2.019473383e-06,5.742772222e-06,1.395643358e-05,1.989443063e-05,0.0005344583842
1780.0,1.94998722e-06,5.681358633e-06,1.358890037e-05,1.941415595e-05,0.0005337554106
1781.0,1.900295377e-06,5.51429841e-06,1.353954003e-05,1.926508059e-05,0.0005629711778
1782.0,1.970833822e-06,5.559254595e-06,1.385124528e-05,1.991747777e-05,0.0006000057173
1783.0,2.04856878e-06,5.704361669e-06,1.412413406e-05,2.036801411e-05,0.0006150933084
1784.0,2.005583534e-06,5.76864096e-06,1.389464653e-05,2.027145783e-05,0.0005892344864
1785.0,1.902879023e-06,5.529263648e-06,1.347631057e-05,1.987863683e-05,0.0005590552284
1786.0,1.887050843e-06,5.448765249e-06,1.348973432e-05,2.005393426e-05,0.000539141825
1787.0,1.984846788e-06,5.542806438e-06,1.373256424e-05,2.019086955e-05,0.0005360102753
1788.0,2.010489444e-06,5.708715252e-06,1.387659419e-05,1.999631741e-05,0.0005283915214
1789.0,1.948347554e-06,5.686929098e-06,1.352174946e-05,1.947383571e-05,0.0005377944552
1790.0,1.89000897e-06,5.513510931e-06,1.346530865e-05,1.915873025e-05,0.000554954809
1791.0,1.957719884e-06,5.551798328e-06,1.37918828e-05,1.956665613e-05,0.0005961579682
1792.0,2.048088514e-06,5.692584647e-06,1.411003713e-05,2.005155027e-05,0.0006087823608
1793.0,2.022555453e-06,5.786319779e-06,1.396374077e-05,2.004520296e-05,0.0005969205967
1794.0,1.920111122e-06,5.571163528e-06,1.354464081e-05,1.98090376e-05,0.0005589270284
1795.0,1.886636879e-06,5.438858798e-06,1.344197534e-05,2.006360516e-05,0.0005380746891
1796.0,1.973955611e-06,5.516238646e-06,1.364088483e-05,2.047697452e-05,0.0005286888824
1797.0,2.007111389e-06,5.683755613e-06,1.378095174e-05,2.03198497e-05,0.0005303665885
1798.0,1.9454678e-06,5.687689123e-06,1.346571458e-05,1.972652989e-05,0.0005308315313
1799.0,1.876405437e-06,5.491680856e-06,1.331414206e-05,1.913875231e-05,0.0005486827043
1800.0,1.928588686e-06,5.502283931e-06,1.363144507e-05,1.924641399e-05,0.0005817936336
1801.0,2.029518112e-06,5.646644707e-06,1.399672231e-05,1.966041031e-05,0.0006089960811
1802.0,2.018839546e-06,5.763394569e-06,1.395260686e-05,1.974108482e-05,0.0005901460161
1803.0,1.923337845e-06,5.575935627e-06,1.350921087e-05,1.95708412e-05,0.0005564578723
1804.0,1.887888473e-06,5.423773478e-06,1.345015657e-05,1.978326779e-05,0.0005290666105
1805.0,1.974399171e-06,5.508603574e-06,1.364293509e-05,2.044158187e-05,0.0005302338055
1806.0,2.01762753e-06,5.675689207e-06,1.380640759e-05,2.055951332e-05,0.0005249315649
1807.0,1.959758611e-06,5.699314842e-06,1.349717694e-05,1.998084216e-05,0.0005289556445
1808.0,1.875977533e-06,5.488622824e-06,1.328554886e-05,1.93303196e-05,0.000539882813
1809.0,1.912961465e-06,5.497083153e-06,1.354809943e-05,1.931179223e-05,0.0005816267592
1810.0,2.020843609e-06,5.649635696e-06,1.395240156e-05,1.968631087e-05,0.0006043998817
1811.0,2.021280217e-06,5.794410064e-06,1.398397245e-05,1.961536186e-05,0.0005896655569
1812.0,1.930045255e-06,5.614199352e-06,1.352502015e-05,1.942843649e-05,0.0005517380041
1813.0,1.883999536e-06,5.442303314e-06,1.34015688e-05,1.951820487e-05,0.0005312267453
1814.0,1.963177654e-06,5.500675364e-06,1.360952073e-05,2.013096969e-05,0.0005224809992
1815.0,2.027006697e-06,5.668438532e-06,1.385076509e-05,2.042175194e-05,0.000522420643
1816.0,1.975777066e-06,5.715032867e-06,1.354459552e-05,2.001520594e-05,0.0005181951525
1817.0,1.889711739e-06,5.517022138e-06,1.329535786e-05,1.941056164e-05,0.0005382953896
1818.0,1.906760233e-06,5.497269541e-06,1.352610435e-05,1.938871056e-05,0.0005715235493
1819.0,2.008264151e-06,5.634906584e-06,1.387217179e-05,1.970124999e-05,0.000597322594
1820.0,2.013181464e-06,5.777359272e-06,1.388322981e-05,1.973317923e-05,0.0005852016406
1821.0,1.924656826e-06,5.626354071e-06,1.342456931e-05,1.937968444e-05,0.0005574309659
1822.0,1.872081304e-06,5.448154458e-06,1.332144882e-05,1.938917191e-05,0.0005282398592
1823.0,1.947936515e-06,5.497755185e-06,1.353489136e-05,1.987722469e-05,0.0005221410075
1824.0,2.020074795e-06,5.653769517e-06,1.379533194e-05,2.010014974e-05,0.0005145000535
1825.0,1.983953241e-06,5.733151106e-06,1.357594261e-05,1.974333455e-05,0.0005211955877
1826.0,1.897773138e-06,5.543242163e-06,1.329527789e-05,1.921837484e-05,0.0005310659439
1827.0,1.899194434e-06,5.486754161e-06,1.344755456e-05,1.939784559e-05,0.0005650415672
1828.0,2.003629174e-06,5.602086638e-06,1.378625113e-05,1.982937131e-05,0.0005898226188
1829.0,2.015281094e-06,5.751862666e-06,1.38676042e-05,1.987743384e-05,0.0005884305913
1830.0,1.931614754e-06,5.655271074e-06,1.344483255e-05,1.953851917e-05,0.0005555193033
1831.0,1.870788457e-06,5.44749015e-06,1.326400766e-05,1.931012419e-05,0.0005273289095
1832.0,1.927552737e-06,5.468834887e-06,1.3440447e-05,1.964256502e-05,0.0005134089062
1833.0,2.006371372e-06,5.623565716e-06,1.372144852e-05,1.986977422e-05,0.0005170245963
1834.0,1.982331825e-06,5.736542831e-06,1.354154144e-05,1.95127312e-05,0.0005139320885
1835.0,1.901076052e-06,5.551601586e-06,1.32413108e-05,1.908403564e-05,0.0005255660595
1836.0,1.892718087e-06,5.456560435e-06,1.337361961e-05,1.921247802e-05,0.0005520687938
1837.0,1.997985957e-06,5.58135222e-06,1.373007688e-05,1.979396781e-05,0.0005885157551
1838.0,2.026751178e-06,5.743989043e-06,1.390535318e-05,1.998773285e-05,0.0005842929526
1839.0,1.947175397e-06,5.673211901e-06,1.349634803e-05,1.974858008e-05,0.0005523443575
1840.0,1.872374573e-06,5.434093396e-06,1.325382837e-05,1.948089641e-05,0.0005192243142
1841.0,1.919212354e-06,5.429616511e-06,1.337776859e-05,1.984497232e-05,0.0005171849589
1842.0,2.000061492e-06,5.582388783e-06,1.366975598e-05,2.004164294e-05,0.0005115707776
1843.0,1.985581198e-06,5.735840162e-06,1.35934054e-05,1.962480671e-05,0.0005125364022
1844.0,1.90458837e-06,5.563363678e-06,1.325073391e-05,1.907352421e-05,0.0005169583069
1845.0,1.895971362e-06,5.475627723e-06,1.338326664e-05,1.920202252e-05,0.0005528841777
1846.0,2.001053505e-06,5.596461511e-06,1.378226147e-05,1.968353912e-05,0.0005847853656
1847.0,2.034443404e-06,5.757281498e-06,1.394341617e-05,1.988438664e-05,0.0005820752272
1848.0,1.9659409e-06,5.708900737e-06,1.355473928e-05,1.983730872e-05,0.0005497885699
1849.0,1.883965258e-06,5.472546929e-06,1.328309834e-05,1.972337927e-05,0.0005249079338
1850.0,1.916535004e-06,5.448306239e-06,1.340187003e-05,2.003606094e-05,0.0005134869313
1851.0,2.005613657e-06,5.581273142e-06,1.365854609e-05,2.028846651e-05,0.0005099304802
1852.0,1.990257032e-06,5.72412435e-06,1.3573668e-05,2.007302207e-05,0.0005046339765
1853.0,1.905244829e-06,5.580283454e-06,1.322515407e-05,1.935561784e-05,0.0005193294258
1854.0,1.884435099e-06,5.46601457e-06,1.332705403e-05,1.91540113e-05,0.0005463547392
1855.0,1.992446529e-06,5.585470059e-06,1.374479158e-05,1.966563295e-05,0.0005795096749
1856.0,2.04067546e-06,5.756225568e-06,1.397955628e-05,1.990489255e-05,0.0005799852316
1857.0,1.981628015e-06,5.749959296e-06,1.364431814e-05,1.974098852e-05,0.0005582176715
1858.0,1.896369251e-06,5.51686709e-06,1.332818585e-05,1.968859734e-05,0.0005263534376
1859.0,1.918312771e-06,5.478492105e-06,1.343290237e-05,2.011732242e-05,0.0005145512282
1860.0,2.005601204e-06,5.584744301e-06,1.36372501e-05,2.05059276e-05,0.000506445185
1861.0,2.008187822e-06,5.756339382e-06,1.366699793e-05,2.038044159e-05,0.0005113350828
1862.0,1.91739201e-06,5.625223495e-06,1.326509666e-05,1.97390612e-05,0.0005157618546
1863.0,1.882494533e-06,5.480044362e-06,1.330735843e-05,1.938593135e-05,0.0005420752759
1864.0,1.979266397e-06,5.559871113e-06,1.367090424e-05,1.960003479e-05,0.0005720895689
1865.0,2.034605848e-06,5.734458196e-06,1.395328858e-05,1.978683092e-05,0.0005834578668
1866.0,1.978945978e-06,5.759983213e-06,1.36383835e-05,1.961799393e-05,0.0005591044531
1867.0,1.890221484e-06,5.524037172e-06,1.330018382e-05,1.948040046e-05,0.000525514682
1868.0,1.90885127e-06,5.487598798e-06,1.339267834e-05,1.98542032e-05,0.0005098866977
1869.0,2.008473005e-06,5.612497944e-06,1.3650551e-05,2.038265871e-05,0.0005107994248
1870.0,2.013295387e-06,5.770624826e-06,1.371205176e-05,2.028705168e-05,0.0005077569144
1871.0,1.930025426e-06,5.642674256e-06,1.331191794e-05,1.970623029e-05,0.0005146819476
1872.0,1.881504941e-06,5.481037863e-06,1.327499292e-05,1.94769369e-05,0.0005327501642
1873.0,1.964018424e-06,5.553948202e-06,1.360864495e-05,1.976559793e-05,0.0005746996964
1874.0,2.028130506e-06,5.722140429e-06,1.390637556e-05,1.992212252e-05,0.0005820363728
1875.0,1.977107572e-06,5.750406073e-06,1.362424296e-05,1.968348549e-05,0.0005583521867
1876.0,1.885403145e-06,5.525835283e-06,1.326593834e-05,1.949794623e-05,0.0005247624897
1877.0,1.89297475e-06,5.462490303e-06,1.333083882e-05,1.967735166e-05,0.0005138854231
1878.0,1.996878334e-06,5.578780768e-06,1.360449679e-05,2.012265172e-05,0.0005094429811
1879.0,2.008799924e-06,5.731687405e-06,1.369586915e-05,2.000545609e-05,0.0005077062735
1880.0,1.93298143e-06,5.661297051e-06,1.331388873e-05,1.95033791e-05,0.0005079655527
1881.0,1.885542254e-06,5.498888563e-06,1.32830611e-05,1.93472695e-05,0.0005340561996
1882.0,1.954012779e-06,5.543555228e-06,1.359225388e-05,1.981929195e-05,0.0005693522791
1883.0,2.031841587e-06,5.69956655e-06,1.389220025e-05,2.013174555e-05,0.0005816897487
1884.0,1.993506772e-06,5.766463724e-06,1.366472677e-05,2.010266529e-05,0.0005591684599
1885.0,1.891041709e-06,5.519432654e-06,1.326678688e-05,1.981171628e-05,0.0005282103946
1886.0,1.879532159e-06,5.426735113e-06,1.329661728e-05,1.996654634e-05,0.0005102854794
1887.0,1.982166537e-06,5.534681334e-06,1.35495361e-05,2.017304909e-05,0.0005090687311
1888.0,2.006046119e-06,5.710337254e-06,1.367777959e-05,2.014082658e-05,0.0005045655666
1889.0,1.935217102e-06,5.652931208e-06,1.332157345e-05,1.956432871e-05,0.0005122059506
1890.0,1.876645091e-06,5.482975074e-06,1.323444918e-05,1.917610003e-05,0.0005299711346
1891.0,1.947494084e-06,5.523045755e-06,1.357357091e-05,1.969468659e-05,0.0005684176601
1892.0,2.035030842e-06,5.679231274e-06,1.391882555e-05,2.007134745e-05,0.0005828743408
1893.0,2.00603231e-06,5.774132339e-06,1.37696089e-05,2.001598914e-05,0.0005660162942
1894.0,1.912412203e-06,5.56825316e-06,1.338128082e-05,1.981880556e-05,0.0005324913956
1895.0,1.887707344e-06,5.453760643e-06,1.336107262e-05,2.011561488e-05,0.0005156378901
1896.0,1.977589773e-06,5.541219048e-06,1.355274675e-05,2.05162708e-05,0.0005097338517
1897.0,2.014869491e-06,5.723812733e-06,1.371795218e-05,2.050177848e-05,0.0005101588902
1898.0,1.946564597e-06,5.700376967e-06,1.336813223e-05,2.008313039e-05,0.0005093530024
1899.0,1.872611662e-06,5.487047548e-06,1.322394789e-05,1.957319129e-05,0.0005292417494
1900.0,1.930073239e-06,5.501986925e-06,1.349796487e-05,1.96725246e-05,0.0005642456064
1901.0,2.027969838e-06,5.660452257e-06,1.389303552e-05,1.995592897e-05,0.0005851840662
1902.0,2.010121788e-06,5.774027149e-06,1.380730579e-05,1.992424668e-05,0.000568217594
1903.0,1.914797571e-06,5.589323863e-06,1.339195195e-05,1.961822583e-05,0.0005356837753
1904.0,1.893795045e-06,5.477597549e-06,1.341340722e-05,1.979650377e-05,0.000515307097
1905.0,1.976440021e-06,5.559038985e-06,1.361677989e-05,2.045525469e-05,0.0005140064558
1906.0,2.017524707e-06,5.734993216e-06,1.379535062e-05,2.050364546e-05,0.000509905006
1907.0,1.960757956e-06,5.746356196e-06,1.346821797e-05,2.014040385e-05,0.0005132443027
1908.0,1.884646594e-06,5.526955067e-06,1.327664861e-05,1.979224464e-05,0.0005278859556
1909.0,1.922358254e-06,5.512948245e-06,1.353198439e-05,1.987285611e-05,0.0005667024872
1910.0,2.028031716e-06,5.662110009e-06,1.393394965e-05,2.007713329e-05,0.0005858545791
1911.0,2.017406471e-06,5.796467477e-06,1.390657026e-05,2.004719312e-05,0.0005728506454
1912.0,1.919519821e-06,5.608989217e-06,1.342567853e-05,1.978095932e-05,0.0005406303365
1913.0,1.886769681e-06,5.468840135e-06,1.337663951e-05,1.98095159e-05,0.0005199830816
1914.0,1.979662015e-06,5.552283609e-06,1.36532393e-05,2.036548379e-05,0.0005132151578
1915.0,2.027927927e-06,5.715117605e-06,1.386507942e-05,2.060888291e-05,0.0005142542575
1916.0,1.977437776e-06,5.777252819e-06,1.359884562e-05,2.009233396e-05,0.0005134486815
1917.0,1.900388615e-06,5.561933651e-06,1.335823251e-05,1.964664134e-05,0.0005307325372
1918.0,1.922174295e-06,5.524306925e-06,1.358865169e-05,1.991553327e-05,0.0005633469476
1919.0,2.02813814e-06,5.674639346e-06,1.39420028e-05,2.026935707e-05,0.0005903980363
1920.0,2.024029362e-06,5.80829948e-06,1.393413368e-05,2.018908537e-05,0.0005781068036
1921.0,1.933383235e-06,5.6455152e-06,1.349866222e-05,1.995040783e-05,0.0005461018315
1922.0,1.881730212e-06,5.466417528e-06,1.337519435e-05,1.996997392e-05,0.0005205886141
1923.0,1.964560812e-06,5.513284158e-06,1.360042839e-05,2.039369004e-05,0.0005176760222
1924.0,2.02694452e-06,5.688022941e-06,1.387207177e-05,2.049280476e-05,0.000514287212
1925.0,1.982657443e-06,5.7783113e-06,1.362611378e-05,2.009686414e-05,0.0005168400849
1926.0,1.903928255e-06,5.588153336e-06,1.338455541e-05,1.960233687e-05,0.0005260545649
1927.0,1.921817314e-06,5.539198973e-06,1.361453899e-05,1.977795585e-05,0.0005635033897
1928.0,2.023943434e-06,5.679304434e-06,1.397432367e-05,2.025472836e-05,0.000587705653
1929.0,2.032264196e-06,5.8397942e-06,1.401016625e-05,2.034831137e-05,0.0005824930562
1930.0,1.943584051e-06,5.690066266e-06,1.35652023e-05,2.018388653e-05,0.0005498171295
1931.0,1.884405386e-06,5.496498014e-06,1.34282594e-05,2.016870522e-05,0.0005258485563
1932.0,1.951106868e-06,5.520116656e-06,1.359390799e-05,2.043997204e-05,0.0005183092433
1933.0,2.024817432e-06,5.685400271e-06,1.38768147e-05,2.056899075e-05,0.0005169661512
1934.0,1.985716731e-06,5.767979875e-06,1.364991975e-05,2.025861244e-05,0.0005150393624
1935.0,1.897623708e-06,5.58499072e-06,1.335051721e-05,1.972339621e-05,0.0005309719279
1936.0,1.908733144e-06,5.523964726e-06,1.354758866e-05,1.971461491e-05,0.000564221024
1937.0,2.021130023e-06,5.651843465e-06,1.394399255e-05,2.020363528e-05,0.000594018885
1938.0,2.040062716e-06,5.823476305e-06,1.407937849e-05,2.034764608e-05,0.0005846319509
1939.0,1.954528736e-06,5.719885328e-06,1.364496456e-05,1.997486491e-05,0.0005556379066
1940.0,1.890921393e-06,5.508295567e-06,1.346876193e-05,1.996873519e-05,0.0005277995627
1941.0,1.947914886e-06,5.53706014e-06,1.366401472e-05,2.040494614e-05,0.0005230310469
1942.0,2.0241788e-06,5.685092968e-06,1.387481286e-05,2.06102205e-05,0.000519032672
1943.0,1.992209463e-06,5.776625624e-06,1.367026923e-05,2.028177815e-05,0.0005211922799
1944.0,1.910707725e-06,5.609359087e-06,1.341776078e-05,1.975619638e-05,0.0005297497464
1945.0,1.908931032e-06,5.521160431e-06,1.357352652e-05,1.973544333e-05,0.0005647829085
1946.0,2.020612559e-06,5.653361186e-06,1.398195189e-05,1.995929112e-05,0.0005930033864
1947.0,2.047016808e-06,5.818544337e-06,1.414957509e-05,2.008416816e-05,0.000591866009
1948.0,1.962336754e-06,5.734348805e-06,1.370829833e-05,1.986014538e-05,0.0005607952746
1949.0,1.894714671e-06,5.518232643e-06,1.35039809e-05,1.974734456e-05,0.0005327028216
1950.0,1.946943587e-06,5.535715948e-06,1.368535923e-05,2.025996994e-05,0.0005229427326
1951.0,2.031541064e-06,5.692761345e-06,1.395419032e-05,2.060979102e-05,0.0005237421414
1952.0,2.012067254e-06,5.827605375e-06,1.384913142e-05,2.034816465e-05,0.0005226612059
1953.0,1.923750743e-06,5.641160471e-06,1.349597461e-05,1.973436281e-05,0.0005345921523
1954.0,1.908499377e-06,5.542701993e-06,1.362481946e-05,1.974938078e-05,0.0005636001532
1955.0,2.012742306e-06,5.654269608e-06,1.397885172e-05,2.00319526e-05,0.0005995094712
1956.0,2.050815973e-06,5.8286142e-06,1.421501281e-05,2.013324018e-05,0.0005963981108
1957.0,1.979813175e-06,5.7664879e-06,1.380081847e-05,1.992268014e-05,0.000567392837
1958.0,1.904859136e-06,5.559840563e-06,1.357100507e-05,1.977556492e-05,0.0005364951523
1959.0,1.943599402e-06,5.534021024e-06,1.368823313e-05,2.021094245e-05,0.0005286008215
1960.0,2.032322809e-06,5.679776752e-06,1.397074041e-05,2.050749718e-05,0.0005259573138
1961.0,2.017747827e-06,5.819336541e-06,1.3913393e-05,2.02653309e-05,0.0005291820112
1962.0,1.932958059e-06,5.671963023e-06,1.356139274e-05,1.968477732e-05,0.0005360858744
1963.0,1.908287266e-06,5.555663038e-06,1.363701252e-05,1.957840473e-05,0.0005677911235
1964.0,2.002834136e-06,5.636863072e-06,1.397311923e-05,2.007440801e-05,0.0005999005321
1965.0,2.051675882e-06,5.817692951e-06,1.422671824e-05,2.025144402e-05,0.000605126436
1966.0,1.986485255e-06,5.808684079e-06,1.388202747e-05,2.008337428e-05,0.0005763902362
1967.0,1.892383961e-06,5.542877261e-06,1.35150793e-05,1.984554727e-05,0.0005438014546
1968.0,1.921661857e-06,5.520532917e-06,1.363782157e-05,2.01600571e-05,0.0005290454932
1969.0,2.021565429e-06,5.639957023e-06,1.390889677e-05,2.038743113e-05,0.000529387221
1970.0,2.019817683e-06,5.806812084e-06,1.393565396e-05,2.018106542e-05,0.0005270234496
1971.0,1.93467754e-06,5.663198896e-06,1.356330157e-05,1.952236887e-05,0.0005372595551
1972.0,1.898567802e-06,5.535213791e-06,1.360856708e-05,1.937676334e-05,0.0005632940304
1973.0,1.990966524e-06,5.629032403e-06,1.396730422e-05,1.98642187e-05,0.0006027740197
1974.0,2.050496473e-06,5.802026958e-06,1.424324588e-05,2.01148376e-05,0.0006068784348
1975.0,1.992498082e-06,5.812668883e-06,1.391671178e-05,1.999513e-05,0.0005817668416
1976.0,1.897134521e-06,5.554268092e-06,1.355540729e-05,1.978428964e-05,0.0005455446443
1977.0,1.909529159e-06,5.512484201e-06,1.364610563e-05,1.997023375e-05,0.0005345390672
1978.0,2.007836334e-06,5.62860419e-06,1.388080772e-05,2.035049997e-05,0.0005285519765
1979.0,2.016091523e-06,5.791441816e-06,1.39249722e-05,2.011238288e-05,0.0005305328121
1980.0,1.931964702e-06,5.681106232e-06,1.354774148e-05,1.95073451e-05,0.0005365622525
1981.0,1.887773961e-06,5.510460257e-06,1.352792004e-05,1.919016415e-05,0.0005658941726
1982.0,1.97197568e-06,5.590951984e-06,1.38906501e-05,1.953893354e-05,0.0006030278683
1983.0,2.036627106e-06,5.75724157e-06,1.417297879e-05,1.990165781e-05,0.0006132651766
1984.0,1.990619851e-06,5.797925947e-06,1.390239337e-05,1.971312335e-05,0.0005850006072
1985.0,1.898729607e-06,5.546167423e-06,1.354960562e-05,1.95406436e-05,0.0005505760121
1986.0,1.896255565e-06,5.467192279e-06,1.360894416e-05,1.983234419e-05,0.0005325091517
1987.0,1.995234656e-06,5.589174666e-06,1.38442595e-05,2.016408239e-05,0.0005313658712
1988.0,2.012625305e-06,5.772794793e-06,1.394087909e-05,2.006049953e-05,0.00052832989
1989.0,1.935611353e-06,5.681870826e-06,1.355532622e-05,1.953889124e-05,0.0005371971402
1990.0,1.883892088e-06,5.517001251e-06,1.352694016e-05,1.914779598e-05,0.0005596920187
1991.0,1.963715582e-06,5.570925493e-06,1.386710284e-05,1.943709062e-05,0.0006012324811
1992.0,2.035911966e-06,5.713812376e-06,1.418071066e-05,1.963220328e-05,0.0006118036151
1993.0,1.996900762e-06,5.79697292e-06,1.398961809e-05,1.953094739e-05,0.0005917582369
1994.0,1.909801365e-06,5.584048131e-06,1.363325088e-05,1.926109248e-05,0.0005539121586
1995.0,1.902450124e-06,5.491552088e-06,1.365726667e-05,1.962687893e-05,0.0005380794055
1996.0,1.997446291e-06,5.58571345e-06,1.389836406e-05,2.008969795e-05,0.0005328188461
1997.0,2.018118298e-06,5.745953587e-06,1.396818237e-05,1.999927807e-05,0.0005328624677
1998.0,1.945223973e-06,5.700129916e-06,1.360195038e-05,1.949137755e-05,0.0005341690781
1999.0,1.883125973e-06,5.505766486e-06,1.348221624e-05,1.907477834e-05,0.000556875977
2000.0,1.950735396e-06,5.558002747e-06,1.381044155e-05,1.925820555e-05,0.0005947489384
2001.0,2.03715606e-06,5.709369311e-06,1.415508956e-05,1.954259883e-05,0.0006156696421
2002.0,2.006336179e-06,5.802135828e-06,1.400425149e-05,1.946664406e-05,0.0005929678482
2003.0,1.907751967e-06,5.592802801e-06,1.358773888e-05,1.920945527e-05,0.0005566161569
2004.0,1.891346761e-06,5.482442096e-06,1.358773114e-05,1.936475832e-05,0.0005367510153
2005.0,1.985954607e-06,5.555637012e-06,1.382432487e-05,1.994681055e-05,0.0005354415495
2006.0,2.019408891e-06,5.727838972e-06,1.398765266e-05,1.994851549e-05,0.0005311740567
2007.0,1.952694678e-06,5.703134112e-06,1.360945098e-05,1.937814178e-05,0.0005365390852
2008.0,1.884592033e-06,5.498612239e-06,1.346545725e-05,1.88693623e-05,0.0005532486171
2009.0,1.932734977e-06,5.529720873e-06,1.37541158e-05,1.9218088e-05,0.0005951020857
2010.0,2.027962121e-06,5.689251706e-06,1.410148031e-05,1.953530701e-05,0.0006134844398
2011.0,2.011807468e-06,5.805410527e-06,1.402144966e-05,1.949972635e-05,0.000597829717
2012.0,1.914888947e-06,5.5846097e-06,1.358531517e-05,1.935143683e-05,0.0005605157856
2013.0,1.881969704e-06,5.447997219e-06,1.351266575e-05,1.937535623e-05,0.0005390861447
2014.0,1.971077343e-06,5.514853043e-06,1.372404877e-05,1.977499681e-05,0.0005303812247
2015.0,2.018461662e-06,5.689393578e-06,1.395270283e-05,1.98636615e-05,0.000529302809
2016.0,1.962480576e-06,5.724081438e-06,1.36597817e-05,1.940713992e-05,0.0005303245551
2017.0,1.886347716e-06,5.504323789e-06,1.343042814e-05,1.87575795e-05,0.0005504028996
2018.0,1.924217626e-06,5.500399295e-06,1.370548113e-05,1.897438959e-05,0.0005885480579
2019.0,2.019524903e-06,5.637058003e-06,1.402193144e-05,1.938082381e-05,0.0006121613844
2020.0,2.01046015e-06,5.767180143e-06,1.398461077e-05,1.940417739e-05,0.0005967204398
2021.0,1.921568283e-06,5.580712759e-06,1.35423067e-05,1.915997667e-05,0.0005629714265
2022.0,1.885205637e-06,5.434217135e-06,1.350398192e-05,1.929634117e-05,0.0005374754376
2023.0,1.964875373e-06,5.498506093e-06,1.370963137e-05,1.964882573e-05,0.0005311262436
2024.0,2.021141674e-06,5.674972801e-06,1.395455617e-05,1.983964e-05,0.0005265052131
2025.0,1.968303611e-06,5.711262421e-06,1.362923804e-05,1.94765639e-05,0.0005317610298
2026.0,1.889778397e-06,5.524968797e-06,1.342693702e-05,1.892564943e-05,0.0005461068531
2027.0,1.916667594e-06,5.484443684e-06,1.363957508e-05,1.895309429e-05,0.0005849577227
2028.0,2.017695836e-06,5.621659124e-06,1.401034544e-05,1.930829737e-05,0.0006082703577
2029.0,2.011231381e-06,5.75677173e-06,1.39980389e-05,1.920138418e-05,0.0006010187128
2030.0,1.92538706e-06,5.619413017e-06,1.357006787e-05,1.886891303e-05,0.0005649699267
2031.0,1.879438344e-06,5.447601028e-06,1.346199644e-05,1.885582582e-05,0.0005394513076
2032.0,1.954977208e-06,5.500672528e-06,1.369126105e-05,1.939800487e-05,0.0005280402581
2033.0,2.021859167e-06,5.669761184e-06,1.395200246e-05,1.969027003e-05,0.0005300495552
2034.0,1.978966313e-06,5.73824502e-06,1.365805968e-05,1.941692322e-05,0.0005287180773
2035.0,1.897239753e-06,5.539891127e-06,1.341036324e-05,1.894214132e-05,0.000544089997
2036.0,1.907134439e-06,5.476219407e-06,1.359982229e-05,1.901802231e-05,0.0005775184831
2037.0,2.018043412e-06,5.616812929e-06,1.396984176e-05,1.934344311e-05,0.0006136375209
2038.0,2.026179552e-06,5.777598051e-06,1.406492887e-05,1.939405049e-05,0.0006038339085
2039.0,1.937034738e-06,5.672762954e-06,1.364631642e-05,1.893099679e-05,0.0005708617361
2040.0,1.874232159e-06,5.452562979e-06,1.343388578e-05,1.872390965e-05,0.0005376437866
2041.0,1.941217358e-06,5.480319154e-06,1.360172919e-05,1.918339955e-05,0.0005343309949
2042.0,2.013932082e-06,5.651091208e-06,1.390342033e-05,1.950042915e-05,0.000528628406
2043.0,1.986140452e-06,5.758054459e-06,1.370947898e-05,1.912570766e-05,0.0005314738941
2044.0,1.899622097e-06,5.557959228e-06,1.337949273e-05,1.87562533e-05,0.0005390036197
2045.0,1.899830102e-06,5.494224335e-06,1.355918696e-05,1.892051194e-05,0.0005794485709
2046.0,2.007909495e-06,5.612128522e-06,1.392297319e-05,1.940932123e-05,0.0006099661779
2047.0,2.027418648e-06,5.761463625e-06,1.401016416e-05,1.951113405e-05,0.0006059549364
2048.0,1.94251767e-06,5.658130904e-06,1.358172831e-05,1.931106728e-05,0.0005684853177
2049.0,1.870134154e-06,5.445127207e-06,1.336850518e-05,1.903253558e-05,0.0005434660537
2050.0,1.925382236e-06,5.464270616e-06,1.352167147e-05,1.936356578e-05,0.000531050433
2051.0,2.007009771e-06,5.622098156e-06,1.382230184e-05,1.950017228e-05,0.0005277963024
2052.0,1.974795134e-06,5.723179775e-06,1.362785065e-05,1.920337361e-05,0.0005217082698
2053.0,1.895044862e-06,5.557332821e-06,1.331855213e-05,1.857037811e-05,0.0005391848468
2054.0,1.888956656e-06,5.483768143e-06,1.347569236e-05,1.859489649e-05,0.0005694375859
2055.0,1.993886813e-06,5.600400959e-06,1.385225137e-05,1.913560599e-05,0.0006030389684
2056.0,2.028329166e-06,5.757301948e-06,1.401047324e-05,1.940799362e-05,0.000599001084
2057.0,1.957614964e-06,5.691104958e-06,1.360411421e-05,1.932551269e-05,0.0005728385503
2058.0,1.877970684e-06,5.461779808e-06,1.336934895e-05,1.92259069e-05,0.0005408997667
2059.0,1.918751765e-06,5.459840827e-06,1.349263381e-05,1.953497456e-05,0.0005294947374
2060.0,2.000812311e-06,5.587095684e-06,1.371468712e-05,1.974769617e-05,0.0005203171229
2061.0,1.984683854e-06,5.729245898e-06,1.365156468e-05,1.936721533e-05,0.0005246655669
2062.0,1.893070677e-06,5.570857023e-06,1.329358538e-05,1.876580851e-05,0.000531224022
2063.0,1.880444729e-06,5.471298794e-06,1.340082438e-05,1.847893497e-05,0.000562299891
2064.0,1.979783064e-06,5.568752639e-06,1.376065577e-05,1.880586327e-05,0.0005933593802
2065.0,2.020467115e-06,5.734393919e-06,1.397134836e-05,1.902236592e-05,0.0005994132459
2066.0,1.957291366e-06,5.697674001e-06,1.357780389e-05,1.892389383e-05,0.0005692817641
2067.0,1.880619841e-06,5.478424849e-06,1.335267706e-05,1.897200448e-05,0.0005370977523
2068.0,1.910235208e-06,5.450548893e-06,1.345636696e-05,1.936356318e-05,0.000521374146
2069.0,2.000718374e-06,5.577310452e-06,1.367547617e-05,1.970619717e-05,0.0005230711213
2070.0,1.991890834e-06,5.722790429e-06,1.362524311e-05,1.954279529e-05,0.0005178579032
2071.0,1.90210446e-06,5.582846753e-06,1.326676763e-05,1.893815133e-05,0.0005255610369
2072.0,1.87142769e-06,5.462214642e-06,1.332953188e-05,1.865341835e-05,0.0005476944352
2073.0,1.96445427e-06,5.532460019e-06,1.365938142e-05,1.877103592e-05,0.0005893454838
2074.0,2.018261823e-06,5.716781022e-06,1.39610193e-05,1.891473773e-05,0.0005926629694
2075.0,1.961033406e-06,5.72517282e-06,1.361965704e-05,1.867728738e-05,0.0005668812601
2076.0,1.88359273e-06,5.485400564e-06,1.332076404e-05,1.860930609e-05,0.0005313040575
2077.0,1.903501049e-06,5.459547679e-06,1.344947971e-05,1.907496897e-05,0.0005235477211
2078.0,2.001745292e-06,5.577489671e-06,1.369241654e-05,1.951345876e-05,0.0005173874737
2079.0,2.005894634e-06,5.734026566e-06,1.36835614e-05,1.936979297e-05,0.0005161410446
2080.0,1.920364402e-06,5.602900738e-06,1.327679098e-05,1.895770552e-05,0.0005170771841
2081.0,1.872150415e-06,5.452760282e-06,1.327215522e-05,1.874281482e-05,0.0005466976953
2082.0,1.960173641e-06,5.545624909e-06,1.363956565e-05,1.905839438e-05,0.0005809293077
2083.0,2.021575358e-06,5.700306592e-06,1.390746862e-05,1.919274674e-05,0.00058977446
2084.0,1.964230919e-06,5.728827667e-06,1.358705373e-05,1.899909848e-05,0.0005622659964
2085.0,1.876034171e-06,5.497083847e-06,1.326277569e-05,1.871587475e-05,0.0005345236596
2086.0,1.887166852e-06,5.441123719e-06,1.336312935e-05,1.89628294e-05,0.0005178644347
2087.0,1.987186882e-06,5.559586204e-06,1.364151072e-05,1.931050907e-05,0.0005148307139
2088.0,2.002764988e-06,5.73013444e-06,1.370648669e-05,1.923584116e-05,0.0005077062092
2089.0,1.926856266e-06,5.635968723e-06,1.330507455e-05,1.883025545e-05,0.0005186458645
2090.0,1.87325785e-06,5.470303228e-06,1.325909679e-05,1.873596658e-05,0.0005391527844
2091.0,1.950136423e-06,5.532107334e-06,1.357322324e-05,1.914210677e-05,0.0005743397599
2092.0,2.022353864e-06,5.67802662e-06,1.384877865e-05,1.944083037e-05,0.0005814064731
2093.0,1.9808705e-06,5.734518946e-06,1.362471041e-05,1.946138698e-05,0.0005655793307
2094.0,1.886400024e-06,5.514593628e-06,1.329080616e-05,1.913500149e-05,0.0005328930373
2095.0,1.880490909e-06,5.429002532e-06,1.331059557e-05,1.915801048e-05,0.0005147825394
2096.0,1.979659524e-06,5.532732196e-06,1.359207008e-05,1.953893879e-05,0.000508026064
2097.0,2.004392682e-06,5.720700427e-06,1.374677125e-05,1.938634496e-05,0.0005111539527
2098.0,1.935785083e-06,5.671941945e-06,1.337718237e-05,1.883143239e-05,0.0005121932735
2099.0,1.880086093e-06,5.484428265e-06,1.329675172e-05,1.87081076e-05,0.0005338287167
2100.0,1.949383469e-06,5.541241986e-06,1.361869959e-05,1.911534309e-05,0.0005659731944
2101.0,2.030514586e-06,5.695418129e-06,1.388988575e-05,1.950610588e-05,0.0005851493502
2102.0,2.006116604e-06,5.785004275e-06,1.374562748e-05,1.945159805e-05,0.0005660276276
2103.0,1.905444913e-06,5.549992962e-06,1.331544852e-05,1.921372307e-05,0.0005317511585
2104.0,1.882833335e-06,5.428527159e-06,1.329816651e-05,1.934657519e-05,0.0005113043109
2105.0,1.97640987e-06,5.528017152e-06,1.353828978e-05,1.965383388e-05,0.0005130072574
2106.0,2.002430468e-06,5.70164573e-06,1.367645382e-05,1.949166272e-05,0.0005081608553
2107.0,1.935256932e-06,5.685721528e-06,1.333101548e-05,1.894646086e-05,0.0005094122813
2108.0,1.873989717e-06,5.491149569e-06,1.3231542e-05,1.85139349e-05,0.0005237422005
2109.0,1.930184326e-06,5.517326203e-06,1.35289482e-05,1.885981285e-05,0.0005647104511
2110.0,2.020059656e-06,5.680329562e-06,1.385761431e-05,1.918721541e-05,0.0005809544485
2111.0,2.003350692e-06,5.785639317e-06,1.37505733e-05,1.914599866e-05,0.0005627302471
2112.0,1.907255759e-06,5.557802766e-06,1.329514647e-05,1.906779605e-05,0.0005271661332
2113.0,1.882164265e-06,5.434666315e-06,1.326551895e-05,1.93792319e-05,0.0005124536045
2114.0,1.966579124e-06,5.517375187e-06,1.347538329e-05,1.97885953e-05,0.0005080728505
2115.0,2.003552279e-06,5.687998542e-06,1.367209075e-05,1.968854639e-05,0.0005043494333
2116.0,1.946630241e-06,5.712455498e-06,1.334908241e-05,1.921642427e-05,0.0005020397833
2117.0,1.870605643e-06,5.499951543e-06,1.317037986e-05,1.874729703e-05,0.0005232535106
2118.0,1.917999365e-06,5.509580018e-06,1.347121931e-05,1.883465955e-05,0.0005570439823
2119.0,2.016759047e-06,5.656594423e-06,1.384352623e-05,1.913353119e-05,0.0005760113827
2120.0,2.003712052e-06,5.783540021e-06,1.376480689e-05,1.908881395e-05,0.0005591245702
2121.0,1.911743432e-06,5.598888101e-06,1.334806447e-05,1.89654463e-05,0.0005306062547
2122.0,1.87768452e-06,5.448974382e-06,1.32899369e-05,1.91762416e-05,0.0005105103906
2123.0,1.965308336e-06,5.509887336e-06,1.347499419e-05,1.977755709e-05,0.0005061123806
2124.0,2.016038751e-06,5.686201941e-06,1.368067188e-05,1.989661501e-05,0.0005007372565
2125.0,1.951174666e-06,5.695126096e-06,1.332580186e-05,1.939016144e-05,0.0005055013317
2126.0,1.879734619e-06,5.516247841e-06,1.316068401e-05,1.874792794e-05,0.0005189603625
2127.0,1.910906486e-06,5.49077059e-06,1.342629701e-05,1.889614879e-05,0.0005536833137
2128.0,2.013013425e-06,5.637029664e-06,1.381939255e-05,1.922650903e-05,0.0005741261502
2129.0,2.012623671e-06,5.786817028e-06,1.383210649e-05,1.920216187e-05,0.0005646656464
2130.0,1.921590453e-06,5.616606458e-06,1.336735303e-05,1.905892728e-05,0.0005318763218
2131.0,1.876629981e-06,5.450341732e-06,1.329079896e-05,1.918239131e-05,0.0005100642748
2132.0,1.953859513e-06,5.522900774e-06,1.348810997e-05,1.962773285e-05,0.0005031894126
2133.0,2.015332679e-06,5.688542911e-06,1.371104526e-05,1.989838445e-05,0.0005041404292
2134.0,1.969683485e-06,5.735866139e-06,1.342790835e-05,1.95556024e-05,0.000501531508
2135.0,1.884732318e-06,5.527218186e-06,1.318681672e-05,1.903996365e-05,0.0005168026175
2136.0,1.904229034e-06,5.480286818e-06,1.340615156e-05,1.907440767e-05,0.000549437966
2137.0,2.011583187e-06,5.62979151e-06,1.379926467e-05,1.941164932e-05,0.0005766360555
2138.0,2.014024951e-06,5.788188882e-06,1.385138503e-05,1.935218972e-05,0.0005656746989
2139.0,1.930081027e-06,5.661288548e-06,1.342096271e-05,1.904669846e-05,0.0005357386105
2140.0,1.870573753e-06,5.455865396e-06,1.324738472e-05,1.91506566e-05,0.0005109117592
2141.0,1.945601284e-06,5.516830494e-06,1.348650568e-05,1.9653058e-05,0.0005070788111
2142.0,2.008346469e-06,5.670340281e-06,1.369150932e-05,1.980921344e-05,0.000501790825
2143.0,1.978507536e-06,5.758350215e-06,1.348380107e-05,1.955762158e-05,0.0005045536621
2144.0,1.899254974e-06,5.566423562e-06,1.32530814e-05,1.932128718e-05,0.0005149017963
2145.0,1.902839096e-06,5.497570464e-06,1.343049675e-05,1.933204325e-05,0.0005503544251
2146.0,2.004766911e-06,5.605096144e-06,1.375170646e-05,1.955415214e-05,0.0005743661243
2147.0,2.01629913e-06,5.769377837e-06,1.383109155e-05,1.959986766e-05,0.0005686695267
2148.0,1.929580062e-06,5.670971796e-06,1.341298862e-05,1.927721231e-05,0.000536272599
2149.0,1.86725042e-06,5.470166372e-06,1.323607997e-05,1.911602383e-05,0.0005133182442
2150.0,1.931157e-06,5.489503771e-06,1.340846223e-05,1.945737661e-05,0.0005043457152
2151.0,2.006012592e-06,5.648890303e-06,1.368839819e-05,1.967633168e-05,0.0005050564622
2152.0,1.978114644e-06,5.76298541e-06,1.354421311e-05,1.935709994e-05,0.0005029699956
2153.0,1.900921755e-06,5.577497112e-06,1.325263304e-05,1.898832552e-05,0.000517617962
2154.0,1.897952722e-06,5.505161872e-06,1.341278077e-05,1.91534341e-05,0.0005454307877
2155.0,2.00343091e-06,5.61624172e-06,1.376452519e-05,1.957943235e-05,0.0005767664472
2156.0,2.026414334e-06,5.776097064e-06,1.389910233e-05,1.969793623e-05,0.0005704493339
2157.0,1.945285761e-06,5.690195705e-06,1.347706612e-05,1.95317204e-05,0.0005436572557
2158.0,1.868838697e-06,5.468715694e-06,1.324113622e-05,1.945891102e-05,0.0005149567309
2159.0,1.921433707e-06,5.458810397e-06,1.339366532e-05,1.971286148e-05,0.0005082932517
2160.0,2.005588559e-06,5.624115182e-06,1.371546918e-05,1.980898696e-05,0.0005042841292
2161.0,1.98144733e-06,5.762467355e-06,1.3601674e-05,1.942419508e-05,0.0005068179569
2162.0,1.899817844e-06,5.601867676e-06,1.329174241e-05,1.874617818e-05,0.0005132522754
2163.0,1.895935475e-06,5.50874439e-06,1.342946731e-05,1.892427857e-05,0.0005454263977
2164.0,1.999646313e-06,5.624939784e-06,1.381969288e-05,1.945878125e-05,0.0005774374792
2165.0,2.037531868e-06,5.799882011e-06,1.402464124e-05,1.96305265e-05,0.0005781523556
2166.0,1.968502972e-06,5.748664003e-06,1.363058724e-05,1.948663117e-05,0.000548430258
2167.0,1.887312183e-06,5.505167509e-06,1.334191865e-05,1.960152785e-05,0.0005204063388
2168.0,1.921790491e-06,5.498066959e-06,1.347821682e-05,1.996250817e-05,0.000509645627
2169.0,2.01448977e-06,5.636158087e-06,1.374999052e-05,2.028790839e-05,0.0005104158027
2170.0,2.0004071e-06,5.7910811e-06,1.371390902e-05,1.990163426e-05,0.0005072711303
2171.0,1.908587368e-06,5.637025494e-06,1.334070239e-05,1.928183613e-05,0.0005177722906
2172.0,1.887683458e-06,5.514229307e-06,1.344047561e-05,1.900918052e-05,0.0005448336786
2173.0,1.995108956e-06,5.616766694e-06,1.38405406e-05,1.927791519e-05,0.0005812079712
2174.0,2.041867558e-06,5.800073479e-06,1.410255427e-05,1.945881218e-05,0.0005834955924
2175.0,1.978322918e-06,5.782371547e-06,1.372868527e-05,1.912827821e-05,0.0005568387697
2176.0,1.900759495e-06,5.552855368e-06,1.346217798e-05,1.924856632e-05,0.0005235071659
2177.0,1.927039567e-06,5.522853946e-06,1.357166659e-05,1.989497435e-05,0.0005140335035
2178.0,2.021480136e-06,5.668457021e-06,1.381922592e-05,2.03298574e-05,0.0005112588947
2179.0,2.015164756e-06,5.805351306e-06,1.376145009e-05,2.019070527e-05,0.0005134870994
2180.0,1.925194323e-06,5.659116531e-06,1.337575088e-05,1.963702543e-05,0.0005181476828
2181.0,1.881048164e-06,5.507840759e-06,1.338983631e-05,1.928134376e-05,0.0005466969926
2182.0,1.981187651e-06,5.604036576e-06,1.378497274e-05,1.94166624e-05,0.0005799877611
2183.0,2.032107335e-06,5.774134241e-06,1.407976724e-05,1.937525949e-05,0.0005878499901
2184.0,1.974863952e-06,5.796600057e-06,1.373897945e-05,1.909172697e-05,0.0005606888011
2185.0,1.890999797e-06,5.55506602e-06,1.343168705e-05,1.898767213e-05,0.000531166165
2186.0,1.914445789e-06,5.513361998e-06,1.353773685e-05,1.946984838e-05,0.0005165238297
2187.0,2.015144073e-06,5.639985738e-06,1.380597468e-05,2.006078154e-05,0.0005158357331
2188.0,2.021600613e-06,5.792448514e-06,1.38376114e-05,1.988310227e-05,0.0005131253044
2189.0,1.940963026e-06,5.672075412e-06,1.345656146e-05,1.949153486e-05,0.0005223183711
2190.0,1.892989437e-06,5.525068813e-06,1.344273537e-05,1.938875197e-05,0.0005439191301
2191.0,1.971308912e-06,5.596345463e-06,1.379432473e-05,1.967369896e-05,0.0005837287722
2192.0,2.036958056e-06,5.767261611e-06,1.408070348e-05,1.986342084e-05,0.000590174688
2193.0,1.977599021e-06,5.792199275e-06,1.375799243e-05,1.966472458e-05,0.000568308077
2194.0,1.883398244e-06,5.551944802e-06,1.338272079e-05,1.937518172e-05,0.0005336764161
2195.0,1.893662744e-06,5.48262129e-06,1.346929761e-05,1.937436243e-05,0.0005199343388
2196.0,2.003858674e-06,5.607299681e-06,1.380398272e-05,1.965837686e-05,0.0005143275323
2197.0,2.022375921e-06,5.777270825e-06,1.391338779e-05,1.951979495e-05,0.0005166436318
2198.0,1.944893056e-06,5.710446601e-06,1.352435993e-05,1.89063088e-05,0.0005187837896
2199.0,1.894634135e-06,5.536384823e-06,1.347540049e-05,1.886712083e-05,0.0005446748247
2200.0,1.966366645e-06,5.599351667e-06,1.380971079e-05,1.946277489e-05,0.0005804495736
2201.0,2.039486944e-06,5.756089968e-06,1.408317292e-05,1.985948935e-05,0.0005944501802
2202.0,1.995948031e-06,5.810118154e-06,1.384984107e-05,1.968717782e-05,0.0005712012209
2203.0,1.896242581e-06,5.571023961e-06,1.345923712e-05,1.953994069e-05,0.000539628639
2204.0,1.884206747e-06,5.474644214e-06,1.347880981e-05,1.95589261e-05,0.0005219717861
2205.0,1.982009652e-06,5.561033942e-06,1.369660079e-05,1.971530849e-05,0.0005214190811
2206.0,2.003845873e-06,5.737403981e-06,1.384745985e-05,1.951294177e-05,0.000517007046
2207.0,1.935195669e-06,5.696169616e-06,1.345301543e-05,1.893218524e-05,0.0005238274123
2208.0,1.885402816e-06,5.526612657e-06,1.3420166e-05,1.869397292e-05,0.0005434647155
2209.0,1.95453368e-06,5.565772922e-06,1.374350222e-05,1.920478771e-05,0.0005836192135
2210.0,2.036481313e-06,5.732028677e-06,1.410198602e-05,1.962889495e-05,0.000598339659
2211.0,2.005309711e-06,5.813856282e-06,1.39295675e-05,1.957860165e-05,0.000579944193
2212.0,1.914044564e-06,5.589242345e-06,1.354996882e-05,1.944991778e-05,0.0005452269057
2213.0,1.887816366e-06,5.474709109e-06,1.35275042e-05,1.974669905e-05,0.0005282977001
2214.0,1.980073508e-06,5.577449339e-06,1.376201041e-05,2.012223534e-05,0.0005217228928
2215.0,2.00519038e-06,5.744770991e-06,1.387675694e-05,1.987991252e-05,0.0005214042021
2216.0,1.94022135e-06,5.720420056e-06,1.353142777e-05,1.932052479e-05,0.000521898892
2217.0,1.877857837e-06,5.519648481e-06,1.339451605e-05,1.887290151e-05,0.0005454073517
2218.0,1.946291246e-06,5.559489162e-06,1.37665873e-05,1.90919032e-05,0.000581620785
2219.0,2.041294807e-06,5.717072817e-06,1.416677309e-05,1.932588245e-05,0.0006033606415
2220.0,2.021678175e-06,5.835609205e-06,1.408133341e-05,1.928229309e-05,0.0005853612618
2221.0,1.929370717e-06,5.636252973e-06,1.367127316e-05,1.914711421e-05,0.000552871257
2222.0,1.897191033e-06,5.485234073e-06,1.359173986e-05,1.948974968e-05,0.0005303990575
2223.0,1.98144482e-06,5.569769343e-06,1.379371892e-05,2.010497601e-05,0.0005260547254
2224.0,2.020682453e-06,5.748532718e-06,1.39663833e-05,2.012555892e-05,0.000521287369
2225.0,1.961012287e-06,5.754289336e-06,1.364257222e-05,1.960027252e-05,0.0005277337811
2226.0,1.884252805e-06,5.540078404e-06,1.346493321e-05,1.905256079e-05,0.0005432744273
2227.0,1.92935467e-06,5.543865995e-06,1.374236274e-05,1.898421275e-05,0.000583634848
2228.0,2.029076818e-06,5.702368142e-06,1.411613502e-05,1.922385699e-05,0.0006058996688
2229.0,2.01576322e-06,5.829974381e-06,1.407602989e-05,1.910839465e-05,0.0005934807712
2230.0,1.925215274e-06,5.647833434e-06,1.364234455e-05,1.891580767e-05,0.0005570911523
2231.0,1.892996371e-06,5.486975077e-06,1.359828105e-05,1.918807326e-05,0.0005368894215
2232.0,1.983235285e-06,5.556520194e-06,1.383346541e-05,1.97537143e-05,0.0005306737514
2233.0,2.035169228e-06,5.729648151e-06,1.405381474e-05,1.989558432e-05,0.000528916048
2234.0,1.97725364e-06,5.765444944e-06,1.372278317e-05,1.948877849e-05,0.000526997843
2235.0,1.896417599e-06,5.55904409e-06,1.350263127e-05,1.905764801e-05,0.0005457124933
2236.0,1.92395155e-06,5.538832802e-06,1.376066017e-05,1.917647054e-05,0.0005816666174
2237.0,2.022588898e-06,5.673089742e-06,1.409149601e-05,1.941010629e-05,0.0006101040506
2238.0,2.016777906e-06,5.817686401e-06,1.407296324e-05,1.923690204e-05,0.000596237269
2239.0,1.927107078e-06,5.664991712e-06,1.364974826e-05,1.890484416e-05,0.000563307716
2240.0,1.887650557e-06,5.497312152e-06,1.356853023e-05,1.890022368e-05,0.0005386227309
2241.0,1.970054741e-06,5.53173009e-06,1.378957519e-05,1.931252401e-05,0.0005331891417
2242.0,2.030451931e-06,5.708828209e-06,1.405203457e-05,1.944657462e-05,0.0005277098948
2243.0,1.982663855e-06,5.763651736e-06,1.376487512e-05,1.911957917e-05,0.0005301527541
2244.0,1.905066012e-06,5.579321259e-06,1.353719171e-05,1.867817024e-05,0.0005440695597
2245.0,1.922514556e-06,5.529401075e-06,1.374284219e-05,1.890357125e-05,0.0005837536223
2246.0,2.02096724e-06,5.661462086e-06,1.406598391e-05,1.93571089e-05,0.0006087501816
2247.0,2.022437962e-06,5.795144561e-06,1.405428903e-05,1.934686864e-05,0.0006006903297
2248.0,1.934302015e-06,5.664971321e-06,1.362700378e-05,1.90315278e-05,0.0005675885642
2249.0,1.876449e-06,5.47596994e-06,1.350634529e-05,1.89536146e-05,0.0005439569869
2250.0,1.944361318e-06,5.520749996e-06,1.371722057e-05,1.92164885e-05,0.0005337232164
2251.0,2.012947211e-06,5.675241935e-06,1.39685116e-05,1.936340627e-05,0.0005312925741
2252.0,1.975246648e-06,5.77378809e-06,1.374723051e-05,1.893347321e-05,0.0005298225426
2253.0,1.892749184e-06,5.574594971e-06,1.346639644e-05,1.838832735e-05,0.0005451175876
2254.0,1.903060228e-06,5.510021755e-06,1.363865528e-05,1.857241451e-05,0.0005754456623
2255.0,2.011297649e-06,5.630773445e-06,1.39892965e-05,1.910001072e-05,0.000606788379
2256.0,2.026143053e-06,5.785184763e-06,1.4086781e-05,1.912757665e-05,0.0006011841656
2257.0,1.94285807e-06,5.683368381e-06,1.368118131e-05,1.889586128e-05,0.0005716508044
2258.0,1.874924121e-06,5.475976716e-06,1.34876514e-05,1.889568014e-05,0.0005408551508
2259.0,1.93133807e-06,5.496858083e-06,1.365793433e-05,1.930044795e-05,0.0005337776087
2260.0,2.005528312e-06,5.643781713e-06,1.391846072e-05,1.943719324e-05,0.0005282371242
2261.0,1.97304903e-06,5.746095132e-06,1.373074799e-05,1.915630966e-05,0.0005316221172
2262.0,1.887015357e-06,5.573194349e-06,1.342258203e-05,1.855951763e-05,0.0005392933355
2263.0,1.883913805e-06,5.494551768e-06,1.356632187e-05,1.848966589e-05,0.0005733205931
2264.0,1.99651315e-06,5.608241951e-06,1.393705041e-05,1.882574482e-05,0.0006038410799
2265.0,2.025947228e-06,5.769378874e-06,1.410697563e-05,1.897313108e-05,0.0006028288832
2266.0,1.9511499e-06,5.695116883e-06,1.370156e-05,1.870495841e-05,0.0005690225383
2267.0,1.879522258e-06,5.465182641e-06,1.347418793e-05,1.864683229e-05,0.0005403218949
2268.0,1.92526131e-06,5.478588121e-06,1.36442914e-05,1.914670266e-05,0.0005288477589
2269.0,2.005847447e-06,5.619543517e-06,1.389659363e-05,1.941917929e-05,0.0005293611176
2270.0,1.989185045e-06,5.759065419e-06,1.380148905e-05,1.917151016e-05,0.0005255391779
2271.0,1.899148682e-06,5.585263525e-06,1.341553985e-05,1.853960221e-05,0.0005376318032
2272.0,1.877684532e-06,5.484257113e-06,1.351230976e-05,1.839595169e-05,0.0005646598966
2273.0,1.981901728e-06,5.58408918e-06,1.38616801e-05,1.865888847e-05,0.000602051129
2274.0,2.024221827e-06,5.7438337e-06,1.407447253e-05,1.878791087e-05,0.0006023357558
2275.0,1.952806847e-06,5.694701416e-06,1.367810975e-05,1.860225787e-05,0.0005743451115
2276.0,1.877122178e-06,5.4760366e-06,1.344614533e-05,1.842769244e-05,0.0005404847815
2277.0,1.915073868e-06,5.468591971e-06,1.359118662e-05,1.875685971e-05,0.0005302563704
2278.0,2.004159545e-06,5.592573209e-06,1.384476201e-05,1.920183689e-05,0.0005259505884
2279.0,1.992573526e-06,5.735373942e-06,1.377597339e-05,1.901373931e-05,0.0005272164976
2280.0,1.910774408e-06,5.596114855e-06,1.343546814e-05,1.851618522e-05,0.0005338295346
2281.0,1.882755525e-06,5.487346571e-06,1.351250359e-05,1.827816407e-05,0.0005658003929
2282.0,1.97200137e-06,5.57646966e-06,1.384677233e-05,1.867271647e-05,0.0005995161334
2283.0,2.017394523e-06,5.721108285e-06,1.40188017e-05,1.880202861e-05,0.0006041790242
2284.0,1.961367622e-06,5.716235224e-06,1.369265909e-05,1.863184518e-05,0.0005770502058
2285.0,1.879928758e-06,5.489119814e-06,1.3426567e-05,1.845336166e-05,0.0005449230807
2286.0,1.896613805e-06,5.436016126e-06,1.349577987e-05,1.867883321e-05,0.0005300448209
2287.0,1.996910409e-06,5.558965077e-06,1.375632563e-05,1.906634386e-05,0.0005281464736
2288.0,1.99608336e-06,5.725178881e-06,1.377878011e-05,1.89932437e-05,0.0005252273835
2289.0,1.909480302e-06,5.609401604e-06,1.337851295e-05,1.834478718e-05,0.0005344918214
2290.0,1.868725461e-06,5.458592657e-06,1.337246429e-05,1.810271766e-05,0.000557515461
2291.0,1.958081968e-06,5.54125792e-06,1.372086061e-05,1.850383454e-05,0.0005949234793
2292.0,2.016919354e-06,5.700588502e-06,1.400748158e-05,1.873844126e-05,0.0006023746483
2293.0,1.966366889e-06,5.723968135e-06,1.36973117e-05,1.854044999e-05,0.0005773315824
2294.0,1.878263014e-06,5.483222542e-06,1.335516518e-05,1.839183195e-05,0.0005428510055
2295.0,1.88456793e-06,5.426740968e-06,1.342804169e-05,1.863915779e-05,0.0005282485429
2296.0,1.985571662e-06,5.558974826e-06,1.370806428e-05,1.901982966e-05,0.000522603357
2297.0,1.997226057e-06,5.704894734e-06,1.374662422e-05,1.900644074e-05,0.0005265507295
2298.0,1.916168524e-06,5.602807732e-06,1.337006445e-05,1.851813772e-05,0.0005278609312
2299.0,1.865955157e-06,5.440919955e-06,1.334357032e-05,1.827094038e-05,0.0005537864379
2300.0,1.946466257e-06,5.511638963e-06,1.367703545e-05,1.84948526e-05,0.0005875853763
2301.0,2.019822384e-06,5.681617624e-06,1.398904183e-05,1.878527123e-05,0.000603624529
2302.0,1.977123289e-06,5.738019126e-06,1.373798935e-05,1.865696448e-05,0.0005785128274
2303.0,1.885800289e-06,5.507692971e-06,1.336742873e-05,1.835913032e-05,0.0005455971123
2304.0,1.878350073e-06,5.412909228e-06,1.33588936e-05,1.849419486e-05,0.000524371745
2305.0,1.978020702e-06,5.533940233e-06,1.365377872e-05,1.887922501e-05,0.0005263131306
2306.0,2.002424542e-06,5.716508983e-06,1.375789456e-05,1.888880994e-05,0.0005209894272
2307.0,1.930823595e-06,5.638109863e-06,1.337356137e-05,1.848160251e-05,0.0005256191697
2308.0,1.875247671e-06,5.466726861e-06,1.334911928e-05,1.818684493e-05,0.0005442454802
2309.0,1.937826325e-06,5.505705253e-06,1.36529262e-05,1.850109125e-05,0.0005864337658
2310.0,2.019497341e-06,5.679030548e-06,1.396028287e-05,1.873971449e-05,0.0005972472154
2311.0,1.982382546e-06,5.744874319e-06,1.373198649e-05,1.871424972e-05,0.0005763489108
2312.0,1.886506433e-06,5.522141511e-06,1.333946825e-05,1.85171621e-05,0.0005395044389
2313.0,1.87066993e-06,5.408881792e-06,1.331093361e-05,1.857795499e-05,0.0005271665804
2314.0,1.967280177e-06,5.511212032e-06,1.356151671e-05,1.883245057e-05,0.0005200859195
2315.0,1.995105207e-06,5.685371425e-06,1.37109422e-05,1.877174164e-05,0.0005182367171
2316.0,1.927795876e-06,5.649287201e-06,1.335891711e-05,1.825651052e-05,0.0005177534045
2317.0,1.869790412e-06,5.46044817e-06,1.324689226e-05,1.789188287e-05,0.0005428258998
2318.0,1.925279328e-06,5.490703975e-06,1.356343896e-05,1.831395806e-05,0.000577279741
2319.0,2.011538941e-06,5.651848999e-06,1.387571635e-05,1.864136782e-05,0.0005936193626
2320.0,1.987090223e-06,5.751529241e-06,1.372147651e-05,1.859788025e-05,0.0005712437286
2321.0,1.892569556e-06,5.540326386e-06,1.331246196e-05,1.85420847e-05,0.0005417386089
2322.0,1.861687565e-06,5.403501038e-06,1.324820073e-05,1.873490122e-05,0.0005192723026
2323.0,1.956130685e-06,5.485692449e-06,1.343840711e-05,1.895829145e-05,0.0005151818191
2324.0,1.992691461e-06,5.660236029e-06,1.363994406e-05,1.892013682e-05,0.0005082845055
2325.0,1.932131446e-06,5.655431456e-06,1.331458669e-05,1.841203909e-05,0.0005161590347
2326.0,1.860339748e-06,5.470517547e-06,1.316527255e-05,1.797832156e-05,0.0005317875871
2327.0,1.91275184e-06,5.479878597e-06,1.346956461e-05,1.812970819e-05,0.0005681748096
2328.0,2.013033724e-06,5.63986857e-06,1.386909066e-05,1.858742379e-05,0.0005858189388
2329.0,1.997087675e-06,5.757603671e-06,1.379183568e-05,1.859686387e-05,0.0005760848275
2330.0,1.906050202e-06,5.571452346e-06,1.336501766e-05,1.840464937e-05,0.0005398392077
2331.0,1.870304939e-06,5.420033043e-06,1.328283182e-05,1.86292021e-05,0.0005178546787
2332.0,1.958955773e-06,5.497823132e-06,1.350698141e-05,1.917749374e-05,0.0005097252973
2333.0,2.001013029e-06,5.648745471e-06,1.363816806e-05,1.921777772e-05,0.0005133436576
2334.0,1.948061982e-06,5.68670168e-06,1.335016981e-05,1.878303345e-05,0.0005108127454
2335.0,1.862113834e-06,5.45892865e-06,1.310009242e-05,1.823266367e-05,0.0005256905769
2336.0,1.900302796e-06,5.445638179e-06,1.338293026e-05,1.82806401e-05,0.0005592690942
2337.0,2.001162324e-06,5.582386269e-06,1.375228366e-05,1.857750946e-05,0.0005882805825
2338.0,1.996455767e-06,5.737962623e-06,1.377119091e-05,1.854461081e-05,0.0005751393977
2339.0,1.907506479e-06,5.58619682e-06,1.334641586e-05,1.821596781e-05,0.0005389874175
2340.0,1.869345627e-06,5.421712379e-06,1.325216058e-05,1.839392947e-05,0.000513127497
2341.0,1.948870676e-06,5.487916144e-06,1.34766671e-05,1.899903564e-05,0.000513282949
2342.0,2.005498726e-06,5.64941853e-06,1.368074057e-05,1.919919164e-05,0.0005073848953
2343.0,1.963138755e-06,5.716473542e-06,1.339737162e-05,1.887452332e-05,0.0005089371558
2344.0,1.879284111e-06,5.495182195e-06,1.314509252e-05,1.833868313e-05,0.0005181521975
2345.0,1.894957419e-06,5.456300794e-06,1.337112237e-05,1.841785634e-05,0.0005580208923
2346.0,2.004194997e-06,5.610968807e-06,1.376999164e-05,1.872681406e-05,0.0005835466996
2347.0,2.012824601e-06,5.776966206e-06,1.38423102e-05,1.870709289e-05,0.0005741045157
2348.0,1.91638592e-06,5.616116276e-06,1.335850127e-05,1.84370718e-05,0.0005385957664
2349.0,1.861644853e-06,5.426073916e-06,1.321668653e-05,1.837779622e-05,0.0005172027827
2350.0,1.937959616e-06,5.479389602e-06,1.343003086e-05,1.883448193e-05,0.0005093700578
2351.0,2.002803785e-06,5.644905364e-06,1.367857983e-05,1.897139111e-05,0.000505828595
2352.0,1.971111006e-06,5.732845598e-06,1.344310764e-05,1.862918013e-05,0.0005013576591
2353.0,1.888728844e-06,5.531136534e-06,1.316227616e-05,1.81993894e-05,0.0005198021929
2354.0,1.897380036e-06,5.472894281e-06,1.337308013e-05,1.833320933e-05,0.0005514407822
2355.0,2.001402289e-06,5.608814391e-06,1.374014286e-05,1.877030209e-05,0.0005785007494
2356.0,2.019932e-06,5.783005082e-06,1.385900385e-05,1.885918925e-05,0.0005680604005
2357.0,1.933350753e-06,5.662190332e-06,1.342225392e-05,1.859643399e-05,0.0005421860157
2358.0,1.86906995e-06,5.45426792e-06,1.325869831e-05,1.849531215e-05,0.0005143293714
2359.0,1.926466426e-06,5.469213915e-06,1.339117151e-05,1.881821021e-05,0.0005074424174
2360.0,2.002274113e-06,5.63185179e-06,1.365872038e-05,1.896155301e-05,0.0005009390751
2361.0,1.971073669e-06,5.735835878e-06,1.345023188e-05,1.868415574e-05,0.0005055302259
2362.0,1.888590213e-06,5.555359912e-06,1.315658321e-05,1.81196433e-05,0.0005124856702
2363.0,1.891652779e-06,5.476507574e-06,1.331952265e-05,1.819212296e-05,0.0005440778201
2364.0,1.99582897e-06,5.590175729e-06,1.368101985e-05,1.871719787e-05,0.0005708542885
2365.0,2.019247389e-06,5.75306341e-06,1.381344804e-05,1.889276572e-05,0.0005745026753
2366.0,1.938488984e-06,5.663593389e-06,1.340459146e-05,1.867944763e-05,0.000543192954
2367.0,1.869618335e-06,5.446210244e-06,1.321593577e-05,1.86202385e-05,0.0005144567954
2368.0,1.916676834e-06,5.451480115e-06,1.337069472e-05,1.893352067e-05,0.0005046051839
2369.0,1.996589203e-06,5.597814084e-06,1.361664439e-05,1.922702135e-05,0.0005040401051
2370.0,1.975037134e-06,5.738656728e-06,1.350704895e-05,1.883806273e-05,0.0005008530067
2371.0,1.888620502e-06,5.565744427e-06,1.314523971e-05,1.82983191e-05,0.0005102241923
2372.0,1.878761664e-06,5.468986113e-06,1.326533764e-05,1.826485739e-05,0.0005372176473
2373.0,1.986258386e-06,5.584220375e-06,1.365228037e-05,1.873875831e-05,0.0005749814585
2374.0,2.022033319e-06,5.750181772e-06,1.384957243e-05,1.885366584e-05,0.0005729695101
2375.0,1.948121202e-06,5.698439644e-06,1.34466609e-05,1.875988946e-05,0.000543482743
2376.0,1.871025004e-06,5.476729247e-06,1.321277031e-05,1.852051445e-05,0.0005127578854
2377.0,1.905111486e-06,5.456647383e-06,1.335361615e-05,1.890555874e-05,0.0005080088665
2378.0,1.996168794e-06,5.59776472e-06,1.361727681e-05,1.924237363e-05,0.0005027348733
2379.0,1.977916635e-06,5.73254744e-06,1.353260512e-05,1.906082085e-05,0.0005032475552
2380.0,1.896109267e-06,5.590853826e-06,1.319814928e-05,1.847421219e-05,0.0005070699437
2381.0,1.873154844e-06,5.460000414e-06,1.323344314e-05,1.834670773e-05,0.000538188567
2382.0,1.974543418e-06,5.553835606e-06,1.360645074e-05,1.870910358e-05,0.0005701452619
2383.0,2.023881841e-06,5.736882499e-06,1.386970043e-05,1.887322467e-05,0.0005741786236
2384.0,1.959656978e-06,5.714631104e-06,1.350546046e-05,1.876061398e-05,0.0005460592148
2385.0,1.878984943e-06,5.48220261e-06,1.322914869e-05,1.861211061e-05,0.0005174533267
2386.0,1.901989489e-06,5.456123729e-06,1.336979129e-05,1.892727166e-05,0.0005057589198
2387.0,1.996976332e-06,5.589962472e-06,1.362642706e-05,1.92734947e-05,0.0005046035094
2388.0,1.987335527e-06,5.741860352e-06,1.35793243e-05,1.908443608e-05,0.0005020410286
2389.0,1.906384068e-06,5.613204713e-06,1.325286114e-05,1.849877762e-05,0.0005112925798
2390.0,1.87815203e-06,5.489737113e-06,1.333197441e-05,1.825253205e-05,0.0005350066028
2391.0,1.973644837e-06,5.571938732e-06,1.365583126e-05,1.86489997e-05,0.0005711039219
2392.0,2.023614666e-06,5.727218114e-06,1.38870961e-05,1.884936365e-05,0.0005748461662
2393.0,1.97470529e-06,5.757440561e-06,1.36071506e-05,1.872453824e-05,0.0005519828558
2394.0,1.891214455e-06,5.525069429e-06,1.329291245e-05,1.856290683e-05,0.0005195741016
2395.0,1.905531394e-06,5.464261404e-06,1.339286967e-05,1.889796875e-05,0.0005111255264
2396.0,1.997854951e-06,5.591315993e-06,1.365121757e-05,1.932520473e-05,0.0005058325543
2397.0,1.998842257e-06,5.755645573e-06,1.366886572e-05,1.915582423e-05,0.0005069263074
2398.0,1.914992127e-06,5.6491849e-06,1.328244625e-05,1.86226783e-05,0.0005088598722
2399.0,1.868014103e-06,5.483607124e-06,1.328312775e-05,1.83080204e-05,0.0005339363387
2400.0,1.962192721e-06,5.564505659e-06,1.365523623e-05,1.868182977e-05,0.0005684926802
2401.0,2.028094284e-06,5.732302633e-06,1.395185705e-05,1.895774365e-05,0.0005800926836
2402.0,1.979328461e-06,5.770268588e-06,1.367333583e-05,1.871347787e-05,0.0005560322795
2403.0,1.888520883e-06,5.53567683e-06,1.330740672e-05,1.844090762e-05,0.0005261513069
2404.0,1.898575175e-06,5.464070523e-06,1.336456931e-05,1.874731416e-05,0.0005103736806
2405.0,1.999781698e-06,5.583059804e-06,1.363507172e-05,1.934056526e-05,0.0005105702886
2406.0,2.009344969e-06,5.755821249e-06,1.373262949e-05,1.927876751e-05,0.0005060655795
2407.0,1.933697456e-06,5.690039324e-06,1.336575117e-05,1.875804219e-05,0.0005137868495
2408.0,1.877160354e-06,5.508045914e-06,1.331435002e-05,1.850602692e-05,0.000533413982
2409.0,1.948602839e-06,5.549553399e-06,1.363821266e-05,1.874281879e-05,0.0005717397858
2410.0,2.029023287e-06,5.71654561e-06,1.396392407e-05,1.904219203e-05,0.0005839201172
2411.0,1.986184277e-06,5.780699498e-06,1.372405754e-05,1.885363256e-05,0.0005632232523
2412.0,1.89362395e-06,5.55572817e-06,1.335495676e-05,1.859681404e-05,0.0005282787714
2413.0,1.887638234e-06,5.476191241e-06,1.339278539e-05,1.878208085e-05,0.0005160233948
2414.0,1.99705605e-06,5.601096281e-06,1.369716989e-05,1.92980108e-05,0.0005106725982
2415.0,2.020405609e-06,5.77438572e-06,1.382344152e-05,1.924965284e-05,0.0005110918401
2416.0,1.949323503e-06,5.734271367e-06,1.346953898e-05,1.874928921e-05,0.0005126201528
2417.0,1.889461434e-06,5.535723536e-06,1.337192078e-05,1.852420456e-05,0.0005347639153
2418.0,1.94909648e-06,5.574855054e-06,1.366751529e-05,1.889122302e-05,0.0005687639468
2419.0,2.032605394e-06,5.733773555e-06,1.398338839e-05,1.922879312e-05,0.0005857675266
2420.0,1.998884204e-06,5.818629156e-06,1.381544847e-05,1.91884844e-05,0.0005656700076
2421.0,1.900268779e-06,5.589533244e-06,1.338855755e-05,1.885299802e-05,0.0005351689596
2422.0,1.880882244e-06,5.467688625e-06,1.337573043e-05,1.886260743e-05,0.0005149281893
2423.0,1.978427801e-06,5.563808144e-06,1.363491774e-05,1.917341045e-05,0.0005134909288
2424.0,2.016003254e-06,5.749318215e-06,1.383272459e-05,1.909587017e-05,0.0005097625371
2425.0,1.955252816e-06,5.728891943e-06,1.350560794e-05,1.866656767e-05,0.0005148477433
2426.0,1.890279517e-06,5.538224502e-06,1.337945522e-05,1.836384634e-05,0.0005309305679
2427.0,1.942840107e-06,5.549712793e-06,1.365079548e-05,1.885730976e-05,0.0005710059267
2428.0,2.034438252e-06,5.72771809e-06,1.400580314e-05,1.936008479e-05,0.0005867382498
2429.0,2.017795707e-06,5.852911321e-06,1.391685364e-05,1.944645399e-05,0.0005727129276
2430.0,1.91491164e-06,5.620792625e-06,1.346788485e-05,1.916535263e-05,0.0005382447516
2431.0,1.881637989e-06,5.47259368e-06,1.341156936e-05,1.91228533e-05,0.0005192705017
2432.0,1.973025474e-06,5.555769775e-06,1.361560332e-05,1.921324754e-05,0.000513962907
2433.0,2.013473099e-06,5.734163224e-06,1.38200845e-05,1.915196897e-05,0.0005123352468
2434.0,1.955083627e-06,5.747935579e-06,1.351236147e-05,1.873966397e-05,0.0005131804511
2435.0,1.886629185e-06,5.558605751e-06,1.336529312e-05,1.825086351e-05,0.0005339286543
2436.0,1.935457216e-06,5.569055042e-06,1.367110445e-05,1.859817735e-05,0.0005685328196
2437.0,2.035798779e-06,5.71724511e-06,1.403487388e-05,1.920802962e-05,0.0005911463797
2438.0,2.026764744e-06,5.850432684e-06,1.39932581e-05,1.919140293e-05,0.0005762040336
2439.0,1.932260087e-06,5.664057581e-06,1.356006377e-05,1.90033797e-05,0.0005438374568
2440.0,1.886023329e-06,5.502085349e-06,1.34543456e-05,1.918228047e-05,0.0005187559743
2441.0,1.969753198e-06,5.561223118e-06,1.365631096e-05,1.961182549e-05,0.0005185384768
2442.0,2.012179524e-06,5.720164168e-06,1.383037802e-05,1.953175383e-05,0.0005130152051
2443.0,1.95834643e-06,5.758940582e-06,1.353001508e-05,1.904816357e-05,0.0005175509634
2444.0,1.883423718e-06,5.569217428e-06,1.335444374e-05,1.848495171e-05,0.0005302054884
2445.0,1.919639482e-06,5.54832019e-06,1.361089472e-05,1.842019201e-05,0.000568108836
2446.0,2.025406365e-06,5.692869956e-06,1.40094405e-05,1.875455428e-05,0.0005902963117
2447.0,2.02654071e-06,5.843650766e-06,1.405296048e-05,1.874771536e-05,0.0005808484622
2448.0,1.937674952e-06,5.686885726e-06,1.362347504e-05,1.865704306e-05,0.0005463790196
2449.0,1.889266584e-06,5.514384541e-06,1.34897399e-05,1.891555691e-05,0.0005239663957
2450.0,1.964803247e-06,5.570403473e-06,1.370918949e-05,1.953648556e-05,0.0005182085455
2451.0,2.024797979e-06,5.731985161e-06,1.389875527e-05,1.971017527e-05,0.0005168750149
2452.0,1.975935288e-06,5.790074307e-06,1.361529531e-05,1.941189923e-05,0.000515941131
2453.0,1.892209296e-06,5.574239181e-06,1.337482122e-05,1.887583356e-05,0.000534837333
2454.0,1.909761921e-06,5.542659224e-06,1.36245352e-05,1.878199864e-05,0.000567646175
2455.0,2.021968627e-06,5.688759985e-06,1.401347442e-05,1.887265016e-05,0.0005964529962
2456.0,2.024557518e-06,5.846057466e-06,1.407588436e-05,1.883518268e-05,0.0005863895694
2457.0,1.937359035e-06,5.712000341e-06,1.365126963e-05,1.856385041e-05,0.0005556134725
2458.0,1.88753604e-06,5.548564195e-06,1.354244619e-05,1.863647719e-05,0.0005288873144
2459.0,1.962088686e-06,5.593005849e-06,1.373682828e-05,1.931591873e-05,0.0005238497643
2460.0,2.03125716e-06,5.746251626e-06,1.399132084e-05,1.96079594e-05,0.0005188403881
2461.0,1.993631511e-06,5.820979431e-06,1.3741515e-05,1.925940551e-05,0.0005230859197
2462.0,1.9071494e-06,5.608597656e-06,1.343157603e-05,1.876293904e-05,0.000533892246
2463.0,1.90754765e-06,5.538905785e-06,1.36392105e-05,1.885193308e-05,0.0005715221443
2464.0,2.010365066e-06,5.675619543e-06,1.399887812e-05,1.918449473e-05,0.0005991947654
2465.0,2.028811089e-06,5.840470561e-06,1.409450712e-05,1.919283117e-05,0.0005946857641
2466.0,1.941575888e-06,5.722113667e-06,1.364850016e-05,1.898394319e-05,0.0005605575154
2467.0,1.877943536e-06,5.506126199e-06,1.349384183e-05,1.878259766e-05,0.0005345567561
2468.0,1.947143659e-06,5.550673998e-06,1.370510025e-05,1.901540383e-05,0.0005250281958
2469.0,2.025169308e-06,5.708449072e-06,1.400645346e-05,1.926777349e-05,0.0005248217203
2470.0,1.995237928e-06,5.822413082e-06,1.384578907e-05,1.901101359e-05,0.0005234749462
2471.0,1.915281108e-06,5.640206641e-06,1.352331407e-05,1.840725149e-05,0.0005370626579
2472.0,1.911599429e-06,5.548990279e-06,1.364268352e-05,1.857643636e-05,0.0005697513771
2473.0,2.012562107e-06,5.668504078e-06,1.402973404e-05,1.909221398e-05,0.0006038957247
2474.0,2.037208104e-06,5.834170701e-06,1.416914826e-05,1.918589617e-05,0.0005997018993
2475.0,1.961245031e-06,5.757898741e-06,1.375722267e-05,1.896367765e-05,0.0005701097812
2476.0,1.88734112e-06,5.530895804e-06,1.356206975e-05,1.881463323e-05,0.0005383408821
2477.0,1.934768575e-06,5.533445692e-06,1.370799585e-05,1.899757158e-05,0.0005316431956
2478.0,2.019570085e-06,5.685870375e-06,1.396664314e-05,1.912258843e-05,0.0005266557963
2479.0,1.994833082e-06,5.801159637e-06,1.382859438e-05,1.891520118e-05,0.000527964367
2480.0,1.907487969e-06,5.641233355e-06,1.352485647e-05,1.837146907e-05,0.0005381373326
2481.0,1.895250448e-06,5.529179798e-06,1.359259565e-05,1.833700189e-05,0.0005712820064
2482.0,2.003219564e-06,5.647309721e-06,1.39852073e-05,1.878831789e-05,0.0006030691806
2483.0,2.039183088e-06,5.811157562e-06,1.419764889e-05,1.895570774e-05,0.000604488295
2484.0,1.969839634e-06,5.759829301e-06,1.382526365e-05,1.872242657e-05,0.0005741784412
2485.0,1.888425185e-06,5.514632079e-06,1.353568796e-05,1.860360602e-05,0.0005435384134
2486.0,1.920952432e-06,5.491589716e-06,1.366025992e-05,1.897621815e-05,0.000529713838
2487.0,2.011161388e-06,5.642463345e-06,1.391550391e-05,1.928000351e-05,0.0005289959922
2488.0,1.99915638e-06,5.791973061e-06,1.3855127e-05,1.905416877e-05,0.0005272237903
2489.0,1.910913104e-06,5.633024227e-06,1.348246227e-05,1.845123003e-05,0.0005402996385
2490.0,1.88091732e-06,5.514307002e-06,1.356577259e-05,1.824257187e-05,0.0005652623087
2491.0,1.989453179e-06,5.623634831e-06,1.393787601e-05,1.854769509e-05,0.0006028233682
2492.0,2.036497865e-06,5.785760971e-06,1.418049649e-05,1.876904846e-05,0.0006052894041
2493.0,1.969554781e-06,5.762476244e-06,1.381827185e-05,1.853853451e-05,0.000578305306
2494.0,1.891740284e-06,5.540109355e-06,1.357191285e-05,1.841133833e-05,0.0005435462918
2495.0,1.912584266e-06,5.487589603e-06,1.364789992e-05,1.881625793e-05,0.0005324028906
2496.0,2.003310419e-06,5.621052848e-06,1.390757341e-05,1.923452125e-05,0.0005261499225
2497.0,2.001755771e-06,5.782842979e-06,1.386724068e-05,1.897374523e-05,0.0005274073765
2498.0,1.920001449e-06,5.652417209e-06,1.351344135e-05,1.843260409e-05,0.0005328104303
2499.0,1.888348876e-06,5.515315705e-06,1.355143834e-05,1.821087551e-05,0.0005639125728
2500.0,1.977462579e-06,5.607835779e-06,1.393338868e-05,1.849458426e-05,0.0006000529575
2501.0,2.031314504e-06,5.766379283e-06,1.419021626e-05,1.866804778e-05,0.0006085704569
2502.0,1.973616579e-06,5.77248806e-06,1.386174291e-05,1.859511611e-05,0.0005819974297
2503.0,1.883614082e-06,5.52585059e-06,1.350622724e-05,1.834426297e-05,0.0005483792943
2504.0,1.903053344e-06,5.476377924e-06,1.361739949e-05,1.864907225e-05,0.0005326822351
2505.0,2.002788189e-06,5.599271223e-06,1.391134634e-05,1.907585006e-05,0.0005309792202
2506.0,2.008142367e-06,5.773195025e-06,1.39424977e-05,1.892968627e-05,0.000527370168
2507.0,1.926667356e-06,5.657372622e-06,1.352880624e-05,1.836971901e-05,0.0005352293284
2508.0,1.882635343e-06,5.491324859e-06,1.351554745e-05,1.817691811e-05,0.0005585275944
2509.0,1.965627887e-06,5.572559619e-06,1.387179894e-05,1.851732968e-05,0.0005987091209
2510.0,2.032189562e-06,5.745909853e-06,1.415993817e-05,1.877022919e-05,0.000606498379
2511.0,1.978781037e-06,5.774115316e-06,1.386203391e-05,1.862488937e-05,0.0005841407638
2512.0,1.887837257e-06,5.534965781e-06,1.350940414e-05,1.843604865e-05,0.0005478719147
2513.0,1.892412054e-06,5.457449169e-06,1.358056241e-05,1.858517887e-05,0.0005340001559
2514.0,1.993566786e-06,5.579550472e-06,1.384949573e-05,1.889016849e-05,0.0005277230915
2515.0,2.005327697e-06,5.73440811e-06,1.391058482e-05,1.873829043e-05,0.0005268667241
2516.0,1.929953697e-06,5.671705645e-06,1.351638232e-05,1.818360705e-05,0.0005287502627
2517.0,1.880618322e-06,5.49927245e-06,1.347900578e-05,1.801526412e-05,0.0005553334027
2518.0,1.955681559e-06,5.557803445e-06,1.381717389e-05,1.842108511e-05,0.0005918004443
2519.0,2.030183614e-06,5.714248285e-06,1.410798202e-05,1.874582149e-05,0.0006062445058
2520.0,1.993888521e-06,5.795771088e-06,1.391390566e-05,1.86553162e-05,0.0005829634794
2521.0,1.898070859e-06,5.561877422e-06,1.352405683e-05,1.847494464e-05,0.0005503582481
2522.0,1.885513812e-06,5.461269015e-06,1.353003044e-05,1.85881559e-05,0.0005307015836
2523.0,1.978985175e-06,5.546118626e-06,1.375925411e-05,1.888671743e-05,0.0005274624754
2524.0,2.004444662e-06,5.721159719e-06,1.388618121e-05,1.879103881e-05,0.000523190526
2525.0,1.935719399e-06,5.687516296e-06,1.351730163e-05,1.817500884e-05,0.0005304929564
2526.0,1.876353224e-06,5.502766259e-06,1.341382524e-05,1.776457567e-05,0.0005501789729
2527.0,1.94279128e-06,5.537928459e-06,1.373981556e-05,1.807551878e-05,0.0005894772901
2528.0,2.021362298e-06,5.681598133e-06,1.404612515e-05,1.838886693e-05,0.0006051068254
2529.0,1.997923818e-06,5.790520227e-06,1.391693952e-05,1.834894251e-05,0.0005880774885
2530.0,1.900344142e-06,5.577575885e-06,1.34893221e-05,1.813297253e-05,0.0005511630244
2531.0,1.881596235e-06,5.470241015e-06,1.347388099e-05,1.83841599e-05,0.0005305278305
2532.0,1.975812291e-06,5.550270445e-06,1.372218947e-05,1.887285847e-05,0.0005225132394
2533.0,2.007829302e-06,5.713569166e-06,1.385398359e-05,1.88796585e-05,0.0005233915284
2534.0,1.943025657e-06,5.704875825e-06,1.35046523e-05,1.844469203e-05,0.0005248527552
2535.0,1.873743369e-06,5.507229648e-06,1.33570248e-05,1.794235895e-05,0.0005457841279
2536.0,1.922479806e-06,5.515092324e-06,1.365879652e-05,1.79897097e-05,0.0005800460765
2537.0,2.017102979e-06,5.659878354e-06,1.398442641e-05,1.819527327e-05,0.0006041197305
2538.0,2.001065601e-06,5.801261747e-06,1.392926728e-05,1.810489945e-05,0.0005877903251
2539.0,1.908373949e-06,5.601800455e-06,1.351125398e-05,1.788281644e-05,0.0005528333417
2540.0,1.877039885e-06,5.460853775e-06,1.347117777e-05,1.81348486e-05,0.0005285024795
2541.0,1.970096751e-06,5.529481938e-06,1.367829813e-05,1.872305007e-05,0.000529072519
2542.0,2.015472681e-06,5.693627483e-06,1.386064935e-05,1.890476279e-05,0.0005248252778
2543.0,1.959148417e-06,5.706901577e-06,1.355151518e-05,1.857038658e-05,0.0005269266585
2544.0,1.884093389e-06,5.518134049e-06,1.336586994e-05,1.806831293e-05,0.0005397679828
2545.0,1.916206994e-06,5.505539028e-06,1.360049996e-05,1.81792878e-05,0.0005824566214
2546.0,2.014101418e-06,5.654552511e-06,1.395210939e-05,1.851976705e-05,0.0006035790597
2547.0,2.002331151e-06,5.788353944e-06,1.390469016e-05,1.833140464e-05,0.0005912930817
2548.0,1.912647155e-06,5.630123675e-06,1.348196321e-05,1.803770982e-05,0.0005525149225
2549.0,1.871031595e-06,5.465934694e-06,1.341893181e-05,1.808326262e-05,0.0005321776171
2550.0,1.956554349e-06,5.530286731e-06,1.365203493e-05,1.855013641e-05,0.0005254974705
2551.0,2.021005584e-06,5.704900122e-06,1.390706511e-05,1.867795349e-05,0.0005237794779
2552.0,1.969513192e-06,5.736865901e-06,1.358120838e-05,1.835135475e-05,0.0005197822237
2553.0,1.890771823e-06,5.534934577e-06,1.337844581e-05,1.796923683e-05,0.0005411200562
2554.0,1.90961015e-06,5.51515484e-06,1.356793507e-05,1.816189212e-05,0.0005751269371
2555.0,2.013679782e-06,5.649312646e-06,1.390879127e-05,1.850916116e-05,0.0006014366095
2556.0,2.014390542e-06,5.789050239e-06,1.392207678e-05,1.859148714e-05,0.0005857301158
2557.0,1.9155398e-06,5.634023541e-06,1.344140242e-05,1.829615552e-05,0.0005578040918
2558.0,1.865507822e-06,5.462925908e-06,1.331778842e-05,1.807617748e-05,0.0005298267043
2559.0,1.940283258e-06,5.522083314e-06,1.357152398e-05,1.84279358e-05,0.000523722832
2560.0,2.006291672e-06,5.682839341e-06,1.384273654e-05,1.858687461e-05,0.0005154116281
2561.0,1.968386872e-06,5.7495384e-06,1.357958985e-05,1.824200632e-05,0.0005224676499
2562.0,1.888067149e-06,5.554011561e-06,1.33230421e-05,1.777129211e-05,0.0005336036611
2563.0,1.897913915e-06,5.496288824e-06,1.350622344e-05,1.796657461e-05,0.0005672765413
2564.0,2.004310999e-06,5.622112876e-06,1.384680208e-05,1.845493397e-05,0.0005906447348
2565.0,2.018013537e-06,5.764667936e-06,1.391201924e-05,1.85357021e-05,0.0005887569419
2566.0,1.932504617e-06,5.655717873e-06,1.349129477e-05,1.834462729e-05,0.0005560029513
2567.0,1.868102762e-06,5.462361126e-06,1.330229849e-05,1.828398e-05,0.0005286852991
2568.0,1.929070313e-06,5.492118961e-06,1.346524619e-05,1.848800514e-05,0.0005164311241
2569.0,2.001317661e-06,5.657902922e-06,1.374926319e-05,1.858393428e-05,0.0005165874301
2570.0,1.970772717e-06,5.76759247e-06,1.357732e-05,1.823997733e-05,0.0005146352289
2571.0,1.893407529e-06,5.58884467e-06,1.330769331e-05,1.776199819e-05,0.0005268524718
2572.0,1.889718363e-06,5.499046442e-06,1.345096268e-05,1.783631967e-05,0.0005542187769
2573.0,1.995820924e-06,5.614056997e-06,1.377738225e-05,1.829460277e-05,0.0005897212616
2574.0,2.021733649e-06,5.777877377e-06,1.392822475e-05,1.848762573e-05,0.0005849513981
2575.0,1.941202872e-06,5.672625717e-06,1.349518788e-05,1.833799751e-05,0.0005542630116
2576.0,1.867056394e-06,5.450768069e-06,1.326162396e-05,1.828636895e-05,0.0005225622117
2577.0,1.919493522e-06,5.468553628e-06,1.34102814e-05,1.859718906e-05,0.0005196958561
2578.0,1.998432602e-06,5.624573081e-06,1.367840149e-05,1.881164987e-05,0.0005122688704
2579.0,1.970684956e-06,5.749871647e-06,1.354206068e-05,1.840945589e-05,0.0005120286421
2580.0,1.883955897e-06,5.583861811e-06,1.320437821e-05,1.775823865e-05,0.0005165736898
2581.0,1.876763416e-06,5.499484014e-06,1.335775174e-05,1.765635148e-05,0.0005534711948
2582.0,1.980960044e-06,5.60610713e-06,1.372692832e-05,1.803944296e-05,0.0005833360028
2583.0,2.020740887e-06,5.78038993e-06,1.393166882e-05,1.819949088e-05,0.000582276473
2584.0,1.949691506e-06,5.714858191e-06,1.352684555e-05,1.807613491e-05,0.0005489972814
2585.0,1.870095681e-06,5.460417861e-06,1.32525687e-05,1.812383821e-05,0.0005251768288
2586.0,1.914223246e-06,5.470860611e-06,1.341229795e-05,1.852946711e-05,0.0005152824989
2587.0,1.999060693e-06,5.596493469e-06,1.362653648e-05,1.895959241e-05,0.0005118863594
2588.0,1.98101368e-06,5.725633201e-06,1.354789567e-05,1.872519236e-05,0.0005044366377
2589.0,1.89367625e-06,5.582392316e-06,1.320262093e-05,1.803688596e-05,0.0005176032075
2590.0,1.869963384e-06,5.47013279e-06,1.327328715e-05,1.7803521e-05,0.0005439641304
2591.0,1.973902987e-06,5.572791254e-06,1.368170587e-05,1.814085249e-05,0.0005782372209
2592.0,2.018528049e-06,5.741149965e-06,1.390213494e-05,1.828880583e-05,0.0005753482623
2593.0,1.956028296e-06,5.736354112e-06,1.356353836e-05,1.80147381e-05,0.0005527643918
2594.0,1.87856808e-06,5.499172541e-06,1.327749787e-05,1.801673705e-05,0.000522440891
2595.0,1.904885581e-06,5.468313633e-06,1.338230552e-05,1.855087802e-05,0.0005106392439
2596.0,1.999685143e-06,5.592507192e-06,1.361065928e-05,1.894559705e-05,0.0005043650079
2597.0,1.999244989e-06,5.739277582e-06,1.359499906e-05,1.880409479e-05,0.0005085397263
2598.0,1.911278703e-06,5.602330035e-06,1.324283977e-05,1.830438112e-05,0.0005124389892
2599.0,1.875847206e-06,5.463367585e-06,1.327028757e-05,1.812766102e-05,0.0005384367545
2600.0,1.964239403e-06,5.541984519e-06,1.361287243e-05,1.834913354e-05,0.0005690094017
2601.0,2.02184106e-06,5.723208933e-06,1.390094956e-05,1.854653949e-05,0.0005800875248
2602.0,1.962907104e-06,5.740737304e-06,1.357276089e-05,1.83123551e-05,0.0005541525292
2603.0,1.879251295e-06,5.519499736e-06,1.32510955e-05,1.807751936e-05,0.0005216339218
2604.0,1.895568913e-06,5.463773123e-06,1.334037374e-05,1.837125887e-05,0.0005057383895
2605.0,1.998759117e-06,5.599633982e-06,1.362432536e-05,1.881280323e-05,0.0005076752056
2606.0,2.005902651e-06,5.762062418e-06,1.365041551e-05,1.869812866e-05,0.0005031640402
2607.0,1.925639969e-06,5.646132125e-06,1.329410091e-05,1.828851481e-05,0.0005091632846
2608.0,1.883418163e-06,5.484405394e-06,1.330222618e-05,1.810988804e-05,0.0005280637669
2609.0,1.960676725e-06,5.548441579e-06,1.359318893e-05,1.857065748e-05,0.0005689485748
2610.0,2.025598209e-06,5.722134939e-06,1.387693948e-05,1.885058949e-05,0.0005774584287
2611.0,1.976617889e-06,5.765446542e-06,1.361597495e-05,1.862858993e-05,0.0005535016257
2612.0,1.880618499e-06,5.518294059e-06,1.324779431e-05,1.832111823e-05,0.0005190056102
2613.0,1.880806114e-06,5.438195068e-06,1.325702577e-05,1.846125769e-05,0.000508142831
2614.0,1.981297053e-06,5.555061192e-06,1.351304374e-05,1.867624106e-05,0.0005050190222
2615.0,1.995369459e-06,5.732680883e-06,1.359660414e-05,1.853128637e-05,0.0005023464713
2616.0,1.926027467e-06,5.659783941e-06,1.324846988e-05,1.8018326e-05,0.0005026204233
2617.0,1.875995032e-06,5.47843048e-06,1.321113013e-05,1.79443201e-05,0.0005288437236
2618.0,1.950008068e-06,5.535621539e-06,1.356069598e-05,1.834824641e-05,0.0005642016312
2619.0,2.0248611e-06,5.706166266e-06,1.386566031e-05,1.871971015e-05,0.0005746412876
2620.0,1.985899007e-06,5.774601819e-06,1.364825049e-05,1.862170642e-05,0.0005499664599
2621.0,1.88926686e-06,5.541935947e-06,1.325901706e-05,1.842966643e-05,0.0005204958904
2622.0,1.877905544e-06,5.428968824e-06,1.326553468e-05,1.851094668e-05,0.0005042631062
2623.0,1.976085307e-06,5.53817612e-06,1.350324462e-05,1.880665638e-05,0.0005032042311
2624.0,1.998312609e-06,5.718483632e-06,1.363721029e-05,1.86951823e-05,0.0004983145387
2625.0,1.93090389e-06,5.690730037e-06,1.328279773e-05,1.81759253e-05,0.0005041408348
2626.0,1.878180606e-06,5.521892525e-06,1.325423345e-05,1.783342556e-05,0.0005221527463
2627.0,1.947643664e-06,5.553140052e-06,1.357379597e-05,1.824514892e-05,0.0005597586481
2628.0,2.034834837e-06,5.719007326e-06,1.392564404e-05,1.865323306e-05,0.0005727960482
2629.0,2.004039611e-06,5.80657015e-06,1.377075072e-05,1.862334499e-05,0.0005558028251
2630.0,1.908849596e-06,5.590765398e-06,1.336811319e-05,1.847029349e-05,0.0005234101819
2631.0,1.881929342e-06,5.45360744e-06,1.330480751e-05,1.867398723e-05,0.0005056005512
2632.0,1.977538502e-06,5.541702917e-06,1.35257674e-05,1.914640051e-05,0.0004996422633
2633.0,2.00984458e-06,5.717849086e-06,1.36795826e-05,1.91064355e-05,0.0005020936262
2634.0,1.942923172e-06,5.718302291e-06,1.334755323e-05,1.861248537e-05,0.0005023682451
2635.0,1.876805163e-06,5.527152557e-06,1.321733584e-05,1.806694847e-05,0.0005223992455
2636.0,1.936002456e-06,5.560501203e-06,1.355488719e-05,1.826818234e-05,0.0005549319678
2637.0,2.031501097e-06,5.711180529e-06,1.392686234e-05,1.865305811e-05,0.0005762149089
2638.0,2.015609017e-06,5.829991229e-06,1.3837426e-05,1.866271063e-05,0.0005595402091
2639.0,1.913426574e-06,5.607733962e-06,1.33914808e-05,1.842402708e-05,0.0005274201196
2640.0,1.885941278e-06,5.491359539e-06,1.336027241e-05,1.869875181e-05,0.0005061419486
2641.0,1.971464075e-06,5.558834477e-06,1.353125315e-05,1.92441669e-05,0.0005067430314
2642.0,2.014644405e-06,5.736084447e-06,1.372758893e-05,1.925958608e-05,0.0005018454228
2643.0,1.955454185e-06,5.743196237e-06,1.338919038e-05,1.882963168e-05,0.0005045052397
2644.0,1.878423924e-06,5.536673737e-06,1.321599001e-05,1.828217468e-05,0.0005188608171
2645.0,1.919299644e-06,5.53251312e-06,1.348449736e-05,1.829281647e-05,0.0005579818548
2646.0,2.018906774e-06,5.693287385e-06,1.386506345e-05,1.861705422e-05,0.0005758836437
2647.0,2.010171048e-06,5.829424768e-06,1.383218389e-05,1.852601717e-05,0.0005636547258
2648.0,1.917700773e-06,5.642555186e-06,1.341006767e-05,1.834661302e-05,0.0005313326246
2649.0,1.879798891e-06,5.488670735e-06,1.332727405e-05,1.842207002e-05,0.0005115949926
2650.0,1.96641107e-06,5.559577024e-06,1.352963281e-05,1.89929383e-05,0.0005051048574
2651.0,2.017247443e-06,5.725575389e-06,1.373947252e-05,1.913807591e-05,0.0005040790288
2652.0,1.962507151e-06,5.758359823e-06,1.343295265e-05,1.871966883e-05,0.0005035426868
2653.0,1.885314064e-06,5.539768915e-06,1.321830687e-05,1.8363154e-05,0.000521466616
2654.0,1.909833417e-06,5.512776536e-06,1.346263107e-05,1.840623912e-05,0.0005531430161
2655.0,2.015794565e-06,5.662564608e-06,1.383154478e-05,1.867212444e-05,0.0005768404913
2656.0,2.013634218e-06,5.816199121e-06,1.386430172e-05,1.861413309e-05,0.0005650837698
2657.0,1.922133587e-06,5.658803797e-06,1.342184436e-05,1.834879119e-05,0.0005359901988
2658.0,1.873846388e-06,5.494480494e-06,1.333353226e-05,1.840074169e-05,0.0005107729986
2659.0,1.954313806e-06,5.550151246e-06,1.352522639e-05,1.885060638e-05,0.0005074780703
2660.0,2.015402075e-06,5.708423138e-06,1.376951639e-05,1.903398212e-05,0.0005025278202
2661.0,1.976100199e-06,5.786676997e-06,1.353254456e-05,1.869713133e-05,0.000507050232
2662.0,1.894086605e-06,5.585931742e-06,1.327627115e-05,1.819075066e-05,0.0005168787987
2663.0,1.912551552e-06,5.538311129e-06,1.346853514e-05,1.838219926e-05,0.0005536138412
2664.0,2.018433897e-06,5.673166324e-06,1.387061522e-05,1.879803979e-05,0.0005793800849
2665.0,2.021957813e-06,5.817826513e-06,1.389180549e-05,1.881939357e-05,0.0005717812439
2666.0,1.934764173e-06,5.694537914e-06,1.348107056e-05,1.864870118e-05,0.0005377891584
2667.0,1.87440694e-06,5.5137462e-06,1.33360972e-05,1.855707703e-05,0.0005139710168
2668.0,1.945364339e-06,5.568085615e-06,1.356686704e-05,1.8834243e-05,0.0005059653141
2669.0,2.017563061e-06,5.714660267e-06,1.380149291e-05,1.904290021e-05,0.0005069430937
2670.0,1.981541233e-06,5.791147061e-06,1.358917503e-05,1.877170077e-05,0.0005051227259
2671.0,1.900691251e-06,5.604808015e-06,1.332164639e-05,1.822093972e-05,0.0005202710142
2672.0,1.910184276e-06,5.545231314e-06,1.350362121e-05,1.837936142e-05,0.0005512727679
2673.0,2.018044091e-06,5.678695841e-06,1.390304956e-05,1.885274791e-05,0.0005829647356
2674.0,2.038636362e-06,5.838957717e-06,1.404547026e-05,1.896613885e-05,0.0005746904652
2675.0,1.953854787e-06,5.737518171e-06,1.359204618e-05,1.868936023e-05,0.0005462342707
2676.0,1.887024623e-06,5.525704964e-06,1.34018827e-05,1.872354539e-05,0.0005191617439
2677.0,1.939363356e-06,5.549744814e-06,1.357641877e-05,1.899654002e-05,0.0005125187245
2678.0,2.015511528e-06,5.715258973e-06,1.382675145e-05,1.921673574e-05,0.0005067622661
2679.0,1.989042786e-06,5.81567028e-06,1.3631541e-05,1.890231519e-05,0.0005094256931
2680.0,1.902098481e-06,5.624832933e-06,1.333928406e-05,1.841905031e-05,0.000517960054
2681.0,1.899029131e-06,5.544539535e-06,1.350150895e-05,1.841059099e-05,0.0005532755138
2682.0,2.008660523e-06,5.661901204e-06,1.386930031e-05,1.877207275e-05,0.0005816593188
2683.0,2.031191603e-06,5.814709537e-06,1.401553271e-05,1.884261373e-05,0.0005814029438
2684.0,1.961093e-06,5.757029508e-06,1.365917709e-05,1.865952076e-05,0.0005521807679
2685.0,1.887561699e-06,5.536268162e-06,1.341644593e-05,1.847498692e-05,0.0005249931825
2686.0,1.927815633e-06,5.525234536e-06,1.354819473e-05,1.897779667e-05,0.0005135234314
2687.0,2.014171607e-06,5.682651507e-06,1.383497875e-05,1.925616888e-05,0.0005136628397
2688.0,1.997093784e-06,5.829634185e-06,1.372623996e-05,1.895644084e-05,0.0005107267142
2689.0,1.909231362e-06,5.65077809e-06,1.334611989e-05,1.850555794e-05,0.0005219417144
2690.0,1.892364937e-06,5.555774374e-06,1.35045597e-05,1.84174432e-05,0.0005503098938
2691.0,1.997126338e-06,5.656397453e-06,1.385927633e-05,1.868223811e-05,0.0005847855597
2692.0,2.035972002e-06,5.820419256e-06,1.406985404e-05,1.880736065e-05,0.0005847595033
2693.0,1.958441241e-06,5.757880266e-06,1.365983352e-05,1.86355977e-05,0.0005597470539
2694.0,1.879389144e-06,5.537108092e-06,1.340645554e-05,1.847590921e-05,0.0005270757098
2695.0,1.918643e-06,5.524644796e-06,1.353659784e-05,1.880589418e-05,0.0005184985872
2696.0,2.008063617e-06,5.644952074e-06,1.381934501e-05,1.909788415e-05,0.0005128763882
2697.0,1.998876568e-06,5.793856588e-06,1.377759703e-05,1.889740659e-05,0.0005152672134
2698.0,1.91862927e-06,5.670773104e-06,1.344764103e-05,1.826435915e-05,0.000521323475
2699.0,1.890252307e-06,5.54506384e-06,1.349125359e-05,1.825141833e-05,0.0005525771357
2700.0,1.982561165e-06,5.649281416e-06,1.385103627e-05,1.868745819e-05,0.0005840377937
2701.0,2.035474829e-06,5.810884766e-06,1.40705929e-05,1.889001617e-05,0.0005902095705
2702.0,1.976876449e-06,5.79695166e-06,1.37588109e-05,1.873596455e-05,0.0005629870966
2703.0,1.884265684e-06,5.533207304e-06,1.344903297e-05,1.865112047e-05,0.0005353707456
2704.0,1.905086703e-06,5.489415702e-06,1.352271979e-05,1.888097903e-05,0.0005207186564
2705.0,2.004655443e-06,5.62598634e-06,1.381154942e-05,1.913924938e-05,0.0005189884968
2706.0,2.001664517e-06,5.783105306e-06,1.382223885e-05,1.885365347e-05,0.0005151643365
2707.0,1.917213607e-06,5.666663914e-06,1.342648676e-05,1.83490631e-05,0.0005257472551
2708.0,1.885912554e-06,5.534107514e-06,1.347121151e-05,1.813965273e-05,0.0005505564289
2709.0,1.972040693e-06,5.612816395e-06,1.381837262e-05,1.861228672e-05,0.0005875861392
2710.0,2.03338826e-06,5.792640676e-06,1.410798256e-05,1.877864138e-05,0.0005941463836
2711.0,1.984097356e-06,5.815825781e-06,1.381880116e-05,1.869288978e-05,0.0005714661816
2712.0,1.890784022e-06,5.562145992e-06,1.347400846e-05,1.857005227e-05,0.0005373767256
2713.0,1.893233522e-06,5.497211568e-06,1.354450503e-05,1.890876538e-05,0.000524596811
2714.0,1.995266017e-06,5.624312553e-06,1.379797852e-05,1.918388778e-05,0.0005190070678
2715.0,2.008631657e-06,5.786893354e-06,1.386505249e-05,1.914655848e-05,0.0005208138005
2716.0,1.924441499e-06,5.680889576e-06,1.349252543e-05,1.855355869e-05,0.0005237915459
2717.0,1.877482202e-06,5.510859057e-06,1.346788575e-05,1.822965587e-05,0.0005502804257
2718.0,1.961898928e-06,5.588054298e-06,1.38172598e-05,1.849080952e-05,0.000586021058
2719.0,2.028118635e-06,5.738120412e-06,1.409759057e-05,1.87147419e-05,0.0005997689073
2720.0,1.987961772e-06,5.814152695e-06,1.386994233e-05,1.852318728e-05,0.0005767386127
2721.0,1.897134765e-06,5.581122146e-06,1.351280613e-05,1.841232626e-05,0.0005470826979
2722.0,1.891928051e-06,5.5025514e-06,1.355693378e-05,1.87103767e-05,0.0005277067036
2723.0,1.986076691e-06,5.605242727e-06,1.377244645e-05,1.916134506e-05,0.0005240450298
2724.0,2.005336864e-06,5.767585681e-06,1.383406462e-05,1.906207106e-05,0.0005195090951
2725.0,1.927871454e-06,5.672231969e-06,1.344812269e-05,1.855035772e-05,0.0005277731311
2726.0,1.870012085e-06,5.499226045e-06,1.341038178e-05,1.817508913e-05,0.0005491486044
2727.0,1.944874801e-06,5.558019453e-06,1.374550264e-05,1.834467682e-05,0.0005892854906
2728.0,2.024332584e-06,5.724673411e-06,1.409989613e-05,1.856851261e-05,0.0006013000718
2729.0,1.987770593e-06,5.804283469e-06,1.38836306e-05,1.835491027e-05,0.0005823718504
2730.0,1.896451361e-06,5.587258376e-06,1.350453955e-05,1.81862167e-05,0.0005475055087
2731.0,1.887675268e-06,5.489643999e-06,1.354066434e-05,1.847156005e-05,0.000530442863
2732.0,1.981927157e-06,5.59530004e-06,1.379463939e-05,1.892909427e-05,0.0005244114231
2733.0,2.012533398e-06,5.765237761e-06,1.392023042e-05,1.899121902e-05,0.0005252041164
2734.0,1.942968771e-06,5.711583593e-06,1.354703836e-05,1.850034592e-05,0.0005254350234
2735.0,1.8737298e-06,5.50202848e-06,1.341355047e-05,1.813370734e-05,0.0005480117153
2736.0,1.930112318e-06,5.54440675e-06,1.371421527e-05,1.833846496e-05,0.0005843808219
2737.0,2.020375961e-06,5.704993019e-06,1.408003818e-05,1.850041023e-05,0.00060395714
2738.0,1.990870715e-06,5.791644695e-06,1.393496674e-05,1.839755628e-05,0.0005828872547
2739.0,1.893533507e-06,5.575611229e-06,1.349141921e-05,1.812035909e-05,0.0005513692289
2740.0,1.871145677e-06,5.454522925e-06,1.346623845e-05,1.823489026e-05,0.0005301067428
2741.0,1.971936545e-06,5.549819147e-06,1.37824969e-05,1.867856948e-05,0.0005281330371
2742.0,2.012467255e-06,5.740772337e-06,1.396758906e-05,1.873577396e-05,0.0005210727315
2743.0,1.951175618e-06,5.732098486e-06,1.358944645e-05,1.830577397e-05,0.0005270559988
2744.0,1.883148167e-06,5.526066534e-06,1.346287327e-05,1.801234037e-05,0.0005440560425
2745.0,1.926751215e-06,5.537681219e-06,1.375186504e-05,1.832244793e-05,0.0005862007397
2746.0,2.015978395e-06,5.686112352e-06,1.403240207e-05,1.874142769e-05,0.0006028222506
2747.0,1.996495697e-06,5.786041333e-06,1.393122924e-05,1.868164528e-05,0.0005888386093
2748.0,1.901613321e-06,5.592402653e-06,1.350554493e-05,1.83766696e-05,0.0005537920306
2749.0,1.86663981e-06,5.438601614e-06,1.34550276e-05,1.825042472e-05,0.0005337606702
2750.0,1.960154074e-06,5.520266126e-06,1.371362154e-05,1.850507963e-05,0.0005263216063
2751.0,2.009232307e-06,5.709931464e-06,1.400637896e-05,1.847863326e-05,0.0005263974325
2752.0,1.956196385e-06,5.749949029e-06,1.365522042e-05,1.805479332e-05,0.0005262302937
2753.0,1.885059643e-06,5.543625481e-06,1.345612655e-05,1.775706482e-05,0.0005461841814
2754.0,1.920827546e-06,5.535042685e-06,1.372875292e-05,1.808558705e-05,0.0005803547956
2755.0,2.020197981e-06,5.678583126e-06,1.407426412e-05,1.85235469e-05,0.0006068942023
2756.0,2.010862576e-06,5.798823649e-06,1.398906578e-05,1.863763091e-05,0.0005921704627
2757.0,1.91688571e-06,5.616718102e-06,1.356841403e-05,1.844628578e-05,0.0005590755209
2758.0,1.870646854e-06,5.437588678e-06,1.347458261e-05,1.844719643e-05,0.0005317439053
2759.0,1.950442151e-06,5.501482252e-06,1.36582447e-05,1.86175067e-05,0.0005281737287
2760.0,2.005364385e-06,5.687885154e-06,1.39441998e-05,1.868600127e-05,0.0005228353343
2761.0,1.952879179e-06,5.730623539e-06,1.362924911e-05,1.816629079e-05,0.0005275386869
2762.0,1.873985938e-06,5.528593231e-06,1.337245656e-05,1.758822191e-05,0.0005381673418
2763.0,1.908957592e-06,5.499989796e-06,1.363830805e-05,1.777619898e-05,0.0005758189867
2764.0,2.014358815e-06,5.65637298e-06,1.404449939e-05,1.822537191e-05,0.0006008610399
2765.0,2.01860348e-06,5.800384797e-06,1.406800599e-05,1.833871831e-05,0.0005920680795
2766.0,1.934946804e-06,5.657844425e-06,1.362552367e-05,1.816426289e-05,0.000559318174
2767.0,1.873808906e-06,5.449867539e-06,1.34721799e-05,1.834281511e-05,0.0005346397882
2768.0,1.94275182e-06,5.500779961e-06,1.364783303e-05,1.872453452e-05,0.0005274001399
2769.0,2.005536313e-06,5.6643927e-06,1.385497429e-05,1.890894958e-05,0.000526847679
2770.0,1.96089514e-06,5.739240713e-06,1.360778518e-05,1.85571856e-05,0.0005244038166
2771.0,1.874698549e-06,5.539025886e-06,1.333229947e-05,1.799714123e-05,0.000539031387
2772.0,1.891960528e-06,5.48632268e-06,1.354873419e-05,1.773738734e-05,0.0005722569816
2773.0,1.9986385e-06,5.604040748e-06,1.391996954e-05,1.807624548e-05,0.0006038129516
2774.0,2.01330257e-06,5.780252649e-06,1.405252619e-05,1.801190296e-05,0.0005947546874
2775.0,1.938701966e-06,5.674451273e-06,1.365360634e-05,1.775456543e-05,0.0005640597859
2776.0,1.878385164e-06,5.463531719e-06,1.344498085e-05,1.790567836e-05,0.0005339322683
2777.0,1.938193313e-06,5.504147848e-06,1.363935155e-05,1.854063671e-05,0.0005274730367
2778.0,2.010566027e-06,5.652898339e-06,1.383662231e-05,1.885757541e-05,0.000523715562
2779.0,1.981528038e-06,5.743731742e-06,1.364302649e-05,1.869316126e-05,0.000525166375
2780.0,1.890138348e-06,5.545145773e-06,1.332474143e-05,1.819985158e-05,0.0005339202839
2781.0,1.87595482e-06,5.450182643e-06,1.344340411e-05,1.799023917e-05,0.0005712794398
2782.0,1.984083938e-06,5.577641866e-06,1.380379231e-05,1.817226287e-05,0.0006004187227
2783.0,2.00932572e-06,5.760838134e-06,1.399766571e-05,1.815072112e-05,0.0005971565855
2784.0,1.932818078e-06,5.682507082e-06,1.358574235e-05,1.782231052e-05,0.0005633961083
2785.0,1.870809371e-06,5.482351971e-06,1.339900368e-05,1.766463313e-05,0.0005371110888
2786.0,1.924980961e-06,5.492014627e-06,1.355890748e-05,1.815506685e-05,0.0005275930819
2787.0,2.008465241e-06,5.63489571e-06,1.383482682e-05,1.867726162e-05,0.0005259134661
2788.0,1.990817505e-06,5.767731463e-06,1.371207011e-05,1.83807462e-05,0.0005207729351
2789.0,1.904844996e-06,5.590221239e-06,1.334286152e-05,1.791761211e-05,0.0005361388224
2790.0,1.882216487e-06,5.469849283e-06,1.342856007e-05,1.796757272e-05,0.0005648901029
2791.0,1.979634311e-06,5.579294753e-06,1.378077263e-05,1.825836641e-05,0.00059877778
2792.0,2.010123099e-06,5.73419327e-06,1.391801289e-05,1.827192815e-05,0.0005940437772
2793.0,1.939269226e-06,5.69607265e-06,1.355417668e-05,1.806478623e-05,0.0005671306854
2794.0,1.86320636e-06,5.481143866e-06,1.333217098e-05,1.778611585e-05,0.0005353849113
2795.0,1.90779694e-06,5.462395146e-06,1.348162226e-05,1.793141645e-05,0.0005255622884
2796.0,1.995734673e-06,5.590609459e-06,1.376966103e-05,1.815322135e-05,0.0005194919846
2797.0,1.98281806e-06,5.74120209e-06,1.370157473e-05,1.797949732e-05,0.0005227222256
2798.0,1.906729428e-06,5.615699753e-06,1.335711399e-05,1.752390086e-05,0.000529122859
2799.0,1.888293385e-06,5.51071893e-06,1.345476252e-05,1.766202579e-05,0.0005592561031
2800.0,1.981950744e-06,5.596130417e-06,1.379547804e-05,1.813275909e-05,0.0005907072567
2801.0,2.027274019e-06,5.743032536e-06,1.398219897e-05,1.835726709e-05,0.0005994235661
2802.0,1.962733018e-06,5.732795854e-06,1.362321038e-05,1.823228419e-05,0.0005702956007
2803.0,1.875275978e-06,5.502968115e-06,1.332971805e-05,1.807010911e-05,0.0005366816758
2804.0,1.894808064e-06,5.471887008e-06,1.343637585e-05,1.824669657e-05,0.0005186873262
2805.0,1.991913816e-06,5.596300178e-06,1.372956318e-05,1.839854958e-05,0.0005213840833
2806.0,1.988553916e-06,5.74775363e-06,1.371793017e-05,1.812711308e-05,0.0005168185013
2807.0,1.908163121e-06,5.621872738e-06,1.333858195e-05,1.761257192e-05,0.0005258736095
2808.0,1.876288966e-06,5.482769863e-06,1.336468415e-05,1.745951902e-05,0.0005477621967
2809.0,1.97368704e-06,5.579979687e-06,1.375467994e-05,1.790238987e-05,0.0005894841557
2810.0,2.037907854e-06,5.751770438e-06,1.404375074e-05,1.822941845e-05,0.0005943262998
2811.0,1.982949972e-06,5.750946365e-06,1.372209474e-05,1.817846151e-05,0.0005676970463
2812.0,1.892257189e-06,5.505961522e-06,1.337950589e-05,1.806976622e-05,0.0005324565383
2813.0,1.898788845e-06,5.460165305e-06,1.344697686e-05,1.840836507e-05,0.0005224939994
2814.0,1.99536638e-06,5.594094098e-06,1.367919179e-05,1.874515617e-05,0.0005161990808
2815.0,2.001692345e-06,5.750948858e-06,1.372528048e-05,1.851566044e-05,0.0005158343018
2816.0,1.917874648e-06,5.637800732e-06,1.332930202e-05,1.801387288e-05,0.0005164907327
2817.0,1.874553512e-06,5.484784672e-06,1.332943924e-05,1.766503094e-05,0.0005472717128
2818.0,1.963117866e-06,5.556711358e-06,1.370217149e-05,1.785911511e-05,0.0005819068438
2819.0,2.032838233e-06,5.731679393e-06,1.401160747e-05,1.807557982e-05,0.0005907667254
2820.0,1.989641445e-06,5.77126086e-06,1.374034832e-05,1.793678752e-05,0.0005631612398
2821.0,1.900440298e-06,5.533464447e-06,1.339872737e-05,1.772358179e-05,0.0005347720289
2822.0,1.900815075e-06,5.468773037e-06,1.346447234e-05,1.817587816e-05,0.0005183623557
2823.0,1.993625054e-06,5.578036199e-06,1.365001827e-05,1.862385973e-05,0.0005138905956
2824.0,2.008351518e-06,5.743809518e-06,1.368306549e-05,1.855567548e-05,0.0005070961487
2825.0,1.930280827e-06,5.665792174e-06,1.331288665e-05,1.807665087e-05,0.0005179090231
2826.0,1.876463278e-06,5.503163894e-06,1.330846814e-05,1.788244316e-05,0.0005390135902
2827.0,1.94727577e-06,5.556584116e-06,1.361384415e-05,1.79746631e-05,0.0005773369508
2828.0,2.022875167e-06,5.713118012e-06,1.393591409e-05,1.816094953e-05,0.0005852037016
2829.0,1.985236088e-06,5.786549527e-06,1.371861039e-05,1.802311999e-05,0.0005677521608
2830.0,1.895563204e-06,5.567052751e-06,1.335356161e-05,1.778512056e-05,0.0005331245401
2831.0,1.881792349e-06,5.449442302e-06,1.334197141e-05,1.798300206e-05,0.0005147962735
2832.0,1.984289278e-06,5.560201811e-06,1.36066825e-05,1.846780086e-05,0.0005086524882
2833.0,2.007867694e-06,5.725656274e-06,1.368181268e-05,1.843134665e-05,0.0005117548408
2834.0,1.939553073e-06,5.697491096e-06,1.333067503e-05,1.802130255e-05,0.0005133909706
2835.0,1.879733245e-06,5.516195239e-06,1.327008971e-05,1.777481848e-05,0.0005340095007
2836.0,1.932208951e-06,5.538309756e-06,1.353294196e-05,1.794802642e-05,0.0005655986619
2837.0,2.020011324e-06,5.699867972e-06,1.383438095e-05,1.830585939e-05,0.0005860789617
2838.0,1.987287885e-06,5.792960604e-06,1.368218788e-05,1.821901452e-05,0.0005654910763
2839.0,1.894080816e-06,5.580651139e-06,1.330684065e-05,1.798249765e-05,0.0005313546349
2840.0,1.87203692e-06,5.451239768e-06,1.32757549e-05,1.811752789e-05,0.0005093474064
2841.0,1.972208377e-06,5.536855036e-06,1.353704913e-05,1.838981604e-05,0.00051055968
2842.0,2.005965901e-06,5.719581795e-06,1.372727013e-05,1.836269143e-05,0.0005058656813
2843.0,1.943571176e-06,5.703681948e-06,1.336018486e-05,1.784095577e-05,0.000509842941
2844.0,1.875778301e-06,5.513469838e-06,1.320339092e-05,1.754399802e-05,0.0005221716569
2845.0,1.925624297e-06,5.531256839e-06,1.348761929e-05,1.790901547e-05,0.000564530736
2846.0,2.02049663e-06,5.696062486e-06,1.384376217e-05,1.831412682e-05,0.0005819264554
2847.0,2.003834375e-06,5.811219679e-06,1.372381544e-05,1.836132325e-05,0.0005648442516
2848.0,1.904745721e-06,5.599294068e-06,1.329313054e-05,1.826138089e-05,0.00053018043
2849.0,1.870783381e-06,5.460492323e-06,1.32484575e-05,1.82521513e-05,0.0005125692466
2850.0,1.961274183e-06,5.539095852e-06,1.347936897e-05,1.859983907e-05,0.000506602337
2851.0,2.003768444e-06,5.708053145e-06,1.369631088e-05,1.847648554e-05,0.0005050855042
2852.0,1.947110101e-06,5.722577857e-06,1.338437885e-05,1.802644756e-05,0.0005030822226
2853.0,1.87266978e-06,5.516782346e-06,1.317541846e-05,1.747523804e-05,0.0005246279014
2854.0,1.91433091e-06,5.52265191e-06,1.345093425e-05,1.785839704e-05,0.0005592500535
2855.0,2.014649628e-06,5.670764356e-06,1.380949403e-05,1.828374523e-05,0.0005789141464
2856.0,2.006219102e-06,5.797991204e-06,1.373909878e-05,1.828331192e-05,0.0005619531968
2857.0,1.918350207e-06,5.624187741e-06,1.3333503e-05,1.822041955e-05,0.0005336419674
2858.0,1.877585187e-06,5.469441061e-06,1.328108145e-05,1.830237786e-05,0.0005099490201
2859.0,1.956219205e-06,5.529040024e-06,1.348034155e-05,1.868273559e-05,0.0005057616544
2860.0,2.010642855e-06,5.707639821e-06,1.371185128e-05,1.877251258e-05,0.00049969521
2861.0,1.956769991e-06,5.751847732e-06,1.342453362e-05,1.830842368e-05,0.0005040459863
2862.0,1.879583429e-06,5.558595735e-06,1.319916119e-05,1.777248553e-05,0.000518332658
2863.0,1.908360402e-06,5.516905865e-06,1.342000729e-05,1.778858723e-05,0.0005517798486
2864.0,2.012151885e-06,5.652447766e-06,1.379209449e-05,1.815824135e-05,0.0005752638862
2865.0,2.015647067e-06,5.817531939e-06,1.383335015e-05,1.814166471e-05,0.0005687638199
2866.0,1.928754336e-06,5.6781583e-06,1.34102523e-05,1.794580041e-05,0.0005358855236
2867.0,1.880908797e-06,5.510847256e-06,1.33020137e-05,1.816133296e-05,0.000510827799
2868.0,1.955429457e-06,5.548953544e-06,1.349741479e-05,1.875222942e-05,0.0005023426036
2869.0,2.014506554e-06,5.691702229e-06,1.366930234e-05,1.901697682e-05,0.0005043095345
2870.0,1.968341721e-06,5.762180082e-06,1.343137637e-05,1.869525678e-05,0.0005016132571
2871.0,1.879332578e-06,5.562667395e-06,1.317460775e-05,1.800628429e-05,0.0005147551548
2872.0,1.898402365e-06,5.517997144e-06,1.338588399e-05,1.792906681e-05,0.0005457581975
2873.0,2.007269273e-06,5.6445973e-06,1.375538292e-05,1.819056036e-05,0.0005770384453
2874.0,2.019539795e-06,5.810542664e-06,1.387646677e-05,1.818366863e-05,0.0005691592738
2875.0,1.928864518e-06,5.676407282e-06,1.33983953e-05,1.786278112e-05,0.0005376796931
2876.0,1.875068424e-06,5.502256906e-06,1.326122923e-05,1.789047062e-05,0.0005102987727
2877.0,1.945809149e-06,5.55156316e-06,1.349176407e-05,1.856018898e-05,0.0005079929339
2878.0,2.023750666e-06,5.716347514e-06,1.377267764e-05,1.881092387e-05,0.0005021643259
2879.0,1.991594282e-06,5.798317018e-06,1.353167417e-05,1.857405072e-05,0.000504111738
2880.0,1.89332587e-06,5.585166279e-06,1.320183348e-05,1.817302924e-05,0.0005127680404
2881.0,1.892842389e-06,5.527932022e-06,1.340084619e-05,1.820224591e-05,0.0005488065945
2882.0,2.001252676e-06,5.645746839e-06,1.375302068e-05,1.845520108e-05,0.0005758339074
2883.0,2.022881762e-06,5.813203787e-06,1.38876148e-05,1.858375378e-05,0.0005706377322
2884.0,1.935663655e-06,5.701847685e-06,1.343501852e-05,1.824064595e-05,0.0005401898825
2885.0,1.871281143e-06,5.502860603e-06,1.32467873e-05,1.798201839e-05,0.0005153678954
2886.0,1.931704503e-06,5.535439644e-06,1.344989968e-05,1.844624387e-05,0.0005067291178
2887.0,2.016059251e-06,5.70024948e-06,1.376955348e-05,1.875116212e-05,0.0005051631013
2888.0,1.993599512e-06,5.817370621e-06,1.363355418e-05,1.844359467e-05,0.000502829959
2889.0,1.914222152e-06,5.633169449e-06,1.331555086e-05,1.804397734e-05,0.0005158386195
2890.0,1.898965553e-06,5.533473823e-06,1.344081051e-05,1.825084146e-05,0.0005426094514
2891.0,1.996699192e-06,5.632991245e-06,1.375003483e-05,1.861691671e-05,0.0005754619288
2892.0,2.027291702e-06,5.798532928e-06,1.388941638e-05,1.87338999e-05,0.000572800178
2893.0,1.949174401e-06,5.723239198e-06,1.34902816e-05,1.854041756e-05,0.0005472090671
2894.0,1.874872656e-06,5.499888073e-06,1.328414099e-05,1.831950654e-05,0.0005177565519
2895.0,1.920766707e-06,5.503546828e-06,1.340856551e-05,1.842531012e-05,0.000510084427
2896.0,2.009864083e-06,5.66852716e-06,1.373798203e-05,1.85602787e-05,0.0005042177336
2897.0,1.994777423e-06,5.819303054e-06,1.366795971e-05,1.83105811e-05,0.0005065330805
2898.0,1.91267671e-06,5.646294245e-06,1.333899116e-05,1.773021185e-05,0.000512424781
2899.0,1.898326567e-06,5.530968169e-06,1.342989213e-05,1.790678088e-05,0.0005445331224
2900.0,1.99541091e-06,5.636567026e-06,1.378696483e-05,1.84628137e-05,0.0005755503518
2901.0,2.03640765e-06,5.810074281e-06,1.39784002e-05,1.873160668e-05,0.0005783014684
2902.0,1.969013239e-06,5.765103459e-06,1.36037306e-05,1.8600185e-05,0.0005498822391
2903.0,1.884461798e-06,5.526299596e-06,1.332785214e-05,1.849384876e-05,0.0005220961117
2904.0,1.911209211e-06,5.487260798e-06,1.341532421e-05,1.872190617e-05,0.0005100572287
2905.0,2.001867544e-06,5.628161896e-06,1.366778189e-05,1.884667235e-05,0.0005086541934
2906.0,1.995535602e-06,5.797580132e-06,1.366613692e-05,1.852681874e-05,0.0005059317641
2907.0,1.906818629e-06,5.648605428e-06,1.328886201e-05,1.792039649e-05,0.0005165429002
2908.0,1.887647618e-06,5.52915594e-06,1.338295481e-05,1.777753329e-05,0.0005415352347
2909.0,1.992893225e-06,5.632910249e-06,1.380111094e-05,1.82854467e-05,0.0005779637982
2910.0,2.042058984e-06,5.797047838e-06,1.404912515e-05,1.856317784e-05,0.000580233066
2911.0,1.979504382e-06,5.798910339e-06,1.369800013e-05,1.845975822e-05,0.0005552589495
2912.0,1.896122015e-06,5.563841799e-06,1.341161029e-05,1.842807472e-05,0.0005218348283
2913.0,1.906737675e-06,5.500404336e-06,1.344829135e-05,1.882724811e-05,0.000512366768
2914.0,2.000871515e-06,5.623653445e-06,1.367980306e-05,1.917597453e-05,0.0005085992561
2915.0,1.999350466e-06,5.785073289e-06,1.368588347e-05,1.907355818e-05,0.0005098216679
2916.0,1.915245659e-06,5.668739875e-06,1.332419657e-05,1.842799154e-05,0.0005123478674
2917.0,1.879900978e-06,5.528229732e-06,1.335617628e-05,1.805123319e-05,0.0005400104061
2918.0,1.97391478e-06,5.598494984e-06,1.372072928e-05,1.820431604e-05,0.0005748279844
2919.0,2.037981576e-06,5.771767449e-06,1.407583675e-05,1.845346284e-05,0.0005838106846
2920.0,1.98698923e-06,5.812597328e-06,1.378274019e-05,1.818799397e-05,0.0005571265156
2921.0,1.896831717e-06,5.571950185e-06,1.343073736e-05,1.805923353e-05,0.0005273755491
2922.0,1.909893993e-06,5.528570712e-06,1.353539141e-05,1.852287267e-05,0.0005121302531
2923.0,2.004740498e-06,5.634979739e-06,1.375000855e-05,1.908893316e-05,0.0005114154227
2924.0,2.014468978e-06,5.79233986e-06,1.375106818e-05,1.900922582e-05,0.0005073728927
2925.0,1.929617927e-06,5.67972327e-06,1.334531749e-05,1.855383431e-05,0.0005160114111
2926.0,1.87625377e-06,5.505880247e-06,1.330547236e-05,1.81840154e-05,0.0005375969551
2927.0,1.959726018e-06,5.586029609e-06,1.367746271e-05,1.834828669e-05,0.0005762146774
2928.0,2.03129808e-06,5.767350322e-06,1.404508795e-05,1.852345222e-05,0.0005843755074
2929.0,1.990102375e-06,5.830610088e-06,1.38074956e-05,1.833365005e-05,0.0005637129307
2930.0,1.895950884e-06,5.587998022e-06,1.341629342e-05,1.808421939e-05,0.0005282549835
2931.0,1.900145663e-06,5.510110975e-06,1.348541678e-05,1.836367391e-05,0.0005146052264
2932.0,2.001601709e-06,5.628202239e-06,1.375799811e-05,1.88832932e-05,0.0005109421307
2933.0,2.021064239e-06,5.803897742e-06,1.385100304e-05,1.895578872e-05,0.0005126872285
2934.0,1.939929264e-06,5.719753453e-06,1.342976667e-05,1.842025032e-05,0.0005142591614
2935.0,1.883638503e-06,5.540788014e-06,1.336971409e-05,1.818323961e-05,0.0005389033768
2936.0,1.949924694e-06,5.581421731e-06,1.368251524e-05,1.841944138e-05,0.0005738609287
2937.0,2.026102642e-06,5.736418624e-06,1.396743194e-05,1.860545639e-05,0.0005876721831
2938.0,1.988369818e-06,5.80553615e-06,1.377954518e-05,1.846349648e-05,0.0005660385956
2939.0,1.892412648e-06,5.566708808e-06,1.337324638e-05,1.825529739e-05,0.0005341830421
2940.0,1.883773652e-06,5.468778793e-06,1.339991038e-05,1.834002296e-05,0.0005153355396
2941.0,1.986656556e-06,5.588364746e-06,1.369286817e-05,1.875497264e-05,0.0005136350783
2942.0,2.014741142e-06,5.771843854e-06,1.386997466e-05,1.873842318e-05,0.0005100640138
2943.0,1.945901093e-06,5.739722242e-06,1.347308964e-05,1.820632333e-05,0.0005161691587
2944.0,1.884874188e-06,5.54521442e-06,1.33861598e-05,1.791332288e-05,0.0005331782523
2945.0,1.943436749e-06,5.577675419e-06,1.370440485e-05,1.830115865e-05,0.0005732076101
2946.0,2.033150439e-06,5.750218449e-06,1.405636115e-05,1.868454018e-05,0.0005888223701
2947.0,2.002982976e-06,5.847038686e-06,1.388749165e-05,1.854463152e-05,0.0005725625138
2948.0,1.902916608e-06,5.609522739e-06,1.345920049e-05,1.832698e-05,0.0005375087695
2949.0,1.883696283e-06,5.48888008e-06,1.345570628e-05,1.841900905e-05,0.0005195078655
2950.0,1.982729553e-06,5.58769988e-06,1.370569572e-05,1.872924445e-05,0.0005144471809
2951.0,2.019300934e-06,5.771701576e-06,1.391099031e-05,1.875982791e-05,0.0005159207141
2952.0,1.95593007e-06,5.773697077e-06,1.357774502e-05,1.82389711e-05,0.000516681689
2953.0,1.888295814e-06,5.571744748e-06,1.340409928e-05,1.784394395e-05,0.0005387315062
2954.0,1.93556674e-06,5.573761253e-06,1.367992853e-05,1.821915679e-05,0.0005741068704
2955.0,2.029788038e-06,5.720581251e-06,1.402766569e-05,1.859250232e-05,0.0005945240554
2956.0,2.015207098e-06,5.857985884e-06,1.398130075e-05,1.861191226e-05,0.0005768682658
2957.0,1.915585299e-06,5.654834837e-06,1.352811216e-05,1.837025478e-05,0.0005455650485
2958.0,1.877867766e-06,5.494997326e-06,1.346740759e-05,1.85037326e-05,0.0005212697476
2959.0,1.973353549e-06,5.561121518e-06,1.367862838e-05,1.884390075e-05,0.0005190709047
2960.0,2.019552651e-06,5.742826536e-06,1.38920864e-05,1.88848942e-05,0.0005163087059
2961.0,1.962156107e-06,5.763327547e-06,1.358729153e-05,1.840195255e-05,0.0005212671418
2962.0,1.885901472e-06,5.579066721e-06,1.339223798e-05,1.797002532e-05,0.0005354457711
2963.0,1.922083063e-06,5.558000394e-06,1.362996802e-05,1.815226926e-05,0.0005743020575
2964.0,2.025016784e-06,5.696274386e-06,1.400731518e-05,1.861110402e-05,0.0005965729248
2965.0,2.012432113e-06,5.819450476e-06,1.397468478e-05,1.861299626e-05,0.0005857523733
2966.0,1.921938043e-06,5.657358488e-06,1.355403349e-05,1.824028818e-05,0.0005502192884
2967.0,1.875894284e-06,5.487170746e-06,1.347482566e-05,1.833328456e-05,0.0005278329531
2968.0,1.954486429e-06,5.557079985e-06,1.370904807e-05,1.873534944e-05,0.0005218212954
2969.0,2.012836332e-06,5.712014663e-06,1.390548708e-05,1.886104234e-05,0.0005214890501
2970.0,1.967858127e-06,5.769581897e-06,1.361623906e-05,1.855967905e-05,0.0005209965553
2971.0,1.885894887e-06,5.57352654e-06,1.340092277e-05,1.80916554e-05,0.0005389497729
2972.0,1.909496408e-06,5.551454827e-06,1.361584556e-05,1.809540072e-05,0.0005737380589
2973.0,2.0147298e-06,5.683493789e-06,1.398775612e-05,1.849260483e-05,0.0006010003523
2974.0,2.017237797e-06,5.823777805e-06,1.402730334e-05,1.854366034e-05,0.0005901774467
2975.0,1.925142714e-06,5.675174977e-06,1.359407689e-05,1.823075068e-05,0.0005564795236
2976.0,1.872755828e-06,5.494541387e-06,1.346305556e-05,1.810651744e-05,0.0005290524373
2977.0,1.940136182e-06,5.527373721e-06,1.365221775e-05,1.854237399e-05,0.0005254180377
2978.0,2.009124402e-06,5.702110742e-06,1.394301712e-05,1.873567644e-05,0.0005207150601
2979.0,1.967432731e-06,5.75593744e-06,1.365137036e-05,1.833594062e-05,0.000524642734
2980.0,1.889053617e-06,5.561901662e-06,1.340868314e-05,1.787974651e-05,0.0005371880665
2981.0,1.900577829e-06,5.525471427e-06,1.362309965e-05,1.800059111e-05,0.0005752049074
2982.0,2.009147358e-06,5.664038671e-06,1.398245076e-05,1.838529193e-05,0.0005998092555
2983.0,2.022875023e-06,5.819658555e-06,1.406944576e-05,1.84534076e-05,0.0005955930738
2984.0,1.932236284e-06,5.671830475e-06,1.361048012e-05,1.830392745e-05,0.0005631491129
2985.0,1.874165677e-06,5.473442867e-06,1.347944496e-05,1.820847323e-05,0.0005364825211
2986.0,1.938006212e-06,5.520736001e-06,1.36699793e-05,1.849996083e-05,0.0005263049578
2987.0,2.0087797e-06,5.675827752e-06,1.392862375e-05,1.869885192e-05,0.0005249573383
2988.0,1.975940934e-06,5.780976682e-06,1.37778758e-05,1.828994293e-05,0.0005246730513
2989.0,1.892064759e-06,5.582659397e-06,1.34612334e-05,1.765051481e-05,0.0005394622785
2990.0,1.887538555e-06,5.498254121e-06,1.358104239e-05,1.772295185e-05,0.0005702843783
2991.0,1.995134664e-06,5.642367612e-06,1.393191277e-05,1.811843574e-05,0.0006017046587
2992.0,2.025975599e-06,5.820373872e-06,1.411682186e-05,1.822354294e-05,0.0005966229153
2993.0,1.950730242e-06,5.708968841e-06,1.369790826e-05,1.809579086e-05,0.0005669449949
2994.0,1.879174206e-06,5.480516486e-06,1.349147197e-05,1.810126032e-05,0.0005360289209
2995.0,1.93718334e-06,5.508774735e-06,1.369269005e-05,1.851381683e-05,0.0005287874499
2996.0,2.0136373e-06,5.649527147e-06,1.393386563e-05,1.878828889e-05,0.0005236207722
2997.0,1.98418148e-06,5.770213731e-06,1.377764804e-05,1.845444562e-05,0.0005264488272
2998.0,1.896604773e-06,5.601210112e-06,1.346977215e-05,1.7855297e-05,0.0005351688003
2999.0,1.881171199e-06,5.501232584e-06,1.355886032e-05,1.769581479e-05,0.0005691006879
3000.0,1.986434882e-06,5.617622199e-06,1.392815287e-05,1.800613746e-05,0.0006009743698
3001.0,2.018995302e-06,5.793292708e-06,1.410661341e-05,1.811633614e-05,0.0006022624585
3002.0,1.952174501e-06,5.726113619e-06,1.371719046e-05,1.793373373e-05,0.0005711160567
3003.0,1.876754435e-06,5.492000968e-06,1.34331968e-05,1.789461009e-05,0.000539433737
3004.0,1.923681552e-06,5.490868995e-06,1.362726611e-05,1.834268928e-05,0.0005281483588
3005.0,2.016318853e-06,5.63923779e-06,1.394244099e-05,1.86640795e-05,0.000527519793
3006.0,1.997878454e-06,5.765197075e-06,1.383531863e-05,1.845279439e-05,0.0005237914605
3007.0,1.90843011e-06,5.609832287e-06,1.344554504e-05,1.799213305e-05,0.0005340499446
3008.0,1.881594419e-06,5.495514207e-06,1.353472136e-05,1.779622471e-05,0.0005628104895
3009.0,1.975563695e-06,5.588961573e-06,1.386761246e-05,1.806610132e-05,0.0005999926942
3010.0,2.016742684e-06,5.757996081e-06,1.408506894e-05,1.811969435e-05,0.0006016232202
3011.0,1.948154176e-06,5.728009108e-06,1.369692905e-05,1.783537732e-05,0.0005742877276
3012.0,1.872594926e-06,5.49790842e-06,1.342439385e-05,1.770551448e-05,0.0005410358415
3013.0,1.907446996e-06,5.479300607e-06,1.357137146e-05,1.81579954e-05,0.0005300661536
3014.0,2.001714268e-06,5.608024164e-06,1.383062811e-05,1.849924895e-05,0.0005226782237
3015.0,1.995668149e-06,5.755899191e-06,1.380006186e-05,1.827049399e-05,0.0005226943837
3016.0,1.910876091e-06,5.603443046e-06,1.342635871e-05,1.774413092e-05,0.0005276965886
3017.0,1.877496988e-06,5.473658462e-06,1.346130571e-05,1.776773484e-05,0.0005598111549
3018.0,1.965697301e-06,5.552047235e-06,1.378070458e-05,1.812841887e-05,0.000592792966
3019.0,2.014195235e-06,5.709568049e-06,1.399507467e-05,1.831059161e-05,0.0005993233105
3020.0,1.953686437e-06,5.715157999e-06,1.368613245e-05,1.807716641e-05,0.0005714575519
3021.0,1.868765218e-06,5.490733576e-06,1.336419809e-05,1.783570754e-05,0.0005413063261
3022.0,1.885082652e-06,5.455865702e-06,1.345143793e-05,1.800198412e-05,0.0005250507514
3023.0,1.987442371e-06,5.577388051e-06,1.374570971e-05,1.820744036e-05,0.0005226590023
3024.0,1.991788523e-06,5.739021124e-06,1.377376877e-05,1.809419742e-05,0.0005187141018
3025.0,1.913611929e-06,5.617087188e-06,1.340819663e-05,1.772764889e-05,0.0005277312917
3026.0,1.878015234e-06,5.475438073e-06,1.345160363e-05,1.761903773e-05,0.0005515874027
3027.0,1.96164284e-06,5.545762047e-06,1.375320786e-05,1.802690712e-05,0.0005894266113
3028.0,2.027633354e-06,5.722461037e-06,1.403637286e-05,1.829387944e-05,0.000598317051
3029.0,1.971555636e-06,5.738610916e-06,1.372793442e-05,1.812293313e-05,0.0005754721329
3030.0,1.883475931e-06,5.524832872e-06,1.341036154e-05,1.790571537e-05,0.0005403662678
3031.0,1.888564489e-06,5.45439054e-06,1.345422746e-05,1.812391381e-05,0.0005256669372
3032.0,1.98394061e-06,5.571134652e-06,1.371162466e-05,1.841022483e-05,0.000520034174
3033.0,1.98984083e-06,5.725952346e-06,1.374589979e-05,1.818981621e-05,0.0005218598852
3034.0,1.915476278e-06,5.657044219e-06,1.339305479e-05,1.774763396e-05,0.0005256175087
3035.0,1.865542738e-06,5.472423202e-06,1.333371039e-05,1.745697214e-05,0.0005484234522
3036.0,1.947761386e-06,5.543597459e-06,1.370329664e-05,1.777710573e-05,0.0005838255801
3037.0,2.029030063e-06,5.713524971e-06,1.404282521e-05,1.801273102e-05,0.0006013243934
3038.0,1.98530359e-06,5.76930006e-06,1.378862026e-05,1.792901442e-05,0.0005784942337
3039.0,1.88757468e-06,5.524628974e-06,1.338653106e-05,1.770674642e-05,0.0005436707446
3040.0,1.882850721e-06,5.436808653e-06,1.340823971e-05,1.80638913e-05,0.0005241815767
3041.0,1.977580119e-06,5.551266651e-06,1.365057079e-05,1.853090578e-05,0.0005248340827
3042.0,2.001564028e-06,5.736381728e-06,1.378353663e-05,1.849383281e-05,0.0005194761395
3043.0,1.924813714e-06,5.668317151e-06,1.337752689e-05,1.792034418e-05,0.0005250931477
3044.0,1.865064787e-06,5.480450324e-06,1.327811641e-05,1.755360331e-05,0.0005405900266
3045.0,1.93504504e-06,5.522927548e-06,1.362449761e-05,1.773689939e-05,0.0005848338191
3046.0,2.019295907e-06,5.684281674e-06,1.398857483e-05,1.78599035e-05,0.0005983039542
3047.0,1.984195559e-06,5.755039853e-06,1.377763943e-05,1.783847346e-05,0.0005801947012
3048.0,1.894542868e-06,5.548412939e-06,1.339789825e-05,1.754576388e-05,0.0005436399481
3049.0,1.874002844e-06,5.42829901e-06,1.33562009e-05,1.773536576e-05,0.0005279791498
3050.0,1.970859737e-06,5.525446599e-06,1.359449681e-05,1.825409293e-05,0.0005216972031
3051.0,2.001198874e-06,5.701860869e-06,1.375009059e-05,1.830339853e-05,0.0005212380982
3052.0,1.936674338e-06,5.679977092e-06,1.339472985e-05,1.787027608e-05,0.0005179498636
3053.0,1.873512732e-06,5.491467669e-06,1.328751335e-05,1.752770504e-05,0.0005422111799
3054.0,1.924404524e-06,5.5253991e-06,1.358020959e-05,1.768321886e-05,0.0005782133047
3055.0,2.016860367e-06,5.673475367e-06,1.390569428e-05,1.795480676e-05,0.0005963509902
3056.0,1.990767378e-06,5.773517506e-06,1.379462575e-05,1.799629175e-05,0.0005747486465
3057.0,1.894838812e-06,5.566487894e-06,1.33939157e-05,1.773239567e-05,0.0005472196967
3058.0,1.866654578e-06,5.435458101e-06,1.333523815e-05,1.781075559e-05,0.0005262225074
3059.0,1.957090012e-06,5.504139704e-06,1.351402259e-05,1.817750193e-05,0.0005203059698
3060.0,2.00437237e-06,5.693762593e-06,1.37448806e-05,1.825610092e-05,0.0005134446636
3061.0,1.948851244e-06,5.717586447e-06,1.345017696e-05,1.782357111e-05,0.0005215576047
3062.0,1.880713251e-06,5.521476736e-06,1.329098277e-05,1.741617406e-05,0.0005362006254
3063.0,1.916933356e-06,5.508081055e-06,1.352345844e-05,1.767271256e-05,0.000571919258
3064.0,2.01309592e-06,5.662085127e-06,1.387059541e-05,1.805490701e-05,0.0005881481966
3065.0,2.000221895e-06,5.78154359e-06,1.378222927e-05,1.805454837e-05,0.0005786869746
3066.0,1.90905698e-06,5.603477802e-06,1.340067868e-05,1.791575116e-05,0.0005456602978
3067.0,1.867452643e-06,5.452014939e-06,1.33337249e-05,1.795322623e-05,0.0005224153182
3068.0,1.945729314e-06,5.504153133e-06,1.35048418e-05,1.825358401e-05,0.000513892979
3069.0,1.998443647e-06,5.673176664e-06,1.371396683e-05,1.823319783e-05,0.0005157569335
3070.0,1.946164992e-06,5.716386651e-06,1.340376442e-05,1.776487006e-05,0.0005145642684
3071.0,1.875969297e-06,5.534489608e-06,1.322365839e-05,1.740295055e-05,0.0005293868609
3072.0,1.907718245e-06,5.49789249e-06,1.345648925e-05,1.746250772e-05,0.0005599597132
3073.0,2.013184592e-06,5.64304653e-06,1.384860215e-05,1.793235355e-05,0.0005887830392
3074.0,2.009715348e-06,5.801901693e-06,1.385972504e-05,1.795213733e-05,0.0005770488508
3075.0,1.92023897e-06,5.648039127e-06,1.342914525e-05,1.778837889e-05,0.0005431840573
3076.0,1.872435433e-06,5.472009713e-06,1.331808284e-05,1.784588471e-05,0.0005153117387
3077.0,1.945153968e-06,5.515861709e-06,1.349290691e-05,1.826747485e-05,0.0005154187665
3078.0,2.004678558e-06,5.680298191e-06,1.372539553e-05,1.850481105e-05,0.000510654957
3079.0,1.961369754e-06,5.741905736e-06,1.347173904e-05,1.806938987e-05,0.000511859225
3080.0,1.876381548e-06,5.536577131e-06,1.319053123e-05,1.75527885e-05,0.0005205227923
3081.0,1.901741766e-06,5.508837247e-06,1.340935949e-05,1.753000331e-05,0.0005596137062
3082.0,2.006309917e-06,5.631049115e-06,1.377853565e-05,1.786690953e-05,0.0005834452243
3083.0,2.013553299e-06,5.79590694e-06,1.387321638e-05,1.79127649e-05,0.0005743715044
3084.0,1.924456994e-06,5.656557745e-06,1.341522257e-05,1.76813742e-05,0.000539472528
3085.0,1.875837806e-06,5.476132503e-06,1.33018018e-05,1.772175858e-05,0.0005188789649
3086.0,1.946437739e-06,5.526946998e-06,1.353024371e-05,1.819712316e-05,0.0005122473022
3087.0,2.013573629e-06,5.678810013e-06,1.375425685e-05,1.844962526e-05,0.000509166001
3088.0,1.97843543e-06,5.769204789e-06,1.352464761e-05,1.81980244e-05,0.000505057078
3089.0,1.893589954e-06,5.567291317e-06,1.326078769e-05,1.77476569e-05,0.0005215933788
3090.0,1.895606562e-06,5.502842618e-06,1.34205146e-05,1.769232131e-05,0.0005524010364
3091.0,2.00136544e-06,5.626483856e-06,1.372880945e-05,1.794963275e-05,0.0005794218062
3092.0,2.020890551e-06,5.793579067e-06,1.385965249e-05,1.811277287e-05,0.0005709052534
3093.0,1.937452152e-06,5.694427273e-06,1.344516452e-05,1.791151272e-05,0.0005458251368
3094.0,1.873904589e-06,5.489836556e-06,1.325636964e-05,1.782216037e-05,0.0005193007017
3095.0,1.937031243e-06,5.514633921e-06,1.344715387e-05,1.818723899e-05,0.0005106280961
3096.0,2.010021951e-06,5.657711051e-06,1.370228336e-05,1.845336376e-05,0.0005046619704
3097.0,1.980477786e-06,5.760216007e-06,1.352636199e-05,1.817297562e-05,0.0005095108261
3098.0,1.894899189e-06,5.581660904e-06,1.321153292e-05,1.766136062e-05,0.0005166698611
3099.0,1.88503949e-06,5.499053871e-06,1.335888323e-05,1.772228679e-05,0.0005466040903
3100.0,1.993713788e-06,5.628942763e-06,1.372081292e-05,1.804310514e-05,0.0005722744534
3101.0,2.023333403e-06,5.797691304e-06,1.383832505e-05,1.81691877e-05,0.0005719076024
3102.0,1.943775148e-06,5.719446266e-06,1.34287501e-05,1.801548127e-05,0.0005434884045
3103.0,1.867717826e-06,5.492627663e-06,1.32154518e-05,1.794601206e-05,0.0005150331658
3104.0,1.915433221e-06,5.493168148e-06,1.334286874e-05,1.81579614e-05,0.0005032908309
3105.0,2.001801191e-06,5.637569186e-06,1.363195257e-05,1.837758512e-05,0.0005040518602
3106.0,1.982139677e-06,5.779633184e-06,1.354530513e-05,1.81053022e-05,0.0005021592991
3107.0,1.895444703e-06,5.616387749e-06,1.318038616e-05,1.752298559e-05,0.000510782598
3108.0,1.879237407e-06,5.506275903e-06,1.328844248e-05,1.756477121e-05,0.0005370335414
3109.0,1.987094357e-06,5.621876104e-06,1.371082501e-05,1.796027899e-05,0.0005725972081
3110.0,2.020545507e-06,5.776677309e-06,1.385082271e-05,1.813183144e-05,0.0005710275151
3111.0,1.957074846e-06,5.74414753e-06,1.349136666e-05,1.804502495e-05,0.0005417640754
3112.0,1.876578096e-06,5.508315258e-06,1.324565204e-05,1.807091036e-05,0.0005106779483
3113.0,1.903853595e-06,5.491070208e-06,1.334362483e-05,1.837395188e-05,0.0005055883585
3114.0,1.994919791e-06,5.623027085e-06,1.358245815e-05,1.861059626e-05,0.0005004914474
3115.0,1.980222044e-06,5.747504298e-06,1.350403675e-05,1.836020276e-05,0.0004985158143
3116.0,1.893773667e-06,5.60559048e-06,1.316108547e-05,1.785284811e-05,0.0005033852115
3117.0,1.870853716e-06,5.494137412e-06,1.322767225e-05,1.772141397e-05,0.0005351972473
3118.0,1.974927399e-06,5.594264767e-06,1.363401388e-05,1.801194932e-05,0.0005663673946
3119.0,2.024165234e-06,5.758303199e-06,1.389086769e-05,1.818412218e-05,0.0005687044181
3120.0,1.967193103e-06,5.757779903e-06,1.35600577e-05,1.802606016e-05,0.0005418572
3121.0,1.880754043e-06,5.514102189e-06,1.322321149e-05,1.80036154e-05,0.000515153147
3122.0,1.898004651e-06,5.479876035e-06,1.333376233e-05,1.839777881e-05,0.000502352609
3123.0,1.989229767e-06,5.609532283e-06,1.355352233e-05,1.872451949e-05,0.0004997695467
3124.0,1.984463292e-06,5.760232814e-06,1.350155833e-05,1.862483061e-05,0.0004956950583
3125.0,1.900729104e-06,5.62015201e-06,1.313746579e-05,1.809443433e-05,0.0005051850598
3126.0,1.865092127e-06,5.4757854e-06,1.319174205e-05,1.785849099e-05,0.0005299696508
3127.0,1.962640525e-06,5.558065385e-06,1.355975164e-05,1.803626503e-05,0.0005652310348
3128.0,2.01958439e-06,5.735546679e-06,1.386819333e-05,1.811688549e-05,0.0005689422491
3129.0,1.966303585e-06,5.767163529e-06,1.356948335e-05,1.788182946e-05,0.0005470852463
3130.0,1.882360891e-06,5.540844214e-06,1.325094304e-05,1.775642266e-05,0.0005154888441
3131.0,1.899059829e-06,5.480798657e-06,1.333003335e-05,1.824483746e-05,0.0005052257399
3132.0,1.994366463e-06,5.606972471e-06,1.359111536e-05,1.874046099e-05,0.0004995006333
3133.0,2.001040699e-06,5.776013818e-06,1.361370902e-05,1.862140175e-05,0.0005018037376
3134.0,1.920381513e-06,5.668151536e-06,1.323544793e-05,1.817740846e-05,0.0005048057819
3135.0,1.874108815e-06,5.502306109e-06,1.324301778e-05,1.798692302e-05,0.0005290070435
3136.0,1.953202928e-06,5.566235914e-06,1.357327932e-05,1.819978415e-05,0.0005632062903
3137.0,2.017285808e-06,5.728923685e-06,1.384568578e-05,1.829793571e-05,0.0005745715948
3138.0,1.965285221e-06,5.771828947e-06,1.355886587e-05,1.813734995e-05,0.0005506841885
3139.0,1.878811713e-06,5.553472604e-06,1.324040369e-05,1.795301149e-05,0.0005191744669
3140.0,1.8844212e-06,5.462558273e-06,1.327949488e-05,1.815529162e-05,0.0005028131743
3141.0,1.988353059e-06,5.577674417e-06,1.354559627e-05,1.861522135e-05,0.0005032386023
3142.0,2.002521961e-06,5.76084101e-06,1.365646589e-05,1.84870671e-05,0.0004988700149
3143.0,1.928923027e-06,5.696696191e-06,1.330720978e-05,1.794424477e-05,0.0005053400276
3144.0,1.881523166e-06,5.529072891e-06,1.327049844e-05,1.782120364e-05,0.000523960195
3145.0,1.948635216e-06,5.568571989e-06,1.356497588e-05,1.82395658e-05,0.0005614836459
3146.0,2.018400328e-06,5.727927497e-06,1.38565523e-05,1.848844099e-05,0.0005736797269
3147.0,1.982592793e-06,5.797747999e-06,1.363112989e-05,1.838643046e-05,0.000553909259
3148.0,1.885393021e-06,5.565662193e-06,1.323826231e-05,1.817642242e-05,0.0005194498696
3149.0,1.876171158e-06,5.485401035e-06,1.330305792e-05,1.824086324e-05,0.0005065707807
3150.0,1.985092519e-06,5.587315258e-06,1.361470299e-05,1.852208147e-05,0.0005038992966
3151.0,2.01311951e-06,5.776747295e-06,1.376534454e-05,1.846898601e-05,0.0005028671361
3152.0,1.941957563e-06,5.735064189e-06,1.338571924e-05,1.800012799e-05,0.0005037016751
3153.0,1.880697436e-06,5.543151308e-06,1.328471391e-05,1.772764267e-05,0.0005258124711
3154.0,1.949422013e-06,5.5935239e-06,1.362909277e-05,1.820768347e-05,0.0005612604852
3155.0,2.033945087e-06,5.74168196e-06,1.394085559e-05,1.865231562e-05,0.0005783365809
3156.0,2.002530781e-06,5.830833873e-06,1.377146446e-05,1.865524707e-05,0.0005577069788
3157.0,1.901494047e-06,5.604426391e-06,1.333562988e-05,1.841098016e-05,0.0005255655933
3158.0,1.873064814e-06,5.484030031e-06,1.330442068e-05,1.849153485e-05,0.0005069762245
3159.0,1.972113147e-06,5.573796416e-06,1.355280581e-05,1.867171201e-05,0.0005058301616
3160.0,2.008467287e-06,5.750705258e-06,1.372699041e-05,1.862713812e-05,0.0005014694171
3161.0,1.942831902e-06,5.734901327e-06,1.337019929e-05,1.815106825e-05,0.0005069983656
3162.0,1.876221645e-06,5.543034709e-06,1.323530939e-05,1.774968292e-05,0.0005232003119
3163.0,1.932765465e-06,5.56542016e-06,1.356868442e-05,1.813435307e-05,0.0005597651634
3164.0,2.03229134e-06,5.732798581e-06,1.395907503e-05,1.853659378e-05,0.0005768381592
3165.0,2.0123736e-06,5.846065376e-06,1.384019359e-05,1.855580389e-05,0.0005637202785
3166.0,1.918833856e-06,5.641573209e-06,1.344011518e-05,1.839233912e-05,0.0005308523531
3167.0,1.881275232e-06,5.495565585e-06,1.337135833e-05,1.857976779e-05,0.0005115542829
3168.0,1.961121663e-06,5.575458936e-06,1.356733477e-05,1.887477828e-05,0.0005053141784
3169.0,2.00528502e-06,5.743183444e-06,1.372369928e-05,1.885280913e-05,0.0005059948058
3170.0,1.945345741e-06,5.750745942e-06,1.340425738e-05,1.84499816e-05,0.0005047783699
3171.0,1.871326724e-06,5.543362925e-06,1.321959068e-05,1.795311874e-05,0.0005252298498
3172.0,1.911585209e-06,5.523733395e-06,1.345830294e-05,1.796467855e-05,0.0005593543475
3173.0,2.021488572e-06,5.710807141e-06,1.390148631e-05,1.822486203e-05,0.0005827020105
3174.0,2.010970145e-06,5.836924924e-06,1.389744354e-05,1.816228254e-05,0.0005678116942
3175.0,1.923216823e-06,5.660643296e-06,1.347346619e-05,1.799053383e-05,0.0005364192334
3176.0,1.883428066e-06,5.498710215e-06,1.339610944e-05,1.831655668e-05,0.0005113372922
3177.0,1.962162964e-06,5.554421477e-06,1.358187107e-05,1.887498537e-05,0.0005092110822
3178.0,2.012203627e-06,5.725375484e-06,1.377407797e-05,1.908025415e-05,0.000505611969
3179.0,1.958716225e-06,5.750009496e-06,1.345860087e-05,1.865436364e-05,0.0005100723971
3180.0,1.880641922e-06,5.554712647e-06,1.327465074e-05,1.826390515e-05,0.0005215922505
3181.0,1.905096941e-06,5.522150658e-06,1.348076522e-05,1.816393175e-05,0.0005589784869
3182.0,2.012983465e-06,5.663615164e-06,1.387020836e-05,1.827865842e-05,0.0005821616852
3183.0,2.008151407e-06,5.809758785e-06,1.388804892e-05,1.816399761e-05,0.0005727620851
3184.0,1.916081376e-06,5.666106399e-06,1.345719871e-05,1.79455097e-05,0.0005373474579
3185.0,1.872694511e-06,5.489344347e-06,1.333761941e-05,1.804835564e-05,0.0005150459135
3186.0,1.951382257e-06,5.535878117e-06,1.356088964e-05,1.862414433e-05,0.0005087381396
3187.0,2.018417938e-06,5.704941877e-06,1.383283193e-05,1.881792742e-05,0.0005090901032
3188.0,1.972832964e-06,5.769009874e-06,1.357277422e-05,1.844625802e-05,0.0005080666062
3189.0,1.893167061e-06,5.575376393e-06,1.334430734e-05,1.809363415e-05,0.000523981924
3190.0,1.904377624e-06,5.543243678e-06,1.357023953e-05,1.823256157e-05,0.0005565554583
3191.0,2.010067377e-06,5.664137674e-06,1.389092926e-05,1.856421235e-05,0.0005872090463
3192.0,2.015674639e-06,5.806580748e-06,1.390067447e-05,1.860044533e-05,0.0005771963248
3193.0,1.921624409e-06,5.667031003e-06,1.344834738e-05,1.831469076e-05,0.0005461957727
3194.0,1.861285639e-06,5.479732617e-06,1.32982215e-05,1.816989755e-05,0.000518535392
3195.0,1.936472742e-06,5.523585371e-06,1.352546978e-05,1.842477308e-05,0.0005138610165
3196.0,2.011216765e-06,5.685460074e-06,1.383132284e-05,1.852463006e-05,0.0005092119543
3197.0,1.974833826e-06,5.776745082e-06,1.360922144e-05,1.822248691e-05,0.0005117787427
3198.0,1.892492e-06,5.584053276e-06,1.3325092e-05,1.772473628e-05,0.0005201018161
3199.0,1.89983842e-06,5.52300841e-06,1.353547079e-05,1.796924214e-05,0.0005569817694
3200.0,2.004244465e-06,5.665349523e-06,1.39373004e-05,1.842722302e-05,0.0005854760099
3201.0,2.022955269e-06,5.808961518e-06,1.398695493e-05,1.862072043e-05,0.0005841314226
3202.0,1.938196959e-06,5.704453299e-06,1.354177195e-05,1.837201569e-05,0.0005510995715
3203.0,1.86540324e-06,5.485586336e-06,1.332951986e-05,1.831450086e-05,0.0005248169642
3204.0,1.923181192e-06,5.51221917e-06,1.352197095e-05,1.856514989e-05,0.000515798439
3205.0,2.002388222e-06,5.666134856e-06,1.378007889e-05,1.868378297e-05,0.0005145354424
3206.0,1.974895866e-06,5.779029719e-06,1.363257672e-05,1.833848444e-05,0.0005124621833
3207.0,1.89318402e-06,5.602107175e-06,1.333783535e-05,1.771904375e-05,0.0005259490402
3208.0,1.891617993e-06,5.523402105e-06,1.350591814e-05,1.776169198e-05,0.0005552591026
3209.0,1.997796193e-06,5.637911494e-06,1.388968568e-05,1.825211436e-05,0.0005910968523
3210.0,2.030769128e-06,5.813398755e-06,1.409432757e-05,1.838503916e-05,0.0005870932453
3211.0,1.956050346e-06,5.726161923e-06,1.367413481e-05,1.821117024e-05,0.0005598201834
3212.0,1.882737862e-06,5.502282727e-06,1.344958075e-05,1.827088155e-05,0.0005279551587
3213.0,1.917450953e-06,5.511123397e-06,1.355371449e-05,1.859665938e-05,0.000520627052
3214.0,2.002994158e-06,5.666203227e-06,1.38265962e-05,1.888644891e-05,0.0005154753473
3215.0,1.984716296e-06,5.783352104e-06,1.367421958e-05,1.86342424e-05,0.000515928326
3216.0,1.896337992e-06,5.615573083e-06,1.33429952e-05,1.798408184e-05,0.0005224966499
3217.0,1.878168917e-06,5.499097137e-06,1.343612769e-05,1.766214469e-05,0.0005553982366
3218.0,1.981040625e-06,5.607225766e-06,1.381608777e-05,1.791164817e-05,0.0005875343636
3219.0,2.018577006e-06,5.780879442e-06,1.405349979e-05,1.794727527e-05,0.0005906966828
3220.0,1.952205035e-06,5.742087252e-06,1.369460311e-05,1.778584527e-05,0.0005603660647
3221.0,1.877913388e-06,5.51202116e-06,1.345245755e-05,1.772363546e-05,0.0005320618844
3222.0,1.911050205e-06,5.496609344e-06,1.356360052e-05,1.827388365e-05,0.0005198137534
3223.0,1.998972502e-06,5.625200068e-06,1.380531096e-05,1.877091638e-05,0.0005192437596
3224.0,1.992213235e-06,5.768464725e-06,1.375239064e-05,1.866849484e-05,0.0005154135802
3225.0,1.904598587e-06,5.609090515e-06,1.337688974e-05,1.810970473e-05,0.0005255794903
3226.0,1.874370002e-06,5.480193884e-06,1.341768827e-05,1.791518247e-05,0.0005516423145
3227.0,1.974928917e-06,5.584498631e-06,1.381111733e-05,1.812394203e-05,0.0005886786004
3228.0,2.022340087e-06,5.746827648e-06,1.406242617e-05,1.821124879e-05,0.0005922909003
3229.0,1.961593434e-06,5.763048559e-06,1.375318793e-05,1.792923975e-05,0.0005666668021
3230.0,1.879693439e-06,5.538097563e-06,1.345548421e-05,1.773928292e-05,0.0005352050509
3231.0,1.901766425e-06,5.478022834e-06,1.355700314e-05,1.806944721e-05,0.0005256526574
3232.0,1.997753118e-06,5.603781993e-06,1.382291871e-05,1.848087679e-05,0.0005201573823
3233.0,2.001246431e-06,5.765457209e-06,1.384290462e-05,1.839927469e-05,0.0005196829075
3234.0,1.917993845e-06,5.64611367e-06,1.345837145e-05,1.78372723e-05,0.0005240155971
3235.0,1.877424017e-06,5.492340949e-06,1.348068821e-05,1.767214232e-05,0.0005519065494
3236.0,1.964084254e-06,5.572289304e-06,1.379598023e-05,1.80568515e-05,0.0005877290436
3237.0,2.025642865e-06,5.731357016e-06,1.403580898e-05,1.823523585e-05,0.0005970953808
3238.0,1.974695951e-06,5.763206506e-06,1.378336428e-05,1.80866239e-05,0.0005714572115
3239.0,1.881244079e-06,5.537504568e-06,1.346437998e-05,1.782723689e-05,0.0005419285176
3240.0,1.893372945e-06,5.48383976e-06,1.354260735e-05,1.808746602e-05,0.0005260211786
3241.0,1.992995989e-06,5.604733396e-06,1.381884795e-05,1.840434676e-05,0.0005246490048
3242.0,2.002341134e-06,5.774721451e-06,1.389304922e-05,1.828870909e-05,0.0005201204368
3243.0,1.92730775e-06,5.678053116e-06,1.351256502e-05,1.786100284e-05,0.0005279104658
3244.0,1.877592854e-06,5.50196275e-06,1.347736519e-05,1.759050173e-05,0.0005507674887
3245.0,1.956343251e-06,5.557527795e-06,1.377732659e-05,1.796084007e-05,0.0005902370451
3246.0,2.019073176e-06,5.719565898e-06,1.402784286e-05,1.819160098e-05,0.0006006377181
3247.0,1.976454264e-06,5.760281513e-06,1.376955535e-05,1.811594384e-05,0.0005790323275
3248.0,1.883968811e-06,5.525641458e-06,1.344009846e-05,1.790865222e-05,0.0005423999533
3249.0,1.881510355e-06,5.447437935e-06,1.348157416e-05,1.806005219e-05,0.0005272604714
3250.0,1.979866102e-06,5.557491163e-06,1.372702997e-05,1.842327608e-05,0.0005233830379
3251.0,1.996373277e-06,5.733177081e-06,1.38561129e-05,1.82588263e-05,0.0005231515751
3252.0,1.923605208e-06,5.683316437e-06,1.347304717e-05,1.778315664e-05,0.0005248507812
3253.0,1.876333601e-06,5.509167695e-06,1.342792541e-05,1.754448634e-05,0.0005499872955
3254.0,1.939135901e-06,5.54831725e-06,1.372697959e-05,1.783138836e-05,0.0005851038663
3255.0,2.018262637e-06,5.690441541e-06,1.403365198e-05,1.808072528e-05,0.0006000466987
3256.0,1.982251744e-06,5.769056405e-06,1.381795222e-05,1.803313464e-05,0.0005771549167
3257.0,1.88553327e-06,5.526093782e-06,1.341009233e-05,1.788789841e-05,0.0005459649702
3258.0,1.869122784e-06,5.424534337e-06,1.342712247e-05,1.798107187e-05,0.0005253802413
3259.0,1.96818147e-06,5.527195319e-06,1.368502462e-05,1.832571404e-05,0.0005229819381
3260.0,1.999077431e-06,5.712014219e-06,1.385711077e-05,1.830777495e-05,0.0005174304713
3261.0,1.933826713e-06,5.687956311e-06,1.349055492e-05,1.781007514e-05,0.0005243949154
3262.0,1.871370044e-06,5.502659664e-06,1.339306755e-05,1.73946556e-05,0.0005445058242
3263.0,1.931357028e-06,5.535362687e-06,1.371230587e-05,1.770245725e-05,0.0005837510841
3264.0,2.020296837e-06,5.676757536e-06,1.404231447e-05,1.810224366e-05,0.0005994149404
3265.0,1.997291358e-06,5.785961944e-06,1.391787771e-05,1.805825356e-05,0.0005854382811
3266.0,1.902464417e-06,5.575550692e-06,1.348560483e-05,1.782937073e-05,0.0005516177106
3267.0,1.876823313e-06,5.450618898e-06,1.346971195e-05,1.794622621e-05,0.0005318525883
3268.0,1.96767049e-06,5.547172904e-06,1.371377951e-05,1.833997996e-05,0.0005233407528
3269.0,2.009669706e-06,5.72973268e-06,1.389665701e-05,1.832500674e-05,0.0005242458847
3270.0,1.94680485e-06,5.724355227e-06,1.353037095e-05,1.788984898e-05,0.0005258111753
3271.0,1.874555568e-06,5.51436207e-06,1.336219869e-05,1.746220636e-05,0.0005446938281
3272.0,1.921260637e-06,5.519840195e-06,1.365588263e-05,1.765617333e-05,0.0005785454756
3273.0,2.015754412e-06,5.668619217e-06,1.399020902e-05,1.791484562e-05,0.0006020945271
3274.0,2.008666415e-06,5.812288457e-06,1.397679853e-05,1.789987958e-05,0.000586603793
3275.0,1.919623673e-06,5.635476626e-06,1.357686941e-05,1.76567031e-05,0.0005528687252
3276.0,1.877145513e-06,5.470352919e-06,1.346648193e-05,1.774320066e-05,0.0005266650691
3277.0,1.967596121e-06,5.557856406e-06,1.369477486e-05,1.819493582e-05,0.0005275668476
3278.0,2.014689098e-06,5.720237423e-06,1.387520671e-05,1.828327909e-05,0.0005222878122
3279.0,1.959188038e-06,5.737787154e-06,1.35571949e-05,1.79998207e-05,0.0005257508478
3280.0,1.880667816e-06,5.526862587e-06,1.334707105e-05,1.753185943e-05,0.0005363740551
3281.0,1.913740575e-06,5.518917915e-06,1.358454828e-05,1.763316858e-05,0.0005765935626
3282.0,2.012080669e-06,5.654785294e-06,1.39386968e-05,1.788532314e-05,0.0006011144893
3283.0,2.010130146e-06,5.802977577e-06,1.397227132e-05,1.790460849e-05,0.0005896253376
3284.0,1.920455937e-06,5.634226364e-06,1.352569914e-05,1.766954106e-05,0.0005509402131
3285.0,1.874238144e-06,5.460904698e-06,1.340975254e-05,1.771049923e-05,0.0005313607509
3286.0,1.956899253e-06,5.538730312e-06,1.365561118e-05,1.808607866e-05,0.0005240693271
3287.0,2.01239622e-06,5.689257846e-06,1.385711304e-05,1.817478386e-05,0.0005234273025
3288.0,1.96999838e-06,5.748610761e-06,1.358333237e-05,1.78610447e-05,0.0005189762298
3289.0,1.886936215e-06,5.542952159e-06,1.334109012e-05,1.742417099e-05,0.0005385195384
3290.0,1.906151571e-06,5.518745368e-06,1.35779168e-05,1.75413083e-05,0.0005726400628
3291.0,2.006636993e-06,5.641545324e-06,1.386941063e-05,1.787877751e-05,0.0006009285785
3292.0,2.013198738e-06,5.789513107e-06,1.394290765e-05,1.796936431e-05,0.0005866936585
3293.0,1.927401528e-06,5.655625735e-06,1.351137845e-05,1.770450791e-05,0.0005575431729
3294.0,1.878344489e-06,5.492614423e-06,1.3409156e-05,1.768444075e-05,0.0005306719177
3295.0,1.943130335e-06,5.514642727e-06,1.356933135e-05,1.807664944e-05,0.0005235907385
3296.0,2.010261747e-06,5.669906362e-06,1.382761815e-05,1.823388288e-05,0.0005141043236
3297.0,1.969913455e-06,5.738070137e-06,1.355776967e-05,1.779364178e-05,0.0005220092757
3298.0,1.892332655e-06,5.558687422e-06,1.329602897e-05,1.739086449e-05,0.0005338803466
3299.0,1.895543559e-06,5.504431913e-06,1.350316516e-05,1.74698466e-05,0.0005697766757
3300.0,1.997435915e-06,5.61863372e-06,1.380623023e-05,1.778177832e-05,0.0005918031757
3301.0,2.017246124e-06,5.787851757e-06,1.38982722e-05,1.785637307e-05,0.0005897207293
3302.0,1.930377765e-06,5.665693729e-06,1.347895683e-05,1.771901284e-05,0.0005560653615
3303.0,1.868710015e-06,5.456438896e-06,1.333300768e-05,1.767063164e-05,0.0005281910202
3304.0,1.930027307e-06,5.490854938e-06,1.349609608e-05,1.804153227e-05,0.0005159304167
3305.0,1.999553477e-06,5.634404316e-06,1.371970423e-05,1.823456071e-05,0.0005174775674
3306.0,1.970590899e-06,5.763944648e-06,1.357185346e-05,1.781148426e-05,0.0005159396055
3307.0,1.889155696e-06,5.580608983e-06,1.325094013e-05,1.727863244e-05,0.0005265527725
3308.0,1.888582333e-06,5.49135995e-06,1.339198156e-05,1.737019761e-05,0.0005527402366
3309.0,1.988994643e-06,5.601899612e-06,1.37578618e-05,1.776325397e-05,0.0005884743971
3310.0,2.021153402e-06,5.782727477e-06,1.39222219e-05,1.795073354e-05,0.0005857371881
3311.0,1.939768716e-06,5.695038591e-06,1.348716508e-05,1.780754437e-05,0.0005531364345
3312.0,1.863388735e-06,5.463513891e-06,1.325045416e-05,1.775947457e-05,0.0005188666835
3313.0,1.916188195e-06,5.476186973e-06,1.342570405e-05,1.806805441e-05,0.0005167917821
3314.0,2.001581754e-06,5.638960217e-06,1.369894295e-05,1.832407106e-05,0.0005104982357
3315.0,1.972223249e-06,5.753247168e-06,1.354559521e-05,1.804874866e-05,0.0005106278667
3316.0,1.882457888e-06,5.594599131e-06,1.321297063e-05,1.745468907e-05,0.0005133714184
3317.0,1.873199795e-06,5.478359901e-06,1.330950447e-05,1.732564084e-05,0.0005506168158
3318.0,1.985502357e-06,5.60178524e-06,1.372593396e-05,1.776592319e-05,0.0005835022975
3319.0,2.02023868e-06,5.762396561e-06,1.392307177e-05,1.781128463e-05,0.0005837104355
3320.0,1.95517227e-06,5.725092656e-06,1.353270507e-05,1.761443867e-05,0.0005501203475
3321.0,1.877902619e-06,5.486589522e-06,1.32689432e-05,1.76172918e-05,0.0005241022821
3322.0,1.911962014e-06,5.481781606e-06,1.340778309e-05,1.800201484e-05,0.0005125717444
3323.0,2.003776359e-06,5.623289153e-06,1.365614039e-05,1.837556679e-05,0.0005091960629
3324.0,1.987775322e-06,5.751390682e-06,1.354540488e-05,1.826330359e-05,0.0005040932312
3325.0,1.894216901e-06,5.595805418e-06,1.318055529e-05,1.776182113e-05,0.0005172725092
3326.0,1.867897062e-06,5.497733116e-06,1.329049371e-05,1.745619747e-05,0.0005427946264
3327.0,1.971115988e-06,5.590928837e-06,1.365139324e-05,1.764879897e-05,0.0005770874642
3328.0,2.018660409e-06,5.756827957e-06,1.390491085e-05,1.779928415e-05,0.0005774530022
3329.0,1.957398827e-06,5.737075632e-06,1.354874218e-05,1.744840868e-05,0.0005546354603
3330.0,1.879628463e-06,5.518512385e-06,1.327828131e-05,1.741373177e-05,0.0005222906604
3331.0,1.909930552e-06,5.482595926e-06,1.339849007e-05,1.790920729e-05,0.0005100257481
3332.0,2.003254048e-06,5.617974066e-06,1.364119045e-05,1.834314212e-05,0.0005038961286
3333.0,2.002076253e-06,5.774634651e-06,1.361271976e-05,1.82176056e-05,0.0005090067585
3334.0,1.919100303e-06,5.650048488e-06,1.327319572e-05,1.781064839e-05,0.0005135281063
3335.0,1.875108167e-06,5.50318975e-06,1.329964515e-05,1.771289832e-05,0.0005388939916
3336.0,1.959812106e-06,5.584322242e-06,1.35874194e-05,1.781305846e-05,0.0005700759362
3337.0,2.024215146e-06,5.759001525e-06,1.388248803e-05,1.807283338e-05,0.0005810447678
3338.0,1.961386264e-06,5.759881794e-06,1.355091825e-05,1.792729088e-05,0.0005560354879
3339.0,1.872257761e-06,5.513689267e-06,1.321938943e-05,1.759725671e-05,0.0005212382128
3340.0,1.890696631e-06,5.456635732e-06,1.32973294e-05,1.782097147e-05,0.0005046178111
3341.0,1.994213827e-06,5.585136486e-06,1.361355843e-05,1.82232404e-05,0.0005071446657
3342.0,2.006289684e-06,5.768513318e-06,1.367359125e-05,1.804141639e-05,0.0005043516318
3343.0,1.930717474e-06,5.664028941e-06,1.330650328e-05,1.759585115e-05,0.0005098071191
3344.0,1.886348102e-06,5.514108551e-06,1.331188375e-05,1.75601584e-05,0.0005289275354
3345.0,1.965502399e-06,5.592694671e-06,1.364055057e-05,1.803787321e-05,0.0005699515704
3346.0,2.027914853e-06,5.752556811e-06,1.385358833e-05,1.828022656e-05,0.000577959205
3347.0,1.981199326e-06,5.780804361e-06,1.358763458e-05,1.824757195e-05,0.0005536262394
3348.0,1.881386585e-06,5.530020143e-06,1.321764195e-05,1.798600406e-05,0.0005193950723
3349.0,1.883530487e-06,5.452816049e-06,1.325149464e-05,1.798218421e-05,0.0005079929252
3350.0,1.982654935e-06,5.565265713e-06,1.35178847e-05,1.814870225e-05,0.0005022839104
3351.0,2.000817513e-06,5.739158002e-06,1.363157495e-05,1.790421493e-05,0.0005005500899
3352.0,1.925807348e-06,5.675565952e-06,1.325619296e-05,1.739003449e-05,0.0005016378075
3353.0,1.875510802e-06,5.503986752e-06,1.320726929e-05,1.723736856e-05,0.0005274940643
3354.0,1.951040889e-06,5.568024068e-06,1.355554765e-05,1.775063503e-05,0.000562378403
3355.0,2.03154387e-06,5.745137818e-06,1.388462894e-05,1.82415454e-05,0.000573223508
3356.0,1.99225008e-06,5.804095765e-06,1.362958617e-05,1.823511918e-05,0.0005496643168
3357.0,1.896784181e-06,5.573934585e-06,1.325575316e-05,1.809859977e-05,0.000521782702
3358.0,1.883249436e-06,5.467235265e-06,1.327099441e-05,1.827776124e-05,0.0005044075688
3359.0,1.978546243e-06,5.570974842e-06,1.349016425e-05,1.857553398e-05,0.0005008663591
3360.0,1.996126472e-06,5.735660364e-06,1.360805171e-05,1.841908199e-05,0.0004958999766
3361.0,1.92723519e-06,5.697996726e-06,1.323748497e-05,1.777090779e-05,0.0005036696539
3362.0,1.867242378e-06,5.516043352e-06,1.31559821e-05,1.734917072e-05,0.0005204773755
3363.0,1.936358485e-06,5.553349865e-06,1.349584729e-05,1.765944412e-05,0.0005574496245
3364.0,2.025498352e-06,5.716574506e-06,1.385209364e-05,1.793785841e-05,0.0005700787989
3365.0,1.99957579e-06,5.808059916e-06,1.369705846e-05,1.793534508e-05,0.0005564134076
3366.0,1.908018515e-06,5.594884128e-06,1.330798781e-05,1.785176666e-05,0.0005244531332
3367.0,1.880563068e-06,5.470830266e-06,1.326439141e-05,1.820436424e-05,0.000504943589
3368.0,1.979156104e-06,5.571312707e-06,1.351671325e-05,1.871918814e-05,0.0004979140587
3369.0,2.01004734e-06,5.736655068e-06,1.363019094e-05,1.869696918e-05,0.0005005256
3370.0,1.93788975e-06,5.712386001e-06,1.326969445e-05,1.823113171e-05,0.0005009865551
3371.0,1.868382365e-06,5.504855457e-06,1.312995649e-05,1.771876803e-05,0.0005184577959
3372.0,1.926733688e-06,5.531570796e-06,1.345521862e-05,1.77520453e-05,0.0005518828287
3373.0,2.020720903e-06,5.698744225e-06,1.383032679e-05,1.795240243e-05,0.0005743439897
3374.0,1.999557576e-06,5.815237327e-06,1.374226738e-05,1.782678561e-05,0.0005592124061
3375.0,1.912592561e-06,5.623900146e-06,1.335231439e-05,1.762275846e-05,0.0005255982334
3376.0,1.883648186e-06,5.491329075e-06,1.330569058e-05,1.793610922e-05,0.0005040849068
3377.0,1.973295891e-06,5.574577726e-06,1.350749288e-05,1.850525434e-05,0.000504412557
3378.0,2.014318078e-06,5.724947479e-06,1.365625384e-05,1.870241174e-05,0.000499038326
3379.0,1.954009592e-06,5.737365951e-06,1.332541872e-05,1.838137699e-05,0.0005013802452
3380.0,1.877029095e-06,5.530274823e-06,1.315015765e-05,1.793941328e-05,0.0005139542003
3381.0,1.914683415e-06,5.510459935e-06,1.338987284e-05,1.798082932e-05,0.0005541469294
3382.0,2.011706951e-06,5.66306051e-06,1.375188734e-05,1.810720871e-05,0.0005732646158
3383.0,2.002035888e-06,5.81703023e-06,1.374438874e-05,1.799476892e-05,0.0005613756752
3384.0,1.90872514e-06,5.643223404e-06,1.33289442e-05,1.767813931e-05,0.0005290192406
3385.0,1.876985156e-06,5.493461288e-06,1.328861111e-05,1.770223081e-05,0.0005098481696
3386.0,1.96137424e-06,5.566884665e-06,1.351887631e-05,1.816731813e-05,0.00050342242
3387.0,2.017823682e-06,5.745751906e-06,1.374146186e-05,1.83067291e-05,0.0005016339472
3388.0,1.971463317e-06,5.77672803e-06,1.344628552e-05,1.804409084e-05,0.0004996064071
3389.0,1.895078094e-06,5.572326449e-06,1.326403282e-05,1.771756255e-05,0.0005172859323
3390.0,1.916578217e-06,5.534374211e-06,1.347653144e-05,1.796336128e-05,0.0005485324643
3391.0,2.01623742e-06,5.660869526e-06,1.379211856e-05,1.831402839e-05,0.0005744637771
3392.0,2.013824868e-06,5.812611331e-06,1.381076146e-05,1.831762849e-05,0.0005636171629
3393.0,1.916953547e-06,5.665088721e-06,1.334960319e-05,1.807220737e-05,0.0005337168779
3394.0,1.869988265e-06,5.491272636e-06,1.326015473e-05,1.791491157e-05,0.0005102683321
3395.0,1.946519938e-06,5.533032719e-06,1.345474015e-05,1.816236779e-05,0.000506748014
3396.0,2.012678292e-06,5.719448365e-06,1.377295496e-05,1.826082585e-05,0.0005017687014
3397.0,1.974355435e-06,5.796943876e-06,1.353329249e-05,1.784228277e-05,0.0005062473211
3398.0,1.896239435e-06,5.600425544e-06,1.327731346e-05,1.746144798e-05,0.0005157068694
3399.0,1.911633349e-06,5.558388173e-06,1.349981765e-05,1.778744393e-05,0.0005505679937
3400.0,2.01843867e-06,5.696256044e-06,1.386686898e-05,1.823197403e-05,0.0005761029478
3401.0,2.02561093e-06,5.844065317e-06,1.389317564e-05,1.838248897e-05,0.0005703690779
3402.0,1.93346143e-06,5.70310357e-06,1.343908874e-05,1.83466819e-05,0.0005389300483
3403.0,1.869481259e-06,5.500203145e-06,1.327079811e-05,1.82980261e-05,0.0005145503715
3404.0,1.940904835e-06,5.52878943e-06,1.346811714e-05,1.847254996e-05,0.0005061643888
3405.0,2.00935531e-06,5.683085833e-06,1.371328982e-05,1.856550264e-05,0.0005061449415
3406.0,1.967807036e-06,5.786425681e-06,1.350199296e-05,1.811393983e-05,0.000502640502
3407.0,1.885326267e-06,5.58895158e-06,1.322009747e-05,1.755094086e-05,0.0005170587303
3408.0,1.89845346e-06,5.530378474e-06,1.343073337e-05,1.766132011e-05,0.0005479643806
3409.0,2.006863445e-06,5.668593542e-06,1.38217003e-05,1.829384953e-05,0.0005778197358
3410.0,2.028633793e-06,5.839487681e-06,1.395672793e-05,1.838046971e-05,0.0005709206324
3411.0,1.950759227e-06,5.730642575e-06,1.353360945e-05,1.824111241e-05,0.0005415580839
3412.0,1.874977821e-06,5.50405951e-06,1.331451787e-05,1.835758464e-05,0.0005143242529
3413.0,1.929562251e-06,5.514649951e-06,1.346506716e-05,1.876815267e-05,0.0005095232266
3414.0,2.00507032e-06,5.659728813e-06,1.368284572e-05,1.896676765e-05,0.000505699404
3415.0,1.977467392e-06,5.783651265e-06,1.354051054e-05,1.861495115e-05,0.000508297405
3416.0,1.885783736e-06,5.609086943e-06,1.322341924e-05,1.793462959e-05,0.0005141735085
3417.0,1.88167404e-06,5.513593009e-06,1.33467407e-05,1.776339437e-05,0.0005474612235
3418.0,1.998462739e-06,5.647534485e-06,1.378013014e-05,1.812864379e-05,0.0005754392627
3419.0,2.027391903e-06,5.812965699e-06,1.397441234e-05,1.827467397e-05,0.0005759529408
3420.0,1.947158685e-06,5.735231001e-06,1.355372816e-05,1.788753519e-05,0.0005437111455
3421.0,1.876271009e-06,5.522079455e-06,1.334456057e-05,1.786429969e-05,0.0005180886768
3422.0,1.924327503e-06,5.541031601e-06,1.352317106e-05,1.850360549e-05,0.0005082404395
3423.0,2.00679665e-06,5.672767051e-06,1.37410247e-05,1.887085804e-05,0.0005082035615
3424.0,1.987638394e-06,5.788410234e-06,1.360541422e-05,1.866800879e-05,0.0005065836491
3425.0,1.904665635e-06,5.622690146e-06,1.329161849e-05,1.816905669e-05,0.00051809604
3426.0,1.881232539e-06,5.516827467e-06,1.337479893e-05,1.803594663e-05,0.0005445618568
3427.0,1.988349285e-06,5.620475967e-06,1.374813658e-05,1.830393716e-05,0.0005775413043
3428.0,2.028900652e-06,5.792740471e-06,1.399531268e-05,1.840946383e-05,0.0005765163149
3429.0,1.958073113e-06,5.762300837e-06,1.362190708e-05,1.812194273e-05,0.0005521851801
3430.0,1.878344009e-06,5.529269504e-06,1.33435396e-05,1.794263892e-05,0.0005192131651
3431.0,1.918228167e-06,5.544604821e-06,1.351335923e-05,1.823550447e-05,0.0005121527483
3432.0,2.010275569e-06,5.676974295e-06,1.380729369e-05,1.869052267e-05,0.0005077244888
3433.0,2.004736104e-06,5.82770388e-06,1.377637271e-05,1.851292648e-05,0.000511007978
3434.0,1.920990139e-06,5.678201442e-06,1.340502594e-05,1.804453431e-05,0.000516357671
3435.0,1.891417892e-06,5.533006602e-06,1.343471446e-05,1.801264195e-05,0.0005464493026
3436.0,1.981691837e-06,5.621976754e-06,1.376859587e-05,1.835693445e-05,0.0005779853877
3437.0,2.038295952e-06,5.795801957e-06,1.403837466e-05,1.848182308e-05,0.0005835569137
3438.0,1.97505826e-06,5.779409717e-06,1.368060235e-05,1.832800878e-05,0.0005544351299
3439.0,1.888317986e-06,5.542153379e-06,1.339201622e-05,1.806820393e-05,0.0005252184066
3440.0,1.91125879e-06,5.518295378e-06,1.350071151e-05,1.829679934e-05,0.0005124340513
3441.0,2.006181012e-06,5.647768257e-06,1.377238263e-05,1.853196249e-05,0.0005121350352
3442.0,2.004312584e-06,5.821354897e-06,1.37987255e-05,1.830260464e-05,0.000508152376
3443.0,1.921670748e-06,5.688344996e-06,1.341623418e-05,1.760382571e-05,0.000517838452
3444.0,1.886701444e-06,5.54256768e-06,1.344223422e-05,1.757742649e-05,0.000542073789
3445.0,1.975651726e-06,5.63237085e-06,1.379691544e-05,1.799182034e-05,0.0005789884122
3446.0,2.038261856e-06,5.80486909e-06,1.406781143e-05,1.834086391e-05,0.0005847570078
3447.0,1.983642642e-06,5.804067907e-06,1.373051375e-05,1.827533608e-05,0.0005608399143
3448.0,1.893379305e-06,5.547925119e-06,1.338464521e-05,1.817360583e-05,0.0005285535691
3449.0,1.903107905e-06,5.508333017e-06,1.348826778e-05,1.84023282e-05,0.0005164662828
3450.0,1.998703839e-06,5.634049454e-06,1.373931579e-05,1.872915198e-05,0.0005106865156
3451.0,2.005603434e-06,5.799540963e-06,1.378301434e-05,1.858959309e-05,0.0005123817205
3452.0,1.922881106e-06,5.704527743e-06,1.340359143e-05,1.798934467e-05,0.0005150900161
3453.0,1.876144732e-06,5.531132185e-06,1.340050472e-05,1.759078873e-05,0.0005423145852
3454.0,1.961959885e-06,5.616545603e-06,1.376925726e-05,1.794546681e-05,0.0005785529845
3455.0,2.025554821e-06,5.770635969e-06,1.404806415e-05,1.812876537e-05,0.0005913354093
3456.0,1.980498556e-06,5.812715917e-06,1.37724402e-05,1.793197862e-05,0.000565802773
3457.0,1.893814416e-06,5.572352743e-06,1.341407836e-05,1.786099429e-05,0.0005349740556
3458.0,1.891675308e-06,5.471092949e-06,1.345487316e-05,1.818621211e-05,0.0005169808362
3459.0,1.987023216e-06,5.584752797e-06,1.368316129e-05,1.852467635e-05,0.0005171163823
3460.0,2.00852985e-06,5.778208456e-06,1.380603081e-05,1.855407054e-05,0.000513573274
3461.0,1.935636443e-06,5.717344063e-06,1.345551731e-05,1.803948118e-05,0.0005197475495
3462.0,1.875884856e-06,5.531980539e-06,1.340597987e-05,1.780521125e-05,0.0005402360756
3463.0,1.946900864e-06,5.566282467e-06,1.369273296e-05,1.799375787e-05,0.0005801422773
3464.0,2.023575427e-06,5.723615778e-06,1.400480427e-05,1.824720235e-05,0.0005912632132
3465.0,1.983132536e-06,5.799311591e-06,1.38107331e-05,1.808320753e-05,0.0005719764037
3466.0,1.891273833e-06,5.589181341e-06,1.346267278e-05,1.780183832e-05,0.0005368232954
3467.0,1.881967301e-06,5.478012785e-06,1.345768596e-05,1.806446763e-05,0.0005220358365
3468.0,1.984001375e-06,5.575940429e-06,1.373532821e-05,1.846227029e-05,0.0005177977424
3469.0,2.012658594e-06,5.742968712e-06,1.386668184e-05,1.836447179e-05,0.0005188668335
3470.0,1.945483126e-06,5.707791702e-06,1.352872234e-05,1.797699444e-05,0.0005195752491
3471.0,1.877282392e-06,5.510056792e-06,1.338232335e-05,1.765832704e-05,0.0005430526073
3472.0,1.940589472e-06,5.561713235e-06,1.371573958e-05,1.797009025e-05,0.0005810489101
3473.0,2.028092493e-06,5.719874872e-06,1.40459941e-05,1.836061681e-05,0.0005988922782
3474.0,2.003410021e-06,5.821710451e-06,1.391802547e-05,1.827677127e-05,0.0005797870811
3475.0,1.905241642e-06,5.616541797e-06,1.351975422e-05,1.802637901e-05,0.000546601434
3476.0,1.879924661e-06,5.486819214e-06,1.349396838e-05,1.797975414e-05,0.0005243766845
3477.0,1.973257157e-06,5.549532795e-06,1.37142445e-05,1.842980603e-05,0.0005232460625
3478.0,2.010435642e-06,5.731506166e-06,1.389592828e-05,1.839894587e-05,0.0005177121882
3479.0,1.948254099e-06,5.723454869e-06,1.353782879e-05,1.789556411e-05,0.0005239179455
3480.0,1.883424702e-06,5.532641386e-06,1.341698302e-05,1.751580405e-05,0.0005418192167
3481.0,1.933221151e-06,5.551134569e-06,1.373338835e-05,1.77916988e-05,0.0005830183088
3482.0,2.028399108e-06,5.704307689e-06,1.406955592e-05,1.818290334e-05,0.0006019578463
3483.0,2.010528647e-06,5.823315537e-06,1.3965956e-05,1.816052239e-05,0.0005871056257
3484.0,1.913418218e-06,5.617051734e-06,1.354108118e-05,1.795936835e-05,0.0005516278635
3485.0,1.881770942e-06,5.481245644e-06,1.351786609e-05,1.805873297e-05,0.0005308565618
3486.0,1.968314909e-06,5.545714249e-06,1.372751325e-05,1.839950263e-05,0.000523391737
3487.0,2.012780395e-06,5.717203599e-06,1.391495531e-05,1.856274179e-05,0.0005231689434
3488.0,1.949857424e-06,5.735510715e-06,1.358075598e-05,1.809023452e-05,0.00052386611
3489.0,1.878538126e-06,5.539871162e-06,1.340435128e-05,1.751366405e-05,0.0005436045012
3490.0,1.914265592e-06,5.522896129e-06,1.364725388e-05,1.769119616e-05,0.0005781886909
3491.0,2.014659077e-06,5.670886626e-06,1.400444779e-05,1.801734464e-05,0.0006022950519
3492.0,2.010414033e-06,5.819525759e-06,1.399695054e-05,1.79156241e-05,0.0005872742571
3493.0,1.919002886e-06,5.634039201e-06,1.355919133e-05,1.76400487e-05,0.0005556318815
3494.0,1.875874071e-06,5.466425879e-06,1.347612246e-05,1.784680982e-05,0.00053101805
3495.0,1.955737136e-06,5.521694348e-06,1.367304928e-05,1.828675968e-05,0.0005264319695
3496.0,2.011088181e-06,5.691504501e-06,1.389684181e-05,1.842256686e-05,0.0005214435608
3497.0,1.961999251e-06,5.746796416e-06,1.362995252e-05,1.806577387e-05,0.00052618927
3498.0,1.880294648e-06,5.544307659e-06,1.34069123e-05,1.75197611e-05,0.0005376788111
3499.0,1.904831335e-06,5.514427554e-06,1.360927791e-05,1.756877581e-05,0.0005769030855
3500.0,2.011768955e-06,5.657350806e-06,1.398865507e-05,1.793206551e-05,0.0006018687342
3501.0,2.01068536e-06,5.802170434e-06,1.402199504e-05,1.805330142e-05,0.0005927185392
3502.0,1.920892502e-06,5.643286897e-06,1.356972779e-05,1.773676401e-05,0.0005580846482
3503.0,1.871902809e-06,5.456881393e-06,1.343271136e-05,1.765627947e-05,0.000533082056
3504.0,1.951472818e-06,5.514924941e-06,1.367373664e-05,1.816358517e-05,0.0005244815944
3505.0,2.012542721e-06,5.684334601e-06,1.392654936e-05,1.832120425e-05,0.0005228786765
3506.0,1.96882273e-06,5.755290996e-06,1.366669077e-05,1.788299163e-05,0.0005210211999
3507.0,1.884779508e-06,5.551967209e-06,1.338837155e-05,1.739469614e-05,0.0005355396531
3508.0,1.892385108e-06,5.489756563e-06,1.354838248e-05,1.750330584e-05,0.0005691004575
3509.0,1.99844354e-06,5.616310211e-06,1.387795101e-05,1.791671598e-05,0.0006005265612
3510.0,2.009227667e-06,5.77065046e-06,1.395684969e-05,1.807747106e-05,0.0005908261211
3511.0,1.921087467e-06,5.644502758e-06,1.352196914e-05,1.7852648e-05,0.0005564790705
3512.0,1.86483605e-06,5.433701979e-06,1.33642192e-05,1.77060344e-05,0.0005281527454
3513.0,1.932850325e-06,5.473805192e-06,1.35646795e-05,1.8026066e-05,0.0005248466146
3514.0,2.00571763e-06,5.641358736e-06,1.384930371e-05,1.822127561e-05,0.0005195225074
3515.0,1.966439075e-06,5.733373456e-06,1.36164012e-05,1.776540089e-05,0.0005195403947
3516.0,1.884257863e-06,5.543223115e-06,1.333056813e-05,1.721509382e-05,0.0005302599649
3517.0,1.883964152e-06,5.472655486e-06,1.3483077e-05,1.728264334e-05,0.0005665150712
3518.0,1.988655881e-06,5.609011436e-06,1.385034764e-05,1.76096794e-05,0.0005953887919
3519.0,2.017785998e-06,5.782851839e-06,1.400665049e-05,1.775951295e-05,0.0005909700751
3520.0,1.934700347e-06,5.673274107e-06,1.355350208e-05,1.764464198e-05,0.0005585831805
3521.0,1.872123492e-06,5.473971247e-06,1.337452777e-05,1.763505843e-05,0.000533019484
3522.0,1.922531139e-06,5.479206267e-06,1.352898988e-05,1.794219864e-05,0.0005229476829
3523.0,2.003273837e-06,5.622919863e-06,1.380302391e-05,1.820972274e-05,0.0005197781137
3524.0,1.976020227e-06,5.735597453e-06,1.364022652e-05,1.793417964e-05,0.0005152135118
3525.0,1.887235526e-06,5.556035588e-06,1.329260755e-05,1.736748392e-05,0.0005299718772
3526.0,1.879808416e-06,5.475953558e-06,1.343837493e-05,1.726761048e-05,0.0005588106358
3527.0,1.979278193e-06,5.57660774e-06,1.377491455e-05,1.759102513e-05,0.0005908617602
3528.0,2.012771373e-06,5.759266936e-06,1.397045499e-05,1.774686581e-05,0.0005901528422
3529.0,1.941162142e-06,5.691735591e-06,1.354831855e-05,1.744095749e-05,0.0005638839992
3530.0,1.867948948e-06,5.474086784e-06,1.334193529e-05,1.738236686e-05,0.0005334486491
3531.0,1.906788746e-06,5.473098855e-06,1.345735861e-05,1.771501453e-05,0.0005237849839
3532.0,1.995672956e-06,5.612171574e-06,1.372096303e-05,1.807837024e-05,0.0005156950347
3533.0,1.98245435e-06,5.734256712e-06,1.364570459e-05,1.794696004e-05,0.0005188659708
3534.0,1.896922804e-06,5.573508616e-06,1.33118876e-05,1.756135265e-05,0.0005252662144
3535.0,1.87439748e-06,5.461760019e-06,1.340090688e-05,1.738456525e-05,0.0005574280546
3536.0,1.979260442e-06,5.575381245e-06,1.378614994e-05,1.774469257e-05,0.0005893469616
3537.0,2.018891437e-06,5.749263082e-06,1.398882543e-05,1.783325631e-05,0.0005941201519
3538.0,1.955693318e-06,5.732318054e-06,1.362964345e-05,1.748950225e-05,0.0005674817318
3539.0,1.876664793e-06,5.498416655e-06,1.334997813e-05,1.727060856e-05,0.0005355026031
3540.0,1.907969915e-06,5.470557372e-06,1.347158888e-05,1.768947071e-05,0.0005195134699
3541.0,1.996772488e-06,5.598873588e-06,1.370001441e-05,1.80759704e-05,0.000521075708
3542.0,1.993765897e-06,5.761868925e-06,1.368206117e-05,1.793124246e-05,0.0005170045793
3543.0,1.909407701e-06,5.613737119e-06,1.333447716e-05,1.747949741e-05,0.0005238755226
3544.0,1.872963891e-06,5.466856189e-06,1.337879936e-05,1.741929308e-05,0.0005467678717
3545.0,1.964717836e-06,5.560218125e-06,1.368464251e-05,1.764383552e-05,0.0005879684225
3546.0,2.022833701e-06,5.743079191e-06,1.395905315e-05,1.774693412e-05,0.0005936745949
3547.0,1.958211154e-06,5.723251739e-06,1.360192805e-05,1.7582675e-05,0.0005672528737
3548.0,1.869734072e-06,5.481223501e-06,1.327097634e-05,1.739599501e-05,0.0005312401706
3549.0,1.890388623e-06,5.424223511e-06,1.333195677e-05,1.768651364e-05,0.0005232377117
3550.0,1.993227782e-06,5.571229121e-06,1.36476946e-05,1.806142077e-05,0.0005194521276
3551.0,1.999689747e-06,5.749623371e-06,1.370765488e-05,1.785372346e-05,0.0005170354721
3552.0,1.913947761e-06,5.625429838e-06,1.331346349e-05,1.733111289e-05,0.0005176482902
3553.0,1.872895993e-06,5.476645568e-06,1.331956525e-05,1.719496046e-05,0.0005472138493
3554.0,1.954747065e-06,5.552053836e-06,1.365690688e-05,1.767484928e-05,0.0005818267869
3555.0,2.023182164e-06,5.733351323e-06,1.393874109e-05,1.801924104e-05,0.0005906996125
3556.0,1.963511388e-06,5.729957108e-06,1.357510676e-05,1.799051283e-05,0.0005633348127
3557.0,1.869619633e-06,5.483975916e-06,1.322172014e-05,1.775449683e-05,0.000534438219
3558.0,1.878589057e-06,5.432173035e-06,1.33160537e-05,1.786347289e-05,0.0005181960238
3559.0,1.984131081e-06,5.552343614e-06,1.359808109e-05,1.809444312e-05,0.0005164313458
3560.0,1.998742888e-06,5.738207088e-06,1.369108818e-05,1.796501712e-05,0.0005092619488
3561.0,1.920460354e-06,5.639922698e-06,1.329635997e-05,1.742096203e-05,0.000519900963
3562.0,1.873563192e-06,5.490492239e-06,1.328554309e-05,1.717762615e-05,0.000540010395
3563.0,1.94886063e-06,5.542675216e-06,1.360964607e-05,1.764457272e-05,0.0005753898599
3564.0,2.017602762e-06,5.693479043e-06,1.387824445e-05,1.7955439e-05,0.0005818597882
3565.0,1.983235662e-06,5.768276431e-06,1.36747873e-05,1.788708473e-05,0.0005653963624
3566.0,1.892591774e-06,5.54512453e-06,1.333033116e-05,1.776714086e-05,0.0005322905752
3567.0,1.878252784e-06,5.456123294e-06,1.333589065e-05,1.795310023e-05,0.000516227188
3568.0,1.977188877e-06,5.56110792e-06,1.355602674e-05,1.823459092e-05,0.0005080509606
3569.0,1.999029053e-06,5.731130419e-06,1.368145644e-05,1.805424618e-05,0.0005125330334
3570.0,1.929308707e-06,5.676382471e-06,1.331866574e-05,1.761243151e-05,0.0005146063993
3571.0,1.873306684e-06,5.496465718e-06,1.324818035e-05,1.730139528e-05,0.0005343937875
3572.0,1.946881957e-06,5.548294625e-06,1.359317821e-05,1.754097113e-05,0.000567094158
3573.0,2.030423119e-06,5.716509145e-06,1.395399806e-05,1.787283722e-05,0.0005854388974
3574.0,1.999848445e-06,5.814277552e-06,1.378672449e-05,1.787744169e-05,0.000566432376
3575.0,1.907035003e-06,5.585698143e-06,1.33677459e-05,1.769639441e-05,0.0005329807298
3576.0,1.888187384e-06,5.473086239e-06,1.336078598e-05,1.793797773e-05,0.0005121056459
3577.0,1.97210386e-06,5.561766821e-06,1.353307307e-05,1.83848979e-05,0.0005131391725
3578.0,2.008711865e-06,5.752665693e-06,1.370296564e-05,1.834250218e-05,0.0005084024219
3579.0,1.941175399e-06,5.715119987e-06,1.333146695e-05,1.787614508e-05,0.0005117664758
3580.0,1.875024012e-06,5.504199913e-06,1.321683448e-05,1.742872056e-05,0.0005242685533
3581.0,1.931648086e-06,5.530421764e-06,1.35237835e-05,1.751490566e-05,0.0005656980685
3582.0,2.027586164e-06,5.707357983e-06,1.392173564e-05,1.772322639e-05,0.0005831608177
3583.0,2.00412107e-06,5.818576061e-06,1.380308014e-05,1.767930283e-05,0.0005655542848
3584.0,1.909230016e-06,5.596190679e-06,1.336803456e-05,1.75350464e-05,0.0005280988337
3585.0,1.889820679e-06,5.482442783e-06,1.333927016e-05,1.78244729e-05,0.0005138991047
3586.0,1.978544149e-06,5.573491852e-06,1.35590508e-05,1.831777732e-05,0.0005084629496
3587.0,2.01520458e-06,5.739761265e-06,1.369684442e-05,1.839628196e-05,0.0005054073197
3588.0,1.956935816e-06,5.750197168e-06,1.337437821e-05,1.794420071e-05,0.000503862624
3589.0,1.88247292e-06,5.531480635e-06,1.318605871e-05,1.753733786e-05,0.0005255588764
3590.0,1.922635048e-06,5.540335756e-06,1.349541016e-05,1.765859781e-05,0.0005601939084
3591.0,2.015994901e-06,5.690533181e-06,1.381918725e-05,1.788057748e-05,0.0005790703651
3592.0,1.998678994e-06,5.805376942e-06,1.371678446e-05,1.780974619e-05,0.0005593814507
3593.0,1.906897009e-06,5.608817882e-06,1.329342614e-05,1.764814883e-05,0.0005300631084
3594.0,1.874198433e-06,5.470040916e-06,1.325716386e-05,1.781199537e-05,0.0005095571958
3595.0,1.968970345e-06,5.544002022e-06,1.348522026e-05,1.823196249e-05,0.0005054218289
3596.0,2.017870028e-06,5.725554338e-06,1.370965278e-05,1.827367031e-05,0.0004982616446
3597.0,1.961683293e-06,5.755002718e-06,1.338939346e-05,1.782606993e-05,0.0005051731575
3598.0,1.885209411e-06,5.56408438e-06,1.318454802e-05,1.749217542e-05,0.0005186746418
3599.0,1.919023401e-06,5.552350654e-06,1.342658372e-05,1.77441867e-05,0.0005519593892
3600.0,2.02173378e-06,5.698180361e-06,1.381149317e-05,1.811759498e-05,0.00057048127
3601.0,2.01351744e-06,5.822366142e-06,1.376839967e-05,1.811331152e-05,0.0005627233108
3602.0,1.920660909e-06,5.652370771e-06,1.336113706e-05,1.795734668e-05,0.0005301516934
3603.0,1.870148091e-06,5.470313877e-06,1.322476281e-05,1.796237609e-05,0.0005060857468
3604.0,1.956457163e-06,5.537598037e-06,1.345204881e-05,1.826386113e-05,0.0004987732785
3605.0,2.023766526e-06,5.727640111e-06,1.374537731e-05,1.836218206e-05,0.0005016696559
3606.0,1.976247273e-06,5.790118541e-06,1.348433573e-05,1.793019068e-05,0.0005013371057
3607.0,1.888750361e-06,5.577417737e-06,1.319575737e-05,1.751903914e-05,0.000513464495
3608.0,1.91689703e-06,5.555506885e-06,1.342889529e-05,1.773061088e-05,0.0005445141878
3609.0,2.024238811e-06,5.70102074e-06,1.38188682e-05,1.815908041e-05,0.0005741587118
3610.0,2.029594701e-06,5.848470096e-06,1.387426961e-05,1.818331583e-05,0.0005633463888
3611.0,1.94026424e-06,5.698029355e-06,1.34260245e-05,1.793210959e-05,0.0005324924314
3612.0,1.878598637e-06,5.493715941e-06,1.326240272e-05,1.790915795e-05,0.0005043227192
3613.0,1.950637549e-06,5.560040994e-06,1.347226853e-05,1.829749001e-05,0.0005029878278
3614.0,2.019071648e-06,5.724613134e-06,1.370822096e-05,1.845521867e-05,0.0004988719258
3615.0,1.978935111e-06,5.787560028e-06,1.345367399e-05,1.819546498e-05,0.0005012773466
3616.0,1.893740863e-06,5.585746563e-06,1.319815444e-05,1.772505647e-05,0.0005096895353
3617.0,1.90216106e-06,5.521839034e-06,1.337675142e-05,1.765385441e-05,0.0005473219607
3618.0,2.013199272e-06,5.658621327e-06,1.375933448e-05,1.792184253e-05,0.0005729387345
3619.0,2.028112242e-06,5.835375023e-06,1.389178263e-05,1.797402178e-05,0.0005666946861
3620.0,1.944900112e-06,5.71997048e-06,1.344770118e-05,1.779957805e-05,0.000533785499
3621.0,1.884692991e-06,5.519809619e-06,1.32849421e-05,1.77411539e-05,0.0005101728033
3622.0,1.948190378e-06,5.563638208e-06,1.350344024e-05,1.828219126e-05,0.0005017735394
3623.0,2.018001596e-06,5.70725852e-06,1.370204427e-05,1.853873625e-05,0.0005006105617
3624.0,1.986592879e-06,5.805937917e-06,1.350189784e-05,1.836620744e-05,0.0004970986564
3625.0,1.905418005e-06,5.624610845e-06,1.322722067e-05,1.7877443e-05,0.0005130410159
3626.0,1.894999969e-06,5.542531498e-06,1.337241406e-05,1.782640796e-05,0.0005425452233
3627.0,1.996164748e-06,5.645752859e-06,1.367110391e-05,1.806022973e-05,0.0005701059611
3628.0,2.022566229e-06,5.819218824e-06,1.382687167e-05,1.807185279e-05,0.0005645475899
3629.0,1.940926723e-06,5.727551588e-06,1.340651942e-05,1.786857912e-05,0.0005374520873
3630.0,1.870199189e-06,5.506178041e-06,1.320561405e-05,1.780718407e-05,0.0005094839729
3631.0,1.922406537e-06,5.514433661e-06,1.338840916e-05,1.816510111e-05,0.0005029544547
3632.0,2.002174147e-06,5.66513054e-06,1.363439395e-05,1.842640979e-05,0.0004969751383
3633.0,1.985839542e-06,5.804129425e-06,1.352218041e-05,1.806238325e-05,0.0004996703361
3634.0,1.898693912e-06,5.619304984e-06,1.318170042e-05,1.755991967e-05,0.0005087391095
3635.0,1.890144008e-06,5.528957255e-06,1.332278899e-05,1.77188327e-05,0.0005382571752
3636.0,1.985828986e-06,5.636998349e-06,1.366683348e-05,1.814700475e-05,0.0005665845593
3637.0,2.025215036e-06,5.808662162e-06,1.385809783e-05,1.827124394e-05,0.0005679964998
3638.0,1.95006568e-06,5.741535753e-06,1.34609385e-05,1.81540498e-05,0.0005398081887
3639.0,1.86968205e-06,5.506992217e-06,1.321346833e-05,1.809286847e-05,0.0005111788048
3640.0,1.910751079e-06,5.482213411e-06,1.333490234e-05,1.831004354e-05,0.0004996847805
3641.0,2.000672701e-06,5.628013522e-06,1.362298825e-05,1.848313772e-05,0.0005002729825
3642.0,1.98293221e-06,5.774223997e-06,1.35344336e-05,1.817642014e-05,0.0004976949254
3643.0,1.899829469e-06,5.626754675e-06,1.319733314e-05,1.756074039e-05,0.0005068842298
3644.0,1.888046041e-06,5.525927119e-06,1.333317361e-05,1.754425163e-05,0.0005338851142
3645.0,1.990643018e-06,5.635321433e-06,1.372417465e-05,1.810552465e-05,0.000570107252
3646.0,2.033533891e-06,5.807379469e-06,1.392447798e-05,1.836224758e-05,0.0005704623444
3647.0,1.971600376e-06,5.788708859e-06,1.360635264e-05,1.824766207e-05,0.0005453299365
3648.0,1.881357482e-06,5.53264389e-06,1.327400207e-05,1.805113113e-05,0.0005132671848
3649.0,1.906295531e-06,5.502330925e-06,1.338103847e-05,1.848423054e-05,0.0005051157891
3650.0,2.005139821e-06,5.647647048e-06,1.367163044e-05,1.869194983e-05,0.0005008982109
3651.0,1.999252809e-06,5.800783822e-06,1.364709795e-05,1.846504399e-05,0.0005012494896
3652.0,1.912421639e-06,5.659670255e-06,1.327667783e-05,1.786377342e-05,0.000506466093
3653.0,1.883792144e-06,5.526507783e-06,1.333788238e-05,1.763456156e-05,0.0005361452493
3654.0,1.981538745e-06,5.619502483e-06,1.369864822e-05,1.784503597e-05,0.0005685538893
3655.0,2.041178763e-06,5.806541339e-06,1.399471137e-05,1.801126585e-05,0.0005766965822
3656.0,1.980047294e-06,5.81607645e-06,1.365225464e-05,1.78757214e-05,0.0005495019368
3657.0,1.896633654e-06,5.590988441e-06,1.338103181e-05,1.775423088e-05,0.0005207007732
3658.0,1.906884102e-06,5.547041246e-06,1.345670522e-05,1.819326813e-05,0.000505906731
3659.0,2.000793987e-06,5.656793148e-06,1.365640623e-05,1.862654168e-05,0.0005040684183
3660.0,2.012064634e-06,5.820790778e-06,1.370903888e-05,1.869188649e-05,0.0005009052751
3661.0,1.925543205e-06,5.695064808e-06,1.3333274e-05,1.811363535e-05,0.0005092586071
3662.0,1.875170563e-06,5.519260437e-06,1.328863309e-05,1.772140583e-05,0.000531396165
3663.0,1.964369293e-06,5.603945223e-06,1.364908382e-05,1.795127214e-05,0.0005693236557
3664.0,2.027634984e-06,5.777558454e-06,1.396709668e-05,1.801938345e-05,0.0005768975495
3665.0,1.981841167e-06,5.820437828e-06,1.368541977e-05,1.779693215e-05,0.0005554306466
3666.0,1.894044462e-06,5.58936713e-06,1.334113191e-05,1.759865672e-05,0.0005225518391
3667.0,1.898901925e-06,5.537482921e-06,1.342265559e-05,1.797400307e-05,0.0005091364938
3668.0,1.999285105e-06,5.650462473e-06,1.3672727e-05,1.853769171e-05,0.0005048603802
3669.0,2.013812912e-06,5.807233314e-06,1.375273346e-05,1.851152659e-05,0.0005073645003
3670.0,1.936971092e-06,5.72043111e-06,1.338441031e-05,1.806191308e-05,0.000509017262
3671.0,1.881741396e-06,5.53884673e-06,1.333057369e-05,1.77390641e-05,0.0005335308255
3672.0,1.95324954e-06,5.592339718e-06,1.363347359e-05,1.798120635e-05,0.0005678979631
3673.0,2.028377939e-06,5.767738938e-06,1.396799815e-05,1.818201789e-05,0.000583254485
3674.0,1.983654418e-06,5.838456076e-06,1.372042244e-05,1.792150882e-05,0.0005606368962
3675.0,1.889257392e-06,5.595773543e-06,1.332164232e-05,1.774440247e-05,0.0005287403631
3676.0,1.887032148e-06,5.505635584e-06,1.337884832e-05,1.791629786e-05,0.0005098058839
3677.0,1.993035492e-06,5.638573887e-06,1.368324239e-05,1.834023426e-05,0.0005100897295
3678.0,2.020655216e-06,5.815024272e-06,1.384430745e-05,1.837118948e-05,0.0005051792581
3679.0,1.944535618e-06,5.743830106e-06,1.344625433e-05,1.794366994e-05,0.0005103114002
3680.0,1.885362704e-06,5.561719915e-06,1.337895461e-05,1.76886172e-05,0.0005297640339
3681.0,1.950649611e-06,5.598068827e-06,1.368205696e-05,1.80140063e-05,0.0005703492109
3682.0,2.03121524e-06,5.744207238e-06,1.397647151e-05,1.838829436e-05,0.0005827001825
3683.0,1.990657587e-06,5.831514819e-06,1.377116698e-05,1.824955797e-05,0.0005645075127
3684.0,1.897422511e-06,5.619876386e-06,1.339949227e-05,1.789252847e-05,0.0005316260123
3685.0,1.886517723e-06,5.512094423e-06,1.341862959e-05,1.792437019e-05,0.0005154718451
3686.0,1.982012873e-06,5.601655652e-06,1.367194855e-05,1.82828997e-05,0.0005097489569
3687.0,2.015324508e-06,5.792332404e-06,1.384113522e-05,1.825033e-05,0.0005098324491
3688.0,1.948411775e-06,5.764179572e-06,1.347188324e-05,1.788027689e-05,0.0005090274305
3689.0,1.884630539e-06,5.572713203e-06,1.335335342e-05,1.773692939e-05,0.0005309288026
3690.0,1.940471721e-06,5.59318646e-06,1.367695208e-05,1.804252425e-05,0.0005656548331
3691.0,2.029249555e-06,5.728652439e-06,1.397161833e-05,1.842138521e-05,0.0005860989377
3692.0,2.003748695e-06,5.827481313e-06,1.384766011e-05,1.84400527e-05,0.0005674647701
3693.0,1.900866544e-06,5.615656205e-06,1.341534959e-05,1.81914696e-05,0.0005368849116
3694.0,1.872815844e-06,5.485167965e-06,1.337227493e-05,1.803881529e-05,0.000515230145
3695.0,1.96457644e-06,5.57145894e-06,1.360845801e-05,1.830981913e-05,0.0005146670524
3696.0,2.009016625e-06,5.770092114e-06,1.385763252e-05,1.826951664e-05,0.0005097578243
3697.0,1.951553961e-06,5.78459488e-06,1.350199245e-05,1.776580994e-05,0.0005152074365
3698.0,1.884528493e-06,5.588331245e-06,1.333881587e-05,1.74626237e-05,0.0005292649056
3699.0,1.927927189e-06,5.584527937e-06,1.36198765e-05,1.785771026e-05,0.0005655826525
3700.0,2.031397371e-06,5.741320888e-06,1.399092517e-05,1.837602126e-05,0.000584678467
3701.0,2.013705759e-06,5.837400438e-06,1.388465651e-05,1.837120062e-05,0.0005740330501
3702.0,1.917640218e-06,5.643744772e-06,1.347515662e-05,1.819245457e-05,0.0005389592032
3703.0,1.875092963e-06,5.487007498e-06,1.341640963e-05,1.834108244e-05,0.0005201867775
3704.0,1.960461618e-06,5.555824036e-06,1.360801654e-05,1.859360247e-05,0.0005147991748
3705.0,2.006790656e-06,5.727851473e-06,1.383527689e-05,1.851253268e-05,0.0005135998572
3706.0,1.954265142e-06,5.776674229e-06,1.354285233e-05,1.79818628e-05,0.0005120988718
3707.0,1.881254831e-06,5.570778954e-06,1.332615064e-05,1.742480589e-05,0.0005295414689
3708.0,1.9173751e-06,5.557828186e-06,1.360292254e-05,1.758786502e-05,0.0005636639635
3709.0,2.027457678e-06,5.722533558e-06,1.403048666e-05,1.802320903e-05,0.0005919221194
3710.0,2.026230714e-06,5.856691443e-06,1.401382936e-05,1.809193894e-05,0.0005802582796
3711.0,1.93615388e-06,5.692846738e-06,1.357682261e-05,1.800512056e-05,0.0005477470454
3712.0,1.890444228e-06,5.527621845e-06,1.351332466e-05,1.817378757e-05,0.0005226512381
3713.0,1.960538316e-06,5.566101641e-06,1.367356715e-05,1.865467093e-05,0.0005205312397
3714.0,2.016340138e-06,5.718192707e-06,1.384503964e-05,1.877985217e-05,0.0005144021719
3715.0,1.962468962e-06,5.777459096e-06,1.357491992e-05,1.836402204e-05,0.0005179889621
3716.0,1.877691009e-06,5.588872467e-06,1.332570935e-05,1.766644413e-05,0.0005300063778
3717.0,1.90140066e-06,5.554004889e-06,1.355205626e-05,1.747232746e-05,0.0005685810378
3718.0,2.006974684e-06,5.679955728e-06,1.394356805e-05,1.767124969e-05,0.0005927316287
3719.0,2.01188788e-06,5.831182306e-06,1.39932187e-05,1.766433902e-05,0.0005845997742
3720.0,1.931196088e-06,5.697526052e-06,1.356783736e-05,1.744159416e-05,0.0005516371595
3721.0,1.879160105e-06,5.50815077e-06,1.344962802e-05,1.772107041e-05,0.0005274494372
3722.0,1.946005874e-06,5.555406664e-06,1.364417938e-05,1.836352605e-05,0.0005193847532
3723.0,2.018090588e-06,5.709772506e-06,1.386685822e-05,1.857804345e-05,0.0005186894725
3724.0,1.976964527e-06,5.780651789e-06,1.361953589e-05,1.839456921e-05,0.0005165008048
3725.0,1.885214943e-06,5.57723966e-06,1.332763091e-05,1.787652325e-05,0.0005309002313
3726.0,1.884099379e-06,5.510001944e-06,1.346397918e-05,1.776452954e-05,0.0005613699482
3727.0,1.993290037e-06,5.636472998e-06,1.384000882e-05,1.782898711e-05,0.0005935395101
3728.0,2.011235179e-06,5.805604884e-06,1.401223797e-05,1.778175021e-05,0.0005881532211
3729.0,1.926066946e-06,5.696907971e-06,1.358073754e-05,1.744459626e-05,0.0005589384375
3730.0,1.871052751e-06,5.488156206e-06,1.341014426e-05,1.747314461e-05,0.000529434303
3731.0,1.933545466e-06,5.520383184e-06,1.361565485e-05,1.803044748e-05,0.0005226163722
3732.0,2.014065402e-06,5.682646208e-06,1.390546272e-05,1.838816757e-05,0.0005166777625
3733.0,1.99107748e-06,5.778123496e-06,1.37334233e-05,1.815894587e-05,0.0005195520551
3734.0,1.906489222e-06,5.586140263e-06,1.341320725e-05,1.7862746e-05,0.0005276717939
3735.0,1.894112387e-06,5.504022215e-06,1.355250077e-05,1.79327911e-05,0.0005612749066
3736.0,1.996508602e-06,5.635983616e-06,1.388393942e-05,1.823842769e-05,0.0005931526593
3737.0,2.018955298e-06,5.801023464e-06,1.402315302e-05,1.829782817e-05,0.0005923862711
3738.0,1.940834089e-06,5.730915189e-06,1.362540484e-05,1.795939197e-05,0.000560604556
3739.0,1.865082345e-06,5.491827301e-06,1.337207949e-05,1.761140443e-05,0.0005318811678
3740.0,1.919991607e-06,5.501674668e-06,1.35533215e-05,1.779055847e-05,0.0005218255345
3741.0,2.005623523e-06,5.654742069e-06,1.386846083e-05,1.796210634e-05,0.0005217003307
3742.0,1.985511826e-06,5.783863798e-06,1.376889823e-05,1.770235381e-05,0.0005174889083
3743.0,1.90891448e-06,5.622860743e-06,1.34627409e-05,1.735456159e-05,0.0005292319318
3744.0,1.89059122e-06,5.519382322e-06,1.354828341e-05,1.754906858e-05,0.0005581574169
3745.0,1.988626811e-06,5.623531297e-06,1.388564677e-05,1.807936777e-05,0.0005926972735
3746.0,2.032154087e-06,5.788269712e-06,1.405170079e-05,1.835295018e-05,0.0005914494265
3747.0,1.954942631e-06,5.723619008e-06,1.363839438e-05,1.820956874e-05,0.0005647279522
3748.0,1.872311958e-06,5.496705469e-06,1.338459285e-05,1.789097669e-05,0.0005342152346
3749.0,1.902611683e-06,5.471357338e-06,1.350085944e-05,1.799472012e-05,0.000524226492
3750.0,1.995353436e-06,5.61357536e-06,1.380303584e-05,1.807952535e-05,0.0005186707593
3751.0,1.987407153e-06,5.776797871e-06,1.377373766e-05,1.780145733e-05,0.0005203097383
3752.0,1.902392442e-06,5.611817647e-06,1.339485715e-05,1.724577732e-05,0.0005261474507
3753.0,1.88398256e-06,5.496174596e-06,1.350509005e-05,1.728517545e-05,0.0005555965783
3754.0,1.98574116e-06,5.608719636e-06,1.388521139e-05,1.782485137e-05,0.0005901038672
3755.0,2.03660515e-06,5.778920717e-06,1.412395399e-05,1.807582875e-05,0.0005965712579
3756.0,1.977200577e-06,5.769264471e-06,1.379618183e-05,1.801394446e-05,0.0005698838195
3757.0,1.89018491e-06,5.523102088e-06,1.347398577e-05,1.799328461e-05,0.0005374709135
3758.0,1.908660295e-06,5.481753472e-06,1.3537184e-05,1.827830133e-05,0.0005226499606
3759.0,1.999813617e-06,5.594000394e-06,1.377502359e-05,1.856026575e-05,0.0005221325868
3760.0,1.989643142e-06,5.758866656e-06,1.376107436e-05,1.824995103e-05,0.0005191914023
3761.0,1.902400963e-06,5.639596999e-06,1.337180075e-05,1.753169664e-05,0.0005278314524
3762.0,1.872021894e-06,5.495475298e-06,1.343356999e-05,1.71969391e-05,0.0005521229869
3763.0,1.970038437e-06,5.57622269e-06,1.381944382e-05,1.754521303e-05,0.0005902643828
3764.0,2.036010851e-06,5.767487903e-06,1.413583223e-05,1.771419036e-05,0.0005989130562
3765.0,1.980360342e-06,5.775013319e-06,1.381106878e-05,1.755478123e-05,0.0005735983015
3766.0,1.895476838e-06,5.549564679e-06,1.349714595e-05,1.74699843e-05,0.000537084271
3767.0,1.905692948e-06,5.495799497e-06,1.356251182e-05,1.790436792e-05,0.000527510291
3768.0,1.999631674e-06,5.609630583e-06,1.376169899e-05,1.834702452e-05,0.0005229706772
3769.0,2.004254516e-06,5.754844263e-06,1.37797982e-05,1.826695302e-05,0.0005216893921
3770.0,1.917066378e-06,5.660196297e-06,1.338116679e-05,1.770848495e-05,0.0005230952707
3771.0,1.870377012e-06,5.496589184e-06,1.334391482e-05,1.730304557e-05,0.0005512806677
3772.0,1.950193022e-06,5.565197479e-06,1.369329928e-05,1.743402713e-05,0.0005870973856
3773.0,2.020897095e-06,5.742651227e-06,1.402900365e-05,1.754677484e-05,0.0005982156808
3774.0,1.973411438e-06,5.781859044e-06,1.375002289e-05,1.734454353e-05,0.0005720835791
3775.0,1.88552643e-06,5.550025089e-06,1.338483577e-05,1.719148839e-05,0.0005424873958
3776.0,1.890889142e-06,5.491150976e-06,1.349021223e-05,1.760556531e-05,0.000524532061
3777.0,1.992754733e-06,5.598099789e-06,1.373902722e-05,1.817775873e-05,0.0005222341148
3778.0,2.007275578e-06,5.753335942e-06,1.377902815e-05,1.809602882e-05,0.000516045206
3779.0,1.926616831e-06,5.664162044e-06,1.3369265e-05,1.770045897e-05,0.0005247790244
3780.0,1.871036451e-06,5.502695025e-06,1.332820702e-05,1.736130873e-05,0.0005451909609
3781.0,1.93613449e-06,5.536139391e-06,1.36078625e-05,1.75567427e-05,0.0005830126537
3782.0,2.015316067e-06,5.695803187e-06,1.393247197e-05,1.78232932e-05,0.000592482268
3783.0,1.976798895e-06,5.779542171e-06,1.371364101e-05,1.76242057e-05,0.0005753739058
3784.0,1.883185194e-06,5.55989446e-06,1.335016701e-05,1.729003499e-05,0.0005407342644
3785.0,1.874010438e-06,5.462528594e-06,1.338161987e-05,1.742169027e-05,0.0005224093138
3786.0,1.972158786e-06,5.549327944e-06,1.362387971e-05,1.787424941e-05,0.0005155709276
3787.0,2.004808514e-06,5.737623351e-06,1.376615851e-05,1.781171274e-05,0.0005200397324
3788.0,1.933855425e-06,5.679830601e-06,1.337311301e-05,1.742696469e-05,0.0005209369663
3789.0,1.868824131e-06,5.489306265e-06,1.328324048e-05,1.725761926e-05,0.0005398672135
3790.0,1.923776874e-06,5.512740188e-06,1.355989434e-05,1.748961057e-05,0.0005732638078
3791.0,2.010552268e-06,5.665824753e-06,1.387093197e-05,1.777950709e-05,0.0005940593802
3792.0,1.983993673e-06,5.778925548e-06,1.374331223e-05,1.765033307e-05,0.0005759649235
3793.0,1.887524338e-06,5.565658812e-06,1.332024392e-05,1.738887564e-05,0.000540620453
3794.0,1.868402325e-06,5.44607382e-06,1.331078253e-05,1.740191648e-05,0.0005179479083
3795.0,1.960266932e-06,5.527946964e-06,1.355189094e-05,1.776764086e-05,0.0005181470808
3796.0,1.995421062e-06,5.709734598e-06,1.371977093e-05,1.775070434e-05,0.0005124184918
3797.0,1.932665312e-06,5.695219052e-06,1.336238705e-05,1.729934149e-05,0.0005153312555
3798.0,1.865310117e-06,5.494917713e-06,1.320830921e-05,1.701645557e-05,0.0005289624925
3799.0,1.918464101e-06,5.515595656e-06,1.352432792e-05,1.738870164e-05,0.0005711565694
3800.0,2.013513417e-06,5.67527632e-06,1.387021393e-05,1.772609352e-05,0.0005897997888
3801.0,1.994230739e-06,5.787664526e-06,1.378586037e-05,1.769159486e-05,0.0005732347408
3802.0,1.901415657e-06,5.589676032e-06,1.337981504e-05,1.747351105e-05,0.0005365843621
3803.0,1.867535549e-06,5.445035405e-06,1.330073954e-05,1.758711368e-05,0.0005196994044
3804.0,1.952130908e-06,5.518745265e-06,1.349290404e-05,1.789789449e-05,0.0005140419132
3805.0,1.99923699e-06,5.695802751e-06,1.372129934e-05,1.795864382e-05,0.0005123472106
3806.0,1.940923195e-06,5.719076073e-06,1.339005716e-05,1.753593815e-05,0.0005093243393
3807.0,1.868283181e-06,5.514443581e-06,1.31672329e-05,1.707387024e-05,0.0005310363774
3808.0,1.899405195e-06,5.504589242e-06,1.340973702e-05,1.732487068e-05,0.0005652535558
3809.0,2.003344965e-06,5.649657139e-06,1.377944494e-05,1.765515444e-05,0.0005884649104
3810.0,1.996505451e-06,5.76663291e-06,1.372778774e-05,1.769238727e-05,0.0005705211346
3811.0,1.905506815e-06,5.593105338e-06,1.331366847e-05,1.749624803e-05,0.0005409126171
3812.0,1.859277383e-06,5.433656532e-06,1.323366147e-05,1.754493666e-05,0.0005157437357
3813.0,1.944268541e-06,5.516296193e-06,1.347038578e-05,1.788155019e-05,0.0005106000196
3814.0,1.998372339e-06,5.683855948e-06,1.369977658e-05,1.80774037e-05,0.0005038272065
3815.0,1.95064188e-06,5.726130036e-06,1.338389117e-05,1.767611609e-05,0.0005099534948
3816.0,1.872003103e-06,5.531720321e-06,1.316994113e-05,1.719549757e-05,0.0005227687562
3817.0,1.900807681e-06,5.515740416e-06,1.34189957e-05,1.735418192e-05,0.0005569691158
3818.0,2.00320389e-06,5.648786491e-06,1.37707241e-05,1.776631666e-05,0.0005782688807
3819.0,2.008255868e-06,5.79858289e-06,1.380112346e-05,1.778418313e-05,0.0005743024804
3820.0,1.922250701e-06,5.63679879e-06,1.338083926e-05,1.756130704e-05,0.0005409534761
3821.0,1.866764878e-06,5.45150301e-06,1.323598829e-05,1.757069972e-05,0.0005145544727
3822.0,1.934362739e-06,5.493453146e-06,1.340391489e-05,1.796220723e-05,0.0005054423406
3823.0,1.997942954e-06,5.663605283e-06,1.364865596e-05,1.807743177e-05,0.0005080346725
3824.0,1.960412803e-06,5.744967799e-06,1.342430151e-05,1.779787914e-05,0.0005054231088
3825.0,1.879145726e-06,5.552387266e-06,1.314665924e-05,1.724603114e-05,0.0005179970152
3826.0,1.892193732e-06,5.496608391e-06,1.333336163e-05,1.73085127e-05,0.0005466029222
3827.0,2.000355365e-06,5.627887606e-06,1.371546028e-05,1.774870089e-05,0.00057949829
3828.0,2.014025233e-06,5.793099043e-06,1.380786705e-05,1.783403276e-05,0.0005722791007
3829.0,1.934034864e-06,5.691625547e-06,1.341568684e-05,1.750004746e-05,0.0005413803526
3830.0,1.870080835e-06,5.468075566e-06,1.322311488e-05,1.752426844e-05,0.000510345676
3831.0,1.925954256e-06,5.488132265e-06,1.336300766e-05,1.799156834e-05,0.0005082283068
3832.0,1.999247143e-06,5.653952991e-06,1.361009311e-05,1.817143739e-05,0.0005033860256
3833.0,1.969131133e-06,5.757927333e-06,1.342663338e-05,1.791888125e-05,0.0005032950392
3834.0,1.87785146e-06,5.556711731e-06,1.312031966e-05,1.741686687e-05,0.0005089619706
3835.0,1.87455361e-06,5.483242707e-06,1.324313578e-05,1.729627335e-05,0.0005451816037
3836.0,1.987379948e-06,5.618312522e-06,1.365155651e-05,1.75665697e-05,0.0005749422144
3837.0,2.013587258e-06,5.776771728e-06,1.381884809e-05,1.771475612e-05,0.0005700101445
3838.0,1.934389541e-06,5.68651149e-06,1.337549589e-05,1.750713427e-05,0.0005377819915
3839.0,1.867244391e-06,5.46326809e-06,1.316387446e-05,1.742740445e-05,0.0005150728747
3840.0,1.916618618e-06,5.48849241e-06,1.332647051e-05,1.788141383e-05,0.0005063163859
3841.0,1.997326751e-06,5.633787621e-06,1.358728507e-05,1.826754395e-05,0.0005029473809
3842.0,1.977066424e-06,5.746045451e-06,1.344508377e-05,1.801258791e-05,0.0004988490797
3843.0,1.892037051e-06,5.574143451e-06,1.313010812e-05,1.749852086e-05,0.00051257654
3844.0,1.879445416e-06,5.489769123e-06,1.328406741e-05,1.744888286e-05,0.0005387651515
3845.0,1.980922136e-06,5.621549971e-06,1.364967626e-05,1.774629601e-05,0.0005688233424
3846.0,2.010560893e-06,5.770742978e-06,1.37894277e-05,1.778762639e-05,0.0005659930356
3847.0,1.938399791e-06,5.694894494e-06,1.337222473e-05,1.76115199e-05,0.0005429578702
3848.0,1.862094813e-06,5.468577921e-06,1.313073242e-05,1.756021145e-05,0.0005136699281
3849.0,1.906505381e-06,5.468189473e-06,1.329533974e-05,1.780844545e-05,0.0005044475951
3850.0,1.996021572e-06,5.602804281e-06,1.35633734e-05,1.81526819e-05,0.0004968625352
3851.0,1.982601232e-06,5.748424394e-06,1.348394838e-05,1.797882004e-05,0.0005011845545
3852.0,1.902296418e-06,5.614302557e-06,1.31696455e-05,1.739931485e-05,0.0005052791833
3853.0,1.881552113e-06,5.494235947e-06,1.328726124e-05,1.731243614e-05,0.0005322422617
3854.0,1.976810967e-06,5.591149771e-06,1.360034607e-05,1.772183122e-05,0.0005609958235
3855.0,2.021099197e-06,5.767491188e-06,1.380497311e-05,1.790713957e-05,0.0005684643293
3856.0,1.953340472e-06,5.747627696e-06,1.345519084e-05,1.776386931e-05,0.0005419648872
3857.0,1.86770625e-06,5.49912254e-06,1.31546365e-05,1.767254567e-05,0.0005123425733
3858.0,1.899098268e-06,5.466643138e-06,1.327988565e-05,1.784703207e-05,0.0005001412135
3859.0,1.992503604e-06,5.58812416e-06,1.35347825e-05,1.814451235e-05,0.0005009913645
3860.0,1.986943456e-06,5.753435424e-06,1.351951531e-05,1.793565409e-05,0.0004972207162
3861.0,1.904192453e-06,5.630183783e-06,1.316698156e-05,1.741104986e-05,0.0005028614698
3862.0,1.882689726e-06,5.503775789e-06,1.325328003e-05,1.735090112e-05,0.0005247591399
3863.0,1.979197546e-06,5.598032033e-06,1.364476053e-05,1.779135135e-05,0.0005631552554
3864.0,2.030467367e-06,5.762208161e-06,1.386982179e-05,1.814723549e-05,0.0005683614465
3865.0,1.969479302e-06,5.775382391e-06,1.355226816e-05,1.792932139e-05,0.0005429719514
3866.0,1.881276277e-06,5.536122849e-06,1.323243883e-05,1.786465784e-05,0.000511040291
3867.0,1.894645863e-06,5.492097147e-06,1.329930277e-05,1.811765679e-05,0.0005028712073
3868.0,1.998247384e-06,5.622446499e-06,1.35789931e-05,1.843332112e-05,0.0005008125351
3869.0,2.007607816e-06,5.798440144e-06,1.365301391e-05,1.832461354e-05,0.0004996951333
3870.0,1.916039024e-06,5.676489026e-06,1.322557352e-05,1.780014714e-05,0.0005014685662
3871.0,1.874040349e-06,5.515007913e-06,1.320879343e-05,1.748934198e-05,0.0005292105528
3872.0,1.964553189e-06,5.597012773e-06,1.359572837e-05,1.784872652e-05,0.0005639382549
3873.0,2.034768535e-06,5.764917981e-06,1.392929029e-05,1.818521585e-05,0.0005718639463
3874.0,1.990183624e-06,5.816803404e-06,1.368993605e-05,1.806688319e-05,0.0005468323823
3875.0,1.892311959e-06,5.56514966e-06,1.329206744e-05,1.777724495e-05,0.0005193921904
3876.0,1.89195651e-06,5.502601651e-06,1.333408268e-05,1.810863881e-05,0.0005047244237
3877.0,1.989903834e-06,5.619015331e-06,1.356454891e-05,1.853057872e-05,0.000502542141
3878.0,2.011418531e-06,5.798045404e-06,1.367793218e-05,1.852759891e-05,0.0004979751749
3879.0,1.931042222e-06,5.690763671e-06,1.325608183e-05,1.801366576e-05,0.000507063353
3880.0,1.881723251e-06,5.536117419e-06,1.324332638e-05,1.774069832e-05,0.0005262244531
3881.0,1.954411718e-06,5.594466143e-06,1.358142474e-05,1.797871965e-05,0.0005637650544
3882.0,2.032892035e-06,5.767177944e-06,1.393158352e-05,1.827290758e-05,0.0005728051454
3883.0,1.990449743e-06,5.828079072e-06,1.368071197e-05,1.811806488e-05,0.0005564291312
3884.0,1.899962576e-06,5.599794054e-06,1.333463705e-05,1.788593178e-05,0.0005236245485
3885.0,1.88922186e-06,5.506928462e-06,1.33438492e-05,1.802110242e-05,0.0005073384143
3886.0,1.984659337e-06,5.612348649e-06,1.355624659e-05,1.850716498e-05,0.000502522995
3887.0,2.00631662e-06,5.780725616e-06,1.364819578e-05,1.848654805e-05,0.0005032536926
3888.0,1.932882755e-06,5.727260444e-06,1.32957324e-05,1.798139016e-05,0.0005056772686
3889.0,1.875177952e-06,5.53052399e-06,1.321019647e-05,1.773392687e-05,0.0005271437178
3890.0,1.943898353e-06,5.573116502e-06,1.353787099e-05,1.790435881e-05,0.0005590574344
3891.0,2.024510908e-06,5.730791045e-06,1.38567278e-05,1.811653894e-05,0.0005759090754
3892.0,1.996390313e-06,5.840158024e-06,1.373526664e-05,1.801382759e-05,0.0005584082832
3893.0,1.898522904e-06,5.619133461e-06,1.332093667e-05,1.777145459e-05,0.0005264332054
3894.0,1.877639794e-06,5.492366761e-06,1.329086723e-05,1.79209306e-05,0.0005065497898
3895.0,1.976843783e-06,5.595031075e-06,1.354068909e-05,1.839583215e-05,0.0005060421207
3896.0,2.010345476e-06,5.767111169e-06,1.369298364e-05,1.848179311e-05,0.0005029827577
3897.0,1.943862716e-06,5.74843108e-06,1.337187308e-05,1.799430318e-05,0.0005071347366
3898.0,1.874042789e-06,5.537513751e-06,1.322019744e-05,1.762883876e-05,0.0005215452568
3899.0,1.925378228e-06,5.55826402e-06,1.348408393e-05,1.783777541e-05,0.000558967464
3900.0,2.017192078e-06,5.707451078e-06,1.382953563e-05,1.812596202e-05,0.0005765681635
3901.0,1.995044171e-06,5.82100742e-06,1.374043804e-05,1.803142481e-05,0.0005614512408
3902.0,1.900428781e-06,5.616813734e-06,1.332207911e-05,1.772481704e-05,0.0005269856508
3903.0,1.874037529e-06,5.488309247e-06,1.327008486e-05,1.78815763e-05,0.0005086423271
3904.0,1.969227943e-06,5.579810197e-06,1.354608522e-05,1.827517184e-05,0.0005047894736
3905.0,2.012457684e-06,5.748144499e-06,1.374934546e-05,1.834575186e-05,0.0005051289184
3906.0,1.954771736e-06,5.77129363e-06,1.343910305e-05,1.803026629e-05,0.0005040716296
3907.0,1.883135395e-06,5.571885497e-06,1.327193221e-05,1.762021775e-05,0.0005226110297
3908.0,1.92172117e-06,5.563912698e-06,1.354563518e-05,1.783405665e-05,0.0005568889162
3909.0,2.018828115e-06,5.704751235e-06,1.384910227e-05,1.81891518e-05,0.0005783436893
3910.0,2.003987787e-06,5.825578197e-06,1.378419816e-05,1.812311453e-05,0.0005645404611
3911.0,1.909355299e-06,5.643882493e-06,1.336295509e-05,1.786353021e-05,0.0005342234363
3912.0,1.870485714e-06,5.487509341e-06,1.32796065e-05,1.790724936e-05,0.0005104832025
3913.0,1.956293357e-06,5.551701614e-06,1.350485951e-05,1.828531875e-05,0.0005083793461
3914.0,2.012258571e-06,5.738067281e-06,1.377498689e-05,1.838304288e-05,0.000503214174
3915.0,1.961304104e-06,5.779619555e-06,1.347681038e-05,1.797628186e-05,0.0005068875992
3916.0,1.88859753e-06,5.600096467e-06,1.331146009e-05,1.749105558e-05,0.0005195732385
3917.0,1.914786039e-06,5.566634975e-06,1.353171536e-05,1.775363683e-05,0.0005582743891
3918.0,2.018436872e-06,5.704350158e-06,1.388654093e-05,1.823889692e-05,0.0005791326227
3919.0,2.015497988e-06,5.842899965e-06,1.38643729e-05,1.829431138e-05,0.000569264619
3920.0,1.92395878e-06,5.680081907e-06,1.343860562e-05,1.809830221e-05,0.0005365073663
3921.0,1.872135764e-06,5.501094909e-06,1.332707692e-05,1.809855683e-05,0.0005138059096
3922.0,1.948859454e-06,5.557672472e-06,1.351597229e-05,1.837283756e-05,0.0005073489422
3923.0,2.012992271e-06,5.73125511e-06,1.379354201e-05,1.847141295e-05,0.0005083457447
3924.0,1.972020143e-06,5.811620801e-06,1.358134613e-05,1.813247988e-05,0.0005070408549
3925.0,1.891074069e-06,5.614511265e-06,1.331928619e-05,1.758924177e-05,0.0005235495919
3926.0,1.91329793e-06,5.582940833e-06,1.355044486e-05,1.769110881e-05,0.0005544987599
3927.0,2.015537653e-06,5.699408683e-06,1.391088506e-05,1.81537045e-05,0.0005828597453
3928.0,2.033175116e-06,5.868815437e-06,1.401425049e-05,1.82075153e-05,0.0005732157822
3929.0,1.94250457e-06,5.725581408e-06,1.355612509e-05,1.801509163e-05,0.0005448114773
3930.0,1.881578547e-06,5.53420961e-06,1.338912344e-05,1.808191811e-05,0.0005169873865
3931.0,1.942366831e-06,5.565229579e-06,1.354162359e-05,1.850596308e-05,0.0005125300306
3932.0,2.013385499e-06,5.71969218e-06,1.375311862e-05,1.866152339e-05,0.0005069598048
3933.0,1.974616726e-06,5.802271154e-06,1.353164149e-05,1.842997689e-05,0.0005091772642
3934.0,1.890458967e-06,5.608709141e-06,1.329706447e-05,1.789383917e-05,0.0005180173148
3935.0,1.899335766e-06,5.543509592e-06,1.345904854e-05,1.780610157e-05,0.0005558469463
3936.0,2.009496116e-06,5.678463963e-06,1.386463456e-05,1.805575847e-05,0.0005819610293
3937.0,2.027899673e-06,5.846247857e-06,1.402725064e-05,1.812663659e-05,0.0005769705401
3938.0,1.946092884e-06,5.733852395e-06,1.359202442e-05,1.783007364e-05,0.0005453976145
3939.0,1.883270331e-06,5.533971602e-06,1.340885368e-05,1.781530139e-05,0.0005191734451
3940.0,1.935307219e-06,5.555036423e-06,1.359367386e-05,1.832926679e-05,0.0005094858944
3941.0,2.016077299e-06,5.719769369e-06,1.382442808e-05,1.868928633e-05,0.0005098608234
3942.0,1.99422711e-06,5.841457478e-06,1.365152792e-05,1.845379412e-05,0.0005074035649
3943.0,1.90886176e-06,5.641322405e-06,1.33488373e-05,1.809204593e-05,0.0005200919366
3944.0,1.896750169e-06,5.544803827e-06,1.350144134e-05,1.81333276e-05,0.0005502517168
3945.0,2.002789054e-06,5.653623179e-06,1.38241422e-05,1.837934801e-05,0.0005839758455
3946.0,2.032537072e-06,5.830659519e-06,1.401517699e-05,1.852394986e-05,0.0005810463285
3947.0,1.947443982e-06,5.744872128e-06,1.360335128e-05,1.814579741e-05,0.0005513832139
3948.0,1.875197987e-06,5.525299793e-06,1.335771632e-05,1.785201244e-05,0.0005206305904
3949.0,1.925210339e-06,5.526937751e-06,1.351546901e-05,1.814851447e-05,0.000514789599
3950.0,2.010835458e-06,5.678782781e-06,1.382256367e-05,1.840614239e-05,0.0005088890841
3951.0,1.990146461e-06,5.805241323e-06,1.368096496e-05,1.810062081e-05,0.0005116055445
3952.0,1.908887177e-06,5.659016192e-06,1.334184042e-05,1.764619686e-05,0.0005178900215
3953.0,1.89116185e-06,5.549374959e-06,1.350483092e-05,1.786519286e-05,0.0005515958437
3954.0,1.992695939e-06,5.663092592e-06,1.387423095e-05,1.835783502e-05,0.0005844194884
3955.0,2.032337627e-06,5.829416219e-06,1.401175198e-05,1.851381638e-05,0.0005861946812
3956.0,1.959188702e-06,5.775872754e-06,1.360935921e-05,1.836104899e-05,0.000557616417
3957.0,1.872869157e-06,5.529945249e-06,1.337596813e-05,1.820563324e-05,0.0005292660238
3958.0,1.909041296e-06,5.498449789e-06,1.347426072e-05,1.830468224e-05,0.0005158937528
3959.0,2.002356563e-06,5.634165359e-06,1.379065203e-05,1.835099005e-05,0.0005156080628
3960.0,1.989563866e-06,5.789223139e-06,1.376322148e-05,1.806733938e-05,0.0005124855248
3961.0,1.901509078e-06,5.651713703e-06,1.336366441e-05,1.742173726e-05,0.0005232461169
3962.0,1.878514379e-06,5.541384564e-06,1.340676374e-05,1.735368389e-05,0.0005499360539
3963.0,1.980143819e-06,5.639870377e-06,1.383112873e-05,1.804886273e-05,0.0005871393336
3964.0,2.02956358e-06,5.80534146e-06,1.405495432e-05,1.83666041e-05,0.0005895977174
3965.0,1.971979465e-06,5.788039964e-06,1.370554676e-05,1.825591051e-05,0.0005637149218
3966.0,1.881769588e-06,5.523624597e-06,1.339703372e-05,1.820119206e-05,0.0005303790807
3967.0,1.901917415e-06,5.480582948e-06,1.35236357e-05,1.85873473e-05,0.0005204188272
3968.0,1.995267056e-06,5.610487022e-06,1.375249708e-05,1.881501374e-05,0.0005157801327
3969.0,1.995286147e-06,5.777006267e-06,1.37734839e-05,1.850060257e-05,0.0005174939109
3970.0,1.907001433e-06,5.656401634e-06,1.339738307e-05,1.786143092e-05,0.0005216570449
3971.0,1.874146074e-06,5.52018992e-06,1.341742322e-05,1.741665592e-05,0.0005514549021
3972.0,1.972108959e-06,5.620054991e-06,1.380310048e-05,1.76281579e-05,0.0005873045609
3973.0,2.032473626e-06,5.782498517e-06,1.411492909e-05,1.784787059e-05,0.0005961438127
3974.0,1.977370506e-06,5.792931875e-06,1.378339194e-05,1.768741312e-05,0.0005683465381
3975.0,1.89017177e-06,5.552425123e-06,1.343931881e-05,1.767837875e-05,0.0005364618751
3976.0,1.897976212e-06,5.484224138e-06,1.353409084e-05,1.823820319e-05,0.0005204000558
3977.0,1.999679119e-06,5.609619725e-06,1.378923718e-05,1.87834329e-05,0.0005204752654
3978.0,2.007648133e-06,5.775609023e-06,1.382568799e-05,1.86357159e-05,0.0005167117533
3979.0,1.923862048e-06,5.674377459e-06,1.342061114e-05,1.809883484e-05,0.000526110602
3980.0,1.868472473e-06,5.50232165e-06,1.340112486e-05,1.766333776e-05,0.0005484881943
3981.0,1.952530979e-06,5.569037365e-06,1.373159902e-05,1.770538284e-05,0.000588267631
3982.0,2.02155408e-06,5.736074177e-06,1.408366263e-05,1.771742216e-05,0.0005978457523
3983.0,1.972811278e-06,5.78238126e-06,1.379553118e-05,1.741848008e-05,0.000575561288
3984.0,1.888568636e-06,5.565926506e-06,1.345536322e-05,1.730489881e-05,0.0005394473527
3985.0,1.889199787e-06,5.486583225e-06,1.350941711e-05,1.780173113e-05,0.0005257275986
3986.0,1.996640936e-06,5.615456324e-06,1.382594429e-05,1.841667664e-05,0.0005196502969
3987.0,2.021332904e-06,5.776727069e-06,1.391061631e-05,1.847751948e-05,0.0005204553441
3988.0,1.945256445e-06,5.697563937e-06,1.352666811e-05,1.805020539e-05,0.0005237423238
3989.0,1.881457273e-06,5.508267792e-06,1.341665177e-05,1.780203371e-05,0.0005483197175
3990.0,1.944264421e-06,5.557435591e-06,1.373181021e-05,1.793037472e-05,0.0005834992162
3991.0,2.024156051e-06,5.734821658e-06,1.406297417e-05,1.805455711e-05,0.0006001620107
3992.0,1.983742113e-06,5.799198838e-06,1.383847021e-05,1.786142741e-05,0.0005793536887
3993.0,1.886585267e-06,5.573942432e-06,1.345333406e-05,1.745234437e-05,0.0005453696129
3994.0,1.878790067e-06,5.477057417e-06,1.346476979e-05,1.753299357e-05,0.0005254099334
3995.0,1.987780608e-06,5.603701255e-06,1.379202872e-05,1.791434128e-05,0.000524657608
3996.0,2.016631297e-06,5.766793584e-06,1.393753467e-05,1.79882776e-05,0.0005200393923
3997.0,1.957869391e-06,5.731719975e-06,1.361960625e-05,1.753868239e-05,0.000526740897
3998.0,1.891687222e-06,5.528780776e-06,1.348448083e-05,1.734190933e-05,0.0005437935824
3999.0,1.940312926e-06,5.552234609e-06,1.372146305e-05,1.77914946e-05,0.0005860458358
4000.0,2.022477004e-06,5.713128163e-06,1.399773516e-05,1.816701611e-05,0.0006006337627
4001.0,1.995099659e-06,5.814306711e-06,1.385554689e-05,1.811431377e-05,0.0005818921074
4002.0,1.896693512e-06,5.586255062e-06,1.342969647e-05,1.784015422e-05,0.0005455562287
4003.0,1.874961122e-06,5.467561651e-06,1.341121255e-05,1.778148072e-05,0.0005284817816
4004.0,1.971211111e-06,5.565471812e-06,1.368970027e-05,1.786975272e-05,0.0005214269406
4005.0,2.004973572e-06,5.735253242e-06,1.389083495e-05,1.783616084e-05,0.0005211113728
4006.0,1.945065665e-06,5.738661679e-06,1.355407826e-05,1.733236277e-05,0.0005208503264
4007.0,1.878331992e-06,5.533854175e-06,1.338340624e-05,1.699111814e-05,0.0005432227881
4008.0,1.927870161e-06,5.549014968e-06,1.367068895e-05,1.744345452e-05,0.0005807529505
4009.0,2.020172112e-06,5.68647142e-06,1.398470833e-05,1.794271606e-05,0.0006012965098
4010.0,2.004779356e-06,5.795707323e-06,1.388172382e-05,1.799688518e-05,0.0005824970203
4011.0,1.914350201e-06,5.618466104e-06,1.348866716e-05,1.778821914e-05,0.000551819031
4012.0,1.873253092e-06,5.468398933e-06,1.341047401e-05,1.783013296e-05,0.0005258904063
4013.0,1.958813802e-06,5.537446425e-06,1.360744242e-05,1.809770415e-05,0.0005220920725
4014.0,2.004706449e-06,5.710229752e-06,1.381220992e-05,1.808609062e-05,0.0005143487196
4015.0,1.942554845e-06,5.723050144e-06,1.347348895e-05,1.765862831e-05,0.000520988553
4016.0,1.867403102e-06,5.525575137e-06,1.329057207e-05,1.714511895e-05,0.0005364969175
4017.0,1.907184291e-06,5.52184614e-06,1.356267954e-05,1.728843748e-05,0.0005746620341
4018.0,2.011852303e-06,5.652834348e-06,1.392809856e-05,1.768060079e-05,0.000594535344
4019.0,2.008166615e-06,5.780103165e-06,1.390003735e-05,1.766528638e-05,0.0005864578204
4020.0,1.91827333e-06,5.623968685e-06,1.348128985e-05,1.750672e-05,0.0005539924957
4021.0,1.872766749e-06,5.451958158e-06,1.338343296e-05,1.760675704e-05,0.0005287121233
4022.0,1.956916516e-06,5.523165524e-06,1.361443814e-05,1.811185935e-05,0.0005187405888
4023.0,2.006249564e-06,5.679823068e-06,1.377337112e-05,1.82208642e-05,0.000520524954
4024.0,1.959909009e-06,5.753696797e-06,1.350135243e-05,1.781749799e-05,0.000519993518
4025.0,1.877786966e-06,5.548272179e-06,1.329727483e-05,1.738468381e-05,0.0005361243369
4026.0,1.901315153e-06,5.514810576e-06,1.353045672e-05,1.741746859e-05,0.00056734686
4027.0,2.005869237e-06,5.649713094e-06,1.387206007e-05,1.762688043e-05,0.0005962690598
4028.0,2.011134085e-06,5.799895642e-06,1.391848725e-05,1.770153861e-05,0.0005874093219
4029.0,1.923365083e-06,5.643548286e-06,1.349541572e-05,1.753778481e-05,0.0005542565015
4030.0,1.86757803e-06,5.449432679e-06,1.331092506e-05,1.754344311e-05,0.0005254797904
4031.0,1.940327928e-06,5.491560349e-06,1.349050642e-05,1.800952029e-05,0.0005227616816
4032.0,2.003098287e-06,5.659655002e-06,1.374934829e-05,1.822010868e-05,0.0005177298556
4033.0,1.968848789e-06,5.745057567e-06,1.353203864e-05,1.775897841e-05,0.0005199579453
4034.0,1.886548364e-06,5.560470362e-06,1.32775095e-05,1.724435208e-05,0.0005278311522
4035.0,1.898571172e-06,5.516042482e-06,1.349649637e-05,1.736880713e-05,0.0005676651688
4036.0,2.002174704e-06,5.646931901e-06,1.3867479e-05,1.771595815e-05,0.0005943440046
4037.0,2.012154249e-06,5.802763545e-06,1.391272956e-05,1.770708382e-05,0.0005877933248
4038.0,1.925947697e-06,5.676041893e-06,1.348005689e-05,1.757462071e-05,0.0005511834192
4039.0,1.86261144e-06,5.468072226e-06,1.329982157e-05,1.750864712e-05,0.0005294608247
4040.0,1.923203122e-06,5.484977823e-06,1.34217346e-05,1.782119901e-05,0.000521195892
4041.0,1.998670549e-06,5.631836654e-06,1.368814442e-05,1.797263905e-05,0.000517689872
4042.0,1.974587552e-06,5.746159737e-06,1.356572515e-05,1.769722002e-05,0.0005133649764
4043.0,1.887730337e-06,5.558835816e-06,1.324152835e-05,1.712388013e-05,0.0005303383875
4044.0,1.888909506e-06,5.497296213e-06,1.341238662e-05,1.716895553e-05,0.0005622118266
4045.0,1.99493239e-06,5.625761755e-06,1.380792216e-05,1.762133352e-05,0.0005939327058
4046.0,2.018545625e-06,5.781480753e-06,1.392855258e-05,1.771086512e-05,0.0005848581715
4047.0,1.942171142e-06,5.700773826e-06,1.350602798e-05,1.7479816e-05,0.0005585156372
4048.0,1.869984856e-06,5.475675244e-06,1.329253779e-05,1.749816986e-05,0.0005286302664
4049.0,1.915950347e-06,5.492872691e-06,1.343302859e-05,1.779320937e-05,0.0005215345871
4050.0,2.000068488e-06,5.629210301e-06,1.366630253e-05,1.805865774e-05,0.0005115953833
4051.0,1.9765116e-06,5.729763206e-06,1.34967461e-05,1.778375879e-05,0.0005171077469
4052.0,1.888274753e-06,5.554904164e-06,1.319581978e-05,1.729821034e-05,0.0005241951938
4053.0,1.880791057e-06,5.465438153e-06,1.332998555e-05,1.712884196e-05,0.0005561559592
4054.0,1.984329088e-06,5.582703841e-06,1.369581073e-05,1.751195769e-05,0.0005828982571
4055.0,2.016668142e-06,5.764113438e-06,1.389191046e-05,1.766960138e-05,0.0005867741035
4056.0,1.947348768e-06,5.717601081e-06,1.352675686e-05,1.741715241e-05,0.000557386485
4057.0,1.873096032e-06,5.488297693e-06,1.326188255e-05,1.736501481e-05,0.0005271594148
4058.0,1.912500228e-06,5.478747143e-06,1.340063809e-05,1.777373428e-05,0.0005115931916
4059.0,1.998629142e-06,5.625661086e-06,1.364989714e-05,1.797744048e-05,0.0005130697935
4060.0,1.984451517e-06,5.755926318e-06,1.354630988e-05,1.78083807e-05,0.0005101539055
4061.0,1.895342448e-06,5.58441877e-06,1.318416778e-05,1.735126554e-05,0.0005185511722
4062.0,1.873950505e-06,5.470294792e-06,1.328585596e-05,1.723772233e-05,0.0005417375757
4063.0,1.971259442e-06,5.557504964e-06,1.35947405e-05,1.756132626e-05,0.0005810240947
4064.0,2.020770241e-06,5.740070211e-06,1.38601217e-05,1.778556918e-05,0.000582665057
4065.0,1.951333006e-06,5.727318607e-06,1.349677313e-05,1.759770907e-05,0.0005541388771
4066.0,1.870076142e-06,5.488593659e-06,1.320991576e-05,1.734317768e-05,0.00051821286
4067.0,1.901619767e-06,5.467792903e-06,1.333163287e-05,1.766243959e-05,0.0005144111786
4068.0,1.994859344e-06,5.614200844e-06,1.362408481e-05,1.805063919e-05,0.0005084260073
4069.0,1.986819879e-06,5.762585251e-06,1.357643447e-05,1.785218784e-05,0.000509015673
4070.0,1.904545258e-06,5.631073949e-06,1.31976524e-05,1.731294988e-05,0.0005093194546
4071.0,1.873758141e-06,5.49040147e-06,1.324139483e-05,1.723560851e-05,0.0005401145906
4072.0,1.963259383e-06,5.582203657e-06,1.359754902e-05,1.755567995e-05,0.0005727061526
4073.0,2.01971787e-06,5.744911685e-06,1.385015323e-05,1.777117443e-05,0.0005765838198
4074.0,1.961738563e-06,5.747256938e-06,1.35028326e-05,1.763299314e-05,0.000548321532
4075.0,1.872535403e-06,5.505436142e-06,1.31785178e-05,1.747510189e-05,0.0005215357123
4076.0,1.896212316e-06,5.477617311e-06,1.334131871e-05,1.767236522e-05,0.0005094702965
4077.0,1.991972857e-06,5.594844051e-06,1.358935579e-05,1.803120888e-05,0.0005047877735
4078.0,1.994118506e-06,5.766791473e-06,1.361083025e-05,1.791614042e-05,0.0004985769985
4079.0,1.915930616e-06,5.656466194e-06,1.323996047e-05,1.734550678e-05,0.0005107294809
4080.0,1.875816758e-06,5.503825603e-06,1.324929385e-05,1.719424491e-05,0.00053261837
4081.0,1.959101372e-06,5.580899509e-06,1.358865914e-05,1.766180297e-05,0.0005676080068
4082.0,2.021233458e-06,5.736536238e-06,1.382779544e-05,1.785872446e-05,0.0005733014876
4083.0,1.974541621e-06,5.766931711e-06,1.355356338e-05,1.77454267e-05,0.0005544216253
4084.0,1.88223971e-06,5.530763414e-06,1.319745344e-05,1.755211967e-05,0.0005210840502
4085.0,1.884164913e-06,5.471979996e-06,1.326123939e-05,1.783064363e-05,0.0005067182933
4086.0,1.986100992e-06,5.586089738e-06,1.352472151e-05,1.813093133e-05,0.0004994614476
4087.0,1.997441155e-06,5.749318377e-06,1.361119406e-05,1.80233124e-05,0.0005020764815
4088.0,1.922714301e-06,5.692695352e-06,1.326559681e-05,1.738286978e-05,0.0005062872914
4089.0,1.871787458e-06,5.508513886e-06,1.321871747e-05,1.711984455e-05,0.0005283119446
4090.0,1.952028921e-06,5.568236855e-06,1.355265709e-05,1.74914095e-05,0.0005618092488
4091.0,2.022565371e-06,5.727390589e-06,1.383004138e-05,1.779169909e-05,0.0005759003504
4092.0,1.984729669e-06,5.789893234e-06,1.362087907e-05,1.773611243e-05,0.0005541176569
4093.0,1.892000198e-06,5.555166931e-06,1.324671918e-05,1.754756403e-05,0.000521104803
4094.0,1.883389981e-06,5.455498603e-06,1.325510624e-05,1.777962827e-05,0.0005018102681
4095.0,1.979970767e-06,5.564121908e-06,1.347335448e-05,1.810199114e-05,0.0005036935753
4096.0,2.000284703e-06,5.737543762e-06,1.357634394e-05,1.808224861e-05,0.000499262712
4097.0,1.931388559e-06,5.692304428e-06,1.324506659e-05,1.774229874e-05,0.0005025519287
4098.0,1.8735962e-06,5.509412431e-06,1.318517743e-05,1.73479363e-05,0.0005175976269
4099.0,1.941714514e-06,5.545089756e-06,1.348315413e-05,1.760471774e-05,0.0005592776608
4100.0,2.018925237e-06,5.690149983e-06,1.380201429e-05,1.782779289e-05,0.0005732670731
4101.0,1.989860536e-06,5.792562061e-06,1.367206042e-05,1.773073374e-05,0.0005531407155
4102.0,1.902385709e-06,5.590055549e-06,1.328799336e-05,1.751673816e-05,0.0005171566956
4103.0,1.884155584e-06,5.475556663e-06,1.326710918e-05,1.765350551e-05,0.0005052239808
4104.0,1.979564784e-06,5.579040425e-06,1.351933892e-05,1.820763508e-05,0.0005011767654
4105.0,2.0133276e-06,5.749675565e-06,1.366744271e-05,1.823589864e-05,0.0004997096616
4106.0,1.94789078e-06,5.735538098e-06,1.330886515e-05,1.773727358e-05,0.000496976495
4107.0,1.877144155e-06,5.526483551e-06,1.316252112e-05,1.747376674e-05,0.0005202555031
4108.0,1.928328095e-06,5.541428804e-06,1.345709978e-05,1.76377195e-05,0.0005545237687
4109.0,2.027361873e-06,5.708326554e-06,1.381801638e-05,1.799783931e-05,0.0005712268561
4110.0,2.005095458e-06,5.822953595e-06,1.373862266e-05,1.795804177e-05,0.0005527814805
4111.0,1.910067226e-06,5.621319737e-06,1.332541073e-05,1.763271087e-05,0.0005245920364
4112.0,1.879837071e-06,5.485771782e-06,1.325266514e-05,1.769696607e-05,0.0005041591097
4113.0,1.96946567e-06,5.560556197e-06,1.346786552e-05,1.81835182e-05,0.0005013192569
4114.0,2.012033785e-06,5.736496323e-06,1.367670903e-05,1.823714773e-05,0.0004941893767
4115.0,1.954321118e-06,5.754881431e-06,1.33302428e-05,1.778694514e-05,0.0005016034406
4116.0,1.879774794e-06,5.546631373e-06,1.315220621e-05,1.73692077e-05,0.0005163394573
4117.0,1.921475142e-06,5.546937745e-06,1.344902715e-05,1.764603027e-05,0.0005523100091
4118.0,2.014564082e-06,5.686621957e-06,1.376456715e-05,1.79333293e-05,0.0005691217865
4119.0,2.004939504e-06,5.834038131e-06,1.370297772e-05,1.798485307e-05,0.0005598993968
4120.0,1.908034019e-06,5.637581794e-06,1.329113491e-05,1.782719991e-05,0.0005274519982
4121.0,1.868773641e-06,5.466644961e-06,1.321059647e-05,1.78744272e-05,0.0005061651805
4122.0,1.95666397e-06,5.541022807e-06,1.339947996e-05,1.821849121e-05,0.000497688904
4123.0,2.009737798e-06,5.726660576e-06,1.365970798e-05,1.833815887e-05,0.0004990150018
4124.0,1.952432947e-06,5.754088013e-06,1.33519605e-05,1.790616046e-05,0.0004987121532
4125.0,1.878394447e-06,5.557301439e-06,1.314244376e-05,1.745027389e-05,0.000514608937
4126.0,1.913780437e-06,5.547252277e-06,1.341673319e-05,1.769355961e-05,0.0005455354204
4127.0,2.013611576e-06,5.678706372e-06,1.376898561e-05,1.808726413e-05,0.0005729511774
4128.0,2.01577747e-06,5.82792954e-06,1.379320015e-05,1.81296446e-05,0.000561722238
4129.0,1.927301214e-06,5.678946846e-06,1.337463463e-05,1.791040186e-05,0.0005305146344
4130.0,1.877434923e-06,5.498131438e-06,1.32953584e-05,1.801658548e-05,0.0005051594777
4131.0,1.950049436e-06,5.548786866e-06,1.3454172e-05,1.834288969e-05,0.0005039198866
4132.0,2.010673158e-06,5.725825796e-06,1.367037422e-05,1.843511793e-05,0.000498317656
4133.0,1.962772467e-06,5.780400376e-06,1.338610197e-05,1.812850633e-05,0.000500981691
4134.0,1.881913697e-06,5.582942914e-06,1.317723147e-05,1.760654426e-05,0.0005100950791
4135.0,1.901016106e-06,5.547013921e-06,1.336583362e-05,1.76559496e-05,0.000548526741
4136.0,2.007631182e-06,5.675888654e-06,1.375159774e-05,1.795687243e-05,0.0005742311627
4137.0,2.018880206e-06,5.830247598e-06,1.385134574e-05,1.800933942e-05,0.0005652081841
4138.0,1.932975588e-06,5.689001822e-06,1.340644276e-05,1.777189874e-05,0.0005312580591
4139.0,1.882366268e-06,5.518940069e-06,1.327862458e-05,1.786181812e-05,0.0005100809431
4140.0,1.942703733e-06,5.553863517e-06,1.347944642e-05,1.82982078e-05,0.0005021321233
4141.0,2.01291479e-06,5.715821695e-06,1.370006044e-05,1.856784145e-05,0.0005008944497
4142.0,1.976507308e-06,5.803354601e-06,1.346179742e-05,1.829545413e-05,0.0004981493241
4143.0,1.887449497e-06,5.580141602e-06,1.313530851e-05,1.791790603e-05,0.0005134950693
4144.0,1.891347616e-06,5.529877167e-06,1.337070811e-05,1.786646025e-05,0.0005451995855
4145.0,2.001652665e-06,5.65682812e-06,1.373625534e-05,1.805602636e-05,0.0005744388096
4146.0,2.022383379e-06,5.824070705e-06,1.388495161e-05,1.806210302e-05,0.0005669651771
4147.0,1.935331083e-06,5.707277289e-06,1.344214582e-05,1.776271546e-05,0.000538658754
4148.0,1.879605832e-06,5.528793276e-06,1.331860872e-05,1.77209803e-05,0.0005111846564
4149.0,1.940163928e-06,5.560052346e-06,1.350446712e-05,1.817195745e-05,0.0005056681999
4150.0,2.019490575e-06,5.710870498e-06,1.377823854e-05,1.846805421e-05,0.0005001023078
4151.0,1.990118115e-06,5.81459918e-06,1.35731363e-05,1.820452886e-05,0.0005033481329
4152.0,1.902740315e-06,5.641341097e-06,1.32523611e-05,1.772224614e-05,0.0005115131399
4153.0,1.889639085e-06,5.543175744e-06,1.337099233e-05,1.784694677e-05,0.0005433872987
4154.0,1.993524653e-06,5.659855781e-06,1.372693905e-05,1.80975525e-05,0.0005718812951
4155.0,2.02351633e-06,5.822638228e-06,1.386861216e-05,1.824575141e-05,0.0005736406997
4156.0,1.946350744e-06,5.740060129e-06,1.347892779e-05,1.806035933e-05,0.0005438329147
4157.0,1.874820213e-06,5.516895701e-06,1.329007115e-05,1.792980975e-05,0.0005169643734
4158.0,1.928268856e-06,5.525899527e-06,1.345624383e-05,1.823453564e-05,0.0005054944917
4159.0,2.01039547e-06,5.672968118e-06,1.372525172e-05,1.849027708e-05,0.0005046460823
4160.0,1.9958019e-06,5.82446911e-06,1.367210094e-05,1.825058274e-05,0.0005013777576
4161.0,1.913637568e-06,5.651469278e-06,1.333760298e-05,1.768276579e-05,0.0005132856412
4162.0,1.895036608e-06,5.539482623e-06,1.339861574e-05,1.775717647e-05,0.0005404650396
4163.0,1.990327458e-06,5.646893039e-06,1.374727157e-05,1.811713655e-05,0.0005768020344
4164.0,2.03518574e-06,5.832700242e-06,1.396695789e-05,1.832890573e-05,0.0005769110851
4165.0,1.965429425e-06,5.794122319e-06,1.359210295e-05,1.824458365e-05,0.00055021308
4166.0,1.878905194e-06,5.535999693e-06,1.33079615e-05,1.810269694e-05,0.000519152211
4167.0,1.910203839e-06,5.49901948e-06,1.340228349e-05,1.824860379e-05,0.0005098135096
4168.0,2.001814916e-06,5.633868418e-06,1.366074389e-05,1.842581151e-05,0.0005037218679
4169.0,1.992125386e-06,5.785480772e-06,1.363837083e-05,1.82025855e-05,0.0005048389087
4170.0,1.904678799e-06,5.652076386e-06,1.329248929e-05,1.760637572e-05,0.0005108585725
4171.0,1.885072305e-06,5.525996798e-06,1.336851775e-05,1.755031227e-05,0.0005405614413
4172.0,1.985743537e-06,5.639217332e-06,1.376435123e-05,1.805089716e-05,0.0005733615306
4173.0,2.033543055e-06,5.816840032e-06,1.400866797e-05,1.815638755e-05,0.0005791775854
4174.0,1.970148506e-06,5.799824391e-06,1.36360601e-05,1.797979298e-05,0.0005523965948
4175.0,1.887248825e-06,5.564254335e-06,1.334842504e-05,1.802247512e-05,0.0005234445393
4176.0,1.905352677e-06,5.528069471e-06,1.345583519e-05,1.831497929e-05,0.0005103722511
4177.0,2.001219471e-06,5.642222148e-06,1.368459385e-05,1.859584899e-05,0.0005087118712
4178.0,1.99912559e-06,5.79580092e-06,1.367542064e-05,1.846113379e-05,0.0005031496788
4179.0,1.915003678e-06,5.673361633e-06,1.330907448e-05,1.790967841e-05,0.0005117466375
4180.0,1.882160326e-06,5.540933615e-06,1.336751901e-05,1.763483663e-05,0.0005350680102
4181.0,1.979637248e-06,5.628401158e-06,1.373494417e-05,1.787501003e-05,0.00057374491
4182.0,2.039457198e-06,5.808479857e-06,1.407191663e-05,1.807477525e-05,0.0005786244575
4183.0,1.981626432e-06,5.839032003e-06,1.374394154e-05,1.789713798e-05,0.0005552220441
4184.0,1.898144889e-06,5.59597995e-06,1.343303907e-05,1.78214095e-05,0.0005234567174
4185.0,1.901383005e-06,5.51079793e-06,1.345714792e-05,1.826651908e-05,0.0005141719176
4186.0,1.996349863e-06,5.630084497e-06,1.369837549e-05,1.871668131e-05,0.0005087383774
4187.0,2.008263033e-06,5.799279046e-06,1.372729201e-05,1.855894039e-05,0.0005093174027
4188.0,1.928741463e-06,5.694675125e-06,1.336261231e-05,1.808213725e-05,0.0005116955992
4189.0,1.880559734e-06,5.534046134e-06,1.337095515e-05,1.78191824e-05,0.0005376821749
4190.0,1.967776335e-06,5.612686458e-06,1.374698508e-05,1.789755355e-05,0.0005719938917
4191.0,2.028837744e-06,5.76790025e-06,1.400155735e-05,1.802737513e-05,0.0005842573647
4192.0,1.984555799e-06,5.83287698e-06,1.376897894e-05,1.786682432e-05,0.0005599916511
4193.0,1.89582041e-06,5.617382628e-06,1.343797991e-05,1.76728289e-05,0.0005313258392
4194.0,1.897691589e-06,5.525063921e-06,1.348679838e-05,1.800289007e-05,0.0005143652618
4195.0,1.991426632e-06,5.616564148e-06,1.369214056e-05,1.851910646e-05,0.0005137132345
4196.0,2.009500187e-06,5.79913484e-06,1.378015496e-05,1.852033751e-05,0.0005104536254
4197.0,1.936506187e-06,5.723062534e-06,1.340942266e-05,1.802362186e-05,0.0005161974112
4198.0,1.880189415e-06,5.541593861e-06,1.335748814e-05,1.7782065e-05,0.0005346001666
4199.0,1.947651741e-06,5.5885125e-06,1.366377679e-05,1.810923149e-05,0.0005743810548
4200.0,2.025231067e-06,5.743318217e-06,1.395654267e-05,1.832807919e-05,0.0005860144951
4201.0,1.986398315e-06,5.811907498e-06,1.375046799e-05,1.822817142e-05,0.000567646124
4202.0,1.889929395e-06,5.604100484e-06,1.339756437e-05,1.790543198e-05,0.0005328860191
4203.0,1.879992682e-06,5.492067386e-06,1.339933555e-05,1.789543666e-05,0.0005177599947
4204.0,1.983875631e-06,5.590348345e-06,1.366793261e-05,1.826331232e-05,0.0005127116866
4205.0,2.008712339e-06,5.759894978e-06,1.381775045e-05,1.831169761e-05,0.0005139520239
4206.0,1.938662778e-06,5.732705106e-06,1.344947734e-05,1.776211782e-05,0.0005137166061
4207.0,1.879484547e-06,5.537340311e-06,1.334800873e-05,1.755199712e-05,0.0005363662577
4208.0,1.938306084e-06,5.574666716e-06,1.36534012e-05,1.786214754e-05,0.0005705733418
4209.0,2.021840648e-06,5.729203023e-06,1.394569094e-05,1.821625413e-05,0.0005901620728
4210.0,1.996277137e-06,5.824297049e-06,1.38090226e-05,1.811442974e-05,0.0005697273591
4211.0,1.90252903e-06,5.608795297e-06,1.341549643e-05,1.793304799e-05,0.0005386425593
4212.0,1.87397442e-06,5.480275514e-06,1.339474483e-05,1.800891101e-05,0.000517884689
4213.0,1.972063116e-06,5.572859279e-06,1.367093545e-05,1.827767756e-05,0.0005167780464
4214.0,2.004490882e-06,5.747701487e-06,1.385521216e-05,1.816278002e-05,0.0005116011434
4215.0,1.94288807e-06,5.739101738e-06,1.348853541e-05,1.769504456e-05,0.0005165089951
4216.0,1.873186654e-06,5.542809291e-06,1.334447718e-05,1.734904048e-05,0.0005335560482
4217.0,1.928237801e-06,5.561812595e-06,1.364740639e-05,1.76253619e-05,0.0005732944543
4218.0,2.016962754e-06,5.715959955e-06,1.397486944e-05,1.80581902e-05,0.0005899054587
4219.0,2.003232478e-06,5.842161345e-06,1.387965197e-05,1.809929499e-05,0.0005769856276
4220.0,1.912497878e-06,5.633952031e-06,1.34872766e-05,1.791355739e-05,0.000543523143
4221.0,1.880564925e-06,5.495817382e-06,1.345224301e-05,1.800527234e-05,0.0005240903081
4222.0,1.96536975e-06,5.570553761e-06,1.36778471e-05,1.830888535e-05,0.0005167348448
4223.0,2.009506306e-06,5.742813092e-06,1.389986338e-05,1.84816054e-05,0.0005177108594
4224.0,1.950741062e-06,5.754670369e-06,1.355420404e-05,1.800332102e-05,0.0005166277935
4225.0,1.877785594e-06,5.546867185e-06,1.336051511e-05,1.75626971e-05,0.0005358496996
4226.0,1.916917691e-06,5.53857788e-06,1.363665401e-05,1.766639893e-05,0.0005713929782
4227.0,2.016748014e-06,5.677056106e-06,1.397928918e-05,1.794182117e-05,0.0005950257098
4228.0,2.009681332e-06,5.826181489e-06,1.396185817e-05,1.791989139e-05,0.0005801670617
4229.0,1.916496334e-06,5.636364566e-06,1.349912543e-05,1.767145329e-05,0.000548518706
4230.0,1.882652836e-06,5.483824982e-06,1.347568357e-05,1.777611755e-05,0.0005242891587
4231.0,1.962484541e-06,5.545828895e-06,1.365755319e-05,1.826389522e-05,0.0005208412867
4232.0,2.01699362e-06,5.721745497e-06,1.390154412e-05,1.840961273e-05,0.0005169331842
4233.0,1.964000984e-06,5.756287009e-06,1.359573438e-05,1.812690314e-05,0.0005204773315
4234.0,1.883067756e-06,5.546949521e-06,1.336508949e-05,1.762734989e-05,0.0005330557144
4235.0,1.907297435e-06,5.513143047e-06,1.358064135e-05,1.768385926e-05,0.0005714685379
4236.0,2.0147398e-06,5.656089657e-06,1.396713293e-05,1.793858954e-05,0.0005955396304
4237.0,2.016962822e-06,5.808836505e-06,1.401970543e-05,1.794291124e-05,0.000585589737
4238.0,1.9292651e-06,5.666774831e-06,1.359908649e-05,1.762569242e-05,0.0005508164405
4239.0,1.878406355e-06,5.477798161e-06,1.34449208e-05,1.76057719e-05,0.00052883549
4240.0,1.953838415e-06,5.542738371e-06,1.364711369e-05,1.810190684e-05,0.0005214604968
4241.0,2.020124283e-06,5.711437329e-06,1.389946159e-05,1.830103173e-05,0.0005210746399
4242.0,1.982075611e-06,5.792677798e-06,1.367326107e-05,1.798459502e-05,0.0005193698637
4243.0,1.895601545e-06,5.579858545e-06,1.339052702e-05,1.755152013e-05,0.0005361315884
4244.0,1.905752709e-06,5.530153212e-06,1.358862469e-05,1.748610088e-05,0.0005701974187
4245.0,2.004987932e-06,5.646851396e-06,1.391369044e-05,1.783744006e-05,0.0005984546598
4246.0,2.01592155e-06,5.807223525e-06,1.399359298e-05,1.787481701e-05,0.0005866025797
4247.0,1.931609222e-06,5.690428952e-06,1.356859929e-05,1.768638995e-05,0.0005565795532
4248.0,1.875407098e-06,5.496924974e-06,1.34182598e-05,1.759945314e-05,0.0005299536319
4249.0,1.937336168e-06,5.521017287e-06,1.359617625e-05,1.793027465e-05,0.0005234076529
4250.0,2.00519307e-06,5.672527808e-06,1.38294188e-05,1.815706831e-05,0.0005170922954
4251.0,1.981965316e-06,5.797244485e-06,1.36849345e-05,1.784297167e-05,0.0005224257339
4252.0,1.898842171e-06,5.597099615e-06,1.337373524e-05,1.734754207e-05,0.0005319932883
4253.0,1.901297589e-06,5.528887772e-06,1.357919788e-05,1.740088248e-05,0.0005683139778
4254.0,1.998226921e-06,5.632920203e-06,1.38756261e-05,1.781259808e-05,0.0005942113895
4255.0,2.020155169e-06,5.796173644e-06,1.398381539e-05,1.792298317e-05,0.0005936117207
4256.0,1.942539976e-06,5.715189081e-06,1.359211328e-05,1.775021765e-05,0.0005616864072
4257.0,1.871625044e-06,5.491484752e-06,1.338313288e-05,1.764259227e-05,0.0005302877433
4258.0,1.929711653e-06,5.497674871e-06,1.354980776e-05,1.794615072e-05,0.0005193154943
4259.0,2.006037131e-06,5.645394651e-06,1.381127066e-05,1.812804202e-05,0.0005214259367
4260.0,1.983926522e-06,5.778194283e-06,1.369045762e-05,1.78206072e-05,0.0005193589094
4261.0,1.894298913e-06,5.603464192e-06,1.335428149e-05,1.725089452e-05,0.000530300845
4262.0,1.890089282e-06,5.513985108e-06,1.349511235e-05,1.723990683e-05,0.0005579671169
4263.0,1.99807336e-06,5.624450371e-06,1.387237283e-05,1.759708431e-05,0.0005946511775
4264.0,2.02959831e-06,5.803498782e-06,1.406832654e-05,1.781711982e-05,0.0005940318813
4265.0,1.955008456e-06,5.73434266e-06,1.36458298e-05,1.759228723e-05,0.0005627747131
4266.0,1.880703701e-06,5.50601248e-06,1.341368628e-05,1.751354105e-05,0.0005281565063
4267.0,1.919656291e-06,5.488404941e-06,1.351203375e-05,1.787400703e-05,0.0005237199077
4268.0,2.005072966e-06,5.627232619e-06,1.37641142e-05,1.811067068e-05,0.0005187620569
4269.0,1.985878568e-06,5.765836702e-06,1.366718638e-05,1.784640681e-05,0.0005194727551
4270.0,1.90041197e-06,5.617304317e-06,1.333133924e-05,1.729553412e-05,0.0005230252397
4271.0,1.882462084e-06,5.505843539e-06,1.341428732e-05,1.71664787e-05,0.0005580812501
4272.0,1.985781255e-06,5.60703077e-06,1.379641869e-05,1.755675107e-05,0.0005920236854
4273.0,2.029211223e-06,5.777962782e-06,1.402962965e-05,1.775828413e-05,0.0005934899969
4274.0,1.955580861e-06,5.735374917e-06,1.362244964e-05,1.760513431e-05,0.0005622697088
4275.0,1.879515034e-06,5.519528103e-06,1.33678529e-05,1.743218824e-05,0.0005350539098
4276.0,1.911598737e-06,5.501715068e-06,1.351568356e-05,1.778099336e-05,0.0005213745865
4277.0,1.998595216e-06,5.6146087e-06,1.372600905e-05,1.809231019e-05,0.0005191556214
4278.0,1.992776305e-06,5.770266626e-06,1.369572017e-05,1.797522548e-05,0.000514637645
4279.0,1.905902263e-06,5.626659584e-06,1.330633293e-05,1.730731659e-05,0.0005278026289
4280.0,1.877291153e-06,5.504784891e-06,1.337814172e-05,1.711894389e-05,0.0005521416422
4281.0,1.972782784e-06,5.600171798e-06,1.373400527e-05,1.747764668e-05,0.0005880801812
4282.0,2.026389829e-06,5.765402884e-06,1.400157666e-05,1.768612669e-05,0.0005889331032
4283.0,1.968497694e-06,5.763646576e-06,1.365783169e-05,1.748569984e-05,0.0005667624363
4284.0,1.883295264e-06,5.537545599e-06,1.337112072e-05,1.73890788e-05,0.0005329738095
4285.0,1.900337366e-06,5.498704563e-06,1.344340674e-05,1.765269514e-05,0.0005200730278
4286.0,1.998616264e-06,5.618976969e-06,1.37028973e-05,1.79395021e-05,0.0005110916918
4287.0,2.004290416e-06,5.784036325e-06,1.37420177e-05,1.788138923e-05,0.0005153267781
4288.0,1.918053228e-06,5.655668775e-06,1.33364637e-05,1.737379697e-05,0.0005188949095
4289.0,1.877457488e-06,5.506124219e-06,1.33278275e-05,1.713337146e-05,0.000546162858
4290.0,1.964838001e-06,5.577932503e-06,1.36837158e-05,1.742168799e-05,0.0005772671524
4291.0,2.023452255e-06,5.733227907e-06,1.390512e-05,1.768905337e-05,0.0005904336751
4292.0,1.978423216e-06,5.78392902e-06,1.366966073e-05,1.758606214e-05,0.0005658324628
4293.0,1.887857669e-06,5.542505107e-06,1.334816459e-05,1.746440981e-05,0.0005330023573
4294.0,1.892500214e-06,5.480290603e-06,1.341457945e-05,1.774269837e-05,0.0005151459735
4295.0,1.988487709e-06,5.59090492e-06,1.362688289e-05,1.798305849e-05,0.0005157008465
4296.0,1.996558138e-06,5.758146335e-06,1.367728343e-05,1.78962207e-05,0.0005113213647
4297.0,1.921348316e-06,5.682547187e-06,1.333432958e-05,1.748295012e-05,0.0005172962705
4298.0,1.874431122e-06,5.498897635e-06,1.327656838e-05,1.719295404e-05,0.0005354754454
4299.0,1.947835238e-06,5.539080823e-06,1.35764289e-05,1.747736127e-05,0.0005773416147
4300.0,2.024996135e-06,5.720220181e-06,1.393253184e-05,1.771969206e-05,0.0005874231772
4301.0,1.981165045e-06,5.7904845e-06,1.36669914e-05,1.757778873e-05,0.0005647158638
4302.0,1.892899575e-06,5.55848472e-06,1.33019463e-05,1.736658558e-05,0.0005280721131
4303.0,1.889220148e-06,5.468165399e-06,1.335816959e-05,1.769955384e-05,0.0005171317688
4304.0,1.988623997e-06,5.588905498e-06,1.362449527e-05,1.803326846e-05,0.0005119306976
4305.0,2.002726085e-06,5.749222476e-06,1.369542315e-05,1.804612006e-05,0.0005102269932
4306.0,1.930043259e-06,5.688790775e-06,1.332382854e-05,1.755453031e-05,0.0005092782952
4307.0,1.871187821e-06,5.503898181e-06,1.324354404e-05,1.731070738e-05,0.0005355211122
4308.0,1.945711358e-06,5.561479586e-06,1.358001473e-05,1.754227921e-05,0.0005710671607
4309.0,2.026229853e-06,5.706823385e-06,1.390823023e-05,1.782718771e-05,0.0005856066925
4310.0,1.991582855e-06,5.794961363e-06,1.373712511e-05,1.766921722e-05,0.0005628444201
4311.0,1.899243203e-06,5.581293383e-06,1.330548799e-05,1.734868106e-05,0.0005331423468
4312.0,1.882614331e-06,5.467471511e-06,1.329418922e-05,1.752876069e-05,0.0005139357478
4313.0,1.98309269e-06,5.564867226e-06,1.35758733e-05,1.800501171e-05,0.0005118645775
4314.0,2.011087481e-06,5.737714926e-06,1.371348318e-05,1.800789797e-05,0.0005041499589
4315.0,1.943603964e-06,5.717625295e-06,1.333169025e-05,1.75800491e-05,0.0005128645383
4316.0,1.876061389e-06,5.536421081e-06,1.324603546e-05,1.720845262e-05,0.0005287431577
4317.0,1.928385954e-06,5.54940866e-06,1.352285138e-05,1.737744309e-05,0.0005647062216
4318.0,2.022157198e-06,5.714581996e-06,1.384654073e-05,1.774122369e-05,0.0005774747246
4319.0,1.993987531e-06,5.799393477e-06,1.369063837e-05,1.773098e-05,0.0005666520429
4320.0,1.89544998e-06,5.583910673e-06,1.326856898e-05,1.747845925e-05,0.0005319097792
4321.0,1.869952594e-06,5.449351234e-06,1.321790882e-05,1.747922229e-05,0.0005123260771
4322.0,1.968856381e-06,5.540708534e-06,1.347266567e-05,1.788209331e-05,0.0005040314169
4323.0,2.009115597e-06,5.714362851e-06,1.367843957e-05,1.796065571e-05,0.0005066513699
4324.0,1.951183835e-06,5.733039786e-06,1.335192728e-05,1.754137801e-05,0.0005071042607
4325.0,1.878310464e-06,5.531536413e-06,1.318160424e-05,1.717867927e-05,0.000523067815
4326.0,1.914163917e-06,5.530360513e-06,1.343959564e-05,1.742367856e-05,0.0005527162755
4327.0,2.014827358e-06,5.687632738e-06,1.377048908e-05,1.783333817e-05,0.0005772674306
4328.0,1.996038957e-06,5.805442816e-06,1.367127142e-05,1.78669485e-05,0.0005624558217
4329.0,1.901192389e-06,5.597074178e-06,1.322466214e-05,1.756174695e-05,0.0005292682178
4330.0,1.864208651e-06,5.452841489e-06,1.317211012e-05,1.756756542e-05,0.0005045755797
4331.0,1.955423254e-06,5.519039024e-06,1.337867001e-05,1.792911883e-05,0.0005042396693
4332.0,2.002953146e-06,5.702045643e-06,1.362709697e-05,1.798677618e-05,0.0005007833205
4333.0,1.950967839e-06,5.73115023e-06,1.333444186e-05,1.748997147e-05,0.0005037386739
4334.0,1.876327992e-06,5.531989922e-06,1.312828437e-05,1.711048761e-05,0.0005143080318
4335.0,1.909439728e-06,5.524086225e-06,1.338188093e-05,1.734557632e-05,0.0005523815202
4336.0,2.01406788e-06,5.679479918e-06,1.376817624e-05,1.771403832e-05,0.0005734434939
4337.0,2.010062739e-06,5.806704085e-06,1.373919989e-05,1.782511179e-05,0.000560313359
4338.0,1.915717064e-06,5.631453666e-06,1.328948056e-05,1.76478674e-05,0.000525559404
4339.0,1.874145488e-06,5.479947955e-06,1.320917375e-05,1.763149967e-05,0.000508386916
4340.0,1.949982795e-06,5.533614268e-06,1.338593214e-05,1.804077749e-05,0.0005025177123
4341.0,2.010784778e-06,5.701788168e-06,1.364316616e-05,1.819250626e-05,0.0004998273945
4342.0,1.966120708e-06,5.769094927e-06,1.338191651e-05,1.786567072e-05,0.0004963781794
4343.0,1.884013036e-06,5.539478743e-06,1.310816115e-05,1.740385022e-05,0.0005161957039
4344.0,1.906999117e-06,5.510010819e-06,1.334993466e-05,1.740747221e-05,0.0005493386094
4345.0,2.017423143e-06,5.675176736e-06,1.376306353e-05,1.786327528e-05,0.0005718623697
4346.0,2.020236126e-06,5.820217281e-06,1.380486145e-05,1.793451947e-05,0.0005584694727
4347.0,1.932034728e-06,5.674242758e-06,1.336084593e-05,1.769695729e-05,0.0005319340491
4348.0,1.875611668e-06,5.486450824e-06,1.323321422e-05,1.763381608e-05,0.000508294059
4349.0,1.949125906e-06,5.549570143e-06,1.345007428e-05,1.800645563e-05,0.0005040786317
4350.0,2.014687699e-06,5.70737842e-06,1.367508146e-05,1.826301735e-05,0.0004977111282
4351.0,1.974843866e-06,5.785212038e-06,1.340032808e-05,1.801370842e-05,0.0005023050805
4352.0,1.894021105e-06,5.599937169e-06,1.316811691e-05,1.752737236e-05,0.0005129265569
4353.0,1.902776709e-06,5.52831449e-06,1.335280548e-05,1.758690809e-05,0.0005446759235
4354.0,2.014288341e-06,5.664809758e-06,1.374214096e-05,1.793875815e-05,0.0005682347342
4355.0,2.030267102e-06,5.840609939e-06,1.386793774e-05,1.802046968e-05,0.0005649290843
4356.0,1.942785613e-06,5.718439015e-06,1.344280377e-05,1.775128935e-05,0.0005346683295
4357.0,1.876939471e-06,5.507770708e-06,1.323466193e-05,1.766801864e-05,0.0005092551079
4358.0,1.941904457e-06,5.540070568e-06,1.343411519e-05,1.807979351e-05,0.0005004851795
4359.0,2.015116722e-06,5.700863538e-06,1.366814602e-05,1.827289739e-05,0.0005016142298
4360.0,1.981864389e-06,5.802979321e-06,1.347681394e-05,1.798214358e-05,0.000500091348
4361.0,1.898463999e-06,5.617940356e-06,1.317884695e-05,1.743518337e-05,0.0005106346985
4362.0,1.900880865e-06,5.539410131e-06,1.33683682e-05,1.756510429e-05,0.0005381157383
4363.0,2.010263683e-06,5.661529132e-06,1.372362261e-05,1.79358789e-05,0.0005702938518
4364.0,2.031310517e-06,5.826783253e-06,1.385895462e-05,1.815437459e-05,0.0005655344472
4365.0,1.949499636e-06,5.754138773e-06,1.344574627e-05,1.791265317e-05,0.000538077133
4366.0,1.876906081e-06,5.515470638e-06,1.322266089e-05,1.777325442e-05,0.0005074441203
4367.0,1.930509959e-06,5.530966625e-06,1.337522632e-05,1.811669253e-05,0.0005035892612
4368.0,2.011486022e-06,5.68923968e-06,1.364902027e-05,1.836067197e-05,0.0004990638487
4369.0,1.986352933e-06,5.806687609e-06,1.351425496e-05,1.803255848e-05,0.0005006653876
4370.0,1.904349947e-06,5.643091248e-06,1.321239857e-05,1.742763614e-05,0.0005060579445
4371.0,1.897633598e-06,5.545231807e-06,1.334409401e-05,1.738169519e-05,0.000539930307
4372.0,2.001920379e-06,5.663317556e-06,1.372074261e-05,1.783206534e-05,0.0005690316223
4373.0,2.03739307e-06,5.835461152e-06,1.391727707e-05,1.800666e-05,0.0005691432121
4374.0,1.960768677e-06,5.774380211e-06,1.349320635e-05,1.781754278e-05,0.0005382298358
4375.0,1.885185335e-06,5.543517497e-06,1.323629838e-05,1.780904062e-05,0.0005130459823
4376.0,1.922095788e-06,5.533739932e-06,1.33833212e-05,1.819304835e-05,0.0005039005093
4377.0,2.011078951e-06,5.674827632e-06,1.364776949e-05,1.842514338e-05,0.0005039811466
4378.0,1.989890867e-06,5.819244875e-06,1.354167052e-05,1.82460976e-05,0.0004977256138
4379.0,1.904706626e-06,5.657704039e-06,1.318309077e-05,1.772309096e-05,0.000509738065
4380.0,1.88709096e-06,5.540164016e-06,1.329448965e-05,1.748576186e-05,0.000536648634
4381.0,1.988711966e-06,5.632091424e-06,1.366435948e-05,1.776726156e-05,0.0005697007978
4382.0,2.030372875e-06,5.801268738e-06,1.391433997e-05,1.792343438e-05,0.0005684038239
4383.0,1.96483044e-06,5.780922654e-06,1.353454278e-05,1.771758547e-05,0.0005439509007
4384.0,1.884399342e-06,5.5537583e-06,1.32568836e-05,1.768044283e-05,0.0005146900213
4385.0,1.916021285e-06,5.54133699e-06,1.338558971e-05,1.814020332e-05,0.0005053983888
4386.0,2.010180684e-06,5.666249471e-06,1.363910245e-05,1.854749337e-05,0.0005001398239
4387.0,2.009423044e-06,5.822181022e-06,1.362396582e-05,1.844080911e-05,0.0005022164423
4388.0,1.918502088e-06,5.688112165e-06,1.324607974e-05,1.786263794e-05,0.0005070878289
4389.0,1.885909449e-06,5.551734776e-06,1.331186499e-05,1.765892155e-05,0.0005369901546
4390.0,1.975030768e-06,5.607090888e-06,1.362952068e-05,1.782463138e-05,0.0005675025985
4391.0,2.032126131e-06,5.800066858e-06,1.392510086e-05,1.80358314e-05,0.0005735239555
4392.0,1.970152171e-06,5.799257742e-06,1.35770586e-05,1.789530926e-05,0.0005464367842
4393.0,1.885405434e-06,5.570409776e-06,1.329719981e-05,1.765193824e-05,0.0005168069145
4394.0,1.903363897e-06,5.514948118e-06,1.33759712e-05,1.797846981e-05,0.000502962825
4395.0,2.003604391e-06,5.645490079e-06,1.364290699e-05,1.844566209e-05,0.0005036407115
4396.0,2.005005557e-06,5.806087356e-06,1.365480673e-05,1.830815085e-05,0.0005023328967
4397.0,1.931753164e-06,5.70400274e-06,1.33201222e-05,1.780703384e-05,0.0005091077549
4398.0,1.886370529e-06,5.547160289e-06,1.331074548e-05,1.765565827e-05,0.000530272906
4399.0,1.972930341e-06,5.629358274e-06,1.365217038e-05,1.803597497e-05,0.0005693204616
4400.0,2.038819764e-06,5.804323374e-06,1.396656696e-05,1.82529198e-05,0.0005753518761
4401.0,1.981717878e-06,5.824489486e-06,1.363487322e-05,1.817695111e-05,0.000551336256
4402.0,1.893651239e-06,5.5933242e-06,1.332691792e-05,1.793262605e-05,0.0005179774771
4403.0,1.905536483e-06,5.533149238e-06,1.341757225e-05,1.814942454e-05,0.0005080021914
4404.0,2.00310319e-06,5.653369792e-06,1.367759845e-05,1.848224534e-05,0.0005058819283
4405.0,2.014036914e-06,5.825441479e-06,1.376665287e-05,1.832839314e-05,0.0005050433785
4406.0,1.936295932e-06,5.735149976e-06,1.336273045e-05,1.775571564e-05,0.000507628723
4407.0,1.889529441e-06,5.556337744e-06,1.330264735e-05,1.758677441e-05,0.0005327734192
4408.0,1.966115937e-06,5.62462379e-06,1.364333516e-05,1.799825361e-05,0.0005671878411
4409.0,2.036433898e-06,5.782259969e-06,1.394207095e-05,1.839643563e-05,0.0005789087721
4410.0,1.992596711e-06,5.841157308e-06,1.370370151e-05,1.824625224e-05,0.0005551044242
4411.0,1.900632687e-06,5.612329724e-06,1.333934394e-05,1.815941914e-05,0.0005249999373
4412.0,1.896980548e-06,5.52800582e-06,1.340831188e-05,1.826448424e-05,0.0005076524953
4413.0,2.002828038e-06,5.646560363e-06,1.370624783e-05,1.842680141e-05,0.0005063293691
4414.0,2.022364649e-06,5.824676654e-06,1.383198363e-05,1.8360973e-05,0.0005014744521
4415.0,1.943700748e-06,5.764445583e-06,1.342940993e-05,1.782471959e-05,0.0005100069436
4416.0,1.887914949e-06,5.577644721e-06,1.334924304e-05,1.750570827e-05,0.0005294321349
4417.0,1.966405259e-06,5.645478415e-06,1.370060316e-05,1.795408843e-05,0.0005675413537
4418.0,2.048817265e-06,5.803552147e-06,1.403107952e-05,1.836378446e-05,0.000579484755
4419.0,2.014944209e-06,5.892154471e-06,1.38387264e-05,1.824240554e-05,0.0005620732772
4420.0,1.917768861e-06,5.664077319e-06,1.345787444e-05,1.809635839e-05,0.0005279188399
4421.0,1.899511059e-06,5.558780236e-06,1.346536735e-05,1.824560919e-05,0.0005121585622
4422.0,1.998731797e-06,5.672388742e-06,1.373440576e-05,1.861425828e-05,0.0005055770081
4423.0,2.022519394e-06,5.821356535e-06,1.383261384e-05,1.86073294e-05,0.0005070223673
4424.0,1.951270776e-06,5.788376008e-06,1.345256952e-05,1.81180205e-05,0.0005079761127
4425.0,1.888570156e-06,5.603441179e-06,1.335870328e-05,1.768933313e-05,0.0005291600878
4426.0,1.946684046e-06,5.616851963e-06,1.362961189e-05,1.780417391e-05,0.0005649553031
4427.0,2.03626485e-06,5.779417692e-06,1.397364669e-05,1.81223778e-05,0.0005843431666
4428.0,2.013254281e-06,5.892520629e-06,1.386897929e-05,1.804692992e-05,0.000564934209
4429.0,1.923183775e-06,5.685163822e-06,1.348273284e-05,1.782276173e-05,0.0005325443159
4430.0,1.892859524e-06,5.534797942e-06,1.341719563e-05,1.798835727e-05,0.0005117996894
4431.0,1.984956511e-06,5.63982769e-06,1.367136849e-05,1.854528787e-05,0.0005092902441
4432.0,2.024918485e-06,5.817626946e-06,1.384287357e-05,1.864160848e-05,0.0005045739793
4433.0,1.958130482e-06,5.790595711e-06,1.347694182e-05,1.818958201e-05,0.0005109012788
4434.0,1.882461792e-06,5.589797951e-06,1.330411473e-05,1.777914508e-05,0.0005258620122
4435.0,1.930683253e-06,5.602623503e-06,1.359445308e-05,1.784771678e-05,0.0005646852642
4436.0,2.027169287e-06,5.758351501e-06,1.396218448e-05,1.80423802e-05,0.0005838351624
4437.0,2.012684713e-06,5.88131108e-06,1.390955741e-05,1.799960692e-05,0.0005695882753
4438.0,1.915975652e-06,5.682252724e-06,1.344599596e-05,1.779776107e-05,0.0005338739664
4439.0,1.882322759e-06,5.52151525e-06,1.338820739e-05,1.786414408e-05,0.0005143296819
4440.0,1.972630253e-06,5.600380589e-06,1.361866953e-05,1.839286516e-05,0.0005075883168
4441.0,2.02472164e-06,5.782134525e-06,1.385583667e-05,1.851512574e-05,0.0005075033852
4442.0,1.973501785e-06,5.815886017e-06,1.355568315e-05,1.812684668e-05,0.0005069010346
4443.0,1.892503594e-06,5.591799417e-06,1.335736136e-05,1.771227236e-05,0.0005255742113
4444.0,1.923348477e-06,5.573609559e-06,1.36022029e-05,1.788963732e-05,0.000561291528
4445.0,2.022607874e-06,5.734113175e-06,1.393838454e-05,1.815926019e-05,0.0005873485153
4446.0,2.012909385e-06,5.860850826e-06,1.389625294e-05,1.816853483e-05,0.0005722496771
4447.0,1.925139162e-06,5.700062697e-06,1.350395162e-05,1.793985077e-05,0.0005406868127
4448.0,1.878528125e-06,5.518449209e-06,1.338287356e-05,1.79066232e-05,0.0005155275261
4449.0,1.959819815e-06,5.565279688e-06,1.356679466e-05,1.831098441e-05,0.0005127776209
4450.0,2.017839029e-06,5.737127117e-06,1.382162067e-05,1.841330123e-05,0.0005073498533
4451.0,1.974114383e-06,5.803341771e-06,1.35751285e-05,1.798187719e-05,0.0005115377121
4452.0,1.896639791e-06,5.605445262e-06,1.335034425e-05,1.753314858e-05,0.0005233114905
4453.0,1.914326515e-06,5.562303953e-06,1.357117181e-05,1.781631905e-05,0.0005620190727
4454.0,2.018636953e-06,5.697770016e-06,1.392424363e-05,1.824173644e-05,0.0005869774016
4455.0,2.024716305e-06,5.854537755e-06,1.396543815e-05,1.826466193e-05,0.0005801102877
4456.0,1.935246973e-06,5.706155055e-06,1.353177205e-05,1.804457295e-05,0.0005464221227
4457.0,1.87555185e-06,5.517126623e-06,1.338166554e-05,1.797341569e-05,0.000521037131
4458.0,1.947781094e-06,5.56323503e-06,1.360432918e-05,1.824064872e-05,0.0005131443927
4459.0,2.015668444e-06,5.712491102e-06,1.384672292e-05,1.84212914e-05,0.0005136413167
4460.0,1.977547969e-06,5.814951059e-06,1.363124233e-05,1.813601437e-05,0.0005103953534
4461.0,1.892104166e-06,5.61139636e-06,1.331986654e-05,1.754949056e-05,0.0005266868283
4462.0,1.902087127e-06,5.567005349e-06,1.353768754e-05,1.756074644e-05,0.0005589980269
4463.0,2.010494077e-06,5.683115384e-06,1.39214873e-05,1.805945972e-05,0.0005907133687
4464.0,2.026658242e-06,5.838639953e-06,1.401990888e-05,1.81495977e-05,0.000584580263
4465.0,1.941502493e-06,5.733313954e-06,1.358290363e-05,1.7884555e-05,0.0005536218245
4466.0,1.877264285e-06,5.512615784e-06,1.339111623e-05,1.784621108e-05,0.0005241771381
4467.0,1.942898301e-06,5.557040293e-06,1.36223421e-05,1.823736419e-05,0.0005189949046
4468.0,2.021932921e-06,5.716821517e-06,1.392704774e-05,1.850691931e-05,0.0005147655582
4469.0,1.989502423e-06,5.81676792e-06,1.372079845e-05,1.822717659e-05,0.0005184372277
4470.0,1.901104045e-06,5.629286617e-06,1.339835205e-05,1.768950264e-05,0.0005266905991
4471.0,1.899718712e-06,5.556870161e-06,1.353931416e-05,1.773097769e-05,0.0005603931858
4472.0,2.007906295e-06,5.686451034e-06,1.393321318e-05,1.800000792e-05,0.0005883375215
4473.0,2.035114209e-06,5.849323024e-06,1.40885588e-05,1.813276546e-05,0.000589670944
4474.0,1.958681074e-06,5.771207713e-06,1.370328724e-05,1.79498935e-05,0.0005583025875
4475.0,1.883315563e-06,5.543211499e-06,1.3469891e-05,1.779888105e-05,0.0005309690634
4476.0,1.928925886e-06,5.524562969e-06,1.359373935e-05,1.809574507e-05,0.0005192719296
4477.0,2.015831566e-06,5.681778992e-06,1.386805597e-05,1.840230553e-05,0.0005184961205
4478.0,1.997078006e-06,5.811443225e-06,1.375401715e-05,1.809808505e-05,0.0005168780139
4479.0,1.908866986e-06,5.642277682e-06,1.34273429e-05,1.752990859e-05,0.0005302834635
4480.0,1.897043838e-06,5.557958731e-06,1.356138726e-05,1.755995044e-05,0.0005582531854
4481.0,2.001888916e-06,5.681466063e-06,1.392375808e-05,1.795833684e-05,0.0005941222947
4482.0,2.036578633e-06,5.835971686e-06,1.408608193e-05,1.811018263e-05,0.0005922118077
4483.0,1.966448932e-06,5.780988337e-06,1.370336125e-05,1.790407347e-05,0.0005636288718
4484.0,1.884976324e-06,5.539694117e-06,1.345742784e-05,1.774500338e-05,0.0005305750257
4485.0,1.913593858e-06,5.52149371e-06,1.356042541e-05,1.812443333e-05,0.0005217552108
4486.0,1.9995038e-06,5.641960397e-06,1.378695826e-05,1.832040933e-05,0.0005170927554
4487.0,1.993305115e-06,5.793590074e-06,1.372614086e-05,1.799461926e-05,0.0005189568264
4488.0,1.909285025e-06,5.642121151e-06,1.339169867e-05,1.748246527e-05,0.0005241909632
4489.0,1.886279243e-06,5.518686482e-06,1.346681518e-05,1.730335696e-05,0.0005567483253
4490.0,1.986318466e-06,5.617474395e-06,1.383322114e-05,1.764458179e-05,0.0005915414076
4491.0,2.033601412e-06,5.784296497e-06,1.40810212e-05,1.787250712e-05,0.0005949500174
4492.0,1.974047719e-06,5.779575478e-06,1.374652741e-05,1.78074508e-05,0.0005654182337
4493.0,1.892894394e-06,5.552857345e-06,1.346199246e-05,1.768703998e-05,0.0005369867179
4494.0,1.913600803e-06,5.515666791e-06,1.356160068e-05,1.811980975e-05,0.0005244587125
4495.0,2.005523625e-06,5.636829218e-06,1.381460958e-05,1.844049489e-05,0.000521414429
4496.0,2.001774605e-06,5.800512791e-06,1.38055893e-05,1.82425496e-05,0.0005173977371
4497.0,1.916824317e-06,5.667985655e-06,1.340133416e-05,1.769320196e-05,0.0005277382023
4498.0,1.880132292e-06,5.520330608e-06,1.34456401e-05,1.749237435e-05,0.0005538112126
4499.0,1.97020452e-06,5.591828477e-06,1.377681658e-05,1.768706343e-05,0.0005892412674
4500.0,2.033721461e-06,5.772613441e-06,1.409291782e-05,1.779718373e-05,0.0005924465649
4501.0,1.977006648e-06,5.787472176e-06,1.37606068e-05,1.759965965e-05,0.0005705446272
4502.0,1.889342066e-06,5.558378707e-06,1.34371767e-05,1.746210539e-05,0.0005372251515
4503.0,1.907229213e-06,5.505127823e-06,1.353541741e-05,1.787172994e-05,0.000524075908
4504.0,2.004592606e-06,5.624803233e-06,1.380789662e-05,1.832614707e-05,0.0005175608304
4505.0,2.010912127e-06,5.783797752e-06,1.383540794e-05,1.827107262e-05,0.0005214220626
4506.0,1.931715738e-06,5.695968847e-06,1.344893664e-05,1.775657131e-05,0.0005239091645
4507.0,1.881376646e-06,5.512526029e-06,1.343263715e-05,1.747107183e-05,0.0005498552944
4508.0,1.958676126e-06,5.570309148e-06,1.375579456e-05,1.771442012e-05,0.0005826062896
4509.0,2.026951453e-06,5.740757074e-06,1.402211658e-05,1.786880048e-05,0.000597801619
4510.0,1.982382078e-06,5.811346804e-06,1.379027228e-05,1.776396438e-05,0.0005737016085
4511.0,1.886843003e-06,5.561402048e-06,1.340925444e-05,1.754884881e-05,0.0005386900132
4512.0,1.890310541e-06,5.480061225e-06,1.343917846e-05,1.767964081e-05,0.0005186395658
4513.0,1.998392884e-06,5.591483769e-06,1.371531945e-05,1.805301055e-05,0.0005209225783
4514.0,2.014271241e-06,5.771258979e-06,1.384975591e-05,1.801729954e-05,0.0005173495751
4515.0,1.940956627e-06,5.717969271e-06,1.349025822e-05,1.74508903e-05,0.0005229786266
4516.0,1.888177066e-06,5.551504372e-06,1.343669719e-05,1.72680529e-05,0.0005396595932
4517.0,1.953797292e-06,5.58755908e-06,1.371797229e-05,1.763576869e-05,0.000581736233
4518.0,2.032288011e-06,5.742818037e-06,1.401965816e-05,1.794864073e-05,0.0005949349947
4519.0,1.98857237e-06,5.800026277e-06,1.376792431e-05,1.790243208e-05,0.0005735764166
4520.0,1.894047103e-06,5.575854153e-06,1.340184112e-05,1.772386918e-05,0.0005357803434
4521.0,1.879232801e-06,5.480371857e-06,1.340457817e-05,1.78110866e-05,0.0005227289102
4522.0,1.977214913e-06,5.571022029e-06,1.363880117e-05,1.7970789e-05,0.0005183821308
4523.0,2.013539281e-06,5.767607686e-06,1.383564549e-05,1.788373096e-05,0.0005178237463
4524.0,1.942684547e-06,5.717063725e-06,1.345007635e-05,1.734347299e-05,0.0005160193411
4525.0,1.879987019e-06,5.529329827e-06,1.332568615e-05,1.706860927e-05,0.0005416222359
4526.0,1.940366243e-06,5.570716524e-06,1.365193984e-05,1.746171624e-05,0.0005780567923
4527.0,2.023095474e-06,5.713493331e-06,1.394981156e-05,1.79184169e-05,0.0005942597956
4528.0,1.996974857e-06,5.809260137e-06,1.379371723e-05,1.78606073e-05,0.0005719468629
4529.0,1.90140749e-06,5.58839285e-06,1.337140651e-05,1.767604019e-05,0.0005435382511
4530.0,1.874726527e-06,5.46894727e-06,1.334694658e-05,1.773629802e-05,0.0005208002267
4531.0,1.967993717e-06,5.55690019e-06,1.358228284e-05,1.807968952e-05,0.0005177945572
4532.0,2.004586073e-06,5.73334934e-06,1.375121111e-05,1.801394658e-05,0.0005114671887
4533.0,1.941360563e-06,5.724620162e-06,1.341041178e-05,1.75785452e-05,0.0005218271206
4534.0,1.87176282e-06,5.532373198e-06,1.32549061e-05,1.717428855e-05,0.0005380498008
4535.0,1.925859354e-06,5.553866753e-06,1.356703031e-05,1.730281042e-05,0.0005736758447
4536.0,2.020570167e-06,5.695333088e-06,1.391537567e-05,1.766412014e-05,0.0005882712702
4537.0,1.996323337e-06,5.796528443e-06,1.378229037e-05,1.761506189e-05,0.0005762182647
4538.0,1.90378918e-06,5.611061084e-06,1.336886246e-05,1.737606271e-05,0.0005435512841
4539.0,1.869270396e-06,5.458266632e-06,1.329545421e-05,1.758197267e-05,0.0005218989633
4540.0,1.95755097e-06,5.540314845e-06,1.349974745e-05,1.809735432e-05,0.0005118163113
4541.0,1.999170711e-06,5.703602923e-06,1.366276795e-05,1.815774956e-05,0.0005154315241
4542.0,1.943180982e-06,5.723716247e-06,1.335649338e-05,1.763615344e-05,0.0005161040839
4543.0,1.86781275e-06,5.513652154e-06,1.317897311e-05,1.722847987e-05,0.0005331358865
4544.0,1.904800673e-06,5.504326538e-06,1.342428432e-05,1.730766574e-05,0.0005631588597
4545.0,2.007768562e-06,5.648330701e-06,1.380310132e-05,1.755475672e-05,0.0005903789371
4546.0,2.000280751e-06,5.792625573e-06,1.379203311e-05,1.756490416e-05,0.0005761685681
4547.0,1.911929325e-06,5.638515755e-06,1.336793791e-05,1.735239454e-05,0.0005412024227
4548.0,1.873286228e-06,5.476220286e-06,1.328469098e-05,1.744523496e-05,0.00051455884
4549.0,1.954211261e-06,5.544950587e-06,1.351153649e-05,1.791496631e-05,0.0005161668805
4550.0,2.009430299e-06,5.710147286e-06,1.373661292e-05,1.818484031e-05,0.0005105658439
4551.0,1.961889804e-06,5.752646049e-06,1.343150145e-05,1.775490664e-05,0.0005139186406
4552.0,1.877712059e-06,5.53355734e-06,1.318208553e-05,1.732814621e-05,0.0005223974937
4553.0,1.906752993e-06,5.518883097e-06,1.345384126e-05,1.742651477e-05,0.000564158649
4554.0,2.012731652e-06,5.66894678e-06,1.383396663e-05,1.767949432e-05,0.0005880768196
4555.0,2.014717127e-06,5.825342038e-06,1.38716656e-05,1.767569744e-05,0.0005769157651
4556.0,1.921012811e-06,5.656504351e-06,1.339709702e-05,1.743332593e-05,0.0005406429781
4557.0,1.873711506e-06,5.486786315e-06,1.326890532e-05,1.746838191e-05,0.0005207799289
4558.0,1.951502865e-06,5.542274367e-06,1.349734278e-05,1.78821934e-05,0.0005142363893
4559.0,2.016403486e-06,5.713597064e-06,1.377342645e-05,1.806477716e-05,0.0005124577147
4560.0,1.975570213e-06,5.782140354e-06,1.351144332e-05,1.776533695e-05,0.0005078500218
4561.0,1.886911524e-06,5.566017243e-06,1.318714383e-05,1.728500165e-05,0.000526405955
4562.0,1.898108539e-06,5.527936295e-06,1.342018271e-05,1.734659149e-05,0.00055905512
4563.0,2.001265875e-06,5.648185017e-06,1.372777915e-05,1.777746925e-05,0.0005837976168
4564.0,2.013064162e-06,5.801812871e-06,1.378027731e-05,1.78788049e-05,0.0005728266219
4565.0,1.933144252e-06,5.69037917e-06,1.340308558e-05,1.767005946e-05,0.000544287111
4566.0,1.870217996e-06,5.484745578e-06,1.323995148e-05,1.753602411e-05,0.0005179611208
4567.0,1.930874275e-06,5.509493317e-06,1.337648331e-05,1.791781029e-05,0.0005107590997
4568.0,2.007567337e-06,5.675991088e-06,1.368230161e-05,1.808062891e-05,0.0005043086033
4569.0,1.974808341e-06,5.776373721e-06,1.347205376e-05,1.763418972e-05,0.0005083243069
4570.0,1.890150862e-06,5.593167815e-06,1.318839433e-05,1.717557212e-05,0.0005169770021
4571.0,1.889460157e-06,5.510318835e-06,1.333835935e-05,1.730716666e-05,0.0005497354383
4572.0,1.991657526e-06,5.631567024e-06,1.367064815e-05,1.767469843e-05,0.0005752651957
4573.0,2.020238561e-06,5.805486759e-06,1.379362064e-05,1.780459596e-05,0.0005759139642
4574.0,1.941470009e-06,5.709828296e-06,1.339963567e-05,1.768033371e-05,0.0005449858558
4575.0,1.872612914e-06,5.486207589e-06,1.319273169e-05,1.756002459e-05,0.000515750234
4576.0,1.925378382e-06,5.495568607e-06,1.334566079e-05,1.780987689e-05,0.0005042996594
4577.0,2.001836239e-06,5.641834599e-06,1.35875674e-05,1.803710316e-05,0.0005053443834
4578.0,1.979079273e-06,5.779548803e-06,1.34961851e-05,1.775361026e-05,0.0005031783131
4579.0,1.890975902e-06,5.592750756e-06,1.313339648e-05,1.711706368e-05,0.0005122211771
4580.0,1.882275425e-06,5.486037571e-06,1.326574643e-05,1.714249816e-05,0.0005383232917
4581.0,1.989338239e-06,5.615762448e-06,1.3664874e-05,1.766029437e-05,0.0005750598098
4582.0,2.025914856e-06,5.79527266e-06,1.385086906e-05,1.774303367e-05,0.0005734124238
4583.0,1.952200836e-06,5.730706371e-06,1.343030827e-05,1.752359034e-05,0.0005443958146
4584.0,1.870214129e-06,5.478321454e-06,1.315956886e-05,1.745913338e-05,0.0005108674849
4585.0,1.909251609e-06,5.47985051e-06,1.327692579e-05,1.779961739e-05,0.0005064192411
4586.0,2.000025987e-06,5.631433938e-06,1.354851555e-05,1.812511484e-05,0.0005014628386
4587.0,1.98713415e-06,5.759695702e-06,1.34787135e-05,1.79621226e-05,0.000500291688
4588.0,1.900401473e-06,5.618042725e-06,1.315392423e-05,1.744772246e-05,0.0005040495952
4589.0,1.877469775e-06,5.491547543e-06,1.321365923e-05,1.727043643e-05,0.0005392442469
4590.0,1.983901439e-06,5.611709041e-06,1.364329182e-05,1.756049777e-05,0.0005699918552
4591.0,2.023137232e-06,5.780836826e-06,1.386318189e-05,1.773278095e-05,0.0005702748024
4592.0,1.960896064e-06,5.758699411e-06,1.349374827e-05,1.757118053e-05,0.0005402912553
4593.0,1.874671127e-06,5.502962323e-06,1.317257494e-05,1.743777152e-05,0.00051433237
4594.0,1.903433742e-06,5.482476432e-06,1.330755114e-05,1.777431429e-05,0.0005032029311
4595.0,1.993842593e-06,5.619573003e-06,1.353524183e-05,1.811335654e-05,0.0005006992332
4596.0,1.99182358e-06,5.779568379e-06,1.349492877e-05,1.795849833e-05,0.0004946113668
4597.0,1.908523812e-06,5.638902485e-06,1.313842787e-05,1.752225456e-05,0.0005070045951
4598.0,1.884879361e-06,5.521547711e-06,1.324294302e-05,1.737591029e-05,0.0005309171123
4599.0,1.980383396e-06,5.610232738e-06,1.360204679e-05,1.769349678e-05,0.0005640653908
4600.0,2.027521604e-06,5.774008592e-06,1.384363424e-05,1.792269229e-05,0.0005646930046
4601.0,1.962925754e-06,5.777679139e-06,1.350185842e-05,1.783111238e-05,0.0005433646266
4602.0,1.880767584e-06,5.548900165e-06,1.319663676e-05,1.760813781e-05,0.0005131018459
4603.0,1.895948907e-06,5.496261145e-06,1.328174332e-05,1.785790105e-05,0.0005017530922
4604.0,1.992968881e-06,5.621387611e-06,1.356017381e-05,1.809085734e-05,0.0004956258346
4605.0,1.996775445e-06,5.796618977e-06,1.355249799e-05,1.793294363e-05,0.0004974567759
4606.0,1.91381973e-06,5.669334417e-06,1.315425817e-05,1.748879331e-05,0.0005003786505
4607.0,1.875750645e-06,5.517452373e-06,1.318897079e-05,1.729243957e-05,0.0005257558813
4608.0,1.968757642e-06,5.593618697e-06,1.354747798e-05,1.776417712e-05,0.0005579353748
4609.0,2.034566252e-06,5.765599191e-06,1.384309944e-05,1.809274906e-05,0.000570537095
4610.0,1.981526928e-06,5.805856959e-06,1.356653932e-05,1.798528473e-05,0.0005464344062
4611.0,1.89014926e-06,5.565734515e-06,1.322844613e-05,1.77628245e-05,0.000513477717
4612.0,1.899963739e-06,5.498363578e-06,1.329820011e-05,1.800130663e-05,0.0004992382647
4613.0,1.993132069e-06,5.610912643e-06,1.351403276e-05,1.832231551e-05,0.0005005325446
4614.0,2.005859092e-06,5.791343988e-06,1.361094631e-05,1.824485732e-05,0.0004970324331
4615.0,1.930287648e-06,5.702995969e-06,1.32444031e-05,1.765316373e-05,0.0005026712301
4616.0,1.880198946e-06,5.537214968e-06,1.32110641e-05,1.740121124e-05,0.0005208663506
4617.0,1.961359626e-06,5.601568736e-06,1.354712755e-05,1.762853112e-05,0.0005611831566
4618.0,2.036563146e-06,5.769040539e-06,1.387442533e-05,1.792963839e-05,0.0005726731393
4619.0,1.995308391e-06,5.824603726e-06,1.364430305e-05,1.787255168e-05,0.0005516784533
4620.0,1.898121861e-06,5.591329661e-06,1.326326729e-05,1.775986492e-05,0.0005169046418
4621.0,1.887555722e-06,5.492778192e-06,1.324848207e-05,1.800060998e-05,0.000504335347
4622.0,1.985311985e-06,5.606949014e-06,1.348873734e-05,1.843767906e-05,0.0005007910115
4623.0,2.007131364e-06,5.784674027e-06,1.360871943e-05,1.845128817e-05,0.0004995773748
4624.0,1.931827268e-06,5.7277773e-06,1.324602904e-05,1.788202684e-05,0.0004995230664
4625.0,1.877589813e-06,5.533920791e-06,1.316137182e-05,1.752508762e-05,0.0005239401122
4626.0,1.947350586e-06,5.596092247e-06,1.352550734e-05,1.767903684e-05,0.0005603941387
4627.0,2.025400114e-06,5.754766763e-06,1.385775993e-05,1.792284776e-05,0.0005751118213
4628.0,1.996034543e-06,5.838396548e-06,1.36978446e-05,1.780955115e-05,0.0005533115494
4629.0,1.896829228e-06,5.605854944e-06,1.325696434e-05,1.767759139e-05,0.0005225564826
4630.0,1.876085651e-06,5.490427758e-06,1.3237479e-05,1.790780274e-05,0.0005042752205
4631.0,1.973906657e-06,5.576671729e-06,1.345715495e-05,1.836571662e-05,0.0005018670954
4632.0,2.011386013e-06,5.764660569e-06,1.366202421e-05,1.844462426e-05,0.0004980508087
4633.0,1.939669415e-06,5.73720969e-06,1.326423446e-05,1.79253208e-05,0.0005025300619
4634.0,1.879526683e-06,5.55917555e-06,1.319265603e-05,1.755976436e-05,0.0005188366576
4635.0,1.938176351e-06,5.58981425e-06,1.350768212e-05,1.779113593e-05,0.0005561338675
4636.0,2.021652603e-06,5.73399019e-06,1.382351992e-05,1.811105483e-05,0.0005711811797
4637.0,1.999125282e-06,5.848603962e-06,1.371846431e-05,1.804762212e-05,0.0005581447946
4638.0,1.900763597e-06,5.631324478e-06,1.330318902e-05,1.770682728e-05,0.0005243284224
4639.0,1.875542853e-06,5.508666333e-06,1.328586761e-05,1.777074866e-05,0.0005064582502
4640.0,1.969499371e-06,5.59565689e-06,1.351181763e-05,1.817555477e-05,0.0005008138663
4641.0,2.008536035e-06,5.759954831e-06,1.366903237e-05,1.823275432e-05,0.0005009849179
4642.0,1.952917158e-06,5.767250383e-06,1.336096667e-05,1.786198129e-05,0.0005018462362
4643.0,1.879743383e-06,5.57285439e-06,1.320375962e-05,1.75028856e-05,0.0005199942103
4644.0,1.928813343e-06,5.579602843e-06,1.348984428e-05,1.772891695e-05,0.0005531571349
4645.0,2.023159918e-06,5.718322248e-06,1.382311063e-05,1.814848808e-05,0.0005751219362
4646.0,2.008402786e-06,5.849056688e-06,1.377589391e-05,1.811911155e-05,0.000560620009
4647.0,1.912470868e-06,5.658261436e-06,1.334626897e-05,1.785195221e-05,0.0005288337422
4648.0,1.87624622e-06,5.510015023e-06,1.329762706e-05,1.782205728e-05,0.0005066756502
4649.0,1.962083471e-06,5.588698293e-06,1.352366549e-05,1.826033996e-05,0.0005048148549
4650.0,2.014113626e-06,5.780337526e-06,1.37537778e-05,1.821160517e-05,0.0004999266595
4651.0,1.959177131e-06,5.786289978e-06,1.340754199e-05,1.781418964e-05,0.0005027143396
4652.0,1.885686819e-06,5.590709331e-06,1.325497188e-05,1.744827233e-05,0.000515419164
4653.0,1.920405084e-06,5.580330479e-06,1.349832524e-05,1.760080381e-05,0.0005537583727
4654.0,2.022280316e-06,5.724254236e-06,1.384752328e-05,1.807372544e-05,0.0005750387145
4655.0,2.020649139e-06,5.86576524e-06,1.38463849e-05,1.808880797e-05,0.0005629194439
4656.0,1.926145504e-06,5.684307808e-06,1.340631276e-05,1.790056619e-05,0.0005298484958
4657.0,1.878193916e-06,5.505063902e-06,1.32874651e-05,1.785274153e-05,0.0005101096825
4658.0,1.957814453e-06,5.56276738e-06,1.350649161e-05,1.823191864e-05,0.0005042079842
4659.0,2.014165825e-06,5.732571635e-06,1.375322599e-05,1.838200338e-05,0.0005027306692
4660.0,1.96236297e-06,5.787281855e-06,1.344972372e-05,1.80064941e-05,0.0005011841796
4661.0,1.886046905e-06,5.582486211e-06,1.321941925e-05,1.749008946e-05,0.0005170704714
4662.0,1.908517122e-06,5.558222987e-06,1.347625624e-05,1.758758638e-05,0.0005502079932
4663.0,2.017797353e-06,5.706019944e-06,1.38411815e-05,1.79413226e-05,0.0005756673964
4664.0,2.023813861e-06,5.857331537e-06,1.387984781e-05,1.797069425e-05,0.0005649804225
4665.0,1.932934745e-06,5.700975033e-06,1.342956698e-05,1.785421609e-05,0.0005356984426
4666.0,1.875298255e-06,5.507300223e-06,1.330015758e-05,1.791535764e-05,0.0005109203391
4667.0,1.950730599e-06,5.553652636e-06,1.348213259e-05,1.834908839e-05,0.0005075429246
4668.0,2.016024333e-06,5.720759108e-06,1.374285537e-05,1.856535063e-05,0.0005024048533
4669.0,1.971278184e-06,5.793015359e-06,1.349619745e-05,1.817239198e-05,0.0005048252935
4670.0,1.888562976e-06,5.598306443e-06,1.324747746e-05,1.759168413e-05,0.0005156094075
4671.0,1.899694196e-06,5.538411122e-06,1.342965925e-05,1.752371558e-05,0.0005506795354
4672.0,2.006260522e-06,5.672151415e-06,1.381531578e-05,1.792461954e-05,0.0005751571575
4673.0,2.024443182e-06,5.839893919e-06,1.391037558e-05,1.797720174e-05,0.000570545114
4674.0,1.939412146e-06,5.710785536e-06,1.347228462e-05,1.777616161e-05,0.0005393830528
4675.0,1.879727404e-06,5.51704091e-06,1.333045532e-05,1.787777844e-05,0.0005162049276
4676.0,1.942065676e-06,5.554743455e-06,1.349965418e-05,1.83295112e-05,0.0005081374871
4677.0,2.010782263e-06,5.697621267e-06,1.372622475e-05,1.862627636e-05,0.000505998339
4678.0,1.982545795e-06,5.799937613e-06,1.35641716e-05,1.839393516e-05,0.0005040053884
4679.0,1.893221224e-06,5.615854969e-06,1.327791872e-05,1.782934075e-05,0.0005170618382
4680.0,1.889604599e-06,5.525378018e-06,1.340339567e-05,1.770025617e-05,0.0005474140445
4681.0,1.995511798e-06,5.638644648e-06,1.375492198e-05,1.807449173e-05,0.000578754196
4682.0,2.017186314e-06,5.813397192e-06,1.391857019e-05,1.812923876e-05,0.000573288907
4683.0,1.936983719e-06,5.716441343e-06,1.347809124e-05,1.785044018e-05,0.0005454114952
4684.0,1.87324839e-06,5.513129568e-06,1.330698548e-05,1.770110035e-05,0.0005150819584
4685.0,1.929748222e-06,5.53101895e-06,1.349203159e-05,1.814357558e-05,0.0005104171495
4686.0,2.011202227e-06,5.69100889e-06,1.376568476e-05,1.84519984e-05,0.000504587264
4687.0,1.989626129e-06,5.806524548e-06,1.361907934e-05,1.822684819e-05,0.0005069785239
4688.0,1.900997926e-06,5.631873477e-06,1.33021724e-05,1.775167062e-05,0.0005137775595
4689.0,1.892749645e-06,5.544245899e-06,1.34337683e-05,1.781860243e-05,0.0005470418616
4690.0,1.995256541e-06,5.635541368e-06,1.377053087e-05,1.816768998e-05,0.0005782692296
4691.0,2.022065598e-06,5.78536177e-06,1.392660722e-05,1.835422881e-05,0.0005788936937
4692.0,1.94886232e-06,5.746471872e-06,1.355322096e-05,1.797956983e-05,0.0005495199732
4693.0,1.872841638e-06,5.514276749e-06,1.330729079e-05,1.777956318e-05,0.0005230464267
4694.0,1.920428152e-06,5.531650963e-06,1.348759993e-05,1.803307278e-05,0.0005127528795
4695.0,2.007139675e-06,5.665328284e-06,1.374314655e-05,1.828882246e-05,0.0005110349741
4696.0,1.989798095e-06,5.797289482e-06,1.364468564e-05,1.815902204e-05,0.0005082517669
4697.0,1.905686395e-06,5.637171607e-06,1.329834988e-05,1.760585508e-05,0.0005192298183
4698.0,1.883788308e-06,5.540712671e-06,1.340620738e-05,1.760904004e-05,0.0005458050048
4699.0,1.986622816e-06,5.641165245e-06,1.373938418e-05,1.805083873e-05,0.0005802178953
4700.0,2.028871145e-06,5.789084899e-06,1.395042979e-05,1.829574493e-05,0.0005808713054
4701.0,1.959106304e-06,5.757231324e-06,1.358058178e-05,1.807005156e-05,0.0005555098148
4702.0,1.875394161e-06,5.524151593e-06,1.330568373e-05,1.781446136e-05,0.0005222163282
4703.0,1.904397436e-06,5.493287351e-06,1.340516928e-05,1.807317204e-05,0.0005139663973
4704.0,2.001143045e-06,5.640764514e-06,1.372202715e-05,1.83637152e-05,0.000509820497
4705.0,1.988799198e-06,5.780107555e-06,1.365314865e-05,1.80800567e-05,0.0005122274288
4706.0,1.909419004e-06,5.659897838e-06,1.333838062e-05,1.755243131e-05,0.0005171759733
4707.0,1.878814597e-06,5.528852815e-06,1.338643838e-05,1.742106551e-05,0.0005473704758
4708.0,1.972383995e-06,5.625914431e-06,1.373074311e-05,1.781070444e-05,0.0005787352585
4709.0,2.024192785e-06,5.779673231e-06,1.394141462e-05,1.808789063e-05,0.0005864037647
4710.0,1.963552305e-06,5.762253237e-06,1.36214588e-05,1.804877682e-05,0.0005587821319
4711.0,1.878053072e-06,5.539898754e-06,1.333918605e-05,1.783939067e-05,0.0005292896924
4712.0,1.899407771e-06,5.484301755e-06,1.342015957e-05,1.802960025e-05,0.0005141828391
4713.0,1.998020313e-06,5.603995824e-06,1.369464908e-05,1.834162527e-05,0.0005143663625
4714.0,1.998374599e-06,5.770294161e-06,1.372464809e-05,1.813171667e-05,0.0005104798522
4715.0,1.915393235e-06,5.662632717e-06,1.335590479e-05,1.754407414e-05,0.000520292327
4716.0,1.880109434e-06,5.527648439e-06,1.339979325e-05,1.743686134e-05,0.0005422400371
4717.0,1.965473273e-06,5.605546622e-06,1.372850452e-05,1.778358554e-05,0.0005796720266
4718.0,2.029468793e-06,5.784472282e-06,1.401319806e-05,1.805781603e-05,0.0005874164186
4719.0,1.978245621e-06,5.802710875e-06,1.371292547e-05,1.803147596e-05,0.0005649466412
4720.0,1.881427582e-06,5.549101042e-06,1.33505745e-05,1.798717989e-05,0.0005292330668
4721.0,1.890031696e-06,5.492015208e-06,1.343850817e-05,1.81332019e-05,0.0005184375289
4722.0,1.993728687e-06,5.597358084e-06,1.367628731e-05,1.844538984e-05,0.0005141466035
4723.0,2.001355044e-06,5.750667762e-06,1.373991626e-05,1.831559327e-05,0.0005152913168
4724.0,1.918136256e-06,5.674062532e-06,1.337938564e-05,1.768540926e-05,0.0005180273091
4725.0,1.864777354e-06,5.486610847e-06,1.328317432e-05,1.731252416e-05,0.0005439589233
4726.0,1.948868433e-06,5.567152761e-06,1.364521127e-05,1.763801577e-05,0.0005783027352
4727.0,2.023330445e-06,5.73922242e-06,1.39741384e-05,1.788376605e-05,0.0005919522062
4728.0,1.986948299e-06,5.813547645e-06,1.377208396e-05,1.779379974e-05,0.0005690677567
4729.0,1.897223573e-06,5.578937008e-06,1.342194588e-05,1.771341405e-05,0.0005360668215
4730.0,1.883797523e-06,5.493242601e-06,1.34399675e-05,1.805565759e-05,0.0005190213947
4731.0,1.982634034e-06,5.579021062e-06,1.3666989e-05,1.848543745e-05,0.000517785966
4732.0,2.008037441e-06,5.757953109e-06,1.37877442e-05,1.845163236e-05,0.0005135901551
4733.0,1.927142786e-06,5.665548389e-06,1.336815419e-05,1.795557391e-05,0.0005201894824
4734.0,1.864215446e-06,5.494962974e-06,1.32861599e-05,1.758442783e-05,0.0005393634307
4735.0,1.937374739e-06,5.543713427e-06,1.362085212e-05,1.765046453e-05,0.0005808278037
4736.0,2.018085566e-06,5.69934532e-06,1.396743528e-05,1.780136792e-05,0.0005949418391
4737.0,1.984885193e-06,5.797361759e-06,1.379870193e-05,1.767407839e-05,0.0005753920978
4738.0,1.89754382e-06,5.585011377e-06,1.343960807e-05,1.744645297e-05,0.0005401960276
4739.0,1.885542204e-06,5.489531983e-06,1.345374391e-05,1.781841829e-05,0.0005245055388
4740.0,1.977148753e-06,5.58740192e-06,1.368613164e-05,1.832428097e-05,0.0005187091234
4741.0,2.0125682e-06,5.757376903e-06,1.380258879e-05,1.836173169e-05,0.0005184634397
4742.0,1.942025363e-06,5.708037071e-06,1.343326404e-05,1.794168701e-05,0.0005184048135
4743.0,1.875375535e-06,5.521043441e-06,1.332887345e-05,1.765258757e-05,0.0005414877697
4744.0,1.924189003e-06,5.546384159e-06,1.361668707e-05,1.780446512e-05,0.0005786085916
4745.0,2.01516638e-06,5.696804324e-06,1.39384042e-05,1.798768288e-05,0.0005962298821
4746.0,1.989561435e-06,5.788492624e-06,1.379918766e-05,1.786834402e-05,0.0005758148541
4747.0,1.895477165e-06,5.594635919e-06,1.341683112e-05,1.752209651e-05,0.0005460886168
4748.0,1.873782187e-06,5.469947622e-06,1.33933474e-05,1.758578538e-05,0.0005244478263
4749.0,1.968094456e-06,5.556836451e-06,1.364973566e-05,1.801496507e-05,0.0005208179206
4750.0,2.011421365e-06,5.742909509e-06,1.385252615e-05,1.812352151e-05,0.0005137811813
4751.0,1.958055889e-06,5.75044865e-06,1.353557108e-05,1.770846366e-05,0.0005216807315
4752.0,1.884621353e-06,5.538241383e-06,1.335500233e-05,1.739778669e-05,0.0005363571006
4753.0,1.925828913e-06,5.551529547e-06,1.363594581e-05,1.767984304e-05,0.0005749757572
4754.0,2.012955644e-06,5.687328305e-06,1.392760561e-05,1.789954535e-05,0.0005917769053
4755.0,1.998195099e-06,5.806010457e-06,1.383955138e-05,1.789895552e-05,0.0005829276559
4756.0,1.906851763e-06,5.618106994e-06,1.342950235e-05,1.766270925e-05,0.0005469146767
4757.0,1.872290671e-06,5.466838197e-06,1.33729783e-05,1.764323197e-05,0.0005251963547
4758.0,1.961998358e-06,5.533313372e-06,1.360104841e-05,1.779536479e-05,0.0005151136559
4759.0,2.007479141e-06,5.703335319e-06,1.383843576e-05,1.786912859e-05,0.0005170306093
4760.0,1.958741904e-06,5.768096381e-06,1.357120123e-05,1.743811728e-05,0.0005162846643
4761.0,1.888215244e-06,5.56431417e-06,1.336103929e-05,1.703338676e-05,0.0005336688784
4762.0,1.920809343e-06,5.548042757e-06,1.361966747e-05,1.73565023e-05,0.0005662481654
4763.0,2.019690106e-06,5.67448706e-06,1.395464518e-05,1.784940765e-05,0.0005956644472
4764.0,2.013461756e-06,5.804481125e-06,1.392001395e-05,1.788287073e-05,0.0005833184377
4765.0,1.919430334e-06,5.630086926e-06,1.344784601e-05,1.767847086e-05,0.0005494943074
4766.0,1.869819512e-06,5.458071259e-06,1.33351154e-05,1.775200603e-05,0.0005208272637
4767.0,1.954174291e-06,5.521060927e-06,1.356969439e-05,1.799200774e-05,0.0005200525795
4768.0,2.006668704e-06,5.687333372e-06,1.377448074e-05,1.803658278e-05,0.0005164986239
4769.0,1.959272875e-06,5.748889836e-06,1.349964328e-05,1.76090978e-05,0.0005182111341
4770.0,1.884535038e-06,5.568373613e-06,1.330653353e-05,1.716142914e-05,0.0005270588451
4771.0,1.908496503e-06,5.542433671e-06,1.354072817e-05,1.725632583e-05,0.0005664241816
4772.0,2.013207646e-06,5.662232048e-06,1.39009573e-05,1.773852157e-05,0.0005906201596
4773.0,2.017106992e-06,5.794603816e-06,1.392092077e-05,1.783626801e-05,0.0005830529997
4774.0,1.930618907e-06,5.657058083e-06,1.348316505e-05,1.760283208e-05,0.0005487579688
4775.0,1.870199471e-06,5.461066786e-06,1.330491062e-05,1.762133207e-05,0.0005272237169
4776.0,1.936094052e-06,5.505722921e-06,1.348444296e-05,1.801575796e-05,0.0005176792097
4777.0,2.00454101e-06,5.672022966e-06,1.372138535e-05,1.812060577e-05,0.0005140702027
4778.0,1.966282687e-06,5.763499367e-06,1.349000649e-05,1.775827884e-05,0.0005106341395
4779.0,1.881775413e-06,5.564484898e-06,1.321140646e-05,1.728257364e-05,0.000529365564
4780.0,1.888564819e-06,5.508058948e-06,1.340726014e-05,1.726208879e-05,0.0005595249541
4781.0,1.994934284e-06,5.625975612e-06,1.376591352e-05,1.765769527e-05,0.0005866783509
4782.0,2.015282138e-06,5.787919671e-06,1.389093281e-05,1.773052044e-05,0.0005778036005
4783.0,1.933098617e-06,5.681790073e-06,1.34764205e-05,1.756480594e-05,0.0005518834206
4784.0,1.869309036e-06,5.473073978e-06,1.330248629e-05,1.750114319e-05,0.0005236611121
4785.0,1.925865093e-06,5.509160052e-06,1.346828374e-05,1.790274898e-05,0.0005173382894
4786.0,2.002734809e-06,5.662075331e-06,1.371594562e-05,1.818239408e-05,0.0005085588021
4787.0,1.975600401e-06,5.753951961e-06,1.351415252e-05,1.79620764e-05,0.0005140852462
4788.0,1.888846577e-06,5.570271268e-06,1.319768761e-05,1.742212315e-05,0.0005207593634
4789.0,1.881794232e-06,5.488379274e-06,1.333976634e-05,1.735597254e-05,0.0005535464202
4790.0,1.990212044e-06,5.616734463e-06,1.373105616e-05,1.766971228e-05,0.0005796856823
4791.0,2.018135118e-06,5.798854655e-06,1.390761542e-05,1.778456816e-05,0.0005824507864
4792.0,1.941441288e-06,5.717876692e-06,1.35022739e-05,1.761674046e-05,0.000552343758
4793.0,1.874751253e-06,5.510702225e-06,1.331551357e-05,1.753906351e-05,0.0005253121996
4794.0,1.927715904e-06,5.515936686e-06,1.346738471e-05,1.787531509e-05,0.0005127204226
4795.0,2.005476053e-06,5.644727106e-06,1.37008352e-05,1.808544847e-05,0.0005141506791
4796.0,1.985700289e-06,5.774203196e-06,1.359154165e-05,1.785939217e-05,0.0005103076645
4797.0,1.900732057e-06,5.611182903e-06,1.326751675e-05,1.730692237e-05,0.0005196048223
4798.0,1.8866985e-06,5.508992139e-06,1.335855814e-05,1.730064549e-05,0.0005457960213
4799.0,1.987178387e-06,5.616498499e-06,1.370272545e-05,1.759374324e-05,0.0005828708669
4800.0,2.025030472e-06,5.794256892e-06,1.391300314e-05,1.772778435e-05,0.0005810239205
4801.0,1.952311194e-06,5.743109959e-06,1.351249023e-05,1.75496576e-05,0.0005533527712
4802.0,1.874591552e-06,5.508618941e-06,1.326029036e-05,1.750462708e-05,0.0005210248869
4803.0,1.914021865e-06,5.503256471e-06,1.33896521e-05,1.783047881e-05,0.0005143718296
4804.0,2.007863098e-06,5.653682068e-06,1.368732122e-05,1.815420909e-05,0.0005090840283
4805.0,1.996224642e-06,5.794432523e-06,1.363623111e-05,1.799031018e-05,0.0005089680779
4806.0,1.909156037e-06,5.624282868e-06,1.325649001e-05,1.742666425e-05,0.0005132970404
4807.0,1.879173354e-06,5.489186366e-06,1.329583973e-05,1.718874341e-05,0.0005470102509
4808.0,1.972949552e-06,5.592208348e-06,1.362635618e-05,1.753391144e-05,0.000577691712
4809.0,2.016605197e-06,5.766651219e-06,1.383828852e-05,1.769266838e-05,0.0005808440477
4810.0,1.953277648e-06,5.743724933e-06,1.347465768e-05,1.743552431e-05,0.0005510917286
4811.0,1.874049646e-06,5.508615806e-06,1.320800325e-05,1.739072174e-05,0.0005233342146
4812.0,1.900829142e-06,5.480596074e-06,1.332372104e-05,1.782904028e-05,0.0005110425245
4813.0,1.998343107e-06,5.610361605e-06,1.357765205e-05,1.81096648e-05,0.0005090334384
4814.0,1.993454468e-06,5.760676121e-06,1.355228296e-05,1.796654156e-05,0.0005034160529
4815.0,1.912019559e-06,5.633608779e-06,1.320580315e-05,1.746624671e-05,0.000513903133
4816.0,1.87586852e-06,5.488932105e-06,1.325768916e-05,1.730109871e-05,0.0005377418734
4817.0,1.972956654e-06,5.592719456e-06,1.363534363e-05,1.754095206e-05,0.0005732362362
4818.0,2.031685476e-06,5.772764093e-06,1.390620139e-05,1.777010654e-05,0.0005744905297
4819.0,1.969884369e-06,5.783943237e-06,1.355142943e-05,1.762114224e-05,0.0005531926683
4820.0,1.883741141e-06,5.545282636e-06,1.323052246e-05,1.734345266e-05,0.0005213504427
4821.0,1.895711678e-06,5.491838233e-06,1.330529566e-05,1.770222524e-05,0.00050736176
4822.0,1.991068581e-06,5.600431671e-06,1.353250428e-05,1.810533011e-05,0.0005018390602
4823.0,1.996775687e-06,5.768650407e-06,1.354995307e-05,1.798613869e-05,0.0005058740658
4824.0,1.916321666e-06,5.670940414e-06,1.31760897e-05,1.745964146e-05,0.0005100145609
4825.0,1.871826589e-06,5.489557197e-06,1.316730418e-05,1.730267261e-05,0.0005335439353
4826.0,1.954344288e-06,5.562146498e-06,1.351776901e-05,1.761187731e-05,0.0005644040621
4827.0,2.026902602e-06,5.734021404e-06,1.382955086e-05,1.775907951e-05,0.0005768488887
4828.0,1.975724546e-06,5.781677499e-06,1.356185151e-05,1.765930592e-05,0.0005522575081
4829.0,1.879017448e-06,5.551602004e-06,1.31716744e-05,1.748856894e-05,0.0005184381269
4830.0,1.883391144e-06,5.481460484e-06,1.323254038e-05,1.7726741e-05,0.000501538658
4831.0,1.984202169e-06,5.592328648e-06,1.349636613e-05,1.811558646e-05,0.0005039211058
4832.0,1.994660244e-06,5.74819441e-06,1.3537771e-05,1.811995946e-05,0.0005013409749
4833.0,1.920314215e-06,5.681957422e-06,1.319628689e-05,1.758266727e-05,0.0005055396539
4834.0,1.875807978e-06,5.519665758e-06,1.317700184e-05,1.731294645e-05,0.0005227479121
4835.0,1.949215663e-06,5.55861334e-06,1.349813552e-05,1.773539309e-05,0.0005634848462
4836.0,2.030017624e-06,5.725824338e-06,1.383378975e-05,1.800990689e-05,0.0005736107303
4837.0,1.986925111e-06,5.789521481e-06,1.360604147e-05,1.782090292e-05,0.000551839757
4838.0,1.894722e-06,5.576134584e-06,1.324576224e-05,1.759919582e-05,0.0005170620814
4839.0,1.881526966e-06,5.486676472e-06,1.323687006e-05,1.780995024e-05,0.0005055373754
4840.0,1.978826948e-06,5.591305864e-06,1.346838476e-05,1.81156321e-05,0.0005018342881
4841.0,2.006391463e-06,5.768877159e-06,1.361896264e-05,1.814825922e-05,0.0005009779993
4842.0,1.934445304e-06,5.736290322e-06,1.325758416e-05,1.764445167e-05,0.0005000509901
4843.0,1.874355794e-06,5.545625787e-06,1.314291432e-05,1.730370913e-05,0.000523329273
4844.0,1.939057389e-06,5.578569837e-06,1.347248894e-05,1.765328954e-05,0.0005566092852
4845.0,2.029451163e-06,5.738143471e-06,1.381334336e-05,1.792317707e-05,0.0005711268142
4846.0,1.998772731e-06,5.818155736e-06,1.365654202e-05,1.784956111e-05,0.000550127666
4847.0,1.898307963e-06,5.594220663e-06,1.324401664e-05,1.765214487e-05,0.0005219503182
4848.0,1.875292819e-06,5.490015818e-06,1.322231052e-05,1.776374687e-05,0.0005035163372
4849.0,1.973406731e-06,5.597158401e-06,1.346599293e-05,1.816999597e-05,0.0005001759636
4850.0,2.012812335e-06,5.777683052e-06,1.364736311e-05,1.818764387e-05,0.000494308974
4851.0,1.946091271e-06,5.760670994e-06,1.328609773e-05,1.768954316e-05,0.0005022326834
4852.0,1.875926422e-06,5.575090057e-06,1.316052184e-05,1.733528104e-05,0.0005172304684
4853.0,1.931795604e-06,5.601644978e-06,1.348120861e-05,1.746868674e-05,0.00055338698
4854.0,2.02810818e-06,5.744927838e-06,1.383697084e-05,1.787505504e-05,0.0005687041778
4855.0,2.011307288e-06,5.849779371e-06,1.371748653e-05,1.783963066e-05,0.0005565854611
4856.0,1.912589326e-06,5.634315623e-06,1.328717263e-05,1.765000719e-05,0.0005239403134
4857.0,1.874766734e-06,5.484214072e-06,1.322264468e-05,1.770233102e-05,0.0005037971575
4858.0,1.964402995e-06,5.561881563e-06,1.343628376e-05,1.814345571e-05,0.0004963589786
4859.0,2.01287686e-06,5.748069268e-06,1.364389362e-05,1.829988187e-05,0.0004982947123
4860.0,1.952639274e-06,5.756466222e-06,1.329252428e-05,1.78118866e-05,0.0004984871881
4861.0,1.878933853e-06,5.563850077e-06,1.313277451e-05,1.744942978e-05,0.0005132404392
4862.0,1.924012409e-06,5.570142162e-06,1.343783063e-05,1.764936884e-05,0.0005463742118
4863.0,2.023410891e-06,5.718080614e-06,1.378900768e-05,1.802515151e-05,0.0005743301462
4864.0,2.01501822e-06,5.867189417e-06,1.377040935e-05,1.80346069e-05,0.000559215462
4865.0,1.92272375e-06,5.677890685e-06,1.332786002e-05,1.789234841e-05,0.0005246496834
4866.0,1.879030225e-06,5.497270538e-06,1.323791151e-05,1.787809496e-05,0.0005014487433
4867.0,1.961630782e-06,5.565425152e-06,1.344554094e-05,1.822143805e-05,0.0005020300988
4868.0,2.014035441e-06,5.731855451e-06,1.36610758e-05,1.839577489e-05,0.0004974942684
4869.0,1.960592382e-06,5.778494539e-06,1.333572175e-05,1.80015731e-05,0.0004986048835
4870.0,1.883954568e-06,5.582193757e-06,1.312977084e-05,1.745246622e-05,0.0005104026551
4871.0,1.916817029e-06,5.557353418e-06,1.338433718e-05,1.76416822e-05,0.0005499642612
4872.0,2.020690871e-06,5.696547586e-06,1.37660201e-05,1.801177898e-05,0.0005748633219
4873.0,2.027043887e-06,5.864998493e-06,1.383863079e-05,1.808932051e-05,0.0005631095294
4874.0,1.937564828e-06,5.711613646e-06,1.340293667e-05,1.782359203e-05,0.0005289167838
4875.0,1.879354963e-06,5.507436926e-06,1.323509388e-05,1.791040716e-05,0.0005077159066
4876.0,1.953535184e-06,5.563706376e-06,1.345710937e-05,1.828093929e-05,0.0005017558403
4877.0,2.016453277e-06,5.722677719e-06,1.36708696e-05,1.850142325e-05,0.0005002126086
4878.0,1.972162984e-06,5.793568321e-06,1.340793952e-05,1.82008021e-05,0.0004968093527
4879.0,1.888866225e-06,5.594647742e-06,1.313016969e-05,1.764332286e-05,0.0005139705123
4880.0,1.905974704e-06,5.549050163e-06,1.334795897e-05,1.762416333e-05,0.0005460112177
4881.0,2.009309132e-06,5.66964209e-06,1.369706294e-05,1.78858289e-05,0.0005729272946
4882.0,2.02189673e-06,5.833937618e-06,1.382420731e-05,1.803637053e-05,0.0005630889635
4883.0,1.937596903e-06,5.71984768e-06,1.339592021e-05,1.787133372e-05,0.0005354986652
4884.0,1.878059693e-06,5.520035548e-06,1.323146573e-05,1.786105851e-05,0.0005076303641
4885.0,1.944968777e-06,5.560772027e-06,1.344563345e-05,1.829547014e-05,0.0005024098592
4886.0,2.01455483e-06,5.718472815e-06,1.368832006e-05,1.857518065e-05,0.0004973499599
4887.0,1.977739802e-06,5.805679598e-06,1.346184013e-05,1.816359442e-05,0.0005011272806
4888.0,1.894169315e-06,5.6198952e-06,1.319356564e-05,1.767237514e-05,0.000511994505
4889.0,1.894811175e-06,5.547015962e-06,1.335443952e-05,1.766522917e-05,0.000544095566
4890.0,2.007903586e-06,5.689959798e-06,1.372803304e-05,1.797698287e-05,0.000570540528
4891.0,2.027701092e-06,5.84837149e-06,1.386205411e-05,1.805324526e-05,0.0005683558029
4892.0,1.947988158e-06,5.759039506e-06,1.346375433e-05,1.780251969e-05,0.0005384953035
4893.0,1.882623012e-06,5.555417125e-06,1.330005797e-05,1.779884175e-05,0.0005119993242
4894.0,1.936525517e-06,5.550646692e-06,1.345028047e-05,1.824753525e-05,0.000501937673
4895.0,2.021029035e-06,5.707565792e-06,1.376065428e-05,1.851559553e-05,0.0005026903229
4896.0,1.996614011e-06,5.843140921e-06,1.362514009e-05,1.834242841e-05,0.0005006020617
4897.0,1.90788055e-06,5.660197087e-06,1.32854529e-05,1.774362192e-05,0.000511100341
4898.0,1.894341773e-06,5.563668174e-06,1.340481816e-05,1.776235729e-05,0.0005398021627
4899.0,2.003309815e-06,5.686242415e-06,1.377362341e-05,1.81390764e-05,0.0005735406367
4900.0,2.038288311e-06,5.857510911e-06,1.395443736e-05,1.827248959e-05,0.0005731345544
4901.0,1.96493945e-06,5.790517286e-06,1.357135231e-05,1.808992325e-05,0.0005449736208
4902.0,1.885217149e-06,5.567479105e-06,1.331318094e-05,1.792908926e-05,0.000514075987
4903.0,1.929386648e-06,5.559800666e-06,1.343835996e-05,1.821177013e-05,0.0005072945751
4904.0,2.017473618e-06,5.706760244e-06,1.37319184e-05,1.847305839e-05,0.0005022926169
4905.0,1.999920526e-06,5.839015775e-06,1.364727192e-05,1.819505327e-05,0.0005039100884
4906.0,1.919721296e-06,5.692351224e-06,1.33338993e-05,1.769165872e-05,0.0005090054752
4907.0,1.899221927e-06,5.573931731e-06,1.342050919e-05,1.774859989e-05,0.0005423180399
4908.0,1.997322727e-06,5.692795099e-06,1.380570924e-05,1.815489836e-05,0.0005740895034
4909.0,2.040046894e-06,5.855599022e-06,1.398330105e-05,1.832915204e-05,0.0005766910887
4910.0,1.972689635e-06,5.819753706e-06,1.361807782e-05,1.818499253e-05,0.0005463402829
4911.0,1.885700037e-06,5.575440924e-06,1.332431718e-05,1.80893387e-05,0.0005194399461
4912.0,1.913455494e-06,5.564768124e-06,1.344313748e-05,1.831972338e-05,0.0005082991655
4913.0,2.007235342e-06,5.684088035e-06,1.369035457e-05,1.851887721e-05,0.0005057385899
4914.0,2.003040883e-06,5.841900123e-06,1.367470713e-05,1.830907548e-05,0.0005018978819
4915.0,1.911515217e-06,5.685027632e-06,1.326465746e-05,1.772301596e-05,0.0005120662725
4916.0,1.891715298e-06,5.57844555e-06,1.337471575e-05,1.758696468e-05,0.0005380187816
4917.0,1.983537075e-06,5.6650777e-06,1.372723508e-05,1.793350835e-05,0.0005721835935
4918.0,2.037209011e-06,5.832115838e-06,1.398452305e-05,1.82044164e-05,0.0005759548745
4919.0,1.977736069e-06,5.824628186e-06,1.363529267e-05,1.802959215e-05,0.0005514650223
4920.0,1.892464435e-06,5.589626304e-06,1.334186215e-05,1.802132902e-05,0.0005221252866
4921.0,1.902418102e-06,5.551117867e-06,1.34344777e-05,1.829861838e-05,0.0005101368928
4922.0,2.001182702e-06,5.681108397e-06,1.366209931e-05,1.857488783e-05,0.0005033660456
4923.0,1.998761277e-06,5.80778053e-06,1.360544647e-05,1.842603726e-05,0.0005043711554
4924.0,1.916038545e-06,5.688010319e-06,1.326174013e-05,1.785791232e-05,0.000509556033
4925.0,1.876661824e-06,5.538982829e-06,1.329136316e-05,1.762359084e-05,0.0005361469901
4926.0,1.969451195e-06,5.623257722e-06,1.366887276e-05,1.78791317e-05,0.0005698008647
4927.0,2.030168171e-06,5.787532891e-06,1.395128964e-05,1.807993899e-05,0.0005788154654
4928.0,1.978667469e-06,5.830330836e-06,1.365818722e-05,1.784101379e-05,0.0005543735779
4929.0,1.8904892e-06,5.58804064e-06,1.331368669e-05,1.769034503e-05,0.0005245303016
4930.0,1.895293988e-06,5.520362089e-06,1.338895199e-05,1.812062975e-05,0.0005084615622
4931.0,1.99521659e-06,5.651305518e-06,1.365553662e-05,1.854831617e-05,0.0005077746077
4932.0,2.010146689e-06,5.818358135e-06,1.370346681e-05,1.845358081e-05,0.0005042074057
4933.0,1.930326253e-06,5.705239166e-06,1.330985603e-05,1.801599039e-05,0.000510687726
4934.0,1.871446479e-06,5.525604907e-06,1.326061262e-05,1.774830171e-05,0.000529373359
4935.0,1.951854294e-06,5.596159065e-06,1.359391219e-05,1.790557814e-05,0.0005678752519
4936.0,2.023048945e-06,5.753349652e-06,1.390608942e-05,1.806467062e-05,0.0005787294253
4937.0,1.976389203e-06,5.795371425e-06,1.362740032e-05,1.785717985e-05,0.0005599623881
4938.0,1.886923473e-06,5.580752784e-06,1.330745784e-05,1.760591996e-05,0.0005250107852
4939.0,1.888017004e-06,5.50947963e-06,1.335239281e-05,1.783694837e-05,0.0005111075465
4940.0,1.99118568e-06,5.620290542e-06,1.366486917e-05,1.838023987e-05,0.0005069018631
4941.0,2.011151232e-06,5.795283233e-06,1.3775792e-05,1.837748484e-05,0.0005069074878
4942.0,1.940686428e-06,5.725278994e-06,1.338610598e-05,1.785629479e-05,0.0005078453819
4943.0,1.88273256e-06,5.528966186e-06,1.329837198e-05,1.769209198e-05,0.0005304970995
4944.0,1.941991689e-06,5.57629241e-06,1.359625175e-05,1.791723073e-05,0.0005652492884
4945.0,2.020402906e-06,5.738626525e-06,1.388572262e-05,1.822693309e-05,0.0005824598277
4946.0,1.992388931e-06,5.814068978e-06,1.372361122e-05,1.812796327e-05,0.000563435097
4947.0,1.895445451e-06,5.582469036e-06,1.329562174e-05,1.786627662e-05,0.0005313878895
4948.0,1.882647465e-06,5.491104471e-06,1.333106546e-05,1.794772643e-05,0.0005120213746
4949.0,1.984351009e-06,5.591394802e-06,1.363421571e-05,1.829900695e-05,0.0005109133947
4950.0,2.01681419e-06,5.779127512e-06,1.384228329e-05,1.829624249e-05,0.0005058606837
4951.0,1.946698099e-06,5.757719386e-06,1.345966477e-05,1.780805158e-05,0.0005117008675
4952.0,1.88535133e-06,5.571080534e-06,1.334559943e-05,1.746285764e-05,0.0005297051166
4953.0,1.940480286e-06,5.58575838e-06,1.36365486e-05,1.78603455e-05,0.0005686671132
4954.0,2.028915277e-06,5.745165793e-06,1.396012191e-05,1.819060096e-05,0.0005833289901
4955.0,2.00321992e-06,5.85301967e-06,1.38056337e-05,1.813429015e-05,0.0005680541419
4956.0,1.907308228e-06,5.615107307e-06,1.338625954e-05,1.792168327e-05,0.0005341935938
4957.0,1.882506246e-06,5.492206886e-06,1.337366324e-05,1.800476249e-05,0.000518706623
4958.0,1.97493776e-06,5.581596179e-06,1.36222404e-05,1.831401324e-05,0.0005127607559
4959.0,2.018926344e-06,5.769272829e-06,1.383801022e-05,1.833770233e-05,0.0005128960356
4960.0,1.956482784e-06,5.771438857e-06,1.350013541e-05,1.796175632e-05,0.0005126121579
4961.0,1.889774817e-06,5.578986733e-06,1.336334663e-05,1.757439457e-05,0.0005327425876
4962.0,1.936534684e-06,5.58801789e-06,1.3646773e-05,1.77726676e-05,0.00056744165
4963.0,2.028384959e-06,5.717977972e-06,1.395660648e-05,1.813866792e-05,0.0005894902151
4964.0,2.011509367e-06,5.850875484e-06,1.388456992e-05,1.814834572e-05,0.0005739044773
4965.0,1.913754353e-06,5.65440446e-06,1.346402807e-05,1.791647785e-05,0.0005422297266
4966.0,1.882082562e-06,5.500692492e-06,1.342147864e-05,1.796436512e-05,0.0005188173073
4967.0,1.969008211e-06,5.562306883e-06,1.360653529e-05,1.835628698e-05,0.0005169126546
4968.0,2.01669223e-06,5.73232744e-06,1.380259019e-05,1.842629541e-05,0.0005128202186
4969.0,1.960052783e-06,5.755495565e-06,1.350304303e-05,1.796167088e-05,0.0005175501297
4970.0,1.880841388e-06,5.559809003e-06,1.330846421e-05,1.757056486e-05,0.0005301221963
4971.0,1.91965334e-06,5.556224513e-06,1.357194193e-05,1.773488259e-05,0.0005692872354
4972.0,2.023594973e-06,5.696529569e-06,1.394721053e-05,1.818956148e-05,0.0005910577089
4973.0,2.017591456e-06,5.839617383e-06,1.3944236e-05,1.819354494e-05,0.0005805005892
4974.0,1.929744603e-06,5.682904848e-06,1.352485645e-05,1.793521898e-05,0.0005460245794
4975.0,1.881741579e-06,5.503258261e-06,1.341374528e-05,1.792034825e-05,0.0005238755331
4976.0,1.960374713e-06,5.568995622e-06,1.363289168e-05,1.820821106e-05,0.0005167526486
4977.0,2.010485058e-06,5.717065215e-06,1.383607636e-05,1.839052105e-05,0.0005192045457
4978.0,1.964678622e-06,5.77189307e-06,1.354625871e-05,1.808096682e-05,0.0005167752371
4979.0,1.877831236e-06,5.538395672e-06,1.32536792e-05,1.755563786e-05,0.0005327928629
4980.0,1.901655361e-06,5.528362297e-06,1.350435432e-05,1.760384198e-05,0.0005659647676
4981.0,2.008731965e-06,5.672788995e-06,1.387828438e-05,1.792672944e-05,0.0005925317992
4982.0,2.019032733e-06,5.838375472e-06,1.397631497e-05,1.79898703e-05,0.0005815028635
4983.0,1.926090144e-06,5.668825531e-06,1.348037425e-05,1.780295947e-05,0.0005499869025
4984.0,1.871685059e-06,5.482490825e-06,1.333528433e-05,1.777878827e-05,0.0005226602725
4985.0,1.946451537e-06,5.544023267e-06,1.358089473e-05,1.821574885e-05,0.0005195750945
4986.0,2.01554676e-06,5.710881193e-06,1.386666725e-05,1.838006874e-05,0.0005143402166
4987.0,1.975798867e-06,5.784978389e-06,1.360766771e-05,1.806357254e-05,0.000519378762
4988.0,1.886226386e-06,5.579902557e-06,1.331681304e-05,1.747189819e-05,0.0005295622186
4989.0,1.893663879e-06,5.509064767e-06,1.351420365e-05,1.750796736e-05,0.0005664187545
4990.0,2.002552977e-06,5.656836222e-06,1.389317474e-05,1.781912656e-05,0.0005931659596
4991.0,2.016032706e-06,5.814876951e-06,1.394645198e-05,1.792512481e-05,0.0005870203665
4992.0,1.935576794e-06,5.701581669e-06,1.35332785e-05,1.770411498e-05,0.0005545538701
4993.0,1.873169668e-06,5.481517647e-06,1.336227458e-05,1.7664821e-05,0.0005280675716
4994.0,1.935412674e-06,5.506622907e-06,1.351871205e-05,1.804289938e-05,0.0005187496827
4995.0,2.005324825e-06,5.674084247e-06,1.37699762e-05,1.820087088e-05,0.000517740546
4996.0,1.975940034e-06,5.788272173e-06,1.360434264e-05,1.787952864e-05,0.0005161608557
4997.0,1.892096657e-06,5.592082253e-06,1.329225734e-05,1.738761482e-05,0.0005279359375
4998.0,1.891722302e-06,5.514750013e-06,1.348955447e-05,1.73707303e-05,0.000557373039
4999.0,1.999934181e-06,5.636246966e-06,1.386877162e-05,1.778728908e-05,0.0005911123829
5000.0,2.021402556e-06,5.804367621e-06,1.402066944e-05,1.789015178e-05,0.0005863822599
5001.0,1.94228095e-06,5.724873484e-06,1.358708242e-05,1.76988475e-05,0.0005560675108
5002.0,1.877320744e-06,5.510393052e-06,1.340402089e-05,1.758776348e-05,0.0005246668508
5003.0,1.927359411e-06,5.506955295e-06,1.353078895e-05,1.789797313e-05,0.0005192229014
5004.0,2.010122485e-06,5.653634685e-06,1.376469237e-05,1.81541466e-05,0.0005162627958
5005.0,1.978755041e-06,5.768427283e-06,1.360155717e-05,1.784349191e-05,0.0005166738558
5006.0,1.891333584e-06,5.601043867e-06,1.327571373e-05,1.731833774e-05,0.0005224866287
5007.0,1.884269479e-06,5.506917145e-06,1.339462929e-05,1.732392676e-05,0.0005569337445
5008.0,1.98965471e-06,5.6252746e-06,1.379326938e-05,1.76262189e-05,0.0005891599037
5009.0,2.025525282e-06,5.786778633e-06,1.400132736e-05,1.782775581e-05,0.000588480492
5010.0,1.949663617e-06,5.731742068e-06,1.359900201e-05,1.768597255e-05,0.0005571919248
5011.0,1.87068129e-06,5.498229047e-06,1.331129883e-05,1.759413103e-05,0.000529661702
5012.0,1.91355416e-06,5.500724749e-06,1.34817946e-05,1.790650202e-05,0.0005188942788
5013.0,2.001961729e-06,5.630690241e-06,1.374645312e-05,1.824076355e-05,0.0005173722154
5014.0,1.992956865e-06,5.773090137e-06,1.367306077e-05,1.800124553e-05,0.0005126764195
5015.0,1.899115228e-06,5.605857588e-06,1.324112059e-05,1.746398992e-05,0.0005254709609
5016.0,1.878178885e-06,5.498218642e-06,1.335275933e-05,1.73564181e-05,0.0005519984292
5017.0,1.981680528e-06,5.609010333e-06,1.375017004e-05,1.769918348e-05,0.0005882988956
5018.0,2.027652026e-06,5.774999805e-06,1.398096575e-05,1.784300147e-05,0.000587021278
5019.0,1.958969362e-06,5.746455827e-06,1.358666464e-05,1.763491487e-05,0.0005624729163
5020.0,1.877153086e-06,5.517159321e-06,1.33260929e-05,1.754606315e-05,0.0005296601448
5021.0,1.905079677e-06,5.489100565e-06,1.34465628e-05,1.791634182e-05,0.0005190258413
5022.0,1.999770753e-06,5.616721774e-06,1.370795837e-05,1.823036052e-05,0.0005129311685
5023.0,2.000122005e-06,5.773888953e-06,1.368474989e-05,1.802649412e-05,0.0005162631274
5024.0,1.916545869e-06,5.646983208e-06,1.332848028e-05,1.751119564e-05,0.0005207756591
5025.0,1.879477204e-06,5.502181233e-06,1.337161645e-05,1.736753842e-05,0.0005514288274
5026.0,1.96992784e-06,5.58425978e-06,1.371126489e-05,1.765070523e-05,0.0005806574544
5027.0,2.030711856e-06,5.773148953e-06,1.397760819e-05,1.791948066e-05,0.0005903548506
5028.0,1.969837957e-06,5.77004481e-06,1.361862238e-05,1.77575531e-05,0.000564173287
5029.0,1.882464793e-06,5.535376466e-06,1.332665292e-05,1.74898555e-05,0.0005320359145
5030.0,1.898303314e-06,5.481838891e-06,1.341716316e-05,1.774032621e-05,0.0005143233445
5031.0,1.997245153e-06,5.610679056e-06,1.367388754e-05,1.809902274e-05,0.0005171212253
5032.0,2.005201915e-06,5.798918093e-06,1.374207461e-05,1.795936365e-05,0.0005147906486
5033.0,1.92401288e-06,5.675488895e-06,1.334973152e-05,1.737815298e-05,0.0005222961596
5034.0,1.881918961e-06,5.509712971e-06,1.332656677e-05,1.716689804e-05,0.0005413315111
5035.0,1.962005948e-06,5.577297517e-06,1.36487478e-05,1.755446494e-05,0.0005822707681
5036.0,2.027861246e-06,5.756314648e-06,1.394792308e-05,1.7742056e-05,0.0005909895241
5037.0,1.98056696e-06,5.803888083e-06,1.36666687e-05,1.770103181e-05,0.0005672966866
5038.0,1.892714685e-06,5.562921078e-06,1.332885453e-05,1.753720904e-05,0.0005300949403
5039.0,1.897723638e-06,5.493204492e-06,1.3394769e-05,1.780982258e-05,0.0005195999944
5040.0,1.995235907e-06,5.603547856e-06,1.364496263e-05,1.820386493e-05,0.0005141556389
5041.0,2.006494559e-06,5.775639297e-06,1.371616544e-05,1.805442247e-05,0.0005145638281
5042.0,1.933891801e-06,5.709940226e-06,1.336270109e-05,1.754839888e-05,0.0005152050539
5043.0,1.882284207e-06,5.527098835e-06,1.329535176e-05,1.721530982e-05,0.0005436365507
5044.0,1.957396679e-06,5.591048969e-06,1.361254128e-05,1.754403461e-05,0.0005796943713
5045.0,2.025857719e-06,5.737730593e-06,1.391507539e-05,1.781299538e-05,0.0005912065525
5046.0,1.981234086e-06,5.790224784e-06,1.36503105e-05,1.757876009e-05,0.000562538626
5047.0,1.890253398e-06,5.571579664e-06,1.326972682e-05,1.739765034e-05,0.000532674518
5048.0,1.887526087e-06,5.49576205e-06,1.332241357e-05,1.767859898e-05,0.0005165621462
5049.0,1.987801432e-06,5.589515879e-06,1.359597173e-05,1.813546638e-05,0.0005145039098
5050.0,2.014545034e-06,5.764096202e-06,1.371083376e-05,1.812935281e-05,0.0005075289171
5051.0,1.94080777e-06,5.708077611e-06,1.331665085e-05,1.763940728e-05,0.0005175173334
5052.0,1.877392233e-06,5.527819553e-06,1.323361313e-05,1.738021021e-05,0.0005359108081
5053.0,1.940657917e-06,5.570057563e-06,1.354212297e-05,1.763845481e-05,0.000573838489
5054.0,2.022730588e-06,5.713165141e-06,1.384694535e-05,1.785035549e-05,0.0005841089954
5055.0,1.990146565e-06,5.793870931e-06,1.366337803e-05,1.774869619e-05,0.0005673901583
5056.0,1.889557218e-06,5.574595882e-06,1.323765823e-05,1.74968301e-05,0.0005334580039
5057.0,1.8755924e-06,5.467024645e-06,1.326819524e-05,1.762859314e-05,0.0005152386849
5058.0,1.977623478e-06,5.559775443e-06,1.352191716e-05,1.801882275e-05,0.0005074889648
5059.0,2.013172087e-06,5.736866749e-06,1.367338166e-05,1.807526179e-05,0.0005106449029
5060.0,1.952280827e-06,5.731550577e-06,1.334641793e-05,1.764657533e-05,0.0005114734996
5061.0,1.886665931e-06,5.547269018e-06,1.325600422e-05,1.736335992e-05,0.0005308798571
5062.0,1.937563985e-06,5.557533444e-06,1.353328618e-05,1.771030994e-05,0.000561662421
5063.0,2.029666117e-06,5.714558473e-06,1.381909697e-05,1.810830957e-05,0.0005842537836
5064.0,2.004955e-06,5.826703531e-06,1.371297692e-05,1.809504989e-05,0.0005678320708
5065.0,1.906153529e-06,5.61703692e-06,1.331399267e-05,1.782826251e-05,0.0005338156057
5066.0,1.87698041e-06,5.483494454e-06,1.32688724e-05,1.776671795e-05,0.0005097833362
5067.0,1.9717283e-06,5.557721444e-06,1.3477625e-05,1.804355725e-05,0.0005093598632
5068.0,2.014781396e-06,5.747915884e-06,1.370592862e-05,1.796041148e-05,0.0005061796518
5069.0,1.95089126e-06,5.748208636e-06,1.334552098e-05,1.751401412e-05,0.0005099525018
5070.0,1.880585923e-06,5.550151068e-06,1.318790069e-05,1.720284442e-05,0.0005221468541
5071.0,1.926668669e-06,5.555950545e-06,1.346406182e-05,1.749508169e-05,0.0005617917403
5072.0,2.026991568e-06,5.703127891e-06,1.380943978e-05,1.800384627e-05,0.000582408176
5073.0,2.017173186e-06,5.836904405e-06,1.375161503e-05,1.804791031e-05,0.0005677528918
5074.0,1.92497576e-06,5.653075711e-06,1.335049948e-05,1.788232993e-05,0.0005308251377
5075.0,1.878695159e-06,5.498483432e-06,1.325118131e-05,1.789968759e-05,0.0005120499312
5076.0,1.959065091e-06,5.556947147e-06,1.344808156e-05,1.818133338e-05,0.0005061187242
5077.0,2.01030382e-06,5.728007263e-06,1.36752135e-05,1.816688144e-05,0.0005025950649
5078.0,1.959650992e-06,5.772490148e-06,1.337539902e-05,1.775715276e-05,0.0004995628664
5079.0,1.878788799e-06,5.564257502e-06,1.312867824e-05,1.721186044e-05,0.0005191136347
5080.0,1.916784986e-06,5.559534813e-06,1.341757516e-05,1.735609696e-05,0.0005531093721
5081.0,2.021034839e-06,5.698747521e-06,1.380856698e-05,1.771397414e-05,0.0005762984
5082.0,2.02907145e-06,5.849181832e-06,1.385104539e-05,1.77787693e-05,0.0005616742106
5083.0,1.939379828e-06,5.686867134e-06,1.33914624e-05,1.769209011e-05,0.0005344997697
5084.0,1.889622544e-06,5.50705491e-06,1.32777877e-05,1.785924469e-05,0.0005092488079
5085.0,1.958083309e-06,5.574685614e-06,1.348361416e-05,1.830938015e-05,0.0005040130083
5086.0,2.017267709e-06,5.738683477e-06,1.368506383e-05,1.849459874e-05,0.0004966461557
5087.0,1.975196527e-06,5.803849282e-06,1.340509476e-05,1.809181704e-05,0.0005029313006
5088.0,1.889252979e-06,5.597606731e-06,1.315443469e-05,1.75670216e-05,0.0005148682221
5089.0,1.909810751e-06,5.556673139e-06,1.340027698e-05,1.741723535e-05,0.0005480833093
5090.0,2.020068995e-06,5.700471119e-06,1.378406508e-05,1.758586876e-05,0.0005696240083
5091.0,2.026864794e-06,5.853142846e-06,1.383061255e-05,1.757229869e-05,0.000566886161
5092.0,1.945358485e-06,5.72309667e-06,1.342538573e-05,1.747861463e-05,0.0005345917843
5093.0,1.895573146e-06,5.549014796e-06,1.332065347e-05,1.764092685e-05,0.0005094283727
5094.0,1.958459466e-06,5.569953473e-06,1.347990253e-05,1.820460893e-05,0.0005007372012
5095.0,2.025322419e-06,5.740664879e-06,1.368821288e-05,1.846880464e-05,0.000502196444
5096.0,1.989411944e-06,5.83146527e-06,1.345884035e-05,1.834053311e-05,0.000499917958
5097.0,1.907495698e-06,5.641913318e-06,1.321537487e-05,1.777679691e-05,0.0005112294732
5098.0,1.90572973e-06,5.551238448e-06,1.33835868e-05,1.763006565e-05,0.0005389227371
5099.0,2.013323152e-06,5.680840932e-06,1.372364629e-05,1.785104688e-05,0.0005712266199
5100.0,2.025141164e-06,5.843892257e-06,1.382094809e-05,1.790688493e-05,0.000565013357
5101.0,1.945194189e-06,5.744868609e-06,1.341320176e-05,1.762433007e-05,0.0005346096225
5102.0,1.884546241e-06,5.535352002e-06,1.32692986e-05,1.751984102e-05,0.000505408773
5103.0,1.948683808e-06,5.565187877e-06,1.344213008e-05,1.798023584e-05,0.0005025316777
5104.0,2.024302039e-06,5.716950229e-06,1.369656422e-05,1.824758247e-05,0.0004987811982
5105.0,1.995821792e-06,5.841023459e-06,1.354020985e-05,1.807142144e-05,0.000499538699
5106.0,1.916627493e-06,5.664900717e-06,1.32397262e-05,1.768138393e-05,0.0005042380497
5107.0,1.905035354e-06,5.56552868e-06,1.334357749e-05,1.777136696e-05,0.0005399395251
5108.0,2.007434446e-06,5.675338936e-06,1.371574582e-05,1.816469646e-05,0.0005680163122
5109.0,2.032786858e-06,5.83803351e-06,1.386350866e-05,1.820069245e-05,0.0005658054376
5110.0,1.95305631e-06,5.76347873e-06,1.342408757e-05,1.800356157e-05,0.0005346000811
5111.0,1.881260412e-06,5.547830373e-06,1.322355047e-05,1.784168349e-05,0.0005108119385
5112.0,1.934552532e-06,5.545248268e-06,1.340183229e-05,1.806550792e-05,0.0005017403607
5113.0,2.022752703e-06,5.706006124e-06,1.371166119e-05,1.828137179e-05,0.0005005083456
5114.0,1.998195417e-06,5.834022224e-06,1.358487505e-05,1.800314129e-05,0.0004952616031
5115.0,1.909989571e-06,5.661952425e-06,1.322225412e-05,1.754038252e-05,0.0005086026675
5116.0,1.899961657e-06,5.57798481e-06,1.334647514e-05,1.769800873e-05,0.0005359728647
5117.0,2.003598688e-06,5.680820868e-06,1.370012398e-05,1.823438446e-05,0.0005686844284
5118.0,2.04282818e-06,5.845281778e-06,1.390053819e-05,1.842667472e-05,0.0005651409231
5119.0,1.974665974e-06,5.807881474e-06,1.352013358e-05,1.820862941e-05,0.0005415544721
5120.0,1.891420781e-06,5.571132576e-06,1.325369709e-05,1.806913333e-05,0.0005114697392
5121.0,1.924133785e-06,5.542323664e-06,1.339069549e-05,1.837672879e-05,0.0005037550668
5122.0,2.021852975e-06,5.695650596e-06,1.371154641e-05,1.855224226e-05,0.0004972997357
5123.0,2.001977718e-06,5.842794087e-06,1.359663524e-05,1.826718028e-05,0.000501711266
5124.0,1.907894466e-06,5.681168832e-06,1.32056859e-05,1.768589571e-05,0.0005065216802
5125.0,1.89098465e-06,5.576408289e-06,1.331173358e-05,1.750096252e-05,0.0005334738758
5126.0,1.993036162e-06,5.671055231e-06,1.367638931e-05,1.798082247e-05,0.0005634150967
5127.0,2.042204103e-06,5.846646804e-06,1.391457368e-05,1.81424911e-05,0.0005709449528
5128.0,1.977604655e-06,5.821074088e-06,1.356215292e-05,1.796504024e-05,0.0005423991593
5129.0,1.894344553e-06,5.576892807e-06,1.328457845e-05,1.782772833e-05,0.0005126098479
5130.0,1.918240646e-06,5.5585779e-06,1.338220954e-05,1.820993326e-05,0.0004998735347
5131.0,2.01187376e-06,5.685555872e-06,1.362789409e-05,1.853033313e-05,0.0005011606355
5132.0,2.009644677e-06,5.842468932e-06,1.362421108e-05,1.840664108e-05,0.0004988109155
5133.0,1.918455219e-06,5.699318543e-06,1.323018641e-05,1.777190992e-05,0.0005056374503
5134.0,1.881640069e-06,5.561566852e-06,1.325810401e-05,1.75499381e-05,0.0005277842286
5135.0,1.979005502e-06,5.651699482e-06,1.361605965e-05,1.778031002e-05,0.0005650168135
5136.0,2.04296277e-06,5.847277613e-06,1.395591757e-05,1.805490754e-05,0.0005709449857
5137.0,1.982200313e-06,5.838196669e-06,1.359578091e-05,1.785897033e-05,0.0005465337946
5138.0,1.891670797e-06,5.587188618e-06,1.32753387e-05,1.765101429e-05,0.0005130709327
5139.0,1.908096635e-06,5.54623631e-06,1.336866688e-05,1.794872208e-05,0.0005043671761
5140.0,2.004998288e-06,5.667717275e-06,1.360190078e-05,1.845980991e-05,0.0005003551491
5141.0,2.013776943e-06,5.83076009e-06,1.365812696e-05,1.834984974e-05,0.000499752351
5142.0,1.930354274e-06,5.712502074e-06,1.326534876e-05,1.775622152e-05,0.0005016139767
5143.0,1.885385072e-06,5.560702607e-06,1.326831777e-05,1.758721251e-05,0.000529054385
5144.0,1.968251004e-06,5.639053664e-06,1.360550772e-05,1.788608564e-05,0.0005618143299
5145.0,2.03497399e-06,5.802196424e-06,1.391233771e-05,1.805519404e-05,0.0005705260997
5146.0,1.992674417e-06,5.849406799e-06,1.36728958e-05,1.791553073e-05,0.0005468734629
5147.0,1.896982872e-06,5.595034352e-06,1.328103902e-05,1.769341995e-05,0.0005179137418
5148.0,1.89909273e-06,5.528532246e-06,1.336545033e-05,1.794516274e-05,0.0005029353314
5149.0,1.998722161e-06,5.64091038e-06,1.361215259e-05,1.837444838e-05,0.0005018489441
5150.0,2.014330119e-06,5.808993914e-06,1.36798969e-05,1.8341448e-05,0.0004982411791
5151.0,1.937173903e-06,5.726728549e-06,1.329926046e-05,1.782073066e-05,0.0005066261612
5152.0,1.886493345e-06,5.560460682e-06,1.329378301e-05,1.759075789e-05,0.0005263496607
5153.0,1.963717098e-06,5.619099595e-06,1.362176561e-05,1.78647165e-05,0.0005626659617
5154.0,2.037420098e-06,5.785383642e-06,1.392362628e-05,1.816624454e-05,0.0005720631729
5155.0,2.000212871e-06,5.864096287e-06,1.373033024e-05,1.806729314e-05,0.0005524141008
5156.0,1.903528724e-06,5.620940723e-06,1.332874798e-05,1.786743058e-05,0.0005197288927
5157.0,1.895264036e-06,5.517895034e-06,1.334385888e-05,1.798583435e-05,0.0005070228884
5158.0,1.990892016e-06,5.610622149e-06,1.356621053e-05,1.842866086e-05,0.0005009512228
5159.0,2.015972789e-06,5.781835448e-06,1.369617905e-05,1.836119091e-05,0.0005017832239
5160.0,1.943771986e-06,5.742904492e-06,1.334627134e-05,1.78751823e-05,0.0005034713862
5161.0,1.881209645e-06,5.555397944e-06,1.325971058e-05,1.766417159e-05,0.0005260547996
5162.0,1.948432868e-06,5.598441916e-06,1.359191158e-05,1.79557865e-05,0.0005599804339
5163.0,2.041834063e-06,5.765549062e-06,1.392733776e-05,1.832172348e-05,0.000578328624
5164.0,2.007971134e-06,5.856092176e-06,1.37585757e-05,1.825111434e-05,0.0005588909984
5165.0,1.910766478e-06,5.639477998e-06,1.33722601e-05,1.796217084e-05,0.000526458869
5166.0,1.890797699e-06,5.524791392e-06,1.33585216e-05,1.806315589e-05,0.0005056305484
5167.0,1.989540307e-06,5.609955027e-06,1.360192433e-05,1.849855243e-05,0.0005062992963
5168.0,2.023139318e-06,5.795884981e-06,1.378390519e-05,1.847511893e-05,0.0005019183498
5169.0,1.954672159e-06,5.762614257e-06,1.343097128e-05,1.799739458e-05,0.0005080522167
5170.0,1.888635626e-06,5.569076395e-06,1.330351019e-05,1.769068566e-05,0.0005237881284
5171.0,1.940169362e-06,5.595744828e-06,1.359544667e-05,1.788605501e-05,0.0005633590696
5172.0,2.040709768e-06,5.763303255e-06,1.396710362e-05,1.827258064e-05,0.0005801841898
5173.0,2.020169731e-06,5.876315274e-06,1.384704243e-05,1.825496526e-05,0.0005643568005
5174.0,1.919682682e-06,5.662829009e-06,1.34256094e-05,1.811220804e-05,0.0005283133069
5175.0,1.888734199e-06,5.53429452e-06,1.337340851e-05,1.813890478e-05,0.0005102738988
5176.0,1.98461591e-06,5.627105843e-06,1.363950141e-05,1.849525437e-05,0.0005074297521
5177.0,2.028066221e-06,5.80539205e-06,1.385222339e-05,1.857214939e-05,0.0005066678588
5178.0,1.962731576e-06,5.802130375e-06,1.350133601e-05,1.795892942e-05,0.0005068747863
5179.0,1.892762851e-06,5.597843117e-06,1.332579582e-05,1.754226795e-05,0.0005274150708
5180.0,1.934755799e-06,5.601456837e-06,1.360503595e-05,1.775706518e-05,0.0005634493995
5181.0,2.033325654e-06,5.754015132e-06,1.396651717e-05,1.812886687e-05,0.00058481581
5182.0,2.028809329e-06,5.901533275e-06,1.393340736e-05,1.815772064e-05,0.0005676647734
5183.0,1.93138546e-06,5.701147856e-06,1.347297626e-05,1.799814736e-05,0.0005366753483
5184.0,1.891421006e-06,5.547643395e-06,1.34147415e-05,1.810919711e-05,0.000512979638
5185.0,1.979839469e-06,5.618249681e-06,1.364512644e-05,1.849490602e-05,0.000510347601
5186.0,2.028578134e-06,5.78415397e-06,1.384449203e-05,1.858959913e-05,0.0005045300195
5187.0,1.969478779e-06,5.808309072e-06,1.350296254e-05,1.818526572e-05,0.0005103607221
5188.0,1.891153484e-06,5.608343503e-06,1.331352013e-05,1.768296134e-05,0.0005246476289
5189.0,1.927911325e-06,5.587443308e-06,1.356915252e-05,1.772125049e-05,0.0005623666177
5190.0,2.028457244e-06,5.73327159e-06,1.395253897e-05,1.812032492e-05,0.0005846215608
5191.0,2.029465875e-06,5.889941011e-06,1.397732141e-05,1.809471164e-05,0.0005748046108
5192.0,1.941040022e-06,5.73203219e-06,1.354860555e-05,1.784395311e-05,0.0005418109008
5193.0,1.892953378e-06,5.561073819e-06,1.34551928e-05,1.802806536e-05,0.0005186768322
5194.0,1.963973343e-06,5.610800646e-06,1.362435844e-05,1.83435323e-05,0.0005102077271
5195.0,2.022106397e-06,5.773655442e-06,1.380300011e-05,1.857037462e-05,0.0005108683503
5196.0,1.979971228e-06,5.833439481e-06,1.354415275e-05,1.830760833e-05,0.0005114326387
5197.0,1.896759413e-06,5.616788936e-06,1.330486014e-05,1.791104788e-05,0.0005270840027
5198.0,1.914788769e-06,5.568017053e-06,1.352190414e-05,1.784430986e-05,0.0005601383508
5199.0,2.023863965e-06,5.706457496e-06,1.39006558e-05,1.81136032e-05,0.0005874654344
5200.0,2.027230059e-06,5.862453857e-06,1.397966366e-05,1.8198477e-05,0.0005770878997
5201.0,1.940414438e-06,5.731806361e-06,1.356113565e-05,1.788449763e-05,0.0005446251525
5202.0,1.891792383e-06,5.548640914e-06,1.343815134e-05,1.794228258e-05,0.000518483463
5203.0,1.964073187e-06,5.591830331e-06,1.363080543e-05,1.849122411e-05,0.0005162522543
5204.0,2.031175994e-06,5.759222297e-06,1.387636218e-05,1.862417884e-05,0.0005118867375
5205.0,1.993052316e-06,5.840202561e-06,1.364066692e-05,1.831233309e-05,0.0005142305139
5206.0,1.903794028e-06,5.623823736e-06,1.332809791e-05,1.799918076e-05,0.0005240977243
5207.0,1.909613255e-06,5.56580189e-06,1.351134286e-05,1.807601442e-05,0.0005607972876
5208.0,2.020711509e-06,5.704170718e-06,1.388604133e-05,1.823457958e-05,0.0005876589079
5209.0,2.038131578e-06,5.864059199e-06,1.40140631e-05,1.838092946e-05,0.0005822278475
5210.0,1.948377663e-06,5.739886835e-06,1.358554592e-05,1.820627378e-05,0.0005494410406
5211.0,1.887909406e-06,5.545457794e-06,1.342516462e-05,1.804898514e-05,0.0005241348619
5212.0,1.956462664e-06,5.572830476e-06,1.361711822e-05,1.829585529e-05,0.0005170728451
5213.0,2.033782337e-06,5.73410633e-06,1.392714489e-05,1.848831149e-05,0.0005166012294
5214.0,2.002209982e-06,5.856048347e-06,1.375094818e-05,1.821937101e-05,0.000514083474
5215.0,1.923707042e-06,5.670906587e-06,1.345760423e-05,1.775173065e-05,0.0005306182442
5216.0,1.917468884e-06,5.594707264e-06,1.362418735e-05,1.8023646e-05,0.0005613400124
5217.0,2.01846943e-06,5.707169803e-06,1.394219793e-05,1.832396768e-05,0.0005921118583
5218.0,2.045571108e-06,5.8761053e-06,1.404891268e-05,1.841085838e-05,0.0005865635264
5219.0,1.962513332e-06,5.778880844e-06,1.360746566e-05,1.829752725e-05,0.0005589459619
5220.0,1.886984708e-06,5.560068237e-06,1.342030012e-05,1.819779357e-05,0.0005285212413
5221.0,1.942703533e-06,5.562056438e-06,1.359259286e-05,1.833336795e-05,0.0005210686248
5222.0,2.02760457e-06,5.718737206e-06,1.389020283e-05,1.84849522e-05,0.0005155564847
5223.0,1.999374402e-06,5.839064838e-06,1.375647418e-05,1.8145155e-05,0.0005193847073
5224.0,1.913804894e-06,5.678991343e-06,1.341563163e-05,1.764942252e-05,0.0005274854116
5225.0,1.905805577e-06,5.581976486e-06,1.354605178e-05,1.763608716e-05,0.0005598500107
5226.0,2.005731318e-06,5.684506544e-06,1.389082767e-05,1.80446632e-05,0.0005901595567
5227.0,2.043260548e-06,5.866960929e-06,1.406748414e-05,1.821025583e-05,0.00059184074
5228.0,1.975464207e-06,5.800383477e-06,1.368094159e-05,1.81655933e-05,0.0005607016604
5229.0,1.886588448e-06,5.543005477e-06,1.339530666e-05,1.83119118e-05,0.0005314618636
5230.0,1.923985072e-06,5.534636723e-06,1.352867454e-05,1.861713689e-05,0.0005202101681
5231.0,2.011062714e-06,5.662880321e-06,1.374378002e-05,1.8744013e-05,0.0005207829464
5232.0,1.997972515e-06,5.81908568e-06,1.371072236e-05,1.854854024e-05,0.0005184882539
5233.0,1.903403428e-06,5.650345362e-06,1.33419106e-05,1.787218078e-05,0.0005270892389
5234.0,1.889918431e-06,5.546296893e-06,1.343457991e-05,1.771133072e-05,0.0005540259762
5235.0,1.991939644e-06,5.641798926e-06,1.37908555e-05,1.796183251e-05,0.000592751015
5236.0,2.034930966e-06,5.809001334e-06,1.404361972e-05,1.808136728e-05,0.0005928325421
5237.0,1.970234936e-06,5.789067111e-06,1.368116107e-05,1.787137542e-05,0.0005651145728
5238.0,1.896323168e-06,5.554171633e-06,1.342086544e-05,1.789555509e-05,0.0005317909379
5239.0,1.92108166e-06,5.531468732e-06,1.355112334e-05,1.837284332e-05,0.0005234933503
5240.0,2.008003585e-06,5.669104001e-06,1.376621796e-05,1.87462192e-05,0.0005191746262
5241.0,2.000455886e-06,5.810622251e-06,1.368859985e-05,1.856263921e-05,0.0005193978365
5242.0,1.909929704e-06,5.644029843e-06,1.330869666e-05,1.809999651e-05,0.0005219523309
5243.0,1.876643781e-06,5.508548248e-06,1.333973273e-05,1.788312433e-05,0.0005526932393
5244.0,1.979920384e-06,5.608249971e-06,1.371929075e-05,1.796612137e-05,0.0005886070688
5245.0,2.025248239e-06,5.764385952e-06,1.400724116e-05,1.80463924e-05,0.0005934831811
5246.0,1.967724573e-06,5.784185028e-06,1.370371422e-05,1.764324302e-05,0.0005642711181
5247.0,1.884774997e-06,5.548142111e-06,1.336754634e-05,1.749398124e-05,0.0005348700266
5248.0,1.911425437e-06,5.512456281e-06,1.349623898e-05,1.797968591e-05,0.0005210485803
5249.0,2.003468056e-06,5.635619358e-06,1.376752228e-05,1.849459954e-05,0.0005192473861
5250.0,2.013760311e-06,5.811075739e-06,1.377820957e-05,1.832529598e-05,0.0005154544743
5251.0,1.93320704e-06,5.687820885e-06,1.339485685e-05,1.793656541e-05,0.0005242500928
5252.0,1.878037322e-06,5.506037328e-06,1.33572475e-05,1.784416281e-05,0.0005479388892
5253.0,1.964928617e-06,5.587954412e-06,1.368396656e-05,1.810810443e-05,0.0005841193018
5254.0,2.025847851e-06,5.74294265e-06,1.39399467e-05,1.8154521e-05,0.0005910663453
5255.0,1.973457745e-06,5.7756786e-06,1.366707492e-05,1.791608405e-05,0.0005689792748
5256.0,1.881505894e-06,5.55781307e-06,1.334422351e-05,1.76716942e-05,0.0005358311994
5257.0,1.899577639e-06,5.502143232e-06,1.345112629e-05,1.781085031e-05,0.0005227755094
5258.0,2.003718976e-06,5.621905791e-06,1.376494362e-05,1.816186482e-05,0.0005184909777
5259.0,2.017498457e-06,5.808174448e-06,1.385926887e-05,1.800844524e-05,0.0005200029404
5260.0,1.943204841e-06,5.726298514e-06,1.347989264e-05,1.752091634e-05,0.0005226910859
5261.0,1.895598981e-06,5.550202172e-06,1.344621926e-05,1.753833789e-05,0.0005477215614
5262.0,1.96620658e-06,5.626207503e-06,1.37699788e-05,1.802199342e-05,0.0005824657699
5263.0,2.037652663e-06,5.772272266e-06,1.399153664e-05,1.828506859e-05,0.0005954424238
5264.0,1.993043434e-06,5.812052196e-06,1.373793159e-05,1.81526099e-05,0.0005731705234
5265.0,1.895920524e-06,5.571575613e-06,1.335812347e-05,1.795327343e-05,0.0005409091177
5266.0,1.886250576e-06,5.486558311e-06,1.336427159e-05,1.800521767e-05,0.0005223411789
5267.0,1.988371594e-06,5.592645688e-06,1.364256284e-05,1.802689469e-05,0.0005211370635
5268.0,2.01100314e-06,5.774801729e-06,1.380799516e-05,1.789131197e-05,0.0005168885449
5269.0,1.936395004e-06,5.725575206e-06,1.34314497e-05,1.737274747e-05,0.0005229494918
5270.0,1.886486556e-06,5.537341989e-06,1.337277856e-05,1.713918566e-05,0.0005414698956
5271.0,1.952163526e-06,5.579845406e-06,1.367404805e-05,1.767046153e-05,0.000580812194
5272.0,2.030077423e-06,5.745989943e-06,1.397701819e-05,1.79998415e-05,0.0005928153955
5273.0,2.003455831e-06,5.820692755e-06,1.378173407e-05,1.797171993e-05,0.000574638426
5274.0,1.906652503e-06,5.570577147e-06,1.338435454e-05,1.787206091e-05,0.0005395997142
5275.0,1.888539555e-06,5.466547842e-06,1.337335487e-05,1.804610536e-05,0.0005219308947
5276.0,1.984894869e-06,5.598520299e-06,1.36178005e-05,1.831965768e-05,0.0005181909485
5277.0,2.008019353e-06,5.750726844e-06,1.374015056e-05,1.820947125e-05,0.0005170640651
5278.0,1.938750877e-06,5.721841735e-06,1.337230058e-05,1.766209187e-05,0.0005168190922
5279.0,1.876302137e-06,5.531288391e-06,1.326612107e-05,1.729387031e-05,0.000537649494
5280.0,1.939763961e-06,5.559438338e-06,1.358622256e-05,1.740341546e-05,0.0005736083639
5281.0,2.027445934e-06,5.717807676e-06,1.394751592e-05,1.773373339e-05,0.0005911331102
5282.0,2.008446147e-06,5.8471877e-06,1.382859182e-05,1.764814272e-05,0.0005719698659
5283.0,1.917682626e-06,5.634437037e-06,1.342772532e-05,1.742151765e-05,0.0005404365832
5284.0,1.890746721e-06,5.490850129e-06,1.338139447e-05,1.772899772e-05,0.0005189235235
5285.0,1.9841067e-06,5.597702285e-06,1.363341884e-05,1.828077236e-05,0.0005170499707
5286.0,2.015040217e-06,5.759569363e-06,1.374279314e-05,1.824376219e-05,0.0005125418668
5287.0,1.949761965e-06,5.736277372e-06,1.337754222e-05,1.783298938e-05,0.0005174202351
5288.0,1.873519803e-06,5.542955953e-06,1.320233203e-05,1.735204178e-05,0.0005312401879
5289.0,1.922328276e-06,5.555235889e-06,1.350058767e-05,1.744894114e-05,0.0005695495197
5290.0,2.012871851e-06,5.680061174e-06,1.382300429e-05,1.76081805e-05,0.0005859599365
5291.0,1.997930584e-06,5.807807845e-06,1.374715943e-05,1.74958044e-05,0.0005706306137
5292.0,1.906578463e-06,5.626257324e-06,1.334832557e-05,1.726919458e-05,0.0005362322152
5293.0,1.87585373e-06,5.466346291e-06,1.32742229e-05,1.752016264e-05,0.0005163272199
5294.0,1.969079368e-06,5.544473389e-06,1.350742115e-05,1.807983627e-05,0.0005104825515
5295.0,2.017501454e-06,5.726946974e-06,1.371283669e-05,1.821931081e-05,0.0005120144791
5296.0,1.955595798e-06,5.741585877e-06,1.339496796e-05,1.778577043e-05,0.0005110406619
5297.0,1.876968266e-06,5.53258897e-06,1.318080516e-05,1.742272342e-05,0.0005269832986
5298.0,1.907913012e-06,5.529266941e-06,1.3420259e-05,1.752867796e-05,0.0005578489032
5299.0,2.008599741e-06,5.668485113e-06,1.375306129e-05,1.783023809e-05,0.0005819745004
5300.0,1.998480706e-06,5.797556208e-06,1.373779281e-05,1.770464207e-05,0.0005671716878
5301.0,1.907455415e-06,5.639576567e-06,1.329838768e-05,1.750723566e-05,0.0005359280108
5302.0,1.867077299e-06,5.468812421e-06,1.322169906e-05,1.750766921e-05,0.0005109282782
5303.0,1.95423944e-06,5.527660451e-06,1.345782167e-05,1.791591647e-05,0.0005094447064
5304.0,2.015683017e-06,5.700917014e-06,1.370511969e-05,1.808005249e-05,0.0005048296514
5305.0,1.971993846e-06,5.772186057e-06,1.343194155e-05,1.776516127e-05,0.0005071411819
5306.0,1.884932792e-06,5.562393558e-06,1.318238248e-05,1.730521599e-05,0.000517462272
5307.0,1.907345794e-06,5.535051903e-06,1.342160132e-05,1.753101862e-05,0.0005554924268
5308.0,2.018001784e-06,5.693918295e-06,1.38107041e-05,1.798073009e-05,0.0005798013248
5309.0,2.017011403e-06,5.825182073e-06,1.379980124e-05,1.803756656e-05,0.000570594413
5310.0,1.921218983e-06,5.669795924e-06,1.334382405e-05,1.778728874e-05,0.0005359401879
5311.0,1.869631563e-06,5.492304855e-06,1.320157545e-05,1.756313584e-05,0.0005131245041
5312.0,1.947333141e-06,5.528515453e-06,1.341268149e-05,1.788289282e-05,0.0005068686281
5313.0,2.013331749e-06,5.692917949e-06,1.370389883e-05,1.788064279e-05,0.0005068539412
5314.0,1.977053463e-06,5.779069535e-06,1.346895866e-05,1.762022079e-05,0.0005055872109
5315.0,1.894031086e-06,5.589807894e-06,1.319905656e-05,1.719318891e-05,0.0005183154914
5316.0,1.906823902e-06,5.550304673e-06,1.342034036e-05,1.739336391e-05,0.0005502866007
5317.0,2.012239467e-06,5.680482426e-06,1.375341327e-05,1.79006742e-05,0.0005778925724
5318.0,2.030676e-06,5.846233042e-06,1.384190195e-05,1.801372196e-05,0.0005695451473
5319.0,1.940032077e-06,5.708321064e-06,1.338915407e-05,1.7880031e-05,0.0005409225759
5320.0,1.868308003e-06,5.495778842e-06,1.318778941e-05,1.771587122e-05,0.0005121725308
5321.0,1.930438089e-06,5.525245153e-06,1.334496207e-05,1.798513345e-05,0.0005073449806
5322.0,2.004192383e-06,5.676233179e-06,1.361074398e-05,1.80445681e-05,0.0005002129287
5323.0,1.973720757e-06,5.77882636e-06,1.341848871e-05,1.771470049e-05,0.0005049610288
5324.0,1.890582826e-06,5.588550211e-06,1.311728673e-05,1.716911759e-05,0.0005126655096
5325.0,1.89909764e-06,5.544252143e-06,1.333864004e-05,1.731057118e-05,0.000545926551
5326.0,2.005792639e-06,5.679893489e-06,1.373986085e-05,1.771788591e-05,0.0005721618291
5327.0,2.028195562e-06,5.844628451e-06,1.3863574e-05,1.779519854e-05,0.0005700550778
5328.0,1.949561668e-06,5.743414424e-06,1.342723205e-05,1.763388281e-05,0.0005396127668
5329.0,1.874491731e-06,5.505891074e-06,1.31912931e-05,1.763111823e-05,0.0005122437797
5330.0,1.923893876e-06,5.519062763e-06,1.332192706e-05,1.798961587e-05,0.0005029464097
5331.0,2.005833527e-06,5.679020854e-06,1.358356264e-05,1.821006171e-05,0.0005028454184
5332.0,1.981944345e-06,5.799212285e-06,1.346191121e-05,1.79441065e-05,0.0004989298245
5333.0,1.897810662e-06,5.618233147e-06,1.3140797e-05,1.734272744e-05,0.0005108178061
5334.0,1.893176704e-06,5.527616038e-06,1.328145337e-05,1.7245317e-05,0.0005375292801
5335.0,1.998642632e-06,5.64136473e-06,1.36344065e-05,1.755922573e-05,0.0005701675675
5336.0,2.029955896e-06,5.828204995e-06,1.384467504e-05,1.769629247e-05,0.0005662746463
5337.0,1.95811169e-06,5.761379123e-06,1.346110075e-05,1.755368191e-05,0.0005384234055
5338.0,1.883895388e-06,5.528727678e-06,1.32222372e-05,1.759010651e-05,0.000509576578
5339.0,1.921970978e-06,5.511624045e-06,1.332770356e-05,1.80132398e-05,0.0005037354531
5340.0,2.003859635e-06,5.642354371e-06,1.354186418e-05,1.838502285e-05,0.0004982109736
5341.0,1.988974328e-06,5.784079058e-06,1.345346348e-05,1.80964992e-05,0.000499554221
5342.0,1.899858079e-06,5.623533247e-06,1.3105142e-05,1.757179134e-05,0.0005039903695
5343.0,1.879677003e-06,5.496367792e-06,1.318463646e-05,1.745105404e-05,0.000534597689
5344.0,1.98267577e-06,5.60326698e-06,1.355671123e-05,1.767983886e-05,0.0005645700796
5345.0,2.026927569e-06,5.792291225e-06,1.379979067e-05,1.790306523e-05,0.0005671807132
5346.0,1.955406831e-06,5.75468581e-06,1.339643857e-05,1.773633728e-05,0.0005374244838
5347.0,1.876907748e-06,5.533611672e-06,1.313405324e-05,1.759582104e-05,0.0005115432428
5348.0,1.906710713e-06,5.504935639e-06,1.326755249e-05,1.794040174e-05,0.0004994855932
5349.0,2.001436021e-06,5.63238642e-06,1.352289632e-05,1.829268919e-05,0.0004985259359
5350.0,1.993000303e-06,5.773263401e-06,1.347560844e-05,1.812950767e-05,0.0004945360555
5351.0,1.907621276e-06,5.630690719e-06,1.309365236e-05,1.751758805e-05,0.0005037177241
5352.0,1.875149923e-06,5.500149517e-06,1.317239298e-05,1.741841396e-05,0.0005285955633
5353.0,1.96789972e-06,5.597314713e-06,1.351984095e-05,1.776225502e-05,0.0005631671342
5354.0,2.023727469e-06,5.771317894e-06,1.37777698e-05,1.800090123e-05,0.0005652611219
5355.0,1.965309494e-06,5.789928168e-06,1.343961571e-05,1.788724045e-05,0.0005418436233
5356.0,1.876958258e-06,5.54714174e-06,1.31210961e-05,1.776953461e-05,0.0005104158305
5357.0,1.895975911e-06,5.501515799e-06,1.322704901e-05,1.799131047e-05,0.000500865943
5358.0,2.001620707e-06,5.631417203e-06,1.353759977e-05,1.829710524e-05,0.0004956897208
5359.0,2.001705237e-06,5.783075358e-06,1.35463639e-05,1.815766451e-05,0.0004973668534
5360.0,1.915845169e-06,5.668549589e-06,1.316044746e-05,1.763310532e-05,0.0004992938323
5361.0,1.874088741e-06,5.505529033e-06,1.315200421e-05,1.742192726e-05,0.000526476527
5362.0,1.965313254e-06,5.593851857e-06,1.35262135e-05,1.775783088e-05,0.0005591395388
5363.0,2.026314438e-06,5.759583575e-06,1.379816667e-05,1.79795146e-05,0.0005689770288
5364.0,1.979347233e-06,5.798172574e-06,1.353127757e-05,1.785864479e-05,0.0005428514208
5365.0,1.886478141e-06,5.564932263e-06,1.319270632e-05,1.766649241e-05,0.0005137677528
5366.0,1.896070344e-06,5.521486276e-06,1.327798929e-05,1.802775088e-05,0.0005000776163
5367.0,1.996324218e-06,5.631231433e-06,1.352115241e-05,1.846353839e-05,0.0004995855458
5368.0,2.007526541e-06,5.796938542e-06,1.357842538e-05,1.83662438e-05,0.0004941649399
5369.0,1.932882904e-06,5.706412952e-06,1.321259151e-05,1.789586607e-05,0.0005027383414
5370.0,1.878853419e-06,5.531204025e-06,1.317583273e-05,1.760156469e-05,0.0005223278214
5371.0,1.95974328e-06,5.587787396e-06,1.35178636e-05,1.785435371e-05,0.0005605279713
5372.0,2.024799671e-06,5.754492266e-06,1.38013875e-05,1.808522879e-05,0.0005698205491
5373.0,1.979058734e-06,5.816334265e-06,1.355280305e-05,1.791875241e-05,0.0005499030084
5374.0,1.887474923e-06,5.58232604e-06,1.318440753e-05,1.763434985e-05,0.0005168944059
5375.0,1.881819919e-06,5.492745337e-06,1.321582343e-05,1.775588996e-05,0.0005023421462
5376.0,1.983926134e-06,5.608861163e-06,1.3470683e-05,1.825158927e-05,0.0004979390869
5377.0,2.003306484e-06,5.772207389e-06,1.356122939e-05,1.827267184e-05,0.0004989736021
5378.0,1.932058109e-06,5.71787352e-06,1.320957183e-05,1.785366808e-05,0.0005010882196
5379.0,1.878442854e-06,5.535528836e-06,1.314588051e-05,1.75829734e-05,0.0005234145055
5380.0,1.950141827e-06,5.588323797e-06,1.348732213e-05,1.786075071e-05,0.0005561991554
5381.0,2.025429914e-06,5.730074296e-06,1.377179579e-05,1.812211279e-05,0.0005709081243
5382.0,1.990244376e-06,5.822595861e-06,1.36157064e-05,1.791958378e-05,0.0005514122604
5383.0,1.892499838e-06,5.587090872e-06,1.321890196e-05,1.768895722e-05,0.000521206548
5384.0,1.876901147e-06,5.488344595e-06,1.321702724e-05,1.782980855e-05,0.0005024540804
5385.0,1.976097232e-06,5.593013725e-06,1.34602864e-05,1.815516229e-05,0.0005020453467
5386.0,2.008230512e-06,5.772791465e-06,1.363865063e-05,1.816977356e-05,0.0004978936517
5387.0,1.941266895e-06,5.728700177e-06,1.326533274e-05,1.77418247e-05,0.000502357039
5388.0,1.880495727e-06,5.547202881e-06,1.317619753e-05,1.746766247e-05,0.0005185995344
5389.0,1.937524012e-06,5.571726828e-06,1.345390158e-05,1.772983224e-05,0.0005579285925
5390.0,2.032103819e-06,5.743555003e-06,1.382460864e-05,1.808202221e-05,0.0005730051932
5391.0,2.004528235e-06,5.840973983e-06,1.366014614e-05,1.814939168e-05,0.0005561039004
5392.0,1.903318862e-06,5.620900744e-06,1.324285644e-05,1.784429178e-05,0.0005214686824
5393.0,1.87928338e-06,5.497103829e-06,1.324301153e-05,1.789045344e-05,0.0005062145924
5394.0,1.969167489e-06,5.592299894e-06,1.346568075e-05,1.822169772e-05,0.0005022608714
5395.0,2.003829989e-06,5.764569471e-06,1.363227007e-05,1.822189429e-05,0.0005000732236
5396.0,1.948160329e-06,5.766732312e-06,1.333439333e-05,1.7756815e-05,0.0004990278657
5397.0,1.881431418e-06,5.556983436e-06,1.31898452e-05,1.745075927e-05,0.0005192860558
5398.0,1.92929683e-06,5.571675555e-06,1.346192913e-05,1.773906002e-05,0.0005524661791
5399.0,2.023081832e-06,5.710058874e-06,1.376771318e-05,1.819246295e-05,0.0005738874041
5400.0,2.01009932e-06,5.833591052e-06,1.371533328e-05,1.812896202e-05,0.0005581109131
5401.0,1.915892688e-06,5.642064281e-06,1.330108004e-05,1.801417264e-05,0.0005280867164
5402.0,1.881680873e-06,5.491110316e-06,1.324885276e-05,1.806964878e-05,0.0005059261808
5403.0,1.962914415e-06,5.550746134e-06,1.34331535e-05,1.83983394e-05,0.0005037004873
5404.0,2.006906712e-06,5.734194309e-06,1.365403277e-05,1.840144756e-05,0.0004991259704
5405.0,1.95143889e-06,5.768254505e-06,1.333467196e-05,1.794196319e-05,0.0005032944448
5406.0,1.877613262e-06,5.569948845e-06,1.316630219e-05,1.746855644e-05,0.0005161677127
5407.0,1.913696712e-06,5.553729049e-06,1.342248859e-05,1.758277361e-05,0.0005522038319
5408.0,2.018897958e-06,5.701405065e-06,1.378410994e-05,1.803171112e-05,0.0005730554782
5409.0,2.015202277e-06,5.844137358e-06,1.376733114e-05,1.809395092e-05,0.0005626719302
5410.0,1.923865168e-06,5.670934727e-06,1.334199541e-05,1.795640218e-05,0.0005297061093
5411.0,1.877689621e-06,5.492449661e-06,1.323404236e-05,1.808279396e-05,0.0005086788363
5412.0,1.960601131e-06,5.554909913e-06,1.345407955e-05,1.844539944e-05,0.0005021802962
5413.0,2.017893767e-06,5.721169851e-06,1.369047349e-05,1.863326075e-05,0.0005031345337
5414.0,1.964056222e-06,5.778874869e-06,1.341797414e-05,1.821145269e-05,0.0005027993263
5415.0,1.880829125e-06,5.57244085e-06,1.316400651e-05,1.765115847e-05,0.000517916875
5416.0,1.904063821e-06,5.542559266e-06,1.340311106e-05,1.764514316e-05,0.000548963932
5417.0,2.013046485e-06,5.695691882e-06,1.380107921e-05,1.795788384e-05,0.0005766204383
5418.0,2.018525774e-06,5.854774824e-06,1.385728532e-05,1.794429722e-05,0.0005677094156
5419.0,1.931022672e-06,5.715660237e-06,1.339830117e-05,1.77432721e-05,0.0005359336604
5420.0,1.880304798e-06,5.530351518e-06,1.329152655e-05,1.78347974e-05,0.000509300063
5421.0,1.953113513e-06,5.575753436e-06,1.349253132e-05,1.832858567e-05,0.000506428483
5422.0,2.020057053e-06,5.735747122e-06,1.372961062e-05,1.865181618e-05,0.0005025695659
5423.0,1.980980559e-06,5.820825094e-06,1.352448785e-05,1.840209328e-05,0.0005056705144
5424.0,1.890012001e-06,5.615968781e-06,1.323894232e-05,1.782361766e-05,0.0005136601181
5425.0,1.898910879e-06,5.547155372e-06,1.339360165e-05,1.775098174e-05,0.0005487265031
5426.0,2.006172233e-06,5.684103878e-06,1.375738166e-05,1.803018979e-05,0.0005749116281
5427.0,2.014239299e-06,5.844430909e-06,1.386886633e-05,1.808769349e-05,0.0005695394894
5428.0,1.930942554e-06,5.730471355e-06,1.343756242e-05,1.769730225e-05,0.0005370400292
5429.0,1.872344341e-06,5.527443339e-06,1.32513826e-05,1.765188547e-05,0.0005129884513
5430.0,1.931516644e-06,5.558025279e-06,1.342885224e-05,1.814911961e-05,0.0005068068016
5431.0,2.011254079e-06,5.711526385e-06,1.370590309e-05,1.836974693e-05,0.0005049032341
5432.0,1.988068865e-06,5.820801022e-06,1.354713426e-05,1.819597023e-05,0.0005019755807
5433.0,1.899986273e-06,5.624729013e-06,1.323816095e-05,1.779448969e-05,0.0005155685535
5434.0,1.896009434e-06,5.543857913e-06,1.340863607e-05,1.78751127e-05,0.0005447300863
5435.0,2.002989651e-06,5.661581883e-06,1.37487367e-05,1.819962519e-05,0.0005745465327
5436.0,2.024836748e-06,5.828571985e-06,1.388291031e-05,1.833176532e-05,0.0005696345686
5437.0,1.941503256e-06,5.735194751e-06,1.346089698e-05,1.806175284e-05,0.000542636072
5438.0,1.87101269e-06,5.512414866e-06,1.325531098e-05,1.776657703e-05,0.0005151068348
5439.0,1.923387401e-06,5.528380066e-06,1.340364751e-05,1.80087491e-05,0.000509526212
5440.0,2.005464544e-06,5.696699962e-06,1.372977941e-05,1.821463766e-05,0.0005048752523
5441.0,1.982634678e-06,5.817947399e-06,1.357697812e-05,1.778464744e-05,0.0005071888304
5442.0,1.903241609e-06,5.647798068e-06,1.325824458e-05,1.734534098e-05,0.0005146807117
5443.0,1.890393134e-06,5.551395463e-06,1.338500358e-05,1.759156245e-05,0.0005459936815
5444.0,1.99738414e-06,5.677722218e-06,1.377210531e-05,1.80703146e-05,0.0005739152038
5445.0,2.033089471e-06,5.840798529e-06,1.393809883e-05,1.837077274e-05,0.0005759055619
5446.0,1.960050678e-06,5.77123072e-06,1.354152322e-05,1.827392824e-05,0.0005474564472
5447.0,1.874821027e-06,5.525582518e-06,1.32711202e-05,1.807912739e-05,0.0005194605343
5448.0,1.911234156e-06,5.503500808e-06,1.338203886e-05,1.820918657e-05,0.0005080189386
5449.0,2.000892376e-06,5.64782803e-06,1.365566136e-05,1.841815954e-05,0.0005099179142
5450.0,1.982347171e-06,5.804364456e-06,1.359137946e-05,1.811214263e-05,0.0005073158382
5451.0,1.897708618e-06,5.645131368e-06,1.323618911e-05,1.735307204e-05,0.0005148201316
5452.0,1.882751898e-06,5.541846846e-06,1.336066145e-05,1.726954103e-05,0.0005406045163
5453.0,1.983432174e-06,5.642349386e-06,1.373651678e-05,1.783681388e-05,0.0005779640444
5454.0,2.02827101e-06,5.808931459e-06,1.394912053e-05,1.805446855e-05,0.0005790877253
5455.0,1.967760192e-06,5.786590543e-06,1.359326479e-05,1.791516034e-05,0.0005520771059
5456.0,1.886479969e-06,5.535750885e-06,1.331849737e-05,1.799524572e-05,0.0005208213505
5457.0,1.903424932e-06,5.480446395e-06,1.336785919e-05,1.839236491e-05,0.0005127247742
5458.0,2.001411977e-06,5.626667216e-06,1.36299546e-05,1.864948804e-05,0.0005085270655
5459.0,1.998801545e-06,5.791443933e-06,1.363370887e-05,1.850924729e-05,0.00050939055
5460.0,1.911147594e-06,5.663185417e-06,1.327546242e-05,1.79533408e-05,0.0005144900193
5461.0,1.880415598e-06,5.538885243e-06,1.332865181e-05,1.751749559e-05,0.0005437844707
5462.0,1.98079657e-06,5.629010617e-06,1.373762093e-05,1.773807191e-05,0.0005780139768
5463.0,2.03609681e-06,5.805391534e-06,1.403562791e-05,1.798620639e-05,0.0005851820479
5464.0,1.977473866e-06,5.82292204e-06,1.37114129e-05,1.774139852e-05,0.0005571457908
5465.0,1.890910855e-06,5.571914877e-06,1.336220048e-05,1.765329688e-05,0.0005275473233
5466.0,1.906913292e-06,5.523047148e-06,1.347533882e-05,1.829196161e-05,0.0005144077457
5467.0,2.006031785e-06,5.637371476e-06,1.370401423e-05,1.863845988e-05,0.0005131930838
5468.0,2.010798082e-06,5.793690688e-06,1.371119934e-05,1.849775033e-05,0.0005088415436
5469.0,1.930395717e-06,5.67997487e-06,1.333396968e-05,1.804882688e-05,0.0005185512652
5470.0,1.878867009e-06,5.519139602e-06,1.333525438e-05,1.781935689e-05,0.0005416127364
5471.0,1.964614436e-06,5.593606671e-06,1.365600372e-05,1.792176077e-05,0.0005788842808
5472.0,2.031874634e-06,5.755456611e-06,1.39868998e-05,1.808635747e-05,0.0005864492197
5473.0,1.977961105e-06,5.802591098e-06,1.371802003e-05,1.790066503e-05,0.0005641459304
5474.0,1.887874188e-06,5.579531583e-06,1.336874948e-05,1.759768363e-05,0.0005316257452
5475.0,1.893059872e-06,5.509730671e-06,1.340315797e-05,1.782172769e-05,0.0005176966091
5476.0,2.000318657e-06,5.620547588e-06,1.371319062e-05,1.836506809e-05,0.0005121002907
5477.0,2.016440794e-06,5.788820698e-06,1.378963995e-05,1.827272638e-05,0.0005153760444
5478.0,1.941799404e-06,5.720537217e-06,1.341851885e-05,1.776895023e-05,0.000517002471
5479.0,1.881461987e-06,5.52264303e-06,1.332922523e-05,1.766200588e-05,0.0005424460797
5480.0,1.948810173e-06,5.581646612e-06,1.36439591e-05,1.798818461e-05,0.0005774427976
5481.0,2.03311376e-06,5.758791585e-06,1.395860534e-05,1.821624596e-05,0.0005935179638
5482.0,1.990588212e-06,5.817672137e-06,1.374660607e-05,1.812895027e-05,0.0005713575421
5483.0,1.891099278e-06,5.587837494e-06,1.337957574e-05,1.78690961e-05,0.0005376058511
5484.0,1.886485376e-06,5.519025027e-06,1.342685988e-05,1.783962149e-05,0.0005184760507
5485.0,1.984454542e-06,5.607513169e-06,1.364418868e-05,1.815606903e-05,0.0005174212365
5486.0,2.014463272e-06,5.790098419e-06,1.381859542e-05,1.810458913e-05,0.0005144551334
5487.0,1.945076366e-06,5.74437193e-06,1.344460576e-05,1.758520591e-05,0.0005205617252
5488.0,1.88597118e-06,5.546417354e-06,1.334046316e-05,1.728986015e-05,0.0005390458667
5489.0,1.944004527e-06,5.581843997e-06,1.363294173e-05,1.771228155e-05,0.0005797433563
5490.0,2.02765322e-06,5.762769751e-06,1.395200022e-05,1.808386222e-05,0.0005943881275
5491.0,2.003536299e-06,5.849989955e-06,1.379730268e-05,1.807218962e-05,0.0005742842222
5492.0,1.904175188e-06,5.597187004e-06,1.338289322e-05,1.790620511e-05,0.000538508258
5493.0,1.88022789e-06,5.490379067e-06,1.338853397e-05,1.796623622e-05,0.0005220503172
5494.0,1.979714603e-06,5.59692539e-06,1.363115688e-05,1.826559459e-05,0.0005167150068
5495.0,2.009297543e-06,5.749889212e-06,1.378639109e-05,1.826230185e-05,0.0005149189751
5496.0,1.948734769e-06,5.746263288e-06,1.346088906e-05,1.776915062e-05,0.0005158917306
5497.0,1.876220857e-06,5.541445935e-06,1.328905912e-05,1.73423229e-05,0.0005386021977
5498.0,1.932964512e-06,5.572193289e-06,1.360639167e-05,1.749671926e-05,0.0005755834339
5499.0,2.027857316e-06,5.726580587e-06,1.394666427e-05,1.789242985e-05,0.0005955052413
5500.0,2.011228959e-06,5.853639931e-06,1.386711814e-05,1.787763217e-05,0.0005782174969
5501.0,1.918662927e-06,5.638418452e-06,1.344950431e-05,1.769493267e-05,0.0005445692782
5502.0,1.882317288e-06,5.49243331e-06,1.340324051e-05,1.783186092e-05,0.0005218088006
5503.0,1.969946988e-06,5.552512089e-06,1.358718827e-05,1.834783935e-05,0.000518184661
5504.0,2.019102566e-06,5.738298043e-06,1.378327716e-05,1.845762653e-05,0.0005131788907
5505.0,1.955413767e-06,5.746348574e-06,1.344521093e-05,1.800526797e-05,0.0005181563786
5506.0,1.872070922e-06,5.540202178e-06,1.324707908e-05,1.751643905e-05,0.000533055375
5507.0,1.914521897e-06,5.540700984e-06,1.35073743e-05,1.747690848e-05,0.0005711031877
5508.0,2.015494815e-06,5.683712433e-06,1.386135457e-05,1.772468441e-05,0.0005918120828
5509.0,2.007689549e-06,5.8306043e-06,1.383587884e-05,1.764286962e-05,0.0005804073268
5510.0,1.915561023e-06,5.657075425e-06,1.340834647e-05,1.743376564e-05,0.0005465196384
5511.0,1.875960372e-06,5.491993338e-06,1.334130263e-05,1.757159014e-05,0.0005233386206
5512.0,1.96220667e-06,5.579736837e-06,1.359593364e-05,1.815296492e-05,0.0005151594702
5513.0,2.016290193e-06,5.728944558e-06,1.376088519e-05,1.833371283e-05,0.0005153875461
5514.0,1.96369392e-06,5.766356608e-06,1.344902419e-05,1.804845531e-05,0.0005153774038
5515.0,1.879640406e-06,5.543151725e-06,1.321519697e-05,1.762996331e-05,0.000530109434
5516.0,1.896963763e-06,5.505581225e-06,1.341701697e-05,1.768538032e-05,0.0005639170955
5517.0,2.004419551e-06,5.643039643e-06,1.376035871e-05,1.790181932e-05,0.0005913840413
5518.0,2.003657478e-06,5.794681279e-06,1.381121301e-05,1.790906274e-05,0.0005792690857
5519.0,1.916080498e-06,5.666044602e-06,1.340887299e-05,1.7566434e-05,0.000548482412
5520.0,1.863908779e-06,5.468776982e-06,1.326044365e-05,1.74944122e-05,0.0005206488862
5521.0,1.944188614e-06,5.531307353e-06,1.351619734e-05,1.785839081e-05,0.0005185587187
5522.0,2.00824143e-06,5.709945406e-06,1.377193788e-05,1.807370042e-05,0.0005142705518
5523.0,1.966466851e-06,5.770692204e-06,1.34860786e-05,1.774020975e-05,0.0005151528223
5524.0,1.890828994e-06,5.588008597e-06,1.326654215e-05,1.73636829e-05,0.0005236836764
5525.0,1.90034699e-06,5.524305897e-06,1.34471795e-05,1.757080111e-05,0.0005609471248
5526.0,2.002564596e-06,5.647754143e-06,1.375574246e-05,1.794588425e-05,0.0005887933451
5527.0,2.013349842e-06,5.796202696e-06,1.379492848e-05,1.806235765e-05,0.0005816791529
5528.0,1.92246427e-06,5.658452603e-06,1.337632302e-05,1.780080571e-05,0.0005469224067
5529.0,1.8598119e-06,5.464073759e-06,1.321557764e-05,1.761504792e-05,0.0005230783084
5530.0,1.927962926e-06,5.496198916e-06,1.341253845e-05,1.776168219e-05,0.0005148072157
5531.0,2.002502004e-06,5.667192028e-06,1.373578624e-05,1.790144116e-05,0.0005134040269
5532.0,1.96759678e-06,5.778805227e-06,1.351403302e-05,1.75242309e-05,0.000509764125
5533.0,1.884422767e-06,5.576614827e-06,1.319712175e-05,1.701194988e-05,0.000524228688
5534.0,1.890998179e-06,5.528547014e-06,1.341507039e-05,1.719135608e-05,0.0005555049312
5535.0,1.997323364e-06,5.653576024e-06,1.37543927e-05,1.77873015e-05,0.0005843019883
5536.0,2.019167831e-06,5.790663699e-06,1.381914477e-05,1.79961516e-05,0.0005783388159
5537.0,1.936995034e-06,5.683787972e-06,1.339075112e-05,1.788006347e-05,0.0005506428527
5538.0,1.864638851e-06,5.460347198e-06,1.319398362e-05,1.77642633e-05,0.000520890287
5539.0,1.914984098e-06,5.463700638e-06,1.331441416e-05,1.800931433e-05,0.0005127989384
5540.0,1.994034371e-06,5.615560721e-06,1.359751978e-05,1.811450493e-05,0.0005069295727
5541.0,1.971131223e-06,5.760157929e-06,1.349103067e-05,1.777616445e-05,0.0005114912502
5542.0,1.883989311e-06,5.585550914e-06,1.315774202e-05,1.708632994e-05,0.0005181133067
5543.0,1.875480599e-06,5.482231593e-06,1.327072845e-05,1.707220856e-05,0.0005491283047
5544.0,1.984877967e-06,5.610934361e-06,1.368344513e-05,1.748572474e-05,0.0005784648933
5545.0,2.022375443e-06,5.78377839e-06,1.38519833e-05,1.769590969e-05,0.0005795935143
5546.0,1.952740918e-06,5.7200622e-06,1.346238135e-05,1.745100291e-05,0.0005505733521
5547.0,1.874332526e-06,5.472116711e-06,1.320319665e-05,1.751954054e-05,0.0005211428337
5548.0,1.910972861e-06,5.46898122e-06,1.333012069e-05,1.79558867e-05,0.0005086919903
5549.0,1.995152281e-06,5.606959401e-06,1.353762556e-05,1.826719843e-05,0.0005086493959
5550.0,1.984553558e-06,5.770354598e-06,1.351869935e-05,1.801210777e-05,0.0005052576211
5551.0,1.892483705e-06,5.594697383e-06,1.315680886e-05,1.751301282e-05,0.000515041046
5552.0,1.874385037e-06,5.480286697e-06,1.32431725e-05,1.728263087e-05,0.0005409218529
5553.0,1.979677926e-06,5.591540281e-06,1.363976182e-05,1.753567633e-05,0.0005767170119
5554.0,2.023288461e-06,5.784310751e-06,1.389266575e-05,1.762449231e-05,0.0005781656186
5555.0,1.955902041e-06,5.762863849e-06,1.350818138e-05,1.73737479e-05,0.000550649598
5556.0,1.880575669e-06,5.530130617e-06,1.324480897e-05,1.724054391e-05,0.0005197506865
5557.0,1.909325387e-06,5.501128229e-06,1.335549018e-05,1.774071716e-05,0.0005132447364
5558.0,2.001037591e-06,5.626741e-06,1.35728072e-05,1.813318887e-05,0.0005072921832
5559.0,1.991703081e-06,5.757080655e-06,1.35042893e-05,1.808171978e-05,0.0005049355782
5560.0,1.903636553e-06,5.619859422e-06,1.315749376e-05,1.75815464e-05,0.000507610146
5561.0,1.872146213e-06,5.489313422e-06,1.320129781e-05,1.742697418e-05,0.0005389442392
5562.0,1.968517617e-06,5.579440463e-06,1.355309909e-05,1.766588427e-05,0.0005709071458
5563.0,2.016306652e-06,5.743896422e-06,1.378919091e-05,1.775344568e-05,0.0005746477796
5564.0,1.952238696e-06,5.747844476e-06,1.342339695e-05,1.751421229e-05,0.0005479965035
5565.0,1.870192184e-06,5.529951666e-06,1.313280984e-05,1.730034592e-05,0.0005218233364
5566.0,1.895351312e-06,5.501824309e-06,1.327760006e-05,1.761721699e-05,0.0005083503675
5567.0,1.988896231e-06,5.612280761e-06,1.352413724e-05,1.806262595e-05,0.0005055500203
5568.0,1.991163217e-06,5.766034953e-06,1.351037498e-05,1.794603157e-05,0.0004996350511
5569.0,1.906677677e-06,5.637746483e-06,1.311742458e-05,1.74316206e-05,0.0005092674405
5570.0,1.86192727e-06,5.483913698e-06,1.313769776e-05,1.731318904e-05,0.000530846055
5571.0,1.948908409e-06,5.557526145e-06,1.34330973e-05,1.766670155e-05,0.0005639972573
5572.0,2.011665379e-06,5.717368604e-06,1.3712771e-05,1.787252962e-05,0.0005683412094
5573.0,1.962808988e-06,5.764146059e-06,1.343502081e-05,1.7766208e-05,0.000548389824
5574.0,1.872805644e-06,5.525579085e-06,1.310976516e-05,1.754906974e-05,0.0005181889964
5575.0,1.884378048e-06,5.46771442e-06,1.317475703e-05,1.772150747e-05,0.000505573458
5576.0,1.98487199e-06,5.588830492e-06,1.346249329e-05,1.808427528e-05,0.0004996590825
5577.0,1.995732284e-06,5.753271786e-06,1.352141941e-05,1.795823814e-05,0.000501204977
5578.0,1.920951277e-06,5.666413754e-06,1.315429853e-05,1.745157466e-05,0.0005044582175
5579.0,1.873618228e-06,5.49963605e-06,1.316272229e-05,1.730109257e-05,0.0005246921395
5580.0,1.950213078e-06,5.565163113e-06,1.35080081e-05,1.774790648e-05,0.0005577770652
5581.0,2.019366114e-06,5.71793556e-06,1.373242977e-05,1.805492836e-05,0.0005713714954
5582.0,1.984122805e-06,5.793941734e-06,1.353169876e-05,1.794731819e-05,0.000550605425
5583.0,1.891426372e-06,5.556213757e-06,1.318540675e-05,1.776931104e-05,0.0005182813061
5584.0,1.888023183e-06,5.475042138e-06,1.321238987e-05,1.796363356e-05,0.0005009999413
5585.0,1.979536247e-06,5.565882312e-06,1.341327608e-05,1.821767904e-05,0.0005030609013
5586.0,2.003550969e-06,5.753817275e-06,1.355594084e-05,1.81206999e-05,0.0004985267307
5587.0,1.927556044e-06,5.692881193e-06,1.316628568e-05,1.763196588e-05,0.0005019284109
5588.0,1.871285566e-06,5.508139463e-06,1.308312528e-05,1.736660698e-05,0.0005185958091
5589.0,1.93976486e-06,5.56469078e-06,1.343518803e-05,1.770699555e-05,0.0005580002547
5590.0,2.023773476e-06,5.732917394e-06,1.377123004e-05,1.809004319e-05,0.0005708277392
5591.0,1.989832998e-06,5.813007473e-06,1.358906903e-05,1.786353703e-05,0.0005501789241
5592.0,1.892739633e-06,5.577841288e-06,1.3174771e-05,1.767153503e-05,0.0005163124181
5593.0,1.874605254e-06,5.464061167e-06,1.315933651e-05,1.791365066e-05,0.0005032987202
5594.0,1.968557649e-06,5.55264475e-06,1.336410238e-05,1.824572541e-05,0.0004979733594
5595.0,2.004340736e-06,5.750283071e-06,1.355700573e-05,1.82355432e-05,0.0004962083483
5596.0,1.939345716e-06,5.7322107e-06,1.319805072e-05,1.779808832e-05,0.0004963074636
5597.0,1.870833132e-06,5.531130888e-06,1.304943113e-05,1.745153661e-05,0.0005179325586
5598.0,1.930545915e-06,5.57185338e-06,1.339660402e-05,1.763681981e-05,0.0005518179472
5599.0,2.02038988e-06,5.725246906e-06,1.372050562e-05,1.796921272e-05,0.0005676919161
5600.0,1.992571999e-06,5.819306633e-06,1.358132781e-05,1.792345751e-05,0.0005490278394
5601.0,1.897570158e-06,5.612238108e-06,1.31654532e-05,1.758853837e-05,0.0005198513805
5602.0,1.863271592e-06,5.470471656e-06,1.311698004e-05,1.777935792e-05,0.0004990951074
5603.0,1.95847655e-06,5.556262534e-06,1.334082346e-05,1.817353589e-05,0.0004968995691
5604.0,1.995895761e-06,5.734854168e-06,1.352214848e-05,1.82260221e-05,0.0004919340503
5605.0,1.938638154e-06,5.735840246e-06,1.317124778e-05,1.783706226e-05,0.000497470072
5606.0,1.868245286e-06,5.532446578e-06,1.301925658e-05,1.738438856e-05,0.0005116777896
5607.0,1.915504229e-06,5.533007971e-06,1.329979524e-05,1.75895837e-05,0.000546183512
5608.0,2.010914597e-06,5.678688771e-06,1.365863052e-05,1.792969057e-05,0.0005645721842
5609.0,1.998866144e-06,5.815920843e-06,1.360490366e-05,1.788260402e-05,0.0005519631157
5610.0,1.911330452e-06,5.639507947e-06,1.322410072e-05,1.769821103e-05,0.0005202193186
5611.0,1.876676638e-06,5.491169205e-06,1.316419049e-05,1.784458822e-05,0.0005013679199
5612.0,1.954672954e-06,5.553410526e-06,1.335534612e-05,1.831952248e-05,0.0004955083623
5613.0,2.003746272e-06,5.742487277e-06,1.356457281e-05,1.847368965e-05,0.0004953691119
5614.0,1.947112034e-06,5.770544347e-06,1.324663113e-05,1.801673516e-05,0.0004946797753
5615.0,1.875640793e-06,5.559953903e-06,1.30577077e-05,1.754595908e-05,0.000510238568
5616.0,1.90871238e-06,5.536959338e-06,1.332209712e-05,1.766758882e-05,0.0005411620515
5617.0,2.008437137e-06,5.667456676e-06,1.367109057e-05,1.791274237e-05,0.0005664100926
5618.0,2.006384005e-06,5.820741117e-06,1.369316449e-05,1.784744337e-05,0.0005560952315
5619.0,1.916747029e-06,5.664045667e-06,1.326642859e-05,1.755809949e-05,0.0005252482096
5620.0,1.878554665e-06,5.51283494e-06,1.320386285e-05,1.76777682e-05,0.0005014706046
5621.0,1.958913911e-06,5.570954106e-06,1.340686363e-05,1.821258222e-05,0.000499858339
5622.0,2.017986433e-06,5.736520481e-06,1.36400684e-05,1.845067796e-05,0.0004964465108
5623.0,1.972400969e-06,5.793144486e-06,1.336465151e-05,1.810808962e-05,0.0004975576237
5624.0,1.890517581e-06,5.587123365e-06,1.312885012e-05,1.760650063e-05,0.0005079153032
5625.0,1.905021542e-06,5.544308418e-06,1.332933747e-05,1.773294488e-05,0.0005443723986
5626.0,2.014645182e-06,5.688941448e-06,1.372617208e-05,1.799905551e-05,0.0005681546433
5627.0,2.015651374e-06,5.835779325e-06,1.375503398e-05,1.801201058e-05,0.0005603984856
5628.0,1.93271203e-06,5.703990307e-06,1.334054604e-05,1.777302787e-05,0.0005283978718
5629.0,1.878895919e-06,5.522820789e-06,1.32083232e-05,1.771609906e-05,0.0005059776371
5630.0,1.956766563e-06,5.572905632e-06,1.341238335e-05,1.815457264e-05,0.0004994731406
5631.0,2.019140267e-06,5.725843513e-06,1.365352062e-05,1.840343138e-05,0.0004988696651
5632.0,1.977407005e-06,5.805845146e-06,1.341390926e-05,1.801117697e-05,0.0004955719036
5633.0,1.892912548e-06,5.605012341e-06,1.310351953e-05,1.759427686e-05,0.0005104804342
5634.0,1.90121776e-06,5.558366344e-06,1.330935227e-05,1.771275578e-05,0.0005418760134
5635.0,2.004112952e-06,5.671410124e-06,1.364721868e-05,1.810458135e-05,0.0005679185127
5636.0,2.01888121e-06,5.824025567e-06,1.374451707e-05,1.821749796e-05,0.000559551363
5637.0,1.932008415e-06,5.698989712e-06,1.330358499e-05,1.795426918e-05,0.0005325303968
5638.0,1.873560268e-06,5.509970684e-06,1.319606431e-05,1.785471335e-05,0.0005057491484
5639.0,1.938485747e-06,5.540433217e-06,1.337702843e-05,1.81067568e-05,0.0004997145454
5640.0,2.017835997e-06,5.715494175e-06,1.367059475e-05,1.833709077e-05,0.0004955845683
5641.0,1.983790348e-06,5.816536766e-06,1.347560666e-05,1.800551264e-05,0.0004990863507
5642.0,1.900201469e-06,5.637093194e-06,1.319376252e-05,1.754800411e-05,0.0005077735939
5643.0,1.902853783e-06,5.568786478e-06,1.335733388e-05,1.775936534e-05,0.0005403014695
5644.0,2.008733248e-06,5.68688295e-06,1.370975239e-05,1.827394093e-05,0.0005671299159
5645.0,2.032086133e-06,5.846754699e-06,1.383236695e-05,1.835874468e-05,0.0005658903293
5646.0,1.951654427e-06,5.752347818e-06,1.342142387e-05,1.816513101e-05,0.0005358666654
5647.0,1.873922461e-06,5.507720483e-06,1.316416448e-05,1.811779113e-05,0.00050946837
5648.0,1.922655557e-06,5.533380786e-06,1.335504383e-05,1.835994269e-05,0.0004999416383
5649.0,2.004875941e-06,5.674431712e-06,1.359930924e-05,1.843264304e-05,0.0004996912477
5650.0,1.983266701e-06,5.809412125e-06,1.348600736e-05,1.816073439e-05,0.000497452171
5651.0,1.897986228e-06,5.630607423e-06,1.314953497e-05,1.760917138e-05,0.0005083361047
5652.0,1.890354658e-06,5.54222289e-06,1.331141197e-05,1.755844452e-05,0.0005351933273
5653.0,1.999980059e-06,5.657407477e-06,1.368441964e-05,1.801837429e-05,0.0005686158944
5654.0,2.038506886e-06,5.844219179e-06,1.392497733e-05,1.832907452e-05,0.0005678989537
5655.0,1.966582347e-06,5.793199788e-06,1.353085984e-05,1.817154673e-05,0.0005412357104
5656.0,1.88623766e-06,5.55316967e-06,1.325399866e-05,1.811492351e-05,0.0005113502371
5657.0,1.920993077e-06,5.534727887e-06,1.33409634e-05,1.849419523e-05,0.0005037465989
5658.0,2.005145186e-06,5.664989239e-06,1.358572711e-05,1.874273443e-05,0.000499196914
5659.0,1.992467687e-06,5.812753968e-06,1.353673726e-05,1.840098959e-05,0.000501601945
5660.0,1.900928239e-06,5.646106258e-06,1.315846086e-05,1.773239643e-05,0.0005066986399
5661.0,1.876529148e-06,5.522420534e-06,1.324177013e-05,1.760139399e-05,0.000536469896
5662.0,1.98852249e-06,5.64995478e-06,1.368007572e-05,1.791613718e-05,0.0005690403075
5663.0,2.035196547e-06,5.829735905e-06,1.393976177e-05,1.800978352e-05,0.0005717683568
5664.0,1.971735793e-06,5.800097207e-06,1.356176303e-05,1.790867662e-05,0.0005425641696
5665.0,1.886602758e-06,5.558462091e-06,1.327246761e-05,1.789230431e-05,0.000515718143
5666.0,1.914983604e-06,5.526293367e-06,1.336159931e-05,1.833331414e-05,0.0005043648057
5667.0,2.007016046e-06,5.654337458e-06,1.360670107e-05,1.872079817e-05,0.000502216924
5668.0,2.004881147e-06,5.804817346e-06,1.360130837e-05,1.861896916e-05,0.0004999336078
5669.0,1.921940573e-06,5.67226593e-06,1.325664604e-05,1.797517091e-05,0.000510160516
5670.0,1.886420464e-06,5.539703492e-06,1.330516655e-05,1.772795655e-05,0.0005345746413
5671.0,1.977362413e-06,5.631563731e-06,1.366158953e-05,1.800112975e-05,0.0005701366681
5672.0,2.03309309e-06,5.820613537e-06,1.396914578e-05,1.814377483e-05,0.0005742277684
5673.0,1.976869098e-06,5.836095351e-06,1.363826167e-05,1.797881902e-05,0.000551035158
5674.0,1.890296112e-06,5.57257415e-06,1.329546178e-05,1.789444844e-05,0.0005192177246
5675.0,1.903096154e-06,5.51483417e-06,1.336919917e-05,1.829616054e-05,0.0005089052212
5676.0,2.00734377e-06,5.656831636e-06,1.364555504e-05,1.864152349e-05,0.0005025092178
5677.0,2.015981593e-06,5.825949246e-06,1.368217132e-05,1.848046062e-05,0.0005040517771
5678.0,1.931778876e-06,5.699102015e-06,1.327531869e-05,1.805729038e-05,0.0005061717951
5679.0,1.88922796e-06,5.536093106e-06,1.330024563e-05,1.789408195e-05,0.0005325915036
5680.0,1.97668718e-06,5.633792827e-06,1.367235262e-05,1.817359663e-05,0.0005670807532
5681.0,2.035065563e-06,5.794623122e-06,1.393849294e-05,1.840339574e-05,0.0005784216803
5682.0,1.984860311e-06,5.844776818e-06,1.368013229e-05,1.81789618e-05,0.0005543256685
5683.0,1.89882881e-06,5.606644525e-06,1.335190134e-05,1.793870792e-05,0.0005220646803
5684.0,1.900156541e-06,5.533530202e-06,1.339501034e-05,1.827441232e-05,0.0005054772964
5685.0,1.997786871e-06,5.634331261e-06,1.362519313e-05,1.85687141e-05,0.000505988312
5686.0,2.01339887e-06,5.814895497e-06,1.369928761e-05,1.841586995e-05,0.0005015855206
5687.0,1.937789481e-06,5.719796521e-06,1.330580471e-05,1.794453816e-05,0.0005068144702
5688.0,1.885622697e-06,5.542650577e-06,1.328137714e-05,1.778388744e-05,0.0005301804076
5689.0,1.960499757e-06,5.59690746e-06,1.359207824e-05,1.808927326e-05,0.0005688464634
5690.0,2.037192959e-06,5.768696373e-06,1.391598201e-05,1.836826551e-05,0.0005791074591
5691.0,1.996356939e-06,5.850307537e-06,1.370638609e-05,1.830716164e-05,0.00055865661
5692.0,1.896188627e-06,5.608130919e-06,1.331736539e-05,1.793866834e-05,0.000524231203
5693.0,1.891130303e-06,5.520617181e-06,1.334624542e-05,1.807280839e-05,0.00051079162
5694.0,1.98952832e-06,5.631561606e-06,1.363427504e-05,1.846657776e-05,0.000505307198
5695.0,2.012752556e-06,5.806829588e-06,1.373421732e-05,1.844745559e-05,0.0005055388416
5696.0,1.939764128e-06,5.742966287e-06,1.332852331e-05,1.788183336e-05,0.0005063813901
5697.0,1.885178973e-06,5.553085521e-06,1.325150036e-05,1.766428219e-05,0.0005291956121
5698.0,1.946384144e-06,5.581460033e-06,1.355908023e-05,1.794818317e-05,0.0005645186872
5699.0,2.032653137e-06,5.755302062e-06,1.390386944e-05,1.82431241e-05,0.000580901556
5700.0,1.99621773e-06,5.826373363e-06,1.370536811e-05,1.82129594e-05,0.0005608366277
5701.0,1.901047334e-06,5.613352364e-06,1.332507286e-05,1.8104453e-05,0.0005285447146
5702.0,1.882590072e-06,5.50041915e-06,1.330732615e-05,1.815627675e-05,0.0005105399596
5703.0,1.980687945e-06,5.605339168e-06,1.357209344e-05,1.85407861e-05,0.0005088412392
5704.0,2.010863199e-06,5.770960441e-06,1.375727758e-05,1.847592449e-05,0.0005042301328
5705.0,1.944689454e-06,5.757030198e-06,1.337318398e-05,1.793817678e-05,0.0005108678308
5706.0,1.881546652e-06,5.560798863e-06,1.324589162e-05,1.753962682e-05,0.0005272943176
5707.0,1.937194865e-06,5.58385136e-06,1.356391695e-05,1.783147502e-05,0.0005645257945
5708.0,2.029896556e-06,5.751898057e-06,1.391233016e-05,1.818528926e-05,0.0005818403273
5709.0,2.00386159e-06,5.849538585e-06,1.37393884e-05,1.814881603e-05,0.0005674513899
5710.0,1.910220939e-06,5.629699256e-06,1.333502192e-05,1.80584776e-05,0.0005337766752
5711.0,1.878606607e-06,5.500338923e-06,1.33247776e-05,1.813629457e-05,0.0005152845659
5712.0,1.973770369e-06,5.594449737e-06,1.355927166e-05,1.84431304e-05,0.0005082400653
5713.0,2.018892241e-06,5.776299064e-06,1.380000633e-05,1.84600681e-05,0.0005093925044
5714.0,1.951991543e-06,5.765419801e-06,1.343610848e-05,1.80002607e-05,0.0005106283368
5715.0,1.879029527e-06,5.56271982e-06,1.324619781e-05,1.754262389e-05,0.0005269952058
5716.0,1.923205833e-06,5.570725859e-06,1.351209297e-05,1.772670804e-05,0.0005612435931
5717.0,2.019128806e-06,5.721234166e-06,1.388069669e-05,1.808250757e-05,0.0005862434898
5718.0,2.00752516e-06,5.851705221e-06,1.38102415e-05,1.799212845e-05,0.0005716669953
5719.0,1.916930152e-06,5.65333605e-06,1.337579351e-05,1.778545419e-05,0.0005385513613
5720.0,1.875966192e-06,5.497305258e-06,1.332981784e-05,1.800497457e-05,0.0005147890211
5721.0,1.965608201e-06,5.581445042e-06,1.356265061e-05,1.833732603e-05,0.0005152866539
5722.0,2.013745091e-06,5.751704792e-06,1.377567119e-05,1.844984227e-05,0.0005102092603
5723.0,1.963316093e-06,5.783198699e-06,1.348501005e-05,1.809053836e-05,0.0005136692991
5724.0,1.888587631e-06,5.583747528e-06,1.329773967e-05,1.768672546e-05,0.0005256880022
5725.0,1.917983626e-06,5.550217307e-06,1.349141424e-05,1.770220762e-05,0.0005647248102
5726.0,2.018485686e-06,5.695785759e-06,1.386376909e-05,1.806042599e-05,0.0005863324805
5727.0,2.020085742e-06,5.852081606e-06,1.389436949e-05,1.80744707e-05,0.000576868086
5728.0,1.928271461e-06,5.687425555e-06,1.346044231e-05,1.777761684e-05,0.0005423366932
5729.0,1.882109763e-06,5.51318572e-06,1.337381736e-05,1.787064702e-05,0.000521878989
5730.0,1.957703554e-06,5.561583491e-06,1.358215257e-05,1.833787955e-05,0.0005163951121
5731.0,2.017444651e-06,5.730472314e-06,1.377708627e-05,1.856150269e-05,0.000514036218
5732.0,1.973007617e-06,5.790405117e-06,1.34976913e-05,1.821545197e-05,0.0005122639804
5733.0,1.888592838e-06,5.57930403e-06,1.325743913e-05,1.772011088e-05,0.0005284094747
5734.0,1.908530668e-06,5.54091507e-06,1.349263521e-05,1.780840233e-05,0.0005607512744
5735.0,2.0208157e-06,5.688913719e-06,1.386766841e-05,1.811014234e-05,0.0005870978581
5736.0,2.02554297e-06,5.844661988e-06,1.393352716e-05,1.810395171e-05,0.0005764096937
5737.0,1.93360801e-06,5.693850301e-06,1.345864451e-05,1.787735446e-05,0.0005476916463
5738.0,1.880510079e-06,5.508513244e-06,1.333299049e-05,1.781626731e-05,0.0005220738161
5739.0,1.951656101e-06,5.558841064e-06,1.357134168e-05,1.824344783e-05,0.0005176558993
5740.0,2.02135529e-06,5.722928026e-06,1.382309299e-05,1.84222529e-05,0.0005128262455
5741.0,1.986605103e-06,5.810055385e-06,1.360396592e-05,1.813208347e-05,0.0005176497548
5742.0,1.901780936e-06,5.610164387e-06,1.333265951e-05,1.768957828e-05,0.000528785376
5743.0,1.905156734e-06,5.55595786e-06,1.350745994e-05,1.770484206e-05,0.0005607175616
5744.0,2.016292569e-06,5.680219506e-06,1.384381368e-05,1.811551625e-05,0.0005873452201
5745.0,2.029237384e-06,5.833544211e-06,1.394029575e-05,1.819278524e-05,0.0005869806964
5746.0,1.947141877e-06,5.731783466e-06,1.353098909e-05,1.801167926e-05,0.0005546020255
5747.0,1.88008151e-06,5.508545131e-06,1.333253771e-05,1.782216412e-05,0.0005256771065
5748.0,1.9367742e-06,5.531010711e-06,1.351302548e-05,1.816175795e-05,0.0005164805992
5749.0,2.014350199e-06,5.697925915e-06,1.37829075e-05,1.826543309e-05,0.0005191768698
5750.0,1.990460683e-06,5.829340696e-06,1.362847184e-05,1.806351288e-05,0.0005173627828
5751.0,1.907703826e-06,5.630773256e-06,1.332188563e-05,1.75776681e-05,0.0005274484709
5752.0,1.896778089e-06,5.536558358e-06,1.344101033e-05,1.768620683e-05,0.0005554336137
5753.0,2.004602849e-06,5.65685258e-06,1.378500031e-05,1.798797374e-05,0.0005914137715
5754.0,2.029462772e-06,5.814282815e-06,1.39146463e-05,1.819697869e-05,0.0005869249695
5755.0,1.9520837e-06,5.740045124e-06,1.353642253e-05,1.799470336e-05,0.000556736601
5756.0,1.879111123e-06,5.516279292e-06,1.330347819e-05,1.777987817e-05,0.000524822315
5757.0,1.932688192e-06,5.519299648e-06,1.346065661e-05,1.806314257e-05,0.0005208781595
5758.0,2.012515133e-06,5.673207218e-06,1.376013186e-05,1.832026251e-05,0.00051564705
5759.0,1.990642852e-06,5.814386967e-06,1.364230142e-05,1.799854317e-05,0.0005161697306
5760.0,1.908001771e-06,5.639721894e-06,1.33086051e-05,1.73999835e-05,0.0005216803793
5761.0,1.891822418e-06,5.526969199e-06,1.341484697e-05,1.749825376e-05,0.0005565282326
5762.0,1.994903716e-06,5.654020753e-06,1.379413637e-05,1.789171747e-05,0.000587494727
5763.0,2.033536224e-06,5.819519342e-06,1.395578153e-05,1.811258682e-05,0.0005857094668
5764.0,1.960837897e-06,5.747294753e-06,1.354838573e-05,1.80160957e-05,0.0005546721316
5765.0,1.881365738e-06,5.507472974e-06,1.330037672e-05,1.796396324e-05,0.0005293412405
5766.0,1.917503169e-06,5.504537502e-06,1.340598112e-05,1.823463592e-05,0.0005192802558
5767.0,2.008030922e-06,5.639604446e-06,1.366786484e-05,1.843014084e-05,0.0005163592788
5768.0,1.994278956e-06,5.796160903e-06,1.362479167e-05,1.813908751e-05,0.0005119307821
5769.0,1.908045135e-06,5.653074702e-06,1.32691914e-05,1.742465783e-05,0.0005242977831
5770.0,1.884894555e-06,5.532509742e-06,1.333684655e-05,1.734423698e-05,0.0005510606132
5771.0,1.987648701e-06,5.637159737e-06,1.375047872e-05,1.775535226e-05,0.0005842615118
5772.0,2.032571014e-06,5.799932034e-06,1.397706211e-05,1.802586037e-05,0.0005847348561
5773.0,1.968282664e-06,5.777322659e-06,1.358764254e-05,1.788701175e-05,0.0005600336924
5774.0,1.890878125e-06,5.555723796e-06,1.334592571e-05,1.788863297e-05,0.0005276869158
5775.0,1.909827643e-06,5.51354715e-06,1.343645856e-05,1.831556882e-05,0.0005170833511
5776.0,2.011966743e-06,5.650014909e-06,1.367589505e-05,1.861954061e-05,0.0005115125538
5777.0,2.001020026e-06,5.782002291e-06,1.359902699e-05,1.837567352e-05,0.0005150068
5778.0,1.905893862e-06,5.643344805e-06,1.321975027e-05,1.778116698e-05,0.0005198308166
5779.0,1.881390187e-06,5.524067569e-06,1.329479631e-05,1.749953098e-05,0.0005446074475
5780.0,1.973980189e-06,5.601224307e-06,1.364083551e-05,1.771861248e-05,0.0005769842301
5781.0,2.028188656e-06,5.77474722e-06,1.395043041e-05,1.785771753e-05,0.0005869415783
5782.0,1.975882072e-06,5.817044136e-06,1.367145601e-05,1.764606481e-05,0.0005595350254
5783.0,1.897007357e-06,5.576171042e-06,1.334998773e-05,1.756300367e-05,0.0005285109298
5784.0,1.90716726e-06,5.515089256e-06,1.340398501e-05,1.804563365e-05,0.0005126183932
5785.0,2.005762954e-06,5.645672043e-06,1.36712512e-05,1.846675248e-05,0.000515133777
5786.0,2.011595697e-06,5.80144272e-06,1.36658351e-05,1.838571178e-05,0.0005113148673
5787.0,1.927817486e-06,5.672461616e-06,1.327823184e-05,1.802342485e-05,0.000517652499
5788.0,1.876205226e-06,5.510929641e-06,1.327120763e-05,1.770787367e-05,0.0005383267974
5789.0,1.965927421e-06,5.597137809e-06,1.361082293e-05,1.784849155e-05,0.0005801533396
5790.0,2.025498524e-06,5.757318178e-06,1.389264807e-05,1.789594896e-05,0.0005867206034
5791.0,1.976854441e-06,5.812169713e-06,1.364274667e-05,1.769934951e-05,0.0005618447252
5792.0,1.889618089e-06,5.582820921e-06,1.331245314e-05,1.735864769e-05,0.0005267512042
5793.0,1.897727516e-06,5.512251786e-06,1.334140137e-05,1.761007612e-05,0.0005181633329
5794.0,1.999350164e-06,5.626446146e-06,1.363106042e-05,1.818394586e-05,0.0005121919593
5795.0,2.01633738e-06,5.794243855e-06,1.370493391e-05,1.813611029e-05,0.0005105889375
5796.0,1.945666884e-06,5.699978811e-06,1.333168779e-05,1.772324581e-05,0.0005112186567
5797.0,1.888197903e-06,5.526862187e-06,1.327408474e-05,1.772772266e-05,0.0005393412878
5798.0,1.955228774e-06,5.588075622e-06,1.359823106e-05,1.798582917e-05,0.0005750719868
5799.0,2.025745035e-06,5.747567968e-06,1.381508839e-05,1.820647089e-05,0.0005847292048
5800.0,1.983462061e-06,5.800594942e-06,1.357392586e-05,1.805711277e-05,0.0005601666285
5801.0,1.88544359e-06,5.563933021e-06,1.320613271e-05,1.776046046e-05,0.0005304209672
5802.0,1.883392502e-06,5.483258772e-06,1.326426762e-05,1.769234122e-05,0.0005132992259
5803.0,1.985274452e-06,5.589294457e-06,1.353110292e-05,1.797464249e-05,0.0005107436095
5804.0,2.009774597e-06,5.764114547e-06,1.368107619e-05,1.775133295e-05,0.0005043292171
5805.0,1.94408487e-06,5.718673871e-06,1.332395077e-05,1.728031888e-05,0.0005133437316
5806.0,1.88990799e-06,5.540260926e-06,1.324231701e-05,1.724672408e-05,0.0005302586597
5807.0,1.946487061e-06,5.585231517e-06,1.352930602e-05,1.779834646e-05,0.0005660289032
5808.0,2.035745871e-06,5.747254418e-06,1.384781659e-05,1.811857276e-05,0.0005787891109
5809.0,2.006470653e-06,5.823665508e-06,1.365908581e-05,1.820360645e-05,0.0005656537049
5810.0,1.900465408e-06,5.582591492e-06,1.321440702e-05,1.801660001e-05,0.0005317545375
5811.0,1.872143528e-06,5.462394187e-06,1.318276929e-05,1.806945032e-05,0.0005116125103
5812.0,1.967140019e-06,5.554625325e-06,1.340159083e-05,1.819225165e-05,0.0005030056943
5813.0,1.999618786e-06,5.734911778e-06,1.358103125e-05,1.806725487e-05,0.0005061273769
5814.0,1.931655129e-06,5.726465317e-06,1.324829315e-05,1.745910096e-05,0.0005069007037
5815.0,1.878408263e-06,5.553220617e-06,1.317381318e-05,1.706375208e-05,0.0005263177579
5816.0,1.941550236e-06,5.576832441e-06,1.349708395e-05,1.751151742e-05,0.0005583244618
5817.0,2.032090817e-06,5.741067213e-06,1.386105759e-05,1.790639829e-05,0.0005801812184
5818.0,2.015597647e-06,5.851828667e-06,1.376041471e-05,1.793668663e-05,0.0005619543933
5819.0,1.922562439e-06,5.63484579e-06,1.331139323e-05,1.789274034e-05,0.0005286425929
5820.0,1.888115483e-06,5.494750621e-06,1.326608464e-05,1.825826462e-05,0.0005051328513
5821.0,1.974297413e-06,5.5798545e-06,1.346317436e-05,1.862520294e-05,0.0005076714285
5822.0,2.01392813e-06,5.76662768e-06,1.363391784e-05,1.859371132e-05,0.0005042123947
5823.0,1.950343708e-06,5.765166891e-06,1.328243774e-05,1.805079853e-05,0.0005057160288
5824.0,1.871825292e-06,5.545762835e-06,1.309966186e-05,1.752966465e-05,0.0005183255676
5825.0,1.920947839e-06,5.545816865e-06,1.336004368e-05,1.744871326e-05,0.0005584340466
5826.0,2.024392737e-06,5.704505878e-06,1.378152226e-05,1.77182286e-05,0.0005780973002
5827.0,2.011666795e-06,5.838211954e-06,1.374376813e-05,1.76482223e-05,0.0005631023242
5828.0,1.923467121e-06,5.666259414e-06,1.333443035e-05,1.744959162e-05,0.0005268538433
5829.0,1.885153625e-06,5.501729584e-06,1.322159452e-05,1.789350781e-05,0.0005100491095
5830.0,1.970753407e-06,5.581176775e-06,1.345303639e-05,1.854527034e-05,0.0005042148721
5831.0,2.023705914e-06,5.751450651e-06,1.363531148e-05,1.874660565e-05,0.0005020289561
5832.0,1.964710124e-06,5.760033496e-06,1.327044007e-05,1.832006702e-05,0.0004996246775
5833.0,1.883445445e-06,5.566871232e-06,1.308893636e-05,1.784572817e-05,0.0005177543791
5834.0,1.904667851e-06,5.536030086e-06,1.332655102e-05,1.780333441e-05,0.0005512844487
5835.0,2.015904863e-06,5.696275188e-06,1.370506982e-05,1.79404688e-05,0.0005735071349
5836.0,2.01158474e-06,5.841103166e-06,1.371080094e-05,1.789697255e-05,0.0005589901044
5837.0,1.918361488e-06,5.685409767e-06,1.326866174e-05,1.764059421e-05,0.0005314818681
5838.0,1.881343836e-06,5.530833096e-06,1.32038154e-05,1.771464614e-05,0.0005065243442
5839.0,1.963659868e-06,5.583483467e-06,1.343701848e-05,1.830259265e-05,0.0005023195744
5840.0,2.029432984e-06,5.757718938e-06,1.37207535e-05,1.850836256e-05,0.0004969425673
5841.0,1.984405367e-06,5.808876549e-06,1.34231133e-05,1.80319231e-05,0.000503051763
5842.0,1.90126415e-06,5.591493426e-06,1.313211927e-05,1.764689749e-05,0.0005142039471
5843.0,1.90986545e-06,5.556469614e-06,1.333885254e-05,1.787457739e-05,0.0005468047644
5844.0,2.015350846e-06,5.699311101e-06,1.369684668e-05,1.824042809e-05,0.0005679802562
5845.0,2.022637674e-06,5.853702029e-06,1.372619546e-05,1.825890547e-05,0.0005640085625
5846.0,1.930478529e-06,5.713171064e-06,1.329535142e-05,1.806222586e-05,0.0005317689471
5847.0,1.878733998e-06,5.537054692e-06,1.319865124e-05,1.790045988e-05,0.0005062124064
5848.0,1.952329176e-06,5.566344057e-06,1.338173395e-05,1.810968741e-05,0.0004976325834
5849.0,2.02395915e-06,5.732395779e-06,1.368711591e-05,1.826156959e-05,0.0004997410771
5850.0,1.982230001e-06,5.820927322e-06,1.347096086e-05,1.791112038e-05,0.0004987945309
5851.0,1.904660479e-06,5.636160598e-06,1.319584707e-05,1.744641914e-05,0.0005104685051
5852.0,1.918502172e-06,5.575694384e-06,1.336667004e-05,1.771658228e-05,0.000539322775
5853.0,2.015447598e-06,5.687954198e-06,1.368215494e-05,1.827411225e-05,0.000570290877
5854.0,2.035531438e-06,5.858106578e-06,1.377673084e-05,1.825241962e-05,0.0005638332064
5855.0,1.948936646e-06,5.738014337e-06,1.333428978e-05,1.802831847e-05,0.0005340424957
5856.0,1.88441152e-06,5.532202223e-06,1.319207418e-05,1.795074833e-05,0.00050558569
5857.0,1.934655708e-06,5.541033609e-06,1.332173569e-05,1.817034707e-05,0.0005009971255
5858.0,2.010891741e-06,5.695230015e-06,1.357705821e-05,1.829800695e-05,0.0004971585584
5859.0,1.981978812e-06,5.811769603e-06,1.340446823e-05,1.804070179e-05,0.0004946315251
5860.0,1.898467211e-06,5.643452941e-06,1.31424644e-05,1.7568227e-05,0.0005017814947
5861.0,1.8975296e-06,5.560219683e-06,1.327507283e-05,1.753358293e-05,0.0005371578176
5862.0,2.007653814e-06,5.669488532e-06,1.364729215e-05,1.796876059e-05,0.0005667590773
5863.0,2.034577882e-06,5.828866866e-06,1.380650613e-05,1.818432754e-05,0.0005635767342
5864.0,1.959430212e-06,5.759954522e-06,1.338912903e-05,1.786889073e-05,0.0005325816403
5865.0,1.89016632e-06,5.547937325e-06,1.31984633e-05,1.780803291e-05,0.0005075281568
5866.0,1.929127357e-06,5.552396995e-06,1.334400356e-05,1.828431078e-05,0.0004982992123
5867.0,2.010460792e-06,5.691446948e-06,1.35704261e-05,1.851998683e-05,0.0004963666854
5868.0,1.99035673e-06,5.81309885e-06,1.344359246e-05,1.833677947e-05,0.0004920478036
5869.0,1.906722667e-06,5.646881766e-06,1.312623325e-05,1.770816048e-05,0.0005039023697
5870.0,1.885871507e-06,5.544814393e-06,1.323786659e-05,1.753509846e-05,0.0005330496541
5871.0,1.995010642e-06,5.657768427e-06,1.362451271e-05,1.780934011e-05,0.0005643933777
5872.0,2.040559349e-06,5.836283847e-06,1.38795897e-05,1.803161735e-05,0.0005641389832
5873.0,1.972843188e-06,5.801426483e-06,1.349990657e-05,1.789042847e-05,0.0005407449072
5874.0,1.894545387e-06,5.55063265e-06,1.323387332e-05,1.773504503e-05,0.0005119227264
5875.0,1.926325683e-06,5.540126459e-06,1.333539963e-05,1.822418868e-05,0.0005015250789
5876.0,2.014626163e-06,5.677556975e-06,1.358336971e-05,1.864582651e-05,0.0004956353099
5877.0,2.009256947e-06,5.840676047e-06,1.353645013e-05,1.851974932e-05,0.0004976586722
5878.0,1.919914975e-06,5.683828001e-06,1.317215628e-05,1.807512457e-05,0.0005034060514
5879.0,1.890844001e-06,5.540492663e-06,1.325620203e-05,1.780427089e-05,0.0005327613927
5880.0,1.989468291e-06,5.640947109e-06,1.362555758e-05,1.805654878e-05,0.0005648891506
5881.0,2.038564864e-06,5.805920538e-06,1.385468903e-05,1.816106333e-05,0.0005706022173
5882.0,1.97749349e-06,5.822023679e-06,1.353447718e-05,1.795856435e-05,0.0005440484644
5883.0,1.892610226e-06,5.578815093e-06,1.324729453e-05,1.77847224e-05,0.000513737139
5884.0,1.918800581e-06,5.545005196e-06,1.336065466e-05,1.811105015e-05,0.000500861363
5885.0,2.020137643e-06,5.676141387e-06,1.361739599e-05,1.859462706e-05,0.0005017154073
5886.0,2.024082754e-06,5.861521169e-06,1.364108253e-05,1.850211032e-05,0.0004982541614
5887.0,1.937945386e-06,5.726596406e-06,1.327838296e-05,1.799009723e-05,0.0005055118873
5888.0,1.897936934e-06,5.574127792e-06,1.329536376e-05,1.785866237e-05,0.0005287283848
5889.0,1.985237474e-06,5.652668743e-06,1.361722532e-05,1.814704239e-05,0.0005650397065
5890.0,2.044089866e-06,5.820738558e-06,1.389023325e-05,1.83762588e-05,0.0005709532017
5891.0,1.984372309e-06,5.830039876e-06,1.358996406e-05,1.817202653e-05,0.000549185771
5892.0,1.897928195e-06,5.611225067e-06,1.328136746e-05,1.790365226e-05,0.0005162896871
5893.0,1.90742128e-06,5.536812536e-06,1.333009199e-05,1.80619336e-05,0.0005055746371
5894.0,2.010067064e-06,5.658724528e-06,1.360651803e-05,1.84232e-05,0.0005014571834
5895.0,2.017483096e-06,5.834213771e-06,1.363660419e-05,1.831194853e-05,0.0005021967724
5896.0,1.940202311e-06,5.7544644e-06,1.327786678e-05,1.787620352e-05,0.0005043196822
5897.0,1.893437371e-06,5.582188879e-06,1.327733805e-05,1.77673978e-05,0.000530136983
5898.0,1.972413326e-06,5.651127878e-06,1.36219045e-05,1.822785953e-05,0.0005641316148
5899.0,2.03891165e-06,5.807794579e-06,1.384254006e-05,1.851215446e-05,0.0005744856889
5900.0,1.9936321e-06,5.856714312e-06,1.361435089e-05,1.84040974e-05,0.0005501156125
5901.0,1.892975985e-06,5.602224262e-06,1.324478475e-05,1.813295257e-05,0.0005200535088
5902.0,1.891225797e-06,5.517761841e-06,1.327685617e-05,1.817960683e-05,0.0005036960733
5903.0,1.99040986e-06,5.608534448e-06,1.350682326e-05,1.836069011e-05,0.0005027828514
5904.0,2.004041613e-06,5.781601788e-06,1.362049566e-05,1.824445685e-05,0.0004985055129
5905.0,1.930115925e-06,5.724178163e-06,1.324325024e-05,1.764359671e-05,0.0005041928033
5906.0,1.887363651e-06,5.573858878e-06,1.323273906e-05,1.743662882e-05,0.0005237956213
5907.0,1.960588338e-06,5.622960331e-06,1.358180521e-05,1.797910237e-05,0.0005628075108
5908.0,2.041327412e-06,5.788587942e-06,1.389876653e-05,1.844245116e-05,0.0005722836218
5909.0,1.999593225e-06,5.845822378e-06,1.36414998e-05,1.837768559e-05,0.0005551581108
5910.0,1.90446317e-06,5.608337128e-06,1.328423678e-05,1.834412985e-05,0.0005211631937
5911.0,1.88822747e-06,5.513711625e-06,1.329270994e-05,1.844944129e-05,0.0005056958455
5912.0,1.987962124e-06,5.617255702e-06,1.353666553e-05,1.874482532e-05,0.0005017318307
5913.0,2.011808685e-06,5.786883842e-06,1.366503434e-05,1.859659384e-05,0.0005020953634
5914.0,1.940205526e-06,5.748464786e-06,1.33063677e-05,1.802706568e-05,0.0005024683607
5915.0,1.881176868e-06,5.568465272e-06,1.320668871e-05,1.759785275e-05,0.0005238921908
5916.0,1.947226278e-06,5.597751238e-06,1.353486102e-05,1.792185905e-05,0.0005593641516
5917.0,2.037517403e-06,5.759907336e-06,1.390951854e-05,1.827571691e-05,0.0005758719526
5918.0,2.010445067e-06,5.872084195e-06,1.375555267e-05,1.82359633e-05,0.0005571386724
5919.0,1.921468252e-06,5.665354988e-06,1.337344386e-05,1.811269927e-05,0.0005259585567
5920.0,1.893754805e-06,5.51988343e-06,1.33347947e-05,1.835745975e-05,0.0005058364922
5921.0,1.984017826e-06,5.614471552e-06,1.355759993e-05,1.874422362e-05,0.0005052254806
5922.0,2.013286893e-06,5.783672985e-06,1.3684646e-05,1.894547419e-05,0.000500031778
5923.0,1.947241728e-06,5.759166176e-06,1.332128258e-05,1.834824835e-05,0.0005045623896
5924.0,1.878684688e-06,5.566613475e-06,1.319537406e-05,1.781212326e-05,0.0005202514511
5925.0,1.935275562e-06,5.59113456e-06,1.351214532e-05,1.785408867e-05,0.0005584618749
5926.0,2.028102687e-06,5.742379567e-06,1.389615097e-05,1.811458428e-05,0.0005756244104
5927.0,2.009262792e-06,5.867022568e-06,1.379741202e-05,1.801354966e-05,0.0005616661874
5928.0,1.919698118e-06,5.674877125e-06,1.337134071e-05,1.77279727e-05,0.0005271582933
5929.0,1.890587614e-06,5.533392954e-06,1.332293404e-05,1.799804158e-05,0.0005094107138
5930.0,1.978146716e-06,5.615947935e-06,1.356205106e-05,1.85714813e-05,0.0005026621076
5931.0,2.023501707e-06,5.780530263e-06,1.372843211e-05,1.86815267e-05,0.0005039046759
5932.0,1.964869636e-06,5.795538784e-06,1.342109193e-05,1.839691521e-05,0.0005026793014
5933.0,1.884525689e-06,5.577233927e-06,1.322777194e-05,1.792775749e-05,0.0005208245493
5934.0,1.923869045e-06,5.579750338e-06,1.349139666e-05,1.796353163e-05,0.0005528627574
5935.0,2.021342205e-06,5.728844308e-06,1.383956447e-05,1.814578951e-05,0.0005759531994
5936.0,2.014368871e-06,5.863370117e-06,1.38407946e-05,1.812398125e-05,0.0005613538517
5937.0,1.924832404e-06,5.697595815e-06,1.342459994e-05,1.769590099e-05,0.0005311486096
5938.0,1.888514598e-06,5.538194821e-06,1.333327364e-05,1.785298857e-05,0.0005086758043
5939.0,1.965781288e-06,5.594871231e-06,1.351815372e-05,1.835857065e-05,0.0005054091512
5940.0,2.022915362e-06,5.779185436e-06,1.376525394e-05,1.850119327e-05,0.0005005534819
5941.0,1.975028637e-06,5.820615118e-06,1.344266419e-05,1.817015305e-05,0.0005050265061
5942.0,1.901684809e-06,5.617487991e-06,1.328420785e-05,1.785344346e-05,0.0005170603335
5943.0,1.922714819e-06,5.583015447e-06,1.350800817e-05,1.805449905e-05,0.0005536480976
5944.0,2.022086452e-06,5.712548141e-06,1.381511281e-05,1.829043602e-05,0.0005743909496
5945.0,2.018095065e-06,5.846190815e-06,1.381505204e-05,1.83385727e-05,0.0005662873636
5946.0,1.927774351e-06,5.700531503e-06,1.341548234e-05,1.80849606e-05,0.0005336988174
5947.0,1.878082576e-06,5.51458851e-06,1.328345158e-05,1.791617598e-05,0.0005105091535
5948.0,1.960657641e-06,5.568321019e-06,1.349951298e-05,1.824287515e-05,0.0005043253514
5949.0,2.025239906e-06,5.741617036e-06,1.379138697e-05,1.838782565e-05,0.0005054643667
5950.0,1.981637013e-06,5.825205819e-06,1.354016633e-05,1.796544256e-05,0.000503190108
5951.0,1.904651489e-06,5.626829444e-06,1.327489058e-05,1.757895769e-05,0.0005175062782
5952.0,1.914780834e-06,5.575815931e-06,1.348799161e-05,1.78826361e-05,0.0005497413352
5953.0,2.023069412e-06,5.716908913e-06,1.383616252e-05,1.83876125e-05,0.0005797998808
5954.0,2.035044833e-06,5.865476562e-06,1.388733148e-05,1.845499636e-05,0.0005703907358
5955.0,1.942797161e-06,5.71686276e-06,1.344526651e-05,1.833032883e-05,0.0005387581948
5956.0,1.877922923e-06,5.511757479e-06,1.330194459e-05,1.817363499e-05,0.0005109537454
5957.0,1.945138585e-06,5.53711169e-06,1.343518772e-05,1.833026854e-05,0.0005082355236
5958.0,2.01907739e-06,5.698443726e-06,1.372801862e-05,1.843323237e-05,0.0005031646715
5959.0,1.980164022e-06,5.799212909e-06,1.352823192e-05,1.813368852e-05,0.0005064513376
5960.0,1.897996858e-06,5.626182349e-06,1.324068758e-05,1.754511601e-05,0.0005156146102
5961.0,1.906595266e-06,5.559685749e-06,1.342423055e-05,1.775737103e-05,0.0005517920172
5962.0,2.012543712e-06,5.696611061e-06,1.384108782e-05,1.829127138e-05,0.0005788246967
5963.0,2.034076844e-06,5.863108885e-06,1.39342673e-05,1.837075691e-05,0.0005756367549
5964.0,1.952272877e-06,5.758606865e-06,1.348491615e-05,1.824864391e-05,0.000543557327
5965.0,1.886519963e-06,5.537712878e-06,1.332575808e-05,1.828442598e-05,0.0005182709322
5966.0,1.935149372e-06,5.538214695e-06,1.346955087e-05,1.860164465e-05,0.0005092008523
5967.0,2.014177698e-06,5.687498904e-06,1.369096749e-05,1.869562716e-05,0.0005090697521
5968.0,1.982161192e-06,5.788112534e-06,1.351574833e-05,1.847987983e-05,0.0005052160121
5969.0,1.893422796e-06,5.62133103e-06,1.320864208e-05,1.782568925e-05,0.0005175586654
5970.0,1.890921175e-06,5.534533133e-06,1.335530753e-05,1.763685211e-05,0.0005467229199
5971.0,2.005195728e-06,5.661357578e-06,1.375747426e-05,1.801072988e-05,0.0005811623954
5972.0,2.034583558e-06,5.850078872e-06,1.397259732e-05,1.81618375e-05,0.0005789403772
5973.0,1.962571484e-06,5.793392037e-06,1.358592729e-05,1.78533946e-05,0.0005519554986
5974.0,1.889559735e-06,5.556236828e-06,1.333293726e-05,1.792333718e-05,0.0005221560987
5975.0,1.929914289e-06,5.547154471e-06,1.348425155e-05,1.848903948e-05,0.0005135175895
5976.0,2.010886621e-06,5.684076012e-06,1.369570918e-05,1.870904266e-05,0.0005084268649
5977.0,1.99635726e-06,5.812218973e-06,1.358884902e-05,1.849069089e-05,0.0005100995188
5978.0,1.902286173e-06,5.622001777e-06,1.321386489e-05,1.804476464e-05,0.0005150267061
5979.0,1.876276548e-06,5.505008276e-06,1.329138574e-05,1.77584097e-05,0.000546497645
5980.0,1.98534635e-06,5.629491697e-06,1.367587942e-05,1.788800584e-05,0.0005779351875
5981.0,2.02782164e-06,5.807343812e-06,1.393535757e-05,1.800546772e-05,0.0005816265962
5982.0,1.96157493e-06,5.79086011e-06,1.360244206e-05,1.779065176e-05,0.0005532218572
5983.0,1.888138002e-06,5.573960851e-06,1.334778828e-05,1.766708064e-05,0.0005253098893
5984.0,1.923340902e-06,5.556043093e-06,1.348597296e-05,1.816774524e-05,0.0005132069926
5985.0,2.013418425e-06,5.684793945e-06,1.374837158e-05,1.858499677e-05,0.0005129706546
5986.0,2.004443493e-06,5.830069896e-06,1.368043634e-05,1.836548527e-05,0.0005083510687
5987.0,1.917943781e-06,5.661082362e-06,1.326759384e-05,1.796507501e-05,0.0005169268988
5988.0,1.879318799e-06,5.511675218e-06,1.3301932e-05,1.789306691e-05,0.0005422551469
5989.0,1.974502553e-06,5.618702412e-06,1.366676116e-05,1.806352022e-05,0.0005781725845
5990.0,2.030560726e-06,5.801189534e-06,1.393051203e-05,1.810495473e-05,0.0005814415585
5991.0,1.966389824e-06,5.790024252e-06,1.357909429e-05,1.79736049e-05,0.00055544937
5992.0,1.877044419e-06,5.552677357e-06,1.327415338e-05,1.774227815e-05,0.0005239022731
5993.0,1.905376239e-06,5.517814567e-06,1.339300927e-05,1.800947277e-05,0.0005149856455
5994.0,2.004944061e-06,5.645151978e-06,1.368377862e-05,1.836128126e-05,0.0005091577149
5995.0,2.000575472e-06,5.793623346e-06,1.367747951e-05,1.822943636e-05,0.0005104716839
5996.0,1.924114026e-06,5.681591223e-06,1.332456919e-05,1.765547175e-05,0.0005149256561
5997.0,1.887360832e-06,5.536635372e-06,1.335318866e-05,1.75774764e-05,0.0005418184812
5998.0,1.970561171e-06,5.613525597e-06,1.368075795e-05,1.796622972e-05,0.0005756277123
5999.0,2.026758595e-06,5.771614715e-06,1.388254028e-05,1.812693422e-05,0.0005858497962
6000.0,1.972519235e-06,5.782661044e-06,1.357058846e-05,1.799249797e-05,0.0005608400799
6001.0,1.881266829e-06,5.542600158e-06,1.32612039e-05,1.784160729e-05,0.0005296209135
6002.0,1.888875718e-06,5.503381406e-06,1.333538602e-05,1.797633387e-05,0.0005131257391
6003.0,1.993509295e-06,5.616788825e-06,1.358692949e-05,1.824484294e-05,0.0005132742856
6004.0,2.005871805e-06,5.793174128e-06,1.370652165e-05,1.816783438e-05,0.0005096360906
6005.0,1.92276456e-06,5.694679524e-06,1.33171596e-05,1.770219469e-05,0.0005169802383
6006.0,1.879062252e-06,5.522210148e-06,1.32907683e-05,1.746953848e-05,0.0005373277222
6007.0,1.958361122e-06,5.590016491e-06,1.362538263e-05,1.784276008e-05,0.0005766872198
6008.0,2.033721153e-06,5.774978427e-06,1.397279243e-05,1.817926407e-05,0.0005877818275
6009.0,1.989323525e-06,5.823501688e-06,1.369702081e-05,1.806027298e-05,0.0005661523853
6010.0,1.89858355e-06,5.562835401e-06,1.332215917e-05,1.787677716e-05,0.0005307604767
6011.0,1.889704351e-06,5.49281901e-06,1.335916774e-05,1.808403028e-05,0.0005174723758
6012.0,1.986850764e-06,5.616614537e-06,1.358724756e-05,1.840194262e-05,0.0005125445496
6013.0,2.009210637e-06,5.792093084e-06,1.370624816e-05,1.837689371e-05,0.0005123014032
6014.0,1.936403852e-06,5.724031983e-06,1.335348363e-05,1.792692776e-05,0.0005133989004
6015.0,1.876324989e-06,5.529770743e-06,1.325159349e-05,1.758630582e-05,0.0005379120866
6016.0,1.949040051e-06,5.586309851e-06,1.356678948e-05,1.781983065e-05,0.000572472525
6017.0,2.031191274e-06,5.750758421e-06,1.394191063e-05,1.808789772e-05,0.0005874512283
6018.0,1.992811694e-06,5.835749561e-06,1.374946157e-05,1.782469783e-05,0.0005667636127
6019.0,1.902573007e-06,5.6080177e-06,1.334108984e-05,1.762229727e-05,0.0005352824599
6020.0,1.893629813e-06,5.513005194e-06,1.339047685e-05,1.798663527e-05,0.0005175305583
6021.0,1.984225462e-06,5.610756292e-06,1.360647188e-05,1.834236293e-05,0.0005145331094
6022.0,2.015211041e-06,5.794008338e-06,1.371642068e-05,1.840287811e-05,0.0005097103469
6023.0,1.943692732e-06,5.732982248e-06,1.331635111e-05,1.793029612e-05,0.0005166476192
6024.0,1.875719843e-06,5.540325425e-06,1.321991268e-05,1.76759553e-05,0.000533283566
6025.0,1.930769459e-06,5.558163165e-06,1.349406046e-05,1.785506208e-05,0.0005716072824
6026.0,2.023868728e-06,5.715546704e-06,1.382957642e-05,1.81214448e-05,0.0005854918136
6027.0,1.992642396e-06,5.813700236e-06,1.368859387e-05,1.795045516e-05,0.0005708260821
6028.0,1.903192316e-06,5.623990631e-06,1.332536638e-05,1.777229981e-05,0.0005363156515
6029.0,1.881617039e-06,5.500289493e-06,1.332166459e-05,1.788676305e-05,0.0005188466661
6030.0,1.978289531e-06,5.576614393e-06,1.357195039e-05,1.829040225e-05,0.0005116930171
6031.0,2.013155987e-06,5.760258789e-06,1.372604647e-05,1.830878744e-05,0.0005125121667
6032.0,1.951134259e-06,5.76518795e-06,1.334905957e-05,1.776334629e-05,0.0005118216818
6033.0,1.883810084e-06,5.5615267e-06,1.322919238e-05,1.75038186e-05,0.0005299181831
6034.0,1.923161696e-06,5.546041405e-06,1.348804367e-05,1.784724324e-05,0.0005629813296
6035.0,2.023277525e-06,5.701460773e-06,1.380913659e-05,1.815743184e-05,0.0005873521073
6036.0,2.007191028e-06,5.832014385e-06,1.372946326e-05,1.814394751e-05,0.0005705026041
6037.0,1.909955086e-06,5.64820582e-06,1.334433744e-05,1.795115443e-05,0.0005374483631
6038.0,1.877716359e-06,5.494832608e-06,1.328386522e-05,1.798133982e-05,0.0005132737528
6039.0,1.966319443e-06,5.547644515e-06,1.346891828e-05,1.820175728e-05,0.0005136254949
6040.0,2.015705035e-06,5.73008918e-06,1.373570232e-05,1.824436094e-05,0.0005091814554
6041.0,1.957956202e-06,5.767357678e-06,1.342692755e-05,1.777552067e-05,0.0005133673888
6042.0,1.884151257e-06,5.567014135e-06,1.320577976e-05,1.736738399e-05,0.0005238234943
6043.0,1.921350354e-06,5.563470364e-06,1.345872672e-05,1.765467559e-05,0.0005638797753
6044.0,2.021020362e-06,5.71088823e-06,1.381379678e-05,1.80640768e-05,0.0005859064034
6045.0,2.017878067e-06,5.841641109e-06,1.378394542e-05,1.812602827e-05,0.0005752457004
6046.0,1.9251243e-06,5.668959114e-06,1.336629969e-05,1.799536417e-05,0.0005367709093
6047.0,1.87594709e-06,5.489822146e-06,1.324728583e-05,1.809670545e-05,0.0005173170473
6048.0,1.956612622e-06,5.545567089e-06,1.344646864e-05,1.838555228e-05,0.0005125822671
6049.0,2.015071311e-06,5.716410504e-06,1.369907315e-05,1.846925216e-05,0.000509212067
6050.0,1.961638564e-06,5.76771537e-06,1.33995584e-05,1.804642059e-05,0.000505445461
6051.0,1.878649743e-06,5.572443259e-06,1.31194491e-05,1.745432396e-05,0.0005247728101
6052.0,1.907182755e-06,5.546271013e-06,1.33732071e-05,1.752545919e-05,0.000559183268
6053.0,2.015436005e-06,5.693364905e-06,1.379904037e-05,1.785112858e-05,0.0005840060311
6054.0,2.025645692e-06,5.857587079e-06,1.38722218e-05,1.787358632e-05,0.0005699128056
6055.0,1.93859958e-06,5.698608718e-06,1.3412904e-05,1.767170635e-05,0.0005411042804
6056.0,1.88498002e-06,5.523932652e-06,1.328333098e-05,1.781850959e-05,0.0005168443688
6057.0,1.953223058e-06,5.583794268e-06,1.349697635e-05,1.834807548e-05,0.0005116138843
6058.0,2.020136794e-06,5.73536374e-06,1.370418193e-05,1.855305806e-05,0.0005044265386
6059.0,1.978440611e-06,5.796037457e-06,1.342242949e-05,1.829218241e-05,0.0005094389147
6060.0,1.890565007e-06,5.587145446e-06,1.316120394e-05,1.776457933e-05,0.0005213781568
6061.0,1.900431809e-06,5.531832488e-06,1.335331134e-05,1.763294411e-05,0.0005548421412
6062.0,2.013690092e-06,5.658908308e-06,1.373805365e-05,1.776719159e-05,0.0005768049016
6063.0,2.02370836e-06,5.831535606e-06,1.382775656e-05,1.778789871e-05,0.0005729505556
6064.0,1.943643677e-06,5.725707575e-06,1.34234335e-05,1.752505397e-05,0.0005430247337
6065.0,1.888031165e-06,5.536541037e-06,1.32966042e-05,1.754948404e-05,0.0005164062711
6066.0,1.946002377e-06,5.564484314e-06,1.346201043e-05,1.810752226e-05,0.0005063172946
6067.0,2.019439679e-06,5.723387054e-06,1.367551978e-05,1.848180998e-05,0.0005075487056
6068.0,1.987687418e-06,5.806432056e-06,1.34721532e-05,1.828108473e-05,0.0005059492674
6069.0,1.903198775e-06,5.607231755e-06,1.316793703e-05,1.788083713e-05,0.0005168132577
6070.0,1.895304881e-06,5.521898091e-06,1.331619371e-05,1.795786848e-05,0.0005430670776
6071.0,2.004262863e-06,5.65158776e-06,1.364988245e-05,1.819344499e-05,0.0005762693498
6072.0,2.028674156e-06,5.829790995e-06,1.380727873e-05,1.814290117e-05,0.0005728241868
6073.0,1.941449679e-06,5.733114646e-06,1.335346351e-05,1.786568192e-05,0.0005421997828
6074.0,1.874984105e-06,5.507533922e-06,1.315940966e-05,1.772733859e-05,0.0005114441527
6075.0,1.931031767e-06,5.528481769e-06,1.334818555e-05,1.79857075e-05,0.0005085948606
6076.0,2.013566633e-06,5.689492822e-06,1.365291423e-05,1.819074785e-05,0.0005034502679
6077.0,1.990034084e-06,5.807928496e-06,1.35086058e-05,1.790454977e-05,0.0005048218395
6078.0,1.90742071e-06,5.640035442e-06,1.319691709e-05,1.744418321e-05,0.0005090372523
6079.0,1.898825946e-06,5.547096223e-06,1.329787052e-05,1.760974591e-05,0.0005439792036
6080.0,2.001244786e-06,5.679494414e-06,1.367711334e-05,1.809041723e-05,0.0005739263094
6081.0,2.037356858e-06,5.844974973e-06,1.384590019e-05,1.828218902e-05,0.0005717684688
6082.0,1.961451762e-06,5.769711885e-06,1.341242033e-05,1.809916936e-05,0.0005398434177
6083.0,1.879063206e-06,5.525132368e-06,1.31306412e-05,1.80074527e-05,0.0005139382975
6084.0,1.923983644e-06,5.521090222e-06,1.330859519e-05,1.817529323e-05,0.0005047519826
6085.0,2.01103525e-06,5.660677338e-06,1.360977374e-05,1.827816526e-05,0.0005021688105
6086.0,1.99447918e-06,5.813454419e-06,1.352524819e-05,1.803250985e-05,0.0004979984396
6087.0,1.909361589e-06,5.664851041e-06,1.317482493e-05,1.731914915e-05,0.000510417617
6088.0,1.896477805e-06,5.573710132e-06,1.330888597e-05,1.734526921e-05,0.0005368067022
6089.0,1.996085427e-06,5.672892319e-06,1.365479064e-05,1.794403343e-05,0.0005675343247
6090.0,2.039574187e-06,5.833787517e-06,1.38529684e-05,1.823003868e-05,0.0005641530427
6091.0,1.975102171e-06,5.792689987e-06,1.346209692e-05,1.802917285e-05,0.0005419721715
6092.0,1.890825725e-06,5.546557846e-06,1.316943671e-05,1.800124615e-05,0.0005116348274
6093.0,1.91337949e-06,5.509860319e-06,1.325965772e-05,1.838923098e-05,0.0005017189097
6094.0,2.001340546e-06,5.636638197e-06,1.34961727e-05,1.859045444e-05,0.0004948214491
6095.0,1.99979212e-06,5.803398517e-06,1.348662614e-05,1.83033294e-05,0.0004990292118
6096.0,1.910584932e-06,5.670450993e-06,1.312473498e-05,1.767322373e-05,0.0005046476546
6097.0,1.87878958e-06,5.520377238e-06,1.317593484e-05,1.740833322e-05,0.0005307758976
6098.0,1.984524618e-06,5.624797044e-06,1.358110088e-05,1.766119341e-05,0.0005598676885
6099.0,2.041362727e-06,5.813295833e-06,1.386231757e-05,1.792382038e-05,0.0005681834558
6100.0,1.98465152e-06,5.814727526e-06,1.354655881e-05,1.777683689e-05,0.0005415638233
6101.0,1.896860323e-06,5.57470607e-06,1.323038338e-05,1.764707485e-05,0.0005112985208
6102.0,1.914527541e-06,5.532805104e-06,1.329621389e-05,1.826528615e-05,0.0004964699958
6103.0,2.006811061e-06,5.651777065e-06,1.349271387e-05,1.869145e-05,0.0004998792953
6104.0,2.005447503e-06,5.804152042e-06,1.347258812e-05,1.858628536e-05,0.0004963741739
6105.0,1.926020821e-06,5.691226016e-06,1.312630948e-05,1.80408328e-05,0.0005016402313
6106.0,1.878228609e-06,5.519434253e-06,1.311709907e-05,1.774297045e-05,0.000522911924
6107.0,1.966004881e-06,5.584349146e-06,1.345910909e-05,1.78093457e-05,0.0005617807294
6108.0,2.031008414e-06,5.771215332e-06,1.380080927e-05,1.787367641e-05,0.0005667171272
6109.0,1.980977851e-06,5.814844081e-06,1.35290688e-05,1.766622779e-05,0.0005413146786
6110.0,1.894027345e-06,5.579038097e-06,1.31839354e-05,1.757385088e-05,0.0005080191396
6111.0,1.906968114e-06,5.520097569e-06,1.326097847e-05,1.798699182e-05,0.0004996384842
6112.0,2.003579686e-06,5.63620176e-06,1.352597585e-05,1.849252185e-05,0.000497243603
6113.0,2.017032154e-06,5.801860866e-06,1.357355889e-05,1.857562312e-05,0.000495847882
6114.0,1.938228198e-06,5.716184089e-06,1.318250522e-05,1.806832268e-05,0.0004975025887
6115.0,1.883567144e-06,5.541752261e-06,1.313168087e-05,1.785096002e-05,0.0005234785247
6116.0,1.958372213e-06,5.599595706e-06,1.346410311e-05,1.807334942e-05,0.0005575896082
6117.0,2.032030152e-06,5.76818513e-06,1.379151116e-05,1.822329414e-05,0.0005687723017
6118.0,1.983372583e-06,5.820139455e-06,1.35508653e-05,1.804458609e-05,0.0005459792647
6119.0,1.884447362e-06,5.58614075e-06,1.314250838e-05,1.778666126e-05,0.0005168864946
6120.0,1.888761644e-06,5.514749472e-06,1.319341215e-05,1.796951847e-05,0.0005010833816
6121.0,1.991691791e-06,5.616504955e-06,1.347147473e-05,1.828209384e-05,0.000497960565
6122.0,2.014445304e-06,5.78990028e-06,1.360445872e-05,1.82686773e-05,0.000493627073
6123.0,1.941499288e-06,5.737401149e-06,1.321921343e-05,1.76971943e-05,0.0005024424703
6124.0,1.887084677e-06,5.56347453e-06,1.316566111e-05,1.755628418e-05,0.0005218225273
6125.0,1.957856815e-06,5.611822033e-06,1.351151304e-05,1.794196863e-05,0.0005573592513
6126.0,2.041022487e-06,5.768898851e-06,1.38096702e-05,1.837759138e-05,0.000567684215
6127.0,2.002039961e-06,5.839408067e-06,1.360221447e-05,1.833838924e-05,0.0005524187334
6128.0,1.897915454e-06,5.599697726e-06,1.320940338e-05,1.815699753e-05,0.0005192147776
6129.0,1.880694162e-06,5.497106075e-06,1.318857518e-05,1.818849563e-05,0.0005023682593
6130.0,1.980015734e-06,5.594516009e-06,1.341666298e-05,1.834722168e-05,0.0004949282114
6131.0,2.007182298e-06,5.771624929e-06,1.358662728e-05,1.815687003e-05,0.00049765401
6132.0,1.940964545e-06,5.739835728e-06,1.324488832e-05,1.761963674e-05,0.0004992067676
6133.0,1.885054099e-06,5.564394352e-06,1.314030269e-05,1.735884281e-05,0.0005191611012
6134.0,1.947706373e-06,5.596420675e-06,1.347023482e-05,1.784797358e-05,0.0005531314315
6135.0,2.037502214e-06,5.757575614e-06,1.381383532e-05,1.823948345e-05,0.0005746733715
6136.0,2.021739867e-06,5.870861189e-06,1.37182581e-05,1.829334439e-05,0.0005561647657
6137.0,1.918552366e-06,5.627973912e-06,1.325367982e-05,1.823767913e-05,0.000522455739
6138.0,1.88679087e-06,5.496313264e-06,1.324524982e-05,1.848849699e-05,0.0005015639737
6139.0,1.980008475e-06,5.594910318e-06,1.345275832e-05,1.8752548e-05,0.0005013121331
6140.0,2.013314135e-06,5.783661409e-06,1.362982872e-05,1.869608577e-05,0.000497428778
6141.0,1.950436481e-06,5.768267134e-06,1.331428789e-05,1.819783818e-05,0.0005020512799
6142.0,1.887113969e-06,5.58263168e-06,1.318547482e-05,1.770454066e-05,0.0005172558773
6143.0,1.938304804e-06,5.593036308e-06,1.344579226e-05,1.783318692e-05,0.0005578334567
6144.0,2.036629987e-06,5.752263383e-06,1.38550126e-05,1.811749325e-05,0.0005758185614
6145.0,2.021947164e-06,5.878262348e-06,1.379019998e-05,1.804723485e-05,0.0005613334866
6146.0,1.933894865e-06,5.684653791e-06,1.337317426e-05,1.791923207e-05,0.0005266260318
6147.0,1.89663629e-06,5.538283189e-06,1.330020866e-05,1.825527395e-05,0.0005073370187
6148.0,1.983581121e-06,5.61673141e-06,1.353061307e-05,1.876507791e-05,0.0005023176167
6149.0,2.028568034e-06,5.79015611e-06,1.368695527e-05,1.894261532e-05,0.0004999505855
6150.0,1.968857657e-06,5.798800212e-06,1.335764253e-05,1.85826794e-05,0.0005001206369
6151.0,1.884361232e-06,5.572126714e-06,1.314270965e-05,1.811970716e-05,0.0005199832658
6152.0,1.923419889e-06,5.567397928e-06,1.341600366e-05,1.813138257e-05,0.0005543079349
6153.0,2.027736324e-06,5.717529305e-06,1.379487465e-05,1.827974718e-05,0.000575788362
6154.0,2.014898483e-06,5.854221646e-06,1.377557554e-05,1.810243654e-05,0.0005611275248
6155.0,1.92602907e-06,5.69160468e-06,1.334177487e-05,1.776262123e-05,0.0005311563333
6156.0,1.883102395e-06,5.528889353e-06,1.325092234e-05,1.794878503e-05,0.0005073956107
6157.0,1.970086927e-06,5.603820842e-06,1.350303048e-05,1.855130815e-05,0.0005056481878
6158.0,2.027911199e-06,5.768930432e-06,1.371993928e-05,1.875707114e-05,0.0005000364232
6159.0,1.98047734e-06,5.81597064e-06,1.341588746e-05,1.836360716e-05,0.00050401616
6160.0,1.90107974e-06,5.610751792e-06,1.322307987e-05,1.807734223e-05,0.0005166732624
6161.0,1.922052574e-06,5.573189373e-06,1.344089255e-05,1.827199571e-05,0.0005517212639
6162.0,2.025134121e-06,5.700212601e-06,1.375462953e-05,1.855667743e-05,0.0005731624401
6163.0,2.02083644e-06,5.849623967e-06,1.376671681e-05,1.851405535e-05,0.000565063009
6164.0,1.925309576e-06,5.702414692e-06,1.333785516e-05,1.821990226e-05,0.0005319539375
6165.0,1.878562345e-06,5.522398424e-06,1.322925993e-05,1.804310143e-05,0.0005098685548
6166.0,1.960108005e-06,5.57191111e-06,1.345461064e-05,1.835684136e-05,0.0005038618875
6167.0,2.025179224e-06,5.750743825e-06,1.37460928e-05,1.847742921e-05,0.0005037095577
6168.0,1.990349802e-06,5.833312039e-06,1.354119427e-05,1.803102178e-05,0.0005020772092
6169.0,1.914202342e-06,5.646965493e-06,1.330369005e-05,1.774078663e-05,0.0005169014488
6170.0,1.924076542e-06,5.595439794e-06,1.349422765e-05,1.815111498e-05,0.000549618711
6171.0,2.028844055e-06,5.733392229e-06,1.381460197e-05,1.853579772e-05,0.0005779938956
6172.0,2.039014838e-06,5.881151371e-06,1.385776033e-05,1.864091758e-05,0.0005695591962
6173.0,1.949966349e-06,5.740326246e-06,1.340975066e-05,1.847576584e-05,0.0005381152177
6174.0,1.882384052e-06,5.530240186e-06,1.323694185e-05,1.845992361e-05,0.0005106548003
6175.0,1.947508741e-06,5.558610091e-06,1.341203681e-05,1.859101378e-05,0.0005085283815
6176.0,2.021666191e-06,5.738879635e-06,1.377106233e-05,1.863981442e-05,0.0005035639106
6177.0,1.983473082e-06,5.840154385e-06,1.354416327e-05,1.819212435e-05,0.0005052465724
6178.0,1.904197795e-06,5.660855957e-06,1.325939062e-05,1.754182009e-05,0.0005136033302
6179.0,1.914609297e-06,5.593550127e-06,1.346078908e-05,1.775663339e-05,0.0005494643855
6180.0,2.018683532e-06,5.715741815e-06,1.382989194e-05,1.819936042e-05,0.0005774398878
6181.0,2.042015182e-06,5.887904024e-06,1.39397424e-05,1.827847164e-05,0.0005740023832
6182.0,1.963149064e-06,5.778263113e-06,1.350545867e-05,1.827063383e-05,0.0005428972954
6183.0,1.890593941e-06,5.551706169e-06,1.328493402e-05,1.83972915e-05,0.0005167390733
6184.0,1.93923419e-06,5.564174539e-06,1.341228153e-05,1.884463511e-05,0.0005075011122
6185.0,2.016630031e-06,5.704304045e-06,1.362841593e-05,1.90188568e-05,0.0005060477206
6186.0,1.987642466e-06,5.823064424e-06,1.35058494e-05,1.873945348e-05,0.0005023070419
6187.0,1.897754793e-06,5.634458345e-06,1.318019266e-05,1.81285565e-05,0.0005143359026
6188.0,1.890858131e-06,5.544638749e-06,1.333603743e-05,1.78062177e-05,0.0005431742611
6189.0,2.00363304e-06,5.669367717e-06,1.375130277e-05,1.803721438e-05,0.0005757911581
6190.0,2.030114056e-06,5.848883637e-06,1.392574433e-05,1.803879168e-05,0.0005719842507
6191.0,1.951885711e-06,5.775393236e-06,1.349116446e-05,1.774010632e-05,0.0005445460566
6192.0,1.884777322e-06,5.558861686e-06,1.328405015e-05,1.778900473e-05,0.000515028402
6193.0,1.936357287e-06,5.574365515e-06,1.346766445e-05,1.845925766e-05,0.0005085773508
6194.0,2.023436905e-06,5.72142907e-06,1.369125691e-05,1.887934094e-05,0.0005030461381
6195.0,2.006862484e-06,5.836645965e-06,1.357226319e-05,1.872812441e-05,0.0005056504977
6196.0,1.914628213e-06,5.66505153e-06,1.324363513e-05,1.822181284e-05,0.0005122151757
6197.0,1.889677758e-06,5.542768724e-06,1.331901711e-05,1.816294375e-05,0.0005432801898
6198.0,1.993605216e-06,5.658081518e-06,1.369212883e-05,1.834584374e-05,0.0005726125186
6199.0,2.029500621e-06,5.837055712e-06,1.393056604e-05,1.835869508e-05,0.0005761036682
6200.0,1.956780661e-06,5.79286455e-06,1.353632267e-05,1.803070564e-05,0.0005478005569
6201.0,1.878517666e-06,5.565254968e-06,1.326087311e-05,1.77918928e-05,0.0005179850931
6202.0,1.921706284e-06,5.555106814e-06,1.342188301e-05,1.81323096e-05,0.0005061615662
6203.0,2.017607373e-06,5.694665544e-06,1.371252477e-05,1.845259955e-05,0.0005073020502
6204.0,2.01041017e-06,5.845067635e-06,1.366049225e-05,1.832023338e-05,0.0005050600761
6205.0,1.923731286e-06,5.688334703e-06,1.326496788e-05,1.7901551e-05,0.0005129712918
6206.0,1.893078642e-06,5.572241078e-06,1.335207444e-05,1.799055516e-05,0.0005367997294
6207.0,1.988110291e-06,5.656541992e-06,1.367203487e-05,1.843396136e-05,0.0005735014467
6208.0,2.042378795e-06,5.838068582e-06,1.392548144e-05,1.870227846e-05,0.0005768128668
6209.0,1.971765233e-06,5.804596636e-06,1.356874017e-05,1.856122283e-05,0.0005525745191
6210.0,1.878397873e-06,5.557221079e-06,1.327273427e-05,1.825072527e-05,0.0005197892109
6211.0,1.903188724e-06,5.524818333e-06,1.336032781e-05,1.832988707e-05,0.0005107383041
6212.0,2.003646738e-06,5.664697512e-06,1.366551233e-05,1.846473953e-05,0.0005077355671
6213.0,2.002722547e-06,5.822747782e-06,1.366746399e-05,1.816040637e-05,0.0005078977946
6214.0,1.931390346e-06,5.727938923e-06,1.333043824e-05,1.75735262e-05,0.0005112967788
6215.0,1.896905023e-06,5.569187413e-06,1.334594682e-05,1.757986105e-05,0.0005401153634
6216.0,1.983600512e-06,5.6551978e-06,1.370299971e-05,1.81550489e-05,0.0005745505887
6217.0,2.04590807e-06,5.819832711e-06,1.394066362e-05,1.842321238e-05,0.0005818465913
6218.0,1.99214024e-06,5.825435342e-06,1.362006386e-05,1.8422582e-05,0.0005567160068
6219.0,1.898057409e-06,5.575351327e-06,1.330613634e-05,1.834995603e-05,0.0005263094958
6220.0,1.89619373e-06,5.504719385e-06,1.33505712e-05,1.852725083e-05,0.0005109157024
6221.0,1.992284529e-06,5.624334379e-06,1.357327454e-05,1.866696016e-05,0.0005097297571
6222.0,1.996881347e-06,5.792893612e-06,1.360951266e-05,1.847288533e-05,0.0005054192321
6223.0,1.918584119e-06,5.704471089e-06,1.325606256e-05,1.783396807e-05,0.0005127105226
6224.0,1.879428057e-06,5.560252484e-06,1.328062731e-05,1.745628609e-05,0.0005352399469
6225.0,1.964724128e-06,5.617772892e-06,1.361313348e-05,1.782981529e-05,0.0005722291604
6226.0,2.037277944e-06,5.794967705e-06,1.394653707e-05,1.806459483e-05,0.0005804782565
6227.0,1.996518905e-06,5.837653678e-06,1.367212353e-05,1.793797692e-05,0.0005610628156
6228.0,1.905621439e-06,5.593990841e-06,1.332167462e-05,1.788829497e-05,0.0005281184378
6229.0,1.898658113e-06,5.508154151e-06,1.339402775e-05,1.832721376e-05,0.0005137738554
6230.0,1.99474991e-06,5.630207031e-06,1.36215654e-05,1.879683723e-05,0.0005089637912
6231.0,2.013133601e-06,5.802123541e-06,1.36954816e-05,1.871093202e-05,0.000511266076
6232.0,1.931142921e-06,5.716674857e-06,1.328210004e-05,1.821489515e-05,0.0005127856665
6233.0,1.871887205e-06,5.541211406e-06,1.322038995e-05,1.780355713e-05,0.0005345524024
6234.0,1.944625898e-06,5.591398499e-06,1.35369185e-05,1.779053712e-05,0.0005672841671
6235.0,2.028010529e-06,5.764630971e-06,1.390394271e-05,1.785921818e-05,0.0005836979543
6236.0,1.991172349e-06,5.844333402e-06,1.369403097e-05,1.778072929e-05,0.0005628932576
6237.0,1.901327678e-06,5.616349528e-06,1.33005664e-05,1.764125579e-05,0.000530476159
6238.0,1.893218713e-06,5.521541036e-06,1.335371377e-05,1.799868201e-05,0.0005114978091
6239.0,1.987655355e-06,5.615659109e-06,1.36118509e-05,1.853544292e-05,0.000512810545
6240.0,2.017696258e-06,5.80630228e-06,1.375173724e-05,1.863595834e-05,0.0005092040576
6241.0,1.946830379e-06,5.7566561e-06,1.336628016e-05,1.818491168e-05,0.0005137935301
6242.0,1.876215581e-06,5.548227307e-06,1.322852108e-05,1.789108528e-05,0.0005296983218
6243.0,1.92628065e-06,5.56643113e-06,1.346992074e-05,1.801967777e-05,0.000571302408
6244.0,2.01745408e-06,5.727781452e-06,1.382880448e-05,1.818785388e-05,0.0005858331305
6245.0,1.987369812e-06,5.817035921e-06,1.36667085e-05,1.80640189e-05,0.0005672359535
6246.0,1.889814633e-06,5.595103713e-06,1.322341935e-05,1.775787204e-05,0.0005320569996
6247.0,1.878639676e-06,5.489692631e-06,1.325656552e-05,1.789501895e-05,0.0005155210437
6248.0,1.979963141e-06,5.595525721e-06,1.356066565e-05,1.828771813e-05,0.0005102692023
6249.0,2.016217769e-06,5.756410464e-06,1.374850256e-05,1.829692827e-05,0.0005095713794
6250.0,1.953139106e-06,5.746806725e-06,1.339094211e-05,1.794796381e-05,0.0005091028712
6251.0,1.882005378e-06,5.537950207e-06,1.324384791e-05,1.765812398e-05,0.0005310768297
6252.0,1.926029637e-06,5.563229107e-06,1.352373408e-05,1.799923935e-05,0.0005659041581
6253.0,2.017338163e-06,5.712889271e-06,1.380458309e-05,1.833491239e-05,0.0005857136955
6254.0,1.999039093e-06,5.820002913e-06,1.370001475e-05,1.831448916e-05,0.0005677577487
6255.0,1.902807948e-06,5.619024735e-06,1.327712628e-05,1.803910724e-05,0.0005370638145
6256.0,1.871367235e-06,5.484881829e-06,1.323302275e-05,1.798711002e-05,0.0005156672469
6257.0,1.968449535e-06,5.564260887e-06,1.349206138e-05,1.818662444e-05,0.0005129556399
6258.0,2.018101205e-06,5.753041199e-06,1.376439768e-05,1.823047699e-05,0.0005093548237
6259.0,1.961806472e-06,5.77473385e-06,1.343022448e-05,1.778340552e-05,0.0005148689815
6260.0,1.8892748e-06,5.563404152e-06,1.324217223e-05,1.744295248e-05,0.0005274815787
6261.0,1.927799667e-06,5.574419867e-06,1.353744353e-05,1.780478172e-05,0.000564631991
6262.0,2.023354918e-06,5.717395772e-06,1.385505326e-05,1.825669856e-05,0.0005851344406
6263.0,2.014724412e-06,5.849526324e-06,1.379001211e-05,1.825044105e-05,0.0005740056478
6264.0,1.921739387e-06,5.641883177e-06,1.334171056e-05,1.809836353e-05,0.0005412661816
6265.0,1.872172156e-06,5.47993499e-06,1.323274266e-05,1.802297613e-05,0.0005182685085
6266.0,1.953214502e-06,5.548965281e-06,1.344020121e-05,1.826166447e-05,0.0005114508915
6267.0,2.009858215e-06,5.728653758e-06,1.368397851e-05,1.832915372e-05,0.0005111267458
6268.0,1.964883097e-06,5.786473743e-06,1.342860015e-05,1.79479007e-05,0.0005107933378
6269.0,1.88523364e-06,5.571397577e-06,1.319047257e-05,1.749326079e-05,0.0005262308835
6270.0,1.915845613e-06,5.547936652e-06,1.345340234e-05,1.763604216e-05,0.0005598665075
6271.0,2.020423427e-06,5.682521758e-06,1.382680095e-05,1.802615896e-05,0.0005864932962
6272.0,2.020684241e-06,5.842650634e-06,1.386424383e-05,1.804536153e-05,0.0005749001253
6273.0,1.934315388e-06,5.694702133e-06,1.343127722e-05,1.782332283e-05,0.000544671681
6274.0,1.880156738e-06,5.503000619e-06,1.328503851e-05,1.784849407e-05,0.0005176926723
6275.0,1.944850397e-06,5.550861408e-06,1.343558565e-05,1.828491302e-05,0.000513090921
6276.0,2.011208179e-06,5.733302564e-06,1.367940025e-05,1.844624082e-05,0.0005085834634
6277.0,1.975534189e-06,5.801828429e-06,1.343808265e-05,1.811200851e-05,0.0005109052107
6278.0,1.891741802e-06,5.594070134e-06,1.317339183e-05,1.7691929e-05,0.000522246206
6279.0,1.909904608e-06,5.550307078e-06,1.342122113e-05,1.769461634e-05,0.0005597694188
6280.0,2.014040909e-06,5.672652193e-06,1.377321218e-05,1.794569422e-05,0.0005852874655
6281.0,2.027598752e-06,5.832715691e-06,1.388985313e-05,1.800297051e-05,0.0005791124388
6282.0,1.940609874e-06,5.714647081e-06,1.345456412e-05,1.783108936e-05,0.0005445649472
6283.0,1.880183716e-06,5.507980893e-06,1.327726732e-05,1.778306306e-05,0.0005207212188
6284.0,1.939658971e-06,5.533280232e-06,1.341145538e-05,1.818593553e-05,0.0005123836578
6285.0,2.017079989e-06,5.713161652e-06,1.368535998e-05,1.841595126e-05,0.0005095628664
6286.0,1.982486622e-06,5.809559913e-06,1.349473379e-05,1.810321897e-05,0.0005076470232
6287.0,1.899091159e-06,5.613025677e-06,1.317595862e-05,1.754328388e-05,0.0005216991595
6288.0,1.897342796e-06,5.54646898e-06,1.335976525e-05,1.759545888e-05,0.0005511539647
6289.0,2.005384284e-06,5.666973287e-06,1.373443402e-05,1.796671677e-05,0.0005827013287
6290.0,2.029620643e-06,5.82491115e-06,1.386320695e-05,1.807730146e-05,0.000577132734
6291.0,1.948661487e-06,5.723617263e-06,1.342698059e-05,1.784571478e-05,0.0005494248681
6292.0,1.878586447e-06,5.515939708e-06,1.323516474e-05,1.78494812e-05,0.0005196644896
6293.0,1.929542093e-06,5.519471569e-06,1.338559054e-05,1.820394476e-05,0.0005129279138
6294.0,2.007999049e-06,5.665507402e-06,1.358710797e-05,1.84372933e-05,0.0005058209766
6295.0,1.983646431e-06,5.78597093e-06,1.345601717e-05,1.809805635e-05,0.0005075171922
6296.0,1.897526737e-06,5.611495178e-06,1.314410644e-05,1.754951563e-05,0.0005146432363
6297.0,1.884987889e-06,5.515345539e-06,1.325692772e-05,1.7502428e-05,0.0005465236181
6298.0,1.992865849e-06,5.652204504e-06,1.366299504e-05,1.795891208e-05,0.0005760239877
6299.0,2.028378553e-06,5.821512687e-06,1.3866556e-05,1.804986196e-05,0.0005771920864
6300.0,1.955742849e-06,5.75779432e-06,1.346565252e-05,1.786067473e-05,0.0005473558669
6301.0,1.877530098e-06,5.51760086e-06,1.319791653e-05,1.776569683e-05,0.0005179458869
6302.0,1.922393646e-06,5.531079093e-06,1.337985605e-05,1.812300065e-05,0.0005071969863
6303.0,2.009299841e-06,5.653021747e-06,1.360462002e-05,1.841563022e-05,0.0005070473976
6304.0,1.999131391e-06,5.815759979e-06,1.356252961e-05,1.822999556e-05,0.000504807175
6305.0,1.909764901e-06,5.643157426e-06,1.319739027e-05,1.76008792e-05,0.0005143861722
6306.0,1.889300666e-06,5.540824681e-06,1.32947648e-05,1.750521125e-05,0.000539756627
6307.0,1.990878505e-06,5.64785616e-06,1.364218032e-05,1.789670338e-05,0.0005753419474
6308.0,2.039385596e-06,5.832068419e-06,1.390176079e-05,1.810482113e-05,0.0005775609645
6309.0,1.970643618e-06,5.800615011e-06,1.354364589e-05,1.793869682e-05,0.0005503807683
6310.0,1.882699994e-06,5.55595562e-06,1.323402564e-05,1.77681179e-05,0.0005196303787
6311.0,1.909424509e-06,5.525399807e-06,1.334419432e-05,1.804572944e-05,0.0005102810764
6312.0,2.003588129e-06,5.649556269e-06,1.359925188e-05,1.840328301e-05,0.0005040257883
6313.0,2.004409556e-06,5.814958182e-06,1.358695434e-05,1.81481393e-05,0.0005045642796
6314.0,1.914421281e-06,5.668861174e-06,1.317499055e-05,1.767265756e-05,0.0005088900966
6315.0,1.881659576e-06,5.532081471e-06,1.322973208e-05,1.740690685e-05,0.0005369855853
6316.0,1.979284457e-06,5.635406284e-06,1.3606379e-05,1.779100327e-05,0.000570036452
6317.0,2.034589403e-06,5.794371951e-06,1.383132239e-05,1.810639718e-05,0.0005752580164
6318.0,1.974379716e-06,5.794393053e-06,1.350987864e-05,1.803482012e-05,0.0005505080817
6319.0,1.886103859e-06,5.560926323e-06,1.322697725e-05,1.776527171e-05,0.0005199592346
6320.0,1.902411834e-06,5.526457475e-06,1.330907655e-05,1.797891653e-05,0.0005053893966
6321.0,1.996080478e-06,5.632428302e-06,1.353411205e-05,1.835348286e-05,0.0005044079588
6322.0,2.002295777e-06,5.806299476e-06,1.357832858e-05,1.813743425e-05,0.0005000141382
6323.0,1.91895234e-06,5.68546012e-06,1.316169027e-05,1.752492158e-05,0.0005080085731
6324.0,1.873952667e-06,5.530030085e-06,1.315136473e-05,1.733783059e-05,0.0005282282453
6325.0,1.961098635e-06,5.598185977e-06,1.349827372e-05,1.772147879e-05,0.0005644631161
6326.0,2.035273357e-06,5.774514423e-06,1.382297049e-05,1.805005372e-05,0.0005712727708
6327.0,1.989302891e-06,5.819960637e-06,1.355573299e-05,1.797919879e-05,0.0005502381789
6328.0,1.894332018e-06,5.577893527e-06,1.321953384e-05,1.77883576e-05,0.000517524379
6329.0,1.898637344e-06,5.513868522e-06,1.327746631e-05,1.80420432e-05,0.0005046186758
6330.0,2.000007133e-06,5.641121829e-06,1.352318612e-05,1.843990058e-05,0.0004995435934
6331.0,2.016873727e-06,5.810769074e-06,1.361813186e-05,1.845802513e-05,0.0005011301041
6332.0,1.930908112e-06,5.711276437e-06,1.321683061e-05,1.793155999e-05,0.0005025418979
6333.0,1.877794107e-06,5.543400925e-06,1.316834906e-05,1.755447701e-05,0.0005231210069
6334.0,1.951856427e-06,5.594546475e-06,1.347905262e-05,1.772436604e-05,0.0005566056515
6335.0,2.031361549e-06,5.778289527e-06,1.383412578e-05,1.788800912e-05,0.0005710582421
6336.0,1.99503509e-06,5.841512366e-06,1.360026991e-05,1.766966965e-05,0.0005489531324
6337.0,1.903532863e-06,5.604570383e-06,1.322865132e-05,1.754805418e-05,0.0005194818261
6338.0,1.894044252e-06,5.51015282e-06,1.326127873e-05,1.789022017e-05,0.0005007071104
6339.0,1.993132169e-06,5.623528794e-06,1.349275106e-05,1.836062284e-05,0.0005009746583
6340.0,2.02284652e-06,5.809676942e-06,1.362560991e-05,1.845632436e-05,0.0004960090806
6341.0,1.954923682e-06,5.757620302e-06,1.327930042e-05,1.813941173e-05,0.0005012472629
6342.0,1.884056028e-06,5.555262839e-06,1.317759511e-05,1.778576669e-05,0.0005173278253
6343.0,1.947111453e-06,5.598669777e-06,1.34602615e-05,1.785614198e-05,0.0005546751833
6344.0,2.0285442e-06,5.754070534e-06,1.378155538e-05,1.808332489e-05,0.0005691509954
6345.0,1.993825506e-06,5.833887062e-06,1.359257091e-05,1.791358881e-05,0.0005518524737
6346.0,1.903043019e-06,5.622906677e-06,1.320524368e-05,1.756734035e-05,0.0005188179157
6347.0,1.888240668e-06,5.511074794e-06,1.320020344e-05,1.781903707e-05,0.000502556368
6348.0,1.986468505e-06,5.599664819e-06,1.346716721e-05,1.835136373e-05,0.0004960224074
6349.0,2.023446544e-06,5.787232757e-06,1.362754216e-05,1.841599113e-05,0.0004954881566
6350.0,1.961326715e-06,5.774248972e-06,1.328077896e-05,1.797779737e-05,0.000496521297
6351.0,1.892870812e-06,5.578596053e-06,1.314764849e-05,1.776106043e-05,0.0005157752409
6352.0,1.938226373e-06,5.592681673e-06,1.3417521e-05,1.79731639e-05,0.000548515562
6353.0,2.031651569e-06,5.753396047e-06,1.372835783e-05,1.832549309e-05,0.0005679264502
6354.0,2.008476647e-06,5.853266658e-06,1.361094659e-05,1.832829335e-05,0.000551505341
6355.0,1.906325106e-06,5.6424079e-06,1.320916413e-05,1.803928165e-05,0.0005203571291
6356.0,1.878036903e-06,5.501695054e-06,1.316014236e-05,1.80025549e-05,0.0004994892756
6357.0,1.971444931e-06,5.588220956e-06,1.339804128e-05,1.823552782e-05,0.0004960584981
6358.0,2.017148508e-06,5.772119001e-06,1.362448376e-05,1.827813905e-05,0.0004920251731
6359.0,1.966701352e-06,5.797108036e-06,1.333055265e-05,1.772436618e-05,0.0004974305486
6360.0,1.895615289e-06,5.585872985e-06,1.314341303e-05,1.750566068e-05,0.0005098864555
6361.0,1.933117479e-06,5.578065322e-06,1.340089274e-05,1.789330329e-05,0.0005472588033
6362.0,2.028880948e-06,5.731873879e-06,1.372785043e-05,1.834015259e-05,0.0005669519037
6363.0,2.02443021e-06,5.873652835e-06,1.369123385e-05,1.838335145e-05,0.0005552402264
6364.0,1.926119225e-06,5.683402877e-06,1.326596817e-05,1.824711995e-05,0.0005221669505
6365.0,1.880191385e-06,5.520376439e-06,1.316648637e-05,1.830457048e-05,0.0005023267898
6366.0,1.965519864e-06,5.58638483e-06,1.336664201e-05,1.853198302e-05,0.0004967227015
6367.0,2.013780181e-06,5.744589473e-06,1.358305642e-05,1.85125449e-05,0.0004963639338
6368.0,1.959239375e-06,5.785764471e-06,1.329982741e-05,1.80187769e-05,0.0004937959244
6369.0,1.883502734e-06,5.588064149e-06,1.309501711e-05,1.747701981e-05,0.0005110590528
6370.0,1.913502892e-06,5.56935408e-06,1.332181061e-05,1.768192712e-05,0.0005434476579
6371.0,2.024649715e-06,5.725684557e-06,1.373434199e-05,1.81251852e-05,0.0005675663598
6372.0,2.026261559e-06,5.867625575e-06,1.375019391e-05,1.813976264e-05,0.000555025511
6373.0,1.935447544e-06,5.700914297e-06,1.329738389e-05,1.800515434e-05,0.0005258858438
6374.0,1.881739305e-06,5.52027353e-06,1.317899018e-05,1.810062419e-05,0.0005027587179
6375.0,1.95520735e-06,5.569517737e-06,1.334762311e-05,1.852898857e-05,0.0004987682174
6376.0,2.013858224e-06,5.720320333e-06,1.354268436e-05,1.865403908e-05,0.0004930413339
6377.0,1.97254098e-06,5.798175753e-06,1.332352716e-05,1.840292735e-05,0.0004973572746
6378.0,1.887223941e-06,5.604867522e-06,1.308545237e-05,1.784159828e-05,0.000506609518
6379.0,1.903171618e-06,5.560318795e-06,1.329106905e-05,1.774913313e-05,0.0005415115434
6380.0,2.014355633e-06,5.69142311e-06,1.369817708e-05,1.796843686e-05,0.0005656491688
6381.0,2.026749536e-06,5.866914866e-06,1.381065351e-05,1.810128723e-05,0.0005595989603
6382.0,1.94303079e-06,5.748937252e-06,1.337870772e-05,1.785922983e-05,0.0005276930294
6383.0,1.885589062e-06,5.556649259e-06,1.322389625e-05,1.796432331e-05,0.0005038357862
6384.0,1.94867677e-06,5.576883268e-06,1.339074671e-05,1.850121714e-05,0.0004964131617
6385.0,2.022345212e-06,5.722937195e-06,1.360244232e-05,1.875335484e-05,0.000497456061
6386.0,1.986393978e-06,5.813206731e-06,1.337376716e-05,1.852578922e-05,0.000494434009
6387.0,1.90192983e-06,5.630895814e-06,1.313962929e-05,1.803766571e-05,0.000507332548
6388.0,1.903082499e-06,5.574887914e-06,1.33267002e-05,1.80599016e-05,0.0005376685955
6389.0,2.009518489e-06,5.689398379e-06,1.364838613e-05,1.833341423e-05,0.0005689433603
6390.0,2.02809001e-06,5.858630229e-06,1.379805726e-05,1.835632551e-05,0.0005642600391
6391.0,1.945200125e-06,5.766929648e-06,1.337469137e-05,1.808681983e-05,0.0005334759915
6392.0,1.877642165e-06,5.550816244e-06,1.31890095e-05,1.794057352e-05,0.0005067039597
6393.0,1.934971418e-06,5.573228047e-06,1.336059492e-05,1.833745644e-05,0.0005013418259
6394.0,2.013858416e-06,5.723849745e-06,1.363744566e-05,1.855855419e-05,0.0004954506174
6395.0,1.993307109e-06,5.839745702e-06,1.348171199e-05,1.82442886e-05,0.0004988610108
6396.0,1.909572918e-06,5.646776397e-06,1.316075896e-05,1.776426877e-05,0.0005048524656
6397.0,1.90318842e-06,5.560544747e-06,1.330572663e-05,1.786847829e-05,0.0005373419813
6398.0,2.005617417e-06,5.668049164e-06,1.365098428e-05,1.828298754e-05,0.0005661700077
6399.0,2.03674924e-06,5.845168301e-06,1.380634913e-05,1.844241099e-05,0.000566149981
6400.0,1.955931316e-06,5.771311658e-06,1.338893253e-05,1.826306919e-05,0.0005371395482
6401.0,1.883227498e-06,5.561400175e-06,1.318493909e-05,1.811820452e-05,0.0005105340038
6402.0,1.925159037e-06,5.558778428e-06,1.33363893e-05,1.841574188e-05,0.0005002339363
6403.0,2.012124164e-06,5.699159511e-06,1.363163848e-05,1.846737696e-05,0.0004990537022
6404.0,1.992631768e-06,5.837657929e-06,1.355274469e-05,1.817745881e-05,0.0004971148666
6405.0,1.90878181e-06,5.671579735e-06,1.3184081e-05,1.763046738e-05,0.0005073495836
6406.0,1.892267165e-06,5.559092116e-06,1.327434918e-05,1.769076314e-05,0.0005332321227
6407.0,2.000467416e-06,5.674382854e-06,1.366227947e-05,1.81366464e-05,0.0005684631095
6408.0,2.048028766e-06,5.84555563e-06,1.391535904e-05,1.839815398e-05,0.0005691392351
6409.0,1.975713242e-06,5.794567342e-06,1.350540537e-05,1.830426592e-05,0.0005430393097
6410.0,1.894750095e-06,5.571552943e-06,1.324807136e-05,1.829694664e-05,0.0005119601649
6411.0,1.923607683e-06,5.557301454e-06,1.335242697e-05,1.866373692e-05,0.00050362967
6412.0,2.017834103e-06,5.695066434e-06,1.362596115e-05,1.89036808e-05,0.0004999002919
6413.0,2.004781377e-06,5.840290565e-06,1.358301212e-05,1.866886566e-05,0.0005020632543
6414.0,1.914580556e-06,5.699448843e-06,1.322817147e-05,1.81047761e-05,0.000506703415
6415.0,1.888035704e-06,5.569388763e-06,1.32851476e-05,1.788194433e-05,0.0005351827216
6416.0,1.991019506e-06,5.663707679e-06,1.367692269e-05,1.811374337e-05,0.0005678049114
6417.0,2.047229181e-06,5.839638649e-06,1.394986415e-05,1.82285629e-05,0.0005738090149
6418.0,1.987279459e-06,5.829265931e-06,1.359899561e-05,1.80864998e-05,0.0005470774302
6419.0,1.901577327e-06,5.581424065e-06,1.328660915e-05,1.803383426e-05,0.0005171456026
6420.0,1.921653974e-06,5.545923673e-06,1.33916588e-05,1.846653615e-05,0.0005040308367
6421.0,2.017047769e-06,5.690464004e-06,1.36429163e-05,1.892043519e-05,0.0005031237349
6422.0,2.016503514e-06,5.866069934e-06,1.362267649e-05,1.881649936e-05,0.0005009204293
6423.0,1.932186495e-06,5.737873251e-06,1.325831828e-05,1.822814237e-05,0.0005083957195
6424.0,1.890032987e-06,5.571908123e-06,1.326827459e-05,1.810448148e-05,0.0005319410373
6425.0,1.977088023e-06,5.656310498e-06,1.363581764e-05,1.829374887e-05,0.0005685832621
6426.0,2.037686298e-06,5.82146518e-06,1.393876639e-05,1.840786435e-05,0.0005733016991
6427.0,1.983885533e-06,5.85489508e-06,1.363312779e-05,1.821764253e-05,0.0005508946148
6428.0,1.894499825e-06,5.597565741e-06,1.327218013e-05,1.806615377e-05,0.0005181528655
6429.0,1.907062779e-06,5.538065427e-06,1.335422141e-05,1.832563639e-05,0.0005067175177
6430.0,2.00997041e-06,5.673640252e-06,1.365207957e-05,1.870658924e-05,0.0005018953582
6431.0,2.022870521e-06,5.842238698e-06,1.370221117e-05,1.852201335e-05,0.0005031279819
6432.0,1.946139877e-06,5.759551593e-06,1.332435461e-05,1.808096407e-05,0.0005060480794
6433.0,1.898622164e-06,5.588441386e-06,1.33034749e-05,1.796071599e-05,0.0005326656385
6434.0,1.974363572e-06,5.648328685e-06,1.363753216e-05,1.839406644e-05,0.0005665889185
6435.0,2.043055947e-06,5.808748138e-06,1.390168267e-05,1.870585248e-05,0.0005774916891
6436.0,1.996409507e-06,5.861982218e-06,1.365198229e-05,1.85702538e-05,0.0005532692738
6437.0,1.899978478e-06,5.611889539e-06,1.328053608e-05,1.838758132e-05,0.0005224136164
6438.0,1.894648264e-06,5.520115927e-06,1.33247226e-05,1.843634705e-05,0.0005055183983
6439.0,1.998260463e-06,5.631014981e-06,1.357573081e-05,1.856987862e-05,0.0005042513347
6440.0,2.016685947e-06,5.809222785e-06,1.369240415e-05,1.840888011e-05,0.0004999675774
6441.0,1.943342974e-06,5.747098436e-06,1.330804451e-05,1.789606141e-05,0.0005080020586
6442.0,1.887458339e-06,5.573035698e-06,1.326207117e-05,1.769536189e-05,0.0005283189231
6443.0,1.963795951e-06,5.629294497e-06,1.358810615e-05,1.808594585e-05,0.0005659255714
6444.0,2.040041731e-06,5.781312561e-06,1.386914996e-05,1.844704472e-05,0.0005755656408
6445.0,2.006745408e-06,5.86934799e-06,1.367616128e-05,1.841162399e-05,0.0005574347815
6446.0,1.910922644e-06,5.637445911e-06,1.331334454e-05,1.825059945e-05,0.0005253580165
6447.0,1.895021571e-06,5.51986264e-06,1.330560499e-05,1.843629349e-05,0.0005091949645
6448.0,1.988872852e-06,5.614146236e-06,1.353711708e-05,1.881261106e-05,0.0005025590783
6449.0,2.012091248e-06,5.775150531e-06,1.362897865e-05,1.862963108e-05,0.0005040418487
6450.0,1.936385806e-06,5.736366318e-06,1.324825269e-05,1.809473987e-05,0.0005039285699
6451.0,1.868238942e-06,5.532525578e-06,1.310608335e-05,1.778586209e-05,0.0005236022343
6452.0,1.934654422e-06,5.564901956e-06,1.343808384e-05,1.79045629e-05,0.0005581971541
6453.0,2.025242971e-06,5.721157522e-06,1.378325023e-05,1.809886969e-05,0.0005777795417
6454.0,2.003053524e-06,5.832850678e-06,1.369453896e-05,1.801941491e-05,0.000559481689
6455.0,1.908241781e-06,5.626427849e-06,1.32841495e-05,1.777812852e-05,0.0005271101308
6456.0,1.881286782e-06,5.492517069e-06,1.323972303e-05,1.808944143e-05,0.0005050730262
6457.0,1.978287235e-06,5.585021578e-06,1.348813557e-05,1.874071206e-05,0.0005042306083
6458.0,2.014058914e-06,5.760604434e-06,1.366396723e-05,1.878062579e-05,0.0005015709968
6459.0,1.95199121e-06,5.756858616e-06,1.332351495e-05,1.816190344e-05,0.0005055029518
6460.0,1.881304733e-06,5.558194636e-06,1.317382517e-05,1.782771544e-05,0.0005203105787
6461.0,1.925765395e-06,5.567454893e-06,1.342435203e-05,1.787132713e-05,0.0005587114117
6462.0,2.023633953e-06,5.721556299e-06,1.380205295e-05,1.809823351e-05,0.0005763953687
6463.0,2.011277415e-06,5.842147667e-06,1.373916863e-05,1.797859912e-05,0.0005621497339
6464.0,1.916679255e-06,5.652298495e-06,1.333050998e-05,1.7850798e-05,0.0005280633768
6465.0,1.879790281e-06,5.497013169e-06,1.325204605e-05,1.798407045e-05,0.0005105100399
6466.0,1.975707801e-06,5.584808321e-06,1.351765159e-05,1.85277669e-05,0.0005046143677
6467.0,2.024575479e-06,5.751533137e-06,1.374708351e-05,1.869160534e-05,0.000504207695
6468.0,1.966037722e-06,5.778906322e-06,1.342567081e-05,1.825826362e-05,0.0005034039686
6469.0,1.890716005e-06,5.572890572e-06,1.319906446e-05,1.770558648e-05,0.0005223983947
6470.0,1.921759445e-06,5.574882673e-06,1.34610293e-05,1.797077873e-05,0.0005575987545
6471.0,2.021013134e-06,5.723209789e-06,1.380917128e-05,1.82809343e-05,0.0005797108648
6472.0,2.018883651e-06,5.872946357e-06,1.379368852e-05,1.823593296e-05,0.0005660276689
6473.0,1.927530445e-06,5.678380179e-06,1.335377491e-05,1.801361806e-05,0.0005360663352
6474.0,1.881727345e-06,5.519264011e-06,1.326964734e-05,1.79904154e-05,0.0005136115764
6475.0,1.961380442e-06,5.570971446e-06,1.347370888e-05,1.834239438e-05,0.0005079195469
6476.0,2.021462409e-06,5.751236906e-06,1.37321925e-05,1.85135791e-05,0.0005022106567
6477.0,1.974365015e-06,5.79238252e-06,1.345123567e-05,1.819045194e-05,0.0005066684382
6478.0,1.891217132e-06,5.584741093e-06,1.322223695e-05,1.772167759e-05,0.0005201394936
6479.0,1.913122765e-06,5.54756373e-06,1.340695708e-05,1.78907107e-05,0.0005570557365
6480.0,2.016989061e-06,5.695697961e-06,1.376231332e-05,1.82986699e-05,0.0005776548633
6481.0,2.019219527e-06,5.850625891e-06,1.378794724e-05,1.830387533e-05,0.0005724362121
6482.0,1.930228033e-06,5.696647909e-06,1.335971864e-05,1.795546089e-05,0.0005410700209
6483.0,1.881076471e-06,5.500905751e-06,1.325520651e-05,1.79748509e-05,0.0005173609694
6484.0,1.947995917e-06,5.538458811e-06,1.340776582e-05,1.827611513e-05,0.0005063147512
6485.0,2.005289254e-06,5.697310004e-06,1.360435826e-05,1.843274899e-05,0.0005062227843
6486.0,1.969935029e-06,5.786893289e-06,1.340670938e-05,1.8138257e-05,0.0005057191833
6487.0,1.886669423e-06,5.576869059e-06,1.314678978e-05,1.777562925e-05,0.00051958715
6488.0,1.901110273e-06,5.524462139e-06,1.335618517e-05,1.775335758e-05,0.0005500597164
6489.0,2.008732528e-06,5.658306588e-06,1.370101055e-05,1.818236334e-05,0.0005802768441
6490.0,2.018166483e-06,5.819861686e-06,1.379125747e-05,1.826072203e-05,0.000573877419
6491.0,1.933949367e-06,5.707069521e-06,1.334831238e-05,1.805110959e-05,0.0005412783598
6492.0,1.875428624e-06,5.505569929e-06,1.321063863e-05,1.802050453e-05,0.0005120299579
6493.0,1.942889898e-06,5.534348383e-06,1.341575936e-05,1.837349094e-05,0.0005096518602
6494.0,2.010740013e-06,5.68953395e-06,1.364870851e-05,1.853018802e-05,0.000506424553
6495.0,1.975443725e-06,5.792740737e-06,1.345610112e-05,1.819441549e-05,0.0005066850617
6496.0,1.892490742e-06,5.602300055e-06,1.318562123e-05,1.773770251e-05,0.0005137260331
6497.0,1.891523007e-06,5.522771503e-06,1.333061195e-05,1.771371227e-05,0.000548775043
6498.0,2.008433156e-06,5.662310177e-06,1.372503003e-05,1.808541433e-05,0.0005788404056
6499.0,2.027045135e-06,5.80425476e-06,1.385471552e-05,1.81522913e-05,0.0005754999283
6500.0,1.942425905e-06,5.711374866e-06,1.341254258e-05,1.803065839e-05,0.0005430875572
6501.0,1.881350982e-06,5.513016266e-06,1.322721328e-05,1.794109134e-05,0.0005191303497
6502.0,1.939444746e-06,5.539044763e-06,1.344331042e-05,1.837447145e-05,0.0005100480974
6503.0,2.022165289e-06,5.690259184e-06,1.37244814e-05,1.873659397e-05,0.0005085618388
6504.0,2.000697721e-06,5.833979778e-06,1.360509516e-05,1.844563229e-05,0.0005033288835
6505.0,1.907281024e-06,5.646353803e-06,1.322988279e-05,1.785795459e-05,0.0005171860151
6506.0,1.893880111e-06,5.557082531e-06,1.338139597e-05,1.78456654e-05,0.000547608162
6507.0,2.004907399e-06,5.671276951e-06,1.375694443e-05,1.814940085e-05,0.0005792955613
6508.0,2.034685118e-06,5.830514469e-06,1.392023984e-05,1.824367119e-05,0.0005750439532
6509.0,1.9636979e-06,5.771632381e-06,1.351437313e-05,1.812847677e-05,0.0005524038068
6510.0,1.884601052e-06,5.545129998e-06,1.324769336e-05,1.799481264e-05,0.0005222796458
6511.0,1.928801432e-06,5.546571329e-06,1.341839984e-05,1.826450617e-05,0.0005132282924
6512.0,2.022135423e-06,5.698343545e-06,1.373019139e-05,1.860740559e-05,0.0005083149476
6513.0,2.010118333e-06,5.8453588e-06,1.364281359e-05,1.840633801e-05,0.0005133122066
6514.0,1.924490309e-06,5.687837721e-06,1.331047301e-05,1.782433863e-05,0.0005198427248
6515.0,1.895620651e-06,5.557876334e-06,1.337717795e-05,1.785786954e-05,0.000547921866
6516.0,1.989838515e-06,5.655424981e-06,1.371442207e-05,1.817417349e-05,0.0005767465907
6517.0,2.033733233e-06,5.824823029e-06,1.388621362e-05,1.830778586e-05,0.0005829360431
6518.0,1.976449142e-06,5.810959485e-06,1.358931724e-05,1.812661326e-05,0.0005554384731
6519.0,1.887357823e-06,5.549401531e-06,1.327512073e-05,1.7959332e-05,0.0005263717187
6520.0,1.916748315e-06,5.518532272e-06,1.337220937e-05,1.81674034e-05,0.0005117010728
6521.0,2.009318194e-06,5.651858297e-06,1.361640109e-05,1.835674192e-05,0.00051345886
6522.0,2.009645722e-06,5.825835655e-06,1.363943925e-05,1.823586502e-05,0.0005109377666
6523.0,1.923433575e-06,5.686271354e-06,1.327892032e-05,1.766143528e-05,0.0005187164641
6524.0,1.893980751e-06,5.550442173e-06,1.334977379e-05,1.767101291e-05,0.0005408463556
6525.0,1.988843134e-06,5.650275527e-06,1.37015784e-05,1.814289323e-05,0.0005800921204
6526.0,2.041124982e-06,5.823354392e-06,1.394820518e-05,1.830251002e-05,0.0005833413419
6527.0,1.983862204e-06,5.828990994e-06,1.361566375e-05,1.819561902e-05,0.0005576319753
6528.0,1.892114656e-06,5.571084366e-06,1.327939605e-05,1.803918141e-05,0.0005235100395
6529.0,1.904766036e-06,5.511104016e-06,1.334165329e-05,1.820615654e-05,0.000515778576
6530.0,2.000551611e-06,5.63542129e-06,1.356861405e-05,1.835617219e-05,0.0005119284746
6531.0,2.003143742e-06,5.792977813e-06,1.358613195e-05,1.811329631e-05,0.0005112240368
6532.0,1.925740718e-06,5.680795398e-06,1.323757222e-05,1.763026736e-05,0.0005127721159
6533.0,1.8880746e-06,5.536526161e-06,1.32711825e-05,1.751557022e-05,0.0005442856949
6534.0,1.981141446e-06,5.627448311e-06,1.366554021e-05,1.791352886e-05,0.0005777546892
6535.0,2.042747177e-06,5.792680682e-06,1.394300158e-05,1.821595652e-05,0.0005841491399
6536.0,1.985882115e-06,5.811704926e-06,1.362394875e-05,1.813780267e-05,0.0005567751663
6537.0,1.896762347e-06,5.575462305e-06,1.327767166e-05,1.798108333e-05,0.0005283264865
6538.0,1.899213895e-06,5.514940937e-06,1.33457509e-05,1.826268995e-05,0.0005141052071
6539.0,1.993928376e-06,5.611474499e-06,1.35357489e-05,1.856632707e-05,0.0005123340796
6540.0,2.004138734e-06,5.779286997e-06,1.358528733e-05,1.836486511e-05,0.0005066250876
6541.0,1.92620454e-06,5.682658818e-06,1.318516907e-05,1.777569897e-05,0.0005170436457
6542.0,1.879187058e-06,5.527120805e-06,1.319771475e-05,1.746684727e-05,0.0005373986062
6543.0,1.96213883e-06,5.58846215e-06,1.355899945e-05,1.773528899e-05,0.0005730984065
6544.0,2.040105689e-06,5.771426754e-06,1.392668467e-05,1.7952053e-05,0.0005797526684
6545.0,1.999043009e-06,5.836007728e-06,1.369577679e-05,1.78546733e-05,0.0005624586195
6546.0,1.909354286e-06,5.608032124e-06,1.33381315e-05,1.772561481e-05,0.0005277853359
6547.0,1.89496789e-06,5.501601334e-06,1.33167177e-05,1.817403886e-05,0.0005116788131
6548.0,1.993517756e-06,5.612381481e-06,1.356022854e-05,1.867228482e-05,0.0005061389411
6549.0,2.015029072e-06,5.785034825e-06,1.362139634e-05,1.861752657e-05,0.0005100547594
6550.0,1.94078971e-06,5.730463218e-06,1.325251633e-05,1.814262244e-05,0.0005123834736
6551.0,1.884132908e-06,5.539781424e-06,1.319674083e-05,1.776635552e-05,0.0005338480745
6552.0,1.9528708e-06,5.584813386e-06,1.352365625e-05,1.784367915e-05,0.0005661074373
6553.0,2.029514813e-06,5.734599769e-06,1.383016807e-05,1.798332542e-05,0.0005833956358
6554.0,1.999690121e-06,5.845594294e-06,1.370490306e-05,1.794631477e-05,0.0005631426199
6555.0,1.906394633e-06,5.626463123e-06,1.329604637e-05,1.765077592e-05,0.0005294999506
6556.0,1.891400363e-06,5.516174724e-06,1.329928798e-05,1.796067042e-05,0.0005084752981
6557.0,1.991043121e-06,5.61105481e-06,1.354916739e-05,1.844604611e-05,0.0005097486251
6558.0,2.019705713e-06,5.787293646e-06,1.368928736e-05,1.841377072e-05,0.0005079646374
6559.0,1.960543801e-06,5.772133554e-06,1.33354251e-05,1.801331639e-05,0.0005126563388
6560.0,1.891388725e-06,5.568797866e-06,1.322054915e-05,1.779928743e-05,0.0005264584375
6561.0,1.944650124e-06,5.597966368e-06,1.349191361e-05,1.802864533e-05,0.0005676192605
6562.0,2.03493391e-06,5.746937251e-06,1.378626029e-05,1.830262719e-05,0.0005820783962
6563.0,2.005927644e-06,5.841197286e-06,1.36576863e-05,1.819735111e-05,0.0005631670667
6564.0,1.90640278e-06,5.633165105e-06,1.325791969e-05,1.793821548e-05,0.0005260002941
6565.0,1.888099142e-06,5.525855374e-06,1.327971343e-05,1.791063235e-05,0.0005118323217
6566.0,1.984884898e-06,5.603598702e-06,1.351380572e-05,1.827544698e-05,0.0005068178922
6567.0,2.024026735e-06,5.778420708e-06,1.374821073e-05,1.828165733e-05,0.000506085489
6568.0,1.960123571e-06,5.779919201e-06,1.338629749e-05,1.769960573e-05,0.0005042819074
6569.0,1.897327193e-06,5.582188721e-06,1.321010185e-05,1.743631254e-05,0.000527484406
6570.0,1.936537305e-06,5.593808278e-06,1.347025404e-05,1.777448174e-05,0.0005623885617
6571.0,2.038985377e-06,5.764597926e-06,1.383708069e-05,1.822637708e-05,0.0005814575038
6572.0,2.02515916e-06,5.887834506e-06,1.374677221e-05,1.831514852e-05,0.0005610842447
6573.0,1.925560496e-06,5.673937326e-06,1.328289632e-05,1.813143028e-05,0.0005309305799
6574.0,1.888353325e-06,5.531939399e-06,1.326011557e-05,1.812954366e-05,0.0005091684195
6575.0,1.978223339e-06,5.618414602e-06,1.350114011e-05,1.837892657e-05,0.0005064469293
6576.0,2.025102149e-06,5.784315204e-06,1.370823861e-05,1.839111745e-05,0.0005004274837
6577.0,1.967381656e-06,5.80870886e-06,1.339998378e-05,1.785473116e-05,0.0005069560609
6578.0,1.897188907e-06,5.618280197e-06,1.323486348e-05,1.742767136e-05,0.0005219364339
6579.0,1.931996972e-06,5.587096962e-06,1.343358922e-05,1.767939474e-05,0.0005587635933
6580.0,2.033876271e-06,5.747489347e-06,1.383480076e-05,1.818970647e-05,0.0005776102697
6581.0,2.039491686e-06,5.907255809e-06,1.384838416e-05,1.810824421e-05,0.0005687760899
6582.0,1.947177843e-06,5.727299199e-06,1.339514995e-05,1.811207362e-05,0.0005350317853
6583.0,1.895637966e-06,5.547660319e-06,1.326346565e-05,1.833806328e-05,0.0005098726234
6584.0,1.968421866e-06,5.597927346e-06,1.345348449e-05,1.870343897e-05,0.000499531206
6585.0,2.031707632e-06,5.783721444e-06,1.368510604e-05,1.874232693e-05,0.0005017163623
6586.0,1.979445936e-06,5.824333219e-06,1.339666136e-05,1.84931037e-05,0.0005018249137
6587.0,1.894590258e-06,5.620948557e-06,1.318449089e-05,1.79376616e-05,0.0005173275311
6588.0,1.919277982e-06,5.578198998e-06,1.341013316e-05,1.77061755e-05,0.0005485388592
6589.0,2.026641879e-06,5.713806456e-06,1.375528504e-05,1.790523038e-05,0.0005782880163
6590.0,2.025803729e-06,5.877709514e-06,1.380749228e-05,1.784597209e-05,0.0005678452651
6591.0,1.938783308e-06,5.735421721e-06,1.334489566e-05,1.755799719e-05,0.0005345014528
6592.0,1.894441144e-06,5.562176435e-06,1.325506935e-05,1.782123421e-05,0.0005052351693
6593.0,1.968928672e-06,5.625936585e-06,1.346687515e-05,1.846515917e-05,0.0005032311214
6594.0,2.027944514e-06,5.779763268e-06,1.367446825e-05,1.872751058e-05,0.0004987835976
6595.0,1.99343071e-06,5.860229408e-06,1.345671527e-05,1.845640889e-05,0.000500252948
6596.0,1.908150882e-06,5.64711222e-06,1.318104417e-05,1.81701102e-05,0.0005085900344
6597.0,1.910843349e-06,5.569328302e-06,1.333085573e-05,1.820853731e-05,0.0005450620935
6598.0,2.017222879e-06,5.688450161e-06,1.368060878e-05,1.831919721e-05,0.0005707058983
6599.0,2.025785756e-06,5.852094023e-06,1.377549891e-05,1.826435353e-05,0.0005640807377
6600.0,1.937651475e-06,5.744784267e-06,1.334351368e-05,1.795326101e-05,0.0005298562639
6601.0,1.877531018e-06,5.530296135e-06,1.314104196e-05,1.776751951e-05,0.0005079797876
6602.0,1.949052009e-06,5.578804313e-06,1.33754019e-05,1.818946129e-05,0.0004999115418
6603.0,2.024563669e-06,5.742622322e-06,1.365171855e-05,1.836540267e-05,0.000496710475
6604.0,1.998188217e-06,5.862336886e-06,1.349315498e-05,1.809460985e-05,0.0004932655702
6605.0,1.917796808e-06,5.664973212e-06,1.317317222e-05,1.78198825e-05,0.0005071469948
6606.0,1.915123922e-06,5.594763171e-06,1.334875697e-05,1.808083592e-05,0.000537230965
6607.0,2.01639587e-06,5.711513384e-06,1.368165704e-05,1.849429045e-05,0.0005665893762
6608.0,2.041894024e-06,5.853437545e-06,1.380869631e-05,1.866846205e-05,0.0005597141801
6609.0,1.956095949e-06,5.766295208e-06,1.337853912e-05,1.850971907e-05,0.0005348385647
6610.0,1.877844874e-06,5.534956549e-06,1.315397529e-05,1.83117258e-05,0.0005068749926
6611.0,1.932565549e-06,5.552351729e-06,1.331506219e-05,1.838633419e-05,0.0004993673146
6612.0,2.012647914e-06,5.70148437e-06,1.357692659e-05,1.836856532e-05,0.0004927775126
6613.0,1.990953563e-06,5.832721948e-06,1.343602327e-05,1.799926305e-05,0.0004962752678
6614.0,1.908656353e-06,5.674326857e-06,1.313691402e-05,1.745455407e-05,0.0005041292098
6615.0,1.901867687e-06,5.580540058e-06,1.328193376e-05,1.770172575e-05,0.0005347696649
6616.0,2.004146046e-06,5.709555597e-06,1.364168674e-05,1.823711272e-05,0.0005621582434
6617.0,2.040959866e-06,5.861388256e-06,1.378401707e-05,1.847173567e-05,0.0005665128419
6618.0,1.976406923e-06,5.796835592e-06,1.344564372e-05,1.846188128e-05,0.0005378717303
6619.0,1.891294309e-06,5.559391979e-06,1.319045741e-05,1.851251881e-05,0.0005085851424
6620.0,1.923841268e-06,5.534064559e-06,1.327275888e-05,1.877711035e-05,0.0004954256035
6621.0,2.004718523e-06,5.650767734e-06,1.348458211e-05,1.886624364e-05,0.0004968894896
6622.0,1.988133326e-06,5.805454265e-06,1.342255192e-05,1.855679373e-05,0.0004950790498
6623.0,1.901649147e-06,5.672648169e-06,1.307505537e-05,1.789554922e-05,0.0005034813583
6624.0,1.879039791e-06,5.545277633e-06,1.315657156e-05,1.759011373e-05,0.000527676419
6625.0,1.986181479e-06,5.651508861e-06,1.354951862e-05,1.787882325e-05,0.0005632721921
6626.0,2.034802204e-06,5.82487216e-06,1.37939276e-05,1.799885559e-05,0.0005670346595
6627.0,1.973987401e-06,5.799978054e-06,1.345301e-05,1.794955606e-05,0.0005415876966
6628.0,1.893777746e-06,5.567220797e-06,1.320136331e-05,1.799013215e-05,0.0005078671269
6629.0,1.919254489e-06,5.536874267e-06,1.3298145e-05,1.860773086e-05,0.0005007267718
6630.0,2.009119777e-06,5.660935503e-06,1.351135672e-05,1.894183605e-05,0.0004962605324
6631.0,2.006349712e-06,5.813157657e-06,1.349662356e-05,1.877123197e-05,0.0004955804166
6632.0,1.919678107e-06,5.682305029e-06,1.313020823e-05,1.823137336e-05,0.0004989915193
6633.0,1.881443392e-06,5.542424684e-06,1.313903766e-05,1.793817005e-05,0.0005304225926
6634.0,1.975683892e-06,5.640967376e-06,1.353740964e-05,1.804172794e-05,0.0005628435515
6635.0,2.031236032e-06,5.82092141e-06,1.384001402e-05,1.808813422e-05,0.0005683786982
6636.0,1.97114927e-06,5.832430509e-06,1.348423236e-05,1.788601771e-05,0.0005416986358
6637.0,1.888539778e-06,5.577892323e-06,1.315105822e-05,1.780469243e-05,0.0005130993347
6638.0,1.908280359e-06,5.531823688e-06,1.328861078e-05,1.829111073e-05,0.0005006400605
6639.0,2.011538317e-06,5.678136454e-06,1.358014463e-05,1.875127951e-05,0.0004986255172
6640.0,2.02250026e-06,5.843607592e-06,1.362345505e-05,1.864130184e-05,0.0004963201034
6641.0,1.937233747e-06,5.714993376e-06,1.321732188e-05,1.824380725e-05,0.0005053737767
6642.0,1.88997728e-06,5.545178171e-06,1.319137772e-05,1.80642206e-05,0.0005261691408
6643.0,1.97182699e-06,5.610453328e-06,1.351421933e-05,1.837145815e-05,0.0005629817324
6644.0,2.03464343e-06,5.782829849e-06,1.383403155e-05,1.847696943e-05,0.000571457541
6645.0,1.985878087e-06,5.836262832e-06,1.356724487e-05,1.820027016e-05,0.0005507166947
6646.0,1.896586535e-06,5.612129858e-06,1.322232113e-05,1.797536835e-05,0.0005169701996
6647.0,1.901068793e-06,5.542415791e-06,1.329825711e-05,1.822519055e-05,0.0005043694277
6648.0,2.002446989e-06,5.661280036e-06,1.354908958e-05,1.853455233e-05,0.000498035956
6649.0,2.022498953e-06,5.842408023e-06,1.364609351e-05,1.846234464e-05,0.0005004471602
6650.0,1.947651969e-06,5.757718162e-06,1.32799296e-05,1.806135853e-05,0.000503277965
6651.0,1.893389499e-06,5.571600149e-06,1.323079988e-05,1.791264475e-05,0.0005250963422
6652.0,1.973128875e-06,5.62678112e-06,1.356921804e-05,1.835082084e-05,0.0005604764495
6653.0,2.04497027e-06,5.781196874e-06,1.385112993e-05,1.863660632e-05,0.0005748114319
6654.0,2.004005236e-06,5.864605192e-06,1.364417012e-05,1.844292319e-05,0.0005537288409
6655.0,1.907377496e-06,5.637843064e-06,1.326192199e-05,1.816079759e-05,0.0005221423169
6656.0,1.900151287e-06,5.547983303e-06,1.330101173e-05,1.831536675e-05,0.0005036206028
6657.0,1.999297108e-06,5.655603177e-06,1.355315271e-05,1.863639344e-05,0.0005044732683
6658.0,2.023653566e-06,5.84509717e-06,1.368919481e-05,1.855796383e-05,0.0005000983628
6659.0,1.956175266e-06,5.801483106e-06,1.33407841e-05,1.810945293e-05,0.0005048030751
6660.0,1.892403071e-06,5.595760889e-06,1.324394797e-05,1.794730988e-05,0.0005222255197
6661.0,1.955749297e-06,5.622775248e-06,1.353708914e-05,1.840399673e-05,0.0005604054174
6662.0,2.043382066e-06,5.777267813e-06,1.385381899e-05,1.861870554e-05,0.0005749357948
6663.0,2.0160834e-06,5.863843352e-06,1.369458891e-05,1.850715797e-05,0.0005564561766
6664.0,1.915574842e-06,5.637801728e-06,1.326720528e-05,1.823861477e-05,0.0005225924418
6665.0,1.892063417e-06,5.512326252e-06,1.32436187e-05,1.833948806e-05,0.0005080676672
6666.0,1.991233785e-06,5.617392396e-06,1.352338248e-05,1.865855159e-05,0.0005031305018
6667.0,2.028033245e-06,5.808151909e-06,1.37303578e-05,1.871572918e-05,0.0005022392908
6668.0,1.961802592e-06,5.801615177e-06,1.336130036e-05,1.820467738e-05,0.0005022225086
6669.0,1.89708969e-06,5.606627681e-06,1.322954077e-05,1.78665729e-05,0.0005235013939
6670.0,1.945531468e-06,5.627798143e-06,1.354649952e-05,1.809045145e-05,0.0005584586317
6671.0,2.040691307e-06,5.790722807e-06,1.388647643e-05,1.841085835e-05,0.0005774499816
6672.0,2.021773975e-06,5.887780531e-06,1.376590767e-05,1.838949523e-05,0.0005594332655
6673.0,1.925896142e-06,5.669840082e-06,1.33308924e-05,1.821668698e-05,0.0005287892418
6674.0,1.886289151e-06,5.513190486e-06,1.323371317e-05,1.834807364e-05,0.0005073056882
6675.0,1.982840756e-06,5.604686533e-06,1.348380434e-05,1.875427936e-05,0.0005046971122
6676.0,2.023974127e-06,5.77917605e-06,1.371208765e-05,1.872638277e-05,0.0005009761228
6677.0,1.965390103e-06,5.798466574e-06,1.337856062e-05,1.828401746e-05,0.0005054542976
6678.0,1.893370928e-06,5.60643056e-06,1.320875243e-05,1.783618149e-05,0.0005198207635
6679.0,1.933554224e-06,5.602028387e-06,1.348822955e-05,1.803634153e-05,0.0005562897316
6680.0,2.03224064e-06,5.75734783e-06,1.387419453e-05,1.8347348e-05,0.000575685505
6681.0,2.021737736e-06,5.891339315e-06,1.37971866e-05,1.831747124e-05,0.0005640994743
6682.0,1.93147112e-06,5.706900058e-06,1.337851115e-05,1.819283607e-05,0.0005307226109
6683.0,1.889751987e-06,5.540047124e-06,1.329179755e-05,1.831442058e-05,0.000510002869
6684.0,1.976111726e-06,5.61575904e-06,1.351106997e-05,1.87324046e-05,0.0005035022994
6685.0,2.026921273e-06,5.784767173e-06,1.372031468e-05,1.870873939e-05,0.0005043783167
6686.0,1.97241373e-06,5.823427021e-06,1.343080108e-05,1.825991763e-05,0.0005037066812
6687.0,1.891478798e-06,5.598791601e-06,1.317552234e-05,1.781228466e-05,0.0005192014033
6688.0,1.921761856e-06,5.57094819e-06,1.341002858e-05,1.804245494e-05,0.0005521359558
6689.0,2.025642091e-06,5.708753401e-06,1.378552771e-05,1.841652158e-05,0.0005779713025
6690.0,2.026833237e-06,5.874297261e-06,1.383825101e-05,1.838978416e-05,0.0005643099824
6691.0,1.939997857e-06,5.716417135e-06,1.341914961e-05,1.815600757e-05,0.0005346350221
6692.0,1.887301724e-06,5.535297792e-06,1.328286139e-05,1.823487005e-05,0.0005083227193
6693.0,1.966312265e-06,5.595139159e-06,1.348461743e-05,1.866498523e-05,0.0005052242773
6694.0,2.023436703e-06,5.761074843e-06,1.367987807e-05,1.883375436e-05,0.0005007366541
6695.0,1.975779925e-06,5.817152437e-06,1.341479339e-05,1.845762149e-05,0.0005030677463
6696.0,1.893292146e-06,5.619169148e-06,1.317435945e-05,1.792965551e-05,0.0005129740375
6697.0,1.91266255e-06,5.568614601e-06,1.338379095e-05,1.794147846e-05,0.0005500793985
6698.0,2.018697967e-06,5.697338653e-06,1.373056797e-05,1.823314001e-05,0.0005733619258
6699.0,2.033091895e-06,5.873008449e-06,1.384935396e-05,1.823885423e-05,0.0005660311965
6700.0,1.942967388e-06,5.734136818e-06,1.34140018e-05,1.80390742e-05,0.0005329932372
6701.0,1.885063528e-06,5.527704553e-06,1.32591237e-05,1.807746664e-05,0.0005097616673
6702.0,1.952834553e-06,5.57492536e-06,1.344261369e-05,1.852502841e-05,0.000504174687
6703.0,2.025355615e-06,5.731525315e-06,1.367692745e-05,1.877467117e-05,0.0005040873711
6704.0,1.986198475e-06,5.821927165e-06,1.346924054e-05,1.851513893e-05,0.0005012453772
6705.0,1.897151058e-06,5.61984959e-06,1.31806793e-05,1.797648209e-05,0.000515387597
6706.0,1.905340215e-06,5.577649097e-06,1.338265769e-05,1.783158675e-05,0.000544214676
6707.0,2.0099451e-06,5.692479906e-06,1.370713725e-05,1.815080711e-05,0.0005729790359
6708.0,2.025752054e-06,5.856841948e-06,1.38272384e-05,1.827433581e-05,0.0005647589047
6709.0,1.943452113e-06,5.757225482e-06,1.339940626e-05,1.801056883e-05,0.0005359116661
6710.0,1.881774051e-06,5.542755446e-06,1.323221653e-05,1.797446609e-05,0.0005099991464
6711.0,1.940281768e-06,5.555670682e-06,1.341602313e-05,1.840464567e-05,0.0005060755905
6712.0,2.022887772e-06,5.721433387e-06,1.370982902e-05,1.858075349e-05,0.0005002787462
6713.0,1.996440192e-06,5.82482269e-06,1.352589832e-05,1.840943766e-05,0.0005028777062
6714.0,1.903494755e-06,5.63008605e-06,1.320019726e-05,1.796354135e-05,0.0005111860952
6715.0,1.900312481e-06,5.550871909e-06,1.335463867e-05,1.796328599e-05,0.0005435002189
6716.0,2.007115429e-06,5.674927224e-06,1.370249975e-05,1.825325886e-05,0.0005706776349
6717.0,2.026102312e-06,5.826280426e-06,1.381446912e-05,1.838370533e-05,0.0005694896181
6718.0,1.953127396e-06,5.769760015e-06,1.344661504e-05,1.818930268e-05,0.000540373217
6719.0,1.888496237e-06,5.563100115e-06,1.327347271e-05,1.796480496e-05,0.0005141497999
6720.0,1.9370501e-06,5.553543268e-06,1.341195952e-05,1.828061753e-05,0.0005042124046
6721.0,2.021293602e-06,5.698046035e-06,1.368154449e-05,1.855893228e-05,0.0005037721657
6722.0,1.997896592e-06,5.820984013e-06,1.354965297e-05,1.832548216e-05,0.0005016421614
6723.0,1.915436667e-06,5.648916954e-06,1.322805301e-05,1.782484696e-05,0.0005130414238
6724.0,1.900698036e-06,5.553021666e-06,1.336848306e-05,1.788921515e-05,0.0005394821506
6725.0,2.006545555e-06,5.673004031e-06,1.372485261e-05,1.830620135e-05,0.000574595046
6726.0,2.045915113e-06,5.845636251e-06,1.391552747e-05,1.854641045e-05,0.0005718792772
6727.0,1.966496627e-06,5.784488035e-06,1.349640771e-05,1.83813738e-05,0.0005446261462
6728.0,1.879409058e-06,5.533350851e-06,1.320779069e-05,1.815457623e-05,0.0005144046896
6729.0,1.916001836e-06,5.527224763e-06,1.333831411e-05,1.829262143e-05,0.0005071054416
6730.0,2.008567366e-06,5.664415321e-06,1.360752395e-05,1.849291096e-05,0.000502059112
6731.0,1.994928452e-06,5.797359461e-06,1.352657833e-05,1.826489883e-05,0.0005032911919
6732.0,1.914355277e-06,5.650994107e-06,1.319059314e-05,1.764376291e-05,0.0005080095326
6733.0,1.893518725e-06,5.537148569e-06,1.328511516e-05,1.760657188e-05,0.0005388804123
6734.0,1.987902376e-06,5.639616441e-06,1.366057471e-05,1.805735312e-05,0.0005723061633
6735.0,2.04026313e-06,5.823456778e-06,1.392101558e-05,1.834624766e-05,0.0005761026598
6736.0,1.97994445e-06,5.802898317e-06,1.354175437e-05,1.828763227e-05,0.0005463880021
6737.0,1.890497929e-06,5.560308153e-06,1.323685758e-05,1.829025485e-05,0.000517231759
6738.0,1.910978278e-06,5.537275212e-06,1.335743609e-05,1.85898268e-05,0.000504346924
6739.0,2.006388339e-06,5.663463141e-06,1.359348337e-05,1.877393342e-05,0.0005046627355
6740.0,2.003006932e-06,5.825811677e-06,1.357453742e-05,1.85749453e-05,0.0005008578653
6741.0,1.912139218e-06,5.677491528e-06,1.316945336e-05,1.796967296e-05,0.0005106395826
6742.0,1.880845831e-06,5.538082745e-06,1.323088421e-05,1.771158154e-05,0.0005352214879
6743.0,1.980972239e-06,5.622921505e-06,1.362082471e-05,1.803172764e-05,0.000571024269
6744.0,2.037764978e-06,5.811794306e-06,1.392976914e-05,1.824875051e-05,0.0005758470583
6745.0,1.981465644e-06,5.819105967e-06,1.358085405e-05,1.80599312e-05,0.0005515555165
6746.0,1.899416778e-06,5.590834039e-06,1.328069474e-05,1.803919552e-05,0.0005187501733
6747.0,1.906774164e-06,5.523394105e-06,1.334200307e-05,1.848262402e-05,0.0005078993752
6748.0,2.00218971e-06,5.646168363e-06,1.359443494e-05,1.896924296e-05,0.0005047101921
6749.0,2.008200777e-06,5.797477836e-06,1.357179854e-05,1.875403383e-05,0.0005049194202
6750.0,1.927497233e-06,5.700458683e-06,1.320509214e-05,1.825875223e-05,0.0005095101768
6751.0,1.874956923e-06,5.532809273e-06,1.319734628e-05,1.786466599e-05,0.0005332182622
6752.0,1.963034555e-06,5.60826114e-06,1.356073111e-05,1.793408768e-05,0.0005664248848
6753.0,2.030580073e-06,5.771023414e-06,1.386110992e-05,1.808730931e-05,0.0005794593251
6754.0,1.981820865e-06,5.821247565e-06,1.360168406e-05,1.798340156e-05,0.000555414221
6755.0,1.896070009e-06,5.599184232e-06,1.328562964e-05,1.785569847e-05,0.0005232223038
6756.0,1.900530369e-06,5.513142026e-06,1.332959895e-05,1.821827725e-05,0.0005078063427
6757.0,2.000891034e-06,5.635799294e-06,1.360732296e-05,1.870690866e-05,0.000507683981
6758.0,2.017665623e-06,5.806027613e-06,1.368744148e-05,1.864807254e-05,0.0005033749856
6759.0,1.942383458e-06,5.727007126e-06,1.328989245e-05,1.815562957e-05,0.0005114276227
6760.0,1.892609208e-06,5.565415135e-06,1.327309389e-05,1.799068366e-05,0.0005306389184
6761.0,1.963010541e-06,5.605282264e-06,1.357320497e-05,1.829936181e-05,0.0005690101966
6762.0,2.037610727e-06,5.769700264e-06,1.38741912e-05,1.838031188e-05,0.0005815268832
6763.0,1.994132421e-06,5.84091039e-06,1.362934958e-05,1.830814111e-05,0.0005598220174
6764.0,1.892938219e-06,5.604611401e-06,1.324364346e-05,1.80525152e-05,0.0005260142526
6765.0,1.888787574e-06,5.511985936e-06,1.327798043e-05,1.812719757e-05,0.00051073875
6766.0,1.993277919e-06,5.624873905e-06,1.355880939e-05,1.835024473e-05,0.0005072549055
6767.0,2.017251269e-06,5.79962753e-06,1.373175222e-05,1.830302034e-05,0.0005067394163
6768.0,1.947737925e-06,5.757161508e-06,1.336048366e-05,1.781639155e-05,0.0005083643444
6769.0,1.889113296e-06,5.557469751e-06,1.324614063e-05,1.765248585e-05,0.0005309111095
6770.0,1.956586257e-06,5.608555945e-06,1.35879746e-05,1.812616281e-05,0.000567013499
6771.0,2.04090146e-06,5.771038808e-06,1.388709984e-05,1.847027387e-05,0.0005840176629
6772.0,2.011150673e-06,5.863131707e-06,1.370284177e-05,1.840457285e-05,0.0005639365561
6773.0,1.915876967e-06,5.6404073e-06,1.329475481e-05,1.821639713e-05,0.0005314504412
6774.0,1.888587953e-06,5.510966355e-06,1.328580556e-05,1.838783594e-05,0.0005117660532
6775.0,1.978892432e-06,5.591345041e-06,1.347353626e-05,1.864835479e-05,0.0005096129295
6776.0,2.012607815e-06,5.778282903e-06,1.365877433e-05,1.847643497e-05,0.0005051670475
6777.0,1.94681921e-06,5.760854686e-06,1.332442481e-05,1.796099805e-05,0.0005106180447
6778.0,1.883406464e-06,5.563984946e-06,1.321586116e-05,1.761809168e-05,0.0005271694739
6779.0,1.947655195e-06,5.599350702e-06,1.351527217e-05,1.78204873e-05,0.0005653245526
6780.0,2.038637203e-06,5.756808276e-06,1.388258275e-05,1.812700127e-05,0.0005817519357
6781.0,2.018707212e-06,5.868150778e-06,1.376459444e-05,1.813856414e-05,0.0005669633534
6782.0,1.92197496e-06,5.655966674e-06,1.3338391e-05,1.800292927e-05,0.0005328478505
6783.0,1.889226942e-06,5.513162455e-06,1.327354893e-05,1.83008403e-05,0.0005134850695
6784.0,1.975031318e-06,5.594509282e-06,1.348581983e-05,1.876975799e-05,0.0005074599799
6785.0,2.018433973e-06,5.77555663e-06,1.365505784e-05,1.881417141e-05,0.0005072332574
6786.0,1.956145644e-06,5.773837505e-06,1.331462289e-05,1.829456588e-05,0.0005074612605
6787.0,1.879424042e-06,5.575952338e-06,1.316767984e-05,1.781176902e-05,0.0005261022454
6788.0,1.925579312e-06,5.582111034e-06,1.343310187e-05,1.781380691e-05,0.0005602201078
6789.0,2.025333112e-06,5.73541155e-06,1.378866776e-05,1.79178388e-05,0.0005832612743
6790.0,2.016678838e-06,5.866969451e-06,1.378394858e-05,1.792529491e-05,0.0005689496022
6791.0,1.924399179e-06,5.684335024e-06,1.337247921e-05,1.773763181e-05,0.0005359495685
6792.0,1.890469991e-06,5.532473602e-06,1.330067253e-05,1.800116811e-05,0.0005117236406
6793.0,1.975677831e-06,5.611611915e-06,1.351722511e-05,1.862982483e-05,0.0005108209966
6794.0,2.027055725e-06,5.77675152e-06,1.371546885e-05,1.880581656e-05,0.0005061999576
6795.0,1.974816308e-06,5.803474112e-06,1.339021458e-05,1.8446972e-05,0.0005093500536
6796.0,1.895509051e-06,5.590941173e-06,1.318831009e-05,1.802422358e-05,0.0005217221665
6797.0,1.918181635e-06,5.570442871e-06,1.340654986e-05,1.808980878e-05,0.0005580410274
6798.0,2.022661484e-06,5.717656478e-06,1.375854441e-05,1.8271275e-05,0.0005793648007
6799.0,2.01490913e-06,5.85921383e-06,1.37565093e-05,1.818702416e-05,0.0005701350391
6800.0,1.921726022e-06,5.686062061e-06,1.331914968e-05,1.789637532e-05,0.0005367105797
6801.0,1.874580512e-06,5.50260519e-06,1.318770834e-05,1.784506386e-05,0.0005133881464
6802.0,1.963919048e-06,5.57948636e-06,1.344600239e-05,1.828158944e-05,0.0005064070479
6803.0,2.029309943e-06,5.751679295e-06,1.373638852e-05,1.849241559e-05,0.0005061713625
6804.0,1.982788893e-06,5.813861687e-06,1.345745222e-05,1.813657982e-05,0.0005041717884
6805.0,1.906242209e-06,5.618046277e-06,1.321175784e-05,1.76482274e-05,0.0005198261712
6806.0,1.916882306e-06,5.565773774e-06,1.340953063e-05,1.786986793e-05,0.0005523501292
6807.0,2.019742066e-06,5.690982982e-06,1.372607888e-05,1.826490011e-05,0.0005784470124
6808.0,2.02703586e-06,5.852591569e-06,1.376365694e-05,1.830815221e-05,0.0005683309654
6809.0,1.932012695e-06,5.703428956e-06,1.330516744e-05,1.8031885e-05,0.0005388074545
6810.0,1.870494161e-06,5.499186497e-06,1.314205561e-05,1.800784212e-05,0.0005125226212
6811.0,1.947476228e-06,5.552584967e-06,1.336221837e-05,1.81528052e-05,0.0005088551064
6812.0,2.018438036e-06,5.709384986e-06,1.365669461e-05,1.825666075e-05,0.0005025837924
6813.0,1.979835142e-06,5.793230249e-06,1.342976898e-05,1.7849681e-05,0.0005038907953
6814.0,1.898871898e-06,5.60739586e-06,1.316768418e-05,1.742056108e-05,0.0005132159566
6815.0,1.91387352e-06,5.557619833e-06,1.336285427e-05,1.768129813e-05,0.0005479998649
6816.0,2.016983305e-06,5.685880826e-06,1.373468082e-05,1.822013729e-05,0.0005752528445
6817.0,2.035045774e-06,5.845832161e-06,1.380496592e-05,1.8332182e-05,0.0005705383918
6818.0,1.951983204e-06,5.746783381e-06,1.337517762e-05,1.813253795e-05,0.0005390118453
6819.0,1.881190422e-06,5.517686168e-06,1.315971305e-05,1.806739002e-05,0.0005128170734
6820.0,1.938831366e-06,5.545034071e-06,1.333374817e-05,1.840470912e-05,0.0005038465724
6821.0,2.010920506e-06,5.694735407e-06,1.35650636e-05,1.845127435e-05,0.0005027247023
6822.0,1.983833998e-06,5.812686709e-06,1.34189181e-05,1.813344572e-05,0.000500410633
6823.0,1.892596618e-06,5.622132533e-06,1.309144101e-05,1.758420976e-05,0.0005115800041
6824.0,1.900908439e-06,5.558169415e-06,1.329230793e-05,1.75421021e-05,0.0005416527638
6825.0,2.010639957e-06,5.672355335e-06,1.366785826e-05,1.793767345e-05,0.0005721738468
6826.0,2.034855713e-06,5.824664541e-06,1.381931441e-05,1.809457693e-05,0.0005667564432
6827.0,1.956327791e-06,5.75203843e-06,1.339141539e-05,1.786483981e-05,0.0005405926576
6828.0,1.88294542e-06,5.536391327e-06,1.317494853e-05,1.785208356e-05,0.0005111100231
6829.0,1.930746133e-06,5.556532457e-06,1.334373437e-05,1.837338407e-05,0.0005035043887
6830.0,2.014862166e-06,5.699090728e-06,1.358412839e-05,1.871076998e-05,0.0004984330863
6831.0,1.9932622e-06,5.816880996e-06,1.34302211e-05,1.841629747e-05,0.0005012158613
6832.0,1.90224552e-06,5.625482611e-06,1.30829564e-05,1.791145821e-05,0.0005068682114
6833.0,1.889377378e-06,5.549445183e-06,1.322147202e-05,1.774585498e-05,0.0005373660679
6834.0,1.993231933e-06,5.655236509e-06,1.357681321e-05,1.784769789e-05,0.0005665727956
6835.0,2.030645832e-06,5.814005982e-06,1.378988095e-05,1.803352102e-05,0.000567334538
6836.0,1.961997745e-06,5.764232663e-06,1.34323602e-05,1.784970747e-05,0.0005401907175
6837.0,1.884712332e-06,5.528604127e-06,1.317299073e-05,1.774746447e-05,0.0005118587531
6838.0,1.924561292e-06,5.534591573e-06,1.331259682e-05,1.815113376e-05,0.0004996999627
6839.0,2.01741398e-06,5.685797621e-06,1.360288308e-05,1.85724219e-05,0.0005017485993
6840.0,2.005121328e-06,5.82263436e-06,1.350867292e-05,1.844545796e-05,0.0004981437944
6841.0,1.918553421e-06,5.671782407e-06,1.314272439e-05,1.782756378e-05,0.000505995625
6842.0,1.890546826e-06,5.542793875e-06,1.322095931e-05,1.77917654e-05,0.0005308090632
6843.0,1.987904752e-06,5.645398625e-06,1.356778383e-05,1.809357027e-05,0.0005655574241
6844.0,2.038365542e-06,5.826104918e-06,1.380355204e-05,1.835407751e-05,0.0005676967334
6845.0,1.970135656e-06,5.793429298e-06,1.34459841e-05,1.818752242e-05,0.0005404774411
6846.0,1.885226111e-06,5.548869739e-06,1.31609842e-05,1.798059147e-05,0.0005086850524
6847.0,1.915308623e-06,5.519625136e-06,1.327311515e-05,1.814102739e-05,0.0005028252825
6848.0,2.010543925e-06,5.658618536e-06,1.356230221e-05,1.84512071e-05,0.000498428244
6849.0,2.011220016e-06,5.832866747e-06,1.357660774e-05,1.822843307e-05,0.0004977305491
6850.0,1.925313832e-06,5.689388777e-06,1.318619325e-05,1.779303615e-05,0.0005014495354
6851.0,1.891914148e-06,5.548476112e-06,1.320666907e-05,1.770850304e-05,0.0005308454465
6852.0,1.978583436e-06,5.634036631e-06,1.354623599e-05,1.815021076e-05,0.0005630022374
6853.0,2.039347835e-06,5.810561996e-06,1.380378287e-05,1.844333396e-05,0.0005673703738
6854.0,1.982526742e-06,5.814275049e-06,1.34777388e-05,1.829024292e-05,0.0005400611097
6855.0,1.889519113e-06,5.56565684e-06,1.313067575e-05,1.804299432e-05,0.0005134736705
6856.0,1.903469885e-06,5.519122472e-06,1.324413653e-05,1.824706097e-05,0.0005009182217
6857.0,2.00211118e-06,5.637852441e-06,1.349876538e-05,1.843480868e-05,0.0004990070934
6858.0,2.007492791e-06,5.807262267e-06,1.355275189e-05,1.82531769e-05,0.0004937987097
6859.0,1.929378697e-06,5.71644827e-06,1.318301061e-05,1.773059506e-05,0.0005029331164
6860.0,1.888862671e-06,5.55831782e-06,1.319654331e-05,1.75292104e-05,0.000524597289
6861.0,1.971542504e-06,5.62690539e-06,1.350410552e-05,1.789506581e-05,0.0005586534614
6862.0,2.039630893e-06,5.786068805e-06,1.378345208e-05,1.834839793e-05,0.0005652370688
6863.0,1.990871162e-06,5.815598766e-06,1.34827636e-05,1.823023423e-05,0.0005444615207
6864.0,1.896399411e-06,5.572849015e-06,1.314170382e-05,1.813926326e-05,0.0005125927533
6865.0,1.903822964e-06,5.526860135e-06,1.324640766e-05,1.840557849e-05,0.0005001755153
6866.0,2.00358737e-06,5.64228523e-06,1.349849255e-05,1.872480079e-05,0.0004962694269
6867.0,2.015366589e-06,5.815102354e-06,1.358433689e-05,1.851074048e-05,0.0004980202429
6868.0,1.93985784e-06,5.737368652e-06,1.324134229e-05,1.80576227e-05,0.0005002182879
6869.0,1.88708406e-06,5.56854628e-06,1.317792182e-05,1.772867252e-05,0.0005224578795
6870.0,1.964805816e-06,5.613640141e-06,1.350248518e-05,1.789456378e-05,0.0005551933559
6871.0,2.041365511e-06,5.782881361e-06,1.382862777e-05,1.811229409e-05,0.0005701532819
6872.0,2.000937305e-06,5.858800002e-06,1.358544454e-05,1.80701645e-05,0.0005478093083
6873.0,1.907645277e-06,5.612557011e-06,1.318535711e-05,1.796093527e-05,0.0005160066253
6874.0,1.899962385e-06,5.532222261e-06,1.322530735e-05,1.824790508e-05,0.0004987944587
6875.0,1.997037029e-06,5.621354249e-06,1.341920163e-05,1.872107911e-05,0.0004996121853
6876.0,2.015262196e-06,5.787635804e-06,1.351892726e-05,1.878101613e-05,0.0004971530096
6877.0,1.940930371e-06,5.748283282e-06,1.320398746e-05,1.825290545e-05,0.0005001763882
6878.0,1.882673222e-06,5.566613787e-06,1.314601123e-05,1.78612012e-05,0.0005172520665
6879.0,1.949076542e-06,5.596733907e-06,1.34431133e-05,1.792555493e-05,0.0005560156626
6880.0,2.036651779e-06,5.764658976e-06,1.381318302e-05,1.815477545e-05,0.0005695189221
6881.0,1.997905247e-06,5.849425483e-06,1.361609087e-05,1.796642872e-05,0.0005514434664
6882.0,1.907752005e-06,5.633296421e-06,1.322648274e-05,1.775609495e-05,0.0005158197702
6883.0,1.890639299e-06,5.524710404e-06,1.320797559e-05,1.814841488e-05,0.0005011581664
6884.0,1.995806868e-06,5.640551026e-06,1.349519876e-05,1.869257317e-05,0.0004973945642
6885.0,2.030603346e-06,5.808133828e-06,1.361796413e-05,1.868056648e-05,0.000497659598
6886.0,1.959736941e-06,5.77301373e-06,1.325237691e-05,1.832455797e-05,0.0004980060498
6887.0,1.889205619e-06,5.578783439e-06,1.314717124e-05,1.802099532e-05,0.0005190740795
6888.0,1.936863399e-06,5.599561287e-06,1.342751724e-05,1.809784337e-05,0.0005545504979
6889.0,2.027477727e-06,5.748170418e-06,1.374432888e-05,1.839868314e-05,0.0005702448157
6890.0,2.00708089e-06,5.867138993e-06,1.36567595e-05,1.838107154e-05,0.0005519707916
6891.0,1.908339738e-06,5.653944595e-06,1.323583425e-05,1.798514242e-05,0.0005224882811
6892.0,1.883382892e-06,5.517680483e-06,1.317440737e-05,1.804154732e-05,0.0005024848097
6893.0,1.980365458e-06,5.618840216e-06,1.344846044e-05,1.846914851e-05,0.0005006386228
6894.0,2.025082973e-06,5.804391316e-06,1.365889437e-05,1.848890326e-05,0.000495206108
6895.0,1.969760823e-06,5.797407228e-06,1.331475516e-05,1.804803573e-05,0.0005008386459
6896.0,1.893478851e-06,5.590145133e-06,1.314492475e-05,1.77764376e-05,0.0005157105926
6897.0,1.931561904e-06,5.592523153e-06,1.341507444e-05,1.810512083e-05,0.0005521020405
6898.0,2.026701803e-06,5.740624382e-06,1.37511638e-05,1.840777688e-05,0.0005716792763
6899.0,2.015739761e-06,5.869568523e-06,1.368875823e-05,1.843011123e-05,0.000559458013
6900.0,1.916808928e-06,5.663013531e-06,1.324357867e-05,1.823971839e-05,0.000525725829
6901.0,1.884219919e-06,5.533642934e-06,1.322656096e-05,1.815065207e-05,0.0005040412529
6902.0,1.970249624e-06,5.598933199e-06,1.342114137e-05,1.836471464e-05,0.0004969031488
6903.0,2.022211272e-06,5.776919841e-06,1.365055095e-05,1.841408196e-05,0.0004999700459
6904.0,1.973281295e-06,5.818337298e-06,1.338072085e-05,1.803353448e-05,0.0005000544048
6905.0,1.897708782e-06,5.596218066e-06,1.317149551e-05,1.758865088e-05,0.0005170976261
6906.0,1.934488037e-06,5.59550019e-06,1.344295561e-05,1.800981552e-05,0.0005497126369
6907.0,2.02868646e-06,5.737239318e-06,1.375847068e-05,1.84209074e-05,0.0005735052674
6908.0,2.026021916e-06,5.885888841e-06,1.377822986e-05,1.843942706e-05,0.0005606762437
6909.0,1.93419726e-06,5.70085432e-06,1.332892267e-05,1.821815341e-05,0.0005296810497
6910.0,1.885358835e-06,5.525904792e-06,1.322712432e-05,1.83202586e-05,0.0005051557712
6911.0,1.963728183e-06,5.576197323e-06,1.341119679e-05,1.860524632e-05,0.0005023126642
6912.0,2.024582697e-06,5.754918849e-06,1.367340871e-05,1.866067537e-05,0.0004984525609
6913.0,1.975437761e-06,5.810295849e-06,1.337708668e-05,1.821602714e-05,0.0005001012714
6914.0,1.894437525e-06,5.610409984e-06,1.316151894e-05,1.772612412e-05,0.0005111062833
6915.0,1.921833405e-06,5.57014337e-06,1.340175855e-05,1.793455643e-05,0.0005477690074
6916.0,2.030510261e-06,5.722586461e-06,1.378266475e-05,1.841638456e-05,0.0005723391003
6917.0,2.034057566e-06,5.876796842e-06,1.383032868e-05,1.847339195e-05,0.0005638219985
6918.0,1.946982912e-06,5.734890134e-06,1.341404931e-05,1.820798752e-05,0.0005307942116
6919.0,1.893763039e-06,5.549614166e-06,1.329344004e-05,1.830274182e-05,0.0005094195182
6920.0,1.961462677e-06,5.583975111e-06,1.345190677e-05,1.872264292e-05,0.0005014708671
6921.0,2.028235096e-06,5.734829544e-06,1.367784035e-05,1.887396991e-05,0.0005007184437
6922.0,1.988450845e-06,5.824464229e-06,1.345017168e-05,1.848296806e-05,0.0004986853867
6923.0,1.907381204e-06,5.653615423e-06,1.321035481e-05,1.790071827e-05,0.0005145358063
6924.0,1.921021192e-06,5.595217505e-06,1.343827307e-05,1.794268485e-05,0.0005454787595
6925.0,2.028108944e-06,5.705466441e-06,1.378949862e-05,1.82311945e-05,0.0005752161751
6926.0,2.045031044e-06,5.882665351e-06,1.391975372e-05,1.832583564e-05,0.0005661607509
6927.0,1.958037428e-06,5.782544516e-06,1.347538062e-05,1.812878835e-05,0.0005360375319
6928.0,1.893049002e-06,5.568184211e-06,1.330208155e-05,1.808919238e-05,0.0005096752785
6929.0,1.955526364e-06,5.589034283e-06,1.346074225e-05,1.869315213e-05,0.0005054625904
6930.0,2.033765652e-06,5.749993929e-06,1.370955376e-05,1.902418089e-05,0.0005004808255
6931.0,1.998582085e-06,5.847806972e-06,1.348348374e-05,1.857539746e-05,0.0005027551422
6932.0,1.908861524e-06,5.660530677e-06,1.316327472e-05,1.805445579e-05,0.0005104910899
6933.0,1.905364457e-06,5.581122592e-06,1.332394801e-05,1.799219861e-05,0.0005438363507
6934.0,2.018165941e-06,5.704382133e-06,1.374072339e-05,1.823557616e-05,0.0005712415779
6935.0,2.040698906e-06,5.851523111e-06,1.38764675e-05,1.83386407e-05,0.0005696816719
6936.0,1.963105721e-06,5.786940738e-06,1.34879167e-05,1.812575834e-05,0.0005393162846
6937.0,1.889052863e-06,5.570740516e-06,1.327427713e-05,1.802000805e-05,0.0005120807355
6938.0,1.937126706e-06,5.568409523e-06,1.339734735e-05,1.849748046e-05,0.0005018736471
6939.0,2.023610648e-06,5.71498871e-06,1.365305305e-05,1.892398645e-05,0.0005022543021
6940.0,2.002537368e-06,5.848220733e-06,1.352286319e-05,1.863172753e-05,0.0005001856835
6941.0,1.907150016e-06,5.644218075e-06,1.314125073e-05,1.799874133e-05,0.0005101422902
6942.0,1.892597187e-06,5.553443441e-06,1.325297098e-05,1.791990478e-05,0.0005375634215
6943.0,2.000699816e-06,5.665782147e-06,1.364077034e-05,1.822883099e-05,0.0005714909851
6944.0,2.037161618e-06,5.82862669e-06,1.384473367e-05,1.8400875e-05,0.0005702614326
6945.0,1.968435368e-06,5.786374517e-06,1.348269236e-05,1.81707829e-05,0.0005423334057
6946.0,1.891066521e-06,5.566604887e-06,1.325365593e-05,1.806102568e-05,0.0005126528212
6947.0,1.928742196e-06,5.570720827e-06,1.340549261e-05,1.831769879e-05,0.0005064577854
6948.0,2.020896e-06,5.722835529e-06,1.367576985e-05,1.871645068e-05,0.0005010678084
6949.0,2.008177426e-06,5.854512345e-06,1.358738897e-05,1.856508885e-05,0.0005013529124
6950.0,1.922343127e-06,5.684173522e-06,1.324096841e-05,1.801990309e-05,0.000506520945
6951.0,1.89410713e-06,5.552083946e-06,1.328437775e-05,1.792842047e-05,0.0005368969092
6952.0,1.990953761e-06,5.666852412e-06,1.363758476e-05,1.831133809e-05,0.0005699890744
6953.0,2.039916799e-06,5.845920881e-06,1.387203537e-05,1.848826356e-05,0.0005731808566
6954.0,1.975768317e-06,5.815589249e-06,1.351441487e-05,1.829847875e-05,0.0005456470295
6955.0,1.891264045e-06,5.562839215e-06,1.321970834e-05,1.810014002e-05,0.0005163429179
6956.0,1.915890145e-06,5.53646047e-06,1.33259488e-05,1.831230581e-05,0.0005038879132
6957.0,2.013277816e-06,5.686213116e-06,1.361807808e-05,1.865706985e-05,0.0005014953395
6958.0,2.008412541e-06,5.8404327e-06,1.359398601e-05,1.840085615e-05,0.0004979075593
6959.0,1.926624759e-06,5.697117013e-06,1.324065877e-05,1.798824015e-05,0.0005082287293
6960.0,1.891751217e-06,5.556683308e-06,1.327791045e-05,1.791793747e-05,0.0005320009279
6961.0,1.981577133e-06,5.640900422e-06,1.360245118e-05,1.831349077e-05,0.0005676182718
6962.0,2.038666836e-06,5.8166245e-06,1.388090441e-05,1.857325331e-05,0.0005724928685
6963.0,1.975924948e-06,5.81019418e-06,1.351044754e-05,1.832609127e-05,0.0005510411983
6964.0,1.892635834e-06,5.574815977e-06,1.322580265e-05,1.820710927e-05,0.0005195168432
6965.0,1.905473674e-06,5.523965545e-06,1.33073834e-05,1.84953271e-05,0.0005060092611
6966.0,2.005994994e-06,5.644832141e-06,1.357952589e-05,1.866718112e-05,0.000500822064
6967.0,2.014555744e-06,5.825488296e-06,1.362770763e-05,1.850501576e-05,0.0005026011939
6968.0,1.930237362e-06,5.716877449e-06,1.323869086e-05,1.801495523e-05,0.0005043283129
6969.0,1.889654543e-06,5.568188542e-06,1.325055038e-05,1.782871433e-05,0.0005286349565
6970.0,1.975755698e-06,5.633500937e-06,1.358143685e-05,1.814497659e-05,0.0005631988439
6971.0,2.038498139e-06,5.781141423e-06,1.38356879e-05,1.836921172e-05,0.0005752818173
6972.0,1.994971216e-06,5.84609888e-06,1.361467055e-05,1.8388924e-05,0.0005516823368
6973.0,1.900699916e-06,5.606488098e-06,1.326577343e-05,1.823675715e-05,0.0005193096286
6974.0,1.90638355e-06,5.537977499e-06,1.332812609e-05,1.843504389e-05,0.000504864526
6975.0,2.004323059e-06,5.633365868e-06,1.354240282e-05,1.887036891e-05,0.0005050301282
6976.0,2.01656118e-06,5.808091178e-06,1.362332995e-05,1.882429217e-05,0.000500670514
6977.0,1.934756003e-06,5.721907923e-06,1.323192177e-05,1.819395631e-05,0.0005058467515
6978.0,1.879410882e-06,5.55290572e-06,1.319022496e-05,1.78064758e-05,0.0005242462695
6979.0,1.95858296e-06,5.615050301e-06,1.353296156e-05,1.800327464e-05,0.0005642285515
6980.0,2.03539176e-06,5.770357783e-06,1.384588912e-05,1.826594098e-05,0.0005758689949
6981.0,1.99486463e-06,5.832709091e-06,1.361027387e-05,1.811969991e-05,0.000556085316
6982.0,1.903261125e-06,5.611887784e-06,1.325777262e-05,1.798715823e-05,0.0005213021156
6983.0,1.89824781e-06,5.532819249e-06,1.330487444e-05,1.829529696e-05,0.0005085801597
6984.0,1.998332278e-06,5.636141338e-06,1.354886907e-05,1.875411884e-05,0.0005040335218
6985.0,2.027293161e-06,5.805092515e-06,1.367850734e-05,1.878312446e-05,0.0005031145618
6986.0,1.952228665e-06,5.749332653e-06,1.329067985e-05,1.835949738e-05,0.000503753664
6987.0,1.889011275e-06,5.554769752e-06,1.319459353e-05,1.806366557e-05,0.0005272884162
6988.0,1.951099284e-06,5.606943138e-06,1.352878306e-05,1.823837637e-05,0.0005613022201
6989.0,2.036029412e-06,5.770136681e-06,1.386506832e-05,1.842059434e-05,0.0005767303019
6990.0,2.003150191e-06,5.858991705e-06,1.368942997e-05,1.827047839e-05,0.0005562908021
6991.0,1.903619722e-06,5.617009236e-06,1.32801916e-05,1.797382397e-05,0.0005278592575
6992.0,1.893244789e-06,5.528181358e-06,1.330860049e-05,1.816796957e-05,0.000509919517
6993.0,1.993468243e-06,5.642048861e-06,1.356002238e-05,1.855448855e-05,0.0005073307714
6994.0,2.030629258e-06,5.811944209e-06,1.372216056e-05,1.857677231e-05,0.0005030911768
6995.0,1.964712269e-06,5.770190364e-06,1.336071956e-05,1.814314535e-05,0.0005102651397
6996.0,1.898715374e-06,5.581232733e-06,1.325430646e-05,1.786126114e-05,0.0005254045086
6997.0,1.948792396e-06,5.614078259e-06,1.353340835e-05,1.829710969e-05,0.0005619918489
6998.0,2.03810916e-06,5.779775418e-06,1.385748466e-05,1.858854525e-05,0.0005770038898
6999.0,2.013723808e-06,5.883041214e-06,1.372052473e-05,1.847524259e-05,0.0005634873258
7000.0,1.915644763e-06,5.659465551e-06,1.33149456e-05,1.824029923e-05,0.0005299041046
7001.0,1.88666401e-06,5.522431589e-06,1.328106584e-05,1.815580424e-05,0.0005121880728
7002.0,1.98095536e-06,5.603926788e-06,1.3508583e-05,1.835420669e-05,0.0005060735499
7003.0,2.023888962e-06,5.790547379e-06,1.37169531e-05,1.834099782e-05,0.0005070664676
7004.0,1.963300372e-06,5.799886166e-06,1.338097842e-05,1.78784772e-05,0.0005068559855
7005.0,1.895932331e-06,5.595442679e-06,1.323807494e-05,1.759244728e-05,0.0005239427024
7006.0,1.944340659e-06,5.59610919e-06,1.350523785e-05,1.794470665e-05,0.0005578690102
7007.0,2.040005846e-06,5.748793346e-06,1.383817324e-05,1.849919707e-05,0.0005809636492
7008.0,2.02182284e-06,5.863744892e-06,1.374575679e-05,1.844703286e-05,0.000564809836
7009.0,1.922632942e-06,5.659023771e-06,1.330885225e-05,1.83190446e-05,0.0005313867899
7010.0,1.884322211e-06,5.507195218e-06,1.324151848e-05,1.842248727e-05,0.0005090785347
7011.0,1.971528433e-06,5.586891477e-06,1.345381118e-05,1.864121165e-05,0.0005093811763
7012.0,2.016878519e-06,5.748567844e-06,1.365246777e-05,1.865819973e-05,0.0005045879643
7013.0,1.956011126e-06,5.76271982e-06,1.329645225e-05,1.819624819e-05,0.0005077177726
7014.0,1.881601927e-06,5.565212772e-06,1.310862201e-05,1.759968811e-05,0.0005197298048
7015.0,1.917777529e-06,5.549713912e-06,1.337557535e-05,1.779343276e-05,0.000559195463
7016.0,2.024734531e-06,5.695076486e-06,1.375125304e-05,1.813989591e-05,0.0005774839944
7017.0,2.025824372e-06,5.848152103e-06,1.375681917e-05,1.812094995e-05,0.0005653695491
7018.0,1.933486829e-06,5.677981424e-06,1.333974777e-05,1.801881106e-05,0.0005319667142
7019.0,1.886011455e-06,5.515865833e-06,1.324016617e-05,1.813798014e-05,0.0005125978613
7020.0,1.959191477e-06,5.5681787e-06,1.340287121e-05,1.862645792e-05,0.0005067853232
7021.0,2.01743784e-06,5.73310369e-06,1.361557196e-05,1.87848458e-05,0.0005063661503
7022.0,1.970203966e-06,5.790497672e-06,1.336652583e-05,1.841774309e-05,0.0005045384369
7023.0,1.884397385e-06,5.565068822e-06,1.309130547e-05,1.7852906e-05,0.000523304479
7024.0,1.905699635e-06,5.535218035e-06,1.332167703e-05,1.769790499e-05,0.000554283346
7025.0,2.011445661e-06,5.676399431e-06,1.371547321e-05,1.805415536e-05,0.0005785328846
7026.0,2.019643676e-06,5.840514911e-06,1.377913206e-05,1.801143581e-05,0.0005658192352
7027.0,1.936362375e-06,5.697838158e-06,1.334970202e-05,1.771028455e-05,0.0005361669647
7028.0,1.887649119e-06,5.532116099e-06,1.327218964e-05,1.789405044e-05,0.0005126410356
7029.0,1.964286353e-06,5.596505265e-06,1.349909226e-05,1.849655933e-05,0.0005077047849
7030.0,2.029640539e-06,5.754056973e-06,1.373033587e-05,1.875351462e-05,0.0005024702326
7031.0,1.990202596e-06,5.825240728e-06,1.348308237e-05,1.853511451e-05,0.0005085696776
7032.0,1.900429204e-06,5.614472981e-06,1.32129429e-05,1.811818665e-05,0.000519206582
7033.0,1.906775225e-06,5.549173978e-06,1.336990805e-05,1.807667867e-05,0.0005531147519
7034.0,2.015965041e-06,5.688798306e-06,1.373828601e-05,1.826015494e-05,0.0005782568787
7035.0,2.027046457e-06,5.854077239e-06,1.38521044e-05,1.82866082e-05,0.0005739023003
7036.0,1.944776313e-06,5.743032348e-06,1.343149922e-05,1.795897019e-05,0.0005408866547
7037.0,1.886420294e-06,5.531130558e-06,1.324481121e-05,1.778793833e-05,0.000514152424
7038.0,1.952558273e-06,5.566633841e-06,1.34520846e-05,1.825850651e-05,0.0005052330408
7039.0,2.024879247e-06,5.713157489e-06,1.369558919e-05,1.854338419e-05,0.000507365382
7040.0,1.99893345e-06,5.829438183e-06,1.352758029e-05,1.829388093e-05,0.0005064298435
7041.0,1.91180781e-06,5.624224145e-06,1.320798154e-05,1.790963617e-05,0.000515804968
7042.0,1.908342959e-06,5.543457122e-06,1.337366316e-05,1.799508738e-05,0.0005451325999
7043.0,2.011485182e-06,5.663430107e-06,1.368498309e-05,1.84549125e-05,0.0005779696058
7044.0,2.030916668e-06,5.823131307e-06,1.381009841e-05,1.851921788e-05,0.0005738680912
7045.0,1.949869006e-06,5.751015909e-06,1.339823993e-05,1.83179027e-05,0.0005424905493
7046.0,1.883639952e-06,5.539927458e-06,1.322354895e-05,1.806724934e-05,0.0005131210538
7047.0,1.940390833e-06,5.540950975e-06,1.338005821e-05,1.82041467e-05,0.0005098430976
7048.0,2.019432519e-06,5.696700831e-06,1.366746791e-05,1.833706046e-05,0.0005041270292
7049.0,2.001020361e-06,5.838413884e-06,1.354871679e-05,1.803450311e-05,0.0005043679795
7050.0,1.917800805e-06,5.671429061e-06,1.322567619e-05,1.754394977e-05,0.0005111813102
7051.0,1.903642601e-06,5.56070401e-06,1.333116203e-05,1.768775e-05,0.0005457142385
7052.0,2.012299735e-06,5.682490035e-06,1.372146104e-05,1.828560756e-05,0.0005762525933
7053.0,2.045703073e-06,5.844895787e-06,1.387270951e-05,1.85422592e-05,0.0005745548637
7054.0,1.972939235e-06,5.77734672e-06,1.346101275e-05,1.832940358e-05,0.0005436726011
7055.0,1.886228791e-06,5.544037794e-06,1.320781256e-05,1.820123307e-05,0.0005165333291
7056.0,1.923919228e-06,5.532959287e-06,1.334342647e-05,1.844385176e-05,0.0005062556477
7057.0,2.019667478e-06,5.684825199e-06,1.36607022e-05,1.85509272e-05,0.0005048401608
7058.0,2.004055721e-06,5.835011844e-06,1.356746953e-05,1.82623097e-05,0.0005016061602
7059.0,1.914479019e-06,5.670635625e-06,1.317439643e-05,1.764734278e-05,0.0005142525317
7060.0,1.896152431e-06,5.56872148e-06,1.32852752e-05,1.752037361e-05,0.0005407371654
7061.0,2.001242476e-06,5.670187596e-06,1.367412069e-05,1.804175812e-05,0.0005741397208
7062.0,2.047638838e-06,5.840930191e-06,1.3882533e-05,1.82573431e-05,0.0005739750439
7063.0,1.981314093e-06,5.803163123e-06,1.351184755e-05,1.816904537e-05,0.0005504920499
7064.0,1.896656013e-06,5.556961261e-06,1.324271014e-05,1.814263133e-05,0.000518338691
7065.0,1.91843561e-06,5.524168284e-06,1.33117271e-05,1.845556799e-05,0.0005069951099
7066.0,2.013993492e-06,5.654137802e-06,1.355195876e-05,1.873356382e-05,0.0005010155345
7067.0,2.008397189e-06,5.807250265e-06,1.355054015e-05,1.851609112e-05,0.0005057023342
7068.0,1.918794384e-06,5.674342682e-06,1.31682512e-05,1.792105379e-05,0.0005112975437
7069.0,1.889453244e-06,5.550997077e-06,1.322519774e-05,1.76721045e-05,0.0005380218291
7070.0,1.98300655e-06,5.639952168e-06,1.356692208e-05,1.788223423e-05,0.0005678257288
7071.0,2.040903139e-06,5.819230861e-06,1.386388588e-05,1.801821955e-05,0.0005766431105
7072.0,1.985590919e-06,5.833482171e-06,1.353532584e-05,1.791731915e-05,0.0005490949517
7073.0,1.900920208e-06,5.583753799e-06,1.324263161e-05,1.786475558e-05,0.0005175273748
7074.0,1.909326441e-06,5.526536617e-06,1.330599399e-05,1.823874115e-05,0.0005033150419
7075.0,2.008739962e-06,5.647734603e-06,1.354237193e-05,1.858422094e-05,0.0005040823726
7076.0,2.012944692e-06,5.805102558e-06,1.356260809e-05,1.856127113e-05,0.0005010287056
7077.0,1.927303038e-06,5.668644756e-06,1.317333828e-05,1.805180488e-05,0.0005068272926
7078.0,1.883631937e-06,5.525836206e-06,1.316244531e-05,1.778935228e-05,0.000528084218
7079.0,1.971026734e-06,5.609677245e-06,1.351128241e-05,1.793871562e-05,0.0005676842479
7080.0,2.033503412e-06,5.77846231e-06,1.380620723e-05,1.821060643e-05,0.0005741890345
7081.0,1.980171924e-06,5.814754206e-06,1.349516347e-05,1.79859476e-05,0.0005490104965
7082.0,1.894153796e-06,5.571829786e-06,1.315382976e-05,1.775337879e-05,0.0005155929953
7083.0,1.900411243e-06,5.517283458e-06,1.326732276e-05,1.807261761e-05,0.0005051887917
7084.0,2.000332708e-06,5.642761133e-06,1.353503454e-05,1.851491784e-05,0.0005011684568
7085.0,2.016435689e-06,5.801441506e-06,1.358573174e-05,1.842174231e-05,0.0005000524677
7086.0,1.938092226e-06,5.694071464e-06,1.319506527e-05,1.792007247e-05,0.0005008523499
7087.0,1.886766983e-06,5.521026739e-06,1.318557267e-05,1.773379889e-05,0.0005299053987
7088.0,1.962278033e-06,5.600157341e-06,1.349143468e-05,1.799049634e-05,0.0005641501216
7089.0,2.031855072e-06,5.760316593e-06,1.376883048e-05,1.829650588e-05,0.0005729980864
7090.0,1.990220353e-06,5.82082688e-06,1.351119435e-05,1.817958202e-05,0.000549189534
7091.0,1.896894132e-06,5.590323503e-06,1.316126813e-05,1.789026142e-05,0.0005204087199
7092.0,1.896086277e-06,5.513717252e-06,1.320367607e-05,1.798677627e-05,0.0005044771419
7093.0,1.994629859e-06,5.633412461e-06,1.348365447e-05,1.838164915e-05,0.0005007702786
7094.0,2.015139274e-06,5.808239234e-06,1.359033905e-05,1.827860343e-05,0.0004963115255
7095.0,1.940939291e-06,5.730794664e-06,1.320773052e-05,1.777401099e-05,0.0005032306074
7096.0,1.883507497e-06,5.545326636e-06,1.314545968e-05,1.74991313e-05,0.0005220531774
7097.0,1.949164978e-06,5.580544364e-06,1.344163353e-05,1.785043753e-05,0.0005587755601
7098.0,2.027894033e-06,5.743181522e-06,1.371825897e-05,1.822368027e-05,0.0005702182348
7099.0,1.995765721e-06,5.819552128e-06,1.354049091e-05,1.819717569e-05,0.0005535532344
7100.0,1.898044216e-06,5.5925289e-06,1.315142807e-05,1.80133307e-05,0.0005198372204
7101.0,1.885161567e-06,5.492587236e-06,1.313652836e-05,1.811508062e-05,0.0005030049613
7102.0,1.982551967e-06,5.588130912e-06,1.338019793e-05,1.845335025e-05,0.0004974242124
7103.0,2.010451407e-06,5.773439874e-06,1.356985677e-05,1.840061624e-05,0.0004981761319
7104.0,1.942080457e-06,5.743660618e-06,1.320739175e-05,1.787878076e-05,0.0004988706441
7105.0,1.876287019e-06,5.547033507e-06,1.306261501e-05,1.7499006e-05,0.000516956497
7106.0,1.9373733e-06,5.57595399e-06,1.339845204e-05,1.774883436e-05,0.0005508248619
7107.0,2.02297068e-06,5.719262053e-06,1.369226619e-05,1.806730708e-05,0.0005724606459
7108.0,2.001847793e-06,5.823778534e-06,1.359106948e-05,1.811609233e-05,0.0005540900642
7109.0,1.902427298e-06,5.605231013e-06,1.315125215e-05,1.786544034e-05,0.0005216869153
7110.0,1.878957509e-06,5.482987635e-06,1.315583057e-05,1.800136773e-05,0.0005010298178
7111.0,1.977332605e-06,5.578187341e-06,1.337598504e-05,1.844248137e-05,0.0005002574151
7112.0,2.018366824e-06,5.76639112e-06,1.356594463e-05,1.848015415e-05,0.0004959473676
7113.0,1.951582083e-06,5.76333429e-06,1.323210005e-05,1.801936622e-05,0.0004982124613
7114.0,1.880003465e-06,5.5569687e-06,1.308074544e-05,1.762894009e-05,0.0005121162712
7115.0,1.924554799e-06,5.558161631e-06,1.332330935e-05,1.781423684e-05,0.0005515530673
7116.0,2.019813598e-06,5.708778732e-06,1.366261801e-05,1.814839252e-05,0.0005703095611
7117.0,2.007461451e-06,5.836497113e-06,1.361745517e-05,1.81570939e-05,0.0005529419564
7118.0,1.915557588e-06,5.630030466e-06,1.32030429e-05,1.793148456e-05,0.0005209377773
7119.0,1.879953504e-06,5.487152528e-06,1.317311732e-05,1.797279597e-05,0.0005030046718
7120.0,1.967223156e-06,5.562935067e-06,1.338536827e-05,1.838245276e-05,0.0004983660839
7121.0,2.019240803e-06,5.738319959e-06,1.358972686e-05,1.852533756e-05,0.0004972417903
7122.0,1.965013551e-06,5.776635236e-06,1.327977377e-05,1.811439066e-05,0.0004963363933
7123.0,1.886806679e-06,5.565695242e-06,1.308559034e-05,1.768471571e-05,0.0005142118352
7124.0,1.923073211e-06,5.557475147e-06,1.333850242e-05,1.779991834e-05,0.0005465684745
7125.0,2.020667491e-06,5.689355996e-06,1.365135992e-05,1.819331412e-05,0.0005680078589
7126.0,2.01820311e-06,5.836430959e-06,1.366614259e-05,1.820221189e-05,0.0005557421761
7127.0,1.916097539e-06,5.640476986e-06,1.319339014e-05,1.790799036e-05,0.0005269011032
7128.0,1.882816571e-06,5.502519646e-06,1.316053862e-05,1.802317594e-05,0.0005043857039
7129.0,1.958332304e-06,5.568561424e-06,1.336116533e-05,1.840021225e-05,0.0004997502911
7130.0,2.012870183e-06,5.722673182e-06,1.35774768e-05,1.855714848e-05,0.0004940042888
7131.0,1.969957095e-06,5.780060042e-06,1.329338194e-05,1.82256407e-05,0.0004988291421
7132.0,1.890474165e-06,5.578990653e-06,1.308794589e-05,1.779978789e-05,0.0005084399822
7133.0,1.909132678e-06,5.553468696e-06,1.331483343e-05,1.797391057e-05,0.0005432859776
7134.0,2.018658894e-06,5.698477231e-06,1.370609854e-05,1.825912195e-05,0.0005672619302
7135.0,2.022921564e-06,5.853950987e-06,1.371771341e-05,1.832888915e-05,0.0005604124123
7136.0,1.931569044e-06,5.697153692e-06,1.326863004e-05,1.808419333e-05,0.0005286952061
7137.0,1.878971018e-06,5.511837916e-06,1.315367375e-05,1.811459271e-05,0.0005044912575
7138.0,1.958751085e-06,5.568777322e-06,1.338487062e-05,1.847210583e-05,0.0004967955403
7139.0,2.01755762e-06,5.726604191e-06,1.360186928e-05,1.856767839e-05,0.0004981249868
7140.0,1.980596871e-06,5.813984332e-06,1.338932915e-05,1.823287486e-05,0.0004970725972
7141.0,1.898320198e-06,5.618223255e-06,1.313349808e-05,1.784689695e-05,0.0005096200506
7142.0,1.911342606e-06,5.568687076e-06,1.334508341e-05,1.794587653e-05,0.0005401063055
7143.0,2.014934788e-06,5.679748873e-06,1.365986009e-05,1.827024977e-05,0.000571114462
7144.0,2.02723286e-06,5.839540527e-06,1.375034527e-05,1.836501623e-05,0.0005631890393
7145.0,1.942058184e-06,5.715559736e-06,1.330412564e-05,1.813375104e-05,0.0005338300049
7146.0,1.879561131e-06,5.520193432e-06,1.314614233e-05,1.80911385e-05,0.0005067908269
7147.0,1.943620613e-06,5.535335676e-06,1.330920393e-05,1.838421639e-05,0.0005027826671
7148.0,2.023399977e-06,5.704937554e-06,1.361131967e-05,1.864067224e-05,0.0004984500251
7149.0,1.986917699e-06,5.804538028e-06,1.339982688e-05,1.829853814e-05,0.0004992139659
7150.0,1.904067138e-06,5.629289377e-06,1.314590373e-05,1.785679288e-05,0.0005070054921
7151.0,1.90821354e-06,5.567222115e-06,1.331554348e-05,1.796856139e-05,0.0005420723282
7152.0,2.012047063e-06,5.683272908e-06,1.367274789e-05,1.831629818e-05,0.0005701089683
7153.0,2.034643748e-06,5.844045921e-06,1.380140018e-05,1.844252645e-05,0.0005653579552
7154.0,1.953812646e-06,5.749519881e-06,1.340028287e-05,1.821304679e-05,0.0005352332968
7155.0,1.885674676e-06,5.530773523e-06,1.318807248e-05,1.822919129e-05,0.0005113019731
7156.0,1.931936056e-06,5.535359945e-06,1.33058267e-05,1.854162914e-05,0.0005026641302
7157.0,2.013785379e-06,5.674867254e-06,1.353960318e-05,1.861220949e-05,0.0005003653712
7158.0,1.990922514e-06,5.79682543e-06,1.341679608e-05,1.829251364e-05,0.0004969872987
7159.0,1.902220571e-06,5.615943871e-06,1.30860373e-05,1.782542523e-05,0.0005081370002
7160.0,1.897075995e-06,5.541257827e-06,1.325817567e-05,1.784819837e-05,0.0005354967824
7161.0,2.005682527e-06,5.67027899e-06,1.362891464e-05,1.829296273e-05,0.0005679670514
7162.0,2.043969653e-06,5.837772824e-06,1.384558014e-05,1.844479971e-05,0.0005652368557
7163.0,1.972768036e-06,5.79756045e-06,1.347495206e-05,1.832266596e-05,0.0005400227938
7164.0,1.889485268e-06,5.547148463e-06,1.319960403e-05,1.829380043e-05,0.0005105048998
7165.0,1.926688839e-06,5.539682632e-06,1.331420837e-05,1.86697193e-05,0.0005025757188
7166.0,2.005873781e-06,5.673198855e-06,1.351701665e-05,1.883831699e-05,0.0004979077531
7167.0,1.996583484e-06,5.822414492e-06,1.34487521e-05,1.848247366e-05,0.0004985482148
7168.0,1.911067982e-06,5.64848225e-06,1.311257989e-05,1.79752126e-05,0.000503697472
7169.0,1.887882687e-06,5.528279523e-06,1.320543087e-05,1.781759708e-05,0.0005330904956
7170.0,1.993053308e-06,5.644727093e-06,1.358420844e-05,1.813208284e-05,0.0005643809247
7171.0,2.038995014e-06,5.822603661e-06,1.384683769e-05,1.818595465e-05,0.0005675527639
7172.0,1.974053638e-06,5.809231192e-06,1.34962413e-05,1.813251034e-05,0.0005411055057
7173.0,1.890913148e-06,5.571431096e-06,1.319737711e-05,1.802324682e-05,0.0005121848795
7174.0,1.923181058e-06,5.544294557e-06,1.331809532e-05,1.851952575e-05,0.0004999573104
7175.0,2.0099465e-06,5.665988676e-06,1.35522677e-05,1.892917432e-05,0.0005008335074
7176.0,2.002670361e-06,5.823634241e-06,1.350727844e-05,1.869504761e-05,0.0004983130164
7177.0,1.920915961e-06,5.684928059e-06,1.314825194e-05,1.810727901e-05,0.0005049096782
7178.0,1.885432643e-06,5.530547621e-06,1.31967846e-05,1.787765046e-05,0.00052917968
7179.0,1.978465478e-06,5.623710733e-06,1.3541625e-05,1.811729524e-05,0.0005646127147
7180.0,2.0312208e-06,5.80789947e-06,1.379941518e-05,1.815666017e-05,0.0005671205773
7181.0,1.971893804e-06,5.804876119e-06,1.348484009e-05,1.802495261e-05,0.0005419271327
7182.0,1.888696116e-06,5.572166141e-06,1.318995793e-05,1.797939758e-05,0.0005097181128
7183.0,1.913103905e-06,5.545459179e-06,1.328811032e-05,1.841686341e-05,0.0005019066239
7184.0,2.011623026e-06,5.663616694e-06,1.355786479e-05,1.885461863e-05,0.0004987057963
7185.0,2.012217859e-06,5.808412389e-06,1.357318026e-05,1.866635243e-05,0.0004985766036
7186.0,1.926527187e-06,5.685727561e-06,1.315644533e-05,1.811727914e-05,0.0005011817464
7187.0,1.886418939e-06,5.531497257e-06,1.315718362e-05,1.79669429e-05,0.0005268510983
7188.0,1.96351209e-06,5.604396088e-06,1.349973322e-05,1.823909771e-05,0.0005609207561
7189.0,2.027581369e-06,5.774160894e-06,1.37648184e-05,1.84413298e-05,0.000568945367
7190.0,1.977376293e-06,5.809840828e-06,1.34752338e-05,1.823257842e-05,0.0005440910933
7191.0,1.884128855e-06,5.553534338e-06,1.313733847e-05,1.796809943e-05,0.0005139272143
7192.0,1.900111523e-06,5.515158236e-06,1.326923608e-05,1.81890284e-05,0.0004991961107
7193.0,2.003424319e-06,5.640385053e-06,1.35244032e-05,1.860676441e-05,0.0004983324132
7194.0,2.020345475e-06,5.819836263e-06,1.364909068e-05,1.846452492e-05,0.0004963454093
7195.0,1.941134267e-06,5.725056814e-06,1.328289407e-05,1.79674746e-05,0.0005035230355
7196.0,1.891999084e-06,5.562991926e-06,1.323191417e-05,1.782177567e-05,0.0005251969498
7197.0,1.965814878e-06,5.615637647e-06,1.352510605e-05,1.824008397e-05,0.0005608618658
7198.0,2.034304558e-06,5.76645979e-06,1.380088142e-05,1.853828531e-05,0.0005684043344
7199.0,1.992169334e-06,5.824196492e-06,1.354700472e-05,1.838560348e-05,0.0005488718149
7200.0,1.895762932e-06,5.582011954e-06,1.317827425e-05,1.812546644e-05,0.0005165962661
7201.0,1.894973138e-06,5.508011909e-06,1.324331611e-05,1.827151831e-05,0.0005026567228
7202.0,1.98974936e-06,5.614827324e-06,1.34690779e-05,1.856331037e-05,0.0004972307035
7203.0,2.012557732e-06,5.785335112e-06,1.357846103e-05,1.849647433e-05,0.000497968372
7204.0,1.93470787e-06,5.723039506e-06,1.323116106e-05,1.800226551e-05,0.0004996550294
7205.0,1.884255059e-06,5.543017377e-06,1.317701612e-05,1.768935499e-05,0.0005205798525
7206.0,1.955541865e-06,5.584359167e-06,1.345830204e-05,1.813362458e-05,0.0005557863599
7207.0,2.037226323e-06,5.741612951e-06,1.380017298e-05,1.851644745e-05,0.0005729191566
7208.0,2.004585134e-06,5.832276373e-06,1.363755774e-05,1.834171802e-05,0.0005523211606
7209.0,1.906966377e-06,5.598724972e-06,1.322010897e-05,1.81272238e-05,0.0005201048831
7210.0,1.895077736e-06,5.504648767e-06,1.325292155e-05,1.833267949e-05,0.0005017752691
7211.0,1.985609866e-06,5.585845736e-06,1.344275659e-05,1.866394012e-05,0.0005001681975
7212.0,2.013292197e-06,5.771554339e-06,1.358563606e-05,1.868408298e-05,0.000495116909
7213.0,1.946554826e-06,5.740990089e-06,1.323992994e-05,1.822261478e-05,0.0005006693268
7214.0,1.879099591e-06,5.564877507e-06,1.315868739e-05,1.778237916e-05,0.0005178699067
7215.0,1.937604779e-06,5.577471733e-06,1.342401399e-05,1.798019701e-05,0.0005559419251
7216.0,2.032463482e-06,5.744891059e-06,1.379160051e-05,1.827962818e-05,0.0005719780576
7217.0,2.004844229e-06,5.844684218e-06,1.364743129e-05,1.821155992e-05,0.000555036784
7218.0,1.913113441e-06,5.633372226e-06,1.323877452e-05,1.794790608e-05,0.0005205912627
7219.0,1.885457516e-06,5.503538893e-06,1.319290655e-05,1.818632509e-05,0.0005055696148
7220.0,1.977613523e-06,5.588552805e-06,1.343448409e-05,1.870985515e-05,0.0005012390011
7221.0,2.017672243e-06,5.75490991e-06,1.360438768e-05,1.873719593e-05,0.0004993804656
7222.0,1.951736349e-06,5.75860889e-06,1.324976878e-05,1.833956478e-05,0.0004984327827
7223.0,1.87784821e-06,5.55146141e-06,1.309016444e-05,1.788893759e-05,0.0005171461061
7224.0,1.921019172e-06,5.571161899e-06,1.33798809e-05,1.79631176e-05,0.0005519642859
7225.0,2.018595765e-06,5.70893719e-06,1.371095457e-05,1.824636199e-05,0.0005723504358
7226.0,1.999912988e-06,5.820950863e-06,1.363619341e-05,1.818915977e-05,0.0005550250641
7227.0,1.909665471e-06,5.637759401e-06,1.322847878e-05,1.792616061e-05,0.0005253125817
7228.0,1.874754661e-06,5.481280429e-06,1.314071059e-05,1.804271799e-05,0.0005037814976
7229.0,1.969660052e-06,5.576035142e-06,1.340562776e-05,1.853088402e-05,0.0005016227113
7230.0,2.019100415e-06,5.750860654e-06,1.364021373e-05,1.870055181e-05,0.0004965283863
7231.0,1.969921576e-06,5.790721868e-06,1.333743282e-05,1.832653216e-05,0.0005025064491
7232.0,1.892392131e-06,5.581308533e-06,1.315368667e-05,1.802094667e-05,0.0005145129059
7233.0,1.922497149e-06,5.565564429e-06,1.340009335e-05,1.818358031e-05,0.0005504509918
7234.0,2.023141704e-06,5.709172143e-06,1.374084404e-05,1.846074841e-05,0.0005711550521
7235.0,2.015548962e-06,5.843054294e-06,1.372179352e-05,1.841487912e-05,0.000562281727
7236.0,1.920706602e-06,5.665942156e-06,1.329293518e-05,1.81922567e-05,0.0005297104519
7237.0,1.877539669e-06,5.501981577e-06,1.318025116e-05,1.8090787e-05,0.0005072055251
7238.0,1.961802633e-06,5.553011066e-06,1.337863068e-05,1.850800683e-05,0.0005010854058
7239.0,2.02195766e-06,5.723541294e-06,1.364434871e-05,1.85987443e-05,0.000503351895
7240.0,1.979017194e-06,5.794501101e-06,1.33925033e-05,1.816909386e-05,0.0005026974173
7241.0,1.903657707e-06,5.60126774e-06,1.317732375e-05,1.785068812e-05,0.000515139141
7242.0,1.92277951e-06,5.564220197e-06,1.340532109e-05,1.810325934e-05,0.0005478898939
7243.0,2.026004718e-06,5.703670971e-06,1.375900989e-05,1.848984957e-05,0.0005770345459
7244.0,2.032550862e-06,5.863534338e-06,1.381106819e-05,1.867306756e-05,0.0005681904305
7245.0,1.93532651e-06,5.695484274e-06,1.334235601e-05,1.842799323e-05,0.0005349538477
7246.0,1.876127695e-06,5.513138652e-06,1.320719756e-05,1.820892534e-05,0.0005078002017
7247.0,1.947661373e-06,5.549571079e-06,1.338183978e-05,1.840306812e-05,0.0005067775651
7248.0,2.016661886e-06,5.723823397e-06,1.364351149e-05,1.853588072e-05,0.0005024757083
7249.0,1.982172111e-06,5.811582083e-06,1.342718704e-05,1.811868114e-05,0.0005039026456
7250.0,1.899133563e-06,5.602549776e-06,1.314673819e-05,1.764628489e-05,0.0005131361538
7251.0,1.916860747e-06,5.558629983e-06,1.338082316e-05,1.791344545e-05,0.0005502189301
7252.0,2.02442143e-06,5.706692309e-06,1.376105216e-05,1.84516543e-05,0.0005763146625
7253.0,2.04402106e-06,5.885227435e-06,1.386417612e-05,1.868788199e-05,0.0005709837667
7254.0,1.954091354e-06,5.745790828e-06,1.34222836e-05,1.84486873e-05,0.0005378656199
7255.0,1.887233686e-06,5.536639617e-06,1.325780429e-05,1.846333536e-05,0.0005144005557
7256.0,1.944115773e-06,5.566061221e-06,1.340803393e-05,1.868404909e-05,0.0005066357897
7257.0,2.01778482e-06,5.713858904e-06,1.364644433e-05,1.878910692e-05,0.0005026734595
7258.0,1.980991528e-06,5.804964168e-06,1.3439188e-05,1.841163822e-05,0.0005012528844
7259.0,1.893531658e-06,5.610290788e-06,1.311507279e-05,1.772227339e-05,0.0005157331836
7260.0,1.899441313e-06,5.546843948e-06,1.32986262e-05,1.764498741e-05,0.00054556435
7261.0,2.011025767e-06,5.684146031e-06,1.369849899e-05,1.812672914e-05,0.0005755105003
7262.0,2.042964831e-06,5.861714807e-06,1.389255838e-05,1.833179497e-05,0.00057164147
7263.0,1.969333361e-06,5.783363106e-06,1.348395703e-05,1.826400406e-05,0.0005458868256
7264.0,1.895200327e-06,5.539577699e-06,1.326520417e-05,1.833203757e-05,0.0005163837447
7265.0,1.940975853e-06,5.557486476e-06,1.341326111e-05,1.878929382e-05,0.0005082942409
7266.0,2.014944555e-06,5.70495204e-06,1.361085325e-05,1.907241985e-05,0.0005030425025
7267.0,1.993026179e-06,5.826315896e-06,1.349651165e-05,1.874994823e-05,0.0005056748862
7268.0,1.900840517e-06,5.637819704e-06,1.314574215e-05,1.808897677e-05,0.0005138436349
7269.0,1.888730197e-06,5.528978429e-06,1.323153927e-05,1.776614831e-05,0.0005430875829
7270.0,1.998025132e-06,5.647032497e-06,1.362793856e-05,1.798974991e-05,0.0005718308862
7271.0,2.031789106e-06,5.815250302e-06,1.383753497e-05,1.805351253e-05,0.0005762445878
7272.0,1.959715748e-06,5.77163041e-06,1.344648241e-05,1.793226177e-05,0.0005467026859
7273.0,1.891221421e-06,5.55758269e-06,1.321841259e-05,1.791331995e-05,0.0005166188358
7274.0,1.929756701e-06,5.558455091e-06,1.338261218e-05,1.852076462e-05,0.0005054778233
7275.0,2.019209791e-06,5.70772246e-06,1.362932716e-05,1.891144892e-05,0.0005069278195
7276.0,2.004157559e-06,5.846137642e-06,1.353698537e-05,1.874268008e-05,0.0005029205075
7277.0,1.908033649e-06,5.658472678e-06,1.315473259e-05,1.824005661e-05,0.0005116885941
7278.0,1.880332861e-06,5.527722737e-06,1.322062645e-05,1.791562835e-05,0.0005357067859
7279.0,1.983426799e-06,5.631808183e-06,1.355899984e-05,1.811427738e-05,0.0005728247147
7280.0,2.025818993e-06,5.802963624e-06,1.380242346e-05,1.809110824e-05,0.0005742296993
7281.0,1.960057609e-06,5.784476583e-06,1.345133135e-05,1.777107785e-05,0.0005471884771
7282.0,1.886641315e-06,5.559731527e-06,1.319850428e-05,1.762956503e-05,0.0005147721041
7283.0,1.922695682e-06,5.545387763e-06,1.336326862e-05,1.817263495e-05,0.0005093153756
7284.0,2.015680142e-06,5.68399588e-06,1.362875568e-05,1.863940399e-05,0.0005059834884
7285.0,2.010473087e-06,5.829069422e-06,1.357825598e-05,1.848903143e-05,0.0005060974673
7286.0,1.926708082e-06,5.692893742e-06,1.320214174e-05,1.803482652e-05,0.0005084988832
7287.0,1.885210516e-06,5.537340131e-06,1.321533954e-05,1.802218164e-05,0.0005383442615
7288.0,1.978431793e-06,5.62864739e-06,1.356496525e-05,1.834488535e-05,0.000571033363
7289.0,2.032283739e-06,5.799493733e-06,1.379640903e-05,1.847307766e-05,0.0005763047634
7290.0,1.968919766e-06,5.787185803e-06,1.345308933e-05,1.821444158e-05,0.0005494638066
7291.0,1.882231903e-06,5.546130327e-06,1.314419363e-05,1.783190953e-05,0.0005212762668
7292.0,1.900659254e-06,5.497010264e-06,1.323560854e-05,1.793444895e-05,0.0005067253468
7293.0,2.005907559e-06,5.634792344e-06,1.356207983e-05,1.837311298e-05,0.0005042508148
7294.0,2.017972798e-06,5.816437711e-06,1.365004146e-05,1.826764008e-05,0.0005004202591
7295.0,1.938577776e-06,5.707636652e-06,1.325054986e-05,1.78124307e-05,0.000512053109
7296.0,1.896313483e-06,5.571701738e-06,1.327317329e-05,1.773532766e-05,0.0005331963165
7297.0,1.976626705e-06,5.641486791e-06,1.360135376e-05,1.828187312e-05,0.000569117034
7298.0,2.043873313e-06,5.808834974e-06,1.386528058e-05,1.847230368e-05,0.0005747436875
7299.0,1.988366107e-06,5.821419681e-06,1.352769155e-05,1.842337615e-05,0.0005555803791
7300.0,1.897566739e-06,5.580839531e-06,1.320285089e-05,1.817293284e-05,0.0005228794218
7301.0,1.897390174e-06,5.504028272e-06,1.325211628e-05,1.817974908e-05,0.0005091511794
7302.0,2.000467786e-06,5.622055487e-06,1.353834459e-05,1.828042631e-05,0.0005034174871
7303.0,2.014420071e-06,5.811737687e-06,1.36332773e-05,1.81823876e-05,0.0005053240141
7304.0,1.94149507e-06,5.75027223e-06,1.327982732e-05,1.769821579e-05,0.0005088490687
7305.0,1.894136476e-06,5.58230375e-06,1.322923545e-05,1.753512124e-05,0.0005300341028
7306.0,1.970292491e-06,5.644559697e-06,1.358420178e-05,1.806244906e-05,0.0005631616652
7307.0,2.046763185e-06,5.802967059e-06,1.385476252e-05,1.848303882e-05,0.0005807024549
7308.0,2.009380778e-06,5.873933923e-06,1.365379566e-05,1.849554135e-05,0.0005582640077
7309.0,1.906838722e-06,5.608553045e-06,1.322299969e-05,1.829170993e-05,0.0005236954766
7310.0,1.888076484e-06,5.491915346e-06,1.32031612e-05,1.841124677e-05,0.0005050353056
7311.0,1.984024669e-06,5.589744737e-06,1.341496605e-05,1.861209713e-05,0.0005058517436
7312.0,2.009528354e-06,5.789387247e-06,1.358033205e-05,1.851589243e-05,0.0005025745749
7313.0,1.94111715e-06,5.742373708e-06,1.322521573e-05,1.789346833e-05,0.0005063440351
7314.0,1.882807296e-06,5.55383434e-06,1.31333978e-05,1.758657549e-05,0.0005218596481
7315.0,1.954291215e-06,5.601386226e-06,1.347401605e-05,1.791096895e-05,0.000562252635
7316.0,2.040619791e-06,5.780229138e-06,1.384636126e-05,1.830204179e-05,0.0005781592961
7317.0,2.014360243e-06,5.883008906e-06,1.370675532e-05,1.834051798e-05,0.000559993451
7318.0,1.916928014e-06,5.649729399e-06,1.326940067e-05,1.82262066e-05,0.0005244049054
7319.0,1.893564158e-06,5.524293141e-06,1.324168003e-05,1.847166007e-05,0.0005104514293
7320.0,1.98753295e-06,5.617889277e-06,1.345711851e-05,1.887877154e-05,0.0005052739303
7321.0,2.021939606e-06,5.791787531e-06,1.361290704e-05,1.882203009e-05,0.000503396109
7322.0,1.951815702e-06,5.767838099e-06,1.325704525e-05,1.839348959e-05,0.0005025350168
7323.0,1.880608628e-06,5.562788744e-06,1.310846888e-05,1.791290662e-05,0.0005251526357
7324.0,1.940711684e-06,5.592267344e-06,1.343589976e-05,1.799545037e-05,0.000559472531
7325.0,2.037871718e-06,5.769988764e-06,1.383886837e-05,1.821771516e-05,0.0005763895878
7326.0,2.02067892e-06,5.89785347e-06,1.375893875e-05,1.815219466e-05,0.0005584350245
7327.0,1.927304912e-06,5.68423196e-06,1.333885026e-05,1.794451418e-05,0.0005301704927
7328.0,1.896230821e-06,5.540703033e-06,1.326101374e-05,1.819669531e-05,0.0005098087052
7329.0,1.985614189e-06,5.625290718e-06,1.349246472e-05,1.880043394e-05,0.0005063504027
7330.0,2.027235994e-06,5.792336539e-06,1.36362195e-05,1.89249873e-05,0.0005006060754
7331.0,1.968310497e-06,5.788375367e-06,1.329485086e-05,1.851601048e-05,0.0005072311191
7332.0,1.891286592e-06,5.573267717e-06,1.313231357e-05,1.808672543e-05,0.0005213673994
7333.0,1.926455544e-06,5.575922373e-06,1.337534094e-05,1.814325419e-05,0.0005567505886
7334.0,2.028461444e-06,5.718293711e-06,1.373257065e-05,1.831265046e-05,0.0005743493905
7335.0,2.014180105e-06,5.865805436e-06,1.369566078e-05,1.832180805e-05,0.0005639899701
7336.0,1.920354048e-06,5.68425558e-06,1.327075237e-05,1.791897812e-05,0.0005296848692
7337.0,1.886550813e-06,5.525945968e-06,1.320552487e-05,1.802487104e-05,0.0005089055401
7338.0,1.976471597e-06,5.603592053e-06,1.345182815e-05,1.84144519e-05,0.0005014696594
7339.0,2.025995065e-06,5.761409267e-06,1.364966009e-05,1.855299949e-05,0.000503079466
7340.0,1.977054663e-06,5.808186179e-06,1.336099167e-05,1.818291767e-05,0.0005025152817
7341.0,1.897488761e-06,5.587688477e-06,1.312192436e-05,1.783063611e-05,0.0005188190182
7342.0,1.930683783e-06,5.587128326e-06,1.341968041e-05,1.810931458e-05,0.0005492475948
7343.0,2.026165314e-06,5.715990067e-06,1.370934195e-05,1.842347738e-05,0.000576599103
7344.0,2.02096367e-06,5.855966531e-06,1.370097996e-05,1.844678415e-05,0.0005651761225
7345.0,1.926553346e-06,5.695505271e-06,1.326917399e-05,1.822071283e-05,0.0005317627814
7346.0,1.878448996e-06,5.531078803e-06,1.317680858e-05,1.811865781e-05,0.0005055781908
7347.0,1.964886859e-06,5.582162478e-06,1.338872918e-05,1.835429213e-05,0.0005062445632
7348.0,2.022986097e-06,5.745300751e-06,1.364784771e-05,1.85093795e-05,0.0005017205049
7349.0,1.97318582e-06,5.793371731e-06,1.336077316e-05,1.81156226e-05,0.0005027808873
7350.0,1.900944526e-06,5.617385345e-06,1.31668883e-05,1.763318619e-05,0.0005114190852
7351.0,1.920385891e-06,5.574062145e-06,1.336366812e-05,1.789608495e-05,0.0005487036357
7352.0,2.023930145e-06,5.704169829e-06,1.370413961e-05,1.838851787e-05,0.0005744426399
7353.0,2.02911321e-06,5.852262542e-06,1.373240988e-05,1.846275077e-05,0.0005651995822
7354.0,1.943388176e-06,5.717598152e-06,1.332033659e-05,1.830539366e-05,0.000531322129
7355.0,1.881322317e-06,5.521143462e-06,1.31548155e-05,1.825071308e-05,0.0005094993516
7356.0,1.947893157e-06,5.568293554e-06,1.33558654e-05,1.850676323e-05,0.0005032476911
7357.0,2.016146289e-06,5.723597867e-06,1.360277368e-05,1.860737643e-05,0.0005009066204
7358.0,1.976749911e-06,5.816653757e-06,1.336923163e-05,1.8263147e-05,0.0004968190209
7359.0,1.896672918e-06,5.62132775e-06,1.31133593e-05,1.777912995e-05,0.0005134678663
7360.0,1.911386486e-06,5.566764827e-06,1.33236461e-05,1.784118486e-05,0.0005447870814
7361.0,2.018556316e-06,5.690589012e-06,1.369456848e-05,1.827626297e-05,0.0005720664007
7362.0,2.034675196e-06,5.860730054e-06,1.379432764e-05,1.832614287e-05,0.0005637758103
7363.0,1.951715851e-06,5.745078492e-06,1.335572957e-05,1.813993177e-05,0.0005356026051
7364.0,1.890312534e-06,5.541161352e-06,1.319054815e-05,1.8181059e-05,0.0005078644822
7365.0,1.950791169e-06,5.576922711e-06,1.340346411e-05,1.862232932e-05,0.0005035015202
7366.0,2.023411594e-06,5.731394719e-06,1.362757148e-05,1.87955113e-05,0.0004974958188
7367.0,1.990829488e-06,5.836983432e-06,1.342599417e-05,1.851117567e-05,0.0004996950083
7368.0,1.897240168e-06,5.638019683e-06,1.308778532e-05,1.7964501e-05,0.0005086877391
7369.0,1.89671848e-06,5.546098454e-06,1.325116733e-05,1.787385948e-05,0.0005404816531
7370.0,2.008690195e-06,5.672954542e-06,1.362331576e-05,1.812677834e-05,0.0005663020386
7371.0,2.035778568e-06,5.847315931e-06,1.379396726e-05,1.822344141e-05,0.0005659816756
7372.0,1.957617356e-06,5.767698224e-06,1.340144553e-05,1.796868889e-05,0.0005368417738
7373.0,1.893924135e-06,5.557777637e-06,1.322629881e-05,1.795605223e-05,0.000509485858
7374.0,1.942663647e-06,5.555661523e-06,1.335640616e-05,1.841888686e-05,0.0004979770546
7375.0,2.02495542e-06,5.697958366e-06,1.360653768e-05,1.879064069e-05,0.0004997498653
7376.0,2.002184809e-06,5.838366075e-06,1.348550483e-05,1.850915319e-05,0.0004980615213
7377.0,1.914147844e-06,5.664427097e-06,1.31518732e-05,1.79514439e-05,0.0005088251012
7378.0,1.895129371e-06,5.554078708e-06,1.326400828e-05,1.79236457e-05,0.0005333781716
7379.0,1.997564303e-06,5.670636085e-06,1.359099907e-05,1.826747052e-05,0.0005670216526
7380.0,2.036948791e-06,5.834908316e-06,1.376536836e-05,1.840555932e-05,0.0005677163406
7381.0,1.963425375e-06,5.781434783e-06,1.338291294e-05,1.823552905e-05,0.000539428702
7382.0,1.884275113e-06,5.558199053e-06,1.316614562e-05,1.805370164e-05,0.0005081214035
7383.0,1.929119114e-06,5.548894131e-06,1.330206896e-05,1.835203958e-05,0.0005037081347
7384.0,2.019989304e-06,5.689954321e-06,1.35741878e-05,1.866137691e-05,0.0004983925888
7385.0,2.007786652e-06,5.835824707e-06,1.352227347e-05,1.84033564e-05,0.0004983244031
7386.0,1.920097928e-06,5.686119264e-06,1.31476924e-05,1.77908609e-05,0.0005018829616
7387.0,1.893609834e-06,5.555576646e-06,1.320466769e-05,1.776333244e-05,0.0005324236938
7388.0,1.987144426e-06,5.666472482e-06,1.357443465e-05,1.817067839e-05,0.000566308125
7389.0,2.034187858e-06,5.835365757e-06,1.378454125e-05,1.834142429e-05,0.00057020377
7390.0,1.9706445e-06,5.798188914e-06,1.340057401e-05,1.82764411e-05,0.0005412095277
7391.0,1.886254479e-06,5.554725575e-06,1.311273253e-05,1.813319077e-05,0.0005124801878
7392.0,1.911996121e-06,5.535570497e-06,1.325763057e-05,1.830670307e-05,0.0005017008397
7393.0,2.013719395e-06,5.6710072e-06,1.354845775e-05,1.859053777e-05,0.0004992244278
7394.0,2.008108728e-06,5.823370479e-06,1.353177183e-05,1.840449827e-05,0.0004955486715
7395.0,1.924129295e-06,5.697915277e-06,1.316431198e-05,1.782631133e-05,0.0005056971309
7396.0,1.889876226e-06,5.554771976e-06,1.318939023e-05,1.765791129e-05,0.0005288509284
7397.0,1.982936285e-06,5.648002512e-06,1.35511913e-05,1.812500379e-05,0.0005624837659
7398.0,2.038703465e-06,5.817018751e-06,1.379483495e-05,1.836144863e-05,0.0005651729858
7399.0,1.982889927e-06,5.824453212e-06,1.347903537e-05,1.819205524e-05,0.0005443493449
7400.0,1.892856199e-06,5.583327098e-06,1.315603195e-05,1.812840309e-05,0.0005124473754
7401.0,1.903490463e-06,5.537338995e-06,1.325045011e-05,1.844781133e-05,0.0005005248854
7402.0,2.001385455e-06,5.652654801e-06,1.347817435e-05,1.879341495e-05,0.0004954798223
7403.0,2.007464886e-06,5.806436347e-06,1.351112492e-05,1.865621512e-05,0.000496960269
7404.0,1.925838583e-06,5.699303133e-06,1.314180352e-05,1.801492534e-05,0.0005008371387
7405.0,1.881679036e-06,5.541797255e-06,1.314995093e-05,1.777731381e-05,0.0005246111012
7406.0,1.96822782e-06,5.602886242e-06,1.348608636e-05,1.812628747e-05,0.0005574499591
7407.0,2.036792831e-06,5.772568071e-06,1.380390124e-05,1.833376565e-05,0.0005684145814
7408.0,1.986944432e-06,5.824035376e-06,1.352546883e-05,1.812650108e-05,0.0005448676507
7409.0,1.897390975e-06,5.584791976e-06,1.318475927e-05,1.792366158e-05,0.0005136081596
7410.0,1.900366559e-06,5.514000413e-06,1.324956879e-05,1.836380183e-05,0.0004983636593
7411.0,2.003574181e-06,5.648797769e-06,1.351172298e-05,1.890877189e-05,0.0004999794031
7412.0,2.019626978e-06,5.820671522e-06,1.358091634e-05,1.890374076e-05,0.0004951847822
7413.0,1.933666424e-06,5.713466857e-06,1.316747552e-05,1.836111555e-05,0.0005002060711
7414.0,1.881800926e-06,5.548987518e-06,1.31543586e-05,1.81066022e-05,0.0005196092633
7415.0,1.959594957e-06,5.591197425e-06,1.345735386e-05,1.82614903e-05,0.000559653298
7416.0,2.035530602e-06,5.750382505e-06,1.378315795e-05,1.845114297e-05,0.0005707330589
7417.0,1.997496646e-06,5.840986488e-06,1.358972435e-05,1.826945827e-05,0.0005480538088
7418.0,1.904278079e-06,5.619980546e-06,1.322939611e-05,1.792923477e-05,0.0005139038366
7419.0,1.896221989e-06,5.520468676e-06,1.323739276e-05,1.816186652e-05,0.0005023921806
7420.0,1.993919625e-06,5.624324272e-06,1.349062914e-05,1.86689979e-05,0.0004982763829
7421.0,2.017013805e-06,5.791408051e-06,1.356390466e-05,1.868297315e-05,0.0004961749469
7422.0,1.947874031e-06,5.747326915e-06,1.322061917e-05,1.828452549e-05,0.0004983678455
7423.0,1.886325416e-06,5.569913766e-06,1.315063531e-05,1.800484936e-05,0.0005209748116
7424.0,1.948864188e-06,5.615291277e-06,1.34686686e-05,1.828076883e-05,0.0005550390026
7425.0,2.03820199e-06,5.764131953e-06,1.378001514e-05,1.858874134e-05,0.0005709096997
7426.0,2.007098735e-06,5.848409221e-06,1.362822055e-05,1.846348905e-05,0.000551118144
7427.0,1.906669099e-06,5.634795836e-06,1.322471585e-05,1.813650156e-05,0.0005205848564
7428.0,1.887100273e-06,5.515673467e-06,1.320193461e-05,1.824576511e-05,0.0005018837607
7429.0,1.984356761e-06,5.608779863e-06,1.34546868e-05,1.855154628e-05,0.0005000210996
7430.0,2.020968027e-06,5.788748143e-06,1.364429425e-05,1.857104504e-05,0.0004948646484
7431.0,1.958638623e-06,5.779884996e-06,1.32806259e-05,1.811980657e-05,0.0005012908347
7432.0,1.893770073e-06,5.58158189e-06,1.315847158e-05,1.788987092e-05,0.000517490519
7433.0,1.942817653e-06,5.624744625e-06,1.347995762e-05,1.81922137e-05,0.0005533004233
7434.0,2.036208896e-06,5.779064371e-06,1.378287094e-05,1.858040826e-05,0.0005703396762
7435.0,2.017708724e-06,5.865296177e-06,1.364959628e-05,1.860426766e-05,0.0005567409814
7436.0,1.914678535e-06,5.638447106e-06,1.323263976e-05,1.841936267e-05,0.0005225864013
7437.0,1.882369146e-06,5.502651956e-06,1.318778333e-05,1.840060947e-05,0.0005034076052
7438.0,1.978124158e-06,5.584559885e-06,1.340989616e-05,1.864004483e-05,0.0004978035923
7439.0,2.02286624e-06,5.770874045e-06,1.364420998e-05,1.86305098e-05,0.0004981161524
7440.0,1.965714538e-06,5.793674391e-06,1.333872756e-05,1.818213416e-05,0.0004986785768
7441.0,1.895637906e-06,5.597001027e-06,1.317124697e-05,1.772115685e-05,0.0005162079339
7442.0,1.938963963e-06,5.605223342e-06,1.346836152e-05,1.798846868e-05,0.0005479140686
7443.0,2.032223866e-06,5.743514689e-06,1.377321525e-05,1.84538004e-05,0.0005709429223
7444.0,2.024687416e-06,5.874566908e-06,1.370934865e-05,1.848764722e-05,0.0005577063507
7445.0,1.931801417e-06,5.672260923e-06,1.329684306e-05,1.838185528e-05,0.0005264398024
7446.0,1.883508194e-06,5.503560826e-06,1.319514605e-05,1.844836459e-05,0.0005032496648
7447.0,1.974649615e-06,5.588932677e-06,1.343167153e-05,1.879991263e-05,0.0005015832544
7448.0,2.026037249e-06,5.76384827e-06,1.367346226e-05,1.890540489e-05,0.0004986798178
7449.0,1.968094658e-06,5.789091948e-06,1.332068324e-05,1.849179642e-05,0.0005006021608
7450.0,1.891271129e-06,5.59282849e-06,1.313658444e-05,1.796036434e-05,0.0005131683987
7451.0,1.922468845e-06,5.560747587e-06,1.336599388e-05,1.801110443e-05,0.0005499979608
7452.0,2.023929605e-06,5.708319334e-06,1.37441865e-05,1.842303075e-05,0.0005736705775
7453.0,2.027682639e-06,5.875873425e-06,1.37850217e-05,1.836865421e-05,0.0005634400734
7454.0,1.936893913e-06,5.706482173e-06,1.332610604e-05,1.816868937e-05,0.000529473157
7455.0,1.883406329e-06,5.517264964e-06,1.319683419e-05,1.826881896e-05,0.0005078377356
7456.0,1.960355314e-06,5.587445304e-06,1.341326084e-05,1.88059753e-05,0.0005019564101
7457.0,2.024101595e-06,5.748167017e-06,1.363973801e-05,1.893485966e-05,0.0005010497904
7458.0,1.983131925e-06,5.809814197e-06,1.33990637e-05,1.864396672e-05,0.0005005321568
7459.0,1.89576437e-06,5.597638389e-06,1.313307816e-05,1.818430022e-05,0.0005153361378
7460.0,1.915090399e-06,5.548079269e-06,1.335609504e-05,1.81404319e-05,0.0005474096799
7461.0,2.024247121e-06,5.691104612e-06,1.373715222e-05,1.842708281e-05,0.0005740127461
7462.0,2.033339645e-06,5.871275375e-06,1.384026887e-05,1.852483342e-05,0.0005642918473
7463.0,1.94302184e-06,5.740883094e-06,1.336731108e-05,1.819225388e-05,0.0005364514849
7464.0,1.891410878e-06,5.545972737e-06,1.324214836e-05,1.814265808e-05,0.0005099658878
7465.0,1.959287828e-06,5.592999193e-06,1.344180135e-05,1.853291164e-05,0.0005056199685
7466.0,2.026657268e-06,5.754539478e-06,1.366438032e-05,1.883080171e-05,0.0005002373848
7467.0,1.990660223e-06,5.831343332e-06,1.344227395e-05,1.850314998e-05,0.0005029653429
7468.0,1.902536044e-06,5.632412742e-06,1.31653374e-05,1.810288509e-05,0.0005129412609
7469.0,1.908286253e-06,5.548308143e-06,1.331680577e-05,1.811233124e-05,0.0005470622532
7470.0,2.016957879e-06,5.684021618e-06,1.369066549e-05,1.840525984e-05,0.0005724971809
7471.0,2.033985684e-06,5.849466581e-06,1.383084316e-05,1.850815425e-05,0.0005705687723
7472.0,1.950017942e-06,5.757784445e-06,1.341837005e-05,1.828401249e-05,0.0005385877405
7473.0,1.886544919e-06,5.561229177e-06,1.322235315e-05,1.820006825e-05,0.0005122410911
7474.0,1.951456186e-06,5.593817186e-06,1.342958234e-05,1.854376815e-05,0.0005046886732
7475.0,2.029670336e-06,5.743711275e-06,1.369208483e-05,1.87456121e-05,0.000505328127
7476.0,1.996916584e-06,5.850073533e-06,1.351895964e-05,1.845936189e-05,0.0005036349967
7477.0,1.911817154e-06,5.657474706e-06,1.31959127e-05,1.804530258e-05,0.000515969957
7478.0,1.90337664e-06,5.566731567e-06,1.332931672e-05,1.807523383e-05,0.0005434038077
7479.0,2.008475278e-06,5.672288626e-06,1.365749861e-05,1.84183145e-05,0.0005758532889
7480.0,2.039727782e-06,5.8432201e-06,1.383652274e-05,1.851495572e-05,0.0005724361519
7481.0,1.954804807e-06,5.754544249e-06,1.341923761e-05,1.837010287e-05,0.0005430536482
7482.0,1.882331123e-06,5.53906363e-06,1.319604654e-05,1.821346983e-05,0.0005129548893
7483.0,1.937369982e-06,5.546635383e-06,1.334223694e-05,1.863005231e-05,0.000507968049
7484.0,2.022760368e-06,5.697917809e-06,1.362399348e-05,1.890357422e-05,0.0005034733108
7485.0,1.998075115e-06,5.825049973e-06,1.348806467e-05,1.861808852e-05,0.0005030625599
7486.0,1.917375757e-06,5.678542584e-06,1.321727844e-05,1.806896049e-05,0.0005112777173
7487.0,1.900992431e-06,5.576088978e-06,1.332389111e-05,1.811151577e-05,0.0005432108285
7488.0,1.995356597e-06,5.662597189e-06,1.363113961e-05,1.845332334e-05,0.0005737226025
7489.0,2.031608766e-06,5.825607248e-06,1.380402879e-05,1.856090166e-05,0.0005726316105
7490.0,1.96035906e-06,5.776402549e-06,1.341213247e-05,1.840646215e-05,0.0005426119916
7491.0,1.876270845e-06,5.524926278e-06,1.314157257e-05,1.829337004e-05,0.0005147023531
7492.0,1.922866678e-06,5.52600271e-06,1.330984699e-05,1.856621969e-05,0.0005043303984
7493.0,2.01374633e-06,5.663826408e-06,1.358909853e-05,1.882291357e-05,0.000503314275
7494.0,2.002976074e-06,5.820595519e-06,1.352989275e-05,1.853445622e-05,0.0005010791686
7495.0,1.919971655e-06,5.684167082e-06,1.319413727e-05,1.795338057e-05,0.0005116580072
7496.0,1.897633499e-06,5.565335638e-06,1.329299451e-05,1.795876611e-05,0.0005382794977
7497.0,1.989591074e-06,5.653645828e-06,1.362364831e-05,1.847586002e-05,0.0005707268894
7498.0,2.037150583e-06,5.826152986e-06,1.382440442e-05,1.864234138e-05,0.0005713682556
7499.0,1.968127958e-06,5.793952612e-06,1.344490699e-05,1.842383086e-05,0.0005463902526
7500.0,1.884428729e-06,5.554894358e-06,1.31682136e-05,1.836795142e-05,0.0005160352666
7501.0,1.906515954e-06,5.513851556e-06,1.326182568e-05,1.851970452e-05,0.0005056907498
7502.0,2.001501356e-06,5.640981976e-06,1.35206414e-05,1.870952366e-05,0.000500700249
7503.0,1.996395013e-06,5.785902392e-06,1.348536064e-05,1.837904822e-05,0.0005027253004
7504.0,1.914245639e-06,5.666938719e-06,1.312444466e-05,1.780870895e-05,0.0005089565568
7505.0,1.88996285e-06,5.546967388e-06,1.321490226e-05,1.774571304e-05,0.0005353490911
7506.0,1.983815784e-06,5.635711092e-06,1.359015793e-05,1.816890084e-05,0.0005680245113
7507.0,2.038449997e-06,5.793355037e-06,1.384951492e-05,1.854188833e-05,0.0005763389193
7508.0,1.978439622e-06,5.803582677e-06,1.350980533e-05,1.831714989e-05,0.000549204326
7509.0,1.889756768e-06,5.562385192e-06,1.319304506e-05,1.821539208e-05,0.0005186631917
7510.0,1.898930057e-06,5.498908415e-06,1.324260858e-05,1.861043584e-05,0.0005029738291
7511.0,1.998805915e-06,5.638966116e-06,1.349489511e-05,1.886532171e-05,0.0005040746609
7512.0,2.003484043e-06,5.791636534e-06,1.351351335e-05,1.86294598e-05,0.0005007900819
7513.0,1.923155022e-06,5.679487001e-06,1.314184287e-05,1.804601081e-05,0.0005072561396
7514.0,1.880858298e-06,5.52763245e-06,1.315799197e-05,1.776269748e-05,0.0005294034129
7515.0,1.977072383e-06,5.612298571e-06,1.354542445e-05,1.809883056e-05,0.0005677604788
7516.0,2.037641076e-06,5.784151486e-06,1.386121453e-05,1.828069703e-05,0.0005756736596
7517.0,1.994674372e-06,5.848602028e-06,1.361860993e-05,1.810028223e-05,0.0005507652759
7518.0,1.902762969e-06,5.592248732e-06,1.325416545e-05,1.795092685e-05,0.0005175986253
7519.0,1.912089381e-06,5.536236867e-06,1.334273027e-05,1.837888527e-05,0.0005075768658
7520.0,2.006335733e-06,5.651849457e-06,1.35608581e-05,1.892263491e-05,0.000503065578
7521.0,2.01458712e-06,5.813350536e-06,1.357868211e-05,1.883524143e-05,0.0005021040894
7522.0,1.936879758e-06,5.710501595e-06,1.319251213e-05,1.835356469e-05,0.0005040994567
7523.0,1.883263404e-06,5.524696964e-06,1.313361056e-05,1.802842088e-05,0.0005307242235
7524.0,1.960074347e-06,5.583185305e-06,1.347605832e-05,1.813390343e-05,0.0005651323677
7525.0,2.037026485e-06,5.770361255e-06,1.382225373e-05,1.819964061e-05,0.0005748338251
7526.0,1.997928547e-06,5.843626926e-06,1.362387025e-05,1.808513931e-05,0.0005512732154
7527.0,1.906865166e-06,5.61085254e-06,1.326426016e-05,1.797856457e-05,0.0005224364378
7528.0,1.908116421e-06,5.532975808e-06,1.333679269e-05,1.837530269e-05,0.0005062063994
7529.0,2.004426202e-06,5.626165651e-06,1.35557425e-05,1.888452431e-05,0.0005046037165
7530.0,2.029259175e-06,5.810938536e-06,1.367553417e-05,1.88928586e-05,0.0005001042454
7531.0,1.955620179e-06,5.757269315e-06,1.329546976e-05,1.841159064e-05,0.0005092027388
7532.0,1.896791629e-06,5.568069869e-06,1.321517485e-05,1.813539948e-05,0.0005270476773
7533.0,1.958305502e-06,5.6019923e-06,1.347974293e-05,1.832082044e-05,0.0005632144226
7534.0,2.038530482e-06,5.761047166e-06,1.376623182e-05,1.856250229e-05,0.0005752356532
7535.0,2.004513164e-06,5.851144988e-06,1.360087128e-05,1.836996088e-05,0.0005599364359
7536.0,1.910177372e-06,5.631689506e-06,1.323801406e-05,1.816339846e-05,0.0005254103331
7537.0,1.893201653e-06,5.513213812e-06,1.323593803e-05,1.8350802e-05,0.0005076852032
7538.0,2.000115133e-06,5.631555973e-06,1.355528734e-05,1.864169373e-05,0.0005022727574
7539.0,2.035310442e-06,5.814518518e-06,1.375117195e-05,1.864308588e-05,0.0005052089002
7540.0,1.966046619e-06,5.792724111e-06,1.337854986e-05,1.82118162e-05,0.0005068233197
7541.0,1.902346037e-06,5.602292319e-06,1.32530306e-05,1.791051903e-05,0.0005266874417
7542.0,1.949125291e-06,5.605411444e-06,1.347834829e-05,1.823302394e-05,0.0005599992526
7543.0,2.036439548e-06,5.750178491e-06,1.376003216e-05,1.860839271e-05,0.0005820404122
7544.0,2.009894431e-06,5.855887306e-06,1.360646127e-05,1.857338906e-05,0.0005637626431
7545.0,1.914690394e-06,5.64151074e-06,1.321199393e-05,1.830934228e-05,0.0005296123727
7546.0,1.887904689e-06,5.509345366e-06,1.320803494e-05,1.828258724e-05,0.0005069953991
7547.0,1.982468961e-06,5.590701268e-06,1.346194244e-05,1.857004245e-05,0.0005058124319
7548.0,2.025181208e-06,5.792793859e-06,1.370016281e-05,1.854901891e-05,0.0005026165547
7549.0,1.963926036e-06,5.793561509e-06,1.335395834e-05,1.805822465e-05,0.000506278639
7550.0,1.898565667e-06,5.613563859e-06,1.325308556e-05,1.777223518e-05,0.0005197868147
7551.0,1.947203763e-06,5.613428163e-06,1.352640317e-05,1.81619685e-05,0.0005612360744
7552.0,2.040230237e-06,5.766797654e-06,1.385681905e-05,1.854450392e-05,0.0005818358781
7553.0,2.020214815e-06,5.866341437e-06,1.370698991e-05,1.852267034e-05,0.0005656506863
7554.0,1.92932145e-06,5.673937029e-06,1.328897134e-05,1.830437158e-05,0.0005301138091
7555.0,1.891332393e-06,5.517997678e-06,1.321590665e-05,1.841096116e-05,0.0005125663787
7556.0,1.976217852e-06,5.598618019e-06,1.344584601e-05,1.877245069e-05,0.0005064553017
7557.0,2.022241628e-06,5.760738794e-06,1.36205675e-05,1.877983397e-05,0.0005040662139
7558.0,1.967740455e-06,5.802425764e-06,1.333368782e-05,1.84026349e-05,0.0005016598962
7559.0,1.889303424e-06,5.591005199e-06,1.313387191e-05,1.782953734e-05,0.0005212368216
7560.0,1.925429336e-06,5.591727825e-06,1.342441733e-05,1.795748811e-05,0.0005559633574
7561.0,2.028165359e-06,5.734230619e-06,1.378267833e-05,1.820761015e-05,0.0005787935983
7562.0,2.022197364e-06,5.860046476e-06,1.37540627e-05,1.822065437e-05,0.0005641695157
7563.0,1.929298673e-06,5.677880799e-06,1.327886168e-05,1.804051236e-05,0.0005347460428
7564.0,1.886456548e-06,5.520766629e-06,1.320994489e-05,1.818541126e-05,0.0005103228154
7565.0,1.964637742e-06,5.586069935e-06,1.341147221e-05,1.865967664e-05,0.0005050078096
7566.0,2.022198633e-06,5.745118079e-06,1.36051907e-05,1.887427314e-05,0.0004995821433
7567.0,1.974891869e-06,5.800197607e-06,1.331918873e-05,1.856595542e-05,0.00050389444
7568.0,1.891599762e-06,5.587234498e-06,1.310681034e-05,1.798393374e-05,0.0005170928073
7569.0,1.908320677e-06,5.536980471e-06,1.330745919e-05,1.797657601e-05,0.0005520258985
7570.0,2.019940126e-06,5.687895036e-06,1.37096802e-05,1.820662846e-05,0.0005737631859
7571.0,2.019121596e-06,5.847257e-06,1.375787923e-05,1.819541272e-05,0.0005674138991
7572.0,1.928569346e-06,5.700502988e-06,1.331562262e-05,1.793265203e-05,0.0005350746555
7573.0,1.878750488e-06,5.513812919e-06,1.31732353e-05,1.797298909e-05,0.0005112229265
7574.0,1.953414574e-06,5.559106607e-06,1.335831562e-05,1.849730097e-05,0.0005028426914
7575.0,2.020945261e-06,5.7273493e-06,1.360789797e-05,1.87425809e-05,0.0005030341243
7576.0,1.993185027e-06,5.82972491e-06,1.34446323e-05,1.842518572e-05,0.000501893754
7577.0,1.907539804e-06,5.616630309e-06,1.31394616e-05,1.802486997e-05,0.0005145433211
7578.0,1.908162565e-06,5.552964555e-06,1.332208193e-05,1.808277325e-05,0.0005444946517
7579.0,2.015545042e-06,5.680221168e-06,1.365900886e-05,1.841924766e-05,0.0005754230017
7580.0,2.025383029e-06,5.833059214e-06,1.372804617e-05,1.855142646e-05,0.0005681944373
7581.0,1.936071305e-06,5.719346184e-06,1.330009771e-05,1.833774603e-05,0.0005369989526
7582.0,1.874074853e-06,5.505950128e-06,1.314620285e-05,1.817700729e-05,0.0005091976458
7583.0,1.940301543e-06,5.542330471e-06,1.333145164e-05,1.841685286e-05,0.0005053296077
7584.0,2.019964395e-06,5.712342356e-06,1.364684328e-05,1.849366526e-05,0.0005005156123
7585.0,1.990567645e-06,5.820235898e-06,1.345156216e-05,1.816224134e-05,0.0005013827956
7586.0,1.910794546e-06,5.643439172e-06,1.317507818e-05,1.76642401e-05,0.0005082792191
7587.0,1.910201301e-06,5.555788725e-06,1.331533557e-05,1.788989803e-05,0.0005433399896
7588.0,2.015669383e-06,5.686766628e-06,1.369596941e-05,1.840622223e-05,0.0005725834097
7589.0,2.038706912e-06,5.843223363e-06,1.37852544e-05,1.869754005e-05,0.0005691001098
7590.0,1.956507362e-06,5.75339066e-06,1.335791137e-05,1.858554757e-05,0.0005380576622
7591.0,1.882280686e-06,5.52548914e-06,1.313984231e-05,1.839001259e-05,0.0005142410428
7592.0,1.931942916e-06,5.544851869e-06,1.331341384e-05,1.859033e-05,0.0005042623896
7593.0,2.016093332e-06,5.693448644e-06,1.359777288e-05,1.867343013e-05,0.0005016131591
7594.0,1.992683192e-06,5.82200516e-06,1.347014155e-05,1.825221478e-05,0.0004985581335
7595.0,1.910723079e-06,5.648846619e-06,1.314606723e-05,1.759279377e-05,0.000512282095
7596.0,1.895269682e-06,5.541713531e-06,1.323664886e-05,1.758899414e-05,0.0005385593999
7597.0,2.003528814e-06,5.659115979e-06,1.363790126e-05,1.809921576e-05,0.0005689072528
7598.0,2.044114072e-06,5.83431044e-06,1.384059702e-05,1.833563575e-05,0.0005676112367
7599.0,1.97130379e-06,5.769722068e-06,1.341490364e-05,1.822703298e-05,0.0005439908291
7600.0,1.892622796e-06,5.54411385e-06,1.318455808e-05,1.825632581e-05,0.0005142682846
7601.0,1.926150753e-06,5.5376218e-06,1.329934974e-05,1.858030394e-05,0.0005041730338
7602.0,2.013000276e-06,5.676470479e-06,1.353179392e-05,1.886446457e-05,0.0004990057834
7603.0,1.998641968e-06,5.819241747e-06,1.34576204e-05,1.871290908e-05,0.0005008180043
7604.0,1.911612832e-06,5.672936475e-06,1.312373536e-05,1.80175482e-05,0.0005070815926
7605.0,1.888126699e-06,5.550855842e-06,1.320286423e-05,1.764286076e-05,0.0005340103723
7606.0,1.992354178e-06,5.65383964e-06,1.359463816e-05,1.795190051e-05,0.000563842962
7607.0,2.03838946e-06,5.830880146e-06,1.384925481e-05,1.807457616e-05,0.000569707961
7608.0,1.974421215e-06,5.799540845e-06,1.348226241e-05,1.790226383e-05,0.0005429070383
7609.0,1.894891573e-06,5.561596886e-06,1.319302562e-05,1.786737952e-05,0.0005133584054
7610.0,1.920088335e-06,5.536933794e-06,1.329679316e-05,1.8367228e-05,0.0005013276789
7611.0,2.013892653e-06,5.673344924e-06,1.352945547e-05,1.877202254e-05,0.0005014056378
7612.0,2.010233835e-06,5.814466314e-06,1.350042137e-05,1.867895175e-05,0.000497537726
7613.0,1.920975996e-06,5.676201225e-06,1.313035767e-05,1.817637397e-05,0.0005051878581
7614.0,1.884902436e-06,5.531197543e-06,1.314820586e-05,1.786178854e-05,0.0005257323127
7615.0,1.975533104e-06,5.625952936e-06,1.349231808e-05,1.798997239e-05,0.0005622554712
7616.0,2.030447157e-06,5.801088766e-06,1.380605204e-05,1.818548669e-05,0.0005661339871
7617.0,1.973938815e-06,5.815079233e-06,1.348348841e-05,1.795017951e-05,0.0005441280517
7618.0,1.891427682e-06,5.569842485e-06,1.317905196e-05,1.777519388e-05,0.0005110603671
7619.0,1.909763824e-06,5.519455008e-06,1.326508262e-05,1.817761094e-05,0.0005009832741
7620.0,2.012651108e-06,5.667306735e-06,1.355754179e-05,1.865705435e-05,0.0004983135238
7621.0,2.02022377e-06,5.825544833e-06,1.357595808e-05,1.850916594e-05,0.0004980435589
7622.0,1.938827339e-06,5.709798712e-06,1.32030527e-05,1.815942775e-05,0.0004999628766
7623.0,1.888356788e-06,5.542949845e-06,1.316638344e-05,1.796173086e-05,0.000525262152
7624.0,1.97211424e-06,5.620142211e-06,1.348525259e-05,1.824096e-05,0.0005587867107
7625.0,2.037212767e-06,5.790151555e-06,1.378521042e-05,1.837852376e-05,0.0005666271421
7626.0,1.984425002e-06,5.825062385e-06,1.351093578e-05,1.82897714e-05,0.0005414448444
7627.0,1.892603783e-06,5.585102736e-06,1.315691614e-05,1.799753103e-05,0.0005143887733
7628.0,1.905286457e-06,5.527532295e-06,1.324711629e-05,1.823382074e-05,0.0005018235832
7629.0,2.010472968e-06,5.647487812e-06,1.354915126e-05,1.856337971e-05,0.0004989682179
7630.0,2.024259622e-06,5.82172957e-06,1.36294528e-05,1.848485084e-05,0.0004932240842
7631.0,1.953243822e-06,5.739868488e-06,1.325435873e-05,1.799570761e-05,0.0005008908504
7632.0,1.894261721e-06,5.56015859e-06,1.318993972e-05,1.796229141e-05,0.0005199295268
7633.0,1.965958853e-06,5.610397927e-06,1.349171073e-05,1.82855661e-05,0.0005567434101
7634.0,2.042847756e-06,5.783054299e-06,1.377191673e-05,1.861228236e-05,0.0005658142791
7635.0,2.000896641e-06,5.840585731e-06,1.35294547e-05,1.851819074e-05,0.0005481027306
7636.0,1.906024893e-06,5.614782225e-06,1.319727476e-05,1.83294021e-05,0.0005151862679
7637.0,1.895511256e-06,5.518488469e-06,1.322707182e-05,1.832977628e-05,0.0005004303039
7638.0,1.998473564e-06,5.620555247e-06,1.345241516e-05,1.855720779e-05,0.0004966753509
7639.0,2.024328503e-06,5.807368849e-06,1.361289478e-05,1.849230485e-05,0.0004982839364
7640.0,1.955303728e-06,5.770991827e-06,1.328823711e-05,1.799658171e-05,0.0005006597132
7641.0,1.902341965e-06,5.593435162e-06,1.322725423e-05,1.773889014e-05,0.000521347293
7642.0,1.970533742e-06,5.633838759e-06,1.354050302e-05,1.821573484e-05,0.0005536840938
7643.0,2.050915328e-06,5.802196314e-06,1.385277979e-05,1.857907432e-05,0.0005705526243
7644.0,2.019712838e-06,5.896402537e-06,1.366487298e-05,1.84969886e-05,0.0005521962069
7645.0,1.92205695e-06,5.672633496e-06,1.324761237e-05,1.8406072e-05,0.0005196743841
7646.0,1.896192678e-06,5.536641996e-06,1.321825356e-05,1.853947353e-05,0.0005005069826
7647.0,1.991816425e-06,5.619410714e-06,1.343542806e-05,1.880407597e-05,0.000501383788
7648.0,2.020971721e-06,5.78354059e-06,1.356435158e-05,1.873513826e-05,0.0004973121397
7649.0,1.9572384e-06,5.780301151e-06,1.32471684e-05,1.823314321e-05,0.0005018455369
7650.0,1.892171922e-06,5.586421942e-06,1.316056798e-05,1.774555261e-05,0.000515587822
7651.0,1.954800165e-06,5.609183084e-06,1.34641187e-05,1.792733419e-05,0.0005529911121
7652.0,2.042764946e-06,5.766503131e-06,1.380929259e-05,1.83615329e-05,0.0005711523426
7653.0,2.023217611e-06,5.899588405e-06,1.371292856e-05,1.837858141e-05,0.0005547556317
7654.0,1.93048629e-06,5.681274989e-06,1.328477896e-05,1.817363553e-05,0.0005202686441
7655.0,1.902430998e-06,5.556221195e-06,1.325583194e-05,1.849888513e-05,0.0005040023473
7656.0,1.983994709e-06,5.622694907e-06,1.344991002e-05,1.899935215e-05,0.0005000765437
7657.0,2.024397878e-06,5.793171859e-06,1.360158042e-05,1.903391996e-05,0.0004999309949
7658.0,1.964687666e-06,5.79590584e-06,1.326420159e-05,1.854521878e-05,0.0004986781666
7659.0,1.88774739e-06,5.585708332e-06,1.307341508e-05,1.801611782e-05,0.0005181645075
7660.0,1.934122381e-06,5.594627582e-06,1.340191119e-05,1.798468639e-05,0.0005516544977
7661.0,2.03917535e-06,5.740417487e-06,1.379244814e-05,1.817364984e-05,0.0005719989245
7662.0,2.030881189e-06,5.89726264e-06,1.378950127e-05,1.821331736e-05,0.0005567646078
7663.0,1.930690074e-06,5.694637564e-06,1.331109151e-05,1.793401165e-05,0.0005257367032
7664.0,1.900677726e-06,5.550002185e-06,1.324914455e-05,1.815787658e-05,0.0005044284453
7665.0,1.983696519e-06,5.62376785e-06,1.345623992e-05,1.889449609e-05,0.0005022734313
7666.0,2.04101238e-06,5.803314957e-06,1.36932484e-05,1.915534101e-05,0.0004976380261
7667.0,1.982934437e-06,5.820148605e-06,1.335777057e-05,1.873644568e-05,0.0005032473349
7668.0,1.901761997e-06,5.605106977e-06,1.31465482e-05,1.823480199e-05,0.0005176147323
7669.0,1.921294456e-06,5.574877083e-06,1.335341131e-05,1.830469063e-05,0.0005534887271
7670.0,2.028523667e-06,5.727933052e-06,1.372929817e-05,1.849237231e-05,0.0005724724029
7671.0,2.027165487e-06,5.870404808e-06,1.372870031e-05,1.839015152e-05,0.0005626501225
7672.0,1.931367462e-06,5.697580612e-06,1.329659379e-05,1.808353216e-05,0.0005294315473
7673.0,1.889815575e-06,5.54613768e-06,1.324093922e-05,1.808307462e-05,0.0005074111174
7674.0,1.974929422e-06,5.606002221e-06,1.344409098e-05,1.85770641e-05,0.0005009225948
7675.0,2.036464173e-06,5.781752289e-06,1.368959924e-05,1.876355787e-05,0.0005016378072
7676.0,1.990682207e-06,5.85042234e-06,1.341802481e-05,1.846489979e-05,0.0005008371934
7677.0,1.908944599e-06,5.633380106e-06,1.317243357e-05,1.796471475e-05,0.00051509956
7678.0,1.925731267e-06,5.583585683e-06,1.338027372e-05,1.822264348e-05,0.0005459494337
7679.0,2.026977381e-06,5.732331954e-06,1.37268102e-05,1.861541956e-05,0.0005736831946
7680.0,2.034872366e-06,5.888629277e-06,1.376526469e-05,1.865724563e-05,0.0005631780844
7681.0,1.943217936e-06,5.735345879e-06,1.332121499e-05,1.840146042e-05,0.0005318018915
7682.0,1.886415579e-06,5.529939562e-06,1.320849288e-05,1.822148825e-05,0.0005056786758
7683.0,1.96478066e-06,5.584754858e-06,1.341272212e-05,1.851820226e-05,0.0005033700129
7684.0,2.033007534e-06,5.775703396e-06,1.371631172e-05,1.866553958e-05,0.0004995140995
7685.0,1.989841421e-06,5.84298179e-06,1.345412171e-05,1.839015861e-05,0.0005021764844
7686.0,1.910372601e-06,5.655469016e-06,1.319335784e-05,1.790883974e-05,0.0005121293792
7687.0,1.922931522e-06,5.589563701e-06,1.337239326e-05,1.80374946e-05,0.0005479563284
7688.0,2.029785997e-06,5.719927638e-06,1.373100592e-05,1.851160154e-05,0.0005743318056
7689.0,2.038926193e-06,5.872532679e-06,1.379309668e-05,1.86886228e-05,0.0005679635939
7690.0,1.954408764e-06,5.755866509e-06,1.337744251e-05,1.848016751e-05,0.0005345545852
7691.0,1.890748151e-06,5.539449291e-06,1.320937509e-05,1.823261775e-05,0.000509096103
7692.0,1.951820014e-06,5.571350434e-06,1.338658366e-05,1.855196632e-05,0.0005014664097
7693.0,2.025978792e-06,5.736608358e-06,1.362725611e-05,1.873008746e-05,0.000500470724
7694.0,1.989037795e-06,5.834119597e-06,1.342990747e-05,1.841066145e-05,0.0004984324911
7695.0,1.906430521e-06,5.645760593e-06,1.315159681e-05,1.788906637e-05,0.0005144481865
7696.0,1.908005749e-06,5.57209867e-06,1.331091156e-05,1.788885776e-05,0.0005440520238
7697.0,2.019563809e-06,5.695122499e-06,1.367319862e-05,1.839782639e-05,0.0005740712486
7698.0,2.043029685e-06,5.868041848e-06,1.384756528e-05,1.854997546e-05,0.0005677515634
7699.0,1.958157423e-06,5.778624864e-06,1.342114473e-05,1.828875483e-05,0.0005410047942
7700.0,1.889544559e-06,5.554144853e-06,1.321850302e-05,1.815880277e-05,0.0005123396583
7701.0,1.939312988e-06,5.562744999e-06,1.335658732e-05,1.849777271e-05,0.0005055999756
7702.0,2.014959347e-06,5.696146415e-06,1.356902234e-05,1.873737155e-05,0.0004999093537
7703.0,1.98970631e-06,5.817153395e-06,1.34213276e-05,1.849048958e-05,0.0005025568472
7704.0,1.905779784e-06,5.652241258e-06,1.31343796e-05,1.786779855e-05,0.0005097852819
7705.0,1.895006364e-06,5.553459312e-06,1.324812872e-05,1.77638478e-05,0.0005410079809
7706.0,2.004345648e-06,5.666244993e-06,1.3620084e-05,1.817033346e-05,0.0005698568275
7707.0,2.044446082e-06,5.841498406e-06,1.3850657e-05,1.838864112e-05,0.0005715588096
7708.0,1.972355572e-06,5.792688984e-06,1.348408404e-05,1.831278931e-05,0.0005422130493
7709.0,1.893381852e-06,5.563445885e-06,1.322618949e-05,1.81913186e-05,0.0005127699709
7710.0,1.934248493e-06,5.556559564e-06,1.337257362e-05,1.847407119e-05,0.0005023766441
7711.0,2.018331123e-06,5.68955809e-06,1.360063121e-05,1.878582191e-05,0.0005029306476
7712.0,2.004866008e-06,5.847613456e-06,1.354967672e-05,1.853634978e-05,0.000500437327
7713.0,1.915086721e-06,5.682487712e-06,1.317920191e-05,1.800533152e-05,0.0005089363185
7714.0,1.893264589e-06,5.55636824e-06,1.326917658e-05,1.775677275e-05,0.0005350954769
7715.0,1.998896822e-06,5.671665048e-06,1.362257492e-05,1.8144032e-05,0.0005719124545
7716.0,2.046775612e-06,5.841788455e-06,1.386821545e-05,1.837429162e-05,0.0005712027213
7717.0,1.979874774e-06,5.812014608e-06,1.350795219e-05,1.829653508e-05,0.0005452929193
7718.0,1.896935221e-06,5.566258285e-06,1.323016267e-05,1.812659124e-05,0.0005131576803
7719.0,1.921287213e-06,5.532875937e-06,1.329969232e-05,1.850784176e-05,0.0005051368393
7720.0,2.010258876e-06,5.659337202e-06,1.353271124e-05,1.88629663e-05,0.0005008414556
7721.0,2.010567939e-06,5.826562132e-06,1.35441851e-05,1.866938781e-05,0.000500774313
7722.0,1.92670228e-06,5.702674518e-06,1.320270029e-05,1.807096716e-05,0.0005038424776
7723.0,1.886904957e-06,5.541707498e-06,1.321470926e-05,1.785848451e-05,0.0005323035903
7724.0,1.981835275e-06,5.651153845e-06,1.359270444e-05,1.812747238e-05,0.000567060717
7725.0,2.040296444e-06,5.82656286e-06,1.383737293e-05,1.832239787e-05,0.0005728790977
7726.0,1.990155659e-06,5.839313518e-06,1.354287071e-05,1.825023498e-05,0.0005461933854
7727.0,1.901025262e-06,5.588361666e-06,1.322315439e-05,1.823804999e-05,0.0005178637457
7728.0,1.914962836e-06,5.544924972e-06,1.330844281e-05,1.84170939e-05,0.00050439828
7729.0,2.013861468e-06,5.666335609e-06,1.355635884e-05,1.886418389e-05,0.0005028990453
7730.0,2.016385181e-06,5.83174521e-06,1.358867238e-05,1.882651895e-05,0.0004977406487
7731.0,1.928959986e-06,5.712846498e-06,1.316902619e-05,1.819848736e-05,0.0005063709553
7732.0,1.889093622e-06,5.556090074e-06,1.3190517e-05,1.796080102e-05,0.0005281633857
7733.0,1.979034213e-06,5.64806383e-06,1.358934438e-05,1.829952309e-05,0.0005635467314
7734.0,2.03862406e-06,5.811964881e-06,1.385935883e-05,1.850357144e-05,0.0005716610182
7735.0,1.991531996e-06,5.85420458e-06,1.358052443e-05,1.830758167e-05,0.0005509882334
7736.0,1.906321183e-06,5.614165917e-06,1.324206684e-05,1.824111654e-05,0.0005185228767
7737.0,1.909582291e-06,5.543488551e-06,1.330628372e-05,1.848171414e-05,0.000504489041
7738.0,2.013350749e-06,5.653623315e-06,1.35560679e-05,1.885238114e-05,0.0004989307914
7739.0,2.025184611e-06,5.830868379e-06,1.364064374e-05,1.88521287e-05,0.0005010639816
7740.0,1.94134409e-06,5.757024224e-06,1.326825278e-05,1.838694583e-05,0.0005037950363
7741.0,1.890716298e-06,5.588026091e-06,1.323820923e-05,1.805496281e-05,0.0005271626719
7742.0,1.968322415e-06,5.622909329e-06,1.352818829e-05,1.829270665e-05,0.0005618322955
7743.0,2.045491823e-06,5.792492793e-06,1.3862525e-05,1.856492584e-05,0.0005761917347
7744.0,1.998499292e-06,5.870494754e-06,1.363116803e-05,1.830594213e-05,0.0005550878789
7745.0,1.904011581e-06,5.628395636e-06,1.322537162e-05,1.794207692e-05,0.0005218517456
7746.0,1.897637151e-06,5.537669169e-06,1.324759861e-05,1.819734264e-05,0.0005036421904
7747.0,1.999857872e-06,5.644291399e-06,1.350392518e-05,1.865512423e-05,0.0005045870345
7748.0,2.023755595e-06,5.816069254e-06,1.361109749e-05,1.861283543e-05,0.0005015556824
7749.0,1.953495531e-06,5.75173154e-06,1.326083374e-05,1.833967159e-05,0.0005052906338
7750.0,1.888616268e-06,5.568424991e-06,1.317659538e-05,1.809968647e-05,0.000521517293
7751.0,1.954989607e-06,5.613167029e-06,1.346917146e-05,1.831364614e-05,0.0005597575998
7752.0,2.045468728e-06,5.773272074e-06,1.381977841e-05,1.861102937e-05,0.0005734403143
7753.0,2.007052769e-06,5.854024129e-06,1.365320977e-05,1.846480694e-05,0.0005575283134
7754.0,1.910733669e-06,5.650346465e-06,1.327970137e-05,1.808940374e-05,0.0005219441989
7755.0,1.8962918e-06,5.533359786e-06,1.325730985e-05,1.820694932e-05,0.000507106478
7756.0,2.00127918e-06,5.663576453e-06,1.355250367e-05,1.868392253e-05,0.0005044325572
7757.0,2.028862239e-06,5.821093423e-06,1.368359622e-05,1.861842251e-05,0.0005025553039
7758.0,1.968352923e-06,5.795124118e-06,1.335136975e-05,1.816119214e-05,0.0005032648449
7759.0,1.901461737e-06,5.591334446e-06,1.321642488e-05,1.800679782e-05,0.0005248244557
7760.0,1.955729894e-06,5.633210685e-06,1.353666305e-05,1.831759771e-05,0.0005594997511
7761.0,2.050014783e-06,5.793185242e-06,1.38516141e-05,1.858654153e-05,0.0005752345801
7762.0,2.024803653e-06,5.880136005e-06,1.371626437e-05,1.872022199e-05,0.0005564854916
7763.0,1.926205454e-06,5.669995841e-06,1.331579178e-05,1.849302139e-05,0.0005266141292
7764.0,1.900687685e-06,5.545644605e-06,1.330497342e-05,1.849302218e-05,0.0005071524278
7765.0,1.99162591e-06,5.619114906e-06,1.35223102e-05,1.872313156e-05,0.0005053701842
7766.0,2.032253554e-06,5.809372773e-06,1.374219873e-05,1.865161084e-05,0.0005000316609
7767.0,1.974628584e-06,5.826297062e-06,1.340289823e-05,1.810245777e-05,0.000506175427
7768.0,1.911404562e-06,5.631072151e-06,1.328705807e-05,1.771199411e-05,0.0005214448604
7769.0,1.952736295e-06,5.631900831e-06,1.355189977e-05,1.813342027e-05,0.0005568455104
7770.0,2.051007326e-06,5.802927615e-06,1.388208996e-05,1.85318851e-05,0.0005751791203
7771.0,2.040278324e-06,5.921388782e-06,1.380188007e-05,1.862818074e-05,0.0005649410502
7772.0,1.943666692e-06,5.709200358e-06,1.337143859e-05,1.857907286e-05,0.0005315208506
7773.0,1.901664979e-06,5.554242341e-06,1.330858943e-05,1.873399115e-05,0.000510147287
7774.0,1.987931331e-06,5.609485233e-06,1.349003821e-05,1.896068474e-05,0.0005024704762
7775.0,2.03613399e-06,5.789451387e-06,1.370850128e-05,1.896273809e-05,0.0005034505492
7776.0,1.971070583e-06,5.82116744e-06,1.336817133e-05,1.843761787e-05,0.0005055492394
7777.0,1.896399038e-06,5.62245317e-06,1.317749753e-05,1.780711855e-05,0.0005214879099
7778.0,1.932044791e-06,5.597427551e-06,1.344016016e-05,1.789490204e-05,0.0005531697797
7779.0,2.037372772e-06,5.760143656e-06,1.379787345e-05,1.827802616e-05,0.0005764321567
7780.0,2.033447506e-06,5.897716118e-06,1.377880314e-05,1.8228981e-05,0.0005663417962
7781.0,1.940622931e-06,5.713341262e-06,1.334055729e-05,1.81616213e-05,0.0005335854719
7782.0,1.897950886e-06,5.554851459e-06,1.328963168e-05,1.844014456e-05,0.0005076172342
7783.0,1.976184194e-06,5.61591123e-06,1.346313278e-05,1.898402037e-05,0.0005061983928
7784.0,2.035015519e-06,5.774634958e-06,1.367157764e-05,1.906962012e-05,0.0005017688236
7785.0,1.983515348e-06,5.813682105e-06,1.338210219e-05,1.869765757e-05,0.0005049488825
7786.0,1.893743517e-06,5.608380127e-06,1.312707687e-05,1.825911906e-05,0.0005138595878
7787.0,1.921047975e-06,5.577991006e-06,1.335278447e-05,1.811616949e-05,0.0005516352098
7788.0,2.028939684e-06,5.723649998e-06,1.37684203e-05,1.83065603e-05,0.0005766830685
7789.0,2.03378134e-06,5.894950288e-06,1.384960017e-05,1.818408098e-05,0.0005680963574
7790.0,1.947802837e-06,5.752816492e-06,1.342638355e-05,1.791537744e-05,0.0005355777093
7791.0,1.890929588e-06,5.5488016e-06,1.324932052e-05,1.803021078e-05,0.0005131631489
7792.0,1.963712641e-06,5.618193177e-06,1.346227951e-05,1.86153111e-05,0.0005078446004
7793.0,2.035703679e-06,5.785521868e-06,1.370047916e-05,1.89330428e-05,0.0005059613754
7794.0,1.998090947e-06,5.842254262e-06,1.345650797e-05,1.873761825e-05,0.0005039498332
7795.0,1.90591044e-06,5.612403637e-06,1.313383419e-05,1.831941664e-05,0.0005190795276
7796.0,1.914423832e-06,5.565693131e-06,1.332904941e-05,1.840969089e-05,0.0005499630392
7797.0,2.018599733e-06,5.687535845e-06,1.368613172e-05,1.864734856e-05,0.0005755922794
7798.0,2.034916152e-06,5.862641927e-06,1.382739889e-05,1.854104568e-05,0.000566856888
7799.0,1.9461434e-06,5.753842314e-06,1.336694842e-05,1.827039548e-05,0.0005396963843
7800.0,1.886960697e-06,5.552614544e-06,1.322708392e-05,1.815107629e-05,0.0005141430547
7801.0,1.951342496e-06,5.595820142e-06,1.345994552e-05,1.856643354e-05,0.0005085910311
7802.0,2.026333997e-06,5.75600231e-06,1.369893173e-05,1.870906561e-05,0.0005024505858
7803.0,2.001443975e-06,5.862622786e-06,1.350800672e-05,1.847607284e-05,0.000505231771
7804.0,1.918131915e-06,5.657567394e-06,1.322444405e-05,1.812934482e-05,0.0005159258186
7805.0,1.916269732e-06,5.569003335e-06,1.337181993e-05,1.820627956e-05,0.0005469822367
7806.0,2.022453661e-06,5.699216066e-06,1.371018319e-05,1.856739113e-05,0.0005743210786
7807.0,2.046954228e-06,5.864168004e-06,1.383916455e-05,1.87246006e-05,0.0005732125285
7808.0,1.962342805e-06,5.782923355e-06,1.344048293e-05,1.848290766e-05,0.0005434143835
7809.0,1.89049749e-06,5.556659387e-06,1.322332587e-05,1.836749554e-05,0.0005162179093
7810.0,1.944580154e-06,5.570155344e-06,1.339707876e-05,1.86662357e-05,0.0005063977846
7811.0,2.024432576e-06,5.722387505e-06,1.366909359e-05,1.87923657e-05,0.0005068960135
7812.0,2.005697133e-06,5.867566348e-06,1.356543803e-05,1.850076904e-05,0.0005054323416
7813.0,1.926757266e-06,5.691439312e-06,1.3260273e-05,1.79734939e-05,0.0005156075061
7814.0,1.912999384e-06,5.591313014e-06,1.339786913e-05,1.805081771e-05,0.0005419241664
7815.0,2.012441354e-06,5.681516013e-06,1.368116487e-05,1.845431273e-05,0.0005772346629
7816.0,2.048869699e-06,5.86327524e-06,1.385223496e-05,1.867874988e-05,0.0005743872995
7817.0,1.977078392e-06,5.803895669e-06,1.347348465e-05,1.856000941e-05,0.0005448280706
7818.0,1.894716643e-06,5.566263327e-06,1.323314281e-05,1.841388795e-05,0.0005149275261
7819.0,1.934974261e-06,5.541487564e-06,1.332597459e-05,1.867308838e-05,0.0005083200696
7820.0,2.024420572e-06,5.690873197e-06,1.361975047e-05,1.896682647e-05,0.0005041154151
7821.0,2.009464824e-06,5.84433277e-06,1.357513211e-05,1.864016344e-05,0.0005051160402
7822.0,1.922636927e-06,5.692163723e-06,1.32077928e-05,1.800636968e-05,0.0005096334008
7823.0,1.901728557e-06,5.567721284e-06,1.328074012e-05,1.794164589e-05,0.0005416252959
7824.0,2.001301232e-06,5.688514157e-06,1.366030081e-05,1.847567291e-05,0.0005742155759
7825.0,2.046814259e-06,5.85081768e-06,1.386576076e-05,1.855179727e-05,0.0005742748563
7826.0,1.98330998e-06,5.824775593e-06,1.348375013e-05,1.848081707e-05,0.0005458316981
7827.0,1.892575532e-06,5.569682161e-06,1.317319771e-05,1.844978567e-05,0.0005179410906
7828.0,1.919799634e-06,5.543922914e-06,1.328811417e-05,1.868909711e-05,0.0005058486627
7829.0,2.02128856e-06,5.684020135e-06,1.359497975e-05,1.893587744e-05,0.0005049167932
7830.0,2.014331844e-06,5.844437596e-06,1.358391486e-05,1.879914297e-05,0.0005012566053
7831.0,1.928937506e-06,5.718646779e-06,1.322697222e-05,1.819189079e-05,0.0005115250492
7832.0,1.901738146e-06,5.585044324e-06,1.328684639e-05,1.794365046e-05,0.0005366714884
7833.0,1.990236519e-06,5.660089962e-06,1.36127299e-05,1.836976466e-05,0.0005714122661
7834.0,2.047193127e-06,5.846110207e-06,1.38885074e-05,1.855129248e-05,0.0005745361473
7835.0,1.989696914e-06,5.850480333e-06,1.354578624e-05,1.830108073e-05,0.0005515307967
7836.0,1.904220766e-06,5.600313023e-06,1.323548988e-05,1.825498845e-05,0.000519338563
7837.0,1.913479563e-06,5.539756178e-06,1.329370735e-05,1.86708437e-05,0.0005068214375
7838.0,2.012719605e-06,5.674431024e-06,1.353223939e-05,1.893026192e-05,0.0004992258916
7839.0,2.015992459e-06,5.828126808e-06,1.354869312e-05,1.880001904e-05,0.0005036182673
7840.0,1.933225211e-06,5.716135589e-06,1.321761143e-05,1.840126893e-05,0.0005073194006
7841.0,1.892549889e-06,5.562839525e-06,1.323410928e-05,1.799290929e-05,0.0005334609262
7842.0,1.986202094e-06,5.639275001e-06,1.357869055e-05,1.828474155e-05,0.000565102668
7843.0,2.042517068e-06,5.803480702e-06,1.385318449e-05,1.839517131e-05,0.0005761401705
7844.0,1.989250202e-06,5.8442557e-06,1.356545242e-05,1.824768256e-05,0.0005523869227
7845.0,1.904616939e-06,5.605788168e-06,1.324024631e-05,1.802032606e-05,0.0005194496088
7846.0,1.911724104e-06,5.543212992e-06,1.330311942e-05,1.840129336e-05,0.0005021759297
7847.0,2.006688086e-06,5.652309383e-06,1.352100298e-05,1.886955441e-05,0.0005033135971
7848.0,2.021144241e-06,5.824441988e-06,1.355970873e-05,1.870243929e-05,0.000500815372
7849.0,1.945498508e-06,5.736100534e-06,1.322420602e-05,1.821092194e-05,0.0005058096063
7850.0,1.888762599e-06,5.554496057e-06,1.319467899e-05,1.805790938e-05,0.0005254954864
7851.0,1.970152421e-06,5.617072143e-06,1.350450191e-05,1.82571563e-05,0.0005646451979
7852.0,2.041176975e-06,5.771411221e-06,1.378762838e-05,1.835115933e-05,0.0005731977458
7853.0,1.993057028e-06,5.833753147e-06,1.355258613e-05,1.821505714e-05,0.0005526535653
7854.0,1.898377093e-06,5.60287832e-06,1.319167263e-05,1.799969061e-05,0.0005175615772
7855.0,1.896857079e-06,5.520758471e-06,1.321680218e-05,1.819186357e-05,0.0005038597874
7856.0,1.998402956e-06,5.638245065e-06,1.34946641e-05,1.864307284e-05,0.0005011066607
7857.0,2.016238149e-06,5.800261582e-06,1.357487162e-05,1.863739211e-05,0.0004991557872
7858.0,1.943957178e-06,5.743716689e-06,1.319796576e-05,1.80256734e-05,0.0005005286694
7859.0,1.889805105e-06,5.560530175e-06,1.314875008e-05,1.787554643e-05,0.0005252590912
7860.0,1.957392887e-06,5.615965941e-06,1.349337131e-05,1.831037717e-05,0.0005591979518
7861.0,2.039643689e-06,5.773276658e-06,1.378307712e-05,1.85427132e-05,0.0005736266959
7862.0,2.005154894e-06,5.848608646e-06,1.360609381e-05,1.840858773e-05,0.0005524967656
7863.0,1.90658215e-06,5.630117516e-06,1.322849628e-05,1.818882891e-05,0.000521829314
7864.0,1.891487138e-06,5.525861639e-06,1.323123807e-05,1.835897908e-05,0.0005041053735
7865.0,1.992001704e-06,5.62822691e-06,1.348131556e-05,1.873018994e-05,0.0005019918141
7866.0,2.018793381e-06,5.800528709e-06,1.362697186e-05,1.874301256e-05,0.0004980003528
7867.0,1.952093401e-06,5.78242038e-06,1.326324983e-05,1.822973998e-05,0.0005051635529
7868.0,1.892230543e-06,5.58713282e-06,1.317251565e-05,1.784930219e-05,0.000521289368
7869.0,1.947065406e-06,5.603849284e-06,1.343669766e-05,1.819519613e-05,0.0005580461534
7870.0,2.035975005e-06,5.753283406e-06,1.375534132e-05,1.851948919e-05,0.0005735213319
7871.0,2.01508803e-06,5.855907406e-06,1.363697957e-05,1.84127981e-05,0.0005594263534
7872.0,1.9233654e-06,5.658062575e-06,1.32708468e-05,1.813938155e-05,0.0005266598983
7873.0,1.891801742e-06,5.524173973e-06,1.322551853e-05,1.836617459e-05,0.0005068067332
7874.0,1.983125192e-06,5.614465593e-06,1.344363836e-05,1.877528914e-05,0.0004998510162
7875.0,2.025909749e-06,5.797633966e-06,1.363365789e-05,1.886820228e-05,0.000500920012
7876.0,1.965374021e-06,5.803394253e-06,1.331539205e-05,1.84040788e-05,0.0005026355596
7877.0,1.891695683e-06,5.594707614e-06,1.314413874e-05,1.800483126e-05,0.0005182863517
7878.0,1.934662012e-06,5.58246102e-06,1.337749256e-05,1.806228741e-05,0.0005522774527
7879.0,2.028007396e-06,5.719019936e-06,1.369497187e-05,1.839150185e-05,0.0005747131351
7880.0,2.020922152e-06,5.864653636e-06,1.368607879e-05,1.837807794e-05,0.0005614751454
7881.0,1.926596843e-06,5.670459024e-06,1.327741571e-05,1.800421119e-05,0.0005288943551
7882.0,1.887769228e-06,5.498932635e-06,1.318568094e-05,1.809986003e-05,0.0005055166838
7883.0,1.972032067e-06,5.577187676e-06,1.337314246e-05,1.855584984e-05,0.0005038554122
7884.0,2.022755942e-06,5.758905179e-06,1.359164238e-05,1.867648911e-05,0.0004983016671
7885.0,1.974006888e-06,5.804855996e-06,1.3330922e-05,1.824216997e-05,0.0005015379732
7886.0,1.891987879e-06,5.588144562e-06,1.312809462e-05,1.788499317e-05,0.0005128967314
7887.0,1.919115713e-06,5.569696598e-06,1.331982692e-05,1.807660936e-05,0.000550161333
7888.0,2.023528412e-06,5.708933304e-06,1.36655505e-05,1.8463148e-05,0.000572938129
7889.0,2.022523686e-06,5.849648191e-06,1.368990266e-05,1.840953032e-05,0.0005620039595
7890.0,1.929311347e-06,5.675949071e-06,1.327189624e-05,1.822186106e-05,0.000527251461
7891.0,1.884014245e-06,5.502687033e-06,1.317245839e-05,1.808338383e-05,0.0005076848723
7892.0,1.96610314e-06,5.569454286e-06,1.340131069e-05,1.842257042e-05,0.000502955649
7893.0,2.023598435e-06,5.740516883e-06,1.363088853e-05,1.852047564e-05,0.0004996316174
7894.0,1.976843602e-06,5.801872676e-06,1.336968975e-05,1.82389396e-05,0.0004969556273
7895.0,1.895114651e-06,5.587823601e-06,1.309964785e-05,1.777242238e-05,0.0005144123892
7896.0,1.919247345e-06,5.557888921e-06,1.335534851e-05,1.794243958e-05,0.0005470291085
7897.0,2.02361673e-06,5.713179806e-06,1.369406467e-05,1.846865539e-05,0.0005736862542
7898.0,2.030106275e-06,5.872705607e-06,1.374280667e-05,1.842807691e-05,0.000563098448
7899.0,1.940696575e-06,5.705561418e-06,1.328085131e-05,1.819708291e-05,0.0005346841906
7900.0,1.882121159e-06,5.51676324e-06,1.316515842e-05,1.826759467e-05,0.0005102077766
7901.0,1.949210761e-06,5.550852796e-06,1.332172116e-05,1.858593703e-05,0.0005055703176
7902.0,2.019744868e-06,5.728251478e-06,1.359754359e-05,1.87065507e-05,0.0004996783898
7903.0,1.97983991e-06,5.800864597e-06,1.334935114e-05,1.834777475e-05,0.0005016103989
7904.0,1.896465358e-06,5.610620002e-06,1.309871311e-05,1.779906209e-05,0.0005110846849
7905.0,1.90559617e-06,5.542274951e-06,1.329191337e-05,1.777994721e-05,0.0005446701949
7906.0,2.01951093e-06,5.686509499e-06,1.369995697e-05,1.827240989e-05,0.0005708696709
7907.0,2.036196016e-06,5.852715675e-06,1.379749115e-05,1.840595652e-05,0.0005677999121
7908.0,1.953185225e-06,5.736006566e-06,1.337108377e-05,1.815693368e-05,0.0005372551019
7909.0,1.892878812e-06,5.536472642e-06,1.320025545e-05,1.828237118e-05,0.0005105295461
7910.0,1.94825938e-06,5.568117123e-06,1.336414192e-05,1.87971137e-05,0.0005011750999
7911.0,2.024339719e-06,5.722553202e-06,1.358704861e-05,1.90333438e-05,0.0005027038309
7912.0,1.988622512e-06,5.82166799e-06,1.338687199e-05,1.865765219e-05,0.0005007857926
7913.0,1.901361556e-06,5.627791821e-06,1.308398795e-05,1.819198362e-05,0.0005106076743
7914.0,1.896284746e-06,5.555958506e-06,1.325392416e-05,1.805797051e-05,0.0005391601738
7915.0,2.00801886e-06,5.673576244e-06,1.363126714e-05,1.827769686e-05,0.0005713753443
7916.0,2.032537069e-06,5.830327627e-06,1.378947676e-05,1.83176552e-05,0.000568937066
7917.0,1.954753183e-06,5.752599727e-06,1.339205825e-05,1.806853062e-05,0.0005400689461
7918.0,1.892088634e-06,5.546799253e-06,1.32273436e-05,1.805357168e-05,0.0005109623193
7919.0,1.9402818e-06,5.555100541e-06,1.336415508e-05,1.85484877e-05,0.0005062976188
7920.0,2.022068656e-06,5.708690359e-06,1.359969435e-05,1.887945151e-05,0.0004994873873
7921.0,2.00112216e-06,5.835291097e-06,1.34683497e-05,1.875367477e-05,0.0004996366536
7922.0,1.913531687e-06,5.648817778e-06,1.314439438e-05,1.827717802e-05,0.0005070416062
7923.0,1.894797629e-06,5.543496111e-06,1.319895502e-05,1.828524348e-05,0.0005384877445
7924.0,2.004902308e-06,5.667042385e-06,1.361213389e-05,1.84595256e-05,0.0005689912844
7925.0,2.040389508e-06,5.83378506e-06,1.382537531e-05,1.862903258e-05,0.0005685534593
7926.0,1.964731539e-06,5.776167384e-06,1.34477537e-05,1.837869596e-05,0.0005399318309
7927.0,1.885336834e-06,5.545222499e-06,1.317872455e-05,1.807503726e-05,0.0005139433573
7928.0,1.928682717e-06,5.54161122e-06,1.334086561e-05,1.837009848e-05,0.0005033331073
7929.0,2.021628136e-06,5.690471497e-06,1.363073e-05,1.864968526e-05,0.0005006969237
7930.0,2.012679826e-06,5.844926232e-06,1.357082833e-05,1.84134939e-05,0.0004975464697
7931.0,1.927631045e-06,5.695067188e-06,1.322147184e-05,1.790931121e-05,0.0005102145765
7932.0,1.90498278e-06,5.581939306e-06,1.33200603e-05,1.796453562e-05,0.0005359074278
7933.0,2.000787132e-06,5.686188977e-06,1.363456637e-05,1.851663781e-05,0.0005689748832
7934.0,2.04607644e-06,5.845887297e-06,1.381817664e-05,1.870341542e-05,0.0005693582441
7935.0,1.980035361e-06,5.81346986e-06,1.34521378e-05,1.863105829e-05,0.000545630694
7936.0,1.889768245e-06,5.560280135e-06,1.316143148e-05,1.853689152e-05,0.0005147060403
7937.0,1.911241527e-06,5.522899295e-06,1.324043886e-05,1.854161954e-05,0.0005057703777
7938.0,2.008520355e-06,5.65796526e-06,1.353426039e-05,1.864338177e-05,0.0004992887734
7939.0,2.004404372e-06,5.819206953e-06,1.354350843e-05,1.831424937e-05,0.0005007781786
7940.0,1.924174468e-06,5.699193026e-06,1.320115819e-05,1.767315766e-05,0.0005058714438
7941.0,1.892144704e-06,5.567070221e-06,1.32341441e-05,1.760154426e-05,0.0005319784486
7942.0,1.986089462e-06,5.66945002e-06,1.359454316e-05,1.819802325e-05,0.0005637722932
7943.0,2.04539641e-06,5.832465639e-06,1.381541279e-05,1.855946392e-05,0.000572302363
7944.0,1.990225724e-06,5.840372797e-06,1.348898819e-05,1.84845117e-05,0.0005482294488
7945.0,1.899171753e-06,5.579893508e-06,1.317023059e-05,1.844369405e-05,0.0005145363911
7946.0,1.908681303e-06,5.519871988e-06,1.323041205e-05,1.872480386e-05,0.0005018469399
7947.0,1.998530426e-06,5.628959895e-06,1.342014963e-05,1.89170434e-05,0.000501069309
7948.0,2.001309361e-06,5.794540724e-06,1.346220425e-05,1.864759028e-05,0.0004974517537
7949.0,1.917471402e-06,5.683691179e-06,1.310043333e-05,1.805194786e-05,0.0005032704013
7950.0,1.875692264e-06,5.531590738e-06,1.311045447e-05,1.766117237e-05,0.0005240642518
7951.0,1.964167558e-06,5.613102062e-06,1.349149589e-05,1.788172271e-05,0.0005610358031
7952.0,2.032184338e-06,5.79904696e-06,1.382413714e-05,1.817451658e-05,0.0005693123729
7953.0,1.985166179e-06,5.843113612e-06,1.354142358e-05,1.802820808e-05,0.0005460020006
7954.0,1.899237788e-06,5.588087432e-06,1.316842689e-05,1.794478146e-05,0.0005141804723
7955.0,1.901655174e-06,5.513807898e-06,1.322860767e-05,1.843035101e-05,0.0005022042781
7956.0,1.999703405e-06,5.63100653e-06,1.345316085e-05,1.904835466e-05,0.0004993416268
7957.0,2.010512854e-06,5.792570068e-06,1.350027965e-05,1.89916841e-05,0.000498365701
7958.0,1.930466137e-06,5.709558357e-06,1.313614192e-05,1.847095046e-05,0.0004994263958
7959.0,1.878795358e-06,5.527875142e-06,1.308623761e-05,1.810773726e-05,0.000522979315
7960.0,1.958474252e-06,5.592320074e-06,1.345281992e-05,1.818051598e-05,0.0005567454539
7961.0,2.031136701e-06,5.761179272e-06,1.381541554e-05,1.824274949e-05,0.0005704240181
7962.0,1.995449252e-06,5.866866693e-06,1.366404982e-05,1.809331701e-05,0.0005476667766
7963.0,1.901019635e-06,5.638515615e-06,1.325738402e-05,1.786558489e-05,0.0005174936266
7964.0,1.895724487e-06,5.532787755e-06,1.325027988e-05,1.818272547e-05,0.0005014935599
7965.0,1.999844931e-06,5.635837415e-06,1.35185875e-05,1.879109518e-05,0.0005006608432
7966.0,2.027656307e-06,5.800475323e-06,1.361348287e-05,1.893054906e-05,0.0004967972003
7967.0,1.955722012e-06,5.755160443e-06,1.325026637e-05,1.855800285e-05,0.0005022677768
7968.0,1.894214049e-06,5.562970523e-06,1.317596259e-05,1.822406121e-05,0.0005210490993
7969.0,1.955132726e-06,5.593907602e-06,1.348175035e-05,1.846106677e-05,0.0005560858826
7970.0,2.042985057e-06,5.759611247e-06,1.380936189e-05,1.863621719e-05,0.0005700992302
7971.0,2.004548327e-06,5.854777301e-06,1.362062512e-05,1.853036784e-05,0.0005523652109
7972.0,1.905502562e-06,5.647291178e-06,1.325130742e-05,1.814999409e-05,0.0005204173014
7973.0,1.884747741e-06,5.533509758e-06,1.322379238e-05,1.813706441e-05,0.00050480026
7974.0,1.984053634e-06,5.637064235e-06,1.348795071e-05,1.852859545e-05,0.0004992676884
7975.0,2.026139424e-06,5.80451416e-06,1.366995383e-05,1.855349819e-05,0.0004994330532
7976.0,1.963340579e-06,5.772346985e-06,1.329082905e-05,1.818413933e-05,0.0004992726369
7977.0,1.894980317e-06,5.574559113e-06,1.315124367e-05,1.78430132e-05,0.0005190284
7978.0,1.945712866e-06,5.59283167e-06,1.345569704e-05,1.825083654e-05,0.0005526224761
7979.0,2.037139157e-06,5.742127604e-06,1.374911594e-05,1.868335206e-05,0.0005720303816
7980.0,2.017301412e-06,5.865948709e-06,1.365417546e-05,1.863710524e-05,0.0005559853782
7981.0,1.919864294e-06,5.657722805e-06,1.324887793e-05,1.833365664e-05,0.0005239213839
7982.0,1.884648465e-06,5.51747627e-06,1.321840649e-05,1.837556608e-05,0.0005023531707
7983.0,1.978047783e-06,5.603949132e-06,1.34340393e-05,1.863686989e-05,0.0005014371727
7984.0,2.021732852e-06,5.801157011e-06,1.366310727e-05,1.853046633e-05,0.0004985897787
7985.0,1.966195802e-06,5.802270039e-06,1.335251953e-05,1.80538804e-05,0.000503275643
7986.0,1.894339449e-06,5.595130673e-06,1.31759933e-05,1.777142255e-05,0.000514804161
7987.0,1.93637123e-06,5.587502348e-06,1.341239507e-05,1.802470299e-05,0.0005521714193
7988.0,2.038599987e-06,5.746059251e-06,1.376969646e-05,1.84479761e-05,0.0005731204704
7989.0,2.028190557e-06,5.863744217e-06,1.36973082e-05,1.849971992e-05,0.0005599316017
7990.0,1.934784817e-06,5.684409491e-06,1.328655106e-05,1.846331573e-05,0.0005263284169
7991.0,1.887732378e-06,5.504859723e-06,1.317460478e-05,1.849547253e-05,0.0005062992879
7992.0,1.970486059e-06,5.579248563e-06,1.342334149e-05,1.88668131e-05,0.0005009700905
7993.0,2.025723146e-06,5.762967734e-06,1.364082206e-05,1.891076868e-05,0.0005001259539
7994.0,1.969017321e-06,5.804904219e-06,1.335003646e-05,1.842367368e-05,0.0004992120608
7995.0,1.892021464e-06,5.598154786e-06,1.31421745e-05,1.785287548e-05,0.0005165215736
7996.0,1.920884964e-06,5.580980969e-06,1.33743967e-05,1.79231184e-05,0.0005502024149
7997.0,2.027401431e-06,5.729258656e-06,1.373633892e-05,1.830057692e-05,0.0005742697506
7998.0,2.029823276e-06,5.86614289e-06,1.373920679e-05,1.833209372e-05,0.0005612635753
7999.0,1.940779852e-06,5.7085036e-06,1.329882119e-05,1.82207457e-05,0.0005310295114
8000.0,1.891410969e-06,5.530137915e-06,1.320970635e-05,1.838943125e-05,0.0005057431607
