mesh_cell_index,x_min_m,x_max_m,y_min_m,y_max_m,module_cell,T_K_at_t_0s,T_K_at_t_30s,T_K_at_t_60s,T_K_at_t_120s,T_K_at_t_300s,T_K_at_t_900s
0,0.000000000,0.005000000,0.000000000,0.005000000,1,293.000000000,293.059997791,293.119197765,293.150094979,293.233103259,293.449030649
1,0.005000000,0.010000000,0.000000000,0.005000000,1,293.000000000,293.059997791,293.119197765,293.150094979,293.233103259,293.449030649
2,0.010000000,0.015000000,0.000000000,0.005000000,1,293.000000000,293.059997791,293.119197765,293.150094979,293.233103259,293.449030649
3,0.015000000,0.020000000,0.000000000,0.005000000,1,293.000000000,293.059997791,293.119197765,293.150094979,293.233103259,293.449030649
4,0.020000000,0.025000000,0.000000000,0.005000000,1,293.000000000,293.059997791,293.119197765,293.150094979,293.233103259,293.449030649
5,0.025000000,0.030000000,0.000000000,0.005000000,1,293.000000000,293.059997791,293.119197765,293.150094979,293.233103259,293.449030649
6,0.030000000,0.035000000,0.000000000,0.005000000,1,293.000000000,293.059997791,293.119197765,293.150094979,293.233103259,293.449030649
7,0.035000000,0.040000000,0.000000000,0.005000000,1,293.000000000,293.059997791,293.119197765,293.150094979,293.233103259,293.449030649
8,0.040000000,0.045000000,0.000000000,0.005000000,1,293.000000000,293.059997791,293.119197765,293.150094979,293.233103259,293.449030649
9,0.045000000,0.050000000,0.000000000,0.005000000,1,293.000000000,293.059997791,293.119197765,293.150094979,293.233103259,293.449030649
10,0.050000000,0.055000000,0.000000000,0.005000000,1,293.000000000,293.059997791,293.119197765,293.150094979,293.233103259,293.449030649
11,0.055000000,0.060000000,0.000000000,0.005000000,1,293.000000000,293.059997791,293.119197765,293.150094979,293.233103259,293.449030649
12,0.060000000,0.065000000,0.000000000,0.005000000,1,293.000000000,293.059997791,293.119197765,293.150094979,293.233103259,293.449030649
13,0.065000000,0.070000000,0.000000000,0.005000000,1,293.000000000,293.059997791,293.119197765,293.150094979,293.233103259,293.449030649
14,0.070000000,0.075000000,0.000000000,0.005000000,1,293.000000000,293.059997791,293.119197765,293.150094979,293.233103259,293.449030649
15,0.075000000,0.080000000,0.000000000,0.005000000,1,293.000000000,293.059997791,293.119197765,293.150094979,293.233103259,293.449030649
16,0.080000000,0.085000000,0.000000000,0.005000000,1,293.000000000,293.059997791,293.119197765,293.150094979,293.233103259,293.449030649
17,0.085000000,0.090000000,0.000000000,0.005000000,1,293.000000000,293.059997791,293.119197765,293.150094979,293.233103259,293.449030649
18,0.090000000,0.095000000,0.000000000,0.005000000,1,293.000000000,293.059997791,293.119197765,293.150094979,293.233103259,293.449030649
19,0.095000000,0.100000000,0.000000000,0.005000000,1,293.000000000,293.059997791,293.119197765,293.150094979,293.233103259,293.449030649
20,0.000000000,0.005000000,0.005000000,0.010000000,1,293.000000000,293.059989950,293.119089599,293.149390486,293.230966102,293.444135626
21,0.005000000,0.010000000,0.005000000,0.010000000,1,293.000000000,293.059989950,293.119089599,293.149390486,293.230966102,293.444135626
22,0.010000000,0.015000000,0.005000000,0.010000000,1,293.000000000,293.059989950,293.119089599,293.149390486,293.230966102,293.444135626
23,0.015000000,0.020000000,0.005000000,0.010000000,1,293.000000000,293.059989950,293.119089599,293.149390486,293.230966102,293.444135626
24,0.020000000,0.025000000,0.005000000,0.010000000,1,293.000000000,293.059989950,293.119089599,293.149390486,293.230966102,293.444135626
25,0.025000000,0.030000000,0.005000000,0.010000000,1,293.000000000,293.059989950,293.119089599,293.149390486,293.230966102,293.444135626
26,0.030000000,0.035000000,0.005000000,0.010000000,1,293.000000000,293.059989950,293.119089599,293.149390486,293.230966102,293.444135626
27,0.035000000,0.040000000,0.005000000,0.010000000,1,293.000000000,293.059989950,293.119089599,293.149390486,293.230966102,293.444135626
28,0.040000000,0.045000000,0.005000000,0.010000000,1,293.000000000,293.059989950,293.119089599,293.149390486,293.230966102,293.444135626
29,0.045000000,0.050000000,0.005000000,0.010000000,1,293.000000000,293.059989950,293.119089599,293.149390486,293.230966102,293.444135626
30,0.050000000,0.055000000,0.005000000,0.010000000,1,293.000000000,293.059989950,293.119089599,293.149390486,293.230966102,293.444135626
31,0.055000000,0.060000000,0.005000000,0.010000000,1,293.000000000,293.059989950,293.119089599,293.149390486,293.230966102,293.444135626
32,0.060000000,0.065000000,0.005000000,0.010000000,1,293.000000000,293.059989950,293.119089599,293.149390486,293.230966102,293.444135626
33,0.065000000,0.070000000,0.005000000,0.010000000,1,293.000000000,293.059989950,293.119089599,293.149390486,293.230966102,293.444135626
34,0.070000000,0.075000000,0.005000000,0.010000000,1,293.000000000,293.059989950,293.119089599,293.149390486,293.230966102,293.444135626
35,0.075000000,0.080000000,0.005000000,0.010000000,1,293.000000000,293.059989950,293.119089599,293.149390486,293.230966102,293.444135626
36,0.080000000,0.085000000,0.005000000,0.010000000,1,293.000000000,293.059989950,293.119089599,293.149390486,293.230966102,293.444135626
37,0.085000000,0.090000000,0.005000000,0.010000000,1,293.000000000,293.059989950,293.119089599,293.149390486,293.230966102,293.444135626
38,0.090000000,0.095000000,0.005000000,0.010000000,1,293.000000000,293.059989950,293.119089599,293.149390486,293.230966102,293.444135626
39,0.095000000,0.100000000,0.005000000,0.010000000,1,293.000000000,293.059989950,293.119089599,293.149390486,293.230966102,293.444135626
40,0.000000000,0.005000000,0.010000000,0.015000000,1,293.000000000,293.059952026,293.118748825,293.147747811,293.226568112,293.434267216
41,0.005000000,0.010000000,0.010000000,0.015000000,1,293.000000000,293.059952026,293.118748825,293.147747811,293.226568112,293.434267216
42,0.010000000,0.015000000,0.010000000,0.015000000,1,293.000000000,293.059952026,293.118748825,293.147747811,293.226568112,293.434267216
43,0.015000000,0.020000000,0.010000000,0.015000000,1,293.000000000,293.059952026,293.118748825,293.147747811,293.226568112,293.434267216
44,0.020000000,0.025000000,0.010000000,0.015000000,1,293.000000000,293.059952026,293.118748825,293.147747811,293.226568112,293.434267216
45,0.025000000,0.030000000,0.010000000,0.015000000,1,293.000000000,293.059952026,293.118748825,293.147747811,293.226568112,293.434267216
46,0.030000000,0.035000000,0.010000000,0.015000000,1,293.000000000,293.059952026,293.118748825,293.147747811,293.226568112,293.434267216
47,0.035000000,0.040000000,0.010000000,0.015000000,1,293.000000000,293.059952026,293.118748825,293.147747811,293.226568112,293.434267216
48,0.040000000,0.045000000,0.010000000,0.015000000,1,293.000000000,293.059952026,293.118748825,293.147747811,293.226568112,293.434267216
49,0.045000000,0.050000000,0.010000000,0.015000000,1,293.000000000,293.059952026,293.118748825,293.147747811,293.226568112,293.434267216
50,0.050000000,0.055000000,0.010000000,0.015000000,1,293.000000000,293.059952026,293.118748825,293.147747811,293.226568112,293.434267216
51,0.055000000,0.060000000,0.010000000,0.015000000,1,293.000000000,293.059952026,293.118748825,293.147747811,293.226568112,293.434267216
52,0.060000000,0.065000000,0.010000000,0.015000000,1,293.000000000,293.059952026,293.118748825,293.147747811,293.226568112,293.434267216
53,0.065000000,0.070000000,0.010000000,0.015000000,1,293.000000000,293.059952026,293.118748825,293.147747811,293.226568112,293.434267216
54,0.070000000,0.075000000,0.010000000,0.015000000,1,293.000000000,293.059952026,293.118748825,293.147747811,293.226568112,293.434267216
55,0.075000000,0.080000000,0.010000000,0.015000000,1,293.000000000,293.059952026,293.118748825,293.147747811,293.226568112,293.434267216
56,0.080000000,0.085000000,0.010000000,0.015000000,1,293.000000000,293.059952026,293.118748825,293.147747811,293.226568112,293.434267216
57,0.085000000,0.090000000,0.010000000,0.015000000,1,293.000000000,293.059952026,293.118748825,293.147747811,293.226568112,293.434267216
58,0.090000000,0.095000000,0.010000000,0.015000000,1,293.000000000,293.059952026,293.118748825,293.147747811,293.226568112,293.434267216
59,0.095000000,0.100000000,0.010000000,0.015000000,1,293.000000000,293.059952026,293.118748825,293.147747811,293.226568112,293.434267216
60,0.000000000,0.005000000,0.015000000,0.020000000,1,293.000000000,293.059794031,293.117842679,293.144711490,293.219666600,293.419269676
61,0.005000000,0.010000000,0.015000000,0.020000000,1,293.000000000,293.059794031,293.117842679,293.144711490,293.219666600,293.419269676
62,0.010000000,0.015000000,0.015000000,0.020000000,1,293.000000000,293.059794031,293.117842679,293.144711490,293.219666600,293.419269676
63,0.015000000,0.020000000,0.015000000,0.020000000,1,293.000000000,293.059794031,293.117842679,293.144711490,293.219666600,293.419269676
64,0.020000000,0.025000000,0.015000000,0.020000000,1,293.000000000,293.059794031,293.117842679,293.144711490,293.219666600,293.419269676
65,0.025000000,0.030000000,0.015000000,0.020000000,1,293.000000000,293.059794031,293.117842679,293.144711490,293.219666600,293.419269676
66,0.030000000,0.035000000,0.015000000,0.020000000,1,293.000000000,293.059794031,293.117842679,293.144711490,293.219666600,293.419269676
67,0.035000000,0.040000000,0.015000000,0.020000000,1,293.000000000,293.059794031,293.117842679,293.144711490,293.219666600,293.419269676
68,0.040000000,0.045000000,0.015000000,0.020000000,1,293.000000000,293.059794031,293.117842679,293.144711490,293.219666600,293.419269676
69,0.045000000,0.050000000,0.015000000,0.020000000,1,293.000000000,293.059794031,293.117842679,293.144711490,293.219666600,293.419269676
70,0.050000000,0.055000000,0.015000000,0.020000000,1,293.000000000,293.059794031,293.117842679,293.144711490,293.219666600,293.419269676
71,0.055000000,0.060000000,0.015000000,0.020000000,1,293.000000000,293.059794031,293.117842679,293.144711490,293.219666600,293.419269676
72,0.060000000,0.065000000,0.015000000,0.020000000,1,293.000000000,293.059794031,293.117842679,293.144711490,293.219666600,293.419269676
73,0.065000000,0.070000000,0.015000000,0.020000000,1,293.000000000,293.059794031,293.117842679,293.144711490,293.219666600,293.419269676
74,0.070000000,0.075000000,0.015000000,0.020000000,1,293.000000000,293.059794031,293.117842679,293.144711490,293.219666600,293.419269676
75,0.075000000,0.080000000,0.015000000,0.020000000,1,293.000000000,293.059794031,293.117842679,293.144711490,293.219666600,293.419269676
76,0.080000000,0.085000000,0.015000000,0.020000000,1,293.000000000,293.059794031,293.117842679,293.144711490,293.219666600,293.419269676
77,0.085000000,0.090000000,0.015000000,0.020000000,1,293.000000000,293.059794031,293.117842679,293.144711490,293.219666600,293.419269676
78,0.090000000,0.095000000,0.015000000,0.020000000,1,293.000000000,293.059794031,293.117842679,293.144711490,293.219666600,293.419269676
79,0.095000000,0.100000000,0.015000000,0.020000000,1,293.000000000,293.059794031,293.117842679,293.144711490,293.219666600,293.419269676
80,0.000000000,0.005000000,0.020000000,0.025000000,1,293.000000000,293.059217024,293.115658781,293.139644773,293.209908228,293.398911851
81,0.005000000,0.010000000,0.020000000,0.025000000,1,293.000000000,293.059217024,293.115658781,293.139644773,293.209908228,293.398911851
82,0.010000000,0.015000000,0.020000000,0.025000000,1,293.000000000,293.059217024,293.115658781,293.139644773,293.209908228,293.398911851
83,0.015000000,0.020000000,0.020000000,0.025000000,1,293.000000000,293.059217024,293.115658781,293.139644773,293.209908228,293.398911851
84,0.020000000,0.025000000,0.020000000,0.025000000,1,293.000000000,293.059217024,293.115658781,293.139644773,293.209908228,293.398911851
85,0.025000000,0.030000000,0.020000000,0.025000000,1,293.000000000,293.059217024,293.115658781,293.139644773,293.209908228,293.398911851
86,0.030000000,0.035000000,0.020000000,0.025000000,1,293.000000000,293.059217024,293.115658781,293.139644773,293.209908228,293.398911851
87,0.035000000,0.040000000,0.020000000,0.025000000,1,293.000000000,293.059217024,293.115658781,293.139644773,293.209908228,293.398911851
88,0.040000000,0.045000000,0.020000000,0.025000000,1,293.000000000,293.059217024,293.115658781,293.139644773,293.209908228,293.398911851
89,0.045000000,0.050000000,0.020000000,0.025000000,1,293.000000000,293.059217024,293.115658781,293.139644773,293.209908228,293.398911851
90,0.050000000,0.055000000,0.020000000,0.025000000,1,293.000000000,293.059217024,293.115658781,293.139644773,293.209908228,293.398911851
91,0.055000000,0.060000000,0.020000000,0.025000000,1,293.000000000,293.059217024,293.115658781,293.139644773,293.209908228,293.398911851
92,0.060000000,0.065000000,0.020000000,0.025000000,1,293.000000000,293.059217024,293.115658781,293.139644773,293.209908228,293.398911851
93,0.065000000,0.070000000,0.020000000,0.025000000,1,293.000000000,293.059217024,293.115658781,293.139644773,293.209908228,293.398911851
94,0.070000000,0.075000000,0.020000000,0.025000000,1,293.000000000,293.059217024,293.115658781,293.139644773,293.209908228,293.398911851
95,0.075000000,0.080000000,0.020000000,0.025000000,1,293.000000000,293.059217024,293.115658781,293.139644773,293.209908228,293.398911851
96,0.080000000,0.085000000,0.020000000,0.025000000,1,293.000000000,293.059217024,293.115658781,293.139644773,293.209908228,293.398911851
97,0.085000000,0.090000000,0.020000000,0.025000000,1,293.000000000,293.059217024,293.115658781,293.139644773,293.209908228,293.398911851
98,0.090000000,0.095000000,0.020000000,0.025000000,1,293.000000000,293.059217024,293.115658781,293.139644773,293.209908228,293.398911851
99,0.095000000,0.100000000,0.020000000,0.025000000,1,293.000000000,293.059217024,293.115658781,293.139644773,293.209908228,293.398911851
100,0.000000000,0.005000000,0.025000000,0.030000000,1,293.000000000,293.057392850,293.110866259,293.131811309,293.196839390,293.372890088
101,0.005000000,0.010000000,0.025000000,0.030000000,1,293.000000000,293.057392850,293.110866259,293.131811309,293.196839390,293.372890088
102,0.010000000,0.015000000,0.025000000,0.030000000,1,293.000000000,293.057392850,293.110866259,293.131811309,293.196839390,293.372890088
103,0.015000000,0.020000000,0.025000000,0.030000000,1,293.000000000,293.057392850,293.110866259,293.131811309,293.196839390,293.372890088
104,0.020000000,0.025000000,0.025000000,0.030000000,1,293.000000000,293.057392850,293.110866259,293.131811309,293.196839390,293.372890088
105,0.025000000,0.030000000,0.025000000,0.030000000,1,293.000000000,293.057392850,293.110866259,293.131811309,293.196839390,293.372890088
106,0.030000000,0.035000000,0.025000000,0.030000000,1,293.000000000,293.057392850,293.110866259,293.131811309,293.196839390,293.372890088
107,0.035000000,0.040000000,0.025000000,0.030000000,1,293.000000000,293.057392850,293.110866259,293.131811309,293.196839390,293.372890088
108,0.040000000,0.045000000,0.025000000,0.030000000,1,293.000000000,293.057392850,293.110866259,293.131811309,293.196839390,293.372890088
109,0.045000000,0.050000000,0.025000000,0.030000000,1,293.000000000,293.057392850,293.110866259,293.131811309,293.196839390,293.372890088
110,0.050000000,0.055000000,0.025000000,0.030000000,1,293.000000000,293.057392850,293.110866259,293.131811309,293.196839390,293.372890088
111,0.055000000,0.060000000,0.025000000,0.030000000,1,293.000000000,293.057392850,293.110866259,293.131811309,293.196839390,293.372890088
112,0.060000000,0.065000000,0.025000000,0.030000000,1,293.000000000,293.057392850,293.110866259,293.131811309,293.196839390,293.372890088
113,0.065000000,0.070000000,0.025000000,0.030000000,1,293.000000000,293.057392850,293.110866259,293.131811309,293.196839390,293.372890088
114,0.070000000,0.075000000,0.025000000,0.030000000,1,293.000000000,293.057392850,293.110866259,293.131811309,293.196839390,293.372890088
115,0.075000000,0.080000000,0.025000000,0.030000000,1,293.000000000,293.057392850,293.110866259,293.131811309,293.196839390,293.372890088
116,0.080000000,0.085000000,0.025000000,0.030000000,1,293.000000000,293.057392850,293.110866259,293.131811309,293.196839390,293.372890088
117,0.085000000,0.090000000,0.025000000,0.030000000,1,293.000000000,293.057392850,293.110866259,293.131811309,293.196839390,293.372890088
118,0.090000000,0.095000000,0.025000000,0.030000000,1,293.000000000,293.057392850,293.110866259,293.131811309,293.196839390,293.372890088
119,0.095000000,0.100000000,0.025000000,0.030000000,1,293.000000000,293.057392850,293.110866259,293.131811309,293.196839390,293.372890088
120,0.000000000,0.005000000,0.033000000,0.038000000,2,293.000000000,293.057390679,293.110799555,293.130710102,293.184683800,293.295253117
121,0.005000000,0.010000000,0.033000000,0.038000000,2,293.000000000,293.057390679,293.110799555,293.130710102,293.184683800,293.295253117
122,0.010000000,0.015000000,0.033000000,0.038000000,2,293.000000000,293.057390679,293.110799555,293.130710102,293.184683800,293.295253117
123,0.015000000,0.020000000,0.033000000,0.038000000,2,293.000000000,293.057390679,293.110799555,293.130710102,293.184683800,293.295253117
124,0.020000000,0.025000000,0.033000000,0.038000000,2,293.000000000,293.057390679,293.110799555,293.130710102,293.184683800,293.295253117
125,0.025000000,0.030000000,0.033000000,0.038000000,2,293.000000000,293.057390679,293.110799555,293.130710102,293.184683800,293.295253117
126,0.030000000,0.035000000,0.033000000,0.038000000,2,293.000000000,293.057390679,293.110799555,293.130710102,293.184683800,293.295253117
127,0.035000000,0.040000000,0.033000000,0.038000000,2,293.000000000,293.057390679,293.110799555,293.130710102,293.184683800,293.295253117
128,0.040000000,0.045000000,0.033000000,0.038000000,2,293.000000000,293.057390679,293.110799555,293.130710102,293.184683800,293.295253117
129,0.045000000,0.050000000,0.033000000,0.038000000,2,293.000000000,293.057390679,293.110799555,293.130710102,293.184683800,293.295253117
130,0.050000000,0.055000000,0.033000000,0.038000000,2,293.000000000,293.057390679,293.110799555,293.130710102,293.184683800,293.295253117
131,0.055000000,0.060000000,0.033000000,0.038000000,2,293.000000000,293.057390679,293.110799555,293.130710102,293.184683800,293.295253117
132,0.060000000,0.065000000,0.033000000,0.038000000,2,293.000000000,293.057390679,293.110799555,293.130710102,293.184683800,293.295253117
133,0.065000000,0.070000000,0.033000000,0.038000000,2,293.000000000,293.057390679,293.110799555,293.130710102,293.184683800,293.295253117
134,0.070000000,0.075000000,0.033000000,0.038000000,2,293.000000000,293.057390679,293.110799555,293.130710102,293.184683800,293.295253117
135,0.075000000,0.080000000,0.033000000,0.038000000,2,293.000000000,293.057390679,293.110799555,293.130710102,293.184683800,293.295253117
136,0.080000000,0.085000000,0.033000000,0.038000000,2,293.000000000,293.057390679,293.110799555,293.130710102,293.184683800,293.295253117
137,0.085000000,0.090000000,0.033000000,0.038000000,2,293.000000000,293.057390679,293.110799555,293.130710102,293.184683800,293.295253117
138,0.090000000,0.095000000,0.033000000,0.038000000,2,293.000000000,293.057390679,293.110799555,293.130710102,293.184683800,293.295253117
139,0.095000000,0.100000000,0.033000000,0.038000000,2,293.000000000,293.057390679,293.110799555,293.130710102,293.184683800,293.295253117
140,0.000000000,0.005000000,0.038000000,0.043000000,2,293.000000000,293.059206980,293.115482288,293.137798273,293.194996991,293.312051591
141,0.005000000,0.010000000,0.038000000,0.043000000,2,293.000000000,293.059206980,293.115482288,293.137798273,293.194996991,293.312051591
142,0.010000000,0.015000000,0.038000000,0.043000000,2,293.000000000,293.059206980,293.115482288,293.137798273,293.194996991,293.312051591
143,0.015000000,0.020000000,0.038000000,0.043000000,2,293.000000000,293.059206980,293.115482288,293.137798273,293.194996991,293.312051591
144,0.020000000,0.025000000,0.038000000,0.043000000,2,293.000000000,293.059206980,293.115482288,293.137798273,293.194996991,293.312051591
145,0.025000000,0.030000000,0.038000000,0.043000000,2,293.000000000,293.059206980,293.115482288,293.137798273,293.194996991,293.312051591
146,0.030000000,0.035000000,0.038000000,0.043000000,2,293.000000000,293.059206980,293.115482288,293.137798273,293.194996991,293.312051591
147,0.035000000,0.040000000,0.038000000,0.043000000,2,293.000000000,293.059206980,293.115482288,293.137798273,293.194996991,293.312051591
148,0.040000000,0.045000000,0.038000000,0.043000000,2,293.000000000,293.059206980,293.115482288,293.137798273,293.194996991,293.312051591
149,0.045000000,0.050000000,0.038000000,0.043000000,2,293.000000000,293.059206980,293.115482288,293.137798273,293.194996991,293.312051591
150,0.050000000,0.055000000,0.038000000,0.043000000,2,293.000000000,293.059206980,293.115482288,293.137798273,293.194996991,293.312051591
151,0.055000000,0.060000000,0.038000000,0.043000000,2,293.000000000,293.059206980,293.115482288,293.137798273,293.194996991,293.312051591
152,0.060000000,0.065000000,0.038000000,0.043000000,2,293.000000000,293.059206980,293.115482288,293.137798273,293.194996991,293.312051591
153,0.065000000,0.070000000,0.038000000,0.043000000,2,293.000000000,293.059206980,293.115482288,293.137798273,293.194996991,293.312051591
154,0.070000000,0.075000000,0.038000000,0.043000000,2,293.000000000,293.059206980,293.115482288,293.137798273,293.194996991,293.312051591
155,0.075000000,0.080000000,0.038000000,0.043000000,2,293.000000000,293.059206980,293.115482288,293.137798273,293.194996991,293.312051591
156,0.080000000,0.085000000,0.038000000,0.043000000,2,293.000000000,293.059206980,293.115482288,293.137798273,293.194996991,293.312051591
157,0.085000000,0.090000000,0.038000000,0.043000000,2,293.000000000,293.059206980,293.115482288,293.137798273,293.194996991,293.312051591
158,0.090000000,0.095000000,0.038000000,0.043000000,2,293.000000000,293.059206980,293.115482288,293.137798273,293.194996991,293.312051591
159,0.095000000,0.100000000,0.038000000,0.043000000,2,293.000000000,293.059206980,293.115482288,293.137798273,293.194996991,293.312051591
160,0.000000000,0.005000000,0.043000000,0.048000000,2,293.000000000,293.059746058,293.117325007,293.141207525,293.200071123,293.320413272
161,0.005000000,0.010000000,0.043000000,0.048000000,2,293.000000000,293.059746058,293.117325007,293.141207525,293.200071123,293.320413272
162,0.010000000,0.015000000,0.043000000,0.048000000,2,293.000000000,293.059746058,293.117325007,293.141207525,293.200071123,293.320413272
163,0.015000000,0.020000000,0.043000000,0.048000000,2,293.000000000,293.059746058,293.117325007,293.141207525,293.200071123,293.320413272
164,0.020000000,0.025000000,0.043000000,0.048000000,2,293.000000000,293.059746058,293.117325007,293.141207525,293.200071123,293.320413272
165,0.025000000,0.030000000,0.043000000,0.048000000,2,293.000000000,293.059746058,293.117325007,293.141207525,293.200071123,293.320413272
166,0.030000000,0.035000000,0.043000000,0.048000000,2,293.000000000,293.059746058,293.117325007,293.141207525,293.200071123,293.320413272
167,0.035000000,0.040000000,0.043000000,0.048000000,2,293.000000000,293.059746058,293.117325007,293.141207525,293.200071123,293.320413272
168,0.040000000,0.045000000,0.043000000,0.048000000,2,293.000000000,293.059746058,293.117325007,293.141207525,293.200071123,293.320413272
169,0.045000000,0.050000000,0.043000000,0.048000000,2,293.000000000,293.059746058,293.117325007,293.141207525,293.200071123,293.320413272
170,0.050000000,0.055000000,0.043000000,0.048000000,2,293.000000000,293.059746058,293.117325007,293.141207525,293.200071123,293.320413272
171,0.055000000,0.060000000,0.043000000,0.048000000,2,293.000000000,293.059746058,293.117325007,293.141207525,293.200071123,293.320413272
172,0.060000000,0.065000000,0.043000000,0.048000000,2,293.000000000,293.059746058,293.117325007,293.141207525,293.200071123,293.320413272
173,0.065000000,0.070000000,0.043000000,0.048000000,2,293.000000000,293.059746058,293.117325007,293.141207525,293.200071123,293.320413272
174,0.070000000,0.075000000,0.043000000,0.048000000,2,293.000000000,293.059746058,293.117325007,293.141207525,293.200071123,293.320413272
175,0.075000000,0.080000000,0.043000000,0.048000000,2,293.000000000,293.059746058,293.117325007,293.141207525,293.200071123,293.320413272
176,0.080000000,0.085000000,0.043000000,0.048000000,2,293.000000000,293.059746058,293.117325007,293.141207525,293.200071123,293.320413272
177,0.085000000,0.090000000,0.043000000,0.048000000,2,293.000000000,293.059746058,293.117325007,293.141207525,293.200071123,293.320413272
178,0.090000000,0.095000000,0.043000000,0.048000000,2,293.000000000,293.059746058,293.117325007,293.141207525,293.200071123,293.320413272
179,0.095000000,0.100000000,0.043000000,0.048000000,2,293.000000000,293.059746058,293.117325007,293.141207525,293.200071123,293.320413272
180,0.000000000,0.005000000,0.048000000,0.053000000,2,293.000000000,293.059746058,293.117325007,293.141207525,293.200071123,293.320413272
181,0.005000000,0.010000000,0.048000000,0.053000000,2,293.000000000,293.059746058,293.117325007,293.141207525,293.200071123,293.320413272
182,0.010000000,0.015000000,0.048000000,0.053000000,2,293.000000000,293.059746058,293.117325007,293.141207525,293.200071123,293.320413272
183,0.015000000,0.020000000,0.048000000,0.053000000,2,293.000000000,293.059746058,293.117325007,293.141207525,293.200071123,293.320413272
184,0.020000000,0.025000000,0.048000000,0.053000000,2,293.000000000,293.059746058,293.117325007,293.141207525,293.200071123,293.320413272
185,0.025000000,0.030000000,0.048000000,0.053000000,2,293.000000000,293.059746058,293.117325007,293.141207525,293.200071123,293.320413272
186,0.030000000,0.035000000,0.048000000,0.053000000,2,293.000000000,293.059746058,293.117325007,293.141207525,293.200071123,293.320413272
187,0.035000000,0.040000000,0.048000000,0.053000000,2,293.000000000,293.059746058,293.117325007,293.141207525,293.200071123,293.320413272
188,0.040000000,0.045000000,0.048000000,0.053000000,2,293.000000000,293.059746058,293.117325007,293.141207525,293.200071123,293.320413272
189,0.045000000,0.050000000,0.048000000,0.053000000,2,293.000000000,293.059746058,293.117325007,293.141207525,293.200071123,293.320413272
190,0.050000000,0.055000000,0.048000000,0.053000000,2,293.000000000,293.059746058,293.117325007,293.141207525,293.200071123,293.320413272
191,0.055000000,0.060000000,0.048000000,0.053000000,2,293.000000000,293.059746058,293.117325007,293.141207525,293.200071123,293.320413272
192,0.060000000,0.065000000,0.048000000,0.053000000,2,293.000000000,293.059746058,293.117325007,293.141207525,293.200071123,293.320413272
193,0.065000000,0.070000000,0.048000000,0.053000000,2,293.000000000,293.059746058,293.117325007,293.141207525,293.200071123,293.320413272
194,0.070000000,0.075000000,0.048000000,0.053000000,2,293.000000000,293.059746058,293.117325007,293.141207525,293.200071123,293.320413272
195,0.075000000,0.080000000,0.048000000,0.053000000,2,293.000000000,293.059746058,293.117325007,293.141207525,293.200071123,293.320413272
196,0.080000000,0.085000000,0.048000000,0.053000000,2,293.000000000,293.059746058,293.117325007,293.141207525,293.200071123,293.320413272
197,0.085000000,0.090000000,0.048000000,0.053000000,2,293.000000000,293.059746058,293.117325007,293.141207525,293.200071123,293.320413272
198,0.090000000,0.095000000,0.048000000,0.053000000,2,293.000000000,293.059746058,293.117325007,293.141207525,293.200071123,293.320413272
199,0.095000000,0.100000000,0.048000000,0.053000000,2,293.000000000,293.059746058,293.117325007,293.141207525,293.200071123,293.320413272
200,0.000000000,0.005000000,0.053000000,0.058000000,2,293.000000000,293.059206980,293.115482288,293.137798273,293.194996991,293.312051591
201,0.005000000,0.010000000,0.053000000,0.058000000,2,293.000000000,293.059206980,293.115482288,293.137798273,293.194996991,293.312051591
202,0.010000000,0.015000000,0.053000000,0.058000000,2,293.000000000,293.059206980,293.115482288,293.137798273,293.194996991,293.312051591
203,0.015000000,0.020000000,0.053000000,0.058000000,2,293.000000000,293.059206980,293.115482288,293.137798273,293.194996991,293.312051591
204,0.020000000,0.025000000,0.053000000,0.058000000,2,293.000000000,293.059206980,293.115482288,293.137798273,293.194996991,293.312051591
205,0.025000000,0.030000000,0.053000000,0.058000000,2,293.000000000,293.059206980,293.115482288,293.137798273,293.194996991,293.312051591
206,0.030000000,0.035000000,0.053000000,0.058000000,2,293.000000000,293.059206980,293.115482288,293.137798273,293.194996991,293.312051591
207,0.035000000,0.040000000,0.053000000,0.058000000,2,293.000000000,293.059206980,293.115482288,293.137798273,293.194996991,293.312051591
208,0.040000000,0.045000000,0.053000000,0.058000000,2,293.000000000,293.059206980,293.115482288,293.137798273,293.194996991,293.312051591
209,0.045000000,0.050000000,0.053000000,0.058000000,2,293.000000000,293.059206980,293.115482288,293.137798273,293.194996991,293.312051591
210,0.050000000,0.055000000,0.053000000,0.058000000,2,293.000000000,293.059206980,293.115482288,293.137798273,293.194996991,293.312051591
211,0.055000000,0.060000000,0.053000000,0.058000000,2,293.000000000,293.059206980,293.115482288,293.137798273,293.194996991,293.312051591
212,0.060000000,0.065000000,0.053000000,0.058000000,2,293.000000000,293.059206980,293.115482288,293.137798273,293.194996991,293.312051591
213,0.065000000,0.070000000,0.053000000,0.058000000,2,293.000000000,293.059206980,293.115482288,293.137798273,293.194996991,293.312051591
214,0.070000000,0.075000000,0.053000000,0.058000000,2,293.000000000,293.059206980,293.115482288,293.137798273,293.194996991,293.312051591
215,0.075000000,0.080000000,0.053000000,0.058000000,2,293.000000000,293.059206980,293.115482288,293.137798273,293.194996991,293.312051591
216,0.080000000,0.085000000,0.053000000,0.058000000,2,293.000000000,293.059206980,293.115482288,293.137798273,293.194996991,293.312051591
217,0.085000000,0.090000000,0.053000000,0.058000000,2,293.000000000,293.059206980,293.115482288,293.137798273,293.194996991,293.312051591
218,0.090000000,0.095000000,0.053000000,0.058000000,2,293.000000000,293.059206980,293.115482288,293.137798273,293.194996991,293.312051591
219,0.095000000,0.100000000,0.053000000,0.058000000,2,293.000000000,293.059206980,293.115482288,293.137798273,293.194996991,293.312051591
220,0.000000000,0.005000000,0.058000000,0.063000000,2,293.000000000,293.057390679,293.110799555,293.130710102,293.184683800,293.295253117
221,0.005000000,0.010000000,0.058000000,0.063000000,2,293.000000000,293.057390679,293.110799555,293.130710102,293.184683800,293.295253117
222,0.010000000,0.015000000,0.058000000,0.063000000,2,293.000000000,293.057390679,293.110799555,293.130710102,293.184683800,293.295253117
223,0.015000000,0.020000000,0.058000000,0.063000000,2,293.000000000,293.057390679,293.110799555,293.130710102,293.184683800,293.295253117
224,0.020000000,0.025000000,0.058000000,0.063000000,2,293.000000000,293.057390679,293.110799555,293.130710102,293.184683800,293.295253117
225,0.025000000,0.030000000,0.058000000,0.063000000,2,293.000000000,293.057390679,293.110799555,293.130710102,293.184683800,293.295253117
226,0.030000000,0.035000000,0.058000000,0.063000000,2,293.000000000,293.057390679,293.110799555,293.130710102,293.184683800,293.295253117
227,0.035000000,0.040000000,0.058000000,0.063000000,2,293.000000000,293.057390679,293.110799555,293.130710102,293.184683800,293.295253117
228,0.040000000,0.045000000,0.058000000,0.063000000,2,293.000000000,293.057390679,293.110799555,293.130710102,293.184683800,293.295253117
229,0.045000000,0.050000000,0.058000000,0.063000000,2,293.000000000,293.057390679,293.110799555,293.130710102,293.184683800,293.295253117
230,0.050000000,0.055000000,0.058000000,0.063000000,2,293.000000000,293.057390679,293.110799555,293.130710102,293.184683800,293.295253117
231,0.055000000,0.060000000,0.058000000,0.063000000,2,293.000000000,293.057390679,293.110799555,293.130710102,293.184683800,293.295253117
232,0.060000000,0.065000000,0.058000000,0.063000000,2,293.000000000,293.057390679,293.110799555,293.130710102,293.184683800,293.295253117
233,0.065000000,0.070000000,0.058000000,0.063000000,2,293.000000000,293.057390679,293.110799555,293.130710102,293.184683800,293.295253117
234,0.070000000,0.075000000,0.058000000,0.063000000,2,293.000000000,293.057390679,293.110799555,293.130710102,293.184683800,293.295253117
235,0.075000000,0.080000000,0.058000000,0.063000000,2,293.000000000,293.057390679,293.110799555,293.130710102,293.184683800,293.295253117
236,0.080000000,0.085000000,0.058000000,0.063000000,2,293.000000000,293.057390679,293.110799555,293.130710102,293.184683800,293.295253117
237,0.085000000,0.090000000,0.058000000,0.063000000,2,293.000000000,293.057390679,293.110799555,293.130710102,293.184683800,293.295253117
238,0.090000000,0.095000000,0.058000000,0.063000000,2,293.000000000,293.057390679,293.110799555,293.130710102,293.184683800,293.295253117
239,0.095000000,0.100000000,0.058000000,0.063000000,2,293.000000000,293.057390679,293.110799555,293.130710102,293.184683800,293.295253117
240,0.000000000,0.005000000,0.066000000,0.071000000,3,293.000000000,293.057390679,293.110799555,293.130710102,293.184683800,293.295253117
241,0.005000000,0.010000000,0.066000000,0.071000000,3,293.000000000,293.057390679,293.110799555,293.130710102,293.184683800,293.295253117
242,0.010000000,0.015000000,0.066000000,0.071000000,3,293.000000000,293.057390679,293.110799555,293.130710102,293.184683800,293.295253117
243,0.015000000,0.020000000,0.066000000,0.071000000,3,293.000000000,293.057390679,293.110799555,293.130710102,293.184683800,293.295253117
244,0.020000000,0.025000000,0.066000000,0.071000000,3,293.000000000,293.057390679,293.110799555,293.130710102,293.184683800,293.295253117
245,0.025000000,0.030000000,0.066000000,0.071000000,3,293.000000000,293.057390679,293.110799555,293.130710102,293.184683800,293.295253117
246,0.030000000,0.035000000,0.066000000,0.071000000,3,293.000000000,293.057390679,293.110799555,293.130710102,293.184683800,293.295253117
247,0.035000000,0.040000000,0.066000000,0.071000000,3,293.000000000,293.057390679,293.110799555,293.130710102,293.184683800,293.295253117
248,0.040000000,0.045000000,0.066000000,0.071000000,3,293.000000000,293.057390679,293.110799555,293.130710102,293.184683800,293.295253117
249,0.045000000,0.050000000,0.066000000,0.071000000,3,293.000000000,293.057390679,293.110799555,293.130710102,293.184683800,293.295253117
250,0.050000000,0.055000000,0.066000000,0.071000000,3,293.000000000,293.057390679,293.110799555,293.130710102,293.184683800,293.295253117
251,0.055000000,0.060000000,0.066000000,0.071000000,3,293.000000000,293.057390679,293.110799555,293.130710102,293.184683800,293.295253117
252,0.060000000,0.065000000,0.066000000,0.071000000,3,293.000000000,293.057390679,293.110799555,293.130710102,293.184683800,293.295253117
253,0.065000000,0.070000000,0.066000000,0.071000000,3,293.000000000,293.057390679,293.110799555,293.130710102,293.184683800,293.295253117
254,0.070000000,0.075000000,0.066000000,0.071000000,3,293.000000000,293.057390679,293.110799555,293.130710102,293.184683800,293.295253117
255,0.075000000,0.080000000,0.066000000,0.071000000,3,293.000000000,293.057390679,293.110799555,293.130710102,293.184683800,293.295253117
256,0.080000000,0.085000000,0.066000000,0.071000000,3,293.000000000,293.057390679,293.110799555,293.130710102,293.184683800,293.295253117
257,0.085000000,0.090000000,0.066000000,0.071000000,3,293.000000000,293.057390679,293.110799555,293.130710102,293.184683800,293.295253117
258,0.090000000,0.095000000,0.066000000,0.071000000,3,293.000000000,293.057390679,293.110799555,293.130710102,293.184683800,293.295253117
259,0.095000000,0.100000000,0.066000000,0.071000000,3,293.000000000,293.057390679,293.110799555,293.130710102,293.184683800,293.295253117
260,0.000000000,0.005000000,0.071000000,0.076000000,3,293.000000000,293.059206980,293.115482288,293.137798273,293.194996991,293.312051591
261,0.005000000,0.010000000,0.071000000,0.076000000,3,293.000000000,293.059206980,293.115482288,293.137798273,293.194996991,293.312051591
262,0.010000000,0.015000000,0.071000000,0.076000000,3,293.000000000,293.059206980,293.115482288,293.137798273,293.194996991,293.312051591
263,0.015000000,0.020000000,0.071000000,0.076000000,3,293.000000000,293.059206980,293.115482288,293.137798273,293.194996991,293.312051591
264,0.020000000,0.025000000,0.071000000,0.076000000,3,293.000000000,293.059206980,293.115482288,293.137798273,293.194996991,293.312051591
265,0.025000000,0.030000000,0.071000000,0.076000000,3,293.000000000,293.059206980,293.115482288,293.137798273,293.194996991,293.312051591
266,0.030000000,0.035000000,0.071000000,0.076000000,3,293.000000000,293.059206980,293.115482288,293.137798273,293.194996991,293.312051591
267,0.035000000,0.040000000,0.071000000,0.076000000,3,293.000000000,293.059206980,293.115482288,293.137798273,293.194996991,293.312051591
268,0.040000000,0.045000000,0.071000000,0.076000000,3,293.000000000,293.059206980,293.115482288,293.137798273,293.194996991,293.312051591
269,0.045000000,0.050000000,0.071000000,0.076000000,3,293.000000000,293.059206980,293.115482288,293.137798273,293.194996991,293.312051591
270,0.050000000,0.055000000,0.071000000,0.076000000,3,293.000000000,293.059206980,293.115482288,293.137798273,293.194996991,293.312051591
271,0.055000000,0.060000000,0.071000000,0.076000000,3,293.000000000,293.059206980,293.115482288,293.137798273,293.194996991,293.312051591
272,0.060000000,0.065000000,0.071000000,0.076000000,3,293.000000000,293.059206980,293.115482288,293.137798273,293.194996991,293.312051591
273,0.065000000,0.070000000,0.071000000,0.076000000,3,293.000000000,293.059206980,293.115482288,293.137798273,293.194996991,293.312051591
274,0.070000000,0.075000000,0.071000000,0.076000000,3,293.000000000,293.059206980,293.115482288,293.137798273,293.194996991,293.312051591
275,0.075000000,0.080000000,0.071000000,0.076000000,3,293.000000000,293.059206980,293.115482288,293.137798273,293.194996991,293.312051591
276,0.080000000,0.085000000,0.071000000,0.076000000,3,293.000000000,293.059206980,293.115482288,293.137798273,293.194996991,293.312051591
277,0.085000000,0.090000000,0.071000000,0.076000000,3,293.000000000,293.059206980,293.115482288,293.137798273,293.194996991,293.312051591
278,0.090000000,0.095000000,0.071000000,0.076000000,3,293.000000000,293.059206980,293.115482288,293.137798273,293.194996991,293.312051591
279,0.095000000,0.100000000,0.071000000,0.076000000,3,293.000000000,293.059206980,293.115482288,293.137798273,293.194996991,293.312051591
280,0.000000000,0.005000000,0.076000000,0.081000000,3,293.000000000,293.059746058,293.117325007,293.141207525,293.200071123,293.320413272
281,0.005000000,0.010000000,0.076000000,0.081000000,3,293.000000000,293.059746058,293.117325007,293.141207525,293.200071123,293.320413272
282,0.010000000,0.015000000,0.076000000,0.081000000,3,293.000000000,293.059746058,293.117325007,293.141207525,293.200071123,293.320413272
283,0.015000000,0.020000000,0.076000000,0.081000000,3,293.000000000,293.059746058,293.117325007,293.141207525,293.200071123,293.320413272
284,0.020000000,0.025000000,0.076000000,0.081000000,3,293.000000000,293.059746058,293.117325007,293.141207525,293.200071123,293.320413272
285,0.025000000,0.030000000,0.076000000,0.081000000,3,293.000000000,293.059746058,293.117325007,293.141207525,293.200071123,293.320413272
286,0.030000000,0.035000000,0.076000000,0.081000000,3,293.000000000,293.059746058,293.117325007,293.141207525,293.200071123,293.320413272
287,0.035000000,0.040000000,0.076000000,0.081000000,3,293.000000000,293.059746058,293.117325007,293.141207525,293.200071123,293.320413272
288,0.040000000,0.045000000,0.076000000,0.081000000,3,293.000000000,293.059746058,293.117325007,293.141207525,293.200071123,293.320413272
289,0.045000000,0.050000000,0.076000000,0.081000000,3,293.000000000,293.059746058,293.117325007,293.141207525,293.200071123,293.320413272
290,0.050000000,0.055000000,0.076000000,0.081000000,3,293.000000000,293.059746058,293.117325007,293.141207525,293.200071123,293.320413272
291,0.055000000,0.060000000,0.076000000,0.081000000,3,293.000000000,293.059746058,293.117325007,293.141207525,293.200071123,293.320413272
292,0.060000000,0.065000000,0.076000000,0.081000000,3,293.000000000,293.059746058,293.117325007,293.141207525,293.200071123,293.320413272
293,0.065000000,0.070000000,0.076000000,0.081000000,3,293.000000000,293.059746058,293.117325007,293.141207525,293.200071123,293.320413272
294,0.070000000,0.075000000,0.076000000,0.081000000,3,293.000000000,293.059746058,293.117325007,293.141207525,293.200071123,293.320413272
295,0.075000000,0.080000000,0.076000000,0.081000000,3,293.000000000,293.059746058,293.117325007,293.141207525,293.200071123,293.320413272
296,0.080000000,0.085000000,0.076000000,0.081000000,3,293.000000000,293.059746058,293.117325007,293.141207525,293.200071123,293.320413272
297,0.085000000,0.090000000,0.076000000,0.081000000,3,293.000000000,293.059746058,293.117325007,293.141207525,293.200071123,293.320413272
298,0.090000000,0.095000000,0.076000000,0.081000000,3,293.000000000,293.059746058,293.117325007,293.141207525,293.200071123,293.320413272
299,0.095000000,0.100000000,0.076000000,0.081000000,3,293.000000000,293.059746058,293.117325007,293.141207525,293.200071123,293.320413272
300,0.000000000,0.005000000,0.081000000,0.086000000,3,293.000000000,293.059746058,293.117325007,293.141207525,293.200071123,293.320413272
301,0.005000000,0.010000000,0.081000000,0.086000000,3,293.000000000,293.059746058,293.117325007,293.141207525,293.200071123,293.320413272
302,0.010000000,0.015000000,0.081000000,0.086000000,3,293.000000000,293.059746058,293.117325007,293.141207525,293.200071123,293.320413272
303,0.015000000,0.020000000,0.081000000,0.086000000,3,293.000000000,293.059746058,293.117325007,293.141207525,293.200071123,293.320413272
304,0.020000000,0.025000000,0.081000000,0.086000000,3,293.000000000,293.059746058,293.117325007,293.141207525,293.200071123,293.320413272
305,0.025000000,0.030000000,0.081000000,0.086000000,3,293.000000000,293.059746058,293.117325007,293.141207525,293.200071123,293.320413272
306,0.030000000,0.035000000,0.081000000,0.086000000,3,293.000000000,293.059746058,293.117325007,293.141207525,293.200071123,293.320413272
307,0.035000000,0.040000000,0.081000000,0.086000000,3,293.000000000,293.059746058,293.117325007,293.141207525,293.200071123,293.320413272
308,0.040000000,0.045000000,0.081000000,0.086000000,3,293.000000000,293.059746058,293.117325007,293.141207525,293.200071123,293.320413272
309,0.045000000,0.050000000,0.081000000,0.086000000,3,293.000000000,293.059746058,293.117325007,293.141207525,293.200071123,293.320413272
310,0.050000000,0.055000000,0.081000000,0.086000000,3,293.000000000,293.059746058,293.117325007,293.141207525,293.200071123,293.320413272
311,0.055000000,0.060000000,0.081000000,0.086000000,3,293.000000000,293.059746058,293.117325007,293.141207525,293.200071123,293.320413272
312,0.060000000,0.065000000,0.081000000,0.086000000,3,293.000000000,293.059746058,293.117325007,293.141207525,293.200071123,293.320413272
313,0.065000000,0.070000000,0.081000000,0.086000000,3,293.000000000,293.059746058,293.117325007,293.141207525,293.200071123,293.320413272
314,0.070000000,0.075000000,0.081000000,0.086000000,3,293.000000000,293.059746058,293.117325007,293.141207525,293.200071123,293.320413272
315,0.075000000,0.080000000,0.081000000,0.086000000,3,293.000000000,293.059746058,293.117325007,293.141207525,293.200071123,293.320413272
316,0.080000000,0.085000000,0.081000000,0.086000000,3,293.000000000,293.059746058,293.117325007,293.141207525,293.200071123,293.320413272
317,0.085000000,0.090000000,0.081000000,0.086000000,3,293.000000000,293.059746058,293.117325007,293.141207525,293.200071123,293.320413272
318,0.090000000,0.095000000,0.081000000,0.086000000,3,293.000000000,293.059746058,293.117325007,293.141207525,293.200071123,293.320413272
319,0.095000000,0.100000000,0.081000000,0.086000000,3,293.000000000,293.059746058,293.117325007,293.141207525,293.200071123,293.320413272
320,0.000000000,0.005000000,0.086000000,0.091000000,3,293.000000000,293.059206980,293.115482288,293.137798273,293.194996991,293.312051591
321,0.005000000,0.010000000,0.086000000,0.091000000,3,293.000000000,293.059206980,293.115482288,293.137798273,293.194996991,293.312051591
322,0.010000000,0.015000000,0.086000000,0.091000000,3,293.000000000,293.059206980,293.115482288,293.137798273,293.194996991,293.312051591
323,0.015000000,0.020000000,0.086000000,0.091000000,3,293.000000000,293.059206980,293.115482288,293.137798273,293.194996991,293.312051591
324,0.020000000,0.025000000,0.086000000,0.091000000,3,293.000000000,293.059206980,293.115482288,293.137798273,293.194996991,293.312051591
325,0.025000000,0.030000000,0.086000000,0.091000000,3,293.000000000,293.059206980,293.115482288,293.137798273,293.194996991,293.312051591
326,0.030000000,0.035000000,0.086000000,0.091000000,3,293.000000000,293.059206980,293.115482288,293.137798273,293.194996991,293.312051591
327,0.035000000,0.040000000,0.086000000,0.091000000,3,293.000000000,293.059206980,293.115482288,293.137798273,293.194996991,293.312051591
328,0.040000000,0.045000000,0.086000000,0.091000000,3,293.000000000,293.059206980,293.115482288,293.137798273,293.194996991,293.312051591
329,0.045000000,0.050000000,0.086000000,0.091000000,3,293.000000000,293.059206980,293.115482288,293.137798273,293.194996991,293.312051591
330,0.050000000,0.055000000,0.086000000,0.091000000,3,293.000000000,293.059206980,293.115482288,293.137798273,293.194996991,293.312051591
331,0.055000000,0.060000000,0.086000000,0.091000000,3,293.000000000,293.059206980,293.115482288,293.137798273,293.194996991,293.312051591
332,0.060000000,0.065000000,0.086000000,0.091000000,3,293.000000000,293.059206980,293.115482288,293.137798273,293.194996991,293.312051591
333,0.065000000,0.070000000,0.086000000,0.091000000,3,293.000000000,293.059206980,293.115482288,293.137798273,293.194996991,293.312051591
334,0.070000000,0.075000000,0.086000000,0.091000000,3,293.000000000,293.059206980,293.115482288,293.137798273,293.194996991,293.312051591
335,0.075000000,0.080000000,0.086000000,0.091000000,3,293.000000000,293.059206980,293.115482288,293.137798273,293.194996991,293.312051591
336,0.080000000,0.085000000,0.086000000,0.091000000,3,293.000000000,293.059206980,293.115482288,293.137798273,293.194996991,293.312051591
337,0.085000000,0.090000000,0.086000000,0.091000000,3,293.000000000,293.059206980,293.115482288,293.137798273,293.194996991,293.312051591
338,0.090000000,0.095000000,0.086000000,0.091000000,3,293.000000000,293.059206980,293.115482288,293.137798273,293.194996991,293.312051591
339,0.095000000,0.100000000,0.086000000,0.091000000,3,293.000000000,293.059206980,293.115482288,293.137798273,293.194996991,293.312051591
340,0.000000000,0.005000000,0.091000000,0.096000000,3,293.000000000,293.057390679,293.110799555,293.130710102,293.184683800,293.295253117
341,0.005000000,0.010000000,0.091000000,0.096000000,3,293.000000000,293.057390679,293.110799555,293.130710102,293.184683800,293.295253117
342,0.010000000,0.015000000,0.091000000,0.096000000,3,293.000000000,293.057390679,293.110799555,293.130710102,293.184683800,293.295253117
343,0.015000000,0.020000000,0.091000000,0.096000000,3,293.000000000,293.057390679,293.110799555,293.130710102,293.184683800,293.295253117
344,0.020000000,0.025000000,0.091000000,0.096000000,3,293.000000000,293.057390679,293.110799555,293.130710102,293.184683800,293.295253117
345,0.025000000,0.030000000,0.091000000,0.096000000,3,293.000000000,293.057390679,293.110799555,293.130710102,293.184683800,293.295253117
346,0.030000000,0.035000000,0.091000000,0.096000000,3,293.000000000,293.057390679,293.110799555,293.130710102,293.184683800,293.295253117
347,0.035000000,0.040000000,0.091000000,0.096000000,3,293.000000000,293.057390679,293.110799555,293.130710102,293.184683800,293.295253117
348,0.040000000,0.045000000,0.091000000,0.096000000,3,293.000000000,293.057390679,293.110799555,293.130710102,293.184683800,293.295253117
349,0.045000000,0.050000000,0.091000000,0.096000000,3,293.000000000,293.057390679,293.110799555,293.130710102,293.184683800,293.295253117
350,0.050000000,0.055000000,0.091000000,0.096000000,3,293.000000000,293.057390679,293.110799555,293.130710102,293.184683800,293.295253117
351,0.055000000,0.060000000,0.091000000,0.096000000,3,293.000000000,293.057390679,293.110799555,293.130710102,293.184683800,293.295253117
352,0.060000000,0.065000000,0.091000000,0.096000000,3,293.000000000,293.057390679,293.110799555,293.130710102,293.184683800,293.295253117
353,0.065000000,0.070000000,0.091000000,0.096000000,3,293.000000000,293.057390679,293.110799555,293.130710102,293.184683800,293.295253117
354,0.070000000,0.075000000,0.091000000,0.096000000,3,293.000000000,293.057390679,293.110799555,293.130710102,293.184683800,293.295253117
355,0.075000000,0.080000000,0.091000000,0.096000000,3,293.000000000,293.057390679,293.110799555,293.130710102,293.184683800,293.295253117
356,0.080000000,0.085000000,0.091000000,0.096000000,3,293.000000000,293.057390679,293.110799555,293.130710102,293.184683800,293.295253117
357,0.085000000,0.090000000,0.091000000,0.096000000,3,293.000000000,293.057390679,293.110799555,293.130710102,293.184683800,293.295253117
358,0.090000000,0.095000000,0.091000000,0.096000000,3,293.000000000,293.057390679,293.110799555,293.130710102,293.184683800,293.295253117
359,0.095000000,0.100000000,0.091000000,0.096000000,3,293.000000000,293.057390679,293.110799555,293.130710102,293.184683800,293.295253117
360,0.000000000,0.005000000,0.099000000,0.104000000,4,293.000000000,293.057390679,293.110799555,293.130710102,293.184683800,293.295253117
361,0.005000000,0.010000000,0.099000000,0.104000000,4,293.000000000,293.057390679,293.110799555,293.130710102,293.184683800,293.295253117
362,0.010000000,0.015000000,0.099000000,0.104000000,4,293.000000000,293.057390679,293.110799555,293.130710102,293.184683800,293.295253117
363,0.015000000,0.020000000,0.099000000,0.104000000,4,293.000000000,293.057390679,293.110799555,293.130710102,293.184683800,293.295253117
364,0.020000000,0.025000000,0.099000000,0.104000000,4,293.000000000,293.057390679,293.110799555,293.130710102,293.184683800,293.295253117
365,0.025000000,0.030000000,0.099000000,0.104000000,4,293.000000000,293.057390679,293.110799555,293.130710102,293.184683800,293.295253117
366,0.030000000,0.035000000,0.099000000,0.104000000,4,293.000000000,293.057390679,293.110799555,293.130710102,293.184683800,293.295253117
367,0.035000000,0.040000000,0.099000000,0.104000000,4,293.000000000,293.057390679,293.110799555,293.130710102,293.184683800,293.295253117
368,0.040000000,0.045000000,0.099000000,0.104000000,4,293.000000000,293.057390679,293.110799555,293.130710102,293.184683800,293.295253117
369,0.045000000,0.050000000,0.099000000,0.104000000,4,293.000000000,293.057390679,293.110799555,293.130710102,293.184683800,293.295253117
370,0.050000000,0.055000000,0.099000000,0.104000000,4,293.000000000,293.057390679,293.110799555,293.130710102,293.184683800,293.295253117
371,0.055000000,0.060000000,0.099000000,0.104000000,4,293.000000000,293.057390679,293.110799555,293.130710102,293.184683800,293.295253117
372,0.060000000,0.065000000,0.099000000,0.104000000,4,293.000000000,293.057390679,293.110799555,293.130710102,293.184683800,293.295253117
373,0.065000000,0.070000000,0.099000000,0.104000000,4,293.000000000,293.057390679,293.110799555,293.130710102,293.184683800,293.295253117
374,0.070000000,0.075000000,0.099000000,0.104000000,4,293.000000000,293.057390679,293.110799555,293.130710102,293.184683800,293.295253117
375,0.075000000,0.080000000,0.099000000,0.104000000,4,293.000000000,293.057390679,293.110799555,293.130710102,293.184683800,293.295253117
376,0.080000000,0.085000000,0.099000000,0.104000000,4,293.000000000,293.057390679,293.110799555,293.130710102,293.184683800,293.295253117
377,0.085000000,0.090000000,0.099000000,0.104000000,4,293.000000000,293.057390679,293.110799555,293.130710102,293.184683800,293.295253117
378,0.090000000,0.095000000,0.099000000,0.104000000,4,293.000000000,293.057390679,293.110799555,293.130710102,293.184683800,293.295253117
379,0.095000000,0.100000000,0.099000000,0.104000000,4,293.000000000,293.057390679,293.110799555,293.130710102,293.184683800,293.295253117
380,0.000000000,0.005000000,0.104000000,0.109000000,4,293.000000000,293.059206980,293.115482288,293.137798273,293.194996991,293.312051591
381,0.005000000,0.010000000,0.104000000,0.109000000,4,293.000000000,293.059206980,293.115482288,293.137798273,293.194996991,293.312051591
382,0.010000000,0.015000000,0.104000000,0.109000000,4,293.000000000,293.059206980,293.115482288,293.137798273,293.194996991,293.312051591
383,0.015000000,0.020000000,0.104000000,0.109000000,4,293.000000000,293.059206980,293.115482288,293.137798273,293.194996991,293.312051591
384,0.020000000,0.025000000,0.104000000,0.109000000,4,293.000000000,293.059206980,293.115482288,293.137798273,293.194996991,293.312051591
385,0.025000000,0.030000000,0.104000000,0.109000000,4,293.000000000,293.059206980,293.115482288,293.137798273,293.194996991,293.312051591
386,0.030000000,0.035000000,0.104000000,0.109000000,4,293.000000000,293.059206980,293.115482288,293.137798273,293.194996991,293.312051591
387,0.035000000,0.040000000,0.104000000,0.109000000,4,293.000000000,293.059206980,293.115482288,293.137798273,293.194996991,293.312051591
388,0.040000000,0.045000000,0.104000000,0.109000000,4,293.000000000,293.059206980,293.115482288,293.137798273,293.194996991,293.312051591
389,0.045000000,0.050000000,0.104000000,0.109000000,4,293.000000000,293.059206980,293.115482288,293.137798273,293.194996991,293.312051591
390,0.050000000,0.055000000,0.104000000,0.109000000,4,293.000000000,293.059206980,293.115482288,293.137798273,293.194996991,293.312051591
391,0.055000000,0.060000000,0.104000000,0.109000000,4,293.000000000,293.059206980,293.115482288,293.137798273,293.194996991,293.312051591
392,0.060000000,0.065000000,0.104000000,0.109000000,4,293.000000000,293.059206980,293.115482288,293.137798273,293.194996991,293.312051591
393,0.065000000,0.070000000,0.104000000,0.109000000,4,293.000000000,293.059206980,293.115482288,293.137798273,293.194996991,293.312051591
394,0.070000000,0.075000000,0.104000000,0.109000000,4,293.000000000,293.059206980,293.115482288,293.137798273,293.194996991,293.312051591
395,0.075000000,0.080000000,0.104000000,0.109000000,4,293.000000000,293.059206980,293.115482288,293.137798273,293.194996991,293.312051591
396,0.080000000,0.085000000,0.104000000,0.109000000,4,293.000000000,293.059206980,293.115482288,293.137798273,293.194996991,293.312051591
397,0.085000000,0.090000000,0.104000000,0.109000000,4,293.000000000,293.059206980,293.115482288,293.137798273,293.194996991,293.312051591
398,0.090000000,0.095000000,0.104000000,0.109000000,4,293.000000000,293.059206980,293.115482288,293.137798273,293.194996991,293.312051591
399,0.095000000,0.100000000,0.104000000,0.109000000,4,293.000000000,293.059206980,293.115482288,293.137798273,293.194996991,293.312051591
400,0.000000000,0.005000000,0.109000000,0.114000000,4,293.000000000,293.059746058,293.117325007,293.141207525,293.200071123,293.320413272
401,0.005000000,0.010000000,0.109000000,0.114000000,4,293.000000000,293.059746058,293.117325007,293.141207525,293.200071123,293.320413272
402,0.010000000,0.015000000,0.109000000,0.114000000,4,293.000000000,293.059746058,293.117325007,293.141207525,293.200071123,293.320413272
403,0.015000000,0.020000000,0.109000000,0.114000000,4,293.000000000,293.059746058,293.117325007,293.141207525,293.200071123,293.320413272
404,0.020000000,0.025000000,0.109000000,0.114000000,4,293.000000000,293.059746058,293.117325007,293.141207525,293.200071123,293.320413272
405,0.025000000,0.030000000,0.109000000,0.114000000,4,293.000000000,293.059746058,293.117325007,293.141207525,293.200071123,293.320413272
406,0.030000000,0.035000000,0.109000000,0.114000000,4,293.000000000,293.059746058,293.117325007,293.141207525,293.200071123,293.320413272
407,0.035000000,0.040000000,0.109000000,0.114000000,4,293.000000000,293.059746058,293.117325007,293.141207525,293.200071123,293.320413272
408,0.040000000,0.045000000,0.109000000,0.114000000,4,293.000000000,293.059746058,293.117325007,293.141207525,293.200071123,293.320413272
409,0.045000000,0.050000000,0.109000000,0.114000000,4,293.000000000,293.059746058,293.117325007,293.141207525,293.200071123,293.320413272
410,0.050000000,0.055000000,0.109000000,0.114000000,4,293.000000000,293.059746058,293.117325007,293.141207525,293.200071123,293.320413272
411,0.055000000,0.060000000,0.109000000,0.114000000,4,293.000000000,293.059746058,293.117325007,293.141207525,293.200071123,293.320413272
412,0.060000000,0.065000000,0.109000000,0.114000000,4,293.000000000,293.059746058,293.117325007,293.141207525,293.200071123,293.320413272
413,0.065000000,0.070000000,0.109000000,0.114000000,4,293.000000000,293.059746058,293.117325007,293.141207525,293.200071123,293.320413272
414,0.070000000,0.075000000,0.109000000,0.114000000,4,293.000000000,293.059746058,293.117325007,293.141207525,293.200071123,293.320413272
415,0.075000000,0.080000000,0.109000000,0.114000000,4,293.000000000,293.059746058,293.117325007,293.141207525,293.200071123,293.320413272
416,0.080000000,0.085000000,0.109000000,0.114000000,4,293.000000000,293.059746058,293.117325007,293.141207525,293.200071123,293.320413272
417,0.085000000,0.090000000,0.109000000,0.114000000,4,293.000000000,293.059746058,293.117325007,293.141207525,293.200071123,293.320413272
418,0.090000000,0.095000000,0.109000000,0.114000000,4,293.000000000,293.059746058,293.117325007,293.141207525,293.200071123,293.320413272
419,0.095000000,0.100000000,0.109000000,0.114000000,4,293.000000000,293.059746058,293.117325007,293.141207525,293.200071123,293.320413272
420,0.000000000,0.005000000,0.114000000,0.119000000,4,293.000000000,293.059746058,293.117325007,293.141207525,293.200071123,293.320413272
421,0.005000000,0.010000000,0.114000000,0.119000000,4,293.000000000,293.059746058,293.117325007,293.141207525,293.200071123,293.320413272
422,0.010000000,0.015000000,0.114000000,0.119000000,4,293.000000000,293.059746058,293.117325007,293.141207525,293.200071123,293.320413272
423,0.015000000,0.020000000,0.114000000,0.119000000,4,293.000000000,293.059746058,293.117325007,293.141207525,293.200071123,293.320413272
424,0.020000000,0.025000000,0.114000000,0.119000000,4,293.000000000,293.059746058,293.117325007,293.141207525,293.200071123,293.320413272
425,0.025000000,0.030000000,0.114000000,0.119000000,4,293.000000000,293.059746058,293.117325007,293.141207525,293.200071123,293.320413272
426,0.030000000,0.035000000,0.114000000,0.119000000,4,293.000000000,293.059746058,293.117325007,293.141207525,293.200071123,293.320413272
427,0.035000000,0.040000000,0.114000000,0.119000000,4,293.000000000,293.059746058,293.117325007,293.141207525,293.200071123,293.320413272
428,0.040000000,0.045000000,0.114000000,0.119000000,4,293.000000000,293.059746058,293.117325007,293.141207525,293.200071123,293.320413272
429,0.045000000,0.050000000,0.114000000,0.119000000,4,293.000000000,293.059746058,293.117325007,293.141207525,293.200071123,293.320413272
430,0.050000000,0.055000000,0.114000000,0.119000000,4,293.000000000,293.059746058,293.117325007,293.141207525,293.200071123,293.320413272
431,0.055000000,0.060000000,0.114000000,0.119000000,4,293.000000000,293.059746058,293.117325007,293.141207525,293.200071123,293.320413272
432,0.060000000,0.065000000,0.114000000,0.119000000,4,293.000000000,293.059746058,293.117325007,293.141207525,293.200071123,293.320413272
433,0.065000000,0.070000000,0.114000000,0.119000000,4,293.000000000,293.059746058,293.117325007,293.141207525,293.200071123,293.320413272
434,0.070000000,0.075000000,0.114000000,0.119000000,4,293.000000000,293.059746058,293.117325007,293.141207525,293.200071123,293.320413272
435,0.075000000,0.080000000,0.114000000,0.119000000,4,293.000000000,293.059746058,293.117325007,293.141207525,293.200071123,293.320413272
436,0.080000000,0.085000000,0.114000000,0.119000000,4,293.000000000,293.059746058,293.117325007,293.141207525,293.200071123,293.320413272
437,0.085000000,0.090000000,0.114000000,0.119000000,4,293.000000000,293.059746058,293.117325007,293.141207525,293.200071123,293.320413272
438,0.090000000,0.095000000,0.114000000,0.119000000,4,293.000000000,293.059746058,293.117325007,293.141207525,293.200071123,293.320413272
439,0.095000000,0.100000000,0.114000000,0.119000000,4,293.000000000,293.059746058,293.117325007,293.141207525,293.200071123,293.320413272
440,0.000000000,0.005000000,0.119000000,0.124000000,4,293.000000000,293.059206980,293.115482288,293.137798273,293.194996991,293.312051591
441,0.005000000,0.010000000,0.119000000,0.124000000,4,293.000000000,293.059206980,293.115482288,293.137798273,293.194996991,293.312051591
442,0.010000000,0.015000000,0.119000000,0.124000000,4,293.000000000,293.059206980,293.115482288,293.137798273,293.194996991,293.312051591
443,0.015000000,0.020000000,0.119000000,0.124000000,4,293.000000000,293.059206980,293.115482288,293.137798273,293.194996991,293.312051591
444,0.020000000,0.025000000,0.119000000,0.124000000,4,293.000000000,293.059206980,293.115482288,293.137798273,293.194996991,293.312051591
445,0.025000000,0.030000000,0.119000000,0.124000000,4,293.000000000,293.059206980,293.115482288,293.137798273,293.194996991,293.312051591
446,0.030000000,0.035000000,0.119000000,0.124000000,4,293.000000000,293.059206980,293.115482288,293.137798273,293.194996991,293.312051591
447,0.035000000,0.040000000,0.119000000,0.124000000,4,293.000000000,293.059206980,293.115482288,293.137798273,293.194996991,293.312051591
448,0.040000000,0.045000000,0.119000000,0.124000000,4,293.000000000,293.059206980,293.115482288,293.137798273,293.194996991,293.312051591
449,0.045000000,0.050000000,0.119000000,0.124000000,4,293.000000000,293.059206980,293.115482288,293.137798273,293.194996991,293.312051591
450,0.050000000,0.055000000,0.119000000,0.124000000,4,293.000000000,293.059206980,293.115482288,293.137798273,293.194996991,293.312051591
451,0.055000000,0.060000000,0.119000000,0.124000000,4,293.000000000,293.059206980,293.115482288,293.137798273,293.194996991,293.312051591
452,0.060000000,0.065000000,0.119000000,0.124000000,4,293.000000000,293.059206980,293.115482288,293.137798273,293.194996991,293.312051591
453,0.065000000,0.070000000,0.119000000,0.124000000,4,293.000000000,293.059206980,293.115482288,293.137798273,293.194996991,293.312051591
454,0.070000000,0.075000000,0.119000000,0.124000000,4,293.000000000,293.059206980,293.115482288,293.137798273,293.194996991,293.312051591
455,0.075000000,0.080000000,0.119000000,0.124000000,4,293.000000000,293.059206980,293.115482288,293.137798273,293.194996991,293.312051591
456,0.080000000,0.085000000,0.119000000,0.124000000,4,293.000000000,293.059206980,293.115482288,293.137798273,293.194996991,293.312051591
457,0.085000000,0.090000000,0.119000000,0.124000000,4,293.000000000,293.059206980,293.115482288,293.137798273,293.194996991,293.312051591
458,0.090000000,0.095000000,0.119000000,0.124000000,4,293.000000000,293.059206980,293.115482288,293.137798273,293.194996991,293.312051591
459,0.095000000,0.100000000,0.119000000,0.124000000,4,293.000000000,293.059206980,293.115482288,293.137798273,293.194996991,293.312051591
460,0.000000000,0.005000000,0.124000000,0.129000000,4,293.000000000,293.057390679,293.110799555,293.130710102,293.184683800,293.295253117
461,0.005000000,0.010000000,0.124000000,0.129000000,4,293.000000000,293.057390679,293.110799555,293.130710102,293.184683800,293.295253117
462,0.010000000,0.015000000,0.124000000,0.129000000,4,293.000000000,293.057390679,293.110799555,293.130710102,293.184683800,293.295253117
463,0.015000000,0.020000000,0.124000000,0.129000000,4,293.000000000,293.057390679,293.110799555,293.130710102,293.184683800,293.295253117
464,0.020000000,0.025000000,0.124000000,0.129000000,4,293.000000000,293.057390679,293.110799555,293.130710102,293.184683800,293.295253117
465,0.025000000,0.030000000,0.124000000,0.129000000,4,293.000000000,293.057390679,293.110799555,293.130710102,293.184683800,293.295253117
466,0.030000000,0.035000000,0.124000000,0.129000000,4,293.000000000,293.057390679,293.110799555,293.130710102,293.184683800,293.295253117
467,0.035000000,0.040000000,0.124000000,0.129000000,4,293.000000000,293.057390679,293.110799555,293.130710102,293.184683800,293.295253117
468,0.040000000,0.045000000,0.124000000,0.129000000,4,293.000000000,293.057390679,293.110799555,293.130710102,293.184683800,293.295253117
469,0.045000000,0.050000000,0.124000000,0.129000000,4,293.000000000,293.057390679,293.110799555,293.130710102,293.184683800,293.295253117
470,0.050000000,0.055000000,0.124000000,0.129000000,4,293.000000000,293.057390679,293.110799555,293.130710102,293.184683800,293.295253117
471,0.055000000,0.060000000,0.124000000,0.129000000,4,293.000000000,293.057390679,293.110799555,293.130710102,293.184683800,293.295253117
472,0.060000000,0.065000000,0.124000000,0.129000000,4,293.000000000,293.057390679,293.110799555,293.130710102,293.184683800,293.295253117
473,0.065000000,0.070000000,0.124000000,0.129000000,4,293.000000000,293.057390679,293.110799555,293.130710102,293.184683800,293.295253117
474,0.070000000,0.075000000,0.124000000,0.129000000,4,293.000000000,293.057390679,293.110799555,293.130710102,293.184683800,293.295253117
475,0.075000000,0.080000000,0.124000000,0.129000000,4,293.000000000,293.057390679,293.110799555,293.130710102,293.184683800,293.295253117
476,0.080000000,0.085000000,0.124000000,0.129000000,4,293.000000000,293.057390679,293.110799555,293.130710102,293.184683800,293.295253117
477,0.085000000,0.090000000,0.124000000,0.129000000,4,293.000000000,293.057390679,293.110799555,293.130710102,293.184683800,293.295253117
478,0.090000000,0.095000000,0.124000000,0.129000000,4,293.000000000,293.057390679,293.110799555,293.130710102,293.184683800,293.295253117
479,0.095000000,0.100000000,0.124000000,0.129000000,4,293.000000000,293.057390679,293.110799555,293.130710102,293.184683800,293.295253117
480,0.000000000,0.005000000,0.132000000,0.137000000,5,293.000000000,293.057390679,293.110799555,293.130710102,293.184683800,293.295253117
481,0.005000000,0.010000000,0.132000000,0.137000000,5,293.000000000,293.057390679,293.110799555,293.130710102,293.184683800,293.295253117
482,0.010000000,0.015000000,0.132000000,0.137000000,5,293.000000000,293.057390679,293.110799555,293.130710102,293.184683800,293.295253117
483,0.015000000,0.020000000,0.132000000,0.137000000,5,293.000000000,293.057390679,293.110799555,293.130710102,293.184683800,293.295253117
484,0.020000000,0.025000000,0.132000000,0.137000000,5,293.000000000,293.057390679,293.110799555,293.130710102,293.184683800,293.295253117
485,0.025000000,0.030000000,0.132000000,0.137000000,5,293.000000000,293.057390679,293.110799555,293.130710102,293.184683800,293.295253117
486,0.030000000,0.035000000,0.132000000,0.137000000,5,293.000000000,293.057390679,293.110799555,293.130710102,293.184683800,293.295253117
487,0.035000000,0.040000000,0.132000000,0.137000000,5,293.000000000,293.057390679,293.110799555,293.130710102,293.184683800,293.295253117
488,0.040000000,0.045000000,0.132000000,0.137000000,5,293.000000000,293.057390679,293.110799555,293.130710102,293.184683800,293.295253117
489,0.045000000,0.050000000,0.132000000,0.137000000,5,293.000000000,293.057390679,293.110799555,293.130710102,293.184683800,293.295253117
490,0.050000000,0.055000000,0.132000000,0.137000000,5,293.000000000,293.057390679,293.110799555,293.130710102,293.184683800,293.295253117
491,0.055000000,0.060000000,0.132000000,0.137000000,5,293.000000000,293.057390679,293.110799555,293.130710102,293.184683800,293.295253117
492,0.060000000,0.065000000,0.132000000,0.137000000,5,293.000000000,293.057390679,293.110799555,293.130710102,293.184683800,293.295253117
493,0.065000000,0.070000000,0.132000000,0.137000000,5,293.000000000,293.057390679,293.110799555,293.130710102,293.184683800,293.295253117
494,0.070000000,0.075000000,0.132000000,0.137000000,5,293.000000000,293.057390679,293.110799555,293.130710102,293.184683800,293.295253117
495,0.075000000,0.080000000,0.132000000,0.137000000,5,293.000000000,293.057390679,293.110799555,293.130710102,293.184683800,293.295253117
496,0.080000000,0.085000000,0.132000000,0.137000000,5,293.000000000,293.057390679,293.110799555,293.130710102,293.184683800,293.295253117
497,0.085000000,0.090000000,0.132000000,0.137000000,5,293.000000000,293.057390679,293.110799555,293.130710102,293.184683800,293.295253117
498,0.090000000,0.095000000,0.132000000,0.137000000,5,293.000000000,293.057390679,293.110799555,293.130710102,293.184683800,293.295253117
499,0.095000000,0.100000000,0.132000000,0.137000000,5,293.000000000,293.057390679,293.110799555,293.130710102,293.184683800,293.295253117
500,0.000000000,0.005000000,0.137000000,0.142000000,5,293.000000000,293.059206980,293.115482288,293.137798273,293.194996991,293.312051591
501,0.005000000,0.010000000,0.137000000,0.142000000,5,293.000000000,293.059206980,293.115482288,293.137798273,293.194996991,293.312051591
502,0.010000000,0.015000000,0.137000000,0.142000000,5,293.000000000,293.059206980,293.115482288,293.137798273,293.194996991,293.312051591
503,0.015000000,0.020000000,0.137000000,0.142000000,5,293.000000000,293.059206980,293.115482288,293.137798273,293.194996991,293.312051591
504,0.020000000,0.025000000,0.137000000,0.142000000,5,293.000000000,293.059206980,293.115482288,293.137798273,293.194996991,293.312051591
505,0.025000000,0.030000000,0.137000000,0.142000000,5,293.000000000,293.059206980,293.115482288,293.137798273,293.194996991,293.312051591
506,0.030000000,0.035000000,0.137000000,0.142000000,5,293.000000000,293.059206980,293.115482288,293.137798273,293.194996991,293.312051591
507,0.035000000,0.040000000,0.137000000,0.142000000,5,293.000000000,293.059206980,293.115482288,293.137798273,293.194996991,293.312051591
508,0.040000000,0.045000000,0.137000000,0.142000000,5,293.000000000,293.059206980,293.115482288,293.137798273,293.194996991,293.312051591
509,0.045000000,0.050000000,0.137000000,0.142000000,5,293.000000000,293.059206980,293.115482288,293.137798273,293.194996991,293.312051591
510,0.050000000,0.055000000,0.137000000,0.142000000,5,293.000000000,293.059206980,293.115482288,293.137798273,293.194996991,293.312051591
511,0.055000000,0.060000000,0.137000000,0.142000000,5,293.000000000,293.059206980,293.115482288,293.137798273,293.194996991,293.312051591
512,0.060000000,0.065000000,0.137000000,0.142000000,5,293.000000000,293.059206980,293.115482288,293.137798273,293.194996991,293.312051591
513,0.065000000,0.070000000,0.137000000,0.142000000,5,293.000000000,293.059206980,293.115482288,293.137798273,293.194996991,293.312051591
514,0.070000000,0.075000000,0.137000000,0.142000000,5,293.000000000,293.059206980,293.115482288,293.137798273,293.194996991,293.312051591
515,0.075000000,0.080000000,0.137000000,0.142000000,5,293.000000000,293.059206980,293.115482288,293.137798273,293.194996991,293.312051591
516,0.080000000,0.085000000,0.137000000,0.142000000,5,293.000000000,293.059206980,293.115482288,293.137798273,293.194996991,293.312051591
517,0.085000000,0.090000000,0.137000000,0.142000000,5,293.000000000,293.059206980,293.115482288,293.137798273,293.194996991,293.312051591
518,0.090000000,0.095000000,0.137000000,0.142000000,5,293.000000000,293.059206980,293.115482288,293.137798273,293.194996991,293.312051591
519,0.095000000,0.100000000,0.137000000,0.142000000,5,293.000000000,293.059206980,293.115482288,293.137798273,293.194996991,293.312051591
520,0.000000000,0.005000000,0.142000000,0.147000000,5,293.000000000,293.059746058,293.117325007,293.141207525,293.200071123,293.320413272
521,0.005000000,0.010000000,0.142000000,0.147000000,5,293.000000000,293.059746058,293.117325007,293.141207525,293.200071123,293.320413272
522,0.010000000,0.015000000,0.142000000,0.147000000,5,293.000000000,293.059746058,293.117325007,293.141207525,293.200071123,293.320413272
523,0.015000000,0.020000000,0.142000000,0.147000000,5,293.000000000,293.059746058,293.117325007,293.141207525,293.200071123,293.320413272
524,0.020000000,0.025000000,0.142000000,0.147000000,5,293.000000000,293.059746058,293.117325007,293.141207525,293.200071123,293.320413272
525,0.025000000,0.030000000,0.142000000,0.147000000,5,293.000000000,293.059746058,293.117325007,293.141207525,293.200071123,293.320413272
526,0.030000000,0.035000000,0.142000000,0.147000000,5,293.000000000,293.059746058,293.117325007,293.141207525,293.200071123,293.320413272
527,0.035000000,0.040000000,0.142000000,0.147000000,5,293.000000000,293.059746058,293.117325007,293.141207525,293.200071123,293.320413272
528,0.040000000,0.045000000,0.142000000,0.147000000,5,293.000000000,293.059746058,293.117325007,293.141207525,293.200071123,293.320413272
529,0.045000000,0.050000000,0.142000000,0.147000000,5,293.000000000,293.059746058,293.117325007,293.141207525,293.200071123,293.320413272
530,0.050000000,0.055000000,0.142000000,0.147000000,5,293.000000000,293.059746058,293.117325007,293.141207525,293.200071123,293.320413272
531,0.055000000,0.060000000,0.142000000,0.147000000,5,293.000000000,293.059746058,293.117325007,293.141207525,293.200071123,293.320413272
532,0.060000000,0.065000000,0.142000000,0.147000000,5,293.000000000,293.059746058,293.117325007,293.141207525,293.200071123,293.320413272
533,0.065000000,0.070000000,0.142000000,0.147000000,5,293.000000000,293.059746058,293.117325007,293.141207525,293.200071123,293.320413272
534,0.070000000,0.075000000,0.142000000,0.147000000,5,293.000000000,293.059746058,293.117325007,293.141207525,293.200071123,293.320413272
535,0.075000000,0.080000000,0.142000000,0.147000000,5,293.000000000,293.059746058,293.117325007,293.141207525,293.200071123,293.320413272
536,0.080000000,0.085000000,0.142000000,0.147000000,5,293.000000000,293.059746058,293.117325007,293.141207525,293.200071123,293.320413272
537,0.085000000,0.090000000,0.142000000,0.147000000,5,293.000000000,293.059746058,293.117325007,293.141207525,293.200071123,293.320413272
538,0.090000000,0.095000000,0.142000000,0.147000000,5,293.000000000,293.059746058,293.117325007,293.141207525,293.200071123,293.320413272
539,0.095000000,0.100000000,0.142000000,0.147000000,5,293.000000000,293.059746058,293.117325007,293.141207525,293.200071123,293.320413272
540,0.000000000,0.005000000,0.147000000,0.152000000,5,293.000000000,293.059746058,293.117325007,293.141207525,293.200071123,293.320413272
541,0.005000000,0.010000000,0.147000000,0.152000000,5,293.000000000,293.059746058,293.117325007,293.141207525,293.200071123,293.320413272
542,0.010000000,0.015000000,0.147000000,0.152000000,5,293.000000000,293.059746058,293.117325007,293.141207525,293.200071123,293.320413272
543,0.015000000,0.020000000,0.147000000,0.152000000,5,293.000000000,293.059746058,293.117325007,293.141207525,293.200071123,293.320413272
544,0.020000000,0.025000000,0.147000000,0.152000000,5,293.000000000,293.059746058,293.117325007,293.141207525,293.200071123,293.320413272
545,0.025000000,0.030000000,0.147000000,0.152000000,5,293.000000000,293.059746058,293.117325007,293.141207525,293.200071123,293.320413272
546,0.030000000,0.035000000,0.147000000,0.152000000,5,293.000000000,293.059746058,293.117325007,293.141207525,293.200071123,293.320413272
547,0.035000000,0.040000000,0.147000000,0.152000000,5,293.000000000,293.059746058,293.117325007,293.141207525,293.200071123,293.320413272
548,0.040000000,0.045000000,0.147000000,0.152000000,5,293.000000000,293.059746058,293.117325007,293.141207525,293.200071123,293.320413272
549,0.045000000,0.050000000,0.147000000,0.152000000,5,293.000000000,293.059746058,293.117325007,293.141207525,293.200071123,293.320413272
550,0.050000000,0.055000000,0.147000000,0.152000000,5,293.000000000,293.059746058,293.117325007,293.141207525,293.200071123,293.320413272
551,0.055000000,0.060000000,0.147000000,0.152000000,5,293.000000000,293.059746058,293.117325007,293.141207525,293.200071123,293.320413272
552,0.060000000,0.065000000,0.147000000,0.152000000,5,293.000000000,293.059746058,293.117325007,293.141207525,293.200071123,293.320413272
553,0.065000000,0.070000000,0.147000000,0.152000000,5,293.000000000,293.059746058,293.117325007,293.141207525,293.200071123,293.320413272
554,0.070000000,0.075000000,0.147000000,0.152000000,5,293.000000000,293.059746058,293.117325007,293.141207525,293.200071123,293.320413272
555,0.075000000,0.080000000,0.147000000,0.152000000,5,293.000000000,293.059746058,293.117325007,293.141207525,293.200071123,293.320413272
556,0.080000000,0.085000000,0.147000000,0.152000000,5,293.000000000,293.059746058,293.117325007,293.141207525,293.200071123,293.320413272
557,0.085000000,0.090000000,0.147000000,0.152000000,5,293.000000000,293.059746058,293.117325007,293.141207525,293.200071123,293.320413272
558,0.090000000,0.095000000,0.147000000,0.152000000,5,293.000000000,293.059746058,293.117325007,293.141207525,293.200071123,293.320413272
559,0.095000000,0.100000000,0.147000000,0.152000000,5,293.000000000,293.059746058,293.117325007,293.141207525,293.200071123,293.320413272
560,0.000000000,0.005000000,0.152000000,0.157000000,5,293.000000000,293.059206980,293.115482288,293.137798273,293.194996991,293.312051591
561,0.005000000,0.010000000,0.152000000,0.157000000,5,293.000000000,293.059206980,293.115482288,293.137798273,293.194996991,293.312051591
562,0.010000000,0.015000000,0.152000000,0.157000000,5,293.000000000,293.059206980,293.115482288,293.137798273,293.194996991,293.312051591
563,0.015000000,0.020000000,0.152000000,0.157000000,5,293.000000000,293.059206980,293.115482288,293.137798273,293.194996991,293.312051591
564,0.020000000,0.025000000,0.152000000,0.157000000,5,293.000000000,293.059206980,293.115482288,293.137798273,293.194996991,293.312051591
565,0.025000000,0.030000000,0.152000000,0.157000000,5,293.000000000,293.059206980,293.115482288,293.137798273,293.194996991,293.312051591
566,0.030000000,0.035000000,0.152000000,0.157000000,5,293.000000000,293.059206980,293.115482288,293.137798273,293.194996991,293.312051591
567,0.035000000,0.040000000,0.152000000,0.157000000,5,293.000000000,293.059206980,293.115482288,293.137798273,293.194996991,293.312051591
568,0.040000000,0.045000000,0.152000000,0.157000000,5,293.000000000,293.059206980,293.115482288,293.137798273,293.194996991,293.312051591
569,0.045000000,0.050000000,0.152000000,0.157000000,5,293.000000000,293.059206980,293.115482288,293.137798273,293.194996991,293.312051591
570,0.050000000,0.055000000,0.152000000,0.157000000,5,293.000000000,293.059206980,293.115482288,293.137798273,293.194996991,293.312051591
571,0.055000000,0.060000000,0.152000000,0.157000000,5,293.000000000,293.059206980,293.115482288,293.137798273,293.194996991,293.312051591
572,0.060000000,0.065000000,0.152000000,0.157000000,5,293.000000000,293.059206980,293.115482288,293.137798273,293.194996991,293.312051591
573,0.065000000,0.070000000,0.152000000,0.157000000,5,293.000000000,293.059206980,293.115482288,293.137798273,293.194996991,293.312051591
574,0.070000000,0.075000000,0.152000000,0.157000000,5,293.000000000,293.059206980,293.115482288,293.137798273,293.194996991,293.312051591
575,0.075000000,0.080000000,0.152000000,0.157000000,5,293.000000000,293.059206980,293.115482288,293.137798273,293.194996991,293.312051591
576,0.080000000,0.085000000,0.152000000,0.157000000,5,293.000000000,293.059206980,293.115482288,293.137798273,293.194996991,293.312051591
577,0.085000000,0.090000000,0.152000000,0.157000000,5,293.000000000,293.059206980,293.115482288,293.137798273,293.194996991,293.312051591
578,0.090000000,0.095000000,0.152000000,0.157000000,5,293.000000000,293.059206980,293.115482288,293.137798273,293.194996991,293.312051591
579,0.095000000,0.100000000,0.152000000,0.157000000,5,293.000000000,293.059206980,293.115482288,293.137798273,293.194996991,293.312051591
580,0.000000000,0.005000000,0.157000000,0.162000000,5,293.000000000,293.057390679,293.110799555,293.130710102,293.184683800,293.295253117
581,0.005000000,0.010000000,0.157000000,0.162000000,5,293.000000000,293.057390679,293.110799555,293.130710102,293.184683800,293.295253117
582,0.010000000,0.015000000,0.157000000,0.162000000,5,293.000000000,293.057390679,293.110799555,293.130710102,293.184683800,293.295253117
583,0.015000000,0.020000000,0.157000000,0.162000000,5,293.000000000,293.057390679,293.110799555,293.130710102,293.184683800,293.295253117
584,0.020000000,0.025000000,0.157000000,0.162000000,5,293.000000000,293.057390679,293.110799555,293.130710102,293.184683800,293.295253117
585,0.025000000,0.030000000,0.157000000,0.162000000,5,293.000000000,293.057390679,293.110799555,293.130710102,293.184683800,293.295253117
586,0.030000000,0.035000000,0.157000000,0.162000000,5,293.000000000,293.057390679,293.110799555,293.130710102,293.184683800,293.295253117
587,0.035000000,0.040000000,0.157000000,0.162000000,5,293.000000000,293.057390679,293.110799555,293.130710102,293.184683800,293.295253117
588,0.040000000,0.045000000,0.157000000,0.162000000,5,293.000000000,293.057390679,293.110799555,293.130710102,293.184683800,293.295253117
589,0.045000000,0.050000000,0.157000000,0.162000000,5,293.000000000,293.057390679,293.110799555,293.130710102,293.184683800,293.295253117
590,0.050000000,0.055000000,0.157000000,0.162000000,5,293.000000000,293.057390679,293.110799555,293.130710102,293.184683800,293.295253117
591,0.055000000,0.060000000,0.157000000,0.162000000,5,293.000000000,293.057390679,293.110799555,293.130710102,293.184683800,293.295253117
592,0.060000000,0.065000000,0.157000000,0.162000000,5,293.000000000,293.057390679,293.110799555,293.130710102,293.184683800,293.295253117
593,0.065000000,0.070000000,0.157000000,0.162000000,5,293.000000000,293.057390679,293.110799555,293.130710102,293.184683800,293.295253117
594,0.070000000,0.075000000,0.157000000,0.162000000,5,293.000000000,293.057390679,293.110799555,293.130710102,293.184683800,293.295253117
595,0.075000000,0.080000000,0.157000000,0.162000000,5,293.000000000,293.057390679,293.110799555,293.130710102,293.184683800,293.295253117
596,0.080000000,0.085000000,0.157000000,0.162000000,5,293.000000000,293.057390679,293.110799555,293.130710102,293.184683800,293.295253117
597,0.085000000,0.090000000,0.157000000,0.162000000,5,293.000000000,293.057390679,293.110799555,293.130710102,293.184683800,293.295253117
598,0.090000000,0.095000000,0.157000000,0.162000000,5,293.000000000,293.057390679,293.110799555,293.130710102,293.184683800,293.295253117
599,0.095000000,0.100000000,0.157000000,0.162000000,5,293.000000000,293.057390679,293.110799555,293.130710102,293.184683800,293.295253117
600,0.000000000,0.005000000,0.165000000,0.170000000,6,293.000000000,293.057390679,293.110799555,293.130710102,293.184683800,293.295253117
601,0.005000000,0.010000000,0.165000000,0.170000000,6,293.000000000,293.057390679,293.110799555,293.130710102,293.184683800,293.295253117
602,0.010000000,0.015000000,0.165000000,0.170000000,6,293.000000000,293.057390679,293.110799555,293.130710102,293.184683800,293.295253117
603,0.015000000,0.020000000,0.165000000,0.170000000,6,293.000000000,293.057390679,293.110799555,293.130710102,293.184683800,293.295253117
604,0.020000000,0.025000000,0.165000000,0.170000000,6,293.000000000,293.057390679,293.110799555,293.130710102,293.184683800,293.295253117
605,0.025000000,0.030000000,0.165000000,0.170000000,6,293.000000000,293.057390679,293.110799555,293.130710102,293.184683800,293.295253117
606,0.030000000,0.035000000,0.165000000,0.170000000,6,293.000000000,293.057390679,293.110799555,293.130710102,293.184683800,293.295253117
607,0.035000000,0.040000000,0.165000000,0.170000000,6,293.000000000,293.057390679,293.110799555,293.130710102,293.184683800,293.295253117
608,0.040000000,0.045000000,0.165000000,0.170000000,6,293.000000000,293.057390679,293.110799555,293.130710102,293.184683800,293.295253117
609,0.045000000,0.050000000,0.165000000,0.170000000,6,293.000000000,293.057390679,293.110799555,293.130710102,293.184683800,293.295253117
610,0.050000000,0.055000000,0.165000000,0.170000000,6,293.000000000,293.057390679,293.110799555,293.130710102,293.184683800,293.295253117
611,0.055000000,0.060000000,0.165000000,0.170000000,6,293.000000000,293.057390679,293.110799555,293.130710102,293.184683800,293.295253117
612,0.060000000,0.065000000,0.165000000,0.170000000,6,293.000000000,293.057390679,293.110799555,293.130710102,293.184683800,293.295253117
613,0.065000000,0.070000000,0.165000000,0.170000000,6,293.000000000,293.057390679,293.110799555,293.130710102,293.184683800,293.295253117
614,0.070000000,0.075000000,0.165000000,0.170000000,6,293.000000000,293.057390679,293.110799555,293.130710102,293.184683800,293.295253117
615,0.075000000,0.080000000,0.165000000,0.170000000,6,293.000000000,293.057390679,293.110799555,293.130710102,293.184683800,293.295253117
616,0.080000000,0.085000000,0.165000000,0.170000000,6,293.000000000,293.057390679,293.110799555,293.130710102,293.184683800,293.295253117
617,0.085000000,0.090000000,0.165000000,0.170000000,6,293.000000000,293.057390679,293.110799555,293.130710102,293.184683800,293.295253117
618,0.090000000,0.095000000,0.165000000,0.170000000,6,293.000000000,293.057390679,293.110799555,293.130710102,293.184683800,293.295253117
619,0.095000000,0.100000000,0.165000000,0.170000000,6,293.000000000,293.057390679,293.110799555,293.130710102,293.184683800,293.295253117
620,0.000000000,0.005000000,0.170000000,0.175000000,6,293.000000000,293.059206980,293.115482288,293.137798273,293.194996991,293.312051591
621,0.005000000,0.010000000,0.170000000,0.175000000,6,293.000000000,293.059206980,293.115482288,293.137798273,293.194996991,293.312051591
622,0.010000000,0.015000000,0.170000000,0.175000000,6,293.000000000,293.059206980,293.115482288,293.137798273,293.194996991,293.312051591
623,0.015000000,0.020000000,0.170000000,0.175000000,6,293.000000000,293.059206980,293.115482288,293.137798273,293.194996991,293.312051591
624,0.020000000,0.025000000,0.170000000,0.175000000,6,293.000000000,293.059206980,293.115482288,293.137798273,293.194996991,293.312051591
625,0.025000000,0.030000000,0.170000000,0.175000000,6,293.000000000,293.059206980,293.115482288,293.137798273,293.194996991,293.312051591
626,0.030000000,0.035000000,0.170000000,0.175000000,6,293.000000000,293.059206980,293.115482288,293.137798273,293.194996991,293.312051591
627,0.035000000,0.040000000,0.170000000,0.175000000,6,293.000000000,293.059206980,293.115482288,293.137798273,293.194996991,293.312051591
628,0.040000000,0.045000000,0.170000000,0.175000000,6,293.000000000,293.059206980,293.115482288,293.137798273,293.194996991,293.312051591
629,0.045000000,0.050000000,0.170000000,0.175000000,6,293.000000000,293.059206980,293.115482288,293.137798273,293.194996991,293.312051591
630,0.050000000,0.055000000,0.170000000,0.175000000,6,293.000000000,293.059206980,293.115482288,293.137798273,293.194996991,293.312051591
631,0.055000000,0.060000000,0.170000000,0.175000000,6,293.000000000,293.059206980,293.115482288,293.137798273,293.194996991,293.312051591
632,0.060000000,0.065000000,0.170000000,0.175000000,6,293.000000000,293.059206980,293.115482288,293.137798273,293.194996991,293.312051591
633,0.065000000,0.070000000,0.170000000,0.175000000,6,293.000000000,293.059206980,293.115482288,293.137798273,293.194996991,293.312051591
634,0.070000000,0.075000000,0.170000000,0.175000000,6,293.000000000,293.059206980,293.115482288,293.137798273,293.194996991,293.312051591
635,0.075000000,0.080000000,0.170000000,0.175000000,6,293.000000000,293.059206980,293.115482288,293.137798273,293.194996991,293.312051591
636,0.080000000,0.085000000,0.170000000,0.175000000,6,293.000000000,293.059206980,293.115482288,293.137798273,293.194996991,293.312051591
637,0.085000000,0.090000000,0.170000000,0.175000000,6,293.000000000,293.059206980,293.115482288,293.137798273,293.194996991,293.312051591
638,0.090000000,0.095000000,0.170000000,0.175000000,6,293.000000000,293.059206980,293.115482288,293.137798273,293.194996991,293.312051591
639,0.095000000,0.100000000,0.170000000,0.175000000,6,293.000000000,293.059206980,293.115482288,293.137798273,293.194996991,293.312051591
640,0.000000000,0.005000000,0.175000000,0.180000000,6,293.000000000,293.059746058,293.117325007,293.141207525,293.200071123,293.320413272
641,0.005000000,0.010000000,0.175000000,0.180000000,6,293.000000000,293.059746058,293.117325007,293.141207525,293.200071123,293.320413272
642,0.010000000,0.015000000,0.175000000,0.180000000,6,293.000000000,293.059746058,293.117325007,293.141207525,293.200071123,293.320413272
643,0.015000000,0.020000000,0.175000000,0.180000000,6,293.000000000,293.059746058,293.117325007,293.141207525,293.200071123,293.320413272
644,0.020000000,0.025000000,0.175000000,0.180000000,6,293.000000000,293.059746058,293.117325007,293.141207525,293.200071123,293.320413272
645,0.025000000,0.030000000,0.175000000,0.180000000,6,293.000000000,293.059746058,293.117325007,293.141207525,293.200071123,293.320413272
646,0.030000000,0.035000000,0.175000000,0.180000000,6,293.000000000,293.059746058,293.117325007,293.141207525,293.200071123,293.320413272
647,0.035000000,0.040000000,0.175000000,0.180000000,6,293.000000000,293.059746058,293.117325007,293.141207525,293.200071123,293.320413272
648,0.040000000,0.045000000,0.175000000,0.180000000,6,293.000000000,293.059746058,293.117325007,293.141207525,293.200071123,293.320413272
649,0.045000000,0.050000000,0.175000000,0.180000000,6,293.000000000,293.059746058,293.117325007,293.141207525,293.200071123,293.320413272
650,0.050000000,0.055000000,0.175000000,0.180000000,6,293.000000000,293.059746058,293.117325007,293.141207525,293.200071123,293.320413272
651,0.055000000,0.060000000,0.175000000,0.180000000,6,293.000000000,293.059746058,293.117325007,293.141207525,293.200071123,293.320413272
652,0.060000000,0.065000000,0.175000000,0.180000000,6,293.000000000,293.059746058,293.117325007,293.141207525,293.200071123,293.320413272
653,0.065000000,0.070000000,0.175000000,0.180000000,6,293.000000000,293.059746058,293.117325007,293.141207525,293.200071123,293.320413272
654,0.070000000,0.075000000,0.175000000,0.180000000,6,293.000000000,293.059746058,293.117325007,293.141207525,293.200071123,293.320413272
655,0.075000000,0.080000000,0.175000000,0.180000000,6,293.000000000,293.059746058,293.117325007,293.141207525,293.200071123,293.320413272
656,0.080000000,0.085000000,0.175000000,0.180000000,6,293.000000000,293.059746058,293.117325007,293.141207525,293.200071123,293.320413272
657,0.085000000,0.090000000,0.175000000,0.180000000,6,293.000000000,293.059746058,293.117325007,293.141207525,293.200071123,293.320413272
658,0.090000000,0.095000000,0.175000000,0.180000000,6,293.000000000,293.059746058,293.117325007,293.141207525,293.200071123,293.320413272
659,0.095000000,0.100000000,0.175000000,0.180000000,6,293.000000000,293.059746058,293.117325007,293.141207525,293.200071123,293.320413272
660,0.000000000,0.005000000,0.180000000,0.185000000,6,293.000000000,293.059746058,293.117325007,293.141207525,293.200071123,293.320413272
661,0.005000000,0.010000000,0.180000000,0.185000000,6,293.000000000,293.059746058,293.117325007,293.141207525,293.200071123,293.320413272
662,0.010000000,0.015000000,0.180000000,0.185000000,6,293.000000000,293.059746058,293.117325007,293.141207525,293.200071123,293.320413272
663,0.015000000,0.020000000,0.180000000,0.185000000,6,293.000000000,293.059746058,293.117325007,293.141207525,293.200071123,293.320413272
664,0.020000000,0.025000000,0.180000000,0.185000000,6,293.000000000,293.059746058,293.117325007,293.141207525,293.200071123,293.320413272
665,0.025000000,0.030000000,0.180000000,0.185000000,6,293.000000000,293.059746058,293.117325007,293.141207525,293.200071123,293.320413272
666,0.030000000,0.035000000,0.180000000,0.185000000,6,293.000000000,293.059746058,293.117325007,293.141207525,293.200071123,293.320413272
667,0.035000000,0.040000000,0.180000000,0.185000000,6,293.000000000,293.059746058,293.117325007,293.141207525,293.200071123,293.320413272
668,0.040000000,0.045000000,0.180000000,0.185000000,6,293.000000000,293.059746058,293.117325007,293.141207525,293.200071123,293.320413272
669,0.045000000,0.050000000,0.180000000,0.185000000,6,293.000000000,293.059746058,293.117325007,293.141207525,293.200071123,293.320413272
670,0.050000000,0.055000000,0.180000000,0.185000000,6,293.000000000,293.059746058,293.117325007,293.141207525,293.200071123,293.320413272
671,0.055000000,0.060000000,0.180000000,0.185000000,6,293.000000000,293.059746058,293.117325007,293.141207525,293.200071123,293.320413272
672,0.060000000,0.065000000,0.180000000,0.185000000,6,293.000000000,293.059746058,293.117325007,293.141207525,293.200071123,293.320413272
673,0.065000000,0.070000000,0.180000000,0.185000000,6,293.000000000,293.059746058,293.117325007,293.141207525,293.200071123,293.320413272
674,0.070000000,0.075000000,0.180000000,0.185000000,6,293.000000000,293.059746058,293.117325007,293.141207525,293.200071123,293.320413272
675,0.075000000,0.080000000,0.180000000,0.185000000,6,293.000000000,293.059746058,293.117325007,293.141207525,293.200071123,293.320413272
676,0.080000000,0.085000000,0.180000000,0.185000000,6,293.000000000,293.059746058,293.117325007,293.141207525,293.200071123,293.320413272
677,0.085000000,0.090000000,0.180000000,0.185000000,6,293.000000000,293.059746058,293.117325007,293.141207525,293.200071123,293.320413272
678,0.090000000,0.095000000,0.180000000,0.185000000,6,293.000000000,293.059746058,293.117325007,293.141207525,293.200071123,293.320413272
679,0.095000000,0.100000000,0.180000000,0.185000000,6,293.000000000,293.059746058,293.117325007,293.141207525,293.200071123,293.320413272
680,0.000000000,0.005000000,0.185000000,0.190000000,6,293.000000000,293.059206980,293.115482288,293.137798273,293.194996991,293.312051591
681,0.005000000,0.010000000,0.185000000,0.190000000,6,293.000000000,293.059206980,293.115482288,293.137798273,293.194996991,293.312051591
682,0.010000000,0.015000000,0.185000000,0.190000000,6,293.000000000,293.059206980,293.115482288,293.137798273,293.194996991,293.312051591
683,0.015000000,0.020000000,0.185000000,0.190000000,6,293.000000000,293.059206980,293.115482288,293.137798273,293.194996991,293.312051591
684,0.020000000,0.025000000,0.185000000,0.190000000,6,293.000000000,293.059206980,293.115482288,293.137798273,293.194996991,293.312051591
685,0.025000000,0.030000000,0.185000000,0.190000000,6,293.000000000,293.059206980,293.115482288,293.137798273,293.194996991,293.312051591
686,0.030000000,0.035000000,0.185000000,0.190000000,6,293.000000000,293.059206980,293.115482288,293.137798273,293.194996991,293.312051591
687,0.035000000,0.040000000,0.185000000,0.190000000,6,293.000000000,293.059206980,293.115482288,293.137798273,293.194996991,293.312051591
688,0.040000000,0.045000000,0.185000000,0.190000000,6,293.000000000,293.059206980,293.115482288,293.137798273,293.194996991,293.312051591
689,0.045000000,0.050000000,0.185000000,0.190000000,6,293.000000000,293.059206980,293.115482288,293.137798273,293.194996991,293.312051591
690,0.050000000,0.055000000,0.185000000,0.190000000,6,293.000000000,293.059206980,293.115482288,293.137798273,293.194996991,293.312051591
691,0.055000000,0.060000000,0.185000000,0.190000000,6,293.000000000,293.059206980,293.115482288,293.137798273,293.194996991,293.312051591
692,0.060000000,0.065000000,0.185000000,0.190000000,6,293.000000000,293.059206980,293.115482288,293.137798273,293.194996991,293.312051591
693,0.065000000,0.070000000,0.185000000,0.190000000,6,293.000000000,293.059206980,293.115482288,293.137798273,293.194996991,293.312051591
694,0.070000000,0.075000000,0.185000000,0.190000000,6,293.000000000,293.059206980,293.115482288,293.137798273,293.194996991,293.312051591
695,0.075000000,0.080000000,0.185000000,0.190000000,6,293.000000000,293.059206980,293.115482288,293.137798273,293.194996991,293.312051591
696,0.080000000,0.085000000,0.185000000,0.190000000,6,293.000000000,293.059206980,293.115482288,293.137798273,293.194996991,293.312051591
697,0.085000000,0.090000000,0.185000000,0.190000000,6,293.000000000,293.059206980,293.115482288,293.137798273,293.194996991,293.312051591
698,0.090000000,0.095000000,0.185000000,0.190000000,6,293.000000000,293.059206980,293.115482288,293.137798273,293.194996991,293.312051591
699,0.095000000,0.100000000,0.185000000,0.190000000,6,293.000000000,293.059206980,293.115482288,293.137798273,293.194996991,293.312051591
700,0.000000000,0.005000000,0.190000000,0.195000000,6,293.000000000,293.057390679,293.110799555,293.130710102,293.184683800,293.295253117
701,0.005000000,0.010000000,0.190000000,0.195000000,6,293.000000000,293.057390679,293.110799555,293.130710102,293.184683800,293.295253117
702,0.010000000,0.015000000,0.190000000,0.195000000,6,293.000000000,293.057390679,293.110799555,293.130710102,293.184683800,293.295253117
703,0.015000000,0.020000000,0.190000000,0.195000000,6,293.000000000,293.057390679,293.110799555,293.130710102,293.184683800,293.295253117
704,0.020000000,0.025000000,0.190000000,0.195000000,6,293.000000000,293.057390679,293.110799555,293.130710102,293.184683800,293.295253117
705,0.025000000,0.030000000,0.190000000,0.195000000,6,293.000000000,293.057390679,293.110799555,293.130710102,293.184683800,293.295253117
706,0.030000000,0.035000000,0.190000000,0.195000000,6,293.000000000,293.057390679,293.110799555,293.130710102,293.184683800,293.295253117
707,0.035000000,0.040000000,0.190000000,0.195000000,6,293.000000000,293.057390679,293.110799555,293.130710102,293.184683800,293.295253117
708,0.040000000,0.045000000,0.190000000,0.195000000,6,293.000000000,293.057390679,293.110799555,293.130710102,293.184683800,293.295253117
709,0.045000000,0.050000000,0.190000000,0.195000000,6,293.000000000,293.057390679,293.110799555,293.130710102,293.184683800,293.295253117
710,0.050000000,0.055000000,0.190000000,0.195000000,6,293.000000000,293.057390679,293.110799555,293.130710102,293.184683800,293.295253117
711,0.055000000,0.060000000,0.190000000,0.195000000,6,293.000000000,293.057390679,293.110799555,293.130710102,293.184683800,293.295253117
712,0.060000000,0.065000000,0.190000000,0.195000000,6,293.000000000,293.057390679,293.110799555,293.130710102,293.184683800,293.295253117
713,0.065000000,0.070000000,0.190000000,0.195000000,6,293.000000000,293.057390679,293.110799555,293.130710102,293.184683800,293.295253117
714,0.070000000,0.075000000,0.190000000,0.195000000,6,293.000000000,293.057390679,293.110799555,293.130710102,293.184683800,293.295253117
715,0.075000000,0.080000000,0.190000000,0.195000000,6,293.000000000,293.057390679,293.110799555,293.130710102,293.184683800,293.295253117
716,0.080000000,0.085000000,0.190000000,0.195000000,6,293.000000000,293.057390679,293.110799555,293.130710102,293.184683800,293.295253117
717,0.085000000,0.090000000,0.190000000,0.195000000,6,293.000000000,293.057390679,293.110799555,293.130710102,293.184683800,293.295253117
718,0.090000000,0.095000000,0.190000000,0.195000000,6,293.000000000,293.057390679,293.110799555,293.130710102,293.184683800,293.295253117
719,0.095000000,0.100000000,0.190000000,0.195000000,6,293.000000000,293.057390679,293.110799555,293.130710102,293.184683800,293.295253117
720,0.000000000,0.005000000,0.198000000,0.203000000,7,293.000000000,293.057390679,293.110799555,293.130710102,293.184683800,293.295253117
721,0.005000000,0.010000000,0.198000000,0.203000000,7,293.000000000,293.057390679,293.110799555,293.130710102,293.184683800,293.295253117
722,0.010000000,0.015000000,0.198000000,0.203000000,7,293.000000000,293.057390679,293.110799555,293.130710102,293.184683800,293.295253117
723,0.015000000,0.020000000,0.198000000,0.203000000,7,293.000000000,293.057390679,293.110799555,293.130710102,293.184683800,293.295253117
724,0.020000000,0.025000000,0.198000000,0.203000000,7,293.000000000,293.057390679,293.110799555,293.130710102,293.184683800,293.295253117
725,0.025000000,0.030000000,0.198000000,0.203000000,7,293.000000000,293.057390679,293.110799555,293.130710102,293.184683800,293.295253117
726,0.030000000,0.035000000,0.198000000,0.203000000,7,293.000000000,293.057390679,293.110799555,293.130710102,293.184683800,293.295253117
727,0.035000000,0.040000000,0.198000000,0.203000000,7,293.000000000,293.057390679,293.110799555,293.130710102,293.184683800,293.295253117
728,0.040000000,0.045000000,0.198000000,0.203000000,7,293.000000000,293.057390679,293.110799555,293.130710102,293.184683800,293.295253117
729,0.045000000,0.050000000,0.198000000,0.203000000,7,293.000000000,293.057390679,293.110799555,293.130710102,293.184683800,293.295253117
730,0.050000000,0.055000000,0.198000000,0.203000000,7,293.000000000,293.057390679,293.110799555,293.130710102,293.184683800,293.295253117
731,0.055000000,0.060000000,0.198000000,0.203000000,7,293.000000000,293.057390679,293.110799555,293.130710102,293.184683800,293.295253117
732,0.060000000,0.065000000,0.198000000,0.203000000,7,293.000000000,293.057390679,293.110799555,293.130710102,293.184683800,293.295253117
733,0.065000000,0.070000000,0.198000000,0.203000000,7,293.000000000,293.057390679,293.110799555,293.130710102,293.184683800,293.295253117
734,0.070000000,0.075000000,0.198000000,0.203000000,7,293.000000000,293.057390679,293.110799555,293.130710102,293.184683800,293.295253117
735,0.075000000,0.080000000,0.198000000,0.203000000,7,293.000000000,293.057390679,293.110799555,293.130710102,293.184683800,293.295253117
736,0.080000000,0.085000000,0.198000000,0.203000000,7,293.000000000,293.057390679,293.110799555,293.130710102,293.184683800,293.295253117
737,0.085000000,0.090000000,0.198000000,0.203000000,7,293.000000000,293.057390679,293.110799555,293.130710102,293.184683800,293.295253117
738,0.090000000,0.095000000,0.198000000,0.203000000,7,293.000000000,293.057390679,293.110799555,293.130710102,293.184683800,293.295253117
739,0.095000000,0.100000000,0.198000000,0.203000000,7,293.000000000,293.057390679,293.110799555,293.130710102,293.184683800,293.295253117
740,0.000000000,0.005000000,0.203000000,0.208000000,7,293.000000000,293.059206980,293.115482288,293.137798273,293.194996991,293.312051591
741,0.005000000,0.010000000,0.203000000,0.208000000,7,293.000000000,293.059206980,293.115482288,293.137798273,293.194996991,293.312051591
742,0.010000000,0.015000000,0.203000000,0.208000000,7,293.000000000,293.059206980,293.115482288,293.137798273,293.194996991,293.312051591
743,0.015000000,0.020000000,0.203000000,0.208000000,7,293.000000000,293.059206980,293.115482288,293.137798273,293.194996991,293.312051591
744,0.020000000,0.025000000,0.203000000,0.208000000,7,293.000000000,293.059206980,293.115482288,293.137798273,293.194996991,293.312051591
745,0.025000000,0.030000000,0.203000000,0.208000000,7,293.000000000,293.059206980,293.115482288,293.137798273,293.194996991,293.312051591
746,0.030000000,0.035000000,0.203000000,0.208000000,7,293.000000000,293.059206980,293.115482288,293.137798273,293.194996991,293.312051591
747,0.035000000,0.040000000,0.203000000,0.208000000,7,293.000000000,293.059206980,293.115482288,293.137798273,293.194996991,293.312051591
748,0.040000000,0.045000000,0.203000000,0.208000000,7,293.000000000,293.059206980,293.115482288,293.137798273,293.194996991,293.312051591
749,0.045000000,0.050000000,0.203000000,0.208000000,7,293.000000000,293.059206980,293.115482288,293.137798273,293.194996991,293.312051591
750,0.050000000,0.055000000,0.203000000,0.208000000,7,293.000000000,293.059206980,293.115482288,293.137798273,293.194996991,293.312051591
751,0.055000000,0.060000000,0.203000000,0.208000000,7,293.000000000,293.059206980,293.115482288,293.137798273,293.194996991,293.312051591
752,0.060000000,0.065000000,0.203000000,0.208000000,7,293.000000000,293.059206980,293.115482288,293.137798273,293.194996991,293.312051591
753,0.065000000,0.070000000,0.203000000,0.208000000,7,293.000000000,293.059206980,293.115482288,293.137798273,293.194996991,293.312051591
754,0.070000000,0.075000000,0.203000000,0.208000000,7,293.000000000,293.059206980,293.115482288,293.137798273,293.194996991,293.312051591
755,0.075000000,0.080000000,0.203000000,0.208000000,7,293.000000000,293.059206980,293.115482288,293.137798273,293.194996991,293.312051591
756,0.080000000,0.085000000,0.203000000,0.208000000,7,293.000000000,293.059206980,293.115482288,293.137798273,293.194996991,293.312051591
757,0.085000000,0.090000000,0.203000000,0.208000000,7,293.000000000,293.059206980,293.115482288,293.137798273,293.194996991,293.312051591
758,0.090000000,0.095000000,0.203000000,0.208000000,7,293.000000000,293.059206980,293.115482288,293.137798273,293.194996991,293.312051591
759,0.095000000,0.100000000,0.203000000,0.208000000,7,293.000000000,293.059206980,293.115482288,293.137798273,293.194996991,293.312051591
760,0.000000000,0.005000000,0.208000000,0.213000000,7,293.000000000,293.059746058,293.117325007,293.141207525,293.200071123,293.320413272
761,0.005000000,0.010000000,0.208000000,0.213000000,7,293.000000000,293.059746058,293.117325007,293.141207525,293.200071123,293.320413272
762,0.010000000,0.015000000,0.208000000,0.213000000,7,293.000000000,293.059746058,293.117325007,293.141207525,293.200071123,293.320413272
763,0.015000000,0.020000000,0.208000000,0.213000000,7,293.000000000,293.059746058,293.117325007,293.141207525,293.200071123,293.320413272
764,0.020000000,0.025000000,0.208000000,0.213000000,7,293.000000000,293.059746058,293.117325007,293.141207525,293.200071123,293.320413272
765,0.025000000,0.030000000,0.208000000,0.213000000,7,293.000000000,293.059746058,293.117325007,293.141207525,293.200071123,293.320413272
766,0.030000000,0.035000000,0.208000000,0.213000000,7,293.000000000,293.059746058,293.117325007,293.141207525,293.200071123,293.320413272
767,0.035000000,0.040000000,0.208000000,0.213000000,7,293.000000000,293.059746058,293.117325007,293.141207525,293.200071123,293.320413272
768,0.040000000,0.045000000,0.208000000,0.213000000,7,293.000000000,293.059746058,293.117325007,293.141207525,293.200071123,293.320413272
769,0.045000000,0.050000000,0.208000000,0.213000000,7,293.000000000,293.059746058,293.117325007,293.141207525,293.200071123,293.320413272
770,0.050000000,0.055000000,0.208000000,0.213000000,7,293.000000000,293.059746058,293.117325007,293.141207525,293.200071123,293.320413272
771,0.055000000,0.060000000,0.208000000,0.213000000,7,293.000000000,293.059746058,293.117325007,293.141207525,293.200071123,293.320413272
772,0.060000000,0.065000000,0.208000000,0.213000000,7,293.000000000,293.059746058,293.117325007,293.141207525,293.200071123,293.320413272
773,0.065000000,0.070000000,0.208000000,0.213000000,7,293.000000000,293.059746058,293.117325007,293.141207525,293.200071123,293.320413272
774,0.070000000,0.075000000,0.208000000,0.213000000,7,293.000000000,293.059746058,293.117325007,293.141207525,293.200071123,293.320413272
775,0.075000000,0.080000000,0.208000000,0.213000000,7,293.000000000,293.059746058,293.117325007,293.141207525,293.200071123,293.320413272
776,0.080000000,0.085000000,0.208000000,0.213000000,7,293.000000000,293.059746058,293.117325007,293.141207525,293.200071123,293.320413272
777,0.085000000,0.090000000,0.208000000,0.213000000,7,293.000000000,293.059746058,293.117325007,293.141207525,293.200071123,293.320413272
778,0.090000000,0.095000000,0.208000000,0.213000000,7,293.000000000,293.059746058,293.117325007,293.141207525,293.200071123,293.320413272
779,0.095000000,0.100000000,0.208000000,0.213000000,7,293.000000000,293.059746058,293.117325007,293.141207525,293.200071123,293.320413272
780,0.000000000,0.005000000,0.213000000,0.218000000,7,293.000000000,293.059746058,293.117325007,293.141207525,293.200071123,293.320413272
781,0.005000000,0.010000000,0.213000000,0.218000000,7,293.000000000,293.059746058,293.117325007,293.141207525,293.200071123,293.320413272
782,0.010000000,0.015000000,0.213000000,0.218000000,7,293.000000000,293.059746058,293.117325007,293.141207525,293.200071123,293.320413272
783,0.015000000,0.020000000,0.213000000,0.218000000,7,293.000000000,293.059746058,293.117325007,293.141207525,293.200071123,293.320413272
784,0.020000000,0.025000000,0.213000000,0.218000000,7,293.000000000,293.059746058,293.117325007,293.141207525,293.200071123,293.320413272
785,0.025000000,0.030000000,0.213000000,0.218000000,7,293.000000000,293.059746058,293.117325007,293.141207525,293.200071123,293.320413272
786,0.030000000,0.035000000,0.213000000,0.218000000,7,293.000000000,293.059746058,293.117325007,293.141207525,293.200071123,293.320413272
787,0.035000000,0.040000000,0.213000000,0.218000000,7,293.000000000,293.059746058,293.117325007,293.141207525,293.200071123,293.320413272
788,0.040000000,0.045000000,0.213000000,0.218000000,7,293.000000000,293.059746058,293.117325007,293.141207525,293.200071123,293.320413272
789,0.045000000,0.050000000,0.213000000,0.218000000,7,293.000000000,293.059746058,293.117325007,293.141207525,293.200071123,293.320413272
790,0.050000000,0.055000000,0.213000000,0.218000000,7,293.000000000,293.059746058,293.117325007,293.141207525,293.200071123,293.320413272
791,0.055000000,0.060000000,0.213000000,0.218000000,7,293.000000000,293.059746058,293.117325007,293.141207525,293.200071123,293.320413272
792,0.060000000,0.065000000,0.213000000,0.218000000,7,293.000000000,293.059746058,293.117325007,293.141207525,293.200071123,293.320413272
793,0.065000000,0.070000000,0.213000000,0.218000000,7,293.000000000,293.059746058,293.117325007,293.141207525,293.200071123,293.320413272
794,0.070000000,0.075000000,0.213000000,0.218000000,7,293.000000000,293.059746058,293.117325007,293.141207525,293.200071123,293.320413272
795,0.075000000,0.080000000,0.213000000,0.218000000,7,293.000000000,293.059746058,293.117325007,293.141207525,293.200071123,293.320413272
796,0.080000000,0.085000000,0.213000000,0.218000000,7,293.000000000,293.059746058,293.117325007,293.141207525,293.200071123,293.320413272
797,0.085000000,0.090000000,0.213000000,0.218000000,7,293.000000000,293.059746058,293.117325007,293.141207525,293.200071123,293.320413272
798,0.090000000,0.095000000,0.213000000,0.218000000,7,293.000000000,293.059746058,293.117325007,293.141207525,293.200071123,293.320413272
799,0.095000000,0.100000000,0.213000000,0.218000000,7,293.000000000,293.059746058,293.117325007,293.141207525,293.200071123,293.320413272
800,0.000000000,0.005000000,0.218000000,0.223000000,7,293.000000000,293.059206980,293.115482288,293.137798273,293.194996991,293.312051591
801,0.005000000,0.010000000,0.218000000,0.223000000,7,293.000000000,293.059206980,293.115482288,293.137798273,293.194996991,293.312051591
802,0.010000000,0.015000000,0.218000000,0.223000000,7,293.000000000,293.059206980,293.115482288,293.137798273,293.194996991,293.312051591
803,0.015000000,0.020000000,0.218000000,0.223000000,7,293.000000000,293.059206980,293.115482288,293.137798273,293.194996991,293.312051591
804,0.020000000,0.025000000,0.218000000,0.223000000,7,293.000000000,293.059206980,293.115482288,293.137798273,293.194996991,293.312051591
805,0.025000000,0.030000000,0.218000000,0.223000000,7,293.000000000,293.059206980,293.115482288,293.137798273,293.194996991,293.312051591
806,0.030000000,0.035000000,0.218000000,0.223000000,7,293.000000000,293.059206980,293.115482288,293.137798273,293.194996991,293.312051591
807,0.035000000,0.040000000,0.218000000,0.223000000,7,293.000000000,293.059206980,293.115482288,293.137798273,293.194996991,293.312051591
808,0.040000000,0.045000000,0.218000000,0.223000000,7,293.000000000,293.059206980,293.115482288,293.137798273,293.194996991,293.312051591
809,0.045000000,0.050000000,0.218000000,0.223000000,7,293.000000000,293.059206980,293.115482288,293.137798273,293.194996991,293.312051591
810,0.050000000,0.055000000,0.218000000,0.223000000,7,293.000000000,293.059206980,293.115482288,293.137798273,293.194996991,293.312051591
811,0.055000000,0.060000000,0.218000000,0.223000000,7,293.000000000,293.059206980,293.115482288,293.137798273,293.194996991,293.312051591
812,0.060000000,0.065000000,0.218000000,0.223000000,7,293.000000000,293.059206980,293.115482288,293.137798273,293.194996991,293.312051591
813,0.065000000,0.070000000,0.218000000,0.223000000,7,293.000000000,293.059206980,293.115482288,293.137798273,293.194996991,293.312051591
814,0.070000000,0.075000000,0.218000000,0.223000000,7,293.000000000,293.059206980,293.115482288,293.137798273,293.194996991,293.312051591
815,0.075000000,0.080000000,0.218000000,0.223000000,7,293.000000000,293.059206980,293.115482288,293.137798273,293.194996991,293.312051591
816,0.080000000,0.085000000,0.218000000,0.223000000,7,293.000000000,293.059206980,293.115482288,293.137798273,293.194996991,293.312051591
817,0.085000000,0.090000000,0.218000000,0.223000000,7,293.000000000,293.059206980,293.115482288,293.137798273,293.194996991,293.312051591
818,0.090000000,0.095000000,0.218000000,0.223000000,7,293.000000000,293.059206980,293.115482288,293.137798273,293.194996991,293.312051591
819,0.095000000,0.100000000,0.218000000,0.223000000,7,293.000000000,293.059206980,293.115482288,293.137798273,293.194996991,293.312051591
820,0.000000000,0.005000000,0.223000000,0.228000000,7,293.000000000,293.057390679,293.110799555,293.130710102,293.184683800,293.295253117
821,0.005000000,0.010000000,0.223000000,0.228000000,7,293.000000000,293.057390679,293.110799555,293.130710102,293.184683800,293.295253117
822,0.010000000,0.015000000,0.223000000,0.228000000,7,293.000000000,293.057390679,293.110799555,293.130710102,293.184683800,293.295253117
823,0.015000000,0.020000000,0.223000000,0.228000000,7,293.000000000,293.057390679,293.110799555,293.130710102,293.184683800,293.295253117
824,0.020000000,0.025000000,0.223000000,0.228000000,7,293.000000000,293.057390679,293.110799555,293.130710102,293.184683800,293.295253117
825,0.025000000,0.030000000,0.223000000,0.228000000,7,293.000000000,293.057390679,293.110799555,293.130710102,293.184683800,293.295253117
826,0.030000000,0.035000000,0.223000000,0.228000000,7,293.000000000,293.057390679,293.110799555,293.130710102,293.184683800,293.295253117
827,0.035000000,0.040000000,0.223000000,0.228000000,7,293.000000000,293.057390679,293.110799555,293.130710102,293.184683800,293.295253117
828,0.040000000,0.045000000,0.223000000,0.228000000,7,293.000000000,293.057390679,293.110799555,293.130710102,293.184683800,293.295253117
829,0.045000000,0.050000000,0.223000000,0.228000000,7,293.000000000,293.057390679,293.110799555,293.130710102,293.184683800,293.295253117
830,0.050000000,0.055000000,0.223000000,0.228000000,7,293.000000000,293.057390679,293.110799555,293.130710102,293.184683800,293.295253117
831,0.055000000,0.060000000,0.223000000,0.228000000,7,293.000000000,293.057390679,293.110799555,293.130710102,293.184683800,293.295253117
832,0.060000000,0.065000000,0.223000000,0.228000000,7,293.000000000,293.057390679,293.110799555,293.130710102,293.184683800,293.295253117
833,0.065000000,0.070000000,0.223000000,0.228000000,7,293.000000000,293.057390679,293.110799555,293.130710102,293.184683800,293.295253117
834,0.070000000,0.075000000,0.223000000,0.228000000,7,293.000000000,293.057390679,293.110799555,293.130710102,293.184683800,293.295253117
835,0.075000000,0.080000000,0.223000000,0.228000000,7,293.000000000,293.057390679,293.110799555,293.130710102,293.184683800,293.295253117
836,0.080000000,0.085000000,0.223000000,0.228000000,7,293.000000000,293.057390679,293.110799555,293.130710102,293.184683800,293.295253117
837,0.085000000,0.090000000,0.223000000,0.228000000,7,293.000000000,293.057390679,293.110799555,293.130710102,293.184683800,293.295253117
838,0.090000000,0.095000000,0.223000000,0.228000000,7,293.000000000,293.057390679,293.110799555,293.130710102,293.184683800,293.295253117
839,0.095000000,0.100000000,0.223000000,0.228000000,7,293.000000000,293.057390679,293.110799555,293.130710102,293.184683800,293.295253117
840,0.000000000,0.005000000,0.231000000,0.236000000,8,293.000000000,293.057392850,293.110866259,293.131811309,293.196839390,293.372890088
841,0.005000000,0.010000000,0.231000000,0.236000000,8,293.000000000,293.057392850,293.110866259,293.131811309,293.196839390,293.372890088
842,0.010000000,0.015000000,0.231000000,0.236000000,8,293.000000000,293.057392850,293.110866259,293.131811309,293.196839390,293.372890088
843,0.015000000,0.020000000,0.231000000,0.236000000,8,293.000000000,293.057392850,293.110866259,293.131811309,293.196839390,293.372890088
844,0.020000000,0.025000000,0.231000000,0.236000000,8,293.000000000,293.057392850,293.110866259,293.131811309,293.196839390,293.372890088
845,0.025000000,0.030000000,0.231000000,0.236000000,8,293.000000000,293.057392850,293.110866259,293.131811309,293.196839390,293.372890088
846,0.030000000,0.035000000,0.231000000,0.236000000,8,293.000000000,293.057392850,293.110866259,293.131811309,293.196839390,293.372890088
847,0.035000000,0.040000000,0.231000000,0.236000000,8,293.000000000,293.057392850,293.110866259,293.131811309,293.196839390,293.372890088
848,0.040000000,0.045000000,0.231000000,0.236000000,8,293.000000000,293.057392850,293.110866259,293.131811309,293.196839390,293.372890088
849,0.045000000,0.050000000,0.231000000,0.236000000,8,293.000000000,293.057392850,293.110866259,293.131811309,293.196839390,293.372890088
850,0.050000000,0.055000000,0.231000000,0.236000000,8,293.000000000,293.057392850,293.110866259,293.131811309,293.196839390,293.372890088
851,0.055000000,0.060000000,0.231000000,0.236000000,8,293.000000000,293.057392850,293.110866259,293.131811309,293.196839390,293.372890088
852,0.060000000,0.065000000,0.231000000,0.236000000,8,293.000000000,293.057392850,293.110866259,293.131811309,293.196839390,293.372890088
853,0.065000000,0.070000000,0.231000000,0.236000000,8,293.000000000,293.057392850,293.110866259,293.131811309,293.196839390,293.372890088
854,0.070000000,0.075000000,0.231000000,0.236000000,8,293.000000000,293.057392850,293.110866259,293.131811309,293.196839390,293.372890088
855,0.075000000,0.080000000,0.231000000,0.236000000,8,293.000000000,293.057392850,293.110866259,293.131811309,293.196839390,293.372890088
856,0.080000000,0.085000000,0.231000000,0.236000000,8,293.000000000,293.057392850,293.110866259,293.131811309,293.196839390,293.372890088
857,0.085000000,0.090000000,0.231000000,0.236000000,8,293.000000000,293.057392850,293.110866259,293.131811309,293.196839390,293.372890088
858,0.090000000,0.095000000,0.231000000,0.236000000,8,293.000000000,293.057392850,293.110866259,293.131811309,293.196839390,293.372890088
859,0.095000000,0.100000000,0.231000000,0.236000000,8,293.000000000,293.057392850,293.110866259,293.131811309,293.196839390,293.372890088
860,0.000000000,0.005000000,0.236000000,0.241000000,8,293.000000000,293.059217024,293.115658781,293.139644773,293.209908228,293.398911851
861,0.005000000,0.010000000,0.236000000,0.241000000,8,293.000000000,293.059217024,293.115658781,293.139644773,293.209908228,293.398911851
862,0.010000000,0.015000000,0.236000000,0.241000000,8,293.000000000,293.059217024,293.115658781,293.139644773,293.209908228,293.398911851
863,0.015000000,0.020000000,0.236000000,0.241000000,8,293.000000000,293.059217024,293.115658781,293.139644773,293.209908228,293.398911851
864,0.020000000,0.025000000,0.236000000,0.241000000,8,293.000000000,293.059217024,293.115658781,293.139644773,293.209908228,293.398911851
865,0.025000000,0.030000000,0.236000000,0.241000000,8,293.000000000,293.059217024,293.115658781,293.139644773,293.209908228,293.398911851
866,0.030000000,0.035000000,0.236000000,0.241000000,8,293.000000000,293.059217024,293.115658781,293.139644773,293.209908228,293.398911851
867,0.035000000,0.040000000,0.236000000,0.241000000,8,293.000000000,293.059217024,293.115658781,293.139644773,293.209908228,293.398911851
868,0.040000000,0.045000000,0.236000000,0.241000000,8,293.000000000,293.059217024,293.115658781,293.139644773,293.209908228,293.398911851
869,0.045000000,0.050000000,0.236000000,0.241000000,8,293.000000000,293.059217024,293.115658781,293.139644773,293.209908228,293.398911851
870,0.050000000,0.055000000,0.236000000,0.241000000,8,293.000000000,293.059217024,293.115658781,293.139644773,293.209908228,293.398911851
871,0.055000000,0.060000000,0.236000000,0.241000000,8,293.000000000,293.059217024,293.115658781,293.139644773,293.209908228,293.398911851
872,0.060000000,0.065000000,0.236000000,0.241000000,8,293.000000000,293.059217024,293.115658781,293.139644773,293.209908228,293.398911851
873,0.065000000,0.070000000,0.236000000,0.241000000,8,293.000000000,293.059217024,293.115658781,293.139644773,293.209908228,293.398911851
874,0.070000000,0.075000000,0.236000000,0.241000000,8,293.000000000,293.059217024,293.115658781,293.139644773,293.209908228,293.398911851
875,0.075000000,0.080000000,0.236000000,0.241000000,8,293.000000000,293.059217024,293.115658781,293.139644773,293.209908228,293.398911851
876,0.080000000,0.085000000,0.236000000,0.241000000,8,293.000000000,293.059217024,293.115658781,293.139644773,293.209908228,293.398911851
877,0.085000000,0.090000000,0.236000000,0.241000000,8,293.000000000,293.059217024,293.115658781,293.139644773,293.209908228,293.398911851
878,0.090000000,0.095000000,0.236000000,0.241000000,8,293.000000000,293.059217024,293.115658781,293.139644773,293.209908228,293.398911851
879,0.095000000,0.100000000,0.236000000,0.241000000,8,293.000000000,293.059217024,293.115658781,293.139644773,293.209908228,293.398911851
880,0.000000000,0.005000000,0.241000000,0.246000000,8,293.000000000,293.059794031,293.117842679,293.144711490,293.219666600,293.419269676
881,0.005000000,0.010000000,0.241000000,0.246000000,8,293.000000000,293.059794031,293.117842679,293.144711490,293.219666600,293.419269676
882,0.010000000,0.015000000,0.241000000,0.246000000,8,293.000000000,293.059794031,293.117842679,293.144711490,293.219666600,293.419269676
883,0.015000000,0.020000000,0.241000000,0.246000000,8,293.000000000,293.059794031,293.117842679,293.144711490,293.219666600,293.419269676
884,0.020000000,0.025000000,0.241000000,0.246000000,8,293.000000000,293.059794031,293.117842679,293.144711490,293.219666600,293.419269676
885,0.025000000,0.030000000,0.241000000,0.246000000,8,293.000000000,293.059794031,293.117842679,293.144711490,293.219666600,293.419269676
886,0.030000000,0.035000000,0.241000000,0.246000000,8,293.000000000,293.059794031,293.117842679,293.144711490,293.219666600,293.419269676
887,0.035000000,0.040000000,0.241000000,0.246000000,8,293.000000000,293.059794031,293.117842679,293.144711490,293.219666600,293.419269676
888,0.040000000,0.045000000,0.241000000,0.246000000,8,293.000000000,293.059794031,293.117842679,293.144711490,293.219666600,293.419269676
889,0.045000000,0.050000000,0.241000000,0.246000000,8,293.000000000,293.059794031,293.117842679,293.144711490,293.219666600,293.419269676
890,0.050000000,0.055000000,0.241000000,0.246000000,8,293.000000000,293.059794031,293.117842679,293.144711490,293.219666600,293.419269676
891,0.055000000,0.060000000,0.241000000,0.246000000,8,293.000000000,293.059794031,293.117842679,293.144711490,293.219666600,293.419269676
892,0.060000000,0.065000000,0.241000000,0.246000000,8,293.000000000,293.059794031,293.117842679,293.144711490,293.219666600,293.419269676
893,0.065000000,0.070000000,0.241000000,0.246000000,8,293.000000000,293.059794031,293.117842679,293.144711490,293.219666600,293.419269676
894,0.070000000,0.075000000,0.241000000,0.246000000,8,293.000000000,293.059794031,293.117842679,293.144711490,293.219666600,293.419269676
895,0.075000000,0.080000000,0.241000000,0.246000000,8,293.000000000,293.059794031,293.117842679,293.144711490,293.219666600,293.419269676
896,0.080000000,0.085000000,0.241000000,0.246000000,8,293.000000000,293.059794031,293.117842679,293.144711490,293.219666600,293.419269676
897,0.085000000,0.090000000,0.241000000,0.246000000,8,293.000000000,293.059794031,293.117842679,293.144711490,293.219666600,293.419269676
898,0.090000000,0.095000000,0.241000000,0.246000000,8,293.000000000,293.059794031,293.117842679,293.144711490,293.219666600,293.419269676
899,0.095000000,0.100000000,0.241000000,0.246000000,8,293.000000000,293.059794031,293.117842679,293.144711490,293.219666600,293.419269676
900,0.000000000,0.005000000,0.246000000,0.251000000,8,293.000000000,293.059952026,293.118748825,293.147747811,293.226568112,293.434267216
901,0.005000000,0.010000000,0.246000000,0.251000000,8,293.000000000,293.059952026,293.118748825,293.147747811,293.226568112,293.434267216
902,0.010000000,0.015000000,0.246000000,0.251000000,8,293.000000000,293.059952026,293.118748825,293.147747811,293.226568112,293.434267216
903,0.015000000,0.020000000,0.246000000,0.251000000,8,293.000000000,293.059952026,293.118748825,293.147747811,293.226568112,293.434267216
904,0.020000000,0.025000000,0.246000000,0.251000000,8,293.000000000,293.059952026,293.118748825,293.147747811,293.226568112,293.434267216
905,0.025000000,0.030000000,0.246000000,0.251000000,8,293.000000000,293.059952026,293.118748825,293.147747811,293.226568112,293.434267216
906,0.030000000,0.035000000,0.246000000,0.251000000,8,293.000000000,293.059952026,293.118748825,293.147747811,293.226568112,293.434267216
907,0.035000000,0.040000000,0.246000000,0.251000000,8,293.000000000,293.059952026,293.118748825,293.147747811,293.226568112,293.434267216
908,0.040000000,0.045000000,0.246000000,0.251000000,8,293.000000000,293.059952026,293.118748825,293.147747811,293.226568112,293.434267216
909,0.045000000,0.050000000,0.246000000,0.251000000,8,293.000000000,293.059952026,293.118748825,293.147747811,293.226568112,293.434267216
910,0.050000000,0.055000000,0.246000000,0.251000000,8,293.000000000,293.059952026,293.118748825,293.147747811,293.226568112,293.434267216
911,0.055000000,0.060000000,0.246000000,0.251000000,8,293.000000000,293.059952026,293.118748825,293.147747811,293.226568112,293.434267216
912,0.060000000,0.065000000,0.246000000,0.251000000,8,293.000000000,293.059952026,293.118748825,293.147747811,293.226568112,293.434267216
913,0.065000000,0.070000000,0.246000000,0.251000000,8,293.000000000,293.059952026,293.118748825,293.147747811,293.226568112,293.434267216
914,0.070000000,0.075000000,0.246000000,0.251000000,8,293.000000000,293.059952026,293.118748825,293.147747811,293.226568112,293.434267216
915,0.075000000,0.080000000,0.246000000,0.251000000,8,293.000000000,293.059952026,293.118748825,293.147747811,293.226568112,293.434267216
916,0.080000000,0.085000000,0.246000000,0.251000000,8,293.000000000,293.059952026,293.118748825,293.147747811,293.226568112,293.434267216
917,0.085000000,0.090000000,0.246000000,0.251000000,8,293.000000000,293.059952026,293.118748825,293.147747811,293.226568112,293.434267216
918,0.090000000,0.095000000,0.246000000,0.251000000,8,293.000000000,293.059952026,293.118748825,293.147747811,293.226568112,293.434267216
919,0.095000000,0.100000000,0.246000000,0.251000000,8,293.000000000,293.059952026,293.118748825,293.147747811,293.226568112,293.434267216
920,0.000000000,0.005000000,0.251000000,0.256000000,8,293.000000000,293.059989950,293.119089599,293.149390486,293.230966102,293.444135626
921,0.005000000,0.010000000,0.251000000,0.256000000,8,293.000000000,293.059989950,293.119089599,293.149390486,293.230966102,293.444135626
922,0.010000000,0.015000000,0.251000000,0.256000000,8,293.000000000,293.059989950,293.119089599,293.149390486,293.230966102,293.444135626
923,0.015000000,0.020000000,0.251000000,0.256000000,8,293.000000000,293.059989950,293.119089599,293.149390486,293.230966102,293.444135626
924,0.020000000,0.025000000,0.251000000,0.256000000,8,293.000000000,293.059989950,293.119089599,293.149390486,293.230966102,293.444135626
925,0.025000000,0.030000000,0.251000000,0.256000000,8,293.000000000,293.059989950,293.119089599,293.149390486,293.230966102,293.444135626
926,0.030000000,0.035000000,0.251000000,0.256000000,8,293.000000000,293.059989950,293.119089599,293.149390486,293.230966102,293.444135626
927,0.035000000,0.040000000,0.251000000,0.256000000,8,293.000000000,293.059989950,293.119089599,293.149390486,293.230966102,293.444135626
928,0.040000000,0.045000000,0.251000000,0.256000000,8,293.000000000,293.059989950,293.119089599,293.149390486,293.230966102,293.444135626
929,0.045000000,0.050000000,0.251000000,0.256000000,8,293.000000000,293.059989950,293.119089599,293.149390486,293.230966102,293.444135626
930,0.050000000,0.055000000,0.251000000,0.256000000,8,293.000000000,293.059989950,293.119089599,293.149390486,293.230966102,293.444135626
931,0.055000000,0.060000000,0.251000000,0.256000000,8,293.000000000,293.059989950,293.119089599,293.149390486,293.230966102,293.444135626
932,0.060000000,0.065000000,0.251000000,0.256000000,8,293.000000000,293.059989950,293.119089599,293.149390486,293.230966102,293.444135626
933,0.065000000,0.070000000,0.251000000,0.256000000,8,293.000000000,293.059989950,293.119089599,293.149390486,293.230966102,293.444135626
934,0.070000000,0.075000000,0.251000000,0.256000000,8,293.000000000,293.059989950,293.119089599,293.149390486,293.230966102,293.444135626
935,0.075000000,0.080000000,0.251000000,0.256000000,8,293.000000000,293.059989950,293.119089599,293.149390486,293.230966102,293.444135626
936,0.080000000,0.085000000,0.251000000,0.256000000,8,293.000000000,293.059989950,293.119089599,293.149390486,293.230966102,293.444135626
937,0.085000000,0.090000000,0.251000000,0.256000000,8,293.000000000,293.059989950,293.119089599,293.149390486,293.230966102,293.444135626
938,0.090000000,0.095000000,0.251000000,0.256000000,8,293.000000000,293.059989950,293.119089599,293.149390486,293.230966102,293.444135626
939,0.095000000,0.100000000,0.251000000,0.256000000,8,293.000000000,293.059989950,293.119089599,293.149390486,293.230966102,293.444135626
940,0.000000000,0.005000000,0.256000000,0.261000000,8,293.000000000,293.059997791,293.119197765,293.150094979,293.233103259,293.449030649
941,0.005000000,0.010000000,0.256000000,0.261000000,8,293.000000000,293.059997791,293.119197765,293.150094979,293.233103259,293.449030649
942,0.010000000,0.015000000,0.256000000,0.261000000,8,293.000000000,293.059997791,293.119197765,293.150094979,293.233103259,293.449030649
943,0.015000000,0.020000000,0.256000000,0.261000000,8,293.000000000,293.059997791,293.119197765,293.150094979,293.233103259,293.449030649
944,0.020000000,0.025000000,0.256000000,0.261000000,8,293.000000000,293.059997791,293.119197765,293.150094979,293.233103259,293.449030649
945,0.025000000,0.030000000,0.256000000,0.261000000,8,293.000000000,293.059997791,293.119197765,293.150094979,293.233103259,293.449030649
946,0.030000000,0.035000000,0.256000000,0.261000000,8,293.000000000,293.059997791,293.119197765,293.150094979,293.233103259,293.449030649
947,0.035000000,0.040000000,0.256000000,0.261000000,8,293.000000000,293.059997791,293.119197765,293.150094979,293.233103259,293.449030649
948,0.040000000,0.045000000,0.256000000,0.261000000,8,293.000000000,293.059997791,293.119197765,293.150094979,293.233103259,293.449030649
949,0.045000000,0.050000000,0.256000000,0.261000000,8,293.000000000,293.059997791,293.119197765,293.150094979,293.233103259,293.449030649
950,0.050000000,0.055000000,0.256000000,0.261000000,8,293.000000000,293.059997791,293.119197765,293.150094979,293.233103259,293.449030649
951,0.055000000,0.060000000,0.256000000,0.261000000,8,293.000000000,293.059997791,293.119197765,293.150094979,293.233103259,293.449030649
952,0.060000000,0.065000000,0.256000000,0.261000000,8,293.000000000,293.059997791,293.119197765,293.150094979,293.233103259,293.449030649
953,0.065000000,0.070000000,0.256000000,0.261000000,8,293.000000000,293.059997791,293.119197765,293.150094979,293.233103259,293.449030649
954,0.070000000,0.075000000,0.256000000,0.261000000,8,293.000000000,293.059997791,293.119197765,293.150094979,293.233103259,293.449030649
955,0.075000000,0.080000000,0.256000000,0.261000000,8,293.000000000,293.059997791,293.119197765,293.150094979,293.233103259,293.449030649
956,0.080000000,0.085000000,0.256000000,0.261000000,8,293.000000000,293.059997791,293.119197765,293.150094979,293.233103259,293.449030649
957,0.085000000,0.090000000,0.256000000,0.261000000,8,293.000000000,293.059997791,293.119197765,293.150094979,293.233103259,293.449030649
958,0.090000000,0.095000000,0.256000000,0.261000000,8,293.000000000,293.059997791,293.119197765,293.150094979,293.233103259,293.449030649
959,0.095000000,0.100000000,0.256000000,0.261000000,8,293.000000000,293.059997791,293.119197765,293.150094979,293.233103259,293.449030649
