iteration,Ux,Uy,e,p,omega,k
1,0.9999998867,0.9999998989,0.9999995776,1.0,0.0001182789069,1.0
2,0.00833086937,0.01369496781,0.7168469679,0.0303932028,3.679248666e-05,0.2788010299
3,0.007084888272,0.01071800347,0.09662527987,0.0576858902,2.650961182e-05,0.1383697778
4,0.005630376315,0.007993186833,0.04789117864,0.04657682171,1.574483711e-05,0.07384706308
5,0.004970230487,0.006057013336,0.03510921783,0.01179924692,1.019640201e-05,0.04896026321
6,0.005437424343,0.006913595943,0.03698540426,0.008401048742,7.373973238e-06,0.04293082324
7,0.006164164357,0.008068859432,0.04430325337,0.009385129403,4.690361791e-06,0.04257251486
8,0.006285265423,0.007647796146,0.05271693068,0.03314004405,2.926317181e-06,0.03953444071
9,0.005800742117,0.005647223368,0.06142736703,0.01423081254,4.300457651e-06,0.01939490347
10,0.006208550643,0.005563743722,0.0834511056,0.009168416121,5.175118779e-06,0.0112207711
11,0.007495092304,0.007935907183,0.1102079714,0.01018574594,4.503021521e-06,0.007067386603
12,0.009073028823,0.01052857702,0.1194539398,0.02562752661,2.196745845e-06,0.004629920727
13,0.009790862004,0.01070837824,0.0987644625,0.02277497173,3.398831975e-06,0.003060626145
14,0.01083399793,0.00981294814,0.08892481767,0.0119077879,4.67907052e-06,0.001986362451
15,0.01255049126,0.01293088384,0.0992925407,0.01175392062,4.481713873e-06,0.001219299467
16,0.01476678034,0.01731645175,0.1212970042,0.01921138116,1.951085878e-06,0.0006551264811
17,0.01547001764,0.01869970221,0.1518704446,0.08390964901,2.803392005e-06,0.0002307359006
18,0.01458633986,0.01506496197,0.1841085193,0.02171684397,4.402536772e-06,0.0001664950739
19,0.01588352104,0.01565924648,0.2294118461,0.02008079746,5.16380167e-06,0.0004025677054
20,0.01887619765,0.02062228111,0.2733706188,0.02229180463,4.174001306e-06,0.0005836000311
21,0.02246386879,0.02654633029,0.2877795551,0.05761913458,1.3860376e-06,0.0007213696287
22,0.02253043518,0.02574684029,0.2304417856,0.04792023398,3.585058954e-06,0.0008312870617
23,0.02227345126,0.02233080032,0.1924951844,0.02867862309,5.012208978e-06,0.0009189725842
24,0.02437369925,0.02468204297,0.2058751363,0.02788832479,5.08894933e-06,0.0009847992627
25,0.02889886438,0.0315725899,0.241645948,0.03451369672,2.286673574e-06,0.00103395677
26,0.02995821291,0.03637334652,0.2590975162,0.6142563329,2.121404481e-06,0.001071582637
27,0.02384841555,0.02939019379,0.2246947754,0.04729390145,3.972111991e-06,0.001100323589
28,0.02261414178,0.02775561926,0.2215053917,0.0420489385,4.938285027e-06,0.001120460334
29,0.02545983607,0.02910001839,0.2578739559,0.04018561729,5.005580194e-06,0.001132381628
30,0.03128269931,0.03618825008,0.3159328054,0.04980869248,2.513978911e-06,0.001136520514
31,0.03380029852,0.04079867818,0.326638983,0.3521931253,2.602471863e-06,0.001133187473
32,0.0286792923,0.03321911298,0.251456362,0.05054588542,4.589885669e-06,0.001123087852
33,0.02735461995,0.03275127063,0.2323787094,0.04582573546,5.598956905e-06,0.001109016506
34,0.03110686843,0.03361767721,0.266470674,0.04276454062,4.51148387e-06,0.001092927722
35,0.03696163978,0.04199857164,0.3050420529,0.07130207477,1.211331569e-06,0.001076645007
36,0.03229393912,0.04141029749,0.2705503883,0.118856262,2.886359413e-06,0.001062087382
37,0.02516197194,0.03388197852,0.2136209261,0.06223335907,4.364783421e-06,0.001048201553
38,0.02383443565,0.03380148101,0.2075913076,0.05535332051,5.135287971e-06,0.001033609102
39,0.02818382305,0.03416112078,0.2593991021,0.04992731571,4.633931566e-06,0.001017508589
40,0.03330646644,0.04037706137,0.310710035,0.0717802923,1.724516853e-06,0.0009991604521
41,0.03368456615,0.04143862998,0.3146558737,0.1741201061,2.922499177e-06,0.0009779441639
42,0.02973173652,0.03531902693,0.26396913,0.05716999049,4.845355902e-06,0.0009544224839
43,0.02847744729,0.03597685321,0.2453332352,0.05161634253,5.595523782e-06,0.0009307756801
44,0.03338960514,0.03644907795,0.2801605781,0.04806011387,3.742998332e-06,0.0009081503569
45,0.03749281669,0.04347930142,0.3070368696,0.1180142706,1.370609678e-06,0.0008878995983
46,0.03007109103,0.03901962317,0.2401372564,0.08754673011,3.388931797e-06,0.0008711270677
47,0.02410236504,0.03410289624,0.1893248476,0.06583405782,4.64581194e-06,0.0008560597125
48,0.02338609852,0.03523406087,0.1941252581,0.0583958501,5.291821151e-06,0.0008414486054
49,0.02793976616,0.03647728425,0.2453635626,0.05163302825,4.592096889e-06,0.0008265426766
50,0.03107727736,0.03879661163,0.2707007725,0.08078010295,1.668896984e-06,0.000810530037
51,0.03029505392,0.03749931803,0.2620689035,0.1808485281,2.91122271e-06,0.0007928143858
52,0.02970899208,0.03429745,0.2580783889,0.05866072577,4.923895823e-06,0.0007735261949
53,0.02893195396,0.0352537764,0.2457174081,0.05358289178,5.466477857e-06,0.0007544416949
54,0.03312960067,0.03598882669,0.2646532775,0.05272572114,3.076047169e-06,0.0007364789094
55,0.03550393429,0.04293385982,0.279091281,0.1926403389,1.670408495e-06,0.0007209447255
56,0.02721561818,0.03652390662,0.2108420383,0.07943847353,3.681712576e-06,0.0007085127972
57,0.02241874169,0.0328831522,0.1719239085,0.06742533718,4.829692501e-06,0.0006975667483
58,0.02197817565,0.03429276513,0.1787936521,0.06057589949,5.421941501e-06,0.0006871131578
59,0.02615226747,0.03640851021,0.2147864186,0.05134620707,4.842955167e-06,0.0006765316403
60,0.02780880667,0.03663173964,0.220823071,0.07351362162,2.221451357e-06,0.000665121137
61,0.02625551396,0.03439317898,0.2057233107,0.3183832205,2.315972057e-06,0.0006523652537
62,0.02810799573,0.03269667407,0.2201075486,0.06315596706,4.714544502e-06,0.0006380620586
63,0.02817716475,0.03343725671,0.2162489885,0.05304165542,5.434565214e-06,0.0006234733144
64,0.03085912534,0.03441358947,0.2183879042,0.05422284493,2.895553576e-06,0.0006094134046
65,0.03236023116,0.04190321293,0.2302271025,0.2397884566,1.811496606e-06,0.0005971215936
66,0.02475805968,0.03519483204,0.1808600647,0.07625615134,3.816090626e-06,0.0005871959626
67,0.020702343,0.03135417627,0.1492534402,0.06569524886,4.946964416e-06,0.0005782560346
68,0.02028790773,0.03292918423,0.1507005308,0.05880490343,5.535836077e-06,0.0005694895898
69,0.02388713991,0.03529063276,0.170207134,0.04866855474,5.23451305e-06,0.0005603556782
70,0.02503061447,0.03462417911,0.1700682736,0.06132017435,3.024002614e-06,0.0005503036713
71,0.02316239252,0.03177957363,0.1547018515,0.322167339,1.30198853e-06,0.0005388261776
72,0.02421774161,0.02920620039,0.1628883941,0.0761875676,4.306386723e-06,0.0005257703843
73,0.02619822622,0.03066010764,0.1734523928,0.05051094697,5.504937828e-06,0.0005116593153
74,0.02754670148,0.03177571978,0.1714352006,0.05091773767,3.246491862e-06,0.0004972049382
75,0.02860666971,0.03880200576,0.1763911084,0.1753694824,1.646114778e-06,0.0004834321857
76,0.0234214967,0.03356690495,0.1502660666,0.0755615894,3.768406846e-06,0.0004711561747
77,0.01978097776,0.02900659901,0.1254522631,0.06256718923,4.967880885e-06,0.0004591419587
78,0.01961729812,0.0305225156,0.1247712147,0.05590323543,5.592866281e-06,0.0004466932263
79,0.02248835128,0.03258848189,0.1360089748,0.04693156952,5.486290633e-06,0.0004333516518
80,0.02376915334,0.03227004203,0.135138385,0.05402630676,3.454047128e-06,0.0004188491352
81,0.02189697799,0.02986557713,0.1225629267,0.1930837542,9.14136115e-07,0.0004027723929
82,0.02266381054,0.02707886842,0.1256097826,0.08274590947,4.194993295e-06,0.0003849789471
83,0.0249304538,0.02853851917,0.1402162037,0.04912992607,5.73686546e-06,0.0003659251916
84,0.02588664425,0.02941505927,0.142693118,0.04746080204,3.813740619e-06,0.0003464338733
85,0.02688364197,0.03588908959,0.146650648,0.1219645479,1.450366295e-06,0.0003274098603
86,0.0230399018,0.03257747489,0.1304559797,0.07820590512,3.605649171e-06,0.0003097755181
87,0.01939195947,0.02710465303,0.1084446679,0.06095597515,4.918146516e-06,0.0002926481202
88,0.01924172941,0.02818267766,0.1051504305,0.05480235593,5.607522121e-06,0.0002757159222
89,0.02170305214,0.02993161074,0.1127463792,0.04640791281,5.664261908e-06,0.0002588907019
90,0.02336497545,0.03007347012,0.1133688759,0.05014263292,3.729207593e-06,0.0002421973121
91,0.02157179359,0.02837212212,0.10372163,0.1490272792,8.398187161e-07,0.0002254895117
92,0.02213399531,0.02565114939,0.1048568733,0.0859616602,4.235647682e-06,0.0002087791403
93,0.02441044698,0.02713000625,0.1183932501,0.04823757574,6.042601122e-06,0.0001924701883
94,0.02525012506,0.02788091619,0.1228589465,0.04495915063,4.42345979e-06,0.00017722242
95,0.02626949587,0.03378400779,0.1259226915,0.09460710005,1.386192991e-06,0.0001634741896
96,0.02308008622,0.0319644795,0.116628757,0.08391322221,3.42027128e-06,0.0001517150028
97,0.0192000142,0.02575755033,0.09506330979,0.06054948049,4.852443648e-06,0.000141280126
98,0.01893893002,0.02623319412,0.09019966032,0.05457985469,5.6148789e-06,0.0001318124124
99,0.02114516274,0.02773265132,0.0967845649,0.04624245384,5.802503295e-06,0.000123091579
100,0.02309788778,0.02818102449,0.09861519923,0.04777773161,3.964320928e-06,0.0001150983086
101,0.02133477717,0.02701927587,0.09062004623,0.1251039704,8.000529409e-07,0.0001076270269
102,0.02163637662,0.02443430619,0.09139699759,0.09038653438,4.271483318e-06,0.0001005186695
103,0.02403473981,0.02592445179,0.1036446785,0.04769120142,6.31098224e-06,9.376858922e-05
104,0.02486976918,0.0266630161,0.1100105555,0.04329187002,4.998735336e-06,8.747452687e-05
105,0.02585673737,0.03171855595,0.1109580906,0.07844824611,1.413165369e-06,8.179092485e-05
106,0.02330834103,0.031203771,0.1062085208,0.09343734491,3.229342943e-06,7.704008026e-05
107,0.01910206463,0.02456273329,0.0851125806,0.06075403234,4.781283947e-06,7.282229346e-05
108,0.01871815469,0.02449365608,0.07963170749,0.0549287809,5.61762377e-06,6.901788294e-05
109,0.02065514619,0.02577196076,0.08567104333,0.04673903379,5.915097588e-06,6.549580829e-05
110,0.02283418595,0.02642636215,0.08857227652,0.04635527357,4.173075117e-06,6.229154676e-05
111,0.02113339521,0.02569166558,0.08216411,0.1102228375,7.948285476e-07,5.926684333e-05
112,0.02119983061,0.02324235816,0.0821864264,0.09503780378,4.296305742e-06,5.630912232e-05
113,0.02369314291,0.02472780484,0.09292863924,0.04763351363,6.541411001e-06,5.342567641e-05
114,0.02456719832,0.02558700103,0.1000430184,0.04242544783,5.546636463e-06,5.065728297e-05
115,0.02556280315,0.02968090306,0.1012462091,0.06781229374,1.534285895e-06,4.804507404e-05
116,0.0236810594,0.03038601114,0.0994345547,0.1085018321,3.021720729e-06,4.590093604e-05
117,0.01910120281,0.0235985874,0.07889515649,0.06150230679,4.694947245e-06,4.393872761e-05
118,0.01853754403,0.0230259258,0.07245091493,0.0555435011,5.607664951e-06,4.215143981e-05
119,0.02017574764,0.02408673198,0.0777985968,0.04768839615,5.992598927e-06,4.047248917e-05
120,0.02254518806,0.0248005055,0.08158758527,0.04554839856,4.352642056e-06,3.891948141e-05
121,0.02098037323,0.02445972777,0.07643987568,0.1000740356,8.338417004e-07,3.74483863e-05
122,0.02081105827,0.0221637267,0.07598675634,0.1012408272,4.296833249e-06,3.597871872e-05
123,0.0233014439,0.02357074152,0.08529036883,0.04780184763,6.720708116e-06,3.449201797e-05
124,0.02418714153,0.02463518212,0.09215080487,0.04206512522,6.046487634e-06,3.307632761e-05
125,0.02531529114,0.02785153881,0.09495214206,0.06037940973,1.709066062e-06,3.167907049e-05
126,0.02407849204,0.02958375021,0.09500871099,0.134822505,2.776529968e-06,3.049597129e-05
127,0.01915533715,0.02283177501,0.07468273026,0.06242489998,4.581890606e-06,2.949385499e-05
128,0.0183151135,0.02177735967,0.06746109722,0.05638244875,5.579196479e-06,2.856098798e-05
129,0.01965629861,0.02260303537,0.07186847064,0.04882440439,6.042874225e-06,2.76703472e-05
130,0.02218422539,0.02335035419,0.07647083722,0.04538566413,4.539305023e-06,2.685252347e-05
131,0.02083576526,0.02332207368,0.07258611929,0.09174086771,9.564218863e-07,2.610270531e-05
132,0.02042772306,0.02121265504,0.0719723386,0.1099822839,4.211848506e-06,2.534566426e-05
133,0.02288409695,0.02239937773,0.08022063278,0.04824252911,6.801485373e-06,2.456694452e-05
134,0.02377261678,0.02371633065,0.08698561212,0.04209571706,6.482758889e-06,2.376918761e-05
135,0.02508149372,0.02619602257,0.09097424016,0.05478868991,2.056803492e-06,2.292745848e-05
136,0.02442597256,0.02881583237,0.09213062468,0.1890846923,2.477871491e-06,2.218943052e-05
137,0.0191935574,0.0221924684,0.07147614317,0.0630575451,4.438395224e-06,2.157590248e-05
138,0.0180610988,0.02071549337,0.06373166094,0.05701551017,5.534327856e-06,2.100917855e-05
139,0.01913392739,0.02129841128,0.06741661823,0.04997485805,6.076768579e-06,2.048851012e-05
140,0.02178037353,0.02208091872,0.07278883625,0.04540900423,4.740825103e-06,1.999948167e-05
141,0.02071646084,0.02229668198,0.06998666779,0.08484978475,1.148653146e-06,1.957165902e-05
142,0.02008268154,0.02041890167,0.06931553874,0.1233923458,4.051589662e-06,1.914305948e-05
143,0.02247677253,0.02128543929,0.0773672007,0.04949835565,6.819772395e-06,1.868308253e-05
144,0.02335145836,0.02287209734,0.0835577407,0.04265820743,6.890376391e-06,1.821412942e-05
145,0.0248117759,0.02466258512,0.08791817058,0.0511851888,2.826799196e-06,1.770756837e-05
146,0.02469845785,0.02791750036,0.08955003191,0.3029198299,2.174775469e-06,1.725387662e-05
147,0.0191817978,0.02167983297,0.07027796255,0.06467907327,4.277069954e-06,1.69039639e-05
148,0.01781800131,0.01979342275,0.06132641429,0.05846244079,5.474616669e-06,1.657734829e-05
149,0.01861411649,0.0201525939,0.06435099944,0.05198628977,6.085907011e-06,1.625893553e-05
150,0.02134211852,0.02096843287,0.07082709047,0.04605034407,4.933978314e-06,1.594070447e-05
151,0.02060282711,0.02138096597,0.06862919633,0.07977534796,1.408851911e-06,1.56611555e-05
152,0.0197498234,0.01975433734,0.06763939698,0.1440837181,3.816020616e-06,1.539354472e-05
153,0.02203410102,0.02021394287,0.0763032766,0.0516805026,6.784716664e-06,1.510658834e-05
154,0.02295605829,0.02203932403,0.0812043222,0.04361392036,7.260003921e-06,1.482901978e-05
155,0.02442647371,0.02322211953,0.08549360982,0.04907133823,3.644877555e-06,1.454979892e-05
156,0.02480176815,0.02685965694,0.08849932863,0.2491440168,1.830159561e-06,1.427369707e-05
157,0.01929752763,0.02125658044,0.07066399357,0.07065611863,4.090312958e-06,1.405481265e-05
158,0.01761946686,0.01895985423,0.06030737914,0.06116765104,5.398254924e-06,1.384141863e-05
159,0.01817415981,0.01912502603,0.06256183066,0.05471957487,6.077504214e-06,1.361424205e-05
160,0.02090715235,0.01997879276,0.07013602586,0.04711141834,5.130818054e-06,1.34018417e-05
161,0.02042843614,0.02057092174,0.06819134235,0.07468146486,1.737523304e-06,1.323733126e-05
162,0.01943901786,0.01920373224,0.0663220176,0.1755356413,3.509343757e-06,1.308049314e-05
163,0.02156170099,0.01922999816,0.07483679286,0.05472895862,6.690629238e-06,1.293405602e-05
164,0.02259715439,0.02119799847,0.07981955675,0.04480665053,7.565658385e-06,1.279301222e-05
165,0.02399315247,0.02193532319,0.08331045108,0.04728180101,4.43649765e-06,1.263755565e-05
166,0.02439894034,0.02553087029,0.08692068538,0.1545104442,1.51099354e-06,1.246265789e-05
167,0.0195786079,0.02099763585,0.07208860484,0.07680876231,3.884477513e-06,1.234853221e-05
168,0.01743936013,0.01823308618,0.05963584456,0.06342941648,5.308573513e-06,1.221900331e-05
169,0.01776251022,0.01825563341,0.06061563212,0.05702441172,6.055958633e-06,1.205050801e-05
170,0.02044634883,0.01906368122,0.06899670434,0.04829561329,5.336107587e-06,1.187562414e-05
171,0.02025030951,0.01979671749,0.0678777513,0.06901975842,2.135714553e-06,1.174999174e-05
172,0.01908713299,0.0186780755,0.06517960173,0.2273528178,3.116870291e-06,1.167786259e-05
173,0.02103663715,0.01826911294,0.07311624625,0.05843888225,6.530575349e-06,1.162699333e-05
174,0.02223597816,0.02032666807,0.0785615563,0.04583218967,7.788963818e-06,1.162336815e-05
175,0.02353074633,0.02079368816,0.08050319702,0.04588607082,5.174204709e-06,1.155586773e-05
176,0.02384310936,0.02401214312,0.08448539493,0.1133173622,1.318874794e-06,1.143916754e-05
177,0.01994804526,0.02087229287,0.0727334522,0.08411674371,3.667669546e-06,1.135265267e-05
178,0.01730553482,0.01754871856,0.05926424241,0.06441500726,5.212492246e-06,1.121773346e-05
179,0.01741494583,0.01751920296,0.058426852,0.05821458754,6.036623095e-06,1.112120173e-05
180,0.01996766006,0.01821180468,0.06685541967,0.04911957998,5.553902783e-06,1.103127963e-05
181,0.02013534031,0.01905796078,0.06710095073,0.06442043512,2.571592157e-06,1.099737502e-05
182,0.01883646447,0.01822962854,0.06391785204,0.3018069287,2.71529653e-06,1.099647131e-05
183,0.02056407117,0.01741724911,0.07076980683,0.06232395276,6.345615892e-06,1.093685922e-05
184,0.02194505566,0.01948718208,0.07710134266,0.04641579076,7.941583085e-06,1.088790549e-05
185,0.02312782135,0.01990728391,0.07796093719,0.04449409513,5.837450687e-06,1.085731357e-05
186,0.02343683532,0.02259716447,0.08177271877,0.09021490843,1.293254189e-06,1.081147942e-05
187,0.02038596746,0.02073151438,0.07245343358,0.094415879,3.422181424e-06,1.079132193e-05
188,0.01722302335,0.01702226228,0.05922906169,0.06518718456,5.083779653e-06,1.072110717e-05
189,0.01715454547,0.01687781088,0.05657114377,0.05914104932,5.982155157e-06,1.063130911e-05
190,0.01948552181,0.01743446939,0.06408391337,0.04983212172,5.739505266e-06,1.054578856e-05
191,0.02010582168,0.01838706727,0.06570365707,0.06030118875,2.978665846e-06,1.048650268e-05
192,0.01869652163,0.01786077841,0.0623291924,0.278423593,2.28446078e-06,1.044175437e-05
193,0.02016994895,0.01673189075,0.06797481323,0.06695767423,6.149948423e-06,1.042042573e-05
194,0.02173553225,0.01870090838,0.07478945399,0.04708851914,8.016733755e-06,1.045693348e-05
195,0.02279824458,0.01922378052,0.07538015867,0.04364874506,6.394597295e-06,1.049582695e-05
196,0.02319530207,0.02135591466,0.07848956459,0.07606489428,1.514536605e-06,1.048617225e-05
197,0.02085603365,0.02059019383,0.07129921082,0.1110241843,3.140752055e-06,1.045255496e-05
198,0.01724726804,0.01661751924,0.05925346226,0.06626719547,4.934918996e-06,1.034423154e-05
199,0.01693007199,0.01631449867,0.05533606981,0.06005283473,5.924629191e-06,1.021734228e-05
200,0.01900922172,0.01673085681,0.06157105432,0.05054468407,5.928266739e-06,1.010921505e-05
201,0.02009374041,0.01776714159,0.06448204713,0.05667571626,3.40201416e-06,1.009197901e-05
202,0.01862769489,0.01752299824,0.06090991938,0.2069375244,1.831338506e-06,1.009962435e-05
203,0.01979158175,0.01616913219,0.06517326165,0.07230873818,5.927522438e-06,1.011983961e-05
204,0.02153726489,0.01794292818,0.07202533873,0.04755595443,8.031707731e-06,1.01135037e-05
205,0.02247900958,0.01867126481,0.07326125276,0.04311112322,6.856319278e-06,1.0130482e-05
206,0.02302220683,0.02025474778,0.0751028909,0.06643806557,1.869973242e-06,1.007260953e-05
207,0.0213377352,0.02037677618,0.07143850184,0.140387146,2.817443445e-06,9.990901823e-06
208,0.01738263818,0.01629995814,0.05961370348,0.06682229395,4.758303393e-06,1.000181602e-05
209,0.01673462488,0.01583319074,0.05469770821,0.06038988911,5.853684357e-06,9.952027503e-06
210,0.0185354124,0.01608752988,0.05974099837,0.05110560217,6.083999026e-06,9.884071158e-06
211,0.02006733072,0.01716791516,0.06360147121,0.05364903733,3.796923678e-06,9.856070316e-06
212,0.01863668688,0.01721123216,0.06018301764,0.1601753537,1.391236206e-06,9.798750754e-06
213,0.01946805205,0.01574272711,0.06281216971,0.0780815018,5.701790558e-06,9.716655743e-06
214,0.02135832444,0.01721573317,0.06948069098,0.04798395778,7.979007662e-06,9.647835042e-06
215,0.0221852789,0.01819687994,0.07200183238,0.04245932951,7.225020293e-06,9.666134354e-06
216,0.02291829514,0.0192976447,0.07202119238,0.05912251005,2.457605907e-06,9.66869961e-06
217,0.02186407566,0.02014715235,0.07189643414,0.1959285344,2.496987668e-06,9.664402343e-06
218,0.01752603988,0.01605636577,0.05949928759,0.06685533072,4.578736805e-06,9.712050443e-06
219,0.0165785144,0.01540893966,0.05415600995,0.05976501483,5.765809703e-06,9.653388471e-06
220,0.01808631849,0.01550711829,0.05823958014,0.0511509213,6.183941419e-06,9.574261649e-06
221,0.02001518463,0.01657350669,0.06290529909,0.05098673293,4.12889534e-06,9.511908151e-06
222,0.01870602953,0.01687648278,0.05995633284,0.1305324357,1.058007378e-06,9.45973383e-06
223,0.01917620725,0.01540865582,0.0607672182,0.0844628927,5.497697003e-06,9.403207859e-06
224,0.02123573805,0.01652030252,0.06747890446,0.04812632894,7.898114172e-06,9.390426701e-06
225,0.02196109555,0.01776967807,0.07031381517,0.04242547401,7.498777567e-06,9.376828133e-06
226,0.02287137594,0.01848197385,0.06968956632,0.05373318216,3.143126749e-06,9.321314424e-06
227,0.02235974179,0.01988420353,0.07216188176,0.3090563708,2.211337475e-06,9.274599168e-06
228,0.01766856443,0.01589954024,0.05879782921,0.06657297947,4.416103362e-06,9.315532897e-06
229,0.01648983696,0.01501605077,0.05362149008,0.05961288427,5.694068782e-06,9.319283207e-06
230,0.01770226849,0.0150242525,0.05696549532,0.05202900109,6.246854737e-06,9.269181022e-06
231,0.01993523006,0.01599275696,0.06230633805,0.04910570845,4.395215151e-06,9.191862685e-06
232,0.01882834106,0.01649433745,0.05984208838,0.1116791094,8.640505623e-07,9.098330108e-06
233,0.0189235759,0.01510172712,0.0591359524,0.09316642293,5.275313604e-06,9.055228087e-06
234,0.0211194563,0.015835246,0.06554376758,0.04837300708,7.799132605e-06,9.098965213e-06
235,0.02176687459,0.01730380869,0.06837191445,0.04287780514,7.739591602e-06,9.113043218e-06
236,0.02282802035,0.01774678299,0.06786666342,0.05007616152,3.780873511e-06,9.063646823e-06
237,0.02266449465,0.0195917752,0.07150873796,0.2759821857,1.920740112e-06,8.994418269e-06
238,0.01796955815,0.015795683,0.05752707034,0.07009515703,4.260048381e-06,9.014027568e-06
239,0.01645930428,0.01466123057,0.05285300165,0.06051222005,5.62403409e-06,9.013500271e-06
240,0.017394416,0.01461876969,0.05565553459,0.05346354188,6.278160264e-06,9.00398598e-06
241,0.01981969911,0.01546398722,0.06177313764,0.04805926707,4.66707602e-06,8.950325718e-06
242,0.01894619405,0.01610371539,0.05966103,0.09660679511,8.276051769e-07,8.869799228e-06
243,0.0186792052,0.01481975918,0.05780284355,0.1060057207,4.970599781e-06,8.799282233e-06
244,0.02097252224,0.01518578219,0.06301422024,0.04908332577,7.642763641e-06,8.819939959e-06
245,0.02159049759,0.0168203045,0.06587656867,0.04368974751,7.951403274e-06,8.839722653e-06
246,0.02277467114,0.01709643224,0.06596875013,0.04667626176,4.439827901e-06,8.812816499e-06
247,0.02256206136,0.01897114057,0.06880195348,0.1698432648,1.60714114e-06,8.755765871e-06
248,0.01840615616,0.01580447143,0.05657052191,0.07370647744,4.080255983e-06,8.765876364e-06
249,0.01646024528,0.0143685459,0.05191511514,0.0603645686,5.571539255e-06,8.776947595e-06
250,0.01713867503,0.01434402732,0.05402599335,0.05415021274,6.342219175e-06,8.764550891e-06
251,0.01969122012,0.01495348539,0.06020023521,0.04743624458,5.01320022e-06,8.73246025e-06
252,0.01905277949,0.01572318842,0.05903071985,0.08441824882,1.11739469e-06,8.701054176e-06
253,0.01848719486,0.01462186969,0.05626225684,0.1234186872,4.541196239e-06,8.668829214e-06
254,0.02081248062,0.01464749694,0.06031299101,0.05010321976,7.420021946e-06,8.651823551e-06
255,0.02143601896,0.01632796493,0.06307519891,0.0442390741,8.095855521e-06,8.688845831e-06
256,0.02270202242,0.01652494463,0.06416053798,0.04449708751,5.075926781e-06,8.668900126e-06
257,0.02237196781,0.0182329039,0.0656062828,0.122340049,1.484342617e-06,8.617950001e-06
258,0.01892867747,0.01590584568,0.05635109843,0.07960938056,3.852566052e-06,8.633454921e-06
259,0.01651636968,0.01412222417,0.05105795714,0.06038110487,5.420994964e-06,8.679541035e-06
260,0.01697303361,0.01412681151,0.05255964304,0.05455848145,6.246279925e-06,8.648563525e-06
261,0.01959201713,0.01452454322,0.05874990341,0.0472036573,5.167812775e-06,8.616962721e-06
262,0.01924434232,0.01538037713,0.05844998169,0.0759315193,1.492561392e-06,8.592170334e-06
263,0.018442026,0.01452443903,0.05511182547,0.14545299,4.189409899e-06,8.587839441e-06
264,0.02071359617,0.01425896889,0.05823791392,0.05125626479,7.210855522e-06,8.567956146e-06
265,0.02129898495,0.01589324083,0.06018379164,0.04503898961,8.211697788e-06,8.61581102e-06
266,0.02270348597,0.01616108368,0.06296215969,0.04288359596,5.688291933e-06,8.65054911e-06
267,0.02233265651,0.01762746915,0.06312855322,0.09584508811,1.466600048e-06,8.636479251e-06
268,0.01956637101,0.01608712418,0.05665580134,0.08861840484,3.614491917e-06,8.663150469e-06
269,0.01666840291,0.01400372127,0.05011358486,0.06026065596,5.308408066e-06,8.750369916e-06
270,0.01689638778,0.01398040184,0.05120699115,0.05474978338,6.206516939e-06,8.679362203e-06
271,0.01947023561,0.01417479839,0.05741403879,0.04701522111,5.374482257e-06,8.606240518e-06
272,0.01954096947,0.01514864539,0.05811313168,0.06973213226,1.878338675e-06,8.576210123e-06
273,0.01855019691,0.01454192411,0.05431198149,0.1754567953,3.798312792e-06,8.552521988e-06
274,0.02069584923,0.01402112831,0.05667327102,0.05279806089,6.975935934e-06,8.526796218e-06
275,0.02119411637,0.0155498008,0.05781097319,0.04547876833,8.245898132e-06,8.597603555e-06
276,0.02271157924,0.01600365482,0.06137112237,0.0415791339,6.217957377e-06,8.646919757e-06
277,0.02243340621,0.01718363409,0.06130321411,0.0787585398,1.59780374e-06,8.648590105e-06
278,0.02027456751,0.01634114674,0.05693750868,0.1036688573,3.337231794e-06,8.715731195e-06
279,0.01691253003,0.01399552013,0.04901064597,0.05997910405,5.164285438e-06,8.881099909e-06
280,0.01686191941,0.0139175781,0.05001918952,0.05481756751,6.146943706e-06,8.832970139e-06
281,0.0193349435,0.0139289299,0.05617461232,0.04690664674,5.509343354e-06,8.775576611e-06
282,0.01990536964,0.01499646667,0.05752082593,0.06489004537,2.185370564e-06,8.691373108e-06
283,0.0187902269,0.01464212487,0.05378616985,0.2186049195,3.454122323e-06,8.622977418e-06
284,0.02075498778,0.01392480798,0.05531781997,0.05447179913,6.728901436e-06,8.58615794e-06
285,0.02108201302,0.0153194787,0.05574486066,0.04609127851,8.236507201e-06,8.605137602e-06
286,0.02259869136,0.01597874831,0.05881271923,0.0410898965,6.647659553e-06,8.655023261e-06
287,0.02260480035,0.01686455005,0.05933419606,0.06764524439,1.884939399e-06,8.681390282e-06
288,0.02096980502,0.01666865697,0.05724281734,0.132906595,2.997695095e-06,8.73256748e-06
289,0.01715921605,0.01404326519,0.0478450378,0.05958414976,4.956212305e-06,8.876976466e-06
290,0.01684663101,0.01390780493,0.04856132827,0.05407737472,6.06246853e-06,8.911451376e-06
291,0.019169167,0.01379952436,0.0547213019,0.04641900777,5.610161542e-06,8.885587156e-06
292,0.02027687747,0.01491578748,0.05674842709,0.06123030715,2.433078009e-06,8.834711469e-06
293,0.01912973837,0.01479246147,0.05314012011,0.2815736366,3.166362483e-06,8.753540342e-06
294,0.02085122206,0.01396037261,0.05394723998,0.05537345165,6.519566146e-06,8.696468648e-06
295,0.0209114213,0.01516257996,0.05368204159,0.04635522878,8.165789388e-06,8.693663152e-06
296,0.02234900028,0.01601392018,0.05564306074,0.04066827295,6.957000561e-06,8.750712474e-06
297,0.02274031264,0.01666076302,0.05717218377,0.05982970677,2.335815737e-06,8.781401249e-06
298,0.02159473845,0.01701030413,0.05721941592,0.1868834639,2.672712898e-06,8.804861131e-06
299,0.01739076936,0.01416348759,0.04691886416,0.05917769161,4.777417192e-06,8.894932082e-06
300,0.01681413339,0.01395295111,0.04717110605,0.05352957234,5.977925744e-06,8.902859633e-06
301,0.01899224024,0.01378228499,0.05326920092,0.04646565382,5.688146696e-06,8.887914691e-06
302,0.02059792794,0.01491508892,0.05577417363,0.05924397626,2.650909957e-06,8.845094769e-06
303,0.01955578519,0.01501492461,0.05255046306,0.3600923711,2.925051977e-06,8.825195723e-06
304,0.02093839701,0.01410567341,0.05290309138,0.05644814046,6.290481122e-06,8.816740898e-06
305,0.02069750188,0.01511667838,0.05194667442,0.04700296014,7.998268023e-06,8.82010616e-06
306,0.02193329583,0.01609688826,0.05260849787,0.04064256387,7.118640399e-06,8.892373259e-06
307,0.02276365334,0.01659695406,0.05528096431,0.05442686017,2.944899672e-06,8.934357365e-06
308,0.02204408104,0.01735803579,0.05659722728,0.3046587612,2.421955947e-06,8.899343861e-06
309,0.01774577002,0.01437195614,0.0464528198,0.06133657505,4.602879777e-06,8.952390144e-06
310,0.01677810811,0.01400702546,0.04574826422,0.05376038824,5.882813325e-06,8.930515414e-06
311,0.01876730771,0.01382691075,0.05167631359,0.04721557098,5.739630979e-06,8.872565007e-06
312,0.02081720535,0.01499495869,0.0549400911,0.05678228017,2.756837652e-06,8.801013006e-06
313,0.02000394807,0.01535664927,0.05211924701,0.4133875975,2.861877701e-06,8.791969143e-06
314,0.02097407241,0.01438190653,0.05195913908,0.05709758832,6.164397905e-06,8.804883816e-06
315,0.02040246832,0.01519179438,0.05035409807,0.04758996047,7.866648328e-06,8.839058064e-06
316,0.02138385893,0.01625030918,0.04973784419,0.04129285697,7.229028776e-06,8.953663841e-06
317,0.02267043794,0.01668332081,0.05320882317,0.05045435821,3.444155763e-06,9.01344247e-06
318,0.02193368207,0.01744816474,0.05440439331,0.3300848544,2.097545798e-06,8.999815704e-06
319,0.01814754534,0.01467751822,0.04619696114,0.06399659193,4.447610532e-06,9.002249871e-06
320,0.01672811499,0.01413307516,0.04429710802,0.05322076388,5.757200915e-06,8.958190905e-06
321,0.01850111938,0.01396145651,0.04993805911,0.04774185827,5.702296431e-06,8.858347719e-06
322,0.02090429695,0.01513113425,0.05394629831,0.05522873588,2.844363689e-06,8.777369578e-06
323,0.02029735011,0.01580787563,0.05165384476,0.40242069,2.80924314e-06,8.740531765e-06
324,0.02079408019,0.01476398128,0.05074365593,0.05748936207,6.074977259e-06,8.745195226e-06
325,0.01992462862,0.01535746761,0.04837513643,0.0483517442,7.695996646e-06,8.733891325e-06
326,0.02068409554,0.01644398728,0.04693268726,0.0423108775,7.374250941e-06,8.857873689e-06
327,0.02240720214,0.01684633566,0.05083468244,0.04661756289,3.974386558e-06,8.931272871e-06
328,0.02151737995,0.0174364099,0.05160635968,0.1849307319,1.767814905e-06,8.874611892e-06
329,0.01853949886,0.0150205809,0.04590310223,0.06922779076,4.201986284e-06,8.845997812e-06
330,0.01668312843,0.01428281057,0.04329227223,0.05280064777,5.60069054e-06,8.869609198e-06
331,0.01821642164,0.01416277683,0.04851149738,0.04696704983,5.686519822e-06,8.802521332e-06
332,0.02086235052,0.01537743554,0.05292397837,0.05407967802,2.868956816e-06,8.753485313e-06
333,0.02048058591,0.01638819944,0.05138627639,0.3846104603,2.839427859e-06,8.734024727e-06
334,0.02038996573,0.01525070648,0.04968005287,0.05736942454,5.961236326e-06,8.698062184e-06
335,0.01927727282,0.01562396297,0.04635638257,0.04899358349,7.540420855e-06,8.665011085e-06
336,0.01978268534,0.01677604197,0.04433557406,0.043117396,7.42195933e-06,8.700168975e-06
337,0.02182013703,0.01712801537,0.04796188146,0.04369501549,4.528244713e-06,8.711049554e-06
338,0.02092982433,0.0173788037,0.0485254132,0.1228406256,1.606387182e-06,8.667466567e-06
339,0.01879167975,0.01548514417,0.04541670129,0.07929700024,3.938904423e-06,8.595200801e-06
340,0.0167569463,0.01442678802,0.04263472853,0.0528269074,5.476305791e-06,8.588637029e-06
341,0.01792961351,0.01440147126,0.04681496077,0.04733232088,5.697710537e-06,8.533201849e-06
342,0.02056235799,0.0157245177,0.05133936915,0.05389631505,2.866471672e-06,8.482936993e-06
343,0.02065853765,0.01715428667,0.0514437724,0.3961291678,2.916119629e-06,8.523562538e-06
344,0.0196714356,0.01580580489,0.04812752454,0.0567599151,5.816896968e-06,8.593926378e-06
345,0.01828334641,0.01599103247,0.04392110568,0.04928087031,7.302637924e-06,8.567752721e-06
346,0.01858812374,0.01724850757,0.04134240467,0.04320663255,7.448067705e-06,8.617755722e-06
347,0.02071071095,0.01759869995,0.04465013474,0.04086321067,5.084206778e-06,8.620704393e-06
348,0.01999927711,0.01722983649,0.04516420557,0.08675259194,1.522983588e-06,8.54692651e-06
349,0.01844713879,0.015743419,0.04423633192,0.1046204209,3.439649071e-06,8.408988857e-06
350,0.01665471945,0.01455386427,0.04165934548,0.05115876511,5.155845084e-06,8.30803185e-06
351,0.01745145619,0.01472030202,0.04488992265,0.04624003073,5.495847834e-06,8.192954877e-06
352,0.0198074601,0.01603756416,0.0487695413,0.05309948185,2.756613137e-06,8.136928259e-06
353,0.0205666571,0.0180310386,0.05038856276,0.4306888205,2.96119213e-06,8.15193734e-06
354,0.01845595568,0.01632366824,0.04461581554,0.05602448019,5.667128771e-06,8.206328047e-06
355,0.01701202082,0.01626411171,0.0402882802,0.04989912648,7.041668678e-06,8.271192492e-06
356,0.01708685291,0.01778744754,0.03814735755,0.04331563505,7.388722237e-06,8.3468133e-06
357,0.01895418566,0.01832865734,0.04035196317,0.03892883775,5.720859e-06,8.372199622e-06
358,0.01837458348,0.01709964175,0.04082567296,0.06243526342,2.064848133e-06,8.321047746e-06
359,0.01623517888,0.01520116405,0.03886501907,0.2886269531,2.576104226e-06,8.196141565e-06
360,0.0158352916,0.01431417878,0.03891804441,0.05742473474,4.583544625e-06,8.050139959e-06
361,0.01634700818,0.01460423507,0.04128172648,0.04562442792,5.343158262e-06,7.911129396e-06
362,0.01787618608,0.01559763243,0.0441956666,0.05135294717,2.946207132e-06,7.823636519e-06
363,0.01878528106,0.01807275284,0.04538990066,0.2770086551,2.636974876e-06,7.834563628e-06
364,0.01685822344,0.01655929358,0.04009528463,0.05669441135,5.267557345e-06,7.912779871e-06
365,0.01548986639,0.01607951842,0.03541570144,0.04891238861,6.607688049e-06,7.989131048e-06
366,0.01535916355,0.01801520336,0.03475512363,0.04284042674,7.141272199e-06,8.056994292e-06
367,0.01677999843,0.01884043251,0.03596676738,0.03639164255,6.241481296e-06,8.104361286e-06
368,0.0163583688,0.01721412716,0.03567848759,0.04553819064,3.491606192e-06,8.098633541e-06
369,0.01398908801,0.01484840788,0.03325008965,0.1419550179,1.559481082e-06,8.008378125e-06
370,0.01276055544,0.01301186039,0.03173105491,0.08852440922,3.626313441e-06,7.853721834e-06
371,0.01345044937,0.01318199408,0.03448946286,0.04897447192,4.860926568e-06,7.694615704e-06
372,0.01433231402,0.0138103687,0.03688649762,0.04931070896,3.251737004e-06,7.593931637e-06
373,0.01529709045,0.01644804754,0.03740475588,0.1454785604,1.808089513e-06,7.596984775e-06
374,0.01519656122,0.01617047773,0.03544229889,0.06005980268,4.568632166e-06,7.648562106e-06
375,0.01414753086,0.01491671261,0.03090860439,0.04430489673,6.049923596e-06,7.705628349e-06
376,0.01396907901,0.01705116426,0.03073178552,0.03966596701,6.705966832e-06,7.739988729e-06
377,0.01501659891,0.01796903195,0.03200541549,0.03335989591,6.178266104e-06,7.789761035e-06
378,0.01477625826,0.0166111586,0.03184591374,0.0384129445,3.852469339e-06,7.791060703e-06
379,0.0127067591,0.01438266556,0.02975063897,0.0899859429,1.279447986e-06,7.71844469e-06
380,0.01122247516,0.01249559168,0.02849003512,0.1127193444,3.031830036e-06,7.571334538e-06
381,0.01171574137,0.01248571333,0.030536017,0.05034988418,4.461685281e-06,7.397109541e-06
382,0.01243196232,0.0129706107,0.03284633176,0.04722216251,3.280773474e-06,7.288777295e-06
383,0.01332626204,0.01551043345,0.0329779443,0.1153631137,1.50103632e-06,7.270812938e-06
384,0.01381856097,0.01579391185,0.03222945777,0.06035240627,4.040814516e-06,7.282442337e-06
385,0.01300424554,0.0141682376,0.02800657669,0.04145051087,5.536569323e-06,7.29897261e-06
386,0.01283588794,0.01610529355,0.0273984265,0.03792678916,6.207474958e-06,7.341000723e-06
387,0.01374946,0.0169823794,0.02926098198,0.03197259095,5.747625021e-06,7.399375927e-06
388,0.01369896712,0.01587313313,0.02948834263,0.03610214928,3.535133767e-06,7.408859055e-06
389,0.01188845585,0.01395608639,0.02775595074,0.08241981759,1.238528882e-06,7.341570997e-06
390,0.01051563331,0.01227175457,0.02710714787,0.1053559368,3.053201983e-06,7.206841253e-06
391,0.01096024643,0.01243287877,0.02898526121,0.04828462492,4.404553179e-06,7.059583892e-06
392,0.01154027123,0.01291219614,0.03106163403,0.04562567206,3.171497045e-06,6.954542462e-06
393,0.01237935817,0.01534824457,0.03112962195,0.1185229861,1.482912679e-06,6.929765582e-06
394,0.01272619097,0.01570596799,0.03031322823,0.05591483597,3.821377881e-06,6.889041735e-06
395,0.01197734619,0.01390467001,0.02611046587,0.04064121965,5.194078407e-06,6.83456823e-06
396,0.0118862685,0.01543490399,0.02538280317,0.03752445881,5.795397565e-06,6.85900459e-06
397,0.01278122346,0.01622507492,0.02748178788,0.03159370139,5.251621675e-06,6.908205829e-06
398,0.01282765186,0.01524127533,0.02788085579,0.03583561577,3.022000867e-06,6.909896704e-06
399,0.01115169312,0.01355693937,0.02632659112,0.08498770068,1.325410813e-06,6.853989046e-06
400,0.009940916745,0.01208426368,0.02627415538,0.09220071234,3.234725794e-06,6.766423886e-06
401,0.0104001214,0.01241231344,0.02812317717,0.04653437163,4.386973257e-06,6.6723046e-06
402,0.0108676323,0.01295504131,0.03002905273,0.04579989056,2.923304965e-06,6.595352882e-06
403,0.01164676399,0.01527664828,0.03003324518,0.1459343356,1.569149806e-06,6.571939809e-06
404,0.01174387327,0.01542275599,0.0290840843,0.05046787363,3.767809253e-06,6.510316013e-06
405,0.01109651622,0.01360882521,0.02506246261,0.04003447687,4.983259527e-06,6.425276578e-06
406,0.01108802324,0.01478894197,0.02429434043,0.03713510658,5.459478727e-06,6.420630853e-06
407,0.01201199271,0.01544860225,0.02653417656,0.03140227017,4.788131432e-06,6.431358849e-06
408,0.01201005136,0.01450562587,0.02673717848,0.03685748056,2.482517986e-06,6.41596035e-06
409,0.01041060846,0.01302811613,0.02530243599,0.09545332434,1.491055891e-06,6.355110975e-06
410,0.009429298728,0.0118418087,0.02585264298,0.07987278898,3.43502423e-06,6.282923474e-06
411,0.009932157935,0.01229993929,0.02768951996,0.04550121912,4.274062512e-06,6.230115928e-06
412,0.01029483993,0.01293443548,0.02939277036,0.04823684001,2.465665039e-06,6.196007734e-06
413,0.01100150108,0.01512150176,0.02930651799,0.2403336806,1.802452148e-06,6.189435409e-06
414,0.01083399359,0.01486018308,0.02814836643,0.04586853977,3.767831148e-06,6.124630932e-06
415,0.01031942951,0.01322000762,0.02436726625,0.04010784796,4.77783975e-06,6.051993952e-06
416,0.01040421121,0.01415987594,0.02373613481,0.03720527939,5.152681997e-06,6.021731866e-06
417,0.01140024146,0.0146878589,0.02608426471,0.03164242333,4.232564644e-06,6.003586893e-06
418,0.0112499346,0.01377401762,0.0259486049,0.03953738403,1.828923394e-06,5.958560241e-06
419,0.009702833797,0.01247559454,0.02468928554,0.1208236978,1.754313523e-06,5.898322895e-06
420,0.009039956663,0.01160644761,0.02583874031,0.06862709598,3.653333083e-06,5.84623157e-06
421,0.009564929723,0.01215662736,0.02759080814,0.04514534778,4.062046564e-06,5.801730164e-06
422,0.00983870545,0.01291754476,0.02905940631,0.05364768635,1.859901292e-06,5.80113058e-06
423,0.0104934413,0.01493971611,0.02882225861,0.1583367234,2.086977173e-06,5.807863052e-06
424,0.01000210192,0.01422262714,0.02721317905,0.04275017331,3.775533701e-06,5.743838036e-06
425,0.009621047197,0.01279973385,0.02378661245,0.04074964251,4.646675065e-06,5.676509619e-06
426,0.009820638964,0.0135880066,0.02332410663,0.03752059111,4.808409383e-06,5.636002777e-06
427,0.01088283594,0.01397925405,0.02579452475,0.03254488015,3.645462863e-06,5.604200981e-06
428,0.01050277661,0.01311944633,0.02521794495,0.04475602185,1.190774671e-06,5.558473044e-06
429,0.009033859805,0.01192880222,0.02438841315,0.1803739155,2.119187615e-06,5.497394422e-06
430,0.00872108017,0.01138664787,0.02609568587,0.06090023254,3.841767388e-06,5.452777328e-06
431,0.00920600143,0.01197666715,0.0276966428,0.04578953786,3.718478233e-06,5.425803309e-06
432,0.009446422257,0.01290613446,0.02893545573,0.06488800415,1.366552669e-06,5.432535555e-06
433,0.01010206968,0.01467617127,0.02849219855,0.0888018958,2.342859825e-06,5.439629739e-06
434,0.009257737021,0.01351296811,0.02636259917,0.0413138283,3.79734108e-06,5.381527823e-06
435,0.009025111906,0.01230059689,0.02324030786,0.04093701976,4.524386511e-06,5.327225296e-06
436,0.009340059637,0.01300072254,0.02305263007,0.03732773992,4.482209339e-06,5.288467515e-06
437,0.01039532784,0.01321491834,0.02525534514,0.03375491502,3.024833121e-06,5.240193235e-06
438,0.009739873102,0.01248037648,0.02438542706,0.05224287706,8.512471907e-07,5.187194512e-06
439,0.008457149889,0.01135838937,0.02444348383,0.1822779737,2.552481911e-06,5.128052494e-06
440,0.008466014663,0.011218111,0.02656470205,0.05485268484,3.964082634e-06,5.055836374e-06
441,0.008838283927,0.01179605217,0.02795839828,0.04726914149,3.234793254e-06,5.016146269e-06
442,0.00908448719,0.01291386632,0.02896264057,0.08697135284,1.189424207e-06,5.018762286e-06
443,0.009747666789,0.01421000848,0.02843547832,0.06214639805,2.640298675e-06,5.015141535e-06
444,0.008622755899,0.01277426304,0.02546928243,0.04163475342,3.83995364e-06,4.991484379e-06
445,0.008508385064,0.01180728929,0.02266387999,0.04090254905,4.410732671e-06,4.964260698e-06
446,0.008970932678,0.01247284387,0.02302833955,0.03658601577,4.093741162e-06,4.927325057e-06
447,0.009868005859,0.01247200859,0.02474112283,0.0352245389,2.331171373e-06,4.8717478e-06
448,0.008983102043,0.01192177196,0.02374219856,0.0640326432,1.021894081e-06,4.806497574e-06
449,0.008032583769,0.01087911731,0.0248817044,0.1112101644,2.967818602e-06,4.725268357e-06
450,0.008276588292,0.01111669615,0.02709401034,0.05166940183,3.946968099e-06,4.662590525e-06
451,0.008500608808,0.01167123552,0.0282211922,0.05059119728,2.566385887e-06,4.626871189e-06
452,0.008816123643,0.01298865693,0.0291282345,0.1465882881,1.352147675e-06,4.622828553e-06
453,0.009063959852,0.01360996079,0.02813790251,0.05124048978,2.926554363e-06,4.589115459e-06
454,0.00808855374,0.01203498855,0.0248011648,0.0427584454,3.871959905e-06,4.555702391e-06
455,0.008059478042,0.01135333902,0.02230037682,0.04143685204,4.269407934e-06,4.525841014e-06
456,0.008685357776,0.01201671128,0.02322445446,0.03637648279,3.626882541e-06,4.487737793e-06
457,0.009266616448,0.01185587559,0.02419780461,0.03912477504,1.634333634e-06,4.431153676e-06
458,0.00825614955,0.0113572497,0.0233394235,0.08420762825,1.389855009e-06,4.359017276e-06
459,0.007687556646,0.01042511272,0.02550388264,0.08752584375,3.224338061e-06,4.288526297e-06
460,0.008060029201,0.01083910509,0.02750268041,0.0523603319,3.652366959e-06,4.239927304e-06
461,0.008144431049,0.01138280025,0.02833286418,0.05896458909,1.706755994e-06,4.218963695e-06
462,0.008571499718,0.01284907646,0.02927781058,0.1432633637,1.693605938e-06,4.213382052e-06
463,0.008260540985,0.01280509964,0.02756065693,0.04635463859,3.160774888e-06,4.167749657e-06
464,0.007606752348,0.01127987397,0.02416901459,0.0440202372,3.926670334e-06,4.135574059e-06
465,0.007673547737,0.01093462166,0.0223507348,0.04176181658,4.099437844e-06,4.102046286e-06
466,0.00847546344,0.01152930088,0.02368987085,0.03630191608,3.119012322e-06,4.05951635e-06
467,0.008612736335,0.0112813758,0.02367185341,0.04518514985,9.97527353e-07,3.995034673e-06
468,0.007581525259,0.01074103373,0.02320355575,0.1244774573,1.798901074e-06,3.927632465e-06
469,0.007452135706,0.01001503156,0.02622786129,0.07398451199,3.334757555e-06,3.874623411e-06
470,0.007849383034,0.01051764198,0.02822587397,0.05485014026,3.097940464e-06,3.842913472e-06
471,0.007848774911,0.01111202542,0.02879550916,0.07797519403,1.087128366e-06,3.838578932e-06
472,0.008388530876,0.01257297048,0.02958863746,0.07666944055,2.108353141e-06,3.829281935e-06
473,0.007541771224,0.01188603083,0.027097661,0.04396858856,3.313794746e-06,3.787105618e-06
474,0.007179650494,0.01058182408,0.02384198939,0.04386095917,3.902765127e-06,3.760492973e-06
475,0.007369456855,0.0105605154,0.02280354491,0.04096115556,3.817688568e-06,3.731246776e-06
476,0.008289954693,0.01095336234,0.02430730424,0.0364670224,2.490637475e-06,3.684240966e-06
477,0.007881602647,0.0107042271,0.02327367147,0.0537541168,7.638275667e-07,3.622271484e-06
478,0.00708382904,0.0100719365,0.02358707781,0.1771679533,2.320798744e-06,3.5660769e-06
479,0.007280248409,0.009733978237,0.02712520061,0.06406145651,3.41054234e-06,3.526790234e-06
480,0.007566538137,0.01023082201,0.02896747389,0.05727669631,2.433219488e-06,3.511543173e-06
481,0.00764357075,0.01099320805,0.02949010833,0.1281758009,9.794219959e-07,3.51688004e-06
482,0.008047965507,0.01203047821,0.02978806591,0.05650632799,2.517142844e-06,3.49622467e-06
483,0.006978464147,0.01097399791,0.0267537061,0.04469790958,3.442570473e-06,3.467481723e-06
484,0.00680384818,0.01002032912,0.02372506483,0.04386278134,3.861177408e-06,3.447530049e-06
485,0.007186567984,0.01025487304,0.02329939461,0.04025963482,3.447788219e-06,3.419391134e-06
486,0.007905850174,0.0103860551,0.02431660661,0.0388678236,1.810284113e-06,3.373110569e-06
487,0.007181771401,0.01017918605,0.02285988803,0.06855015606,9.987638708e-07,3.320216205e-06
488,0.006831316286,0.009493572524,0.02472608297,0.1148705497,2.670577546e-06,3.277395239e-06
489,0.007168809082,0.009551927767,0.02846489479,0.06045788586,3.211334066e-06,3.254676718e-06
490,0.007238690559,0.00996803682,0.0297267146,0.06532888432,1.568803267e-06,3.253522094e-06
491,0.007500161037,0.01105635014,0.03024409656,0.1388859691,1.427319876e-06,3.26220802e-06
492,0.007302058426,0.0113577415,0.0291243863,0.04875084039,2.788364266e-06,3.227689454e-06
493,0.006519495251,0.01012734243,0.02618101989,0.04609355898,3.483478786e-06,3.20851269e-06
494,0.006514930192,0.009577442896,0.02402249008,0.04401273934,3.695226377e-06,3.191523099e-06
495,0.007095812147,0.009978589169,0.02449459716,0.0387377941,2.928282106e-06,3.163549596e-06
496,0.007383960697,0.009965064962,0.02435162243,0.04384925077,1.081679867e-06,3.123847087e-06
497,0.006571186621,0.009652333272,0.02307345489,0.09613217414,1.396308743e-06,3.081453738e-06
498,0.006662267168,0.008949842562,0.02651615225,0.09082611137,2.858861069e-06,3.050196408e-06
499,0.007022592816,0.009204591173,0.02986213602,0.06323642443,2.734716371e-06,3.038276759e-06
500,0.006948230932,0.009671879612,0.03033722912,0.08711100236,9.703737263e-07,3.046034783e-06
501,0.007420032817,0.01094445387,0.0312337757,0.07536120425,1.852346179e-06,3.045717025e-06
502,0.006580679886,0.01046926659,0.02883054314,0.04579384728,2.934070318e-06,3.013795102e-06
503,0.006174501279,0.009391916672,0.02610006197,0.04604025466,3.461549089e-06,2.997796672e-06
504,0.006292026243,0.009174701206,0.02492690033,0.04329834962,3.415635236e-06,2.981422838e-06
505,0.007055065734,0.009543841218,0.02580648483,0.03791806868,2.285590424e-06,2.951810188e-06
506,0.006735789745,0.009485977833,0.02425690649,0.05223421512,6.915500847e-07,2.910873798e-06
507,0.006238365883,0.008954460673,0.02456721537,0.1597666292,1.98132666e-06,2.874673603e-06
508,0.006591079395,0.008517384036,0.02886956222,0.0741637896,2.992205417e-06,2.853402687e-06
509,0.006824391354,0.008912003753,0.03144556515,0.06552534007,2.086396817e-06,2.851791761e-06
510,0.006836864515,0.009633663427,0.03151282761,0.1553895825,9.088733112e-07,2.86494218e-06
511,0.007028496594,0.01043306411,0.03182672153,0.05595013785,2.273062833e-06,2.845809537e-06
512,0.006054504383,0.009554283177,0.02856120358,0.04656810253,3.065784271e-06,2.822016806e-06
513,0.005863339046,0.008845522237,0.02625367395,0.0452413302,3.417964383e-06,2.806408331e-06
514,0.00619448856,0.008926155656,0.02615005366,0.04153104385,3.032670948e-06,2.785286205e-06
515,0.006760261365,0.009121042645,0.02622718877,0.03990923762,1.561235308e-06,2.752839852e-06
516,0.006139345383,0.00899928508,0.02426642476,0.06709222577,9.315123616e-07,2.714381519e-06
517,0.006167528795,0.008323276649,0.02716429438,0.1256082858,2.413986373e-06,2.687796171e-06
518,0.006534195489,0.00825109858,0.03141448436,0.06842771072,2.767492681e-06,2.681683948e-06
519,0.006506311887,0.008655519224,0.03258696901,0.07825244323,1.175165713e-06,2.691122869e-06
520,0.006792884853,0.009779097729,0.03329475146,0.09842045272,1.416984525e-06,2.70016592e-06
521,0.00624159196,0.009745369645,0.03137483881,0.04777297413,2.550253282e-06,2.664545299e-06
522,0.005645317501,0.008777932572,0.02841150632,0.04756068876,3.118672756e-06,2.647168979e-06
523,0.005661671825,0.008466633831,0.02709966308,0.04502483901,3.232004856e-06,2.631675082e-06
524,0.006226171861,0.008668683937,0.0277421801,0.03875448408,2.421072746e-06,2.605692385e-06
525,0.006234509788,0.008732371686,0.02633667345,0.04668535408,8.17443178e-07,2.568068005e-06
526,0.005765391071,0.008393063667,0.02574343714,0.1065673819,1.49395738e-06,2.530898e-06
527,0.006183292474,0.007749580629,0.03074639117,0.09107296322,2.673326406e-06,2.51437503e-06
528,0.006443797849,0.007953860688,0.03404761267,0.07105486589,2.198810105e-06,2.517195714e-06
529,0.006340607832,0.008581336322,0.03393768374,0.1284953453,7.610277852e-07,2.531798765e-06
530,0.006652518469,0.009538574404,0.03486289076,0.0621571934,1.904882645e-06,2.521557952e-06
531,0.005632286534,0.008869017796,0.03131279939,0.04710278184,2.731905165e-06,2.49518645e-06
532,0.005370787862,0.00819300304,0.02871892927,0.04624138474,3.117509568e-06,2.479660066e-06
533,0.00556921781,0.008144855522,0.02877331612,0.04258779473,2.879978457e-06,2.460191172e-06
534,0.006169425387,0.008290159739,0.02891674377,0.03882877926,1.604345873e-06,2.426879506e-06
535,0.005735000777,0.008277611756,0.02641152874,0.05977178369,8.232619721e-07,2.386063062e-06
536,0.005810503383,0.007686490389,0.02905010459,0.1440115208,2.218195276e-06,2.354919275e-06
537,0.006251187815,0.007456452618,0.0345041181,0.072597834,2.684841575e-06,2.348631446e-06
538,0.006211902237,0.007835501346,0.03593089381,0.07931906737,1.243586018e-06,2.3611904e-06
539,0.006439948196,0.008940293801,0.0366815653,0.1031873816,1.22333744e-06,2.374156597e-06
540,0.005873274989,0.008999655092,0.03470106773,0.04888827683,2.309238192e-06,2.342108318e-06
541,0.00520772498,0.008149692212,0.03119564893,0.04881641037,2.86163128e-06,2.327602291e-06
542,0.005185350112,0.007856864076,0.02976816508,0.04631167174,2.993412651e-06,2.313025988e-06
543,0.00565315278,0.007875628896,0.0302213831,0.03988144249,2.275663769e-06,2.288935125e-06
544,0.005741056395,0.007987552476,0.02860886127,0.0461116409,8.049664939e-07,2.251862873e-06
545,0.005397571785,0.007715238412,0.02779584472,0.09716429418,1.409972417e-06,2.214060717e-06
546,0.005927113479,0.007070045745,0.03326309413,0.09777825904,2.543565703e-06,2.192653773e-06
547,0.006158387372,0.007156685887,0.03749377463,0.07550837024,2.08368792e-06,2.198119357e-06
548,0.006025697428,0.007818644188,0.03711406824,0.1378879285,7.044135094e-07,2.215999003e-06
549,0.006245165653,0.008747725835,0.03762298329,0.06158814631,1.77178236e-06,2.204051057e-06
550,0.005227667428,0.008156809833,0.03383834026,0.04807244822,2.53584026e-06,2.179923159e-06
551,0.004968116932,0.007584522443,0.03127121041,0.04735817754,2.886920307e-06,2.167578683e-06
552,0.005146381559,0.007502043466,0.03138871812,0.04338964265,2.612651046e-06,2.151208103e-06
553,0.005679377001,0.007540121334,0.0312403802,0.03963562961,1.334915132e-06,2.117134662e-06
554,0.005348600662,0.007577769828,0.0282639295,0.06215755195,9.039444894e-07,2.076452744e-06
555,0.005584275945,0.007018197367,0.03124758369,0.1353876567,2.28372383e-06,2.04668118e-06
556,0.006074675551,0.006783625696,0.03718363383,0.07377420111,2.569444511e-06,2.046558375e-06
557,0.005964835911,0.00716112666,0.03853414434,0.08688492212,1.064249207e-06,2.063946205e-06
558,0.006279896226,0.008410088507,0.03949684589,0.08716311364,1.243175299e-06,2.072776763e-06
559,0.005421359356,0.008257123878,0.03637572844,0.04842778646,2.201965653e-06,2.040801336e-06
560,0.004848282638,0.007542091284,0.03311361962,0.04913592851,2.690594074e-06,2.027926678e-06
561,0.004837031518,0.007295237664,0.03199567228,0.046539101,2.72601579e-06,2.017123751e-06
562,0.005320569268,0.007199660989,0.03232635449,0.04054214959,1.88177454e-06,1.989912003e-06
563,0.005344652611,0.007308711255,0.02979035995,0.04985958072,7.163046762e-07,1.948759342e-06
564,0.005178497662,0.006984104223,0.02951817754,0.1181229873,1.725268057e-06,1.915979802e-06
565,0.005832097852,0.006451794137,0.03523812674,0.08842646143,2.618197512e-06,1.907930253e-06
566,0.005958574593,0.00658031939,0.03912195162,0.07855800654,1.766564005e-06,1.922229044e-06
567,0.005920638189,0.007473648426,0.03933965615,0.1533742413,7.556505515e-07,1.94131077e-06
568,0.005753290417,0.008122104114,0.03837491387,0.05520028722,1.83908462e-06,1.917518082e-06
569,0.004845621018,0.007507001251,0.03453005769,0.04980968477,2.463404644e-06,1.898303713e-06
570,0.004647380154,0.007094993029,0.03262303014,0.04833912002,2.70550151e-06,1.887985954e-06
571,0.004892272347,0.006948567566,0.03300772153,0.04334248872,2.233335048e-06,1.868427564e-06
572,0.005264905074,0.006944835096,0.03165850334,0.04322326656,8.560434696e-07,1.837797146e-06
573,0.005026117647,0.0069286972,0.02883139035,0.07624379488,1.199663363e-06,1.804437197e-06
574,0.005495415784,0.006343858923,0.03237844342,0.111266131,2.456593231e-06,1.788589047e-06
575,0.005901842368,0.006188134774,0.03790505322,0.07608851613,2.260603006e-06,1.797157143e-06
576,0.005739090967,0.006731962859,0.03877080072,0.1155640878,7.909321195e-07,1.817372843e-06
577,0.006009021017,0.007874716201,0.03962785598,0.06827726454,1.446788036e-06,1.810911409e-06
578,0.004931205763,0.007504761886,0.0355153435,0.04921845228,2.214887356e-06,1.784999114e-06
579,0.004549721657,0.006991777745,0.03297338705,0.04895658579,2.588779233e-06,1.772303375e-06
580,0.004623900633,0.006780269253,0.03263601623,0.04518872906,2.384203531e-06,1.760440618e-06
581,0.005109303504,0.006640943835,0.03238612814,0.04095792005,1.217424011e-06,1.736881314e-06
582,0.004998694511,0.006740836344,0.02932160948,0.05955255007,9.238638516e-07,1.701345277e-06
583,0.005134276282,0.006296264069,0.03058816932,0.1393866486,2.265845771e-06,1.676185506e-06
584,0.005771976987,0.005959264121,0.03587342584,0.07559580137,2.563173114e-06,1.679123568e-06
585,0.005720559091,0.006269883647,0.03828221454,0.08928837814,1.096142929e-06,1.698763349e-06
586,0.006011121995,0.007525592616,0.03954701802,0.08897530465,1.108840255e-06,1.709484146e-06
587,0.005125450275,0.007506363751,0.03634779099,0.04992432464,1.988926918e-06,1.679692697e-06
588,0.004480683182,0.006956416972,0.03303168971,0.05054890532,2.446331255e-06,1.665416125e-06
589,0.004419419096,0.006688864929,0.0320927898,0.04776311237,2.441273975e-06,1.654844633e-06
590,0.004821938227,0.006447294623,0.0321218013,0.04278761453,1.56898159e-06,1.634070036e-06
591,0.004961020042,0.006480975871,0.02951407273,0.05236476602,7.219283117e-07,1.59858102e-06
592,0.004867953407,0.006240837024,0.02871820138,0.1251643023,1.924352107e-06,1.567260485e-06
593,0.005528395163,0.00577101737,0.03303674096,0.08423699763,2.647863195e-06,1.562419146e-06
594,0.005720514194,0.005863028879,0.03690501716,0.08184025537,1.550793103e-06,1.581927132e-06
595,0.005758293746,0.006896044973,0.03810827168,0.128388576,7.813545932e-07,1.602345427e-06
596,0.005346808346,0.007377600821,0.03651764217,0.05341083008,1.758518034e-06,1.578265602e-06
597,0.004477970281,0.006888774205,0.03299042208,0.051649528,2.299041419e-06,1.564339114e-06
598,0.004283054265,0.006570540788,0.03153300184,0.04942321979,2.44812203e-06,1.552706673e-06
599,0.004541277675,0.006310535414,0.03216606687,0.04361286682,1.814669123e-06,1.535442733e-06
600,0.004888332266,0.006242690542,0.03016101906,0.04743202181,6.287005502e-07,1.502355639e-06
601,0.004753660151,0.006191671441,0.02781395208,0.0924597833,1.62426944e-06,1.46979109e-06
602,0.00525254731,0.005706649921,0.03065023144,0.09417527551,2.61318853e-06,1.458055231e-06
603,0.005640565967,0.005591774368,0.0346573568,0.0773179216,1.9224325e-06,1.475536397e-06
604,0.005588312808,0.006319448763,0.03638072379,0.1594001483,6.612405825e-07,1.501816877e-06
605,0.005553331346,0.007215909142,0.03652160029,0.05928417001,1.560320213e-06,1.489458792e-06
606,0.004526680169,0.006827626131,0.03314627786,0.05142610812,2.16533127e-06,1.472885951e-06
607,0.004202213975,0.006459450234,0.03088223784,0.05045104122,2.417112463e-06,1.461619327e-06
608,0.004332297377,0.006197126309,0.03109376894,0.04530644339,1.955839049e-06,1.446119604e-06
609,0.004795526592,0.006038178092,0.03025249068,0.04403084278,6.580841926e-07,1.413909714e-06
610,0.004706371091,0.00609283396,0.02755215637,0.07612543017,1.417190192e-06,1.382450148e-06
611,0.004990448016,0.005664461267,0.02927626857,0.1024537953,2.580186748e-06,1.366603801e-06
612,0.0055123213,0.005451353876,0.03271479941,0.07389183383,2.181276359e-06,1.381145233e-06
613,0.005517284154,0.005938138788,0.0349349756,0.1259476424,6.94150248e-07,1.410530945e-06
614,0.00568767727,0.007029740757,0.03606435525,0.06582687742,1.386793598e-06,1.408951917e-06
615,0.004611833277,0.006749095001,0.03311165153,0.05112400481,2.042798618e-06,1.390601136e-06
616,0.004161495244,0.006376573684,0.03070732871,0.05136945692,2.357327814e-06,1.378937598e-06
617,0.004183516119,0.006132882083,0.0302995644,0.04667743632,2.024943384e-06,1.364890936e-06
618,0.004649805346,0.005901203026,0.03009490251,0.043992906,7.40163704e-07,1.334265049e-06
619,0.004655046504,0.005948663253,0.02739995888,0.06811929422,1.22137744e-06,1.303910306e-06
620,0.004766369115,0.005615266912,0.02812425459,0.11508816,2.493671559e-06,1.289675437e-06
621,0.005333522209,0.005336208522,0.03104370105,0.07372077975,2.334383095e-06,1.301495143e-06
622,0.005430628265,0.005655382573,0.03345670826,0.10860732,7.903217778e-07,1.33209771e-06
623,0.005682214336,0.006706593425,0.03532226093,0.07361801259,1.24095871e-06,1.337445903e-06
624,0.004718139239,0.006613613635,0.03281735015,0.05134547875,1.936054857e-06,1.318209061e-06
625,0.004116336558,0.006276848864,0.03056773796,0.05184400695,2.289009102e-06,1.307632826e-06
626,0.004067550015,0.00604585652,0.0298416782,0.04790655499,2.040664809e-06,1.296066823e-06
627,0.0044934941,0.005777224935,0.0302142572,0.04481428827,8.324352271e-07,1.267075812e-06
628,0.004646598737,0.00579337875,0.02779848188,0.06437724675,1.110458177e-06,1.239238732e-06
629,0.004656020177,0.00556706848,0.02739425057,0.1253770451,2.445048439e-06,1.228919634e-06
630,0.005186432176,0.005267486921,0.03002133882,0.07398684591,2.457123212e-06,1.241859004e-06
631,0.005410263929,0.005469142017,0.03219449152,0.09852918603,8.952847963e-07,1.271763091e-06
632,0.005650463678,0.006423126164,0.03458617407,0.08180804579,1.121344291e-06,1.280934105e-06
633,0.004824965123,0.006485015703,0.03259809577,0.05199388571,1.845976931e-06,1.259010029e-06
634,0.004104159891,0.006193792746,0.03058607787,0.05259409474,2.224015202e-06,1.249119336e-06
635,0.003966399837,0.005964892292,0.02951024588,0.04953558724,2.039913186e-06,1.238020458e-06
636,0.004330445479,0.005681346719,0.03049665426,0.0456874786,9.032781163e-07,1.211785818e-06
637,0.004632692629,0.005694412974,0.02862920258,0.0615990587,1.022493866e-06,1.188792225e-06
638,0.004610705299,0.005543139453,0.0274237824,0.13424097,2.399665333e-06,1.183437631e-06
639,0.005067179101,0.005234455265,0.02945148748,0.07542402929,2.5332384e-06,1.198568442e-06
640,0.005340036882,0.005327704004,0.03123583807,0.09288666302,9.738808085e-07,1.227417536e-06
641,0.005588243093,0.006122821391,0.03383322156,0.08925742923,1.031118266e-06,1.237487173e-06
642,0.004935737986,0.006338082579,0.0326272463,0.05361585773,1.775232083e-06,1.212058374e-06
643,0.00412191897,0.006101727961,0.03063321222,0.05379250104,2.168481872e-06,1.201882862e-06
644,0.003890953879,0.005860574531,0.02944755276,0.05092301861,2.037949979e-06,1.191256892e-06
645,0.004181325083,0.005575997932,0.03033101088,0.04621493468,9.695394708e-07,1.169516282e-06
646,0.00459557615,0.005592304107,0.02919433638,0.05875113139,9.331715058e-07,1.148037338e-06
647,0.004571208507,0.005528188087,0.02775268592,0.1461789855,2.342031304e-06,1.145347084e-06
648,0.004938622984,0.005191652622,0.0291523708,0.07752956192,2.578567696e-06,1.164039584e-06
649,0.005209343594,0.005199342861,0.03079110008,0.08938247049,1.050491135e-06,1.193415443e-06
650,0.00549400697,0.005827855465,0.03296853401,0.09664432817,9.54867888e-07,1.204788581e-06
651,0.005024298204,0.006163313161,0.0327344332,0.0552404704,1.715036069e-06,1.17631875e-06
652,0.00415204528,0.005984569569,0.03073652777,0.05460219759,2.12074349e-06,1.165372448e-06
653,0.003844721037,0.00573670796,0.02961415735,0.05170228513,2.043167149e-06,1.155843582e-06
654,0.004064282386,0.005466027234,0.03036998297,0.04694078989,1.048283237e-06,1.135386232e-06
655,0.004537130588,0.005472701497,0.02969189889,0.05606542738,8.269311842e-07,1.114011473e-06
656,0.004542007803,0.005492177274,0.02813560792,0.1429135335,2.25856254e-06,1.113122714e-06
657,0.004823879435,0.005170445612,0.02908850073,0.07957148174,2.60701771e-06,1.134110643e-06
658,0.005107991419,0.00507944067,0.03052711182,0.0856088702,1.138162354e-06,1.165117619e-06
659,0.005409527833,0.005585233558,0.03225673716,0.1052280609,8.690198198e-07,1.179549298e-06
660,0.005091679868,0.005983255699,0.03290992086,0.05637759937,1.651918963e-06,1.147659694e-06
661,0.004188082072,0.00585669294,0.0309223818,0.05552672534,2.073392402e-06,1.135485573e-06
662,0.003823407741,0.005621452913,0.02998954169,0.05256531768,2.060080621e-06,1.125836165e-06
663,0.003965435541,0.005374612876,0.03045162641,0.04735957782,1.167658585e-06,1.105984065e-06
664,0.004473881709,0.00532999252,0.03027661828,0.05344888944,6.98851143e-07,1.084364235e-06
665,0.004515079977,0.005422224588,0.02869908318,0.1252481966,2.123758045e-06,1.083502204e-06
666,0.004730913136,0.005136197451,0.02929287759,0.08283286853,2.613170537e-06,1.10628154e-06
667,0.005030684238,0.004964617962,0.03063515903,0.0827376182,1.2641742e-06,1.139082927e-06
668,0.005326484033,0.005367218074,0.03208621981,0.1182648207,7.705056734e-07,1.157997109e-06
669,0.005135535047,0.005782043138,0.03341508564,0.05792407155,1.579666724e-06,1.123951425e-06
670,0.004227561574,0.005712783061,0.03126903152,0.05609861616,2.021274939e-06,1.110828002e-06
671,0.003821580895,0.005505325064,0.03044238083,0.05370960691,2.079373457e-06,1.100427869e-06
672,0.003894747244,0.005295012914,0.03074067058,0.04818985977,1.313113571e-06,1.081382685e-06
673,0.004418328972,0.005178059454,0.03098818323,0.05164844288,5.903764043e-07,1.060791732e-06
674,0.00450321962,0.005320490168,0.02946157465,0.1079001647,1.951177298e-06,1.060227634e-06
675,0.00467662141,0.005064825089,0.02993834583,0.0883728567,2.601753137e-06,1.083426737e-06
676,0.00499233504,0.004852952173,0.0313245575,0.08080587498,1.441192744e-06,1.117293428e-06
677,0.005259747575,0.005179511741,0.03271787857,0.1374746975,6.641427407e-07,1.140453564e-06
678,0.005174973932,0.005591583122,0.03444567355,0.06008402867,1.499194726e-06,1.104303023e-06
679,0.004268966087,0.005568367575,0.03199689774,0.05656532283,1.964856821e-06,1.08891798e-06
680,0.00382706083,0.005394490812,0.03098646495,0.05435723845,2.094382609e-06,1.07701387e-06
681,0.003836810007,0.005222373657,0.0311476206,0.04858733798,1.460478053e-06,1.05971307e-06
682,0.004353255453,0.005040444347,0.03177423954,0.04991617104,5.234964992e-07,1.0379508e-06
683,0.004504930113,0.005206358599,0.03031550305,0.09446238927,1.776918438e-06,1.034665279e-06
684,0.004659471619,0.004970083767,0.03101310015,0.09437317568,2.585713057e-06,1.057475409e-06
685,0.004998619823,0.004720925606,0.03249554105,0.07890933533,1.659751114e-06,1.093086841e-06
686,0.005220929852,0.005030044045,0.03396800988,0.1601087774,5.799868763e-07,1.122572904e-06
687,0.005214878083,0.005447721132,0.03593871879,0.06329538732,1.407399122e-06,1.08913646e-06
688,0.004311942346,0.005447021246,0.03313976952,0.05770602203,1.901172429e-06,1.070407912e-06
689,0.003848445064,0.005296539819,0.03165989331,0.05561915553,2.093017925e-06,1.056528563e-06
690,0.003791813144,0.005141356788,0.03167957291,0.04953461105,1.578074429e-06,1.038961194e-06
691,0.004286973099,0.004925195696,0.03255298345,0.04872432324,5.116669748e-07,1.013568469e-06
692,0.004514407324,0.005107377498,0.03121063045,0.08553253619,1.640495717e-06,1.005917501e-06
693,0.004675414004,0.004881280316,0.03223294779,0.100717964,2.580680253e-06,1.027279889e-06
694,0.005046990383,0.004597872422,0.03397206268,0.07795380041,1.867916404e-06,1.065036395e-06
695,0.005224810046,0.004892629104,0.03555288501,0.1597446311,5.311983649e-07,1.101515867e-06
696,0.005265677556,0.005347334695,0.03765113628,0.06756027739,1.313601847e-06,1.074676089e-06
697,0.004366565967,0.005358339951,0.03464338032,0.05903573122,1.836172652e-06,1.052127432e-06
698,0.003878436692,0.005222688698,0.03247997708,0.05721664085,2.068291902e-06,1.036478677e-06
699,0.00376784308,0.005069079097,0.03231862157,0.05104535064,1.640309251e-06,1.017890082e-06
700,0.004235948439,0.004834638337,0.03329265158,0.04932054125,5.367758676e-07,9.902006656e-07
701,0.00452972147,0.005028004163,0.03200511349,0.08178122409,1.546977771e-06,9.782734691e-07
702,0.004713539444,0.004812051427,0.03342746897,0.1068091811,2.576196636e-06,9.974967246e-07
703,0.00511587119,0.004497011067,0.03553534537,0.07812457003,2.027613201e-06,1.036659936e-06
704,0.00527128419,0.004773166315,0.0373375203,0.1453132841,5.158841112e-07,1.078595316e-06
705,0.005316306172,0.005281536904,0.03943354711,0.07224720433,1.231645944e-06,1.05936093e-06
706,0.00442715742,0.005304963436,0.03632965724,0.06118649611,1.778379769e-06,1.034483304e-06
707,0.003913617836,0.005169263033,0.03343181417,0.05905607253,2.038684043e-06,1.017739818e-06
708,0.00376153735,0.005001059666,0.03294278237,0.05284475001,1.660151276e-06,9.988854317e-07
709,0.004210164194,0.004761706352,0.03393042394,0.0505164172,5.568544205e-07,9.704748574e-07
710,0.004551446549,0.004965258054,0.03274083541,0.08080840359,1.502099473e-06,9.558043305e-07
711,0.004773046625,0.004758298936,0.03454463908,0.1106606094,2.577392009e-06,9.744988202e-07
712,0.005202632255,0.004421707924,0.03702030463,0.07861107013,2.114652916e-06,1.015116916e-06
713,0.005354583656,0.004690308393,0.03910763607,0.1395471865,5.199597018e-07,1.06105661e-06
714,0.005369066553,0.005229495047,0.04121082384,0.07593502543,1.180051655e-06,1.04529935e-06
715,0.004486820672,0.005266785125,0.03800324658,0.06304075531,1.738724748e-06,1.020179105e-06
716,0.00394513291,0.005121886502,0.03450098084,0.06130703663,2.011541463e-06,1.003504693e-06
717,0.003765269807,0.004930906069,0.03356897717,0.05418759094,1.644028745e-06,9.847637392e-07
718,0.00420828694,0.004702096826,0.03451139397,0.05156219632,5.572799705e-07,9.556752956e-07
719,0.004581037379,0.004907907939,0.03344458488,0.08282331921,1.526100611e-06,9.401656452e-07
720,0.004844319104,0.004705451524,0.03547306806,0.1098146894,2.602521491e-06,9.597058253e-07
721,0.005291316083,0.00436076574,0.03825742538,0.07898932942,2.12489066e-06,1.002377845e-06
722,0.005458258416,0.004641360781,0.04067526659,0.1413477741,5.02391658e-07,1.050886631e-06
723,0.005412673555,0.005173300316,0.04268555046,0.07751329395,1.172288304e-06,1.034096105e-06
724,0.004523963732,0.005223689253,0.03940385473,0.06494061708,1.725465866e-06,1.009694728e-06
725,0.003967418212,0.005074887394,0.03560527408,0.06312179649,1.993933535e-06,9.924571475e-07
726,0.003774432896,0.004857360048,0.03434398412,0.05557578715,1.600728229e-06,9.732985395e-07
727,0.004227263095,0.004640003586,0.03502091367,0.05312027373,5.470036462e-07,9.435189946e-07
728,0.004616569968,0.004849952884,0.03404460595,0.08862593132,1.607946408e-06,9.295175029e-07
729,0.004924401689,0.004646010685,0.03631944407,0.1057079999,2.646535415e-06,9.529574508e-07
730,0.005377089204,0.004311439275,0.03932622761,0.07933857843,2.064422132e-06,9.98079925e-07
731,0.005578420891,0.004621103649,0.04209265068,0.1512333466,4.777974814e-07,1.047582613e-06
732,0.005421793516,0.005130707728,0.04396700207,0.0773673125,1.19725042e-06,1.025383933e-06
733,0.004535263866,0.005181224892,0.04054543755,0.06678258003,1.731839017e-06,1.002467305e-06
734,0.003984341123,0.005028967,0.03668815117,0.06479526982,1.978702698e-06,9.84754065e-07
735,0.003799098651,0.004781006059,0.03536378465,0.05695850481,1.527607323e-06,9.647008784e-07
736,0.004259336455,0.004576413626,0.03556351576,0.05516149667,5.472982067e-07,9.350570373e-07
737,0.004659224902,0.004789819852,0.03466707669,0.09780622534,1.734069272e-06,9.247450123e-07
738,0.005018386233,0.004580979183,0.0372934165,0.09982952059,2.695796578e-06,9.535585137e-07
739,0.005464263245,0.004271731703,0.04022943801,0.08032874126,1.933984426e-06,1.001271185e-06
740,0.005706454915,0.004635940861,0.04334384382,0.1724616096,4.788685223e-07,1.049862232e-06
741,0.005408385445,0.005074833025,0.04481650879,0.07702732962,1.241466286e-06,1.01974821e-06
742,0.0045214415,0.005133133207,0.04121758868,0.06860389913,1.749461834e-06,9.989741366e-07
743,0.003982365129,0.004978191413,0.03757865162,0.06658586249,1.955948987e-06,9.809838081e-07
744,0.003834964317,0.004690505904,0.03618203762,0.05845560512,1.413104367e-06,9.5885069e-07
745,0.004314164511,0.004505171477,0.03616697073,0.05799196913,5.90275299e-07,9.28988762e-07
746,0.004714980909,0.004725426879,0.03535463063,0.1116072749,1.890773537e-06,9.239299431e-07
747,0.005131682245,0.004510009343,0.03829438861,0.09334235035,2.728899364e-06,9.590302286e-07
748,0.005548927626,0.004250787996,0.04097317142,0.08222436737,1.716236894e-06,1.010890597e-06
749,0.005820156208,0.004698737004,0.04443596939,0.1934605688,5.044218732e-07,1.054922977e-06
750,0.005414052005,0.005065916387,0.04554715459,0.07673922665,1.300516591e-06,1.018194817e-06
751,0.004484740244,0.005077372027,0.04147448496,0.07025782097,1.776291311e-06,9.981790859e-07
752,0.003959382879,0.004920123044,0.03816414209,0.06712121269,1.911687e-06,9.790307945e-07
753,0.003867767093,0.004590569935,0.03690842644,0.05877639652,1.232163298e-06,9.538585124e-07
754,0.0044079607,0.004471160126,0.03674791526,0.06223417912,7.029602171e-07,9.249023344e-07
755,0.004803984755,0.00468338012,0.03607349612,0.1374841456,2.084834018e-06,9.254513703e-07
756,0.00528260937,0.00444120992,0.03927294174,0.08818240866,2.73583538e-06,9.666443739e-07
757,0.005654560139,0.004260400695,0.0417525,0.08671342759,1.416215739e-06,1.023132241e-06
758,0.005924255171,0.004806780241,0.04555234452,0.1675040537,5.98890355e-07,1.0605542e-06
759,0.005407880459,0.00510204268,0.04613237754,0.07621587878,1.368953799e-06,1.020670197e-06
760,0.004435086964,0.005019252861,0.04139356903,0.07062809651,1.807937774e-06,9.994825297e-07
761,0.003946531762,0.00484993296,0.03852243017,0.06758062439,1.837857458e-06,9.795817508e-07
762,0.003914142778,0.004481058048,0.03752343431,0.05858248685,9.799162412e-07,9.519717083e-07
763,0.004539919806,0.004475568889,0.03722545197,0.06978849383,9.164972211e-07,9.253713411e-07
764,0.004919673421,0.00466603516,0.03677073781,0.1749153295,2.306771981e-06,9.336260521e-07
765,0.005463707607,0.004361602775,0.04023404079,0.08473622692,2.6811433e-06,9.802428977e-07
766,0.005744923637,0.004266382763,0.04237993679,0.09619121966,1.043612002e-06,1.041199498e-06
767,0.005948411748,0.004847263379,0.04641051035,0.1371389902,7.506382321e-07,1.063924208e-06
768,0.005332068201,0.005081043398,0.04610201198,0.07890290765,1.461349988e-06,1.023783745e-06
769,0.0043859056,0.004937659456,0.04098198394,0.07303310618,1.853088472e-06,1.001403282e-06
770,0.003923789754,0.004757944404,0.0385531908,0.06891124058,1.744413012e-06,9.804451428e-07
771,0.003987934369,0.004350703738,0.03802670266,0.06023730428,7.273032907e-07,9.504764847e-07
772,0.004665392912,0.004483583439,0.03741973981,0.08016318713,1.238159991e-06,9.279265307e-07
773,0.005066165548,0.004641376256,0.03768433154,0.143579683,2.523376808e-06,9.452278522e-07
774,0.005649709168,0.004254195097,0.04117683564,0.08387420672,2.52512495e-06,9.9546421e-07
775,0.005833651071,0.004266771168,0.04295715162,0.1153607866,7.132314993e-07,1.060645603e-06
776,0.005894662725,0.004792662808,0.04683758885,0.1126321944,9.430305211e-07,1.062772816e-06
777,0.005185593795,0.005024139473,0.04559611167,0.08076692428,1.571905928e-06,1.024752673e-06
778,0.004294787715,0.004838192533,0.04059016654,0.07529026193,1.907154925e-06,1.00116867e-06
779,0.003893739253,0.004628377267,0.03848646936,0.06886395615,1.62413908e-06,9.790753185e-07
780,0.004107719279,0.004217509567,0.03835271889,0.06286169673,5.860970946e-07,9.465630398e-07
781,0.004781005707,0.004494604058,0.03743940436,0.09517956884,1.575680368e-06,9.295766147e-07
782,0.005210648453,0.004565663179,0.03827463275,0.1150465541,2.691209105e-06,9.57193235e-07
783,0.005753019031,0.004173950955,0.0414396955,0.08363672727,2.230028329e-06,1.009805118e-06
784,0.005963203692,0.004283530238,0.0435800446,0.150111497,4.709040663e-07,1.073507119e-06
785,0.005878793481,0.004803321423,0.04723555161,0.09626301438,1.132047054e-06,1.050366744e-06
786,0.004975643936,0.004947410674,0.04443142373,0.08024354583,1.678857578e-06,1.018375375e-06
787,0.004204234905,0.004741045719,0.03979468168,0.07528457439,1.936721697e-06,9.949419015e-07
788,0.003863377515,0.004410119512,0.03819212717,0.06663431388,1.435592007e-06,9.701312576e-07
789,0.004285308767,0.00415388288,0.03835734072,0.06464954917,6.118874745e-07,9.362510035e-07
790,0.004929962151,0.004539031775,0.03750254219,0.1233713584,1.943135908e-06,9.280992539e-07
791,0.005404528007,0.004470252461,0.03897191018,0.09622999589,2.826538696e-06,9.664287773e-07
792,0.005851722388,0.004142216557,0.04167764454,0.0866053938,1.848352115e-06,1.024223937e-06
793,0.00608011435,0.004393149874,0.04445623614,0.2119471978,4.880687405e-07,1.07924751e-06
794,0.0058296733,0.004837083512,0.04739377207,0.08935368796,1.266130681e-06,1.039865082e-06
795,0.004802972839,0.00486481026,0.04315273784,0.08028146223,1.751163713e-06,1.012776736e-06
796,0.004134929933,0.004668911834,0.03910989996,0.07568754822,1.877090261e-06,9.884375046e-07
797,0.003895107362,0.004258420883,0.03789259503,0.06576495232,1.116541272e-06,9.586728281e-07
798,0.004498214506,0.004182317385,0.03794603586,0.07131061683,8.538006285e-07,9.25770837e-07
799,0.005075179088,0.004567561151,0.03749387192,0.1784561607,2.275666698e-06,9.296054557e-07
800,0.005639649449,0.004352876967,0.03963941884,0.08729187198,2.806367997e-06,9.74619758e-07
801,0.0058511387,0.004141850636,0.04131853099,0.09612120213,1.288313007e-06,1.038714952e-06
802,0.006110546077,0.004536571078,0.04522500894,0.1756430314,6.560456172e-07,1.074342953e-06
803,0.005686163117,0.004842183868,0.04698919056,0.08843956783,1.400308019e-06,1.033800391e-06
804,0.004628553615,0.004754114067,0.0413485345,0.08068609165,1.822916409e-06,1.006383752e-06
805,0.004066960594,0.0045741128,0.03824201391,0.07630678788,1.74927383e-06,9.815266177e-07
806,0.003981449736,0.004128913407,0.03742743683,0.06578688816,7.446244673e-07,9.481275045e-07
807,0.004736017711,0.004216831127,0.03730591047,0.08686144587,1.281835442e-06,9.221968083e-07
808,0.005271761717,0.004560344909,0.0376961423,0.1443046881,2.572380733e-06,9.390474418e-07
809,0.005871969759,0.004232713545,0.04024567657,0.08433604485,2.596300456e-06,9.875527823e-07
810,0.00588927515,0.004129206238,0.04149079956,0.1208579632,7.380456645e-07,1.05703623e-06
811,0.006113424018,0.004553964694,0.0460842333,0.1278410369,9.298560942e-07,1.059542951e-06
812,0.005423810147,0.004805756074,0.04534203399,0.08947343585,1.568605649e-06,1.022243358e-06
813,0.004461220332,0.004615841957,0.03964686163,0.08194766166,1.91103632e-06,9.960225524e-07
814,0.00399250524,0.004408419133,0.03767070448,0.07508072437,1.571259163e-06,9.713101606e-07
815,0.004188259776,0.003970832386,0.03735356794,0.06822663117,5.99540299e-07,9.346319597e-07
816,0.004969643597,0.004302080012,0.03689864009,0.1147338952,1.77198923e-06,9.1807601e-07
817,0.005500618494,0.004479748883,0.03796789989,0.1070639972,2.811117426e-06,9.493717717e-07
818,0.005929489474,0.004161894135,0.04004474299,0.08795037077,2.19759602e-06,1.003838345e-06
819,0.005982907344,0.004174186572,0.04218480119,0.1751930259,4.712195769e-07,1.069135255e-06
820,0.00607046448,0.004614083767,0.04622092729,0.1037203176,1.174935075e-06,1.038543442e-06
821,0.005098093156,0.004745193309,0.04274910879,0.08785600001,1.710541794e-06,1.008636833e-06
822,0.004306624495,0.004501646798,0.03755120266,0.08165784085,1.916563402e-06,9.837945867e-07
823,0.003951132966,0.004143292216,0.03706312979,0.07198662556,1.257112524e-06,9.551037373e-07
824,0.004465618377,0.003986692691,0.03725664818,0.07252071373,7.916636634e-07,9.196725192e-07
825,0.005184673038,0.004455714633,0.03673439332,0.1728120182,2.211447198e-06,9.176856033e-07
826,0.005750589701,0.004352947435,0.03839621271,0.09070102212,2.884681483e-06,9.604045137e-07
827,0.0058569791,0.004096035603,0.03928860791,0.09736278746,1.561600463e-06,1.024715665e-06
828,0.006034541343,0.00428122583,0.04334001833,0.2208334975,5.923107553e-07,1.071132627e-06
829,0.005884246662,0.004648442882,0.04555944575,0.0947588427,1.357483598e-06,1.029700089e-06
830,0.004777791636,0.004633691541,0.04009888562,0.08614355091,1.811894008e-06,1.003881139e-06
831,0.004162590207,0.004425312078,0.03607313573,0.08054471122,1.783412786e-06,9.800889909e-07
832,0.004026104429,0.003992926257,0.03650956756,0.06883269722,7.863907059e-07,9.468415211e-07
833,0.004798707861,0.004097674156,0.03687943872,0.08828544275,1.262869339e-06,9.169357687e-07
834,0.00543950817,0.00453780866,0.03711706608,0.1482461515,2.573605109e-06,9.303272383e-07
835,0.006012140332,0.004232147946,0.03895463874,0.08694955532,2.670149681e-06,9.78682402e-07
836,0.005847600478,0.004023160429,0.03945701415,0.1233175536,8.114826482e-07,1.050906841e-06
837,0.006133282566,0.004357981139,0.04536091835,0.1440901356,9.029374849e-07,1.056226523e-06
838,0.005573402635,0.004655834624,0.04420492411,0.09665614804,1.566040477e-06,1.018771927e-06
839,0.004551937136,0.004459213569,0.03780831353,0.08728641691,1.923708327e-06,9.928904083e-07
840,0.004052509623,0.00424864866,0.03519810209,0.08046642146,1.560864544e-06,9.688920136e-07
841,0.004271164166,0.003838615274,0.03591840908,0.07199863395,6.328465399e-07,9.307508211e-07
842,0.005139421117,0.004248466276,0.03652113515,0.1285486068,1.868563387e-06,9.123174052e-07
843,0.005749949054,0.004480920056,0.03812391997,0.1047052567,2.864993678e-06,9.45077818e-07
844,0.005942403391,0.004154769865,0.03825936942,0.09398907543,2.209086738e-06,1.002397992e-06
845,0.005900790119,0.004048990198,0.04040085755,0.1887108719,4.807213194e-07,1.069860311e-06
846,0.006093046515,0.004418238447,0.04591355252,0.1100818995,1.201716639e-06,1.03446823e-06
847,0.005166791679,0.004591397993,0.0420647076,0.09316460223,1.740818772e-06,1.004967699e-06
848,0.00432055903,0.00431622094,0.03542129667,0.08608225753,1.914194102e-06,9.796682815e-07
849,0.003991337586,0.003959970038,0.03457221215,0.07596910075,1.142261397e-06,9.506075838e-07
850,0.004597435378,0.003918617534,0.03535147026,0.07932902019,9.518003479e-07,9.128249696e-07
851,0.00540310408,0.004463277974,0.03614912344,0.2029393826,2.363088537e-06,9.125623254e-07
852,0.006022839619,0.004344688452,0.03890322049,0.08989626928,2.889870005e-06,9.608640723e-07
853,0.005813489736,0.004016404274,0.03776997427,0.1073471242,1.367073907e-06,1.031135243e-06
854,0.005980420389,0.004111573375,0.04215526388,0.2118383391,6.733917201e-07,1.068208531e-06
855,0.005881496036,0.004482144632,0.04528761722,0.1047632513,1.432407697e-06,1.022902575e-06
856,0.004769206989,0.004439814283,0.03947733468,0.09175986567,1.869680986e-06,9.952699107e-07
857,0.004152887884,0.004215188437,0.0342774045,0.08585560907,1.718584207e-06,9.698755072e-07
858,0.004127533222,0.003803490965,0.03452252076,0.07336243662,6.714019984e-07,9.328486779e-07
859,0.005035261937,0.004097806131,0.03590175006,0.1071889717,1.571524779e-06,9.064871585e-07
860,0.005774357399,0.004530768039,0.03732752345,0.1220752226,2.749127238e-06,9.343074445e-07
861,0.00607953923,0.004257106649,0.03831292757,0.09239368078,2.58792738e-06,9.887774118e-07
862,0.005813953684,0.003936130736,0.03870867307,0.1450756028,6.489179247e-07,1.06606767e-06
863,0.006109748029,0.004207295885,0.0445517811,0.1334051415,1.041199127e-06,1.049819537e-06
864,0.00548145791,0.004503025494,0.04311895697,0.09963386815,1.665121781e-06,1.008924886e-06
865,0.004475529795,0.004247940239,0.0373496397,0.09026261529,1.959987076e-06,9.810381498e-07
866,0.004033851211,0.0039828859,0.03429350938,0.08242231656,1.382005453e-06,9.540641253e-07
867,0.004443698544,0.003770718931,0.03475153206,0.08002679881,8.036576248e-07,9.162791969e-07
868,0.005382684419,0.004324075311,0.03645180783,0.1859517663,2.196823623e-06,9.108833706e-07
869,0.006049374449,0.004432844626,0.03864893846,0.0941162889,2.946487482e-06,9.594554631e-07
870,0.005845696675,0.004126954984,0.03687332817,0.1026084751,1.857473386e-06,1.023430277e-06
871,0.005816818282,0.003943534389,0.04037566357,0.2532209549,5.324595989e-07,1.076484078e-06
872,0.005979787881,0.004271356589,0.0453223602,0.1073605657,1.347934677e-06,1.021715722e-06
873,0.004990938682,0.004388158511,0.04026510224,0.09688357014,1.844458962e-06,9.935881981e-07
874,0.004245344005,0.004130066884,0.03580043982,0.08857382714,1.832243312e-06,9.70061542e-07
875,0.004056089439,0.003736019385,0.03468660455,0.07608826159,7.953503988e-07,9.361322038e-07
876,0.004941958121,0.003990862016,0.03602698743,0.09806605269,1.355943216e-06,9.074823731e-07
877,0.005800449073,0.00452054556,0.03819374981,0.14073613,2.643240245e-06,9.324741933e-07
878,0.006144645689,0.004311555363,0.03876346053,0.09423095905,2.782351699e-06,9.880461749e-07
879,0.005734940142,0.003906361749,0.03737464477,0.1300552312,8.989353307e-07,1.063740273e-06
880,0.006022711287,0.004039043252,0.04346927363,0.1648886691,9.053869608e-07,1.061920998e-06
881,0.005680845897,0.00435669188,0.04413402389,0.1065825229,1.605991777e-06,1.014389017e-06
882,0.004615488809,0.004183892722,0.03781456341,0.09618375771,1.974216053e-06,9.857223146e-07
883,0.004078369911,0.003947675699,0.0346955779,0.08691978472,1.508904667e-06,9.614331305e-07
884,0.004370948566,0.003628004201,0.03529026535,0.08055315508,7.414815489e-07,9.237180757e-07
885,0.005400491984,0.004196413069,0.03760458839,0.1719393291,2.093520166e-06,9.153073096e-07
886,0.006174841079,0.004467407319,0.04027479956,0.09907073812,2.950678856e-06,9.659336207e-07
887,0.005885927413,0.00416185108,0.03734331882,0.1054464763,2.139982512e-06,1.026755357e-06
888,0.005742221327,0.003884437476,0.03951741413,0.2165967022,5.074593876e-07,1.086395554e-06
889,0.006027289852,0.004104507541,0.04515785699,0.1196742747,1.29801031e-06,1.028047217e-06
890,0.005152725722,0.004291788319,0.04111895878,0.1051848178,1.837976712e-06,9.988647823e-07
891,0.004313600993,0.004018315026,0.03578308774,0.09377548293,1.904591659e-06,9.733382461e-07
892,0.004027258123,0.003638830665,0.03434161837,0.08089172645,8.937421332e-07,9.416719002e-07
893,0.004894614615,0.003872218087,0.0362094345,0.09599722015,1.255988393e-06,9.118262608e-07
894,0.005865585383,0.004473536365,0.03921647404,0.150655516,2.590693561e-06,9.356131111e-07
895,0.006205283018,0.004348518102,0.03978823948,0.09668585745,2.878453029e-06,9.930185196e-07
896,0.005678635917,0.003880928764,0.03692570017,0.126848297,1.090030178e-06,1.065012674e-06
897,0.005943320432,0.003927398524,0.04306098545,0.1948402848,8.299597153e-07,1.073511697e-06
898,0.005776153701,0.004206440787,0.04468800662,0.1121679762,1.583426919e-06,1.023274111e-06
899,0.004697586955,0.004097660007,0.03791352659,0.1001052429,1.990704628e-06,9.955375748e-07
900,0.004111417076,0.003863425843,0.03428485667,0.09121951194,1.567203923e-06,9.714913282e-07
901,0.004329450944,0.003522734805,0.0346738754,0.08375239116,7.402711231e-07,9.304753347e-07
902,0.00544841429,0.004090851321,0.03771920362,0.1748536442,2.080388452e-06,9.202525255e-07
903,0.006316561112,0.004468077727,0.04115285568,0.1004456014,2.962515446e-06,9.743711144e-07
904,0.005895000666,0.004148163525,0.03749525012,0.1075042316,2.279597834e-06,1.035365952e-06
905,0.005685399347,0.00381655494,0.03905101515,0.2042240634,5.138354154e-07,1.100531933e-06
906,0.006022601864,0.003989996495,0.04516604172,0.1293845082,1.285613622e-06,1.044270574e-06
907,0.005247977071,0.004180438136,0.04181965541,0.1102750261,1.85466293e-06,1.018047262e-06
908,0.004353460399,0.003909895952,0.03547682934,0.09816642727,1.944019496e-06,9.921334788e-07
909,0.004025465651,0.00353505255,0.03370450475,0.08530927155,9.200025011e-07,9.563766901e-07
910,0.004901552109,0.003776517848,0.03576746419,0.1015102309,1.280784298e-06,9.18358409e-07
911,0.005966204848,0.004410545361,0.03960305605,0.1463288198,2.603124549e-06,9.438042678e-07
912,0.006226858712,0.004352849541,0.03951590586,0.098360317,2.926946564e-06,1.001306501e-06
913,0.005624653951,0.003839013346,0.03660986205,0.1283485948,1.171360404e-06,1.075281415e-06
914,0.005872336954,0.003823339107,0.04251539319,0.2126448261,8.185106043e-07,1.087705608e-06
915,0.005796831668,0.004090603798,0.04473355526,0.1170566126,1.601149084e-06,1.036586888e-06
916,0.004727893021,0.004006074643,0.0382004858,0.1039403246,2.022774899e-06,1.014575372e-06
917,0.004121787179,0.003765479244,0.03383047908,0.09383363178,1.568607005e-06,9.882578372e-07
918,0.004343999428,0.00343246458,0.03403567362,0.08684275126,7.831052303e-07,9.424384155e-07
919,0.005539760945,0.004032050341,0.03744641611,0.1971474854,2.14909564e-06,9.310793789e-07
920,0.006428373207,0.004442393795,0.0411603671,0.1005812413,2.997261296e-06,9.866333298e-07
921,0.005841447725,0.004098016292,0.03655511802,0.1107774858,2.311512519e-06,1.048199891e-06
922,0.005621873924,0.003746841781,0.03842409135,0.2068424959,5.280468654e-07,1.11542457e-06
923,0.005990584598,0.003899944983,0.04474596448,0.1335958152,1.316963511e-06,1.060626891e-06
924,0.005256932331,0.004078506435,0.04168807385,0.1144197759,1.898871995e-06,1.03774595e-06
925,0.004354595634,0.003816545286,0.03500655871,0.1005453732,1.955571153e-06,1.014464503e-06
926,0.004042195098,0.003433739978,0.03292901934,0.08716288608,8.76742281e-07,9.764257099e-07
927,0.005003735519,0.003736205194,0.03520914153,0.1111095912,1.416855744e-06,9.37822748e-07
928,0.006126192271,0.004377864041,0.03965204306,0.134411308,2.672715538e-06,9.611024469e-07
929,0.006184911143,0.004323323854,0.03822052939,0.1012978828,2.942621321e-06,1.013911189e-06
930,0.005569109662,0.003771841308,0.03569771686,0.1320556124,1.130789312e-06,1.092666726e-06
931,0.005836864384,0.003746237532,0.04202401544,0.21264724,8.707470196e-07,1.103580997e-06
932,0.005762606091,0.004009614456,0.0443267777,0.1196226991,1.659785047e-06,1.056197755e-06
933,0.004715917297,0.003915923689,0.03768362743,0.1061549245,2.069606729e-06,1.037340506e-06
934,0.004104213228,0.003662470638,0.03305714962,0.09493309349,1.5126451e-06,1.012006344e-06
935,0.004405623989,0.003370702806,0.0332760152,0.09075411137,8.595373478e-07,9.65899503e-07
936,0.00567414321,0.004021556576,0.0370119038,0.2304450965,2.260877698e-06,9.586648645e-07
937,0.006436003708,0.004419512137,0.0399136749,0.1001258753,3.045039347e-06,1.008490538e-06
938,0.005733682055,0.004019333975,0.03496947787,0.1142756346,2.276855608e-06,1.067402242e-06
939,0.005572451531,0.00367562857,0.03754517035,0.2161374445,5.414736519e-07,1.135048205e-06
940,0.005939603173,0.003839846948,0.04377685049,0.1358447371,1.380306082e-06,1.075875141e-06
941,0.005217390654,0.003994893614,0.04079371503,0.1167628772,1.964235882e-06,1.055021435e-06
942,0.004332290115,0.003741759656,0.03441565774,0.1021993947,1.939319307e-06,1.035030208e-06
943,0.004081901288,0.003355066431,0.03226725595,0.08837992795,7.936892546e-07,9.962938212e-07
944,0.005177822329,0.003741776114,0.03472659385,0.1275658778,1.623795019e-06,9.628176071e-07
945,0.006330048683,0.004388041739,0.03967625908,0.1213003108,2.779640705e-06,9.978021592e-07
946,0.006079080355,0.004260184766,0.03614919618,0.1048468158,2.934276999e-06,1.043049444e-06
947,0.005521612412,0.003707178378,0.03451682714,0.1390133713,1.011798762e-06,1.126529152e-06
948,0.005842472605,0.003681059927,0.04130407598,0.204029425,9.763666476e-07,1.12530535e-06
949,0.005680489429,0.003947875374,0.04281574827,0.1222564371,1.751550367e-06,1.076053426e-06
950,0.00466412303,0.003820734376,0.03648532091,0.108579537,2.119994796e-06,1.055122842e-06
951,0.004070005554,0.003557983404,0.03216918298,0.09690130741,1.39118939e-06,1.028919057e-06
952,0.004508494926,0.003355543239,0.03251288475,0.09699495602,9.823585072e-07,9.840029082e-07
953,0.005857260649,0.004063355489,0.03665958848,0.1888510772,2.389307564e-06,9.940719901e-07
954,0.006356752202,0.004396722451,0.03799360616,0.09963065824,3.090827862e-06,1.039640216e-06
955,0.005584791064,0.003918557265,0.03293396151,0.1176963805,2.179993195e-06,1.100970499e-06
956,0.005539880678,0.003614873588,0.03670034606,0.2352809039,5.71038148e-07,1.163064383e-06
957,0.005880451039,0.003820044866,0.04251769363,0.1341987041,1.46921119e-06,1.092693537e-06
958,0.005129241091,0.00392151244,0.03931647742,0.1182363894,2.046748731e-06,1.070710537e-06
959,0.004289415165,0.003677882689,0.03327573688,0.1027504703,1.893876321e-06,1.051868053e-06
960,0.004136876824,0.003302308846,0.03150788981,0.08977340571,7.564399991e-07,1.008782476e-06
961,0.005373845235,0.00378804152,0.03433748763,0.163379698,1.862086158e-06,9.84107692e-07
962,0.006517708051,0.004409104256,0.03952328336,0.1124133294,2.900105482e-06,1.036098885e-06
963,0.005925564763,0.004172321993,0.03386776514,0.1102664849,2.885645036e-06,1.082249621e-06
964,0.00546279727,0.003682870413,0.03342818248,0.1535295553,8.687998285e-07,1.168571124e-06
965,0.005856706318,0.003643659013,0.04030983873,0.1879376531,1.116916089e-06,1.145971659e-06
966,0.005577613316,0.003897431255,0.04123903901,0.1238777568,1.866894764e-06,1.09558927e-06
967,0.004580205397,0.003735690792,0.03497496472,0.1109515358,2.161875112e-06,1.072833442e-06
968,0.004031958942,0.003446485677,0.03123755209,0.09811363074,1.224169403e-06,1.040930308e-06
969,0.004663178524,0.003402065529,0.03203307417,0.1079108231,1.171893971e-06,9.988406436e-07
970,0.006069389427,0.0041581722,0.0368363949,0.1506615736,2.534710729e-06,1.026266012e-06
971,0.006215437035,0.004392776993,0.03597319682,0.1010604426,3.134282561e-06,1.072953186e-06
972,0.005414431225,0.003826083217,0.03131831291,0.121678049,2.024524834e-06,1.138103214e-06
973,0.00552519516,0.003602807684,0.03587726864,0.2670791842,6.196928206e-07,1.192814741e-06
974,0.005809782234,0.003801112314,0.04085927209,0.1318688012,1.577624413e-06,1.113827118e-06
975,0.005003272446,0.003843174977,0.03725910303,0.117770288,2.142568289e-06,1.090813309e-06
976,0.004234656657,0.003635151122,0.03190288425,0.1031653481,1.816629714e-06,1.06985317e-06
977,0.004224355894,0.003275675564,0.03065369353,0.09273036951,8.01277555e-07,1.021907518e-06
978,0.00558226229,0.003861126198,0.03406759317,0.2254006598,2.087386669e-06,1.012769576e-06
979,0.006507039923,0.004412505131,0.03811886303,0.107399165,3.007993659e-06,1.071613602e-06
980,0.00574994699,0.004082465661,0.03200571154,0.1149538304,2.824486278e-06,1.117628599e-06
981,0.005392958307,0.003661726707,0.03254250598,0.165555026,7.681690168e-07,1.203512747e-06
982,0.0058323523,0.003640547243,0.03924514736,0.1780008752,1.252908313e-06,1.165383142e-06
983,0.005463439364,0.00385140276,0.03950432757,0.1266324819,1.98319476e-06,1.115038138e-06
984,0.004502047168,0.003672661815,0.03349955799,0.1124636636,2.166790969e-06,1.089249837e-06
985,0.004024860768,0.003328700122,0.03030913132,0.09878424971,1.056240934e-06,1.051087142e-06
986,0.004904488111,0.003538318203,0.03189887258,0.1234090407,1.418739422e-06,1.012928436e-06
987,0.006307405562,0.004281047421,0.03712808041,0.1300624012,2.671457634e-06,1.057486722e-06
988,0.006071788262,0.004372330094,0.03397028983,0.105695168,3.149346294e-06,1.103558126e-06
989,0.005294272209,0.003717978915,0.03007390161,0.127861329,1.748306925e-06,1.175748909e-06
990,0.005561924044,0.003584422544,0.035498744,0.3166243708,7.430930745e-07,1.217866183e-06
991,0.005728861756,0.003772656251,0.0395016425,0.1316238099,1.710788101e-06,1.135785353e-06
992,0.004867514505,0.003757703763,0.03509357374,0.1169683792,2.240749078e-06,1.109437559e-06
993,0.004176506972,0.003572155111,0.03052906801,0.1036354386,1.682262083e-06,1.082866841e-06
994,0.004359763673,0.003262725993,0.0300701531,0.09984544887,9.091634508e-07,1.031264274e-06
995,0.005835136623,0.003961356776,0.03437108555,0.2217147793,2.280970524e-06,1.044511581e-06
996,0.006412309181,0.004424359119,0.0364914842,0.1059418591,3.09508159e-06,1.101080961e-06
997,0.005546023313,0.003971727605,0.03054090827,0.1183116767,2.75073737e-06,1.153521308e-06
998,0.005344020136,0.003608460004,0.03205404746,0.1793600036,7.05618673e-07,1.241876896e-06
999,0.005807916407,0.003626714389,0.03830421644,0.1718681547,1.383199512e-06,1.193179127e-06
1000,0.005340097768,0.003793387055,0.03789550882,0.1281049471,2.098334483e-06,1.143147661e-06
1001,0.004428076583,0.003612549541,0.03204678834,0.112919761,2.127787303e-06,1.113317319e-06
1002,0.004077259165,0.003276687483,0.02973699994,0.09794218181,8.957079878e-07,1.06593656e-06
1003,0.005218418334,0.003688905442,0.03201859774,0.1523121674,1.710044138e-06,1.034755848e-06
1004,0.006553874964,0.0043794626,0.03741502116,0.117866412,2.823818407e-06,1.097052104e-06
1005,0.005913045524,0.004280788286,0.0321769907,0.111246158,3.136367216e-06,1.14185897e-06
1006,0.005278708511,0.003655611396,0.02968846542,0.1350052722,1.353819242e-06,1.222118853e-06
1007,0.005639862015,0.003567105063,0.03567306684,0.2792951221,9.624207341e-07,1.243131311e-06
1008,0.005638936306,0.003735273851,0.03803591204,0.1335851797,1.880861624e-06,1.166176323e-06
1009,0.004719555092,0.003664818862,0.03322909567,0.1175875103,2.324868579e-06,1.134330991e-06
1010,0.004100636702,0.003468838632,0.02921226982,0.1035378936,1.464143619e-06,1.09726195e-06
1011,0.004538157581,0.003314288132,0.02964378908,0.1078859883,1.099045995e-06,1.046039668e-06
1012,0.006131663433,0.004100183146,0.03528209959,0.1571103289,2.476015665e-06,1.084772898e-06
1013,0.006226882604,0.004458031081,0.03449521558,0.1056543836,3.172795483e-06,1.137931804e-06
1014,0.00533792796,0.003878225655,0.02921314505,0.1219963869,2.595463594e-06,1.195836709e-06
1015,0.005340924717,0.003587652216,0.03202742529,0.1988827459,6.524648431e-07,1.282452822e-06
1016,0.005762693565,0.003619757153,0.03753932954,0.1599137963,1.543943375e-06,1.218232032e-06
1017,0.005164431237,0.003725907049,0.03590692427,0.1277175068,2.232769209e-06,1.172417449e-06
1018,0.004330989494,0.003566850042,0.03060140042,0.1108519662,2.044140255e-06,1.138502126e-06
1019,0.004171660023,0.003255554906,0.02902659231,0.09853445525,8.498884826e-07,1.081346204e-06
1020,0.005549873854,0.00382715577,0.03223554152,0.2218568553,1.981853502e-06,1.069754158e-06
1021,0.00654214621,0.004472368434,0.03649703595,0.1110331521,2.963395089e-06,1.137524681e-06
1022,0.005712642261,0.004177438638,0.0307589171,0.1152470558,3.127189611e-06,1.180567786e-06
1023,0.005227530488,0.003661202966,0.02973027304,0.1448110047,1.115292311e-06,1.266734056e-06
1024,0.005668411419,0.003552612125,0.03543288414,0.2447683109,1.144846898e-06,1.26692995e-06
1025,0.005527302638,0.003704275089,0.03681276202,0.1342032009,2.03249179e-06,1.19671891e-06
1026,0.004608537124,0.003597206596,0.03198755582,0.1185031401,2.367620313e-06,1.163401179e-06
1027,0.004046654664,0.003368818395,0.02832469594,0.1041186326,1.255549791e-06,1.115813723e-06
1028,0.004755825949,0.003432776192,0.02943278051,0.1250001043,1.344746706e-06,1.06869816e-06
1029,0.006372142987,0.00427163932,0.03570791808,0.1306526368,2.625511988e-06,1.128999886e-06
1030,0.006047541439,0.004481467701,0.03279411649,0.108043074,3.227798075e-06,1.178061873e-06
1031,0.005167659202,0.003810994331,0.02821159435,0.122571919,2.377732203e-06,1.241433678e-06
1032,0.00535800321,0.003604230625,0.03213458143,0.2273479104,6.692097878e-07,1.318330033e-06
1033,0.005702389552,0.003620281762,0.03680368631,0.1502546571,1.716266719e-06,1.235044933e-06
1034,0.005017579623,0.003662870773,0.03430509144,0.1266499316,2.374203034e-06,1.195279348e-06
1035,0.004268531513,0.003538959462,0.02954088107,0.1092489067,1.929907917e-06,1.158771235e-06
1036,0.004298815944,0.003254788357,0.02834329799,0.1011118712,8.966022982e-07,1.095517477e-06
1037,0.005841943272,0.003987602126,0.03258060294,0.2388535705,2.193695899e-06,1.10998381e-06
1038,0.00643136097,0.004557953521,0.03537889768,0.1114827578,3.068547403e-06,1.172922239e-06
1039,0.005515698612,0.004090782116,0.02946402637,0.1184718993,3.12159836e-06,1.221175561e-06
1040,0.005190568785,0.003670675334,0.02981810631,0.1527034048,1.004631081e-06,1.313486764e-06
1041,0.005687742627,0.00355347458,0.03559276534,0.2256264864,1.287330179e-06,1.301905648e-06
1042,0.005408509346,0.003676229563,0.03597597777,0.1346853251,2.163410487e-06,1.233859272e-06
1043,0.004520271032,0.003552428853,0.03084298678,0.1179260272,2.365504501e-06,1.198898444e-06
1044,0.004065260869,0.003279520028,0.02785032017,0.1023985118,1.069131925e-06,1.143727511e-06
1045,0.005081640632,0.0036269854,0.02984075072,0.1510708712,1.581376504e-06,1.103952402e-06
1046,0.006578552293,0.004456345411,0.03574980101,0.1206869001,2.75175953e-06,1.176856536e-06
1047,0.005897720572,0.004434777837,0.031098479,0.1118799424,3.260770291e-06,1.221279376e-06
1048,0.005100779466,0.003745281846,0.02764685506,0.1267042561,2.061386328e-06,1.290592067e-06
1049,0.005465023998,0.003621630463,0.03267011363,0.2802177933,7.84249374e-07,1.349615553e-06
1050,0.005655453429,0.003612075408,0.03606867596,0.1429086326,1.901879187e-06,1.25378781e-06
1051,0.004850374247,0.003591034076,0.03247611537,0.124726564,2.505764082e-06,1.218649614e-06
1052,0.004192671315,0.003489211982,0.02843732829,0.1081234476,1.748386323e-06,1.177762096e-06
1053,0.004462526742,0.003293207194,0.02810214323,0.110641411,1.01574363e-06,1.113893931e-06
1054,0.006151271435,0.004155548277,0.03342673276,0.1713612495,2.388376772e-06,1.156061454e-06
1055,0.006250984704,0.004606164496,0.03363872475,0.1117337151,3.157281048e-06,1.215989379e-06
1056,0.005328322033,0.004019860288,0.02831368464,0.1209894625,3.063169396e-06,1.269459337e-06
1057,0.005174328906,0.00368558509,0.02990730465,0.1649238699,8.919831043e-07,1.367275669e-06
1058,0.005702515302,0.003570750596,0.03559265906,0.2098984081,1.457886447e-06,1.338671667e-06
1059,0.005305220794,0.003644684562,0.03506293197,0.1354226564,2.312653652e-06,1.270608987e-06
1060,0.004434572003,0.003521333114,0.02970129615,0.1178123129,2.334697419e-06,1.236195632e-06
1061,0.00413506844,0.003276006183,0.02758981136,0.1044856104,9.130110074e-07,1.173150149e-06
1062,0.0054240862,0.003808443981,0.03055594396,0.2022448326,1.806101488e-06,1.14996768e-06
1063,0.006594643184,0.004622113355,0.0351129466,0.1152418651,2.870233658e-06,1.222793134e-06
1064,0.005734645317,0.004364660826,0.02972647995,0.1155768844,3.292953399e-06,1.262516267e-06
1065,0.005105743512,0.003740730535,0.02768459297,0.1297874187,1.776340383e-06,1.336484806e-06
1066,0.005528243676,0.003616597601,0.03303637612,0.3430342471,9.671373792e-07,1.382201228e-06
1067,0.005586751647,0.003615510608,0.03523602659,0.1415605664,2.060622844e-06,1.290543126e-06
1068,0.004717022978,0.003546712972,0.03126957007,0.1243703115,2.595372027e-06,1.253533925e-06
1069,0.004106969387,0.003425445016,0.02729289282,0.1081357351,1.547628676e-06,1.206244548e-06
1070,0.004634141173,0.003372768792,0.02787550596,0.1230420412,1.176375931e-06,1.146332877e-06
1071,0.006423126665,0.004349991254,0.03454493949,0.1395068607,2.524371622e-06,1.20622573e-06
1072,0.006082984043,0.004636111546,0.03222194843,0.1119781695,3.2165418e-06,1.260427279e-06
1073,0.005166643311,0.003959183653,0.02721422579,0.1221088914,2.955218559e-06,1.319139483e-06
1074,0.005203776697,0.003696197948,0.03010670998,0.1754457514,7.942311794e-07,1.418806081e-06
1075,0.005702152237,0.003584528399,0.03551277414,0.1908361128,1.643198235e-06,1.372068437e-06
1076,0.005171191326,0.003604197465,0.03373584031,0.1341652313,2.471693284e-06,1.304058361e-06
1077,0.00436325521,0.003493816802,0.0290697906,0.1168080706,2.281050033e-06,1.270660293e-06
1078,0.004232816338,0.00327136158,0.02734583422,0.1056718956,8.763953711e-07,1.202197822e-06
1079,0.005741392289,0.00397902702,0.03113117093,0.2743465605,1.992961932e-06,1.197559158e-06
1080,0.006512264008,0.004744145223,0.03447378878,0.1141933707,2.966303105e-06,1.263711071e-06
1081,0.005575565543,0.004296949835,0.02893813352,0.1169206775,3.32980522e-06,1.308227002e-06
1082,0.005104707524,0.003741040662,0.02778520356,0.1321632252,1.641930494e-06,1.387619983e-06
1083,0.005564442146,0.003642619626,0.03346379483,0.3560323206,1.087966317e-06,1.43003626e-06
1084,0.005497170538,0.00362349947,0.03465317325,0.141832545,2.186585526e-06,1.344342658e-06
1085,0.004620929562,0.003514428747,0.03035333411,0.1229999152,2.660032354e-06,1.311238375e-06
1086,0.004066455558,0.003355032534,0.02673856296,0.1073451766,1.413703278e-06,1.260223251e-06
1087,0.004794035501,0.003476591749,0.02768689832,0.1359154783,1.326778177e-06,1.205257601e-06
1088,0.00656935145,0.004543900906,0.03473452815,0.1287584198,2.604220219e-06,1.27510514e-06
1089,0.00594150871,0.004660373729,0.03088151081,0.1131302213,3.25350388e-06,1.327363596e-06
1090,0.005057486597,0.003940099537,0.02640183318,0.1204005609,2.894142126e-06,1.388736522e-06
1091,0.005240611895,0.003756235418,0.03007689568,0.1808439394,7.591142921e-07,1.491613805e-06
1092,0.005686588616,0.003599983568,0.03508173013,0.1827127867,1.781905242e-06,1.439979852e-06
1093,0.005058390898,0.003576709209,0.03272056524,0.1346794493,2.6047406e-06,1.382251097e-06
1094,0.004314214298,0.00350099654,0.02862638242,0.1163324621,2.241564582e-06,1.349335549e-06
1095,0.004317042212,0.003296413537,0.02705503456,0.1091190749,8.980758479e-07,1.279605313e-06
1096,0.00596460954,0.004139267019,0.03154589382,0.2236543173,2.123510819e-06,1.29308664e-06
1097,0.006397535535,0.004821470616,0.03359571759,0.1154446504,3.032837977e-06,1.357207514e-06
1098,0.005445244253,0.004282366159,0.02786098485,0.1187171827,3.359699952e-06,1.409461978e-06
1099,0.005087843387,0.003805222577,0.02757140527,0.1336539229,1.595904948e-06,1.498708427e-06
1100,0.005591237792,0.003698040328,0.03351194714,0.3567999586,1.174116221e-06,1.547228413e-06
1101,0.005454242969,0.003641468624,0.03418389758,0.1433641106,2.295378726e-06,1.476188302e-06
1102,0.004570546029,0.003519828256,0.0295068861,0.1236839791,2.720590038e-06,1.454995595e-06
1103,0.004079246255,0.003317401307,0.02647146592,0.1057615874,1.326236064e-06,1.407390098e-06
1104,0.004987741681,0.003616253857,0.0280177163,0.1503495046,1.421560313e-06,1.360414732e-06
1105,0.006634534413,0.004708538458,0.03444206579,0.1265050489,2.653951159e-06,1.437919781e-06
1106,0.005842119442,0.00467891041,0.02994892618,0.1166146584,3.278464936e-06,1.492619406e-06
1107,0.005008465972,0.003954667625,0.02573446271,0.1203872184,2.874524478e-06,1.563600844e-06
1108,0.0052973068,0.003834930501,0.03007390907,0.187338616,7.591924905e-07,1.679456999e-06
1109,0.005679509503,0.003629620545,0.03432459872,0.1805992097,1.893902851e-06,1.636072802e-06
1110,0.004993895647,0.003559708032,0.03203322829,0.1361187674,2.722490493e-06,1.598669174e-06
1111,0.004272835452,0.003520713614,0.0279438798,0.1167436953,2.229472788e-06,1.577601754e-06
1112,0.004381388457,0.00332778129,0.02681529301,0.1116727194,9.241711218e-07,1.516366273e-06
1113,0.006147748297,0.004288357836,0.03201690437,0.1944208871,2.197789525e-06,1.553997547e-06
1114,0.006311374088,0.00488844659,0.03271342511,0.1170076401,3.070038814e-06,1.628717293e-06
1115,0.005355676305,0.004291432387,0.02703269167,0.1199492368,3.383064327e-06,1.697003228e-06
1116,0.005074316014,0.003866738492,0.02718889043,0.1357571383,1.607491373e-06,1.803380252e-06
1117,0.005613111275,0.00376000104,0.03322625528,0.3630430262,1.236302847e-06,1.870225526e-06
1118,0.005430672322,0.003654730091,0.03355813705,0.1445574599,2.392853138e-06,1.817036478e-06
1119,0.004545943191,0.00352686942,0.02889574453,0.1246785553,2.794722295e-06,1.815358889e-06
1120,0.004087672514,0.003343575714,0.02594908012,0.1053694996,1.287834777e-06,1.782361915e-06
1121,0.005135805139,0.003716044633,0.02795633487,0.1632212334,1.473250167e-06,1.758701093e-06
1122,0.006677287237,0.0048328378,0.03417400244,0.124683216,2.679921665e-06,1.856531644e-06
1123,0.005795092577,0.004701856015,0.02950080224,0.1186081826,3.294878587e-06,1.923943552e-06
1124,0.004981287253,0.00398839251,0.0256077467,0.1195461818,2.907904367e-06,2.009936633e-06
1125,0.005327096555,0.003914400085,0.03015013528,0.1871633567,7.731728363e-07,2.147660337e-06
1126,0.005687198574,0.00366891639,0.03412230909,0.1808238723,1.977369157e-06,2.127403024e-06
1127,0.00496482871,0.003551306652,0.03158055857,0.1366961373,2.826613204e-06,2.113494444e-06
1128,0.004245902406,0.003535662766,0.02726177532,0.1173789961,2.264842459e-06,2.111277954e-06
1129,0.004413169522,0.003367815934,0.02611710876,0.1133986541,9.307978948e-07,2.065822652e-06
1130,0.006249183387,0.004404013693,0.03179816136,0.1824133143,2.22099837e-06,2.1309437e-06
1131,0.006261779689,0.004964255575,0.03210220668,0.1184271241,3.081218822e-06,2.2230036e-06
1132,0.005306012742,0.00432546493,0.02673987015,0.1213170315,3.402674117e-06,2.306095649e-06
1133,0.005059182627,0.003920295661,0.02697975617,0.1340908493,1.690617651e-06,2.426686366e-06
1134,0.005632239293,0.003837972471,0.03297447725,0.3664269506,1.265503069e-06,2.520503733e-06
1135,0.005429528067,0.00367762355,0.03306230634,0.1462499104,2.471767996e-06,2.484585959e-06
1136,0.004546049079,0.003534811987,0.02881680507,0.1257000418,2.891059594e-06,2.499280351e-06
1137,0.004090057428,0.003386743239,0.02550041965,0.1062230066,1.323329982e-06,2.478176516e-06
1138,0.005191551812,0.003786559558,0.02755291773,0.1690664739,1.464972588e-06,2.466118113e-06
1139,0.006690955305,0.004929810372,0.03359424432,0.1255533566,2.672391564e-06,2.575413295e-06
1140,0.005766704808,0.004757561081,0.02885212288,0.1193911815,3.29694483e-06,2.657246296e-06
1141,0.004964353487,0.00403911819,0.02551046998,0.1195825014,3.029420001e-06,2.747545949e-06
1142,0.005324510454,0.003992467,0.03001452569,0.1764129696,7.964337118e-07,2.899269398e-06
1143,0.00572111828,0.003726891032,0.03417538119,0.1888660553,2.004237429e-06,2.905461952e-06
1144,0.004985876193,0.003562264829,0.03159422416,0.1381535117,2.905325827e-06,2.896056959e-06
1145,0.004251583153,0.003547551164,0.02749675843,0.1178704458,2.381360964e-06,2.90303377e-06
1146,0.004397213358,0.003404645797,0.0259374318,0.1138968649,9.171812929e-07,2.861505709e-06
1147,0.006254484963,0.00446370849,0.03134358301,0.1827140262,2.185254963e-06,2.92895599e-06
1148,0.006248251084,0.005044974743,0.03153549563,0.119350634,3.062095866e-06,3.031853545e-06
1149,0.0053087721,0.00441419519,0.02611417435,0.1210499668,3.419711954e-06,3.120926454e-06
1150,0.00501536766,0.003969605608,0.02643069371,0.1298478024,1.926165956e-06,3.245376676e-06
1151,0.005628667655,0.003930130882,0.03226267726,0.319280719,1.228342852e-06,3.362174616e-06
1152,0.005467231245,0.00372911789,0.03296622333,0.1507408811,2.512833622e-06,3.331795618e-06
1153,0.004574684245,0.003563131747,0.02893994942,0.1287152781,3.018756929e-06,3.349814381e-06
1154,0.004086909853,0.003423917388,0.02556863764,0.1074470794,1.486779226e-06,3.335035263e-06
1155,0.00512672674,0.0038018307,0.02715847765,0.1580849311,1.373797957e-06,3.314284778e-06
1156,0.006695168443,0.004991444652,0.0331364664,0.1280116326,2.617798298e-06,3.427489103e-06
1157,0.005768911672,0.004857918941,0.02841674651,0.1200990491,3.275666823e-06,3.514995654e-06
1158,0.004968668204,0.004135630826,0.02477790488,0.1195796563,3.232581196e-06,3.606515956e-06
1159,0.005265289583,0.004064002431,0.02881167806,0.1645505993,8.507466587e-07,3.75844046e-06
1160,0.00578296141,0.003801460823,0.03348077477,0.2161112829,1.933492045e-06,3.797468962e-06
1161,0.00508213345,0.003608648758,0.03145934569,0.1412790648,2.937535587e-06,3.784423325e-06
1162,0.00430616606,0.003584127799,0.02782293614,0.1222855755,2.59641314e-06,3.79017654e-06
1163,0.004351913758,0.003446430657,0.0260576896,0.1151466175,9.043102337e-07,3.740868141e-06
1164,0.006161996435,0.004461741887,0.03106426247,0.1971623716,2.075986117e-06,3.784545291e-06
1165,0.006302692436,0.00514452859,0.03144408107,0.1193217689,3.003350271e-06,3.888824478e-06
1166,0.005349945365,0.004538346148,0.02578769885,0.1201792097,3.424844534e-06,3.976751186e-06
1167,0.004930395012,0.004034569466,0.02507524354,0.1254420137,2.359205991e-06,4.093096766e-06
1168,0.005587075205,0.004058179377,0.03092148194,0.247696009,1.085811573e-06,4.230584952e-06
1169,0.005564566615,0.003795047999,0.03260221975,0.1541174752,2.497040953e-06,4.20361575e-06
1170,0.004675459738,0.003598247105,0.02883545029,0.132446251,3.147668349e-06,4.219129892e-06
1171,0.004096272179,0.003485865569,0.02575248779,0.1106257491,1.816761353e-06,4.201225587e-06
1172,0.004906225611,0.003746570387,0.02649742302,0.1398615019,1.18287988e-06,4.155942289e-06
1173,0.006711082685,0.005022634771,0.03313693708,0.1349685436,2.506437441e-06,4.259030256e-06
1174,0.005829117144,0.005017340146,0.02905672619,0.1218599095,3.225459645e-06,4.349336473e-06
1175,0.004989314147,0.004266304394,0.0243808888,0.1238002584,3.433517687e-06,4.434861312e-06
1176,0.005178814018,0.004173686566,0.02711672353,0.1493062254,1.181553303e-06,4.570831017e-06
1177,0.005811154561,0.003945821326,0.03228612922,0.3014218432,1.672061297e-06,4.646049588e-06
1178,0.005253495599,0.003705636036,0.03137324831,0.1480325424,2.864956664e-06,4.627868237e-06
1179,0.004407321067,0.003651280204,0.02741718461,0.127068226,2.914349978e-06,4.635009059e-06
1180,0.004271165782,0.003545405621,0.02568923862,0.1141737111,9.621628722e-07,4.573423584e-06
1181,0.005912134471,0.00439757024,0.02982224551,0.2648629288,1.828356764e-06,4.566964049e-06
1182,0.006463281116,0.005280875628,0.03181681442,0.1209653944,2.870161058e-06,4.647110142e-06
1183,0.005453424764,0.004749567492,0.02624939757,0.1211593505,3.396538595e-06,4.716555319e-06
1184,0.004820148117,0.004107740922,0.02398307552,0.1193979653,3.024439073e-06,4.796857596e-06
1185,0.005447984561,0.004199246986,0.02880682308,0.1837428519,8.501567826e-07,4.931969847e-06
1186,0.00571616336,0.003894290236,0.03181391231,0.1765839068,2.304416184e-06,4.916624093e-06
1187,0.004878873732,0.00363976739,0.029245761,0.1361976509,3.202440987e-06,4.891638714e-06
1188,0.004186882324,0.003677299026,0.02566233304,0.116624212,2.344701803e-06,4.843289061e-06
1189,0.004602836406,0.003676787593,0.02565938585,0.1216407929,9.288102409e-07,4.727782245e-06
1190,0.006625588034,0.004944300856,0.03232250578,0.1492702559,2.302243828e-06,4.747726889e-06
1191,0.006009145372,0.005214128831,0.02986627787,0.1212347676,3.125297406e-06,4.786238924e-06
1192,0.005089023652,0.004481269481,0.02466106197,0.1226395783,3.476014202e-06,4.810974309e-06
1193,0.004971296838,0.004159911379,0.02521684702,0.1326334105,2.048346364e-06,4.864498457e-06
1194,0.005739789715,0.004193778661,0.03106794098,0.2910324393,1.348536436e-06,4.913944923e-06
1195,0.00545768017,0.003859295884,0.03103762032,0.152436691,2.749443058e-06,4.80572127e-06
1196,0.004565497968,0.003703843069,0.0273959884,0.1285132112,3.264016207e-06,4.729636806e-06
1197,0.004177066483,0.003656131646,0.02491192828,0.1083333277,1.480618279e-06,4.587579263e-06
1198,0.005432729914,0.004197440897,0.02728407866,0.1779271363,1.396451928e-06,4.427674007e-06
1199,0.00669055042,0.005349722461,0.03198802429,0.1272120948,2.627621971e-06,4.390782211e-06
1200,0.005629198425,0.005022371124,0.0272374984,0.1229459899,3.2896822e-06,4.334251717e-06
1201,0.00485427178,0.00427589895,0.02363029239,0.11925461,3.45716058e-06,4.274312697e-06
1202,0.005263945067,0.004322228583,0.02728263514,0.1456171127,1.036388717e-06,4.261516104e-06
1203,0.005860971711,0.004047661034,0.03198327903,0.2613995455,1.86480658e-06,4.171865971e-06
1204,0.005177465974,0.003746695964,0.03044039985,0.1427618351,3.080110722e-06,3.99370452e-06
1205,0.004370172174,0.003763345925,0.02619500176,0.1239970332,2.950225163e-06,3.818558748e-06
1206,0.004368043019,0.003719947601,0.02491663531,0.1151283028,8.990678388e-07,3.548405904e-06
1207,0.006210407172,0.004760579435,0.03001312576,0.2008376472,1.956046652e-06,3.338284561e-06
1208,0.006303155084,0.005440179444,0.03018503779,0.1215898225,2.941902108e-06,3.200946508e-06
1209,0.005324762975,0.004784204698,0.02489136477,0.1213664566,3.438869986e-06,3.23116687e-06
1210,0.004741057301,0.004202485582,0.02349497829,0.1202818765,3.114748823e-06,3.264918782e-06
1211,0.005479567287,0.004356829427,0.02856229943,0.1793828579,8.898134818e-07,3.344080212e-06
1212,0.005741755919,0.004015856214,0.0312081211,0.17747872,2.439995937e-06,3.267945097e-06
1213,0.00487428763,0.003736187965,0.02862765401,0.1356825014,3.374895317e-06,3.23039767e-06
1214,0.004186221334,0.003780898118,0.024958942,0.1155874978,2.466289284e-06,3.24397353e-06
1215,0.00467504539,0.003897473489,0.02476151983,0.1218410908,9.049780323e-07,3.210258495e-06
1216,0.006684151271,0.005205414352,0.0313795865,0.146351444,2.29217385e-06,3.338736943e-06
1217,0.005918692853,0.005351393801,0.02834857537,0.1228655312,3.123924298e-06,3.540017038e-06
1218,0.005018037458,0.004596167368,0.0236897287,0.1233606789,3.504414256e-06,3.703342625e-06
1219,0.004873922589,0.004247696734,0.02435634461,0.1271478461,2.404321901e-06,3.897740177e-06
1220,0.005755564306,0.004391784722,0.03004505812,0.2475742613,1.298943913e-06,4.077214839e-06
1221,0.005540754197,0.003993757649,0.0306845887,0.1565720958,2.830779057e-06,4.094865268e-06
1222,0.004652872038,0.003835565243,0.02746082136,0.1316015692,3.470547244e-06,4.185763792e-06
1223,0.00421394266,0.003822063041,0.02458128848,0.108456784,1.760292289e-06,4.255492909e-06
1224,0.005416921074,0.004379527384,0.02662397369,0.1644167599,1.262818832e-06,4.336181889e-06
1225,0.006697250351,0.005528616713,0.03093738968,0.1312943144,2.549818199e-06,4.567303155e-06
1226,0.005629581743,0.005191488256,0.02626280266,0.1251716181,3.256822529e-06,4.802700908e-06
1227,0.004845174121,0.004458652548,0.02289746566,0.1195509203,3.526476805e-06,4.998009551e-06
1228,0.005261416944,0.004422839256,0.02578153206,0.1392909113,1.633879341e-06,5.210470715e-06
1229,0.005922212905,0.004264660591,0.03091721188,0.3618275097,1.688655481e-06,5.353539792e-06
1230,0.005363348735,0.003905023131,0.03018162724,0.150585615,3.091716021e-06,5.37427171e-06
1231,0.004505700518,0.003926329181,0.0265832496,0.1281700644,3.317490151e-06,5.446244252e-06
1232,0.004369677652,0.00393778242,0.02470961926,0.1130303638,1.069855149e-06,5.449845857e-06
1233,0.006060226552,0.004855660733,0.02903269515,0.2636309992,1.689517253e-06,5.51094047e-06
1234,0.006425076097,0.005638486257,0.02983949831,0.1252242387,2.79685208e-06,5.684186249e-06
1235,0.005403544682,0.005048469368,0.0243862097,0.1249587864,3.384722389e-06,5.848596201e-06
1236,0.004688108537,0.004368466508,0.02215019158,0.1200816259,3.527213544e-06,5.972448139e-06
1237,0.005406676337,0.004554755314,0.02657972209,0.1484758992,1.095280408e-06,6.120538608e-06
1238,0.005932163138,0.004237839399,0.03079492075,0.2749553431,2.013314371e-06,6.157661092e-06
1239,0.005178350893,0.003889647124,0.02918020533,0.1427253653,3.315302321e-06,6.102740772e-06
1240,0.004385064053,0.004013736913,0.02602254407,0.1210064385,3.123833507e-06,6.06953797e-06
1241,0.004504938593,0.00405721411,0.02506824844,0.1128774437,8.551144604e-07,5.948419576e-06
1242,0.006482119075,0.005221417835,0.03055194898,0.1774107045,1.97741328e-06,5.930154709e-06
1243,0.00614123702,0.005657763364,0.02896058512,0.1236819432,2.961523904e-06,6.010372636e-06
1244,0.005176980619,0.004935942406,0.02347401957,0.1231097897,3.469434621e-06,6.069638078e-06
1245,0.004651905694,0.004396465072,0.02223458144,0.1225895915,3.458900504e-06,6.104895119e-06
1246,0.005524367397,0.00468274285,0.02742168237,0.1621268926,8.517457948e-07,6.180291127e-06
1247,0.005888034559,0.004276943935,0.03044397002,0.2135660857,2.368621946e-06,6.107084719e-06
1248,0.005003194184,0.003945680004,0.02820579978,0.1391833238,3.531031128e-06,5.984630708e-06
1249,0.004282090998,0.004049413725,0.02566710483,0.116081958,2.918737334e-06,5.8551112e-06
1250,0.004707334919,0.004237039671,0.02508157591,0.1160385727,8.136494893e-07,5.621090312e-06
1251,0.006729955575,0.005527909046,0.03128444605,0.1546103044,2.145855324e-06,5.541912677e-06
1252,0.005930110467,0.005657760493,0.02818403324,0.1244961161,3.05662639e-06,5.547991178e-06
1253,0.005004301824,0.004878205954,0.02311253779,0.1250307878,3.515634876e-06,5.533418181e-06
1254,0.004694951094,0.004445266321,0.02261103201,0.1264774267,3.2867578e-06,5.518983122e-06
1255,0.005666752368,0.00479440085,0.02830175099,0.1800626593,9.336791459e-07,5.561213115e-06
1256,0.005813072205,0.004316823398,0.03038671665,0.186185019,2.667481669e-06,5.440585348e-06
1257,0.004907198735,0.004051702931,0.0279545718,0.1351817979,3.68225631e-06,5.287448616e-06
1258,0.004283210745,0.004129511552,0.02559606611,0.1089602293,2.677217652e-06,5.11535624e-06
1259,0.005059315548,0.004515416946,0.02574470566,0.1211530773,8.591928403e-07,4.825946748e-06
1260,0.006834766398,0.005747846777,0.03155028261,0.1419806607,2.281128568e-06,4.730138489e-06
1261,0.005789819667,0.0056156311,0.02749060712,0.1254283498,3.132162196e-06,4.701980631e-06
1262,0.004917526951,0.004853417619,0.02301680938,0.1240421688,3.55215936e-06,4.660201205e-06
1263,0.004809114418,0.00450680474,0.02329455334,0.1284567245,3.110835152e-06,4.647920697e-06
1264,0.005775217698,0.004856788408,0.02839813102,0.1924885312,1.069478747e-06,4.70811777e-06
1265,0.005736453566,0.004343306555,0.03010704964,0.1713655575,2.865887433e-06,4.593380648e-06
1266,0.004852770988,0.004148249649,0.02777369242,0.1326330143,3.776507319e-06,4.461297399e-06
1267,0.004337256523,0.00425502685,0.02569375094,0.1076335846,2.422334796e-06,4.259994271e-06
1268,0.005373227153,0.004788132708,0.02662818664,0.1321973203,9.685709367e-07,3.964453932e-06
1269,0.006792626838,0.005904214111,0.03148932066,0.1339986411,2.385796359e-06,3.864793691e-06
1270,0.005645513278,0.005587767274,0.02693443376,0.1247028066,3.190546045e-06,3.839883924e-06
1271,0.004815187223,0.004843448125,0.02310034084,0.1218978514,3.584629922e-06,3.800910594e-06
1272,0.004832564682,0.004540103454,0.02352442171,0.1285628817,3.053121968e-06,3.840433585e-06
1273,0.005826089952,0.004936477572,0.0284009028,0.1939221888,1.135494493e-06,3.96137065e-06
1274,0.005719866499,0.00438144535,0.02979339507,0.1652169305,2.971354745e-06,3.908653743e-06
1275,0.004839811296,0.004223833282,0.02744659023,0.1302708141,3.841250724e-06,3.821448913e-06
1276,0.004391122291,0.004378141338,0.0257580797,0.1068035565,2.291939322e-06,3.623816364e-06
1277,0.005581819642,0.005007822754,0.02694114094,0.1393146207,1.0456999e-06,3.326730869e-06
1278,0.006746600378,0.006034853254,0.0312116668,0.1302780451,2.433928727e-06,3.205274601e-06
1279,0.005579153248,0.005602280622,0.02666576361,0.1238565964,3.220271321e-06,3.194974517e-06
1280,0.004763575593,0.004886086311,0.02315668366,0.1205958424,3.607955733e-06,3.18610721e-06
1281,0.004798019097,0.004591445223,0.02330635573,0.1247194629,3.155380814e-06,3.304805942e-06
1282,0.005876372579,0.005089023007,0.02800906322,0.1856321322,1.10352515e-06,3.532328016e-06
1283,0.005739269406,0.004468409446,0.02972632173,0.1648939377,2.985867516e-06,3.576464138e-06
1284,0.004862435862,0.004316034697,0.02755731091,0.1284620786,3.898541276e-06,3.554029235e-06
1285,0.004443120145,0.00450892001,0.02612687576,0.1044421343,2.359382282e-06,3.373732045e-06
1286,0.005656150185,0.005178338885,0.0269355993,0.1350850505,1.020466947e-06,3.03125599e-06
1287,0.00675222347,0.006165049632,0.03083525678,0.1284614295,2.424005485e-06,2.866185394e-06
1288,0.005574405061,0.005700094163,0.02624317997,0.1230562025,3.221025304e-06,2.853427344e-06
1289,0.004735109156,0.004994161188,0.02281917489,0.1181789742,3.620795691e-06,2.890188998e-06
1290,0.004703016696,0.004665271114,0.02306037129,0.121017441,3.395057229e-06,3.06786274e-06
1291,0.005930925176,0.005311038229,0.02759277561,0.1709462035,9.191643494e-07,3.425401363e-06
1292,0.005832708346,0.004630263765,0.02995574858,0.1798304039,2.845949651e-06,3.605678441e-06
1293,0.004960924403,0.004383905918,0.02766697447,0.1292820854,3.941414596e-06,3.658765342e-06
1294,0.004504364237,0.00465078837,0.02623510986,0.1037871151,2.68570956e-06,3.498976623e-06
1295,0.005586315699,0.005292146947,0.02665339002,0.1213440388,8.725266923e-07,3.069633877e-06
1296,0.006825384041,0.006315703684,0.03053778426,0.1307816259,2.342136653e-06,2.812859523e-06
1297,0.00561694301,0.005861542971,0.02631599848,0.1230133463,3.185961495e-06,2.7652298e-06
1298,0.004744659867,0.005162255038,0.02239553088,0.1181239838,3.617093341e-06,2.80840135e-06
1299,0.004579074321,0.004769520372,0.02223223732,0.1216333039,3.632242254e-06,3.024136527e-06
1300,0.005961907682,0.005442187041,0.02708713122,0.1587396104,9.269639763e-07,3.507832224e-06
1301,0.005965328018,0.004875094993,0.02994419837,0.2341040744,2.49198592e-06,3.892050315e-06
1302,0.005121663624,0.004442030636,0.02791243896,0.1328007339,3.888133769e-06,4.039174894e-06
1303,0.004578071855,0.004777294836,0.0261704155,0.1039559739,3.26747468e-06,3.920799247e-06
1304,0.005353295267,0.005296797299,0.0264615185,0.1077014137,7.282031441e-07,3.429601579e-06
1305,0.006972718057,0.006464927485,0.03095225027,0.1442522775,2.147074088e-06,3.070252127e-06
1306,0.005752759367,0.006113911071,0.02693864708,0.1240055474,3.09118103e-06,2.841605249e-06
1307,0.004835605241,0.005376498585,0.02229798458,0.1216390275,3.582499826e-06,2.885795285e-06
1308,0.004478450769,0.004917921,0.02124196142,0.1226424612,3.763251339e-06,2.917564248e-06
1309,0.005649153905,0.005337792385,0.02519076906,0.1438636776,1.988711727e-06,3.4828809e-06
1310,0.006055805944,0.005272564435,0.0286042967,0.3179688031,2.014483573e-06,4.131449792e-06
1311,0.005380605181,0.004544802271,0.02824612512,0.1402870541,3.71190977e-06,4.418210976e-06
1312,0.004667808062,0.004848638027,0.02650918527,0.1105769177,3.883549397e-06,4.38496273e-06
1313,0.005013861373,0.005249707102,0.02665675887,0.1010395259,9.782205162e-07,3.756700001e-06
1314,0.006944992892,0.006524054192,0.03117259954,0.1771844016,1.79408189e-06,3.208430385e-06
1315,0.006031677184,0.006485415819,0.0280074997,0.1224379744,2.900227491e-06,2.975153139e-06
1316,0.005067296523,0.00568647087,0.0231197296,0.1265443481,3.496057394e-06,2.910188294e-06
1317,0.004415714129,0.00514072824,0.0207555032,0.12258558,3.789970332e-06,2.909330346e-06
1318,0.005011503682,0.005171131797,0.0237257723,0.1351613121,3.331604108e-06,3.318014885e-06
1319,0.006158190885,0.005773810966,0.02764384793,0.1978754047,1.172883694e-06,4.213406491e-06
1320,0.005681448368,0.004849198465,0.02873964384,0.1669021343,3.283997926e-06,4.717633121e-06
1321,0.004891974907,0.00489050486,0.02678521548,0.1249395873,4.281838817e-06,4.861065244e-06
1322,0.004850915494,0.005336568243,0.02668031126,0.1028468314,2.269319653e-06,4.293513118e-06
1323,0.006478986486,0.006410315367,0.02923744582,0.1551938272,1.095846883e-06,3.342584041e-06
1324,0.006462550346,0.006812814502,0.02941548135,0.127260653,2.501944983e-06,3.068516903e-06
1325,0.005276748696,0.006054522056,0.02435784503,0.1315184477,3.30231491e-06,2.945204431e-06
1326,0.004519370948,0.005573608956,0.02100031407,0.126554815,3.718402161e-06,2.914557303e-06
1327,0.004395312768,0.005265667519,0.02107475466,0.13436051,3.866186382e-06,3.137398387e-06
1328,0.00565956619,0.005796125726,0.02455974077,0.1522669774,2.154383374e-06,4.300503404e-06
1329,0.006056300888,0.005803591849,0.02757445293,0.3333783207,2.120811528e-06,5.360301106e-06
1330,0.005380719677,0.004871832824,0.02713226525,0.1464221715,3.937100447e-06,5.744403105e-06
1331,0.004939813078,0.005368351247,0.02675349913,0.1162494091,3.897792692e-06,5.488066521e-06
1332,0.005656671943,0.006013761643,0.02802110982,0.1092751642,7.607776207e-07,4.419271242e-06
1333,0.007201646173,0.007250740078,0.03085654172,0.1725121343,1.968398112e-06,3.632543038e-06
1334,0.005686461986,0.006677414292,0.02649219323,0.1370121359,3.033627403e-06,3.539722557e-06
1335,0.004787533042,0.006041902796,0.02183129214,0.13694616,3.600222929e-06,3.590769845e-06
1336,0.004200918432,0.005727770436,0.01997056381,0.139459765,3.899583043e-06,3.646280084e-06
1337,0.00442632251,0.005717766575,0.02058863431,0.1454256655,3.994266794e-06,4.654788743e-06
1338,0.005332092559,0.005936306803,0.02296931255,0.1614941333,2.518510211e-06,6.32556788e-06
1339,0.005909706042,0.005892904342,0.02615001248,0.3118603341,2.006992334e-06,7.640505109e-06
1340,0.005540281229,0.005205199057,0.02679871766,0.1535401475,3.992253027e-06,8.02710899e-06
1341,0.005341948899,0.00577249339,0.02694972997,0.1225041924,3.693736987e-06,7.313947245e-06
1342,0.006527008869,0.00671194564,0.02927784591,0.1254710486,6.306094144e-07,5.93155179e-06
1343,0.00673637907,0.007473041256,0.02831530424,0.1636184752,2.177249378e-06,5.252479816e-06
1344,0.005056655886,0.006321866246,0.02360594841,0.1483581958,3.188635697e-06,5.174290753e-06
1345,0.004372928646,0.005963794516,0.01979405972,0.1453281456,3.719446177e-06,5.343885621e-06
1346,0.003920195644,0.006325405518,0.01780709799,0.1493656542,4.009422376e-06,5.68581315e-06
1347,0.003746788564,0.00685555357,0.01654491647,0.1544483996,4.17442348e-06,7.556413121e-06
1348,0.003652098347,0.007121423916,0.01627608689,0.1597842862,4.266108005e-06,1.023356366e-05
1349,0.003464795927,0.006608782865,0.01663529063,0.1528665967,4.285841894e-06,1.290528785e-05
1350,0.00352907655,0.005609379964,0.01707076381,0.1460162398,3.96636114e-06,1.502268475e-05
1351,0.003661936296,0.004647912516,0.01765899385,0.1635752429,2.424673101e-06,1.606292842e-05
1352,0.003816668064,0.003895059364,0.01861655186,0.2591411067,1.514945678e-06,1.579923364e-05
1353,0.004251571174,0.00355994539,0.02054257173,0.1454271043,3.799299572e-06,1.463430171e-05
1354,0.005219504702,0.004291676276,0.02333819662,0.1222887975,2.468425075e-06,1.313589008e-05
1355,0.006045746298,0.005933776156,0.02454164916,0.2432352259,1.210506051e-06,1.244030377e-05
1356,0.004383064904,0.005132725994,0.01748500789,0.145818925,2.750395933e-06,1.263601364e-05
1357,0.003880090121,0.005341443936,0.0152251802,0.1335252597,3.588571268e-06,1.358039665e-05
1358,0.003818409242,0.006658024619,0.01567801891,0.1312904923,4.030960979e-06,1.539806462e-05
1359,0.003802754549,0.007429193297,0.01589287768,0.1365939471,4.274712552e-06,1.953216524e-05
1360,0.003768143086,0.007402965542,0.01548744912,0.1362192043,4.409441058e-06,2.419869415e-05
1361,0.003687705898,0.006650931772,0.01523841443,0.1320333398,4.462840168e-06,2.865056154e-05
1362,0.003734173182,0.005538909309,0.01528550935,0.1327867996,4.22525729e-06,3.200708947e-05
1363,0.003875720255,0.004555261759,0.01597141818,0.1517816879,2.655653653e-06,3.360702454e-05
1364,0.004194854901,0.003786079107,0.01709513481,0.2320230768,1.617743642e-06,3.327310971e-05
1365,0.00485803798,0.003568611666,0.01954020203,0.1381964271,4.317883132e-06,3.153216238e-05
1366,0.005948304173,0.004632744509,0.02258493926,0.1149586826,2.962228862e-06,2.996282986e-05
1367,0.00611306589,0.00612248753,0.02186400011,0.2198856254,1.084150305e-06,3.087595777e-05
1368,0.004415854315,0.005303135492,0.01548590221,0.1445064439,2.737613825e-06,3.280778008e-05
1369,0.0040467446,0.005600448857,0.0139651859,0.1352736992,3.668028922e-06,3.650294339e-05
1370,0.004144551267,0.006987743728,0.01502446555,0.137943672,4.156909311e-06,4.273000947e-05
1371,0.004063790898,0.007865552378,0.01468428257,0.1416552921,4.424918931e-06,5.140137775e-05
1372,0.00385298663,0.007890571869,0.01443180289,0.1371906203,4.574835241e-06,6.139675268e-05
1373,0.003657296265,0.00734006659,0.01404786162,0.1291832823,4.650408122e-06,7.102153571e-05
1374,0.003627291527,0.006430092347,0.01399729617,0.1256207292,4.640058364e-06,7.877745703e-05
1375,0.003710076698,0.005342836503,0.01434306184,0.1300494019,4.231448925e-06,8.422297527e-05
1376,0.003820522433,0.004441369303,0.01415116512,0.1524075317,2.37776443e-06,8.773701585e-05
1377,0.004234654543,0.003949550372,0.01496567294,0.2101997425,2.217680752e-06,8.998356905e-05
1378,0.005048224503,0.00397117039,0.01717412535,0.128448,4.736559603e-06,9.200764736e-05
1379,0.006168687774,0.005200579447,0.02029295902,0.1148860871,2.404821785e-06,9.492373079e-05
1380,0.006056677823,0.006392645241,0.01955213104,0.2179637514,1.511541084e-06,9.910003149e-05
1381,0.00458467647,0.006188471331,0.0150964162,0.1403368927,3.073761096e-06,0.0001056256693
1382,0.0042200373,0.006612034357,0.01300571938,0.1312775377,3.937473431e-06,0.0001143837475
1383,0.004363910194,0.007487314179,0.0138081944,0.1259496441,4.390826818e-06,0.0001249138332
1384,0.004689617364,0.007850589141,0.01505409069,0.1241194134,4.632513873e-06,0.0001359430424
1385,0.004866705077,0.007548392533,0.01557552384,0.1217748898,4.738714785e-06,0.0001462108507
1386,0.00489183939,0.006900685566,0.01606840337,0.1264000056,4.453432228e-06,0.0001547145055
1387,0.004979835181,0.006322665848,0.01719092729,0.1461551431,2.559858435e-06,0.0001609159512
1388,0.005319680852,0.005969503817,0.01860069529,0.1904968952,2.022236569e-06,0.0001650937787
1389,0.006151189988,0.00564357415,0.02033891337,0.1247263912,4.700637859e-06,0.0001681387344
1390,0.007104260676,0.006607646331,0.02185196421,0.1228657563,2.257341254e-06,0.0001747021749
1391,0.005609599428,0.007146603324,0.01751488746,0.2181217083,1.597178543e-06,0.0001800307335
1392,0.00487101047,0.006403355948,0.01442680689,0.145044307,3.204423066e-06,0.0001855773636
1393,0.004943003011,0.007319222314,0.01379403727,0.1392749126,4.075748514e-06,0.000196101729
1394,0.004932667341,0.008407176063,0.01409415676,0.13748185,4.534120616e-06,0.0002094577914
1395,0.00486371846,0.008775369419,0.01479165428,0.1358685865,4.779805871e-06,0.0002196167453
1396,0.004683993877,0.008482249814,0.01526423931,0.1290494224,4.903111532e-06,0.0002279085227
1397,0.00455971368,0.007834165202,0.01579469368,0.1257466999,4.903416532e-06,0.0002346191229
1398,0.004522153236,0.0070551503,0.01579634836,0.1263118487,4.52362913e-06,0.0002398235438
1399,0.004633428991,0.006443253925,0.01576167523,0.1411570935,2.949512808e-06,0.0002439969638
1400,0.005068279396,0.005532733303,0.01584022485,0.1760997047,1.70299988e-06,0.0002515812548
1401,0.005703883097,0.005298481424,0.01653332966,0.1416489251,5.014635937e-06,0.0002588592006
1402,0.006721863069,0.006954492759,0.01814933881,0.1182109431,4.324212425e-06,0.0002652128131
1403,0.00733978851,0.008226983527,0.01939849434,0.1677612934,1.161305164e-06,0.0002725994606
1404,0.006338182108,0.008194384578,0.01711528195,0.150782653,2.738455314e-06,0.0002802927088
1405,0.005490024052,0.008016611074,0.01552730078,0.1281248878,3.898920159e-06,0.0002870025412
1406,0.005465785819,0.008022806443,0.01585807488,0.1220248762,4.506293248e-06,0.000292495969
1407,0.005954995999,0.008608076519,0.01689355663,0.1226817026,4.82339281e-06,0.0002959056694
1408,0.006233302755,0.008797783172,0.01746476208,0.1263814547,4.945066927e-06,0.0002986622415
1409,0.006551763382,0.008406833282,0.0181415787,0.1355569563,3.870789631e-06,0.0003014666716
1410,0.007226882418,0.008173669725,0.0198254536,0.1759290509,1.629991058e-06,0.0003049105682
1411,0.008560096599,0.008632527802,0.02340715548,0.133719239,6.56026988e-06,0.0003090723022
1412,0.009541745867,0.01060168573,0.02598175681,0.1066169775,8.132257978e-06,0.0003149359044
1413,0.009455772369,0.01162505882,0.02646103725,0.1242938703,2.134399027e-06,0.0003235571693
1414,0.007648242756,0.01004806359,0.02211232189,0.1895891053,1.777937333e-06,0.0003331177987
1415,0.006154921851,0.007974284564,0.01773366209,0.1489995438,3.330148048e-06,0.0003415642027
1416,0.005378778342,0.007089997398,0.0142697091,0.1434447508,4.250337416e-06,0.0003476733096
1417,0.005166891763,0.007807080992,0.01333252591,0.1443114831,4.740919505e-06,0.0003509646365
1418,0.005190715394,0.008652452391,0.01308189861,0.1507779752,5.014148827e-06,0.0003518553618
1419,0.005125195502,0.00899627902,0.01298259717,0.160522701,5.172576816e-06,0.0003513437006
1420,0.004901336822,0.008681095267,0.01300802448,0.1612602474,5.266887841e-06,0.0003511011547
1421,0.004625456863,0.007946251645,0.013305857,0.1540628404,5.32099663e-06,0.0003528254399
1422,0.004475994702,0.007283483673,0.01338471249,0.1455819626,5.348696789e-06,0.0003571108012
1423,0.004490949957,0.006688034265,0.01317385245,0.1412577367,5.344527135e-06,0.0003633520533
1424,0.004605718674,0.006006367217,0.0126306971,0.1415916867,5.244013948e-06,0.0003699901353
1425,0.004796183837,0.005506373964,0.01206936595,0.1447628583,4.735641303e-06,0.0003751564457
1426,0.00506974905,0.005403554721,0.0120185071,0.1578198384,3.114241855e-06,0.0003791787954
1427,0.005431533041,0.005116252709,0.01294897015,0.1752808775,1.924920551e-06,0.0003794859911
1428,0.006064510713,0.00499014696,0.01572091088,0.1445275785,2.863696948e-06,0.0003811320997
1429,0.006837223972,0.005736310714,0.018157163,0.1351221528,1.727433393e-06,0.0003835025711
1430,0.00664962052,0.006930854604,0.01824908651,0.1715558029,3.032604443e-06,0.0003880449475
1431,0.005515288103,0.006258981092,0.01556309178,0.1478478577,4.245933617e-06,0.0003930977546
1432,0.005245093387,0.006272322362,0.01407823686,0.1451603816,4.878492729e-06,0.0003968081733
1433,0.005569903181,0.007005566658,0.01401725369,0.1475243946,5.211883557e-06,0.000398167849
1434,0.006280139187,0.007649703829,0.01520764395,0.1492264561,5.372698324e-06,0.0003966911848
1435,0.006978735025,0.007775559108,0.01651462523,0.1535498131,5.120268006e-06,0.0003927863358
1436,0.007200507262,0.007371851056,0.01758478814,0.171945884,2.172202594e-06,0.0003880699698
1437,0.007829495098,0.007022462649,0.01994026926,0.1785750061,4.776877466e-06,0.0003857836943
1438,0.009283622866,0.006938628997,0.02420959556,0.1156477112,9.155800301e-06,0.000389290588
1439,0.01073106809,0.00843613701,0.0278991792,0.1066027145,4.997715638e-06,0.0004004561748
1440,0.008759287407,0.009461926242,0.02426526532,0.1908864424,1.302001237e-06,0.0004158562756
1441,0.006471561309,0.007181808694,0.0186327006,0.1789602206,2.962381498e-06,0.0004289746377
1442,0.00598829438,0.006463498583,0.01514456254,0.1724406661,4.204958658e-06,0.0004348465666
1443,0.006036941021,0.00704888661,0.01384372309,0.17614889,4.897654553e-06,0.000433605245
1444,0.006062060312,0.008345737934,0.01374551935,0.1883989611,5.273959619e-06,0.0004258149943
1445,0.005800789617,0.009019416835,0.01335468062,0.196513583,5.486571925e-06,0.0004153548286
1446,0.005239858703,0.008922173883,0.01324595632,0.1883744458,5.608234344e-06,0.0004065893472
1447,0.004906438338,0.008453625493,0.01381951564,0.1709265049,5.673826217e-06,0.0004023618363
1448,0.004942074513,0.007801078363,0.01454185143,0.1565689398,5.697331422e-06,0.0004037235945
1449,0.004956853986,0.007077523164,0.01472547887,0.1542684041,5.672608089e-06,0.0004094009696
1450,0.005036987423,0.006330249238,0.01442120077,0.1577223832,5.535977189e-06,0.0004172905553
1451,0.005244357342,0.005574981243,0.01385066539,0.1614189496,4.948439722e-06,0.0004242531835
1452,0.005623315535,0.005050275185,0.01346697419,0.1705025385,3.121402892e-06,0.0004280288273
1453,0.00609839597,0.004689549884,0.01376046535,0.1744999733,1.933284869e-06,0.0004287152915
1454,0.006932892022,0.004639092677,0.01580463021,0.1431217845,3.468461332e-06,0.000429084033
1455,0.00783100677,0.005394941354,0.01813700216,0.135870196,1.801690666e-06,0.0004319071262
1456,0.007622509155,0.006780004633,0.01912770258,0.1784473335,3.084511812e-06,0.0004383263662
1457,0.006329143907,0.00648719139,0.01649530248,0.1625721215,4.442784932e-06,0.0004458405413
1458,0.00579373908,0.006321022631,0.01484318022,0.1593433659,5.152013515e-06,0.00045201778
1459,0.005892552015,0.006893142217,0.01498349293,0.158189718,5.524550247e-06,0.0004548562556
1460,0.006710997112,0.007422399628,0.01618735139,0.1558329257,5.70702328e-06,0.0004546127087
1461,0.007537276444,0.007638487621,0.01727485058,0.1582223289,5.546449293e-06,0.0004520190064
1462,0.007750683239,0.007345371609,0.01784768804,0.1708572749,2.665657453e-06,0.0004492542741
1463,0.008247985937,0.006696826497,0.0198496924,0.1752884859,4.584156177e-06,0.0004499990524
1464,0.009585841835,0.00633080138,0.02435887543,0.1166551306,1.028354511e-05,0.0004582358682
1465,0.01126405702,0.007626069804,0.0283676599,0.09867854287,7.081843665e-06,0.0004763148235
1466,0.009754755758,0.009161694393,0.02643715234,0.1596340993,1.703282529e-06,0.0005009341083
1467,0.007181100885,0.007445866261,0.02026612721,0.1842592151,2.815218053e-06,0.0005224213587
1468,0.006478207194,0.006474651481,0.01678625461,0.1729964453,4.245126699e-06,0.0005356193869
1469,0.006559186139,0.006761233695,0.01550709557,0.1749183176,5.084237002e-06,0.0005373614459
1470,0.006564597271,0.007803185181,0.01479301187,0.1837514739,5.537208605e-06,0.0005298287537
1471,0.006192365474,0.008611292281,0.0136281229,0.1871590489,5.789786955e-06,0.0005187098781
1472,0.005582488837,0.008558521387,0.01290334895,0.1758357428,5.931407887e-06,0.0005096128318
1473,0.00529396624,0.00810701457,0.01290960996,0.1588639265,6.00078811e-06,0.0005065745484
1474,0.005269093539,0.007376638256,0.01398799828,0.1477978795,6.006121018e-06,0.0005112737973
1475,0.005231385134,0.006531526313,0.014656199,0.1455623737,5.945463858e-06,0.0005226415876
1476,0.00530008595,0.005874939983,0.01484698147,0.1476661237,5.737473165e-06,0.0005371597128
1477,0.005510786521,0.005374254206,0.01452496492,0.1491734707,4.964849327e-06,0.0005507920664
1478,0.005880105448,0.004947511462,0.01436828034,0.1545632326,2.793489655e-06,0.0005611985563
1479,0.006378717966,0.004532163418,0.01508832997,0.1505835695,2.660524654e-06,0.0005683401098
1480,0.007301910056,0.004343866331,0.01678332512,0.1189805227,4.492860775e-06,0.0005748625337
1481,0.008208191115,0.004985471221,0.01954670753,0.1163073041,1.87972021e-06,0.0005838067821
1482,0.008109956625,0.006378334451,0.02057040908,0.1591470603,3.078805237e-06,0.0005961617917
1483,0.006636671815,0.006223541092,0.01762778142,0.1480296447,4.585593321e-06,0.0006093959506
1484,0.006104974432,0.005910736272,0.01543399089,0.1433125869,5.378718927e-06,0.0006199702732
1485,0.006169005325,0.006376560598,0.01547699939,0.1394654462,5.793782885e-06,0.0006253525277
1486,0.007012049326,0.006885205548,0.0167192841,0.1348745292,5.996471786e-06,0.0006259337104
1487,0.007868414143,0.007189280136,0.01818787274,0.1353981029,5.837222007e-06,0.0006235876052
1488,0.00806932863,0.006998431448,0.01880904945,0.1445171706,2.816539682e-06,0.000622331124
1489,0.008376781187,0.00620931492,0.02111067117,0.1477745781,4.932920609e-06,0.0006265682594
1490,0.009579953726,0.005911786205,0.02508565925,0.09880354343,1.151482649e-05,0.0006408437358
1491,0.01145786446,0.007145857369,0.02917191352,0.08246206057,8.688805103e-06,0.0006660152974
1492,0.01030465234,0.008895239022,0.02810060373,0.1315662226,2.184925987e-06,0.0006972610969
1493,0.007744001774,0.00761665647,0.02215584634,0.1668241661,2.743289016e-06,0.0007245300661
1494,0.007001125411,0.006525965407,0.01820523897,0.1549488434,4.320306538e-06,0.0007395159184
1495,0.006987307198,0.006752650441,0.01671928011,0.1535778305,5.265232411e-06,0.0007392234612
1496,0.006895625304,0.0074512993,0.01597217924,0.1562234951,5.778865823e-06,0.000728539567
1497,0.006476722059,0.008203878099,0.01463233299,0.15501513,6.06173606e-06,0.0007145266201
1498,0.005725162472,0.008162379358,0.01388499615,0.1417445057,6.21497166e-06,0.0007034735252
1499,0.005396503407,0.007541984649,0.01377161013,0.1269307301,6.268283179e-06,0.000699689164
1500,0.005409359314,0.006653126629,0.01452010681,0.1173622785,6.23824725e-06,0.0007043621956
1501,0.005413021535,0.005797876218,0.01524253997,0.1141013287,6.135238236e-06,0.0007160620665
1502,0.005430243182,0.005245080839,0.0154645381,0.1137315828,5.822619077e-06,0.0007305027878
1503,0.005800131597,0.005010847683,0.01534554471,0.1119527971,4.650440662e-06,0.000742652358
1504,0.006275815643,0.004838965707,0.01531757851,0.1163123195,2.286053933e-06,0.0007507070991
1505,0.00684690439,0.004567883696,0.01659773467,0.1076508898,4.799277711e-06,0.0007557093198
1506,0.007810955838,0.004569020747,0.01835444722,0.08405894866,6.574783528e-06,0.0007609617121
1507,0.008729718406,0.005428473605,0.02099720416,0.0858116654,2.280894495e-06,0.0007703341665
1508,0.008398804855,0.006669911024,0.02128699552,0.1310383708,2.774859841e-06,0.0007839191033
1509,0.006637240307,0.006424427603,0.01792131608,0.1216988253,4.518389602e-06,0.0007970710146
1510,0.005965657318,0.005770646037,0.0155058345,0.1178580345,5.471019595e-06,0.0008059598575
1511,0.005896182318,0.005927558552,0.01517603372,0.1106052701,5.971591857e-06,0.0008078649294
1512,0.006464745833,0.00641633429,0.01634605433,0.1033856393,6.230737578e-06,0.0008035127729
1513,0.007084517579,0.006736354342,0.01758745125,0.09989804483,6.301436692e-06,0.0007958168131
1514,0.007213895982,0.006593309366,0.01796932721,0.1011558546,5.176264257e-06,0.0007892419117
1515,0.007060186261,0.006012345398,0.01830028144,0.1164590527,1.767363365e-06,0.0007881356809
1516,0.007489502282,0.005450516786,0.0204830916,0.1035803078,7.375290987e-06,0.0007966564098
1517,0.008786529045,0.005712739847,0.02333681115,0.07775794775,1.092603898e-05,0.0008169441334
1518,0.009907371114,0.007300784614,0.02559853923,0.08468333555,4.20218738e-06,0.0008458646177
1519,0.008236530901,0.008114898267,0.02246388035,0.1595487891,1.941627289e-06,0.0008742302307
1520,0.007341938738,0.006670322201,0.01820309941,0.1368105209,3.865563232e-06,0.0008912617029
1521,0.007112242679,0.006377128862,0.01657751446,0.1301942282,5.137776136e-06,0.0008914183095
1522,0.007057330897,0.006896424337,0.01589891715,0.1260906891,5.842839267e-06,0.0008781208701
1523,0.006676692977,0.007587043448,0.01565452103,0.1198377898,6.221285842e-06,0.0008593652136
1524,0.006053536197,0.007836828307,0.0152345162,0.1088938418,6.416797968e-06,0.0008418799725
1525,0.00545232956,0.007271332747,0.01468699738,0.1030965495,6.437744219e-06,0.0008307647991
1526,0.005223940666,0.006177293588,0.01512255521,0.1008709053,6.291915071e-06,0.0008292162502
1527,0.005183408918,0.005357808715,0.01535239201,0.1014163857,5.98979675e-06,0.0008365675101
1528,0.005042679874,0.00492855279,0.01522649735,0.1038748802,5.276440188e-06,0.0008493575037
1529,0.005121286967,0.004953990912,0.01471698312,0.1060108955,3.05880897e-06,0.0008629714953
1530,0.005757883224,0.004759687412,0.01449948253,0.1113015159,3.804884807e-06,0.0008737859247
1531,0.006607118881,0.004464366415,0.01564020029,0.09264466754,9.161780874e-06,0.0008805569722
1532,0.007233346291,0.00464346811,0.01699201499,0.07759120423,7.961739556e-06,0.000884679943
1533,0.007827313681,0.005785265451,0.01851927363,0.09637252683,2.627215331e-06,0.0008880304077
1534,0.006937930364,0.00597920895,0.01732289152,0.1154876786,2.932893084e-06,0.0008905580193
1535,0.006137775348,0.005547559371,0.01616691314,0.1006824779,4.656913969e-06,0.0008906796656
1536,0.006304107349,0.005139852756,0.0168449856,0.09510800588,5.633249283e-06,0.0008881311593
1537,0.007236102755,0.005365833064,0.01944440976,0.09103903095,6.124023143e-06,0.0008839423474
1538,0.008339671871,0.005780050432,0.02255117336,0.09260894786,5.740146075e-06,0.0008794701075
1539,0.008925359493,0.00596071109,0.02467461114,0.1097040843,2.024611328e-06,0.0008784540248
1540,0.00999341097,0.006134409974,0.02838471587,0.09962817935,1.40088612e-05,0.000885624343
1541,0.01221121637,0.007030015474,0.03459989178,0.06766202279,2.130056314e-05,0.0009046499079
1542,0.01322348121,0.009381148405,0.03552521988,0.07415065392,1.425281428e-05,0.0009338103432
1543,0.0102231886,0.009378214293,0.02708162662,0.133849183,3.994446042e-06,0.0009621010104
1544,0.007771745067,0.007690551939,0.02094753307,0.145517432,2.316552714e-06,0.0009769239184
1545,0.007196311214,0.006104136235,0.01738107911,0.1311653628,4.231030789e-06,0.0009733820906
1546,0.007086973915,0.006311369341,0.0163268711,0.1243035924,5.372874315e-06,0.00095498506
1547,0.006860398198,0.007138424597,0.01593806141,0.1177909747,6.047375289e-06,0.0009307407145
1548,0.006377616644,0.007640913192,0.01511787302,0.1126026276,6.426437556e-06,0.0009085648851
1549,0.005829264274,0.007339992086,0.01459111457,0.1044980647,6.623836247e-06,0.0008932043116
1550,0.005598301108,0.006390941227,0.0149672768,0.0952020886,6.674690019e-06,0.0008868071221
1551,0.005535123039,0.00531674549,0.01537386325,0.08787339157,6.651211389e-06,0.0008881081471
1552,0.005478793178,0.004496693124,0.01544577477,0.08381665628,6.611626427e-06,0.0008930035134
1553,0.005772503765,0.004215475212,0.01510748969,0.0819949852,6.520921885e-06,0.0008968847984
1554,0.006174673688,0.004338857526,0.01494745391,0.07957860675,6.163671247e-06,0.000896382241
1555,0.006414814123,0.0045284743,0.01513412,0.07952428252,4.939506449e-06,0.0008906522084
1556,0.006344493048,0.00456334144,0.01523917448,0.0874805537,2.703747559e-06,0.0008820806842
1557,0.006420641523,0.004201794626,0.01601443852,0.09551701078,2.593365084e-06,0.000875607769
1558,0.006869625357,0.003719139836,0.01868547108,0.08221113616,3.138084528e-06,0.0008764825094
1559,0.00726272705,0.004184476718,0.02095146232,0.08461658352,2.36572287e-06,0.0008863078582
1560,0.007597119136,0.005934340124,0.02269265722,0.09498286498,4.327108927e-06,0.0009004556153
1561,0.006730487002,0.006104716847,0.0199417098,0.08738521612,5.608638345e-06,0.0009107632391
1562,0.006512370654,0.005573518097,0.01755062529,0.08993813488,6.265280248e-06,0.000911631778
1563,0.006838070133,0.005310664495,0.01801330034,0.08712744555,6.583288282e-06,0.0009023111945
1564,0.008008304132,0.005671313103,0.02063982742,0.08339298912,6.390518966e-06,0.0008867671654
1565,0.008843516412,0.006232426933,0.02375559802,0.08623860086,1.728085527e-06,0.0008703160354
1566,0.009011480666,0.006236736372,0.02689549809,0.1090052628,1.183551863e-05,0.0008605979608
1567,0.010671867,0.005835767887,0.03304175195,0.06411355952,2.254927978e-05,0.0008664713145
1568,0.01311145906,0.007203409045,0.03991309899,0.05610704435,2.353948603e-05,0.0008915035396
1569,0.01420039742,0.009303889407,0.0408743308,0.07446200642,9.634845606e-06,0.0009285979797
1570,0.01060864403,0.008966116494,0.03096935159,0.1604632309,2.033328842e-06,0.0009609597022
1571,0.008226797841,0.007214503745,0.02355662683,0.1324840913,3.421297423e-06,0.0009736912644
1572,0.007555797302,0.006043668293,0.01937341483,0.1245417813,4.894243061e-06,0.000963474617
1573,0.00747129908,0.006198095912,0.01806822307,0.1172762103,5.867768978e-06,0.0009368055666
1574,0.007266604815,0.006886067775,0.01725259833,0.1113022335,6.427140992e-06,0.00090709041
1575,0.006554554757,0.007356037728,0.01546262527,0.1030603292,6.742628697e-06,0.0008811772273
1576,0.00582562979,0.007077746068,0.0145513998,0.09426832965,6.883226587e-06,0.0008642152736
1577,0.005506714864,0.006107618408,0.01534973759,0.08528538344,6.889706577e-06,0.0008577255594
1578,0.005456374364,0.005231184543,0.01618699745,0.07691322164,6.869861023e-06,0.0008592304651
1579,0.005375133366,0.004596195054,0.01644819296,0.07262635503,6.869003921e-06,0.0008640969765
1580,0.005484766378,0.004349403776,0.01607474458,0.06760319883,6.823321454e-06,0.0008672888066
1581,0.005650668659,0.00436968742,0.01548202996,0.06275751246,6.539337108e-06,0.0008655355161
1582,0.005705292739,0.004553403686,0.01506250023,0.0583322332,5.678031604e-06,0.0008582912537
1583,0.005505989112,0.00460613733,0.01503871721,0.05902649048,4.132723699e-06,0.0008477965899
1584,0.00541911886,0.004368775251,0.01521029956,0.06652082297,3.079518254e-06,0.0008381905969
1585,0.005708116211,0.003749622789,0.01615249672,0.07021325958,2.788421775e-06,0.0008341774454
1586,0.005937302952,0.003372812927,0.01780704517,0.06929208058,4.360210589e-06,0.0008381849306
1587,0.006166794582,0.004009704887,0.01889413538,0.06136788476,5.753478266e-06,0.0008476976581
1588,0.006432655413,0.004922487212,0.01967329826,0.05939317895,6.45512291e-06,0.0008567851427
1589,0.0064247644,0.004801680373,0.01916559133,0.06312844972,6.788765159e-06,0.000859924012
1590,0.006872881921,0.004493116601,0.01965178486,0.06432905063,6.618840281e-06,0.0008554581273
1591,0.00804111472,0.00498894723,0.02295314743,0.06732030932,2.535596531e-06,0.0008456121727
1592,0.00922259468,0.005598667382,0.02771221126,0.09535369091,1.65692194e-05,0.0008358213212
1593,0.0106395541,0.005665812582,0.03494214401,0.05354529796,2.73557174e-05,0.0008342571065
1594,0.01264134612,0.006812400195,0.04137529478,0.05251201129,3.09866921e-05,0.0008494929113
1595,0.0148152829,0.008589818219,0.04638512365,0.06263391508,1.91710967e-05,0.0008811546772
1596,0.01371345371,0.009250431292,0.0397068299,0.1292263739,6.222514036e-06,0.000917147979
1597,0.009707815475,0.008102490511,0.0293700325,0.1432090196,2.142885786e-06,0.0009405971894
1598,0.007489675551,0.006169466898,0.02203452608,0.1309339565,4.367866159e-06,0.0009422801894
1599,0.007168517847,0.005574050208,0.01927559929,0.1246598051,5.545618599e-06,0.0009250089253
1600,0.007173895338,0.006171736699,0.01796725248,0.1146096899,6.335257714e-06,0.0008985642594
1601,0.006802906789,0.006901813905,0.01627109585,0.1076721581,6.789721227e-06,0.0008729797814
1602,0.006013565063,0.006946440865,0.01442347684,0.09740765952,7.030618087e-06,0.000853196119
1603,0.005477861011,0.006258241161,0.01401313464,0.09091789873,7.075852411e-06,0.0008426804222
1604,0.005373995772,0.005184211654,0.01505633031,0.08666559997,7.059616678e-06,0.0008409707025
1605,0.005383909591,0.004428714291,0.01583145404,0.0816136422,7.098025586e-06,0.0008447962008
1606,0.005247809562,0.00405049565,0.01563110169,0.07448823323,7.152425338e-06,0.0008496709025
1607,0.005349759437,0.003983526481,0.01525547565,0.06728711212,7.145326517e-06,0.0008516050029
1608,0.005461567211,0.004045082839,0.01498946354,0.0597088027,6.872229498e-06,0.0008484805503
1609,0.005326730765,0.004190549046,0.01444629798,0.05531921576,6.104622392e-06,0.0008406699521
1610,0.004965680428,0.004372465429,0.01401331214,0.05641652112,5.076623757e-06,0.0008305887202
1611,0.004740189226,0.004199016214,0.01393435284,0.06147713305,4.649077862e-06,0.0008219192419
1612,0.004633213777,0.003614520012,0.01439756711,0.06306050884,5.487740088e-06,0.0008179839218
1613,0.004756403354,0.003126393051,0.01532188422,0.05658331572,6.455228317e-06,0.0008202149618
1614,0.004967831011,0.003246233081,0.01621857563,0.04866506177,6.923097267e-06,0.0008267392873
1615,0.005350017884,0.003665263525,0.01721492394,0.04724533845,6.535973814e-06,0.0008342085654
1616,0.005937434986,0.003868487435,0.01859101098,0.05224534521,3.332915894e-06,0.0008395618419
1617,0.006621963801,0.003845198875,0.02074288548,0.07398351824,1.642447779e-05,0.0008417414379
1618,0.007270702689,0.004090035719,0.02303997109,0.04783563493,2.837131843e-05,0.0008422951171
1619,0.007645817375,0.004854365927,0.02598627341,0.04097627683,3.213142081e-05,0.0008451457741
1620,0.008543353509,0.006000745883,0.03064216946,0.04705823818,2.043791837e-05,0.0008538279857
1621,0.009458356646,0.006431680682,0.03201718643,0.08747214199,6.801089691e-06,0.000867597198
1622,0.008733007827,0.006068408403,0.02811008634,0.1076086731,2.353782925e-06,0.0008814818079
1623,0.00678930059,0.005211758965,0.02105127143,0.09753949035,4.530696803e-06,0.0008890486842
1624,0.006123092322,0.004465254232,0.0179063499,0.09347577135,5.755407097e-06,0.000887106399
1625,0.006339610056,0.004658357277,0.01716478165,0.09027530522,6.576211226e-06,0.0008773601261
1626,0.00638257369,0.005209669715,0.0165929176,0.08542959595,7.049140582e-06,0.0008633393937
1627,0.005999221274,0.005444846636,0.01590807425,0.07565434166,7.295099773e-06,0.0008491947016
1628,0.004932462536,0.005251857982,0.01442762494,0.06185617578,7.217290104e-06,0.000838169314
1629,0.004114941767,0.004698032629,0.01367665622,0.05896663563,6.787423012e-06,0.0008324294079
1630,0.003847802497,0.004087569101,0.01420882611,0.06481409205,6.243925726e-06,0.000832373102
1631,0.003874989486,0.003746705082,0.01481493427,0.06961592005,5.777571526e-06,0.0008369018162
1632,0.003848191083,0.003982904827,0.01479936995,0.06749990959,5.05350844e-06,0.0008437639987
1633,0.003890769424,0.004093935842,0.01434622787,0.05764185194,3.067393778e-06,0.0008506002177
1634,0.004058662966,0.003968970383,0.01414879142,0.05910500401,2.778268735e-06,0.0008557671739
1635,0.004405248268,0.003513109346,0.01477538388,0.07121481492,8.775919825e-06,0.00085904657
1636,0.004772388305,0.002953945634,0.01604697159,0.06180147439,1.363529275e-05,0.0008615477124
1637,0.005021142286,0.003303754188,0.0171378421,0.05284816834,1.114713965e-05,0.0008648058
1638,0.005123988635,0.004299811192,0.0188159899,0.06991698559,4.488074829e-06,0.0008691687135
1639,0.004631705428,0.004538743299,0.01742352438,0.07093640463,3.272050331e-06,0.0008731673759
1640,0.004472977756,0.004228704016,0.01611986389,0.05719188081,5.062850974e-06,0.0008748011986
1641,0.004745186903,0.004026500605,0.01648260173,0.05229809484,6.238539429e-06,0.0008733024186
1642,0.005381842129,0.004511429114,0.01863008426,0.0491549735,6.756145672e-06,0.0008696452842
1643,0.005924413818,0.005019579467,0.02056596146,0.05129621945,4.37154957e-06,0.0008659857368
1644,0.006199306848,0.005229874081,0.02219426242,0.07884174803,7.142816427e-06,0.0008653306045
1645,0.007245689738,0.005059553611,0.02606107228,0.06268017941,2.272794662e-05,0.0008712630642
1646,0.009060079337,0.00582487297,0.03111345116,0.04301675939,2.999978181e-05,0.0008858163565
1647,0.009594869482,0.007383040495,0.03147406441,0.05347298391,2.287301276e-05,0.0009066573766
1648,0.008070075118,0.007322872551,0.02597357829,0.1021837874,7.844261285e-06,0.0009258952399
1649,0.00629474264,0.006203469379,0.02005505531,0.1080865382,1.989191143e-06,0.0009352005667
1650,0.005864128542,0.004951073882,0.01663230424,0.09427660835,4.431943023e-06,0.0009319639346
1651,0.005806495097,0.005232235661,0.01602592898,0.0845343427,5.815325743e-06,0.0009195189449
1652,0.005558016869,0.005881278941,0.01546857362,0.07706898555,6.726004705e-06,0.0009035572062
1653,0.005117355237,0.006106909523,0.01435970336,0.06886020141,7.219816959e-06,0.0008888405963
1654,0.004617325721,0.005623894691,0.01373146755,0.06295350403,7.293399742e-06,0.0008789588029
1655,0.004343578584,0.004556421003,0.01410049751,0.06370423791,7.149065424e-06,0.0008752511974
1656,0.00437542829,0.003492896356,0.01471689851,0.06484831869,7.116689532e-06,0.0008767755126
1657,0.004431314344,0.003135328665,0.01479541566,0.05999311304,7.219853002e-06,0.0008809565064
1658,0.004675320853,0.003313041143,0.0146736966,0.05233543148,7.236182899e-06,0.0008846083807
1659,0.005040155891,0.003523106092,0.01498891141,0.04749862489,6.59148475e-06,0.0008853452452
1660,0.00518818873,0.003690779988,0.01535160201,0.04881688392,3.525840322e-06,0.000882643122
1661,0.004865077607,0.003755104529,0.0157464601,0.06785582398,5.51913101e-06,0.0008782300722
1662,0.00494636324,0.003512630597,0.01753783982,0.07261519249,1.525850796e-05,0.0008754845709
1663,0.005575178572,0.003340345463,0.02128296083,0.04183304708,2.003880757e-05,0.0008781977147
1664,0.006795798359,0.00440595405,0.02469886186,0.03997641372,1.239441674e-05,0.0008881319601
1665,0.007762478625,0.006072167798,0.02707680673,0.08501093951,4.262060324e-06,0.0009027250764
1666,0.006961195755,0.006186450678,0.02318020215,0.09974263188,3.463141219e-06,0.0009156159984
1667,0.005631600618,0.005350323203,0.0182059272,0.08468796282,5.398461231e-06,0.0009210003386
1668,0.005434653712,0.004598332561,0.01593074507,0.0808164209,6.54328137e-06,0.0009171983297
1669,0.005479171677,0.00471189658,0.01580644473,0.07657862762,7.20816322e-06,0.0009068008667
1670,0.005441374939,0.005092975207,0.01613554512,0.0642776425,7.530550323e-06,0.0008937150254
1671,0.004716095934,0.005203603313,0.01522112861,0.05190004413,7.249209717e-06,0.0008815614846
1672,0.003665686989,0.005024525785,0.01452843982,0.05358895742,5.499122844e-06,0.0008735779138
1673,0.00339376881,0.004349653509,0.01493378638,0.07593551654,2.914918871e-06,0.0008719378451
1674,0.003842720078,0.003824682223,0.01537991789,0.1048038943,2.961678864e-06,0.0008768068144
1675,0.004406865948,0.004189303197,0.01580016982,0.09584482007,3.632767488e-06,0.0008862534805
1676,0.004780638461,0.004307800709,0.01571058339,0.08910632099,2.690744659e-06,0.0008967111086
1677,0.005011127359,0.004392297687,0.01600361078,0.05939879818,4.653951202e-06,0.0009041824936
1678,0.005345564497,0.004073058545,0.01641291492,0.04993901905,6.283163582e-06,0.000905710327
1679,0.005704677726,0.003720068903,0.01697854982,0.05001474869,7.040142762e-06,0.0009009652668
1680,0.006055570277,0.003864963241,0.01849844062,0.05017556297,3.201806435e-06,0.0008922669979
1681,0.005958283831,0.004297364639,0.02092473892,0.08030913426,1.056225467e-05,0.0008839593878
1682,0.006408564078,0.004394123753,0.02609613686,0.06251047835,2.53634924e-05,0.0008814230191
1683,0.008168056826,0.00502366582,0.03152196598,0.04292746247,3.213272788e-05,0.0008891579326
1684,0.009857462367,0.006707523222,0.03390585135,0.0462901612,3.251856793e-05,0.0009072519699
1685,0.01112579261,0.008002386842,0.03412410142,0.06437046341,1.826739696e-05,0.0009299745757
1686,0.009043952213,0.007324252026,0.02643533929,0.1843241935,5.59290998e-06,0.0009479492413
1687,0.006538170657,0.005884399838,0.02023535737,0.1109853908,2.97095723e-06,0.000953624367
1688,0.006003636477,0.004868990192,0.01758429307,0.1038185698,5.179213708e-06,0.0009464396886
1689,0.005980794694,0.005271517033,0.01640303318,0.09426222112,6.400483438e-06,0.000931227482
1690,0.00581026413,0.005906901764,0.01558715536,0.08186582965,7.175429886e-06,0.0009142084026
1691,0.004905878177,0.006061895215,0.01383139814,0.07003862342,7.43847496e-06,0.0008995618979
1692,0.004074246543,0.005437683957,0.01263026746,0.0670578816,7.243984891e-06,0.0008901838515
1693,0.003979384107,0.004372728458,0.01303895393,0.07592152947,7.122836798e-06,0.0008867802861
1694,0.00429481711,0.00339669884,0.01386810227,0.07864372772,7.336700379e-06,0.0008876617318
1695,0.004372493947,0.003240930665,0.01406798932,0.06980961401,7.653034857e-06,0.0008901639456
1696,0.004324553017,0.003389326928,0.013828163,0.05572499765,7.801026409e-06,0.0008915271819
1697,0.004487544557,0.003434462216,0.01404120811,0.04608513335,7.497090132e-06,0.000889782697
1698,0.004562405744,0.003557247958,0.01429742827,0.04459194634,5.312181125e-06,0.00088464325
1699,0.004321058094,0.00375068038,0.01425858629,0.05397939286,1.986459138e-06,0.0008774215115
1700,0.003932130333,0.003741590087,0.01432135518,0.08606287647,7.039628749e-06,0.00087065346
1701,0.003974353746,0.003411092048,0.01501940994,0.06612083959,1.12738805e-05,0.0008671765367
1702,0.004473889383,0.003320809915,0.01639624536,0.04835987806,8.285529709e-06,0.0008684292933
1703,0.00517277167,0.00405866341,0.01773647835,0.06661550761,3.49303849e-06,0.0008741861873
1704,0.005492562505,0.005110934119,0.01841379396,0.07134309488,4.213878537e-06,0.0008813620147
1705,0.005227933893,0.005128053498,0.01691943998,0.06052304465,6.006391751e-06,0.0008855843151
1706,0.004711882897,0.004477570017,0.01497452952,0.05838379089,7.053840927e-06,0.0008840414619
1707,0.004685021181,0.003940155486,0.01460563025,0.05452727289,7.568279753e-06,0.0008773176478
1708,0.005065218504,0.004287574333,0.01583110366,0.0499151017,7.11528166e-06,0.0008671438363
1709,0.005022686998,0.004925317515,0.01703302322,0.05049627676,2.385538843e-06,0.000856673167
1710,0.004641225405,0.005086584027,0.01863716743,0.108573008,1.576554448e-05,0.0008497877176
1711,0.005591046608,0.00450958297,0.02190504885,0.04614428711,2.730200637e-05,0.0008499985949
1712,0.007421424773,0.00552853766,0.0244220656,0.03718427289,3.165124295e-05,0.0008589162941
1713,0.008973481856,0.006647494366,0.0265353153,0.04184363162,2.466386532e-05,0.0008739829593
1714,0.008456935064,0.007144037935,0.02296357726,0.08128629035,9.284790873e-06,0.000888807436
1715,0.006583674158,0.006087015193,0.01838392447,0.1194109807,2.326319609e-06,0.0008961859594
1716,0.005525234721,0.004663224445,0.01592178997,0.0854611698,4.637786795e-06,0.0008929434339
1717,0.005443111948,0.004684994237,0.01484091097,0.07876643008,6.149825531e-06,0.0008812026652
1718,0.005222061589,0.005452633632,0.01420075707,0.06824952741,7.161375693e-06,0.0008657774608
1719,0.004595228827,0.005946504539,0.01328392884,0.05832829529,7.644368615e-06,0.0008508838602
1720,0.00374905922,0.005599953866,0.01255373416,0.05344940723,7.40829231e-06,0.0008395686819
1721,0.003472514292,0.004773494276,0.01270923749,0.06191904423,6.859651939e-06,0.000833435726
1722,0.003801816244,0.003557429471,0.01308454709,0.07098656351,6.740422612e-06,0.0008322013701
1723,0.004063427041,0.003394684504,0.01299687017,0.06726943651,7.186235537e-06,0.0008338938114
1724,0.004064471745,0.003548597728,0.01290085666,0.05248792836,7.719206127e-06,0.000835760574
1725,0.004106160999,0.003612258865,0.01287762502,0.03960194579,7.905182457e-06,0.0008354074865
1726,0.004279641985,0.003534081833,0.01312376357,0.03891594458,6.180779824e-06,0.0008317664227
1727,0.004244662614,0.003483582439,0.01365769528,0.04726602013,2.224289484e-06,0.0008253942725
1728,0.004053556881,0.003407915538,0.01446134095,0.09412304191,1.329787588e-05,0.0008183651786
1729,0.0042816033,0.003113411266,0.01621471919,0.04309648475,2.454218471e-05,0.0008135535325
1730,0.005001715146,0.003402155915,0.018514643,0.02870353241,2.822416639e-05,0.0008134257573
1731,0.006011986475,0.004801994352,0.01948039227,0.03136238578,2.039109686e-05,0.00081855229
1732,0.006647121222,0.006210366629,0.02017580943,0.06360522207,6.815231742e-06,0.0008260369049
1733,0.005920743272,0.005981708695,0.01718941974,0.1012578092,2.728892297e-06,0.0008311999825
1734,0.004878073728,0.004850204911,0.01425404235,0.06832324926,5.086503038e-06,0.0008304637564
1735,0.004734581817,0.004241466201,0.01317593674,0.06130678439,6.544691308e-06,0.0008232888962
1736,0.004756159543,0.004415571574,0.01304164239,0.0542035514,7.458302098e-06,0.0008118686341
1737,0.00453590113,0.004710289252,0.01309549788,0.04442780269,7.88606356e-06,0.0007990479419
1738,0.003681558239,0.004819774955,0.01224766707,0.03830667034,7.156336893e-06,0.0007873989283
1739,0.003029767585,0.004579345635,0.0118947032,0.04568725024,4.714146431e-06,0.0007788998529
1740,0.002934294994,0.003858889364,0.01225517825,0.0728741766,2.81084333e-06,0.0007746472383
1741,0.003374692663,0.003518301603,0.01261764011,0.1031455197,2.957752262e-06,0.0007745777827
1742,0.00377803123,0.003940193002,0.01264310742,0.08453024073,2.750870241e-06,0.0007773030159
1743,0.003848180416,0.004046417055,0.01244684765,0.07632521615,2.574954046e-06,0.0007803426359
1744,0.003731818376,0.003949384587,0.01237976829,0.04236142813,5.366460177e-06,0.0007812660999
1745,0.003696418736,0.003568805302,0.01237933567,0.03423142428,6.942172371e-06,0.0007783577293
1746,0.003743903964,0.003180764796,0.01251210961,0.03299645285,7.088620757e-06,0.0007718858522
1747,0.003675937173,0.0032815609,0.01339612252,0.03619733446,2.471037225e-06,0.0007632248534
1748,0.003602560481,0.003560207574,0.01537650588,0.08050385073,1.569470005e-05,0.0007548495174
1749,0.004142742016,0.00359441463,0.01837213783,0.03512457804,2.659046813e-05,0.0007496961285
1750,0.005349291114,0.004111194885,0.0206299619,0.02927281785,3.148056768e-05,0.0007497039875
1751,0.006424851067,0.005235288883,0.02138370461,0.03044448496,3.072741951e-05,0.0007548701419
1752,0.00726578039,0.006157154229,0.02140650904,0.04145067533,1.725213829e-05,0.0007623097597
1753,0.006514471766,0.006140325289,0.01780809695,0.1405715031,4.67696822e-06,0.0007673389241
1754,0.005265742796,0.004919669915,0.01548346954,0.07414843195,3.534969065e-06,0.000766185369
1755,0.00492877656,0.004254219865,0.01420174275,0.06253652052,5.700553106e-06,0.0007583159814
1756,0.004925048696,0.004648773509,0.0137264707,0.05636842986,7.00477802e-06,0.0007459624165
1757,0.004567693881,0.005091037457,0.01330718402,0.04778271554,7.725556998e-06,0.0007322868264
1758,0.003606156808,0.005143502947,0.01243999352,0.04174066408,7.406482568e-06,0.0007199490331
1759,0.002972105645,0.004765054603,0.01213324568,0.04658279078,5.95776071e-06,0.0007108022931
1760,0.00292652242,0.004071702956,0.01254439915,0.06546250881,4.380735995e-06,0.0007057209765
1761,0.003430015132,0.003470695862,0.01296641729,0.08792380285,3.732354633e-06,0.0007043453149
1762,0.003729783806,0.003948235228,0.01289494668,0.08690313714,3.639292184e-06,0.0007052196717
1763,0.003650052064,0.00409805506,0.01259947355,0.0567656329,4.908119405e-06,0.0007063352896
1764,0.003448934711,0.003812697234,0.01240917666,0.03804429951,6.587666909e-06,0.0007056574062
1765,0.003336941,0.003350621766,0.0124506052,0.03319835565,6.35135774e-06,0.0007023196715
1766,0.003227911712,0.00289660812,0.01265612398,0.03525056918,1.964730681e-06,0.0006966968378
1767,0.003020633296,0.002690441057,0.01326741429,0.05905745821,1.057637836e-05,0.0006899140223
1768,0.003093619921,0.002628312782,0.01471704377,0.0427028044,2.280839681e-05,0.0006838275262
1769,0.003566296979,0.002873027359,0.01638210279,0.0246770192,2.865076721e-05,0.0006804016505
1770,0.004409993452,0.00384072066,0.01735762058,0.0245986459,2.918082138e-05,0.0006802326985
1771,0.005280935386,0.004919371616,0.01788556629,0.02904316674,1.900249904e-05,0.0006825372955
1772,0.005476748317,0.00524724989,0.01673123909,0.06873937765,5.78115442e-06,0.000685135372
1773,0.004881600517,0.00476692911,0.01549466983,0.06226233712,3.101189798e-06,0.0006852591831
1774,0.004395560228,0.004058246991,0.01429138417,0.04801226879,5.540883237e-06,0.0006815321195
1775,0.0043004487,0.003836669884,0.01375901933,0.04185185803,6.965723761e-06,0.0006741803914
1776,0.00434622853,0.004043681247,0.01421209114,0.0345939871,7.725332174e-06,0.0006648522439
1777,0.004015580351,0.004456246605,0.01458444512,0.03147145325,5.745624362e-06,0.0006555669467
1778,0.003342393063,0.00459217279,0.01510491228,0.05204179544,2.349986078e-06,0.0006482955226
1779,0.003596582505,0.004010490524,0.01654962434,0.08332904687,1.451166726e-05,0.0006448232613
1780,0.005006650991,0.00400439648,0.01833143244,0.03295028682,2.296538076e-05,0.0006456638528
1781,0.005990708265,0.005048775318,0.01909742905,0.02631631805,2.6591544e-05,0.0006500109438
1782,0.006618368058,0.00568697992,0.01936161002,0.02958885222,2.248208708e-05,0.0006558286332
1783,0.006278102367,0.006200531441,0.01775240333,0.05705958049,8.86979948e-06,0.0006601065508
1784,0.005079928616,0.005300058644,0.01502770233,0.09238058392,2.541673144e-06,0.0006598990424
1785,0.00453662838,0.004392506975,0.01449674336,0.05484239865,5.036647277e-06,0.0006545950647
1786,0.004421528597,0.004557078056,0.01414299923,0.04661803226,6.713309144e-06,0.0006457216086
1787,0.004190823284,0.004843927824,0.01420949491,0.0374972264,7.681210259e-06,0.0006359095163
1788,0.003410325955,0.005052293175,0.01369899965,0.0342380601,7.128732992e-06,0.0006273314751
1789,0.002792030209,0.005016266544,0.01362366629,0.04576739828,4.066144173e-06,0.0006214773933
1790,0.002895567408,0.004147851378,0.01387968279,0.09745591704,2.547445304e-06,0.0006191025606
1791,0.003749354215,0.003773031117,0.01414520813,0.07582363664,8.103986635e-06,0.0006199393075
1792,0.004421781713,0.004321106734,0.01424465869,0.04010785129,1.22883086e-05,0.0006228573033
1793,0.004575568002,0.004340884659,0.01404354475,0.03430361368,1.130427481e-05,0.0006260665634
1794,0.004266121858,0.004176438726,0.01373804442,0.05536588428,4.683995448e-06,0.0006278419563
1795,0.0040448719,0.003991533654,0.01409833182,0.06129019294,3.178947145e-06,0.0006268512578
1796,0.003849554777,0.003476868695,0.01426074735,0.03710577608,5.749820909e-06,0.0006226509499
1797,0.003659790276,0.003585612606,0.01491950115,0.03178334732,7.2284558e-06,0.0006161940534
1798,0.003504155279,0.004303245385,0.0162298345,0.02964043688,5.061906345e-06,0.0006092513402
1799,0.00337880673,0.004748964634,0.0178254443,0.05087038576,5.096233517e-06,0.0006041493413
1800,0.004348451774,0.004341896671,0.01933379918,0.05018578186,1.698201833e-05,0.0006021903291
1801,0.005838355349,0.00458507653,0.02081386396,0.02919747299,2.264467033e-05,0.0006041783102
1802,0.006471822058,0.005509085179,0.02086913635,0.03120941946,2.498641894e-05,0.0006094178618
1803,0.006944886204,0.005590450676,0.02076248423,,,
