/*--------------------------------*- C++ -*----------------------------------*\
| =========                 |                                                 |
| \\      /  F ield         | OpenFOAM: The Open Source CFD Toolbox           |
|  \\    /   O peration     | Version:  2506                                  |
|   \\  /    A nd           | Website:  www.openfoam.com                      |
|    \\/     M anipulation  |                                                 |
\*---------------------------------------------------------------------------*/
FoamFile
{
    version     2.0;
    format      ascii;
    arch        "LSB;label=32;scalar=64";
    note        "nPoints:26702  nCells:21184  nFaces:68978  nInternalFaces:64445";
    class       labelList;
    location    "constant/polyMesh";
    object      neighbour;
}
// * * * * * * * * * * * * * * * * * * * * * * * * * * * * * * * * * * * * * //


64445
(
1
7
49
12004
12007
12008
2
8
50
4727
4730
4731
3
9
51
4734
4737
4738
4
10
52
4741
4744
4745
5
11
53
12011
12014
12015
6
12
54
12018
12021
12022
13
55
12025
12028
12029
12004
12005
12007
4727
4728
4730
12004
4727
4734
4735
4737
4734
4741
4742
4744
4741
12011
12012
12014
12011
12018
12019
12021
12018
12025
12026
12028
4748
4749
4751
12005
516
519
4728
4748
12640
12641
12642
12643
516
523
4735
12661
12662
12663
12664
12672
12673
12676
12677
523
530
4742
12696
12697
12698
12699
12707
12708
12711
12712
530
537
12012
12731
12732
12733
12734
16720
16721
16724
16725
537
544
547
12019
12752
12753
12754
12755
544
4755
4756
4758
12026
1001
1003
4749
16828
16829
16830
16831
517
1000
4697
4763
4764
4765
424
524
4701
4770
4771
4772
431
531
4705
4777
4778
4779
438
538
4709
4784
4785
4786
445
545
4713
4791
4792
4793
452
4717
4756
12032
12033
12036
1001
4797
4798
4800
425
4719
4797
12039
12040
12043
432
558
4721
12046
12047
12050
439
565
4723
12053
12054
12057
446
572
4725
12060
12061
12064
453
579
12001
12067
12068
12071
552
586
4804
4805
12003
12764
12767
12769
12855
12858
12860
14876
14879
14880
14881
4798
12074
12075
12077
559
4811
4812
4814
12074
566
4811
4818
4819
4821
573
4818
4825
4826
4828
580
4825
12081
12082
12084
587
12081
12088
12089
12091
4805
12088
12095
12096
12098
43
105
12075
12076
12079
12080
44
106
4812
4813
4816
4817
45
107
4819
4820
4823
4824
46
108
4826
4827
4830
4831
47
109
12082
12083
12086
12087
48
110
12089
12090
12093
12094
111
12096
12097
12100
12101
50
57
112
12102
12105
12106
51
58
113
12109
12112
12113
52
59
114
4832
4835
4836
53
60
115
4839
4842
4843
54
61
116
12116
12119
12120
55
62
117
12123
12126
12127
63
118
12130
12133
12134
57
66
119
12103
12105
12107
16517
16520
16521
12007
12102
12103
12105
4730
12102
12109
12110
12112
4737
4832
4833
4835
12109
4744
4832
4839
4840
4842
4839
12014
12116
12117
12119
12021
12116
12123
12124
12126
12028
12123
12130
12131
12133
74
127
12130
12132
12134
12136
12137
12140
12141
66
76
128
4860
4863
4864
16518
16520
16522
16517
16518
16520
4751
4846
4847
4849
12103
16517
519
1010
4846
7933
7935
7937
7938
12110
16839
16841
16842
16844
526
1007
4833
16524
16525
16528
533
1014
4840
16531
16532
16535
540
1021
12117
16538
16539
16542
547
593
596
1028
6220
6221
6222
6223
12124
16896
16897
16899
593
4758
4853
4856
12131
14898
14900
14902
14903
4853
12137
12138
12140
76
138
4861
4863
4865
4860
4861
4863
4860
4867
4868
4870
16518
1003
2486
2488
4847
4867
13906
13907
13908
13909
427
1008
2485
2493
2496
10166
10168
10170
10171
434
600
1015
4874
4875
4878
441
607
1022
4881
4882
4885
448
614
1029
4888
4889
4892
455
594
621
4895
4896
4899
459
554
4854
4902
4903
4906
628
4909
4910
4912
12138
87
149
4861
4862
4865
4866
16546
16548
16550
4868
16545
16546
16548
2486
4800
4917
4919
14913
14915
14916
14917
16545
561
601
4916
4923
4924
4925
568
608
1049
12144
12145
12146
575
615
1056
12151
12152
12153
582
622
1063
12158
12159
12160
460
589
1070
4951
4952
4954
5836
5839
5840
629
1077
4807
12165
12166
12167
4910
4958
12172
12173
12175
97
159
12180
12182
12184
16546
16547
16550
16551
4917
12077
12179
12180
12182
1050
4814
12179
12186
12187
12189
1057
4821
4965
4966
4968
12186
16931
16934
16936
1064
4828
4965
4972
4973
4975
16952
16955
16957
1071
4972
12084
12193
12194
12196
16987
16990
16992
1078
12091
12193
12200
12201
12203
4959
12098
12200
12207
12208
12210
167
12173
12174
12177
12178
12207
12209
12211
12213
106
168
12180
12181
12184
12185
107
169
12187
12188
12191
12192
108
170
4966
4967
4970
4971
109
171
4973
4974
4977
4978
110
172
12194
12195
12198
12199
111
173
12201
12202
12205
12206
174
12208
12209
12212
12213
113
120
175
12214
12217
12218
114
121
176
4979
4982
4983
115
122
177
4986
4989
4990
116
123
178
4993
4996
4997
117
124
179
5000
5003
5004
118
125
180
12221
12224
12225
126
181
12228
12231
12232
120
129
182
12215
12217
12219
16552
16555
16556
12105
12214
12215
12217
4979
4980
4982
12112
12214
4835
4979
4986
4987
4989
4842
4986
4993
4994
4996
4993
5000
5001
5003
12119
5000
12126
12221
12222
12224
12133
12221
12228
12229
12231
137
190
12228
12230
12232
12234
12235
12238
12239
129
139
191
5021
5024
5025
16553
16555
16557
16520
16552
16553
16555
4849
5007
5008
5010
12215
16552
1010
2502
4980
5007
10194
10196
10198
10199
18083
18086
18088
18089
1017
2499
4987
16560
16561
16562
1024
1084
4994
20177
20178
20179
1031
1091
5001
16567
16568
16569
596
635
638
1098
6388
6389
6390
6391
12222
17063
17064
17065
635
4856
5014
5017
12229
15010
15012
15014
15015
5014
12140
12235
12236
12238
139
201
5022
5024
5026
4863
5021
5022
5024
4870
5021
5028
5029
5031
16553
2488
4090
4092
5008
5028
14746
14747
14748
14749
603
2500
4089
4097
4100
11552
11554
11556
11557
610
1085
1105
5035
5036
5039
617
1092
1112
20183
20184
20187
624
1099
1119
12242
12243
12246
462
636
1126
5043
5044
5045
466
631
5015
5049
5050
5053
642
4912
5056
5057
5059
12236
150
212
5022
5023
5026
5027
16574
16576
16578
5029
16548
16573
16574
16576
4090
4919
5064
5066
15025
15027
15028
15029
16573
1052
1106
5063
5070
5071
5072
1059
1113
2515
12249
12251
12252
1066
1120
1138
20190
20192
20193
1073
1127
1145
12256
12257
12258
467
1080
1152
5084
5085
5088
5872
5873
5875
643
1159
4961
12263
12264
12266
5057
5091
12175
12270
12271
12273
160
222
12278
12280
12282
16574
16575
16578
16579
5064
12182
12277
12278
12280
2516
5098
5099
5101
12189
12277
1139
4968
5098
5105
5106
5108
17114
17115
17118
1146
4975
5105
5112
5113
5115
20304
20305
20308
1153
5112
12196
12284
12285
12287
17170
17171
17174
1160
12203
12284
12291
12292
12294
5092
12210
12291
16580
16581
16583
230
12271
12272
12275
12276
16580
16582
16584
16586
169
231
12278
12279
12282
12283
170
232
5099
5100
5103
5104
171
233
5106
5107
5110
5111
172
234
5113
5114
5117
5118
173
235
12285
12286
12289
12290
174
236
12292
12293
12296
12297
237
16581
16582
16585
16586
176
183
238
12298
12301
12302
177
184
239
5119
5122
5123
178
185
240
5126
5129
5130
179
186
241
5133
5136
5137
180
187
242
5140
5143
5144
181
188
243
12305
12308
12309
189
244
12312
12315
12316
183
192
245
12299
12301
12303
16587
16590
16591
12217
12298
12299
12301
4982
5119
5120
5122
12298
4989
5119
5126
5127
5129
4996
5126
5133
5134
5136
5003
5133
5140
5141
5143
5140
12224
12305
12306
12308
12231
12305
12312
12313
12315
200
253
12312
12314
12316
12318
12319
12322
12323
192
202
254
5161
5164
5165
16588
16590
16592
16555
16587
16588
16590
5010
5147
5148
5150
12299
16587
2502
2539
5120
5147
10266
10267
10268
10269
18114
18115
18116
18117
1087
2536
5127
16595
16596
16597
1094
1166
5134
20198
20199
20200
1101
1173
5141
16602
16603
16604
638
649
652
1180
6437
6438
6439
6440
12306
17245
17246
17247
649
5017
5154
5157
12313
15080
15082
15084
15085
5154
12238
12319
12320
12322
202
264
5162
5164
5166
5024
5161
5162
5164
5031
5161
5168
5169
5171
16588
4092
4104
4106
5148
5168
14774
14775
14776
14777
1108
2537
4103
4112
4113
11589
11590
11591
11592
1115
1167
1187
5176
5177
5178
1122
1174
1194
20205
20206
20207
1129
1181
1201
12327
12328
12329
469
650
1208
5183
5184
5185
473
645
5155
5189
5190
5193
656
5059
5196
5197
5199
12320
213
275
5162
5163
5166
5167
16609
16611
16613
5169
16576
16608
16609
16611
4104
5066
5204
5206
15096
15097
15098
15099
16608
1188
2518
5203
5210
5211
5214
1141
1195
2552
12334
12335
12336
1148
1202
1220
20212
20213
20214
1155
1209
1227
12340
12341
12342
474
1162
1234
5224
5225
5228
5907
5908
5910
657
1241
5094
12347
12348
12350
5197
5231
12273
12354
12355
12357
223
285
12362
12364
12366
16609
16610
16613
16614
5204
12280
12361
12362
12364
2553
5101
5238
5239
5241
12361
1221
5108
5238
5245
5246
5248
17296
17297
17300
1228
5115
5245
5252
5253
5255
20367
20368
20371
1235
5252
12287
12368
12369
12371
17352
17353
17356
1242
12294
12368
12375
12376
12378
5232
12375
12382
12383
12385
16583
293
12355
12356
12359
12360
12382
12384
12386
12388
232
294
12362
12363
12366
12367
233
295
5239
5240
5243
5244
234
296
5246
5247
5250
5251
235
297
5253
5254
5257
5258
236
298
12369
12370
12373
12374
237
299
12376
12377
12380
12381
300
12383
12384
12387
12388
239
246
301
12389
12392
12393
240
247
302
5259
5262
5263
241
248
303
5266
5269
5270
242
249
304
5273
5276
5277
243
250
305
5280
5283
5284
244
251
12396
12399
12400
252
12403
12406
12407
246
255
306
12390
12392
12394
16615
16618
16619
12301
12389
12390
12392
5122
5259
5260
5262
12389
5129
5259
5266
5267
5269
5136
5266
5273
5274
5276
5143
5273
5280
5281
5283
5280
12308
12396
12397
12399
12315
12396
12403
12404
12406
263
12403
12405
12407
12409
12410
12413
12414
255
265
313
5301
5304
5305
16616
16618
16620
16590
16615
16616
16618
5150
5287
5288
5290
12390
16615
2539
2576
5260
5287
10336
10337
10338
10339
18142
18143
18144
18145
1169
2573
5267
16623
16624
16625
1176
1248
5274
20219
20220
20221
1183
1255
5281
16630
16631
16632
652
663
666
1262
6486
6487
6488
6489
12397
17427
17428
17429
663
5157
5294
5297
12404
15150
15152
15154
15155
5294
12322
12410
12411
12413
265
321
5302
5304
5306
5164
5301
5302
5304
5171
5301
5308
5309
5311
16616
4106
4118
4120
5288
5308
14802
14803
14804
14805
1190
2574
4117
4126
4127
11617
11618
11619
11620
1197
1249
1269
5316
5317
5318
1204
1256
1276
20226
20227
20228
1211
1263
1283
12418
12419
12420
476
664
1290
5323
5324
5325
480
659
5295
5329
5330
5333
670
5199
5336
5337
5339
12411
276
331
5302
5303
5306
5307
16637
16639
16641
5309
16611
16636
16637
16639
4118
5206
5344
5346
15166
15167
15168
15169
16636
1270
2555
5343
5350
5351
5354
1223
1277
2589
12425
12426
12427
1230
1284
1302
20233
20234
20235
1237
1291
1309
12431
12432
12433
481
1244
1316
5364
5365
5368
5942
5943
5945
671
677
5234
12438
12439
12440
5337
5371
12357
12445
12446
12448
286
340
12453
12455
12457
16637
16638
16641
16642
5344
12364
12452
12453
12455
2590
5241
5378
5379
5381
12452
1303
5248
5378
5385
5386
5388
17478
17479
17482
1310
5255
5385
5392
5393
5395
20430
20431
20434
1317
5392
12371
12459
12460
12462
17534
17535
17538
678
12378
12459
12466
12467
12469
5372
12385
12466
12473
12474
12476
12446
12447
12450
12451
12473
12475
12477
12479
295
348
12453
12454
12457
12458
296
349
5379
5380
5383
5384
297
350
5386
5387
5390
5391
298
351
5393
5394
5397
5398
299
352
12460
12461
12464
12465
300
353
12467
12468
12471
12472
354
12474
12475
12478
12479
302
307
355
12480
12483
12484
303
308
356
5399
5402
5403
304
309
357
5406
5409
5410
305
310
358
5413
5416
5417
311
5420
5423
307
314
359
12481
12483
12485
16643
16646
16647
12392
12480
12481
12483
5262
5399
5400
5402
12480
5269
5399
5406
5407
5409
5276
5406
5413
5414
5416
5283
5413
5420
5421
5423
5420
12399
12487
314
322
364
5433
5436
5437
16644
16646
16648
16618
16643
16644
16646
5290
5425
5426
5428
12481
16643
2576
2613
5400
5425
10406
10407
10408
10409
18170
18171
18172
18173
1251
2610
5407
16651
16652
16653
1258
1323
5414
20240
20241
20242
1265
1330
5421
16658
16659
16660
666
1337
8704
8705
12487
17609
17612
17615
322
370
5434
5436
5438
5304
5433
5434
5436
5311
5433
5440
5441
5443
16644
4120
4132
4134
5426
5440
14830
14831
14832
14833
1272
2611
4131
4140
4141
11645
11646
11647
11648
1279
1324
1344
5448
5449
5450
1286
1331
1351
20247
20248
20249
1293
1338
1358
12489
12490
12491
483
1342
1365
5455
5456
5457
487
673
5432
5461
5462
5977
5978
5980
332
377
5434
5435
5438
5439
16665
16667
16669
5441
16639
16664
16665
16667
4132
5346
5465
5467
15225
15226
15227
15228
16664
1345
2592
5464
5471
5472
5475
1305
1352
2626
12496
12497
12498
1312
1359
1373
20254
20255
20256
1319
1366
1380
12502
12503
12504
488
680
1387
5485
5486
5489
5984
5985
5987
684
688
5374
12509
12510
12511
341
386
12517
12519
12521
16665
16666
16669
16670
5465
12455
12516
12517
12519
2627
5381
5499
5500
5502
12516
1374
5388
5499
5506
5507
5509
17651
17652
17655
1381
5395
5506
5513
5514
5516
20493
20494
20497
1388
5513
12462
12523
12524
12526
17707
17708
17711
689
12469
12523
12530
12531
12533
5493
12476
12530
16671
16672
16674
349
393
12517
12518
12521
12522
350
394
5500
5501
5504
5505
351
395
5507
5508
5511
5512
352
396
5514
5515
5518
5519
353
397
12524
12525
12528
12529
354
398
12531
12532
12535
12536
16672
16673
16676
16677
356
360
12537
12540
12541
357
361
12544
12547
12548
358
362
5520
5523
5524
363
5527
5530
360
365
12538
12540
12542
16678
16681
16682
12483
12537
12538
12540
5402
12537
12544
12545
12547
5409
5520
5521
5523
12544
5416
5520
5527
5528
5530
365
371
5539
5542
5543
16679
16681
16683
16646
16678
16679
16681
5428
5532
5533
5535
12538
16678
1397
2613
5532
8810
8811
8812
8813
12545
17733
17734
17737
17738
1326
1394
5521
16686
16687
16688
1333
1401
5528
16693
16694
16695
371
5540
5542
5544
5436
5539
5540
5542
5443
5539
5546
5547
5549
16679
2648
2650
4134
5533
5546
14214
14215
14216
14217
1347
1395
2647
2656
2657
10483
10484
10485
10486
695
1354
1402
5554
5555
5556
702
1361
1409
19057
19058
19059
378
5540
5541
5544
5545
16700
16702
16704
5547
16667
16699
16700
16702
2648
5467
5561
5563
15281
15282
15283
15284
16699
696
2629
5560
5567
5568
5571
703
1376
1419
12551
12552
12554
710
1383
1426
19063
19064
19066
715
1390
1433
12558
12559
12561
492
691
1440
5595
5596
5599
5998
5999
6000
719
720
5495
12565
12566
387
12569
12571
12573
16700
16701
16704
16705
5561
12519
12568
12569
12571
1420
5502
12568
12575
12576
12578
1427
5509
5602
5603
5605
12575
17812
17813
17816
1434
5516
5602
5609
5610
5612
17840
17841
17844
1441
5609
12526
12582
12583
12585
17868
17869
17872
721
12533
12582
12589
12590
12592
394
12569
12570
12573
12574
395
12576
12577
12580
12581
396
5603
5604
5607
5608
397
5610
5611
5614
5615
398
12583
12584
12587
12588
12590
12591
12594
12595
5535
5621
5622
12596
727
1397
5616
5621
6711
6712
6713
6714
16790
16791
16794
16795
724
1404
5618
12599
12600
12601
731
1411
5620
12606
12607
12608
1448
1450
2650
5622
13570
13571
13572
13573
698
725
1447
1456
1457
8985
8986
8987
8988
494
705
732
1462
1463
1464
501
712
738
1469
1470
1471
1448
5563
5627
5629
15344
15345
15346
15347
495
1422
5626
5633
5634
5637
502
751
1429
12612
12613
12616
508
758
1436
12619
12620
12623
513
765
1443
12626
12627
12629
5627
12571
12633
752
5647
12578
12633
759
5605
5647
5648
12968
12969
12972
766
5612
5648
5649
13003
13004
13007
773
5649
12585
12634
16813
16814
16817
497
5650
5655
5657
5658
6019
6020
6023
504
5652
5657
5660
5661
6047
6048
6051
510
5654
5660
5663
6075
6076
6079
754
5658
5664
12636
12953
12956
12958
761
5661
5664
5665
12981
12984
12986
768
5663
5665
5666
13009
13012
13014
775
5666
13023
13026
13028
518
4698
5668
5669
5670
1002
4699
5675
5676
5677
432
558
4700
5682
5683
5684
521
1004
1490
1492
9006
9007
9008
9009
434
522
600
5689
5690
5691
561
601
1006
1497
1498
9027
9028
9029
9030
436
562
602
5696
5697
5698
525
4702
5703
5704
5705
4703
5710
5711
5712
439
565
4704
5717
5718
5719
528
1504
1505
1506
441
529
607
1511
1512
1513
568
608
1518
1519
1520
443
569
609
1525
1526
1527
532
4706
5724
5725
5726
4707
5731
5732
5733
446
572
4708
5738
5739
5740
535
1532
1533
1534
448
536
614
1539
1540
1541
575
615
1546
1547
1548
450
576
616
1553
1554
1555
539
4710
5745
5746
5747
4711
5752
5753
5754
453
579
4712
5759
5760
5761
542
5766
5767
5768
455
543
621
5773
5774
5775
582
622
5780
5781
5782
457
583
623
5787
5788
5789
546
4714
5794
5795
5796
4715
5801
5802
5803
552
586
4716
5808
5809
5810
549
5815
5816
5817
459
550
554
857
7281
7282
7285
7287
7288
7289
7292
7294
460
589
5822
5823
5824
461
556
590
5829
5830
5831
595
879
7358
7359
7362
7364
7365
7366
7369
7370
623
5835
5836
5839
629
1077
5842
5843
5846
598
625
5850
5851
5852
466
599
631
884
7386
7387
7390
7392
7393
7394
7397
7399
467
627
1080
5857
5858
5859
468
633
1081
5864
5865
5866
637
893
7414
7415
7418
7420
7421
7422
7425
7426
1128
5871
5872
5873
643
1159
5878
5879
5880
640
1130
5885
5886
5887
473
641
645
898
7442
7443
7446
7448
7449
7450
7453
7455
474
1132
1162
5892
5893
5894
475
647
1163
5899
5900
5901
651
907
7470
7471
7474
7476
7477
7478
7481
7482
1210
5906
5907
5908
657
1241
5913
5914
5915
654
1212
5920
5921
5922
480
655
659
912
7498
7499
7502
7504
7505
7506
7509
7511
481
1214
1244
5927
5928
5929
482
661
1245
5933
5934
5937
665
921
7526
7527
7530
7532
7533
7534
7537
7538
1292
5941
5942
5943
671
677
5948
5949
5950
668
1294
5955
5956
5957
487
669
673
5962
5963
5964
488
680
1296
5969
5970
5971
489
675
681
933
7589
7590
7593
7595
7596
7597
7600
7602
1343
5976
5977
5978
1367
5983
5984
5985
684
688
942
7617
7618
7621
7622
7624
7625
7628
7629
492
691
1370
5990
5991
5992
493
686
692
947
7645
7646
7649
7651
7652
7653
7656
7658
716
5997
5998
5999
719
720
956
7673
7674
7677
7678
7680
7681
7684
7685
699
726
6004
6005
6006
700
1449
1688
1690
9629
9630
9631
9632
502
701
751
6011
6012
6013
729
1451
6018
6019
6020
504
730
5657
6025
6026
6027
754
1453
5658
6032
6033
6034
506
755
5659
6039
6040
6041
706
733
1695
1696
1697
707
1702
1703
1704
508
708
758
1709
1710
1711
736
6046
6047
6048
510
737
5660
6053
6054
6055
761
5661
6060
6061
6062
511
762
5662
6067
6068
6069
713
1716
1717
1718
513
714
765
1723
1724
1725
740
6074
6075
6076
768
5663
6081
6082
6083
515
769
6087
6088
717
6091
6092
6093
718
772
6097
6098
775
6100
6101
4729
12647
12648
12649
12650
16706
16707
16710
16711
4685
4750
12637
12638
12641
524
4686
12644
12645
12648
4732
4752
6108
6109
6110
6111
16706
16708
16710
16712
526
1007
4733
16707
16708
16709
1008
4754
6105
6106
6109
528
1009
12651
12652
12654
4736
12668
12669
12670
12671
12679
12680
12683
12684
4687
12658
12659
12662
531
4688
12665
12666
12669
4739
12673
12674
12675
533
1014
4740
12680
12681
12682
1015
12686
12687
12690
535
1016
6119
6120
6123
4743
12703
12704
12705
12706
16713
16714
16717
16718
4689
12693
12694
12697
538
4690
12700
12701
12704
4746
12708
12709
12710
540
1021
4747
16714
16715
16716
1022
12714
12715
12718
542
1023
12721
12722
12725
12013
12738
12739
12740
12741
16727
16728
16731
16732
4691
12728
12729
12732
545
4692
12735
12736
12739
12016
16721
16722
16723
547
1028
12017
16728
16729
16730
1029
12742
12743
12745
549
1030
5773
5774
5776
6133
6137
15362
15364
15365
15368
548
12020
12759
12760
12761
12762
4693
12749
12750
12753
4694
4756
12756
12757
12760
548
6143
6144
6145
6146
12023
16728
16730
16732
593
4758
6150
6151
6152
6153
12024
594
5815
5816
5818
6140
6141
6144
595
4760
6147
6148
6151
553
555
4757
12035
12036
12037
12038
4718
12763
12764
12767
557
4804
12766
12767
12768
12769
4760
6154
6155
6158
557
628
4761
6157
6158
6159
6160
629
4807
5829
5830
5832
6161
6162
6165
630
4808
6164
6165
6166
6167
4720
12770
12771
12774
560
563
4799
12042
12043
12044
12045
566
4811
12773
12774
12775
12776
16734
16735
16738
16739
4801
6168
6169
6172
568
1049
12777
12778
12780
1050
4803
4814
6171
6172
6173
6174
16734
16737
16739
16740
570
1051
4815
16735
16736
16737
4722
12784
12785
12788
567
12049
12050
12051
12052
12798
12799
12802
12803
573
4818
12787
12788
12789
12790
12805
12806
12809
12810
12791
12792
12795
575
1056
6182
6183
6186
1057
4821
12799
12800
12801
577
1058
4822
12806
12807
12808
4724
12812
12813
12816
574
12056
12057
12058
12059
12833
12834
12837
12838
580
4825
12815
12816
12817
12818
16741
16742
16745
16746
12819
12820
12823
582
1063
12826
12827
12830
1064
4828
12834
12835
12836
584
1065
4829
16742
16743
16744
4726
12840
12841
12844
581
12063
12064
12065
12066
16748
16749
16752
16753
587
12081
12843
12844
12845
12846
16755
16756
16759
16760
12847
12848
12850
589
1070
5787
5789
5790
6196
6200
15376
15378
15379
15382
1071
12084
16749
16750
16751
591
1072
12085
16756
16757
16758
12002
12854
12855
12858
588
591
12070
12071
12072
12073
592
4805
12088
12857
12858
12859
12860
5822
5824
5825
6203
6204
6207
1077
4807
5829
5831
5833
6210
6211
6214
592
1078
6206
6207
6208
6209
12091
16756
16757
16759
1079
4809
6213
6214
6215
6216
12092
597
6227
6228
6229
6230
12125
1030
4895
4899
4900
6217
6218
6221
4854
6224
6225
6228
597
1032
6234
6235
6236
6237
12128
16909
16910
16911
635
4856
6241
6242
6243
6244
12129
636
1034
5850
5851
5854
6231
6232
6235
637
4858
6238
6239
6242
1009
6245
6246
6249
2487
2661
2665
10502
10504
10506
10507
608
1049
6252
6253
6256
1012
2489
2669
2671
10539
10540
10541
10542
610
1013
1105
6260
6261
6262
1052
1106
2491
2676
2677
10567
10568
10569
10570
612
1053
1107
6267
6268
6269
1016
6273
6274
6277
6280
6281
6284
615
1056
6287
6288
6291
1019
6295
6296
6297
617
1020
1112
19071
19072
19073
1059
1113
6302
6303
6304
619
1060
1114
19078
19079
19080
1023
6308
6309
6312
6315
6316
6319
622
1063
6322
6323
6326
1026
19085
19086
19087
624
1027
1119
16763
16764
16765
1066
1120
19092
19093
19094
626
1067
1121
16770
16771
16772
1030
6329
6330
6333
6336
6337
6340
1070
6343
6344
6347
1033
12862
12863
12864
1034
1126
6351
6352
6353
1073
1127
12869
12870
12871
1074
1128
6358
6359
6360
630
632
4855
4905
4906
4907
4908
5842
5846
5848
6364
6365
6368
634
4910
4958
6367
6368
6369
6370
4858
6371
6372
6375
634
642
4859
4912
6374
6375
6376
6377
643
4961
5864
5865
5869
6378
6379
6382
644
4914
4962
6381
6382
6383
6384
639
6395
6396
6397
6398
12223
1100
5043
5045
5048
6385
6386
6389
5015
6392
6393
6396
639
1102
6402
6403
6404
6405
12226
17077
17078
17079
649
5017
6409
6410
6411
6412
12227
650
1104
5885
5886
5890
6399
6400
6403
651
5019
6406
6407
6410
644
646
5016
5052
5053
5054
5055
5878
5880
5883
6413
6414
6417
648
5057
5091
6416
6417
6418
6419
5019
6420
6421
6424
648
656
5020
5059
6423
6424
6425
6426
657
5094
5899
5900
5904
6427
6428
6431
658
5061
5095
6430
6431
6432
6433
653
6444
6445
6446
6447
12307
1182
5183
5185
5188
6434
6435
6438
5155
6441
6442
6445
653
1184
6451
6452
6453
6454
12310
17259
17260
17261
663
5157
6458
6459
6460
6461
12311
664
1186
5920
5921
5925
6448
6449
6452
665
5159
6455
6456
6459
658
660
5156
5192
5193
5194
5195
5913
5915
5918
6462
6463
6466
662
5197
5231
6465
6466
6467
6468
5159
6469
6470
6473
662
670
5160
5199
6472
6473
6474
6475
671
5234
5933
5937
5939
6476
6477
6480
672
5201
5235
6479
6480
6481
6482
667
6493
6494
6495
6496
12398
1264
5323
5325
5328
6483
6484
6487
5295
6490
6491
6494
667
1266
6500
6501
6502
6503
12401
17441
17442
17443
5297
6507
6508
6509
6510
12402
1268
1342
5955
5956
5960
6497
6498
6501
1343
5299
5962
5963
5966
6504
6505
6508
672
674
5296
5332
5333
5334
5335
5948
5950
5951
6511
6512
6515
676
5337
5371
6514
6515
6516
6517
5299
5962
5964
5967
6518
6519
6522
676
5300
5339
6521
6522
6523
6524
684
5374
6525
6526
6529
685
5341
5375
6528
6529
6530
6531
1245
5949
5950
5952
6532
6533
6536
679
682
1246
1318
5367
5368
5369
5370
17539
17540
17541
683
1247
5372
6535
6536
6537
6538
12466
1320
5969
5971
5974
6539
6540
6543
688
5374
6546
6547
6550
683
689
1322
6542
6543
6544
6545
12469
17553
17554
17555
690
5376
6549
6550
6551
6552
12470
6553
6554
6557
687
5492
6556
6557
6558
6559
719
5495
6560
6561
6564
5496
6563
6564
6565
6566
6567
6568
6571
690
693
1389
5488
5489
5490
5491
17712
17713
17714
694
5493
6570
6571
6572
6573
12530
1391
5990
5992
5995
6574
6575
6578
720
5495
6581
6582
6585
694
721
1393
6577
6578
6579
6580
12533
17726
17727
17728
722
5497
6584
6585
6586
6587
12534
1348
1396
6589
6590
6591
1349
2649
2683
2685
10595
10596
10597
10598
703
1350
1419
6596
6597
6598
1399
2651
2690
2693
10614
10616
10618
10619
705
1400
6602
6603
6606
1422
2653
2696
2700
10642
10644
10646
10647
707
1423
6609
6610
6613
1355
1403
19099
19100
19101
1356
6617
6618
6619
710
1357
1426
19106
19107
19108
1406
6623
6624
6627
712
1407
6630
6631
6634
1429
6637
6638
6641
713
1430
6644
6645
6648
1362
1410
16777
16778
16779
1363
19113
19114
19115
715
1364
1433
16784
16785
16786
1412
6651
6652
6655
1436
6658
6659
6662
717
1437
6665
6666
6669
1369
12876
12877
12878
1370
1440
6673
6674
6675
1443
6679
6680
6683
1444
6686
6687
6690
6693
6694
6696
6697
6700
722
723
1442
5598
5599
5600
5601
17873
17874
17875
6699
6700
6701
6702
12589
1446
6704
6705
6706
6707
12592
17887
17888
17890
1398
5617
16791
16792
16793
1399
5623
6708
6709
6712
732
1400
12882
12883
12885
728
12892
12893
12894
12895
734
12899
12900
12901
12902
16790
16793
16795
16796
5625
5650
12889
12890
12893
736
5651
12896
12897
12900
1405
5619
12904
12905
12906
1406
12910
12911
12914
738
1407
6722
6723
6726
735
12598
12601
12603
12604
12920
12921
12922
12923
739
12903
12906
12908
12909
12927
12928
12929
12930
5652
12917
12918
12921
740
5653
12924
12925
12928
1412
12931
12932
12935
12605
12608
12610
12611
12941
12942
12943
12944
5654
12938
12939
12942
972
977
6045
6730
6731
6732
973
1897
1939
1961
1962
1963
962
1940
6046
6737
6738
6739
975
1941
6049
6744
6745
6746
965
980
6050
6751
6752
6753
987
6073
6758
6759
6760
1917
1953
1976
1977
1978
974
1954
6074
6765
6766
6767
1955
6077
6772
6773
6774
976
990
6078
6779
6780
6781
1423
12945
12946
12948
756
1424
5628
5636
5637
5638
5639
16797
16799
16801
16803
759
1425
5647
16798
16799
16800
5630
12952
12953
12956
761
5664
12959
12960
12963
757
5632
12955
12956
12957
12958
763
12962
12963
12964
12965
16797
16800
16802
16803
1430
6792
6793
6796
1431
12967
12968
12969
766
1432
5648
12974
12975
12976
12980
12981
12984
768
5665
12987
12988
12991
764
12966
12969
12971
12972
12983
12984
12985
12986
770
12973
12976
12978
12979
12990
12991
12992
12993
1437
12994
12995
12998
1438
13002
13003
13004
773
1439
5649
16805
16806
16807
13008
13009
13012
775
5666
13015
13016
13019
771
13001
13004
13006
13007
13011
13012
13013
13014
776
13018
13019
13020
13021
16804
16807
16809
16810
1444
6098
6802
15383
15385
15386
15389
1445
16812
16813
16814
1446
12634
16819
16820
16821
13022
13023
13026
777
13025
13026
13027
13028
16811
16814
16816
16817
13031
13032
13033
13034
16818
16821
16823
16824
784
1489
5667
6806
6807
6808
791
5670
6112
6813
6814
6815
1491
1785
6113
6820
6821
6822
1493
5672
6114
6827
6828
6829
787
794
5673
6834
6835
6836
789
1495
1786
2010
2011
1496
5681
6841
6842
6843
801
5684
6175
6848
6849
6850
1499
1790
6176
6855
6856
6857
803
5686
6862
6863
6864
1501
5687
6177
6869
6870
6871
1502
1791
2021
2022
795
800
4769
6876
6877
6878
1729
4772
6883
6884
6885
797
1035
1730
2027
2028
2029
798
1731
4774
6890
6891
6892
803
4775
6897
6898
6899
805
5702
6904
6905
6906
811
1736
5705
6911
6912
6913
1737
1805
2042
2043
2044
1738
5707
6918
6919
6920
808
814
5708
6925
6926
6927
805
5709
6932
6933
6934
1757
5712
6939
6940
6941
807
1758
1808
2061
2062
2063
5714
6946
6947
6948
809
1759
5715
6953
6954
6955
5716
6960
6961
6962
821
1764
5719
6967
6968
6969
1765
1811
2076
2077
2078
823
5721
6974
6975
6976
1766
5722
6981
6982
6983
815
820
4776
6988
6989
6990
1743
4779
6995
6996
6997
817
1038
1744
2087
2088
2089
818
1745
4781
7002
7003
7004
823
4782
7009
7010
7011
825
5723
7016
7017
7018
831
1750
5726
7023
7024
7025
1751
1826
2102
2103
2104
1752
5728
7030
7031
7032
828
834
5729
7037
7038
7039
825
5730
7044
7045
7046
1771
5733
7051
7052
7053
827
1772
1829
2121
2122
2123
5735
7058
7059
7060
829
1773
5736
7065
7066
7067
5737
7072
7073
7074
841
1778
5740
7079
7080
7081
1779
1832
2136
2137
2138
843
5742
7086
7087
7088
1780
5743
7093
7094
7095
835
840
4783
7100
7101
7102
4786
6126
7107
7108
7109
837
1041
6127
7114
7115
7116
838
4788
6128
7121
7122
7123
843
4789
7128
7129
7130
845
5744
7135
7136
7137
851
5747
6133
7142
7143
7144
1847
6134
7149
7150
7151
5749
6135
7156
7157
7158
848
854
5750
7163
7164
7165
845
5751
7170
7171
7172
5754
6189
7177
7178
7179
847
1850
6190
7184
7185
7186
5756
7191
7192
7193
849
5757
6191
7198
7199
7200
5758
7205
7206
7207
864
5761
6196
7212
7213
7214
1853
6197
7219
7220
7221
866
5763
7226
7227
7228
5764
6198
7233
7234
7235
856
863
4790
7240
7241
7242
4793
6140
7247
7248
7249
858
1045
6141
7254
7255
7256
860
4795
6142
7261
7262
7263
866
4796
7268
7269
7270
862
1047
2193
2194
869
5793
7275
7276
7277
860
861
5796
6147
6154
877
6148
7282
7283
7284
871
878
6155
7289
7290
7291
5798
6149
7261
7263
7266
7274
7275
7278
7279
7281
7283
7285
7286
873
5799
6156
7274
7276
7278
7280
7288
7290
7292
7293
7352
7354
7357
880
2199
2200
2201
869
5800
7296
7297
7298
5803
6203
7303
7304
7305
872
1560
6204
7310
7311
7312
5805
7317
7318
7319
874
5806
6205
7324
7325
7326
875
1562
2212
2213
5807
7331
7332
7333
874
5810
5828
5829
5832
5833
6161
6210
7351
7353
7355
7356
1565
6162
7338
7339
7340
1566
6211
7345
7346
7347
5812
6163
7352
7353
7354
5813
6212
7324
7326
7329
7330
7332
7334
7336
7344
7346
7348
7349
1568
2218
2219
2220
883
1044
2225
2226
2227
1045
6224
7359
7360
7361
1565
4902
7366
7367
7368
884
4903
6225
7372
7375
7376
7378
7379
7382
7383
7385
1047
2232
2233
2234
887
1048
6226
7373
7374
7375
888
1569
4904
7380
7381
7382
1571
2239
2240
2241
6238
6371
7400
7402
7404
7405
7407
7409
7411
7412
891
1573
6239
7387
7388
7389
892
1583
6372
7394
7395
7396
1574
6240
7401
7402
7403
1585
6373
7408
7409
7410
894
1575
2246
2247
2248
897
1133
2253
2254
2255
1134
6392
7415
7416
7417
1594
5049
7422
7423
7424
898
5050
6393
7428
7431
7432
7434
7435
7438
7439
7441
1136
2260
2261
2262
901
1137
6394
7429
7430
7431
902
1598
5051
7436
7437
7438
1600
2267
2268
2269
6406
6420
7456
7458
7460
7461
7463
7465
7467
7468
905
1602
6407
7443
7444
7445
906
1612
6421
7450
7451
7452
1603
6408
7457
7458
7459
1614
6422
7464
7465
7466
908
1604
2274
2275
2276
911
1215
2281
2282
2283
1216
6441
7471
7472
7473
1623
5189
7478
7479
7480
912
5190
6442
7484
7487
7488
7490
7491
7494
7495
7497
1218
2288
2289
2290
915
1219
6443
7485
7486
7487
916
1627
5191
7492
7493
7494
1629
2295
2296
2297
6455
6469
7512
7514
7516
7517
7519
7521
7523
7524
919
1631
6456
7499
7500
7501
920
1641
6470
7506
7507
7508
1632
6457
7513
7514
7515
1643
6471
7520
7521
7522
922
1633
2302
2303
2304
1297
1656
2309
2310
2311
1298
6490
7527
7528
7529
926
5329
7534
7535
7536
1657
5330
6491
7540
7543
7544
7546
7547
7550
7551
7553
9479
9480
9481
1300
2316
2317
2318
1301
1660
6492
7541
7542
7543
930
1661
5331
7548
7549
7550
932
1646
2323
2324
2325
1641
6511
7555
7556
7557
1642
1647
6532
7562
7563
7564
933
6512
6533
7569
7570
7571
1645
1649
2330
2331
2332
936
6513
7576
7577
7578
937
1650
6534
7583
7584
7585
1663
2337
2338
2339
6525
6546
7570
7571
7574
7603
7605
7607
7608
7610
7612
7614
7615
940
1659
6526
7590
7591
7592
941
1665
6547
7597
7598
7599
1661
6527
7604
7605
7606
1666
6548
7611
7612
7613
943
1667
2344
2345
2346
946
1671
2351
2352
2353
1669
6553
7618
7619
7620
1672
6567
7625
7626
7627
947
6554
6568
7631
7634
7635
7637
7638
7641
7642
7644
1674
2358
2359
2360
950
6555
7632
7633
7634
951
1675
6569
7639
7640
7641
1676
2365
2366
2367
6560
6581
7659
7661
7663
7664
7666
7668
7670
7671
954
6561
7646
7647
7648
955
1678
6582
7653
7654
7655
6562
7660
7661
7662
1679
6583
7667
7668
7669
957
1680
2372
2373
2374
1681
2379
2380
2381
6693
7674
7675
7676
1682
6696
7681
7682
7683
6694
6697
7687
7690
7691
7693
7694
7697
7698
7700
1684
2386
2387
2388
6695
7688
7689
7690
1685
6698
7695
7696
7697
966
1454
6024
7702
7703
7704
1455
1878
6715
7709
7710
7711
6025
6716
7716
7717
7718
969
1458
1879
2398
2399
1459
6028
6717
7723
7724
7725
970
6029
7730
7731
7732
1687
6038
7737
7738
7739
1689
1883
6785
7744
7745
7746
979
6039
6786
7751
7752
7753
1691
1884
2409
2410
980
6042
7758
7759
7760
1693
6043
6787
7765
7766
7767
982
6052
7772
7773
7774
1900
1946
2415
2416
2417
1947
6053
7779
7780
7781
1948
6056
7786
7787
7788
985
6057
7793
7794
7795
982
6059
7800
7801
7802
983
1475
1903
2434
2435
2436
1476
6060
7807
7808
7809
6063
7814
7815
7816
986
1477
6064
7821
7822
7823
6066
7828
7829
7830
1906
1990
2449
2450
2451
989
1991
6067
7835
7836
7837
990
6070
7842
7843
7844
1992
6071
7849
7850
7851
6080
7856
7857
7858
992
1482
1921
2464
2465
2466
1483
6081
7863
7864
7865
6084
7870
7871
7872
994
1484
6085
7877
7878
7879
1924
1997
2475
2476
2477
996
1998
6087
7884
7885
7886
1999
6089
7891
7892
7893
998
1933
5640
7898
7899
7900
5641
6100
7905
7906
7907
999
5642
6102
7912
7913
7914
1937
6799
7919
7920
7921
6104
6800
7926
7927
7928
4695
4750
16825
16826
16829
1005
16835
16836
16837
16838
4696
4797
16832
16833
16836
1005
4753
13038
13039
13040
13041
2485
4754
13035
13036
13039
2486
4800
13045
13046
13047
13048
2487
4801
13042
13043
13046
12111
16839
16840
16843
4848
7932
7933
7934
1015
13049
13050
13051
4850
7949
7950
7951
7952
12114
16846
16848
16850
16852
1017
2499
12115
16847
16848
16849
2500
4852
7946
7947
7950
1019
2501
13056
13057
13059
4834
13063
13064
13067
13070
13071
13072
1022
13077
13078
13079
4837
16854
16855
16856
1024
1084
4838
16861
16862
16863
1085
13084
13085
13087
1026
1086
19119
19120
19122
4841
16867
16868
16871
13091
13092
13093
1029
13098
13099
13100
4844
16875
16876
16877
1031
1091
4845
16882
16883
16884
1092
19126
19127
19129
1033
1093
16888
16889
16891
12118
16895
16896
16897
13105
13106
13107
6329
6333
6334
8024
8025
15530
15532
15533
15535
12121
16903
16904
16905
1098
12122
16909
16910
16913
1099
13112
13113
13115
1100
6351
6353
6354
8037
8038
15565
15567
15568
15571
1805
7960
8044
8045
8048
1788
1814
7962
8052
8053
8054
1807
1816
7964
13120
13121
13122
1826
7988
8058
8059
8062
1806
1835
7990
13127
13128
13129
1828
1837
7992
13134
13135
13136
1847
8016
8065
8066
8069
1827
1856
8018
13141
13142
13143
1849
1858
8020
8073
8074
8075
1571
2703
2704
6217
8079
8080
8081
1572
1848
6218
8087
8088
8089
2712
2713
1574
6219
8093
8094
8097
13147
13148
13149
1054
4918
4924
4926
4928
4929
16917
16918
16919
16922
1057
12186
16916
16917
16920
4920
8107
8108
8111
1059
2515
13154
13155
13157
2516
4922
8110
8111
8112
8113
12189
16923
16926
16928
16929
1061
2517
12190
16924
16925
16926
13161
13162
13163
16930
16931
16934
1064
4965
13168
13169
13172
13175
13176
13178
1066
1138
19133
19134
19136
1139
4968
16938
16939
16940
1068
1140
4969
16945
16946
16947
13182
13183
13184
16951
16952
16955
1071
4972
16958
16959
16962
19140
19141
19143
1073
1145
16965
16966
16968
1146
4975
16973
16974
16975
1075
1147
4976
16980
16981
16982
6344
6347
6348
8164
8165
15656
15658
15659
15662
16986
16987
16990
1078
12193
16993
16994
16997
13189
13190
13192
1080
1152
6358
6360
6361
8177
8181
15691
15693
15694
15697
1153
12196
17001
17002
17003
1082
1154
12197
17008
17009
17010
5843
5846
5847
8184
8185
8187
1079
1082
4954
4955
4956
4957
16993
16997
16998
1083
4959
8187
8188
8189
8190
12200
5857
5859
5860
8191
8192
8195
1159
4961
5864
5866
5867
8198
8199
8202
1083
1160
8194
8195
8196
8197
12203
17008
17009
17011
1161
4963
8201
8202
8203
8204
12204
4988
17015
17016
17017
2501
13196
13198
13199
1092
1112
19147
19149
19150
2503
4991
17022
17023
17024
1094
1166
4992
17029
17030
17031
1115
1167
2505
13204
13205
13206
1096
1116
1168
19155
19156
19157
4995
17036
17037
17038
20260
20262
20263
1099
1119
17042
17044
17045
4998
20268
20269
20270
1101
1173
4999
17050
17051
17052
1122
1174
20275
20276
20277
1103
1123
1175
17057
17058
17059
5002
17063
17064
17067
13210
13211
13212
1126
8212
8213
8283
8284
8288
15726
15728
15729
15731
5005
17071
17072
17073
1180
5006
17077
17078
17081
1129
1181
13217
13218
13219
1130
1182
8226
8227
8296
8300
8301
15761
15763
15764
15767
2501
8233
8234
8237
4091
4145
4149
11664
11666
11668
11669
1113
2515
8240
8241
8244
2504
4093
4153
4155
11701
11702
11703
11704
1115
1187
2505
8248
8249
8250
1188
2518
4095
4160
4161
11729
11730
11731
11732
1117
1189
2519
8255
8256
8257
19161
19162
19165
8261
8262
8265
1120
1138
19168
19169
19172
8269
8270
8271
1122
1194
19176
19177
19178
1141
1195
8276
8277
8278
1124
1142
1196
19183
19184
19185
17084
17085
17088
20281
20282
20285
1127
1145
17091
17092
17095
20289
20290
20291
1129
1201
17099
17100
17101
1148
1202
20296
20297
20298
1131
1149
1203
17106
17107
17108
8282
8283
8284
13224
13225
13228
1152
8289
8290
8291
13232
13233
13234
1208
8296
8297
8300
1155
1209
13239
13240
13241
1156
1210
8303
8304
8307
1600
2860
2861
1573
6385
8310
8311
8314
1601
2839
6386
8318
8319
8320
1575
2869
2870
1603
6387
8324
8325
8328
19189
19191
19192
2517
17113
17114
17115
1146
5105
17120
17121
17122
2519
13246
13247
13248
1148
1220
19197
19198
19199
1221
2521
5108
17127
17128
17129
1150
1222
5109
17134
17135
17136
17140
17142
17143
20303
20304
20305
1153
5112
17148
17149
17150
20310
20311
20312
1155
1227
17155
17156
17157
1228
5115
20317
20318
20319
1157
1229
5116
17162
17163
17164
8290
8291
8295
8331
8334
15775
15777
15778
15781
17169
17170
17171
1160
12284
17176
17177
17178
13252
13253
13254
1162
1234
8303
8307
8308
8345
8348
15810
15812
15813
15816
1235
12287
17183
17184
17185
1164
1236
12288
17190
17191
17192
5879
5880
5881
8352
8353
8356
1161
1164
5087
5088
5089
5090
17176
17178
17180
1165
5092
8355
8356
8357
8358
12291
5892
5894
5896
8359
8360
8363
1241
5094
5899
5901
5902
8366
8367
8370
1165
1242
8362
8363
8364
8365
12294
17190
17191
17193
1243
5096
8369
8370
8371
8372
12295
5128
17197
17198
17199
2538
13260
13261
13262
1174
1194
19204
19205
19206
2540
5131
17204
17205
17206
1176
1248
5132
17211
17212
17213
1197
1249
2542
13267
13268
13269
1178
1198
1250
19211
19212
19213
5135
17218
17219
17220
20324
20325
20326
1181
1201
17225
17226
17227
5138
20331
20332
20333
1183
1255
5139
17232
17233
17234
1204
1256
20338
20339
20340
1185
1205
1257
17239
17240
17241
5142
17245
17246
17249
13273
13274
13275
1208
8380
8381
8451
8454
8456
15845
15847
15848
15850
5145
17253
17254
17255
1262
5146
17259
17260
17263
1211
1263
13280
13281
13282
1212
1264
8394
8395
8464
8468
8469
15880
15882
15883
15886
2538
8402
8403
8404
4105
4167
4169
11757
11758
11759
11760
1195
2552
8409
8410
8411
2541
4107
4174
4176
11785
11786
11787
11788
1197
1269
2542
8416
8417
8418
1270
2555
4109
4181
4182
11813
11814
11815
11816
1199
1271
2556
8423
8424
8425
19218
19219
19220
8430
8431
8432
1202
1220
19225
19226
19227
8437
8438
8439
1204
1276
19232
19233
19234
1223
1277
8444
8445
8446
1206
1224
1278
19239
19240
19241
17267
17268
17269
20345
20346
20347
1209
1227
17274
17275
17276
20352
20353
20354
1211
1283
17281
17282
17283
1230
1284
20359
20360
20361
1213
1231
1285
17288
17289
17290
8450
8451
8454
13288
13289
13290
1234
8457
8458
8461
13295
13296
13297
1290
8464
8465
8468
1237
1291
13302
13303
13304
1238
1292
8471
8472
8475
1629
3059
3060
1602
6434
8478
8479
8482
1630
3038
6435
8486
8487
8488
1604
3068
3069
1632
6436
8492
8493
8496
19246
19247
19248
2554
17295
17296
17297
1228
5245
17302
17303
17304
2556
13309
13310
13311
1230
1302
19253
19254
19255
1303
2558
5248
17309
17310
17311
1232
1304
5249
17316
17317
17318
17323
17324
17325
20366
20367
20368
1235
5252
17330
17331
17332
20373
20374
20375
1237
1309
17337
17338
17339
1310
5255
20380
20381
20382
1239
1311
5256
17344
17345
17346
8458
8461
8463
8499
8502
15894
15896
15897
15900
17351
17352
17353
1242
12368
17358
17359
17360
13315
13316
13317
1244
1316
8471
8475
8476
8513
8514
15929
15931
15932
15935
1317
12371
17365
17366
17367
1246
1318
12372
17371
17373
17374
5914
5915
5916
8520
8521
8524
1243
1246
5227
5228
5229
5230
17358
17360
17362
1247
5232
8523
8524
8525
8526
12375
5927
5929
5931
8527
8528
8530
5234
5934
5937
5938
8534
8535
8537
1247
8530
8531
8532
8533
12378
17371
17373
17375
5236
8537
8538
8539
8540
12379
5268
17379
17380
17381
2575
13323
13324
13325
1256
1276
19260
19261
19262
2577
5271
17386
17387
17388
1258
1323
5272
17393
17394
17395
1279
1324
2579
13330
13331
13332
1260
1280
1325
19267
19268
19269
5275
17400
17401
17402
20387
20388
20389
1263
1283
17407
17408
17409
5278
20394
20395
20396
1265
1330
5279
17414
17415
17416
1286
1331
20401
20402
20403
1267
1287
1332
17421
17422
17423
5282
17427
17428
17431
13336
13337
13338
1290
8548
8549
8619
8622
8624
15964
15966
15967
15969
5285
17435
17436
17437
1337
5286
17441
17442
17445
1293
1338
13343
13344
13345
1294
1339
8562
8563
8632
8636
8637
15999
16001
16002
16005
2575
8570
8571
8572
4119
4188
4190
11841
11842
11843
11844
1277
2589
8577
8578
8579
2578
4121
4195
4197
11869
11870
11871
11872
1279
1344
2579
8584
8585
8586
1345
2592
4123
4202
4203
11897
11898
11899
11900
1281
1346
2593
8591
8592
8593
19274
19275
19276
8598
8599
8600
1284
1302
19281
19282
19283
8605
8606
8607
1286
1351
19288
19289
19290
1305
1352
8612
8613
8614
1288
1306
1353
19295
19296
19297
17449
17450
17451
20408
20409
20410
1291
1309
17456
17457
17458
20415
20416
20417
1293
1358
17463
17464
17465
1312
1359
20422
20423
20424
1295
1313
1360
17470
17471
17472
8618
8619
8622
13351
13352
13353
1316
8625
8626
8629
13358
13359
13360
1365
8632
8633
8636
1319
1366
13365
13366
13367
1320
1367
8639
8640
8643
1651
3258
3259
1631
6483
8646
8647
8650
1652
3237
6484
8654
8655
8656
1633
3267
3268
1654
6485
8660
8661
8664
19302
19303
19304
2591
17477
17478
17479
1310
5385
17484
17485
17486
2593
13372
13373
13374
1312
1373
19309
19310
19311
1374
2595
5388
17491
17492
17493
1314
1375
5389
17498
17499
17500
17505
17506
17507
20429
20430
20431
1317
5392
17512
17513
17514
20436
20437
20438
1319
1380
17519
17520
17521
1381
5395
20443
20444
20445
1321
1382
5396
17526
17527
17528
8626
8629
8631
8667
8668
16013
16015
16016
16019
17533
17534
17535
12459
17539
17540
17543
13378
13379
13380
1387
8639
8643
8644
8681
8682
16048
16050
16051
16054
1388
12462
17547
17548
17549
1389
12463
17553
17554
17557
5408
17561
17562
17563
2612
13386
13387
13388
1331
1351
19316
19317
19318
2614
5411
17568
17569
17570
1333
1401
5412
17575
17576
17577
1354
1402
2616
13392
13394
13395
1335
1355
1403
19322
19324
19325
5415
17582
17583
17584
20450
20451
20452
1338
1358
17589
17590
17591
5418
20457
20458
20459
1340
1408
5419
17596
17597
17598
1361
1409
20463
20465
20466
1341
1362
1410
17602
17604
17605
5422
17609
17611
17612
13399
13400
13401
1342
1365
8695
8759
8762
8764
16083
16085
16086
16088
5424
17617
17618
1368
13406
13407
13408
5455
5457
5458
8703
8704
5432
5976
5978
5979
8706
8707
2612
8710
8711
8712
4133
4209
4211
11925
11926
11927
11928
1352
2626
8717
8718
8719
2615
4135
4216
4219
11944
11946
11948
11949
1354
2616
8723
8724
8727
2629
4137
4222
4226
11972
11974
11976
11977
1356
2630
8730
8731
8734
19330
19331
19332
8738
8739
8740
1359
1373
19337
19338
19339
8744
8745
8748
1361
19343
19344
19347
1376
8751
8752
8755
1363
1377
19350
19351
19354
17622
17623
17624
20471
20472
20473
1366
1380
17629
17630
17631
20477
20478
20481
1368
17635
17636
17639
1383
20484
20485
20488
1369
1384
17642
17643
17646
8758
8759
8762
13414
13415
13416
1387
8765
8766
8769
13420
13421
13424
1390
13427
13428
13431
1391
8772
8773
8774
1653
1668
8703
8780
8781
8782
1655
1670
3455
3457
19358
19359
19360
2628
17650
17651
17652
1381
5506
17657
17658
17659
2630
13434
13436
13437
1383
1426
19364
19366
19367
1427
2632
5509
17664
17665
17666
1385
1428
5510
17671
17672
17673
17678
17679
17680
20492
20493
20494
1388
5513
17685
17686
17687
20498
20500
20501
1390
1433
17691
17693
17694
1434
5516
20506
20507
20508
1392
1435
5517
17699
17700
17701
8766
8769
8771
8786
8787
16104
16106
16107
16110
17706
17707
17708
12523
17712
17713
17716
13441
13442
13443
1440
8772
8774
8778
8800
8802
16139
16141
16142
16145
1441
12526
17720
17721
17722
1442
12527
17726
17727
17730
2614
12546
17734
17735
17736
2615
5534
8807
8808
8811
1402
2616
13448
13449
13451
5536
8823
8825
8826
8827
12549
17740
17742
17743
17745
1404
12550
17740
17741
17744
5538
8821
8822
8823
1406
13455
13456
13457
5522
17748
17749
17750
13462
13463
13465
1409
19371
19372
19374
5525
17754
17755
17758
1411
5526
13469
13470
13473
13476
13477
13478
1412
13483
13484
13485
5529
17762
17763
19378
19379
19381
17766
17767
17769
5531
17773
17774
17777
13490
13491
13492
1888
3403
8835
13498
13499
13500
1870
1898
8836
8885
8886
8887
1890
1899
8837
13505
13506
13507
1909
3424
8863
19386
19387
19388
1889
1918
8864
17783
17784
17785
1910
1919
8865
17790
17791
17792
2630
13511
13512
13514
1424
2631
5562
5570
5571
5572
5573
17796
17798
17800
17802
1427
2632
12575
17797
17798
17799
5564
8898
8899
8900
1429
13518
13519
13520
5566
8900
8902
8903
8904
12578
17804
17805
17806
17809
1431
12579
17803
17804
17807
19392
19393
19395
17811
17812
17813
1434
5602
17818
17819
17820
13525
13526
13527
1436
13532
13533
13534
5605
17824
17825
17828
1438
5606
13539
13540
13543
17831
17832
17834
17839
17840
17841
1441
5609
17846
17847
17848
13546
13547
13548
1443
13553
13554
13555
5612
17852
17853
17856
1445
5613
17859
17860
17863
6674
6675
6677
8954
8956
16356
16358
16359
16362
17867
17868
17869
12582
17873
17874
17877
13560
13561
13562
6687
6690
6691
8968
8970
16391
16393
16394
16396
12585
17880
17881
17884
12586
17887
17888
17889
2651
5623
13567
13568
13571
1452
2652
13577
13578
13579
13580
2653
5626
13574
13575
13578
1452
5624
17897
17898
17899
17900
5625
5655
17894
17895
17898
5629
17904
17905
17906
17907
5630
5656
17901
17902
17905
1687
6017
8975
8976
8979
2689
6708
8982
8983
8986
1460
1688
2690
8992
8993
8994
8995
13567
1459
1460
6018
6709
13568
1691
2691
8989
8990
8993
6021
6710
7723
7724
7727
8976
8977
8978
8981
8983
8984
8985
8988
1692
6022
8978
8979
8980
8981
13569
1465
1466
1467
1960
1967
6736
1465
1466
1961
6623
12910
1465
1467
6005
6624
1466
1467
6006
6737
12911
1964
6625
1965
6740
12912
1969
6009
6741
1472
1473
1474
1975
1982
6764
1472
1473
1976
6651
12931
1472
1474
1696
6652
1473
1474
1697
6765
12932
1979
6653
1980
6768
12933
1700
1984
6769
1990
8919
13581
13582
13585
1477
1481
6786
7807
7809
7810
12613
12614
12615
12618
12980
1478
1992
7822
7823
7824
12982
13582
13583
13584
13587
1480
1481
1993
12966
12983
1480
1481
6789
8921
12615
12616
12617
12618
12967
1995
8923
12970
13584
13585
13586
13587
6791
12971
12985
1997
8940
13588
13589
13592
1484
1488
1991
7863
7865
7866
12620
12621
12622
12625
13008
1485
1999
7878
7879
7880
13010
13589
13590
13591
13594
1487
1488
2000
13001
13011
1487
1488
1994
8942
12622
12623
12624
12625
13002
2002
8944
13005
13591
13592
13593
13594
1996
13006
13013
1496
4762
8996
8997
9000
1493
1494
4765
6105
13035
2492
6106
9003
9004
9007
1494
1498
2493
9013
9014
9015
9016
13036
4767
6107
6827
6829
6832
8996
8998
8999
9001
9003
9005
9006
9009
1500
4768
8999
9000
9001
9002
13037
1502
2494
9010
9011
9014
5674
9017
9018
9021
1500
1501
5677
6168
13042
1500
2661
9034
9035
9036
9037
13043
2662
6169
9024
9025
9028
5679
9020
9021
9022
9023
13044
5680
6170
6869
6871
6874
9017
9019
9020
9022
9024
9026
9027
9029
2663
9031
9032
9035
1507
1508
1509
2026
2033
6882
1507
1509
5689
6883
12686
1507
1508
2027
4874
12687
1508
1509
4875
5691
2030
6886
12688
2031
4876
2035
5694
6888
1514
1515
1516
2041
2048
6910
1514
1516
1532
6119
6911
1514
1515
2042
6120
6273
1515
1516
1534
6274
2045
6121
6914
2046
6275
1537
2051
6916
1521
1522
1523
2056
2060
6938
1521
1523
5696
6939
12791
1522
1523
5697
6280
1521
1522
2061
6281
12792
2064
6942
12793
2065
6282
2058
5701
6943
1528
1529
1530
2071
2075
6966
1528
1530
1546
6182
6967
1529
1530
1547
6287
1528
1529
2076
6183
6288
2079
6184
6970
2080
6289
1551
2074
6972
1535
1536
1537
2086
2093
6994
1535
1537
6995
12714
1535
1536
2087
4881
12715
1536
1537
4882
2090
6998
12716
2091
4883
2095
7000
1542
1543
1544
2101
2108
7022
1542
1544
5766
7023
12721
1542
1543
2102
6308
12722
1543
1544
5768
6309
2105
7026
12723
2106
6310
2111
5771
7028
1549
1550
1551
2116
2120
7050
1549
1551
7051
12819
1550
1551
6315
1549
1550
2121
6316
12820
2124
7054
12821
2125
6317
2118
7055
1556
1557
1558
2131
2135
7078
1556
1558
5780
7079
12826
1557
1558
5781
6322
1556
1557
2136
6323
12827
2139
7082
12828
2140
6324
2134
5785
7084
1564
1576
3502
3504
1566
4951
9038
9039
9042
1577
1854
4952
9046
9047
9048
1568
3511
3512
1570
1579
4953
9053
9054
9055
1581
3520
3521
3524
6364
9059
9060
9061
8184
9066
9067
9070
1582
6365
8185
9074
9075
9076
3527
3528
3529
1585
6366
9080
9081
9084
1586
8186
9088
9089
9090
3534
3535
1859
6231
9095
9096
9097
6232
9101
9102
9105
6233
9108
9109
9112
3547
3548
1581
3552
3554
1865
8191
9116
9117
9118
1584
1589
8192
9123
9124
9125
1586
8193
9130
9131
9132
1587
1591
3565
3567
3570
3571
3574
6378
8198
9137
9138
9139
1594
6379
9143
9144
9147
1595
8199
9151
9152
9153
6380
9157
9158
9161
8200
9165
9166
9167
1597
3577
3578
3581
1593
1605
3584
3586
1595
5084
9172
9173
9174
1606
2845
5085
9179
9180
9181
1597
3593
3595
1599
1608
5086
9186
9187
9188
1610
3602
3603
3606
6413
9192
9193
9196
8352
9200
9201
9202
1611
6414
8353
9207
9208
9209
3609
3610
3613
1614
6415
9213
9214
9217
1615
8354
9221
9222
9223
3616
3617
2851
6399
9228
9229
9230
6400
9234
9235
9238
6401
9241
9242
9245
3629
3630
1610
3634
3636
2857
8359
9249
9250
9251
1613
1618
8360
9256
9257
9258
1615
8361
9263
9264
9265
1616
1620
3647
3649
3652
3653
3656
6427
8366
9270
9271
9272
1623
6428
9276
9277
9280
1624
8367
9284
9285
9286
6429
9290
9291
9294
8368
9298
9299
9300
1626
3659
3660
3663
1622
1634
3666
3668
1624
5224
9305
9306
9307
1635
3044
5225
9312
9313
9314
1626
3675
3677
1628
1637
5226
9319
9320
9321
1639
3684
3685
3688
6462
9325
9326
9329
8520
9333
9334
9335
1640
6463
8521
9340
9341
9342
3691
3692
3695
1643
6464
9346
9347
9350
1644
8522
9354
9355
9356
3698
3699
3050
6448
9361
9362
9363
6449
9367
9368
9371
6450
9374
9375
9378
3711
3712
1639
3716
3718
3056
8527
9382
9383
9384
1642
1647
8528
9388
9390
9391
1644
8529
9396
9397
9398
1645
1649
3729
3730
3734
3735
3738
6476
8534
9403
9404
9405
6477
9409
9410
9411
8535
9416
9417
9420
6478
9423
9424
9427
8536
9431
9432
9433
3741
3742
3743
1663
3748
3749
5364
9437
9438
9441
1664
3243
5365
9445
9446
9447
3757
3758
1666
5366
9451
9452
9455
1656
3766
3767
3249
6497
9459
9460
9461
1658
6498
9466
9467
9468
1660
6499
9472
9474
9475
1662
3779
3781
3784
3785
3786
6504
6518
9479
9480
9483
1668
6505
9487
9488
9489
1669
6519
9493
9494
9497
6506
9500
9501
9504
6520
9507
9508
9509
1670
3791
3792
3795
3798
3799
3255
6539
9515
9516
9517
1672
6540
9521
9522
9525
6541
9528
9529
9532
1674
3811
3812
8706
9536
9537
9538
5461
9542
9543
9546
3816
3817
3820
1676
3823
3824
5485
9549
9550
9553
1677
3440
5486
9557
9558
9559
3832
3833
1679
5487
9563
9564
9567
3841
3842
3448
6574
9571
9572
9573
1682
6575
9577
9578
9581
6576
9584
9585
9588
1684
3854
3855
3859
3860
5595
9591
9592
9595
1686
1930
5596
9599
9600
9601
3868
3869
5597
9605
9606
9609
1936
6703
9613
9614
9615
6031
9619
9620
9623
1692
2696
9636
9637
9638
9639
13574
2697
5633
9626
9627
9630
1692
1693
5634
6032
13575
2698
9633
9634
9637
6035
9622
9623
9624
9625
13576
5635
6036
7765
7766
7769
9620
9621
9622
9625
9627
9628
9629
9631
1698
1699
1700
2414
2421
7778
1698
1699
2415
6630
6722
1698
1700
6631
1699
1700
6723
7779
2418
6632
2419
6724
7782
2423
7783
1705
1706
1707
2429
2433
7806
1705
1707
6011
6637
1705
1706
2434
6638
12612
1706
1707
6013
7807
12613
2437
6639
2438
7810
12614
2432
6016
7811
1712
1713
1714
2444
2448
7834
1712
1714
1716
6644
1712
1713
2449
6645
6792
1713
1714
1718
6793
7835
2452
6646
2453
6794
7838
1721
2447
7840
1719
1720
1721
2459
2463
7862
1719
1721
6658
1719
1720
2464
6659
12619
1720
1721
7863
12620
2467
6660
2468
7866
12621
2462
7867
1726
1727
1728
2474
7883
1726
1728
6091
6665
1726
1727
2475
6666
12994
1727
1728
6093
7884
12995
2478
6667
2479
7887
12996
6096
7889
1731
1734
6112
6883
6884
6886
12659
12686
12688
12689
12692
1737
7960
13595
13596
13599
1732
1738
6891
6892
6893
12660
13596
13597
13598
13601
1734
1735
1739
12661
12672
1734
1735
6116
7961
12675
12689
12690
12691
12692
6117
12664
12677
1742
7963
12678
13598
13599
13600
13601
1738
1741
1743
6119
6121
6122
6125
6911
6912
6914
12666
7967
9640
9641
9644
1739
6919
6920
6921
9641
9642
9643
9646
12667
1741
1742
12668
12679
1741
1742
1747
6122
6123
6124
6125
7968
12682
1748
12671
12684
7970
9643
9644
9645
9646
12685
1745
1748
6995
6996
6998
12694
12714
12716
12717
12720
1751
7988
13602
13603
13606
1746
1752
7003
7004
7005
12695
13603
13604
13605
13608
1748
1749
1753
12696
12707
1748
1749
7989
12710
12717
12718
12719
12720
12699
12712
1756
7991
12713
13605
13606
13607
13608
1752
1755
6126
7023
7024
7026
12701
12721
12723
12724
12727
7995
13609
13610
13613
1753
7031
7032
7033
12702
13610
13611
13612
13615
1755
1756
12703
16713
1755
1756
6130
7996
12724
12725
12726
12727
16716
6131
12706
16718
7998
13612
13613
13614
13615
16719
1759
1762
6175
6939
6941
6942
12047
12791
12793
12794
12797
1765
4930
13616
13617
13620
1760
1766
6954
6955
6956
12048
13617
13618
13619
13622
1762
1763
1767
12049
12798
1762
1763
4931
6179
12794
12795
12796
12797
12800
6180
12052
12802
1770
4933
12804
13619
13620
13621
13622
1766
1769
1771
6182
6184
6185
6188
6967
6969
6970
12785
8121
9647
9648
9651
1767
6982
6983
6984
9648
9649
9650
9653
12786
1769
1770
12787
12805
1769
1770
1775
6185
6186
6187
6188
8122
12807
1776
12790
12809
8124
9650
9651
9652
9653
12811
1773
1776
7051
7053
7054
12054
12819
12821
12822
12825
1779
4937
13623
13624
13627
1774
1780
7066
7067
7068
12055
13624
13625
13626
13629
1776
1777
1781
12056
12833
1776
1777
4938
12822
12823
12824
12825
12835
12059
12837
1784
4940
12839
13626
13627
13628
13629
1780
1783
6189
7079
7081
7082
12813
12826
12828
12829
12832
8142
13630
13631
13634
1781
7094
7095
7096
12814
13631
13632
13633
13636
1783
1784
12815
16741
1783
1784
6193
8143
12829
12830
12831
12832
16743
6194
12818
16745
8145
13633
13634
13635
13636
16747
2492
7939
9654
9655
9658
1791
2494
3883
3886
1792
1795
2495
3889
3890
1796
7941
9662
9663
9664
1798
2497
7943
9669
9670
9671
2662
8100
9675
9676
9679
2663
3897
3900
1800
2664
3903
3904
1801
1809
8102
9683
9684
9685
1803
2667
8104
9690
9691
9692
1800
2668
3910
3911
1814
7953
9697
9698
9699
2670
2777
7954
9704
9705
9706
2672
7955
9711
9712
9713
1804
2674
2778
3919
3920
2675
3924
3925
1820
8114
9718
9719
9720
2678
2782
8115
9725
9726
9727
2680
8116
9732
9733
9734
2681
2783
3933
3934
7967
9738
9739
9742
1817
7969
13638
13639
13640
1819
7971
13645
13646
13647
1811
4930
9745
9746
9749
1820
4932
9753
9754
9755
1813
1822
4934
13652
13653
13654
8121
9759
9760
9763
1823
1830
8123
13659
13660
13661
1825
8125
13666
13667
13668
7974
9767
9768
9769
1818
2506
7975
13673
13674
13675
1819
7976
13680
13681
13682
1835
7981
17909
17910
17911
2797
7982
17916
17917
17918
7983
17923
17924
17925
8128
9774
9775
9776
1824
2800
8129
13687
13688
13689
1825
8130
13694
13695
13696
1841
8135
17930
17931
17932
2803
8136
17937
17938
17939
8137
17944
17945
17946
7995
9780
9781
9784
1838
7997
13701
13702
13703
1840
7999
13708
13709
13710
1832
4937
9787
9788
9791
1841
4939
13715
13716
13717
1834
1843
4941
13722
13723
13724
8142
9794
9795
9798
1844
1851
8144
13729
13730
13731
1846
8146
13736
13737
13738
8002
17951
17952
17953
1839
2509
8003
19400
19401
19402
1840
8004
17958
17959
17960
1856
8009
17965
17966
17967
2818
8010
19407
19408
19409
8011
17972
17973
17974
8149
17979
17980
17981
1845
2821
8150
19414
19415
19416
1846
8151
17986
17987
17988
1862
8156
17993
17994
17995
2824
8157
19421
19422
19423
8158
18000
18001
18002
8023
9801
9802
9805
1859
8024
9809
9810
9811
1861
8028
9816
9817
9818
1853
4944
9822
9823
9826
1862
4946
13743
13744
13745
1855
1864
4948
9830
9831
9832
8163
9836
9837
9840
1865
8164
9844
9845
9846
1867
8167
9851
9852
9853
8030
13750
13751
13752
1860
2512
8031
9858
9859
9860
1861
8032
9865
9866
9867
8037
9872
9873
9874
2840
8039
9879
9880
9881
8041
9886
9887
9888
8170
13757
13758
13759
1866
2842
8171
9893
9894
9895
1867
8172
9900
9901
9902
8177
9907
9908
9909
2846
8178
9914
9915
9916
8179
9921
9922
9923
1873
1880
2654
4002
4003
2655
3384
8814
9928
9929
9930
1881
8815
9935
9936
9937
1876
2658
3385
4009
4010
1882
2659
8816
9942
9943
9944
1885
2682
4016
4017
2684
3389
8891
9949
9950
9951
1886
1892
8892
9956
9957
9958
2686
3390
4023
4024
1887
2688
8893
9963
9964
9965
2689
8828
9969
9970
9973
1884
2691
4031
4034
1885
2692
4037
4038
1898
8829
9977
9978
9979
2694
8831
9984
9985
9986
2697
8905
9990
9991
9994
2698
4045
4048
2699
4051
4052
1904
8906
9998
9999
10000
2702
8908
10005
10006
10007
3406
8842
18007
18008
18009
1901
8843
18014
18015
18016
1902
8844
18021
18022
18023
1894
3409
5574
13764
13765
13766
1904
5575
10012
10013
10014
1896
1905
5576
13771
13772
13773
3412
8912
18028
18029
18030
1907
1912
8913
18035
18036
18037
1908
8914
18042
18043
18044
1900
8849
10018
10019
10022
8850
10026
10027
10028
1902
8852
13778
13779
13780
8856
10032
10033
10036
1918
8857
13785
13786
13787
8859
13792
13793
13794
1906
8919
10039
10040
10043
8920
10047
10048
10049
1908
8922
13799
13800
13801
8926
10053
10054
10057
1922
8927
13806
13807
13808
8929
13813
13814
13815
3427
8870
19428
19429
19430
1920
8871
18049
18050
18051
1914
3430
5581
19435
19436
19437
1922
5582
18056
18057
18058
1916
1923
5583
18063
18064
18065
3433
8933
19442
19443
19444
1925
1928
8934
18070
18071
18072
1926
8935
18077
18078
18079
8875
10060
10061
10064
8876
13820
13821
13822
1920
8878
13827
13828
13829
8882
13834
13835
13836
1924
8940
10067
10068
10071
8941
13841
13842
13843
1926
8943
13848
13849
13850
8947
10074
10075
10078
1934
8948
13855
13856
13857
8950
13862
13863
13864
1931
3445
5588
10082
10083
10084
1934
5589
13869
13870
13871
1932
1935
5590
10089
10090
10091
1936
8954
10096
10097
10098
3449
8955
10103
10104
10105
1938
8957
10110
10111
10112
1937
8961
10116
10117
10120
8962
13876
13877
13878
1938
8964
10124
10125
10126
8968
10131
10132
10133
8969
10137
10138
10141
8971
10145
10146
10147
1946
8849
13882
13883
13886
1941
1945
6716
6737
6738
6740
12911
12912
12913
12916
12917
1942
1948
6745
6746
6747
12919
13883
13884
13885
13888
1944
1945
1949
12598
12920
1944
1945
6719
8851
12600
12913
12914
12915
12916
1951
8853
12602
13885
13886
13887
13888
6721
12604
12922
8856
10151
10152
10155
1948
1952
1954
6723
6724
6725
6728
7779
7780
7782
12924
1949
7787
7788
7789
10152
10153
10154
10157
12926
1951
1952
12903
12927
1951
1952
1957
6725
6726
6727
6728
8858
12905
8860
10154
10155
10156
10157
12907
1959
12909
12929
8875
13889
13890
13893
1955
1959
6765
6766
6768
12932
12933
12934
12937
12938
1956
6773
6774
6775
12940
13890
13891
13892
13895
1958
1959
12605
12941
1958
1959
8877
12607
12934
12935
12936
12937
8879
12609
13892
13893
13894
13895
12611
12943
1964
1965
1966
1971
6743
1964
1965
10018
13882
1964
1966
2416
10019
1965
1966
2417
6745
13883
10020
6747
13884
1973
2420
6748
1969
1970
1971
6750
1969
1970
2393
2430
6752
2395
6754
1974
2431
6755
1973
1974
6729
1973
1974
2426
2441
6730
2427
6733
2442
6734
1979
1980
1981
1986
6771
1979
1980
10060
13889
1979
1981
10061
1980
1981
6773
13890
10062
6775
13891
1988
6776
1984
1985
1986
6778
1984
1985
2422
2460
6780
2423
6782
1989
2461
6783
1988
1989
6757
1988
1989
2471
6758
6761
2472
6762
8926
10158
10159
10162
1992
1996
6793
6794
6795
6798
7835
7837
7838
12987
1993
7850
7851
7852
10159
10160
10161
10164
12989
1995
1996
12973
12990
1995
1996
6795
6796
6797
6798
8928
12974
8930
10161
10162
10163
10164
12977
12978
12992
8947
13896
13897
13900
1999
2003
5641
7884
7886
7887
12995
12996
12997
13000
13015
2000
7892
7893
7894
13017
13897
13898
13899
13902
2002
2003
13018
16804
2002
2003
5644
8949
12997
12998
12999
13000
16805
8951
13899
13900
13901
13902
16808
5646
13020
16809
2006
2007
2008
2009
5688
6833
2007
2008
2016
2034
6836
2012
3881
5693
2014
2018
6838
2035
5694
6839
2012
2013
2014
6805
6819
2013
2014
2021
6808
9010
2012
2013
3883
6822
9011
3884
6824
6810
6825
9012
2024
6811
2017
2018
2019
2020
5695
6861
2018
2019
2057
6864
2023
3895
5700
2024
6866
2058
5701
6867
2023
2024
2025
6840
6854
2024
2025
6843
9031
2023
2025
3897
6857
9032
3898
6859
6845
6846
6860
9033
2030
2031
2032
2037
6889
2030
2031
8044
13595
2030
2032
2043
6892
13596
2031
2032
2044
8045
6893
13597
8046
2039
2047
6895
2035
2036
2037
6896
2035
2036
2057
6899
6901
2040
2059
6902
2039
2040
6875
2039
2040
2053
2068
6878
2054
6880
2069
6881
2045
2046
2047
2052
6917
2045
2046
9640
9738
2045
2047
6920
9641
2046
2047
9739
6921
9642
9740
2054
6923
2050
2051
2052
6924
2050
2051
2072
2094
6927
2055
2073
6929
2095
6930
2054
2055
6903
2054
2055
2083
6906
6908
2084
6909
2058
2059
2067
6945
2058
2059
6948
6949
2069
6951
2064
2065
2066
2067
6952
2064
2065
9745
13616
2064
2066
2077
6955
13617
2065
2066
2078
9746
6956
13618
9747
2070
2081
6958
2069
2070
6931
2069
2070
2083
6934
6936
2085
6937
2073
2074
2082
6973
2073
2074
2117
6976
2084
6978
2118
6979
2079
2080
2081
2082
6980
2079
2080
9647
9759
2079
2081
6983
9648
2080
2081
9760
6984
9649
9761
2085
6986
2084
2085
6959
2084
2085
6962
6964
6965
2090
2091
2092
2097
7001
2090
2091
8058
13602
2090
2092
2103
7004
13603
2091
2092
2104
8059
7005
13604
8060
2099
2107
7007
2095
2096
2097
7008
2095
2096
2117
7011
7013
2100
2119
7014
2099
2100
6987
2099
2100
2113
2128
6990
2114
6992
2129
6993
2105
2106
2107
2112
7029
2105
2106
9780
13609
2105
2107
7032
13610
2106
2107
9781
7033
13611
9782
2114
7035
2110
2111
2112
7036
2110
2111
2132
2147
7039
2115
2133
7041
2148
7042
2114
2115
7015
2114
2115
2143
7018
7020
2144
7021
2118
2119
2127
7057
2118
2119
7060
7061
2129
7063
2124
2125
2126
2127
7064
2124
2125
9787
13623
2124
2126
2137
7067
13624
2125
2126
2138
9788
7068
13625
9789
2130
2141
7070
2129
2130
7043
2129
2130
2143
7046
7048
2145
7049
2133
2134
2142
7085
2133
2134
2167
7088
2144
7090
2168
7091
2139
2140
2141
2142
7092
2139
2140
9794
13630
2139
2141
7095
13631
2140
2141
9795
7096
13632
9796
2145
7098
2144
2145
7071
2144
2145
7074
7076
7077
2148
2149
2150
5765
7127
2148
2149
2167
7130
5771
7132
2153
2169
7133
2152
2153
7099
7113
2152
2153
2161
2171
7102
2164
7104
7119
2172
7105
2157
2158
2159
2160
5772
7162
2157
2159
2187
3937
5775
2158
2159
2176
2188
7165
2163
3938
5777
2165
2178
7167
2190
5778
7168
2163
2164
2165
7134
7148
2164
2165
2181
7137
2163
2164
3941
7151
3942
7153
7139
7154
2184
7140
2168
2169
2170
5779
7190
2168
2169
7193
5785
7194
2172
7196
2172
2173
7169
7183
2172
2173
2181
7172
7174
2185
7175
7189
2177
2178
2179
2180
5786
7225
2177
2179
2206
3953
5788
2178
2179
2207
7228
2183
3954
5791
2184
7230
2208
5792
7231
2183
2184
2185
7204
7218
2184
2185
7207
2183
2185
3957
7221
3958
7223
7209
7210
7224
2189
2190
2191
2192
5814
7267
2189
2190
2708
5817
2190
2191
2207
7270
2195
2709
5819
5820
7272
2197
2209
7273
2195
2196
2197
7239
7253
2196
2197
2199
2212
7242
2195
2196
2200
2713
7256
2714
7258
2202
7244
7259
2214
7245
2202
2203
2204
7274
7281
7288
2202
2203
2218
7277
2202
2204
2233
7284
2203
2204
2234
7291
7279
7286
2221
7280
7293
2236
7287
7294
2208
2209
2210
2211
5821
7316
2208
2210
3507
5823
2208
2209
7319
5826
7320
2214
7322
2216
3508
5827
2214
2215
2216
7295
7309
2214
2215
2218
7298
2215
2216
2220
3512
7312
7300
2222
7301
7314
3513
7315
2221
2222
2223
7330
7337
7344
2221
2222
7333
2221
2223
3528
7340
2222
2223
3529
7347
7335
7342
7336
7349
3530
7343
7350
2228
2229
2230
2231
7372
7379
2228
2229
2232
2703
2228
2230
2239
2704
7373
2229
2230
2240
7380
2235
2705
7377
2237
7384
2242
7378
7385
2235
2236
2237
7358
7365
2235
2237
2712
2235
2236
2713
7360
2236
2237
7367
2715
7363
7364
7370
7371
2242
2243
2244
2245
7400
7407
2242
2243
3534
7401
2242
2244
7408
2243
2244
2246
3535
7405
7412
2249
3536
7406
2250
7413
2249
2250
2251
7386
7393
2249
2250
3547
2249
2251
2261
3548
7389
2250
2251
2262
7396
3549
7391
7398
2264
7392
7399
2256
2257
2258
2259
7428
7435
2256
2257
2260
2860
2256
2258
2267
2861
7429
2257
2258
2268
7436
2263
2862
7433
2265
7440
2270
7434
7441
2263
2264
2265
7414
7421
2263
2265
2869
2263
2264
2870
7416
2264
2265
7423
2871
7419
7420
7426
7427
2270
2271
2272
2273
7456
7463
2270
2271
3616
7457
2270
2272
7464
2271
2272
2274
3617
7461
7468
2277
3618
7462
2278
7469
2277
2278
2279
7442
7449
2277
2278
3629
2277
2279
2289
3630
7445
2278
2279
2290
7452
3631
7447
7454
2292
7448
7455
2284
2285
2286
2287
7484
7491
2284
2285
2288
3059
2284
2286
2295
3060
7485
2285
2286
2296
7492
2291
3061
7489
2293
7496
2298
7490
7497
2291
2292
2293
7470
7477
2291
2293
3068
2291
2292
3069
7472
2292
2293
7479
3070
7475
7476
7482
7483
2298
2299
2300
2301
7512
7519
2298
2299
3698
7513
2298
2300
7520
2299
2300
2302
3699
7517
7524
2305
3700
7518
2306
7525
2305
2306
2307
7498
7505
2305
2306
3711
2305
2307
2317
3712
7501
2306
2307
2318
7508
3713
7503
7510
2320
7504
7511
2312
2313
2314
2315
7540
7547
2312
2313
2316
3258
2312
2314
3259
3784
7541
2313
2314
3785
7548
2319
3260
7545
2321
7552
3787
7546
7553
2319
2320
2321
7526
7533
2319
2321
3267
2319
2320
3268
7528
2320
2321
7535
3269
7531
7532
7538
7539
2326
2327
2328
2329
7575
7582
2326
2327
2330
3748
2326
2328
2337
7576
2327
2328
2338
3749
7583
2334
7580
2335
3750
7587
2340
7581
7588
2333
2334
2335
7554
7561
2334
2335
3757
2333
2334
3742
7556
2333
2335
3743
3758
7563
3745
7559
7566
7560
3759
7567
2340
2341
2342
2343
7603
7610
2340
2341
7604
2340
2342
3798
7611
2341
2342
2344
3799
7608
7615
2347
7609
2348
3800
7616
2347
2348
2349
7589
7596
2347
2348
3811
2347
2349
2359
7592
2348
2349
2360
3812
7599
7594
3813
7601
2361
7595
7602
2354
2355
2356
2357
7631
7638
2354
2355
2358
3823
2354
2356
2365
7632
2355
2356
2366
3824
7639
2362
7636
2363
3825
7643
2368
7637
7644
2361
2362
2363
7617
7624
2362
2363
3832
2361
2362
7619
2361
2363
3833
7626
7622
7629
7623
3834
7630
2368
2369
2370
2371
7659
7666
2368
2369
7660
2368
2370
3841
7667
2369
2370
2372
3842
7664
7671
2375
7665
2376
3843
7672
2375
2376
2377
7645
7652
2375
2376
3854
2375
2377
2387
7648
2376
2377
2388
3855
7655
7650
3856
7657
2389
7651
7658
2382
2383
2384
2385
7687
7694
2382
2383
2386
3859
2382
2384
7688
2383
2384
3860
7695
2390
7692
2391
3861
7699
7693
7700
2389
2390
2391
7673
7680
2390
2391
3868
2389
2390
7675
2389
2391
3869
7682
7678
7685
7679
3870
7686
2394
2395
2396
2397
6003
7729
2395
2396
2404
7731
2400
4029
6007
6009
7733
2402
2406
7734
2400
2401
2402
7701
7708
2401
2402
2409
7702
8989
2400
2401
4031
7710
8990
4032
7712
7705
7714
8991
2412
7706
2405
2406
2407
2408
6010
7757
2406
2407
2430
7759
2411
4043
6014
2412
7761
2432
6016
7763
2411
2412
2413
7736
7743
2412
2413
7737
9633
2411
2413
4045
7745
9634
4046
7747
7740
7741
7749
9635
2418
2419
2420
2425
7785
2418
2419
10032
10151
2418
2420
10033
2419
2420
7787
10152
10034
7789
10153
2427
7790
2423
2424
2425
7792
2423
2424
2445
7794
7796
2428
2446
7797
2427
2428
7771
2427
2428
2456
7772
7775
2457
7776
2431
2432
2440
7813
2431
2432
7815
2442
7817
7818
2437
2438
2439
2440
7820
2437
2438
10039
13581
2437
2439
2450
10040
2438
2439
2451
7822
13582
10041
7824
13583
2443
2454
7825
2442
2443
7799
2442
2443
2456
7800
7803
2458
7804
2446
2447
2455
7841
2446
2447
2460
7843
2457
7845
2462
7847
2452
2453
2454
2455
7848
2452
2453
10053
10158
2452
2454
10054
2453
2454
7850
10159
10055
7852
10160
2458
7853
2457
2458
7827
2457
2458
7828
7831
7832
2461
2462
2470
7869
2461
2462
7871
2472
7873
7874
2467
2468
2469
2470
7876
2467
2468
10067
13588
2467
2469
2476
10068
2468
2469
2477
7878
13589
10069
7880
13590
2473
2480
7881
2472
2473
7855
2472
2473
7856
7859
7860
2478
2479
2480
7890
2478
2479
10074
13896
2478
2480
10075
2479
2480
7892
13897
10076
7894
13898
7895
2482
4073
6097
2484
4074
6099
2484
4081
7920
4082
7922
4848
13903
13904
13906
2490
4869
13913
13914
13915
13916
4916
13910
13911
13913
2490
4851
4871
13920
13921
13922
13923
4089
4852
13917
13918
13921
4090
4873
4919
13927
13928
13929
13930
4091
4920
13924
13925
13928
7932
10165
10166
10167
2498
2661
10173
10175
10177
10178
13903
2663
10172
10173
10174
2664
2668
10179
10180
10183
2498
2669
7934
10189
10190
10191
10192
13904
2672
7936
10186
10187
10190
2666
2673
10182
10183
10184
10185
13905
4981
18083
18084
18085
5009
10193
10194
10195
13931
13932
13933
4984
5011
10210
10211
10212
10213
18093
18094
18095
18096
2536
4985
18090
18091
18094
2537
5013
10207
10208
10211
2538
13938
13939
13940
2721
2797
13945
13946
13949
2724
2780
2806
10222
10223
10224
2727
2799
2808
13953
13954
13955
2749
2818
20512
20513
20516
2752
2798
2827
20520
20521
20522
2755
2820
2829
20527
20528
20529
2840
8205
10228
10229
10232
2819
2848
8208
13960
13961
13962
2841
2850
8211
10236
10237
10238
13966
13967
13968
2520
5065
5071
5073
5075
5076
18098
18100
18102
18103
5098
18097
18098
18099
5067
10249
10250
10253
2552
13973
13974
13975
2553
5069
5101
10252
10253
10254
10255
18107
18108
18109
18110
2554
5102
18104
18105
18108
2800
2878
8129
13980
13982
13983
2526
2528
2879
2885
13994
13996
13999
14000
17112
2526
2528
8132
10243
12250
12251
12253
12254
17113
2801
2886
10244
13988
13989
13990
2882
8134
13981
13982
13984
13986
17116
2802
2883
2889
13995
13996
13997
2890
10247
13987
13990
13991
13993
17117
2821
2899
8150
20533
20535
20536
2533
2535
2900
2906
20302
20547
20549
20552
20553
2533
2535
2880
8153
20191
20192
20194
20196
20303
2822
2881
2907
20541
20542
20543
2903
8155
20306
20534
20535
20537
20539
2823
2904
2910
20548
20549
20550
2884
2911
20307
20540
20543
20545
20546
5121
18111
18112
18115
5149
10263
10264
10267
14001
14002
14003
5124
5151
10280
10281
10282
10283
18121
18122
18123
18124
2573
5125
18118
18119
18122
2574
5153
10277
10278
10281
2575
14008
14009
14010
2807
2922
2996
14016
14017
14018
2923
2978
3005
10292
10293
10294
2926
2998
3007
14023
14024
14025
2828
2950
3017
20555
20556
20557
2951
2997
3026
20562
20563
20564
2954
3019
3028
20569
20570
20571
2849
3039
8375
10299
10300
10301
3018
3047
8376
14030
14031
14032
3040
3049
8379
10306
10307
10308
14036
14037
14038
2557
5205
5213
5214
5215
5216
18128
18129
18130
18131
5238
18125
18126
18129
5207
10319
10320
10323
2589
14043
14044
14045
2590
5209
5241
10322
10323
10324
10325
18135
18136
18137
18138
2591
5242
18132
18133
18136
2563
2565
3077
3084
14064
14065
14069
14070
17294
2887
2999
3078
14051
14052
14053
2563
2565
2888
10313
12333
12335
12337
12338
17295
3000
3085
10314
14058
14059
14060
2891
3081
14050
14052
14054
14056
17298
3001
3082
3088
14065
14066
14067
3089
10316
14057
14060
14061
14063
17299
2570
2572
3098
3105
20365
20589
20590
20594
20595
2908
3020
3099
20576
20577
20578
2570
2572
2909
3079
20211
20213
20215
20217
20366
3021
3080
3106
20583
20584
20585
2912
3102
20369
20575
20577
20579
20581
3022
3103
3109
20590
20591
20592
3083
3110
20370
20582
20585
20587
20588
5261
18139
18140
18143
5289
10333
10334
10337
14071
14072
14073
5264
5291
10350
10351
10352
10353
18149
18150
18151
18152
2610
5265
18146
18147
18150
2611
5293
10347
10348
10351
2612
14078
14079
14080
3006
3121
3195
14086
14087
14088
3122
3177
3204
10362
10363
10364
3125
3197
3206
14093
14094
14095
3027
3149
3216
20597
20598
20599
3150
3196
3225
20604
20605
20606
3153
3218
3227
20611
20612
20613
3048
3238
8543
10369
10370
10371
3217
3246
8544
14100
14101
14102
3239
3248
8547
10376
10377
10378
14106
14107
14108
2594
5345
5353
5354
5355
5356
18156
18157
18158
18159
5378
18153
18154
18157
5347
10389
10390
10393
2626
14113
14114
14115
2627
5349
5381
10392
10393
10394
10395
18163
18164
18165
18166
2628
5382
18160
18161
18164
2600
2602
3276
3283
14134
14135
14139
14140
17476
3086
3198
3277
14121
14122
14123
2600
2602
3087
10383
12424
12426
12428
12429
17477
3199
3284
10384
14128
14129
14130
3090
3280
14120
14122
14124
14126
17480
3200
3281
3287
14135
14136
14137
3288
10386
14127
14130
14131
14133
17481
2607
2609
3297
3304
20428
20631
20632
20636
20637
3107
3219
3298
20618
20619
20620
2607
2609
3108
3278
20232
20234
20236
20238
20429
3220
3279
3305
20625
20626
20627
3111
3301
20432
20617
20619
20621
20623
3221
3302
3308
20632
20633
20634
3282
3309
20433
20624
20627
20629
20630
5401
18167
18168
18171
5427
10403
10404
10407
14141
14142
14143
5404
5429
10419
10421
10422
10423
18175
18178
18179
18180
5405
18174
18175
18176
5431
10417
10418
10419
14148
14149
14150
3205
3320
3394
14156
14157
14158
3321
3376
3404
10432
10433
10434
3324
3396
3405
14163
14164
14165
3226
3348
3415
20639
20640
20641
3349
3395
3425
20646
20647
20648
3352
3417
3426
20653
20654
20655
3247
3436
8690
10439
10440
10441
3416
3443
8691
14170
14171
14172
3444
8694
10446
10447
10448
14176
14177
14178
2631
5466
5474
5475
5476
5477
18184
18185
18186
18187
5499
18181
18182
18185
5468
10459
10460
10461
14183
14184
14185
5470
5502
10461
10463
10464
10465
18190
18192
18193
18194
5503
18188
18189
18190
2637
2639
3460
3468
14204
14205
14209
14210
17649
3285
3397
3461
14191
14192
14193
2637
2639
3286
10453
12495
12497
12499
12500
17650
3398
3469
10454
14198
14199
14200
3289
3464
14190
14192
14194
14196
17653
3399
3465
3471
14205
14206
14207
3472
10456
14197
14200
14201
14203
17654
2644
2646
3481
3489
20491
20673
20674
20678
20679
3306
3418
3482
20660
20661
20662
2644
2646
3307
3462
20253
20255
20257
20259
20492
3419
3463
3490
20667
20668
20669
3310
3485
20495
20659
20661
20663
20665
3420
3486
3492
20674
20675
20676
3466
3493
20496
20666
20669
20671
20672
4135
5534
14211
14212
14215
2652
4136
5548
14221
14222
14223
14224
4137
5560
14218
14219
14222
2652
5537
5550
14228
14229
14230
14231
5538
14225
14226
14228
5552
5563
14235
14236
14237
14238
5564
14232
14233
14235
2682
2692
10473
10474
10477
4215
8807
10480
10481
10484
2660
2683
4216
10490
10491
10492
10493
14211
2660
2693
8808
10497
10498
10499
10500
14212
2686
4217
10487
10488
10491
2694
8809
10494
10495
10498
2687
2695
10476
10477
10478
10479
14213
2666
10509
10511
10513
10514
13910
4923
10501
10502
10503
10508
10509
10510
2675
10515
10516
10519
2666
2676
4925
10525
10526
10527
10528
13911
2679
10518
10519
10520
10521
13912
2680
4927
10522
10523
10526
2675
10529
10530
10533
2673
7946
10546
10547
10548
10549
13917
4096
7947
10536
10537
10540
2673
2677
4097
10553
10554
10555
10556
13918
7948
10543
10544
10547
2679
10532
10533
10534
10535
13919
2681
4098
10550
10551
10554
10557
10558
10561
2679
8107
10574
10575
10576
10577
13924
2679
4145
10581
10582
10583
10584
13925
4146
8108
10564
10565
10568
10560
10561
10562
10563
13926
8109
10571
10572
10575
4147
10578
10579
10582
2699
10585
10586
10589
2687
4222
10602
10603
10604
10605
14218
4223
5567
10592
10593
10596
2687
2700
5568
10609
10610
10611
10612
14219
4224
10599
10600
10603
2701
10588
10589
10590
10591
14220
2702
5569
10606
10607
10610
8821
10613
10614
10615
2695
2696
10621
10623
10625
10626
14225
2698
10620
10621
10622
2699
10627
10628
10631
2695
8822
10637
10638
10639
10640
14226
8824
10634
10635
10638
2701
10630
10631
10632
10633
14227
2701
10649
10651
10653
10654
14232
8898
10641
10642
10643
10648
10649
10650
10655
10656
10659
2701
8899
10665
10666
10667
10668
14233
10658
10659
10660
10661
14234
8901
10662
10663
10666
2705
2712
2705
2707
3534
8093
2706
2715
8095
2707
2716
2717
8096
2719
3538
8098
2709
2711
3937
4896
2710
2714
4897
2711
2716
2717
4898
2720
3940
4901
2715
2714
2715
8080
2716
8082
2716
8083
8084
2719
2720
8086
2719
2720
3544
3946
8089
3545
8090
3947
8092
2728
7975
14239
14241
14242
2725
2726
2729
2735
14253
14255
14258
14259
16559
2725
2726
7978
10201
13197
13198
13200
13202
16561
2736
10202
14247
14248
14249
2732
7980
14240
14241
14244
14245
16563
2739
10204
14246
14248
14250
14252
16565
2734
2740
14254
14255
14256
2797
7982
18195
18197
18198
2732
2733
2742
17014
18202
18204
18206
18207
2732
2733
2751
7985
17016
19148
19149
19151
19152
2743
2752
2798
19449
19450
19451
7987
17018
18196
18197
18199
18200
2746
2754
17020
19448
19450
19452
19453
2747
2799
18203
18204
18205
2739
2741
2742
14274
14275
14278
14279
17021
2806
10214
14261
14262
14263
2739
2741
2921
10215
13203
13205
13207
13209
17024
2745
2807
2922
14268
14269
14270
10217
14260
14262
14264
14265
17026
2747
2808
14275
14276
14277
2748
2924
14267
14270
14271
14273
17027
2746
2748
17028
18216
18217
18220
18221
2764
2809
19456
19457
19458
2746
2748
2765
2928
17031
19154
19156
19158
19160
2810
2929
18210
18211
18212
2767
17033
19455
19457
19459
19460
2811
18217
18218
18219
2931
17034
18209
18212
18213
18215
2756
8003
20680
20682
20683
2753
2754
2757
2763
20176
20694
20696
20699
20700
2753
2754
8006
20178
20261
20262
20265
20266
2764
20688
20689
20690
2760
8008
20180
20681
20682
20685
20686
2767
20182
20687
20689
20692
20693
2762
2768
20695
20696
20697
2818
8010
19462
19464
19465
2760
2761
2770
17035
19469
19471
19473
19474
2760
2761
8013
8207
17037
17043
17044
17046
17047
2771
2819
8208
18224
18225
18226
8015
17039
19463
19464
19466
19467
2774
8210
17041
18223
18225
18227
18228
2775
2820
19470
19471
19472
2767
2769
2770
20267
20715
20716
20719
20720
2827
20702
20703
20704
2767
2769
2949
20270
20274
20276
20278
20280
2773
2828
2950
20709
20710
20711
20272
20701
20703
20705
20706
2775
2829
20716
20717
20718
2776
2952
20273
20708
20711
20712
20714
2774
2776
17049
19483
19484
19487
19488
2830
8220
18231
18232
18233
2774
2776
2956
8221
17052
17056
17058
17060
17062
2831
2957
19477
19478
19479
8223
17054
18230
18232
18234
18235
2832
19484
19485
19486
2959
17055
19476
19479
19480
19482
4096
10200
10669
10670
10673
2783
4098
4231
4234
2784
2787
4099
4237
4238
2788
10202
10677
10678
10679
2790
4101
10205
10684
10685
10686
4146
10242
10690
10691
10694
4147
4245
4248
2792
4148
4251
4252
2793
2801
10244
10698
10699
10700
2795
4151
10246
10705
10706
10707
2792
4152
4258
4259
2806
10214
10712
10713
10714
2977
4154
10216
10719
10720
10721
4156
10218
10726
10727
10728
2796
2979
4158
4267
4268
4159
4272
4273
2812
10256
10733
10734
10735
2982
4162
10257
10740
10741
10742
4164
10259
10747
10748
10749
2984
4165
4281
4282
18237
18238
18241
2809
19491
19492
19493
2811
18245
18246
18247
2803
14281
14282
14285
2812
10754
10755
10756
2805
2814
14289
14290
14291
2878
18251
18252
18255
2815
2822
2881
19498
19499
19500
2817
2883
18259
18260
18261
10761
10762
10763
2810
14296
14297
14298
2811
14303
14304
14305
2827
19505
19506
19507
2996
18266
18267
18268
18273
18274
18275
2886
10768
10769
10770
2816
2887
2999
14310
14311
14312
2817
2889
14317
14318
14319
2833
2893
19512
19513
19514
2894
3002
18280
18281
18282
2896
18287
18288
18289
19518
19519
19522
2830
18294
18295
18296
2832
19526
19527
19528
2824
20722
20723
20726
2833
20730
20731
20732
2826
2835
20737
20738
20739
2899
19532
19533
19536
2836
2843
2902
18301
18302
18303
2838
2904
19540
19541
19542
20744
20745
20746
2831
20751
20752
20753
2832
20758
20759
20760
2848
18308
18309
18310
3017
19547
19548
19549
19554
19555
19556
2907
20765
20766
20767
2837
2908
3020
20772
20773
20774
2838
2910
20779
20780
20781
2854
2914
18315
18316
18317
2915
3023
19561
19562
19563
2917
19568
19569
19570
2851
8212
10774
10775
10778
8214
10781
10782
10785
2853
8218
10789
10790
10791
2846
5077
10795
10796
10799
2854
5080
14324
14325
14326
2847
2856
5082
10803
10804
10805
2857
8331
10809
10810
10813
8332
10816
10817
10820
2859
8336
10824
10825
10826
8220
14331
14332
14333
2852
8222
10831
10832
10833
2853
8224
10838
10839
10840
8226
10844
10845
10848
3039
8230
10852
10853
10854
8231
10859
10860
10861
8339
14338
14339
14340
2858
3041
8340
10866
10867
10868
2859
8342
10873
10874
10875
8345
10879
10880
10883
3045
8347
10887
10888
10889
8349
10894
10895
10896
2862
2869
2862
2864
3616
8324
2863
2871
8326
2864
2872
2874
8327
2877
3620
8329
2867
2868
2872
2874
5042
2867
2868
3540
4285
5044
2876
4286
5046
2873
3541
5047
2871
2871
2873
3548
8310
2872
8312
2873
8313
3551
8315
2876
2877
8317
2876
2877
3626
4289
8320
4290
8321
3628
8322
8136
18321
18323
18324
2882
2884
2892
17119
18328
18330
18332
18334
2882
2884
8139
17120
19190
19191
19193
19194
2893
19575
19576
19577
8141
17123
18322
18323
18325
18326
2896
18329
18330
18331
2897
17124
19574
19577
19578
19580
2890
2891
2892
14358
14359
14362
14364
17126
10256
14345
14346
14347
2894
14352
14353
14354
2890
2891
10258
13245
13248
13249
13250
17128
2896
14359
14360
14361
10260
14344
14347
14348
14349
17130
2898
14351
14354
14355
14357
17132
2897
2898
17133
18342
18343
18347
18348
2907
19582
19583
19584
3078
18336
18337
18338
2897
2898
2909
3079
17135
19196
19199
19201
19202
18343
18344
18345
2911
17137
19581
19584
19586
19587
3081
17139
18335
18338
18340
18341
8157
19588
19590
19591
2903
2905
2913
17147
19595
19597
19599
19601
2903
2905
5079
8160
17141
17142
17144
17145
17148
2914
5080
18350
18351
18352
8162
17151
19589
19590
19592
19593
2917
19596
19597
19598
2918
5083
17152
18349
18352
18353
18355
2911
2912
2913
20316
20799
20800
20803
20805
20786
20787
20788
2915
20793
20794
20795
2911
2912
20309
20312
20313
20315
20318
2917
20800
20801
20802
20320
20785
20788
20789
20791
2919
20322
20792
20795
20796
20798
2918
2919
17161
19609
19610
19614
19615
8339
18357
18358
18359
3099
19603
19604
19605
2918
2919
3100
8341
17154
17157
17159
17160
17163
19610
19611
19612
8343
17165
18356
18359
18361
18362
3102
17167
19602
19605
19607
19608
2924
2925
2927
2934
14379
14380
14384
14385
16594
2924
2925
10270
13259
13260
13263
13265
16596
2929
14366
14367
14368
2935
10272
14373
14374
14375
2931
14365
14367
14370
14371
16598
2938
10273
14372
14374
14376
14378
16600
2933
2939
14380
14381
14382
2931
2932
2941
17196
18370
18371
18374
18375
2931
2932
2949
17198
19203
19204
19207
19208
2996
18364
18365
18366
2942
2951
2997
19617
19618
19619
17200
18363
18365
18367
18368
2945
2953
17202
19616
19618
19620
19621
2946
2998
18371
18372
18373
2938
2940
2941
14400
14401
14404
14405
17203
3005
10284
14387
14388
14389
2938
2940
3120
10285
13266
13268
13270
13272
17206
2944
3006
3121
14394
14395
14396
10287
14386
14388
14390
14391
17208
2946
3007
14401
14402
14403
2947
3123
14393
14396
14397
14399
17209
2945
2947
17210
18384
18385
18388
18389
2963
3008
19624
19625
19626
2945
2947
2964
3127
17213
19210
19212
19214
19216
3009
3128
18378
18379
18380
2966
17215
19623
19625
19627
19628
3010
18385
18386
18387
3130
17216
18377
18380
18381
18383
2952
2953
2955
2962
20197
20820
20821
20825
20826
2952
2953
20199
20323
20324
20328
20329
2957
20807
20808
20809
2963
20814
20815
20816
2959
20201
20806
20808
20811
20812
2966
20203
20813
20815
20818
20819
2961
2967
20821
20822
20823
2959
2960
2969
17217
19637
19638
19641
19642
2959
2960
8374
17219
17224
17225
17228
17229
3017
19631
19632
19633
2970
3018
8376
18392
18393
18394
17221
19630
19632
19634
19635
2973
8378
17223
18391
18393
18395
18396
2974
3019
19638
19639
19640
2966
2968
2969
20330
20841
20842
20845
20846
3026
20828
20829
20830
2966
2968
3148
20333
20337
20339
20341
20343
2972
3027
3149
20835
20836
20837
20335
20827
20829
20831
20832
2974
3028
20842
20843
20844
2975
3151
20336
20834
20837
20838
20840
2973
2975
17231
19651
19652
19655
19656
3029
8388
18399
18400
18401
2973
2975
3155
8389
17234
17238
17240
17242
17244
3030
3156
19645
19646
19647
8391
17236
18398
18400
18402
18403
3031
19652
19653
19654
3158
17237
19644
19647
19648
19650
2981
2986
4110
4350
4351
4111
10271
10901
10902
10903
2987
10272
10908
10909
10910
2984
4114
4357
4358
2989
4115
10274
10915
10916
10917
2991
4166
4364
4365
4168
10312
10922
10923
10924
2992
3000
10314
10929
10930
10931
4170
4371
4372
2994
4172
10315
10936
10937
10938
2991
4173
4378
4379
3005
10284
10943
10944
10945
3176
4175
10286
10950
10951
10952
4177
10288
10957
10958
10959
2995
3178
4179
4387
4388
4180
4392
4393
3011
10326
10964
10965
10966
3181
4183
10327
10971
10972
10973
4185
10329
10978
10979
10980
3183
4186
4401
4402
18406
18407
18408
3008
19659
19660
19661
3010
18413
18414
18415
3002
14408
14409
14410
3011
10985
10986
10987
3004
3013
14415
14416
14417
3078
18420
18421
18422
3014
3021
3080
19666
19667
19668
3016
3082
18427
18428
18429
10992
10993
10994
3009
14422
14423
14424
3010
14429
14430
14431
3026
19673
19674
19675
3195
18434
18435
18436
18441
18442
18443
3085
10999
11000
11001
3015
3086
3198
14436
14437
14438
3016
3088
14443
14444
14445
3032
3092
19680
19681
19682
3093
3201
18448
18449
18450
3095
18455
18456
18457
19687
19688
19689
3029
18462
18463
18464
3031
19694
19695
19696
3023
20849
20850
20851
3032
20856
20857
20858
3025
3034
20863
20864
20865
3099
19701
19702
19703
3035
3042
3101
18469
18470
18471
3037
3103
19708
19709
19710
20870
20871
20872
3030
20877
20878
20879
3031
20884
20885
20886
3047
18476
18477
18478
3216
19715
19716
19717
19722
19723
19724
3106
20891
20892
20893
3036
3107
3219
20898
20899
20900
3037
3109
20905
20906
20907
3053
3113
18483
18484
18485
3114
3222
19729
19730
19731
3116
19736
19737
19738
3050
8380
11005
11006
11009
8384
11013
11014
11015
3052
8386
11020
11021
11022
3045
5218
11027
11028
11029
3053
5220
14450
14451
14452
3046
3055
5222
11034
11035
11036
3056
8499
11040
11041
11044
8501
11048
11049
11050
3058
8504
11055
11056
11057
8388
14457
14458
14459
3051
8390
11062
11063
11064
3052
8392
11069
11070
11071
8394
11075
11076
11079
3238
8398
11083
11084
11085
8399
11090
11091
11092
8507
14464
14465
14466
3057
3240
8508
11097
11098
11099
3058
8510
11104
11105
11106
8513
11110
11111
11114
3244
8516
11118
11119
11120
8517
11125
11126
11127
3061
3068
3061
3063
3698
8492
3062
3070
8494
3063
3071
3073
8495
3076
3702
8497
3066
3067
3071
3073
5182
3066
3067
3622
4405
5184
3075
4406
5186
3072
3624
5187
3070
3070
3072
3630
8478
3071
8480
3072
8481
3633
8483
3075
3076
8485
3075
3076
3708
4409
8488
4410
8489
3710
8490
3081
3083
3091
17301
18496
18497
18500
18502
18490
18491
18492
3081
3083
17302
19245
19247
19249
19250
3092
19743
19744
19745
17305
18489
18491
18493
18494
3095
18497
18498
18499
3096
17306
19742
19745
19746
19748
3089
3090
3091
14484
14485
14488
14490
17308
10326
14471
14472
14473
3093
14478
14479
14480
3089
3090
10328
13308
13311
13312
13313
17310
3095
14485
14486
14487
10330
14470
14473
14474
14475
17312
3097
14477
14480
14481
14483
17314
3096
3097
17315
18510
18511
18515
18516
3106
19750
19751
19752
3277
18504
18505
18506
3096
3097
3108
3278
17317
19252
19255
19257
19258
18511
18512
18513
3110
17319
19749
19752
19754
19755
3280
17321
18503
18506
18508
18509
3102
3104
3112
17329
19763
19764
19767
19769
19757
19758
19759
3102
3104
5219
17322
17324
17326
17327
17330
3113
5220
18518
18519
18520
17333
19756
19758
19760
19761
3116
19764
19765
19766
3117
5223
17334
18517
18520
18521
18523
3110
3111
3112
20379
20925
20926
20929
20931
20912
20913
20914
3114
20919
20920
20921
3110
3111
20372
20375
20376
20378
20381
3116
20926
20927
20928
20383
20911
20914
20915
20917
3118
20385
20918
20921
20922
20924
3117
3118
17343
19777
19778
19782
19783
8507
18525
18526
18527
3298
19771
19772
19773
3117
3118
3299
8509
17336
17339
17341
17342
17345
19778
19779
19780
8511
17347
18524
18527
18529
18530
3301
17349
19770
19773
19775
19776
3123
3124
3126
3133
14505
14506
14510
14511
16622
3123
3124
10340
13322
13323
13326
13328
16624
3128
14492
14493
14494
3134
10342
14499
14500
14501
3130
14491
14493
14496
14497
16626
3137
10343
14498
14500
14502
14504
16628
3132
3138
14506
14507
14508
3130
3131
3140
17378
18538
18539
18542
18543
3130
3131
3148
17380
19259
19260
19263
19264
3195
18532
18533
18534
3141
3150
3196
19785
19786
19787
17382
18531
18533
18535
18536
3144
3152
17384
19784
19786
19788
19789
3145
3197
18539
18540
18541
3137
3139
3140
14526
14527
14530
14531
17385
3204
10354
14513
14514
14515
3137
3139
3319
10355
13329
13331
13333
13335
17388
3143
3205
3320
14520
14521
14522
10357
14512
14514
14516
14517
17390
3145
3206
14527
14528
14529
3146
3322
14519
14522
14523
14525
17391
3144
3146
17392
18552
18553
18556
18557
3162
3207
19792
19793
19794
3144
3146
3163
3326
17395
19266
19268
19270
19272
3208
3327
18546
18547
18548
3165
17397
19791
19793
19795
19796
3209
18553
18554
18555
3329
17398
18545
18548
18549
18551
3151
3152
3154
3161
20218
20946
20947
20951
20952
3151
3152
20220
20386
20387
20391
20392
3156
20933
20934
20935
3162
20940
20941
20942
3158
20222
20932
20934
20937
20938
3165
20224
20939
20941
20944
20945
3160
3166
20947
20948
20949
3158
3159
3168
17399
19805
19806
19809
19810
3158
3159
8542
17401
17406
17407
17410
17411
3216
19799
19800
19801
3169
3217
8544
18560
18561
18562
17403
19798
19800
19802
19803
3172
8546
17405
18559
18561
18563
18564
3173
3218
19806
19807
19808
3165
3167
3168
20393
20967
20968
20971
20972
3225
20954
20955
20956
3165
3167
3347
20396
20400
20402
20404
20406
3171
3226
3348
20961
20962
20963
20398
20953
20955
20957
20958
3173
3227
20968
20969
20970
3174
3350
20399
20960
20963
20964
20966
3172
3174
17413
19819
19820
19823
19824
3228
8556
18567
18568
18569
3172
3174
3354
8557
17416
17420
17422
17424
17426
3229
3355
19813
19814
19815
8559
17418
18566
18568
18570
18571
3230
19820
19821
19822
3357
17419
19812
19815
19816
19818
3180
3185
4124
4470
4471
4125
10341
11132
11133
11134
3186
10342
11139
11140
11141
3183
4128
4477
4478
3188
4129
10344
11146
11147
11148
3190
4187
4484
4485
4189
10382
11153
11154
11155
3191
3199
10384
11160
11161
11162
4191
4491
4492
3193
4193
10385
11167
11168
11169
3190
4194
4498
4499
3204
10354
11174
11175
11176
3375
4196
10356
11181
11182
11183
4198
10358
11188
11189
11190
3194
3377
4200
4507
4508
4201
4512
4513
3210
10396
11195
11196
11197
3380
4204
10397
11202
11203
11204
4206
10399
11209
11210
11211
3382
4207
4521
4522
18574
18575
18576
3207
19827
19828
19829
3209
18581
18582
18583
3201
14534
14535
14536
3210
11216
11217
11218
3203
3212
14541
14542
14543
3277
18588
18589
18590
3213
3220
3279
19834
19835
19836
3215
3281
18595
18596
18597
11223
11224
11225
3208
14548
14549
14550
3209
14555
14556
14557
3225
19841
19842
19843
3394
18602
18603
18604
18609
18610
18611
3284
11230
11231
11232
3214
3285
3397
14562
14563
14564
3215
3287
14569
14570
14571
3231
3291
19848
19849
19850
3292
3400
18616
18617
18618
3294
18623
18624
18625
19855
19856
19857
3228
18630
18631
18632
3230
19862
19863
19864
3222
20975
20976
20977
3231
20982
20983
20984
3224
3233
20989
20990
20991
3298
19869
19870
19871
3234
3241
3300
18637
18638
18639
3236
3302
19876
19877
19878
20996
20997
20998
3229
21003
21004
21005
3230
21010
21011
21012
3246
18644
18645
18646
3415
19883
19884
19885
19890
19891
19892
3305
21017
21018
21019
3235
3306
3418
21024
21025
21026
3236
3308
21031
21032
21033
3252
3312
18651
18652
18653
3313
3421
19897
19898
19899
3315
19904
19905
19906
3249
8548
11236
11237
11240
8552
11244
11245
11246
3251
8554
11251
11252
11253
3244
5358
11258
11259
11260
3252
5360
14576
14577
14578
3245
3254
5362
11265
11266
11267
3255
8667
11271
11272
11275
8671
11279
11280
11281
3257
8673
11286
11287
11288
8556
14583
14584
14585
3250
8558
11293
11294
11295
3251
8560
11300
11301
11302
8562
11306
11307
11310
3436
8566
11314
11315
11316
8567
11321
11322
11323
8675
14590
14591
14592
3256
3437
8676
11328
11329
11330
3257
8678
11335
11336
11337
8681
11341
11342
11345
3441
8685
11349
11350
11351
8686
11356
11357
11358
3260
3267
3260
3262
3766
8660
3261
3269
8662
3262
3270
3272
8663
3275
3769
8665
3265
3266
3270
3272
5322
3265
3266
3704
4525
5324
3274
4526
5326
3271
3706
5327
3269
3269
3271
3712
8646
3270
8648
3271
8649
3715
8651
3274
3275
8653
3274
3275
3776
4529
8656
4530
8657
3778
8658
3280
3282
3290
17483
18664
18665
18668
18670
18658
18659
18660
3280
3282
17484
19301
19303
19305
19306
3291
19911
19912
19913
17487
18657
18659
18661
18662
3294
18665
18666
18667
3295
17488
19910
19913
19914
19916
3288
3289
3290
14610
14611
14614
14616
17490
10396
14597
14598
14599
3292
14604
14605
14606
3288
3289
10398
13371
13374
13375
13376
17492
3294
14611
14612
14613
10400
14596
14599
14600
14601
17494
3296
14603
14606
14607
14609
17496
3295
3296
17497
18678
18679
18683
18684
3305
19918
19919
19920
3461
18672
18673
18674
3295
3296
3307
3462
17499
19308
19311
19313
19314
18679
18680
18681
3309
17501
19917
19920
19922
19923
3464
17503
18671
18674
18676
18677
3301
3303
3311
17511
19931
19932
19935
19937
19925
19926
19927
3301
3303
5359
17504
17506
17508
17509
17512
3312
5360
18686
18687
18688
17515
19924
19926
19928
19929
3315
19932
19933
19934
3316
5363
17516
18685
18688
18689
18691
3309
3310
3311
20442
21051
21052
21055
21057
21038
21039
21040
3313
21045
21046
21047
3309
3310
20435
20438
20439
20441
20444
3315
21052
21053
21054
20446
21037
21040
21041
21043
3317
20448
21044
21047
21048
21050
3316
3317
17525
19945
19946
19950
19951
8675
18693
18694
18695
3482
19939
19940
19941
3316
3317
3483
8677
17518
17521
17523
17524
17527
19946
19947
19948
8679
17529
18692
18695
18697
18698
3485
17531
19938
19941
19943
19944
3322
3323
3325
3333
14631
14632
14636
14637
16650
3322
3323
10410
13385
13386
13389
13391
16652
3327
14618
14619
14620
3334
10412
14625
14626
14627
3329
14617
14619
14622
14623
16654
3336
10413
14624
14626
14628
14630
16656
3331
3337
14632
14633
14634
3329
3330
3340
17560
18706
18707
18710
18711
3329
3330
3347
17562
19315
19316
19319
19320
3394
18700
18701
18702
3341
3349
3395
19953
19954
19955
17564
18699
18701
18703
18704
3343
3351
17566
19952
19954
19956
19957
3344
3396
18707
18708
18709
3339
3403
8835
14638
14640
14641
3336
3338
3340
14652
14654
14656
14657
17567
3404
10425
14646
14647
14648
3336
3338
8839
10426
13393
13395
13396
13398
17570
10427
14645
14647
14649
14650
17572
3344
3405
14653
14654
14655
3345
8840
14639
14641
14642
14644
17573
3406
8842
18713
18715
18716
3343
3345
17574
18720
18722
18724
18725
3362
3407
19960
19961
19962
3343
3345
3363
8846
17577
19323
19325
19326
19328
3364
17579
19959
19961
19963
19964
3408
18721
18722
18723
8847
17580
18714
18716
18717
18719
3350
3351
3353
3361
20239
21072
21073
21077
21078
3350
3351
20241
20449
20450
20454
20455
3355
21059
21060
21061
3362
21066
21067
21068
3357
20243
21058
21060
21063
21064
3364
20245
21065
21067
21070
21071
3359
3365
21073
21074
21075
3357
3358
3368
17581
19973
19974
19977
19978
3357
3358
8689
17583
17588
17589
17592
17593
3415
19967
19968
19969
3369
3416
8691
18728
18729
18730
17585
19966
19968
19970
19971
3371
8693
17587
18727
18729
18731
18732
3372
3417
19974
19975
19976
3367
3424
8863
21079
21081
21082
3364
3366
3368
20456
21093
21095
21097
21098
3425
21087
21088
21089
3364
3366
8867
20459
20464
20466
20467
20469
20461
21086
21088
21090
21091
3372
3426
21094
21095
21096
3373
8868
20462
21080
21082
21083
21085
3427
8870
19980
19982
19983
3371
3373
17595
19987
19989
19991
19992
3428
8699
18735
18736
18737
3371
3373
8700
8873
17598
17603
17605
17606
17608
8701
17600
18734
18736
18738
18739
3429
19988
19989
19990
8874
17601
19981
19983
19984
19986
3379
3386
4138
4590
4591
4139
10411
11363
11364
11365
3387
10412
11370
11371
11372
3382
4142
4597
4598
3388
4143
10414
11377
11378
11379
3391
4208
4604
4605
4210
10452
11384
11385
11386
3392
3398
10454
11391
11392
11393
4212
4611
4612
3393
4214
10455
11398
11399
11400
4215
10424
11404
11405
11408
3390
4217
4619
4622
3391
4218
4625
4626
3404
10425
11412
11413
11414
4220
10428
11419
11420
11421
4223
10466
11425
11426
11429
4224
4633
4636
4225
4639
4640
3410
10467
11433
11434
11435
4228
10469
11440
11441
11442
18742
18743
18744
3407
19995
19996
19997
3408
18749
18750
18751
3400
14660
14661
14662
3410
11447
11448
11449
3402
3411
14667
14668
14669
3461
18756
18757
18758
3413
3419
3463
20002
20003
20004
3414
3465
18763
18764
18765
3406
14673
14674
14677
11454
11455
11456
3408
14681
14682
14683
18769
18770
18773
3425
20009
20010
20011
18777
18778
18779
3412
3467
14687
14688
14691
3469
11461
11462
11463
3414
3471
14695
14696
14697
3474
18783
18784
18787
3431
3476
20016
20017
20018
3478
18791
18792
18793
20023
20024
20025
3428
18798
18799
18800
3429
20030
20031
20032
3421
21101
21102
21103
3431
21108
21109
21110
3423
3432
21115
21116
21117
3482
20037
20038
20039
3434
3438
3484
18805
18806
18807
3435
3486
20044
20045
20046
3427
21121
21122
21125
21129
21130
21131
3429
21136
21137
21138
20050
20051
20054
3443
18812
18813
18814
20058
20059
20060
3433
3488
21142
21143
21146
3490
21150
21151
21152
3435
3492
21157
21158
21159
3495
20064
20065
20068
3446
3497
18819
18820
18821
3499
20072
20073
20074
8696
11468
11469
11470
3441
5479
11475
11476
11477
3446
5481
14702
14703
14704
3442
3447
5483
11482
11483
11484
3448
8786
11488
11489
11492
8790
11496
11497
11498
3450
8792
11503
11504
11505
8699
14709
14710
14711
8702
11510
11511
11512
3449
8793
11516
11517
11520
8795
14716
14717
14718
3450
8797
11524
11525
11526
8800
11530
11531
11534
8801
11537
11538
11541
8805
11545
11546
11547
3453
3454
3456
5454
3453
3454
3772
4645
5456
4646
5459
3458
3774
5460
3459
3816
3458
3459
8779
3458
3459
3781
3820
8781
3782
8784
3821
8785
3464
3466
3475
17656
18832
18833
18836
18838
18826
18827
18828
3464
3466
17657
19357
19359
19361
19362
3476
20079
20080
20081
17660
18825
18827
18829
18830
3478
18833
18834
18835
3479
17661
20078
20081
20082
20084
3474
5574
14722
14724
14725
3472
3473
3475
14736
14738
14740
14742
17663
10467
14730
14731
14732
3472
3473
5578
10468
13435
13437
13438
13439
17665
3478
14737
14738
14739
10470
14729
14732
14733
14734
17667
3480
5579
14723
14725
14726
14728
17669
8912
18839
18841
18842
3479
3480
17670
18846
18848
18851
18852
3490
20086
20087
20088
3479
3480
3491
8916
17672
19365
19367
19369
19370
18847
18848
18849
3493
17674
20085
20088
20090
20091
8917
17676
18840
18842
18844
18845
3485
3487
3496
17684
20099
20100
20103
20105
20093
20094
20095
3485
3487
5480
17677
17679
17681
17682
17685
3497
5481
18854
18855
18856
17688
20092
20094
20096
20097
3499
20100
20101
20102
3500
5484
17689
18853
18856
18857
18859
3495
5581
21163
21165
21166
3493
3494
3496
20505
21177
21179
21181
21183
21171
21172
21173
3493
3494
5585
20499
20501
20502
20504
20507
3499
21178
21179
21180
20509
21170
21173
21174
21176
3501
5586
20511
21164
21166
21167
21169
8933
20106
20108
20109
3500
3501
17698
20113
20115
20118
20119
8795
18861
18862
18863
3500
3501
8796
8937
17692
17694
17696
17697
17700
20114
20115
20116
8798
17702
18860
18863
18865
18866
8938
17704
20107
20109
20111
20112
3505
3511
3520
3505
3506
3514
3516
9052
3505
3506
3524
3554
9053
3515
3525
9057
3518
3555
9058
3508
3510
3953
5835
3509
3513
5837
3510
3514
3516
5838
3519
3956
5841
3515
3527
3513
3515
3529
9039
3514
9040
3515
9041
3533
9044
3518
3519
9045
3518
3519
3562
3962
9047
3563
9050
3963
9051
3522
3525
3527
3522
3526
3570
9080
3523
3531
9082
3525
3526
3532
9083
9087
3525
3526
3574
9088
3533
9092
3575
9085
9093
3531
3533
3530
3531
9060
3530
3533
9067
3532
9062
9068
3532
9063
3533
9064
9069
9072
3536
3538
9108
3536
3547
3537
3549
9110
3538
3543
3550
9111
3545
9113
3541
3542
3543
3550
5849
3541
3542
3970
5852
3551
5853
3546
3972
5855
3545
3546
9094
3545
3546
3974
9097
9098
3975
9100
3549
3549
3551
9102
3550
9103
3551
9104
9106
3556
3565
3571
3555
3556
3561
3566
9129
3555
3556
3574
9130
3563
9134
3568
3576
9135
3559
3560
3561
3566
5856
3559
3560
3590
3986
5858
3569
3592
5861
3564
3988
5862
3563
3564
9115
3563
3564
3990
9117
9120
3991
9121
3568
3577
3568
3569
9122
3568
3569
3581
3595
9125
3582
9127
3596
9128
3572
3575
9157
3572
3576
3577
3573
3579
9159
3575
3576
3580
9160
9164
3575
3576
9165
9162
9169
3582
9170
3579
3582
3579
3583
3610
9144
3580
9145
3582
3583
9146
9150
3582
3583
3613
9153
9155
3614
9148
9156
3587
3593
3602
3587
3588
3594
3598
9185
3587
3588
3606
3636
9186
3597
3607
9190
3601
3637
9191
3591
3592
3594
3598
5870
3591
3592
4301
5871
3600
4302
5874
3596
5876
3597
3609
3596
3597
9171
3596
3597
3613
9173
9176
3615
9177
3600
3601
9178
3600
3601
3644
4305
9180
4306
9182
3646
9184
3604
3607
3609
3604
3608
3652
9213
3605
3611
9215
3607
3608
3612
9216
9220
3607
3608
3656
9221
3615
9225
3657
9218
9226
3611
3615
3611
3614
9192
3612
9194
3614
3615
9195
9199
3614
3615
9201
9197
9204
9205
3618
3620
9241
3618
3629
3619
3631
9243
3620
3625
3632
9244
3628
9246
3623
3624
3625
3632
5884
3623
3624
4317
5887
3627
4318
5888
3633
5889
3627
3628
9227
3627
3628
4321
9230
4322
9231
9232
3631
3631
3633
9235
3632
9236
3633
9237
9239
3638
3647
3653
3637
3638
3643
3648
9262
3637
3638
3656
9263
3646
9267
3650
3658
9268
3641
3642
3643
3648
5891
3641
3642
3672
4333
5893
3645
4334
5895
3651
3674
5897
3645
3646
9248
3645
3646
4337
9250
4338
9252
9254
3650
3659
3650
3651
9255
3650
3651
3663
3677
9258
3664
9260
3678
9261
3654
3657
9290
3654
3658
3659
3655
3661
9292
3657
3658
3662
9293
9297
3657
3658
9298
9295
9302
3664
9303
3661
3664
3661
3665
3692
9277
3662
9278
3664
3665
9279
9283
3664
3665
3695
9286
9288
3696
9281
9289
3669
3675
3684
3669
3670
3676
3680
9318
3669
3670
3688
3718
9319
3679
3689
9323
3683
3719
9324
3673
3674
3676
3680
5905
3673
3674
4421
5906
3682
4422
5909
3678
5911
3679
3691
3678
3679
9304
3678
3679
3695
9306
9309
3697
9310
3682
3683
9311
3682
3683
3726
4425
9313
4426
9315
3728
9317
3686
3689
3691
3686
3690
3734
9346
3687
3693
9348
3689
3690
3694
9349
9353
3689
3690
3738
9354
3697
9358
3739
9351
9359
3693
3697
3693
3696
9325
3694
9327
3696
3697
9328
9332
3696
3697
9334
9330
9337
9338
3700
3702
9374
3700
3711
3701
3713
9376
3702
3707
3714
9377
3710
9379
3705
3706
3707
3714
5919
3705
3706
4437
5922
3709
4438
5923
3715
5924
3709
3710
9360
3709
3710
4441
9363
4442
9364
9365
3713
3713
3715
9368
3714
9369
3715
9370
9372
3720
3729
3735
3719
3720
3725
3731
9395
3719
3720
3738
9396
3728
9400
3732
3740
9401
3723
3724
3725
3731
5926
3723
3724
3754
4453
5928
3727
4454
5930
3733
3756
5932
3727
3728
9381
3727
3728
4457
9383
4458
9385
9387
3732
3741
3732
3733
3743
3758
9388
3732
3733
9389
3747
9393
3761
9394
3736
3739
9423
3736
3740
3741
3737
3744
9425
3739
3740
3746
9426
9430
3739
3740
9431
9428
9435
3747
9436
3744
3747
3744
3745
9411
3745
3747
9417
3746
9412
3746
9413
9418
3747
9414
9419
9422
3750
3757
3750
3752
3798
9451
3751
3759
9453
3752
3760
3762
9454
3765
3802
9457
3755
3756
3760
3762
5940
3755
3756
4541
5941
3764
4542
5944
3761
5946
3759
3759
3761
9437
3760
9439
3761
9440
9443
3764
3765
9444
3764
3765
3808
4545
9446
4546
9448
3810
9450
3769
3770
3784
9472
3770
3779
3786
3769
3770
3775
3780
9473
3778
9476
3783
3790
9477
3773
3774
3775
3780
5954
3773
3774
4557
5957
3777
4558
5958
3782
5959
3777
3778
9458
3777
3778
4561
9461
4562
9462
9463
3783
3791
3782
3783
9465
3782
3783
3795
9468
9469
3796
9470
3787
3790
9500
3787
3788
9507
3788
3790
3791
3789
9502
9510
3789
3793
9511
3790
3794
9503
9512
3796
9505
3793
3796
3793
3797
3817
9494
3794
9495
3796
3797
9486
9496
3796
3797
3820
9489
9490
3822
9491
9498
3800
3802
9528
3800
3811
3801
3813
9530
3802
3807
3814
9531
3810
9533
3805
3806
3807
3814
5968
3805
3806
3829
4573
5970
3809
4574
5972
3815
3831
5973
3809
3810
9514
3809
3810
4577
9516
4578
9518
9519
3813
3813
3815
3833
9522
3814
9523
3815
9524
3836
9526
3818
3821
3818
3822
9542
3819
9544
3821
3822
9535
9545
3821
3822
9537
9540
9541
9548
3825
3832
3825
3827
3841
9563
3826
3834
9565
3827
3835
3837
9566
3840
3845
9569
3830
3831
3835
3837
5982
3830
3831
4653
5983
3839
4654
5986
3836
5988
3834
3834
3836
9549
3835
9551
3836
9552
9555
3839
3840
9556
3839
3840
3851
4657
9558
4658
9560
3853
9562
3843
3845
9584
3843
3854
3844
3856
9586
3845
3850
3857
9587
3853
9589
3848
3849
3850
3857
5989
3848
3849
3865
4669
5991
3852
4670
5993
3858
3866
5994
3852
3853
9570
3852
3853
4673
9572
4674
9574
9575
3856
3856
3858
3869
9578
3857
9579
3858
9580
3872
9582
3861
3868
3861
3863
9605
3862
3870
9607
3863
3871
3873
9608
3875
9611
3866
3867
3871
3873
5996
3866
3867
4058
5997
3872
6001
3876
4060
6002
3870
3870
3872
9591
3871
9593
3872
9594
9597
3875
3876
9598
3875
3876
3878
4062
9600
3879
9603
4063
9604
3879
3880
9612
3879
3880
4078
9614
9616
4079
9617
3882
3884
6247
3885
3893
6248
3884
3887
9655
10172
3885
9656
3887
3888
9657
3887
3889
3900
10174
3891
9660
10176
3891
3892
3893
9668
3891
3903
10179
3891
3892
3910
9670
10180
9673
10181
3894
3912
9674
3894
9661
3917
9667
3896
3898
6254
3899
3907
6255
3898
3901
9676
10508
3899
9677
3901
3902
9678
3901
3903
10510
3905
9681
10512
3905
3906
3907
9689
3905
10515
3905
3906
3924
9691
10516
9694
10517
3908
3926
9695
3908
9682
3931
9687
3912
3913
3916
3918
9710
3912
3913
9711
10529
3913
3919
3925
10530
3917
9715
3922
9716
10531
3915
3916
3918
6259
3921
4229
6264
3917
9696
9701
3921
3922
9703
3922
3933
10550
3921
3922
4231
9706
10551
4232
9708
9709
10552
3926
3927
3930
3932
9731
3926
3927
9732
10557
3927
3933
10558
3931
9736
3936
9737
10559
3929
3930
3932
6266
3935
4243
6271
3931
9717
9722
3935
3936
9724
3936
10578
3935
3936
4245
9727
10579
4246
9729
9730
10580
3938
3940
6330
3939
3942
6331
3940
3943
3945
6332
3947
6335
3942
3944
9802
3943
9803
3944
3949
9804
3951
9807
3947
3948
3949
9808
3947
3948
3974
9810
9813
3952
3976
9814
3951
3952
9815
3951
3952
3978
9818
9820
3979
9821
3954
3956
6343
3955
3958
6345
3956
3959
3961
6346
3963
6349
3958
3960
9837
3959
9838
3960
3965
9839
3967
9842
3963
3964
3965
9843
3963
3964
3990
9845
9848
3968
3992
9849
3967
3968
9850
3967
3968
3994
9853
9855
3995
9856
3971
3972
3973
3981
6350
3971
3972
4285
6352
3983
4287
6355
3975
6356
3975
3976
3977
9871
3975
3976
9873
9876
3979
9877
3979
3980
3981
9885
3979
3980
9887
9890
3984
9891
3983
3984
9878
3983
3984
4293
9881
4294
9883
9884
3987
3988
3989
3997
6357
3987
3988
4301
6359
3999
4303
6362
3991
6363
3991
3992
3993
9906
3991
3992
9908
9911
3995
9912
3995
3996
3997
9920
3995
3996
9922
9925
4000
9926
3999
4000
9913
3999
4000
4309
9916
4310
9918
9919
4004
4005
4008
4013
9941
4004
4009
4016
10473
4004
4005
4038
9942
10474
4012
9946
10475
4014
4039
9947
4007
4008
4013
6588
4011
4617
6592
4011
4012
9927
4012
4023
10487
4011
4012
4619
9929
10488
4620
9931
9933
10489
4014
9934
4042
9940
4018
4019
4022
4027
9962
4018
4023
10585
4018
4019
4052
9963
10586
4026
9967
10587
4028
4053
9968
4021
4022
4027
6595
4025
4631
6599
4025
4026
9948
4026
10599
4025
4026
4633
9950
10600
4634
9952
9954
10601
4028
9955
4056
9960
4030
4032
6604
4033
4041
6605
4032
4035
9970
10620
4033
9971
4035
4036
9972
4035
4037
4048
10622
4040
9975
10624
4039
4040
4041
9983
4040
4051
10627
4039
4040
9985
10628
4042
9988
9989
10629
4042
9976
9981
4044
4046
6611
4047
4055
6612
4046
4049
9991
10648
4047
9992
4049
4050
9993
4049
4051
10650
4054
9996
10652
4053
4054
4055
10004
4054
10655
4053
4054
10006
10656
4056
10009
10010
10657
4056
9997
10002
4059
4060
4061
4069
6672
4059
4060
4669
6673
4071
4671
6676
4063
6678
4063
4064
4065
10095
4063
4064
4078
10097
10100
4068
4080
10101
4067
4068
4069
10109
4067
4068
4086
10111
4072
10114
4087
10115
4071
4072
10102
4071
4072
4677
10104
4678
10106
10108
4074
4076
6686
4075
4082
6688
4076
4077
4083
6689
4079
6692
4079
4080
4085
10130
4079
4080
10132
10135
4087
10136
4082
4084
10138
4083
10139
4084
4085
10140
4088
10143
4087
4088
10144
4087
4088
10147
10149
10150
5009
14743
14744
14746
4094
5030
14753
14754
14755
14756
5063
14750
14751
14753
4094
5012
5032
14760
14761
14762
14763
4103
5013
14757
14758
14761
4104
5034
5066
14767
14768
14769
14770
4105
5067
14764
14765
14768
10193
11551
11552
11553
4102
4145
11559
11561
11563
11564
14743
4147
11558
11559
11560
4148
4152
11565
11566
11569
4102
4153
10195
11575
11576
11577
11578
14744
4156
10197
11572
11573
11576
4150
4157
11568
11569
11570
11571
14745
5149
14771
14772
14775
4108
5170
14781
14782
14783
14784
5203
14778
14779
14782
4108
5152
5172
14788
14789
14790
14791
4117
5153
14785
14786
14789
4118
5174
5206
14795
14796
14797
14798
4119
5207
14792
14793
14796
4166
4173
11579
11580
11583
4154
10263
11586
11587
11590
4116
4155
4167
11596
11597
11598
11599
14771
4116
4174
10264
11603
11604
11605
11606
14772
4158
4170
11593
11594
11597
4177
10265
11600
11601
11604
4171
4178
11582
11583
11584
11585
14773
5289
14799
14800
14803
4122
5310
14809
14810
14811
14812
5343
14806
14807
14810
4122
5292
5312
14816
14817
14818
14819
4131
5293
14813
14814
14817
4132
5314
5346
14823
14824
14825
14826
4133
5347
14820
14821
14824
4187
4194
11607
11608
11611
4175
10333
11614
11615
11618
4130
4176
4188
11624
11625
11626
11627
14799
4130
4195
10334
11631
11632
11633
11634
14800
4179
4191
11621
11622
11625
4198
10335
11628
11629
11632
4192
4199
11610
11611
11612
11613
14801
5427
14827
14828
14831
4136
5442
14837
14838
14839
14840
5464
14834
14835
14838
4136
5430
5444
14844
14845
14846
14847
5431
14841
14842
14844
5446
5467
14851
14852
14853
14854
5468
14848
14849
14851
4208
4218
11635
11636
11639
4196
10403
11642
11643
11646
4144
4197
4209
11652
11653
11654
11655
14827
4144
4219
10404
11659
11660
11661
11662
14828
4200
4212
11649
11650
11653
4220
10405
11656
11657
11660
4213
4221
11638
11639
11640
11641
14829
4150
11671
11673
11675
11676
14750
5070
11663
11664
11665
11670
11671
11672
4159
11677
11678
11681
4150
4160
5072
11687
11688
11689
11690
14751
4163
11680
11681
11682
11683
14752
4164
5074
11684
11685
11688
4159
11691
11692
11695
4157
10207
11708
11709
11710
11711
14757
10208
11698
11699
11702
4157
4161
11715
11716
11717
11718
14758
10209
11705
11706
11709
4163
11694
11695
11696
11697
14759
4165
11712
11713
11716
11719
11720
11723
4163
10249
11736
11737
11738
11739
14764
4163
4167
11743
11744
11745
11746
14765
4168
10250
11726
11727
11730
11722
11723
11724
11725
14766
10251
11733
11734
11737
4170
11740
11741
11744
4180
11747
11748
11751
4171
11764
11765
11766
11767
14778
5210
11754
11755
11758
4171
4181
5211
11771
11772
11773
11774
14779
11761
11762
11765
4184
11750
11751
11752
11753
14780
4185
5212
11768
11769
11772
4180
11775
11776
11779
4178
10277
11792
11793
11794
11795
14785
10278
11782
11783
11786
4178
4182
11799
11800
11801
11802
14786
10279
11789
11790
11793
4184
11778
11779
11780
11781
14787
4186
11796
11797
11800
11803
11804
11807
4184
10319
11820
11821
11822
11823
14792
4184
4188
11827
11828
11829
11830
14793
4189
10320
11810
11811
11814
11806
11807
11808
11809
14794
10321
11817
11818
11821
4191
11824
11825
11828
4201
11831
11832
11835
4192
11848
11849
11850
11851
14806
5350
11838
11839
11842
4192
4202
5351
11855
11856
11857
11858
14807
11845
11846
11849
4205
11834
11835
11836
11837
14808
4206
5352
11852
11853
11856
4201
11859
11860
11863
4199
10347
11876
11877
11878
11879
14813
10348
11866
11867
11870
4199
4203
11883
11884
11885
11886
14814
10349
11873
11874
11877
4205
11862
11863
11864
11865
14815
4207
11880
11881
11884
11887
11888
11891
4205
10389
11904
11905
11906
11907
14820
4205
4209
11911
11912
11913
11914
14821
4210
10390
11894
11895
11898
11890
11891
11892
11893
14822
10391
11901
11902
11905
4212
11908
11909
11912
4225
11915
11916
11919
4213
11932
11933
11934
11935
14834
5471
11922
11923
11926
4213
4226
5472
11939
11940
11941
11942
14835
11929
11930
11933
4227
11918
11919
11920
11921
14836
4228
5473
11936
11937
11940
10417
11943
11944
11945
4221
4222
11951
11953
11955
11956
14841
4224
11950
11951
11952
4225
11957
11958
11961
4221
10418
11967
11968
11969
11970
14842
10420
11964
11965
11968
4227
11960
11961
11962
11963
14843
4227
11979
11981
11983
11984
14848
10459
11971
11972
11973
11978
11979
11980
11985
11986
11989
4227
10460
11995
11996
11997
11998
14849
11988
11989
11990
11991
14850
10462
11992
11993
11996
4230
4232
8235
4233
4241
8236
4232
4235
10670
11558
4233
10671
4235
4236
10672
4235
4237
4248
11560
4239
10675
11562
4239
4240
4241
10683
4239
4251
11565
4239
4240
4258
10685
11566
10688
11567
4242
4260
10689
4242
10676
4265
10682
4244
4246
8242
4247
4255
8243
4246
4249
10691
11670
4247
10692
4249
4250
10693
4249
4251
11672
4253
10696
11674
4253
4254
4255
10704
4253
11677
4253
4254
4272
10706
11678
10709
11679
4256
4274
10710
4256
10697
4279
10702
4260
4261
4264
4266
10725
4260
4261
10726
11691
4261
4267
4273
11692
4265
10730
4269
10731
11693
4263
4264
4266
8247
4270
4355
8253
4265
10711
10716
4269
4270
10718
4269
4281
11712
4269
4270
4358
10721
11713
10723
11714
4360
10724
4274
4275
4278
4280
10746
4274
4275
10747
11719
4275
4281
11720
4279
10751
4283
10752
11721
4277
4278
4280
8254
4284
4369
8260
4279
10732
10737
4283
4284
10739
4283
11740
4283
4284
4372
10742
11741
10744
11742
4373
10745
4286
4287
8282
4288
4290
8285
4288
4294
8286
4291
4295
8287
4290
4292
4321
10775
4291
10776
4292
4297
10777
4300
4324
10780
4294
4296
10782
4295
10783
4296
4297
10784
4299
10786
4299
4300
10788
4299
4300
4326
10791
10792
4327
10794
4302
4303
8289
4304
4306
8292
4304
4310
8293
4307
4311
8294
4306
4308
4337
10810
4307
10811
4308
4313
10812
4316
4340
10814
4310
4312
10817
4311
10818
4312
4313
10819
4315
10821
4315
4316
10823
4315
4316
4342
10826
10827
4343
10828
4318
4320
4405
8297
4319
4322
8298
4320
4323
4329
8299
4332
4408
8302
4322
4324
10845
4323
10846
4324
4325
10847
4327
10850
4327
4328
4329
10858
4327
4328
10860
10863
4331
10864
4331
4332
10851
4331
4332
4418
10854
10856
4420
10857
4334
4336
4421
8304
4335
4338
8305
4336
4339
4345
8306
4348
4424
8309
4338
4340
10880
4339
10881
4340
4341
10882
4343
10884
4343
4344
4345
10893
4343
4344
10895
10897
4347
10898
4347
4348
10886
4347
4348
4434
10889
10890
4435
10892
4352
4353
4356
4361
10914
4352
4357
4364
11579
4352
4353
4378
10915
11580
4359
10919
11581
4362
4380
10920
4355
4356
4361
8401
4360
8407
4359
4360
10900
4359
4371
11593
4359
4360
10902
11594
10905
11595
10906
4362
10907
4385
10913
4366
4367
4370
4375
10935
4366
4371
11747
4366
4367
4392
10936
11748
4374
10940
11749
4376
4394
10941
4369
4370
4375
8408
4373
8413
4373
4374
10921
4374
11761
4373
4374
10923
11762
10926
10927
11763
4376
10928
4399
10933
4380
4381
4384
4386
10956
4380
4381
10957
11775
4381
4387
4393
11776
4385
10961
4389
10962
11777
4383
4384
4386
8415
4390
4475
8421
4385
10942
10947
4389
4390
10949
4389
4401
11796
4389
4390
4478
10952
11797
10954
11798
4480
10955
4394
4395
4398
4400
10977
4394
4395
10978
11803
4395
4401
11804
4399
10982
4403
10983
11805
4397
4398
4400
8422
4404
4489
8428
4399
10963
10968
4403
4404
10970
4403
11824
4403
4404
4492
10973
11825
10975
11826
4493
10976
4406
4408
8450
4407
4410
8452
4408
4411
4417
8453
4420
8455
4410
4412
4441
11006
4411
11007
4412
4413
11008
4416
4444
11011
4415
4416
4417
11019
4415
4416
4446
11021
4419
11023
4447
11025
4419
4420
11012
4419
4420
11014
11016
11017
4422
4424
8457
4423
4426
8459
4424
4427
4433
8460
4435
8462
4426
4428
4457
11041
4427
11042
4428
4429
11043
4432
4460
11045
4431
4432
4433
11054
4431
4432
4462
11056
4436
11058
4463
11059
4435
4436
11047
4435
4436
11049
11051
11052
4438
4440
4525
8465
4439
4442
8466
4440
4443
4449
8467
4452
4528
8470
4442
4444
11076
4443
11077
4444
4445
11078
4447
11081
4447
4448
4449
11089
4447
4448
11091
11094
4451
11095
4451
4452
11082
4451
4452
4538
11085
11087
4540
11088
4454
4456
4541
8472
4455
4458
8473
4456
4459
4465
8474
4468
4544
8477
4458
4460
11111
4459
11112
4460
4461
11113
4463
11115
4463
4464
4465
11124
4463
4464
11126
11128
4467
11129
4467
4468
11117
4467
4468
4554
11120
11121
4555
11123
4472
4473
4476
4481
11145
4472
4477
4484
11607
4472
4473
4498
11146
11608
4479
11150
11609
4482
4500
11151
4475
4476
4481
8569
4480
8575
4479
4480
11131
4479
4491
11621
4479
4480
11133
11622
11136
11623
11137
4482
11138
4505
11144
4486
4487
4490
4495
11166
4486
4491
11831
4486
4487
4512
11167
11832
4494
11171
11833
4496
4514
11172
4489
4490
4495
8576
4493
8581
4493
4494
11152
4494
11845
4493
4494
11154
11846
11157
11158
11847
4496
11159
4519
11164
4500
4501
4504
4506
11187
4500
4501
11188
11859
4501
4507
4513
11860
4505
11192
4509
11193
11861
4503
4504
4506
8583
4510
4595
8589
4505
11173
11178
4509
4510
11180
4509
4521
11880
4509
4510
4598
11183
11881
11185
11882
4600
11186
4514
4515
4518
4520
11208
4514
4515
11209
11887
4515
4521
11888
4519
11213
4523
11214
11889
4517
4518
4520
8590
4524
4609
8596
4519
11194
11199
4523
4524
11201
4523
11908
4523
4524
4612
11204
11909
11206
11910
4613
11207
4526
4528
8618
4527
4530
8620
4528
4531
4537
8621
4540
8623
4530
4532
4561
11237
4531
11238
4532
4533
11239
4536
4564
11242
4535
4536
4537
11250
4535
4536
4566
11252
4539
11254
4567
11256
4539
4540
11243
4539
4540
11245
11247
11248
4542
4544
8625
4543
4546
8627
4544
4547
4553
8628
4555
8630
4546
4548
4577
11272
4547
11273
4548
4549
11274
4552
4580
11276
4551
4552
4553
11285
4551
4552
4582
11287
4556
11289
4583
11290
4555
4556
11278
4555
4556
11280
11282
11283
4558
4560
4645
8633
4559
4562
8634
4560
4563
4569
8635
4572
4648
8638
4562
4564
11307
4563
11308
4564
4565
11309
4567
11312
4567
4568
4569
11320
4567
4568
11322
11325
4571
11326
4571
4572
11313
4571
4572
4650
11316
11318
4652
11319
4574
4576
4653
8640
4575
4578
8641
4576
4579
4585
8642
4588
4656
8645
4578
4580
11342
4579
11343
4580
4581
11344
4583
11346
4583
4584
4585
11355
4583
4584
11357
11359
4587
11360
4587
4588
11348
4587
4588
4666
11351
11352
4667
11354
4592
4593
4596
4601
11376
4592
4597
4604
11635
4592
4593
4626
11377
11636
4599
11381
11637
4602
4627
11382
4595
4596
4601
8709
4600
8715
4599
4600
11362
4599
4611
11649
4599
4600
11364
11650
11367
11651
11368
4602
11369
4630
11375
4606
4607
4610
4615
11397
4606
4611
11915
4606
4607
4640
11398
11916
4614
11402
11917
4616
4641
11403
4609
4610
4615
8716
4613
8721
4613
4614
11383
4614
11929
4613
4614
11385
11930
11388
11389
11931
4616
11390
4644
11395
4618
4620
8725
4621
4629
8726
4620
4623
11405
11950
4621
11406
4623
4624
11407
4623
4625
4636
11952
4628
11410
11954
4627
4628
4629
11418
4628
4639
11957
4627
4628
11420
11958
4630
11423
11424
11959
4630
11411
11416
4632
4634
8732
4635
4643
8733
4634
4637
11426
11978
4635
11427
4637
4638
11428
4637
4639
11980
4642
11431
11982
4641
4642
4643
11439
4642
11985
4641
4642
11441
11986
4644
11444
11445
11987
4644
11432
11437
4646
4648
8758
4647
8760
4648
4649
8761
4652
8763
4651
4652
11467
4651
4652
11469
11471
11472
4654
4656
8765
4655
4658
8767
4656
4659
4665
8768
4667
8770
4658
4660
4673
11489
4659
11490
4660
4661
11491
4664
4676
11493
4663
4664
4665
11502
4663
4664
4682
11504
4668
11506
4683
11507
4667
4668
11495
4667
4668
11497
11499
11500
4670
4671
8773
4672
4674
8775
4672
4678
8776
4675
4679
8777
4674
4676
11531
4675
11532
4676
4681
11533
4683
11535
4678
4680
11538
4679
11539
4680
4681
11540
4684
11542
4683
4684
11544
4683
4684
11547
11548
11549
4686
4697
11999
12637
12641
12642
4687
4698
12644
12648
12649
4688
4701
12658
12662
12663
4689
4702
12665
12669
12670
4690
4705
12693
12697
12698
4691
4706
12700
12704
12705
4692
4709
12728
12732
12733
4693
4710
12735
12739
12740
4694
4713
12749
12753
12754
4714
12756
12760
12761
4696
4697
11999
16825
16829
16830
4699
12000
16832
16836
16837
4698
4699
4763
4764
4766
4700
4701
5668
5669
5671
4700
4719
5675
5676
5678
4703
4720
5682
5683
5685
4702
4703
4770
4771
4773
4704
4705
5703
5704
5706
4704
4721
5710
5711
5713
4707
4722
5717
5718
5720
4706
4707
4777
4778
4780
4708
4709
5724
5725
5727
4708
4723
5731
5732
5734
4711
4724
5738
5739
5741
4710
4711
4784
4785
4787
4712
4713
5745
5746
5748
4712
4725
5752
5753
5755
4715
4726
5759
5760
5762
4714
4715
4791
4792
4794
4716
4717
5794
5795
5797
4716
5801
5802
5804
12001
4718
5808
5809
5811
12002
4718
12032
12036
12037
12003
12763
12767
12768
4720
12000
12039
12043
12044
4721
12770
12774
12775
4722
12046
12050
12051
4723
12784
12788
12789
4724
12053
12057
12058
4725
12812
12816
12817
4726
12060
12064
12065
12001
12840
12844
12845
4729
4731
4729
4732
12006
4733
4735
4731
4732
12008
4733
4737
12109
4733
12010
12110
4739
12111
16707
16708
16710
4736
4738
4736
4739
4740
4742
4738
4739
4740
4744
4832
4740
4833
12673
12674
12676
4746
4834
12680
12681
12683
4743
4745
4743
4746
4747
12012
4745
4746
4747
4839
12014
4747
4840
12708
12709
12711
4841
12016
16714
16715
16717
4750
4752
12006
4750
4753
11999
12638
12641
12643
14855
14857
14859
14860
16826
16829
16831
4752
4753
12009
4846
12010
14856
14857
14860
14861
4847
14858
14859
14860
14861
4848
14855
14856
14858
4757
4759
12027
4757
12033
12036
12038
12757
12760
12762
14862
14865
14866
14867
4761
4759
12030
14863
14865
14867
14868
4761
4853
12031
4854
14862
14863
14864
4855
14864
14866
14867
14868
4766
4767
4768
5667
5674
8996
9000
9001
4766
4767
5668
12637
4766
4768
5675
16825
4767
4768
12638
16826
5671
5678
5672
12639
5679
16827
4773
4774
4775
5702
5709
6876
6877
6879
4773
4774
5703
12658
4773
4775
5669
5710
4774
4775
5670
6884
6885
6887
12659
5706
5713
5707
6890
6891
6894
12660
5673
5714
6897
6898
6900
4780
4781
4782
5723
5730
6988
6989
6991
4780
4781
5724
12693
4780
4782
5704
5731
4781
4782
5705
6996
6997
6999
12694
5727
5734
5728
7002
7003
7006
12695
5708
5735
7009
7010
7012
4787
4788
4789
5744
5751
7100
7101
7103
4787
4788
5745
12728
4787
4789
5725
5752
4788
4789
5726
7108
7109
7111
12729
5748
5755
5749
7121
7122
7125
12730
5729
5756
7128
7129
7131
4794
4795
4796
5793
5800
7240
7241
7243
4794
4795
5794
12749
4794
4796
5746
5801
4795
4796
5747
7248
7249
7251
12750
5797
5804
5798
7261
7262
7265
12751
5750
5805
7268
7269
7271
4799
12000
12040
12043
12045
14869
14871
14873
14874
16833
16836
16838
4799
4802
4803
12074
4802
14872
14873
14874
14875
4916
14869
14870
14872
4803
4917
12077
4918
12078
14870
14871
14874
14875
4806
4808
4806
4809
4810
12095
14876
14877
14878
4810
4958
14877
14879
14881
14882
4810
4959
12098
14878
14880
14881
14882
4960
12099
4813
4815
4813
4816
12076
4817
4819
4815
4816
12078
4817
4821
12186
16735
16737
16739
4817
12080
12187
4823
12188
4820
4822
4820
4823
4824
4826
4822
4823
12799
12801
12803
4824
4828
4965
12806
12808
12810
4824
4966
4830
4967
4827
4829
4827
4830
4831
12082
4829
4830
12834
12836
12838
4831
4972
12084
16742
16744
16746
4831
4973
4974
12086
4834
4836
4834
4837
12111
16524
16528
16529
4838
4840
13063
13067
13068
4836
4837
12113
4838
4842
4986
4838
4987
12115
16854
16855
16857
4844
4988
16861
16862
16864
4841
4843
4841
4844
16531
16535
16536
4845
12117
16867
16871
16872
4843
4844
4845
4993
12119
4845
4994
16875
16876
16878
4995
12121
16882
16883
16885
4850
12104
14883
14886
14888
14889
4851
14885
14887
14888
14889
16519
14883
14884
14885
4850
4851
12107
16521
5007
12108
14891
14892
14895
14896
5008
14893
14894
14895
14896
16523
5009
14890
14891
14893
4855
4857
12132
14897
14898
14899
4859
12138
14899
14901
14902
14903
4857
12135
14905
14907
14909
14910
4859
5014
12136
12140
5015
14904
14905
14906
5016
12142
14906
14908
14909
14910
4862
4864
4862
4865
4866
4868
4864
4865
4866
4870
5021
4866
5022
4872
5023
4869
4871
16519
4869
4872
4873
16545
4871
4872
16522
4873
5028
16523
4873
5029
16548
5030
16549
4876
4879
8044
13070
4876
4880
6246
4877
8046
4879
4880
8047
8051
4879
4880
6249
8052
13072
8049
8055
13073
6251
8056
4883
4886
8058
13091
4883
4887
6274
4884
8060
4886
4887
8061
13126
4886
4887
6277
13093
13127
8063
13094
13130
6279
13131
4890
4893
5767
8065
13105
4890
4894
5768
6309
4891
5770
8067
4893
4894
8068
13140
4893
4894
6312
13107
13141
8070
13108
13144
6314
13145
4897
4900
5816
8079
4897
4901
5817
6330
4898
5819
8082
4900
4901
8084
8086
4900
4901
6333
8087
8085
8091
6335
8092
4904
4907
6155
6364
7366
7368
7369
4904
4908
6371
14897
4905
6366
6373
7381
7382
7383
4907
4908
6367
6374
4907
4908
6158
14899
6160
6369
6376
14901
4911
4913
12139
4911
4914
4915
12172
4913
4914
12142
4915
5056
12143
4915
5057
12175
5058
12176
14911
14912
14913
4918
4921
16547
4922
12179
14911
14914
14916
14917
4921
14921
14922
14923
14924
16549
5063
14918
14919
14921
4922
5064
12182
16551
5065
12183
14919
14920
14923
14924
4926
4927
6169
8100
10502
10503
10507
4926
4929
6172
14911
4927
4929
8107
14912
4928
6174
8103
4928
8104
8109
10522
10526
10527
4929
8105
8110
8112
14914
8121
14925
14926
14927
4933
4936
8101
12145
12147
12149
12150
16930
8102
8128
14932
14933
14936
4935
8124
14926
14928
14930
14931
16932
8125
8130
14939
14940
14943
4936
8126
8131
14942
14943
14944
14945
16933
8106
8133
14935
14936
14937
14938
16935
8142
14946
14947
14948
4940
4943
8122
12152
12154
12156
12157
16951
8123
8149
14953
14954
14957
4942
8145
14947
14949
14951
14952
16953
8146
8151
14960
14961
14964
4943
8147
8152
14963
14964
14965
14966
16954
8127
8154
14956
14957
14958
14959
16956
6190
8163
14967
14968
14971
4947
4950
6193
8143
12159
12162
12163
12164
16986
8144
8170
14974
14975
14978
4949
6195
8166
14970
14971
14972
14973
16988
8167
8172
14981
14982
14985
4950
8168
8173
14984
14985
14986
14987
16989
8148
8175
14977
14978
14979
14980
16991
4953
4955
6204
8184
9038
9042
9043
4953
4957
8164
8191
9046
9048
9049
4956
8186
8193
9054
9055
9056
4955
4957
6207
8165
4956
6209
8188
4957
8189
8194
8169
8196
4960
4962
12166
12168
12170
12171
4960
4963
12167
12169
12170
12171
4964
12173
12207
14988
14989
14991
4964
5091
12175
14989
14990
14993
14994
4964
5092
12210
14991
14992
14993
14994
5093
12177
12211
4967
4969
13169
13172
13174
4967
4970
12188
4971
4973
4969
4970
12190
16938
16940
16942
4971
4975
5105
16945
16947
16949
4971
5106
12192
4977
5107
4974
4976
16959
16962
16964
4974
4977
4978
12194
4976
4977
16973
16975
16977
4978
5112
12196
16980
16982
16984
4978
5113
5114
12198
4981
4983
12113
4981
4984
12114
12216
4985
4987
12115
18083
18085
18089
4983
4984
12218
4985
4989
5119
4985
5120
12220
4991
5121
18090
18094
18095
4988
4990
4988
4991
16560
16562
16564
4992
4994
17015
17017
17019
4990
4991
4992
4996
5126
4992
5127
17022
17023
17025
4998
5128
17029
17030
17032
4995
4997
4995
4998
20177
20179
20181
4999
5001
17036
17038
17040
4997
4998
4999
5003
5133
4999
5134
20268
20269
20271
5005
5135
17050
17051
17053
5002
5004
12120
5002
5005
12121
16567
16569
16571
5006
12122
12222
17064
17067
17069
5004
5005
5006
5140
12224
5006
5141
17071
17072
17074
5142
12226
17077
17081
17082
5011
12216
14995
14998
15000
15001
5012
14997
14999
15000
15001
16554
14995
14996
14997
5011
5012
12219
16556
5147
12220
15003
15004
15007
15008
5148
15005
15006
15007
15008
16558
5149
15002
15003
15005
5016
5018
12230
15009
15010
15011
5020
12236
15011
15013
15014
15015
5018
12233
15017
15019
15021
15022
5020
5154
12234
12238
5155
15016
15017
15018
5156
12240
15018
15020
15021
15022
5023
5025
5023
5026
5027
5029
5025
5026
5027
5031
5161
5027
5162
5033
5163
5030
5032
16554
5030
5033
5034
16573
5032
5033
16557
5034
5168
16558
5034
5169
16576
5170
16577
5037
5040
6296
13196
13945
5037
5041
6297
8234
5038
6299
13947
5040
5041
10221
13948
5040
5041
8237
10222
13199
10225
13201
13950
8239
10226
5046
5047
5048
8313
8317
5047
5048
5851
8314
5046
5047
5852
8282
5046
5048
8283
8318
8285
8321
5853
8315
8316
8323
5051
5054
6372
6413
7422
7424
7425
5051
5055
6420
15009
5052
6415
6422
7437
7438
7439
5054
5055
6416
6423
5054
5055
6375
15011
6377
6418
6425
15013
5058
5060
12237
5058
5061
5062
12270
5060
5061
12240
5062
5196
12241
5062
5197
12273
5198
12274
15023
15024
15025
5065
5068
16575
5069
12277
15023
15026
15028
15029
5068
15033
15034
15035
15036
16577
5203
15030
15031
15033
5069
5204
12280
16579
5205
12281
15031
15032
15035
15036
5073
5074
8108
10242
11664
11665
11669
5073
5076
8111
15023
5074
5076
10249
15024
5075
8113
10245
5075
10246
10251
11684
11688
11689
5076
10248
10252
10254
15026
8171
8332
15037
15038
15041
5081
5083
8333
8338
15054
15055
15056
15057
17168
5081
5083
8174
12257
12260
12261
12262
17169
8339
15044
15045
15046
8176
8335
15040
15041
15042
15043
17172
8336
8342
15051
15052
15055
8343
15046
15048
15049
15050
17173
5086
5089
8192
8352
9172
9174
9175
5086
5090
8331
8359
9179
9181
9183
5087
8354
8361
9187
9188
9189
5089
5090
8355
8362
5089
5090
8195
8334
8197
8357
8337
8364
5093
5095
12264
12265
12268
12269
5093
5096
12266
12267
12268
12269
5097
12271
16580
15058
15059
15061
5097
5231
12273
15059
15060
15063
15064
5097
5232
15061
15062
15063
15064
16583
5233
12275
16584
5100
5102
12190
18098
18099
18103
5100
5103
12191
12279
5104
5106
12192
5102
5103
12281
5104
5108
5238
18104
18108
18109
5104
5239
12283
5110
5240
5107
5109
17121
17122
17125
5107
5110
5111
5113
5109
5110
17127
17129
17131
5111
5115
5245
17134
17136
17138
5111
5246
5117
5247
5114
5116
17149
17150
17153
5114
5117
5118
12285
5116
5117
20317
20319
20321
5118
5252
12287
17162
17164
17166
5118
5253
5254
12289
5121
5123
5121
5124
12300
5125
5127
18112
18115
18117
5123
5124
12302
5125
5129
5259
5125
5260
12304
5131
5261
18118
18122
18123
5128
5130
5128
5131
16595
16597
16599
5132
5134
17197
17199
17201
5130
5131
5132
5136
5266
5132
5267
17204
17205
17207
5138
5268
17211
17212
17214
5135
5137
5135
5138
20198
20200
20202
5139
5141
17218
17220
17222
5137
5138
5139
5143
5273
5139
5274
20331
20332
20334
5145
5275
17232
17233
17235
5142
5144
5142
5145
16602
16604
16606
5146
12306
17246
17249
17251
5144
5145
5146
5280
12308
5146
5281
17253
17254
17256
5282
12310
17259
17263
17264
5151
12300
15066
15067
15070
15071
5152
15068
15069
15070
15071
16589
15065
15066
15068
5151
5152
12303
16591
5287
12304
15073
15074
15077
15078
5288
15075
15076
15077
15078
16593
5289
15072
15073
15075
5156
5158
12314
15079
15080
15081
5160
12320
15081
15083
15084
15085
5158
12317
15087
15089
15091
15092
5160
5294
12318
12322
5295
15086
15087
15088
5296
12324
15088
15090
15091
15092
5163
5165
5163
5166
5167
5169
5165
5166
5167
5171
5301
5167
5302
5173
5303
5170
5172
16589
5170
5173
5174
16608
5172
5173
16592
5174
5308
16593
5174
5309
16611
5310
16612
5179
5180
5181
10291
14015
5179
5180
8270
13261
14016
5179
5181
8271
8403
5180
5181
8404
10292
13262
8272
14019
10295
13264
14020
8406
10296
5186
5187
5188
8481
8485
5187
5188
5886
8482
5186
5187
5887
8450
5186
5188
8451
8486
8452
8489
5889
8483
8484
8491
5191
5194
6421
6462
7478
7480
7481
5191
5195
6469
15079
5192
6464
6471
7493
7494
7495
5194
5195
6465
6472
5194
5195
6424
15081
6426
6467
6474
15083
5198
5200
12321
5198
5201
5202
12354
5200
5201
12324
5202
5336
12325
5202
5337
12357
5338
12358
15093
15094
15096
5205
5208
16610
5209
12361
15094
15095
15098
15099
5208
15103
15104
15105
15106
16612
5343
15100
15101
15103
5209
5344
12364
16614
5345
12365
15101
15102
15105
15106
5212
5215
10250
10312
11755
11758
11759
5212
5216
10319
15093
5213
10315
10321
11769
11772
11773
5215
5216
10317
10322
5215
5216
10253
15094
10255
10318
10324
15095
5221
5223
8500
8506
15124
15125
15126
15127
17350
8340
8501
15107
15108
15111
5221
5223
8341
12341
12344
12345
12346
17351
8507
15114
15115
15116
8344
8503
15110
15111
15112
15113
17354
8504
8510
15121
15122
15125
8511
15116
15118
15119
15120
17355
5226
5229
8360
8520
9305
9307
9308
5226
5230
8499
8527
9312
9314
9316
5227
8522
8529
9320
9321
9322
5229
5230
8523
8532
5229
5230
8363
8502
8365
8525
8505
8533
5233
5235
12348
12349
12352
12353
5233
5236
12350
12351
12352
12353
5237
12355
12382
15128
15129
15130
5237
5371
12357
15129
15131
15133
15134
5237
5372
12385
15130
15132
15133
15134
5373
12359
12386
5240
5242
18126
18129
18131
5240
5243
12363
5244
5246
5242
5243
12365
5244
5248
5378
18132
18136
18137
5244
5379
12367
5250
5380
5247
5249
17303
17304
17307
5247
5250
5251
5253
5249
5250
17309
17311
17313
5251
5255
5385
17316
17318
17320
5251
5386
5257
5387
5254
5256
17331
17332
17335
5254
5257
5258
12369
5256
5257
20380
20382
20384
5258
5392
12371
17344
17346
17348
5258
5393
5394
12373
5261
5263
5261
5264
12391
5265
5267
18140
18143
18145
5263
5264
12393
5265
5269
5399
5265
5400
12395
5271
5401
18146
18150
18151
5268
5270
5268
5271
16623
16625
16627
5272
5274
17379
17381
17383
5270
5271
5272
5276
5406
5272
5407
17386
17387
17389
5278
5408
17393
17394
17396
5275
5277
5275
5278
20219
20221
20223
5279
5281
17400
17402
17404
5277
5278
5279
5283
5413
5279
5414
20394
20395
20397
5285
5415
17414
17415
17417
5282
5284
5282
5285
16630
16632
16634
5286
12397
17428
17431
17433
5284
5285
5286
5420
12399
5286
5421
17435
17436
17438
5422
12401
17441
17445
17446
5291
12391
15136
15137
15140
15141
5292
15138
15139
15140
15141
16617
15135
15136
15138
5291
5292
12394
16619
5425
12395
15143
15144
15147
15148
5426
15145
15146
15147
15148
16621
5427
15142
15143
15145
5296
5298
12405
15149
15150
15151
5300
12411
15151
15153
15154
15155
5298
12408
15157
15159
15161
15162
5300
12409
12413
5432
15156
15157
15158
12415
15158
15160
15161
15162
5303
5305
5303
5306
5307
5309
5305
5306
5307
5311
5433
5307
5434
5313
5435
5310
5312
16617
5310
5313
5314
16636
5312
5313
16620
5314
5440
16621
5314
5441
16639
5442
16640
5319
5320
5321
10361
14085
5319
5320
8438
13324
14086
5319
5321
8439
8571
5320
5321
8572
10362
13325
8440
14089
10365
13327
14090
8574
10366
5326
5327
5328
8649
8653
5327
5328
5921
8650
5326
5327
5922
8618
5326
5328
8619
8654
8620
8657
5924
8651
8652
8659
5331
5334
6470
6511
7534
7536
7537
5331
5335
6518
15149
5332
6513
6520
7549
7550
7551
5334
5335
6514
6521
5334
5335
6473
15151
6475
6516
6523
15153
5338
5340
12412
5338
5341
5342
12445
5340
5341
12415
5342
12416
5342
12448
12449
15163
15164
15166
5345
5348
16638
5349
12452
15164
15165
15168
15169
5348
15173
15174
15175
15176
16640
5464
15170
15171
15173
5349
5465
12455
16642
5466
12456
15171
15172
15175
15176
5352
5355
10320
10382
11839
11842
11843
5352
5356
10389
15163
5353
10385
10391
11853
11856
11857
5355
5356
10387
10392
5355
5356
10323
15164
10325
10388
10394
15165
5361
5363
8670
8674
15194
15195
15196
15197
17532
8508
8671
15177
15178
15181
5361
5363
8509
12432
12435
12436
12437
17533
8675
15184
15185
15186
8512
8672
15180
15181
15182
15183
17536
8673
8678
15191
15192
15195
8679
15186
15188
15189
15190
17537
5366
5369
6532
8528
9438
9441
9442
5366
5370
6539
8667
9445
9447
9449
5367
6534
6541
9452
9455
9456
5369
5370
6535
6542
5369
5370
8530
8668
6537
8531
6544
8669
5373
5375
12439
12441
12443
12444
5373
5376
12440
12442
12443
12444
5377
12446
12473
15198
15199
15200
5377
5492
12448
15199
15201
15203
15204
5377
5493
12476
15200
15202
15203
15204
5494
12450
12477
5380
5382
18154
18157
18159
5380
5383
12454
5384
5386
5382
5383
12456
5384
5388
5499
18160
18164
18165
5384
5500
12458
5390
5501
5387
5389
17485
17486
17489
5387
5390
5391
5393
5389
5390
17491
17493
17495
5391
5395
5506
17498
17500
17502
5391
5507
5397
5508
5394
5396
17513
17514
17517
5394
5397
5398
12460
5396
5397
20443
20445
20447
5398
5513
12462
17526
17528
17530
5398
5514
5515
12464
5401
5403
5401
5404
12482
5405
5407
18168
18171
18173
5403
5404
12484
5405
5409
12544
5405
12486
12545
5411
12546
18174
18175
18180
5408
5410
5408
5411
16651
16653
16655
5412
5414
17561
17563
17565
5410
5411
5412
5416
5520
5412
5521
17568
17569
17571
5418
5522
17575
17576
17578
5415
5417
5415
5418
20240
20242
20244
5419
5421
17582
17584
17586
5417
5418
5419
5423
5527
5419
5528
20457
20458
20460
5424
5529
17596
17597
17599
5422
5422
5424
16658
16660
16662
12487
17611
17612
17614
5424
17617
17619
5429
12482
15206
15207
15210
15211
5430
15208
15209
15210
15211
16645
15205
15206
15208
5429
5430
12485
16647
5532
12486
15213
15215
15217
15218
5533
15214
15216
15217
15218
16649
5534
15212
15213
15214
15219
15220
5435
5437
5435
5438
5439
5441
5437
5438
5439
5443
5539
5439
5540
5445
5541
5442
5444
16645
5442
5445
5446
16664
5444
5445
16648
5446
5546
16649
5446
5547
16667
5548
16668
5451
5452
5453
10431
14155
5451
5452
8606
13387
14156
5451
5453
8607
8711
5452
5453
8712
10432
13388
8608
14159
10435
13390
14160
8714
10436
5458
5459
5460
8779
5458
5460
5956
8780
5459
5460
5957
8758
5458
5459
8759
8783
8760
5959
8784
5463
6519
6553
9543
9546
9547
5463
6522
15220
6524
6558
15222
15223
15225
5466
5469
16666
5470
12516
15223
15224
15227
15228
5469
15231
15233
15234
15235
16668
5560
15229
15230
15231
5470
5561
12519
16670
5562
12520
15230
15232
15234
15235
5473
5476
10390
10452
11923
11926
11927
5473
5477
10460
15222
5474
10455
10462
11937
11940
11941
5476
5477
10457
10464
5476
5477
10393
15223
10395
10458
10465
15224
5482
5484
8789
8794
15253
15254
15255
15256
17705
8676
8790
15236
15237
15240
5482
5484
8677
12503
12506
12507
12508
17706
8795
15243
15244
15245
8680
8791
15239
15240
15241
15242
17709
8792
8797
15250
15251
15254
8798
15245
15247
15248
15249
17710
5487
5490
6540
6567
9550
9553
9554
5487
5491
6574
8786
9557
9559
9561
5488
6569
6576
9564
9567
9568
5490
5491
6570
6577
5490
5491
6543
8787
6545
6572
6579
8788
5494
5496
12510
12512
12514
12515
5494
5497
12511
12513
12514
12515
5498
16671
15257
15258
15259
5498
15258
15260
15262
15263
5498
15259
15261
15262
15263
16674
16675
5501
5503
18182
18185
18187
5501
5504
12518
5505
5507
5503
5504
12520
5505
5509
12575
18188
18190
18194
5505
12522
12576
5511
12577
5508
5510
17658
17659
17662
5508
5511
5512
5514
5510
5511
17664
17666
17668
5512
5516
5602
17671
17673
17675
5512
5603
5518
5604
5515
5517
17686
17687
17690
5515
5518
5519
12524
5517
5518
20506
20508
20510
5519
5609
12526
17699
17701
17703
5519
5610
5611
12528
5522
5524
5522
5525
12546
16686
16688
16690
5526
5528
17748
17750
17752
5524
5525
12548
5526
5530
5526
5618
12550
17754
17758
17759
5531
5619
13469
13473
13474
5529
5529
5531
16693
16695
16697
17762
17765
5531
5620
17773
17777
17778
5536
12539
15265
15266
15269
15270
5537
15267
15268
15269
15270
16680
15264
15265
15267
5536
5537
12542
16682
5621
12543
15272
15274
15276
15277
5622
15273
15275
15276
15277
16684
5623
15271
15272
15273
5541
5543
5541
5544
5545
5547
5543
5544
5545
5549
5545
5551
5548
5550
16680
5548
5551
5552
16699
5550
5551
16683
5552
16684
5552
16702
16703
5557
5558
5559
8884
13497
5557
5558
8744
13462
13498
5557
5559
6590
8745
5558
5559
6591
8885
13463
8746
13501
8888
13464
13502
6594
8889
15278
15279
15281
5562
5565
16701
5566
12568
15279
15280
15283
15284
5565
15287
15289
15290
15291
16703
5626
15285
15286
15287
5566
5627
12571
16705
5628
12572
15286
15288
15290
15291
5569
5572
8891
10459
10593
10596
10597
5569
5573
8899
15278
5570
8893
8901
10607
10610
10611
5572
5573
8894
8903
5572
5573
10461
15279
8896
10463
8904
15280
8912
15292
15293
15295
8892
8920
15299
15300
15303
8914
8922
15306
15307
15310
5579
5580
8915
8924
15309
15310
15311
15312
17810
5579
5580
8895
12554
12555
12556
12557
17811
8917
15295
15296
15297
15298
17814
8897
8925
15302
15303
15304
15305
17815
8933
20120
20121
20123
8913
8941
18867
18868
18871
8935
8943
18874
18875
18878
5586
5587
8936
8945
17838
18877
18878
18879
18880
5586
5587
8916
17839
19066
19067
19068
19069
8938
17842
20123
20124
20125
20126
8918
8946
17843
18870
18871
18872
18873
8793
8955
15313
15314
15317
8934
8962
15320
15321
15324
8957
8964
15327
15328
15331
5593
5594
8959
8966
15330
15331
15332
15333
17866
5593
5594
8796
8937
12561
12562
12563
12564
17867
8799
8960
15316
15317
15318
15319
17870
8939
8967
15323
15324
15325
15326
17871
5597
5600
6575
6696
9592
9595
9596
5597
5601
6703
8954
9599
9601
9602
5598
6698
9606
9609
9610
5600
5601
6699
6704
5600
5601
6578
8956
6580
6701
6706
8958
5604
5606
17819
17820
17823
5604
5607
12577
5608
5610
5606
5607
12579
17825
17828
17830
5608
5612
5648
13540
13543
13545
5608
12581
5614
5611
5613
17847
17848
17851
5611
5614
5615
12583
5613
5614
17853
17856
17858
5615
5649
12585
17860
17863
17865
5615
12587
5617
12549
12597
5618
12550
16791
16793
16795
5619
12599
12601
12603
5620
12904
12906
12908
12606
12608
12610
12597
15335
15336
15339
15340
5624
15337
15338
15339
15340
15334
15335
15337
5625
12635
12889
12893
12894
15334
15336
15338
15339
17894
17898
17899
15341
15342
15344
5628
5631
5632
12633
15342
15343
15346
15347
5630
5631
5632
12636
12952
12956
12957
15341
15343
15345
15346
17901
17905
17906
5632
5635
5638
6785
8898
9627
9630
9631
5635
5639
12952
15341
5636
6787
12954
5638
5639
6788
12955
5638
5639
8900
15342
6790
8902
12957
15343
6799
8961
15348
15349
15352
5642
5646
7905
7907
7908
12627
12628
12630
12631
13022
5643
6800
7913
7914
7915
13024
15349
15350
15351
15353
5645
5646
6801
13025
16811
5645
5646
8963
12629
12630
12631
12632
16812
6803
8965
15351
15352
15353
15354
16815
13027
16816
12579
16799
16800
16803
12975
12976
12979
16806
16807
16810
5651
12635
12890
12893
12895
5652
5657
12897
12900
12902
5653
12918
12921
12923
5654
5660
12925
12928
12930
12939
12942
12944
5656
12635
17895
17898
17900
5658
12636
17902
17905
17907
5659
6026
6027
6030
5659
6033
6034
6037
5661
5664
6040
6041
6044
5662
6054
6055
6058
5662
6061
6062
6065
5663
5665
6068
6069
6072
6082
6083
6086
12960
12963
12965
12988
12991
12993
13016
13019
13021
5671
5672
5673
5681
6806
6807
6809
5671
5672
12644
5671
5673
5682
5672
5673
6814
6815
6817
12645
5685
6827
6828
6831
12646
5686
6834
6835
6837
5678
5679
5680
5681
9017
9021
9022
5678
5679
16832
5678
5680
5683
12039
5679
5680
12040
16833
5685
16834
5687
12041
5685
5686
5687
6841
6842
6844
5685
5686
5710
5685
5687
12770
5686
5687
5712
6849
6850
6852
12771
5714
6862
6863
6865
6869
6870
6873
12772
5692
5693
5694
6812
6819
5692
5694
6813
12651
5692
5693
6245
6820
12652
5693
5694
6246
6816
6823
12653
6247
6824
6818
5699
5700
5701
6847
6854
5699
5701
6848
12777
5700
5701
6252
5699
5700
6253
6855
12778
6851
6858
12779
6254
6859
6853
5706
5707
5708
5716
6904
6905
6907
5706
5707
12665
5706
5708
5717
5707
5708
6912
6913
6915
12666
5720
6918
6919
6922
12667
5721
6925
6926
6928
5713
5714
5715
5716
6932
6933
6935
5713
5714
5713
5715
5718
12046
5714
5715
6940
6941
6944
12047
5720
6946
6947
6950
5722
6953
6954
6957
12048
5720
5721
5722
6960
6961
6963
5720
5721
5731
5720
5722
12784
5721
5722
5733
6968
6969
6971
12785
5735
6974
6975
6977
6981
6982
6985
12786
5727
5728
5729
5737
7016
7017
7019
5727
5728
12700
5727
5729
5738
5728
5729
7024
7025
7027
12701
5741
7030
7031
7034
12702
5742
7037
7038
7040
5734
5735
5736
5737
7044
7045
7047
5734
5735
5734
5736
5739
12053
5735
5736
7052
7053
7056
12054
5741
7058
7059
7062
5743
7065
7066
7069
12055
5741
5742
5743
7072
7073
7075
5741
5742
5752
5741
5743
12812
5742
5743
5754
7080
7081
7083
12813
5756
7086
7087
7089
7093
7094
7097
12814
5748
5749
5750
5758
7135
7136
7138
5748
5749
12735
5748
5750
5759
5749
5750
7143
7144
7146
12736
5762
7156
7157
7160
12737
5763
7163
7164
7166
5755
5756
5757
5758
7170
7171
7173
5755
5756
5755
5757
5760
12060
5756
5757
7178
7179
7182
12061
5762
7191
7192
7195
5764
7198
7199
7202
12062
5762
5763
5764
7205
7206
7208
5762
5763
5801
5762
5764
12840
5763
5764
5803
7213
7214
7216
12841
5805
7226
7227
7229
7233
7234
7237
12842
5769
5770
5771
7106
7113
5769
5771
7107
12742
5769
5770
7114
12743
5770
5771
7110
7117
12744
7118
7112
5776
5777
5778
7141
7148
5776
5778
5815
7142
5776
5777
6329
7149
5777
5778
5817
6330
7145
7152
6331
7153
5820
7147
5783
5784
5785
7176
7183
5783
5785
7177
12847
5784
5785
6336
5783
5784
6337
7184
12848
7180
7187
12849
6338
7188
7181
5790
5791
5792
7211
7218
5790
5792
5822
7212
5791
5792
5823
6343
5790
5791
6344
7219
7215
7222
6345
7223
5826
7217
5797
5798
5799
5807
7275
7276
7278
5797
5798
12756
5797
5799
5808
12032
5798
5799
12033
12757
5811
12758
5812
12034
5804
5805
5806
5807
7296
7297
7299
5804
5805
5804
5806
5809
12067
5805
5806
7304
7305
7308
12068
5811
7317
7318
7321
5813
7324
7325
7328
12069
5811
5812
5813
7331
7332
7334
5811
5812
12763
5811
5813
12854
5812
5813
12764
12855
7352
7353
7356
12765
12856
5818
5819
5820
7246
7253
5818
5820
7247
5818
5819
7254
5819
5820
7250
7257
7258
7252
5825
5826
5827
7302
7309
5825
5826
7303
5826
5827
5835
5825
5827
5836
7310
7306
7313
7307
5837
7315
5832
5833
5834
7337
7344
5832
5833
5832
5834
5842
7338
5833
5834
5843
7345
7341
7348
5844
7343
7350
5837
5841
6343
5837
5840
9038
5838
9040
5840
5841
9041
9045
5840
5841
6347
9046
9043
9049
6349
9051
5844
5848
9059
5844
5847
9066
5845
9062
9068
5847
5848
9064
9069
9073
5847
5848
9074
9071
9077
9065
9079
5853
5854
5855
9094
9104
5854
5855
6351
9095
5853
5854
9105
5853
5855
6352
9106
9099
9107
6356
9100
5860
5861
5862
9115
9122
5860
5862
6358
9116
5861
5862
5871
6359
5860
5861
5872
9123
9119
9126
5876
9128
6363
9121
5867
5868
5869
9136
9146
9150
5867
5869
9137
5868
5869
5878
9147
5867
5868
5879
9151
9140
9154
5882
9148
9156
9142
9149
5874
5875
5876
9171
9178
5874
5876
8289
5875
5876
9172
5874
5875
8290
9179
8292
9182
9175
9183
9176
5881
5882
5883
9195
9199
9206
5882
5883
9196
5881
5882
9200
5881
5883
9207
9203
9210
9197
9204
9198
9212
5888
5889
5890
9227
9237
5888
5890
8296
9228
5889
5890
9238
5888
5889
8297
8298
9231
9239
9233
9240
5895
5896
5897
9248
9255
5895
5896
8303
9249
5895
5897
5906
8304
5896
5897
5907
9256
8305
9252
9253
9259
5911
9261
5902
5903
5904
9269
9279
9283
5902
5904
9270
5903
5904
5913
9280
5902
5903
5914
9284
9273
9287
5917
9281
9289
9275
9282
5909
5910
5911
9304
9311
5909
5911
8457
5910
5911
9305
5909
5910
8458
9312
8459
9315
9308
9316
9309
5916
5917
5918
9328
9332
9339
5917
5918
9329
5916
5917
9333
5916
5918
9340
9336
9343
9330
9337
9331
9345
5923
5924
5925
9360
9370
5923
5925
8464
9361
5924
5925
9371
5923
5924
8465
8466
9364
9372
9366
9373
5930
5931
5932
9381
9389
5930
5931
8471
9382
5930
5932
5941
8472
5931
5932
5942
9390
8473
9385
9386
9392
5946
9394
5935
5939
5948
9409
5935
5938
5949
9416
5936
5953
9413
9418
5938
5939
9402
9414
9419
5938
5939
9403
9406
9421
9408
9415
5944
5945
5946
9440
9444
5944
5946
8625
5945
5946
9441
5944
5945
8626
9445
8627
9448
9442
9449
9443
5951
5952
5953
7554
7561
7568
5951
5953
7555
5952
5953
7562
5951
5952
7569
7558
7572
7565
7573
7559
7566
5958
5959
5960
9458
9465
5958
5960
8632
9459
5959
5960
9466
5958
5959
8633
8634
9462
9469
9464
9471
5965
5966
5967
9482
9486
9496
5966
5967
9483
5965
5966
5976
9487
5965
5967
5977
9497
5981
9491
9498
9484
9492
9485
9499
5972
5973
5974
9514
9524
5972
5974
8639
9515
5972
5973
5983
8640
5973
5974
5984
9525
8641
9518
5988
9526
9520
9527
5979
5980
5981
9535
9545
5979
5981
9536
5980
5981
9546
5979
5980
9539
9547
9541
9548
5986
5987
5988
9552
9556
5986
5988
8765
5987
5988
9553
5986
5987
8766
9557
8767
9560
9554
9561
9555
5993
5994
5995
9570
9580
5993
5995
8772
9571
5993
5994
5997
8773
5994
5995
5998
9581
8775
9574
6001
9582
9576
9583
6000
6001
6002
9594
9598
6001
6002
6673
6000
6001
9595
6000
6002
6674
9599
9596
9602
9597
6678
9604
6007
6008
6009
7708
7715
6007
6008
6602
7709
12882
6007
6009
6603
6008
6009
7716
12883
6604
7712
7713
7719
12884
7720
6014
6015
6016
7743
7750
6014
6016
6609
6014
6015
6610
7744
12945
6015
6016
7751
12946
6611
7747
7748
7754
12947
7756
6021
6022
6023
6024
6031
8976
8979
8981
6021
6022
12889
17894
6021
6023
6026
12890
6022
6023
6033
17895
6028
12891
6035
17896
6030
6037
6028
6029
6030
6038
7703
7704
7707
6028
6029
6046
7717
7718
7721
12896
6028
6030
12897
6029
6030
6040
6048
7723
7725
7728
12898
6042
6050
7730
7732
7735
6044
6035
6036
6037
6038
9620
9623
9625
6035
6036
12952
17901
6035
6037
17902
6036
6037
6041
12953
17903
6043
12954
6044
6042
6043
6044
7738
7739
7742
6042
6043
6060
7752
7753
7755
12959
6042
6044
6061
6043
6044
12960
6063
7758
7760
7762
7765
7767
7770
12961
6049
6050
6051
6052
6059
6731
6732
6735
6049
6050
6738
6739
6742
12917
6049
6051
6054
12918
6050
6051
6061
6056
6744
6746
6749
12919
6063
6751
6753
6756
6058
6065
6056
6057
6058
6066
7773
7774
7777
6056
6057
6074
7780
7781
7784
12924
6056
6058
12925
6057
6058
6068
6076
7786
7788
7791
12926
6070
6078
7793
7795
7798
6072
6063
6064
6065
6066
7801
7802
7805
6063
6064
7808
7809
7812
12980
6063
6065
6064
6065
6069
12981
7814
7816
7819
6071
7821
7823
7826
12982
6072
6070
6071
6072
7829
7830
7833
6070
6071
6081
7836
7837
7839
12987
6070
6072
6082
6071
6072
12988
6084
7842
7844
7846
7849
7851
7854
12989
6077
6078
6079
6080
6759
6760
6763
6077
6078
6766
6767
6770
12938
6077
6079
12939
6078
6079
6082
6772
6774
6777
12940
6084
6779
6781
6784
6086
6084
6085
6086
7857
7858
7861
6084
6085
7864
7865
7868
13008
6084
6086
6085
6086
6088
13009
7870
7872
7875
6089
7877
7879
7882
13010
6089
6100
7885
7886
7888
13015
6089
13016
7891
7893
7896
13017
6094
6095
6096
7897
7904
6094
6096
6679
6094
6095
6680
7898
12626
6095
6096
7905
12627
6681
7901
7902
7908
12628
7909
6099
6686
6099
6687
7919
6688
7922
6102
7906
7907
7910
13022
6102
6103
13023
6104
7912
7914
7917
13024
6104
13029
7926
7928
7931
13030
6107
6110
12638
14855
6107
6111
6113
7932
9003
9007
9009
6108
6114
12639
6110
6111
6115
12640
6110
6111
7933
14856
12643
14857
6118
7935
6114
6117
6813
6814
6816
12645
12651
12653
12655
12656
6114
6118
6820
6821
6823
7939
12652
12653
12656
12657
6115
6828
6829
6830
12646
6117
6118
12647
16706
6117
6118
7940
12654
12655
12656
12657
16709
12650
16711
7942
16712
6121
6125
12714
6121
6124
9640
13077
6122
9642
6124
6125
9643
6124
6125
12718
13078
9645
13080
12720
6128
6131
7107
7108
7110
12729
12742
12744
12746
12747
6134
8016
15355
15356
15359
6129
6135
7122
7123
7124
12730
15356
15357
15358
15360
6131
6132
6136
12731
16720
6131
6132
8017
12745
12746
12747
12748
16723
12734
16725
6139
8019
15358
15359
15360
15361
16726
6135
6138
6140
7142
7143
7145
12736
8023
15362
15363
15366
6136
7157
7158
7159
12737
15363
15364
15365
15367
6138
6139
12738
16727
6138
6139
6144
8025
16730
6145
12741
16732
8026
15365
15366
15367
15368
16733
6142
6145
7247
7248
7250
12750
6142
6146
6148
6217
7254
7255
7257
6143
6149
7262
7263
7264
12751
6145
6146
6150
12752
6145
6146
6221
12755
6153
6222
6149
6152
12757
14862
6149
6153
6224
7282
7283
7285
6150
12758
6152
6153
12759
6152
6153
6228
14863
12762
14865
6229
6156
6159
12033
14862
6156
6160
6162
7289
7290
7292
6157
6163
12034
6159
6160
6164
12035
6159
6160
14864
12038
14866
6167
6163
6166
12764
14876
6163
6167
6364
7338
7339
7341
6164
7353
7354
7355
12765
6166
6167
12766
6166
6167
6368
14877
12769
14879
6369
6170
6173
12040
14869
6170
6174
6176
9024
9028
9029
6171
6177
12041
6173
6174
6178
12042
6173
6174
14870
12045
14871
6181
6177
6180
6848
6850
6851
12771
12777
12779
12781
12782
6177
6181
6855
6856
6858
8100
12778
12779
12782
12783
6178
6870
6871
6872
12772
6180
6181
12773
16734
6180
6181
8101
12780
12781
12782
12783
16736
12776
16738
8103
16740
6184
6188
12819
6184
6187
9647
13161
6185
9649
6187
6188
9650
6187
6188
12823
13162
9652
13164
12825
6191
6194
7177
7179
7180
12061
12847
12849
12851
12852
6197
15369
15370
15373
6192
6198
7199
7200
7201
12062
15370
15371
15372
15375
6194
6195
6199
12063
16748
6194
6195
12850
12851
12852
12853
16750
12066
16752
6202
15372
15373
15374
15375
16754
6198
6201
6203
7212
7214
7215
12841
8163
15376
15377
15380
6199
7234
7235
7236
12842
15377
15378
15379
15381
6201
6202
12843
16755
6201
6202
6207
8165
16757
6208
12846
16759
8166
15379
15380
15381
15382
16761
6205
6208
7303
7305
7306
12068
6205
6209
6211
7310
7311
7313
6206
6212
7325
7326
7327
12069
6208
6209
6213
12070
6208
6209
12073
6216
6212
6215
12855
14876
6212
6216
7345
7346
7348
8184
6213
12856
6215
6216
12857
6215
6216
8187
14878
12860
14880
8188
6219
6222
6224
8079
8081
8085
6219
6223
6231
8024
8087
8088
8091
6220
6226
6233
8094
8097
8099
6222
6223
6227
6234
6222
6223
8025
6229
6236
8027
6226
6229
7359
7361
7362
6226
6230
6238
14897
6227
6240
7374
7375
7376
6229
6230
6241
6229
6230
14898
6243
14900
6233
6236
8037
9095
9096
9099
6233
6237
6239
6385
9101
9105
9107
6234
6240
9109
9112
9114
6236
6237
6241
6236
6237
6389
8038
8040
6244
6390
6240
6243
14904
6240
6244
6392
7387
7388
7390
6241
7402
7403
7404
6243
6244
6243
6244
6396
14905
14907
6397
6247
6250
9654
13049
6247
6251
6248
9656
6250
6251
9657
9661
6250
6251
9662
13051
9659
9665
13052
9666
6254
6258
6280
6254
6257
9675
13147
6255
9677
6257
6258
9678
9682
6257
6258
6284
9683
13149
9680
9686
13150
6286
9688
6263
6264
6265
9696
9703
6263
6265
6295
9697
13056
6263
6264
8233
9704
13057
6264
6265
6297
8234
9700
9707
13058
8235
9708
6300
9702
6270
6271
6272
9717
9724
6270
6272
6302
9718
13154
6271
6272
6303
8240
6270
6271
8241
9725
13155
9721
9728
13156
8242
9729
6307
9723
6275
6278
9738
13077
6275
6279
6276
9740
6278
6279
9741
13637
6278
6279
13079
13638
9743
13081
13641
13642
6282
6286
6282
6285
9745
12144
6283
9747
6285
6286
9748
9752
6285
6286
9753
12146
9750
9756
12148
9757
6289
6293
6315
6289
6292
9759
13161
6290
9761
6292
6293
9762
13658
6292
6293
6319
13163
13659
9764
13165
13662
6321
13664
6298
6299
6300
9766
13672
6298
6300
9767
13084
6298
6299
13085
13673
6299
6300
9770
13086
13676
13677
9772
6305
6306
6307
9773
13686
6305
6307
9774
13175
6306
6307
8261
6305
6306
8262
13176
13687
9777
13177
13690
8263
13691
9778
6310
6313
9780
13098
6310
6314
6311
9782
6313
6314
9783
13700
6313
6314
13100
13701
9785
13102
13704
13705
6317
6321
6317
6320
9787
12151
6318
9789
6320
6321
9790
13714
6320
6321
12153
13715
9792
12155
13718
13719
6324
6328
6336
6324
6327
9794
13182
6325
9796
6327
6328
9797
13728
6327
6328
6340
13184
13729
9799
13186
13732
6342
13734
6331
6334
9801
6331
6335
6332
9803
6334
6335
9804
9808
6334
6335
9809
9806
9812
9813
6338
6342
6338
6341
9822
12158
6339
9824
6341
6342
9825
13742
6341
6342
12160
13743
9827
12161
13746
13747
6345
6349
6345
6348
9836
6346
9838
6348
6349
9839
9843
6348
6349
9844
9841
9847
9848
6354
6355
6356
9871
9878
6354
6356
9872
6355
6356
8282
6354
6355
8284
9879
9875
9882
8286
9883
9876
6361
6362
6363
9906
9913
6361
6363
9907
6362
6363
8289
6361
6362
8291
9914
9910
9917
8293
9918
9911
6366
6369
9059
9061
9065
6366
6370
6378
9074
9075
9079
12165
6367
6380
9081
9084
9086
6369
6370
6381
6369
6370
12166
6383
12168
6373
6376
14904
6373
6377
6379
7394
7395
7397
6374
6380
7409
7410
7411
6376
6377
6381
6376
6377
14906
14908
6384
6380
6383
9137
9138
9142
14988
6380
6384
6413
9143
9147
9149
6381
9158
9161
9163
6383
6384
6383
6384
6417
14989
14990
6418
6387
6390
6392
8311
8314
8316
6387
6391
6399
8212
8318
8319
8323
6388
6394
6401
8325
8328
8330
6390
6391
6395
6402
6390
6391
8213
6397
6404
8215
6394
6397
7415
7417
7418
6394
6398
6406
15009
6395
6408
7430
7431
7432
6397
6398
6409
6397
6398
15010
6411
15012
6401
6404
8226
9228
9229
9233
6401
6405
6407
6434
9234
9238
9240
6402
6408
9242
9245
9247
6404
6405
6409
6404
6405
6438
8227
8228
6412
6439
6408
6411
15016
6408
6412
6441
7443
7444
7446
6409
7458
7459
7460
6411
6412
6411
6412
6445
15017
15019
6446
6415
6418
9193
9196
9198
6415
6419
6427
9207
9208
9212
12263
6416
6429
9214
9217
9219
6418
6419
6430
6418
6419
12264
6432
12265
6422
6425
15016
6422
6426
6428
7450
7451
7453
6423
6429
7465
7466
7467
6425
6426
6430
6425
6426
15018
15020
6433
6429
6432
9270
9271
9275
15058
6429
6433
6462
9276
9280
9282
6430
9291
9294
9296
6432
6433
6432
6433
6466
15059
15060
6467
6436
6439
6441
8479
8482
8484
6436
6440
6448
8380
8486
8487
8491
6437
6443
6450
8493
8496
8498
6439
6440
6444
6451
6439
6440
8381
6446
6453
8382
6443
6446
7471
7473
7474
6443
6447
6455
15079
6444
6457
7486
7487
7488
6446
6447
6458
6446
6447
15080
6460
15082
6450
6453
8394
9361
9362
9366
6450
6454
6456
6483
9367
9371
9373
6451
6457
9375
9378
9380
6453
6454
6458
6453
6454
6487
8395
8396
6461
6488
6457
6460
15086
6457
6461
6490
7499
7500
7502
6458
7514
7515
7516
6460
6461
6460
6461
6494
15087
15089
6495
6464
6467
9326
9329
9331
6464
6468
6476
9340
9341
9345
12347
6465
6478
9347
9350
9352
6467
6468
6479
6467
6468
12348
6481
12349
6471
6474
15086
6471
6475
6477
7506
7507
7509
6472
6478
7521
7522
7523
6474
6475
6479
6474
6475
15088
15090
6482
6478
6481
9403
9404
9408
15128
6478
6482
6511
9409
9410
9415
6479
9424
9427
9429
6481
6482
6481
6482
6515
15129
15131
6516
6485
6488
6490
8647
8650
8652
6485
6489
6497
8548
8654
8655
8659
6486
6492
6499
8661
8664
8666
6488
6489
6493
6500
6488
6489
8549
6495
6502
8550
6492
6495
7527
7529
7530
6492
6496
6504
15149
6493
6506
7542
7543
7544
6495
6496
6507
6495
6496
15150
6509
15152
6499
6502
8562
9459
9460
9464
6499
6503
6505
8703
9466
9467
9471
6500
6506
9474
9475
9478
6502
6503
6507
6502
6503
8563
8704
8564
6510
8705
6506
6509
9479
9483
9484
15156
6506
6510
8706
9487
9488
9492
6507
9501
9504
9506
6509
6510
6509
6510
8707
15157
15159
8708
6513
6516
7555
7557
7558
6513
6517
6525
7569
7570
7572
12438
6514
6527
7577
7578
7579
6516
6517
6528
6516
6517
12439
6530
12441
6520
6523
9480
9483
9485
15156
6520
6524
6526
9493
9497
9499
6521
6527
9508
9509
9513
6523
6524
6528
6523
6524
15158
15160
6531
6527
6530
15198
6527
6531
6553
7590
7591
7593
6528
7605
7606
7607
6530
6531
6530
6531
6557
15199
15201
6558
6534
6537
7562
7564
7565
8535
6534
6538
6546
7569
7571
7573
12438
6535
6548
7584
7585
7586
6537
6538
6549
6537
6538
8537
12440
8538
6551
12442
6541
6544
8681
9515
9517
9520
6541
6545
6547
9521
9525
9527
6542
6548
9529
9532
9534
6544
6545
6549
6544
6545
8682
8683
6552
6548
6551
15198
6548
6552
6567
7597
7598
7600
6549
7612
7613
7614
6551
6552
6551
6552
6571
15200
15202
6572
6555
6558
7618
7620
7621
6555
6559
6560
12509
6556
6562
7633
7634
7635
6558
6559
6563
6558
6559
12510
6565
12512
6562
6565
15257
6562
6566
6693
7646
7647
7649
6563
7661
7662
7663
6565
6566
6565
6566
15258
15260
6569
6572
7625
7627
7628
6569
6573
6581
12509
6570
6583
7640
7641
7642
6572
6573
6584
6572
6573
12511
6586
12513
6576
6579
8800
9571
9573
9576
6576
6580
6582
9577
9581
9583
6577
6583
9585
9588
9590
6579
6580
6584
6579
6580
8802
8803
6587
6583
6586
15257
6583
6587
6696
7653
7654
7656
6584
7668
7669
7670
6586
6587
6586
6587
6700
15259
15261
6701
6592
6593
6594
9927
9934
6592
6593
8723
9928
13448
6592
6594
8724
6593
6594
9935
13449
8725
9931
9932
9938
13450
9939
6599
6600
6601
9948
9955
6599
6601
6617
8730
6599
6600
8731
9949
13511
6600
6601
6619
9956
13512
8732
9952
9953
9959
13513
6622
9961
6604
6607
9969
13455
6604
6608
6624
6605
9971
6607
6608
9972
9976
6607
6608
6627
9977
13456
9974
9980
13458
6629
9982
6611
6615
6637
6611
6614
9990
13518
6612
9992
6614
6615
9993
9997
6614
6615
6641
9998
13519
9995
10001
13521
6643
10003
6620
6621
6622
10011
13763
6620
6622
8751
6620
6621
8752
12551
13764
6621
6622
10012
12552
8753
13767
10015
12553
13768
10016
6625
6628
10018
13476
6625
6629
6626
10020
6628
6629
10021
10025
6628
6629
10026
13477
10023
10029
13479
10031
6632
6635
10032
13483
6632
6636
6652
6633
10034
6635
6636
10035
13784
6635
6636
6655
13484
13785
10037
13486
13788
6657
13790
6639
6643
6639
6642
10039
13525
6640
10041
6642
6643
10042
10046
6642
6643
10047
13526
10044
10050
13529
10051
6646
6650
6658
6646
6649
10053
13532
6647
10055
6649
6650
10056
13805
6649
6650
6662
13533
13806
10058
13535
13809
6664
13811
6653
6656
10060
13490
6653
6657
6654
10062
6656
6657
10063
13819
6656
6657
13491
13820
10065
13493
13823
13825
6660
6664
6660
6663
10067
13546
6661
10069
6663
6664
10070
13840
6663
6664
13547
13841
10072
13550
13844
13845
6667
6671
6679
6667
6670
10074
13553
6668
10076
6670
6671
10077
13854
6670
6671
6683
13554
13855
10079
13556
13858
6685
13860
6676
6677
6678
10095
10102
6676
6678
8773
6677
6678
10096
6676
6677
8774
10103
8776
10106
10099
10107
10100
6681
6685
6681
6684
10116
13560
6682
10118
6684
6685
10119
13875
6684
6685
13561
13876
10121
13563
13879
13880
6688
6692
6688
6691
10137
6689
10139
6691
6692
10130
10140
6691
6692
10131
10134
10142
10135
6695
7674
7676
7677
6695
12565
7689
7690
7691
6698
6701
7681
7683
7684
6698
6702
12565
6699
7696
7697
7698
6701
6702
6701
6702
12566
12567
6706
8968
9613
9615
9618
6706
6707
6706
6707
8970
8972
6710
6713
6715
8821
8983
8986
8988
6710
6714
12889
15334
6711
6717
12891
6713
6714
6718
12892
6713
6714
8823
15335
6720
8825
12894
15336
6717
6720
7709
7711
7713
8828
12882
12884
12887
12888
6717
6721
7716
7717
7719
12883
12884
12886
12887
12896
6718
7724
7725
7726
12898
6720
6721
12899
16790
6720
6721
8830
12885
12886
12887
12888
16792
8832
16794
12901
16796
6724
6727
10151
13483
6724
6728
12932
6725
10153
6727
6728
10154
6727
6728
12935
13485
10156
13487
12937
6733
6734
6735
6743
6750
6733
6734
7772
7800
6733
6735
6744
7773
6734
6735
6751
7801
6748
7775
6755
7803
6749
6756
6740
6741
6742
6743
6750
6740
6741
7716
6740
6742
6746
6741
6742
6753
7718
6747
6754
7720
6749
6756
6747
6748
6749
6748
6749
7786
6747
6748
7787
6747
6749
7790
6754
6755
6756
6755
6756
7814
6754
6755
7731
7815
6754
6756
7732
7733
7817
6761
6762
6763
6771
6778
6761
6762
7856
6761
6763
6772
6762
6763
6779
7857
6776
6783
7859
6777
6784
6768
6769
6770
6771
6778
6768
6769
7779
6768
6770
6774
6769
6770
6781
7781
6775
6782
7783
6777
6784
6775
6776
6777
6776
6777
6775
6776
6775
6777
6782
6783
6784
6783
6784
7870
6782
6783
7794
7871
6782
6784
7795
7796
7873
6787
6790
7744
7746
7748
8905
12945
12947
12950
12951
6787
6791
7751
7753
7754
12946
12947
12949
12950
12959
6788
7766
7767
7768
12961
6790
6791
12962
16797
6790
6791
8907
12948
12949
12950
12951
16798
8909
16801
12964
16802
6794
6797
10158
13532
6794
6798
12620
6795
10160
6797
6798
10161
6797
6798
12623
13534
10163
13536
12625
8969
15383
15384
15387
6801
7927
7928
7929
13030
15384
15385
15386
15388
6803
6804
13031
16818
6803
6804
8970
16819
8973
15386
15387
15388
15389
16822
13033
16823
6809
6810
6811
6826
6833
6809
6810
6827
8996
6809
6811
6834
6841
6810
6811
6843
8997
6831
6837
6832
8998
6838
6845
6816
6817
6818
6826
6833
6816
6818
6883
6816
6817
6828
6817
6818
6835
6885
6830
6831
6837
6839
6888
6823
6824
6825
6826
6823
6824
9654
6823
6825
6829
9003
6824
6825
9004
9655
6830
9656
6832
9005
6830
6831
6832
6831
6832
6830
6831
6830
6832
6837
6838
6839
6837
6838
6862
6837
6839
6898
6838
6839
6864
6899
6866
6901
6844
6845
6846
6861
6868
6844
6845
6862
6844
6846
6869
9017
6845
6846
9018
6865
6873
6866
6874
9019
6851
6852
6853
6861
6868
6851
6853
6939
6852
6853
6863
6940
6851
6852
6870
6872
6865
6873
6867
6943
6858
6859
6860
6868
6858
6859
9675
6858
6860
6871
9024
6859
6860
9025
9676
6872
9677
6874
9026
6865
6866
6867
6865
6866
6865
6867
6947
6866
6867
6948
6949
6872
6873
6874
6873
6874
6872
6873
6872
6874
6879
6880
6881
6889
6896
6879
6880
6890
6904
6879
6881
6897
6932
6880
6881
6906
6934
6894
6900
6895
6908
6902
6936
6886
6887
6888
6889
6896
6886
6888
6886
6887
6891
6887
6888
6898
6893
6894
6900
6901
6893
6894
6895
6894
6895
6918
6893
6894
6893
6895
6920
6923
6900
6901
6902
6900
6902
6946
6900
6901
6901
6902
6948
6951
6907
6908
6909
6917
6924
6907
6908
6918
6907
6909
6925
6960
6908
6909
6962
6922
6928
6923
6929
6964
6914
6915
6916
6917
6924
6914
6916
6995
6914
6915
6919
6915
6916
6926
6997
6921
6922
6928
6930
7000
6921
6922
6923
6922
6923
6921
6922
6921
6923
6928
6929
6930
6928
6929
6974
6928
6930
7010
6929
6930
6976
7011
6978
7013
6935
6936
6937
6945
6952
6935
6936
6946
6935
6937
6953
6961
6936
6937
6962
6950
6957
6951
6958
6965
6942
6943
6944
6945
6952
6942
6943
6943
6944
6947
6942
6944
6954
6956
6949
6950
6957
6949
6950
6951
6950
6951
6949
6950
6949
6951
6956
6957
6958
6957
6958
6981
6956
6957
6956
6958
6983
6986
6963
6964
6965
6973
6980
6963
6964
6974
6963
6965
6981
6964
6965
6977
6985
6978
6986
6970
6971
6972
6973
6980
6970
6972
7051
6971
6972
6975
7052
6970
6971
6982
6984
6977
6985
6979
7055
6977
6978
6979
6977
6978
6977
6979
7059
6978
6979
7060
7061
6984
6985
6986
6985
6986
6984
6985
6984
6986
6991
6992
6993
7001
7008
6991
6992
7002
7016
6991
6993
7009
7044
6992
6993
7018
7046
7006
7012
7007
7020
7014
7048
6998
6999
7000
7001
7008
6998
7000
6998
6999
7003
6999
7000
7010
7005
7006
7012
7013
7005
7006
7007
7006
7007
7030
7005
7006
7005
7007
7032
7035
7012
7013
7014
7012
7014
7058
7012
7013
7013
7014
7060
7063
7019
7020
7021
7029
7036
7019
7020
7030
7019
7021
7037
7072
7020
7021
7074
7034
7040
7035
7041
7076
7026
7027
7028
7029
7036
7026
7028
7107
7026
7027
7031
7027
7028
7038
7109
7033
7034
7040
7042
7112
7033
7034
7035
7034
7035
7033
7034
7033
7035
7040
7041
7042
7040
7041
7086
7040
7042
7129
7041
7042
7088
7130
7090
7132
7047
7048
7049
7057
7064
7047
7048
7058
7047
7049
7065
7073
7048
7049
7074
7062
7069
7063
7070
7077
7054
7055
7056
7057
7064
7054
7055
7055
7056
7059
7054
7056
7066
7068
7061
7062
7069
7061
7062
7063
7062
7063
7061
7062
7061
7063
7068
7069
7070
7069
7070
7093
7068
7069
7068
7070
7095
7098
7075
7076
7077
7085
7092
7075
7076
7086
7075
7077
7093
7076
7077
7089
7097
7090
7098
7082
7083
7084
7085
7092
7082
7084
7177
7083
7084
7087
7178
7082
7083
7094
7096
7089
7097
7091
7181
7089
7090
7091
7089
7090
7089
7091
7192
7090
7091
7193
7194
7096
7097
7098
7097
7098
7096
7097
7096
7098
7103
7104
7105
7120
7127
7103
7104
7121
7135
7103
7105
7128
7170
7104
7105
7137
7172
7125
7131
7126
7139
7133
7174
7110
7111
7112
7120
7127
7110
7112
7110
7111
7122
7111
7112
7129
7124
7125
7131
7132
7117
7118
7119
7120
7117
7118
8065
15355
7117
7119
7123
7150
15356
7118
7119
7151
8066
7124
15357
8067
7126
7154
7124
7125
7126
7125
7126
7156
7124
7125
7124
7126
7158
7161
7131
7132
7133
7131
7133
7191
7131
7132
7132
7133
7193
7196
7138
7139
7140
7155
7162
7138
7139
7156
7138
7140
7163
7205
7139
7140
7207
7160
7166
7161
7167
7209
7145
7146
7147
7155
7162
7145
7147
7247
7145
7146
7157
7146
7147
7164
7249
7159
7160
7166
7168
7252
7152
7153
7154
7155
7152
7153
9801
15362
7152
7154
7158
15363
7153
7154
9802
7159
15364
9803
7161
7159
7160
7161
7160
7161
7159
7160
7159
7161
7166
7167
7168
7166
7167
7226
7166
7168
7269
7167
7168
7228
7270
7230
7272
7173
7174
7175
7190
7197
7173
7174
7191
7173
7175
7198
7206
7174
7175
7207
7195
7202
7196
7203
7210
7180
7181
7182
7190
7197
7180
7181
7181
7182
7192
7180
7182
7199
7201
7194
7195
7202
7187
7188
7189
7197
7187
7188
9822
15369
7187
7189
7200
7220
15370
7188
7189
7221
9823
7201
15371
9824
7203
7224
7194
7195
7196
7195
7196
7194
7195
7194
7196
7201
7202
7203
7202
7203
7233
7201
7202
7201
7203
7235
7238
7208
7209
7210
7225
7232
7208
7209
7226
7208
7210
7233
7209
7210
7229
7237
7230
7238
7215
7216
7217
7225
7232
7215
7217
7303
7216
7217
7227
7304
7215
7216
7234
7236
7229
7237
7231
7307
7222
7223
7224
7232
7222
7223
9836
15376
7222
7224
7235
15377
7223
7224
9837
7236
15378
9838
7238
7229
7230
7231
7229
7230
7229
7231
7318
7230
7231
7319
7320
7236
7237
7238
7237
7238
7236
7237
7236
7238
7243
7244
7245
7260
7267
7243
7244
7261
7275
7243
7245
7268
7296
7244
7245
7277
7298
7265
7271
7266
7279
7273
7300
7250
7251
7252
7260
7267
7250
7252
7250
7251
7262
7251
7252
7269
7264
7265
7271
7272
7257
7258
7259
7260
7257
7258
8079
7257
7259
7263
7283
7258
7259
7284
8080
7264
8082
7266
7286
7264
7265
7266
7265
7266
7264
7265
7264
7266
7271
7272
7273
7271
7273
7317
7271
7272
7272
7273
7319
7322
7278
7279
7280
7278
7279
7278
7280
7331
7279
7280
7333
7335
7285
7286
7287
7285
7287
7359
7285
7286
7286
7287
7360
7364
7292
7293
7294
7292
7294
7366
7292
7293
7339
7293
7294
7340
7367
7342
7370
7299
7300
7301
7316
7323
7299
7300
7317
7299
7301
7324
7332
7300
7301
7333
7321
7328
7322
7329
7336
7306
7307
7308
7316
7323
7306
7307
7307
7308
7318
7306
7308
7325
7327
7320
7321
7328
7313
7314
7315
7323
7313
7315
9038
7313
7314
7326
7346
7314
7315
7347
9039
7327
7329
7349
9040
7320
7321
7322
7321
7322
7320
7321
7320
7322
7327
7328
7329
7328
7329
7327
7328
7327
7329
7334
7335
7336
7351
7334
7335
7352
7334
7336
7335
7336
7356
7357
7341
7342
7343
7351
7341
7343
9059
7341
7342
7354
7342
7343
9060
7355
7357
9062
7348
7349
7350
7348
7350
9066
7348
7349
7349
7350
9067
9068
7355
7356
7357
7356
7357
7355
7356
7355
7357
7362
7363
7364
7372
7362
7364
7363
7364
8080
7362
7363
7374
8081
7376
7377
8083
7369
7370
7371
7379
7369
7370
7370
7371
9060
7369
7371
7381
9061
7383
7384
9063
7376
7377
7378
7377
7378
7401
8093
7376
7377
8094
7376
7378
7402
8095
7405
7383
7384
7385
7384
7385
7408
9080
7383
7384
9081
7383
7385
7409
9082
7412
7390
7391
7392
7400
7390
7392
7415
7390
7391
7403
9101
7391
7392
7416
9102
7404
7406
9103
7420
7397
7398
7399
7407
7397
7399
7422
7397
7398
7410
9143
7398
7399
7423
9144
7411
7413
9145
7426
7404
7405
7406
7405
7406
9108
7404
7405
7404
7406
9109
9110
7411
7412
7413
7412
7413
9157
7411
7412
7411
7413
9158
9159
7418
7419
7420
7428
7418
7420
7419
7420
8310
7418
7419
7430
8311
7432
7433
8312
7425
7426
7427
7435
7425
7426
7426
7427
9192
7425
7427
7437
9193
7439
7440
9194
7432
7433
7434
7433
7434
7457
8324
7432
7433
8325
7432
7434
7458
8326
7461
7439
7440
7441
7440
7441
7464
9213
7439
7440
9214
7439
7441
7465
9215
7468
7446
7447
7448
7456
7446
7448
7471
7446
7447
7459
9234
7447
7448
7472
9235
7460
7462
9236
7476
7453
7454
7455
7463
7453
7455
7478
7453
7454
7466
9276
7454
7455
7479
9277
7467
7469
9278
7482
7460
7461
7462
7461
7462
9241
7460
7461
7460
7462
9242
9243
7467
7468
7469
7468
7469
9290
7467
7468
7467
7469
9291
9292
7474
7475
7476
7484
7474
7476
7475
7476
8478
7474
7475
7486
8479
7488
7489
8480
7481
7482
7483
7491
7481
7482
7482
7483
9325
7481
7483
7493
9326
7495
7496
9327
7488
7489
7490
7489
7490
7513
8492
7488
7489
8493
7488
7490
7514
8494
7517
7495
7496
7497
7496
7497
7520
9346
7495
7496
9347
7495
7497
7521
9348
7524
7502
7503
7504
7512
7502
7504
7527
7502
7503
7515
9367
7503
7504
7528
9368
7516
7518
9369
7532
7509
7510
7511
7519
7509
7511
7534
7509
7510
7522
9410
7510
7511
7535
9411
7523
7525
9412
7538
7516
7517
7518
7517
7518
9374
7516
7517
7516
7518
9375
9376
7523
7524
7525
7524
7525
9423
7523
7524
7523
7525
9424
9425
7530
7531
7532
7540
7530
7532
7531
7532
8646
7530
7531
7542
8647
7544
7545
8648
7537
7538
7539
7547
7537
7538
7538
7539
7556
7537
7539
7549
7557
7551
7552
7560
7544
7545
7546
7545
7546
8660
9500
7544
7545
8661
7544
7546
9501
8662
9502
7551
7552
7553
7552
7553
7576
9507
7551
7552
7577
7551
7553
9508
7580
9510
7558
7559
7560
7575
7558
7559
9409
7559
7560
9411
7558
7560
7577
7579
9413
7580
7565
7566
7567
7582
7565
7566
9416
7566
7567
9417
9437
7565
7567
7584
9438
7586
9418
7587
9439
7572
7573
7574
7575
7582
7572
7573
7572
7574
7578
7573
7574
7585
7579
7586
7581
7588
7579
7580
7581
7580
7581
7604
7579
7580
7579
7581
7605
7608
7586
7587
7588
7587
7588
7611
9451
7586
7587
9452
7586
7588
7612
9453
7615
7593
7594
7595
7603
7593
7595
7618
7593
7594
7606
9493
7594
7595
7619
9494
7607
7609
9495
7622
7600
7601
7602
7610
7600
7602
7625
7600
7601
7613
9521
7601
7602
7626
9522
7614
7616
9523
7629
7607
7608
7609
7608
7609
9507
7607
7608
7607
7609
9509
9511
7614
7615
7616
7615
7616
9528
7614
7615
7614
7616
9529
9530
7621
7622
7623
7631
7621
7622
7622
7623
9542
7621
7623
7633
9543
7635
7636
9544
7628
7629
7630
7638
7628
7629
7629
7630
9549
7628
7630
7640
9550
7642
7643
9551
7635
7636
7637
7636
7637
7660
7635
7636
7635
7637
7661
7664
7642
7643
7644
7643
7644
7667
9563
7642
7643
9564
7642
7644
7668
9565
7671
7649
7650
7651
7659
7649
7651
7674
7649
7650
7662
7650
7651
7675
7663
7665
7678
7656
7657
7658
7666
7656
7658
7681
7656
7657
7669
9577
7657
7658
7682
9578
7670
7672
9579
7685
7663
7664
7665
7664
7665
7663
7664
7663
7665
7670
7671
7672
7671
7672
9584
7670
7671
7670
7672
9585
9586
7677
7678
7679
7687
7677
7678
7678
7679
7677
7679
7689
7691
7692
7684
7685
7686
7694
7684
7685
7685
7686
9591
7684
7686
7696
9592
7698
7699
9593
7691
7692
7693
7692
7693
7691
7692
7691
7693
7698
7699
7700
7699
7700
9605
7698
7699
9606
7698
7700
9607
7705
7706
7707
7722
7729
7705
7706
7737
8975
7705
7707
7723
8976
7706
7707
7730
7738
7727
8977
7734
7740
7728
7735
7712
7713
7714
7722
7712
7713
9969
7712
7714
8982
9970
7713
7714
7724
8983
9971
7726
7727
8984
7719
7720
7721
7722
7729
7719
7720
7719
7721
7725
7720
7721
7732
7726
7733
7728
7735
7726
7727
7728
7727
7728
7726
7727
7726
7728
7733
7734
7735
7734
7735
7758
7733
7734
7759
7733
7735
7761
7740
7741
7742
7757
7764
7740
7741
9619
7740
7742
7758
7741
7742
7765
9620
7761
7769
9621
7762
7770
7747
7748
7749
7764
7747
7748
9990
7747
7749
9626
9991
7748
7749
7766
9627
9992
7768
7769
9628
7754
7755
7756
7757
7764
7754
7756
7807
7755
7756
7760
7808
7754
7755
7767
7768
7762
7770
7763
7811
7761
7762
7763
7761
7762
7761
7763
7815
7762
7763
7816
7818
7768
7769
7770
7769
7770
7768
7769
7768
7770
7775
7776
7777
7785
7792
7775
7776
7828
7775
7777
7786
7776
7777
7793
7829
7790
7797
7831
7791
7798
7782
7783
7784
7785
7792
7782
7783
7782
7784
7788
7783
7784
7795
7789
7796
7791
7798
7789
7790
7791
7790
7791
7789
7790
7789
7791
7796
7797
7798
7797
7798
7842
7796
7797
7843
7796
7798
7845
7803
7804
7805
7813
7820
7803
7804
7828
7803
7805
7814
7804
7805
7821
7830
7817
7825
7832
7819
7826
7810
7811
7812
7813
7820
7810
7811
7811
7812
7816
7810
7812
7823
7824
7818
7819
7826
7817
7818
7819
7817
7819
7817
7818
7818
7819
7824
7825
7826
7825
7826
7849
7824
7825
7850
7824
7826
7853
7831
7832
7833
7841
7848
7831
7832
7831
7833
7842
7832
7833
7849
7845
7853
7846
7854
7838
7839
7840
7841
7848
7838
7840
7863
7839
7840
7844
7864
7838
7839
7851
7852
7846
7854
7847
7867
7845
7846
7847
7845
7846
7845
7847
7871
7846
7847
7872
7874
7852
7853
7854
7853
7854
7852
7853
7852
7854
7859
7860
7861
7869
7876
7859
7860
7859
7861
7870
7860
7861
7877
7873
7881
7875
7882
7866
7867
7868
7869
7876
7866
7867
7867
7868
7872
7866
7868
7879
7880
7874
7875
7882
7873
7874
7875
7873
7875
7873
7874
7874
7875
7880
7881
7882
7881
7882
7891
7880
7881
7892
7880
7882
7895
7887
7888
7889
7890
7887
7889
7905
7888
7889
7906
7887
7888
7893
7894
7896
7909
7894
7895
7896
7895
7896
7894
7895
7894
7896
7901
7902
7903
7911
7901
7902
10116
15348
7901
7903
7920
10117
7902
7903
7913
7921
15349
10118
7915
15350
7916
7924
7908
7909
7910
7911
7908
7909
7909
7910
7908
7910
7914
7915
7917
7915
7916
7917
7916
7917
7926
7915
7916
7927
7915
7917
7930
7922
7923
7924
7925
7922
7923
10137
15383
7922
7924
10138
7923
7924
7927
15384
10139
7929
15385
7930
7929
7930
7931
7930
7931
7929
7930
7929
7931
7935
7936
7939
10166
10167
10171
7935
7938
14883
7936
7938
7946
14884
7937
7942
7937
7943
7948
10186
10190
10192
7938
7944
7949
7951
14886
7942
7943
9654
9658
9659
13049
13052
13053
13054
7942
7945
7961
13050
13053
13054
13055
16840
7953
7962
15390
15391
15394
7944
16841
7944
7955
9669
9671
9672
15391
15392
15393
15395
7945
7956
16842
7958
7966
15393
15394
15395
15396
16845
7948
7951
14890
7948
7952
7954
10193
10536
10540
10542
7949
7955
10544
10547
10549
7951
7952
7956
7951
7952
10194
14891
14892
7959
10196
7974
15397
15398
15401
7955
7959
9704
9705
9707
10200
13057
13058
13060
13062
7956
9712
9713
9714
15398
15399
15400
15402
7958
7959
16846
7958
7959
7978
10201
13059
13060
13061
13062
16849
7979
15400
15401
15402
15403
16851
10203
16852
7967
15404
15405
15406
7963
7966
13071
13074
13075
13076
16525
7974
15411
15412
15415
7965
7970
15405
15408
15409
15410
16526
7971
7976
15418
15419
15422
7966
7972
7977
15421
15422
15423
15424
16527
7979
15414
15415
15416
15417
16530
15425
15426
15427
7970
7973
7989
13064
13078
13080
13082
13083
7981
7990
15432
15433
15436
7972
13065
15426
15428
15430
15431
7983
15439
15440
15443
7973
7984
13066
15442
15443
15444
15445
7986
7994
13069
15435
15436
15437
15438
15446
15447
15450
7982
15453
15454
15456
7983
15460
15461
15464
7979
7980
7984
15463
15464
15465
15466
16853
7979
7980
13087
13088
13089
13090
16856
15449
15450
15451
15452
16858
7987
15456
15457
15458
15459
16859
8002
18881
18882
18885
18888
18889
18891
18895
18896
18899
7986
7987
16860
18898
18899
18900
18901
7986
7987
8006
16863
19122
19123
19124
19125
8007
16865
18884
18885
18886
18887
16866
18891
18892
18893
18894
7995
15467
15468
15469
7991
7994
13092
13095
13096
13097
16532
8002
15474
15475
15478
7993
7998
15468
15471
15472
15473
16533
7999
8004
15481
15482
15485
7994
8000
8005
15484
15485
15486
15487
16534
8007
15477
15478
15479
15480
16537
15488
15489
15490
7998
8001
8017
13099
13101
13103
13104
16868
8009
8018
15495
15496
15499
8000
15489
15491
15493
15494
16869
8011
15502
15503
15506
8001
8012
15505
15506
15507
15508
16870
8014
8022
15498
15499
15500
15501
16873
18902
18903
18906
8010
20127
20128
20130
8011
18909
18910
18913
8007
8008
8012
16874
18912
18913
18914
18915
8007
8008
16877
19129
19130
19131
19132
16879
18905
18906
18907
18908
8015
16880
20130
20131
20132
20133
8030
18916
18917
18920
20134
20135
20137
18923
18924
18927
8014
8015
16881
18926
18927
18928
18929
8014
8015
8034
16884
16891
16892
16893
16894
8035
16886
18919
18920
18921
18922
16887
20137
20138
20139
20140
8023
15509
15510
15513
8019
8022
13106
13109
13110
13111
16539
8030
15516
15517
15520
8021
8026
15512
15513
15514
15515
16540
8028
8032
15523
15524
15527
8022
8029
8033
15526
15527
15528
15529
16541
8035
15519
15520
15521
15522
16544
15530
15531
15534
8027
8037
9809
9811
9812
15538
15539
15540
15543
8026
8027
16896
8029
15533
15534
15535
15536
16898
8029
8040
16899
8041
15537
15538
15541
8042
15540
15541
15542
15543
16900
15544
15545
15548
8039
8205
15551
15552
15555
8041
15558
15559
15562
8035
8036
8042
15561
15562
15563
15564
16902
8035
8036
8207
13115
13116
13117
13118
16905
15547
15548
15549
15550
16907
8043
8209
15554
15555
15556
15557
16908
8040
9872
9874
9875
15572
15574
15575
15577
8040
8043
8213
16910
8214
15565
15566
15569
8042
16911
15572
15573
15576
8043
15575
15576
15577
15578
16912
8217
15568
15569
15570
15571
16915
8046
8049
15404
8046
8050
9739
8047
8049
8050
13119
8049
8050
9742
13120
15406
13123
15407
9744
13124
8055
8056
8057
13119
8055
8056
9662
15411
8055
8057
9768
13122
15412
8056
8057
9664
9769
13123
15413
9666
9771
13125
8060
8063
15467
8060
8064
9781
8061
8063
8064
13133
8063
8064
9784
13134
15469
13137
15470
9786
13138
8067
8070
15509
8067
8071
9802
8068
8070
8071
8072
8070
8071
8073
9805
15510
8076
15511
8077
9807
8076
8077
8078
13140
8076
8077
9816
15523
8077
8078
9818
9865
8076
8078
9866
13142
15524
13144
15525
9820
9869
13146
8082
8085
8082
8083
8083
8085
8094
8084
8084
8095
8085
8096
8099
8090
8091
8092
8096
8091
8092
9809
8090
8091
8097
9096
8090
8092
9097
9810
8098
9098
8099
9813
8095
8098
9108
8095
8099
8096
8098
8099
8098
8099
9112
9113
8103
8104
9675
9679
9680
13147
13150
13151
13153
8103
8106
13148
13151
13152
13153
16916
8114
15579
15580
15583
8105
16918
8105
8116
9690
9692
9693
15580
15581
15582
15585
8106
8117
16919
8119
15582
15583
15584
15585
16921
8109
8112
14918
8109
8113
8115
10564
10568
10569
8110
8116
10572
10575
10577
8112
8113
8117
8112
8113
14919
14920
8120
8128
15586
15587
15590
8116
8120
9725
9726
9728
10242
13155
13156
13158
13160
8117
9733
9734
9735
15587
15588
15589
15591
8119
8120
16923
8119
8120
8132
10243
13157
13158
13159
13160
16925
8133
15589
15590
15591
15592
16927
10245
16929
15593
15594
15595
8124
8127
13162
13164
13166
13167
13168
8135
15600
15601
15604
8126
13170
15594
15596
15598
15599
8137
15607
15608
15611
8127
8138
13171
15610
15611
15612
15613
8140
13173
15603
15604
15605
15606
15614
15615
15618
8136
15621
15622
15624
8137
15628
15629
15632
8133
8134
8138
15631
15632
15633
15634
16937
8133
8134
13178
13179
13180
13181
16939
15617
15618
15619
15620
16941
8141
15624
15625
15626
15627
16943
8149
18930
18931
18934
18937
18938
18940
18944
18945
18948
8140
8141
16944
18947
18948
18949
18950
8140
8141
8153
16946
19136
19137
19138
19139
8154
16948
18933
18934
18935
18936
16950
18940
18941
18942
18943
15635
15636
15637
8145
8148
13183
13185
13187
13188
16958
8156
15642
15643
15646
8147
15636
15638
15640
15641
16960
8158
15649
15650
15653
8148
8159
15652
15653
15654
15655
16961
8161
15645
15646
15647
15648
16963
18951
18952
18955
8157
20141
20142
20144
8158
18958
18959
18962
8154
8155
8159
16972
18961
18962
18963
18964
8154
8155
16974
19143
19144
19145
19146
16976
18954
18955
18956
18957
8162
16978
20144
20145
20146
20147
8170
18965
18966
18969
20148
20149
20151
18972
18973
18976
8161
8162
16979
18975
18976
18977
18978
8161
8162
8174
16968
16969
16970
16971
16981
8175
16983
18968
18969
18970
18971
16985
20151
20152
20153
20154
15656
15657
15660
8169
8177
9844
9846
9847
15664
15665
15666
15669
8166
8169
16993
8168
15659
15660
15661
15662
16995
8179
15663
15664
15667
8169
8180
15666
15667
15668
15669
16996
8182
16998
15670
15671
15674
8178
15677
15678
15681
8179
15684
15685
15688
8175
8176
8180
15687
15688
15689
15690
17000
8175
8176
13192
13193
13194
13195
17002
15673
15674
15675
15676
17004
8183
15680
15681
15682
15683
17006
8182
8191
9907
9909
9910
15698
15700
15701
15703
8332
15691
15692
15695
15698
15699
15702
8182
8183
15701
15702
15703
15704
17007
8182
8183
8195
8334
17009
8196
17011
8335
15694
15695
15696
15697
17013
8186
8188
9066
9070
9071
8186
8190
8198
9074
9076
9077
12165
8189
8200
9089
9090
9091
8188
8190
12167
8189
8190
8201
8203
12169
8193
8196
9116
9118
9119
8193
8197
8199
9123
9124
9126
8194
8200
9131
9132
9133
8196
8197
8201
8196
8197
8204
8200
8203
9137
9139
9140
14988
8200
8204
8352
9151
9152
9154
8201
9166
9167
9168
8203
8204
8203
8204
8356
14991
14992
8357
8214
15705
15706
15709
8209
8210
8216
8219
15722
15723
15724
15725
16566
8209
8210
13211
13214
13215
13216
16568
8220
15712
15713
15714
8217
15708
15709
15710
15711
16570
8223
15713
15716
15717
15718
16572
8218
8224
15719
15720
15723
8215
8226
10774
10778
10779
15733
15735
15736
15739
8215
8217
17063
15726
15727
15730
8216
8228
17065
8217
8229
15736
15737
15738
15739
17066
15729
15730
15731
15732
17068
8231
15733
15734
15737
8223
8225
8229
15757
15758
15759
15760
17070
15740
15741
15742
8223
8225
8374
13218
13220
13222
13223
17073
8230
8375
15747
15748
15751
15741
15743
15745
15746
17075
8231
15754
15755
15758
8232
8377
15750
15751
15752
15753
17076
8228
10844
10848
10849
15768
15770
15771
15773
8228
8232
8381
17078
8229
17079
8232
15771
15772
15773
15774
17080
8384
15761
15762
15765
15768
15769
15772
8385
15764
15765
15766
15767
17083
8235
8238
10669
13931
8235
8239
8236
10671
8238
8239
10672
10676
8238
8239
10677
13933
10674
10680
13935
10681
8242
8246
8261
8242
8245
10690
13966
8243
10692
8245
8246
10693
10697
8245
8246
8265
10698
13968
10695
10701
13970
8267
10703
8251
8252
8253
10711
10718
8251
8252
8269
10712
13938
8251
8253
8402
10719
13940
8252
8253
8271
8403
10715
10722
13942
8274
10717
8407
10724
8258
8259
8260
10732
10739
8258
8259
8276
10733
13973
8259
8260
8277
8409
8258
8260
8410
10740
13974
10736
10743
13976
8279
10738
8413
10745
8263
8267
8263
8266
12249
14281
8264
14283
8266
8267
10753
14284
8266
8267
10754
12252
10757
12255
14286
10758
8272
8273
8274
10760
14295
8273
8274
10761
13204
8272
8273
13206
14296
8272
8274
14299
10765
13208
14300
10766
8279
8280
8281
10767
14309
8279
8280
10768
13246
8279
8281
8430
8280
8281
8431
13247
14310
10771
10773
13251
14314
8434
14315
8285
8286
8285
8288
10774
8286
8288
10781
8287
10776
8287
10783
8288
10777
10784
10779
10787
8292
8293
8292
8295
10809
8293
8295
10816
8294
10811
8294
10818
8295
10812
10819
10815
10822
8298
8301
10844
8298
8302
8450
8299
10846
8301
8302
10847
10851
8301
8302
8454
10852
10849
10855
8455
10857
8305
8308
10879
8305
8309
8457
8306
10881
8308
8309
10882
10886
8308
8309
8461
10887
10885
10891
8462
10892
8312
8315
9102
8312
8316
8325
8313
8326
8315
8316
8327
8315
8316
9105
9106
8330
8321
8322
8323
8327
8321
8323
10774
8322
8323
8328
9229
8321
8322
9230
10775
10776
8329
9232
8330
8326
8329
9241
8326
8330
8327
8329
8330
8329
8330
9245
9246
8337
8345
10809
10813
10815
15782
15784
15785
15788
15775
15776
15779
8335
8337
8346
15785
15786
15787
15788
17175
8335
8337
17176
15778
15779
15780
15781
17179
8349
15782
15783
15786
8350
17180
8343
8344
8346
15806
15807
15808
15809
17182
15789
15790
15791
8347
15796
15797
15800
8343
8344
13254
13256
13257
13258
17184
8349
15803
15804
15807
15791
15793
15794
15795
17186
8351
15799
15800
15801
15802
17188
8350
8359
10879
10883
10885
15817
15819
15820
15822
8350
8351
15820
15821
15822
15823
17189
8501
15810
15811
15814
8350
8351
8363
8502
17191
15817
15818
15821
8364
17193
8503
15813
15814
15815
15816
17195
8354
8357
9200
9202
9203
8354
8358
8366
9207
9209
9210
12263
8355
8368
9222
9223
9224
8357
8358
8369
8357
8358
12266
8371
12267
8361
8364
9249
9251
9253
8361
8365
8367
9256
9257
9259
8362
8368
9264
9265
9266
8364
8365
8369
8364
8365
8372
8368
8371
9270
9272
9273
15058
8368
8372
8520
9284
9285
9287
8369
9299
9300
9301
8371
8372
8371
8372
8524
15061
15062
8525
8377
8378
8383
8387
15841
15842
15843
15844
16601
8377
8378
13273
13277
13278
13279
16603
8384
15824
15825
15828
8388
15831
15832
15833
8385
15827
15828
15829
15830
16605
8391
15832
15835
15836
15837
16607
8386
8392
15838
15839
15842
8382
8394
11005
11009
11010
15852
15854
15855
15858
8382
8385
17245
8383
8396
17247
8385
8397
15855
15856
15857
15858
17248
15845
15846
15849
15848
15849
15850
15851
17250
8399
15852
15853
15856
8391
8393
8397
15876
15877
15878
15879
17252
15859
15860
15861
8391
8393
8542
13281
13283
13285
13286
17255
8398
8543
15866
15867
15870
15860
15862
15864
15865
17257
8399
15873
15874
15877
8400
8545
15869
15870
15871
15872
17258
8396
11075
11079
11080
15887
15889
15890
15892
8396
8400
8549
17260
8397
17261
8400
15890
15891
15892
15893
17262
8552
15880
15881
15884
15887
15888
15891
8553
15883
15884
15885
15886
17265
8405
8406
8407
10900
10907
8405
8407
10901
14002
8406
8407
8405
8406
10908
14003
10904
10911
14005
10912
10906
8412
8413
8414
10921
10928
8413
8414
8430
8412
8413
10922
14036
8412
8414
8432
10929
14038
10925
10932
14040
10926
8435
10934
8419
8420
8421
10942
10949
8419
8420
8437
10943
14008
8419
8421
8570
10950
14010
8420
8421
8439
8571
10946
10953
14012
8442
10948
8575
10955
8426
8427
8428
10963
10970
8426
8427
8444
10964
14043
8427
8428
8445
8577
8426
8428
8578
10971
14044
10967
10974
14046
8447
10969
8581
10976
8433
8434
8435
10984
14407
8434
8435
8433
8434
12334
14408
8433
8435
10985
12336
10988
12339
14411
14412
10989
8440
8441
8442
10991
14421
8441
8442
10992
13267
8440
8441
13269
14422
8440
8442
14425
10996
13271
14426
10997
8447
8448
8449
10998
14435
8447
8448
10999
13309
8447
8449
8598
8448
8449
8599
13310
14436
11002
11004
13314
14440
8602
14441
8452
8455
8452
8456
11005
8453
11007
8455
8456
11008
11012
8455
8456
11013
11017
11010
11018
8459
8462
8459
8463
11040
8460
11042
8462
8463
11043
11047
8462
8463
11048
11051
11046
11053
8466
8469
11075
8466
8470
8618
8467
11077
8469
8470
11078
11082
8469
8470
8622
11083
11080
11086
8623
11088
8473
8476
11110
8473
8477
8625
8474
11112
8476
8477
11113
11117
8476
8477
8629
11118
11116
11122
8630
11123
8480
8483
9235
8480
8484
8493
8481
8494
8483
8484
8495
8483
8484
9238
9239
8498
8489
8490
8491
8495
8489
8491
11005
8490
8491
8496
9362
8489
8490
9363
11006
11007
8497
9365
8498
8494
8497
9374
8494
8498
8495
8497
8498
8497
8498
9378
9379
8505
8513
11040
11044
11046
15901
15903
15904
15907
8503
8505
8515
15904
15905
15906
15907
17357
15894
15895
15898
8503
8505
17358
15897
15898
15899
15900
17361
8517
15901
15902
15905
8518
17362
8511
8512
8515
15925
15926
15927
15928
17364
15908
15909
15910
8516
15915
15916
15919
8511
8512
13317
13319
13320
13321
17366
8517
15922
15923
15926
15910
15912
15913
15914
17368
8519
15918
15919
15920
15921
17370
8518
8527
11110
11114
11116
15936
15938
15939
15941
8518
8519
8530
8668
17371
8518
8519
15939
15940
15941
15942
17372
8671
15929
15930
15933
15936
15937
15940
8533
17375
8672
15932
15933
15934
15935
17377
8522
8525
9333
9335
9336
8522
8526
8534
9340
9342
9343
12347
8523
8536
9355
9356
9357
8525
8526
8539
8525
8526
12350
8540
12351
8529
8533
9382
9384
9386
8529
8531
8535
9390
9391
9392
8532
8536
9397
9398
9399
8531
8533
8532
8538
8533
8539
8536
8540
9403
9405
9406
15128
8536
8538
9416
9420
9421
8539
9432
9433
9434
8538
8540
15130
8539
8540
15132
8545
8546
8551
8555
15960
15961
15962
15963
16629
8545
8546
13336
13340
13341
13342
16631
8552
15943
15944
15947
8556
15950
15951
15952
8553
15946
15947
15948
15949
16633
8559
15951
15954
15955
15956
16635
8554
8560
15957
15958
15961
8550
8562
11236
11240
11241
15971
15973
15974
15977
8550
8553
17427
8551
8564
17429
8553
8565
15974
15975
15976
15977
17430
15964
15965
15968
15967
15968
15969
15970
17432
8567
15971
15972
15975
8559
8561
8565
15995
15996
15997
15998
17434
15978
15979
15980
8559
8561
8689
13344
13346
13348
13349
17437
8566
8690
15985
15986
15989
15979
15981
15983
15984
17439
8567
15992
15993
15996
8568
8692
15988
15989
15990
15991
17440
8564
11306
11310
11311
16006
16008
16009
16011
8564
8568
8695
17442
8565
17443
8568
16009
16010
16011
16012
17444
8696
15999
16000
16003
16006
16007
16010
8697
16002
16003
16004
16005
17447
8573
8574
8575
11131
11138
8573
8575
11132
14072
8574
8575
8573
8574
11139
14073
11135
11142
14075
11143
11137
8580
8581
8582
11152
11159
8581
8582
8598
8580
8581
11153
14106
8580
8582
8600
11160
14108
11156
11163
14110
11157
8603
11165
8587
8588
8589
11173
11180
8587
8588
8605
11174
14078
8587
8589
8710
11181
14080
8588
8589
8607
8711
11177
11184
14082
8610
11179
8715
11186
8594
8595
8596
11194
11201
8594
8595
8612
11195
14113
8595
8596
8613
8717
8594
8596
8718
11202
14114
11198
11205
14116
8615
11200
8721
11207
8601
8602
8603
11215
14533
8602
8603
8601
8602
12425
14534
8601
8603
11216
12427
11219
12430
14537
14538
11220
8608
8609
8610
11222
14547
8609
8610
11223
13330
8608
8609
13332
14548
8608
8610
14551
11227
13334
14552
11228
8615
8616
8617
11229
14561
8615
8616
11230
13372
8615
8617
8738
8616
8617
8739
13373
14562
11233
11235
13377
14566
8742
14567
8620
8623
8620
8624
11236
8621
11238
8623
8624
11239
11243
8623
8624
11244
11248
11241
11249
8627
8630
8627
8631
11271
8628
11273
8630
8631
11274
11278
8630
8631
11279
11282
11277
11284
8634
8637
11306
8634
8638
8758
8635
11308
8637
8638
11309
11313
8637
8638
8762
11314
11311
11317
8763
11319
8641
8644
11341
8641
8645
8765
8642
11343
8644
8645
11344
11348
8644
8645
8769
11349
11347
11353
8770
11354
8648
8651
9368
8648
8652
8661
8649
8662
8651
8652
8663
8651
8652
9371
9372
8666
8657
8658
8659
8663
8657
8659
11236
8658
8659
8664
9460
8657
8658
9461
11237
11238
8665
9463
8666
8662
8665
9472
8662
8666
8663
8665
8666
8665
8666
9474
9476
8669
8681
11271
11275
11277
16020
16022
16023
16026
8669
8672
17539
8670
8683
17541
8672
8684
16023
16024
16025
16026
17542
16013
16014
16017
16016
16017
16018
16019
17544
8686
16020
16021
16024
8679
8680
8684
16044
16045
16046
16047
17546
16027
16028
16029
8685
16034
16035
16038
8679
8680
13380
13382
13383
13384
17548
8686
16041
16042
16045
16029
16031
16032
16033
17550
8687
16037
16038
16039
16040
17552
8683
11341
11345
11347
16055
16057
16058
16060
8683
8687
8787
17554
8684
17555
8687
16058
16059
16060
16061
17556
8790
16048
16049
16052
16055
16056
16059
8791
16051
16052
16053
16054
17559
8692
8693
8698
16079
16080
16081
16082
16657
8692
8693
13399
13403
13404
13405
16659
8696
16062
16063
16066
8699
16069
16070
16071
8697
16065
16066
16067
16068
16661
8701
16070
16073
16074
16075
16663
8702
16076
16077
16080
8697
8704
17609
16083
16084
16087
16086
16087
16088
16089
17613
8701
16100
16101
16102
16103
17616
16090
16091
16092
8701
13408
13409
13411
13412
17618
16091
16093
16095
16096
17620
16097
16098
16101
8705
8706
8780
8782
8783
8705
8708
8708
9536
9538
9539
8708
15219
8713
8714
8715
11362
11369
8713
8715
11363
14142
8714
8715
8713
8714
11370
14143
11366
11373
14145
11374
11368
8720
8721
8722
11383
11390
8721
8722
8738
8720
8721
11384
14176
8720
8722
8740
11391
14178
11387
11394
14180
11388
8743
11396
8725
8728
11404
14148
8725
8729
8745
8726
11406
8728
8729
11407
11411
8728
8729
8748
11412
14149
11409
11415
14152
8750
11417
8732
8736
8751
8732
8735
11425
14183
8733
11427
8735
8736
11428
11432
8735
8736
8755
11433
14184
11430
11436
14186
8756
11438
8741
8742
8743
11446
14659
8742
8743
8741
8742
12496
14660
8741
8743
11447
12498
11450
12501
14663
14664
11451
8746
8749
13392
14673
8746
8750
8747
14675
8749
8750
11453
14676
8749
8750
11454
13394
11458
13397
14678
11459
8753
8756
8753
8757
13434
14687
8754
14689
8756
8757
11460
14690
8756
8757
11461
13436
11464
11466
13440
14693
8760
8763
8760
8764
8761
8763
8764
11467
8763
8764
11468
11472
11473
8767
8770
8767
8771
11488
8768
11490
8770
8771
11491
11495
8770
8771
11496
11499
11494
11501
8775
8778
11530
8775
8776
8776
8778
11537
8777
11532
8777
11539
8778
11533
11540
11536
11543
8783
8784
8785
8783
8784
9466
8784
8785
9468
9537
8783
8785
9538
9469
9540
8788
8800
11488
11492
11494
16111
16113
16114
16117
8788
8791
17712
8789
8803
17714
8791
8804
16114
16115
16116
16117
17715
16104
16105
16108
16107
16108
16109
16110
17717
8805
16111
16112
16115
8801
16118
16119
16122
8798
8799
8804
16135
16136
16137
16138
17719
16125
16126
16127
8798
8799
13443
13445
13446
13447
17721
8805
16132
16133
16136
16127
16129
16130
16131
17723
8806
16121
16122
16123
16124
17725
8803
11530
11534
11536
16146
16148
16149
16151
8955
16139
16140
16143
8803
8806
8956
17727
8804
17728
8806
16149
16150
16151
16152
17729
16146
16147
16150
8960
16142
16143
16144
16145
17732
8809
8812
8814
10417
10481
10484
10486
8809
8813
8822
15264
8810
8816
8824
10495
10498
10500
8812
8813
8817
8826
8812
8813
10419
15265
8819
10421
8827
15266
8816
8819
9928
9930
9932
10424
13448
13450
13452
13454
8829
8836
16153
16154
16157
8817
8831
9943
9944
9945
16154
16155
16156
16158
8819
8820
8833
17733
8819
8820
8839
10426
13451
13452
13453
13454
17735
10429
17737
8834
8841
16156
16157
16158
16159
17739
8824
8825
8828
10614
10615
10619
8824
8827
15271
8825
8827
15272
8826
8831
10634
10638
10640
8826
8832
8827
8833
15274
8831
8832
9969
9973
9974
13455
13458
13459
13460
8850
16160
16161
16164
8832
8834
8851
13457
13459
13460
13461
17741
8833
9984
9986
9987
16161
16162
16163
16165
8833
17742
8834
17743
8855
16163
16164
16165
16166
17746
8842
16167
16168
16170
8850
16174
16175
16178
8844
8852
16181
16182
16185
8840
8841
8845
8854
16184
16185
16186
16187
16685
8840
8841
13465
13466
13467
13468
16687
8847
16170
16171
16172
16173
16689
8855
16177
16178
16179
16180
16691
18979
18980
18982
8857
8864
18986
18987
18990
8859
18993
18994
18997
8847
8848
8861
17747
18996
18997
18998
18999
8847
8848
8867
17749
19374
19375
19376
19377
17751
18982
18983
18984
18985
8862
8869
17753
18989
18990
18991
18992
8856
16188
16189
16190
16195
16196
16199
8853
8855
13478
13480
13481
13482
17755
8859
16202
16203
16206
8854
8860
16190
16192
16193
16194
17756
8855
8861
16205
16206
16207
16208
17757
16198
16199
16200
16201
17760
16209
16210
16211
8876
16216
16217
16220
8860
8862
8877
13470
13485
13487
13488
13489
16223
16224
16227
8861
13471
16211
16213
16214
16215
8862
13472
16226
16227
16228
16229
8881
13475
16219
16220
16221
16222
8870
20155
20156
20158
8876
19000
19001
19004
8871
8878
19007
19008
19011
8868
8869
8872
8880
16692
19010
19011
19012
19013
8868
8869
16694
19381
19382
19383
19384
8874
16696
20158
20159
20160
20161
8881
16698
19003
19004
19005
19006
20162
20163
20165
8882
19014
19015
19018
8874
8883
17761
19017
19018
19019
19020
8874
17763
17769
17770
17771
17772
17764
20165
20166
20167
20168
16230
16231
16232
16237
16238
16241
8879
8881
13492
13494
13495
13496
17774
8882
16244
16245
16248
8880
16232
16234
16235
16236
17775
8881
8883
16247
16248
16249
16250
17776
16240
16241
16242
16243
17779
16251
16252
16255
16254
16255
16256
16257
17780
8888
8889
8890
13504
8888
8889
9935
16174
8888
8890
10027
13507
16175
8889
8890
9937
10028
13508
16176
9939
10030
13510
8893
8896
9949
9951
9953
10466
13511
13513
13515
13517
8906
16258
16259
16262
8894
8908
9964
9965
9966
16259
16260
16261
16264
8896
8897
8910
17796
8896
8897
10468
13514
13515
13516
13517
17797
10471
17800
8911
16261
16262
16263
16264
17801
8901
8902
8905
10642
10643
10647
8901
8904
15285
8902
8904
15286
8903
8908
10662
10666
10668
8903
8909
8904
8910
15288
8908
8909
9990
9994
9995
13518
13521
13522
13523
8920
16265
16266
16269
8909
8911
8921
13520
13522
13523
13524
17803
8910
10005
10007
10008
16266
16267
16268
16270
8910
17805
8911
17806
8925
16268
16269
16270
16271
17808
19021
19022
19024
8927
19028
19029
19032
8929
19035
19036
19039
8917
8918
8931
17817
19038
19039
19040
19041
8917
8918
17818
19395
19396
19397
19398
17821
19024
19025
19026
19027
8932
17822
19031
19032
19033
19034
8926
16272
16273
16274
16279
16280
16283
8923
8925
13527
13528
13530
13531
17824
8929
16286
16287
16290
8924
8930
16274
16275
16277
16278
17826
8925
8931
16289
16290
16291
16292
17827
16282
16283
16284
16285
17829
16293
16294
16295
8941
16300
16301
16304
8930
8932
8942
13534
13536
13537
13538
13539
16307
16308
16311
8931
13541
16295
16297
16298
16299
8932
13542
16310
16311
16312
16313
8946
13544
16303
16304
16305
16306
20169
20170
20172
8948
19042
19043
19046
8950
19049
19050
19053
8938
8939
8952
17845
19052
19053
19054
19055
8938
8939
17834
17835
17836
17837
17846
17849
20172
20173
20174
20175
8953
17850
19045
19046
19047
19048
8947
16314
16315
16316
16321
16322
16325
8944
8946
13548
13549
13551
13552
17852
8950
16328
16329
16332
8945
8951
16316
16317
16319
16320
17854
8946
8952
16331
16332
16333
16334
17855
16324
16325
16326
16327
17857
16335
16336
16337
8962
16342
16343
16346
8951
8953
8963
13555
13557
13558
13559
17859
16349
16350
16353
8952
16337
16339
16340
16341
17861
8953
16352
16353
16354
16355
17862
8967
16345
16346
16347
16348
17864
8958
8968
10096
10098
10099
16363
16365
16366
16369
16356
16357
16360
8958
8960
17873
8971
16363
16364
16367
8959
8972
17875
8960
8974
16366
16367
16368
16369
17876
16359
16360
16361
16362
17878
8969
16370
16371
16374
16377
16378
16381
8965
8967
13562
13564
13565
13566
17880
8971
16384
16385
16388
8966
8973
16373
16374
16375
16376
17882
8967
8974
16387
16388
16389
16390
17883
16380
16381
16382
16383
17885
8972
10131
10133
10134
16398
16400
16401
16403
16391
16392
16395
8972
8973
17888
16398
16399
16402
8974
17890
8974
16394
16395
16396
16397
17891
16401
16402
16403
16404
17892
8977
8980
8989
9619
8977
8981
8978
8991
8980
8981
8992
8980
8981
9623
8994
9624
8984
8987
8990
10613
8984
8988
8985
8991
8987
8988
8992
8987
8988
10614
8995
10616
8991
8994
9633
8991
8995
10620
8992
8994
8995
8994
8995
9637
10621
9638
10623
8998
9001
8998
9002
9010
9018
8999
9012
9001
9002
9013
9001
9002
9021
9016
9023
9005
9009
9005
9008
9011
10165
9006
9012
9008
9009
9013
9008
9009
10166
9015
10168
9012
9016
9031
9012
9015
10172
9013
9015
9016
9015
9016
9035
10173
10175
9036
9019
9022
9019
9023
9031
9020
9033
9022
9023
9034
9022
9023
9036
9026
9029
9026
9030
9032
10501
9027
9033
9029
9030
9034
9029
9030
10502
9037
10504
9033
9036
9033
9037
10508
9034
9036
9037
9036
9037
10509
10511
9040
9043
9040
9044
9067
9041
9043
9044
9052
9043
9044
9054
9070
9056
9057
9072
9049
9050
9051
9052
9049
9051
9844
9050
9051
9117
9845
9049
9050
9055
9118
9056
9058
9120
9848
9056
9057
9058
9057
9058
9088
9130
9056
9057
9089
9056
9058
9131
9092
9134
9062
9065
9062
9063
9063
9065
9081
9064
9064
9082
9065
9083
9086
9068
9071
9068
9072
9069
9071
9072
9087
9071
9072
9089
9091
9092
9077
9078
9079
9083
9087
9077
9079
9078
9079
9084
9138
9077
9078
9090
9139
9091
9085
9093
9141
9086
9082
9085
9157
9082
9086
9083
9085
9086
9085
9086
9161
9162
9091
9092
9093
9092
9093
9165
9091
9092
9091
9093
9166
9169
9098
9099
9100
9111
9099
9100
9872
9098
9099
9112
9098
9100
9873
9113
9114
9876
9103
9107
9109
9103
9106
9104
9110
9106
9107
9111
9106
9107
9114
9110
9113
9110
9114
9111
9113
9114
9113
9114
9119
9120
9121
9129
9119
9121
9907
9120
9121
9908
9119
9120
9131
9133
9134
9911
9126
9127
9128
9129
9126
9128
9172
9126
9127
9132
9152
9127
9128
9153
9173
9133
9135
9155
9176
9133
9134
9135
9134
9135
9165
9133
9134
9133
9135
9167
9170
9140
9141
9142
9160
9164
9140
9142
9141
9142
9161
9140
9141
9166
9168
9162
9169
9163
9145
9149
9158
9145
9148
9192
9146
9159
9148
9149
9160
9148
9149
9196
9197
9163
9154
9155
9156
9164
9154
9156
9200
9154
9155
9167
9155
9156
9201
9168
9170
9204
9159
9162
9159
9163
9160
9162
9163
9162
9163
9168
9169
9170
9169
9170
9168
9169
9168
9170
9175
9176
9177
9185
9175
9176
9176
9177
9201
9175
9177
9187
9202
9189
9190
9205
9182
9183
9184
9185
9182
9183
10809
9182
9184
9250
10810
9183
9184
9188
9251
10811
9189
9191
9254
9189
9190
9191
9190
9191
9221
9263
9189
9190
9222
9189
9191
9264
9225
9267
9194
9197
9194
9198
9214
9195
9215
9197
9198
9216
9197
9198
9219
9203
9204
9205
9220
9203
9204
9204
9205
9203
9205
9222
9224
9225
9210
9211
9212
9216
9220
9210
9212
9211
9212
9217
9271
9210
9211
9223
9272
9224
9218
9226
9274
9219
9215
9218
9290
9215
9219
9216
9218
9219
9218
9219
9294
9295
9224
9225
9226
9225
9226
9298
9224
9225
9224
9226
9299
9302
9231
9232
9233
9244
9231
9233
10844
9232
9233
9245
9231
9232
10845
10846
9246
9247
9236
9240
9242
9236
9239
9237
9243
9239
9240
9244
9239
9240
9247
9243
9246
9243
9247
9244
9246
9247
9246
9247
9252
9253
9254
9262
9252
9253
10879
9252
9254
10880
9253
9254
9264
10881
9266
9267
9259
9260
9261
9262
9259
9261
9305
9259
9260
9265
9285
9260
9261
9286
9306
9266
9268
9288
9309
9266
9267
9268
9267
9268
9298
9266
9267
9266
9268
9300
9303
9273
9274
9275
9293
9297
9273
9275
9274
9275
9294
9273
9274
9299
9301
9295
9302
9296
9278
9282
9291
9278
9281
9325
9279
9292
9281
9282
9293
9281
9282
9329
9330
9296
9287
9288
9289
9297
9287
9289
9333
9287
9288
9300
9288
9289
9334
9301
9303
9337
9292
9295
9292
9296
9293
9295
9296
9295
9296
9301
9302
9303
9302
9303
9301
9302
9301
9303
9308
9309
9310
9318
9308
9309
9309
9310
9334
9308
9310
9320
9335
9322
9323
9338
9315
9316
9317
9318
9315
9316
11040
9315
9317
9383
11041
9316
9317
9321
9384
11042
9322
9324
9387
9322
9323
9324
9323
9324
9354
9396
9322
9323
9355
9322
9324
9397
9358
9400
9327
9330
9327
9331
9347
9328
9348
9330
9331
9349
9330
9331
9352
9336
9337
9338
9353
9336
9337
9337
9338
9336
9338
9355
9357
9358
9343
9344
9345
9349
9353
9343
9345
9344
9345
9350
9404
9343
9344
9356
9405
9357
9351
9359
9407
9352
9348
9351
9423
9348
9352
9349
9351
9352
9351
9352
9427
9428
9357
9358
9359
9358
9359
9431
9357
9358
9357
9359
9432
9435
9364
9365
9366
9377
9364
9366
11075
9365
9366
9378
9364
9365
11076
11077
9379
9380
9369
9373
9375
9369
9372
9370
9376
9372
9373
9377
9372
9373
9380
9376
9379
9376
9380
9377
9379
9380
9379
9380
9385
9386
9387
9395
9385
9386
11110
9385
9387
11111
9386
9387
9397
11112
9399
9400
9393
9394
9417
9437
9392
9393
9394
9395
9392
9394
9441
9392
9393
9398
9420
9399
9401
9422
9443
9399
9400
9401
9400
9401
9431
9399
9400
9399
9401
9433
9436
9406
9407
9408
9426
9430
9406
9408
9407
9408
9427
9406
9407
9432
9434
9428
9435
9429
9413
9415
9412
9415
9424
9412
9413
9414
9425
9414
9415
9426
9429
9418
9421
9418
9422
9419
9421
9422
9430
9421
9422
9433
9434
9436
9425
9428
9425
9429
9426
9428
9429
9428
9429
9434
9435
9436
9435
9436
9434
9435
9434
9436
9439
9443
9439
9442
9452
9440
9453
9442
9443
9454
9442
9443
9456
9448
9449
9450
9454
9448
9449
11271
9448
9450
9516
11272
9449
9450
9455
9517
11273
9456
9457
9519
9453
9457
9528
9453
9456
9454
9456
9457
9456
9457
9532
9533
9462
9463
9464
9473
9462
9464
11306
9463
9464
9474
9462
9463
11307
11308
9476
9478
9469
9470
9471
9473
9469
9471
9470
9471
9475
9488
9469
9470
9489
9477
9490
9478
9476
9477
9500
9476
9477
9478
9476
9478
9477
9478
9504
9505
9481
9484
9501
9481
9485
9508
9482
9502
9510
9484
9485
9503
9512
9484
9485
9506
9513
9490
9491
9492
9503
9491
9492
9536
9490
9492
9504
9490
9491
9537
9505
9541
9506
9495
9499
9509
9495
9498
9542
9496
9511
9498
9499
9512
9498
9499
9546
9548
9513
9502
9505
9502
9506
9503
9505
9506
9505
9506
9510
9511
9510
9513
9511
9513
9512
9512
9513
9518
9519
9520
9531
9518
9520
11341
9518
9519
11342
9519
9520
9532
11343
9533
9534
9523
9527
9529
9523
9526
9549
9524
9530
9526
9527
9531
9526
9527
9553
9555
9534
9530
9533
9530
9534
9531
9533
9534
9533
9534
9539
9540
9541
9539
9541
9540
9541
9539
9540
9544
9548
9544
9547
9545
9547
9548
9547
9548
9551
9555
9551
9554
9564
9552
9565
9554
9555
9566
9554
9555
9568
9560
9561
9562
9566
9560
9561
11488
9560
9562
9572
11489
9561
9562
9567
9573
11490
9568
9569
9575
9565
9569
9584
9565
9568
9566
9568
9569
9568
9569
9588
9589
9574
9575
9576
9587
9574
9576
11530
9574
9575
11531
9575
9576
9588
11532
9589
9590
9579
9583
9585
9579
9582
9591
9580
9586
9582
9583
9587
9582
9583
9595
9597
9590
9586
9589
9586
9590
9587
9589
9590
9589
9590
9593
9597
9593
9596
9606
9594
9607
9596
9597
9608
9596
9597
9610
9602
9603
9604
9608
9602
9604
10096
9603
9604
9614
10097
9602
9603
9609
9615
9610
9611
9616
10100
9607
9611
9607
9610
9608
9610
9611
9610
9611
9616
9617
9618
9617
9618
10131
9616
9617
10132
9616
9618
10135
9621
9624
9633
9621
9625
9622
9635
9624
9625
9636
9624
9625
9638
9628
9632
9634
10641
9628
9631
9629
9635
9631
9632
9636
9631
9632
10642
9639
10644
9635
9638
9635
9639
10648
9636
9638
9639
9638
9639
10649
10651
9642
9645
15425
9642
9646
13596
9643
9645
9646
9645
9646
13599
15426
15428
13601
9649
9652
15593
9649
9653
13617
9650
9652
9653
9652
9653
13620
15594
15596
13622
9656
9659
9656
9660
10165
9657
9659
9660
9668
9659
9660
9669
10167
9672
9673
10169
9665
9666
9667
9668
9665
9666
15390
9665
9667
9671
9698
15391
9666
9667
9699
9672
15392
9674
9701
9672
9673
9674
9672
9673
10186
9673
9674
9711
10187
9672
9674
9712
10188
9715
9677
9680
9677
9681
10501
9678
9680
9681
9689
9680
9681
9690
10503
9693
9694
10505
9686
9687
9688
9689
9686
9688
9753
15579
9687
9688
9719
9754
9686
9687
9692
9720
15580
9693
15581
9695
9722
9757
9693
9694
9695
9693
9694
10522
9694
9695
9732
10523
9693
9695
9733
10524
9736
9700
9701
9702
9710
9700
9702
9767
15397
9700
9701
9712
15398
9701
9702
9769
9714
15399
9715
9772
9707
9708
9709
9710
9707
9708
10669
9707
9709
9713
10536
9708
9709
10537
10670
9714
10671
9716
10538
9714
9715
9716
9715
9716
10543
9714
9715
9714
9716
10544
10545
9721
9722
9723
9731
9721
9723
9774
15586
9722
9723
9775
9721
9722
9733
15587
9735
15588
9736
9778
9728
9729
9730
9731
9728
9729
10690
9728
9730
9734
10564
9729
9730
10565
10691
9735
10692
9737
10566
9735
9736
9737
9736
9737
10571
9735
9736
9735
9737
10572
10573
9740
9743
15425
9740
9744
9741
9743
9744
13644
9743
9744
13645
15427
13648
15429
13649
9747
9750
14925
9747
9751
9760
9748
9750
9751
13651
9750
9751
9763
13652
14927
13655
14929
9765
13656
9756
9757
9758
13651
9756
9757
14932
9757
9758
9775
9756
9758
9776
13654
14933
13655
14934
9779
13657
9761
9764
15593
9761
9765
9762
9764
9765
13665
9764
9765
13666
15595
13669
15597
13670
9770
9771
9772
13679
9770
9772
15446
9770
9771
13681
15447
9771
9772
13683
15448
13684
9777
9778
9779
13693
9777
9778
15614
9778
9779
9777
9779
13695
15615
13697
15616
13698
9782
9785
15488
9782
9786
9783
9785
9786
13707
9785
9786
13708
15490
13711
15492
13712
9789
9792
14946
9789
9793
9795
9790
9792
9793
13721
9792
9793
9798
13722
14948
13725
14950
9800
13726
9796
9799
15635
9796
9800
9797
9799
9800
13735
9799
9800
13736
15637
13739
15639
13740
9803
9806
15530
9803
9807
9804
9806
9807
9815
9806
9807
9816
15531
9819
15532
9820
9812
9813
9814
9815
9812
9813
9813
9814
9873
9812
9814
9817
9874
9819
9821
9877
9819
9820
9821
9819
9820
15537
9819
9821
9886
15538
9820
9821
9887
15539
9890
9824
9827
14967
9824
9828
9837
9825
9827
9828
9829
9827
9828
9830
9840
14968
9833
14969
9834
9842
9833
9834
9835
13742
9833
9834
9851
14981
9834
9835
9853
9900
9833
9835
9901
13745
14982
13746
14983
9855
9904
13748
9838
9841
15656
9838
9842
9839
9841
9842
9850
9841
9842
9851
15657
9854
15658
9855
9847
9848
9849
9850
9847
9848
9848
9849
9908
9847
9849
9852
9909
9854
9856
9912
9854
9855
9856
9854
9855
15663
9854
9856
9921
15664
9855
9856
9922
15665
9925
9861
9862
9863
9864
12861
9861
9862
10228
12863
15551
9861
9863
9867
9880
15552
9862
9863
9881
10229
9868
12865
15553
10230
12866
9870
9884
9868
9869
9870
13749
9869
9870
9887
9868
9869
13751
15558
9868
9870
9888
15559
13753
15560
13754
9891
9875
9876
9877
9885
9875
9876
9876
9877
9875
9877
9886
9889
9890
9882
9883
9884
9885
9882
9883
10781
15565
9882
9884
9888
15566
9883
9884
10782
9889
15567
10783
9891
9889
9890
9891
9889
9890
15572
9890
9891
9889
9891
15573
15574
9896
9897
9898
9899
12868
9896
9897
10795
12871
15677
9896
9898
9902
9915
15678
9897
9898
9916
10796
9903
12872
15679
10797
12873
9905
9919
9903
9904
9905
13756
9904
9905
9922
9903
9904
13759
15684
9903
9905
9923
15685
13760
15686
13762
9926
9910
9911
9912
9920
9910
9911
9911
9912
9910
9912
9921
9924
9925
9917
9918
9919
9920
9917
9918
10816
15691
9917
9919
9923
15692
9918
9919
10817
9924
15693
10818
9926
9924
9925
9926
9924
9925
15698
9925
9926
9924
9926
15699
15700
9931
9932
9933
9941
9931
9932
11404
9931
9933
10480
11405
9932
9933
9943
10481
11406
9945
9946
10482
9938
9939
9940
9941
9938
9939
16153
9938
9940
9944
9978
16154
9939
9940
9979
9945
16155
9947
9981
9945
9946
9947
9946
9947
9985
10494
9945
9946
10495
9945
9947
9986
10496
9988
9952
9953
9954
9962
9952
9953
11425
9952
9954
10592
11426
9953
9954
9964
10593
11427
9966
9967
10594
9959
9960
9961
9962
9959
9961
10012
16258
9960
9961
9999
10013
9959
9960
9965
10000
16259
9966
16260
9968
10002
10016
9966
9967
9968
9967
9968
10006
10606
9966
9967
10607
9966
9968
10007
10608
10009
9971
9974
9971
9975
10613
9972
9974
9975
9983
9974
9975
9984
10615
9987
9989
10617
9980
9981
9982
9983
9980
9982
10026
16160
9980
9981
9986
16161
9981
9982
10028
9987
16162
9988
10031
9987
9988
9989
9987
9989
10634
9988
9989
10635
9987
9988
10636
9992
9995
9992
9996
10641
9993
9995
9996
10004
9995
9996
10005
10643
10008
10010
10645
10001
10002
10003
10004
10001
10003
10047
16265
10002
10003
10048
10001
10002
10007
16266
10008
16267
10009
10051
10008
10009
10010
10008
10010
10662
10009
10010
10663
10008
10009
10664
10015
10016
10017
13770
10015
10016
15299
10016
10017
10048
10015
10017
10049
13773
15300
13774
15301
10052
13776
10020
10023
16188
10020
10024
10033
10021
10023
10024
13777
10023
10024
10036
13778
16189
13781
16191
10038
13783
10029
10030
10031
13777
10029
10031
16195
10029
10030
13780
16196
10030
10031
13781
16197
13782
10034
10037
16209
10034
10038
10035
10037
10038
13791
10037
10038
13792
16210
13795
16212
13797
10041
10044
16272
10041
10045
10054
10042
10044
10045
13798
10044
10045
10057
13799
16273
13802
16276
10059
13804
10050
10051
10052
13798
10050
10051
16279
10051
10052
10050
10052
13801
16280
13802
16281
13803
10055
10058
16293
10055
10059
10056
10058
10059
13812
10058
10059
13813
16294
13816
16296
13818
10062
10065
16230
10062
10066
10063
10065
10066
13826
10065
10066
13827
16231
13830
16233
13832
10069
10072
16314
10069
10073
10075
10070
10072
10073
13847
10072
10073
10078
13848
16315
13851
16318
10080
13853
10076
10079
16335
10076
10080
10077
10079
10080
13861
10079
10080
13862
16336
13865
16338
13867
10085
10086
10087
10088
12875
10085
10086
11516
12877
15313
10085
10087
10104
11517
10086
10087
10090
10105
15314
11518
12879
10092
12880
15315
10093
10108
10092
10093
10094
13868
10093
10094
10111
10125
10092
10093
10112
15327
10092
10094
10126
13871
15328
13872
15329
10114
10128
13874
10099
10100
10101
10109
10099
10100
10100
10101
10132
10099
10101
10110
10133
10113
10115
10136
10106
10107
10108
10109
10106
10107
11537
16356
10106
10108
11538
10107
10108
10112
16357
11539
10113
16358
10114
10113
10114
10115
10113
10115
10145
16363
10114
10115
10147
10113
10114
16364
16365
10149
10118
10121
16370
10118
10122
10138
10119
10121
10122
10123
10121
10122
10124
10141
16371
10127
16372
10129
10143
10127
10128
10129
13875
10127
10129
10146
16384
10128
10129
10147
10127
10128
13878
16385
13879
16386
13881
10150
10134
10135
10136
10144
10134
10135
10135
10136
10134
10136
10145
10148
10149
10139
10142
16391
10139
10143
10140
10142
10143
10144
10142
10143
10146
16392
10148
16393
10150
10148
10149
10150
10148
10149
16398
10148
10150
16399
10149
10150
16400
10153
10156
16209
10153
10157
13883
10154
10156
10157
10156
10157
13886
16211
16213
13888
10160
10163
16293
10160
10164
13582
10161
10163
10164
10163
10164
13585
16295
16297
13587
10168
10169
10172
10168
10171
10169
10171
10186
10170
10175
10170
10176
10188
10171
10177
10189
10192
10175
10176
10175
10178
10509
10176
10178
10179
10510
10177
10177
10181
10178
10182
10184
10514
10181
10184
10515
10181
10185
10187
10529
10182
10188
10184
10185
10189
10184
10185
10519
10533
10520
10191
10534
10188
10192
10188
10191
10543
10189
10191
10192
10191
10192
10547
10548
10196
10197
10200
11552
11553
11557
10196
10199
14995
10197
10199
10207
14996
10198
10203
10198
10205
10209
11572
11576
11578
10199
10206
10210
10212
14998
10203
10205
10669
10673
10674
13931
13935
13936
13937
10203
10204
13932
13934
13936
13937
18084
10214
16405
16406
16407
10206
18086
10206
10217
16406
16408
16410
16411
18087
10206
10218
10684
10686
10687
16407
16409
16410
16411
10219
18088
10209
10212
15002
10209
10213
10216
10263
11698
11702
11704
10210
10218
11706
11709
11711
10212
10213
10219
10212
10213
10267
15003
15004
10220
10268
16412
16413
16414
10217
10220
10270
13939
13941
13943
13944
18091
10218
10220
10271
10719
10720
10722
13940
13942
13943
13944
10219
16413
16415
16417
16418
18092
10219
10727
10728
10729
16414
16416
16417
16418
10220
18093
10276
18096
10225
10226
10227
13952
10225
10226
10677
14247
10225
10227
10762
13955
14249
10226
10227
10679
10763
13956
14251
10681
10764
13958
10230
10233
12242
15705
10230
10234
10782
10231
12244
10233
10234
10235
12245
10233
10234
10236
10785
15706
10239
12247
15707
10240
10786
10239
10240
10241
13959
10239
10240
10790
15719
10240
10241
10791
10838
10239
10241
10839
13961
15720
13963
15721
10792
10841
13965
10245
10246
10690
10694
10695
13966
13970
13971
13972
10245
10247
13967
13969
13971
13972
18097
10256
16419
16420
16421
10248
18100
10248
10259
10705
10707
10708
16420
16423
16424
16425
10248
10260
16421
16422
16424
16425
18101
10261
18102
10251
10254
15030
10251
10255
10257
11726
11730
11732
10252
10259
11734
11737
11739
10254
10255
10261
10254
10255
15031
15032
10262
16426
16427
16428
10259
10262
10312
10740
10741
10743
13974
13976
13978
13979
10260
10262
10313
13975
13977
13978
13979
18105
10261
10748
10749
10750
16427
16429
16431
16432
10261
16428
16430
16431
16432
18106
10262
18107
10318
18110
10265
10268
10271
11587
11590
11592
10265
10269
10277
15065
10266
10274
10279
11601
11604
11606
10268
10269
10275
10280
10268
10269
15066
10276
10282
15067
10273
10276
14001
14004
14006
14007
18111
10274
10276
10901
10903
10904
14002
14005
14006
14007
10284
16433
16434
16435
10275
10287
16434
16436
16438
16439
18113
10275
10288
10916
10917
10918
16435
16437
16438
16439
10276
10289
18114
18116
10279
10282
15072
10279
10283
10286
10333
11782
11786
11788
10280
10288
11790
11793
11795
10282
10283
10289
10282
10283
10337
15073
15074
10290
10338
16440
16441
16442
10287
10290
10340
14009
14011
14013
14014
18119
10288
10290
10341
10950
10951
10953
14010
14012
14013
14014
10289
16441
16443
16445
16446
18120
10289
10958
10959
10960
16442
16444
16445
16446
10290
18121
10346
18124
10295
10296
10297
14022
10295
10296
10908
14373
10295
10297
10993
14025
14375
10296
10297
10910
10994
14026
14377
10912
10995
14028
10302
10303
10304
10305
12326
10302
10303
10831
12327
15824
10302
10304
10833
11014
10303
10304
10307
11015
15825
10834
12330
10309
12331
15826
10310
11016
10309
10310
10311
14029
10310
10311
11021
11069
10309
10310
11022
15838
10309
10311
11070
14031
15839
14033
15840
11023
11072
14035
10315
10318
10922
10924
10925
14036
14040
14041
14042
10316
10318
14037
14039
14041
14042
18125
10326
16447
16448
16449
10317
10329
10937
10938
10939
16448
16451
16452
16453
10317
10330
16449
16450
16452
16453
18127
10318
10331
18128
18130
10321
10324
15100
10321
10325
10327
11810
11814
11816
10322
10329
11818
11821
11823
10324
10325
10331
10324
10325
15101
15102
10332
16454
16455
16456
10329
10332
10382
10971
10972
10974
14044
14046
14048
14049
10330
10332
10383
14045
14047
14048
14049
18133
10331
10979
10980
10981
16455
16457
16459
16460
10331
16456
16458
16459
16460
18134
10332
18135
10388
18138
10335
10338
10341
11615
11618
11620
10335
10339
10347
15135
10336
10344
10349
11629
11632
11634
10338
10339
10345
10350
10338
10339
15136
10346
10352
15137
10343
10346
14071
14074
14076
14077
18139
10344
10346
11132
11134
11135
14072
14075
14076
14077
10354
16461
16462
16463
10345
10357
16462
16464
16466
16467
18141
10345
10358
11147
11148
11149
16463
16465
16466
16467
10346
10359
18142
18144
10349
10352
15142
10349
10353
10356
10403
11866
11870
11872
10350
10358
11874
11877
11879
10352
10353
10359
10352
10353
10407
15143
15144
10360
10408
16468
16469
16470
10357
10360
10410
14079
14081
14083
14084
18147
10358
10360
10411
11181
11182
11184
14080
14082
14083
14084
10359
16469
16471
16473
16474
18148
10359
11189
11190
11191
16470
16472
16473
16474
10360
18149
10416
18152
10365
10366
10367
14092
10365
10366
11139
14499
10365
10367
11224
14095
14501
10366
10367
11141
11225
14096
14503
11143
11226
14098
10372
10373
10374
10375
12417
10372
10373
11062
12418
15943
10372
10374
11064
11245
10373
10374
10377
11246
15944
11065
12421
10379
12422
15945
10380
11247
10379
10380
10381
14099
10380
10381
11252
11300
10379
10380
11253
15957
10379
10381
11301
14101
15958
14103
15959
11254
11303
14105
10385
10388
11153
11155
11156
14106
14110
14111
14112
10386
10388
14107
14109
14111
14112
18153
10396
16475
16476
16477
10387
10399
11168
11169
11170
16476
16479
16480
16481
10387
10400
16477
16478
16480
16481
18155
10388
10401
18156
18158
10391
10394
15170
10391
10395
10397
11894
11898
11900
10392
10399
11902
11905
11907
10394
10395
10401
10394
10395
15171
15172
10402
16482
16483
16484
10399
10402
10452
11202
11203
11205
14114
14116
14118
14119
10400
10402
10453
14115
14117
14118
14119
18161
10401
11210
11211
11212
16483
16485
16487
16488
10401
16484
16486
16487
16488
18162
10402
18163
10458
18166
10405
10408
10411
11643
11646
11648
10405
10409
10418
15205
10406
10414
10420
11657
11660
11662
10408
10409
10415
10422
10408
10409
15206
10416
10423
15207
10413
10416
14141
14144
14146
14147
18167
10414
10416
11363
11365
11366
14142
14145
14146
14147
10425
16489
16490
16491
10415
10427
16490
16492
16494
16495
18169
10415
10428
11378
11379
11380
16491
16493
16494
16495
10416
10430
18170
18172
10420
10421
10424
11944
11945
11949
10420
10423
15212
10421
10423
15213
10422
10428
11964
11968
11970
10422
10429
10423
10430
15215
10428
10429
11404
11408
11409
14148
14152
14153
14154
16496
16497
16498
10427
10429
14150
14151
14153
14154
18176
10430
16497
16499
16501
16502
18177
10430
11419
11421
11422
16498
16500
16501
16502
10430
18178
18179
10435
10436
10437
14162
10435
10436
11370
14625
10435
10437
11455
14165
14627
10436
10437
11372
11456
14166
14629
11374
11457
14168
10442
10443
10444
10445
12488
10442
10443
11293
12489
16062
10442
10444
11295
11469
10443
10444
10447
11470
16063
11296
12492
10449
12493
16064
10450
11471
10449
10450
10451
14169
10450
10451
11511
10449
10450
16076
10449
10451
11512
14171
16077
14173
16078
11513
14175
10455
10458
11384
11386
11387
14176
14180
14181
14182
10456
10458
14177
14179
14181
14182
18181
10467
16503
16504
16505
10457
10469
11399
11400
11401
16504
16507
16508
16509
10457
10470
16505
16506
16508
16509
18183
10458
10472
18184
18186
10462
10463
10466
11972
11973
11977
10462
10465
15229
10463
10465
15230
10464
10469
11992
11996
11998
10464
10471
10465
10472
15232
10469
10471
11425
11429
11430
14183
14186
14188
14189
16510
16511
16512
10470
10471
14185
14187
14188
14189
18189
10472
11440
11442
11443
16511
16513
16515
16516
10472
16512
16514
16515
16516
18191
10472
18192
18193
10475
10478
10487
10585
10475
10479
10494
10628
10476
10489
10496
10478
10479
10490
10497
10478
10479
10589
10631
10492
10590
10499
10632
10482
10485
10488
11943
10482
10486
10495
10483
10489
10496
10485
10486
10490
10497
10485
10486
11944
10493
11946
10500
10489
10492
10599
10489
10493
11950
10490
10492
10493
10492
10493
10603
11951
10604
11953
10496
10499
10635
10496
10500
10497
10499
10500
10499
10500
10638
10639
10504
10505
10508
10504
10507
10505
10507
10522
10506
10511
10506
10512
10524
10507
10513
10525
10527
10511
10512
10511
10514
10512
10514
10515
10513
10513
10517
10514
10518
10520
10517
10520
10517
10521
10523
10557
10518
10524
10520
10521
10525
10520
10521
10561
10528
10562
10524
10527
10524
10528
10571
10525
10527
10528
10527
10528
10575
10576
10531
10534
10543
10531
10535
10550
10558
10532
10545
10552
10534
10535
10546
10553
10534
10535
10561
10548
10556
10563
10538
10542
10544
10538
10541
10551
11551
10539
10545
10552
10541
10542
10546
10553
10541
10542
11552
10555
11554
10549
10545
10548
10545
10549
10546
10548
10549
10548
10549
10552
10556
10578
10552
10555
11558
10553
10555
10556
10555
10556
10582
11559
11561
10583
10559
10562
10571
10559
10563
10578
10560
10573
10580
10562
10563
10574
10581
10562
10563
10576
10583
10566
10569
10572
10566
10570
10579
11663
10567
10573
10580
10569
10570
10574
10581
10569
10570
11664
10577
10584
11666
10573
10576
10573
10577
10574
10576
10577
10576
10577
10580
10583
10580
10584
11670
10581
10583
10584
10583
10584
11671
11673
10587
10590
10599
10587
10591
10606
10656
10588
10601
10608
10590
10591
10602
10609
10590
10591
10659
10604
10612
10660
10594
10598
10600
11971
10594
10597
10607
10595
10601
10608
10597
10598
10602
10609
10597
10598
11972
10611
10605
11974
10601
10604
10601
10605
11978
10602
10604
10605
10604
10605
11979
11981
10608
10612
10663
10608
10611
10609
10611
10612
10611
10612
10666
10667
10616
10617
10620
10616
10619
10617
10619
10634
10618
10623
10618
10624
10636
10619
10625
10637
10640
10623
10624
10623
10626
10649
10624
10626
10627
10650
10625
10625
10629
10626
10630
10633
10654
10629
10633
10655
10629
10632
10635
10630
10636
10632
10633
10637
10632
10633
10659
10639
10661
10636
10640
10636
10639
10637
10639
10640
10639
10640
10644
10645
10648
10644
10647
10645
10647
10662
10646
10651
10646
10652
10664
10647
10653
10665
10668
10651
10652
10651
10654
10652
10654
10655
10653
10653
10657
10654
10658
10661
10657
10661
10657
10660
10663
10658
10664
10660
10661
10665
10660
10661
10667
10664
10668
10664
10667
10665
10667
10668
10667
10668
10671
10674
10671
10675
11551
10672
10674
10675
10683
10674
10675
10684
11553
10687
10688
11555
10680
10681
10682
10683
10680
10681
16405
10680
10682
10686
10713
16407
10681
10682
10714
10687
16409
10689
10716
10687
10688
10689
10687
10688
11572
10688
10689
10726
11573
10687
10689
10727
11574
10730
10692
10695
10692
10696
11663
10693
10695
10696
10704
10695
10696
10705
11665
10708
10709
11667
10701
10702
10703
10704
10701
10703
10754
16419
10702
10703
10734
10755
10701
10702
10707
10735
16420
10708
16423
10710
10737
10758
10708
10709
10710
10708
10709
11684
10709
10710
10747
11685
10708
10710
10748
11686
10751
10715
10716
10717
10725
10715
10717
10761
16412
10715
10716
10727
16414
10716
10717
10763
10729
16416
10730
10766
10722
10723
10724
10725
10722
10724
10901
10722
10723
10728
11698
10723
10724
10902
11699
10729
10731
11700
10906
10729
10730
10731
10730
10731
11705
10729
10730
10729
10731
11706
11707
10736
10737
10738
10746
10736
10738
10768
16426
10737
10738
10769
10736
10737
10748
16427
10750
16429
10751
10771
10743
10744
10745
10746
10743
10745
10922
10743
10744
10749
11726
10744
10745
10923
11727
10750
10752
11728
10926
10750
10751
10752
10751
10752
11733
10750
10751
10750
10752
11734
11735
10757
10758
10759
14288
10757
10758
13988
10758
10759
10769
10757
10759
10770
13989
14291
13992
14292
10772
14294
10764
10765
10766
14302
10765
10766
14261
10764
10765
14263
14304
10764
10766
14306
14266
14307
10771
10772
10773
14316
10771
10773
14345
10771
10772
10772
10773
14318
14346
14320
14322
14350
10776
10779
10776
10780
10845
10777
10779
10780
10788
10779
10780
10789
10848
10793
10794
10850
10783
10787
15726
10783
10786
10784
10786
10787
10788
10786
10787
10790
15727
10792
10793
15728
10792
10793
10794
10793
10794
10859
15733
10792
10793
15734
10792
10794
10860
15735
10863
10797
10800
13225
15037
10797
10801
10817
10798
13226
10800
10801
10802
13227
10800
10801
10803
10820
15038
10806
13229
15039
10807
10821
10806
10807
10808
14323
10806
10807
10825
15051
10807
10808
10826
10873
10806
10808
10874
14326
15052
14327
15053
10827
10876
14329
10811
10815
10811
10814
10880
10812
10814
10815
10823
10814
10815
10824
10883
10828
10884
10829
10818
10822
15775
10818
10821
10819
10821
10822
10823
10821
10822
10825
15776
10827
10829
15777
10827
10828
10829
10828
10829
10894
15782
10827
10829
15783
10827
10828
10895
10897
15784
10834
10835
10836
10837
13231
10834
10835
13233
15747
10835
10836
10840
10853
15748
10834
10836
10854
13235
10842
13236
15749
10843
10856
10841
10842
10843
14330
10841
10843
10860
10841
10842
14332
15754
10842
10843
10861
15755
14334
14335
15756
10864
10846
10849
10846
10850
10847
10849
10850
10858
10849
10850
10859
10862
10863
10855
10856
10857
10858
10855
10857
11013
15761
10855
10856
10861
15762
10856
10857
11014
10862
15763
10864
11017
10862
10863
10864
10862
10863
15768
10863
10864
10862
10864
15769
15770
10869
10870
10871
10872
13238
10870
10871
11027
13241
15796
10869
10870
10875
10888
15797
10869
10871
10889
11028
10877
10890
10878
13243
15798
11031
13244
10876
10877
10878
14337
10876
10877
10895
10876
10878
14340
15803
10877
10878
10896
15804
14342
10898
14343
15805
10881
10885
10881
10884
10882
10884
10885
10893
10884
10885
10894
10897
10899
10890
10891
10892
10893
10891
10892
11048
15810
10890
10891
10896
15811
10890
10892
11049
10898
10899
15812
11051
10897
10898
10899
10897
10899
15817
10897
10898
10898
10899
15818
15819
10904
10905
10906
10914
10904
10906
10905
10906
11586
10904
10905
10916
11587
10918
10919
11588
10911
10912
10913
10914
10911
10912
16433
10911
10913
10917
10944
16435
10912
10913
10945
10918
16437
10920
10947
10918
10919
10920
10919
10920
10957
11600
10918
10919
11601
10918
10920
10958
11602
10961
10925
10926
10927
10935
10925
10926
10926
10927
11754
10925
10927
10937
11755
10939
10940
11756
10932
10933
10934
10935
10932
10934
10985
16447
10933
10934
10965
10986
10932
10933
10938
10966
16448
10939
16451
10941
10968
10989
10939
10940
10941
10940
10941
10978
11768
10939
10940
11769
10939
10941
10979
11770
10982
10946
10947
10948
10956
10946
10948
10992
16440
10946
10947
10958
16442
10947
10948
10994
10960
16444
10961
10997
10953
10954
10955
10956
10953
10955
11132
10953
10954
10959
11782
10954
10955
11133
11783
10960
10962
11784
11137
10960
10961
10962
10961
10962
11789
10960
10961
10960
10962
11790
11791
10967
10968
10969
10977
10967
10969
10999
16454
10968
10969
11000
10967
10968
10979
16455
10981
16457
10982
11002
10974
10975
10976
10977
10974
10976
11153
10974
10975
10980
11810
10975
10976
11154
11811
10981
10983
11812
11157
10981
10982
10983
10982
10983
11817
10981
10982
10981
10983
11818
11819
10988
10989
10990
14414
10988
10989
14058
10989
10990
11000
10988
10990
11001
14059
14417
14062
14418
11003
14420
10995
10996
10997
14428
10996
10997
14387
10995
10996
14389
14430
10995
10997
14432
14392
14433
11002
11003
11004
14442
11002
11004
14471
11002
11003
11003
11004
14444
14472
14446
14448
14476
11007
11010
11007
11011
11076
11008
11010
11011
11019
11010
11011
11020
11079
11024
11025
11081
11016
11017
11018
11019
11017
11018
15845
11016
11017
11016
11018
11022
15846
11023
11024
15847
11023
11024
11025
11024
11025
11090
15852
11023
11025
11091
11023
11024
15853
15854
11094
11030
11031
11032
11033
13287
11030
11031
13289
15107
11031
11032
11049
11030
11032
11035
11050
15108
11037
13291
15109
13292
11038
11052
11037
11038
11039
14449
11038
11039
11056
11104
11037
11038
11057
15121
11037
11039
11105
14452
15122
14453
15123
11058
11107
14455
11042
11046
11042
11045
11111
11043
11045
11046
11054
11045
11046
11055
11114
11059
11115
11060
11051
11052
11053
11054
11051
11053
15894
11051
11052
11052
11053
11057
15895
11058
11060
15896
11058
11059
11060
11059
11060
11125
15901
11058
11059
11126
11058
11060
15902
11128
15903
11065
11066
11067
11068
13294
11065
11066
13296
15866
11066
11067
11071
11084
15867
11065
11067
11085
13298
11073
13299
15868
11074
11087
11072
11073
11074
14456
11072
11074
11091
11072
11073
14458
15873
11073
11074
11092
15874
14460
14461
15875
11095
11077
11080
11077
11081
11078
11080
11081
11089
11080
11081
11090
11093
11094
11086
11087
11088
11089
11086
11088
11244
15880
11086
11087
11092
15881
11087
11088
11245
11093
15882
11095
11248
11093
11094
11095
11093
11094
15887
11094
11095
11093
11095
15888
15889
11100
11101
11102
11103
13301
11101
11102
11258
13304
15915
11100
11101
11106
11119
15916
11100
11102
11120
11259
11108
11121
11109
13306
15917
11262
13307
11107
11108
11109
14463
11107
11108
11126
11107
11109
14466
15922
11108
11109
11127
15923
14468
11129
14469
15924
11112
11116
11112
11115
11113
11115
11116
11124
11115
11116
11125
11128
11130
11121
11122
11123
11124
11122
11123
11279
15929
11121
11122
11127
15930
11121
11123
11280
11129
11130
15931
11282
11128
11129
11130
11128
11130
15936
11128
11129
11129
11130
15937
15938
11135
11136
11137
11145
11135
11137
11136
11137
11614
11135
11136
11147
11615
11149
11150
11616
11142
11143
11144
11145
11142
11143
16461
11142
11144
11148
11175
16463
11143
11144
11176
11149
16465
11151
11178
11149
11150
11151
11150
11151
11188
11628
11149
11150
11629
11149
11151
11189
11630
11192
11156
11157
11158
11166
11156
11157
11157
11158
11838
11156
11158
11168
11839
11170
11171
11840
11163
11164
11165
11166
11163
11165
11216
16475
11164
11165
11196
11217
11163
11164
11169
11197
16476
11170
16479
11172
11199
11220
11170
11171
11172
11171
11172
11209
11852
11170
11171
11853
11170
11172
11210
11854
11213
11177
11178
11179
11187
11177
11179
11223
16468
11177
11178
11189
16470
11178
11179
11225
11191
16472
11192
11228
11184
11185
11186
11187
11184
11186
11363
11184
11185
11190
11866
11185
11186
11364
11867
11191
11193
11868
11368
11191
11192
11193
11192
11193
11873
11191
11192
11191
11193
11874
11875
11198
11199
11200
11208
11198
11200
11230
16482
11199
11200
11231
11198
11199
11210
16483
11212
16485
11213
11233
11205
11206
11207
11208
11205
11207
11384
11205
11206
11211
11894
11206
11207
11385
11895
11212
11214
11896
11388
11212
11213
11214
11213
11214
11901
11212
11213
11212
11214
11902
11903
11219
11220
11221
14540
11219
11220
14128
11220
11221
11231
11219
11221
11232
14129
14543
14132
14544
11234
14546
11226
11227
11228
14554
11227
11228
14513
11226
11227
14515
14556
11226
11228
14558
14518
14559
11233
11234
11235
14568
11233
11235
14597
11233
11234
11234
11235
14570
14598
14572
14574
14602
11238
11241
11238
11242
11307
11239
11241
11242
11250
11241
11242
11251
11310
11255
11256
11312
11247
11248
11249
11250
11248
11249
15964
11247
11248
11247
11249
11253
15965
11254
11255
15966
11254
11255
11256
11255
11256
11321
15971
11254
11256
11322
11254
11255
15972
15973
11325
11261
11262
11263
11264
13350
11261
11262
13352
15177
11262
11263
11280
11261
11263
11266
11281
15178
11268
13354
15179
13355
11269
11283
11268
11269
11270
14575
11269
11270
11287
11335
11268
11269
11288
15191
11268
11270
11336
14578
15192
14579
15193
11289
11338
14581
11273
11277
11273
11276
11342
11274
11276
11277
11285
11276
11277
11286
11345
11290
11346
11291
11282
11283
11284
11285
11282
11284
16013
11282
11283
11283
11284
11288
16014
11289
11291
16015
11289
11290
11291
11290
11291
11356
16020
11289
11290
11357
11289
11291
16021
11359
16022
11296
11297
11298
11299
13357
11296
11297
13359
15985
11297
11298
11302
11315
15986
11296
11298
11316
13361
11304
13362
15987
11305
11318
11303
11304
11305
14582
11303
11305
11322
11303
11304
14584
15992
11304
11305
11323
15993
14586
14587
15994
11326
11308
11311
11308
11312
11309
11311
11312
11320
11311
11312
11321
11324
11325
11317
11318
11319
11320
11317
11319
11468
15999
11317
11318
11323
16000
11318
11319
11469
11324
16001
11326
11472
11324
11325
11326
11324
11325
16006
11325
11326
11324
11326
16007
16008
11331
11332
11333
11334
13364
11332
11333
11475
13367
16034
11331
11332
11337
11350
16035
11331
11333
11351
11476
11339
11352
11340
13369
16036
11479
13370
11338
11339
11340
14589
11338
11339
11357
11338
11340
14592
16041
11339
11340
11358
16042
14594
11360
14595
16043
11343
11347
11343
11346
11344
11346
11347
11355
11346
11347
11356
11359
11361
11352
11353
11354
11355
11353
11354
11496
16048
11352
11353
11358
16049
11352
11354
11497
11360
11361
16050
11499
11359
11360
11361
11359
11361
16055
11359
11360
11360
11361
16056
16057
11366
11367
11368
11376
11366
11368
11367
11368
11642
11366
11367
11378
11643
11380
11381
11644
11373
11374
11375
11376
11373
11374
16489
11373
11375
11379
11413
16491
11374
11375
11414
11380
16493
11382
11416
11380
11381
11382
11381
11382
11420
11656
11380
11381
11657
11380
11382
11421
11658
11423
11387
11388
11389
11397
11387
11388
11388
11389
11922
11387
11389
11399
11923
11401
11402
11924
11394
11395
11396
11397
11394
11396
11447
16503
11395
11396
11434
11448
11394
11395
11400
11435
16504
11401
16507
11403
11437
11451
11401
11402
11403
11402
11403
11441
11936
11401
11402
11937
11401
11403
11442
11938
11444
11406
11409
11406
11410
11943
11407
11409
11410
11418
11409
11410
11419
11945
11422
11424
11947
11415
11416
11417
11418
11415
11417
11454
16496
11415
11416
11421
16498
11416
11417
11456
11422
16500
11423
11459
11422
11423
11424
11422
11424
11964
11423
11424
11965
11422
11423
11966
11427
11430
11427
11431
11971
11428
11430
11431
11439
11430
11431
11440
11973
11443
11445
11975
11436
11437
11438
11439
11436
11438
11461
16510
11437
11438
11462
11436
11437
11442
16511
11443
16513
11444
11464
11443
11444
11445
11443
11445
11992
11444
11445
11993
11443
11444
11994
11450
11451
11452
14666
11450
11451
14198
11451
11452
11462
11450
11452
11463
14199
14669
14202
14670
11465
14672
11457
11458
11459
14680
11458
11459
14646
11457
11458
14648
14683
11457
11459
14684
14651
14685
11464
11465
11466
14694
11464
11466
14730
11464
11465
11465
11466
14697
14731
14698
14700
14735
11471
11472
11473
11472
11473
16083
11471
11472
11471
11473
16084
16085
11478
11479
11480
11481
13413
11478
11479
13415
15236
11479
11480
11497
11478
11480
11483
11498
15237
11485
13417
15238
13418
11486
11500
11485
11486
11487
14701
11486
11487
11504
11525
11485
11486
11505
15250
11485
11487
11526
14704
15251
14705
15252
11506
11527
14707
11490
11494
11490
11493
11531
11491
11493
11494
11502
11493
11494
11503
11534
11507
11535
11508
11499
11500
11501
11502
11499
11501
16104
11499
11500
11500
11501
11505
16105
11506
11508
16106
11506
11507
11508
11507
11508
11545
16111
11506
11507
11547
11506
11508
16112
11548
16113
11513
11514
11515
14708
11514
11515
16097
11513
11515
11513
11514
14710
16098
14712
14713
16099
11518
11522
13428
16118
11518
11521
11538
11519
13429
11521
11522
11523
13430
11521
11522
11524
11541
16119
11528
11542
11529
13433
16120
11527
11528
11529
14715
11528
11529
11546
16132
11527
11528
11547
11527
11529
14718
16133
14720
11549
14721
16134
11532
11536
11532
11535
11533
11535
11536
11544
11535
11536
11545
11548
11550
11539
11543
16139
11539
11542
11540
11542
11543
11544
11542
11543
11546
16140
11549
11550
16141
11548
11549
11550
11548
11550
16146
11549
11550
16147
11548
11549
16148
11554
11555
11558
11554
11557
11555
11557
11572
11556
11561
11556
11562
11574
11557
11563
11575
11578
11561
11562
11561
11564
11671
11562
11564
11565
11672
11563
11563
11567
11564
11568
11570
11676
11567
11570
11677
11567
11571
11573
11691
11568
11574
11570
11571
11575
11570
11571
11681
11695
11682
11577
11696
11574
11578
11574
11577
11705
11575
11577
11578
11577
11578
11709
11710
11581
11584
11593
11747
11581
11585
11600
11775
11582
11595
11602
11584
11585
11596
11603
11584
11585
11751
11779
11599
11752
11605
11780
11588
11591
11594
11699
11588
11592
11601
11589
11595
11602
11591
11592
11596
11603
11591
11592
11702
11598
11703
11606
11595
11599
11761
11595
11598
11713
11596
11598
11599
11598
11599
11716
11765
11717
11766
11602
11605
11789
11602
11606
11603
11605
11606
11605
11606
11793
11794
11609
11612
11621
11831
11609
11613
11628
11859
11610
11623
11630
11612
11613
11624
11631
11612
11613
11835
11863
11627
11836
11633
11864
11616
11619
11622
11783
11616
11620
11629
11617
11623
11630
11619
11620
11624
11631
11619
11620
11786
11626
11787
11634
11623
11627
11845
11623
11626
11797
11624
11626
11627
11626
11627
11800
11849
11801
11850
11630
11633
11873
11630
11634
11631
11633
11634
11633
11634
11877
11878
11637
11640
11649
11915
11637
11641
11656
11958
11638
11651
11658
11640
11641
11652
11659
11640
11641
11919
11961
11655
11920
11661
11962
11644
11647
11650
11867
11644
11648
11657
11645
11651
11658
11647
11648
11652
11659
11647
11648
11870
11654
11871
11662
11651
11655
11929
11651
11654
11881
11652
11654
11655
11654
11655
11884
11933
11885
11934
11658
11661
11965
11658
11662
11659
11661
11662
11661
11662
11968
11969
11666
11667
11670
11666
11669
11667
11669
11684
11668
11673
11668
11674
11686
11669
11675
11687
11689
11673
11674
11673
11676
11674
11676
11677
11675
11675
11679
11676
11680
11682
11679
11682
11679
11683
11685
11719
11680
11686
11682
11683
11687
11682
11683
11723
11690
11724
11686
11689
11686
11690
11733
11687
11689
11690
11689
11690
11737
11738
11693
11696
11705
11693
11697
11712
11720
11694
11707
11714
11696
11697
11708
11715
11696
11697
11723
11710
11718
11725
11700
11704
11706
11700
11703
11713
11701
11707
11714
11703
11704
11708
11715
11703
11704
11717
11711
11707
11710
11707
11711
11708
11710
11711
11710
11711
11714
11718
11740
11714
11717
11715
11717
11718
11717
11718
11744
11745
11721
11724
11733
11721
11725
11740
11722
11735
11742
11724
11725
11736
11743
11724
11725
11738
11745
11728
11732
11734
11728
11731
11741
11754
11729
11735
11742
11731
11732
11736
11743
11731
11732
11758
11746
11760
11739
11735
11738
11735
11739
11736
11738
11739
11738
11739
11742
11745
11742
11746
11762
11743
11745
11746
11745
11746
11765
11767
11749
11752
11761
11749
11753
11768
11803
11750
11763
11770
11752
11753
11764
11771
11752
11753
11807
11766
11774
11808
11756
11760
11762
11756
11759
11769
11757
11763
11770
11759
11760
11764
11771
11759
11760
11773
11767
11763
11766
11763
11767
11764
11766
11767
11766
11767
11770
11774
11817
11770
11773
11771
11773
11774
11773
11774
11821
11822
11777
11780
11789
11777
11781
11796
11804
11778
11791
11798
11780
11781
11792
11799
11780
11781
11807
11794
11802
11809
11784
11788
11790
11784
11787
11797
11785
11791
11798
11787
11788
11792
11799
11787
11788
11801
11795
11791
11794
11791
11795
11792
11794
11795
11794
11795
11798
11802
11824
11798
11801
11799
11801
11802
11801
11802
11828
11829
11805
11808
11817
11805
11809
11824
11806
11819
11826
11808
11809
11820
11827
11808
11809
11822
11829
11812
11816
11818
11812
11815
11825
11838
11813
11819
11826
11815
11816
11820
11827
11815
11816
11842
11830
11844
11823
11819
11822
11819
11823
11820
11822
11823
11822
11823
11826
11829
11826
11830
11846
11827
11829
11830
11829
11830
11849
11851
11833
11836
11845
11833
11837
11852
11887
11834
11847
11854
11836
11837
11848
11855
11836
11837
11891
11850
11858
11892
11840
11844
11846
11840
11843
11853
11841
11847
11854
11843
11844
11848
11855
11843
11844
11857
11851
11847
11850
11847
11851
11848
11850
11851
11850
11851
11854
11858
11901
11854
11857
11855
11857
11858
11857
11858
11905
11906
11861
11864
11873
11861
11865
11880
11888
11862
11875
11882
11864
11865
11876
11883
11864
11865
11891
11878
11886
11893
11868
11872
11874
11868
11871
11881
11869
11875
11882
11871
11872
11876
11883
11871
11872
11885
11879
11875
11878
11875
11879
11876
11878
11879
11878
11879
11882
11886
11908
11882
11885
11883
11885
11886
11885
11886
11912
11913
11889
11892
11901
11889
11893
11908
11890
11903
11910
11892
11893
11904
11911
11892
11893
11906
11913
11896
11900
11902
11896
11899
11909
11922
11897
11903
11910
11899
11900
11904
11911
11899
11900
11926
11914
11928
11907
11903
11906
11903
11907
11904
11906
11907
11906
11907
11910
11913
11910
11914
11930
11911
11913
11914
11913
11914
11933
11935
11917
11920
11929
11917
11921
11936
11986
11918
11931
11938
11920
11921
11932
11939
11920
11921
11989
11934
11942
11990
11924
11928
11930
11924
11927
11937
11925
11931
11938
11927
11928
11932
11939
11927
11928
11941
11935
11931
11934
11931
11935
11932
11934
11935
11934
11935
11938
11942
11993
11938
11941
11939
11941
11942
11941
11942
11996
11997
11946
11947
11950
11946
11949
11947
11949
11964
11948
11953
11948
11954
11966
11949
11955
11967
11970
11953
11954
11953
11956
11979
11954
11956
11957
11980
11955
11955
11959
11956
11960
11963
11984
11959
11963
11985
11959
11962
11965
11960
11966
11962
11963
11967
11962
11963
11989
11969
11991
11966
11970
11966
11969
11967
11969
11970
11969
11970
11974
11975
11978
11974
11977
11975
11977
11992
11976
11981
11976
11982
11994
11977
11983
11995
11998
11981
11982
11981
11984
11982
11984
11985
11983
11983
11987
11984
11988
11991
11987
11991
11987
11990
11993
11988
11994
11990
11991
11995
11990
11991
11997
11994
11998
11994
11997
11995
11997
11998
11997
11998
12002
12067
12071
12072
12003
12854
12858
12859
12006
12008
12006
12009
12010
12008
12009
12010
12102
12010
12103
12104
12013
12015
12013
12016
12017
12019
12015
12016
12017
12021
12116
12017
12117
16721
16722
16724
12023
12118
16728
16729
16731
12020
12022
12020
12023
12024
12026
12022
12023
12024
12028
12123
12024
12124
12030
12125
12027
12029
12027
12030
12031
12029
12030
12031
12130
12031
12131
12132
12034
12037
12763
12034
12038
12035
12765
12037
12038
12766
12037
12038
12768
12041
12044
12770
12041
12045
12042
12772
12044
12045
12773
12044
12045
12775
12048
12051
12784
12048
12052
12771
12049
12786
12051
12052
12787
12051
12052
12774
12789
12776
12055
12058
12812
12055
12059
12785
12056
12814
12058
12059
12815
12058
12059
12788
12817
12790
12062
12065
12840
12062
12066
12813
12063
12842
12065
12066
12843
12065
12066
12816
12845
12818
12069
12072
12854
12069
12073
12841
12070
12856
12072
12073
12857
12072
12073
12844
12859
12846
12076
12078
12076
12079
12080
12078
12079
12080
12179
12080
12180
12181
12083
12085
12083
12086
12087
12089
12085
12086
16749
16751
16753
12087
12091
12193
16756
16758
16760
12087
12194
12093
12195
12090
12092
12090
12093
12094
12096
12092
12093
12094
12098
12200
12094
12201
12100
12202
12097
12099
12097
12100
12101
12099
12100
12101
12207
12101
12208
12209
12104
12106
12104
12107
12108
12110
12106
12107
12108
12112
12214
12108
12215
12114
12216
12111
12113
12111
12114
12115
16839
16843
16844
12113
12114
12115
12115
16847
16848
16850
12118
12120
12118
12121
16538
16542
16543
12122
12124
16895
16897
16901
12120
12121
12122
12126
12122
16903
16904
16906
12128
16909
16913
16914
12125
12127
12125
12128
12129
12131
12127
12128
12129
12133
12221
12129
12222
12135
12223
12132
12134
12132
12135
12136
12134
12135
12136
12228
12136
12229
12230
12139
12141
12139
12142
12143
12141
12142
12143
12235
12143
12236
12237
12147
12148
12792
14925
12147
12150
12795
13148
12148
12150
13149
14932
12149
12796
14928
12149
14929
14934
12150
14930
14935
13152
14937
12154
12155
12820
14946
12154
12157
12823
13162
12155
12157
13163
14953
12156
12824
14949
12156
14950
14955
12157
14951
14956
13167
14958
12161
12163
12848
14967
12163
12164
12850
13183
12161
12164
13184
14974
12162
14969
14976
12163
12164
14970
14977
12853
14972
13188
14979
12168
12169
14988
12168
12171
14877
12169
12171
14878
12170
14990
12170
14992
12171
14993
14882
12174
12176
12174
12177
12178
12176
12177
12178
12270
12178
12271
12272
12181
12183
12181
12184
12185
12187
12183
12184
12185
12189
12277
12185
12278
12191
12279
12188
12190
16917
16920
16922
12188
12191
12192
12190
12191
12192
16924
16926
16928
12192
12195
12197
16994
16997
16999
12195
12198
12199
12201
12197
12198
17001
17003
17005
12199
12203
12284
17008
17010
17012
12199
12285
12205
12286
12202
12204
12202
12205
12206
12208
12204
12205
12206
12210
12291
12206
12292
12212
12293
12209
12211
12209
12212
12213
12211
12212
12213
16580
12213
16581
16582
12216
12218
12216
12219
12220
12218
12219
12220
12298
12220
12299
12300
12223
12225
12223
12226
12227
12229
12225
12226
12227
12231
12305
12227
12306
12233
12307
12230
12232
12230
12233
12234
12232
12233
12234
12312
12234
12313
12314
12237
12239
12237
12240
12241
12239
12240
12241
12319
12241
12320
12321
12244
12247
12863
13210
12244
12248
12864
17085
12245
12866
12247
12248
13959
12247
12248
13212
13960
17088
13213
13963
13964
17089
12254
12255
13176
13980
12253
12254
12255
13981
13987
12253
12254
13178
13967
12253
12255
13968
13988
13969
13991
13179
13984
13985
13992
12259
12262
13190
13225
15037
12260
12262
13192
17142
12259
12260
13228
15044
17143
12261
13229
15039
15047
12261
15048
17144
12262
15040
15049
13194
15042
12265
12267
15058
12265
12269
14989
12268
15060
12267
12269
14991
12268
15062
12269
15063
14994
12272
12274
12272
12275
12276
12274
12275
12276
12354
12276
12355
12356
12279
12281
12279
12282
12283
12281
12282
12283
12361
12283
12362
12363
12286
12288
17177
17178
17181
12286
12289
12290
12292
12288
12289
17183
17185
17187
12290
12294
12368
17190
17192
17194
12290
12369
12296
12370
12293
12295
12293
12296
12297
16581
12295
12296
12297
12375
16583
12297
12376
12377
16585
12300
12302
12300
12303
12304
12302
12303
12304
12389
12304
12390
12391
12307
12309
12307
12310
12311
12313
12309
12310
12311
12315
12396
12311
12397
12317
12398
12314
12316
12314
12317
12318
12316
12317
12318
12403
12318
12404
12405
12321
12323
12321
12324
12325
12323
12324
12325
12410
12325
12411
12412
12330
12331
12332
14029
12330
12331
13233
13274
12330
12332
13234
17268
12331
12332
13275
14030
17269
13235
13276
14033
14034
17270
12337
12338
12339
14050
14057
12338
12339
13247
14051
12337
12338
13248
14037
12337
12339
14038
14058
14039
14061
13250
14054
14055
14062
12343
12346
13253
13289
15107
12344
12346
13254
17324
12343
12344
13290
15114
17325
12345
13291
15109
15117
12345
15118
17326
12346
15110
15119
13258
15112
12349
12351
15128
12349
12353
15059
12352
15131
12351
12353
15061
12352
15132
12353
15133
15064
12356
12358
12356
12359
12360
12358
12359
12360
12445
12360
12446
12447
12363
12365
12363
12366
12367
12365
12366
12367
12452
12367
12453
12454
12370
12372
17359
17360
17363
12370
12373
12374
12376
12372
12373
17365
17367
17369
12374
12378
12459
17373
17374
17376
12374
12460
12380
12461
12377
12379
12377
12380
12381
12383
12379
12380
12381
12385
12466
12381
12467
12387
12468
12384
12386
16584
12384
12387
16585
12388
16586
12386
12387
12388
12473
12388
12474
12475
12391
12393
12391
12394
12395
12393
12394
12395
12480
12395
12481
12482
12398
12400
12398
12401
12402
12404
12400
12401
12402
12406
12402
12487
12408
12405
12407
12405
12408
12409
12407
12408
12409
12409
12412
12414
12412
12415
12416
12414
12415
12416
12416
12421
12422
12423
14099
12421
12422
13296
13337
12421
12423
13297
17450
12422
12423
13338
14100
17451
13298
13339
14103
14104
17452
12428
12429
12430
14120
14127
12429
12430
13310
14121
12428
12429
13311
14107
12428
12430
14108
14128
14109
14131
13313
14124
14125
14132
12434
12437
13316
13352
15177
12435
12437
13317
17506
12434
12435
13353
15184
17507
12436
13354
15179
15187
12436
15188
17508
12437
15180
15189
13321
15182
12441
12442
15198
12441
12444
15129
12442
12444
15130
12443
15201
12443
15202
12444
15203
15134
12447
12449
12447
12450
12451
12449
12450
12451
12451
12454
12456
12454
12457
12458
12456
12457
12458
12516
12458
12517
12518
12461
12463
17540
17543
17545
12461
12464
12465
12467
12463
12464
17547
17549
17551
12465
12469
12523
17553
17557
17558
12465
12524
12471
12525
12468
12470
12468
12471
12472
12474
12470
12471
12472
12476
12530
12472
12531
12478
12532
12475
12477
12475
12478
12479
12477
12478
12479
16671
12479
16672
16673
12482
12484
12482
12485
12486
12484
12485
12486
12537
12486
12538
12539
12492
12493
12494
14169
12492
12493
13359
13400
12492
12494
13360
17623
12493
12494
13401
14170
17624
13361
13402
14173
14174
17625
12499
12500
12501
14190
14197
12500
12501
13373
14191
12499
12500
13374
14177
12499
12501
14178
14198
14179
14201
13376
14194
14195
14202
12505
12508
13379
13415
15236
12506
12508
13380
17679
12505
12506
13416
15243
17680
12507
13417
15238
15246
12507
15247
17681
12508
15239
15248
13384
15241
12512
12513
15257
12512
12515
15199
12513
12515
15200
12514
15260
12514
15261
12515
15262
15204
12518
12520
12518
12521
12522
12520
12521
12522
12568
12522
12569
12570
12525
12527
17713
17716
17718
12525
12528
12529
12531
12527
12528
17720
17722
17724
12529
12533
12582
17726
17730
17731
12529
12583
12535
12584
12532
12534
12532
12535
12536
16672
12534
12535
12536
12589
16674
12536
12590
12591
16676
12539
12541
12539
12542
12543
12545
12541
12542
12543
12547
12543
12596
12549
12597
12546
12548
12546
12549
12550
17734
17736
17738
12548
12549
12550
12550
17740
17744
17745
12553
12555
13434
15292
12553
12557
13512
15299
12556
15294
15301
12555
12557
13437
13514
12556
13439
15296
12557
15297
15302
13516
15304
12560
12563
12877
13441
15313
12560
12564
12878
15320
17832
12562
12880
15315
15322
12563
12564
13443
17834
12563
12564
15316
15323
13447
15318
15325
17837
12567
12567
15259
12570
12572
12570
12573
12574
12576
12572
12573
12574
12578
12633
12574
12580
12577
12579
17798
17799
17802
12577
12580
12581
12579
12580
12581
17804
17807
17809
12581
12584
12586
17874
17877
17879
12584
12587
12588
12590
12586
12587
17881
17884
17886
12588
12592
12634
17887
17889
17893
12588
12594
12591
12593
12591
12594
12595
12593
12594
12595
12595
12597
12602
12603
12604
12903
12602
12603
12904
17754
12602
12604
16792
17755
12603
12604
16793
12907
17756
12908
16796
12609
12610
12611
12609
12610
17773
12609
12611
12905
17774
12610
12611
12906
17775
12909
12614
12617
13525
13581
12614
12618
12946
12615
13583
12617
12618
13584
12617
12618
12948
13527
13528
13586
12949
12621
12624
13546
13588
12621
12625
12622
13590
12624
12625
13591
12624
12625
13548
13549
13593
12628
12632
13560
15348
12628
12630
12995
12631
15350
12630
12632
12998
13562
12631
13000
12632
15351
13565
15354
16820
16821
16824
12639
12642
12644
12639
12643
12640
12646
12642
12643
12647
12642
12643
12649
12646
12649
12646
12650
12659
12647
12649
12650
12649
12650
12662
12664
12653
12655
12686
12653
12657
13049
12656
12655
12657
12690
13050
12656
12692
12657
13054
12660
12663
12665
12660
12664
12661
12667
12663
12664
12668
12663
12664
12670
12667
12670
12667
12671
12694
12668
12670
12671
12670
12671
12697
12699
12676
12677
12678
12679
12676
12677
16707
12676
12678
12681
16524
12677
12678
16525
16709
12683
16711
12685
16526
12683
12684
12685
12683
12684
12708
12683
12685
13063
12684
12685
12710
13064
12712
13065
12688
12692
12688
12691
13070
13595
12689
13597
12691
12692
13598
12691
12692
13071
13074
13600
12695
12698
12700
12695
12699
12696
12702
12698
12699
12703
12698
12699
12705
12702
12705
12702
12706
12729
12703
12705
12706
12705
12706
12732
12734
12711
12712
12713
16713
12711
12712
12711
12713
16531
16715
12712
12713
16532
16717
16533
16719
12716
12720
12716
12719
13091
13602
12717
13604
12719
12720
13605
12719
12720
13092
13095
13607
12723
12727
12742
12723
12726
13098
13609
12724
13611
12726
12727
13612
12726
12727
12745
13099
13101
13614
12746
12730
12733
12735
12730
12734
12731
12737
12733
12734
12738
12733
12734
12740
12737
12740
12737
12741
12750
12738
12740
12741
12740
12741
12753
12755
12744
12746
12744
12748
13105
15355
12747
15357
12746
12748
13106
12747
12748
15358
13110
15361
12751
12754
12756
12751
12755
12752
12758
12754
12755
12759
12754
12755
12761
12758
12761
12758
12762
12759
12761
12762
12761
12762
12765
12768
12765
12769
12766
12768
12769
12768
12769
12772
12775
12772
12776
12773
12775
12776
12775
12776
12779
12781
12791
12779
12783
13147
12782
12781
12783
12795
13148
12782
12797
12783
13153
12786
12789
12786
12790
12787
12789
12790
12789
12790
12793
12797
12793
12796
13616
12794
13618
12796
12797
13619
12796
12797
13621
12802
12803
12804
12805
12802
12803
16735
12802
12804
16736
16930
12803
12804
12808
16931
16738
12810
12811
16932
12809
12810
12811
12809
12810
12834
12809
12811
12835
13168
12810
12811
13169
12837
13170
12814
12817
12814
12818
12815
12817
12818
12817
12818
12821
12825
12821
12824
13623
12822
13625
12824
12825
13626
12824
12825
13628
12828
12832
12847
12828
12831
13182
13630
12829
13632
12831
12832
13633
12831
12832
12850
13183
13185
13635
12851
12837
12838
12839
16741
12837
12838
12837
12839
16951
12838
12839
16744
16952
16746
16747
16953
12842
12845
12842
12846
12843
12845
12846
12845
12846
12849
12851
12849
12853
15369
12852
15371
12851
12853
12852
12853
15372
15374
12856
12859
12856
12860
12857
12859
12860
12859
12860
12865
12866
12867
13749
12865
12867
13112
13750
16763
12865
12866
13113
12866
12867
16765
13114
13753
13755
16768
12872
12873
12874
13756
12872
12874
13189
13757
16770
12873
12874
13224
16771
12872
12873
13190
13225
13191
13760
13226
13761
16775
12879
12880
12881
13868
12879
12881
13427
16784
12879
12880
13428
12880
12881
13869
16786
13429
13872
13873
16789
12884
12888
13455
12884
12886
12911
12887
12886
12888
12914
13457
12887
12916
12888
13460
12891
12894
12891
12895
12897
12892
12898
12894
12895
12899
12894
12895
12902
12898
12901
12917
12898
12902
12899
12901
12902
12901
12902
12921
12922
12907
12908
12909
12907
12908
13469
12907
12909
13470
12908
12909
13471
12912
12915
13476
13882
12912
12916
12913
13884
12915
12916
13885
12915
12916
13478
13480
13887
12919
12922
12919
12923
12925
12920
12926
12922
12923
12927
12922
12923
12930
12926
12929
12938
12926
12930
12927
12929
12930
12929
12930
12942
12943
12933
12936
13490
13889
12933
12937
12934
13891
12936
12937
13892
12936
12937
13492
13494
13894
12940
12943
12940
12944
12941
12943
12944
12943
12944
12947
12951
13518
12947
12949
12950
12949
12951
13520
12950
12951
13523
12954
12957
12954
12958
12960
12955
12961
12957
12958
12962
12957
12958
12965
12961
12964
12980
12961
12965
12962
12964
12965
12964
12965
12984
12985
12970
12971
12972
12973
12970
12971
16798
17824
12970
12972
12975
17825
12971
12972
16800
12977
17826
16802
12979
12977
12978
12979
12977
12978
13002
13539
12977
12979
13540
12978
12979
13004
13541
13006
12982
12985
12982
12986
12988
12983
12989
12985
12986
12990
12985
12986
12993
12989
12992
13008
12989
12993
12990
12992
12993
12992
12993
13012
13013
12996
12999
13553
13896
12996
13000
12997
13898
12999
13000
13899
12999
13000
13555
13557
13901
13005
13006
13007
16804
13005
13006
17852
13005
13007
16806
17853
13006
13007
16808
17854
16810
13010
13013
13010
13014
13016
13011
13017
13013
13014
13018
13013
13014
13021
13017
13020
13022
13017
13021
13018
13020
13021
13020
13021
13026
13027
13024
13027
13024
13028
13029
13025
13030
13027
13028
13031
13027
13028
13034
13030
13034
13031
13033
13034
13033
13034
13037
13040
14855
16826
13037
13041
13043
13903
13038
13044
16827
13040
13041
13045
16828
13040
13041
13906
14858
14859
16831
13048
13907
13044
13047
14869
16833
13044
13048
13910
13045
16834
13047
13048
16835
13047
13048
13913
14872
14873
16838
13914
13052
13054
13054
13055
13071
13052
13055
13072
15390
13053
15392
13054
13055
15393
13076
15396
13058
13061
13084
15397
13058
13062
13931
13060
15399
13061
13062
13087
13932
13061
13062
15400
13090
15403
13937
13065
13068
16524
13065
13069
16532
13066
16526
13068
13069
16527
16860
13068
13069
16535
16861
16529
16864
16537
16865
13073
13074
15404
13074
13076
13073
13076
15411
13075
15407
15413
13075
15408
13076
15409
15414
15416
13080
13081
15425
13080
13083
13092
13081
13083
13093
15432
13082
15428
13082
15429
15434
13083
15430
15435
13097
15438
13086
13090
15446
13086
13088
13196
15453
13089
15448
15455
13088
13090
13198
13089
13202
15457
13090
15449
15458
15451
13094
13095
15467
13095
13097
13094
13097
15474
13096
15470
15476
13096
15471
13097
15472
15477
15479
13101
13102
15488
13101
13104
13106
13102
13104
13107
15495
13103
15491
13103
15492
15497
13104
15493
15498
13111
15501
13108
13110
15509
13110
13111
13108
13111
15516
13109
15511
15518
13110
13111
15512
15519
15514
15521
13114
13117
15544
16888
13114
13118
13210
15551
13116
15546
15553
13117
13118
13211
16891
13117
13118
15547
15554
15549
16894
13216
15557
13123
13124
13125
13123
13124
13645
15418
13124
13125
13646
13680
13123
13125
13681
15419
15420
13649
13684
13130
13131
13132
13133
13130
13131
13638
15474
13130
13132
13136
15475
17952
13131
13132
13640
17953
13137
15476
13642
13139
17955
13137
13138
13139
13137
13138
13708
15481
13138
13139
13709
17958
13137
13139
15482
17959
15483
13712
17962
13144
13145
13146
13144
13145
13701
15516
13144
13146
13751
15517
13145
13146
13703
13752
15518
13705
13754
13150
13153
13152
13153
13150
13152
15579
13151
15581
13152
13153
15582
15584
13156
13159
13175
15586
13156
13160
13966
13158
15588
13159
13160
13178
13967
13159
13160
15589
13181
15592
13972
13164
13165
15593
13164
13167
13165
13167
15600
13166
15596
13166
15597
15602
13167
15598
15603
15605
13170
13173
16951
13170
13174
16931
13171
16932
13173
13174
16933
16944
13173
13174
16945
16955
16948
16956
16936
16949
13177
13181
15614
13177
13179
15621
13180
15616
15623
13179
13181
13180
15625
13181
15617
15626
15620
13185
13186
15635
13185
13188
13186
13188
15642
13187
15638
13187
15639
15644
13188
15640
15645
15647
13191
13195
15670
16965
13191
13194
15677
13193
15672
15679
13194
13195
16968
13194
13195
15673
15680
15682
15676
16971
13201
13202
14239
13200
13201
13202
14240
14246
13200
13202
13932
13200
13201
13933
14247
13934
14250
14243
14251
14244
13207
13208
13209
14260
14267
13207
13208
13938
14261
13207
13209
13260
13939
13208
13209
13261
14268
13941
14264
14266
14272
13265
14273
13213
13216
15705
13214
13216
17044
13213
13214
15712
17045
13215
15707
15715
13215
15716
17047
13216
15708
15717
15710
13220
13221
13232
15740
17057
13220
13223
13273
17058
13221
13223
13233
13274
15747
13222
15743
17060
13222
13236
15744
15749
13223
15745
15750
13279
15753
13226
13230
17091
13226
13229
13227
13229
13230
14323
13229
13230
14324
17095
14327
14328
17096
13235
13236
13237
14330
13236
13237
14331
17099
13235
13236
13235
13237
17101
14335
14336
17103
13242
13243
13244
14337
13242
13243
13252
14338
17106
13242
13244
13288
17107
13243
13244
13253
13289
14341
17109
13255
14343
13292
13249
13250
13251
14344
14351
13249
13251
13973
14345
13250
13251
14352
13249
13250
13975
13977
14348
14355
14350
14356
13255
13256
15789
17155
13255
13258
15796
13256
13258
17157
13257
15792
15798
13257
15793
17159
13258
15794
15799
15801
13263
13264
13265
14365
14372
13263
13265
14001
13264
13265
14366
13263
13264
14003
14373
14004
14376
14369
14377
14370
13270
13271
13272
14386
14393
13270
13271
14008
14387
13270
13272
13323
14009
13271
13272
13324
14394
14011
14390
14392
14398
13328
14399
13277
13279
17225
13276
13279
15824
13276
13277
15831
17227
13278
15826
15834
13278
15835
17229
13279
15827
15836
15829
13283
13284
13295
15859
17239
13283
13286
13336
17240
13284
13286
13296
13337
15866
13285
15862
17242
13285
13299
15863
15868
13286
15864
15869
13342
15872
13291
13292
13293
14449
13292
13293
17274
13291
13292
13291
13293
14450
17276
14453
14454
17278
13298
13299
13300
14456
13299
13300
14457
17281
13298
13299
13298
13300
17283
14461
14462
17285
13305
13306
13307
14463
13305
13306
13315
14464
17288
13305
13307
13351
17289
13306
13307
13316
13352
14467
17291
13318
14469
13355
13312
13313
13314
14470
14477
13312
13314
14043
14471
13313
13314
14478
13312
13313
14045
14047
14474
14481
14476
14482
13318
13319
15908
17337
13318
13321
15915
13319
13321
17339
13320
15911
15917
13320
15912
17341
13321
15913
15918
15920
13326
13327
13328
14491
14498
13326
13328
14071
13327
13328
14492
13326
13327
14073
14499
14074
14502
14495
14503
14496
13333
13334
13335
14512
14519
13333
13334
14078
14513
13333
13335
13386
14079
13334
13335
13387
14520
14081
14516
14518
14524
13391
14525
13340
13342
17407
13339
13342
15943
13339
13340
15950
17409
13341
15945
15953
13341
15954
17411
13342
15946
15955
15948
13346
13347
13358
15978
17421
13346
13349
13399
17422
13347
13349
13359
13400
15985
13348
15981
17424
13348
13362
15982
15987
13349
15983
15988
13405
15991
13354
13355
13356
14575
13355
13356
17456
13354
13355
13354
13356
14576
17458
14579
14580
17460
13361
13362
13363
14582
13362
13363
14583
17463
13361
13362
13361
13363
17465
14587
14588
17467
13368
13369
13370
14589
13368
13369
13378
14590
17470
13368
13370
13414
17471
13369
13370
13379
13415
14593
17473
13381
14595
13418
13375
13376
13377
14596
14603
13375
13377
14113
14597
13376
13377
14604
13375
13376
14115
14117
14600
14607
14602
14608
13381
13382
16027
17519
13381
13384
16034
13382
13384
17521
13383
16030
16036
13383
16031
17523
13384
16032
16037
16039
13389
13390
13391
14617
14624
13389
13391
14141
13390
13391
14618
13389
13390
14143
14625
14144
14628
14621
14629
14622
13397
13398
13462
14638
13396
13397
13398
14639
14645
13396
13397
14149
14646
13396
13398
13465
14150
14151
14649
14643
14651
13466
14644
13403
13405
17589
13402
13405
16062
13402
13403
16069
17591
13404
16064
16072
13404
16073
17593
13405
16065
16074
16067
13410
13412
13420
13409
13410
13424
16090
17604
13409
13412
17605
13411
16093
17606
13411
13425
16094
13412
16095
13417
13418
13419
14701
13418
13419
17629
13417
13418
13417
13419
14702
17631
14705
14706
17633
13422
13425
13422
13426
17636
13423
13425
13426
14708
13425
13426
14709
17639
14713
14714
17641
13429
13432
17642
13429
13433
13441
13430
13432
13433
14715
13432
13433
13442
14716
17646
14719
17647
13444
14721
13439
13440
14722
13438
13439
13440
14723
14729
13438
13440
14184
14730
13438
13439
14185
14187
14733
14726
14727
14735
13444
13447
16118
13444
13445
16125
17693
13445
13447
17694
13446
16120
16128
13446
16129
17696
13447
16121
16130
16123
13450
13454
14148
13450
13453
13463
16153
13452
16155
13453
13454
13465
14150
13453
13454
16156
13468
16159
14154
13458
13460
13458
13461
13477
16160
13460
13461
13478
13459
16162
13460
13461
16163
13482
16166
13464
13466
16167
13464
13468
16174
13467
16169
16176
13466
13468
13467
16171
13468
16172
16177
16179
13471
13474
17754
13471
13475
17774
13472
17756
13474
13475
17747
17757
13474
13475
17750
17777
17752
17759
17753
17779
13479
13480
16188
13479
13482
16195
13480
13482
13481
16191
16197
13481
16192
13482
16193
16198
16200
13486
13487
16209
13486
13489
13491
16216
13487
13489
13492
13488
16212
16218
13488
16213
13489
16214
16219
13496
16222
13493
13494
16230
13493
13496
16237
13494
13496
13495
16233
16239
13495
16234
13496
16235
16240
16242
13501
13502
13503
13504
13501
13502
14673
16167
13501
13503
14674
18008
13502
13503
13506
16168
18009
14675
13508
16169
13509
18012
13508
13509
13510
13509
13510
13779
18021
13508
13509
16181
18022
13508
13510
13780
16182
16183
18025
13782
13513
13517
14183
13513
13516
16258
13515
16260
13516
13517
14185
13516
13517
16261
16263
14189
13521
13523
13521
13524
13526
16265
13523
13524
13527
13522
16267
13523
13524
16268
13531
16271
13528
13529
16272
13529
13531
16279
13528
13531
13530
16275
13530
16276
16281
13531
16277
16282
16285
13535
13536
16293
13535
13538
13547
16300
13536
13538
13548
13537
16296
16302
13537
16297
13538
16298
16303
13552
16306
13541
13544
17852
13541
13545
17825
13542
17826
13544
13545
17817
17827
13544
13545
17820
17856
17822
17857
17823
17830
13549
13550
16314
13550
13552
16321
13549
13552
13551
16317
13551
16318
16323
13552
16319
16324
16327
13556
13557
16335
13556
13559
13561
16342
13557
13559
13562
13558
16338
16344
13558
16339
13559
16340
16345
13566
16348
13563
13565
16370
13563
13566
16377
13565
13566
13564
16372
16379
13565
13566
16373
16380
16375
16383
13569
13572
13574
14225
13569
13573
15334
17894
13570
13576
17896
13572
13573
13577
17897
13572
13573
14228
15337
13579
14229
15338
17899
13576
13579
14232
13576
13580
15341
17901
13577
17903
13579
13580
17904
13579
13580
14235
15344
14236
15345
17906
13583
13586
16272
13583
13587
13584
13586
13587
13586
13587
16274
16275
13590
13593
16314
13590
13594
13897
13591
13593
13594
13593
13594
13900
16316
16317
13902
13597
13600
15404
13597
13601
13598
13600
13601
13600
13601
15405
15408
13604
13607
15467
13604
13608
13610
13605
13607
13608
13607
13608
13613
15468
15471
13615
13611
13614
15488
13611
13615
13612
13614
13615
13614
13615
15489
15491
13618
13621
14925
13618
13622
13619
13621
13622
13621
13622
14926
14928
13625
13628
14946
13625
13629
13631
13626
13628
13629
13628
13629
13634
14947
14949
13636
13632
13635
15635
13632
13636
13633
13635
13636
13635
13636
15636
15638
13641
13642
13643
13644
13641
13642
15432
13641
13643
13647
15433
17910
13642
13643
17911
13648
15434
13650
17913
13648
13649
13650
13648
13649
15439
13649
13650
17923
13648
13650
15440
17924
15441
17927
13655
13656
13657
13655
13656
13666
14939
13656
13657
13667
13694
13655
13657
13695
14940
14941
13670
13698
13662
13663
13664
13665
13662
13664
13715
15600
13663
13664
13716
17931
13662
13663
13668
15601
17932
13669
15602
13671
17934
13719
13669
13670
13671
13669
13670
15607
13670
13671
17944
13669
13671
15608
17945
15609
17948
13676
13677
13678
13679
13676
13677
13945
15453
13676
13678
13682
15454
17917
13677
13678
13946
17918
13683
15455
13947
13685
17921
13683
13684
13685
13684
13685
17923
13683
13684
15460
13683
13685
15461
17925
15462
17928
13690
13691
13692
13693
13690
13691
14281
15621
13690
13692
13696
15622
17938
13691
13692
14282
17939
13697
15623
14283
13699
17942
13697
13698
13699
13698
13699
17944
13697
13698
15628
13697
13699
15629
17946
15630
17949
13704
13705
13706
13707
13704
13705
15495
13704
13706
13710
15496
17966
13705
13706
17967
13711
15497
13713
17969
13711
13712
13713
13711
13712
15502
13712
13713
17972
13711
13713
15503
17973
15504
17976
13718
13719
13720
13721
13718
13719
14953
13719
13720
17980
13718
13720
13724
14954
17981
13725
14955
13727
17984
13725
13726
13727
13725
13726
13736
14960
13726
13727
13737
17986
13725
13727
14961
17987
14962
13740
17990
13732
13733
13734
13735
13732
13734
13743
15642
13733
13734
13744
17994
13732
13733
13738
15643
17995
13739
15644
13741
17997
13747
13739
13740
13741
13739
13740
15649
13740
13741
18000
13739
13741
15650
18001
15651
18004
13746
13747
13748
13746
13747
14974
13747
13748
13758
13746
13748
13759
14975
14976
13762
13753
13754
13755
13753
13755
15544
17965
13753
13754
15545
13754
13755
17967
15546
17970
13760
13761
13762
13760
13761
15670
17993
13761
13762
17994
13760
13762
15671
15672
17998
13767
13768
13769
13770
13767
13768
14687
15292
13767
13769
14688
18029
13768
13769
13772
15293
18030
14689
13774
15294
13775
18033
13774
13775
13776
13775
13776
13800
18042
13774
13775
15306
18043
13774
13776
13801
15307
15308
18046
13803
13781
13782
13783
13781
13783
13792
16202
13782
13783
13793
13781
13782
16203
16204
13797
13788
13789
13790
13791
13788
13790
13820
16216
13788
13789
13794
16217
18015
13789
13790
13822
18016
13795
16218
13796
18019
13825
13795
13796
13797
13795
13797
16223
13796
13797
18021
13795
13796
16224
18023
16225
18026
13802
13803
13804
13802
13804
13813
16286
13803
13804
13814
13802
13803
16287
16288
13818
13809
13810
13811
13812
13809
13811
13841
16300
13810
13811
13842
18036
13809
13810
13815
16301
18037
13816
16302
13817
18039
13845
13816
13817
13818
13816
13818
16307
13817
13818
18042
13816
13817
16308
18044
16309
18047
13823
13824
13825
13826
13823
13825
16237
13823
13824
13829
16238
17784
13824
13825
17785
13830
16239
13831
17788
13830
13831
13832
13830
13832
13834
16244
13831
13832
13835
17790
13830
13831
16245
17792
16246
17795
13839
13837
13838
13839
13837
13839
16251
13838
13839
18049
13837
13838
16252
18051
16253
18054
13844
13845
13846
13847
13844
13845
16321
13845
13846
18057
13844
13846
13850
16322
18058
13851
16323
13852
18061
13851
13852
13853
13851
13853
13862
16328
13852
13853
13863
18063
13851
13852
16329
18065
16330
18068
13867
13858
13859
13860
13861
13858
13860
13876
16342
13859
13860
13877
18071
13858
13859
13864
16343
18072
13865
16344
13866
18074
13880
13865
13866
13867
13865
13867
16349
13866
13867
18077
13865
13866
16350
18079
16351
18082
13872
13873
13874
13872
13873
15320
18070
13873
13874
13877
18071
13872
13874
13878
15321
15322
18075
13881
13879
13880
13881
13879
13880
16377
13880
13881
13879
13881
16378
16379
13884
13887
16188
13884
13888
13885
13887
13888
13887
13888
16190
16192
13891
13894
16230
13891
13895
13892
13894
13895
13894
13895
16232
16234
13898
13901
16335
13898
13902
13899
13901
13902
13901
13902
16337
16339
13905
13907
13910
13905
13909
13917
14884
13908
13912
13919
13907
13909
14885
13908
13914
13909
13915
13920
13922
14887
13912
13914
13912
13916
13924
14912
13915
13926
13914
13916
14913
13915
13916
13927
13929
14915
13919
13922
14890
13919
13923
13925
14743
13920
13926
13922
13923
13927
13922
13923
14746
14893
14894
13930
14747
13926
13929
14918
13926
13930
14750
13927
13929
13930
13929
13930
14753
14921
14922
14754
13935
13937
13934
13937
13934
13935
16405
13936
16408
13936
16409
13937
16410
13941
13942
16412
13941
13944
14001
13942
13944
14002
13943
16415
13943
16416
13944
16417
14007
13947
13950
14239
13947
13951
18238
13948
13950
13951
13952
13950
13951
13953
14242
18241
13956
14243
13957
18242
13956
13957
13958
13956
13957
14254
18245
13957
13958
14303
18246
13956
13958
14256
14304
14257
18248
14306
13963
13964
13965
13963
13964
15712
18294
13963
13965
14332
15714
13964
13965
14333
18296
15715
18297
14334
13970
13972
13969
13972
13969
13970
16419
13971
16422
13971
16423
13972
16424
13976
13977
16426
13976
13979
14036
13977
13979
14037
13978
16429
13978
16430
13979
16431
14042
13984
13985
14281
15621
13984
13985
13986
13994
13984
13986
15624
18323
13985
13986
13995
14285
18324
15625
13998
14286
13999
18325
13991
13992
13993
13994
13991
13992
16419
13992
13993
13997
14346
13991
13993
14347
16421
16422
13998
14000
14349
13998
13999
14000
13998
13999
14289
18329
13999
14000
14359
18330
13998
14000
14291
14360
14292
18332
14362
14004
14007
14005
14007
14004
14005
16433
14006
16436
14006
16437
14007
16438
14011
14012
16440
14011
14014
14071
14012
14014
14072
14013
16443
14013
16444
14014
16445
14077
14019
14020
14021
14022
14019
14020
14296
14366
14019
14021
14298
18407
14020
14021
14024
14368
18408
14299
14026
14369
14027
18409
14026
14027
14028
14027
14028
14429
18413
14026
14027
14381
18414
14026
14028
14382
14430
14383
18416
14432
14033
14034
14035
14033
14034
15831
18462
14033
14035
14458
15833
14034
14035
14459
18464
15834
18465
14460
14040
14042
14039
14042
14039
14040
16447
14041
16450
14041
16451
14042
16452
14046
14047
16454
14046
14049
14106
14047
14049
14107
14048
16457
14048
16458
14049
16459
14112
14054
14055
14056
14064
14054
14055
14352
14408
14054
14056
14354
18491
14055
14056
14066
14410
18492
14355
14068
14411
14069
18493
14061
14062
14063
14064
14061
14062
16447
14062
14063
14067
14472
14061
14063
14473
16449
16450
14068
14070
14475
14068
14069
14070
14069
14070
14485
18497
14068
14069
14416
18498
14068
14070
14417
14486
14418
18500
14488
14074
14077
14075
14077
14074
14075
16461
14076
16464
14076
16465
14077
16466
14081
14082
16468
14081
14084
14141
14082
14084
14142
14083
16471
14083
16472
14084
16473
14147
14089
14090
14091
14092
14089
14090
14422
14492
14089
14091
14424
18575
14090
14091
14094
14494
18576
14425
14096
14495
14097
18577
14096
14097
14098
14097
14098
14555
18581
14096
14097
14507
18582
14096
14098
14508
14556
14509
18584
14558
14103
14104
14105
14103
14104
15950
18630
14103
14105
14584
15952
14104
14105
14585
18632
15953
18633
14586
14110
14112
14109
14112
14109
14110
16475
14111
16478
14111
16479
14112
16480
14116
14117
16482
14116
14119
14176
14117
14119
14177
14118
16485
14118
16486
14119
16487
14182
14124
14125
14126
14134
14124
14125
14478
14534
14124
14126
14480
18659
14125
14126
14136
14536
18660
14481
14138
14537
14139
18661
14131
14132
14133
14134
14131
14132
16475
14132
14133
14137
14598
14131
14133
14599
16477
16478
14138
14140
14601
14138
14139
14140
14139
14140
14611
18665
14138
14139
14542
18666
14138
14140
14543
14612
14544
18668
14614
14144
14147
14145
14147
14144
14145
16489
14146
16492
14146
16493
14147
16494
14152
14154
14151
14152
16496
14151
14154
14153
16499
14153
16500
14154
16501
14159
14160
14161
14162
14159
14160
14548
14618
14159
14161
14550
18743
14160
14161
14164
14620
18744
14551
14166
14621
14167
18745
14166
14167
14168
14167
14168
14682
18749
14166
14167
14633
18750
14166
14168
14634
14683
14635
18752
14684
14173
14174
14175
14173
14174
16069
18798
14173
14175
14710
16071
14174
14175
14711
18800
16072
18801
14712
14180
14182
14179
14182
14179
14180
16503
14181
16506
14181
16507
14182
16508
14186
14189
14186
14187
16510
14187
14189
14188
16513
14188
16514
14189
16515
14194
14195
14196
14204
14194
14195
14604
14660
14194
14196
14606
18827
14195
14196
14206
14662
18828
14607
14208
14663
14209
18829
14201
14202
14203
14204
14201
14202
16503
14202
14203
14207
14731
14201
14203
14732
16505
16506
14208
14210
14734
14208
14209
14210
14209
14210
14738
18833
14208
14209
14668
18834
14208
14210
14669
14739
14670
18836
14740
14213
14216
14218
14841
14213
14217
14226
15264
14214
14220
14227
14216
14217
14221
14230
14216
14217
14844
15267
14223
14845
14231
15268
14220
14223
14848
14220
14224
14233
15278
14221
14234
14223
14224
14237
14223
14224
14851
15281
14852
14238
15282
14227
14229
14232
14227
14231
15271
14230
14234
14229
14231
15273
14230
14236
14231
14237
15275
14234
14236
14234
14238
15285
14237
14236
14238
15287
14237
14238
15289
14243
14244
15453
14243
14244
14245
14253
14244
14245
15456
18197
14243
14245
14254
18198
14257
15457
14258
18200
14250
14251
14252
14253
14250
14251
16405
14250
14252
14262
16406
14251
14252
14256
14263
16408
14257
14259
14265
14257
14258
14259
14257
14258
18203
14258
14259
14275
18204
14257
14259
14276
18206
14278
14264
14265
14266
14274
14264
14266
16412
14264
14265
16413
14265
14266
14276
16415
14278
14280
14271
14272
14273
14274
14272
14273
14296
14366
14271
14272
14277
14297
18211
14271
14273
14367
18212
14279
18213
14280
14300
14370
14278
14279
14280
14278
14279
18217
14278
14280
14304
14279
14280
14305
18219
18221
14307
14283
14286
14283
14287
18252
14284
14286
14287
14288
14286
14287
14289
18255
14292
14293
18256
14292
14293
14294
14292
14293
18259
14293
14294
14317
18260
14292
14294
14318
18262
14320
14299
14300
14301
14302
14299
14300
14300
14301
14305
18267
14299
14301
18268
14307
14308
18270
14306
14307
14308
14306
14308
18273
14306
14307
14307
14308
18275
18278
14313
14314
14315
14316
14314
14315
14352
14408
14313
14314
14319
14353
18281
14313
14315
14409
18282
14321
18283
14322
14356
14412
14320
14321
14322
14320
14321
18287
14320
14322
14360
14321
14322
14361
18289
18291
14363
14327
14328
14329
14327
14328
15044
18301
14328
14329
14339
18302
14327
14329
14340
15045
15047
18305
14342
14334
14335
14336
14335
14336
15740
18308
14334
14335
15742
14334
14336
18310
15744
18313
14341
14342
14343
14341
14343
15789
18315
14341
14342
18316
14342
14343
15790
18319
15792
14348
14349
14350
14358
14348
14350
16426
14349
14350
14360
14348
14349
16428
16430
14362
14363
14355
14356
14357
14358
14355
14356
14356
14357
14361
18337
14355
14357
18338
14363
14364
18340
14362
14363
14364
14362
14364
18343
14362
14363
14363
14364
18345
18348
14369
14370
14371
14379
14369
14370
14370
14371
18365
14369
14371
14381
18366
14383
14384
18368
14376
14377
14378
14379
14376
14377
16433
14376
14378
14388
16434
14377
14378
14382
14389
16436
14383
14385
14391
14383
14384
14385
14384
14385
14401
18371
14383
14384
18372
14383
14385
14402
18374
14404
14390
14391
14392
14400
14390
14392
16440
14390
14391
16441
14391
14392
14402
16443
14404
14406
14397
14398
14399
14400
14398
14399
14422
14492
14397
14398
14403
14423
18379
14397
14399
14493
18380
14405
18381
14406
14426
14496
14404
14405
14406
14404
14405
18385
14404
14406
14430
14405
14406
14431
18387
18389
14433
14411
14412
14413
14414
14411
14412
14412
14413
18421
14411
14413
14416
18422
14418
14419
18424
14418
14419
14420
14419
14420
14443
18427
14418
14419
18428
14418
14420
14444
18430
14446
14425
14426
14427
14428
14425
14426
14426
14427
14431
18435
14425
14427
18436
14433
14434
18438
14432
14433
14434
14432
14434
18441
14432
14433
14433
14434
18443
18446
14439
14440
14441
14442
14440
14441
14478
14534
14439
14440
14445
14479
18449
14439
14441
14535
18450
14447
18451
14448
14482
14538
14446
14447
14448
14446
14447
18455
14446
14448
14486
14447
14448
14487
18457
18459
14489
14453
14454
14455
14453
14454
15114
18469
14454
14455
14465
18470
14453
14455
14466
15115
15117
18473
14468
14460
14461
14462
14461
14462
15859
18476
14460
14461
15861
14460
14462
18478
15863
18481
14467
14468
14469
14467
14469
15908
18483
14467
14468
18484
14468
14469
15909
18487
15911
14474
14475
14476
14484
14474
14476
16454
14475
14476
14486
14474
14475
16456
16458
14488
14489
14481
14482
14483
14484
14481
14482
14482
14483
14487
18505
14481
14483
18506
14489
14490
18508
14488
14489
14490
14488
14490
18511
14488
14489
14489
14490
18513
18516
14495
14496
14497
14505
14495
14496
14496
14497
18533
14495
14497
14507
18534
14509
14510
18536
14502
14503
14504
14505
14502
14503
16461
14502
14504
14514
16462
14503
14504
14508
14515
16464
14509
14511
14517
14509
14510
14511
14510
14511
14527
18539
14509
14510
18540
14509
14511
14528
18542
14530
14516
14517
14518
14526
14516
14518
16468
14516
14517
16469
14517
14518
14528
16471
14530
14532
14523
14524
14525
14526
14524
14525
14548
14618
14523
14524
14529
14549
18547
14523
14525
14619
18548
14531
18549
14532
14552
14622
14530
14531
14532
14530
14531
18553
14530
14532
14556
14531
14532
14557
18555
18557
14559
14537
14538
14539
14540
14537
14538
14538
14539
18589
14537
14539
14542
18590
14544
14545
18592
14544
14545
14546
14545
14546
14569
18595
14544
14545
18596
14544
14546
14570
18598
14572
14551
14552
14553
14554
14551
14552
14552
14553
14557
18603
14551
14553
18604
14559
14560
18606
14558
14559
14560
14558
14560
18609
14558
14559
14559
14560
18611
18614
14565
14566
14567
14568
14566
14567
14604
14660
14565
14566
14571
14605
18617
14565
14567
14661
18618
14573
18619
14574
14608
14664
14572
14573
14574
14572
14573
18623
14572
14574
14612
14573
14574
14613
18625
18627
14615
14579
14580
14581
14579
14580
15184
18637
14580
14581
14591
18638
14579
14581
14592
15185
15187
18641
14594
14586
14587
14588
14587
14588
15978
18644
14586
14587
15980
14586
14588
18646
15982
18649
14593
14594
14595
14593
14595
16027
18651
14593
14594
18652
14594
14595
16028
18655
16030
14600
14601
14602
14610
14600
14602
16482
14601
14602
14612
14600
14601
16484
16486
14614
14615
14607
14608
14609
14610
14607
14608
14608
14609
14613
18673
14607
14609
18674
14615
14616
18676
14614
14615
14616
14614
14616
18679
14614
14615
14615
14616
18681
18684
14621
14622
14623
14631
14621
14622
14622
14623
18701
14621
14623
14633
18702
14635
14636
18704
14628
14629
14630
14631
14628
14629
16489
14628
14630
14647
16490
14629
14630
14634
14648
16492
14635
14637
14650
14635
14636
14637
14636
14637
14654
18707
14635
14636
18708
14635
14637
14655
18710
14656
14643
14644
14673
16167
14642
14643
14644
14652
14642
14643
14653
14677
18715
14642
14644
16170
18716
14657
18717
14658
14678
16171
14649
14650
14651
14652
14649
14651
16496
14649
14650
16497
14650
14651
14655
16499
14656
14658
14656
14657
14658
14657
14658
14681
18721
14656
14657
18722
14656
14658
14683
18725
14685
14663
14664
14665
14666
14663
14664
14664
14665
18757
14663
14665
14668
18758
14670
14671
18760
14670
14671
14672
14671
14672
14696
18763
14670
14671
18764
14670
14672
14697
18766
14698
14675
14678
14675
14679
18770
14676
14678
14679
14680
14678
14679
14681
18773
14685
14686
18775
14684
14685
14686
14685
14686
18777
14684
14686
18778
14684
14685
18782
14689
14693
14722
14689
14692
18784
14690
14692
14693
14694
14692
14693
14695
14724
18787
14699
18788
14700
14727
14698
14699
14700
14699
14700
14737
18791
14698
14699
18792
14698
14700
14739
18795
14741
14705
14706
14707
14705
14706
15243
18805
14706
14707
14717
18806
14705
14707
14718
15244
15246
18809
14720
14712
14713
14714
14713
14714
16090
18812
14712
14713
16092
14712
14714
18814
16094
18817
14719
14720
14721
14719
14721
16125
18819
14719
14720
18820
14720
14721
16126
18823
16128
14726
14727
15292
14726
14727
14728
14736
14727
14728
14737
18841
14726
14728
15295
18842
15296
14741
14742
18844
14733
14734
14735
14736
14733
14735
16510
14734
14735
14739
14733
14734
16512
16514
14740
14741
14740
14741
14742
14741
14742
18847
14740
14742
18848
14740
14741
18852
14745
14747
14750
14745
14749
14757
14996
14748
14752
14759
14747
14749
14997
14748
14754
14749
14755
14760
14762
14999
14752
14754
14752
14756
14764
15024
14755
14766
14754
14756
15025
14755
14756
14767
14769
15027
14759
14762
15002
14759
14763
14765
14771
14760
14766
14762
14763
14767
14762
14763
14775
15005
15006
14770
14776
14766
14769
15030
14766
14770
14778
14767
14769
14770
14769
14770
14782
15033
15034
14783
14773
14776
14778
14773
14777
14785
15065
14774
14780
14787
14776
14777
14781
14788
14776
14777
15068
14783
14790
15069
14780
14783
14780
14784
14792
15093
14781
14794
14783
14784
14795
14783
14784
15096
14797
15097
14787
14790
15072
14787
14791
14793
14799
14788
14794
14790
14791
14795
14790
14791
14803
15075
15076
14798
14804
14794
14797
15100
14794
14798
14806
14795
14797
14798
14797
14798
14810
15103
15104
14811
14801
14804
14806
14801
14805
14813
15135
14802
14808
14815
14804
14805
14809
14816
14804
14805
15138
14811
14818
15139
14808
14811
14808
14812
14820
15163
14809
14822
14811
14812
14823
14811
14812
15166
14825
15167
14815
14818
15142
14815
14819
14821
14827
14816
14822
14818
14819
14823
14818
14819
14831
15145
15146
14826
14832
14822
14825
15170
14822
14826
14834
14823
14825
14826
14825
14826
14838
15173
15174
14839
14829
14832
14834
14829
14833
14842
15205
14830
14836
14843
14832
14833
14837
14846
14832
14833
15208
14839
14847
15209
14836
14839
14836
14840
14849
15222
14837
14850
14839
14840
14853
14839
14840
15225
14854
15226
14843
14845
14848
14843
14847
15212
14846
14850
14845
14847
15214
14846
14852
14847
14853
15216
14850
14852
14850
14854
15229
14853
14852
14854
15231
14853
14854
15233
14857
14859
14857
14861
14883
14860
14859
14861
14885
14860
14861
14889
14865
14866
14865
14868
14898
14866
14868
14899
14867
14867
14868
14903
14871
14873
14871
14875
14911
14874
14873
14875
14913
14874
14875
14917
14879
14880
14879
14882
14880
14882
14881
14881
14882
14886
14889
14886
14887
14890
14887
14889
14888
14892
14888
14894
14889
14895
14892
14894
14892
14896
14995
14895
14894
14896
14997
14895
14896
15001
14900
14901
14904
14900
14903
14901
14903
14902
14907
14902
14908
14903
14909
14907
14908
14907
14910
15010
14908
14910
15011
14909
14909
14910
15015
14914
14917
14914
14915
14918
14915
14917
14916
14920
14916
14922
14917
14923
14920
14922
14920
14924
15023
14923
14922
14924
15025
14923
14924
15029
14928
14929
14928
14931
15594
14929
14931
14939
15595
14930
14930
14941
14931
14942
14944
15599
14934
14937
15579
14934
14938
14940
15615
14935
14941
14937
14938
14942
14937
14938
15583
15618
15584
14945
15619
14941
14944
15607
14941
14945
15628
14942
14944
14945
14944
14945
15611
15632
15612
15633
14949
14950
14949
14952
15636
14950
14952
14960
15637
14951
14951
14962
14952
14963
14965
15641
14955
14958
15600
14955
14959
14961
18952
14956
14962
14958
14959
14963
14958
14959
15604
18955
15605
14966
18956
14962
14965
15649
14962
14966
18958
14963
14965
14966
14965
14966
15653
18962
15654
18963
14969
14972
15369
14969
14973
14981
15657
14970
14983
14972
14973
14984
14972
14973
15373
15660
15374
14986
15661
14976
14979
15642
14976
14980
14982
15671
14977
14983
14979
14980
14984
14979
14980
15646
15674
15647
14987
15675
14983
14986
15663
14983
14987
15684
14984
14986
14987
14986
14987
15667
15688
15668
15689
14990
14992
14990
14994
14993
14992
14994
14993
14994
14998
15001
14998
14999
15002
14999
15001
15000
15004
15000
15006
15001
15007
15004
15006
15004
15008
15066
15007
15006
15008
15068
15007
15008
15071
15012
15013
15016
15012
15015
15013
15015
15014
15019
15014
15020
15015
15021
15019
15020
15019
15022
15080
15020
15022
15081
15021
15021
15022
15085
15026
15029
15026
15027
15030
15027
15029
15028
15032
15028
15034
15029
15035
15032
15034
15032
15036
15094
15035
15034
15036
15096
15035
15036
15099
15039
15042
15677
15039
15043
15051
15776
15040
15053
15042
15043
15054
15042
15043
15681
15779
15682
15056
15780
15047
15048
18350
15047
15050
15052
15790
15048
15050
15791
18352
15049
15053
15049
18353
15050
15054
15057
15795
15053
15056
15783
15053
15057
15803
15054
15056
15057
15056
15057
15786
15807
15787
15808
15060
15062
15060
15064
15063
15062
15064
15063
15064
15067
15069
15072
15067
15071
15070
15074
15069
15071
15070
15076
15071
15077
15074
15076
15074
15078
15136
15077
15076
15078
15138
15077
15078
15141
15082
15083
15086
15082
15085
15083
15085
15084
15089
15084
15090
15085
15091
15089
15090
15089
15092
15150
15090
15092
15151
15091
15091
15092
15155
15095
15097
15100
15095
15099
15098
15102
15097
15099
15098
15104
15099
15105
15102
15104
15102
15106
15164
15105
15104
15106
15166
15105
15106
15169
15109
15112
15796
15109
15113
15121
15895
15110
15123
15112
15113
15124
15112
15113
15800
15898
15801
15126
15899
15117
15118
18518
15117
15120
15122
15909
15118
15120
15910
18520
15119
15123
15119
18521
15120
15124
15127
15914
15123
15126
15902
15123
15127
15922
15124
15126
15127
15126
15127
15905
15926
15906
15927
15131
15132
15131
15134
15132
15134
15133
15133
15134
15137
15139
15142
15137
15141
15140
15144
15139
15141
15140
15146
15141
15147
15144
15146
15144
15148
15206
15147
15146
15148
15208
15147
15148
15211
15152
15153
15156
15152
15155
15153
15155
15154
15159
15154
15160
15155
15161
15159
15160
15159
15162
15219
15160
15162
15220
15161
15161
15162
15221
15165
15167
15170
15165
15169
15168
15172
15167
15169
15168
15174
15169
15175
15172
15174
15172
15176
15223
15175
15174
15176
15225
15175
15176
15228
15179
15182
15915
15179
15183
15191
16014
15180
15193
15182
15183
15194
15182
15183
15919
16017
15920
15196
16018
15187
15188
18686
15187
15190
15192
16028
15188
15190
16029
18688
15189
15193
15189
18689
15190
15194
15197
16033
15193
15196
16021
15193
15197
16041
15194
15196
15197
15196
15197
16024
16045
16025
16046
15201
15202
15201
15204
15202
15204
15203
15203
15204
15207
15209
15212
15207
15211
15210
15215
15209
15211
15210
15216
15211
15217
15215
15216
15215
15218
15265
15216
15218
15267
15217
15217
15218
15270
15221
15221
15224
15226
15229
15224
15228
15227
15232
15226
15228
15227
15233
15228
15234
15232
15233
15232
15235
15279
15233
15235
15281
15234
15234
15235
15284
15238
15241
16034
15238
15242
15250
16105
15239
15252
15241
15242
15253
15241
15242
16038
16108
16039
15255
16109
15246
15247
18854
15246
15249
15251
16126
15247
15249
16127
18856
15248
15252
15248
18857
15249
15253
15256
16131
15252
15255
16112
15252
15256
16133
15253
15255
15256
15255
15256
16115
16136
16116
16137
15260
15261
15260
15263
15261
15263
15262
15262
15263
15266
15268
15271
15266
15270
15269
15274
15268
15270
15269
15275
15270
15276
15274
15275
15274
15277
15335
15275
15277
15337
15276
15276
15277
15340
15280
15282
15285
15280
15284
15283
15288
15282
15284
15283
15289
15284
15290
15288
15289
15288
15291
15342
15289
15291
15344
15290
15290
15291
15347
15294
15296
15294
15298
15306
19022
15297
15308
15296
15298
19024
15297
15298
15309
15311
19027
15301
15304
16258
15301
15305
15307
16280
15302
15308
15304
15305
15309
15304
15305
16262
16283
16263
15312
16284
15308
15311
19035
15308
15312
16287
15309
15311
15312
15311
15312
16290
19039
19040
16291
15315
15318
16118
15315
15319
15327
16357
15316
15329
15318
15319
15330
15318
15319
16122
16360
16123
15332
16361
15322
15325
19042
15322
15326
15328
16378
15323
15329
15325
15326
15330
15325
15326
16381
19046
19047
15333
16382
15329
15332
16364
15329
15333
16385
15330
15332
15333
15332
15333
16367
16388
16368
16389
15336
15338
15336
15340
15339
15338
15340
15339
15340
15343
15345
15343
15347
15346
15345
15347
15346
15347
15350
15354
16370
15350
15353
15384
15351
15353
15354
15353
15354
15387
16374
15388
16375
15357
15361
15509
15357
15360
15363
15358
15360
15361
15360
15361
15366
15513
15367
15514
15364
15368
15530
15364
15367
15365
15367
15368
15367
15368
15534
15535
15371
15374
15371
15375
15377
15372
15374
15375
15374
15375
15380
15381
15378
15382
15656
15378
15381
15379
15381
15382
15381
15382
15660
15662
15385
15389
16391
15385
15388
15386
15388
15389
15388
15389
16395
16396
15392
15396
15411
15392
15395
15398
15393
15395
15396
15395
15396
15401
15415
15402
15416
15399
15403
15446
15399
15402
15400
15402
15403
15402
15403
15450
15451
15407
15408
15408
15410
15426
15407
15410
15418
15427
15409
15420
15409
15410
15421
15423
15431
15413
15416
15413
15417
15419
15447
15414
15420
15416
15417
15421
15416
15417
15450
15424
15452
15420
15423
15439
15420
15424
15460
15421
15423
15424
15423
15424
15443
15464
15444
15465
15428
15429
15428
15431
15429
15431
15439
15430
15430
15441
15431
15442
15444
15434
15438
15474
15434
15437
15440
18882
15435
15441
15437
15438
15442
15437
15438
15478
18885
15445
18886
15479
15441
15444
15441
15445
18895
15442
15444
15445
15444
15445
18899
18900
15448
15451
15448
15452
15460
15449
15462
15451
15452
15463
15451
15452
15465
15455
15457
15455
15459
15461
18889
15458
15462
15457
15459
18891
15458
15459
15463
15466
18894
15462
15465
15462
15466
18896
15463
15465
15466
15465
15466
18899
18901
15470
15471
15471
15473
15489
15470
15473
15481
15490
15472
15483
15472
15473
15484
15486
15494
15476
15479
15476
15480
15482
18903
15477
15483
15479
15480
15484
15479
15480
18906
15487
18908
15483
15486
15502
15483
15487
18909
15484
15486
15487
15486
15487
15506
18913
15507
18914
15491
15492
15491
15494
15492
15494
15502
15493
15493
15504
15494
15505
15507
15497
15501
15516
15497
15500
15503
18917
15498
15504
15500
15501
15505
15500
15501
15520
18920
15508
18921
15521
15504
15507
15504
15508
18923
15505
15507
15508
15507
15508
18927
18928
15511
15514
15511
15515
15523
15531
15512
15525
15514
15515
15526
15514
15515
15534
15528
15536
15518
15521
15518
15522
15524
15545
15519
15525
15521
15522
15526
15521
15522
15548
15529
15550
15525
15528
15537
15525
15529
15558
15526
15528
15529
15528
15529
15541
15562
15542
15563
15532
15535
15532
15536
15537
15533
15539
15535
15536
15540
15535
15536
15542
15539
15542
15539
15543
15572
15540
15542
15543
15542
15543
15576
15577
15546
15549
18916
15546
15550
15558
15547
15560
15549
15550
15561
15549
15550
18920
18922
15563
15553
15557
15705
15553
15556
15559
15566
15554
15560
15556
15557
15561
15556
15557
15569
15709
15564
15570
15710
15560
15563
15560
15564
15573
15561
15563
15564
15563
15564
15576
15578
15567
15571
15726
15567
15570
15573
15568
15574
15570
15571
15575
15570
15571
15730
15578
15731
15574
15577
15574
15578
15575
15577
15578
15577
15578
15581
15584
15581
15585
15587
15582
15584
15585
15584
15585
15590
15591
15588
15592
15614
15588
15591
15589
15591
15592
15591
15592
15618
15620
15596
15597
15596
15599
15597
15599
15607
15598
15598
15609
15599
15610
15612
15602
15605
15602
15606
15608
18931
15603
15609
15605
15606
15610
15605
15606
18934
15613
18935
15609
15612
15609
15613
18944
15610
15612
15613
15612
15613
18948
18949
15616
15620
15616
15619
15628
15617
15630
15619
15620
15631
15619
15620
15633
15623
15625
15623
15627
15629
18938
15626
15630
15625
15627
18940
15626
15627
15631
15634
18943
15630
15633
15630
15634
18945
15631
15633
15634
15633
15634
18948
18950
15638
15639
15638
15641
15639
15641
15649
15640
15640
15651
15641
15652
15654
15644
15647
15644
15648
15650
18966
15645
15651
15647
15648
15652
15647
15648
18969
15655
18970
15651
15654
15651
15655
18972
15652
15654
15655
15654
15655
18976
18977
15658
15662
15658
15661
15663
15659
15665
15661
15662
15666
15661
15662
15668
15665
15668
15665
15669
15698
15666
15668
15669
15668
15669
15702
15703
15672
15676
18965
15672
15675
15684
15673
15686
15675
15676
15687
15675
15676
18969
15689
18971
15679
15682
15679
15683
15685
15692
15680
15686
15682
15683
15687
15682
15683
15695
15690
15696
15686
15689
15686
15690
15699
15687
15689
15690
15689
15690
15702
15704
15693
15697
15775
15693
15696
15699
15694
15700
15696
15697
15701
15696
15697
15779
15704
15781
15700
15703
15700
15704
15701
15703
15704
15703
15704
15707
15710
15707
15711
15719
15727
15708
15721
15710
15711
15722
15710
15711
15730
15724
15732
15715
15716
18224
15716
15718
15741
18225
15715
15718
15720
15742
15717
15721
15717
18228
15718
15722
15725
15746
15721
15724
15734
15721
15725
15754
15722
15724
15725
15724
15725
15737
15758
15738
15759
15728
15731
15728
15732
15734
15729
15735
15731
15732
15736
15731
15732
15738
15735
15739
15768
15735
15738
15736
15738
15739
15738
15739
15772
15773
15743
15744
18231
15743
15746
18232
15744
15746
15754
15745
18235
15745
15756
15746
15757
15759
15749
15753
15824
15749
15752
15755
15762
15750
15756
15752
15753
15757
15752
15753
15765
15828
15760
15766
15829
15756
15759
15756
15760
15769
15757
15759
15760
15759
15760
15772
15774
15763
15767
15845
15763
15766
15769
15764
15770
15766
15767
15771
15766
15767
15849
15774
15850
15770
15773
15770
15774
15771
15773
15774
15773
15774
15777
15781
15777
15780
15783
15778
15784
15780
15781
15785
15780
15781
15787
15784
15788
15817
15784
15787
15785
15787
15788
15787
15788
15821
15822
15792
15793
18357
15792
15795
15803
15793
15795
18359
15794
15805
15794
18362
15795
15806
15808
15798
15801
15798
15802
15804
15811
15799
15805
15801
15802
15806
15801
15802
15814
15809
15815
15805
15808
15805
15809
15818
15806
15808
15809
15808
15809
15821
15823
15812
15816
15894
15812
15815
15818
15813
15819
15815
15816
15820
15815
15816
15898
15823
15900
15819
15822
15819
15823
15820
15822
15823
15822
15823
15826
15829
15826
15830
15838
15846
15827
15840
15829
15830
15841
15829
15830
15849
15843
15851
15834
15835
18392
15835
15837
15860
18393
15834
15837
15839
15861
15836
15840
15836
18396
15837
15841
15844
15865
15840
15843
15853
15840
15844
15873
15841
15843
15844
15843
15844
15856
15877
15857
15878
15847
15850
15847
15851
15853
15848
15854
15850
15851
15855
15850
15851
15857
15854
15858
15887
15854
15857
15855
15857
15858
15857
15858
15891
15892
15862
15863
18399
15862
15865
18400
15863
15865
15873
15864
18403
15864
15875
15865
15876
15878
15868
15872
15943
15868
15871
15874
15881
15869
15875
15871
15872
15876
15871
15872
15884
15947
15879
15885
15948
15875
15878
15875
15879
15888
15876
15878
15879
15878
15879
15891
15893
15882
15886
15964
15882
15885
15888
15883
15889
15885
15886
15890
15885
15886
15968
15893
15969
15889
15892
15889
15893
15890
15892
15893
15892
15893
15896
15900
15896
15899
15902
15897
15903
15899
15900
15904
15899
15900
15906
15903
15907
15936
15903
15906
15904
15906
15907
15906
15907
15940
15941
15911
15912
18525
15911
15914
15922
15912
15914
18527
15913
15924
15913
18530
15914
15925
15927
15917
15920
15917
15921
15923
15930
15918
15924
15920
15921
15925
15920
15921
15933
15928
15934
15924
15927
15924
15928
15937
15925
15927
15928
15927
15928
15940
15942
15931
15935
16013
15931
15934
15937
15932
15938
15934
15935
15939
15934
15935
16017
15942
16019
15938
15941
15938
15942
15939
15941
15942
15941
15942
15945
15948
15945
15949
15957
15965
15946
15959
15948
15949
15960
15948
15949
15968
15962
15970
15953
15954
18560
15954
15956
15979
18561
15953
15956
15958
15980
15955
15959
15955
18564
15956
15960
15963
15984
15959
15962
15972
15959
15963
15992
15960
15962
15963
15962
15963
15975
15996
15976
15997
15966
15969
15966
15970
15972
15967
15973
15969
15970
15974
15969
15970
15976
15973
15977
16006
15973
15976
15974
15976
15977
15976
15977
16010
16011
15981
15982
18567
15981
15984
18568
15982
15984
15992
15983
18571
15983
15994
15984
15995
15997
15987
15991
16062
15987
15990
15993
16000
15988
15994
15990
15991
15995
15990
15991
16003
16066
15998
16004
16067
15994
15997
15994
15998
16007
15995
15997
15998
15997
15998
16010
16012
16001
16005
16083
16001
16004
16007
16002
16008
16004
16005
16009
16004
16005
16087
16012
16088
16008
16011
16008
16012
16009
16011
16012
16011
16012
16015
16019
16015
16018
16021
16016
16022
16018
16019
16023
16018
16019
16025
16022
16026
16055
16022
16025
16023
16025
16026
16025
16026
16059
16060
16030
16031
18693
16030
16033
16041
16031
16033
18695
16032
16043
16032
18698
16033
16044
16046
16036
16039
16036
16040
16042
16049
16037
16043
16039
16040
16044
16039
16040
16052
16047
16053
16043
16046
16043
16047
16056
16044
16046
16047
16046
16047
16059
16061
16050
16054
16104
16050
16053
16056
16051
16057
16053
16054
16058
16053
16054
16108
16061
16110
16057
16060
16057
16061
16058
16060
16061
16060
16061
16064
16067
16064
16068
16076
16084
16065
16078
16067
16068
16079
16067
16068
16087
16081
16089
16072
16073
18728
16073
16075
16091
18729
16072
16075
16077
16092
16074
16078
16074
18732
16075
16079
16082
16096
16078
16081
16078
16082
16098
16079
16081
16082
16081
16082
16101
16102
16085
16088
16085
16089
16086
16088
16089
16088
16089
16093
16094
18735
16093
16096
18736
16094
16096
16098
16095
18739
16095
16099
16096
16100
16102
16099
16103
16099
16102
16100
16102
16103
16102
16103
16106
16110
16106
16109
16112
16107
16113
16109
16110
16114
16109
16110
16116
16113
16117
16146
16113
16116
16114
16116
16117
16116
16117
16150
16151
16120
16123
16120
16124
16132
16140
16121
16134
16123
16124
16135
16123
16124
16143
16138
16144
16128
16129
18861
16128
16131
16133
16129
16131
18863
16130
16134
16130
18866
16131
16135
16137
16134
16138
16147
16134
16137
16135
16137
16138
16137
16138
16150
16152
16141
16145
16356
16141
16144
16147
16142
16148
16144
16145
16149
16144
16145
16360
16152
16362
16148
16151
16148
16152
16149
16151
16152
16151
16152
16155
16159
16174
16155
16158
16161
16156
16158
16159
16158
16159
16164
16178
16165
16179
16162
16166
16195
16162
16165
16163
16165
16166
16165
16166
16199
16200
16169
16171
16169
16173
16181
18980
16172
16183
16171
16173
18982
16172
16173
16184
16186
18985
16176
16179
16176
16180
16182
16196
16177
16183
16179
16180
16184
16179
16180
16199
16187
16201
16183
16186
18993
16183
16187
16203
16184
16186
16187
16186
16187
16206
18997
18998
16207
16191
16192
16191
16194
16202
16210
16192
16194
16211
16193
16204
16193
16194
16205
16208
16215
16197
16200
16197
16201
16203
16198
16204
16200
16201
16205
16200
16201
16207
16204
16208
16223
16204
16207
16205
16207
16208
16207
16208
16227
16229
16212
16213
16212
16215
16223
16213
16215
16214
16225
16214
16215
16226
16229
16218
16222
16237
16218
16221
16224
18987
16219
16225
16221
16222
16226
16221
16222
16241
18990
16228
18991
16242
16225
16229
16225
16228
18994
16226
16228
16229
16228
16229
18997
18999
16233
16234
16233
16236
16244
16234
16236
16235
16246
16235
16236
16247
16250
16239
16242
16239
16243
16245
19001
16240
16246
16242
16243
16247
16242
16243
19004
16249
19006
16246
16250
16251
16246
16249
19008
16247
16249
16250
16249
16250
16255
19011
19013
16257
16253
16257
16253
16256
19015
16254
16256
16257
16256
16257
19018
19020
16260
16263
16260
16264
16266
16261
16263
16264
16263
16264
16269
16270
16267
16271
16279
16267
16270
16268
16270
16271
16270
16271
16283
16285
16275
16276
16276
16278
16286
16294
16275
16278
16295
16277
16277
16288
16278
16289
16292
16299
16281
16285
16281
16284
16287
16282
16288
16284
16285
16289
16284
16285
16291
16288
16292
16307
16288
16291
16289
16291
16292
16291
16292
16311
16313
16296
16297
16296
16299
16307
16297
16299
16298
16309
16298
16299
16310
16313
16302
16306
16321
16302
16305
16308
19029
16303
16309
16305
16306
16310
16305
16306
16325
19032
16312
19034
16327
16309
16313
16309
16312
19036
16310
16312
16313
16312
16313
19039
19041
16317
16318
16318
16320
16328
16336
16317
16320
16337
16319
16319
16330
16320
16331
16334
16341
16323
16327
16323
16326
16329
18868
16324
16330
16326
16327
16331
16326
16327
18871
16333
18873
16330
16334
16349
16330
16333
18875
16331
16333
16334
16333
16334
16353
18878
18880
16355
16338
16339
16338
16341
16349
16339
16341
16340
16351
16340
16341
16352
16355
16344
16348
16377
16344
16347
16350
19043
16345
16351
16347
16348
16352
16347
16348
16381
19046
16354
19048
16383
16351
16355
16351
16354
19050
16352
16354
16355
16354
16355
19053
19055
16358
16362
16358
16361
16364
16359
16365
16361
16362
16366
16361
16362
16368
16365
16369
16398
16365
16368
16366
16368
16369
16368
16369
16402
16403
16372
16375
16372
16376
16384
16392
16373
16386
16375
16376
16387
16375
16376
16395
16390
16397
16379
16383
16379
16382
16385
16380
16386
16382
16383
16387
16382
16383
16389
16386
16390
16399
16386
16389
16387
16389
16390
16389
16390
16402
16404
16393
16396
16393
16397
16399
16394
16400
16396
16397
16401
16396
16397
16404
16400
16403
16400
16404
16401
16403
16404
16403
16404
16408
16409
16408
16411
16413
16409
16411
16414
16410
16410
16411
16418
16415
16416
16415
16418
16416
16418
16417
16417
16418
16422
16423
16423
16425
16427
16422
16425
16428
16424
16424
16425
16432
16429
16430
16429
16432
16430
16432
16431
16431
16432
16436
16437
16436
16439
16441
16437
16439
16442
16438
16438
16439
16446
16443
16444
16443
16446
16444
16446
16445
16445
16446
16450
16451
16451
16453
16455
16450
16453
16456
16452
16452
16453
16460
16457
16458
16457
16460
16458
16460
16459
16459
16460
16464
16465
16464
16467
16469
16465
16467
16470
16466
16466
16467
16474
16471
16472
16471
16474
16472
16474
16473
16473
16474
16478
16479
16479
16481
16483
16478
16481
16484
16480
16480
16481
16488
16485
16486
16485
16488
16486
16488
16487
16487
16488
16492
16493
16492
16495
16497
16493
16495
16498
16494
16494
16495
16502
16499
16500
16499
16502
16500
16502
16501
16501
16502
16506
16507
16507
16509
16511
16506
16509
16512
16508
16508
16509
16516
16513
16514
16513
16516
16514
16516
16515
16515
16516
16519
16521
16519
16522
16523
16521
16522
16523
16552
16523
16553
16554
16526
16529
16526
16530
16840
16527
16529
16530
16853
16529
16530
16843
16854
16857
16845
16858
16533
16536
16867
16533
16537
16534
16869
16536
16537
16870
16874
16536
16537
16875
16872
16878
16879
16540
16543
16722
16895
16540
16544
16723
16868
16541
16726
16898
16543
16544
16900
16902
16543
16544
16871
16903
16901
16906
16873
16907
16547
16549
16547
16550
16551
16549
16550
16551
16573
16551
16574
16575
16554
16556
16554
16557
16558
16556
16557
16558
16587
16558
16588
16589
16563
16564
16565
17014
17021
16563
16564
16855
17015
16563
16565
16856
18084
16564
16565
17022
18085
16859
17018
17019
17025
17026
18087
16570
16571
16572
17066
17070
16570
16571
16904
17067
16570
16572
16905
17037
16571
16572
17038
17071
16908
17068
17069
17074
17041
17075
16575
16577
16575
16578
16579
16577
16578
16579
16608
16579
16609
16610
16582
16584
16582
16585
16586
16584
16585
16586
16586
16589
16591
16589
16592
16593
16591
16592
16593
16615
16593
16616
16617
16598
16599
16600
17196
17203
16598
16599
17023
17197
16598
16600
17024
18111
16599
16600
17204
18112
17027
17200
17201
17207
17208
18113
16605
16606
16607
17248
17252
16605
16606
17072
17249
16605
16607
17073
17219
16606
16607
17220
17253
17076
17250
17251
17256
17223
17257
16610
16612
16610
16613
16614
16612
16613
16614
16636
16614
16637
16638
16617
16619
16617
16620
16621
16619
16620
16621
16643
16621
16644
16645
16626
16627
16628
17378
17385
16626
16627
17205
17379
16626
16628
17206
18139
16627
16628
17386
18140
17209
17382
17383
17389
17390
18141
16633
16634
16635
17430
17434
16633
16634
17254
17431
16633
16635
17255
17401
16634
16635
17402
17435
17258
17432
17433
17438
17405
17439
16638
16640
16638
16641
16642
16640
16641
16642
16664
16642
16665
16666
16645
16647
16645
16648
16649
16647
16648
16649
16678
16649
16679
16680
16654
16655
16656
17560
17567
16654
16655
17387
17561
16654
16656
17388
18167
16655
16656
17568
18168
17391
17564
17565
17571
17572
18169
16661
16662
16663
17610
17616
16661
16662
17436
17611
16661
16663
17437
17583
16662
16663
17584
17617
17440
17613
17614
17619
17587
17620
16666
16668
16666
16669
16670
16668
16669
16670
16699
16670
16700
16701
16673
16675
16673
16676
16677
16675
16676
16677
16677
16680
16682
16680
16683
16684
16682
16683
16684
16684
16689
16690
16691
17747
17757
16689
16690
17569
17748
16689
16691
17570
17735
16690
16691
17736
17758
17573
17751
17752
17759
17739
17760
16696
16697
16698
17761
17776
16696
16697
17762
20458
16696
16698
17749
20459
16697
16698
17750
17777
17764
20462
17765
17778
17753
17779
16701
16703
16701
16704
16705
16703
16704
16705
16705
16710
16711
16712
16710
16711
16710
16712
16839
16711
16712
16840
16841
16717
16718
16719
16717
16718
16721
16717
16719
16867
16718
16719
16723
16868
16725
16869
16724
16725
16726
16727
16724
16725
16724
16726
16729
16725
16726
16731
16733
16731
16732
16733
16731
16732
16731
16733
16895
16732
16733
16896
16898
16738
16739
16740
16738
16739
16738
16740
16916
16739
16740
16917
16918
16745
16746
16747
16745
16746
16749
16745
16747
16750
16958
16746
16747
16959
16752
16960
16752
16753
16754
16755
16752
16753
16752
16754
16986
16753
16754
16758
16987
16760
16761
16988
16759
16760
16761
16759
16760
16759
16761
16993
16760
16761
16994
16995
16766
16767
16768
17964
19406
16766
16768
16888
17965
16766
16767
16889
17084
19407
16767
16768
17085
16890
17968
19410
17086
19411
17970
16773
16774
16775
17992
19420
16773
16775
16965
17993
16774
16775
17091
16773
16774
16966
17092
19421
16967
17996
19424
17093
19425
17998
16780
16781
16782
19427
16780
16781
17635
17766
19428
16780
16782
17636
16781
16782
17767
17637
19431
17768
19432
16787
16788
16789
18069
19441
16787
16789
17642
16787
16788
17643
17831
19442
16788
16789
17832
18070
17644
19445
17833
18073
19446
18075
16794
16795
16796
16794
16795
17740
16794
16796
17741
16795
16796
17742
16801
16802
16803
16801
16802
17803
16801
16803
17804
16802
16803
17805
16808
16809
16810
16808
16809
16812
17859
16808
16810
17860
16809
16810
16814
17861
16816
16815
16816
16817
16818
16815
16816
17880
16815
16817
16820
17881
16816
16817
16822
17882
16824
16822
16823
16824
16822
16823
17888
16822
16824
17889
16823
16824
17891
16827
16830
16832
16827
16831
16828
16834
16830
16831
16835
16830
16831
16837
16834
16837
16834
16838
16835
16837
16838
16837
16838
16841
16844
16841
16845
16842
16844
16845
16846
16844
16845
16847
16850
16851
16850
16851
16852
16850
16851
16854
16850
16852
18083
16851
16852
16856
18084
16858
18086
16857
16858
16859
16860
16857
16858
16857
16859
16862
16858
16859
16864
16866
16864
16865
16866
16864
16865
16875
16864
16866
17015
16865
16866
16877
17016
16879
17018
16869
16872
16869
16873
16870
16872
16873
16881
16872
16873
16882
16885
16886
16878
16879
16880
16881
16878
16879
16878
16880
16883
20177
16879
16880
20178
16885
16887
20180
16885
16886
16887
16885
16886
16903
16885
16887
17036
16886
16887
16905
17037
16907
17039
16890
16894
18916
16890
16892
17042
20134
16893
18918
20136
16892
16894
17044
16893
17046
20138
16894
18919
20139
18922
16898
16901
16898
16899
16899
16901
16909
16900
16900
16911
16901
16912
16914
16906
16907
16908
16912
16906
16907
16906
16908
16913
16907
16908
16914
16915
16911
16914
16911
16915
17063
16912
16914
16915
16914
16915
17067
17068
16918
16921
16930
16918
16922
16919
16921
16922
16923
16921
16922
16924
16934
16927
16935
16928
16927
16928
16929
16927
16928
16938
16927
16929
16939
18097
16928
16929
18098
16941
18100
16932
16935
16932
16936
16933
16935
16936
16937
16935
16936
16938
16941
16942
16941
16942
16943
16944
16941
16942
16941
16943
17113
16942
16943
16947
17114
16949
16950
17116
16948
16949
16950
16948
16949
16973
16948
16950
16974
17120
16949
16950
17121
16976
17123
16953
16956
16953
16957
16959
16954
16960
16956
16957
16961
16972
16956
16957
16973
16976
16964
16977
16960
16963
16986
16960
16964
16961
16963
16964
16979
16963
16964
16980
16990
16983
16991
16984
16967
16971
18965
16967
16969
17140
20148
16970
18967
20150
16969
16971
17142
16970
17145
20152
16971
18968
20153
18971
16976
16977
16978
16979
16976
16977
16976
16978
20303
16977
16978
16982
20304
16984
16985
20306
16983
16984
16985
16983
16984
17001
16983
16985
17002
17148
16984
16985
17149
17004
17151
16988
16991
16988
16992
16994
16989
16995
16991
16992
16996
17000
16991
16992
17001
17004
16999
17005
16995
16998
16995
16999
16996
16998
16999
17007
16998
16999
17008
17011
17012
17004
17005
17006
17007
17004
17005
17004
17006
17169
17005
17006
17010
17170
17012
17013
17172
17011
17012
17013
17011
17012
17011
17013
17176
17012
17013
17177
17179
17018
17019
17020
17028
17018
17019
17018
17020
20178
17019
17020
17029
20179
17032
17033
20182
17025
17026
17027
17028
17025
17026
18090
17025
17027
17030
17026
17027
18091
17032
18092
17034
17032
17033
17034
17032
17033
20268
17032
17034
17197
17033
17034
17198
20270
20272
17200
17039
17040
17041
17049
20176
17039
17040
20177
17039
17041
17040
17041
17050
20180
17053
20181
17054
17046
17048
17084
19462
17046
17047
17048
18223
19463
17046
17047
17047
17048
17088
18224
19466
18228
17090
18229
19468
17053
17054
17055
20267
17053
17054
17071
17053
17055
17218
20269
17054
17055
17073
17219
20271
17075
17221
20273
17060
17061
17062
18230
19476
17060
17061
17099
18231
17060
17062
17225
17061
17062
17100
17226
19477
18235
17102
18236
19481
17228
19482
17065
17068
17065
17069
17077
17066
17079
17068
17069
17080
17068
17069
17082
17074
17075
17076
17080
17074
17075
17074
17076
17081
17075
17076
17082
17083
17079
17082
17079
17083
17245
17080
17082
17083
17082
17083
17249
17250
17086
17090
19518
17086
17089
17087
19520
17089
17090
18293
19521
17089
17090
18294
18297
18298
19524
17093
17096
17093
17097
17140
19532
17094
19534
17096
17097
18300
19535
17096
17097
17143
18301
18305
17146
18306
19538
17102
17103
17104
18307
19546
17102
17103
18308
17102
17104
17267
19547
17103
17104
17268
18311
19550
18313
17271
19552
17109
17110
17111
18314
19560
17109
17110
17155
18315
17109
17111
17274
17110
17111
17156
17275
19561
18319
17158
18320
19565
17277
19566
17116
17117
17118
17119
17126
17116
17117
18097
17116
17118
17121
17117
17118
17127
18099
17123
17130
18101
17125
17131
17123
17124
17125
17133
17123
17124
20303
17123
17125
17124
17125
17134
20305
17137
20307
17138
17130
17131
17132
17133
17130
17131
18104
17130
17132
17295
18105
17131
17132
17136
17296
18106
17138
17139
17298
17137
17138
17139
17137
17138
20317
17137
17139
17302
20318
17138
17139
17303
20320
17305
17145
17146
19588
17144
17145
17146
18349
19589
17144
17145
17144
17146
18350
18353
19593
18354
19594
17151
17152
17153
17161
20302
17151
17152
17169
17151
17153
20304
17152
17153
17162
17171
20306
17165
17173
17166
20308
17158
17159
17160
18356
19602
17158
17159
18357
17158
17160
17323
19603
17159
17160
17324
18360
19606
18362
17327
19608
17165
17166
17167
20316
17165
17166
17183
17165
17167
17184
17330
17166
17167
17331
20319
17186
20321
17333
20322
17172
17173
17174
17175
17182
17172
17173
17172
17174
17177
17173
17174
17183
17179
17186
17181
17187
17179
17180
17181
17189
17179
17180
17179
17181
17180
17181
17190
17193
17194
17186
17187
17188
17189
17186
17187
17186
17188
17351
17187
17188
17192
17352
17194
17195
17354
17193
17194
17195
17193
17194
17193
17195
17358
17194
17195
17359
17361
17200
17201
17202
17210
17200
17201
17200
17202
20199
17201
17202
17211
20200
17214
17215
20203
17207
17208
17209
17210
17207
17208
18118
17207
17209
17212
17208
17209
18119
17214
18120
17216
17214
17215
17216
17214
17215
20331
17214
17216
17379
17215
17216
17380
20333
20335
17382
17221
17222
17223
17231
20197
17221
17222
20198
17221
17223
17222
17223
17232
20201
17235
20202
17236
17228
17229
17230
18391
19630
17228
17229
17228
17230
17267
19631
17229
17230
17269
18392
19634
18396
17272
18397
19636
17235
17236
17237
20330
17235
17236
17253
17235
17237
17400
20332
17236
17237
17255
17401
20334
17257
17403
20336
17242
17243
17244
18398
19644
17242
17243
17281
18399
17242
17244
17407
17243
17244
17282
17408
19645
18403
17284
18404
19649
17410
19650
17247
17250
17247
17251
17259
17248
17261
17250
17251
17262
17250
17251
17264
17256
17257
17258
17262
17256
17257
17256
17258
17263
17257
17258
17264
17265
17261
17264
17261
17265
17427
17262
17264
17265
17264
17265
17431
17432
17270
17271
17272
18461
19686
17271
17272
19687
17270
17271
17270
17272
18462
18465
19691
18466
19692
17277
17278
17279
18468
19700
17277
17278
17277
17279
17323
19701
17278
17279
17325
18469
19704
18473
17328
18474
19706
17284
17285
17286
18475
19714
17284
17285
18476
17284
17286
17449
19715
17285
17286
17450
18479
19718
18481
17453
19720
17291
17292
17293
18482
19728
17291
17292
17337
18483
17291
17293
17456
17292
17293
17338
17457
19729
18487
17340
18488
19733
17459
19734
17298
17299
17300
17301
17308
17298
17299
18125
17298
17300
17303
17299
17300
17309
18126
17305
17312
18127
17307
17313
17305
17306
17307
17315
17305
17306
20366
17305
17307
17306
17307
17316
20368
17319
20370
17320
17312
17313
17314
17315
17312
17313
18132
17312
17314
17477
18133
17313
17314
17318
17478
18134
17320
17321
17480
17319
17320
17321
17319
17320
20380
17319
17321
17484
20381
17320
17321
17485
20383
17487
17326
17327
17328
18517
19756
17327
17328
19757
17326
17327
17326
17328
18518
18521
19761
18522
19762
17333
17334
17335
17343
20365
17333
17334
17351
17333
17335
20367
17334
17335
17344
17353
20369
17347
17355
17348
20371
17340
17341
17342
18524
19770
17340
17341
18525
17340
17342
17505
19771
17341
17342
17506
18528
19774
18530
17509
19776
17347
17348
17349
20379
17347
17348
17365
17347
17349
17366
17512
17348
17349
17513
20382
17368
20384
17515
20385
17354
17355
17356
17357
17364
17354
17355
17354
17356
17359
17355
17356
17365
17361
17368
17363
17369
17361
17362
17363
17372
17361
17362
17361
17363
17362
17363
17373
17375
17376
17368
17369
17370
17372
17368
17369
17368
17370
17533
17369
17370
17374
17534
17376
17377
17536
17375
17377
17539
17375
17376
17377
17375
17376
17376
17377
17543
17544
17382
17383
17384
17392
17382
17383
17382
17384
20220
17383
17384
17393
20221
17396
17397
20224
17389
17390
17391
17392
17389
17390
18146
17389
17391
17394
17390
17391
18147
17396
18148
17398
17396
17397
17398
17396
17397
20394
17396
17398
17561
17397
17398
17562
20396
20398
17564
17403
17404
17405
17413
20218
17403
17404
20219
17403
17405
17404
17405
17414
20222
17417
20223
17418
17410
17411
17412
18559
19798
17410
17411
17410
17412
17449
19799
17411
17412
17451
18560
19802
18564
17454
18565
19804
17417
17418
17419
20393
17417
17418
17435
17417
17419
17582
20395
17418
17419
17437
17583
20397
17439
17585
20399
17424
17425
17426
18566
19812
17424
17425
17463
18567
17424
17426
17589
17425
17426
17464
17590
19813
18571
17466
18572
19817
17592
19818
17429
17432
17429
17433
17441
17430
17443
17432
17433
17444
17432
17433
17446
17438
17439
17440
17444
17438
17439
17438
17440
17445
17439
17440
17446
17447
17443
17446
17443
17447
17609
17444
17446
17447
17446
17447
17611
17613
17452
17453
17454
18629
19854
17453
17454
19855
17452
17453
17452
17454
18630
18633
19859
18634
19860
17459
17460
17461
18636
19868
17459
17460
17459
17461
17505
19869
17460
17461
17507
18637
19872
18641
17510
18642
19874
17466
17467
17468
18643
19882
17466
17467
18644
17466
17468
17622
19883
17467
17468
17623
18647
19886
18649
17626
19888
17473
17474
17475
18650
19896
17473
17474
17519
18651
17473
17475
17629
17474
17475
17520
17630
19897
18655
17522
18656
19901
17632
19902
17480
17481
17482
17483
17490
17480
17481
18153
17480
17482
17485
17481
17482
17491
18154
17487
17494
18155
17489
17495
17487
17488
17489
17497
17487
17488
20429
17487
17489
17488
17489
17498
20431
17501
20433
17502
17494
17495
17496
17497
17494
17495
18160
17494
17496
17650
18161
17495
17496
17500
17651
18162
17502
17503
17653
17501
17502
17503
17501
17502
20443
17501
17503
17657
20444
17502
17503
17658
20446
17660
17508
17509
17510
18685
19924
17509
17510
19925
17508
17509
17508
17510
18686
18689
19929
18690
19930
17515
17516
17517
17525
20428
17515
17516
17533
17515
17517
20430
17516
17517
17526
17535
20432
17529
17537
17530
20434
17522
17523
17524
18692
19938
17522
17523
18693
17522
17524
17678
19939
17523
17524
17679
18696
19942
18698
17682
19944
17529
17530
17531
20442
17529
17530
17547
17529
17531
17548
17685
17530
17531
17686
20445
17550
20447
17688
20448
17536
17537
17538
17542
17546
17536
17537
17536
17538
17543
17537
17538
17547
17544
17550
17545
17551
17541
17544
17541
17545
17553
17542
17555
17544
17545
17556
17544
17545
17558
17550
17551
17552
17556
17550
17551
17550
17552
17706
17551
17552
17557
17707
17558
17559
17709
17555
17558
17555
17559
17712
17556
17558
17559
17558
17559
17716
17717
17564
17565
17566
17574
17564
17565
17564
17566
20241
17565
17566
17575
20242
17578
17579
20245
17571
17572
17573
17574
17571
17572
18174
17571
17573
17576
17572
17573
18176
17578
18177
17580
17578
17579
17580
17578
17579
20457
17578
17580
17748
17579
17580
17749
20459
20461
17751
17585
17586
17587
17595
20239
17585
17586
20240
17585
17587
17586
17587
17596
20243
17599
20244
17600
17592
17593
17594
18727
19966
17592
17593
17592
17594
17622
19967
17593
17594
17624
18728
19970
18732
17627
18733
19972
17599
17600
17601
20456
17599
17600
17617
17599
17601
17762
20458
17600
17601
17618
17763
20460
17620
17764
20462
17607
17608
17635
17766
19980
17606
17607
17608
18734
19981
17606
17607
17639
18735
17606
17608
17769
18739
17640
18740
19985
17770
19986
17613
17615
17613
17614
17615
17613
17614
17614
17615
17619
17620
17619
17620
17620
17625
17626
17627
18797
20022
17626
17627
20023
17625
17626
17625
17627
18798
18801
20027
18802
20028
17632
17633
17634
18804
20036
17632
17633
17632
17634
17678
20037
17633
17634
17680
18805
20040
18809
17683
18810
20042
17637
17640
20050
17637
17641
17638
20052
17640
17641
18811
20053
17640
17641
18812
18815
20055
18817
17644
17647
17644
17648
17691
20064
17645
20066
17647
17648
18818
20067
17647
17648
17693
18819
18823
17695
18824
20070
17653
17654
17655
17656
17663
17653
17654
18181
17653
17655
17658
17654
17655
17664
18182
17660
17667
18183
17662
17668
17660
17661
17662
17670
17660
17661
20492
17660
17662
17661
17662
17671
20494
17674
20496
17675
17667
17668
17669
17670
17667
17668
18188
17667
17669
17811
18189
17668
17669
17673
17812
18191
17675
17676
17814
17674
17675
17676
17674
17675
20506
17674
17676
17818
20507
17675
17676
17819
20509
17821
17681
17682
17683
18853
20092
17682
17683
20093
17681
17682
17681
17683
18854
18857
20097
18858
20098
17688
17689
17690
17698
20491
17688
17689
17706
17688
17690
20493
17689
17690
17699
17708
20495
17702
17710
17703
20497
17695
17697
17831
20106
17695
17696
17697
18860
20107
17695
17696
18861
17696
17697
17834
18864
20110
18866
17835
20112
17702
17703
17704
20505
17702
17703
17720
17702
17704
17721
17846
17703
17704
17847
20508
17723
20510
17849
20511
17709
17710
17711
17715
17719
17709
17710
17709
17711
17716
17710
17711
17720
17717
17723
17718
17724
17714
17717
17714
17718
17726
17715
17728
17717
17718
17729
17717
17718
17731
17723
17724
17725
17729
17723
17724
17723
17725
17867
17724
17725
17730
17868
17731
17732
17870
17728
17731
17728
17732
17873
17729
17731
17732
17731
17732
17877
17878
17737
17738
17739
17743
17737
17738
18175
17737
17739
18176
17738
17739
17744
18178
17745
17746
17742
17745
17742
17746
17755
17743
17745
17746
17745
17746
17758
17760
17751
17752
17753
17751
17752
17751
17753
17752
17753
17756
17759
17756
17760
17757
17759
17760
17759
17760
17764
17765
17780
17764
17765
17764
17781
17768
17770
20162
17768
17772
17771
20164
17770
17772
17771
20166
17772
20167
17775
17778
17775
17779
17776
17778
17779
17780
17778
17779
17781
17781
17786
17787
17788
17789
19056
17786
17787
18014
19000
19059
17786
17788
17792
19001
17787
17788
18016
17793
19002
19061
18018
19062
17795
17793
17794
17795
19385
17794
17795
18049
17793
17794
18050
19007
19388
17793
17795
19008
19009
19390
18053
19391
17800
17801
17802
17806
17800
17801
17811
18189
17800
17802
18190
17801
17802
17807
17813
18192
17808
17815
17809
17805
17808
17824
17805
17809
17806
17808
17809
17808
17809
17828
17829
17814
17815
17816
17817
17827
17814
17815
17814
17816
17819
17815
17816
17828
17821
17829
17823
17830
17821
17822
17823
17821
17822
17839
17821
17823
17822
17823
17841
17843
17826
17829
17826
17830
17827
17829
17830
17829
17830
17833
17835
20169
17833
17837
19042
17836
19044
20171
17835
17837
17836
20173
17837
19045
20174
19047
17842
17843
17844
17845
17855
17842
17843
20507
17842
17844
17847
20508
17843
17844
17856
17849
20511
17857
17851
17858
17849
17850
17851
17862
17849
17850
17867
17849
17851
17850
17851
17863
17869
17864
17871
17865
17854
17857
17854
17858
17860
17855
17861
17857
17858
17862
17857
17858
17865
17861
17864
17880
17861
17865
17862
17864
17865
17864
17865
17884
17885
17870
17871
17872
17876
17883
17870
17871
17870
17872
17877
17871
17872
17884
17878
17885
17879
17886
17875
17878
17875
17879
17887
17876
17890
17878
17879
17892
17878
17879
17893
17882
17885
17882
17886
17889
17883
17891
17885
17886
17892
17885
17886
17893
17890
17893
17890
17891
17891
17893
17892
17892
17893
17896
17899
17896
17900
17902
17897
17903
17899
17900
17904
17899
17900
17907
17903
17906
17903
17907
17904
17906
17907
17906
17907
17912
17913
17914
17922
19070
17912
17914
17951
18881
19071
17912
17913
17924
18882
17913
17914
17953
17926
18883
19074
17927
17956
19076
17919
17920
17921
17922
19070
17919
17920
18237
18888
19072
17919
17921
17925
18889
17920
17921
18238
17926
18890
19074
18239
19075
17928
17926
17927
17928
17927
17928
17926
17927
18895
17926
17928
18896
18897
17933
17934
17935
17943
19077
17933
17935
17979
18930
19078
17934
17935
17980
17933
17934
17945
18931
17947
18932
19081
17948
17983
19083
17940
17941
17942
17943
19077
17940
17941
18251
18937
19080
17940
17942
17946
18938
17941
17942
18252
17947
18939
19081
18253
19082
17949
17947
17948
17949
17948
17949
17947
17948
18944
17947
17949
18945
18946
17954
17955
17956
17957
19084
17954
17956
18902
19085
17954
17955
17959
18903
17955
17956
17961
18904
19088
17962
19090
17961
17962
17963
19399
17962
17963
17972
17961
17962
18909
17961
17963
17974
18910
19401
18911
19403
17977
19405
17968
17969
17970
17971
17968
17970
18916
17968
17969
17973
18917
17969
17970
17975
18918
17976
17975
17976
17977
19406
17976
17977
17975
17976
18923
17975
17977
18924
19408
18925
19410
19412
17982
17983
17984
17985
19091
17982
17983
18951
19092
17983
17984
17982
17984
17987
18952
17989
18953
19095
19097
17990
17989
17990
17991
19413
17990
17991
18000
17989
17990
18958
17989
17991
18002
18959
19415
18960
19417
18005
19419
17996
17997
17998
17999
17996
17998
18965
17997
17998
17996
17997
18001
18966
18003
18967
18004
18003
18004
18005
19420
18004
18005
18003
18004
18972
18003
18005
18973
19422
18974
19424
19426
18010
18011
18012
18020
19098
18010
18011
18769
18979
19099
18010
18012
18770
18011
18012
18022
18980
18771
19102
18024
18981
19103
18025
18017
18018
18019
18020
19098
18017
18018
18986
19101
18017
18019
18023
18987
18018
18019
18024
18988
19103
19104
18026
18024
18025
18026
18025
18026
18024
18025
18993
18024
18026
18994
18995
18031
18032
18033
18041
19105
18031
18032
18783
19021
19107
18031
18033
18784
18032
18033
18043
19022
18785
19109
18045
19023
19110
18046
18038
18039
18040
18041
19105
18038
18040
18056
19028
19108
18039
18040
18057
18038
18039
18044
19029
18045
19030
19110
18047
18060
19111
18045
18046
18047
18046
18047
18045
18046
19035
18045
18047
19036
19037
18052
18053
18054
19427
18053
18054
18052
18053
19014
19430
18052
18054
19015
19016
19432
19433
18059
18060
18061
18062
19112
18059
18060
18867
19115
18060
18061
18059
18061
18065
18868
18066
18869
19117
19118
18068
18066
18067
18068
19434
18067
18068
18077
18066
18067
18078
18874
19437
18066
18068
18875
18876
19439
18081
19440
18073
18074
18075
18076
18073
18075
19042
18074
18075
18073
18074
18079
19043
18080
19044
18082
18080
18081
18082
19441
18081
18082
18080
18081
19049
19444
18080
18082
19050
19051
19446
19447
18086
18089
18086
18087
18087
18089
18090
18088
18088
18092
18089
18093
18095
18092
18095
18092
18096
18111
18093
18095
18096
18095
18096
18115
18116
18100
18101
18100
18103
18101
18103
18104
18102
18102
18106
18103
18107
18109
18106
18109
18106
18110
18125
18107
18109
18110
18109
18110
18129
18130
18113
18116
18113
18117
18118
18114
18120
18116
18117
18121
18116
18117
18123
18120
18123
18120
18124
18139
18121
18123
18124
18123
18124
18143
18144
18127
18130
18127
18131
18132
18128
18134
18130
18131
18135
18130
18131
18137
18134
18137
18134
18138
18153
18135
18137
18138
18137
18138
18157
18158
18141
18144
18141
18145
18146
18142
18148
18144
18145
18149
18144
18145
18151
18148
18151
18148
18152
18167
18149
18151
18152
18151
18152
18171
18172
18155
18158
18155
18159
18160
18156
18162
18158
18159
18163
18158
18159
18165
18162
18165
18162
18166
18181
18163
18165
18166
18165
18166
18185
18186
18169
18172
18169
18173
18174
18170
18177
18172
18173
18179
18172
18173
18180
18177
18180
18178
18180
18177
18178
18179
18179
18180
18183
18186
18183
18187
18188
18184
18191
18186
18187
18193
18186
18187
18194
18191
18194
18191
18192
18192
18194
18193
18193
18194
18199
18201
18237
18888
19147
18199
18200
18201
18202
19148
18199
18200
18891
18200
18201
18203
18241
18892
19151
18206
18208
18243
19153
18206
18207
18208
19448
18206
18208
18245
18206
18207
18217
18207
18208
18218
18247
19451
18220
19452
18249
19454
18213
18214
18215
18216
19154
18214
18215
18266
18364
19157
18213
18214
18219
18267
18213
18215
18365
18221
18222
18269
19159
18367
19160
18220
18221
18222
19455
18220
18221
18220
18222
18274
19458
18221
18222
18275
19459
18276
19461
18227
18228
18229
19469
18228
18229
18294
18227
18228
18232
18227
18229
18233
18295
19472
18234
19474
18298
19475
18234
18235
18236
19483
18235
18236
18308
18234
18235
18234
18236
18309
19485
19487
18311
19489
18239
18243
19161
18239
18242
18240
19163
18242
18243
18244
19164
18242
18243
18245
18248
18249
19167
18248
18249
18250
19490
18248
18249
18248
18250
18273
18249
18250
18274
19492
19495
18277
19496
18253
18257
18321
19169
18253
18256
18254
19170
18256
18257
18258
19171
18256
18257
18259
18324
18262
18264
18327
19174
18262
18263
18264
19497
18262
18264
18329
18262
18263
18287
18263
18264
18288
18331
19500
18290
19501
18333
19503
18269
18270
18271
18272
19175
18269
18271
18406
19177
18269
18270
18275
18270
18271
18407
18276
19179
18278
18410
19181
18276
18277
18278
19504
18277
18278
18276
18277
19506
18276
18278
19508
19509
18283
18284
18285
18286
19182
18284
18285
18336
18420
19185
18283
18284
18289
18337
18283
18285
18421
18291
18292
18339
19187
18423
19188
18290
18291
18292
19511
18290
18291
18290
18292
18344
19514
18291
18292
18345
19515
18346
19517
18297
18298
18299
19525
18297
18298
18298
18299
18309
19528
18297
18299
18310
19530
18312
19531
18304
18305
18306
19539
18305
18306
18350
18304
18305
18316
18304
18306
18317
18351
19542
18318
19544
18354
19545
18311
18312
18313
19553
18311
18313
18311
18312
19555
18312
18313
19557
19558
18318
18319
18320
19567
18319
18320
18357
18318
18319
18318
18320
18358
19569
19571
18360
19573
18326
18327
18937
19189
18325
18326
18327
18328
19190
18325
18326
18940
18325
18327
18329
18332
18941
19194
18333
19195
18332
18333
18334
19574
18332
18333
18332
18334
18343
18333
18334
18344
19576
19579
18347
19580
18339
18340
18341
18342
19196
18339
18341
18490
19198
18339
18340
18345
18340
18341
18491
18346
19200
18348
18494
19202
18346
18347
18348
19581
18347
18348
18346
18347
19583
18346
18348
19585
19586
18353
18354
18355
19595
18353
18354
18354
18355
18358
19598
18353
18355
18359
19600
18361
19601
18360
18361
18362
19609
18360
18362
18360
18361
19611
18361
18362
19613
19614
18367
18368
18369
18370
19203
18367
18369
18406
19205
18367
18368
18368
18369
18372
18408
19207
18374
18376
18411
19209
18374
18375
18376
19616
18374
18375
18385
18374
18376
18414
18375
18376
18386
18415
19619
18388
19620
18417
19622
18381
18382
18383
18384
19210
18382
18383
18434
18532
19213
18381
18382
18387
18435
18381
18383
18533
18389
18390
18437
19215
18535
19216
18388
18389
18390
19623
18388
18389
18388
18390
18442
19626
18389
18390
18443
19627
18444
19629
18395
18396
18397
19637
18396
18397
18462
18395
18396
18400
18395
18397
18401
18463
19640
18402
19642
18466
19643
18402
18403
18404
19651
18403
18404
18476
18402
18403
18402
18404
18477
19653
19655
18479
19657
18409
18410
18411
18412
19217
18410
18411
19218
18409
18410
18409
18411
18414
18416
19222
18417
19223
18416
18417
18418
19658
18416
18418
18441
18416
18417
18417
18418
18442
19660
19663
18445
19664
18423
18424
18425
18426
19224
18423
18425
18490
19226
18423
18424
18424
18425
18428
18492
19228
18430
18432
18495
19230
18430
18431
18432
19665
18430
18431
18455
18430
18432
18498
18431
18432
18456
18499
19668
18458
19669
18501
19671
18437
18438
18439
18440
19231
18437
18439
18574
19233
18437
18438
18443
18438
18439
18575
18444
19235
18446
18578
19237
18444
18445
18446
19672
18445
18446
18444
18445
19674
18444
18446
19676
19677
18451
18452
18453
18454
19238
18452
18453
18504
18588
19241
18451
18452
18457
18505
18451
18453
18589
18459
18460
18507
19243
18591
19244
18458
18459
18460
19679
18458
18459
18458
18460
18512
19682
18459
18460
18513
19683
18514
19685
18465
18466
18467
19693
18465
18466
18466
18467
18477
19696
18465
18467
18478
19698
18480
19699
18472
18473
18474
19707
18473
18474
18518
18472
18473
18484
18472
18474
18485
18519
19710
18486
19712
18522
19713
18479
18480
18481
19721
18479
18481
18479
18480
19723
18480
18481
19725
19726
18486
18487
18488
19735
18487
18488
18525
18486
18487
18486
18488
18526
19737
19739
18528
19741
18493
18494
18495
18496
19245
18494
18495
19246
18493
18494
18493
18495
18498
18500
19250
18501
19251
18500
18501
18502
19742
18500
18502
18511
18500
18501
18501
18502
18512
19744
19747
18515
19748
18507
18508
18509
18510
19252
18507
18509
18658
19254
18507
18508
18513
18508
18509
18659
18514
19256
18516
18662
19258
18514
18515
18516
19749
18515
18516
18514
18515
19751
18514
18516
19753
19754
18521
18522
18523
19763
18521
18522
18522
18523
18526
19766
18521
18523
18527
19768
18529
19769
18528
18529
18530
19777
18528
18530
18528
18529
19779
18529
18530
19781
19782
18535
18536
18537
18538
19259
18535
18537
18574
19261
18535
18536
18536
18537
18540
18576
19263
18542
18544
18579
19265
18542
18543
18544
19784
18542
18543
18553
18542
18544
18582
18543
18544
18554
18583
19787
18556
19788
18585
19790
18549
18550
18551
18552
19266
18550
18551
18602
18700
19269
18549
18550
18555
18603
18549
18551
18701
18557
18558
18605
19271
18703
19272
18556
18557
18558
19791
18556
18557
18556
18558
18610
19794
18557
18558
18611
19795
18612
19797
18563
18564
18565
19805
18564
18565
18630
18563
18564
18568
18563
18565
18569
18631
19808
18570
19810
18634
19811
18570
18571
18572
19819
18571
18572
18644
18570
18571
18570
18572
18645
19821
19823
18647
19825
18577
18578
18579
18580
19273
18578
18579
19274
18577
18578
18577
18579
18582
18584
19278
18585
19279
18584
18585
18586
19826
18584
18586
18609
18584
18585
18585
18586
18610
19828
19831
18613
19832
18591
18592
18593
18594
19280
18591
18593
18658
19282
18591
18592
18592
18593
18596
18660
19284
18598
18600
18663
19286
18598
18599
18600
19833
18598
18599
18623
18598
18600
18666
18599
18600
18624
18667
19836
18626
19837
18669
19839
18605
18606
18607
18608
19287
18605
18607
18742
19289
18605
18606
18611
18606
18607
18743
18612
19291
18614
18746
19293
18612
18613
18614
19840
18613
18614
18612
18613
19842
18612
18614
19844
19845
18619
18620
18621
18622
19294
18620
18621
18672
18756
19297
18619
18620
18625
18673
18619
18621
18757
18627
18628
18675
19299
18759
19300
18626
18627
18628
19847
18626
18627
18626
18628
18680
19850
18627
18628
18681
19851
18682
19853
18633
18634
18635
19861
18633
18634
18634
18635
18645
19864
18633
18635
18646
19866
18648
19867
18640
18641
18642
19875
18641
18642
18686
18640
18641
18652
18640
18642
18653
18687
19878
18654
19880
18690
19881
18647
18648
18649
19889
18647
18649
18647
18648
19891
18648
18649
19893
19894
18654
18655
18656
19903
18655
18656
18693
18654
18655
18654
18656
18694
19905
19907
18696
19909
18661
18662
18663
18664
19301
18662
18663
19302
18661
18662
18661
18663
18666
18668
19306
18669
19307
18668
18669
18670
19910
18668
18670
18679
18668
18669
18669
18670
18680
19912
19915
18683
19916
18675
18676
18677
18678
19308
18675
18677
18826
19310
18675
18676
18681
18676
18677
18827
18682
19312
18684
18830
19314
18682
18683
18684
19917
18683
18684
18682
18683
19919
18682
18684
19921
19922
18689
18690
18691
19931
18689
18690
18690
18691
18694
19934
18689
18691
18695
19936
18697
19937
18696
18697
18698
19945
18696
18698
18696
18697
19947
18697
18698
19949
19950
18703
18704
18705
18706
19315
18703
18705
18742
19317
18703
18704
18704
18705
18708
18744
19319
18710
18712
18747
19321
18710
18711
18712
19952
18710
18711
18722
18710
18712
18750
18711
18712
18723
18751
19955
18724
19956
18753
19958
18718
18719
18769
18979
19322
18717
18718
18719
18720
19323
18717
18718
18721
18773
18717
18719
18982
18725
18726
18774
19327
18983
19328
18724
18725
18726
19959
18725
18726
18777
18724
18725
18724
18726
18779
19962
19963
18780
19965
18731
18732
18733
19973
18732
18733
18798
18731
18732
18736
18731
18733
18737
18799
19976
18738
19978
18802
19979
18738
18739
18740
19987
18739
18740
18812
18738
18739
18738
18740
18813
19990
19991
18815
19993
18745
18746
18747
18748
19329
18746
18747
19330
18745
18746
18745
18747
18750
18752
19334
18753
19335
18752
18753
18754
19994
18752
18754
18778
18752
18753
18753
18754
18779
19996
19999
18781
20000
18759
18760
18761
18762
19336
18759
18761
18826
19338
18759
18760
18760
18761
18764
18828
19340
18766
18768
18831
19342
18766
18767
18768
20001
18766
18767
18792
18766
18768
18834
18767
18768
18793
18835
20004
18794
20005
18837
20007
18771
18774
19343
18771
18775
18772
19345
18774
18775
18776
19346
18774
18775
18777
18780
19348
18782
18780
18781
18782
20008
18780
18782
18781
18782
18780
18781
20010
20012
20013
18785
18789
18839
19351
18785
18788
18786
19352
18788
18789
18790
19353
18788
18789
18791
18841
18795
18796
18843
19356
18794
18795
18796
20015
18795
18796
18847
18794
18795
18794
18796
18849
20018
20019
18850
20021
18801
18802
18803
20029
18801
18802
18802
18803
18813
20032
18801
18803
18814
20034
18816
20035
18808
18809
18810
20043
18809
18810
18854
18808
18809
18820
18808
18810
18821
18855
20046
18822
20048
18858
20049
18815
18816
18817
20057
18815
18817
18815
18816
20060
18816
18817
20061
20062
18822
18823
18824
20071
18823
18824
18861
18822
18823
18822
18824
18862
20074
20075
18864
20077
18829
18830
18831
18832
19357
18830
18831
19358
18829
18830
18829
18831
18834
18836
19362
18837
19363
18836
18837
18838
20078
18836
18838
18848
18836
18837
18837
18838
18849
20080
20083
18851
20084
18843
18845
19021
19364
18843
18844
18845
18846
19365
18843
18844
18847
18844
18845
19024
18850
19368
18852
19025
19370
18850
18851
18852
20085
18850
18852
18851
18852
18850
18851
20087
20089
20090
18857
18858
18859
20099
18857
18858
18858
18859
18862
20102
18857
18859
18863
20104
18865
20105
18864
18865
18866
20113
18864
18866
18864
18865
20116
18865
18866
20117
20118
18869
18872
19028
19064
18869
18873
18875
18870
18876
19065
18872
18873
18877
19068
18872
18873
19032
19033
19069
18880
18876
18879
19049
20121
18876
18880
18877
20122
18879
18880
20125
18879
18880
19053
19054
20126
18883
18887
18902
19119
18883
18886
18895
18884
18897
19121
18886
18887
18898
19124
18886
18887
18906
18900
18907
19125
18890
18892
19120
18890
18894
18896
18893
18897
19121
18892
18894
18893
19123
18894
18898
19124
18901
18897
18900
18897
18901
18898
18900
18901
18900
18901
18904
18907
19126
18904
18908
18909
18905
18911
19128
18907
18908
18912
19131
18907
18908
19132
18914
18911
18914
18911
18915
18924
20128
18912
20129
18914
18915
20132
18914
18915
18927
18929
20133
18918
18922
18918
18921
18923
18919
18925
18921
18922
18926
18921
18922
18928
18925
18928
18925
18929
20135
18926
20136
18928
18929
20139
18928
18929
20140
18932
18936
18951
19133
18932
18935
18944
18933
18946
19135
18935
18936
18947
19138
18935
18936
18955
18949
18957
19139
18939
18941
19134
18939
18943
18945
18942
18946
19135
18941
18943
18942
19137
18943
18947
19138
18950
18946
18949
18946
18950
18947
18949
18950
18949
18950
18953
18957
19140
18953
18956
18958
18954
18960
19142
18956
18957
18961
19145
18956
18957
18963
19146
18960
18963
18960
18964
18973
20142
18961
20143
18963
18964
20146
18963
18964
18976
18978
20147
18967
18971
18967
18970
18972
18968
18974
18970
18971
18975
18970
18971
18977
18974
18977
18974
18978
20149
18975
20150
18977
18978
20153
18977
18978
20154
18981
18983
19371
18981
18985
18993
18984
18995
19373
18983
18985
18984
19375
18985
18996
19376
18998
18988
18992
19000
19372
18988
18991
18994
18989
18995
19373
18991
18992
18996
19376
18991
18992
19004
18999
19005
19377
18995
18998
18995
18999
18996
18998
18999
18998
18999
19002
19005
19379
19002
19006
19008
19003
19009
19380
19005
19006
19010
19383
19005
19006
19384
19013
19009
19012
19014
20156
19009
19013
19010
20157
19012
19013
20160
19012
19013
19018
19019
20161
19016
19019
20163
19016
19020
19017
20164
19019
19020
20167
19019
19020
20168
19023
19025
19392
19023
19027
19035
19026
19037
19394
19025
19027
19026
19396
19027
19038
19397
19040
19030
19033
19393
19030
19034
19036
19031
19037
19394
19033
19034
19038
19397
19033
19034
19398
19041
19037
19040
19037
19041
19038
19040
19041
19040
19041
19044
19047
19044
19048
19050
19045
19051
19047
19048
19052
19047
19048
19055
19051
19054
20170
19051
19055
19052
20171
19054
19055
20174
19054
19055
20175
19060
19061
19062
19385
19060
19061
19378
19386
20477
19060
19062
19100
20478
19061
19062
19101
19379
19389
20479
19380
19390
19104
19065
19067
19114
20120
20498
19065
19069
19115
19393
19068
19117
20122
19067
19069
19395
20501
19068
20124
20502
19069
20125
19398
19074
19075
19076
19074
19076
19085
19119
19074
19075
19120
19161
19075
19076
19087
19162
19121
19163
19090
19081
19082
19083
19081
19083
19092
19133
19082
19083
19093
19168
19081
19082
19134
19169
19135
19170
19097
19088
19089
19090
19399
19088
19090
19126
19088
19089
19127
19400
20183
19089
19090
20184
19128
19403
19404
20185
19095
19096
19097
19413
19095
19097
19140
19096
19097
20281
19095
19096
19141
19414
20282
19142
19417
19418
20283
19102
19103
19104
19102
19103
19343
19371
19102
19104
19344
19103
19104
19372
19345
19373
19109
19110
19111
19109
19111
19113
19350
19109
19110
19351
19392
19110
19111
19115
19393
19352
19394
19118
19116
19117
19118
19434
19116
19118
20484
19116
19117
19435
20485
19117
19118
19438
20486
19439
19121
19125
19126
19121
19123
19147
19124
19123
19125
19129
19149
19124
19151
19125
19132
19128
19132
19128
19130
20127
20260
19131
20129
19130
19132
20262
19131
20131
20265
19132
20132
19135
19139
19140
19135
19137
19189
19138
19137
19139
19143
19191
19138
19194
19139
19146
19142
19146
19142
19144
20141
20190
19145
20143
19144
19146
20192
19145
20145
20194
19146
20146
19151
19153
19161
19151
19152
19153
19448
19151
19152
20262
19152
19153
19165
19449
20263
19453
20266
19167
19454
19158
19159
19160
19455
19158
19159
19176
19456
20275
19158
19160
19204
20276
19159
19160
19177
19205
19460
20278
19179
19461
19207
19163
19167
19163
19166
20184
19164
19166
19167
19490
19166
19167
19491
20187
19494
20189
19495
19170
19173
20281
19170
19174
19189
19171
19173
19174
19497
19173
19174
19192
19498
20285
19502
20287
19195
19503
19179
19180
19181
19504
19179
19180
19505
20289
19179
19181
19218
19180
19181
19219
20291
19508
19510
20294
19222
19186
19187
19188
19511
19186
19187
19197
19512
20296
19186
19188
19225
20297
19187
19188
19198
19226
19516
20299
19200
19517
19228
19194
19195
19193
19194
19195
19574
19193
19194
20192
19193
19195
19575
20193
19578
20196
19579
19200
19201
19202
19581
19200
19201
19582
20310
19200
19202
19246
19201
19202
19247
20312
19585
19587
20315
19250
19207
19208
19209
19616
19207
19208
20324
19207
19209
19218
19208
19209
19220
19617
20326
19621
20329
19223
19622
19214
19215
19216
19623
19214
19215
19232
19624
20338
19214
19216
19260
20339
19215
19216
19233
19261
19628
20341
19235
19629
19263
19221
19222
19223
19658
19222
19223
19221
19222
20206
19221
19223
19659
20207
19662
20210
19663
19228
19229
19230
19665
19228
19229
20345
19228
19230
19246
19229
19230
19248
19666
20347
19670
20350
19251
19671
19235
19236
19237
19672
19235
19236
19673
20352
19235
19237
19274
19236
19237
19275
20354
19676
19678
20357
19278
19242
19243
19244
19679
19242
19243
19253
19680
20359
19242
19244
19281
20360
19243
19244
19254
19282
19684
20362
19256
19685
19284
19249
19250
19251
19742
19250
19251
19249
19250
20213
19249
19251
19743
20214
19746
20217
19747
19256
19257
19258
19749
19256
19257
19750
20373
19256
19258
19302
19257
19258
19303
20375
19753
19755
20378
19306
19263
19264
19265
19784
19263
19264
20387
19263
19265
19274
19264
19265
19276
19785
20389
19789
20392
19279
19790
19270
19271
19272
19791
19270
19271
19288
19792
20401
19270
19272
19316
20402
19271
19272
19289
19317
19796
20404
19291
19797
19319
19277
19278
19279
19826
19278
19279
19277
19278
20227
19277
19279
19827
20228
19830
20231
19831
19284
19285
19286
19833
19284
19285
20408
19284
19286
19302
19285
19286
19304
19834
20410
19838
20413
19307
19839
19291
19292
19293
19840
19291
19292
19841
20415
19291
19293
19330
19292
19293
19331
20417
19844
19846
20420
19334
19298
19299
19300
19847
19298
19299
19309
19848
20422
19298
19300
19337
20423
19299
19300
19310
19338
19852
20425
19312
19853
19340
19305
19306
19307
19910
19306
19307
19305
19306
20234
19305
19307
19911
20235
19914
20238
19915
19312
19313
19314
19917
19312
19313
19918
20436
19312
19314
19358
19313
19314
19359
20438
19921
19923
20441
19362
19319
19320
19321
19952
19319
19320
20450
19319
19321
19330
19320
19321
19332
19953
20452
19957
20455
19335
19958
19327
19328
19343
19371
19326
19327
19328
19959
19326
19327
19347
19960
20465
19326
19328
19374
20466
19964
20467
19348
19965
19375
19333
19334
19335
19994
19334
19335
19333
19334
20248
19333
19335
19995
20249
19998
20252
19999
19340
19341
19342
20001
19340
19341
20471
19340
19342
19358
19341
19342
19360
20002
20473
20006
20476
19363
20007
19345
19348
19345
19349
20478
19346
19348
19349
20008
19348
19349
20009
20481
20012
20014
20483
19352
19355
20484
19352
19356
19364
19353
19355
19356
20015
19355
19356
19366
20016
20488
20020
20489
19368
20021
19361
19362
19363
20078
19362
19363
19361
19362
20255
19361
19363
20079
20256
20082
20259
20083
19368
19370
19392
19368
19369
19370
20085
19368
19369
20086
20500
19369
19370
19395
20501
20089
20091
20504
19396
19373
19375
19373
19377
19379
19376
19375
19377
19381
19376
19377
19384
19380
19382
20155
20463
19380
19384
19383
20157
19382
19384
20466
19383
20159
20469
19384
20160
19389
19390
19391
19389
19390
20155
21121
19389
19391
19429
21122
19390
19391
19430
20156
21123
20157
19433
19394
19396
19394
19398
19397
19396
19398
19397
19398
19403
19404
19405
19403
19404
20127
20512
19403
19405
19408
20128
19404
19405
19409
20513
20129
20514
19412
19410
19411
19412
19410
19411
19518
20134
19410
19412
20135
19411
19412
19519
20136
19520
19417
19418
19419
19417
19418
20141
20722
19417
19419
19422
20142
19418
19419
19423
20723
20143
20724
19426
19424
19425
19426
19424
19425
19532
20148
19424
19426
20149
19425
19426
19533
20150
19534
19431
19432
19433
19431
19432
20050
20162
19431
19433
20051
19432
19433
20163
20052
20164
19438
19439
19440
19438
19439
20120
21142
19438
19440
19443
21143
19439
19440
19444
20121
21144
20122
19447
19445
19446
19447
19445
19446
20064
20169
19445
19447
20065
19446
19447
20170
20066
20171
19452
19453
19454
19453
19454
19491
20688
19452
19453
19457
20689
19452
19454
19458
19492
19459
20692
19495
19459
19460
19461
19460
19461
19505
20702
19459
19460
20703
19459
19461
19506
20705
19508
19466
19468
19518
20134
19466
19467
19468
19469
19466
19467
20137
20682
19467
19468
19470
19522
20683
20138
19473
20686
19475
19524
19473
19474
19475
19473
19475
19526
20695
19473
19474
19484
20696
19474
19475
19485
19528
20699
19487
19530
19480
19481
19482
19483
19481
19482
19547
19631
19480
19481
19486
19548
20710
19480
19482
19632
20711
19488
20712
19489
19550
19634
19487
19488
19489
19487
19488
20716
19487
19489
19555
19488
19489
19556
20718
20720
19557
19494
19495
19496
19494
19495
20520
19495
19496
19506
19494
19496
19507
20522
20524
19509
19501
19502
19503
19502
19503
19575
20730
19501
19502
19513
20731
19501
19503
19514
19576
19515
20734
19579
19508
19509
19510
19508
19510
20744
19508
19509
19509
19510
20746
20749
19515
19516
19517
19516
19517
19582
20765
19515
19516
20766
19515
19517
19583
20768
19585
19520
19524
19520
19523
20513
19521
19523
19524
19525
19523
19524
19526
20516
19529
20518
19530
19529
19530
19531
19529
19530
20527
19529
19531
19554
20528
19530
19531
19555
20531
19558
19534
19538
19588
19534
19537
20723
19535
19537
19538
19539
19537
19538
19540
19591
20726
19543
20728
19545
19594
19543
19544
19545
19543
19545
19596
20737
19543
19544
19568
20738
19544
19545
19569
19598
20741
19571
19600
19550
19551
19552
19553
19550
19552
19687
19550
19551
19556
20752
19551
19552
19688
20753
19557
19559
20756
19691
19557
19558
19559
19558
19559
20758
19557
19558
19557
19559
20760
20763
19564
19565
19566
19567
19565
19566
19603
19701
19564
19565
19570
19604
20773
19564
19566
19702
20774
19572
20775
19573
19606
19704
19571
19572
19573
19571
19572
20779
19571
19573
19611
19572
19573
19612
20781
20783
19613
19578
19579
19580
19578
19579
20541
19579
19580
19583
19578
19580
19584
20543
20545
19586
19585
19586
19587
19585
19587
20786
19585
19586
19586
19587
20788
20791
19593
19594
20148
19592
19593
19594
19595
19592
19593
20151
20535
19592
19594
19596
20536
19599
20539
20152
19600
19599
19600
19601
19599
19600
20548
19599
19601
19610
20549
19600
19601
19611
20552
19614
19606
19607
19608
19609
19606
19608
19757
19606
19607
19612
20794
19607
19608
19758
20795
19613
19615
20798
19761
19613
19614
19615
19614
19615
20800
19613
19614
19613
19615
20802
20805
19620
19621
19622
19621
19622
19659
20814
19620
19621
19625
20815
19620
19622
19626
19660
19627
20818
19663
19627
19628
19629
19628
19629
19673
20828
19627
19628
20829
19627
19629
19674
20831
19676
19634
19635
19636
19637
19634
19636
19687
19634
19635
20808
19635
19636
19639
19689
20809
19641
20812
19643
19692
19641
19642
19643
19641
19642
19652
20821
19641
19643
19695
20822
19642
19643
19653
19696
20825
19655
19698
19648
19649
19650
19651
19649
19650
19715
19799
19648
19649
19654
19716
20836
19648
19650
19800
20837
19656
20838
19657
19718
19802
19655
19656
19657
19655
19656
20842
19655
19657
19723
19656
19657
19724
20844
20846
19725
19662
19663
19664
19662
19663
20562
19663
19664
19674
19662
19664
19675
20564
20566
19677
19669
19670
19671
19670
19671
19743
20856
19669
19670
19681
20857
19669
19671
19682
19744
19683
20860
19747
19676
19677
19678
19676
19678
20870
19676
19677
19677
19678
20872
20875
19683
19684
19685
19684
19685
19750
20891
19683
19684
20892
19683
19685
19751
20894
19753
19690
19691
19692
19693
19691
19692
19690
19691
20556
19690
19692
19695
20557
19697
20560
19698
19697
19698
19699
19697
19699
19722
20569
19697
19698
20570
19698
19699
19723
20573
19726
19704
19705
19706
19707
19704
19706
19757
19704
19705
20850
19705
19706
19709
19759
20851
19711
20854
19713
19762
19711
19712
19713
19711
19712
19736
20863
19711
19713
19765
20864
19712
19713
19737
19766
20867
19739
19768
19718
19719
19720
19721
19718
19720
19855
19718
19719
19724
20878
19719
19720
19856
20879
19725
19727
20882
19859
19725
19726
19727
19726
19727
20884
19725
19726
19725
19727
20886
20889
19732
19733
19734
19735
19733
19734
19771
19869
19732
19733
19738
19772
20899
19732
19734
19870
20900
19740
20901
19741
19774
19872
19739
19740
19741
19739
19740
20905
19739
19741
19779
19740
19741
19780
20907
20909
19781
19746
19747
19748
19746
19747
20583
19747
19748
19751
19746
19748
19752
20585
20587
19754
19753
19754
19755
19753
19755
20912
19753
19754
19754
19755
20914
20917
19760
19761
19762
19763
19761
19762
19760
19761
20577
19760
19762
19765
20578
19767
20581
19768
19767
19768
19769
19767
19769
19778
20590
19767
19768
20591
19768
19769
19779
20594
19782
19774
19775
19776
19777
19774
19776
19925
19774
19775
19780
20920
19775
19776
19926
20921
19781
19783
20924
19929
19781
19782
19783
19782
19783
20926
19781
19782
19781
19783
20928
20931
19788
19789
19790
19789
19790
19827
20940
19788
19789
19793
20941
19788
19790
19794
19828
19795
20944
19831
19795
19796
19797
19796
19797
19841
20954
19795
19796
20955
19795
19797
19842
20957
19844
19802
19803
19804
19805
19802
19804
19855
19802
19803
20934
19803
19804
19807
19857
20935
19809
20938
19811
19860
19809
19810
19811
19809
19810
19820
20947
19809
19811
19863
20948
19810
19811
19821
19864
20951
19823
19866
19816
19817
19818
19819
19817
19818
19883
19967
19816
19817
19822
19884
20962
19816
19818
19968
20963
19824
20964
19825
19886
19970
19823
19824
19825
19823
19824
20968
19823
19825
19891
19824
19825
19892
20970
20972
19893
19830
19831
19832
19830
19831
20604
19831
19832
19842
19830
19832
19843
20606
20608
19845
19837
19838
19839
19838
19839
19911
20982
19837
19838
19849
20983
19837
19839
19850
19912
19851
20986
19915
19844
19845
19846
19844
19846
20996
19844
19845
19845
19846
20998
21001
19851
19852
19853
19852
19853
19918
21017
19851
19852
21018
19851
19853
19919
21020
19921
19858
19859
19860
19861
19859
19860
19858
19859
20598
19858
19860
19863
20599
19865
20602
19866
19865
19866
19867
19865
19867
19890
20611
19865
19866
20612
19866
19867
19891
20615
19894
19872
19873
19874
19875
19872
19874
19925
19872
19873
20976
19873
19874
19877
19927
20977
19879
20980
19881
19930
19879
19880
19881
19879
19880
19904
20989
19879
19881
19933
20990
19880
19881
19905
19934
20993
19907
19936
19886
19887
19888
19889
19886
19888
20023
19886
19887
19892
21004
19887
19888
20024
21005
19893
19895
21008
20027
19893
19894
19895
19894
19895
21010
19893
19894
19893
19895
21012
21015
19900
19901
19902
19903
19901
19902
19939
20037
19900
19901
19906
19940
21025
19900
19902
20038
21026
19908
21027
19909
19942
20040
19907
19908
19909
19907
19908
21031
19907
19909
19947
19908
19909
19948
21033
21035
19949
19914
19915
19916
19914
19915
20625
19915
19916
19919
19914
19916
19920
20627
20629
19922
19921
19922
19923
19921
19923
21038
19921
19922
19922
19923
21040
21043
19928
19929
19930
19931
19929
19930
19928
19929
20619
19928
19930
19933
20620
19935
20623
19936
19935
19936
19937
19935
19937
19946
20632
19935
19936
20633
19936
19937
19947
20636
19950
19942
19943
19944
19945
19942
19944
20093
19942
19943
19948
21046
19943
19944
20094
21047
19949
19951
21050
20097
19949
19950
19951
19950
19951
21052
19949
19950
19949
19951
21054
21057
19956
19957
19958
19957
19958
19995
21066
19956
19957
19961
21067
19956
19958
19962
19996
19963
21070
19999
19963
19964
19965
19964
19965
20009
21087
19963
19964
21088
19963
19965
20010
21090
20012
19970
19971
19972
19973
19970
19972
20023
19970
19971
21060
19971
19972
19975
20025
21061
19977
21064
19979
20028
19977
19978
19979
19977
19978
19989
21073
19977
19979
20031
21074
19978
19979
19990
20032
21077
19991
20034
19985
19986
20050
20162
19984
19985
19986
19987
19984
19985
19988
20054
21081
19984
19986
20165
21082
19992
21083
19993
20055
20166
19991
19992
19993
19992
19993
20058
21094
19991
19992
21095
19991
19993
20060
21098
20061
19998
19999
20000
19998
19999
20646
19999
20000
20010
19998
20000
20011
20648
20650
20013
20005
20006
20007
20006
20007
20079
21108
20005
20006
20017
21109
20005
20007
20018
20080
20019
21112
20083
20012
20013
20014
20012
20014
21129
20012
20013
20013
20014
21131
21134
20019
20020
20021
20020
20021
20086
21150
20019
20020
21151
20019
20021
20087
21153
20089
20026
20027
20028
20029
20027
20028
20026
20027
20640
20026
20028
20031
20641
20033
20644
20034
20033
20034
20035
20033
20035
20059
20653
20033
20034
20654
20034
20035
20060
20657
20062
20040
20041
20042
20043
20040
20042
20093
20040
20041
21102
20041
20042
20045
20095
21103
20047
21106
20049
20098
20047
20048
20049
20047
20048
20073
21115
20047
20049
20101
21116
20048
20049
20074
20102
21119
20075
20104
20052
20055
20052
20056
21122
20053
20055
20056
20057
20055
20056
20058
21125
20061
20063
21127
20061
20062
20063
20061
20063
21136
20062
20063
21137
20061
20062
21141
20066
20070
20106
20066
20069
21143
20067
20069
20070
20071
20069
20070
20072
20108
21146
20076
21147
20077
20110
20075
20076
20077
20076
20077
20114
21157
20075
20076
21158
20075
20077
20116
21161
20117
20082
20083
20084
20082
20083
20667
20083
20084
20087
20082
20084
20088
20669
20671
20090
20089
20090
20091
20089
20091
21171
20089
20090
20090
20091
21173
21176
20096
20097
20098
20099
20097
20098
20096
20097
20661
20096
20098
20101
20662
20103
20665
20104
20103
20104
20105
20103
20105
20115
20674
20103
20104
20675
20104
20105
20116
20678
20118
20110
20112
20169
20110
20111
20112
20113
20110
20111
20114
21165
20111
20112
20172
21166
20117
20119
21169
20173
20117
20118
20119
20117
20119
21178
20118
20119
21179
20117
20118
21183
20122
20124
21163
20122
20126
20170
20125
20124
20126
20172
21166
20125
21167
20126
20175
20129
20131
20680
20129
20133
20135
20132
20131
20133
20137
20682
20132
20685
20133
20140
20136
20138
20136
20140
20139
20138
20140
20139
20140
20143
20145
20533
20143
20147
20149
20146
20145
20147
20151
20535
20146
20537
20147
20154
20150
20152
20150
20154
20153
20152
20154
20153
20154
20157
20159
21079
20157
20161
20163
20160
20159
20161
20165
21082
20160
21085
20161
20168
20164
20166
20164
20168
20167
20166
20168
20167
20168
20171
20173
20171
20175
20174
20173
20175
20174
20175
20180
20181
20182
20267
20180
20181
20180
20182
20181
20182
20268
20271
20272
20185
20188
20260
20512
20185
20189
20186
20514
20188
20189
20515
20519
20188
20189
20263
20520
20264
20517
20523
20524
20194
20195
20282
20533
20194
20195
20196
20534
20540
20194
20196
20195
20196
20285
20541
20537
20286
20538
20544
20545
20201
20202
20203
20330
20201
20202
20269
20201
20203
20270
20202
20203
20331
20273
20334
20335
20208
20209
20210
20554
20561
20208
20209
20290
20325
20555
20208
20210
20291
20209
20210
20326
20562
20292
20558
20327
20559
20565
20566
20215
20216
20217
20575
20582
20215
20216
20311
20346
20576
20215
20217
20312
20216
20217
20347
20583
20313
20579
20348
20580
20586
20587
20222
20223
20224
20393
20222
20223
20332
20222
20224
20333
20223
20224
20394
20336
20397
20398
20229
20230
20231
20596
20603
20229
20230
20353
20388
20597
20229
20231
20354
20230
20231
20389
20604
20355
20600
20390
20601
20607
20608
20236
20237
20238
20617
20624
20236
20237
20374
20409
20618
20236
20238
20375
20237
20238
20410
20625
20376
20621
20411
20622
20628
20629
20243
20244
20245
20456
20243
20244
20395
20243
20245
20396
20244
20245
20457
20399
20460
20461
20250
20251
20252
20638
20645
20250
20251
20416
20451
20639
20250
20252
20417
20251
20252
20452
20646
20418
20642
20453
20643
20649
20650
20257
20258
20259
20659
20666
20257
20258
20437
20472
20660
20257
20259
20438
20258
20259
20473
20667
20439
20663
20474
20664
20670
20671
20264
20265
20680
20264
20265
20266
20681
20687
20265
20266
20264
20266
20688
20684
20691
20685
20692
20271
20272
20273
20271
20272
20271
20273
20272
20273
20278
20279
20280
20701
20708
20278
20279
20289
20702
20278
20280
20324
20279
20280
20290
20325
20709
20705
20293
20707
20713
20328
20714
20283
20287
20283
20286
20722
20284
20724
20286
20287
20725
20729
20286
20287
20730
20727
20733
20734
20292
20293
20294
20743
20750
20293
20294
20744
20292
20293
20751
20292
20294
20754
20748
20755
20749
20299
20300
20301
20764
20771
20299
20300
20310
20765
20299
20301
20345
20300
20301
20311
20346
20772
20768
20314
20770
20776
20349
20777
20306
20307
20308
20316
20306
20307
20306
20308
20307
20308
20317
20320
20321
20313
20314
20315
20785
20792
20314
20315
20786
20313
20314
20793
20313
20315
20796
20790
20797
20791
20320
20321
20322
20320
20321
20320
20322
20366
20321
20322
20367
20369
20327
20328
20329
20806
20813
20328
20329
20327
20328
20807
20327
20329
20814
20810
20817
20811
20818
20334
20335
20336
20334
20335
20334
20336
20335
20336
20341
20342
20343
20827
20834
20341
20342
20352
20828
20341
20343
20387
20342
20343
20353
20388
20835
20831
20356
20833
20839
20391
20840
20348
20349
20350
20848
20855
20349
20350
20348
20349
20849
20348
20350
20856
20852
20859
20853
20860
20355
20356
20357
20869
20876
20356
20357
20870
20355
20356
20877
20355
20357
20880
20874
20881
20875
20362
20363
20364
20890
20897
20362
20363
20373
20891
20362
20364
20408
20363
20364
20374
20409
20898
20894
20377
20896
20902
20412
20903
20369
20370
20371
20379
20369
20370
20369
20371
20370
20371
20380
20383
20384
20376
20377
20378
20911
20918
20377
20378
20912
20376
20377
20919
20376
20378
20922
20916
20923
20917
20383
20384
20385
20383
20384
20383
20385
20429
20384
20385
20430
20432
20390
20391
20392
20932
20939
20391
20392
20390
20391
20933
20390
20392
20940
20936
20943
20937
20944
20397
20398
20399
20397
20398
20397
20399
20398
20399
20404
20405
20406
20953
20960
20404
20405
20415
20954
20404
20406
20450
20405
20406
20416
20451
20961
20957
20419
20959
20965
20454
20966
20411
20412
20413
20974
20981
20412
20413
20411
20412
20975
20411
20413
20982
20978
20985
20979
20986
20418
20419
20420
20995
21002
20419
20420
20996
20418
20419
21003
20418
20420
21006
21000
21007
21001
20425
20426
20427
21016
21023
20425
20426
20436
21017
20425
20427
20471
20426
20427
20437
20472
21024
21020
20440
21022
21028
20475
21029
20432
20433
20434
20442
20432
20433
20432
20434
20433
20434
20443
20446
20447
20439
20440
20441
21037
21044
20440
20441
21038
20439
20440
21045
20439
20441
21048
21042
21049
21043
20446
20447
20448
20446
20447
20446
20448
20492
20447
20448
20493
20495
20453
20454
20455
21058
21065
20454
20455
20453
20454
21059
20453
20455
21066
21062
21069
21063
21070
20460
20461
20462
20460
20461
20460
20462
20461
20462
20468
20469
20477
21079
20467
20468
20469
21080
21086
20467
20468
20481
21087
20467
20469
21090
20482
21084
21092
21085
20474
20475
20476
21100
21107
20475
20476
20474
20475
21101
20474
20476
21108
21104
21111
21105
21112
20479
20482
21121
20479
20483
20480
21123
20482
20483
21124
21128
20482
20483
21129
21126
21133
21134
20486
20489
20486
20490
20498
21142
20487
21144
20489
20490
21145
21149
20489
20490
20500
21150
21153
20503
21148
21155
20495
20496
20497
20505
20495
20496
20495
20497
20496
20497
20506
20509
20510
20502
20503
21163
20502
20503
20504
21164
21170
20503
20504
21171
20502
20504
21167
21168
21175
21176
20509
20510
20511
20509
20510
20509
20511
20510
20511
20514
20517
20680
20514
20518
20515
20517
20518
20526
20517
20518
20527
20683
20530
20684
20531
20523
20524
20525
20526
20523
20524
20688
20523
20525
20529
20690
20745
20524
20525
20746
20530
20691
20532
20747
20530
20531
20532
20530
20531
20695
20531
20532
20758
20530
20532
20697
20759
20698
20761
20537
20538
20722
20537
20538
20539
20547
20537
20539
20538
20539
20548
20726
20551
20727
20552
20544
20545
20546
20547
20544
20545
20730
20544
20546
20550
20732
20787
20545
20546
20788
20551
20733
20553
20789
20551
20552
20553
20551
20552
20737
20552
20553
20800
20551
20553
20739
20801
20740
20803
20558
20559
20560
20568
20558
20559
20751
20807
20558
20560
20753
20559
20560
20570
20809
20754
20572
20810
20573
20565
20566
20567
20568
20565
20566
20814
20565
20567
20571
20816
20871
20566
20567
20872
20572
20817
20574
20873
20572
20573
20574
20573
20574
20884
20572
20573
20822
20572
20574
20823
20885
20824
20887
20579
20580
20581
20589
20579
20580
20793
20849
20579
20581
20795
20580
20581
20591
20851
20796
20593
20852
20594
20586
20587
20588
20589
20586
20587
20856
20586
20588
20592
20858
20913
20587
20588
20914
20593
20859
20595
20915
20593
20594
20595
20594
20595
20926
20593
20594
20864
20593
20595
20865
20927
20866
20929
20600
20601
20602
20610
20600
20601
20877
20933
20600
20602
20879
20601
20602
20612
20935
20880
20614
20936
20615
20607
20608
20609
20610
20607
20608
20940
20607
20609
20613
20942
20997
20608
20609
20998
20614
20943
20616
20999
20614
20615
20616
20615
20616
21010
20614
20615
20948
20614
20616
20949
21011
20950
21013
20621
20622
20623
20631
20621
20622
20919
20975
20621
20623
20921
20622
20623
20633
20977
20922
20635
20978
20636
20628
20629
20630
20631
20628
20629
20982
20628
20630
20634
20984
21039
20629
20630
21040
20635
20985
20637
21041
20635
20636
20637
20636
20637
21052
20635
20636
20990
20635
20637
20991
21053
20992
21055
20642
20643
20644
20652
20642
20643
21003
21059
20642
20644
21005
20643
20644
20654
21061
21006
20656
21062
20657
20649
20650
20651
20652
20649
20650
21066
20649
20651
20655
21068
21130
20650
20651
21131
20656
21069
20658
21132
20656
20657
20658
20657
20658
21137
20656
20657
21074
20656
20658
21075
21138
21076
21139
20663
20664
20665
20673
20663
20664
21045
21101
20663
20665
21047
20664
20665
20675
21103
21048
20677
21104
20678
20670
20671
20672
20673
20670
20671
21108
20670
20672
20676
21110
21172
20671
20672
21173
20677
21111
20679
21174
20677
20678
20679
20678
20679
21179
20677
20678
21116
20677
20679
21117
21180
21118
21181
20684
20685
20684
20685
20686
20694
20685
20686
20684
20686
20695
20698
20699
20691
20692
20693
20694
20691
20692
20692
20693
20703
20691
20693
20697
20704
20698
20700
20706
20698
20699
20700
20698
20699
20699
20700
20716
20698
20700
20717
20719
20705
20706
20707
20715
20705
20707
20744
20705
20706
20706
20707
20717
20745
20719
20721
20748
20712
20713
20714
20715
20713
20714
20751
20807
20712
20713
20718
20752
20712
20714
20808
20720
20721
20755
20811
20719
20720
20721
20719
20720
20719
20721
20759
20720
20721
20760
20762
20724
20727
20724
20728
20725
20727
20728
20736
20727
20728
20737
20740
20741
20733
20734
20735
20736
20733
20734
20734
20735
20766
20733
20735
20739
20767
20740
20742
20769
20740
20741
20742
20740
20741
20741
20742
20779
20740
20742
20780
20782
20747
20748
20749
20757
20748
20749
20747
20748
20759
20747
20749
20761
20762
20754
20755
20756
20757
20754
20755
20755
20756
20760
20754
20756
20762
20763
20761
20762
20763
20761
20763
20761
20762
20762
20763
20768
20769
20770
20778
20768
20770
20786
20768
20769
20769
20770
20780
20787
20782
20784
20790
20775
20776
20777
20778
20776
20777
20793
20849
20775
20776
20781
20794
20775
20777
20850
20783
20784
20797
20853
20782
20783
20784
20782
20783
20782
20784
20801
20783
20784
20802
20804
20789
20790
20791
20799
20790
20791
20789
20790
20801
20789
20791
20803
20804
20796
20797
20798
20799
20796
20797
20797
20798
20802
20796
20798
20804
20805
20803
20804
20805
20803
20805
20803
20804
20804
20805
20810
20811
20812
20820
20810
20811
20811
20812
20810
20812
20822
20824
20825
20817
20818
20819
20820
20817
20818
20818
20819
20829
20817
20819
20823
20830
20824
20826
20832
20824
20825
20826
20825
20826
20842
20824
20825
20824
20826
20843
20845
20831
20832
20833
20841
20831
20833
20870
20831
20832
20832
20833
20843
20871
20845
20847
20874
20838
20839
20840
20841
20839
20840
20877
20933
20838
20839
20844
20878
20838
20840
20934
20846
20847
20881
20937
20845
20846
20847
20845
20846
20845
20847
20885
20846
20847
20886
20888
20852
20853
20854
20862
20852
20853
20853
20854
20852
20854
20864
20866
20867
20859
20860
20861
20862
20859
20860
20860
20861
20892
20859
20861
20865
20893
20866
20868
20895
20866
20867
20868
20867
20868
20905
20866
20867
20866
20868
20906
20908
20873
20874
20875
20883
20874
20875
20873
20874
20885
20873
20875
20887
20888
20880
20881
20882
20883
20880
20881
20881
20882
20886
20880
20882
20888
20889
20887
20888
20889
20887
20889
20887
20888
20888
20889
20894
20895
20896
20904
20894
20896
20912
20894
20895
20895
20896
20906
20913
20908
20910
20916
20901
20902
20903
20904
20902
20903
20919
20975
20901
20902
20907
20920
20901
20903
20976
20909
20910
20923
20979
20908
20909
20910
20908
20909
20908
20910
20927
20909
20910
20928
20930
20915
20916
20917
20925
20916
20917
20915
20916
20927
20915
20917
20929
20930
20922
20923
20924
20925
20922
20923
20923
20924
20928
20922
20924
20930
20931
20929
20930
20931
20929
20931
20929
20930
20930
20931
20936
20937
20938
20946
20936
20937
20937
20938
20936
20938
20948
20950
20951
20943
20944
20945
20946
20943
20944
20944
20945
20955
20943
20945
20949
20956
20950
20952
20958
20950
20951
20952
20951
20952
20968
20950
20951
20950
20952
20969
20971
20957
20958
20959
20967
20957
20959
20996
20957
20958
20958
20959
20969
20997
20971
20973
21000
20964
20965
20966
20967
20965
20966
21003
21059
20964
20965
20970
21004
20964
20966
21060
20972
20973
21007
21063
20971
20972
20973
20971
20972
20971
20973
21011
20972
20973
21012
21014
20978
20979
20980
20988
20978
20979
20979
20980
20978
20980
20990
20992
20993
20985
20986
20987
20988
20985
20986
20986
20987
21018
20985
20987
20991
21019
20992
20994
21021
20992
20993
20994
20993
20994
21031
20992
20993
20992
20994
21032
21034
20999
21000
21001
21009
21000
21001
20999
21000
21011
20999
21001
21013
21014
21006
21007
21008
21009
21006
21007
21007
21008
21012
21006
21008
21014
21015
21013
21014
21015
21013
21015
21013
21014
21014
21015
21020
21021
21022
21030
21020
21022
21038
21020
21021
21021
21022
21032
21039
21034
21036
21042
21027
21028
21029
21030
21028
21029
21045
21101
21027
21028
21033
21046
21027
21029
21102
21035
21036
21049
21105
21034
21035
21036
21034
21035
21034
21036
21053
21035
21036
21054
21056
21041
21042
21043
21051
21042
21043
21041
21042
21053
21041
21043
21055
21056
21048
21049
21050
21051
21048
21049
21049
21050
21054
21048
21050
21056
21057
21055
21056
21057
21055
21057
21055
21056
21056
21057
21062
21063
21064
21072
21062
21063
21063
21064
21062
21064
21074
21076
21077
21069
21070
21071
21072
21069
21070
21070
21071
21088
21069
21071
21075
21089
21076
21078
21091
21076
21077
21078
21077
21078
21095
21076
21077
21076
21078
21096
21097
21084
21085
21121
21083
21084
21085
21093
21083
21084
21094
21125
21083
21085
21098
21099
21126
21090
21091
21092
21093
21090
21092
21129
21090
21091
21091
21092
21096
21130
21097
21099
21133
21097
21098
21099
21098
21099
21136
21097
21098
21097
21099
21138
21140
21104
21105
21106
21114
21104
21105
21105
21106
21104
21106
21116
21118
21119
21111
21112
21113
21114
21111
21112
21112
21113
21151
21111
21113
21117
21152
21118
21120
21154
21118
21119
21120
21119
21120
21158
21118
21119
21118
21120
21159
21160
21123
21126
21123
21127
21124
21126
21127
21135
21126
21127
21136
21140
21141
21132
21133
21134
21135
21133
21134
21132
21133
21138
21132
21134
21139
21140
21139
21140
21141
21140
21141
21139
21141
21139
21140
21144
21148
21163
21144
21147
21145
21147
21148
21156
21147
21148
21157
21165
21161
21162
21168
21153
21154
21155
21156
21153
21155
21171
21153
21154
21154
21155
21159
21172
21160
21162
21175
21160
21161
21162
21161
21162
21178
21160
21161
21160
21162
21180
21182
21167
21168
21167
21168
21169
21177
21168
21169
21178
21167
21169
21182
21183
21174
21175
21176
21177
21175
21176
21174
21175
21180
21174
21176
21181
21182
21181
21182
21183
21182
21183
21181
21183
21181
21182
)


// ************************************************************************* //
