iteration,Y_prime,N_prime
1.0,-0.03928241238421061,-0.0011637426801925995
2.0,-0.0020021773318968455,-0.0008658203753926293
3.0,0.003858533247390765,-0.0002432688177107092
4.0,0.006099175610355831,-9.12390628808749e-05
5.0,0.0060639130204498525,-0.00017429457113712655
6.0,0.0053246144719848775,-0.00035247453309054157
7.0,0.004510473347670822,-0.0005208170692765323
8.0,0.0038421286555086545,-0.0006390938613556847
9.0,0.003319154291412676,-0.0007066121314724534
10.0,0.0028927671231173497,-0.0007385304697146482
11.0,0.0025492447393846685,-0.0007466936800778816
12.0,0.002276994046946108,-0.0007413325547039636
13.0,0.0020705615457981565,-0.0007309250831583607
14.0,0.0019201937018122925,-0.0007216076601893166
15.0,0.0018762635495973357,-0.0007175185294358604
16.0,0.001804694632996356,-0.0007141883193695686
17.0,0.0017608486785280848,-0.0007160134161084806
18.0,0.001739570732181087,-0.0007205478147374371
19.0,0.0016862657074225985,-0.0007174142053074638
20.0,0.0016574777777347565,-0.0007176897647110593
21.0,0.0016248128540770125,-0.0007164748275974882
22.0,0.0015814210239943921,-0.0007128873720673308
23.0,0.0015260965384342896,-0.0007067813706496381
24.0,0.0014716881738357902,-0.0007015488690481664
25.0,0.0013746503342289265,-0.0006852150397729472
26.0,0.0012670630609999624,-0.0006680645289165331
27.0,0.001162876675951266,-0.0006520587150310545
28.0,0.0010693038034226899,-0.0006384450387914193
29.0,0.0009898767031728494,-0.0006279915734035708
30.0,0.0009250758642574413,-0.0006210990345206847
31.0,0.0008740908026111952,-0.0006178170392380631
32.0,0.0008359412228280099,-0.0006176522280239688
33.0,0.0008095288679670544,-0.0006197867455979566
34.0,0.0007937233631756961,-0.0006231806589541138
35.0,0.0007877043296731387,-0.0006267504778032303
36.0,0.0007903418670189491,-0.0006293048294720543
37.0,0.0008006980828369827,-0.0006298426980101216
38.0,0.000817560468816553,-0.0006278384022292442
39.0,0.0008391989982871092,-0.00062325087160407
40.0,0.000863167526481512,-0.0006164254556471712
41.0,0.0008858032679220259,-0.0006079204306963854
42.0,0.0009039711879588661,-0.0005985424896112182
43.0,0.0009149541251984561,-0.0005891512109694043
44.0,0.000917086400084114,-0.0005806698674589023
45.0,0.0009097347233838356,-0.0005735668690857775
46.0,0.0008930379445424721,-0.0005680847247290151
47.0,0.0008687805996336504,-0.0005644361552615706
48.0,0.0008387576068537542,-0.0005622995763609322
49.0,0.0008054630597349421,-0.0005611612243258289
50.0,0.0007717666713553208,-0.0005604522788555978
51.0,0.0007408350778742704,-0.000559577141479199
52.0,0.0007152889375514511,-0.0005581370145335899
53.0,0.0006964095279344923,-0.0005557911623974932
54.0,0.0006848787537275367,-0.0005524741794778025
55.0,0.0006801359974347278,-0.0005483089332180687
56.0,0.0006805304453706219,-0.0005435840328187398
57.0,0.0006836278547182417,-0.0005387271879983619
58.0,0.0006867110981528623,-0.0005342148664303315
59.0,0.0006873789102639566,-0.0005304948450382059
60.0,0.000684207114171173,-0.0005277609858498416
61.0,0.0006768294065041614,-0.0005260231458810383
62.0,0.0006660608217464018,-0.0005250224589871943
63.0,0.0006530866733442797,-0.0005244266174753186
64.0,0.0006394271415600466,-0.0005238085783879289
65.0,0.000626389842246934,-0.000522835966606758
66.0,0.0006145452570154419,-0.0005213292721612784
67.0,0.00060363116312092,-0.000519254282504503
68.0,0.0005931418773657125,-0.0005166896572445107
69.0,0.0005829719163406554,-0.0005137844191669592
70.0,0.0005734598218049336,-0.0005105945529399324
71.0,0.0005654171639088385,-0.0005070624797361437
72.0,0.0005602906986686872,-0.0005030095272678163
73.0,0.00055911314555091,-0.0004983193533597857
74.0,0.0005624621204376052,-0.0004929157677969033
75.0,0.0005694790615038426,-0.0004868900408642724
76.0,0.0005778904950476964,-0.00048021785640836194
77.0,0.0005848837875431374,-0.0004738231535544787
78.0,0.0005874394376960763,-0.0004680301533788839
79.0,0.0005842864504859151,-0.00046303570596367065
80.0,0.0005720452529908249,-0.00045758438404523455
81.0,0.0005626480731133701,-0.00045496566186303117
82.0,0.0005492324175245874,-0.00045181681110663
83.0,0.0005355308040886286,-0.0004486487941374361
84.0,0.000519842138569761,-0.00044410437880853816
85.0,0.000511723563913938,-0.0004413964284993111
86.0,0.0005037725897098218,-0.0004377081226067047
87.0,0.0004975603162850458,-0.0004337814555069841
88.0,0.0004931472753081686,-0.000429768248157887
89.0,0.000490406287817299,-0.0004258185870504813
90.0,0.0004887447210842375,-0.00042198753271498787
91.0,0.0004877047722332282,-0.0004183931983730725
92.0,0.0004865275674591083,-0.0004150538481354285
93.0,0.0004847438738358524,-0.0004120046477287949
94.0,0.00048193615793862206,-0.00040918629727027775
95.0,0.0004779326445120022,-0.0004065262837195083
96.0,0.0004725570288379622,-0.00040389150155796207
97.0,0.00046593600900316184,-0.0004012008877994316
98.0,0.0004580725906920844,-0.00039832398193388285
99.0,0.0004492998185887868,-0.00039524315465635937
100.0,0.0004397588470860408,-0.00039188735623533956
101.0,0.00042989843872544227,-0.00038831234936268996
102.0,0.0004198789536677517,-0.0003845104788185865
103.0,0.0004100616492214543,-0.00038056897875931076
104.0,0.0004004365256467463,-0.00037647239478438854
105.0,0.0003912204234170996,-0.000372303866883748
106.0,0.0003822622212175622,-0.0003680419740517987
107.0,0.00037362967653478126,-0.000363749392337214
108.0,0.00036508396146176495,-0.0003593998327497066
109.0,0.0003566044503929302,-0.0003550363187891378
110.0,0.0003479837671579842,-0.0003506310181755676
111.0,0.00033920335243011645,-0.00034621286150876264
112.0,0.00033016580391587055,-0.0003417776718437386
113.0,0.00032085549446577723,-0.00033734201716166117
114.0,0.000311288038638215,-0.0003329340401854599
115.0,0.0003015075466396709,-0.0003285732698971857
116.0,0.00029157665560946243,-0.0003242899585337558
117.0,0.000281569426047544,-0.0003201228598593638
118.0,0.0002715491057808367,-0.0003161179334486766
119.0,0.00026158606941034803,-0.000312305713841491
120.0,0.0002517714143738689,-0.0003087353873142668
121.0,0.00024217826480011528,-0.00030543045652394265
122.0,0.00023300888938885436,-0.0003024140058872671
123.0,0.00022441418428338086,-0.00029967087452106866
124.0,0.00021663979953525476,-0.00029720652086678303
125.0,0.00021168660374254307,-0.00029576250445851373
126.0,0.000206647114170779,-0.0002940585879820415
127.0,0.00020215505254312396,-0.00029237781102328946
128.0,0.0001985863312616851,-0.00029088938979877725
129.0,0.00019600145812318008,-0.00028964907819069026
130.0,0.00019440780222600433,-0.000288703114238236
131.0,0.00019366476675186734,-0.0002880512799422708
132.0,0.00019368597233579735,-0.0002877109482714646
133.0,0.0001943553813183741,-0.0002876785890871594
134.0,0.0001955866095957254,-0.0002879599478044197
135.0,0.00019728096335164036,-0.00028854756900513977
136.0,0.0001993901602261612,-0.00028943108091992017
137.0,0.00020189051969785992,-0.0002905909359530794
138.0,0.00020476784179473842,-0.00029200649729938297
139.0,0.00020801541309107524,-0.00029364776607539454
140.0,0.0002116329982970205,-0.00029547808353308665
141.0,0.00021559675229071396,-0.0002974520374310264
142.0,0.0002198758807027062,-0.00029953472889950896
143.0,0.00022442527129046787,-0.0003016927520901182
144.0,0.0002291792047082876,-0.0003038893501690856
145.0,0.0002340492959526116,-0.0003060857853498808
146.0,0.00024001903112818112,-0.0003087320435893866
147.0,0.00024526052785379314,-0.00031100087097224704
148.0,0.00025007764534505357,-0.00031305851908386076
149.0,0.00025455389601104886,-0.0003149604912738802
150.0,0.000258660951217888,-0.0003167052721152923
151.0,0.00026235744389272543,-0.0003182827362554216
152.0,0.00026477344937195826,-0.00031930025068074847
153.0,0.0002672140131824779,-0.00032038086344138007
154.0,0.00026937717910721106,-0.00032137138248335216
155.0,0.0002711040236603737,-0.00032220179056514735
156.0,0.00027235325786738,-0.0003228490044030208
157.0,0.0002731433140209844,-0.00032331986252929606
158.0,0.0002735100381288374,-0.00032362687993999834
159.0,0.0002735116172269805,-0.00032378568591124094
160.0,0.0002731979066848652,-0.00032381192437881624
161.0,0.00027263413468729133,-0.00032372661921898813
162.0,0.00027186659077332555,-0.00032354458100870956
163.0,0.00027095044621574225,-0.00032328803028415986
164.0,0.0002699350700506513,-0.0003229769819703262
165.0,0.0002688590261386412,-0.00032263139956770546
166.0,0.00026775859589476647,-0.00032226839818259466
167.0,0.0002666584420144953,-0.0003219048179944965
168.0,0.0002655802021295672,-0.00032155404740648503
169.0,0.00026444862368491944,-0.0003212263261583552
170.0,0.00026339463015203073,-0.00032093381831560595
171.0,0.00026238096193194067,-0.0003206812994653335
172.0,0.000261395190238819,-0.0003204729591311747
173.0,0.00026043363488798525,-0.0003203125774987476
174.0,0.0002594997389713203,-0.0003201975178605475
175.0,0.0002585868758312841,-0.00032012539008765157
176.0,0.00025770580789477343,-0.0003200906160333241
177.0,0.00025686664808347785,-0.0003200860110442001
178.0,0.00025607975494387747,-0.000320106054271155
179.0,0.00025535186423659403,-0.0003201434771491889
180.0,0.00025468793772820923,-0.00032019247890791806
181.0,0.0002540875823658563,-0.00032024921746273124
182.0,0.0002535409667047325,-0.0003203111072068989
183.0,0.00025304129931937865,-0.00032037689827558075
184.0,0.0002525754209830684,-0.00032044683324716224
185.0,0.00025210579011749327,-0.00032052043919668724
186.0,0.00025164933187761404,-0.00032060347284613376
187.0,0.0002511846241482085,-0.0003206939640640805
188.0,0.0002506983146293075,-0.00032079351968087276
189.0,0.00025023927122569964,-0.0003209324408838082
190.0,0.0002496441629097581,-0.0003210385764075079
191.0,0.00024907623761579286,-0.000321194169989799
192.0,0.0002484519448855842,-0.0003213495280229517
193.0,0.00024778562484829484,-0.0003215114519970082
194.0,0.00024710488949982937,-0.00032167954642434084
195.0,0.0002464281202759703,-0.0003218505087381597
196.0,0.00024577238965138056,-0.00032202061924136604
197.0,0.0002451482692555683,-0.0003221860286351217
198.0,0.0002445603176840559,-0.00032234396337283273
199.0,0.00024400153991600875,-0.00032249385172700374
200.0,0.00024347195030605858,-0.00032263280305858626
201.0,0.000242947028690278,-0.00032276230007622356
202.0,0.00024241634650271765,-0.00032288102010225185
203.0,0.0002418661093759281,-0.00032298888884400547
204.0,0.00024128085997267732,-0.00032308549513678663
205.0,0.00024064833245240032,-0.00032317078341717327
206.0,0.00023996100020984165,-0.0003232439402348179
207.0,0.00023920838107332072,-0.000323305272888047
208.0,0.00023839562903537438,-0.0003233535546807878
209.0,0.00023751944988046887,-0.0003233882526388932
210.0,0.00023658629686771197,-0.00032341335572123804
211.0,0.0002355918532628378,-0.0003234155651014013
212.0,0.0002345652609482366,-0.00032341196668193395
213.0,0.0002334980940507382,-0.0003233897396483258
214.0,0.0002324060999657134,-0.0003233542201932352
215.0,0.00023129661828426762,-0.0003233061372541893
216.0,0.0002301800787841688,-0.000323246651327478
217.0,0.00022905849001039316,-0.00032317803140312806
218.0,0.0002279368952858986,-0.00032310183358066994
219.0,0.00022685298767616946,-0.00032301282914093057
220.0,0.00022581564617600643,-0.000322936898684202
221.0,0.00022479506166388148,-0.000322862596492397
222.0,0.00022378783107733597,-0.00032278899532923425
223.0,0.00022279266566207887,-0.000322717272292975
224.0,0.000221814092811767,-0.000322648102422546
225.0,0.00022085563241605266,-0.00032258236994633655
226.0,0.00021991918018285278,-0.0003225209543757412
227.0,0.00021900946235244666,-0.00032246440676672025
228.0,0.00021812623338871343,-0.00032241363777670625
229.0,0.00021727248774464707,-0.0003223690994278949
230.0,0.00021645180937865025,-0.000322330462617421
231.0,0.0002156626503057758,-0.00032229903312038465
232.0,0.00021490510233852314,-0.00032227473121032764
233.0,0.00021418458134047055,-0.0003222568821257935
234.0,0.00021349930889394742,-0.00032224584889038813
235.0,0.00021284839429258666,-0.0003222421357600858
236.0,0.00021223212995905106,-0.00032224501222502804
237.0,0.00021165092830574824,-0.0003222545032344166
238.0,0.0002111018517563404,-0.00032227072592695146
239.0,0.00021058587060313424,-0.0003222934205442129
240.0,0.00021010125810316243,-0.00032232206047074733
241.0,0.0002096449916655945,-0.00032235696935250434
242.0,0.00020921507088335792,-0.00032239730892866985
243.0,0.00020881678421159195,-0.0003224420881679224
244.0,0.00020843866848683788,-0.00032249221874508554
245.0,0.00020808628348352053,-0.0003225465153996475
246.0,0.00020775477307017126,-0.00032260464574534494
247.0,0.00020744246675979147,-0.0003226663550644682
248.0,0.00020712736980854082,-0.00032273815979260004
249.0,0.0002068342037195717,-0.00032281031702358987
250.0,0.0002065568008978413,-0.00032288293251985645
251.0,0.00020629444972012457,-0.00032295607601892813
252.0,0.00020604359408999423,-0.00032302941999027125
253.0,0.00020580437593800793,-0.00032310232777834686
254.0,0.00020557378742205407,-0.0003231740979614298
255.0,0.0002053814555361937,-0.0003232509727188616
256.0,0.00020517122771045664,-0.00032332023891771996
257.0,0.00020495620554614687,-0.0003233855289213357
258.0,0.0002047416703752749,-0.00032344718651537577
259.0,0.0002045259513660156,-0.00032350538264465026
260.0,0.0002043098241216746,-0.00032355946032892256
261.0,0.00020409041604106532,-0.0003236096840204845
262.0,0.00020386582692367503,-0.00032365578431882446
263.0,0.0002036377156900389,-0.0003236976526174535
264.0,0.00020340395829803173,-0.000323735193420353
265.0,0.0002031655576309837,-0.00032376849075477026
266.0,0.00020292336650376373,-0.0003237974531480058
267.0,0.00020267229347534902,-0.00032382306524956464
268.0,0.00020241528559987793,-0.00032384486308290706
269.0,0.00020215435171789227,-0.0003238627758931136
270.0,0.00020188924805681193,-0.00032387695751432766
271.0,0.00020161842531149724,-0.00032388806078785423
272.0,0.00020134299743879678,-0.0003238958252153528
273.0,0.0002010635355796489,-0.00032390068184689103
274.0,0.0002007700346642185,-0.0003239022979724903
275.0,0.0002004867005323657,-0.0003239017061977677
276.0,0.00020019305339082555,-0.00032389787292283755
277.0,0.0001998976312503226,-0.0003238914492548158
278.0,0.00019960211214462817,-0.00032388309855575494
279.0,0.00019930082949179453,-0.00032387291229835487
280.0,0.00019899932164759918,-0.0003238604416050829
281.0,0.00019869642728589452,-0.00032384612231236887
282.0,0.00019838970893703696,-0.0003238300448523989
283.0,0.0001980826518898099,-0.0003238123551514135
284.0,0.00019777304466395831,-0.00032379300388907185
285.0,0.0001974633734678783,-0.0003237721953297392
286.0,0.000197152993958907,-0.0003237498119878779
287.0,0.0001968396835435262,-0.0003237263181868655
288.0,0.00019653079917238895,-0.00032370132239302576
289.0,0.00019621919255423978,-0.0003236749062751088
290.0,0.00019590669815582195,-0.0003236475163290272
291.0,0.00019559367309908838,-0.00032361946248907485
292.0,0.00019528837200655317,-0.00032358749245682615
293.0,0.00019499089425719268,-0.0003235637488863239
294.0,0.00019469011051893902,-0.0003235307713595176
295.0,0.00019439954192863252,-0.0003235025781832436
296.0,0.00019411255863662565,-0.00032347453234368414
297.0,0.00019382777225349418,-0.0003234464424788414
298.0,0.00019354254479795295,-0.0003234177705738582
299.0,0.00019326113604879416,-0.000323388761033799
300.0,0.00019297764639037026,-0.0003233593135069155
301.0,0.00019269422643614567,-0.000323329684953802
302.0,0.00019241363417685461,-0.00032329969145791326
303.0,0.0001921351844226809,-0.000323269620871534
304.0,0.00019185615049312988,-0.00032323944045317205
305.0,0.00019158171132646734,-0.0003232090607417872
306.0,0.0001913089272971014,-0.00032317852865297803
307.0,0.00019103875185995682,-0.0003231481804575916
308.0,0.0001907711319216159,-0.0003231178597780072
309.0,0.00019050771451102809,-0.0003230878078746262
310.0,0.00019024493721651634,-0.0003230577907243968
311.0,0.00018998833283722662,-0.0003230281863343195
312.0,0.00018973168863541058,-0.0003229991067792617
313.0,0.00018948158153478517,-0.0003229708161184321
314.0,0.00018923287161173183,-0.0003229423924106072
315.0,0.00018899111559635056,-0.00032291459867591233
316.0,0.0001887498204661204,-0.00032288710275930936
317.0,0.00018851981070684283,-0.0003228600132210422
318.0,0.00018828791833320048,-0.00032283343406621794
319.0,0.00018806312560073072,-0.00032280783241603935
320.0,0.0001878407253035731,-0.00032278266923825805
321.0,0.00018762416708531057,-0.000322758153074906
322.0,0.00018741167882381794,-0.000322734227645763
323.0,0.00018720412507776697,-0.0003227109478668205
324.0,0.000187000255949879,-0.00032268809899921026
325.0,0.00018680161629210684,-0.0003226659525938387
326.0,0.0001866078518100742,-0.00032264418595277935
327.0,0.0001864160610356964,-0.00032262314191367587
328.0,0.00018623400089857824,-0.00032260261403864584
329.0,0.00018605398419301863,-0.0003225820381381362
330.0,0.00018587651335082706,-0.00032256222236743683
331.0,0.0001857039426103997,-0.000322543358527873
332.0,0.0001855358292244555,-0.00032252500333756275
333.0,0.00018537213061185678,-0.00032250711871371126
334.0,0.0001852123493851119,-0.00032248958814192684
335.0,0.00018505732401431045,-0.00032247265598102907
336.0,0.00018490574161716361,-0.0003224560338700377
337.0,0.0001847559443568766,-0.0003224399559013722
338.0,0.00018461367257869608,-0.0003224242890742822
339.0,0.00018447222635439224,-0.00032240934420171743
340.0,0.00018433181547636377,-0.0003223948736414601
341.0,0.00018420037088348303,-0.0003223805237807712
342.0,0.00018409945599099018,-0.00032237376853577434
343.0,0.00018395488386585814,-0.00032235464105320706
344.0,0.00018382613362845745,-0.00032233952999907186
345.0,0.0001837327455678203,-0.00032233282893014565
346.0,0.0001835983738813252,-0.0003223149010209317
347.0,0.0001835072119117314,-0.0003223072701260015
348.0,0.0001834047193398099,-0.00032229590563733645
349.0,0.00018327785374632385,-0.0003222773236382014
350.0,0.00018319077616694903,-0.00032226949886091864
351.0,0.0001830981281826432,-0.0003222590559435169
352.0,0.00018297477610444677,-0.00032224155020532186
353.0,0.0001828983455730459,-0.0003222343075144247
354.0,0.00018278613711258368,-0.0003222182906123415
355.0,0.0001826908262997855,-0.0003222062334653875
356.0,0.00018262312300014832,-0.0003222005396829162
357.0,0.0001825372337714609,-0.0003221904867731043
358.0,0.00018245257608543404,-0.0003221796354425847
359.0,0.00018237616785937694,-0.0003221691192499087
360.0,0.00018229458591671136,-0.0003221581376008514
361.0,0.0001822132038058867,-0.00032214756239949753
362.0,0.0001821399285840823,-0.0003221372683217742
363.0,0.00018206420073012364,-0.00032212676903166224
364.0,0.00018199021944172581,-0.0003221165512582637
365.0,0.000181920837073838,-0.00032210668115511604
366.0,0.00018185000666155396,-0.0003220963590991403
367.0,0.00018178346226442723,-0.0003220863090796438
368.0,0.00018171564490605997,-0.00032207646797213947
369.0,0.00018164762727250345,-0.00032206683866694283
370.0,0.00018158815119645753,-0.0003220575983288224
371.0,0.00018152017344454045,-0.0003220473604157067
372.0,0.00018146122759331418,-0.00032203785786817933
373.0,0.00018140280232161978,-0.000322028615587767
374.0,0.0001813423288893187,-0.0003220194401083227
375.0,0.00018128462454131063,-0.0003220097797495781
376.0,0.0001812298797498621,-0.0003220001164311506
377.0,0.00018117383460810243,-0.0003219908533404679
378.0,0.00018111835191765512,-0.00032198162509542696
379.0,0.00018107010941963237,-0.000321973087520138
380.0,0.00018101589764117146,-0.0003219637758027901
381.0,0.00018095970453931774,-0.00032195457458797806
382.0,0.0001809154546781276,-0.00032194657394078795
383.0,0.0001808655401955743,-0.0003219376332474388
384.0,0.00018081652617305,-0.0003219288986682567
385.0,0.00018076973618246265,-0.00032192043307338077
386.0,0.0001807247761857273,-0.0003219120715992244
387.0,0.00018067886846803794,-0.0003219034002601418
388.0,0.00018063644776326415,-0.00032189469167067514
389.0,0.0001805946635785194,-0.00032188644941624566
390.0,0.0001805553720060901,-0.00032187844019059957
391.0,0.00018051463324640456,-0.0003218700355235709
392.0,0.00018047803784225708,-0.00032186210250975954
393.0,0.0001804406304506898,-0.0003218544451164184
394.0,0.00018040070976707359,-0.00032184648532672573
395.0,0.00018036696792969394,-0.000321838661081261
396.0,0.00018033433719202974,-0.0003218312065418112
397.0,0.00018030147783444392,-0.00032182366795199146
398.0,0.0001802696749462152,-0.000321816178127572
399.0,0.00018023903185704568,-0.00032180874081440156
400.0,0.000180209019002212,-0.0003218009328471928
401.0,0.0001801809361014856,-0.000321793986980119
402.0,0.0001801566818874037,-0.00032178765217195183
403.0,0.0001801298630119873,-0.00032178043690436655
404.0,0.00018010415354171075,-0.0003217735945799493
405.0,0.00018007962713149898,-0.0003217673073810563
406.0,0.00018005618101322435,-0.0003217609428373249
407.0,0.0001800337286453057,-0.0003217548799500243
408.0,0.00018001320906892322,-0.0003217484489521628
409.0,0.00017999380721292355,-0.000321742361994316
410.0,0.00017997527324563372,-0.00032173656459982055
411.0,0.00017995743616270216,-0.00032173079310255054
412.0,0.00017994282908862343,-0.000321725253177345
413.0,0.00017992607106610606,-0.0003217199600388239
414.0,0.0001799099443912213,-0.00032171467961769027
415.0,0.00017989560962164647,-0.00032171014203071977
416.0,0.00017988377663677012,-0.00032170502762929884
417.0,0.00017987266628986004,-0.00032170016856989574
418.0,0.0001798623065315613,-0.0003216955998600098
419.0,0.0001798528258737574,-0.0003216911704402003
420.0,0.00017984419472048867,-0.0003216869819801996
421.0,0.00017983598281704293,-0.00032168276392336977
422.0,0.0001798286502308401,-0.00032167876615481347
423.0,0.00017982273352165385,-0.00032167487290005956
424.0,0.00017981660475406677,-0.00032167130033157254
425.0,0.0001798127911117067,-0.0003216676652629068
426.0,0.00017980890153856724,-0.0003216638363118884
427.0,0.0001798062856754343,-0.0003216605398031995
428.0,0.00017980372775299345,-0.0003216573215642498
429.0,0.00017980316053322422,-0.00032165427052426157
430.0,0.00017980167117862193,-0.00032165134446150825
431.0,0.00017980160385865107,-0.0003216485072586096
432.0,0.0001798019213157126,-0.0003216459314789522
433.0,0.0001798030332824202,-0.0003216436175156189
434.0,0.00017980485621225644,-0.00032164131162204604
435.0,0.00017980707754469515,-0.00032163917482348146
436.0,0.0001798080113346614,-0.0003216376425632719
437.0,0.00017981276645169102,-0.00032163536254380197
438.0,0.00017981794263134546,-0.0003216331348968458
439.0,0.0001798234937358486,-0.0003216312791525442
440.0,0.0001798285622409879,-0.0003216297120698155
441.0,0.00017983435336438918,-0.00032162820420386743
442.0,0.000179841607625732,-0.0003216264728587378
443.0,0.00017984984124339048,-0.00032162490288569384
444.0,0.0001798584498942718,-0.0003216233247041543
445.0,0.00017986641316801094,-0.0003216221534558912
446.0,0.00017987451756442869,-0.0003216210570089889
447.0,0.0001798824589761723,-0.0003216202805546778
448.0,0.00017989089370645562,-0.0003216195146211144
449.0,0.00017989892382726082,-0.00032161904643627555
450.0,0.0001799097469928697,-0.0003216180642608802
451.0,0.00017992129697377073,-0.0003216172938877926
452.0,0.00017993181007145583,-0.0003216166408152624
453.0,0.00017994335143169617,-0.00032161608846444095
454.0,0.0001799554149773743,-0.0003216153985577322
455.0,0.00017996726915429773,-0.00032161503782325606
456.0,0.00017997915554786163,-0.0003216147025466774
457.0,0.00017999150289554197,-0.0003216144328918181
458.0,0.00018000485948121097,-0.00032161399490499373
459.0,0.0001800191939552203,-0.00032161355941540186
460.0,0.00018003212952752542,-0.00032161309772799177
461.0,0.00018004317769730447,-0.00032161351000257094
462.0,0.00018005900515151964,-0.0003216131474414155
463.0,0.0001800752266733764,-0.00032161291804286816
464.0,0.0001800888068149446,-0.00032161286446798313
465.0,0.00018010299617614092,-0.0003216128883304265
466.0,0.0001801180598792274,-0.00032161289230750044
467.0,0.0001801331188631179,-0.0003216129863236776
468.0,0.00018014756683428285,-0.0003216131465165146
469.0,0.00018016276122658542,-0.00032161342659963165
470.0,0.00018017720065590715,-0.000321613770755259
471.0,0.00018019206020204403,-0.0003216142535072872
472.0,0.0001802076352039054,-0.00032161467299609344
473.0,0.0001802240160454239,-0.00032161487652053797
474.0,0.00018023884041926518,-0.0003216151950332877
475.0,0.0001802552949157087,-0.00032161648200977676
476.0,0.00018026817978867676,-0.0003216169297080606
477.0,0.000180288820162683,-0.000321617692728186
478.0,0.0001803007622604933,-0.0003216183762068335
479.0,0.00018031725054007451,-0.0003216191904433467
480.0,0.00018033452548696363,-0.00032161990580795293
481.0,0.00018035184390168698,-0.0003216207353978211
482.0,0.00018036770786809472,-0.000321621697734092
483.0,0.00018038398654246884,-0.0003216225816156434
484.0,0.00018039958361322153,-0.000321623091860351
485.0,0.00018042147597316938,-0.0003216244697083542
486.0,0.00018043429878723263,-0.000321625384620331
487.0,0.00018045104616939167,-0.00032162665857883983
488.0,0.00018046808416141184,-0.00032162783891425436
489.0,0.00018048729882592213,-0.0003216293191719104
490.0,0.00018049814820819172,-0.0003216306899212991
491.0,0.00018051977496312056,-0.00032163213646631706
492.0,0.0001805336728770202,-0.0003216333235766307
493.0,0.0001805507722284401,-0.00032163491942377757
494.0,0.0001805684110361757,-0.00032163654805866153
495.0,0.00018058942583256936,-0.000321638281253593
496.0,0.00018060277920642652,-0.00032163914388554614
497.0,0.0001806241321593195,-0.00032164124616218434
498.0,0.00018063808473313403,-0.0003216427482243793
499.0,0.00018065631713493456,-0.00032164468223842005
500.0,0.00018067347221030516,-0.00032164660931570415
501.0,0.00018069356056646152,-0.00032164855123764766
502.0,0.00018070686226561545,-0.0003216501183897439
503.0,0.0001807262968899779,-0.00032165248301452434
504.0,0.00018074078467381698,-0.00032165392139729183
505.0,0.00018075861022969373,-0.00032165599444706144
506.0,0.0001807761665845044,-0.00032165812199661697
507.0,0.00018079192622613946,-0.00032166043219097906
508.0,0.0001808071231800098,-0.00032166247802553947
509.0,0.0001808258425062828,-0.0003216645470519902
510.0,0.00018083868066019602,-0.00032166673927524163
511.0,0.00018086028882405427,-0.00032166941589222036
512.0,0.0001808722319267873,-0.0003216713520104108
513.0,0.0001808883869069957,-0.0003216736953855929
514.0,0.0001809061704039004,-0.0003216765849610053
515.0,0.00018091601442994163,-0.0003216790805286316
516.0,0.000180934557973554,-0.0003216818280161424
517.0,0.00018094753015657355,-0.00032168400053900453
518.0,0.00018096269602680448,-0.0003216867080476735
519.0,0.0001809793474782513,-0.0003216895462910857
520.0,0.00018099425394048674,-0.00032169190037199585
521.0,0.00018100973791802333,-0.00032169407354228855
522.0,0.00018102424772149285,-0.0003216968317124048
523.0,0.0001810400839244471,-0.0003216996326129429
524.0,0.00018105468397391886,-0.0003217021886459659
525.0,0.0001810689653939192,-0.00032170472097840325
526.0,0.00018108369505871906,-0.0003217071786250924
527.0,0.00018109827969937556,-0.0003217097205996217
528.0,0.00018111281518748786,-0.0003217122311043976
529.0,0.00018112857007051826,-0.0003217147496095664
530.0,0.00018114287758895314,-0.0003217166884793369
531.0,0.00018115585562416978,-0.0003217196146808254
532.0,0.0001811721491753412,-0.00032172231529898265
533.0,0.0001811865065556775,-0.00032172487965611386
534.0,0.0001811995924624529,-0.00032172745606007935
535.0,0.00018121333888917673,-0.0003217301453482006
536.0,0.00018122693217355792,-0.00032173284844046776
537.0,0.00018123979452443415,-0.00032173561072639304
538.0,0.00018125468804090026,-0.0003217382062064398
539.0,0.00018126800682374063,-0.00032174097598406233
540.0,0.0001812807520617098,-0.00032174372862789563
541.0,0.00018129343684668015,-0.00032174658832900886
542.0,0.00018130647280288444,-0.0003217490848446586
543.0,0.00018131927378450875,-0.0003217512311928251
544.0,0.0001813325879368228,-0.00032175377887861745
545.0,0.00018134477903872261,-0.0003217568156288867
546.0,0.00018135802384151595,-0.00032175970034856947
547.0,0.00018137027196785474,-0.00032176227518020345
548.0,0.0001813810169957951,-0.0003217648746142016
549.0,0.00018139289934996375,-0.00032176765900525844
550.0,0.0001814037819439444,-0.0003217704395117316
551.0,0.00018141638507401664,-0.00032177299582222493
552.0,0.0001814287040868168,-0.00032177567738742355
553.0,0.00018144033629404258,-0.00032177788572707326
554.0,0.00018145116101629647,-0.00032178079657520665
555.0,0.00018146315665087273,-0.00032178384130274624
556.0,0.00018147419982559467,-0.0003217866115659418
557.0,0.00018148460118966496,-0.0003217893088082108
558.0,0.00018149498706610255,-0.00032179189411434754
559.0,0.0001815058234336375,-0.00032179464826114477
560.0,0.0001815163127284469,-0.00032179728947754135
561.0,0.00018152656015214764,-0.0003217999916911527
562.0,0.00018153679069905784,-0.0003218028064189593
563.0,0.0001815467296902973,-0.0003218055718495477
564.0,0.00018155568594592207,-0.00032180815109758353
565.0,0.00018156619807809316,-0.00032181100374632733
566.0,0.0001815736054916308,-0.00032181209267840975
567.0,0.000181582015108698,-0.00032181464984443637
568.0,0.00018159182109545816,-0.0003218174311370752
569.0,0.00018160098358684332,-0.0003218199840023127
570.0,0.0001816096097647593,-0.0003218224475452451
571.0,0.00018161814391342781,-0.00032182547537022065
572.0,0.0001816252391900831,-0.00032182711552012093
573.0,0.00018163371806800135,-0.0003218297235556975
574.0,0.00018164078743341364,-0.0003218319635269582
575.0,0.00018164693735363903,-0.0003218339997194267
576.0,0.0001816512136348389,-0.0003218353186281195
577.0,0.00018165927032698343,-0.00032183695087011706
578.0,0.00018166925934761145,-0.00032183893179975635
579.0,0.00018167498500325235,-0.0003218409121050876
580.0,0.00018168191817207786,-0.0003218431610016421
581.0,0.0001816898220371496,-0.0003218457998826638
582.0,0.0001816962280451846,-0.0003218479372592915
583.0,0.00018170217679367204,-0.0003218496485340715
584.0,0.0001817077464695414,-0.00032185120303814777
585.0,0.00018171215539068976,-0.0003218528119726424
586.0,0.00018171839099535636,-0.00032185410801316037
587.0,0.00018172485105247084,-0.00032185552107676557
588.0,0.00018173053477721812,-0.0003218569204055922
589.0,0.00018173579001079412,-0.00032185812208309516
590.0,0.00018173862899633015,-0.0003218595348229851
591.0,0.00018174464401060484,-0.000321861624081643
592.0,0.00018175014599212036,-0.00032186360952017433
593.0,0.00018175459876533813,-0.0003218651526248469
594.0,0.00018176016129837436,-0.00032186651514261755
595.0,0.0001817647310367164,-0.0003218678936380513
596.0,0.00018176907346547733,-0.0003218692759487013
597.0,0.00018177280278299751,-0.0003218706847346398
598.0,0.00018177828040991508,-0.00032187183177362165
599.0,0.0001817830104531373,-0.0003218730379137715
600.0,0.0001817877024767828,-0.0003218741538298379
601.0,0.0001817929559172614,-0.00032187508011809586
602.0,0.00018179627039873687,-0.00032187646159633507
603.0,0.0001817999294701877,-0.00032187805964012156
604.0,0.00018180532904810633,-0.0003218789903216588
605.0,0.00018181024674587053,-0.00032187990967316005
606.0,0.00018181454993338396,-0.00032188095365505843
607.0,0.00018181877749553569,-0.00032188218714915257
608.0,0.00018182265052685883,-0.00032188329333063693
609.0,0.00018182631929285835,-0.00032188437874809586
610.0,0.00018182931598229802,-0.0003218856444749866
611.0,0.000181834249709565,-0.0003218863215718178
612.0,0.00018183940671687003,-0.00032188685200248784
613.0,0.00018184193164434787,-0.00032188823429001533
614.0,0.00018184482436369348,-0.00032188953023804315
615.0,0.00018184772710270995,-0.00032189062518198146
616.0,0.00018185069146713507,-0.0003218916304798994
617.0,0.00018185313175450316,-0.00032189276415406316
618.0,0.00018185684261888343,-0.00032189357811310607
619.0,0.00018185929452197602,-0.0003218947516273764
620.0,0.00018186023779959517,-0.0003218960839702549
621.0,0.0001818639211468265,-0.0003218968896051897
622.0,0.00018186751226776667,-0.0003218977807472132
623.0,0.0001818706511833295,-0.0003218987513382247
624.0,0.00018187416985131113,-0.00032189940496569537
625.0,0.00018187598515555727,-0.0003219005319805726
626.0,0.00018187804058707546,-0.0003219016220456587
627.0,0.00018188078835124305,-0.00032190255127047707
628.0,0.00018188351679527853,-0.00032190339336963
629.0,0.00018188657085398363,-0.0003219041705407394
630.0,0.000181889649336252,-0.0003219048870614717
631.0,0.0001818924121545562,-0.0003219057614165438
632.0,0.00018189528302175851,-0.0003219066049030481
633.0,0.00018189789416569544,-0.00032190756291540723
634.0,0.00018189947569732792,-0.0003219088048954672
635.0,0.00018190113802671852,-0.0003219097341665306
636.0,0.00018190582090753764,-0.0003219099269621246
637.0,0.0001819081744464287,-0.00032191057305165296
638.0,0.0001819105657388875,-0.0003219114491640367
639.0,0.00018191336350288712,-0.0003219124207955617
640.0,0.00018191635716770645,-0.00032191334315299084
641.0,0.00018191744918374215,-0.00032191387670520133
642.0,0.0001819199260719725,-0.00032191459052059853
643.0,0.00018192180080459037,-0.0003219151593809012
644.0,0.00018192396245250052,-0.0003219161158440513
645.0,0.0001819257244465809,-0.0003219172003366093
646.0,0.0001819288564163543,-0.00032191743676440363
647.0,0.00018193229522253524,-0.0003219176718973366
648.0,0.00018193551556639598,-0.00032191781534946726
649.0,0.00018193638309057502,-0.0003219186733569158
650.0,0.0001819383699114863,-0.0003219197728791136
651.0,0.00018194034843685894,-0.0003219204030372238
652.0,0.00018194234294247348,-0.000321920857741632
653.0,0.00018194449793030744,-0.00032192132837745833
654.0,0.000181946605795147,-0.00032192179901328476
655.0,0.00018194811590830024,-0.0003219224575889753
656.0,0.00018195148665559654,-0.00032192258610395626
657.0,0.00018195502043682788,-0.0003219227605865123
658.0,0.00018195694204613556,-0.0003219232075911205
659.0,0.0001819585782573873,-0.00032192374525914005
660.0,0.0001819610436678237,-0.00032192431795778143
661.0,0.00018196233289501955,-0.00032192475088077327
662.0,0.00018196325057666553,-0.0003219255120279744
663.0,0.0001819644223461279,-0.0003219261954372544
664.0,0.00018196493355623309,-0.00032192658167587294
665.0,0.00018196550831292278,-0.000321926984655198
666.0,0.00018196829855970633,-0.00032192693720778143
667.0,0.00018197069378318639,-0.00032192713684764217
668.0,0.0001819717722130608,-0.0003219276464449192
669.0,0.00018197333697627673,-0.0003219280431117955
670.0,0.00018197587107613756,-0.00032192807763372185
671.0,0.00018197684173297505,-0.0003219285631835753
672.0,0.0001819781907038125,-0.0003219289712036103
673.0,0.00018197945904437898,-0.00032192948336748735
674.0,0.00018198106508824437,-0.00032192980851640106
675.0,0.00018198412461491138,-0.0003219297822723378
676.0,0.00018198662102031756,-0.00032192980918695425
677.0,0.000181988186295847,-0.0003219300424238403
678.0,0.00018198960112853217,-0.0003219303280101178
679.0,0.00018199103675917697,-0.0003219306849756227
680.0,0.0001819923379764803,-0.0003219309808976678
681.0,0.00018199466061892344,-0.0003219310720466522
682.0,0.00018199677529162191,-0.0003219310334551618
683.0,0.00018199778900250196,-0.000321931350881153
684.0,0.00018199803720856463,-0.000321931870120522
685.0,0.0001819973705014449,-0.0003219326400080366
686.0,0.00018199968053309298,-0.00032193266331553947
687.0,0.00018200250344971744,-0.0003219326559394548
688.0,0.0001820040387351999,-0.00032193281529988097
689.0,0.00018200526785422326,-0.00032193299211781177
690.0,0.00018200724345349733,-0.000321932914310523
691.0,0.00018200745152176383,-0.00032193339666946837
692.0,0.00018200793515560698,-0.00032193394134361227
693.0,0.0001820090448957211,-0.0003219341641753632
694.0,0.0001820101492959516,-0.000321934272643117
695.0,0.00018201115235662112,-0.0003219344412525523
696.0,0.0001820123032493063,-0.00032193449276953276
697.0,0.00018201336741321882,-0.00032193463950506166
698.0,0.0001820139938446118,-0.00032193483371112955
699.0,0.00018201427044466778,-0.0003219351578426523
700.0,0.0001820165166144614,-0.00032193491521802193
701.0,0.00018201904991629536,-0.0003219345608422396
702.0,0.00018201873033116213,-0.00032193484291389353
703.0,0.00018201810979137498,-0.0003219353108675073
704.0,0.00018201776288613648,-0.00032193560008402075
705.0,0.00018201784716171543,-0.000321935867033545
706.0,0.00018201763293583417,-0.000321936182332264
707.0,0.00018201777809790805,-0.00032193642590491777
708.0,0.00018201799142724063,-0.00032193661969478023
709.0,0.00018201723425737064,-0.00032193707999483894
710.0,0.0001820158051390192,-0.0003219376218711576
711.0,0.00018201671449557,-0.0003219377003027545
712.0,0.00018201794528946457,-0.0003219376232353865
713.0,0.00018201668266316464,-0.00032193825591385165
714.0,0.00018201588639982992,-0.00032193873408762036
715.0,0.00018201601438954773,-0.00032193912185232547
716.0,0.0001820164443092856,-0.00032193935212952875
717.0,0.00018201624846757904,-0.000321939796752517
718.0,0.00018201606528592845,-0.0003219402481504045
719.0,0.00018201810958447912,-0.00032194023369882787
720.0,0.00018201996307578907,-0.0003219402105763052
721.0,0.0001820211921652559,-0.00032194037488495126
722.0,0.00018202210214249428,-0.0003219405775307399
723.0,0.00018202377403835518,-0.00032194067651825943
724.0,0.00018202578865227653,-0.0003219405688135489
725.0,0.00018202607330156654,-0.00032194091942036005
726.0,0.0001820266118120726,-0.0003219411730513112
727.0,0.0001820272781349572,-0.0003219414523482625
728.0,0.00018202739277496614,-0.000321941731922684
729.0,0.00018202958359519203,-0.00032194149766840693
730.0,0.0001820313798354628,-0.0003219413303769554
731.0,0.00018203210571479753,-0.0003219414849278969
732.0,0.00018203283032320057,-0.00032194158502529753
733.0,0.00018203407123528774,-0.0003219415226638539
734.0,0.00018203358124678615,-0.00032194183840190087
735.0,0.00018203337951347374,-0.00032194212778027207
736.0,0.00018203350524704145,-0.0003219422703768693
737.0,0.00018203386563991937,-0.0003219424165112126
738.0,0.00018203476964673447,-0.0003219423713298033
739.0,0.00018203569061900983,-0.000321942432720101
740.0,0.00018203570356477915,-0.0003219426093761741
741.0,0.00018203580046100533,-0.00032194276075933
742.0,0.00018203672264509928,-0.0003219426358977076
743.0,0.00018203707972764345,-0.0003219427306075605
744.0,0.00018203752020892226,-0.0003219427512790957
745.0,0.00018203831051168587,-0.00032194273100064335
746.0,0.00018203880971197917,-0.0003219427236708037
747.0,0.00018204001006262628,-0.00032194269280223596
748.0,0.00018204103239416702,-0.00032194263115759047
749.0,0.00018204197390824528,-0.00032194263633703556
750.0,0.00018204271941312986,-0.0003219426521990861
751.0,0.00018204398176356867,-0.00032194265085797985
752.0,0.0001820449318391945,-0.00032194263340047516
753.0,0.00018204660740006774,-0.0003219425242390457
754.0,0.00018204728000864546,-0.0003219425591540549
755.0,0.0001820471459992435,-0.0003219428382429035
756.0,0.00018204932781457352,-0.0003219424860868833
757.0,0.000182050558549355,-0.0003219424254133838
758.0,0.00018205134228071215,-0.00032194231370847676
759.0,0.0001820528563248866,-0.00032194212114410807
760.0,0.00018205249362659778,-0.0003219422996731056
761.0,0.00018205174410202226,-0.0003219425708540514
762.0,0.00018205139927559454,-0.00032194268424690255
763.0,0.00018205161575762587,-0.00032194275860893546
764.0,0.00018205180694910177,-0.00032194279042552666
765.0,0.0001820524161687299,-0.00032194271442179465
766.0,0.00018205270327121363,-0.00032194266417655287
767.0,0.00018205243425733908,-0.0003219428036747321
768.0,0.00018205410618275656,-0.00032194242189876037
769.0,0.00018205516581466457,-0.00032194228612330726
770.0,0.00018205587060047412,-0.00032194229252824607
771.0,0.000182056086520931,-0.0003219424478653533
772.0,0.00018205742994498904,-0.00032194235949107165
773.0,0.00018205901313178837,-0.00032194215918065783
774.0,0.0001820595774057547,-0.0003219421403358019
775.0,0.00018206068312617786,-0.00032194204782258864
776.0,0.00018206168866959766,-0.0003219419622230098
777.0,0.00018206215637245988,-0.0003219420824138826
778.0,0.00018206230489412837,-0.0003219421792741301
779.0,0.0001820624850413064,-0.00032194230392764973
780.0,0.00018206228576118775,-0.00032194241440706306
781.0,0.00018206243115971403,-0.00032194248028313014
782.0,0.0001820619594371609,-0.00032194268147219977
783.0,0.00018206097236658545,-0.00032194312151692867
784.0,0.00018206199935820905,-0.0003219430434784147
785.0,0.00018206385258351003,-0.00032194275879391564
786.0,0.0001820633115705493,-0.0003219430335126074
787.0,0.00018206276955266585,-0.0003219433882352276
788.0,0.00018206281247862998,-0.00032194358769010816
789.0,0.0001820634889000028,-0.00032194371188117737
790.0,0.0001820637744556937,-0.0003219438559344936
791.0,0.00018206532404654678,-0.0003219437748900517
792.0,0.00018206612966945596,-0.00032194383172521235
793.0,0.0001820657874637091,-0.0003219441727824217
794.0,0.00018206789666844566,-0.00032194386331057834
795.0,0.0001820703230642348,-0.0003219435628565188
796.0,0.0001820722576981293,-0.0003219433732287104
797.0,0.00018207402105181104,-0.0003219431914856823
798.0,0.00018207387205723772,-0.0003219434471745379
799.0,0.0001820741402632332,-0.000321943645149577
800.0,0.00018207498489093745,-0.0003219436561790203
801.0,0.00018207609076899552,-0.0003219435821407027
802.0,0.00018207668402808616,-0.00032194362524108497
803.0,0.00018207724345477812,-0.0003219437194653648
804.0,0.00018207753983801885,-0.0003219437759999327
805.0,0.0001820776009314097,-0.00032194393066648685
806.0,0.00018207739323752614,-0.00032194411305694565
807.0,0.0001820775357198061,-0.00032194419245968844
808.0,0.00018207841756906015,-0.00032194404301882446
809.0,0.00018207857601187764,-0.00032194409102118154
810.0,0.0001820759034986887,-0.00032194475549311534
811.0,0.0001820758388092509,-0.0003219448677067179
812.0,0.00018207610195122398,-0.0003219448792448567
813.0,0.00018207605649324862,-0.00032194498482229517
814.0,0.0001820760219219362,-0.00032194500651122143
815.0,0.0001820756658541669,-0.00032194515789437734
816.0,0.00018207558315493736,-0.0003219452180591813
817.0,0.00018207624194090146,-0.000321945162611372
818.0,0.00018207522901819608,-0.0003219454551575287
819.0,0.00018207451798610212,-0.0003219457168119952
820.0,0.00018207391359404397,-0.0003219458666228196
821.0,0.00018207335565503173,-0.00032194602524332505
822.0,0.00018207306456241362,-0.0003219461031431039
823.0,0.0001820727380610475,-0.0003219462911292132
824.0,0.0001820730851239209,-0.00032194625010985794
825.0,0.00018207318897578873,-0.00032194637756120293
826.0,0.00018207303758713478,-0.0003219464392058484
827.0,0.00018207261482993442,-0.0003219466336200189
828.0,0.00018207280516427035,-0.00032194669507968417
829.0,0.00018207288535119305,-0.0003219467784132558
830.0,0.00018207317327140803,-0.00032194672613323214
831.0,0.0001820727954697216,-0.0003219468931472133
832.0,0.00018207222156031968,-0.0003219470431892629
833.0,0.000182071390696116,-0.00032194730051981763
834.0,0.00018207068458026167,-0.00032194751375572167
835.0,0.00018207050587150245,-0.00032194768749835696
836.0,0.0001820703888768216,-0.0003219477657680962
837.0,0.00018207076274748672,-0.0003219477802196729
838.0,0.0001820708596535651,-0.00032194775182521504
839.0,0.0001820714291393366,-0.00032194760483533844
840.0,0.00018207038088670068,-0.0003219478223257867
841.0,0.00018206873030111295,-0.0003219482568904776
842.0,0.00018207023151774434,-0.00032194787157675993
843.0,0.00018207194102924244,-0.00032194748552312154
844.0,0.00018207151340506335,-0.00032194760474284835
845.0,0.0001820708347768014,-0.00032194780597816317
846.0,0.00018207006769563463,-0.0003219479632575623
847.0,0.0001820693670674466,-0.0003219482221835711
848.0,0.00018206904969905472,-0.0003219483494730584
849.0,0.000182069056368983,-0.00032194842166157416
850.0,0.00018206906420146902,-0.0003219484424255995
851.0,0.0001820687928723313,-0.0003219485437253713
852.0,0.00018206876467538174,-0.0003219485419680596
853.0,0.0001820689278768039,-0.00032194852756272795
854.0,0.00018206682955873026,-0.0003219490465477492
855.0,0.00018206656213105724,-0.00032194919971133935
856.0,0.00018206591868494314,-0.0003219494384976309
857.0,0.00018206442657172945,-0.00032194995833818553
858.0,0.00018206485805796456,-0.00032194991445163744
859.0,0.00018206540902163075,-0.0003219498872364283
860.0,0.00018206514647078868,-0.0003219500391051572
861.0,0.00018206427504514493,-0.00032195042027994327
862.0,0.00018206411220825358,-0.0003219505217184502
863.0,0.00018206375671191095,-0.00032195072982115424
864.0,0.00018206378918470825,-0.00032195080152409703
865.0,0.00018206480213697017,-0.00032195064126189243
866.0,0.00018206413231656036,-0.0003219508867768381
867.0,0.0001820639601003902,-0.0003219511328929693
868.0,0.00018206377620938238,-0.0003219512945656478
869.0,0.00018206363840688968,-0.0003219514898815968
870.0,0.0001820639931052054,-0.00032195147596183815
871.0,0.00018206370391405876,-0.00032195163069775987
872.0,0.00018206276217338027,-0.0003219518796348389
873.0,0.00018206411413928153,-0.0003219515828803829
874.0,0.00018206582607441682,-0.0003219511583508668
875.0,0.00018206518241155464,-0.0003219513767199709
876.0,0.00018206392541085157,-0.0003219517400441695
877.0,0.0001820632264673869,-0.0003219519805415278
878.0,0.00018206281251803872,-0.0003219520976802276
879.0,0.00018206241728783943,-0.0003219522976438036
880.0,0.00018206226302234789,-0.00032195239596076995
881.0,0.00018206157847292355,-0.00032195265440120583
882.0,0.00018206055103795168,-0.0003219529848451772
883.0,0.0001820615927093289,-0.00032195286127841607
884.0,0.00018206230191876894,-0.00032195269107352677
885.0,0.00018206193872787087,-0.00032195283182032223
886.0,0.0001820600009511298,-0.00032195328539172684
887.0,0.0001820589883535465,-0.00032195355523156633
888.0,0.00018205797951949734,-0.0003219537215981169
889.0,0.00018205737669393641,-0.00032195384097970144
890.0,0.00018205526472073625,-0.00032195429230822136
891.0,0.00018205450193512157,-0.00032195447631725674
892.0,0.0001820527823349874,-0.0003219548974708846
893.0,0.00018205074981964838,-0.00032195543971716363
894.0,0.00018205133213296295,-0.00032195532144546016
895.0,0.0001820519665347725,-0.00032195525233223997
896.0,0.0001820509709223538,-0.00032195552517800744
897.0,0.00018205045234281526,-0.0003219557451425655
898.0,0.00018205163432899205,-0.00032195548952307747
899.0,0.0001820509460554423,-0.0003219557797107369
900.0,0.00018205111532580958,-0.00032195584528621116
901.0,0.00018205140199479725,-0.0003219558946296745
902.0,0.0001820519982390995,-0.0003219558056310848
903.0,0.0001820523958042663,-0.00032195578893662346
904.0,0.00018205227980465602,-0.0003219558131690272
905.0,0.00018205188176658439,-0.0003219559187002206
906.0,0.0001820512178180761,-0.00032195604168891873
907.0,0.0001820500219895813,-0.0003219563908621335
908.0,0.00018204857912743367,-0.0003219567475270456
909.0,0.00018204941360738875,-0.0003219565480721651
910.0,0.0001820506643026943,-0.00032195621136199
911.0,0.00018204969554732825,-0.0003219564697793033
912.0,0.00018204795442017282,-0.0003219569162520935
913.0,0.00018204651659249103,-0.00032195736871361703
914.0,0.00018204560741327951,-0.0003219575981584094
915.0,0.00018204523199582157,-0.0003219577016316984
916.0,0.00018204459676642858,-0.0003219578116024162
917.0,0.0001820436814788632,-0.00032195797672035053
918.0,0.0001820435284744511,-0.00032195796557529463
919.0,0.00018204232870508286,-0.0003219582819376497
920.0,0.00018204107317235514,-0.0003219585781834101
921.0,0.0001820404643862231,-0.00032195876568394643
922.0,0.00018203942718773722,-0.0003219590400789229
923.0,0.00018203892555395453,-0.0003219592107925077
924.0,0.00018203988280197009,-0.0003219590053488938
925.0,0.0001820391869028302,-0.00032195931514445255
926.0,0.00018203797842413158,-0.00032195966956648
927.0,0.00018203638332604222,-0.00032196016864300916
928.0,0.00018203722301780246,-0.0003219599890966207
929.0,0.00018203734589423694,-0.00032195997429820616
930.0,0.000182036715709162,-0.0003219601045242538
931.0,0.00018203619868626842,-0.0003219602889494946
932.0,0.00018203431629850385,-0.00032196071167545396
933.0,0.00018203287523930583,-0.0003219610968504366
934.0,0.00018203190314404954,-0.00032196129986618554
935.0,0.0001820303188636578,-0.0003219615885971261
936.0,0.0001820294882359065,-0.0003219616257781426
937.0,0.00018202728173100422,-0.0003219620762280066
938.0,0.0001820239435254705,-0.00032196269378434195
939.0,0.0001820225601803643,-0.0003219629181653019
940.0,0.0001820199700511351,-0.0003219633229250612
941.0,0.00018201722541996186,-0.00032196387337983577
942.0,0.0001820169400317581,-0.0003219637225747429
943.0,0.00018201665397360586,-0.0003219636606526272
944.0,0.00018201562363223981,-0.00032196371126782934
945.0,0.00018201392047540016,-0.0003219639557422615
946.0,0.0001820126363516355,-0.0003219640995181074
947.0,0.00018201129442510936,-0.00032196431885835747
948.0,0.00018200994160206808,-0.0003219644416620753
949.0,0.00018200968248963814,-0.00032196437192454693
950.0,0.00018201005666572097,-0.0003219641011598065
951.0,0.00018200882940876028,-0.00032196425191865434
952.0,0.00018200711533570118,-0.00032196441576484995
953.0,0.00018200599287641802,-0.00032196450057826303
954.0,0.0001820048973234484,-0.0003219644893175945
955.0,0.000182004345975547,-0.0003219643534958964
956.0,0.00018200310134918658,-0.00032196433904431974
957.0,0.00018200130718772658,-0.00032196459329957895
958.0,0.00018200155145291582,-0.0003219642271081875
959.0,0.00018200170000414086,-0.0003219639411981948
960.0,0.00018200141210363027,-0.0003219637555012152
961.0,0.00018200059155466284,-0.00032196370451605274
962.0,0.0001819995724841949,-0.0003219636545945263
963.0,0.0001819984496899375,-0.000321963699660323
964.0,0.0001819984685371648,-0.00032196341381969773
965.0,0.00018199966418832033,-0.00032196283097026896
966.0,0.00018199911692907514,-0.0003219627063629943
967.0,0.000181998609797774,-0.0003219626038377288
968.0,0.00018199815451851533,-0.00032196230655145487
969.0,0.00018199815477467214,-0.0003219620860550787
970.0,0.00018199762500305296,-0.00032196192981619306
971.0,0.00018199685610908442,-0.00032196180599508415
972.0,0.0001819957050489121,-0.00032196183896780154
973.0,0.00018199653405105305,-0.00032196149687007867
974.0,0.0001819972057630821,-0.00032196109897770863
975.0,0.00018199692440442144,-0.0003219608617406261
976.0,0.00018199682341953904,-0.00032196065118693466
977.0,0.00018199713049239902,-0.0003219602974585829
978.0,0.00018199599089031631,-0.0003219603300844624
979.0,0.00018199527129667475,-0.00032196038375183753
980.0,0.00018199489766246204,-0.0003219602695728206
981.0,0.00018199555744349664,-0.0003219598467543711
982.0,0.00018199588992513826,-0.0003219595275941908
983.0,0.00018199639194315612,-0.00032195921967155647
984.0,0.000181996085077192,-0.0003219588817821327
985.0,0.0001819954966949323,-0.00032195874378691743
986.0,0.0001819947539191026,-0.00032195858370969306
987.0,0.00018199514831186627,-0.0003219581517347246
988.0,0.00018199486797783272,-0.00032195782591525773
989.0,0.00018199261481298865,-0.00032195797452371085
990.0,0.00018199013063414238,-0.0003219580768408737
991.0,0.0001819879237844137,-0.0003219582523870658
992.0,0.00018198732888986057,-0.0003219579530891324
993.0,0.0001819865892174687,-0.0003219577495184428
994.0,0.00018198499917354956,-0.0003219576540455467
995.0,0.00018198304842148265,-0.0003219577376565887
996.0,0.0001819816897265399,-0.00032195773219967334
997.0,0.00018197990741725684,-0.0003219577273208211
998.0,0.00018197828034883154,-0.00032195774362219956
999.0,0.00018197818515703308,-0.00032195752183096217
1000.0,0.00018197784455719216,-0.00032195717501624465
1001.0,0.00018197474167106493,-0.000321957520189263
1002.0,0.0001819741361361535,-0.00032195722153876026
1003.0,0.00018197417645128897,-0.0003219568246406587
1004.0,0.00018197362308368994,-0.00032195657174962825
1005.0,0.0001819724839151033,-0.0003219565370889668
1006.0,0.0001819716815335625,-0.0003219563804338758
1007.0,0.00018197088421604415,-0.00032195620648313775
1008.0,0.00018197029610964556,-0.000321956025156315
1009.0,0.00018196987320466242,-0.0003219557885666631
1010.0,0.0001819690700152426,-0.0003219554973153676
1011.0,0.0001819686003813524,-0.00032195529681997356
1012.0,0.0001819703938925683,-0.0003219545635354123
1013.0,0.00018197018589326708,-0.0003219541832161594
1014.0,0.00018196983057426375,-0.0003219538310370167
1015.0,0.00018196960577698945,-0.00032195360103728373
1016.0,0.0001819691424484968,-0.00032195329766978643
1017.0,0.00018196835167282838,-0.00032195298244043486
1018.0,0.00018196779532001766,-0.0003219526533838148
1019.0,0.00018196708749973557,-0.00032195247305126057
1020.0,0.00018196563616471002,-0.00032195219354620654
1021.0,0.00018196449303554556,-0.00032195196724607724
1022.0,0.0001819643227208468,-0.00032195161939084624
1023.0,0.0001819638942493799,-0.0003219513585456681
1024.0,0.00018196406728328136,-0.0003219508674001641
1025.0,0.00018196330261589956,-0.0003219507344919038
1026.0,0.0001819622726587687,-0.0003219507155545577
1027.0,0.00018196229822518527,-0.0003219503732256097
1028.0,0.00018196256740654694,-0.0003219500337176094
1029.0,0.00018196319313843484,-0.0003219497091236362
1030.0,0.00018196405193357922,-0.000321949198855806
1031.0,0.000181964531794036,-0.00032194891470312494
1032.0,0.00018196475597062278,-0.000321948656123954
1033.0,0.00018196557575111987,-0.00032194818164978887
1034.0,0.00018196558030282874,-0.0003219478592755779
1035.0,0.0001819666660036147,-0.0003219473553201964
1036.0,0.00018196596607493172,-0.0003219472435227993
1037.0,0.000181964904797709,-0.00032194721371786757
1038.0,0.0001819642327014448,-0.00032194713671986703
1039.0,0.00018196437479948958,-0.00032194686722686544
1040.0,0.00018196423184430486,-0.0003219465135216362
1041.0,0.00018196383301805852,-0.0003219463236626026
1042.0,0.00018196320218273948,-0.0003219461831007873
1043.0,0.00018196336363047292,-0.00032194589661273146
1044.0,0.00018196310063628258,-0.00032194571200251047
1045.0,0.00018196223978203188,-0.000321945775774428
1046.0,0.0001819639120818323,-0.0003219451243667195
1047.0,0.00018196635240860914,-0.0003219443086503648
1048.0,0.00018196583106060697,-0.000321944131300616
1049.0,0.00018196502659040327,-0.0003219440314575632
1050.0,0.00018196440307525667,-0.0003219438763054361
1051.0,0.00018196393741179645,-0.0003219438084639545
1052.0,0.0001819632529017809,-0.00032194367372901495
1053.0,0.00018196299196669694,-0.0003219433895994564
1054.0,0.0001819620913391808,-0.0003219432202038554
1055.0,0.0001819614788387755,-0.00032194316387739016
1056.0,0.00018196018303032104,-0.00032194311483451965
1057.0,0.00018195914006830774,-0.000321943184572048
1058.0,0.00018196020193666148,-0.00032194262056747515
1059.0,0.00018195954788959772,-0.0003219425767965397
1060.0,0.000181958298258328,-0.0003219426528002717
1061.0,0.00018195691224328007,-0.00032194275049292993
1062.0,0.00018195565068101593,-0.0003219427544237588
1063.0,0.00018195514484035082,-0.000321942671968843
1064.0,0.0001819544758278201,-0.0003219425659058315
1065.0,0.00018195392557351112,-0.0003219424773465697
1066.0,0.00018195375336719312,-0.00032194223146166367
1067.0,0.00018195269250376213,-0.00032194220641997164
1068.0,0.00018195020271902335,-0.00032194258738665513
1069.0,0.00018195099188878585,-0.00032194225527786203
1070.0,0.0001819526869766871,-0.000321941712014192
1071.0,0.00018195222489942177,-0.0003219418019839277
1072.0,0.00018195169242830425,-0.00032194186570960016
1073.0,0.00018195107680475672,-0.00032194193600206905
1074.0,0.0001819508572586963,-0.0003219418550963623
1075.0,0.00018195040356563922,-0.00032194186839181284
1076.0,0.00018194971940045006,-0.0003219418569924091
1077.0,0.00018194896303845915,-0.000321941915029941
1078.0,0.00018194745832430254,-0.00032194213178046846
1079.0,0.00018194774370265416,-0.0003219418700335119
1080.0,0.0001819478390126788,-0.00032194161372034815
1081.0,0.00018194798571169332,-0.000321941475378295
1082.0,0.00018194739362501253,-0.00032194144252119033
1083.0,0.0001819457489113263,-0.00032194180050408626
1084.0,0.0001819443215072548,-0.0003219420835700087
1085.0,0.0001819431704076738,-0.00032194229097903706
1086.0,0.00018194259011405684,-0.0003219423152576858
1087.0,0.00018194196417527304,-0.00032194241177109544
1088.0,0.00018194044113605491,-0.00032194264600225004
1089.0,0.00018194078321372338,-0.0003219425356153268
1090.0,0.00018194039774703811,-0.00032194263568960493
1091.0,0.00018194024822044686,-0.0003219427391628939
1092.0,0.00018194094840528663,-0.0003219426106016679
1093.0,0.0001819397474043954,-0.0003219429974877171
1094.0,0.0001819387325309577,-0.00032194330658960005
1095.0,0.00018193803441507648,-0.0003219436300043246
1096.0,0.00018193782291825008,-0.00032194377019617956
1097.0,0.00018193715976776864,-0.0003219441698921063
1098.0,0.00018193591680642728,-0.00032194461275778294
1099.0,0.00018193703887162311,-0.00032194452271867976
1100.0,0.00018193733261447862,-0.00032194455959910334
1101.0,0.00018193736988528935,-0.0003219446586328679
1102.0,0.00018193634772123573,-0.00032194502179520894
1103.0,0.00018193598805741942,-0.00032194525833861577
1104.0,0.0001819353534093053,-0.00032194553814426257
1105.0,0.000181934258142049,-0.0003219460107917484
1106.0,0.00018193418812257977,-0.0003219460608057649
1107.0,0.0001819343841317735,-0.00032194607456366593
1108.0,0.00018193252562570208,-0.00032194651988032996
1109.0,0.00018193241603986333,-0.00032194655338486526
1110.0,0.00018193217826726314,-0.00032194658453090326
1111.0,0.00018193208480944906,-0.00032194669107948773
1112.0,0.00018193112879295647,-0.0003219469348139992
1113.0,0.00018193036572162845,-0.00032194725968544264
1114.0,0.0001819314729592879,-0.00032194704099262325
1115.0,0.00018193226357732137,-0.0003219469105122278
1116.0,0.00018193246379339748,-0.0003219469237151883
1117.0,0.0001819327936740626,-0.0003219470094072573
1118.0,0.00018193324459865606,-0.0003219469390454208
1119.0,0.00018193318161364598,-0.0003219470612479531
1120.0,0.0001819328245902149,-0.00032194719316194493
1121.0,0.00018193411709818789,-0.00032194691675530897
1122.0,0.00018193514891738145,-0.00032194665466151454
1123.0,0.0001819361531011999,-0.0003219464928732235
1124.0,0.00018193756050533858,-0.00032194614194269695
1125.0,0.0001819374863183957,-0.0003219462079112541
1126.0,0.00018193712396493325,-0.00032194630611260785
1127.0,0.00018193638784917972,-0.0003219465008042487
1128.0,0.00018193807713414478,-0.00032194610665772734
1129.0,0.00018193937109038874,-0.00032194588100502866
1130.0,0.00018193958495173922,-0.0003219458674783529
1131.0,0.00018193958698128904,-0.00032194598003879325
1132.0,0.00018193936055840444,-0.0003219460936397471
1133.0,0.00018193897955475833,-0.00032194623704563267
1134.0,0.0001819390160866553,-0.0003219462553124256
1135.0,0.0001819389822936654,-0.0003219463671098227
1136.0,0.00018193793479964762,-0.00032194667281269486
1137.0,0.00018193890235304727,-0.00032194648676887747
1138.0,0.00018193951003573475,-0.000321946343455482
1139.0,0.00018193872173296444,-0.0003219466248797053
1140.0,0.00018193871268865983,-0.00032194668562257237
1141.0,0.00018193970712866863,-0.00032194657699296093
1142.0,0.00018193908112091957,-0.00032194684803517164
1143.0,0.00018193841199016267,-0.0003219472454650912
1144.0,0.00018193782449459946,-0.0003219475909155798
1145.0,0.00018193964554266866,-0.00032194740891820393
1146.0,0.0001819411760695464,-0.0003219472598704228
1147.0,0.0001819422614452103,-0.0003219472659516463
1148.0,0.00018194261240954846,-0.00032194738581880377
1149.0,0.0001819430015018373,-0.0003219475293171794
1150.0,0.00018194359657372974,-0.00032194755678673634
1151.0,0.00018194429870930186,-0.0003219475807185473
1152.0,0.00018194528546460744,-0.00032194744006424194
1153.0,0.00018194662399213023,-0.00032194729140954374
1154.0,0.00018194604978716278,-0.0003219475254325956
1155.0,0.00018194681533138888,-0.00032194742269922745
1156.0,0.00018194721664038547,-0.00032194735492711347
1157.0,0.00018194753274769786,-0.0003219473435970774
1158.0,0.00018194785063825548,-0.0003219472858601383
1159.0,0.00018194741791064523,-0.00032194747010039893
1160.0,0.00018194576837924118,-0.0003219478932425637
1161.0,0.0001819460072749903,-0.0003219478771492879
1162.0,0.00018194617214143153,-0.0003219478014923937
1163.0,0.00018194488482555933,-0.00032194811302214163
1164.0,0.00018194455287593564,-0.0003219481865286412
1165.0,0.0001819450777805761,-0.0003219480783152351
1166.0,0.00018194326285071296,-0.0003219484709356699
1167.0,0.00018194196487477808,-0.00032194882605137304
1168.0,0.00018194139127079384,-0.0003219489671450064
1169.0,0.000181941151478496,-0.00032194906220169706
1170.0,0.00018194132212816897,-0.00032194908960188643
1171.0,0.00018194144937897302,-0.00032194912197341816
1172.0,0.00018194143153666843,-0.000321949173860359
1173.0,0.00018194157154605026,-0.0003219493137284986
1174.0,0.0001819415348269618,-0.0003219493950041658
1175.0,0.0001819418485598979,-0.00032194938661069005
1176.0,0.00018194271833037488,-0.0003219492438522351
1177.0,0.00018194326783591792,-0.0003219492094690439
1178.0,0.000181943015541199,-0.0003219492518757505
1179.0,0.00018194175694444216,-0.00032194953380866934
1180.0,0.0001819397915126216,-0.00032194993123858893
1181.0,0.00018194023069341214,-0.00032194970711197675
1182.0,0.0001819409816958152,-0.0003219493287581383
1183.0,0.00018194143382237505,-0.0003219490723062395
1184.0,0.0001819395001047336,-0.0003219493153008302
1185.0,0.00018193784565708994,-0.0003219495433351487
1186.0,0.00018193653894226817,-0.0003219496190614104
1187.0,0.0001819355499603691,-0.00032194962218295097
1188.0,0.00018193451456483282,-0.00032194959471339407
1189.0,0.00018193392834020132,-0.0003219495173454332
1190.0,0.00018193312354487556,-0.00032194945690315895
1191.0,0.00018193245475894507,-0.00032194939146641986
1192.0,0.00018193153871276155,-0.00032194931934727164
1193.0,0.0001819308963109789,-0.0003219492836229741
1194.0,0.00018192989934881105,-0.0003219492274583665
1195.0,0.00018192843661480902,-0.000321949322769405
1196.0,0.000181928283561136,-0.0003219490561204736
1197.0,0.00018192891162799145,-0.0003219486763099163
1198.0,0.00018192654361624263,-0.0003219489823596263
1199.0,0.0001819266769064352,-0.0003219487000336245
1200.0,0.00018192689698451355,-0.000321948365913172
1201.0,0.00018192684347730415,-0.00032194822158238554
1202.0,0.00018192575135289447,-0.0003219482167497783
1203.0,0.0001819250159563503,-0.0003219482370513532
1204.0,0.00018192439642148592,-0.0003219482092349584
1205.0,0.00018192338423769433,-0.0003219482168422684
1206.0,0.0001819221604585545,-0.00032194824845075684
1207.0,0.00018192099220632176,-0.0003219483542594206
1208.0,0.00018192170657830596,-0.0003219478444309183
1209.0,0.00018192210416317716,-0.00032194742054883284
1210.0,0.00018192136680604846,-0.000321947254922203
1211.0,0.000181919903352837,-0.00032194736311248653
1212.0,0.00018191959818144844,-0.0003219471610678835
1213.0,0.0001819198537175358,-0.0003219468299533589
1214.0,0.00018191853463822352,-0.0003219469117377215
1215.0,0.00018191688219057313,-0.0003219471477724329
1216.0,0.00018191538037295852,-0.00032194721552142433
1217.0,0.00018191581353406484,-0.00032194696031814167
1218.0,0.00018191660235900093,-0.0003219465530380274
1219.0,0.00018191617363137727,-0.0003219464709761945
1220.0,0.00018191549004746693,-0.00032194648082638916
1221.0,0.0001819142771254335,-0.0003219465610152978
1222.0,0.00018191369249685572,-0.0003219465085502938
1223.0,0.0001819136898761749,-0.0003219464361305529
1224.0,0.0001819120166798257,-0.00032194675355654397
1225.0,0.00018191185212865444,-0.00032194673145141233
1226.0,0.00018191226095486715,-0.0003219465389564111
1227.0,0.00018191215765472158,-0.00032194653773091745
1228.0,0.0001819110034911114,-0.0003219466874492517
1229.0,0.00018191045817274643,-0.00032194678861028833
1230.0,0.00018191006945484053,-0.0003219467973274794
1231.0,0.00018190912766490115,-0.00032194701500290777
1232.0,0.00018190794756049142,-0.0003219472640787219
1233.0,0.0001819090333795036,-0.0003219470199048826
1234.0,0.00018191012433150345,-0.00032194670659470043
1235.0,0.00018191113622958172,-0.00032194648022520355
1236.0,0.00018190974666774763,-0.00032194675644685934
1237.0,0.00018190873326228528,-0.0003219470377554701
1238.0,0.00018190832801241524,-0.0003219471489748041
1239.0,0.00018190835028820246,-0.00032194722796134153
1240.0,0.00018190830804203897,-0.0003219473165437259
1241.0,0.00018190808912651828,-0.0003219474576604817
1242.0,0.00018190722989787787,-0.0003219476958224652
1243.0,0.00018190858080959548,-0.00032194751278457576
1244.0,0.0001819096741359716,-0.00032194732616269527
1245.0,0.00018191030791709357,-0.0003219473374464864
1246.0,0.00018191070839850676,-0.0003219473494701981
1247.0,0.00018191197604942036,-0.0003219471514720365
1248.0,0.00018191175521272386,-0.0003219473074103294
1249.0,0.00018191185070993998,-0.0003219474467235285
1250.0,0.0001819119630051292,-0.00032194748751165843
1251.0,0.00018191264237230493,-0.0003219474933154117
1252.0,0.0001819138468805735,-0.0003219473136534105
1253.0,0.0001819138335702734,-0.0003219474159936958
1254.0,0.00018191267764312236,-0.0003219477422987357
1255.0,0.00018191362650692966,-0.0003219476000258537
1256.0,0.000181914264652569,-0.0003219474358559428
1257.0,0.00018191430823862945,-0.00032194749652944234
1258.0,0.00018191358222136416,-0.00032194773520012127
1259.0,0.0001819125179786342,-0.00032194813348557417
1260.0,0.00018191224713225347,-0.00032194825749166326
1261.0,0.00018191349654677515,-0.000321948120028266
1262.0,0.00018191295404613466,-0.0003219483483631773
1263.0,0.00018191356477314691,-0.00032194837955546037
1264.0,0.00018191471680868539,-0.0003219483234602204
1265.0,0.0001819161634934803,-0.0003219482344616306
1266.0,0.00018191664737362802,-0.0003219481932110502
1267.0,0.00018191754648390788,-0.0003219481345260877
1268.0,0.00018191762301567044,-0.0003219481288379471
1269.0,0.00018191720500722257,-0.00032194828077604354
1270.0,0.00018191847990934335,-0.00032194796809016955
1271.0,0.0001819198160427855,-0.0003219477019036886
1272.0,0.00018192025706593437,-0.0003219475569254715
1273.0,0.00018191952004377993,-0.0003219477575133556
1274.0,0.00018191867391854376,-0.0003219478781898014
1275.0,0.00018191899160220553,-0.00032194778731828733
1276.0,0.0001819189552377957,-0.0003219477122394562
1277.0,0.0001819176980597533,-0.0003219479855707967
1278.0,0.0001819167015507859,-0.0003219481294622553
1279.0,0.00018191648625101662,-0.000321948177187142
1280.0,0.00018191574996777595,-0.00032194821499246655
1281.0,0.00018191479370497878,-0.0003219483805959739
1282.0,0.0001819154290230414,-0.0003219481289304372
1283.0,0.00018191638197550487,-0.00032194787520699596
1284.0,0.00018191722911551597,-0.00032194765704599465
1285.0,0.00018191849435264458,-0.0003219474106523931
1286.0,0.00018191762468068947,-0.00032194761431557275
1287.0,0.00018191728460301428,-0.0003219477197311536
1288.0,0.00018191708035739505,-0.0003219476775325497
1289.0,0.00018191679939282172,-0.00032194765593611353
1290.0,0.00018191637846812748,-0.00032194763195805755
1291.0,0.00018191761969548457,-0.00032194726213643
1292.0,0.000181917592680797,-0.000321947124418685
1293.0,0.00018191721931259323,-0.00032194711775939853
1294.0,0.00018191662939339286,-0.0003219470971109858
1295.0,0.00018191663541307707,-0.000321947021824052
1296.0,0.000181917516020956,-0.0003219466691130912
1297.0,0.00018191730137143085,-0.00032194666122831097
1298.0,0.00018191651431988785,-0.00032194676897926664
1299.0,0.0001819168979343626,-0.0003219466275156729
1300.0,0.00018191622479376695,-0.000321946622521208
1301.0,0.0001819147647001501,-0.00032194676962669726
1302.0,0.000181915713544253,-0.00032194631926932326
1303.0,0.00018191697685035363,-0.00032194586636847183
1304.0,0.0001819172105441498,-0.00032194553393596344
1305.0,0.00018191771556708364,-0.0003219453236828649
1306.0,0.0001819177557836973,-0.0003219451972489109
1307.0,0.00018191762679890897,-0.0003219451461943809
1308.0,0.00018191748425751595,-0.0003219449437104499
1309.0,0.00018191775985264917,-0.0003219447409490486
1310.0,0.00018191804238371968,-0.00032194447732916773
1311.0,0.00018191866206636683,-0.0003219441632096973
1312.0,0.00018191934941381134,-0.00032194384589931873
1313.0,0.00018192094581238893,-0.0003219432659170827
1314.0,0.00018192108427497796,-0.0003219429662029439
1315.0,0.00018192060728150654,-0.00032194293017805364
1316.0,0.0001819196276296254,-0.00032194292002726615
1317.0,0.0001819207525322501,-0.0003219423543347491
1318.0,0.0001819210800779477,-0.00032194205628543196
1319.0,0.0001819208386403352,-0.00032194192210543293
1320.0,0.00018192022619904302,-0.0003219417742369005
1321.0,0.00018191982712649209,-0.0003219417262114209
1322.0,0.0001819189890307856,-0.0003219417748612086
1323.0,0.00018191820819597046,-0.0003219418386793712
1324.0,0.0001819194102017844,-0.0003219414140573649
1325.0,0.00018192101383186483,-0.00032194090573182667
1326.0,0.00018191957697954927,-0.0003219410548489753
1327.0,0.0001819182840380802,-0.0003219412993696525
1328.0,0.00018191740433660215,-0.0003219413889000603
1329.0,0.0001819170944164611,-0.0003219413406896005
1330.0,0.0001819165148913145,-0.00032194134011153747
1331.0,0.00018191615045904131,-0.00032194136348840784
1332.0,0.0001819168705649964,-0.000321941032628231
1333.0,0.00018191729146998628,-0.00032194084859607313
1334.0,0.0001819170509880356,-0.00032194081058264587
1335.0,0.00018191746521324496,-0.0003219406803565982
1336.0,0.00018191890729707006,-0.0003219402804294462
1337.0,0.00018191852134762776,-0.0003219403951402811
1338.0,0.00018191847234286628,-0.0003219403451493871
1339.0,0.00018191932833999048,-0.00032194011235182896
1340.0,0.00018191949607341713,-0.00032193996170859376
1341.0,0.00018191880037132088,-0.00032194008231567196
1342.0,0.00018192032247458164,-0.00032193963443240796
1343.0,0.00018192216489203714,-0.0003219391268005453
1344.0,0.00018192314101683657,-0.0003219387645862278
1345.0,0.0001819239529254389,-0.00032193854304933816
1346.0,0.00018192406176251172,-0.0003219384333792131
1347.0,0.0001819248728041219,-0.0003219382462717597
1348.0,0.00018192591388436813,-0.00032193794417600106
1349.0,0.00018192542881210615,-0.00032193806034355493
1350.0,0.00018192540157081836,-0.00032193802115087903
1351.0,0.00018192607884933115,-0.0003219378787623844
1352.0,0.00018192663627602984,-0.00032193767438240664
1353.0,0.0001819266697931586,-0.00032193765195355966
1354.0,0.0001819265262074341,-0.0003219375700998294
1355.0,0.00018192727486501746,-0.0003219373453489091
1356.0,0.00018192748869681137,-0.0003219371807396702
1357.0,0.00018192728987974534,-0.00032193718989618916
1358.0,0.00018192681538872858,-0.00032193723614123455
1359.0,0.00018192690517167818,-0.00032193719942266854
1360.0,0.0001819292815085222,-0.00032193657060566465
1361.0,0.00018192971127062516,-0.0003219364435705251
1362.0,0.00018192924486825122,-0.00032193651101892367
1363.0,0.00018192928400112467,-0.00032193656935704837
1364.0,0.00018192926152829376,-0.000321936581681353
1365.0,0.00018192977580242808,-0.000321936537309232
1366.0,0.00018193041130768218,-0.00032193644303870706
1367.0,0.0001819311675711513,-0.00032193632999269375
1368.0,0.00018193216596188577,-0.0003219361118085699
1369.0,0.00018193344807580498,-0.0003219358839823541
1370.0,0.0001819354553597017,-0.00032193541533506465
1371.0,0.0001819348319430769,-0.0003219356338891489
1372.0,0.00018193334501211182,-0.00032193603476432433
1373.0,0.00018193432573788103,-0.00032193582700845816
1374.0,0.00018193559470898723,-0.00032193547744216054
1375.0,0.0001819362560959278,-0.00032193535616452916
1376.0,0.00018193662136563657,-0.00032193524311851585
1377.0,0.0001819366014740778,-0.00032193527650743855
1378.0,0.0001819363636423645,-0.0003219353160007073
1379.0,0.00018193647841045185,-0.0003219353071216586
1380.0,0.0001819367599957127,-0.00032193517460648116
1381.0,0.00018193644194752014,-0.0003219352312335392
1382.0,0.0001819368326161584,-0.0003219350877351635
1383.0,0.00018193875981165422,-0.000321934677610979
1384.0,0.00018193913029316815,-0.00032193462403609397
1385.0,0.00018193941125774148,-0.00032193464006000224
1386.0,0.0001819403406930426,-0.0003219344405357541
1387.0,0.00018194117017794059,-0.0003219343191425101
1388.0,0.00018194082552885213,-0.00032193442892824775
1389.0,0.00018194257288258766,-0.00032193403764891915
1390.0,0.00018194408565583046,-0.00032193364593026267
1391.0,0.00018194469476708457,-0.000321933535520217
1392.0,0.00018194470260942276,-0.0003219335186176529
1393.0,0.00018194460029449555,-0.00032193357577652894
1394.0,0.00018194483700305992,-0.00032193350106765817
1395.0,0.00018194492819487176,-0.0003219335200974943
1396.0,0.00018194285174864586,-0.0003219340228967497
1397.0,0.00018194311590539385,-0.00032193397447818727
1398.0,0.00018194395350849116,-0.00032193376443319133
1399.0,0.00018194424859124364,-0.0003219337496347769
1400.0,0.00018194336654494587,-0.000321933996629564
1401.0,0.0001819426552862517,-0.0003219342523646646
1402.0,0.00018194219905133126,-0.0003219344013662007
1403.0,0.0001819419032395172,-0.0003219346198740399
1404.0,0.00018194191212618683,-0.0003219348480933386
1405.0,0.0001819416593191544,-0.0003219351041521546
1406.0,0.00018194138457130896,-0.00032193535544773095
1407.0,0.0001819437562086614,-0.000321935042322529
1408.0,0.00018194422110365125,-0.0003219351712074704
1409.0,0.00018194382859265467,-0.0003219355234328581
1410.0,0.00018194313437823817,-0.00032193588081456845
1411.0,0.00018194268036991125,-0.0003219362474221653
1412.0,0.00018194257258702214,-0.00032193648990806056
1413.0,0.000181942612547479,-0.00032193674272972336
1414.0,0.0001819427455322539,-0.0003219369049342199
1415.0,0.00018194330588505115,-0.00032193699092688166
1416.0,0.00018194276034008596,-0.000321937283588651
1417.0,0.0001819411041781623,-0.00032193789374577916
1418.0,0.00018193911595824097,-0.00032193849046872154
1419.0,0.00018193979132543012,-0.0003219385222621903
1420.0,0.00018194016772810645,-0.00032193857523588965
1421.0,0.00018194003147240659,-0.00032193881534016503
1422.0,0.00018193957126705611,-0.00032193907886755586
1423.0,0.00018193954980900013,-0.0003219393448690566
1424.0,0.00018193927854882771,-0.0003219396792901019
1425.0,0.00018194000883208853,-0.00032193975566379427
1426.0,0.0001819403876879586,-0.00032193988360071217
1427.0,0.0001819406441205946,-0.00032194006374828627
1428.0,0.000181940818277645,-0.0003219402008186006
1429.0,0.0001819407760413337,-0.00032194044032169046
1430.0,0.00018194091936104924,-0.00032194055489379026
1431.0,0.00018194158378246234,-0.0003219406498811134
1432.0,0.00018194165972309394,-0.0003219408439715686
1433.0,0.0001819399484086462,-0.00032194157519822543
1434.0,0.0001819399263693114,-0.0003219417582129923
1435.0,0.00018194000881238418,-0.0003219419274698582
1436.0,0.00018193930003644027,-0.0003219422401557322
1437.0,0.00018193793333167225,-0.0003219428124844132
1438.0,0.00018193652686349101,-0.0003219432806923747
1439.0,0.00018193596650084158,-0.0003219436280389102
1440.0,0.00018193606811626377,-0.00032194375692385155
1441.0,0.00018193421126535918,-0.0003219444800345029
1442.0,0.0001819325331429182,-0.00032194500674244663
1443.0,0.00018193307095391923,-0.0003219451968327055
1444.0,0.00018193287531910853,-0.0003219455328723274
1445.0,0.000181932305133832,-0.0003219459908832564
1446.0,0.00018193222683852856,-0.00032194629240095196
1447.0,0.00018193177851491158,-0.00032194674555615114
1448.0,0.00018193272659054415,-0.00032194670983185365
1449.0,0.00018193378733574896,-0.0003219467924948721
1450.0,0.00018193384956214086,-0.0003219469784461994
1451.0,0.00018193405954173097,-0.0003219472088852603
1452.0,0.00018193538193137695,-0.00032194718659514846
1453.0,0.00018193451392444087,-0.0003219477468769952
1454.0,0.00018193340826313086,-0.0003219482681511462
1455.0,0.0001819350480211687,-0.0003219481617644194
1456.0,0.00018193629920908345,-0.0003219480307753285
1457.0,0.00018193683847820768,-0.0003219481293235201
1458.0,0.0001819371056989848,-0.00032194828077604354
1459.0,0.00018193715760028825,-0.0003219485650443372
1460.0,0.00018193714095009788,-0.00032194878648873684
1461.0,0.00018193730883130728,-0.000321949010615349
1462.0,0.00018193744351065777,-0.0003219491423906057
1463.0,0.00018193643892289976,-0.00032194957746399213
1464.0,0.0001819361972389827,-0.00032194973883607785
1465.0,0.00018193810627690403,-0.0003219494116986271
1466.0,0.0001819374470475917,-0.0003219497342115733
1467.0,0.00018193663298136112,-0.00032195011714367117
1468.0,0.00018193572913218091,-0.00032195049938209334
1469.0,0.00018193594972257281,-0.0003219506127286995
1470.0,0.00018193524749833106,-0.0003219509477046853
1471.0,0.00018193403094084184,-0.0003219513963741151
1472.0,0.0001819351886019772,-0.0003219512714662477
1473.0,0.00018193655626240704,-0.00032195116341469926
1474.0,0.00018193715864461973,-0.0003219511606862416
1475.0,0.00018193746706722885,-0.0003219512746109108
1476.0,0.0001819380560307674,-0.0003219513673784717
1477.0,0.000181939411553307,-0.0003219512784030045
1478.0,0.00018193903494373483,-0.0003219515031308023
1479.0,0.00018193938000661493,-0.0003219517369919965
1480.0,0.00018193985575871117,-0.00032195183886983135
1481.0,0.0001819404316286977,-0.0003219519363775095
1482.0,0.0001819411294096046,-0.0003219519563784916
1483.0,0.00018194132957641984,-0.00032195206893893195
1484.0,0.00018194048483048938,-0.00032195230955190274
1485.0,0.00018194158981199875,-0.00032195215342862974
1486.0,0.00018194238716892584,-0.00032195202241641635
1487.0,0.0001819427073353379,-0.00032195204972411553
1488.0,0.00018194237697191577,-0.00032195223960627175
1489.0,0.000181941839121506,-0.0003219524983010553
1490.0,0.00018194093424769872,-0.00032195275644089833
1491.0,0.00018194161234394278,-0.0003219527371335919
1492.0,0.00018194265336507587,-0.00032195259213225227
1493.0,0.0001819418635155127,-0.0003219529273857084
1494.0,0.00018194157624554184,-0.0003219530571261831
1495.0,0.00018194111300571885,-0.0003219532800735466
1496.0,0.00018194111254266624,-0.0003219532663618907
1497.0,0.00018194050311614224,-0.0003219534392027476
1498.0,0.0001819390560963731,-0.0003219538198225932
1499.0,0.0001819397507245813,-0.0003219537260607638
1500.0,0.0001819405921995868,-0.00032195356286199886
1501.0,0.0001819404113529037,-0.00032195365805742467
1502.0,0.00018194020948166073,-0.00032195367163034545
1503.0,0.00018194052353971894,-0.00032195362857620827
1504.0,0.00018193926442079637,-0.00032195393888046246
1505.0,0.0001819385237336296,-0.00032195416076418994
1506.0,0.00018193868881681886,-0.0003219541524400818
1507.0,0.00018193881589028354,-0.0003219541888811775
1508.0,0.00018193850990116378,-0.000321954193459437
1509.0,0.00018193817489736314,-0.00032195425216752205
1510.0,0.0001819372965653386,-0.00032195440706530134
1511.0,0.0001819381858825479,-0.0003219541616197233
1512.0,0.00018193900159409315,-0.00032195392341149477
1513.0,0.0001819390517515601,-0.0003219539137462803
1514.0,0.0001819387700086643,-0.00032195387397554134
1515.0,0.0001819387051812959,-0.0003219538188283248
1516.0,0.00018193675395632413,-0.0003219541107501734
1517.0,0.0001819356153394598,-0.00032195423607424625
1518.0,0.0001819347412044655,-0.000321954181736318
1519.0,0.0001819340073744186,-0.0003219542429878805
1520.0,0.00018193475366747782,-0.0003219539282672246
1521.0,0.0001819358505110835,-0.0003219534817250668
1522.0,0.00018193587129919098,-0.00032195324915873383
1523.0,0.0001819354575173299,-0.0003219531528071819
1524.0,0.00018193536582305667,-0.0003219529595491374
1525.0,0.000181935491211798,-0.00032195278155195794
1526.0,0.0001819361170717643,-0.0003219524261819071
1527.0,0.00018193718638836887,-0.00032195199244962694
1528.0,0.00018193599368301628,-0.00032195199409132603
1529.0,0.00018193596602793677,-0.0003219516721564429
1530.0,0.00018193537840429522,-0.0003219514800082796
1531.0,0.00018193494175551588,-0.0003219512813626874
1532.0,0.00018193445770788098,-0.00032195105760603556
1533.0,0.00018193431670342862,-0.00032195084067052787
1534.0,0.00018193399014294938,-0.00032195059587238046
1535.0,0.00018193436712690453,-0.0003219502292185385
1536.0,0.00018193405855651264,-0.00032194993415202676
1537.0,0.00018193381980854622,-0.00032194970933173894
1538.0,0.00018193359933638055,-0.00032194943264763265
1539.0,0.00018193361235111516,-0.00032194911910622535
1540.0,0.00018193324956415665,-0.0003219487947665999
1541.0,0.00018193259009839188,-0.0003219485557722056
1542.0,0.0001819325031331668,-0.0003219481498331977
1543.0,0.00018193260841360128,-0.00032194778211571974
1544.0,0.00018193262448251279,-0.0003219473842927173
1545.0,0.00018193298588031341,-0.00032194696182110565
1546.0,0.0001819319252828914,-0.0003219468337223301
1547.0,0.00018193222628680623,-0.0003219464361536754
1548.0,0.00018193382380853282,-0.000321945692117141
1549.0,0.0001819326993788129,-0.00032194558640096736
1550.0,0.00018193083752299905,-0.0003219456006444414
1551.0,0.00018193173489929458,-0.000321945055507847
1552.0,0.00018193265722131908,-0.00032194443915388275
1553.0,0.00018193275952639408,-0.0003219440639909525
1554.0,0.0001819322915870795,-0.00032194373775528025
1555.0,0.00018193161613122067,-0.0003219435089116734
1556.0,0.0001819307136219375,-0.0003219432630267674
1557.0,0.00018193018803749634,-0.0003219429845853495
1558.0,0.00018192956954696338,-0.0003219426951144882
1559.0,0.0001819296709456375,-0.0003219423626819798
1560.0,0.00018192962493593986,-0.0003219418682762002
1561.0,0.00018192848979689633,-0.00032194176138077794
1562.0,0.0001819281535320162,-0.00032194139512001886
1563.0,0.0001819276368440969,-0.0003219412359676954
1564.0,0.0001819269934275393,-0.0003219409381958485
1565.0,0.00018192685969399845,-0.0003219407202891949
1566.0,0.00018192689448205893,-0.00032194039983415325
1567.0,0.00018192545917653614,-0.0003219404665195086
1568.0,0.0001819236866209149,-0.00032194060906986084
1569.0,0.00018192571031854958,-0.00032193991083904387
1570.0,0.00018192558422045106,-0.00032193969489780475
1571.0,0.0001819252727141084,-0.00032193954235852266
1572.0,0.00018192474679469304,-0.0003219394311391887
1573.0,0.0001819242959193605,-0.00032193939684848754
1574.0,0.00018192371007896417,-0.0003219393260242006
1575.0,0.00018192352123230798,-0.00032193922916395315
1576.0,0.0001819234990944513,-0.00032193906295926024
1577.0,0.00018192339953813553,-0.00032193899141817517
1578.0,0.00018192323009042895,-0.00032193893585475314
1579.0,0.00018192317541080967,-0.0003219389255883531
1580.0,0.0001819228870965074,-0.00032193886024410405
1581.0,0.00018192160697272928,-0.00032193912206042815
1582.0,0.0001819226994518176,-0.00032193872030659683
1583.0,0.00018192504021242648,-0.0003219380963915678
1584.0,0.00018192473122824286,-0.0003219381002761516
1585.0,0.00018192507109902222,-0.00032193803863150616
1586.0,0.00018192531084205914,-0.00032193789030052325
1587.0,0.00018192618194258085,-0.0003219376333630514
1588.0,0.00018192609007096832,-0.0003219375356010256
1589.0,0.00018192613031713852,-0.0003219374271332717
1590.0,0.00018192767997695692,-0.00032193696327234453
1591.0,0.0001819282262017228,-0.0003219368687937169
1592.0,0.00018192842907788852,-0.00032193679459354167
1593.0,0.00018192913139079996,-0.00032193666624041835
1594.0,0.0001819299907869275,-0.0003219364304369322
1595.0,0.00018193044957356348,-0.00032193632384210275
1596.0,0.00018193056835148956,-0.0003219362305196012
1597.0,0.00018193066947430253,-0.00032193621532810386
1598.0,0.00018193081812404942,-0.00032193612526587806
1599.0,0.00018192999583124553,-0.0003219363618786525
1600.0,0.00018193090567055335,-0.00032193612251429785
1601.0,0.00018193235186273905,-0.00032193577902922364
1602.0,0.00018193323111101664,-0.00032193549138504173
1603.0,0.0001819336766070569,-0.0003219353845821095
1604.0,0.00018193268713254863,-0.0003219355923379757
1605.0,0.00018193223791238296,-0.0003219357693177642
1606.0,0.0001819320011348533,-0.00032193584626951955
1607.0,0.00018193257200978269,-0.0003219358019667662
1608.0,0.00018193293429427985,-0.0003219357094766755
1609.0,0.00018193301538760347,-0.00032193579452131384
1610.0,0.00018193278900412757,-0.00032193591478155424
1611.0,0.0001819342449302707,-0.00032193568279328434
1612.0,0.00018193442649616317,-0.00032193570818181427
1613.0,0.00018193404366001096,-0.0003219359365167255
1614.0,0.00018193400588673885,-0.0003219359535580247
1615.0,0.0001819343746047119,-0.0003219359316609958
1616.0,0.00018193521269056623,-0.0003219357379636234
1617.0,0.00018193461123445882,-0.00032193603097223063
1618.0,0.00018193482167710155,-0.0003219360338394235
1619.0,0.00018193478684963235,-0.0003219361249421627
1620.0,0.0001819349219624789,-0.00032193614154413404
1621.0,0.00018193555564507906,-0.00032193608607320216
1622.0,0.00018193548906402196,-0.00032193615497831966
1623.0,0.0001819345983379504,-0.000321936520013585
1624.0,0.0001819357319203489,-0.00032193634539229386
1625.0,0.00018193693532517292,-0.00032193615477021703
1626.0,0.00018193747402287053,-0.00032193610089473917
1627.0,0.00018193762155932066,-0.00032193614508188
1628.0,0.00018193721960007997,-0.0003219362795393493
1629.0,0.00018193649821334097,-0.00032193661775248837
1630.0,0.00018193632322870717,-0.0003219367338275521
1631.0,0.0001819369818668885,-0.00032193667960523644
1632.0,0.0001819382622862321,-0.0003219364593863306
1633.0,0.00018193755551028148,-0.0003219367940848462
1634.0,0.00018193641533677208,-0.0003219371129213112
1635.0,0.00018193605518034662,-0.0003219374275032321
1636.0,0.00018193555100470056,-0.0003219376571330047
1637.0,0.0001819346529387522,-0.0003219380478573927
1638.0,0.00018193371587786093,-0.0003219384486169555
1639.0,0.00018193460522462676,-0.0003219384183495733
1640.0,0.00018193491880978015,-0.00032193851897879204
1641.0,0.00018193484128294703,-0.00032193872497734646
1642.0,0.0001819344188410165,-0.00032193900892192476
1643.0,0.00018193430356061563,-0.00032193935051095217
1644.0,0.0001819328411123269,-0.0003219398763402401
1645.0,0.0001819315882692453,-0.0003219404203438308
1646.0,0.00018193075390751643,-0.0003219407856565664
1647.0,0.00018193066685362168,-0.0003219410520511501
1648.0,0.00018193011528897229,-0.00032194138559353953
1649.0,0.0001819303414064392,-0.00032194155556720364
1650.0,0.000181929881536063,-0.00032194184711909195
1651.0,0.0001819282022806209,-0.0003219425140651357
1652.0,0.00018192896767706425,-0.00032194252941849074
1653.0,0.00018193038971169565,-0.00032194246779696786
1654.0,0.0001819315903874648,-0.00032194241523947386
1655.0,0.00018193319368257097,-0.0003219422996962281
1656.0,0.00018193241321228662,-0.0003219427028836558
1657.0,0.00018193171803235618,-0.0003219431509287775
1658.0,0.00018193145260467648,-0.00032194339713739886
1659.0,0.00018193162621985673,-0.00032194360066184333
1660.0,0.00018193163944148718,-0.0003219437957234446
1661.0,0.00018193177655432703,-0.0003219439255564093
1662.0,0.00018193136471334612,-0.00032194414767136207
1663.0,0.00018193083212400242,-0.00032194451631374095
1664.0,0.0001819314323879956,-0.00032194445233372067
1665.0,0.00018193243591171777,-0.00032194439098966806
1666.0,0.0001819328547083403,-0.00032194444942028284
1667.0,0.00018193152005272574,-0.0003219449499304085
1668.0,0.00018193049443055565,-0.00032194527452438166
1669.0,0.0001819297198617293,-0.000321945550329832
1670.0,0.00018192860331375633,-0.00032194582819318685
1671.0,0.00018192930607001604,-0.00032194575216633233
1672.0,0.00018192978920139786,-0.00032194562459937485
1673.0,0.00018192957180311346,-0.00032194568756200404
1674.0,0.0001819288583375301,-0.0003219458658366538
1675.0,0.00018192836498943387,-0.0003219460970156354
1676.0,0.00018192787751323907,-0.00032194623265235337
1677.0,0.00018192838899920544,-0.0003219462392653948
1678.0,0.00018192926431646176,-0.00032194617866126296
1679.0,0.00018192919141030273,-0.0003219464379803546
1680.0,0.00018192937999094997,-0.00032194668835103
1681.0,0.0001819302107172231,-0.00032194673739390064
1682.0,0.0001819310437883159,-0.0003219467270350105
1683.0,0.0001819321708879776,-0.0003219467623431026
1684.0,0.0001819330365205374,-0.0003219467498106953
1685.0,0.00018193370897148022,-0.0003219467543195872
1686.0,0.00018193460308670294,-0.00032194672229489337
1687.0,0.00018193552877817425,-0.00032194664282278294
1688.0,0.00018193593873738807,-0.0003219466113530296
1689.0,0.0001819366945772133,-0.00032194655393980585
1690.0,0.0001819379069081157,-0.0003219463188299954
1691.0,0.00018193817701558262,-0.00032194632710785847
1692.0,0.00018193807009968564,-0.000321946370531956
1693.0,0.00018193787465206642,-0.00032194644572639973
1694.0,0.0001819376504557753,-0.00032194643178351854
1695.0,0.00018193714234910794,-0.0003219465713973104
1696.0,0.00018193751279121318,-0.0003219464652880539
1697.0,0.00018193704058590304,-0.0003219466171799053
1698.0,0.00018193558723117985,-0.0003219469677404714
1699.0,0.00018193642405595463,-0.0003219468239646255
1700.0,0.00018193725407287053,-0.0003219466176654783
1701.0,0.0001819379401690877,-0.0003219465541016635
1702.0,0.00018193871932903162,-0.0003219464687101873
1703.0,0.0001819376880517081,-0.00032194691386499365
1704.0,0.00018193725420094894,-0.00032194721767181894
1705.0,0.00018193778276074955,-0.0003219473351342341
1706.0,0.0001819387365013877,-0.00032194726195144984
1707.0,0.00018193957005523755,-0.00032194725582398136
1708.0,0.00018194032756993397,-0.0003219471947805215
1709.0,0.00018194117714343441,-0.0003219471349856779
1710.0,0.00018194209095317225,-0.0003219470220783997
1711.0,0.00018194271020232334,-0.00032194707653194056
1712.0,0.00018194303634901088,-0.0003219471148922057
1713.0,0.00018194561092164208,-0.0003219466700379921
1714.0,0.00018194807605621737,-0.00032194618987568645
1715.0,0.00018194774230364407,-0.00032194640489202473
1716.0,0.00018194695412895214,-0.00032194669891802294
1717.0,0.000181946608100558,-0.0003219469155991829
1718.0,0.00018194598414206312,-0.0003219471470093897
1719.0,0.00018194657880016383,-0.0003219471689526637
1720.0,0.00018194648572658487,-0.0003219473021846393
1721.0,0.00018194618674236769,-0.00032194746929111064
1722.0,0.00018194682913429816,-0.0003219473359435224
1723.0,0.0001819473249454403,-0.0003219472801951202
1724.0,0.0001819456823893823,-0.00032194766451456945
1725.0,0.00018194416601024027,-0.0003219480529267052
1726.0,0.0001819446893877923,-0.00032194792075836566
1727.0,0.0001819452410608157,-0.0003219478422342787
1728.0,0.000181945265592753,-0.00032194785217696343
1729.0,0.00018194555018292993,-0.00032194781212875417
1730.0,0.00018194556972966227,-0.0003219477627390457
1731.0,0.00018194581516726134,-0.00032194772167344545
1732.0,0.00018194663459307985,-0.0003219474951652134
1733.0,0.00018194678283888722,-0.0003219474831646242
1734.0,0.000181945229592874,-0.0003219478369623435
1735.0,0.0001819466516570619,-0.000321947508506909
1736.0,0.00018194906259477492,-0.00032194682521324174
1737.0,0.00018194955757833364,-0.00032194669968106616
1738.0,0.00018194898489060248,-0.0003219468102067245
1739.0,0.00018194872802447038,-0.0003219468781869412
1740.0,0.00018194863936466971,-0.00032194684902944005
1741.0,0.00018194869434970664,-0.0003219468094899263
1742.0,0.00018194894779713104,-0.0003219465708423699
1743.0,0.00018194937118487119,-0.0003219464122218644
1744.0,0.0001819494642190414,-0.0003219462810940384
1745.0,0.000181949469026907,-0.0003219461905462396
1746.0,0.00018194932141163937,-0.00032194610170950755
1747.0,0.00018194963971598872,-0.0003219459471354435
1748.0,0.0001819501361281141,-0.000321945660439285
1749.0,0.00018194959007083534,-0.00032194573614242417
1750.0,0.00018194920189479953,-0.0003219456906835446
1751.0,0.00018194971943000663,-0.0003219454471571359
1752.0,0.00018194992969531006,-0.00032194525496272744
1753.0,0.0001819488245364614,-0.0003219454636434945
1754.0,0.0001819501238818498,-0.0003219449689602446
1755.0,0.00018195163493096045,-0.0003219444530505189
1756.0,0.00018195208439743073,-0.0003219440918998374
1757.0,0.00018195181792541958,-0.00032194387260583247
1758.0,0.0001819515238081811,-0.0003219436228132201
1759.0,0.0001819518928020153,-0.0003219432793050234
1760.0,0.00018195269542986068,-0.0003219427032536162
1761.0,0.0001819518850976077,-0.0003219426839925548
1762.0,0.00018195050508253954,-0.0003219427195318721
1763.0,0.00018194968628726084,-0.0003219425508761918
1764.0,0.00018195040047205355,-0.0003219421141842287
1765.0,0.0001819507091015586,-0.0003219417161762461
1766.0,0.00018195022356624397,-0.0003219415010674177
1767.0,0.00018194998810890691,-0.0003219414234913542
1768.0,0.0001819494369284927,-0.0003219412837619497
1769.0,0.0001819491445550907,-0.0003219411098805792
1770.0,0.00018194979504551612,-0.00032194072211587415
1771.0,0.0001819503956937445,-0.0003219403545140088
1772.0,0.00018194803628295198,-0.00032194065670225757
1773.0,0.00018194824445959252,-0.00032194044850706346
1774.0,0.00018194901136341996,-0.0003219400502678556
1775.0,0.00018194936055436503,-0.0003219398299102146
1776.0,0.00018194888373823296,-0.0003219398106029082
1777.0,0.00018194847800560588,-0.00032193977702900525
1778.0,0.00018194804771148502,-0.0003219396555432711
1779.0,0.00018194809007587468,-0.00032193957077610307
1780.0,0.00018194790506171796,-0.0003219394693144736
1781.0,0.0001819472512511066,-0.000321939453937996
1782.0,0.00018194670960760615,-0.00032193937973782076
1783.0,0.00018194855878365962,-0.00032193879841447843
1784.0,0.00018194834926712214,-0.00032193864862677666
1785.0,0.00018194797751467653,-0.0003219386515170919
1786.0,0.00018194729528051538,-0.0003219386976465246
1787.0,0.00018194667772593987,-0.0003219387467818853
1788.0,0.00018194603786602056,-0.0003219387145953338
1789.0,0.0001819454884885559,-0.0003219387098783392
1790.0,0.0001819447687372794,-0.0003219386701538452
1791.0,0.00018194390516382598,-0.0003219388022990622
1792.0,0.0001819422880658105,-0.000321939071352736
1793.0,0.0001819428498964353,-0.00032193884623185533
1794.0,0.0001819421689627624,-0.00032193889802630606
1795.0,0.00018194113813863936,-0.0003219391006258497
1796.0,0.00018194120681821156,-0.00032193898279347417
1797.0,0.00018193923578049853,-0.00032193946989253665
1798.0,0.000181938230306044,-0.0003219397206331725
1799.0,0.00018193761006182234,-0.000321939980784675
1800.0,0.00018193751989463758,-0.0003219400592625169
1801.0,0.00018193790058301378,-0.0003219400947787117
1802.0,0.0001819377293323576,-0.0003219402236867756
1803.0,0.00018193714151167232,-0.0003219405253894513
1804.0,0.00018193836552726458,-0.00032194035187804124
1805.0,0.0001819399697090673,-0.0003219401881705808
1806.0,0.00018194089360744117,-0.0003219400703844503
1807.0,0.000181941749210478,-0.0003219400356312987
1808.0,0.00018194184455991137,-0.00032194017392710676
1809.0,0.00018194150580242877,-0.0003219403973369208
1810.0,0.00018194240909003449,-0.00032194026433617046
1811.0,0.00018194400075956393,-0.00032194001974612563
1812.0,0.0001819439078731765,-0.0003219401357980669
1813.0,0.0001819441017050376,-0.00032194019395121137
1814.0,0.0001819445331321596,-0.0003219401483304742
1815.0,0.0001819447093877251,-0.00032194025908735774
1816.0,0.00018194595718648866,-0.0003219400323479005
1817.0,0.00018194754118116706,-0.0003219398143025118
1818.0,0.0001819481505879867,-0.00032193975850786457
1819.0,0.00018194822640053986,-0.00032193988117284734
1820.0,0.00018194808217442343,-0.00032193998853072004
1821.0,0.00018194851652764395,-0.00032194001361865714
1822.0,0.0001819493167515565,-0.0003219399050352907
1823.0,0.00018194975714416563,-0.000321939950170455
1824.0,0.00018195000721229104,-0.0003219401112881929
1825.0,0.00018195113227255068,-0.0003219400655287205
1826.0,0.00018195193854570398,-0.0003219400339433546
1827.0,0.00018195314993079675,-0.00032193995602045316
1828.0,0.00018195299842391663,-0.00032194012178581814
1829.0,0.00018195240476088646,-0.0003219404521372995
1830.0,0.00018195389904158055,-0.000321940232820172
1831.0,0.000181954952151343,-0.0003219401580881788
1832.0,0.00018195459323629265,-0.00032194036422546836
1833.0,0.00018195550075048513,-0.0003219403900995712
1834.0,0.00018195666144609307,-0.0003219402767760876
1835.0,0.0001819565139786082,-0.0003219405173196909
1836.0,0.00018195698483416918,-0.00032194057318370563
1837.0,0.00018195783365890366,-0.00032194058680287154
1838.0,0.00018195892226608378,-0.00032194051151593773
1839.0,0.00018195991915928635,-0.00032194055454695236
1840.0,0.00018196065101889656,-0.0003219405733455633
1841.0,0.0001819612204652593,-0.00032194061633033296
1842.0,0.00018196161831613943,-0.0003219406323773637
1843.0,0.00018196178058160412,-0.0003219407432961049
1844.0,0.00018196201984188405,-0.00032194076607178977
1845.0,0.00018196197726074635,-0.00032194089810139414
1846.0,0.0001819592145705205,-0.00032194165420788536
1847.0,0.00018195991193763577,-0.0003219415854415029
1848.0,0.00018196226821543386,-0.0003219410610226888
1849.0,0.00018196171641433206,-0.00032194128410878756
1850.0,0.00018196140966659412,-0.00032194140295855407
1851.0,0.00018196110751982596,-0.00032194164266974653
1852.0,0.00018196096321489204,-0.0003219417519699112
1853.0,0.00018196066622081595,-0.0003219418950058364
1854.0,0.00018196066817154828,-0.00032194191322638423
1855.0,0.00018196091366826046,-0.00032194193537776094
1856.0,0.00018196089103779463,-0.0003219419748479071
1857.0,0.00018196125809074866,-0.0003219420286308949
1858.0,0.00018196131007086963,-0.00032194207785874563
1859.0,0.00018196150749877774,-0.0003219421322197964
1860.0,0.00018196105607172294,-0.00032194230674859747
1861.0,0.00018196183172428947,-0.00032194223326522043
1862.0,0.0001819632626652949,-0.00032194192779357354
1863.0,0.00018196368538308654,-0.0003219420498342482
1864.0,0.00018196339444810338,-0.0003219423002974137
1865.0,0.0001819628913561975,-0.0003219425369564332
1866.0,0.00018196422001183227,-0.0003219423017772551
1867.0,0.00018196542650038977,-0.00032194216412887767
1868.0,0.00018196574255844125,-0.0003219421319423261
1869.0,0.00018196639656609627,-0.00032194209728166463
1870.0,0.00018196680256473224,-0.0003219421258379802
1871.0,0.00018196759766550932,-0.0003219420373712085
1872.0,0.00018196818395910608,-0.0003219419577834854
1873.0,0.00018196939763975766,-0.0003219417960645619
1874.0,0.00018197085514225022,-0.0003219414410182264
1875.0,0.00018197101927962982,-0.0003219415225713638
1876.0,0.00018197093512227705,-0.00032194164932903305
1877.0,0.00018197154029265774,-0.00032194165298239164
1878.0,0.00018197312946958475,-0.00032194135664414115
1879.0,0.00018197373074835285,-0.00032194137488781156
1880.0,0.0001819737702260527,-0.0003219413944494657
1881.0,0.00018197368789135397,-0.0003219415207909296
1882.0,0.0001819744943911075,-0.00032194134189197167
1883.0,0.00018197492416306265,-0.00032194128834020914
1884.0,0.00018197483476434822,-0.0003219413531063952
1885.0,0.0001819747694049619,-0.0003219414058257469
1886.0,0.00018197515740365835,-0.0003219412669981208
1887.0,0.0001819737454281065,-0.0003219417185347434
1888.0,0.0001819719434932736,-0.00032194221159941673
1889.0,0.0001819724513733407,-0.0003219421846154328
1890.0,0.00018197309244507857,-0.00032194208669154926
1891.0,0.00018197330738031707,-0.0003219421455152469
1892.0,0.00018197303632704048,-0.00032194229250512356
1893.0,0.000181972979755802,-0.00032194243699776765
1894.0,0.00018197280960859035,-0.000321942542390226
1895.0,0.0001819729481795534,-0.0003219425791319145
1896.0,0.00018197347424675153,-0.00032194252176493576
1897.0,0.000181972732337914,-0.0003219427941713753
1898.0,0.00018197141661819639,-0.0003219430809369014
1899.0,0.00018196990160850788,-0.00032194351385989327
1900.0,0.00018197045205986054,-0.00032194331532991365
1901.0,0.00018197037390248766,-0.00032194327377874045
1902.0,0.00018196998439640709,-0.00032194330279750635
1903.0,0.0001819689483998876,-0.00032194356197786294
1904.0,0.00018196778650231334,-0.0003219437938273977
1905.0,0.00018196662985595286,-0.00032194404609412
1906.0,0.00018196509979212776,-0.0003219442906379197
1907.0,0.0001819646234587527,-0.00032194430210669096
1908.0,0.00018196470257178743,-0.0003219441493361837
1909.0,0.00018196267494313147,-0.00032194453876571044
1910.0,0.00018196084179658074,-0.00032194485730158265
1911.0,0.00018195984558317887,-0.0003219450660517173
1912.0,0.00018195929356532898,-0.000321945095371076
1913.0,0.000181958584464263,-0.0003219451713516855
1914.0,0.00018195730563112098,-0.00032194541873955553
1915.0,0.00018195823868217347,-0.00032194523024475075
1916.0,0.00018195951907196056,-0.0003219449157321975
1917.0,0.0001819609919241552,-0.00032194463786884255
1918.0,0.00018196031920720345,-0.0003219448676142278
1919.0,0.00018195981466702658,-0.0003219450734971696
1920.0,0.00018196025804484734,-0.0003219449991351367
1921.0,0.00018196064688097942,-0.0003219449534219094
1922.0,0.00018196075063432545,-0.0003219449557804067
1923.0,0.00018196146997181024,-0.0003219449326347615
1924.0,0.00018196155677940038,-0.0003219450102339476
1925.0,0.0001819610566431496,-0.0003219452215738048
1926.0,0.00018196269725832744,-0.00032194488983497204
1927.0,0.00018196413878057807,-0.00032194468855341226
1928.0,0.00018196514155553427,-0.00032194450368884357
1929.0,0.0001819663239850593,-0.00032194435397050927
1930.0,0.0001819656881645353,-0.0003219446220761596
1931.0,0.00018196529425452864,-0.0003219448196349933
1932.0,0.00018196563921888694,-0.00032194476904291367
1933.0,0.00018196542032307062,-0.0003219448576021755
1934.0,0.00018196448232622194,-0.00032194504609698026
1935.0,0.00018196614890190368,-0.00032194474707651714
1936.0,0.0001819671391941432,-0.00032194458024751606
1937.0,0.00018196731897679043,-0.00032194460887319915
1938.0,0.00018196639695033142,-0.0003219448779037504
1939.0,0.00018196555022411206,-0.00032194516913192333
1940.0,0.0001819646826211155,-0.00032194538387079135
1941.0,0.00018196369562935752,-0.0003219457103839339
1942.0,0.0001819621498020386,-0.00032194623651381465
1943.0,0.00018196177385256272,-0.000321946492410773
1944.0,0.00018196287535625125,-0.00032194635078532167
1945.0,0.0001819609533627084,-0.00032194702249460514
1946.0,0.00018195804960891707,-0.0003219478265803308
1947.0,0.0001819583274700525,-0.0003219478872075853
1948.0,0.0001819590518617075,-0.00032194788903426455
1949.0,0.0001819591130930289,-0.00032194804931959167
1950.0,0.00018195970224375898,-0.0003219480578055575
1951.0,0.00018195989031209264,-0.00032194826116814436
1952.0,0.0001819598129133379,-0.0003219484872601709
1953.0,0.00018196007101099296,-0.0003219486038439302
1954.0,0.00018196101411127277,-0.00032194856021172994
1955.0,0.00018196265944564658,-0.0003219484591663059
1956.0,0.00018196270271643715,-0.0003219486563320567
1957.0,0.00018196279624321655,-0.00032194883446797135
1958.0,0.000181963562289904,-0.0003219488101893225
1959.0,0.0001819644307795971,-0.0003219488349997893
1960.0,0.00018196494550693184,-0.00032194885564820205
1961.0,0.00018196623882278385,-0.0003219486896053668
1962.0,0.00018196694740168408,-0.0003219486223650709
1963.0,0.00018196693716526527,-0.0003219487059298678
1964.0,0.00018196822150577798,-0.0003219483979147433
1965.0,0.0001819696170675919,-0.0003219480439551664
1966.0,0.0001819703883851976,-0.00032194775487738803
1967.0,0.00018197144297278764,-0.0003219474091263066
1968.0,0.00018197084967428828,-0.0003219474027676128
1969.0,0.00018196970609192338,-0.00032194757738890405
1970.0,0.00018196875538575776,-0.0003219477100659391
1971.0,0.0001819704695671909,-0.0003219472327014587
1972.0,0.00018197172342504742,-0.000321946790853173
1973.0,0.00018197211377841578,-0.0003219465923000709
1974.0,0.00018197195412377972,-0.00032194645617778
1975.0,0.00018197185662657033,-0.00032194643206098886
1976.0,0.0001819722367533721,-0.0003219462733942383
1977.0,0.00018197283144102933,-0.0003219461082763039
1978.0,0.0001819724716786912,-0.00032194614601226097
1979.0,0.0001819718590600597,-0.00032194622825907406
1980.0,0.0001819724621614818,-0.00032194600147337176
1981.0,0.0001819726503973026,-0.00032194592657952087
1982.0,0.00018197140310100042,-0.00032194616622134575
1983.0,0.0001819719910202075,-0.00032194608503816866
1984.0,0.00018197367484706282,-0.0003219456988457951
1985.0,0.00018197488540457217,-0.00032194542465892133
1986.0,0.00018197429768240876,-0.00032194553698813643
1987.0,0.00018197392091520167,-0.0003219456437448236
1988.0,0.00018197402978183098,-0.0003219455645501834
1989.0,0.00018197453207570994,-0.0003219454500243287
1990.0,0.00018197499622193386,-0.00032194530911567557
1991.0,0.00018197521057589352,-0.00032194526171450415
1992.0,0.0001819753697871813,-0.00032194513315327814
1993.0,0.00018197518287155312,-0.0003219450902147535
1994.0,0.00018197459624298205,-0.0003219451374771898
1995.0,0.00018197399457997877,-0.00032194520635918486
1996.0,0.00018197401422523297,-0.0003219451256847033
1997.0,0.00018197333616839768,-0.00032194522062578134
1998.0,0.00018197269868285465,-0.0003219453143413657
1999.0,0.0001819720206260194,-0.0003219454546025882
2000.0,0.00018197217517722426,-0.00032194534384570464
2001.0,0.00018197330607982884,-0.0003219450143960017
2002.0,0.00018197245710731158,-0.00032194518147935045
2003.0,0.00018197149938639122,-0.00032194537950063455
2004.0,0.00018197135306175963,-0.00032194534389194966
2005.0,0.00018197145646042706,-0.00032194526111331854
2006.0,0.00018197091778243384,-0.00032194524707794726
2007.0,0.00018197063077847196,-0.00032194520594297943
2008.0,0.00018197140922905866,-0.00032194484765949073
2009.0,0.00018197184340493986,-0.0003219445673913935
2010.0,0.00018197154193797237,-0.00032194444042562154
2011.0,0.00018197136373167456,-0.0003219443241655775
2012.0,0.00018197162222341695,-0.00032194405689233807
2013.0,0.00018196995653443172,-0.00032194427817488
2014.0,0.0001819687766861788,-0.00032194439089717797
2015.0,0.0001819692112561474,-0.00032194416723301623
2016.0,0.00018196947728481029,-0.00032194397526983304
2017.0,0.00018197018799178218,-0.0003219437420098244
2018.0,0.00018197055902501844,-0.00032194353587253487
2019.0,0.00018197006895769935,-0.00032194354657826284
2020.0,0.00018197136138685483,-0.00032194299755708465
2021.0,0.00018197246776737429,-0.0003219425477777738
2022.0,0.0001819733240502118,-0.000321942082830088
2023.0,0.00018197369759575486,-0.0003219418132908413
2024.0,0.00018197287498768108,-0.00032194173261635973
2025.0,0.00018197205895101377,-0.00032194167619740434
2026.0,0.00018197158756343487,-0.00032194142682099745
2027.0,0.00018197116469786048,-0.0003219413032311138
2028.0,0.0001819714138398806,-0.0003219409656885279
2029.0,0.0001819732989172913,-0.0003219402313634531
2030.0,0.00018197292227816258,-0.0003219400740609314
2031.0,0.00018197235017171023,-0.000321940106293728
2032.0,0.00018197209946319292,-0.00032194001685581036
2033.0,0.00018197293116483222,-0.000321939643681417
2034.0,0.00018197281821939886,-0.00032193957757412474
2035.0,0.00018197245333392525,-0.00032193958643005093
2036.0,0.0001819740633974816,-0.0003219390800468045
2037.0,0.00018197553941222717,-0.0003219386471931802
2038.0,0.00018197635407944099,-0.0003219383787638146
2039.0,0.00018197651238432784,-0.00032193832865730793
2040.0,0.00018197685789055624,-0.0003219382045356063
2041.0,0.00018197728053938263,-0.00032193808173188837
2042.0,0.00018197593743059443,-0.00032193835501698377
2043.0,0.00018197496538459903,-0.0003219386083010971
2044.0,0.00018197431534737406,-0.0003219387416486853
2045.0,0.00018197323955788483,-0.0003219389900077012
2046.0,0.00018197166241047406,-0.00032193933922716105
2047.0,0.00018197205590668903,-0.0003219392930283608
2048.0,0.00018197198369018284,-0.00032193932921510877
2049.0,0.0001819708646693118,-0.00032193967300077575
2050.0,0.0001819700243371596,-0.00032193991752145295
2051.0,0.00018196935310788758,-0.0003219401843553645
2052.0,0.00018196896238998844,-0.0003219403636474053
2053.0,0.00018196894074474094,-0.00032194052164360266
2054.0,0.00018196922413295143,-0.00032194052268411615
2055.0,0.00018196983474173743,-0.00032194051755091613
2056.0,0.00018197014161755378,-0.000321940553598929
2057.0,0.00018197013223827493,-0.00032194068211390995
2058.0,0.00018197023666156946,-0.00032194074759689416
2059.0,0.00018197095569363653,-0.00032194073245164176
2060.0,0.00018197113046152226,-0.0003219406895362397
2061.0,0.0001819715992973856,-0.0003219406196830987
2062.0,0.0001819718526561403,-0.00032194061369436534
2063.0,0.000181972116527175,-0.00032194062902459787
2064.0,0.00018197439010574358,-0.00032194012016724155
2065.0,0.0001819749713648745,-0.0003219400893680414
2066.0,0.0001819749212468163,-0.00032194016495556803
2067.0,0.00018197543691996068,-0.0003219401507814616
2068.0,0.0001819759550364466,-0.00032194011621329024
2069.0,0.00018197620899618457,-0.0003219401566777049
2070.0,0.00018197618719330213,-0.00032194020123480605
2071.0,0.0001819758755096202,-0.00032194035754305923
2072.0,0.00018197740059809256,-0.0003219400033753796
2073.0,0.00018197865158896362,-0.000321939715615585
2074.0,0.00018197898603118976,-0.00032193962566897185
2075.0,0.00018197884510555486,-0.0003219396496701504
2076.0,0.00018197881450467246,-0.0003219396058298474
2077.0,0.00018197711662860323,-0.00032193998774455426
2078.0,0.00018197509936444448,-0.0003219404372463949
2079.0,0.0001819741160574032,-0.00032194072865954806
2080.0,0.00018197323497661942,-0.00032194099688081097
2081.0,0.00018197322942984002,-0.00032194112243610906
2082.0,0.00018197293864263963,-0.00032194130910423457
2083.0,0.00018197286751972587,-0.0003219414762800734
2084.0,0.000181974259820467,-0.0003219413437880186
2085.0,0.00018197378473831924,-0.00032194174778473454
2086.0,0.00018197332493690831,-0.00032194207552337084
2087.0,0.000181973277065148,-0.000321942360346605
2088.0,0.00018197373989117926,-0.0003219425390143377
2089.0,0.0001819752861421421,-0.00032194240677663053
2090.0,0.00018197675795985748,-0.0003219422214264888
2091.0,0.0001819777108827644,-0.0003219422434160079
2092.0,0.00018197789001516752,-0.000321942387330589
2093.0,0.00018197812484196482,-0.00032194249535901485
2094.0,0.00018197872788427378,-0.0003219425575123558
2095.0,0.0001819793683254719,-0.00032194262660245355
2096.0,0.00018198065625217949,-0.00032194255792856124
2097.0,0.0001819815705643787,-0.00032194260969988945
2098.0,0.00018198196664186576,-0.0003219428899679867
2099.0,0.0001819821287693999,-0.0003219430982787934
2100.0,0.00018198224096606727,-0.000321943271281508
2101.0,0.00018198254337884438,-0.00032194336906665635
2102.0,0.00018198364444903687,-0.0003219432020295526
2103.0,0.00018198411412233577,-0.00032194324536116004
2104.0,0.00018198500750849696,-0.00032194313268510714
2105.0,0.0001819848156667769,-0.0003219432473265745
2106.0,0.00018198422521555863,-0.00032194342964766574
2107.0,0.000181986287523901,-0.0003219429695325872
2108.0,0.0001819865617594329,-0.00032194283729488005
2109.0,0.0001819866707639928,-0.00032194279061050683
2110.0,0.00018198688705883264,-0.00032194273000637493
2111.0,0.0001819873177864496,-0.0003219426639453276
2112.0,0.00018198708479215847,-0.00032194273518581997
2113.0,0.00018198718586571054,-0.00032194274434233893
2114.0,0.0001819875451354395,-0.0003219426396435563
2115.0,0.00018198789966626812,-0.0003219425920574047
2116.0,0.0001819881984928504,-0.00032194253318746193
2117.0,0.0001819888098799589,-0.00032194244379578937
2118.0,0.00018198980998497335,-0.00032194222325316815
2119.0,0.0001819909082374413,-0.0003219420090923632
2120.0,0.00018199061374581983,-0.0003219420603781185
2121.0,0.0001819904404557616,-0.00032194209876150616
2122.0,0.00018199043425873808,-0.00032194207087574383
2123.0,0.00018199079875012438,-0.00032194196992280983
2124.0,0.0001819916669048432,-0.00032194178165923025
2125.0,0.0001819925985076247,-0.0003219416177205446
2126.0,0.00018199263672424507,-0.0003219415699262902
2127.0,0.00018199244254755753,-0.0003219416324033465
2128.0,0.0001819922626466841,-0.00032194159586976066
2129.0,0.00018199250405474005,-0.00032194147565576533
2130.0,0.00018199143356572564,-0.0003219416392938582
2131.0,0.00018199091162659245,-0.00032194173416556874
2132.0,0.00018199142583176148,-0.00032194149912512585
2133.0,0.00018199009873277173,-0.0003219417634155599
2134.0,0.00018198860436340799,-0.00032194204361428956
2135.0,0.00018198734454498037,-0.0003219423545659744
2136.0,0.00018198868683603732,-0.0003219420967267241
2137.0,0.00018198975228073371,-0.0003219419724894098
2138.0,0.0001819897287931279,-0.00032194204761448595
2139.0,0.0001819897999554504,-0.0003219421406826397
2140.0,0.0001819894484689465,-0.00032194229252824607
2141.0,0.00018198921468648072,-0.00032194240143532777
2142.0,0.00018198929172070466,-0.0003219424173205009
2143.0,0.0001819895877788233,-0.0003219424613920291
2144.0,0.00018198940179915254,-0.0003219425886352713
2145.0,0.00018199037545105388,-0.00032194242934421266
2146.0,0.00018199063801174813,-0.00032194241845350446
2147.0,0.00018199083835590267,-0.0003219424377376884
2148.0,0.0001819899992749778,-0.000321942688339589
2149.0,0.00018199008472296658,-0.00032194279213659333
2150.0,0.0001819910206607089,-0.0003219426498637113
2151.0,0.00018199013637796544,-0.00032194300111795316
2152.0,0.0001819901059839789,-0.00032194306599975177
2153.0,0.00018198926401636424,-0.00032194329243861623
2154.0,0.00018198809131094446,-0.0003219435653768738
2155.0,0.0001819884548663733,-0.00032194347427413444
2156.0,0.00018198899467736763,-0.00032194329216114596
2157.0,0.00018198872061917504,-0.0003219433383599462
2158.0,0.00018198828014774846,-0.00032194345029607846
2159.0,0.00018198788976482355,-0.000321943561006717
2160.0,0.00018198717778691994,-0.00032194368982229075
2161.0,0.00018198691097993453,-0.0003219436813363249
2162.0,0.00018198727986539474,-0.00032194350511957967
2163.0,0.00018198615717951132,-0.0003219437499177272
2164.0,0.00018198481647465598,-0.00032194404535419924
2165.0,0.00018198397765974007,-0.00032194424455473205
2166.0,0.00018198348410474797,-0.00032194428289187465
2167.0,0.00018198314356402014,-0.0003219442959560999
2168.0,0.00018198229498559026,-0.00032194440044677985
2169.0,0.00018198124442754334,-0.0003219445691024602
2170.0,0.0001819825232705376,-0.0003219441854766866
2171.0,0.00018198203623769106,-0.0003219442951930567
2172.0,0.0001819810777877091,-0.0003219444729821335
2173.0,0.0001819800184513666,-0.0003219446549563868
2174.0,0.0001819793440102827,-0.00032194473872928646
2175.0,0.00018197838777704202,-0.00032194495034661386
2176.0,0.00018197759157282043,-0.0003219450961341193
2177.0,0.00018197644911360444,-0.0003219453438225821
2178.0,0.00018197530608296184,-0.00032194555971757624
2179.0,0.00018197542219094615,-0.0003219454731237288
2180.0,0.00018197452048954199,-0.0003219455297045418
2181.0,0.00018197386518139876,-0.0003219455877420737
2182.0,0.00018197340865091282,-0.00032194560251736567
2183.0,0.0001819710739888056,-0.000321946165920753
2184.0,0.00018197103704311693,-0.0003219461260344013
2185.0,0.00018197144485455473,-0.0003219460228385827
2186.0,0.0001819708384526511,-0.00032194609865733456
2187.0,0.00018196990265283933,-0.00032194637869420656
2188.0,0.00018196920620197718,-0.0003219465620789338
2189.0,0.00018196860904142183,-0.0003219467659964612
2190.0,0.0001819681733680087,-0.000321946962676639
2191.0,0.0001819686550314151,-0.000321946953473875
2192.0,0.00018196787753649022,-0.00032194722895561006
2193.0,0.00018196700929310177,-0.0003219475459191507
2194.0,0.00018196870479479473,-0.0003219472340656875
2195.0,0.00018196847068720687,-0.0003219474249189896
2196.0,0.00018196771333999753,-0.0003219477668317322
2197.0,0.0001819670239137423,-0.00032194806266128725
2198.0,0.0001819662854236125,-0.0003219482986959986
2199.0,0.00018196501795989038,-0.0003219486677545829
2200.0,0.0001819636438364281,-0.0003219489599539018
2201.0,0.00018196256179080225,-0.000321949196335451
2202.0,0.00018196093626916978,-0.0003219495400517505
2203.0,0.0001819594049048564,-0.00032194998226999644
2204.0,0.0001819585727106079,-0.0003219501871355473
2205.0,0.00018195810359888345,-0.00032195036406909073
2206.0,0.00018195564530172365,-0.0003219510005858947
2207.0,0.0001819530978028931,-0.0003219516797406304
2208.0,0.0001819508417513592,-0.00032195224147919604
2209.0,0.00018195129301092693,-0.0003219522122523274
2210.0,0.000181951576753816,-0.0003219521995349399
2211.0,0.00018195203266361442,-0.00032195220369699403
2212.0,0.00018195214571742178,-0.0003219523121416253
2213.0,0.00018195054869815658,-0.0003219528570007494
2214.0,0.00018194964975536387,-0.00032195320258997316
2215.0,0.00018194943862306825,-0.00032195346477625767
2216.0,0.00018194936651493612,-0.000321953618124828
2217.0,0.00018194923303755205,-0.00032195385323463847
2218.0,0.00018194914492947366,-0.0003219540213585008
2219.0,0.00018194928140192158,-0.0003219541448327718
2220.0,0.0001819490314421702,-0.00032195427455012396
2221.0,0.0001819484664292901,-0.0003219545317419436
2222.0,0.00018194778418527678,-0.0003219547794766514
2223.0,0.00018194744652138655,-0.0003219550008285609
2224.0,0.00018194631988477752,-0.0003219553872752822
2225.0,0.00018194619391475738,-0.0003219555249236596
2226.0,0.00018194748828479304,-0.00032195524590417866
2227.0,0.0001819467839226274,-0.0003219555159983659
2228.0,0.00018194641711597796,-0.0003219556579706551
2229.0,0.00018194640899777865,-0.0003219558232966921
2230.0,0.0001819468417746498,-0.000321955857841741
2231.0,0.000181946989636222,-0.00032195593386859554
2232.0,0.00018194698321259827,-0.00032195599310849856
2233.0,0.00018194715802974493,-0.00032195604388555836
2234.0,0.0001819468379618547,-0.000321956089922501
2235.0,0.00018194688277943811,-0.0003219561543880942
2236.0,0.00018194686386324553,-0.0003219561934651575
2237.0,0.00018194685943961507,-0.00032195622634538474
2238.0,0.00018194727352689385,-0.000321956123103321
2239.0,0.0001819469711436733,-0.0003219563181649222
2240.0,0.00018194727927071691,-0.0003219562829955653
2241.0,0.00018194923627892046,-0.00032195588729983486
2242.0,0.00018194866861580297,-0.0003219561177620183
2243.0,0.00018194894905821055,-0.000321956166989869
2244.0,0.00018194867499016578,-0.0003219563252172916
2245.0,0.00018194753056051307,-0.000321956740289696
2246.0,0.000181948319483971,-0.00032195659255989875
2247.0,0.00018194954871136835,-0.0003219563767111496
2248.0,0.0001819498462768711,-0.00032195634440898547
2249.0,0.00018194962854361246,-0.0003219564460555951
2250.0,0.00018194951684940644,-0.0003219564755368115
2251.0,0.0001819492389193057,-0.00032195659385476
2252.0,0.0001819492027716439,-0.0003219565606970625
2253.0,0.0001819504323241633,-0.0003219563172862664
2254.0,0.00018194977628695848,-0.0003219564599291087
2255.0,0.0001819491745549899,-0.0003219566313826143
2256.0,0.00018194887728505265,-0.00032195667392805597
2257.0,0.000181948616044551,-0.0003219567076638165
2258.0,0.00018194839874478844,-0.0003219565886521924
2259.0,0.00018194897905810973,-0.00032195635876807203
2260.0,0.00018194805087403597,-0.00032195643627476797
2261.0,0.0001819466703959152,-0.0003219566064102898
2262.0,0.00018194805450949176,-0.0003219560600250792
2263.0,0.0001819476703432947,-0.0003219560508454377
2264.0,0.00018194566134511805,-0.0003219562805908229
2265.0,0.00018194477484563329,-0.00032195635562340895
2266.0,0.0001819441880692795,-0.0003219563195522736
2267.0,0.00018194387700628511,-0.0003219561754527123
2268.0,0.00018194363361794024,-0.0003219559961375491
2269.0,0.00018194362769677789,-0.0003219558375401661
2270.0,0.00018194395822768711,-0.00032195544304680694
2271.0,0.00018194516644037676,-0.00032195501047065284
2272.0,0.00018194428506402752,-0.00032195505592953245
2273.0,0.00018194321990504445,-0.00032195504046056477
2274.0,0.0001819428429703502,-0.0003219548702325529
2275.0,0.0001819424907055238,-0.00032195479402071815
2276.0,0.0001819420464607109,-0.00032195466106621284
2277.0,0.00018194364880015526,-0.0003219540831881264
2278.0,0.00018194508797758622,-0.0003219535105126075
2279.0,0.00018194511314006322,-0.0003219532751715719
2280.0,0.00018194415356693233,-0.0003219531740799027
2281.0,0.00018194434865987296,-0.0003219529584855014
2282.0,0.00018194499848034993,-0.00032195248738722457
2283.0,0.00018194451214700844,-0.0003219524025738115
2284.0,0.0001819434129979918,-0.00032195237311571755
2285.0,0.00018194247714891913,-0.00032195228737740353
2286.0,0.00018194375743033216,-0.0003219515813311739
2287.0,0.00018194421354702638,-0.00032195107730642483
2288.0,0.00018194397572516527,-0.0003219507462843904
2289.0,0.00018194312622063014,-0.0003219504487900137
2290.0,0.00018194189958435704,-0.00032195026288493153
2291.0,0.0001819412448180839,-0.00032195008171996645
2292.0,0.00018194068415001679,-0.00032194976660622753
2293.0,0.00018194046183549274,-0.0003219492054457249
2294.0,0.00018194075916454312,-0.0003219485686052057
2295.0,0.00018194029858480966,-0.000321948224611436
2296.0,0.00018193868242275167,-0.0003219481305490138
2297.0,0.0001819367271583846,-0.00032194824946814787
2298.0,0.00018193730606284365,-0.00032194751474999014
2299.0,0.0001819378487506756,-0.0003219468861179665
2300.0,0.0001819378168887137,-0.00032194647802856393
2301.0,0.0001819375199340463,-0.00032194614365376367
2302.0,0.00018193690584743946,-0.000321945871154834
2303.0,0.00018193627116976877,-0.0003219456380798056
2304.0,0.00018193577770344633,-0.00032194524425699947
2305.0,0.00018193652618369034,-0.0003219448007901373
2306.0,0.00018193583216631753,-0.0003219445608939646
2307.0,0.00018193519437535683,-0.000321944491942602
2308.0,0.00018193461818024828,-0.0003219442973434513
2309.0,0.00018193424434899188,-0.0003219439960569809
2310.0,0.00018193397395581162,-0.0003219435016512013
2311.0,0.00018193455963857303,-0.0003219430716878923
2312.0,0.00018193387146354513,-0.0003219428042990402
2313.0,0.00018193248269973792,-0.000321942678073189
2314.0,0.00018193372160197965,-0.000321941929805233
2315.0,0.00018193546962566362,-0.00032194113173136314
2316.0,0.0001819348494109985,-0.0003219408854533743
2317.0,0.00018193405831020803,-0.0003219407969866026
2318.0,0.00018193318389935262,-0.00032194061737084645
2319.0,0.00018193292408741758,-0.00032194028371284445
2320.0,0.0001819324849854445,-0.0003219399972479111
2321.0,0.00018193238154736837,-0.00032193973725826625
2322.0,0.00018193216952837625,-0.00032193931804693035
2323.0,0.00018193196570640092,-0.000321939109620511
2324.0,0.00018193133774791945,-0.0003219388781640591
2325.0,0.0001819311559554268,-0.0003219384763177377
2326.0,0.00018193120147251524,-0.00032193812901744725
2327.0,0.00018192997435348518,-0.00032193808402101814
2328.0,0.00018192814966996022,-0.00032193816647593397
2329.0,0.00018192580757930653,-0.00032193846586635745
2330.0,0.00018192574213125054,-0.00032193816520419523
2331.0,0.00018192595598274884,-0.0003219378935145539
2332.0,0.00018192530228051154,-0.00032193778634166133
2333.0,0.00018192418058969871,-0.0003219378121001516
2334.0,0.00018192275929398107,-0.0003219378928208782
2335.0,0.00018192141302264195,-0.00032193804892102876
2336.0,0.0001819204864346219,-0.0003219380400882251
2337.0,0.00018192074804950655,-0.0003219378376274166
2338.0,0.00018191878797727386,-0.00032193817720478445
2339.0,0.00018191687555020136,-0.0003219385015444099
2340.0,0.00018191551094394847,-0.00032193869570423274
2341.0,0.0001819141812045735,-0.0003219388909276916
2342.0,0.00018191305785859378,-0.0003219389435314307
2343.0,0.00018191174398123452,-0.00032193904705096467
2344.0,0.00018190995538625826,-0.000321939340198307
2345.0,0.00018190954916102203,-0.0003219392250481441
2346.0,0.0001819099639182493,-0.0003219389935223247
2347.0,0.00018191010976012384,-0.00032193888463836546
2348.0,0.00018191026220296146,-0.00032193875087457185
2349.0,0.00018190890508436812,-0.00032193904980254483
2350.0,0.00018190759783752843,-0.00032193937222300094
2351.0,0.00018190710874557554,-0.0003219395212014145
2352.0,0.00018190676453983537,-0.0003219396423634332
2353.0,0.0001819061750935398,-0.0003219398456104074
2354.0,0.00018190729554297752,-0.00032193955479843986
2355.0,0.00018190819893895726,-0.00032193932551550516
2356.0,0.00018190824619003005,-0.0003219392809352814
2357.0,0.00018190668812629901,-0.0003219396689080892
2358.0,0.00018190579325245813,-0.00032193991955623496
2359.0,0.00018190638049186454,-0.0003219398686866851
2360.0,0.00018190507301842464,-0.0003219402082871755
2361.0,0.00018190441224231945,-0.0003219404765315609
2362.0,0.00018190351039313254,-0.0003219407845929304
2363.0,0.0001819026504649871,-0.0003219410668726871
2364.0,0.00018190341793038902,-0.0003219409618964342
2365.0,0.00018190422977987827,-0.00032194093565237095
2366.0,0.00018190440627189616,-0.00032194100976005617
2367.0,0.00018190414790823214,-0.00032194137514215927
2368.0,0.00018190372911160957,-0.0003219416835734891
2369.0,0.00018190371749588505,-0.00032194184207838197
2370.0,0.00018190446209436872,-0.0003219419431006835
2371.0,0.00018190574673044695,-0.0003219419128564239
2372.0,0.0001819050622401357,-0.00032194229641282986
2373.0,0.00018190489820127796,-0.0003219426189488985
2374.0,0.00018190543986448284,-0.0003219427517184237
2375.0,0.00018190515026939662,-0.0003219430378133966
2376.0,0.0001819046118968211,-0.00032194336499709233
2377.0,0.00018190596880851857,-0.0003219433146593605
2378.0,0.00018190711616426983,-0.0003219432938490901
2379.0,0.00018190798399386656,-0.0003219434188263251
2380.0,0.00018190742222235488,-0.00032194381940090774
2381.0,0.0001819065736833337,-0.00032194430985273603
2382.0,0.00018190674676649607,-0.00032194450988567964
2383.0,0.00018190828532290348,-0.0003219444503683063
2384.0,0.00018190849537145888,-0.000321944693316652
2385.0,0.00018190807349110285,-0.00032194515553588004
2386.0,0.00018190832891881611,-0.0003219453204919567
2387.0,0.0001819083605935866,-0.000321945640623283
2388.0,0.00018190741226179722,-0.0003219461253869707
2389.0,0.0001819088167102808,-0.00032194602616822594
2390.0,0.0001819098553865942,-0.00032194594995639124
2391.0,0.00018191026635073075,-0.0003219461061952769
2392.0,0.00018191032522738024,-0.00032194622712607043
2393.0,0.0001819101391294833,-0.00032194644463964117
2394.0,0.00018191038488235225,-0.0003219465675127266
2395.0,0.000181909159201741,-0.00032194708527225416
2396.0,0.0001819083944456896,-0.0003219474130340129
2397.0,0.00018190855671115427,-0.00032194769119796063
2398.0,0.0001819086092528497,-0.0003219478762012645
2399.0,0.00018190885662147676,-0.000321948113877675
2400.0,0.00018190932952629192,-0.00032194834924183317
2401.0,0.00018190929577271072,-0.0003219485985719951
2402.0,0.0001819105495320454,-0.00032194851475285044
2403.0,0.00018191166111451783,-0.00032194852610600903
2404.0,0.00018191228914196455,-0.00032194871728302645
2405.0,0.00018191208197024678,-0.0003219490200724607
2406.0,0.0001819122996148358,-0.0003219492078273448
2407.0,0.00018191333083304614,-0.000321949271807365
2408.0,0.0001819141209584705,-0.0003219492717148749
2409.0,0.00018191495400000677,-0.0003219492992537994
2410.0,0.0001819150915266383,-0.00032194944261343996
2411.0,0.00018191515635400675,-0.00032194961494560136
2412.0,0.00018191493737937291,-0.0003219498344245865
2413.0,0.0001819151946494446,-0.0003219499949411389
2414.0,0.00018191524384139754,-0.00032195010659980086
2415.0,0.00018191579956366844,-0.0003219501143227234
2416.0,0.0001819161666067703,-0.00032195015506460834
2417.0,0.0001819167014522641,-0.00032195019104325364
2418.0,0.00018191766531109484,-0.00032195006060910323
2419.0,0.00018191924976882588,-0.00032194985948940107
2420.0,0.0001819182981464072,-0.00032195020154087887
2421.0,0.00018191791458119336,-0.00032195039227856834
2422.0,0.00018191890112960308,-0.00032195019929799417
2423.0,0.000181919396231388,-0.0003219501089120531
2424.0,0.0001819189487944676,-0.00032195022658257095
2425.0,0.00018191835680630864,-0.00032195040744694326
2426.0,0.00018191806444275887,-0.00032195045859396336
2427.0,0.00018191737980466488,-0.000321950635712487
2428.0,0.00018191670521579823,-0.00032195079410176725
2429.0,0.00018191726159816547,-0.00032195063672987796
2430.0,0.00018191798835434455,-0.00032195044016531283
2431.0,0.00018191889479464898,-0.00032195028339460915
2432.0,0.00018191803385172862,-0.00032195053242417825
2433.0,0.00018191750853329645,-0.0003219507768523653
2434.0,0.0001819172356672181,-0.0003219508994479805
2435.0,0.00018191852612593686,-0.0003219506198041914
2436.0,0.0001819207822956969,-0.00032195009152391604
2437.0,0.00018192173155359153,-0.0003219498866121202
2438.0,0.00018192190585842463,-0.00032194979740542774
2439.0,0.00018192297520458578,-0.00032194952250175576
2440.0,0.00018192452588903124,-0.00032194905806276546
2441.0,0.00018192383665981967,-0.00032194914678388494
2442.0,0.00018192293320472687,-0.000321949196335451
2443.0,0.00018192437568263932,-0.0003219487037563507
2444.0,0.0001819253898073111,-0.00032194825395391726
2445.0,0.00018192585153975,-0.00032194793326765044
2446.0,0.00018192570274222034,-0.0003219476203736737
2447.0,0.00018192529057611736,-0.0003219474122940922
2448.0,0.00018192494856741418,-0.0003219472284006694
2449.0,0.0001819244299386147,-0.0003219470436979584
2450.0,0.0001819236424535756,-0.0003219467357059565
2451.0,0.0001819227306044223,-0.0003219467034962824
2452.0,0.00018192082655170587,-0.0003219468541626401
2453.0,0.00018192145134763633,-0.00032194624826005616
2454.0,0.00018192325558788022,-0.00032194547335495405
2455.0,0.0001819223495416631,-0.0003219453792694093
2456.0,0.00018192142250044263,-0.00032194522055641376
2457.0,0.000181920933369081,-0.0003219450443859136
2458.0,0.00018192081985222096,-0.0003219447593314541
2459.0,0.00018192047688785597,-0.00032194456059337186
2460.0,0.00018192038175517065,-0.0003219441491512035
2461.0,0.00018192093314248079,-0.0003219437714216732
2462.0,0.0001819204525234058,-0.0003219435607061242
2463.0,0.00018192018333219195,-0.0003219432878141117
2464.0,0.00018192126876696898,-0.00032194279433323295
2465.0,0.00018192256949166308,-0.00032194225056086744
2466.0,0.00018192234335449178,-0.00032194204315183906
2467.0,0.00018192284112621845,-0.00032194170556300815
2468.0,0.00018192407161469535,-0.0003219410856481755
2469.0,0.0001819234443163102,-0.00032194087359152014
2470.0,0.00018192257757045367,-0.0003219407032016506
2471.0,0.00018192367798054983,-0.0003219402097207719
2472.0,0.00018192540508804792,-0.0003219394245723922
2473.0,0.00018192600804168728,-0.00032193901592804917
2474.0,0.0001819263187007421,-0.0003219387417874204
2475.0,0.00018192741429312045,-0.00032193832289979985
2476.0,0.00018192816733492552,-0.0003219379695414084
2477.0,0.00018192888120444837,-0.0003219376855274625
2478.0,0.00018192893234713367,-0.00032193750642040193
2479.0,0.00018193130549187022,-0.00032193677528623526
2480.0,0.0001819336565381588,-0.0003219359494422157
2481.0,0.000181933756922058,-0.00032193574159385943
2482.0,0.00018193344919895392,-0.00032193561855891635
2483.0,0.00018193345684424845,-0.00032193548879531913
2484.0,0.0001819337488629718,-0.0003219352342625897
2485.0,0.00018193395562089788,-0.00032193501041344775
2486.0,0.00018193419927525168,-0.0003219347313708442
2487.0,0.00018193495852393242,-0.00032193447619068406
2488.0,0.00018193597751558292,-0.0003219341065540367
2489.0,0.00018193714095995006,-0.0003219337397152146
2490.0,0.0001819381258827495,-0.0003219334135026649
2491.0,0.00018193919832249625,-0.0003219330516351851
2492.0,0.00018194023691999223,-0.0003219325359566846
2493.0,0.00018193971699070449,-0.0003219325091114358
2494.0,0.00018193973131577952,-0.000321932302211103
2495.0,0.00018193957102075154,-0.0003219321546662859
2496.0,0.00018193953808490158,-0.00032193200446237863
2497.0,0.000181940308368028,-0.0003219317315472436
2498.0,0.00018194019966888582,-0.0003219315892974842
2499.0,0.00018193911308140334,-0.0003219318097476153
2500.0,0.0001819399784873629,-0.0003219315326935487
2501.0,0.00018194107163639972,-0.00032193123566162256
2502.0,0.00018194145240359337,-0.00032193107220850975
2503.0,0.00018194071436666403,-0.0003219312732588444
2504.0,0.00018194056789424973,-0.0003219312638017326
2505.0,0.00018194177160449145,-0.0003219309872563615
2506.0,0.00018194127370468638,-0.00032193108256739993
2507.0,0.00018194050782548602,-0.00032193127120093987
2508.0,0.00018194011475291494,-0.00032193129584954903
2509.0,0.00018193999640848496,-0.00032193131857898884
2510.0,0.0001819396436904581,-0.0003219313204287906
2511.0,0.0001819397062518243,-0.00032193127621852724
2512.0,0.00018193919293335182,-0.0003219313134920338
2513.0,0.00018193872954574606,-0.0003219313679455747
2514.0,0.00018193848721158483,-0.0003219313440600088
2515.0,0.00018193804156776182,-0.0003219313877153316
2516.0,0.0001819385706891369,-0.0003219311662940545
2517.0,0.00018193651437092213,-0.0003219316543411404
2518.0,0.00018193366236079935,-0.0003219322972860057
2519.0,0.00018193355552371986,-0.0003219322780249443
2520.0,0.00018193390450776907,-0.00032193214821510206
2521.0,0.0001819336378682708,-0.0003219322445897765
2522.0,0.00018193302655997973,-0.0003219323425830276
2523.0,0.00018193264897504134,-0.0003219324876074898
2524.0,0.0001819320352037044,-0.00032193266139637016
2525.0,0.0001819317350667817,-0.00032193276817617976
2526.0,0.0001819319258937268,-0.00032193274731966436
2527.0,0.00018193260301460466,-0.00032193269522462075
2528.0,0.00018193106833010538,-0.00032193312784701986
2529.0,0.00018193011983082892,-0.0003219335206293124
2530.0,0.00018193145088054433,-0.000321933284109028
2531.0,0.0001819327304821567,-0.0003219330638438771
2532.0,0.00018193258143832245,-0.00032193312155769365
2533.0,0.0001819321391146853,-0.0003219333658471456
2534.0,0.00018193157462397094,-0.0003219335751290983
2535.0,0.000181931460466719,-0.00032193379645788526
2536.0,0.00018193126738362384,-0.00032193400724280186
2537.0,0.00018193119725578064,-0.0003219341887777273
2538.0,0.00018193185692844127,-0.0003219341547644965
2539.0,0.00018193287827476362,-0.0003219340829459411
2540.0,0.0001819320280116103,-0.00032193442243081885
2541.0,0.00018193141470332596,-0.0003219347692455363
2542.0,0.00018193045406615923,-0.00032193519705845064
2543.0,0.00018192901882960175,-0.0003219357863590634
2544.0,0.00018192998451108653,-0.0003219357537331839
2545.0,0.00018193098821214795,-0.00032193575872764877
2546.0,0.00018193102179824203,-0.0003219359252329345
2547.0,0.0001819309796998613,-0.000321936156804999
2548.0,0.00018193094272461608,-0.00032193635593616416
2549.0,0.00018192950860135534,-0.00032193693688954613
2550.0,0.00018192816566990646,-0.00032193748179491533
2551.0,0.0001819273049141776,-0.00032193800764732577
2552.0,0.0001819271000971317,-0.00032193832747805934
2553.0,0.00018192855204299266,-0.0003219383188764809
2554.0,0.00018192932811920306,-0.00032193849895468743
2555.0,0.00018192882865290076,-0.0003219390275355555
2556.0,0.00018192907101661856,-0.0003219393360131304
2557.0,0.00018193152740245472,-0.0003219391350784084
2558.0,0.0001819314335308489,-0.00032193958730870675
2559.0,0.00018193112846783438,-0.0003219399947506786
2560.0,0.00018193074265632268,-0.0003219403942847478
2561.0,0.0001819312506743204,-0.0003219406660437567
2562.0,0.00018193183692850843,-0.0003219408892685905
2563.0,0.00018193185343091606,-0.0003219411931447834
2564.0,0.0001819303137513597,-0.0003219419108447644
2565.0,0.00018193123434925208,-0.00032194206361527166
2566.0,0.00018193214788312878,-0.0003219421152016197
2567.0,0.000181932388660645,-0.00032194242869678204
2568.0,0.00018193264836420598,-0.00032194288328557763
2569.0,0.00018193334451950264,-0.0003219430453282165
2570.0,0.0001819317214412117,-0.0003219438430552485
2571.0,0.00018193071028204722,-0.00032194451559694275
2572.0,0.0001819302213181727,-0.00032194494139819763
2573.0,0.00018192982053134185,-0.0003219454596895432
2574.0,0.00018192968658105297,-0.0003219458261815274
2575.0,0.00018192941910411908,-0.0003219462043966306
2576.0,0.00018192865343181458,-0.0003219467762628612
2577.0,0.00018192980717178083,-0.0003219468217448634
2578.0,0.00018193065603592403,-0.0003219469462596479
2579.0,0.00018193018989955904,-0.00032194744200653386
2580.0,0.00018192916206064764,-0.00032194807896266574
2581.0,0.00018192902971626469,-0.0003219485359330812
2582.0,0.00018193023389941122,-0.000321948669350037
2583.0,0.00018192966604910224,-0.00032194919356074835
2584.0,0.0001819289153915256,-0.0003219497673923933
2585.0,0.00018192999904305737,-0.000321949938938389
2586.0,0.00018193154213146928,-0.000321949979772764
2587.0,0.0001819317744656641,-0.00032195035505130687
2588.0,0.00018193140110731252,-0.0003219508047843727
2589.0,0.00018193110106891165,-0.0003219512782411468
2590.0,0.00018193051815461388,-0.00032195178106352474
2591.0,0.00018192968217712688,-0.00032195236557777516
2592.0,0.00018192959856164423,-0.00032195273787351264
2593.0,0.0001819290214601348,-0.0003219532811834277
2594.0,0.00018192795537504646,-0.00032195383526843833
2595.0,0.0001819275116326949,-0.00032195429510604664
2596.0,0.00018192691705341165,-0.0003219547611636135
2597.0,0.00018192605295779254,-0.0003219553300701611
2598.0,0.00018192545382680043,-0.0003219558125678416
2599.0,0.00018192516929573665,-0.000321956305193187
2600.0,0.00018192487668588226,-0.0003219567658863286
2601.0,0.00018192545977751935,-0.0003219570702480945
2602.0,0.00018192694518139597,-0.0003219572301403387
2603.0,0.00018192690336872857,-0.00032195764856550886
2604.0,0.00018192707863907571,-0.0003219579916806227
2605.0,0.00018192777114906439,-0.00032195824554279905
2606.0,0.00018192856187547191,-0.000321958358218852
2607.0,0.000181929160632081,-0.00032195855413598656
2608.0,0.00018192965869937323,-0.0003219587079701298
2609.0,0.00018193167076157901,-0.000321958490849642
2610.0,0.00018193363575990347,-0.00032195823749616115
2611.0,0.00018193464215061108,-0.00032195827888547673
2612.0,0.00018193555099484837,-0.00032195825506927837
2613.0,0.00018193705207354918,-0.0003219581048884937
2614.0,0.0001819364094944272,-0.0003219583394202411
2615.0,0.00018193548447290435,-0.0003219587067677587
2616.0,0.00018193518747882824,-0.0003219588627060515
2617.0,0.00018193626450969263,-0.00032195865067251864
2618.0,0.00018193700182741256,-0.00032195841401349917
2619.0,0.00018193734528438677,-0.00032195836811529173
2620.0,0.00018193721005331398,-0.00032195841787496045
2621.0,0.00018193706982718414,-0.00032195843824590296
2622.0,0.00018193672250815392,-0.00032195847151921306
2623.0,0.00018193655499147533,-0.0003219585223425179
2624.0,0.00018193868247201258,-0.0003219578754899463
2625.0,0.00018193934752396546,-0.00032195764648448183
2626.0,0.00018193946508022075,-0.00032195749854658183
2627.0,0.0001819397938081804,-0.00032195733913991054
2628.0,0.00018194043711636395,-0.0003219569957010814
2629.0,0.000181940487116196,-0.0003219568082930352
2630.0,0.0001819407320513337,-0.00032195649831249633
2631.0,0.00018194134969457885,-0.0003219561613942186
2632.0,0.0001819411005624109,-0.0003219560243932717
2633.0,0.00018194038497860808,-0.0003219559060753233
2634.0,0.00018194159685631003,-0.0003219552999415141
2635.0,0.00018194262155237488,-0.00032195474308180074
2636.0,0.0001819430932158149,-0.0003219542596823419
2637.0,0.00018194131695577258,-0.0003219543620457497
2638.0,0.0001819395967546552,-0.0003219544573336656
2639.0,0.000181938278266474,-0.00032195444926390527
2640.0,0.00018193717030960517,-0.0003219543524267803
2641.0,0.00018193580276740153,-0.0003219542509189058
2642.0,0.00018193551846293796,-0.0003219539212842227
2643.0,0.00018193443898873205,-0.0003219538857217828
2644.0,0.00018193222515380512,-0.00032195409720037514
2645.0,0.00018193219325243447,-0.0003219537800056092
2646.0,0.00018193278190070317,-0.00032195329029370166
2647.0,0.00018193326053948922,-0.00032195289829757486
2648.0,0.00018193119673361492,-0.00032195299904240617
2649.0,0.00018193005222514474,-0.0003219529946260043
2650.0,0.00018192895259337106,-0.0003219528470811872
2651.0,0.00018192805333530848,-0.0003219525517834502
2652.0,0.0001819274608249838,-0.00032195229253372605
2653.0,0.00018192687253139377,-0.00032195181822141863
2654.0,0.00018192584438706468,-0.0003219514663197462
2655.0,0.00018192472756323056,-0.0003219512083417608
2656.0,0.00018192351465104927,-0.0003219510248182984
2657.0,0.00018192199292217155,-0.00032195083394187383
2658.0,0.00018191970401360523,-0.0003219506776798656
2659.0,0.00018191744472070294,-0.0003219508030733061
2660.0,0.0001819167430087747,-0.00032195046712617427
2661.0,0.00018191688770779598,-0.0003219499299206051
2662.0,0.00018191697510651714,-0.00032194938446029544
2663.0,0.00018191476674940432,-0.00032194944894901114
2664.0,0.00018191263890433626,-0.0003219494373183822
2665.0,0.00018191150702636554,-0.00032194927453582265
2666.0,0.00018191080067405882,-0.0003219489700353217
2667.0,0.0001819102676019581,-0.0003219487293761058
2668.0,0.0001819096340178798,-0.0003219484450384446
2669.0,0.00018190954775215977,-0.0003219480176879807
2670.0,0.0001819086054104981,-0.0003219477896305396
2671.0,0.00018190680318009965,-0.00032194787492952575
2672.0,0.00018190705237138067,-0.00032194738669745964
2673.0,0.0001819078836493761,-0.00032194678849467573
2674.0,0.00018190867530188886,-0.0003219462477051157
2675.0,0.00018190738252790695,-0.00032194623422468493
2676.0,0.0001819063700189933,-0.0003219461259419113
2677.0,0.00018190567070114572,-0.0003219459834840491
2678.0,0.00018190525533308305,-0.00032194573082424397
2679.0,0.00018190490461504952,-0.0003219455346758842
2680.0,0.0001819048703393026,-0.0003219452225680732
2681.0,0.00018190463085242245,-0.0003219449298600588
2682.0,0.0001819043095530093,-0.00032194459536964595
2683.0,0.00018190389107165656,-0.00032194431237309105
2684.0,0.00018190332275829494,-0.00032194401279768734
2685.0,0.00018190298197126253,-0.0003219436714167627
2686.0,0.0001819028884641875,-0.0003219432889933603
2687.0,0.00018190195077275652,-0.0003219430771448077
2688.0,0.00018190116416456174,-0.000321942759649449
2689.0,0.0001819003915267634,-0.0003219425685880442
2690.0,0.00018189924990498306,-0.0003219423893884935
2691.0,0.00018189775666862046,-0.00032194228122133244
2692.0,0.00018189806628334383,-0.00032194188538686697
2693.0,0.00018189771824510422,-0.00032194151540338177
2694.0,0.0001818967938639733,-0.0003219413657775376
2695.0,0.00018189586430059383,-0.0003219413110927715
2696.0,0.00018189530232218628,-0.00032194120616276363
2697.0,0.00018189502197830056,-0.0003219409868918812
2698.0,0.0001818951444507955,-0.0003219406743216198
2699.0,0.00018189522214511573,-0.0003219404273730777
2700.0,0.00018189518123884924,-0.00032194007105500346
2701.0,0.00018189467373316509,-0.0003219399514421937
2702.0,0.00018189388334173182,-0.0003219398381880777
2703.0,0.00018189377461303306,-0.0003219395287162343
2704.0,0.00018189388107572958,-0.00032193924914181274
2705.0,0.00018189369838668816,-0.0003219391460384842
2706.0,0.00018189427363598707,-0.0003219388070623019
2707.0,0.00018189577200533738,-0.0003219383594102631
2708.0,0.00018189685705587925,-0.0003219379690095904
2709.0,0.0001818961877576352,-0.00032193806450560904
2710.0,0.00018189708370536408,-0.0003219377713582667
2711.0,0.00018189815753426878,-0.0003219374954603262
2712.0,0.00018189882636946016,-0.00032193727027007797
2713.0,0.00018189888680275468,-0.00032193720783926674
2714.0,0.00018189914780680392,-0.00032193707155511817
2715.0,0.00018189935451546905,-0.00032193702588813593
2716.0,0.00018189961789389454,-0.0003219369665326202
2717.0,0.00018190032799988325,-0.0003219367823386047
2718.0,0.0001819002726010546,-0.00032193676966746224
2719.0,0.00018190065878694929,-0.00032193671895977
2720.0,0.00018190278847437567,-0.0003219361999285038
2721.0,0.0001819028364151013,-0.0003219362320919328
2722.0,0.00018190247650498042,-0.00032193637179821476
2723.0,0.000181902459529668,-0.00032193644731637376
2724.0,0.0001819026882481114,-0.0003219364247487917
2725.0,0.00018190269025795687,-0.000321936489838693
2726.0,0.00018190335036411353,-0.0003219363425482236
2727.0,0.00018190359461945057,-0.0003219363472189732
2728.0,0.0001819029395773163,-0.0003219365554835348
2729.0,0.00018190403329777972,-0.0003219363304320217
2730.0,0.00018190541532269337,-0.0003219360576556218
2731.0,0.00018190637637365177,-0.00032193596518865364
2732.0,0.0001819077068519405,-0.0003219357739653912
2733.0,0.00018190760573897973,-0.00032193599466987004
2734.0,0.00018190795463435928,-0.00032193609224691566
2735.0,0.00018190919105385073,-0.0003219360247291495
2736.0,0.00018191055196553477,-0.00032193585729896286
2737.0,0.00018191125220948763,-0.0003219359409562499
2738.0,0.00018191182404993103,-0.0003219359812819294
2739.0,0.00018191321700091628,-0.0003219358856240532
2740.0,0.00018191310257765537,-0.0003219360739338778
2741.0,0.0001819121019701796,-0.00032193643321163496
2742.0,0.00018191332892172253,-0.00032193626566583573
2743.0,0.00018191505178292948,-0.000321936064476766
2744.0,0.00018191628103988338,-0.0003219358935088334
2745.0,0.00018191563290412984,-0.00032193632416581804
2746.0,0.00018191455192253985,-0.000321936769436237
2747.0,0.00018191408257436296,-0.000321937045311055
2748.0,0.00018191414633769555,-0.00032193713893414924
2749.0,0.00018191442659291164,-0.00032193727787738793
2750.0,0.00018191470502547375,-0.0003219373115669034
2751.0,0.00018191493615770217,-0.0003219374332607402
2752.0,0.00018191362052665417,-0.0003219379314817361
2753.0,0.00018191365598466312,-0.0003219380696850541
2754.0,0.00018191400082094304,-0.00032193807287596223
2755.0,0.00018191432033711098,-0.000321938260931439
2756.0,0.0001819144877651199,-0.0003219384191126166
2757.0,0.0001819142898840113,-0.0003219386565115568
2758.0,0.00018191433466218602,-0.00032193879670341176
2759.0,0.0001819146212326518,-0.00032193894147352617
2760.0,0.00018191555715068976,-0.0003219388096982695
2761.0,0.00018191548840215227,-0.00032193898778793903
2762.0,0.000181915066886327,-0.00032193921700150626
2763.0,0.00018191501379290933,-0.0003219393976115308
2764.0,0.0001819155167074759,-0.00032193944244610225
2765.0,0.00018191512215707728,-0.0003219396703416856
2766.0,0.00018191386389529467,-0.00032194009901013337
2767.0,0.00018191505244302577,-0.0003219400102890139
2768.0,0.00018191671251626632,-0.0003219397560799997
2769.0,0.00018191582389856205,-0.0003219401706437085
2770.0,0.0001819145262280449,-0.0003219406359844772
2771.0,0.00018191344701984794,-0.0003219410015978056
2772.0,0.000181912916243306,-0.0003219411700222607
2773.0,0.0001819120157340161,-0.0003219414496429273
2774.0,0.00018191165689778323,-0.00032194158712944707
2775.0,0.0001819114066030576,-0.00032194179835369165
2776.0,0.00018191107621007895,-0.00032194198319513784
2777.0,0.00018191064793565567,-0.000321942215507123
2778.0,0.0001819099348740119,-0.00032194246696455706
2779.0,0.0001819115430360968,-0.0003219421621634633
2780.0,0.00018191316460700364,-0.000321941771693423
2781.0,0.00018191231191036096,-0.0003219419855073901
2782.0,0.0001819112730172995,-0.0003219421757595066
2783.0,0.00018191088434865453,-0.000321942212408705
2784.0,0.00018191094418096586,-0.00032194215635971004
2785.0,0.00018191059278313163,-0.0003219422333114655
2786.0,0.00018191070211281358,-0.00032194220406147434
2787.0,0.00018191087969842386,-0.00032194223742727454
2788.0,0.00018191142834682694,-0.00032194214583896225
2789.0,0.00018191102799349217,-0.0003219423124136155
2790.0,0.00018190986499247327,-0.00032194262061372017
2791.0,0.0001819112499434854,-0.00032194236369937083
2792.0,0.0001819131777498166,-0.00032194188365267774
2793.0,0.000181912466737427,-0.0003219420759626988
2794.0,0.00018191118274174073,-0.0003219423788215006
2795.0,0.00018191031117816638,-0.0003219426086593759
2796.0,0.0001819099366671093,-0.00032194271178582703
2797.0,0.0001819098293177163,-0.00032194278781268155
2798.0,0.00018190989026332433,-0.0003219427679504346
2799.0,0.00018191008605576998,-0.00032194279685358797
2800.0,0.00018190993314002758,-0.00032194284541088553
2801.0,0.00018190994817445983,-0.00032194292594663195
2802.0,0.00018191072063491884,-0.0003219428129699862
2803.0,0.00018190992116962445,-0.00032194314304399726
2804.0,0.00018190923528030314,-0.0003219434325148585
2805.0,0.00018190886555740734,-0.0003219436541904833
2806.0,0.00018191011367144075,-0.000321943412583244
2807.0,0.00018191071318666798,-0.0003219433748010419
2808.0,0.0001819109885946097,-0.0003219434338559648
2809.0,0.0001819108750876019,-0.0003219436045926722
2810.0,0.00018191075647716295,-0.00032194373953571445
2811.0,0.00018191086584625366,-0.0003219439392680653
2812.0,0.0001819106809601753,-0.0003219441250806574
2813.0,0.0001819124480773912,-0.00032194378802364454
2814.0,0.00018191492942866075,-0.00032194329315541443
2815.0,0.00018191464017840097,-0.00032194353853162494
2816.0,0.00018191401689970677,-0.00032194377928333094
2817.0,0.00018191419110601806,-0.00032194391658487055
2818.0,0.00018191442837615687,-0.00032194400463543684
2819.0,0.00018191493950744459,-0.0003219439873166674
2820.0,0.00018191640744339964,-0.0003219437426341325
2821.0,0.00018191686770786315,-0.0003219437934111923
2822.0,0.0001819162534340648,-0.00032194404896131277
2823.0,0.00018191850033292005,-0.0003219436605722996
2824.0,0.00018192111474778198,-0.0003219431441538784
2825.0,0.0001819212770723598,-0.00032194323331432575
2826.0,0.00018192164549476735,-0.00032194324351135826
2827.0,0.00018192217411368104,-0.00032194325909593854
2828.0,0.00018192325803122178,-0.0003219431248003269
2829.0,0.00018192418376210184,-0.00032194307732978785
2830.0,0.0001819250654438688,-0.0003219429874294197
2831.0,0.00018192570400329985,-0.00032194293020117615
2832.0,0.00018192606385430764,-0.0003219428827075146
2833.0,0.00018192644917321016,-0.0003219429000956516
2834.0,0.00018192743870683152,-0.0003219427104909658
2835.0,0.00018192814422170265,-0.00032194268149532233
