iteration,Y_prime,N_prime
1.0,0.039282392912354844,0.0011637429636516046
2.0,0.0016956048458989905,0.0009354678146820356
3.0,-0.003935440321328576,0.0002608279259252321
4.0,-0.00607342995793482,9.168094423633005e-05
5.0,-0.0060240380717538665,0.00017455485089102512
6.0,-0.0052867827750450605,0.00035385894980928805
7.0,-0.004473757120481004,0.0005193515221231799
8.0,-0.0038009176674588707,0.0006337502183430912
9.0,-0.003274952190160622,0.000699148397675194
10.0,-0.002848219190416316,0.0007310723830617319
11.0,-0.0025098613885444973,0.0007409244479826631
12.0,-0.002245733007635905,0.000738080910160206
13.0,-0.002052802020931141,0.0007299540552237474
14.0,-0.0019144407051795026,0.0007220197794313429
15.0,-0.0018781846137837113,0.0007187361988454448
16.0,-0.001809862024601474,0.0007153231823316142
17.0,-0.0017631038598185595,0.0007165886727945529
18.0,-0.0017373909458097286,0.0007204781443800051
19.0,-0.0016818378916579205,0.0007171468950719321
20.0,-0.0016493951006529128,0.000716863441662221
21.0,-0.0016136386253125987,0.0007150636507901775
22.0,-0.0015683435879294237,0.0007109687008145646
23.0,-0.0015123543086421748,0.0007044591246437689
24.0,-0.0014609465581992478,0.0006991991472191664
25.0,-0.0013669245500367334,0.0006830325061996165
26.0,-0.0012618647090062486,0.0006661821595850244
27.0,-0.0011594089897688127,0.0006505575980155123
28.0,-0.0010667843469609624,0.0006373665046530852
29.0,-0.0009876750060376642,0.000627359063016003
30.0,-0.0009227105912974222,0.0006208419441395785
31.0,-0.000871149423990605,0.0006178645820812246
32.0,-0.0008321772672566686,0.0006179461095989123
33.0,-0.0008048646156371041,0.0006202699672214887
34.0,-0.000788213358061526,0.0006237992153848257
35.0,-0.000781386670070399,0.0006274324994080692
36.0,-0.0007835397816348223,0.0006300090375073516
37.0,-0.0007936648788204563,0.0006305301602520537
38.0,-0.0008105865539013312,0.0006284701649731643
39.0,-0.0008325936957985195,0.0006238073488940311
40.0,-0.0008569913182656204,0.000616859087737448
41.0,-0.0008801703259006784,0.000608207781546027
42.0,-0.0008988471734888061,0.0005986975471440663
43.0,-0.0009104423797453055,0.0005891726904287321
44.0,-0.000913282610883051,0.0005805350699497816
45.0,-0.0009065593464754961,0.0005732616521103025
46.0,-0.0008905753834955097,0.0005676504384563271
47.0,-0.0008666689891317704,0.0005639211918713336
48.0,-0.0008366002874611032,0.0005617475351963121
49.0,-0.0008028625169446475,0.0005606416099095252
50.0,-0.0007683774748007989,0.0005600305429332723
51.0,-0.0007363615236130093,0.0005593029662129328
52.0,-0.0007096764406338299,0.0005580898175802449
53.0,-0.0006896594591145265,0.0005560163404370448
54.0,-0.0006770160372663182,0.0005529816087177441
55.0,-0.0006714481728095868,0.0005490942732603035
56.0,-0.000671398283134832,0.0005446201627246145
57.0,-0.000674497455373081,0.0005399478246519124
58.0,-0.0006782717915400895,0.0005355233584036124
59.0,-0.0006802511432055188,0.000531774793459627
60.0,-0.0006787446445229184,0.0005289358875177878
61.0,-0.000673169558031337,0.000527030251702787
62.0,-0.0006640563759583823,0.000525853223664534
63.0,-0.0006524131943359678,0.0005250826926962885
64.0,-0.000639592280463373,0.0005243347736591634
65.0,-0.0006268120094788647,0.0005232956029334555
66.0,-0.0006145892514883275,0.0005217921260101273
67.0,-0.0006027383425933514,0.000519785248900187
68.0,-0.000591051091907169,0.0005173231943183301
69.0,-0.000579570235473396,0.0005145342007926526
70.0,-0.0005687632920267726,0.0005114462906702311
71.0,-0.0005597203720822967,0.0005079793516473779
72.0,-0.0005538631106470864,0.0005039654376277431
73.0,-0.0005523899521677468,0.0004992571711781371
74.0,-0.0005557919856840678,0.0004937824965754445
75.0,-0.0005630977007259513,0.00048766336621250465
76.0,-0.0005721500212004213,0.0004808517466555924
77.0,-0.0005798315906446067,0.00047430623769149097
78.0,-0.0005830348338829719,0.00046840189486945975
79.0,-0.0005766751124511,0.00046210809389500584
80.0,-0.0005679519994716076,0.00045766649311748973
81.0,-0.0005591507636806855,0.0004551142128104912
82.0,-0.0005427289580633034,0.0004507409649615558
83.0,-0.0005318083815107577,0.00044845083771200114
84.0,-0.0005171125046368071,0.00044400736204473464
85.0,-0.0005065284892392627,0.00044011604590628187
86.0,-0.0004983066673441028,0.0004360573114199367
87.0,-0.0004944763603503559,0.00043289089237891665
88.0,-0.0004884107401373163,0.00042798125012210133
89.0,-0.00048734543918428803,0.00042464170186317334
90.0,-0.00048603133389473044,0.000420862341927296
91.0,-0.0004850840362989519,0.0004172490461687711
92.0,-0.00048392859685072385,0.00041387094096456245
93.0,-0.0004821429053327022,0.00041080518561786584
94.0,-0.00047930700914591015,0.0004079889904328088
95.0,-0.00047528816766241204,0.00040535080186122343
96.0,-0.0004698842300638182,0.00040274679096786076
97.0,-0.0004632173026886678,0.0004000832461685523
98.0,-0.000455322254789272,0.0003972347607505527
99.0,-0.0004464958142948505,0.00039416188898505524
100.0,-0.00043692955405933066,0.0003908070596520828
101.0,-0.00042703200027672806,0.00038722081430851664
102.0,-0.00041701878529649467,0.0003834065055120406
103.0,-0.0004072139528280008,0.00037943538376704057
104.0,-0.0003976842384499969,0.0003753170634184412
105.0,-0.0003885772095878968,0.00037112075022282653
106.0,-0.00037980844340217536,0.00036684257455666096
107.0,-0.0003713753013204162,0.00036253406255696305
108.0,-0.0003630699705432516,0.00035818248460445213
109.0,-0.0003548087257953153,0.00035381675157538316
110.0,-0.00034643952898641,0.00034942309800770494
111.0,-0.0003378733724845318,0.0003450110141246404
112.0,-0.000329061141114787,0.0003405924443277229
113.0,-0.00031992530859576123,0.0003361649521967394
114.0,-0.0003105253771314916,0.00033177475835963763
115.0,-0.00030083955710060123,0.00032742274193472943
116.0,-0.00029099594150131967,0.000323160123702999
117.0,-0.0002810041047940913,0.0003190072398075186
118.0,-0.00027103117742234973,0.0003150304704788475
119.0,-0.0002610564776329175,0.0003112353130967497
120.0,-0.0002512787567777728,0.0003076979317479226
121.0,-0.00024170517243878029,0.0003044068182603454
122.0,-0.00023261916660949938,0.0003014190270887359
123.0,-0.000224098351984847,0.0002986876307265057
124.0,-0.00021646979661871284,0.0002962489799296804
125.0,-0.0002098199596491996,0.0002940595809325324
126.0,-0.00020593907506182664,0.00029281771040396727
127.0,-0.00020212318444329168,0.00029135375035744816
128.0,-0.00019893416189606692,0.0002899453897346631
129.0,-0.00019659809008917516,0.000288731951191786
130.0,-0.00019523255464727943,0.0002877974106904297
131.0,-0.00019472326513661663,0.0002871500017215874
132.0,-0.0001949905261402028,0.0002868093377801305
133.0,-0.00019591834799845647,0.00028677499866045446
134.0,-0.0001974001396704667,0.00028705281738886215
135.0,-0.00019933085307565615,0.0002876339733472647
136.0,-0.00020165064556778187,0.000288513740685112
137.0,-0.00020430378948185012,0.0002896751892531657
138.0,-0.00020729270999197922,0.0002911011763137141
139.0,-0.00021060045382507628,0.000292759183946334
140.0,-0.00021423277356280015,0.00029461204165532636
141.0,-0.00021817379803679672,0.0002966194606647078
142.0,-0.0002224103072323668,0.00029873890825016073
143.0,-0.00022690466982766094,0.000300940629401495
144.0,-0.00023160351119411507,0.00030318710801066547
145.0,-0.00023748624737132654,0.00030592580424579135
146.0,-0.000242726341421848,0.0003083226532443629
147.0,-0.0002476455413681812,0.000310542585301466
148.0,-0.00025232672153288626,0.0003126344598104578
149.0,-0.0002567374992562833,0.00031459888119408073
150.0,-0.0002607980265209158,0.00031641253538269116
151.0,-0.0002644475826342298,0.00031805645594209207
152.0,-0.00026763232217121317,0.00031951571004655316
153.0,-0.000269567823402682,0.00032042306868140943
154.0,-0.00027148010586486597,0.0003213737264134748
155.0,-0.00027308879847999723,0.0003222229252676622
156.0,-0.000274277711323157,0.0003229086626850161
157.0,-0.00027502689126926184,0.0003234173645886053
158.0,-0.00027536101227482575,0.00032375609974171144
159.0,-0.00027533461491523463,0.00032394013689407446
160.0,-0.0002749993635686406,0.0003239863600423774
161.0,-0.0002744168770625115,0.00032391496846748054
162.0,-0.0002736392198623254,0.0003237442598539804
163.0,-0.0002727147651454688,0.0003234926425508667
164.0,-0.0002716915641692278,0.00032318254371718134
165.0,-0.0002706156437444875,0.00032283408674566526
166.0,-0.00026951531542145264,0.00032246717367715003
167.0,-0.0002684163363943772,0.00032209655187161174
168.0,-0.00026733831351364624,0.00032173674114028113
169.0,-0.0002662097676597953,0.0003214015134657606
170.0,-0.00026515363869565714,0.0003211008781256618
171.0,-0.0002641386641843893,0.00032084173649932495
172.0,-0.0002631544869982259,0.0003206298535634685
173.0,-0.0002621959164452462,0.0003204679175888227
174.0,-0.0002612636104050133,0.00032035428821738465
175.0,-0.00026035850132759655,0.0003202863490201021
176.0,-0.0002594918567613482,0.00032025652221447917
177.0,-0.00025867605954151424,0.0003202574609195319
178.0,-0.0002579235180303483,0.00032028299172230104
179.0,-0.000257242208457211,0.00032032460928029427
180.0,-0.000256637786724283,0.00032037563569335307
181.0,-0.0002561035852283491,0.0003204323987117952
182.0,-0.0002556282080175474,0.00032049274747856236
183.0,-0.000255167038995465,0.00032055156793907123
184.0,-0.0002547515128052624,0.00032061678524547576
185.0,-0.000254354133115671,0.00032068396533033926
186.0,-0.00025403020614482466,0.00032078599003946927
187.0,-0.00025363487297052527,0.0003208709833689568
188.0,-0.0002531839946035255,0.0003209608031319679
189.0,-0.00025267534138629147,0.00032106225706162594
190.0,-0.00025210603346642943,0.000321176872446798
191.0,-0.0002514714675687641,0.0003213060316675017
192.0,-0.0002507759360729635,0.0003214500565430076
193.0,-0.0002500398039746487,0.0003216050617727095
194.0,-0.00024928218249040167,0.0003217680179361778
195.0,-0.00024852702985500314,0.0003219344790809994
196.0,-0.0002477971641297244,0.0003221002584351177
197.0,-0.00024710649819393216,0.0003222606708204999
198.0,-0.0002464622038954529,0.00032241377930966754
199.0,-0.0002458617677353419,0.00032255762043048575
200.0,-0.0002452933425711348,0.0003226915768347219
201.0,-0.00024474314040974504,0.0003228148186319151
202.0,-0.00024419434713032144,0.0003229273813613826
203.0,-0.00024363366215685915,0.00032302840777871905
204.0,-0.00024303937823223667,0.00032311858432225487
205.0,-0.00024240137014909142,0.0003231974675482504
206.0,-0.000241702401679616,0.000323265841749552
207.0,-0.00024094102778433028,0.00032332314160360285
208.0,-0.00024011533587852676,0.0003233683059947154
209.0,-0.00023922380203629068,0.00032340105250439776
210.0,-0.00023827322207715539,0.0003234210464341344
211.0,-0.0002372701709642532,0.00032342761746199315
212.0,-0.0002362236733766244,0.00032342078464093273
213.0,-0.00023514343413880747,0.0003234002788016668
214.0,-0.00023403178382425336,0.00032336887950264507
215.0,-0.0002329050633928412,0.00032332235039712225
216.0,-0.00023177563696066795,0.0003232646802127484
217.0,-0.00023064610942538608,0.00032319715428431335
218.0,-0.00022951910660083398,0.0003231224646052736
219.0,-0.00022839629516121525,0.00032304260868411705
220.0,-0.00022728480024515385,0.0003229589032097745
221.0,-0.0002261849236151827,0.00032287360075528146
222.0,-0.00022512395272642483,0.0003227794824459392
223.0,-0.00022411348934285846,0.0003227041177510952
224.0,-0.00022312966437226057,0.0003226354485526495
225.0,-0.0002221637469474117,0.0003225711249779911
226.0,-0.0002212157364082156,0.00032251127750751544
227.0,-0.00022028956360846118,0.00032245637763258215
228.0,-0.00021938661782426916,0.0003224068379283632
229.0,-0.0002185108943722662,0.0003223627074146066
230.0,-0.00021766456234861316,0.0003223246223306461
231.0,-0.00021684938851584745,0.0003222925391136489
232.0,-0.00021606636895929245,0.0003222668965134827
233.0,-0.0002153191702873195,0.0003222470968360589
234.0,-0.00021460648259299936,0.0003222339017141519
235.0,-0.00021392907760772942,0.00032222714242271356
236.0,-0.00021328564662654678,0.0003222270457474463
237.0,-0.00021267851942487561,0.0003222331928932196
238.0,-0.00021210346451939503,0.0003222460101931063
239.0,-0.00021156157614288213,0.0003222652740523123
240.0,-0.0002110555162075761,0.00032229042603879255
241.0,-0.00021057834235256413,0.00032232185266863614
242.0,-0.00021012947052069509,0.00032235954746753656
243.0,-0.0002097102405104235,0.0003224023393259659
244.0,-0.00020931773565174524,0.00032245046303001933
245.0,-0.00020892874879110013,0.0003225131324194062
246.0,-0.00020856571928167217,0.00032257645039555384
247.0,-0.00020822518424839576,0.00032264225337233493
248.0,-0.00020790918741839498,0.0003227109592199791
249.0,-0.00020761660987917273,0.0003227824744541271
250.0,-0.00020734207005274988,0.00032285688307890395
251.0,-0.00020708414132322963,0.00032293315785311753
252.0,-0.00020684184520128855,0.00032301028804505714
253.0,-0.00020661016982199103,0.0003230880798648603
254.0,-0.00020642286966306842,0.00032317377470856293
255.0,-0.00020622085123832244,0.0003232512712768742
256.0,-0.0002060119511716714,0.00032332620547659123
257.0,-0.00020580597272082068,0.0003233984353354248
258.0,-0.0002056021789916942,0.0003234673697029604
259.0,-0.00020539708637037977,0.00032353317254100637
260.0,-0.00020518969633806448,0.0003235953982323058
261.0,-0.00020498037528760617,0.0003236533786515663
262.0,-0.00020476746653491537,0.0003237069757573275
263.0,-0.00020454970307932268,0.00032375623789878435
264.0,-0.0002043267298284249,0.0003238009590080149
265.0,-0.00020409664418762885,0.00032384161506214814
266.0,-0.00020385979992914506,0.00032387804586834704
267.0,-0.0002036176979247784,0.0003239099848932929
268.0,-0.00020336901342035886,0.0003239377826744292
269.0,-0.00020311385472094126,0.0003239615126951332
270.0,-0.00020285343742835305,0.0003239811601338677
271.0,-0.00020258530708778603,0.00032399736603945105
272.0,-0.00020231250609295981,0.0003240098429526816
273.0,-0.00020203650339460435,0.00032401858641091237
274.0,-0.00020175368009847376,0.0003240243244036471
275.0,-0.00020146574730226768,0.00032402701933366375
276.0,-0.00020117544312486593,0.00032402624176947157
277.0,-0.00020088450376733215,0.0003240224678269346
278.0,-0.00020058357284730697,0.00032401680824267434
279.0,-0.00020028196159459205,0.0003240084933604011
280.0,-0.00019996804942753836,0.00032399721569680863
281.0,-0.00019966586242306316,0.0003239842757088167
282.0,-0.00019934853511477366,0.0003239689030464601
283.0,-0.00019903162357848628,0.0003239514001754578
284.0,-0.00019871572093536118,0.0003239320554336676
285.0,-0.0001984005010190064,0.00032391087980428764
286.0,-0.00019808205483762856,0.0003238882915506304
287.0,-0.00019776193961752305,0.0003238643420740639
288.0,-0.00019744435050715739,0.00032383864650019817
289.0,-0.0001971258984538781,0.0003238119999432203
290.0,-0.00019680232469366775,0.0003237844252019376
291.0,-0.00019648376712350159,0.0003237555460729062
292.0,-0.00019616302916657195,0.0003237258698873961
293.0,-0.00019584209628418885,0.0003236954492722686
294.0,-0.0001955229256421907,0.0003236638604379286
295.0,-0.0001952046556769696,0.0003236315775348257
296.0,-0.00019488638808612475,0.0003235987263263607
297.0,-0.00019456984900178808,0.000323565285817283
298.0,-0.0001942525868952499,0.0003235312921943406
299.0,-0.00019393936955344808,0.000323496902968158
300.0,-0.0001936278156543336,0.0003234619689059738
301.0,-0.00019331716309209246,0.00032342687018830567
302.0,-0.00019301501791998905,0.0003233880568604937
303.0,-0.0001927252186275906,0.0003233594086560962
304.0,-0.00019242889874626133,0.00032332156349143093
305.0,-0.0001921485358359535,0.000323289145969001
306.0,-0.00019187023041627023,0.0003232621282955344
307.0,-0.0001915818702027809,0.0003232246009961881
308.0,-0.00019130844993909922,0.0003231924841359204
309.0,-0.0001910398956393654,0.0003231615734389251
310.0,-0.00019078009982252176,0.0003231313538278873
311.0,-0.0001905175279657435,0.0003231019033644433
312.0,-0.00019025856916086615,0.0003230726097873157
313.0,-0.00019000517543088844,0.000323043520104593
314.0,-0.0001897541069147738,0.00032301492177547685
315.0,-0.00018950725201011885,0.00032298672852983535
316.0,-0.00018926436585075117,0.0003229588172171127
317.0,-0.00018902497410328896,0.0003229314889156765
318.0,-0.00018878969094300875,0.00032290470080261494
319.0,-0.0001885592071262105,0.0003228784438832665
320.0,-0.00018833167582166054,0.0003228526433331479
321.0,-0.00018811058380582187,0.00032282725330029673
322.0,-0.00018789123712402108,0.0003228027536233033
323.0,-0.00018767565514878418,0.00032277892200223483
324.0,-0.00018746672074727313,0.0003227556075857533
325.0,-0.00018726008146120415,0.0003227329663583967
326.0,-0.0001870584554095242,0.0003227107373824966
327.0,-0.00018686255984105512,0.00032268878472074244
328.0,-0.0001866713282372125,0.0003226675577593622
329.0,-0.00018648129605791178,0.00032264690592448815
330.0,-0.0001862991563644106,0.0003226269787032294
331.0,-0.00018611819567187463,0.0003226072707528531
332.0,-0.00018594641139185926,0.000322587850631639
333.0,-0.00018577301890049808,0.00032256920865268013
334.0,-0.00018560707725110006,0.0003225510047530357
335.0,-0.00018544424057649224,0.0003225331661198818
336.0,-0.00018528552722793314,0.00032251601027169974
337.0,-0.00018513148486860748,0.00032249934945360545
338.0,-0.00018497680014690785,0.000322482926728127
339.0,-0.00018483066600731912,0.00032246695294954863
340.0,-0.00018468622999010415,0.00032245154232000983
341.0,-0.00018454551973377112,0.00032243615675528556
342.0,-0.000184410080316873,0.00032242099390669964
343.0,-0.00018427670075512356,0.00032240631598365907
344.0,-0.00018414701285584842,0.0003223920369703795
345.0,-0.0001840210575351663,0.0003223779314916326
346.0,-0.0001838981752386428,0.0003223640472491825
347.0,-0.0001837776994759062,0.0003223506829860222
348.0,-0.0001836597261776687,0.0003223377338646337
349.0,-0.00018354463057419678,0.0003223250138643224
350.0,-0.00018343426208784855,0.0003223120797494512
351.0,-0.00018332610839208905,0.00032229936245447503
352.0,-0.00018322154821135035,0.00032228704610404185
353.0,-0.00018312230289945527,0.0003222747379158593
354.0,-0.0001830190933841296,0.0003222627717791544
355.0,-0.00018291808748701642,0.00032225123750180535
356.0,-0.00018282535579855835,0.00032224003630439537
357.0,-0.00018273032414738388,0.00032222865116731753
358.0,-0.00018266127114784764,0.0003222224594644431
359.0,-0.00018255515347480458,0.00032220758930074907
360.0,-0.000182468603095629,0.00032219583390271576
361.0,-0.00018238147064944342,0.0003221844264292811
362.0,-0.000182313728551907,0.0003221780889157787
363.0,-0.00018222805716485227,0.0003221644362453931
364.0,-0.00018216142955618247,0.0003221567675451384
365.0,-0.00018207014818797502,0.0003221428999740272
366.0,-0.00018200185290017892,0.00032213550902151464
367.0,-0.00018193819714359383,0.00032212662703625056
368.0,-0.00018186724612087753,0.00032211605426276155
369.0,-0.00018179702713511082,0.0003221055312951864
370.0,-0.0001817304251322663,0.0003220952580739785
371.0,-0.00018166350432261108,0.00032208494117432537
372.0,-0.00018159816605936327,0.0003220748284927924
373.0,-0.0001815342833281713,0.0003220647652934579
374.0,-0.000181473140321765,0.00032205484445949544
375.0,-0.00018141179297121772,0.0003220446511497259
376.0,-0.00018135304010456475,0.0003220346640466135
377.0,-0.00018129329246292875,0.0003220248990353314
378.0,-0.00018123830019447913,0.00032201562211738017
379.0,-0.00018118006520785972,0.00032200586496775567
380.0,-0.00018112251146033093,0.00032199611188769514
381.0,-0.00018107463238965866,0.00032198760874184245
382.0,-0.00018101509565371805,0.00032197801460600277
383.0,-0.00018096530900324758,0.00032196903324013625
384.0,-0.00018091424176594638,0.00032195989501107597
385.0,-0.00018086642735515537,0.0003219509328137807
386.0,-0.00018081672327583607,0.00032194210359411335
387.0,-0.00018076915582973264,0.00032193322172446187
388.0,-0.0001807252079675279,0.00032192476866199323
389.0,-0.00018067986781443421,0.0003219160343371589
390.0,-0.00018063455591740328,0.00032190746820555437
391.0,-0.00018059397314734146,0.00032189936329890957
392.0,-0.00018054991379782653,0.0003218907105503352
393.0,-0.00018051174121671174,0.00032188283901931155
394.0,-0.00018047243457044147,0.00032187462448878673
395.0,-0.00018043418412751932,0.00032186653440367894
396.0,-0.00018039698310964294,0.00032185841502233487
397.0,-0.00018036120846135875,0.0003218499408952481
398.0,-0.00018032609008673182,0.0003218425713773141
399.0,-0.00018029125975054604,0.0003218354749826178
400.0,-0.00018025861500307666,0.00032182765963932424
401.0,-0.0001802261649938693,0.0003218201577218255
402.0,-0.00018019688355529762,0.0003218132960901018
403.0,-0.00018016440041319665,0.00032180560477601994
404.0,-0.00018013927538430632,0.0003217992809741735
405.0,-0.00018010698004453007,0.0003217913625737965
406.0,-0.00018008330665608303,0.0003217854185362623
407.0,-0.0001800569520254124,0.0003217785866169803
408.0,-0.0001800306858082378,0.0003217711675012352
409.0,-0.0001800097473859718,0.0003217657536631458
410.0,-0.00017998496409977577,0.00032175925003744053
411.0,-0.0001799620668959132,0.0003217529971986162
412.0,-0.0001799408870951478,0.00032174721268336587
413.0,-0.00017992022549953796,0.0003217417155810724
414.0,-0.00017990024294598184,0.0003217363837816933
415.0,-0.00017988214534175802,0.0003217305039322821
416.0,-0.00017986476291739748,0.0003217249569315846
417.0,-0.00017984891502975344,0.0003217197557050911
418.0,-0.00017983360589892008,0.00032171470209278226
419.0,-0.00017981940212397906,0.0003217097579887408
420.0,-0.00017980819635867034,0.00032170506044015856
421.0,-0.00017979479048252654,0.0003217002335441845
422.0,-0.0001797828600989626,0.00032169558889993407
423.0,-0.00017977272843841972,0.0003216912177026366
424.0,-0.00017976280626485775,0.0003216874735419089
425.0,-0.00017975468876503577,0.0003216833344253716
426.0,-0.0001797479202656078,0.00032167935281945855
427.0,-0.0001797406451866009,0.00032167555672554495
428.0,-0.00017973378643131849,0.0003216720693635539
429.0,-0.00017972822070617476,0.000321668666722486
430.0,-0.00017972341070263004,0.00032166550226652395
431.0,-0.0001797194349524402,0.0003216623034504933
432.0,-0.00017971775279060391,0.0003216593239515902
433.0,-0.00017971438058518444,0.000321656595424548
434.0,-0.000179711823598701,0.00032165394063523065
435.0,-0.00017970988071852882,0.0003216516611475787
436.0,-0.00017970879176652224,0.0003216495381300376
437.0,-0.00017970904614990403,0.00032164727838901994
438.0,-0.00017970940007974948,0.0003216452912625446
439.0,-0.00017971051579028686,0.00032164331960503686
440.0,-0.000179711554614383,0.00032164170775710434
441.0,-0.0001797161492886019,0.00032163949803010324
442.0,-0.0001797190308158669,0.00032163789237900684
443.0,-0.0001797231058859201,0.0003216362008277387
444.0,-0.0001797280044901524,0.0003216347559012973
445.0,-0.00017973296893652798,0.00032163342145426915
446.0,-0.0001797391777826638,0.0003216320184489614
447.0,-0.00017974559774139084,0.0003216307370681228
448.0,-0.00017975020877023458,0.00032163011731514777
449.0,-0.00017975898406095007,0.00032162866320906494
450.0,-0.00017976836273880104,0.0003216272895462384
451.0,-0.00017977728913245718,0.00032162605128890453
452.0,-0.00017978552198164534,0.00032162528498538086
453.0,-0.000179795555455326,0.0003216242888208594
454.0,-0.00017980514531473348,0.00032162350371872477
455.0,-0.0001798146028691667,0.00032162284204461614
456.0,-0.00017982395267026737,0.00032162236800977904
457.0,-0.0001798344382015426,0.0003216218377409667
458.0,-0.00017984490703336651,0.0003216214426695445
459.0,-0.00017985604023734264,0.00032162101631334896
460.0,-0.00017986728397296713,0.00032162070580099214
461.0,-0.00017987957183316258,0.0003216203569283701
462.0,-0.00017989146610847346,0.00032162010128575957
463.0,-0.00017990365742712134,0.00032161980258901173
464.0,-0.0001799147191633573,0.00032161988032693297
465.0,-0.00017992382196036166,0.0003216202284596342
466.0,-0.00017994292625085858,0.0003216192346998551
467.0,-0.00017995415370082352,0.000321619122416885
468.0,-0.00017997234366926905,0.00032161862079687834
469.0,-0.00017998312828328332,0.0003216184945016595
470.0,-0.00017999747247154568,0.0003216183724841074
471.0,-0.00018001169609863673,0.00032161832142957737
472.0,-0.00018002587678991145,0.0003216182949542889
473.0,-0.00018004019160881436,0.00032161827012069954
474.0,-0.00018005451368877668,0.0003216182989082403
475.0,-0.0001800688773646583,0.0003216183745651344
476.0,-0.00018008300901176284,0.00032161857806645643
477.0,-0.0001800976886373219,0.00032161872859407897
478.0,-0.0001801122720957164,0.00032161870447728783
479.0,-0.00018012857456311404,0.0003216193149118862
480.0,-0.00018014092185168125,0.00032161951788139015
481.0,-0.00018015699047749996,0.0003216198675633004
482.0,-0.00018017185133397727,0.00032162035371433945
483.0,-0.00018018768170443878,0.0003216207747985998
484.0,-0.00018020366448818137,0.000321621258128691
485.0,-0.00018021907155957239,0.0003216217968372241
486.0,-0.0001802345516060877,0.00032162235880701495
487.0,-0.0001802495188858528,0.00032162298163528546
488.0,-0.00018026750911112702,0.00032162355537444044
489.0,-0.00018028041528451614,0.000321624028808092
490.0,-0.0001803020823939892,0.00032162457500832243
491.0,-0.00018031479259759332,0.0003216250880277328
492.0,-0.00018033131504454746,0.0003216258902405342
493.0,-0.0001803471515529194,0.00032162683648352924
494.0,-0.00018036623821785977,0.00032162769375105704
495.0,-0.00018037835426582458,0.00032162854170020825
496.0,-0.00018039412945420547,0.00032162970057792177
497.0,-0.00018041042092656616,0.0003216308349688838
498.0,-0.00018042853838294,0.0003216322066894184
499.0,-0.00018044205396314873,0.00032163283710187634
500.0,-0.00018046321627628815,0.00032163373594369996
501.0,-0.0001804752588466673,0.0003216349250194281
502.0,-0.00018049586650157164,0.00032163656581675893
503.0,-0.00018050870121707276,0.00032163777935611604
504.0,-0.0001805248917636641,0.00032163928183451637
505.0,-0.00018054140241755443,0.0003216408174937367
506.0,-0.00018055825928703037,0.00032164241236973755
507.0,-0.00018057502953610765,0.0003216438432608077
508.0,-0.00018059155628846605,0.00032164531026925827
509.0,-0.00018061009088629563,0.0003216470035315931
510.0,-0.00018061998026193822,0.0003216483881082503
511.0,-0.00018064089184685595,0.0003216503422157633
512.0,-0.00018065481621386866,0.00032165169707997897
513.0,-0.0001806751137220317,0.0003216535964333583
514.0,-0.00018068766024145674,0.00032165496877820105
515.0,-0.00018070649306488538,0.00032165705093824455
516.0,-0.00018071899479628348,0.00032165856911683775
517.0,-0.00018073498806274945,0.00032166045751014135
518.0,-0.00018075107019591195,0.00032166241464670484
519.0,-0.0001807699952554839,0.0003216644731292852
520.0,-0.00018078161484206244,0.00032166613820526485
521.0,-0.00018079733440501443,0.00032166820237598576
522.0,-0.0001808164178975517,0.0003216701135449742
523.0,-0.0001808262318153197,0.0003216721940170736
524.0,-0.00018084629908780308,0.0003216746138353156
525.0,-0.00018085927534962663,0.00032167632455515506
526.0,-0.0001808738427982227,0.00032167854757760673
527.0,-0.00018088982753269764,0.0003216808318747434
528.0,-0.00018090577963674032,0.000321683090066552
529.0,-0.0001809206489562434,0.0003216852712834826
530.0,-0.00018093532868032432,0.00032168753846995257
531.0,-0.00018095421587795455,0.00032168973883233196
532.0,-0.0001809658102035342,0.00032169173058331187
533.0,-0.0001809848373711375,0.00032169446854434327
534.0,-0.00018099638948011022,0.00032169643231707076
535.0,-0.00018101086826890562,0.000321699455216949
536.0,-0.00018102264106679207,0.0003217013869187376
537.0,-0.00018104174303217363,0.0003217042905988889
538.0,-0.0001810528248274555,0.0003217062971714058
539.0,-0.00018106684838625322,0.0003217089153115248
540.0,-0.00018108152006110007,0.00032171161072711447
541.0,-0.00018109541615234572,0.00032171414067793194
542.0,-0.00018110929142592733,0.0003217166963409946
543.0,-0.00018112303110390533,0.0003217187384297064
544.0,-0.00018113942336410476,0.0003217220813221758
545.0,-0.00018115047426293867,0.0003217243067262473
546.0,-0.0001811629966543659,0.00032172712762776746
547.0,-0.00018117835312494171,0.00032172956821003483
548.0,-0.0001811935741378445,0.00032173208491164686
549.0,-0.00018120799791204641,0.00032173457782018304
550.0,-0.0001812221057168665,0.0003217371513569558
551.0,-0.00018123592036010992,0.0003217396323342702
552.0,-0.00018125018738606995,0.0003217422032350754
553.0,-0.00018126298678149269,0.000321744253855998
554.0,-0.00018127997497072447,0.0003217472466965968
555.0,-0.00018129123462747775,0.0003217492501938182
556.0,-0.00018130414563828902,0.00032175180826162327
557.0,-0.0001813168967481597,0.00032175433069762087
558.0,-0.0001813294717600998,0.00032175673923207185
559.0,-0.00018134144629129866,0.0003217591875372618
560.0,-0.000181351741330603,0.00032176179628963655
561.0,-0.0001813647787449305,0.0003217640605395461
562.0,-0.00018137810036519976,0.0003217665414012479
563.0,-0.00018138968434598657,0.0003217689075289924
564.0,-0.0001814013209275819,0.00032177154113807895
565.0,-0.0001814119854336253,0.00032177408903197405
566.0,-0.0001814234981437156,0.00032177663817448533
567.0,-0.00018143445350592467,0.0003217792493084799
568.0,-0.00018144564629590752,0.00032178180797747056
569.0,-0.00018145707961710194,0.0003217841016161064
570.0,-0.00018146750215351494,0.0003217864362509749
571.0,-0.0001814750733300492,0.00032178901376482154
572.0,-0.00018148679344830968,0.0003217914762903629
573.0,-0.0001814992577020012,0.00032179406446369255
574.0,-0.0001815101801579169,0.00032179648264023546
575.0,-0.0001815203715719536,0.0003217986920666437
576.0,-0.0001815303183168616,0.000321801084068491
577.0,-0.00018154001012666548,0.0003218033982630495
578.0,-0.0001815500166152151,0.00032180557605784676
579.0,-0.0001815601478028532,0.0003218072676784825
580.0,-0.00018156936233347233,0.00032180974588109424
581.0,-0.0001815789558677443,0.000321812293890602
582.0,-0.00018158762869574987,0.00032181462817863267
583.0,-0.00018159572713159652,0.0003218167876372695
584.0,-0.0001816038596954073,0.0003218190119314598
585.0,-0.00018161317609760542,0.00032182100867690465
586.0,-0.00018162178000958635,0.00032182312681559345
587.0,-0.00018162793499383416,0.00032182535036986314
588.0,-0.00018163753018327297,0.0003218271826448042
589.0,-0.0001816466369408552,0.00032182917159795886
590.0,-0.0001816551920648227,0.0003218307402992641
591.0,-0.00018166268262093818,0.0003218329117353677
592.0,-0.0001816705272054209,0.0003218350582453918
593.0,-0.0001816783567456192,0.0003218369765361172
594.0,-0.00018168589852323746,0.00032183873435653534
595.0,-0.00018169314420332834,0.000321840916590857
596.0,-0.0001816989993757755,0.0003218422054171479
597.0,-0.00018170515088220245,0.0003218437616554133
598.0,-0.0001817102987762376,0.0003218456623730215
599.0,-0.00018171817960690396,0.00032184750905329425
600.0,-0.00018172456663963324,0.0003218486493636221
601.0,-0.00018173167454678797,0.00032185032509908463
602.0,-0.0001817366584315219,0.0003218511849332125
603.0,-0.0001817423055159982,0.0003218531041257164
604.0,-0.00018174712155893152,0.00032185446340633376
605.0,-0.00018175295993340553,0.0003218562330654835
606.0,-0.0001817577891191518,0.0003218577375786658
607.0,-0.00018176171728329462,0.0003218586458313561
608.0,-0.00018176633297222123,0.0003218603909112642
609.0,-0.0001817688152298917,0.00032186215791132384
610.0,-0.00018177272524631222,0.00032186301268161924
611.0,-0.00018177744902354563,0.00032186438363911065
612.0,-0.00018178279390214069,0.0003218662926345819
613.0,-0.0001817879254316988,0.0003218677174675511
614.0,-0.00018179154000083606,0.0003218683256823873
615.0,-0.00018179530354484226,0.00032187001448207524
616.0,-0.0001817990109215495,0.0003218715823740922
617.0,-0.0001818026755890406,0.00032187282322114854
618.0,-0.00018180650487666832,0.00032187373563589294
619.0,-0.00018180939715266571,0.0003218745835156766
620.0,-0.0001818137555025554,0.00032187569411356275
621.0,-0.00018181653458681482,0.0003218763707479435
622.0,-0.00018181998796437538,0.0003218775622284139
623.0,-0.00018182277860524627,0.0003218788559566796
624.0,-0.00018182419026552824,0.00032187987260775625
625.0,-0.00018182890623983224,0.00032188064561681145
626.0,-0.00018183317802843637,0.00032188097663884594
627.0,-0.00018183571860118185,0.00032188219931159946
628.0,-0.00018183776303766307,0.00032188336027034
629.0,-0.00018183923468789132,0.0003218841442163485
630.0,-0.0001818418153294677,0.000321885075614684
631.0,-0.00018184388430773842,0.0003218859872663851
632.0,-0.0001818462586839979,0.0003218869606320993
633.0,-0.00018184865097152725,0.0003218880885487549
634.0,-0.00018185200379770153,0.0003218894470894516
635.0,-0.00018185490672390943,0.00032188980595100337
636.0,-0.00018185833668282945,0.0003218905621962297
637.0,-0.00018186119744169135,0.00032189142369517924
638.0,-0.00018186507130059788,0.0003218925204889194
639.0,-0.0001818661506467254,0.00032189384298160327
640.0,-0.00018186700425962114,0.0003218951035752939
641.0,-0.00018186965001427925,0.0003218956306531981
642.0,-0.00018187379890674456,0.00032189641418300117
643.0,-0.0001818761401599626,0.0003218971181250812
644.0,-0.00018187840472378314,0.00032189802499042015
645.0,-0.00018187968911355677,0.0003218987109431776
646.0,-0.0001818825514192115,0.0003218999736178953
647.0,-0.000181884086655433,0.00032190072301885493
648.0,-0.00018188659665685261,0.00032190151286110664
649.0,-0.00018188897323014904,0.00032190174299957477
650.0,-0.00018188957323798545,0.0003219024799143721
651.0,-0.00018189140603970975,0.0003219034519621024
652.0,-0.00018189367651484046,0.0003219045327088119
653.0,-0.00018189511573168013,0.0003219052547095821
654.0,-0.00018189680413980088,0.00032190580541870443
655.0,-0.00018189874743376478,0.00032190630680748594
656.0,-0.00018190082479624376,0.00032190736605024927
657.0,-0.00018190306866062647,0.00032190844531711726
658.0,-0.00018190564519384226,0.00032190897725075117
659.0,-0.0001819076615417479,0.0003219094811598876
660.0,-0.00018191083318626485,0.0003219104408370683
661.0,-0.00018191236045206978,0.0003219116440406578
662.0,-0.00018191327957213464,0.0003219122094094595
663.0,-0.00018191594180949597,0.0003219130104430122
664.0,-0.0001819181904718921,0.00032191365008135675
665.0,-0.000181919602930201,0.00032191446091885904
666.0,-0.00018192135957454568,0.0003219150549364663
667.0,-0.00018192315708574812,0.0003219157644048293
668.0,-0.00018192413633368975,0.00032191619612544997
669.0,-0.0001819248426662921,0.0003219167596213274
670.0,-0.0001819266807783434,0.00032191742425511884
671.0,-0.00018192738946561766,0.00032191793327433283
672.0,-0.00018192752487402973,0.0003219189189874741
673.0,-0.000181930043762119,0.00032191964043330377
674.0,-0.0001819318439432632,0.00032191996708518146
675.0,-0.00018193355963208043,0.00032192033353092066
676.0,-0.00018193521738020565,0.00032192074871893766
677.0,-0.00018193613562342612,0.00032192129882687446
678.0,-0.00018193657185841373,0.000321922041059852
679.0,-0.00018193736487052785,0.00032192262439485384
680.0,-0.00018194016519609523,0.00032192338410845853
681.0,-0.00018194189329866388,0.0003219235690192723
682.0,-0.00018194350492871744,0.000321923820731054
683.0,-0.00018194437519180353,0.0003219242031082113
684.0,-0.00018194495604699495,0.00032192471594264156
685.0,-0.00018194763983108193,0.00032192468844996215
686.0,-0.00018195002854226862,0.00032192471298295866
687.0,-0.00018195012706410515,0.0003219253322966057
688.0,-0.00018195066056970194,0.0003219257983541726
689.0,-0.0001819508731699729,0.00032192634501685346
690.0,-0.00018195045288567057,0.000321927022969218
691.0,-0.00018195234372660876,0.0003219270755035895
692.0,-0.00018195460361064203,0.00032192703635715867
693.0,-0.00018195576446388488,0.0003219272364594698
694.0,-0.00018195661627383103,0.00032192749261077586
695.0,-0.00018195674646058577,0.00032192781239526435
696.0,-0.00018195646850092847,0.000321928278753424
697.0,-0.00018195666667760257,0.0003219285907687449
698.0,-0.0001819570185581938,0.00032192886127913755
699.0,-0.00018195703577981082,0.0003219291417322149
700.0,-0.00018195830427801223,0.0003219292157242875
701.0,-0.0001819602943501441,0.0003219290635780883
702.0,-0.00018196065767897272,0.00032192942741098246
703.0,-0.0001819611882978797,0.00032192954170561205
704.0,-0.00018196122562780357,0.00032192987319009693
705.0,-0.00018196077225001638,0.0003219302944362149
706.0,-0.00018196252651013262,0.00032193036801208197
707.0,-0.0001819637516882825,0.00032193032262257005
708.0,-0.00018196488346773138,0.00032193044246660497
709.0,-0.0001819651551712521,0.00032193091243187816
710.0,-0.00018196524604779403,0.00032193123644778834
711.0,-0.00018196539885516244,0.00032193153741054333
712.0,-0.000181966357068692,0.0003219317163095012
713.0,-0.00018196750672000206,0.00032193175846186
714.0,-0.00018196714711529884,0.00032193221584848083
715.0,-0.00018196726300653512,0.00032193252370174764
716.0,-0.00018196747502552727,0.0003219328453360379
717.0,-0.00018196711259324734,0.00032193324924026384
718.0,-0.000181969372979742,0.0003219330475887437
719.0,-0.00018197137250011797,0.00032193282348525403
720.0,-0.00018197306408064185,0.00032193274685721386
721.0,-0.00018197348873931368,0.00032193293535201864
722.0,-0.0001819735485026597,0.0003219332591598261
723.0,-0.00018197332901571234,0.0003219335710132893
724.0,-0.00018197447906110974,0.0003219336230620878
725.0,-0.0001819759225735015,0.000321933500882678
726.0,-0.00018197536511724627,0.00032193390224342645
727.0,-0.00018197386868877612,0.0003219344320729108
728.0,-0.00018197474959222057,0.00032193440802548727
729.0,-0.00018197558851551049,0.0003219343488318292
730.0,-0.00018197594506603676,0.0003219344240262729
731.0,-0.00018197563653505358,0.00032193462375862376
732.0,-0.0001819754246736964,0.0003219348200225961
733.0,-0.00018197506558130673,0.00032193499795040803
734.0,-0.00018197474558238183,0.00032193516112605046
735.0,-0.00018197483384809515,0.00032193515647842345
736.0,-0.00018197578388431227,0.0003219350478025669
737.0,-0.0001819748284392463,0.0003219353373890408
738.0,-0.00018197438046045579,0.00032193554523739703
739.0,-0.00018197483810423846,0.00032193548005500565
740.0,-0.00018197517699965163,0.0003219354870380075
741.0,-0.00018197593470153955,0.0003219353701999004
742.0,-0.00018197637546853165,0.0003219353882585906
743.0,-0.00018197593791335144,0.0003219355944190027
744.0,-0.000181977932635714,0.0003219352836522981
745.0,-0.00018197966975303068,0.0003219349437280924
746.0,-0.00018198099218208537,0.00032193467684793573
747.0,-0.00018198231523182764,0.0003219343423112778
748.0,-0.00018198176717455558,0.0003219345283319727
749.0,-0.00018198117863466094,0.00032193464843035543
750.0,-0.00018198142858456013,0.00032193459092464153
751.0,-0.00018198152905712898,0.000321934473577839
752.0,-0.00018198166421923645,0.00032193436975771225
753.0,-0.00018198231806925653,0.000321934069627368
754.0,-0.0001819826214179911,0.0003219339537835295
755.0,-0.000181982596629897,0.00032193383003178814
756.0,-0.00018198253995028448,0.00032193376977449414
757.0,-0.00018198214011911544,0.00032193379109346
758.0,-0.00018198346467624183,0.000321933321313167
759.0,-0.00018198393800470086,0.00032193300453460646
760.0,-0.00018198359711914662,0.0003219329686946963
761.0,-0.00018198295411638073,0.0003219329163221825
762.0,-0.00018198137902807637,0.00032193310345275845
763.0,-0.00018198065223248855,0.00032193302481305883
764.0,-0.00018198080327631609,0.0003219327740493005
765.0,-0.00018197858961872847,0.0003219330213678029
766.0,-0.0001819771861850198,0.00032193317226538587
767.0,-0.000181975515313786,0.0003219333590722465
768.0,-0.00018197366359586908,0.00032193364720200146
769.0,-0.00018197334121271573,0.00032193358282889837
770.0,-0.00018197328047400352,0.00032193350331054287
771.0,-0.00018197211863554228,0.0003219336591101006
772.0,-0.00018197101268851895,0.0003219339140821581
773.0,-0.0001819703447203197,0.0003219340275212542
774.0,-0.00018197008068179788,0.00032193411064672324
775.0,-0.00018196971923473634,0.000321934168591765
776.0,-0.00018196883868597052,0.0003219344241418855
777.0,-0.00018196949413204432,0.000321934302679274
778.0,-0.00018197092405827483,0.0003219339746400449
779.0,-0.00018197241315672031,0.0003219335326761467
780.0,-0.00018197172062702724,0.00032193371169071715
781.0,-0.0001819713258697328,0.0003219337275758902
782.0,-0.0001819707406598762,0.00032193378697765096
783.0,-0.0001819702723067699,0.0003219337075749081
784.0,-0.00018196939598459083,0.0003219337820756762
785.0,-0.0001819681429247612,0.00032193393991001586
786.0,-0.00018196784052183627,0.00032193389727208405
787.0,-0.00018196572188855997,0.0003219342010326644
788.0,-0.0001819629981341639,0.00032193479999849145
789.0,-0.0001819626471402692,0.0003219347871654914
790.0,-0.00018196276726794444,0.0003219347673263669
791.0,-0.0001819615965920745,0.0003219350156160153
792.0,-0.0001819604102807891,0.00032193536016472554
793.0,-0.00018195815276127988,0.00032193598891236197
794.0,-0.00018195747232021612,0.0003219362830308502
795.0,-0.00018195845706567624,0.0003219360977500761
796.0,-0.0001819578002501489,0.00032193642687606373
797.0,-0.00018195742133516574,0.0003219366112319369
798.0,-0.00018195734389700227,0.00032193669817262213
799.0,-0.00018195738089195186,0.00032193671766490877
800.0,-0.00018195698899179066,0.0003219368783433188
801.0,-0.00018195610404895092,0.0003219371357432411
802.0,-0.00018195520092883233,0.00032193743358445556
803.0,-0.0001819557139517393,0.00032193729551987274
804.0,-0.00018195640342725546,0.0003219371719993566
805.0,-0.00018195617113246938,0.00032193724037265614
806.0,-0.00018195558879945041,0.00032193739825324094
807.0,-0.00018195438766062863,0.0003219376535952587
808.0,-0.00018195361357455932,0.0003219378772594205
809.0,-0.0001819522381210522,0.00032193824502314345
810.0,-0.00018195224755944414,0.00032193830181205914
811.0,-0.00018195253811019213,0.000321938245046266
812.0,-0.00018195090972157423,0.0003219387024791319
813.0,-0.00018195088248028644,0.00032193875688642774
814.0,-0.0001819513202620669,0.000321938696999094
815.0,-0.00018195089501226404,0.0003219387740895846
816.0,-0.00018195018260086437,0.00032193897095474257
817.0,-0.00018194961101657774,0.00032193910647584787
818.0,-0.00018194888569881748,0.0003219392675935859
819.0,-0.00018194818194748724,0.0003219393966172623
820.0,-0.00018194706402020855,0.00032193970694463904
821.0,-0.00018194597299924338,0.0003219399967160931
822.0,-0.00018194731476813464,0.00032193968423832175
823.0,-0.00018194689507496333,0.0003219397718495601
824.0,-0.00018194597894996236,0.0003219399921147111
825.0,-0.0001819448916137139,0.00032194021339725294
826.0,-0.00018194401871024258,0.0003219404336161588
827.0,-0.00018194294735423598,0.00032194065110660705
828.0,-0.00018194255509939618,0.0003219407904660511
829.0,-0.0001819423671492887,0.0003219408756263021
830.0,-0.00018194181329893265,0.0003219410887697161
831.0,-0.00018194181782108497,0.00032194109313987283
832.0,-0.00018194214868696843,0.0003219410862493611
833.0,-0.0001819429360143726,0.0003219409278138358
834.0,-0.00018194402827671289,0.000321940724543739
835.0,-0.00018194322903801867,0.0003219408972689834
836.0,-0.00018194255330629871,0.0003219410557969987
837.0,-0.00018194162511237275,0.00032194127157638027
838.0,-0.0001819403561806753,0.0003219416308078924
839.0,-0.0001819415689253694,0.00032194136025125473
840.0,-0.0001819433018160993,0.00032194103903316983
841.0,-0.00018194404909437694,0.0003219408967371653
842.0,-0.00018194456621579232,0.0003219408089178242
843.0,-0.0001819449406874406,0.00032194065418190255
844.0,-0.00018194398803054267,0.00032194087516385165
845.0,-0.00018194331032838598,0.00032194098286856225
846.0,-0.00018194358167722806,0.00032194086603045525
847.0,-0.0001819438485728831,0.00032194066162735484
848.0,-0.00018194350826860768,0.00032194063822736196
849.0,-0.00018194315573777234,0.000321940530152691
850.0,-0.0001819423809324936,0.00032194063723309344
851.0,-0.00018194299661515424,0.000321940280776284
852.0,-0.0001819436681301396,0.00032194003269473835
853.0,-0.0001819435160813893,0.00032193996607875056
854.0,-0.00018194316207272644,0.0003219399480894279
855.0,-0.00018194338287986638,0.00032193976165252765
856.0,-0.00018194204679568515,0.0003219400346832753
857.0,-0.00018194078431716794,0.00032194025878676496
858.0,-0.00018193988092118823,0.0003219404504493554
859.0,-0.00018193878169335412,0.00032194063866668984
860.0,-0.00018193974693149058,0.0003219403397618393
861.0,-0.00018194096766630566,0.0003219399613386334
862.0,-0.00018194143131992037,0.00032193983643076594
863.0,-0.00018194109202056768,0.0003219398393210813
864.0,-0.00018194069398249607,0.0003219399075325232
865.0,-0.00018194090169608394,0.0003219398269274091
866.0,-0.0001819416750432395,0.0003219396111711502
867.0,-0.00018194058178582864,0.0003219397727513385
868.0,-0.0001819395916413719,0.0003219399635121505
869.0,-0.00018193969385777727,0.0003219398578653445
870.0,-0.0001819393810016855,0.00032193991065406375
871.0,-0.00018193812607979318,0.0003219401513364021
872.0,-0.00018193943900149062,0.0003219398041517243
873.0,-0.0001819407814501825,0.0003219394079010534
874.0,-0.00018194149251183305,0.00032193919568254036
875.0,-0.00018194147857099316,0.00032193908765411447
876.0,-0.00018194216454898413,0.00032193889807255113
877.0,-0.00018194316375744982,0.0003219386232382467
878.0,-0.00018194260604503782,0.0003219387329546168
879.0,-0.0001819423899176851,0.00032193870208604904
880.0,-0.000181942839364451,0.00032193854235566246
881.0,-0.00018194313133391345,0.00032193834468121615
882.0,-0.0001819433482100321,0.00032193817452257187
883.0,-0.0001819435505541799,0.0003219379355975452
884.0,-0.00018194345881064576,0.00032193781963809395
885.0,-0.0001819437460215035,0.0003219375546308617
886.0,-0.00018194366037647107,0.0003219374037101563
887.0,-0.0001819428807534745,0.00032193735106017215
888.0,-0.0001819426764290378,0.0003219371799997495
889.0,-0.00018194356456398506,0.00032193671357222224
890.0,-0.00018194461796931303,0.0003219362280454913
891.0,-0.00018194344055454947,0.00032193622693561027
892.0,-0.0001819427196407153,0.0003219362013852227
893.0,-0.00018194228576039954,0.00032193606389870294
894.0,-0.00018194285101958427,0.0003219356793017834
895.0,-0.00018194311626007243,0.0003219353301054461
896.0,-0.00018194389336091,0.0003219349178077444
897.0,-0.00018194434057123017,0.0003219345484254449
898.0,-0.00018194477141707336,0.00032193421479056534
899.0,-0.00018194532594723004,0.0003219337957179645
900.0,-0.00018194535534614607,0.0003219335760539992
901.0,-0.0001819449516627732,0.0003219334675400003
902.0,-0.0001819475421171245,0.0003219325953815679
903.0,-0.00018194834117847938,0.00032193216687497785
904.0,-0.00018194870325608068,0.00032193184766855245
905.0,-0.00018194895182667415,0.000321931486032298
906.0,-0.00018194905617115116,0.000321931173438914
907.0,-0.0001819489316691064,0.0003219308192481118
908.0,-0.00018194920149086,0.00032193038456780826
909.0,-0.00018194937238683758,0.0003219299367076667
910.0,-0.00018194955496750496,0.00032192951823625153
911.0,-0.00018194922805234712,0.0003219291360440744
912.0,-0.0001819489919841747,0.00032192875949379275
913.0,-0.0001819481712381636,0.0003219285212161967
914.0,-0.00018194790266763732,0.0003219282015473208
915.0,-0.00018194880896015906,0.00032192759448861075
916.0,-0.0001819478254954828,0.0003219274932119615
917.0,-0.0001819459155807171,0.000321927590164699
918.0,-0.0001819451325094563,0.0003219274539730405
919.0,-0.00018194520990821105,0.00032192707455556605
920.0,-0.00018194460788067697,0.0003219269210682606
921.0,-0.00018194408174451352,0.00032192675756890284
922.0,-0.00018194373948950574,0.0003219265624148116
923.0,-0.00018194377708543853,0.00032192623645660955
924.0,-0.00018194352642618214,0.00032192604814678495
925.0,-0.00018194255680382393,0.0003219260660898625
926.0,-0.00018194421863075314,0.0003219254674477507
927.0,-0.00018194619435810564,0.00032192474787484535
928.0,-0.00018194576830042372,0.00032192462507112747
929.0,-0.00018194473109208568,0.0003219246065268643
930.0,-0.00018194399652312498,0.000321924500117015
931.0,-0.000181943203195741,0.00032192432142615985
932.0,-0.00018194220078531558,0.0003219242718052262
933.0,-0.00018194151551668186,0.0003219241342262163
934.0,-0.00018194109597129333,0.0003219240332964049
935.0,-0.00018193990885212886,0.00032192406062722667
936.0,-0.00018193853972372367,0.00032192416941869583
937.0,-0.00018193878359482553,0.0003219238409401388
938.0,-0.0001819392833665455,0.00032192342767129123
939.0,-0.00018193962416343014,0.00032192302390580046
940.0,-0.00018193772056391414,0.00032192327332845243
941.0,-0.0001819356057335807,0.0003219236045354671
942.0,-0.00018193462520485522,0.0003219237348308823
943.0,-0.00018193404299991466,0.0003219237715032033
944.0,-0.00018193375495162127,0.0003219237830875871
945.0,-0.00018193326276608272,0.0003219238062332323
946.0,-0.00018193233126182303,0.000321924013041075
947.0,-0.0001819330131511578,0.00032192379118047004
948.0,-0.0001819340414038609,0.0003219235720945678
949.0,-0.00018193298588031341,0.0003219238770806418
950.0,-0.00018193227304526987,0.000321924129347364
951.0,-0.0001819318900317783,0.00032192423975740974
952.0,-0.00018193022650042133,0.00032192468942110806
953.0,-0.00018192908519391082,0.0003219250037718037
954.0,-0.00018192854836812812,0.00032192521247569327
955.0,-0.0001819280173058729,0.000321925396900934
956.0,-0.00018192683981229184,0.0003219257816597112
957.0,-0.00018192784702073068,0.00032192563018406523
958.0,-0.0001819291049081303,0.0003219254737139543
959.0,-0.00018192914930206984,0.0003219255553595819
960.0,-0.00018192874097831848,0.00032192580080515996
961.0,-0.00018192802039945855,0.0003219260863220698
962.0,-0.00018192785852808117,0.0003219262384220239
963.0,-0.0001819279471681775,0.0003219262508388186
964.0,-0.0001819268963539738,0.00032192659060116665
965.0,-0.00018192512619243318,0.0003219270743937084
966.0,-0.00018192349665110976,0.0003219275379771654
967.0,-0.00018192425274709173,0.0003219273781774112
968.0,-0.0001819249700057658,0.0003219272727387079
969.0,-0.0001819252605466616,0.00032192726113120147
970.0,-0.0001819248708139808,0.0003219274667597956
971.0,-0.00018192310819921284,0.0003219279502286219
972.0,-0.00018192172045018056,0.0003219284755723369
973.0,-0.00018192101274812464,0.00032192882194772643
974.0,-0.00018192082499506087,0.00032192907352077306
975.0,-0.0001819210310337775,0.00032192920113397567
976.0,-0.00018192236320664184,0.0003219291027476417
977.0,-0.0001819218175533026,0.00032192945973626917
978.0,-0.00018192188988803496,0.00032192969648777873
979.0,-0.00018192178683419397,0.00032192994732090465
980.0,-0.0001819215064607517,0.00032193023711548117
981.0,-0.00018192255514688367,0.0003219302108482955
982.0,-0.00018192398630463715,0.000321930101247538
983.0,-0.00018192447340644894,0.0003219301895293295
984.0,-0.00018192472268639966,0.0003219304095863778
985.0,-0.00018192504906953957,0.0003219305945896816
986.0,-0.00018192505553257202,0.0003219308668805085
987.0,-0.00018192622241535128,0.00032193079450701254
988.0,-0.00018192727383053815,0.0003219308320579894
989.0,-0.00018192571806236593,0.00032193150649573047
990.0,-0.00018192705975243964,0.00032193152626548737
991.0,-0.00018192885992373165,0.00032193133712325197
992.0,-0.000181929901063091,0.0003219313528465674
993.0,-0.00018192990694484464,0.00032193156837160116
994.0,-0.00018192969497511343,0.0003219318635999706
995.0,-0.0001819293512422781,0.0003219321289540407
996.0,-0.00018192951275897682,0.00032193241208933074
997.0,-0.00018192976834432504,0.0003219326717321377
998.0,-0.0001819301527469745,0.00032193293764114835
999.0,-0.00018193085385791955,0.00032193309041165564
1000.0,-0.00018193213085855543,0.0003219331152221224
1001.0,-0.0001819310832660158,0.00032193365293638703
1002.0,-0.00018192981474811004,0.0003219342803660396
1003.0,-0.00018193092731580082,0.0003219342550468773
1004.0,-0.00018193230799096527,0.00032193419189926786
1005.0,-0.00018193348757320925,0.0003219341480127199
1006.0,-0.0001819342331864678,0.0003219342043854301
1007.0,-0.00018193458793404446,0.0003219343037197875
1008.0,-0.00018193568544759865,0.00032193424431802676
1009.0,-0.00018193717761007326,0.00032193406567341664
1010.0,-0.00018193694423154696,0.00032193431007848124
1011.0,-0.00018193620522910362,0.0003219346199434075
1012.0,-0.00018193573669865795,0.00032193490504411193
1013.0,-0.00018193722436853684,0.00032193467717165107
1014.0,-0.0001819388422941357,0.00032193446967013266
1015.0,-0.0001819397450103148,0.0003219343998169917
1016.0,-0.00018193969301048946,0.0003219345880805713
1017.0,-0.00018193942948428122,0.00032193485798977836
1018.0,-0.0001819393759376631,0.00032193512484681244
1019.0,-0.00018193939302134954,0.0003219353293886479
1020.0,-0.00018193883260943922,0.00032193573616006663
1021.0,-0.00018193888053046045,0.0003219359733740267
1022.0,-0.00018194050474175253,0.000321935807886132
1023.0,-0.0001819393280954593,0.00032193627570101057
1024.0,-0.00018193728414173503,0.00032193696981601844
1025.0,-0.00018193768241625907,0.00032193705111480814
1026.0,-0.0001819386508859118,0.00032193699788676095
1027.0,-0.00018193868989070688,0.0003219370899144012
1028.0,-0.0001819387424619588,0.0003219371910985604
1029.0,-0.00018193842898517947,0.00032193737667992727
1030.0,-0.000181938464098362,0.0003219375133109137
1031.0,-0.0001819384383546061,0.0003219375863087178
1032.0,-0.0001819386092505837,0.0003219376174547558
1033.0,-0.00018193904322942126,0.00032193756295496986
1034.0,-0.00018194029101833262,0.0003219372927220475
1035.0,-0.0001819394798782006,0.0003219375101893731
1036.0,-0.00018193955256761153,0.0003219375567118887
1037.0,-0.0001819390215841738,0.000321937758895227
1038.0,-0.00018193783445515714,0.00032193813176902746
1039.0,-0.0001819389261953317,0.0003219379134230459
1040.0,-0.00018194013071345247,0.0003219376741743039
1041.0,-0.00018194018292017362,0.0003219376831920877
1042.0,-0.00018193978720721735,0.0003219377804916631
1043.0,-0.00018193921387909423,0.00032193786063432667
1044.0,-0.00018193927558332043,0.0003219378404021194
1045.0,-0.00018193968804498892,0.0003219376790531562
1046.0,-0.00018193853141833285,0.0003219378581602168
1047.0,-0.00018193780113507206,0.00032193788047345115
1048.0,-0.00018193770904671147,0.00032193776171617473
1049.0,-0.00018193742187526247,0.00032193760751207104
1050.0,-0.00018193662860699157,0.0003219375637180131
1051.0,-0.00018193602412626376,0.0003219374201502699
1052.0,-0.00018193496691799288,0.000321937428959951
1053.0,-0.0001819334836717445,0.0003219375606195951
1054.0,-0.0001819341840930367,0.0003219371785892756
1055.0,-0.0001819346589584364,0.00032193677389888393
1056.0,-0.00018193483337164355,0.0003219364579296117
1057.0,-0.00018193481871159426,0.0003219362048998461
1058.0,-0.00018193275016681963,0.00032193646972209823
1059.0,-0.000181930852005709,0.00032193667345464545
1060.0,-0.00018193001547649974,0.0003219366968546384
1061.0,-0.00018192953202984805,0.00032193667192855895
1062.0,-0.00018192928884839903,0.00032193664323350833
1063.0,-0.00018192945067051547,0.0003219364382523449
1064.0,-0.00018192947285763307,0.00032193629103124304
1065.0,-0.00018192983762488045,0.00032193601876353867
1066.0,-0.0001819292371638436,0.0003219359947392376
1067.0,-0.00018192783319811702,0.00032193608251233365
1068.0,-0.00018192940802041243,0.00032193548715362004
1069.0,-0.0001819294610744214,0.000321935220828404
1070.0,-0.00018192865638746964,0.0003219351712305929
1071.0,-0.00018192788052800727,0.000321935064219558
1072.0,-0.00018192752148487855,0.0003219349195881787
1073.0,-0.00018192731635256277,0.0003219347090113648
1074.0,-0.00018192748399731976,0.00032193442358694505
1075.0,-0.00018192773938562434,0.0003219340681706491
1076.0,-0.0001819280711086478,0.00032193372891699653
1077.0,-0.00018192868797357043,0.0003219332993930155
1078.0,-0.00018192980916192193,0.0003219327917380303
1079.0,-0.00018192893973627142,0.00032193271665919925
1080.0,-0.00018192816295070378,0.0003219326659515071
1081.0,-0.00018192825584694341,0.00032193238755633417
1082.0,-0.00018192805360131743,0.00032193216849355443
1083.0,-0.0001819273197811227,0.0003219320475858834
1084.0,-0.00018192757309061652,0.0003219317288881535
1085.0,-0.00018192674755644416,0.00032193165649153503
1086.0,-0.00018192526231020247,0.0003219317902784512
1087.0,-0.0001819256957077612,0.0003219314181445714
1088.0,-0.00018192617832682944,0.0003219310802782702
1089.0,-0.00018192636591240612,0.00032193079210227017
1090.0,-0.00018192660882784622,0.0003219305264476073
1091.0,-0.00018192473579965607,0.00032193073436533113
1092.0,-0.00018192356458191603,0.000321930847966285
1093.0,-0.00018192323515445134,0.00032193077674891514
1094.0,-0.00018192331815909858,0.0003219306262444151
1095.0,-0.000181923460129065,0.0003219304340962518
1096.0,-0.00018192379036440873,0.00032193028664392474
1097.0,-0.00018192338355789363,0.000321930283337404
1098.0,-0.00018192496705996287,0.0003219298178810227
1099.0,-0.00018192634716370065,0.0003219293551993442
1100.0,-0.0001819271373777946,0.000321929068341328
1101.0,-0.0001819261744450691,0.000321929178057698
1102.0,-0.00018192616069142073,0.00032192912193933557
1103.0,-0.00018192715187035678,0.0003219287246481511
1104.0,-0.00018192645869041956,0.00032192878310188843
1105.0,-0.000181926379262115,0.0003219286725531075
1106.0,-0.00018192593446557978,0.00032192865733848765
1107.0,-0.00018192536256602328,0.00032192867544342284
1108.0,-0.00018192664372428067,0.00032192827063741853
1109.0,-0.00018192767076516522,0.0003219279169553118
1110.0,-0.00018192805415303973,0.0003219277312583323
1111.0,-0.00018192744660828282,0.0003219277493170225
1112.0,-0.00018192657245358416,0.0003219278615075025
1113.0,-0.00018192579534289445,0.00032192795212466883
1114.0,-0.00018192569319545437,0.00032192791535985775
1115.0,-0.00018192522079310056,0.0003219279321930543
1116.0,-0.00018192417489513654,0.0003219281549091926
1117.0,-0.00018192224691146604,0.0003219285845719088
1118.0,-0.00018192308360816243,0.00032192834865281004
1119.0,-0.00018192328267153306,0.0003219282684407789
1120.0,-0.0001819225637971009,0.00032192847938755317
1121.0,-0.00018192185646942802,0.00032192867213690215
1122.0,-0.0001819224615806956,0.00032192859689621336
1123.0,-0.0001819213137520395,0.00032192889797458095
1124.0,-0.00018191999086978437,0.00032192929454896723
1125.0,-0.00018191921328618982,0.0003219295734065906
1126.0,-0.0001819191483504474,0.00032192970423382386
1127.0,-0.00018191918338481247,0.0003219297135522005
1128.0,-0.0001819199576383689,0.00032192955749829497
1129.0,-0.00018192004196320878,0.000321929528965102
1130.0,-0.0001819199221508034,0.00032192957007694733
1131.0,-0.00018191988187507666,0.00032192954168248954
1132.0,-0.0001819203983561001,0.00032192945106532315
1133.0,-0.00018192070277872266,0.0003219293889351048
1134.0,-0.00018191903642964115,0.00032192984914267337
1135.0,-0.00018191843366319332,0.00032192998875646525
1136.0,-0.00018191790683737703,0.0003219301355151166
1137.0,-0.0001819168211661476,0.00032193039749329837
1138.0,-0.00018191625353258665,0.000321930573016368
1139.0,-0.0001819149469162867,0.00032193085781647964
1140.0,-0.00018191392658473924,0.0003219311403043391
1141.0,-0.00018191425745062276,0.0003219310493634574
1142.0,-0.0001819148462959351,0.00032193090126369974
1143.0,-0.00018191283625342697,0.0003219313500256196
1144.0,-0.0001819108038070532,0.0003219318806643923
1145.0,-0.00018190900698550363,0.0003219323690351935
1146.0,-0.00018190798653572996,0.000321932710762956
1147.0,-0.00018190819442665711,0.0003219326823916207
1148.0,-0.00018190797387567396,0.0003219327803386267
1149.0,-0.000181907156784823,0.0003219329707063558
1150.0,-0.00018190651492491045,0.0003219331447958289
1151.0,-0.00018190696443078945,0.00032193299604864063
1152.0,-0.00018190655234350393,0.0003219331399632217
1153.0,-0.0001819054606722947,0.00032193342878665234
1154.0,-0.00018190508516616706,0.0003219335789905596
1155.0,-0.00018190464513808874,0.0003219336885219494
1156.0,-0.00018190466304935862,0.00032193376896520585
1157.0,-0.00018190544712554216,0.0003219335968873921
1158.0,-0.00018190564075050742,0.0003219336168421292
1159.0,-0.0001819051338950674,0.000321933770213822
1160.0,-0.00018190432807511453,0.0003219339993811442
1161.0,-0.0001819034537233722,0.0003219341891708102
1162.0,-0.00018190299383329163,0.00032193425981011695
1163.0,-0.00018190158036020783,0.00032193448446854716
1164.0,-0.00018189937561884643,0.0003219349633359916
1165.0,-0.00018189925352073448,0.0003219349055296849
1166.0,-0.00018189916670329214,0.0003219348316994701
1167.0,-0.00018189833072580514,0.00032193493156564544
1168.0,-0.0001818978544810997,0.0003219350101359774
1169.0,-0.00018189800751506835,0.000321934932698649
1170.0,-0.00018189675839611218,0.00032193523567306356
1171.0,-0.00018189589078326346,0.00032193541369336556
1172.0,-0.0001818959616992814,0.00032193540883763576
1173.0,-0.00018189653376632497,0.00032193526138530877
1174.0,-0.0001818970559714671,0.00032193513728672965
1175.0,-0.00018189767933883097,0.0003219349583646492
1176.0,-0.0001818983190017066,0.00032193485805914594
1177.0,-0.00018189877100018804,0.0003219347817548211
1178.0,-0.00018189916991510403,0.0003219347267694622
1179.0,-0.00018190008090711733,0.00032193453300272226
1180.0,-0.00018190051524063353,0.00032193450638869867
1181.0,-0.00018190016098566602,0.00032193467002679155
1182.0,-0.00018190065073771524,0.00032193464655743103
1183.0,-0.00018190117593792123,0.0003219345660448071
1184.0,-0.00018190155546373977,0.0003219346114574416
1185.0,-0.00018190190228030857,0.0003219346746512961
1186.0,-0.00018190163027137022,0.0003219348828927353
1187.0,-0.00018190140296178904,0.00032193500669072157
1188.0,-0.00018190138729681703,0.00032193511837250605
1189.0,-0.0001819014194543445,0.0003219351724792091
1190.0,-0.0001819015323505169,0.0003219352271870978
1191.0,-0.00018190161294137915,0.00032193527188293405
1192.0,-0.00018190217598382255,0.0003219352165044922
1193.0,-0.00018190293029655928,0.0003219351025567005
1194.0,-0.0001819018303199592,0.0003219354799162705
1195.0,-0.00018190091880578016,0.00032193573359346665
1196.0,-0.00018190172612326494,0.0003219355956213739
1197.0,-0.00018190227773717528,0.0003219355388093357
1198.0,-0.0001819022377176053,0.000321935667601787
1199.0,-0.00018190198659529626,0.0003219358000707193
1200.0,-0.00018190179798509247,0.00032193598946730244
1201.0,-0.00018190317495583584,0.0003219357663118362
1202.0,-0.000181904509532633,0.00032193559661564233
1203.0,-0.00018190483149214246,0.00032193566947471126
1204.0,-0.00018190526998328017,0.0003219358183143897
1205.0,-0.0001819059605622409,0.00032193586684856474
1206.0,-0.00018190505218105622,0.0003219363200268865
1207.0,-0.00018190422700156247,0.0003219367224743935
1208.0,-0.00018190420356321756,0.00032193692773302716
1209.0,-0.00018190424576012014,0.00032193707042211454
1210.0,-0.00018190393579071819,0.0003219372668479446
1211.0,-0.00018190384166295558,0.0003219373196135413
1212.0,-0.00018190392235233968,0.0003219373528174839
1213.0,-0.00018190326995059058,0.00032193752482592995
1214.0,-0.0001819027575976321,0.0003219376518841921
1215.0,-0.00018190331113271827,0.00032193747943641803
1216.0,-0.00018190370254027026,0.00032193736511866594
1217.0,-0.0001819043549715759,0.00032193719089045763
1218.0,-0.00018190336442317962,0.00032193744655619074
1219.0,-0.0001819029188384697,0.0003219375248490525
1220.0,-0.0001819034287185301,0.0003219373800789381
1221.0,-0.0001819035634471415,0.0003219373077979322
1222.0,-0.00018190324919203967,0.00032193741520205005
1223.0,-0.00018190412210536316,0.0003219372107527046
1224.0,-0.00018190450835037095,0.0003219372035616001
1225.0,-0.00018190429974023435,0.00032193732356749274
1226.0,-0.00018190407619418734,0.0003219374146008645
1227.0,-0.0001819036221464517,0.00032193749631585956
1228.0,-0.00018190403427314594,0.000321937394229922
1229.0,-0.0001819041733761269,0.00032193734435464056
1230.0,-0.00018190141694203764,0.00032193801067637625
1231.0,-0.00018190086018528745,0.0003219380802289244
1232.0,-0.00018190096900265584,0.0003219379541649309
1233.0,-0.00018190046691567271,0.0003219379249149397
1234.0,-0.00018189980059278815,0.0003219379644544535
1235.0,-0.00018189871610382077,0.00032193804848170077
1236.0,-0.00018189778014637408,0.0003219381398850329
1237.0,-0.00018189722070982993,0.00032193818421090886
1238.0,-0.00018189712259193295,0.0003219381519781123
1239.0,-0.00018189618826994875,0.0003219382599371706
1240.0,-0.00018189630090996445,0.0003219381457812762
1241.0,-0.00018189719230598446,0.0003219378391072581
1242.0,-0.00018189609489095213,0.00032193801795997093
1243.0,-0.00018189554786815937,0.0003219379779580067
1244.0,-0.0001818952774946835,0.00032193782386951564
1245.0,-0.00018189570730604737,0.00032193745837179983
1246.0,-0.000181894802481501,0.0003219374038488914
1247.0,-0.00018189309350202082,0.00032193749615400184
1248.0,-0.00018189395341046194,0.0003219369626480364
1249.0,-0.00018189482079671043,0.0003219363686997967
1250.0,-0.00018189475868854468,0.00032193599765267545
1251.0,-0.00018189432630576086,0.000321935679324906
1252.0,-0.00018189413696649548,0.00032193533012856866
1253.0,-0.00018189437755682022,0.0003219348838870037
1254.0,-0.0001818931692062,0.00032193486552772074
1255.0,-0.00018189223658864357,0.00032193476943051655
1256.0,-0.0001818919612004062,0.0003219345557552845
1257.0,-0.0001818919889934163,0.00032193430260990644
1258.0,-0.00018189191144687877,0.000321934087408588
1259.0,-0.00018189171848200983,0.0003219338235343593
1260.0,-0.00018189122327185087,0.00032193369064922157
1261.0,-0.0001818913776949774,0.000321933382056034
1262.0,-0.00018189047906745455,0.00032193335056315814
1263.0,-0.00018188899051087916,0.0003219334351684686
1264.0,-0.00018188977273485217,0.00032193297782809284
1265.0,-0.00018189062314578823,0.0003219325048337691
1266.0,-0.00018189020888117015,0.0003219323948168063
1267.0,-0.00018188969223265956,0.00032193230722869044
1268.0,-0.0001818895743611344,0.00032193217103703196
1269.0,-0.00018188983827157782,0.00032193193643591695
1270.0,-0.00018189089671137164,0.00032193155914571467
1271.0,-0.0001818922036035327,0.0003219310561614791
1272.0,-0.00018189200696379926,0.00032193094570518826
1273.0,-0.00018189167802894375,0.0003219308343008741
1274.0,-0.0001818912921878755,0.00032193069732304984
1275.0,-0.00018189069321451835,0.0003219305596515498
1276.0,-0.00018189155948747008,0.00032193010654259566
1277.0,-0.0001818925056320747,0.00032192960815974217
1278.0,-0.00018189273023230533,0.0003219293291633837
1279.0,-0.00018189217540658312,0.00032192920124958827
1280.0,-0.0001818914042072036,0.0003219291566231195
1281.0,-0.0001818906654510648,0.00032192906824883794
1282.0,-0.00018189054823963593,0.00032192886962636823
1283.0,-0.00018189054835786216,0.00032192856376163836
1284.0,-0.00018188924553465293,0.0003219287441866828
1285.0,-0.00018188804764705173,0.0003219288929107485
1286.0,-0.00018188917402750402,0.00032192849649821995
1287.0,-0.0001818904393237457,0.0003219280838999255
1288.0,-0.00018189052027913876,0.00032192802849836114
1289.0,-0.00018189052809192038,0.00032192798912070506
1290.0,-0.0001818906811455934,0.00032192790703574963
1291.0,-0.0001818902771370985,0.00032192793279423986
1292.0,-0.00018188936983965404,0.0003219280843392534
1293.0,-0.00018189029835870206,0.00032192775993026044
1294.0,-0.00018189158302433681,0.0003219273282558848
1295.0,-0.00018189244053869728,0.0003219269743656753
1296.0,-0.0001818908628691208,0.0003219272349796283
1297.0,-0.00018188955831192723,0.00032192747889911997
1298.0,-0.0001818885374877706,0.00032192762332239653
1299.0,-0.00018188782249509882,0.00032192764672238946
1300.0,-0.00018188793458339216,0.00032192749471492545
1301.0,-0.000181887463126848,0.0003219274759856821
1302.0,-0.00018188596618606435,0.0003219277395361954
1303.0,-0.00018188648895278096,0.0003219274731416118
1304.0,-0.00018188733781692416,0.00032192716091818824
1305.0,-0.0001818866426862546,0.00032192724355808425
1306.0,-0.00018188651738618294,0.00032192724700334015
1307.0,-0.00018188697769005522,0.0003219270716421282
1308.0,-0.00018188585511254586,0.0003219273884438113
1309.0,-0.0001818849444555068,0.00032192767879332836
1310.0,-0.00018188472805229293,0.00032192783591086994
1311.0,-0.00018188512616918202,0.000321927834985969
1312.0,-0.00018188556036476765,0.00032192787068714403
1313.0,-0.00018188606197884596,0.000321927864097225
1314.0,-0.0001818866739570855,0.0003219278674731133
1315.0,-0.00018188691595627247,0.000321927932932975
1316.0,-0.0001818869314439052,0.00032192802572365847
1317.0,-0.00018188744924512124,0.0003219279863691249
1318.0,-0.00018188804883916595,0.0003219279366094561
1319.0,-0.00018188909357457232,0.0003219277107486547
1320.0,-0.00018188830432599236,0.00032192798371003477
1321.0,-0.00018188753938274947,0.00032192818055207023
1322.0,-0.0001818881366122701,0.00032192801640528184
1323.0,-0.00018188891043233047,0.00032192776506346046
1324.0,-0.0001818882355380461,0.00032192789452646485
1325.0,-0.0001818874370481179,0.00032192801714520255
1326.0,-0.00018188623546594785,0.0003219282228431642
1327.0,-0.0001818848462982011,0.00032192845476206657
1328.0,-0.0001818848103278786,0.0003219283453462893
1329.0,-0.00018188474690937243,0.0003219282988237737
1330.0,-0.0001818846249787476,0.0003219283672895633
1331.0,-0.0001818848859532403,0.0003219283195646765
1332.0,-0.00018188380893222812,0.0003219286973404518
1333.0,-0.00018188276796035592,0.00032192909063143984
1334.0,-0.0001818817950670727,0.0003219294529382475
1335.0,-0.00018188288430479263,0.0003219292799586554
1336.0,-0.00018188433026052593,0.0003219290204083385
1337.0,-0.00018188482987461095,0.00032192895612772547
1338.0,-0.0001818849756081115,0.0003219290145814628
1339.0,-0.00018188525454313498,0.0003219289662785129
1340.0,-0.00018188533233597708,0.00032192899083463203
1341.0,-0.00018188355678529198,0.0003219294418625591
1342.0,-0.00018188346719938606,0.0003219294721761864
1343.0,-0.00018188362807569286,0.0003219293693503281
1344.0,-0.0001818835247164342,0.00032192940310921115
1345.0,-0.00018188308291496283,0.0003219295342139147
1346.0,-0.0001818829188366963,0.0003219296168075657
1347.0,-0.00018188275257124503,0.00032192966753838035
1348.0,-0.00018188291978250593,0.000321929664116247
1349.0,-0.00018188260613823947,0.0003219297499701737
1350.0,-0.00018188313296405576,0.0003219297027771049
1351.0,-0.00018188542283813607,0.0003219291778033503
1352.0,-0.00018188574591094232,0.00032192916806876825
1353.0,-0.0001818852629076389,0.00032192936904973526
1354.0,-0.00018188520106548215,0.0003219294873214387
1355.0,-0.00018188528663169712,0.0003219295120162929
1356.0,-0.00018188579328024128,0.00032192948734456123
1357.0,-0.00018188577667931183,0.00032192955532477785
1358.0,-0.00018188732432928474,0.0003219292088568983
1359.0,-0.00018188884518131814,0.00032192881223626693
1360.0,-0.0001818884191926015,0.0003219289019978999
1361.0,-0.0001818881537255131,0.0003219289660010427
1362.0,-0.00018188898105278285,0.000321928820953458
1363.0,-0.00018188807697700247,0.00032192910013479665
1364.0,-0.00018188778905678748,0.00032192925965708055
1365.0,-0.00018188737185621868,0.00032192944574714296
1366.0,-0.00018188747165883906,0.000321929538699684
1367.0,-0.0001818884809559408,0.00032192934391555314
1368.0,-0.00018188939512035727,0.0003219292133889127
1369.0,-0.00018188953605584437,0.00032192927454798514
1370.0,-0.00018188931698268876,0.00032192947208369623
1371.0,-0.00018188867289618268,0.0003219297571150332
1372.0,-0.00018188833066087924,0.0003219299682930327
1373.0,-0.0001818894128838444,0.0003219297876830081
1374.0,-0.00018189076665269527,0.00032192956244651486
1375.0,-0.0001818895606468948,0.00032192989580392414
1376.0,-0.0001818882623655422,0.00032193028449353014
1377.0,-0.00018188711332506755,0.00032193064497365847
1378.0,-0.0001818863996230318,0.00032193093904590175
1379.0,-0.00018188748502825225,0.0003219307287696806
1380.0,-0.00018188873595015802,0.0003219305241584776
1381.0,-0.00018188878583176384,0.00032193060871754295
1382.0,-0.00018188893201846485,0.00032193070338115074
1383.0,-0.0001818895660458914,0.0003219306685355091
1384.0,-0.00018188896401835733,0.0003219310273970609
1385.0,-0.00018188837518289715,0.00032193140829437673
1386.0,-0.00018188842189209982,0.0003219316478899566
1387.0,-0.0001818904108410828,0.00032193132345784104
1388.0,-0.0001818920445301755,0.00032193111766738936
1389.0,-0.00018189356350044184,0.0003219310221482482
1390.0,-0.00018189434325151675,0.00032193103370950954
1391.0,-0.00018189463753624238,0.0003219311165112632
1392.0,-0.00018189537698203395,0.00032193115658259505
1393.0,-0.0001818960347138144,0.0003219311727683609
1394.0,-0.00018189694604080195,0.00032193109808261263
1395.0,-0.00018189782820532592,0.0003219309694751416
1396.0,-0.00018189680701663846,0.000321931321330569
1397.0,-0.0001818972882662532,0.000321931311110414
1398.0,-0.000181898299602757,0.0003219311700399032
1399.0,-0.00018189834866663156,0.00032193119674641687
1400.0,-0.00018189805649027326,0.00032193133515783754
1401.0,-0.0001818982374748869,0.0003219313819115784
1402.0,-0.00018189858987764383,0.00032193141534674616
1403.0,-0.00018189856142453747,0.0003219314844137214
1404.0,-0.00018189859114857554,0.000321931601899259
1405.0,-0.0001819007670427432,0.0003219311226387317
1406.0,-0.00018190307606946856,0.0003219305655015481
1407.0,-0.0001819028784740733,0.00032193059653197356
1408.0,-0.00018190270605100725,0.00032193064418749274
1409.0,-0.0001819030061485212,0.0003219305684381085
1410.0,-0.00018190381527880779,0.000321930416453767
1411.0,-0.00018190400930771257,0.0003219303576763144
1412.0,-0.00018190393224393206,0.00032193030666802935
1413.0,-0.0001819036032204069,0.00032193031545458796
1414.0,-0.0001819049391962141,0.00032192991746972784
1415.0,-0.00018190595886766528,0.0003219295646431545
1416.0,-0.00018190616731031473,0.000321929449331134
1417.0,-0.00018190625202924195,0.00032192934472484143
1418.0,-0.00018190673764337402,0.00032192915049565103
1419.0,-0.0001819053956971435,0.0003219293613961803
1420.0,-0.00018190428686343032,0.00032192958337239785
1421.0,-0.0001819042255532915,0.0003219295312311092
1422.0,-0.00018190405291347738,0.0003219295956273349
1423.0,-0.00018190298527174403,0.0003219298754098591
1424.0,-0.00018190434650855016,0.00032192957719868434
1425.0,-0.00018190563632687696,0.0003219292874734753
1426.0,-0.0001819064248168388,0.00032192917535236293
1427.0,-0.00018190624647261035,0.000321929220348792
1428.0,-0.00018190630765467083,0.00032192918672864404
1429.0,-0.0001819068919778309,0.0003219290089164447
1430.0,-0.00018190586255271792,0.0003219292400029363
1431.0,-0.000181904866230942,0.0003219294102078256
1432.0,-0.00018190450519767217,0.0003219294705113647
1433.0,-0.000181904236203502,0.0003219294457008979
1434.0,-0.0001819038093576454,0.0003219294707657125
1435.0,-0.00018190299512392769,0.00032192951754257584
1436.0,-0.00018190375493418293,0.0003219291801156026
1437.0,-0.00018190437477446503,0.0003219288690945502
1438.0,-0.0001819045025375826,0.000321928752557036
1439.0,-0.00018190431783869572,0.00032192869979143923
1440.0,-0.0001819049855507382,0.0003219285035505894
1441.0,-0.0001819040235736745,0.0003219286974098194
1442.0,-0.00018190323583247862,0.00032192887353407453
1443.0,-0.00018190293475959848,0.00032192883857282026
1444.0,-0.00018190272072090872,0.0003219288274046418
1445.0,-0.00018190185619179348,0.000321928971943531
1446.0,-0.0001819034911419657,0.00032192851689228497
1447.0,-0.00018190480210307863,0.00032192812533548616
1448.0,-0.00018190535194359593,0.00032192798470430324
1449.0,-0.00018190498929456796,0.0003219280195499449
1450.0,-0.00018190501076247617,0.00032192799409204746
1451.0,-0.0001819054112340371,0.0003219277994235292
1452.0,-0.00018190436067599025,0.00032192799388394477
1453.0,-0.0001819032431329467,0.00032192817232045215
1454.0,-0.00018190249430787627,0.00032192829040717544
1455.0,-0.00018190167431063111,0.00032192834608621
1456.0,-0.00018190227964849892,0.00032192810926533286
1457.0,-0.000181902190170967,0.00032192802516871794
1458.0,-0.00018190167997563674,0.00032192805490428205
1459.0,-0.00018190163505953146,0.00032192795094542013
1460.0,-0.00018190062616636922,0.0003219280964323328
1461.0,-0.00018189906976765722,0.00032192837577552915
1462.0,-0.0001818990857380469,0.00032192830952950166
1463.0,-0.0001819001351729449,0.0003219279650039139
1464.0,-0.00018190183716722684,0.00032192750509693813
1465.0,-0.00018190099293360993,0.0003219276448263426
1466.0,-0.00018190020802984298,0.0003219277942903291
1467.0,-0.00018189946503726522,0.0003219278609294394
1468.0,-0.00018189961121411403,0.0003219277772721524
1469.0,-0.00018189960344074116,0.00032192775100496667
1470.0,-0.0001819000584441386,0.0003219276688968887
1471.0,-0.00018190057927982723,0.00032192752532914543
1472.0,-0.00018190094724903437,0.0003219274889574173
1473.0,-0.00018190110367215416,0.00032192746067857207
1474.0,-0.00018190114686412727,0.0003219275155945634
1475.0,-0.00018190094900272306,0.0003219275418848717
1476.0,-0.00018190262411039583,0.0003219271112972546
1477.0,-0.00018190227088005545,0.00032192714891759896
1478.0,-0.00018190116575076334,0.00032192739468689244
1479.0,-0.00018190039090607588,0.0003219275102763832
1480.0,-0.00018189996879911958,0.0003219276355773335
1481.0,-0.00018190018013831106,0.00032192760981884327
1482.0,-0.0001819010666082393,0.0003219274421574314
1483.0,-0.00018190133113937023,0.00032192735449994796
1484.0,-0.00018190123691308582,0.0003219273710325517
1485.0,-0.00018190129745475434,0.000321927345343429
1486.0,-0.00018190138895198392,0.0003219273475400687
1487.0,-0.0001819009137713143,0.0003219274270121791
1488.0,-0.0001819006581170008,0.0003219275002874534
1489.0,-0.0001819004921077063,0.00032192753393072386
1490.0,-0.00018190040743804004,0.000321927598835645
1491.0,-0.00018190048684664026,0.0003219275851702341
1492.0,-0.00018190133150390104,0.0003219274088841213
1493.0,-0.00018190088952509036,0.00032192752343309863
1494.0,-0.00018189949216032683,0.00032192792546440017
1495.0,-0.00018189763231435844,0.0003219284342755114
1496.0,-0.0001818982848540381,0.00032192835161249294
1497.0,-0.00018189909286117569,0.00032192822226510115
1498.0,-0.00018189949144111744,0.00032192821505087405
1499.0,-0.00018189910192518464,0.00032192833408562074
1500.0,-0.00018189903961997526,0.0003219284126097077
1501.0,-0.00018189868033054196,0.0003219285627211249
1502.0,-0.0001818987103008846,0.0003219285981448296
1503.0,-0.00018189941820983635,0.00032192844387135837
1504.0,-0.00018189880905917352,0.000321928679119904
1505.0,-0.00018189814490376932,0.0003219289329589578
1506.0,-0.00018189839044974242,0.0003219290434846161
1507.0,-0.00018189850890254646,0.00032192913252945094
1508.0,-0.00018189851728675472,0.00032192924009542633
1509.0,-0.00018189822557344902,0.00032192940384913186
1510.0,-0.00018189761350653985,0.0003219297151707771
1511.0,-0.0001818987663401052,0.00032192957426212395
1512.0,-0.00018189986207041412,0.0003219294741878459
1513.0,-0.00018190039755629984,0.00032192946482322417
1514.0,-0.00018190071243208924,0.00032192951442103527
1515.0,-0.00018189905853616784,0.00032193002898965465
1516.0,-0.00018189806958382533,0.0003219304211245166
1517.0,-0.00018189756813723413,0.0003219306523959883
1518.0,-0.0001818975110339777,0.00032193080285424327
1519.0,-0.0001818963926337942,0.00032193115091757696
1520.0,-0.0001818955309815166,0.00032193142750919305
1521.0,-0.00018189607807327465,0.00032193133346989343
1522.0,-0.00018189651606195095,0.00032193134357443585
1523.0,-0.00018189592224128584,0.00032193157133128406
1524.0,-0.00018189544647933745,0.00032193185622388586
1525.0,-0.00018189529788870365,0.0003219320481639465
1526.0,-0.00018189590056648185,0.00032193211508052706
1527.0,-0.00018189519272649539,0.00032193250462566643
1528.0,-0.00018189480665882688,0.00032193289435578597
1529.0,-0.00018189487196895227,0.00032193312063279276
1530.0,-0.0001818947876638168,0.0003219333870042539
1531.0,-0.0001818942753699714,0.00032193367707630073
1532.0,-0.0001818949354564237,0.0003219336951118684
1533.0,-0.00018189574140445498,0.00032193361700398685
1534.0,-0.00018189598503910444,0.00032193372128656405
1535.0,-0.00018189445730039467,0.0003219342444567619
1536.0,-0.00018189407216868362,0.00032193452872505556
1537.0,-0.00018189497200802508,0.0003219344899254625
1538.0,-0.00018189369144089868,0.00032193496005259337
1539.0,-0.00018189265498132662,0.00032193533429062277
1540.0,-0.00018189353340202077,0.00032193527992957195
1541.0,-0.0001818945004332547,0.0003219351805952146
1542.0,-0.00018189457963495905,0.0003219353550777706
1543.0,-0.0001818941105724955,0.0003219355893089252
1544.0,-0.00018189390404116964,0.0003219357531088758
1545.0,-0.00018189341964870834,0.0003219359638937924
1546.0,-0.00018189407136080457,0.0003219359364704805
1547.0,-0.00018189368791381695,0.0003219360951141085
1548.0,-0.00018189287677368492,0.0003219363841456418
1549.0,-0.00018189365013069266,0.0003219362054085416
1550.0,-0.0001818941523851629,0.000321936055320247
1551.0,-0.0001818929643793019,0.0003219361941709956
1552.0,-0.0001818926264296984,0.0003219361537065809
1553.0,-0.00018189265295177675,0.0003219359616509077
1554.0,-0.00018189077058371653,0.0003219362862911259
1555.0,-0.00018188850369478069,0.00032193666381255347
1556.0,-0.00018188673336575292,0.00032193697497234097
1557.0,-0.0001818852298831193,0.000321937188208245
1558.0,-0.00018188397152281487,0.000321937397282095
1559.0,-0.000181882738620553,0.0003219375768053609
1560.0,-0.0001818816415306427,0.00032193782571931747
1561.0,-0.00018188055908107737,0.00032193806219335677
1562.0,-0.00018187914886906635,0.000321938468409835
1563.0,-0.0001818777719475839,0.0003219388206352227
1564.0,-0.00018187900845574497,0.000321938577062569
1565.0,-0.0001818785397775166,0.0003219387635225917
1566.0,-0.0001818777095142961,0.0003219390865904784
1567.0,-0.00018187697323105543,0.00032193934482281156
1568.0,-0.00018187653656257172,0.0003219395512375714
1569.0,-0.0001818760381504531,0.00032193974086537977
1570.0,-0.00018187609312563788,0.00032193983925171373
1571.0,-0.0001818758620820791,0.0003219399273485251
1572.0,-0.00018187542564019563,0.0003219400518633096
1573.0,-0.00018187539924619564,0.00032194003461390777
1574.0,-0.0001818752109020008,0.00032194008300934766
1575.0,-0.00018187523568024267,0.0003219400216421725
1576.0,-0.00018187537789651366,0.00032193994501413236
1577.0,-0.00018187347541029442,0.0003219403176798302
1578.0,-0.0001818724395024446,0.0003219404935266151
1579.0,-0.00018187218853777054,0.0003219404120890902
1580.0,-0.00018187146677664854,0.0003219404530853229
1581.0,-0.00018187010950042028,0.00032194061170582846
1582.0,-0.00018186896483431516,0.0003219407576551915
1583.0,-0.00018186910826240474,0.0003219405238402423
1584.0,-0.00018186911077471156,0.0003219403640636107
1585.0,-0.00018186849995902968,0.0003219403280618428
1586.0,-0.00018186771072030192,0.0003219404010365244
1587.0,-0.0001818671715989604,0.0003219403545602538
1588.0,-0.0001818674954303848,0.0003219401247455011
1589.0,-0.00018186645333536364,0.00032194020495753217
1590.0,-0.00018186500583283752,0.00032194038387961256
1591.0,-0.00018186349363102138,0.0003219405355864838
1592.0,-0.0001818633953554895,0.0003219403834634072
1593.0,-0.0001818642994115655,0.0003219399830738047
1594.0,-0.00018186462773558563,0.0003219397953420432
1595.0,-0.00018186399701849277,0.00032193980075271347
1596.0,-0.00018186388767895862,0.0003219397458598447
1597.0,-0.00018186416728393058,0.00032193959308933744
1598.0,-0.00018186314214451753,0.00032193977064718895
1599.0,-0.00018186215737935304,0.00032193992048113585
1600.0,-0.0001818621454089499,0.00032193989802916637
1601.0,-0.00018186227761540227,0.00032193985384202555
1602.0,-0.00018186216535962178,0.00032193987624775
1603.0,-0.00018186181967605407,0.00032193989937027263
1604.0,-0.00018186159294775176,0.00032193986820111206
1605.0,-0.00018186027174036783,0.00032194005861508625
1606.0,-0.0001818574666857523,0.00032194061709337623
1607.0,-0.00018185736572057424,0.0003219405120015107
1608.0,-0.0001818580713635238,0.00032194021385970344
1609.0,-0.00018185814445687427,0.00032194005019848805
1610.0,-0.00018185680437270648,0.0003219403107430734
1611.0,-0.0001818550323491031,0.00032194065265581605
1612.0,-0.0001818541454653832,0.0003219408242249343
1613.0,-0.00018185370160480542,0.000321940854076111
1614.0,-0.00018185356433433064,0.0003219408613365831
1615.0,-0.00018185375752579981,0.0003219407542793032
1616.0,-0.00018185392374199018,0.000321940678090591
1617.0,-0.00018185397974180203,0.00032194057942678677
1618.0,-0.00018185391134794315,0.00032194055063924606
1619.0,-0.00018185337756648523,0.0003219406026417995
1620.0,-0.00018185476545344806,0.00032194020044864027
1621.0,-0.00018185612902522167,0.0003219397715258448
1622.0,-0.00018185489760078736,0.0003219399899411939
1623.0,-0.00018185353367433513,0.0003219402037782836
1624.0,-0.00018185306303552222,0.00032194023989566393
1625.0,-0.00018185235313642934,0.00032194029760948057
1626.0,-0.00018185148133640258,0.00032194044066852825
1627.0,-0.00018185210285155595,0.00032194011556585956
1628.0,-0.0001818523188311259,0.00032193984010724704
1629.0,-0.00018185142462723349,0.00032193977853196923
1630.0,-0.00018185029215813176,0.00032193978731852785
1631.0,-0.00018184915081221253,0.00032193977369936194
1632.0,-0.000181848667533048,0.0003219396426409035
1633.0,-0.0001818492429695384,0.0003219392547143407
1634.0,-0.00018184787043227767,0.0003219393382791376
1635.0,-0.00018184666189446593,0.000321939372801064
1636.0,-0.0001818463450975007,0.0003219392029430125
1637.0,-0.0001818461373543563,0.0003219389908632346
1638.0,-0.0001818453683618659,0.00032193895782114967
1639.0,-0.00018184545497241237,0.0003219386666160992
1640.0,-0.0001818442742276107,0.00032193869875640573
1641.0,-0.00018184209740733774,0.0003219389641335984
1642.0,-0.0001818422533969615,0.0003219386795415894
1643.0,-0.00018184273661701292,0.00032193828324467345
1644.0,-0.00018184132544934008,0.00032193839252171556
1645.0,-0.00018184034928513194,0.00032193838380452453
1646.0,-0.00018184041122581055,0.00032193815563147084
1647.0,-0.00018183836752824306,0.00032193841929759677
1648.0,-0.00018183746363965416,0.0003219384455185375
1649.0,-0.0001818367967256386,0.0003219383681736992
1650.0,-0.00018183692795672478,0.00032193814164234463
1651.0,-0.00018183681854822535,0.00032193796646611293
1652.0,-0.00018183681574035303,0.0003219378322861139
1653.0,-0.0001818368829322455,0.00032193764582609107
1654.0,-0.00018183672025298908,0.0003219375765047682
1655.0,-0.00018183689882381773,0.00032193736484119567
1656.0,-0.0001818371822908457,0.00032193717590706295
1657.0,-0.00018183813725315465,0.0003219367932524354
1658.0,-0.00018183759024021406,0.00032193678779552005
1659.0,-0.0001818357477242367,0.0003219370669768587
1660.0,-0.00018183583791112583,0.00032193682943918334
1661.0,-0.0001818371438476251,0.0003219362532952861
1662.0,-0.00018183813444528228,0.0003219357557910884
1663.0,-0.0001818370342322298,0.00032193572640236206
1664.0,-0.00018183560040453458,0.00032193580737743647
1665.0,-0.00018183460274286172,0.00032193579056736247
1666.0,-0.00018183435105897821,0.0003219356402247201
1667.0,-0.0001818344501128326,0.0003219353709166986
1668.0,-0.00018183461647680571,0.0003219351018167798
1669.0,-0.0001818351014899546,0.0003219347317639271
1670.0,-0.0001818359209453296,0.00032193430515338386
1671.0,-0.0001818349087812424,0.0003219342731749351
1672.0,-0.00018183380745489318,0.0003219342955344145
1673.0,-0.00018183343431328966,0.0003219340612338923
1674.0,-0.00018183421497076547,0.00032193363048441755
1675.0,-0.00018183347118016084,0.00032193350120639333
1676.0,-0.00018183274539934795,0.00032193339012579446
1677.0,-0.0001818332527276928,0.0003219329155360167
1678.0,-0.00018183357196799958,0.0003219325247885062
1679.0,-0.00018183287846294035,0.000321932323090741
1680.0,-0.00018183187719536824,0.0003219321936277366
1681.0,-0.00018183134000505477,0.0003219319453380882
1682.0,-0.00018183086531699437,0.0003219317055344056
1683.0,-0.00018182844995565087,0.00032193192281675115
1684.0,-0.00018182818582845943,0.0003219316006737653
1685.0,-0.00018182840626121638,0.00032193111482331906
1686.0,-0.0001818281641043945,0.00032193076243607364
1687.0,-0.00018182692291644618,0.0003219306432163467
1688.0,-0.00018182591526465905,0.00032193047474564666
1689.0,-0.0001818249503614968,0.00032193027330222916
1690.0,-0.00018182415044300194,0.0003219300946807416
1691.0,-0.00018182332075120813,0.00032192989837052417
1692.0,-0.00018182252818244225,0.0003219297805843937
1693.0,-0.0001818217741061579,0.0003219296684864038
1694.0,-0.00018182313141194275,0.0003219291166442779
1695.0,-0.0001818226868223034,0.00032192901298600874
1696.0,-0.00018182174806683654,0.0003219291024008039
1697.0,-0.0001818208503457146,0.00032192913930435005
1698.0,-0.00018182015432834849,0.00032192912193933557
1699.0,-0.00018181849956543496,0.0003219292844906699
1700.0,-0.0001818170233339413,0.0003219294230639482
1701.0,-0.00018181691442790323,0.0003219292148456316
1702.0,-0.00018181645662648563,0.00032192914809090866
1703.0,-0.0001818150719611868,0.00032192929827169336
1704.0,-0.00018181364749306604,0.00032192952457182276
1705.0,-0.00018181260439312217,0.0003219296281144792
1706.0,-0.00018181216762611665,0.00032192963581427925
1707.0,-0.00018181033033179663,0.0003219299781201048
1708.0,-0.00018180913838506218,0.0003219302315660757
1709.0,-0.00018180777621229862,0.000321930528158674
1710.0,-0.0001818063231531409,0.00032193090722931056
1711.0,-0.00018180668012731107,0.00032193083004632996
1712.0,-0.00018180756318838376,0.00032193067334499386
1713.0,-0.0001818077295917656,0.00032193069218984977
1714.0,-0.00018180743665678913,0.0003219308467639138
1715.0,-0.00018180686309221365,0.0003219310337326321
1716.0,-0.00018180649757620025,0.00032193116224761304
1717.0,-0.00018180613649366952,0.0003219312089551088
1718.0,-0.00018180579251452959,0.00032193120058475564
1719.0,-0.00018180609707508274,0.00032193098596150027
1720.0,-0.00018180542203301563,0.00032193107452076203
1721.0,-0.00018180450587845808,0.0003219312320776315
1722.0,-0.00018180572426845342,0.0003219308772162762
1723.0,-0.00018180722077574103,0.0003219304419579095
1724.0,-0.00018180825104814177,0.0003219301643026573
1725.0,-0.00018180929433527716,0.00032192987806894924
1726.0,-0.00018180898478951905,0.00032193002182167267
1727.0,-0.0001818089088488875,0.0003219301120226336
1728.0,-0.0001818097080875817,0.00032193010804555964
1729.0,-0.00018181088085211455,0.00032192999615567253
1730.0,-0.00018181298496327219,0.0003219296447858181
1731.0,-0.00018181495713398638,0.00032192923135511284
1732.0,-0.00018181593546567494,0.00032192902931050974
1733.0,-0.00018181633676481933,0.00032192891628761894
1734.0,-0.00018181670270447662,0.00032192879142599654
1735.0,-0.00018181659761123362,0.00032192872346890243
1736.0,-0.00018181665384749788,0.0003219286385629992
1737.0,-0.00018181807352745738,0.0003219282040676758
1738.0,-0.00018181756680994796,0.00032192825179256263
1739.0,-0.00018181645306984733,0.0003219284047711725
1740.0,-0.00018181573098360328,0.00032192851051046867
1741.0,-0.0001818152908077422,0.00032192852893911925
1742.0,-0.00018181630555310155,0.0003219282606022437
1743.0,-0.00018181777418856156,0.000321927886526072
1744.0,-0.00018181862069803292,0.00032192775260042074
1745.0,-0.00018181919705077641,0.00032192769546466726
1746.0,-0.0001818203147120461,0.00032192759141331525
1747.0,-0.00018182129181221174,0.0003219274951773759
1748.0,-0.00018182332775611067,0.0003219271455417107
1749.0,-0.00018182524094180138,0.00032192675909498933
1750.0,-0.0001818245233383009,0.0003219270568899588
1751.0,-0.00018182589818097262,0.00032192681266987437
1752.0,-0.00018182805567126126,0.00032192644948441084
1753.0,-0.00018182959872026442,0.0003219262195540455
1754.0,-0.00018183060155433367,0.00032192613844023594
1755.0,-0.00018183170448658886,0.00032192597649008723
1756.0,-0.00018183257530139725,0.00032192591523852465
1757.0,-0.00018183336541696937,0.0003219258134994249
1758.0,-0.0001818344708615314,0.0003219256583010528
1759.0,-0.00018183616115141917,0.0003219252977746794
1760.0,-0.00018183822146962048,0.0003219248845058318
1761.0,-0.00018183847252296423,0.00032192486216947494
1762.0,-0.0001818389736641377,0.00032192483745149814
1763.0,-0.00018183989807482516,0.00032192467564008453
1764.0,-0.0001818419878904643,0.00032192428470759383
1765.0,-0.000181843038813042,0.00032192408610824663
1766.0,-0.00018184326630981467,0.0003219241301566523
1767.0,-0.00018184582257708867,0.0003219235632386416
1768.0,-0.00018184844364217456,0.0003219230363688401
1769.0,-0.00018184995261247446,0.0003219227176711102
1770.0,-0.0001818514557798382,0.0003219224045690308
1771.0,-0.00018185316979378423,0.00032192196114841365
1772.0,-0.000181852966513679,0.0003219220134053149
1773.0,-0.00018185305366609554,0.00032192195606145865
1774.0,-0.00018185407050997,0.0003219216949388102
1775.0,-0.00018185529057483657,0.00032192136807882975
1776.0,-0.00018185622828597196,0.0003219211813182142
1777.0,-0.0001818573165877344,0.00032192097689199135
1778.0,-0.0001818581080629079,0.00032192088488747363
1779.0,-0.00018185882474030306,0.0003219208157048858
1780.0,-0.00018185926378316305,0.000321920895963162
1781.0,-0.00018185900515349006,0.0003219210864465037
1782.0,-0.00018186123540215495,0.0003219206388175874
1783.0,-0.00018186400073276599,0.0003219200360596666
1784.0,-0.0001818641776385756,0.0003219201040167607
1785.0,-0.00018186377129511316,0.0003219202897831078
1786.0,-0.00018186385640812773,0.00032192038428485796
1787.0,-0.00018186417973709072,0.00032192034495344684
1788.0,-0.00018186480009953858,0.0003219202786611744
1789.0,-0.00018186558236292033,0.00032192011849145987
1790.0,-0.0001818659438986515,0.00032192007041973526
1791.0,-0.0001818671105154218,0.00032191980390953903
1792.0,-0.00018186727680057744,0.0003219198101294976
1793.0,-0.00018186668339370405,0.0003219199340662191
1794.0,-0.00018186887324841595,0.00032191939803989867
1795.0,-0.00018186960523610456,0.00032191921287473714
1796.0,-0.00018186991632865548,0.00032191916563542334
1797.0,-0.0001818704487209555,0.0003219190244724225
1798.0,-0.0001818709861674258,0.00032191888853511173
1799.0,-0.00018187092173414473,0.00032191884081022497
1800.0,-0.00018187146918058136,0.0003219186514367643
1801.0,-0.00018187218596635058,0.00032191837144613733
1802.0,-0.00018187271514683874,0.0003219181420475899
1803.0,-0.00018187316005174802,0.00032191788531822077
1804.0,-0.00018187366976432127,0.00032191766937698165
1805.0,-0.00018187421433392032,0.00032191739040374564
1806.0,-0.0001818759219242426,0.0003219168859859137
1807.0,-0.00018187526708900414,0.00032191692538669235
1808.0,-0.0001818740748467042,0.0003219171103206286
1809.0,-0.00018187477512021362,0.0003219168351857314
1810.0,-0.00018187635119373637,0.00032191638242361507
1811.0,-0.00018187699165463886,0.0003219161453483902
1812.0,-0.00018187762648009232,0.00032191591176466625
1813.0,-0.000181877999897557,0.0003219156951759964
1814.0,-0.00018187799533599594,0.0003219155617359181
1815.0,-0.00018187790763185712,0.0003219153984677856
1816.0,-0.00018187956950804727,0.000321914842486728
1817.0,-0.00018188072465687578,0.00032191437659101886
1818.0,-0.00018188020699359028,0.0003219143362884619
1819.0,-0.00018187988246266089,0.0003219142533710956
1820.0,-0.00018188023630383667,0.00032191402938321854
1821.0,-0.000181881340694215,0.000321913607050342
1822.0,-0.0001818816848112855,0.0003219134380247013
1823.0,-0.00018188262683767732,0.00032191310672519656
1824.0,-0.00018188282463011627,0.00032191300981870407
1825.0,-0.00018188189036724516,0.0003219132009032314
1826.0,-0.00018188334380078583,0.00032191285919859144
1827.0,-0.00018188497701697378,0.00032191248482182694
1828.0,-0.0001818864576523935,0.00032191223010411723
1829.0,-0.00018188773713577968,0.00032191198220755176
1830.0,-0.00018188722424095107,0.00032191222531775506
1831.0,-0.00018188663210500937,0.0003219124983485027
1832.0,-0.00018188680474482343,0.00032191260535953755
1833.0,-0.0001818874883188816,0.0003219125288471101
1834.0,-0.0001818888301468859,0.0003219123225942079
1835.0,-0.00018188988694136504,0.0003219121227924896
1836.0,-0.00018189100201151048,0.0003219119566802868
1837.0,-0.0001818919228754118,0.0003219118200030553
1838.0,-0.00018189164653151265,0.00032191203668421517
1839.0,-0.0001818920885694364,0.0003219120246142583
1840.0,-0.00018189488910189965,0.00032191148648378834
1841.0,-0.00018189493846133974,0.00032191166170626506
1842.0,-0.00018189513928825124,0.00032191187730066644
1843.0,-0.00018189627481152992,0.00032191189249216386
1844.0,-0.00018189738855163055,0.00032191193482950284
1845.0,-0.00018189772201849055,0.0003219121503082915
1846.0,-0.00018189981119373777,0.00032191199922572845
1847.0,-0.00018190164891170168,0.0003219119080998666
1848.0,-0.00018190271911500277,0.0003219120395745305
1849.0,-0.00018190340362501836,0.00032191226159699314
1850.0,-0.00018190411249948408,0.0003219124995739964
1851.0,-0.00018190509963902484,0.0003219126674203884
1852.0,-0.00018190659897388917,0.00032191272682214917
1853.0,-0.00018190825991412188,0.0003219127758187747
1854.0,-0.00018191040270495247,0.00032191279854821447
1855.0,-0.00018191212915235426,0.00032191291890094496
1856.0,-0.0001819135636894067,0.0003219131588664852
1857.0,-0.00018191492721191942,0.00032191335993994233
1858.0,-0.00018191662172839399,0.00032191346475433756
1859.0,-0.00018191792068954725,0.0003219136144033043
1860.0,-0.00018191931786711927,0.00032191373366927616
1861.0,-0.0001819200407218336,0.0003219139375405585
1862.0,-0.000181919554112631,0.000321914406812156
1863.0,-0.0001819208885416454,0.00032191436870623863
1864.0,-0.00018192191183870012,0.0003219144207781597
1865.0,-0.0001819226564174794,0.0003219145013832737
1866.0,-0.00018192422128906935,0.00032191439522777214
1867.0,-0.0001819244104608476,0.0003219146606049648
1868.0,-0.0001819242601066729,0.0003219150987998918
1869.0,-0.00018192473707058778,0.000321915426492283
1870.0,-0.00018192582889943197,0.0003219157016503028
1871.0,-0.00018192756444039925,0.0003219157423228201
1872.0,-0.00018192869271247076,0.00032191598288954594
1873.0,-0.00018192897195291196,0.00032191642718881893
1874.0,-0.00018193130775787244,0.00032191641495700447
1875.0,-0.00018193381799574444,0.00032191633439813554
1876.0,-0.0001819356143542414,0.0003219164907295112
1877.0,-0.00018193713789592094,0.00032191666021760243
1878.0,-0.00018193918331762057,0.00032191669339842245
1879.0,-0.00018193947033143465,0.0003219172100711914
1880.0,-0.0001819403530772374,0.0003219175840317505
1881.0,-0.00018194211048020022,0.0003219177243854631
1882.0,-0.0001819442830049211,0.00032191779446982924
1883.0,-0.0001819456250989344,0.0003219179941096899
1884.0,-0.0001819472102364661,0.00032191818371437583
1885.0,-0.00018194839372017476,0.0003219184391951287
1886.0,-0.00018194908875232248,0.00032191883022010954
1887.0,-0.00018194994067064266,0.00032191911367911494
1888.0,-0.00018195044010738842,0.00032191954877562395
1889.0,-0.0001819507614462103,0.0003219199856756897
1890.0,-0.00018195238422893573,0.0003219200950220994
1891.0,-0.00018195225799290664,0.00032192058450278163
1892.0,-0.00018195130253798852,0.0003219213233829935
1893.0,-0.0001819508012687366,0.00032192189259013394
1894.0,-0.00018195045018617225,0.00032192243816605627
1895.0,-0.00018195019592101667,0.00032192292443270794
1896.0,-0.00018195194675257298,0.0003219229703077929
1897.0,-0.00018195352052068474,0.00032192302281904185
1898.0,-0.0001819545081922434,0.0003219232567033586
1899.0,-0.00018195474172840462,0.0003219236709664747
1900.0,-0.0001819549017081627,0.00032192408485963046
1901.0,-0.0001819547638662613,0.00032192464111815825
1902.0,-0.00018195580703517044,0.0003219248963676859
1903.0,-0.0001819579049098958,0.0003219247847783915
1904.0,-0.00018195779781665953,0.00032192523784110063
1905.0,-0.00018195729286269095,0.00032192573118324425
1906.0,-0.00018195838946984423,0.0003219258395816305
1907.0,-0.00018195991506077798,0.00032192575888402634
1908.0,-0.00018196081928434113,0.00032192584076087914
1909.0,-0.00018196170080847314,0.00032192588880948123
1910.0,-0.00018196233574230058,0.0003219260019711072
1911.0,-0.00018196268340615722,0.0003219261445445819
1912.0,-0.000181962621593557,0.0003219264045804718
1913.0,-0.0001819645635673283,0.00032192613672916927
1914.0,-0.00018196746990239174,0.00032192562465778235
1915.0,-0.00018196750977417895,0.0003219257673468697
1916.0,-0.000181966709097066,0.0003219261269714647
1917.0,-0.0001819662648226965,0.0003219263338717975
1918.0,-0.0001819660552568981,0.0003219264765608849
1919.0,-0.00018196584905069433,0.00032192656449583863
1920.0,-0.0001819655061848511,0.0003219267076704989
1921.0,-0.0001819645549466676,0.0003219269725852411
1922.0,-0.000181965296096887,0.00032192686904258463
1923.0,-0.00018196591887311982,0.0003219267746333246
1924.0,-0.00018196610775918475,0.00032192685392045485
1925.0,-0.00018196626895076144,0.00032192693309197244
1926.0,-0.00018196483871911327,0.00032192743785664223
1927.0,-0.0001819637922891313,0.00032192783748320145
1928.0,-0.00018196358300904622,0.00032192811321928423
1929.0,-0.0001819636133931806,0.00032192835207494334
1930.0,-0.0001819636123685535,0.0003219286404821686
1931.0,-0.00018196490981247046,0.0003219286039948278
1932.0,-0.0001819657162531109,0.00032192875165525754
1933.0,-0.00018196594294200448,0.00032192900843087176
1934.0,-0.00018196589958254425,0.00032192934981179643
1935.0,-0.000181967248622347,0.00032192929875726636
1936.0,-0.00018196895594666033,0.0003219291831215305
1937.0,-0.00018197024161721782,0.00032192906709271174
1938.0,-0.00018196942615197716,0.0003219294831131396
1939.0,-0.0001819687213760198,0.00032192985931658337
1940.0,-0.00018196809729929873,0.00032193022814394243
1941.0,-0.0001819678938221498,0.0003219304393219419
1942.0,-0.0001819691323795651,0.000321930344473354
1943.0,-0.00018197013842544626,0.0003219302203516523
1944.0,-0.0001819701778046243,0.0003219303356405503
1945.0,-0.00018196994816007563,0.0003219304979375369
1946.0,-0.00018196916412330084,0.0003219308016749946
1947.0,-0.00018196919536457516,0.0003219309047089556
1948.0,-0.000181970223548313,0.00032193079531630083
1949.0,-0.00018196881889293357,0.0003219312869936228
1950.0,-0.00018196793890574216,0.00032193170296780557
1951.0,-0.00018196890664633333,0.0003219316820419226
1952.0,-0.00018196975828879236,0.000321931699314447
1953.0,-0.00018196950984627726,0.00032193194443630983
1954.0,-0.00018196943722583158,0.00032193219945461226
1955.0,-0.00018196938086148895,0.00032193242108399204
1956.0,-0.00018196966489994354,0.0003219326038212887
1957.0,-0.00018197050080846528,0.00032193262939479874
1958.0,-0.00018197067614777765,0.0003219328522727947
1959.0,-0.00018197036281878106,0.00032193319874067436
1960.0,-0.00018197285427839103,0.00032193291724708344
1961.0,-0.00018197377911272238,0.00032193299893895595
1962.0,-0.00018197406856002582,0.0003219332756924298
1963.0,-0.00018197447935667526,0.00032193347311252826
1964.0,-0.000181974503376299,0.00032193379014543654
1965.0,-0.00018197492614335157,0.00032193393477681584
1966.0,-0.00018197540295948362,0.0003219340636386347
1967.0,-0.00018197570269246681,0.0003219341872747633
1968.0,-0.00018197629063137826,0.00032193427162572605
1969.0,-0.00018197716205702204,0.00032193421532238336
1970.0,-0.0001819756946924937,0.00032193472674633966
1971.0,-0.00018197485697117016,0.00032193507779247876
1972.0,-0.00018197363162553317,0.0003219355663945052
1973.0,-0.0001819715122237865,0.0003219361939628929
1974.0,-0.00018197214976844263,0.000321936180251237
1975.0,-0.0001819732086712891,0.0003219360229487153
1976.0,-0.00018197353848298895,0.00032193609231628324
1977.0,-0.0001819736429259878,0.0003219362063796876
1978.0,-0.0001819741344317257,0.0003219363137838054
1979.0,-0.0001819751159752261,0.0003219362622899474
1980.0,-0.00018197467949393391,0.0003219366218914199
1981.0,-0.00018197433994827662,0.0003219369295597065
1982.0,-0.00018197462331678274,0.0003219371106321815
1983.0,-0.00018197504686215784,0.0003219372056195046
1984.0,-0.0001819757314509909,0.0003219372423149481
1985.0,-0.00018197619771543428,0.0003219372535987391
1986.0,-0.00018197619865139173,0.00032193736541925877
1987.0,-0.00018197611549896172,0.0003219374224162771
1988.0,-0.00018197690145691232,0.00032193730530069976
1989.0,-0.00018197705889480705,0.00032193731179812866
1990.0,-0.0001819753693733896,0.0003219378073369119
1991.0,-0.0001819754613238196,0.00032193782946516615
1992.0,-0.00018197630439487883,0.00032193773309049164
1993.0,-0.0001819764794484779,0.0003219377554962161
1994.0,-0.00018197591982474224,0.00032193795693963355
1995.0,-0.00018197575819966946,0.00032193807056370995
1996.0,-0.0001819756226040659,0.00032193819535596477
1997.0,-0.00018197601278009497,0.00032193816164332673
1998.0,-0.00018197576714545224,0.0003219382946671996
1999.0,-0.0001819747110110694,0.00032193858834636
2000.0,-0.00018197623648377693,0.0003219382034026027
2001.0,-0.00018197837103818202,0.0003219376407853812
2002.0,-0.0001819779107047532,0.0003219377307782394
2003.0,-0.0001819768382058933,0.0003219378746003303
2004.0,-0.00018197612502602331,0.00032193794854615786
2005.0,-0.0001819754452253515,0.00032193794223370914
2006.0,-0.0001819751769700951,0.00032193784731575364
2007.0,-0.00018197500815292828,0.0003219376639079038
2008.0,-0.00018197494340437733,0.00032193751164609203
2009.0,-0.00018197458382923065,0.00032193741238110225
2010.0,-0.0001819745575436047,0.00032193726229280765
2011.0,-0.00018197478557239525,0.0003219370706302173
2012.0,-0.00018197302804135406,0.0003219374393188412
2013.0,-0.00018197139996800602,0.000321937753900762
2014.0,-0.0001819718168828615,0.00032193763870435417
2015.0,-0.0001819714063423688,0.0003219376919092788
2016.0,-0.00018197038500589863,0.0003219379454708623
2017.0,-0.00018196992209119767,0.0003219380383077908
2018.0,-0.0001819694940236703,0.0003219381243466977
2019.0,-0.00018196903051783837,0.00032193818397968367
2020.0,-0.00018196882094218775,0.0003219381785458908
2021.0,-0.00018196775908368624,0.0003219383324262791
2022.0,-0.00018196611843895186,0.0003219386618528596
2023.0,-0.00018196672077190363,0.00032193833566343235
2024.0,-0.00018196585970090484,0.00032193838835966145
2025.0,-0.0001819642549969364,0.0003219385554430103
2026.0,-0.00018196268530762866,0.00032193873110481495
2027.0,-0.00018196099827881367,0.00032193889441919254
2028.0,-0.00018195976756373654,0.00032193897490869394
2029.0,-0.00018195886242392033,0.0003219389551851821
2030.0,-0.00018195778231917467,0.0003219389794407084
2031.0,-0.00018195667349531365,0.00032193898956837334
2032.0,-0.00018195508722478084,0.00032193913403789497
2033.0,-0.00018195336243254591,0.00032193929034614815
2034.0,-0.00018195414306046518,0.00032193886817512936
2035.0,-0.0001819532545215784,0.0003219388596429185
2036.0,-0.00018195196434857297,0.0003219389670470362
2037.0,-0.00018195069918040965,0.0003219390455248782
2038.0,-0.00018194967467153632,0.0003219390979667596
2039.0,-0.00018194831546428008,0.0003219391977404449
2040.0,-0.000181947672934419,0.00032193920298925755
2041.0,-0.00018194720912316934,0.0003219391940177187
2042.0,-0.0001819464067219242,0.00032193937016509636
2043.0,-0.0001819455382716399,0.00032193953669350467
2044.0,-0.0001819463894313419,0.00032193935756332154
2045.0,-0.00018194739600924098,0.0003219391164185326
2046.0,-0.00018194822160252642,0.00032193894114981083
2047.0,-0.00018194685566622873,0.00032193924585841455
2048.0,-0.00018194540587799601,0.0003219396139920979
2049.0,-0.00018194462474761537,0.0003219397477790141
2050.0,-0.00018194406956721453,0.0003219397937928341
2051.0,-0.00018194431333979456,0.0003219395569950795
2052.0,-0.00018194372352896824,0.0003219395270514127
2053.0,-0.0001819419471605519,0.0003219397394780284
2054.0,-0.00018194204050999197,0.0003219394896622935
2055.0,-0.0001819427894040277,0.0003219390557450332
2056.0,-0.00018194296081231885,0.00032193882414984615
2057.0,-0.0001819412201088073,0.0003219390567161791
2058.0,-0.00018194028617105827,0.00032193913863927696
2059.0,-0.0001819400830879967,0.00032193904305076823
2060.0,-0.00018194046531331358,0.00032193888755180334
2061.0,-0.0001819407604256226,0.0003219387421805033
2062.0,-0.0001819415375264601,0.0003219384772888836
2063.0,-0.0001819422111498128,0.0003219381647648673
2064.0,-0.00018194274872436141,0.00032193794114695063
2065.0,-0.0001819430103195417,0.00032193775840965393
2066.0,-0.00018194300890082724,0.0003219376379413109
2067.0,-0.00018194306397453382,0.00032193746764393145
2068.0,-0.00018194317846676004,0.00032193734363784236
2069.0,-0.00018194316499882496,0.0003219372040934181
2070.0,-0.0001819430975606279,0.0003219370920879183
2071.0,-0.00018194274384753051,0.00032193701037292323
2072.0,-0.00018194194772212636,0.0003219371038572823
2073.0,-0.0001819412168378823,0.00032193715093473845
2074.0,-0.00018194098069089244,0.00032193713289917084
2075.0,-0.00018194070740117018,0.00032193707987922634
2076.0,-0.0001819406185344737,0.0003219370234371485
2077.0,-0.00018194000175822067,0.00032193707014464433
2078.0,-0.0001819392839675287,0.0003219371384716988
2079.0,-0.00018194100631642213,0.0003219365708137673
2080.0,-0.00018194116693657215,0.000321936461791073
2081.0,-0.0001819406676476092,0.00032193651312307326
2082.0,-0.000181940447953766,0.0003219365038509417
2083.0,-0.00018194049870236395,0.00032193639570690316
2084.0,-0.00018194029460452747,0.00032193643279542953
2085.0,-0.0001819404406335935,0.00032193632539131176
2086.0,-0.00018194047184531134,0.00032193623197632014
2087.0,-0.00018194073866214893,0.0003219359909471439
2088.0,-0.000181940464692626,0.00032193593346455254
2089.0,-0.0001819394931885007,0.00032193599305129346
2090.0,-0.00018194030184588245,0.0003219355965925198
2091.0,-0.00018194149425566954,0.0003219350687284499
2092.0,-0.00018194011959033713,0.0003219352421473699
2093.0,-0.00018193808988287044,0.0003219355563824529
2094.0,-0.00018193638044033763,0.0003219358173201212
2095.0,-0.00018193492807083277,0.00032193594627443015
2096.0,-0.00018193345176052163,0.00032193615657377374
2097.0,-0.00018193232254264048,0.0003219362687180087
2098.0,-0.00018193122745272352,0.00032193640754563476
2099.0,-0.00018193045706122306,0.00032193646347901714
2100.0,-0.00018192950064079095,0.00032193666318824536
2101.0,-0.00018192886293849986,0.0003219368077502571
2102.0,-0.00018192844887092547,0.0003219369267618812
2103.0,-0.00018192770004585502,0.00032193707476914883
2104.0,-0.00018192617864209933,0.00032193746253385394
2105.0,-0.00018192527812295725,0.0003219376784750931
2106.0,-0.00018192555591512743,0.0003219376024713611
2107.0,-0.00018192557937317665,0.00032193754239904723
2108.0,-0.00018192516732529993,0.00032193763389486943
2109.0,-0.00018192531473367168,0.00032193755846920047
2110.0,-0.000181925774771535,0.0003219374244510591
2111.0,-0.00018192590601247337,0.00032193731112757553
2112.0,-0.0001819259845639336,0.00032193726409636446
2113.0,-0.00018192530739379484,0.0003219373961028463
2114.0,-0.000181924778873403,0.00032193748672001266
2115.0,-0.00018192429333808839,0.00032193748928661264
2116.0,-0.00018192361367534715,0.0003219375576599122
2117.0,-0.0001819227379048904,0.00032193766628952367
2118.0,-0.00018192192970070909,0.0003219377721906775
2119.0,-0.00018192105406818286,0.00032193788003412316
2120.0,-0.00018192006922420094,0.00032193804774178006
2121.0,-0.00018191936021180462,0.00032193811250796607
2122.0,-0.0001819186321354329,0.0003219381849508296
2123.0,-0.00018191746545954954,0.00032193828548755815
2124.0,-0.00018191597545470312,0.00032193848878077743
2125.0,-0.00018191432712526552,0.00032193871304612477
2126.0,-0.00018191326363130149,0.0003219388399425291
2127.0,-0.00018191217672854912,0.00032193892080199094
2128.0,-0.0001819111769191002,0.00032193904450748714
2129.0,-0.00018191003614460762,0.0003219391794274069
2130.0,-0.0001819099518000634,0.00032193908326083517
2131.0,-0.00018190820449558883,0.0003219393681534369
2132.0,-0.00018190638504357338,0.0003219397321713113
2133.0,-0.00018190808205265042,0.0003219392314299604
2134.0,-0.00018190807500833913,0.0003219391562355167
2135.0,-0.00018190721263685211,0.00032193923862106495
2136.0,-0.00018190660354530235,0.0003219392996414022
2137.0,-0.00018190674452019822,0.0003219391591489545
2138.0,-0.00018190646146696196,0.0003219391533452014
2139.0,-0.00018190668273715453,0.0003219389876260814
2140.0,-0.0001819071708832978,0.00032193877647120447
2141.0,-0.0001819075131383056,0.0003219385248750353
2142.0,-0.0001819079286048901,0.0003219382601683958
2143.0,-0.00018190814560908717,0.00032193798235128604
2144.0,-0.0001819085806913693,0.0003219376995859563
2145.0,-0.0001819095582151788,0.0003219372714262041
2146.0,-0.00018190833796312073,0.0003219374066235941
2147.0,-0.0001819066788258376,0.0003219375946097034
2148.0,-0.00018190743114843329,0.0003219372027291893
2149.0,-0.0001819080348409864,0.00032193679769195973
2150.0,-0.00018190764831026529,0.0003219366584943733
2151.0,-0.00018190690709108062,0.0003219365575414393
2152.0,-0.00018190594129136964,0.0003219365600849168
2153.0,-0.00018190505553079866,0.000321936520499158
2154.0,-0.00018190444798604172,0.0003219364639645901
2155.0,-0.0001819040844207607,0.00032193631295139455
2156.0,-0.00018190303800063096,0.00032193641607784567
2157.0,-0.00018190335769413817,0.0003219361691755486
2158.0,-0.00018190447015345492,0.0003219357738960237
2159.0,-0.00018190271901648094,0.00032193607717103095
2160.0,-0.00018190305825672054,0.00032193593741850396
2161.0,-0.00018190412247974614,0.00032193560709014516
2162.0,-0.00018190513061429024,0.00032193534430267505
2163.0,-0.00018190505861453215,0.00032193526036791774
2164.0,-0.00018190518955005285,0.00032193520082742194
2165.0,-0.00018190525238728016,0.0003219350946487978
2166.0,-0.00018190535066281205,0.00032193500215870716
2167.0,-0.0001819049663094235,0.0003219349660182042
2168.0,-0.0001819041896223777,0.0003219350471782588
2169.0,-0.00018190586800097549,0.00032193453149975833
2170.0,-0.00018190787500901103,0.0003219339647436052
2171.0,-0.0001819073417792754,0.0003219339928374703
2172.0,-0.0001819064642748343,0.0003219341929860265
2173.0,-0.00018190605322202807,0.00032193425870023583
2174.0,-0.00018190586295665744,0.00032193425266525743
2175.0,-0.00018190585119315017,0.00032193410616095385
2176.0,-0.0001819056617258064,0.0003219340165611785
2177.0,-0.000181906174620635,0.00032193369023301614
2178.0,-0.00018190669444154872,0.0003219334171560234
2179.0,-0.00018190447105000368,0.0003219337675547319
2180.0,-0.0001819041059280776,0.0003219336975397333
2181.0,-0.00018190420051889284,0.0003219334748004725
2182.0,-0.00018190396467732063,0.0003219334057797423
2183.0,-0.0001819034566790273,0.00032193340212638373
2184.0,-0.0001819028444840397,0.0003219334864773464
2185.0,-0.00018190243243616292,0.00032193352620184034
2186.0,-0.00018190213344209356,0.0003219335602381937
2187.0,-0.00018190098694348227,0.00032193378378674286
2188.0,-0.00018190090867773538,0.00032193387419580645
2189.0,-0.00018190165722694468,0.00032193374935730656
2190.0,-0.00018190232807198154,0.00032193368045218906
2191.0,-0.00018190314953720203,0.0003219335122589592
2192.0,-0.00018190329250223895,0.0003219335233346475
2193.0,-0.00018190355643238676,0.0003219334558168813
2194.0,-0.0001819036339001068,0.00032193346515838045
2195.0,-0.00018190333051196347,0.0003219334608113462
2196.0,-0.00018190322625615611,0.0003219334532040363
2197.0,-0.00018190433327706752,0.00032193305274506623
2198.0,-0.00018190522866322193,0.00032193272687935427
2199.0,-0.00018190506992483895,0.00032193261459638424
2200.0,-0.00018190495255577513,0.00032193254370272974
2201.0,-0.0001819051946337796,0.0003219323375885627
2202.0,-0.00018190372734806868,0.0003219325801207029
2203.0,-0.00018190179432008013,0.000321932879580494
2204.0,-0.00018190009897602215,0.0003219331629238867
2205.0,-0.00018190054762476116,0.000321932880158557
2206.0,-0.00018190147851818546,0.00032193250055610246
2207.0,-0.00018190147556253035,0.00032193227996723617
2208.0,-0.00018190083872723144,0.00032193227282237665
2209.0,-0.00018190024502479256,0.00032193220768623034
2210.0,-0.00018189989061219016,0.000321932098177963
2211.0,-0.00018189828900180737,0.0003219322449134918
2212.0,-0.00018189697225746263,0.00032193242568537403
2213.0,-0.00018189587187692304,0.00032193257438631735
2214.0,-0.00018189525190856254,0.000321932660818307
2215.0,-0.0001818967921792499,0.00032193218664473475
2216.0,-0.00018189849677450838,0.0003219316855796686
2217.0,-0.00018189977250421255,0.00032193122331419544
2218.0,-0.0001818987171777088,0.0003219313568698863
2219.0,-0.00018189753551665406,0.00032193150196371605
2220.0,-0.0001818972140300494,0.0003219315002757719
2221.0,-0.00018189735167490717,0.00032193133372424113
2222.0,-0.00018189709316346038,0.0003219312737675399
2223.0,-0.00018189689202127902,0.0003219311341306255
2224.0,-0.00018189629138290283,0.00032193108772372246
2225.0,-0.00018189679779499459,0.0003219306948026949
2226.0,-0.00018189689233654889,0.00032193039682274524
2227.0,-0.00018189600304889615,0.000321930296655977
2228.0,-0.00018189501672708665,0.0003219302375779316
2229.0,-0.00018189513897298135,0.000321929885491279
2230.0,-0.00018189313786640381,0.0003219300837900334
2231.0,-0.00018189082974607936,0.0003219303275476673
2232.0,-0.00018189112825739174,0.0003219299625817696
2233.0,-0.00018189169521115204,0.0003219295385840715
2234.0,-0.00018189155762540738,0.00032192934840132254
2235.0,-0.0001818912960400793,0.0003219291442525699
2236.0,-0.00018189105648423387,0.0003219290155988538
2237.0,-0.00018189120073990684,0.0003219288130224327
2238.0,-0.00018189171073819348,0.0003219285860517503
2239.0,-0.00018189261337555503,0.00032192827133109423
2240.0,-0.00018189293106906902,0.00032192816536057286
2241.0,-0.00018189408987305766,0.0003219278384774699
2242.0,-0.00018189638592445713,0.0003219272734786286
2243.0,-0.00018189662529311107,0.00032192716427095405
2244.0,-0.00018189706131135065,0.00032192710359745457
2245.0,-0.0001818976331025331,0.0003219270137433315
2246.0,-0.00018189816967215903,0.00032192699376547187
2247.0,-0.00018189875545344226,0.00032192686751649814
2248.0,-0.00018190033920181608,0.0003219265397316168
2249.0,-0.0001819008588256861,0.0003219264070777043
2250.0,-0.0001819011082829761,0.0003219263320682408
2251.0,-0.0001819008769734084,0.00032192632677318305
2252.0,-0.0001819004266103894,0.0003219264172516143
2253.0,-0.00018190134814423923,0.0003219261450764
2254.0,-0.0001819018636597487,0.0003219259958898837
2255.0,-0.000181902194624154,0.00032192581749962136
2256.0,-0.00018190326159593886,0.00032192551709180685
2257.0,-0.0001819027320607721,0.0003219256096975102
2258.0,-0.00018190198911745528,0.00032192575273343535
2259.0,-0.00018190155505980025,0.00032192577668836887
2260.0,-0.00018190150929640718,0.00032192579752176177
2261.0,-0.00018190129885376445,0.0003219258097998213
2262.0,-0.00018190253187425252,0.00032192549168015447
2263.0,-0.00018190313479833528,0.00032192528071025764
2264.0,-0.00018190315848298476,0.0003219252662355585
2265.0,-0.0001819029041981248,0.00032192532640036245
2266.0,-0.0001819026591841696,0.00032192548298608595
2267.0,-0.00018190449413366995,0.00032192508981071055
2268.0,-0.000181907062903365,0.00032192459448003
2269.0,-0.0001819071716123594,0.00032192470879778204
2270.0,-0.0001819070032680974,0.0003219249197214338
2271.0,-0.00018190734588763598,0.00032192496487972057
2272.0,-0.00018190802346171428,0.0003219249490639151
2273.0,-0.00018190825033779934,0.00032192499262674774
2274.0,-0.00018190836142116998,0.0003219250590346329
2275.0,-0.0001819100985286345,0.00032192468086577464
2276.0,-0.00018191174327187727,0.00032192437167140157
2277.0,-0.00018191242108240799,0.0003219243030437543
2278.0,-0.000181913107976652,0.00032192430026905156
2279.0,-0.00018191415948050853,0.0003219241819742256
2280.0,-0.0001819135368717628,0.0003219245347314314
2281.0,-0.00018191277804672595,0.00032192490194021383
2282.0,-0.00018191324973972255,0.00032192497477616025
2283.0,-0.00018191308887326792,0.00032192513654132884
2284.0,-0.00018191284456866997,0.0003219254425679163
2285.0,-0.00018191440476047268,0.00032192521236008067
2286.0,-0.0001819161596117199,0.000321924963261144
2287.0,-0.0001819172204652987,0.00032192483324319906
2288.0,-0.00018191751370569287,0.00032192489276057235
2289.0,-0.00018191775713344646,0.0003219248762742137
2290.0,-0.00018191855763322016,0.00032192474408275165
2291.0,-0.00018191786269959424,0.00032192495623189707
2292.0,-0.00018191777140926058,0.0003219251243095144
2293.0,-0.00018191837294418545,0.00032192515943262626
2294.0,-0.000181919379600902,0.0003219251450735397
2295.0,-0.00018192004148045174,0.00032192516595317766
2296.0,-0.0001819207306012893,0.00032192523192173483
2297.0,-0.0001819223880439968,0.0003219249902220054
2298.0,-0.00018192376869945688,0.00032192480267522405
2299.0,-0.00018192426664852287,0.00032192475319302554
2300.0,-0.00018192456418446908,0.00032192474870725615
2301.0,-0.00018192542073331555,0.0003219245557035595
2302.0,-0.00018192712776206337,0.00032192412650329375
2303.0,-0.00018192770974040373,0.0003219239132673897
2304.0,-0.00018192705293472854,0.0003219240123936444
2305.0,-0.00018192554521565595,0.0003219243094255705
2306.0,-0.00018192652148823815,0.0003219239802302154
2307.0,-0.000181927867316229,0.0003219234835584285
2308.0,-0.00018192881511600045,0.0003219231610454824
2309.0,-0.00018192929216858492,0.0003219229884358506
2310.0,-0.0001819292140506208,0.00032192299088683806
2311.0,-0.0001819296624629074,0.0003219228722682968
2312.0,-0.0001819302955149678,0.0003219227807724746
2313.0,-0.00018193018502272814,0.0003219228435038786
2314.0,-0.00018192986938832056,0.0003219229668394145
2315.0,-0.00018192994069842584,0.00032192295456135497
2316.0,-0.0001819308769021771,0.00032192281947957755
2317.0,-0.00018193203734162824,0.00032192263070730245
2318.0,-0.00018193218139040535,0.00032192270347388135
2319.0,-0.00018193361438066498,0.00032192240445341817
2320.0,-0.00018193457429862227,0.00032192226641195785
2321.0,-0.00018193546057150683,0.0003219220952128001
2322.0,-0.0001819361891404877,0.00032192194937904963
2323.0,-0.0001819352160206043,0.00032192214790902925
2324.0,-0.0001819341537187545,0.00032192242290519127
2325.0,-0.00018193400697047904,0.00032192247315043304
2326.0,-0.00018193451822984516,0.000321922424662503
2327.0,-0.00018193561330990995,0.00032192215891535005
2328.0,-0.00018193590621532984,0.00032192217422246
2329.0,-0.0001819353390054128,0.00032192240001389385
2330.0,-0.00018193742509692653,0.00032192198933476875
2331.0,-0.000181938201015502,0.00032192188465910863
2332.0,-0.00018193840933992527,0.00032192197728793447
2333.0,-0.0001819387237329577,0.00032192198551955254
2334.0,-0.00018193915048029247,0.00032192203514048615
2335.0,-0.0001819394715629576,0.0003219220421003655
2336.0,-0.0001819402806144267,0.0003219219392513847
2337.0,-0.00018194102026711416,0.0003219218011636793
2338.0,-0.00018194155961505587,0.00032192171230382467
2339.0,-0.0001819418234959427,0.00032192159012441496
2340.0,-0.00018194239621323042,0.0003219215222598109
2341.0,-0.00018194197538705804,0.00032192166439395773
2342.0,-0.00018194218958338275,0.0003219216990546193
2343.0,-0.00018194322158976786,0.00032192148267405217
2344.0,-0.0001819435455492706,0.0003219215181440019
2345.0,-0.00018194193914087441,0.00032192200309266977
2346.0,-0.0001819423194647198,0.0003219220368053078
2347.0,-0.0001819429838467242,0.0003219219551134352
2348.0,-0.00018194315862446215,0.0003219220574074755
2349.0,-0.00018194347929333557,0.0003219221041149713
2350.0,-0.00018194383109510932,0.00032192221635169636
2351.0,-0.00018194413508423583,0.00032192230248309325
2352.0,-0.00018194494354457387,0.0003219223299757727
2353.0,-0.00018194607944223555,0.0003219222268261991
2354.0,-0.00018194565019244614,0.00032192254778993617
2355.0,-0.00018194589420147858,0.00032192262094959793
2356.0,-0.00018194626612141136,0.00032192273667782387
2357.0,-0.00018194574572907098,0.0003219230187032328
2358.0,-0.00018194634768763977,0.00032192303680816806
2359.0,-0.00018194754629445036,0.00032192289134437796
2360.0,-0.00018194786477613903,0.0003219229976848597
2361.0,-0.00018194753792994645,0.00032192322826265574
2362.0,-0.00018194713703474158,0.0003219235231904324
2363.0,-0.00018194678287829593,0.00032192376088996535
2364.0,-0.00018194714934997115,0.0003219239045501987
2365.0,-0.00018194820791784334,0.0003219238860753031
2366.0,-0.00018194768748609427,0.00032192428230285147
2367.0,-0.00018194755325994422,0.0003219245546168009
2368.0,-0.00018194733165477738,0.0003219248877198625
2369.0,-0.00018194671484896783,0.000321925266744254
2370.0,-0.00018194796230290496,0.00032192519739980845
2371.0,-0.00018194949482977597,0.000321925032189384
2372.0,-0.00018195000526155866,0.00032192517735258133
2373.0,-0.000181950129310403,0.00032192539229955203
2374.0,-0.00018195036000913533,0.0003219256490289212
2375.0,-0.00018194960300675243,0.0003219260780673293
2376.0,-0.00018194964187361694,0.0003219263604626986
2377.0,-0.00018195098548486649,0.00032192623592479147
2378.0,-0.00018195028164486656,0.00032192665522861756
2379.0,-0.0001819494830071556,0.00032192706380359306
2380.0,-0.0001819493930567189,0.0003219273653444111
2381.0,-0.00018194865229073466,0.00032192777415061184
2382.0,-0.00018194709773438098,0.0003219283816717724
2383.0,-0.00018194804781000688,0.0003219283696711832
2384.0,-0.0001819491739540067,0.0003219283459937199
2385.0,-0.0001819496037653706,0.0003219284930298416
2386.0,-0.00018194973003095625,0.00032192871260131674
2387.0,-0.00018194954246508394,0.00032192900274273116
2388.0,-0.00018195021050224845,0.00032192918256659
2389.0,-0.00018195160323648566,0.0003219291611320114
2390.0,-0.0001819514975816682,0.00032192953060680116
2391.0,-0.00018195193508758751,0.00032192973877887265
2392.0,-0.00018195318549717973,0.00032192981092114337
2393.0,-0.00018195436624198136,0.00032192983147706606
2394.0,-0.0001819556062279633,0.000321929814574502
2395.0,-0.00018195587728123984,0.00032192993932051177
2396.0,-0.00018195494090014928,0.00032193037934211816
2397.0,-0.00018195616072856345,0.0003219302660880021
2398.0,-0.00018195736593633707,0.00032193018971430975
2399.0,-0.0001819574754039496,0.00032193030504945277
2400.0,-0.0001819576092261601,0.00032193048517390436
2401.0,-0.00018195777731426537,0.00032193059983849425
2402.0,-0.0001819560356058311,0.00032193116153081484
2403.0,-0.00018195447785736995,0.00032193166668856754
2404.0,-0.00018195384228315056,0.00032193202497205625
2405.0,-0.0001819535374664406,0.00032193228951683805
2406.0,-0.0001819539244996231,0.00032193241373102983
2407.0,-0.0001819543104392132,0.00032193252885807016
2408.0,-0.00018195454671428147,0.0003219327423020769
2409.0,-0.00018195571458227907,0.0003219327174222425
2410.0,-0.00018195706558266637,0.000321932628169305
2411.0,-0.00018195662127874033,0.00032193297972413963
2412.0,-0.00018195673139659698,0.00032193328963531096
2413.0,-0.00018195773718632138,0.00032193337185900154
2414.0,-0.00018195820194338066,0.0003219336073618949
2415.0,-0.00018195943068802104,0.00032193357272435595
2416.0,-0.00018196005781891903,0.000321933716592692
2417.0,-0.0001819597994651072,0.00032193411626549627
2418.0,-0.00018196138414943846,0.0003219339719578323
2419.0,-0.0001819630873653912,0.00032193375795888505
2420.0,-0.0001819641759036061,0.00032193374473280206
2421.0,-0.00018196511097435622,0.0003219336993201675
2422.0,-0.00018196405805178526,0.0003219341260000783
2423.0,-0.00018196268430270592,0.0003219345639406576
2424.0,-0.0001819621064622827,0.0003219348707302883
2425.0,-0.0001819618805123029,0.0003219350517796408
2426.0,-0.00018196211005832975,0.0003219351033659888
2427.0,-0.00018196229954537787,0.00032193510609444657
2428.0,-0.00018196246435270598,0.0003219352044345354
2429.0,-0.00018196289151383243,0.00032193521923294996
2430.0,-0.00018196375899860276,0.0003219352384246437
2431.0,-0.00018196377948129257,0.000321935377391005
2432.0,-0.0001819632413648738,0.00032193572113042694
2433.0,-0.0001819624511310755,0.00032193616230815936
2434.0,-0.00018196420842566427,0.00032193597388272216
2435.0,-0.00018196535410654432,0.0003219358816701018
2436.0,-0.0001819663041132049,0.00032193593381139044
2437.0,-0.00018196687336252394,0.00032193604845285776
2438.0,-0.0001819675063850278,0.0003219361825866118
2439.0,-0.00018196790727038052,0.00032193630865060533
2440.0,-0.00018196851912054168,0.00032193643022882955
2441.0,-0.00018196954473285955,0.00032193640056263296
2442.0,-0.00018197107629421656,0.0003219361788407631
2443.0,-0.00018197067234483478,0.0003219363921229122
2444.0,-0.00018197007117444066,0.0003219366783103752
2445.0,-0.0001819698093625124,0.00032193681047871473
2446.0,-0.00018196963881136124,0.00032193688777730804
2447.0,-0.0001819690731383848,0.0003219369533296598
2448.0,-0.00018196826808690228,0.0003219370997414733
2449.0,-0.00018196913513817653,0.00032193675671884957
2450.0,-0.00018197001934210249,0.0003219363872209374
2451.0,-0.000181969035542452,0.00032193644195194855
2452.0,-0.00018196864061767042,0.00032193645672724043
2453.0,-0.00018196925667471401,0.0003219361855925397
2454.0,-0.00018196827230363688,0.0003219363177377568
2455.0,-0.00018196717001177362,0.0003219364214422709
2456.0,-0.00018196660023043663,0.00032193648741082805
2457.0,-0.00018196593346420383,0.0003219365472056717
2458.0,-0.00018196491834446152,0.0003219367626150928
2459.0,-0.00018196612618276816,0.0003219364196387141
2460.0,-0.0001819674630452719,0.00032193613779828536
2461.0,-0.0001819678614577265,0.0003219360620489011
2462.0,-0.00018196760541917784,0.0003219361634180405
2463.0,-0.0001819671093814355,0.0003219362763021961
2464.0,-0.0001819674167794175,0.00032193626289113295
2465.0,-0.000181968169791666,0.00032193608540264897
2466.0,-0.0001819675239317669,0.00032193628541247
2467.0,-0.00018196679474209845,0.00032193646514383874
2468.0,-0.00018196633349241653,0.00032193660341652426
2469.0,-0.00018196788056111063,0.0003219361893383884
2470.0,-0.00018196902094151583,0.00032193590419143887
2471.0,-0.00018196918530549564,0.0003219357480450433
2472.0,-0.00018196863132706126,0.0003219357723699372
2473.0,-0.00018196763043387213,0.00032193582966754834
2474.0,-0.0001819664607727771,0.00032193591031890736
2475.0,-0.0001819652478803002,0.00032193592502483177
2476.0,-0.00018196413994313576,0.0003219359660673095
2477.0,-0.00018196331425132846,0.0003219359311523003
2478.0,-0.000181962347564921,0.00032193595563905175
2479.0,-0.00018196139657304203,0.00032193593933767326
2480.0,-0.00018195974630272425,0.00032193614082733584
2481.0,-0.0001819580407912127,0.00032193636160118225
2482.0,-0.0001819563453092241,0.00032193664774240023
2483.0,-0.00018195493729425007,0.000321936816328713
2484.0,-0.0001819538086280912,0.00032193700019901323
2485.0,-0.00018195322130986732,0.00032193699686936997
2486.0,-0.00018195183525541062,0.0003219372224758236
2487.0,-0.00018194929741172002,0.0003219376812960409
2488.0,-0.00018194916422004928,0.00032193759715318086
2489.0,-0.00018194999248327646,0.0003219372798428023
2490.0,-0.00018194824707042114,0.0003219375796725538
2491.0,-0.00018194616853553231,0.0003219379117582243
2492.0,-0.00018194408629622238,0.00032193825746306066
2493.0,-0.000181942378272404,0.0003219384911623973
2494.0,-0.000181940645105813,0.00032193876077101153
2495.0,-0.0001819393652086351,0.00032193887869587715
2496.0,-0.00018193850247261728,0.00032193898716363097
2497.0,-0.00018193753853496905,0.00032193909392031806
2498.0,-0.00018193656048899381,0.00032193919057246285
2499.0,-0.00018193550727085733,0.00032193926465702544
2500.0,-0.00018193552653187635,0.0003219391471483653
2501.0,-0.00018193607236255491,0.0003219388909045691
2502.0,-0.00018193532486752927,0.0003219390125290383
2503.0,-0.00018193512721302086,0.0003219390025863536
2504.0,-0.0001819347772930142,0.000321939092764192
2505.0,-0.00018193386420248576,0.0003219392676398309
2506.0,-0.00018193508986339265,0.0003219389093794647
2507.0,-0.00018193653870581577,0.0003219384128695355
2508.0,-0.00018193718567901165,0.0003219381765573538
2509.0,-0.0001819371977479366,0.000321938058308773
2510.0,-0.00018193664742466233,0.0003219380725753694
2511.0,-0.0001819363858688908,0.0003219379587894354
2512.0,-0.0001819353213995606,0.0003219380952354416
2513.0,-0.0001819345811557421,0.0003219380870269461
2514.0,-0.0001819352143752896,0.00032193778860766854
2515.0,-0.00018193348844020138,0.0003219380271396124
2516.0,-0.00018193125320633158,0.00032193849097741705
2517.0,-0.00018193146339281758,0.00032193830992806457
2518.0,-0.00018193213987330347,0.0003219380657542252
2519.0,-0.00018193196931230013,0.00032193795890504803
2520.0,-0.00018193178080061817,0.0003219379430198749
2521.0,-0.00018193126391565523,0.0003219379394358839
2522.0,-0.00018193080771029133,0.0003219379274815397
2523.0,-0.00018193040264761278,0.0003219378391535031
2524.0,-0.0001819305196521458,0.0003219377116096681
2525.0,-0.0001819294412518279,0.0003219378322629914
2526.0,-0.00018192980447228252,0.00032193765472826233
2527.0,-0.0001819310850788176,0.0003219372477024959
2528.0,-0.0001819305390609476,0.00032193730872283316
2529.0,-0.00018193037429302823,0.0003219372846754096
2530.0,-0.00018193059419376728,0.0003219372091110055
2531.0,-0.00018193076660698114,0.00032193706249108924
2532.0,-0.0001819311454037381,0.0003219369494681985
2533.0,-0.00018193067226247053,0.0003219370388136261
2534.0,-0.00018192934226693878,0.0003219373865994895
2535.0,-0.00018193009841218166,0.00032193720159618566
2536.0,-0.0001819314130580113,0.0003219369419302561
2537.0,-0.00018193171965796647,0.0003219368757304737
2538.0,-0.00018193211553840986,0.00032193680855954537
2539.0,-0.00018193294941738175,0.00032193658755447376
2540.0,-0.0001819320488686831,0.00032193683975182845
2541.0,-0.00018193130552142676,0.0003219370040604745
2542.0,-0.00018193133111739986,0.00032193702285908545
2543.0,-0.00018193193397251738,0.00032193682819056717
2544.0,-0.00018193278805831795,0.00032193662755643796
2545.0,-0.00018193360031174672,0.0003219363914986041
2546.0,-0.00018193324321935035,0.00032193646394146753
2547.0,-0.00018193359880436263,0.0003219363108703675
2548.0,-0.00018193507451369053,0.0003219359830161186
2549.0,-0.00018193525629633107,0.00032193592888629305
2550.0,-0.0001819341991373211,0.00032193616376487833
2551.0,-0.0001819321258634983,0.00032193656487127897
2552.0,-0.0001819324610150817,0.0003219363884233086
2553.0,-0.000181932582433393,0.00032193620002099384
2554.0,-0.00018193226625711533,0.00032193618436704603
2555.0,-0.00018193131955093628,0.0003219362365083346
2556.0,-0.00018193043520907973,0.00032193634622470466
2557.0,-0.0001819293878628447,0.0003219364939313794
2558.0,-0.00018192822177809232,0.0003219366760212455
2559.0,-0.00018192763940566467,0.0003219366493840993
2560.0,-0.0001819276496223791,0.00032193654332108787
2561.0,-0.00018192594057393364,0.0003219368375320663
2562.0,-0.00018192454944560233,0.0003219371162971995
2563.0,-0.00018192380163530681,0.0003219372328809588
2564.0,-0.00018192320220874922,0.0003219373521469307
2565.0,-0.00018192225167992294,0.00032193755636505093
2566.0,-0.00018192161236187373,0.00032193771859266996
2567.0,-0.0001819215294853049,0.0003219376503581056
2568.0,-0.00018192108459024782,0.0003219376983835851
2569.0,-0.00018191992005228827,0.00032193784234441124
2570.0,-0.00018191898146430855,0.00032193793610624065
2571.0,-0.0001819184921063467,0.00032193785402128517
2572.0,-0.00018191924982793897,0.00032193757044666723
2573.0,-0.0001819173014502483,0.0003219378979309557
2574.0,-0.0001819144749966899,0.00032193848145093773
2575.0,-0.00018191451915417704,0.0003219383439181729
2576.0,-0.00018191515037373123,0.0003219381214101373
2577.0,-0.00018191473188252635,0.0003219381427291032
2578.0,-0.00018191425925357237,0.00032193823320753436
2579.0,-0.00018191320048865646,0.0003219383866023497
2580.0,-0.00018191216526060734,0.0003219386274927909
2581.0,-0.00018191117785505763,0.0003219387911077613
2582.0,-0.00018191011363203203,0.00032193894369328836
2583.0,-0.00018190944359487422,0.0003219389176342053
2584.0,-0.00018190931563471298,0.0003219387854658657
2585.0,-0.00018190730163162702,0.0003219390409003736
2586.0,-0.0001819056394500192,0.0003219392063882684
2587.0,-0.00018190422994736536,0.00032193921781079456
2588.0,-0.00018190322155666453,0.0003219391796817547
2589.0,-0.00018190306950791423,0.00032193887113481226
2590.0,-0.00018190266811024801,0.00032193870571628507
2591.0,-0.0001819017699359256,0.00032193858554853476
2592.0,-0.00018190138405544865,0.00032193843622328337
2593.0,-0.00018190121438114185,0.00032193821602750005
2594.0,-0.00018190114273606233,0.00032193801111570413
2595.0,-0.0001819013861835203,0.00032193767086778315
2596.0,-0.00018190254393332528,0.0003219371905667423
2597.0,-0.00018190096553468723,0.00032193730842224033
2598.0,-0.00018189809439162378,0.0003219377248819961
2599.0,-0.00018189797093391043,0.00032193741194177437
2600.0,-0.0001818981605884457,0.0003219370160610638
2601.0,-0.00018189769558508184,0.00032193675741252527
2602.0,-0.00018189707689750517,0.000321936591947753
2603.0,-0.00018189591530534856,0.0003219365121981724
2604.0,-0.00018189508476626693,0.0003219364447960188
2605.0,-0.00018189426842418193,0.0003219363425713461
2606.0,-0.00018189389797222455,0.0003219361468160692
2607.0,-0.00018189411557740481,0.00032193577731815697
2608.0,-0.00018189272664611048,0.00032193588939302437
2609.0,-0.0001818920267666884,0.0003219357955849499
2610.0,-0.00018189201175196053,0.0003219355861642621
2611.0,-0.00018189227893332887,0.0003219352320890725
2612.0,-0.0001818922980859739,0.0003219349996383522
2613.0,-0.00018189180775264585,0.00032193486060262336
2614.0,-0.00018189071242627648,0.0003219349213454904
2615.0,-0.00018189146670945667,0.00032193449790273284
2616.0,-0.0001818925228438395,0.00032193407052914645
2617.0,-0.00018189299480284504,0.00032193379590294473
2618.0,-0.0001818934921804844,0.00032193354828384947
2619.0,-0.00018189453497501057,0.0003219331770517481
2620.0,-0.0001818942550843253,0.00032193322170133936
2621.0,-0.00018189395423804535,0.00032193324852346564
2622.0,-0.0001818942290351517,0.00032193318130629224
2623.0,-0.00018189488564378318,0.00032193300238421186
2624.0,-0.0001818963063976307,0.00032193265591633224
2625.0,-0.00018189708488762613,0.00032193239384566033
2626.0,-0.00018189722630587024,0.0003219323061881769
2627.0,-0.00018189685913468998,0.0003219322957367967
2628.0,-0.00018189762048188585,0.00032193206238429796
2629.0,-0.00018189841530680175,0.00032193182833812353
2630.0,-0.00018189857772990138,0.00032193171006642007
2631.0,-0.00018189691948916704,0.0003219320194920184
2632.0,-0.00018189550643972713,0.0003219322989277048
2633.0,-0.00018189432465059402,0.0003219324962784357
2634.0,-0.00018189519673633413,0.00032193222595302325
2635.0,-0.00018189571967053785,0.00032193206582955376
2636.0,-0.00018189562547380999,0.0003219321235433704
2637.0,-0.00018189532574082681,0.00032193224371112065
2638.0,-0.0001818950645889948,0.0003219324042045505
2639.0,-0.00018189494083571602,0.00032193250037112223
2640.0,-0.0001818954249818727,0.00032193252830312963
2641.0,-0.00018189664716495877,0.0003219324221476281
2642.0,-0.00018189863667551618,0.0003219321185026604
2643.0,-0.00018189794930836736,0.00032193246390690403
2644.0,-0.0001818962180728043,0.0003219331180661928
2645.0,-0.00018189714331107518,0.0003219330725610681
2646.0,-0.00018189841240040758,0.00032193291502732125
2647.0,-0.00018189927852557659,0.0003219327937265673
2648.0,-0.00018189931612150938,0.0003219328808059877
2649.0,-0.00018189901334420146,0.00032193302583044986
2650.0,-0.00018189893605382074,0.00032193312109524326
2651.0,-0.00018189950600264483,0.00032193297072947833
2652.0,-0.00018189857240972221,0.0003219332264414565
2653.0,-0.0001818977570627078,0.0003219333892933836
2654.0,-0.00018189737140883103,0.0003219334356077965
2655.0,-0.0001818971520302577,0.00032193337925820876
2656.0,-0.0001818972156063988,0.00032193329141574515
2657.0,-0.00018189738066988365,0.000321933127014609
2658.0,-0.0001818981199777447,0.0003219328340060018
2659.0,-0.00018189836379958567,0.000321932642944597
2660.0,-0.00018189742659091167,0.00032193274433685895
2661.0,-0.0001818987475815475,0.00032193228942434797
2662.0,-0.000181900539890797,0.0003219317651673916
2663.0,-0.0001819010239285797,0.00032193150785995935
2664.0,-0.0001819002234386582,0.0003219316190330483
2665.0,-0.00018189926779654857,0.00032193171841365074
2666.0,-0.00018189832017411644,0.000321931791157107
2667.0,-0.00018189765381182316,0.0003219317104132579
2668.0,-0.00018189687460261832,0.0003219316551041837
2669.0,-0.00018189634226943138,0.0003219315222190459
2670.0,-0.00018189593982743368,0.00032193137768015675
2671.0,-0.00018189318647707792,0.0003219318167537396
2672.0,-0.00018189193515123262,0.0003219319080183366
2673.0,-0.00018189125324219354,0.00032193191329027177
2674.0,-0.00018189025720613097,0.0003219320607194763
2675.0,-0.00018188899626455442,0.0003219322676660541
2676.0,-0.0001818883036461917,0.0003219324101701613
2677.0,-0.0001818877855691145,0.0003219324900584771
2678.0,-0.00018188724462511903,0.00032193258271042546
2679.0,-0.0001818868164590698,0.0003219326117754365
2680.0,-0.00018188605604783141,0.00032193274072974537
2681.0,-0.00018188677881387607,0.00032193247648555634
2682.0,-0.00018188785950975277,0.0003219321300176767
2683.0,-0.00018188707701977078,0.0003219322041484844
2684.0,-0.00018188755265364083,0.00032193196631021627
2685.0,-0.00018188848449287472,0.00032193160532139237
2686.0,-0.00018188893242240435,0.00032193137485920896
2687.0,-0.00018188864852188033,0.00032193133346989343
2688.0,-0.0001818887197630203,0.0003219312592697181
2689.0,-0.00018188877348697773,0.0003219311261764777
2690.0,-0.00018188814809991623,0.00032193119017962044
2691.0,-0.0001818872613245703,0.0003219313089831419
2692.0,-0.00018188831632595204,0.00032193099951129855
2693.0,-0.00018188964363183765,0.0003219305593972021
2694.0,-0.00018189049620040193,0.0003219302683077643
2695.0,-0.00018188902924966526,0.0003219305197651983
2696.0,-0.00018188770810139443,0.0003219307620429907
2697.0,-0.0001818872853737506,0.0003219307376487294
2698.0,-0.00018188733627013133,0.0003219306221054836
2699.0,-0.00018188704623169687,0.00032193058455450674
2700.0,-0.0001818871171477148,0.00032193052494464337
2701.0,-0.0001818872963490832,0.0003219304226968481
2702.0,-0.00018188837339965191,0.00032193010238054166
2703.0,-0.00018188874903385792,0.0003219299243602396
2704.0,-0.00018188884547688366,0.00032192987614977983
2705.0,-0.00018188961168120606,0.0003219296248542035
2706.0,-0.00018189066670229215,0.0003219293207236629
2707.0,-0.00018188991494127096,0.00032192947118191785
2708.0,-0.00018188935108109634,0.0003219296272358233
2709.0,-0.000181889364312579,0.0003219296232356269
2710.0,-0.00018188908876670668,0.0003219296997942995
2711.0,-0.0001818889486785074,0.000321929695169795
2712.0,-0.00018189015470401225,0.0003219294184163211
2713.0,-0.00018189044997395624,0.0003219293198450071
2714.0,-0.00018189016618180623,0.0003219293688416325
2715.0,-0.00018189019376792045,0.00032192933838927026
2716.0,-0.0001818905229096718,0.00032192936035566673
2717.0,-0.00018189018093052516,0.0003219294913447576
2718.0,-0.00018189017611280734,0.00032192958922239607
2719.0,-0.00018189003006403693,0.00032192969778264
2720.0,-0.00018189004157138743,0.00032192983644840846
2721.0,-0.0001818911927596381,0.00032192967546940566
2722.0,-0.0001818923116425786,0.00032192961761685397
2723.0,-0.00018189260191746548,0.00032192970890457343
2724.0,-0.00018189314526539374,0.00032192982884109844
2725.0,-0.00018189349861396032,0.00032192990711083766
2726.0,-0.0001818935093429883,0.00032193002138234474
2727.0,-0.000181893779223855,0.0003219300277872835
2728.0,-0.0001818944399309949,0.00032193001014479874
2729.0,-0.00018189501512118073,0.00032192993862683613
2730.0,-0.00018189581493130154,0.00032192986239187887
2731.0,-0.00018189693405069448,0.00032192969412928144
2732.0,-0.00018189764994976714,0.0003219296648792903
2733.0,-0.00018189759501399113,0.0003219297704567288
2734.0,-0.00018189744532976494,0.0003219299521997569
2735.0,-0.0001818981963223158,0.0003219298244709417
2736.0,-0.00018189893994543328,0.00032192978187925496
2737.0,-0.00018189871619249043,0.00032192992595569367
2738.0,-0.00018189911228968185,0.0003219299402685352
2739.0,-0.000181899245126674,0.0003219299857505373
2740.0,-0.00018189937681096065,0.00032193011454298854
2741.0,-0.00018189920035835148,0.0003219302550585588
2742.0,-0.0001818995226528352,0.00032193030740795006
2743.0,-0.0001818996836572204,0.00032193036537611446
2744.0,-0.0001819002689163379,0.0003219303874118785
2745.0,-0.00018190045449206912,0.0003219304302347905
2746.0,-0.00018190019544860443,0.0003219306126252493
2747.0,-0.0001819008991408216,0.0003219304886654053
2748.0,-0.00018190211809239142,0.00032193030109550145
2749.0,-0.00018190168712832206,0.00032193047805216735
2750.0,-0.00018190135306047885,0.00032193062349283495
2751.0,-0.0001819020760531238,0.0003219304476691726
2752.0,-0.00018190264783445406,0.0003219303696537811
2753.0,-0.00018190182636923356,0.00032193054478376774
2754.0,-0.00018190269455350893,0.00032193033168659887
2755.0,-0.00018190391948535423,0.0003219300158560618
2756.0,-0.00018190406921884134,0.0003219299957857121
2757.0,-0.00018190359596919971,0.00032193009098113794
2758.0,-0.000181903317664716,0.00032193019269711516
2759.0,-0.00018190320363554245,0.0003219301968360467
2760.0,-0.00018190257170663102,0.00032193042262748054
2761.0,-0.00018190127793757854,0.00032193079876155674
2762.0,-0.00018190317168491089,0.0003219304375183852
2763.0,-0.0001819053672637415,0.0003219299247533225
2764.0,-0.00018190525896853883,0.0003219300416376746
2765.0,-0.00018190475358107418,0.00032193016675364475
2766.0,-0.00018190492392532946,0.00032193015278764105
2767.0,-0.00018190537446568776,0.0003219300147230582
2768.0,-0.00018190541382516142,0.00032192997183077865
2769.0,-0.00018190523538241115,0.0003219299273199225
2770.0,-0.00018190547248506288,0.00032192981954584437
2771.0,-0.00018190653475735612,0.0003219294370530744
2772.0,-0.00018190705061769198,0.000321929255518149
2773.0,-0.00018190723943479163,0.00032192912876047975
2774.0,-0.00018190811662396287,0.0003219288035884435
2775.0,-0.00018190795469347242,0.00032192869664677615
2776.0,-0.00018190655759471784,0.0003219289783715923
2777.0,-0.0001819083245247422,0.00032192844696977643
2778.0,-0.00018191080472330627,0.0003219277722314425
2779.0,-0.00018191070049705546,0.00032192764552001825
2780.0,-0.00018191037182820893,0.00032192759807260176
2781.0,-0.0001819104116704396,0.00032192741253747994
2782.0,-0.0001819106608223119,0.00032192717483794686
2783.0,-0.0001819101660160925,0.0003219270746711787
2784.0,-0.00018190966138724595,0.00032192701591684863
2785.0,-0.00018190981708130418,0.0003219268106350924
2786.0,-0.00018191005347459866,0.00032192665152901395
2787.0,-0.00018190987989882712,0.0003219265647039413
2788.0,-0.00018191018786823583,0.00032192645223599105
2789.0,-0.00018191004286379687,0.00032192642629252065
2790.0,-0.00018190879280888326,0.0003219266979127944
