iteration,Y_prime,N_prime
1.0,-4.769245418889775e-07,-5.945699879140655e-08
2.0,-1.9423314444825362e-05,-5.311555543595559e-06
3.0,-7.55033173583131e-06,-1.075242383150268e-06
4.0,-2.3249706656650542e-06,2.1959498598084916e-08
5.0,3.087660390520264e-07,-3.867217856197947e-08
6.0,2.8598966531550864e-07,-2.3420431916098503e-07
7.0,-6.052911822926782e-07,-3.3954432648060454e-07
8.0,-1.4903562283598634e-06,-3.872050708996317e-07
9.0,-2.0274155259241936e-06,-4.178629460471334e-07
10.0,-2.100912719002589e-06,-3.6655276085776265e-07
11.0,-1.7741238418105411e-06,-3.0763013665020126e-07
12.0,-1.7531589735250248e-06,-2.2918186926094218e-07
13.0,-1.1501522238235634e-06,-2.1497145599956316e-07
14.0,-6.242169812119153e-07,-1.5699680594258453e-07
15.0,-4.195554487447485e-07,-1.3028044384921625e-07
16.0,-2.2887805902051106e-07,-1.28838162987439e-07
17.0,-8.469212150824202e-08,-1.4524909096865871e-07
18.0,1.8499342005166268e-08,-1.7211051935745569e-07
19.0,1.5487768260798254e-07,-1.9781647058355095e-07
20.0,3.645311625012176e-07,-1.9876733902191632e-07
21.0,4.2715604730825485e-07,-1.96397995364688e-07
22.0,3.9052917572956723e-07,-1.9066251441114117e-07
23.0,2.4151430448888835e-07,-1.8946825444698194e-07
24.0,-5.760070512275422e-09,-1.8024287397205673e-07
25.0,-2.8677524204573854e-07,-1.8566925012916763e-07
26.0,-6.455190943250131e-07,-1.8810891729497477e-07
27.0,-1.0639170106827521e-06,-2.0444326547891093e-07
28.0,-1.503668208661486e-06,-2.308656080622391e-07
29.0,-1.8809656051303314e-06,-2.803376329718183e-07
30.0,-2.3020572943690898e-06,-3.4731455881915754e-07
31.0,-2.758570065198106e-06,-4.327652451919356e-07
32.0,-3.3123760554656656e-06,-5.509730566585069e-07
33.0,-3.872413412975627e-06,-6.969096915632826e-07
34.0,-4.67311390894736e-06,-8.95304882219153e-07
35.0,-5.484848560656559e-06,-1.1250705048608364e-06
36.0,-6.565483827684874e-06,-1.3984286103778002e-06
37.0,-7.584849970701084e-06,-1.6502106039828825e-06
38.0,-8.52944428767978e-06,-1.879757616329475e-06
39.0,-9.333917827724342e-06,-2.068910182694913e-06
40.0,-1.0001128862217319e-05,-2.2216274002568766e-06
41.0,-1.0394851895128115e-05,-2.3089383938605095e-06
42.0,-1.0450673454387705e-05,-2.3092296273285444e-06
43.0,-1.0382628729296583e-05,-2.2679123494903263e-06
44.0,-1.020335156016865e-05,-2.185916336335803e-06
45.0,-1.0080990171254693e-05,-2.0991922844544392e-06
46.0,-1.0102018151840493e-05,-2.0257348588235764e-06
47.0,-1.0270246295034614e-05,-1.9670223167466837e-06
48.0,-1.0776323087426868e-05,-1.9637660199976107e-06
49.0,-1.168715267665948e-05,-2.033310051203601e-06
50.0,-1.255647999448593e-05,-2.107462737863963e-06
51.0,-1.3394228780965375e-05,-2.1851673407602675e-06
52.0,-1.414628864744405e-05,-2.2657334975312998e-06
53.0,-1.4552220763475069e-05,-2.307663809124426e-06
54.0,-1.4672604575781671e-05,-2.318792789601093e-06
55.0,-1.4623186655106902e-05,-2.3236445795143007e-06
56.0,-1.4771711300950211e-05,-2.386334138677695e-06
57.0,-1.5195084763311287e-05,-2.5319470990995227e-06
58.0,-1.5849189354940195e-05,-2.7533012808307533e-06
59.0,-1.677433936010126e-05,-3.050741285763435e-06
60.0,-1.8044043597843677e-05,-3.432574130813447e-06
61.0,-1.9793631427307225e-05,-3.9109239627565245e-06
62.0,-2.2058852164841494e-05,-4.485023958968362e-06
63.0,-2.4628653919497668e-05,-5.121826005824013e-06
64.0,-2.722416667053365e-05,-5.757541738298026e-06
65.0,-2.9406980345021697e-05,-6.308753767407533e-06
66.0,-3.056275378326069e-05,-6.658044887859614e-06
67.0,-2.9696417011052207e-05,-6.62769714868057e-06
68.0,-2.7234980219426058e-05,-6.218839554209509e-06
69.0,-2.235088192856416e-05,-5.34816326715215e-06
70.0,-1.6193426076272983e-05,-4.127180049069831e-06
71.0,-1.0000016216694287e-05,-2.78288996747801e-06
72.0,-5.06906216039215e-06,-1.5658501536409547e-06
73.0,-2.0132033320952093e-06,-6.218276140648321e-07
74.0,-9.505854605355464e-07,-9.20836542556426e-09
75.0,-1.6632058879486916e-06,2.8189056876302617e-07
76.0,-3.5079993273126046e-06,3.3698738155149593e-07
77.0,-5.554141559189441e-06,3.0212930483247794e-07
78.0,-7.313054563136886e-06,2.7322023870106193e-07
79.0,-8.727817937971263e-06,2.690225593343181e-07
80.0,-9.699330302052875e-06,2.971515441788294e-07
81.0,-1.0422542570571263e-05,3.1930496709730923e-07
82.0,-1.0987699365463214e-05,2.963247212441735e-07
83.0,-1.1369596047958104e-05,2.094946491395694e-07
84.0,-1.155706793635304e-05,5.3235068210736624e-08
85.0,-1.1493398125627971e-05,-1.622426692429288e-07
86.0,-1.1205465757006668e-05,-4.179155398435137e-07
87.0,-1.072939247662232e-05,-6.950352825995296e-07
88.0,-1.0184685622878842e-05,-9.715852666041777e-07
89.0,-9.605954046991823e-06,-1.2314886619299732e-06
90.0,-9.093641608455285e-06,-1.4421979093572277e-06
91.0,-8.63908783518274e-06,-1.6118581609289332e-06
92.0,-8.308134108731713e-06,-1.7115705333026953e-06
93.0,-8.033409095837422e-06,-1.7660813092688207e-06
94.0,-7.805881196300611e-06,-1.7608546946384972e-06
95.0,-7.543980142884446e-06,-1.7163525467029696e-06
96.0,-7.1849066672593735e-06,-1.631275843688075e-06
97.0,-6.682779780217684e-06,-1.512420430711415e-06
98.0,-6.029997189369049e-06,-1.3811178291545382e-06
99.0,-5.337269376858546e-06,-1.2499780427599864e-06
100.0,-4.669300412498121e-06,-1.1468367749655258e-06
101.0,-4.12907719108057e-06,-1.0816319460754653e-06
102.0,-3.7260856969928797e-06,-1.062730712189907e-06
103.0,-3.4741479837983993e-06,-1.0828749124035022e-06
104.0,-3.3309764992809235e-06,-1.131545380206334e-06
105.0,-3.2817485152094215e-06,-1.1982160568194189e-06
106.0,-3.2997023290788747e-06,-1.2737230214007062e-06
107.0,-3.347998972535471e-06,-1.3489811976039156e-06
108.0,-3.3893291579187894e-06,-1.4132278318600353e-06
109.0,-3.394227762742196e-06,-1.4598552702806357e-06
110.0,-3.3118449855257133e-06,-1.4850535268710986e-06
111.0,-3.1642952555203728e-06,-1.4813987755740967e-06
112.0,-2.9300916024508726e-06,-1.4513164563412331e-06
113.0,-2.6368829392405685e-06,-1.3985449759760806e-06
114.0,-2.3030750198169283e-06,-1.3291806297781148e-06
115.0,-1.971099003204334e-06,-1.251054416445415e-06
116.0,-1.6491732172604228e-06,-1.16910297946815e-06
117.0,-1.3524121252952244e-06,-1.0868526386577737e-06
118.0,-1.0972802368220615e-06,-1.007323674758106e-06
119.0,-8.801752109286016e-07,-9.343177803854382e-07
120.0,-7.114328573043907e-07,-8.663333724435389e-07
121.0,-5.928856049951596e-07,-8.052056143852779e-07
122.0,-5.305643078676947e-07,-7.524982179760813e-07
123.0,-5.186572252796667e-07,-7.057368672921403e-07
124.0,-5.502942406961962e-07,-6.658294125068981e-07
125.0,-6.139512742228127e-07,-6.346248603194419e-07
126.0,-7.215865499900144e-07,-6.059540663965504e-07
127.0,-8.600234883348815e-07,-5.822124949982804e-07
128.0,-1.0212310128100948e-06,-5.613676798737976e-07
129.0,-1.1911205910135809e-06,-5.416866546346462e-07
130.0,-1.3664288755443686e-06,-5.227331728887692e-07
131.0,-1.5388499182480578e-06,-5.036305251132065e-07
132.0,-1.7058616335091918e-06,-4.822294211473223e-07
133.0,-1.86341441749442e-06,-4.5867427044041933e-07
134.0,-2.0160693299542708e-06,-4.3236899426666186e-07
135.0,-2.1664799384270048e-06,-4.0469976048280544e-07
136.0,-2.29194571671439e-06,-3.8663281043004645e-07
137.0,-2.44764946622199e-06,-3.5994074668586676e-07
138.0,-2.663017447695077e-06,-3.2098435443869416e-07
139.0,-2.8480603206052283e-06,-3.0023247231679673e-07
140.0,-3.107435908121727e-06,-2.688419087991148e-07
141.0,-3.3778312036409806e-06,-2.461580970161996e-07
142.0,-3.6594439320159524e-06,-2.2728470554980755e-07
143.0,-3.956390018039447e-06,-2.117762590483547e-07
144.0,-4.256375499763099e-06,-1.990162103959773e-07
145.0,-4.554995150607424e-06,-1.9025357956131593e-07
146.0,-4.8462905223146e-06,-1.8491339479483296e-07
147.0,-5.123546560892834e-06,-1.8180776641511066e-07
148.0,-5.382242048822279e-06,-1.7972270091560542e-07
149.0,-5.617339946572199e-06,-1.7817352932079115e-07
150.0,-5.829318892534558e-06,-1.7753601178793606e-07
151.0,-6.0153720526909365e-06,-1.771548112756695e-07
152.0,-6.177920422158976e-06,-1.774544654323292e-07
153.0,-6.319154776041589e-06,-1.783721987199635e-07
154.0,-6.45030235080688e-06,-1.797015729139976e-07
155.0,-6.575743094498569e-06,-1.8238130761347925e-07
156.0,-6.703350640959915e-06,-1.8647981425159597e-07
157.0,-6.837161557516343e-06,-1.9191268765490804e-07
158.0,-6.98146390266807e-06,-1.98325068828871e-07
159.0,-7.134769785945842e-06,-2.0512558423360084e-07
160.0,-7.287657858903153e-06,-2.100556684999582e-07
161.0,-7.445463065390095e-06,-2.143211720502447e-07
162.0,-7.601660023881101e-06,-2.1605088296786493e-07
163.0,-7.754844565596089e-06,-2.1437685866669942e-07
164.0,-7.90166364120885e-06,-2.0953705049789923e-07
165.0,-8.040067641743194e-06,-2.0119760924075708e-07
166.0,-8.168653008269203e-06,-1.8932335282553513e-07
167.0,-8.283405668853861e-06,-1.7462710417759867e-07
168.0,-8.383911870404454e-06,-1.5770432816142698e-07
169.0,-8.46578588322181e-06,-1.380073066177356e-07
170.0,-8.532925865145616e-06,-1.1680358750933627e-07
171.0,-8.595762314532518e-06,-9.651387312398506e-08
172.0,-8.626390330944799e-06,-7.281957905526102e-08
173.0,-8.662260093589242e-06,-5.0657880491116735e-08
174.0,-8.679497733411555e-06,-2.8837412023396858e-08
175.0,-8.679701013713835e-06,-8.001724897182985e-09
176.0,-8.673000916420565e-06,8.768439989040572e-09
177.0,-8.664194530045962e-06,2.693943456132203e-08
178.0,-8.646823784266892e-06,4.146073577490324e-08
179.0,-8.62554196660285e-06,5.2253702186990395e-08
180.0,-8.598655988948845e-06,6.072845240264434e-08
181.0,-8.566667652180597e-06,6.69097211369891e-08
182.0,-8.5299950248443e-06,7.095412506301494e-08
183.0,-8.487827496559839e-06,7.259694499958602e-08
184.0,-8.441213445676994e-06,7.218494135629961e-08
185.0,-8.388928566456736e-06,6.933266241561091e-08
186.0,-8.332402781779817e-06,6.494453832407026e-08
187.0,-8.271767927656519e-06,5.826577267795228e-08
188.0,-8.205243080020785e-06,5.03371532372793e-08
189.0,-8.134807782665478e-06,4.06647135272166e-08
190.0,-8.061009280944189e-06,2.9751146335479138e-08
191.0,-7.988029036966486e-06,1.6851737772150444e-08
192.0,-7.91294143041352e-06,2.5768124963398493e-09
193.0,-7.836945385336193e-06,-1.331065504434954e-08
194.0,-7.758819353523158e-06,-2.9695719130606187e-08
195.0,-7.679896112762813e-06,-4.742711776346807e-08
196.0,-7.600757950064424e-06,-6.604766810017906e-08
197.0,-7.521474568740611e-06,-8.546288009059997e-08
198.0,-7.442074860714015e-06,-1.0541758901349799e-07
199.0,-7.362633927801287e-06,-1.2589916195723118e-07
200.0,-7.283630874599721e-06,-1.4652140972064332e-07
201.0,-7.204476425847672e-06,-1.6736145036328637e-07
202.0,-7.123945308518716e-06,-1.877978806880744e-07
203.0,-7.045756016622643e-06,-2.086035536177299e-07
204.0,-6.968261448796511e-06,-2.2904865230573181e-07
205.0,-6.8920270835346255e-06,-2.4924080073268246e-07
206.0,-6.8158440008590705e-06,-2.681903994670832e-07
207.0,-6.740699475581072e-06,-2.8628893400714795e-07
208.0,-6.667678160509825e-06,-3.032437841577899e-07
209.0,-6.596057236201798e-06,-3.1873148938876334e-07
210.0,-6.526491347354192e-06,-3.323043986092792e-07
211.0,-6.459854928369156e-06,-3.441755776572085e-07
212.0,-6.396829170751258e-06,-3.538203460640216e-07
213.0,-6.336577886176756e-06,-3.610732380170075e-07
214.0,-6.280525300993815e-06,-3.6559003379317377e-07
215.0,-6.230695962587948e-06,-3.679110209395415e-07
216.0,-6.186583220740114e-06,-3.672589434640054e-07
217.0,-6.147858843252556e-06,-3.6355446653457985e-07
218.0,-6.11610603771272e-06,-3.569466591588452e-07
219.0,-6.088930872852929e-06,-3.469486323424394e-07
220.0,-6.068141061614758e-06,-3.3386397142002554e-07
221.0,-6.053978799637727e-06,-3.179843817209586e-07
222.0,-6.045744847004997e-06,-2.990678684493e-07
223.0,-6.043698033487395e-06,-2.7765218392931815e-07
224.0,-6.0483111171025526e-06,-2.540048473316596e-07
225.0,-6.057212438035059e-06,-2.2796366264810094e-07
226.0,-6.070255675889798e-06,-1.9981376386104767e-07
227.0,-6.086639725673434e-06,-1.697090271759772e-07
228.0,-6.1062400247502616e-06,-1.3796102032182328e-07
229.0,-6.1300111657752955e-06,-1.0538208681705835e-07
230.0,-6.1569783336984055e-06,-7.205776178887194e-08
231.0,-6.182302528225003e-06,-3.734624489757894e-08
232.0,-6.207999562188663e-06,-2.041127816627611e-09
233.0,-6.234030922910889e-06,3.3737596120991494e-08
234.0,-6.2595019091610735e-06,6.945712559300859e-08
235.0,-6.284211124571492e-06,1.0521357515999e-07
236.0,-6.30902083629453e-06,1.4041232500935544e-07
237.0,-6.331942063623214e-06,1.7511720244399605e-07
238.0,-6.3532507871081925e-06,2.0946473869053308e-07
239.0,-6.373087677409871e-06,2.4277878243468803e-07
240.0,-6.390373072145638e-06,2.75376055656171e-07
241.0,-6.40353012222885e-06,3.0736587511928304e-07
242.0,-6.41612861546938e-06,3.3804711694016756e-07
243.0,-6.4269744869133e-06,3.6728413300146256e-07
244.0,-6.433851090313085e-06,3.957030662104442e-07
245.0,-6.437335483927093e-06,4.230191377050345e-07
246.0,-6.439085653318149e-06,4.488356779035645e-07
247.0,-6.437324583175538e-06,4.7340248048203e-07
248.0,-6.432136629964622e-06,4.968911330566306e-07
249.0,-6.42335130056361e-06,5.189779153618232e-07
250.0,-6.411326320667237e-06,5.397678127839077e-07
251.0,-6.395345324406348e-06,5.59223767988811e-07
252.0,-6.3756445627113705e-06,5.773993868457305e-07
253.0,-6.340616551918776e-06,5.928363750429983e-07
254.0,-6.319321696663068e-06,6.105843457566493e-07
255.0,-6.278769739207082e-06,6.238495346880189e-07
256.0,-6.240353806693122e-06,6.36925554215017e-07
257.0,-6.199934496673267e-06,6.484725822016837e-07
258.0,-6.154224818712677e-06,6.59054072072436e-07
259.0,-6.1036579816022485e-06,6.682355055894386e-07
260.0,-6.050493633908086e-06,6.759404608729886e-07
261.0,-5.993199513290305e-06,6.822656151095216e-07
262.0,-5.933797616305545e-06,6.873277985212882e-07
263.0,-5.871032339881499e-06,6.912760268415769e-07
264.0,-5.804786710716567e-06,6.944817196954478e-07
265.0,-5.73726466741624e-06,6.964058652517002e-07
266.0,-5.6692366893624525e-06,6.973965213177416e-07
267.0,-5.607370812773919e-06,6.982592701320689e-07
268.0,-5.551220629495224e-06,6.977876667437655e-07
269.0,-5.4812554078020285e-06,6.96523950425746e-07
270.0,-5.415901149238503e-06,6.944248619209077e-07
271.0,-5.353546839906676e-06,6.928074875436138e-07
272.0,-5.288707218234863e-06,6.909543806431947e-07
273.0,-5.223336715982067e-06,6.885522598019455e-07
274.0,-5.158473584537021e-06,6.860761678371708e-07
275.0,-5.092840169571449e-06,6.834343955982875e-07
276.0,-5.027330058033992e-06,6.80810086089707e-07
277.0,-4.962101786534884e-06,6.779335658384687e-07
278.0,-4.898608923589725e-06,6.749785061931468e-07
279.0,-4.833718474600987e-06,6.721357780751884e-07
280.0,-4.769342607036167e-06,6.695456348223045e-07
281.0,-4.70653069333038e-06,6.664901348924733e-07
282.0,-4.6458971801877984e-06,6.632775824879059e-07
283.0,-4.583113771213832e-06,6.604831876565462e-07
284.0,-4.520996699410103e-06,6.579385809748998e-07
285.0,-4.459688307057018e-06,6.551246092284997e-07
286.0,-4.399178048672763e-06,6.524671972852457e-07
287.0,-4.338611647817025e-06,6.497396184746301e-07
288.0,-4.279055610167851e-06,6.470352753945515e-07
289.0,-4.219303544605825e-06,6.442000778428974e-07
290.0,-4.160968987089413e-06,6.413054258574078e-07
291.0,-4.101724787308842e-06,6.383496706403593e-07
292.0,-4.042912296718294e-06,6.354246930270654e-07
293.0,-3.985177134626572e-06,6.319872603316709e-07
294.0,-3.929022832839547e-06,6.281559780312265e-07
295.0,-3.871183665087391e-06,6.244282953380533e-07
296.0,-3.8136790528615073e-06,6.205924455069716e-07
297.0,-3.7568313971477196e-06,6.162740335760717e-07
298.0,-3.700042426458449e-06,6.118381136555369e-07
299.0,-3.6422811381490827e-06,6.072693687157997e-07
300.0,-3.5853011751950665e-06,6.024040884754381e-07
301.0,-3.5277471210663225e-06,5.972184448742516e-07
302.0,-3.4707557918450735e-06,5.918665209926158e-07
303.0,-3.413550754376283e-06,5.862034204671456e-07
304.0,-3.354974705454438e-06,5.803130066990133e-07
305.0,-3.286160462258939e-06,5.716053864360502e-07
306.0,-3.236826397065996e-06,5.670682762519833e-07
307.0,-3.168070429536783e-06,5.585001522953394e-07
308.0,-3.1184402022846403e-06,5.539933736815651e-07
309.0,-3.062439251805075e-06,5.47749077195728e-07
310.0,-3.0046454086297105e-06,5.407861063920033e-07
311.0,-2.933166378820343e-06,5.307202399438975e-07
312.0,-2.872069049304967e-06,5.224972825775494e-07
313.0,-2.8257810760458428e-06,5.173660697415562e-07
314.0,-2.77181042396695e-06,5.102483439631924e-07
315.0,-2.701803960737432e-06,4.993804147095195e-07
316.0,-2.655240561507079e-06,4.935915712235793e-07
317.0,-2.58751614873885e-06,4.830146511725942e-07
318.0,-2.5297456618396973e-06,4.741614419573245e-07
319.0,-2.470822379798704e-06,4.6545817041656675e-07
320.0,-2.427294329582597e-06,4.6052574341089666e-07
321.0,-2.3619004193296255e-06,4.500729979427914e-07
322.0,-2.3042920350385816e-06,4.410809529854301e-07
323.0,-2.2476232577386117e-06,4.327165713799454e-07
324.0,-2.2042889616498923e-06,4.2795670598049685e-07
325.0,-2.155228740561571e-06,4.2044203347390725e-07
326.0,-2.10501175399992e-06,4.1218404046813274e-07
327.0,-2.0428608055612343e-06,4.0066232498449867e-07
328.0,-2.000426461621444e-06,3.9458855650213743e-07
329.0,-1.9535632757135267e-06,3.872069062729908e-07
330.0,-1.9061554925219412e-06,3.7925344729586175e-07
331.0,-1.858210937242073e-06,3.7131661484612595e-07
332.0,-1.812081896453924e-06,3.63320532273165e-07
333.0,-1.767814648425664e-06,3.5506401154777626e-07
334.0,-1.71067650019028e-06,3.438671191584036e-07
335.0,-1.6731145149551762e-06,3.384155994036636e-07
336.0,-1.6313442976511771e-06,3.3128032122585407e-07
337.0,-1.589174129868194e-06,3.2389108378022246e-07
338.0,-1.5452732539095606e-06,3.169895262117183e-07
339.0,-1.5026039515473153e-06,3.094578359215294e-07
340.0,-1.461018522982105e-06,3.020986594664302e-07
341.0,-1.42141072156595e-06,2.950110726477452e-07
342.0,-1.3693604292423017e-06,2.8466518972169736e-07
343.0,-1.3380278717487262e-06,2.796569179282452e-07
344.0,-1.3014965606864317e-06,2.7331577307993734e-07
345.0,-1.2639684603621183e-06,2.665452776232621e-07
346.0,-1.2283002799961036e-06,2.59288517526582e-07
347.0,-1.1913261917021539e-06,2.5279744256482716e-07
348.0,-1.1538045712575487e-06,2.4630587627258823e-07
349.0,-1.1170882912600265e-06,2.398770478355257e-07
350.0,-1.0819517066450051e-06,2.3365323027433832e-07
351.0,-1.0450695781406292e-06,2.2767901478436292e-07
352.0,-1.0122911662927318e-06,2.215316549612865e-07
353.0,-9.782876050436125e-07,2.152872107387155e-07
354.0,-9.45510627417498e-07,2.0932768461049264e-07
355.0,-9.128575743701195e-07,2.0333803999296029e-07
356.0,-8.808967502779128e-07,1.9773564128280674e-07
357.0,-8.488635917883271e-07,1.9199455736974534e-07
358.0,-8.192347589452925e-07,1.8610069598030181e-07
359.0,-7.886121774113054e-07,1.8071223264666985e-07
360.0,-7.582715783585397e-07,1.752761318016441e-07
361.0,-7.286175650582297e-07,1.6993228212687982e-07
362.0,-6.990099516315911e-07,1.6487408808556917e-07
363.0,-6.681094673859273e-07,1.602720014184835e-07
364.0,-6.395752593875521e-07,1.552481267571513e-07
365.0,-6.116592340019823e-07,1.5026412742259902e-07
366.0,-5.845971848409849e-07,1.455324109267303e-07
367.0,-5.579655242241993e-07,1.4074725882204764e-07
368.0,-5.322335007229187e-07,1.360872556324806e-07
369.0,-5.067586132149054e-07,1.3139177343836418e-07
370.0,-4.824999587242766e-07,1.2671833505498626e-07
371.0,-4.586045548950422e-07,1.2236131285595635e-07
372.0,-4.3523566821317377e-07,1.1788051081019209e-07
373.0,-4.113358646056174e-07,1.1355743703882172e-07
374.0,-3.8909591685017096e-07,1.0955529373126698e-07
375.0,-3.689511124893659e-07,1.0478895600244769e-07
376.0,-3.48454116444791e-07,1.0035158419096755e-07
377.0,-3.2787395110327753e-07,9.637746608843311e-08
378.0,-3.081479642910756e-07,9.219167928946375e-08
379.0,-2.8926183574102473e-07,8.800144243383345e-08
380.0,-2.70930469987288e-07,8.388954802619983e-08
381.0,-2.5272971655336603e-07,7.982025628620289e-08
382.0,-2.353834330566436e-07,7.585142570110431e-08
383.0,-2.1816995871964608e-07,7.194902630166836e-08
384.0,-2.0168022343885524e-07,6.808625409428485e-08
385.0,-1.84632405796548e-07,6.44280852930575e-08
386.0,-1.6893997593564736e-07,6.074559138988288e-08
387.0,-1.528550180338803e-07,5.71685328280501e-08
388.0,-1.373579020291173e-07,5.377833015814467e-08
389.0,-1.217909432639246e-07,5.041066601691145e-08
390.0,-1.0678891530029441e-07,4.748741412534978e-08
391.0,-9.140492994501368e-08,4.4317088621990905e-08
392.0,-7.672254958729646e-08,4.117800223637802e-08
393.0,-6.251783118048835e-08,3.8114519188541054e-08
394.0,-4.8601199423556615e-08,3.5364431984837134e-08
395.0,-3.4899240483339854e-08,3.266205742916444e-08
396.0,-2.1491300333660946e-08,3.002325901954173e-08
397.0,-8.077201727824736e-09,2.7402853365079568e-08
398.0,4.1960710664016386e-09,2.4814626999384013e-08
399.0,1.6614301995300684e-08,2.2276811028984562e-08
400.0,2.8218222711192665e-08,1.980047520159967e-08
401.0,3.9742809326128274e-08,1.7368115202687997e-08
402.0,5.03101535166271e-08,1.492191852134945e-08
403.0,6.110279498469861e-08,1.2690644787337222e-08
404.0,7.153383895133908e-08,1.0393585540754054e-08
405.0,8.22753340424738e-08,8.125707653996412e-09
406.0,9.182452158756786e-08,6.010503438061304e-09
407.0,1.009451446769031e-07,3.803142361235435e-09
408.0,1.0910032226394193e-07,1.5114024459046095e-09
409.0,1.1741433416465073e-07,-7.354827336573749e-10
410.0,1.2477014014169665e-07,-2.944743064065784e-09
411.0,1.3341030541956503e-07,-4.895381730455052e-09
412.0,1.4099793423354115e-07,-6.754311483729433e-09
413.0,1.4848140512158475e-07,-8.637416969304456e-09
414.0,1.5617098324822377e-07,-1.0314271268390583e-08
415.0,1.6259758487904982e-07,-1.2172832795029059e-08
416.0,1.667871916706171e-07,-1.4266439577057336e-08
417.0,1.7394987159698308e-07,-1.58480432739769e-08
418.0,1.8150088408077365e-07,-1.6970257688699502e-08
419.0,1.8731396318166062e-07,-1.8627215877649927e-08
420.0,1.9284549261760607e-07,-2.0142663511317896e-08
421.0,1.9904746524940243e-07,-2.1310663544651327e-08
422.0,2.0432161688008516e-07,-2.258037377802988e-08
423.0,2.0938174992929332e-07,-2.396384416915288e-08
424.0,2.141798868734835e-07,-2.5231915371530045e-08
425.0,2.1922287980293582e-07,-2.636773686619151e-08
426.0,2.238364085890115e-07,-2.7522050290825493e-08
427.0,2.2881602817472307e-07,-2.856227101491224e-08
428.0,2.332153323406076e-07,-2.9568119352949592e-08
429.0,2.367452494174379e-07,-3.077214913093894e-08
430.0,2.423133209769216e-07,-3.1427312059713786e-08
431.0,2.48883177023021e-07,-3.176372420626813e-08
432.0,2.5234614067946826e-07,-3.271609934058196e-08
433.0,2.563617913658044e-07,-3.356945925458078e-08
434.0,2.6044379714941055e-07,-3.4211010259479495e-08
435.0,2.6426213839025427e-07,-3.49572848158558e-08
436.0,2.676771372423271e-07,-3.556903261629057e-08
437.0,2.7104775736664763e-07,-3.619913470988169e-08
438.0,2.737962555712005e-07,-3.687181094022876e-08
439.0,2.7671258134984985e-07,-3.747116618995694e-08
440.0,2.788666336500288e-07,-3.8132115314989465e-08
441.0,2.80447820357569e-07,-3.898861111244901e-08
442.0,2.8398856884628595e-07,-3.92635925477802e-08
443.0,2.8583539904560516e-07,-3.995751372189344e-08
444.0,2.871187214533594e-07,-4.070419467741587e-08
445.0,2.8886565054003116e-07,-4.1312659019513516e-08
446.0,2.9042711159955606e-07,-4.181625055656201e-08
447.0,2.9147091028984813e-07,-4.255535409492466e-08
448.0,2.922205085892273e-07,-4.310653131885692e-08
449.0,2.9320958669488603e-07,-4.3657367670560045e-08
450.0,2.9370043113451213e-07,-4.414255235927041e-08
451.0,2.9454453592426846e-07,-4.464294423631618e-08
452.0,2.9494968543012084e-07,-4.494754373407232e-08
453.0,2.9632485281010037e-07,-4.539971707466246e-08
454.0,2.9749180741176033e-07,-4.5471566426950774e-08
455.0,2.9983325696413177e-07,-4.545328840343543e-08
456.0,2.977538187088455e-07,-4.624934528634877e-08
457.0,2.980059673789667e-07,-4.6579044645482394e-08
458.0,2.9796274476555696e-07,-4.679490970057182e-08
459.0,2.978934051561462e-07,-4.702582201938087e-08
460.0,2.9778696473541896e-07,-4.723013048619916e-08
461.0,2.9832160138260025e-07,-4.724321782709131e-08
462.0,2.9831888139173834e-07,-4.7272229159146014e-08
463.0,2.983653803389685e-07,-4.7286989789137926e-08
464.0,2.9814652270971185e-07,-4.7194281484291054e-08
465.0,2.9820886213574393e-07,-4.717710898558041e-08
466.0,2.9686078955143605e-07,-4.738944405924505e-08
467.0,2.9628070177616446e-07,-4.733631014617011e-08
468.0,2.9633164946706927e-07,-4.706734019214719e-08
469.0,2.950373638646199e-07,-4.7201315441239366e-08
470.0,2.946510723939341e-07,-4.704883752869964e-08
471.0,2.943593293149626e-07,-4.694335600011878e-08
472.0,2.934067005351243e-07,-4.6863775500578743e-08
473.0,2.9182656131174963e-07,-4.6978953079830183e-08
474.0,2.8839057302280394e-07,-4.7524291663311103e-08
475.0,2.874120322019411e-07,-4.74721608399532e-08
476.0,2.863058926767546e-07,-4.7369520586147255e-08
477.0,2.8547194820754345e-07,-4.732282699162271e-08
478.0,2.8426442352543427e-07,-4.7253549296246014e-08
479.0,2.831333283205423e-07,-4.7227927973425137e-08
480.0,2.8175527475321485e-07,-4.717713097972396e-08
481.0,2.80142789175457e-07,-4.723299342446556e-08
482.0,2.7866762754028575e-07,-4.718539272412781e-08
483.0,2.776786557692451e-07,-4.707673961553576e-08
484.0,2.766600678809542e-07,-4.681052361639315e-08
485.0,2.7437499406036475e-07,-4.692544094240299e-08
486.0,2.7091298048939557e-07,-4.7285212127283116e-08
487.0,2.689630939170933e-07,-4.732101155912713e-08
488.0,2.678413396955977e-07,-4.705372941514818e-08
489.0,2.6670080620714364e-07,-4.688515623135927e-08
490.0,2.65209560350147e-07,-4.671385351701073e-08
491.0,2.642048406517176e-07,-4.6499597537463356e-08
492.0,2.616087124377247e-07,-4.6607885504426486e-08
493.0,2.589364607750431e-07,-4.676700892247048e-08
494.0,2.5631983412745383e-07,-4.688348999000443e-08
495.0,2.551681953561121e-07,-4.6641616376894786e-08
496.0,2.526133762053075e-07,-4.658622716001433e-08
497.0,2.498851789867386e-07,-4.674693869072133e-08
498.0,2.4862482587127465e-07,-4.654902183023493e-08
499.0,2.475822731767965e-07,-4.618678528036763e-08
500.0,2.436923251814494e-07,-4.645112063225172e-08
501.0,2.413928577737488e-07,-4.646239301928451e-08
502.0,2.394029437103073e-07,-4.629974963649255e-08
503.0,2.3796734759738393e-07,-4.606305172492366e-08
504.0,2.3602990283549884e-07,-4.583671170230387e-08
505.0,2.339537177614014e-07,-4.566305428736161e-08
506.0,2.317147851059929e-07,-4.553164830662448e-08
507.0,2.2951324188162088e-07,-4.538031772672269e-08
508.0,2.269024887315403e-07,-4.5275993355539633e-08
509.0,2.2491317981877517e-07,-4.5058850096646246e-08
510.0,2.2411062020964048e-07,-4.4558349083605755e-08
511.0,2.2054883038274718e-07,-4.470230067227601e-08
512.0,2.157666825474015e-07,-4.5178163853562445e-08
513.0,2.1375926257232965e-07,-4.498582094076143e-08
514.0,2.1127065261780746e-07,-4.4717773566143866e-08
515.0,2.092039733245822e-07,-4.4507067615248424e-08
516.0,2.0659243101459136e-07,-4.430738434895126e-08
517.0,2.044937972277354e-07,-4.4066656036009796e-08
518.0,2.0203420952053747e-07,-4.384697934404701e-08
519.0,1.9996645148216792e-07,-4.360331721537041e-08
520.0,1.971136574112593e-07,-4.3452418837037785e-08
521.0,1.9537390108866727e-07,-4.31260534982616e-08
522.0,1.9488838253262618e-07,-4.239799505484619e-08
523.0,1.9287388350744554e-07,-4.221010975052202e-08
524.0,1.8952176266087618e-07,-4.206452588979496e-08
525.0,1.8902887940051352e-07,-4.141627994112626e-08
526.0,1.878281892274628e-07,-4.089606639713774e-08
527.0,1.8579927346253938e-07,-4.0558746823367136e-08
528.0,1.8369826350632653e-07,-4.010920721903748e-08
529.0,1.8219646942861009e-07,-3.9614729708704795e-08
530.0,1.8012311760607778e-07,-3.917304906137091e-08
531.0,1.7847003162284944e-07,-3.8687794755369294e-08
532.0,1.7629303470024793e-07,-3.822241893990988e-08
533.0,1.743010249492659e-07,-3.7761131616536735e-08
534.0,1.7192206889235967e-07,-3.7319897740273546e-08
535.0,1.6997079116216958e-07,-3.68297981096473e-08
536.0,1.6525896025314831e-07,-3.68765305268874e-08
537.0,1.6238894299872349e-07,-3.6568934925944555e-08
538.0,1.5951393616500261e-07,-3.6217451119096916e-08
539.0,1.5686195978395777e-07,-3.583440408147856e-08
540.0,1.5334167844815417e-07,-3.5602370523798414e-08
541.0,1.5023612977812556e-07,-3.536854291964389e-08
542.0,1.4686468175510858e-07,-3.516144159430089e-08
543.0,1.432238807256815e-07,-3.513796151188122e-08
544.0,1.4031716984083825e-07,-3.486444164658323e-08
545.0,1.3911460192040143e-07,-3.4265233900051645e-08
546.0,1.3614252765909426e-07,-3.399244712508577e-08
547.0,1.3460277682219806e-07,-3.34454045943523e-08
548.0,1.3222390643002863e-07,-3.3013051480171754e-08
549.0,1.302492527389637e-07,-3.268377459264977e-08
550.0,1.2623589099075045e-07,-3.269524584956325e-08
551.0,1.2386349504973584e-07,-3.232993998597799e-08
552.0,1.216842451002209e-07,-3.188197821172551e-08
553.0,1.1900986600626296e-07,-3.1518941733562075e-08
554.0,1.1609428563397634e-07,-3.1230044983734843e-08
555.0,1.1340014592660333e-07,-3.101627734492942e-08
556.0,1.1031722661897263e-07,-3.071212759642489e-08
557.0,1.0751866142991578e-07,-3.045441484718638e-08
558.0,1.0434124625256185e-07,-3.02265632913864e-08
559.0,1.0186722388449905e-07,-2.99534131136053e-08
560.0,9.904189486417587e-08,-2.9653616575387773e-08
561.0,9.66913259316045e-08,-2.9302771986054722e-08
562.0,9.421855306476262e-08,-2.8911076565394262e-08
563.0,9.22958820355096e-08,-2.8526461513209608e-08
564.0,8.974400392999665e-08,-2.8090737537556264e-08
565.0,8.790448658492684e-08,-2.7752701174832022e-08
566.0,8.542352066088133e-08,-2.7374865428941305e-08
567.0,8.33654179713544e-08,-2.702507590181948e-08
568.0,8.123750620404318e-08,-2.6612334740237866e-08
569.0,7.96965266431962e-08,-2.616723488454854e-08
570.0,7.794336248289057e-08,-2.568611114437543e-08
571.0,7.637298555479729e-08,-2.5152893976900316e-08
572.0,7.446699739363436e-08,-2.4651651567917568e-08
573.0,7.156066279225603e-08,-2.4547085621866707e-08
574.0,7.098225502808902e-08,-2.3774444732676966e-08
575.0,7.167291872349473e-08,-2.27173700795107e-08
576.0,6.999017420739503e-08,-2.213479961673864e-08
577.0,6.871190406148487e-08,-2.1626974094679418e-08
578.0,6.743747890068665e-08,-2.094542861957825e-08
579.0,6.63421183954446e-08,-2.0401219997015204e-08
580.0,6.405593223376461e-08,-1.9970236689518094e-08
581.0,6.100497843450594e-08,-1.9464225839685913e-08
582.0,5.788128159293573e-08,-1.948112805899789e-08
583.0,5.669856688363244e-08,-1.907137932296574e-08
584.0,5.438455929719487e-08,-1.8376078853379444e-08
585.0,5.286176221516339e-08,-1.807026965229273e-08
586.0,5.108710391032085e-08,-1.7769073028910785e-08
587.0,4.968505456745214e-08,-1.734471010892158e-08
588.0,4.7071748245653675e-08,-1.675183662000994e-08
589.0,4.461370460715989e-08,-1.625109496902626e-08
590.0,4.2478379884457725e-08,-1.610916677219593e-08
591.0,4.025313551803732e-08,-1.6095763154501994e-08
592.0,3.770494476269789e-08,-1.591394743676697e-08
593.0,3.6241251829883016e-08,-1.5588259050768697e-08
594.0,3.3197883941099274e-08,-1.556636437567687e-08
595.0,3.027015271406822e-08,-1.5202690523557567e-08
596.0,2.7903102705832285e-08,-1.5007254387194038e-08
597.0,2.5587597604228737e-08,-1.4975335062637515e-08
598.0,2.3510504688846314e-08,-1.4817043096056026e-08
599.0,2.179711319984629e-08,-1.4174702900729485e-08
600.0,2.026784828634221e-08,-1.392441056047878e-08
601.0,1.8572104187314996e-08,-1.386795439456064e-08
602.0,1.59819487256698e-08,-1.3526839748429449e-08
603.0,1.3097044188255483e-08,-1.3364219802395244e-08
604.0,1.1278755211275596e-08,-1.323093130910569e-08
605.0,1.0613683520531225e-08,-1.284509804357723e-08
606.0,1.0051511473247167e-08,-1.2209808820138528e-08
607.0,8.250046499843778e-09,-1.1803490971648012e-08
608.0,6.0051656160445805e-09,-1.1405034522816558e-08
609.0,5.7219011298691096e-09,-1.115334138476529e-08
610.0,5.246915921198727e-09,-1.0851799809878756e-08
611.0,4.7840207847183494e-09,-1.013472395475752e-08
612.0,1.718670351363647e-09,-9.799409967097044e-09
613.0,-1.7694134073894392e-10,-9.80105003005662e-09
614.0,-1.6609536353183284e-09,-9.627817003120683e-09
615.0,-3.6426663141949444e-09,-9.386101290249944e-09
616.0,-6.609690895718272e-09,-9.469206495348767e-09
617.0,-8.233922307709291e-09,-9.05812668008394e-09
618.0,-9.699579642594502e-09,-8.498185311587196e-09
619.0,-1.0815049809537094e-08,-8.26915607645687e-09
620.0,-1.240021374410949e-08,-8.112532628105024e-09
621.0,-1.354102285528282e-08,-8.02349174102683e-09
622.0,-1.4996943429973303e-08,-7.59052051163955e-09
623.0,-1.6236387381201015e-08,-7.077821157891167e-09
624.0,-1.865931223620224e-08,-6.9502034022419735e-09
625.0,-1.9751939085603662e-08,-6.95259844377607e-09
626.0,-2.1263116811597708e-08,-6.9456133847201185e-09
627.0,-2.3977247830132906e-08,-7.007472942665627e-09
628.0,-2.434516828174991e-08,-6.355538033667562e-09
629.0,-2.5366308456047448e-08,-5.919851454995029e-09
630.0,-2.5624276706617172e-08,-5.37769644217189e-09
631.0,-2.510146496650686e-08,-4.8541920628366205e-09
632.0,-2.698808746859284e-08,-4.756579449659589e-09
633.0,-2.7702686624471536e-08,-4.731634001644608e-09
634.0,-2.8942371816268083e-08,-4.3995998212749236e-09
635.0,-2.930942960674388e-08,-4.288477472129655e-09
636.0,-3.10918770657135e-08,-4.038245766070136e-09
637.0,-3.111710913562349e-08,-3.5057241028040954e-09
638.0,-3.2039302418698276e-08,-3.442387766679771e-09
639.0,-3.4286921751326925e-08,-3.453063837726524e-09
640.0,-3.530409948080864e-08,-3.004126521930511e-09
641.0,-3.5855437277792e-08,-2.8419673138955956e-09
642.0,-3.71914277420999e-08,-2.51432227343843e-09
643.0,-3.7767877333535265e-08,-2.51086596268312e-09
644.0,-3.822164188492727e-08,-1.91387956386196e-09
645.0,-3.864366853506433e-08,-1.8605157354743914e-09
646.0,-4.069547239747697e-08,-1.704558853286398e-09
647.0,-4.1402062861049896e-08,-1.6607557760703267e-09
648.0,-4.242683763003318e-08,-1.3188920316533555e-09
649.0,-4.197917244435661e-08,-1.294951306869142e-09
650.0,-4.223268332270923e-08,-7.57191239237798e-10
651.0,-4.438415868277723e-08,-1.130027156917298e-09
652.0,-4.825551623023611e-08,-1.4315828790649773e-09
653.0,-4.8593649576999944e-08,-1.3424425524219325e-09
654.0,-4.9689685046476836e-08,-1.0403904606525152e-09
655.0,-5.05379147080895e-08,-1.1631780232871227e-09
656.0,-5.1987690514261425e-08,-9.875866040155132e-10
657.0,-5.326290404482483e-08,-1.2406172522741885e-09
658.0,-5.489645580205489e-08,-1.2091991493926834e-09
659.0,-5.536765626334201e-08,-1.4863357563525032e-09
660.0,-5.692696132124324e-08,-1.4220853563160972e-09
661.0,-5.780498716354066e-08,-1.5057518123959302e-09
662.0,-5.897839122136545e-08,-1.6264433872328662e-09
663.0,-6.027642928214399e-08,-1.8086170468675706e-09
664.0,-6.143602176666579e-08,-1.6357332697744514e-09
665.0,-6.098630319478433e-08,-1.46956087612561e-09
666.0,-6.083618163213856e-08,-1.3257248186542746e-09
667.0,-6.404373013879825e-08,-1.8721936754383477e-09
668.0,-6.488815940135609e-08,-1.9022914526325537e-09
669.0,-6.461050936469267e-08,-1.8398575206570316e-09
670.0,-6.464658949470918e-08,-1.570970087564739e-09
671.0,-6.413655377965675e-08,-1.6806717008899695e-09
672.0,-6.4635829668789e-08,-1.589866931454389e-09
673.0,-6.477689524609576e-08,-1.55048846294448e-09
674.0,-6.498170931563669e-08,-1.249275086393086e-09
675.0,-6.4553959406895e-08,-1.2756047027446755e-09
676.0,-6.398013925490162e-08,-9.248732002593154e-10
677.0,-6.33749477107668e-08,-6.436901817535026e-10
678.0,-6.598791804650193e-08,-8.614449845714158e-10
679.0,-6.574264310008574e-08,-6.514404093409784e-10
680.0,-6.508668041913277e-08,-2.1673398941672427e-10
681.0,-6.498745619288117e-08,-5.8046000843745473e-11
682.0,-6.493346585505559e-08,1.0372815414984897e-10
683.0,-6.456851495109755e-08,3.0495874080642424e-10
684.0,-6.48630323498125e-08,4.775166791022292e-10
685.0,-6.444340905317746e-08,6.773574473528542e-10
686.0,-6.446223721061192e-08,1.0521486519327655e-09
687.0,-6.37147814212762e-08,1.28112582413671e-09
688.0,-6.274514895176558e-08,1.6923920216632694e-09
689.0,-6.037615748305712e-08,2.3554710842529853e-09
690.0,-5.997910922584979e-08,2.651553823927303e-09
691.0,-6.000789583160119e-08,2.7451132686022783e-09
692.0,-6.166895398607577e-08,2.881780164312947e-09
693.0,-6.044815026976116e-08,3.1734543837011482e-09
694.0,-5.999987757972163e-08,3.5242554453477292e-09
695.0,-5.932859993938345e-08,3.8862766130784556e-09
696.0,-5.972853993859982e-08,4.1445392764869705e-09
697.0,-5.974509031945025e-08,4.30998891915532e-09
698.0,-6.027558560024936e-08,4.484083845985288e-09
699.0,-6.045923396257359e-08,4.677133992819897e-09
700.0,-6.043071287415675e-08,5.09319855920879e-09
701.0,-5.938071474065294e-08,5.5725700380806904e-09
702.0,-6.068191724400216e-08,5.471031079276371e-09
703.0,-6.168812308029585e-08,5.4067079379340525e-09
704.0,-6.210667637757e-08,5.6962723385795476e-09
705.0,-6.328435083976712e-08,5.655593022263616e-09
706.0,-6.528447283443116e-08,5.4137323674781224e-09
707.0,-6.527426589433822e-08,5.623545204692513e-09
708.0,-6.547561746910781e-08,5.8121649647337715e-09
709.0,-6.587759056691248e-08,5.968546790816639e-09
710.0,-6.675106722646379e-08,6.040995476580199e-09
711.0,-6.676697384494501e-08,6.200859336762392e-09
712.0,-6.693306034902878e-08,6.4965919168151144e-09
713.0,-6.578836277308664e-08,6.984412316218173e-09
714.0,-6.677946020595142e-08,6.860631915930632e-09
715.0,-6.76519122482554e-08,6.795625902907052e-09
716.0,-6.818968500903853e-08,6.959240228172777e-09
717.0,-6.851805344279582e-08,7.0851057368567255e-09
718.0,-6.90560897613142e-08,7.236600567135825e-09
719.0,-6.896170270698892e-08,7.4176002246843266e-09
720.0,-6.862937609539657e-08,7.750171914684282e-09
721.0,-6.897569297821374e-08,7.758286435674067e-09
722.0,-7.008106259859757e-08,7.666880509228611e-09
723.0,-6.942790297325207e-08,7.980941766844629e-09
724.0,-6.921449030501286e-08,8.30424211720195e-09
725.0,-6.978703102386622e-08,8.382972287358304e-09
726.0,-7.062079859711998e-08,8.428025093107288e-09
727.0,-7.061762941958984e-08,8.566049922779677e-09
728.0,-7.140137999142289e-08,8.749756453821526e-09
729.0,-7.184645916509778e-08,8.87213060540501e-09
730.0,-7.249670156280558e-08,8.946324547039088e-09
731.0,-7.2285540577642e-08,9.143968433659249e-09
732.0,-7.087651887396122e-08,9.628538575893032e-09
733.0,-7.050030352607386e-08,9.790973703141117e-09
734.0,-7.150471665311941e-08,9.773914767232166e-09
735.0,-7.282118638695017e-08,9.644919801761455e-09
736.0,-7.236690021268007e-08,1.0000548471787041e-08
737.0,-7.118565265805363e-08,1.0459200398702583e-08
738.0,-7.012933468469825e-08,1.0824410690196133e-08
739.0,-6.982305420037949e-08,1.1017343893485007e-08
740.0,-6.983345252111025e-08,1.1219902167311739e-08
741.0,-6.931719581612046e-08,1.1502354986156858e-08
742.0,-6.909141677563428e-08,1.1749164561405296e-08
743.0,-6.919691573942594e-08,1.1869369215246297e-08
744.0,-7.056914230465491e-08,1.1732283619207448e-08
745.0,-6.951899410860107e-08,1.2078653368928546e-08
746.0,-6.97729013353758e-08,1.2314767528134092e-08
747.0,-6.964209837383698e-08,1.2556940839890441e-08
748.0,-6.9788935781999e-08,1.2796749833008561e-08
749.0,-6.888221138488589e-08,1.3144174813966529e-08
750.0,-7.053228018908823e-08,1.2911175365852588e-08
751.0,-7.152805306831432e-08,1.2794924975541516e-08
752.0,-7.251341120223428e-08,1.2808183781038053e-08
753.0,-7.269662049017155e-08,1.2877192729114424e-08
754.0,-7.27079145497649e-08,1.3086434492738317e-08
755.0,-7.320001197828488e-08,1.307489044311755e-08
756.0,-7.493004882811182e-08,1.2863470777639085e-08
757.0,-7.341411029939298e-08,1.32550421300109e-08
758.0,-7.214028053166836e-08,1.3662489421243557e-08
759.0,-7.253812702658802e-08,1.360680946939353e-08
760.0,-7.331584596252736e-08,1.3613173421188314e-08
761.0,-7.321221426044273e-08,1.3676568194170496e-08
762.0,-7.336330285136677e-08,1.3720934475110863e-08
763.0,-7.26759035183931e-08,1.3898108305262609e-08
764.0,-7.160570460645053e-08,1.4306606858519894e-08
765.0,-7.213908866079573e-08,1.4199258460004428e-08
766.0,-7.419377156476745e-08,1.378854498157173e-08
767.0,-7.606887508190736e-08,1.3363824859765426e-08
768.0,-7.530478195733351e-08,1.3725751813852648e-08
769.0,-7.406550587943344e-08,1.4074385327679084e-08
770.0,-7.352997003921395e-08,1.431091015190496e-08
771.0,-7.338063212910782e-08,1.432991193535207e-08
772.0,-7.339894877496027e-08,1.4420512258309433e-08
773.0,-7.323683527624798e-08,1.4415354252666504e-08
774.0,-7.299481294944614e-08,1.4531166733844917e-08
775.0,-7.186684552419385e-08,1.4770710082474037e-08
776.0,-6.986714689658038e-08,1.529997921493315e-08
777.0,-6.972998778299671e-08,1.5187465334800726e-08
778.0,-7.01966351492356e-08,1.503973191580739e-08
779.0,-7.102506016408358e-08,1.4724564344908652e-08
780.0,-6.985684801196874e-08,1.5021488202184855e-08
781.0,-6.797201584672507e-08,1.5306508395881628e-08
782.0,-6.7350194555504e-08,1.5400152145967915e-08
783.0,-6.679364460755851e-08,1.5385580642025654e-08
784.0,-6.651129241427869e-08,1.5477399205148946e-08
785.0,-6.610120974371898e-08,1.543338994520755e-08
786.0,-6.553608288567228e-08,1.5492478042673276e-08
787.0,-6.489133056804213e-08,1.5499159963838503e-08
788.0,-6.546090451656708e-08,1.5366911256865576e-08
789.0,-6.479968121683452e-08,1.5340026107131647e-08
790.0,-6.387192528643819e-08,1.5472444039061405e-08
791.0,-6.48612387203704e-08,1.5059411582251498e-08
792.0,-6.385784327562013e-08,1.5233049725727225e-08
793.0,-6.23462867617361e-08,1.537898302927767e-08
794.0,-6.12988198256398e-08,1.5505913381693612e-08
795.0,-6.109614087700454e-08,1.5317723389807235e-08
796.0,-6.09865432245198e-08,1.5270879404545466e-08
797.0,-6.048241038618776e-08,1.5207787712572606e-08
798.0,-6.027869479078892e-08,1.516334588341393e-08
799.0,-6.040178102061746e-08,1.4887620033957598e-08
800.0,-6.144487305022946e-08,1.4575913625150653e-08
801.0,-6.002933606498917e-08,1.4677219031677631e-08
802.0,-5.853242388417197e-08,1.484939981133825e-08
803.0,-5.609381881189936e-08,1.521305539435239e-08
804.0,-5.662488029178148e-08,1.4968899827804953e-08
805.0,-5.651105040622474e-08,1.4711194313603787e-08
806.0,-5.6431587352007023e-08,1.4594208567184604e-08
807.0,-5.55182767780061e-08,1.4583182638958851e-08
808.0,-5.5261954493335144e-08,1.4563395357519554e-08
809.0,-5.461989068884015e-08,1.4512186445094877e-08
810.0,-5.455796022301048e-08,1.4400379130986368e-08
811.0,-5.512207528445643e-08,1.4061559758253378e-08
812.0,-5.666418701686924e-08,1.3650718125551057e-08
813.0,-5.571631858261442e-08,1.3650457448242378e-08
814.0,-5.476684744536966e-08,1.3740183308376694e-08
815.0,-5.315783840568575e-08,1.3944633799278602e-08
816.0,-5.4203166130249744e-08,1.3630480474482857e-08
817.0,-5.501306016301955e-08,1.3240448836096952e-08
818.0,-5.5280788125628065e-08,1.307372230229025e-08
819.0,-5.508049041234255e-08,1.2938828513066202e-08
820.0,-5.527172368120418e-08,1.2857957143204278e-08
821.0,-5.4795148844869396e-08,1.279348211810345e-08
822.0,-5.421593205977505e-08,1.2810326155598998e-08
823.0,-5.404812041271861e-08,1.2580781802226898e-08
824.0,-5.474397215079307e-08,1.2342179679467867e-08
825.0,-5.327031231944334e-08,1.2459879513205136e-08
826.0,-5.0996920860591e-08,1.2853583600358199e-08
827.0,-4.8622769176706505e-08,1.324738866356774e-08
828.0,-4.925360336080053e-08,1.3054576364250284e-08
829.0,-4.982509413145715e-08,1.2728854545627712e-08
830.0,-4.9924339160594545e-08,1.2638935743302615e-08
831.0,-4.971958083667916e-08,1.2516243207530632e-08
832.0,-4.9742439184514654e-08,1.2507578916192932e-08
833.0,-4.991290855860277e-08,1.2393132616548848e-08
834.0,-5.0464772350863337e-08,1.2236507811367375e-08
835.0,-5.1026096391144146e-08,1.1925022584056919e-08
836.0,-5.161490699129769e-08,1.1765229463764444e-08
837.0,-5.082167985130217e-08,1.1815640371455649e-08
838.0,-5.070760532026192e-08,1.1761864607673233e-08
839.0,-5.108712598807919e-08,1.1517322958584212e-08
840.0,-5.121136696575236e-08,1.1449056782933871e-08
841.0,-4.941524103943651e-08,1.168860495538367e-08
842.0,-4.9936165363227694e-08,1.152783215461611e-08
843.0,-4.951529701658834e-08,1.1397617643944287e-08
844.0,-4.9667014232986664e-08,1.1200678635866335e-08
845.0,-5.029346622786223e-08,1.0793560908330658e-08
846.0,-5.009378132532579e-08,1.06735548177657e-08
847.0,-4.892285600104535e-08,1.077961191703649e-08
848.0,-4.888960942899689e-08,1.0755042787152996e-08
849.0,-4.856774230837313e-08,1.0643723415847821e-08
850.0,-4.8893328450985195e-08,1.0476666078745698e-08
851.0,-4.888758934711362e-08,1.032576456106817e-08
852.0,-4.953313704729327e-08,1.0165029461805041e-08
853.0,-4.991490470362065e-08,9.89193205031434e-09
854.0,-5.079257453430624e-08,9.577680076512798e-09
855.0,-5.0863077939807114e-08,9.363389638163573e-09
856.0,-5.156098689757111e-08,9.157081420666198e-09
857.0,-5.148542257803843e-08,9.014512066110399e-09
858.0,-5.141926217962164e-08,8.965128493951044e-09
859.0,-4.9847956871396126e-08,9.212724418562951e-09
860.0,-5.0351771446757995e-08,9.074958219393537e-09
861.0,-5.097592765131695e-08,8.765543272699381e-09
862.0,-5.15944600264939e-08,8.533395462703912e-09
863.0,-5.072894294020155e-08,8.581007776559887e-09
864.0,-5.004081082052719e-08,8.724436935415484e-09
865.0,-4.8344230870120915e-08,8.960699139115877e-09
866.0,-4.7405463472285274e-08,9.151234312978276e-09
867.0,-4.754699105690689e-08,8.983874655135379e-09
868.0,-4.787977437238363e-08,8.88624956828227e-09
869.0,-4.8034160899025944e-08,8.719801647925079e-09
870.0,-4.803217475693013e-08,8.677943294755493e-09
871.0,-4.7163454970067536e-08,8.71607272447734e-09
872.0,-4.6305329196874325e-08,8.949335187355777e-09
873.0,-4.531438549058668e-08,9.066600553516658e-09
874.0,-4.46366591063965e-08,9.251487928206084e-09
875.0,-4.385579302832095e-08,9.38341720423391e-09
876.0,-4.4250563642933966e-08,9.357382070111035e-09
877.0,-4.3615949993704946e-08,9.42912685795857e-09
878.0,-4.181949222318376e-08,9.925253769744064e-09
879.0,-4.164550513579063e-08,9.884012043846879e-09
880.0,-4.223788849438446e-08,9.755612066435732e-09
881.0,-4.111583830245457e-08,9.931739308549585e-09
882.0,-3.96808907696182e-08,1.0266592283977651e-08
883.0,-3.8638396856223366e-08,1.0415812672864124e-08
884.0,-3.8504481297259876e-08,1.0532650763015617e-08
885.0,-3.773178963310083e-08,1.0577197593630742e-08
886.0,-3.7709056899621645e-08,1.0507086685317771e-08
887.0,-3.6668261633721995e-08,1.0631843291458914e-08
888.0,-3.652572339732336e-08,1.0689570211566667e-08
889.0,-3.6455406720259195e-08,1.0565242119414773e-08
890.0,-3.5479299512895234e-08,1.0767668968059826e-08
891.0,-3.303850973466187e-08,1.1212994298404427e-08
892.0,-3.3304620493836564e-08,1.114225598309899e-08
893.0,-3.402283568978354e-08,1.0848087022021009e-08
894.0,-3.439470833797494e-08,1.0743806969083474e-08
895.0,-3.480553928877933e-08,1.0514459569659839e-08
896.0,-3.5626632939095245e-08,1.033219267069537e-08
897.0,-3.391058861073186e-08,1.0566232609437982e-08
898.0,-3.29865271359039e-08,1.070756178517834e-08
899.0,-3.1859115814202044e-08,1.0865314872813767e-08
900.0,-3.151087041175556e-08,1.1005866648300601e-08
901.0,-3.0558878575590205e-08,1.1097195941387762e-08
902.0,-2.953117573072981e-08,1.1314033772798226e-08
903.0,-2.9244973950383083e-08,1.116859870596698e-08
904.0,-2.9467539098218395e-08,1.1071845761129314e-08
905.0,-2.9347375378768433e-08,1.097564755798194e-08
906.0,-2.9076023980057366e-08,1.1040880848523883e-08
907.0,-2.850979952668336e-08,1.1059208912877879e-08
908.0,-2.866425174078972e-08,1.1042100068159879e-08
909.0,-2.7309395472868408e-08,1.1252647029051921e-08
910.0,-2.6750221917973653e-08,1.1377092394245496e-08
911.0,-2.554658534299899e-08,1.1602120301107132e-08
912.0,-2.4686277496348508e-08,1.1813190379940113e-08
913.0,-2.5078003669958115e-08,1.159364646721393e-08
914.0,-2.5967553369106413e-08,1.1436355800666216e-08
915.0,-2.570767449342855e-08,1.139064208153962e-08
916.0,-2.5814768345458072e-08,1.1370323527770542e-08
917.0,-2.6133645635732393e-08,1.122483518132889e-08
918.0,-2.6392374981282083e-08,1.120742724377428e-08
919.0,-2.707281391695029e-08,1.0980215835939208e-08
920.0,-2.9343179942617135e-08,1.0506068537520304e-08
921.0,-2.9585288765680107e-08,1.037050012904333e-08
922.0,-2.961564928042951e-08,1.0390840237628038e-08
923.0,-2.9187266950167193e-08,1.0433299192312017e-08
924.0,-2.888979743821747e-08,1.0553421345685821e-08
925.0,-2.7726697833458507e-08,1.0733341321548315e-08
926.0,-2.8799776326859828e-08,1.0482687834084469e-08
927.0,-2.9420408666410294e-08,1.021822405693479e-08
928.0,-2.959428906844756e-08,1.021602380207511e-08
929.0,-2.8814285594370564e-08,1.0364124865479233e-08
930.0,-2.8332992490143457e-08,1.0564162525594348e-08
931.0,-2.7787642124276213e-08,1.0631234633363951e-08
932.0,-2.6197549376706034e-08,1.1114832897586696e-08
933.0,-2.7255573927579218e-08,1.0820725333049475e-08
934.0,-2.972844257636533e-08,1.0291983587411436e-08
935.0,-2.9897875507630065e-08,1.0258893803994719e-08
936.0,-3.0440076594422475e-08,1.0262936222835987e-08
937.0,-3.104757099683044e-08,1.0139670545163856e-08
938.0,-3.210504589733349e-08,1.0059940228787604e-08
939.0,-3.250309445856936e-08,1.0034947201788958e-08
940.0,-3.2823512244160834e-08,1.0158344161514355e-08
941.0,-3.262627531074009e-08,1.0297920596854833e-08
942.0,-3.480209378606915e-08,9.969293486672316e-09
943.0,-3.616560263083254e-08,9.701157505854224e-09
944.0,-3.7704273711750386e-08,9.545100359760324e-09
945.0,-3.8352664119621035e-08,9.442687856328335e-09
946.0,-3.9423030371888106e-08,9.296509760411056e-09
947.0,-4.028547660051703e-08,9.112023777454248e-09
948.0,-4.013414025081945e-08,9.307463813431227e-09
949.0,-3.9229797887082954e-08,9.513671157304895e-09
950.0,-3.867079827544618e-08,9.685389677273008e-09
951.0,-3.8695167354166816e-08,9.577938792106656e-09
952.0,-3.820993528090709e-08,9.772639429002436e-09
953.0,-3.679227295206821e-08,1.0052359338393686e-08
954.0,-3.682004009917562e-08,1.0030461452045912e-08
955.0,-3.5861351723931646e-08,1.0130393611720537e-08
956.0,-3.5869513557594844e-08,1.0219811701366709e-08
957.0,-3.6355255093182394e-08,1.0053879330486339e-08
958.0,-3.5112149310907237e-08,1.0390048909522986e-08
959.0,-3.340437899809617e-08,1.0760871918235671e-08
960.0,-3.168994368501678e-08,1.1301128034811733e-08
961.0,-3.230831630309498e-08,1.1098927479590482e-08
962.0,-3.247424913872949e-08,1.1114362750570483e-08
963.0,-3.237395812591408e-08,1.1030136975766368e-08
964.0,-3.2187387442373224e-08,1.1168564099412206e-08
965.0,-3.1550501892402506e-08,1.1320919250548263e-08
966.0,-3.149438520704083e-08,1.1414265213989246e-08
967.0,-3.126727560255191e-08,1.1397207927872287e-08
968.0,-3.147438850968983e-08,1.1437448336856254e-08
969.0,-3.111026447783067e-08,1.1381525015599435e-08
970.0,-3.125382511177967e-08,1.1372997576299487e-08
971.0,-3.1516260001530436e-08,1.1197006551510136e-08
972.0,-3.211380581962774e-08,1.1058101777127032e-08
973.0,-3.239452222529971e-08,1.0816141283219496e-08
974.0,-3.276714712416582e-08,1.0697520102044872e-08
975.0,-3.275223735947843e-08,1.0570698873137499e-08
976.0,-3.298008142258359e-08,1.048539171321113e-08
977.0,-3.285527613547623e-08,1.0346083645036693e-08
978.0,-3.2905727304896444e-08,1.0263909370967192e-08
979.0,-3.2700610712233964e-08,1.01126268653335e-08
980.0,-3.2812472047754005e-08,1.007168948547885e-08
981.0,-3.234602076262975e-08,1.0019878015374363e-08
982.0,-3.12347657206393e-08,1.0203406988795886e-08
983.0,-3.152338836083319e-08,9.957044500240581e-09
984.0,-3.2195240529290436e-08,9.755731940761214e-09
985.0,-3.088655475748599e-08,9.86540738857043e-09
986.0,-3.081691776680829e-08,9.805388012312642e-09
987.0,-3.189407362286595e-08,9.337118666333217e-09
988.0,-3.1368350602881225e-08,9.409829870189488e-09
989.0,-3.105427215264233e-08,9.313688120218749e-09
990.0,-3.087621160110191e-08,9.26983775940924e-09
991.0,-3.077568494375797e-08,9.130938136261733e-09
992.0,-3.05131258347201e-08,9.184360653103328e-09
993.0,-3.0037567513196826e-08,9.099354874680863e-09
994.0,-2.9806883861602e-08,9.047655711825092e-09
995.0,-2.9783639856934072e-08,8.85614362386622e-09
996.0,-2.9350526592812132e-08,8.9080289967903e-09
997.0,-2.7192373910349718e-08,9.25081444935598e-09
998.0,-2.7125055760157493e-08,9.178955843896548e-09
999.0,-2.697081750690867e-08,8.962870276707668e-09
1000.0,-2.80235550095344e-08,8.569157414094805e-09
1001.0,-2.6572735017707966e-08,8.703427763688827e-09
1002.0,-2.5707065503356288e-08,8.79413673036241e-09
1003.0,-2.4985528877188698e-08,8.725736474371113e-09
1004.0,-2.527213531233358e-08,8.592474480417435e-09
1005.0,-2.5460736007773606e-08,8.362222082104873e-09
1006.0,-2.6143466151507805e-08,8.097035305291973e-09
1007.0,-2.7502334731072477e-08,7.634039575256555e-09
1008.0,-2.7049688932572155e-08,7.741378355033816e-09
1009.0,-2.616384562983882e-08,7.83136163012009e-09
1010.0,-2.5541955958551902e-08,7.986276798058637e-09
1011.0,-2.7068031698533898e-08,7.565767731813457e-09
1012.0,-2.9374013545432324e-08,7.0888354034623426e-09
1013.0,-3.091167486521055e-08,6.68697748333136e-09
1014.0,-3.2129160614347095e-08,6.44598465358633e-09
1015.0,-3.320449720163994e-08,6.145496342209987e-09
1016.0,-3.501786967099943e-08,5.850497535297473e-09
1017.0,-3.585713684449592e-08,5.592090410228999e-09
1018.0,-3.920659932167124e-08,4.838775485722521e-09
1019.0,-4.0288696846841134e-08,4.497188402751697e-09
1020.0,-4.131020778738073e-08,4.2969831362563345e-09
1021.0,-4.1582525928656735e-08,4.094166555179497e-09
1022.0,-4.201048834111799e-08,3.983364967218055e-09
1023.0,-4.161396494520151e-08,3.896121670834505e-09
1024.0,-4.166932495428759e-08,3.905458285358627e-09
1025.0,-4.130023191744745e-08,3.889374182519108e-09
1026.0,-4.1884936463415425e-08,3.7042530294140707e-09
1027.0,-4.1211849263639415e-08,3.749397344858758e-09
1028.0,-4.0322233787372195e-08,4.0801385650929636e-09
1029.0,-4.090746102616541e-08,3.893791051423257e-09
1030.0,-4.265102614285798e-08,3.4909171856838666e-09
1031.0,-4.216611166951646e-08,3.554265639397419e-09
1032.0,-4.188867631784606e-08,3.725669261359777e-09
1033.0,-4.208227608023504e-08,3.6340269686259716e-09
1034.0,-4.26252876805606e-08,3.6201116219896324e-09
1035.0,-4.243165060401127e-08,3.668505331671049e-09
1036.0,-4.295133880289131e-08,3.6726365664341303e-09
1037.0,-4.304645772569375e-08,3.6707837771909272e-09
1038.0,-4.338723548032218e-08,3.696482029800848e-09
1039.0,-4.369768995061799e-08,3.6900359118905453e-09
1040.0,-4.4126475805633004e-08,3.785129634215125e-09
1041.0,-4.4168436263677176e-08,3.779983967212744e-09
1042.0,-4.4112544214999236e-08,3.850501580814039e-09
1043.0,-4.47547501273912e-08,3.712371362151718e-09
1044.0,-4.409980750409498e-08,4.020904437797793e-09
1045.0,-4.4687737520014836e-08,3.852673319128968e-09
1046.0,-4.609171689088217e-08,3.5666002133843507e-09
1047.0,-4.405827803672108e-08,4.045604402544963e-09
1048.0,-4.470659771182443e-08,3.994436602196811e-09
1049.0,-4.4926708708298826e-08,3.884003941252486e-09
1050.0,-4.5293062442026665e-08,3.816009735488445e-09
1051.0,-4.453678631286569e-08,3.933971780944999e-09
1052.0,-4.385086663501948e-08,4.195721785534241e-09
1053.0,-4.282921479741629e-08,4.399130000979955e-09
1054.0,-4.20739891297508e-08,4.595418826611839e-09
1055.0,-4.112577421784228e-08,4.786906015544629e-09
1056.0,-4.052392202702057e-08,4.995311299019786e-09
1057.0,-3.933288798606105e-08,5.212172814598991e-09
1058.0,-3.898621031627864e-08,5.364396953521623e-09
1059.0,-3.989675710153526e-08,5.142070999449283e-09
1060.0,-3.985607116039147e-08,5.274363107397253e-09
1061.0,-3.88368056320126e-08,5.5665525652643435e-09
1062.0,-3.932755565422189e-08,5.590194607544232e-09
1063.0,-4.04123891899043e-08,5.351719913470064e-09
1064.0,-4.0924156215396356e-08,5.4075546301449255e-09
1065.0,-3.934385737186834e-08,5.823457990699072e-09
1066.0,-4.0425117620048195e-08,5.660451864546237e-09
1067.0,-4.292082989356656e-08,5.048282207558941e-09
1068.0,-4.273280887795244e-08,5.213525490730281e-09
1069.0,-4.1969844889486624e-08,5.3714069562301255e-09
1070.0,-4.1850332561936905e-08,5.44468998215295e-09
1071.0,-4.1516347587443085e-08,5.442122189477313e-09
1072.0,-4.151938325704738e-08,5.500000856458239e-09
1073.0,-4.1019704301288995e-08,5.501742527644068e-09
1074.0,-4.037515676917775e-08,5.658883529270546e-09
1075.0,-3.893789641948099e-08,5.822346448026629e-09
1076.0,-3.8153559700848686e-08,6.054162410051103e-09
1077.0,-3.664624672443219e-08,6.336024471333404e-09
1078.0,-3.4459932248897565e-08,6.854250628718155e-09
1079.0,-3.3803228645310656e-08,6.9507433249387086e-09
1080.0,-3.4120753838649666e-08,6.995526493863931e-09
1081.0,-3.546753565192456e-08,6.623222801115901e-09
1082.0,-3.476565383558662e-08,6.87284324317215e-09
1083.0,-3.4474778010844316e-08,6.925206962590207e-09
1084.0,-3.5013726470140625e-08,6.997606407091948e-09
1085.0,-3.559739444914771e-08,6.9319665680323816e-09
1086.0,-3.663283445126553e-08,6.827115740478567e-09
1087.0,-3.776003380028053e-08,6.587400518438867e-09
1088.0,-3.883709775024303e-08,6.575106455342872e-09
1089.0,-3.9253055996137e-08,6.571834078474738e-09
1090.0,-4.005393547988179e-08,6.522697967483781e-09
1091.0,-4.1032883896419614e-08,6.326011725112153e-09
1092.0,-4.13031603125353e-08,6.431851622735057e-09
1093.0,-3.9461739338392964e-08,6.870242663453049e-09
1094.0,-4.017122145629047e-08,6.780234892366263e-09
1095.0,-4.1207366134858594e-08,6.510909446899246e-09
1096.0,-4.2725139963815486e-08,6.291659044076576e-09
1097.0,-4.221923660335288e-08,6.4342288872112774e-09
1098.0,-4.201614541964937e-08,6.599261395639905e-09
1099.0,-4.1628236826317654e-08,6.665749944581671e-09
1100.0,-4.241613306895195e-08,6.60959557614162e-09
1101.0,-4.2689569176915376e-08,6.502372151392784e-09
1102.0,-4.3630846309176435e-08,6.339641283842647e-09
1103.0,-4.4843842903936644e-08,6.02768985537447e-09
1104.0,-4.463215537078836e-08,6.2107847531463645e-09
1105.0,-4.4748932991269454e-08,6.170419784520148e-09
1106.0,-4.460686408137289e-08,6.3510832163104385e-09
1107.0,-4.365153451947516e-08,6.633074390522153e-09
1108.0,-4.4865817795626906e-08,6.583758629553794e-09
1109.0,-4.560659105470395e-08,6.5238184810013424e-09
1110.0,-4.644005807921374e-08,6.500508218249782e-09
1111.0,-4.667578429613354e-08,6.531855376214161e-09
1112.0,-4.749789734598034e-08,6.56428212337446e-09
1113.0,-4.7541327332092406e-08,6.633703820966579e-09
1114.0,-4.8513329320735975e-08,6.5792351510217395e-09
1115.0,-4.9803860792940585e-08,6.2877914578663366e-09
1116.0,-4.951873372819506e-08,6.559360210017988e-09
1117.0,-4.8471624184986726e-08,6.860048062984309e-09
1118.0,-4.8225948781787834e-08,7.094650660106517e-09
1119.0,-4.755885904363612e-08,7.340257204028305e-09
1120.0,-4.6574981862376204e-08,7.75159027496571e-09
1121.0,-4.66202724737644e-08,7.807130065944994e-09
1122.0,-4.7256214633801083e-08,7.789966907808603e-09
1123.0,-4.772552556449046e-08,7.742058650172378e-09
1124.0,-4.8678236820898953e-08,7.750403531837702e-09
1125.0,-4.826730833347643e-08,7.917150243745032e-09
1126.0,-4.786942263770326e-08,8.188981016392705e-09
1127.0,-4.8187154149560934e-08,8.216482391760818e-09
1128.0,-4.9285033404961656e-08,8.170735008091022e-09
1129.0,-4.9978922760466394e-08,8.066930232132578e-09
1130.0,-5.1148630916422235e-08,7.981488325705371e-09
1131.0,-5.244599191149515e-08,7.706821087305042e-09
1132.0,-5.25223578509948e-08,7.876254012962943e-09
1133.0,-5.1482396397072196e-08,8.187970062012039e-09
1134.0,-4.940017362601767e-08,8.834882138941005e-09
1135.0,-4.9244685373027464e-08,8.835150274188146e-09
1136.0,-4.965840760771434e-08,8.860916166882394e-09
1137.0,-4.916799351541095e-08,8.916587922029364e-09
1138.0,-4.8504614929323236e-08,9.107100232572576e-09
1139.0,-4.747534186116675e-08,9.279159137578277e-09
1140.0,-4.6188682236052785e-08,9.659687388395531e-09
1141.0,-4.488640938753102e-08,9.883122880880049e-09
1142.0,-4.449017918668864e-08,1.0047531874530449e-08
1143.0,-4.3691336548317605e-08,1.0163190797417259e-08
1144.0,-4.2778764373806386e-08,1.0494155006635551e-08
1145.0,-4.245969913835068e-08,1.053459618339687e-08
1146.0,-4.405346871790312e-08,1.0203354189671506e-08
1147.0,-4.292258211625121e-08,1.0361180747735351e-08
1148.0,-4.069376678448794e-08,1.1011934935866436e-08
1149.0,-4.046885741004554e-08,1.1024410617128962e-08
1150.0,-4.057397928249325e-08,1.101180686252564e-08
1151.0,-4.0762355048639684e-08,1.0938852926056857e-08
1152.0,-4.1127721473369236e-08,1.0950833063911625e-08
1153.0,-4.132094432175356e-08,1.0789281092630206e-08
1154.0,-4.1862378256443496e-08,1.0676666120828689e-08
1155.0,-4.221111854294164e-08,1.0473655678903244e-08
1156.0,-4.216143373055269e-08,1.0488026942955345e-08
1157.0,-4.263552308164166e-08,1.0257336124502372e-08
1158.0,-4.442066880839346e-08,9.795082366391247e-09
1159.0,-4.424975038458245e-08,9.696248597298176e-09
1160.0,-4.3955333971735125e-08,9.78772846217191e-09
1161.0,-4.290136701215614e-08,9.848433526665447e-09
1162.0,-4.361391707639681e-08,9.603829419249426e-09
1163.0,-4.374071373907995e-08,9.399849189357767e-09
1164.0,-4.389703662276366e-08,9.366429383724443e-09
1165.0,-4.294441237690029e-08,9.376977845961883e-09
1166.0,-4.1887811257698134e-08,9.572177351977859e-09
1167.0,-4.060986041317832e-08,9.732323491685532e-09
1168.0,-4.1273915963494146e-08,9.568651339071647e-09
1169.0,-4.155826828798535e-08,9.37821684437254e-09
1170.0,-4.235305600993006e-08,9.168032178958115e-09
1171.0,-4.2891650918690014e-08,8.866656559272484e-09
1172.0,-4.219289218841146e-08,9.079925670246147e-09
1173.0,-4.085456161472403e-08,9.282816179114904e-09
1174.0,-3.9653516657643544e-08,9.579474052694697e-09
1175.0,-4.061077003770854e-08,9.25454911828815e-09
1176.0,-4.1612481410284125e-08,9.052110552998413e-09
1177.0,-4.1668777871396506e-08,8.877852022065646e-09
1178.0,-4.162217998853816e-08,8.902843279728859e-09
1179.0,-4.146498852255087e-08,8.812423941149684e-09
1180.0,-4.157075934946859e-08,8.8442754443413e-09
1181.0,-4.133989808073649e-08,8.788081135674169e-09
1182.0,-4.1044624129883464e-08,8.848109694579384e-09
1183.0,-3.964932006386067e-08,9.01634948419421e-09
1184.0,-3.933743543482283e-08,9.129672954368859e-09
1185.0,-3.8636141415524894e-08,9.11351568631822e-09
1186.0,-3.9785448189775044e-08,8.772036234065902e-09
1187.0,-3.76131371647313e-08,9.182196013171632e-09
1188.0,-3.567909664756693e-08,9.756284387541129e-09
1189.0,-3.5374788498493814e-08,9.745071239486504e-09
1190.0,-3.517752175039491e-08,9.870154210554842e-09
1191.0,-3.5212195457550235e-08,9.855808413417979e-09
1192.0,-3.563799912553988e-08,9.904242819895413e-09
1193.0,-3.594017705516871e-08,9.857192821974475e-09
1194.0,-3.665620276783109e-08,9.819728833251402e-09
1195.0,-3.7313836703267825e-08,9.670486632195624e-09
1196.0,-3.860723932937329e-08,9.562738753255266e-09
1197.0,-3.937457209035386e-08,9.386792264294375e-09
1198.0,-3.980154922041099e-08,9.395109303667705e-09
1199.0,-3.9164140618995555e-08,9.563349422316028e-09
1200.0,-3.919875917067116e-08,9.695790686952181e-09
1201.0,-3.9444280809854615e-08,9.593913073599871e-09
1202.0,-3.939199910569758e-08,9.68495377494409e-09
1203.0,-3.895358970665921e-08,9.726801798357899e-09
1204.0,-4.005055385183385e-08,9.619049103689746e-09
1205.0,-4.0992911804109106e-08,9.389545650823091e-09
1206.0,-3.933155668807063e-08,9.898237687800638e-09
1207.0,-3.944043588582623e-08,9.856507503930314e-09
1208.0,-4.034149984579854e-08,9.822704990256365e-09
1209.0,-4.087841390700352e-08,9.681300119238456e-09
1210.0,-4.1237359487294725e-08,9.720019138142049e-09
1211.0,-4.210837878170281e-08,9.542843729184454e-09
1212.0,-4.264881730594383e-08,9.587821523388883e-09
1213.0,-4.282409828751216e-08,9.526041616059654e-09
1214.0,-4.3286530743773554e-08,9.535578390238782e-09
1215.0,-4.343878256330193e-08,9.448534837304831e-09
1216.0,-4.413784715265143e-08,9.434873942700396e-09
1217.0,-4.409089706309459e-08,9.44311122856222e-09
1218.0,-4.325764569007703e-08,9.76375324006372e-09
1219.0,-4.1813629764061574e-08,1.0087663374120406e-08
1220.0,-4.3626187066701575e-08,9.772979783055845e-09
1221.0,-4.334246151054803e-08,9.772757556190104e-09
1222.0,-4.274983196755959e-08,9.9845549361692e-09
1223.0,-4.24328027656577e-08,1.0021640863091352e-08
1224.0,-4.216350278172957e-08,1.0179602699011605e-08
1225.0,-4.205967230592851e-08,1.0067702754689945e-08
1226.0,-4.308577244090244e-08,9.803722306937879e-09
1227.0,-4.1458509569933365e-08,1.0041812989323595e-08
1228.0,-3.967638101334063e-08,1.0462257323141667e-08
1229.0,-3.735139122241963e-08,1.0938211062631993e-08
1230.0,-3.793347024124776e-08,1.0754043618784582e-08
1231.0,-3.8121011670295765e-08,1.0550136510633704e-08
1232.0,-3.853760949236614e-08,1.0488008703215792e-08
1233.0,-3.781742348333588e-08,1.0516785046622047e-08
1234.0,-3.7428110398170976e-08,1.0595076309908887e-08
1235.0,-3.660733531525771e-08,1.0687985225762403e-08
1236.0,-3.596052945280253e-08,1.0880380038915343e-08
1237.0,-3.7189811661815006e-08,1.0460807875322192e-08
1238.0,-3.9795538116468e-08,9.819136981993263e-09
1239.0,-3.897820964759123e-08,9.916634894278034e-09
1240.0,-3.837740204537835e-08,1.0115382472318068e-08
1241.0,-3.729360385597128e-08,1.0239616645407396e-08
1242.0,-3.764228528256865e-08,1.0103253603923204e-08
1243.0,-3.7260888987555226e-08,1.0017145282576568e-08
1244.0,-3.618203324656811e-08,1.0242151741911081e-08
1245.0,-3.5978321713224584e-08,1.0075151705194828e-08
1246.0,-3.559108865358393e-08,1.007891429596047e-08
1247.0,-3.534360867024082e-08,9.979911896621846e-09
1248.0,-3.457800260592228e-08,1.0167120638013847e-08
1249.0,-3.4432167627890036e-08,1.0012407819433205e-08
1250.0,-3.502783170255556e-08,9.796208156930933e-09
1251.0,-3.4071009556509766e-08,9.8434964888669e-09
1252.0,-3.3369709222947334e-08,9.986802403751789e-09
1253.0,-3.281184425675969e-08,9.942098971227403e-09
1254.0,-3.289966024350598e-08,9.839255230666667e-09
1255.0,-3.241769097110718e-08,9.820539285070051e-09
1256.0,-3.199039395246958e-08,9.992659221511878e-09
1257.0,-3.048705554398088e-08,1.0227606142362185e-08
1258.0,-3.089589418325205e-08,1.0133864017734438e-08
1259.0,-3.1256340627466464e-08,9.951957797058349e-09
1260.0,-3.1261940480574346e-08,1.0046168723202716e-08
1261.0,-3.0319923050307776e-08,1.0170097384411914e-08
1262.0,-2.973986419612127e-08,1.0358466442431995e-08
1263.0,-3.047673602002972e-08,1.013810946989783e-08
1264.0,-2.8674547443146027e-08,1.0665307752695363e-08
1265.0,-2.6114314811021175e-08,1.118747566039445e-08
1266.0,-2.595653701793967e-08,1.1196183371436438e-08
1267.0,-2.5676473619926063e-08,1.1088663698614953e-08
1268.0,-2.4503631254795488e-08,1.1368809085777004e-08
1269.0,-2.2826497625264133e-08,1.1646932233294423e-08
1270.0,-2.13207601066089e-08,1.2090710245117861e-08
1271.0,-1.9464434726381856e-08,1.2476059118537572e-08
1272.0,-1.9738794274592633e-08,1.2482473599749914e-08
1273.0,-1.9767736944844352e-08,1.2407232673526676e-08
1274.0,-2.0057693266271882e-08,1.2402533699440868e-08
1275.0,-1.9595347529916182e-08,1.2479706603304357e-08
1276.0,-1.9779224190980793e-08,1.2588956497732121e-08
1277.0,-1.8913130060321667e-08,1.2827627982972194e-08
1278.0,-2.1324701675632794e-08,1.2356091171348453e-08
1279.0,-2.4794126168502227e-08,1.1484906382327956e-08
1280.0,-2.6355819694241223e-08,1.1269159012554796e-08
1281.0,-2.7389925036803567e-08,1.1061457562483825e-08
1282.0,-2.852168475670441e-08,1.091312435935727e-08
1283.0,-2.9513234698393772e-08,1.0674044100287995e-08
1284.0,-3.015801673316546e-08,1.0596851333021408e-08
1285.0,-3.03940485401916e-08,1.042728600548647e-08
1286.0,-3.0402062920162996e-08,1.0420918949955469e-08
1287.0,-2.9019467102085893e-08,1.067593515823111e-08
1288.0,-2.9858383893508297e-08,1.0511495365380519e-08
1289.0,-3.00663426421395e-08,1.0295489895997506e-08
1290.0,-3.004715346325782e-08,1.025107482144736e-08
1291.0,-3.044788177312626e-08,9.99714559579426e-09
1292.0,-3.1783909765386895e-08,9.665792162146007e-09
1293.0,-3.0923017499024955e-08,9.725580774471462e-09
1294.0,-3.0880755482387985e-08,9.748837536098853e-09
1295.0,-3.098053892942093e-08,9.592994353805991e-09
1296.0,-3.216743275374809e-08,9.374257798873699e-09
1297.0,-3.275820731774684e-08,9.125815688202938e-09
1298.0,-3.374431279989493e-08,8.88588093052791e-09
1299.0,-3.428099479094361e-08,8.710230391821575e-09
1300.0,-3.5092106045239786e-08,8.603478752088458e-09
1301.0,-3.5534710729691045e-08,8.417700252023705e-09
1302.0,-3.606216464336804e-08,8.328570876207394e-09
1303.0,-3.653587818882303e-08,8.161747406773821e-09
1304.0,-3.7229784451660117e-08,8.092760929396202e-09
1305.0,-3.7264397905815895e-08,7.960133818871472e-09
1306.0,-3.740100554736067e-08,7.88535932456873e-09
1307.0,-3.7219940064043724e-08,7.82179481677809e-09
1308.0,-3.7371356603619685e-08,7.779873094947786e-09
1309.0,-3.7248894984500595e-08,7.654941027242996e-09
1310.0,-3.719148064044435e-08,7.608496838028552e-09
1311.0,-3.683220771839574e-08,7.438682801171441e-09
1312.0,-3.710469924529613e-08,7.347623292660963e-09
1313.0,-3.644503751962764e-08,7.326279668442355e-09
1314.0,-3.6185602065120154e-08,7.332647419036388e-09
1315.0,-3.6132589337803305e-08,7.20354547698334e-09
1316.0,-3.6161455751168364e-08,7.317596507276358e-09
1317.0,-3.509568068840281e-08,7.436581946337096e-09
1318.0,-3.655164560284581e-08,7.075047529212434e-09
1319.0,-3.746282731010726e-08,6.718168106673021e-09
1320.0,-3.9038652666201383e-08,6.3944969767220685e-09
1321.0,-4.0161322473783606e-08,6.024480038572438e-09
1322.0,-3.953539671162287e-08,6.262419882106442e-09
1323.0,-3.894708075808336e-08,6.299736549607177e-09
1324.0,-3.895815936027249e-08,6.3289281603406736e-09
1325.0,-3.885327591263954e-08,6.240287513031016e-09
1326.0,-3.921111934687983e-08,6.155283198264235e-09
1327.0,-4.043484645140256e-08,5.781297471709611e-09
1328.0,-4.25871294008756e-08,5.32214498102419e-09
1329.0,-4.207279493376283e-08,5.313463297156165e-09
1330.0,-4.129285067623566e-08,5.431371292097411e-09
1331.0,-4.143223833011555e-08,5.273820350341688e-09
1332.0,-4.1738587348194226e-08,5.229772739615425e-09
1333.0,-4.084043682572456e-08,5.3228837446984655e-09
1334.0,-4.1763908822729964e-08,5.033083821043024e-09
1335.0,-4.251605330665834e-08,4.694383419007329e-09
1336.0,-4.3242564735817e-08,4.451637771864419e-09
1337.0,-4.368819325148868e-08,4.082214046195836e-09
1338.0,-4.409754990281264e-08,3.825415440341518e-09
1339.0,-4.434178947733781e-08,3.573188567643031e-09
1340.0,-4.4313864660809364e-08,3.6327948565650146e-09
1341.0,-4.4900721302010206e-08,3.284797108291766e-09
1342.0,-4.6561632055994766e-08,2.7552025272510316e-09
1343.0,-4.6096174678861425e-08,2.6876103296660606e-09
1344.0,-4.625390264550934e-08,2.58569871071334e-09
1345.0,-4.542886277692407e-08,2.534950290495536e-09
1346.0,-4.426388758043679e-08,2.760069830064696e-09
1347.0,-4.432763876921359e-08,2.5523467356939324e-09
1348.0,-4.5463161778934314e-08,2.272850413582042e-09
1349.0,-4.543138617140212e-08,2.130246220876284e-09
1350.0,-4.5138594216151454e-08,2.157198752323475e-09
1351.0,-4.4561759341281425e-08,2.1818423238969537e-09
1352.0,-4.47071931935677e-08,2.1914065436318315e-09
1353.0,-4.4580900114414393e-08,2.1475137707282058e-09
1354.0,-4.5127619450066675e-08,1.99028892315806e-09
1355.0,-4.680339070289429e-08,1.4533241877127732e-09
1356.0,-4.604257864808552e-08,1.6549983738739097e-09
1357.0,-4.4543017737250753e-08,1.9675979117615077e-09
1358.0,-4.614806895476341e-08,1.653730111228606e-09
1359.0,-4.723751947197891e-08,1.2688519174524184e-09
1360.0,-4.817414795483297e-08,1.0814203835946505e-09
1361.0,-4.825783811307589e-08,9.818814884096402e-10
1362.0,-4.889392173963238e-08,8.487581713925685e-10
1363.0,-4.876635990809134e-08,7.829073231047879e-10
1364.0,-4.909040549134707e-08,7.26428064399546e-10
1365.0,-4.884103737444586e-08,6.169255121320257e-10
1366.0,-4.891641731922851e-08,5.19616567970067e-10
1367.0,-4.766644266840443e-08,6.377574127957816e-10
1368.0,-4.758817151067502e-08,6.542016740600047e-10
1369.0,-4.84085662549646e-08,3.310272487530214e-10
1370.0,-4.756415544751716e-08,5.528771155868295e-10
1371.0,-4.602515790562713e-08,8.305494889699358e-10
1372.0,-4.5797852521500395e-08,9.388145837579544e-10
1373.0,-4.6022424481312823e-08,7.466603928711292e-10
1374.0,-4.587967155992116e-08,7.591064132321336e-10
1375.0,-4.558895850113449e-08,7.150844408977373e-10
1376.0,-4.499711897224069e-08,9.621556625660251e-10
1377.0,-4.4304084494652085e-08,1.0511669757527491e-09
1378.0,-4.385342801656203e-08,1.1736188239606115e-09
1379.0,-4.295518153579405e-08,1.332874421512346e-09
1380.0,-4.172483123381822e-08,1.7452879645098318e-09
1381.0,-4.2976112927541784e-08,1.3651459009560662e-09
1382.0,-4.500256886821691e-08,9.102319284288185e-10
1383.0,-4.4078537812991185e-08,1.1202058683977507e-09
1384.0,-4.341480062515258e-08,1.406236790452529e-09
1385.0,-4.2575824464471496e-08,1.5813844658541073e-09
1386.0,-4.271209208154285e-08,1.6427779658396776e-09
1387.0,-4.2800263154780925e-08,1.6103060606238369e-09
1388.0,-4.370312324566476e-08,1.5602180411110731e-09
1389.0,-4.395771284059036e-08,1.5034458873995624e-09
1390.0,-4.24913784516251e-08,2.0054016959209626e-09
1391.0,-4.011945532577078e-08,2.679215183567291e-09
1392.0,-4.08576954239001e-08,2.662470471180107e-09
1393.0,-4.165472942598291e-08,2.4741635223369337e-09
1394.0,-4.253315927973089e-08,2.470004329900472e-09
1395.0,-4.303118482035444e-08,2.459807861825576e-09
1396.0,-4.2404538151256056e-08,2.829496156554628e-09
1397.0,-4.155097860705709e-08,3.1611757276044554e-09
1398.0,-4.180443862646727e-08,3.3115623811567368e-09
1399.0,-4.248451647369342e-08,3.278106970769337e-09
1400.0,-4.322412446279368e-08,3.35888139621783e-09
1401.0,-4.150016608909718e-08,3.9241640894168026e-09
1402.0,-4.218945396745021e-08,4.105600819293871e-09
1403.0,-4.328198492554818e-08,4.10590220495983e-09
1404.0,-4.451721827909918e-08,4.184132178763191e-09
1405.0,-4.4826303785521264e-08,4.2672074267840985e-09
1406.0,-4.526434170501949e-08,4.492303360801094e-09
1407.0,-4.5676463356906355e-08,4.649180944406281e-09
1408.0,-4.5819122109156257e-08,4.9686074421184935e-09
1409.0,-4.539520639344453e-08,5.228798656409402e-09
1410.0,-4.745144155919634e-08,4.893798484158169e-09
1411.0,-4.693765763210588e-08,5.143008606875801e-09
1412.0,-4.694166548957702e-08,5.543558875514079e-09
1413.0,-4.6647471725242774e-08,5.8570050904441746e-09
1414.0,-4.693307010466103e-08,6.0300902081520244e-09
1415.0,-4.677721008050603e-08,6.260886872264754e-09
1416.0,-4.749905948690359e-08,6.402595414841214e-09
1417.0,-4.7561993552317224e-08,6.4618954709228115e-09
1418.0,-4.8083601171349753e-08,6.638259219216274e-09
1419.0,-4.867335627276366e-08,6.754160041611107e-09
1420.0,-4.903584796429403e-08,6.985668615131513e-09
1421.0,-4.9553225126603264e-08,7.018064734891965e-09
1422.0,-5.107200044185073e-08,6.9045494851269724e-09
1423.0,-5.048217397811501e-08,7.163710819252412e-09
1424.0,-4.933374389845646e-08,7.707023201969342e-09
1425.0,-5.055077260774917e-08,7.46452668335994e-09
1426.0,-5.2271894749594975e-08,7.28845635548583e-09
1427.0,-5.1869005143539366e-08,7.529104039265854e-09
1428.0,-5.137610243792185e-08,7.930692540618462e-09
1429.0,-5.0737840832475623e-08,8.140050897713097e-09
1430.0,-5.069827772992407e-08,8.320122962199648e-09
1431.0,-5.1056847830688566e-08,8.359881968817043e-09
1432.0,-5.2246040548770177e-08,8.315956869077523e-09
1433.0,-5.3575598684934466e-08,8.093778388604945e-09
1434.0,-5.2917827877051165e-08,8.42577904339779e-09
1435.0,-5.207184121479946e-08,8.804285241862847e-09
1436.0,-5.087144678558272e-08,9.403768811880365e-09
1437.0,-5.2047762695693796e-08,9.259227252506732e-09
1438.0,-5.363511334902806e-08,9.064343112033919e-09
1439.0,-5.4360643241582804e-08,9.005364216462116e-09
1440.0,-5.4677342352968056e-08,9.15201142605007e-09
1441.0,-5.434203555926969e-08,9.249784798334711e-09
1442.0,-5.4582976449310644e-08,9.40320116874733e-09
1443.0,-5.4765265411275805e-08,9.504083942498697e-09
1444.0,-5.5949128784700337e-08,9.491779460162764e-09
1445.0,-5.7258385874782424e-08,9.296210871977543e-09
1446.0,-5.6682707792085154e-08,9.626719972605913e-09
1447.0,-5.529153050924232e-08,1.0038109382494696e-08
1448.0,-5.398152513793032e-08,1.0642149797306925e-08
1449.0,-5.5083077360301676e-08,1.0458813026849136e-08
1450.0,-5.625784598201497e-08,1.0334203251732849e-08
1451.0,-5.65998002253017e-08,1.0322870698046275e-08
1452.0,-5.6625055082327255e-08,1.0535306056403977e-08
1453.0,-5.606912171654674e-08,1.070256457170823e-08
1454.0,-5.579537340667653e-08,1.092227440310173e-08
1455.0,-5.522709664985263e-08,1.10393220311722e-08
1456.0,-5.559586896954366e-08,1.1144694522722726e-08
1457.0,-5.599129390511111e-08,1.1124207528081558e-08
1458.0,-5.414562571666631e-08,1.1739872742375558e-08
1459.0,-5.133072722287701e-08,1.2470346671565928e-08
1460.0,-5.1914700320070843e-08,1.2535283234936556e-08
1461.0,-5.237326254302929e-08,1.2468152333297347e-08
1462.0,-5.280079703377548e-08,1.2508518898071301e-08
1463.0,-5.262066242910455e-08,1.2606176109045151e-08
1464.0,-5.299764715470266e-08,1.2711259377607866e-08
1465.0,-5.240070191488322e-08,1.2828066218363652e-08
1466.0,-5.2000631782113915e-08,1.3024450074557763e-08
1467.0,-5.157267836962242e-08,1.311444270686651e-08
1468.0,-5.102364112550124e-08,1.331685663487712e-08
1469.0,-5.125077004224055e-08,1.322662051246202e-08
1470.0,-5.240208774175448e-08,1.3022189840105513e-08
1471.0,-5.043331491960209e-08,1.344081673809264e-08
1472.0,-5.08683311438333e-08,1.3419943442864498e-08
1473.0,-5.091010331482531e-08,1.3322617488618741e-08
1474.0,-5.1005254365598625e-08,1.3297253052862621e-08
1475.0,-5.0372180063907366e-08,1.335534972291807e-08
1476.0,-5.0485941614718317e-08,1.3385045596562621e-08
1477.0,-4.9704071543956676e-08,1.3428248784091162e-08
1478.0,-4.9394739742795544e-08,1.347203720544308e-08
1479.0,-4.895456194969827e-08,1.3457160357721425e-08
1480.0,-4.8602185855710565e-08,1.3546608142467333e-08
1481.0,-4.7946128369164784e-08,1.3585030863353631e-08
1482.0,-4.7523775700418585e-08,1.3656927207313528e-08
1483.0,-4.696079868539555e-08,1.3630990569125356e-08
1484.0,-4.620637835985201e-08,1.3743933614146043e-08
1485.0,-4.5183597728011573e-08,1.3809436151666017e-08
1486.0,-4.477727160837814e-08,1.3780597481962367e-08
1487.0,-4.421557156049357e-08,1.3813336664810983e-08
1488.0,-4.4358359117236855e-08,1.3793912460621795e-08
1489.0,-4.400859015439169e-08,1.3690843520101355e-08
1490.0,-4.407177270172914e-08,1.3608357831665367e-08
1491.0,-4.4143400203946114e-08,1.3474098003975285e-08
1492.0,-4.456753562433844e-08,1.3355011922978517e-08
1493.0,-4.472625498864087e-08,1.3184822812444087e-08
1494.0,-4.448508539394956e-08,1.321202384844039e-08
1495.0,-4.4947625128668285e-08,1.2917831478351689e-08
1496.0,-4.4777942778537066e-08,1.2930518418080102e-08
1497.0,-4.375196016238014e-08,1.3002323010945163e-08
1498.0,-4.3079306043907776e-08,1.3050894794341612e-08
1499.0,-4.1938517265671054e-08,1.3100553428331e-08
1500.0,-4.09717936967325e-08,1.3260215273969419e-08
1501.0,-3.966232981818258e-08,1.330827637309904e-08
1502.0,-3.9902678052086544e-08,1.3137741198866682e-08
1503.0,-4.0557689466284645e-08,1.2778215219784098e-08
1504.0,-3.9198184191322075e-08,1.303299238210224e-08
1505.0,-3.757258577091874e-08,1.3170052028890029e-08
1506.0,-3.673646366567379e-08,1.3241863016751183e-08
1507.0,-3.5871181626867636e-08,1.3216988594651524e-08
1508.0,-3.551482013050577e-08,1.3262714189274537e-08
1509.0,-3.46558543325485e-08,1.3233127242134662e-08
1510.0,-3.4286961092081453e-08,1.3180686346672703e-08
1511.0,-3.339795810341169e-08,1.322460292298792e-08
1512.0,-3.315113113659391e-08,1.3286797131585394e-08
1513.0,-3.292442284602768e-08,1.3143095498310051e-08
1514.0,-3.358245307964039e-08,1.2917952063694743e-08
1515.0,-3.157254020358414e-08,1.3237431027798235e-08
1516.0,-2.9938964411952074e-08,1.3613678338929211e-08
1517.0,-2.8572173356540743e-08,1.3814566029222571e-08
1518.0,-2.8492398850167405e-08,1.3803619056550067e-08
1519.0,-2.7537464186450367e-08,1.386095589600084e-08
1520.0,-2.6107737769078037e-08,1.4229060014907598e-08
1521.0,-2.602158086444261e-08,1.4118820310952471e-08
1522.0,-2.6300936864832797e-08,1.4013683573637118e-08
1523.0,-2.6491213356613253e-08,1.3875493352490928e-08
1524.0,-2.7052247668803394e-08,1.3839936452787161e-08
1525.0,-2.8286197532085136e-08,1.342043646337381e-08
1526.0,-2.7943620542122116e-08,1.352908979879782e-08
1527.0,-2.7374179277880456e-08,1.3546318744442024e-08
1528.0,-2.762712382316036e-08,1.3490940228202604e-08
1529.0,-2.756504369872018e-08,1.3376127336684968e-08
1530.0,-2.8195334878727156e-08,1.317855861421801e-08
1531.0,-2.8173963669737817e-08,1.2994648410516287e-08
1532.0,-2.67005169667361e-08,1.3278712837513364e-08
1533.0,-2.3802511697965622e-08,1.377770741404012e-08
1534.0,-2.398640928014222e-08,1.3601664572602376e-08
1535.0,-2.455386835892502e-08,1.3259679009024542e-08
1536.0,-2.395309976347764e-08,1.3363590090780943e-08
1537.0,-2.343783282757641e-08,1.3321441530528979e-08
1538.0,-2.3918361160973833e-08,1.3144303891287258e-08
1539.0,-2.237761923578168e-08,1.3324436127283319e-08
1540.0,-2.170471909153487e-08,1.3424374362631997e-08
1541.0,-2.0767421427677763e-08,1.3500703703224381e-08
1542.0,-2.0550632396397564e-08,1.3531166655922016e-08
1543.0,-2.017195827548993e-08,1.351221326051564e-08
1544.0,-2.0735240068799375e-08,1.3397284012301893e-08
1545.0,-1.9984016843844888e-08,1.3496250745611756e-08
1546.0,-1.8483839702568094e-08,1.3857353478186858e-08
1547.0,-1.843882499468647e-08,1.3776073685495627e-08
1548.0,-1.8330027351336678e-08,1.3803837162519815e-08
1549.0,-1.7538085414905155e-08,1.3821575938516084e-08
1550.0,-1.6914348587262382e-08,1.3923111684677102e-08
1551.0,-1.700512092466763e-08,1.3781078305572198e-08
1552.0,-1.6812376947580893e-08,1.378315224278423e-08
1553.0,-1.6472042171759796e-08,1.3655328508928425e-08
1554.0,-1.5504611649531305e-08,1.376856706279471e-08
1555.0,-1.4671006651100806e-08,1.3750783376153894e-08
1556.0,-1.4748020406158043e-08,1.3711674013921466e-08
1557.0,-1.4079287965150777e-08,1.3653072061020486e-08
1558.0,-1.2684359307718975e-08,1.3880490635328608e-08
1559.0,-1.1189325053597602e-08,1.409267968332586e-08
1560.0,-1.360735525312176e-08,1.3489701231410522e-08
1561.0,-1.345773995379976e-08,1.3278751645430506e-08
1562.0,-1.2881136826919624e-08,1.3342588755970892e-08
1563.0,-1.2420152358897e-08,1.3244688924297538e-08
1564.0,-1.2302996355450668e-08,1.3229649356215903e-08
1565.0,-1.1390564871107181e-08,1.3294860146924716e-08
1566.0,-1.1294425170453368e-08,1.3269972456196653e-08
1567.0,-1.0751093320957413e-08,1.3194094130120327e-08
1568.0,-1.0070706310237914e-08,1.328384059427214e-08
1569.0,-8.899398893743618e-09,1.3360486617004127e-08
1570.0,-8.120568535922456e-09,1.345456712865228e-08
1571.0,-7.800880381672806e-09,1.3377243802836164e-08
1572.0,-7.528199074030696e-09,1.342444869622419e-08
1573.0,-6.4376337250926084e-09,1.3455840466321348e-08
1574.0,-5.346968007526201e-09,1.3563265614732623e-08
1575.0,-3.9755119637479836e-09,1.3603816628101112e-08
1576.0,-3.2435911516789875e-09,1.3634769278139097e-08
1577.0,-2.0200355785011596e-09,1.3716099769967202e-08
1578.0,-1.0723303032055824e-09,1.3864013062532737e-08
1579.0,4.695927774961859e-10,1.3995480961454747e-08
1580.0,1.556214418333826e-09,1.41618346577633e-08
1581.0,2.7699711437422654e-09,1.4246830507605756e-08
1582.0,3.5145019246782627e-09,1.4406122310565339e-08
1583.0,4.259253819157119e-09,1.4414959110026867e-08
1584.0,4.584986451227784e-09,1.449307980910036e-08
1585.0,5.42316706482789e-09,1.4544372159841753e-08
1586.0,5.421274463797122e-09,1.445895620844624e-08
1587.0,5.39728996447411e-09,1.432901480436393e-08
1588.0,5.1384085529328414e-09,1.4267470718787642e-08
1589.0,4.551649774555929e-09,1.397402537127586e-08
1590.0,3.7414676464978575e-09,1.3761527634826313e-08
1591.0,2.841226482874575e-09,1.3373417332633278e-08
1592.0,1.06799975194172e-09,1.2985772478266175e-08
1593.0,1.417145285354263e-09,1.292201518343688e-08
1594.0,1.6702052324139482e-09,1.2964564094907938e-08
1595.0,1.7482077642478068e-09,1.2866757849332824e-08
1596.0,6.731130164873042e-10,1.260137753168703e-08
1597.0,-2.530099611093917e-10,1.2221363811105794e-08
1598.0,-8.549359319196768e-10,1.1981774289573614e-08
1599.0,-1.2483966440073338e-09,1.1701527975606053e-08
1600.0,-8.956536625625721e-10,1.17679389221246e-08
1601.0,4.05187267400412e-10,1.1960859717636585e-08
1602.0,-2.0889396744982365e-10,1.1752719061490657e-08
1603.0,-2.0384383558869027e-09,1.1160051006018995e-08
1604.0,-2.1998290029390144e-09,1.1085997754067753e-08
1605.0,-1.8697074995048536e-09,1.098657178549135e-08
1606.0,-1.7584588176900804e-09,1.092590666399959e-08
1607.0,-1.926690237129351e-09,1.0736435351855646e-08
1608.0,-3.0287802924721205e-09,1.0469613153929595e-08
1609.0,-3.7640360842728594e-09,1.0067398050941984e-08
1610.0,-4.112868797751132e-09,9.89352053178158e-09
1611.0,-3.441412299688727e-09,9.882769607348326e-09
1612.0,-2.6228886140392375e-09,1.0063166032964258e-08
1613.0,-4.285996183599028e-09,9.527226300820695e-09
1614.0,-5.7891723897755175e-09,9.061991283257533e-09
1615.0,-6.107268326024638e-09,8.767901903197036e-09
1616.0,-7.1035293274531956e-09,8.415387364812639e-09
1617.0,-8.206294239149403e-09,7.882086232983422e-09
1618.0,-7.477887693894545e-09,7.931599999281351e-09
1619.0,-6.900248241333494e-09,7.81132580884671e-09
1620.0,-6.6662106599228074e-09,7.68973358097586e-09
1621.0,-5.919821002473283e-09,7.505499799073371e-09
1622.0,-4.738083279247307e-09,7.586930824855323e-09
1623.0,-3.370019102694443e-09,7.680629260632619e-09
1624.0,-3.9148015705681225e-09,7.394742309231031e-09
1625.0,-3.7417933710193145e-09,7.076956251375516e-09
1626.0,-3.605241008008042e-09,6.834642965347179e-09
1627.0,-2.7632587664902523e-09,6.743456613614112e-09
1628.0,-3.2455054559865957e-09,6.460956148961238e-09
1629.0,-4.0349380100112176e-09,5.9543545327796825e-09
1630.0,-3.357572462736849e-09,5.943676408684141e-09
1631.0,-2.7073439911891524e-09,5.885189051467945e-09
1632.0,-3.3330365585668325e-09,5.726395356435109e-09
1633.0,-4.472420796103532e-09,5.329516617674935e-09
1634.0,-4.7924992663817755e-09,5.170072135310838e-09
1635.0,-5.844929038514264e-09,4.742531884045367e-09
1636.0,-6.323414247938339e-09,4.5307032553642405e-09
1637.0,-6.745962918883198e-09,4.198808341254898e-09
1638.0,-7.25224306438537e-09,3.92886682114377e-09
1639.0,-8.186557091566816e-09,3.552048087272207e-09
1640.0,-8.492672798114047e-09,3.4415472613622876e-09
1641.0,-6.924127348892355e-09,3.6535191881780333e-09
1642.0,-6.768711966691816e-09,3.506680326867287e-09
1643.0,-7.059437647012437e-09,3.205908934307602e-09
1644.0,-7.971705921460894e-09,2.8490687708057468e-09
1645.0,-6.654950853613388e-09,2.8800462921227882e-09
1646.0,-5.87498499822774e-09,2.9308770442445977e-09
1647.0,-5.661721056385417e-09,2.8290301845411075e-09
1648.0,-5.665347767944937e-09,2.757508706387046e-09
1649.0,-4.846595622767415e-09,2.7415956420038133e-09
1650.0,-4.7171204296742215e-09,2.6755111910547154e-09
1651.0,-4.38524102830354e-09,2.596236378894748e-09
1652.0,-4.3402100656982025e-09,2.5906735494431664e-09
1653.0,-3.5091664031946454e-09,2.6159490411786994e-09
1654.0,-2.166200584784242e-09,2.8558462157366093e-09
1655.0,-2.9833036852555992e-09,2.5676563017731343e-09
1656.0,-3.943403466398206e-09,2.312675641370164e-09
1657.0,-4.026148160822435e-09,2.1035090876589467e-09
1658.0,-3.6698083502990395e-09,2.1515152971800377e-09
1659.0,-4.024671460758935e-09,1.9451825130428425e-09
1660.0,-5.375094473623493e-09,1.6562849964958856e-09
1661.0,-5.189901937866395e-09,1.6436615525095737e-09
1662.0,-5.32183752949165e-09,1.5806537233366993e-09
1663.0,-4.641685718770147e-09,1.5479225253194687e-09
1664.0,-4.59573323374352e-09,1.5368336830911626e-09
1665.0,-4.42455030688025e-09,1.4197675084915094e-09
1666.0,-4.9821863850684e-09,1.2394401099644284e-09
1667.0,-4.4373779222081624e-09,1.2449282781314281e-09
1668.0,-3.283026292887036e-09,1.5389436746516035e-09
1669.0,-3.854976952540484e-09,1.2825915630220203e-09
1670.0,-4.637799079906539e-09,1.0564910024957688e-09
1671.0,-5.0421155988037515e-09,7.897700420494405e-10
1672.0,-6.003715086632073e-09,5.560926267262747e-10
1673.0,-6.593370722665847e-09,2.7572895476488403e-10
1674.0,-5.59536137509134e-09,4.913339138458458e-10
1675.0,-4.478310567547748e-09,6.394826587126546e-10
1676.0,-4.44372815102168e-09,6.712030013367385e-10
1677.0,-3.819363608936052e-09,7.00639250695415e-10
1678.0,-2.766513529447157e-09,8.775765645861321e-10
1679.0,-3.647481879691419e-09,5.454968655189203e-10
1680.0,-5.415246934983204e-09,1.6316309543735907e-10
1681.0,-5.375275825428015e-09,1.2157615686437764e-10
1682.0,-5.68775474202594e-09,1.188524398318259e-10
1683.0,-6.8587929985378075e-09,-1.4925174055772076e-10
1684.0,-6.76024231366868e-09,3.864301314143372e-11
1685.0,-6.028971873601882e-09,2.048621241501285e-10
1686.0,-6.021366322798856e-09,2.749795771359067e-10
1687.0,-6.441667370950015e-09,1.386692342162475e-10
1688.0,-7.25192771982904e-09,1.1675341208835265e-10
1689.0,-7.106483190337262e-09,1.679650439436722e-10
1690.0,-6.132497303334182e-09,5.299210442386508e-10
1691.0,-7.364996688139205e-09,2.808676504885397e-10
1692.0,-8.855326596488971e-09,1.4242768720877052e-10
1693.0,-9.439839709898117e-09,1.9597636686266603e-11
1694.0,-1.0369906929672283e-08,-7.754956927445706e-11
1695.0,-9.843432411522637e-09,7.934408190119614e-11
1696.0,-1.0900453872366792e-08,2.6845854347765975e-11
1697.0,-1.2155033955994295e-08,-2.315943539174431e-10
1698.0,-1.2385875137109143e-08,-1.0894837290311061e-10
1699.0,-1.264811284624157e-08,-1.3816222738086217e-10
1700.0,-1.3153377483726876e-08,-1.5102574575436434e-11
1701.0,-1.3044163424042092e-08,9.898570599407676e-11
1702.0,-1.336382332350982e-08,2.0967483697228387e-10
1703.0,-1.3478650895369899e-08,3.162587568721843e-10
1704.0,-1.322142560585092e-08,6.436915689661274e-10
1705.0,-1.181471728454587e-08,1.0832952348460172e-09
1706.0,-1.2856156769956072e-08,1.1010159176764017e-09
1707.0,-1.3797287728323986e-08,1.0266617283817935e-09
1708.0,-1.4767987551884184e-08,1.1240470086851408e-09
1709.0,-1.528607619948784e-08,1.2145993985374028e-09
1710.0,-1.5430558651029555e-08,1.4690800689790171e-09
1711.0,-1.5559977418203944e-08,1.5966900821671097e-09
1712.0,-1.590344511354893e-08,1.8361677959895569e-09
1713.0,-1.596026066454299e-08,2.0010300201723432e-09
1714.0,-1.582757194086668e-08,2.2783397614601483e-09
1715.0,-1.487478939208687e-08,2.6618074767754546e-09
1716.0,-1.3445167839386863e-08,3.239980506973472e-09
1717.0,-1.3250891591585885e-08,3.4527133227117558e-09
1718.0,-1.3875809577822007e-08,3.5461216478275953e-09
1719.0,-1.536783120955229e-08,3.370613922607802e-09
1720.0,-1.5025668702925834e-08,3.735943144565459e-09
1721.0,-1.478633299763988e-08,3.9862717915700285e-09
1722.0,-1.465149934816475e-08,4.345185185659625e-09
1723.0,-1.4956925192005017e-08,4.439045102429689e-09
1724.0,-1.6037887964336986e-08,4.439901093594276e-09
1725.0,-1.6836535242773223e-08,4.426385668098112e-09
1726.0,-1.7678712151321738e-08,4.503073279924268e-09
1727.0,-1.8153606616947225e-08,4.615565571944627e-09
1728.0,-1.9194409551786624e-08,4.681957482615163e-09
1729.0,-2.0229250795324913e-08,4.5844809471025974e-09
1730.0,-2.1315666378894232e-08,4.579443228059732e-09
1731.0,-2.1175910362705085e-08,4.7564147396065314e-09
1732.0,-2.125549428055616e-08,4.988723716359686e-09
1733.0,-2.124836101486595e-08,5.2013428039702384e-09
1734.0,-2.180606696582428e-08,5.348856117589293e-09
1735.0,-2.214427219707567e-08,5.413602014487819e-09
1736.0,-2.2857650970847475e-08,5.473704456558483e-09
1737.0,-2.294329454715822e-08,5.5915357328193245e-09
1738.0,-2.360974708055414e-08,5.697670148718956e-09
1739.0,-2.4850173448185752e-08,5.5498958474869665e-09
1740.0,-2.6631357271006607e-08,5.3246162438732285e-09
1741.0,-2.5924358218658597e-08,5.553147089213257e-09
1742.0,-2.561072797578089e-08,5.872515390079397e-09
1743.0,-2.5721678487759956e-08,5.9592054121279475e-09
1744.0,-2.5278692045970565e-08,6.268491967546624e-09
1745.0,-2.3603923545439123e-08,6.659650193043121e-09
1746.0,-2.3741622918291474e-08,6.7543811696945686e-09
1747.0,-2.2919560358915443e-08,6.9413348009876734e-09
1748.0,-2.222743346251418e-08,7.3543496539274e-09
1749.0,-2.1436894973584373e-08,7.60574766419224e-09
1750.0,-2.152418340840845e-08,7.719503423339193e-09
1751.0,-2.1711676863233394e-08,7.762522759296737e-09
1752.0,-2.2289905280219697e-08,7.93054797976288e-09
1753.0,-2.1747940897065554e-08,8.12586301977561e-09
1754.0,-2.2775442670680286e-08,8.111256639207507e-09
1755.0,-2.4102117631309237e-08,7.82169288529897e-09
1756.0,-2.424138181565321e-08,8.038025212118913e-09
1757.0,-2.3079199816678445e-08,8.456054440989973e-09
1758.0,-2.3073364147614044e-08,8.651562042134309e-09
1759.0,-2.3392100799937215e-08,8.609026718151244e-09
1760.0,-2.3639230744062227e-08,8.745250688991634e-09
1761.0,-2.4025104149157488e-08,8.677962845310858e-09
1762.0,-2.3547703855497392e-08,8.907722058481747e-09
1763.0,-2.159983065475612e-08,9.408048245596744e-09
1764.0,-2.162398048002617e-08,9.507460921959768e-09
1765.0,-2.1051691379046694e-08,9.55945578349705e-09
1766.0,-2.0737672927621e-08,9.684320846293208e-09
1767.0,-2.0536721581063455e-08,9.76465179331823e-09
1768.0,-2.130680829535341e-08,9.740603852726058e-09
1769.0,-2.067702985648097e-08,9.892150879325374e-09
1770.0,-1.983292107954593e-08,1.0159826266428718e-08
1771.0,-1.9650748630489822e-08,1.0176417972690141e-08
1772.0,-2.0250587667483795e-08,1.015967889294948e-08
1773.0,-1.9825294716004946e-08,1.0190626226194603e-08
1774.0,-2.05597007275079e-08,1.0074151580941329e-08
1775.0,-2.1305632954474505e-08,9.921364368821042e-09
1776.0,-2.0506492324001157e-08,1.024448236664051e-08
1777.0,-2.0798747015046973e-08,1.0128493430323652e-08
1778.0,-2.1513811165422586e-08,1.006849616312836e-08
1779.0,-2.156914587508627e-08,1.0045281334195824e-08
1780.0,-2.210920390208344e-08,1.0036110442028804e-08
1781.0,-2.2046443632145036e-08,1.0006502162049516e-08
1782.0,-2.1669377818149396e-08,1.0129374000729834e-08
1783.0,-2.0935065799434112e-08,1.0190963116494115e-08
1784.0,-2.1063115674655712e-08,1.0251483478045371e-08
1785.0,-2.0448602382527956e-08,1.0275155550239122e-08
1786.0,-1.867891108464355e-08,1.068170474835547e-08
1787.0,-1.604870966886702e-08,1.1227281627699254e-08
1788.0,-1.4322820588356446e-08,1.1726349500541834e-08
1789.0,-1.4144605273789178e-08,1.1628898047416954e-08
1790.0,-1.3324420673621185e-08,1.1834331116739714e-08
1791.0,-1.323334849485875e-08,1.1790432697616647e-08
1792.0,-1.3323917969891351e-08,1.1823327873789723e-08
1793.0,-1.1846309507472492e-08,1.2130776606017993e-08
1794.0,-1.089974133485916e-08,1.2391993869534813e-08
1795.0,-9.572730748362707e-09,1.2704860420626017e-08
1796.0,-1.0030546853039637e-08,1.2691423822815549e-08
1797.0,-9.644801405938132e-09,1.2747398346124107e-08
1798.0,-9.32571088239004e-09,1.2915204377330315e-08
1799.0,-8.310626711884642e-09,1.3113773125317601e-08
1800.0,-6.975284902146289e-09,1.3424301762304106e-08
1801.0,-5.554688848188205e-09,1.3624983169404782e-08
1802.0,-4.740444522151901e-09,1.3836023080051216e-08
1803.0,-4.015297247129445e-09,1.3926707974328904e-08
1804.0,-3.999867521922906e-09,1.4006169471725019e-08
1805.0,-2.963246638649224e-09,1.422044034633904e-08
1806.0,-2.6915185617947826e-09,1.4327506542558251e-08
1807.0,-2.1884594852740443e-09,1.4328327378239379e-08
1808.0,-2.4541963121089416e-09,1.430361947737998e-08
1809.0,-2.39640972319492e-09,1.4229678231390982e-08
1810.0,-2.7020294611621053e-09,1.4223229382017077e-08
1811.0,-3.069392093766463e-09,1.4130202376665602e-08
1812.0,-3.526205345556425e-09,1.4113565005965392e-08
1813.0,-3.826539389951409e-09,1.3902717800272657e-08
1814.0,-4.452383932089449e-09,1.3775415913312719e-08
1815.0,-4.867539926787044e-09,1.3532402610483789e-08
1816.0,-5.7359004765314035e-09,1.3403242058153964e-08
1817.0,-6.231169730158837e-09,1.3231921436105291e-08
1818.0,-6.342646938003883e-09,1.3220886539346674e-08
1819.0,-5.87122613125014e-09,1.3231083997990439e-08
1820.0,-7.953690947402826e-09,1.273662712265943e-08
1821.0,-8.519170614510546e-09,1.2475401466823008e-08
1822.0,-8.177168502813207e-09,1.253237398757543e-08
1823.0,-7.66799710820676e-09,1.2553442754598333e-08
1824.0,-7.623529422034159e-09,1.259975523260549e-08
1825.0,-7.255251126102128e-09,1.2496821300795295e-08
1826.0,-7.653661648585002e-09,1.2372733934914626e-08
1827.0,-8.309521044367722e-09,1.2055829263690342e-08
1828.0,-7.084072307303873e-09,1.2388866371688175e-08
1829.0,-5.0725169032683345e-09,1.2802259822871348e-08
1830.0,-5.82507730284374e-09,1.2639456288400454e-08
1831.0,-7.437171211966667e-09,1.2151339995161797e-08
1832.0,-8.309368134044003e-09,1.20365604514088e-08
1833.0,-9.214507624265024e-09,1.1731385724019933e-08
1834.0,-1.0449316827418344e-08,1.150123271209042e-08
1835.0,-1.1418778360557428e-08,1.124574724585956e-08
1836.0,-1.3044667336634858e-08,1.0953905549808465e-08
1837.0,-1.4236692017615979e-08,1.0546394797193776e-08
1838.0,-1.5459232312332822e-08,1.0225639631696781e-08
1839.0,-1.551803792856223e-08,1.0047965643575427e-08
1840.0,-1.6543709818669476e-08,9.805100056670297e-09
1841.0,-1.7139441011336107e-08,9.52062315439059e-09
1842.0,-1.8104035076098905e-08,9.180101572987526e-09
1843.0,-1.9310310819546902e-08,8.642043740769763e-09
1844.0,-2.0250130256212638e-08,8.301041836359488e-09
1845.0,-2.0647337332590833e-08,7.956913666764257e-09
1846.0,-2.1165027367740568e-08,7.67651182562229e-09
1847.0,-2.1327718003430153e-08,7.446859785112731e-09
1848.0,-2.2252465350830693e-08,7.23179567617289e-09
1849.0,-2.2565181108110758e-08,6.9189211279259974e-09
1850.0,-2.3339422945386952e-08,6.680728655339777e-09
1851.0,-2.369554909081537e-08,6.4056590399561415e-09
1852.0,-2.4199129160561145e-08,6.168739173673598e-09
1853.0,-2.4341232855562523e-08,5.909122838477967e-09
1854.0,-2.3836348390199003e-08,5.928048785600138e-09
1855.0,-2.35599828556241e-08,5.845803635218037e-09
1856.0,-2.484077719108352e-08,5.455478813187412e-09
1857.0,-2.595743835678345e-08,4.9708383701606175e-09
1858.0,-2.5038986858182084e-08,5.155051452087139e-09
1859.0,-2.3977210043067735e-08,5.2324929490237185e-09
1860.0,-2.291633861407421e-08,5.412903477297451e-09
1861.0,-2.1686660499002655e-08,5.496886802971179e-09
1862.0,-2.2594625435790406e-08,5.258414629714431e-09
1863.0,-2.343583347468754e-08,4.9018760340840135e-09
1864.0,-2.3737832207874058e-08,4.736435682970171e-09
1865.0,-2.3388705836958715e-08,4.553018569607775e-09
1866.0,-2.346770866021031e-08,4.401118594810631e-09
1867.0,-2.3603902152407544e-08,4.244206887448945e-09
1868.0,-2.441945397405118e-08,3.991169443388368e-09
1869.0,-2.5715024435238103e-08,3.5034900754190326e-09
1870.0,-2.7658263130367218e-08,2.8599760379447813e-09
1871.0,-2.6980831431886517e-08,2.780704219457823e-09
1872.0,-2.7209966816761726e-08,2.724257505795724e-09
1873.0,-2.806762861909991e-08,2.2366749631357045e-09
1874.0,-2.854381173753889e-08,1.9388972509616615e-09
1875.0,-2.8570142859914134e-08,1.7406633584687716e-09
1876.0,-2.839298010338704e-08,1.648889140181896e-09
1877.0,-2.7476607152482374e-08,1.6421840644693113e-09
1878.0,-2.793044848489721e-08,1.2760653627516967e-09
1879.0,-2.811788710739405e-08,9.091098743269389e-10
1880.0,-2.7670004839688173e-08,7.358932041248e-10
1881.0,-2.674380276022915e-08,6.471104078699004e-10
1882.0,-2.6892488925726858e-08,3.2921816443042315e-10
1883.0,-2.446982473783019e-08,5.777176493635134e-10
1884.0,-2.164686482875954e-08,1.2193790723083436e-09
1885.0,-2.0741089442251233e-08,1.0913224024366717e-09
1886.0,-2.0749918647071342e-08,9.107996677746695e-10
1887.0,-1.9654105708866533e-08,8.335101354560617e-10
1888.0,-1.8619189022231955e-08,8.975698317931046e-10
1889.0,-1.7873083585009827e-08,7.871922391481683e-10
1890.0,-1.7669517752654644e-08,7.452155284674637e-10
1891.0,-1.5571367756291577e-08,1.084695297882176e-09
1892.0,-1.3992828035917633e-08,1.4131520781287475e-09
1893.0,-1.234710579642289e-08,1.4939970106925226e-09
1894.0,-1.112640907088184e-08,1.5761318554039612e-09
1895.0,-9.186530076780726e-09,1.8141278626668657e-09
1896.0,-7.577474713213032e-09,2.2014103072848455e-09
1897.0,-7.234398121086115e-09,2.1109318585661973e-09
1898.0,-6.98184948629877e-09,2.104700968819595e-09
1899.0,-6.174518784326054e-09,2.113925023435197e-09
1900.0,-6.349733685032644e-09,2.0843572751571155e-09
1901.0,-6.868073819180568e-09,1.8060013239540272e-09
1902.0,-7.858077808428249e-09,1.5010749699633227e-09
1903.0,-6.9562882184799755e-09,1.605723345055905e-09
1904.0,-6.838046456316831e-09,1.721894797571829e-09
1905.0,-6.675225718010149e-09,1.6250835788669697e-09
1906.0,-7.108460166256978e-09,1.4779495291887894e-09
1907.0,-6.901438302458511e-09,1.4436202645400184e-09
1908.0,-7.812849833873956e-09,1.28208902398752e-09
1909.0,-7.253192605628783e-09,1.2889023661030032e-09
1910.0,-7.892290519299831e-09,1.1204977200695518e-09
1911.0,-9.04710541711382e-09,7.623311748373643e-10
1912.0,-8.916633342936256e-09,9.169516621790744e-10
1913.0,-7.67841853437714e-09,1.2166516001850476e-09
1914.0,-5.582820835153647e-09,1.829894757976821e-09
1915.0,-5.921122080663748e-09,1.7508193575507428e-09
1916.0,-6.407684003938469e-09,1.867244538109262e-09
1917.0,-6.4943656293726145e-09,1.9313601913442397e-09
1918.0,-6.4417056740725626e-09,2.103429613606252e-09
1919.0,-6.047361589652196e-09,2.283658229109391e-09
1920.0,-6.147039484330401e-09,2.5572456826047663e-09
1921.0,-6.019173737455719e-09,2.71925190254949e-09
1922.0,-6.346577312090015e-09,2.8698045376623497e-09
1923.0,-5.8136392704335846e-09,3.1737384230818287e-09
1924.0,-6.761825354458662e-09,3.2210899007773935e-09
1925.0,-7.554446408017486e-09,3.1415560946283967e-09
1926.0,-7.98610446422047e-09,3.3336571368245425e-09
1927.0,-8.023978394417414e-09,3.492515655618447e-09
1928.0,-7.51377652593305e-09,4.000168749557767e-09
1929.0,-8.372745929691014e-09,4.0121453938305865e-09
1930.0,-9.253574712620916e-09,4.080287422344482e-09
1931.0,-9.208936973719132e-09,4.296405813341636e-09
1932.0,-9.337290322206897e-09,4.6295470776677186e-09
1933.0,-8.89099788216475e-09,4.907417042117279e-09
1934.0,-8.277371922129798e-09,5.278210905121369e-09
1935.0,-7.843667279009437e-09,5.566922739279108e-09
1936.0,-8.300108085942292e-09,6.005387080012527e-09
1937.0,-8.148101500072792e-09,6.294151122282969e-09
1938.0,-7.842001703127283e-09,6.6728747987100576e-09
1939.0,-7.0251130074528515e-09,7.10714445023512e-09
1940.0,-5.51789699543965e-09,7.795225352834261e-09
1941.0,-5.996833214974124e-09,7.965640594472382e-09
1942.0,-6.74289066831805e-09,8.129571953340053e-09
1943.0,-6.63653083175356e-09,8.526609875870368e-09
1944.0,-7.074249693702999e-09,8.913978679688371e-09
1945.0,-7.548669335209425e-09,9.070188992147113e-09
1946.0,-7.659100207850533e-09,9.411996156676022e-09
1947.0,-6.846100586696551e-09,9.766234803996607e-09
1948.0,-7.381056600982256e-09,1.0053156532682739e-08
1949.0,-7.908298216554759e-09,1.0267214990161262e-08
1950.0,-9.244786174954821e-09,1.0313889895444414e-08
1951.0,-7.847535526801826e-09,1.0834503829960316e-08
1952.0,-7.859603527046278e-09,1.1304753454911263e-08
1953.0,-6.6570848076264094e-09,1.1900994903650332e-08
1954.0,-5.232953197467582e-09,1.2575026909240395e-08
1955.0,-5.416153821985681e-09,1.2670523633781295e-08
1956.0,-5.432576019818495e-09,1.2953383305667658e-08
1957.0,-4.6666225882925846e-09,1.3368186086168581e-08
1958.0,-4.165448696078765e-09,1.377662803502793e-08
1959.0,-4.5008253002815034e-09,1.3952604797151624e-08
1960.0,-5.615341066982228e-09,1.4113979485970736e-08
1961.0,-6.655539687497207e-09,1.4074670452662203e-08
1962.0,-5.930387001951057e-09,1.44159910733004e-08
1963.0,-5.381445622039831e-09,1.4717894456704223e-08
1964.0,-5.558736165920861e-09,1.492048196965454e-08
1965.0,-5.771248630287853e-09,1.5039790567935932e-08
1966.0,-5.85144396106019e-09,1.5273954688961224e-08
1967.0,-5.0206678657365296e-09,1.560840274600952e-08
1968.0,-5.62859943702061e-09,1.5622715393079313e-08
1969.0,-6.6548353484841985e-09,1.5418210043992377e-08
1970.0,-7.606576011798817e-09,1.5288579900974236e-08
1971.0,-7.0387082068029706e-09,1.547372401381938e-08
1972.0,-7.17721876619114e-09,1.5588907853031385e-08
1973.0,-7.0255942293829336e-09,1.563526628913337e-08
1974.0,-6.944244180026942e-09,1.576985829267182e-08
1975.0,-6.01600329667858e-09,1.5906331565464637e-08
1976.0,-5.503820940759204e-09,1.6161202020456203e-08
1977.0,-4.34718256916989e-09,1.6356718958937645e-08
1978.0,-3.6482515339529742e-09,1.654338107325746e-08
1979.0,-2.8260833417298566e-09,1.6684977386276885e-08
1980.0,-3.369004123838362e-09,1.6632468907843226e-08
1981.0,-2.6109967976363744e-09,1.6691599227729016e-08
1982.0,-5.355319299764717e-10,1.7206381399819163e-08
1983.0,3.823370121485602e-10,1.7289206858696088e-08
1984.0,9.320834567541008e-11,1.7257973903102382e-08
1985.0,-1.298334075941676e-09,1.684944584920578e-08
1986.0,-5.628399131585183e-10,1.6984021107875762e-08
1987.0,6.290238373977482e-10,1.7063258209744742e-08
1988.0,8.285004729491499e-10,1.7066822715639333e-08
1989.0,1.3676412824071201e-09,1.706544538604315e-08
1990.0,1.5875663521169843e-09,1.7040247542744658e-08
1991.0,1.8494546322755701e-09,1.6883919627748288e-08
1992.0,2.257156236056389e-09,1.6875645172431276e-08
1993.0,3.0903728229839148e-09,1.676037949798705e-08
1994.0,4.083934134270544e-09,1.6846847072118545e-08
1995.0,4.618326591040714e-09,1.6735929535111068e-08
1996.0,3.0431545287123713e-09,1.629136573187063e-08
1997.0,4.137138770400781e-09,1.628629015732733e-08
1998.0,5.267132627071666e-09,1.637870318940956e-08
1999.0,6.5482746280625796e-09,1.644503718764105e-08
2000.0,7.706556514918507e-09,1.6663455559550793e-08
2001.0,7.083216035500807e-09,1.6266882069305217e-08
2002.0,5.838342960837934e-09,1.578413553869696e-08
2003.0,5.713230660771869e-09,1.5497364824824934e-08
2004.0,5.733548103646272e-09,1.5397444683081466e-08
2005.0,6.420713322135538e-09,1.528313093260489e-08
2006.0,6.736496787040351e-09,1.5177653546423966e-08
2007.0,6.748444660102175e-09,1.4932296606665977e-08
2008.0,6.092314731238193e-09,1.4635632126519008e-08
2009.0,8.000451570108517e-09,1.4806767222926042e-08
2010.0,1.0165167709140995e-08,1.5089625034143006e-08
2011.0,1.2883191781592141e-08,1.541964595288116e-08
2012.0,1.2984555375040562e-08,1.522270970239526e-08
2013.0,1.3481064092188616e-08,1.4971259198685784e-08
2014.0,1.4394432002942728e-08,1.4896852812631634e-08
2015.0,1.6370132920046052e-08,1.50359289295322e-08
2016.0,1.7395283191216075e-08,1.512032168294007e-08
2017.0,1.8042914326760734e-08,1.4955585982842814e-08
2018.0,1.9877120091645797e-08,1.51973562965449e-08
2019.0,2.2623096167726176e-08,1.5453804972846726e-08
2020.0,2.4622853458196753e-08,1.5690978668471633e-08
2021.0,2.6814212920723092e-08,1.588723210993831e-08
2022.0,2.8509689612766916e-08,1.6097197860325917e-08
2023.0,3.1421133640329346e-08,1.6509109715752678e-08
2024.0,3.24160293993495e-08,1.6590829345763734e-08
2025.0,3.380530259597847e-08,1.6557371887414505e-08
2026.0,3.475407384000808e-08,1.660049442774604e-08
2027.0,3.524716025535323e-08,1.649836975416987e-08
2028.0,3.5117315155621e-08,1.636733500507168e-08
2029.0,3.796607639968421e-08,1.674825385032837e-08
2030.0,4.0065062601119736e-08,1.703460967330782e-08
2031.0,4.1754647790789194e-08,1.7103224821238216e-08
2032.0,4.323982918540145e-08,1.7286547720957108e-08
2033.0,4.526762231173193e-08,1.7463797761787437e-08
2034.0,4.674950788588976e-08,1.767068270217005e-08
2035.0,4.9038197458863706e-08,1.7811172130549216e-08
2036.0,5.0138271297039286e-08,1.788577097645833e-08
2037.0,5.242108981091994e-08,1.806927511444071e-08
2038.0,5.4740371722495e-08,1.8385578989458958e-08
2039.0,5.537506022171886e-08,1.816562039556148e-08
2040.0,5.4482387529121695e-08,1.782890653407645e-08
2041.0,5.603231002839685e-08,1.7887216416219727e-08
2042.0,5.6892833046738234e-08,1.79252743622003e-08
2043.0,5.707455410322217e-08,1.7708932997942373e-08
2044.0,5.649884995854348e-08,1.7488242225433854e-08
2045.0,5.609794847585782e-08,1.720934434808305e-08
2046.0,5.54122237333173e-08,1.692886905616681e-08
2047.0,5.4693723331431956e-08,1.651101166972215e-08
2048.0,5.396305945514015e-08,1.6273165742013557e-08
2049.0,5.4424824752066594e-08,1.6169520522097865e-08
2050.0,5.4104288425001447e-08,1.6012464232376654e-08
2051.0,5.442373008776394e-08,1.5934464702489913e-08
2052.0,5.4872189954514534e-08,1.6025931562563224e-08
2053.0,5.502805688997635e-08,1.5808918537810374e-08
2054.0,5.554869160784396e-08,1.5703418068183845e-08
2055.0,5.629629401245066e-08,1.55612517509906e-08
2056.0,5.665336158033203e-08,1.5524496173699978e-08
2057.0,5.7408699246636024e-08,1.5435725554227966e-08
2058.0,5.8462307411361306e-08,1.549981158173078e-08
2059.0,6.014158186818308e-08,1.5567327712228032e-08
2060.0,6.152538351964748e-08,1.572910171129027e-08
2061.0,6.407199882609261e-08,1.6041202724675755e-08
2062.0,6.545314657415781e-08,1.619698114980041e-08
2063.0,6.746978991233143e-08,1.642916771846205e-08
2064.0,6.895158683062945e-08,1.6711727490304535e-08
2065.0,7.080179191713257e-08,1.6842632215214693e-08
2066.0,7.157538027384559e-08,1.6973330447673336e-08
2067.0,7.272063783608372e-08,1.7040657820462735e-08
2068.0,7.279039539581448e-08,1.7073394465614488e-08
2069.0,7.31851766005397e-08,1.6982627096073154e-08
2070.0,7.329882020494886e-08,1.693843026391564e-08
2071.0,7.347363276641602e-08,1.677827209217207e-08
2072.0,7.333936186874486e-08,1.671964318049069e-08
2073.0,7.330348454986964e-08,1.6538760251448463e-08
2074.0,7.288830802351688e-08,1.641381349585482e-08
2075.0,7.282556395746493e-08,1.6228006706077265e-08
2076.0,7.25665550887164e-08,1.609039287207728e-08
2077.0,7.274313909841938e-08,1.5866884683537627e-08
2078.0,7.270387973770452e-08,1.5722602454123278e-08
2079.0,7.399761307304376e-08,1.5799714586910248e-08
2080.0,7.333235588637087e-08,1.5547898705722112e-08
2081.0,7.286147853926913e-08,1.5197501216493258e-08
2082.0,7.191909126886579e-08,1.4855252068643195e-08
2083.0,7.098944221478033e-08,1.4395953735651986e-08
2084.0,7.19700083500212e-08,1.4523473513079763e-08
2085.0,7.300101224586032e-08,1.4479822577322715e-08
2086.0,7.346180721205655e-08,1.4430075346613032e-08
2087.0,7.388749422723615e-08,1.4317971218854969e-08
2088.0,7.344957434280935e-08,1.4193748730963697e-08
2089.0,7.418518841232266e-08,1.4110722976471333e-08
2090.0,7.54667711776456e-08,1.4288905405281137e-08
2091.0,7.477115629099216e-08,1.3897981227577641e-08
2092.0,7.40621563527555e-08,1.359636437385019e-08
2093.0,7.406202936796045e-08,1.3324996179060934e-08
2094.0,7.381595295231569e-08,1.3113850928906767e-08
2095.0,7.437527904462902e-08,1.3032770587396449e-08
2096.0,7.450580008691792e-08,1.2981751417930318e-08
2097.0,7.563317468460523e-08,1.303258702763169e-08
2098.0,7.588895299967515e-08,1.2936681066348684e-08
2099.0,7.665181948009417e-08,1.2880426840057347e-08
2100.0,7.685182119437412e-08,1.2834338176045883e-08
2101.0,7.721482047040609e-08,1.2673470418245715e-08
2102.0,7.738597132496333e-08,1.2519284102743329e-08
2103.0,7.844624692541673e-08,1.238045168035222e-08
2104.0,7.881255849081334e-08,1.2263911976644272e-08
2105.0,7.930101948918575e-08,1.2076022305631688e-08
2106.0,7.917098065217337e-08,1.192640202473942e-08
2107.0,7.947133575048777e-08,1.1681636461765406e-08
2108.0,7.933260303036813e-08,1.1520338013221703e-08
2109.0,7.968463865554896e-08,1.1198512414122863e-08
2110.0,8.04123448136987e-08,1.1071784218222988e-08
2111.0,8.007586022297206e-08,1.0649903826375862e-08
2112.0,7.908213652405364e-08,1.0226779645593835e-08
2113.0,8.196547786080837e-08,1.0629614722376554e-08
2114.0,8.278038873780729e-08,1.0552823751717953e-08
2115.0,8.390393725573789e-08,1.0346853983209343e-08
2116.0,8.421779058062475e-08,1.0122339353805449e-08
2117.0,8.493731055149853e-08,9.894289698336008e-09
2118.0,8.516503827804873e-08,9.685663366318867e-09
2119.0,8.567648534599503e-08,9.496733181786315e-09
2120.0,8.593234778984633e-08,9.278888084268776e-09
2121.0,8.599677880589583e-08,8.854869195970208e-09
2122.0,8.490953309900703e-08,8.218456410540557e-09
2123.0,8.627256169119669e-08,8.147793457548341e-09
2124.0,8.726939391858792e-08,8.028579461831284e-09
2125.0,8.81830862351487e-08,7.831269763412638e-09
2126.0,8.959600792966794e-08,7.828324854184805e-09
2127.0,8.921670339708513e-08,7.357553907219255e-09
2128.0,8.875110379481384e-08,6.936056938823607e-09
2129.0,8.924213686730372e-08,6.593735635291761e-09
2130.0,8.981610637051949e-08,6.4757757564155814e-09
2131.0,9.057354243568502e-08,6.241462700909548e-09
2132.0,9.127397945687688e-08,6.172344635105239e-09
2133.0,9.250347835087567e-08,6.125469538720449e-09
2134.0,9.212040075215116e-08,5.7730716601684315e-09
2135.0,9.159828941362866e-08,5.2963931038158275e-09
2136.0,9.085968886449357e-08,4.949432592138633e-09
2137.0,9.057202079547693e-08,4.607638366279733e-09
2138.0,9.166763298952857e-08,4.611149934083583e-09
2139.0,9.30394419709388e-08,4.568048166332736e-09
2140.0,9.228819190370995e-08,4.195471969336908e-09
2141.0,9.130514737581028e-08,3.6308081414393056e-09
2142.0,9.079909045724289e-08,3.3243023935489753e-09
2143.0,9.040849245915341e-08,3.010378184512149e-09
2144.0,9.073583649044096e-08,2.9294220077113936e-09
2145.0,9.260893675125681e-08,3.0621267886395613e-09
2146.0,9.216056406352369e-08,2.701489633607743e-09
2147.0,9.124293978677372e-08,2.198418007475664e-09
2148.0,9.033508391858505e-08,1.871004136334898e-09
2149.0,9.126518227657974e-08,1.8253389015543407e-09
2150.0,9.225714791243903e-08,1.929366743702973e-09
2151.0,9.290235426007091e-08,1.890712777774015e-09
2152.0,9.260588563835465e-08,1.750740474787198e-09
2153.0,9.230426849994523e-08,1.4405013183734064e-09
2154.0,9.113352849720967e-08,1.0424002186437995e-09
2155.0,9.19748515170013e-08,1.0923004374899214e-09
2156.0,9.289965631741079e-08,1.2664646948456056e-09
2157.0,9.487218333384712e-08,1.5578624704399646e-09
2158.0,9.421566291289603e-08,1.2727972348320833e-09
2159.0,9.364867175766433e-08,9.539601906417773e-10
2160.0,9.320840170280807e-08,9.381867855324031e-10
2161.0,9.389623563727731e-08,9.526236804834739e-10
2162.0,9.378527806522345e-08,8.765794893378383e-10
2163.0,9.401076564067898e-08,8.836121504074871e-10
2164.0,9.387752495629547e-08,8.669345598364098e-10
2165.0,9.362190409980986e-08,6.617560674996659e-10
2166.0,9.271366861516258e-08,4.2920525706831065e-10
2167.0,9.404676682219226e-08,6.890363159866881e-10
2168.0,9.48115632616446e-08,9.580049398864933e-10
2169.0,9.533843170339693e-08,1.0058338104338317e-09
2170.0,9.484352274343589e-08,8.949948652623204e-10
2171.0,9.439913991224915e-08,7.525176095409799e-10
2172.0,9.303977330086014e-08,5.479437196087244e-10
2173.0,9.24590644183156e-08,3.972381865835109e-10
2174.0,9.324050190629407e-08,7.010818283578933e-10
2175.0,9.276892209061643e-08,5.987784576372366e-10
2176.0,9.16071020648098e-08,4.82815857503736e-10
2177.0,8.998854471040643e-08,8.229617061913396e-11
2178.0,8.992457219527962e-08,1.3586659669806722e-10
2179.0,8.977485780072403e-08,5.749951394954392e-11
2180.0,8.894991657614233e-08,1.1285064859011354e-11
2181.0,8.852074313720779e-08,-1.449085880154536e-10
2182.0,8.754846275245519e-08,-3.5750233539213114e-10
2183.0,8.71031461825335e-08,-4.926350487873551e-10
2184.0,8.62224183108902e-08,-5.609976288708539e-10
2185.0,8.607416958628739e-08,-6.394316227037488e-10
2186.0,8.636430340367034e-08,-4.977801445940595e-10
2187.0,8.775057837785983e-08,-1.7117425688021586e-10
2188.0,8.715627410650767e-08,-2.215041069288297e-10
2189.0,8.570508325681387e-08,-6.019808040608921e-10
2190.0,8.663779674789466e-08,-2.512078333196675e-10
2191.0,8.696671288917147e-08,-1.4080370929103865e-10
2192.0,8.725955202061832e-08,1.1899735105605635e-10
2193.0,8.812591408239702e-08,3.955285165990913e-10
2194.0,8.868459428623988e-08,6.830535496837794e-10
2195.0,8.836601699889855e-08,6.987084972308802e-10
2196.0,8.77575827395496e-08,8.774441356557431e-10
2197.0,8.787416713407889e-08,1.0730842186116778e-09
2198.0,8.768212528468253e-08,1.3603588626616562e-09
2199.0,8.74811012152166e-08,1.528263255368218e-09
2200.0,8.734629280506554e-08,1.818967887077498e-09
2201.0,8.743912582815855e-08,2.0031459920958016e-09
2202.0,8.443908562632316e-08,1.5505118569949294e-09
2203.0,8.386059094323632e-08,1.5872060170963818e-09
2204.0,8.304160241885296e-08,1.7266683700489587e-09
2205.0,8.22831043680927e-08,1.7327169813191496e-09
2206.0,8.128302883041545e-08,1.7227930673210881e-09
2207.0,8.050669104353058e-08,1.6512592445377485e-09
2208.0,7.931426945452331e-08,1.6015238864341646e-09
2209.0,7.864531239653667e-08,1.5396927314324564e-09
2210.0,7.78996434110502e-08,1.5541750768233677e-09
2211.0,7.688166333253994e-08,1.3973203976029685e-09
2212.0,7.522786530342789e-08,1.2276715476315768e-09
2213.0,7.701497763243967e-08,1.7137986555423068e-09
2214.0,7.621273861237569e-08,1.6386899852004987e-09
2215.0,7.516730863495324e-08,1.4101292479418232e-09
2216.0,7.419341018568598e-08,1.3948381473011197e-09
2217.0,7.389249136020144e-08,1.3640612381930993e-09
2218.0,7.3144183000331e-08,1.3302676294650797e-09
2219.0,7.313499828143434e-08,1.3683663439214934e-09
2220.0,7.243653253637837e-08,1.4138970247887062e-09
2221.0,7.1998135851583e-08,1.3581365804775945e-09
2222.0,7.130391560851998e-08,1.366870201739825e-09
2223.0,7.087299004148174e-08,1.3371177569475244e-09
2224.0,7.093260611705728e-08,1.559696584592756e-09
2225.0,7.266692924608007e-08,2.003531118844788e-09
2226.0,7.12327440761997e-08,1.7962854234301444e-09
2227.0,7.032892741118968e-08,1.6189435866010374e-09
2228.0,6.89891408256451e-08,1.5144313334063064e-09
2229.0,6.706256333759509e-08,1.1009641118955938e-09
2230.0,6.674513402964823e-08,1.1856309072683875e-09
2231.0,6.730498627782936e-08,1.3867839568113082e-09
2232.0,6.683640337129508e-08,1.4761300653969914e-09
2233.0,6.64213867754395e-08,1.3760971083104952e-09
2234.0,6.642369219429519e-08,1.4746271745602454e-09
2235.0,6.636669658577797e-08,1.4644445002956134e-09
2236.0,6.638418828661865e-08,1.6025216730237457e-09
2237.0,6.693615616719947e-08,1.697324611983317e-09
2238.0,6.674463796826061e-08,1.7223608927127827e-09
2239.0,6.614051943529923e-08,1.5784420809814423e-09
2240.0,6.566061362197788e-08,1.6549110124512635e-09
2241.0,6.647689149733989e-08,1.873250449294316e-09
2242.0,6.613219781695118e-08,1.8960932149863736e-09
2243.0,6.341227565826602e-08,1.293104087772282e-09
2244.0,6.186483060781047e-08,1.1461846473603607e-09
2245.0,6.134988049153451e-08,1.0696969890288e-09
2246.0,6.046841727260799e-08,1.0058330060706357e-09
2247.0,5.976422853397113e-08,8.805667956000882e-10
2248.0,5.909256074913088e-08,8.855918301357146e-10
2249.0,5.904555192381078e-08,9.086037030909654e-10
2250.0,5.969240173193112e-08,1.1798055806268572e-09
2251.0,5.8500944952490353e-08,9.19072676407928e-10
2252.0,5.73253498734551e-08,7.856455485884748e-10
2253.0,5.700818130157809e-08,7.345423852870204e-10
2254.0,5.663390830578589e-08,7.613690400099485e-10
2255.0,5.581155067843565e-08,5.877324922888757e-10
2256.0,5.3999456899361543e-08,2.8225307435500595e-10
2257.0,5.4660460286532435e-08,4.786643986493274e-10
2258.0,5.471747571271706e-08,6.439039280872157e-10
2259.0,5.427323882389715e-08,5.968752385651824e-10
2260.0,5.355513213793045e-08,6.269275194444635e-10
2261.0,5.38003782578425e-08,7.550639999633924e-10
2262.0,5.4247949541371484e-08,1.006472342296262e-09
2263.0,5.264173449624174e-08,6.533415603808504e-10
2264.0,5.0867778137809406e-08,4.0817849048925435e-10
2265.0,5.0031248878267306e-08,1.9628048373094334e-10
2266.0,4.889494678742015e-08,-9.943680007936019e-12
2267.0,4.8719685546672197e-08,-5.105037498453999e-11
2268.0,4.7651123844007574e-08,-1.5893889152887722e-10
2269.0,4.6008087963960626e-08,-5.737684012937301e-10
2270.0,4.5347082744283584e-08,-6.278035254877937e-10
2271.0,4.6093924092333835e-08,-4.667746711530434e-10
2272.0,4.575012394096291e-08,-4.821732005138943e-10
2273.0,4.6053544114694154e-08,-4.838765904905254e-10
2274.0,4.671974257702247e-08,-3.1270074829084726e-10
2275.0,4.560681685788622e-08,-6.830265066911504e-10
2276.0,4.4955016718613785e-08,-7.912960663689283e-10
2277.0,4.533504061626748e-08,-7.962454776305397e-10
2278.0,4.525037105047755e-08,-8.09718461990699e-10
2279.0,4.44061761969844e-08,-1.1134259824684153e-09
2280.0,4.295781427965843e-08,-1.3812527457446504e-09
2281.0,4.3393360244967056e-08,-1.3359980635858414e-09
2282.0,4.387766123367014e-08,-1.1290852292555229e-09
2283.0,4.416629326693592e-08,-1.089482896920883e-09
2284.0,4.3695760265475365e-08,-1.1563422857598211e-09
2285.0,4.3172254625233233e-08,-1.3297810644403828e-09
2286.0,4.3103432707679276e-08,-1.2805136561352955e-09
2287.0,4.387030254213628e-08,-1.1285554176448658e-09
2288.0,4.235115324292358e-08,-1.2875671863915315e-09
2289.0,4.204970916600172e-08,-1.3525215047149033e-09
2290.0,4.105305145132468e-08,-1.4804971761584509e-09
2291.0,3.941341645640383e-08,-1.840061101196777e-09
2292.0,3.92292773282407e-08,-1.683310740277899e-09
2293.0,3.92722852507461e-08,-1.7056528216623668e-09
2294.0,3.87155004316685e-08,-1.7780276064330123e-09
2295.0,3.819758846130378e-08,-1.928149925109733e-09
2296.0,3.815147082510787e-08,-1.8128913088386723e-09
2297.0,3.819209104529018e-08,-1.831726633268233e-09
2298.0,3.7401133852348335e-08,-1.913764427017657e-09
2299.0,3.675535929184711e-08,-2.0311173059380954e-09
2300.0,3.55173262442537e-08,-2.157148061880671e-09
2301.0,3.5428540063722545e-08,-2.153529649685943e-09
2302.0,3.627533777448097e-08,-1.7932978696574749e-09
2303.0,3.509101544200723e-08,-2.029537763430016e-09
2304.0,3.3278086042095165e-08,-2.2645285593133272e-09
2305.0,3.244781830141832e-08,-2.44801697927535e-09
2306.0,3.1865185777060585e-08,-2.433669486332673e-09
2307.0,3.095787877008216e-08,-2.5767828250563136e-09
2308.0,3.0323728018805376e-08,-2.4849040996725192e-09
2309.0,2.9142600265746886e-08,-2.7085570594827103e-09
2310.0,2.6840005415351264e-08,-3.144037182468541e-09
2311.0,2.6565401461065043e-08,-3.1878333561086324e-09
2312.0,2.5392532270408824e-08,-3.19412272320063e-09
2313.0,2.481613255269753e-08,-3.2635173050104194e-09
2314.0,2.5072382181454935e-08,-3.0648340646960275e-09
2315.0,2.673548369655231e-08,-2.6519489767408535e-09
2316.0,2.549611211158394e-08,-2.710756219259719e-09
2317.0,2.4907707270658333e-08,-2.782537280102237e-09
2318.0,2.4473264446471167e-08,-2.7078511237787645e-09
2319.0,2.4655582004399375e-08,-2.5544582486238748e-09
2320.0,2.4565525511879808e-08,-2.2986640083873898e-09
2321.0,2.4562099160829418e-08,-2.1030985668306674e-09
2322.0,2.3366081165185445e-08,-2.0513526963403747e-09
2323.0,2.2246551443605494e-08,-2.1352880527453783e-09
2324.0,2.3087415124053623e-08,-1.591500052385231e-09
2325.0,2.2421860580744254e-08,-1.5756176523747595e-09
2326.0,2.0809201918838874e-08,-1.630585416653164e-09
2327.0,1.914421294308755e-08,-1.8519802035921008e-09
2328.0,1.784549013190015e-08,-1.8907436727245725e-09
2329.0,1.7701081860404782e-08,-1.8378387149382407e-09
2330.0,1.623525008649971e-08,-1.91053808295322e-09
2331.0,1.4694699347857362e-08,-2.201963251383976e-09
2332.0,1.5177128214771218e-08,-1.7990954778512441e-09
2333.0,1.680595561940033e-08,-1.279962669403954e-09
2334.0,1.5655467770300395e-08,-1.3132366521081635e-09
2335.0,1.4390309649304528e-08,-1.5664312913556869e-09
2336.0,1.363678910103366e-08,-1.4873907428374695e-09
2337.0,1.3318136803106896e-08,-1.4791219671750678e-09
2338.0,1.3066998685255646e-08,-1.327621315222824e-09
2339.0,1.3233571588690524e-08,-1.1555682742507289e-09
2340.0,1.2718525932834057e-08,-9.991011412738434e-10
2341.0,1.2536140121933186e-08,-9.071929033657543e-10
2342.0,1.161869044065576e-08,-9.017979997783151e-10
2343.0,1.0222006231486452e-08,-1.1236301044220292e-09
2344.0,1.0759353795668529e-08,-6.332857409231907e-10
2345.0,1.2731068008924225e-08,3.6977391974273654e-11
2346.0,1.1646666476716566e-08,6.45935426914824e-11
2347.0,1.025444503974622e-08,-1.0074196762350616e-10
2348.0,9.188653089155631e-09,-2.4858341936665224e-11
2349.0,9.163709121627483e-09,1.5617108514990825e-10
2350.0,8.716065991443319e-09,3.370070782180812e-10
2351.0,8.69519369526059e-09,4.986831456045392e-10
2352.0,7.598118693019957e-09,5.047222797619776e-10
2353.0,6.6010427039846095e-09,3.345992337663063e-10
2354.0,7.237029491063483e-09,7.729629561255474e-10
2355.0,8.508095096350464e-09,1.193347472185588e-09
2356.0,8.453483026130917e-09,1.5182194520150345e-09
2357.0,8.353872635462377e-09,1.641869465715245e-09
2358.0,8.447501624649715e-09,1.8796851447940344e-09
2359.0,8.926442809389182e-09,2.11806431632806e-09
2360.0,9.373543824448825e-09,2.465445063252736e-09
2361.0,8.84154718751142e-09,2.454361363635328e-09
2362.0,7.926893035955415e-09,2.550215685619689e-09
2363.0,6.878961850088759e-09,2.503856545205666e-09
2364.0,5.577609348622779e-09,2.499881965302421e-09
2365.0,4.151889161042325e-09,2.216881149583754e-09
2366.0,3.903974567435197e-09,2.4434033314602317e-09
2367.0,4.242743716890566e-09,2.6699289275852837e-09
2368.0,3.2468206710753803e-09,2.7896737597725693e-09
2369.0,2.114449956576993e-09,2.695780990291077e-09
2370.0,1.1116212581000097e-09,2.7127467188487127e-09
2371.0,6.220213680956992e-10,2.7236962606647115e-09
2372.0,8.300133594428021e-10,3.0556126017221337e-09
2373.0,-2.95234394168193e-10,2.9099731045059433e-09
2374.0,-1.8654170506678394e-09,2.737826496465446e-09
2375.0,-2.6946349161526463e-09,2.65934989251715e-09
2376.0,-3.2046216754089525e-09,2.7672186347332852e-09
2377.0,-2.335419813121613e-09,3.0177085611022245e-09
2378.0,-1.3552125756897703e-09,3.4258164833864916e-09
2379.0,-9.578646884545934e-11,3.712501664503697e-09
2380.0,-6.537656833093792e-10,3.795058940732311e-09
2381.0,1.9216991227645235e-09,4.483496069378093e-09
2382.0,2.2970769522833423e-09,4.8061072252003274e-09
2383.0,2.8530115142174744e-09,5.092456443462405e-09
2384.0,2.7565329156874455e-09,5.4888595107732485e-09
2385.0,3.2247850935791433e-09,5.820728881663029e-09
2386.0,2.9793565995999954e-09,6.0355563276525555e-09
2387.0,3.292772863295109e-09,6.2484316188261015e-09
2388.0,2.717616328205242e-09,6.454998800022002e-09
2389.0,2.2536726557401414e-09,6.521531756924674e-09
2390.0,1.3175387124068874e-09,6.6316899241593515e-09
2391.0,3.8769713845591906e-10,6.620053050096243e-09
2392.0,1.1284039719630103e-10,6.967050237331538e-09
2393.0,-1.8225373030027554e-11,7.1575124906191056e-09
2394.0,-3.1330687485079484e-09,6.623046270598031e-09
2395.0,-4.3465119423588925e-09,6.468963542609837e-09
2396.0,-5.347769994487013e-09,6.571812562042497e-09
2397.0,-5.9215292661923174e-09,6.566054543815831e-09
2398.0,-6.694495235932261e-09,6.628637260507518e-09
2399.0,-6.5593137326504145e-09,6.807233735544142e-09
2400.0,-7.0362622982714905e-09,6.933597322326784e-09
2401.0,-7.056698259663975e-09,6.969942871622577e-09
2402.0,-6.615871189733243e-09,7.288489667179334e-09
2403.0,-5.3062897395586085e-09,7.63104311667669e-09
2404.0,-6.313433284820195e-09,7.618361490503987e-09
2405.0,-7.187153586016031e-09,7.481258779867533e-09
2406.0,-8.147650198042191e-09,7.452792284970534e-09
2407.0,-9.632479126942047e-09,7.173677058218925e-09
2408.0,-8.902827194935236e-09,7.550755590974532e-09
2409.0,-7.948420326095258e-09,7.879209733126249e-09
2410.0,-7.846246669752568e-09,8.103348490663343e-09
2411.0,-7.628244245898641e-09,8.261843640863354e-09
2412.0,-7.726589241409543e-09,8.439699863135245e-09
2413.0,-7.583778629177215e-09,8.515048156480229e-09
2414.0,-6.724267639948125e-09,8.841581119209775e-09
2415.0,-4.822118511503325e-09,9.294053483731408e-09
2416.0,-5.432145112596223e-09,9.30049944579591e-09
2417.0,-5.7172949098762145e-09,9.333212018320538e-09
2418.0,-5.624135828962387e-09,9.551866967627262e-09
2419.0,-6.002337452836735e-09,9.55547665423747e-09
2420.0,-7.287694170012689e-09,9.453696478270773e-09
2421.0,-6.5701495778225995e-09,9.675605106417676e-09
2422.0,-6.1228780270797315e-09,9.939667115631293e-09
2423.0,-5.9769979185587165e-09,1.0044398334306186e-08
2424.0,-6.322361629504278e-09,1.0177457509745975e-08
2425.0,-6.127304474967231e-09,1.0256357254702932e-08
2426.0,-6.178346420727788e-09,1.0369846581114089e-08
2427.0,-5.135231123706274e-09,1.0630409265668381e-08
2428.0,-5.757320453632762e-09,1.0599321669350963e-08
2429.0,-6.146946015284816e-09,1.0498026903346464e-08
2430.0,-6.721396761514328e-09,1.0436522197507302e-08
2431.0,-6.721604595791457e-09,1.0393418329537722e-08
2432.0,-5.846909459249994e-09,1.0675339665406877e-08
2433.0,-5.582242639756254e-09,1.0647981233936336e-08
2434.0,-6.219326328371645e-09,1.052135974223548e-08
2435.0,-4.167962780538836e-09,1.0947283737953162e-08
2436.0,-4.546588966139533e-09,1.0932864274771336e-08
2437.0,-4.568871463692915e-09,1.0827062198889983e-08
2438.0,-4.6677300492024945e-09,1.082617294204571e-08
2439.0,-3.898549339750494e-09,1.0899045836616027e-08
2440.0,-3.6845942332351373e-09,1.1046964004565468e-08
2441.0,-3.080249965662677e-09,1.1164322597731811e-08
2442.0,-2.7558655651215988e-09,1.1296377986079282e-08
2443.0,-1.8419240640777747e-09,1.1484528803787758e-08
2444.0,-6.916677117468995e-10,1.18869835927643e-08
2445.0,-1.3627282005880158e-09,1.1641953859362107e-08
2446.0,-3.1617573552782445e-09,1.1230768750603368e-08
2447.0,-2.764397615077963e-09,1.1331379219654307e-08
2448.0,-2.239376769581493e-09,1.1587118460889603e-08
2449.0,-2.021563676520062e-09,1.1585131699750075e-08
2450.0,-1.7422875524132474e-09,1.1710508354372074e-08
2451.0,-1.2842468024811855e-09,1.1781376994227112e-08
2452.0,-1.5216610804292765e-09,1.1778968115944228e-08
2453.0,-8.700984515313105e-10,1.179933109085405e-08
2454.0,-4.3170355138018695e-10,1.1915086890867748e-08
2455.0,7.309955378573556e-10,1.2041625193050231e-08
2456.0,2.0242762211015627e-09,1.2396105454546908e-08
2457.0,1.6340006132590231e-09,1.2152182778972664e-08
2458.0,1.6462224223463447e-09,1.2146024656475445e-08
2459.0,1.3400513835712138e-09,1.1943058251394414e-08
2460.0,1.0985188423160075e-09,1.1895154015689783e-08
2461.0,2.5117270792223247e-09,1.2059733129138644e-08
2462.0,2.9548664102517645e-09,1.214694857259384e-08
2463.0,3.958771748559938e-09,1.2263863029269717e-08
2464.0,5.410972653973645e-09,1.2631836584771216e-08
2465.0,5.372726539706896e-09,1.248458068795392e-08
2466.0,4.797336984020575e-09,1.2297434856009333e-08
2467.0,4.864635650632937e-09,1.215155911482294e-08
2468.0,5.2063916043395354e-09,1.2252916394879716e-08
2469.0,6.583631455484469e-09,1.2374571241547877e-08
2470.0,6.9644979359231895e-09,1.2367026639872256e-08
2471.0,7.210556060791953e-09,1.2277350058458246e-08
2472.0,7.012074244854014e-09,1.2192318859365588e-08
2473.0,7.99266913635295e-09,1.2212665706547074e-08
2474.0,6.871685435027257e-09,1.1872775716156958e-08
2475.0,6.010706714867095e-09,1.148972265211552e-08
2476.0,7.48289613224058e-09,1.1832238607055025e-08
2477.0,8.128097939986232e-09,1.1799267478944393e-08
2478.0,8.37196300759226e-09,1.1791256919359992e-08
2479.0,9.408475810539394e-09,1.1849665044246345e-08
2480.0,9.608607944676755e-09,1.1876022740797562e-08
2481.0,9.778372388719364e-09,1.1725280214742012e-08
2482.0,9.823368453412387e-09,1.165677682420674e-08
2483.0,1.0148947376442805e-08,1.15705528419207e-08
2484.0,1.0019614306517453e-08,1.1526570096807273e-08
2485.0,1.0158135546559395e-08,1.1344395473356457e-08
2486.0,1.0637135565879526e-08,1.1399998654037955e-08
2487.0,1.1448310007155541e-08,1.141927769248637e-08
2488.0,1.2315796658259502e-08,1.1635320239065703e-08
2489.0,1.1742854255041368e-08,1.1326384934651693e-08
2490.0,1.0734921201890345e-08,1.1048268126405086e-08
2491.0,1.2291741621833567e-08,1.1290944024458374e-08
2492.0,1.195633154867923e-08,1.1246328470237508e-08
2493.0,1.2362570184862729e-08,1.1222066341093377e-08
2494.0,1.207392476839068e-08,1.1160099150348337e-08
2495.0,1.2804701643317631e-08,1.1232113886480017e-08
2496.0,1.2083654425358037e-08,1.1143244201103117e-08
2497.0,1.1845845299179832e-08,1.0963675603187941e-08
2498.0,1.1407397011602156e-08,1.0830802527984479e-08
2499.0,1.1006045893973892e-08,1.0600896711083129e-08
2500.0,1.0060080443473583e-08,1.0397999423846854e-08
2501.0,9.917297324153817e-09,1.0172300536061235e-08
2502.0,8.998078490494923e-09,9.910538326942078e-09
2503.0,7.984329498262474e-09,9.476428956813308e-09
2504.0,8.292877214668668e-09,9.495907017751064e-09
2505.0,9.340087631232687e-09,9.494464345986856e-09
2506.0,9.550693845058117e-09,9.411822510230404e-09
2507.0,9.578894349330314e-09,9.175106496500962e-09
2508.0,9.419960373138056e-09,9.091682398749368e-09
2509.0,9.395445650670277e-09,8.840572769350064e-09
2510.0,1.0128858331618807e-08,8.940670057826631e-09
2511.0,1.2392951636487604e-08,9.347059338263967e-09
2512.0,1.2415949651834175e-08,9.354352053582802e-09
2513.0,1.2323890788701882e-08,9.191000257046148e-09
2514.0,1.1811660354914472e-08,9.004649356158097e-09
2515.0,1.2133241309011955e-08,8.917062100688629e-09
2516.0,1.1951675068756666e-08,8.932942219870344e-09
2517.0,1.200728012135447e-08,8.801773138626925e-09
2518.0,1.126672071870182e-08,8.609492149560185e-09
2519.0,1.1423030883216442e-08,8.538579111224473e-09
2520.0,1.197127291129002e-08,8.719448224328185e-09
2521.0,1.251572926439725e-08,8.735560327386526e-09
2522.0,1.2519404754512105e-08,8.701180793240476e-09
2523.0,1.3168810261435476e-08,8.680278458667345e-09
2524.0,1.4472427969478446e-08,8.958821551892018e-09
2525.0,1.3600997026207035e-08,8.521514625678857e-09
2526.0,1.217693978289196e-08,8.096489752492193e-09
2527.0,1.3922004065976487e-08,8.309708925984881e-09
2528.0,1.5115267462993055e-08,8.562017490093496e-09
2529.0,1.58799615707695e-08,8.526036469217334e-09
2530.0,1.621174014577941e-08,8.497009831902427e-09
2531.0,1.6525861328879673e-08,8.38517085820466e-09
2532.0,1.630472046197362e-08,8.30652736028104e-09
2533.0,1.6898064598620413e-08,8.21303334078395e-09
2534.0,1.7310548681801966e-08,8.234246646696037e-09
2535.0,1.784804094894617e-08,8.174385641914168e-09
2536.0,1.7434344588063995e-08,8.035872334614497e-09
2537.0,1.7637257589114896e-08,7.911203824128585e-09
2538.0,1.7631342024752408e-08,7.887238076011608e-09
2539.0,1.773848772094273e-08,7.817768503236308e-09
2540.0,1.7325846877696694e-08,7.754191560152979e-09
2541.0,1.7234560963691738e-08,7.638770885265411e-09
2542.0,1.633449336194841e-08,7.4354346574007374e-09
2543.0,1.528688869528034e-08,7.063281327642902e-09
2544.0,1.4278169046742413e-08,6.86115369692731e-09
2545.0,1.4245946253520467e-08,6.710186599150997e-09
2546.0,1.453806522778086e-08,6.751644020494944e-09
2547.0,1.4498938006523545e-08,6.570912180952571e-09
2548.0,1.3210288972329659e-08,6.2242903823233504e-09
2549.0,1.4370005459390525e-08,6.295614998094137e-09
2550.0,1.569446531711652e-08,6.512553477914937e-09
2551.0,1.807872224291345e-08,6.900408146977612e-09
2552.0,1.797854869472803e-08,6.834033568718841e-09
2553.0,1.915986671709802e-08,6.899521870164062e-09
2554.0,2.026565542178819e-08,7.070197178445036e-09
2555.0,2.1790131679459086e-08,7.2461200785019814e-09
2556.0,2.2923061091981947e-08,7.505467472168107e-09
2557.0,2.5013136291827825e-08,7.802916710386538e-09
2558.0,2.5907329418725795e-08,7.982002082493007e-09
2559.0,2.702961155174838e-08,8.106718273008009e-09
2560.0,2.686349745957996e-08,8.11967770056723e-09
2561.0,2.6036281859388037e-08,7.82939352261327e-09
2562.0,2.729528192225482e-08,8.198214082248473e-09
2563.0,2.899862241250992e-08,8.563524664909384e-09
2564.0,2.754121933639612e-08,8.342050251609695e-09
2565.0,2.614091565367253e-08,7.960602339911891e-09
2566.0,2.4800440133496696e-08,7.719409530636306e-09
2567.0,2.4394302634904445e-08,7.582376418793078e-09
2568.0,2.3831291669256557e-08,7.536851274243955e-09
2569.0,2.3801058351124155e-08,7.42341529634832e-09
2570.0,2.343849979085292e-08,7.35451090277004e-09
2571.0,2.297181350060686e-08,7.1099312004830164e-09
2572.0,2.173004126557565e-08,6.8431899582084216e-09
2573.0,2.296972502782035e-08,7.024963519422571e-09
2574.0,2.4674520906289367e-08,7.409555959398635e-09
2575.0,2.4472332194430754e-08,7.178629653544397e-09
2576.0,2.3173272612946193e-08,6.898807593010064e-09
2577.0,2.4377582444772276e-08,7.093308563916698e-09
2578.0,2.5274582476525866e-08,7.286817155458798e-09
2579.0,2.5354861141796558e-08,7.225763954795626e-09
2580.0,2.460855344909629e-08,7.121572994556498e-09
2581.0,2.3954806568580884e-08,6.890883064702069e-09
2582.0,2.2740937595470738e-08,6.6798984830152225e-09
2583.0,2.225078003136955e-08,6.500780248948316e-09
2584.0,2.1411602254617054e-08,6.377867458661779e-09
2585.0,2.099794688374495e-08,6.232271964762348e-09
2586.0,2.04845878655718e-08,6.1777273412613785e-09
2587.0,2.1367391384428945e-08,6.378779882192735e-09
2588.0,1.9681457584462696e-08,6.150156264204816e-09
2589.0,1.8276127471335294e-08,5.76614466153567e-09
2590.0,1.7236198866563413e-08,5.572387827746353e-09
2591.0,1.770014385961521e-08,5.654686405954227e-09
2592.0,1.6907189476338803e-08,5.60396572513319e-09
2593.0,1.7327838332089937e-08,5.659897326102923e-09
2594.0,1.630928330181669e-08,5.5115187767034925e-09
2595.0,1.4937148104753657e-08,5.11085642371762e-09
2596.0,1.4589643158932836e-08,5.1484102922297715e-09
2597.0,1.4354036143583006e-08,5.047154723756921e-09
2598.0,1.2648527564060104e-08,4.690446618993867e-09
2599.0,1.2126886339229145e-08,4.454872526075922e-09
2600.0,1.2292436319007047e-08,4.616291559269004e-09
2601.0,1.3846424452899128e-08,4.87743996321965e-09
2602.0,1.2993574938827053e-08,4.65752259909234e-09
2603.0,1.2378468617164546e-08,4.4132838599059724e-09
2604.0,1.2446845183505344e-08,4.516319454974024e-09
2605.0,1.3055713928094092e-08,4.545225600129641e-09
2606.0,1.3283268615816767e-08,4.655871443796189e-09
2607.0,1.38174412950987e-08,4.709290303810825e-09
2608.0,1.4243086745885907e-08,4.891464723320992e-09
2609.0,1.4085026217793692e-08,4.755832303608397e-09
2610.0,1.289482745875701e-08,4.50780823242412e-09
2611.0,1.3581728762861988e-08,4.623358777734943e-09
2612.0,1.3377223836124845e-08,4.714900002615851e-09
2613.0,1.3071854096529588e-08,4.572717316295135e-09
2614.0,1.2160442407774768e-08,4.4198750848258414e-09
2615.0,1.2294813792793069e-08,4.42222360985619e-09
2616.0,1.1867002073421604e-08,4.430325835213324e-09
2617.0,1.2360296776736938e-08,4.4774806072963165e-09
2618.0,1.1136027190292887e-08,4.241710077911964e-09
2619.0,1.0148157107176614e-08,3.932923908450968e-09
2620.0,9.006854564656094e-09,3.7553667688417795e-09
2621.0,8.804323396312531e-09,3.6372058239077047e-09
2622.0,7.828252645771899e-09,3.4552168024028503e-09
2623.0,6.633587793759234e-09,3.101773282911466e-09
2624.0,6.7561720391658585e-09,3.27912149734853e-09
2625.0,6.631912265989332e-09,3.1369982527905075e-09
2626.0,5.593385194439888e-09,2.909575930552687e-09
2627.0,5.553066488417019e-09,2.7953355392851972e-09
2628.0,5.568308034748376e-09,2.8468138131443925e-09
2629.0,6.318869278872669e-09,2.850130438428025e-09
2630.0,5.73005653399726e-09,2.6981204533735684e-09
2631.0,5.4032242886750496e-09,2.4417230066392877e-09
2632.0,5.07371533914354e-09,2.3535561321886225e-09
2633.0,5.764309331335152e-09,2.3252850542860066e-09
2634.0,5.717662383715539e-09,2.2525230901800374e-09
2635.0,5.596736084364485e-09,2.0500780062349556e-09
2636.0,6.1303014688394e-09,2.254943923917022e-09
2637.0,7.505988729436879e-09,2.4535927568771743e-09
2638.0,9.36841774206453e-09,2.8959688952402964e-09
2639.0,8.59802056369446e-09,2.5930071687705047e-09
2640.0,7.357410481704687e-09,2.3479957026236685e-09
2641.0,6.748683626294417e-09,2.044431074896503e-09
2642.0,6.162233280772918e-09,1.9253440559808483e-09
2643.0,5.31485453423255e-09,1.6554265073358062e-09
2644.0,3.944524588937095e-09,1.4284695590012127e-09
2645.0,4.517345873744404e-09,1.4887006155953142e-09
2646.0,5.068848947216838e-09,1.6461995475833342e-09
2647.0,5.436812205093971e-09,1.6175032029954266e-09
2648.0,4.452662671744128e-09,1.4913640522274615e-09
2649.0,5.147686962647741e-09,1.5324378030788993e-09
2650.0,6.083638990138959e-09,1.7490217379991904e-09
2651.0,5.4183583427567005e-09,1.5118484315494585e-09
2652.0,4.825026907446547e-09,1.4404319294170754e-09
2653.0,5.3132609262859526e-09,1.4113293901555115e-09
2654.0,5.301356053276707e-09,1.3947791064829697e-09
2655.0,4.419225143883999e-09,1.076814880318181e-09
2656.0,3.401291671029952e-09,9.021828755554408e-10
2657.0,4.124065774517939e-09,9.725108166062712e-10
2658.0,4.507531099131972e-09,1.0701464542202273e-09
2659.0,4.43178954896319e-09,9.300128256702399e-10
2660.0,4.112114384128029e-09,9.49699300148063e-10
2661.0,4.392186816495523e-09,9.0783575058459e-10
2662.0,4.799046425962253e-09,1.0523200845818178e-09
2663.0,4.4001067545181935e-09,8.895979603742994e-10
2664.0,4.258873641813676e-09,9.452653080447328e-10
2665.0,5.425075968661031e-09,1.173050827862269e-09
2666.0,5.340036952289648e-09,1.2837318089535876e-09
2667.0,5.360064945496094e-09,1.2406406604062545e-09
2668.0,4.41894339192417e-09,1.1500474973611594e-09
2669.0,3.825712774698954e-09,9.634196691410717e-10
2670.0,1.799092979598955e-09,5.647746676291709e-10
2671.0,1.9739890893568526e-09,6.326994396023094e-10
2672.0,1.3742564132863355e-09,7.314764463012488e-10
2673.0,1.0259893920947516e-09,6.283533121602088e-10
2674.0,5.16072321520575e-10,5.897029985030733e-10
2675.0,-4.1891237327961293e-11,4.0132412187370224e-10
2676.0,-9.396310686286266e-10,3.4876022106546766e-10
2677.0,-1.237751038491585e-09,2.906642607327287e-10
2678.0,-2.059809977485691e-09,2.2006668196791894e-10
2679.0,-2.0354100627110207e-09,2.1944085342058747e-10
2680.0,-9.487540536834255e-10,6.454056480687816e-10
2681.0,-1.2944701113861281e-09,5.575010334784924e-10
2682.0,-1.7075818867445972e-09,5.459269016407171e-10
2683.0,-1.950491781796083e-09,4.901612879428255e-10
2684.0,-2.682418618672424e-09,4.972272374447204e-10
2685.0,-2.83222592858087e-09,4.6446871281399776e-10
2686.0,-2.0118605200548044e-09,8.183518842288216e-10
2687.0,-8.195791159164676e-10,1.1531267291846187e-09
2688.0,-7.1672580139410564e-12,1.5632450489829023e-09
2689.0,1.1925928989736103e-09,1.8430779853345075e-09
2690.0,2.510823112801168e-09,2.3093510838126404e-09
2691.0,1.779363282139121e-09,2.1813810765316123e-09
2692.0,4.129179562657824e-10,2.1312280953088095e-09
2693.0,-4.112931342861202e-10,2.0095649728816858e-09
2694.0,1.07523750959615e-09,2.581607734805697e-09
2695.0,2.3528067944126415e-09,3.020776005595447e-09
2696.0,2.7554720729460407e-09,3.427521073676397e-09
2697.0,2.7501872144449247e-09,3.5475317769534038e-09
2698.0,1.9785439333647164e-09,3.66398428701573e-09
2699.0,1.6002193149282127e-09,3.769815634160977e-09
2700.0,7.373585165787768e-10,3.898001907205788e-09
2701.0,-8.265658133010606e-10,3.6702703547549684e-09
2702.0,-1.1601657593445918e-09,3.850831020574298e-09
2703.0,-5.520120818707397e-10,4.108932817355473e-09
2704.0,-3.237245294870487e-09,3.709562454284027e-09
2705.0,-2.9634067948599303e-09,3.90098323047599e-09
2706.0,-2.9113045673413054e-09,4.217849085227798e-09
2707.0,-2.7567830499209846e-09,4.3752840892675225e-09
2708.0,-3.4087947165615927e-09,4.466519086395001e-09
2709.0,-3.3865938459260937e-09,4.490109738637039e-09
2710.0,-3.683187839240855e-09,4.6069151432529414e-09
2711.0,-3.484654469485969e-09,4.710827493742161e-09
2712.0,-3.3997969683668354e-09,4.933801398243455e-09
2713.0,-2.875758357994088e-09,5.073603580622524e-09
2714.0,-2.372955799133719e-09,5.3417208442209675e-09
2715.0,-1.724635218220597e-09,5.5568406442191004e-09
2716.0,-1.4489675395277734e-09,5.869513647078203e-09
2717.0,-1.0966852521214683e-09,6.041871921465887e-09
2718.0,-1.14360703014781e-09,6.195401031055946e-09
2719.0,-1.1050558106006757e-09,6.28805467425923e-09
2720.0,-6.190899601805278e-10,6.689715720908127e-09
2721.0,-2.1873628754606842e-10,6.855036505919713e-09
2722.0,-5.949332705788643e-10,6.961325860525549e-09
2723.0,-5.885890293806993e-11,7.2132785324767496e-09
2724.0,-5.217710015279653e-11,7.48321169148368e-09
2725.0,-7.165077017623024e-10,7.351738760869514e-09
2726.0,-1.6144739130482329e-09,7.293134270040446e-09
2727.0,-9.120115461878104e-10,7.519531418702286e-09
2728.0,-1.4032495188365918e-09,7.605343611750942e-09
2729.0,-2.812124260153963e-09,7.295788213073482e-09
2730.0,-1.6835790088626401e-09,7.680555537012577e-09
2731.0,8.392107493806351e-11,8.066990067209381e-09
2732.0,-5.118211098817884e-10,8.11486858581308e-09
2733.0,-1.2837016392880886e-10,8.152064690399608e-09
2734.0,8.474333850169035e-10,8.453819891960798e-09
2735.0,1.3478202922490673e-09,8.548576989663652e-09
2736.0,9.53041566343112e-10,8.578262713445654e-09
2737.0,1.1896331216266554e-09,8.556539570707197e-09
2738.0,1.1208775545887081e-09,8.657399219161196e-09
2739.0,1.301331414640272e-09,8.639924762733378e-09
2740.0,1.0546605825688802e-09,8.747996159755941e-09
2741.0,1.2998663008432652e-09,8.769685524650837e-09
2742.0,7.56119651016739e-11,8.574097332034775e-09
2743.0,1.5087246565999223e-09,8.890458207077325e-09
2744.0,1.5040367037781676e-09,9.120780066372877e-09
2745.0,2.807091315584841e-09,9.490746146996356e-09
2746.0,4.2464908640060626e-09,9.929195692321197e-09
2747.0,4.8674870684424595e-09,1.0072117943049146e-08
2748.0,5.6894565520720755e-09,1.0454083144424827e-08
2749.0,7.055119222013254e-09,1.0838014907104236e-08
2750.0,7.487447147098747e-09,1.1156485787488251e-08
2751.0,7.715279051821116e-09,1.130188873158611e-08
2752.0,7.754221443551602e-09,1.14720090690326e-08
2753.0,7.67735090712651e-09,1.1489798923143886e-08
2754.0,6.489549547720238e-09,1.1382937024586337e-08
2755.0,7.405310433784651e-09,1.1607900686906098e-08
2756.0,7.662329042717205e-09,1.1879023284895956e-08
2757.0,7.676719923926166e-09,1.20076944649881e-08
2758.0,7.1201412243531276e-09,1.2112010210082848e-08
2759.0,6.509327428072384e-09,1.2048679061496484e-08
2760.0,5.742153217593623e-09,1.2093812162055226e-08
2761.0,3.970525637938497e-09,1.1681083269515364e-08
2762.0,2.6580350395078965e-09,1.1463034960169825e-08
2763.0,5.505403682732455e-09,1.2084086137427284e-08
2764.0,6.1514869533295456e-09,1.2312771614175191e-08
2765.0,6.4962391041622215e-09,1.2366224639566866e-08
2766.0,6.155307156849847e-09,1.2371300415044889e-08
2767.0,6.535949603459953e-09,1.2372959450959214e-08
2768.0,6.697919687186075e-09,1.2417062626494795e-08
2769.0,7.297950239398703e-09,1.2416019396772091e-08
2770.0,7.608815107626092e-09,1.2481099243478922e-08
2771.0,8.12530972403334e-09,1.2445850208603191e-08
2772.0,7.550228206326912e-09,1.2347423433367525e-08
2773.0,6.841818531920006e-09,1.2034595721640094e-08
2774.0,7.823651513545161e-09,1.2261118875795525e-08
2775.0,9.77287773407579e-09,1.2628938709529189e-08
2776.0,1.0768999888384611e-08,1.2948431563563273e-08
2777.0,1.0926248035954874e-08,1.28733806545317e-08
2778.0,1.0879598807456221e-08,1.2849547043538875e-08
2779.0,1.1771927519928233e-08,1.2926951501200072e-08
2780.0,1.1626507782865477e-08,1.2961133426105364e-08
2781.0,1.2937353551354078e-08,1.3184121948203039e-08
2782.0,1.4581008013559284e-08,1.3574481891727015e-08
2783.0,1.5054490096737705e-08,1.3573060102606704e-08
2784.0,1.4271278071863817e-08,1.3431968107298715e-08
2785.0,1.4122554891712137e-08,1.325311924275921e-08
2786.0,1.5398830176343938e-08,1.3555620102899712e-08
2787.0,1.6374688273214768e-08,1.3709872526619301e-08
2788.0,1.6088908782089707e-08,1.372090769021183e-08
2789.0,1.6110648285408223e-08,1.3601019875512362e-08
2790.0,1.5502696712122376e-08,1.3416616953512698e-08
2791.0,1.5315251559598205e-08,1.3198255828113345e-08
2792.0,1.4790692419447141e-08,1.310612199378678e-08
2793.0,1.445230327748357e-08,1.2875139628994916e-08
2794.0,1.4355704045368676e-08,1.279859570954239e-08
2795.0,1.4274531657977385e-08,1.2630834015079718e-08
2796.0,1.1749820446416036e-08,1.1998950315162642e-08
2797.0,1.1719189666564764e-08,1.1792131341024947e-08
2798.0,1.1916483126889197e-08,1.1747953796057264e-08
2799.0,1.2233522770135323e-08,1.1653763639718882e-08
2800.0,1.2266188022954523e-08,1.1632630896606591e-08
2801.0,1.2455867746296536e-08,1.1466340172407494e-08
2802.0,1.1822170959997069e-08,1.1220400983943807e-08
2803.0,1.1512518082082109e-08,1.0931345847611017e-08
2804.0,1.122128031175777e-08,1.0871698238278581e-08
2805.0,1.157737673117768e-08,1.0757193182917053e-08
2806.0,1.1259688426071396e-08,1.0586039985736826e-08
2807.0,1.1799949365687352e-08,1.0497391048540342e-08
2808.0,1.2416594184644167e-08,1.0618536577251539e-08
2809.0,1.3767939210174672e-08,1.071292096208664e-08
2810.0,1.4774822976210494e-08,1.08147403485336e-08
2811.0,1.5839101892278373e-08,1.0862719863079148e-08
2812.0,1.5996303522763533e-08,1.0814453340914685e-08
2813.0,1.6247155757831394e-08,1.062807645308586e-08
2814.0,1.650778839255328e-08,1.059209145744805e-08
2815.0,1.6220331597703696e-08,1.028416889663551e-08
2816.0,1.496333606800395e-08,9.982712714381308e-09
2817.0,1.5920044688322773e-08,9.992922806477783e-09
2818.0,1.6497567657432795e-08,1.00606412694535e-08
2819.0,1.670824363141795e-08,9.912950713836553e-09
2820.0,1.6687126316156907e-08,9.860648573164736e-09
2821.0,1.843677094148876e-08,1.007696237560687e-08
2822.0,1.7020913536635308e-08,9.681325351228864e-09
2823.0,1.6482850727565536e-08,9.350444395809558e-09
2824.0,1.612175257026969e-08,9.218184487130527e-09
2825.0,1.6326170430304266e-08,9.071254684013237e-09
2826.0,1.6370005368750435e-08,9.003970255066604e-09
2827.0,1.6891930798537906e-08,8.969852064389113e-09
2828.0,1.712341005731202e-08,8.969883847452643e-09
2829.0,1.704577252306965e-08,8.703415823911797e-09
2830.0,1.5768034233500752e-08,8.263556290508536e-09
2831.0,1.672638379510469e-08,8.305831882431646e-09
2832.0,1.6604531328618884e-08,8.227986274553787e-09
2833.0,1.7242795092678555e-08,8.175298803516047e-09
2834.0,1.720430692247625e-08,8.128995159006224e-09
2835.0,1.6685300358744605e-08,7.757684687282552e-09
2836.0,1.570560384422748e-08,7.458433153861014e-09
2837.0,1.582736377604879e-08,7.219893258434981e-09
2838.0,1.5487095617737875e-08,7.030821272488703e-09
2839.0,1.4915221626693842e-08,6.696172526973307e-09
2840.0,1.394712099932748e-08,6.447048543745488e-09
2841.0,1.3170089009848745e-08,6.11352519869282e-09
2842.0,1.1747941689181123e-08,5.632959807554758e-09
2843.0,1.2373392229293101e-08,5.560340140678769e-09
2844.0,1.3016053637691718e-08,5.649108357720677e-09
2845.0,1.3688990815311644e-08,5.548523111179912e-09
2846.0,1.3932682606455479e-08,5.494135459779791e-09
2847.0,1.361969305009527e-08,5.201366175291248e-09
2848.0,1.469612815192414e-08,5.444893941763333e-09
2849.0,1.624709099154652e-08,5.679523448877419e-09
2850.0,1.4721368181413301e-08,5.264664843901248e-09
2851.0,1.4902060448250116e-08,5.123196262934188e-09
2852.0,1.4615201731194184e-08,5.049673517263552e-09
2853.0,1.4857764738938168e-08,4.83578807868538e-09
2854.0,1.5023414467149425e-08,4.7207055829467404e-09
2855.0,1.5922681033160272e-08,4.718476283655111e-09
2856.0,1.632635497352664e-08,4.753729050043551e-09
2857.0,1.7214879170701504e-08,4.737288730868849e-09
2858.0,1.801900003863041e-08,4.792102468624569e-09
2859.0,1.9260451102326838e-08,4.8331920104016764e-09
2860.0,2.0779930300923816e-08,5.0993790552901665e-09
2861.0,2.312735912975898e-08,5.418187849838999e-09
2862.0,2.267630630521724e-08,5.169423879202133e-09
2863.0,2.301179568352386e-08,5.043007880366139e-09
2864.0,2.3148008066298022e-08,5.044985290988728e-09
2865.0,2.4028724859160816e-08,5.05524781964843e-09
2866.0,2.4636074544813597e-08,5.09238238710926e-09
2867.0,2.519745613958085e-08,5.062564726212926e-09
2868.0,2.4922969317906034e-08,5.012487062399409e-09
2869.0,2.49151132526737e-08,4.876075920981119e-09
2870.0,2.3625326386834504e-08,4.588250437860228e-09
2871.0,2.439623156734025e-08,4.612853131241498e-09
2872.0,2.514342258909258e-08,4.780899057233014e-09
2873.0,2.5451531551012225e-08,4.701816284329319e-09
2874.0,2.4244854495611987e-08,4.3381274536710604e-09
2875.0,2.3146611959658343e-08,3.9081178483207966e-09
2876.0,2.2810648178019418e-08,3.867321451573796e-09
2877.0,2.304856819840635e-08,3.7889538613020866e-09
2878.0,2.268170536983713e-08,3.64746263783593e-09
2879.0,2.3704783491318516e-08,3.7698359250995175e-09
2880.0,2.3639058932816787e-08,3.761631920871916e-09
