iteration,Y'(-12),Y'(-8),Y'(-4),Y'(+0),Y'(+4),Y'(+8),Y'(+12),N'(-12),N'(-8),N'(-4),N'(+0),N'(+4),N'(+8),N'(+12)
1,0.06239243042346034,0.039282392912354844,0.018441390500353098,-4.769245418889775e-07,-0.018440970790433105,-0.03928241238421061,-0.062392899736169356,0.0018222976674810735,0.0011637429636516046,0.000567951277390238,-5.945699879140655e-08,-0.000567952012871439,-0.0011637426801925995,-0.0018222730169064972
2,0.0034008884068675196,0.0016956048458989905,0.0007519242087176831,-1.9423314444825362e-05,-0.0006737689843229197,-0.0020021773318968455,-0.0036959655483324925,0.0012593660968272793,0.0009354678146820356,0.0004933207389653952,-5.311555543595559e-06,-0.00045284991949997785,-0.0008658203753926293,-0.0013149647305571858
3,-0.005620112294204015,-0.003935440321328576,-0.0019795125508001985,-7.55033173583131e-06,0.0020317012721169083,0.003858533247390765,0.005432817321667913,0.0003493252752852514,0.0002608279259252321,0.00014660550530662704,-1.075242383150268e-06,-0.00013000551699922431,-0.0002432688177107092,-0.0003786226198117386
4,-0.009111556616740823,-0.00607342995793482,-0.002989557038335467,-2.3249706656650542e-06,0.003020617396842046,0.006099175610355831,0.008946273508480134,0.00013213546147235905,9.168094423633005e-05,5.430342212433677e-05,2.1959498598084916e-08,-4.77331300866674e-05,-9.12390628808749e-05,-0.00015029427577695879
5,-0.009121522738233953,-0.0060240380717538665,-0.0029720225590178064,3.087660390520264e-07,0.002988115413622108,0.0060639130204498525,0.008976062600223185,0.0002445154057888387,0.00017455485089102512,9.57638560254576e-05,-3.867217856197947e-08,-9.06153062572462e-05,-0.00017429457113712655,-0.0002603870886719124
6,-0.007992650142328092,-0.0052867827750450605,-0.002624240988707614,2.8598966531550864e-07,0.002630946427066683,0.0053246144719848775,0.007876635151206042,0.0005072224874773793,0.00035385894980928805,0.00018580301639689993,-2.3420431916098503e-07,-0.00018076226590344737,-0.00035247453309054157,-0.0005245239337220357
7,-0.006718435817570307,-0.004473757120481004,-0.00224329671552532,-6.052911822926782e-07,0.002244377722435435,0.004510473347670822,0.006650719744379972,0.0007545265315605797,0.0005193515221231799,0.0002688487532045591,-3.3954432648060454e-07,-0.0002649168668658997,-0.0005208170692765323,-0.0007709234388926515
8,-0.0056630029122759305,-0.0038009176674588707,-0.001921483710877385,-1.4903562283598634e-06,0.001924699713668942,0.0038421286555086545,0.005649446554864283,0.0009281171017407853,0.0006337502183430912,0.0003249184833845818,-3.872050708996317e-07,-0.000322926354050823,-0.0006390938613556847,-0.0009417235575796353
9,-0.004841299530806502,-0.003274952190160622,-0.001660784871550333,-2.0274155259241936e-06,0.0016674122206151011,0.003319154291412676,0.004866275092218655,0.0010274423266883048,0.000699148397675194,0.0003563287343660849,-4.178629460471334e-07,-0.0003560982134977111,-0.0007066121314724534,-0.0010363639354009158
10,-0.004205672086559788,-0.002848219190416316,-0.001445362060704801,-2.100912719002589e-06,0.001453600042289513,0.0028927671231173497,0.004246829086416566,0.0010780309163065194,0.0007310723830617319,0.0003707599161811328,-3.6655276085776265e-07,-0.00037173827411728886,-0.0007385304697146482,-0.0010820384523251144
11,-0.0037023623165955664,-0.0025098613885444973,-0.0012763870096751692,-1.7741238418105411e-06,0.001282155665073086,0.0025492447393846685,0.003746240575684371,0.0010944665930798549,0.0007409244479826631,0.0003740326275396787,-3.0763013665020126e-07,-0.00037553906830796224,-0.0007466936800778816,-0.001095226663973787
12,-0.0033118323526617507,-0.002245733007635905,-0.0011463931358614845,-1.7531589735250248e-06,0.001148413961190534,0.002276994046946108,0.003349459824573397,0.0010921924877962158,0.000738080910160206,0.00037125464990751464,-2.2918186926094218e-07,-0.0003727824837493812,-0.0007413325547039636,-0.0010911534899113648
13,-0.0030094238805562236,-0.002052802020931141,-0.001051440542253942,-1.1501522238235634e-06,0.0010491989796369255,0.0020705615457981565,0.0030398907930762518,0.0010809847076352279,0.0007299540552237474,0.00036632331312878825,-2.1497145599956316e-07,-0.00036756010967410206,-0.0007309250831583607,-0.0010791582729115417
14,-0.002780779318367019,-0.0019144407051795026,-0.000982965785041057,-6.242169812119153e-07,0.0009769605706644866,0.0019201937018122925,0.0028069470903550955,0.0010690592271001293,0.0007220197794313429,0.00036210218449501063,-1.5699680594258453e-07,-0.0003628675099128509,-0.0007216076601893166,-0.0010673581559194388
15,-0.002609308367052678,-0.0018781846137837113,-0.0009650588975262654,-4.195554487447485e-07,0.0009582422677378,0.0018762635495973357,0.002631146548758885,0.0010607235100004205,0.0007187361988454448,0.00036082098761922325,-1.3028044384921625e-07,-0.00036102835384774716,-0.0007175185294358604,-0.0010596181914255059
16,-0.0025636364272904263,-0.001809862024601474,-0.0009374879417104618,-2.2887805902051106e-07,0.0009303271805165659,0.001804694632996356,0.0025789785378159467,0.0010613942430740813,0.0007153231823316142,0.000359892181503488,-1.28838162987439e-07,-0.0003596566630949229,-0.0007141883193695686,-0.0010614640242577644
17,-0.0024816137401942324,-0.0017631038598185595,-0.000921939137150288,-8.469212150824202e-08,0.0009159827857918231,0.0017608486785280848,0.002494064076789653,0.0010628862900026377,0.0007165886727945529,0.000360840892411635,-1.4524909096865871e-07,-0.00036031705820431233,-0.0007160134161084806,-0.0010641460022165297
18,-0.0024223729422741544,-0.0017373909458097286,-0.0008948288149987594,1.8499342005166268e-08,0.0009117794276080313,0.001739570732181087,0.0024324738894226966,0.001069642092876593,0.0007204781443800051,0.0003586327821142052,-1.7211051935745569e-07,-0.00036204543303782984,-0.0007205478147374371,-0.0010718320608265335
19,-0.0023753230102941227,-0.0016818378916579205,-0.0008846930264894381,1.5487768260798254e-07,0.0008877471072338565,0.0016862657074225985,0.002337457220168354,0.0010779485089999668,0.0007171468950719321,0.00035915278972900686,-1.9781647058355095e-07,-0.0003594033387946959,-0.0007174142053074638,-0.0010715085389753577
20,-0.0022842407156050833,-0.0016493951006529128,-0.0008750618819891452,3.645311625012176e-07,0.0008750586213400012,0.0016574777777347565,0.0022774753216838945,0.0010758059310533128,0.000716863441662221,0.0003594895593289514,-1.9876733902191632e-07,-0.0003589572122180714,-0.0007176897647110593,-0.0010759621616842259
21,-0.0021783510273132973,-0.0016136386253125987,-0.0008608384871337526,4.2715604730825485e-07,0.0008602510457969792,0.0016248128540770125,0.002215316587458558,0.001071361480286143,0.0007150636507901775,0.00035865594302025877,-1.96397995364688e-07,-0.00035784348351921273,-0.0007164748275974882,-0.0010781387825510404
22,-0.002117993634819414,-0.0015683435879294237,-0.0008404630737151907,3.9052917572956723e-07,0.0008393718161400068,0.0015814210239943921,0.0021119126602737225,0.0010756317665244523,0.0007109687008145646,0.0003564149690513242,-1.9066251441114117e-07,-0.00035540721200684716,-0.0007128873720673308,-0.001071954305742407
23,-0.002007301688671174,-0.0015123543086421748,-0.000808429075819558,2.4151430448888835e-07,0.0008057935105853486,0.0015260965384342896,0.0020421503308052924,0.0010653682807079247,0.0007044591246437689,0.00035097393055112853,-1.8946825444698194e-07,-0.0003498503001406337,-0.0007067813706496381,-0.001072284502464691
24,-0.001868834083621453,-0.0014609465581992478,-0.0007827609679459106,-5.760070512275422e-09,0.0007763719605828714,0.0014716881738357902,0.0019211700306504388,0.0010478776645964462,0.0006991991472191664,0.00034873131670976407,-1.8024287397205673e-07,-0.00034713643939089786,-0.0007015488690481664,-0.0010579828387318984
25,-0.001727144583189134,-0.0013669245500367334,-0.0007394835071637837,-2.8677524204573854e-07,0.0007304899954178479,0.0013746503342289265,0.0017862098157877123,0.0010258176680689405,0.0006830325061996165,0.00034242194803447496,-1.8566925012916763e-07,-0.0003406218844091542,-0.0006852150397729472,-0.0010374831691793384
26,-0.0015756360148583145,-0.0012618647090062486,-0.0006904742877464815,-6.455190943250131e-07,0.00068016321725461,0.0012670630609999624,0.0016357088957957293,0.0010000268509600782,0.0006661821595850244,0.00033540568312252593,-1.8810891729497477e-07,-0.00033358147752563747,-0.0006680645289165331,-0.001012012532069696
27,-0.001429138750873753,-0.0011594089897688127,-0.0006423089041247654,-1.0639170106827521e-06,0.0006314183647520948,0.001162876675951266,0.0014856704387820724,0.0009739778314848723,0.0006505575980155123,0.000328968242146956,-2.0444326547891093e-07,-0.0003273015829912554,-0.0006520587150310545,-0.0009851917150438204
28,-0.001297752326073466,-0.0010667843469609624,-0.0005987556465056605,-1.503668208661486e-06,0.0005881184303902978,0.0010693038034226899,0.001347196879072554,0.0009504309852782297,0.0006373665046530852,0.00032384192155118606,-2.308656080622391e-07,-0.00032251047353740235,-0.0006384450387914193,-0.000960033117394946
29,-0.0011854570318143068,-0.0009876750060376642,-0.0005614741109687503,-1.8809656051303314e-06,0.0005516544898799896,0.0009898767031728494,0.0012270011167745732,0.000930612052065086,0.000627359063016003,0.00032039938067432916,-2.803376329718183e-07,-0.0003195358787363161,-0.0006279915734035708,-0.000938290300488119
30,-0.0010957133095740041,-0.0009227105912974222,-0.0005304761964691331,-2.3020572943690898e-06,0.0005217046128446011,0.0009250758642574413,0.0011272519886411023,0.0009162559725967398,0.0006208419441395785,0.00031870231066120577,-3.4731455881915754e-07,-0.00031838115024390224,-0.0006210990345206847,-0.000921452025356445
31,-0.0010290817237747012,-0.000871149423990605,-0.0005047373875029641,-2.758570065198106e-06,0.0004972140627586659,0.0008740908026111952,0.0010510350433206917,0.0009071960617404928,0.0006178645820812246,0.0003187741651721289,-4.327652451919356e-07,-0.00031902351121920866,-0.0006178170392380631,-0.000910230437927885
32,-0.0009833489491133827,-0.0008321772672566686,-0.00048342162988398237,-3.3123760554656656e-06,0.0004770962676864307,0.0008359412228280099,0.0009965855319638778,0.000902662371192548,0.0006179461095989123,0.00032045294374373706,-5.509730566585069e-07,-0.0003212283665128778,-0.0006176522280239688,-0.0009038369778171049
33,-0.0009568286688810238,-0.0008048646156371041,-0.00046566179529386996,-3.872413412975627e-06,0.00046031026972608887,0.0008095288679670544,0.0009623785933684695,0.000902022567637616,0.0006202699672214887,0.000323419684679407,-6.969096915632826e-07,-0.0003246456056617975,-0.0006197867455979566,-0.0009016368560737859
34,-0.0009456720115354094,-0.000788213358061526,-0.0004507220814263077,-4.67311390894736e-06,0.00044597538500880504,0.0007937233631756961,0.0009456327344653945,0.000903750358349966,0.0006237992153848257,0.000327134430783599,-8.95304882219153e-07,-0.00032869354461227034,-0.0006231806589541138,-0.000902516355398473
35,-0.000945611066794347,-0.000781386670070399,-0.0004384213629489185,-5.484848560656559e-06,0.0004341636385733916,0.0007877043296731387,0.0009417735497952662,0.000906202665008085,0.0006274324994080692,0.00033099484172821684,-1.1250705048608364e-06,-0.0003327280433652184,-0.0006267504778032303,-0.0009046893936847483
36,-0.000942569810854133,-0.0007835397816348223,-0.00042958240515664865,-6.565483827684874e-06,0.0004256437475515476,0.0007903418670189491,0.0009482763974260934,0.0009082850495250792,0.0006300090375073516,0.00033437396406907496,-1.3984286103778002e-06,-0.00033613331466636665,-0.0006293048294720543,-0.0009068725457393154
37,-0.0009551240824993879,-0.0007936648788204563,-0.0004247359769953876,-7.584849970701084e-06,0.00042101565000653537,0.0008006980828369827,0.0009514854198864217,0.000908709846707548,0.0006305301602520537,0.0003367172440788728,-1.6502106039828825e-06,-0.0003383726493178117,-0.0006298426980101216,-0.0009074741430945129
38,-0.0009745132100590676,-0.0008105865539013312,-0.00042414218076370795,-8.52944428767978e-06,0.00042074374006290284,0.000817560468816553,0.0009690519666727031,0.0009070636966745115,0.0006284701649731643,0.000337641653308188,-1.879757616329475e-06,-0.00033907423354797195,-0.0006278384022292442,-0.0009062118429385167
39,-0.0009967738776365293,-0.0008325936957985195,-0.0004281591606376967,-9.333917827724342e-06,0.00042512640835364285,0.0008391989982871092,0.0009927522920341715,0.0009032085200215946,0.0006238073488940311,0.0003368549162725015,-2.068910182694913e-06,-0.0003380037784421798,-0.00062325087160407,-0.0009028788803671268
40,-0.0010180481765080967,-0.0008569913182656204,-0.0004368845359839727,-1.0001128862217319e-05,0.00043415127312724985,0.000863167526481512,0.0010173962064817103,0.0008973157918508012,0.000616859087737448,0.00033426478705498886,-2.2216274002568766e-06,-0.00033512273577234586,-0.0006164254556471712,-0.0008975067817607497
41,-0.0010358580183489235,-0.0008801703259006784,-0.0004495994554638984,-1.0394851895128115e-05,0.0004470228202780126,0.0008858032679220259,0.001039246663122048,0.0008901487966705084,0.000608207781546027,0.0003299997349465227,-2.3089383938605095e-06,-0.00033060145972994284,-0.0006079204306963854,-0.0008906474114429521
42,-0.0010473842373593602,-0.0008988471734888061,-0.0004647364507376384,-1.0450673454387705e-05,0.00046201605550271006,0.0009039711879588661,0.0010551269295735668,0.0008819001221107358,0.0005986975471440663,0.00032438957473155734,-2.3092296273285444e-06,-0.0003248180902468961,-0.0005985424896112182,-0.0008826698813185423
43,-0.0010518433269105963,-0.0009104423797453055,-0.00048012685623391156,-1.0382628729296583e-05,0.00047691725796270967,0.0009149541251984561,0.001063432817728169,0.0008736114880859479,0.0005891726904287321,0.0003179446834942043,-2.2679123494903263e-06,-0.0003182811879713039,-0.0005891512109694043,-0.0008742854898981478
44,-0.0010487351092741649,-0.000913282610883051,-0.0004935506714800101,-1.020335156016865e-05,0.000489660478056916,0.000917086400084114,0.0010633101842485435,0.0008659004437866467,0.0005805350699497816,0.00031120432110096465,-2.185916336335803e-06,-0.000311551220007536,-0.0005806698674589023,-0.0008663126941333764
45,-0.0010389351775675314,-0.0009065593464754961,-0.0005028667815707141,-1.0080990171254693e-05,0.0004977429989520922,0.0009097347233838356,0.00105564956791623,0.0008596005219104828,0.0005732616521103025,0.00030465941320683993,-2.0991922844544392e-06,-0.000305125538268338,-0.0005735668690857775,-0.0008595461309391508
46,-0.0010225838462946642,-0.0008905753834955097,-0.0005065822603886621,-1.0102018151840493e-05,0.0005000908616750361,0.0008930379445424721,0.0010411775916102587,0.0008548476037192143,0.0005676504384563271,0.0002988252772541342,-2.0257348588235764e-06,-0.00029948952064497093,-0.0005680847247290151,-0.0008544436958399273
47,-0.000999922685579943,-0.0008666689891317704,-0.0005041182980656193,-1.0270246295034614e-05,0.000496048322340119,0.0008687805996336504,0.001019886654075379,0.0008512836089479844,0.0005639211918713336,0.00029402639380005807,-1.9670223167466837e-06,-0.0002949350750663334,-0.0005644361552615706,-0.0008506177407837249
48,-0.0009727722176716627,-0.0008366002874611032,-0.0004949462050280205,-1.0776323087426868e-05,0.00048514353072961596,0.0008387576068537542,0.0009935102245617086,0.0008487911125938917,0.0005617475351963121,0.00029041790757249275,-1.9637660199976107e-06,-0.0002916098902872602,-0.0005622995763609322,-0.000847942708229583
49,-0.0009433200728754202,-0.0008028625169446475,-0.00047938303592497285,-1.168715267665948e-05,0.0004679442499705493,0.0008054630597349421,0.0009641229000206019,0.0008470470117858712,0.0005606416099095252,0.0002880353463506369,-2.033310051203601e-06,-0.00028948959782795156,-0.0005611612243258289,-0.0008460420684518097
50,-0.0009138914538720613,-0.0007683774748007989,-0.0004588104854347238,-1.255647999448593e-05,0.0004459640680418995,0.0007717666713553208,0.000934326510962165,0.0008456287971300917,0.0005600305429332723,0.0002867028668179945,-2.107462737863963e-06,-0.00028837575057991924,-0.0005604522788555978,-0.0008445914487597626
51,-0.000886681702093986,-0.0007363615236130093,-0.00043538751179170913,-1.3394228780965375e-05,0.00042150798135742225,0.0007408350778742704,0.0009063805760317592,0.0008442592308284049,0.0005593029662129328,0.0002860836832582228,-2.1851673407602675e-06,-0.0002879074669384402,-0.000559577141479199,-0.0008432508042481614
52,-0.0008636513732993271,-0.0007096764406338299,-0.0004114408064599507,-1.414628864744405e-05,0.0003969880830646667,0.0007152889375514511,0.0008823978364072688,0.0008426413922433459,0.0005580898175802449,0.00028580557008761143,-2.2657334975312998e-06,-0.0002876952046544769,-0.0005581370145335899,-0.0008417437742717554
53,-0.0008452248143974215,-0.0006896594591145265,-0.000389295577075943,-1.4552220763475069e-05,0.0003747682009265368,0.0006964095279344923,0.0008631173183152163,0.0008404651903797643,0.0005560163404370448,0.00028548903426733115,-2.307663809124426e-06,-0.0002873481569082272,-0.0005557911623974932,-0.0008397834979471581
54,-0.0008307943533115814,-0.0006770160372663182,-0.0003710353515659617,-1.4672604575781671e-05,0.00035685284409044495,0.0006848787537275367,0.0008481008890403629,0.0008376635055025811,0.0005529816087177441,0.0002848068880089726,-2.318792789601093e-06,-0.0002865778231751,-0.0005524741794778025,-0.0008371778211222825
55,-0.0008196705587718173,-0.0006714481728095868,-0.0003580825064124661,-1.4623186655106902e-05,0.00034457211281684264,0.0006801359974347278,0.0008365818470797058,0.000834383183250087,0.0005490942732603035,0.0002835494636530858,-2.3236445795143007e-06,-0.0002851702335959558,-0.0005483089332180687,-0.0008340528979454189
56,-0.0008103191511445266,-0.000671398283134832,-0.0003507719274263325,-1.4771711300950211e-05,0.0003381398831162547,0.0006805304453706219,0.0008272364015013506,0.0008309795404682101,0.0005446201627246145,0.0002816659372705429,-2.386334138677695e-06,-0.00028310368812260034,-0.0005435840328187398,-0.0008307163680081096
57,-0.0008007413337852726,-0.000674497455373081,-0.00034871730381674283,-1.5195084763311287e-05,0.000337040237510138,0.0006836278547182417,0.000818087316642611,0.0008278948215545095,0.0005399478246519124,0.00027926538795154665,-2.5319470990995227e-06,-0.0002805066497797026,-0.0005387271879983619,-0.0008275517658193079
58,-0.0007890186837007769,-0.0006782717915400895,-0.0003506851154224201,-1.5849189354940195e-05,0.00033979327293097466,0.0006867110981528623,0.0008068303419098857,0.000825502166380364,0.0005355233584036124,0.0002765591357141391,-2.7533012808307533e-06,-0.00027763524545597166,-0.0005342148664303315,-0.0008250026752874337
59,-0.0007745306309562054,-0.0006802511432055188,-0.0003547810129130502,-1.677433936010126e-05,0.0003446043916049503,0.0006873789102639566,0.0007925056981926789,0.0008239119898703557,0.000531774793459627,0.00027385042046561715,-3.050741285763435e-06,-0.00027478224259071883,-0.0005304948450382059,-0.0008233137188750236
60,-0.0007579063951026529,-0.0006787446445229184,-0.00035896469415802254,-1.8044043597843677e-05,0.00034931484084373663,0.000684207114171173,0.0007754029317201998,0.000823023718161162,0.0005289358875177878,0.0002714666967820568,-3.432574130813447e-06,-0.00027229289244891776,-0.0005277609858498416,-0.0008224109296668516
61,-0.0007406869352586707,-0.000673169558031337,-0.0003616501355990518,-1.9793631427307225e-05,0.0003524621006938292,0.0006768294065041614,0.0007568828081080043,0.0008224833157876932,0.000527030251702787,0.0002696318277482679,-3.9109239627565245e-06,-0.0002703768882404059,-0.0005260231458810383,-0.0008220036251121074
62,-0.0007255165004026932,-0.0006640563759583823,-0.0003619002084140781,-2.2058852164841494e-05,0.0003529892381149734,0.0006660608217464018,0.0007394155842491209,0.0008217224888797603,0.000525853223664534,0.00026842791304876166,-4.485023958968362e-06,-0.00026911299586749877,-0.0005250224589871943,-0.0008216005471232816
63,-0.0007146174907924693,-0.0006524131943359678,-0.0003590649536438503,-2.4628653919497668e-05,0.000350229011575439,0.0006530866733442797,0.0007254242807716281,0.0008201209903571612,0.0005250826926962885,0.0002678288067291757,-5.121826005824013e-06,-0.00026849037685579947,-0.0005244266174753186,-0.0008205420861786917
64,-0.0007095198684504911,-0.000639592280463373,-0.00035298962171959595,-2.722416667053365e-05,0.0003442764038595693,0.0006394271415600466,0.0007168807469228107,0.0008171811531702888,0.0005243347736591634,0.00026775485519042703,-5.757541738298026e-06,-0.0002684921369884699,-0.0005238085783879289,-0.0008182843225992115
65,-0.0007104287542147272,-0.0006268120094788647,-0.00034425797542887075,-2.9406980345021697e-05,0.0003349373896192132,0.000626389842246934,0.0007147067507783052,0.0008127164854566511,0.0005232956029334555,0.0002681171293259549,-6.308753767407533e-06,-0.0002688471417959545,-0.000522835966606758,-0.0008145005019587516
66,-0.000715779353825028,-0.0006145892514883275,-0.0003330141494992613,-3.056275378326069e-05,0.00032335243159429384,0.0006145452570154419,0.0007180086082272374,0.0008068200823077178,0.0005217921260101273,0.0002685919739601179,-6.658044887859614e-06,-0.0002693049277658982,-0.0005213292721612784,-0.0008091825688097429
67,-0.0007230538194053949,-0.0006027383425933514,-0.000321015009870755,-2.9696417011052207e-05,0.000311203077465523,0.00060363116312092,0.0007248205778638714,0.000799816230143999,0.000519785248900187,0.00026887598989456044,-6.62769714868057e-06,-0.000269542288692682,-0.000519254282504503,-0.0008025518005146532
68,-0.0007291335467927147,-0.000591051091907169,-0.0003072212901629562,-2.7234980219426058e-05,0.00030011614281177636,0.0005931418773657125,0.0007320838922304704,0.00079223640426478,0.0005173231943183301,0.0002679508786192121,-6.218839554209509e-06,-0.000269262090171119,-0.0005166896572445107,-0.0007950894193849698
69,-0.0007312960186015533,-0.000579570235473396,-0.00029844211245556304,-2.235088192856416e-05,0.0002894567185345712,0.0005829719163406554,0.0007368880452923798,0.0007846459880158324,0.0005145342007926526,0.0002668692031243162,-5.34816326715215e-06,-0.00026742208738235777,-0.0005137844191669592,-0.0007873557578132454
70,-0.0007276943333914514,-0.0005687632920267726,-0.00029438923966767757,-1.6193426076272983e-05,0.00028556240954894917,0.0005734598218049336,0.0007366697104298398,0.0007774900934268534,0.0005114462906702311,0.0002648639814251411,-4.127180049069831e-06,-0.00026516794592293077,-0.0005105945529399324,-0.0007799154143437096
71,-0.0007179430517676783,-0.0005597203720822967,-0.00029596892947384286,-1.0000016216694287e-05,0.0002874916944761791,0.0005654171639088385,0.0007299635501224572,0.0007710928155794784,0.0005079793516473779,0.0002617441551690713,-2.78288996747801e-06,-0.0002618600446746098,-0.0005070624797361437,-0.0007731749623506945
72,-0.00070305009241299,-0.0005538631106470864,-0.0003030830106669297,-5.06906216039215e-06,0.00029513055213282487,0.0005602906986686872,0.0007172500770022043,0.0007654455366170199,0.0005039654376277431,0.0002575576746412401,-1.5658501536409547e-06,-0.0002575206946057603,-0.0005030095272678163,-0.0007672759551201361
73,-0.0006850816626911627,-0.0005523899521677468,-0.0003144613446569603,-2.0132033320952093e-06,0.0003067108008041076,0.00055911314555091,0.0006999928684968653,0.0007602825991943563,0.0004992571711781371,0.0002525574655095839,-6.218276140648321e-07,-0.0002524271029696781,-0.0004983193533597857,-0.0007620709893678641
74,-0.0006667735107904712,-0.0005557919856840678,-0.00032751380913094663,-9.505854605355464e-07,0.00031949799815943474,0.0005624621204376052,0.0006809826877921522,0.0007552586152767922,0.0004937824965754445,0.0002472302489220725,-9.20836542556426e-09,-0.00024710477466843844,-0.0004929157677969033,-0.00075719144273912
75,-0.0006504646608428635,-0.0005630977007259513,-0.0003390808379648695,-1.6632058879486916e-06,0.00033062523699304615,0.0005694790615038426,0.0006628327331235271,0.0007499642612971495,0.00048766336621250465,0.00024215474857894927,2.8189056876302617e-07,-0.00024210700350620453,-0.0004868900408642724,-0.0007522062438011551
76,-0.0006376192370427603,-0.0005721500212004213,-0.000346763118234253,-3.5079993273126046e-06,0.00033757049489124374,0.0005778904950476964,0.0006479333679085866,0.0007440724411709437,0.0004808517466555924,0.00023780542974314786,3.3698738155149593e-07,-0.00023790063786322842,-0.00048021785640836194,-0.0007466621472000464
77,-0.0006290504062444479,-0.0005798315906446067,-0.0003489937040112998,-5.554141559189441e-06,0.0003412599809393744,0.0005848837875431374,0.000637377525342501,0.0007373856935028274,0.00047430623769149097,0.0002344747626370731,3.0212930483247794e-07,-0.00023505825526512616,-0.0004738231535544787,-0.0007403164132940327
78,-0.0006242902149658788,-0.0005830348338829719,-0.00034791156252371604,-7.313054563136886e-06,0.00033701482862998457,0.0005874394376960763,0.0006313770625755829,0.0007299094008461174,0.00046840189486945975,0.00023255739856988076,2.7322023870106193e-07,-0.00023273143613296914,-0.0004680301533788839,-0.0007330371649486058
79,-0.000621488793254399,-0.0005766751124511,-0.0003400757089870269,-8.727817937971263e-06,0.0003285773853015922,0.0005842864504859151,0.000628695048482645,0.0007219751871839311,0.00046210809389500584,0.00023090148921370274,2.690225593343181e-07,-0.00023120075196386,-0.00046303570596367065,-0.0007250376510857713
80,-0.0006183350639088,-0.0005679519994716076,-0.00032968098800771514,-9.699330302052875e-06,0.00031812352785100495,0.0005720452529908249,0.0006267768456068535,0.0007139746848101302,0.00045766649311748973,0.0002297379927023145,2.971515441788294e-07,-0.0002300983389443333,-0.00045758438404523455,-0.0007167667470182808
81,-0.0006130696011454778,-0.0005591507636806855,-0.00031834390394806653,-1.0422542570571263e-05,0.0003070879699704654,0.0005626480731133701,0.0006234374292200653,0.000706330244266815,0.0004551142128104912,0.0002287691232297573,3.1930496709730923e-07,-0.00022912979446114445,-0.00045496566186303117,-0.0007086757861911476
82,-0.0006048432754230845,-0.0005427289580633034,-0.0003071426468705164,-1.0987699365463214e-05,0.00029636112297396123,0.0005492324175245874,0.000617058690216617,0.0006993492427511405,0.0004507409649615558,0.0002277842378701957,2.963247212441735e-07,-0.00022808396566515335,-0.00045181681110663,-0.0007012033388099567
83,-0.0005936354149095913,-0.0005318083815107577,-0.00029666207096782065,-1.1369596047958104e-05,0.00028642287176158354,0.0005355308040886286,0.0006071909878903756,0.000693164197151572,0.00044845083771200114,0.0002266445557004148,2.094946491395694e-07,-0.00022686634756213453,-0.0004486487941374361,-0.0006945713752423029
84,-0.0005786116760336795,-0.0005171125046368071,-0.00028724092252064453,-1.155706793635304e-05,0.00027758053550775753,0.000519842138569761,0.0005925142132576677,0.0006870930860944957,0.00044400736204473464,0.00022533197490439547,5.3235068210736624e-08,-0.00022547261412232626,-0.00044410437880853816,-0.0006881871260809169
85,-0.0005642054545117242,-0.0005065284892392627,-0.00027923879244898296,-1.1493398125627971e-05,0.00027023951784556073,0.000511723563913938,0.0005774142227266014,0.0006820702816799354,0.00044011604590628187,0.0002238768603373017,-1.622426692429288e-07,-0.0002239438095414641,-0.0004413964284993111,-0.000683016303253716
86,-0.0005510562145007965,-0.0004983066673441028,-0.0002729116428978302,-1.1205465757006668e-05,0.00026455599274292094,0.0005037725897098218,0.0005629796262457877,0.0006775283731793322,0.0004360573114199367,0.00022230563043855174,-4.179155398435137e-07,-0.00022229970343075548,-0.0004377081226067047,-0.0006784596519713962
87,-0.0005396961505971688,-0.0004944763603503559,-0.0002682592423605749,-1.072939247662232e-05,0.0002605078193481143,0.0004975603162850458,0.0005500687573158006,0.0006731326315553671,0.00043289089237891665,0.00022063844019318932,-6.950352825995296e-07,-0.00022056677975884796,-0.0004337814555069841,-0.0006741388389052528
88,-0.0005303727246394177,-0.0004884107401373163,-0.0002651750212642143,-1.0184685622878842e-05,0.00025794019990533823,0.0004931472753081686,0.0005393075892621877,0.0006686663080378816,0.00042798125012210133,0.00021889362311647195,-9.715852666041777e-07,-0.00021875693130855538,-0.000429768248157887,-0.000669785360073276
89,-0.0005224795127535581,-0.00048734543918428803,-0.0002633878601058099,-9.605954046991823e-06,0.0002565366207882986,0.000490406287817299,0.0005302423705157798,0.0006639978003266717,0.00042464170186317334,0.00021707671108003054,-1.2314886619299732e-06,-0.00021689131278337476,-0.0004258185870504813,-0.0006652072080820301
90,-0.0005160779398071184,-0.00048603133389473044,-0.0002624958481568057,-9.093641608455285e-06,0.0002551481736302738,0.0004887447210842375,0.000522831676388161,0.0006591785930075831,0.000420862341927296,0.0002151761008042839,-1.4421979093572277e-06,-0.0002146619262088483,-0.00042198753271498787,-0.0006604291474076381
91,-0.0005109963827904775,-0.0004850840362989519,-0.00026134212564862217,-8.63908783518274e-06,0.00025489912745219246,0.0004877047722332282,0.0005170630047538461,0.000654237480581214,0.0004172490461687711,0.0002129086484692891,-1.6118581609289332e-06,-0.00021274506156733527,-0.0004183931983730725,-0.0006554919477514321
92,-0.0005070032235162638,-0.00048392859685072385,-0.0002610402868006128,-8.308134108731713e-06,0.0002554210978956218,0.0004865275674591083,0.0005126529177079316,0.0006491777399714769,0.00041387094096456245,0.0002109055647918601,-1.7115705333026953e-06,-0.00021111694928011989,-0.0004150538481354285,-0.0006504218072784305
93,-0.0005033171040676602,-0.0004821429053327022,-0.00026186526980239404,-8.033409095837422e-06,0.0002551988552925157,0.0004847438738358524,0.0005088430450199177,0.0006440095480942725,0.00041080518561786584,0.00020937411188211337,-1.7660813092688207e-06,-0.00020914922008551895,-0.0004120046477287949,-0.0006452060673554969
94,-0.0004994518730730176,-0.00047930700914591015,-0.0002603317330037344,-7.805881196300611e-06,0.0002541983032549615,0.00048193615793862206,0.0005050852971715631,0.0006388425885319136,0.0004079889904328088,0.00020687657119478027,-1.7608546946384972e-06,-0.00020695872630629032,-0.00040918629727027775,-0.0006399700222505492
95,-0.0004951309331463231,-0.00047528816766241204,-0.0002586316218090341,-7.543980142884446e-06,0.0002524404503035118,0.0004779326445120022,0.0005010426873836807,0.0006337943948244229,0.00040535080186122343,0.00020444146701834696,-1.7163525467029696e-06,-0.00020460265320819924,-0.0004065262837195083,-0.00063484412833469
96,-0.0004899551324758603,-0.0004698842300638182,-0.0002562025049551311,-7.1849066672593735e-06,0.000249819237316651,0.0004725570288379622,0.0004962607182078334,0.0006289396812532041,0.00040274679096786076,0.00020186201568468692,-1.631275843688075e-06,-0.0002020500634270451,-0.00040389150155796207,-0.0006299191592674805
97,-0.0004836819745856814,-0.0004632173026886678,-0.000253084584838981,-6.682779780217684e-06,0.0002464973517478133,0.00046593600900316184,0.0004904827653436159,0.00062431262540399,0.0004000832461685523,0.00019915274523896103,-1.512420430711415e-06,-0.00019936783739829555,-0.0004012008877994316,-0.000625260684441978
98,-0.0004763065270785642,-0.000455322254789272,-0.0002492322162149189,-6.029997189369049e-06,0.00024240753341902565,0.0004580725906920844,0.00048357267168196014,0.0006199376986286839,0.0003972347607505527,0.00019631075664864497,-1.3811178291545382e-06,-0.00019653114124126365,-0.00039832398193388285,-0.0006208668459634861
99,-0.0004678455414745848,-0.0004464958142948505,-0.0002447777932982511,-5.337269376858546e-06,0.00023779844343577129,0.0004492998185887868,0.00047562200844231643,0.0006157244083219873,0.00039416188898505524,0.0001933958692464166,-1.2499780427599864e-06,-0.00019363567270700872,-0.00039524315465635937,-0.0006166958662430322
100,-0.00045851445504010665,-0.00043692955405933066,-0.00023975887165738683,-4.669300412498121e-06,0.00023260072102614907,0.0004397588470860408,0.00046661783185536287,0.0006116022918101067,0.0003908070596520828,0.00019044587958877415,-1.1468367749655258e-06,-0.00019067470635777785,-0.00039188735623533956,-0.0006126300374892629
101,-0.00044864507934017675,-0.00042703200027672806,-0.00023424887741017538,-4.12907719108057e-06,0.00022703469405092934,0.00042989843872544227,0.00045693162361888027,0.0006074895678056682,0.00038722081430851664,0.00018751249399961867,-1.0816319460754653e-06,-0.00018774226226456347,-0.00038831234936268996,-0.0006086037260285079
102,-0.00043846922453196483,-0.00041701878529649467,-0.0002282971129919652,-3.7260856969928797e-06,0.00022101831878574673,0.0004198789536677517,0.0004467480709547567,0.0006032871963241348,0.0003834065055120406,0.00018463970312687932,-1.062730712189907e-06,-0.00018483378017107395,-0.0003845104788185865,-0.0006044912383593734
103,-0.00042833048499807505,-0.0004072139528280008,-0.0002219263603951833,-3.4741479837983993e-06,0.00021472788210632712,0.0004100616492214543,0.00043645654801297663,0.000598969531690045,0.00037943538376704057,0.00018186462812510402,-1.0828749124035022e-06,-0.0001820306140049702,-0.00038056897875931076,-0.0006002754691563895
104,-0.00041838802261757915,-0.0003976842384499969,-0.00021523338738339804,-3.3309764992809235e-06,0.0002081087210534593,0.0004004365256467463,0.00042612289561667574,0.000594475640922974,0.0003753170634184412,0.00017922031274862854,-1.131545380206334e-06,-0.0001793153901177802,-0.00037647239478438854,-0.000595859630083154
105,-0.00040884933257514866,-0.0003885772095878968,-0.00020828132693662574,-3.2817485152094215e-06,0.00020134101923854618,0.0003912204234170996,0.00041616068037643336,0.0005898191935033813,0.00037112075022282653,0.00017669579837149136,-1.1982160568194189e-06,-0.00017672892362578273,-0.000372303866883748,-0.0005913108253364107
106,-0.0003997157296841003,-0.00037980844340217536,-0.0002012455364263259,-3.2997023290788747e-06,0.00019445650260426216,0.0003822622212175622,0.0004064270294224923,0.0005849993250188795,0.00036684257455666096,0.000174293170938893,-1.2737230214007062e-06,-0.00017422641532573933,-0.0003680419740517987,-0.0005865495024318686
107,-0.00039103246304364627,-0.0003713753013204162,-0.00019428208620501087,-3.347998972535471e-06,0.0001877076078296131,0.00037362967653478126,0.00039728198996888094,0.0005800758451577424,0.00036253406255696305,0.00017195739787343036,-1.3489811976039156e-06,-0.00017181028884185925,-0.000363749392337214,-0.0005817212272224336
108,-0.000382601958332337,-0.0003630699705432516,-0.00018766840269039093,-3.3893291579187894e-06,0.00018120498154779597,0.00036508396146176495,0.0003883381691003383,0.0005750405061392575,0.00035818248460445213,0.00016966813201646158,-1.4132278318600353e-06,-0.00016941524254221007,-0.0003593998327497066,-0.0005767411207657381
109,-0.00037429925524092576,-0.0003548087257953153,-0.00018148992461020403,-3.394227762742196e-06,0.0001751629291669079,0.0003566044503929302,0.000379787021710597,0.000569956986072863,0.00035381675157538316,0.0001673578465863305,-1.4598552702806357e-06,-0.00016702756910169945,-0.0003550363187891378,-0.0005717503617166052
110,-0.00036591080214203416,-0.00034643952898641,-0.00017592659879832326,-3.3118449855257133e-06,0.0001696188592213695,0.0003479837671579842,0.0003711753346424718,0.0005648423525249493,0.00034942309800770494,0.0001650226415487597,-1.4850535268710986e-06,-0.00016459571855092454,-0.0003506310181755676,-0.0005666859474207291
111,-0.00035724540447603026,-0.0003378733724845318,-0.00017089352434786402,-3.1642952555203728e-06,0.00016463505844773466,0.00033920335243011645,0.0003625702268822919,0.0005597094732718702,0.0003450110141246404,0.00016261475890088967,-1.4813987755740967e-06,-0.0001621234157271209,-0.00034621286150876264,-0.0005616598914707865
112,-0.0003481873028387166,-0.000329061141114787,-0.00016638564643837008,-2.9300916024508726e-06,0.00016009572398382384,0.00033016580391587055,0.00035355074119406153,0.000554588090907021,0.0003405924443277229,0.00016017724738081533,-1.4513164563412331e-06,-0.00015960406301384096,-0.0003417776718437386,-0.0005565876043721481
113,-0.00033859758551944174,-0.00031992530859576123,-0.0001621623186566437,-2.6368829392405685e-06,0.00015591960228980906,0.00032085549446577723,0.00034429562746986236,0.0005494907032926377,0.0003361649521967394,0.00015769370296917908,-1.3985449759760806e-06,-0.00015706509388531523,-0.00033734201716166117,-0.0005515896442526589
114,-0.00032845423348873274,-0.0003105253771314916,-0.00015820297938703477,-2.3030750198169283e-06,0.00015197045112390312,0.000311288038638215,0.0003344300230676072,0.0005444518713396339,0.00033177475835963763,0.0001552266568404886,-1.3291806297781148e-06,-0.00015452750220708525,-0.0003329340401854599,-0.0005465750649124938
115,-0.00031759278079666745,-0.00030083955710060123,-0.00015428575112865875,-1.971099003204334e-06,0.00014815609082535004,0.0003015075466396709,0.0003241541081719124,0.0005394511184818571,0.00032742274193472943,0.00015276575906225483,-1.251054416445415e-06,-0.0001520159947252716,-0.0003285732698971857,-0.0005416490944088276
116,-0.0003061658502703946,-0.00029099594150131967,-0.00015043421441313188,-1.6491732172604228e-06,0.00014439868641426533,0.00029157665560946243,0.0003131687645167616,0.0005345602477363727,0.000323160123702999,0.00015036967294276135,-1.16910297946815e-06,-0.00014955841091323136,-0.0003242899585337558,-0.0005367338255867144
117,-0.0002941448722522026,-0.0002810041047940913,-0.000146506803853989,-1.3524121252952244e-06,0.0001406238604163901,0.000281569426047544,0.00030182150135830575,0.0005297512120381273,0.0003190072398075186,0.00014804005316672623,-1.0868526386577737e-06,-0.00014718332475437642,-0.0003201228598593638,-0.0005319570454838726
118,-0.0002818511029238808,-0.00027103117742234973,-0.00014255859101990604,-1.0972802368220615e-06,0.0001368155499694331,0.0002715491057808367,0.0002899345079638698,0.0005251201272280739,0.0003150304704788475,0.00014584017089875,-1.007323674758106e-06,-0.0001449392575445375,-0.0003161179334486766,-0.0005272401624724402
119,-0.00026922785245618044,-0.0002610564776329175,-0.0001384597316870098,-8.801752109286016e-07,0.00013285922786210146,0.00026158606941034803,0.0002779549196194326,0.0005206209762258315,0.0003112353130967497,0.00014377152977798356,-9.343177803854382e-07,-0.000142839214747754,-0.000312305713841491,-0.0005227323706759677
120,-0.00025674401220977176,-0.0002512787567777728,-0.00013426506866612398,-7.114328573043907e-07,0.0001287683204039679,0.0002517714143738689,0.00026569703709665367,0.0005163574369315332,0.0003076979317479226,0.00014189533608382061,-8.663333724435389e-07,-0.00014093709594244284,-0.0003087353873142668,-0.000518344065209047
121,-0.0002444251719311958,-0.00024170517243878029,-0.00012990776065471542,-5.928856049951596e-07,0.00012449993375884322,0.00024217826480011528,0.000253669039427168,0.0005122608411641243,0.0003044068182603454,0.00014021178183725057,-8.052056143852779e-07,-0.00013924376202259901,-0.00030543045652394265,-0.0005142128209426089
122,-0.00023278827253398095,-0.00023261916660949938,-0.00012549655841057714,-5.305643078676947e-07,0.00012013393911651982,0.00023300888938885436,0.00024186998027917955,0.0005084219527098491,0.0003014190270887359,0.00013875806270515067,-7.524982179760813e-07,-0.00013778208790797897,-0.0003024140058872671,-0.0005102702713751519
123,-0.00022188285189110842,-0.000224098351984847,-0.00012110071205573586,-5.186572252796667e-07,0.00011579399554923662,0.00022441418428338086,0.00023075396348668425,0.0005047840139146901,0.0002986876307265057,0.0001375189890676782,-7.057368672921403e-07,-0.00013655038475958645,-0.00029967087452106866,-0.0005066088492072384
124,-0.00021205153181702116,-0.00021646979661871284,-0.0001168974768074917,-5.502942406961962e-07,0.00011164780323250342,0.00021663979953525476,0.00022037454517517336,0.0005014241342065622,0.0002962489799296804,0.00013650332156309834,-6.658294125068981e-07,-0.00013553508854722654,-0.00029720652086678303,-0.0005031749195277827
125,-0.000203319932097568,-0.0002098199596491996,-0.00011303592813545326,-6.139512742228127e-07,0.0001078832653182909,0.00021168660374254307,0.00021105374542534786,0.0004983188287328689,0.0002940595809325324,0.0001356820652694107,-6.346248603194419e-07,-0.00013472466250556678,-0.00029576250445851373,-0.0005000406893274433
126,-0.00019588908847114117,-0.00020593907506182664,-0.00010969692529407364,-7.215865499900144e-07,0.00010465981793105503,0.000206647114170779,0.00020286573015552726,0.0004955439060483994,0.00029281771040396727,0.00013505246362120212,-6.059540663965504e-07,-0.00013409815565209614,-0.0002940585879820415,-0.0004971901106043443
127,-0.00018967648578638763,-0.00020212318444329168,-0.00010695040889567059,-8.600234883348815e-07,0.00010206058885063252,0.00020215505254312396,0.0001959926407636404,0.0004930883622602297,0.00029135375035744816,0.00013459105209519848,-5.822124949982804e-07,-0.0001336438952772347,-0.00029237781102328946,-0.0004946822169624084
128,-0.00018474755959686873,-0.00019893416189606692,-0.00010486857313119765,-1.0212310128100948e-06,0.00010061202772707925,0.0001985863312616851,0.00019036936007929274,0.0004910204967683002,0.0002899453897346631,0.00013429949529336773,-5.613676798737976e-07,-0.00013354174389367646,-0.00029088938979877725,-0.0004925062805453871
129,-0.00018219012010018762,-0.00019659809008917516,-0.00010385372425497566,-1.1911205910135809e-06,9.951411208559387e-05,0.00019600145812318008,0.00018609002305716393,0.0004898781119802638,0.000288731951191786,0.00013431361408375097,-5.416866546346462e-07,-0.00013346199328404941,-0.00028964907819069026,-0.0004907300026198049
130,-0.0001800879246504206,-0.00019523255464727943,-0.00010323043527508937,-1.3664288755443686e-06,9.886843164398827e-05,0.00019440780222600433,0.00018403355736509297,0.000488798901831857,0.0002877974106904297,0.00013436872544190107,-5.227331728887692e-07,-0.00013346401168604896,-0.000288703114238236,-0.0004898035291041562
131,-0.00017866869390123526,-0.00019472326513661663,-0.00010306391181483814,-1.5388499182480578e-06,9.8755240694216e-05,0.00019366476675186734,0.0001825810371119837,0.00048795254339459895,0.0002871500017215874,0.00013450847687751088,-5.036305251132065e-07,-0.00013359767790493797,-0.0002880512799422708,-0.0004889939393393982
132,-0.00017823703366671447,-0.0001949905261402028,-0.00010339430420238687,-1.7058616335091918e-06,9.916826120810767e-05,0.00019368597233579735,0.00018187238794596758,0.00048750075117561317,0.0002868093377801305,0.00013477427163978453,-4.822294211473223e-07,-0.00013388472296152956,-0.0002877109482714646,-0.0004884331234548967
133,-0.00017881124947156582,-0.00019591834799845647,-0.00010420625309032212,-1.86341441749442e-06,0.00010005608448152898,0.0001943553813183741,0.0001821792160382988,0.0004874766141985104,0.00028677499866045446,0.0001351799077495974,-4.5867427044041933e-07,-0.0001343249666250086,-0.0002876785890871594,-0.00048826693873983354
134,-0.00018040106610085183,-0.0001974001396704667,-0.00010543568522592451,-2.0160693299542708e-06,0.00010136761774031872,0.0001955866095957254,0.0001834729919675836,0.0004879115550466925,0.00028705281738886215,0.00013572764855276836,-4.3236899426666186e-07,-0.00013491578431332128,-0.0002879599478044197,-0.000488519116324794
135,-0.00018288630367261524,-0.00019933085307565615,-0.00010703514484744439,-2.1664799384270048e-06,0.00010303365913815008,0.00019728096335164036,0.00018576085881327233,0.0004887797446368482,0.0002876339733472647,0.00013640749001818617,-4.0469976048280544e-07,-0.0001356453174210545,-0.00028854756900513977,-0.0004892151225700764
136,-0.0001862122530898689,-0.00020165064556778187,-0.00010893849262043366,-2.29194571671439e-06,0.00010500943935745002,0.0001993901602261612,0.0001888998774299684,0.0004900757652925491,0.000288513740685112,0.00013721144380446723,-3.8663281043004645e-07,-0.0001365040030231496,-0.00028943108091992017,-0.0004903237554348998
137,-0.00019028666130294083,-0.00020430378948185012,-0.00011110211033675247,-2.44764946622199e-06,0.0001072469655545295,0.00020189051969785992,0.00019284804147603798,0.0004917695543584414,0.0002896751892531657,0.0001381257655789216,-3.5994074668586676e-07,-0.0001374750894299982,-0.0002905909359530794,-0.0004918441292804012
138,-0.00019504574255568263,-0.00020729270999197922,-0.00011347204581312687,-2.663017447695077e-06,0.00010969400580634501,0.00020476784179473842,0.00019747735591351363,0.0004938300002490526,0.0002911011763137141,0.00013913234893108496,-3.2098435443869416e-07,-0.0001385404844746099,-0.00029200649729938297,-0.0004937357150644643
139,-0.0002003763593168618,-0.00021060045382507628,-0.00011600705824229693,-2.8480603206052283e-06,0.00011231622286865025,0.00020801541309107524,0.00020270907068184135,0.0004962068687751958,0.000292759183946334,0.00014021532685062733,-3.0023247231679673e-07,-0.000139680552970875,-0.00029364776607539454,-0.0004959672837623242
140,-0.00020625957008361183,-0.00021423277356280015,-0.00011865216230160251,-3.107435908121727e-06,0.00011506535696269237,0.0002116329982970205,0.00020844448435892448,0.0004988580706562925,0.00029461204165532636,0.00014135631421975742,-2.688419087991148e-07,-0.00014087550560950895,-0.00029547808353308665,-0.0004984883175408084
141,-0.0002126172934236743,-0.00021817379803679672,-0.00012193791506572376,-3.3778312036409806e-06,0.0001185006011063549,0.00021559675229071396,0.00021464396883159236,0.0005017248458972308,0.0002966194606647078,0.00014277073330881684,-2.461580970161996e-07,-0.00014234999700782995,-0.0002974520374310264,-0.000501256451267643
142,-0.00021943908456425776,-0.0002224103072323668,-0.0001249309707737829,-3.6594439320159524e-06,0.00012164460787378044,0.0002198758807027062,0.0002212307377272752,0.0005047720700449747,0.00029873890825016073,0.0001440620306158247,-2.2728470554980755e-07,-0.00014368527122105183,-0.00029953472889950896,-0.0005042150134433306
143,-0.00022668146505044746,-0.00022690466982766094,-0.0001278197003101694,-3.956390018039447e-06,0.00012470172461785127,0.00022442527129046787,0.00022823113299688322,0.0005079578707544536,0.000300940629401495,0.00014530350501858053,-2.117762590483547e-07,-0.00014496124304258612,-0.0003016927520901182,-0.0005073397376508867
144,-0.00023429645974292835,-0.00023160351119411507,-0.00013067199408719227,-4.256375499763099e-06,0.00012773744545350836,0.0002291792047082876,0.00023557101098803206,0.0005112385344341174,0.00030318710801066547,0.00014651129424359734,-1.990162103959773e-07,-0.00014619406119832987,-0.0003038893501690856,-0.0005105777102400748
145,-0.00024402855735233443,-0.00023748624737132654,-0.000133497578870203,-4.554995150607424e-06,0.00013074891158247438,0.0002340492959526116,0.0002449945770822583,0.0005153614481643345,0.00030592580424579135,0.0001476760912974587,-1.9025357956131593e-07,-0.00014737509917914742,-0.0003060857853498808,-0.0005146690556918744
146,-0.00025280752003581933,-0.000242726341421848,-0.000136282242913844,-4.8462905223146e-06,0.00013372561401542483,0.00024001903112818112,0.0002535262857195721,0.0005189806491608005,0.0003083226532443629,0.00014877928262109832,-1.8491339479483296e-07,-0.00014848924289954092,-0.0003087320435893866,-0.0005182865310775965
147,-0.00026116473885540934,-0.0002476455413681812,-0.0001390073577880886,-5.123546560892834e-06,0.00013663917605951688,0.00024526052785379314,0.00026170772033169817,0.0005223723139441184,0.000310542585301466,0.00014980000673466595,-1.8180776641511066e-07,-0.00014951789533767235,-0.00031100087097224704,-0.0005216996845923738
148,-0.00026924346659091517,-0.00025232672153288626,-0.00014166177306734369,-5.382242048822279e-06,0.00013946232294924013,0.00025007764534505357,0.00026967818693338183,0.0005256188878573905,0.0003126344598104578,0.00015072615211628323,-1.7972270091560542e-07,-0.00015044842903650277,-0.00031305851908386076,-0.0005249889509603504
149,-0.0002769757255987938,-0.0002567374992562833,-0.0001442313295676514,-5.617339946572199e-06,0.0001421722473819078,0.00025455389601104886,0.00027737860799896227,0.0005287172152543361,0.00031459888119408073,0.00015154852803720215,-1.7817352932079115e-07,-0.00015127191019781935,-0.0003149604912738802,-0.0005281457253196962
150,-0.0002842403904337622,-0.0002607980265209158,-0.00014669139665254917,-5.829318892534558e-06,0.0001447462814730839,0.000258660951217888,0.00028467824629278826,0.0005316329762069727,0.00031641253538269116,0.00015225890983923296,-1.7753601178793606e-07,-0.00015198335835510146,-0.0003167052721152923,-0.0005311371528548327
151,-0.00029091812326029524,-0.0002644475826342298,-0.00014902709341636596,-6.0153720526909365e-06,0.00014716424821666362,0.00026235744389272543,0.00029144353262813177,0.0005343312055302008,0.00031805645594209207,0.0001528536457315015,-1.771548112756695e-07,-0.00015257966607252804,-0.0003182827362554216,-0.0005339238723960187
152,-0.00029539882914284986,-0.00026763232217121317,-0.000151221221217375,-6.177920422158976e-06,0.00014940382245612357,0.00026477344937195826,0.000296051606053225,0.0005360873325009949,0.00031951571004655316,0.00015333376983415022,-1.774544654323292e-07,-0.00015306313198782434,-0.00031930025068074847,-0.000535769916591257
153,-0.0003000601524284534,-0.000269567823402682,-0.00015325406875234046,-6.319154776041589e-06,0.00015145220105221126,0.0002672140131824779,0.0003008817067520985,0.0005380356293009467,0.00032042306868140943,0.00015370115224594275,-1.783721987199635e-07,-0.00015343750402606473,-0.00032038086344138007,-0.0005378176758936022
154,-0.00030429978838199175,-0.00027148010586486597,-0.00015510869886634174,-6.45030235080688e-06,0.0001529195353737777,0.00026937717910721106,0.000305318538407669,0.0005398846039522177,0.0003213737264134748,0.00015396364261243504,-1.797015729139976e-07,-0.00015358232641818763,-0.00032137138248335216,-0.000539773484091287
155,-0.0003078213882946462,-0.00027308879847999723,-0.00015676873150603503,-6.575743094498569e-06,0.00015440429987323884,0.0002711040236603737,0.00030906469076788615,0.0005415079897229543,0.0003222229252676622,0.00015412989219773548,-1.8238130761347925e-07,-0.00015373108820143384,-0.00032220179056514735,-0.0005415069645396669
156,-0.0003105143535232064,-0.000274277711323157,-0.00015792264400372801,-6.703350640959915e-06,0.0001557623790446182,0.00027235325786738,0.00031200769297908074,0.0005428709282078667,0.0003229086626850161,0.00015411147663220632,-1.8647981425159597e-07,-0.00015383830158383985,-0.0003228490044030208,-0.0005429778567416037
157,-0.000312384331230966,-0.00027502689126926184,-0.00015905307638326062,-6.837161557516343e-06,0.00015692466265704465,0.0002731433140209844,0.0003141256210853518,0.0005439802038556977,0.0003234173645886053,0.0001540989508657099,-1.9191268765490804e-07,-0.0001538907035303373,-0.00032331986252929606,-0.0005441880857395996
158,-0.00031342790944909233,-0.00027536101227482575,-0.00016028366847555713,-6.98146390266807e-06,0.0001578573519078128,0.0002735100381288374,0.0003154184514316065,0.0005448332018328493,0.00032375609974171144,0.0001541415326144003,-1.98325068828871e-07,-0.00015389531800894465,-0.00032362687993999834,-0.0005451383837545799
159,-0.00031373624438365183,-0.00027533461491523463,-0.0001611468400682516,-7.134769785945842e-06,0.00015854828468999922,0.0002735116172269805,0.0003159493960419305,0.0005454497294934225,0.00032394013689407446,0.00015409379922777847,-2.0512558423360084e-07,-0.00015386547321862367,-0.00032378568591124094,-0.0005458423645186018
160,-0.0003133958575075132,-0.0002749993635686406,-0.00016169505660084432,-7.287657858903153e-06,0.00015917402599662203,0.0002731979066848652,0.0003158053859346147,0.0005458470638476183,0.0003239863600423774,0.00015400434925864787,-2.100556684999582e-07,-0.00015388247806517148,-0.00032381192437881624,-0.0005463197125358038
161,-0.0003125314625396185,-0.0002744168770625115,-0.0001619650239106093,-7.445463065390095e-06,0.00015944239749894043,0.00027263413468729133,0.0003150872477462908,0.0005460454509994055,0.00032391496846748054,0.00015390406737497998,-2.143211720502447e-07,-0.00015384420489105035,-0.00032372661921898813,-0.0005465880581285329
162,-0.0003112532297600852,-0.0002736392198623254,-0.0001619882485517955,-7.601660023881101e-06,0.00015945466788136207,0.00027186659077332555,0.0003139152369153124,0.0005460599994825642,0.0003237442598539804,0.00015381054306012244,-2.1605088296786493e-07,-0.00015379073129193166,-0.00032354458100870956,-0.0005466648781780759
163,-0.00030968816526439057,-0.0002727147651454688,-0.00016180335899561164,-7.754844565596089e-06,0.0001592957427995242,0.00027095044621574225,0.0003124112608744831,0.0005459216087334212,0.0003234926425508667,0.00015373373840786719,-2.1437685866669942e-07,-0.0001537408077168404,-0.00032328803028415986,-0.0005465790182164389
164,-0.0003079171563571397,-0.0002716915641692278,-0.00016146715996747242,-7.90166364120885e-06,0.00015903728597325598,0.0002699350700506513,0.0003106687528961109,0.0005456516868783219,0.00032318254371718134,0.00015367631114177968,-2.0953705049789923e-07,-0.00015369991128096156,-0.0003229769819703262,-0.0005463529056570114
165,-0.0003060083204843617,-0.0002706156437444875,-0.00016104671055243054,-8.040067641743194e-06,0.00015876002453036093,0.0002688590261386412,0.00030875747107095926,0.0005452790708476938,0.00032283408674566526,0.00015363517815786945,-2.0119760924075708e-07,-0.00015366593452127497,-0.00032263139956770546,-0.000546013042078554
166,-0.0003040220799356723,-0.00026951531542145264,-0.00016062250866723688,-8.168653008269203e-06,0.00015852908438012046,0.00026775859589476647,0.00030673945503296383,0.0005448303575313361,0.00032246717367715003,0.00015360618311100748,-1.8932335282553513e-07,-0.00015363421901713124,-0.00032226839818259466,-0.0005455873808074132
167,-0.00030198248803912887,-0.0002684163363943772,-0.0001601906536254888,-8.283405668853861e-06,0.00015840186496516302,0.0002666584420144953,0.00030466115720734373,0.0005443274361196783,0.00032209655187161174,0.0001535538301541988,-1.7462710417759867e-07,-0.0001535993291536491,-0.0003219048179944965,-0.0005450991387755148
168,-0.0002999246075734859,-0.00026733831351364624,-0.00015994370695759534,-8.383911870404454e-06,0.0001584084761350703,0.0002655802021295672,0.00030254738209204633,0.0005437960762711486,0.00032173674114028113,0.0001535252670661195,-1.5770432816142698e-07,-0.00015355843222757275,-0.00032155404740648503,-0.0005445729366137684
169,-0.0002978697094623554,-0.0002662097676597953,-0.000159891386473273,-8.46578588322181e-06,0.00015849212747965052,0.00026444862368491944,0.00030042976592561395,0.0005432581209773761,0.0003214015134657606,0.0001534930187103777,-1.380073066177356e-07,-0.0001534835435422294,-0.0003212263261583552,-0.0005440328222081971
170,-0.0002958340817889469,-0.00026515363869565714,-0.00016002063935923133,-8.532925865145616e-06,0.0001587881643471523,0.00026339463015203073,0.000298329319681793,0.0005427342670234191,0.0003211008781256618,0.00015345539807465645,-1.1680358750933627e-07,-0.0001534282461263884,-0.00032093381831560595,-0.000543500030219981
171,-0.00029383873246297763,-0.0002641386641843893,-0.00016030838460926944,-8.595762314532518e-06,0.00015920910232212912,0.00026238096193194067,0.00029625958345302504,0.0005422474240197547,0.00032084173649932495,0.00015341354292811832,-9.651387312398506e-08,-0.00015337533275593465,-0.0003206812994653335,-0.0005429957474466787
172,-0.00029189123088758885,-0.0002631544869982259,-0.00016076011833300146,-8.626390330944799e-06,0.00015972035153064164,0.000261395190238819,0.0002942361393347437,0.0005418154341604052,0.0003206298535634685,0.00015338616681161754,-7.281957905526102e-08,-0.00015332474301402862,-0.0003204729591311747,-0.0005425409943192979
173,-0.0002899920058298129,-0.0002621959164452462,-0.000161215116755125,-8.662260093589242e-06,0.00016027656612503397,0.00026043363488798525,0.00029226421310249586,0.000541451772835375,0.0003204679175888227,0.0001533339990615909,-5.0657880491116735e-08,-0.00015328184431104652,-0.0003203125774987476,-0.0005421501181088052
174,-0.00028814574511626514,-0.0002612636104050133,-0.0001617723178092574,-8.679497733411555e-06,0.00016086376448725426,0.0002594997389713203,0.0002903487795375978,0.0005411694076178255,0.00032035428821738465,0.00015332520519394842,-2.8837412023396858e-08,-0.00015326981093635806,-0.0003201975178605475,-0.0005418358504923859
175,-0.000286361534273072,-0.00026035850132759655,-0.00016228485267847522,-8.679701013713835e-06,0.00016135520777215909,0.0002585868758312841,0.00028849604339752907,0.0005409750741679772,0.0003202863490201021,0.00015331936764488018,-8.001724897182985e-09,-0.0001532444501419368,-0.00032012539008765157,-0.0005416058100406655
176,-0.0002846504268394527,-0.0002594918567613482,-0.00016274114490905995,-8.673000916420565e-06,0.00016180972981164664,0.00025770580789477343,0.0002867182637839611,0.0005408672846902311,0.00032025652221447917,0.00015333730330938818,8.768439989040572e-09,-0.00015327531600667292,-0.0003200906160333241,-0.0005414613196162883
177,-0.00028303429376655984,-0.00025867605954151424,-0.00016310418452682835,-8.664194530045962e-06,0.0001621366621320021,0.00025686664808347785,0.0002850352061772876,0.0005408415083493937,0.0003202574609195319,0.0001533858052007978,2.693943456132203e-08,-0.00015332533876813738,-0.0003200860110442001,-0.0005413982600343314
178,-0.00028153478568116336,-0.0002579235180303483,-0.00016334611713274933,-8.646823784266892e-06,0.00016232409059591238,0.00025607975494387747,0.00028347414931344906,0.0005408880326454319,0.00032028299172230104,0.0001534702187885235,4.146073577490324e-08,-0.0001534108214996906,-0.000320106054271155,-0.0005414098640260862
179,-0.00028019121114085713,-0.000257242208457211,-0.00016345213036279355,-8.62554196660285e-06,0.00016236722938694364,0.00025535186423659403,0.0002820662270779957,0.0005409932582747421,0.00032032460928029427,0.00015359262778875455,5.2253702186990395e-08,-0.00015353515709856948,-0.0003201434771491889,-0.0005414824112646659
180,-0.0002790242726967784,-0.000256637786724283,-0.00016341633689683857,-8.598655988948845e-06,0.00016226628386401185,0.00025468793772820923,0.00028083354407646766,0.0005411424647919648,0.00032037563569335307,0.0001537547862090051,6.072845240264434e-08,-0.0001536996999642269,-0.00032019247890791806,-0.000541602729218868
181,-0.0002780415643431188,-0.0002561035852283491,-0.00016325634137524719,-8.566667652180597e-06,0.00016204627011056052,0.0002540875823658563,0.00027977836091210766,0.0005413230652437839,0.0003204323987117952,0.00015395377877317875,6.69097211369891e-08,-0.0001539000973465141,-0.00032024921746273124,-0.000541759351984643
182,-0.00027723563809504834,-0.0002556282080175474,-0.000162995216429864,-8.5299950248443e-06,0.00016174548878609185,0.0002535409667047325,0.000278896236673727,0.00054152656476221,0.00032049274747856236,0.00015418534963761908,7.095412506301494e-08,-0.00015412989512273462,-0.0003203111072068989,-0.0005419420366775328
183,-0.00027658369378286124,-0.000255167038995465,-0.00016267837332684427,-8.487827496559839e-06,0.0001614246129872608,0.00025304129931937865,0.0002778539269735064,0.0005417448232018736,0.00032055156793907123,0.00015444029616316674,7.259694499958602e-08,-0.00015437752131195398,-0.00032037689827558075,-0.0005420959249044097
184,-0.0002757841701635268,-0.0002547515128052624,-0.00016235346255634748,-8.441213445676994e-06,0.00016113653404376248,0.0002525754209830684,0.0002771313320612391,0.0005419338899191219,0.00032061678524547576,0.00015470857778050016,7.218494135629961e-08,-0.0001546313308730029,-0.00032044683324716224,-0.0005423089260223397
185,-0.00027525395329460026,-0.000254354133115671,-0.00016207493085171015,-8.388928566456736e-06,0.00016093110168959924,0.00025210579011749327,0.00027655268420231216,0.0005421680839852014,0.00032068396533033926,0.0001549778721180813,6.933266241561091e-08,-0.00015487915483378313,-0.00032052043919668724,-0.0005425448548556823
186,-0.0002748332657522796,-0.00025403020614482466,-0.00016188317389002663,-8.332402781779817e-06,0.0001608230422398285,0.00025164933187761404,0.00027604868020098574,0.0005424175631486442,0.00032078599003946927,0.00015523681185011158,6.494453832407026e-08,-0.00015511553507657438,-0.00032060347284613376,-0.0005427905433127592
187,-0.00027444925892416457,-0.00025363487297052527,-0.0001617945552714941,-8.271767927656519e-06,0.00016082939069140664,0.0002511846241482085,0.0002755695713278441,0.000542674136533266,0.0003208709833689568,0.00015547779653171087,5.826577267795228e-08,-0.000155331632654064,-0.0003206939640640805,-0.0005430415291860239
188,-0.0002740556258131192,-0.0002531839946035255,-0.00016181106410273043,-8.205243080020785e-06,0.0001609260991940904,0.0002506983146293075,0.0002750773147550312,0.0005429353431164897,0.0003209608031319679,0.00015569477188409362,5.03371532372793e-08,-0.00015552649888845525,-0.00032079351968087276,-0.0005432981740423633
189,-0.00027361704369052313,-0.00025267534138629147,-0.00016191970666384263,-8.134807782665478e-06,0.0001610919468930651,0.00025023927122569964,0.00027454381493161685,0.0005432022815881019,0.00032106225706162594,0.00015588368023980865,4.06647135272166e-08,-0.00015569727037209456,-0.0003209324408838082,-0.0005435605601979581
190,-0.0002731022598633437,-0.00025210603346642943,-0.00016208837232379347,-8.061009280944189e-06,0.0001612836235495997,0.0002496441629097581,0.00027394154356584873,0.0005434770786190026,0.000321176872446798,0.0001560445854378288,2.9751146335479138e-08,-0.00015584608055771744,-0.0003210385764075079,-0.0005438303476880782
191,-0.00027249681472498697,-0.0002514714675687641,-0.00016228379228794905,-7.988029036966486e-06,0.0001614684391947018,0.00024907623761579286,0.00027325648487230207,0.0005437599907304581,0.0003213060316675017,0.00015617699905417088,1.6851737772150444e-08,-0.0001559731707589073,-0.000321194169989799,-0.0005441068213793425
192,-0.00027179421238594656,-0.0002507759360729635,-0.00016246314553760956,-7.91294143041352e-06,0.00016160347391345215,0.0002484519448855842,0.0002724844710521711,0.0005440510282351136,0.0003214500565430076,0.00015628348393606554,2.5768124963398493e-09,-0.00015608086985533667,-0.0003213495280229517,-0.0005443899180778964
193,-0.0002709971326992881,-0.0002500398039746487,-0.0001625964915526737,-7.836945385336193e-06,0.00016166281270917106,0.00024778562484829484,0.0002716325609585883,0.0005443496588524973,0.0003216050617727095,0.00015636456244673451,-1.331065504434954e-08,-0.0001561700321825976,-0.0003215114519970082,-0.0005446773274506429
194,-0.00027013345722651314,-0.00024928218249040167,-0.0001626465180545551,-7.758819353523158e-06,0.00016161343070758747,0.00024710488949982937,0.00027072047548096413,0.0005446506462330036,0.0003217680179361778,0.00015642445620387609,-2.9695719130606187e-08,-0.0001562438581336767,-0.00032167954642434084,-0.0005449658424499332
195,-0.0002692316221676536,-0.00024852702985500314,-0.00016259415493983414,-7.679896112762813e-06,0.00016147091633908896,0.0002464281202759703,0.00026977695345870804,0.0005449494442112063,0.0003219344790809994,0.0001564642004444505,-4.742711776346807e-08,-0.00015631653408377882,-0.0003218505087381597,-0.0005452506188841462
196,-0.00026832890231373704,-0.0002477971641297244,-0.00016241011656305666,-7.600757950064424e-06,0.00016112507648619623,0.00024577238965138056,0.00026884106450440396,0.000545239472579605,0.0003221002584351177,0.00015648942940118426,-6.604766810017906e-08,-0.0001563540455742563,-0.00032202061924136604,-0.0005455245920364418
197,-0.0002674611331699861,-0.00024710649819393216,-0.00016209112530961843,-7.521474568740611e-06,0.0001607163948148706,0.0002451482692555683,0.000267933202697319,0.000545514154737813,0.0003222606708204999,0.0001565013243390173,-8.546288009059997e-08,-0.00015640641824070332,-0.0003221860286351217,-0.0005457842658276379
198,-0.0002666408944872412,-0.0002464622038954529,-0.00016168025938947337,-7.442074860714015e-06,0.0001601491544742692,0.0002445603176840559,0.0002670679986188421,0.0005457709011713947,0.00032241377930966754,0.00015651673759296247,-1.0541758901349799e-07,-0.00015643712805384617,-0.00032234396337283273,-0.0005460271401349713
199,-0.0002658676057551373,-0.0002458617677353419,-0.0001610556477933409,-7.362633927801287e-06,0.00015946902849321462,0.00024400153991600875,0.00026624740200626514,0.0005460097435119606,0.00032255762043048575,0.00015649506184653973,-1.2589916195723118e-07,-0.00015645651517922046,-0.00032249385172700374,-0.0005462524774887039
200,-0.00026514005279056155,-0.0002452933425711348,-0.00016038915651524755,-7.283630874599721e-06,0.0001586646230774732,0.00024347195030605858,0.000265461314223565,0.0005462306591919289,0.0003226915768347219,0.00015649272568327244,-1.4652140972064332e-07,-0.00015644902719072934,-0.00032263280305858626,-0.0005464620585080614
201,-0.0002644412989804635,-0.00024474314040974504,-0.0001595614036902595,-7.204476425847672e-06,0.0001578648754687435,0.000242947028690278,0.0002647002434208571,0.0005464356947164131,0.0003228148186319151,0.00015645386235994206,-1.6736145036328637e-07,-0.0001564537807628718,-0.00032276230007622356,-0.0005466571899392895
202,-0.00026376047974065425,-0.00024419434713032144,-0.0001587020228730069,-7.123945308518716e-06,0.0001569884703343016,0.00024241634650271765,0.00026395634347671797,0.0005466260124777502,0.0003229273813613826,0.00015641684041720215,-1.877978806880744e-07,-0.00015641859177718744,-0.00032288102010225185,-0.0005468390205324371
203,-0.0002630798324805628,-0.00024363366215685915,-0.00015783201912592586,-7.045756016622643e-06,0.00015614571561882733,0.0002418661093759281,0.00026321116774376155,0.0005468031949813915,0.00032302840777871905,0.00015638258130145456,-2.086035536177299e-07,-0.00015638809530862442,-0.00032298888884400547,-0.0005470091537419607
204,-0.0002623832834216783,-0.00024303937823223667,-0.00015692098130980662,-6.968261448796511e-06,0.00015529504318611106,0.00024128085997267732,0.00026244721988667995,0.0005469687501164075,0.00032311858432225487,0.0001563128351507054,-2.2904865230573181e-07,-0.00015631899596188958,-0.00032308549513678663,-0.000547169620326536
205,-0.0002616460630117489,-0.00024240137014909142,-0.0001560545363192425,-6.8920270835346255e-06,0.00015448977040382554,0.00024064833245240032,0.00026164534292549813,0.0005471252625183817,0.0003231974675482504,0.0001562471714871234,-2.4924080073268246e-07,-0.0001562486494440884,-0.00032317078341717327,-0.0005473223760584979
206,-0.0002608521631173633,-0.000241702401679616,-0.00015520840630476305,-6.8158440008590705e-06,0.00015370993141786585,0.00023996100020984165,0.00026079152890727726,0.0005472737786202001,0.000323265841749552,0.00015616103352339636,-2.681903994670832e-07,-0.00015615542575670935,-0.0003232439402348179,-0.0005474687947394078
207,-0.0002599877500707116,-0.00024094102778433028,-0.00015440394507640126,-6.740699475581072e-06,0.00015296309220281338,0.00023920838107332072,0.0002598781148429836,0.0005474156211688942,0.00032332314160360285,0.0001560596258272224,-2.8628893400714795e-07,-0.00015604611589216925,-0.000323305272888047,-0.0005476092103509832
208,-0.0002590494270950282,-0.00024011533587852676,-0.00015363749681392695,-6.667678160509825e-06,0.00015224024658202871,0.00023839562903537438,0.00025889867776897416,0.0005475508643646393,0.0003233683059947154,0.00015594625126367186,-3.032437841577899e-07,-0.00015592467655342417,-0.0003233535546807878,-0.0005477439624937143
209,-0.0002580367205268798,-0.00023922380203629068,-0.00015290670549569877,-6.596057236201798e-06,0.0001515336633401064,0.00023751944988046887,0.0002578563517535374,0.0005476788394809573,0.00032340105250439776,0.00015582338587108842,-3.1873148938876334e-07,-0.00015579391624600996,-0.0003233882526388932,-0.0005478715775229869
210,-0.00025695731590694854,-0.00023827322207715539,-0.00015220422391487335,-6.526491347354192e-06,0.00015085294817876522,0.00023658629686771197,0.0002567615726335343,0.0005477980833477365,0.0003234210464341344,0.00015569397745202114,-3.323043986092792e-07,-0.0001556538563721336,-0.00032341335572123804,-0.000547989967382514
211,-0.0002558236038340009,-0.0002372701709642532,-0.00015153451177075356,-6.459854928369156e-06,0.00015019788161105784,0.0002355918532628378,0.0002556277203837177,0.0005479057741154332,0.00032342761746199315,0.00015555602789217192,-3.441755776572085e-07,-0.0001555252922118629,-0.0003234155651014013,-0.0005480959485402524
212,-0.00025466356158350244,-0.0002362236733766244,-0.00015089755782199784,-6.396829170751258e-06,0.0001495444945155406,0.0002345652609482366,0.0002544708056202491,0.0005479980001006431,0.00032342078464093273,0.00015543087788336092,-3.538203460640216e-07,-0.00015539919517389112,-0.00032341196668193395,-0.0005481871299192557
213,-0.0002534917782591489,-0.00023514343413880747,-0.0001502765431694461,-6.336577886176756e-06,0.00014888003849169334,0.0002334980940507382,0.0002535007479433,0.0005480729324043132,0.0003234002788016668,0.00015530816171428977,-3.610732380170075e-07,-0.00015527538429210684,-0.0003233897396483258,-0.0005482739545525383
214,-0.0002523293753466306,-0.00023403178382425336,-0.00014965302869278044,-6.280525300993815e-06,0.0001482038334925397,0.0002324060999657134,0.00025242793773471166,0.0005481285774950295,0.00032336887950264507,0.00015518895752113495,-3.6559003379317377e-07,-0.00015515465108745696,-0.0003233542201932352,-0.000548326971028633
215,-0.0002511855900365891,-0.0002329050633928412,-0.00014902233302841809,-6.230695962587948e-06,0.00014751443841947288,0.00023129661828426762,0.00025134250011041835,0.0005481649647846408,0.00032332235039712225,0.00015507368809691122,-3.679110209395415e-07,-0.00015503910674800002,-0.0003233061372541893,-0.0005483594603464956
216,-0.0002500641600011964,-0.00023177563696066795,-0.00014838000587603936,-6.186583220740114e-06,0.00014681087115756586,0.0002301800787841688,0.0002502672990428672,0.0005481833615723693,0.0003232646802127484,0.00015496479838016924,-3.672589434640054e-07,-0.00015493022201878615,-0.000323246651327478,-0.0005483748677851263
217,-0.0002489687966959638,-0.00023064610942538608,-0.00014772983453326525,-6.147858843252556e-06,0.00014609813458656262,0.00022905849001039316,0.00024920546045259094,0.0005481857628232256,0.00032319715428431335,0.00015486341657659615,-3.6355446653457985e-07,-0.00015482953568751306,-0.00032317803140312806,-0.000548375769817858
218,-0.00024808312503107747,-0.00022951910660083398,-0.00014707481526589157,-6.11610603771272e-06,0.0001453824407348543,0.0002279368952858986,0.00024815568304346875,0.0005481984858757098,0.0003231224646052736,0.0001547716002531204,-3.569466591588452e-07,-0.00015473802297432114,-0.00032310183358066994,-0.0005483648406338047
219,-0.0002471087816837975,-0.00022839629516121525,-0.00014641746579944985,-6.088930872852929e-06,0.00014467581893148516,0.00022685298767616946,0.000247113201934957,0.0005481792047902246,0.00032304260868411705,0.00015468923329305765,-3.469486323424394e-07,-0.00015465539535868493,-0.00032301282914093057,-0.0005483450060182493
220,-0.0002459236590840616,-0.00022728480024515385,-0.00014576246286699668,-6.068141061614758e-06,0.00014398380163077482,0.00022581564617600643,0.0002460773667647087,0.0005481216805552137,0.0003229589032097745,0.00015461867948415308,-3.3386397142002554e-07,-0.00015458247680938728,-0.000322936898684202,-0.0005483186870611725
221,-0.00024504208231182197,-0.0002261849236151827,-0.00014512407557330274,-6.053978799637727e-06,0.00014332255185231347,0.00022479506166388148,0.00024503742764765685,0.0005481110851910201,0.00032287360075528146,0.0001545583475066497,-3.179843817209586e-07,-0.00015451882740656102,-0.000322862596492397,-0.0005482893208793236
222,-0.00024407887360693693,-0.00022512395272642483,-0.00014450912126492263,-6.045744847004997e-06,0.00014269506394072113,0.00022378783107733597,0.00024399237122760007,0.0005480809957135398,0.0003227794824459392,0.0001545091881679286,-2.990678684493e-07,-0.00015446457398880415,-0.00032278899532923425,-0.0005482593958261021
223,-0.0002430890158191685,-0.00022411348934285846,-0.00014392663316273983,-6.043698033487395e-06,0.00014210650053875188,0.00022279266566207887,0.00024294179104284978,0.0005480478015980637,0.0003227041177510952,0.00015447031938305833,-2.7765218392931815e-07,-0.00015442026150773095,-0.000322717272292975,-0.0005482307777272291
224,-0.00024208861474662432,-0.00022312966437226057,-0.0001433831328211991,-6.0483111171025526e-06,0.000141555923757931,0.000221814092811767,0.00024188398124692012,0.0005480162983864251,0.0003226354485526495,0.00015444250551789523,-2.540048473316596e-07,-0.00015438757948907654,-0.000322648102422546,-0.0005482048224874339
225,-0.0002410826576828939,-0.0002221637469474117,-0.0001428815633535655,-6.057212438035059e-06,0.00014104385597088782,0.00022085563241605266,0.0002408242771913446,0.0005479894338303034,0.0003225711249779911,0.00015442507436602153,-2.2796366264810094e-07,-0.00015436679575639648,-0.00032258236994633655,-0.0005481821431079149
226,-0.00024007772017238838,-0.0002212157364082156,-0.00014241969625501062,-6.070255675889798e-06,0.00014056967672650478,0.00021991918018285278,0.00023976515682838935,0.0005479673969100766,0.00032251127750751544,0.00015441954198107063,-1.9981376386104767e-07,-0.00015435877868990298,-0.0003225209543757412,-0.0005481637738128658
227,-0.00023907892605996267,-0.00022028956360846118,-0.00014199980358686677,-6.086639725673434e-06,0.0001401281677960077,0.00021900946235244666,0.00023871284623565943,0.0005479506187220573,0.00032245637763258215,0.0001544249899919363,-1.697090271759772e-07,-0.00015436464988455398,-0.00032246440676672025,-0.0005481494027025785
228,-0.00023809436279627867,-0.00021938661782426916,-0.0001416154244841404,-6.1062400247502616e-06,0.00013971496377534337,0.00021812623338871343,0.00023767860953294726,0.0005479388183044725,0.0003224068379283632,0.00015444319745476148,-1.3796102032182328e-07,-0.00015438511004296413,-0.00032241363777670625,-0.0005481385353712732
229,-0.0002371300369818462,-0.0002185108943722662,-0.0001412590861936119,-6.1300111657752955e-06,0.00013933048230842888,0.00021727248774464707,0.00023666146469399543,0.0005479314625906845,0.0003223627074146066,0.00015447458074837307,-1.0538208681705835e-07,-0.00015441935738241092,-0.0003223690994278949,-0.000548131526217855
230,-0.00023618935428995258,-0.00021766456234861316,-0.00014093064296207634,-6.1569783336984055e-06,0.00013896896000575997,0.00021645180937865025,0.00023567225704197386,0.0005479281582897054,0.0003223246223306461,0.00015451898920178884,-7.205776178887194e-08,-0.0001544672626826765,-0.000322330462617421,-0.0005481278201399222
231,-0.00023528474496455138,-0.00021684938851584745,-0.0001406312257611036,-6.182302528225003e-06,0.000138633433399007,0.0002156626503057758,0.0002347116291461523,0.0005479274428094866,0.0003222925391136489,0.00015457441113935112,-3.734624489757894e-08,-0.0001545275711168273,-0.00032229903312038465,-0.0005481271169146402
232,-0.00023441430044062608,-0.00021606636895929245,-0.00014034667225403704,-6.207999562188663e-06,0.00013831799588732416,0.00021490510233852314,0.00023378332790034665,0.0005479298398751663,0.0003222668965134827,0.0001546427500025013,-2.041127816627611e-09,-0.0001545999576307519,-0.00032227473121032764,-0.0005481292247638065
233,-0.0002335805083649916,-0.0002153191702873195,-0.00014008561897343774,-6.234030922910889e-06,0.00013802380041265082,0.00021418458134047055,0.00023288955962226767,0.0005479355296111962,0.0003222470968360589,0.00015472040938111913,3.3737596120991494e-08,-0.00015468294808501382,-0.0003222568821257935,-0.0005481341084949413
234,-0.00023278300563541948,-0.00021460648259299936,-0.00013984224612604995,-6.2595019091610735e-06,0.0001377491624781832,0.00021349930889394742,0.00023202959173309576,0.0005479443810053628,0.0003222339017141519,0.00015480747518693767,6.945712559300859e-08,-0.00015477551344873783,-0.00032224584889038813,-0.0005481420154496696
235,-0.00023202282879029932,-0.00021392907760772942,-0.0001395961480365864,-6.284211124571492e-06,0.00013747032702087178,0.00021284839429258666,0.0002312033894053617,0.0005479565930269737,0.00032222714242271356,0.00015490819119365635,1.0521357515999e-07,-0.00015488294632862702,-0.0003222421357600858,-0.0005481530258631451
236,-0.00023129662103302687,-0.00021328564662654678,-0.00013937604239181817,-6.30902083629453e-06,0.0001372237005095382,0.00021223212995905106,0.00023041316667103608,0.0005479722324076293,0.0003222270457474463,0.000155018653080082,1.4041232500935544e-07,-0.0001549998116624284,-0.00032224501222502804,-0.0005481663294296834
237,-0.0002306000615603843,-0.00021267851942487561,-0.00013917491027936544,-6.331942063623214e-06,0.00013700137384760114,0.00021165092830574824,0.00022965769889383918,0.0005479917930444136,0.0003222331928932196,0.00015513339393268658,1.7511720244399605e-07,-0.00015512110716058442,-0.0003222545032344166,-0.0005481821786009871
238,-0.00022993584060963893,-0.00021210346451939503,-0.00013898959837977293,-6.3532507871081925e-06,0.0001368015139377709,0.0002111018517563404,0.0002289299917031806,0.0005480149755931484,0.0003222460101931063,0.0001552522489133183,2.0946473869053308e-07,-0.00015524595989237046,-0.00032227072592695146,-0.0005482010371223708
239,-0.00022929960834318773,-0.00021156157614288213,-0.00013882462701282942,-6.373087677409871e-06,0.00013662730449348932,0.00021058587060313424,0.00022823241098273749,0.0005480419272055677,0.0003222652740523123,0.00015537292450589068,2.4277878243468803e-07,-0.00015537280535784365,-0.0003222934205442129,-0.0005482223911188906
240,-0.00022868968727898163,-0.0002110555162075761,-0.0001387146603674957,-6.390373072145638e-06,0.00013651867444465038,0.00021010125810316243,0.00022756406101138123,0.0005480723451616051,0.00032229042603879255,0.00015550443446167553,2.75376055656171e-07,-0.00015551159789781402,-0.00032232206047074733,-0.000548245910447168
241,-0.00022810502282943066,-0.00021057834235256413,-0.0001385954405020176,-6.40353012222885e-06,0.00013639855081866176,0.0002096449916655945,0.0002269224441423305,0.0005481059935421614,0.00032232185266863614,0.00015562760350847562,3.0736587511928304e-07,-0.00015564147310049534,-0.00032235696935250434,-0.0005482716449131167
242,-0.0002275427443834893,-0.00021012947052069509,-0.00013847823591055716,-6.41612861546938e-06,0.00013628432321227373,0.00020921507088335792,0.0002263056312490615,0.0005481422306278655,0.00032235954746753656,0.00015574877599712337,3.3804711694016756e-07,-0.00015576893127813537,-0.00032239730892866985,-0.0005482993469901319
243,-0.00022700282234519782,-0.0002097102405104235,-0.00013836686655072417,-6.4269744869133e-06,0.00013617662574158247,0.00020881678421159195,0.00022571204731223514,0.0005481805988933611,0.0003224023393259659,0.00015586793859517211,3.6728413300146256e-07,-0.00015589543112201325,-0.0003224420881679224,-0.0005483284605121754
244,-0.00022648461522902665,-0.00020931773565174524,-0.00013825228764502377,-6.433851090313085e-06,0.00013607257800247192,0.00020843866848683788,0.00022514073407891308,0.0005482207509227453,0.00032245046303001933,0.00015598664128624507,3.957030662104442e-07,-0.00015602024541029315,-0.00032249221874508554,-0.0005483587831340518
245,-0.00022598573906268944,-0.00020892874879110013,-0.0001381333683204079,-6.437335483927093e-06,0.00013596409098763518,0.00020808628348352053,0.00022459148741185017,0.0005482626948089009,0.0003225131324194062,0.00015610351455800847,4.230191377050345e-07,-0.0001561439116861329,-0.0003225465153996475,-0.0005483902893747409
246,-0.00022550728546813452,-0.00020856571928167217,-0.00013800222756887092,-6.439085653318149e-06,0.0001358459941134582,0.00020775477307017126,0.00022406322531468145,0.0005483052309322296,0.00032257645039555384,0.00015621923300312437,4.488356779035645e-07,-0.0001562657501658642,-0.00032260464574534494,-0.0005484227563793693
247,-0.00022504707691573173,-0.00020822518424839576,-0.0001378552187327134,-6.437324583175538e-06,0.00013571504373566587,0.00020744246675979147,0.00022355470523985726,0.0005483484490543643,0.00032264225337233493,0.00015633354858629207,4.7340248048203e-07,-0.0001563859642467577,-0.0003226663550644682,-0.00054845597051895
248,-0.00022460502617424702,-0.00020790918741839498,-0.0001376892984822583,-6.432136629964622e-06,0.00013556913479729097,0.00020712736980854082,0.00022306562539528807,0.0005483918119466134,0.0003227109592199791,0.00015644642785847036,4.968911330566306e-07,-0.00015650389595199614,-0.00032273815979260004,-0.0005484897562010461
249,-0.00022417691702139204,-0.00020761660987917273,-0.00013750570356211905,-6.42335130056361e-06,0.0001354074730645486,0.0002068342037195717,0.0002225951376655966,0.0005484355290759098,0.0003227824744541271,0.00015655672548943174,5.189779153618232e-07,-0.00015661919364119158,-0.00032281031702358987,-0.0005485237256840748
250,-0.00022376374352279268,-0.00020734207005274988,-0.00013730155085882914,-6.411326320667237e-06,0.0001352279138648411,0.0002065568008978413,0.0002221417114056789,0.0005484789318082655,0.00032285688307890395,0.00015666495403382385,5.397678127839077e-07,-0.000156731373757652,-0.00032288293251985645,-0.0005485580658905094
251,-0.00022336526849697972,-0.00020708414132322963,-0.00013708091609268582,-6.395345324406348e-06,0.00013503390246738186,0.00020629444972012457,0.00022170373900517242,0.0005485217733801186,0.00032293315785311753,0.0001567694579583322,5.59223767988811e-07,-0.00015683971265890805,-0.00032295607601892813,-0.0005485925747988694
252,-0.00022297906070088968,-0.00020684184520128855,-0.00013684314381761533,-6.3756445627113705e-06,0.00013482483194810152,0.00020604359408999423,0.00022128225970196493,0.0005485639578792451,0.00032301028804505714,0.00015687049962266006,5.773993868457305e-07,-0.00015694381226529728,-0.00032302941999027125,-0.0005486264939904113
253,-0.00022260484168225604,-0.00020661016982199103,-0.00013659404843772887,-6.340616551918776e-06,0.00013460415061068611,0.00020580437593800793,0.00022087418284634137,0.0005486053801444118,0.0003230880798648603,0.00015696664684550072,5.928363750429983e-07,-0.0001570430644729716,-0.00032310232777834686,-0.0005486604057827459
254,-0.00022224100946616524,-0.00020642286966306842,-0.00013633333198358416,-6.319321696663068e-06,0.00013437081720740228,0.00020557378742205407,0.0002204786387663466,0.0005486456840425249,0.00032317377470856293,0.00015705820066822562,6.105843457566493e-07,-0.00015713757547905307,-0.0003231740979614298,-0.0005486939892583812
255,-0.00022188882311242677,-0.00020622085123832244,-0.0001360662578759218,-6.278769739207082e-06,0.00013413523059986566,0.0002053814555361937,0.00022009528959119457,0.0005486844389628445,0.0003232512712768742,0.00015714384642743717,6.238495346880189e-07,-0.0001572252908381538,-0.0003232509727188616,-0.0005487268162344425
256,-0.00022154435892978922,-0.0002060119511716714,-0.00013579382020007202,-6.240353806693122e-06,0.00013388924403712101,0.00020517122771045664,0.00021972323178697499,0.0005487219020278228,0.00032332620547659123,0.0001572237522423731,6.36925554215017e-07,-0.00015730779637380713,-0.00032332023891771996,-0.0005487586599945949
257,-0.0002212075206328617,-0.00020580597272082068,-0.00013551787856555083,-6.199934496673267e-06,0.00013364517280784307,0.00020495620554614687,0.00021936139079572155,0.0005487575850285162,0.0003233984353354248,0.0001572974756265662,6.484725822016837e-07,-0.00015738294754371555,-0.0003233855289213357,-0.0005487891269241352
258,-0.00022087769997738234,-0.0002056021789916942,-0.000135246798954104,-6.154224818712677e-06,0.00013339646720004616,0.0002047416703752749,0.00021900701856755338,0.0005487913497384841,0.0003234673697029604,0.00015736368999695827,6.59054072072436e-07,-0.0001574517802392068,-0.00032344718651537577,-0.0005488182390819501
259,-0.00022055303030952379,-0.00020539708637037977,-0.00013497923141952793,-6.1036579816022485e-06,0.00013315081344406518,0.0002045259513660156,0.00021865941915406964,0.0005488234038442252,0.00032353317254100637,0.0001574228618250094,6.682355055894386e-07,-0.00015751334989366864,-0.00032350538264465026,-0.0005488460179719853
260,-0.00022023220314107119,-0.00020518969633806448,-0.00013470623300664575,-6.050493633908086e-06,0.00013290361549622774,0.0002043098241216746,0.00021831802357196023,0.000548853606067126,0.0003235953982323058,0.0001574771033785999,6.759404608729886e-07,-0.00015756853141248926,-0.00032355946032892256,-0.0005488721472087636
261,-0.00021991681440754963,-0.00020498037528760617,-0.0001344399194974133,-5.993199513290305e-06,0.00013265725824507328,0.00020409041604106532,0.00021798402316697635,0.0005488815271606759,0.0003236533786515663,0.00015752434592031052,6.822656151095216e-07,-0.0001576171018575541,-0.0003236096840204845,-0.0005488962963945584
262,-0.00021960550210368257,-0.00020476746653491537,-0.00013417226013063345,-5.933797616305545e-06,0.00013240854654862687,0.00020386582692367503,0.00021765286984602345,0.0005489072074736765,0.0003237069757573275,0.0001575664369697617,6.873277985212882e-07,-0.00015765964898720357,-0.00032365578431882446,-0.0005489188276974423
263,-0.00021929615564542784,-0.00020454970307932268,-0.0001339059386608366,-5.871032339881499e-06,0.00013215927621366315,0.0002036377156900389,0.000217326018264313,0.0005489308266450068,0.00032375623789878435,0.00015760293163343144,6.912760268415769e-07,-0.0001576963701799156,-0.0003236976526174535,-0.0005489393702552742
264,-0.0002189882818127675,-0.0002043267298284249,-0.00013363338234499133,-5.804786710716567e-06,0.00013190249784481018,0.00020340395829803173,0.00021700455647730285,0.0005489524144795983,0.0003238009590080149,0.00015763579745301851,6.944817196954478e-07,-0.00015772842970788835,-0.000323735193420353,-0.0005489574908444694
265,-0.0002186811601844766,-0.00020409664418762885,-0.0001333598791259233,-5.73726466741624e-06,0.00013164152816984133,0.0002031655576309837,0.0002166858422672688,0.0005489720690169473,0.00032384161506214814,0.00015766430435799227,6.964058652517002e-07,-0.00015775580667992244,-0.00032376849075477026,-0.0005489736888190276
266,-0.00021837574214652147,-0.00020385979992914506,-0.00013307340235438222,-5.6692366893624525e-06,0.00013137172709597102,0.00020292336650376373,0.0002163686445447508,0.0005489894718136715,0.00032387804586834704,0.0001576910753418891,6.973965213177416e-07,-0.00015777943934093246,-0.0003237974531480058,-0.0005489881581769138
267,-0.00021807195868435555,-0.0002036176979247784,-0.00013278317510283043,-5.607370812773919e-06,0.0001310886655641876,0.00020267229347534902,0.0002160548427714149,0.0005490047347365355,0.0003239099848932929,0.00015771467641059639,6.982592701320689e-07,-0.00015780063666155094,-0.00032382306524956464,-0.0005490005693759349
268,-0.00021776842215732062,-0.00020336901342035886,-0.00013247994886046737,-5.551220629495224e-06,0.00013079520794910432,0.00020241528559987793,0.0002157423249839131,0.0005490179862773978,0.0003239377826744292,0.00015773740562377624,6.977876667437655e-07,-0.0001578195305233982,-0.00032384486308290706,-0.0005490109686380138
269,-0.00021746533449577276,-0.00020311385472094126,-0.00013216983408952291,-5.4812554078020285e-06,0.000130493711907825,0.00020215435171789227,0.00021543268900938963,0.0005490291678669087,0.0003239615126951332,0.00015775842857513906,6.96523950425746e-07,-0.00015783575859423183,-0.0003238627758931136,-0.0005490193905544443
270,-0.00021716275995565374,-0.00020285343742835305,-0.0001318467873817291,-5.415901149238503e-06,0.00013017958917990234,0.00020188924805681193,0.00021512442030120863,0.000549038413731312,0.0003239811601338677,0.00015777958008541566,6.944248619209077e-07,-0.00015785082070029875,-0.00032387695751432766,-0.0005490257315594476
271,-0.0002168604787347463,-0.00020258530708778603,-0.0001315159778133159,-5.353546839906676e-06,0.00012985373808744149,0.00020161842531149724,0.00021481802788229055,0.0005490457927063577,0.00032399736603945105,0.00015780016843740371,6.928074875436138e-07,-0.0001578650536327029,-0.00032388806078785423,-0.0005490301092541739
272,-0.00021655851158174926,-0.00020231250609295981,-0.000131178929467833,-5.288707218234863e-06,0.00012952021222273528,0.00020134299743879678,0.00021451238668252355,0.0005490511737335875,0.0003240098429526816,0.00015782036145437273,6.909543806431947e-07,-0.00015787835377942014,-0.0003238958252153528,-0.0005490326429045951
273,-0.00021625702856505673,-0.00020203650339460435,-0.00013084057170803003,-5.223336715982067e-06,0.0001291808960917678,0.0002010635355796489,0.00021421160718070885,0.0005490548399482913,0.00032401858641091237,0.00015783947889482842,6.885522598019455e-07,-0.00015789065390940364,-0.00032390068184689103,-0.0005490327923685815
274,-0.00021595588643391847,-0.00020175368009847376,-0.0001304978286427629,-5.158473584537021e-06,0.00012883458834882138,0.0002007700346642185,0.0002139109497573018,0.0005490566922242145,0.0003240243244036471,0.00015785870399143736,6.860761678371708e-07,-0.0001579024031406601,-0.0003239022979724903,-0.0005490312647559991
275,-0.00021565522148344306,-0.00020146574730226768,-0.00013015769941107882,-5.092840169571449e-06,0.0001284872550625224,0.0002004867005323657,0.00021361133634023946,0.0005490567984259611,0.00032402701933366375,0.00015787677325788133,6.834343955982875e-07,-0.00015791317436319988,-0.0003239017061977677,-0.0005490281128324445
276,-0.00021535403359876395,-0.00020117544312486593,-0.00012981619955345765,-5.027330058033992e-06,0.00012813660296963927,0.00020019305339082555,0.00021331353093680737,0.0005490554396540391,0.00032402624176947157,0.00015789484546088566,6.80810086089707e-07,-0.00015792345690278438,-0.00032389787292283755,-0.0005490231809139724
277,-0.00021505367356352032,-0.00020088450376733215,-0.00012947749989332549,-4.962101786534884e-06,0.00012778639513142127,0.0001998976312503226,0.00021301783816667178,0.0005490524936134262,0.0003240224678269346,0.00015791187371436317,6.779335658384687e-07,-0.00015793280901286707,-0.0003238914492548158,-0.0005490166854042727
278,-0.0002147538554673427,-0.00020058357284730697,-0.00012914578860380378,-4.898608923589725e-06,0.00012743575827986627,0.00019960211214462817,0.00021272238173071753,0.0005490482692210253,0.00032401680824267434,0.00015792771863805944,6.749785061931468e-07,-0.00015794152524663968,-0.00032388309855575494,-0.0005490087560669424
279,-0.00021445473251168682,-0.00020028196159459205,-0.00012881743011089981,-4.833718474600987e-06,0.00012709067549832173,0.00019930082949179453,0.0002124291959472333,0.0005490428180169393,0.0003240084933604011,0.00015794240111854924,6.721357780751884e-07,-0.00015794885858013796,-0.00032387291229835487,-0.0005489994659229082
280,-0.00021415617792850568,-0.00019996804942753836,-0.00012849307008732118,-4.769342607036167e-06,0.00012674760180362348,0.00019899932164759918,0.0002121370699927008,0.0005490361620369322,0.00032399721569680863,0.0001579563776661098,6.695456348223045e-07,-0.00015795515309499717,-0.0003238604416050829,-0.000548988877564839
281,-0.00021385880953838371,-0.00019966586242306316,-0.00012817609550691065,-4.70653069333038e-06,0.00012640669044648825,0.00019869642728589452,0.00021184637262450183,0.0005490285433506939,0.0003239842757088167,0.00015796834594627253,6.664901348924733e-07,-0.00015796051534905077,-0.00032384612231236887,-0.0005489772355365343
282,-0.0002135617957776122,-0.00019934853511477366,-0.00012786106932389515,-4.6458971801877984e-06,0.00012606757843306162,0.00019838970893703696,0.00021155837136547156,0.0005490199385813541,0.0003239689030464601,0.00015797946212447894,6.632775824879059e-07,-0.00015796486128036763,-0.0003238300448523989,-0.0005489643312497173
283,-0.00021326811874454687,-0.00019903162357848628,-0.00012755466897396926,-4.583113771213832e-06,0.00012573513106719513,0.0001980826518898099,0.00021127255766559443,0.0005490101322501239,0.0003239514001754578,0.00015798857664370449,6.604831876565462e-07,-0.00015796761822499015,-0.0003238123551514135,-0.0005489504537821664
284,-0.00021297452769148821,-0.00019871572093536118,-0.00012724843577619112,-4.520996699410103e-06,0.00012540353680191084,0.00019777304466395831,0.0002109870271765885,0.0005489995455106312,0.0003239320554336676,0.00015799648730959766,6.579385809748998e-07,-0.00015796957666335166,-0.00032379300388907185,-0.0005489359722849559
285,-0.00021268207559026818,-0.0001984005010190064,-0.00012694883121624193,-4.459688307057018e-06,0.00012507573657314118,0.0001974633734678783,0.0002107048046173559,0.0005489883080339831,0.00032391087980428764,0.00015800210161070962,6.551246092284997e-07,-0.00015796975939371156,-0.0003237721953297392,-0.0005489205508109539
286,-0.00021239037211707494,-0.00019808205483762856,-0.000126647830729948,-4.399178048672763e-06,0.0001247261032945692,0.000197152993958907,0.00021042270509219276,0.0005489763398856188,0.0003238882915506304,0.00015800700692671928,6.524671972852457e-07,-0.00015796445014572887,-0.0003237498119878779,-0.0005489046148608226
287,-0.00021210093125696987,-0.00019776193961752305,-0.00012634765114730008,-4.338611647817025e-06,0.00012442204739982106,0.0001968396835435262,0.00021014254929448955,0.0005489635318116187,0.0003238643420740639,0.00015801027800988227,6.497396184746301e-07,-0.00015796516439814178,-0.0003237263181868655,-0.0005488881097497959
288,-0.00021181188422805396,-0.00019744435050715739,-0.00012604577996442394,-4.279055610167851e-06,0.0001240819520300922,0.00019653079917238895,0.00020986517484704802,0.0005489501541605177,0.00032383864650019817,0.000158012770923043,6.470352753945515e-07,-0.00015795762277695933,-0.00032370132239302576,-0.0005488707436947603
289,-0.00021152412299777396,-0.0001971258984538781,-0.0001257413250463858,-4.219303544605825e-06,0.00012378037541765498,0.00019621919255423978,0.0002095877528628204,0.0005489364470134688,0.0003238119999432203,0.00015801405131192535,6.442000778428974e-07,-0.00015795572521095099,-0.0003236749062751088,-0.0005488531577445341
290,-0.000211236859450551,-0.00019680232469366775,-0.00012543189162290597,-4.160968987089413e-06,0.00012344185039733018,0.00019590669815582195,0.00020930983463395459,0.0005489221119049491,0.0003237844252019376,0.00015801514722007284,6.413054258574078e-07,-0.00015794559106478023,-0.0003236475163290272,-0.0005488354102834871
291,-0.00021095302267014058,-0.00019648376712350159,-0.00012512055251124722,-4.101724787308842e-06,0.00012311571950285368,0.00019559367309908838,0.0002090353283246605,0.0005489068933773286,0.0003237555460729062,0.00015801493589177694,6.383496706403593e-07,-0.00015793696475218598,-0.00032361946248907485,-0.0005488166116494372
292,-0.00021066983055751507,-0.00019616302916657195,-0.00012478431733544619,-4.042912296718294e-06,0.00012278872207926867,0.00019528837200655317,0.00020876204837577838,0.0005488911973464926,0.0003237258698873961,0.00015800968376798654,6.354246930270654e-07,-0.00015792891468522814,-0.00032358749245682615,-0.0005487971754349473
293,-0.0002103874430037629,-0.00019584209628418885,-0.00012448197832162948,-3.985177134626572e-06,0.00012246669502322165,0.00019499089425719268,0.00020848983842330142,0.0005488751701780094,0.0003236954492722686,0.0001580116839609995,6.319872603316709e-07,-0.0001579195095251417,-0.0003235637488863239,-0.0005487774187422933
294,-0.00021010649821363652,-0.0001955229256421907,-0.0001241399167614619,-3.929022832839547e-06,0.00012214384918174807,0.00019469011051893902,0.00020821862447733056,0.0005488585550962649,0.0003236638604379286,0.00015800642482877245,6.281559780312265e-07,-0.00015790903348472627,-0.0003235307713595176,-0.0005487571140689745
295,-0.00020982751399820418,-0.0001952046556769696,-0.00012383470694940816,-3.871183665087391e-06,0.00012181722621010702,0.00019439954192863252,0.00020794904077218814,0.0005488414605227679,0.0003236315775348257,0.00015800702702250375,6.244282953380533e-07,-0.00015789813796244142,-0.0003235025781832436,-0.0005487362460153911
296,-0.00020955128549765168,-0.00019488638808612475,-0.00012348802092201837,-3.8136790528615073e-06,0.00012148854304834304,0.00019411255863662565,0.00020768031677844312,0.0005488234736511212,0.0003235987263263607,0.00015800012902136422,6.205924455069716e-07,-0.00015788680450882624,-0.00032347453234368414,-0.0005487148630925954
297,-0.0002092749157266378,-0.00019456984900178808,-0.00012317531458342588,-3.7568313971477196e-06,0.0001211591672386598,0.00019382777225349418,0.0002074150799158399,0.0005488055317990261,0.000323565285817283,0.00015799988575624,6.162740335760717e-07,-0.0001578747044372211,-0.0003234464424788414,-0.0005486927504461069
298,-0.00020899900997376942,-0.0001942525868952499,-0.0001228255318866367,-3.700042426458449e-06,0.00012082814934582338,0.00019354254479795295,0.0002071497403343699,0.0005487873588835621,0.0003235312921943406,0.00015799122788371462,6.118381136555369e-07,-0.0001578622048037998,-0.0003234177705738582,-0.000548670253873252
299,-0.00020872736981248169,-0.00019393936955344808,-0.0001224898250243317,-3.6422811381490827e-06,0.00012049737007287493,0.00019326113604879416,0.00020688668907033523,0.0005487682700156077,0.000323496902968158,0.00015798357441195325,6.072693687157997e-07,-0.00015784844526573898,-0.000323388761033799,-0.0005486473408175189
300,-0.00020845678915502362,-0.0001936278156543336,-0.00012218125019895253,-3.5853011751950665e-06,0.00012016475903268147,0.00019297764639037026,0.00020662540672646606,0.0005487488215924258,0.0003234619689059738,0.00015798126773683912,6.024040884754381e-07,-0.00015783400752559035,-0.0003233593135069155,-0.0005486239037360547
301,-0.00020818721551881287,-0.00019331716309209246,-0.00012183361011565468,-3.5277471210663225e-06,0.00011983474147145968,0.00019269422643614567,0.00020636585911568513,0.0005487293505091717,0.00032342687018830567,0.0001579683645275317,5.972184448742516e-07,-0.00015781841474606697,-0.000323329684953802,-0.0005486001201173432
302,-0.00020791914537508796,-0.00019301501791998905,-0.00012149567466970381,-3.4707557918450735e-06,0.00011949950502136735,0.00019241363417685461,0.0002061070344975491,0.0005487095292121892,0.0003233880568604937,0.00015795742132429286,5.918665209926158e-07,-0.00015780220075684964,-0.00032329969145791326,-0.0005485760075113792
303,-0.00020765412682702218,-0.0001927252186275906,-0.00012116507675575196,-3.413550754376283e-06,0.00011916818555318941,0.0001921351844226809,0.00020585065656084838,0.0005486892467133698,0.0003233594086560962,0.00015794537560217723,5.862034204671456e-07,-0.00015778464391094272,-0.000323269620871534,-0.0005485514957875515
304,-0.00020739020006839187,-0.00019242889874626133,-0.00012083126606441647,-3.354974705454438e-06,0.00011883522641564326,0.00019185615049312988,0.00020559467425828646,0.0005486686842008008,0.00032332156349143093,0.0001579325988545708,5.803130066990133e-07,-0.00015776620093366293,-0.00032323944045317205,-0.0005485266286705504
305,-0.00020712852918395612,-0.0001921485358359535,-0.00012050418411894794,-3.286160462258939e-06,0.00011850347354005442,0.00019158171132646734,0.0002053414522223132,0.0005486478135806174,0.000323289145969001,0.0001579173898834889,5.716053864360502e-07,-0.00015774634691137425,-0.0003232090607417872,-0.0005485013210001251
306,-0.00020686863585019877,-0.00019187023041627023,-0.00012017333980188303,-3.236826397065996e-06,0.00011817316947733209,0.0001913089272971014,0.00020508870940640482,0.000548626685491144,0.0003232621282955344,0.00015790149614814728,5.670682762519833e-07,-0.00015772529682573107,-0.00032317852865297803,-0.0005484759147121404
307,-0.0002066118376489001,-0.0001915818702027809,-0.0001198454234257203,-3.168070429536783e-06,0.00011784468642327024,0.00019103875185995682,0.00020483721020208198,0.0005486050996682119,0.0003232246009961881,0.00015788373267475333,5.585001522953394e-07,-0.00015770252009807934,-0.0003231481804575916,-0.0005484503886957335
308,-0.00020635690191425068,-0.00019130844993909922,-0.00011951247500734997,-3.1184402022846403e-06,0.00011751391016508998,0.0001907711319216159,0.00020458846463382814,0.0005485831533882739,0.0003231924841359204,0.00015786518851331437,5.539933736815651e-07,-0.00015767924575755412,-0.0003231178597780072,-0.0005484242338854451
309,-0.00020610359667658652,-0.0001910398956393654,-0.00011918637139357,-3.062439251805075e-06,0.00011718559142574702,0.00019050771451102809,0.00020434325709309684,0.0005485610774141064,0.0003231615734389251,0.0001578443989907546,5.47749077195728e-07,-0.0001576543377437472,-0.0003230878078746262,-0.0005483976524183686
310,-0.00020585295980434193,-0.00019078009982252176,-0.0001188545075528367,-3.0046454086297105e-06,0.00011685940640337355,0.00019024493721651634,0.00020409788316868806,0.000548538627086297,0.0003231313538278873,0.00015782313436509712,5.407861063920033e-07,-0.00015762830317751347,-0.0003230577907243968,-0.0005483712024953234
311,-0.00020560499270637917,-0.0001905175279657435,-0.0001185270968202954,-2.933166378820343e-06,0.00011653354629616465,0.00018998833283722662,0.0002038551289497638,0.0005485158551473197,0.0003231019033644433,0.00015779965317973312,5.307202399438975e-07,-0.0001576009164339013,-0.0003230281863343195,-0.0005483446415379244
312,-0.00020535927345308132,-0.00019025856916086615,-0.00011819892102628502,-2.872069049304967e-06,0.00011620837467925353,0.00018973168863541058,0.00020361505924398814,0.0005484929023439701,0.0003230726097873157,0.00015777528661910272,5.224972825775494e-07,-0.00015757278901114505,-0.0003229991067792617,-0.0005483178238742788
313,-0.00020511652051494092,-0.00019000517543088844,-0.00011787349571564493,-2.8257810760458428e-06,0.00011588585258053467,0.00018948158153478517,0.00020337733367812032,0.0005484698032212971,0.000323043520104593,0.00015774936192647221,5.173660697415562e-07,-0.00015754323251937342,-0.0003229708161184321,-0.0005482909123100687
314,-0.00020487788435114715,-0.0001897541069147738,-0.00011754362814406702,-2.77181042396695e-06,0.00011556162872398624,0.00018923287161173183,0.00020314102095479657,0.0005484463857939771,0.00032301492177547685,0.00015772311266299102,5.102483439631924e-07,-0.00015751301342628007,-0.0003229423924106072,-0.0005482640862298248
315,-0.00020463912371486515,-0.00018950725201011885,-0.00011721932890846149,-2.701803960737432e-06,0.00011524060670889765,0.00018899111559635056,0.00020290803231882735,0.000548422956597293,0.00032298672852983535,0.00015769535236115166,4.993804147095195e-07,-0.000157481911695627,-0.00032291459867591233,-0.0005482372200782493
316,-0.0002044041690263878,-0.00018926436585075117,-0.00011689307016219777,-2.655240561507079e-06,0.00011491930167012935,0.0001887498204661204,0.000202676511126204,0.000548399487098052,0.0003229588172171127,0.00015766713753294747,4.935915712235793e-07,-0.00015744991141218188,-0.00032288710275930936,-0.0005482104291211173
317,-0.00020417158985702323,-0.00018902497410328896,-0.0001165699239473491,-2.58751614873885e-06,0.00011460306966850485,0.00018851981070684283,0.0002024473063494437,0.0005483756981842829,0.0003229314889156765,0.00015763732165502886,4.830146511725942e-07,-0.00015741680651033496,-0.0003228600132210422,-0.0005481838342198551
318,-0.00020394358480037026,-0.00018878969094300875,-0.00011624755078409047,-2.5297456618396973e-06,0.00011428571516818844,0.00018828791833320048,0.00020222133323670308,0.0005483518129883293,0.00032290470080261494,0.0001576074942944655,4.741614419573245e-07,-0.0001573834165332183,-0.00032283343406621794,-0.0005481573266754835
319,-0.0002037175911458268,-0.0001885592071262105,-0.00011592479803590018,-2.470822379798704e-06,0.00011397447777047369,0.00018806312560073072,0.00020199850312818159,0.000548328077464465,0.0003228784438832665,0.00015757690609885508,4.6545817041656675e-07,-0.0001573490698987224,-0.00032280783241603935,-0.0005481311467772581
320,-0.00020349379035091122,-0.00018833167582166054,-0.00011560263501971878,-2.427294329582597e-06,0.00011366108581842104,0.0001878407253035731,0.00020177836451800688,0.000548304532007737,0.0003228526433331479,0.00015754623871091676,4.6052574341089666e-07,-0.00015731495388364309,-0.00032278266923825805,-0.0005481054101146697
321,-0.00020327537239505432,-0.00018811058380582187,-0.00011528397644496583,-2.3619004193296255e-06,0.00011335081210219775,0.00018762416708531057,0.00020156444806426806,0.0005482811618659758,0.00032282725330029673,0.000157514462234993,4.500729979427914e-07,-0.0001572805685327952,-0.000322758153074906,-0.0005480796398088107
322,-0.00020305713462578416,-0.00018789123712402108,-0.00011496400649530822,-2.3042920350385816e-06,0.00011304229234067301,0.00018741167882381794,0.00020135179726144957,0.0005482579276384029,0.0003228027536233033,0.00015748268367110548,4.410809529854301e-07,-0.0001572462146609497,-0.000322734227645763,-0.0005480546570329512
323,-0.0002028433807133712,-0.00018767565514878418,-0.00011464921480411579,-2.2476232577386117e-06,0.00011275288594350634,0.00018720412507776697,0.0002011435929560079,0.0005482349248904044,0.00032277892200223483,0.00015744998653032124,4.327165713799454e-07,-0.00015720969618108162,-0.0003227109478668205,-0.0005480301365456874
324,-0.00020263328056208203,-0.00018746672074727313,-0.00011433360399252255,-2.2042889616498923e-06,0.0001124570811047817,0.000187000255949879,0.00020093944278472915,0.0005482120917229871,0.0003227556075857533,0.0001574175186909698,4.2795670598049685e-07,-0.0001571801859459166,-0.00032268809899921026,-0.0005480060501837867
325,-0.00020242648414353601,-0.00018726008146120415,-0.00011402202715752452,-2.155228740561571e-06,0.00011217405676499155,0.00018680161629210684,0.0002007402267643613,0.000548189645927192,0.0003227329663583967,0.0001573841516190241,4.2044203347390725e-07,-0.00015714477706735394,-0.0003226659525938387,-0.0005479824082830167
326,-0.0002022225786610904,-0.0001870584554095242,-0.0001137127675068599,-2.10501175399992e-06,0.00011189685983419504,0.0001866078518100742,0.000200543311090945,0.0005481674956603591,0.0003227107373824966,0.00015735079784484122,4.1218404046813274e-07,-0.00015711377838684764,-0.00032264418595277935,-0.0005479596066778427
327,-0.00020202262982545053,-0.00018686255984105512,-0.0001134060728623562,-2.0428608055612343e-06,0.00011161441621166572,0.0001864160610356964,0.0002003518467785246,0.0005481455830468143,0.00032268878472074244,0.00015731667402359826,4.0066232498449867e-07,-0.00015708582106955388,-0.00032262314191367587,-0.0005479373025999892
328,-0.00020182548208384833,-0.0001866713282372125,-0.00011310159475227771,-2.000426461621444e-06,0.00011133784963343129,0.00018623400089857824,0.00020016459188053367,0.000548124159752094,0.0003226675577593622,0.0001572830199664625,3.9458855650213743e-07,-0.0001570515526030581,-0.00032260261403864584,-0.0005479154030506695
329,-0.00020163248735292425,-0.00018648129605791178,-0.00011279962196383162,-1.9535632757135267e-06,0.00011106927326480606,0.00018605398419301863,0.00019998274896436063,0.0005481031076663526,0.00032264690592448815,0.00015724870085239307,3.872069062729908e-07,-0.00015702134391278768,-0.0003225820381381362,-0.0005478941863094443
330,-0.0002014414601227793,-0.0001862991563644106,-0.00011250237770137146,-1.9061554925219412e-06,0.00011080631782310957,0.00018587651335082706,0.00019980205144335425,0.0005480827375562948,0.0003226269787032294,0.00015721456754166677,3.7925344729586175e-07,-0.00015699195944796022,-0.00032256222236743683,-0.0005478737087952686
331,-0.00020125486321272555,-0.00018611819567187463,-0.00011220619336638485,-1.858210937242073e-06,0.00011053809504935554,0.0001857039426103997,0.00019962576332625327,0.0005480631406171498,0.0003226072707528531,0.00015717999835057796,3.7131661484612595e-07,-0.00015696505060758324,-0.000322543358527873,-0.0005478537640702602
332,-0.0002010730463161695,-0.00018594641139185926,-0.00011191402479130588,-1.812081896453924e-06,0.0001102753462473589,0.0001855358292244555,0.00019945472690579432,0.0005480436838004922,0.000322587850631639,0.00015714599227384488,3.63320532273165e-07,-0.0001569318335499401,-0.00032252500333756275,-0.0005478346336973776
333,-0.00020089568303026685,-0.00018577301890049808,-0.00011163600458248706,-1.767814648425664e-06,0.00011002132899238239,0.00018537213061185678,0.00019929004758713077,0.0005480248004455191,0.00032256920865268013,0.0001571100410611376,3.5506401154777626e-07,-0.00015690233990749738,-0.00032250711871371126,-0.0005478160643000174
334,-0.00020072217116984858,-0.00018560707725110006,-0.00011135768112345553,-1.71067650019028e-06,0.00010976979982756906,0.0001852123493851119,0.00019912635461983324,0.0005480067316276522,0.0003225510047530357,0.00015708113907318032,3.438671191584036e-07,-0.00015687435040365207,-0.00032248958814192684,-0.0005477986689718681
335,-0.00020055271720712737,-0.00018544424057649224,-0.00011108857436252357,-1.6731145149551762e-06,0.00010952528279683317,0.00018505732401431045,0.00019896750109440518,0.0005479891410991666,0.0003225331661198818,0.00015704597314065107,3.384155994036636e-07,-0.00015684671659819743,-0.00032247265598102907,-0.0005477820683417003
336,-0.00020038669521317171,-0.00018528552722793314,-0.00011082836101998908,-1.6313442976511771e-06,0.0001092822323128944,0.00018490574161716361,0.0001988155976934107,0.0005479723339155037,0.00032251601027169974,0.00015701512836596788,3.3128032122585407e-07,-0.00015681968842479324,-0.0003224560338700377,-0.0005477659370756201
337,-0.00020022501345094002,-0.00018513148486860748,-0.00011056467791571261,-1.589174129868194e-06,0.00010904443219555291,0.0001847559443568766,0.00019866707349288607,0.0005479562594614617,0.00032249934945360545,0.00015698696435413175,3.2389108378022246e-07,-0.0001567927463850982,-0.0003224399559013722,-0.0005477505800440888
338,-0.00020006710733119605,-0.00018497680014690785,-0.00011030376378735516,-1.5452732539095606e-06,0.00010880831886072186,0.00018461367257869608,0.000198522440638894,0.0005479408436062327,0.000322482926728127,0.0001569528232719256,3.169895262117183e-07,-0.00015676644075584355,-0.0003224242890742822,-0.0005477363781444223
339,-0.00019991443742046146,-0.00018483066600731912,-0.00011005336720001758,-1.5026039515473153e-06,0.00010857623790643225,0.00018447222635439224,0.00019838281867447124,0.000547925996148856,0.00032246695294954863,0.00015692203558443865,3.094578359215294e-07,-0.00015674024808473659,-0.00032240934420171743,-0.0005477228970431549
340,-0.00019976551041340834,-0.00018468622999010415,-0.0001097949171027908,-1.461018522982105e-06,0.00010834670892386461,0.00018433181547636377,0.00019824677564383747,0.0005479118637786151,0.00032245154232000983,0.0001568950663757795,3.020986594664302e-07,-0.00015671463461201216,-0.0003223948736414601,-0.0005477101326476
341,-0.00019962111501674657,-0.00018454551973377112,-0.00010954526774446993,-1.42141072156595e-06,0.00010812367053032856,0.00018420037088348303,0.00019811549164155023,0.0005478984215231858,0.00032243615675528556,0.00015686146629354837,2.950110726477452e-07,-0.00015668886002848654,-0.0003223805237807712,-0.0005476980719629
342,-0.0001994797886245525,-0.000184410080316873,-0.00010930239461954122,-1.3693604292423017e-06,0.00010789950478097408,0.00018409945599099018,0.00019798705890061984,0.0005478857358829431,0.00032242099390669964,0.00015683191892592422,2.8466518972169736e-07,-0.00015666373118996367,-0.00032237376853577434,-0.0005476867127692926
343,-0.00019934443393643378,-0.00018427670075512356,-0.00010906638044693859,-1.3380278717487262e-06,0.0001076819636990185,0.00018395488386585814,0.0001978642964657626,0.0005478735497354352,0.00032240631598365907,0.00015680315151104886,2.796569179282452e-07,-0.0001566387917595852,-0.00032235464105320706,-0.0005476760124982137
344,-0.00019921179292392723,-0.00018414701285584842,-0.00010883200159889118,-1.3014965606864317e-06,0.00010746740914890129,0.00018382613362845745,0.0001977449625415544,0.0005478620929416597,0.0003223920369703795,0.00015677552513023625,2.7331577307993734e-07,-0.0001566142749927353,-0.00032233952999907186,-0.000547665764896761
345,-0.00019908360321666305,-0.0001840210575351663,-0.00010860257862581958,-1.2639684603621183e-06,0.00010725593481503672,0.0001837327455678203,0.0001976304174781048,0.000547851156797727,0.0003223779314916326,0.00015674787424879868,2.665452776232621e-07,-0.0001565896866894248,-0.00032233282893014565,-0.0005476561012546181
346,-0.00019895791650591596,-0.0001838981752386428,-0.00010837251432485335,-1.2283002799961036e-06,0.00010704502259751028,0.0001835983738813252,0.00019751757044835937,0.0005478410078138333,0.0003223640472491825,0.00015672127687573875,2.59288517526582e-07,-0.00015656569299334587,-0.0003223149010209317,-0.0005476472118470243
347,-0.00019883688579923095,-0.0001837776994759062,-0.00010815007786032955,-1.1913261917021539e-06,0.00010684115205090788,0.0001835072119117314,0.00019740932163961892,0.0005478312923772399,0.0003223506829860222,0.00015669462180967252,2.5279744256482716e-07,-0.00015654155052926842,-0.0003223072701260015,-0.0005476388436442138
348,-0.00019871830125181548,-0.0001836597261776687,-0.00010792850185596912,-1.1538045712575487e-06,0.00010663847290916982,0.0001834047193398099,0.00019730440723346928,0.0005478219940478325,0.0003223377338646337,0.0001566685358189484,2.4630587627258823e-07,-0.00015651794403370508,-0.00032229590563733645,-0.0005476309434181396
349,-0.00019860382191228302,-0.00018354463057419678,-0.00010771153915630687,-1.1170882912600265e-06,0.0001064404839782755,0.00018327785374632385,0.0001972034133855767,0.000547813258959955,0.0003223250138643224,0.00015664215626467651,2.398770478355257e-07,-0.00015649427581719197,-0.0003222773236382014,-0.0005476236172086905
350,-0.00019849128983714449,-0.00018343426208784855,-0.00010749823825715028,-1.0819517066450051e-06,0.0001062433509558357,0.00018319077616694903,0.00019710496475080805,0.0005478051710714868,0.0003223120797494512,0.00015661666357013695,2.3365323027433832e-07,-0.0001564711621018949,-0.00032226949886091864,-0.0005476167763641147
351,-0.00019838358556844652,-0.00018332610839208905,-0.00010728714524220169,-1.0450695781406292e-06,0.00010605109582833815,0.0001830981281826432,0.00019700909270836832,0.0005477974008864801,0.00032229936245447503,0.00015659108130588136,2.2767901478436292e-07,-0.00015644807379593806,-0.0003222590559435169,-0.0005476104965644289
352,-0.00019827866131011323,-0.00018322154821135035,-0.00010707856469171862,-1.0122911662927318e-06,0.00010585940507332875,0.00018297477610444677,0.00019691529753579842,0.0005477900172175622,0.00032228704610404185,0.0001565664114794927,2.215316549612865e-07,-0.0001564256265596098,-0.00032224155020532186,-0.0005476047650228781
353,-0.00019817694329716585,-0.00018312230289945527,-0.00010687364143929329,-9.782876050436125e-07,0.00010567303755166694,0.0001828983455730459,0.00019682666050353464,0.000547783011116317,0.0003222747379158593,0.00015654150521606075,2.152872107387155e-07,-0.0001564031313648573,-0.0003222343075144247,-0.0005475989079029067
354,-0.00019807738054791364,-0.0001830190933841296,-0.00010667066920494384,-9.45510627417498e-07,0.00010548617874101526,0.00018278613711258368,0.00019674056452677335,0.0005477763224410628,0.0003222627717791544,0.00015651729753259582,2.0932768461049264e-07,-0.0001563811242865583,-0.0003222182906123415,-0.0005475932885749583
355,-0.0001979810165760921,-0.00018291808748701642,-0.0001064719128677607,-9.128575743701195e-07,0.00010530550501303242,0.0001826908262997855,0.00019665747106209229,0.0005477699216180934,0.00032225123750180535,0.0001564930728332665,2.0333803999296029e-07,-0.0001563591286492835,-0.0003222062334653875,-0.0005475880083850498
356,-0.00019788819062194085,-0.00018282535579855835,-0.00010627398592680589,-8.808967502779128e-07,0.00010512334347724013,0.00018262312300014832,0.00019657586414414117,0.0005477635498370124,0.00032224003630439537,0.00015646962282168754,1.9773564128280674e-07,-0.00015633764293993783,-0.0003222005396829162,-0.0005475829485296599
357,-0.00019779776102427083,-0.00018273032414738388,-0.00010608097767868583,-8.488635917883271e-07,0.00010494630046612355,0.0001825372337714609,0.00019649750310691072,0.0005477575914635142,0.00032222865116731753,0.0001564459218914294,1.9199455736974534e-07,-0.00015631610284641884,-0.0003221904867731043,-0.0005475781152749921
358,-0.0001977088003970351,-0.00018266127114784764,-0.00010588914905221846,-8.192347589452925e-07,0.0001047714937627648,0.00018245257608543404,0.00019642090898985254,0.0005477520471912744,0.0003222224594644431,0.00015642298107479557,1.8610069598030181e-07,-0.00015629506392432962,-0.0003221796354425847,-0.0005475736897166439
359,-0.00019762201077728396,-0.00018255515347480458,-0.00010569866990890206,-7.886121774113054e-07,0.0001045965200451888,0.00018237616785937694,0.00019634738536494176,0.0005477466804075186,0.00032220758930074907,0.0001563999891227029,1.8071223264666985e-07,-0.00015627367540125897,-0.0003221691192499087,-0.000547569399008848
360,-0.0001975372961357834,-0.000182468603095629,-0.0001055147745168659,-7.582715783585397e-07,0.00010442511959639623,0.00018229458591671136,0.00019627558410862875,0.0005477415802958167,0.00032219583390271576,0.00015637784013685778,1.752761318016441e-07,-0.00015625299994904027,-0.0003221581376008514,-0.0005475653354335921
361,-0.00019745462330023105,-0.00018238147064944342,-0.00010533039371759352,-7.286175650582297e-07,0.00010425677938362788,0.0001822132038058867,0.00019620641863656398,0.0005477367567526084,0.0003221844264292811,0.00015635493480404723,1.6993228212687982e-07,-0.00015623210582481247,-0.00032214756239949753,-0.0005475615712025148
362,-0.00019737316648029785,-0.000182313728551907,-0.00010514993473765767,-6.990099516315911e-07,0.00010408986700842709,0.0001821399285840823,0.00019613767662120463,0.0005477321541219817,0.0003221780889157787,0.00015633287857651408,1.6487408808556917e-07,-0.00015621123526012305,-0.0003221372683217742,-0.0005475581662491945
363,-0.00019729449826183342,-0.00018222805716485227,-0.00010497332318321965,-6.681094673859273e-07,0.00010392793445886057,0.00018206420073012364,0.0001960721638166713,0.0005477276237492383,0.0003221644362453931,0.000156310723551066,1.602720014184835e-07,-0.0001561904397996995,-0.00032212676903166224,-0.0005475549188296212
364,-0.0001972185236500831,-0.00018216142955618247,-0.00010479676277146695,-6.395752593875521e-07,0.00010376271517156775,0.00018199021944172581,0.00019600744492080077,0.0005477229064771442,0.0003221567675451384,0.00015628902551453145,1.552481267571513e-07,-0.00015617013744556978,-0.0003221165512582637,-0.0005475519162081954
365,-0.00019714423250065733,-0.00018207014818797502,-0.00010462904704921139,-6.116592340019823e-07,0.00010360648625801168,0.000181920837073838,0.0001959454946363185,0.0005477183340676545,0.0003221428999740272,0.00015626675762342579,1.5026412742259902e-07,-0.00015614959982670871,-0.00032210668115511604,-0.000547549079722095
366,-0.00019707064920107016,-0.00018200185290017892,-0.00010445597582770682,-5.845971848409849e-07,0.0001034455150057082,0.00018185000666155396,0.00019588445888078345,0.0005477139872877412,0.00032213550902151464,0.0001562454012660964,1.455324109267303e-07,-0.000156129082981122,-0.0003220963590991403,-0.0005475465035031095
367,-0.00019699941770638974,-0.00018193819714359383,-0.00010429100184993467,-5.579655242241993e-07,0.00010329327948760289,0.00018178346226442723,0.00019582210858779282,0.0005477095334736703,0.00032212662703625056,0.00015622374968733436,1.4074725882204764e-07,-0.00015610869577195862,-0.0003220863090796438,-0.0005475406408337327
368,-0.0001969288646921886,-0.00018186724612087753,-0.00010412532084005511,-5.322335007229187e-07,0.00010313946215215178,0.00018171564490605997,0.00019577250550320812,0.0005477051809824936,0.00032211605426276155,0.0001562027386695055,1.360872556324806e-07,-0.00015608853488373488,-0.00032207646797213947,-0.0005475379494414619
369,-0.00019686003402688074,-0.00018179702713511082,-0.00010396430407066318,-5.067586132149054e-07,0.00010298938111941909,0.00018164762727250345,0.00019573390963287504,0.0005477010397386842,0.0003221055312951864,0.00015618137141915566,1.3139177343836418e-07,-0.0001560682181265858,-0.00032206683866694283,-0.0005475408086107571
370,-0.00019679165474921901,-0.0001817304251322663,-0.00010380382524035066,-4.824999587242766e-07,0.00010284103493800084,0.00018158815119645753,0.00019567842500154754,0.0005476970968861192,0.0003220952580739785,0.00015616072584354854,1.2671833505498626e-07,-0.0001560480916308022,-0.0003220575983288224,-0.0005475369513808935
371,-0.00019672583038908215,-0.00018166350432261108,-0.00010364608726782504,-4.586045548950422e-07,0.00010269801316234002,0.00018152017344454045,0.00019563827318570289,0.0005476929412138556,0.00032208494117432537,0.0001561397737326584,1.2236131285595635e-07,-0.00015602786356933785,-0.0003220473604157067,-0.0005475391164351808
372,-0.0001966603106584637,-0.00018159816605936327,-0.00010349014303311552,-4.3523566821317377e-07,0.00010255399831612387,0.00018146122759331418,0.00019558565679104467,0.0005476891971687405,0.0003220748284927924,0.00015611942095293126,1.1788051081019209e-07,-0.0001560078734201337,-0.00032203785786817933,-0.0005475351572581149
373,-0.0001965958642739929,-0.0001815342833281713,-0.00010333822902131924,-4.113358646056174e-07,0.00010241353638407973,0.00018140280232161978,0.00019554396675376684,0.000547685742039546,0.0003220647652934579,0.00015609867667652386,1.1355743703882172e-07,-0.00015598760466534168,-0.000322028615587767,-0.0005475335925338836
374,-0.00019653294470212666,-0.000181473140321765,-0.00010318644874306382,-3.8909591685017096e-07,0.00010227336222446779,0.0001813423288893187,0.0001955036259237789,0.0005476823738741595,0.00032205484445949544,0.00015607857096788818,1.0955529373126698e-07,-0.0001559682690846949,-0.0003220194401083227,-0.0005475329312066128
375,-0.0001964723550830238,-0.00018141179297121772,-0.00010304090096603714,-3.689511124893659e-07,0.00010214087200948417,0.00018128462454131063,0.00019546706582000546,0.0005476790258947351,0.0003220446511497259,0.00015605788385498134,1.0478895600244769e-07,-0.0001559485265684595,-0.0003220097797495781,-0.0005475325640209529
376,-0.00019641261897829484,-0.00018135304010456475,-0.00010289461631463878,-3.48454116444791e-07,0.00010200145039906811,0.0001812298797498621,0.00019542934680386934,0.0005476758706184146,0.0003220346640466135,0.00015603793755995365,1.0035158419096755e-07,-0.00015592871457598023,-0.0003220001164311506,-0.0005475326188444541
377,-0.00019635435248439214,-0.00018129329246292875,-0.00010275327671066641,-3.2787395110327753e-07,0.00010187296966815116,0.00018117383460810243,0.00019539271833579356,0.0005476727375165934,0.0003220248990353314,0.0001560173660226641,9.637746608843311e-08,-0.00015590921809957174,-0.0003219908533404679,-0.000547532704975851
378,-0.00019629731193710964,-0.00018123830019447913,-0.00010261112237051499,-3.081479642910756e-07,0.00010174548329842555,0.00018111835191765512,0.00019535491357610313,0.0005476698764743739,0.00032201562211738017,0.00015599728381113595,9.219167928946375e-08,-0.00015589012816104452,-0.00032198162509542696,-0.0005475329400856615
379,-0.00019624018264135685,-0.00018118006520785972,-0.00010247702533334346,-2.8926183574102473e-07,0.00010161743232961158,0.00018107010941963237,0.00019531918063211233,0.0005476641825069223,0.00032200586496775567,0.0001559772416547538,8.800144243383345e-08,-0.00015587070114700638,-0.000321973087520138,-0.000547533151217416
380,-0.00019619481050807503,-0.00018112251146033093,-0.00010233413116316526,-2.70930469987288e-07,0.00010148895756911791,0.00018101589764117146,0.00019528337639772067,0.0005476612363044518,0.00032199611188769514,0.00015595783420468208,8.388954802619983e-08,-0.00015585172837723825,-0.0003219637758027901,-0.0005475332220417028
381,-0.00019615242924159239,-0.00018107463238965866,-0.00010220337800638521,-2.5272971655336603e-07,0.00010136852755992219,0.00018095970453931774,0.00019525010541590198,0.0005476595882697713,0.00032198760874184245,0.0001559378245100095,7.982025628620289e-08,-0.00015583280126520337,-0.00032195457458797806,-0.0005475330397206116
382,-0.00019611118825699314,-0.00018101509565371805,-0.00010207062326027061,-2.353834330566436e-07,0.00010124783753189556,0.0001809154546781276,0.00019521446136816425,0.0005476585359868873,0.00032197801460600277,0.00015591819041065836,7.585142570110431e-08,-0.0001558142552886464,-0.00032194657394078795,-0.0005475334953730433
383,-0.00019607102602739037,-0.00018096530900324758,-0.00010194220067694156,-2.1816995871964608e-07,0.00010113115383523687,0.0001808655401955743,0.00019518057041798507,0.0005476575518460775,0.00032196903324013625,0.00015589849978367608,7.194902630166836e-08,-0.0001557953354047121,-0.0003219376332474388,-0.0005475338647553429
384,-0.00019603208669023093,-0.00018091424176594638,-0.00010181419397398872,-2.0168022343885524e-07,0.00010101638946217925,0.00018081652617305,0.00019513991002256828,0.0005476565870356968,0.00032195989501107597,0.00015587933145286026,6.808625409428485e-08,-0.00015577687554799076,-0.0003219288986682567,-0.0005475327013687375
385,-0.0001959927795119427,-0.00018086642735515537,-0.00010168911671932215,-1.84632405796548e-07,0.00010090128630208247,0.00018076973618246265,0.00019511175671813754,0.0005476557238256807,0.0003219509328137807,0.00015585976137746213,6.44280852930575e-08,-0.00015575800958577936,-0.00032192043307338077,-0.0005475336598897921
386,-0.0001959543912468235,-0.00018081672327583607,-0.00010156372421448319,-1.6893997593564736e-07,0.00010078728585749282,0.0001807247761857273,0.00019507472632037756,0.00054765497844804,0.00032194210359411335,0.00015584089386372943,6.074559138988288e-08,-0.00015573991797141723,-0.0003219120715992244,-0.00054753288251058
387,-0.00019591751655297394,-0.00018076915582973264,-0.00010144310501380483,-1.528550180338803e-07,0.0001006777433486652,0.00018067886846803794,0.00019506166588149687,0.0005476540419627495,0.00032193322172446187,0.00015582155289322263,5.71685328280501e-08,-0.0001557220826748434,-0.0003219034002601418,-0.0005475359709859325
388,-0.0001958814880828824,-0.0001807252079675279,-0.00010132300075720927,-1.373579020291173e-07,0.00010056731787728672,0.00018063644776326415,0.00019504001779659043,0.0005476531003211364,0.00032192476866199323,0.00015580279489931854,5.377833015814467e-08,-0.00015570361029496377,-0.00032189469167067514,-0.0005475369525601423
389,-0.0001958461790290931,-0.00018067986781443421,-0.00010120623700170622,-1.217909432639246e-07,0.00010046187556158062,0.0001805946635785194,0.00019501466592117164,0.0005476522187055923,0.0003219160343371589,0.00015578352396462066,5.041066601691145e-08,-0.00015568522131339892,-0.00032188644941624566,-0.0005475371106257071
390,-0.00019581146817033846,-0.00018063455591740328,-0.00010108907418350445,-1.0678891530029441e-07,0.00010035672554045902,0.0001805553720060901,0.00019498641797666472,0.0005476514718481102,0.00032190746820555437,0.000155765049760374,4.748741412534978e-08,-0.00015566733292982527,-0.00032187844019059957,-0.0005475370259510292
391,-0.00019577135219673794,-0.00018059397314734146,-0.00010097704933818891,-9.140492994501368e-08,0.00010025513514284645,0.00018051463324640456,0.0001949605650881508,0.0005476490396130734,0.00032189936329890957,0.00015574649830840364,4.4317088621990905e-08,-0.00015564926866015844,-0.0003218700355235709,-0.0005475362843423597
392,-0.00019574277466713138,-0.00018054991379782653,-0.00010086312970120956,-7.672254958729646e-08,0.00010015248423648152,0.00018047803784225708,0.00019493521678907462,0.0005476487628364771,0.0003218907105503352,0.00015572761170934074,4.117800223637802e-08,-0.00015563149161615595,-0.00032186210250975954,-0.0005475351925893295
393,-0.00019572608250646172,-0.00018051174121671174,-0.00010075466064690363,-6.251783118048835e-08,0.0001000517375207636,0.0001804406304506898,0.0001949165936299662,0.0005476508626390055,0.00032188283901931155,0.00015570807514772697,3.8114519188541054e-08,-0.0001556134295292553,-0.0003218544451164184,-0.0005475354128776029
394,-0.00019570160934730257,-0.00018047243457044147,-0.00010064924546411128,-4.8601199423556615e-08,9.995443177870703e-05,0.00018040070976707359,0.00019488748419081665,0.000547650991708927,0.00032187462448878673,0.00015568994831776284,3.5364431984837134e-08,-0.00015559603275132377,-0.00032184648532672573,-0.0005475345446731218
395,-0.0001956758615126229,-0.00018043418412751932,-0.0001005419534107772,-3.4899240483339854e-08,9.986002518947202e-05,0.00018036696792969394,0.00019486620419334352,0.0005476497496363769,0.00032186653440367894,0.00015567112742134807,3.266205742916444e-08,-0.00015557805372283677,-0.000321838661081261,-0.0005475348987945565
396,-0.00019564838986107445,-0.00018039698310964294,-0.0001004345079589437,-2.1491300333660946e-08,9.976743100794114e-05,0.00018033433719202974,0.00019483821656323302,0.000547648304154995,0.00032185841502233487,0.0001556529434486937,3.002325901954173e-08,-0.00015556056482939951,-0.0003218312065418112,-0.0005475336162113467
397,-0.00019561968046984194,-0.00018036120846135875,-0.00010033445950688974,-8.077201727824736e-09,9.967304440878675e-05,0.00018030147783444392,0.00019481362674436727,0.0005476468717609609,0.0003218499408952481,0.00015563454755349455,2.7402853365079568e-08,-0.00015554287040910725,-0.00032182366795199146,-0.0005475325698015835
398,-0.0001955929477911803,-0.00018032609008673182,-0.00010023312724634097,4.1960710664016386e-09,9.957862703141067e-05,0.0001802696749462152,0.0001947886507691634,0.0005476450297745602,0.0003218425713773141,0.00015561670441607326,2.4814626999384013e-08,-0.0001555257702307107,-0.000321816178127572,-0.0005475319186482228
399,-0.00019556732834030577,-0.00018029125975054604,-0.0001001350960288892,1.6614301995300684e-08,9.948851732429155e-05,0.00018023903185704568,0.00019476589590965016,0.000547643002438018,0.0003218354749826178,0.0001555983850864834,2.2276811028984562e-08,-0.00015550869483272177,-0.00032180874081440156,-0.000547531246615224
400,-0.0001955423080795364,-0.00018025861500307666,-0.0001000370554321586,2.8218222711192665e-08,9.940181931014399e-05,0.000180209019002212,0.0001947420996152121,0.0005476411625095219,0.00032182765963932424,0.00015558075174202252,1.980047520159967e-08,-0.0001554917948375652,-0.0003218009328471928,-0.0005475308408611962
401,-0.00019551714497195627,-0.0001802261649938693,-9.99411967985408e-05,3.9742809326128274e-08,9.931493859710284e-05,0.0001801809361014856,0.00019472046090958454,0.0005476395212034954,0.0003218201577218255,0.0001555627486106179,1.7368115202687997e-08,-0.00015547434814041958,-0.000321793986980119,-0.0005475301589780028
402,-0.0001954925539806807,-0.00018019688355529762,-9.984792031388347e-05,5.03101535166271e-08,9.92469987071275e-05,0.0001801566818874037,0.00019469846601796146,0.0005476379091012152,0.0003218132960901018,0.00015554526824707921,1.492191852134945e-08,-0.0001554629095741286,-0.00032178765217195183,-0.0005475295716659271
403,-0.00019546903533063006,-0.00018016440041319665,-9.975738146534896e-05,6.110279498469861e-08,9.917054044182965e-05,0.0001801298630119873,0.0001946767130959688,0.0005476361298462186,0.00032180560477601994,0.00015552768067133966,1.2690644787337222e-08,-0.00015544779733149577,-0.00032178043690436655,-0.0005475291206611225
404,-0.00019544641054949755,-0.00018013927538430632,-9.966624646118183e-05,7.153383895133908e-08,9.90863415719953e-05,0.00018010415354171075,0.0001946554923790847,0.0005476343698060383,0.0003217992809741735,0.0001555107696004948,1.0393585540754054e-08,-0.00015543116829068438,-0.0003217735945799493,-0.0005475284542468967
405,-0.00019542265603817035,-0.00018010698004453007,-9.957816016598406e-05,8.22753340424738e-08,9.899749249118286e-05,0.00018007962713149898,0.0001946366970727714,0.0005476328942884994,0.0003217913625737965,0.00015549285566884586,8.125707653996412e-09,-0.00015541025939810134,-0.0003217673073810563,-0.0005475275560987488
406,-0.00019539955080545001,-0.00018008330665608303,-9.948857334380777e-05,9.182452158756786e-08,9.892662025637922e-05,0.00018005618101322435,0.00019461592640363643,0.0005476313689650467,0.0003217854185362623,0.00015547611151949211,6.010503438061304e-09,-0.00015539701040302872,-0.0003217609428373249,-0.0005475271979077502
407,-0.0001953773536484966,-0.0001800569520254124,-9.940295564130174e-05,1.009451446769031e-07,9.885676796888791e-05,0.0001800337286453057,0.0001945962825681541,0.0005476296309837531,0.0003217785866169803,0.00015545941258623142,3.803142361235435e-09,-0.00015538226954510596,-0.0003217548799500243,-0.0005475268723426311
408,-0.0001953554222246406,-0.0001800306858082378,-9.93155313537321e-05,1.0910032226394193e-07,9.878196245665814e-05,0.00018001320906892322,0.0001945769235888577,0.0005476279932617176,0.0003217711675012352,0.00015544276003443897,1.5114024459046095e-09,-0.00015536615154441698,-0.0003217484489521628,-0.0005475264620565888
409,-0.00019533301828020456,-0.0001800097473859718,-9.925783767563894e-05,1.1741433416465073e-07,9.871797219873379e-05,0.00017999380721292355,0.00019455893105817248,0.0005476263704074643,0.0003217657536631458,0.0001554315455808867,-7.354827336573749e-10,-0.00015535075988922027,-0.000321742361994316,-0.0005475260614588837
410,-0.00019531140514099355,-0.00017998496409977577,-9.917936142697294e-05,1.2477014014169665e-07,9.864130485039454e-05,0.00017997527324563372,0.00019453997387062965,0.0005476245778107721,0.00032175925003744053,0.00015541620618027895,-2.944743064065784e-09,-0.00015533394380569848,-0.00032173656459982055,-0.0005475258260022355
411,-0.00019528925694939288,-0.0001799620668959132,-9.910884319098001e-05,1.3341030541956503e-07,9.85750059598322e-05,0.00017995743616270216,0.00019452405623937753,0.0005476228742126697,0.0003217529971986162,0.0001554005317921241,-4.895381730455052e-09,-0.00015531873666823265,-0.00032173079310255054,-0.0005475253823735155
412,-0.00019526730598865672,-0.0001799408870951478,-9.902855593361995e-05,1.4099793423354115e-07,9.850488329098322e-05,0.00017994282908862343,0.00019450660157880652,0.0005476212548267947,0.00032174721268336587,0.0001553838471485824,-6.754311483729433e-09,-0.00015530367174584246,-0.000321725253177345,-0.0005475252429909489
413,-0.00019524466395635064,-0.00017992022549953796,-9.896131297726378e-05,1.4848140512158475e-07,9.844087029520423e-05,0.00017992607106610606,0.0001944913235611691,0.000547619827843431,0.0003217417155810724,0.0001553682236831592,-8.637416969304456e-09,-0.00015528850799547813,-0.0003217199600388239,-0.0005475250718842812
414,-0.00019522234713477462,-0.00017990024294598184,-9.888258414816557e-05,1.5617098324822377e-07,9.837398115736379e-05,0.0001799099443912213,0.00019447620147404232,0.0005476182823108935,0.0003217363837816933,0.00015535193326244323,-1.0314271268390583e-08,-0.00015527353084387172,-0.00032171467961769027,-0.0005475248567754527
415,-0.00019520156008145823,-0.00017988214534175802,-9.881382195553412e-05,1.6259758487904982e-07,9.831026231232071e-05,0.00017989560962164647,0.000194461107790761,0.0005476163314405337,0.0003217305039322821,0.00015533671826331968,-1.2172832795029059e-08,-0.00015525882881560127,-0.00032171014203071977,-0.000547524897841053
416,-0.00019518076706757071,-0.00017986476291739748,-9.873919478753279e-05,1.667871916706171e-07,9.824676829509369e-05,0.00017988377663677012,0.00019444637630330717,0.0005476145566250613,0.0003217249569315846,0.00015532112492191899,-1.4266439577057336e-08,-0.0001552443563986054,-0.00032170502762929884,-0.0005475249280621901
417,-0.00019515774602175964,-0.00017984891502975344,-9.867600914759487e-05,1.7394987159698308e-07,9.818750735921172e-05,0.00017987266628986004,0.000194435411601228,0.0005476133020432265,0.0003217197557050911,0.000155306598067568,-1.58480432739769e-08,-0.00015522983090848324,-0.00032170016856989574,-0.0005475244877631136
418,-0.00019513510100424192,-0.00017983360589892008,-9.860668131154357e-05,1.8150088408077365e-07,9.812729866789314e-05,0.0001798623065315613,0.00019442274325955222,0.0005476120065807717,0.00032171470209278226,0.00015529192085901337,-1.6970257688699502e-08,-0.00015521575884409381,-0.0003216955998600098,-0.0005475243358943848
419,-0.00019511337360925713,-0.00017981940212397906,-9.854108659595539e-05,1.8731396318166062e-07,9.807022342811636e-05,0.0001798528258737574,0.00019441123695338125,0.0005476105642440528,0.0003217097579887408,0.00015527657917621264,-1.8627215877649927e-08,-0.0001552016403959239,-0.0003216911704402003,-0.0005475241786843531
420,-0.00019509307573656326,-0.00017980819635867034,-9.847567165513267e-05,1.9284549261760607e-07,9.80122058043135e-05,0.00017984419472048867,0.00019439938410650265,0.0005476088813637307,0.00032170506044015856,0.0001552620387304428,-2.0142663511317896e-08,-0.0001551879086811946,-0.0003216869819801996,-0.0005475239657721643
421,-0.00019507088070768155,-0.00017979479048252654,-9.841447669126549e-05,1.9904746524940243e-07,9.79587496568115e-05,0.00017983598281704293,0.00019438887196447942,0.0005476077073638874,0.0003217002335441845,0.00015524766035968334,-2.1310663544651327e-08,-0.0001551742806386079,-0.00032168276392336977,-0.0005475237505939684
422,-0.00019504855847725676,-0.0001797828600989626,-9.835249547092654e-05,2.0432161688008516e-07,9.79058763664646e-05,0.0001798286502308401,0.0001943768916007878,0.0005476066664341619,0.00032169558889993407,0.00015523390984171863,-2.258037377802988e-08,-0.00015516070633045165,-0.00032167876615481347,-0.0005475237059443772
423,-0.00019502818631909815,-0.00017977272843841972,-9.829237799309462e-05,2.0938174992929332e-07,9.785226938301616e-05,0.00017982273352165385,0.0001943670201265629,0.000547605176095086,0.0003216912177026366,0.00015521983015383346,-2.396384416915288e-08,-0.00015514738772040004,-0.00032167487290005956,-0.0005475234691928676
424,-0.00019500888395044898,-0.00017976280626485775,-9.823310200898734e-05,2.141798868734835e-07,9.779984331087122e-05,0.00017981660475406677,0.00019435618948314664,0.0005476035418876742,0.0003216874735419089,0.00015520614657557187,-2.5231915371530045e-08,-0.00015513490491555072,-0.00032167130033157254,-0.0005475232775765223
425,-0.00019498859427477194,-0.00017975468876503577,-9.817754824291674e-05,2.1922287980293582e-07,9.774929060878721e-05,0.0001798127911117067,0.00019434729164111869,0.0005476021641321611,0.0003216833344253716,0.00015519201953738477,-2.636773686619151e-08,-0.00015512210812996613,-0.0003216676652629068,-0.000547522836098197
426,-0.00019496866841068052,-0.0001797479202656078,-9.811883293278787e-05,2.238364085890115e-07,9.769699469679614e-05,0.00017980890153856724,0.00019433739481722527,0.0005476008284827619,0.00032167935281945855,0.00015517888819201973,-2.7522050290825493e-08,-0.0001551100305288285,-0.0003216638363118884,-0.0005475224499520685
427,-0.0001949490728508981,-0.0001797406451866009,-9.806395038416668e-05,2.2881602817472307e-07,9.765052828837294e-05,0.0001798062856754343,0.00019432828654240679,0.0005475994343565027,0.00032167555672554495,0.00015516596075493307,-2.856227101491224e-08,-0.00015509735244271405,-0.0003216605398031995,-0.0005475220492387507
428,-0.00019493004546654674,-0.00017973378643131849,-9.80062316785714e-05,2.332153323406076e-07,9.760455917483076e-05,0.00017980372775299345,0.00019431909670135984,0.0005475981846766427,0.0003216720693635539,0.0001551525597778312,-2.9568119352949592e-08,-0.0001550852868860985,-0.0003216573215642498,-0.0005475215065068986
429,-0.00019490966786998282,-0.00017972822070617476,-9.795971297968347e-05,2.367452494174379e-07,9.755819785373923e-05,0.00017980316053322422,0.00019431070764579992,0.0005475972104091502,0.000321668666722486,0.00015514070557494632,-3.077214913093894e-08,-0.00015507280838666292,-0.00032165427052426157,-0.0005475210867174997
430,-0.0001948900088719899,-0.00017972341070263004,-9.790205884529983e-05,2.423133209769216e-07,9.75180456043985e-05,0.00017980167117862193,0.00019430063319688748,0.0005475962117936413,0.00032166550226652395,0.00015512749419790585,-3.1427312059713786e-08,-0.00015506210301937992,-0.00032165134446150825,-0.0005475209417855276
431,-0.00019487148650072021,-0.0001797194349524402,-9.785119287234709e-05,2.48883177023021e-07,9.747208723860346e-05,0.00017980160385865107,0.00019429230392437792,0.0005475950232266087,0.0003216623034504933,0.00015511511817055396,-3.176372420626813e-08,-0.0001550493028047252,-0.0003216485072586096,-0.0005475205870397849
432,-0.00019485407116021412,-0.00017971775279060391,-9.780472432698526e-05,2.5234614067946826e-07,9.743079916844811e-05,0.0001798019213157126,0.0001942835497173354,0.000547593862129133,0.0003216593239515902,0.0001551039669409154,-3.271609934058196e-08,-0.00015503797588553497,-0.0003216459314789522,-0.0005475202679489721
433,-0.00019483566470973726,-0.00017971438058518444,-9.775335418922385e-05,2.563617913658044e-07,9.739376938447922e-05,0.0001798030332824202,0.00019427638172171262,0.0005475928926480027,0.000321656595424548,0.00015509091003619986,-3.356945925458078e-08,-0.00015502658667426868,-0.0003216436175156189,-0.0005475197820985258
434,-0.00019481799134054138,-0.000179711823598701,-9.770905785823911e-05,2.6044379714941055e-07,9.73535288920852e-05,0.00017980485621225644,0.00019426666863119207,0.0005475920308484604,0.00032165394063523065,0.00015508025918720082,-3.4211010259479495e-08,-0.0001550154743598358,-0.00032164131162204604,-0.0005475197570799563
435,-0.0001948006011723645,-0.00017970988071852882,-9.7659105919654e-05,2.6426213839025427e-07,9.731821873189568e-05,0.00017980707754469515,0.0001942578821089872,0.0005475911588518856,0.0003216516611475787,0.00015506829119838194,-3.49572848158558e-08,-0.00015500478374241,-0.00032163917482348146,-0.0005475197852431889
436,-0.00019478476504822774,-0.00017970879176652224,-9.761619753573044e-05,2.676771372423271e-07,9.72786276875661e-05,0.0001798080113346614,0.00019424993614553472,0.0005475901877521786,0.0003216495381300376,0.00015505723253976287,-3.556903261629057e-08,-0.00015499350371107125,-0.0003216376425632719,-0.0005475195661341641
437,-0.00019476842719178648,-0.00017970904614990403,-9.757459867844186e-05,2.7104775736664763e-07,9.724645834145523e-05,0.00017981276645169102,0.00019424397056951758,0.0005475893558731808,0.00032164727838901994,0.0001550451408361987,-3.619913470988169e-08,-0.00015498355340745366,-0.00032163536254380197,-0.0005475191267368659
438,-0.00019475323547927782,-0.00017970940007974948,-9.7532507767634e-05,2.737962555712005e-07,9.721056988074553e-05,0.00017981794263134546,0.00019423669419002247,0.0005475883943230756,0.0003216452912625446,0.00015503475727893717,-3.687181094022876e-08,-0.00015497336358918508,-0.0003216331348968458,-0.0005475190184078472
439,-0.00019473746010370546,-0.00017971051579028686,-9.749119654386185e-05,2.7671258134984985e-07,9.717932728915659e-05,0.0001798234937358486,0.00019422994355260343,0.0005475876132673825,0.00032164331960503686,0.00015502361301380246,-3.747116618995694e-08,-0.00015496325144409462,-0.0003216312791525442,-0.0005475189657578631
440,-0.0001947220420274253,-0.000179711554614383,-9.745225504414807e-05,2.788666336500288e-07,9.714386463588333e-05,0.0001798285622409879,0.00019422305670874543,0.0005475870260477969,0.00032164170775710434,0.00015501360307719895,-3.8132115314989465e-08,-0.0001549529391435112,-0.0003216297120698155,-0.0005475188133804387
441,-0.00019470723313136452,-0.0001797161492886019,-9.741210695636973e-05,2.80447820357569e-07,9.711355039979619e-05,0.00017983435336438918,0.0001942177999185244,0.0005475863423841693,0.00032163949803010324,0.00015500243695203134,-3.898861111244901e-08,-0.00015494412176488768,-0.00032162820420386743,-0.0005475186515921476
442,-0.00019469412726406507,-0.0001797190308158669,-9.737676513421762e-05,2.8398856884628595e-07,9.708547218673875e-05,0.000179841607625732,0.00019421020502778406,0.0005475855105745389,0.00032163789237900684,0.00015499306592078836,-3.92635925477802e-08,-0.00015493529435108933,-0.0003216264728587378,-0.0005475188728284445
443,-0.00019468097004718434,-0.0001797231058859201,-9.733843963144912e-05,2.8583539904560516e-07,9.705509744937703e-05,0.00017984984124339048,0.00019420458596291807,0.0005475846871583843,0.0003216362008277387,0.00015498221805633494,-3.995751372189344e-08,-0.00015492494199304763,-0.00032162490288569384,-0.000547518867186549
444,-0.00019466876154632817,-0.0001797280044901524,-9.73049984639953e-05,2.871187214533594e-07,9.7030351674385e-05,0.0001798584498942718,0.00019419867117490764,0.0005475838912117865,0.0003216347559012973,0.0001549733669211406,-4.070419467741587e-08,-0.0001549171415383465,-0.0003216233247041543,-0.0005475187155259228
445,-0.00019465588562899507,-0.00017973296893652798,-9.727008578818468e-05,2.8886565054003116e-07,9.700221989204942e-05,0.00017986641316801094,0.00019419428160344802,0.0005475832974022819,0.00032163342145426915,0.00015496341239072586,-4.1312659019513516e-08,-0.00015490799738760813,-0.0003216221534558912,-0.0005475185292508802
446,-0.00019464353314832704,-0.0001797391777826638,-9.723752770347836e-05,2.9042711159955606e-07,9.697390283545944e-05,0.00017987451756442869,0.00019418834815540173,0.0005475827759200282,0.0003216320184489614,0.0001549542440052715,-4.181625055656201e-08,-0.00015489902694944586,-0.0003216210570089889,-0.0005475185122558261
447,-0.00019463182256698034,-0.00017974559774139084,-9.720432217956784e-05,2.9147091028984813e-07,9.695600612809762e-05,0.0001798824589761723,0.0001941836745947484,0.0005475821260152836,0.0003216307370681228,0.00015494443707748023,-4.255535409492466e-08,-0.00015489159055886404,-0.0003216202805546778,-0.0005475185067295432
448,-0.00019462107459323707,-0.00017975020877023458,-9.717609344287818e-05,2.922205085892273e-07,9.692805819834635e-05,0.00017989089370645562,0.00019417907356587106,0.0005475814359004722,0.00032163011731514777,0.00015493740109499897,-4.310653131885692e-08,-0.00015488223938293127,-0.0003216195146211144,-0.0005475183763416379
449,-0.00019461050209673678,-0.00017975898406095007,-9.714324936110314e-05,2.9320958669488603e-07,9.691000146295075e-05,0.00017989892382726082,0.00019417490025969467,0.0005475807847471114,0.00032162866320906494,0.00015492715550751793,-4.3657367670560045e-08,-0.00015487529217475123,-0.00032161904643627555,-0.000547518479028761
450,-0.0001946006955188456,-0.00017976836273880104,-9.711694434504411e-05,2.9370043113451213e-07,9.688756708314902e-05,0.0001799097469928697,0.00019416978338033364,0.0005475802004640861,0.0003216272895462384,0.00015491881564598354,-4.414255235927041e-08,-0.0001548675246881429,-0.0003216180642608802,-0.0005475187713899376
451,-0.0001945918904252745,-0.00017977728913245718,-9.708870072663105e-05,2.9454453592426846e-07,9.686751732784818e-05,0.00017992129697377073,0.0001941676577815635,0.0005475794512018616,0.00032162605128890453,0.0001549106487131716,-4.464294423631618e-08,-0.00015485982685119732,-0.0003216172938877926,-0.0005475187536549627
452,-0.0001945835800689576,-0.00017978552198164534,-9.706223057122536e-05,2.9494968543012084e-07,9.684714120517092e-05,0.00017993181007145583,0.00019416591835883583,0.0005475788350791227,0.00032162528498538086,0.00015490301573027759,-4.494754373407232e-08,-0.00015485282163785693,-0.0003216166408152624,-0.000547518550477356
453,-0.00019457453624712452,-0.000179795555455326,-9.703780227398448e-05,2.9632485281010037e-07,9.682580113006713e-05,0.00017994335143169617,0.0001941649264606904,0.0005475785656323661,0.0003216242888208594,0.00015489477185264702,-4.539971707466246e-08,-0.00015484496434337055,-0.00032161608846444095,-0.0005475185896469094
454,-0.00019456595098532722,-0.00017980514531473348,-9.701530284316976e-05,2.9749180741176033e-07,9.681157656898906e-05,0.0001799554149773743,0.00019416113479855203,0.0005475784387590841,0.00032162350371872477,0.00015488765230768105,-4.5471566426950774e-08,-0.00015483936422792626,-0.0003216153985577322,-0.0005475191591546427
455,-0.0001945589593240874,-0.0001798146028691667,-9.698899519559248e-05,2.9983325696413177e-07,9.679580368601914e-05,0.00017996726915429773,0.00019415880298372595,0.000547578126905621,0.00032162284204461614,0.00015487888423783712,-4.545328840343543e-08,-0.00015483237772995572,-0.00032161503782325606,-0.0005475196730295864
456,-0.00019455411822705108,-0.00017982395267026737,-9.69698110314723e-05,2.977538187088455e-07,9.677917233401215e-05,0.00017997915554786163,0.0001941565766365258,0.0005475774683530529,0.00032162236800977904,0.00015487287487223967,-4.624934528634877e-08,-0.00015482595371972058,-0.0003216147025466774,-0.0005475200557998267
457,-0.00019454929671615585,-0.0001798344382015426,-9.694851406853894e-05,2.980059673789667e-07,9.676478856657239e-05,0.00017999150289554197,0.00019415553911291786,0.0005475769179445234,0.0003216218377409667,0.0001548655154865951,-4.6579044645482394e-08,-0.00015481963450075814,-0.0003216144328918181,-0.000547520395307827
458,-0.00019454390619239395,-0.00017984490703336651,-9.692672336243678e-05,2.9796274476555696e-07,9.675040152623723e-05,0.00018000485948121097,0.00019415378913850148,0.0005475766739325417,0.0003216214426695445,0.0001548587038249552,-4.679490970057182e-08,-0.00015481375402241426,-0.00032161399490499373,-0.0005475208366705396
459,-0.00019453905853380335,-0.00017985604023734264,-9.690726593125435e-05,2.978934051561462e-07,9.673841104927912e-05,0.0001800191939552203,0.0001941524760985778,0.000547576432833998,0.00032162101631334896,0.00015485194121081037,-4.702582201938087e-08,-0.00015480786972191742,-0.00032161355941540186,-0.0005475212195332699
460,-0.00019453455189869756,-0.00017986728397296713,-9.688762462876849e-05,2.9778696473541896e-07,9.67247511326095e-05,0.00018003212952752542,0.00019415046378021527,0.0005475761942789315,0.00032162070580099214,0.00015484588400240128,-4.723013048619916e-08,-0.00015480178562895123,-0.00032161309772799177,-0.000547521709846363
461,-0.00019453036811964997,-0.00017987957183316258,-9.687011654276117e-05,2.9832160138260025e-07,9.671646519985582e-05,0.00018004317769730447,0.00019414924395180108,0.0005475759859681249,0.0003216203569283701,0.00015483970686440386,-4.724321782709131e-08,-0.0001547971392112033,-0.00032161351000257094,-0.0005475221011950591
462,-0.00019452631626134143,-0.00017989146610847346,-9.685445445744857e-05,2.9831888139173834e-07,9.670481371486228e-05,0.00018005900515151964,0.00019414636159695265,0.0005475757783972388,0.00032162010128575957,0.0001548340409908174,-4.7272229159146014e-08,-0.0001547914588351706,-0.0003216131474414155,-0.0005475226416146589
463,-0.00019452261876637438,-0.00017990365742712134,-9.683549666202599e-05,2.983653803389685e-07,9.669521071559749e-05,0.0001800752266733764,0.0001941438740486596,0.0005475755255062084,0.00032161980258901173,0.00015482693606159802,-4.7286989789137926e-08,-0.00015478605808211674,-0.00032161291804286816,-0.0005475231996073758
464,-0.00019451896291658764,-0.0001799147191633573,-9.682218236389963e-05,2.9814652270971185e-07,9.668625014077538e-05,0.0001800888068149446,0.00019414216239923765,0.0005475752948821674,0.00032161988032693297,0.00015482267625011682,-4.7194281484291054e-08,-0.00015478124305724577,-0.00032161286446798313,-0.0005475232657146681
465,-0.00019451457872442023,-0.00017992382196036166,-9.68081556859006e-05,2.9820886213574393e-07,9.667882462385027e-05,0.00018010299617614092,0.0001941410717920642,0.0005475751198446708,0.0003216202284596342,0.00015481771713724587,-4.717710898558041e-08,-0.00015477642687856098,-0.0003216128883304265,-0.0005475233284691946
466,-0.00019451025737933232,-0.00017994292625085858,-9.67949860010815e-05,2.9686078955143605e-07,9.667116292446741e-05,0.0001801180598792274,0.00019413621898078153,0.0005475748804109487,0.0003216192346998551,0.00015481212119079242,-4.738944405924505e-08,-0.00015477184200371938,-0.00032161289230750044,-0.0005475240336830134
467,-0.00019450575592647515,-0.00017995415370082352,-9.678265954003051e-05,2.9628070177616446e-07,9.666536882176584e-05,0.0001801331188631179,0.00019413226055073056,0.0005475747018819511,0.000321619122416885,0.0001548066550033117,-4.733631014617011e-08,-0.00015476730682842803,-0.0003216129863236776,-0.0005475246500832227
468,-0.00019450124156725738,-0.00017997234366926905,-9.677066700101037e-05,2.9633164946706927e-07,9.665902062043317e-05,0.00018014756683428285,0.00019412789481170313,0.0005475746266875074,0.00032161862079687834,0.0001548020353868798,-4.706734019214719e-08,-0.0001547631605970904,-0.0003216131465165146,-0.0005475251178287337
469,-0.00019449621990925132,-0.00017998312828328332,-9.676054438871293e-05,2.950373638646199e-07,9.665465996611775e-05,0.00018016276122658542,0.0001941250323878222,0.000547574720634317,0.0003216184945016595,0.0001547972897318891,-4.7201315441239366e-08,-0.00015475923081337522,-0.00032161342659963165,-0.0005475256063151475
470,-0.0001944915951267592,-0.00017999747247154568,-9.674998632467648e-05,2.946510723939341e-07,9.664947017567162e-05,0.00018017720065590715,0.00019412074121997284,0.0005475748072744094,0.0003216183724841074,0.00015479301840539162,-4.704883752869964e-08,-0.0001547552411284528,-0.000321613770755259,-0.0005475263302350872
471,-0.00019448754907138685,-0.00018001169609863673,-9.674126597269263e-05,2.943593293149626e-07,9.664667645008207e-05,0.00018019206020204403,0.00019411779349588589,0.0005475750107988539,0.00032161832142957737,0.00015478855754357584,-4.694335600011878e-08,-0.00015475130946025203,-0.0003216142535072872,-0.000547526963121655
472,-0.000194484206245179,-0.00018002587678991145,-9.673291302538579e-05,2.934067005351243e-07,9.664496028540435e-05,0.0001802076352039054,0.00019411540938566897,0.0005475751583899161,0.0003216182949542889,0.00015478457902683187,-4.6863775500578743e-08,-0.0001547477006448985,-0.00032161467299609344,-0.0005475273628638269
473,-0.00019448164220453208,-0.00018004019160881436,-9.672669035663633e-05,2.9182656131174963e-07,9.664282070835604e-05,0.0001802240160454239,0.0001941138024058461,0.0005475752423246734,0.00032161827012069954,0.00015478053957299168,-4.6978953079830183e-08,-0.00015474407619409512,-0.00032161487652053797,-0.0005475278385403631
474,-0.00019447892152401732,-0.00018005451368877668,-9.671901158637485e-05,2.8839057302280394e-07,9.664000872962584e-05,0.00018023884041926518,0.00019411116878907827,0.0005475755234020589,0.0003216182989082403,0.00015477667839148903,-4.7524291663311103e-08,-0.0001547410280421099,-0.0003216151950332877,-0.0005475285139723727
475,-0.00019447798924143513,-0.0001800688773646583,-9.671338623581569e-05,2.874120322019411e-07,9.663919061710345e-05,0.0001802552949157087,0.00019410896209698446,0.0005475754245532745,0.0003216183745651344,0.00015477311802938168,-4.74721608399532e-08,-0.00015473777990342613,-0.00032161648200977676,-0.000547529229868797
476,-0.00019447562408681957,-0.00018008300901176284,-9.670723180723107e-05,2.863058926767546e-07,9.663899989853236e-05,0.00018026817978867676,0.0001941076849288615,0.0005475757147640564,0.00032161857806645643,0.0001547697351696319,-4.7369520586147255e-08,-0.0001547347166940542,-0.0003216169297080606,-0.0005475296549070087
477,-0.00019447192624702612,-0.0001800976886373219,-9.670306454635457e-05,2.8547194820754345e-07,9.663904165011622e-05,0.000180288820162683,0.00019410729404347517,0.0005475763082267233,0.00032161872859407897,0.0001547662351156882,-4.732282699162271e-08,-0.00015473201518105523,-0.000321617692728186,-0.0005475301777303687
478,-0.00019446988195832762,-0.0001801122720957164,-9.669733331339251e-05,2.8426442352543427e-07,9.663881638683362e-05,0.0001803007622604933,0.00019410487690873867,0.0005475764816225208,0.00032161870447728783,0.00015476375843453843,-4.7253549296246014e-08,-0.00015472946031109508,-0.0003216183762068335,-0.0005475310267200334
479,-0.0001944693986594587,-0.00018012857456311404,-9.669476146291961e-05,2.831333283205423e-07,9.664003749997254e-05,0.00018031725054007451,0.00019410314484559217,0.0005475763720448858,0.0003216193149118862,0.00015476031429547906,-4.7227927973425137e-08,-0.00015472694157701335,-0.0003216191904433467,-0.0005475320032766557
480,-0.00019446888249370512,-0.00018014092185168125,-9.669216443519139e-05,2.8175527475321485e-07,9.664080477916818e-05,0.00018033452548696363,0.00019410061998707963,0.0005475763677440966,0.00032161951788139015,0.00015475705599213435,-4.717713097972396e-08,-0.00015472469698587257,-0.00032161990580795293,-0.0005475330258702206
481,-0.00019446760644873103,-0.00018015699047749996,-9.669270904222873e-05,2.80142789175457e-07,9.664253842457534e-05,0.00018035184390168698,0.00019410139825047482,0.000547576639618718,0.0003216198675633004,0.00015475381424451585,-4.723299342446556e-08,-0.00015472260644160233,-0.0003216207353978211,-0.0005475336318884171
482,-0.00019446662733871997,-0.00018017185133397727,-9.66906500314122e-05,2.7866762754028575e-07,9.664192919213937e-05,0.00018036770786809472,0.00019410083915875708,0.0005475769622241543,0.00032162035371433945,0.00015475121046810799,-4.718539272412781e-08,-0.00015472145310404525,-0.000321621697734092,-0.00054753431834987
483,-0.00019446627610837286,-0.00018018768170443878,-9.668976442946136e-05,2.776786557692451e-07,9.66462711933155e-05,0.00018038398654246884,0.00019410153303819932,0.0005475772394400786,0.0003216207747985998,0.00015474859344249465,-4.707673961553576e-08,-0.00015471903699003134,-0.0003216225816156434,-0.0005475351520093022
484,-0.0001944660068186372,-0.00018020366448818137,-9.668898496804063e-05,2.766600678809542e-07,9.665080326183337e-05,0.00018039958361322153,0.00019410037481548952,0.0005475774465716366,0.000321621258128691,0.00015474628321113655,-4.681052361639315e-08,-0.00015471689764336472,-0.000321623091860351,-0.0005475362023730168
485,-0.00019446567175572345,-0.00018021907155957239,-9.668975567678141e-05,2.7437499406036475e-07,9.665413941811288e-05,0.00018042147597316938,0.00019410104236004485,0.0005475776827450831,0.0003216217968372241,0.0001547438560353078,-4.692544094240299e-08,-0.00015471526922120797,-0.0003216244697083542,-0.0005475371525237182
486,-0.00019446541826889034,-0.0001802345516060877,-9.668943363057273e-05,2.7091298048939557e-07,9.665734395118927e-05,0.00018043429878723263,0.00019410025759420844,0.0005475779095539079,0.00032162235880701495,0.00015474197309429504,-4.7285212127283116e-08,-0.00015471382764522013,-0.000321625384620331,-0.0005475382374787268
487,-0.00019446540366795418,-0.0001802495188858528,-9.669063886593247e-05,2.689630939170933e-07,9.666231743103207e-05,0.00018045104616939167,0.00019410132996498995,0.0005475779694412416,0.00032162298163528546,0.0001547398571406846,-4.732101155912713e-08,-0.0001547122677027265,-0.00032162665857883983,-0.0005475392151221076
488,-0.00019446533518542561,-0.00018026750911112702,-9.669140442690729e-05,2.678413396955977e-07,9.666665169922926e-05,0.00018046808416141184,0.00019410230592230228,0.0005475781037137307,0.00032162355537444044,0.00015473810687439466,-4.705372941514818e-08,-0.0001547109810753875,-0.00032162783891425436,-0.0005475399472042977
489,-0.0001944629974691415,-0.00018028041528451614,-9.669336646760624e-05,2.6670080620714364e-07,9.66726660888755e-05,0.00018048729882592213,0.00019410478971691337,0.0005475786919044624,0.000321624028808092,0.00015473620879275405,-4.688515623135927e-08,-0.00015470955136587827,-0.0003216293191719104,-0.0005475406740839203
490,-0.00019446149052839142,-0.0001803020823939892,-9.669477059983474e-05,2.65209560350147e-07,9.667824084058989e-05,0.00018049814820819172,0.00019410522084846985,0.0005475791630721068,0.00032162457500832243,0.00015473477128864245,-4.671385351701073e-08,-0.00015470834056191565,-0.0003216306899212991,-0.0005475417996883236
491,-0.00019446142195719322,-0.00018031479259759332,-9.669768683141665e-05,2.642048406517176e-07,9.668499308785572e-05,0.00018051977496312056,0.00019410703482267117,0.0005475793009517094,0.0003216250880277328,0.00015473310690865068,-4.6499597537463356e-08,-0.00015470711025872963,-0.00032163213646631706,-0.0005475427981882199
492,-0.00019446157756258177,-0.00018033131504454746,-9.669957429502625e-05,2.616087124377247e-07,9.669089033405316e-05,0.0001805336728770202,0.00019411002092101345,0.0005475796008970734,0.0003216258902405342,0.00015473201941016465,-4.6607885504426486e-08,-0.00015470615845245562,-0.0003216333235766307,-0.0005475435055061883
493,-0.0001944602857836704,-0.0001803471515529194,-9.670097393761466e-05,2.589364607750431e-07,9.669794945417966e-05,0.0001805507722284401,0.00019411414893670157,0.0005475801991229798,0.00032162683648352924,0.00015473121987263916,-4.676700892247048e-08,-0.0001547051153931459,-0.00032163491942377757,-0.0005475441472024373
494,-0.0001944594315599393,-0.00018036623821785977,-9.670623455836468e-05,2.5631983412745383e-07,9.670455306056557e-05,0.0001805684110361757,0.00019411753862974706,0.0005475808111761548,0.00032162769375105704,0.00015472960562227655,-4.688348999000443e-08,-0.00015470429007863212,-0.00032163654805866153,-0.0005475448981063608
495,-0.00019445945742192137,-0.00018037835426582458,-9.67107860494774e-05,2.551681953561121e-07,9.671208663525574e-05,0.00018058942583256936,0.00019412130760230648,0.0005475811107053134,0.00032162854170020825,0.00015472822722395734,-4.6641616376894786e-08,-0.00015470339165532618,-0.000321638281253593,-0.0005475456871624468
496,-0.00019445865705022605,-0.00018039412945420547,-9.671448172868699e-05,2.526133762053075e-07,9.671998363138504e-05,0.00018060277920642652,0.00019412500639776176,0.0005475816642122609,0.00032162970057792177,0.00015472729462325067,-4.658622716001433e-08,-0.0001547026039472833,-0.00032163914388554614,-0.0005475463449750942
497,-0.00019445713622774923,-0.00018041042092656616,-9.671951788418129e-05,2.498851789867386e-07,9.673027355149476e-05,0.0001806241321593195,0.00019412909529042862,0.0005475823153656218,0.0003216308349688838,0.00015472615093934682,-4.674693869072133e-08,-0.00015470157561933278,-0.00032164124616218434,-0.0005475471692467822
498,-0.00019445739855199106,-0.00018042853838294,-9.67245646563887e-05,2.4862482587127465e-07,9.673845940182604e-05,0.00018063808473313403,0.00019413158900618866,0.0005475824981029184,0.0003216322066894184,0.00015472521918954898,-4.654902183023493e-08,-0.00015470097662344636,-0.0003216427482243793,-0.0005475481226808818
499,-0.00019445834846012978,-0.00018044205396314873,-9.673027088844952e-05,2.475822731767965e-07,9.674765577487075e-05,0.00018065631713493456,0.00019413602127701224,0.0005475823200363713,0.00032163283710187634,0.00015472414686868683,-4.618678528036763e-08,-0.0001547002619964486,-0.00032164468223842005,-0.0005475487379480874
500,-0.0001944587396509338,-0.00018046321627628815,-9.673581697129471e-05,2.436923251814494e-07,9.67563189664555e-05,0.00018067347221030516,0.00019414135485515264,0.000547582296705746,0.00032163373594369996,0.00015472336646504882,-4.645112063225172e-08,-0.00015469974520113025,-0.00032164660931570415,-0.0005475489853128349
501,-0.00019445699526270555,-0.0001804752588466673,-9.674231333961725e-05,2.413928577737488e-07,9.67667167157596e-05,0.00018069356056646152,0.0001941464812517231,0.000547582659868087,0.0003216349250194281,0.00015472243240993545,-4.646239301928451e-08,-0.00015469904239667832,-0.00032164855123764766,-0.0005475494740073514
502,-0.0001944549063534673,-0.00018049586650157164,-9.674781486497666e-05,2.394029437103073e-07,9.677566538815864e-05,0.00018070686226561545,0.0001941487408204865,0.0005475829601371663,0.00032163656581675893,0.0001547218566151883,-4.629974963649255e-08,-0.00015469863153257308,-0.0003216501183897439,-0.0005475504504483611
503,-0.00019445346940262986,-0.00018050870121707276,-9.675408330204525e-05,2.3796734759738393e-07,9.678587870162919e-05,0.0001807262968899779,0.0001941517182094984,0.0005475830810910823,0.00032163777935611604,0.00015472110070061408,-4.606305172492366e-08,-0.00015469814380457796,-0.00032165248301452434,-0.0005475514502199961
504,-0.00019445235852951469,-0.0001805248917636641,-9.675963729126781e-05,2.3602990283549884e-07,9.67951838979536e-05,0.00018074078467381698,0.00019415418383668287,0.0005475831011845546,0.00032163928183451637,0.0001547207286083548,-4.583671170230387e-08,-0.00015469785426434917,-0.00032165392139729183,-0.000547552237680628
505,-0.0001944504608905698,-0.00018054140241755443,-9.67663923621695e-05,2.339537177614014e-07,9.680620694564958e-05,0.00018075861022969373,0.00019415727214157832,0.0005475833074374568,0.0003216408174937367,0.00015472004524300767,-4.566305428736161e-08,-0.0001546973208832453,-0.00032165599444706144,-0.0005475529544788307
506,-0.00019444871955651851,-0.00018055825928703037,-9.677305765504768e-05,2.317147851059929e-07,9.681635292437096e-05,0.0001807761665845044,0.00019415870860965876,0.0005475835183842311,0.00032164241236973755,0.0001547195068651267,-4.553164830662448e-08,-0.00015469680899915078,-0.00032165812199661697,-0.0005475537734323385
507,-0.00019444698287269794,-0.00018057502953610765,-9.677832513193231e-05,2.2951324188162088e-07,9.682714799352249e-05,0.00018079192622613946,0.00019416044233782424,0.0005475836924505816,0.0003216438432608077,0.00015471947473869372,-4.538031772672269e-08,-0.0001546966315638486,-0.00032166043219097906,-0.0005475545357819107
508,-0.0001944451337163488,-0.00018059155628846605,-9.678638034033796e-05,2.269024887315403e-07,9.68372779319037e-05,0.0001808071231800098,0.000194160325589448,0.0005475839094323344,0.00032164531026925827,0.000154718977729318,-4.5275993355539633e-08,-0.00015469675043211314,-0.00032166247802553947,-0.0005475553544117032
509,-0.00019444255637525394,-0.00018061009088629563,-9.679548222404494e-05,2.2491317981877517e-07,9.68457193459084e-05,0.0001808258425062828,0.00019416089642496865,0.0005475842802944754,0.0003216470035315931,0.0001547182884538541,-4.5058850096646246e-08,-0.00015469716168698902,-0.0003216645470519902,-0.000547556218800968
510,-0.00019444080100184096,-0.00018061998026193822,-9.680287834303926e-05,2.2411062020964048e-07,9.685591675893975e-05,0.00018083868066019602,0.00019415936927738993,0.0005475845395441995,0.0003216483881082503,0.0001547180894128667,-4.4558349083605755e-08,-0.0001546971915705373,-0.00032166673927524163,-0.0005475571729287433
511,-0.00019443843490141573,-0.00018064089184685595,-9.68104272329489e-05,2.2054883038274718e-07,9.686778684221365e-05,0.00018086028882405427,0.00019415879464877855,0.0005475848415937132,0.0003216503422157633,0.00015471778165209005,-4.470230067227601e-08,-0.0001546971894247672,-0.00032166941589222036,-0.0005475580190743378
512,-0.00019443573611245307,-0.00018065481621386866,-9.681800699566122e-05,2.157666825474015e-07,9.687760274322625e-05,0.0001808722319267873,0.0001941575264165861,0.0005475852912111664,0.00032165169707997897,0.00015471774822848353,-4.5178163853562445e-08,-0.0001546975933313054,-0.0003216713520104108,-0.0005475588566645988
513,-0.00019443250406419815,-0.0001806751137220317,-9.68267474451145e-05,2.1375926257232965e-07,9.688816945255385e-05,0.0001808883869069957,0.00019415610035241162,0.0005475857266082682,0.0003216535964333583,0.0001547174581217529,-4.498582094076143e-08,-0.00015469789261998978,-0.0003216736953855929,-0.0005475598070927704
514,-0.00019442981104861507,-0.00018068766024145674,-9.683484910163997e-05,2.1127065261780746e-07,9.689832779872139e-05,0.0001809061704039004,0.00019415353658762584,0.0005475860560579711,0.00032165496877820105,0.0001547174299978286,-4.4717773566143866e-08,-0.00015469828931692539,-0.0003216765849610053,-0.0005475607572203494
515,-0.0001944270350677935,-0.00018070649306488538,-9.684401978117492e-05,2.092039733245822e-07,9.690972531412479e-05,0.00018091601442994163,0.00019415233176408737,0.0005475863407887153,0.00032165705093824455,0.00015471712384637948,-4.4507067615248424e-08,-0.00015469862516000584,-0.0003216790805286316,-0.0005475614891638043
516,-0.00019442395048702347,-0.00018071899479628348,-9.685247368183719e-05,2.0659243101459136e-07,9.692036603502643e-05,0.000180934557973554,0.0001941503284998816,0.0005475868020136748,0.00032165856911683775,0.0001547171873454512,-4.430738434895126e-08,-0.00015469915337091363,-0.0003216818280161424,-0.000547562236136899
517,-0.00019441949807833648,-0.00018073498806274945,-9.686238691355726e-05,2.044937972277354e-07,9.693228313784679e-05,0.00018094753015657355,0.00019414871458412142,0.0005475874605199978,0.00032166045751014135,0.00015471691412972342,-4.4066656036009796e-08,-0.00015469927170504787,-0.00032168400053900453,-0.0005475629344139611
518,-0.00019441497156152412,-0.00018075107019591195,-9.687079352669367e-05,2.0203420952053747e-07,9.694239850583358e-05,0.00018096269602680448,0.0001941456656091431,0.0005475881679998238,0.00032166241464670484,0.00015471714198831077,-4.384697934404701e-08,-0.0001547001641789287,-0.0003216867080476735,-0.0005475637046483135
519,-0.0001944111383527273,-0.0001807699952554839,-9.687970622679976e-05,1.9996645148216792e-07,9.695466329615581e-05,0.0001809793474782513,0.0001941443092688723,0.000547588846021556,0.0003216644731292852,0.00015471711656278486,-4.360331721537041e-08,-0.000154700918361626,-0.0003216895462910857,-0.0005475643681491014
520,-0.00019440767212791925,-0.00018078161484206244,-9.68906667791392e-05,1.971136574112593e-07,9.696541545707712e-05,0.00018099425394048674,0.00019414219054692634,0.0005475894952326249,0.00032166613820526485,0.0001547166520243677,-4.3452418837037785e-08,-0.0001547018080908634,-0.00032169190037199585,-0.0005475650668886139
521,-0.00019440448478887375,-0.00018079733440501443,-9.690184004702013e-05,1.9537390108866727e-07,9.69768467300026e-05,0.00018100973791802333,0.0001941408531524047,0.0005475901994984202,0.00032166820237598576,0.00015471652560197503,-4.31260534982616e-08,-0.00015470251310351624,-0.00032169407354228855,-0.0005475658108557807
522,-0.00019440141885828738,-0.0001808164178975517,-9.691212534842617e-05,1.9488838253262618e-07,9.698715858107313e-05,0.00018102424772149285,0.00019413887165167258,0.0005475909558130141,0.0003216701135449742,0.00015471674239874754,-4.239799505484619e-08,-0.00015470353162520492,-0.0003216968317124048,-0.0005475665578751204
523,-0.00019439845475987118,-0.0001808262318153197,-9.692266553173452e-05,1.9287388350744554e-07,9.699729826523439e-05,0.0001810400839244471,0.00019413828487531879,0.0005475915465472231,0.0003216721940170736,0.0001547167319381183,-4.221010975052202e-08,-0.0001547046784029023,-0.0003216996326129429,-0.0005475671230126969
524,-0.0001943970300651502,-0.00018084629908780308,-9.693207632573371e-05,1.8952176266087618e-07,9.700954428911721e-05,0.00018105468397391886,0.0001941371574308307,0.0005475920498320515,0.0003216746138353156,0.0001547170011004679,-4.206452588979496e-08,-0.00015470553687742583,-0.0003217021886459659,-0.0005475677403840521
525,-0.00019439404488306102,-0.00018085927534962663,-9.694195566101594e-05,1.8902887940051352e-07,9.702339590760586e-05,0.0001810689653939192,0.00019413653261519584,0.0005475929083481956,0.00032167632455515506,0.00015471711828541279,-4.141627994112626e-08,-0.00015470633742078105,-0.00032170472097840325,-0.0005475684848830368
526,-0.00019439156967955408,-0.0001808738427982227,-9.695111740363511e-05,1.878281892274628e-07,9.703474777784243e-05,0.00018108369505871906,0.0001941325975348201,0.0005475937495918152,0.00032167854757760673,0.00015471765258216852,-4.089606639713774e-08,-0.00015470737580009218,-0.0003217071786250924,-0.0005475697266318716
527,-0.0001943901356942239,-0.00018088982753269764,-9.695951391237199e-05,1.8579927346253938e-07,9.70478004798033e-05,0.00018109827969937556,0.0001941305402215348,0.0005475944386661132,0.0003216808318747434,0.0001547182320348988,-4.0558746823367136e-08,-0.00015470816899973422,-0.0003217097205996217,-0.0005475707886493376
528,-0.00019438964365646808,-0.00018090577963674032,-9.69696008755281e-05,1.8369826350632653e-07,9.705993058387853e-05,0.00018111281518748786,0.0001941287659516336,0.0005475950013064571,0.000321683090066552,0.00015471868773819997,-4.010920721903748e-08,-0.00015470901571645496,-0.0003217122311043976,-0.000547571628598096
529,-0.00019438730324068565,-0.0001809206489562434,-9.698085864854384e-05,1.8219646942861009e-07,9.707192294260371e-05,0.00018112857007051826,0.00019412756651723955,0.0005475960365017969,0.0003216852712834826,0.00015471900198253203,-3.9614729708704795e-08,-0.0001547102257458131,-0.0003217147496095664,-0.0005475723790858142
530,-0.00019438472431338924,-0.00018093532868032432,-9.698989711965599e-05,1.8012311760607778e-07,9.708400553255284e-05,0.00018114287758895314,0.00019412397664752672,0.0005475973279409329,0.00032168753846995257,0.00015471972779158174,-3.917304906137091e-08,-0.00015471153444128767,-0.0003217166884793369,-0.0005475735854571892
531,-0.00019438446056058075,-0.00018095421587795455,-9.699995929767368e-05,1.7847003162284944e-07,9.709674357547232e-05,0.00018115585562416978,0.00019412198176752923,0.000547598159033765,0.00032168973883233196,0.00015472024266079397,-3.8687794755369294e-08,-0.0001547126346016671,-0.0003217196146808254,-0.0005475747007027025
532,-0.00019438505492311596,-0.0001809658102035342,-9.701000522254402e-05,1.7629303470024793e-07,9.710838243193685e-05,0.0001811721491753412,0.0001941184334641792,0.0005475989222388707,0.00032169173058331187,0.00015472074146216517,-3.822241893990988e-08,-0.00015471390579472222,-0.00032172231529898265,-0.0005475759760716851
533,-0.00019438471424445755,-0.0001809848373711375,-9.701967975851432e-05,1.743010249492659e-07,9.712124260351006e-05,0.0001811865065556775,0.0001941176471219934,0.0005475999230047742,0.00032169446854434327,0.00015472156546794414,-3.7761131616536735e-08,-0.00015471503461778077,-0.00032172487965611386,-0.0005475769393559794
534,-0.00019438400270990224,-0.00018099638948011022,-9.702949336002722e-05,1.7192206889235967e-07,9.713180241926477e-05,0.0001811995924624529,0.00019411485451068582,0.0005476010819981004,0.00032169643231707076,0.00015472267697916995,-3.7319897740273546e-08,-0.00015471675420973216,-0.00032172745606007935,-0.0005475783455521953
535,-0.00019438365704603887,-0.00018101086826890562,-9.703994027172775e-05,1.6997079116216958e-07,9.714539471251629e-05,0.00018121333888917673,0.0001941134356386054,0.0005476021959718748,0.000321699455216949,0.00015472344057735845,-3.68297981096473e-08,-0.00015471763360088965,-0.0003217301453482006,-0.0005475798171157828
536,-0.00019438384767594033,-0.00018102264106679207,-9.704940491086626e-05,1.6525896025314831e-07,9.716268360320089e-05,0.00018122693217355792,0.00019411420104490092,0.0005476033482134243,0.0003217013869187376,0.00015472436175785123,-3.68765305268874e-08,-0.00015471889962143643,-0.00032173284844046776,-0.0005475806773661161
537,-0.0001943831139444152,-0.00018104174303217363,-9.705925451816954e-05,1.6238894299872349e-07,9.717226395032504e-05,0.00018123979452443415,0.00019411709920265192,0.0005476047448137934,0.0003217042905988889,0.00015472515755877704,-3.6568934925944555e-08,-0.00015472003537662726,-0.00032173561072639304,-0.0005475814415192452
538,-0.00019438295834887885,-0.0001810528248274555,-9.706631431021498e-05,1.5951393616500261e-07,9.718359503343934e-05,0.00018125468804090026,0.00019411706953772695,0.0005476060946141765,0.0003217062971714058,0.00015472662727718725,-3.6217451119096916e-08,-0.00015472158343183198,-0.0003217382062064398,-0.0005475827137204422
539,-0.00019438383263165588,-0.00018106684838625322,-9.707749988642896e-05,1.5686195978395777e-07,9.719715048445008e-05,0.00018126800682374063,0.0001941186293551467,0.0005476071770719526,0.0003217089153115248,0.00015472739128926893,-3.583440408147856e-08,-0.0001547230174097589,-0.00032174097598406233,-0.0005475838731993413
540,-0.00019438550968020883,-0.00018108152006110007,-9.708833200865798e-05,1.5334167844815417e-07,9.720998684033976e-05,0.0001812807520617098,0.00019411937476150943,0.0005476081732133515,0.00032171161072711447,0.0001547285493253226,-3.5602370523798414e-08,-0.0001547244824389215,-0.00032174372862789563,-0.0005475849345231317
541,-0.00019438618272228268,-0.00018109541615234572,-9.709881154487943e-05,1.5023612977812556e-07,9.72237473330262e-05,0.00018129343684668015,0.0001941214020650433,0.0005476093166452199,0.00032171414067793194,0.0001547295203487252,-3.536854291964389e-08,-0.00015472577718457817,-0.00032174658832900886,-0.0005475859751522642
542,-0.00019438719281741134,-0.00018110929142592733,-9.710866916791935e-05,1.4686468175510858e-07,9.723520415167865e-05,0.00018130647280288444,0.0001941223533032268,0.0005476105025300398,0.0003217166963409946,0.00015473067808881058,-3.516144159430089e-08,-0.00015472741601649467,-0.0003217490848446586,-0.0005475871515106049
543,-0.0001943888954126765,-0.00018112303110390533,-9.711963386113155e-05,1.432238807256815e-07,9.724818605190695e-05,0.00018131927378450875,0.00019412471824109437,0.0005476115756925618,0.0003217187384297064,0.00015473136249698346,-3.513796151188122e-08,-0.0001547288313831031,-0.0003217512311928251,-0.0005475882368355737
544,-0.0001943915573150636,-0.00018113942336410476,-9.712868167605466e-05,1.4031716984083825e-07,9.726001138459228e-05,0.0001813325879368228,0.00019412639059015574,0.0005476125400404921,0.0003217220813221758,0.0001547328438298368,-3.486444164658323e-08,-0.0001547299729697941,-0.00032175377887861745,-0.0005475893339992743
545,-0.00019439469785623674,-0.00018115047426293867,-9.713944908421539e-05,1.3911460192040143e-07,9.72774362058547e-05,0.00018134477903872261,0.00019412938871801424,0.0005476134266967463,0.0003217243067262473,0.00015473398873460984,-3.4265233900051645e-08,-0.00015473182249182488,-0.0003217568156288867,-0.0005475904100752341
546,-0.0001943971901631345,-0.0001811629966543659,-9.714917968502195e-05,1.3614252765909426e-07,9.728624685802778e-05,0.00018135802384151595,0.00019413179080846635,0.0005476145703829623,0.00032172712762776746,0.00015473532754023346,-3.399244712508577e-08,-0.0001547333093902694,-0.00032175970034856947,-0.0005475915474027565
547,-0.00019440029977830318,-0.00018117835312494171,-9.715969908514888e-05,1.3460277682219806e-07,9.729614657353712e-05,0.00018137027196785474,0.00019413527417607394,0.0005476154910062023,0.00032172956821003483,0.00015473634136805003,-3.34454045943523e-08,-0.00015473514202129734,-0.00032176227518020345,-0.0005475927087545799
548,-0.0001944050142747796,-0.0001811935741378445,-9.716963047148777e-05,1.3222390643002863e-07,9.731269391301847e-05,0.0001813810169957951,0.0001941389835232179,0.0005476161365176675,0.00032173208491164686,0.00015473768850471855,-3.3013051480171754e-08,-0.00015473710209904572,-0.0003217648746142016,-0.0005475937066301681
549,-0.00019440850924825955,-0.00018120799791204641,-9.718024086736811e-05,1.302492527389637e-07,9.732282800310986e-05,0.00018139289934996375,0.00019414407730906046,0.0005476170197055433,0.00032173457782018304,0.00015473882564263623,-3.268377459264977e-08,-0.00015473844172783115,-0.00032176765900525844,-0.0005475945978646818
550,-0.0001944112290322256,-0.0001812221057168665,-9.719115541789165e-05,1.2623589099075045e-07,9.733366208099734e-05,0.0001814037819439444,0.00019414649040440168,0.0005476181552526314,0.0003217371513569558,0.00015474010120353587,-3.269524584956325e-08,-0.0001547404274669552,-0.0003217704395117316,-0.0005475959819326435
551,-0.00019441461215386459,-0.00018123592036010992,-9.720062127574526e-05,1.2386349504973584e-07,9.73463519753101e-05,0.00018141638507401664,0.0001941493522371516,0.0005476191377286195,0.0003217396323342702,0.00015474138220285282,-3.232993998597799e-08,-0.00015474225190104885,-0.00032177299582222493,-0.0005475973770762935
552,-0.00019441856462334444,-0.00018125018738606995,-9.720782943083905e-05,1.216842451002209e-07,9.735831836269397e-05,0.0001814287040868168,0.00019415411205367278,0.000547620092526948,0.0003217422032350754,0.00015474307751153088,-3.188197821172551e-08,-0.0001547440963453736,-0.00032177567738742355,-0.000547598170178821
553,-0.00019442137114593534,-0.00018126298678149269,-9.72212189090084e-05,1.1900986600626296e-07,9.737088540224705e-05,0.00018144033629404258,0.0001941593038391861,0.0005476211924653511,0.000321744253855998,0.00015474412186570186,-3.1518941733562075e-08,-0.00015474580338410745,-0.00032177788572707326,-0.000547598894908049
554,-0.00019442503026664707,-0.00018127997497072447,-9.723125554819565e-05,1.1609428563397634e-07,9.738259020725851e-05,0.00018145116101629647,0.00019416285247751038,0.0005476223395968231,0.0003217472466965968,0.00015474563089702513,-3.1230044983734843e-08,-0.00015474760360429534,-0.00032178079657520665,-0.000547599850839381
555,-0.00019442893910080557,-0.00018129123462747775,-9.724134734680349e-05,1.1340014592660333e-07,9.739548156985993e-05,0.00018146315665087273,0.00019416629401274623,0.000547623510082043,0.0003217492501938182,0.00015474723589375416,-3.101627734492942e-08,-0.00015474926620385288,-0.00032178384130274624,-0.0005476009391471553
556,-0.00019443360144967393,-0.00018130414563828902,-9.72512912395043e-05,1.1031722661897263e-07,9.740631564971787e-05,0.00018147419982559467,0.00019416892017141103,0.0005476246656069907,0.00032175180826162327,0.00015474884884231874,-3.071212759642489e-08,-0.00015475119932305208,-0.0003217866115659418,-0.0005476020217436664
557,-0.00019443944149901917,-0.0001813168967481597,-9.726213856562315e-05,1.0751866142991578e-07,9.741874165329158e-05,0.00018148460118966496,0.00019417224374645206,0.0005476256218389156,0.00032175433069762087,0.00015474995478564113,-3.045441484718638e-08,-0.00015475291123832592,-0.0003217893088082108,-0.0005476032216869802
558,-0.0001944458833985592,-0.0001813294717600998,-9.727285974044167e-05,1.0434124625256185e-07,9.743016884248694e-05,0.00018149498706610255,0.00019417518450504513,0.000547626586764909,0.00032175673923207185,0.0001547513640409668,-3.02265632913864e-08,-0.0001547545772276453,-0.00032179189411434754,-0.0005476043979528308
559,-0.00019445250103149896,-0.00018134144629129866,-9.728401571182899e-05,1.0186722388449905e-07,9.744279387593386e-05,0.0001815058234336375,0.00019417858568573676,0.0005476275301869563,0.0003217591875372618,0.00015475256889550435,-2.99534131136053e-08,-0.00015475629420212708,-0.00032179464826114477,-0.0005476056407190565
560,-0.00019445898255652166,-0.000181351741330603,-9.729407201400437e-05,9.904189486417587e-08,9.745351859359763e-05,0.0001815163127284469,0.00019418241392903297,0.0005476285004311298,0.00032176179628963655,0.0001547540675355659,-2.9653616575387773e-08,-0.00015475843828659857,-0.00032179728947754135,-0.0005476066239580878
561,-0.00019446449585819618,-0.0001813647787449305,-9.730511371089876e-05,9.66913259316045e-08,9.746441839934311e-05,0.00018152656015214764,0.00019418620806406945,0.0005476296864084399,0.0003217640605395461,0.00015475528683474337,-2.9302771986054722e-08,-0.00015476048786007093,-0.0003217999916911527,-0.0005476077114796964
562,-0.00019447037839015731,-0.00018137810036519976,-9.731562835537665e-05,9.421855306476262e-08,9.74754670696131e-05,0.00018153679069905784,0.00019418821317063358,0.0005476307653053474,0.0003217665414012479,0.0001547564712489709,-2.8911076565394262e-08,-0.00015476235417830213,-0.0003218028064189593,-0.0005476091137913285
563,-0.00019447676623076564,-0.00018138968434598657,-9.732603621105076e-05,9.22958820355096e-08,9.74880149358316e-05,0.0001815467296902973,0.00019419134449016282,0.0005476317001026938,0.0003217689075289924,0.00015475798109420693,-2.8526461513209608e-08,-0.00015476392573292668,-0.0003218055718495477,-0.0005476103466148695
564,-0.00019448381767505588,-0.0001814013209275819,-9.733638615460413e-05,8.974400392999665e-08,9.749866382025257e-05,0.00018155568594592207,0.00019419550344170765,0.0005476324615042426,0.00032177154113807895,0.00015475972497636835,-2.8090737537556264e-08,-0.00015476584334847443,-0.00032180815109758353,-0.0005476111616606709
565,-0.00019449039588940886,-0.0001814119854336253,-9.734726861558031e-05,8.790448658492684e-08,9.751002471705981e-05,0.00018156619807809316,0.00019419855759893455,0.0005476330730255996,0.00032177408903197405,0.00015476111461223355,-2.7752701174832022e-08,-0.00015476762946392352,-0.00032181100374632733,-0.0005476122862245608
566,-0.000194497194437997,-0.0001814234981437156,-9.735603701272293e-05,8.542352066088133e-08,9.75207157954277e-05,0.0001815736054916308,0.00019420021048008101,0.0005476337137044577,0.00032177663817448533,0.00015476279928686347,-2.7374865428941305e-08,-0.00015476968738000203,-0.00032181209267840975,-0.0005476136445571548
567,-0.00019450268522743189,-0.00018143445350592467,-9.736698802420771e-05,8.33654179713544e-08,9.752977659946974e-05,0.000181582015108698,0.00019420390822135264,0.0005476345279872159,0.0003217792493084799,0.00015476401416501462,-2.702507590181948e-08,-0.00015477173343422646,-0.00032181464984443637,-0.0005476145382426558
568,-0.00019450788779123412,-0.00018144564629590752,-9.737785410691379e-05,8.123750620404318e-08,9.754103711040734e-05,0.00018159182109545816,0.00019420705087089312,0.0005476354006080988,0.00032178180797747056,0.00015476549131037909,-2.6612334740237866e-08,-0.00015477344331009382,-0.0003218174311370752,-0.0005476153089625813
569,-0.00019451251019934996,-0.00018145707961710194,-9.738860028164832e-05,7.96965266431962e-08,9.755387891159893e-05,0.00018160098358684332,0.00019420983938369228,0.0005476363890959427,0.0003217841016161064,0.00015476685663753622,-2.616723488454854e-08,-0.0001547746585258338,-0.0003218199840023127,-0.0005476161862542138
570,-0.00019451728492222504,-0.00018146750215351494,-9.73984956444629e-05,7.794336248289057e-08,9.756438211572116e-05,0.0001816096097647593,0.00019421117822648496,0.0005476374203835762,0.0003217864362509749,0.0001547685651838585,-2.568611114437543e-08,-0.0001547766075810756,-0.0003218224475452451,-0.0005476172480635772
571,-0.0001945219185716824,-0.0001814750733300492,-9.740912866292735e-05,7.637298555479729e-08,9.757496621218247e-05,0.00018161814391342781,0.00019421272131489684,0.0005476383955297246,0.00032178901376482154,0.0001547699301988616,-2.5152893976900316e-08,-0.00015477874179454216,-0.00032182547537022065,-0.0005476184301331809
572,-0.00019452725721384522,-0.00018148679344830968,-9.741871210856325e-05,7.446699739363436e-08,9.758489677389358e-05,0.0001816252391900831,0.00019421398137962906,0.0005476392673644416,0.0003217914762903629,0.00015477164987405404,-2.4651651567917568e-08,-0.000154780860693962,-0.00032182711552012093,-0.0005476194944166542
573,-0.00019453067372453457,-0.0001814992577020012,-9.742973057302339e-05,7.156066279225603e-08,9.759541135334709e-05,0.00018163371806800135,0.00019421630278069707,0.0005476404212476902,0.00032179406446369255,0.0001547730228778887,-2.4547085621866707e-08,-0.00015478262086131612,-0.0003218297235556975,-0.000547620619466117
574,-0.00019453363065056106,-0.0001815101801579169,-9.743971899562385e-05,7.098225502808902e-08,9.760449198884956e-05,0.00018164078743341364,0.00019421612688966234,0.0005476416763382205,0.00032179648264023546,0.00015477466309946877,-2.3774444732676966e-08,-0.00015478452445536617,-0.0003218319635269582,-0.0005476221110769317
575,-0.00019453702194951246,-0.0001815203715719536,-9.745018675060411e-05,7.167291872349473e-08,9.761472879583724e-05,0.00018164693735363903,0.0001942171565512277,0.0005476427359278217,0.0003217986920666437,0.0001547760406630649,-2.27173700795107e-08,-0.0001547863892359496,-0.0003218339997194267,-0.0005476234525994516
576,-0.00019454175989418594,-0.0001815303183168616,-9.746016015355061e-05,6.999017420739503e-08,9.76222604178246e-05,0.0001816512136348389,0.00019421805029206748,0.0005476434465060657,0.000321801084068491,0.0001547774134356743,-2.213479961673864e-08,-0.000154788670927178,-0.0003218353186281195,-0.0005476246222291383
577,-0.00019454451028888658,-0.00018154001012666548,-9.747130534369337e-05,6.871190406148487e-08,9.763311451042316e-05,0.00018165927032698343,0.0001942200933787996,0.000547644419386207,0.0003218033982630495,0.00015477883532745863,-2.1626974094679418e-08,-0.00015479036402303066,-0.00032183695087011706,-0.0005476258036744338
578,-0.0001945465472278561,-0.0001815500166152151,-9.748062409465205e-05,6.743747890068665e-08,9.764337002572237e-05,0.00018166925934761145,0.00019422106041988566,0.0005476454166143645,0.00032180557605784676,0.00015478083569851495,-2.094542861957825e-08,-0.0001547923389431263,-0.00032183893179975635,-0.0005476271152764095
579,-0.00019454847218690626,-0.0001815601478028532,-9.748814338663157e-05,6.63421183954446e-08,9.765378659368248e-05,0.00018167498500325235,0.0001942232727375763,0.0005476462567943481,0.0003218072676784825,0.00015478258511158384,-2.0401219997015204e-08,-0.0001547941595435057,-0.0003218409121050876,-0.0005476283524007398
580,-0.00019455145099463262,-0.00018156936233347233,-9.749863634743848e-05,6.405593223376461e-08,9.76630689536304e-05,0.00018168191817207786,0.00019422454420128498,0.0005476468459099806,0.00032180974588109424,0.0001547841738161834,-1.9970236689518094e-08,-0.0001547959251238424,-0.0003218431610016421,-0.0005476296301744648
581,-0.00019455246770057647,-0.0001815789558677443,-9.751045886732537e-05,6.100497843450594e-08,9.767260038072187e-05,0.0001816898220371496,0.0001942268366763418,0.0005476478243857722,0.000321812293890602,0.0001547856000318795,-1.9464225839685913e-08,-0.00015479793935222662,-0.0003218457998826638,-0.0005476307942085008
582,-0.00019455353870190446,-0.00018158762869574987,-9.751985245842671e-05,5.788128159293573e-08,9.768127878703383e-05,0.0001816962280451846,0.00019422964931713874,0.0005476488574769623,0.00032181462817863267,0.00015478737234318255,-1.948112805899789e-08,-0.0001548000474557406,-0.0003218479372592915,-0.0005476315335280406
583,-0.00019455610693958162,-0.00018159572713159652,-9.752983561503502e-05,5.669856688363244e-08,9.769115162972704e-05,0.00018170217679367204,0.00019423246873623802,0.000547649294284538,0.0003218167876372695,0.00015478883557572512,-1.907137932296574e-08,-0.00015480181219441753,-0.0003218496485340715,-0.000547632302166939
584,-0.00019455904492971112,-0.0001816038596954073,-9.753935195744809e-05,5.438455929719487e-08,9.770008701744164e-05,0.0001817077464695414,0.00019423514060903498,0.0005476496395038015,0.0003218190119314598,0.00015479031661492243,-1.8376078853379444e-08,-0.00015480379110314834,-0.00032185120303814777,-0.0005476329864548748
585,-0.00019455974060225077,-0.00018161317609760542,-9.754919522585643e-05,5.286176221516339e-08,9.771008485183315e-05,0.00018171215539068976,0.0001942377158023538,0.0005476505009102609,0.00032182100867690465,0.0001547920230039134,-1.807026965229273e-08,-0.000154805592329166,-0.0003218528119726424,-0.0005476338480463143
586,-0.0001945603903143537,-0.00018162178000958635,-9.75591459500614e-05,5.108710391032085e-08,9.77192719845148e-05,0.00018171839099535636,0.00019423832640128765,0.0005476514001914124,0.00032182312681559345,0.00015479393490819802,-1.7769073028910785e-08,-0.00015480699509168728,-0.00032185410801316037,-0.000547634979500716
587,-0.0001945605465010211,-0.00018162793499383416,-9.756940608110864e-05,4.968505456745214e-08,9.772647008644039e-05,0.00018172485105247084,0.00019423973896797055,0.0005476522221970931,0.00032182535036986314,0.0001547954238714838,-1.734471010892158e-08,-0.00015480933356027012,-0.00032185552107676557,-0.000547636031829845
588,-0.0001945612314346806,-0.00018163753018327297,-9.757854577059993e-05,4.7071748245653675e-08,9.773596836388953e-05,0.00018173053477721812,0.0001942413324404496,0.0005476530287338063,0.0003218271826448042,0.00015479709008046715,-1.675183662000994e-08,-0.00015481129115234727,-0.0003218569204055922,-0.0005476370222137359
589,-0.0001945602693689472,-0.0001816466369408552,-9.758771545309389e-05,4.461370460715989e-08,9.77466208896776e-05,0.00018173579001079412,0.0001942439407371055,0.000547653953195385,0.00032182917159795886,0.00015479867495828923,-1.625109496902626e-08,-0.00015481308831804996,-0.00032185812208309516,-0.0005476379873478319
590,-0.00019455949261293614,-0.0001816551920648227,-9.759499589759998e-05,4.2478379884457725e-08,9.775522668539606e-05,0.00018173862899633015,0.00019424611507462815,0.0005476549015887746,0.0003218307402992641,0.00015480069976753978,-1.610916677219593e-08,-0.00015481494276055351,-0.0003218595348229851,-0.000547639014727759
591,-0.00019455815379970003,-0.00018166268262093818,-9.760545525457889e-05,4.025313551803732e-08,9.776463763013366e-05,0.00018174464401060484,0.00019424824956006798,0.0005476557332596699,0.0003218329117353677,0.0001548020458891296,-1.6095763154501994e-08,-0.00015481651402614652,-0.000321861624081643,-0.0005476403247342807
592,-0.00019455622699829155,-0.0001816705272054209,-9.761530324907972e-05,3.770494476269789e-08,9.77730232531928e-05,0.00018175014599212036,0.0001942501964106702,0.0005476565678208805,0.0003218350582453918,0.00015480379026380076,-1.591394743676697e-08,-0.0001548183274886032,-0.00032186360952017433,-0.0005476416450303249
593,-0.00019455334510649574,-0.0001816783567456192,-9.762493115072391e-05,3.6241251829883016e-08,9.778222358681533e-05,0.00018175459876533813,0.00019425389282189703,0.0005476574939010357,0.0003218369765361172,0.00015480526030361402,-1.5588259050768697e-08,-0.0001548199699322577,-0.0003218651526248469,-0.000547642717452926
594,-0.0001945503290378108,-0.00018168589852323746,-9.76337863889541e-05,3.3197883941099274e-08,9.779047386057549e-05,0.00018176016129837436,0.00019425705555018775,0.0005476583855979998,0.00032183873435653534,0.00015480691267839202,-1.556636437567687e-08,-0.0001548217391705775,-0.00032186651514261755,-0.0005476438686308396
595,-0.00019454683401506995,-0.00018169314420332834,-9.764362910958101e-05,3.027015271406822e-08,9.779965655090754e-05,0.0001817647310367164,0.0001942599198952445,0.0005476591725036913,0.000321840916590857,0.00015480828950900418,-1.5202690523557567e-08,-0.00015482332129450712,-0.0003218678936380513,-0.0005476452023379469
596,-0.00019454339908079717,-0.0001816989993757755,-9.765266880729002e-05,2.7903102705832285e-08,9.780735792306352e-05,0.00018176907346547733,0.00019426317148037956,0.0005476599824162926,0.0003218422054171479,0.00015480986778303377,-1.5007254387194038e-08,-0.0001548251432128703,-0.0003218692759487013,-0.0005476462009303333
597,-0.00019453956540894772,-0.00018170515088220245,-9.766236563481102e-05,2.5587597604228737e-08,9.78156251120378e-05,0.00018177280278299751,0.00019426628200194912,0.0005476607919820563,0.0003218437616554133,0.0001548111293455582,-1.4975335062637515e-08,-0.00015482690834694234,-0.0003218706847346398,-0.000547647380433337
598,-0.00019453630767605007,-0.0001817102987762376,-9.767076114847733e-05,2.3510504688846314e-08,9.782345198820564e-05,0.00018177828040991508,0.00019426804440982124,0.00054766154820416,0.0003218456623730215,0.00015481272856628106,-1.4817043096056026e-08,-0.00015482839801084057,-0.00032187183177362165,-0.0005476487461420158
599,-0.00019453251779715696,-0.00018171817960690396,-9.76803588255925e-05,2.179711319984629e-08,9.783305249782363e-05,0.0001817830104531373,0.00019427179060413206,0.0005476623681519363,0.00032184750905329425,0.00015481400605559908,-1.4174702900729485e-08,-0.0001548295658439071,-0.0003218730379137715,-0.000547649794586561
600,-0.00019452901140499615,-0.00018172456663963324,-9.76893930612509e-05,2.026784828634221e-08,9.783851867256289e-05,0.0001817877024767828,0.00019427564019711024,0.0005476632398247958,0.0003218486493636221,0.0001548152488125758,-1.392441056047878e-08,-0.00015483155832093424,-0.0003218741538298379,-0.0005476507731548427
601,-0.00019452466939002695,-0.00018173167454678797,-9.76967129903534e-05,1.8572104187314996e-08,9.784773506130387e-05,0.0001817929559172614,0.00019427992537483197,0.0005476642177225243,0.00032185032509908463,0.0001548170417098608,-1.386795439456064e-08,-0.00015483308848855543,-0.00032187508011809586,-0.0005476518360972097
602,-0.00019452029562146988,-0.0001817366584315219,-9.77063138270639e-05,1.59819487256698e-08,9.785583034346651e-05,0.00018179627039873687,0.0001942829182514766,0.0005476652336336801,0.0003218511849332125,0.00015481856116481723,-1.3526839748429449e-08,-0.0001548349545663124,-0.00032187646159633507,-0.0005476530689669957
603,-0.00019451572512450965,-0.0001817423055159982,-9.77166891685615e-05,1.3097044188255483e-08,9.786335100785522e-05,0.0001817999294701877,0.00019428726007925432,0.0005476661635059292,0.0003218531041257164,0.00015481976869000617,-1.3364219802395244e-08,-0.00015483676711311716,-0.00032187805964012156,-0.0005476541469852475
604,-0.00019451059619592803,-0.00018174712155893152,-9.772483143086188e-05,1.1278755211275596e-08,9.786944394994691e-05,0.00018180532904810633,0.00019429150585809361,0.0005476672272807069,0.00032185446340633376,0.00015482127632241677,-1.323093130910569e-08,-0.0001548385723323945,-0.0003218789903216588,-0.0005476551230331742
605,-0.00019450588925607647,-0.00018175295993340553,-9.773322017213716e-05,1.0613683520531225e-08,9.787691031796631e-05,0.00018181024674587053,0.00019429586873998775,0.0005476680737500167,0.0003218562330654835,0.00015482254703914788,-1.284509804357723e-08,-0.00015484002994847632,-0.00032187990967316005,-0.0005476562131676279
606,-0.00019449999517735607,-0.0001817577891191518,-9.774088710007387e-05,1.0051511473247167e-08,9.788344297385169e-05,0.00018181454993338396,0.00019429949191993354,0.0005476693075678261,0.0003218577375786658,0.00015482421482739952,-1.2209808820138528e-08,-0.00015484170830140854,-0.00032188095365505843,-0.0005476574031913794
607,-0.00019449398019263795,-0.00018176171728329462,-9.774896828868781e-05,8.250046499843778e-09,9.789059284047135e-05,0.00018181877749553569,0.00019430359943322753,0.0005476704386985124,0.0003218586458313561,0.00015482562692217095,-1.1803490971648012e-08,-0.00015484330281207356,-0.00032188218714915257,-0.0005476585363799702
608,-0.00019449015338776052,-0.00018176633297222123,-9.775604083931106e-05,6.0051656160445805e-09,9.78968497307807e-05,0.00018182265052685883,0.00019430966864436444,0.0005476712682421355,0.0003218603909112642,0.0001548272657032179,-1.1405034522816558e-08,-0.00015484498283213966,-0.00032188329333063693,-0.0005476591723880786
609,-0.00019448558655581265,-0.0001817688152298917,-9.776386348593646e-05,5.7219011298691096e-09,9.790396005960216e-05,0.00018182631929285835,0.00019431539886156636,0.0005476722451918408,0.00032186215791132384,0.00015482862957596835,-1.115334138476529e-08,-0.00015484647194109735,-0.00032188437874809586,-0.0005476600793690302
610,-0.00019448064591231273,-0.00018177272524631222,-9.777145751165506e-05,5.246915921198727e-09,9.790977304893979e-05,0.00018182931598229802,0.00019431841995486496,0.0005476733637669973,0.00032186301268161924,0.00015483024670739728,-1.0851799809878756e-08,-0.00015484810858562318,-0.0003218856444749866,-0.0005476613480787264
611,-0.00019447635150309493,-0.00018177744902354563,-9.777915602667777e-05,4.7840207847183494e-09,9.791686611377985e-05,0.000181834249709565,0.00019432207045491602,0.0005476743080214553,0.00032186438363911065,0.00015483154831350644,-1.013472395475752e-08,-0.00015484943616757432,-0.0003218863215718178,-0.000547662559745159
612,-0.00019447220721159942,-0.00018178279390214069,-9.778377132348747e-05,1.718670351363647e-09,9.792376423050638e-05,0.00018183940671687003,0.00019432647004604645,0.0005476752725774884,0.0003218662926345819,0.0001548334723270562,-9.799409967097044e-09,-0.00015485052579564468,-0.00032188685200248784,-0.000547663325794335
613,-0.00019446736132640183,-0.0001817879254316988,-9.779182276343288e-05,-1.7694134073894392e-10,9.792996498110287e-05,0.00018184193164434787,0.00019433020014188916,0.0005476763418554265,0.0003218677174675511,0.00015483468017596046,-9.80105003005662e-09,-0.00015485210902945541,-0.00032188823429001533,-0.0005476642561290344
614,-0.00019446319825664425,-0.00018179154000083606,-9.77997624205026e-05,-1.6609536353183284e-09,9.793576866899392e-05,0.00018184482436369348,0.00019433222966216436,0.0005476773500436599,0.0003218683256823873,0.00015483612124094057,-9.627817003120683e-09,-0.00015485383312567418,-0.00032188953023804315,-0.0005476652866998697
615,-0.00019445932599379147,-0.00018179530354484226,-9.780809839742311e-05,-3.6426663141949444e-09,9.794295196801358e-05,0.00018184772710270995,0.00019433590219169805,0.000547678223913159,0.00032187001448207524,0.0001548369566091272,-9.386101290249944e-09,-0.00015485514943770775,-0.00032189062518198146,-0.0005476659588022361
616,-0.00019445552419375614,-0.0001817990109215495,-9.781390023704452e-05,-6.609690895718272e-09,9.794846690022449e-05,0.00018185069146713507,0.00019433918724470094,0.00054767906663662,0.0003218715823740922,0.00015483865632264583,-9.469206495348767e-09,-0.00015485661059616007,-0.0003218916304798994,-0.000547666496354643
617,-0.00019445189069857409,-0.0001818026755890406,-9.782084194081673e-05,-8.233922307709291e-09,9.79549345277569e-05,0.00018185313175450316,0.00019434243317468264,0.0005476799394887282,0.00032187282322114854,0.00015484006594793188,-9.05812668008394e-09,-0.00015485782242676273,-0.00032189276415406316,-0.0005476671532886344
618,-0.00019444821320353987,-0.00018180650487666832,-9.782722732527568e-05,-9.699579642594502e-09,9.796029139054813e-05,0.00018185684261888343,0.00019434463035941917,0.0005476808497068329,0.00032187373563589294,0.00015484154091746698,-8.498185311587196e-09,-0.00015485931009518727,-0.00032189357811310607,-0.0005476679321245653
619,-0.0001944447951756142,-0.00018180939715266571,-9.783410371399637e-05,-1.0815049809537094e-08,9.796532827608924e-05,0.00018185929452197602,0.00019434674739664173,0.0005476815742048355,0.0003218745835156766,0.0001548425685286193,-8.26915607645687e-09,-0.00015486083315725726,-0.0003218947516273764,-0.0005476687673794516
620,-0.0001944415895410637,-0.0001818137555025554,-9.78400413078415e-05,-1.240021374410949e-08,9.797117658649047e-05,0.00018186023779959517,0.00019435006375003212,0.0005476824949668107,0.00032187569411356275,0.00015484389970612267,-8.112532628105024e-09,-0.00015486223642847404,-0.0003218960839702549,-0.0005476693556857958
621,-0.0001944377164900362,-0.00018181653458681482,-9.784779926601428e-05,-1.354102285528282e-08,9.797774009153328e-05,0.0001818639211468265,0.00019435397579600249,0.0005476836354389961,0.0003218763707479435,0.000154844806684762,-8.02349174102683e-09,-0.000154863436318606,-0.0003218968896051897,-0.0005476699471830481
622,-0.0001944346449732617,-0.00018181998796437538,-9.785345309923638e-05,-1.4996943429973303e-08,9.798117914303361e-05,0.00018186751226776667,0.00019435613030107946,0.0005476846784035035,0.0003218775622284139,0.0001548461470465314,-7.59052051163955e-09,-0.0001548646399453376,-0.0003218977807472132,-0.0005476707997335813
623,-0.00019443209570103808,-0.00018182277860524627,-9.785785357016681e-05,-1.6236387381201015e-08,9.798790775392567e-05,0.0001818706511833295,0.0001943591789509357,0.0005476857576010039,0.0003218788559566796,0.00015484750820469765,-7.077821157891167e-09,-0.0001548663203238028,-0.0003218987513382247,-0.0005476716294853072
624,-0.00019443048001188486,-0.00018182419026552824,-9.78641034388249e-05,-1.865931223620224e-08,9.799338542714846e-05,0.00018187416985131113,0.00019436240068395437,0.0005476866793572475,0.00032187987260775625,0.00015484879697087,-6.9502034022419735e-09,-0.00015486747231100456,-0.00032189940496569537,-0.0005476723368032756
625,-0.00019442709481143515,-0.00018182890623983224,-9.787100772301839e-05,-1.9751939085603662e-08,9.799782927625828e-05,0.00018187598515555727,0.00019436613905563134,0.0005476881395214313,0.00032188064561681145,0.00015484990227369847,-6.95259844377607e-09,-0.00015486902321027956,-0.0003219005319805726,-0.0005476729271675243
626,-0.00019442373594587232,-0.00018183317802843637,-9.787577926659378e-05,-2.1263116811597708e-08,9.800370693434418e-05,0.00018187804058707546,0.00019436962243309113,0.0005476896514800658,0.00032188097663884594,0.00015485150540675221,-6.9456133847201185e-09,-0.00015487028202584827,-0.0003219016220456587,-0.0005476734877730863
627,-0.00019442234243331258,-0.00018183571860118185,-9.788140025657648e-05,-2.3977247830132906e-08,9.800880946104407e-05,0.00018188078835124305,0.00019437233844367085,0.0005476908012937504,0.00032188219931159946,0.00015485260375201358,-7.007472942665627e-09,-0.0001548711285067193,-0.00032190255127047707,-0.0005476742418447955
628,-0.0001944214912637584,-0.00018183776303766307,-9.788730078650672e-05,-2.434516828174991e-08,9.801497451914964e-05,0.00018188351679527853,0.00019437395924610734,0.0005476918219450234,0.00032188336027034,0.00015485361883075863,-6.355538033667562e-09,-0.00015487274433403797,-0.00032190339336963,-0.0005476751320387956
629,-0.00019442064273458943,-0.00018183923468789132,-9.789504691811823e-05,-2.5366308456047448e-08,9.802019720111087e-05,0.00018188657085398363,0.00019437673473431976,0.0005476929989045496,0.0003218841442163485,0.00015485392394400647,-5.919851454995029e-09,-0.00015487397832526635,-0.0003219041705407394,-0.0005476758988047697
630,-0.0001944198341855817,-0.0001818418153294677,-9.790056293012846e-05,-2.5624276706617172e-08,9.802432340104158e-05,0.000181889649336252,0.00019437975147295318,0.0005476942787593017,0.000321885075614684,0.00015485512088601677,-5.37769644217189e-09,-0.00015487529505350532,-0.0003219048870614717,-0.0005476764831109175
631,-0.00019441964502365562,-0.00018184388430773842,-9.79068994999731e-05,-2.510146496650686e-08,9.802785682266821e-05,0.0001818924121545562,0.00019438213308071544,0.000547695369633676,0.0003218859872663851,0.00015485611518455068,-4.8541920628366205e-09,-0.00015487671133114112,-0.0003219057614165438,-0.0005476772478883547
632,-0.00019442064093163982,-0.0001818462586839979,-9.791110587303346e-05,-2.698808746859284e-08,9.803318319787714e-05,0.00018189528302175851,0.00019438461121032094,0.0005476964581957981,0.0003218869606320993,0.0001548570706094995,-4.756579449659589e-09,-0.00015487779973371777,-0.0003219066049030481,-0.0005476779056547569
633,-0.00019442089428054233,-0.00018184865097152725,-9.791869034311913e-05,-2.7702686624471536e-08,9.803933521267678e-05,0.00018189789416569544,0.00019438735302376963,0.000547697749103116,0.0003218880885487549,0.0001548581392654418,-4.731634001644608e-09,-0.00015487886398713176,-0.00032190756291540723,-0.0005476786107992082
634,-0.00019442217621712225,-0.00018185200379770153,-9.792363638068959e-05,-2.8942371816268083e-08,9.804278776265392e-05,0.00018189947569732792,0.0001943887395215746,0.0005476988812974385,0.0003218894470894516,0.00015485925523006546,-4.3995998212749236e-09,-0.00015487985955740444,-0.0003219088048954672,-0.0005476794983803633
635,-0.00019442468223825965,-0.00018185490672390943,-9.792862813731827e-05,-2.930942960674388e-08,9.804902709341636e-05,0.00018190113802671852,0.0001943905664021365,0.000547699805574037,0.00032188980595100337,0.00015486009904722186,-4.288477472129655e-09,-0.00015488117247736393,-0.0003219097341665306,-0.0005476803383522442
636,-0.00019442813435474073,-0.00018185833668282945,-9.793161974894252e-05,-3.10918770657135e-08,9.805258663022618e-05,0.00018190582090753764,0.00019439291646320675,0.000547700708022974,0.0003218905621962297,0.00015486110225948826,-4.038245766070136e-09,-0.00015488266177361406,-0.0003219099269621246,-0.0005476808926453574
637,-0.00019443108361576832,-0.00018186119744169135,-9.793700097913956e-05,-3.111710913562349e-08,9.805652455295691e-05,0.0001819081744464287,0.00019439604513249862,0.0005477016681626053,0.00032189142369517924,0.0001548624232353347,-3.5057241028040954e-09,-0.00015488335287575726,-0.00032191057305165296,-0.0005476813193483908
638,-0.00019443438373276003,-0.00018186507130059788,-9.79424832848591e-05,-3.2039302418698276e-08,9.806297795098047e-05,0.0001819105657388875,0.00019439780010197208,0.0005477026816921413,0.0003218925204889194,0.00015486340743163843,-3.442387766679771e-09,-0.00015488417112634036,-0.0003219114491640367,-0.000547681911909279
639,-0.00019443781588871704,-0.0001818661506467254,-9.794812191222095e-05,-3.4286921751326925e-08,9.80691698198334e-05,0.00018191336350288712,0.00019440015246845326,0.0005477036220620156,0.00032189384298160327,0.00015486410051075732,-3.453063837726524e-09,-0.00015488566600205524,-0.0003219124207955617,-0.000547682339213498
640,-0.000194442653961133,-0.00018186700425962114,-9.795252842845129e-05,-3.530409948080864e-08,9.807383984453807e-05,0.00018191635716770645,0.0001944007494516693,0.0005477042784410665,0.0003218951035752939,0.0001548650918264858,-3.004126521930511e-09,-0.00015488660273013218,-0.00032191334315299084,-0.0005476829831063866
641,-0.00019444712456680315,-0.00018186965001427925,-9.79575464628242e-05,-3.5855437277792e-08,9.807729488514723e-05,0.00018191744918374215,0.0001944013258536737,0.0005477049801402618,0.0003218956306531981,0.00015486578426973535,-2.8419673138955956e-09,-0.0001548871609795092,-0.00032191387670520133,-0.0005476836599951152
642,-0.0001944511299622136,-0.00018187379890674456,-9.796139368241137e-05,-3.71914277420999e-08,9.808372107538042e-05,0.0001819199260719725,0.00019440270536628048,0.0005477058307716256,0.00032189641418300117,0.00015486691457957207,-2.51432227343843e-09,-0.00015488873611118795,-0.00032191459052059853,-0.0005476840082896741
643,-0.0001944561445463518,-0.0001818761401599626,-9.796431488836081e-05,-3.7767877333535265e-08,9.808641259343158e-05,0.00018192180080459037,0.00019440448701546725,0.0005477064653692602,0.0003218971181250812,0.00015486799391349536,-2.51086596268312e-09,-0.00015488924343089652,-0.0003219151593809012,-0.0005476843205593427
644,-0.00019446120855889538,-0.00018187840472378314,-9.79692458639129e-05,-3.822164188492727e-08,9.808694543302075e-05,0.00018192396245250052,0.00019440584121781424,0.0005477071281763724,0.00032189802499042015,0.00015486876787288627,-1.91387956386196e-09,-0.00015489021657000995,-0.0003219161158440513,-0.0005476846425173482
645,-0.000194465066595195,-0.00018187968911355677,-9.797561748979738e-05,-3.864366853506433e-08,9.809203740113543e-05,0.0001819257244465809,0.00019440733001084201,0.0005477080671357728,0.0003218987109431776,0.00015486909291312416,-1.8605157354743914e-09,-0.00015489112187689087,-0.0003219172003366093,-0.000547685150866009
646,-0.00019447026691269933,-0.0001818825514192115,-9.79788392011412e-05,-4.069547239747697e-08,9.809463985544639e-05,0.0001819288564163543,0.0001944066276388175,0.0005477086598122738,0.0003218999736178953,0.000154870339355831,-1.704558853286398e-09,-0.0001548918476605058,-0.00032191743676440363,-0.0005476861365329053
647,-0.00019447641030092695,-0.000181884086655433,-9.798261668598728e-05,-4.1402062861049896e-08,9.809782447331875e-05,0.00018193229522253524,0.0001944069545736797,0.0005477090182344976,0.00032190072301885493,0.00015487135222868735,-1.6607557760703267e-09,-0.00015489269596574386,-0.0003219176718973366,-0.000547687005292327
648,-0.00019448191725779523,-0.00018188659665685261,-9.798479907175877e-05,-4.242683763003318e-08,9.810181660276391e-05,0.00018193551556639598,0.0001944076966894131,0.0005477095051254575,0.00032190151286110664,0.00015487237400371495,-1.3188920316533555e-09,-0.00015489413536127786,-0.00032191781534946726,-0.0005476877065059493
649,-0.00019448615296770283,-0.00018188897323014904,-9.79895193889053e-05,-4.197917244435661e-08,9.810505945590863e-05,0.00018193638309057502,0.00019440913374862455,0.0005477101067272521,0.00032190174299957477,0.0001548734632155799,-1.294951306869142e-09,-0.00015489474162226087,-0.0003219186733569158,-0.0005476883390688018
650,-0.00019449019012655335,-0.00018188957323798545,-9.799191401632827e-05,-4.223268332270923e-08,9.810900692047921e-05,0.0001819383699114863,0.0001944099939920399,0.0005477106391927042,0.0003219024799143721,0.00015487440292877454,-7.57191239237798e-10,-0.0001548958118135387,-0.0003219197728791136,-0.0005476890445600909
651,-0.00019449402096097392,-0.00018189140603970975,-9.799659716315633e-05,-4.438415868277723e-08,9.81131265322547e-05,0.00018194034843685894,0.00019441174569058837,0.0005477110606238022,0.0003219034519621024,0.00015487552701634044,-1.130027156917298e-09,-0.00015489603950795614,-0.0003219204030372238,-0.0005476897023727382
652,-0.000194497688791016,-0.00018189367651484046,-9.799878367206667e-05,-4.825551623023611e-08,9.811466905416602e-05,0.00018194234294247348,0.00019441310933132727,0.0005477115542896611,0.0003219045327088119,0.00015487651324973844,-1.4315828790649773e-09,-0.00015489664590998656,-0.000321920857741632,-0.0005476903842790541
653,-0.00019450148973391133,-0.00018189511573168013,-9.800205566600017e-05,-4.8593649576999944e-08,9.811887523116793e-05,0.00018194449793030744,0.0001944150082412038,0.0005477120472387218,0.0003219052547095821,0.00015487744577182856,-1.3424425524219325e-09,-0.00015489772427276387,-0.00032192132837745833,-0.0005476910528899195
654,-0.0001945061972057808,-0.00018189680413980088,-9.800482160350573e-05,-4.9689685046476836e-08,9.812038202019438e-05,0.000181946605795147,0.00019441686801820694,0.0005477122842445792,0.00032190580541870443,0.0001548787076904398,-1.0403904606525152e-09,-0.00015489841924561738,-0.00032192179901328476,-0.0005476916713711558
655,-0.00019451131351371517,-0.00018189874743376478,-9.800838577970885e-05,-5.05379147080895e-08,9.81234711221315e-05,0.00018194811590830024,0.00019442035246955474,0.0005477122935629558,0.00032190630680748594,0.00015487976748351917,-1.1631780232871227e-09,-0.0001548991427932844,-0.0003219224575889753,-0.000547692089796326
656,-0.00019451553468179973,-0.00018190082479624376,-9.801065932379478e-05,-5.1987690514261425e-08,9.812554645013459e-05,0.00018195148665559654,0.00019442325233173354,0.0005477126054395415,0.00032190736605024927,0.00015488096272371182,-9.875866040155132e-10,-0.000154899755255728,-0.00032192258610395626,-0.0005476925039438295
657,-0.00019451783871346796,-0.00018190306866062647,-9.801366347921924e-05,-5.326290404482483e-08,9.812973069617568e-05,0.00018195502043682788,0.00019442690073326945,0.0005477132664199744,0.00032190844531711726,0.00015488191599132925,-1.2406172522741885e-09,-0.00015490032936715554,-0.0003219227605865123,-0.0005476928958012211
658,-0.00019451985124857856,-0.00018190564519384226,-9.801779406731253e-05,-5.489645580205489e-08,9.813230778505462e-05,0.00018195694204613556,0.0001944279975965795,0.0005477139114458667,0.00032190897725075117,0.00015488285899254662,-1.2091991493926834e-09,-0.0001549015324435711,-0.0003219232075911205,-0.0005476937350331813
659,-0.00019452249310177193,-0.0001819076615417479,-9.802085632106398e-05,-5.536765626334201e-08,9.813169432898752e-05,0.0001819585782573873,0.0001944302494018222,0.0005477143004823106,0.0003219094811598876,0.00015488348575164602,-1.4863357563525032e-09,-0.00015490188756158647,-0.00032192374525914005,-0.0005476944546985767
660,-0.00019452480960630464,-0.00018191083318626485,-9.802348665212857e-05,-5.692696132124324e-08,9.813231721162394e-05,0.0001819610436678237,0.00019443290276236608,0.0005477147919052848,0.0003219104408370683,0.00015488455611403052,-1.4220853563160972e-09,-0.0001549021382513527,-0.00032192431795778143,-0.0005476950358369388
661,-0.0001945265913343089,-0.00018191236045206978,-9.802634470558084e-05,-5.780498716354066e-08,9.81343667879894e-05,0.00018196233289501955,0.00019443512914897498,0.0005477152391411182,0.0003219116440406578,0.00015488557743354443,-1.5057518123959302e-09,-0.00015490290707985584,-0.00032192475088077327,-0.0005476958993244253
662,-0.00019452958630946865,-0.00018191327957213464,-9.802906055556994e-05,-5.897839122136545e-08,9.813708438772634e-05,0.00018196325057666553,0.000194435546684518,0.0005477154192424472,0.0003219122094094595,0.00015488667021090237,-1.6264433872328662e-09,-0.00015490416325020795,-0.0003219255120279744,-0.0005476971326797844
663,-0.00019453210308919059,-0.00018191594180949597,-9.803205273566519e-05,-6.027642928214399e-08,9.813977561513808e-05,0.0001819644223461279,0.0001944393670559195,0.0005477155236868822,0.0003219130104430122,0.00015488755337796783,-1.8086170468675706e-09,-0.00015490442222939856,-0.0003219261954372544,-0.0005476978544030843
664,-0.0001945342541460033,-0.0001819181904718921,-9.803461487878153e-05,-6.143602176666579e-08,9.814159361001555e-05,0.00018196493355623309,0.00019444256333089562,0.0005477157683462944,0.00032191365008135675,0.00015488895226515434,-1.6357332697744514e-09,-0.00015490544105630454,-0.00032192658167587294,-0.0005476985607036617
665,-0.00019453626211955288,-0.000181919602930201,-9.803771005163421e-05,-6.098630319478433e-08,9.814364617060744e-05,0.00018196550831292278,0.00019444609855054576,0.0005477160155029393,0.00032191446091885904,0.00015488940534173697,-1.46956087612561e-09,-0.00015490638845542571,-0.000321926984655198,-0.0005476993323253655
666,-0.00019453859055508,-0.00018192135957454568,-9.804073878727165e-05,-6.083618163213856e-08,9.814446753435044e-05,0.00018196829855970633,0.000194448135154541,0.0005477162378259946,0.0003219150549364663,0.00015489021096279818,-1.3257248186542746e-09,-0.00015490697002155457,-0.00032192693720778143,-0.000547700250543863
667,-0.0001945410893447146,-0.00018192315708574812,-9.804430469647387e-05,-6.404373013879825e-08,9.814517337138797e-05,0.00018197069378318639,0.00019445091583485417,0.0005477163301079827,0.0003219157644048293,0.00015489123971851537,-1.8721936754383477e-09,-0.00015490704174761987,-0.00032192713684764217,-0.0005477011627736273
668,-0.00019454426233898072,-0.00018192413633368975,-9.804640113967695e-05,-6.488815940135609e-08,9.8145690076056e-05,0.0001819717722130608,0.00019445395627784148,0.0005477163376690475,0.00032191619612544997,0.00015489238515741872,-1.9022914526325537e-09,-0.00015490693128901683,-0.0003219276464449192,-0.0005477018572123505
669,-0.0001945464999866355,-0.0001819248426662921,-9.804925806209853e-05,-6.461050936469267e-08,9.81487055959743e-05,0.00018197333697627673,0.00019445819056903462,0.000547716506902791,0.0003219167596213274,0.00015489312605853898,-1.8398575206570316e-09,-0.00015490767915926542,-0.0003219280431117955,-0.0005477024826765886
670,-0.000194547726002221,-0.0001819266807783434,-9.805292166456859e-05,-6.464658949470918e-08,9.814990204023058e-05,0.00018197587107613756,0.00019445984920385637,0.0005477167732048845,0.00032191742425511884,0.00015489398733088772,-1.570970087564739e-09,-0.00015490822002512986,-0.00032192807763372185,-0.0005477034005713709
671,-0.0001945495666856922,-0.00018192738946561766,-9.805575411318075e-05,-6.413655377965675e-08,9.81516010276261e-05,0.00018197684173297505,0.0001944633702757708,0.0005477169174663034,0.00032191793327433283,0.00015489512814991104,-1.6806717008899695e-09,-0.00015490849953943286,-0.0003219285631835753,-0.0005477040994496184
672,-0.00019455152988106709,-0.00018192752487402973,-9.805802951144765e-05,-6.4635829668789e-08,9.81529595393182e-05,0.0001819781907038125,0.00019446683078631235,0.0005477170230899869,0.0003219189189874741,0.00015489580621788819,-1.589866931454389e-09,-0.00015490878041102797,-0.0003219289712036103,-0.0005477046793393645
673,-0.00019455311782647113,-0.000181930043762119,-9.806127575669918e-05,-6.477689524609576e-08,9.815333736760548e-05,0.00018197945904437898,0.00019447162308548302,0.0005477171412229552,0.00032191964043330377,0.00015489653337729325,-1.55048846294448e-09,-0.0001549093776912232,-0.00032192948336748735,-0.000547705104816904
674,-0.0001945537330362269,-0.0001819318439432632,-9.806355803868679e-05,-6.498170931563669e-08,9.815357311262629e-05,0.00018198106508824437,0.0001944750677832698,0.0005477174955293701,0.00032191996708518146,0.00015489711996563403,-1.249275086393086e-09,-0.00015491009795086746,-0.00032192980851640106,-0.0005477057936830993
675,-0.00019455385293730193,-0.00018193355963208043,-9.806700123795643e-05,-6.4553959406895e-08,9.815428612008308e-05,0.00018198412461491138,0.00019448052767625674,0.0005477178808430878,0.00032192033353092066,0.00015489816761476448,-1.2756047027446755e-09,-0.00015491076621027054,-0.0003219297822723378,-0.0005477061581403015
676,-0.0001945542860787039,-0.00018193521738020565,-9.806950198127904e-05,-6.398013925490162e-08,9.815377591391539e-05,0.00018198662102031756,0.00019448408144756874,0.0005477182359819134,0.00032192074871893766,0.0001548991363790966,-9.248732002593154e-10,-0.00015491166292250978,-0.00032192980918695425,-0.0005477068020100677
677,-0.00019455486889447988,-0.00018193613562342612,-9.807065317445582e-05,-6.33749477107668e-08,9.815616096797152e-05,0.000181988186295847,0.00019448841554138224,0.0005477185928086832,0.00032192129882687446,0.00015489914563273017,-6.436901817535026e-10,-0.000154911855188598,-0.0003219300424238403,-0.0005477073628931
678,-0.0001945543823739469,-0.00018193657185841373,-9.807077015534361e-05,-6.598791804650193e-08,9.815861967793782e-05,0.00018198960112853217,0.00019449265511334586,0.0005477191969770779,0.000321922041059852,0.00015489965297093674,-8.614449845714158e-10,-0.00015491206975173482,-0.0003219303280101178,-0.0005477076734748244
679,-0.00019455478508195357,-0.00018193736487052785,-9.807196451684826e-05,-6.574264310008574e-08,9.81622434588668e-05,0.00018199103675917697,0.00019449764251530937,0.0005477195132006979,0.00032192262439485384,0.00015490059517673935,-6.514404093409784e-10,-0.00015491300715036498,-0.0003219306849756227,-0.0005477078289044218
680,-0.0001945564446625849,-0.00018194016519609523,-9.807421098614831e-05,-6.508668041913277e-08,9.816352607130649e-05,0.0001819923379764803,0.00019450152808846228,0.0005477196818563782,0.00032192338410845853,0.00015490115245265812,-2.1673398941672427e-10,-0.0001549137809062777,-0.0003219309808976678,-0.0005477080589966449
681,-0.00019455644355914034,-0.00018194189329866388,-9.807841298286869e-05,-6.498745619288117e-08,9.816331348285815e-05,0.00018199466061892344,0.00019450542777979432,0.0005477202302070032,0.0003219235690192723,0.0001549016207901057,-5.8046000843745473e-11,-0.00015491395859361536,-0.0003219310720466522,-0.0005477082939908428
682,-0.00019455608429926356,-0.00018194350492871744,-9.808003020797732e-05,-6.493346585505559e-08,9.816514796339451e-05,0.00018199677529162191,0.00019450621942245492,0.0005477208896382271,0.000321923820731054,0.00015490229778288556,1.0372815414984897e-10,-0.00015491464133234213,-0.0003219310334551618,-0.000547708896147578
683,-0.0001945567267108984,-0.00018194437519180353,-9.80811325983624e-05,-6.456851495109755e-08,9.816695050610717e-05,0.00018199778900250196,0.00019450782437272794,0.0005477213050805919,0.0003219242031082113,0.0001549028880014624,3.0495874080642424e-10,-0.0001549147248948268,-0.000321931350881153,-0.0005477092413668414
684,-0.0001945573285610932,-0.00018194495604699495,-9.80832678286273e-05,-6.48630323498125e-08,9.816675315701647e-05,0.00018199803720856463,0.000194509094782253,0.0005477218006887427,0.00032192471594264156,0.0001549040000121347,4.775166791022292e-10,-0.00015491499756023857,-0.000321931870120522,-0.0005477094631580788
685,-0.00019455787462822414,-0.00018194763983108193,-9.808389467775285e-05,-6.444340905317746e-08,9.816881251857075e-05,0.0001819973705014449,0.00019451106322884175,0.0005477222671625149,0.00032192468844996215,0.00015490402614289756,6.773574473528542e-10,-0.00015491563579504597,-0.0003219326400080366,-0.0005477095640647677
686,-0.00019455921816065623,-0.00018195002854226862,-9.808507475851731e-05,-6.446223721061192e-08,9.816943995390125e-05,0.00018199968053309298,0.00019451086059898065,0.0005477225527950374,0.00032192471298295866,0.00015490461122364985,1.0521486519327655e-09,-0.0001549160664080978,-0.00032193266331553947,-0.0005477099904209631
687,-0.00019456036871836718,-0.00018195012706410515,-9.808892765099183e-05,-6.37147814212762e-08,9.816969910573995e-05,0.00018200250344971744,0.00019451168030066026,0.000547722887401063,0.0003219253322966057,0.00015490547219771804,1.28112582413671e-09,-0.00015491647250665113,-0.0003219326559394548,-0.000547710262573055
688,-0.0001945611220655899,-0.00018195066056970194,-9.809185417909088e-05,-6.274514895176558e-08,9.817221072685854e-05,0.0001820040387351999,0.00019451270313466235,0.00054772331276299,0.0003219257983541726,0.0001549057074393269,1.6923920216632694e-09,-0.00015491634116378565,-0.00032193281529988097,-0.0005477103265761977
689,-0.0001945619878163759,-0.0001819508731699729,-9.809464934014358e-05,-6.037615748305712e-08,9.81758271048567e-05,0.00018200526785422326,0.00019451466409359158,0.0005477237272110861,0.00032192634501685346,0.00015490577163669884,2.3554710842529853e-09,-0.00015491598042006053,-0.00032193299211781177,-0.00054771022439777
690,-0.00019456312678791884,-0.00018195045288567057,-9.809655003720627e-05,-5.997910922584979e-08,9.817637180746022e-05,0.00018200724345349733,0.0001945142225088682,0.0005477241100275714,0.000321927022969218,0.0001549059227585702,2.651553823927303e-09,-0.00015491646889260086,-0.000321932914310523,-0.0005477104672998706
691,-0.0001945661259108479,-0.00018195234372660876,-9.810067873565074e-05,-6.000789583160119e-08,9.817690124410519e-05,0.00018200745152176383,0.0001945135759199075,0.0005477240001030987,0.0003219270755035895,0.00015490667974371727,2.7451132686022783e-09,-0.00015491697895232836,-0.00032193339666946837,-0.0005477107438683642
692,-0.0001945687813797591,-0.00018195460361064203,-9.810398478562747e-05,-6.166895398607577e-08,9.817724309615866e-05,0.00018200793515560698,0.00019451294886782693,0.0005477241006629497,0.00032192703635715867,0.0001549076543395496,2.881780164312947e-09,-0.0001549174759408938,-0.00032193394134361227,-0.0005477108870430245
693,-0.00019456967697280937,-0.00018195576446388488,-9.81069838592956e-05,-6.044815026976116e-08,9.817826699518182e-05,0.0001820090448957211,0.00019451303473945965,0.0005477245796691293,0.0003219272364594698,0.00015490777372575862,3.1734543837011482e-09,-0.00015491782216829915,-0.0003219341641753632,-0.0005477109634629619
694,-0.0001945711850268562,-0.00018195661627383103,-9.81082597229895e-05,-5.999987757972163e-08,9.817919951520161e-05,0.0001820101492959516,0.00019451011464089563,0.0005477250146731482,0.00032192749261077586,0.00015490756494325247,3.5242554453477292e-09,-0.00015491816723264164,-0.000321934272643117,-0.0005477114572444335
695,-0.00019457339120663642,-0.00018195674646058577,-9.811016777175162e-05,-5.932859993938345e-08,9.818106233554428e-05,0.00018201115235662112,0.00019450881034971103,0.0005477253580888549,0.00032192781239526435,0.00015490781066167632,3.8862766130784556e-09,-0.0001549182495603836,-0.0003219344412525523,-0.0005477117780694355
696,-0.0001945763214529496,-0.00018195646850092847,-9.811187200642014e-05,-5.972853993859982e-08,9.81822191750075e-05,0.0001820123032493063,0.00019450730510353655,0.0005477256345417358,0.000321928278753424,0.00015490831475810523,4.1445392764869705e-09,-0.00015491851860249608,-0.00032193449276953276,-0.0005477119350019968
697,-0.0001945794535902101,-0.00018195666667760257,-9.811507526166832e-05,-5.974509031945025e-08,9.818377581903887e-05,0.00018201336741321882,0.0001945074847581054,0.0005477258142268595,0.0003219285907687449,0.00015490841705908227,4.30998891915532e-09,-0.00015491872910763018,-0.00032193463950506166,-0.0005477118302800916
698,-0.00019458297816950191,-0.0001819570185581938,-9.81183760358007e-05,-6.027558560024936e-08,9.818489945467275e-05,0.0001820139938446118,0.0001945050200570262,0.000547726093708791,0.00032192886127913755,0.0001549090330569596,4.484083845985288e-09,-0.0001549190297119861,-0.00032193483371112955,-0.000547712220264559
699,-0.00019458574617990692,-0.00018195703577981082,-9.812150171002874e-05,-6.045923396257359e-08,9.818640248903204e-05,0.00018201427044466778,0.00019450346795386625,0.0005477265036479953,0.0003219291417322149,0.0001549091774640504,4.677133992819897e-09,-0.000154919235403011,-0.0003219351578426523,-0.0005477126529100806
700,-0.0001945882592552078,-0.00018195830427801223,-9.812281246424582e-05,-6.043071287415675e-08,9.818606155126118e-05,0.0001820165166144614,0.00019450232667691234,0.0005477270505650239,0.0003219292157242875,0.00015490965171392705,5.09319855920879e-09,-0.00015491980566222622,-0.00032193491521802193,-0.0005477128014954112
701,-0.0001945909980144796,-0.0001819602943501441,-9.812459473214972e-05,-5.938071474065294e-08,9.818800885801949e-05,0.00018201904991629536,0.00019450328605299954,0.0005477276068235517,0.0003219290635780883,0.00015490991179837425,5.5725700380806904e-09,-0.00015491978645434666,-0.0003219345608422396,-0.0005477126617660067
702,-0.00019459379640901896,-0.00018196065767897272,-9.812648629525294e-05,-6.068191724400216e-08,9.818981259974288e-05,0.00018201873033116213,0.00019450239343530876,0.0005477282128648707,0.00032192942741098246,0.00015491023370782254,5.471031079276371e-09,-0.00015491986718663457,-0.00032193484291389353,-0.0005477128423529088
703,-0.00019459716636814056,-0.0001819611882978797,-9.812949750287045e-05,-6.168812308029585e-08,9.819095411709011e-05,0.00018201810979137498,0.000194501930156077,0.0005477286244226518,0.00032192954170561205,0.00015491021979500066,5.4067079379340525e-09,-0.00015492008010344776,-0.0003219353108675073,-0.0005477130239803243
704,-0.0001946017374463796,-0.00018196122562780357,-9.813179966459423e-05,-6.210667637757e-08,9.81921021999325e-05,0.00018201776288613648,0.00019450063256437727,0.0005477289134310625,0.00032192987319009693,0.0001549110335575021,5.6962723385795476e-09,-0.00015492023935288586,-0.00032193560008402075,-0.000547713183363873
705,-0.00019460448665881822,-0.00018196077225001638,-9.813144870813784e-05,-6.328435083976712e-08,9.819413598915889e-05,0.00018201784716171543,0.00019450046774719702,0.0005477295762381747,0.0003219302944362149,0.00015491126809618626,5.655593022263616e-09,-0.00015492018216857505,-0.000321935867033545,-0.0005477133469788435
706,-0.00019460738310228925,-0.00018196252651013262,-9.813403114281162e-05,-6.528447283443116e-08,9.819392900364738e-05,0.00018201763293583417,0.00019449745172777302,0.0005477302899148368,0.00032193036801208197,0.0001549115358318762,5.4137323674781224e-09,-0.00015492067970051979,-0.000321936182332264,-0.0005477139799116564
707,-0.00019461310544759646,-0.0001819637516882825,-9.813658663767444e-05,-6.527426589433822e-08,9.819459914523835e-05,0.00018201777809790805,0.00019449615651044954,0.0005477303818037419,0.00032193032262257005,0.00015491156324362685,5.623545204692513e-09,-0.00015492109517988055,-0.00032193642590491777,-0.0005477143870067904
708,-0.00019461935401773672,-0.00018196488346773138,-9.813826460149527e-05,-6.547561746910781e-08,9.81947548363409e-05,0.00018201799142724063,0.00019449418660573761,0.0005477304104756699,0.00032193044246660497,0.0001549120642555112,5.8121649647337715e-09,-0.00015492144639712632,-0.00032193661969478023,-0.0005477147036003707
709,-0.00019462431328186376,-0.0001819651551712521,-9.81402564085967e-05,-6.587759056691248e-08,9.819604701131003e-05,0.00018201723425737064,0.00019449389820276565,0.0005477307315318972,0.00032193091243187816,0.00015491237753563402,5.968546790816639e-09,-0.00015492153941209824,-0.00032193707999483894,-0.0005477149307097884
710,-0.0001946295817469224,-0.00018196524604779403,-9.814186480713398e-05,-6.675106722646379e-08,9.819663463199596e-05,0.0001820158051390192,0.00019449203315484426,0.0005477310337201459,0.00032193123644778834,0.00015491273117149571,6.040995476580199e-09,-0.00015492182208956233,-0.0003219376218711576,-0.0005477154077505535
711,-0.00019463513578737632,-0.00018196539885516244,-9.814359771461261e-05,-6.676697384494501e-08,9.819837001237265e-05,0.00018201671449557,0.0001944912827238679,0.0005477311824442117,0.00032193153741054333,0.00015491295029901848,6.200859336762392e-09,-0.00015492181021152247,-0.0003219377003027545,-0.0005477158914968502
712,-0.00019464115632872601,-0.000181966357068692,-9.814344583433467e-05,-6.693306034902878e-08,9.819864865478628e-05,0.00018201794528946457,0.000194490314352737,0.0005477313163929855,0.0003219317163095012,0.00015491363984039143,6.4965919168151144e-09,-0.0001549221196602433,-0.0003219376232353865,-0.0005477163654854423
713,-0.0001946471298948641,-0.00018196750672000206,-9.814373533976599e-05,-6.578836277308664e-08,9.81980394322025e-05,0.00018201668266316464,0.00019449048412556563,0.0005477313735056165,0.00032193175846186,0.0001549141487231825,6.984412316218173e-09,-0.0001549226262747149,-0.00032193825591385165,-0.0005477167209248608
714,-0.00019465285208253636,-0.00018196714711529884,-9.814422935781073e-05,-6.677946020595142e-08,9.819905189382565e-05,0.00018201588639982992,0.0001944904388252252,0.0005477316470219371,0.00032193221584848083,0.0001549146545977334,6.860631915930632e-09,-0.0001549227911198035,-0.00032193873408762036,-0.0005477170408480843
715,-0.0001946595037547706,-0.00018196726300653512,-9.81458485425187e-05,-6.76519122482554e-08,9.820064511507403e-05,0.00018201601438954773,0.00019448971422667433,0.0005477315577921221,0.00032193252370174764,0.0001549147504035938,6.795625902907052e-09,-0.0001549227786798863,-0.00032193912185232547,-0.0005477176835386019
716,-0.00019466656243056363,-0.00018196747502552727,-9.814702768929614e-05,-6.818968500903853e-08,9.820152136730259e-05,0.0001820164443092856,0.00019448887802258713,0.0005477313201157116,0.0003219328453360379,0.00015491520863881124,6.959240228172777e-09,-0.00015492290519245682,-0.00032193935212952875,-0.000547718259058191
717,-0.00019467196702324378,-0.00018196711259324734,-9.814946506435875e-05,-6.851805344279582e-08,9.82029627900462e-05,0.00018201624846757904,0.00019449059799710424,0.000547731413785051,0.00032193324924026384,0.00015491507502762627,7.0851057368567255e-09,-0.0001549228501631651,-0.000321939796752517,-0.0005477183879200098
718,-0.00019467669117486017,-0.000181969372979742,-9.815091592450905e-05,-6.90560897613142e-08,9.820159113357067e-05,0.00018201606528592845,0.00019449065813483324,0.0005477317065393104,0.0003219330475887437,0.0001549153511105469,7.236600567135825e-09,-0.00015492352082037376,-0.0003219402481504045,-0.0005477188554342955
719,-0.00019468124276547993,-0.00018197137250011797,-9.81498084385746e-05,-6.896170270698892e-08,9.820091352993582e-05,0.00018201810958447912,0.00019449176965819257,0.0005477318480491492,0.00032193282348525403,0.0001549160896994149,7.4176002246843266e-09,-0.00015492401583890028,-0.00032194023369882787,-0.0005477193521060825
720,-0.00019468585082881641,-0.00018197306408064185,-9.815043509952345e-05,-6.862937609539657e-08,9.820063174566083e-05,0.00018201996307578907,0.0001944927422263537,0.0005477320098374402,0.00032193274685721386,0.00015491666719829198,7.750171914684282e-09,-0.00015492444745315737,-0.0003219402105763052,-0.000547719761744694
721,-0.00019468923380267262,-0.00018197348873931368,-9.815382795019378e-05,-6.897569297821374e-08,9.82014858058457e-05,0.0001820211921652559,0.00019449499434686626,0.0005477323057132403,0.00032193293535201864,0.0001549172636275784,7.758286435674067e-09,-0.0001549246082124962,-0.00032194037488495126,-0.0005477201957313219
722,-0.00019469223893543372,-0.0001819735485026597,-9.815375561250577e-05,-7.008106259859757e-08,9.820182560568934e-05,0.00018202210214249428,0.00019449589826501173,0.0005477327178953293,0.0003219332591598261,0.00015491734064176463,7.666880509228611e-09,-0.0001549249071173467,-0.0003219405775307399,-0.0005477207973331167
723,-0.00019469481339969095,-0.00018197332901571234,-9.815495238976586e-05,-6.942790297325207e-08,9.820243155242207e-05,0.00018202377403835518,0.00019449844941900243,0.0005477330198292303,0.0003219335710132893,0.0001549173514168602,7.980941766844629e-09,-0.00015492515410750932,-0.00032194067651825943,-0.000547721243459069
724,-0.0001946983434272403,-0.00018197447906110974,-9.815632700091125e-05,-6.921449030501286e-08,9.820164806145823e-05,0.00018202578865227653,0.00019450000272412874,0.0005477331156258417,0.0003219336230620878,0.0001549176051842342,8.30424211720195e-09,-0.0001549257366794679,-0.0003219405688135489,-0.0005477216613986661
725,-0.00019470172890355118,-0.0001819759225735015,-9.815787308931308e-05,-6.978703102386622e-08,9.820352389259461e-05,0.00018202607330156654,0.00019450319556069273,0.0005477331326902634,0.000321933500882678,0.00015491777889218571,8.382972287358304e-09,-0.00015492566811656366,-0.00032194091942036005,-0.0005477218800683631
726,-0.00019470403081699988,-0.00018197536511724627,-9.815938890293974e-05,-7.062079859711998e-08,9.820495722373978e-05,0.0001820266118120726,0.00019450507604698586,0.0005477333718002703,0.00032193390224342645,0.00015491800156439126,8.428025093107288e-09,-0.00015492575574861233,-0.0003219411730513112,-0.0005477221463935791
727,-0.00019470622423820228,-0.00018197386868877612,-9.816181332829216e-05,-7.061762941958984e-08,9.820593378794657e-05,0.0001820272781349572,0.00019450756985141558,0.0005477333921480903,0.0003219344320729108,0.00015491787007816614,8.566049922779677e-09,-0.0001549259496540874,-0.0003219414523482625,-0.0005477223785437066
728,-0.00019470862229911128,-0.00018197474959222057,-9.81626590436775e-05,-7.140137999142289e-08,9.820659929999643e-05,0.00018202739277496614,0.00019450996174485757,0.0005477334521510366,0.00032193440802548727,0.00015491814899590802,8.749756453821526e-09,-0.00015492616716072135,-0.000321941731922684,-0.0005477224196555519
729,-0.0001947095333994986,-0.00018197558851551049,-9.816336935459162e-05,-7.184645916509778e-08,9.820778179750154e-05,0.00018202958359519203,0.00019451291577434208,0.000547733711770721,0.0003219343488318292,0.0001549183949848654,8.87213060540501e-09,-0.00015492626851829947,-0.00032194149766840693,-0.0005477224511021828
730,-0.00019471041270688932,-0.00018197594506603676,-9.816389848483365e-05,-7.249670156280558e-08,9.820632414230016e-05,0.0001820313798354628,0.00019451342637361187,0.0005477339876917841,0.0003219344240262729,0.0001549186961279761,8.946324547039088e-09,-0.00015492703332579594,-0.0003219413303769554,-0.0005477228376182717
731,-0.00019471293166394387,-0.00018197563653505358,-9.816485959391999e-05,-7.2285540577642e-08,9.820543826448818e-05,0.00018203210571479753,0.00019451515555006854,0.000547733803035318,0.00032193462375862376,0.0001549188096156296,9.143968433659249e-09,-0.00015492762716535978,-0.0003219414849278969,-0.0005477231080592968
732,-0.0001947146265646536,-0.0001819754246736964,-9.816651432333611e-05,-7.087651887396122e-08,9.820473953284551e-05,0.00018203283032320057,0.00019451691411558902,0.0005477338849584159,0.0003219348200225961,0.0001549187833368826,9.628538575893032e-09,-0.00015492814942684249,-0.00032194158502529753,-0.0005477231669986071
733,-0.00019471529791215182,-0.00018197506558130673,-9.816785300553818e-05,-7.050030352607386e-08,9.820474176239465e-05,0.00018203407123528774,0.00019451819981570307,0.0005477341804642555,0.00032193499795040803,0.00015491881412220927,9.790973703141117e-09,-0.00015492847090158737,-0.0003219415226638539,-0.0005477235283342688
734,-0.00019471741511686153,-0.00018197474558238183,-9.8167529978052e-05,-7.150471665311941e-08,9.820439295568475e-05,0.00018203358124678615,0.00019451714588820937,0.0005477341778745329,0.00032193516112605046,0.00015491931745790716,9.773914767232166e-09,-0.00015492888017717532,-0.00032194183840190087,-0.0005477242690180373
735,-0.00019471998282252076,-0.00018197483384809515,-9.81695367998813e-05,-7.282118638695017e-08,9.820494696663135e-05,0.00018203337951347374,0.0001945187272030938,0.000547734015161341,0.00032193515647842345,0.00015491904983551757,9.644919801761455e-09,-0.00015492907462140516,-0.00032194212778027207,-0.0005477245038735
736,-0.0001947217729248811,-0.00018197578388431227,-9.817165462035245e-05,-7.236690021268007e-08,9.82045540004639e-05,0.00018203350524704145,0.0001945195930819582,0.0005477341224267236,0.0003219350478025669,0.00015491882738528825,1.0000548471787041e-08,-0.00015492947170679916,-0.0003219422703768693,-0.000547724658493809
737,-0.00019472324328447327,-0.0001819748284392463,-9.817228116603076e-05,-7.118565265805363e-08,9.820517008115272e-05,0.00018203386563991937,0.00019452124837688966,0.0005477342566529678,0.0003219353373890408,0.00015491891117899818,1.0459200398702583e-08,-0.00015492965052714045,-0.0003219424165112126,-0.0005477248612089652
738,-0.00019472408519297487,-0.00018197438046045579,-9.817155461773275e-05,-7.012933468469825e-08,9.820437776361756e-05,0.00018203476964673447,0.00019452100055506217,0.0005477344672297816,0.00032193554523739703,0.00015491936411684567,1.0824410690196133e-08,-0.00015493021103096338,-0.0003219423713298033,-0.0005477252301750595
739,-0.0001947251930710262,-0.00018197483810423846,-9.817132945297198e-05,-6.982305420037949e-08,9.820323547582959e-05,0.00018203569061900983,0.00019452117380571162,0.0005477343746472009,0.00032193548005500565,0.00015491967441647533,1.1017343893485007e-08,-0.00015493082520678592,-0.000321942432720101,-0.0005477255851520274
740,-0.00019472614840771815,-0.00018197517699965163,-9.817082607929366e-05,-6.983345252111025e-08,9.820400327522052e-05,0.00018203570356477915,0.00019452115001268813,0.0005477343729823793,0.0003219354870380075,0.00015492006089788045,1.1219902167311739e-08,-0.00015493097673330148,-0.0003219426093761741,-0.0005477257806529565
741,-0.00019472523618418186,-0.00018197593470153955,-9.817176062098154e-05,-6.931719581612046e-08,9.820511849906001e-05,0.00018203580046100533,0.00019452250645148077,0.0005477345838829085,0.0003219353701999004,0.00015492004541041475,1.1502354986156858e-08,-0.00015493110245045721,-0.00032194276075933,-0.000547725801509472
742,-0.0001947237802284822,-0.00018197637546853165,-9.817273674479575e-05,-6.909141677563428e-08,9.820585861775576e-05,0.00018203672264509928,0.0001945210996483253,0.0005477348510867804,0.0003219353882585906,0.00015492005456924597,1.1749164561405296e-08,-0.00015493136890284715,-0.0003219426358977076,-0.0005477261537348598
743,-0.00019472396647416188,-0.00018197593791335144,-9.817434529604191e-05,-6.919691573942594e-08,9.820784119631676e-05,0.00018203707972764345,0.00019452160379441482,0.0005477345882761878,0.0003219355944190027,0.00015491995680490787,1.1869369215246297e-08,-0.00015493131041673832,-0.0003219427306075605,-0.0005477262289755485
744,-0.00019472289527579025,-0.000181977932635714,-9.817406255216423e-05,-7.056914230465491e-08,9.820908711331323e-05,0.00018203752020892226,0.00019452152558778102,0.0005477346814368316,0.0003219352836522981,0.00015492032618951972,1.1732283619207448e-08,-0.00015493140361437816,-0.0003219427512790957,-0.000547726172764696
745,-0.00019472032025981076,-0.00018197966975303068,-9.817522957681492e-05,-6.951899410860107e-08,9.820950844884353e-05,0.00018203831051168587,0.00019452275024376518,0.0005477350041347579,0.0003219349437280924,0.000154920286439591,1.2078653368928546e-08,-0.0001549317004197036,-0.00032194273100064335,-0.0005477259485455936
746,-0.00019471938751417593,-0.00018198099218208537,-9.817632304900335e-05,-6.97729013353758e-08,9.820970174376064e-05,0.00018203880971197917,0.00019452214341821768,0.0005477349948163813,0.00032193467684793573,0.0001549202742956421,1.2314767528134092e-08,-0.00015493204330821673,-0.0003219427236708037,-0.0005477259249143754
747,-0.00019471878379206627,-0.00018198231523182764,-9.817525868410628e-05,-6.964209837383698e-08,9.821117109547444e-05,0.00018204001006262628,0.00019452261443141358,0.0005477348241952866,0.0003219343423112778,0.00015492077846375083,1.2556940839890441e-08,-0.00015493205414805536,-0.00032194269280223596,-0.0005477257621318159
748,-0.0001947177368990317,-0.00018198176717455558,-9.817648963859146e-05,-6.9788935781999e-08,9.821257919813292e-05,0.00018204103239416702,0.0001945211241310017,0.0005477348628561444,0.0003219345283319727,0.00015492073926876265,1.2796749833008561e-08,-0.00015493202773288547,-0.00032194263115759047,-0.0005477258548531317
749,-0.00019471586365409354,-0.00018198117863466094,-9.81788794739123e-05,-6.888221138488589e-08,9.821455268608408e-05,0.00018204197390824528,0.00019452121386469035,0.0005477350113027399,0.00032193464843035543,0.0001549203744531613,1.3144174813966529e-08,-0.00015493185292430185,-0.00032194263633703556,-0.0005477257436337978
750,-0.0001947134316918206,-0.00018198142858456013,-9.818036308075063e-05,-7.053228018908823e-08,9.82159711926485e-05,0.00018204271941312986,0.0001945209121218617,0.0005477353201271527,0.00032193459092464153,0.00015492030004488338,1.2911175365852588e-08,-0.00015493180074370496,-0.0003219426521990861,-0.0005477254657473204
751,-0.00019471159027928782,-0.00018198152905712898,-9.818144200027858e-05,-7.152805306831432e-08,9.821765914953922e-05,0.00018204398176356867,0.00019452152088828941,0.0005477354022352307,0.000321934473577839,0.0001549202625008433,1.2794924975541516e-08,-0.0001549316190723566,-0.00032194265085797985,-0.0005477251115102731
752,-0.0001947100180481167,-0.00018198166421923645,-9.818167255418383e-05,-7.251341120223428e-08,9.821817860789256e-05,0.0001820449318391945,0.00019452097319554816,0.0005477355026794692,0.00032193436975771225,0.00015492043296701718,1.2808183781038053e-08,-0.00015493172241153491,-0.00032194263340047516,-0.0005477249129802936
753,-0.0001947070287872235,-0.00018198231806925653,-9.818254982118731e-05,-7.269662049017155e-08,9.821910877915179e-05,0.00018204660740006774,0.00019452075149185952,0.000547735864778174,0.000321934069627368,0.00015492039315234538,1.2877192729114424e-08,-0.0001549317177847181,-0.0003219425242390457,-0.0005477248023852676
754,-0.00019470433056968743,-0.0001819826214179911,-9.818294000115722e-05,-7.27079145497649e-08,9.821922305265949e-05,0.00018204728000864546,0.00019451780232935373,0.0005477362197320195,0.0003219339537835295,0.0001549205099511441,1.3086434492738317e-08,-0.0001549318827084233,-0.0003219425591540549,-0.0005477251901499727
755,-0.0001947025250289553,-0.000181982596629897,-9.818366877801918e-05,-7.320001197828488e-08,9.821971703326592e-05,0.0001820471459992435,0.0001945165375257212,0.0005477363368013518,0.00032193383003178814,0.00015492048177403797,1.307489044311755e-08,-0.00015493193699779427,-0.0003219428382429035,-0.0005477254033165092
756,-0.0001947009266500888,-0.00018198253995028448,-9.818410352532707e-05,-7.493004882811182e-08,9.821967934570781e-05,0.00018204932781457352,0.00019451505051593866,0.000547736487537077,0.00032193376977449414,0.000154920584817248,1.2863470777639085e-08,-0.00015493210235389062,-0.0003219424860868833,-0.000547725576550449
757,-0.0001946985359980219,-0.00018198214011911544,-9.818577190001755e-05,-7.341411029939298e-08,9.821979284778954e-05,0.000182050558549355,0.00019451455412351768,0.0005477367398500443,0.00032193379109346,0.00015492032454088387,1.32550421300109e-08,-0.00015493219892510654,-0.0003219424254133838,-0.0005477257204650301
758,-0.00019469575886449484,-0.00018198346467624183,-9.818665270888104e-05,-7.214028053166836e-08,9.821884558791777e-05,0.00018205134228071215,0.00019451263673094456,0.0005477371568647406,0.000321933321313167,0.0001549202623066141,1.3662489421243557e-08,-0.00015493256507718967,-0.00032194231370847676,-0.0005477260531518862
759,-0.00019469315044961274,-0.00018198393800470086,-9.818740837136694e-05,-7.253812702658802e-08,9.822048140015607e-05,0.0001820528563248866,0.00019451253434705208,0.0005477374642324345,0.00032193300453460646,0.00015492017782616532,1.360680946939353e-08,-0.00015493232619840803,-0.00032194212114410807,-0.000547726137595339
760,-0.000194692048719324,-0.00018198359711914662,-9.818808357008376e-05,-7.331584596252736e-08,9.822158767328672e-05,0.00018205249362659778,0.00019451090760374884,0.0005477374727415228,0.0003219329686946963,0.00015492019317952035,1.3613173421188314e-08,-0.00015493215916361657,-0.0003219422996731056,-0.0005477264560155986
761,-0.00019469064916737567,-0.00018198295411638073,-9.818871829110406e-05,-7.321221426044273e-08,9.822252877652893e-05,0.00018205174410202226,0.00019451186388625037,0.0005477374528792758,0.0003219329163221825,0.0001549199800314819,1.3676568194170496e-08,-0.00015493204276021292,-0.0003219425708540514,-0.0005477265717669471
762,-0.00019468829302750815,-0.00018198137902807637,-9.818897320551858e-05,-7.336330285136677e-08,9.822241717493343e-05,0.00018205139927559454,0.00019451141543455502,0.0005477377343497443,0.00032193310345275845,0.00015492014379443644,1.3720934475110863e-08,-0.0001549322118020394,-0.00032194268424690255,-0.0005477268654461075
763,-0.0001946857558143573,-0.00018198065223248855,-9.819016915913611e-05,-7.26759035183931e-08,9.82218215986092e-05,0.00018205161575762587,0.0001945129341979255,0.0005477379353769563,0.00032193302481305883,0.00015492005198646018,1.3898108305262609e-08,-0.0001549324764924931,-0.00032194275860893546,-0.0005477268918520283
764,-0.00019468359484624785,-0.00018198080327631609,-9.819084199234365e-05,-7.160570460645053e-08,9.822181173460294e-05,0.00018205180694910177,0.00019451319899506543,0.0005477381771691758,0.0003219327740493005,0.0001549200213190584,1.4306606858519894e-08,-0.00015493258726556245,-0.00032194279042552666,-0.000547727145552347
765,-0.00019467995246439613,-0.00018197858961872847,-9.819217680953405e-05,-7.213908866079573e-08,9.822381013872651e-05,0.0001820524161687299,0.00019451451811378643,0.0005477386671816761,0.0003219330213678029,0.00015491976631925393,1.4199258460004428e-08,-0.00015493220615783162,-0.00032194271442179465,-0.0005477274476712281
766,-0.00019467662846571127,-0.0001819771861850198,-9.81928506516052e-05,-7.419377156476745e-08,9.822366008504344e-05,0.00018205270327121363,0.00019451479778772367,0.0005477391619805387,0.00032193317226538587,0.00015491967823862832,1.378854498157173e-08,-0.00015493238030511107,-0.00032194266417655287,-0.0005477278206375188
767,-0.0001946743146902334,-0.000181975515313786,-9.819360794856837e-05,-7.606887508190736e-08,9.822417737000509e-05,0.00018205243425733908,0.00019451743048823843,0.0005477394508270918,0.0003219333590722465,0.00015491948244635538,1.3363824859765426e-08,-0.00015493240867413413,-0.0003219428036747321,-0.0005477278814959985
768,-0.00019467267463663002,-0.00018197366359586908,-9.81936821335408e-05,-7.530478195733351e-08,9.822404599113612e-05,0.00018205410618275656,0.00019451922663983953,0.0005477396320845469,0.00032193364720200146,0.00015491946152278464,1.3725751813852648e-08,-0.00015493258514753938,-0.00032194242189876037,-0.0005477280281159147
769,-0.0001946700707734568,-0.00018197334121271573,-9.819407248493873e-05,-7.406550587943344e-08,9.822398817261116e-05,0.00018205516581466457,0.000194521823005501,0.0005477399664362247,0.00032193358282889837,0.00015491930481913627,1.4074385327679084e-08,-0.0001549327103074423,-0.00032194228612330726,-0.0005477281481218073
770,-0.0001946681755581491,-0.00018197328047400352,-9.819432170085023e-05,-7.352997003921395e-08,9.822545038149181e-05,0.00018205587060047412,0.00019452224345729044,0.0005477402016154028,0.00032193350331054287,0.0001549192356203627,1.431091015190496e-08,-0.00015493245831587802,-0.00032194229252824607,-0.0005477286305963652
771,-0.0001946650141204944,-0.00018197211863554228,-9.819584948488004e-05,-7.338063212910782e-08,9.822741315420801e-05,0.000182056086520931,0.00019452397021996212,0.0005477406197168576,0.0003219336591101006,0.0001549188278153672,1.432991193535207e-08,-0.00015493208747917176,-0.0003219424478653533,-0.0005477289531324339
772,-0.00019466139684200663,-0.00018197101268851895,-9.819425210108407e-05,-7.339894877496027e-08,9.822770924779455e-05,0.00018205742994498904,0.00019452471187264285,0.0005477412384524416,0.0003219339140821581,0.00015491923313237926,1.4420512258309433e-08,-0.00015493206784352554,-0.00032194235949107165,-0.00054772933687382
773,-0.00019466005030465856,-0.0001819703447203197,-9.819274764308427e-05,-7.323683527624798e-08,9.822791171509464e-05,0.00018205901313178837,0.0001945274953903849,0.0005477413204680295,0.0003219340275212542,0.00015491956580767412,1.4415354252666504e-08,-0.0001549320712402241,-0.00032194215918065783,-0.0005477295074255473
774,-0.0001946588542791201,-0.00018197008068179788,-9.819317192737314e-05,-7.299481294944614e-08,9.822685356988111e-05,0.0001820595774057547,0.00019452904639995246,0.0005477413333010296,0.00032193411064672324,0.00015491950383931337,1.4531166733844917e-08,-0.0001549323916143369,-0.0003219421403358019,-0.0005477297751381147
775,-0.00019465757368243718,-0.00018196971923473634,-9.819453902819892e-05,-7.186684552419385e-08,9.822610419899968e-05,0.00018206068312617786,0.00019453181038081439,0.0005477412832870131,0.000321934168591765,0.00015491918792322296,1.4770710082474037e-08,-0.00015493263723795843,-0.00032194204782258864,-0.0005477299465684977
776,-0.00019465612991388868,-0.00018196883868597052,-9.819465749775165e-05,-6.986714689658038e-08,9.82252661466428e-05,0.00018206168866959766,0.00019453444932761356,0.0005477413635452893,0.0003219344241418855,0.00015491920254359404,1.529997921493315e-08,-0.00015493289562521246,-0.0003219419622230098,-0.0005477300100629449
777,-0.0001946532109286214,-0.00018196949413204432,-9.819483984098142e-05,-6.972998778299671e-08,9.822551077045149e-05,0.00018206215637245988,0.0001945384989691808,0.0005477418021332992,0.000321934302679274,0.00015491917657931334,1.5187465334800726e-08,-0.0001549329069298138,-0.0003219420824138826,-0.0005477299727894384
778,-0.00019465066729184682,-0.00018197092405827483,-9.819455496509119e-05,-7.01966351492356e-08,9.822616801947492e-05,0.00018206230489412837,0.00019453847844708223,0.0005477421960717178,0.0003219339746400449,0.00015491930663194206,1.503973191580739e-08,-0.00015493277761248126,-0.0003219421792741301,-0.0005477305475228618
779,-0.00019464907946466898,-0.00018197241315672031,-9.819485447245936e-05,-7.102506016408358e-08,9.822565100446312e-05,0.0001820624850413064,0.00019454102249764855,0.000547742324193616,0.0003219335326761467,0.00015491927679695105,1.4724564344908652e-08,-0.0001549329411349616,-0.00032194230392764973,-0.0005477307392316972
780,-0.00019464790179374864,-0.00018197172062702724,-9.819434962292392e-05,-6.985684801196874e-08,9.822378456639865e-05,0.00018206228576118775,0.00019454375385793038,0.0005477424372396293,0.00032193371169071715,0.00015491949153119454,1.5021488202184855e-08,-0.00015493343284234283,-0.00032194241440706306,-0.0005477305902764062
781,-0.00019464598980017218,-0.0001819713258697328,-9.819479287463674e-05,-6.797201584672507e-08,9.82221839767021e-05,0.00018206243115971403,0.00019454762016021208,0.0005477426285785043,0.0003219337275758902,0.00015491942310933774,1.5306508395881628e-08,-0.00015493384567879926,-0.00032194248028313014,-0.0005477303674677778
782,-0.00019464457046503911,-0.0001819707406598762,-9.819595624215685e-05,-6.7350194555504e-08,9.822272851477415e-05,0.0001820619594371609,0.00019454898629355343,0.0005477428240331884,0.00032193378697765096,0.00015491926413505763,1.5400152145967915e-08,-0.00015493373688501785,-0.00032194268147219977,-0.0005477305314758311
783,-0.00019464301337667424,-0.0001819702723067699,-9.819708648170944e-05,-6.679364460755851e-08,9.822424117668728e-05,0.00018206097236658545,0.00019455170765386885,0.0005477429635313676,0.0003219337075749081,0.00015491907753398748,1.5385580642025654e-08,-0.00015493338841704004,-0.00032194312151692867,-0.0005477305804724566
784,-0.0001946415893913105,-0.00018196939598459083,-9.819766816349908e-05,-6.651129241427869e-08,9.822437594175177e-05,0.00018206199935820905,0.0001945527893448161,0.000547743183727151,0.0003219337820756762,0.00015491902638234287,1.5477399205148946e-08,-0.00015493330805702474,-0.0003219430434784147,-0.0005477306939115529
785,-0.00019464011914994452,-0.0001819681429247612,-9.819915440776695e-05,-6.610120974371898e-08,9.822461190746147e-05,0.00018206385258351003,0.00019455616091969583,0.0005477433968011974,0.00032193393991001586,0.0001549186690977471,1.543338994520755e-08,-0.00015493324280064128,-0.00032194275879391564,-0.0005477304194240862
786,-0.00019463957161483823,-0.00018196784052183627,-9.819937219915348e-05,-6.553608288567228e-08,9.822382742832362e-05,0.0001820633115705493,0.0001945568367597898,0.0005477435629596453,0.00032193389727208405,0.000154918699582481,1.5492478042673276e-08,-0.0001549334413398699,-0.0003219430335126074,-0.0005477305979762063
787,-0.00019463957137838583,-0.00018196572188855997,-9.820004637422843e-05,-6.489133056804213e-08,9.822388003701387e-05,0.00018206276955266585,0.00019455755060960827,0.0005477435681622129,0.0003219342010326644,0.00015491859771389515,1.5499159963838503e-08,-0.00015493338801933262,-0.0003219433882352276,-0.0005477308173627014
788,-0.00019464018375071272,-0.0001819629981341639,-9.819959220826657e-05,-6.546090451656708e-08,9.822392932059213e-05,0.00018206281247862998,0.0001945594067807122,0.0005477436421542853,0.00032193479999849145,0.00015491875934264083,1.5366911256865576e-08,-0.00015493335216323675,-0.00032194358769010816,-0.0005477305162612112
789,-0.00019464013238142716,-0.0001819626471402692,-9.819878746909825e-05,-6.479968121683452e-08,9.822343931238614e-05,0.0001820634889000028,0.00019456253790319777,0.0005477439683437127,0.0003219347871654914,0.00015491897437747712,1.5340026107131647e-08,-0.00015493347169280542,-0.00032194371188117737,-0.0005477300195200568
790,-0.00019463948135898382,-0.00018196276726794444,-9.820009475042059e-05,-6.387192528643819e-08,9.822229299406984e-05,0.0001820637744556937,0.00019456158863545095,0.0005477445230530314,0.0003219347673263669,0.0001549187400792672,1.5472444039061405e-08,-0.00015493372197792748,-0.0003219438559344936,-0.0005477302135411445
791,-0.00019463995409631186,-0.0001819615965920745,-9.820183222832719e-05,-6.48612387203704e-08,9.822224627994107e-05,0.00018206532404654678,0.000194561396044965,0.000547744832270527,0.0003219350156160153,0.00015491835661303905,1.5059411582251498e-08,-0.00015493371975354081,-0.0003219437748900517,-0.0005477302907010026
792,-0.00019464176704588607,-0.0001819604102807891,-9.820201108585437e-05,-6.385784327562013e-08,9.822269155135153e-05,0.00018206612966945596,0.00019455996101530338,0.0005477448414964135,0.00032193536016472554,0.00015491842305792017,1.5233049725727225e-08,-0.00015493357758702246,-0.00032194383172521235,-0.0005477304077009672
793,-0.00019464319630216806,-0.00018195815276127988,-9.820219189904001e-05,-6.23462867617361e-08,9.822328286660632e-05,0.0001820657874637091,0.00019455940482997983,0.0005477448703070768,0.00032193598891236197,0.00015491844996328753,1.537898302927767e-08,-0.0001549333815542753,-0.0003219441727824217,-0.0005477304494833657
794,-0.00019464388659541548,-0.00018195747232021612,-9.820252984273225e-05,-6.12988198256398e-08,9.822139877539918e-05,0.00018206789666844566,0.00019455705165561957,0.000547745164333075,0.0003219362830308502,0.00015491849508226605,1.5505913381693612e-08,-0.00015493385696952708,-0.00032194386331057834,-0.0005477307423532378
795,-0.00019464429912604924,-0.00018195845706567624,-9.820346833021969e-05,-6.109614087700454e-08,9.822257130446487e-05,0.0001820703230642348,0.000194556011737931,0.0005477453871417034,0.0003219360977500761,0.0001549183503815192,1.5317723389807235e-08,-0.0001549336136882171,-0.0003219435628565188,-0.0005477309611154247
796,-0.00019464461238608054,-0.0001819578002501489,-9.8202853093863e-05,-6.09865432245198e-08,9.822264216136969e-05,0.0001820722576981293,0.00019455429729048888,0.00054774561323373,0.00032193642687606373,0.0001549186363516305,1.5270879404545466e-08,-0.00015493356096192866,-0.0003219433732287104,-0.0005477312614769942
797,-0.00019464514749758326,-0.00018195742133516574,-9.820226293821023e-05,-6.048241038618776e-08,9.822370593119485e-05,0.00018207402105181104,0.00019455401779389095,0.0005477458008961239,0.0003219366112319369,0.0001549188679005725,1.5207787712572606e-08,-0.00015493328245576765,-0.0003219431914856823,-0.0005477314666200153
798,-0.00019464585477599528,-0.00018195734389700227,-9.820182006679169e-05,-6.027869479078892e-08,9.822522244432656e-05,0.00018207387205723772,0.00019455270036974556,0.0005477459883966603,0.00032193669817262213,0.00015491912950879393,1.516334588341393e-08,-0.00015493291632449476,-0.0003219434471745379,-0.000547731810128212
799,-0.00019464663899996157,-0.00018195738089195186,-9.820247671778758e-05,-6.040178102061746e-08,9.822470473867668e-05,0.0001820741402632332,0.00019455208937672435,0.0005477459914950783,0.00032193671766490877,0.0001549191109344715,1.4887620033957598e-08,-0.00015493304263358707,-0.000321943645149577,-0.0005477321413583492
800,-0.00019464741445548444,-0.00018195698899179066,-9.820231573212152e-05,-6.144487305022946e-08,9.822373744044859e-05,0.00018207498489093745,0.00019455205316994944,0.0005477461774926507,0.0003219368783433188,0.00015491932108814321,1.4575913625150653e-08,-0.00015493326391844125,-0.0003219436561790203,-0.0005477322769719446
801,-0.0001946472732441362,-0.00018195610404895092,-9.820296511023544e-05,-6.002933606498917e-08,9.822411415642436e-05,0.00018207609076899552,0.0001945534099141598,0.0005477465518462926,0.0003219371357432411,0.00015491930505267374,1.4677219031677631e-08,-0.00015493315209329713,-0.0003219435821407027,-0.0005477323773005704
802,-0.00019464871060876534,-0.00018195520092883233,-9.820265763442114e-05,-5.853242388417197e-08,9.822443119476811e-05,0.00018207668402808616,0.00019455242523766495,0.0005477466501170139,0.00032193743358445556,0.00015491959565885088,1.484939981133825e-08,-0.00015493301009788542,-0.00032194362524108497,-0.0005477328599138635
803,-0.00019465088144876282,-0.0001819557139517393,-9.820181292494377e-05,-5.609381881189936e-08,9.82250786842184e-05,0.00018207724345477812,0.00019455340236738714,0.0005477465221107285,0.00032193729551987274,0.00015491999459635894,1.521305539435239e-08,-0.00015493280951693806,-0.0003219437194653648,-0.000547732950762255
804,-0.00019465245100013995,-0.00018195640342725546,-9.820279396499761e-05,-5.662488029178148e-08,9.822518865724796e-05,0.00018207753983801885,0.00019455380689804773,0.000547746615571965,0.0003219371719993566,0.00015492000229384674,1.4968899827804953e-08,-0.00015493271652971315,-0.0003219437759999327,-0.0005477331116718904
805,-0.00019465332924349483,-0.00018195617113246938,-9.820465769272637e-05,-5.651105040622474e-08,9.822535987440673e-05,0.0001820776009314097,0.00019455554345378995,0.0005477467949333734,0.00032193724037265614,0.00015491977587116804,1.4711194313603787e-08,-0.0001549325747932737,-0.00032194393066648685,-0.0005477330385584737
806,-0.00019465445709192247,-0.00018195558879945041,-9.820609634109506e-05,-5.6431587352007023e-08,9.822478300934969e-05,0.00018207739323752614,0.0001945549909334787,0.00054774697253747,0.00032193739825324094,0.00015491968918020604,1.4594208567184604e-08,-0.00015493262822017457,-0.00032194411305694565,-0.0005477333872923605
807,-0.00019465569653603427,-0.00018195438766062863,-9.820802907154765e-05,-5.55182767780061e-08,9.822499391504506e-05,0.0001820775357198061,0.00019455550358200274,0.00054774699545189,0.0003219376535952587,0.00015491944558905426,1.4583182638958851e-08,-0.00015493253123044102,-0.00032194419245968844,-0.000547733690752348
808,-0.0001946560831751294,-0.00018195361357455932,-9.820769690714635e-05,-5.5261954493335144e-08,9.822475489023234e-05,0.00018207841756906015,0.00019455604832894108,0.0005477471472050062,0.0003219378772594205,0.00015491983120798926,1.4563395357519554e-08,-0.0001549325111577791,-0.00032194404301882446,-0.0005477338407019075
809,-0.0001946567958426859,-0.0001819522381210522,-9.820761111827201e-05,-5.461989068884015e-08,9.82241514439838e-05,0.00018207857601187764,0.00019455807497237865,0.000547747206213684,0.00032193824502314345,0.00015492006795487435,1.4512186445094877e-08,-0.00015493258670368513,-0.00032194409102118154,-0.0005477338588299652
810,-0.00019465808616347404,-0.00018195224755944414,-9.820803035627239e-05,-5.455796022301048e-08,9.822367347613147e-05,0.0001820759034986887,0.00019455807963246152,0.0005477470538825047,0.00032193830181205914,0.00015492029785980495,1.4400379130986368e-08,-0.00015493265264680754,-0.00032194475549311534,-0.0005477342781337913
811,-0.0001946597946306407,-0.00018195253811019213,-9.820984887725649e-05,-5.512207528445643e-08,9.822207175441903e-05,0.0001820758388092509,0.00019455881834919153,0.0005477467268606667,0.000321938245046266,0.0001549201983705267,1.4061559758253378e-08,-0.0001549329926704401,-0.0003219448677067179,-0.000547734686939992
812,-0.00019466038809662716,-0.00018195090972157423,-9.821122737311788e-05,-5.666418701686924e-08,9.822034600947794e-05,0.00018207610195122398,0.00019455953171625302,0.0005477467092413044,0.0003219387024791319,0.00015492019596809658,1.3650718125551057e-08,-0.0001549333779749088,-0.0003219448792448567,-0.0005477349738673758
813,-0.000194659634778961,-0.00018195088248028644,-9.821332620153463e-05,-5.571631858261442e-08,9.822227938918943e-05,0.00018207605649324862,0.0001945613904489247,0.000547746971612569,0.00032193875688642774,0.00015491991455543447,1.3650457448242378e-08,-0.00015493288341189598,-0.00032194498482229517,-0.000547735190918496
814,-0.00019465882269301932,-0.0001819513202620669,-9.82149561753689e-05,-5.476684744536966e-08,9.82214965425584e-05,0.0001820760219219362,0.00019456021793069642,0.0005477472373597221,0.000321938696999094,0.00015491977824122661,1.3740183308376694e-08,-0.00015493304367641286,-0.00032194500651122143,-0.0005477358980283617
815,-0.0001946594708780338,-0.00018195089501226404,-9.821584329061513e-05,-5.315783840568575e-08,9.822061669526804e-05,0.0001820756658541669,0.00019456114399655068,0.0005477471240362384,0.0003219387740895846,0.00015491977751055488,1.3944633799278602e-08,-0.00015493322686922314,-0.00032194515789437734,-0.0005477362756422793
816,-0.00019465999306347156,-0.00018195018260086437,-9.821504501546452e-05,-5.4203166130249744e-08,9.821954820526169e-05,0.00018207558315493736,0.0001945626476565236,0.000547747100081305,0.00032193897095474257,0.00015492021464415812,1.3630480474482857e-08,-0.00015493346627519836,-0.0003219452180591813,-0.000547736442633138
817,-0.0001946596726113462,-0.00018194961101657774,-9.821504006375702e-05,-5.501306016301955e-08,9.821973108247981e-05,0.00018207624194090146,0.00019456489015145278,0.0005477471773105307,0.00032193910647584787,0.00015492044492829813,1.3240448836096952e-08,-0.00015493338703200093,-0.000321945162611372,-0.0005477366191735986
818,-0.00019465988395053765,-0.00018194888569881748,-9.821627731674319e-05,-5.5280788125628065e-08,9.82194160736859e-05,0.00018207522901819608,0.0001945663132008591,0.0005477472262377887,0.0003219392675935859,0.0001549203661752982,1.307372230229025e-08,-0.00015493344602449298,-0.0003219454551575287,-0.0005477369028869517
819,-0.00019465958939980307,-0.00018194818194748724,-9.821806901023119e-05,-5.508049041234255e-08,9.821960455285564e-05,0.00018207451798610212,0.0001945693932594768,0.0005477473146583154,0.0003219393966172623,0.00015492016954598992,1.2938828513066202e-08,-0.0001549333765551859,-0.0003219457168119952,-0.0005477368351379603
820,-0.00019466013667875264,-0.00018194706402020855,-9.821876475075093e-05,-5.527172368120418e-08,9.821927416677349e-05,0.00018207391359404397,0.00019457117326334892,0.0005477472984263045,0.00032193970694463904,0.00015492027583560212,1.2857957143204278e-08,-0.00015493338081435455,-0.0003219458666228196,-0.0005477369353972185
821,-0.0001946595388975097,-0.00018194597299924338,-9.821993176653466e-05,-5.4795148844869396e-08,9.821942548252128e-05,0.00018207335565503173,0.00019457377485066773,0.0005477475002396823,0.0003219399967160931,0.00015492020012090164,1.279348211810345e-08,-0.0001549332828881588,-0.00032194602524332505,-0.0005477369372007754
822,-0.0001946587386341884,-0.00018194731476813464,-9.822079429270094e-05,-5.421593205977505e-08,9.821903251044249e-05,0.00018207306456241362,0.00019457592386807842,0.0005477478303599384,0.00032193968423832175,0.0001549202134302257,1.2810326155598998e-08,-0.000154933289700054,-0.0003219461031431039,-0.0005477368745156164
823,-0.00019465989854162164,-0.00018194689507496333,-9.822263039195109e-05,-5.404812041271861e-08,9.821930742676027e-05,0.0001820727380610475,0.00019457799967391242,0.0005477474987598408,0.0003219397718495601,0.00015491991799606585,1.2580781802226898e-08,-0.00015493320755266774,-0.0003219462911292132,-0.0005477367886848122
824,-0.00019466103653779842,-0.00018194597894996236,-9.822441761156249e-05,-5.474397215079307e-08,9.821904667098605e-05,0.0001820730851239209,0.0001945806311527564,0.0005477471694719956,0.0003219399921147111,0.00015491957666601076,1.2342179679467867e-08,-0.0001549332594650434,-0.00032194625010985794,-0.0005477364394884749
825,-0.000194660394096607,-0.0001819448916137139,-9.822532196221882e-05,-5.327031231944334e-08,9.821949071678486e-05,0.00018207318897578873,0.00019458212779797457,0.0005477472575919294,0.00032194021339725294,0.00015491947198572614,1.2459879513205136e-08,-0.000154933154530411,-0.00032194637756120293,-0.0005477362904638164
826,-0.00019465923215962396,-0.00018194401871024258,-9.822584474568414e-05,-5.0996920860591e-08,9.821956138452776e-05,0.00018207303758713478,0.0001945801282578942,0.0005477473920493987,0.0003219404336161588,0.00015491953973009306,1.2853583600358199e-08,-0.00015493311952291167,-0.0003219464392058484,-0.000547736698206381
827,-0.00019465864109757027,-0.00018194294735423598,-9.822710147840784e-05,-4.8622769176706505e-08,9.822020188779464e-05,0.00018207261482993442,0.00019458027926231303,0.0005477473588685787,0.00032194065110660705,0.0001549193692061129,1.324738866356774e-08,-0.00015493293215186152,-0.0003219466336200189,-0.0005477365215503079
828,-0.0001946581333258772,-0.00018194255509939618,-9.822793817707468e-05,-4.925360336080053e-08,9.822022122270505e-05,0.00018207280516427035,0.00019457999956867139,0.000547747335699811,0.0003219407904660511,0.00015491931277559636,1.3054576364250284e-08,-0.00015493283795301642,-0.00032194669507968417,-0.0005477362045636446
829,-0.00019465712586128156,-0.0001819423671492887,-9.822860050292836e-05,-4.982509413145715e-08,9.822057892790723e-05,0.00018207288535119305,0.00019457956113664681,0.0005477473549608723,0.0003219408756263021,0.00015491922676906102,1.2728854545627712e-08,-0.00015493265174965364,-0.0003219467784132558,-0.0005477359484817061
830,-0.00019465700077795798,-0.00018194181329893265,-9.822902577243557e-05,-4.9924339160594545e-08,9.822024345415746e-05,0.00018207317327140803,0.00019457661384605595,0.0005477473701523697,0.0003219410887697161,0.00015491924404158544,1.2638935743302615e-08,-0.00015493266798628907,-0.00032194672613323214,-0.0005477360344512454
831,-0.00019465714675776308,-0.00018194181782108497,-9.822945956211122e-05,-4.971958083667916e-08,9.821985966923992e-05,0.0001820727954697216,0.00019457368777706864,0.0005477472758587224,0.00032194109313987283,0.0001549192251088639,1.2516243207530632e-08,-0.0001549326994861017,-0.0003219468931472133,-0.0005477361264557631
832,-0.00019465739713130616,-0.00018194214868696843,-9.823002152179961e-05,-4.9742439184514654e-08,9.821913083523531e-05,0.00018207222156031968,0.0001945689887780771,0.0005477472128960931,0.0003219410862493611,0.00015491922875297346,1.2507578916192932e-08,-0.00015493274252867764,-0.0003219470431892629,-0.0005477363284309986
833,-0.00019465741776177875,-0.0001819429360143726,-9.823058078100447e-05,-4.991290855860277e-08,9.821878998514891e-05,0.000182071390696116,0.00019456580517300922,0.0005477471499565864,0.0003219409278138358,0.0001549191462425636,1.2393132616548848e-08,-0.00015493267033784964,-0.00032194730051981763,-0.0005477363709995628
834,-0.00019465677515310024,-0.00018194402827671289,-9.823007558467217e-05,-5.0464772350863337e-08,9.821732369549379e-05,0.00018207068458026167,0.00019456094075585422,0.0005477472415217761,0.000321940724543739,0.00015491937755334357,1.2236507811367375e-08,-0.00015493289443440253,-0.00032194751375572167,-0.0005477365623153154
835,-0.0001946570128665873,-0.00018194322903801867,-9.822976510197143e-05,-5.1026096391144146e-08,9.821566053654932e-05,0.00018207050587150245,0.00019455691692700814,0.0005477470632933714,0.0003219408972689834,0.0001549195339540869,1.1925022584056919e-08,-0.00015493314919604503,-0.00032194768749835696,-0.0005477366368854509
836,-0.00019465841465498128,-0.00018194255330629871,-9.823107105423418e-05,-5.161490699129769e-08,9.821573381413566e-05,0.0001820703888768216,0.00019455267709888777,0.000547746767486939,0.0003219410557969987,0.0001549192966407,1.1765229463764444e-08,-0.00015493294989146089,-0.0003219477657680962,-0.0005477365816226218
837,-0.0001946580367350687,-0.00018194162511237275,-9.823138067092798e-05,-5.082167985130217e-08,9.821704117723111e-05,0.00018207076274748672,0.00019454896869755341,0.0005477468406466007,0.00032194127157638027,0.00015491919795839777,1.1815640371455649e-08,-0.00015493247450395616,-0.0003219477802196729,-0.0005477365067287709
838,-0.0001946569154876041,-0.0001819403561806753,-9.823037753045578e-05,-5.070760532026192e-08,9.821769975728455e-05,0.0001820708596535651,0.00019454270176294286,0.000547747112243752,0.0003219416308078924,0.00015491953925608133,1.1761864607673233e-08,-0.00015493218475100013,-0.00032194775182521504,-0.0005477369292466275
839,-0.0001946564586517005,-0.0001819415689253694,-9.822987640898664e-05,-5.108712598807919e-08,9.82168309513364e-05,0.0001820714291393366,0.00019453750544542507,0.0005477471822125055,0.00032194136025125473,0.00015491975722516576,1.1517322958584212e-08,-0.00015493229936472047,-0.00032194760483533844,-0.0005477371494655333
840,-0.0001946560152246188,-0.0001819433018160993,-9.822937768455378e-05,-5.121136696575236e-08,9.821505061347526e-05,0.00018207038088670068,0.0001945331525339407,0.0005477472379840302,0.00032194103903316983,0.00015492004161600878,1.1449056782933871e-08,-0.0001549326085475323,-0.0003219478223257867,-0.0005477370562123995
841,-0.00019465440620539392,-0.00018194404909437694,-9.823007743097138e-05,-4.941524103943651e-08,9.821450260743459e-05,0.00018206873030111295,0.00019452801196007805,0.0005477475412127925,0.0003219408967371653,0.00015492000704552515,1.168860495538367e-08,-0.00015493268728665875,-0.0003219482568904776,-0.0005477371982771787
842,-0.00019465372222739625,-0.00018194456621579232,-9.823048844239842e-05,-4.9936165363227694e-08,9.82143671931112e-05,0.00018207023151774434,0.00019452071012254036,0.0005477478488117115,0.0003219408089178242,0.00015492006419052766,1.152783215461611e-08,-0.0001549326860195445,-0.00032194787157675993,-0.0005477377175627928
843,-0.00019465425958519684,-0.0001819449406874406,-9.82290362295433e-05,-4.951529701658834e-08,9.821565236908908e-05,0.00018207194102924244,0.00019451607269969662,0.0005477478005318841,0.00032194065418190255,0.0001549205394947913,1.1397617643944287e-08,-0.00015493234419929194,-0.00032194748552312154,-0.0005477378514884441
844,-0.0001946550026171833,-0.00018194398803054267,-9.822903743545058e-05,-4.9667014232986664e-08,9.821627867043324e-05,0.00018207151340506335,0.00019451144185811156,0.0005477477593275488,0.00032194087516385165,0.0001549207062775473,1.1200678635866335e-08,-0.0001549321133070296,-0.00032194760474284835,-0.0005477378565060314
845,-0.0001946550489618552,-0.00018194331032838598,-9.823018945424035e-05,-5.029346622786223e-08,9.821745168521157e-05,0.0001820708347768014,0.00019450708193187251,0.000547747852418825,0.00032194098286856225,0.0001549205776145822,1.0793560908330658e-08,-0.00015493177106594712,-0.00032194780597816317,-0.0005477379668467096
846,-0.00019465525528628518,-0.00018194358167722806,-9.823070089587186e-05,-5.009378132532579e-08,9.821823619292076e-05,0.00018207006769563463,0.00019450173404836148,0.0005477480185541503,0.00032194086603045525,0.00015492065668204846,1.06735548177657e-08,-0.00015493152250576521,-0.0003219479632575623,-0.0005477382479472176
847,-0.0001946561027809749,-0.0001819438485728831,-9.823109010047561e-05,-4.892285600104535e-08,9.821966783934252e-05,0.0001820693670674466,0.00019449742911701153,0.0005477479791764942,0.00032194066162735484,0.00015492074157176592,1.077961191703649e-08,-0.00015493108242635255,-0.0003219482221835711,-0.000547738499242794
848,-0.00019465756713073505,-0.00018194350826860768,-9.82312106222382e-05,-4.888960942899689e-08,9.821892898468193e-05,0.00018206904969905472,0.00019449333607657535,0.0005477480281962424,0.00032194063822736196,0.00015492093562291287,1.0755042787152996e-08,-0.0001549311450583297,-0.0003219483494730584,-0.0005477385952243856
849,-0.00019465774270649986,-0.00018194315573777234,-9.823161686422314e-05,-4.856774230837313e-08,9.821858832572788e-05,0.000182069056368983,0.000194490550775588,0.0005477484303431565,0.000321940530152691,0.00015492101983976493,1.0643723415847821e-08,-0.00015493111386142213,-0.00032194842166157416,-0.0005477386954605214
850,-0.00019465985508363958,-0.0001819423809324936,-9.823155769890468e-05,-4.8893328450985195e-08,9.821717818760825e-05,0.00018206906420146902,0.00019448553409293472,0.0005477485581182168,0.00032194063723309344,0.00015492126291528446,1.0476666078745698e-08,-0.00015493134098471325,-0.0003219484424255995,-0.0005477391790680828
851,-0.00019466170965868972,-0.00018194299661515424,-9.823191350953195e-05,-4.888758934711362e-08,9.821642534777296e-05,0.0001820687928723313,0.00019448276592489477,0.0005477487555614378,0.000321940280776284,0.00015492130098189352,1.032576456106817e-08,-0.0001549313717677277,-0.0003219485437253713,-0.0005477394536480396
852,-0.00019466334629358536,-0.0001819436681301396,-9.823278314503396e-05,-4.953313704729327e-08,9.821687223395634e-05,0.00018206876467538174,0.00019448016170704293,0.0005477490930809012,0.00032194003269473835,0.00015492121772000164,1.0165029461805041e-08,-0.00015493111157922914,-0.0003219485419680596,-0.0005477396220956172
853,-0.0001946660685997104,-0.0001819435160813893,-9.823369718235725e-05,-4.991490470362065e-08,9.821746219453587e-05,0.0001820689278768039,0.00019447894530718866,0.0005477490685247821,0.00032193996607875056,0.00015492106365463314,9.89193205031434e-09,-0.00015493082259394086,-0.00032194852756272795,-0.0005477396693580535
854,-0.0001946696661541265,-0.00018194316207272644,-9.823105750551122e-05,-5.079257453430624e-08,9.821658490290195e-05,0.00018206682955873026,0.0001944765046848463,0.0005477489414896426,0.0003219399480894279,0.00015492184021762012,9.577680076512798e-09,-0.0001549309156528456,-0.0003219490465477492,-0.0005477399964030141
855,-0.0001946726540948271,-0.00018194338287986638,-9.823111145015759e-05,-5.0863077939807114e-08,9.8216436207835e-05,0.00018206656213105724,0.00019447572310126525,0.0005477488703416404,0.00032193976165252765,0.00015492195102537323,9.363389638163573e-09,-0.00015493086122242723,-0.00032194919971133935,-0.000547740268208268
856,-0.00019467544311008766,-0.00018194204679568515,-9.823149805772573e-05,-5.156098689757111e-08,9.821572951168704e-05,0.00018206591868494314,0.00019447366379783887,0.0005477489029906424,0.0003219400346832753,0.0001549219641844009,9.157081420666198e-09,-0.00015493089698834532,-0.0003219494384976309,-0.000547740628272191
857,-0.00019467823807606716,-0.00018194078431716794,-9.823199973190237e-05,-5.148542257803843e-08,9.821314521790621e-05,0.00018206442657172945,0.00019447388169858463,0.0005477488331375014,0.00032194025878676496,0.00015492191661212274,9.014512066110399e-09,-0.00015493138531752598,-0.00032194995833818553,-0.0005477407227276961
858,-0.0001946806923042751,-0.00018193988092118823,-9.823186808505402e-05,-5.141926217962164e-08,9.821245157294593e-05,0.00018206485805796456,0.00019447233763480654,0.0005477488408141788,0.0003219404504493554,0.0001549220769298214,8.965128493951044e-09,-0.00015493143809468398,-0.00032194991445163744,-0.0005477411863573981
859,-0.0001946838299981672,-0.00018193878169335412,-9.823198606987932e-05,-4.9847956871396126e-08,9.821311169782178e-05,0.00018206540902163075,0.00019447100606292546,0.0005477485579101141,0.00032194063866668984,0.0001549221538977626,9.212724418562951e-09,-0.00015493118372612437,-0.0003219498872364283,-0.0005477417437489294
860,-0.0001946869676132418,-0.00018193974693149058,-9.82313691537253e-05,-5.0351771446757995e-08,9.821304711872838e-05,0.00018206514647078868,0.00019447124287001163,0.0005477483708257832,0.0003219403397618393,0.00015492243523412038,9.074958219393537e-09,-0.0001549311012249635,-0.0003219500391051572,-0.0005477417643048521
861,-0.00019468879301597615,-0.00018194096766630566,-9.823069468801095e-05,-5.097592765131695e-08,9.821293702156132e-05,0.00018206427504514493,0.00019447247367375837,0.000547748440054616,0.0003219399613386334,0.00015492267845531178,8.765543272699381e-09,-0.00015493104591126478,-0.00032195042027994327,-0.0005477416635137757
862,-0.00019469112565838573,-0.00018194143131992037,-9.823070936382372e-05,-5.15944600264939e-08,9.821214513259615e-05,0.00018206411220825358,0.0001944700463420118,0.0005477485232032076,0.00032193983643076594,0.00015492279003998167,8.533395462703912e-09,-0.00015493117114747203,-0.0003219505217184502,-0.0005477421879557123
863,-0.00019469428028818148,-0.00018194109202056768,-9.823201711312476e-05,-5.072894294020155e-08,9.821155907643699e-05,0.00018206375671191095,0.00019446856232729307,0.0005477483893006787,0.0003219398393210813,0.0001549225543729184,8.581007776559887e-09,-0.00015493124932934566,-0.00032195072982115424,-0.0005477426130864141
864,-0.0001946976133114666,-0.00018194069398249607,-9.82310464040707e-05,-5.004081082052719e-08,9.821067398384405e-05,0.00018206378918470825,0.0001944668052593045,0.0005477482784050601,0.0003219399075325232,0.0001549229441007257,8.724436935415484e-09,-0.0001549313902819316,-0.00032195080152409703,-0.0005477429596467838
865,-0.000194699749117099,-0.00018194090169608394,-9.823090149421272e-05,-4.8344230870120915e-08,9.821039668920915e-05,0.00018206480213697017,0.0001944663548371724,0.0005477483577384354,0.0003219398269274091,0.00015492309057497003,8.960699139115877e-09,-0.0001549313808456301,-0.00032195064126189243,-0.0005477432049998718
866,-0.00019470188360253883,-0.0001819416750432395,-9.8230386469342e-05,-4.7405463472285274e-08,9.820977836320766e-05,0.00018206413231656036,0.00019446516738303373,0.0005477485337008328,0.0003219396111711502,0.00015492339469394938,9.151234312978276e-09,-0.0001549315392857799,-0.0003219508867768381,-0.0005477435827987697
867,-0.00019470426953540975,-0.00018194058178582864,-9.823024530922511e-05,-4.754699105690689e-08,9.821037420751127e-05,0.0001820639601003902,0.00019446579610998547,0.000547748520127912,0.0003219397727513385,0.00015492354331858831,8.983874655135379e-09,-0.00015493142556227669,-0.0003219511328929693,-0.0005477438075728125
868,-0.00019470601284974994,-0.0001819395916413719,-9.823109439405724e-05,-4.787977437238363e-08,9.82107569244521e-05,0.00018206377620938238,0.00019446572195259916,0.0005477485775180133,0.0003219399635121505,0.00015492349752211995,8.88624956828227e-09,-0.00015493133103740403,-0.0003219512945656478,-0.0005477440568104843
869,-0.00019470772312971834,-0.00018193969385777727,-9.823240600541431e-05,-4.8034160899025944e-08,9.820871970371015e-05,0.00018206363840688968,0.00019446708103177703,0.000547748458945717,0.0003219398578653445,0.00015492328121785714,8.719801647925079e-09,-0.0001549318723657189,-0.0003219514898815968,-0.0005477441695327824
870,-0.00019470826576828938,-0.0001819393810016855,-9.823229484716706e-05,-4.803217475693013e-08,9.820857689926381e-05,0.0001820639931052054,0.0001944678098175059,0.0005477486391164137,0.00032193991065406375,0.0001549234658627619,8.677943294755493e-09,-0.0001549319825977212,-0.00032195147596183815,-0.0005477443750457638
871,-0.00019470918602135532,-0.00018193812607979318,-9.823218301108958e-05,-4.7163454970067536e-08,9.820957119641597e-05,0.00018206370391405876,0.00019446922954672634,0.0005477486357405254,0.0003219401513364021,0.00015492365298408882,8.71607272447734e-09,-0.00015493180602026464,-0.00032195163069775987,-0.0005477444831666798
872,-0.00019471139337354538,-0.00018193943900149062,-9.823173004216804e-05,-4.6305329196874325e-08,9.8209852349166e-05,0.00018206276217338027,0.00019447098370832072,0.0005477484050702392,0.0003219398041517243,0.00015492397403569155,8.949335187355777e-09,-0.00015493187801223895,-0.0003219518796348389,-0.0005477443985613693
873,-0.0001947132358698184,-0.0001819407814501825,-9.823159062194678e-05,-4.531438549058668e-08,9.82104887115601e-05,0.00018206411413928153,0.0001944742943868533,0.0005477482985910224,0.0003219394079010534,0.00015492424519813935,9.066600553516658e-09,-0.00015493185136584384,-0.0003219515828803829,-0.0005477441308488019
874,-0.000194714703569321,-0.00018194149251183305,-9.823055073085912e-05,-4.46366591063965e-08,9.821047440224855e-05,0.00018206582607441682,0.0001944739720332565,0.000547748438459162,0.00032193919568254036,0.00015492478372862897,9.251487928206084e-09,-0.00015493196910341698,-0.0003219511583508668,-0.0005477444478817102
875,-0.00019471676800573504,-0.00018194147857099316,-9.823285467878378e-05,-4.385579302832095e-08,9.821047995986536e-05,0.00018206518241155464,0.00019447462391283983,0.0005477483493912047,0.00032193908765411447,0.00015492447244397988,9.38341720423391e-09,-0.00015493207281486792,-0.0003219513767199709,-0.0005477447205193749
876,-0.00019471954782890829,-0.00018194216454898413,-9.823572380412003e-05,-4.4250563642933966e-08,9.82102534236806e-05,0.00018206392541085157,0.0001944758829726493,0.0005477482713526907,0.00032193889807255113,0.00015492404093377413,9.357382070111035e-09,-0.00015493222846644147,-0.0003219517400441695,-0.0005477446019008336
877,-0.00019472170269851607,-0.00018194316375744982,-9.823631551838824e-05,-4.3615949993704946e-08,9.821074292844001e-05,0.0001820632264673869,0.00019447803099498944,0.0005477482274198976,0.0003219386232382467,0.00015492415759614997,9.42912685795857e-09,-0.00015493221571205796,-0.0003219519805415278,-0.0005477443465819384
878,-0.00019472427775390428,-0.00018194260604503782,-9.823590119662749e-05,-4.181949222318376e-08,9.82111367487918e-05,0.00018206281251803872,0.00019447742836647218,0.0005477482174540904,0.0003219387329546168,0.00015492452683971443,9.925253769744064e-09,-0.00015493222752304257,-0.0003219520976802276,-0.0005477445456206135
879,-0.00019472631629877972,-0.0001819423899176851,-9.823608039208458e-05,-4.164550513579063e-08,9.821095218882071e-05,0.00018206241728783943,0.00019447734346035348,0.0005477482005515263,0.00032193870208604904,0.0001549247091677424,9.884012043846879e-09,-0.00015493236251001762,-0.0003219522976438036,-0.0005477447152243172
880,-0.00019472878608358567,-0.000181942839364451,-9.823607826204249e-05,-4.223788849438446e-08,9.821103985552128e-05,0.00018206226302234789,0.00019447587067712412,0.0005477481069977995,0.00032193854235566246,0.0001549249488881839,9.755612066435732e-09,-0.00015493237356489572,-0.00032195239596076995,-0.0005477449915615856
881,-0.00019473181368917763,-0.00018194313133391345,-9.823696085316599e-05,-4.111583830245457e-08,9.821288368577993e-05,0.00018206157847292355,0.0001944755089640536,0.0005477477593275488,0.00032193834468121615,0.00015492486227815073,9.931739308549585e-09,-0.00015493193977943374,-0.00032195265440120583,-0.000547745154690983
882,-0.00019473407743526692,-0.0001819433482100321,-9.82376512065117e-05,-3.96808907696182e-08,9.821218762801988e-05,0.00018206055103795168,0.00019447395133381868,0.0005477476069963694,0.00032193817452257187,0.00015492484001578593,1.0266592283977651e-08,-0.00015493213517399926,-0.0003219529848451772,-0.0005477454745217165
883,-0.00019473626964465075,-0.0001819435505541799,-9.82385402557416e-05,-3.8638396856223366e-08,9.821283130566034e-05,0.0001820615927093289,0.00019447322269587253,0.000547747343931429,0.0003219379355975452,0.0001549247667798199,1.0415812672864124e-08,-0.00015493200567399885,-0.00032195286127841607,-0.0005477457203141324
884,-0.00019473773946237285,-0.00018194345881064576,-9.823868828086006e-05,-3.8504481297259876e-08,9.821236384319142e-05,0.00018206230191876894,0.00019447262348606297,0.0005477472439496411,0.00032193781963809395,0.00015492487335152684,1.0532650763015617e-08,-0.00015493211222489554,-0.00032195269107352677,-0.0005477457178862676
885,-0.00019473817244613985,-0.0001819437460215035,-9.823842083446793e-05,-3.773178963310083e-08,9.821112353504309e-05,0.00018206193872787087,0.000194472424136979,0.000547747202537203,0.0003219375546308617,0.00015492496634800077,1.0577197593630742e-08,-0.0001549324509975996,-0.00032195283182032223,-0.0005477458862182326
886,-0.00019473826270199426,-0.00018194366037647107,-9.823717003965533e-05,-3.7709056899621645e-08,9.821139283561618e-05,0.0001820600009511298,0.0001944699255049793,0.0005477473137334145,0.0003219374037101563,0.00015492535741228985,1.0507086685317771e-08,-0.00015493237959756187,-0.00032195328539172684,-0.0005477464401182631
887,-0.00019473958980098402,-0.0001819428807534745,-9.823809507201556e-05,-3.6668261633721995e-08,9.82124979855979e-05,0.0001820589883535465,0.00019446946489568937,0.0005477470028973423,0.00032193735106017215,0.00015492513286022321,1.0631843291458914e-08,-0.00015493210513321785,-0.00032195355523156633,-0.000547746560447871
888,-0.0001947396045201464,-0.0001819426764290378,-9.823786564914102e-05,-3.652572339732336e-08,9.821236588259344e-05,0.00018205797951949734,0.00019446871723317657,0.0005477470923352599,0.0003219371799997495,0.000154925235168137,1.0689570211566667e-08,-0.00015493211958479447,-0.0003219537215981169,-0.0005477466596434933
889,-0.0001947380825252597,-0.00018194356456398506,-9.82384572806509e-05,-3.6455406720259195e-08,9.821231559704809e-05,0.00018205737669393641,0.00019446868422836136,0.0005477474194958332,0.00032193671357222224,0.00015492510059274286,1.0565242119414773e-08,-0.00015493212332139415,-0.00032195384097970144,-0.0005477467682268597
890,-0.0001947383827114433,-0.00018194461796931303,-9.823880626174448e-05,-3.5479299512895234e-08,9.821160595214157e-05,0.00018205526472073625,0.00019446728745472884,0.0005477473643948616,0.0003219362280454913,0.00015492505454192673,1.0767668968059826e-08,-0.00015493230522396772,-0.00032195429230822136,-0.0005477470370261857
891,-0.00019473901266991802,-0.00018194344055454947,-9.82377724642324e-05,-3.303850973466187e-08,9.821130070095036e-05,0.00018205450193512157,0.00019446738392731112,0.0005477471394820837,0.00032193622693561027,0.00015492532705935436,1.1212994298404427e-08,-0.0001549324133795675,-0.00032195447631725674,-0.0005477471916002497
892,-0.00019473902862060334,-0.0001819427196407153,-9.82361558095652e-05,-3.3304620493836564e-08,9.82108836274747e-05,0.0001820527823349874,0.0001944673379077613,0.0005477471737959073,0.0003219362013852227,0.00015492584560967217,1.114225598309899e-08,-0.000154932504447623,-0.0003219548974708846,-0.000547747254031061
893,-0.0001947386133707669,-0.00018194228576039954,-9.82359097906873e-05,-3.402283568978354e-08,9.821214361141898e-05,0.00018205074981964838,0.000194467592015282,0.0005477472518344213,0.00032193606389870294,0.00015492595135128056,1.0848087022021009e-08,-0.0001549322130414066,-0.00032195543971716363,-0.0005477474732788209
894,-0.00019473795043703352,-0.00018194285101958427,-9.823580057923154e-05,-3.439470833797494e-08,9.821357220957514e-05,0.00018205133213296295,0.0001944666676242989,0.0005477474064316078,0.0003219356793017834,0.00015492608920544845,1.0743806969083474e-08,-0.00015493188410039914,-0.00032195532144546016,-0.0005477478669397692
895,-0.00019473775118647137,-0.00018194311626007243,-9.823567705747903e-05,-3.480553928877933e-08,9.821360032967771e-05,0.0001820519665347725,0.0001944682355894745,0.0005477473326245155,0.0003219353301054461,0.00015492619086824384,1.0514459569659839e-08,-0.00015493183872013617,-0.00032195525233223997,-0.0005477478357706087
896,-0.00019473770068417797,-0.00018194389336091,-9.823506166644305e-05,-3.5626632939095245e-08,9.821336671174336e-05,0.0001820509709223538,0.00019447075023127261,0.0005477473299885479,0.0003219349178077444,0.00015492641297394757,1.033219267069537e-08,-0.00015493184537479818,-0.00032195552517800744,-0.0005477475297671437
897,-0.00019473616425584223,-0.00018194434057123017,-9.823444425078334e-05,-3.391058861073186e-08,9.821387004601294e-05,0.00018205045234281526,0.00019447354244849286,0.0005477475595258304,0.0003219345484254449,0.00015492657126611324,1.0566232609437982e-08,-0.00015493171317639934,-0.0003219557451425655,-0.0005477473127160234
898,-0.0001947349270481761,-0.00018194477141707336,-9.823401484040334e-05,-3.29865271359039e-08,9.821340585643943e-05,0.00018205163432899205,0.00019447331914875044,0.0005477477620097614,0.00032193421479056534,0.00015492676480625245,1.070756178517834e-08,-0.00015493179549720454,-0.00032195548952307747,-0.0005477475608438141
899,-0.00019473439441942364,-0.00018194532594723004,-9.823303126341221e-05,-3.1859115814202044e-08,9.821561570418762e-05,0.0001820509460554423,0.00019447395703823297,0.0005477476676467464,0.0003219337957179645,0.00015492705235100755,1.0865314872813767e-08,-0.0001549312072417299,-0.0003219557797107369,-0.0005477477773399939
900,-0.00019473406530722885,-0.00018194535534614607,-9.823089231690365e-05,-3.151087041175556e-08,9.821773791085095e-05,0.00018205111532580958,0.00019447447521383203,0.0005477476369169138,0.0003219335760539992,0.00015492768229639057,1.1005866648300601e-08,-0.0001549306376206963,-0.00032195584528621116,-0.0005477477948437436
901,-0.00019473255822854822,-0.0001819449516627732,-9.82316346405181e-05,-3.0558878575590205e-08,9.821918876903083e-05,0.00018205140199479725,0.0001944762176217713,0.0005477477460320982,0.0003219334675400003,0.00015492759616268138,1.1097195941387762e-08,-0.0001549302275473813,-0.0003219558946296745,-0.0005477476740054401
902,-0.00019473201042743296,-0.0001819475421171245,-9.823176184895771e-05,-2.953117573072981e-08,9.821966333590937e-05,0.0001820519982390995,0.0001944764121531375,0.000547747764160156,0.0003219325953815679,0.0001549277090583983,1.1314033772798226e-08,-0.00015493006486656084,-0.0003219558056310848,-0.0005477477108858638
903,-0.00019473123306058644,-0.00018194834117847938,-9.823144917611655e-05,-2.9244973950383083e-08,9.822005251391224e-05,0.0001820523958042663,0.0001944778127100085,0.0005477477533850604,0.00032193216687497785,0.00015492792690955786,1.116859870596698e-08,-0.0001549298692407701,-0.00032195578893662346,-0.0005477476345815389
904,-0.00019473075223461564,-0.00018194870325608068,-9.823086623817352e-05,-2.9467539098218395e-08,9.821952862010582e-05,0.00018205227980465602,0.00019447809795042955,0.0005477477115101719,0.00032193184766855245,0.0001549282376068949,1.1071845761129314e-08,-0.00015492983819647118,-0.0003219558131690272,-0.0005477475921285874
905,-0.00019473049928965262,-0.00018194895182667415,-9.823127343877594e-05,-2.9347375378768433e-08,9.822048694890591e-05,0.00018205188176658439,0.00019447958727547525,0.0005477476594151283,0.000321931486032298,0.00015492828492251305,1.097564755798194e-08,-0.00015492942469177382,-0.0003219559187002206,-0.0005477474190796277
906,-0.00019472952553922947,-0.00018194905617115116,-9.823174269828314e-05,-2.9076023980057366e-08,9.822170365417786e-05,0.0001820512178180761,0.0001944800448404405,0.000547747873298463,0.000321931173438914,0.00015492833711467123,1.1040880848523883e-08,-0.00015492897020240505,-0.00032195604168891873,-0.0005477473390063317
907,-0.00019472918962902793,-0.0001819489316691064,-9.823416614728416e-05,-2.850979952668336e-08,9.822132222491745e-05,0.0001820500219895813,0.00019448069885794766,0.0005477478960279027,0.0003219308192481118,0.00015492783730284575,1.1059208912877879e-08,-0.00015492888921345718,-0.0003219563908621335,-0.0005477473764185734
908,-0.00019473024274864259,-0.00018194920149086,-9.823516674983387e-05,-2.866425174078972e-08,9.82202896569579e-05,0.00018204857912743367,0.00019448187925792288,0.0005477476265580236,0.00032193038456780826,0.0001549277335659601,1.1042100068159879e-08,-0.0001549289552698799,-0.0003219567475270456,-0.0005477472387008284
909,-0.00019473026473871646,-0.00018194937238683758,-9.823601403861294e-05,-2.7309395472868408e-08,9.822030191307437e-05,0.00018204941360738875,0.00019448539305892576,0.0005477476929427862,0.0003219299367076667,0.00015492763141065495,1.1252647029051921e-08,-0.000154928773767326,-0.0003219565480721651,-0.0005477467276468324
910,-0.00019472987471047016,-0.00018194955496750496,-9.823671690521709e-05,-2.6750221917973653e-08,9.822057836731799e-05,0.0001820506643026943,0.0001944864724050533,0.000547747871749254,0.00032192951823625153,0.0001549276089563732,1.1377092394245496e-08,-0.00015492851582171214,-0.00032195621136199,-0.0005477466154332299
911,-0.00019472960116459113,-0.00018194922805234712,-9.823809079715308e-05,-2.554658534299899e-08,9.822090874650362e-05,0.00018204969554732825,0.00019448811593647747,0.0005477478928369946,0.0003219291360440744,0.0001549273847812037,1.1602120301107132e-08,-0.00015492825923339037,-0.0003219564697793033,-0.0005477465768186171
912,-0.00019472918829898313,-0.0001819489919841747,-9.823881073463586e-05,-2.4686277496348508e-08,9.821972982731161e-05,0.00018204795442017282,0.00019448947038512904,0.0005477479656960635,0.00032192875949379275,0.00015492735225012654,1.1813190379940113e-08,-0.00015492839673840816,-0.0003219569162520935,-0.000547746440511346
913,-0.00019472778017563507,-0.0001819481712381636,-9.823967438099543e-05,-2.5078003669958115e-08,9.822114208660638e-05,0.00018204651659249103,0.00019449203529276813,0.0005477480731233039,0.0003219285212161967,0.0001549271936851151,1.159364646721393e-08,-0.0001549279121157679,-0.00032195736871361703,-0.0005477461605669641
914,-0.00019472656883980322,-0.00018194790266763732,-9.823963953283663e-05,-2.5967553369106413e-08,9.822231497724722e-05,0.00018204560741327951,0.00019449324479609383,0.0005477482058697065,0.0003219282015473208,0.0001549272570084557,1.1436355800666216e-08,-0.0001549275269361608,-0.0003219575981584094,-0.0005477460649322103
915,-0.00019472514858841705,-0.00018194880896015906,-9.82404169627371e-05,-2.570767449342855e-08,9.822340008985781e-05,0.00018204523199582157,0.00019449586606807556,0.0005477482283910435,0.00032192759448861075,0.0001549270726456457,1.139064208153962e-08,-0.00015492717337891573,-0.0003219577016316984,-0.0005477458849002489
916,-0.00019472340488984168,-0.0001819478254954828,-9.82410804600154e-05,-2.5814768345458072e-08,9.822335127819914e-05,0.00018204459676642858,0.00019449687314843602,0.0005477483422694677,0.0003219274932119615,0.0001549269665040177,1.1370323527770542e-08,-0.00015492710439749387,-0.0003219578116024162,-0.0005477458361810935
917,-0.00019472189103285868,-0.0001819459155807171,-9.824123325950204e-05,-2.6133645635732393e-08,9.822367886921681e-05,0.0001820436814788632,0.00019450028257540533,0.0005477483311244118,0.000321927590164699,0.00015492692155845813,1.122483518132889e-08,-0.00015492695715326949,-0.00032195797672035053,-0.000547745417825291
918,-0.00019471997925603026,-0.0001819451325094563,-9.824096153332136e-05,-2.6392374981282083e-08,9.822320192106545e-05,0.0001820435284744511,0.00019450031192506045,0.0005477483619004894,0.0003219274539730405,0.00015492702074483135,1.120742724377428e-08,-0.0001549270170359787,-0.00032195796557529463,-0.0005477454108654117
919,-0.00019471879323045818,-0.00018194520990821105,-9.824090030298518e-05,-2.707281391695029e-08,9.822389593646784e-05,0.00018204232870508286,0.00019450025822080735,0.0005477481458205151,0.00032192707455556605,0.00015492702444443496,1.0980215835939208e-08,-0.00015492678196316425,-0.0003219582819376497,-0.0005477455183157745
920,-0.00019471720598455918,-0.00018194460788067697,-9.824076670638968e-05,-2.9343179942617135e-08,9.822441514162007e-05,0.00018204107317235514,0.0001945017826688878,0.0005477481386756556,0.0003219269210682606,0.0001549270890926961,1.0506068537520304e-08,-0.00015492655767238215,-0.0003219585781834101,-0.0005477450900404097
921,-0.00019471474941153152,-0.00018194408174451352,-9.824101404447497e-05,-2.9585288765680107e-08,9.822605292133943e-05,0.0001820404643862231,0.000194505066559333,0.0005477483041866728,0.00032192675756890284,0.000154926982391503,1.037050012904333e-08,-0.0001549260924541629,-0.00032195876568394643,-0.0005477444515119463
922,-0.00019471204682947814,-0.00018194373948950574,-9.824098680515762e-05,-2.961564928042951e-08,9.822728714083827e-05,0.00018203942718773722,0.0001945040772917206,0.0005477486355093002,0.0003219265624148116,0.00015492701891352755,1.0390840237628038e-08,-0.00015492574875173695,-0.0003219590400789229,-0.0005477445133878169
923,-0.00019471100157190604,-0.00018194377708543853,-9.824148630692778e-05,-2.9187266950167193e-08,9.822941037409913e-05,0.00018203892555395453,0.0001945042176459289,0.0005477486799276662,0.00032192623645660955,0.00015492686621238787,1.0433299192312017e-08,-0.0001549251588152549,-0.0003219592107925077,-0.0005477443932894342
924,-0.00019471085036059136,-0.00018194352642618214,-9.824117732274416e-05,-2.888979743821747e-08,9.822952986236764e-05,0.00018203988280197009,0.00019450421967547873,0.0005477486416598912,0.00032192604814678495,0.0001549270174568086,1.0553421345685821e-08,-0.00015492509502715166,-0.0003219590053488938,-0.000547744168631004
925,-0.0001947100107575008,-0.00018194255680382393,-9.824158988786056e-05,-2.7726697833458507e-08,9.822868241201278e-05,0.0001820391869028302,0.00019450566267555693,0.0005477487642323838,0.0003219260660898625,0.0001549269307057281,1.0733341321548315e-08,-0.0001549252400608628,-0.00032195931514445255,-0.0005477438016303242
926,-0.00019470901968693876,-0.00018194421863075314,-9.824173377210624e-05,-2.8799776326859828e-08,9.822988067104128e-05,0.00018203797842413158,0.00019450576211364648,0.0005477490259562178,0.0003219254674477507,0.00015492695928285384,1.0482687834084469e-08,-0.00015492488408962637,-0.00032195966956648,-0.0005477436240031051
927,-0.00019470894920441695,-0.00018194619435810564,-9.824188182284037e-05,-2.9420408666410294e-08,9.823223504539752e-05,0.00018203638332604222,0.00019450721121222635,0.000547749118515676,0.00032192474787484535,0.00015492696340097513,1.021822405693479e-08,-0.00015492423248306415,-0.00032196016864300916,-0.0005477433261618906
928,-0.00019470963644348743,-0.00018194576830042372,-9.824222781773709e-05,-2.959428906844756e-08,9.82328832786877e-05,0.00018203722301780246,0.0001945080301848444,0.0005477490285228178,0.00032192462507112747,0.0001549269804145273,1.021602380207511e-08,-0.00015492398814505488,-0.0003219599890966207,-0.0005477429989319499
929,-0.0001947102315843451,-0.00018194473109208568,-9.824254663735563e-05,-2.8814285594370564e-08,9.823411467356548e-05,0.00018203734589423694,0.00019451049995979815,0.0005477489746704626,0.0003219246065268643,0.00015492690984921263,1.0364124865479233e-08,-0.00015492356537747496,-0.00032195997429820616,-0.0005477425129658909
930,-0.00019471044669692292,-0.00018194399652312498,-9.824277787204676e-05,-2.8332992490143457e-08,9.823474524977211e-05,0.000182036715709162,0.00019451174476349788,0.0005477490545125334,0.000321924500117015,0.00015492692768130214,1.0564162525594348e-08,-0.0001549233342100546,-0.0003219601045242538,-0.0005477421341264796
931,-0.00019471131597479063,-0.000181943203195741,-9.824298080239946e-05,-2.7787642124276213e-08,9.823361870774403e-05,0.00018203619868626842,0.00019451375244148192,0.0005477489322406335,0.00032192432142615985,0.0001549268800604667,1.0631234633363951e-08,-0.00015492349561219956,-0.0003219602889494946,-0.000547741686705666
932,-0.00019471266392100098,-0.00018194220078531558,-9.824310086800594e-05,-2.6197549376706034e-08,9.823237205774509e-05,0.00018203431629850385,0.0001945153207317796,0.0005477487299416826,0.0003219242718052262,0.00015492691189324364,1.1114832897586696e-08,-0.00015492368939974978,-0.00032196071167545396,-0.0005477411086194768
933,-0.00019471322694374,-0.00018194151551668186,-9.824381395723586e-05,-2.7255573927579218e-08,9.823260858699973e-05,0.00018203287523930583,0.00019451751359140753,0.0005477485855184061,0.0003219241342262163,0.00015492675111078227,1.0820725333049475e-08,-0.0001549235473789033,-0.0003219610968504366,-0.0005477405544188536
934,-0.00019471294919097857,-0.00018194109597129333,-9.824474268022409e-05,-2.972844257636533e-08,9.823284520295354e-05,0.00018203190314404954,0.00019451660745652073,0.0005477485382097248,0.0003219240332964049,0.00015492661883376686,1.0291983587411436e-08,-0.00015492340211165466,-0.00032196129986618554,-0.0005477403476803784
935,-0.0001947132716628016,-0.00018193990885212886,-9.824278009469938e-05,-2.9897875507630065e-08,9.823337217852302e-05,0.0001820303188636578,0.00019451631258066412,0.0005477482740117807,0.00032192406062722667,0.00015492710335929258,1.0258893803994719e-08,-0.00015492317597107073,-0.0003219615885971261,-0.0005477401076685931
936,-0.00019471397543383622,-0.00018193853972372367,-9.824294326459455e-05,-3.0440076594422475e-08,9.823324249127399e-05,0.0001820294882359065,0.000194515516563634,0.0005477478729747476,0.00032192416941869583,0.00015492713694938127,1.0262936222835987e-08,-0.00015492315593771712,-0.0003219616257781426,-0.0005477397303321458
937,-0.0001947128897626068,-0.00018193878359482553,-9.824404983920201e-05,-3.104757099683044e-08,9.823308090462474e-05,0.00018202728173100422,0.00019451599793147493,0.0005477477183544386,0.0003219238409401388,0.00015492689024825017,1.0139670545163856e-08,-0.00015492311190549716,-0.0003219620762280066,-0.0005477392962299053
938,-0.00019471137552138864,-0.0001819392833665455,-9.824475904765679e-05,-3.210504589733349e-08,9.823404380877893e-05,0.0001820239435254705,0.00019451377690445394,0.0005477477163890242,0.00032192342767129123,0.00015492678589861764,1.0059940228787604e-08,-0.00015492277767174432,-0.00032196269378434195,-0.000547739215925384
939,-0.00019471133212251967,-0.00018193962416343014,-9.824525989424999e-05,-3.250309445856936e-08,9.823540772931983e-05,0.0001820225601803643,0.00019451296749830623,0.0005477472752344143,0.00032192302390580046,0.00015492667333355281,1.0034947201788958e-08,-0.00015492228932175334,-0.0003219629181653019,-0.0005477389925849376
940,-0.0001947114153636193,-0.00018193772056391414,-9.824602327887745e-05,-3.2823512244160834e-08,9.823530633951267e-05,0.0001820199700511351,0.00019450983347927864,0.0005477468508667557,0.00032192327332845243,0.0001549266163943407,1.0158344161514355e-08,-0.00015492214114106684,-0.0003219633229250612,-0.0005477391488007007
941,-0.00019471059712991505,-0.0001819356057335807,-9.824645342423035e-05,-3.262627531074009e-08,9.8235659844729e-05,0.00018201722541996186,0.00019450809979052188,0.0005477466932405187,0.0003219236045354671,0.00015492654935058626,1.0297920596854833e-08,-0.00015492186723166336,-0.00032196387337983577,-0.00054773928829888
942,-0.000194709739743633,-0.00018193462520485522,-9.824713085348156e-05,-3.480209378606915e-08,9.823600942976143e-05,0.0001820169400317581,0.00019450663786439888,0.0005477467256582955,0.0003219237348308823,0.00015492652955539463,9.969293486672316e-09,-0.0001549216162459288,-0.0003219637225747429,-0.0005477391286147384
943,-0.0001947097672706341,-0.00018193404299991466,-9.824777613702795e-05,-3.616560263083254e-08,9.823491770337993e-05,0.00018201665397360586,0.00019450633409202043,0.0005477465227812816,0.0003219237715032033,0.00015492642872732225,9.701157505854224e-09,-0.00015492169938527132,-0.0003219636606526272,-0.0005477387873956714
944,-0.00019471015629395766,-0.00018193375495162127,-9.824889033821079e-05,-3.7704273711750386e-08,9.82327641135708e-05,0.00018201562363223981,0.0001945055889319623,0.0005477464220826954,0.0003219237830875871,0.00015492626457590936,9.545100359760324e-09,-0.00015492202512843388,-0.00032196371126782934,-0.0005477384144525034
945,-0.000194709455202717,-0.00018193326276608272,-9.824980168293227e-05,-3.8352664119621035e-08,9.823161426521709e-05,0.00018201392047540016,0.00019450543590784585,0.0005477466515043653,0.0003219238062332323,0.00015492602177323559,9.442687856328335e-09,-0.00015492213670385477,-0.0003219639557422615,-0.0005477380524694111
946,-0.00019470857799384143,-0.00018193233126182303,-9.824880667839333e-05,-3.9423030371888106e-08,9.823202614068065e-05,0.0001820126363516355,0.00019450191922015315,0.000547746907239466,0.000321924013041075,0.0001549262880244596,9.296509760411056e-09,-0.00015492184502016805,-0.0003219640995181074,-0.0005477381981875489
947,-0.00019470908972611233,-0.0001819330131511578,-9.824672668538127e-05,-4.028547660051703e-08,9.823282596163888e-05,0.00018201129442510936,0.00019450046693931795,0.0005477468082519465,0.00032192379118047004,0.00015492668381730457,9.112023777454248e-09,-0.00015492145652016672,-0.00032196431885835747,-0.0005477380576257336
948,-0.00019470970795063634,-0.0001819340414038609,-9.824753410926963e-05,-4.013414025081945e-08,9.823241645464028e-05,0.00018200994160206808,0.00019449892493464627,0.0005477466428334193,0.0003219235720945678,0.00015492646658582862,9.307463813431227e-09,-0.00015492138224831167,-0.0003219644416620753,-0.0005477377595995389
949,-0.00019470835212267906,-0.00018193298588031341,-9.824868702165247e-05,-3.9229797887082954e-08,9.823148054546929e-05,0.00018200968248963814,0.00019449882911230809,0.0005477468084831717,0.0003219238770806418,0.00015492607837023432,9.513671157304895e-09,-0.00015492140106773287,-0.00032196437192454693,-0.0005477372959004695
950,-0.00019470637326233218,-0.00018193227304526987,-9.824896851430281e-05,-3.867079827544618e-08,9.822983758547176e-05,0.00018201005666572097,0.00019449731534399472,0.0005477471394589611,0.000321924129347364,0.0001549259549977024,9.685389677273008e-09,-0.00015492161293015905,-0.0003219641011598065,-0.0005477370646058752
951,-0.00019470601230787982,-0.0001819318900317783,-9.824922614693481e-05,-3.8695167354166816e-08,9.822848094470933e-05,0.00018200882940876028,0.0001944964731202233,0.0005477469565366843,0.00032192423975740974,0.00015492582968981532,9.577938792106656e-09,-0.00015492176123339495,-0.00032196425191865434,-0.0005477367932630717
952,-0.00019470619574568719,-0.00018193022650042133,-9.824838330543145e-05,-3.820993528090709e-08,9.822736868145102e-05,0.00018200711533570118,0.00019449469128384503,0.0005477466947203601,0.00032192468942110806,0.00015492607764881162,9.772639429002436e-09,-0.00015492186033883934,-0.00032196441576484995,-0.000547736554731128
953,-0.00019470576396388658,-0.00018192908519391082,-9.824697914561686e-05,-3.679227295206821e-08,9.822668486010307e-05,0.00018200599287641802,0.0001944932395744365,0.0005477465678933233,0.0003219250037718037,0.00015492632191976556,1.0052359338393686e-08,-0.00015492186641775056,-0.00032196450057826303,-0.0005477363568023338
954,-0.0001947049194741129,-0.00018192854836812812,-9.82462521391923e-05,-3.682004009917562e-08,9.822506966257383e-05,0.0001820048973234484,0.00019449079314915797,0.00054774664100674,0.00032192521247569327,0.00015492652746511857,1.0030461452045912e-08,-0.00015492212366737646,-0.0003219644893175945,-0.0005477362207031654
955,-0.00019470477012486096,-0.0001819280173058729,-9.824625758843509e-05,-3.5861351723931646e-08,9.822501719378459e-05,0.000182004345975547,0.00019448930486844372,0.0005477465377646763,0.000321925396900934,0.00015492647480126094,1.0130393611720537e-08,-0.0001549219807123801,-0.0003219643534958964,-0.0005477358349038748
956,-0.00019470510566067952,-0.00018192683981229184,-9.824699462832346e-05,-3.5869513557594844e-08,9.822444427058623e-05,0.00018200310134918658,0.00019448818283280446,0.0005477464759350507,0.0003219257816597112,0.00015492634254968027,1.0219811701366709e-08,-0.00015492198237720172,-0.00032196433904431974,-0.0005477352346894314
957,-0.00019470450276615325,-0.00018192784702073068,-9.824758563816056e-05,-3.6355255093182394e-08,9.8224165670537e-05,0.00018200130718772658,0.00019448700526040596,0.000547746670071751,0.00032192563018406523,0.0001549261794965872,1.0053879330486339e-08,-0.00015492188914025356,-0.00032196459329957895,-0.0005477348900482311
958,-0.00019470402695494392,-0.0001819291049081303,-9.824633586896028e-05,-3.5112149310907237e-08,9.822350543137583e-05,0.00018200155145291582,0.00019448278505783542,0.0005477467762503751,0.0003219254737139543,0.00015492651444945054,1.0390048909522986e-08,-0.000154921886504286,-0.0003219642271081875,-0.0005477351299906488
959,-0.00019470448975141864,-0.00018192914930206984,-9.824816561946328e-05,-3.340437899809617e-08,9.822331007242626e-05,0.00018200170000414086,0.00019448055915398353,0.0005477466047043794,0.0003219255553595819,0.0001549259961234212,1.0760871918235671e-08,-0.0001549217845015895,-0.0003219639411981948,-0.0005477352142722439
960,-0.00019470444834269077,-0.00018192874097831848,-9.82508965285151e-05,-3.168994368501678e-08,9.822288853689664e-05,0.00018200141210363027,0.00019447847179153812,0.000547746469576357,0.00032192580080515996,0.00015492532399793234,1.1301128034811733e-08,-0.0001549217731854269,-0.0003219637555012152,-0.000547735152558231
961,-0.00019470316155883655,-0.00018192802039945855,-9.825100062570232e-05,-3.230831630309498e-08,9.822247776684809e-05,0.00018200059155466284,0.00019447803779299618,0.0005477465215557879,0.0003219260863220698,0.0001549251775583718,1.1098927479590482e-08,-0.0001549217395860892,-0.00032196370451605274,-0.0005477349657976153
962,-0.000194701862528718,-0.00018192785852808117,-9.825085040748779e-05,-3.247424913872949e-08,9.822159148312614e-05,0.0001819995724841949,0.00019447604062729207,0.0005477465506901665,0.0003219262384220239,0.00015492513043004612,1.1114362750570483e-08,-0.00015492182131958236,-0.0003219636545945263,-0.0005477350299626158
963,-0.0001947017621349666,-0.0001819279471681775,-9.825086994732363e-05,-3.237395812591408e-08,9.822040963389472e-05,0.0001819984496899375,0.00019447609127736822,0.0005477462317843339,0.0003219262508388186,0.00015492493970623014,1.1030136975766368e-08,-0.00015492194546440653,-0.000321963699660323,-0.0005477348001247405
964,-0.00019470111235389838,-0.0001819268963539738,-9.825099623162842e-05,-3.2187387442373224e-08,9.821959002088475e-05,0.0001819984685371648,0.00019447431405181188,0.0005477460899739023,0.00032192659060116665,0.00015492476394499862,1.1168564099412206e-08,-0.00015492198105228116,-0.00032196341381969773,-0.0005477349443167918
965,-0.00019470011941142147,-0.00018192512619243318,-9.825086770792228e-05,-3.1550501892402506e-08,9.822189634811176e-05,0.00018199966418832033,0.00019447332377927677,0.0005477461095818015,0.0003219270743937084,0.00015492453087228238,1.1320919250548263e-08,-0.0001549212881257709,-0.00032196283097026896,-0.0005477350458477888
966,-0.00019469855345609133,-0.00018192349665110976,-9.825142462526307e-05,-3.149438520704083e-08,9.822157272259803e-05,0.00018199911692907514,0.00019447268407699238,0.0005477462481319574,0.0003219275379771654,0.00015492425862076377,1.1414265213989246e-08,-0.000154921250436059,-0.0003219627063629943,-0.0005477348516185984
967,-0.00019469804860064457,-0.00018192425274709173,-9.825192783638036e-05,-3.126727560255191e-08,9.822112095564289e-05,0.000181998609797774,0.00019447310840069,0.000547746052977866,0.0003219273781774112,0.00015492393241977527,1.1397207927872287e-08,-0.00015492123394970033,-0.0003219626038377288,-0.0005477344494716842
968,-0.0001946970261213211,-0.0001819249700057658,-9.825213734011002e-05,-3.147438850968983e-08,9.821991997741169e-05,0.00018199815451851533,0.00019447288247041454,0.0005477460844244969,0.0003219272727387079,0.00015492372955894714,1.1437448336856254e-08,-0.00015492141938770762,-0.00032196230655145487,-0.000547734126912493
969,-0.00019469541881637616,-0.0001819252605466616,-9.825183550861174e-05,-3.111026447783067e-08,9.821922528614952e-05,0.00018199815477467214,0.0001944733487053014,0.0005477463244594047,0.00032192726113120147,0.00015492351961106585,1.1381525015599435e-08,-0.00015492148383249051,-0.0003219620860550787,-0.0005477337813463918
970,-0.0001946951468764031,-0.0001819248708139808,-9.825181402888094e-05,-3.125382511177967e-08,9.82197918743938e-05,0.00018199762500305296,0.00019447093943260742,0.0005477462892900478,0.0003219274667597956,0.000154923275423353,1.1372997576299487e-08,-0.00015492122030741194,-0.00032196192981619306,-0.0005477339448919945
971,-0.0001946963567442596,-0.00018192310819921284,-9.825092088015744e-05,-3.1516260001530436e-08,9.822062988734194e-05,0.00018199685610908442,0.0001944695981661776,0.0005477459053868039,0.0003219279502286219,0.00015492310914004347,1.1197006551510136e-08,-0.00015492090106399053,-0.00032196180599508415,-0.0005477339404293477
972,-0.00019469643761098297,-0.00018192172045018056,-9.8247840570309e-05,-3.211380581962774e-08,9.822037128919595e-05,0.0001819957050489121,0.00019446822380626285,0.0005477458066536321,0.0003219284755723369,0.00015492362118599566,1.1058101777127032e-08,-0.00015492084035118272,-0.00032196183896780154,-0.0005477337983414459
973,-0.00019469615921782963,-0.00018192101274812464,-9.824798551366442e-05,-3.239452222529971e-08,9.821957998150963e-05,0.00018199653405105305,0.00019446795091062794,0.0005477458083878214,0.00032192882194772643,0.00015492324418251262,1.0816141283219496e-08,-0.00015492090146401017,-0.00032196149687007867,-0.0005477335278772983
974,-0.0001946958894650413,-0.00018192082499506087,-9.824893370949363e-05,-3.276714712416582e-08,9.821805696495146e-05,0.0001819972057630821,0.00019446593201100673,0.0005477458530836576,0.00032192907352077306,0.00015492272064929116,1.0697520102044872e-08,-0.0001549211758034926,-0.00032196109897770863,-0.000547733456151233
975,-0.00019469606348416108,-0.0001819210310337775,-9.82472380472101e-05,-3.275223735947843e-08,9.821693503965666e-05,0.00018199692440442144,0.0001944650232061782,0.0005477457345344839,0.00032192920113397567,0.00015492281232546903,1.0570698873137499e-08,-0.0001549213255865699,-0.0003219608617406261,-0.0005477332808362661
976,-0.0001946958104702328,-0.00018192236320664184,-9.824589178178228e-05,-3.298008142258359e-08,9.821541904277937e-05,0.00018199682341953904,0.00019446272108583358,0.0005477456903704656,0.0003219291027476417,0.00015492292679351746,1.048539171321113e-08,-0.00015492155992177586,-0.00032196065118693466,-0.0005477331707268132
977,-0.00019469570896318465,-0.0001819218175533026,-9.824471593647157e-05,-3.285527613547623e-08,9.821473999974049e-05,0.00018199713049239902,0.00019446179065546194,0.0005477455823189172,0.00032192945973626917,0.00015492289629028558,1.0346083645036693e-08,-0.00015492162776556962,-0.0003219602974585829,-0.0005477329419294514
978,-0.00019469552791945792,-0.00018192188988803496,-9.824366380798661e-05,-3.2905727304896444e-08,9.821354049933683e-05,0.00018199599089031631,0.00019445937754041632,0.0005477454685098607,0.00032192969648777873,0.0001549229687030898,1.0263909370967192e-08,-0.00015492183975516967,-0.0003219603300844624,-0.0005477328340628832
979,-0.0001946951910930033,-0.00018192178683419397,-9.82427383263668e-05,-3.2700610712233964e-08,9.821326797020316e-05,0.00018199527129667475,0.00019445734590192165,0.0005477451790389994,0.00032192994732090465,0.0001549229837257928,1.01126268653335e-08,-0.00015492181225555346,-0.00032196038375183753,-0.0005477326384232189
980,-0.0001946950144926114,-0.0001819215064607517,-9.824206412370573e-05,-3.2812472047754005e-08,9.821273505278173e-05,0.00018199489766246204,0.00019445598193606068,0.0005477449500104124,0.00032193023711548117,0.00015492300518811833,1.007168948547885e-08,-0.00015492185763119192,-0.0003219602695728206,-0.0005477322159053623
981,-0.00019469222037391971,-0.00018192255514688367,-9.824140348257547e-05,-3.234602076262975e-08,9.82125009205634e-05,0.00018199555744349664,0.00019445514006696782,0.0005477452721765207,0.0003219302108482955,0.0001549229436891448,1.0019878015374363e-08,-0.00015492184477506932,-0.0003219598467543711,-0.0005477318548009258
982,-0.00019468891405005227,-0.00018192398630463715,-9.824064387231959e-05,-3.12347657206393e-08,9.821192316486896e-05,0.00018199588992513826,0.00019445186636368047,0.0005477457536799327,0.000321930101247538,0.0001549230251382309,1.0203406988795886e-08,-0.00015492193679346054,-0.0003219595275941908,-0.0005477319994554276
983,-0.00019468831977618675,-0.00018192447340644894,-9.823958662562523e-05,-3.152338836083319e-08,9.821125891980992e-05,0.00018199639194315612,0.00019445024338391137,0.0005477455640290018,0.0003219301895293295,0.00015492308871823144,9.957044500240581e-09,-0.00015492208206070919,-0.00032195921967155647,-0.000547731929486674
984,-0.00019468790195493037,-0.00018192472268639966,-9.823937951991709e-05,-3.2195240529290436e-08,9.821015529002015e-05,0.000181996085077192,0.00019444788957901136,0.0005477454265656045,0.0003219304095863778,0.00015492302369538545,9.755731940761214e-09,-0.00015492229433934076,-0.0003219588817821327,-0.0005477318903402431
985,-0.0001946862976351971,-0.00018192504906953957,-9.823828817777075e-05,-3.088655475748599e-08,9.820963723264733e-05,0.0001819954966949323,0.00019444784745107407,0.0005477455306863242,0.0003219305945896816,0.00015492313702118133,9.86540738857043e-09,-0.00015492232017413535,-0.00032195874378691743,-0.000547731603528472
986,-0.00019468403049995663,-0.00018192505553257202,-9.823733863120716e-05,-3.081691776680829e-08,9.820874145043513e-05,0.0001819947539191026,0.0001944446472746333,0.0005477457992775473,0.0003219308668805085,0.00015492328594872532,9.805388012312642e-09,-0.0001549224175430783,-0.00032195858370969306,-0.0005477318732758213
987,-0.0001946816303700891,-0.00018192622241535128,-9.823886505957649e-05,-3.189407362286595e-08,9.82084103362766e-05,0.00018199514831186627,0.00019444233180457984,0.0005477459683725556,0.00032193079450701254,0.0001549227873993896,9.337118666333217e-09,-0.00015492238881103162,-0.0003219581517347246,-0.0005477321293115148
988,-0.00019467896728543995,-0.00018192727383053815,-9.82386886483465e-05,-3.1368350602881225e-08,9.820763508075307e-05,0.00018199486797783272,0.00019444045423453303,0.000547746141629618,0.0003219308320579894,0.00015492285281531846,9.409829870189488e-09,-0.0001549224717584572,-0.00032195782591525773,-0.0005477321380980734
989,-0.0001946768471743361,-0.00018192571806236593,-9.823738814532652e-05,-3.105427215264233e-08,9.820793147187553e-05,0.00018199261481298865,0.00019444031686553646,0.0005477461424389063,0.00032193150649573047,0.00015492307500888775,9.313688120218749e-09,-0.0001549223252148453,-0.00032195797452371085,-0.000547731938735683
990,-0.00019467460653161745,-0.00018192705975243964,-9.823675296617968e-05,-3.087621160110191e-08,9.820842473031691e-05,0.00018199013063414238,0.0001944380198880317,0.0005477461378837693,0.00032193152626548737,0.00015492321000511186,9.26983775940924e-09,-0.00015492214400825965,-0.0003219580768408737,-0.0005477320851706191
991,-0.0001946732793735146,-0.00018192885992373165,-9.823693448084081e-05,-3.077568494375797e-08,9.820758314398174e-05,0.0001819879237844137,0.00019443597679144744,0.0005477458088271492,0.00032193133712325197,0.00015492310964180224,9.130938136261733e-09,-0.00015492224831164717,-0.0003219582523870658,-0.0005477323127656097
992,-0.00019467167519171191,-0.000181929901063091,-9.823685268111563e-05,-3.05131258347201e-08,9.820628159268942e-05,0.00018198732888986057,0.00019443346978509165,0.0005477455897181245,0.0003219313528465674,0.00015492315524172917,9.184360653103328e-09,-0.00015492246646108725,-0.0003219579530891324,-0.0005477325102088307
993,-0.00019466820872059926,-0.00018192990694484464,-9.82371512407037e-05,-3.0037567513196826e-08,9.820592901751926e-05,0.0001819865892174687,0.00019443243406443332,0.0005477456910872639,0.00032193156837160116,0.00015492302743198513,9.099354874680863e-09,-0.0001549224160308653,-0.0003219577495184428,-0.0005477326087338999
994,-0.0001946651243368729,-0.00018192969497511343,-9.823750408188283e-05,-2.9806883861602e-08,9.820547180329176e-05,0.00018198499917354956,0.00019442876697330503,0.000547745734141401,0.0003219318635999706,0.00015492297221308875,9.047655711825092e-09,-0.00015492236674058375,-0.0003219576540455467,-0.0005477331299386832
995,-0.00019466352545554502,-0.0001819293512422781,-9.823757118215001e-05,-2.9783639856934072e-08,9.820563005596206e-05,0.00018198304842148265,0.00019442667788672748,0.0005477453778464493,0.0003219321289540407,0.00015492287460135932,8.85614362386622e-09,-0.00015492217878915827,-0.0003219577376565887,-0.0005477334422083519
996,-0.00019466149580719142,-0.00018192951275897682,-9.823746099828374e-05,-2.9350526592812132e-08,9.820591870129775e-05,0.0001819816897265399,0.00019442465321372663,0.0005477452831828415,0.00032193241208933074,0.00015492287307989732,8.9080289967903e-09,-0.00015492196120159545,-0.00032195773219967334,-0.0005477336041122556
997,-0.00019465895775660496,-0.00018192976834432504,-9.823722380696237e-05,-2.7192373910349718e-08,9.820537235337959e-05,0.00018197990741725684,0.00019442424007225746,0.0005477452183704105,0.0003219326717321377,0.00015492283328603584,9.25081444935598e-09,-0.00015492193752182,-0.0003219577273208211,-0.0005477336298013783
998,-0.0001946562336573825,-0.0001819301527469745,-9.82372713870981e-05,-2.7125055760157493e-08,9.82036361000994e-05,0.00018197828034883154,0.00019442235530026442,0.0005477453783088997,0.00032193293764114835,0.0001549227224644092,9.178955843896548e-09,-0.0001549222547952025,-0.00032195774362219956,-0.0005477338589224553
999,-0.0001946538868179763,-0.00018193085385791955,-9.823706380651469e-05,-2.697081750690867e-08,9.820497592022867e-05,0.00018197818515703308,0.0001944212953727909,0.0005477454196288477,0.00032193309041165564,0.00015492260740442417,8.962870276707668e-09,-0.00015492181656790393,-0.00032195752183096217,-0.0005477340375439429
1000,-0.00019465189016458574,-0.00018193213085855543,-9.823462620977794e-05,-2.80235550095344e-08,9.820426615118465e-05,0.00018197784455719216,0.00019442013536683582,0.0005477455021762537,0.0003219331152221224,0.0001549231429891044,8.569157414094805e-09,-0.00015492190301839167,-0.00032195717501624465,-0.0005477340810605306
1001,-0.00019464987467382005,-0.0001819310832660158,-9.823428929957978e-05,-2.6572735017707966e-08,9.820310266346789e-05,0.00018197474167106493,0.0001944205641141639,0.0005477457398989092,0.00032193365293638703,0.0001549230978863117,8.703427763688827e-09,-0.00015492205912085444,-0.000321957520189263,-0.0005477339342093891
1002,-0.00019464851338775303,-0.00018192981474811004,-9.823469817209775e-05,-2.5707065503356288e-08,9.820195599145819e-05,0.0001819741361361535,0.00019441977949611027,0.000547746023288547,0.0003219342803660396,0.00015492294795293798,8.79413673036241e-09,-0.00015492223580698688,-0.00032195722153876026,-0.000547733937654645
1003,-0.00019464855600829953,-0.00018193092731580082,-9.823516514589838e-05,-2.4985528877188698e-08,9.820157287550393e-05,0.00018197417645128897,0.0001944203508242401,0.0005477459705460729,0.0003219342550468773,0.00015492276670473179,8.725736474371113e-09,-0.0001549221925054387,-0.0003219568246406587,-0.0005477337329509519
1004,-0.00019464841685605766,-0.00018193230799096527,-9.823541483372947e-05,-2.527213531233358e-08,9.82005224819885e-05,0.00018197362308368994,0.00019441991253014607,0.0005477462220497518,0.00032193419189926786,0.0001549226910154661,8.592474480417435e-09,-0.00015492234574533315,-0.00032195657174962825,-0.0005477337054582724
1005,-0.00019464756677024366,-0.00018193348757320925,-9.823542281399822e-05,-2.5460736007773606e-08,9.820003481269093e-05,0.0001819724839151033,0.00019442014808600494,0.0005477466070628767,0.0003219341480127199,0.00015492262118544766,8.362222082104873e-09,-0.00015492235228207031,-0.0003219565370889668,-0.0005477337065912761
1006,-0.00019464769409001294,-0.0001819342331864678,-9.823507797377744e-05,-2.6143466151507805e-08,9.819940695174609e-05,0.0001819716815335625,0.00019441933769463886,0.0005477467373814145,0.0003219342043854301,0.00015492269937194582,8.097035305291973e-09,-0.0001549224383810957,-0.0003219563804338758,-0.0005477337623165556
1007,-0.00019464860703275865,-0.00018193458793404446,-9.823436460770118e-05,-2.7502334731072477e-08,9.819893759568749e-05,0.00018197088421604415,0.00019442055715852223,0.0005477466382782823,0.0003219343037197875,0.00015492277692951133,7.634039575256555e-09,-0.0001549225163872382,-0.00032195620648313775,-0.0005477335367794695
1008,-0.00019464903759288846,-0.00018193568544759865,-9.823359273147663e-05,-2.7049688932572155e-08,9.819819320212923e-05,0.00018197029610964556,0.0001944208258571269,0.0005477466509494247,0.00032193424431802676,0.0001549229206498632,7.741378355033816e-09,-0.00015492268380586354,-0.000321956025156315,-0.0005477334119178472
1009,-0.0001946489152090632,-0.00018193717761007326,-9.823395678444076e-05,-2.616384562983882e-08,9.819748580056495e-05,0.00018196987320466242,0.0001944222739310797,0.0005477467207794432,0.00032193406567341664,0.0001549227567551103,7.83136163012009e-09,-0.00015492278006030088,-0.0003219557885666631,-0.0005477332247872713
1010,-0.00019464896295274511,-0.00018193694423154696,-9.82345734237484e-05,-2.5541955958551902e-08,9.819713323721738e-05,0.0001819690700152426,0.000194421824228157,0.0005477469180376841,0.00032193431007848124,0.00015492256106688871,7.986276798058637e-09,-0.00015492281865872798,-0.0003219554973153676,-0.0005477334008652813
1011,-0.00019464945830083467,-0.00018193620522910362,-9.82340547515993e-05,-2.7068031698533898e-08,9.819645324639845e-05,0.0001819686003813524,0.00019442248847223085,0.0005477469781099979,0.0003219346199434075,0.00015492260074051313,7.565767731813457e-09,-0.00015492296695733936,-0.00032195529681997356,-0.0005477335424213651
1012,-0.0001946509255077281,-0.00018193573669865795,-9.8232627754423e-05,-2.9374013545432324e-08,9.819451284109477e-05,0.0001819703938925683,0.00019442208606964184,0.0005477468447161647,0.00032193490504411193,0.000154923002801874,7.0888354034623426e-09,-0.000154923454754702,-0.0003219545635354123,-0.0005477337645131953
1013,-0.00019465247063554198,-0.00018193722436853684,-9.823083280971439e-05,-3.091167486521055e-08,9.819503098319639e-05,0.00018197018589326708,0.00019442328596708852,0.0005477466752511961,0.00032193467717165107,0.0001549233836645061,6.68697748333136e-09,-0.00015492333203884974,-0.0003219541832161594,-0.0005477337905491558
1014,-0.00019465323896793608,-0.0001819388422941357,-9.82313947694028e-05,-3.2129160614347095e-08,9.819652936535454e-05,0.00018196983057426375,0.00019442300015524086,0.0005477467417284487,0.00032193446967013266,0.00015492325271703573,6.44598465358633e-09,-0.00015492302458329035,-0.0003219538310370167,-0.0005477339506263802
1015,-0.00019465493409524603,-0.0001819397450103148,-9.823155273143366e-05,-3.320449720163994e-08,9.819807815621033e-05,0.00018196960577698945,0.00019442281329872576,0.0005477465822755325,0.0003219343998169917,0.00015492316869903736,6.145496342209987e-09,-0.00015492268257574535,-0.00032195360103728373,-0.0005477340912344406
1016,-0.00019465685329076875,-0.00018193969301048946,-9.823073783269358e-05,-3.501786967099943e-08,9.819720621234169e-05,0.0001819691424484968,0.00019442218520231375,0.0005477464809295156,0.0003219345880805713,0.0001549234017416943,5.850497535297473e-09,-0.00015492295098892519,-0.00032195329766978643,-0.0005477341214555777
1017,-0.0001946572443140856,-0.00018193942948428122,-9.822976366946391e-05,-3.585713684449592e-08,9.819600550504554e-05,0.00018196835167282838,0.00019442234349734843,0.0005477466851707582,0.00032193485798977836,0.00015492359647033117,5.592090410228999e-09,-0.00015492331848905146,-0.00032195298244043486,-0.0005477340865174459
1018,-0.00019465822979845948,-0.0001819393759376631,-9.822916392369558e-05,-3.920659932167124e-08,9.819507820569785e-05,0.00018196779532001766,0.00019441882292789536,0.0005477468202756583,0.00032193512484681244,0.00015492384019328136,4.838775485722521e-09,-0.00015492364769365563,-0.0003219526533838148,-0.0005477346296423808
1019,-0.00019466073776047707,-0.00018193939302134954,-9.822852274358367e-05,-4.0288696846841134e-08,9.81951232232806e-05,0.00018196708749973557,0.00019441666829473999,0.0005477464983407751,0.0003219353293886479,0.00015492400605113642,4.497188402751697e-09,-0.00015492373326086303,-0.00032195247305126057,-0.0005477349519703468
1020,-0.00019466220014965267,-0.00018193883260943922,-9.822813804635394e-05,-4.131020778738073e-08,9.819534563534126e-05,0.00018196563616471002,0.0001944156193721556,0.0005477464077698539,0.00032193573616006663,0.00015492417741908867,4.2969831362563345e-09,-0.0001549237936152717,-0.00032195219354620654,-0.0005477349032974365
1021,-0.00019466380271569727,-0.00018193888053046045,-9.822710305180157e-05,-4.1582525928656735e-08,9.819584637257525e-05,0.00018196449303554556,0.00019441608305532687,0.0005477462263736636,0.0003219359733740267,0.0001549244322316007,4.094166555179497e-09,-0.0001549237589592347,-0.00032195196724607724,-0.000547734672650273
1022,-0.00019466439529498722,-0.00018194050474175253,-9.82271095828141e-05,-4.201048834111799e-08,9.819591576643078e-05,0.0001819643227208468,0.00019441416892382657,0.0005477463263554516,0.000321935807886132,0.00015492452015499313,3.983364967218055e-09,-0.0001549238567582566,-0.00032195161939084624,-0.000547734892036768
1023,-0.00019466520836614726,-0.0001819393280954593,-9.822799234339518e-05,-4.161396494520151e-08,9.819589092710536e-05,0.0001819638942493799,0.00019441343508392743,0.0005477463342402318,0.00032193627570101057,0.00015492435708802654,3.896121670834505e-09,-0.00015492396568846087,-0.0003219513585456681,-0.0005477350442985798
1024,-0.00019466701564086372,-0.00018193728414173503,-9.822719589188375e-05,-4.166932495428759e-08,9.81959209614872e-05,0.00018196406728328136,0.00019441259981579765,0.0005477460415784625,0.00032193696981601844,0.00015492466280477222,3.905458285358627e-09,-0.00015492406962420025,-0.0003219508674001641,-0.0005477352251398296
1025,-0.00019466954683433033,-0.00018193768241625907,-9.822605745629957e-05,-4.130023191744745e-08,9.819583309675776e-05,0.00018196330261589956,0.00019441391388034843,0.0005477456102971697,0.00032193705111480814,0.00015492494460820497,3.889374182519108e-09,-0.00015492415208142834,-0.0003219507344919038,-0.0005477351850684978
1026,-0.00019467118058253617,-0.0001819386508859118,-9.822485487807375e-05,-4.1884936463415425e-08,9.819440561091316e-05,0.0001819622726587687,0.00019441412709145478,0.0005477453916505953,0.00032193699788676095,0.0001549253224163518,3.7042530294140707e-09,-0.00015492457709420518,-0.0003219507155545577,-0.0005477352165613737
1027,-0.0001946731496596647,-0.00018193868989070688,-9.822412114753387e-05,-4.1211849263639415e-08,9.819439782079156e-05,0.00018196229822518527,0.0001944148780445969,0.0005477450748951573,0.0003219370899144012,0.00015492556105928373,3.749397344858758e-09,-0.00015492459958548298,-0.0003219503732256097,-0.0005477352584825072
1028,-0.00019467479514182124,-0.0001819387424619588,-9.822450565658689e-05,-4.0322233787372195e-08,9.819574457685813e-05,0.00018196256740654694,0.00019441569603199658,0.0005477449232345312,0.0003219371910985604,0.0001549255850003437,4.0801385650929636e-09,-0.00015492432258691047,-0.0003219500337176094,-0.0005477351396789858
1029,-0.00019467549122815259,-0.00018193842898517947,-9.822495654768293e-05,-4.090746102616541e-08,9.819486600739598e-05,0.00018196319313843484,0.000194418779292574,0.0005477450204416164,0.00032193737667992727,0.00015492550678609853,3.893791051423257e-09,-0.00015492454872980662,-0.0003219497091236362,-0.0005477346935530335
1030,-0.00019467652086016142,-0.000181938464098362,-9.822470760566212e-05,-4.265102614285798e-08,9.819394191887491e-05,0.00018196405193357922,0.00019441864213047322,0.0005477450760512834,0.0003219375133109137,0.00015492571510615426,3.4909171856838666e-09,-0.00015492482120098923,-0.000321949198855806,-0.0005477347225024318
1031,-0.0001946789922508733,-0.0001819384383546061,-9.82239236546013e-05,-4.216611166951646e-08,9.819360186583018e-05,0.000181964531794036,0.00019441911709439476,0.0005477448199230999,0.0003219375863087178,0.00015492596171710747,3.554265639397419e-09,-0.0001549249760779583,-0.00032194891470312494,-0.0005477347728864088
1032,-0.0001946813504202907,-0.0001819386092505837,-9.822270907740101e-05,-4.188867631784606e-08,9.81937495835605e-05,0.00018196475597062278,0.0001944188377948405,0.0005477445798419471,0.0003219376174547558,0.00015492641586888742,3.725669261359777e-09,-0.0001549250024676934,-0.000321948656123954,-0.0005477348118016143
1033,-0.0001946832370641986,-0.00018193904322942126,-9.822151899962582e-05,-4.208227608023504e-08,9.819380015876005e-05,0.00018196557575111987,0.00019441990163363097,0.0005477444289674866,0.00032193756295496986,0.0001549268033052527,3.6340269686259716e-09,-0.0001549249990155008,-0.00032194818164978887,-0.0005477347254621148
1034,-0.00019468562038624086,-0.00018194029101833262,-9.822203685502889e-05,-4.26252876805606e-08,9.819432497571608e-05,0.00018196558030282874,0.00019441894821811486,0.000547744245744617,0.0003219372927220475,0.00015492683260380114,3.6201116219896324e-09,-0.00015492492368463417,-0.0003219478592755779,-0.0005477349419120495
1035,-0.00019468892682833447,-0.0001819394798782006,-9.822174844910127e-05,-4.243165060401127e-08,9.819385880782409e-05,0.0001819666660036147,0.00019441919151779008,0.0005477438281981028,0.0003219375101893731,0.00015492699548578758,3.668505331671049e-09,-0.00015492506321980947,-0.0003219473553201964,-0.0005477351427542813
1036,-0.00019469103076215282,-0.00018193955256761153,-9.822149443123545e-05,-4.295133880289131e-08,9.819197943088684e-05,0.00018196596607493172,0.00019441893596199838,0.0005477436862489361,0.0003219375567118887,0.00015492723328012294,3.6726365664341303e-09,-0.0001549255741790031,-0.0003219472435227993,-0.0005477352961722192
1037,-0.00019469281074632053,-0.0001819390215841738,-9.822184570690259e-05,-4.304645772569375e-08,9.819225984275265e-05,0.000181964904797709,0.00019441999918010127,0.0005477436603979558,0.000321937758895227,0.00015492724052903377,3.6707837771909272e-09,-0.00015492553328682178,-0.00032194721371786757,-0.0005477354316933246
1038,-0.0001946959485091779,-0.00018193783445515714,-9.822035490994063e-05,-4.338723548032218e-08,9.819259645344443e-05,0.0001819642327014448,0.00019441958410760412,0.0005477433102767176,0.00032193813176902746,0.0001549278627376207,3.696482029800848e-09,-0.0001549255062057232,-0.00032194713671986703,-0.0005477357894681178
1039,-0.00019469996484051217,-0.0001819389261953317,-9.821918731189287e-05,-4.369768995061799e-08,9.819214534264471e-05,0.00018196437479948958,0.00019442127722506863,0.0005477426449723729,0.0003219379134230459,0.00015492831877157397,3.6900359118905453e-09,-0.00015492564661955435,-0.00032194686722686544,-0.0005477358481762028
1040,-0.00019470345044456547,-0.00018194013071345247,-9.821908543637307e-05,-4.4126475805633004e-08,9.819193947042994e-05,0.00018196423184430486,0.00019442322964215457,0.0005477422522594479,0.0003219376741743039,0.00015492857465697107,3.785129634215125e-09,-0.00015492572457713954,-0.0003219465135216362,-0.0005477357914566547
1041,-0.0001947045261059763,-0.00018194018292017362,-9.821897157764227e-05,-4.4168436263677176e-08,9.819271375945426e-05,0.00018196383301805852,0.00019442609486405567,0.0005477422848853274,0.0003219376831920877,0.00015492881345019938,3.779983967212744e-09,-0.00015492549763882857,-0.0003219463236626026,-0.0005477358183481485
1042,-0.00019470528658618,-0.00018193978720721735,-9.821744392070564e-05,-4.4112544214999236e-08,9.819141696282577e-05,0.00018196320218273948,0.00019442650829123816,0.0005477423815605947,0.0003219377804916631,0.00015492941008527625,3.850501580814039e-09,-0.00015492583728325175,-0.0003219461831007873,-0.0005477362756191568
1043,-0.00019470664523186184,-0.00018193921387909423,-9.821798204402092e-05,-4.47547501273912e-08,9.819047754529218e-05,0.00018196336363047292,0.00019442772329208234,0.0005477422316110352,0.00032193786063432667,0.0001549293564733952,3.712371362151718e-09,-0.00015492605824207834,-0.00032194589661273146,-0.00054773659013171
1044,-0.0001947084034328515,-0.00018193927558332043,-9.821819180981864e-05,-4.409980750409498e-08,9.81902832267332e-05,0.00018196310063628258,0.00019442918042019187,0.000547742055533025,0.0003219378404021194,0.00015492939504869975,4.020904437797793e-09,-0.0001549261412519347,-0.00032194571200251047,-0.0005477366603085665
1045,-0.00019470898726340238,-0.00018193968804498892,-9.821788090642967e-05,-4.4687737520014836e-08,9.81906550796711e-05,0.00018196223978203188,0.00019443311451534926,0.0005477419537014352,0.0003219376790531562,0.00015492954545608519,3.852673319128968e-09,-0.0001549260603624137,-0.000321945775774428,-0.0005477362943021552
1046,-0.00019470984664967774,-0.00018193853141833285,-9.82175717853007e-05,-4.609171689088217e-08,9.81905496849513e-05,0.0001819639120818323,0.00019443508450873087,0.000547741858136049,0.0003219378581602168,0.00015492976168635594,3.5666002133843507e-09,-0.00015492612698765046,-0.0003219451243667195,-0.0005477362118472392
1047,-0.00019471042692359032,-0.00018193780113507206,-9.821682153264883e-05,-4.405827803672108e-08,9.819090238327376e-05,0.00018196635240860914,0.00019443760177120982,0.0005477416987756229,0.00032193788047345115,0.0001549300356974985,4.045604402544963e-09,-0.00015492605619804736,-0.0003219443086503648,-0.000547736151404965
1048,-0.00019471116328564846,-0.00018193770904671147,-9.821644121175907e-05,-4.470659771182443e-08,9.819088434688116e-05,0.00018196583106060697,0.00019443909369723202,0.0005477416306104261,0.00032193776171617473,0.00015493024850794812,3.994436602196811e-09,-0.00015492608495784106,-0.000321944131300616,-0.000547736191221949
1049,-0.0001947131231214287,-0.00018193742187526247,-9.821569960341316e-05,-4.4926708708298826e-08,9.81903301359352e-05,0.00018196502659040327,0.0001944425260896414,0.0005477412350071857,0.00032193760751207104,0.00015493047456760321,3.884003941252486e-09,-0.00015492624453330672,-0.0003219440314575632,-0.0005477360285318796
1050,-0.00019471374398633793,-0.00018193662860699157,-9.821625754932193e-05,-4.5293062442026665e-08,9.818866378783889e-05,0.00018196440307525667,0.00019444486914580906,0.0005477412182896018,0.0003219375637180131,0.00015493052761760698,3.816009735488445e-09,-0.00015492667863554725,-0.0003219438763054361,-0.000547736013640975
1051,-0.00019471413622147338,-0.00018193602412626376,-9.82177656752897e-05,-4.453678631286569e-08,9.818941765821258e-05,0.00018196393741179645,0.00019444841777428116,0.000547741030673453,0.0003219374201502699,0.00015493022696931827,3.933971780944999e-09,-0.00015492645738075233,-0.0003219438084639545,-0.0005477359042483203
1052,-0.00019471653374051223,-0.00018193496691799288,-9.821710778193346e-05,-4.385086663501948e-08,9.81906288570991e-05,0.0001819632529017809,0.00019445289921735337,0.0005477404556856818,0.000321937428959951,0.0001549305079819607,4.195721785534241e-09,-0.000154926153509184,-0.00032194367372901495,-0.0005477355157436944
1053,-0.00019471791321371029,-0.0001819334836717445,-9.821547350368015e-05,-4.282921479741629e-08,9.819167513634263e-05,0.00018196299196669694,0.00019445792010688907,0.0005477400038253439,0.0003219375606195951,0.00015493091261685837,4.399130000979955e-09,-0.0001549258861573279,-0.0003219433895994564,-0.0005477352173244169
1054,-0.00019471798482923323,-0.0001819341840930367,-9.821659417085111e-05,-4.20739891297508e-08,9.819052167322275e-05,0.0001819620913391808,0.0001944606039894979,0.0005477397159961817,0.0003219371785892756,0.0001549307587572803,4.595418826611839e-09,-0.00015492615639949934,-0.0003219432202038554,-0.0005477353868125081
1055,-0.00019471861356603717,-0.0001819346589584364,-9.821835704177584e-05,-4.112577421784228e-08,9.818922813372616e-05,0.0001819614788387755,0.00019446557625850733,0.0005477392686447357,0.00032193677389888393,0.00015493043340488838,4.786906015544629e-09,-0.00015492645941784662,-0.00032194316387739016,-0.0005477351522807606
1056,-0.00019471947000650961,-0.00018193483337164355,-9.821937331914973e-05,-4.052392202702057e-08,9.818826383450278e-05,0.00018196018303032104,0.00019447025985853584,0.0005477388174549509,0.0003219364579296117,0.00015493040615730767,4.995311299019786e-09,-0.00015492669643064067,-0.00032194311483451965,-0.0005477348421152416
1057,-0.00019471905875665974,-0.00018193481871159426,-9.822036638871981e-05,-3.933288798606105e-08,9.818841794827072e-05,0.00018195914006830774,0.0001944749716949227,0.0005477385261805329,0.0003219362048998461,0.00015493028605198818,5.212172814598991e-09,-0.00015492667611981676,-0.000321943184572048,-0.0005477345381003136
1058,-0.00019471916465778176,-0.00018193275016681963,-9.82204622760824e-05,-3.898621031627864e-08,9.818881217453249e-05,0.00018196020193666148,0.00019447745388362781,0.0005477382798331765,0.00032193646972209823,0.00015493032536490118,5.364396953521623e-09,-0.0001549266120750535,-0.00032194262056747515,-0.0005477344542580465
1059,-0.000194719403021513,-0.000181930852005709,-9.82202845929355e-05,-3.989675710153526e-08,9.81892091929031e-05,0.00018195954788959772,0.00019448037816936986,0.0005477379385216194,0.00032193667345464545,0.00015493037932130783,5.142070999449283e-09,-0.00015492651255571592,-0.0003219425767965397,-0.0005477343060889212
1060,-0.00019471950726746817,-0.00018193001547649974,-9.822039332656035e-05,-3.985607116039147e-08,9.818971769562823e-05,0.000181958298258328,0.00019448224369019606,0.0005477376252114373,0.0003219366968546384,0.00015493040848805795,5.274363107397253e-09,-0.00015492638689867876,-0.0003219426528002717,-0.0005477340270925627
1061,-0.00019471954523778398,-0.00018192953202984805,-9.822059118697935e-05,-3.88368056320126e-08,9.819054123867426e-05,0.00018195691224328007,0.00019448435462891697,0.000547737296016082,0.00032193667192855895,0.00015493034111596364,5.5665525652643435e-09,-0.00015492613331628493,-0.00032194275049292993,-0.0005477339861656975
1062,-0.000194719460637083,-0.00018192928884839903,-9.82212921481712e-05,-3.932755565422189e-08,9.81897712333794e-05,0.00018195565068101593,0.0001944841676837322,0.0005477370157479848,0.00032193664323350833,0.00015493022354487264,5.590194607544232e-09,-0.00015492632458810469,-0.0003219427544237588,-0.0005477342074251169
1063,-0.0001947194726173383,-0.00018192945067051547,-9.822216847527636e-05,-4.04123891899043e-08,9.818868800746197e-05,0.00018195514484035082,0.00019448638671075988,0.0005477364836987382,0.0003219364382523449,0.00015492998829632707,5.351719913470064e-09,-0.00015492652162899382,-0.000321942671968843,-0.0005477340153694437
1064,-0.0001947190312395108,-0.00018192947285763307,-9.822101969686978e-05,-4.0924156215396356e-08,9.818806675043584e-05,0.0001819544758278201,0.00019448909876076178,0.0005477360604409609,0.00032193629103124304,0.00015493029508133326,5.4075546301449255e-09,-0.00015492663463569887,-0.0003219425659058315,-0.0005477335946088987
1065,-0.00019471701890144387,-0.00018192983762488045,-9.822007312862131e-05,-3.934385737186834e-08,9.818803027568153e-05,0.00018195392557351112,0.0001944925200004993,0.0005477359673728071,0.00032193601876353867,0.0001549304063399756,5.823457990699072e-09,-0.0001549265791347077,-0.0003219424773465697,-0.0005477333871998704
1066,-0.00019471520449374646,-0.0001819292371638436,-9.82198968720706e-05,-4.0425117620048195e-08,9.818845500331866e-05,0.00018195375336719312,0.00019449296034384752,0.0005477358197586225,0.0003219359947392376,0.00015493043224182546,5.660451864546237e-09,-0.00015492645757960604,-0.00032194223146166367,-0.0005477337185687427
1067,-0.00019471425193537034,-0.00018192783319811702,-9.821930954300931e-05,-4.292082989356656e-08,9.818843330092852e-05,0.00018195269250376213,0.00019449504859298946,0.0005477353676208143,0.00032193608251233365,0.00015493049892024408,5.048282207558941e-09,-0.00015492639277179951,-0.00032194220641997164,-0.0005477339263014864
1068,-0.0001947130596930704,-0.00018192940802041243,-9.821832004288537e-05,-4.273280887795244e-08,9.81876600473687e-05,0.00018195020271902335,0.0001944971541819746,0.0005477349551150099,0.00032193548715362004,0.00015493073742444088,5.213525490730281e-09,-0.0001549265056212714,-0.00032194258738665513,-0.0005477340249652906
1069,-0.00019471103461613,-0.0001819294610744214,-9.821818499900409e-05,-4.1969844889486624e-08,9.81872682437589e-05,0.00018195099188878585,0.0001945011869566034,0.0005477346045544437,0.000321935220828404,0.0001549307111433816,5.3714069562301255e-09,-0.00015492652552745115,-0.00032194225527786203,-0.0005477339126823206
1070,-0.0001947087067815861,-0.00018192865638746964,-9.821859139172745e-05,-4.1850332561936905e-08,9.818739761967892e-05,0.0001819526869766871,0.00019450368251472177,0.0005477344198054876,0.0003219351712305929,0.00015493055963767635,5.44468998215295e-09,-0.00015492647713201123,-0.000321941712014192,-0.0005477339504876451
1071,-0.0001947068359602851,-0.00018192788052800727,-9.821822004814742e-05,-4.1516347587443085e-08,9.818670687323109e-05,0.00018195222489942177,0.00019450739230521402,0.0005477340548164674,0.000321935064219558,0.00015493051656966566,5.442122189477313e-09,-0.00015492657635075597,-0.0003219418019839277,-0.0005477338507370824
1072,-0.0001947034163757144,-0.00018192752148487855,-9.821748317771661e-05,-4.151938325704738e-08,9.818556396377033e-05,0.00018195169242830425,0.00019450989179435366,0.0005477340538453213,0.0003219349195881787,0.0001549306992815275,5.500000856458239e-09,-0.00015492679078209443,-0.00032194186570960016,-0.0005477337556803916
1073,-0.00019469905477460415,-0.00018192731635256277,-9.821679307166071e-05,-4.1019704301288995e-08,9.818732021599807e-05,0.00018195107680475672,0.00019451410705112801,0.0005477341782213708,0.0003219347090113648,0.00015493079940436286,5.501742527644068e-09,-0.0001549262303407023,-0.00032194193600206905,-0.0005477335086393595
1074,-0.00019469591359303905,-0.00018192748399731976,-9.821643271425067e-05,-4.037515676917775e-08,9.8187207231156e-05,0.0001819508572586963,0.0001945166512199205,0.0005477339992761679,0.00032193442358694505,0.00015493091965997877,5.658883529270546e-09,-0.00015492615151602252,-0.0003219418550963623,-0.0005477333395905962
1075,-0.00019469337750303715,-0.00018192773938562434,-9.82160045708615e-05,-3.893789641948099e-08,9.818654383436998e-05,0.00018195040356563922,0.00019452025274476663,0.0005477334656777123,0.0003219340681706491,0.0001549310255310733,5.822346448026629e-09,-0.00015492618105273297,-0.00032194186839181284,-0.000547733147627413
1076,-0.00019468974186993124,-0.0001819280711086478,-9.821574568897261e-05,-3.8153559700848686e-08,9.818604149123006e-05,0.00018194971940045006,0.0001945229793760003,0.0005477332131797649,0.00032193372891699653,0.00015493115448306994,6.054162410051103e-09,-0.00015492617912200233,-0.0003219418569924091,-0.0005477328911292691
1077,-0.00019468443944439554,-0.00018192868797357043,-9.821588765992421e-05,-3.664624672443219e-08,9.818574962521555e-05,0.00018194896303845915,0.00019452769620744424,0.000547733323612933,0.0003219332993930155,0.00015493111441405042,6.336024471333404e-09,-0.00015492610921105508,-0.000321941915029941,-0.000547732388075666
1078,-0.0001946787193749428,-0.00018192980916192193,-9.821591784504447e-05,-3.4459932248897565e-08,9.818522609988078e-05,0.00018194745832430254,0.00019452898872526937,0.0005477335866316284,0.0003219327917380303,0.0001549311350023446,6.854250628718155e-09,-0.0001549261168576733,-0.00032194213178046846,-0.0005477324456045024
1079,-0.0001946739329673779,-0.00018192893973627142,-9.821649479581551e-05,-3.3803228645310656e-08,9.818534345121068e-05,0.00018194774370265416,0.00019453097773336546,0.0005477335445023922,0.00032193271665919925,0.00015493096362051886,6.9507433249387086e-09,-0.0001549259381876284,-0.0003219418700335119,-0.0005477324332108303
1080,-0.0001946700606355598,-0.00018192816295070378,-9.82170021911552e-05,-3.4120753838649666e-08,9.818523506044181e-05,0.0001819478390126788,0.00019453295823902697,0.0005477335639715562,0.0003219326659515071,0.00015493087164143596,6.995526493863931e-09,-0.00015492576419758213,-0.00032194161372034815,-0.0005477322465195823
1081,-0.0001946654063950386,-0.00018192825584694341,-9.82175908995222e-05,-3.546753565192456e-08,9.818502358331978e-05,0.00018194798571169332,0.00019453485643954635,0.0005477336398365531,0.00032193238755633417,0.0001549306585905121,6.623222801115901e-09,-0.00015492556744803676,-0.000321941475378295,-0.0005477322732723411
1082,-0.00019466137478296746,-0.00018192805360131743,-9.82172653390396e-05,-3.476565383558662e-08,9.818474937635925e-05,0.00018194739362501253,0.0001945342647075442,0.000547733802457255,0.00032193216849355443,0.00015493072050569106,6.87284324317215e-09,-0.00015492547191039757,-0.00032194144252119033,-0.0005477326591409993
1083,-0.00019465787949421765,-0.0001819273197811227,-9.821762622945276e-05,-3.4474778010844316e-08,9.818472089074064e-05,0.0001819457489113263,0.00019453592440640173,0.0005477338216951938,0.0003219320475858834,0.00015493061156392551,6.925206962590207e-09,-0.00015492530098639782,-0.00032194180050408626,-0.000547732554372849
1084,-0.0001946543963827668,-0.00018192757309061652,-9.821788509360771e-05,-3.5013726470140625e-08,9.818396181644354e-05,0.0001819443215072548,0.0001945367463740836,0.0005477339179311331,0.0003219317288881535,0.00015493057419792888,6.997606407091948e-09,-0.00015492527710083188,-0.0003219420835700087,-0.0005477324437778232
1085,-0.00019465140445193183,-0.00018192674755644416,-9.821842185436597e-05,-3.559739444914771e-08,9.818458596015947e-05,0.0001819431704076738,0.0001945385786733465,0.0005477339526842847,0.00032193165649153503,0.00015493041269635708,6.9319665680323816e-09,-0.00015492491634323325,-0.00032194229097903706,-0.00054773229773597
1086,-0.00019464781666102973,-0.00018192526231020247,-9.82188273121171e-05,-3.663283445126553e-08,9.818533118524203e-05,0.00018194259011405684,0.00019453867939221996,0.0005477341249933237,0.0003219317902784512,0.00015493033105072954,6.827115740478567e-09,-0.00015492456654571035,-0.0003219423152576858,-0.0005477323140373484
1087,-0.00019464636900086869,-0.0001819256957077612,-9.82196391428872e-05,-3.776003380028053e-08,9.818311842814399e-05,0.00018194196417527304,0.00019453938514354352,0.0005477337563509448,0.0003219314181445714,0.0001549301120318826,6.587400518438867e-09,-0.0001549249025067157,-0.00032194241177109544,-0.0005477323341308207
1088,-0.00019464361643868762,-0.00018192617832682944,-9.822000405397652e-05,-3.883709775024303e-08,9.818248978296535e-05,0.00018194044113605491,0.00019454019346595101,0.0005477338479623796,0.0003219310802782702,0.0001549300177128004,6.575106455342872e-09,-0.0001549248528742208,-0.00032194264600225004,-0.0005477322065869857
1089,-0.00019463938427556612,-0.00018192636591240612,-9.822050538135629e-05,-3.9253055996137e-08,9.818281901437158e-05,0.00018194078321372338,0.00019454249151734375,0.0005477343101353626,0.00032193079210227017,0.00015492981987187194,6.571834078474738e-09,-0.00015492457240033307,-0.0003219425356153268,-0.0005477318532748393
1090,-0.0001946372534551386,-0.00018192660882784622,-9.822030840960426e-05,-4.005393547988179e-08,9.818260345647507e-05,0.00018194039774703811,0.000194541803243794,0.0005477343492355485,0.0003219305264476073,0.0001549298248339653,6.522697967483781e-09,-0.00015492444473163644,-0.00032194263568960493,-0.0005477319031963658
1091,-0.00019463734147454734,-0.00018192473579965607,-9.821984664071225e-05,-4.1032883896419614e-08,9.818238146313222e-05,0.00018194024822044686,0.00019454252603939525,0.000547733946857409,0.00032193073436533113,0.00015492983169904228,6.326011725112153e-09,-0.00015492429080731532,-0.0003219427391628939,-0.0005477317032790347
1092,-0.00019463691345628087,-0.00018192356458191603,-9.821948917491815e-05,-4.13031603125353e-08,9.818188172786532e-05,0.00018194094840528663,0.0001945424059215722,0.0005477338249092245,0.000321930847966285,0.00015492993122069208,6.431851622735057e-09,-0.00015492421325206203,-0.0003219426106016679,-0.0005477313714014669
1093,-0.00019463579572604587,-0.00018192323515445134,-9.82201781036381e-05,-3.9461739338392964e-08,9.818087145539737e-05,0.0001819397474043954,0.00019454318680564825,0.0005477338291175237,0.00032193077674891514,0.00015492971143880188,6.870242663453049e-09,-0.0001549242501278612,-0.0003219429974877171,-0.0005477309354494246
1094,-0.00019463468965094413,-0.00018192331815909858,-9.821903253605817e-05,-4.017122145629047e-08,9.818003628086332e-05,0.0001819387325309577,0.00019454204598189477,0.0005477339091676971,0.0003219306262444151,0.00015493002607852908,6.780234892366263e-09,-0.00015492426751137373,-0.00032194330658960005,-0.0005477307238783422
1095,-0.00019463400578132047,-0.000181923460129065,-9.82182856134444e-05,-4.1207366134858594e-08,9.817956145290192e-05,0.00018193803441507648,0.0001945414006835701,0.0005477338855827239,0.0003219304340962518,0.00015493017436789145,6.510909446899246e-09,-0.0001549242085211939,-0.0003219436300043246,-0.0005477305584366925
1096,-0.00019463275048504515,-0.00018192379036440873,-9.822018470460115e-05,-4.2725139963815486e-08,9.817953056926182e-05,0.00018193782291825008,0.00019453960390142925,0.0005477338992250123,0.00032193028664392474,0.00015492973063974472,6.291659044076576e-09,-0.00015492405388932356,-0.00032194377019617956,-0.0005477304699005532
1097,-0.00019463202145301165,-0.00018192338355789363,-9.822034776119619e-05,-4.221923660335288e-08,9.818004670053276e-05,0.00018193715976776864,0.00019454039330764415,0.0005477338715242302,0.000321930283337404,0.00015492960728108628,6.4342288872112774e-09,-0.00015492371341017732,-0.0003219441698921063,-0.0005477300019700621
1098,-0.00019463148584889975,-0.00018192496705996287,-9.821923401222858e-05,-4.201614541964937e-08,9.817835668453567e-05,0.00018193591680642728,0.00019453943082811909,0.0005477339161275765,0.0003219298178810227,0.00015492981515487732,6.599261395639905e-09,-0.00015492392505293953,-0.00032194461275778294,-0.0005477297124298332
1099,-0.00019463162774004865,-0.00018192634716370065,-9.82191283288398e-05,-4.1628236826317654e-08,9.817663145880465e-05,0.00018193703887162311,0.00019453849446673287,0.0005477336691096668,0.0003219293551993442,0.00015492973315778743,6.665749944581671e-09,-0.0001549241254026617,-0.00032194452271867976,-0.0005477296404031751
1100,-0.00019463191203466002,-0.0001819271373777946,-9.821956726332574e-05,-4.241613306895195e-08,9.817561793314565e-05,0.00018193733261447862,0.00019453712741713844,0.0005477335623298571,0.000321929068341328,0.00015492957716631278,6.60959557614162e-09,-0.0001549241872161015,-0.00032194455959910334,-0.0005477295165820662
1101,-0.00019463127421414278,-0.0001819261744450691,-9.82201305569998e-05,-4.2689569176915376e-08,9.817588913913106e-05,0.00018193736988528935,0.0001945366096553311,0.0005477337065912761,0.000321929178057698,0.00015492936105396696,6.502372151392784e-09,-0.00015492395714006423,-0.0003219446586328679,-0.0005477293219366704
1102,-0.0001946309865993455,-0.00018192616069142073,-9.822066938474619e-05,-4.3630846309176435e-08,9.817485792486155e-05,0.00018193634772123573,0.00019453299190393852,0.0005477339131678935,0.00032192912193933557,0.00015492920381850054,6.339641283842647e-09,-0.00015492409578733463,-0.00032194502179520894,-0.0005477295988751245
1103,-0.00019463194213308112,-0.00018192715187035678,-9.822162870467597e-05,-4.4843842903936644e-08,9.817341508044785e-05,0.00018193598805741942,0.00019452994386491765,0.000547733824932347,0.0003219287246481511,0.00015492886463652783,6.02768985537447e-09,-0.00015492432316959804,-0.00032194525833861577,-0.00054772976785452
1104,-0.000194633933761858,-0.00018192645869041956,-9.822201702356842e-05,-4.463215537078836e-08,9.817364838705319e-05,0.0001819353534093053,0.00019452666725523613,0.0005477335912098879,0.00032192878310188843,0.00015492867968409354,6.2107847531463645e-09,-0.0001549241565001424,-0.00032194553814426257,-0.0005477296977239088
1105,-0.00019463404476641115,-0.000181926379262115,-9.822276686538422e-05,-4.4748932991269454e-08,9.81739976863723e-05,0.000181934258142049,0.00019452558479581857,0.0005477337996363073,0.0003219286725531075,0.0001549283427103217,6.170419784520148e-09,-0.000154923899796208,-0.0003219460107917484,-0.0005477292394355096
1106,-0.00019463434622352647,-0.00018192593446557978,-9.822294103031633e-05,-4.460686408137289e-08,9.817339861153767e-05,0.00018193418812257977,0.0001945219992118056,0.0005477341470984553,0.00032192865733848765,0.00015492815031937186,6.3510832163104385e-09,-0.00015492391871505608,-0.0003219460608057649,-0.0005477291278693377
1107,-0.00019463683575210845,-0.00018192536256602328,-9.822357465675903e-05,-4.365153451947516e-08,9.817292070870973e-05,0.0001819343841317735,0.00019451907942851147,0.000547733949909582,0.00032192867544342284,0.00015492785284811775,6.633074390522153e-09,-0.00015492393064165327,-0.00032194607456366593,-0.0005477291037756691
1108,-0.00019464016208576088,-0.00018192664372428067,-9.822320691021125e-05,-4.4865817795626906e-08,9.817222584799e-05,0.00018193252562570208,0.00019451492813211333,0.0005477337595418529,0.00032192827063741853,0.0001549278146797696,6.583758629553794e-09,-0.0001549239444203645,-0.00032194651988032996,-0.0005477291532578676
1109,-0.00019464269826443244,-0.00018192767076516522,-9.822257479706397e-05,-4.560659105470395e-08,9.817165659965614e-05,0.00018193241603986333,0.0001945124387907229,0.0005477337153778346,0.0003219279169553118,0.00015492778606333556,6.5238184810013424e-09,-0.00015492390917701545,-0.00032194655338486526,-0.0005477291061110438
1110,-0.00019464547192999084,-0.00018192805415303973,-9.822320444716534e-05,-4.644005807921374e-08,9.817117802885016e-05,0.00018193217826726314,0.00019450928680131232,0.0005477338063880838,0.0003219277312583323,0.0001549274990781455,6.500508218249782e-09,-0.00015492388236645045,-0.00032194658453090326,-0.0005477289538492321
1111,-0.00019464853789998596,-0.00018192744660828282,-9.822485584260253e-05,-4.667578429613354e-08,9.817038059014993e-05,0.00018193208480944906,0.00019450606816187938,0.0005477337481193267,0.0003219277493170225,0.00015492691976877487,6.531855376214161e-09,-0.0001549238928317042,-0.00032194669107948773,-0.0005477290111005983
1112,-0.00019465180334714342,-0.00018192657245358416,-9.822615416336384e-05,-4.749789734598034e-08,9.817017017903417e-05,0.00018193112879295647,0.00019450260147401866,0.0005477338631076319,0.0003219278615075025,0.00015492646156592898,6.56428212337446e-09,-0.00015492378845432465,-0.0003219469348139992,-0.0005477289684857889
1113,-0.00019465368065118126,-0.00018192579534289445,-9.822723393806134e-05,-4.7541327332092406e-08,9.817052110593402e-05,0.00018193036572162845,0.00019450175438326853,0.000547734255473719,0.00032192795212466883,0.0001549259819169433,6.633703820966579e-09,-0.0001549235528103839,-0.00032194725968544264,-0.0005477285311463952
1114,-0.00019465582972770504,-0.00018192569319545437,-9.822676684012321e-05,-4.8513329320735975e-08,9.817102118898299e-05,0.0001819314729592879,0.00019449842137968774,0.0005477346173180762,0.00032192791535985775,0.0001549259996403569,6.5792351510217395e-09,-0.00015492328312777752,-0.00032194704099262325,-0.0005477285572748459
1115,-0.0001946590179928558,-0.00018192522079310056,-9.822716035604255e-05,-4.9803860792940585e-08,9.817188402943394e-05,0.00018193226357732137,0.0001944954617344586,0.0005477346526030458,0.0003219279321930543,0.00015492565206953296,6.2877914578663366e-09,-0.00015492289924303175,-0.0003219469105122278,-0.0005477286557305474
1116,-0.0001946619827612205,-0.00018192417489513654,-9.822730409841677e-05,-4.951873372819506e-08,9.81704445505262e-05,0.00018193246379339748,0.00019449219341046353,0.0005477347803549836,0.0003219281549091926,0.00015492547389893454,6.559360210017988e-09,-0.00015492313839465916,-0.0003219469237151883,-0.0005477288090328726
1117,-0.00019466384502097388,-0.00018192224691146604,-9.822845446401012e-05,-4.8471624184986726e-08,9.817035615279362e-05,0.0001819327936740626,0.00019449031022467203,0.0005477349640865487,0.0003219285845719088,0.00015492496870649807,6.860048062984309e-09,-0.00015492300355566822,-0.0003219470094072573,-0.0005477288824468821
1118,-0.00019466533526227268,-0.00018192308360816243,-9.822934793687046e-05,-4.8225948781787834e-08,9.817062353219088e-05,0.00018193324459865606,0.00019448706600897034,0.0005477352048613771,0.00032192834865281004,0.000154924613334135,7.094650660106517e-09,-0.00015492278517269066,-0.0003219469390454208,-0.0005477291850282137
1119,-0.00019466734142302043,-0.00018192328267153306,-9.822930912813385e-05,-4.755885904363612e-08,9.817059575100342e-05,0.00018193318161364598,0.00019448467723867056,0.0005477352813506822,0.0003219282684407789,0.00015492440616326865,7.340257204028305e-09,-0.00015492261842924295,-0.0003219470612479531,-0.0005477293668406095
1120,-0.00019466858849272238,-0.0001819225637971009,-9.823163559322427e-05,-4.6574981862376204e-08,9.816987895735246e-05,0.0001819328245902149,0.00019448137143696887,0.0005477355341260999,0.00032192847938755317,0.00015492363168824545,7.75159027496571e-09,-0.00015492263775967191,-0.00032194719316194493,-0.0005477295674978611
1121,-0.00019467066557934024,-0.00018192185646942802,-9.823435096932333e-05,-4.66202724737644e-08,9.816938256394625e-05,0.00018193411709818789,0.00019447942191642487,0.0005477356070545365,0.00032192867213690215,0.00015492264269170597,7.807130065944994e-09,-0.00015492256708336913,-0.00032194691675530897,-0.0005477296486579156
1122,-0.0001946731287927397,-0.0001819224615806956,-9.823386147638656e-05,-4.7256214633801083e-08,9.816815919170164e-05,0.00018193514891738145,0.00019447659113775784,0.0005477355444156225,0.00032192859689621336,0.00015492258803699916,7.789966907808603e-09,-0.00015492270526587683,-0.00032194665466151454,-0.0005477297282687612
1123,-0.00019467582558170912,-0.0001819213137520395,-9.823374496840361e-05,-4.772552556449046e-08,9.816744322070799e-05,0.0001819361531011999,0.00019447426413079735,0.000547735332173987,0.00032192889797458095,0.0001549223202296294,7.742058650172378e-09,-0.00015492267813853325,-0.0003219464928732235,-0.000547729827048178
1124,-0.00019467823854897197,-0.00018191999086978437,-9.823320887857903e-05,-4.8678236820898953e-08,9.816709885634769e-05,0.00018193756050533858,0.000194472213842119,0.0005477353230868356,0.00032192929454896723,0.0001549221638612576,7.750403531837702e-09,-0.00015492259160480442,-0.00032194614194269695,-0.0005477297067879377
1125,-0.0001946787377492653,-0.00018191921328618982,-9.823338471936758e-05,-4.826730833347643e-08,9.816652688979635e-05,0.0001819374863183957,0.00019447067669457383,0.0005477356704333711,0.0003219295734065906,0.0001549218498967081,7.917150243745032e-09,-0.00015492256352712513,-0.0003219462079112541,-0.0005477297789764534
1126,-0.00019467955891892027,-0.0001819191483504474,-9.823383541243472e-05,-4.786942263770326e-08,9.816407358867887e-05,0.00018193712396493325,0.00019446627724137397,0.0005477358524076245,0.00032192970423382386,0.00015492148860497918,8.188981016392705e-09,-0.00015492301892752131,-0.00032194630611260785,-0.0005477303973420771
1127,-0.00019468201759046305,-0.00018191918338481247,-9.823478505160883e-05,-4.8187154149560934e-08,9.816394464625492e-05,0.00018193638784917972,0.00019446472507910097,0.0005477355333168117,0.0003219297135522005,0.00015492095733264942,8.216482391760818e-09,-0.0001549228897350504,-0.0003219465008042487,-0.0005477305943922152
1128,-0.00019468420000677634,-0.0001819199576383689,-9.823549085613416e-05,-4.9285033404961656e-08,9.816336007284941e-05,0.00018193807713414478,0.00019446386640218282,0.0005477352285157179,0.00032192955749829497,0.00015492055462617017,8.170735008091022e-09,-0.00015492288327924206,-0.00032194610665772734,-0.0005477305936985396
1129,-0.00019468425067655683,-0.00018192004196320878,-9.823556189136349e-05,-4.9978922760466394e-08,9.816337440777661e-05,0.00018193937109038874,0.00019446350163493538,0.0005477352538580027,0.000321929528965102,0.0001549202265961901,8.066930232132578e-09,-0.00015492271581899616,-0.00032194588100502866,-0.0005477307115077925
1130,-0.00019468375254029933,-0.0001819199221508034,-9.823545358729385e-05,-5.1148630916422235e-08,9.816400613176265e-05,0.00018193958495173922,0.00019446130739600174,0.0005477353278731977,0.00032192957007694733,0.0001549200238371011,7.981488325705371e-09,-0.0001549224488209147,-0.0003219458674783529,-0.000547731121493242
1131,-0.00019468300023740807,-0.00018191988187507666,-9.823651003596135e-05,-5.244599191149515e-08,9.816245154486721e-05,0.00018193958698128904,0.00019446047129043634,0.0005477352651417938,0.00032192954168248954,0.00015491947441127876,7.706821087305042e-09,-0.00015492273774608443,-0.00032194598003879325,-0.0005477314044204293
1132,-0.00019468159976920667,-0.0001819203983561001,-9.823669060087197e-05,-5.25223578509948e-08,9.816093695094087e-05,0.00018193936055840444,0.0001944589357586493,0.000547735379598281,0.00032192945106532315,0.00015491915322787768,7.876254012962943e-09,-0.00015492301231447982,-0.0003219460936397471,-0.0005477316851740995
1133,-0.0001946800311340826,-0.00018192070277872266,-9.82370589789447e-05,-5.1482396397072196e-08,9.816016655549956e-05,0.00018193897955475833,0.0001944590653148643,0.0005477354435551786,0.0003219293889351048,0.0001549187098326953,8.187970062012039e-09,-0.0001549230996020029,-0.00032194623704563267,-0.0005477317812713037
1134,-0.00019467911182682627,-0.00018191903642964115,-9.823657288895216e-05,-4.940017362601767e-08,9.815999931074123e-05,0.0001819390160866553,0.00019445740982288918,0.0005477353121498824,0.00032192984914267337,0.00015491856383015044,8.834882138941005e-09,-0.0001549231089018815,-0.0003219462553124256,-0.0005477320646609415
1135,-0.00019467889311820143,-0.00018191843366319332,-9.823694649262311e-05,-4.9244685373027464e-08,9.81594376288844e-05,0.0001819389822936654,0.00019445653045638536,0.0005477348581391498,0.00032192998875646525,0.00015491819377960994,8.835150274188146e-09,-0.0001549231948899188,-0.0003219463671098227,-0.0005477322585432941
1136,-0.00019467731419739763,-0.00018191790683737703,-9.823672633474207e-05,-4.965840760771434e-08,9.815867997428698e-05,0.00018193793479964762,0.00019445655540211435,0.0005477347390812806,0.0003219301355151166,0.00015491807465237316,8.860916166882394e-09,-0.00015492335749443491,-0.00032194667281269486,-0.0005477320296303197
1137,-0.00019467423179396018,-0.0001819168211661476,-9.823701949927439e-05,-4.916799351541095e-08,9.815975252142256e-05,0.00018193890235304727,0.00019445788753556993,0.0005477349169166025,0.00032193039749329837,0.00015491778490635386,8.916587922029364e-09,-0.00015492303693996645,-0.00032194648676887747,-0.0005477317351187484
1138,-0.0001946711229965227,-0.00018191625353258665,-9.82376713778725e-05,-4.8504614929323236e-08,9.81605717354191e-05,0.00018193951003573475,0.00019445537982970912,0.0005477351526738436,0.000321930573016368,0.00015491738677119737,9.107100232572576e-09,-0.0001549227881647451,-0.000321946343455482,-0.0005477320644065938
1139,-0.00019466935688422957,-0.0001819149469162867,-9.823885674137784e-05,-4.747534186116675e-08,9.816056477288091e-05,0.00018193872173296444,0.00019445342783626704,0.0005477350556054934,0.00032193085781647964,0.00015491683118322276,9.279159137578277e-09,-0.00015492272417778812,-0.0003219466248797053,-0.0005477323491142154
1140,-0.00019466751578696667,-0.00018191392658473924,-9.823881542329005e-05,-4.6188682236052785e-08,9.815983947482501e-05,0.00018193871268865983,0.00019445203739758865,0.0005477350091061002,0.0003219311403043391,0.00015491664082474264,9.659687388395531e-09,-0.00015492284990881736,-0.00032194668562257237,-0.0005477324583450124
1141,-0.0001946651945238292,-0.00018191425745062276,-9.823900865121231e-05,-4.488640938753102e-08,9.815906860746408e-05,0.00018193970712866863,0.00019445175787143415,0.0005477349192519772,0.0003219310493634574,0.00015491631673946498,9.883122880880049e-09,-0.00015492296539194457,-0.00032194657699296093,-0.0005477325093301748
1142,-0.00019466193205203123,-0.0001819148462959351,-9.823959848272824e-05,-4.449017918668864e-08,9.815835286898198e-05,0.00018193908112091957,0.00019445031574820027,0.000547735103677218,0.00032193090126369974,0.0001549159669743136,1.0047531874530449e-08,-0.0001549230799779179,-0.00032194684803517164,-0.0005477328231028075
1143,-0.000194658097907277,-0.00018191283625342697,-9.824041689574225e-05,-4.3691336548317605e-08,9.815759289321007e-05,0.00018193841199016267,0.00019445091474126178,0.0005477353334457257,0.0003219313500256196,0.0001549155427962598,1.0163190797417259e-08,-0.000154923149456474,-0.0003219472454650912,-0.0005477327877715929
1144,-0.00019465531186737588,-0.0001819108038070532,-9.824112280273029e-05,-4.2778764373806386e-08,9.815644310396946e-05,0.00018193782449459946,0.0001944501851180973,0.000547735274968866,0.0003219318806643923,0.0001549151517088482,1.0494155006635551e-08,-0.00015492336010265547,-0.0003219475909155798,-0.0005477330258873312
1145,-0.00019465238135505376,-0.00018190900698550363,-9.824170500570041e-05,-4.245969913835068e-08,9.815604075753796e-05,0.00018193964554266866,0.00019445037977754184,0.0005477351366730579,0.0003219323690351935,0.00015491472590065653,1.053459618339687e-08,-0.00015492328942404043,-0.00032194740891820393,-0.000547733282200495
1146,-0.00019464806922175757,-0.00018190798653572996,-9.82422761978701e-05,-4.405346871790312e-08,9.81557309940466e-05,0.0001819411760695464,0.0001944518940778731,0.0005477353559439403,0.000321932710762956,0.00015491439047378148,1.0203354189671506e-08,-0.00015492322089350776,-0.0003219472598704228,-0.000547733075068937
1147,-0.00019464381727545132,-0.00018190819442665711,-9.824365628190352e-05,-4.292258211625121e-08,9.81550797006682e-05,0.0001819422614452103,0.0001944540854202647,0.0005477355047373736,0.0003219326823916207,0.0001549138053259739,1.0361180747735351e-08,-0.00015492320053412658,-0.0003219472659516463,-0.0005477327748229802
1148,-0.00019463995329828496,-0.00018190797387567396,-9.824483128977862e-05,-4.069376678448794e-08,9.815460609930364e-05,0.00018194261240954846,0.0001944559140643675,0.0005477357355001499,0.0003219327803386267,0.00015491327606530358,1.1011934935866436e-08,-0.00015492311757513974,-0.00032194738581880377,-0.0005477323560047271
1149,-0.00019463513221103362,-0.000181907156784823,-9.8245590690183e-05,-4.046885741004554e-08,9.815451114395764e-05,0.0001819430015018373,0.00019445827617465834,0.0005477362613756829,0.0003219329707063558,0.0001549127896784148,1.1024410617128962e-08,-0.00015492294219542982,-0.0003219475293171794,-0.000547732044775572
1150,-0.0001946305920489469,-0.00018190651492491045,-9.824628732035491e-05,-4.057397928249325e-08,9.815264327338565e-05,0.00018194359657372974,0.00019445774503358565,0.0005477368349298576,0.0003219331447958289,0.00015491230955310515,1.101180686252564e-08,-0.0001549232459791326,-0.00032194755678673634,-0.0005477321517634844
1151,-0.00019462761672889355,-0.00018190696443078945,-9.824651665160414e-05,-4.0762355048639684e-08,9.815215117848717e-05,0.00018194429870930186,0.00019445741531055544,0.0005477371378117819,0.00032193299604864063,0.00015491188913939802,1.0938852926056857e-08,-0.00015492317663237488,-0.0003219475807185473,-0.00054773211918385
1152,-0.00019462583676443018,-0.00018190655234350393,-9.824682207225293e-05,-4.1127721473369236e-08,9.815212066430397e-05,0.00018194528546460744,0.0001944574793793057,0.0005477373991887781,0.0003219331399632217,0.00015491154616533158,1.0950833063911625e-08,-0.00015492307695811643,-0.00032194744006424194,-0.0005477318908951837
1153,-0.0001946241242283117,-0.0001819054606722947,-9.824742661307906e-05,-4.132094432175356e-08,9.815199111005941e-05,0.00018194662399213023,0.00019445819897294728,0.000547737631616376,0.00032193342878665234,0.00015491106034725685,1.0789281092630206e-08,-0.00015492297831512248,-0.00032194729140954374,-0.0005477316423511875
1154,-0.00019462191860025377,-0.00018190508516616706,-9.824800270473968e-05,-4.1862378256443496e-08,9.8151284303567e-05,0.00018194604978716278,0.00019445797522000443,0.0005477380708749391,0.0003219335789905596,0.00015491069181817837,1.0676666120828689e-08,-0.00015492302910374354,-0.0003219475254325956,-0.0005477315381611004
1155,-0.00019462001936525512,-0.00018190464513808874,-9.824845608745295e-05,-4.221111854294164e-08,9.815046822552053e-05,0.00018194681533138888,0.00019445796287521832,0.000547738504907812,0.0003219336885219494,0.0001549102471998145,1.0473655678903244e-08,-0.00015492305432116674,-0.00032194742269922745,-0.0005477314782506441
1156,-0.0001946195806672216,-0.00018190466304935862,-9.824871814864148e-05,-4.216143373055269e-08,9.815136542841762e-05,0.00018194721664038547,0.0001944573704634155,0.0005477386329372201,0.00032193376896520585,0.00015490987176635073,1.0488026942955345e-08,-0.00015492268449260246,-0.00032194735492711347,-0.0005477314958700065
1157,-0.0001946195980760301,-0.00018190544712554216,-9.824897124434291e-05,-4.263552308164166e-08,9.815241713916999e-05,0.00018194753274769786,0.00019445806537733698,0.000547738558343962,0.0003219335968873921,0.00015490944556738846,1.0257336124502372e-08,-0.00015492225950294812,-0.0003219473435970774,-0.0005477314629204116
1158,-0.0001946180896377481,-0.00018190564075050742,-9.824867035175773e-05,-4.442066880839346e-08,9.815260726562483e-05,0.00018194785063825548,0.00019445769168401119,0.0005477387479255253,0.0003219336168421292,0.00015490925025606403,9.795082366391247e-09,-0.0001549220795218562,-0.0003219472858601383,-0.0005477316177488234
1159,-0.00019461737779777506,-0.0001819051338950674,-9.824852578081485e-05,-4.424975038458245e-08,9.815239269984323e-05,0.00018194741791064523,0.00019445830226324067,0.0005477387434166334,0.000321933770213822,0.00015490891870683602,9.696248597298176e-09,-0.00015492198125575938,-0.00032194747010039893,-0.0005477315657231475
1160,-0.00019461671011528916,-0.00018190432807511453,-9.824839505219002e-05,-4.3955333971735125e-08,9.815215074597631e-05,0.00018194576837924118,0.0001944585123413526,0.0005477387976158264,0.0003219339993811442,0.00015490861160042673,9.78772846217191e-09,-0.00015492194392213425,-0.0003219478932425637,-0.0005477316134711567
1161,-0.00019461505784497805,-0.0001819034537233722,-9.824812244916496e-05,-4.290136701215614e-08,9.815267827720894e-05,0.0001819460072749903,0.0001944594945843581,0.0005477391125677078,0.0003219341891708102,0.00015490834991127643,9.848433526665447e-09,-0.0001549217121026588,-0.0003219478771492879,-0.0005477316900760743
1162,-0.00019461282636479025,-0.00018190299383329163,-9.824801913719679e-05,-4.361391707639681e-08,9.815157908188702e-05,0.00018194617214143153,0.00019445913899934582,0.0005477396017246747,0.00032193425981011695,0.00015490808867532765,9.603829419249426e-09,-0.00015492192972490536,-0.0003219478014923937,-0.0005477318546621906
1163,-0.00019461224622880822,-0.00018190158036020783,-9.82477194623415e-05,-4.374071373907995e-08,9.815088226747928e-05,0.00018194488482555933,0.00019446029035508362,0.0005477397597208721,0.00032193448446854716,0.00015490785746166222,9.399849189357767e-09,-0.0001549220112780428,-0.00032194811302214163,-0.0005477317567845522
1164,-0.00019461235233682612,-0.00018189937561884643,-9.824747324149384e-05,-4.389703662276366e-08,9.815096964551083e-05,0.00018194455287593564,0.00019446088186048555,0.0005477399037048207,0.0003219349633359916,0.00015490775731801657,9.366429383724443e-09,-0.00015492195294916712,-0.0003219481865286412,-0.0005477316895673788
1165,-0.00019461138572923612,-0.00018189925352073448,-9.824739124571018e-05,-4.294441237690029e-08,9.815102224631935e-05,0.0001819450777805761,0.00019446219887083924,0.0005477403378533063,0.0003219349055296849,0.00015490754075940603,9.376977845961883e-09,-0.0001549218221011236,-0.0003219480783152351,-0.0005477316019561404
1166,-0.0001946097956557604,-0.00018189916670329214,-9.82476541581274e-05,-4.1887811257698134e-08,9.814962019684249e-05,0.00018194326285071296,0.00019446213623065562,0.0005477410278756277,0.0003219348316994701,0.00015490734027094876,9.572177351977859e-09,-0.00015492209805455812,-0.0003219484709356699,-0.0005477317125974114
1167,-0.00019460903087015243,-0.00018189833072580514,-9.824787225690207e-05,-4.060986041317832e-08,9.815101874780893e-05,0.00018194196487477808,0.00019446314547849646,0.0005477415289175713,0.00032193493156564544,0.0001549071221191964,9.732323491685532e-09,-0.00015492165748726025,-0.00032194882605137304,-0.0005477316405245082
1168,-0.00019460883964911999,-0.0001818978544810997,-9.824866651236177e-05,-4.1273915963494146e-08,9.815221516250866e-05,0.00018194139127079384,0.00019446331167498245,0.000547741949886219,0.0003219350101359774,0.00015490677687218598,9.568651339071647e-09,-0.00015492130984706871,-0.0003219489671450064,-0.0005477316076674036
1169,-0.00019460883895946711,-0.00018189800751506835,-9.824951992328773e-05,-4.155826828798535e-08,9.815251299402038e-05,0.000181941151478496,0.00019446494578771907,0.0005477424681313196,0.000321934932698649,0.00015490637540738618,9.37821684437254e-09,-0.00015492113775075704,-0.00032194906220169706,-0.000547731457093536
1170,-0.00019460812786826004,-0.00018189675839611218,-9.824879895329613e-05,-4.235305600993006e-08,9.815232501435635e-05,0.00018194132212816897,0.00019446535719520386,0.0005477431939935511,0.00032193523567306356,0.0001549064228640517,9.168032178958115e-09,-0.0001549211887798523,-0.00032194908960188643,-0.0005477314238202259
1171,-0.00019460869770871017,-0.00018189589078326346,-9.8248453773175e-05,-4.2891650918690014e-08,9.815184377853469e-05,0.00018194144937897302,0.00019446614978367412,0.0005477435680466003,0.00032193541369336556,0.00015490630877290038,8.866656559272484e-09,-0.00015492127395628903,-0.00032194912197341816,-0.0005477314142012564
1172,-0.000194608966417167,-0.0001818959616992814,-9.82491494210842e-05,-4.219289218841146e-08,9.81515316623419e-05,0.00018194143153666843,0.00019446664811697528,0.0005477441031480197,0.00032193540883763576,0.00015490606485340876,9.079925670246147e-09,-0.00015492133004228002,-0.000321949173860359,-0.0005477313055947675
1173,-0.00019460873498937308,-0.00018189653376632497,-9.824934334654107e-05,-4.085456161472403e-08,9.815158063754682e-05,0.00018194157154605026,0.00019446937356594693,0.0005477448487568857,0.00032193526138530877,0.0001549058983596843,9.282816179114904e-09,-0.00015492126293378247,-0.0003219493137284986,-0.0005477309491842031
1174,-0.00019460990087708177,-0.0001818970559714671,-9.824747392720581e-05,-3.9653516657643544e-08,9.815121899639725e-05,0.0001819415348269618,0.0001944687809176917,0.0005477452448225764,0.00032193513728672965,0.00015490626276832927,9.579474052694697e-09,-0.00015492133712239646,-0.0003219493950041658,-0.0005477311453094403
1175,-0.00019461234516443643,-0.00018189767933883097,-9.824784901264518e-05,-4.061077003770854e-08,9.815094616677198e-05,0.0001819418485598979,0.00019446861941084512,0.0005477454275367506,0.0003219349583646492,0.00015490604619353298,9.25454911828815e-09,-0.00015492139183259735,-0.00032194938661069005,-0.0005477314050909824
1176,-0.000194615022327856,-0.0001818983190017066,-9.824888967023273e-05,-4.1612481410284125e-08,9.815154927706104e-05,0.00018194271833037488,0.00019446815320551484,0.0005477457179325127,0.00032193485805914594,0.00015490573463835034,9.052110552998413e-09,-0.00015492126704265476,-0.0003219492438522351,-0.000547731597955944
1177,-0.0001946171636310069,-0.00018189877100018804,-9.824926985910323e-05,-4.1668777871396506e-08,9.81508062568972e-05,0.00018194326783591792,0.00019446862638619115,0.0005477461457916721,0.0003219347817548211,0.00015490553195556564,8.877852022065646e-09,-0.00015492144378196902,-0.0003219492094690439,-0.0005477317790977866
1178,-0.00019462041888115427,-0.00018189916991510403,-9.824922094005575e-05,-4.162217998853816e-08,9.81511680724304e-05,0.000181943015541199,0.00019446764059639958,0.0005477465686332441,0.0003219347267694622,0.000154905546358585,8.902843279728859e-09,-0.00015492136951936295,-0.0003219492518757505,-0.000547732144225542
1179,-0.00019462332711768916,-0.00018190008090711733,-9.824883612755547e-05,-4.146498852255087e-08,9.81528777602826e-05,0.00018194175694444216,0.0001944686865436245,0.0005477470280084018,0.00032193453300272226,0.0001549055725402174,8.812423941149684e-09,-0.00015492093563909863,-0.00032194953380866934,-0.0005477322227265065
1180,-0.00019462680438679512,-0.00018190051524063353,-9.824864222968471e-05,-4.157075934946859e-08,9.815144737986645e-05,0.0001819397915126216,0.00019446862499703326,0.0005477474398205305,0.00032193450638869867,0.00015490561426018508,8.8442754443413e-09,-0.00015492124145295892,-0.00032194993123858893,-0.0005477324387833582
1181,-0.0001946316497695313,-0.00018190016098566602,-9.82482317453495e-05,-4.133989808073649e-08,9.81497970327016e-05,0.00018194023069341214,0.0001944695936932862,0.0005477475260675401,0.00032193467002679155,0.0001549056547500345,8.788081135674169e-09,-0.00015492155497586824,-0.00032194970711197675,-0.0005477326647135272
1182,-0.00019463679321037944,-0.00018190065073771524,-9.824816936920438e-05,-4.1044624129883464e-08,9.815058671182198e-05,0.0001819409816958152,0.00019446965199850904,0.0005477476268123713,0.00032193464655743103,0.0001549056694628957,8.848109694579384e-09,-0.00015492133782994566,-0.0003219493287581383,-0.0005477330020942554
1183,-0.0001946414257366879,-0.00018190117593792123,-9.82477103530125e-05,-3.964932006386067e-08,9.815156769768881e-05,0.00018194143382237505,0.0001944702242625963,0.0005477477467951415,0.0003219345660448071,0.00015490572261232628,9.01634948419421e-09,-0.00015492100774899784,-0.0003219490723062395,-0.0005477332180354946
1184,-0.0001946459188743021,-0.00018190155546373977,-9.824851519562874e-05,-3.933743543482283e-08,9.815142518880798e-05,0.0001819395001047336,0.0001944706758571382,0.0005477480324507864,0.0003219346114574416,0.00015490556984181902,9.129672954368859e-09,-0.0001549209681932983,-0.0003219493153008302,-0.0005477333802631135
1185,-0.00019464891448985375,-0.00018190190228030857,-9.825026968825651e-05,-3.8636141415524894e-08,9.815100874784253e-05,0.00018193784565708994,0.00019447286120940222,0.0005477485253304797,0.0003219346746512961,0.00015490510389061578,9.11351568631822e-09,-0.00015492098978742223,-0.0003219495433351487,-0.0005477333952002633
1186,-0.00019465207701124866,-0.00018190163027137022,-9.825052417607149e-05,-3.9785448189775044e-08,9.815010650555351e-05,0.00018193653894226817,0.00019447353951254214,0.0005477490336097729,0.0003219348828927353,0.00015490506254754526,8.772036234065902e-09,-0.00015492120608937273,-0.0003219496190614104,-0.0005477336072800411
1187,-0.0001946561722881305,-0.00018190140296178904,-9.825042227986208e-05,-3.76131371647313e-08,9.814931835352159e-05,0.0001819355499603691,0.0001944755265107927,0.000547749131741759,0.00032193500669072157,0.00015490506793278076,9.182196013171632e-09,-0.000154921343525023,-0.00032194962218295097,-0.0005477336701501803
1188,-0.00019465993268929016,-0.00018190138729681703,-9.824942492262168e-05,-3.567909664756693e-08,9.81487340451398e-05,0.00018193451456483282,0.00019447682611233787,0.0005477494009572904,0.00032193511837250605,0.0001549053920643035,9.756284387541129e-09,-0.000154921486128557,-0.00032194959471339407,-0.0005477338076829451
1189,-0.00019466305917139725,-0.0001819014194543445,-9.8251036723118e-05,-3.5374788498493814e-08,9.814832426622094e-05,0.00018193392834020132,0.00019447930106954024,0.0005477496595364614,0.0003219351724792091,0.00015490500117805784,9.745071239486504e-09,-0.00015492153643391734,-0.0003219495173454332,-0.0005477338627376716
1190,-0.00019466754646666653,-0.0001819015323505169,-9.82525155861299e-05,-3.517752175039491e-08,9.81480326731119e-05,0.00018193312354487556,0.00019448041597219852,0.0005477496117653296,0.0003219352271870978,0.00015490470093210105,9.870154210554842e-09,-0.00015492158502358646,-0.00032194945690315895,-0.0005477341551219706
1191,-0.0001946725641345382,-0.00018190161294137915,-9.825308781080844e-05,-3.5212195457550235e-08,9.814821661830673e-05,0.00018193245475894507,0.00019448219729626328,0.0005477494210507627,0.00032193527188293405,0.00015490450372241746,9.855808413417979e-09,-0.00015492153295166541,-0.00032194939146641986,-0.0005477344312511363
1192,-0.00019467684388370675,-0.00018190217598382255,-9.82532989795571e-05,-3.563799912553988e-08,9.814811415362634e-05,0.00018193153871276155,0.000194484195407777,0.0005477494507400818,0.0003219352165044922,0.000154904435908683,9.904242819895413e-09,-0.0001549215938772004,-0.00032194931934727164,-0.000547734592623222
1193,-0.00019468089539718885,-0.00018190293029655928,-9.825271957559236e-05,-3.594017705516871e-08,9.814841928560614e-05,0.0001819308963109789,0.00019448772736635435,0.0005477494420922582,0.0003219351025567005,0.0001549045442215159,9.857192821974475e-09,-0.0001549215053364366,-0.0003219492836229741,-0.0005477346737601541
1194,-0.0001946853379339878,-0.0001819018303199592,-9.825194526587846e-05,-3.665620276783109e-08,9.814895956654961e-05,0.00018192989934881105,0.0001944909947642442,0.0005477494033620328,0.0003219354799162705,0.0001549047491379363,9.819728833251402e-09,-0.00015492141046703835,-0.0003219492274583665,-0.0005477346924893974
1195,-0.00019469025877459859,-0.00018190091880578016,-9.825148564870337e-05,-3.7313836703267825e-08,9.814916519738588e-05,0.00018192843661480902,0.00019449343425358538,0.0005477490543044307,0.00032193573359346665,0.0001549048154278965,9.670486632195624e-09,-0.00015492134042891718,-0.000321949322769405,-0.0005477349890588731
1196,-0.00019469521611754976,-0.00018190172612326494,-9.825134200091011e-05,-3.860723932937329e-08,9.814931523826111e-05,0.000181928283561136,0.00019449574917191657,0.0005477487524167747,0.0003219355956213739,0.00015490487747024933,9.562738753255266e-09,-0.00015492126986360252,-0.0003219490561204736,-0.0005477351303374866
1197,-0.00019469850043163893,-0.00018190227773717528,-9.825180538654544e-05,-3.937457209035386e-08,9.814843838603458e-05,0.00018192891162799145,0.00019450035187566512,0.0005477486150921126,0.0003219355388093357,0.00015490474080226687,9.386792264294375e-09,-0.00015492141652745156,-0.0003219486763099163,-0.0005477348406816452
1198,-0.00019470204646898672,-0.0001819022377176053,-9.825311631810183e-05,-3.980154922041099e-08,9.814783390136591e-05,0.00018192654361624263,0.00019450266161174766,0.000547748375334675,0.000321935667601787,0.0001549044483809717,9.395109303667705e-09,-0.00015492156663655642,-0.0003219489823596263,-0.000547734823201018
1199,-0.0001947053699849146,-0.00018190198659529626,-9.825262264094265e-05,-3.9164140618995555e-08,9.814754759296818e-05,0.0001819266769064352,0.00019450549622291417,0.0005477480132359702,0.0003219358000707193,0.00015490454482501375,9.563349422316028e-09,-0.00015492161896282522,-0.0003219487000336245,-0.0005477348116860017
1200,-0.00019470853410236325,-0.00018190179798509247,-9.82526536940403e-05,-3.919875917067116e-08,9.81472556540475e-05,0.00018192689698451355,0.0001945079161753752,0.0005477476953937736,0.00032193598946730244,0.00015490460121853427,9.695790686952181e-09,-0.00015492171050720472,-0.000321948365913172,-0.0005477347319826661
1201,-0.0001947102048258143,-0.00018190317495583584,-9.825250070243606e-05,-3.9444280809854615e-08,9.814703915329704e-05,0.00018192684347730415,0.00019451089238212507,0.0005477474649547127,0.0003219357663118362,0.0001549046449409124,9.593913073599871e-09,-0.00015492178941743783,-0.00032194822158238554,-0.0005477345809001031
1202,-0.00019471183556910414,-0.000181904509532633,-9.825155047508657e-05,-3.939199910569758e-08,9.814698426481148e-05,0.00018192575135289447,0.0001945119990188013,0.0005477472944723531,0.00032193559661564233,0.00015490491758088937,9.68495377494409e-09,-0.00015492189531859165,-0.0003219482167497783,-0.0005477346138728203
1203,-0.00019471265429541758,-0.00018190483149214246,-9.82525708687028e-05,-3.895358970665921e-08,9.814715646226252e-05,0.0001819250159563503,0.00019451414494262636,0.0005477471417480909,0.00032193566947471126,0.00015490463715324675,9.726801798357899e-09,-0.0001549219197359756,-0.0003219482370513532,-0.0005477345014973603
1204,-0.00019471318094389456,-0.00018190526998328017,-9.825416488896327e-05,-4.005055385183385e-08,9.814529557393308e-05,0.00018192439642148592,0.0001945150380923351,0.0005477470574202506,0.0003219358183143897,0.00015490435067443993,9.619049103689746e-09,-0.00015492243549771712,-0.0003219482092349584,-0.000547734459414369
1205,-0.0001947146329488686,-0.0001819059605622409,-9.825468145767116e-05,-4.0992911804109106e-08,9.814675807049751e-05,0.00018192338423769433,0.00019451763770921715,0.000547746719045254,0.00032193586684856474,0.00015490424916425317,9.389545650823091e-09,-0.00015492212712188135,-0.0003219482168422684,-0.0005477342215529784
1206,-0.00019471503573569273,-0.00018190505218105622,-9.825535518841262e-05,-3.933155668807063e-08,9.814925660988664e-05,0.0001819221604585545,0.00019451849068172095,0.0005477466226243345,0.0003219363200268865,0.0001549041947870166,9.898237687800638e-09,-0.00015492164447621675,-0.00032194824845075684,-0.0005477341302652588
1207,-0.0001947157081472268,-0.00018190422700156247,-9.825628966606131e-05,-3.944043588582623e-08,9.814931188063693e-05,0.00018192099220632176,0.00019451994803643073,0.0005477463411769886,0.0003219367224743935,0.00015490403341955546,9.856507503930314e-09,-0.00015492170883544632,-0.0003219483542594206,-0.0005477339583261802
1208,-0.00019471627192858395,-0.00018190420356321756,-9.825707832252504e-05,-4.034149984579854e-08,9.814916478950547e-05,0.00018192170657830596,0.00019452153368627596,0.0005477461650527334,0.00032193692773302716,0.0001549039966501199,9.822704990256365e-09,-0.0001549217939332665,-0.0003219478444309183,-0.0005477336032104771
1209,-0.00019471627756403298,-0.00018190424576012014,-9.825759147449563e-05,-4.087841390700352e-08,9.814945408508527e-05,0.00018192210416317716,0.0001945240423379464,0.0005477459640255214,0.00032193707042211454,0.0001549039244199836,9.681300119238456e-09,-0.00015492177494505087,-0.00032194742054883284,-0.0005477333071265744
1210,-0.0001947152455675001,-0.00018190393579071819,-9.825767146831555e-05,-4.1237359487294725e-08,9.815017177429975e-05,0.00018192136680604846,0.0001945236554623989,0.0005477460199820262,0.0003219372668479446,0.00015490402778690893,9.720019138142049e-09,-0.0001549216805126683,-0.000321947254922203,-0.00054773336886371
1211,-0.00019471482007139265,-0.00018190384166295558,-9.82586176809002e-05,-4.210837878170281e-08,9.815091838755497e-05,0.000181919903352837,0.00019452533776216573,0.0005477458086652916,0.0003219373196135413,0.00015490387379090797,9.542843729184454e-09,-0.00015492153876929212,-0.00032194736311248653,-0.0005477329198474422
1212,-0.00019471615497331185,-0.00018190392235233968,-9.826078825390349e-05,-4.264881730594383e-08,9.815093506828711e-05,0.00018191959818144844,0.00019452707973660895,0.0005477451846346499,0.0003219373528174839,0.0001549034843821915,9.587821523388883e-09,-0.0001549215425775716,-0.0003219471610678835,-0.0005477323106383376
1213,-0.0001947173293240463,-0.00018190326995059058,-9.826094244747413e-05,-4.282409828751216e-08,9.815037992926546e-05,0.0001819198537175358,0.0001945286155442571,0.0005477445408342513,0.00032193752482592995,0.00015490354446606662,9.526041616059654e-09,-0.00015492164225414231,-0.0003219468299533589,-0.0005477318144290012
1214,-0.00019471817568573487,-0.0001819027575976321,-9.826130925412358e-05,-4.3286530743773554e-08,9.815164882056897e-05,0.00018191853463822352,0.00019452738294741293,0.0005477440495731347,0.0003219376518841921,0.00015490363998058328,9.535578390238782e-09,-0.0001549213069081961,-0.0003219469117377215,-0.0005477316295181874
1215,-0.00019471853547762958,-0.00018190331113271827,-9.82619650381273e-05,-4.343878256330193e-08,9.815299327319502e-05,0.00018191688219057313,0.00019452670181669635,0.0005477435901517319,0.00032193747943641803,0.0001549035678984311,9.448534837304831e-09,-0.0001549209154369506,-0.0003219471477724329,-0.0005477313173178864
1216,-0.00019471834670979087,-0.00018190370254027026,-9.826214000305674e-05,-4.413784715265143e-08,9.815311090728256e-05,0.00018191538037295852,0.00019452419188424204,0.0005477432529328613,0.00032193736511866594,0.00015490367135090978,9.434873942700396e-09,-0.00015492080024979169,-0.00032194721552142433,-0.0005477310887055048
1217,-0.00019471824863130261,-0.0001819043549715759,-9.826130241276726e-05,-4.409089706309459e-08,9.815270274510702e-05,0.00018191581353406484,0.0001945230040852769,0.0005477428682665742,0.00032193719089045763,0.00015490393955829918,9.44311122856222e-09,-0.0001549207768289885,-0.00032194696031814167,-0.0005477307440874269
1218,-0.0001947182919710585,-0.00018190336442317962,-9.826222031707263e-05,-4.325764569007703e-08,9.815226407268916e-05,0.00018191660235900093,0.0001945194173091497,0.0005477425728069796,0.00032193744655619074,0.00015490381910614187,9.76375324006372e-09,-0.00015492079670510896,-0.0003219465530380274,-0.0005477306850556267
1219,-0.0001947189098113473,-0.0001819029188384697,-9.826324327127136e-05,-4.1813629764061574e-08,9.815252348659597e-05,0.00018191617363137727,0.00019451687957383317,0.0005477419441287109,0.0003219375248490525,0.00015490360978719317,1.0087663374120406e-08,-0.00015492060958378204,-0.0003219464709761945,-0.0005477305141801841
1220,-0.00019471957096183547,-0.0001819034287185301,-9.826344997698087e-05,-4.3626187066701575e-08,9.815111766077712e-05,0.00018191549004746693,0.0001945150052451548,0.0005477414978409009,0.0003219373800789381,0.00015490370465659142,9.772979783055845e-09,-0.00015492080634488866,-0.00032194648082638916,-0.0005477300653488966
1221,-0.00019471869462980425,-0.0001819035634471415,-9.826319113450071e-05,-4.334246151054803e-08,9.815005439242809e-05,0.0001819142771254335,0.00019451408045023216,0.0005477413548512207,0.0003219373077979322,0.00015490385929771075,9.772757556190104e-09,-0.0001549209435516259,-0.0003219465610152978,-0.0005477297189503846
1222,-0.0001947179906321694,-0.00018190324919203967,-9.826297927314351e-05,-4.274983196755959e-08,9.814978207511636e-05,0.00018191369249685572,0.00019450962493810733,0.0005477412906862203,0.00032193741520205005,0.00015490407457070904,9.9845549361692e-09,-0.00015492094555172412,-0.0003219465085502938,-0.0005477300410702479
1223,-0.00019471798847454116,-0.00018190412210536316,-9.826240505438302e-05,-4.24328027656577e-08,9.814978933913137e-05,0.0001819136898761749,0.0001945067922382645,0.0005477410494026963,0.0003219372107527046,0.00015490433564711246,1.0021640863091352e-08,-0.0001549208543819295,-0.0003219464361305529,-0.00054773011212576
1224,-0.00019471825546871807,-0.00018190450835037095,-9.826307302159703e-05,-4.216350278172957e-08,9.814873261263231e-05,0.0001819120166798257,0.00019450330991498834,0.0005477407733660208,0.0003219372035616001,0.00015490441207629887,1.0179602699011605e-08,-0.00015492105154999252,-0.00032194675355654397,-0.0005477302135873895
1225,-0.00019471836599051426,-0.00018190429974023435,-9.826461991295182e-05,-4.205967230592851e-08,9.815027234637565e-05,0.00018191185212865444,0.0001945011779418554,0.0005477404185509104,0.00032193732356749274,0.0001549041909278676,1.0067702754689945e-08,-0.00015492054170992902,-0.00032194673145141233,-0.0005477301397340521
1226,-0.000194717751775829,-0.00018190407619418734,-9.826477620306713e-05,-4.308577244090244e-08,9.815159831039384e-05,0.00018191226095486715,0.00019449808213944816,0.000547740307886517,0.0003219374146008645,0.00015490441423825473,9.803722306937879e-09,-0.00015492011586242907,-0.0003219465389564111,-0.000547730022456617
1227,-0.00019471687237976863,-0.0001819036221464517,-9.826502584951905e-05,-4.1458509569933365e-08,9.81521273243801e-05,0.00018191215765472158,0.00019449610432343273,0.0005477402021240983,0.00032193749631585956,0.00015490458421885562,1.0041812989323595e-08,-0.00015491986906649566,-0.00032194653773091745,-0.0005477298091282229
1228,-0.00019471630193833533,-0.00018190403427314594,-9.826548073666077e-05,-3.967638101334063e-08,9.815197477513893e-05,0.0001819110034911114,0.0001944915056492273,0.0005477400631114921,0.000321937394229922,0.0001549047591199293,1.0462257323141667e-08,-0.00015491979305582687,-0.0003219466874492517,-0.0005477298772009298
1229,-0.00019471648017418974,-0.0001819041733761269,-9.82656169194545e-05,-3.735139122241963e-08,9.815153577070248e-05,0.00018191045817274643,0.00019448858973784136,0.0005477396919025131,0.00032193734435464056,0.00015490489570698296,1.0938211062631993e-08,-0.0001549197740167417,-0.00032194678861028833,-0.0005477298223311835
1230,-0.00019471575403869827,-0.00018190141694203764,-9.826525901819384e-05,-3.793347024124776e-08,9.8151586354769e-05,0.00018191006945484053,0.00019448373809896854,0.000547739549976469,0.00032193801067637625,0.0001549052612555683,1.0754043618784582e-08,-0.0001549196824931725,-0.0003219467973274794,-0.0005477298717902594
1231,-0.0001947153075180309,-0.00018190086018528745,-9.826677759240237e-05,-3.8121011670295765e-08,9.815263038968509e-05,0.00018190912766490115,0.000194479757590174,0.0005477392441117392,0.0003219380802289244,0.0001549050991273761,1.0550136510633704e-08,-0.00015491931102059686,-0.00032194701500290777,-0.0005477298329444214
1232,-0.00019471466658422358,-0.00018190096900265584,-9.826813488045326e-05,-3.853760949236614e-08,9.815182695199023e-05,0.00018190794756049142,0.00019447556625450156,0.0005477390503681218,0.0003219379541649309,0.00015490506700325534,1.0488008703215792e-08,-0.0001549193695691365,-0.0003219472640787219,-0.0005477297418879271
1233,-0.0001947132194166717,-0.00018190046691567271,-9.826829461292154e-05,-3.781742348333588e-08,9.815124600911438e-05,0.0001819090333795036,0.00019447282987945823,0.0005477389683294113,0.0003219379249149397,0.0001549052370717218,1.0516785046622047e-08,-0.0001549193767533043,-0.0003219470199048826,-0.000547729595452991
1234,-0.00019471090102051973,-0.00018189980059278815,-9.826830344835983e-05,-3.7428110398170976e-08,9.815141654351683e-05,0.00018191012433150345,0.00019446799261492136,0.0005477391455866701,0.0003219379644544535,0.00015490551475703327,1.0595076309908887e-08,-0.00015491926763118308,-0.00032194670659470043,-0.0005477297101407035
1235,-0.0001947095812022937,-0.00018189871610382077,-9.826777000680223e-05,-3.660733531525771e-08,9.815157362870338e-05,0.00018191113622958172,0.0001944651516490964,0.000547739039361801,0.00032193804848170077,0.00015490584825548993,1.0687985225762403e-08,-0.00015491911036796967,-0.00032194648022520355,-0.0005477297437146064
1236,-0.00019470928119344935,-0.00018189778014637408,-9.826782000072295e-05,-3.596052945280253e-08,9.815119144575091e-05,0.00018190974666774763,0.00019446117649003758,0.0005477386566378058,0.0003219381398850329,0.00015490612043070424,1.0880380038915343e-08,-0.0001549190963719067,-0.00032194675644685934,-0.0005477299390768004
1237,-0.00019470829710808556,-0.00018189722070982993,-9.826983992398605e-05,-3.7189811661815006e-08,9.815296046640867e-05,0.00018190873326228528,0.00019445964947053724,0.0005477383233728866,0.00032193818421090886,0.00015490582439767105,1.0460807875322192e-08,-0.0001549185165422793,-0.0003219470377554701,-0.0005477300865291275
1238,-0.0001947062332825069,-0.00018189712259193295,-9.827011328168838e-05,-3.9795538116468e-08,9.815465694839389e-05,0.00018190832801241524,0.00019445686297743568,0.000547738278931398,0.0003219381519781123,0.00015490602203512127,9.819136981993263e-09,-0.00015491795492626303,-0.0003219471489748041,-0.0005477304689756523
1239,-0.00019470395486651616,-0.00018189618826994875,-9.826937628120875e-05,-3.897820964759123e-08,9.815614800249784e-05,0.00018190835028820246,0.00019445529793835864,0.0005477381691687829,0.0003219382599371706,0.00015490642679719279,9.916634894278034e-09,-0.00015491744137503463,-0.00032194722796134153,-0.0005477307964830634
1240,-0.00019470137480621862,-0.00018189630090996445,-9.826923948068312e-05,-3.837740204537835e-08,9.815733094039556e-05,0.00018190830804203897,0.00019445326165948545,0.0005477381538154279,0.0003219381457812762,0.00015490675417742996,1.0115382472318068e-08,-0.00015491701072036223,-0.0003219473165437259,-0.000547731044032791
1241,-0.00019469921318786504,-0.00018189719230598446,-9.827011001174863e-05,-3.729360385597128e-08,9.815645559062703e-05,0.00018190808912651828,0.0001944517641571273,0.000547738088170586,0.0003219378391072581,0.00015490677687912273,1.0239616645407396e-08,-0.00015491706770119482,-0.0003219474576604817,-0.0005477314066401914
1242,-0.00019469715508640506,-0.00018189609489095213,-9.827153944044385e-05,-3.764228528256865e-08,9.815537463859357e-05,0.00018190722989787787,0.0001944486941378847,0.0005477381547403288,0.00032193801795997093,0.0001549067481262658,1.0103253603923204e-08,-0.00015491721144929375,-0.0003219476958224652,-0.0005477319393368687
1243,-0.00019469527747694956,-0.00018189554786815937,-9.82725968043792e-05,-3.7260888987555226e-08,9.815524866955864e-05,0.00018190858080959548,0.0001944474934916721,0.0005477381210970584,0.0003219379779580067,0.00015490673311743634,1.0017145282576568e-08,-0.00015491706387904183,-0.00032194751278457576,-0.0005477320894482858
1244,-0.00019469379524547607,-0.0001818952774946835,-9.82719236825027e-05,-3.618203324656811e-08,9.815546988556421e-05,0.0001819096741359716,0.00019444672586863525,0.000547738151780646,0.00032193782386951564,0.00015490723189799728,1.0242151741911081e-08,-0.00015491682814954775,-0.00032194732616269527,-0.0005477320355265629
1245,-0.00019469207892611906,-0.00018189570730604737,-9.827283015236372e-05,-3.5978321713224584e-08,9.815625857454016e-05,0.00018191030791709357,0.00019444670149433292,0.0005477381199409322,0.00032193745837179983,0.0001549072470478741,1.0075151705194828e-08,-0.00015491642012951278,-0.0003219473374464864,-0.0005477321666081439
1246,-0.0001946906639653555,-0.000181894802481501,-9.827379318262585e-05,-3.559108865358393e-08,9.81563955849173e-05,0.00018191070839850676,0.00019444431946292673,0.0005477380880318509,0.0003219374038488914,0.0001549072918477618,1.007891429596047e-08,-0.00015491620841507077,-0.0003219473494701981,-0.0005477328354964796
1247,-0.0001946897277418999,-0.00018189309350202082,-9.827487137210701e-05,-3.534360867024082e-08,9.815553512968e-05,0.00018191197604942036,0.00019444384913938365,0.0005477379083698498,0.00032193749615400184,0.000154907184938466,9.979911896621846e-09,-0.00015491618092470358,-0.0003219471514720365,-0.0005477332741769796
1248,-0.00019468826440691462,-0.00018189395341046194,-9.827461604390078e-05,-3.457800260592228e-08,9.815702188035013e-05,0.00018191175521272386,0.00019444390873524255,0.0005477378491299468,0.0003219369626480364,0.00015490752605348162,1.0167120638013847e-08,-0.00015491555057467642,-0.0003219473074103294,-0.0005477335562717562
1249,-0.00019468592601082986,-0.00018189482079671043,-9.827504387497575e-05,-3.4432167627890036e-08,9.815929313774423e-05,0.00018191185070993998,0.0001944457499999926,0.0005477377928497266,0.0003219363686997967,0.00015490762611157394,1.0012407819433205e-08,-0.00015491474872027418,-0.0003219474467235285,-0.0005477336686240938
1250,-0.00019468383918040233,-0.00018189475868854468,-9.827575053664105e-05,-3.502783170255556e-08,9.815897186690239e-05,0.0001819119630051292,0.00019444597819627028,0.0005477377307426308,0.00032193599765267545,0.00015490770385874416,9.796208156930933e-09,-0.0001549146615761107,-0.00032194748751165843,-0.000547734119744511
1251,-0.00019468143282395475,-0.00018189432630576086,-9.827508782655221e-05,-3.4071009556509766e-08,9.815822828713451e-05,0.00018191264237230493,0.00019444815434659476,0.0005477375798219252,0.000321935679324906,0.00015490797765253504,9.8434964888669e-09,-0.000154914681239504,-0.0003219474933154117,-0.0005477343106209356
1252,-0.00019467851144460688,-0.00018189413696649548,-9.827501348493005e-05,-3.3369709222947334e-08,9.815749871323092e-05,0.0001819138468805735,0.00019445053660460115,0.0005477375925624353,0.00032193533012856866,0.00015490832034681897,9.986802403751789e-09,-0.00015491473926778688,-0.0003219473136534105,-0.0005477343295120366
1253,-0.00019467578584785245,-0.00018189437755682022,-9.827537651622273e-05,-3.281184425675969e-08,9.815763523493974e-05,0.0001819138335702734,0.00019445450121197128,0.00054773751579566,0.0003219348838870037,0.00015490850912371851,9.942098971227403e-09,-0.0001549145559894232,-0.0003219474159936958,-0.0005477341746142572
1254,-0.00019467400432674405,-0.0001818931692062,-9.82757263229293e-05,-3.289966024350598e-08,9.815798264658045e-05,0.00018191267764312236,0.00019445618445754778,0.0005477372103008906,0.00032193486552772074,0.00015490872483142021,9.839255230666667e-09,-0.00015491442686863216,-0.0003219477422987357,-0.0005477343261130258
1255,-0.00019467273104038142,-0.00018189223658864357,-9.827594965616914e-05,-3.241769097110718e-08,9.815890379225424e-05,0.00018191362650692966,0.0001944582270910794,0.0005477366144103589,0.00032193476943051655,0.00015490888320451472,9.820539285070051e-09,-0.00015491410840212747,-0.0003219476000258537,-0.0005477344879475619
1256,-0.00019467045425000098,-0.0001818919612004062,-9.827687783334638e-05,-3.199039395246958e-08,9.815939401819349e-05,0.000181914264652569,0.0001944598226128127,0.000547736361103123,0.0003219345557552845,0.0001549089007660707,9.992659221511878e-09,-0.00015491390595981703,-0.0003219474358559428,-0.0005477344448240572
1257,-0.00019466603841261968,-0.0001818919889934163,-9.827681383848749e-05,-3.048705554398088e-08,9.816067843456801e-05,0.00018191430823862945,0.00019446260347046518,0.0005477364631428156,0.00032193430260990644,0.00015490906827949838,1.0227606142362185e-08,-0.00015491350965365203,-0.00032194749652944234,-0.0005477343212804185
1258,-0.00019466191578607604,-0.00018189191144687877,-9.827535176359653e-05,-3.089589418325205e-08,9.816122982877466e-05,0.00018191358222136416,0.00019446193488157837,0.0005477365484649242,0.000321934087408588,0.00015490956243324253,1.0133864017734438e-08,-0.00015491336068911203,-0.00032194773520012127,-0.0005477347873379854
1259,-0.00019465904603217047,-0.00018189171848200983,-9.827592078631538e-05,-3.1256340627466464e-08,9.816090399834223e-05,0.0001819125179786342,0.00019446282556824117,0.0005477363325005625,0.0003219338235343593,0.0001549096492305681,9.951957797058349e-09,-0.00015491336371353798,-0.00032194813348557417,-0.0005477350882544953
1260,-0.00019465589298857624,-0.00018189122327185087,-9.827630946875342e-05,-3.1261940480574346e-08,9.816281668354197e-05,0.00018191224713225347,0.00019446477863557126,0.000547736150341329,0.00032193369064922157,0.00015490985012135727,1.0046168723202716e-08,-0.00015491280769779672,-0.00032194825749166326,-0.0005477349903074894
1261,-0.00019465165735748613,-0.0001818913776949774,-9.827664005779053e-05,-3.0319923050307776e-08,9.816529401117972e-05,0.00018191349654677515,0.00019446850708609934,0.0005477362103673978,0.000321933382056034,0.00015491008480571333,1.0170097384411914e-08,-0.00015491207163622042,-0.000321948120028266,-0.0005477347422721887
1262,-0.00019464822530005095,-0.00018189047906745455,-9.82767101935155e-05,-2.973986419612127e-08,9.816537203062204e-05,0.00018191295404613466,0.00019446955341755943,0.000547736284475083,0.00032193335056315814,0.00015491041534679935,1.0358466442431995e-08,-0.0001549120025414982,-0.0003219483483631773,-0.0005477349418889269
1263,-0.0001946463480157175,-0.00018188899051087916,-9.827796517353572e-05,-3.047673602002972e-08,9.816542011814522e-05,0.00018191356477314691,0.00019447137903704187,0.000547735964135654,0.0003219334351684686,0.0001549103970037021,1.013810946989783e-08,-0.0001549119376018933,-0.00032194837955546037,-0.00054773512871891
1264,-0.00019464460292798426,-0.00018188977273485217,-9.827867568444918e-05,-2.8674547443146027e-08,9.816547332880389e-05,0.00018191471680868539,0.00019447204966533066,0.0005477357125626074,0.00032193297782809284,0.00015491056255633988,1.0665307752695363e-08,-0.00015491186459946476,-0.0003219483234602204,-0.000547735425565856
1265,-0.00019464279725917372,-0.00018189062314578823,-9.827948860979688e-05,-2.6114314811021175e-08,9.816609717399865e-05,0.0001819161634934803,0.00019447442483961703,0.0005477356577622286,0.0003219325048337691,0.00015491061533349788,1.118747566039445e-08,-0.0001549116246778573,-0.0003219482344616306,-0.0005477355256401341
1266,-0.00019464039462685153,-0.00018189020888117015,-9.828103640065604e-05,-2.595653701793967e-08,9.816647165057307e-05,0.00018191664737362802,0.00019447535492516226,0.0005477357534201049,0.0003219323948168063,0.00015491053334334477,1.1196183371436438e-08,-0.00015491152086929177,-0.0003219481932110502,-0.0005477357049321748
1267,-0.00019463876992295028,-0.00018188969223265956,-9.82839146047795e-05,-2.5676473619926063e-08,9.816745694874068e-05,0.00018191754648390788,0.00019447626832110837,0.0005477356508023493,0.00032193230722869044,0.00015491008900245118,1.1088663698614953e-08,-0.00015491125136241662,-0.0003219481345260877,-0.0005477359349319079
1268,-0.0001946373537897769,-0.0001818895743611344,-9.828456152772925e-05,-2.4503631254795488e-08,9.816814400357531e-05,0.00018191762301567044,0.00019447737109572864,0.0005477356511723097,0.00032193217103703196,0.00015491028098413238,1.1368809085777004e-08,-0.00015491107401498003,-0.0003219481288379471,-0.0005477359355099709
1269,-0.0001946349801524312,-0.00018188983827157782,-9.828535930140372e-05,-2.2826497625264133e-08,9.816908881025336e-05,0.00018191720500722257,0.0001944803844846196,0.0005477359072542482,0.00032193193643591695,0.00015491039610192374,1.1646932233294423e-08,-0.00015491078166767695,-0.00032194828077604354,-0.0005477356802141982
1270,-0.00019463222452622102,-0.00018189089671137164,-9.828608676792524e-05,-2.13207601066089e-08,9.816922247285848e-05,0.00018191847990934335,0.00019447980416144612,0.0005477362983485965,0.00032193155914571467,0.00015491054786197675,1.2090710245117861e-08,-0.00015491071489676824,-0.00032194796809016955,-0.00054773602890184
1271,-0.0001946312018400017,-0.0001818922036035327,-9.828684830723868e-05,-1.9464434726381856e-08,9.816823927320598e-05,0.0001819198160427855,0.00019448066294673827,0.000547736333448586,0.0003219310561614791,0.00015491065865123185,1.2476059118537572e-08,-0.0001549109143585855,-0.0003219477019036886,-0.0005477363542819789
1272,-0.00019463119840158958,-0.00018189200696379926,-9.828648882371733e-05,-1.9738794274592633e-08,9.816951228961881e-05,0.00018192025706593437,0.00019448187607566756,0.0005477361583648444,0.00032193094570518826,0.00015491111451176618,1.2482473599749914e-08,-0.00015491054373460646,-0.0003219475569254715,-0.0005477365304987241
1273,-0.00019463125708119543,-0.00018189167802894375,-9.828851078145637e-05,-1.9767736944844352e-08,9.817028488406754e-05,0.00018191952004377993,0.00019448541938396047,0.0005477360122073786,0.0003219308343008741,0.00015491092913850197,1.2407232673526676e-08,-0.00015491029091525585,-0.0003219477575133556,-0.0005477364643451868
1274,-0.00019463076648185842,-0.0001818912921878755,-9.828995565837558e-05,-2.0057693266271882e-08,9.8171244080845e-05,0.00018191867391854376,0.00019448651989257846,0.0005477361886553491,0.00032193069732304984,0.00015491091386838802,1.2402533699440868e-08,-0.0001549100964571525,-0.0003219478781898014,-0.0005477368815679858
1275,-0.00019463073519132313,-0.00018189069321451835,-9.829074397592417e-05,-1.9595347529916182e-08,9.81728721620748e-05,0.00018191899160220553,0.00019448822579817737,0.0005477363452641951,0.0003219305596515498,0.00015491099707016134,1.2479706603304357e-08,-0.00015490970440321943,-0.00032194778731828733,-0.0005477373425848427
1276,-0.00019463090835330295,-0.00018189155948747008,-9.829023003577889e-05,-1.9779224190980793e-08,9.81717527421903e-05,0.0001819189552377957,0.00019449050980035622,0.000547736544164135,0.00032193010654259566,0.00015491144491411709,1.2588956497732121e-08,-0.0001549099793600732,-0.0003219477122394562,-0.0005477374999336094
1277,-0.00019463202746284366,-0.0001818925056320747,-9.828989092952898e-05,-1.8913130060321667e-08,9.81708765737053e-05,0.0001819176980597533,0.00019449512955823468,0.0005477366944605324,0.00032192960815974217,0.00015491181622483507,1.2827627982972194e-08,-0.0001549101781282148,-0.0003219479855707967,-0.0005477374167156503
1278,-0.00019463301236593875,-0.00018189273023230533,-9.82894348571696e-05,-2.1324701675632794e-08,9.817085932942826e-05,0.0001819167015507859,0.00019449758788495102,0.0005477369064709426,0.0003219293291633837,0.0001549122689707656,1.2356091171348453e-08,-0.00015491024531532892,-0.0003219481294622553,-0.0005477375839608568
1279,-0.00019463474676405273,-0.00018189217540658312,-9.828930508322133e-05,-2.4794126168502227e-08,9.81718140345952e-05,0.00018191648625101662,0.00019450010229029674,0.0005477370217598407,0.00032192920124958827,0.00015491262794330548,1.1484906382327956e-08,-0.00015491006253641175,-0.000321948177187142,-0.0005477377471364992
1280,-0.00019463681550587107,-0.0001818914042072036,-9.828826805320782e-05,-2.6355819694241223e-08,9.817224168439e-05,0.00018191574996777595,0.00019450255494215531,0.0005477371945082076,0.0003219291566231195,0.0001549132344771343,1.1269159012554796e-08,-0.00015491002071470498,-0.00032194821499246655,-0.0005477377799011138
1281,-0.00019463894681890772,-0.0001818906654510648,-9.828756529497767e-05,-2.7389925036803567e-08,9.81728415621776e-05,0.00018191479370497878,0.0001945064931259689,0.0005477373320409724,0.00032192906824883794,0.00015491368063777041,1.1061457562483825e-08,-0.00015490994736775087,-0.0003219483805959739,-0.0005477377294246468
1282,-0.00019464177938082,-0.00018189054823963593,-9.828771499496736e-05,-2.852168475670441e-08,9.817349711564023e-05,0.0001819154290230414,0.00019450761472811207,0.0005477373723666519,0.00032192886962636823,0.00015491388978792467,1.091312435935727e-08,-0.0001549098785713092,-0.0003219481289304372,-0.0005477380810719716
1283,-0.00019464496953759003,-0.00018189054835786216,-9.828903145951007e-05,-2.9513234698393772e-08,9.817402507544285e-05,0.00018191638197550487,0.00019451055242267608,0.0005477373668634915,0.00032192856376163836,0.00015491376137005832,1.0674044100287995e-08,-0.0001549097782149363,-0.00032194787520699596,-0.0005477381838515849
1284,-0.0001946480275765773,-0.00018188924553465293,-9.829019951864004e-05,-3.015801673316546e-08,9.817444231443517e-05,0.00018191722911551597,0.00019451343477752453,0.0005477374598854002,0.0003219287441866828,0.00015491370681015382,1.0596851333021408e-08,-0.00015490971592286025,-0.00032194765704599465,-0.0005477381572144387
1285,-0.00019465061622797898,-0.00018188804764705173,-9.829001482270881e-05,-3.03940485401916e-08,9.817452858803696e-05,0.00018191849435264458,0.00019451818782559557,0.0005477376552475942,0.0003219288929107485,0.00015491397569734539,1.042728600548647e-08,-0.0001549097502297471,-0.0003219474106523931,-0.0005477380056694252
1286,-0.00019465314661356654,-0.00018188917402750402,-9.828959433446632e-05,-3.0402062920162996e-08,9.817444991933574e-05,0.00018191762468068947,0.0001945209630379468,0.0005477378089661248,0.00032192849649821995,0.0001549143678900136,1.0420918949955469e-08,-0.00015490992203933952,-0.00032194761431557275,-0.0005477380884018113
1287,-0.0001946561265838506,-0.0001818904393237457,-9.828988946943538e-05,-2.9019467102085893e-08,9.817512733183822e-05,0.00018191728460301428,0.00019452468259195305,0.0005477378339846944,0.0003219280838999255,0.00015491456231805768,1.067593515823111e-08,-0.00015490989759420857,-0.0003219477197311536,-0.0005477381607984298
1288,-0.00019465859370856693,-0.00018189052027913876,-9.829077806645004e-05,-2.9858383893508297e-08,9.817686568461872e-05,0.00018191708035739505,0.00019452647322633132,0.0005477379238388175,0.00032192802849836114,0.0001549146303283336,1.0511495365380519e-08,-0.00015490961549943205,-0.0003219476775325497,-0.0005477382940304054
1289,-0.00019466227323315102,-0.00018189052809192038,-9.829147764242486e-05,-3.00663426421395e-08,9.817623381974647e-05,0.00018191679939282172,0.00019453081882749536,0.0005477376847750556,0.00032192798912070506,0.00015491470131216592,1.0295489895997506e-08,-0.0001549099055645421,-0.00032194765593611353,-0.0005477379514471095
1290,-0.0001946644012654105,-0.0001818906811455934,-9.829059217249329e-05,-3.004715346325782e-08,9.817577583507822e-05,0.00018191637846812748,0.00019453282123456118,0.0005477378243194799,0.00032192790703574963,0.00015491523006876524,1.025107482144736e-08,-0.0001549101697093043,-0.00032194763195805755,-0.0005477377413789911
1291,-0.00019466632063827255,-0.0001818902771370985,-9.829162672468263e-05,-3.044788177312626e-08,9.817549588527983e-05,0.00018191761969548457,0.00019453476726743213,0.0005477378600668999,0.00032192793279423986,0.00015491526679426798,9.99714559579426e-09,-0.00015491029372233011,-0.00032194726213643,-0.0005477376981398738
1292,-0.00019466966136596524,-0.00018188936983965404,-9.829295265618861e-05,-3.1783909765386895e-08,9.817533605823057e-05,0.000181917592680797,0.00019453628279928636,0.0005477375921231072,0.0003219280843392534,0.00015491527168005705,9.665792162146007e-09,-0.00015491036286792193,-0.000321947124418685,-0.0005477375804462334
1293,-0.00019467206133819785,-0.00018189029835870206,-9.829409436368297e-05,-3.0923017499024955e-08,9.817581380342358e-05,0.00018191721931259323,0.00019453901615956146,0.0005477374749612849,0.00032192775993026044,0.00015491520857406816,9.725580774471462e-09,-0.00015491028630693708,-0.00032194711775939853,-0.0005477373727828573
1294,-0.00019467423716340026,-0.00018189158302433681,-9.829441133306143e-05,-3.0880755482387985e-08,9.81764390308797e-05,0.00018191662939339286,0.0001945388542980363,0.0005477375560750945,0.0003219273282558848,0.00015491535646572314,9.748837536098853e-09,-0.00015491019537992897,-0.0003219470971109858,-0.0005477375537859647
1295,-0.00019467720987262495,-0.00018189244053869728,-9.829461333139757e-05,-3.098053892942093e-08,9.817605564694605e-05,0.00018191663541307707,0.0001945397032902579,0.0005477374380808613,0.0003219269743656753,0.00015491555678769827,9.592994353805991e-09,-0.00015491030837969723,-0.000321947021824052,-0.0005477377063714918
1296,-0.00019467997072049244,-0.0001818908628691208,-9.82948786260728e-05,-3.216743275374809e-08,9.817490576805057e-05,0.000181917516020956,0.00019454041312038547,0.0005477374076053764,0.0003219272349796283,0.0001549157834115429,9.374257798873699e-09,-0.0001549106290359048,-0.0003219466691130912,-0.0005477377054697134
1297,-0.00019468168797580687,-0.00018188955831192723,-9.829621640088874e-05,-3.275820731774684e-08,9.817545547359294e-05,0.00018191730137143085,0.00019454341739600658,0.0005477375069397338,0.00032192747889911997,0.00015491560036209222,9.125815688202938e-09,-0.00015491050493038892,-0.00032194666122831097,-0.0005477372646619413
1298,-0.0001946840356427965,-0.0001818885374877706,-9.8295578984311e-05,-3.374431279989493e-08,9.817629574958768e-05,0.00018191651431988785,0.000194544798553928,0.0005477376042393092,0.00032192762332239653,0.0001549160290906585,8.88588093052791e-09,-0.0001549103258256406,-0.00032194676897926664,-0.0005477370102448245
1299,-0.00019468650177244232,-0.00018188782249509882,-9.829552248597863e-05,-3.428099479094361e-08,9.817668828817037e-05,0.0001819168979343626,0.0001945459269442257,0.0005477375391956529,0.00032192764672238946,0.00015491628838431543,8.710230391821575e-09,-0.00015491020450407643,-0.0003219466275156729,-0.0005477368302359855
1300,-0.00019468882923260325,-0.00018188793458339216,-9.82952471795144e-05,-3.5092106045239786e-08,9.81747760305554e-05,0.00018191622479376695,0.00019454560476796822,0.0005477374411099118,0.00032192749471492545,0.000154916603449497,8.603478752088458e-09,-0.00015491064479159175,-0.000321946622521208,-0.0005477368360628611
1301,-0.00019469088706805426,-0.000181887463126848,-9.829479082932342e-05,-3.5534710729691045e-08,9.817257573745491e-05,0.0001819147647001501,0.00019454690644832412,0.0005477374068885782,0.0003219274759856821,0.00015491688985893627,8.417700252023705e-09,-0.00015491112551577476,-0.00032194676962669726,-0.0005477366375560041
1302,-0.000194692642963633,-0.00018188596618606435,-9.829588856061083e-05,-3.606216464336804e-08,9.817115942891265e-05,0.000181915713544253,0.00019454661094192775,0.0005477374167618954,0.0003219277395361954,0.00015491680796127325,8.328570876207394e-09,-0.00015491148112167533,-0.00032194631926932326,-0.0005477365606273712
1303,-0.00019469419745102136,-0.00018188648895278096,-9.829781311769188e-05,-3.653587818882303e-08,9.817047109624982e-05,0.00018191697685035363,0.00019454705398477427,0.0005477371554311443,0.0003219274731416118,0.00015491647733232162,8.161747406773821e-09,-0.0001549116724119931,-0.00032194586636847183,-0.0005477364126432261
1304,-0.00019469557286511973,-0.00018188733781692416,-9.829830995050549e-05,-3.7229784451660117e-08,9.816981832504385e-05,0.0001819172105441498,0.0001945463936421652,0.0005477369957470027,0.00032192716091818824,0.00015491654732882224,8.092760929396202e-09,-0.00015491186032873477,-0.00032194553393596344,-0.0005477362559650126
1305,-0.0001946946607302531,-0.0001818866426862546,-9.829856175360041e-05,-3.7264397905815895e-08,9.816908687528449e-05,0.00018191771556708364,0.0001945470927925257,0.0005477371304125747,0.00032192724355808425,0.00015491661432633167,7.960133818871472e-09,-0.0001549120498062468,-0.0003219453236828649,-0.0005477359996056037
1306,-0.00019469465053324303,-0.00018188651738618294,-9.829782395706435e-05,-3.740100554736067e-08,9.816841965880686e-05,0.0001819177557836973,0.00019454574467882822,0.0005477371341353009,0.00032192724700334015,0.0001549169053440897,7.88535932456873e-09,-0.00015491230408925304,-0.0003219451972489109,-0.0005477359396489025
1307,-0.00019469364961049735,-0.00018188697769005522,-9.829742269634346e-05,-3.7219940064043724e-08,9.816770222279351e-05,0.00018191762679890897,0.0001945460255842884,0.0005477372162433789,0.0003219270716421282,0.00015491715270421266,7.82179481677809e-09,-0.00015491254823534538,-0.0003219451461943809,-0.0005477356833588612
1308,-0.0001946924138116935,-0.00018188585511254586,-9.829752673244714e-05,-3.7371356603619685e-08,9.816675235800438e-05,0.00018191748425751595,0.00019454513626707915,0.0005477374766723516,0.0003219273884438113,0.0001549173123721684,7.779873094947786e-09,-0.00015491283163423215,-0.0003219449437104499,-0.0005477356110084878
1309,-0.00019469139570673955,-0.0001818849444555068,-9.829860690517286e-05,-3.7248894984500595e-08,9.816601509939754e-05,0.00018191775985264917,0.00019454554166473194,0.0005477374654579281,0.00032192767879332836,0.00015491717255952287,7.654941027242996e-09,-0.00015491303370658227,-0.0003219447409490486,-0.0005477355312589071
1310,-0.00019469153530232968,-0.00018188472805229293,-9.829744097509976e-05,-3.719148064044435e-08,9.816520367158175e-05,0.00018191804238371968,0.0001945439807044589,0.0005477374474223605,0.00032192783591086994,0.00015491760207194267,7.608496838028552e-09,-0.00015491334855441215,-0.00032194447732916773,-0.0005477356762602467
1311,-0.0001946910490083969,-0.00018188512616918202,-9.829642018444055e-05,-3.683220771839574e-08,9.816459158201251e-05,0.00018191866206636683,0.0001945435292872563,0.0005477374979681951,0.000321927834985969,0.00015491791309530729,7.438682801171441e-09,-0.00015491358214507286,-0.0003219441632096973,-0.0005477356969549046
1312,-0.00019469070503910917,-0.00018188556036476765,-9.829549383779903e-05,-3.710469924529613e-08,9.816411141810844e-05,0.00018191934941381134,0.00019454207227737294,0.000547737667225061,0.00032192787068714403,0.0001549182381286084,7.347623292660963e-09,-0.00015491378189360941,-0.00032194384589931873,-0.0005477357737679249
1313,-0.00019469021328706669,-0.00018188606197884596,-9.829595091803681e-05,-3.644503751962764e-08,9.816387625830734e-05,0.00018192094581238893,0.00019454156004264063,0.0005477378045728455,0.000321927864097225,0.00015491819057020378,7.326279668442355e-09,-0.00015491391624702737,-0.0003219432659170827,-0.0005477358611016929
1314,-0.0001946897282739178,-0.0001818866739570855,-9.829586281784019e-05,-3.6185602065120154e-08,9.816362259709058e-05,0.00018192108427497796,0.00019454030436213016,0.000547738051891348,0.0003219278674731133,0.00015491832448198155,7.332647419036388e-09,-0.0001549140821603765,-0.0003219429662029439,-0.0005477359736852558
1315,-0.00019469009901158853,-0.00018188691595627247,-9.829708195758671e-05,-3.6132589337803305e-08,9.816397835845693e-05,0.00018192060728150654,0.0001945408886951424,0.0005477379690664718,0.000321927932932975,0.0001549180839661253,7.20354547698334e-09,-0.00015491409342566955,-0.00032194293017805364,-0.0005477358065094169
1316,-0.00019469065830034994,-0.0001818869314439052,-9.829651374373215e-05,-3.6161455751168364e-08,9.816483229351909e-05,0.0001819196276296254,0.00019454137530434504,0.0005477379327178661,0.00032192802572365847,0.0001549183441176278,7.317596507276358e-09,-0.0001549139880262745,-0.00032194292002726615,-0.0005477355862673885
1317,-0.00019469004623344074,-0.00018188744924512124,-9.829466257162623e-05,-3.509568068840281e-08,9.816379827728854e-05,0.0001819207525322501,0.0001945421339323382,0.0005477380892342221,0.0003219279863691249,0.00015491886352810347,7.436581946337096e-09,-0.00015491438511166847,-0.0003219423543347491,-0.0005477354942628709
1318,-0.00019468930657090108,-0.00018188804883916595,-9.829455757690509e-05,-3.655164560284581e-08,9.816291817187096e-05,0.0001819210800779477,0.00019453980297465205,0.000547738256941879,0.0003219279366094561,0.0001549190311270845,7.075047529212434e-09,-0.00015491477550309214,-0.00032194205628543196,-0.0005477358917852805
1319,-0.00019468974544627391,-0.00018188909357457232,-9.829592631614901e-05,-3.746282731010726e-08,9.816254575341772e-05,0.0001819208386403352,0.00019453881148044614,0.0005477380910146563,0.0003219277107486547,0.00015491878828972693,6.718168106673021e-09,-0.00015491505634462795,-0.00032194192210543293,-0.0005477360490646798
1320,-0.00019469042695137347,-0.00018188830432599236,-9.82965633110533e-05,-3.9038652666201383e-08,9.816167060069285e-05,0.00018192022619904302,0.00019453689899426053,0.0005477380067561838,0.00032192798371003477,0.00015491877618971085,6.3944969767220685e-09,-0.00015491537916047913,-0.0003219417742369005,-0.0005477362713646126
1321,-0.00019469013661737355,-0.00018188753938274947,-9.829588273304422e-05,-4.0161322473783606e-08,9.816209075297588e-05,0.00018191982712649209,0.00019453592822904898,0.0005477380613022147,0.00032192818055207023,0.0001549190577387958,6.024480038572438e-09,-0.00015491538289014203,-0.0003219417262114209,-0.0005477363629298024
1322,-0.00019469000704145417,-0.0001818881366122701,-9.829497347600043e-05,-3.953539671162287e-08,9.816309346389289e-05,0.0001819189890307856,0.0001945342883527849,0.0005477382700061043,0.00032192801640528184,0.00015491945224140405,6.262419882106442e-09,-0.00015491531667879838,-0.0003219417748612086,-0.0005477364037410549
1323,-0.00019469086618142495,-0.00018188891043233047,-9.829507842047546e-05,-3.894708075808336e-08,9.816359887500279e-05,0.00018191820819597046,0.0001945340008857704,0.0005477381195709718,0.00032192776506346046,0.00015491951847355795,6.299736549607177e-09,-0.00015491538398383736,-0.0003219418386793712,-0.0005477363211011588
1324,-0.00019469026444945636,-0.0001818882355380461,-9.829546105465793e-05,-3.895815936027249e-08,9.816314133565324e-05,0.0001819194102017844,0.00019453151634239333,0.0005477383418477823,0.00032192789452646485,0.00015491957571798733,6.3289281603406736e-09,-0.0001549156692903323,-0.0003219414140573649,-0.0005477365550779657
1325,-0.00019468905044368274,-0.0001818874370481179,-9.829700878049266e-05,-3.885327591263954e-08,9.816249279497494e-05,0.00018192101383186483,0.00019453038641515497,0.0005477386776561789,0.00032192801714520255,0.00015491929888820924,6.240287513031016e-09,-0.00015491592323343747,-0.00032194090573182667,-0.0005477367865575402
1326,-0.00019468908043372978,-0.00018188623546594785,-9.829807772862555e-05,-3.921111934687983e-08,9.816224085296423e-05,0.00018191957697954927,0.00019452808690563904,0.0005477386835524222,0.0003219282228431642,0.0001549191748659344,6.155283198264235e-09,-0.00015491617788871635,-0.0003219410548489753,-0.0005477371360544702
1327,-0.0001946901994841574,-0.0001818848462982011,-9.829956400146478e-05,-4.043484645140256e-08,9.816380699942672e-05,0.0001819182840380802,0.00019452694073214985,0.0005477382890359405,0.00032192845476206657,0.00015491891846028055,5.781297471709611e-09,-0.00015491592441731065,-0.0003219412993696525,-0.0005477374511682091
1328,-0.00019469020920826266,-0.0001818848103278786,-9.830047926538492e-05,-4.25871294008756e-08,9.816238324164842e-05,0.00018191740433660215,0.00019452604979918242,0.0005477381967539525,0.0003219283453462893,0.00015491882468226538,5.32214498102419e-09,-0.00015491646514443992,-0.0003219413889000603,-0.000547737626483176
1329,-0.00019468818250571195,-0.00018188474690937243,-9.830156233957873e-05,-4.207279493376283e-08,9.81601539190888e-05,0.0001819170944164611,0.00019452580309065168,0.0005477384924678949,0.0003219282988237737,0.00015491859635197855,5.313463297156165e-09,-0.0001549171320373019,-0.0003219413406896005,-0.0005477378783105703
1330,-0.0001946868387269753,-0.0001818846249787476,-9.830146369163429e-05,-4.129285067623566e-08,9.816046658207778e-05,0.0001819165148913145,0.00019452337699042805,0.000547738827189533,0.0003219283672895633,0.00015491869877088044,5.431371292097411e-09,-0.0001549171915962958,-0.00032194134011153747,-0.0005477384324187035
1331,-0.0001946862974480056,-0.0001818848859532403,-9.83009830656628e-05,-4.143223833011555e-08,9.816121997462057e-05,0.00018191615045904131,0.0001945233953450462,0.0005477388790764738,0.0003219283195646765,0.00015491888253712932,5.273820350341688e-09,-0.0001549171300996345,-0.00032194136348840784,-0.0005477385608411943
1332,-0.00019468671645152402,-0.00018188380893222812,-9.830164625358253e-05,-4.1738587348194226e-08,9.816088452156037e-05,0.0001819168705649964,0.00019452288350440124,0.0005477389166043281,0.0003219286973404518,0.00015491881262155757,5.229772739615425e-09,-0.00015491739730119416,-0.000321941032628231,-0.0005477386313417661
1333,-0.00019468640612744343,-0.00018188276796035592,-9.830316792236195e-05,-4.084043682572456e-08,9.81607370264894e-05,0.00018191729146998628,0.00019452271746555017,0.000547739060333929,0.00032192909063143984,0.00015491847081980302,5.3228837446984655e-09,-0.00015491755929296347,-0.00032194084859607313,-0.000547738732734028
1334,-0.0001946866283730022,-0.0001818817950670727,-9.830383956936657e-05,-4.1763908822729964e-08,9.816065276568873e-05,0.0001819170509880356,0.00019452061245784383,0.000547739217474593,0.0003219294529382475,0.00015491832461840443,5.033083821043024e-09,-0.00015491775822527499,-0.00032194081058264587,-0.0005477390799187058
1335,-0.00019468681109160017,-0.00018188288430479263,-9.8303548763447e-05,-4.251605330665834e-08,9.816085884282891e-05,0.00018191746521324496,0.0001945194311219112,0.0005477392979640945,0.0003219292799586554,0.0001549183562523277,4.694383419007329e-09,-0.00015491791306756025,-0.0003219406803565982,-0.0005477393185893847
1336,-0.00019468685715055871,-0.00018188433026052593,-9.830322421478366e-05,-4.3242564735817e-08,9.816079250512073e-05,0.00018191890729707006,0.0001945173471781735,0.0005477393893211815,0.0003219290204083385,0.0001549184117417576,4.451637771864419e-09,-0.00015491811563704457,-0.0003219402804294462,-0.0005477395110612633
1337,-0.00019468662516119035,-0.00018188482987461095,-9.830394350300753e-05,-4.368819325148868e-08,9.816148004271237e-05,0.00018191852134762776,0.00019451683890401905,0.0005477395362879356,0.00032192895612772547,0.0001549181866809955,4.082214046195836e-09,-0.0001549181106518287,-0.0003219403951402811,-0.0005477394945980272
1338,-0.0001946865606392396,-0.0001818849756081115,-9.830262984239628e-05,-4.409754990281264e-08,9.816249647082467e-05,0.00018191847234286628,0.00019451461059623434,0.0005477397250602105,0.0003219290145814628,0.00015491847777505783,3.825415440341518e-09,-0.00015491807065680122,-0.0003219403451493871,-0.0005477397523447874
1339,-0.00019468693131779725,-0.00018188525454313498,-9.830189722909403e-05,-4.434178947733781e-08,9.816187009263348e-05,0.00018191932833999048,0.0001945123825051977,0.0005477397480208756,0.0003219289662785129,0.00015491860635478188,3.573188567643031e-09,-0.00015491843614989252,-0.00032194011235182896,-0.0005477400521976614
1340,-0.00019468772288164034,-0.00018188533233597708,-9.830143956560697e-05,-4.4313864660809364e-08,9.816107837411107e-05,0.00018191949607341713,0.00019451159147337247,0.0005477397738487335,0.00032192899083463203,0.00015491873855086845,3.6327948565650146e-09,-0.00015491886748205484,-0.00032193996170859376,-0.0005477397936416128
1341,-0.00019468699735698423,-0.00018188355678529198,-9.830173082275654e-05,-4.4900721302010206e-08,9.816066752918592e-05,0.00018191880037132088,0.00019451188836892676,0.0005477401507689754,0.0003219294418625591,0.000154918619499936,3.284797108291766e-09,-0.00015491909775925807,-0.00032194008231567196,-0.0005477393735747436
1342,-0.0001946870891005184,-0.00018188346719938606,-9.830093686680323e-05,-4.6561632055994766e-08,9.815999614720505e-05,0.00018192032247458164,0.00019450832443016126,0.0005477404210712654,0.0003219294721761864,0.0001549188273297942,2.7552025272510316e-09,-0.00015491942260526675,-0.00032193963443240796,-0.0005477395532367447
1343,-0.00019468714479491255,-0.00018188362807569286,-9.830009629721341e-05,-4.6096174678861425e-08,9.815962357111687e-05,0.00018192216489203714,0.00019450525415476192,0.0005477407421274926,0.0003219293693503281,0.00015491902206536787,2.6876103296660606e-09,-0.0001549196601706891,-0.0003219391268005453,-0.0005477396906307744
1344,-0.0001946868324609865,-0.0001818835247164342,-9.830108978254565e-05,-4.625390264550934e-08,9.816114550984613e-05,0.00018192314101683657,0.00019450157343806364,0.000547741234174775,0.00032192940310921115,0.00015491880878321877,2.58569871071334e-09,-0.0001549195137496266,-0.0003219387645862278,-0.0005477396862837401
1345,-0.0001946876380149304,-0.00018188308291496283,-9.83025546997916e-05,-4.542886277692407e-08,9.816265197375051e-05,0.0001819239529254389,0.00019449891328936518,0.0005477414090272913,0.0003219295342139147,0.00015491840621778693,2.534950290495536e-09,-0.00015491932131011943,-0.00032193854304933816,-0.0005477395709254745
1346,-0.00019468947846194918,-0.0001818829188366963,-9.830265161769259e-05,-4.426388758043679e-08,9.816394431916243e-05,0.00018192406176251172,0.0001944942114332404,0.0005477414685677872,0.0003219296168075657,0.00015491834617553231,2.760069830064696e-09,-0.00015491925379697776,-0.0003219384333792131,-0.0005477396638317706
1347,-0.0001946908413637743,-0.00018188275257124503,-9.830268390822451e-05,-4.432763876921359e-08,9.81651754825139e-05,0.0001819248728041219,0.00019449035560382993,0.0005477415719023409,0.00032192966753838035,0.00015491827028972518,2.5523467356939324e-09,-0.00015491918802033755,-0.0003219382462717597,-0.000547739665357857
1348,-0.00019469195270979434,-0.00018188291978250593,-9.83022101324763e-05,-4.5463161778934314e-08,9.816440853238119e-05,0.00018192591388436813,0.000194484833267703,0.000547741743864542,0.000321929664116247,0.0001549183902863688,2.272850413582042e-09,-0.00015491965969436516,-0.00032193794417600106,-0.0005477398502686709
1349,-0.0001946930969719599,-0.00018188260613823947,-9.830196612836995e-05,-4.543138617140212e-08,9.816379647926502e-05,0.00018192542881210615,0.00019448090185233957,0.0005477419732630894,0.0003219297499701737,0.00015491837314101826,2.130246220876284e-09,-0.00015492006149906603,-0.00032193806034355493,-0.0005477399629447238
1350,-0.00019469399019063393,-0.00018188313296405576,-9.830106473238351e-05,-4.5138594216151454e-08,9.816416478443161e-05,0.00018192540157081836,0.00019447695602323146,0.0005477422351025361,0.0003219297027771049,0.00015491857259589877,2.157198752323475e-09,-0.00015492032595367,-0.00032193802115087903,-0.0005477399191506658
1351,-0.00019469529321088685,-0.00018188542283813607,-9.830150096244504e-05,-4.4561759341281425e-08,9.816463250798338e-05,0.00018192607884933115,0.00019447420899797762,0.0005477422093671684,0.0003219291778033503,0.00015491839097773224,2.1818423238969537e-09,-0.00015492050243169975,-0.0003219378787623844,-0.0005477398032143373
1352,-0.00019469686409230878,-0.00018188574591094232,-9.830283724268472e-05,-4.47071931935677e-08,9.816429782634917e-05,0.00018192663627602984,0.00019447057243876647,0.0005477421753076926,0.00032192916806876825,0.0001549180603256581,2.1914065436318315e-09,-0.00015492089364628524,-0.00032193767438240664,-0.0005477397960463552
1353,-0.00019469631573947122,-0.0001818852629076389,-9.830285171652772e-05,-4.4580900114414393e-08,9.816684332814212e-05,0.0001819266697931586,0.00019446800341291464,0.0005477423979082182,0.00032192936904973526,0.00015491797004376837,2.1475137707282058e-09,-0.00015492054334006683,-0.00032193765195355966,-0.0005477398241402203
1354,-0.00019469576779057322,-0.00018188520106548215,-9.830237477625815e-05,-4.5127619450066675e-08,9.816914937852276e-05,0.0001819265262074341,0.0001944628422479881,0.000547742543094538,0.0003219294873214387,0.0001549180409258616,1.99028892315806e-09,-0.0001549203059318776,-0.0003219375700998294,-0.000547740287099369
1355,-0.0001946958249332384,-0.00018188528663169712,-9.830175429459886e-05,-4.680339070289429e-08,9.817075092880722e-05,0.00018192727486501746,0.00019445924919601993,0.0005477424285686833,0.0003219295120162929,0.0001549180890183965,1.4533241877127732e-09,-0.00015492019800287857,-0.0003219373453489091,-0.0005477405191801291
1356,-0.0001946956222245598,-0.00018188579328024128,-9.829985606353774e-05,-4.604257864808552e-08,9.817183234684895e-05,0.00018192748869681137,0.00019445557999652434,0.0005477423380671296,0.00032192948734456123,0.00015491850770022668,1.6549983738739097e-09,-0.00015492030723830016,-0.0003219371807396702,-0.0005477405635291276
1357,-0.00019469425264295414,-0.00018188577667931183,-9.830035204118181e-05,-4.4543017737250753e-08,9.817252924401505e-05,0.00018192728987974534,0.00019445271047907118,0.0005477424626281591,0.00032192955532477785,0.00015491828755068835,1.9675979117615077e-09,-0.000154920474377143,-0.00032193718989618916,-0.0005477406020974954
1358,-0.00019469362175837418,-0.00018188732432928474,-9.830096631498016e-05,-4.614806895476341e-08,9.8173490644726e-05,0.00018192681538872858,0.00019444887062005042,0.0005477424184872633,0.0003219292088568983,0.00015491807384770937,1.653730111228606e-09,-0.0001549205814066759,-0.00032193723614123455,-0.0005477406981484545
1359,-0.00019469234567399136,-0.00018188884518131814,-9.830116202171182e-05,-4.723751947197891e-08,9.817577756906255e-05,0.00018192690517167818,0.00019444693075464643,0.0005477424838315124,0.00032192881223626693,0.00015491791760419922,1.2688519174524184e-09,-0.0001549203701847436,-0.00032193719942266854,-0.000547740508913729
1360,-0.00019469048213345409,-0.0001818884191926015,-9.830046479843846e-05,-4.817414795483297e-08,9.817637072372004e-05,0.0001819292815085222,0.00019444373662744639,0.0005477426448105152,0.0003219289019978999,0.0001549180424380746,1.0814203835946505e-09,-0.0001549206031904045,-0.00032193657060566465,-0.0005477405280360552
1361,-0.00019469016633155941,-0.0001818881537255131,-9.829973771418165e-05,-4.825783811307589e-08,9.817691360465477e-05,0.00018192971127062516,0.00019444183079148474,0.000547742428291213,0.0003219289660010427,0.00015491811742441558,9.818814884096402e-10,-0.000154920810005184,-0.0003219364435705251,-0.0005477405512279455
1362,-0.00019468971540696596,-0.00018188898105278285,-9.829822741482218e-05,-4.889392173963238e-08,9.81779538159384e-05,0.00018192924486825122,0.00019443960454280639,0.0005477422699713002,0.000321928820953458,0.00015491845812553803,8.487581713925685e-10,-0.0001549209446083252,-0.00032193651101892367,-0.0005477404875947631
1363,-0.0001946894052503725,-0.00018188807697700247,-9.829784271069591e-05,-4.876635990809134e-08,9.817909821504934e-05,0.00018192928400112467,0.000194437038275566,0.0005477420000620932,0.00032192910013479665,0.00015491843764129523,7.829073231047879e-10,-0.0001549209988098306,-0.00032193656935704837,-0.0005477407427749232
1364,-0.00019468845757867947,-0.00018188778905678748,-9.829685095146626e-05,-4.909040549134707e-08,9.817996595006513e-05,0.00018192926152829376,0.00019443425009774102,0.0005477418945771448,0.00032192925965708055,0.0001549185900719014,7.26428064399546e-10,-0.00015492109218088934,-0.000321936581681353,-0.000547740930206092
1365,-0.00019468623765510305,-0.00018188737185621868,-9.829609023283971e-05,-4.884103737444586e-08,9.818189031699903e-05,0.00018192977580242808,0.00019443412969420465,0.0005477420077850158,0.00032192944574714296,0.00015491866565711573,6.169255121320257e-10,-0.00015492090609082692,-0.000321936537309232,-0.0005477407437229466
1366,-0.00019468386949557146,-0.00018188747165883906,-9.829535439196209e-05,-4.891641731922851e-08,9.81827672194717e-05,0.00018193041130768218,0.0001944318905096092,0.000547742102333011,0.000321929538699684,0.00015491880164067152,5.19616567970067e-10,-0.00015492092612418056,-0.00032193644303870706,-0.0005477409004936504
1367,-0.00019468257915507888,-0.0001818884809559408,-9.829502139899215e-05,-4.766644266840443e-08,9.818298966995588e-05,0.0001819311675711513,0.00019442983885147735,0.0005477419118727917,0.00032192934391555314,0.00015491882374811546,6.377574127957816e-10,-0.0001549211208273827,-0.00032193632999269375,-0.0005477411047348931
1368,-0.00019468097836242737,-0.00018188939512035727,-9.829509780760242e-05,-4.758817151067502e-08,9.818250337208226e-05,0.00018193216596188577,0.00019442740462320219,0.0005477417994048415,0.0003219292133889127,0.00015491879310614842,6.542016740600047e-10,-0.00015492149780543097,-0.0003219361118085699,-0.0005477412602107355
1369,-0.00019467857183849265,-0.00018188953605584437,-9.829369962313722e-05,-4.84085662549646e-08,9.81841514345257e-05,0.00018193344807580498,0.00019442596974132332,0.0005477418225736092,0.00032192927454798514,0.0001549191023791381,3.310272487530214e-10,-0.00015492138618376504,-0.0003219358839823541,-0.0005477414181375653
1370,-0.00019467558790763078,-0.00018188931698268876,-9.829136540831916e-05,-4.756415544751716e-08,9.818640081514603e-05,0.0001819354553597017,0.00019442273702311992,0.0005477420508160305,0.00032192947208369623,0.00015491971040668186,5.528771155868295e-10,-0.00015492116605272477,-0.00032193541533506465,-0.0005477418284236075
1371,-0.00019467323428992223,-0.00018188867289618268,-9.829183444812269e-05,-4.602515790562713e-08,9.818866477896857e-05,0.0001819348319430769,0.00019442077262577868,0.0005477421994476062,0.0003219297571150332,0.00015491961379615764,8.305494889699358e-10,-0.00015492090129521572,-0.0003219356338891489,-0.0005477421205073138
1372,-0.00019467220516037478,-0.00018188833066087924,-9.829201591647854e-05,-4.5797852521500395e-08,9.818842652853747e-05,0.00018193334501211182,0.00019441815427989547,0.0005477421805565051,0.0003219299682930327,0.0001549196027250938,9.388145837579544e-10,-0.0001549212250845251,-0.00032193603476432433,-0.0005477425293597595
1373,-0.00019467122350850033,-0.0001818894128838444,-9.829204921587407e-05,-4.6022424481312823e-08,9.818811759657044e-05,0.00018193432573788103,0.00019441779205451142,0.0005477420809909226,0.0003219297876830081,0.00015491957434913398,7.466603928711292e-10,-0.00015492156947137772,-0.00032193582700845816,-0.0005477427487000096
1374,-0.00019466943306131355,-0.00018189076665269527,-9.829207011137035e-05,-4.587967155992116e-08,9.818869980939276e-05,0.00018193559470898723,0.00019441642376354182,0.0005477422639363218,0.00032192956244651486,0.00015491958028931006,7.591064132321336e-10,-0.0001549217325822771,-0.00032193547744216054,-0.0005477431252040461
1375,-0.0001946677282296027,-0.0001818895606468948,-9.829066662347468e-05,-4.558895850113449e-08,9.819005670532672e-05,0.0001819362560959278,0.00019441643595069302,0.0005477422316572802,0.00032192989580392414,0.00015491986582009346,7.150844408977373e-10,-0.00015492169074207235,-0.00032193535616452916,-0.0005477434768282484
1376,-0.0001946661955549489,-0.0001818882623655422,-9.828849144654598e-05,-4.499711897224069e-08,9.819086715974678e-05,0.00018193662136563657,0.00019441731489355292,0.0005477422264778352,0.00032193028449353014,0.00015492035124508528,9.621556625660251e-10,-0.00015492170758451786,-0.00032193524311851585,-0.0005477436892548641
1377,-0.00019466317107249916,-0.00018188711332506755,-9.828771538314338e-05,-4.4304084494652085e-08,9.819176151634801e-05,0.0001819366014740778,0.00019441918462126149,0.0005477424957858566,0.00032193064497365847,0.0001549204738776965,1.0511669757527491e-09,-0.00015492173908664272,-0.00032193527650743855,-0.0005477440093168228
1378,-0.00019466079117901684,-0.0001818863996230318,-9.828711161866935e-05,-4.385342801656203e-08,9.819204047206107e-05,0.0001819363636423645,0.00019441914143914057,0.0005477427130913246,0.00032193093904590175,0.00015492061329725918,1.1736188239606115e-09,-0.0001549219460470941,-0.0003219353160007073,-0.0005477446897664198
1379,-0.00019465855539342472,-0.00018188748502825225,-9.828714695549643e-05,-4.295518153579405e-08,9.819404332346037e-05,0.00018193647841045185,0.00019442177376527238,0.0005477427804934782,0.0003219307287696806,0.0001549205636578275,1.332874421512346e-09,-0.00015492168864948404,-0.0003219353071216586,-0.0005477449195811726
1380,-0.00019465703561527935,-0.00018188873595015802,-9.828675334302571e-05,-4.172483123381822e-08,9.819585163265608e-05,0.0001819367599957127,0.0001944243585841746,0.0005477428041709415,0.0003219305241584776,0.00015492062829452737,1.7452879645098318e-09,-0.00015492148330992152,-0.00032193517460648116,-0.0005477450366505049
1381,-0.0001946559374711854,-0.00018188878583176384,-9.828630665388601e-05,-4.2976112927541784e-08,9.819649393690214e-05,0.00018193644194752014,0.00019442745509593902,0.0005477426847431119,0.00032193060871754295,0.00015492062673838158,1.3651459009560662e-09,-0.00015492147941146417,-0.0003219352312335392,-0.0005477452988136668
1382,-0.00019465528023201417,-0.00018188893201846485,-9.828540274953362e-05,-4.500256886821691e-08,9.819692475121833e-05,0.0001819368326161584,0.0001944292077008884,0.0005477425878366194,0.00032193070338115074,0.00015492081465512332,9.102319284288185e-10,-0.00015492157454445919,-0.0003219350877351635,-0.0005477457530325021
1383,-0.00019465403211798077,-0.0001818895660458914,-9.828417506597342e-05,-4.4078537812991185e-08,9.819710182352983e-05,0.00018193875981165422,0.00019443240109902682,0.0005477426652277027,0.0003219306685355091,0.00015492105268068387,1.1202058683977507e-09,-0.00015492172004293308,-0.000321934677610979,-0.0005477460990841763
1384,-0.00019465215926712994,-0.00018188896401835733,-9.82821549387701e-05,-4.341480062515258e-08,9.819661560644412e-05,0.00018193913029316815,0.0001944344856437477,0.000547742921656479,0.0003219310273970609,0.0001549215226158978,1.406236790452529e-09,-0.00015492193526274955,-0.00032193462403609397,-0.0005477465090002581
1385,-0.00019465032964766096,-0.00018188837518289715,-9.828271460881101e-05,-4.2575824464471496e-08,9.819664979253616e-05,0.00018193941125774148,0.0001944386425066296,0.000547743221994926,0.00032193140829437673,0.0001549212998881982,1.5813844658541073e-09,-0.00015492206815944856,-0.00032193464006000224,-0.0005477466918531674
1386,-0.00019464870956443386,-0.00018188842189209982,-9.828198127728456e-05,-4.271209208154285e-08,9.819750298375844e-05,0.0001819403406930426,0.00019444177836801553,0.0005477435785673481,0.0003219316478899566,0.00015492138278012973,1.6427779658396776e-09,-0.00015492204099279666,-0.0003219344405357541,-0.0005477469742947818
1387,-0.00019464757531208686,-0.0001818904108410828,-9.828064323645966e-05,-4.2800263154780925e-08,9.819859405102885e-05,0.00018194117017794059,0.0001944454230060173,0.0005477437108050552,0.00032193132345784104,0.00015492154803911144,1.6103060606238369e-09,-0.00015492193073767186,-0.0003219343191425101,-0.0005477472264458913
1388,-0.00019464637702054616,-0.0001818920445301755,-9.827959831386182e-05,-4.370312324566476e-08,9.819902097077683e-05,0.00018194082552885213,0.0001944494790219473,0.0005477440175484409,0.00032193111766738936,0.00015492172894279204,1.5602180411110731e-09,-0.00015492186289387807,-0.00032193442892824775,-0.0005477471895654677
1389,-0.00019464432008164386,-0.00018189356350044184,-9.827937936779935e-05,-4.395771284059036e-08,9.819919842042698e-05,0.00018194257288258766,0.0001944535495895526,0.0005477444908433572,0.0003219310221482482,0.00015492165842603467,1.5034458873995624e-09,-0.0001549218361110601,-0.00032193403764891915,-0.0005477474467110423
1390,-0.00019464372255655773,-0.00018189434325151675,-9.827929790698929e-05,-4.24913784516251e-08,9.819918450323235e-05,0.00018194408565583046,0.00019445387094807888,0.0005477446919630594,0.00032193103370950954,0.00015492162928240708,2.0054016959209626e-09,-0.00015492188644879195,-0.00032193364593026267,-0.0005477482300789877
1391,-0.00019464366342375144,-0.00018189463753624238,-9.827807523424971e-05,-4.011945532577078e-08,9.819877599228952e-05,0.00018194469476708457,0.0001944574834876663,0.0005477446869685945,0.0003219311165112632,0.00015492185869714022,2.679215183567291e-09,-0.00015492194776047302,-0.000321933535520217,-0.0005477483964455383
1392,-0.00019464383340347596,-0.00018189537698203395,-9.827636317005081e-05,-4.08576954239001e-08,9.819833552086293e-05,0.00018194470260942276,0.00019446111719959638,0.0005477447630879392,0.00032193115658259505,0.00015492222884710757,2.662470471180107e-09,-0.00015492194130466472,-0.0003219335186176529,-0.0005477482564617861
1393,-0.00019464278235281987,-0.0001818960347138144,-9.827595240788402e-05,-4.165472942598291e-08,9.819802896228693e-05,0.00018194460029449555,0.0001944651483683193,0.0005477450096665208,0.0003219311727683609,0.00015492223582086042,2.4741635223369337e-09,-0.00015492197124139482,-0.00032193357577652894,-0.0005477481859380919
1394,-0.00019464279587001583,-0.00018189694604080195,-9.827530894699162e-05,-4.253315927973089e-08,9.819762194197947e-05,0.00018194483700305992,0.0001944670070320256,0.0005477451638475021,0.00032193109808261263,0.00015492232109672402,2.470004329900472e-09,-0.0001549220564155193,-0.00032193350106765817,-0.00054774829105308
1395,-0.00019464383356111088,-0.00018189782820532592,-9.827472094601139e-05,-4.303118482035444e-08,9.819748231880325e-05,0.00018194492819487176,0.00019446885636571407,0.0005477449185175365,0.0003219309694751416,0.00015492230746137238,2.459807861825576e-09,-0.00015492203314038797,-0.0003219335200974943,-0.0005477483632878408
1396,-0.00019464448369685774,-0.00018189680701663846,-9.827466966342507e-05,-4.2404538151256056e-08,9.819713762735043e-05,0.00018194285174864586,0.0001944690212617118,0.0005477447548794436,0.000321931321330569,0.00015492224447330837,2.829496156554628e-09,-0.00015492205008688485,-0.0003219340228967497,-0.0005477484425056035
1397,-0.000194644121757187,-0.0001818972882662532,-9.82737173503683e-05,-4.155097860705709e-08,9.819575641918287e-05,0.00018194311590539385,0.00019447043723725026,0.0005477446708059512,0.000321931311110414,0.00015492239797679962,3.1611757276044554e-09,-0.00015492228606610217,-0.00032193397447818727,-0.0005477483519578046
1398,-0.0001946440430480918,-0.000181898299602757,-9.827178643764359e-05,-4.180443862646727e-08,9.819622540184372e-05,0.00018194395350849116,0.00019446985642146758,0.000547744662967416,0.0003219311700399032,0.00015492286449219242,3.3115623811567368e-09,-0.00015492210608038573,-0.00032193376443319133,-0.000547748261548741
1399,-0.00019464380544297874,-0.00018189834866663156,-9.82720384377822e-05,-4.248451647369342e-08,9.819682666878921e-05,0.00018194424859124364,0.00019446950461969383,0.0005477444194410073,0.00032193119674641687,0.0001549227302474503,3.278106970769337e-09,-0.0001549218787536164,-0.0003219337496347769,-0.0005477480580936641
1400,-0.00019464442858374236,-0.00018189805649027326,-9.827190956136788e-05,-4.322412446279368e-08,9.819742042935598e-05,0.00018194336654494587,0.00019446867399194252,0.000547744040647841,0.00032193133515783754,0.000154922741922012,3.35888139621783e-09,-0.00015492155842806088,-0.000321933996629564,-0.000547747782565684
1401,-0.00019464173819869234,-0.0001818982374748869,-9.827145357275204e-05,-4.150016608909718e-08,9.819870203293208e-05,0.0001819426552862517,0.00019446869204114297,0.0005477442389928405,0.0003219313819115784,0.00015492277945680305,3.9241640894168026e-09,-0.0001549211411382066,-0.0003219342523646646,-0.0005477475171191238
1402,-0.00019463872124331089,-0.00018189858987764383,-9.826908410090956e-05,-4.218945396745021e-08,9.819757571553381e-05,0.00018194219905133126,0.0001944660496460795,0.0005477445791020263,0.00032193141534674616,0.00015492334223356997,4.105600819293871e-09,-0.00015492135594644216,-0.0003219344013662007,-0.000547747714169262
1403,-0.00019463799831963125,-0.00018189856142453747,-9.826763379248154e-05,-4.328198492554818e-08,9.819623627077271e-05,0.0001819419032395172,0.00019446433432179306,0.0005477442796191128,0.0003219314844137214,0.00015492367175032822,4.10590220495983e-09,-0.00015492157652605937,-0.0003219346198740399,-0.0005477478416437294
1404,-0.00019463756899102435,-0.00018189859114857554,-9.82666319111184e-05,-4.451721827909918e-08,9.819591283737657e-05,0.00018194191212618683,0.00019446313076918628,0.0005477439313245539,0.000321931601899259,0.00015492387821595762,4.184132178763191e-09,-0.0001549215204076969,-0.0003219348480933386,-0.0005477477156028583
1405,-0.00019463547271235274,-0.0001819007670427432,-9.826661661166242e-05,-4.4826303785521264e-08,9.819632272269902e-05,0.0001819416593191544,0.00019446285235632854,0.0005477438479909822,0.0003219311226387317,0.00015492376638850125,4.2672074267840985e-09,-0.0001549213469494686,-0.0003219351041521546,-0.0005477476477382543
1406,-0.0001946336299402186,-0.00018190307606946856,-9.826683653407626e-05,-4.526434170501949e-08,9.81971656243007e-05,0.00018194138457130896,0.00019446092220517762,0.0005477438729633066,0.0003219305655015481,0.00015492365876934401,4.492303360801094e-09,-0.00015492108451114857,-0.00032193535544773095,-0.0005477478214808896
1407,-0.00019463160338545067,-0.0001819028784740733,-9.826760700340899e-05,-4.5676463356906355e-08,9.81982671250336e-05,0.0001819437562086614,0.00019446079333861548,0.0005477438838771373,0.00032193059653197356,0.0001549233763207929,4.649180944406281e-09,-0.00015492073498647147,-0.000321935042322529,-0.0005477477556510677
1408,-0.00019462925271354506,-0.00018190270605100725,-9.82680335773453e-05,-4.5819122109156257e-08,9.819859646776949e-05,0.00018194422110365125,0.00019445915731455522,0.000547743926330089,0.00032193064418749274,0.00015492327693094146,4.9686074421184935e-09,-0.00015492057065932737,-0.0003219351712074704,-0.0005477477853403867
1409,-0.00019462713213938855,-0.0001819030061485212,-9.826895274765627e-05,-4.539520639344453e-08,9.819853219113815e-05,0.00018194382859265467,0.00019445810374174013,0.0005477438662115301,0.0003219305684381085,0.00015492301862924076,5.228798656409402e-09,-0.00015492046056374793,-0.0003219355234328581,-0.0005477478848134792
1410,-0.00019462506293451762,-0.00018190381527880779,-9.826929017312365e-05,-4.745144155919634e-08,9.820051294704517e-05,0.00018194313437823817,0.00019445570556260496,0.0005477438128447476,0.000321930416453767,0.00015492292139903296,4.893798484158169e-09,-0.00015491986582471796,-0.00032193588081456845,-0.000547748096268949
1411,-0.00019462368043669922,-0.00018190400930771257,-9.826934577884817e-05,-4.693765763210588e-08,9.82020092681265e-05,0.00018194268036991125,0.00019445406407058276,0.0005477434341440714,0.0003219303576763144,0.00015492282389366712,5.143008606875801e-09,-0.00015491938590751102,-0.0003219362474221653,-0.0005477481859612144
1412,-0.00019462262942545187,-0.00018190393224393206,-9.826863024430626e-05,-4.694166548957702e-08,9.820263147490312e-05,0.00018194257258702214,0.00019445224709146544,0.0005477431465461346,0.00032193030666802935,0.00015492300574999562,5.543558875514079e-09,-0.0001549191331436545,-0.00032193648990806056,-0.0005477481930367063
1413,-0.00019462036096016663,-0.0001819036032204069,-9.826971510174532e-05,-4.6647471725242774e-08,9.820233306900909e-05,0.000181942612547479,0.00019445197549631879,0.0005477431360716318,0.00032193031545458796,0.00015492262450815417,5.8570050904441746e-09,-0.00015491906348705497,-0.00032193674272972336,-0.0005477480305316171
1414,-0.00019461834598171447,-0.0001819049391962141,-9.827101493678725e-05,-4.693307010466103e-08,9.8202842482076e-05,0.0001819427455322539,0.00019444756752098004,0.0005477430818724387,0.00032192991746972784,0.00015492226390547646,6.0300902081520244e-09,-0.00015491885646417279,-0.0003219369049342199,-0.0005477485922933053
1415,-0.00019461703209450298,-0.00018190595886766528,-9.827075320367641e-05,-4.677721008050603e-08,9.82046229263407e-05,0.00018194330588505115,0.00019444369128769723,0.0005477427995464369,0.0003219295646431545,0.00015492223831346834,6.260886872264754e-09,-0.00015491830440700737,-0.00032193699092688166,-0.0005477491611767304
1416,-0.00019461615607774165,-0.00018190616731031473,-9.82713625218264e-05,-4.749905948690359e-08,9.820472391811965e-05,0.00018194276034008596,0.00019444111584807384,0.0005477424775884313,0.000321929449331134,0.00015492203678912206,6.402595414841214e-09,-0.0001549181126380534,-0.000321937283588651,-0.0005477491951437162
1417,-0.00019461409994671837,-0.00018190625202924195,-9.827239420604508e-05,-4.7561993552317224e-08,9.820414854665365e-05,0.0001819411041781623,0.00019444079479496526,0.0005477422434266442,0.00032192934472484143,0.0001549216733678088,6.4618954709228115e-09,-0.00015491811871002785,-0.00032193789374577916,-0.000547748975132913
1418,-0.00019461192042694711,-0.00018190673764337402,-9.82727110936504e-05,-4.8083601171349753e-08,9.82032546560607e-05,0.00018193911595824097,0.0001944377848149298,0.0005477421817588763,0.00032192915049565103,0.00015492157248886694,6.638259219216274e-09,-0.00015491822944610115,-0.00032193849046872154,-0.000547749160321197
1419,-0.00019460984377382535,-0.0001819053956971435,-9.827262183286654e-05,-4.867335627276366e-08,9.820548241015268e-05,0.00018193979132543012,0.0001944360314021014,0.0005477419654014317,0.0003219293613961803,0.000154921517219101,6.754160041611107e-09,-0.0001549175209072636,-0.0003219385222621903,-0.0005477492629851977
1420,-0.0001946072626889007,-0.00018190428686343032,-9.827404690886704e-05,-4.903584796429403e-08,9.820699373216883e-05,0.00018194016772810645,0.0001944325476601108,0.0005477420116464771,0.00032192958337239785,0.00015492112041811404,6.985668615131513e-09,-0.00015491690405847742,-0.00032193857523588965,-0.0005477495493807635
1421,-0.00019460460135794027,-0.0001819042255532915,-9.827581094629032e-05,-4.9553225126603264e-08,9.820803791486769e-05,0.00018194003147240659,0.00019443112767473361,0.0005477419834369994,0.0003219295312311092,0.00015492062808411243,7.018064734891965e-09,-0.00015491638791521422,-0.00032193881534016503,-0.0005477496664963408
1422,-0.00019460249278374344,-0.00018190405291347738,-9.827628567080379e-05,-5.107200044185073e-08,9.820831368734021e-05,0.00018193957126705611,0.0001944284837427295,0.0005477419551581542,0.0003219295956273349,0.00015492046942429865,6.9045494851269724e-09,-0.0001549160421595083,-0.00032193907886755586,-0.0005477498306431292
1423,-0.00019460049085943466,-0.00018190298527174403,-9.827642355014354e-05,-5.048217397811501e-08,9.820795281958707e-05,0.00018193954980900013,0.00019442716934320444,0.0005477418143188687,0.0003219298754098591,0.00015492037116051407,7.163710819252412e-09,-0.00015491587429924278,-0.0003219393448690566,-0.0005477498423893707
1424,-0.00019459871394914818,-0.00018190434650855016,-9.827600954365267e-05,-4.933374389845646e-08,9.820735713587406e-05,0.00018193927854882771,0.00019442562487548685,0.0005477417975319172,0.00032192957719868434,0.00015492047844439474,7.707023201969342e-09,-0.00015491572555667894,-0.0003219396792901019,-0.0005477496616637335
1425,-0.000194596597414387,-0.00018190563632687696,-9.827591014398662e-05,-5.055077260774917e-08,9.820722069199748e-05,0.00018194000883208853,0.00019442554583141741,0.0005477419448917542,0.0003219292874734753,0.0001549204293737771,7.46452668335994e-09,-0.0001549154930042195,-0.00032193975566379427,-0.0005477494367972006
1426,-0.00019459411065426863,-0.0001819064248168388,-9.827611426251268e-05,-5.2271894749594975e-08,9.820743538979834e-05,0.0001819403876879586,0.00019442258667879745,0.0005477422918914518,0.00032192917535236293,0.0001549203606328295,7.28845635548583e-09,-0.00015491521233841485,-0.00032193988360071217,-0.0005477496344485244
1427,-0.00019459247751689817,-0.00018190624647261035,-9.827711219610582e-05,-5.1869005143539366e-08,9.820708193187252e-05,0.0001819406441205946,0.00019442123857495215,0.0005477424302335049,0.000321929220348792,0.00015492005442588634,7.529104039265854e-09,-0.00015491500920705324,-0.00032194006374828627,-0.0005477497092730077
1428,-0.00019459322611536838,-0.00018190630765467083,-9.827575940656198e-05,-5.137610243792185e-08,9.820702976258967e-05,0.000181940818277645,0.00019441911050328391,0.0005477421459883338,0.00032192918672864404,0.0001549203210424462,7.930692540618462e-09,-0.00015491475866064662,-0.0003219402008186006,-0.0005477497775075721
1429,-0.00019459386361076364,-0.0001819068919778309,-9.827598070237024e-05,-5.0737840832475623e-08,9.820778009799987e-05,0.0001819407760413337,0.0001944187868196423,0.0005477418526791337,0.0003219290089164447,0.0001549201735831824,8.140050897713097e-09,-0.00015491428864450392,-0.00032194044032169046,-0.0005477496183090035
1430,-0.00019459435722486883,-0.00018190586255271792,-9.827609259854605e-05,-5.069827772992407e-08,9.820777573545296e-05,0.00018194091936104924,0.0001944179821622471,0.0005477416892953886,0.0003219292400029363,0.00015492012406398786,8.320122962199648e-09,-0.0001549140001979704,-0.00032194055489379026,-0.0005477494615614224
1431,-0.0001945949015284589,-0.000181904866230942,-9.827636411980133e-05,-5.1056847830688566e-08,9.820732306603777e-05,0.00018194158378246234,0.00019441760234086307,0.0005477415282238957,0.0003219294102078256,0.00015491998132171868,8.359881968817043e-09,-0.00015491374921686039,-0.0003219406498811134,-0.0005477493758462308
1432,-0.00019459530886699187,-0.00018190450519767217,-9.827575600952907e-05,-5.2246040548770177e-08,9.82071265701462e-05,0.00018194165972309394,0.00019441578892823622,0.0005477413823901453,0.0003219294705113647,0.00015492011477104598,8.315956869077523e-09,-0.0001549135035724286,-0.0003219408439715686,-0.0005477494469248655
1433,-0.00019459569553564358,-0.000181904236203502,-9.827527338750516e-05,-5.3575598684934466e-08,9.820754750075174e-05,0.0001819399484086462,0.00019441535679175697,0.0005477411898720216,0.0003219294457008979,0.00015492024091365612,8.093778388604945e-09,-0.00015491307289925815,-0.00032194157519822543,-0.0005477494412598475
1434,-0.00019459621425311268,-0.0001819038093576454,-9.827623604831041e-05,-5.2917827877051165e-08,9.820826964709409e-05,0.0001819399263693114,0.0001944150262115868,0.0005477410268351142,0.0003219294707657125,0.00015492002143235875,8.42577904339779e-09,-0.0001549126759734096,-0.0003219417582129923,-0.0005477492512389562
1435,-0.0001945969702702772,-0.00018190299512392769,-9.827762973229814e-05,-5.207184121479946e-08,9.820885005795203e-05,0.00018194000881238418,0.00019441434354392954,0.0005477406288964991,0.00032192951754257584,0.000154919653432786,8.804285241862847e-09,-0.00015491234773995133,-0.0003219419274698582,-0.0005477492072367956
1436,-0.00019459748838676315,-0.00018190375493418293,-9.827778310518188e-05,-5.087144678558272e-08,9.820885673773253e-05,0.00018193930003644027,0.00019441405087496205,0.0005477403568137749,0.0003219291801156026,0.00015491967187531008,9.403768811880365e-09,-0.00015491213440924496,-0.0003219422401557322,-0.0005477489798730302
1437,-0.00019459588017541732,-0.00018190437477446503,-9.827790209098903e-05,-5.2047762695693796e-08,9.820957602792684e-05,0.00018193793333167225,0.0001944159364351298,0.0005477403989198887,0.0003219288690945502,0.00015491963893727654,9.259227252506732e-09,-0.0001549117574589437,-0.0003219428124844132,-0.0005477484066656933
1438,-0.00019459404000425967,-0.0001819045025375826,-9.827768763456666e-05,-5.363511334902806e-08,9.821061031016635e-05,0.00018193652686349101,0.00019441520031937627,0.000547740579784261,0.000321928752557036,0.00015491967373898542,9.064343112033919e-09,-0.00015491129178521075,-0.0003219432806923747,-0.0005477482491088239
1439,-0.00019459321402673908,-0.00018190431783869572,-9.82784579344418e-05,-5.4360643241582804e-08,9.821008376612252e-05,0.00018193596650084158,0.00019441506561046923,0.0005477404072902419,0.00032192869979143923,0.00015491945529588929,9.005364216462116e-09,-0.00015491116086779967,-0.0003219436280389102,-0.0005477481420052988
1440,-0.0001945931577313617,-0.0001819049855507382,-9.827715957722743e-05,-5.4677342352968056e-08,9.821028914966895e-05,0.00018193606811626377,0.00019441456235107623,0.0005477401843428783,0.0003219285035505894,0.00015491978454211403,9.15201142605007e-09,-0.00015491088911803976,-0.00032194375692385155,-0.0005477479121905461
1441,-0.00019459166404179863,-0.0001819040235736745,-9.827670455018472e-05,-5.434203555926969e-08,9.821064217311348e-05,0.00018193421126535918,0.0001944150568223214,0.0005477402690638014,0.0003219286974098194,0.00015491985544501753,9.249784798334711e-09,-0.0001549105700896578,-0.0003219444800345029,-0.0005477475375131888
1442,-0.0001945902829528425,-0.00018190323583247862,-9.827702883579475e-05,-5.4582976449310644e-08,9.821063831007228e-05,0.0001819325331429182,0.00019441424961321065,0.0005477404891439721,0.00032192887353407453,0.00015491983699093218,9.40320116874733e-09,-0.00015491037575872827,-0.00032194500674244663,-0.0005477474060616474
1443,-0.000194589979554847,-0.00018190293475959848,-9.827820774611978e-05,-5.4765265411275805e-08,9.821078414899118e-05,0.00018193307095391923,0.00019441453754327778,0.000547740412608422,0.00032192883857282026,0.00015491951822152247,9.504083942498697e-09,-0.0001549101661599971,-0.0003219451968327055,-0.0005477471676221937
1444,-0.00019458868992371168,-0.00018190272072090872,-9.82781518635489e-05,-5.5949128784700337e-08,9.821011971575544e-05,0.00018193287531910853,0.00019441358011792293,0.000547740656319811,0.0003219288274046418,0.00015491953762594352,9.491779460162764e-09,-0.00015491014261433226,-0.0003219455328723274,-0.000547747125030507
1445,-0.00019458698049103104,-0.00018190185619179348,-9.82791538178182e-05,-5.7258385874782424e-08,9.820898330578022e-05,0.000181932305133832,0.00019441474069530464,0.0005477409722197157,0.000321928971943531,0.0001549192308918068,9.296210871977543e-09,-0.0001549102003489591,-0.0003219459908832564,-0.0005477469305238463
1446,-0.00019458711701273988,-0.0001819034911419657,-9.827849875597953e-05,-5.6682707792085154e-08,9.820955795409592e-05,0.00018193222683852856,0.00019441653166465717,0.0005477408321203508,0.00032192851689228497,0.0001549193694003421,9.626719972605913e-09,-0.0001549099066420517,-0.00032194629240095196,-0.0005477465253478816
1447,-0.00019458813583690324,-0.00018190480210307863,-9.827685648464963e-05,-5.529153050924232e-08,9.821063875539097e-05,0.00018193177851491158,0.00019441942490616853,0.0005477403310090396,0.00032192812533548616,0.00015491969398969077,1.0038109382494696e-08,-0.00015490948390915553,-0.00032194674555615114,-0.0005477459760723556
1448,-0.00019458890805105767,-0.00018190535194359593,-9.827702899342968e-05,-5.398152513793032e-08,9.821041601229694e-05,0.00018193272659054415,0.00019442147281061842,0.0005477400675510163,0.00032192798470430324,0.00015491966327373167,1.0642149797306925e-08,-0.00015490935503808772,-0.00032194670983185365,-0.0005477454839325833
1449,-0.00019458797647783273,-0.00018190498929456796,-9.827695991287359e-05,-5.5083077360301676e-08,9.821055552808439e-05,0.00018193378733574896,0.00019442460326315553,0.0005477401373116673,0.0003219280195499449,0.00015491961868888343,1.0458813026849136e-08,-0.00015490914902797201,-0.0003219467924948721,-0.000547745024094975
1450,-0.0001945869990032841,-0.00018190501076247617,-9.827610958174021e-05,-5.625784598201497e-08,9.820892623208034e-05,0.00018193384956214086,0.00019442481127230891,0.0005477402636300086,0.00032192799409204746,0.0001549197775013059,1.0334203251732849e-08,-0.00015490941713824683,-0.0003219469784461994,-0.0005477450118169155
1451,-0.000194587575484106,-0.0001819054112340371,-9.827641790681274e-05,-5.65998002253017e-08,9.820894815515939e-05,0.00018193405954173097,0.00019442681836901411,0.0005477401999968262,0.0003219277994235292,0.00015491967145216793,1.0322870698046275e-08,-0.00015490929619589204,-0.0003219472088852603,-0.0005477447668106653
1452,-0.00019458874337180797,-0.00018190436067599025,-9.827492841132425e-05,-5.6625055082327255e-08,9.820950890992572e-05,0.00018193538193137695,0.00019442847551615612,0.0005477401527575124,0.00032192799388394477,0.00015492003599954803,1.0535306056403977e-08,-0.0001549090408168782,-0.00032194718659514846,-0.0005477444299386326
1453,-0.0001945899102151785,-0.0001819032431329467,-9.827339088644046e-05,-5.606912171654674e-08,9.820893305176186e-05,0.00018193451392444087,0.0001944311846400595,0.0005477401501677898,0.00032192817232045215,0.0001549203205383752,1.070256457170823e-08,-0.00015490904422513807,-0.0003219477468769952,-0.0005477439679275072
1454,-0.00019459144079131714,-0.00018190249430787627,-9.827205035005744e-05,-5.579537340667653e-08,9.820855814661746e-05,0.00018193340826313086,0.00019443230059690143,0.0005477401557865628,0.00032192829040717544,0.00015492061586154694,1.092227440310173e-08,-0.0001549090567297983,-0.0003219482681511462,-0.0005477436989200784
1455,-0.00019459346114906155,-0.00018190167431063111,-9.827180990653025e-05,-5.522709664985263e-08,9.82093177539177e-05,0.0001819350480211687,0.00019443444737786642,0.0005477400365899585,0.00032192834608621,0.00015492066040477458,1.10393220311722e-08,-0.00015490886033402753,-0.0003219481617644194,-0.0005477433319656438
1456,-0.0001945951039809807,-0.00018190227964849892,-9.827161404216365e-05,-5.559586896954366e-08,9.820938033203257e-05,0.00018193629920908345,0.0001944353953352728,0.0005477399595225904,0.00032192810926533286,0.00015492073061400244,1.1144694522722726e-08,-0.00015490883299164448,-0.0003219480307753285,-0.000547743214873189
1457,-0.00019459661109907006,-0.000181902190170967,-9.827166476908683e-05,-5.599129390511111e-08,9.820847463064187e-05,0.00018193683847820768,0.00019443828502999807,0.0005477397816410236,0.00032192802516871794,0.00015492070147962386,1.1124207528081558e-08,-0.00015490904792011718,-0.0003219481293235201,-0.0005477428861634068
1458,-0.00019459746523413157,-0.00018190167997563674,-9.827176193723329e-05,-5.414562571666631e-08,9.820938713792104e-05,0.0001819371056989848,0.00019443859816195097,0.0005477397726463622,0.00032192805490428205,0.00015492069741005987,1.1739872742375558e-08,-0.00015490882587684425,-0.00032194828077604354,-0.0005477430037876795
1459,-0.00019459925268625451,-0.00018190163505953146,-9.827251464012322e-05,-5.133072722287701e-08,9.821096604788746e-05,0.00018193715760028825,0.00019443939420853767,0.0005477393318617127,0.00032192795094542013,0.0001549204615788267,1.2470346671565928e-08,-0.0001549085024343727,-0.0003219485650443372,-0.0005477431484653039
1460,-0.00019460144981187796,-0.00018190062616636922,-9.827048099572394e-05,-5.1914700320070843e-08,9.821107472732529e-05,0.00018193714095009788,0.0001944416540827188,0.0005477389462242797,0.0003219280964323328,0.00015492100984158615,1.2535283234936556e-08,-0.00015490854060965761,-0.00032194878648873684,-0.0005477428207960352
1461,-0.0001946015111220168,-0.00018189906976765722,-9.826814836907789e-05,-5.237326254302929e-08,9.821131100534923e-05,0.00018193730883130728,0.0001944452774794126,0.0005477390126321647,0.00032192837577552915,0.00015492156880082456,1.2468152333297347e-08,-0.00015490854347222595,-0.000321949010615349,-0.0005477423077997474
1462,-0.00019460211195743667,-0.0001818990857380469,-9.826817638671775e-05,-5.280079703377548e-08,9.821068540843621e-05,0.00018193744351065777,0.00019444500750987622,0.0005477390723113958,0.00032192830952950166,0.00015492151867350766,1.2508518898071301e-08,-0.00015490875837063933,-0.0003219491423906057,-0.0005477424463499032
1463,-0.00019460480352474871,-0.0001819001351729449,-9.826910428704865e-05,-5.262066242910455e-08,9.821043895409178e-05,0.00018193643892289976,0.00019444546971521997,0.0005477386204741804,0.0003219279650039139,0.00015492123274270464,1.2606176109045151e-08,-0.0001549089518021027,-0.00032194957746399213,-0.0005477425234635163
1464,-0.00019460781804664083,-0.00018190183716722684,-9.826871583219606e-05,-5.299764715470266e-08,9.821057297630161e-05,0.0001819361972389827,0.00019444564351759174,0.000547738183458502,0.00032192750509693813,0.0001549213334389786,1.2711259377607866e-08,-0.00015490899140635953,-0.00032194973883607785,-0.0005477425088269595
1465,-0.00019460903110660483,-0.00018190099293360993,-9.826857347996496e-05,-5.240070191488322e-08,9.821186278970234e-05,0.00018193810627690403,0.00019444748934390276,0.0005477380402607191,0.0003219276448263426,0.00015492124792264078,1.2828066218363652e-08,-0.00015490872129367424,-0.0003219494116986271,-0.0005477422547335579
1466,-0.00019461049250070993,-0.00018190020802984298,-9.826745417732143e-05,-5.2000631782113915e-08,9.821105094119831e-05,0.0001819374470475917,0.00019444786957907855,0.0005477380007443279,0.0003219277942903291,0.00015492149823088537,1.3024450074557763e-08,-0.00015490900871819227,-0.0003219497342115733,-0.0005477421992857485
1467,-0.00019461197752035136,-0.00018189946503726522,-9.826683773210181e-05,-5.157267836962242e-08,9.821080937846308e-05,0.00018193663298136112,0.00019444970523793608,0.0005477378599512873,0.0003219278609294394,0.000154921596321251,1.311444270686651e-08,-0.00015490917582235128,-0.00032195011714367117,-0.000547741977448266
1468,-0.0001946131892896793,-0.00018189961121411403,-9.826612105667704e-05,-5.102364112550124e-08,9.821064422630855e-05,0.00018193572913218091,0.00019445046645705355,0.0005477377497955894,0.0003219277772721524,0.00015492172030884206,1.331685663487712e-08,-0.00015490934791172623,-0.00032195049938209334,-0.0005477418684949392
1469,-0.00019461496867286386,-0.00018189960344074116,-9.826573880377407e-05,-5.125077004224055e-08,9.82114403940771e-05,0.00018193594972257281,0.000194452758804032,0.0005477374480235461,0.00032192775100496667,0.00015492167590203728,1.322662051246202e-08,-0.00015490923001460768,-0.0003219506127286995,-0.0005477417027758193
1470,-0.00019461608725038668,-0.0001819000584441386,-9.82654898095367e-05,-5.240208774175448e-08,9.821154359373038e-05,0.00018193524749833106,0.0001944538470663857,0.0005477373233237813,0.0003219276688968887,0.0001549216120330052,1.3022189840105513e-08,-0.00015490930562294454,-0.0003219509477046853,-0.0005477416626119974
1471,-0.00019461709690216705,-0.00018190057927982723,-9.826625434588441e-05,-5.043331491960209e-08,9.821220685160061e-05,0.00018193403094084184,0.00019445750057135275,0.0005477370542238626,0.00032192752532914543,0.0001549212342410441,1.344081673809264e-08,-0.0001549092513035143,-0.0003219513963741151,-0.0005477412385449317
1472,-0.00019461961851931117,-0.00018190094724903437,-9.826453700584118e-05,-5.08683311438333e-08,9.821202729949448e-05,0.0001819351886019772,0.00019446121342587408,0.0005477364217766226,0.0003219274889574173,0.00015492156257392918,1.3419943442864498e-08,-0.00015490944647379137,-0.0003219512714662477,-0.0005477406345152721
1473,-0.00019462060473274666,-0.00018190110367215416,-9.826301624740355e-05,-5.091010331482531e-08,9.821198074300066e-05,0.00018193655626240704,0.00019446528483091501,0.0005477359569676719,0.00032192746067857207,0.00015492176188776233,1.3322617488618741e-08,-0.00015490956600336002,-0.00032195116341469926,-0.0005477401538211484
1474,-0.00019462025972897962,-0.00018190114686412727,-9.826192761559294e-05,-5.1005254365598625e-08,9.821194455198922e-05,0.00018193715864461973,0.000194466105251804,0.0005477357155916578,0.0003219275155945634,0.0001549218348855664,1.3297253052862621e-08,-0.00015490972592797578,-0.0003219511606862416,-0.0005477402320677651
1475,-0.00019462017982777022,-0.00018190094900272306,-9.826141553356948e-05,-5.0372180063907366e-08,9.821189814327816e-05,0.00018193746706722885,0.0001944682217471565,0.0005477353130516608,0.0003219275418848717,0.00015492175125371416,1.335534972291807e-08,-0.00015490989296507951,-0.0003219512746109108,-0.0005477400642444956
1476,-0.00019462003901050932,-0.00018190262411039583,-9.826054527146859e-05,-5.0485941614718317e-08,9.821198573805776e-05,0.0001819380560307674,0.00019447009611524359,0.000547734941449599,0.0003219271112972546,0.00015492176424625965,1.3385045596562621e-08,-0.00015491005001325346,-0.0003219513673784717,-0.0005477397809473479
1477,-0.00019461909950627652,-0.00018190227088005545,-9.825986144519455e-05,-4.9704071543956676e-08,9.82133660004157e-05,0.000181939411553307,0.00019447357397548053,0.0005477346846508623,0.00032192714891759896,0.00015492161416721402,1.3428248784091162e-08,-0.000154909904151756,-0.0003219512784030045,-0.0005477393195605306
1478,-0.00019461882598010186,-0.00018190116575076334,-9.825834716358243e-05,-4.9394739742795544e-08,9.821290001183344e-05,0.00018193903494373483,0.00019447483481853525,0.000547734538955847,0.00032192739468689244,0.00015492167120122844,1.347203720544308e-08,-0.00015491024808771941,-0.0003219515031308023,-0.0005477391857736145
1479,-0.00019461875492615338,-0.00018190039090607588,-9.825714448092346e-05,-4.895456194969827e-08,9.821255938243596e-05,0.00018193938000661493,0.0001944781300882526,0.0005477343276159898,0.0003219275102763832,0.00015492165404894112,1.3457160357721425e-08,-0.00015491048169456587,-0.0003219517369919965,-0.0005477386682684347
1480,-0.00019461914668838403,-0.00018189996879911958,-9.825615761822907e-05,-4.8602185855710565e-08,9.821370728301296e-05,0.00018193985575871117,0.00019447855274693114,0.0005477341632148537,0.0003219276355773335,0.0001549215893428737,1.3546608142467333e-08,-0.00015491043267944234,-0.00032195183886983135,-0.0005477386373998669
1481,-0.00019462029144315878,-0.00018190018013831106,-9.825541132319939e-05,-4.7946128369164784e-08,9.821550101984387e-05,0.0001819404316286977,0.00019448022001226578,0.0005477339155263908,0.00032192760981884327,0.00015492142096466366,1.3585030863353631e-08,-0.00015491016784100446,-0.0003219519363775095,-0.0005477385414876429
1482,-0.00019462211243211487,-0.0001819010666082393,-9.825463714550474e-05,-4.7523775700418585e-08,9.821690168016282e-05,0.0001819411294096046,0.0001944816050815041,0.0005477336232577044,0.0003219274421574314,0.00015492134063470765,1.3656927207313528e-08,-0.0001549100305001566,-0.0003219519563784916,-0.0005477382265126391
1483,-0.00019462425879928816,-0.00018190133113937023,-9.825271099631084e-05,-4.696079868539555e-08,9.821693118843807e-05,0.00018194132957641984,0.0001944843264615239,0.0005477332412273849,0.00032192735449994796,0.00015492153528935245,1.3630990569125356e-08,-0.0001549102350720514,-0.00032195206893893195,-0.0005477377813809553
1484,-0.00019462718751851288,-0.00018190123691308582,-9.825123100128305e-05,-4.620637835985201e-08,9.821715015913099e-05,0.00018194048483048938,0.00019448578818075102,0.0005477328286522129,0.0003219273710325517,0.00015492170492542774,1.3743933614146043e-08,-0.0001549104186625691,-0.00032195230955190274,-0.0005477374128541891
1485,-0.00019462804110185206,-0.00018190129745475434,-9.825049301755548e-05,-4.5183597728011573e-08,9.82172978226743e-05,0.00018194158981199875,0.00019448832173874173,0.0005477328859729466,0.000321927345343429,0.00015492160780389579,1.3809436151666017e-08,-0.00015491057352104014,-0.00032195215342862974,-0.0005477370606056789
1486,-0.00019462886421238722,-0.00018190138895198392,-9.824981807992151e-05,-4.477727160837814e-08,9.821642090148247e-05,0.00018194238716892584,0.00019448728298361085,0.0005477329328654225,0.0003219273475400687,0.0001549215171797927,1.3780597481962367e-08,-0.00015491097429216427,-0.00032195202241641635,-0.0005477373021897956
1487,-0.0001946320011870699,-0.0001819009137713143,-9.824923301095117e-05,-4.421557156049357e-08,9.82181979871378e-05,0.0001819427073353379,0.00019448749177108674,0.0005477323913359417,0.0003219274270121791,0.0001549213776700522,1.3813336664810983e-08,-0.00015491075339114395,-0.00032195204972411553,-0.0005477373842053835
1488,-0.00019463581864222505,-0.0001819006581170008,-9.824800889979275e-05,-4.4358359117236855e-08,9.821930052727605e-05,0.00018194237697191577,0.0001944872036735325,0.0005477317406681538,0.0003219275002874534,0.00015492147368632755,1.3793912460621795e-08,-0.0001549106885671517,-0.00032195223960627175,-0.0005477373142597524
1489,-0.00019463768991672648,-0.0001819004921077063,-9.82491518397953e-05,-4.400859015439169e-08,9.821955347125384e-05,0.000181941839121506,0.0001944886379150194,0.0005477314616717954,0.00032192753393072386,0.00015492092260955713,1.3690843520101355e-08,-0.00015491080974998074,-0.0003219524983010553,-0.000547737034777821
1490,-0.00019463947393043733,-0.00018190040743804004,-9.82512668080593e-05,-4.407177270172914e-08,9.821923816196834e-05,0.00018194093424769872,0.00019448815757180558,0.0005477312983805403,0.000321927598835645,0.00015492019883297712,1.3608357831665367e-08,-0.00015491110405113694,-0.00032195275644089833,-0.0005477369493169772
1491,-0.00019464136564821983,-0.00018190048684664026,-9.825067505536754e-05,-4.4143400203946114e-08,9.821982766934744e-05,0.00018194161234394278,0.00019448856349162411,0.0005477311038276346,0.0003219275851702341,0.0001549200521806894,1.3474098003975285e-08,-0.00015491120481909073,-0.0003219527371335919,-0.000547736786858133
1492,-0.0001946437693248735,-0.00018190133150390104,-9.824914293933259e-05,-4.456753562433844e-08,9.822021808971066e-05,0.00018194265336507587,0.00019448775840073286,0.0005477309163039758,0.0003219274088841213,0.0001549201940396782,1.3355011922978517e-08,-0.00015491137737091613,-0.00032195259213225227,-0.0005477367176755451
1493,-0.00019464605439108818,-0.00018190088952509036,-9.824778630152581e-05,-4.472625498864087e-08,9.82208512580268e-05,0.0001819418635155127,0.00019448872645659387,0.0005477307380293261,0.00032192752343309863,0.00015492022855004327,1.3184822812444087e-08,-0.00015491143843518622,-0.0003219529273857084,-0.0005477364991214609
1494,-0.00019464850615625022,-0.00018189949216032683,-9.824705582614741e-05,-4.448508539394956e-08,9.822068976694374e-05,0.00018194157624554184,0.00019448804963128152,0.0005477306503487202,0.00032192792546440017,0.00015492022017044106,1.321202384844039e-08,-0.00015491175375934008,-0.0003219530571261831,-0.0005477364928321348
1495,-0.00019465082948834624,-0.00018189763231435844,-9.824687285139268e-05,-4.4947625128668285e-08,9.82219802798495e-05,0.00018194111300571885,0.00019448915847484688,0.0005477305137639787,0.0003219284342755114,0.00015491996476136793,1.2917831478351689e-08,-0.00015491173718049135,-0.0003219532800735466,-0.0005477362042399294
1496,-0.00019465358619829662,-0.0001818982848540381,-9.824697167864687e-05,-4.4777942778537066e-08,9.822409779194731e-05,0.00018194111254266624,0.00019449047497288702,0.0005477304036545258,0.00032192835161249294,0.00015491968937212297,1.2930518418080102e-08,-0.00015491150562692483,-0.0003219532663618907,-0.0005477357181582578
1497,-0.00019465534528598282,-0.00018189909286117569,-9.824642743811077e-05,-4.375196016238014e-08,9.82248446180097e-05,0.00018194050311614224,0.00019449206773600885,0.0005477304359104449,0.00032192822226510115,0.00015491949373708323,1.3002323010945163e-08,-0.00015491161042282205,-0.0003219534392027476,-0.0005477353369372266
1498,-0.0001946562275588808,-0.00018189949144111744,-9.824540780606835e-05,-4.3079306043907776e-08,9.822495854176488e-05,0.0001819390560963731,0.00019449082650865182,0.0005477306382556408,0.00032192821505087405,0.00015491954769811437,1.3050894794341612e-08,-0.0001549119072882661,-0.0003219538198225932,-0.0005477353797832612
1499,-0.0001946584423297652,-0.00018189910192518464,-9.824624744068594e-05,-4.1938517265671054e-08,9.822536165863718e-05,0.0001819397507245813,0.00019449177377640534,0.0005477305651884691,0.00032192833408562074,0.00015491901775070512,1.3100553428331e-08,-0.00015491210485866098,-0.0003219537260607638,-0.0005477349313450565
1500,-0.00019466051699274585,-0.00018189903961997526,-9.824668832688946e-05,-4.09717936967325e-08,9.822542268404792e-05,0.0001819405921995868,0.00019449240306493155,0.0005477304802594434,0.0003219284126097077,0.0001549186541097279,1.3260215273969419e-08,-0.00015491237585462666,-0.00032195356286199886,-0.0005477344313436264
1501,-0.00019466199672176472,-0.00018189868033054196,-9.824637134076228e-05,-3.966232981818258e-08,9.822748775198695e-05,0.0001819404113529037,0.00019449314722991916,0.0005477304656922541,0.0003219285627211249,0.0001549184854586721,1.330827637309904e-08,-0.00015491212805980026,-0.00032195365805742467,-0.0005477339241048467
1502,-0.00019466334593890673,-0.0001818987103008846,-9.82451462867499e-05,-3.9902678052086544e-08,9.822909207664631e-05,0.00018194020948166073,0.00019449150777729897,0.0005477306173066352,0.0003219285981448296,0.00015491856973333046,1.3137741198866682e-08,-0.00015491198938247054,-0.00032195367163034545,-0.0005477337189849482
1503,-0.00019466450578722687,-0.00018189941820983635,-9.824423487306314e-05,-4.0557689466284645e-08,9.823051804131376e-05,0.00018194052353971894,0.0001944905495145085,0.0005477306220005073,0.00032192844387135837,0.00015491850665971314,1.2778215219784098e-08,-0.00015491188737052505,-0.00032195362857620827,-0.0005477333802631135
1504,-0.000194666395445903,-0.00018189880905917352,-9.824409323708578e-05,-3.9198184191322075e-08,9.823056717415362e-05,0.00018193926442079637,0.00019448788746433867,0.000547730504306867,0.000321928679119904,0.00015491833647332182,1.303299238210224e-08,-0.00015491216651024317,-0.00032195393888046246,-0.0005477331955835251
1505,-0.0001946683698826194,-0.00018189814490376932,-9.82445251814474e-05,-3.757258577091874e-08,9.823093180839657e-05,0.0001819385237336296,0.00019448698001911147,0.0005477303102164117,0.0003219289329589578,0.00015491790558511194,1.3170052028890029e-08,-0.00015491229884737715,-0.00032195416076418994,-0.0005477328056684253
1506,-0.00019467018401445567,-0.00018189839044974242,-9.824343616934253e-05,-3.673646366567379e-08,9.823110258023664e-05,0.00018193868881681886,0.00019448401274829214,0.0005477302959035702,0.0003219290434846161,0.00015491799033840652,1.3241863016751183e-08,-0.0001549125456479351,-0.0003219541524400818,-0.0005477326848069994
1507,-0.0001946719427770198,-0.00018189850890254646,-9.82429918604904e-05,-3.5871181626867636e-08,9.823210059658814e-05,0.00018193881589028354,0.00019448146359429472,0.0005477301247969024,0.00032192913252945094,0.00015491779311022492,1.3216988594651524e-08,-0.00015491257489792627,-0.0003219541888811775,-0.0005477325862588078
1508,-0.00019467405076993777,-0.00018189851728675472,-9.824205207547036e-05,-3.551482013050577e-08,9.823210094535545e-05,0.00018193850990116378,0.00019447898086371947,0.0005477299526959662,0.00032192924009542633,0.00015491778443234218,1.3262714189274537e-08,-0.0001549128546226442,-0.000321954193459437,-0.0005477323653924713
1509,-0.00019467538028271255,-0.00018189822557344902,-9.824063980829384e-05,-3.46558543325485e-08,9.823301667922474e-05,0.00018193817489736314,0.00019447760166638257,0.0005477298178222915,0.00032192940384913186,0.00015491788799118443,1.3233127242134662e-08,-0.0001549129036053962,-0.00032195425216752205,-0.0005477322409008093
1510,-0.00019467674324365078,-0.00018189761350653985,-9.824135560391861e-05,-3.4286961092081453e-08,9.823413765575428e-05,0.0001819372965653386,0.00019447295671647054,0.0005477297204533486,0.0003219297151707771,0.0001549175410631666,1.3180686346672703e-08,-0.00015491293680471428,-0.00032195440706530134,-0.000547732741064097
1511,-0.0001946778629049138,-0.0001818987663401052,-9.824203927452814e-05,-3.339795810341169e-08,9.823632667106014e-05,0.0001819381858825479,0.0001944705887539826,0.0005477294675623182,0.00032192957426212395,0.00015491713028230244,1.322460292298792e-08,-0.00015491269009664644,-0.0003219541616197233,-0.00054773296602312
1512,-0.00019467874757189238,-0.00018189986207041412,-9.824189809766255e-05,-3.315113113659391e-08,9.823591841528887e-05,0.00018193900159409315,0.0001944676973351252,0.0005477292620262143,0.0003219294741878459,0.00015491696527073168,1.3286797131585394e-08,-0.00015491307115813221,-0.00032195392341149477,-0.0005477332596329128
1513,-0.00019467856313901447,-0.00018190039755629984,-9.824076238522194e-05,-3.292442284602768e-08,9.823659859034363e-05,0.0001819390517515601,0.00019446672823493272,0.0005477290758436617,0.00032192946482322417,0.00015491704567467974,1.3143095498310051e-08,-0.0001549131526950839,-0.0003219539137462803,-0.0005477333625975063
1514,-0.00019467735328101017,-0.00018190071243208924,-9.824008694906749e-05,-3.358245307964039e-08,9.823629477264514e-05,0.0001819387700086643,0.00019446486302937638,0.0005477290463393227,0.00032192951442103527,0.0001549170785595315,1.2917952063694743e-08,-0.00015491351732108054,-0.00032195387397554134,-0.0005477334844763232
1515,-0.0001946760984871962,-0.00018189905853616784,-9.823986911433136e-05,-3.157254020358414e-08,9.82363041154709e-05,0.0001819387051812959,0.0001944637733187517,0.0005477287824419716,0.00032193002898965465,0.00015491702283425184,1.3237431027798235e-08,-0.0001549137751557063,-0.0003219538188283248,-0.0005477336052915042
1516,-0.00019467534671632284,-0.00018189806958382533,-9.824000715229123e-05,-2.9938964411952074e-08,9.823762203912201e-05,0.00018193675395632413,0.00019446116167235337,0.0005477282769836262,0.0003219304211245166,0.00015491692188825468,1.3613678338929211e-08,-0.0001549136749033848,-0.0003219541107501734,-0.0005477338571882661
1517,-0.00019467301218229404,-0.00018189756813723413,-9.823926212425236e-05,-2.8572173356540743e-08,9.824001120153871e-05,0.0001819356153394598,0.00019446078118102084,0.0005477279687835215,0.0003219306523959883,0.00015491702561126684,1.3814566029222571e-08,-0.00015491333778856558,-0.00032195423607424625,-0.000547733729551941
1518,-0.00019466950241083425,-0.0001818975110339777,-9.823870541676308e-05,-2.8492398850167405e-08,9.824140434267112e-05,0.0001819347412044655,0.00019445910967924725,0.0005477279246657483,0.00032193080285424327,0.0001549171287770262,1.3803619056550067e-08,-0.0001549132865120593,-0.000321954181736318,-0.0005477337455989717
1519,-0.00019466605333867793,-0.0001818963926337942,-9.823846583333152e-05,-2.7537464186450367e-08,9.824127011455065e-05,0.0001819340073744186,0.00019445876250799983,0.0005477276454612871,0.00032193115091757696,0.00015491708196547908,1.386095589600084e-08,-0.00015491360178765588,-0.0003219542429878805,-0.0005477335389529866
1520,-0.00019466193185498754,-0.0001818955309815166,-9.823889174914201e-05,-2.6107737769078037e-08,9.824077591029966e-05,0.00018193475366747782,0.00019445814779085323,0.0005477276256452851,0.00032193142750919305,0.00015491696889865549,1.4229060014907598e-08,-0.0001549139739724052,-0.0003219539282672246,-0.0005477335141887649
1521,-0.00019465598227891667,-0.00018189607807327465,-9.823904746487501e-05,-2.602158086444261e-08,9.824122270682815e-05,0.0001819358505110835,0.00019445896536446117,0.0005477279041098255,0.00032193133346989343,0.00015491693495710447,1.4118820310952471e-08,-0.00015491414917638397,-0.0003219534817250668,-0.0005477335066277
1522,-0.00019465117130985796,-0.00018189651606195095,-9.82389516139655e-05,-2.6300936864832797e-08,9.824192445028337e-05,0.00018193587129919098,0.00019445904499966162,0.0005477279963918135,0.00032193134357443585,0.00015491705007027133,1.4013683573637118e-08,-0.00015491427197778957,-0.00032195324915873383,-0.000547733574446059
1523,-0.00019464702801343296,-0.00018189592224128584,-9.824028240949455e-05,-2.6491213356613253e-08,9.824303021799698e-05,0.0001819354575173299,0.0001944618548424384,0.0005477278211462142,0.00032193157133128406,0.000154916668481592,1.3875493352490928e-08,-0.0001549142937268344,-0.0003219531528071819,-0.0005477333860668669
1524,-0.00019464194055269233,-0.00018189544647933745,-9.824026082040453e-05,-2.7052247668803394e-08,9.824387021221929e-05,0.00018193536582305667,0.0001944642279576184,0.000547727887230384,0.00032193185622388586,0.00015491669562512137,1.3839936452787161e-08,-0.00015491434952148158,-0.0003219529595491374,-0.0005477332739688769
1525,-0.00019463601905534485,-0.00018189529788870365,-9.824029370699355e-05,-2.8286197532085136e-08,9.82447478201083e-05,0.000181935491211798,0.0001944678168618172,0.0005477281013680664,0.0003219320481639465,0.00015491670642796396,1.342043646337381e-08,-0.0001549143366977305,-0.00032195278155195794,-0.0005477330785835603
1526,-0.00019463019201088202,-0.00018189590056648185,-9.824114643614843e-05,-2.7943620542122116e-08,9.824513342965026e-05,0.0001819361170717643,0.000194469263487499,0.0005477283808731204,0.00032193211508052706,0.00015491655924848268,1.352908979879782e-08,-0.0001549144808527858,-0.0003219524261819071,-0.000547733160321678
1527,-0.00019462474444297679,-0.00018189519272649539,-9.823975968809798e-05,-2.7374179277880456e-08,9.824611352882055e-05,0.00018193718638836887,0.00019447183040498356,0.000547728494196604,0.00032193250462566643,0.00015491692309525036,1.3546318744442024e-08,-0.00015491456240592327,-0.00032195199244962694,-0.0005477331252910562
1528,-0.00019461940861853852,-0.00018189480665882688,-9.82385971589987e-05,-2.762712382316036e-08,9.824656006328096e-05,0.00018193599368301628,0.00019447309696230477,0.0005477287777018545,0.00032193289435578597,0.0001549172697550469,1.3490940228202604e-08,-0.000154914755465114,-0.00032195199409132603,-0.000547733128112004
1529,-0.00019461500203235771,-0.00018189487196895227,-9.8239527280997e-05,-2.756504369872018e-08,9.824860990368495e-05,0.00018193596602793677,0.00019447624956255073,0.0005477288679490604,0.00032193312063279276,0.00015491701281526276,1.3376127336684968e-08,-0.0001549145432211662,-0.0003219516721564429,-0.0005477329118008043
1530,-0.00019461156336410731,-0.0001818947876638168,-9.824110068950407e-05,-2.8195334878727156e-08,9.824981198043462e-05,0.00018193537840429522,0.00019447796542870728,0.0005477288151372186,0.0003219333870042539,0.0001549167320800906,1.317855861421801e-08,-0.00015491456300479662,-0.0003219514800082796,-0.0005477327800486703
1531,-0.00019460824833090952,-0.0001818942753699714,-9.824179447239492e-05,-2.8173963669737817e-08,9.824850586561083e-05,0.00018193494175551588,0.00019447999793419413,0.0005477286580196772,0.00032193367707630073,0.00015491657949918803,1.2994648410516287e-08,-0.00015491521092562873,-0.0003219512813626874,-0.0005477326163180873
1532,-0.00019460449748636804,-0.0001818949354564237,-9.824208208817741e-05,-2.67005169667361e-08,9.824856281615841e-05,0.00018193445770788098,0.00019448154569254108,0.000547728669604061,0.0003219336951118684,0.00015491660540797468,1.3278712837513364e-08,-0.00015491548773690882,-0.00032195105760603556,-0.000547732348212437
1533,-0.0001945993753163844,-0.00018189574140445498,-9.824222166504839e-05,-2.3802511697965622e-08,9.824981156270204e-05,0.00018193431670342862,0.00019448460043104682,0.0005477290478191643,0.00032193361700398685,0.0001549165977821667,1.377770741404012e-08,-0.00015491552963723215,-0.00032195084067052787,-0.0005477318773916305
1534,-0.00019459488152852607,-0.00018189598503910444,-9.824224574969654e-05,-2.398640928014222e-08,9.824984626209285e-05,0.00018193399014294938,0.0001944834430457726,0.0005477293410358742,0.00032193372128656405,0.00015491671557060942,1.3601664572602376e-08,-0.00015491584928760998,-0.00032195059587238046,-0.0005477321349071654
1535,-0.00019459212572497662,-0.00018189445730039467,-9.824240227527905e-05,-2.455386835892502e-08,9.82506355481111e-05,0.00018193436712690453,0.0001944829605350784,0.0005477291637554928,0.0003219342444567619,0.00015491669873972518,1.3259679009024542e-08,-0.00015491595968378222,-0.0003219502292185385,-0.0005477323219683737
1536,-0.00019458903104571835,-0.00018189407216868362,-9.824350104301619e-05,-2.395309976347764e-08,9.825094838548374e-05,0.00018193405855651264,0.00019448323613021162,0.0005477291411879108,0.00032193452872505556,0.00015491657107565303,1.3363590090780943e-08,-0.00015491615516621333,-0.00032194993415202676,-0.0005477320393649017
1537,-0.00019458464624271557,-0.00018189497200802508,-9.824334833219919e-05,-2.343783282757641e-08,9.825108368946267e-05,0.00018193381980854622,0.00019448539838895712,0.0005477294180569972,0.0003219344899254625,0.00015491665145185406,1.3321441530528979e-08,-0.00015491640222343124,-0.00032194970933173894,-0.0005477315919209656
1538,-0.00019458031639519316,-0.00018189369144089868,-9.824282383248347e-05,-2.3918361160973833e-08,9.825095209975699e-05,0.00018193359933638055,0.00019448502712912067,0.0005477298195564807,0.00032193496005259337,0.00015491691755278167,1.3144303891287258e-08,-0.00015491671065707334,-0.00032194943264763265,-0.0005477314901818659
1539,-0.00019457708407107714,-0.00018189265498132662,-9.824490440578914e-05,-2.237761923578168e-08,9.825193436936334e-05,0.00018193361235111516,0.00019448505538518338,0.0005477299562105897,0.00032193533429062277,0.0001549164732303861,1.3324436127283319e-08,-0.00015491677869740856,-0.00032194911910622535,-0.0005477313990328815
1540,-0.00019457365847667447,-0.00018189353340202077,-9.824496759572463e-05,-2.170471909153487e-08,9.82530243400857e-05,0.00018193324956415665,0.00019448398461045563,0.0005477303703118481,0.00032193527992957195,0.00015491661646285275,1.3424374362631997e-08,-0.00015491676336023926,-0.0003219487947665999,-0.0005477313712396093
1541,-0.00019457091680115634,-0.0001818945004332547,-9.824373541858347e-05,-2.0767421427677763e-08,9.825229367160451e-05,0.00018193259009839188,0.0001944842898311051,0.0005477307513710217,0.0003219351805952146,0.00015491695223425342,1.3500703703224381e-08,-0.00015491719718038502,-0.0003219485557722056,-0.0005477311760161504
1542,-0.00019456903599959332,-0.00018189457963495905,-9.824322723802474e-05,-2.0550632396397564e-08,9.825090922896504e-05,0.0001819325031331668,0.00019448305293870885,0.0005477310880118291,0.0003219353550777706,0.00015491722249492282,1.3531166655922016e-08,-0.00015491777536600103,-0.0003219481498331977,-0.0005477309954061259
1543,-0.00019456727363112997,-0.0001818941105724955,-9.824351340652145e-05,-2.017195827548993e-08,9.825052998393374e-05,0.00018193260841360128,0.0001944826099648276,0.0005477312916287638,0.0003219355893089252,0.00015491723279369442,1.351221326051564e-08,-0.00015491814334476348,-0.00032194778211571974,-0.0005477307162479097
1544,-0.00019456564519325113,-0.00018189390404116964,-9.824384306354202e-05,-2.0735240068799375e-08,9.824956668667743e-05,0.00018193262448251279,0.00019448233071453423,0.0005477316876482094,0.0003219357531088758,0.00015491730733839523,1.3397284012301893e-08,-0.00015491865408660542,-0.0003219473842927173,-0.0005477302603642528
1545,-0.00019456329249179568,-0.00018189341964870834,-9.824444703589714e-05,-1.9984016843844888e-08,9.824863810950152e-05,0.00018193298588031341,0.00019448325392325527,0.00054773224420733,0.0003219359638937924,0.0001549172126562894,1.3496250745611756e-08,-0.0001549191238229656,-0.00032194696182110565,-0.0005477297674614371
1546,-0.00019456197326470063,-0.00018189407136080457,-9.824497185876449e-05,-1.8483839702568094e-08,9.824945777472806e-05,0.0001819319252828914,0.00019448079396107643,0.0005477326806218228,0.0003219359364704805,0.00015491722187292695,1.3857353478186858e-08,-0.00015491918998575198,-0.0003219468337223301,-0.0005477297656578804
1547,-0.000194561727689171,-0.00018189368791381695,-9.82452376352115e-05,-1.843882499468647e-08,9.825072889952161e-05,0.00018193222628680623,0.00019448072669036649,0.000547733011898205,0.0003219360951141085,0.00015491719482882445,1.3776073685495627e-08,-0.0001549191424250351,-0.0003219464361536754,-0.0005477294058483052
1548,-0.0001945623671254464,-0.00018189287677368492,-9.824567423374469e-05,-1.8330027351336678e-08,9.825038964056287e-05,0.00018193382380853282,0.00019447884939618082,0.0005477333865524398,0.0003219363841456418,0.0001549171834872271,1.3803837162519815e-08,-0.0001549194648084951,-0.000321945692117141,-0.0005477292512511187
1549,-0.00019456315647254822,-0.00018189365013069266,-9.824580308355812e-05,-1.7538085414905155e-08,9.824982392226642e-05,0.0001819326993788129,0.00019447765773515971,0.0005477336413626395,0.0003219362054085416,0.00015491716084796512,1.3821575938516084e-08,-0.0001549197558563124,-0.00032194558640096736,-0.0005477291756404696
1550,-0.00019456372132779337,-0.0001818941523851629,-9.824664123345161e-05,-1.6914348587262382e-08,9.824902813282174e-05,0.00018193083752299905,0.0001944760250706941,0.0005477342195644413,0.000321936055320247,0.00015491705761515046,1.3923111684677102e-08,-0.00015492017768743016,-0.0003219456006444414,-0.0005477289865444792
1551,-0.00019456427453775745,-0.0001818929643793019,-9.824720451037695e-05,-1.700512092466763e-08,9.824966675136588e-05,0.00018193173489929458,0.00019447548436315104,0.0005477347870142701,0.0003219361941709956,0.00015491694388239822,1.3781078305572198e-08,-0.0001549202727949904,-0.000321945055507847,-0.0005477286233590156
1552,-0.00019456712859713444,-0.0001818926264296984,-9.824567379138164e-05,-1.6812376947580893e-08,9.82479344192548e-05,0.00018193265722131908,0.00019447250076726344,0.000547734916500397,0.0003219361537065809,0.00015491742751539455,1.378315224278423e-08,-0.00015492092177945858,-0.00032194443915388275,-0.0005477286157054606
1553,-0.00019457083737285178,-0.00018189265295177675,-9.824619077486647e-05,-1.6472042171759796e-08,9.824689890450713e-05,0.00018193275952639408,0.000194470609591351,0.0005477348429476525,0.0003219359616509077,0.00015491727292514477,1.3655328508928425e-08,-0.0001549213379501828,-0.0003219440639909525,-0.0005477285440025179
1554,-0.00019457398234750756,-0.00018189077058371653,-9.824735419657357e-05,-1.5504611649531305e-08,9.824596180519235e-05,0.0001819322915870795,0.00019446679649086102,0.0005477349537739035,0.0003219362862911259,0.00015491706543518762,1.376856706279471e-08,-0.00015492179188692323,-0.00032194373775528025,-0.0005477286467127636
1555,-0.00019457784787146672,-0.00018188850369478069,-9.824824705958377e-05,-1.4671006651100806e-08,9.82465973547813e-05,0.00018193161613122067,0.0001944634435366084,0.0005477348743249157,0.00032193666381255347,0.00015491685043965962,1.3750783376153894e-08,-0.00015492181280355726,-0.0003219435089116734,-0.0005477287382548308
1556,-0.00019458150893305866,-0.00018188673336575292,-9.824814494761154e-05,-1.4748020406158043e-08,9.824628261593721e-05,0.0001819307136219375,0.00019446005252337034,0.0005477349954406894,0.00032193697497234097,0.00015491693315123543,1.3711674013921466e-08,-0.00015492204445192607,-0.0003219432630267674,-0.0005477286678005042
1557,-0.00019458441627304482,-0.0001818852298831193,-9.824814678011771e-05,-1.4079287965150777e-08,9.824572922370772e-05,0.00018193018803749634,0.00019445810830330114,0.0005477352930044336,0.000321937188208245,0.0001549169011866601,1.3653072061020486e-08,-0.00015492231951976798,-0.0003219429845853495,-0.0005477285520260332
1558,-0.00019458766685325716,-0.00018188397152281487,-9.824811580682275e-05,-1.2684359307718975e-08,9.824614523413275e-05,0.00018192956954696338,0.00019445368986494339,0.0005477356061758806,0.000321937397282095,0.0001549168977090327,1.3880490635328608e-08,-0.00015492237621388127,-0.0003219426951144882,-0.0005477288597174423
1559,-0.0001945929449044905,-0.000181882738620553,-9.824795675514035e-05,-1.1189325053597602e-08,9.824764629214398e-05,0.0001819296709456375,0.00019445095013030547,0.0005477355396986278,0.0003219375768053609,0.00015491686230613823,1.409267968332586e-08,-0.0001549221396496641,-0.0003219423626819798,-0.0005477289949379549
1560,-0.00019459846152635092,-0.0001818816415306427,-9.824795237584473e-05,-1.360735525312176e-08,9.824794534040038e-05,0.00018192962493593986,0.00019444772780615583,0.0005477355049454763,0.00032193782571931747,0.00015491689329031862,1.3489701231410522e-08,-0.00015492215097507575,-0.0003219418682762002,-0.000547729020072137
1561,-0.00019460288921590912,-0.00018188055908107737,-9.82482429581197e-05,-1.345773995379976e-08,9.824824474037972e-05,0.00018192848979689633,0.00019444594397963647,0.0005477355459879541,0.00032193806219335677,0.00015491680853702407,1.3278751645430506e-08,-0.00015492217855099625,-0.00032194176138077794,-0.0005477288931757326
1562,-0.00019460739650125903,-0.00018187914886906635,-9.824961360474641e-05,-1.2881136826919624e-08,9.824806219912108e-05,0.0001819281535320162,0.00019444261403023266,0.0005477356965155766,0.000321938468409835,0.00015491654279218328,1.3342588755970892e-08,-0.00015492230083908188,-0.00032194139512001886,-0.0005477289904984305
1563,-0.00019461188290983178,-0.0001818777719475839,-9.824923680207143e-05,-1.2420152358897e-08,9.824895502370775e-05,0.0001819276368440969,0.00019444006366441664,0.0005477357650044887,0.0003219388206352227,0.00015491660998160966,1.3244688924297538e-08,-0.00015492215835578497,-0.0003219412359676954,-0.0005477289759312412
1564,-0.0001946160355953878,-0.00018187900845574497,-9.824850435625629e-05,-1.2302996355450668e-08,9.824771980322707e-05,0.0001819269934275393,0.0001944370993492524,0.0005477359529674756,0.000321938577062569,0.00015491680393795427,1.3229649356215903e-08,-0.00015492254144974048,-0.0003219409381958485,-0.0005477289412012122
1565,-0.00019462076199330206,-0.0001818785397775166,-9.825045837629255e-05,-1.1390564871107181e-08,9.824747284740648e-05,0.00018192685969399845,0.0001944354423991541,0.0005477358553441848,0.0003219387635225917,0.00015491623564877798,1.3294860146924716e-08,-0.00015492262449428066,-0.0003219407202891949,-0.000547728925709122
1566,-0.000194624266247539,-0.0001818777095142961,-9.82522158728511e-05,-1.1294425170453368e-08,9.824728285100046e-05,0.00018192689448205893,0.00019443162952526434,0.0005477362025751077,0.0003219390865904784,0.00015491579863541183,1.3269972456196653e-08,-0.00015492274834313655,-0.00032194039983415325,-0.0005477291500669595
1567,-0.00019462766115238962,-0.00018187697323105543,-9.825223452401998e-05,-1.0751093320957413e-08,9.824823976896786e-05,0.00018192545917653614,0.00019443030468242466,0.000547736448691239,0.00032193934482281156,0.0001549156768513972,1.3194094130120327e-08,-0.00015492255569321447,-0.0003219404665195086,-0.0005477289529474537
1568,-0.00019463324083807758,-0.00018187653656257172,-9.825225336632119e-05,-1.0070706310237914e-08,9.82488580604867e-05,0.0001819236866209149,0.00019442952760129152,0.0005477362863017623,0.0003219395512375714,0.00015491556951202246,1.328384059427214e-08,-0.00015492242132823526,-0.00032194060906986084,-0.0005477286530252122
1569,-0.00019463800813240617,-0.0001818760381504531,-9.825249780195319e-05,-8.899398893743618e-09,9.824930934271441e-05,0.00018192571031854958,0.0001944292549913699,0.000547736292660456,0.00032193974086537977,0.00015491534886072545,1.3360486617004127e-08,-0.00015492232873871774,-0.00032193991083904387,-0.0005477285402104241
1570,-0.00019464235911286246,-0.00018187609312563788,-9.825290871387319e-05,-8.120568535922456e-09,9.824806979712511e-05,0.00018192558422045106,0.00019442625329702093,0.000547736471166331,0.00032193983925171373,0.0001549151837705381,1.345456712865228e-08,-0.0001549226522574936,-0.00032193969489780475,-0.0005477290583167895
1571,-0.0001946473756772896,-0.0001818758620820791,-9.825355632352012e-05,-7.800880381672806e-09,9.824926652315385e-05,0.0001819252727141084,0.0001944254022062842,0.0005477363705139898,0.0003219399273485251,0.00015491476106770127,1.3377243802836164e-08,-0.0001549223589575426,-0.00032193954235852266,-0.0005477294116289359
1572,-0.0001946522115329642,-0.00018187542564019563,-9.825444125552246e-05,-7.528199074030696e-09,9.824929587872023e-05,0.00018192474679469304,0.00019442488589274787,0.0005477363506286204,0.0003219400518633096,0.00015491442525468005,1.342444869622419e-08,-0.00015492228452382992,-0.0003219394311391887,-0.0005477296811219374
1573,-0.00019465604972696593,-0.00018187539924619564,-9.825524930699494e-05,-6.4376337250926084e-09,9.824952280505145e-05,0.0001819242959193605,0.00019442656347331877,0.0005477363945845359,0.00032194003461390777,0.0001549140389860022,1.3455840466321348e-08,-0.00015492228787197118,-0.00032193939684848754,-0.0005477298392568701
1574,-0.00019465959574460935,-0.0001818752109020008,-9.825608006972115e-05,-5.346968007526201e-09,9.824988937130763e-05,0.00018192371007896417,0.00019442650723705448,0.0005477364692934066,0.00032194008300934766,0.00015491370602861254,1.3563265614732623e-08,-0.00015492230126684856,-0.0003219393260242006,-0.0005477303073723414
1575,-0.00019466336763341511,-0.00018187523568024267,-9.825571163450573e-05,-3.9755119637479836e-09,9.825064831752634e-05,0.00018192352123230798,0.00019442848961463095,0.0005477363576116222,0.0003219400216421725,0.00015491349920689632,1.3603816628101112e-08,-0.0001549222449426956,-0.00032193922916395315,-0.0005477304791958073
1576,-0.00019466602107277647,-0.00018187537789651366,-9.825500132654726e-05,-3.2435911516789875e-09,9.825153191061693e-05,0.0001819234990944513,0.00019442892869689964,0.0005477363086381191,0.00032193994501413236,0.0001549135339877949,1.3634769278139097e-08,-0.00015492211764858382,-0.00032193906295926024,-0.0005477308938288838
1577,-0.000194668641152644,-0.00018187347541029442,-9.825343493279496e-05,-2.0200355785011596e-09,9.825386936483295e-05,0.00018192339953813553,0.00019443099549783778,0.0005477362443806286,0.0003219403176798302,0.00015491368147018124,1.3716099769967202e-08,-0.00015492157723129632,-0.00032193899141817517,-0.0005477311627669449
1578,-0.00019467055196395843,-0.0001818724395024446,-9.825441551176661e-05,-1.0723303032055824e-09,9.825398969152231e-05,0.00018192323009042895,0.00019443246602491709,0.0005477362938165821,0.0003219404935266151,0.00015491331644185266,1.3864013062532737e-08,-0.00015492155700140125,-0.00032193893585475314,-0.0005477313942927643
1579,-0.00019467272282366026,-0.00018187218853777054,-9.825638576031975e-05,4.695927774961859e-10,9.825444830081899e-05,0.00018192317541080967,0.00019443440369328413,0.0005477361726083183,0.0003219404120890902,0.0001549126734206831,1.3995480961454747e-08,-0.00015492145075572184,-0.0003219389255883531,-0.0005477315296751346
1580,-0.0001946750343725446,-0.00018187146677664854,-9.82556870523223e-05,1.556214418333826e-09,9.825490977611592e-05,0.0001819228870965074,0.00019443571961004545,0.0005477361980430933,0.0003219404530853229,0.0001549127021804768,1.41618346577633e-08,-0.0001549213345812312,-0.00032193886024410405,-0.0005477316903997896
1581,-0.00019467502061889624,-0.00018187010950042028,-9.825437510599101e-05,2.7699711437422654e-09,9.825644226653386e-05,0.00018192160697272928,0.00019443822469522538,0.0005477366335326851,0.00032194061170582846,0.00015491275980411554,1.4246830507605756e-08,-0.00015492098979667123,-0.00032193912206042815,-0.0005477318080703075
1582,-0.00019467582230093197,-0.00018186896483431516,-9.825306064538246e-05,3.5145019246782627e-09,9.825703656010376e-05,0.0001819226994518176,0.0001944378669525849,0.0005477369844400892,0.0003219407576551915,0.0001549129275742032,1.4406122310565339e-08,-0.000154920901554188,-0.00032193872030659683,-0.0005477323480043342
1583,-0.00019467809930806044,-0.00018186910826240474,-9.8251911723134e-05,4.259253819157119e-09,9.825750495754491e-05,0.00018192504021242648,0.0001944404385400045,0.0005477367767304681,0.0003219405238402423,0.00015491299982514978,1.4414959110026867e-08,-0.00015492073009605792,-0.0003219380963915678,-0.0005477324142503617
1584,-0.00019468028535982946,-0.00018186911077471156,-9.825299180029354e-05,4.584986451227784e-09,9.825686333506997e-05,0.00018192473122824286,0.00019444260161648126,0.0005477366699969034,0.0003219403640636107,0.0001549126250460534,1.449307980910036e-08,-0.00015492079117420153,-0.0003219381002761516,-0.000547732423291268
1585,-0.00019468052073834903,-0.00018186849995902968,-9.825418621302957e-05,5.42316706482789e-09,9.825826399637415e-05,0.00018192507109902222,0.00019444590337878764,0.0005477368380513982,0.0003219403280618428,0.0001549120973692759,1.4544372159841753e-08,-0.00015492043131375678,-0.00032193803863150616,-0.0005477324045620247
1586,-0.00019468102359380252,-0.00018186771072030192,-9.825451365429402e-05,5.421274463797122e-09,9.825939951866763e-05,0.00018192531084205914,0.0001944472070394325,0.0005477369983598478,0.0003219404010365244,0.00015491184016127053,1.445895620844624e-08,-0.00015492014345222312,-0.00032193789030052325,-0.00054773263192579
1587,-0.00019468117796766812,-0.0001818671715989604,-9.825424182269495e-05,5.39728996447411e-09,9.826031906533199e-05,0.00018192618194258085,0.00019445024411297296,0.0005477370263612227,0.0003219403545602538,0.00015491168212114034,1.432901480436393e-08,-0.0001549199294740861,-0.0003219376333630514,-0.0005477327071433562
1588,-0.0001946809606876099,-0.0001818674954303848,-9.825355495505181e-05,5.1384085529328414e-09,9.826058942205919e-05,0.00018192609007096832,0.0001944525090905852,0.000547737162807229,0.0003219401247455011,0.0001549117228491518,1.4267470718787642e-08,-0.00015491986999602102,-0.0003219375356010256,-0.0005477327250633114
1589,-0.00019468102171203542,-0.00018186645333536364,-9.825287468443086e-05,4.551649774555929e-09,9.826145414526243e-05,0.00018192613031713852,0.000194456166122634,0.0005477371883113715,0.00032194020495753217,0.00015491168216969766,1.397402537127586e-08,-0.00015491966166440407,-0.0003219374271332717,-0.0005477326547477199
1590,-0.00019468218758003975,-0.00018186500583283752,-9.82531126481634e-05,3.7414676464978575e-09,9.826046761163097e-05,0.00018192767997695692,0.00019445846768140413,0.0005477369845788242,0.00032194038387961256,0.00015491152726960608,1.3761527634826313e-08,-0.0001549199434678368,-0.00032193696327234453,-0.00054773255025704
1591,-0.00019468372215616494,-0.00018186349363102138,-9.825278881772427e-05,2.841226482874575e-09,9.826009298727379e-05,0.0001819282262017228,0.00019446065654104552,0.0005477365761425839,0.0003219405355864838,0.00015491150357364484,1.3373417332633278e-08,-0.00015492007510898288,-0.0003219368687937169,-0.0005477325694718564
1592,-0.00019468448486296215,-0.0001818633953554895,-9.825386146929299e-05,1.06799975194172e-09,9.825986722251504e-05,0.00018192842907788852,0.00019446251088949543,0.0005477364489918317,0.0003219403834634072,0.0001549112672082814,1.2985772478266175e-08,-0.0001549201689332431,-0.00032193679459354167,-0.0005477324419511439
1593,-0.0001946834312113296,-0.0001818642994115655,-9.82553850149134e-05,1.417145285354263e-09,9.826102613192205e-05,0.00018192913139079996,0.00019446611660151958,0.0005477366116356561,0.0003219399830738047,0.00015491085071152961,1.292201518343688e-08,-0.000154919894431903,-0.00032193666624041835,-0.0005477321726893674
1594,-0.00019468246118503187,-0.00018186462773558563,-9.825541823253579e-05,1.6702052324139482e-09,9.826194839384824e-05,0.0001819299907869275,0.00019446637841344787,0.0005477368010784844,0.0003219397953420432,0.0001549108347708625,1.2964564094907938e-08,-0.00015491967420837264,-0.0003219364304369322,-0.0005477325310191011
1595,-0.00019468254861330957,-0.00018186399701849277,-9.825618618857644e-05,1.7482077642478068e-09,9.826339851311434e-05,0.00018193044957356348,0.00019446814192476455,0.0005477366678696313,0.00032193980075271347,0.0001549105732620679,1.2866757849332824e-08,-0.00015491926817456236,-0.00032193632384210275,-0.0005477327541514448
1596,-0.0001946820939842951,-0.00018186388767895862,-9.825719313593241e-05,6.731130164873042e-10,9.826373841246503e-05,0.00018193056835148956,0.00019447063487205426,0.0005477366963797018,0.0003219397458598447,0.00015491033461451147,1.260137753168703e-08,-0.0001549191858722552,-0.0003219362305196012,-0.0005477326802518624
1597,-0.00019468111935702759,-0.00018186416728393058,-9.825807379898359e-05,-2.530099611093917e-10,9.82647738887892e-05,0.00018193066947430253,0.00019447329783847718,0.0005477367019059847,0.00032193959308933744,0.0001549100263011065,1.2221363811105794e-08,-0.0001549189829235615,-0.00032193621532810386,-0.0005477328349415391
1598,-0.0001946810632389895,-0.00018186314214451753,-9.825835705911569e-05,-8.549359319196768e-10,9.826628717434555e-05,0.00018193081812404942,0.00019447371329520948,0.0005477366556378169,0.00032193977064718895,0.0001549099157430766,1.1981774289573614e-08,-0.0001549186927960206,-0.00032193612526587806,-0.0005477333368852611
1599,-0.0001946804914773636,-0.00018186215737935304,-9.825954903343625e-05,-1.2483966440073338e-09,9.826610297200872e-05,0.00018192999583124553,0.00019447715837723144,0.0005477365979008777,0.00032193992048113585,0.00015490953608975245,1.1701527975606053e-08,-0.0001549188074120532,-0.0003219363618786525,-0.000547733308698906
1600,-0.00019467935063390574,-0.0001818621454089499,-9.826011942166776e-05,-8.956536625625721e-10,9.826586615014426e-05,0.00018193090567055335,0.00019448025148014034,0.0005477367656779022,0.00032193989802916637,0.00015490934538674677,1.17679389221246e-08,-0.00015491890099815142,-0.00032193612251429785,-0.0005477332095032838
1601,-0.0001946782544996573,-0.00018186227761540227,-9.826012076550558e-05,4.05187267400412e-10,9.826606352583583e-05,0.00018193235186273905,0.0001944841377429461,0.0005477369575717177,0.00032193985384202555,0.00015490921055931708,1.1960859717636585e-08,-0.00015491883360524685,-0.00032193577902922364,-0.0005477330927807894
1602,-0.00019467775470823293,-0.00018186216535962178,-9.825968661425481e-05,-2.0889396744982365e-10,9.826650759232425e-05,0.00018193323111101664,0.00019448649688772965,0.0005477370684673365,0.00032193987624775,0.0001549093034401784,1.1752719061490657e-08,-0.00015491875917615866,-0.00032193549138504173,-0.0005477331183080543
1603,-0.00019467786525958567,-0.00018186181967605407,-9.825868555850467e-05,-2.0384383558869027e-09,9.826740737846387e-05,0.0001819336766070569,0.0001944890724652836,0.0005477369326918834,0.00032193989937027263,0.00015490945165786094,1.1160051006018995e-08,-0.0001549185581396976,-0.0003219353845821095,-0.000547733148598559
1604,-0.00019467780580165734,-0.00018186159294775176,-9.825958935546827e-05,-2.1998290029390144e-09,9.826706038652618e-05,0.00018193268713254863,0.00019449165421030456,0.0005477368132640538,0.00032193986820111206,0.00015490921361380235,1.1085997754067753e-08,-0.00015491866383043646,-0.0003219355923379757,-0.0005477329482650226
1605,-0.00019467620890061837,-0.00018186027174036783,-9.826131855557017e-05,-1.8697074995048536e-09,9.826565240701998e-05,0.00018193223791238296,0.00019449564572398824,0.0005477369728788278,0.00032194005861508625,0.0001549086803043783,1.098657178549135e-08,-0.0001549190698549977,-0.0003219357693177642,-0.0005477326186303395
1606,-0.00019467524022406978,-0.0001818574666857523,-9.82628516735722e-05,-1.7584588176900804e-09,9.826560116778326e-05,0.0001819320011348533,0.00019449692434038226,0.0005477369929029325,0.00032194061709337623,0.00015490828185475548,1.092590666399959e-08,-0.00015491914955139657,-0.00032193584626951955,-0.000547732721594933
1607,-0.00019467393407082248,-0.00018185736572057424,-9.826218039996534e-05,-1.926690237129351e-09,9.826617084567232e-05,0.00018193257200978269,0.00019450036613177484,0.0005477370075394893,0.0003219405120015107,0.00015490841122295756,1.0736435351855646e-08,-0.0001549190185993017,-0.0003219358019667662,-0.000547732564986087
1608,-0.00019467164989130429,-0.0001818580713635238,-9.826134927467879e-05,-3.0287802924721205e-09,9.826546398893379e-05,0.00018193293429427985,0.0001945036647807912,0.0005477371299038792,0.00032194021385970344,0.0001549086462795862,1.0469613153929595e-08,-0.00015491918044077463,-0.0003219357094766755,-0.0005477323170432764
1609,-0.0001946700703695173,-0.00018185814445687427,-9.826131803931574e-05,-3.7640360842728594e-09,9.826483907379187e-05,0.00018193301538760347,0.00019450825883432252,0.0005477369441144096,0.00032194005019848805,0.0001549086160538246,1.0067398050941984e-08,-0.0001549193498201899,-0.00032193579452131384,-0.000547731967268876
1610,-0.00019466955767173235,-0.00018185680437270648,-9.826192565894924e-05,-4.112868797751132e-09,9.826384507614608e-05,0.00018193278900412757,0.00019451068947640284,0.0005477366723322781,0.0003219403107430734,0.00015490850351650677,9.89352053178158e-09,-0.0001549196545195446,-0.00032193591478155424,-0.0005477318789177169
1611,-0.00019466826650365636,-0.0001818550323491031,-9.826203078273402e-05,-3.441412299688727e-09,9.826252493575367e-05,0.0001819342449302707,0.00019451395104179995,0.0005477365353313314,0.00032194065265581605,0.00015490841072119882,9.882769607348326e-09,-0.00015492006253033054,-0.00032193568279328434,-0.000547731773941464
1612,-0.0001946664327364181,-0.0001818541454653832,-9.826259090499016e-05,-2.6228886140392375e-09,9.826207651460008e-05,0.00018193442649616317,0.0001945164650432061,0.0005477365749633352,0.0003219408242249343,0.0001549082875521451,1.0063166032964258e-08,-0.0001549202851609155,-0.00032193570818181427,-0.0005477316461895262
1613,-0.00019466478568776432,-0.00018185370160480542,-9.826326117268906e-05,-4.285996183599028e-09,9.826356268990269e-05,0.00018193404366001096,0.00019451953564372752,0.0005477366631526367,0.000321940854076111,0.00015490809119799486,9.527226300820695e-09,-0.00015492000819471453,-0.0003219359365167255,-0.000547731557699632
1614,-0.0001946630122750031,-0.00018185356433433064,-9.826416313517606e-05,-5.7891723897755175e-09,9.826325222789152e-05,0.00018193400588673885,0.0001945211008010308,0.0005477369216161951,0.0003219408613365831,0.00015490792050753253,9.061991283257533e-09,-0.00015492023606486315,-0.0003219359535580247,-0.0005477315992508053
1615,-0.00019466238906527415,-0.00018185375752579981,-9.826448119913212e-05,-6.107268326024638e-09,9.82632571993034e-05,0.0001819343746047119,0.0001945239989784862,0.0005477369354434636,0.0003219407542793032,0.00015490785438867895,8.767901903197036e-09,-0.00015492041836976858,-0.0003219359316609958,-0.0005477315183219759
1616,-0.00019466217078029321,-0.00018185392374199018,-9.826358271052507e-05,-7.1035293274531956e-09,9.826322522305614e-05,0.00018193521269056623,0.00019452660076284866,0.000547737036280785,0.000321940678090591,0.00015490820468102383,8.415387364812639e-09,-0.0001549206292957326,-0.0003219357379636234,-0.000547731322566699
1617,-0.00019466117034030458,-0.00018185397974180203,-9.826428711308467e-05,-8.206294239149403e-09,9.82641590869138e-05,0.00018193461123445882,0.00019453001943116623,0.0005477374392832325,0.00032194057942678677,0.00015490804215049977,7.882086232983422e-09,-0.00015492059411018988,-0.00032193603097223063,-0.0005477311814961883
1618,-0.00019466064277557453,-0.00018185391134794315,-9.826559735400298e-05,-7.477887693894545e-09,9.826516751308253e-05,0.00018193482167710155,0.00019453042802092653,0.000547737904485266,0.00032194055063924606,0.0001549078004669561,7.931599999281351e-09,-0.00015492049758059447,-0.0003219360338394235,-0.0005477315988114774
1619,-0.00019466194485986998,-0.00018185337756648523,-9.82658372261035e-05,-6.900248241333494e-09,9.826576222438503e-05,0.00018193478684963235,0.00019453228782748618,0.0005477380788753319,0.0003219406026417995,0.00015490777639872225,7.81132580884671e-09,-0.0001549204790224578,-0.0003219361249421627,-0.0005477316901916869
1620,-0.0001946635185196077,-0.00018185476545344806,-9.826556187530443e-05,-6.6662106599228074e-09,9.826468849498741e-05,0.0001819349219624789,0.00019453503253747688,0.0005477383328762434,0.00032194020044864027,0.0001549079502962785,7.68973358097586e-09,-0.000154920851838452,-0.00032193614154413404,-0.0005477314034261608
1621,-0.00019466419704934783,-0.00018185612902522167,-9.826608584891355e-05,-5.919821002473283e-09,9.826604782638119e-05,0.00018193555564507906,0.00019453866530359733,0.0005477386858184294,0.0003219397715258448,0.0001549078632422929,7.505499799073371e-09,-0.0001549206356706121,-0.00032193608607320216,-0.000547731049073501
1622,-0.00019466573424615393,-0.00018185489760078736,-9.826694299086147e-05,-4.738083279247307e-09,9.82672342775676e-05,0.00018193548906402196,0.00019453997813662516,0.0005477389528604436,0.0003219399899411939,0.0001549077360499202,7.586930824855323e-09,-0.00015492049082419337,-0.00032193615497831966,-0.0005477310900697337
1623,-0.00019466797510562056,-0.00018185353367433513,-9.82662029036927e-05,-3.370019102694443e-09,9.826807572400175e-05,0.0001819345983379504,0.0001945418040418209,0.0005477390027126026,0.0003219402037782836,0.00015490792838768823,7.680629260632619e-09,-0.00015492043206061427,-0.000321936520013585,-0.0005477310346450468
1624,-0.00019466950103152856,-0.00018185306303552222,-9.826536577152976e-05,-3.9148015705681225e-09,9.826784897796548e-05,0.0001819357319203489,0.00019454239170487122,0.000547739311791363,0.00032194023989566393,0.0001549082031086923,7.394742309231031e-09,-0.00015492058016268418,-0.00032193634539229386,-0.000547731021025881
1625,-0.000194671413616236,-0.00018185235313642934,-9.826559578849099e-05,-3.7417933710193145e-09,9.826845599957146e-05,0.00018193693532517292,0.00019454387117773326,0.0005477395138128436,0.00032194029760948057,0.00015490820281041176,7.076956251375516e-09,-0.00015492050843893114,-0.00032193615477021703,-0.0005477310158464359
1626,-0.0001946741061490621,-0.00018185148133640258,-9.826586461123318e-05,-3.605241008008042e-09,9.826894978411944e-05,0.00018193747402287053,0.00019454363060711293,0.0005477396296798046,0.00032194044066852825,0.00015490825028095076,6.834642965347179e-09,-0.00015492049553887574,-0.00032193610089473917,-0.0005477311117124149
1627,-0.00019467725675916694,-0.00018185210285155595,-9.826586058464572e-05,-2.7632587664902523e-09,9.826833709061134e-05,0.00018193762155932066,0.00019454518206002874,0.0005477395624626313,0.00032194011556585956,0.00015490827376649706,6.743456613614112e-09,-0.00015492072405876725,-0.00032193614508188,-0.0005477309014593162
1628,-0.00019467996114416993,-0.0001818523188311259,-9.826734972742603e-05,-3.2455054559865957e-09,9.826812281349871e-05,0.00018193721960007997,0.00019454660163161421,0.0005477397096143654,0.00032193984010724704,0.0001549079895375117,6.460956148961238e-09,-0.00015492089310290593,-0.0003219362795393493,-0.0005477305040756418
1629,-0.00019468155911909696,-0.00018185142462723349,-9.826915921789858e-05,-4.0349380100112176e-09,9.82689411772518e-05,0.00018193649821334097,0.00019454805536072038,0.0005477400994369752,0.00032193977853196923,0.00015490754366821936,5.9543545327796825e-09,-0.00015492081237986706,-0.00032193661775248837,-0.000547730343096639
1630,-0.0001946841776620238,-0.00018185029215813176,-9.826997167329712e-05,-3.357572462736849e-09,9.826913901304035e-05,0.00018193632322870717,0.00019454647404583593,0.000547740326731373,0.00032193978731852785,0.00015490741307683584,5.943676408684141e-09,-0.0001549208076698092,-0.0003219367338275521,-0.0005477307737073785
1631,-0.00019468698103191593,-0.00018184915081221253,-9.827013872593786e-05,-2.7073439911891524e-09,9.826947536067884e-05,0.0001819369818668885,0.0001945466808136142,0.0005477404076139572,0.00032193977369936194,0.0001549073721915913,5.885189051467945e-09,-0.00015492074860794954,-0.00032193667960523644,-0.0005477309748964483
1632,-0.00019469005223342057,-0.000181848667533048,-9.827044313575261e-05,-3.3330365585668325e-09,9.826994352265279e-05,0.0001819382622862321,0.0001945466788234731,0.0005477405969411727,0.0003219396426409035,0.0001549073437162046,5.726395356435109e-09,-0.00015492064885276225,-0.0003219364593863306,-0.0005477311322220925
1633,-0.00019469349507899683,-0.0001818492429695384,-9.827142834820624e-05,-4.472420796103532e-09,9.827047176915394e-05,0.00018193755551028148,0.0001945480223953139,0.0005477404663451648,0.0003219392547143407,0.00015490708669549166,5.329516617674935e-09,-0.00015492050606656028,-0.0003219367940848462,-0.0005477310927981913
1634,-0.0001946976454394375,-0.00018184787043227767,-9.827042261069842e-05,-4.7924992663817755e-09,9.827083248518347e-05,0.00018193641533677208,0.00019454721512709007,0.000547740270728623,0.0003219393382791376,0.000154907387193484,5.170072135310838e-09,-0.00015492047138508856,-0.0003219371129213112,-0.0005477313788006742
1635,-0.00019470120997918617,-0.00018184666189446593,-9.82697098751619e-05,-5.844929038514264e-09,9.82709815112838e-05,0.00018193605518034662,0.00019454743080124233,0.0005477401310685861,0.000321939372801064,0.00015490753485391373,4.742531884045367e-09,-0.00015492051715380994,-0.0003219374275032321,-0.0005477314596138909
1636,-0.0001947038871721623,-0.0001818463450975007,-9.826926005795388e-05,-6.323414247938339e-09,9.826877219752394e-05,0.00018193555100470056,0.000194547792524165,0.0005477401744926837,0.0003219392029430125,0.00015490765618703917,4.5307032553642405e-09,-0.0001549210483452109,-0.0003219376571330047,-0.0005477313156530648
1637,-0.0001947062111052415,-0.0001818461373543563,-9.827020658088232e-05,-6.745962918883198e-09,9.82696869639088e-05,0.0001819346529387522,0.0001945497825273316,0.000547740187603154,0.0003219389908632346,0.0001549074185337512,4.198808341254898e-09,-0.00015492073722935614,-0.0003219380478573927,-0.0005477309560747148
1638,-0.0001947084407923319,-0.0001818453683618659,-9.82699501856846e-05,-7.25224306438537e-09,9.827157455953768e-05,0.00018193371587786093,0.000194549217918391,0.0005477402412705292,0.00032193895782114967,0.000154907507046768,3.92886682114377e-09,-0.00015492026918325236,-0.0003219384486169555,-0.0005477309306399399
1639,-0.00019471119407372234,-0.00018184545497241237,-9.826952116643626e-05,-8.186557091566816e-09,9.82713148993263e-05,0.00018193460522462676,0.0001945488795747001,0.0005477399873852302,0.0003219386666160992,0.00015490761211782323,3.552048087272207e-09,-0.00015492028840962993,-0.0003219384183495733,-0.0005477309172057542
1640,-0.00019471363362217668,-0.0001818442742276107,-9.826977942763759e-05,-8.492672798114047e-09,9.827027196588434e-05,0.00018193491880978015,0.0001945486475360708,0.0005477398030756021,0.00032193869875640573,0.00015490760046175955,3.4415472613622876e-09,-0.00015492049367751268,-0.00032193851897879204,-0.0005477307069989007
1641,-0.00019471424729499185,-0.00018184209740733774,-9.827045201749617e-05,-6.924127348892355e-09,9.827014381163508e-05,0.00018193484128294703,0.00019454935995732268,0.0005477399111502731,0.0003219389641335984,0.00015490739044913518,3.6535191881780333e-09,-0.0001549205355292787,-0.00032193872497734646,-0.0005477304266383133
1642,-0.00019471370575986535,-0.0001818422533969615,-9.826986537217643e-05,-6.768711966691816e-09,9.826973286030634e-05,0.0001819344188410165,0.00019454665366099605,0.0005477401521332043,0.0003219386795415894,0.00015490753452788617,3.506680326867287e-09,-0.00015492063257219408,-0.00032193900892192476,-0.0005477305728420241
1643,-0.0001947139631580154,-0.00018184273661701292,-9.826837774564718e-05,-7.059437647012437e-09,9.827010744426957e-05,0.00018193430356061563,0.0001945445910964969,0.0005477400371217765,0.00032193828324467345,0.00015490786497879435,3.205908934307602e-09,-0.0001549205031323122,-0.00032193935051095217,-0.0005477306704190698
1644,-0.00019471409566988547,-0.00018184132544934008,-9.826776848365464e-05,-7.971705921460894e-09,9.82704607957918e-05,0.0001819328411123269,0.00019454212198163944,0.0005477398917967216,0.00032193839252171556,0.00015490806685691523,2.8490687708057468e-09,-0.0001549203802592267,-0.0003219398763402401,-0.0005477305533034925
1645,-0.00019471237056238065,-0.00018184034928513194,-9.826843851687158e-05,-6.654950853613388e-09,9.827104219186809e-05,0.0001819315882692453,0.0001945410988126631,0.0005477399994551871,0.00032193838380452453,0.0001549079069253627,2.8800462921227882e-09,-0.00015492018641155794,-0.0003219404203438308,-0.000547730102391178
1646,-0.00019470955104475951,-0.00018184041122581055,-9.826749102547351e-05,-5.87498499822774e-09,9.827092079621683e-05,0.00018193075390751643,0.00019453775742487407,0.0005477402347499777,0.00032193815563147084,0.00015490823487210168,2.9308770442445977e-09,-0.00015492017650124473,-0.0003219407856565664,-0.0005477298972944019
1647,-0.00019470659545863002,-0.00018183836752824306,-9.826695696519876e-05,-5.661721056385417e-09,9.827125191727188e-05,0.00018193066685362168,0.00019453421467815563,0.0005477403694155498,0.00032193841929759677,0.0001549084663424271,2.8290301845411075e-09,-0.00015492004828685657,-0.0003219410520511501,-0.0005477298065847456
1648,-0.00019470386706385546,-0.00018183746363965416,-9.826580047647327e-05,-5.665347767944937e-09,9.827104977410863e-05,0.00018193011528897229,0.0001945290552866221,0.0005477404412803502,0.0003219384455185375,0.00015490884661312259,2.757508706387046e-09,-0.00015492000105910404,-0.00032194138559353953,-0.0005477298977106073
1649,-0.00019470092021661286,-0.0001818367967256386,-9.826445843566181e-05,-4.846595622767415e-09,9.827028295599519e-05,0.0001819303414064392,0.0001945250577828108,0.0005477406019125152,0.0003219383681736992,0.00015490926342434067,2.7415956420038133e-09,-0.000154920055082566,-0.00032194155556720364,-0.0005477298649228703
1650,-0.000194698497751845,-0.00018183692795672478,-9.826518411795285e-05,-4.7171204296742215e-09,9.82701672568765e-05,0.000181929881536063,0.00019451973824403208,0.0005477407058482545,0.00032193814164234463,0.00015490920638338952,2.6755111910547154e-09,-0.00015491996817425228,-0.00032194184711909195,-0.0005477299401404365
1651,-0.0001946961148632988,-0.00018183681854822535,-9.826639291389178e-05,-4.38524102830354e-09,9.827184845024312e-05,0.0001819282022806209,0.00019451530209144813,0.0005477406279484757,0.00032193796646611293,0.00015490897187014013,2.596236378894748e-09,-0.00015491943767421477,-0.0003219425140651357,-0.0005477298783801783
1652,-0.00019469466314403808,-0.00018183681574035303,-9.826679551352442e-05,-4.3402100656982025e-09,9.827044396432126e-05,0.00018192896767706425,0.00019451145995657293,0.000547740431938851,0.0003219378322861139,0.00015490906056813707,2.5906735494431664e-09,-0.00015491968449558296,-0.00032194252941849074,-0.0005477295860421243
1653,-0.00019469040454750787,-0.0001818368829322455,-9.826684703847447e-05,-3.5091664031946454e-09,9.827061165833915e-05,0.00018193038971169565,0.00019450833659760808,0.0005477407180338239,0.00032193764582609107,0.00015490919183007375,2.6159490411786994e-09,-0.00015491955251222358,-0.00032194246779696786,-0.0005477294338265576
1654,-0.00019468623107384437,-0.00018183672025298908,-9.82664175660257e-05,-2.166200584784242e-09,9.826937076004502e-05,0.0001819315903874648,0.00019450176593002776,0.0005477409947641753,0.0003219375765047682,0.00015490946996858665,2.8558462157366093e-09,-0.0001549196944382677,-0.00032194241523947386,-0.0005477297176786458
1655,-0.00019468399779070693,-0.00018183689882381773,-9.826566587889591e-05,-2.9833036852555992e-09,9.826824028305481e-05,0.00018193319368257097,0.00019449757597366098,0.0005477406040166647,0.00032193736484119567,0.00015490975043553755,2.5676563017731343e-09,-0.00015491979004296217,-0.0003219422996962281,-0.0005477296512938832
1656,-0.00019468169043885278,-0.0001818371822908457,-9.826566032916085e-05,-3.943403466398206e-09,9.826825971451662e-05,0.00018193241321228662,0.00019449362571107026,0.0005477401449420997,0.00032193717590706295,0.0001549099593937749,2.312675641370164e-09,-0.00015491959430849556,-0.0003219427028836558,-0.0005477294491799127
1657,-0.00019467742834479738,-0.00018183813725315465,-9.826502855591391e-05,-4.026148160822435e-09,9.826924006590283e-05,0.00018193171803235618,0.00019449013662919615,0.0005477399899055852,0.0003219367932524354,0.00015491026531862327,2.1035090876589467e-09,-0.00015491919913070967,-0.0003219431509287775,-0.0005477293652682779
1658,-0.00019467294801502194,-0.00018183759024021406,-9.826525279752508e-05,-3.6698083502990395e-09,9.826857655778712e-05,0.00018193145260467648,0.0001944850439763547,0.0005477400327516198,0.00032193678779552005,0.00015491036850519293,2.1515152971800377e-09,-0.00015491921470141642,-0.00032194339713739886,-0.0005477295924239406
1659,-0.00019466834353788033,-0.0001818357477242367,-9.826590577267123e-05,-4.024671460758935e-09,9.826841468640977e-05,0.00018193162621985673,0.00019448081648316826,0.0005477400613773028,0.0003219370669768587,0.00015491023174472038,1.9451825130428425e-09,-0.00015491913065567104,-0.00032194360066184333,-0.0005477297770341616
1660,-0.00019466378723791676,-0.00018183583791112583,-9.826534031644287e-05,-5.375094473623493e-09,9.826788492858364e-05,0.00018193163944148718,0.00019447672979739053,0.0005477401611047431,0.00032193682943918334,0.0001549105853042777,1.6562849964958856e-09,-0.0001549191284844662,-0.0003219437957234446,-0.0005477298647147675
1661,-0.00019465955561666536,-0.0001818371438476251,-9.826524576799205e-05,-5.189901937866395e-09,9.826802340299526e-05,0.00018193177655432703,0.00019447280721943583,0.0005477402348655903,0.0003219362532952861,0.00015491075640632093,1.6436615525095737e-09,-0.0001549189508225633,-0.0003219439255564093,-0.0005477301416532214
1662,-0.00019465513765121244,-0.00018183813444528228,-9.826486480671035e-05,-5.32183752949165e-09,9.826820302209625e-05,0.00018193136471334612,0.00019446763775897067,0.000547740455431334,0.0003219357557910884,0.00015491106043512246,1.5806537233366993e-09,-0.00015491875581414387,-0.00032194414767136207,-0.000547730620705646
1663,-0.00019465126979228574,-0.0001818370342322298,-9.826533595586638e-05,-4.641685718770147e-09,9.826900892382223e-05,0.00018193083212400242,0.000194465021748055,0.0005477404254876672,0.00032193572640236206,0.00015491108519471972,1.5479225253194687e-09,-0.00015491843783783666,-0.00032194451631374095,-0.0005477307136119421
1664,-0.00019464700590513285,-0.00018183560040453458,-9.82654611032292e-05,-4.59573323374352e-09,9.826816991481831e-05,0.0001819314323879956,0.00019446319271971705,0.0005477406673492543,0.00032193580737743647,0.00015491128450161607,1.5368336830911626e-09,-0.00015491855209084568,-0.00032194445233372067,-0.0005477305722177161
1665,-0.00019464124233828928,-0.00018183460274286172,-9.826584581819286e-05,-4.42455030688025e-09,9.826750743527059e-05,0.00018193243591171777,0.00019446161224226822,0.0005477411537083961,0.00032193579056736247,0.0001549113844926531,1.4197675084915094e-09,-0.00015491858280680478,-0.00032194439098966806,-0.000547730628312956
1666,-0.0001946368508456538,-0.00018183435105897821,-9.82650946483027e-05,-4.9821863850684e-09,9.82669410401291e-05,0.0001819328547083403,0.00019445701737100566,0.00054774131845637,0.0003219356402247201,0.00015491180314211174,1.2394401099644284e-09,-0.0001549185896025142,-0.00032194444942028284,-0.0005477312837439835
1667,-0.0001946334797239745,-0.0001818344501128326,-9.826325508600999e-05,-4.4373779222081624e-09,9.826733291368941e-05,0.00018193152005272574,0.00019445388840614832,0.0005477412173184559,0.0003219353709166986,0.000154912431825005,1.2449282781314281e-09,-0.00015491836231505313,-0.0003219449499304085,-0.0005477317883699182
1668,-0.0001946294057869224,-0.00018183461647680571,-9.826347697590494e-05,-3.283026292887036e-09,9.826714070645339e-05,0.00018193049443055565,0.00019445117332167385,0.00054774136428521,0.0003219351018167798,0.00015491263254699977,1.5389436746516035e-09,-0.00015491824543070105,-0.00032194527452438166,-0.0005477321310457041
1669,-0.00019462416942027808,-0.0001818351014899546,-9.826406906652658e-05,-3.854976952540484e-09,9.826759756009094e-05,0.0001819297198617293,0.00019444999152268855,0.0005477416854570498,0.0003219347317639271,0.0001549127037296858,1.2825915630220203e-09,-0.00015491801538472305,-0.000321945550329832,-0.0005477323399345739
1670,-0.00019461975746465717,-0.0001818359209453296,-9.826385626625628e-05,-4.637799079906539e-09,9.826732290584127e-05,0.00018192860331375633,0.00019444751551130255,0.0005477420493130665,0.00032193430515338386,0.00015491301782603368,1.0564910024957688e-09,-0.00015491802263594616,-0.00032194582819318685,-0.0005477327758866162
1671,-0.00019461607094502272,-0.0001818349087812424,-9.826398522641416e-05,-5.0421155988037515e-09,9.82673472200453e-05,0.00018192930607001604,0.00019444626305245612,0.0005477422196104459,0.0003219342731749351,0.00015491315979369833,7.897700420494405e-10,-0.00015491794661371617,-0.00032194575216633233,-0.0005477331532693086
1672,-0.00019461268138990784,-0.00018183380745489318,-9.826477333411125e-05,-6.003715086632073e-09,9.826667402723306e-05,0.00018192978920139786,0.00019444456684140598,0.0005477424603159069,0.0003219342955344145,0.00015491319492143477,5.560926267262747e-10,-0.00015491802261282362,-0.00032194562459937485,-0.0005477335332879686
1673,-0.00019460893841726108,-0.00018183343431328966,-9.826359843953627e-05,-6.593370722665847e-09,9.82663258569742e-05,0.00018192957180311346,0.00019444505758852573,0.0005477428116395163,0.0003219340612338923,0.00015491366716427645,2.7572895476488403e-10,-0.00015491804164497207,-0.00032194568756200404,-0.0005477337995669397
1674,-0.0001946055524581932,-0.00018183421497076547,-9.826276515268061e-05,-5.59536137509134e-09,9.826570961865044e-05,0.0001819288583375301,0.00019444437594549557,0.0005477431915888087,0.00032193363048441755,0.00015491410162722834,4.913339138458458e-10,-0.00015491813650974576,-0.0003219458658366538,-0.0005477341837707763
1675,-0.00019460421277796495,-0.00018183347118016084,-9.826240464847306e-05,-4.478310567547748e-09,9.826604868253596e-05,0.00018192836498943387,0.0001944440895425169,0.000547743035789251,0.00032193350120639333,0.00015491431185026767,6.394826587126546e-10,-0.0001549180601568637,-0.0003219460970156354,-0.0005477346800957253
1676,-0.00019460307623005916,-0.00018183274539934795,-9.826268814899843e-05,-4.44372815102168e-09,9.826536235282203e-05,0.00018192787751323907,0.00019444415415313725,0.0005477430338932042,0.00032193339012579446,0.0001549144506062139,6.712030013367385e-10,-0.00015491815505400898,-0.00032194623265235337,-0.0005477351341527029
1677,-0.00019459990329490616,-0.0001818332527276928,-9.826266814906562e-05,-3.819363608936052e-09,9.826586136001257e-05,0.00018192838899920544,0.00019444638866779765,0.0005477434442717364,0.0003219329155360167,0.00015491458854593513,7.00639250695415e-10,-0.00015491806584962877,-0.0003219462392653948,-0.0005477352787609597
1678,-0.00019459682501953368,-0.00018183357196799958,-9.826295626533905e-05,-2.766513529447157e-09,9.826639625870812e-05,0.00018192926431646176,0.00019444664104133403,0.0005477440540820267,0.0003219325247885062,0.00015491472586134824,8.775765645861321e-10,-0.00015491792633526378,-0.00032194617866126296,-0.0005477357740222726
1679,-0.0001945956391023356,-0.00018183287846294035,-9.826264119743203e-05,-3.647481879691419e-09,9.826678099928748e-05,0.00018192919141030273,0.00019444741339341904,0.0005477443014005292,0.000321932323090741,0.000154914975822755,5.454968655189203e-10,-0.00015491777347457868,-0.0003219464379803546,-0.0005477362570055261
1680,-0.00019459446368756531,-0.00018183187719536824,-9.826309589935269e-05,-5.415246934983204e-09,9.826668595822746e-05,0.00018192937999094997,0.00019444773792434843,0.0005477446290697978,0.0003219321936277366,0.00015491511681002472,1.6316309543735907e-10,-0.00015491777801584212,-0.00032194668835103,-0.0005477366721935431
1681,-0.0001945928484417604,-0.00018183134000505477,-9.826231911871114e-05,-5.375275825428015e-09,9.826733083290823e-05,0.0001819302107172231,0.00019444985413398757,0.000547745103682698,0.0003219319453380882,0.00015491550693785163,1.2157615686437764e-10,-0.00015491760105686392,-0.00032194673739390064,-0.0005477368895452561
1682,-0.00019459250387148942,-0.00018183086531699437,-9.826097953207862e-05,-5.68775474202594e-09,9.826742050846903e-05,0.0001819310437883159,0.0001944506990769617,0.0005477454850887094,0.0003219317055344056,0.00015491608599981125,1.188524398318259e-10,-0.00015491758136341137,-0.0003219467270350105,-0.0005477372640838782
1683,-0.0001945919501492118,-0.00018182844995565087,-9.82618948895945e-05,-6.8587929985378075e-09,9.826785550996325e-05,0.0001819321708879776,0.00019445210379145426,0.0005477459382901537,0.00032193192281675115,0.00015491603078322716,-1.4925174055772076e-10,-0.00015491747206555897,-0.0003219467623431026,-0.0005477375795907
1684,-0.00019459125185599128,-0.00018182818582845943,-9.826249394176912e-05,-6.76024231366868e-09,9.826783090610504e-05,0.0001819330365205374,0.00019445308722657395,0.0005477465304117141,0.0003219316006737653,0.00015491613685779987,3.864301314143372e-11,-0.00015491750418043072,-0.0003219467498106953,-0.0005477378507022783
1685,-0.00019459241335947826,-0.00018182840626121638,-9.82608132912578e-05,-6.028971873601882e-09,9.826816706950767e-05,0.00018193370897148022,0.00019445664603235172,0.0005477466617938878,0.00032193111482331906,0.00015491673246854898,2.048621241501285e-10,-0.00015491739729194519,-0.0003219467543195872,-0.000547737730534528
1686,-0.00019459354098130566,-0.0001818281641043945,-9.825933002431981e-05,-6.021366322798856e-09,9.826805081275539e-05,0.00018193460308670294,0.00019445915021113082,0.0005477468140556996,0.00032193076243607364,0.00015491734277366123,2.749795771359067e-10,-0.00015491741618998294,-0.00032194672229489337,-0.0005477377023712953
1687,-0.00019459495591251264,-0.00018182692291644618,-9.825896960484103e-05,-6.441667370950015e-09,9.826875581432775e-05,0.00018193552877817425,0.00019446121992831533,0.0005477468144487825,0.0003219306432163467,0.00015491760866186163,1.386692342162475e-10,-0.00015491729932875337,-0.00032194664282278294,-0.0005477378603674928
1688,-0.00019459613117950016,-0.00018182591526465905,-9.825920233410841e-05,-7.25192771982904e-09,9.826911603183678e-05,0.00018193593873738807,0.0001944631407001874,0.0005477470764732094,0.00032193047474564666,0.00015491779655779305,1.1675341208835265e-10,-0.0001549173104599358,-0.0003219466113530296,-0.0005477379206710319
1689,-0.00019459690424094238,-0.0001818249503614968,-9.825993933852891e-05,-7.106483190337262e-09,9.82701199299419e-05,0.0001819366945772133,0.0001944660023457458,0.0005477475802667332,0.00032193027330222916,0.00015491775700440577,1.679650439436722e-10,-0.00015491717446481875,-0.00032194655393980585,-0.0005477379247405959
1690,-0.00019459796449353798,-0.00018182415044300194,-9.826116156496459e-05,-6.132497303334182e-09,9.826953413683606e-05,0.0001819379069081157,0.00019446560109586232,0.0005477480583017668,0.0003219300946807416,0.0001549176786121172,5.299210442386508e-10,-0.00015491743223007692,-0.0003219463188299954,-0.0005477384117240458
1691,-0.00019460088360688364,-0.00018182332075120813,-9.826031485647914e-05,-7.364996688139205e-09,9.827005557252265e-05,0.00018193817701558262,0.00019446622363564276,0.0005477481828859189,0.00032192989837052417,0.0001549180444566708,2.808676504885397e-10,-0.00015491736294343778,-0.00032194632710785847,-0.0005477387113456944
1692,-0.0001946044346195842,-0.00018182252818244225,-9.825937420840783e-05,-8.855326596488971e-09,9.827066983942448e-05,0.00018193807009968564,0.0001944672578193604,0.0005477483586633363,0.0003219297805843937,0.0001549184834770719,1.4242768720877052e-10,-0.00015491731626368898,-0.000321946370531956,-0.0005477387293581396
1693,-0.00019460731092519186,-0.0001818217741061579,-9.825908471085825e-05,-9.439839709898117e-09,9.827119150171129e-05,0.00018193787465206642,0.0001944683845544913,0.0005477486704936769,0.0003219296684864038,0.00015491874157298218,1.9597636686266603e-11,-0.00015491731699436071,-0.00032194644572639973,-0.000547738924697211
1694,-0.00019461114779900098,-0.00018182313141194275,-9.825936783601545e-05,-1.0369906929672283e-08,9.827155701772469e-05,0.0001819376504557753,0.00019446734606536937,0.000547748855635716,0.0003219291166442779,0.00015491895258218727,-7.754956927445706e-11,-0.00015491737639149693,-0.00032194643178351854,-0.0005477394419249206
1695,-0.0001946150784360419,-0.0001818226868223034,-9.825888450660475e-05,-9.843432411522637e-09,9.827213611233089e-05,0.00018193714234910794,0.00019446884787313178,0.0005477490437605603,0.00032192901298600874,0.000154919230068645,7.934408190119614e-11,-0.00015491742212784675,-0.0003219465713973104,-0.0005477395088415012
1696,-0.0001946191369445744,-0.00018182174806683654,-9.825893493205111e-05,-1.0900453872366792e-08,9.827218130528251e-05,0.00018193751279121318,0.00019446942707315634,0.0005477492161389668,0.0003219291024008039,0.00015491942518805252,2.6845854347765975e-11,-0.00015491759724164768,-0.0003219464652880539,-0.0005477395442189609
1697,-0.00019462369855486496,-0.0001818208503457146,-9.825926470926831e-05,-1.2155033955994295e-08,9.827229942212705e-05,0.00018193704058590304,0.0001944710903877653,0.0005477492430304607,0.00032192913930435005,0.00015491951408259092,-2.315943539174431e-10,-0.00015491770955236475,-0.0003219466171799053,-0.0005477395971001702
1698,-0.00019462685221914672,-0.00018182015432834849,-9.825891634984752e-05,-1.2385875137109143e-08,9.827209140509192e-05,0.00018193558723117985,0.00019447073437910912,0.0005477495668382681,0.00032192912193933557,0.00015491984920424867,-1.0894837290311061e-10,-0.0001549178931313212,-0.0003219469677404714,-0.000547739914641774
1699,-0.00019463080948664004,-0.00018181849956543496,-9.825856071557435e-05,-1.264811284624157e-08,9.82727350571167e-05,0.00018193642405595463,0.00019447110317589964,0.0005477495312527057,0.0003219292844906699,0.00015492012113205197,-1.3816222738086217e-10,-0.0001549178777918397,-0.0003219468239646255,-0.0005477401122237301
1700,-0.00019463568689882528,-0.0001818170233339413,-9.825889564252792e-05,-1.3153377483726876e-08,9.82719294342075e-05,0.00018193725407287053,0.00019447146264267232,0.0005477493904827876,0.0003219294230639482,0.00015492031907009499,-1.5102574575436434e-11,-0.0001549182176443656,-0.0003219466176654783,-0.0005477400864421174
1701,-0.00019463822914644196,-0.00018181691442790323,-9.825933524696236e-05,-1.3044163424042092e-08,9.827003450165748e-05,0.0001819379401690877,0.00019447276555455118,0.0005477496445993118,0.0003219292148456316,0.00015492038891861147,9.898570599407676e-11,-0.0001549188366897914,-0.0003219465541016635,-0.0005477399262492803
1702,-0.00019464031302121436,-0.00018181645662648563,-9.826052263312101e-05,-1.336382332350982e-08,9.826990353855068e-05,0.00018193871932903162,0.00019447117717565106,0.0005477500607584747,0.00032192914809090866,0.00015492030982108593,2.0967483697228387e-10,-0.00015491903851241824,-0.0003219464687101873,-0.0005477401878343792
1703,-0.00019464346598599113,-0.0001818150719611868,-9.82594334013124e-05,-1.3478650895369899e-08,9.827044958794769e-05,0.0001819376880517081,0.00019447076425092993,0.0005477502405823335,0.00032192929827169336,0.00015492072054183154,3.162587568721843e-10,-0.00015491904790709918,-0.00032194691386499365,-0.000547740241178039
1704,-0.00019464743086922238,-0.00018181364749306604,-9.825840708948949e-05,-1.322142560585092e-08,9.827073844510531e-05,0.00018193725420094894,0.00019446947787101523,0.0005477502764916111,0.00032192952457182276,0.0001549211505213263,6.436915689661274e-10,-0.0001549191562846752,-0.00032194721767181894,-0.0005477403255058792
1705,-0.00019464955841872492,-0.00018181260439312217,-9.825804000796411e-05,-1.181471728454587e-08,9.827152513802885e-05,0.00018193778276074955,0.00019446966895411707,0.0005477505899867735,0.0003219296281144792,0.00015492136732272332,1.0832952348460172e-09,-0.00015491911739952882,-0.0003219473351342341,-0.000547740214101565
1706,-0.00019465182663770558,-0.00018181216762611665,-9.825907078775232e-05,-1.2856156769956072e-08,9.826979259311059e-05,0.0001819387365013877,0.00019446885378444196,0.0005477510980579641,0.00032192963581427925,0.0001549213566123708,1.1010159176764017e-09,-0.00015491976907314637,-0.00032194726195144984,-0.0005477400969166201
1707,-0.0001946555579552191,-0.00018181033033179663,-9.825900235152903e-05,-1.3797287728323986e-08,9.826851763680282e-05,0.00018193957005523755,0.00019446889521287418,0.0005477511437480689,0.0003219299781201048,0.00015492152538828824,1.0266617283817935e-09,-0.00015492031570114346,-0.00032194725582398136,-0.0005477398770445521
1708,-0.00019466006675780524,-0.00018180913838506218,-9.825938556699035e-05,-1.4767987551884184e-08,9.826811181452089e-05,0.00018194032756993397,0.000194467005711833,0.0005477511296202074,0.0003219302315660757,0.00015492168466778563,1.1240470086851408e-09,-0.0001549206482076439,-0.0003219471947805215,-0.0005477399851885906
1709,-0.0001946636848343199,-0.00018180777621229862,-9.825961729232023e-05,-1.528607619948784e-08,9.826847699950092e-05,0.00018194117714343441,0.00019446662072790475,0.0005477513351563114,0.000321930528158674,0.00015492183305195034,1.2145993985374028e-09,-0.00015492076751523636,-0.0003219471349856779,-0.0005477399984840411
1710,-0.00019466733420136982,-0.0001818063231531409,-9.826030793039403e-05,-1.5430558651029555e-08,9.826811457017666e-05,0.00018194209095317225,0.00019446492957102477,0.0005477516373908053,0.00032193090722931056,0.00015492191461664902,1.4690800689790171e-09,-0.00015492105688435847,-0.0003219470220783997,-0.0005477401382134456
1711,-0.00019467172326051592,-0.00018180668012731107,-9.825967410690767e-05,-1.5559977418203944e-08,9.826821404767497e-05,0.00018194271020232334,0.00019446389844148405,0.000547751635217288,0.00032193083004632996,0.0001549222226849553,1.5966900821671097e-09,-0.00015492124368428236,-0.00032194707653194056,-0.0005477401579832025
1712,-0.00019467629520574713,-0.00018180756318838376,-9.825849705470446e-05,-1.590344511354893e-08,9.826873741537479e-05,0.00018194303634901088,0.00019446241186519756,0.0005477516292979223,0.00032193067334499386,0.000154922754928431,1.8361677959895569e-09,-0.0001549213086909426,-0.0003219471148922057,-0.0005477401420980294
1713,-0.00019467925790515322,-0.0001818077295917656,-9.825990241550024e-05,-1.596026066454299e-08,9.826822136095088e-05,0.00018194561092164208,0.00019446261205171712,0.0005477518174227667,0.00032193069218984977,0.0001549225507357456,2.0010300201723432e-09,-0.0001549216038268219,-0.0003219466700379921,-0.0005477398873109521
1714,-0.00019468164583801744,-0.00018180743665678913,-9.826248240486206e-05,-1.582757194086668e-08,9.826670733451034e-05,0.00018194807605621737,0.00019446020809920232,0.0005477520227045229,0.0003219308467639138,0.0001549221731911955,2.2783397614601483e-09,-0.00015492213232213672,-0.00032194618987568645,-0.0005477398197931859
1715,-0.00019468516557003487,-0.00018180686309221365,-9.826222010328024e-05,-1.487478939208687e-08,9.826682863755107e-05,0.00018194774230364407,0.00019445849305077705,0.0005477518634597093,0.0003219310337326321,0.00015492244105637157,2.6618074767754546e-09,-0.00015492223938404115,-0.00032194640489202473,-0.0005477396175636028
1716,-0.00019468948928949903,-0.00018180649757620025,-9.826165832585725e-05,-1.3445167839386863e-08,9.826677751949621e-05,0.00018194695412895214,0.0001944552302932657,0.0005477513487523548,0.00032193116224761304,0.00015492284701850204,3.239980506973472e-09,-0.0001549224070940103,-0.00032194669891802294,-0.0005477395488203429
1717,-0.00019469313830187032,-0.00018180613649366952,-9.826159831226577e-05,-1.3250891591585885e-08,9.826571199795279e-05,0.000181946608100558,0.000194453504870491,0.0005477508089570632,0.0003219312089551088,0.00015492304322466813,3.4527133227117558e-09,-0.00015492288848874643,-0.0003219469155991829,-0.0005477393405326587
1718,-0.00019469587679513313,-0.00018180579251452959,-9.826204457677634e-05,-1.3875809577822007e-08,9.826612150987749e-05,0.00018194598414206312,0.00019444932956432136,0.0005477505096591297,0.00032193120058475564,0.00015492320936230574,3.5461216478275953e-09,-0.00015492298712480363,-0.0003219471470093897,-0.0005477394366992305
1719,-0.00019469755290772866,-0.00018180609707508274,-9.826299786125841e-05,-1.536783120955229e-08,9.82679905410367e-05,0.00018194657880016383,0.0001944472475319073,0.0005477502029851116,0.00032193098596150027,0.00015492315309133454,3.370613922607802e-09,-0.00015492265516630697,-0.0003219471689526637,-0.0005477393240231775
1720,-0.00019469919843914614,-0.00018180542203301563,-9.82643394301503e-05,-1.5025668702925834e-08,9.826718875456782e-05,0.00018194648572658487,0.00019444284606886196,0.0005477499544179929,0.00032193107452076203,0.0001549230774829977,3.735943144565459e-09,-0.00015492294084276225,-0.0003219473021846393,-0.0005477395969383126
1721,-0.00019470001705708555,-0.00018180450587845808,-9.826532731648655e-05,-1.478633299763988e-08,9.826686613200638e-05,0.00018194618674236769,0.0001944405719484233,0.0005477496598139317,0.0003219312320776315,0.00015492298206559564,3.9862717915700285e-09,-0.00015492303133506695,-0.00032194746929111064,-0.0005477398443261825
1722,-0.00019470035936135425,-0.00018180572426845342,-9.826625639119774e-05,-1.465149934816475e-08,9.826705717668475e-05,0.00018194682913429816,0.00019443837827106411,0.0005477494448438385,0.0003219308772162762,0.00015492301200463801,4.345185185659625e-09,-0.00015492303167959255,-0.0003219473359435224,-0.0005477398457829015
1723,-0.00019470047046442926,-0.00018180722077574103,-9.826681302479564e-05,-1.4956925192005017e-08,9.826794666827769e-05,0.0001819473249454403,0.0001944379193070888,0.0005477490465583856,0.0003219304419579095,0.00015492297942269132,4.439045102429689e-09,-0.0001549228389788009,-0.0003219472801951202,-0.0005477397163892646
1724,-0.00019469989264371041,-0.00018180825104814177,-9.826732465854474e-05,-1.6037887964336986e-08,9.826821386836523e-05,0.0001819456823893823,0.00019443703248248198,0.0005477488085813823,0.0003219301643026573,0.00015492296047147177,4.439901093594276e-09,-0.0001549228198842217,-0.00032194766451456945,-0.0005477396720865112
1725,-0.00019469726381510385,-0.00018180929433527716,-9.826726621243567e-05,-1.6836535242773223e-08,9.826843287846688e-05,0.00018194416601024027,0.0001944373218312636,0.0005477487884185425,0.00032192987806894924,0.0001549229959761053,4.426385668098112e-09,-0.0001549227476494609,-0.0003219480529267052,-0.0005477396296104371
1726,-0.00019469530463941986,-0.00018180898478951905,-9.826778098509048e-05,-1.7678712151321738e-08,9.826802702268754e-05,0.0001819446893877923,0.00019443440644204335,0.0005477486144678045,0.00032193002182167267,0.00015492299285456472,4.503073279924268e-09,-0.00015492283675672645,-0.00032194792075836566,-0.0005477401501677898
1727,-0.00019469330031117826,-0.0001818089088488875,-9.826833758519096e-05,-1.8153606616947225e-08,9.826700863202024e-05,0.0001819452410608157,0.0001944333850464601,0.0005477483132275792,0.0003219301120226336,0.00015492292203259005,4.615565571944627e-09,-0.00015492304354375894,-0.0003219478422342787,-0.0005477404857449613
1728,-0.00019469059375869485,-0.0001818097080875817,-9.826879727921308e-05,-1.9194409551786624e-08,9.826498559349666e-05,0.000181945265592753,0.00019443248514800553,0.0005477481857068667,0.00032193010804555964,0.00015492296396297267,4.681957482615163e-09,-0.00015492353773449913,-0.00032194785217696343,-0.0005477406800435192
1729,-0.00019468770155166277,-0.00018181088085211455,-9.826919347985244e-05,-2.0229250795324913e-08,9.826504422285634e-05,0.00018194555018292993,0.000194433084673085,0.0005477479527705734,0.00032192999615567253,0.00015492285658197743,4.5844809471025974e-09,-0.00015492348578281519,-0.00032194781212875417,-0.0005477406987496401
1730,-0.00019468447985805288,-0.00018181298496327219,-9.826905575322156e-05,-2.1315666378894232e-08,9.826490313663084e-05,0.00018194556972966227,0.0001944319955535913,0.0005477478987101153,0.0003219296447858181,0.00015492304419581406,4.579443228059732e-09,-0.0001549234723648153,-0.0003219477627390457,-0.000547740981746195
1731,-0.0001946825696871304,-0.00018181495713398638,-9.826897407763388e-05,-2.1175910362705085e-08,9.826481393397485e-05,0.00018194581516726134,0.00019443189097266184,0.0005477474956383003,0.00032192923135511284,0.0001549231236471142,4.7564147396065314e-09,-0.00015492342655216114,-0.00032194772167344545,-0.0005477412161392073
1732,-0.00019467943065334134,-0.00018181593546567494,-9.826903527053175e-05,-2.125549428055616e-08,9.826445029972856e-05,0.00018194663459307985,0.00019443089839471574,0.0005477474568849523,0.00032192902931050974,0.00015492322733081808,4.988723716359686e-09,-0.00015492343886721672,-0.0003219474951652134,-0.0005477416234886891
1733,-0.00019467702704565297,-0.00018181633676481933,-9.82691659301913e-05,-2.124836101486595e-08,9.826220770824798e-05,0.00018194678283888722,0.0001944313626788702,0.0005477472826798665,0.00032192891628761894,0.00015492324670980434,5.2013428039702384e-09,-0.00015492391992667626,-0.0003219474831646242,-0.000547741897906788
1734,-0.0001946754577898413,-0.00018181670270447662,-9.826923306297069e-05,-2.180606696582428e-08,9.826008968088096e-05,0.000181945229592874,0.0001944305762184582,0.0005477468517916566,0.00032192879142599654,0.00015492335061548443,5.348856117589293e-09,-0.00015492437744278324,-0.0003219478369623435,-0.0005477423739764072
1735,-0.00019467462458081788,-0.00018181659761123362,-9.826932084888266e-05,-2.214427219707567e-08,9.825906895229051e-05,0.0001819466516570619,0.00019443146571300682,0.0005477460566312247,0.00032192872346890243,0.00015492338311419004,5.413602014487819e-09,-0.0001549246357560452,-0.000321947508506909,-0.0005477426180808791
1736,-0.00019467270522766024,-0.00018181665384749788,-9.8269530572316e-05,-2.2857650970847475e-08,9.825792143003735e-05,0.00018194906259477492,0.00019443324746071543,0.0005477455730930307,0.0003219286385629992,0.000154923470528887,5.473704456558483e-09,-0.00015492500155897827,-0.00032194682521324174,-0.0005477427477057411
1737,-0.00019466902915134046,-0.00018181807352745738,-9.82695181634907e-05,-2.294329454715822e-08,9.825596129770637e-05,0.00018194955757833364,0.00019443561944289427,0.0005477454477920804,0.0003219282040676758,0.00015492353339902613,5.5915357328193245e-09,-0.000154925537633856,-0.00032194669968106616,-0.000547742989382348
1738,-0.0001946652244153544,-0.00018181756680994796,-9.826975422378136e-05,-2.360974708055414e-08,9.825653562779655e-05,0.00018194898489060248,0.00019443599455493455,0.0005477453694760961,0.00032192825179256263,0.00015492357019158417,5.697670148718956e-09,-0.00015492548047266774,-0.0003219468102067245,-0.0005477436328127862
1739,-0.0001946631747572158,-0.00018181645306984733,-9.826997418166309e-05,-2.4850173448185752e-08,9.82573854860251e-05,0.00018194872802447038,0.00019443883423012341,0.0005477449995619784,0.0003219284047711725,0.00015492356113449204,5.5498958474869665e-09,-0.00015492535207792387,-0.0003219468781869412,-0.0005477438367534361
1740,-0.0001946608839865868,-0.00018181573098360328,-9.827013322250808e-05,-2.6631357271006607e-08,9.825739049191962e-05,0.00018194863936466971,0.00019444124532547137,0.0005477447498156112,0.00032192851051046867,0.00015492364053492264,5.3246162438732285e-09,-0.00015492546154919517,-0.00032194684902944005,-0.0005477440754934826
1741,-0.0001946581342224259,-0.0001818152908077422,-9.826998540330026e-05,-2.5924358218658597e-08,9.825696006282381e-05,0.00018194869434970664,0.00019444498268237343,0.0005477446799855926,0.00032192852893911925,0.0001549236348398453,5.553147089213257e-09,-0.0001549256891580593,-0.0003219468094899263,-0.0005477441979041176
1742,-0.0001946556549401149,-0.00018181630555310155,-9.827012313584246e-05,-2.561072797578089e-08,9.825605007474801e-05,0.00018194894779713104,0.00019444681479444486,0.0005477447063915136,0.0003219282606022437,0.00015492369521737649,5.872515390079397e-09,-0.0001549260664598229,-0.0003219465708423699,-0.0005477446067796859
1743,-0.0001946539637635306,-0.00018181777418856156,-9.827022506160841e-05,-2.5721678487759956e-08,9.825610828736032e-05,0.00018194937118487119,0.00019445029701919915,0.0005477445269376153,0.000321927886526072,0.0001549236898830105,5.9592054121279475e-09,-0.00015492619158966655,-0.0003219464122218644,-0.0005477447173978344
1744,-0.0001946521180850023,-0.00018181862069803292,-9.827033695975463e-05,-2.5278692045970565e-08,9.825659923940551e-05,0.0001819494642190414,0.00019445350930397367,0.0005477444986818925,0.00032192775260042074,0.00015492371191415012,6.268491967546624e-09,-0.00015492622803076227,-0.0003219462810940384,-0.0005477447181608776
1745,-0.0001946502781010361,-0.00018181919705077641,-9.827074125396288e-05,-2.3603923545439123e-08,9.825600799410122e-05,0.000181949469026907,0.00019445784493472785,0.0005477444838141104,0.00032192769546466726,0.00015492356575205985,6.659650193043121e-09,-0.00015492651756174208,-0.0003219461905462396,-0.0005477446442150502
1746,-0.00019464905503125353,-0.0001818203147120461,-9.827153922665146e-05,-2.3741622918291474e-08,9.825470092263039e-05,0.00018194932141163937,0.00019446020334059765,0.0005477444284819137,0.00032192759141331525,0.00015492337973136496,6.7543811696945686e-09,-0.00015492701360922084,-0.00032194610170950755,-0.0005477448385136081
1747,-0.0001946470472251911,-0.00018182129181221174,-9.826964804088687e-05,-2.2919560358915443e-08,9.825348250209326e-05,0.00018194963971598872,0.00019446404887447618,0.0005477444649461319,0.0003219274951773759,0.0001549237548087419,6.9413348009876734e-09,-0.0001549274906199267,-0.0003219459471354435,-0.0005477448398547144
1748,-0.00019464504464078596,-0.00018182332775611067,-9.826711889667443e-05,-2.222743346251418e-08,9.825499195022408e-05,0.0001819501361281141,0.00019446872458290558,0.0005477447084725407,0.0003219271455417107,0.00015492429808166094,7.3543496539274e-09,-0.0001549272679939662,-0.000321945660439285,-0.0005477446120747436
1749,-0.00019464313497232486,-0.00018182524094180138,-9.826708957362025e-05,-2.1436894973584373e-08,9.825639702826218e-05,0.00018194959007083534,0.00019447389893005384,0.0005477448654744695,0.00032192675909498933,0.00015492414711933497,7.60574766419224e-09,-0.00015492701936210447,-0.00032194573614242417,-0.000547744445083885
1750,-0.00019464204280850644,-0.0001818245233383009,-9.826783510215004e-05,-2.152418340840845e-08,9.825686416856471e-05,0.00018194920189479953,0.0001944758632091689,0.0005477448318774442,0.0003219270568899588,0.0001549238862232872,7.719503423339193e-09,-0.00015492700354167448,-0.0003219456906835446,-0.0005477448717637957
1751,-0.0001946414411750597,-0.00018182589818097262,-9.826754194549948e-05,-2.1711676863233394e-08,9.825820320741583e-05,0.00018194971943000663,0.0001944797011962748,0.0005477447021832144,0.00032192681266987437,0.00015492381353301272,7.762522759296737e-09,-0.0001549267519385686,-0.0003219454471571359,-0.0005477449841392558
1752,-0.00019464107956051102,-0.00018182805567126126,-9.826718735161687e-05,-2.2289905280219697e-08,9.82571532700565e-05,0.00018194992969531006,0.0001944837466211074,0.0005477446685630665,0.00032192644948441084,0.00015492383446814474,7.93054797976288e-09,-0.00015492713148321688,-0.00032194525496272744,-0.0005477449309112087
1753,-0.00019463992807669482,-0.00018182959872026442,-9.826594660012029e-05,-2.1747940897065554e-08,9.825551249527328e-05,0.0001819488245364614,0.00019448840330497016,0.0005477448417507613,0.0003219262195540455,0.00015492394249194612,8.12586301977561e-09,-0.00015492760550880509,-0.0003219454636434945,-0.0005477448287559036
1754,-0.00019463925289669716,-0.00018183060155433367,-9.826482552802458e-05,-2.2775442670680286e-08,9.825451372128887e-05,0.0001819501238818498,0.0001944918505150638,0.000547745027054658,0.00032192613844023594,0.00015492415225484723,8.111256639207507e-09,-0.00015492793391105772,-0.0003219449689602446,-0.0005477449254774158
1755,-0.00019463921158649112,-0.00018183170448658886,-9.826368447570042e-05,-2.4102117631309237e-08,9.825431911701656e-05,0.00018195163493096045,0.00019449614512132525,0.0005477450754038528,0.00032192597649008723,0.00015492425944623782,7.82169288529897e-09,-0.00015492803330090915,-0.0003219444530505189,-0.0005477448177033377
1756,-0.00019463968685583033,-0.00018183257530139725,-9.826261334333841e-05,-2.424138181565321e-08,9.825419540314646e-05,0.00018195208439743073,0.00019449912520983547,0.0005477451076135269,0.00032192591523852465,0.00015492443511035475,8.038025212118913e-09,-0.00015492808382362117,-0.0003219440918998374,-0.0005477449345414447
1757,-0.00019464070913811018,-0.00018183336541696937,-9.826210971054766e-05,-2.3079199816678445e-08,9.825445592049783e-05,0.00018195181792541958,0.0001945039047405762,0.0005477451055324998,0.0003219258134994249,0.00015492437895730845,8.456054440989973e-09,-0.00015492801287678488,-0.00032194387260583247,-0.0005477448178883179
1758,-0.0001946421969360674,-0.0001818344708615314,-9.826165519286284e-05,-2.3073364147614044e-08,9.825390808194427e-05,0.0001819515238081811,0.00019450755291551186,0.0005477451174637216,0.0003219256583010528,0.00015492434647710088,8.651562042134309e-09,-0.0001549282044399484,-0.0003219436228132201,-0.0005477446701585205
1759,-0.00019464431703731912,-0.00018183616115141917,-9.825894775466811e-05,-2.3392100799937215e-08,9.825259652083335e-05,0.0001819518928020153,0.00019451138975976444,0.0005477449012912571,0.0003219252977746794,0.0001549248316408082,8.609026718151244e-09,-0.00015492857505005394,-0.0003219432793050234,-0.0005477445268220025
1760,-0.0001946467812851978,-0.00018183822146962048,-9.825829446622253e-05,-2.3639230744062227e-08,9.825344302636383e-05,0.00018195269542986068,0.00019451423184873833,0.0005477447581397194,0.0003219248845058318,0.00015492487928476617,8.745250688991634e-09,-0.0001549283829550724,-0.0003219427032536162,-0.0005477443509520951
1761,-0.00019464718459418772,-0.00018183847252296423,-9.82580037154752e-05,-2.4025104149157488e-08,9.825423678822912e-05,0.0001819518850976077,0.00019451815609171204,0.0005477449896192937,0.00032192486216947494,0.00015492467612103302,8.677962845310858e-09,-0.00015492816490968368,-0.0003219426839925548,-0.0005477439811073451
1762,-0.0001946484621859546,-0.0001818389736641377,-9.825738455597897e-05,-2.3547703855497392e-08,9.825431265496931e-05,0.00018195050508253954,0.00019451989950457406,0.0005477450874738096,0.00032192483745149814,0.000154924618980655,8.907722058481747e-09,-0.00015492819948247956,-0.0003219427195318721,-0.0005477439198789051
1763,-0.00019465123825544584,-0.00018183989807482516,-9.825595415093236e-05,-2.159983065475612e-08,9.825432569729002e-05,0.00018194968628726084,0.00019452176075940473,0.0005477447749035482,0.00032192467564008453,0.00015492475007379726,9.408048245596744e-09,-0.00015492824098972,-0.0003219425508761918,-0.0005477437791783547
1764,-0.00019465363011933131,-0.0001818419878904643,-9.825503413825968e-05,-2.162398048002617e-08,9.825387452540677e-05,0.00018195040047205355,0.0001945239677372118,0.0005477446523310556,0.00032192428470759383,0.00015492483723414643,9.507460921959768e-09,-0.0001549284341968949,-0.0003219421141842287,-0.0005477434174958551
1765,-0.00019465459538702435,-0.000181843038813042,-9.825399208954381e-05,-2.1051691379046694e-08,9.825400208359892e-05,0.0001819507091015586,0.00019452629278358775,0.000547744827669145,0.00032192408610824663,0.00015492483171711255,9.55945578349705e-09,-0.00015492846109763775,-0.0003219417161762461,-0.0005477430708892404
1766,-0.00019465689720195124,-0.00018184326630981467,-9.825275451242078e-05,-2.0737672927621e-08,9.825372659486927e-05,0.00018195022356624397,0.0001945275035381408,0.0005477448656363272,0.0003219241301566523,0.00015492495643999981,9.684320846293208e-09,-0.0001549286117339362,-0.0003219415010674177,-0.0005477429008693312
1767,-0.00019465888205242581,-0.00018184582257708867,-9.825175747931723e-05,-2.0536721581063455e-08,9.825413978067324e-05,0.00018194998810890691,0.0001945294401030633,0.0005477450788028636,0.0003219235632386416,0.00015492500398221867,9.76465179331823e-09,-0.00015492852591238103,-0.0003219414234913542,-0.0005477425823797041
1768,-0.0001946606048249631,-0.00018184844364217456,-9.82519074472863e-05,-2.130680829535341e-08,9.825457631615247e-05,0.0001819494369284927,0.00019453030813955591,0.0005477454434450461,0.0003219230363688401,0.00015492477453742624,9.740603852726058e-09,-0.0001549284277919561,-0.0003219412837619497,-0.0005477424546971338
1769,-0.00019466455209249,-0.00018184995261247446,-9.825242929282375e-05,-2.067702985648097e-08,9.825516372501645e-05,0.0001819491445550907,0.0001945325718166799,0.0005477452916456848,0.0003219227176711102,0.00015492438469169408,9.892150879325374e-09,-0.00015492826218382427,-0.0003219411098805792,-0.0005477420917428955
1770,-0.0001946690003829642,-0.0001818514557798382,-9.825287788639054e-05,-1.983292107954593e-08,9.825421591834849e-05,0.00018194979504551612,0.00019453301611075375,0.0005477451024109593,0.0003219224045690308,0.0001549241209885721,1.0159826266428718e-08,-0.00015492853536255605,-0.00032194072211587415,-0.0005477420329654429
1771,-0.00019467340930411257,-0.00018185316979378423,-9.825247739216954e-05,-1.9650748630489822e-08,9.82540182638401e-05,0.0001819503956937445,0.00019453347091710754,0.0005477447845225177,0.00032192196114841365,0.00015492401212773536,1.0176417972690141e-08,-0.0001549285893143382,-0.0003219403545140088,-0.000547741911040381
1772,-0.00019467714182359245,-0.000181852966513679,-9.825088008325016e-05,-2.0250587667483795e-08,9.825332213514436e-05,0.00018194803628295198,0.00019453542042779937,0.00054774460580854,0.0003219220134053149,0.00015492423870764726,1.015967889294948e-08,-0.00015492877679175194,-0.00032194065670225757,-0.0005477413854191957
1773,-0.00019467866081356318,-0.00018185305366609554,-9.824913807333909e-05,-1.9825294716004946e-08,9.825195474564957e-05,0.00018194824445959252,0.00019453735267746538,0.0005477447618162005,0.00032192195606145865,0.00015492439974445636,1.0190626226194603e-08,-0.00015492910225281973,-0.00032194044850706346,-0.0005477408493003851
1774,-0.0001946804230342438,-0.00018185407050997,-9.824974021515847e-05,-2.05597007275079e-08,9.825262244192855e-05,0.00018194901136341996,0.00019453560090009942,0.0005477448641564857,0.0003219216949388102,0.00015492404832142013,1.0074151580941329e-08,-0.00015492892795293165,-0.0003219400502678556,-0.0005477408553816087
1775,-0.00019468288479937226,-0.00018185529057483657,-9.825021262539402e-05,-2.1305632954474505e-08,9.82538897253557e-05,0.00018194936055436503,0.00019453471826267064,0.0005477446683087188,0.00032192136807882975,0.0001549235595251645,9.921364368821042e-09,-0.00015492851621017053,-0.0003219398299102146,-0.0005477407473763053
1776,-0.00019468576005079625,-0.00018185622828597196,-9.824962726775469e-05,-2.0506492324001157e-08,9.825462768740845e-05,0.00018194888373823296,0.0001945336702070784,0.0005477444563907986,0.0003219211813182142,0.00015492339721892887,1.024448236664051e-08,-0.00015492825317760166,-0.0003219398106029082,-0.0005477404770046477
1777,-0.00019468765811338502,-0.0001818573165877344,-9.824913896988779e-05,-2.0798747015046973e-08,9.82532671018317e-05,0.00018194847800560588,0.0001945338466399832,0.0005477443952317261,0.00032192097689199135,0.000154923112966821,1.0128493430323652e-08,-0.00015492849143207524,-0.00032193977702900525,-0.0005477401586075106
1778,-0.00019469006856834105,-0.0001818581080629079,-9.824918673820022e-05,-2.1513811165422586e-08,9.825134463144315e-05,0.00018194804771148502,0.00019453284436748836,0.0005477443056781958,0.00032192088488747363,0.00015492276556941596,1.006849616312836e-08,-0.00015492893297976807,-0.0003219396555432711,-0.0005477399034273505
1779,-0.00019469229188106863,-0.00018185882474030306,-9.824852461727197e-05,-2.156914587508627e-08,9.825010853017725e-05,0.00018194809007587468,0.00019453210564090618,0.0005477441586420742,0.0003219208157048858,0.00015492249655042599,1.0045281334195824e-08,-0.00015492920120565548,-0.00032193957077610307,-0.0005477396702367093
1780,-0.00019469438453413669,-0.00018185926378316305,-9.824768654126985e-05,-2.210920390208344e-08,9.824951472921653e-05,0.00018194790506171796,0.00019452970047657278,0.0005477440354915184,0.000321920895963162,0.00015492238818903576,1.0036110442028804e-08,-0.00015492929838730601,-0.0003219394693144736,-0.0005477396304428479
1781,-0.00019469559447095848,-0.00018185900515349006,-9.824635034674415e-05,-2.2046443632145036e-08,9.824908726365756e-05,0.0001819472512511066,0.0001945301430465145,0.0005477439970156407,0.0003219210864465037,0.0001549222901079191,1.0006502162049516e-08,-0.00015492934751110542,-0.000321939453937996,-0.0005477391386961583
1782,-0.00019469769065110824,-0.00018186123540215495,-9.824597918542954e-05,-2.1669377818149396e-08,9.82490896262112e-05,0.00018194670960760615,0.00019452941283221894,0.0005477438130990955,0.0003219206388175874,0.00015492204197781615,1.0129374000729834e-08,-0.00015492935497274347,-0.00032193937973782076,-0.0005477387489891614
1783,-0.00019470049518355805,-0.00018186400073276599,-9.824654144462429e-05,-2.0935065799434112e-08,9.824908017698188e-05,0.00018194855878365962,0.00019452851464804436,0.0005477432890271192,0.0003219200360596666,0.00015492151459700694,1.0190963116494115e-08,-0.00015492939356192154,-0.00032193879841447843,-0.0005477385510834898
1784,-0.0001947023462413786,-0.0001818641776385756,-9.824521070426748e-05,-2.1063115674655712e-08,9.824950533318898e-05,0.00018194834926712214,0.00019452692305733238,0.0005477430258234437,0.0003219201040167607,0.000154921504203433,1.0251483478045371e-08,-0.0001549292926043631,-0.00032193864862677666,-0.0005477383692017266
1785,-0.00019470271705786683,-0.00018186377129511316,-9.824346606874946e-05,-2.0448602382527956e-08,9.824917179243762e-05,0.00018194797751467653,0.0001945262729609943,0.0005477429502359171,0.0003219202897831078,0.0001549215264704223,1.0275155550239122e-08,-0.00015492934295828072,-0.0003219386515170919,-0.0005477381745100857
1786,-0.00019470341339050277,-0.00018186385640812773,-9.824185288402134e-05,-1.867891108464355e-08,9.82474932286188e-05,0.00018194729528051538,0.00019452247142696792,0.0005477426229828538,0.00032192038428485796,0.00015492161473140356,1.068170474835547e-08,-0.0001549297044627368,-0.0003219386976465246,-0.0005477384261987449
1787,-0.00019470475002640632,-0.00018186417973709072,-9.824029806264395e-05,-1.604870966886702e-08,9.824840142852327e-05,0.00018194667772593987,0.0001945193605704241,0.0005477420707707675,0.00032192034495344684,0.00015492161146650336,1.1227281627699254e-08,-0.0001549294051994872,-0.0003219387467818853,-0.0005477385978603532
1788,-0.000194704991473871,-0.00018186480009953858,-9.824078605903403e-05,-1.4322820588356446e-08,9.82486957418202e-05,0.00018194603786602056,0.00019451617457127556,0.000547741729574823,0.0003219202786611744,0.00015492119597095683,1.1726349500541834e-08,-0.0001549292479709576,-0.0003219387145953338,-0.0005477385144805364
1789,-0.00019470443256934476,-0.00018186558236292033,-9.824144887651165e-05,-1.4144605273789178e-08,9.824651354521065e-05,0.0001819454884885559,0.0001945140350710743,0.0005477414504859745,0.00032192011849145987,0.00015492069557181931,1.1628898047416954e-08,-0.0001549296831483954,-0.0003219387098783392,-0.0005477383685542959
1790,-0.00019470386310327763,-0.0001818659438986515,-9.824108528561494e-05,-1.3324420673621185e-08,9.824439287351754e-05,0.0001819447687372794,0.0001945102213203402,0.0005477412751247626,0.00032192007041973526,0.00015492049818178008,1.1834331116739714e-08,-0.00015493013881932508,-0.0003219386701538452,-0.0005477384099436115
1791,-0.00019470391364497978,-0.0001818671105154218,-9.824022654071674e-05,-1.323334849485875e-08,9.824341854969728e-05,0.00018194390516382598,0.00019450603696986594,0.0005477408038646282,0.00032191980390953903,0.00015492034973287232,1.1790432697616647e-08,-0.00015493031854375703,-0.0003219388022990622,-0.0005477385831081838
1792,-0.00019470344962683425,-0.00018186727680057744,-9.823958379213721e-05,-1.3323917969891351e-08,9.824252353989628e-05,0.0001819422880658105,0.00019450044737288124,0.0005477405297239994,0.0003219198101294976,0.00015492030539312286,1.1823327873789723e-08,-0.00015493043144872292,-0.000321939071352736,-0.0005477390070133917
1793,-0.00019470337011971218,-0.00018186668339370405,-9.823895353021523e-05,-1.1846309507472492e-08,9.824188301298415e-05,0.0001819428498964353,0.00019449798079003498,0.0005477401769899161,0.0003219199340662191,0.0001549201626739762,1.2130776606017993e-08,-0.00015493046404454317,-0.00032193884623185533,-0.0005477389135059101
1794,-0.00019470326158805713,-0.00018186887324841595,-9.823820851104331e-05,-1.089974133485916e-08,9.824121722507316e-05,0.0001819421689627624,0.00019449449790518437,0.0005477398307070166,0.00032191939803989867,0.00015492014266836956,1.2391993869534813e-08,-0.0001549305201999017,-0.00032193889802630606,-0.0005477389374377211
1795,-0.0001947030998841669,-0.00018186960523610456,-9.823806391645521e-05,-9.572730748362707e-09,9.824058474443941e-05,0.00018194113813863936,0.00019449144577750728,0.0005477394356818395,0.00032191921287473714,0.000154919882186215,1.2704860420626017e-08,-0.00015493053792793983,-0.0003219391006258497,-0.0005477390628080389
1796,-0.0001947030930566036,-0.00018186991632865548,-9.823815606885497e-05,-1.0030546853039637e-08,9.823994632195373e-05,0.00018194120681821156,0.000194487832656641,0.0005477390451424317,0.00032191916563542334,0.0001549196022510821,1.2691423822815549e-08,-0.00015493063383091482,-0.00032193898279347417,-0.0005477392337297265
1797,-0.00019470183613471803,-0.0001818704487209555,-9.823794542424245e-05,-9.644801405938132e-09,9.823911329125486e-05,0.00018193923578049853,0.0001944856602107376,0.0005477387912571327,0.0003219190244724225,0.00015491938149573368,1.2747398346124107e-08,-0.00015493069901099395,-0.00032193946989253665,-0.000547739350012893
1798,-0.00019470008445587387,-0.0001818709861674258,-9.823786326195693e-05,-9.32571088239004e-09,9.823851560853376e-05,0.000181938230306044,0.00019448107063009767,0.0005477387432547757,0.00032191888853511173,0.00015491918907010004,1.2915204377330315e-08,-0.00015493070108045975,-0.0003219397206331725,-0.0005477399083755703
1799,-0.0001946984481658047,-0.00018187092173414473,-9.82370254972838e-05,-8.310626711884642e-09,9.823766838576434e-05,0.00018193761006182234,0.00019447852365343286,0.0005477384550325307,0.00032191884081022497,0.00015491914047580641,1.3113773125317601e-08,-0.0001549308100083518,-0.000321939980784675,-0.0005477402211308119
1800,-0.00019469695387525838,-0.00018187146918058136,-9.823637370242923e-05,-6.975284902146289e-09,9.82368975558417e-05,0.00018193751989463758,0.00019447576248044326,0.0005477381805219416,0.0003219186514367643,0.00015491917232939367,1.3424301762304106e-08,-0.00015493095098174798,-0.0003219400592625169,-0.0005477404071515067
1801,-0.00019469451915437406,-0.00018187218596635058,-9.823601649082144e-05,-5.554688848188205e-09,9.823670522545338e-05,0.00018193790058301378,0.00019447464567631353,0.0005477379821769422,0.00032191837144613733,0.00015491910656662697,1.3624983169404782e-08,-0.0001549308619161029,-0.0003219400947787117,-0.0005477404611194746
1802,-0.00019469157249432295,-0.00018187271514683874,-9.823568653330928e-05,-4.740444522151901e-09,9.823596235110185e-05,0.0001819377293323576,0.00019447144767720533,0.0005477379792403818,0.0003219181420475899,0.00015491905759774843,1.3836023080051216e-08,-0.00015493093009286097,-0.0003219402236867756,-0.0005477408945974071
1803,-0.0001946890188871385,-0.00018187316005174802,-9.823525445594316e-05,-4.015297247129445e-09,9.823569713622932e-05,0.00018193714151167232,0.00019447026262699947,0.0005477377583971678,0.00032191788531822077,0.000154918997199407,1.3926707974328904e-08,-0.00015493087141483524,-0.0003219405253894513,-0.0005477410470673215
1804,-0.000194684697670129,-0.00018187366976432127,-9.823468810612173e-05,-3.999867521922906e-09,9.823457202276788e-05,0.00018193836552726458,0.00019446884525245093,0.0005477379681646935,0.00032191766937698165,0.00015491898312472742,1.4006169471725019e-08,-0.0001549309039042918,-0.00032194035187804124,-0.0005477411488526663
1805,-0.00019468047421633786,-0.00018187421433392032,-9.823402960390053e-05,-2.963246638649224e-09,9.823421640622861e-05,0.0001819399697090673,0.00019446884482880703,0.000547738239114414,0.00032191739040374564,0.00015491890477174714,1.422044034633904e-08,-0.00015493079155889095,-0.0003219401881705808,-0.0005477411794206412
1806,-0.00019467735453223748,-0.0001818759219242426,-9.823331350482851e-05,-2.6915185617947826e-09,9.823331215606457e-05,0.00018194089360744117,0.00019446681864842207,0.0005477382344436644,0.0003219168859859137,0.0001549188822735326,1.4327506542558251e-08,-0.0001549308503062843,-0.0003219400703844503,-0.0005477414403351871
1807,-0.00019467567806496334,-0.00018187526708900414,-9.823292389825566e-05,-2.1884594852740443e-09,9.82327731578754e-05,0.000181941749210478,0.0001944667565008476,0.000547737807509406,0.00032191692538669235,0.00015491870450295381,1.4328327378239379e-08,-0.00015493082425413802,-0.0003219400356312987,-0.0005477413609555667
1808,-0.0001946726329618932,-0.0001818740748467042,-9.823202759387772e-05,-2.4541963121089416e-09,9.823242979548215e-05,0.00018194184455991137,0.0001944651852745992,0.0005477376947871079,0.0003219171103206286,0.00015491876462844952,1.430361947737998e-08,-0.00015493073480697133,-0.00032194017392710676,-0.0005477414743946629
1809,-0.0001946680890855332,-0.00018187477512021362,-9.823262212587048e-05,-2.39640972319492e-09,9.82319309104587e-05,0.00018194150580242877,0.00019446454923732718,0.0005477378639977288,0.0003219168351857314,0.00015491836042825529,1.4229678231390982e-08,-0.00015493071184861858,-0.0003219403973369208,-0.0005477416381946135
1810,-0.0001946629582160714,-0.00018187635119373637,-9.823300599650201e-05,-2.7020294611621053e-09,9.823113303727717e-05,0.00018194240909003449,0.0001944627003371348,0.0005477381833660119,0.00032191638242361507,0.00015491813653749283,1.4223229382017077e-08,-0.00015493071109713656,-0.00032194026433617046,-0.0005477418893976997
1811,-0.00019465895705709994,-0.00018187699165463886,-9.823082280974799e-05,-3.069392093766463e-09,9.823088014945684e-05,0.00018194400075956393,0.00019446288481927363,0.0005477381296523917,0.0003219161453483902,0.0001549184849638501,1.4130202376665602e-08,-0.00015493053941703026,-0.00032194001974612563,-0.0005477418200763768
1812,-0.00019465499017387537,-0.00018187762648009232,-9.823049127785688e-05,-3.526205345556425e-09,9.823064927732608e-05,0.0001819439078731765,0.0001944621153341741,0.00054773817124981,0.00032191591176466625,0.0001549184471955216,1.4113565005965392e-08,-0.0001549303764425538,-0.0003219401357980669,-0.0005477418826228006
1813,-0.00019465104532998565,-0.000181877999897557,-9.823077629266288e-05,-3.826539389951409e-09,9.823150024195484e-05,0.0001819441017050376,0.00019446272005135433,0.000547738154925309,0.0003219156951759964,0.0001549181587004308,1.3902717800272657e-08,-0.00015492994838916518,-0.00032194019395121137,-0.0005477418755473086
1814,-0.00019464705744190553,-0.00018187799533599594,-9.823059476617915e-05,-4.452383932089449e-09,9.823007213542268e-05,0.0001819445331321596,0.0001944606262258764,0.0005477381755968442,0.0003219155617359181,0.00015491805636014546,1.3775415913312719e-08,-0.00015493011697085342,-0.0003219401483304742,-0.0005477422505483812
1815,-0.00019464352461633598,-0.00018187790763185712,-9.823045175582218e-05,-4.867539926787044e-09,9.82286756218878e-05,0.0001819447093877251,0.00019445959591406694,0.0005477380416249479,0.0003219153984677856,0.00015491787437201858,1.3532402610483789e-08,-0.00015493027398665585,-0.00032194025908735774,-0.0005477424817273628
1816,-0.0001946401080859423,-0.00018187956950804727,-9.823090991684452e-05,-5.7359004765314035e-09,9.822809661398084e-05,0.00018194595718648866,0.00019445741543863384,0.0005477379814370215,0.000321914842486728,0.00015491763944025153,1.3403242058153964e-08,-0.00015493020009863464,-0.0003219400323479005,-0.0005477427806322133
1817,-0.00019463747225243312,-0.00018188072465687578,-9.823116850513831e-05,-6.231169730158837e-09,9.822749674210454e-05,0.00018194754118116706,0.00019445697821842783,0.0005477377985147446,0.00032191437659101886,0.0001549174766530675,1.3231921436105291e-08,-0.0001549301936636366,-0.0003219398143025118,-0.0005477428447047237
1818,-0.00019463395436277402,-0.00018188020699359028,-9.823152559457902e-05,-6.342646938003883e-09,9.822578114195693e-05,0.0001819481505879867,0.00019445470204873497,0.0005477378698708496,0.0003219143362884619,0.00015491736862001707,1.3220886539346674e-08,-0.0001549304303804624,-0.00032193975850786457,-0.0005477429817519155
1819,-0.00019463202205399486,-0.00018187988246266089,-9.82319797713783e-05,-5.87122613125014e-09,9.8226740390951e-05,0.00018194822640053986,0.00019445331851643727,0.0005477374955403301,0.0003219142533710956,0.00015491716704248897,1.3231083997990439e-08,-0.00015492998640259244,-0.00032193988117284734,-0.0005477430442058492
1820,-0.0001946304857438853,-0.00018188023630383667,-9.823278593911325e-05,-7.953690947402826e-09,9.822651743702022e-05,0.00018194808217442343,0.00019445158570452484,0.0005477371131169278,0.00032191402938321854,0.0001549169336714922,1.273662712265943e-08,-0.0001549298060492279,-0.00032193998853072004,-0.0005477429997874832
1821,-0.00019462702351906382,-0.000181881340694215,-9.823285748961179e-05,-8.519170614510546e-09,9.822530857408645e-05,0.00018194851652764395,0.00019445082209132675,0.0005477371055558628,0.000321913607050342,0.0001549168753333675,1.2475401466823008e-08,-0.00015492990458123372,-0.00032194001361865714,-0.0005477428510634174
1822,-0.00019462275036100617,-0.0001818816848112855,-9.82336142368231e-05,-8.177168502813207e-09,9.822397475886313e-05,0.0001819493167515565,0.0001944466144207338,0.0005477373058662767,0.0003219134380247013,0.00015491668546970943,1.253237398757543e-08,-0.00015492994453464065,-0.0003219399050352907,-0.0005477433001952976
1823,-0.00019462071023978135,-0.00018188262683767732,-9.823493525898597e-05,-7.66799710820676e-09,9.8224001608034e-05,0.00018194975714416563,0.00019444366939614518,0.0005477369748442422,0.00032191310672519656,0.00015491623519326428,1.2553442754598333e-08,-0.00015492969489926142,-0.000321939950170455,-0.0005477434874183636
1824,-0.00019461722725640893,-0.00018188282463011627,-9.823394631846605e-05,-7.623529422034159e-09,9.822371095186765e-05,0.00018195000721229104,0.00019444182918557876,0.0005477370952663402,0.00032191300981870407,0.0001549164375292111,1.259975523260549e-08,-0.00015492956474258136,-0.0003219401112881929,-0.0005477432720551876
1825,-0.00019461277328122474,-0.00018188189036724516,-9.823220359722732e-05,-7.255251126102128e-09,9.822425217862075e-05,0.00018195113227255068,0.00019444153319642538,0.0005477373585625058,0.0003219132009032314,0.00015491676791768848,1.2496821300795295e-08,-0.0001549292403659599,-0.0003219400655287205,-0.0005477428864408771
1826,-0.0001946105710324658,-0.00018188334380078583,-9.823322211597299e-05,-7.653661648585002e-09,9.822417653158426e-05,0.00018195193854570398,0.00019443818863623325,0.0005477374158832396,0.00032191285919859144,0.00015491646655953832,1.2372733934914626e-08,-0.00015492909496691285,-0.0003219400339433546,-0.0005477429645718812
1827,-0.00019460910861373361,-0.00018188497701697378,-9.823470831393562e-05,-8.309521044367722e-09,9.822407085115112e-05,0.00018195314993079675,0.00019443635170644403,0.0005477372449846745,0.00032191248482182694,0.0001549159831785775,1.2055829263690342e-08,-0.00015492894462658274,-0.00032193995602045316,-0.0005477429596236613
1828,-0.00019460734568369577,-0.0001818864576523935,-9.823520804526164e-05,-7.084072307303873e-09,9.822366795004166e-05,0.00018195299842391663,0.00019443326878084083,0.000547737330561131,0.00032191223010411723,0.00015491582966583724,1.2388866371688175e-08,-0.0001549288239755717,-0.00032194012178581814,-0.0005477429981226616
1829,-0.0001946061504955929,-0.00018188773713577968,-9.823552702547077e-05,-5.0725169032683345e-09,9.822440765593092e-05,0.00018195240476088646,0.0001944315991805387,0.0005477374393988451,0.00032191198220755176,0.00015491567742483578,1.2802259822871348e-08,-0.00015492845446609825,-0.0003219404521372995,-0.0005477428374442516
1830,-0.00019460515197678005,-0.00018188722424095107,-9.82356345719075e-05,-5.82507730284374e-09,9.822479544773155e-05,0.00018195389904158055,0.00019442832400927597,0.0005477377015388846,0.00032191222531775506,0.00015491567276102296,1.2639456288400454e-08,-0.00015492818376378864,-0.000321940232820172,-0.0005477429287550936
1831,-0.00019460544867529064,-0.00018188663210500937,-9.823543606814088e-05,-7.437171211966667e-09,9.822442987359027e-05,0.000181954952151343,0.0001944263985871732,0.0005477376892377025,0.0003219124983485027,0.00015491565609199634,1.2151339995161797e-08,-0.00015492807607988832,-0.0003219401580881788,-0.0005477427061776904
1832,-0.00019460623447560633,-0.00018188680474482343,-9.82356387679525e-05,-8.309368134044003e-09,9.822352788351716e-05,0.00018195459323629265,0.00019442415081147361,0.0005477376967525224,0.00032191260535953755,0.00015491561488303646,1.20365604514088e-08,-0.000154928096873973,-0.00032194036422546836,-0.0005477423656754216
1833,-0.00019460592069340927,-0.0001818874883188816,-9.823611130331079e-05,-9.214507624265024e-09,9.822447173256294e-05,0.00018195550075048513,0.00019442269919073472,0.0005477379080923796,0.0003219125288471101,0.00015491544198899772,1.1731385724019933e-08,-0.00015492765896345297,-0.0003219403900995712,-0.0005477420510241332
1834,-0.00019460631494824237,-0.0001818888301468859,-9.823674763122224e-05,-1.0449316827418344e-08,9.822496396539198e-05,0.00018195666144609307,0.00019441847420000293,0.0005477380438215876,0.0003219123225942079,0.00015491528405985568,1.150123271209042e-08,-0.00015492731387367568,-0.0003219402767760876,-0.0005477421313748994
1835,-0.00019460784208596892,-0.00018188988694136504,-9.823678616803859e-05,-1.1418778360557428e-08,9.822393269102414e-05,0.0001819565139786082,0.0001944142458398243,0.0005477378874208443,0.0003219121227924896,0.00015491519594223405,1.124574724585956e-08,-0.00015492732288683502,-0.0003219405173196909,-0.0005477423589930126
1836,-0.00019460946314456222,-0.00018189100201151048,-9.823703463616934e-05,-1.3044667336634858e-08,9.82223553987863e-05,0.00018195698483416918,0.00019440937917637141,0.0005477377721550688,0.0003219119566802868,0.00015491517659561933,1.0953905549808465e-08,-0.00015492751045673888,-0.00032194057318370563,-0.000547742603837405
1837,-0.00019461019289580513,-0.0001818919228754118,-9.823771097773947e-05,-1.4236692017615979e-08,9.822231532897017e-05,0.00018195783365890366,0.0001944072751735878,0.000547737739205474,0.0003219118200030553,0.00015491498823492518,1.0546394797193776e-08,-0.00015492736765897565,-0.00032194058680287154,-0.0005477424100937876
1838,-0.00019461054445127428,-0.00018189164653151265,-9.823886026845958e-05,-1.5459232312332822e-08,9.822171917235233e-05,0.00018195892226608378,0.00019440450539964197,0.0005477378767613613,0.00032191203668421517,0.00015491476083647602,1.0225639631696781e-08,-0.00015492734611803356,-0.00032194051151593773,-0.0005477423783465641
1839,-0.0001946112933059013,-0.0001818920885694364,-9.82390122285402e-05,-1.551803792856223e-08,9.822118835049036e-05,0.00018195991915928635,0.00019440213297411483,0.0005477377782362922,0.0003219120246142583,0.00015491470956921876,1.0047965643575427e-08,-0.00015492730483970607,-0.00032194055454695236,-0.000547742486953053
1840,-0.00019461212252479032,-0.00018189488910189965,-9.823918678657444e-05,-1.6543709818669476e-08,9.822188085062689e-05,0.00018196065101889656,0.00019439891349724628,0.0005477375883078911,0.00032191148648378834,0.0001549147583138088,9.805100056670297e-09,-0.00015492695493813183,-0.0003219405733455633,-0.0005477427293695806
1841,-0.00019461188945168174,-0.00018189493846133974,-9.823952798739857e-05,-1.7139441011336107e-08,9.822253008982502e-05,0.0001819612204652593,0.0001943972503107157,0.0005477375579248962,0.00032191166170626506,0.00015491467579183767,9.52062315439059e-09,-0.0001549266166186292,-0.00032194061633033296,-0.0005477429714623929
1842,-0.00019461119143432236,-0.00018189513928825124,-9.82403456821884e-05,-1.8104035076098905e-08,9.822192884652477e-05,0.00018196161831613943,0.0001943946271471147,0.0005477376957120089,0.00032191187730066644,0.00015491455629695276,9.180101572987526e-09,-0.00015492657794158554,-0.0003219406323773637,-0.0005477433303239447
1843,-0.00019461041868815002,-0.00018189627481152992,-9.824055914748109e-05,-1.9310310819546902e-08,9.82222314051142e-05,0.00018196178058160412,0.00019439360427370386,0.0005477377119671423,0.00032191189249216386,0.00015491448821037252,8.642043740769763e-09,-0.00015492628630183166,-0.0003219407432961049,-0.0005477435627052975
1844,-0.0001946097434687436,-0.00018189738855163055,-9.823870718720049e-05,-2.0250130256212638e-08,9.822111597142317e-05,0.00018196201984188405,0.00019439279089712616,0.0005477377706058598,0.00032191193482950284,0.00015491495014288134,8.301041836359488e-09,-0.0001549263285073723,-0.00032194076607178977,-0.0005477436128349266
1845,-0.00019460846056664974,-0.00018189772201849055,-9.823805873814749e-05,-2.0647337332590833e-08,9.822086967471369e-05,0.00018196197726074635,0.00019439321482673638,0.0005477378411295539,0.0003219121503082915,0.0001549150065248406,7.956913666764257e-09,-0.00015492620521114468,-0.00032194089810139414,-0.0005477435544274344
1846,-0.00019460676361668578,-0.00018189981119373777,-9.823775931747854e-05,-2.1165027367740568e-08,9.822036302616953e-05,0.0001819592145705205,0.00019439117892224616,0.0005477378991670858,0.00032191199922572845,0.00015491505142646738,7.67651182562229e-09,-0.00015492617852544126,-0.00032194165420788536,-0.000547743917705388
1847,-0.0001946051519078148,-0.00018190164891170168,-9.823797374532958e-05,-2.1327718003430153e-08,9.822013303383876e-05,0.00018195991193763577,0.00019439024266923395,0.0005477378635584009,0.0003219119080998666,0.00015491492148482673,7.446859785112731e-09,-0.00015492611586109258,-0.0003219415854415029,-0.0005477441042347783
1848,-0.0001946031825449729,-0.00018190271911500277,-9.823899173304255e-05,-2.2252465350830693e-08,9.822062939473277e-05,0.00018196226821543386,0.00019438940194299446,0.0005477378724374496,0.0003219120395745305,0.00015491465357803016,7.23179567617289e-09,-0.00015492585059488805,-0.0003219410610226888,-0.0005477441475432633
1849,-0.0001946006501988008,-0.00018190340362501836,-9.823742495998116e-05,-2.2565181108110758e-08,9.822208519673839e-05,0.00018196171641433206,0.00019438969526220607,0.0005477379177807165,0.00032191226159699314,0.0001549149266665841,6.9189211279259974e-09,-0.00015492532944791097,-0.00032194128410878756,-0.0005477441759145986
1850,-0.00019459873386041133,-0.00018190411249948408,-9.823567608506851e-05,-2.3339422945386952e-08,9.822058544709716e-05,0.00018196140966659412,0.00019438812948421522,0.000547737971332479,0.0003219124995739964,0.00015491529274929967,6.680728655339777e-09,-0.0001549255304404392,-0.00032194140295855407,-0.0005477444133135387
1851,-0.00019459712244710583,-0.00018190509963902484,-9.823451655103306e-05,-2.369554909081537e-08,9.822155254039983e-05,0.00018196110751982596,0.00019438919600279963,0.0005477379796334647,0.0003219126674203884,0.00015491548478416267,6.4056590399561415e-09,-0.0001549251513952374,-0.00032194164266974653,-0.0005477442536062747
1852,-0.0001945960894555024,-0.00018190659897388917,-9.823390160334535e-05,-2.4199129160561145e-08,9.822212299070009e-05,0.00018196096321489204,0.00019439007311315338,0.0005477379720955222,0.00032191272682214917,0.0001549156119742231,6.168739173673598e-09,-0.000154924790859615,-0.0003219417519699112,-0.0005477441335310146
1853,-0.0001945965709021608,-0.00018190825991412188,-9.823326601237724e-05,-2.4341232855562523e-08,9.822254372721761e-05,0.00018196066622081595,0.00019439188098885303,0.0005477375858800262,0.0003219127758187747,0.00015491569487077912,5.909122838477967e-09,-0.00015492445375173253,-0.0003219418950058364,-0.0005477441539713246
1854,-0.00019459757014018305,-0.00018191040270495247,-9.823267734637462e-05,-2.3836348390199003e-08,9.82217230491866e-05,0.00018196066817154828,0.00019439232681001535,0.0005477371701833137,0.00032191279854821447,0.00015491581651837086,5.928048785600138e-09,-0.000154924475140066,-0.00032194191322638423,-0.0005477443811038648
1855,-0.0001945983476449601,-0.00018191212915235426,-9.823179738479892e-05,-2.35599828556241e-08,9.822145578407465e-05,0.00018196091366826046,0.0001943939920556523,0.0005477367462781057,0.00032191291890094496,0.00015491596755468892,5.845803635218037e-09,-0.00015492436921116516,-0.00032194193537776094,-0.0005477445046475033
1856,-0.0001945992493266599,-0.0001819135636894067,-9.823094629997351e-05,-2.484077719108352e-08,9.822057349048709e-05,0.00018196089103779463,0.00019439603848227466,0.000547736411440855,0.0003219131588664852,0.0001549161841410465,5.455478813187412e-09,-0.00015492440304172808,-0.0003219419748479071,-0.0005477444540554238
1857,-0.00019459843166438228,-0.00018191492721191942,-9.823078549952851e-05,-2.595743835678345e-08,9.822100256490764e-05,0.00018196125809074866,0.0001943993561657098,0.0005477363176096579,0.00032191335993994233,0.00015491612772671566,4.9708383701606175e-09,-0.00015492411739533209,-0.0003219420286308949,-0.000547744326835304
1858,-0.000194597473411444,-0.00018191662172839399,-9.823040702296754e-05,-2.5038986858182084e-08,9.822000815938145e-05,0.00018196131007086963,0.00019440013498082728,0.000547736210459888,0.00032191346475433756,0.0001549162089607623,5.155051452087139e-09,-0.00015492421252370257,-0.00032194207785874563,-0.0005477446526316484
1859,-0.0001945971244569513,-0.00018191792068954725,-9.822940688839656e-05,-2.3977210043067735e-08,9.821900647506199e-05,0.00018196150749877774,0.0001944031855518594,0.0005477359297062178,0.0003219136144033043,0.00015491636481350181,5.2324929490237185e-09,-0.0001549243523039766,-0.0003219421322197964,-0.0005477445256658765
1860,-0.00019459697145253927,-0.00018191931786711927,-9.822853419182109e-05,-2.291633861407421e-08,9.821940217028433e-05,0.00018196105607172294,0.00019440508344696102,0.0005477357196843443,0.00032191373366927616,0.0001549165971671076,5.412903477297451e-09,-0.00015492415880777018,-0.00032194230674859747,-0.0005477445963976733
1861,-0.00019459636160237137,-0.0001819200407218336,-9.823086031898157e-05,-2.1686660499002655e-08,9.822039085464747e-05,0.00018196183172428947,0.0001944078732799528,0.0005477354818460762,0.0003219139375405585,0.00015491597544871815,5.496886802971179e-09,-0.0001549238217738798,-0.00032194223326522043,-0.0005477446268731582
1862,-0.0001945945604163044,-0.000181919554112631,-9.823103837060014e-05,-2.2594625435790406e-08,9.821931648584312e-05,0.0001819632626652949,0.0001944108229744765,0.000547735644466778,0.000321914406812156,0.00015491595096659116,5.258414629714431e-09,-0.00015492401933271343,-0.00032194192779357354,-0.0005477444549803246
1863,-0.00019459298561371334,-0.0001819208885416454,-9.823078125225214e-05,-2.343583347468754e-08,9.821939026392039e-05,0.00018196368538308654,0.00019441547369776816,0.0005477358460489307,0.00032191436870623863,0.0001549159355901136,4.9018760340840135e-09,-0.00015492395380579648,-0.0003219420498342482,-0.0005477440448792626
1864,-0.00019459242075846818,-0.00018192191183870012,-9.823011518946521e-05,-2.3737832207874058e-08,9.82204762405675e-05,0.00018196339444810338,0.0001944183095897185,0.0005477358170764098,0.0003219144207781597,0.0001549160886380911,4.736435682970171e-09,-0.00015492361447815185,-0.0003219423002974137,-0.0005477438729170616
1865,-0.00019459230569481532,-0.0001819226564174794,-9.822978827824823e-05,-2.3388705836958715e-08,9.821992289956936e-05,0.0001819628913561975,0.0001944221425620629,0.000547735713788101,0.0003219145013832737,0.00015491605711053148,4.553018569607775e-09,-0.0001549236352722365,-0.0003219425369564332,-0.0005477435947993589
1866,-0.00019459145322477288,-0.00018192422128906935,-9.822975308033694e-05,-2.346770866021031e-08,9.821853709240248e-05,0.00018196422001183227,0.00019442422905751618,0.000547735868755248,0.00032191439522777214,0.00015491602102089808,4.401118594810631e-09,-0.0001549238572553908,-0.0003219423017772551,-0.0005477435169227026
1867,-0.0001945905393263654,-0.0001819244104608476,-9.822984146132079e-05,-2.3603902152407544e-08,9.821816797048987e-05,0.00018196542650038977,0.00019442761291806892,0.0005477359123874483,0.0003219146606049648,0.00015491587727742368,4.244206887448945e-09,-0.00015492382651399695,-0.00032194216412887767,-0.0005477433400816493
1868,-0.00019459029688383017,-0.0001819242601066729,-9.822906025606356e-05,-2.441945397405118e-08,9.821796187463053e-05,0.00018196574255844125,0.0001944303733915534,0.0005477360144502633,0.0003219150987998918,0.00015491594857341005,3.991169443388368e-09,-0.0001549237418462557,-0.0003219421319423261,-0.00054774293532189
1869,-0.0001945886322490286,-0.00018192473707058778,-9.822779936867403e-05,-2.5715024435238103e-08,9.821875266507724e-05,0.00018196639656609627,0.0001944345708454319,0.0005477363277604454,0.000321915426492283,0.00015491607756933952,3.5034900754190326e-09,-0.0001549235049791335,-0.00032194209728166463,-0.0005477424374939771
1870,-0.00019458778429128627,-0.00018192582889943197,-9.822834903382246e-05,-2.7658263130367218e-08,9.821873438927658e-05,0.00018196680256473224,0.00019443567904860537,0.0005477365551242108,0.0003219157016503028,0.00015491579382823938,2.8599760379447813e-09,-0.0001549233859975686,-0.0003219421258379802,-0.0005477423657216666
1871,-0.00019458771234078906,-0.00018192756444039925,-9.822939038598894e-05,-2.6980831431886517e-08,9.821894418857173e-05,0.00018196759766550932,0.00019443801742498578,0.0005477365158621673,0.0003219157423228201,0.00015491532242474526,2.780704219457823e-09,-0.00015492321838933858,-0.0003219420373712085,-0.0005477420922978362
1872,-0.0001945880776499066,-0.00018192869271247076,-9.823005494730308e-05,-2.7209966816761726e-08,9.821796631008362e-05,0.00018196818395910608,0.00019443979004957234,0.0005477364498242426,0.00032191598288954594,0.00015491503375854779,2.724257505795724e-09,-0.00015492334061268113,-0.0003219419577834854,-0.0005477417144064482
1873,-0.00019458714043138042,-0.00018192897195291196,-9.822826013461373e-05,-2.806762861909991e-08,9.821658120045133e-05,0.00018196939763975766,0.00019444267316303892,0.0005477365725817154,0.00032191642718881893,0.0001549152985021833,2.2366749631357045e-09,-0.00015492357077427177,-0.0003219417960645619,-0.0005477412009477099
1874,-0.00019458686597910048,-0.00018193130775787244,-9.82267323978744e-05,-2.854381173753889e-08,9.821717374033254e-05,0.00018197085514225022,0.00019444355549505,0.0005477367110393811,0.00032191641495700447,0.0001549155396654702,1.9388972509616615e-09,-0.000154923350162283,-0.0003219414410182264,-0.0005477409754337463
1875,-0.00019458780733554382,-0.00018193381799574444,-9.82258591791332e-05,-2.8570142859914134e-08,9.821896642790588e-05,0.00018197101927962982,0.00019444498022917972,0.0005477364192793901,0.00032191633439813554,0.00015491549756398095,1.7406633584687716e-09,-0.00015492283356581833,-0.0003219415225713638,-0.0005477405438287382
1876,-0.00019458890808061422,-0.0001819356143542414,-9.822534530598276e-05,-2.839298010338704e-08,9.822000513771673e-05,0.00018197093512227705,0.00019444562139943943,0.0005477361846320301,0.0003219164907295112,0.00015491541919250264,1.648889140181896e-09,-0.00015492247986983814,-0.00032194164932903305,-0.000547740069793901
1877,-0.00019458921008945178,-0.00018193713789592094,-9.822414751296254e-05,-2.7476607152482374e-08,9.8219470423257e-05,0.00018197154029265774,0.00019444627188001267,0.0005477362230385403,0.00032191666021760243,0.00015491546383053265,1.6421840644693113e-09,-0.00015492252626517986,-0.00032194165298239164,-0.0005477397403904432
1878,-0.00019458949043333755,-0.00018193918331762057,-9.822350281266542e-05,-2.793044848489721e-08,9.82183561600054e-05,0.00018197312946958475,0.0001944449689681338,0.000547736409452318,0.00032191669339842245,0.00015491550050516584,1.2760653627516967e-09,-0.0001549227386571118,-0.00032194135664414115,-0.0005477396733120049
1879,-0.00019459067937515598,-0.00018193947033143465,-9.822399037654463e-05,-2.811788710739405e-08,9.821812819623927e-05,0.00018197373074835285,0.0001944457408965749,0.000547736382029006,0.0003219172100711914,0.00015491518292425378,9.091098743269389e-10,-0.00015492272642067282,-0.00032194137488781156,-0.0005477391655182846
1880,-0.00019459194358765748,-0.0001819403530772374,-9.822418139363689e-05,-2.7670004839688173e-08,9.821798690213267e-05,0.0001819737702260527,0.0001944466804008077,0.0005477364575240426,0.0003219175840317505,0.00015491502708538777,7.358932041248e-10,-0.00015492266017464538,-0.0003219413944494657,-0.0005477384365807576
1881,-0.00019459189257305055,-0.00018194211048020022,-9.822374850149518e-05,-2.674380276022915e-08,9.821801127939067e-05,0.00018197368789135397,0.000194447576693363,0.0005477368100731458,0.0003219177243854631,0.00015491503932876352,6.471104078699004e-10,-0.00015492252536571373,-0.0003219415207909296,-0.0005477378432799485
1882,-0.0001945915062492253,-0.0001819442830049211,-9.822331056996154e-05,-2.6892488925726858e-08,9.821790737333582e-05,0.0001819744943911075,0.00019444523109533198,0.0005477372605461323,0.00032191779446982924,0.0001549151284221556,3.2921816443042315e-10,-0.00015492243910945517,-0.00032194134189197167,-0.0005477377745366887
1883,-0.00019459288015593958,-0.0001819456250989344,-9.822317227387443e-05,-2.446982473783019e-08,9.821813017160207e-05,0.00018197492416306265,0.00019444372141567485,0.0005477373607591455,0.0003219179941096899,0.0001549150265998148,5.777176493635134e-10,-0.00015492225421482719,-0.00032194128834020914,-0.0005477376686586574
1884,-0.00019459485799165936,-0.0001819472102364661,-9.822243914333252e-05,-2.164686482875954e-08,9.821762296542432e-05,0.00018197483476434822,0.00019444196064326522,0.0005477372853797217,0.00032191818371437583,0.00015491514575479857,1.2193790723083436e-09,-0.00015492224072977196,-0.0003219413531063952,-0.0005477374993093013
1885,-0.0001945954928663737,-0.00018194839372017476,-9.822223533515025e-05,-2.0741089442251233e-08,9.821784430556741e-05,0.0001819747694049619,0.00019444153309790358,0.0005477374569950849,0.0003219184391951287,0.00015491508638309714,1.0913224024366717e-09,-0.00015492201941254627,-0.0003219414058257469,-0.0005477371762876597
1886,-0.00019459599608635797,-0.00018194908875232248,-9.822269918580864e-05,-2.0749918647071342e-08,9.821681823512296e-05,0.00018197515740365835,0.00019443930414972694,0.000547737747922665,0.00032191883022010954,0.0001549149250826913,9.107996677746695e-10,-0.00015492213658592987,-0.0003219412669981208,-0.0005477370914280015
1887,-0.0001945971996882257,-0.00018194994067064266,-9.822268136320842e-05,-1.9654105708866533e-08,9.821566380353343e-05,0.0001819737454281065,0.0001944380898286834,0.0005477376801505511,0.00032191911367911494,0.00015491485313002523,8.335101354560617e-10,-0.00015492229645967608,-0.0003219417185347434,-0.0005477368498901297
1888,-0.00019459741169736562,-0.00018195044010738842,-9.822058860176637e-05,-1.8619189022231955e-08,9.821510913643137e-05,0.0001819719434932736,0.00019443564598467704,0.0005477378463783666,0.00032191954877562395,0.00015491536052603813,8.975698317931046e-10,-0.00015492225919079404,-0.00032194221159941673,-0.0005477367172824622
1889,-0.00019459708180684832,-0.0001819507614462103,-9.822077701886734e-05,-1.7873083585009827e-08,9.821631031269146e-05,0.0001819724513733407,0.00019443453046133114,0.000547738025924755,0.0003219199856756897,0.00015491522076194986,7.871922391481683e-10,-0.0001549218018781653,-0.0003219421846154328,-0.0005477364897105942
1890,-0.00019459808618771043,-0.00018195238422893573,-9.82217537456352e-05,-1.7669517752654644e-08,9.821744843793185e-05,0.00018197309244507857,0.00019443216722789136,0.0005477378768307289,0.0003219200950220994,0.00015491493520341945,7.452155284674637e-10,-0.0001549214147863256,-0.00032194208669154926,-0.0005477363738667556
1891,-0.0001945994516609555,-0.00018195225799290664,-9.822213369706807e-05,-1.5571367756291577e-08,9.821690666339732e-05,0.00018197330738031707,0.00019443050137141904,0.0005477373567820716,0.00032192058450278163,0.00015491469338576517,1.084695297882176e-09,-0.0001549214562704435,-0.0003219421455152469,-0.0005477362483808251
1892,-0.0001945999779350495,-0.00018195130253798852,-9.822246637673857e-05,-1.3992828035917633e-08,9.821625750400187e-05,0.00018197303632704048,0.0001944292880158895,0.0005477371200536845,0.0003219213233829935,0.0001549145377226303,1.4131520781287475e-09,-0.00015492152155457397,-0.00032194229250512356,-0.0005477359011730247
1893,-0.0001945980485523689,-0.0001819508012687366,-9.822209225484276e-05,-1.234710579642289e-08,9.821662059539287e-05,0.000181972979755802,0.0001944295156013318,0.0005477372925477037,0.00032192189259013394,0.0001549145935750838,1.4939970106925226e-09,-0.00015492140418696117,-0.00032194243699776765,-0.0005477354855688023
1894,-0.00019459613647997498,-0.00018195045018617225,-9.822108276266777e-05,-1.112640907088184e-08,9.8216833322757e-05,0.00018197280960859035,0.00019442751223860418,0.0005477374975751122,0.00032192243816605627,0.000154914877371678,1.5761318554039612e-09,-0.00015492122676553252,-0.000321942542390226,-0.0005477353750893891
1895,-0.0001945952940197511,-0.00018195019592101667,-9.822148053078955e-05,-9.186530076780726e-09,9.82171989254696e-05,0.0001819729481795534,0.00019442614755353383,0.0005477373649443221,0.00032192292443270794,0.00015491472159524282,1.8141278626668657e-09,-0.00015492098115809679,-0.0003219425791319145,-0.0005477353767773332
1896,-0.00019459448847565942,-0.00018195194675257298,-9.822267390214974e-05,-7.577474713213032e-09,9.82169838335814e-05,0.00018197347424675153,0.0001944241787227099,0.0005477372791597631,0.0003219229703077929,0.0001549144544237424,2.2014103072848455e-09,-0.00015492085064301757,-0.00032194252176493576,-0.0005477353507644952
1897,-0.0001945926053588332,-0.00018195352052068474,-9.822264654165052e-05,-7.234398121086115e-09,9.821722218746043e-05,0.000181972732337914,0.00019442535764485757,0.0005477373886449079,0.00032192302281904185,0.00015491449391932338,2.1109318585661973e-09,-0.00015492063692154056,-0.0003219427941713753,-0.0005477348028763206
1898,-0.00019459119012220854,-0.0001819545081922434,-9.822251434110945e-05,-6.98184948629877e-09,9.821695852726248e-05,0.00018197141661819639,0.00019442541541806247,0.0005477375967013668,0.0003219232567033586,0.00015491458918180453,2.104700968819595e-09,-0.00015492057734867317,-0.0003219430809369014,-0.000547734345720925
1899,-0.00019458953059083811,-0.00018195474172840462,-9.822308972242762e-05,-6.174518784326054e-09,9.821669815867909e-05,0.00018196990160850788,0.00019442561315138833,0.0005477377888495301,0.0003219236709664747,0.00015491449503151673,2.113925023435197e-09,-0.0001549205483992748,-0.00032194351385989327,-0.000547733901907225
1900,-0.00019458785747330642,-0.0001819549017081627,-9.822451388414547e-05,-6.349733685032644e-09,9.821483736098976e-05,0.00018197045205986054,0.00019442419253547135,0.0005477380416249479,0.00032192408485963046,0.00015491431599382372,2.0843572751571155e-09,-0.00015492088890154359,-0.00032194331532991365,-0.0005477336327379387
1901,-0.0001945875040853311,-0.0001819547638662613,-9.822573703373075e-05,-6.868073819180568e-09,9.821579088192424e-05,0.00018197037390248766,0.00019442393598460915,0.0005477379791478916,0.00032192464111815825,0.00015491411712394303,1.8060013239540272e-09,-0.00015492047463611526,-0.00032194327377874045,-0.0005477333385038377
1902,-0.00019458693535817775,-0.00018195580703517044,-9.822661024360499e-05,-7.858077808428249e-09,9.821699233798633e-05,0.00018196998439640709,0.00019442196007006518,0.0005477379411113419,0.0003219248963676859,0.00015491408264594947,1.5010749699633227e-09,-0.00015492001439386282,-0.00032194330279750635,-0.0005477332007167252
1903,-0.0001945860116666997,-0.0001819579049098958,-9.822636078532976e-05,-6.9562882184799755e-09,9.821863363000918e-05,0.0001819689483998876,0.00019442061403517847,0.0005477377654264147,0.0003219247847783915,0.00015491426124893907,1.605723345055905e-09,-0.0001549194578532403,-0.00032194356197786294,-0.0005477329975391185
1904,-0.0001945845721739989,-0.00018195779781665953,-9.822734489827969e-05,-6.838046456316831e-09,9.821753506621224e-05,0.00018196778650231334,0.00019441907908467025,0.0005477377393673316,0.00032192523784110063,0.00015491415466798307,1.721894797571829e-09,-0.00015491953708950096,-0.0003219437938273977,-0.000547732743052634
1905,-0.00019458184721763642,-0.00018195729286269095,-9.822885248631824e-05,-6.675225718010149e-09,9.821676344318882e-05,0.00018196662985595286,0.00019441866826831644,0.0005477379245324932,0.00032192573118324425,0.0001549138245708495,1.6250835788669697e-09,-0.0001549196033054691,-0.00032194404609412,-0.0005477324302511473
1906,-0.00019457928225088424,-0.00018195838946984423,-9.822977877187625e-05,-7.108460166256978e-09,9.821615481075083e-05,0.00018196509979212776,0.00019441534386569203,0.0005477380749213806,0.0003219258395816305,0.0001549137346057383,1.4779495291887894e-09,-0.00015491959541143988,-0.0003219442906379197,-0.0005477326266769774
1907,-0.00019457841127844093,-0.00018195991506077798,-9.82303096843783e-05,-6.901438302458511e-09,9.821658988712166e-05,0.0001819646234587527,0.0001944132246314325,0.0005477378388635466,0.00032192575888402634,0.00015491361669012172,1.4436202645400184e-09,-0.00015491928659627617,-0.00032194430210669096,-0.0005477326901714247
1908,-0.00019457762830570193,-0.00018196081928434113,-9.822980461809482e-05,-7.812849833873956e-09,9.82167368176625e-05,0.00018196470257178743,0.00019441073398955376,0.0005477377518303714,0.00032192584076087914,0.0001549138392536514,1.28208902398752e-09,-0.0001549190555120969,-0.0003219441493361837,-0.0005477327608569765
1909,-0.00019457650364938185,-0.00018196170080847314,-9.82299353536162e-05,-7.253192605628783e-09,9.821766222440571e-05,0.00018196267494313147,0.0001944101910751216,0.0005477377097936252,0.00032192588880948123,0.0001549138986854714,1.2889023661030032e-09,-0.00015491862803445914,-0.00032194453876571044,-0.0005477325336781913
1910,-0.0001945770563864411,-0.00018196233574230058,-9.823060543707927e-05,-7.892290519299831e-09,9.8217800507685e-05,0.00018196084179658074,0.00019440846958336817,0.0005477374293867928,0.0003219260019711072,0.00015491385341619653,1.1204977200695518e-09,-0.0001549184160864796,-0.00032194485730158265,-0.000547732451778216
1911,-0.0001945778884526112,-0.00018196268340615722,-9.823145186970358e-05,-9.04710541711382e-09,9.821821114571428e-05,0.00018195984558317887,0.00019440759777348925,0.0005477370826414429,0.0003219261445445819,0.0001549137468329283,7.623311748373643e-10,-0.00015491814196203662,-0.0003219450660517173,-0.0005477323459233072
1912,-0.0001945782746877668,-0.000181962621593557,-9.823145050222046e-05,-8.916633342936256e-09,9.821827881543767e-05,0.00018195929356532898,0.00019440570471580975,0.0005477370273092462,0.0003219264045804718,0.00015491398415556418,9.169516621790744e-10,-0.00015491795025782574,-0.000321945095371076,-0.0005477323663867398
1913,-0.00019457909661603994,-0.0001819645635673283,-9.823125937970985e-05,-7.67841853437714e-09,9.821835959546185e-05,0.000181958584464263,0.00019440638305835838,0.0005477369936428532,0.00032192613672916927,0.0001549141896616089,1.2166516001850476e-09,-0.00015491772655435568,-0.0003219451713516855,-0.0005477320176297304
1914,-0.00019458001430753814,-0.00018196746990239174,-9.823038161320069e-05,-5.582820835153647e-09,9.821840511550596e-05,0.00018195730563112098,0.00019440425667141352,0.0005477370171584588,0.00032192562465778235,0.0001549146037975511,1.829894757976821e-09,-0.0001549175250831912,-0.00032194541873955553,-0.0005477320522441468
1915,-0.00019458144276579328,-0.00018196750977417895,-9.823221833116797e-05,-5.921122080663748e-09,9.821946907547828e-05,0.00018195823868217347,0.00019440283964169145,0.0005477368976612616,0.0003219257673468697,0.00015491428531254838,1.7508193575507428e-09,-0.00015491709847496025,-0.00032194523024475075,-0.0005477320839682479
1916,-0.00019458333856237978,-0.000181966709097066,-9.823428914884138e-05,-6.407684003938469e-09,9.821903004936701e-05,0.00018195951907196056,0.00019440309819254695,0.0005477368008010141,0.0003219261269714647,0.00015491395764096743,1.867244538109262e-09,-0.00015491704146638062,-0.0003219449157321975,-0.0005477316596930795
1917,-0.00019458419419497318,-0.0001819662648226965,-9.823529733954292e-05,-6.4943656293726145e-09,9.82186552348627e-05,0.0001819609919241552,0.0001944056832971625,0.0005477368757179875,0.0003219263338717975,0.00015491380620462973,1.9313601913442397e-09,-0.0001549170500471488,-0.00032194463786884255,-0.0005477309693701654
1918,-0.00019458444711037965,-0.0001819660552568981,-9.823571343568195e-05,-6.4417056740725626e-09,9.82179556175087e-05,0.00018196031920720345,0.0001944050683435635,0.000547737091011796,0.0003219264765608849,0.0001549138121748651,2.103429613606252e-09,-0.0001549170074808968,-0.0003219448676142278,-0.000547730947542504
1919,-0.00019458580152947465,-0.00018196584905069433,-9.823501485773333e-05,-6.047361589652196e-09,9.821790127778978e-05,0.00018195981466702658,0.00019440558041080864,0.0005477369903594549,0.00032192656449583863,0.00015491401212687985,2.283658229109391e-09,-0.00015491683852693593,-0.0003219450734971696,-0.0005477307118083854
1920,-0.00019458668241321473,-0.0001819655061848511,-9.823437204215894e-05,-6.147039484330401e-09,9.821853367763563e-05,0.00018196025804484734,0.00019440599739462943,0.0005477369852493775,0.0003219267076704989,0.00015491430226366977,2.5572456826047663e-09,-0.0001549165016410297,-0.0003219449991351367,-0.0005477305240535013
1921,-0.00019458728237179026,-0.0001819645549466676,-9.823380988936776e-05,-6.019173737455719e-09,9.822003950311851e-05,0.00018196064688097942,0.0001944082207763223,0.0005477370059671577,0.0003219269725852411,0.00015491449658303798,2.71925190254949e-09,-0.00015491592620236937,-0.0003219449534219094,-0.0005477301868346307
1922,-0.0001945870259884151,-0.000181965296096887,-9.823343055172592e-05,-6.346577312090015e-09,9.822020553014693e-05,0.00018196075063432545,0.00019440883402549358,0.000547737287784464,0.00032192686904258463,0.00015491468975090461,2.8698045376623497e-09,-0.0001549157113363275,-0.0003219449557804067,-0.0005477301117557997
1923,-0.0001945867573981845,-0.00018196591887311982,-9.823281959220216e-05,-5.8136392704335846e-09,9.822045082488933e-05,0.00018196146997181024,0.00019441103546637346,0.0005477375142002059,0.0003219267746333246,0.00015491486692723454,3.1737384230818287e-09,-0.0001549155550558213,-0.0003219449326347615,-0.000547729834655488
1924,-0.00019458763678439266,-0.00018196610775918475,-9.823518949557026e-05,-6.761825354458662e-09,9.821997183733598e-05,0.00018196155677940038,0.0001944127144656588,0.0005477374963496185,0.00032192685392045485,0.0001549144312896585,3.2210899007773935e-09,-0.00015491554369341366,-0.0003219450102339476,-0.0005477296453745176
1925,-0.00019458851799325483,-0.00018196626895076144,-9.823635417835689e-05,-7.554446408017486e-09,9.821972880564018e-05,0.0001819610566431496,0.00019441636387211743,0.0005477374640936993,0.00032192693309197244,0.00015491421110774866,3.1415560946283967e-09,-0.0001549154969466096,-0.0003219452215738048,-0.0005477293242951678
1926,-0.00019458906918352127,-0.00018196483871911327,-9.823693400103946e-05,-7.98610446422047e-09,9.822039222114534e-05,0.00018196269725832744,0.0001944184495596916,0.0005477376311076805,0.00032192743785664223,0.0001549142221395042,3.3336571368245425e-09,-0.00015491527219800154,-0.00032194488983497204,-0.000547729170530392
1927,-0.00019458967112238567,-0.0001819637922891313,-9.823749145138339e-05,-8.023978394417414e-09,9.822242515520218e-05,0.00018196413878057807,0.00019442168413010553,0.0005477375761916892,0.00032192783748320145,0.00015491418303700615,3.492515655618447e-09,-0.00015491465612613213,-0.00032194468855341226,-0.0005477288793022191
1928,-0.00019459089884239894,-0.00018196358300904622,-9.823813218026529e-05,-7.51377652593305e-09,9.822142710535326e-05,0.00018196514155553427,0.0001944244363179036,0.0005477375778796333,0.00032192811321928423,0.0001549141633666761,4.000168749557767e-09,-0.0001549148069936558,-0.00032194450368884357,-0.0005477286824601836
1929,-0.00019459040188840352,-0.0001819636133931806,-9.823878075050013e-05,-8.372745929691014e-09,9.822012146737516e-05,0.0001819663239850593,0.00019442852908247866,0.0005477378871664965,0.00032192835207494334,0.00015491406469593513,4.0121453938305865e-09,-0.000154915036510128,-0.00032194435397050927,-0.0005477283677164051
1930,-0.00019459147218037424,-0.0001819636123685535,-9.824019226102895e-05,-9.253574712620916e-09,9.822008307341547e-05,0.0001819656881645353,0.00019443082696638428,0.0005477379629852484,0.0003219286404821686,0.00015491379301554284,4.080287422344482e-09,-0.00015491493654221352,-0.0003219446220761596,-0.000547728262115844
1931,-0.0001945923894777851,-0.00018196490981247046,-9.824176265673827e-05,-9.208936973719132e-09,9.822133550664622e-05,0.00018196529425452864,0.0001944342357135529,0.0005477380773492455,0.0003219286039948278,0.00015491338703953886,4.296405813341636e-09,-0.0001549145163042376,-0.0003219448196349933,-0.0005477279336835321
1932,-0.00019459329713976035,-0.0001819657162531109,-9.824168365995933e-05,-9.337290322206897e-09,9.822163724947486e-05,0.00018196563921888694,0.00019443658330172507,0.000547738347189085,0.00032192875165525754,0.00015491347096042264,4.6295470776677186e-09,-0.00015491437581410212,-0.00032194476904291367,-0.0005477277789013654
1933,-0.0001945951581581386,-0.00018196594294200448,-9.824139887667963e-05,-8.89099788216475e-09,9.8221546026136e-05,0.00018196542032307062,0.00019444023666876154,0.0005477383032794144,0.00032192900843087176,0.0001549135249815723,4.907417042117279e-09,-0.0001549142652560722,-0.0003219448576021755,-0.0005477275499652684
1934,-0.000194597848562893,-0.00018196589958254425,-9.824129219230897e-05,-8.277371922129798e-09,9.822077023957979e-05,0.00018196448232622194,0.00019444231011992363,0.0005477381716891379,0.00032192934981179643,0.00015491357880849285,5.278210905121369e-09,-0.00015491434061931037,-0.00032194504609698026,-0.0005477275559540018
1935,-0.00019460012788528465,-0.000181967248622347,-9.824306217848075e-05,-7.843667279009437e-09,9.822004736910195e-05,0.00018196614890190368,0.00019444558232567906,0.0005477381138597087,0.00032192929875726636,0.0001549131370480728,5.566922739279108e-09,-0.00015491448732940442,-0.00032194474707651714,-0.0005477273870208513
1936,-0.0001946017557714412,-0.00018196895594666033,-9.824449232145928e-05,-8.300108085942292e-09,9.821836488706968e-05,0.0001819671391941432,0.00019444728564015364,0.00054773817372392,0.0003219291831215305,0.00015491288691093485,6.005387080012527e-09,-0.0001549148221874654,-0.00032194458024751606,-0.0005477272822758235
1937,-0.00019460331445585977,-0.00018197024161721782,-9.824492419488522e-05,-8.148101500072792e-09,9.821876545912293e-05,0.00018196731897679043,0.0001944509571056515,0.0005477382913944377,0.00032192906709271174,0.000154912761586862,6.294151122282969e-09,-0.00015491462966934168,-0.00032194460887319915,-0.0005477268720360264
1938,-0.0001946044636441172,-0.00018196942615197716,-9.824471863399945e-05,-7.842001703127283e-09,9.821860705866988e-05,0.00018196639695033142,0.0001944527078091294,0.0005477384928147327,0.0003219294831131396,0.00015491285729329557,6.6728747987100576e-09,-0.00015491460158472567,-0.0003219448779037504,-0.0005477266020805743
1939,-0.00019460635039639915,-0.0001819687213760198,-9.824395606119195e-05,-7.0251130074528515e-09,9.821867464859057e-05,0.00018196555022411206,0.00019445571719803383,0.000547738366126431,0.00032192985931658337,0.00015491304045835887,7.10714445023512e-09,-0.0001549145051869287,-0.00032194516913192333,-0.0005477260942637315
1940,-0.00019460810075505066,-0.00018196809729929873,-9.82435907294144e-05,-5.51789699543965e-09,9.821846286703608e-05,0.0001819646826211155,0.00019445701255328788,0.000547738320736919,0.00032193022814394243,0.0001549132149362904,7.795225352834261e-09,-0.0001549145225126349,-0.00032194538387079135,-0.0005477258683798076
1941,-0.00019460807262706634,-0.0001819678938221498,-9.824391006134647e-05,-5.996833214974124e-09,9.821854862733909e-05,0.00018196369562935752,0.00019445913371857537,0.0005477385450485114,0.0003219304393219419,0.00015491315482235596,7.965640594472382e-09,-0.00015491457297522838,-0.0003219457103839339,-0.0005477256459873846
1942,-0.00019460844081302148,-0.0001819691323795651,-9.824458277731302e-05,-6.74289066831805e-09,9.821730140492829e-05,0.0001819621498020386,0.00019445987923331215,0.000547738777244884,0.000321930344473354,0.00015491312621285867,8.129571953340053e-09,-0.0001549148894878799,-0.00032194623651381465,-0.0005477255522718002
1943,-0.00019460963603068092,-0.00018197013842544626,-9.824605249158719e-05,-6.63653083175356e-09,9.821694670168644e-05,0.00018196177385256272,0.00019446283110516842,0.0005477387482029955,0.0003219302203516523,0.00015491281437789351,8.526609875870368e-09,-0.00015491500299171914,-0.000321946492410773,-0.0005477251053134371
1944,-0.00019461108293222383,-0.0001819701778046243,-9.824527403016311e-05,-7.074249693702999e-09,9.82169417529346e-05,0.00018196287535625125,0.00019446408666745266,0.000547738764943702,0.0003219303356405503,0.0001549130733871434,8.913978679688371e-09,-0.00015491505991012093,-0.00032194635078532167,-0.000547724752810579
1945,-0.00019461172999408937,-0.00018196994816007563,-9.824407676127906e-05,-7.548669335209425e-09,9.821754796075019e-05,0.0001819609533627084,0.00019446638514248932,0.0005477389085808128,0.0003219304979375369,0.00015491337544359376,9.070188992147113e-09,-0.00015491497745289288,-0.00032194702249460514,-0.0005477243383624828
1946,-0.00019461251599144875,-0.00018196916412330084,-9.82447227561531e-05,-7.659100207850533e-09,9.821828946958906e-05,0.00018195804960891707,0.0001944659044347447,0.0005477391477601872,0.0003219308016749946,0.000154913275216707,9.411996156676022e-09,-0.00015491490580544413,-0.0003219478265803308,-0.0005477243264775061
1947,-0.00019461365968218765,-0.00018196919536457516,-9.824622278165549e-05,-6.846100586696551e-09,9.821973251203167e-05,0.0001819583274700525,0.0001944658933510381,0.0005477393097334585,0.0003219309047089556,0.00015491293543586093,9.766234803996607e-09,-0.00015491470052831242,-0.0003219478872075853,-0.0005477241147214436
1948,-0.000194616738538839,-0.000181970223548313,-9.824730070414246e-05,-7.381056600982256e-09,9.821959215191207e-05,0.0001819590518617075,0.00019446473471453654,0.0005477392109309191,0.00032193079531630083,0.00015491277114802513,1.0053156532682739e-08,-0.0001549148555255186,-0.00032194788903426455,-0.0005477239732809724
1949,-0.00019462006129614874,-0.00018196881889293357,-9.824796289699164e-05,-7.908298216554759e-09,9.821885883417869e-05,0.0001819591130930289,0.00019446497910780415,0.0005477391163366789,0.0003219312869936228,0.00015491262296040185,1.0267214990161262e-08,-0.00015491516273135475,-0.00032194804931959167,-0.0005477236582134785
1950,-0.0001946230953746254,-0.00018196793890574216,-9.824887361905512e-05,-9.244786174954821e-09,9.82173400796752e-05,0.00018195970224375898,0.00019446334537930268,0.0005477392248506778,0.00032193170296780557,0.00015491250700326296,1.0313889895444414e-08,-0.0001549156558954549,-0.0003219480578055575,-0.0005477234725627441
1951,-0.00019462628684173582,-0.00018196890664633333,-9.825051959185042e-05,-7.847535526801826e-09,9.821862027931512e-05,0.00018195989031209264,0.00019446258040650325,0.0005477390921273976,0.0003219316820419226,0.00015491213309357343,1.0834503829960316e-08,-0.00015491548011110085,-0.00032194826116814436,-0.0005477231920171765
1952,-0.00019462966017030423,-0.00018196975828879236,-9.825088558667995e-05,-7.859603527046278e-09,9.821887266073321e-05,0.0001819598129133379,0.00019446107739677445,0.0005477389936716961,0.000321931699314447,0.00015491213760708986,1.1304753454911263e-08,-0.00015491553661792172,-0.0003219484872601709,-0.0005477228839558072
1953,-0.0001946312548644541,-0.00018196950984627726,-9.825062242894336e-05,-6.6570848076264094e-09,9.821847306798703e-05,0.00018196007101099296,0.000194460567782723,0.0005477391239439889,0.00032193194443630983,0.00015491226169410773,1.1900994903650332e-08,-0.00015491577090457042,-0.0003219486038439302,-0.0005477225217414896
1954,-0.00019463204139383134,-0.00018196943722583158,-9.825098508979393e-05,-5.232953197467582e-09,9.821756651044157e-05,0.00018196101411127277,0.00019445685509568878,0.0005477393818988517,0.00032193219945461226,0.00015491223969533966,1.2575026909240395e-08,-0.00015491608604374408,-0.00032194856021172994,-0.0005477227605277811
1955,-0.00019463413384000354,-0.00018196938086148895,-9.825194078214968e-05,-5.416153821985681e-09,9.821760310046643e-05,0.00018196265944564658,0.00019445493865877751,0.0005477392670030366,0.00032193242108399204,0.00015491198888302406,1.2670523633781295e-08,-0.00015491616003350433,-0.0003219484591663059,-0.000547722731855853
1956,-0.00019463709267735367,-0.00018196966489994354,-9.825252359792564e-05,-5.432576019818495e-09,9.821705625304253e-05,0.00018196270271643715,0.00019445204170299288,0.000547738968491269,0.0003219326038212887,0.00015491186607699393,1.2953383305667658e-08,-0.00015491636891081285,-0.0003219486563320567,-0.0005477227433015017
1957,-0.00019463938116227606,-0.00018197050080846528,-9.825345471893537e-05,-4.6666225882925846e-09,9.821711300556123e-05,0.00018196279624321655,0.00019445055724492589,0.0005477388141946753,0.00032193262939479874,0.00015491157927215954,1.3368186086168581e-08,-0.00015491645458900831,-0.00032194883446797135,-0.0005477226214920523
1958,-0.00019464098461501717,-0.00018197067614777765,-9.825421703854176e-05,-4.165448696078765e-09,9.82174277118931e-05,0.000181963562289904,0.00019444751274283895,0.0005477389589185446,0.0003219328522727947,0.00015491134369064962,1.377662803502793e-08,-0.00015491649532626878,-0.0003219488101893225,-0.0005477225934444323
1959,-0.00019464242009787925,-0.00018197036281878106,-9.825479796269847e-05,-4.5008253002815034e-09,9.82187734354508e-05,0.0001819644307795971,0.00019444507634708337,0.000547739044009428,0.00032193319874067436,0.0001549111407373314,1.3952604797151624e-08,-0.00015491628170653086,-0.0003219488349997893,-0.0005477224403270872
1960,-0.0001946437841425577,-0.00018197285427839103,-9.825615102711822e-05,-5.615341066982228e-09,9.8217921879691e-05,0.00018196494550693184,0.0001944409177502172,0.0005477392030692614,0.00032193291724708344,0.00015491082886305796,1.4113979485970736e-08,-0.00015491657224565267,-0.00032194885564820205,-0.0005477224898555308
1961,-0.00019464520305404685,-0.00018197377911272238,-9.825519144413514e-05,-6.655539687497207e-09,9.821729992414509e-05,0.00018196623882278385,0.00019443807393711122,0.0005477392792348511,0.00032193299893895595,0.0001549109505985153,1.4074670452662203e-08,-0.0001549167842699365,-0.0003219486896053668,-0.0005477224191468565
1962,-0.00019464598781003108,-0.00018197406856002582,-9.82542850915151e-05,-5.930387001951057e-09,9.821673097630281e-05,0.00018196694740168408,0.0001944347833767376,0.0005477395092114615,0.0003219332756924298,0.0001549111642853085,1.44159910733004e-08,-0.0001549170147806772,-0.0003219486223650709,-0.0005477224010187986
1963,-0.00019464828279739472,-0.00018197447935667526,-9.825606276239012e-05,-5.381445622039831e-09,9.821647796335974e-05,0.00018196693716526527,0.00019443320434755977,0.0005477391885020721,0.00032193347311252826,0.00015491065942121185,1.4717894456704223e-08,-0.0001549171122351735,-0.0003219487059298678,-0.0005477220266189117
1964,-0.00019464939390696233,-0.000181974503376299,-9.825606708060221e-05,-5.558736165920861e-09,9.821556977035181e-05,0.00018196822150577798,0.00019443192023364727,0.0005477392369900022,0.00032193379014543654,0.00015491059233814912,1.492048196965454e-08,-0.00015491737025015494,-0.0003219483979147433,-0.0005477216478488679
1965,-0.00019464852524978216,-0.00018197492614335157,-9.825573553491805e-05,-5.771248630287853e-09,9.82171384163133e-05,0.0001819696170675919,0.00019443110799992284,0.000547739585677644,0.00032193393477681584,0.0001549105705104877,1.5039790567935932e-08,-0.0001549170531363178,-0.0003219480439551664,-0.0005477213184454099
1966,-0.0001946493967739478,-0.00018197540295948362,-9.825588395904995e-05,-5.85144396106019e-09,9.821806111764689e-05,0.0001819703883851976,0.0001944278771930431,0.0005477395814693449,0.0003219340636386347,0.0001549104405087285,1.5273954688961224e-08,-0.00015491690462729148,-0.00032194775487738803,-0.0005477215428032475
1967,-0.0001946513449348904,-0.00018197570269246681,-9.825650157273855e-05,-5.0206678657365296e-09,9.821829258681997e-05,0.00018197144297278764,0.00019442667403452368,0.0005477392036010795,0.0003219341872747633,0.0001549101781975824,1.560840274600952e-08,-0.00015491688948203914,-0.0003219474091263066,-0.0005477215259931734
1968,-0.00019465286981646692,-0.00018197629063137826,-9.825686874588922e-05,-5.62859943702061e-09,9.821736553968818e-05,0.00018197084967428828,0.00019442451285951837,0.0005477389845845447,0.00032193427162572605,0.0001549100001310353,1.5622715393079313e-08,-0.00015491713423394156,-0.0003219474027676128,-0.0005477215534858529
1969,-0.00019465268009296636,-0.00018197716205702204,-9.825763622803986e-05,-6.6548353484841985e-09,9.821708232586135e-05,0.00018196970609192338,0.0001944238476105218,0.0005477390308989576,0.00032193421532238336,0.00015490969135286764,1.5418210043992377e-08,-0.00015491723096701515,-0.00032194757738890405,-0.000547721504211757
1970,-0.00019465287858491036,-0.0001819756946924937,-9.825830499229555e-05,-7.606576011798817e-09,9.82171231483843e-05,0.00018196875538575776,0.0001944228518207638,0.0005477391948145208,0.00032193472674633966,0.00015490946764014861,1.5288579900974236e-08,-0.00015491729595055282,-0.0003219477100659391,-0.0005477214985467391
1971,-0.00019465325840629442,-0.00018197485697117016,-9.825904273365938e-05,-7.0387082068029706e-09,9.821726799912918e-05,0.0001819704695671909,0.00019442280388989034,0.0005477391922479208,0.00032193507779247876,0.00015490920647819186,1.547372401381938e-08,-0.00015491734428356197,-0.0003219472327014587,-0.0005477214588222451
1972,-0.00019465374532091472,-0.00018197363162553317,-9.82593978004468e-05,-7.17721876619114e-09,9.821631537868429e-05,0.00018197172342504742,0.0001944208373152165,0.0005477392062832921,0.0003219355663945052,0.00015490906426542843,1.5588907853031385e-08,-0.00015491765462481217,-0.000321946790853173,-0.0005477217712537714
1973,-0.00019465417481700874,-0.0001819715122237865,-9.825982008178672e-05,-7.0255942293829336e-09,9.821591277018468e-05,0.00018197211377841578,0.0001944203032086365,0.0005477391367076213,0.0003219361939628929,0.0001549088004050733,1.563526628913337e-08,-0.00015491780301591363,-0.0003219465923000709,-0.0005477220380645603
1974,-0.00019465456103246,-0.00018197214976844263,-9.825996875714928e-05,-6.944244180026942e-09,9.821565727547653e-05,0.00018197195412377972,0.00019441821021074204,0.0005477391142325294,0.000321936180251237,0.0001549087005735817,1.576985829267182e-08,-0.00015491791765506876,-0.00032194645617778,-0.0005477224761901198
1975,-0.00019465541317738034,-0.0001819732086712891,-9.826056674331764e-05,-6.01600329667858e-09,9.821682818878411e-05,0.00018197185662657033,0.00019441676326979038,0.0005477388310509943,0.0003219360229487153,0.00015490846221043227,1.5906331565464637e-08,-0.00015491768430488226,-0.00032194643206098886,-0.0005477229843075554
1976,-0.00019465601718520335,-0.00018197353848298895,-9.826058639054227e-05,-5.503820940759204e-09,9.821751218156005e-05,0.0001819722367533721,0.0001944159922280458,0.0005477386742802905,0.00032193609231628324,0.0001549083881767392,1.6161202020456203e-08,-0.00015491759495945466,-0.0003219462733942383,-0.0005477232702869159
1977,-0.00019465523594644867,-0.0001819736429259878,-9.826122652336704e-05,-4.34718256916989e-09,9.82187520453749e-05,0.00018197283144102933,0.00019441755958238602,0.0005477386706500546,0.0003219362063796876,0.00015490810330725998,1.6356718958937645e-08,-0.0001549174058449663,-0.0003219461082763039,-0.0005477232311636074
1978,-0.00019465388586231447,-0.0001819741344317257,-9.826178197470291e-05,-3.6482515339529742e-09,9.821873124643e-05,0.0001819724716786912,0.00019441653386169413,0.0005477387614984461,0.0003219363137838054,0.00015490791100648797,1.654338107325746e-08,-0.0001549174918861854,-0.00032194614601226097,-0.0005477236474152605
1979,-0.00019465371156733352,-0.0001819751159752261,-9.826238122096555e-05,-2.8260833417298566e-09,9.821818197635414e-05,0.0001819718590600597,0.00019441640729069075,0.0005477384478645486,0.0003219362622899474,0.00015490765174057806,1.6684977386276885e-08,-0.00015491766289342626,-0.00032194622825907406,-0.0005477240536548612
1980,-0.00019465198118891048,-0.00018197467949393391,-9.826281162247523e-05,-3.369004123838362e-09,9.821753842186598e-05,0.0001819724621614818,0.0001944164938519763,0.0005477385333022699,0.0003219366218914199,0.00015490750740979156,1.6632468907843226e-08,-0.0001549179077378188,-0.00032194600147337176,-0.0005477243088581439
1981,-0.00019464870900285942,-0.00018197433994827662,-9.826280042054242e-05,-2.6109967976363744e-09,9.821757577247942e-05,0.0001819726503973026,0.00019441836088018657,0.0005477388322996105,0.0003219369295597065,0.0001549073903034633,1.6691599227729016e-08,-0.0001549179788534495,-0.00032194592657952087,-0.0005477243301308647
1982,-0.0001946472066630791,-0.00018197462331678274,-9.826286645972942e-05,-5.355319299764717e-10,9.821706568453794e-05,0.00018197140310100042,0.00019441872213020448,0.0005477387972921112,0.0003219371106321815,0.0001549072947080178,1.7206381399819163e-08,-0.0001549182169599389,-0.00032194616622134575,-0.0005477246032772249
1983,-0.0001946463337793121,-0.00018197504686215784,-9.826333000102926e-05,3.823370121485602e-10,9.821739153467474e-05,0.0001819719910202075,0.000194420806763595,0.0005477385263423905,0.0003219372056195046,0.00015490708598331799,1.7289206858696088e-08,-0.0001549182639240947,-0.00032194608503816866,-0.0005477245123132208
1984,-0.00019464460521369085,-0.0001819757314509909,-9.826342227658131e-05,9.320834567541008e-11,9.821706791014623e-05,0.00018197367484706282,0.00019442122432869463,0.0005477385127925922,0.0003219372423149481,0.00015490702902329565,1.7257973903102382e-08,-0.00015491842810787915,-0.0003219456988457951,-0.0005477246475337333
1985,-0.00019464268922998003,-0.00018197619771543428,-9.826376222716335e-05,-1.298334075941676e-09,9.821728187100376e-05,0.00018197488540457217,0.00019442255746707294,0.0005477385554998916,0.0003219372535987391,0.0001549068152301388,1.684944584920578e-08,-0.00015491844805799168,-0.00032194542465892133,-0.000547724751793188
1986,-0.0001946404101933017,-0.00018197619865139173,-9.826297884949963e-05,-5.628399131585183e-10,9.821707814755026e-05,0.00018197429768240876,0.0001944233204989922,0.0005477387377053703,0.00032193736541925877,0.00015490688987195424,1.6984021107875762e-08,-0.00015491859037480642,-0.00032194553698813643,-0.0005477246709337263
1987,-0.00019463870591331314,-0.00018197611549896172,-9.826299618244632e-05,6.290238373977482e-10,9.821736856233813e-05,0.00018197392091520167,0.00019442508222706364,0.0005477387099814656,0.0003219374224162771,0.00015490675224669932,1.7063258209744742e-08,-0.0001549186052518375,-0.0003219456437448236,-0.0005477244054871661
1988,-0.00019463765842914752,-0.00018197690145691232,-9.826441688407726e-05,8.285004729491499e-10,9.821733051320487e-05,0.00018197402978183098,0.00019442526536930552,0.0005477387057269214,0.00032193730530069976,0.00015490636221367473,1.7066822715639333e-08,-0.00015491871517399802,-0.0003219455645501834,-0.0005477243488369855
1989,-0.00019463488711826102,-0.00018197705889480705,-9.826542781171544e-05,1.3676412824071201e-09,9.82177589590561e-05,0.00018197453207570994,0.00019442607879514414,0.0005477389440507626,0.00032193731179812866,0.00015490602268486417,1.706544538604315e-08,-0.00015491873246270823,-0.0003219454500243287,-0.0005477243085806736
1990,-0.00019463273359840238,-0.0001819753693733896,-9.826497622702567e-05,1.5875663521169843e-09,9.82181558050135e-05,0.00018197499622193386,0.00019442376566005821,0.0005477391158279834,0.0003219378073369119,0.00015490613230411966,1.7040247542744658e-08,-0.00015491873581778627,-0.00032194530911567557,-0.0005477247546603808
1991,-0.00019463125676592554,-0.0001819754613238196,-9.826515947665634e-05,1.8494546322755701e-09,9.821937573293472e-05,0.00018197521057589352,0.00019442256958525882,0.0005477390211874981,0.00032193782946516615,0.00015490606775990986,1.6883919627748288e-08,-0.00015491850181785686,-0.00032194526171450415,-0.0005477250223729483
1992,-0.00019463006274038033,-0.00018197630439487883,-9.826559473036646e-05,2.257156236056389e-09,9.821755807697237e-05,0.0001819753697871813,0.00019442065488233185,0.0005477389648841555,0.00032193773309049164,0.00015490596451322167,1.6875645172431276e-08,-0.0001549189864983035,-0.00032194513315327814,-0.0005477251957225007
1993,-0.00019462792800863592,-0.0001819764794484779,-9.826622903858027e-05,3.0903728229839148e-09,9.821534264106559e-05,0.00018197518287155312,0.00019442033972082913,0.0005477390156843377,0.0003219377554962161,0.00015490579978374568,1.676037949798705e-08,-0.00015491959239626296,-0.0003219450902147535,-0.0005477252563728777
1994,-0.00019462560775042125,-0.00018197591982474224,-9.826669270500284e-05,4.083934134270544e-09,9.821570134232355e-05,0.00018197459624298205,0.0001944193392315795,0.0005477392767838637,0.00032193795693963355,0.00015490570321021754,1.6846847072118545e-08,-0.00015491962952409756,-0.0003219451374771898,-0.0005477253265266114
1995,-0.00019462438621757928,-0.00018197575819966946,-9.826631035653368e-05,4.618326591040714e-09,9.821699512418386e-05,0.00018197399457997877,0.00019441791169942966,0.0005477393250868136,0.00032193807056370995,0.00015490581386998648,1.6735929535111068e-08,-0.0001549194724435521,-0.00032194520635918486,-0.0005477255582142886
1996,-0.0001946241291642557,-0.0001819756226040659,-9.826562713912458e-05,3.0431545287123713e-09,9.821734923432424e-05,0.00018197401422523297,0.00019441470783827217,0.0005477393579207958,0.00032193819535596477,0.00015490601252713998,1.629136573187063e-08,-0.00015491949694186485,-0.0003219451256847033,-0.0005477259474588351
1997,-0.00019462353568841704,-0.00018197601278009497,-9.826746191621169e-05,4.137138770400781e-09,9.821760848074393e-05,0.00018197333616839768,0.00019441433750454098,0.0005477395247729193,0.00032193816164332673,0.00015490561234332795,1.628629015732733e-08,-0.00015491952180088898,-0.00032194522062578134,-0.0005477257768839854
1998,-0.00019462357233854022,-0.00018197576714545224,-9.826852320624224e-05,5.267132627071666e-09,9.821696990357893e-05,0.00018197269868285465,0.00019441324492693084,0.0005477397405291783,0.0003219382946671996,0.00015490539287127956,1.637870318940956e-08,-0.00015491973659756327,-0.0003219453143413657,-0.0005477254991362431
1999,-0.00019462460464049082,-0.0001819747110110694,-9.8268516735328e-05,6.5482746280625796e-09,9.82165424981183e-05,0.0001819720206260194,0.000194412472476324,0.0005477397152793836,0.00032193858834636,0.00015490539902649508,1.644503718764105e-08,-0.00015491991550808243,-0.0003219454546025882,-0.0005477252866865048
2000,-0.00019462646811206277,-0.00018197623648377693,-9.826767804060875e-05,7.706556514918507e-09,9.821658100734854e-05,0.00018197217517722426,0.00019441187928619864,0.0005477397227710808,0.0003219382034026027,0.00015490569229869905,1.6663455559550793e-08,-0.00015492002053289262,-0.00032194534384570464,-0.0005477250044761158
2001,-0.0001946261318077739,-0.00018197837103818202,-9.826797278444611e-05,7.083216035500807e-09,9.821792561957994e-05,0.00018197330607982884,0.00019441229071338783,0.0005477402276976083,0.0003219376407853812,0.0001549056918131261,1.6266882069305217e-08,-0.00015491977899964536,-0.0003219450143960017,-0.0005477246963685012
2002,-0.00019462562592770008,-0.0001819779107047532,-9.82686300108095e-05,5.838342960837934e-09,9.821749655796721e-05,0.00018197245710731158,0.00019441031296633772,0.0005477408436122445,0.0003219377307782394,0.00015490563249923094,1.578413553869696e-08,-0.00015492000624317358,-0.00032194518147935045,-0.0005477248947366231
2003,-0.00019462713549898321,-0.0001819768382058933,-9.826946147402597e-05,5.713230660771869e-09,9.821707322539931e-05,0.00018197149938639122,0.00019440998807087752,0.0005477407898755019,0.0003219378746003303,0.00015490544242053336,1.5497364824824934e-08,-0.00015492020694898262,-0.00032194537950063455,-0.000547724805807401
2004,-0.0001946292132062886,-0.00018197612502602331,-9.827024848517504e-05,5.733548103646272e-09,9.821664130763855e-05,0.00018197135306175963,0.0001944092690486626,0.000547740701177505,0.00032193794854615786,0.00015490536467567542,1.5397444683081466e-08,-0.00015492043907367538,-0.00032194534389194966,-0.0005477246493604126
2005,-0.0001946296596579907,-0.0001819754452253515,-9.827127906200826e-05,6.420713322135538e-09,9.821742994144227e-05,0.00018197145646042706,0.00019441003914459753,0.0005477409613521301,0.00032193794223370914,0.0001549052248769034,1.528313093260489e-08,-0.00015492035422095396,-0.00032194526111331854,-0.0005477244142506022
2006,-0.00019462994197231315,-0.0001819751769700951,-9.827155093991261e-05,6.736496787040351e-09,9.821848991916193e-05,0.00018197091778243384,0.00019440887462634238,0.0005477413487237523,0.00032193784731575364,0.0001549053225325656,1.5177653546423966e-08,-0.00015492026844795613,-0.00032194524707794726,-0.0005477244120770851
2007,-0.00019463078536849447,-0.00018197500815292828,-9.827240906313801e-05,6.748444660102175e-09,9.821895537375583e-05,0.00018197063077847196,0.00019440863157297174,0.0005477416189104296,0.0003219376639079038,0.00015490522578793077,1.4932296606665977e-08,-0.00015492031378891083,-0.00032194520594297943,-0.0005477244072213552
2008,-0.00019463169210436445,-0.00018197494340437733,-9.827374859065744e-05,6.092314731238193e-09,9.821812212433847e-05,0.00018197140922905866,0.00019440724293724295,0.000547741951389183,0.00032193751164609203,0.0001549051033911693,1.4635632126519008e-08,-0.00015492065513052718,-0.00032194484765949073,-0.0005477245230883163
2009,-0.00019463283593303392,-0.00018197458382923065,-9.827419010444506e-05,8.000451570108517e-09,9.821953641613874e-05,0.00018197184340493986,0.00019440703672118695,0.0005477422100839666,0.00032193741238110225,0.00015490510946776823,1.4806767222926042e-08,-0.00015492044361493882,-0.0003219445673913935,-0.0005477245888950158
2010,-0.00019463349228550868,-0.0001819745575436047,-9.827391372113715e-05,1.0165167709140995e-08,9.822075191747386e-05,0.00018197154193797237,0.0001944045096459331,0.0005477426544294847,0.00032193726229280765,0.00015490532494655696,1.5089625034143006e-08,-0.00015492029558223646,-0.00032194444042562154,-0.0005477249086795043
2011,-0.00019463502911778392,-0.00018197478557239525,-9.82747388858526e-05,1.2883191781592141e-08,9.822136052232573e-05,0.00018197136373167456,0.00019440251931764446,0.0005477427635215466,0.0003219370706302173,0.00015490518566572945,1.541964595288116e-08,-0.00015492024751513636,-0.0003219443241655775,-0.0005477251684610464
2012,-0.00019463776591647114,-0.00018197302804135406,-9.827582947135123e-05,1.2984555375040562e-08,9.822214583397311e-05,0.00018197162222341695,0.00019440176045319886,0.000547742744468588,0.0003219374393188412,0.00015490505661661818,1.522270970239526e-08,-0.0001549202476538715,-0.00032194405689233807,-0.0005477250275061483
2013,-0.00019463916794131757,-0.00018197139996800602,-9.827695485476251e-05,1.3481064092188616e-08,9.822304160534791e-05,0.00018196995653443172,0.00019440169719232766,0.0005477430081578364,0.000321937753900762,0.00015490487340068533,1.4971259198685784e-08,-0.00015492018277900966,-0.00032194427817488,-0.000547724928749854
2014,-0.00019464053476431176,-0.0001819718168828615,-9.827624204631981e-05,1.4394432002942728e-08,9.822220559140781e-05,0.0001819687766861788,0.00019439832027756438,0.0005477434355776679,0.00032193763870435417,0.0001549052353097856,1.4896852812631634e-08,-0.00015492056328324265,-0.00032194439089717797,-0.0005477255084314972
2015,-0.00019464264982124542,-0.0001819714063423688,-9.827528663179565e-05,1.6370132920046052e-08,9.822179373860428e-05,0.0001819692112561474,0.00019439614831441796,0.0005477435957011373,0.0003219376919092788,0.00015490559819928082,1.50359289295322e-08,-0.00015492083224442627,-0.00032194416723301623,-0.0005477260143522931
2016,-0.00019464513052227085,-0.00018197038500589863,-9.827577121144844e-05,1.7395283191216075e-08,9.822222870463066e-05,0.00018196947728481029,0.00019439396338579787,0.000547743772773416,0.0003219379454708623,0.00015490566499793657,1.512032168294007e-08,-0.00015492093729929578,-0.00032194397526983304,-0.0005477263716646359
2017,-0.00019464732588435343,-0.00018196992209119767,-9.827644014516167e-05,1.8042914326760734e-08,9.82233963332202e-05,0.00018197018799178218,0.0001943938181449065,0.0005477440293640499,0.0003219380383077908,0.00015490563114656337,1.4955585982842814e-08,-0.00015492081143646816,-0.0003219437420098244,-0.0005477265544713
2018,-0.0001946498234129085,-0.0001819694940236703,-9.827695748923641e-05,1.9877120091645797e-08,9.822478281230601e-05,0.00018197055902501844,0.00019439207912611838,0.000547744252334536,0.0003219381243466977,0.00015490569617865836,1.51973562965449e-08,-0.00015492067558933522,-0.00032194353587253487,-0.0005477269681794756
2019,-0.00019465328869190695,-0.00018196903051783837,-9.827794390365643e-05,2.2623096167726176e-08,9.822629512348139e-05,0.00018197006895769935,0.00019439246078986077,0.0005477440933903152,0.00032193818397968367,0.0001549055703227675,1.5453804972846726e-08,-0.0001549205032964821,-0.00032194354657826284,-0.0005477270186096976
2020,-0.0001946553549903837,-0.00018196882094218775,-9.827872634142185e-05,2.4622853458196753e-08,9.82269417646587e-05,0.00018197136138685483,0.00019439080673630446,0.0005477442701851235,0.0003219381785458908,0.00015490559052029105,1.5690978668471633e-08,-0.00015492049411452833,-0.00032194299755708465,-0.0005477273784886403
2021,-0.0001946570903737161,-0.00018196775908368624,-9.82803234178297e-05,2.6814212920723092e-08,9.822577402276904e-05,0.00018197246776737429,0.0001943902371224546,0.0005477445149832709,0.0003219383324262791,0.00015490536460168334,1.588723210993831e-08,-0.00015492085247663362,-0.0003219425477777738,-0.000547727676075507
2022,-0.0001946605620369295,-0.00018196611843895186,-9.828173048896457e-05,2.8509689612766916e-08,9.82275396473791e-05,0.0001819733240502118,0.00019439028294496074,0.0005477444312566164,0.0003219386618528596,0.00015490525138456336,1.6097197860325917e-08,-0.00015492052844453776,-0.000321942082830088,-0.0005477276938798495
2023,-0.00019466495016997036,-0.00018196672077190363,-9.828006491229424e-05,3.1421133640329346e-08,9.823021247288224e-05,0.00018197369759575486,0.00019439178744236926,0.0005477439269775195,0.00032193833566343235,0.00015490585697499324,1.6509109715752678e-08,-0.00015491992907175418,-0.0003219418132908413,-0.000547727496991569
2024,-0.00019466863785216247,-0.00018196585970090484,-9.828028120319319e-05,3.24160293993495e-08,9.823036419946608e-05,0.00018197287498768108,0.00019439305222629743,0.0005477437220888462,0.00032193838835966145,0.00015490607645166613,1.6590829345763734e-08,-0.00015492003501915306,-0.00032194173261635973,-0.0005477272941839227
2025,-0.0001946706122888789,-0.0001819642549969364,-9.828114332147908e-05,3.380530259597847e-08,9.823065022116527e-05,0.00018197205895101377,0.00019439520777570589,0.0005477438574249714,0.0003219385554430103,0.0001549060389561834,1.6557371887414505e-08,-0.0001549201307070886,-0.00032194167619740434,-0.0005477271188920784
2026,-0.00019467248993774316,-0.00018196268530762866,-9.828189803421447e-05,3.475407384000808e-08,9.823072128890679e-05,0.00018197158756343487,0.00019439460604373733,0.0005477441443292327,0.00032193873110481495,0.00015490607211850538,1.660049442774604e-08,-0.00015492024502484068,-0.00032194142682099745,-0.000547727518981088
2027,-0.00019467549829216827,-0.00018196099827881367,-9.828236741096268e-05,3.524716025535323e-08,9.823093506651371e-05,0.00018197116469786048,0.00019439590074874722,0.000547744178851159,0.00032193889441919254,0.00015490611954279936,1.649836975416987e-08,-0.00015492030338608789,-0.0003219413032311138,-0.0005477277685887203
2028,-0.00019467879653724512,-0.00018195976756373654,-9.82827427890119e-05,3.5117315155621e-08,9.823085828155001e-05,0.0001819714138398806,0.00019439751406352419,0.0005477442372817737,0.00032193897490869394,0.00015490625813226349,1.636733500507168e-08,-0.00015492043291152308,-0.0003219409656885279,-0.0005477278710677407
2029,-0.00019468124854871177,-0.00018195886242392033,-9.828282495523832e-05,3.796607639968421e-08,9.823111613585613e-05,0.0001819732989172913,0.00019440062315652712,0.0005477444239961443,0.0003219389551851821,0.00015490643462879122,1.674825385032837e-08,-0.00015492046970408117,-0.0003219402313634531,-0.0005477278451936379
2030,-0.00019468418797726007,-0.00018195778231917467,-9.828316871664499e-05,4.0065062601119736e-08,9.823122287441379e-05,0.00018197292227816258,0.00019440238097328164,0.0005477445850907597,0.0003219389794407084,0.00015490659842180504,1.703460967330782e-08,-0.00015492057760070868,-0.0003219400740609314,-0.0005477279666331269
2031,-0.00019468677510157327,-0.00018195667349531365,-9.828351331548726e-05,4.1754647790789194e-08,9.823116653667203e-05,0.00018197235017171023,0.0001944046353302399,0.0005477446229192067,0.00032193898956837334,0.00015490672739923648,1.7103224821238216e-08,-0.0001549206704653842,-0.000321940106293728,-0.0005477280094329164
2032,-0.00019468925796022694,-0.00018195508722478084,-9.82843809342473e-05,4.323982918540145e-08,9.823026508748378e-05,0.00018197209946319292,0.00019440607473427107,0.000547744645579279,0.00032193913403789497,0.00015490678358465429,1.7286547720957108e-08,-0.00015492099709182714,-0.00032194001685581036,-0.0005477281038652989
2033,-0.0001946907094627396,-0.00018195336243254591,-9.82856548137114e-05,4.526762231173193e-08,9.822872128872945e-05,0.00018197293116483222,0.00019440880711918,0.0005477446344573456,0.00032193929034614815,0.0001549066566420049,1.7463797761787437e-08,-0.00015492146163949326,-0.000321939643681417,-0.0005477281145941494
2034,-0.00019469215206873046,-0.00018195414306046518,-9.828472073507615e-05,4.674950788588976e-08,9.822943857104874e-05,0.00018197281821939886,0.0001944092460241094,0.00054774466703698,0.00032193886817512936,0.00015490705622694354,1.767068270217005e-08,-0.0001549214013960727,-0.00032193957757412474,-0.0005477283119448804
2035,-0.00019469401798364398,-0.0001819532545215784,-9.828303207769519e-05,4.9038197458863706e-08,9.823130129286955e-05,0.00018197245333392525,0.0001944110759194395,0.000547744267687891,0.0003219388596429185,0.0001549075752605221,1.7811172130549216e-08,-0.00015492106327773603,-0.00032193958643005093,-0.0005477283621901221
2036,-0.00019469557481585208,-0.00018195196434857297,-9.828116165146677e-05,5.0138271297039286e-08,9.823291809926037e-05,0.0001819740633974816,0.00019441301485873826,0.0005477441042347783,0.0003219389670470362,0.00015490821221665396,1.788577097645833e-08,-0.0001549208296431425,-0.0003219390800468045,-0.0005477282922213686
2037,-0.00019469498573408732,-0.00018195069918040965,-9.828220052285341e-05,5.242108981091994e-08,9.823217802686986e-05,0.00018197553941222717,0.00019441569591377035,0.0005477443465125708,0.0003219390455248782,0.00015490810669008503,1.806927511444071e-08,-0.0001549211620548406,-0.0003219386471931802,-0.0005477283257259039
2038,-0.00019469601666658438,-0.00018194967467153632,-9.8283807627799e-05,5.4740371722495e-08,9.823174600763163e-05,0.00018197635407944099,0.00019441577849477372,0.0005477442994813597,0.0003219390979667596,0.00015490795660410265,1.8385578989458958e-08,-0.00015492147608182091,-0.0003219383787638146,-0.0005477288171488781
2039,-0.0001946983657621406,-0.00018194831546428008,-9.828479121562754e-05,5.537506022171886e-08,9.823160751055998e-05,0.00018197651238432784,0.00019441777985750806,0.0005477439283879934,0.0003219391977404449,0.00015490793279946557,1.816562039556148e-08,-0.00015492169067732927,-0.00032193832865730793,-0.0005477289644855926
2040,-0.00019469941131527822,-0.000181947672934419,-9.828528367013072e-05,5.4482387529121695e-08,9.823217239437647e-05,0.00018197685789055624,0.00019441903407004316,0.0005477438093070017,0.00032193920298925755,0.00015490811537952905,1.782890653407645e-08,-0.00015492171838736043,-0.0003219382045356063,-0.0005477292076189184
2041,-0.00019469921392677883,-0.00018194720912316934,-9.828548759752442e-05,5.603231002839685e-08,9.82331042493739e-05,0.00018197728053938263,0.0001944222908571312,0.0005477439016814798,0.0003219391940177187,0.0001549082506532234,1.7887216416219727e-08,-0.00015492165850465123,-0.00032193808173188837,-0.0005477293347696705
2042,-0.00019469878092330742,-0.0001819464067219242,-9.828552086440773e-05,5.6892833046738234e-08,9.823444346753474e-05,0.00018197593743059443,0.0001944249718727546,0.0005477440677474376,0.00032193937016509636,0.00015490851410199764,1.79252743622003e-08,-0.00015492157769143451,-0.00032193835501698377,-0.0005477294589144947
2043,-0.00019469875623373518,-0.0001819455382716399,-9.828652096351086e-05,5.707455410322217e-08,9.823559365283313e-05,0.00018197496538459903,0.0001944275075292604,0.0005477440727419024,0.00032193953669350467,0.00015490847403991487,1.7708932997942373e-08,-0.00015492149317398966,-0.0003219386083010971,-0.000547729753079228
2044,-0.00019469806496512162,-0.0001819463894313419,-9.828840050497958e-05,5.649884995854348e-08,9.823584560075517e-05,0.00018197431534737406,0.0001944293477299746,0.0005477441158191622,0.00032193935756332154,0.00015490829420680707,1.7488242225433854e-08,-0.00015492156714062743,-0.0003219387416486853,-0.000547730177331274
2045,-0.00019469730452432668,-0.00018194739600924098,-9.828859494274999e-05,5.609794847585782e-08,9.823691826020564e-05,0.00018197323955788483,0.00019443384563604568,0.000547744235038889,0.0003219391164185326,0.00015490849093785443,1.720934434808305e-08,-0.00015492141477938884,-0.0003219389900077012,-0.0005477300605625344
2046,-0.00019469649699009386,-0.00018194822160252642,-9.828881408684133e-05,5.54122237333173e-08,9.823662462670938e-05,0.00018197166241047406,0.0001944380297697719,0.0005477443618196808,0.00032193894114981083,0.00015490874612032683,1.692886905616681e-08,-0.00015492163627234569,-0.00032193933922716105,-0.0005477299050866921
2047,-0.00019469732539125165,-0.00018194685566622873,-9.82896241442184e-05,5.4693723331431956e-08,9.823593830783288e-05,0.00018197205590668903,0.00019444222681971087,0.0005477440537351888,0.00032193924585841455,0.00015490880266645602,1.651101166972215e-08,-0.00015492186646168333,-0.0003219392930283608,-0.0005477298395343403
2048,-0.00019469713983522478,-0.00018194540587799601,-9.829165849994533e-05,5.396305945514015e-08,9.823744316780177e-05,0.00018197198369018284,0.00019444598515191194,0.0005477440051778912,0.0003219396139920979,0.0001549086435534408,1.6273165742013557e-08,-0.0001549216193998409,-0.00032193932921510877,-0.0005477297240604621
2049,-0.00019469485171483316,-0.00018194462474761537,-9.829247918191724e-05,5.4424824752066594e-08,9.823750588581767e-05,0.0001819708646693118,0.00019445060307728422,0.0005477443341420212,0.0003219397477790141,0.0001549087060189358,1.6169520522097865e-08,-0.00015492174182203718,-0.00032193967300077575,-0.0005477297107187666
2050,-0.0001946925719096845,-0.00018194406956721453,-9.829257264268697e-05,5.4104288425001447e-08,9.823684267326745e-05,0.0001819700243371596,0.00019445253331710482,0.0005477447797361555,0.0003219397937928341,0.00015490897769470356,1.6012464232376654e-08,-0.00015492202343355294,-0.00032193991752145295,-0.000547730085673594
2051,-0.00019469120529358615,-0.00018194431333979456,-9.829418586977949e-05,5.442373008776394e-08,9.823673211698864e-05,0.00018196935310788758,0.0001944558416015568,0.0005477447753891211,0.0003219395569950795,0.000154908786076046,1.5934464702489913e-08,-0.00015492206445984492,-0.0003219401843553645,-0.0005477302739140511
2052,-0.0001946902271096803,-0.00018194372352896824,-9.829578477475264e-05,5.4872189954514534e-08,9.823712098070686e-05,0.00018196896238998844,0.00019445932205291804,0.0005477446901132576,0.0003219395270514127,0.00015490867285198928,1.6025931562563224e-08,-0.00015492190669487278,-0.0003219403636474053,-0.0005477303424260858
2053,-0.00019468730364166953,-0.0001819419471605519,-9.82963386172269e-05,5.502805688997635e-08,9.823703800167527e-05,0.00018196894074474094,0.0001944643238193653,0.0005477449001120085,0.0003219397394780284,0.00015490872401750742,1.5808918537810374e-08,-0.00015492187367822268,-0.00032194052164360266,-0.000547730277891125
2054,-0.00019468499821099122,-0.00018194204050999197,-9.829649430044771e-05,5.554869160784396e-08,9.823723700888846e-05,0.00018196922413295143,0.0001944677615615104,0.0005477450589406167,0.0003219394896622935,0.0001549089166766785,1.5703418068183845e-08,-0.00015492179787565663,-0.00032194052268411615,-0.0005477304131116375
2055,-0.0001946820291963354,-0.0001819427894040277,-9.829719822911728e-05,5.629629401245066e-08,9.823741371568397e-05,0.00018196983474173743,0.00019447204640425788,0.0005477453785170024,0.0003219390557450332,0.00015490891864440522,1.55612517509906e-08,-0.00015492170628503206,-0.00032194051755091613,-0.0005477304677501586
2056,-0.00019467877207427313,-0.00018194296081231885,-9.829819832132387e-05,5.665336158033203e-08,9.823709509507953e-05,0.00018197014161755378,0.00019447540796931902,0.0005477458150471078,0.00032193882414984615,0.00015490888855506645,1.5524496173699978e-08,-0.00015492168150462455,-0.000321940553598929,-0.0005477306194570298
2057,-0.00019467684810044135,-0.0001819412201088073,-9.829756494611186e-05,5.7408699246636024e-08,9.823682150191002e-05,0.00018197013223827493,0.0001944802844159903,0.0005477459308447014,0.0003219390567161791,0.00015490919795754226,1.5435725554227966e-08,-0.0001549216690508338,-0.00032194068211390995,-0.0005477306356196732
2058,-0.0001946750331705782,-0.00018194028617105827,-9.829721353349935e-05,5.8462307411361306e-08,9.823634335671837e-05,0.00018197023666156946,0.00019448386230544782,0.0005477460407460516,0.00032193913863927696,0.0001549095065299195,1.549981158173078e-08,-0.00015492174694830044,-0.00032194074759689416,-0.0005477306307408209
2059,-0.00019467295529578565,-0.0001819400830879967,-9.82974986842655e-05,6.014158186818308e-08,9.823598278453074e-05,0.00018197095569363653,0.00019448810832073954,0.0005477461495375207,0.00032193904305076823,0.00015490962048464793,1.5567327712228032e-08,-0.00015492176923378778,-0.00032194073245164176,-0.0005477305849119809
2060,-0.00019467063307698643,-0.00018194046531331358,-9.829819250459462e-05,6.152538351964748e-08,9.823447420043643e-05,0.00018197113046152226,0.0001944919414310145,0.0005477464707324832,0.00032193888755180334,0.00015490972177054622,1.572910171129027e-08,-0.00015492206265397588,-0.0003219406895362397,-0.0005477304243491836
2061,-0.00019466765203281436,-0.0001819407604256226,-9.82986926881359e-05,6.407199882609261e-08,9.823337163468248e-05,0.0001819715992973856,0.00019449629833263315,0.0005477470145279712,0.0003219387421805033,0.00015490980313407897,1.6041202724675755e-08,-0.0001549222659610687,-0.0003219406196830987,-0.0005477301557810829
2062,-0.0001946648678254194,-0.0001819415375264601,-9.829895186559028e-05,6.545314657415781e-08,9.823434011320218e-05,0.0001819718526561403,0.00019449717926563418,0.0005477475124252518,0.0003219384772888836,0.00015490999788583836,1.619698114980041e-08,-0.00015492194085608776,-0.00032194061369436534,-0.0005477305311983609
2063,-0.00019466380062703434,-0.0001819422111498128,-9.829867659557911e-05,6.746978991233143e-08,9.823491912800567e-05,0.000181972116527175,0.0001944981930454795,0.0005477476296795641,0.0003219381647648673,0.00015491026794996635,1.642916771846205e-08,-0.00015492171695145177,-0.00032194062902459787,-0.0005477308135243626
2064,-0.00019466275050248352,-0.00018194274872436141,-9.82996998148016e-05,6.895158683062945e-08,9.82335286706081e-05,0.00018197439010574358,0.00019450054159916565,0.0005477478491585494,0.00032193794114695063,0.0001549102912574692,1.6711727490304535e-08,-0.00015492199018798987,-0.00032194012016724155,-0.0005477305822528908
2065,-0.00019466201793351607,-0.0001819430103195417,-9.830060849450742e-05,7.080179191713257e-08,9.823238580646738e-05,0.0001819749713648745,0.00019450449154648653,0.000547747899889364,0.00032193775840965393,0.00015491025392615635,1.6842632215214693e-08,-0.00015492219023480696,-0.0003219400893680414,-0.0005477300822283381
2066,-0.0001946611125769518,-0.00018194300890082724,-9.830076481910538e-05,7.157538027384559e-08,9.823103742873138e-05,0.0001819749212468163,0.00019450601508816607,0.0005477481178885077,0.0003219376379413109,0.00015491048378715418,1.6973330447673336e-08,-0.0001549225033761947,-0.00032194016495556803,-0.0005477299953107755
2067,-0.00019466048471699222,-0.00018194306397453382,-9.830107085354519e-05,7.272063783608372e-08,9.822991694481104e-05,0.00018197543691996068,0.00019450771879672796,0.0005477482833301574,0.00032193746764393145,0.00015491060652381676,1.7040657820462735e-08,-0.0001549227773619025,-0.0003219401507814616,-0.0005477299129945948
2068,-0.00019466165460468748,-0.00018194317846676004,-9.830254381214344e-05,7.279039539581448e-08,9.823097575603218e-05,0.0001819759550364466,0.000194507868096719,0.0005477481442019385,0.00032193734363784236,0.00015491044790331128,1.7073394465614488e-08,-0.0001549224786512812,-0.00032194011621329024,-0.0005477299981779683
2069,-0.00019466308342747343,-0.00018194316499882496,-9.830164774618834e-05,7.31851766005397e-08,9.823223923848688e-05,0.00018197620899618457,0.00019450982854333465,0.00054774793660793,0.0003219372040934181,0.0001549108130403157,1.6982627096073154e-08,-0.0001549221417214422,-0.0003219401566777049,-0.0005477299315851031
2070,-0.00019466412177866475,-0.0001819430975606279,-9.830038670806042e-05,7.329882020494886e-08,9.823252157743983e-05,0.00018197618719330213,0.00019451023046316662,0.0005477479770029771,0.0003219370920879183,0.00015491136151349008,1.693843026391564e-08,-0.00015492200771948655,-0.00032194020123480605,-0.0005477300238902136
2071,-0.0001946659804423711,-0.00018194274384753051,-9.830172388287837e-05,7.347363276641602e-08,9.823265240261605e-05,0.0001819758755096202,0.00019451184328533435,0.0005477478464532142,0.00032193701037292323,0.00015491125016235766,1.677827209217207e-08,-0.0001549218816786155,-0.00032194035754305923,-0.0005477300205836928
2072,-0.0001946682249471457,-0.00018194194772212636,-9.830386877222412e-05,7.333936186874486e-08,9.823293300856989e-05,0.00018197740059809256,0.00019451285450361195,0.0005477477634433578,0.0003219371038572823,0.0001549110268542828,1.671964318049069e-08,-0.00015492174687430836,-0.0003219400033753796,-0.0005477299200238417
2073,-0.00019466871645288365,-0.0001819412168378823,-9.830482383601056e-05,7.330348454986964e-08,9.82313219666917e-05,0.00018197865158896362,0.0001945151416486374,0.0005477479571176076,0.00032193715093473845,0.00015491097595236137,1.6538760251448463e-08,-0.0001549220775101967,-0.000321939715615585,-0.0005477298019371184
2074,-0.00019466919786998547,-0.00018194098069089244,-9.830564983027988e-05,7.288830802351688e-08,9.822955765734815e-05,0.00018197898603118976,0.00019451399634214036,0.0005477482302408453,0.00032193713289917084,0.00015491104927156852,1.641381349585482e-08,-0.00015492246962656059,-0.00032193962566897185,-0.0005477302264203896
2075,-0.00019467101807076685,-0.00018194070740117018,-9.830575408116115e-05,7.282556395746493e-08,9.822887226162126e-05,0.00018197884510555486,0.0001945148704278737,0.0005477481352766447,0.00032193707987922634,0.00015491123055908296,1.6228006706077265e-08,-0.00015492257471611386,-0.0003219396496701504,-0.0005477304105912826
2076,-0.00019467382489877545,-0.0001819406185344737,-9.830586602955353e-05,7.25665550887164e-08,9.822805774613111e-05,0.00018197881450467246,0.0001945161901081692,0.0005477478318166573,0.0003219370234371485,0.00015491146957659975,1.609039287207728e-08,-0.0001549226575479268,-0.0003219396058298474,-0.0005477303026322243
2077,-0.0001946753889132254,-0.00018194000175822067,-9.830613435476045e-05,7.274313909841938e-08,9.822703927960203e-05,0.00018197711662860323,0.00019451916740851146,0.0005477478265909672,0.00032193707014464433,0.00015491159410294559,1.5866884683537627e-08,-0.00015492281206418452,-0.00032193998774455426,-0.0005477301259992736
2078,-0.00019467664278093407,-0.0001819392839675287,-9.83067141882804e-05,7.270387973770452e-08,9.822792486874502e-05,0.00018197509936444448,0.00019451986151455394,0.0005477479402844111,0.0003219371384716988,0.00015491170669113295,1.5722602454123278e-08,-0.00015492247852641957,-0.0003219404372463949,-0.0005477303726472229
2079,-0.0001946780379289563,-0.00018194100631642213,-9.830737890427382e-05,7.399761307304376e-08,9.822911200662862e-05,0.0001819741160574032,0.00019452118688941154,0.000547748006461071,0.0003219365708137673,0.00015491174072054955,1.5799714586910248e-08,-0.00015492205347664666,-0.00032194072865954806,-0.0005477305010465912
2080,-0.00019467939268302554,-0.00018194116693657215,-9.830719746350409e-05,7.333235588637087e-08,9.822922367817463e-05,0.00018197323497661942,0.00019452150717404976,0.0005477479843790618,0.000321936461791073,0.0001549120128749536,1.5547898705722112e-08,-0.0001549218603457761,-0.00032194099688081097,-0.0005477306368451668
2081,-0.00019468178945329848,-0.0001819406676476092,-9.830888354059816e-05,7.286147853926913e-08,9.822896208200916e-05,0.00018197322942984002,0.00019452272555419293,0.0005477477270947521,0.00032193651312307326,0.0001549117713232083,1.5197501216493258e-08,-0.00015492178822431565,-0.00032194112243610906,-0.0005477306574935796
2082,-0.00019468365484604628,-0.000181940447953766,-9.831113592317881e-05,7.191909126886579e-08,9.822837748594362e-05,0.00018197293864263963,0.0001945226999286633,0.0005477476865609699,0.0003219365038509417,0.00015491144132550157,1.4855252068643195e-08,-0.00015492180806112783,-0.00032194130910423457,-0.0005477306323131524
2083,-0.00019468605850299557,-0.00018194049870236395,-9.831073718855782e-05,7.098944221478033e-08,9.822828713944911e-05,0.00018197286751972587,0.00019452389669311553,0.0005477473412954614,0.00032193639570690316,0.00015491172385498152,1.4395953735651986e-08,-0.00015492171260441753,-0.0003219414762800734,-0.0005477304160250755
2084,-0.00019468813645660558,-0.00018194029460452747,-9.831041656598966e-05,7.19700083500212e-08,9.822727597634375e-05,0.000181974259820467,0.00019452365884169788,0.0005477471132148979,0.00032193643279542953,0.00015491204495745377,1.4523473513079763e-08,-0.00015492181308333978,-0.0003219413437880186,-0.0005477303498021705
2085,-0.00019468902621716313,-0.0001819404406335935,-9.831219939448281e-05,7.300101224586032e-08,9.822610343545544e-05,0.00018197378473831924,0.00019452492229558125,0.0005477471096771519,0.00032193632539131176,0.0001549117359758079,1.4479822577322715e-08,-0.0001549219544914394,-0.00032194174778473454,-0.0005477301669955063
2086,-0.00019469132540155703,-0.00018194047184531134,-9.831449680646886e-05,7.346180721205655e-08,9.822547444446516e-05,0.00018197332493690831,0.0001945239137570976,0.0005477467687818003,0.00032193623197632014,0.0001549114026045251,1.4430075346613032e-08,-0.00015492197755384349,-0.00032194207552337084,-0.0005477302142810652
2087,-0.00019469380735380974,-0.00018194073866214893,-9.831549007012695e-05,7.388749422723615e-08,9.822539112947412e-05,0.000181973277065148,0.00019452350915747169,0.0005477462561323502,0.0003219359909471439,0.00015491131831368098,1.4317971218854969e-08,-0.00015492185852140905,-0.000321942360346605,-0.0005477302071130832
2088,-0.0001946957839481544,-0.000181940464692626,-9.831562288347385e-05,7.344957434280935e-08,9.822561867649292e-05,0.00018197373989117926,0.00019452191745838567,0.0005477459013172399,0.00032193593346455254,0.00015491149400092047,1.4193748730963697e-08,-0.0001549216722486787,-0.0003219425390143377,-0.0005477302903310422
2089,-0.00019469693474231776,-0.0001819394931885007,-9.831544012546716e-05,7.418518841232266e-08,9.822495104523836e-05,0.0001819752861421421,0.0001945214243171853,0.0005477456895611773,0.00032193599305129346,0.00015491167662260447,1.4110722976471333e-08,-0.00015492166868318573,-0.00032194240677663053,-0.0005477302919496187
2090,-0.0001946986466183399,-0.00018194030184588245,-9.831532201946e-05,7.54667711776456e-08,9.822341169474494e-05,0.00018197675795985748,0.00019451897555693924,0.0005477456015799786,0.0003219355965925198,0.00015491196274994894,1.4288905405281137e-08,-0.00015492193119318555,-0.0003219422214264888,-0.0005477305109661535
2091,-0.00019470080850270247,-0.00018194149425566954,-9.831503334456777e-05,7.477115629099216e-08,9.822389751084678e-05,0.0001819777108827644,0.0001945171603315106,0.0005477453516023861,0.0003219350687284499,0.0001549121580173406,1.3897981227577641e-08,-0.00015492166784846262,-0.0003219422434160079,-0.0005477306541176913
2092,-0.00019470406011739408,-0.00018194011959033713,-9.831464844142739e-05,7.40621563527555e-08,9.822331397586142e-05,0.00018197789001516752,0.00019451472123625671,0.0005477449166446122,0.0003219352421473699,0.00015491244066936991,1.359636437385019e-08,-0.00015492171470625485,-0.000321942387330589,-0.0005477307690135065
2093,-0.00019470733658914503,-0.00018193808988287044,-9.831489155489635e-05,7.406202936796045e-08,9.822198773401164e-05,0.00018197812484196482,0.00019451267700667136,0.0005477445372965053,0.0003219355563824529,0.00015491250134518165,1.3324996179060934e-08,-0.0001549219254796102,-0.00032194249535901485,-0.0005477309150322371
2094,-0.0001947096441380428,-0.00018193638044033763,-9.831541786839907e-05,7.381595295231569e-08,9.822165611246566e-05,0.00018197872788427378,0.0001945098348782887,0.0005477444158801388,0.0003219358173201212,0.00015491258629732994,1.3113850928906767e-08,-0.00015492189418790027,-0.0003219425575123558,-0.0005477310871100507
2095,-0.0001947121270459574,-0.00018193492807083277,-9.83159625178008e-05,7.437527904462902e-08,9.822186469698657e-05,0.0001819793683254719,0.00019450809051961709,0.0005477441327910938,0.00032193594627443015,0.0001549125992320691,1.3032770587396449e-08,-0.00015492173744263138,-0.00032194262660245355,-0.0005477311249847429
2096,-0.00019471431827997504,-0.00018193345176052163,-9.831590094165298e-05,7.450580008691792e-08,9.822162692143074e-05,0.00018198065625217949,0.0001945058467241997,0.0005477439097743627,0.00032193615657377374,0.00015491284066820177,1.2981751417930318e-08,-0.00015492171779079935,-0.00032194255792856124,-0.0005477311495177394
2097,-0.00019471498050435118,-0.00018193232254264048,-9.8316253926674e-05,7.563317468460523e-08,9.822142517334006e-05,0.0001819815705643787,0.00019450532612496344,0.0005477439174510402,0.0003219362687180087,0.00015491289147994534,1.303258702763169e-08,-0.00015492169306588588,-0.00032194260969988945,-0.0005477310273845747
2098,-0.00019471500906583162,-0.00018193122745272352,-9.831646314271988e-05,7.588895299967515e-08,9.822223483465932e-05,0.00018198196664186576,0.00019450148268960001,0.0005477439824022064,0.00032193640754563476,0.00015491306688277778,1.2936681066348684e-08,-0.00015492142488161899,-0.0003219428899679867,-0.0005477315956668142
2099,-0.00019471679214358502,-0.00018193045706122306,-9.831669117446609e-05,7.665181948009417e-08,9.822408017525772e-05,0.0001819821287693999,0.00019449930458854319,0.0005477435036734972,0.00032193646347901714,0.0001549131513424163,1.2880426840057347e-08,-0.00015492090144551214,-0.0003219430982787934,-0.0005477320603601523
2100,-0.00019471776633735643,-0.00018192950064079095,-9.831672429652232e-05,7.685182119437412e-08,9.822403910544497e-05,0.00018198224096606727,0.00019449886582154438,0.0005477430803232297,0.00032193666318824536,0.00015491335853871742,1.2834338176045883e-08,-0.0001549208646945746,-0.000321943271281508,-0.0005477320579322874
2101,-0.00019471815441487038,-0.00018192886293849986,-9.83168941846215e-05,7.721482047040609e-08,9.822402179515829e-05,0.00018198254337884438,0.00019450048886042657,0.0005477426585684162,0.0003219368077502571,0.00015491349783341846,1.2673470418245715e-08,-0.00015492080128336845,-0.00032194336906665635,-0.0005477318314009328
2102,-0.00019471775470192754,-0.00018192844887092547,-9.831648172590867e-05,7.738597132496333e-08,9.822439334760461e-05,0.00018198364444903687,0.00019449977672488804,0.0005477424662121501,0.0003219369267618812,0.0001549138459337482,1.2519284102743329e-08,-0.00015492067105963306,-0.0003219432020295526,-0.0005477319208850956
2103,-0.00019471699192616506,-0.00018192770004585502,-9.831813883265672e-05,7.844624692541673e-08,9.822446651681692e-05,0.00018198411412233577,0.00019449962593721728,0.0005477421997019539,0.00032193707476914883,0.00015491358646667233,1.238045168035222e-08,-0.00015492062569786807,-0.00032194324536116004,-0.0005477320099530529
2104,-0.0001947175143086465,-0.00018192617864209933,-9.831995388665738e-05,7.881255849081334e-08,9.822406920682168e-05,0.00018198500750849696,0.00019449810808024772,0.0005477416051294061,0.00032193746253385394,0.00015491331997959863,1.2263911976644272e-08,-0.0001549206528853302,-0.00032194313268510714,-0.0005477322015925208
2105,-0.00019471800657300253,-0.00018192527812295725,-9.832088358796745e-05,7.930101948918575e-08,9.822546864152899e-05,0.0001819848156667769,0.0001944979394896811,0.0005477409478485768,0.0003219376784750931,0.00015491319846380524,1.2076022305631688e-08,-0.0001549201996815737,-0.0003219432473265745,-0.0005477322199286812
2106,-0.00019471811742977297,-0.00018192555591512743,-9.832196705427818e-05,7.917098065217337e-08,9.822645453181285e-05,0.00018198422521555863,0.00019449685571992312,0.0005477405515747834,0.0003219376024713611,0.00015491309803575254,1.192640202473942e-08,-0.00015491988470888222,-0.00032194342964766574,-0.0005477323005569177
2107,-0.00019471799590308766,-0.00018192557937317665,-9.832225365134487e-05,7.947133575048777e-08,9.822652822614654e-05,0.000181986287523901,0.00019449658439078544,0.0005477400393877837,0.00032193754239904723,0.00015491314070836815,1.1681636461765406e-08,-0.0001549197398324042,-0.0003219429695325872,-0.0005477322730642383
2108,-0.00019471797281942136,-0.00018192516732529993,-9.83219275026869e-05,7.933260303036813e-08,9.822613512500415e-05,0.0001819865617594329,0.0001944959927671573,0.000547739567850179,0.00032193763389486943,0.00015491341068925505,1.1520338013221703e-08,-0.00015491972626179566,-0.00032194283729488005,-0.0005477321582146682
2109,-0.00019471634617463992,-0.00018192531473367168,-9.832291490626618e-05,7.968463865554896e-08,9.822586425891909e-05,0.0001819866707639928,0.00019449656710020314,0.0005477393818063617,0.00032193755846920047,0.0001549132987392493,1.1198512414122863e-08,-0.00015491971022170168,-0.00032194279061050683,-0.0005477319576499066
2110,-0.00019471498989348223,-0.000181925774771535,-9.832479784082695e-05,8.04123448136987e-08,9.822561151494063e-05,0.00018198688705883264,0.0001944941191182796,0.0005477391558299476,0.0003219374244510591,0.0001549129663853575,1.1071784218222988e-08,-0.00015491966940813694,-0.00032194273000637493,-0.0005477322322761083
2111,-0.00019471408478322254,-0.00018192590601247337,-9.832465365806012e-05,8.007586022297206e-08,9.822561971195743e-05,0.0001819873177864496,0.00019449330063827074,0.0005477386617710058,0.00032193731112757553,0.00015491304400997837,1.0649903826375862e-08,-0.00015491955888941532,-0.0003219426639453276,-0.00054773231817628
2112,-0.00019471271462033807,-0.0001819259845639336,-9.832408049348326e-05,7.908213652405364e-08,9.82255957632694e-05,0.00018198708479215847,0.0001944929224523492,0.0005477382116448571,0.00032193726409636446,0.000154913260945486,1.0226779645593835e-08,-0.00015491958609306324,-0.00032194273518581997,-0.0005477321635790934
2113,-0.0001947108903013439,-0.00018192530739379484,-9.832424861213027e-05,8.196547786080837e-08,9.822550251924769e-05,0.00018198718586571054,0.00019449269355656647,0.0005477377432056705,0.0003219373961028463,0.0001549131968197939,1.0629614722376554e-08,-0.00015491957468672282,-0.00032194274434233893,-0.0005477321811753332
2114,-0.00019470815569969365,-0.000181924778873403,-9.83249852687687e-05,8.278038873780729e-08,9.822498036336647e-05,0.0001819875451354395,0.000194490819168775,0.000547737529599806,0.00032193748672001266,0.00015491307661504757,1.0552823751717953e-08,-0.00015491969467180519,-0.0003219426396435563,-0.0005477323712887145
2115,-0.0001947049206760793,-0.00018192429333808839,-9.832501446768537e-05,8.390393725573789e-08,9.82248315609107e-05,0.00018198789966626812,0.0001944898715266385,0.000547737346538794,0.00032193748928661264,0.00015491303222442857,1.0346853983209343e-08,-0.00015491972797979908,-0.0003219425920574047,-0.0005477323855321885
2116,-0.00019470254456583548,-0.00018192361367534715,-9.832385954348665e-05,8.421779058062475e-08,9.822468545105675e-05,0.0001819881984928504,0.00019448681357632088,0.0005477369075808238,0.0003219375576599122,0.00015491334961111142,1.0122339353805449e-08,-0.00015491984854525676,-0.00032194253318746193,-0.0005477326588866515
2117,-0.0001947003370363061,-0.0001819227379048904,-9.832440246087448e-05,8.493731055149853e-08,9.822489721192167e-05,0.0001819888098799589,0.00019448540684213072,0.000547736405428999,0.00032193766628952367,0.0001549131703999995,9.894289698336008e-09,-0.00015491989421455128,-0.00032194244379578937,-0.0005477327318382105
2118,-0.00019469660878282171,-0.00018192192970070909,-9.83250604655604e-05,8.516503827804873e-08,9.822355192777136e-05,0.00018198980998497335,0.00019448215536536966,0.0005477362165179889,0.0003219377721906775,0.0001549130494622692,9.685663366318867e-09,-0.0001549202731002077,-0.00032194222325316815,-0.0005477329558029651
2119,-0.00019469300903136866,-0.00018192105406818286,-9.832490777050689e-05,8.567648534599503e-08,9.822256098824336e-05,0.0001819909082374413,0.00019447988705771933,0.0005477358143248296,0.00032193788003412316,0.00015491303734606733,9.496733181786315e-09,-0.00015492055297522205,-0.0003219420090923632,-0.0005477330276677654
2120,-0.00019468907730073534,-0.00018192006922420094,-9.832513993130327e-05,8.593234778984633e-08,9.822471459381599e-05,0.00018199061374581983,0.00019447648240905908,0.0005477354830484473,0.00032193804774178006,0.00015491304231972193,9.278888084268776e-09,-0.0001549201179827644,-0.0003219420603781185,-0.0005477331171519282
2121,-0.00019468372716107427,-0.00018191936021180462,-9.832387708628485e-05,8.599677880589583e-08,9.822530036032094e-05,0.0001819904404557616,0.00019447445105627773,0.0005477353504176574,0.00032193811250796607,0.00015491331523254472,8.854869195970208e-09,-0.00015492004792152072,-0.00032194209876150616,-0.000547733104226438
2122,-0.00019467817775114667,-0.0001819186321354329,-9.832253723659902e-05,8.490953309900703e-08,9.82248882651537e-05,0.00018199043425873808,0.0001944696805796938,0.0005477352794315128,0.0003219381849508296,0.00015491367731275166,8.218456410540557e-09,-0.0001549202072241406,-0.00032194207087574383,-0.0005477334521279141
2123,-0.00019467421721272837,-0.00018191746545954954,-9.832195886317268e-05,8.627256169119669e-08,9.822468304219785e-05,0.00018199079875012438,0.0001944655864653696,0.0005477346333188619,0.00032193828548755815,0.0001549138555735279,8.147793457548341e-09,-0.0001549203299214949,-0.00032194196992280983,-0.0005477338129317577
2124,-0.0001946691261559407,-0.00018191597545470312,-9.832207942237356e-05,8.726939391858792e-08,9.822439512986463e-05,0.0001819916669048432,0.00019446124474596592,0.000547734342576262,0.00032193848878077743,0.00015491397062426392,8.028579461831284e-09,-0.00015492052464088275,-0.00032194178165923025,-0.000547734051486824
2125,-0.00019466280667963467,-0.00018191432712526552,-9.832290829446572e-05,8.81830862351487e-08,9.822373339514198e-05,0.0001819925985076247,0.00019445983257337034,0.000547734344079226,0.00032193871304612477,0.00015491386827472958,7.831269763412638e-09,-0.0001549207959675005,-0.0003219416177205446,-0.0005477339062773817
2126,-0.00019465870631902606,-0.00018191326363130149,-9.832372639319507e-05,8.959600792966794e-08,9.822351583528178e-05,0.00018199263672424507,0.00019445723237520945,0.0005477340102362436,0.0003219388399425291,0.00015491385860257837,7.828324854184805e-09,-0.000154920986732937,-0.0003219415699262902,-0.0005477338857908267
2127,-0.00019465539371931763,-0.00018191217672854912,-9.832423423286824e-05,8.921670339708513e-08,9.822360582315679e-05,0.00018199244254755753,0.00019445494885578758,0.0005477335238077343,0.00032193892080199094,0.00015491385136985326,7.357553907219255e-09,-0.0001549211200180944,-0.0003219416324033465,-0.0005477340674413647
2128,-0.00019465102886698674,-0.0001819111769191002,-9.832517925727953e-05,8.875110379481384e-08,9.822320336243994e-05,0.0001819922626466841,0.0001944516781180075,0.0005477332918657095,0.00032193904450748714,0.00015491381697741306,6.936056938823607e-09,-0.00015492132944803117,-0.00032194159586976066,-0.0005477343526576818
2129,-0.00019464658160113965,-0.00018191003614460762,-9.832582194280508e-05,8.924213686730372e-08,9.822289375067222e-05,0.00018199250405474005,0.00019445035000424283,0.0005477331616165393,0.0003219391794274069,0.0001549137462849245,6.593735635291761e-09,-0.00015492147060640755,-0.00032194147565576533,-0.0005477345559277786
2130,-0.0001946419851535277,-0.0001819099518000634,-9.832422833830676e-05,8.981610637051949e-08,9.822209979570413e-05,0.00018199143356572564,0.0001944474096692936,0.0005477331791896565,0.00032193908326083517,0.00015491432491449296,6.4757757564155814e-09,-0.00015492178827749745,-0.0003219416392938582,-0.000547734817582245
2131,-0.00019463839937247106,-0.00018190820449558883,-9.832456156871433e-05,9.057354243568502e-08,9.822078598533968e-05,0.00018199091162659245,0.00019444563884765665,0.0005477330095397077,0.0003219393681534369,0.00015491437984667007,6.241462700909548e-09,-0.00015492216307971636,-0.00032194173416556874,-0.0005477349953019543
2132,-0.0001946350578171949,-0.00018190638504357338,-9.832556478307792e-05,9.127397945687688e-08,9.822158230975794e-05,0.00018199142583176148,0.00019444299051172645,0.00054773291240199,0.0003219397321713113,0.00015491432568678524,6.172344635105239e-09,-0.00015492207955653998,-0.00032194149912512585,-0.0005477351473556633
2133,-0.0001946307641370387,-0.00018190808205265042,-9.832636301586415e-05,9.250347835087567e-08,9.822232558607856e-05,0.00018199009873277173,0.00019444174731393264,0.0005477330839711082,0.0003219392314299604,0.0001549142566591183,6.125469538720449e-09,-0.0001549220740186958,-0.0003219417634155599,-0.0005477351859009086
2134,-0.00019462701943040762,-0.00018190807500833913,-9.832685618662108e-05,9.212040075215116e-08,9.822319257035795e-05,0.00018198860436340799,0.0001944380049521213,0.0005477332063354982,0.0003219391562355167,0.0001549143462704549,5.7730716601684315e-09,-0.00015492203862042586,-0.00032194204361428956,-0.0005477354163630919
2135,-0.00019462493398913802,-0.00018190721263685211,-9.832731996240288e-05,9.159828941362866e-08,9.82254379086273e-05,0.00018198734454498037,0.00019443535287236129,0.000547733058744436,0.00032193923862106495,0.0001549143876389602,5.2963931038158275e-09,-0.0001549216792733011,-0.0003219423545659744,-0.0005477355704978282
2136,-0.00019462301687242606,-0.00018190660354530235,-9.832784223256945e-05,9.085968886449357e-08,9.822519817347213e-05,0.00018198868683603732,0.00019443074497651192,0.0005477329595719362,0.0003219392996414022,0.00015491448853871236,4.949432592138633e-09,-0.00015492194072660163,-0.0003219420967267241,-0.0005477358713680931
2137,-0.0001946208083675305,-0.00018190674452019822,-9.83285598675969e-05,9.057202079547693e-08,9.822502350016736e-05,0.00018198975228073371,0.00019442758936149778,0.0005477329491899236,0.0003219391591489545,0.00015491447334027822,4.607638366279733e-09,-0.0001549221215771004,-0.0003219419724894098,-0.000547736127958727
2138,-0.0001946192089344803,-0.00018190646146696196,-9.832939319189084e-05,9.166763298952857e-08,9.822555512892315e-05,0.0001819897287931279,0.0001944225816443316,0.0005477329916428751,0.0003219391533452014,0.00015491447394377604,4.611149934083583e-09,-0.0001549221629409812,-0.00032194204761448595,-0.0005477366287000778
2139,-0.00019461754260510314,-0.00018190668273715453,-9.832980064076828e-05,9.30394419709388e-08,9.822688936089387e-05,0.0001819897999554504,0.0001944181391370892,0.0005477330509752683,0.0003219389876260814,0.00015491449547084467,4.568048166332736e-09,-0.0001549220475757789,-0.0003219421406826397,-0.0005477371776056435
2140,-0.00019461658723885468,-0.0001819071708832978,-9.833111769053072e-05,9.228819190370995e-08,9.822768526068302e-05,0.0001819894484689465,0.00019441321640485917,0.0005477330598774395,0.00032193877647120447,0.00015491434649243113,4.195471969336908e-09,-0.00015492203359590166,-0.00032194229252824607,-0.000547737741818319
2141,-0.00019461666504154898,-0.0001819075131383056,-9.833303862102295e-05,9.130514737581028e-08,9.822857409316486e-05,0.00018198921468648072,0.0001944106584824183,0.0005477327871472847,0.0003219385248750353,0.00015491394810292686,3.6308081414393056e-09,-0.00015492196614287857,-0.00032194240143532777,-0.0005477379662917691
2142,-0.0001946171099464582,-0.0001819079286048901,-9.833279495583172e-05,9.079909045724289e-08,9.822963173000572e-05,0.00018198929172070466,0.00019440631763985894,0.0005477325750443843,0.0003219382601683958,0.00015491413793652567,3.3243023935489753e-09,-0.00015492186905140587,-0.0003219424173205009,-0.0005477384145912385
2143,-0.00019461709645881878,-0.00018190814560908717,-9.833300242508544e-05,9.040849245915341e-08,9.822998080568025e-05,0.0001819895877788233,0.0001944025769430666,0.000547732316141498,0.00032193798235128604,0.00015491411478625597,3.010378184512149e-09,-0.00015492182305377154,-0.0003219424613920291,-0.0005477388625438701
2144,-0.00019461716095121295,-0.0001819085806913693,-9.833282894488008e-05,9.073583649044096e-08,9.823032439959979e-05,0.00018198940179915254,0.00019439930286539625,0.0005477322040203856,0.0003219376995859563,0.00015491426597749494,2.9294220077113936e-09,-0.00015492176926384707,-0.0003219425886352713,-0.0005477391246607871
2145,-0.0001946158950736924,-0.0001819095582151788,-9.833195407589812e-05,9.260893675125681e-08,9.823040226042197e-05,0.00018199037545105388,0.000194397322911457,0.0005477323447440585,0.0003219372714262041,0.00015491447095403386,3.0621267886395613e-09,-0.00015492174376895357,-0.00032194242934421266,-0.0005477393329022262
2146,-0.00019461484457475862,-0.00018190833796312073,-9.833296740943952e-05,9.216056406352369e-08,9.823064512758632e-05,0.00018199063801174813,0.0001943940016713835,0.0005477324870631856,0.0003219374066235941,0.0001549142505755826,2.701489633607743e-09,-0.00015492169867078537,-0.00032194241845350446,-0.0005477396793701058
2147,-0.00019461448215233088,-0.0001819066788258376,-9.833426915974598e-05,9.124293978677372e-08,9.822983891551655e-05,0.00018199083835590267,0.0001943910852673884,0.0005477324874562684,0.0003219375946097034,0.00015491394260901549,2.198418007475664e-09,-0.0001549219038693005,-0.0003219424377376884,-0.000547740067227301
2148,-0.0001946149040720957,-0.00018190743114843329,-9.833496876921822e-05,9.033508391858505e-08,9.822736821445752e-05,0.0001819899992749778,0.0001943879394947057,0.0005477323907810012,0.0003219372027291893,0.00015491387636530027,1.871004136334898e-09,-0.00015492249930663067,-0.000321942688339589,-0.0005477403814392615
2149,-0.00019461527826788284,-0.0001819080348409864,-9.833528869129612e-05,9.126518227657974e-08,9.82278691497204e-05,0.00018199008472296658,0.00019438817567125216,0.0005477322186569425,0.00032193679769195973,0.0001549137736111218,1.8253389015543407e-09,-0.00015492232990640514,-0.00032194279213659333,-0.0005477401765505882
2150,-0.00019461535002133638,-0.00018190764831026529,-9.833549183544122e-05,9.225714791243903e-08,9.822982075006033e-05,0.0001819910206607089,0.00019438737890545608,0.00054773230790988,0.0003219366584943733,0.0001549137808623449,1.929366743702973e-09,-0.00015492186124755448,-0.0003219426498637113,-0.0005477400279883801
2151,-0.00019461543662203064,-0.00018190690709108062,-9.833540697168691e-05,9.290235426007091e-08,9.82293668540483e-05,0.00018199013637796544,0.00019438728401907537,0.0005477323295756837,0.0003219365575414393,0.00015491384529094207,1.890712777774015e-09,-0.00015492199789010218,-0.00032194300111795316,-0.0005477400341389711
2152,-0.0001946152658935402,-0.00018190594129136964,-9.83360816856763e-05,9.260588563835465e-08,9.822831723392929e-05,0.0001819901059839789,0.00019438577962018865,0.000547732476866153,0.0003219365600849168,0.00015491382752359564,1.750740474787198e-09,-0.00015492225527615099,-0.00032194306599975177,-0.0005477401639256908
2153,-0.00019461654189910553,-0.00018190505553079866,-9.833632626317974e-05,9.230426849994523e-08,9.822790605008902e-05,0.00018198926401636424,0.00019438550167038353,0.0005477323487673775,0.000321936520499158,0.00015491383973691213,1.4405013183734064e-09,-0.00015492234263766612,-0.00032194329243861623,-0.0005477403178754467
2154,-0.00019461633027420072,-0.00018190444798604172,-9.83369530797931e-05,9.113352849720967e-08,9.822802057187177e-05,0.00018198809131094446,0.00019438413026612393,0.0005477325887560402,0.0003219364639645901,0.00015491381043836365,1.0424002186437995e-09,-0.00015492241539730818,-0.0003219435653768738,-0.0005477406365500541
2155,-0.00019461651100265758,-0.0001819040844207607,-9.833771825259187e-05,9.19748515170013e-08,9.822822624802807e-05,0.0001819884548663733,0.0001943839677050937,0.0005477327261731924,0.00032193631295139455,0.0001549136841408326,1.0923004374899214e-09,-0.00015492242569839203,-0.00032194347427413444,-0.0005477408688620394
2156,-0.00019461860102519259,-0.00018190303800063096,-9.833869479512388e-05,9.289965631741079e-08,9.822856864096644e-05,0.00018198899467736763,0.00019438422747762,0.000547732545170085,0.00032193641607784567,0.00015491358204333376,1.2664646948456056e-09,-0.00015492240439792413,-0.00032194329216114596,-0.0005477409779541013
2157,-0.00019461984663677137,-0.00018190335769413817,-9.833848312391383e-05,9.487218333384712e-08,9.82291182016817e-05,0.00018198872061917504,0.000194385640103416,0.0005477325010291893,0.0003219361691755486,0.00015491368399747296,1.5578624704399646e-09,-0.0001549223254113867,-0.0003219433383599462,-0.0005477410703054568
2158,-0.00019462083659403664,-0.00018190447015345492,-9.833842486105539e-05,9.421566291289603e-08,9.822932115075357e-05,0.00018198828014774846,0.00019438454561448223,0.0005477326830034426,0.0003219357738960237,0.00015491377526438216,1.2727972348320833e-09,-0.00015492234722748685,-0.00032194345029607846,-0.0005477415591849536
2159,-0.00019462248167225369,-0.00018190271901648094,-9.834080330331107e-05,9.364867175766433e-08,9.822944290305388e-05,0.00018198788976482355,0.00019438465446140716,0.0005477326046643358,0.00032193607717103095,0.00015491319593882578,9.539601906417773e-10,-0.00015492234373136145,-0.000321943561006717,-0.0005477419516204083
2160,-0.00019462400269177422,-0.00018190305825672054,-9.834378906667909e-05,9.320840170280807e-08,9.822937123827002e-05,0.00018198717778691994,0.00019438491391866357,0.000547732645059383,0.00032193593741850396,0.00015491255006896143,9.381867855324031e-10,-0.0001549223947072749,-0.00032194368982229075,-0.0005477422155177594
2161,-0.00019462449669996676,-0.00018190412247974614,-9.834422663860803e-05,9.389623563727731e-08,9.822925530565459e-05,0.00018198691097993453,0.000194386496090688,0.0005477328143624939,0.00032193560709014516,0.00015491246685100232,9.526236804834739e-10,-0.00015492241942525163,-0.0003219436813363249,-0.0005477424134927984
2162,-0.0001946254104407393,-0.00018190513061429024,-9.834411216313056e-05,9.378527806522345e-08,9.822834677471675e-05,0.00018198727986539474,0.0001943873350238301,0.000547732980798412,0.00032193534430267505,0.00015491256292970854,8.765794893378383e-10,-0.00015492275803378583,-0.00032194350511957967,-0.0005477426564642667
2163,-0.0001946263102997851,-0.00018190505861453215,-9.834431954075897e-05,9.401076564067898e-08,9.822911778493432e-05,0.00018198615717951132,0.0001943900806303695,0.0005477329732604696,0.00032193526036791774,0.00015491252285143998,8.836121504074871e-10,-0.00015492269026860862,-0.0003219437499177272,-0.0005477425897326662
2164,-0.0001946270853612206,-0.00018190518955005285,-9.83446740558241e-05,9.387752495629547e-08,9.823087054160733e-05,0.00018198481647465598,0.00019439121936546004,0.0005477330044527527,0.00032193520082742194,0.0001549124409075319,8.669345598364098e-10,-0.0001549223561204091,-0.00032194404535419924,-0.0005477426715401514
2165,-0.00019462770143796856,-0.00018190525238728016,-9.834493037121914e-05,9.362190409980986e-08,9.8233295301934e-05,0.00018198397765974007,0.0001943937518200062,0.0005477329903480139,0.0003219350946487978,0.0001549122715720494,6.617560674996659e-10,-0.00015492184899492973,-0.00032194424455473205,-0.0005477426512848216
2166,-0.00019462812342669862,-0.00018190535066281205,-9.834529565669144e-05,9.271366861516258e-08,9.823314163151432e-05,0.00018198348410474797,0.0001943950090965704,0.0005477330666523387,0.00032193500215870716,0.0001549121954527048,4.2920525706831065e-10,-0.00015492201895703258,-0.00032194428289187465,-0.0005477426986628705
2167,-0.00019462884032084188,-0.0001819049663094235,-9.834501636600411e-05,9.404676682219226e-08,9.823273323091593e-05,0.00018198314356402014,0.00019439784739245356,0.0005477329116851919,0.0003219349660182042,0.0001549122457048833,6.890363159866881e-10,-0.00015492222318208953,-0.0003219442959560999,-0.0005477424914619449
2168,-0.00019462954502783394,-0.0001819041896223777,-9.834620967825121e-05,9.48115632616446e-08,9.82325579920958e-05,0.00018198229498559026,0.00019439976918895276,0.0005477328509654473,0.0003219350471782588,0.0001549119783067822,9.580049398864933e-10,-0.0001549223276750817,-0.00032194440044677985,-0.0005477424053074255
2169,-0.00019462890595608936,-0.00018190586800097549,-9.834737385759127e-05,9.533843170339693e-08,9.82327806465202e-05,0.00018198124442754334,0.00019440313953230956,0.0005477331975489396,0.00032193453149975833,0.00015491164924784988,1.0058338104338317e-09,-0.0001549223176329701,-0.0003219445691024602,-0.0005477422898566697
2170,-0.0001946281539389114,-0.00018190787500901103,-9.834782931024832e-05,9.484352274343589e-08,9.823236161147478e-05,0.0001819825232705376,0.0001944049680680383,0.0005477335748160193,0.0003219339647436052,0.00015491150016307275,8.949948652623204e-10,-0.0001549224632655546,-0.0003219441854766866,-0.0005477423263440106
2171,-0.00019462960750053044,-0.0001819073417792754,-9.834701049822088e-05,9.439913991224915e-08,9.823404708857086e-05,0.00018198203623769106,0.0001944087401243312,0.0005477334145306922,0.0003219339928374703,0.00015491161753531006,7.525176095409799e-10,-0.0001549220011110696,-0.0003219442951930567,-0.0005477421808108529
2172,-0.00019463182954232636,-0.0001819064642748343,-9.834665620482989e-05,9.303977330086014e-08,9.823549166401322e-05,0.0001819810777877091,0.00019441119627371497,0.0005477333532328846,0.0003219341929860265,0.0001549117498308235,5.479437196087244e-10,-0.0001549215995283449,-0.0003219444729821335,-0.0005477421760707357
2173,-0.00019463184102012029,-0.00018190605322202807,-9.834698476431718e-05,9.24590644183156e-08,9.823597960523106e-05,0.0001819800184513666,0.00019441546400321945,0.0005477336267954503,0.00032193425870023583,0.0001549116267565721,3.972381865835109e-10,-0.0001549214635864097,-0.0003219446549563868,-0.0005477420910492199
2174,-0.00019463262721452335,-0.00018190586295665744,-9.834703658975885e-05,9.324050190629407e-08,9.823556315441344e-05,0.0001819793440102827,0.00019441803677290107,0.0005477339906745895,0.00032193425266525743,0.00015491164054222008,7.010818283578933e-10,-0.0001549215059954285,-0.00032194473872928646,-0.0005477421697814096
2175,-0.00019463344915264866,-0.00018190585119315017,-9.83468021994133e-05,9.276892209061643e-08,9.823532304093441e-05,0.00018197838777704202,0.0001944216405637494,0.0005477341861292736,0.00032193410616095385,0.00015491164089599468,5.987784576372366e-10,-0.00015492152891909746,-0.00032194495034661386,-0.000547742102957319
2176,-0.0001946342309923865,-0.0001819056617258064,-9.834578962744569e-05,9.16071020648098e-08,9.82352409929342e-05,0.00018197759157282043,0.00019442405540292718,0.0005477343256043303,0.0003219340165611785,0.00015491193354851506,4.82815857503736e-10,-0.0001549214350000349,-0.0003219450961341193,-0.0005477421405776634
2177,-0.00019463446006550854,-0.000181906174620635,-9.834414510390658e-05,8.998854471040643e-08,9.823434150531573e-05,0.00018197644911360444,0.00019442917159263531,0.0005477345384009063,0.00032193369023301614,0.00015491233160274277,8.229617061913396e-11,-0.00015492156667355249,-0.0003219453438225821,-0.0005477417821323171
2178,-0.00019463476815314345,-0.00018190669444154872,-9.834506224663816e-05,8.992457219527962e-08,9.823406143433548e-05,0.00018197530608296184,0.00019443134770355105,0.0005477347692330502,0.0003219334171560234,0.0001549122082648946,1.3586659669806722e-10,-0.00015492158381890306,-0.00032194555971757624,-0.0005477418477540364
2179,-0.000194636550275235,-0.00018190447105000368,-9.834549374075501e-05,8.977485780072403e-08,9.823406552496212e-05,0.00018197542219094615,0.00019443415283698406,0.0005477344013999596,0.0003219337675547319,0.0001549120593928447,5.749951394954392e-11,-0.00015492152947866252,-0.0003219454731237288,-0.0005477418465747877
2180,-0.00019463869112518547,-0.0001819041059280776,-9.834491480575418e-05,8.894991657614233e-08,9.823428931632848e-05,0.00018197452048954199,0.00019443807002579428,0.0005477340434401862,0.0003219336975397333,0.00015491221229977482,1.1285064859011354e-11,-0.0001549213324169631,-0.0003219455297045418,-0.0005477413794767074
2181,-0.00019463799296989554,-0.00018190420051889284,-9.834434835149962e-05,8.852074313720779e-08,9.823556438298074e-05,0.00018197386518139876,0.0001944437931395718,0.0005477341515148571,0.0003219334748004725,0.00015491229880344436,-1.449085880154536e-10,-0.00015492094575289008,-0.0003219455877420737,-0.0005477407048539861
2182,-0.00019463666142757096,-0.00018190396467732063,-9.83441859461339e-05,8.754846275245519e-08,9.823582231314868e-05,0.00018197340865091282,0.0001944456138231102,0.0005477343934920568,0.0003219334057797423,0.0001549123897928833,-3.5750233539213114e-10,-0.000154920784239757,-0.00032194560251736567,-0.0005477406656844327
2183,-0.00019463627278848254,-0.0001819034566790273,-9.834362175295548e-05,8.71031461825335e-08,9.823609294573699e-05,0.0001819710739888056,0.0001944489458808813,0.000547734256976683,0.00032193340212638373,0.00015491255106785438,-4.926350487873551e-10,-0.00015492056253176066,-0.000321946165920753,-0.0005477404934910064
2184,-0.00019463529759964056,-0.0001819028444840397,-9.83427601125005e-05,8.62224183108902e-08,9.823569067713771e-05,0.00018197103704311693,0.00019445165155652038,0.0005477341092006406,0.0003219334864773464,0.00015491294257609592,-5.609976288708539e-10,-0.00015492052908040713,-0.0003219461260344013,-0.0005477403684675264
2185,-0.00019463273080038223,-0.00018190243243616292,-9.834303665147292e-05,8.607416958628739e-08,9.823514270755012e-05,0.00018197144485455473,0.00019445596659621074,0.0005477340649210098,0.00032193352620184034,0.00015491299404220686,-6.394316227037488e-10,-0.00015492055970387612,-0.0003219460228385827,-0.0005477400547180163
2186,-0.00019462971243613852,-0.00018190213344209356,-9.834479918052688e-05,8.636430340367034e-08,9.823509659834542e-05,0.0001819708384526511,0.0001944590195317669,0.0005477342051591098,0.0003219335602381937,0.00015491276710852042,-4.977801445940595e-10,-0.00015492050578909004,-0.00032194609865733456,-0.0005477398948257721
2187,-0.00019462692345043452,-0.00018190098694348227,-9.834455802173118e-05,8.775057837785983e-08,9.823515549962535e-05,0.00018196990265283933,0.00019446355279732506,0.00054773411102732,0.00032193378378674286,0.0001549129387886267,-1.7117425688021586e-10,-0.0001549203510994134,-0.00032194637869420656,-0.0005477395461150077
2188,-0.00019462472791101262,-0.00018190090867773538,-9.83446018412884e-05,8.715627410650767e-08,9.823502962123051e-05,0.00018196920620197718,0.00019446688107185766,0.0005477338397538841,0.00032193387419580645,0.00015491308700630926,-2.215041069288297e-10,-0.0001549202560681575,-0.0003219465620789338,-0.0005477392996982837
2189,-0.00019462173302452256,-0.00018190165722694468,-9.834458286007137e-05,8.570508325681387e-08,9.823508611069592e-05,0.00018196860904142183,0.00019447186907480438,0.0005477335661913183,0.00032193374935730656,0.00015491316426096972,-6.019808040608921e-10,-0.00015492014174809318,-0.0003219467659964612,-0.0005477388938055208
2190,-0.00019461758406309195,-0.00018190232807198154,-9.834439515528326e-05,8.663779674789466e-08,9.823502163308002e-05,0.0001819681733680087,0.00019447459676022173,0.0005477335519478444,0.00032193368045218906,0.0001549133999534678,-2.512078333196675e-10,-0.0001549200976996875,-0.000321946962676639,-0.0005477386048664775
2191,-0.00019461359660850793,-0.00018190314953720203,-9.834356516299783e-05,8.696671288917147e-08,9.823624102602768e-05,0.0001819686550314151,0.00019447813466951799,0.0005477332758418012,0.0003219335122589592,0.00015491366767759644,-1.4080370929103865e-10,-0.00015491968882643144,-0.000321946953473875,-0.0005477383198813857
2192,-0.00019460968129161258,-0.00018190329250223895,-9.834436185490252e-05,8.725955202061832e-08,9.823771105557171e-05,0.00018196787753649022,0.00019448055825743482,0.0005477330759707154,0.0003219335233346475,0.00015491360433807013,1.1899735105605635e-10,-0.0001549192417223964,-0.00032194722895561006,-0.0005477379740146917
2193,-0.00019460376073022256,-0.00018190355643238676,-9.834486619015398e-05,8.812591408239702e-08,9.823747719822931e-05,0.00018196700929310177,0.0001944835164938017,0.0005477332723965453,0.0003219334558168813,0.0001549135078408463,3.955285165990913e-10,-0.00015491922431576136,-0.0003219475459191507,-0.0005477376622537185
2194,-0.00019459799049345065,-0.0001819036339001068,-9.834440087841674e-05,8.868459428623988e-08,9.823718544354446e-05,0.00018196870479479473,0.00019448319127321945,0.0005477334701634817,0.00032193346515838045,0.00015491370434529288,6.830535496837794e-10,-0.0001549192608770942,-0.0003219472340656875,-0.0005477378113708673
2195,-0.0001945940800632384,-0.00018190333051196347,-9.834304292435824e-05,8.836601699889855e-08,9.823855757982132e-05,0.00018196847068720687,0.00019448507256739165,0.0005477331676052727,0.0003219334608113462,0.0001549140320978027,6.987084972308802e-10,-0.00015491884717354316,-0.0003219474249189896,-0.0005477374746838147
2196,-0.00019459049073539564,-0.00018190322625615611,-9.834167328462473e-05,8.77575827395496e-08,9.823934270624766e-05,0.00018196771333999753,0.00019448630057311827,0.0005477330167539347,0.0003219334532040363,0.00015491445075188582,8.774441356557431e-10,-0.0001549185521509642,-0.0003219477668317322,-0.0005477371136256232
2197,-0.0001945845505977167,-0.00018190433327706752,-9.834044005329991e-05,8.787416713407889e-08,9.823944256009937e-05,0.0001819670239137423,0.00019448792589770708,0.0005477331613853141,0.00032193305274506623,0.00015491475008219072,1.0730842186116778e-09,-0.00015491837407979265,-0.00032194806266128725,-0.0005477367665334355
2198,-0.00019457915458628852,-0.00018190522866322193,-9.833991111911632e-05,8.768212528468253e-08,9.823949691262614e-05,0.0001819662854236125,0.00019448695169408344,0.0005477334002178507,0.00032193272687935427,0.00015491495673511255,1.3603588626616562e-09,-0.00015491828641074797,-0.0003219482986959986,-0.0005477367188085488
2199,-0.0001945732272564483,-0.00018190506992483895,-9.834056862429654e-05,8.74811012152166e-08,9.824145578781847e-05,0.00018196501795989038,0.00019448711113197146,0.0005477335863310356,0.00032193261459638424,0.0001549148070029048,1.528263255368218e-09,-0.00015491771847997077,-0.0003219486677545829,-0.000547736519122443
2200,-0.00019456803297833255,-0.00018190495255577513,-9.833945309405413e-05,8.734629280506554e-08,9.824310584828478e-05,0.0001819636438364281,0.00019448608179552815,0.0005477336790061064,0.00032193254370272974,0.00015491514485302022,1.818967887077498e-09,-0.00015491723116818108,-0.0003219489599539018,-0.000547736389058253
2201,-0.00019456183409275441,-0.0001819051946337796,-9.833841682167352e-05,8.743912582815855e-08,9.824414680636393e-05,0.00018196256179080225,0.00019448648303555945,0.000547733955967683,0.0003219323375885627,0.00015491541388588367,2.0031459920958016e-09,-0.0001549168624934307,-0.000321949196335451,-0.0005477362213968411
2202,-0.00019455597198436995,-0.00018190372734806868,-9.8337971279328e-05,8.443908562632316e-08,9.824431526392605e-05,0.00018196093626916978,0.00019448601617998504,0.0005477343554323845,0.0003219325801207029,0.00015491563954089462,1.5505118569949294e-09,-0.0001549167321124621,-0.0003219495400517505,-0.0005477360825692151
2203,-0.00019455201070703792,-0.00018190179432008013,-9.833887690288646e-05,8.386059094323632e-08,9.824505241612932e-05,0.0001819594049048564,0.0001944875032587329,0.0005477342757984165,0.000321932879580494,0.0001549154538392906,1.5872060170963818e-09,-0.00015491642934152582,-0.00032194998226999644,-0.000547735573989329
2204,-0.00019454810828665098,-0.00018190009897602215,-9.833878109237091e-05,8.304160241885296e-08,9.8246065710262e-05,0.0001819585727106079,0.00019448834558102616,0.0005477344352050877,0.0003219331629238867,0.0001549156072456672,1.7266683700489587e-09,-0.00015491604813899266,-0.0003219501871355473,-0.000547734987417174
2205,-0.00019454273994015447,-0.00018190054762476116,-9.833882654049408e-05,8.22831043680927e-08,9.82455087180446e-05,0.00018195810359888345,0.00019448980123130816,0.0005477350578715006,0.000321932880158557,0.00015491567088809862,1.7327169813191496e-09,-0.0001549160623061623,-0.00032195036406909073,-0.0005477344856353097
2206,-0.0001945381880342648,-0.00018190147851818546,-9.833902253490951e-05,8.128302883041545e-08,9.824435955441764e-05,0.00018195564530172365,0.00019448840102911574,0.000547735730020112,0.00032193250055610246,0.00015491575611309267,1.7227930673210881e-09,-0.00015491628055040472,-0.0003219510005858947,-0.0005477344281064733
2207,-0.00019453488906012639,-0.00018190147556253035,-9.833967487853069e-05,8.050669104353058e-08,9.82437916528773e-05,0.0001819530978028931,0.00019448871175713588,0.0005477361624344084,0.00032193227996723617,0.000154915676666417,1.6512592445377485e-09,-0.00015491636266773173,-0.0003219516797406304,-0.0005477341500812607
2208,-0.00019453308113516582,-0.00018190083872723144,-9.833954211740038e-05,7.931426945452331e-08,9.824508473424733e-05,0.0001819508417513592,0.00019448842461524342,0.000547736523723825,0.00032193227282237665,0.00015491585665907022,1.6015238864341646e-09,-0.0001549159569807593,-0.00032195224147919604,-0.0005477338240768136
2209,-0.000194531078028595,-0.00018190024502479256,-9.833904208755318e-05,7.864531239653667e-08,9.824709818068492e-05,0.00018195129301092693,0.00019449064632206503,0.0005477368678794524,0.00032193220768623034,0.00015491604698749102,1.5396927314324564e-09,-0.00015491541351361106,-0.0003219522122523274,-0.0005477331073479786
2210,-0.00019452964511715285,-0.00018189989061219016,-9.834030949413263e-05,7.78996434110502e-08,9.824783153782705e-05,0.000181951576753816,0.00019448953159674606,0.0005477373275783254,0.000321932098177963,0.00015491588072961632,1.5541750768233677e-09,-0.00015491517630196328,-0.0003219521995349399,-0.0005477329562654155
2211,-0.0001945277452319101,-0.00018189828900180737,-9.834161907101376e-05,7.688166333253994e-08,9.824802383176229e-05,0.00018195203266361442,0.00019448945645414136,0.000547737801983123,0.0003219322449134918,0.0001549156379916856,1.3973203976029685e-09,-0.00015491502788542706,-0.00032195220369699403,-0.0005477328533933122
2212,-0.00019452653907832683,-0.00018189697225746263,-9.83404204336614e-05,7.522786530342789e-08,9.824758243127478e-05,0.00018195214571742178,0.00019448944136059602,0.0005477382586760682,0.00032193242568537403,0.00015491609085554103,1.2276715476315768e-09,-0.00015491508631141734,-0.0003219523121416253,-0.0005477324360780231
2213,-0.00019452632041896294,-0.00018189587187692304,-9.833889373632744e-05,7.701497763243967e-08,9.824695174767935e-05,0.00018195054869815658,0.0001944914938463113,0.0005477385007226354,0.00032193257438631735,0.00015491653546465586,1.7137986555423068e-09,-0.00015491516535113655,-0.0003219528570007494,-0.0005477317559752639
2214,-0.0001945255392097648,-0.00018189525190856254,-9.833827182807198e-05,7.621273861237569e-08,9.824720534879778e-05,0.00018194964975536387,0.00019449108450778503,0.0005477389836596438,0.000321932660818307,0.00015491684427981956,1.6386899852004987e-09,-0.0001549150496090371,-0.00032195320258997316,-0.0005477314650014387
2215,-0.00019452553991912202,-0.0001818967921792499,-9.833865047803139e-05,7.516730863495324e-08,9.824904478202688e-05,0.00018194943862306825,0.00019449119000496755,0.000547739311883853,0.00032193218664473475,0.00015491679800702722,1.4101292479418232e-09,-0.00015491455044233004,-0.00032195346477625767,-0.0005477311294011447
2216,-0.00019452557504215674,-0.00018189849677450838,-9.833894073025822e-05,7.419341018568598e-08,9.824958050239457e-05,0.00018194936651493612,0.0001944908286367235,0.0005477399083524478,0.0003219316855796686,0.0001549168598042813,1.3948381473011197e-09,-0.0001549143992071583,-0.000321953618124828,-0.0005477307260518593
2217,-0.00019452569924863602,-0.00018189977250421255,-9.8338584707809e-05,7.389249136020144e-08,9.82497101630427e-05,0.00018194923303755205,0.00019449122267480853,0.0005477406509553857,0.00032193122331419544,0.00015491697686436452,1.3640612381930993e-09,-0.00015491437122428138,-0.00032195385323463847,-0.000547730294261871
2218,-0.0001945270244461543,-0.0001818987171777088,-9.833838642768696e-05,7.3144183000331e-08,9.824920493222776e-05,0.00018194914492947366,0.00019448887800288276,0.000547741251609157,0.0003219313568698863,0.00015491708670790845,1.3302676294650797e-09,-0.00015491457775696608,-0.0003219540213585008,-0.0005477303113494153
2219,-0.0001945295286840465,-0.00018189753551665406,-9.833855467145671e-05,7.313499828143434e-08,9.825124170666578e-05,0.00018194928140192158,0.00019448820193618857,0.0005477417258289744,0.00032193150196371605,0.0001549170715672806,1.3683663439214934e-09,-0.000154914149497787,-0.0003219541448327718,-0.0005477300542038407
2220,-0.00019453197254775724,-0.0001818972140300494,-9.833885273843562e-05,7.243653253637837e-08,9.825260570700939e-05,0.0001819490314421702,0.00019448697061027605,0.0005477423979082182,0.0003219315002757719,0.0001549170961141507,1.4138970247887062e-09,-0.00015491384324228653,-0.00032195427455012396,-0.0005477296825786565
2221,-0.0001945338891028947,-0.00018189735167490717,-9.833877594559018e-05,7.1998135851583e-08,9.825264783691712e-05,0.0001819484664292901,0.00019448701767415735,0.0005477431519568048,0.00032193133372424113,0.00015491713501085834,1.3581365804775945e-09,-0.00015491386968751573,-0.0003219545317419436,-0.0005477291449337594
2222,-0.00019453652489699518,-0.00018189709316346038,-9.833880839375701e-05,7.130391560851998e-08,9.825292067836502e-05,0.00018194778418527678,0.00019448515779863242,0.0005477439406429305,0.0003219312737675399,0.00015491722819000015,1.366870201739825e-09,-0.000154913848562779,-0.0003219547794766514,-0.0005477288353925485
2223,-0.00019454020361370016,-0.00018189689202127902,-9.83383280771441e-05,7.087299004148174e-08,9.825363868087892e-05,0.00018194744652138655,0.00019448434111172096,0.0005477443580507096,0.0003219311341306255,0.0001549173727566364,1.3371177569475244e-09,-0.0001549137041117554,-0.0003219550008285609,-0.00054772840598418
2224,-0.00019454288723030005,-0.00018189629138290283,-9.833757040678316e-05,7.093260611705728e-08,9.825387468402692e-05,0.00018194631988477752,0.0001944823373647582,0.0005477451156601648,0.00032193108772372246,0.00015491760493682323,1.559696584592756e-09,-0.00015491364527418425,-0.0003219553872752822,-0.0005477280255030696
2225,-0.00019454528103506568,-0.00018189679779499459,-9.833686752343028e-05,7.266692924608007e-08,9.825422092818387e-05,0.00018194619391475738,0.00019448147550558473,0.0005477459509381736,0.0003219306948026949,0.0001549177576287139,2.003531118844788e-09,-0.00015491350794489764,-0.0003219555249236596,-0.000547727534241953
2226,-0.0001945499619060393,-0.00018189689233654889,-9.833910333266763e-05,7.12327440761997e-08,9.825453610742055e-05,0.00018194748828479304,0.00019447995348114151,0.0005477463701495095,0.00032193039682274524,0.00015491726864979034,1.7962854234301444e-09,-0.00015491344940329476,-0.00032195524590417866,-0.0005477270018227462
2227,-0.00019455596385631847,-0.00018189600304889615,-9.833954294990988e-05,7.032892741118968e-08,9.825568437646923e-05,0.0001819467839226274,0.00019447800406897152,0.0005477463771093887,0.000321930296655977,0.0001549171361253639,1.6189435866010374e-09,-0.0001549131435824977,-0.0003219555159983659,-0.0005477266080924301
2228,-0.00019456177430970402,-0.00018189501672708665,-9.83390933376273e-05,6.89891408256451e-08,9.825745944538255e-05,0.00018194641711597796,0.00019447570002745112,0.0005477466559670122,0.0003219302375779316,0.0001549173139236897,1.5144313334063064e-09,-0.00015491270440255118,-0.0003219556579706551,-0.0005477262981581363
2229,-0.00019456605171405287,-0.00018189513897298135,-9.833877616332342e-05,6.706256333759509e-08,9.825758246368846e-05,0.00018194640899777865,0.0001944756105203627,0.0005477472768992359,0.000321929885491279,0.00015491742340883454,1.1009641118955938e-09,-0.00015491268121066096,-0.0003219558232966921,-0.0005477255842964941
2230,-0.00019457069159009032,-0.00018189313786640381,-9.833851512971764e-05,6.674513402964823e-08,9.825788765773702e-05,0.0001819468417746498,0.00019447336082348727,0.0005477479280063516,0.0003219300837900334,0.00015491758669084057,1.1856309072683875e-09,-0.00015491262454429467,-0.000321955857841741,-0.0005477252770444129
2231,-0.00019457661386576032,-0.00018189082974607936,-9.833816632891903e-05,6.730498627782936e-08,9.825839868163596e-05,0.000181946989636222,0.00019447196182326124,0.0005477483056896368,0.0003219303275476673,0.00015491772312297333,1.3867839568113082e-09,-0.00015491247655552513,-0.00032195593386859554,-0.0005477250060253248
2232,-0.0001945832876955556,-0.00018189112825739174,-9.833846049541843e-05,6.683640337129508e-08,9.82583120661634e-05,0.00018194698321259827,0.00019446972086527273,0.0005477486380990227,0.0003219299625817696,0.00015491778479767804,1.4761300653969914e-09,-0.00015491244811944674,-0.00032195599310849856,-0.0005477248227330876
2233,-0.00019458916992209907,-0.00018189169521115204,-9.833869437443564e-05,6.64213867754395e-08,9.825989131603016e-05,0.00018194715802974493,0.00019446921303446654,0.0005477489952957529,0.0003219295385840715,0.00015491776095373266,1.3760971083104952e-09,-0.00015491194178938214,-0.00032195604388555836,-0.0005477245529857381
2234,-0.00019459573546654388,-0.00018189155762540738,-9.833893539825643e-05,6.642369219429519e-08,9.826186574979092e-05,0.0001819468379618547,0.0001944670346969573,0.0005477493421104703,0.00032192934840132254,0.0001549178494575004,1.4746271745602454e-09,-0.0001549114275860986,-0.000321956089922501,-0.0005477244932602621
2235,-0.00019460241661651163,-0.0001818912960400793,-9.833887760337671e-05,6.636669658577797e-08,9.826323751562569e-05,0.00018194688277943811,0.00019446663791996522,0.0005477494880598334,0.0003219291442525699,0.00015491792104714282,1.4644445002956134e-09,-0.00015491106667820358,-0.0003219561543880942,-0.0005477242739200121
2236,-0.00019460907438724763,-0.00018189105648423387,-9.833880779178858e-05,6.638418828661865e-08,9.826348868226954e-05,0.00018194686386324553,0.00019446504249675376,0.0005477495979380611,0.0003219290155988538,0.0001549180344793023,1.6025216730237457e-09,-0.0001549109791872023,-0.0003219561934651575,-0.0005477241677182655
2237,-0.0001946154077846891,-0.00018189120073990684,-9.833857832260878e-05,6.693615616719947e-08,9.826363704630311e-05,0.00018194685943961507,0.00019446510675269553,0.000547749559138468,0.0003219288130224327,0.0001549181220350466,1.697324611983317e-09,-0.00015491084111799496,-0.00032195622634538474,-0.0005477239166307918
2238,-0.00019462162613818212,-0.00018189171073819348,-9.833787304419006e-05,6.674463796826061e-08,9.826376414045742e-05,0.00018194727352689385,0.00019446341928053227,0.0005477494505088565,0.0003219285860517503,0.00015491840799590893,1.7223608927127827e-09,-0.0001549107190310753,-0.000321956123103321,-0.0005477238825250709
2239,-0.00019462708502624636,-0.00018189261337555503,-9.833661699816357e-05,6.614051943529923e-08,9.82645342117619e-05,0.0001819469711436733,0.0001944639462442791,0.0005477491477425447,0.00032192827133109423,0.00015491871741688275,1.5784420809814423e-09,-0.00015491034622664232,-0.0003219563181649222,-0.000547723529582885
2240,-0.000194632626820436,-0.00018189293106906902,-9.833670527077342e-05,6.566061362197788e-08,9.826518126377525e-05,0.00018194727927071691,0.00019446253245592542,0.0005477488608382835,0.00032192816536057286,0.00015491880437144145,1.6549110124512635e-09,-0.00015491000853607234,-0.0003219562829955653,-0.000547723451590616
2241,-0.00019463726004624948,-0.00018189408987305766,-9.833602548487989e-05,6.647689149733989e-08,9.8263732916917e-05,0.00018194923627892046,0.00019446149520817866,0.0005477485729859988,0.0003219278384774699,0.0001549190777074064,1.873250449294316e-09,-0.0001549102089320395,-0.00032195588729983486,-0.0005477234911070072
2242,-0.00019464230539875722,-0.00018189638592445713,-9.833485367797927e-05,6.613219781695118e-08,9.826469860628349e-05,0.00018194866861580297,0.00019445953949061114,0.0005477481962969821,0.0003219272734786286,0.0001549195377854889,1.8960932149863736e-09,-0.00015490994307621063,-0.0003219561177620183,-0.0005477235993435358
2243,-0.0001946469940825125,-0.00018189662529311107,-9.833410435537353e-05,6.341227565826602e-08,9.826626257245775e-05,0.00018194894905821055,0.0001944593197080983,0.0005477478278164609,0.00032192716427095405,0.0001549198063512774,1.293104087772282e-09,-0.00015490953328961497,-0.000321956166989869,-0.0005477234847020685
2244,-0.0001946515909537683,-0.00018189706131135065,-9.833405324520043e-05,6.186483060781047e-08,9.826701118964714e-05,0.00018194867499016578,0.0001944577816147435,0.0005477476012851064,0.00032192710359745457,0.00015492000083944005,1.1461846473603607e-09,-0.0001549093026447636,-0.0003219563252172916,-0.0005477235091194524
2245,-0.00019465511145425607,-0.0001818976331025331,-9.833392270179664e-05,6.134988049153451e-08,9.826690255947022e-05,0.00018194753056051307,0.00019445741981300338,0.0005477474732556983,0.0003219270137433315,0.00015492015026180602,1.0696969890288e-09,-0.00015490922708498404,-0.000321956740289696,-0.000547723546531694
2246,-0.0001946582126655121,-0.00018189816967215903,-9.833433696148863e-05,6.046841727260799e-08,9.826711060409146e-05,0.000181948319483971,0.0001944551515349096,0.0005477474037493951,0.00032192699376547187,0.00015492025629013372,1.0058330060706357e-09,-0.00015490917652990048,-0.00032195659255989875,-0.0005477238849298133
2247,-0.0001946611098183404,-0.00018189875545344226,-9.833480356681758e-05,5.976422853397113e-08,9.82674182217772e-05,0.00018194954871136835,0.00019445424137047975,0.0005477472259371958,0.00032192686751649814,0.00015492026364772042,8.805667956000882e-10,-0.00015490914407975217,-0.0003219563767111496,-0.0005477241190684778
2248,-0.00019466310748650586,-0.00018190033920181608,-9.83350560408462e-05,5.909256074913088e-08,9.826719628360657e-05,0.0001819498462768711,0.00019445239121906004,0.0005477472014735669,0.0003219265397316168,0.00015492036256356014,8.855918301357146e-10,-0.0001549092583905675,-0.00032195634440898547,-0.0005477243838213624
2249,-0.0001946649697758158,-0.0001819008588256861,-9.833454156178647e-05,5.904555192381078e-08,9.826731568616109e-05,0.00018194962854361246,0.0001944524859478058,0.0005477471327071844,0.0003219264070777043,0.00015492057246288413,9.086037030909654e-10,-0.0001549092550909835,-0.0003219564460555951,-0.0005477244659988079
2250,-0.0001946671688029107,-0.0001819011082829761,-9.83342606267697e-05,5.969240173193112e-08,9.826796593619325e-05,0.00018194951684940644,0.0001944514078529056,0.00054774681185906,0.0003219263320682408,0.0001549208238116423,1.1798055806268572e-09,-0.00015490913164677175,-0.0003219564755368115,-0.0005477246113701079
2251,-0.00019466970101115227,-0.0001819008769734084,-9.833438527265637e-05,5.8500944952490353e-08,9.826876917191835e-05,0.0001819492389193057,0.00019445143977398066,0.0005477462084537085,0.00032192632677318305,0.00015492089046925062,9.19072676407928e-10,-0.00015490890755946783,-0.00032195659385476,-0.000547724650747764
2252,-0.000194671014001815,-0.0001819004266103894,-9.833455208588905e-05,5.73253498734551e-08,9.82701006758194e-05,0.0001819492027716439,0.00019445150471957527,0.0005477459096875931,0.0003219264172516143,0.00015492103891584613,7.856455485884748e-10,-0.0001549086247918259,-0.0003219565606970625,-0.0005477246047801889
2253,-0.0001946703909300167,-0.00018190134814423923,-9.833442912177014e-05,5.700818130157809e-08,9.827073543821888e-05,0.0001819504323241633,0.00019445248745518992,0.0005477459537822438,0.0003219261450764,0.00015492119510386224,7.345423852870204e-10,-0.00015490858803395162,-0.0003219563172862664,-0.000547724441095851
2254,-0.00019466924660873798,-0.0001819018636597487,-9.833463727082453e-05,5.663390830578589e-08,9.826984752396053e-05,0.00018194977628695848,0.00019445039862476914,0.0005477459390069518,0.0003219259958898837,0.00015492130610584456,7.613690400099485e-10,-0.00015490894154032714,-0.0003219564599291087,-0.0005477247646724332
2255,-0.00019466883791060367,-0.000181902194624154,-9.833487729957478e-05,5.581155067843565e-08,9.826888380404555e-05,0.0001819491745549899,0.00019444911631380626,0.0005477456473163284,0.00032192581749962136,0.0001549213933471226,5.877324922888757e-10,-0.00015490925515110205,-0.0003219566313826143,-0.0005477250176790762
2256,-0.0001946680028001088,-0.00018190326159593886,-9.833459180595266e-05,5.3999456899361543e-08,9.827039149159113e-05,0.00018194887728505265,0.0001944478818844559,0.0005477454145881378,0.00032192551709180685,0.00015492166672933255,2.8225307435500595e-10,-0.00015490896081526203,-0.00032195667392805597,-0.0005477250943996064
2257,-0.0001946664276132826,-0.0001819027320607721,-9.833450647914572e-05,5.4660460286532435e-08,9.827229759159133e-05,0.000181948616044551,0.00019444864745823859,0.0005477451569107452,0.0003219256096975102,0.00015492177673010962,4.786643986493274e-10,-0.00015490858627432763,-0.0003219567076638165,-0.000547724822617475
2258,-0.00019466410530581368,-0.00018190198911745528,-9.833386595026315e-05,5.471747571271706e-08,9.827357779812778e-05,0.00018194839874478844,0.00019444681830182225,0.0005477450431710562,0.00032192575273343535,0.00015492209535384745,6.439039280872157e-10,-0.00015490845768073008,-0.0003219565886521924,-0.0005477250320844078
2259,-0.00019466139026074798,-0.00018190155505980025,-9.833345312603432e-05,5.427323882389715e-08,9.82746520477207e-05,0.00018194897905810973,0.00019444604967386265,0.000547744939420297,0.00032192577668836887,0.0001549222741371927,5.968752385651824e-10,-0.00015490834476189063,-0.00032195635876807203,-0.0005477252647201083
2260,-0.00019465945382390388,-0.00018190150929640718,-9.83332150411199e-05,5.355513213793045e-08,9.827502926024652e-05,0.00018194805087403597,0.00019444381711978683,0.0005477446456948916,0.00032192579752176177,0.0001549224642829456,6.269275194444635e-10,-0.0001549084028063593,-0.00032195643627476797,-0.0005477256790294695
2261,-0.000194657594756258,-0.00018190129885376445,-9.833310935083459e-05,5.38003782578425e-08,9.827513533969308e-05,0.0001819466703959152,0.0001944435329138451,0.0005477443190198914,0.0003219258097998213,0.0001549225628126392,7.550639999633924e-10,-0.00015490848366813334,-0.0003219566064102898,-0.0005477258951556888
2262,-0.00019465498880442186,-0.00018190253187425252,-9.833323426273021e-05,5.4247949541371484e-08,9.827539216641645e-05,0.00018194805450949176,0.00019444276423662458,0.000547744217696997,0.00032192549168015447,0.0001549227270796647,1.006472342296262e-09,-0.00015490860472841298,-0.0003219560600250792,-0.0005477259836687055
2263,-0.00019465278230937173,-0.00018190313479833528,-9.833276585839253e-05,5.264173449624174e-08,9.827648447703245e-05,0.0001819476703432947,0.00019444249767594377,0.000547743943671981,0.00032192528071025764,0.00015492293957333577,6.533415603808504e-10,-0.00015490849177488976,-0.0003219560508454377,-0.0005477260143522931
2264,-0.00019465104329058363,-0.00018190315848298476,-9.833249405142392e-05,5.0867778137809406e-08,9.82778763117653e-05,0.00018194566134511805,0.00019444101083364833,0.0005477437511076121,0.0003219252662355585,0.00015492312443327998,4.0817849048925435e-10,-0.00015490830221644893,-0.0003219562805908229,-0.0005477260691295493
2265,-0.00019464711996386298,-0.0001819029041981248,-9.833464125110672e-05,5.0031248878267306e-08,9.827802911913368e-05,0.00018194477484563329,0.00019444055655931243,0.0005477439653146621,0.00032192532640036245,0.0001549226582300412,1.9628048373094334e-10,-0.0001549084913656211,-0.00032195635562340895,-0.0005477260381453689
2266,-0.00019464380505874361,-0.0001819026591841696,-9.833512542780521e-05,4.889494678742015e-08,9.827706999723282e-05,0.0001819441880692795,0.00019443690420705087,0.0005477441892562942,0.00032192548298608595,0.00015492265416047724,-9.943680007936019e-12,-0.00015490895839664619,-0.0003219563195522736,-0.0005477264297021677
2267,-0.00019464273452046826,-0.00018190449413366995,-9.83347380763972e-05,4.8719685546672197e-08,9.827623637047683e-05,0.00018194387700628511,0.00019443409150714082,0.0005477438379326848,0.00032192508981071055,0.00015492280685930465,-5.105037498453999e-11,-0.00015490931880278246,-0.0003219561754527123,-0.0005477266646963657
2268,-0.00019464165071130156,-0.000181907062903365,-9.833429750447833e-05,4.7651123844007574e-08,9.827744420976871e-05,0.00018194363361794024,0.00019443051974574153,0.0005477435155815964,0.00032192459448003,0.00015492304999263049,-1.5893889152887722e-10,-0.00015490915542134954,-0.0003219559961375491,-0.000547726816102644
2269,-0.00019463879362730414,-0.0001819071716123594,-9.833454002681626e-05,4.6008087963960626e-08,9.827817343687544e-05,0.00018194362769677789,0.00019442913722821876,0.0005477435424037226,0.00032192470879778204,0.00015492306001855632,-5.737684012937301e-10,-0.00015490906892924125,-0.0003219558375401661,-0.0005477266005313653
2270,-0.00019463532507738078,-0.0001819070032680974,-9.833465672002027e-05,4.5347082744283584e-08,9.827812994244028e-05,0.00018194395822768711,0.00019442551059015652,0.0005477437813518718,0.0003219249197214338,0.00015492317255587414,-6.278035254877937e-10,-0.00015490921419186542,-0.00032195544304680694,-0.0005477266857147388
2271,-0.00019463233186576187,-0.00018190734588763598,-9.833508933038953e-05,4.6093924092333835e-08,9.827756969309097e-05,0.00018194516644037676,0.00019442181858285578,0.0005477439146763376,0.00032192496487972057,0.00015492314678813488,-4.667746711530434e-10,-0.0001549095177142837,-0.00032195501047065284,-0.0005477269347211853
2272,-0.00019462945786556516,-0.00018190802346171428,-9.833558411394893e-05,4.575012394096291e-08,9.827658221266468e-05,0.00018194428506402752,0.00019441661559540965,0.0005477441206980145,0.0003219249490639151,0.00015492314920212625,-4.821732005138943e-10,-0.0001549099288558592,-0.00032195505592953245,-0.000547727415369064
2273,-0.00019462683955909075,-0.00018190825033779934,-9.833664088675328e-05,4.6053544114694154e-08,9.827570930032638e-05,0.00018194321990504445,0.0001944133449660036,0.0005477443115513165,0.00032192499262674774,0.0001549229826205362,-4.838765904905254e-10,-0.00015491028779602756,-0.00032195504046056477,-0.0005477277823466212
2274,-0.00019462403582466782,-0.00018190836142116998,-9.833645229723908e-05,4.671974257702247e-08,9.82741687389996e-05,0.0001819428429703502,0.00019440838683487771,0.0005477446672219602,0.0003219250590346329,0.0001549231886930827,-3.1270074829084726e-10,-0.00015491079576316675,-0.0003219548702325529,-0.0005477283027883614
2275,-0.0001946224709924866,-0.0001819100985286345,-9.833516020305784e-05,4.560681685788622e-08,9.827275538709765e-05,0.0001819424907055238,0.00019440387346087833,0.0005477447901412907,0.00032192468086577464,0.00015492356606190162,-6.830265066911504e-10,-0.00015491123882769705,-0.00032195479402071815,-0.0005477288389765395
2276,-0.000194622872774388,-0.00018191174327187727,-9.833662708877007e-05,4.4955016718613785e-08,9.827257007639018e-05,0.0001819420464607109,0.0001943994725397031,0.0005477446805867783,0.00032192437167140157,0.00015492332263723202,-7.912960663689283e-10,-0.0001549113671230141,-0.00032195466106621284,-0.0005477292660726557
2277,-0.00019462290368068812,-0.00018191242108240799,-9.833879248839173e-05,4.533504061626748e-08,9.827383444554142e-05,0.00018194364880015526,0.00019439743766969214,0.0005477448003845683,0.0003219243030437543,0.0001549228230080745,-7.962454776305397e-10,-0.00015491129784793616,-0.0003219540831881264,-0.0005477293519265823
2278,-0.00019462301283303075,-0.000181913107976652,-9.83380684011692e-05,4.525037105047755e-08,9.827547635529618e-05,0.00018194508797758622,0.00019439225213046328,0.0005477451474998785,0.00032192430026905156,0.00015492309808747763,-8.09718461990699e-10,-0.000154911112530166,-0.0003219535105126075,-0.0005477299441175102
2279,-0.00019462422156788615,-0.00018191415948050853,-9.83376648163182e-05,4.44061761969844e-08,9.827505392026219e-05,0.00018194511314006322,0.00019438831111907298,0.0005477452261164555,0.0003219241819742256,0.00015492327859345083,-1.1134259824684153e-09,-0.0001549114110719929,-0.0003219532751715719,-0.0005477305141108166
2280,-0.00019462589264601583,-0.0001819135368717628,-9.833725123642688e-05,4.295781427965843e-08,9.827401920846747e-05,0.00018194415356693233,0.00019438419476837027,0.0005477452901889658,0.0003219245347314314,0.00015492353806052667,-1.3812527457446504e-09,-0.00015491188164538846,-0.0003219531740799027,-0.0005477310258122432
2281,-0.0001946268648200896,-0.00018191277804672595,-9.833713411465287e-05,4.3393360244967056e-08,9.827367146776382e-05,0.00018194434865987296,0.00019438187816531573,0.0005477454547288371,0.00032192490194021383,0.00015492358192857668,-1.3359980635858414e-09,-0.00015491217328745456,-0.0003219529584855014,-0.0005477313554006812
2282,-0.00019462772649207156,-0.00018191324973972255,-9.833747857950546e-05,4.387766123367014e-08,9.827386199126167e-05,0.00018194499848034993,0.00019437776859291536,0.0005477456434548672,0.00032192497477616025,0.00015492359646108217,-1.1290852292555229e-09,-0.00015491236745421413,-0.00032195248738722457,-0.0005477319146882595
2283,-0.00019462826314051493,-0.00018191308887326792,-9.833804265150202e-05,4.416629326693592e-08,9.82745472431467e-05,0.00018194451214700844,0.0001943748018935227,0.0005477458191166718,0.00032192513654132884,0.00015492347339376755,-1.089482896920883e-09,-0.00015491245039470298,-0.0003219524025738115,-0.0005477323925383129
2284,-0.00019462850494265824,-0.00018191284456866997,-9.833839693602606e-05,4.3695760265475365e-08,9.827509716740753e-05,0.0001819434129979918,0.0001943709522906923,0.0005477460208606821,0.0003219254425679163,0.00015492339825713016,-1.1563422857598211e-09,-0.00015491263657263095,-0.00032195237311571755,-0.0005477329865559202
2285,-0.00019463046996068712,-0.00018191440476047268,-9.833873832995298e-05,4.3172254625233233e-08,9.827474033116795e-05,0.00018194247714891913,0.00019437025395806305,0.0005477459076528112,0.00032192521236008067,0.00015492325686752853,-1.3297810644403828e-09,-0.00015491292180282154,-0.00032195228737740353,-0.0005477331530612059
2286,-0.00019463293464206194,-0.0001819161596117199,-9.833849716229032e-05,4.3103432707679276e-08,9.827640992654398e-05,0.00018194375743033216,0.00019436775972998945,0.000547745887166256,0.000321924963261144,0.00015492336900713895,-1.2805136561352955e-09,-0.00015491273550003194,-0.0003219515813311739,-0.0005477335153217684
2287,-0.0001946356344063908,-0.0001819172204652987,-9.83375702905274e-05,4.387030254213628e-08,9.827817874917286e-05,0.00018194421354702638,0.00019436578102727755,0.0005477458660091478,0.00032192483324319906,0.00015492353511240505,-1.1285554176448658e-09,-0.000154912504501406,-0.00032195107730642483,-0.0005477340172192455
2288,-0.0001946388069080477,-0.00018191751370569287,-9.833818291309977e-05,4.235115324292358e-08,9.827889426006953e-05,0.00018194397572516527,0.00019436390758529568,0.0005477460134614749,0.00032192489276057235,0.00015492338574322087,-1.2875671863915315e-09,-0.00015491255017532503,-0.0003219507462843904,-0.0005477344750451943
2289,-0.00019464102845723443,-0.00018191775713344646,-9.833943022615067e-05,4.204970916600172e-08,9.828006173003891e-05,0.00018194312622063014,0.0001943640062746193,0.0005477464596105497,0.0003219248762742137,0.00015492298865089012,-1.3525215047149033e-09,-0.00015491250749114817,-0.0003219504487900137,-0.0005477348565899408
2290,-0.00019464379023120717,-0.00018191855763322016,-9.834072647696818e-05,4.105305145132468e-08,9.828131473863717e-05,0.00018194189958435704,0.00019436047750814945,0.0005477468466122115,0.00032192474408275165,0.00015492260356839765,-1.4804971761584509e-09,-0.00015491246200914608,-0.00032195026288493153,-0.000547735824822455
2291,-0.0001946475405141742,-0.00018191786269959424,-9.834011138642382e-05,3.941341645640383e-08,9.828025195994168e-05,0.0001819412448180839,0.00019435946537361878,0.0005477469098523111,0.00032192495623189707,0.00015492266880628308,-1.840061101196777e-09,-0.00015491295709704015,-0.00032195008171996645,-0.0005477365494360703
2292,-0.00019465081987261502,-0.00018191777140926058,-9.833897384640313e-05,3.92292773282407e-08,9.828009944912401e-05,0.00018194068415001679,0.00019435960918594354,0.0005477470977459302,0.0003219251243095144,0.00015492295346997189,-1.683310740277899e-09,-0.00015491329636456623,-0.00032194976660622753,-0.0005477368835102777
2293,-0.00019465282970822727,-0.00018191837294418545,-9.833830532057029e-05,3.92722852507461e-08,9.828055466828431e-05,0.00018194046183549274,0.00019436191495159609,0.000547747343838939,0.00032192515943262626,0.00015492296001595805,-1.7056528216623668e-09,-0.0001549134043213123,-0.0003219492054457249,-0.0005477370871503348
2294,-0.00019465628290844854,-0.000181919379600902,-9.83386163914464e-05,3.87155004316685e-08,9.828131703715162e-05,0.00018194075916454312,0.00019436180813422094,0.0005477471991150696,0.0003219251450735397,0.00015492282021256152,-1.7780276064330123e-09,-0.00015491352251208691,-0.0003219485686052057,-0.0005477377337023136
2295,-0.00019465956490727454,-0.00018192004148045174,-9.83388951442045e-05,3.819758846130378e-08,9.828237341586863e-05,0.00018194029858480966,0.00019436277696840447,0.00054774685008059,0.00032192516595317766,0.00015492265332806642,-1.928149925109733e-09,-0.0001549135583681828,-0.000321948224611436,-0.0005477382386288411
2296,-0.00019466167244699208,-0.0001819207306012893,-9.833937831203936e-05,3.815147082510787e-08,9.828280701244146e-05,0.00018193868242275167,0.00019436306938121518,0.0005477467031600809,0.00032192523192173483,0.00015492243115299513,-1.8128913088386723e-09,-0.00015491368919079153,-0.0003219481305490138,-0.0005477388265189799
2297,-0.00019466303142764808,-0.0001819223880439968,-9.833952872532713e-05,3.819209104529018e-08,9.828212650930896e-05,0.0001819367271583846,0.00019436505306913202,0.000547746658834205,0.0003219249902220054,0.00015492227705063058,-1.831726633268233e-09,-0.0001549140676625548,-0.00032194824946814787,-0.0005477392036473245
2298,-0.00019466432247749788,-0.00018192376869945688,-9.834006079940164e-05,3.7401133852348335e-08,9.828341389611686e-05,0.00018193730606284365,0.0001943654868804825,0.0005477466442670157,0.00032192480267522405,0.00015492200378172097,-1.913764427017657e-09,-0.00015491395888033466,-0.00032194751474999014,-0.000547739759674627
2299,-0.00019466630091420086,-0.00018192426664852287,-9.833947290876588e-05,3.675535929184711e-08,9.828433981911451e-05,0.0001819378487506756,0.00019436756920846205,0.00054774633495703,0.00032192475319302554,0.00015492195692392874,-2.0311173059380954e-09,-0.00015491386915338545,-0.0003219468861179665,-0.0005477400720136632
2300,-0.0001946680499822163,-0.00018192456418446908,-9.833828880535484e-05,3.55173262442537e-08,9.828505222952897e-05,0.0001819378168887137,0.00019436993087540465,0.0005477461129808124,0.00032192474870725615,0.0001549221400635573,-2.157148061880671e-09,-0.00015491391684127622,-0.00032194647802856393,-0.0005477402345649976
2301,-0.00019466817534140104,-0.00018192542073331555,-9.833930442164721e-05,3.5428540063722545e-08,9.828648964144859e-05,0.0001819375199340463,0.0001943728805108152,0.0005477461251895044,0.0003219245557035595,0.00015492165806763557,-2.153529649685943e-09,-0.00015491377163414613,-0.00032194614365376367,-0.0005477405274579922
2302,-0.00019466778345109204,-0.00018192712776206337,-9.833947996687025e-05,3.627533777448097e-08,9.828559313411566e-05,0.00018193690584743946,0.0001943730375841791,0.0005477462557161449,0.00032192412650329375,0.00015492143064606387,-1.7932978696574749e-09,-0.00015491427818849917,-0.000321945871154834,-0.0005477412819459068
2303,-0.00019466864119205271,-0.00018192770974040373,-9.833799225955309e-05,3.509101544200723e-08,9.828444342172211e-05,0.00018193627116976877,0.000194375988736826,0.0005477459914719558,0.0003219239132673897,0.0001549215918216081,-2.029537763430016e-09,-0.00015491481607849496,-0.0003219456380798056,-0.0005477415740989806
2304,-0.00019467020270404805,-0.00018192705293472854,-9.833750004642841e-05,3.3278086042095165e-08,9.828404045657343e-05,0.00018193577770344633,0.00019437851580222769,0.0005477455199805961,0.0003219240123936444,0.0001549216186391099,-2.2645285593133272e-09,-0.00015491519024946895,-0.00032194524425699947,-0.000547741818804638
2305,-0.0001946710817454298,-0.00018192554521565595,-9.83375063065059e-05,3.244781830141832e-08,9.82841768088247e-05,0.00018193652618369034,0.000194381636717851,0.0005477451891897869,0.0003219243094255705,0.0001549214163609694,-2.44801697927535e-09,-0.000154915397628438,-0.0003219448007901373,-0.0005477421208079066
2306,-0.00019467085490875344,-0.00018192652148823815,-9.833756691418406e-05,3.1865185777060585e-08,9.828472778825441e-05,0.00018193583216631753,0.00019438266419223162,0.0005477450991044385,0.0003219239802302154,0.00015492131655953705,-2.433669486332673e-09,-0.000154915538150945,-0.0003219445608939646,-0.0005477427328610815
2307,-0.0001946703341518823,-0.000181927867316229,-9.833711878564032e-05,3.095787877008216e-08,9.828552788901467e-05,0.00018193519437535683,0.00019438502869660308,0.0005477448918803904,0.0003219234835584285,0.0001549212327311434,-2.5767828250563136e-09,-0.00015491561071635787,-0.000321944491942602,-0.0005477431350079957
2308,-0.00019467034304840411,-0.00018192881511600045,-9.833773554810027e-05,3.0323728018805376e-08,9.828592596156893e-05,0.00018193461818024828,0.0001943858664671875,0.000547744691500609,0.0003219231610454824,0.00015492098409234487,-2.4849040996725192e-09,-0.00015491584389774993,-0.0003219442973434513,-0.0005477437068511037
2309,-0.000194669989295898,-0.00018192929216858492,-9.83372026070336e-05,2.9142600265746886e-08,9.828713837720014e-05,0.00018193424434899188,0.00019438862620175826,0.0005477445533666586,0.0003219229884358506,0.00015492091974467657,-2.7085570594827103e-09,-0.00015491585508211418,-0.0003219439960569809,-0.000547744063700996
2310,-0.00019467008960097974,-0.0001819292140506208,-9.833775329385346e-05,2.6840005415351264e-08,9.828763529868337e-05,0.00018193397395581162,0.00019439135304973997,0.0005477444175912055,0.00032192299088683806,0.00015492069150456757,-3.144037182468541e-09,-0.00015491606882440145,-0.0003219435016512013,-0.0005477442826481632
2311,-0.00019467155749752606,-0.0001819296624629074,-9.833860119642356e-05,2.6565401461065043e-08,9.828766392420297e-05,0.00018193455963857303,0.00019439482108734983,0.0005477437613971347,0.0003219228722682968,0.0001549203000078873,-3.1878333561086324e-09,-0.00015491634734443596,-0.0003219430716878923,-0.0005477443942374576
2312,-0.000194673445914827,-0.0001819302955149678,-9.833758778997598e-05,2.5392532270408824e-08,9.82882086819787e-05,0.00018193387146354513,0.00019439763211238865,0.0005477432135320827,0.0003219227807724746,0.0001549203886018329,-3.19412272320063e-09,-0.00015491648820221954,-0.0003219428042990402,-0.0005477445491121144
2313,-0.00019467321813234105,-0.00018193018502272814,-9.833659267213693e-05,2.481613255269753e-08,9.828915647879449e-05,0.00018193248269973792,0.0001944015981089167,0.0005477431497139201,0.0003219228435038786,0.00015492038361199253,-3.2635173050104194e-09,-0.00015491667926131208,-0.000321942678073189,-0.0005477446587591169
2314,-0.000194672891690088,-0.00018192986938832056,-9.833642224807895e-05,2.5072382181454935e-08,9.828998157750032e-05,0.00018193372160197965,0.0001944026602334272,0.0005477431349386281,0.0003219229668394145,0.00015492023894824171,-3.0648340646960275e-09,-0.00015491694921445195,-0.000321941929805233,-0.0005477451875712103
2315,-0.0001946731703788069,-0.00018192994069842584,-9.833663487199515e-05,2.673548369655231e-08,9.829131378780294e-05,0.00018193546962566362,0.00019440540422420845,0.0005477428755501689,0.00032192295456135497,0.0001549199903834353,-2.6519489767408535e-09,-0.0001549169769591669,-0.00032194113173136314,-0.000547745474498594
2316,-0.00019467344084095244,-0.0001819308769021771,-9.833586417015091e-05,2.549611211158394e-08,9.829323984143068e-05,0.0001819348494109985,0.00019440749341916003,0.0005477426624992451,0.00032192281947957755,0.00015492010657179947,-2.710756219259719e-09,-0.00015491686959204513,-0.0003219408854533743,-0.0005477457504427795
2317,-0.0001946729750789704,-0.00018193203734162824,-9.833403639008464e-05,2.4907707270658333e-08,9.829526340606086e-05,0.00018193405831020803,0.00019441143569162982,0.0005477425498694371,0.00032192263070730245,0.0001549203907822868,-2.782537280102237e-09,-0.00015491666933712534,-0.0003219407969866026,-0.0005477457436678804
2318,-0.00019467305292107342,-0.00018193218139040535,-9.833452304362208e-05,2.4473264446471167e-08,9.829544459559993e-05,0.00018193318389935262,0.00019441359554644253,0.0005477424246609769,0.00032192270347388135,0.0001549202299373946,-2.7078511237787645e-09,-0.00015491697566430562,-0.00032194061737084645,-0.0005477458414761512
2319,-0.00019467224567255395,-0.00018193361438066498,-9.833446167535535e-05,2.4655582004399375e-08,9.829609454317005e-05,0.00018193292408741758,0.0001944163430938621,0.0005477425097287378,0.00032192240445341817,0.0001549200234347692,-2.5544582486238748e-09,-0.00015491717535966038,-0.00032194028371284445,-0.0005477459690893538
2320,-0.0001946705367324825,-0.00018193457429862227,-9.83337792106531e-05,2.4565525511879808e-08,9.829722616202835e-05,0.0001819324849854445,0.00019441715639162237,0.0005477427935577035,0.00032192226641195785,0.0001549199993295393,-2.2986640083873898e-09,-0.000154917257107027,-0.0003219399972479111,-0.0005477463065625721
2321,-0.00019467069554968293,-0.00018193546057150683,-9.83329076451083e-05,2.4562099160829418e-08,9.829896398870226e-05,0.00018193238154736837,0.00019441974648144283,0.0005477426532039909,0.0003219220952128001,0.00015491995101965273,-2.1030985668306674e-09,-0.0001549171530024932,-0.00032193973725826625,-0.0005477465088384004
2322,-0.00019467059785542985,-0.0001819361891404877,-9.833144963522832e-05,2.3366081165185445e-08,9.830030918910903e-05,0.00018193216952837625,0.0001944216639528334,0.0005477424862131323,0.00032192194937904963,0.00015492012450562802,-2.0513526963403747e-09,-0.0001549171522417622,-0.00032193931804693035,-0.0005477466640367726
2323,-0.00019467020901929775,-0.0001819352160206043,-9.833061970501163e-05,2.2246551443605494e-08,9.830170856568847e-05,0.00018193196570640092,0.00019442434685022387,0.0005477421880250799,0.00032192214790902925,0.00015492009701526086,-2.1352880527453783e-09,-0.00015491705081250426,-0.000321939109620511,-0.0005477468659426405
2324,-0.00019466952323835048,-0.0001819341537187545,-9.833089088439614e-05,2.3087415124053623e-08,9.830262074094902e-05,0.00018193133774791945,0.00019442638643943076,0.000547742070747645,0.00032192242290519127,0.0001549199101505939,-1.591500052385231e-09,-0.00015491699924465423,-0.0003219388781640591,-0.0005477470513390272
2325,-0.00019466680687309218,-0.00018193400697047904,-9.832952265746574e-05,2.2421860580744254e-08,9.830304244002491e-05,0.0001819311559554268,0.00019443007663392972,0.0005477423403331368,0.00032192247315043304,0.00015492006180197108,-1.5756176523747595e-09,-0.0001549172103509739,-0.0003219384763177377,-0.0005477469508485438
2326,-0.0001946644364081496,-0.00018193451822984516,-9.8328832141559e-05,2.0809201918838874e-08,9.830436396661956e-05,0.00018193120147251524,0.0001944300190479163,0.0005477425987042051,0.000321922424662503,0.00015492012757629904,-1.630585416653164e-09,-0.00015491725810591999,-0.00032193812901744725,-0.0005477473369021822
2327,-0.0001946633422147813,-0.00018193561330990995,-9.832842745523387e-05,1.914421294308755e-08,9.830588469648588e-05,0.00018192997435348518,0.00019443149419566972,0.0005477425852931419,0.00032192215891535005,0.00015492002676903698,-1.8519802035921008e-09,-0.00015491716092658173,-0.00032193808402101814,-0.0005477474606076784
2328,-0.0001946630478807948,-0.00018193590621532984,-9.83286436751971e-05,1.784549013190015e-08,9.830678974861769e-05,0.00018192814966996022,0.0001944331548009282,0.0005477425230935559,0.00032192217422246,0.000154919874285249,-1.8907436727245725e-09,-0.00015491721056138888,-0.00032193816647593397,-0.0005477472826104989
2329,-0.00019466203071179827,-0.0001819353390054128,-9.832829803103813e-05,1.7701081860404782e-08,9.830841489783764e-05,0.00018192580757930653,0.00019443613676135333,0.0005477426257113115,0.00032192240001389385,0.00015491977251840222,-1.8378387149382407e-09,-0.00015491705004021204,-0.00032193846586635745,-0.0005477469573459726
2330,-0.00019466155290059567,-0.00018193742509692653,-9.832894506137669e-05,1.623525008649971e-08,9.830774147842517e-05,0.00018192574213125054,0.00019443621160839252,0.0005477427736954566,0.00032192198933476875,0.00015491950850543844,-1.91053808295322e-09,-0.00015491749427242973,-0.00032193816520419523,-0.0005477470321242109
2331,-0.00019466107670515115,-0.000181938201015502,-9.832839075979065e-05,1.4694699347857362e-08,9.83075690376252e-05,0.00018192595598274884,0.00019443772699246397,0.0005477428201717271,0.00032192188465910863,0.00015491949000048355,-2.201963251383976e-09,-0.00015491782297527522,-0.0003219378935145539,-0.0005477468323456151
2332,-0.00019466069655864506,-0.00018193840933992527,-9.832652392369794e-05,1.5177128214771218e-08,9.830769246972283e-05,0.00018192530228051154,0.0001944374874661751,0.0005477428615379201,0.00032192197728793447,0.00015491987133250287,-1.7990954778512441e-09,-0.00015491807363498215,-0.00032193778634166133,-0.0005477467790713229
2333,-0.00019465992602921402,-0.0001819387237329577,-9.832651092965294e-05,1.680595561940033e-08,9.830787182380008e-05,0.00018192418058969871,0.00019443888512650414,0.0005477430442520942,0.00032192198551955254,0.0001549197256675468,-1.279962669403954e-09,-0.00015491825780125068,-0.0003219378121001516,-0.0005477465999180172
2334,-0.00019465949548878856,-0.00018193915048029247,-9.832670100684686e-05,1.5655467770300395e-08,9.830890390998784e-05,0.00018192275929398107,0.00019443868704835187,0.0005477431402105634,0.00032192203514048615,0.00015491958323049496,-1.3132366521081635e-09,-0.00015491827714555315,-0.0003219378928208782,-0.000547746553326134
2335,-0.0001946606918788578,-0.0001819394715629576,-9.83262624526552e-05,1.4390309649304528e-08,9.831082718431459e-05,0.00018192141302264195,0.00019443889001318724,0.0005477427213460653,0.0003219220421003655,0.00015491947402744493,-1.5664312913556869e-09,-0.00015491804289127602,-0.00032193804892102876,-0.000547746603756356
2336,-0.00019466196378591476,-0.0001819402806144267,-9.83246314039477e-05,1.363678910103366e-08,9.831207544711598e-05,0.0001819204864346219,0.0001944384416698659,0.0005477423618602054,0.0003219219392513847,0.00015491975179830967,-1.4873907428374695e-09,-0.00015491799400795087,-0.0003219380400882251,-0.0005477466350873742
2337,-0.00019466076278502352,-0.00018194102026711416,-9.832433344435759e-05,1.3318136803106896e-08,9.831286106516628e-05,0.00018192074804950655,0.0001944401236937716,0.0005477425285273488,0.0003219218011636793,0.0001549196506141505,-1.4791219671750678e-09,-0.0001549180953794025,-0.0003219378376274166,-0.0005477463609467455
2338,-0.0001946592723762376,-0.00018194155961505587,-9.832475325575505e-05,1.3066998685255646e-08,9.831329122923834e-05,0.00018191878797727386,0.0001944387445161391,0.0005477428226920821,0.00032192171230382467,0.0001549194788669889,-1.327621315222824e-09,-0.00015491830420584144,-0.00032193817720478445,-0.0005477464791259588
2339,-0.00019465889734301484,-0.0001819418234959427,-9.832389839852852e-05,1.3233571588690524e-08,9.831427959537594e-05,0.00018191687555020136,0.00019443775040125233,0.0005477428224146118,0.00032192159012441496,0.00015491947912596113,-1.1555682742507289e-09,-0.00015491828732408763,-0.0003219385015444099,-0.0005477466137221633
2340,-0.00019465853664471925,-0.00018194239621323042,-9.832329722714921e-05,1.2718525932834057e-08,9.831569738273095e-05,0.00018191551094394847,0.00019443593445661426,0.0005477428927302033,0.0003219215222598109,0.00015491947023303895,-9.991011412738434e-10,-0.00015491818929846502,-0.00032193869570423274,-0.0005477467028363656
2341,-0.00019465701027546298,-0.00018194197538705804,-9.83227414250756e-05,1.2536140121933186e-08,9.831539017883694e-05,0.0001819141812045735,0.00019443538989686741,0.0005477431507775562,0.00032192166439395773,0.00015491934940629673,-9.071929033657543e-10,-0.0001549185205679105,-0.0003219388909276916,-0.0005477466544178031
2342,-0.00019465615020938698,-0.00018194218958338275,-9.832284070553024e-05,1.161869044065576e-08,9.8315687867492e-05,0.00018191305785859378,0.0001944330320624243,0.0005477433473652438,0.0003219216990546193,0.00015491917635964935,-9.017979997783151e-10,-0.00015491875282902618,-0.0003219389435314307,-0.0005477468269811898
2343,-0.00019465651795199388,-0.00018194322158976786,-9.832258155566196e-05,1.0222006231486452e-08,9.831711937893884e-05,0.00018191174398123452,0.0001944316612295913,0.0005477432002597547,0.00032192148267405217,0.0001549190673855123,-1.1236301044220292e-09,-0.00015491870408443614,-0.00032193904705096467,-0.0005477468397679448
2344,-0.00019465634080973186,-0.0001819435455492706,-9.832196302276462e-05,1.0759353795668529e-08,9.83178199765851e-05,0.00018190995538625826,0.0001944301039934437,0.00054774321075738,0.0003219215181440019,0.0001549190488643716,-6.332857409231907e-10,-0.00015491878259233738,-0.000321939340198307,-0.0005477467273462397
2345,-0.00019465609208150342,-0.00018194193914087441,-9.832092517797551e-05,1.2731068008924225e-08,9.831778462103885e-05,0.00018190954916102203,0.00019442861838267123,0.0005477432142257584,0.00032192200309266977,0.0001549190594937953,3.6977391974273654e-11,-0.0001549189266734006,-0.0003219392250481441,-0.0005477467902395013
2346,-0.00019465556803400293,-0.0001819423194647198,-9.831945371592395e-05,1.1646666476716566e-08,9.831728208873701e-05,0.0001819099639182493,0.00019442515956670528,0.0005477432986692112,0.0003219220368053078,0.00015491928067922262,6.45935426914824e-11,-0.00015491924659662422,-0.0003219389935223247,-0.0005477470989251789
2347,-0.00019465570527492119,-0.0001819429838467242,-9.831892379356636e-05,1.025444503974622e-08,9.831844753802354e-05,0.00018191010976012384,0.00019442424401313094,0.0005477430099382706,0.0003219219551134352,0.0001549191683985648,-1.0074196762350616e-10,-0.0001549191142803005,-0.00032193888463836546,-0.0005477468298946277
2348,-0.00019465730971288066,-0.00018194315862446215,-9.831866655403651e-05,9.188653089155631e-09,9.831931050556766e-05,0.00018191026220296146,0.00019442374545322955,0.0005477425588178535,0.0003219220574074755,0.0001549190711290487,-2.4858341936665224e-11,-0.00015491914227705095,-0.00032193875087457185,-0.0005477463363212588
2349,-0.0001946577856521684,-0.00018194347929333557,-9.83174921097063e-05,9.163709121627483e-09,9.831980313149884e-05,0.00018190890508436812,0.00019442343744441212,0.0005477423300667367,0.0003219221041149713,0.00015491913914857363,1.5617108514990825e-10,-0.00015491930061083714,-0.00032193904980254483,-0.0005477459790320386
2350,-0.000194657649475286,-0.00018194383109510932,-9.83164825209799e-05,8.716065991443319e-09,9.83198244220677e-05,0.00018190759783752843,0.00019442002231302846,0.0005477422400045109,0.00032192221635169636,0.00015491918516701825,3.370070782180812e-10,-0.00015491956054498797,-0.00032193937222300094,-0.0005477461618387028
2351,-0.00019465832903950536,-0.00018194413508423583,-9.831578965335693e-05,8.69519369526059e-09,9.831939945502252e-05,0.00018190710874557554,0.00019441807389592906,0.0005477419054216079,0.00032192230248309325,0.0001549190754321502,4.986831456045392e-10,-0.00015491979192513552,-0.0003219395212014145,-0.0005477461990890868
2352,-0.00019465879695911562,-0.00018194494354457387,-9.831341310370572e-05,7.598118693019957e-09,9.831930179328165e-05,0.00018190676453983537,0.00019441525091033927,0.0005477416025859286,0.0003219223299757727,0.00015491944329992452,5.047222797619776e-10,-0.0001549199600212508,-0.0003219396423634332,-0.0005477461671568831
2353,-0.00019465828158153674,-0.00018194607944223555,-9.831206992890791e-05,6.6010427039846095e-09,9.831880480677399e-05,0.0001819061750935398,0.00019441400961401695,0.0005477413732798713,0.0003219222268261991,0.0001549194458549633,3.345992337663063e-10,-0.00015492020750854763,-0.0003219398456104074,-0.0005477459767197864
2354,-0.00019465725956526586,-0.00018194565019244614,-9.831066867942837e-05,7.237029491063483e-09,9.83178983388834e-05,0.00018190729554297752,0.00019441052185233544,0.0005477413443998405,0.00032192254778993617,0.00015491961670497102,7.729629561255474e-10,-0.00015492061383138943,-0.00032193955479843986,-0.0005477460505962463
2355,-0.0001946566442865448,-0.00018194589420147858,-9.830889026077262e-05,8.508095096350464e-09,9.831761987577952e-05,0.00018190819893895726,0.000194408733247507,0.0005477412022425711,0.00032192262094959793,0.0001549198604394824,1.193347472185588e-09,-0.00015492086194993118,-0.00032193932551550516,-0.0005477459746618818
2356,-0.0001946570757136668,-0.00018194626612141136,-9.830836811966967e-05,8.453483026130917e-09,9.83178348691459e-05,0.00018190824619003005,0.000194404848580755,0.000547740879244052,0.00032192273667782387,0.00015491980413151523,1.5182194520150345e-09,-0.00015492098388192994,-0.0003219392809352814,-0.0005477460343873579
2357,-0.00019465796347423108,-0.00018194574572907098,-9.830838382306518e-05,8.353872635462377e-09,9.831900863367542e-05,0.00018190668812629901,0.00019440238753483597,0.0005477405284060156,0.0003219230187032328,0.00015491956426077734,1.641869465715245e-09,-0.00015492077035236988,-0.0003219396689080892,-0.0005477459631468655
2358,-0.00019465772646024902,-0.00018194634768763977,-9.83074113967755e-05,8.447501624649715e-09,9.831925784071996e-05,0.00018190579325245813,0.00019439798196343005,0.0005477404976993055,0.00032192303680816806,0.0001549196505702177,1.8796851447940344e-09,-0.00015492090299472117,-0.00032193991955623496,-0.0005477461141600611
2359,-0.00019465763399750547,-0.00018194754629445036,-9.830604560727534e-05,8.926442809389182e-09,9.831860519463673e-05,0.00018190638049186454,0.0001943944219753902,0.000547740259444832,0.00032192289134437796,0.0001549197582934263,2.11806431632806e-09,-0.00015492119513392153,-0.0003219398686866851,-0.0005477462034129986
2360,-0.00019465742492431626,-0.00018194786477613903,-9.830495825329296e-05,9.373543824448825e-09,9.832005610700361e-05,0.00018190507301842464,0.00019439049653045007,0.0005477400856790742,0.0003219229976848597,0.00015491990057555727,2.465445063252736e-09,-0.00015492096348786494,-0.0003219402082871755,-0.0005477463471194769
2361,-0.00019465567137355727,-0.00018194753792994645,-9.83036321887825e-05,8.84154718751142e-09,9.832076133813185e-05,0.00018190441224231945,0.0001943886608223316,0.0005477401983782496,0.00032192322826265574,0.00015492004024715542,2.454361363635328e-09,-0.00015492099495993054,-0.0003219404765315609,-0.000547746210557858
2362,-0.00019465380055225628,-0.00018194713703474158,-9.830300625591001e-05,7.926893035955415e-09,9.832009712262936e-05,0.00018190351039313254,0.00019438291364952162,0.0005477402568088643,0.0003219235231904324,0.00015492007495637418,2.550215685619689e-09,-0.00015492143135592532,-0.0003219407845929304,-0.0005477468891807758
2363,-0.00019465228734551738,-0.00018194678287829593,-9.830312836584459e-05,6.878961850088759e-09,9.831976929910018e-05,0.0001819026504649871,0.0001943789160865972,0.0005477401302130528,0.00032192376088996535,0.00015491982271277445,2.503856545205666e-09,-0.0001549216333172873,-0.0003219410668726871,-0.0005477474279124314
2364,-0.00019465112756616253,-0.00018194714934997115,-9.830181482148911e-05,5.577609348622779e-09,9.831977402026659e-05,0.00018190341793038902,0.00019437630498206896,0.0005477400295144666,0.0003219239045501987,0.00015491998374958356,2.499881965302421e-09,-0.00015492174181741268,-0.0003219409618964342,-0.0005477475135120103
2365,-0.00019465005458454567,-0.00018194820791784334,-9.830063745894214e-05,4.151889161042325e-09,9.831993730740273e-05,0.00018190422977987827,0.00019437577545675436,0.0005477397577092126,0.0003219238860753031,0.00015492016674585244,2.216881149583754e-09,-0.00015492180734895413,-0.00032194093565237095,-0.0005477473668920941
2366,-0.000194649146577744,-0.00018194768748609427,-9.829993182485957e-05,3.903974567435197e-09,9.832017016573372e-05,0.00018190440627189616,0.00019437259856102356,0.0005477395894697377,0.00032192428230285147,0.0001549202863008559,2.4434033314602317e-09,-0.0001549219026299333,-0.00032194100976005617,-0.0005477476425356868
2367,-0.00019464755073088868,-0.00018194755325994422,-9.829956977090351e-05,4.242743716890566e-09,9.832122350012598e-05,0.00018190414790823214,0.00019437075124703273,0.0005477394980664056,0.0003219245546168009,0.0001549202553074265,2.6699289275852837e-09,-0.0001549217682788276,-0.00032194137514215927,-0.000547747874893917
2368,-0.00019464595068700312,-0.00018194733165477738,-9.829903440521445e-05,3.2468206710753803e-09,9.832242101728505e-05,0.00018190372911160957,0.00019436757506065914,0.0005477394584344018,0.0003219248877198625,0.00015492033233086174,2.7896737597725693e-09,-0.00015492155635628285,-0.0003219416835734891,-0.0005477482331080382
2369,-0.00019464418270279506,-0.00018194671484896783,-9.829813334223183e-05,2.114449956576993e-09,9.832171058617428e-05,0.00018190371749588505,0.00019436646762595607,0.0005477394186174177,0.000321925266744254,0.0001549205331846549,2.695780990291077e-09,-0.00015492178972034286,-0.00032194184207838197,-0.0005477484174407889
2370,-0.00019464214505446833,-0.00018194796230290496,-9.829960157473756e-05,1.1116212581000097e-09,9.832074021110924e-05,0.00018190446209436872,0.00019436416157459017,0.0005477394676140432,0.00032192519739980845,0.00015492026234592237,2.7127467188487127e-09,-0.00015492211391429642,-0.0003219419431006835,-0.0005477487141721222
2371,-0.00019464099456572266,-0.00018194949482977597,-9.830059928961223e-05,6.220213680956992e-10,9.832027338312093e-05,0.00018190574673044695,0.0001943638624425902,0.0005477392448747824,0.000321925032189384,0.0001549199272173279,2.7236962606647115e-09,-0.00015492225686235603,-0.0003219419128564239,-0.0005477488208363193
2372,-0.00019464048019306654,-0.00018195000526155866,-9.829985930293575e-05,8.300133594428021e-10,9.832107938928007e-05,0.0001819050622401357,0.00019436363337932034,0.0005477389956602332,0.00032192517735258133,0.00015492004191197708,3.0556126017221337e-09,-0.00015492205915322598,-0.00032194229641282986,-0.000547748819495213
2373,-0.00019463751502076234,-0.000181950129310403,-9.829807397198792e-05,-2.95234394168193e-10,9.832120294945609e-05,0.00018190489820127796,0.00019436502468499095,0.0005477392937326728,0.00032192539229955203,0.0001549203519179507,2.9099731045059433e-09,-0.0001549219855449873,-0.0003219426189488985,-0.0005477487672845568
2374,-0.00019463394736772362,-0.00018195036000913533,-9.829701257653902e-05,-1.8654170506678394e-09,9.832134794502808e-05,0.00018190543986448284,0.00019436398130918592,0.0005477397164355097,0.0003219256490289212,0.0001549205816933952,2.737826496465446e-09,-0.00015492198620860372,-0.0003219427517184237,-0.0005477491619860187
2375,-0.000194633140917231,-0.00018194960300675243,-9.829667844367142e-05,-2.6946349161526463e-09,9.832162191356578e-05,0.00018190515026939662,0.00019436483988758224,0.0005477394954304381,0.0003219260780673293,0.00015492059810576176,2.65934989251715e-09,-0.0001549219145842775,-0.0003219430378133966,-0.0005477493912227085
2376,-0.0001946329542479074,-0.00018194964187361694,-9.829716787158379e-05,-3.2046216754089525e-09,9.832166774099802e-05,0.0001819046118968211,0.0001943658691353559,0.0005477391783744073,0.0003219263604626986,0.00015492054199896054,2.7672186347332852e-09,-0.00015492183900137543,-0.00032194336499709233,-0.0005477494562894872
2377,-0.00019463122302219654,-0.00018195098548486649,-9.829510032483536e-05,-2.335419813121613e-09,9.832122808631746e-05,0.00018190596880851857,0.00019436937816790192,0.0005477391310888483,0.00032192623592479147,0.0001549209383051255,3.0177085611022245e-09,-0.00015492189329074642,-0.0003219433146593605,-0.0005477492307755236
2378,-0.00019462906970923378,-0.00018195028164486656,-9.829276955138505e-05,-1.3552125756897703e-09,9.832013272645063e-05,0.00018190711616426983,0.00019437065992714252,0.000547739314704801,0.00032192665522861756,0.0001549215247940394,3.4258164833864916e-09,-0.00015492216637930033,-0.0003219432938490901,-0.0005477493582731136
2379,-0.00019462719639533034,-0.0001819494830071556,-9.82922499373672e-05,-9.578646884545934e-11,9.83213763685779e-05,0.00018190798399386656,0.00019437319267725416,0.0005477394147559565,0.00032192706380359306,0.00015492154055203863,3.712501664503697e-09,-0.00015492186357830476,-0.0003219434188263251,-0.0005477494296985861
2380,-0.00019462519931829586,-0.0001819493930567189,-9.829228969782476e-05,-6.537656833093792e-10,9.832337323083476e-05,0.00018190742222235488,0.00019437473840605126,0.0005477395715266601,0.0003219273653444111,0.00015492151847002947,3.795058940732311e-09,-0.00015492131035345198,-0.00032194381940090774,-0.0005477494961295937
2381,-0.00019462379670231845,-0.00018194865229073466,-9.829164077586695e-05,1.9216991227645235e-09,9.832326963709413e-05,0.0001819065736833337,0.00019437852586130718,0.0005477396044068874,0.00032192777415061184,0.00015492161384581096,4.483496069378093e-09,-0.00015492131949378516,-0.00032194430985273603,-0.0005477492486723562
2382,-0.00019462214649111376,-0.00018194709773438098,-9.829087757646054e-05,2.2970769522833423e-09,9.832225699714644e-05,0.00018190674676649607,0.00019438048438674704,0.0005477397054060663,0.0003219283816717724,0.00015492179855545877,4.8061072252003274e-09,-0.00015492157339526983,-0.00032194450988567964,-0.0005477492597711671
2383,-0.00019462173789150128,-0.00018194804781000688,-9.8289316149194e-05,2.8530115142174744e-09,9.832165513512906e-05,0.00018190828532290348,0.00019438393054265697,0.0005477395930768513,0.0003219283696711832,0.00015492207746395167,5.092456443462405e-09,-0.00015492165233787445,-0.0003219444503683063,-0.000547749204554583
2384,-0.0001946215905323904,-0.0001819491739540067,-9.828775222242849e-05,2.7565329156874455e-09,9.832148981942827e-05,0.00018190849537145888,0.00019438701929090069,0.0005477396371946245,0.0003219283459937199,0.00015492246197763008,5.4888595107732485e-09,-0.0001549216234555314,-0.000321944693316652,-0.0005477491239263463
2385,-0.00019462085502747225,-0.0001819496037653706,-9.828828058912629e-05,3.2247850935791433e-09,9.832088615938737e-05,0.00018190807349110285,0.00019439190123509044,0.000547739947822594,0.0003219284930298416,0.000154922394799765,5.820728881663029e-09,-0.00015492171278939769,-0.00032194515553588004,-0.0005477489877346879
2386,-0.00019461996280386882,-0.00018194973003095625,-9.828956540057337e-05,2.9793565995999954e-09,9.831976420059514e-05,0.00018190832891881611,0.00019439503714573726,0.0005477403937866886,0.00032192871260131674,0.00015492217620174798,6.0355563276525555e-09,-0.00015492193595873746,-0.0003219453204919567,-0.0005477490206149151
2387,-0.00019462087859389556,-0.00018194954246508394,-9.829075134240188e-05,3.292772863295109e-09,9.832071444370811e-05,0.0001819083605935866,0.00019439977070618902,0.0005477404255339123,0.00032192900274273116,0.00015492191552767643,6.2484316188261015e-09,-0.0001549216095080257,-0.000321945640623283,-0.000547748938460592
2388,-0.0001946226488638102,-0.00018195021050224845,-9.828974542755477e-05,2.717616328205242e-09,9.832136757254835e-05,0.00018190741226179722,0.00019440350917638788,0.0005477403545708902,0.00032192918256659,0.00015492236009979524,6.454998800022002e-09,-0.0001549213379779298,-0.0003219461253869707,-0.0005477489151530892
2389,-0.0001946231569015123,-0.00018195160323648566,-9.828857314380845e-05,2.2536726557401414e-09,9.832107060999922e-05,0.0001819088167102808,0.0001944091708716525,0.0005477405435281455,0.0003219291611320114,0.00015492270975164625,6.521531756924674e-09,-0.00015492124847064456,-0.00032194602616822594,-0.000547748723675479
2390,-0.0001946236031364663,-0.0001819514975816682,-9.82885299764658e-05,1.3175387124068874e-09,9.832034231786471e-05,0.0001819098553865942,0.00019441207685203736,0.0005477408830361457,0.00032192953060680116,0.0001549229013518058,6.6316899241593515e-09,-0.00015492130610122003,-0.00032194594995639124,-0.0005477488341780149
2391,-0.0001946247815364482,-0.00018195193508758751,-9.828944853200049e-05,3.8769713845591906e-10,9.831992143454965e-05,0.00018191026635073075,0.00019441672087584414,0.000547741005284923,0.00032192973877887265,0.00015492283611854483,6.620053050096243e-09,-0.0001549213033218928,-0.0003219461061952769,-0.0005477487205076935
2392,-0.00019462665487990824,-0.00018195318549717973,-9.828991635702977e-05,1.1284039719630103e-10,9.831971845000993e-05,0.00018191032522738024,0.00019442126552067444,0.0005477409431315822,0.00032192981092114337,0.00015492294079420496,6.967050237331538e-09,-0.00015492121752114796,-0.00032194622712607043,-0.0005477484085848627
2393,-0.00019462833875602445,-0.00018195436624198136,-9.828989755216685e-05,-1.8225373030027554e-11,9.831814818730511e-05,0.0001819101391294833,0.000194426952476938,0.0005477409666240652,0.00032192983147706606,0.0001549231605922809,7.1575124906191056e-09,-0.0001549214768240539,-0.00032194644463964117,-0.0005477480033395304
2394,-0.00019462984598248788,-0.0001819556062279633,-9.829222109904044e-05,-3.1330687485079484e-09,9.83171816821778e-05,0.00018191038488235225,0.00019443011820029254,0.0005477410850345038,0.000321929814574502,0.0001549228746799759,6.623046270598031e-09,-0.0001549216072605165,-0.0003219465675127266,-0.0005477478740152612
2395,-0.0001946315228635537,-0.00018195587728123984,-9.829439659715035e-05,-4.3465119423588925e-09,9.831662918846745e-05,0.000181909159201741,0.0001944338643453424,0.0005477410009841339,0.00032192993932051177,0.00015492245080482716,6.468963542609837e-09,-0.00015492159872830565,-0.00032194708527225416,-0.000547747675022831
2396,-0.00019463390727918835,-0.00018195494090014928,-9.829550732051233e-05,-5.347769994487013e-09,9.831653774345447e-05,0.0001819083944456896,0.00019443703492582354,0.000547740936934746,0.00032193037934211816,0.00015492228973102202,6.571812562042497e-09,-0.00015492152622301132,-0.0003219474130340129,-0.0005477473532266832
2397,-0.0001946356726624199,-0.00018195616072856345,-9.82960233187788e-05,-5.9215292661923174e-09,9.831627260739941e-05,0.00018190855671115427,0.0001944410033164322,0.0005477409006323855,0.0003219302660880021,0.00015492220621247013,6.566054543815831e-09,-0.00015492152155688625,-0.00032194769119796063,-0.0005477470917109518
2398,-0.00019463759564118113,-0.00018195736593633707,-9.829677763939729e-05,-6.694495235932261e-09,9.831632613431317e-05,0.0001819086092528497,0.00019444178409213424,0.0005477409226681496,0.00032193018971430975,0.00015492207698531544,6.628637260507518e-09,-0.00015492149199242876,-0.0003219478762012645,-0.0005477472000862155
2399,-0.0001946395113194743,-0.0001819574754039496,-9.8297921157723e-05,-6.5593137326504145e-09,9.831671010445176e-05,0.00018190885662147676,0.00019444538079926252,0.0005477408121887363,0.00032193030504945277,0.0001549218200755906,6.807233735544142e-09,-0.00015492137585262192,-0.000321948113877675,-0.0005477468793074585
2400,-0.00019464129999326797,-0.0001819576092261601,-9.829746971786035e-05,-7.0362622982714905e-09,9.831702590536123e-05,0.00018190932952629192,0.00019444863758635056,0.0005477407868926965,0.00032193048517390436,0.00015492203260856997,6.933597322326784e-09,-0.00015492128791073147,-0.00032194834924183317,-0.000547746446615692
2401,-0.00019464194407977406,-0.00018195777731426537,-9.829726770573116e-05,-7.056698259663975e-09,9.831636850264374e-05,0.00018190929577271072,0.00019445236667727057,0.0005477407953324172,0.00032193059983849425,0.00015492209114092382,6.969942871622577e-09,-0.0001549213675169525,-0.0003219485985719951,-0.000547746065718376
2402,-0.00019464316051903704,-0.0001819560356058311,-9.829779318968002e-05,-6.615871189733243e-09,9.831641000792302e-05,0.0001819105495320454,0.00019445360668295683,0.0005477408247905112,0.00032193116153081484,0.00015492204466002879,7.288489667179334e-09,-0.00015492132647447476,-0.00032194851475285044,-0.0005477459287405518
2403,-0.00019464362984750956,-0.00018195447785736995,-9.82986783118295e-05,-5.3062897395586085e-09,9.831607171940435e-05,0.00018191166111451783,0.00019445637379681316,0.0005477407931126551,0.00032193166668856754,0.00015492187301923078,7.63104311667669e-09,-0.00015492135727598723,-0.00032194852610600903,-0.0005477456384141572
2404,-0.00019464414653542887,-0.00018195384228315056,-9.829940809558462e-05,-6.313433284820195e-09,9.831393492756837e-05,0.00018191228914196455,0.000194457665171785,0.0005477407286008168,0.00032193202497205625,0.00015492178753757674,7.618361490503987e-09,-0.00015492186229500474,-0.00032194871728302645,-0.0005477453977086963
2405,-0.00019464527306366387,-0.0001819535374664406,-9.830091712795328e-05,-7.187153586016031e-09,9.831496637631985e-05,0.00018191208197024678,0.00019445950629860443,0.0005477402998861241,0.00032193228951683805,0.00015492140551188175,7.481258779867533e-09,-0.00015492156418788129,-0.0003219490200724607,-0.0005477451307822946
2406,-0.00019464654897070739,-0.0001819539244996231,-9.830115411927533e-05,-8.147650198042191e-09,9.83168084302298e-05,0.0001819122996148358,0.00019445950034788554,0.0005477398519797375,0.00032193241373102983,0.00015492141141043727,7.452792284970534e-09,-0.00015492107062607373,-0.0003219492078273448,-0.0005477449450853151
2407,-0.00019464713607218322,-0.0001819543104392132,-9.830038041645592e-05,-9.632479126942047e-09,9.831592800658669e-05,0.00018191333083304614,0.0001944613910016322,0.0005477394125593168,0.00032193252885807016,0.00015492157382997323,7.173677058218925e-09,-0.00015492121792810436,-0.000321949271807365,-0.0005477443451945871
2408,-0.00019464765740048103,-0.00018195454671428147,-9.830138421209835e-05,-8.902827194935236e-09,9.831532383915833e-05,0.0001819141209584705,0.00019446290219852561,0.0005477391308113781,0.0003219327423020769,0.00015492135373824126,7.550755590974532e-09,-0.00015492131472823325,-0.0003219492717148749,-0.0005477436835204784
2409,-0.00019464663542361892,-0.00018195571458227907,-9.830226700814729e-05,-7.948420326095258e-09,9.831516106039485e-05,0.00018191495400000677,0.00019446483510828793,0.0005477391177702753,0.0003219327174222425,0.00015492114172089416,7.879209733126249e-09,-0.0001549213258779137,-0.0003219492992537994,-0.0005477431861318934
2410,-0.00019464566286530997,-0.00018195706558266637,-9.830104403294564e-05,-7.846246669752568e-09,9.831481326156333e-05,0.0001819150915266383,0.00019446357890561173,0.0005477390973068428,0.000321932628169305,0.0001549215115332727,8.103348490663343e-09,-0.00015492143046802044,-0.00032194944261343996,-0.0005477432165380107
2411,-0.0001946454265212764,-0.00018195662127874033,-9.830103061919761e-05,-7.628244245898641e-09,9.831454789890804e-05,0.00018191515635400675,0.00019446425525801927,0.0005477388171081131,0.00032193297972413963,0.0001549215175196938,8.261843640863354e-09,-0.00015492147571186056,-0.00032194961494560136,-0.0005477430825198693
2412,-0.0001946447196665083,-0.00018195673139659698,-9.830239841755801e-05,-7.726589241409543e-09,9.831444631205721e-05,0.00018191493737937291,0.00019446478989661718,0.0005477387094496476,0.00032193328963531096,0.0001549213128368109,8.439699863135245e-09,-0.0001549215210851868,-0.0003219498344245865,-0.0005477428224146118
2413,-0.00019464326465661822,-0.00018195773718632138,-9.830201241392873e-05,-7.583778629177215e-09,9.831439366001735e-05,0.0001819151946494446,0.00019446681281592933,0.0005477385845880252,0.00032193337185900154,0.0001549214740678492,8.515048156480229e-09,-0.00015492149183750787,-0.0003219499949411389,-0.00054774242523904
2414,-0.0001946426065701592,-0.00018195820194338066,-9.830256821698756e-05,-6.724267639948125e-09,9.831411400282882e-05,0.00018191524384139754,0.00019446689661860346,0.0005477382726651944,0.0003219336073618949,0.00015492147638472597,8.841581119209775e-09,-0.0001549215880156409,-0.00032195010659980086,-0.0005477421955167773
2415,-0.00019464117623998916,-0.00018195943068802104,-9.830358554263379e-05,-4.822118511503325e-09,9.831402288687876e-05,0.00018191579956366844,0.00019446934920149675,0.0005477379056645147,0.00032193357272435595,0.00015492126921154737,9.294053483731408e-09,-0.00015492164282758086,-0.0003219501143227234,-0.0005477415907240744
2416,-0.00019463854263307353,-0.00018196005781891903,-9.830509960257177e-05,-5.432145112596223e-09,9.831336366249253e-05,0.0001819161666067703,0.00019446873779468385,0.0005477377372631821,0.000321933716592692,0.00015492103205539366,9.30049944579591e-09,-0.00015492187284581185,-0.00032195015506460834,-0.0005477413824826353
2417,-0.00019463484660608182,-0.0001819597994651072,-9.830618561567197e-05,-5.7172949098762145e-09,9.831196564058834e-05,0.0001819167014522641,0.00019446915460116532,0.0005477376121703345,0.00032193411626549627,0.00015492081290243608,9.333212018320538e-09,-0.00015492227225501938,-0.00032195019104325364,-0.0005477411483670934
2418,-0.00019463129610569486,-0.00018196138414943846,-9.830731751925838e-05,-5.624135828962387e-09,9.831316743063947e-05,0.00018191766531109484,0.00019446953518116751,0.0005477375905276532,0.0003219339719578323,0.00015492072860234294,9.551866967627262e-09,-0.00015492197887413954,-0.00032195006060910323,-0.0005477406409202109
2419,-0.00019462760884714661,-0.0001819630873653912,-9.830818945918614e-05,-6.002337452836735e-09,9.831490371150574e-05,0.00018191924976882588,0.00019447127159897916,0.0005477374527405407,0.00032193375795888505,0.00015492061450425484,9.55547665423747e-09,-0.0001549214902212435,-0.00032194985948940107,-0.0005477398648358601
2420,-0.0001946244300105356,-0.0001819641759036061,-9.830840815500314e-05,-7.287694170012689e-09,9.831366808905597e-05,0.0001819182981464072,0.00019447154165718516,0.0005477374171318558,0.00032193374473280206,0.00015492068925012162,9.453696478270773e-09,-0.00015492177663993178,-0.00032195020154087887,-0.0005477392269317049
2421,-0.00019462121907551027,-0.00018196511097435622,-9.830838419350728e-05,-6.5701495778225995e-09,9.831274633648766e-05,0.00018191791458119336,0.00019447233892544262,0.0005477374482778938,0.0003219336993201675,0.0001549206552692623,9.675605106417676e-09,-0.00015492201467474137,-0.00032195039227856834,-0.0005477385704139188
2422,-0.00019461823819882536,-0.00018196405805178526,-9.830912022256161e-05,-6.1228780270797315e-09,9.83116067747989e-05,0.00018191890112960308,0.0001944694399795169,0.0005477375689312171,0.0003219341260000783,0.00015492051552367208,9.939667115631293e-09,-0.0001549223630317311,-0.00032195019929799417,-0.0005477384746866749
2423,-0.00019461530111509673,-0.00018196268430270592,-9.830916572881266e-05,-5.9769979185587165e-09,9.831139874889682e-05,0.000181919396231388,0.00019446808414170746,0.0005477376354084697,0.0003219345639406576,0.0001549204628343797,1.0044398334306186e-08,-0.00015492255312198993,-0.0003219501089120531,-0.000547738208453949
2424,-0.00019461274199068944,-0.0001819621064622827,-9.830899131659075e-05,-6.322361629504278e-09,9.831078222584494e-05,0.0001819189487944676,0.00019446634258105594,0.000547737753980766,0.0003219348707302883,0.00015492044989501598,1.0177457509745975e-08,-0.000154922786009726,-0.00032195022658257095,-0.0005477379244168806
2425,-0.00019460957678950062,-0.0001819618805123029,-9.830856824313525e-05,-6.127304474967231e-09,9.831068542222927e-05,0.00018191835680630864,0.00019446601604028107,0.0005477379852522377,0.0003219350517796408,0.00015492040860050278,1.0256357254702932e-08,-0.00015492285713460571,-0.00032195040744694326,-0.000547737511194278
2426,-0.00019460616242658732,-0.00018196211005832975,-9.830807714724819e-05,-6.178346420727788e-09,9.831053347692693e-05,0.00018191806444275887,0.00019446411915995435,0.0005477383898270168,0.0003219351033659888,0.0001549204230197079,1.0369846581114089e-08,-0.00015492301843963606,-0.00032195045859396336,-0.000547737380112697
2427,-0.00019460329122441072,-0.00018196229954537787,-9.830755479038242e-05,-5.135231123706274e-09,9.831007691786966e-05,0.00018191737980466488,0.0001944642129527427,0.0005477386213759587,0.00032193510609444657,0.00015492038819718876,1.0630409265668381e-08,-0.00015492323683648714,-0.000321950635712487,-0.0005477371116370864
2428,-0.00019460103772459247,-0.00018196246435270598,-9.830650429933037e-05,-5.757320453632762e-09,9.830860048342104e-05,0.00018191670521579823,0.0001944630549369287,0.0005477386008431586,0.0003219352044345354,0.00015492051941056815,1.0599321669350963e-08,-0.0001549237170011051,-0.00032195079410176725,-0.0005477370403734715
2429,-0.0001945994468432377,-0.00018196289151383243,-9.830496145525264e-05,-6.146946015284816e-09,9.830930797266976e-05,0.00018191726159816547,0.00019446365294477187,0.0005477385397765763,0.00032193521923294996,0.0001549206165852819,1.0498026903346464e-08,-0.00015492364280555434,-0.00032195063672987796,-0.0005477367929393564
2430,-0.0001945966239364654,-0.00018196375899860276,-9.830311994715366e-05,-6.721396761514328e-09,9.831030271021453e-05,0.00018191798835434455,0.000194463051626595,0.0005477387985638499,0.0003219352384246437,0.00015492088246423327,1.0436522197507302e-08,-0.00015492350824634595,-0.00032195044016531283,-0.0005477366677077737
2431,-0.00019459465973616777,-0.00018196377948129257,-9.830153180076508e-05,-6.721604595791457e-09,9.831035655535383e-05,0.00018191889479464898,0.00019446306432605975,0.0005477389357960219,0.000321935377391005,0.00015492103404624285,1.0393418329537722e-08,-0.0001549235468517098,-0.00032195028339460915,-0.0005477364527839254
2432,-0.0001945932164208197,-0.0001819632413648738,-9.829991410964817e-05,-5.846909459249994e-09,9.83090780236886e-05,0.00018191803385172862,0.00019446328556669578,0.0005477391662582053,0.00032193572113042694,0.00015492127177352288,1.0675339665406877e-08,-0.00015492398798782174,-0.00032195053242417825,-0.0005477360280231841
2433,-0.0001945909807436016,-0.0001819624511310755,-9.829845795000826e-05,-5.582242639756254e-09,9.830883197623936e-05,0.00018191750853329645,0.00019446515566878732,0.0005477396604096372,0.00032193616230815936,0.00015492134868134555,1.0647981233936336e-08,-0.00015492413284348946,-0.0003219507768523653,-0.0005477353453075799
2434,-0.00019458909805041935,-0.00018196420842566427,-9.829721382512399e-05,-6.219326328371645e-09,9.830932419921623e-05,0.0001819172356672181,0.00019446339730031054,0.0005477401483873556,0.00032193597388272216,0.00015492147036824558,1.052135974223548e-08,-0.0001549241176219328,-0.0003219508994479805,-0.0005477352388283629
2435,-0.0001945878140941418,-0.00018196535410654432,-9.829559559903349e-05,-4.167962780538836e-09,9.830843714800919e-05,0.00018191852612593686,0.00019446230157985382,0.0005477405480601599,0.0003219358816701018,0.000154921601142297,1.0947283737953162e-08,-0.00015492447904314784,-0.0003219506198041914,-0.0005477350119964156
2436,-0.00019458726056890784,-0.0001819663041132049,-9.829484910498971e-05,-4.546588966139533e-09,9.830695417269583e-05,0.0001819207822956969,0.00019446088722007346,0.0005477408280739094,0.00032193593381139044,0.00015492163274384875,1.0932864274771336e-08,-0.000154924989815049,-0.00032195009152391604,-0.0005477346168787483
2437,-0.00019458670638357756,-0.00018196687336252394,-9.829518677774688e-05,-4.568871463692915e-09,9.830548614413028e-05,0.00018192173155359153,0.0001944611754457061,0.0005477409616989679,0.00032193604845285776,0.00015492131104250314,1.0827062198889983e-08,-0.00015492549183738764,-0.0003219498866121202,-0.0005477340765516386
2438,-0.00019458646035484746,-0.0001819675063850278,-9.829283820928247e-05,-4.6677300492024945e-09,9.830631360538975e-05,0.00018192190585842463,0.0001944588975518811,0.0005477410777277866,0.0003219361825866118,0.00015492178301712353,1.082617294204571e-08,-0.00015492540740549612,-0.00032194979740542774,-0.0005477339501176847
2439,-0.000194585635135945,-0.00018196790727038052,-9.828982063222821e-05,-3.898549339750494e-09,9.830733957140105e-05,0.00018192297520458578,0.00019445806932806263,0.0005477412870097392,0.00032193630865060533,0.0001549223519814775,1.0899045836616027e-08,-0.00015492529214434513,-0.00032194952250175576,-0.0005477336743584794
2440,-0.00019458455979965623,-0.00018196851912054168,-9.82891470807965e-05,-3.6845942332351373e-09,9.83077551108917e-05,0.00018192452588903124,0.00019445545109055345,0.0005477416235580567,0.00032193643022882955,0.00015492240240707494,1.1046964004565468e-08,-0.0001549252812166409,-0.00032194905806276546,-0.00054773371322744
2441,-0.00019458392289539204,-0.00018196954473285955,-9.828892446676607e-05,-3.080249965662677e-09,9.830707325308394e-05,0.00018192383665981967,0.00019445398718414156,0.0005477419040805016,0.00032193640056263296,0.0001549222564137791,1.1164322597731811e-08,-0.00015492548353871423,-0.00032194914678388494,-0.0005477337258985825
2442,-0.00019458337093665524,-0.00018197107629421656,-9.82886779178407e-05,-2.7558655651215988e-09,9.830577903575713e-05,0.00018192293320472687,0.0001944521965596155,0.0005477422657630012,0.0003219361788407631,0.00015492221091559124,1.1296377986079282e-08,-0.00015492588996329515,-0.000321949196335451,-0.0005477336063551403
2443,-0.0001945836840686082,-0.00018197067234483478,-9.828803407665399e-05,-1.8419240640777747e-09,9.830496982960875e-05,0.00018192437568263932,0.00019445129643456073,0.0005477423475704863,0.0003219363921229122,0.00015492217951751773,1.1484528803787758e-08,-0.0001549261663699311,-0.0003219487037563507,-0.000547733370944737
2444,-0.00019458431925859244,-0.00018197007117444066,-9.828755833440992e-05,-6.916677117468995e-10,9.830405160510741e-05,0.0001819253898073111,0.00019444900769348153,0.0005477425217524496,0.0003219366783103752,0.00015492222801469674,1.18869835927643e-08,-0.00015492646622280502,-0.00032194825395391726,-0.0005477332397475434
2445,-0.00019458435212547708,-0.0001819698093625124,-9.828705545728166e-05,-1.3627282005880158e-09,9.830430588011521e-05,0.00018192585153975,0.0001944479392438691,0.0005477428622547184,0.00032193681047871473,0.00015492224511611452,1.1641953859362107e-08,-0.00015492654330173433,-0.00032194793326765044,-0.0005477330702363297
2446,-0.0001945843250024155,-0.00018196963881136124,-9.828746327167511e-05,-3.1617573552782445e-09,9.830455419061104e-05,0.00018192570274222034,0.00019444401840975096,0.0005477432783445137,0.00032193688777730804,0.0001549220429096538,1.1230768750603368e-08,-0.0001549266188707629,-0.0003219476203736737,-0.0005477332589161147
2447,-0.00019458573253463256,-0.0001819690731383848,-9.828631537996506e-05,-2.764397615077963e-09,9.830247086854613e-05,0.00018192529057611736,0.0001944413758176438,0.0005477432235903801,0.0003219369533296598,0.00015492215790952028,1.1331379219654307e-08,-0.00015492724588883454,-0.0003219474122940922,-0.0005477333371858539
2448,-0.0001945861230456359,-0.00018196826808690228,-9.828501514295405e-05,-2.239376769581493e-09,9.830247962910784e-05,0.00018192494856741418,0.00019443885688029362,0.000547743512205708,0.0003219370997414733,0.00015492237390625353,1.1587118460889603e-08,-0.00015492737873235178,-0.0003219472284006694,-0.0005477331584718761
2449,-0.00019458480718798768,-0.00018196913513817653,-9.828412206615148e-05,-2.021563676520062e-09,9.830324540387503e-05,0.0001819244299386147,0.00019443845547277518,0.0005477439698235541,0.00032193675671884957,0.0001549223546035716,1.1585131699750075e-08,-0.0001549272255895719,-0.0003219470436979584,-0.0005477326663089813
2450,-0.0001945852911272485,-0.00018197001934210249,-9.828387965317279e-05,-1.7422875524132474e-09,9.830318547107147e-05,0.0001819236424535756,0.00019443547832021567,0.0005477440614581114,0.0003219363872209374,0.00015492222879161352,1.1710508354372074e-08,-0.00015492732533551018,-0.0003219467357059565,-0.0005477325371003246
2451,-0.00019458631354745892,-0.000181969035542452,-9.828321526328664e-05,-1.2842468024811855e-09,9.830296505801886e-05,0.0001819227306044223,0.00019443318139197188,0.0005477438674370237,0.00032193644195194855,0.00015492211233734038,1.1781376994227112e-08,-0.000154927474105821,-0.0003219467034962824,-0.0005477324337195258
2452,-0.0001945869045503995,-0.00018196864061767042,-9.828217608057099e-05,-1.5216610804292765e-09,9.83026840481255e-05,0.00018192082655170587,0.00019443010954022313,0.0005477439285036061,0.00032193645672724043,0.00015492213973521745,1.1778968115944228e-08,-0.0001549276594166544,-0.0003219468541626401,-0.0005477322870071195
2453,-0.00019458758560229859,-0.00018196925667471401,-9.828263834404259e-05,-8.700984515313105e-10,9.830182093279863e-05,0.00018192145134763633,0.00019442908692296904,0.0005477440285085166,0.0003219361855925397,0.00015492172358530355,1.179933109085405e-08,-0.00015492791834035096,-0.00032194624826005616,-0.0005477319278680974
2454,-0.00019458797192612386,-0.00018196827230363688,-9.828270196747417e-05,-4.3170355138018695e-10,9.83009540903907e-05,0.00018192325558788022,0.0001944261521545036,0.0005477442904404533,0.0003219363177377568,0.00015492154171972602,1.1915086890867748e-08,-0.00015492820237510716,-0.00032194547335495405,-0.0005477318930455783
2455,-0.00019458910082873515,-0.00018196717001177362,-9.828248452978102e-05,7.309955378573556e-10,9.830033387276993e-05,0.0001819223495416631,0.00019442479868121823,0.0005477442671329505,0.0003219364214422709,0.00015492133984391736,1.2041625193050231e-08,-0.00015492838070525094,-0.0003219453792694093,-0.0005477316990476131
2456,-0.00019459077281326568,-0.00018196660023043663,-9.828306807461858e-05,2.0242762211015627e-09,9.829963300418863e-05,0.00018192142250044263,0.0001944227133581748,0.0005477442589475774,0.00032193648741082805,0.00015492104246977786,1.2396105454546908e-08,-0.00015492854004717915,-0.00032194522055641376,-0.000547731614719773
2457,-0.00019459125158013016,-0.00018196593346420383,-9.828187349735111e-05,1.6340006132590231e-09,9.8299997757643e-05,0.000181920933369081,0.00019442196031636976,0.0005477444691775535,0.0003219365472056717,0.00015492111219805722,1.2152182778972664e-08,-0.00015492854089808796,-0.0003219450443859136,-0.0005477314259012528
2458,-0.0001945915518549834,-0.00018196491834446152,-9.82805264329112e-05,1.6462224223463447e-09,9.830054656171055e-05,0.00018192081985222096,0.0001944184796876692,0.0005477446718695873,0.0003219367626150928,0.00015492127803972653,1.2146024656475445e-08,-0.00015492850370551028,-0.0003219447593314541,-0.0005477316129855837
2459,-0.00019459287871752075,-0.00018196612618276816,-9.827929939860991e-05,1.3400513835712138e-09,9.830033399099613e-05,0.00018192047688785597,0.00019441620694653626,0.0005477446090456932,0.0003219364196387141,0.00015492137811400463,1.1943058251394414e-08,-0.00015492863708778225,-0.00032194456059337186,-0.0005477316910009752
2460,-0.0001945939335809719,-0.0001819674630452719,-9.827808426771689e-05,1.0985188423160075e-09,9.82989604665466e-05,0.00018192038175517065,0.00019441281067223212,0.0005477445538291091,0.00032193613779828536,0.00015492157871576227,1.1895154015689783e-08,-0.00015492909396108313,-0.0003219441491512035,-0.0005477318428465816
2461,-0.00019459405684164153,-0.0001819678614577265,-9.827916089759737e-05,2.5117270792223247e-09,9.829750042416113e-05,0.00018192093314248079,0.0001944119355914282,0.0005477445998429292,0.0003219360620489011,0.0001549211194354068,1.2059733129138644e-08,-0.00015492953950897238,-0.0003219437714216732,-0.0005477316275758955
2462,-0.00019459399892065386,-0.00018196760541917784,-9.828081341125739e-05,2.9548664102517645e-09,9.829813260922936e-05,0.0001819204525234058,0.00019440800356522938,0.0005477447191551461,0.0003219361634180405,0.00015492061123473014,1.214694857259384e-08,-0.00015492943898611733,-0.0003219435607061242,-0.0005477319282380577
