iteration,Y_prime,N_prime
1.0,-0.062392899736169356,-0.0018222730169064972
2.0,-0.0036959655483324925,-0.0013149647305571858
3.0,0.005432817321667913,-0.0003786226198117386
4.0,0.008946273508480134,-0.00015029427577695879
5.0,0.008976062600223185,-0.0002603870886719124
6.0,0.007876635151206042,-0.0005245239337220357
7.0,0.006650719744379972,-0.0007709234388926515
8.0,0.005649446554864283,-0.0009417235575796353
9.0,0.004866275092218655,-0.0010363639354009158
10.0,0.004246829086416566,-0.0010820384523251144
11.0,0.003746240575684371,-0.001095226663973787
12.0,0.003349459824573397,-0.0010911534899113648
13.0,0.0030398907930762518,-0.0010791582729115417
14.0,0.0028069470903550955,-0.0010673581559194388
15.0,0.002631146548758885,-0.0010596181914255059
16.0,0.0025789785378159467,-0.0010614640242577644
17.0,0.002494064076789653,-0.0010641460022165297
18.0,0.0024324738894226966,-0.0010718320608265335
19.0,0.002337457220168354,-0.0010715085389753577
20.0,0.0022774753216838945,-0.0010759621616842259
21.0,0.002215316587458558,-0.0010781387825510404
22.0,0.0021119126602737225,-0.001071954305742407
23.0,0.0020421503308052924,-0.001072284502464691
24.0,0.0019211700306504388,-0.0010579828387318984
25.0,0.0017862098157877123,-0.0010374831691793384
26.0,0.0016357088957957293,-0.001012012532069696
27.0,0.0014856704387820724,-0.0009851917150438204
28.0,0.001347196879072554,-0.000960033117394946
29.0,0.0012270011167745732,-0.000938290300488119
30.0,0.0011272519886411023,-0.000921452025356445
31.0,0.0010510350433206917,-0.000910230437927885
32.0,0.0009965855319638778,-0.0009038369778171049
33.0,0.0009623785933684695,-0.0009016368560737859
34.0,0.0009456327344653945,-0.000902516355398473
35.0,0.0009417735497952662,-0.0009046893936847483
36.0,0.0009482763974260934,-0.0009068725457393154
37.0,0.0009514854198864217,-0.0009074741430945129
38.0,0.0009690519666727031,-0.0009062118429385167
39.0,0.0009927522920341715,-0.0009028788803671268
40.0,0.0010173962064817103,-0.0008975067817607497
41.0,0.001039246663122048,-0.0008906474114429521
42.0,0.0010551269295735668,-0.0008826698813185423
43.0,0.001063432817728169,-0.0008742854898981478
44.0,0.0010633101842485435,-0.0008663126941333764
45.0,0.00105564956791623,-0.0008595461309391508
46.0,0.0010411775916102587,-0.0008544436958399273
47.0,0.001019886654075379,-0.0008506177407837249
48.0,0.0009935102245617086,-0.000847942708229583
49.0,0.0009641229000206019,-0.0008460420684518097
50.0,0.000934326510962165,-0.0008445914487597626
51.0,0.0009063805760317592,-0.0008432508042481614
52.0,0.0008823978364072688,-0.0008417437742717554
53.0,0.0008631173183152163,-0.0008397834979471581
54.0,0.0008481008890403629,-0.0008371778211222825
55.0,0.0008365818470797058,-0.0008340528979454189
56.0,0.0008272364015013506,-0.0008307163680081096
57.0,0.000818087316642611,-0.0008275517658193079
58.0,0.0008068303419098857,-0.0008250026752874337
59.0,0.0007925056981926789,-0.0008233137188750236
60.0,0.0007754029317201998,-0.0008224109296668516
61.0,0.0007568828081080043,-0.0008220036251121074
62.0,0.0007394155842491209,-0.0008216005471232816
63.0,0.0007254242807716281,-0.0008205420861786917
64.0,0.0007168807469228107,-0.0008182843225992115
65.0,0.0007147067507783052,-0.0008145005019587516
66.0,0.0007180086082272374,-0.0008091825688097429
67.0,0.0007248205778638714,-0.0008025518005146532
68.0,0.0007320838922304704,-0.0007950894193849698
69.0,0.0007368880452923798,-0.0007873557578132454
70.0,0.0007366697104298398,-0.0007799154143437096
71.0,0.0007299635501224572,-0.0007731749623506945
72.0,0.0007172500770022043,-0.0007672759551201361
73.0,0.0006999928684968653,-0.0007620709893678641
74.0,0.0006809826877921522,-0.00075719144273912
75.0,0.0006628327331235271,-0.0007522062438011551
76.0,0.0006479333679085866,-0.0007466621472000464
77.0,0.000637377525342501,-0.0007403164132940327
78.0,0.0006313770625755829,-0.0007330371649486058
79.0,0.000628695048482645,-0.0007250376510857713
80.0,0.0006267768456068535,-0.0007167667470182808
81.0,0.0006234374292200653,-0.0007086757861911476
82.0,0.000617058690216617,-0.0007012033388099567
83.0,0.0006071909878903756,-0.0006945713752423029
84.0,0.0005925142132576677,-0.0006881871260809169
85.0,0.0005774142227266014,-0.000683016303253716
86.0,0.0005629796262457877,-0.0006784596519713962
87.0,0.0005500687573158006,-0.0006741388389052528
88.0,0.0005393075892621877,-0.000669785360073276
89.0,0.0005302423705157798,-0.0006652072080820301
90.0,0.000522831676388161,-0.0006604291474076381
91.0,0.0005170630047538461,-0.0006554919477514321
92.0,0.0005126529177079316,-0.0006504218072784305
93.0,0.0005088430450199177,-0.0006452060673554969
94.0,0.0005050852971715631,-0.0006399700222505492
95.0,0.0005010426873836807,-0.00063484412833469
96.0,0.0004962607182078334,-0.0006299191592674805
97.0,0.0004904827653436159,-0.000625260684441978
98.0,0.00048357267168196014,-0.0006208668459634861
99.0,0.00047562200844231643,-0.0006166958662430322
100.0,0.00046661783185536287,-0.0006126300374892629
101.0,0.00045693162361888027,-0.0006086037260285079
102.0,0.0004467480709547567,-0.0006044912383593734
103.0,0.00043645654801297663,-0.0006002754691563895
104.0,0.00042612289561667574,-0.000595859630083154
105.0,0.00041616068037643336,-0.0005913108253364107
106.0,0.0004064270294224923,-0.0005865495024318686
107.0,0.00039728198996888094,-0.0005817212272224336
108.0,0.0003883381691003383,-0.0005767411207657381
109.0,0.000379787021710597,-0.0005717503617166052
110.0,0.0003711753346424718,-0.0005666859474207291
111.0,0.0003625702268822919,-0.0005616598914707865
112.0,0.00035355074119406153,-0.0005565876043721481
113.0,0.00034429562746986236,-0.0005515896442526589
114.0,0.0003344300230676072,-0.0005465750649124938
115.0,0.0003241541081719124,-0.0005416490944088276
116.0,0.0003131687645167616,-0.0005367338255867144
117.0,0.00030182150135830575,-0.0005319570454838726
118.0,0.0002899345079638698,-0.0005272401624724402
119.0,0.0002779549196194326,-0.0005227323706759677
120.0,0.00026569703709665367,-0.000518344065209047
121.0,0.000253669039427168,-0.0005142128209426089
122.0,0.00024186998027917955,-0.0005102702713751519
123.0,0.00023075396348668425,-0.0005066088492072384
124.0,0.00022037454517517336,-0.0005031749195277827
125.0,0.00021105374542534786,-0.0005000406893274433
126.0,0.00020286573015552726,-0.0004971901106043443
127.0,0.0001959926407636404,-0.0004946822169624084
128.0,0.00019036936007929274,-0.0004925062805453871
129.0,0.00018609002305716393,-0.0004907300026198049
130.0,0.00018403355736509297,-0.0004898035291041562
131.0,0.0001825810371119837,-0.0004889939393393982
132.0,0.00018187238794596758,-0.0004884331234548967
133.0,0.0001821792160382988,-0.00048826693873983354
134.0,0.0001834729919675836,-0.000488519116324794
135.0,0.00018576085881327233,-0.0004892151225700764
136.0,0.0001888998774299684,-0.0004903237554348998
137.0,0.00019284804147603798,-0.0004918441292804012
138.0,0.00019747735591351363,-0.0004937357150644643
139.0,0.00020270907068184135,-0.0004959672837623242
140.0,0.00020844448435892448,-0.0004984883175408084
141.0,0.00021464396883159236,-0.000501256451267643
142.0,0.0002212307377272752,-0.0005042150134433306
143.0,0.00022823113299688322,-0.0005073397376508867
144.0,0.00023557101098803206,-0.0005105777102400748
145.0,0.0002449945770822583,-0.0005146690556918744
146.0,0.0002535262857195721,-0.0005182865310775965
147.0,0.00026170772033169817,-0.0005216996845923738
148.0,0.00026967818693338183,-0.0005249889509603504
149.0,0.00027737860799896227,-0.0005281457253196962
150.0,0.00028467824629278826,-0.0005311371528548327
151.0,0.00029144353262813177,-0.0005339238723960187
152.0,0.000296051606053225,-0.000535769916591257
153.0,0.0003008817067520985,-0.0005378176758936022
154.0,0.000305318538407669,-0.000539773484091287
155.0,0.00030906469076788615,-0.0005415069645396669
156.0,0.00031200769297908074,-0.0005429778567416037
157.0,0.0003141256210853518,-0.0005441880857395996
158.0,0.0003154184514316065,-0.0005451383837545799
159.0,0.0003159493960419305,-0.0005458423645186018
160.0,0.0003158053859346147,-0.0005463197125358038
161.0,0.0003150872477462908,-0.0005465880581285329
162.0,0.0003139152369153124,-0.0005466648781780759
163.0,0.0003124112608744831,-0.0005465790182164389
164.0,0.0003106687528961109,-0.0005463529056570114
165.0,0.00030875747107095926,-0.000546013042078554
166.0,0.00030673945503296383,-0.0005455873808074132
167.0,0.00030466115720734373,-0.0005450991387755148
168.0,0.00030254738209204633,-0.0005445729366137684
169.0,0.00030042976592561395,-0.0005440328222081971
170.0,0.000298329319681793,-0.000543500030219981
171.0,0.00029625958345302504,-0.0005429957474466787
172.0,0.0002942361393347437,-0.0005425409943192979
173.0,0.00029226421310249586,-0.0005421501181088052
174.0,0.0002903487795375978,-0.0005418358504923859
175.0,0.00028849604339752907,-0.0005416058100406655
176.0,0.0002867182637839611,-0.0005414613196162883
177.0,0.0002850352061772876,-0.0005413982600343314
178.0,0.00028347414931344906,-0.0005414098640260862
179.0,0.0002820662270779957,-0.0005414824112646659
180.0,0.00028083354407646766,-0.000541602729218868
181.0,0.00027977836091210766,-0.000541759351984643
182.0,0.000278896236673727,-0.0005419420366775328
183.0,0.0002778539269735064,-0.0005420959249044097
184.0,0.0002771313320612391,-0.0005423089260223397
185.0,0.00027655268420231216,-0.0005425448548556823
186.0,0.00027604868020098574,-0.0005427905433127592
187.0,0.0002755695713278441,-0.0005430415291860239
188.0,0.0002750773147550312,-0.0005432981740423633
189.0,0.00027454381493161685,-0.0005435605601979581
190.0,0.00027394154356584873,-0.0005438303476880782
191.0,0.00027325648487230207,-0.0005441068213793425
192.0,0.0002724844710521711,-0.0005443899180778964
193.0,0.0002716325609585883,-0.0005446773274506429
194.0,0.00027072047548096413,-0.0005449658424499332
195.0,0.00026977695345870804,-0.0005452506188841462
196.0,0.00026884106450440396,-0.0005455245920364418
197.0,0.000267933202697319,-0.0005457842658276379
198.0,0.0002670679986188421,-0.0005460271401349713
199.0,0.00026624740200626514,-0.0005462524774887039
200.0,0.000265461314223565,-0.0005464620585080614
201.0,0.0002647002434208571,-0.0005466571899392895
202.0,0.00026395634347671797,-0.0005468390205324371
203.0,0.00026321116774376155,-0.0005470091537419607
204.0,0.00026244721988667995,-0.000547169620326536
205.0,0.00026164534292549813,-0.0005473223760584979
206.0,0.00026079152890727726,-0.0005474687947394078
207.0,0.0002598781148429836,-0.0005476092103509832
208.0,0.00025889867776897416,-0.0005477439624937143
209.0,0.0002578563517535374,-0.0005478715775229869
210.0,0.0002567615726335343,-0.000547989967382514
211.0,0.0002556277203837177,-0.0005480959485402524
212.0,0.0002544708056202491,-0.0005481871299192557
213.0,0.0002535007479433,-0.0005482739545525383
214.0,0.00025242793773471166,-0.000548326971028633
215.0,0.00025134250011041835,-0.0005483594603464956
216.0,0.0002502672990428672,-0.0005483748677851263
217.0,0.00024920546045259094,-0.000548375769817858
218.0,0.00024815568304346875,-0.0005483648406338047
219.0,0.000247113201934957,-0.0005483450060182493
220.0,0.0002460773667647087,-0.0005483186870611725
221.0,0.00024503742764765685,-0.0005482893208793236
222.0,0.00024399237122760007,-0.0005482593958261021
223.0,0.00024294179104284978,-0.0005482307777272291
224.0,0.00024188398124692012,-0.0005482048224874339
225.0,0.0002408242771913446,-0.0005481821431079149
226.0,0.00023976515682838935,-0.0005481637738128658
227.0,0.00023871284623565943,-0.0005481494027025785
228.0,0.00023767860953294726,-0.0005481385353712732
229.0,0.00023666146469399543,-0.000548131526217855
230.0,0.00023567225704197386,-0.0005481278201399222
231.0,0.0002347116291461523,-0.0005481271169146402
232.0,0.00023378332790034665,-0.0005481292247638065
233.0,0.00023288955962226767,-0.0005481341084949413
234.0,0.00023202959173309576,-0.0005481420154496696
235.0,0.0002312033894053617,-0.0005481530258631451
236.0,0.00023041316667103608,-0.0005481663294296834
237.0,0.00022965769889383918,-0.0005481821786009871
238.0,0.0002289299917031806,-0.0005482010371223708
239.0,0.00022823241098273749,-0.0005482223911188906
240.0,0.00022756406101138123,-0.000548245910447168
241.0,0.0002269224441423305,-0.0005482716449131167
242.0,0.0002263056312490615,-0.0005482993469901319
243.0,0.00022571204731223514,-0.0005483284605121754
244.0,0.00022514073407891308,-0.0005483587831340518
245.0,0.00022459148741185017,-0.0005483902893747409
246.0,0.00022406322531468145,-0.0005484227563793693
247.0,0.00022355470523985726,-0.00054845597051895
248.0,0.00022306562539528807,-0.0005484897562010461
249.0,0.0002225951376655966,-0.0005485237256840748
250.0,0.0002221417114056789,-0.0005485580658905094
251.0,0.00022170373900517242,-0.0005485925747988694
252.0,0.00022128225970196493,-0.0005486264939904113
253.0,0.00022087418284634137,-0.0005486604057827459
254.0,0.0002204786387663466,-0.0005486939892583812
255.0,0.00022009528959119457,-0.0005487268162344425
256.0,0.00021972323178697499,-0.0005487586599945949
257.0,0.00021936139079572155,-0.0005487891269241352
258.0,0.00021900701856755338,-0.0005488182390819501
259.0,0.00021865941915406964,-0.0005488460179719853
260.0,0.00021831802357196023,-0.0005488721472087636
261.0,0.00021798402316697635,-0.0005488962963945584
262.0,0.00021765286984602345,-0.0005489188276974423
263.0,0.000217326018264313,-0.0005489393702552742
264.0,0.00021700455647730285,-0.0005489574908444694
265.0,0.0002166858422672688,-0.0005489736888190276
266.0,0.0002163686445447508,-0.0005489881581769138
267.0,0.0002160548427714149,-0.0005490005693759349
268.0,0.0002157423249839131,-0.0005490109686380138
269.0,0.00021543268900938963,-0.0005490193905544443
270.0,0.00021512442030120863,-0.0005490257315594476
271.0,0.00021481802788229055,-0.0005490301092541739
272.0,0.00021451238668252355,-0.0005490326429045951
273.0,0.00021421160718070885,-0.0005490327923685815
274.0,0.0002139109497573018,-0.0005490312647559991
275.0,0.00021361133634023946,-0.0005490281128324445
276.0,0.00021331353093680737,-0.0005490231809139724
277.0,0.00021301783816667178,-0.0005490166854042727
278.0,0.00021272238173071753,-0.0005490087560669424
279.0,0.0002124291959472333,-0.0005489994659229082
280.0,0.0002121370699927008,-0.000548988877564839
281.0,0.00021184637262450183,-0.0005489772355365343
282.0,0.00021155837136547156,-0.0005489643312497173
283.0,0.00021127255766559443,-0.0005489504537821664
284.0,0.0002109870271765885,-0.0005489359722849559
285.0,0.0002107048046173559,-0.0005489205508109539
286.0,0.00021042270509219276,-0.0005489046148608226
287.0,0.00021014254929448955,-0.0005488881097497959
288.0,0.00020986517484704802,-0.0005488707436947603
289.0,0.0002095877528628204,-0.0005488531577445341
290.0,0.00020930983463395459,-0.0005488354102834871
291.0,0.0002090353283246605,-0.0005488166116494372
292.0,0.00020876204837577838,-0.0005487971754349473
293.0,0.00020848983842330142,-0.0005487774187422933
294.0,0.00020821862447733056,-0.0005487571140689745
295.0,0.00020794904077218814,-0.0005487362460153911
296.0,0.00020768031677844312,-0.0005487148630925954
297.0,0.0002074150799158399,-0.0005486927504461069
298.0,0.0002071497403343699,-0.000548670253873252
299.0,0.00020688668907033523,-0.0005486473408175189
300.0,0.00020662540672646606,-0.0005486239037360547
301.0,0.00020636585911568513,-0.0005486001201173432
302.0,0.0002061070344975491,-0.0005485760075113792
303.0,0.00020585065656084838,-0.0005485514957875515
304.0,0.00020559467425828646,-0.0005485266286705504
305.0,0.0002053414522223132,-0.0005485013210001251
306.0,0.00020508870940640482,-0.0005484759147121404
307.0,0.00020483721020208198,-0.0005484503886957335
308.0,0.00020458846463382814,-0.0005484242338854451
309.0,0.00020434325709309684,-0.0005483976524183686
310.0,0.00020409788316868806,-0.0005483712024953234
311.0,0.0002038551289497638,-0.0005483446415379244
312.0,0.00020361505924398814,-0.0005483178238742788
313.0,0.00020337733367812032,-0.0005482909123100687
314.0,0.00020314102095479657,-0.0005482640862298248
315.0,0.00020290803231882735,-0.0005482372200782493
316.0,0.000202676511126204,-0.0005482104291211173
317.0,0.0002024473063494437,-0.0005481838342198551
318.0,0.00020222133323670308,-0.0005481573266754835
319.0,0.00020199850312818159,-0.0005481311467772581
320.0,0.00020177836451800688,-0.0005481054101146697
321.0,0.00020156444806426806,-0.0005480796398088107
322.0,0.00020135179726144957,-0.0005480546570329512
323.0,0.0002011435929560079,-0.0005480301365456874
324.0,0.00020093944278472915,-0.0005480060501837867
325.0,0.0002007402267643613,-0.0005479824082830167
326.0,0.000200543311090945,-0.0005479596066778427
327.0,0.0002003518467785246,-0.0005479373025999892
328.0,0.00020016459188053367,-0.0005479154030506695
329.0,0.00019998274896436063,-0.0005478941863094443
330.0,0.00019980205144335425,-0.0005478737087952686
331.0,0.00019962576332625327,-0.0005478537640702602
332.0,0.00019945472690579432,-0.0005478346336973776
333.0,0.00019929004758713077,-0.0005478160643000174
334.0,0.00019912635461983324,-0.0005477986689718681
335.0,0.00019896750109440518,-0.0005477820683417003
336.0,0.0001988155976934107,-0.0005477659370756201
337.0,0.00019866707349288607,-0.0005477505800440888
338.0,0.000198522440638894,-0.0005477363781444223
339.0,0.00019838281867447124,-0.0005477228970431549
340.0,0.00019824677564383747,-0.0005477101326476
341.0,0.00019811549164155023,-0.0005476980719629
342.0,0.00019798705890061984,-0.0005476867127692926
343.0,0.0001978642964657626,-0.0005476760124982137
344.0,0.0001977449625415544,-0.000547665764896761
345.0,0.0001976304174781048,-0.0005476561012546181
346.0,0.00019751757044835937,-0.0005476472118470243
347.0,0.00019740932163961892,-0.0005476388436442138
348.0,0.00019730440723346928,-0.0005476309434181396
349.0,0.0001972034133855767,-0.0005476236172086905
350.0,0.00019710496475080805,-0.0005476167763641147
351.0,0.00019700909270836832,-0.0005476104965644289
352.0,0.00019691529753579842,-0.0005476047650228781
353.0,0.00019682666050353464,-0.0005475989079029067
354.0,0.00019674056452677335,-0.0005475932885749583
355.0,0.00019665747106209229,-0.0005475880083850498
356.0,0.00019657586414414117,-0.0005475829485296599
357.0,0.00019649750310691072,-0.0005475781152749921
358.0,0.00019642090898985254,-0.0005475736897166439
359.0,0.00019634738536494176,-0.000547569399008848
360.0,0.00019627558410862875,-0.0005475653354335921
361.0,0.00019620641863656398,-0.0005475615712025148
362.0,0.00019613767662120463,-0.0005475581662491945
363.0,0.0001960721638166713,-0.0005475549188296212
364.0,0.00019600744492080077,-0.0005475519162081954
365.0,0.0001959454946363185,-0.000547549079722095
366.0,0.00019588445888078345,-0.0005475465035031095
367.0,0.00019582210858779282,-0.0005475406408337327
368.0,0.00019577250550320812,-0.0005475379494414619
369.0,0.00019573390963287504,-0.0005475408086107571
370.0,0.00019567842500154754,-0.0005475369513808935
371.0,0.00019563827318570289,-0.0005475391164351808
372.0,0.00019558565679104467,-0.0005475351572581149
373.0,0.00019554396675376684,-0.0005475335925338836
374.0,0.0001955036259237789,-0.0005475329312066128
375.0,0.00019546706582000546,-0.0005475325640209529
376.0,0.00019542934680386934,-0.0005475326188444541
377.0,0.00019539271833579356,-0.000547532704975851
378.0,0.00019535491357610313,-0.0005475329400856615
379.0,0.00019531918063211233,-0.000547533151217416
380.0,0.00019528337639772067,-0.0005475332220417028
381.0,0.00019525010541590198,-0.0005475330397206116
382.0,0.00019521446136816425,-0.0005475334953730433
383.0,0.00019518057041798507,-0.0005475338647553429
384.0,0.00019513991002256828,-0.0005475327013687375
385.0,0.00019511175671813754,-0.0005475336598897921
386.0,0.00019507472632037756,-0.00054753288251058
387.0,0.00019506166588149687,-0.0005475359709859325
388.0,0.00019504001779659043,-0.0005475369525601423
389.0,0.00019501466592117164,-0.0005475371106257071
390.0,0.00019498641797666472,-0.0005475370259510292
391.0,0.0001949605650881508,-0.0005475362843423597
392.0,0.00019493521678907462,-0.0005475351925893295
393.0,0.0001949165936299662,-0.0005475354128776029
394.0,0.00019488748419081665,-0.0005475345446731218
395.0,0.00019486620419334352,-0.0005475348987945565
396.0,0.00019483821656323302,-0.0005475336162113467
397.0,0.00019481362674436727,-0.0005475325698015835
398.0,0.0001947886507691634,-0.0005475319186482228
399.0,0.00019476589590965016,-0.000547531246615224
400.0,0.0001947420996152121,-0.0005475308408611962
401.0,0.00019472046090958454,-0.0005475301589780028
402.0,0.00019469846601796146,-0.0005475295716659271
403.0,0.0001946767130959688,-0.0005475291206611225
404.0,0.0001946554923790847,-0.0005475284542468967
405.0,0.0001946366970727714,-0.0005475275560987488
406.0,0.00019461592640363643,-0.0005475271979077502
407.0,0.0001945962825681541,-0.0005475268723426311
408.0,0.0001945769235888577,-0.0005475264620565888
409.0,0.00019455893105817248,-0.0005475260614588837
410.0,0.00019453997387062965,-0.0005475258260022355
411.0,0.00019452405623937753,-0.0005475253823735155
412.0,0.00019450660157880652,-0.0005475252429909489
413.0,0.0001944913235611691,-0.0005475250718842812
414.0,0.00019447620147404232,-0.0005475248567754527
415.0,0.000194461107790761,-0.000547524897841053
416.0,0.00019444637630330717,-0.0005475249280621901
417.0,0.000194435411601228,-0.0005475244877631136
418.0,0.00019442274325955222,-0.0005475243358943848
419.0,0.00019441123695338125,-0.0005475241786843531
420.0,0.00019439938410650265,-0.0005475239657721643
421.0,0.00019438887196447942,-0.0005475237505939684
422.0,0.0001943768916007878,-0.0005475237059443772
423.0,0.0001943670201265629,-0.0005475234691928676
424.0,0.00019435618948314664,-0.0005475232775765223
425.0,0.00019434729164111869,-0.000547522836098197
426.0,0.00019433739481722527,-0.0005475224499520685
427.0,0.00019432828654240679,-0.0005475220492387507
428.0,0.00019431909670135984,-0.0005475215065068986
429.0,0.00019431070764579992,-0.0005475210867174997
430.0,0.00019430063319688748,-0.0005475209417855276
431.0,0.00019429230392437792,-0.0005475205870397849
432.0,0.0001942835497173354,-0.0005475202679489721
433.0,0.00019427638172171262,-0.0005475197820985258
434.0,0.00019426666863119207,-0.0005475197570799563
435.0,0.0001942578821089872,-0.0005475197852431889
436.0,0.00019424993614553472,-0.0005475195661341641
437.0,0.00019424397056951758,-0.0005475191267368659
438.0,0.00019423669419002247,-0.0005475190184078472
439.0,0.00019422994355260343,-0.0005475189657578631
440.0,0.00019422305670874543,-0.0005475188133804387
441.0,0.0001942177999185244,-0.0005475186515921476
442.0,0.00019421020502778406,-0.0005475188728284445
443.0,0.00019420458596291807,-0.000547518867186549
444.0,0.00019419867117490764,-0.0005475187155259228
445.0,0.00019419428160344802,-0.0005475185292508802
446.0,0.00019418834815540173,-0.0005475185122558261
447.0,0.0001941836745947484,-0.0005475185067295432
448.0,0.00019417907356587106,-0.0005475183763416379
449.0,0.00019417490025969467,-0.000547518479028761
450.0,0.00019416978338033364,-0.0005475187713899376
451.0,0.0001941676577815635,-0.0005475187536549627
452.0,0.00019416591835883583,-0.000547518550477356
453.0,0.0001941649264606904,-0.0005475185896469094
454.0,0.00019416113479855203,-0.0005475191591546427
455.0,0.00019415880298372595,-0.0005475196730295864
456.0,0.0001941565766365258,-0.0005475200557998267
457.0,0.00019415553911291786,-0.000547520395307827
458.0,0.00019415378913850148,-0.0005475208366705396
459.0,0.0001941524760985778,-0.0005475212195332699
460.0,0.00019415046378021527,-0.000547521709846363
461.0,0.00019414924395180108,-0.0005475221011950591
462.0,0.00019414636159695265,-0.0005475226416146589
463.0,0.0001941438740486596,-0.0005475231996073758
464.0,0.00019414216239923765,-0.0005475232657146681
465.0,0.0001941410717920642,-0.0005475233284691946
466.0,0.00019413621898078153,-0.0005475240336830134
467.0,0.00019413226055073056,-0.0005475246500832227
468.0,0.00019412789481170313,-0.0005475251178287337
469.0,0.0001941250323878222,-0.0005475256063151475
470.0,0.00019412074121997284,-0.0005475263302350872
471.0,0.00019411779349588589,-0.000547526963121655
472.0,0.00019411540938566897,-0.0005475273628638269
473.0,0.0001941138024058461,-0.0005475278385403631
474.0,0.00019411116878907827,-0.0005475285139723727
475.0,0.00019410896209698446,-0.000547529229868797
476.0,0.0001941076849288615,-0.0005475296549070087
477.0,0.00019410729404347517,-0.0005475301777303687
478.0,0.00019410487690873867,-0.0005475310267200334
479.0,0.00019410314484559217,-0.0005475320032766557
480.0,0.00019410061998707963,-0.0005475330258702206
481.0,0.00019410139825047482,-0.0005475336318884171
482.0,0.00019410083915875708,-0.00054753431834987
483.0,0.00019410153303819932,-0.0005475351520093022
484.0,0.00019410037481548952,-0.0005475362023730168
485.0,0.00019410104236004485,-0.0005475371525237182
486.0,0.00019410025759420844,-0.0005475382374787268
487.0,0.00019410132996498995,-0.0005475392151221076
488.0,0.00019410230592230228,-0.0005475399472042977
489.0,0.00019410478971691337,-0.0005475406740839203
490.0,0.00019410522084846985,-0.0005475417996883236
491.0,0.00019410703482267117,-0.0005475427981882199
492.0,0.00019411002092101345,-0.0005475435055061883
493.0,0.00019411414893670157,-0.0005475441472024373
494.0,0.00019411753862974706,-0.0005475448981063608
495.0,0.00019412130760230648,-0.0005475456871624468
496.0,0.00019412500639776176,-0.0005475463449750942
497.0,0.00019412909529042862,-0.0005475471692467822
498.0,0.00019413158900618866,-0.0005475481226808818
499.0,0.00019413602127701224,-0.0005475487379480874
500.0,0.00019414135485515264,-0.0005475489853128349
501.0,0.0001941464812517231,-0.0005475494740073514
502.0,0.0001941487408204865,-0.0005475504504483611
503.0,0.0001941517182094984,-0.0005475514502199961
504.0,0.00019415418383668287,-0.000547552237680628
505.0,0.00019415727214157832,-0.0005475529544788307
506.0,0.00019415870860965876,-0.0005475537734323385
507.0,0.00019416044233782424,-0.0005475545357819107
508.0,0.000194160325589448,-0.0005475553544117032
509.0,0.00019416089642496865,-0.000547556218800968
510.0,0.00019415936927738993,-0.0005475571729287433
511.0,0.00019415879464877855,-0.0005475580190743378
512.0,0.0001941575264165861,-0.0005475588566645988
513.0,0.00019415610035241162,-0.0005475598070927704
514.0,0.00019415353658762584,-0.0005475607572203494
515.0,0.00019415233176408737,-0.0005475614891638043
516.0,0.0001941503284998816,-0.000547562236136899
517.0,0.00019414871458412142,-0.0005475629344139611
518.0,0.0001941456656091431,-0.0005475637046483135
519.0,0.0001941443092688723,-0.0005475643681491014
520.0,0.00019414219054692634,-0.0005475650668886139
521.0,0.0001941408531524047,-0.0005475658108557807
522.0,0.00019413887165167258,-0.0005475665578751204
523.0,0.00019413828487531879,-0.0005475671230126969
524.0,0.0001941371574308307,-0.0005475677403840521
525.0,0.00019413653261519584,-0.0005475684848830368
526.0,0.0001941325975348201,-0.0005475697266318716
527.0,0.0001941305402215348,-0.0005475707886493376
528.0,0.0001941287659516336,-0.000547571628598096
529.0,0.00019412756651723955,-0.0005475723790858142
530.0,0.00019412397664752672,-0.0005475735854571892
531.0,0.00019412198176752923,-0.0005475747007027025
532.0,0.0001941184334641792,-0.0005475759760716851
533.0,0.0001941176471219934,-0.0005475769393559794
534.0,0.00019411485451068582,-0.0005475783455521953
535.0,0.0001941134356386054,-0.0005475798171157828
536.0,0.00019411420104490092,-0.0005475806773661161
537.0,0.00019411709920265192,-0.0005475814415192452
538.0,0.00019411706953772695,-0.0005475827137204422
539.0,0.0001941186293551467,-0.0005475838731993413
540.0,0.00019411937476150943,-0.0005475849345231317
541.0,0.0001941214020650433,-0.0005475859751522642
542.0,0.0001941223533032268,-0.0005475871515106049
543.0,0.00019412471824109437,-0.0005475882368355737
544.0,0.00019412639059015574,-0.0005475893339992743
545.0,0.00019412938871801424,-0.0005475904100752341
546.0,0.00019413179080846635,-0.0005475915474027565
547.0,0.00019413527417607394,-0.0005475927087545799
548.0,0.0001941389835232179,-0.0005475937066301681
549.0,0.00019414407730906046,-0.0005475945978646818
550.0,0.00019414649040440168,-0.0005475959819326435
551.0,0.0001941493522371516,-0.0005475973770762935
552.0,0.00019415411205367278,-0.000547598170178821
553.0,0.0001941593038391861,-0.000547598894908049
554.0,0.00019416285247751038,-0.000547599850839381
555.0,0.00019416629401274623,-0.0005476009391471553
556.0,0.00019416892017141103,-0.0005476020217436664
557.0,0.00019417224374645206,-0.0005476032216869802
558.0,0.00019417518450504513,-0.0005476043979528308
559.0,0.00019417858568573676,-0.0005476056407190565
560.0,0.00019418241392903297,-0.0005476066239580878
561.0,0.00019418620806406945,-0.0005476077114796964
562.0,0.00019418821317063358,-0.0005476091137913285
563.0,0.00019419134449016282,-0.0005476103466148695
564.0,0.00019419550344170765,-0.0005476111616606709
565.0,0.00019419855759893455,-0.0005476122862245608
566.0,0.00019420021048008101,-0.0005476136445571548
567.0,0.00019420390822135264,-0.0005476145382426558
568.0,0.00019420705087089312,-0.0005476153089625813
569.0,0.00019420983938369228,-0.0005476161862542138
570.0,0.00019421117822648496,-0.0005476172480635772
571.0,0.00019421272131489684,-0.0005476184301331809
572.0,0.00019421398137962906,-0.0005476194944166542
573.0,0.00019421630278069707,-0.000547620619466117
574.0,0.00019421612688966234,-0.0005476221110769317
575.0,0.0001942171565512277,-0.0005476234525994516
576.0,0.00019421805029206748,-0.0005476246222291383
577.0,0.0001942200933787996,-0.0005476258036744338
578.0,0.00019422106041988566,-0.0005476271152764095
579.0,0.0001942232727375763,-0.0005476283524007398
580.0,0.00019422454420128498,-0.0005476296301744648
581.0,0.0001942268366763418,-0.0005476307942085008
582.0,0.00019422964931713874,-0.0005476315335280406
583.0,0.00019423246873623802,-0.000547632302166939
584.0,0.00019423514060903498,-0.0005476329864548748
585.0,0.0001942377158023538,-0.0005476338480463143
586.0,0.00019423832640128765,-0.000547634979500716
587.0,0.00019423973896797055,-0.000547636031829845
588.0,0.0001942413324404496,-0.0005476370222137359
589.0,0.0001942439407371055,-0.0005476379873478319
590.0,0.00019424611507462815,-0.000547639014727759
591.0,0.00019424824956006798,-0.0005476403247342807
592.0,0.0001942501964106702,-0.0005476416450303249
593.0,0.00019425389282189703,-0.000547642717452926
594.0,0.00019425705555018775,-0.0005476438686308396
595.0,0.0001942599198952445,-0.0005476452023379469
596.0,0.00019426317148037956,-0.0005476462009303333
597.0,0.00019426628200194912,-0.000547647380433337
598.0,0.00019426804440982124,-0.0005476487461420158
599.0,0.00019427179060413206,-0.000547649794586561
600.0,0.00019427564019711024,-0.0005476507731548427
601.0,0.00019427992537483197,-0.0005476518360972097
602.0,0.0001942829182514766,-0.0005476530689669957
603.0,0.00019428726007925432,-0.0005476541469852475
604.0,0.00019429150585809361,-0.0005476551230331742
605.0,0.00019429586873998775,-0.0005476562131676279
606.0,0.00019429949191993354,-0.0005476574031913794
607.0,0.00019430359943322753,-0.0005476585363799702
608.0,0.00019430966864436444,-0.0005476591723880786
609.0,0.00019431539886156636,-0.0005476600793690302
610.0,0.00019431841995486496,-0.0005476613480787264
611.0,0.00019432207045491602,-0.000547662559745159
612.0,0.00019432647004604645,-0.000547663325794335
613.0,0.00019433020014188916,-0.0005476642561290344
614.0,0.00019433222966216436,-0.0005476652866998697
615.0,0.00019433590219169805,-0.0005476659588022361
616.0,0.00019433918724470094,-0.000547666496354643
617.0,0.00019434243317468264,-0.0005476671532886344
618.0,0.00019434463035941917,-0.0005476679321245653
619.0,0.00019434674739664173,-0.0005476687673794516
620.0,0.00019435006375003212,-0.0005476693556857958
621.0,0.00019435397579600249,-0.0005476699471830481
622.0,0.00019435613030107946,-0.0005476707997335813
623.0,0.0001943591789509357,-0.0005476716294853072
624.0,0.00019436240068395437,-0.0005476723368032756
625.0,0.00019436613905563134,-0.0005476729271675243
626.0,0.00019436962243309113,-0.0005476734877730863
627.0,0.00019437233844367085,-0.0005476742418447955
628.0,0.00019437395924610734,-0.0005476751320387956
629.0,0.00019437673473431976,-0.0005476758988047697
630.0,0.00019437975147295318,-0.0005476764831109175
631.0,0.00019438213308071544,-0.0005476772478883547
632.0,0.00019438461121032094,-0.0005476779056547569
633.0,0.00019438735302376963,-0.0005476786107992082
634.0,0.0001943887395215746,-0.0005476794983803633
635.0,0.0001943905664021365,-0.0005476803383522442
636.0,0.00019439291646320675,-0.0005476808926453574
637.0,0.00019439604513249862,-0.0005476813193483908
638.0,0.00019439780010197208,-0.000547681911909279
639.0,0.00019440015246845326,-0.000547682339213498
640.0,0.0001944007494516693,-0.0005476829831063866
641.0,0.0001944013258536737,-0.0005476836599951152
642.0,0.00019440270536628048,-0.0005476840082896741
643.0,0.00019440448701546725,-0.0005476843205593427
644.0,0.00019440584121781424,-0.0005476846425173482
645.0,0.00019440733001084201,-0.000547685150866009
646.0,0.0001944066276388175,-0.0005476861365329053
647.0,0.0001944069545736797,-0.000547687005292327
648.0,0.0001944076966894131,-0.0005476877065059493
649.0,0.00019440913374862455,-0.0005476883390688018
650.0,0.0001944099939920399,-0.0005476890445600909
651.0,0.00019441174569058837,-0.0005476897023727382
652.0,0.00019441310933132727,-0.0005476903842790541
653.0,0.0001944150082412038,-0.0005476910528899195
654.0,0.00019441686801820694,-0.0005476916713711558
655.0,0.00019442035246955474,-0.000547692089796326
656.0,0.00019442325233173354,-0.0005476925039438295
657.0,0.00019442690073326945,-0.0005476928958012211
658.0,0.0001944279975965795,-0.0005476937350331813
659.0,0.0001944302494018222,-0.0005476944546985767
660.0,0.00019443290276236608,-0.0005476950358369388
661.0,0.00019443512914897498,-0.0005476958993244253
662.0,0.000194435546684518,-0.0005476971326797844
663.0,0.0001944393670559195,-0.0005476978544030843
664.0,0.00019444256333089562,-0.0005476985607036617
665.0,0.00019444609855054576,-0.0005476993323253655
666.0,0.000194448135154541,-0.000547700250543863
667.0,0.00019445091583485417,-0.0005477011627736273
668.0,0.00019445395627784148,-0.0005477018572123505
669.0,0.00019445819056903462,-0.0005477024826765886
670.0,0.00019445984920385637,-0.0005477034005713709
671.0,0.0001944633702757708,-0.0005477040994496184
672.0,0.00019446683078631235,-0.0005477046793393645
673.0,0.00019447162308548302,-0.000547705104816904
674.0,0.0001944750677832698,-0.0005477057936830993
675.0,0.00019448052767625674,-0.0005477061581403015
676.0,0.00019448408144756874,-0.0005477068020100677
677.0,0.00019448841554138224,-0.0005477073628931
678.0,0.00019449265511334586,-0.0005477076734748244
679.0,0.00019449764251530937,-0.0005477078289044218
680.0,0.00019450152808846228,-0.0005477080589966449
681.0,0.00019450542777979432,-0.0005477082939908428
682.0,0.00019450621942245492,-0.000547708896147578
683.0,0.00019450782437272794,-0.0005477092413668414
684.0,0.000194509094782253,-0.0005477094631580788
685.0,0.00019451106322884175,-0.0005477095640647677
686.0,0.00019451086059898065,-0.0005477099904209631
687.0,0.00019451168030066026,-0.000547710262573055
688.0,0.00019451270313466235,-0.0005477103265761977
689.0,0.00019451466409359158,-0.00054771022439777
690.0,0.0001945142225088682,-0.0005477104672998706
691.0,0.0001945135759199075,-0.0005477107438683642
692.0,0.00019451294886782693,-0.0005477108870430245
693.0,0.00019451303473945965,-0.0005477109634629619
694.0,0.00019451011464089563,-0.0005477114572444335
695.0,0.00019450881034971103,-0.0005477117780694355
696.0,0.00019450730510353655,-0.0005477119350019968
697.0,0.0001945074847581054,-0.0005477118302800916
698.0,0.0001945050200570262,-0.000547712220264559
699.0,0.00019450346795386625,-0.0005477126529100806
700.0,0.00019450232667691234,-0.0005477128014954112
701.0,0.00019450328605299954,-0.0005477126617660067
702.0,0.00019450239343530876,-0.0005477128423529088
703.0,0.000194501930156077,-0.0005477130239803243
704.0,0.00019450063256437727,-0.000547713183363873
705.0,0.00019450046774719702,-0.0005477133469788435
706.0,0.00019449745172777302,-0.0005477139799116564
707.0,0.00019449615651044954,-0.0005477143870067904
708.0,0.00019449418660573761,-0.0005477147036003707
709.0,0.00019449389820276565,-0.0005477149307097884
710.0,0.00019449203315484426,-0.0005477154077505535
711.0,0.0001944912827238679,-0.0005477158914968502
712.0,0.000194490314352737,-0.0005477163654854423
713.0,0.00019449048412556563,-0.0005477167209248608
714.0,0.0001944904388252252,-0.0005477170408480843
715.0,0.00019448971422667433,-0.0005477176835386019
716.0,0.00019448887802258713,-0.000547718259058191
717.0,0.00019449059799710424,-0.0005477183879200098
718.0,0.00019449065813483324,-0.0005477188554342955
719.0,0.00019449176965819257,-0.0005477193521060825
720.0,0.0001944927422263537,-0.000547719761744694
721.0,0.00019449499434686626,-0.0005477201957313219
722.0,0.00019449589826501173,-0.0005477207973331167
723.0,0.00019449844941900243,-0.000547721243459069
724.0,0.00019450000272412874,-0.0005477216613986661
725.0,0.00019450319556069273,-0.0005477218800683631
726.0,0.00019450507604698586,-0.0005477221463935791
727.0,0.00019450756985141558,-0.0005477223785437066
728.0,0.00019450996174485757,-0.0005477224196555519
729.0,0.00019451291577434208,-0.0005477224511021828
730.0,0.00019451342637361187,-0.0005477228376182717
731.0,0.00019451515555006854,-0.0005477231080592968
732.0,0.00019451691411558902,-0.0005477231669986071
733.0,0.00019451819981570307,-0.0005477235283342688
734.0,0.00019451714588820937,-0.0005477242690180373
735.0,0.0001945187272030938,-0.0005477245038735
736.0,0.0001945195930819582,-0.000547724658493809
737.0,0.00019452124837688966,-0.0005477248612089652
738.0,0.00019452100055506217,-0.0005477252301750595
739.0,0.00019452117380571162,-0.0005477255851520274
740.0,0.00019452115001268813,-0.0005477257806529565
741.0,0.00019452250645148077,-0.000547725801509472
742.0,0.0001945210996483253,-0.0005477261537348598
743.0,0.00019452160379441482,-0.0005477262289755485
744.0,0.00019452152558778102,-0.000547726172764696
745.0,0.00019452275024376518,-0.0005477259485455936
746.0,0.00019452214341821768,-0.0005477259249143754
747.0,0.00019452261443141358,-0.0005477257621318159
748.0,0.0001945211241310017,-0.0005477258548531317
749.0,0.00019452121386469035,-0.0005477257436337978
750.0,0.0001945209121218617,-0.0005477254657473204
751.0,0.00019452152088828941,-0.0005477251115102731
752.0,0.00019452097319554816,-0.0005477249129802936
753.0,0.00019452075149185952,-0.0005477248023852676
754.0,0.00019451780232935373,-0.0005477251901499727
755.0,0.0001945165375257212,-0.0005477254033165092
756.0,0.00019451505051593866,-0.000547725576550449
757.0,0.00019451455412351768,-0.0005477257204650301
758.0,0.00019451263673094456,-0.0005477260531518862
759.0,0.00019451253434705208,-0.000547726137595339
760.0,0.00019451090760374884,-0.0005477264560155986
761.0,0.00019451186388625037,-0.0005477265717669471
762.0,0.00019451141543455502,-0.0005477268654461075
763.0,0.0001945129341979255,-0.0005477268918520283
764.0,0.00019451319899506543,-0.000547727145552347
765.0,0.00019451451811378643,-0.0005477274476712281
766.0,0.00019451479778772367,-0.0005477278206375188
767.0,0.00019451743048823843,-0.0005477278814959985
768.0,0.00019451922663983953,-0.0005477280281159147
769.0,0.000194521823005501,-0.0005477281481218073
770.0,0.00019452224345729044,-0.0005477286305963652
771.0,0.00019452397021996212,-0.0005477289531324339
772.0,0.00019452471187264285,-0.00054772933687382
773.0,0.0001945274953903849,-0.0005477295074255473
774.0,0.00019452904639995246,-0.0005477297751381147
775.0,0.00019453181038081439,-0.0005477299465684977
776.0,0.00019453444932761356,-0.0005477300100629449
777.0,0.0001945384989691808,-0.0005477299727894384
778.0,0.00019453847844708223,-0.0005477305475228618
779.0,0.00019454102249764855,-0.0005477307392316972
780.0,0.00019454375385793038,-0.0005477305902764062
781.0,0.00019454762016021208,-0.0005477303674677778
782.0,0.00019454898629355343,-0.0005477305314758311
783.0,0.00019455170765386885,-0.0005477305804724566
784.0,0.0001945527893448161,-0.0005477306939115529
785.0,0.00019455616091969583,-0.0005477304194240862
786.0,0.0001945568367597898,-0.0005477305979762063
787.0,0.00019455755060960827,-0.0005477308173627014
788.0,0.0001945594067807122,-0.0005477305162612112
789.0,0.00019456253790319777,-0.0005477300195200568
790.0,0.00019456158863545095,-0.0005477302135411445
791.0,0.000194561396044965,-0.0005477302907010026
792.0,0.00019455996101530338,-0.0005477304077009672
793.0,0.00019455940482997983,-0.0005477304494833657
794.0,0.00019455705165561957,-0.0005477307423532378
795.0,0.000194556011737931,-0.0005477309611154247
796.0,0.00019455429729048888,-0.0005477312614769942
797.0,0.00019455401779389095,-0.0005477314666200153
798.0,0.00019455270036974556,-0.000547731810128212
799.0,0.00019455208937672435,-0.0005477321413583492
800.0,0.00019455205316994944,-0.0005477322769719446
801.0,0.0001945534099141598,-0.0005477323773005704
802.0,0.00019455242523766495,-0.0005477328599138635
803.0,0.00019455340236738714,-0.000547732950762255
804.0,0.00019455380689804773,-0.0005477331116718904
805.0,0.00019455554345378995,-0.0005477330385584737
806.0,0.0001945549909334787,-0.0005477333872923605
807.0,0.00019455550358200274,-0.000547733690752348
808.0,0.00019455604832894108,-0.0005477338407019075
809.0,0.00019455807497237865,-0.0005477338588299652
810.0,0.00019455807963246152,-0.0005477342781337913
811.0,0.00019455881834919153,-0.000547734686939992
812.0,0.00019455953171625302,-0.0005477349738673758
813.0,0.0001945613904489247,-0.000547735190918496
814.0,0.00019456021793069642,-0.0005477358980283617
815.0,0.00019456114399655068,-0.0005477362756422793
816.0,0.0001945626476565236,-0.000547736442633138
817.0,0.00019456489015145278,-0.0005477366191735986
818.0,0.0001945663132008591,-0.0005477369028869517
819.0,0.0001945693932594768,-0.0005477368351379603
820.0,0.00019457117326334892,-0.0005477369353972185
821.0,0.00019457377485066773,-0.0005477369372007754
822.0,0.00019457592386807842,-0.0005477368745156164
823.0,0.00019457799967391242,-0.0005477367886848122
824.0,0.0001945806311527564,-0.0005477364394884749
825.0,0.00019458212779797457,-0.0005477362904638164
826.0,0.0001945801282578942,-0.000547736698206381
827.0,0.00019458027926231303,-0.0005477365215503079
828.0,0.00019457999956867139,-0.0005477362045636446
829.0,0.00019457956113664681,-0.0005477359484817061
830.0,0.00019457661384605595,-0.0005477360344512454
831.0,0.00019457368777706864,-0.0005477361264557631
832.0,0.0001945689887780771,-0.0005477363284309986
833.0,0.00019456580517300922,-0.0005477363709995628
834.0,0.00019456094075585422,-0.0005477365623153154
835.0,0.00019455691692700814,-0.0005477366368854509
836.0,0.00019455267709888777,-0.0005477365816226218
837.0,0.00019454896869755341,-0.0005477365067287709
838.0,0.00019454270176294286,-0.0005477369292466275
839.0,0.00019453750544542507,-0.0005477371494655333
840.0,0.0001945331525339407,-0.0005477370562123995
841.0,0.00019452801196007805,-0.0005477371982771787
842.0,0.00019452071012254036,-0.0005477377175627928
843.0,0.00019451607269969662,-0.0005477378514884441
844.0,0.00019451144185811156,-0.0005477378565060314
845.0,0.00019450708193187251,-0.0005477379668467096
846.0,0.00019450173404836148,-0.0005477382479472176
847.0,0.00019449742911701153,-0.000547738499242794
848.0,0.00019449333607657535,-0.0005477385952243856
849.0,0.000194490550775588,-0.0005477386954605214
850.0,0.00019448553409293472,-0.0005477391790680828
851.0,0.00019448276592489477,-0.0005477394536480396
852.0,0.00019448016170704293,-0.0005477396220956172
853.0,0.00019447894530718866,-0.0005477396693580535
854.0,0.0001944765046848463,-0.0005477399964030141
855.0,0.00019447572310126525,-0.000547740268208268
856.0,0.00019447366379783887,-0.000547740628272191
857.0,0.00019447388169858463,-0.0005477407227276961
858.0,0.00019447233763480654,-0.0005477411863573981
859.0,0.00019447100606292546,-0.0005477417437489294
860.0,0.00019447124287001163,-0.0005477417643048521
861.0,0.00019447247367375837,-0.0005477416635137757
862.0,0.0001944700463420118,-0.0005477421879557123
863.0,0.00019446856232729307,-0.0005477426130864141
864.0,0.0001944668052593045,-0.0005477429596467838
865.0,0.0001944663548371724,-0.0005477432049998718
866.0,0.00019446516738303373,-0.0005477435827987697
867.0,0.00019446579610998547,-0.0005477438075728125
868.0,0.00019446572195259916,-0.0005477440568104843
869.0,0.00019446708103177703,-0.0005477441695327824
870.0,0.0001944678098175059,-0.0005477443750457638
871.0,0.00019446922954672634,-0.0005477444831666798
872.0,0.00019447098370832072,-0.0005477443985613693
873.0,0.0001944742943868533,-0.0005477441308488019
874.0,0.0001944739720332565,-0.0005477444478817102
875.0,0.00019447462391283983,-0.0005477447205193749
876.0,0.0001944758829726493,-0.0005477446019008336
877.0,0.00019447803099498944,-0.0005477443465819384
878.0,0.00019447742836647218,-0.0005477445456206135
879.0,0.00019447734346035348,-0.0005477447152243172
880.0,0.00019447587067712412,-0.0005477449915615856
881.0,0.0001944755089640536,-0.000547745154690983
882.0,0.00019447395133381868,-0.0005477454745217165
883.0,0.00019447322269587253,-0.0005477457203141324
884.0,0.00019447262348606297,-0.0005477457178862676
885.0,0.000194472424136979,-0.0005477458862182326
886.0,0.0001944699255049793,-0.0005477464401182631
887.0,0.00019446946489568937,-0.000547746560447871
888.0,0.00019446871723317657,-0.0005477466596434933
889.0,0.00019446868422836136,-0.0005477467682268597
890.0,0.00019446728745472884,-0.0005477470370261857
891.0,0.00019446738392731112,-0.0005477471916002497
892.0,0.0001944673379077613,-0.000547747254031061
893.0,0.000194467592015282,-0.0005477474732788209
894.0,0.0001944666676242989,-0.0005477478669397692
895.0,0.0001944682355894745,-0.0005477478357706087
896.0,0.00019447075023127261,-0.0005477475297671437
897.0,0.00019447354244849286,-0.0005477473127160234
898.0,0.00019447331914875044,-0.0005477475608438141
899.0,0.00019447395703823297,-0.0005477477773399939
900.0,0.00019447447521383203,-0.0005477477948437436
901.0,0.0001944762176217713,-0.0005477476740054401
902.0,0.0001944764121531375,-0.0005477477108858638
903.0,0.0001944778127100085,-0.0005477476345815389
904.0,0.00019447809795042955,-0.0005477475921285874
905.0,0.00019447958727547525,-0.0005477474190796277
906.0,0.0001944800448404405,-0.0005477473390063317
907.0,0.00019448069885794766,-0.0005477473764185734
908.0,0.00019448187925792288,-0.0005477472387008284
909.0,0.00019448539305892576,-0.0005477467276468324
910.0,0.0001944864724050533,-0.0005477466154332299
911.0,0.00019448811593647747,-0.0005477465768186171
912.0,0.00019448947038512904,-0.000547746440511346
913.0,0.00019449203529276813,-0.0005477461605669641
914.0,0.00019449324479609383,-0.0005477460649322103
915.0,0.00019449586606807556,-0.0005477458849002489
916.0,0.00019449687314843602,-0.0005477458361810935
917.0,0.00019450028257540533,-0.000547745417825291
918.0,0.00019450031192506045,-0.0005477454108654117
919.0,0.00019450025822080735,-0.0005477455183157745
920.0,0.0001945017826688878,-0.0005477450900404097
921.0,0.000194505066559333,-0.0005477444515119463
922.0,0.0001945040772917206,-0.0005477445133878169
923.0,0.0001945042176459289,-0.0005477443932894342
924.0,0.00019450421967547873,-0.000547744168631004
925.0,0.00019450566267555693,-0.0005477438016303242
926.0,0.00019450576211364648,-0.0005477436240031051
927.0,0.00019450721121222635,-0.0005477433261618906
928.0,0.0001945080301848444,-0.0005477429989319499
929.0,0.00019451049995979815,-0.0005477425129658909
930.0,0.00019451174476349788,-0.0005477421341264796
931.0,0.00019451375244148192,-0.000547741686705666
932.0,0.0001945153207317796,-0.0005477411086194768
933.0,0.00019451751359140753,-0.0005477405544188536
934.0,0.00019451660745652073,-0.0005477403476803784
935.0,0.00019451631258066412,-0.0005477401076685931
936.0,0.000194515516563634,-0.0005477397303321458
937.0,0.00019451599793147493,-0.0005477392962299053
938.0,0.00019451377690445394,-0.000547739215925384
939.0,0.00019451296749830623,-0.0005477389925849376
940.0,0.00019450983347927864,-0.0005477391488007007
941.0,0.00019450809979052188,-0.00054773928829888
942.0,0.00019450663786439888,-0.0005477391286147384
943.0,0.00019450633409202043,-0.0005477387873956714
944.0,0.0001945055889319623,-0.0005477384144525034
945.0,0.00019450543590784585,-0.0005477380524694111
946.0,0.00019450191922015315,-0.0005477381981875489
947.0,0.00019450046693931795,-0.0005477380576257336
948.0,0.00019449892493464627,-0.0005477377595995389
949.0,0.00019449882911230809,-0.0005477372959004695
950.0,0.00019449731534399472,-0.0005477370646058752
951.0,0.0001944964731202233,-0.0005477367932630717
952.0,0.00019449469128384503,-0.000547736554731128
953.0,0.0001944932395744365,-0.0005477363568023338
954.0,0.00019449079314915797,-0.0005477362207031654
955.0,0.00019448930486844372,-0.0005477358349038748
956.0,0.00019448818283280446,-0.0005477352346894314
957.0,0.00019448700526040596,-0.0005477348900482311
958.0,0.00019448278505783542,-0.0005477351299906488
959.0,0.00019448055915398353,-0.0005477352142722439
960.0,0.00019447847179153812,-0.000547735152558231
961.0,0.00019447803779299618,-0.0005477349657976153
962.0,0.00019447604062729207,-0.0005477350299626158
963.0,0.00019447609127736822,-0.0005477348001247405
964.0,0.00019447431405181188,-0.0005477349443167918
965.0,0.00019447332377927677,-0.0005477350458477888
966.0,0.00019447268407699238,-0.0005477348516185984
967.0,0.00019447310840069,-0.0005477344494716842
968.0,0.00019447288247041454,-0.000547734126912493
969.0,0.0001944733487053014,-0.0005477337813463918
970.0,0.00019447093943260742,-0.0005477339448919945
971.0,0.0001944695981661776,-0.0005477339404293477
972.0,0.00019446822380626285,-0.0005477337983414459
973.0,0.00019446795091062794,-0.0005477335278772983
974.0,0.00019446593201100673,-0.000547733456151233
975.0,0.0001944650232061782,-0.0005477332808362661
976.0,0.00019446272108583358,-0.0005477331707268132
977.0,0.00019446179065546194,-0.0005477329419294514
978.0,0.00019445937754041632,-0.0005477328340628832
979.0,0.00019445734590192165,-0.0005477326384232189
980.0,0.00019445598193606068,-0.0005477322159053623
981.0,0.00019445514006696782,-0.0005477318548009258
982.0,0.00019445186636368047,-0.0005477319994554276
983.0,0.00019445024338391137,-0.000547731929486674
984.0,0.00019444788957901136,-0.0005477318903402431
985.0,0.00019444784745107407,-0.000547731603528472
986.0,0.0001944446472746333,-0.0005477318732758213
987.0,0.00019444233180457984,-0.0005477321293115148
988.0,0.00019444045423453303,-0.0005477321380980734
989.0,0.00019444031686553646,-0.000547731938735683
990.0,0.0001944380198880317,-0.0005477320851706191
991.0,0.00019443597679144744,-0.0005477323127656097
992.0,0.00019443346978509165,-0.0005477325102088307
993.0,0.00019443243406443332,-0.0005477326087338999
994.0,0.00019442876697330503,-0.0005477331299386832
995.0,0.00019442667788672748,-0.0005477334422083519
996.0,0.00019442465321372663,-0.0005477336041122556
997.0,0.00019442424007225746,-0.0005477336298013783
998.0,0.00019442235530026442,-0.0005477338589224553
999.0,0.0001944212953727909,-0.0005477340375439429
1000.0,0.00019442013536683582,-0.0005477340810605306
1001.0,0.0001944205641141639,-0.0005477339342093891
1002.0,0.00019441977949611027,-0.000547733937654645
1003.0,0.0001944203508242401,-0.0005477337329509519
1004.0,0.00019441991253014607,-0.0005477337054582724
1005.0,0.00019442014808600494,-0.0005477337065912761
1006.0,0.00019441933769463886,-0.0005477337623165556
1007.0,0.00019442055715852223,-0.0005477335367794695
1008.0,0.0001944208258571269,-0.0005477334119178472
1009.0,0.0001944222739310797,-0.0005477332247872713
1010.0,0.000194421824228157,-0.0005477334008652813
1011.0,0.00019442248847223085,-0.0005477335424213651
1012.0,0.00019442208606964184,-0.0005477337645131953
1013.0,0.00019442328596708852,-0.0005477337905491558
1014.0,0.00019442300015524086,-0.0005477339506263802
1015.0,0.00019442281329872576,-0.0005477340912344406
1016.0,0.00019442218520231375,-0.0005477341214555777
1017.0,0.00019442234349734843,-0.0005477340865174459
1018.0,0.00019441882292789536,-0.0005477346296423808
1019.0,0.00019441666829473999,-0.0005477349519703468
1020.0,0.0001944156193721556,-0.0005477349032974365
1021.0,0.00019441608305532687,-0.000547734672650273
1022.0,0.00019441416892382657,-0.000547734892036768
1023.0,0.00019441343508392743,-0.0005477350442985798
1024.0,0.00019441259981579765,-0.0005477352251398296
1025.0,0.00019441391388034843,-0.0005477351850684978
1026.0,0.00019441412709145478,-0.0005477352165613737
1027.0,0.0001944148780445969,-0.0005477352584825072
1028.0,0.00019441569603199658,-0.0005477351396789858
1029.0,0.000194418779292574,-0.0005477346935530335
1030.0,0.00019441864213047322,-0.0005477347225024318
1031.0,0.00019441911709439476,-0.0005477347728864088
1032.0,0.0001944188377948405,-0.0005477348118016143
1033.0,0.00019441990163363097,-0.0005477347254621148
1034.0,0.00019441894821811486,-0.0005477349419120495
1035.0,0.00019441919151779008,-0.0005477351427542813
1036.0,0.00019441893596199838,-0.0005477352961722192
1037.0,0.00019441999918010127,-0.0005477354316933246
1038.0,0.00019441958410760412,-0.0005477357894681178
1039.0,0.00019442127722506863,-0.0005477358481762028
1040.0,0.00019442322964215457,-0.0005477357914566547
1041.0,0.00019442609486405567,-0.0005477358183481485
1042.0,0.00019442650829123816,-0.0005477362756191568
1043.0,0.00019442772329208234,-0.00054773659013171
1044.0,0.00019442918042019187,-0.0005477366603085665
1045.0,0.00019443311451534926,-0.0005477362943021552
1046.0,0.00019443508450873087,-0.0005477362118472392
1047.0,0.00019443760177120982,-0.000547736151404965
1048.0,0.00019443909369723202,-0.000547736191221949
1049.0,0.0001944425260896414,-0.0005477360285318796
1050.0,0.00019444486914580906,-0.000547736013640975
1051.0,0.00019444841777428116,-0.0005477359042483203
1052.0,0.00019445289921735337,-0.0005477355157436944
1053.0,0.00019445792010688907,-0.0005477352173244169
1054.0,0.0001944606039894979,-0.0005477353868125081
1055.0,0.00019446557625850733,-0.0005477351522807606
1056.0,0.00019447025985853584,-0.0005477348421152416
1057.0,0.0001944749716949227,-0.0005477345381003136
1058.0,0.00019447745388362781,-0.0005477344542580465
1059.0,0.00019448037816936986,-0.0005477343060889212
1060.0,0.00019448224369019606,-0.0005477340270925627
1061.0,0.00019448435462891697,-0.0005477339861656975
1062.0,0.0001944841676837322,-0.0005477342074251169
1063.0,0.00019448638671075988,-0.0005477340153694437
1064.0,0.00019448909876076178,-0.0005477335946088987
1065.0,0.0001944925200004993,-0.0005477333871998704
1066.0,0.00019449296034384752,-0.0005477337185687427
1067.0,0.00019449504859298946,-0.0005477339263014864
1068.0,0.0001944971541819746,-0.0005477340249652906
1069.0,0.0001945011869566034,-0.0005477339126823206
1070.0,0.00019450368251472177,-0.0005477339504876451
1071.0,0.00019450739230521402,-0.0005477338507370824
1072.0,0.00019450989179435366,-0.0005477337556803916
1073.0,0.00019451410705112801,-0.0005477335086393595
1074.0,0.0001945166512199205,-0.0005477333395905962
1075.0,0.00019452025274476663,-0.000547733147627413
1076.0,0.0001945229793760003,-0.0005477328911292691
1077.0,0.00019452769620744424,-0.000547732388075666
1078.0,0.00019452898872526937,-0.0005477324456045024
1079.0,0.00019453097773336546,-0.0005477324332108303
1080.0,0.00019453295823902697,-0.0005477322465195823
1081.0,0.00019453485643954635,-0.0005477322732723411
1082.0,0.0001945342647075442,-0.0005477326591409993
1083.0,0.00019453592440640173,-0.000547732554372849
1084.0,0.0001945367463740836,-0.0005477324437778232
1085.0,0.0001945385786733465,-0.00054773229773597
1086.0,0.00019453867939221996,-0.0005477323140373484
1087.0,0.00019453938514354352,-0.0005477323341308207
1088.0,0.00019454019346595101,-0.0005477322065869857
1089.0,0.00019454249151734375,-0.0005477318532748393
1090.0,0.000194541803243794,-0.0005477319031963658
1091.0,0.00019454252603939525,-0.0005477317032790347
1092.0,0.0001945424059215722,-0.0005477313714014669
1093.0,0.00019454318680564825,-0.0005477309354494246
1094.0,0.00019454204598189477,-0.0005477307238783422
1095.0,0.0001945414006835701,-0.0005477305584366925
1096.0,0.00019453960390142925,-0.0005477304699005532
1097.0,0.00019454039330764415,-0.0005477300019700621
1098.0,0.00019453943082811909,-0.0005477297124298332
1099.0,0.00019453849446673287,-0.0005477296404031751
1100.0,0.00019453712741713844,-0.0005477295165820662
1101.0,0.0001945366096553311,-0.0005477293219366704
1102.0,0.00019453299190393852,-0.0005477295988751245
1103.0,0.00019452994386491765,-0.00054772976785452
1104.0,0.00019452666725523613,-0.0005477296977239088
1105.0,0.00019452558479581857,-0.0005477292394355096
1106.0,0.0001945219992118056,-0.0005477291278693377
1107.0,0.00019451907942851147,-0.0005477291037756691
1108.0,0.00019451492813211333,-0.0005477291532578676
1109.0,0.0001945124387907229,-0.0005477291061110438
1110.0,0.00019450928680131232,-0.0005477289538492321
1111.0,0.00019450606816187938,-0.0005477290111005983
1112.0,0.00019450260147401866,-0.0005477289684857889
1113.0,0.00019450175438326853,-0.0005477285311463952
1114.0,0.00019449842137968774,-0.0005477285572748459
1115.0,0.0001944954617344586,-0.0005477286557305474
1116.0,0.00019449219341046353,-0.0005477288090328726
1117.0,0.00019449031022467203,-0.0005477288824468821
1118.0,0.00019448706600897034,-0.0005477291850282137
1119.0,0.00019448467723867056,-0.0005477293668406095
1120.0,0.00019448137143696887,-0.0005477295674978611
1121.0,0.00019447942191642487,-0.0005477296486579156
1122.0,0.00019447659113775784,-0.0005477297282687612
1123.0,0.00019447426413079735,-0.000547729827048178
1124.0,0.000194472213842119,-0.0005477297067879377
1125.0,0.00019447067669457383,-0.0005477297789764534
1126.0,0.00019446627724137397,-0.0005477303973420771
1127.0,0.00019446472507910097,-0.0005477305943922152
1128.0,0.00019446386640218282,-0.0005477305936985396
1129.0,0.00019446350163493538,-0.0005477307115077925
1130.0,0.00019446130739600174,-0.000547731121493242
1131.0,0.00019446047129043634,-0.0005477314044204293
1132.0,0.0001944589357586493,-0.0005477316851740995
1133.0,0.0001944590653148643,-0.0005477317812713037
1134.0,0.00019445740982288918,-0.0005477320646609415
1135.0,0.00019445653045638536,-0.0005477322585432941
1136.0,0.00019445655540211435,-0.0005477320296303197
1137.0,0.00019445788753556993,-0.0005477317351187484
1138.0,0.00019445537982970912,-0.0005477320644065938
1139.0,0.00019445342783626704,-0.0005477323491142154
1140.0,0.00019445203739758865,-0.0005477324583450124
1141.0,0.00019445175787143415,-0.0005477325093301748
1142.0,0.00019445031574820027,-0.0005477328231028075
1143.0,0.00019445091474126178,-0.0005477327877715929
1144.0,0.0001944501851180973,-0.0005477330258873312
1145.0,0.00019445037977754184,-0.000547733282200495
1146.0,0.0001944518940778731,-0.000547733075068937
1147.0,0.0001944540854202647,-0.0005477327748229802
1148.0,0.0001944559140643675,-0.0005477323560047271
1149.0,0.00019445827617465834,-0.000547732044775572
1150.0,0.00019445774503358565,-0.0005477321517634844
1151.0,0.00019445741531055544,-0.00054773211918385
1152.0,0.0001944574793793057,-0.0005477318908951837
1153.0,0.00019445819897294728,-0.0005477316423511875
1154.0,0.00019445797522000443,-0.0005477315381611004
1155.0,0.00019445796287521832,-0.0005477314782506441
1156.0,0.0001944573704634155,-0.0005477314958700065
1157.0,0.00019445806537733698,-0.0005477314629204116
1158.0,0.00019445769168401119,-0.0005477316177488234
1159.0,0.00019445830226324067,-0.0005477315657231475
1160.0,0.0001944585123413526,-0.0005477316134711567
1161.0,0.0001944594945843581,-0.0005477316900760743
1162.0,0.00019445913899934582,-0.0005477318546621906
1163.0,0.00019446029035508362,-0.0005477317567845522
1164.0,0.00019446088186048555,-0.0005477316895673788
1165.0,0.00019446219887083924,-0.0005477316019561404
1166.0,0.00019446213623065562,-0.0005477317125974114
1167.0,0.00019446314547849646,-0.0005477316405245082
1168.0,0.00019446331167498245,-0.0005477316076674036
1169.0,0.00019446494578771907,-0.000547731457093536
1170.0,0.00019446535719520386,-0.0005477314238202259
1171.0,0.00019446614978367412,-0.0005477314142012564
1172.0,0.00019446664811697528,-0.0005477313055947675
1173.0,0.00019446937356594693,-0.0005477309491842031
1174.0,0.0001944687809176917,-0.0005477311453094403
1175.0,0.00019446861941084512,-0.0005477314050909824
1176.0,0.00019446815320551484,-0.000547731597955944
1177.0,0.00019446862638619115,-0.0005477317790977866
1178.0,0.00019446764059639958,-0.000547732144225542
1179.0,0.0001944686865436245,-0.0005477322227265065
1180.0,0.00019446862499703326,-0.0005477324387833582
1181.0,0.0001944695936932862,-0.0005477326647135272
1182.0,0.00019446965199850904,-0.0005477330020942554
1183.0,0.0001944702242625963,-0.0005477332180354946
1184.0,0.0001944706758571382,-0.0005477333802631135
1185.0,0.00019447286120940222,-0.0005477333952002633
1186.0,0.00019447353951254214,-0.0005477336072800411
1187.0,0.0001944755265107927,-0.0005477336701501803
1188.0,0.00019447682611233787,-0.0005477338076829451
1189.0,0.00019447930106954024,-0.0005477338627376716
1190.0,0.00019448041597219852,-0.0005477341551219706
1191.0,0.00019448219729626328,-0.0005477344312511363
1192.0,0.000194484195407777,-0.000547734592623222
1193.0,0.00019448772736635435,-0.0005477346737601541
1194.0,0.0001944909947642442,-0.0005477346924893974
1195.0,0.00019449343425358538,-0.0005477349890588731
1196.0,0.00019449574917191657,-0.0005477351303374866
1197.0,0.00019450035187566512,-0.0005477348406816452
1198.0,0.00019450266161174766,-0.000547734823201018
1199.0,0.00019450549622291417,-0.0005477348116860017
1200.0,0.0001945079161753752,-0.0005477347319826661
1201.0,0.00019451089238212507,-0.0005477345809001031
1202.0,0.0001945119990188013,-0.0005477346138728203
1203.0,0.00019451414494262636,-0.0005477345014973603
1204.0,0.0001945150380923351,-0.000547734459414369
1205.0,0.00019451763770921715,-0.0005477342215529784
1206.0,0.00019451849068172095,-0.0005477341302652588
1207.0,0.00019451994803643073,-0.0005477339583261802
1208.0,0.00019452153368627596,-0.0005477336032104771
1209.0,0.0001945240423379464,-0.0005477333071265744
1210.0,0.0001945236554623989,-0.00054773336886371
1211.0,0.00019452533776216573,-0.0005477329198474422
1212.0,0.00019452707973660895,-0.0005477323106383376
1213.0,0.0001945286155442571,-0.0005477318144290012
1214.0,0.00019452738294741293,-0.0005477316295181874
1215.0,0.00019452670181669635,-0.0005477313173178864
1216.0,0.00019452419188424204,-0.0005477310887055048
1217.0,0.0001945230040852769,-0.0005477307440874269
1218.0,0.0001945194173091497,-0.0005477306850556267
1219.0,0.00019451687957383317,-0.0005477305141801841
1220.0,0.0001945150052451548,-0.0005477300653488966
1221.0,0.00019451408045023216,-0.0005477297189503846
1222.0,0.00019450962493810733,-0.0005477300410702479
1223.0,0.0001945067922382645,-0.00054773011212576
1224.0,0.00019450330991498834,-0.0005477302135873895
1225.0,0.0001945011779418554,-0.0005477301397340521
1226.0,0.00019449808213944816,-0.000547730022456617
1227.0,0.00019449610432343273,-0.0005477298091282229
1228.0,0.0001944915056492273,-0.0005477298772009298
1229.0,0.00019448858973784136,-0.0005477298223311835
1230.0,0.00019448373809896854,-0.0005477298717902594
1231.0,0.000194479757590174,-0.0005477298329444214
1232.0,0.00019447556625450156,-0.0005477297418879271
1233.0,0.00019447282987945823,-0.000547729595452991
1234.0,0.00019446799261492136,-0.0005477297101407035
1235.0,0.0001944651516490964,-0.0005477297437146064
1236.0,0.00019446117649003758,-0.0005477299390768004
1237.0,0.00019445964947053724,-0.0005477300865291275
1238.0,0.00019445686297743568,-0.0005477304689756523
1239.0,0.00019445529793835864,-0.0005477307964830634
1240.0,0.00019445326165948545,-0.000547731044032791
1241.0,0.0001944517641571273,-0.0005477314066401914
1242.0,0.0001944486941378847,-0.0005477319393368687
1243.0,0.0001944474934916721,-0.0005477320894482858
1244.0,0.00019444672586863525,-0.0005477320355265629
1245.0,0.00019444670149433292,-0.0005477321666081439
1246.0,0.00019444431946292673,-0.0005477328354964796
1247.0,0.00019444384913938365,-0.0005477332741769796
1248.0,0.00019444390873524255,-0.0005477335562717562
1249.0,0.0001944457499999926,-0.0005477336686240938
1250.0,0.00019444597819627028,-0.000547734119744511
1251.0,0.00019444815434659476,-0.0005477343106209356
1252.0,0.00019445053660460115,-0.0005477343295120366
1253.0,0.00019445450121197128,-0.0005477341746142572
1254.0,0.00019445618445754778,-0.0005477343261130258
1255.0,0.0001944582270910794,-0.0005477344879475619
1256.0,0.0001944598226128127,-0.0005477344448240572
1257.0,0.00019446260347046518,-0.0005477343212804185
1258.0,0.00019446193488157837,-0.0005477347873379854
1259.0,0.00019446282556824117,-0.0005477350882544953
1260.0,0.00019446477863557126,-0.0005477349903074894
1261.0,0.00019446850708609934,-0.0005477347422721887
1262.0,0.00019446955341755943,-0.0005477349418889269
1263.0,0.00019447137903704187,-0.00054773512871891
1264.0,0.00019447204966533066,-0.000547735425565856
1265.0,0.00019447442483961703,-0.0005477355256401341
1266.0,0.00019447535492516226,-0.0005477357049321748
1267.0,0.00019447626832110837,-0.0005477359349319079
1268.0,0.00019447737109572864,-0.0005477359355099709
1269.0,0.0001944803844846196,-0.0005477356802141982
1270.0,0.00019447980416144612,-0.00054773602890184
1271.0,0.00019448066294673827,-0.0005477363542819789
1272.0,0.00019448187607566756,-0.0005477365304987241
1273.0,0.00019448541938396047,-0.0005477364643451868
1274.0,0.00019448651989257846,-0.0005477368815679858
1275.0,0.00019448822579817737,-0.0005477373425848427
1276.0,0.00019449050980035622,-0.0005477374999336094
1277.0,0.00019449512955823468,-0.0005477374167156503
1278.0,0.00019449758788495102,-0.0005477375839608568
1279.0,0.00019450010229029674,-0.0005477377471364992
1280.0,0.00019450255494215531,-0.0005477377799011138
1281.0,0.0001945064931259689,-0.0005477377294246468
1282.0,0.00019450761472811207,-0.0005477380810719716
1283.0,0.00019451055242267608,-0.0005477381838515849
1284.0,0.00019451343477752453,-0.0005477381572144387
1285.0,0.00019451818782559557,-0.0005477380056694252
1286.0,0.0001945209630379468,-0.0005477380884018113
1287.0,0.00019452468259195305,-0.0005477381607984298
1288.0,0.00019452647322633132,-0.0005477382940304054
1289.0,0.00019453081882749536,-0.0005477379514471095
1290.0,0.00019453282123456118,-0.0005477377413789911
1291.0,0.00019453476726743213,-0.0005477376981398738
1292.0,0.00019453628279928636,-0.0005477375804462334
1293.0,0.00019453901615956146,-0.0005477373727828573
1294.0,0.0001945388542980363,-0.0005477375537859647
1295.0,0.0001945397032902579,-0.0005477377063714918
1296.0,0.00019454041312038547,-0.0005477377054697134
1297.0,0.00019454341739600658,-0.0005477372646619413
1298.0,0.000194544798553928,-0.0005477370102448245
1299.0,0.0001945459269442257,-0.0005477368302359855
1300.0,0.00019454560476796822,-0.0005477368360628611
1301.0,0.00019454690644832412,-0.0005477366375560041
1302.0,0.00019454661094192775,-0.0005477365606273712
1303.0,0.00019454705398477427,-0.0005477364126432261
1304.0,0.0001945463936421652,-0.0005477362559650126
1305.0,0.0001945470927925257,-0.0005477359996056037
1306.0,0.00019454574467882822,-0.0005477359396489025
1307.0,0.0001945460255842884,-0.0005477356833588612
1308.0,0.00019454513626707915,-0.0005477356110084878
1309.0,0.00019454554166473194,-0.0005477355312589071
1310.0,0.0001945439807044589,-0.0005477356762602467
1311.0,0.0001945435292872563,-0.0005477356969549046
1312.0,0.00019454207227737294,-0.0005477357737679249
1313.0,0.00019454156004264063,-0.0005477358611016929
1314.0,0.00019454030436213016,-0.0005477359736852558
1315.0,0.0001945408886951424,-0.0005477358065094169
1316.0,0.00019454137530434504,-0.0005477355862673885
1317.0,0.0001945421339323382,-0.0005477354942628709
1318.0,0.00019453980297465205,-0.0005477358917852805
1319.0,0.00019453881148044614,-0.0005477360490646798
1320.0,0.00019453689899426053,-0.0005477362713646126
1321.0,0.00019453592822904898,-0.0005477363629298024
1322.0,0.0001945342883527849,-0.0005477364037410549
1323.0,0.0001945340008857704,-0.0005477363211011588
1324.0,0.00019453151634239333,-0.0005477365550779657
1325.0,0.00019453038641515497,-0.0005477367865575402
1326.0,0.00019452808690563904,-0.0005477371360544702
1327.0,0.00019452694073214985,-0.0005477374511682091
1328.0,0.00019452604979918242,-0.000547737626483176
1329.0,0.00019452580309065168,-0.0005477378783105703
1330.0,0.00019452337699042805,-0.0005477384324187035
1331.0,0.0001945233953450462,-0.0005477385608411943
1332.0,0.00019452288350440124,-0.0005477386313417661
1333.0,0.00019452271746555017,-0.000547738732734028
1334.0,0.00019452061245784383,-0.0005477390799187058
1335.0,0.0001945194311219112,-0.0005477393185893847
1336.0,0.0001945173471781735,-0.0005477395110612633
1337.0,0.00019451683890401905,-0.0005477394945980272
1338.0,0.00019451461059623434,-0.0005477397523447874
1339.0,0.0001945123825051977,-0.0005477400521976614
1340.0,0.00019451159147337247,-0.0005477397936416128
1341.0,0.00019451188836892676,-0.0005477393735747436
1342.0,0.00019450832443016126,-0.0005477395532367447
1343.0,0.00019450525415476192,-0.0005477396906307744
1344.0,0.00019450157343806364,-0.0005477396862837401
1345.0,0.00019449891328936518,-0.0005477395709254745
1346.0,0.0001944942114332404,-0.0005477396638317706
1347.0,0.00019449035560382993,-0.000547739665357857
1348.0,0.000194484833267703,-0.0005477398502686709
1349.0,0.00019448090185233957,-0.0005477399629447238
1350.0,0.00019447695602323146,-0.0005477399191506658
1351.0,0.00019447420899797762,-0.0005477398032143373
1352.0,0.00019447057243876647,-0.0005477397960463552
1353.0,0.00019446800341291464,-0.0005477398241402203
1354.0,0.0001944628422479881,-0.000547740287099369
1355.0,0.00019445924919601993,-0.0005477405191801291
1356.0,0.00019445557999652434,-0.0005477405635291276
1357.0,0.00019445271047907118,-0.0005477406020974954
1358.0,0.00019444887062005042,-0.0005477406981484545
1359.0,0.00019444693075464643,-0.000547740508913729
1360.0,0.00019444373662744639,-0.0005477405280360552
1361.0,0.00019444183079148474,-0.0005477405512279455
1362.0,0.00019443960454280639,-0.0005477404875947631
1363.0,0.000194437038275566,-0.0005477407427749232
1364.0,0.00019443425009774102,-0.000547740930206092
1365.0,0.00019443412969420465,-0.0005477407437229466
1366.0,0.0001944318905096092,-0.0005477409004936504
1367.0,0.00019442983885147735,-0.0005477411047348931
1368.0,0.00019442740462320219,-0.0005477412602107355
1369.0,0.00019442596974132332,-0.0005477414181375653
1370.0,0.00019442273702311992,-0.0005477418284236075
1371.0,0.00019442077262577868,-0.0005477421205073138
1372.0,0.00019441815427989547,-0.0005477425293597595
1373.0,0.00019441779205451142,-0.0005477427487000096
1374.0,0.00019441642376354182,-0.0005477431252040461
1375.0,0.00019441643595069302,-0.0005477434768282484
1376.0,0.00019441731489355292,-0.0005477436892548641
1377.0,0.00019441918462126149,-0.0005477440093168228
1378.0,0.00019441914143914057,-0.0005477446897664198
1379.0,0.00019442177376527238,-0.0005477449195811726
1380.0,0.0001944243585841746,-0.0005477450366505049
1381.0,0.00019442745509593902,-0.0005477452988136668
1382.0,0.0001944292077008884,-0.0005477457530325021
1383.0,0.00019443240109902682,-0.0005477460990841763
1384.0,0.0001944344856437477,-0.0005477465090002581
1385.0,0.0001944386425066296,-0.0005477466918531674
1386.0,0.00019444177836801553,-0.0005477469742947818
1387.0,0.0001944454230060173,-0.0005477472264458913
1388.0,0.0001944494790219473,-0.0005477471895654677
1389.0,0.0001944535495895526,-0.0005477474467110423
1390.0,0.00019445387094807888,-0.0005477482300789877
1391.0,0.0001944574834876663,-0.0005477483964455383
1392.0,0.00019446111719959638,-0.0005477482564617861
1393.0,0.0001944651483683193,-0.0005477481859380919
1394.0,0.0001944670070320256,-0.00054774829105308
1395.0,0.00019446885636571407,-0.0005477483632878408
1396.0,0.0001944690212617118,-0.0005477484425056035
1397.0,0.00019447043723725026,-0.0005477483519578046
1398.0,0.00019446985642146758,-0.000547748261548741
1399.0,0.00019446950461969383,-0.0005477480580936641
1400.0,0.00019446867399194252,-0.000547747782565684
1401.0,0.00019446869204114297,-0.0005477475171191238
1402.0,0.0001944660496460795,-0.000547747714169262
1403.0,0.00019446433432179306,-0.0005477478416437294
1404.0,0.00019446313076918628,-0.0005477477156028583
1405.0,0.00019446285235632854,-0.0005477476477382543
1406.0,0.00019446092220517762,-0.0005477478214808896
1407.0,0.00019446079333861548,-0.0005477477556510677
1408.0,0.00019445915731455522,-0.0005477477853403867
1409.0,0.00019445810374174013,-0.0005477478848134792
1410.0,0.00019445570556260496,-0.000547748096268949
1411.0,0.00019445406407058276,-0.0005477481859612144
1412.0,0.00019445224709146544,-0.0005477481930367063
1413.0,0.00019445197549631879,-0.0005477480305316171
1414.0,0.00019444756752098004,-0.0005477485922933053
1415.0,0.00019444369128769723,-0.0005477491611767304
1416.0,0.00019444111584807384,-0.0005477491951437162
1417.0,0.00019444079479496526,-0.000547748975132913
1418.0,0.0001944377848149298,-0.000547749160321197
1419.0,0.0001944360314021014,-0.0005477492629851977
1420.0,0.0001944325476601108,-0.0005477495493807635
1421.0,0.00019443112767473361,-0.0005477496664963408
1422.0,0.0001944284837427295,-0.0005477498306431292
1423.0,0.00019442716934320444,-0.0005477498423893707
1424.0,0.00019442562487548685,-0.0005477496616637335
1425.0,0.00019442554583141741,-0.0005477494367972006
1426.0,0.00019442258667879745,-0.0005477496344485244
1427.0,0.00019442123857495215,-0.0005477497092730077
1428.0,0.00019441911050328391,-0.0005477497775075721
1429.0,0.0001944187868196423,-0.0005477496183090035
1430.0,0.0001944179821622471,-0.0005477494615614224
1431.0,0.00019441760234086307,-0.0005477493758462308
1432.0,0.00019441578892823622,-0.0005477494469248655
1433.0,0.00019441535679175697,-0.0005477494412598475
1434.0,0.0001944150262115868,-0.0005477492512389562
1435.0,0.00019441434354392954,-0.0005477492072367956
1436.0,0.00019441405087496205,-0.0005477489798730302
1437.0,0.0001944159364351298,-0.0005477484066656933
1438.0,0.00019441520031937627,-0.0005477482491088239
1439.0,0.00019441506561046923,-0.0005477481420052988
1440.0,0.00019441456235107623,-0.0005477479121905461
1441.0,0.0001944150568223214,-0.0005477475375131888
1442.0,0.00019441424961321065,-0.0005477474060616474
1443.0,0.00019441453754327778,-0.0005477471676221937
1444.0,0.00019441358011792293,-0.000547747125030507
1445.0,0.00019441474069530464,-0.0005477469305238463
1446.0,0.00019441653166465717,-0.0005477465253478816
1447.0,0.00019441942490616853,-0.0005477459760723556
1448.0,0.00019442147281061842,-0.0005477454839325833
1449.0,0.00019442460326315553,-0.000547745024094975
1450.0,0.00019442481127230891,-0.0005477450118169155
1451.0,0.00019442681836901411,-0.0005477447668106653
1452.0,0.00019442847551615612,-0.0005477444299386326
1453.0,0.0001944311846400595,-0.0005477439679275072
1454.0,0.00019443230059690143,-0.0005477436989200784
1455.0,0.00019443444737786642,-0.0005477433319656438
1456.0,0.0001944353953352728,-0.000547743214873189
1457.0,0.00019443828502999807,-0.0005477428861634068
1458.0,0.00019443859816195097,-0.0005477430037876795
1459.0,0.00019443939420853767,-0.0005477431484653039
1460.0,0.0001944416540827188,-0.0005477428207960352
1461.0,0.0001944452774794126,-0.0005477423077997474
1462.0,0.00019444500750987622,-0.0005477424463499032
1463.0,0.00019444546971521997,-0.0005477425234635163
1464.0,0.00019444564351759174,-0.0005477425088269595
1465.0,0.00019444748934390276,-0.0005477422547335579
1466.0,0.00019444786957907855,-0.0005477421992857485
1467.0,0.00019444970523793608,-0.000547741977448266
1468.0,0.00019445046645705355,-0.0005477418684949392
1469.0,0.000194452758804032,-0.0005477417027758193
1470.0,0.0001944538470663857,-0.0005477416626119974
1471.0,0.00019445750057135275,-0.0005477412385449317
1472.0,0.00019446121342587408,-0.0005477406345152721
1473.0,0.00019446528483091501,-0.0005477401538211484
1474.0,0.000194466105251804,-0.0005477402320677651
1475.0,0.0001944682217471565,-0.0005477400642444956
1476.0,0.00019447009611524359,-0.0005477397809473479
1477.0,0.00019447357397548053,-0.0005477393195605306
1478.0,0.00019447483481853525,-0.0005477391857736145
1479.0,0.0001944781300882526,-0.0005477386682684347
1480.0,0.00019447855274693114,-0.0005477386373998669
1481.0,0.00019448022001226578,-0.0005477385414876429
1482.0,0.0001944816050815041,-0.0005477382265126391
1483.0,0.0001944843264615239,-0.0005477377813809553
1484.0,0.00019448578818075102,-0.0005477374128541891
1485.0,0.00019448832173874173,-0.0005477370606056789
1486.0,0.00019448728298361085,-0.0005477373021897956
1487.0,0.00019448749177108674,-0.0005477373842053835
1488.0,0.0001944872036735325,-0.0005477373142597524
1489.0,0.0001944886379150194,-0.000547737034777821
1490.0,0.00019448815757180558,-0.0005477369493169772
1491.0,0.00019448856349162411,-0.000547736786858133
1492.0,0.00019448775840073286,-0.0005477367176755451
1493.0,0.00019448872645659387,-0.0005477364991214609
1494.0,0.00019448804963128152,-0.0005477364928321348
1495.0,0.00019448915847484688,-0.0005477362042399294
1496.0,0.00019449047497288702,-0.0005477357181582578
1497.0,0.00019449206773600885,-0.0005477353369372266
1498.0,0.00019449082650865182,-0.0005477353797832612
1499.0,0.00019449177377640534,-0.0005477349313450565
1500.0,0.00019449240306493155,-0.0005477344313436264
1501.0,0.00019449314722991916,-0.0005477339241048467
1502.0,0.00019449150777729897,-0.0005477337189849482
1503.0,0.0001944905495145085,-0.0005477333802631135
1504.0,0.00019448788746433867,-0.0005477331955835251
1505.0,0.00019448698001911147,-0.0005477328056684253
1506.0,0.00019448401274829214,-0.0005477326848069994
1507.0,0.00019448146359429472,-0.0005477325862588078
1508.0,0.00019447898086371947,-0.0005477323653924713
1509.0,0.00019447760166638257,-0.0005477322409008093
1510.0,0.00019447295671647054,-0.000547732741064097
1511.0,0.0001944705887539826,-0.00054773296602312
1512.0,0.0001944676973351252,-0.0005477332596329128
1513.0,0.00019446672823493272,-0.0005477333625975063
1514.0,0.00019446486302937638,-0.0005477334844763232
1515.0,0.0001944637733187517,-0.0005477336052915042
1516.0,0.00019446116167235337,-0.0005477338571882661
1517.0,0.00019446078118102084,-0.000547733729551941
1518.0,0.00019445910967924725,-0.0005477337455989717
1519.0,0.00019445876250799983,-0.0005477335389529866
1520.0,0.00019445814779085323,-0.0005477335141887649
1521.0,0.00019445896536446117,-0.0005477335066277
1522.0,0.00019445904499966162,-0.000547733574446059
1523.0,0.0001944618548424384,-0.0005477333860668669
1524.0,0.0001944642279576184,-0.0005477332739688769
1525.0,0.0001944678168618172,-0.0005477330785835603
1526.0,0.000194469263487499,-0.000547733160321678
1527.0,0.00019447183040498356,-0.0005477331252910562
1528.0,0.00019447309696230477,-0.000547733128112004
1529.0,0.00019447624956255073,-0.0005477329118008043
1530.0,0.00019447796542870728,-0.0005477327800486703
1531.0,0.00019447999793419413,-0.0005477326163180873
1532.0,0.00019448154569254108,-0.000547732348212437
1533.0,0.00019448460043104682,-0.0005477318773916305
1534.0,0.0001944834430457726,-0.0005477321349071654
1535.0,0.0001944829605350784,-0.0005477323219683737
1536.0,0.00019448323613021162,-0.0005477320393649017
1537.0,0.00019448539838895712,-0.0005477315919209656
1538.0,0.00019448502712912067,-0.0005477314901818659
1539.0,0.00019448505538518338,-0.0005477313990328815
1540.0,0.00019448398461045563,-0.0005477313712396093
1541.0,0.0001944842898311051,-0.0005477311760161504
1542.0,0.00019448305293870885,-0.0005477309954061259
1543.0,0.0001944826099648276,-0.0005477307162479097
1544.0,0.00019448233071453423,-0.0005477302603642528
1545.0,0.00019448325392325527,-0.0005477297674614371
1546.0,0.00019448079396107643,-0.0005477297656578804
1547.0,0.00019448072669036649,-0.0005477294058483052
1548.0,0.00019447884939618082,-0.0005477292512511187
1549.0,0.00019447765773515971,-0.0005477291756404696
1550.0,0.0001944760250706941,-0.0005477289865444792
1551.0,0.00019447548436315104,-0.0005477286233590156
1552.0,0.00019447250076726344,-0.0005477286157054606
1553.0,0.000194470609591351,-0.0005477285440025179
1554.0,0.00019446679649086102,-0.0005477286467127636
1555.0,0.0001944634435366084,-0.0005477287382548308
1556.0,0.00019446005252337034,-0.0005477286678005042
1557.0,0.00019445810830330114,-0.0005477285520260332
1558.0,0.00019445368986494339,-0.0005477288597174423
1559.0,0.00019445095013030547,-0.0005477289949379549
1560.0,0.00019444772780615583,-0.000547729020072137
1561.0,0.00019444594397963647,-0.0005477288931757326
1562.0,0.00019444261403023266,-0.0005477289904984305
1563.0,0.00019444006366441664,-0.0005477289759312412
1564.0,0.0001944370993492524,-0.0005477289412012122
1565.0,0.0001944354423991541,-0.000547728925709122
1566.0,0.00019443162952526434,-0.0005477291500669595
1567.0,0.00019443030468242466,-0.0005477289529474537
1568.0,0.00019442952760129152,-0.0005477286530252122
1569.0,0.0001944292549913699,-0.0005477285402104241
1570.0,0.00019442625329702093,-0.0005477290583167895
1571.0,0.0001944254022062842,-0.0005477294116289359
1572.0,0.00019442488589274787,-0.0005477296811219374
1573.0,0.00019442656347331877,-0.0005477298392568701
1574.0,0.00019442650723705448,-0.0005477303073723414
1575.0,0.00019442848961463095,-0.0005477304791958073
1576.0,0.00019442892869689964,-0.0005477308938288838
1577.0,0.00019443099549783778,-0.0005477311627669449
1578.0,0.00019443246602491709,-0.0005477313942927643
1579.0,0.00019443440369328413,-0.0005477315296751346
1580.0,0.00019443571961004545,-0.0005477316903997896
1581.0,0.00019443822469522538,-0.0005477318080703075
1582.0,0.0001944378669525849,-0.0005477323480043342
1583.0,0.0001944404385400045,-0.0005477324142503617
1584.0,0.00019444260161648126,-0.000547732423291268
1585.0,0.00019444590337878764,-0.0005477324045620247
1586.0,0.0001944472070394325,-0.00054773263192579
1587.0,0.00019445024411297296,-0.0005477327071433562
1588.0,0.0001944525090905852,-0.0005477327250633114
1589.0,0.000194456166122634,-0.0005477326547477199
1590.0,0.00019445846768140413,-0.00054773255025704
1591.0,0.00019446065654104552,-0.0005477325694718564
1592.0,0.00019446251088949543,-0.0005477324419511439
1593.0,0.00019446611660151958,-0.0005477321726893674
1594.0,0.00019446637841344787,-0.0005477325310191011
1595.0,0.00019446814192476455,-0.0005477327541514448
1596.0,0.00019447063487205426,-0.0005477326802518624
1597.0,0.00019447329783847718,-0.0005477328349415391
1598.0,0.00019447371329520948,-0.0005477333368852611
1599.0,0.00019447715837723144,-0.000547733308698906
1600.0,0.00019448025148014034,-0.0005477332095032838
1601.0,0.0001944841377429461,-0.0005477330927807894
1602.0,0.00019448649688772965,-0.0005477331183080543
1603.0,0.0001944890724652836,-0.000547733148598559
1604.0,0.00019449165421030456,-0.0005477329482650226
1605.0,0.00019449564572398824,-0.0005477326186303395
1606.0,0.00019449692434038226,-0.000547732721594933
1607.0,0.00019450036613177484,-0.000547732564986087
1608.0,0.0001945036647807912,-0.0005477323170432764
1609.0,0.00019450825883432252,-0.000547731967268876
1610.0,0.00019451068947640284,-0.0005477318789177169
1611.0,0.00019451395104179995,-0.000547731773941464
1612.0,0.0001945164650432061,-0.0005477316461895262
1613.0,0.00019451953564372752,-0.000547731557699632
1614.0,0.0001945211008010308,-0.0005477315992508053
1615.0,0.0001945239989784862,-0.0005477315183219759
1616.0,0.00019452660076284866,-0.000547731322566699
1617.0,0.00019453001943116623,-0.0005477311814961883
1618.0,0.00019453042802092653,-0.0005477315988114774
1619.0,0.00019453228782748618,-0.0005477316901916869
1620.0,0.00019453503253747688,-0.0005477314034261608
1621.0,0.00019453866530359733,-0.000547731049073501
1622.0,0.00019453997813662516,-0.0005477310900697337
1623.0,0.0001945418040418209,-0.0005477310346450468
1624.0,0.00019454239170487122,-0.000547731021025881
1625.0,0.00019454387117773326,-0.0005477310158464359
1626.0,0.00019454363060711293,-0.0005477311117124149
1627.0,0.00019454518206002874,-0.0005477309014593162
1628.0,0.00019454660163161421,-0.0005477305040756418
1629.0,0.00019454805536072038,-0.000547730343096639
1630.0,0.00019454647404583593,-0.0005477307737073785
1631.0,0.0001945466808136142,-0.0005477309748964483
1632.0,0.0001945466788234731,-0.0005477311322220925
1633.0,0.0001945480223953139,-0.0005477310927981913
1634.0,0.00019454721512709007,-0.0005477313788006742
1635.0,0.00019454743080124233,-0.0005477314596138909
1636.0,0.000194547792524165,-0.0005477313156530648
1637.0,0.0001945497825273316,-0.0005477309560747148
1638.0,0.000194549217918391,-0.0005477309306399399
1639.0,0.0001945488795747001,-0.0005477309172057542
1640.0,0.0001945486475360708,-0.0005477307069989007
1641.0,0.00019454935995732268,-0.0005477304266383133
1642.0,0.00019454665366099605,-0.0005477305728420241
1643.0,0.0001945445910964969,-0.0005477306704190698
1644.0,0.00019454212198163944,-0.0005477305533034925
1645.0,0.0001945410988126631,-0.000547730102391178
1646.0,0.00019453775742487407,-0.0005477298972944019
1647.0,0.00019453421467815563,-0.0005477298065847456
1648.0,0.0001945290552866221,-0.0005477298977106073
1649.0,0.0001945250577828108,-0.0005477298649228703
1650.0,0.00019451973824403208,-0.0005477299401404365
1651.0,0.00019451530209144813,-0.0005477298783801783
1652.0,0.00019451145995657293,-0.0005477295860421243
1653.0,0.00019450833659760808,-0.0005477294338265576
1654.0,0.00019450176593002776,-0.0005477297176786458
1655.0,0.00019449757597366098,-0.0005477296512938832
1656.0,0.00019449362571107026,-0.0005477294491799127
1657.0,0.00019449013662919615,-0.0005477293652682779
1658.0,0.0001944850439763547,-0.0005477295924239406
1659.0,0.00019448081648316826,-0.0005477297770341616
1660.0,0.00019447672979739053,-0.0005477298647147675
1661.0,0.00019447280721943583,-0.0005477301416532214
1662.0,0.00019446763775897067,-0.000547730620705646
1663.0,0.000194465021748055,-0.0005477307136119421
1664.0,0.00019446319271971705,-0.0005477305722177161
1665.0,0.00019446161224226822,-0.000547730628312956
1666.0,0.00019445701737100566,-0.0005477312837439835
1667.0,0.00019445388840614832,-0.0005477317883699182
1668.0,0.00019445117332167385,-0.0005477321310457041
1669.0,0.00019444999152268855,-0.0005477323399345739
1670.0,0.00019444751551130255,-0.0005477327758866162
1671.0,0.00019444626305245612,-0.0005477331532693086
1672.0,0.00019444456684140598,-0.0005477335332879686
1673.0,0.00019444505758852573,-0.0005477337995669397
1674.0,0.00019444437594549557,-0.0005477341837707763
1675.0,0.0001944440895425169,-0.0005477346800957253
1676.0,0.00019444415415313725,-0.0005477351341527029
1677.0,0.00019444638866779765,-0.0005477352787609597
1678.0,0.00019444664104133403,-0.0005477357740222726
1679.0,0.00019444741339341904,-0.0005477362570055261
1680.0,0.00019444773792434843,-0.0005477366721935431
1681.0,0.00019444985413398757,-0.0005477368895452561
1682.0,0.0001944506990769617,-0.0005477372640838782
1683.0,0.00019445210379145426,-0.0005477375795907
1684.0,0.00019445308722657395,-0.0005477378507022783
1685.0,0.00019445664603235172,-0.000547737730534528
1686.0,0.00019445915021113082,-0.0005477377023712953
1687.0,0.00019446121992831533,-0.0005477378603674928
1688.0,0.0001944631407001874,-0.0005477379206710319
1689.0,0.0001944660023457458,-0.0005477379247405959
1690.0,0.00019446560109586232,-0.0005477384117240458
1691.0,0.00019446622363564276,-0.0005477387113456944
1692.0,0.0001944672578193604,-0.0005477387293581396
1693.0,0.0001944683845544913,-0.000547738924697211
1694.0,0.00019446734606536937,-0.0005477394419249206
1695.0,0.00019446884787313178,-0.0005477395088415012
1696.0,0.00019446942707315634,-0.0005477395442189609
1697.0,0.0001944710903877653,-0.0005477395971001702
1698.0,0.00019447073437910912,-0.000547739914641774
1699.0,0.00019447110317589964,-0.0005477401122237301
1700.0,0.00019447146264267232,-0.0005477400864421174
1701.0,0.00019447276555455118,-0.0005477399262492803
1702.0,0.00019447117717565106,-0.0005477401878343792
1703.0,0.00019447076425092993,-0.000547740241178039
1704.0,0.00019446947787101523,-0.0005477403255058792
1705.0,0.00019446966895411707,-0.000547740214101565
1706.0,0.00019446885378444196,-0.0005477400969166201
1707.0,0.00019446889521287418,-0.0005477398770445521
1708.0,0.000194467005711833,-0.0005477399851885906
1709.0,0.00019446662072790475,-0.0005477399984840411
1710.0,0.00019446492957102477,-0.0005477401382134456
1711.0,0.00019446389844148405,-0.0005477401579832025
1712.0,0.00019446241186519756,-0.0005477401420980294
1713.0,0.00019446261205171712,-0.0005477398873109521
1714.0,0.00019446020809920232,-0.0005477398197931859
1715.0,0.00019445849305077705,-0.0005477396175636028
1716.0,0.0001944552302932657,-0.0005477395488203429
1717.0,0.000194453504870491,-0.0005477393405326587
1718.0,0.00019444932956432136,-0.0005477394366992305
1719.0,0.0001944472475319073,-0.0005477393240231775
1720.0,0.00019444284606886196,-0.0005477395969383126
1721.0,0.0001944405719484233,-0.0005477398443261825
1722.0,0.00019443837827106411,-0.0005477398457829015
1723.0,0.0001944379193070888,-0.0005477397163892646
1724.0,0.00019443703248248198,-0.0005477396720865112
1725.0,0.0001944373218312636,-0.0005477396296104371
1726.0,0.00019443440644204335,-0.0005477401501677898
1727.0,0.0001944333850464601,-0.0005477404857449613
1728.0,0.00019443248514800553,-0.0005477406800435192
1729.0,0.000194433084673085,-0.0005477406987496401
1730.0,0.0001944319955535913,-0.000547740981746195
1731.0,0.00019443189097266184,-0.0005477412161392073
1732.0,0.00019443089839471574,-0.0005477416234886891
1733.0,0.0001944313626788702,-0.000547741897906788
1734.0,0.0001944305762184582,-0.0005477423739764072
1735.0,0.00019443146571300682,-0.0005477426180808791
1736.0,0.00019443324746071543,-0.0005477427477057411
1737.0,0.00019443561944289427,-0.000547742989382348
1738.0,0.00019443599455493455,-0.0005477436328127862
1739.0,0.00019443883423012341,-0.0005477438367534361
1740.0,0.00019444124532547137,-0.0005477440754934826
1741.0,0.00019444498268237343,-0.0005477441979041176
1742.0,0.00019444681479444486,-0.0005477446067796859
1743.0,0.00019445029701919915,-0.0005477447173978344
1744.0,0.00019445350930397367,-0.0005477447181608776
1745.0,0.00019445784493472785,-0.0005477446442150502
1746.0,0.00019446020334059765,-0.0005477448385136081
1747.0,0.00019446404887447618,-0.0005477448398547144
1748.0,0.00019446872458290558,-0.0005477446120747436
1749.0,0.00019447389893005384,-0.000547744445083885
1750.0,0.0001944758632091689,-0.0005477448717637957
1751.0,0.0001944797011962748,-0.0005477449841392558
1752.0,0.0001944837466211074,-0.0005477449309112087
1753.0,0.00019448840330497016,-0.0005477448287559036
1754.0,0.0001944918505150638,-0.0005477449254774158
1755.0,0.00019449614512132525,-0.0005477448177033377
1756.0,0.00019449912520983547,-0.0005477449345414447
1757.0,0.0001945039047405762,-0.0005477448178883179
1758.0,0.00019450755291551186,-0.0005477446701585205
1759.0,0.00019451138975976444,-0.0005477445268220025
1760.0,0.00019451423184873833,-0.0005477443509520951
1761.0,0.00019451815609171204,-0.0005477439811073451
1762.0,0.00019451989950457406,-0.0005477439198789051
1763.0,0.00019452176075940473,-0.0005477437791783547
1764.0,0.0001945239677372118,-0.0005477434174958551
1765.0,0.00019452629278358775,-0.0005477430708892404
1766.0,0.0001945275035381408,-0.0005477429008693312
1767.0,0.0001945294401030633,-0.0005477425823797041
1768.0,0.00019453030813955591,-0.0005477424546971338
1769.0,0.0001945325718166799,-0.0005477420917428955
1770.0,0.00019453301611075375,-0.0005477420329654429
1771.0,0.00019453347091710754,-0.000547741911040381
1772.0,0.00019453542042779937,-0.0005477413854191957
1773.0,0.00019453735267746538,-0.0005477408493003851
1774.0,0.00019453560090009942,-0.0005477408553816087
1775.0,0.00019453471826267064,-0.0005477407473763053
1776.0,0.0001945336702070784,-0.0005477404770046477
1777.0,0.0001945338466399832,-0.0005477401586075106
1778.0,0.00019453284436748836,-0.0005477399034273505
1779.0,0.00019453210564090618,-0.0005477396702367093
1780.0,0.00019452970047657278,-0.0005477396304428479
1781.0,0.0001945301430465145,-0.0005477391386961583
1782.0,0.00019452941283221894,-0.0005477387489891614
1783.0,0.00019452851464804436,-0.0005477385510834898
1784.0,0.00019452692305733238,-0.0005477383692017266
1785.0,0.0001945262729609943,-0.0005477381745100857
1786.0,0.00019452247142696792,-0.0005477384261987449
1787.0,0.0001945193605704241,-0.0005477385978603532
1788.0,0.00019451617457127556,-0.0005477385144805364
1789.0,0.0001945140350710743,-0.0005477383685542959
1790.0,0.0001945102213203402,-0.0005477384099436115
1791.0,0.00019450603696986594,-0.0005477385831081838
1792.0,0.00019450044737288124,-0.0005477390070133917
1793.0,0.00019449798079003498,-0.0005477389135059101
1794.0,0.00019449449790518437,-0.0005477389374377211
1795.0,0.00019449144577750728,-0.0005477390628080389
1796.0,0.000194487832656641,-0.0005477392337297265
1797.0,0.0001944856602107376,-0.000547739350012893
1798.0,0.00019448107063009767,-0.0005477399083755703
1799.0,0.00019447852365343286,-0.0005477402211308119
1800.0,0.00019447576248044326,-0.0005477404071515067
1801.0,0.00019447464567631353,-0.0005477404611194746
1802.0,0.00019447144767720533,-0.0005477408945974071
1803.0,0.00019447026262699947,-0.0005477410470673215
1804.0,0.00019446884525245093,-0.0005477411488526663
1805.0,0.00019446884482880703,-0.0005477411794206412
1806.0,0.00019446681864842207,-0.0005477414403351871
1807.0,0.0001944667565008476,-0.0005477413609555667
1808.0,0.0001944651852745992,-0.0005477414743946629
1809.0,0.00019446454923732718,-0.0005477416381946135
1810.0,0.0001944627003371348,-0.0005477418893976997
1811.0,0.00019446288481927363,-0.0005477418200763768
1812.0,0.0001944621153341741,-0.0005477418826228006
1813.0,0.00019446272005135433,-0.0005477418755473086
1814.0,0.0001944606262258764,-0.0005477422505483812
1815.0,0.00019445959591406694,-0.0005477424817273628
1816.0,0.00019445741543863384,-0.0005477427806322133
1817.0,0.00019445697821842783,-0.0005477428447047237
1818.0,0.00019445470204873497,-0.0005477429817519155
1819.0,0.00019445331851643727,-0.0005477430442058492
1820.0,0.00019445158570452484,-0.0005477429997874832
1821.0,0.00019445082209132675,-0.0005477428510634174
1822.0,0.0001944466144207338,-0.0005477433001952976
1823.0,0.00019444366939614518,-0.0005477434874183636
1824.0,0.00019444182918557876,-0.0005477432720551876
1825.0,0.00019444153319642538,-0.0005477428864408771
1826.0,0.00019443818863623325,-0.0005477429645718812
1827.0,0.00019443635170644403,-0.0005477429596236613
1828.0,0.00019443326878084083,-0.0005477429981226616
1829.0,0.0001944315991805387,-0.0005477428374442516
1830.0,0.00019442832400927597,-0.0005477429287550936
1831.0,0.0001944263985871732,-0.0005477427061776904
1832.0,0.00019442415081147361,-0.0005477423656754216
1833.0,0.00019442269919073472,-0.0005477420510241332
1834.0,0.00019441847420000293,-0.0005477421313748994
1835.0,0.0001944142458398243,-0.0005477423589930126
1836.0,0.00019440937917637141,-0.000547742603837405
1837.0,0.0001944072751735878,-0.0005477424100937876
1838.0,0.00019440450539964197,-0.0005477423783465641
1839.0,0.00019440213297411483,-0.000547742486953053
1840.0,0.00019439891349724628,-0.0005477427293695806
1841.0,0.0001943972503107157,-0.0005477429714623929
1842.0,0.0001943946271471147,-0.0005477433303239447
1843.0,0.00019439360427370386,-0.0005477435627052975
1844.0,0.00019439279089712616,-0.0005477436128349266
1845.0,0.00019439321482673638,-0.0005477435544274344
1846.0,0.00019439117892224616,-0.000547743917705388
1847.0,0.00019439024266923395,-0.0005477441042347783
1848.0,0.00019438940194299446,-0.0005477441475432633
1849.0,0.00019438969526220607,-0.0005477441759145986
1850.0,0.00019438812948421522,-0.0005477444133135387
1851.0,0.00019438919600279963,-0.0005477442536062747
1852.0,0.00019439007311315338,-0.0005477441335310146
1853.0,0.00019439188098885303,-0.0005477441539713246
1854.0,0.00019439232681001535,-0.0005477443811038648
1855.0,0.0001943939920556523,-0.0005477445046475033
1856.0,0.00019439603848227466,-0.0005477444540554238
1857.0,0.0001943993561657098,-0.000547744326835304
1858.0,0.00019440013498082728,-0.0005477446526316484
1859.0,0.0001944031855518594,-0.0005477445256658765
1860.0,0.00019440508344696102,-0.0005477445963976733
1861.0,0.0001944078732799528,-0.0005477446268731582
1862.0,0.0001944108229744765,-0.0005477444549803246
1863.0,0.00019441547369776816,-0.0005477440448792626
1864.0,0.0001944183095897185,-0.0005477438729170616
1865.0,0.0001944221425620629,-0.0005477435947993589
1866.0,0.00019442422905751618,-0.0005477435169227026
1867.0,0.00019442761291806892,-0.0005477433400816493
1868.0,0.0001944303733915534,-0.00054774293532189
1869.0,0.0001944345708454319,-0.0005477424374939771
1870.0,0.00019443567904860537,-0.0005477423657216666
1871.0,0.00019443801742498578,-0.0005477420922978362
1872.0,0.00019443979004957234,-0.0005477417144064482
1873.0,0.00019444267316303892,-0.0005477412009477099
1874.0,0.00019444355549505,-0.0005477409754337463
1875.0,0.00019444498022917972,-0.0005477405438287382
1876.0,0.00019444562139943943,-0.000547740069793901
1877.0,0.00019444627188001267,-0.0005477397403904432
1878.0,0.0001944449689681338,-0.0005477396733120049
1879.0,0.0001944457408965749,-0.0005477391655182846
1880.0,0.0001944466804008077,-0.0005477384365807576
1881.0,0.000194447576693363,-0.0005477378432799485
1882.0,0.00019444523109533198,-0.0005477377745366887
1883.0,0.00019444372141567485,-0.0005477376686586574
1884.0,0.00019444196064326522,-0.0005477374993093013
1885.0,0.00019444153309790358,-0.0005477371762876597
1886.0,0.00019443930414972694,-0.0005477370914280015
1887.0,0.0001944380898286834,-0.0005477368498901297
1888.0,0.00019443564598467704,-0.0005477367172824622
1889.0,0.00019443453046133114,-0.0005477364897105942
1890.0,0.00019443216722789136,-0.0005477363738667556
1891.0,0.00019443050137141904,-0.0005477362483808251
1892.0,0.0001944292880158895,-0.0005477359011730247
1893.0,0.0001944295156013318,-0.0005477354855688023
1894.0,0.00019442751223860418,-0.0005477353750893891
1895.0,0.00019442614755353383,-0.0005477353767773332
1896.0,0.0001944241787227099,-0.0005477353507644952
1897.0,0.00019442535764485757,-0.0005477348028763206
1898.0,0.00019442541541806247,-0.000547734345720925
1899.0,0.00019442561315138833,-0.000547733901907225
1900.0,0.00019442419253547135,-0.0005477336327379387
1901.0,0.00019442393598460915,-0.0005477333385038377
1902.0,0.00019442196007006518,-0.0005477332007167252
1903.0,0.00019442061403517847,-0.0005477329975391185
1904.0,0.00019441907908467025,-0.000547732743052634
1905.0,0.00019441866826831644,-0.0005477324302511473
1906.0,0.00019441534386569203,-0.0005477326266769774
1907.0,0.0001944132246314325,-0.0005477326901714247
1908.0,0.00019441073398955376,-0.0005477327608569765
1909.0,0.0001944101910751216,-0.0005477325336781913
1910.0,0.00019440846958336817,-0.000547732451778216
1911.0,0.00019440759777348925,-0.0005477323459233072
1912.0,0.00019440570471580975,-0.0005477323663867398
1913.0,0.00019440638305835838,-0.0005477320176297304
1914.0,0.00019440425667141352,-0.0005477320522441468
1915.0,0.00019440283964169145,-0.0005477320839682479
1916.0,0.00019440309819254695,-0.0005477316596930795
1917.0,0.0001944056832971625,-0.0005477309693701654
1918.0,0.0001944050683435635,-0.000547730947542504
1919.0,0.00019440558041080864,-0.0005477307118083854
1920.0,0.00019440599739462943,-0.0005477305240535013
1921.0,0.0001944082207763223,-0.0005477301868346307
1922.0,0.00019440883402549358,-0.0005477301117557997
1923.0,0.00019441103546637346,-0.000547729834655488
1924.0,0.0001944127144656588,-0.0005477296453745176
1925.0,0.00019441636387211743,-0.0005477293242951678
1926.0,0.0001944184495596916,-0.000547729170530392
1927.0,0.00019442168413010553,-0.0005477288793022191
1928.0,0.0001944244363179036,-0.0005477286824601836
1929.0,0.00019442852908247866,-0.0005477283677164051
1930.0,0.00019443082696638428,-0.000547728262115844
1931.0,0.0001944342357135529,-0.0005477279336835321
1932.0,0.00019443658330172507,-0.0005477277789013654
1933.0,0.00019444023666876154,-0.0005477275499652684
1934.0,0.00019444231011992363,-0.0005477275559540018
1935.0,0.00019444558232567906,-0.0005477273870208513
1936.0,0.00019444728564015364,-0.0005477272822758235
1937.0,0.0001944509571056515,-0.0005477268720360264
1938.0,0.0001944527078091294,-0.0005477266020805743
1939.0,0.00019445571719803383,-0.0005477260942637315
1940.0,0.00019445701255328788,-0.0005477258683798076
1941.0,0.00019445913371857537,-0.0005477256459873846
1942.0,0.00019445987923331215,-0.0005477255522718002
1943.0,0.00019446283110516842,-0.0005477251053134371
1944.0,0.00019446408666745266,-0.000547724752810579
1945.0,0.00019446638514248932,-0.0005477243383624828
1946.0,0.0001944659044347447,-0.0005477243264775061
1947.0,0.0001944658933510381,-0.0005477241147214436
1948.0,0.00019446473471453654,-0.0005477239732809724
1949.0,0.00019446497910780415,-0.0005477236582134785
1950.0,0.00019446334537930268,-0.0005477234725627441
1951.0,0.00019446258040650325,-0.0005477231920171765
1952.0,0.00019446107739677445,-0.0005477228839558072
1953.0,0.000194460567782723,-0.0005477225217414896
1954.0,0.00019445685509568878,-0.0005477227605277811
1955.0,0.00019445493865877751,-0.000547722731855853
1956.0,0.00019445204170299288,-0.0005477227433015017
1957.0,0.00019445055724492589,-0.0005477226214920523
1958.0,0.00019444751274283895,-0.0005477225934444323
1959.0,0.00019444507634708337,-0.0005477224403270872
1960.0,0.0001944409177502172,-0.0005477224898555308
1961.0,0.00019443807393711122,-0.0005477224191468565
1962.0,0.0001944347833767376,-0.0005477224010187986
1963.0,0.00019443320434755977,-0.0005477220266189117
1964.0,0.00019443192023364727,-0.0005477216478488679
1965.0,0.00019443110799992284,-0.0005477213184454099
1966.0,0.0001944278771930431,-0.0005477215428032475
1967.0,0.00019442667403452368,-0.0005477215259931734
1968.0,0.00019442451285951837,-0.0005477215534858529
1969.0,0.0001944238476105218,-0.000547721504211757
1970.0,0.0001944228518207638,-0.0005477214985467391
1971.0,0.00019442280388989034,-0.0005477214588222451
1972.0,0.0001944208373152165,-0.0005477217712537714
1973.0,0.0001944203032086365,-0.0005477220380645603
1974.0,0.00019441821021074204,-0.0005477224761901198
1975.0,0.00019441676326979038,-0.0005477229843075554
1976.0,0.0001944159922280458,-0.0005477232702869159
1977.0,0.00019441755958238602,-0.0005477232311636074
1978.0,0.00019441653386169413,-0.0005477236474152605
1979.0,0.00019441640729069075,-0.0005477240536548612
1980.0,0.0001944164938519763,-0.0005477243088581439
1981.0,0.00019441836088018657,-0.0005477243301308647
1982.0,0.00019441872213020448,-0.0005477246032772249
1983.0,0.000194420806763595,-0.0005477245123132208
1984.0,0.00019442122432869463,-0.0005477246475337333
1985.0,0.00019442255746707294,-0.000547724751793188
1986.0,0.0001944233204989922,-0.0005477246709337263
1987.0,0.00019442508222706364,-0.0005477244054871661
1988.0,0.00019442526536930552,-0.0005477243488369855
1989.0,0.00019442607879514414,-0.0005477243085806736
1990.0,0.00019442376566005821,-0.0005477247546603808
1991.0,0.00019442256958525882,-0.0005477250223729483
1992.0,0.00019442065488233185,-0.0005477251957225007
1993.0,0.00019442033972082913,-0.0005477252563728777
1994.0,0.0001944193392315795,-0.0005477253265266114
1995.0,0.00019441791169942966,-0.0005477255582142886
1996.0,0.00019441470783827217,-0.0005477259474588351
1997.0,0.00019441433750454098,-0.0005477257768839854
1998.0,0.00019441324492693084,-0.0005477254991362431
1999.0,0.000194412472476324,-0.0005477252866865048
2000.0,0.00019441187928619864,-0.0005477250044761158
2001.0,0.00019441229071338783,-0.0005477246963685012
2002.0,0.00019441031296633772,-0.0005477248947366231
2003.0,0.00019440998807087752,-0.000547724805807401
2004.0,0.0001944092690486626,-0.0005477246493604126
2005.0,0.00019441003914459753,-0.0005477244142506022
2006.0,0.00019440887462634238,-0.0005477244120770851
2007.0,0.00019440863157297174,-0.0005477244072213552
2008.0,0.00019440724293724295,-0.0005477245230883163
2009.0,0.00019440703672118695,-0.0005477245888950158
2010.0,0.0001944045096459331,-0.0005477249086795043
2011.0,0.00019440251931764446,-0.0005477251684610464
2012.0,0.00019440176045319886,-0.0005477250275061483
2013.0,0.00019440169719232766,-0.000547724928749854
2014.0,0.00019439832027756438,-0.0005477255084314972
2015.0,0.00019439614831441796,-0.0005477260143522931
2016.0,0.00019439396338579787,-0.0005477263716646359
2017.0,0.0001943938181449065,-0.0005477265544713
2018.0,0.00019439207912611838,-0.0005477269681794756
2019.0,0.00019439246078986077,-0.0005477270186096976
2020.0,0.00019439080673630446,-0.0005477273784886403
2021.0,0.0001943902371224546,-0.000547727676075507
2022.0,0.00019439028294496074,-0.0005477276938798495
2023.0,0.00019439178744236926,-0.000547727496991569
2024.0,0.00019439305222629743,-0.0005477272941839227
2025.0,0.00019439520777570589,-0.0005477271188920784
2026.0,0.00019439460604373733,-0.000547727518981088
2027.0,0.00019439590074874722,-0.0005477277685887203
2028.0,0.00019439751406352419,-0.0005477278710677407
2029.0,0.00019440062315652712,-0.0005477278451936379
2030.0,0.00019440238097328164,-0.0005477279666331269
2031.0,0.0001944046353302399,-0.0005477280094329164
2032.0,0.00019440607473427107,-0.0005477281038652989
2033.0,0.00019440880711918,-0.0005477281145941494
2034.0,0.0001944092460241094,-0.0005477283119448804
2035.0,0.0001944110759194395,-0.0005477283621901221
2036.0,0.00019441301485873826,-0.0005477282922213686
2037.0,0.00019441569591377035,-0.0005477283257259039
2038.0,0.00019441577849477372,-0.0005477288171488781
2039.0,0.00019441777985750806,-0.0005477289644855926
2040.0,0.00019441903407004316,-0.0005477292076189184
2041.0,0.0001944222908571312,-0.0005477293347696705
2042.0,0.0001944249718727546,-0.0005477294589144947
2043.0,0.0001944275075292604,-0.000547729753079228
2044.0,0.0001944293477299746,-0.000547730177331274
2045.0,0.00019443384563604568,-0.0005477300605625344
2046.0,0.0001944380297697719,-0.0005477299050866921
2047.0,0.00019444222681971087,-0.0005477298395343403
2048.0,0.00019444598515191194,-0.0005477297240604621
2049.0,0.00019445060307728422,-0.0005477297107187666
2050.0,0.00019445253331710482,-0.000547730085673594
2051.0,0.0001944558416015568,-0.0005477302739140511
2052.0,0.00019445932205291804,-0.0005477303424260858
2053.0,0.0001944643238193653,-0.000547730277891125
2054.0,0.0001944677615615104,-0.0005477304131116375
2055.0,0.00019447204640425788,-0.0005477304677501586
2056.0,0.00019447540796931902,-0.0005477306194570298
2057.0,0.0001944802844159903,-0.0005477306356196732
2058.0,0.00019448386230544782,-0.0005477306307408209
2059.0,0.00019448810832073954,-0.0005477305849119809
2060.0,0.0001944919414310145,-0.0005477304243491836
2061.0,0.00019449629833263315,-0.0005477301557810829
2062.0,0.00019449717926563418,-0.0005477305311983609
2063.0,0.0001944981930454795,-0.0005477308135243626
2064.0,0.00019450054159916565,-0.0005477305822528908
2065.0,0.00019450449154648653,-0.0005477300822283381
2066.0,0.00019450601508816607,-0.0005477299953107755
2067.0,0.00019450771879672796,-0.0005477299129945948
2068.0,0.000194507868096719,-0.0005477299981779683
2069.0,0.00019450982854333465,-0.0005477299315851031
2070.0,0.00019451023046316662,-0.0005477300238902136
2071.0,0.00019451184328533435,-0.0005477300205836928
2072.0,0.00019451285450361195,-0.0005477299200238417
2073.0,0.0001945151416486374,-0.0005477298019371184
2074.0,0.00019451399634214036,-0.0005477302264203896
2075.0,0.0001945148704278737,-0.0005477304105912826
2076.0,0.0001945161901081692,-0.0005477303026322243
2077.0,0.00019451916740851146,-0.0005477301259992736
2078.0,0.00019451986151455394,-0.0005477303726472229
2079.0,0.00019452118688941154,-0.0005477305010465912
2080.0,0.00019452150717404976,-0.0005477306368451668
2081.0,0.00019452272555419293,-0.0005477306574935796
2082.0,0.0001945226999286633,-0.0005477306323131524
2083.0,0.00019452389669311553,-0.0005477304160250755
2084.0,0.00019452365884169788,-0.0005477303498021705
2085.0,0.00019452492229558125,-0.0005477301669955063
2086.0,0.0001945239137570976,-0.0005477302142810652
2087.0,0.00019452350915747169,-0.0005477302071130832
2088.0,0.00019452191745838567,-0.0005477302903310422
2089.0,0.0001945214243171853,-0.0005477302919496187
2090.0,0.00019451897555693924,-0.0005477305109661535
2091.0,0.0001945171603315106,-0.0005477306541176913
2092.0,0.00019451472123625671,-0.0005477307690135065
2093.0,0.00019451267700667136,-0.0005477309150322371
2094.0,0.0001945098348782887,-0.0005477310871100507
2095.0,0.00019450809051961709,-0.0005477311249847429
2096.0,0.0001945058467241997,-0.0005477311495177394
2097.0,0.00019450532612496344,-0.0005477310273845747
2098.0,0.00019450148268960001,-0.0005477315956668142
2099.0,0.00019449930458854319,-0.0005477320603601523
2100.0,0.00019449886582154438,-0.0005477320579322874
2101.0,0.00019450048886042657,-0.0005477318314009328
2102.0,0.00019449977672488804,-0.0005477319208850956
2103.0,0.00019449962593721728,-0.0005477320099530529
2104.0,0.00019449810808024772,-0.0005477322015925208
2105.0,0.0001944979394896811,-0.0005477322199286812
2106.0,0.00019449685571992312,-0.0005477323005569177
2107.0,0.00019449658439078544,-0.0005477322730642383
2108.0,0.0001944959927671573,-0.0005477321582146682
2109.0,0.00019449656710020314,-0.0005477319576499066
2110.0,0.0001944941191182796,-0.0005477322322761083
2111.0,0.00019449330063827074,-0.00054773231817628
2112.0,0.0001944929224523492,-0.0005477321635790934
2113.0,0.00019449269355656647,-0.0005477321811753332
2114.0,0.000194490819168775,-0.0005477323712887145
2115.0,0.0001944898715266385,-0.0005477323855321885
2116.0,0.00019448681357632088,-0.0005477326588866515
2117.0,0.00019448540684213072,-0.0005477327318382105
2118.0,0.00019448215536536966,-0.0005477329558029651
2119.0,0.00019447988705771933,-0.0005477330276677654
2120.0,0.00019447648240905908,-0.0005477331171519282
2121.0,0.00019447445105627773,-0.000547733104226438
2122.0,0.0001944696805796938,-0.0005477334521279141
2123.0,0.0001944655864653696,-0.0005477338129317577
2124.0,0.00019446124474596592,-0.000547734051486824
2125.0,0.00019445983257337034,-0.0005477339062773817
2126.0,0.00019445723237520945,-0.0005477338857908267
2127.0,0.00019445494885578758,-0.0005477340674413647
2128.0,0.0001944516781180075,-0.0005477343526576818
2129.0,0.00019445035000424283,-0.0005477345559277786
2130.0,0.0001944474096692936,-0.000547734817582245
2131.0,0.00019444563884765665,-0.0005477349953019543
2132.0,0.00019444299051172645,-0.0005477351473556633
2133.0,0.00019444174731393264,-0.0005477351859009086
2134.0,0.0001944380049521213,-0.0005477354163630919
2135.0,0.00019443535287236129,-0.0005477355704978282
2136.0,0.00019443074497651192,-0.0005477358713680931
2137.0,0.00019442758936149778,-0.000547736127958727
2138.0,0.0001944225816443316,-0.0005477366287000778
2139.0,0.0001944181391370892,-0.0005477371776056435
2140.0,0.00019441321640485917,-0.000547737741818319
2141.0,0.0001944106584824183,-0.0005477379662917691
2142.0,0.00019440631763985894,-0.0005477384145912385
2143.0,0.0001944025769430666,-0.0005477388625438701
2144.0,0.00019439930286539625,-0.0005477391246607871
2145.0,0.000194397322911457,-0.0005477393329022262
2146.0,0.0001943940016713835,-0.0005477396793701058
2147.0,0.0001943910852673884,-0.000547740067227301
2148.0,0.0001943879394947057,-0.0005477403814392615
2149.0,0.00019438817567125216,-0.0005477401765505882
2150.0,0.00019438737890545608,-0.0005477400279883801
2151.0,0.00019438728401907537,-0.0005477400341389711
2152.0,0.00019438577962018865,-0.0005477401639256908
2153.0,0.00019438550167038353,-0.0005477403178754467
2154.0,0.00019438413026612393,-0.0005477406365500541
2155.0,0.0001943839677050937,-0.0005477408688620394
2156.0,0.00019438422747762,-0.0005477409779541013
2157.0,0.000194385640103416,-0.0005477410703054568
2158.0,0.00019438454561448223,-0.0005477415591849536
2159.0,0.00019438465446140716,-0.0005477419516204083
2160.0,0.00019438491391866357,-0.0005477422155177594
2161.0,0.000194386496090688,-0.0005477424134927984
2162.0,0.0001943873350238301,-0.0005477426564642667
2163.0,0.0001943900806303695,-0.0005477425897326662
2164.0,0.00019439121936546004,-0.0005477426715401514
2165.0,0.0001943937518200062,-0.0005477426512848216
2166.0,0.0001943950090965704,-0.0005477426986628705
2167.0,0.00019439784739245356,-0.0005477424914619449
2168.0,0.00019439976918895276,-0.0005477424053074255
2169.0,0.00019440313953230956,-0.0005477422898566697
2170.0,0.0001944049680680383,-0.0005477423263440106
2171.0,0.0001944087401243312,-0.0005477421808108529
2172.0,0.00019441119627371497,-0.0005477421760707357
2173.0,0.00019441546400321945,-0.0005477420910492199
2174.0,0.00019441803677290107,-0.0005477421697814096
2175.0,0.0001944216405637494,-0.000547742102957319
2176.0,0.00019442405540292718,-0.0005477421405776634
2177.0,0.00019442917159263531,-0.0005477417821323171
2178.0,0.00019443134770355105,-0.0005477418477540364
2179.0,0.00019443415283698406,-0.0005477418465747877
2180.0,0.00019443807002579428,-0.0005477413794767074
2181.0,0.0001944437931395718,-0.0005477407048539861
2182.0,0.0001944456138231102,-0.0005477406656844327
2183.0,0.0001944489458808813,-0.0005477404934910064
2184.0,0.00019445165155652038,-0.0005477403684675264
2185.0,0.00019445596659621074,-0.0005477400547180163
2186.0,0.0001944590195317669,-0.0005477398948257721
2187.0,0.00019446355279732506,-0.0005477395461150077
2188.0,0.00019446688107185766,-0.0005477392996982837
2189.0,0.00019447186907480438,-0.0005477388938055208
2190.0,0.00019447459676022173,-0.0005477386048664775
2191.0,0.00019447813466951799,-0.0005477383198813857
2192.0,0.00019448055825743482,-0.0005477379740146917
2193.0,0.0001944835164938017,-0.0005477376622537185
2194.0,0.00019448319127321945,-0.0005477378113708673
2195.0,0.00019448507256739165,-0.0005477374746838147
2196.0,0.00019448630057311827,-0.0005477371136256232
2197.0,0.00019448792589770708,-0.0005477367665334355
2198.0,0.00019448695169408344,-0.0005477367188085488
2199.0,0.00019448711113197146,-0.000547736519122443
2200.0,0.00019448608179552815,-0.000547736389058253
2201.0,0.00019448648303555945,-0.0005477362213968411
2202.0,0.00019448601617998504,-0.0005477360825692151
2203.0,0.0001944875032587329,-0.000547735573989329
2204.0,0.00019448834558102616,-0.000547734987417174
2205.0,0.00019448980123130816,-0.0005477344856353097
2206.0,0.00019448840102911574,-0.0005477344281064733
2207.0,0.00019448871175713588,-0.0005477341500812607
2208.0,0.00019448842461524342,-0.0005477338240768136
2209.0,0.00019449064632206503,-0.0005477331073479786
2210.0,0.00019448953159674606,-0.0005477329562654155
2211.0,0.00019448945645414136,-0.0005477328533933122
2212.0,0.00019448944136059602,-0.0005477324360780231
2213.0,0.0001944914938463113,-0.0005477317559752639
2214.0,0.00019449108450778503,-0.0005477314650014387
2215.0,0.00019449119000496755,-0.0005477311294011447
2216.0,0.0001944908286367235,-0.0005477307260518593
2217.0,0.00019449122267480853,-0.000547730294261871
2218.0,0.00019448887800288276,-0.0005477303113494153
2219.0,0.00019448820193618857,-0.0005477300542038407
2220.0,0.00019448697061027605,-0.0005477296825786565
2221.0,0.00019448701767415735,-0.0005477291449337594
2222.0,0.00019448515779863242,-0.0005477288353925485
2223.0,0.00019448434111172096,-0.00054772840598418
2224.0,0.0001944823373647582,-0.0005477280255030696
2225.0,0.00019448147550558473,-0.000547727534241953
2226.0,0.00019447995348114151,-0.0005477270018227462
2227.0,0.00019447800406897152,-0.0005477266080924301
2228.0,0.00019447570002745112,-0.0005477262981581363
2229.0,0.0001944756105203627,-0.0005477255842964941
2230.0,0.00019447336082348727,-0.0005477252770444129
2231.0,0.00019447196182326124,-0.0005477250060253248
2232.0,0.00019446972086527273,-0.0005477248227330876
2233.0,0.00019446921303446654,-0.0005477245529857381
2234.0,0.0001944670346969573,-0.0005477244932602621
2235.0,0.00019446663791996522,-0.0005477242739200121
2236.0,0.00019446504249675376,-0.0005477241677182655
2237.0,0.00019446510675269553,-0.0005477239166307918
2238.0,0.00019446341928053227,-0.0005477238825250709
2239.0,0.0001944639462442791,-0.000547723529582885
2240.0,0.00019446253245592542,-0.000547723451590616
2241.0,0.00019446149520817866,-0.0005477234911070072
2242.0,0.00019445953949061114,-0.0005477235993435358
2243.0,0.0001944593197080983,-0.0005477234847020685
2244.0,0.0001944577816147435,-0.0005477235091194524
2245.0,0.00019445741981300338,-0.000547723546531694
2246.0,0.0001944551515349096,-0.0005477238849298133
2247.0,0.00019445424137047975,-0.0005477241190684778
2248.0,0.00019445239121906004,-0.0005477243838213624
2249.0,0.0001944524859478058,-0.0005477244659988079
2250.0,0.0001944514078529056,-0.0005477246113701079
2251.0,0.00019445143977398066,-0.000547724650747764
2252.0,0.00019445150471957527,-0.0005477246047801889
2253.0,0.00019445248745518992,-0.000547724441095851
2254.0,0.00019445039862476914,-0.0005477247646724332
2255.0,0.00019444911631380626,-0.0005477250176790762
2256.0,0.0001944478818844559,-0.0005477250943996064
2257.0,0.00019444864745823859,-0.000547724822617475
2258.0,0.00019444681830182225,-0.0005477250320844078
2259.0,0.00019444604967386265,-0.0005477252647201083
2260.0,0.00019444381711978683,-0.0005477256790294695
2261.0,0.0001944435329138451,-0.0005477258951556888
2262.0,0.00019444276423662458,-0.0005477259836687055
2263.0,0.00019444249767594377,-0.0005477260143522931
2264.0,0.00019444101083364833,-0.0005477260691295493
2265.0,0.00019444055655931243,-0.0005477260381453689
2266.0,0.00019443690420705087,-0.0005477264297021677
2267.0,0.00019443409150714082,-0.0005477266646963657
2268.0,0.00019443051974574153,-0.000547726816102644
2269.0,0.00019442913722821876,-0.0005477266005313653
2270.0,0.00019442551059015652,-0.0005477266857147388
2271.0,0.00019442181858285578,-0.0005477269347211853
2272.0,0.00019441661559540965,-0.000547727415369064
2273.0,0.0001944133449660036,-0.0005477277823466212
2274.0,0.00019440838683487771,-0.0005477283027883614
2275.0,0.00019440387346087833,-0.0005477288389765395
2276.0,0.0001943994725397031,-0.0005477292660726557
2277.0,0.00019439743766969214,-0.0005477293519265823
2278.0,0.00019439225213046328,-0.0005477299441175102
2279.0,0.00019438831111907298,-0.0005477305141108166
2280.0,0.00019438419476837027,-0.0005477310258122432
2281.0,0.00019438187816531573,-0.0005477313554006812
2282.0,0.00019437776859291536,-0.0005477319146882595
2283.0,0.0001943748018935227,-0.0005477323925383129
2284.0,0.0001943709522906923,-0.0005477329865559202
2285.0,0.00019437025395806305,-0.0005477331530612059
2286.0,0.00019436775972998945,-0.0005477335153217684
2287.0,0.00019436578102727755,-0.0005477340172192455
2288.0,0.00019436390758529568,-0.0005477344750451943
2289.0,0.0001943640062746193,-0.0005477348565899408
2290.0,0.00019436047750814945,-0.000547735824822455
2291.0,0.00019435946537361878,-0.0005477365494360703
2292.0,0.00019435960918594354,-0.0005477368835102777
2293.0,0.00019436191495159609,-0.0005477370871503348
2294.0,0.00019436180813422094,-0.0005477377337023136
2295.0,0.00019436277696840447,-0.0005477382386288411
2296.0,0.00019436306938121518,-0.0005477388265189799
2297.0,0.00019436505306913202,-0.0005477392036473245
2298.0,0.0001943654868804825,-0.000547739759674627
2299.0,0.00019436756920846205,-0.0005477400720136632
2300.0,0.00019436993087540465,-0.0005477402345649976
2301.0,0.0001943728805108152,-0.0005477405274579922
2302.0,0.0001943730375841791,-0.0005477412819459068
2303.0,0.000194375988736826,-0.0005477415740989806
2304.0,0.00019437851580222769,-0.000547741818804638
2305.0,0.000194381636717851,-0.0005477421208079066
2306.0,0.00019438266419223162,-0.0005477427328610815
2307.0,0.00019438502869660308,-0.0005477431350079957
2308.0,0.0001943858664671875,-0.0005477437068511037
2309.0,0.00019438862620175826,-0.000547744063700996
2310.0,0.00019439135304973997,-0.0005477442826481632
2311.0,0.00019439482108734983,-0.0005477443942374576
2312.0,0.00019439763211238865,-0.0005477445491121144
2313.0,0.0001944015981089167,-0.0005477446587591169
2314.0,0.0001944026602334272,-0.0005477451875712103
2315.0,0.00019440540422420845,-0.000547745474498594
2316.0,0.00019440749341916003,-0.0005477457504427795
2317.0,0.00019441143569162982,-0.0005477457436678804
2318.0,0.00019441359554644253,-0.0005477458414761512
2319.0,0.0001944163430938621,-0.0005477459690893538
2320.0,0.00019441715639162237,-0.0005477463065625721
2321.0,0.00019441974648144283,-0.0005477465088384004
2322.0,0.0001944216639528334,-0.0005477466640367726
2323.0,0.00019442434685022387,-0.0005477468659426405
2324.0,0.00019442638643943076,-0.0005477470513390272
2325.0,0.00019443007663392972,-0.0005477469508485438
2326.0,0.0001944300190479163,-0.0005477473369021822
2327.0,0.00019443149419566972,-0.0005477474606076784
2328.0,0.0001944331548009282,-0.0005477472826104989
2329.0,0.00019443613676135333,-0.0005477469573459726
2330.0,0.00019443621160839252,-0.0005477470321242109
2331.0,0.00019443772699246397,-0.0005477468323456151
2332.0,0.0001944374874661751,-0.0005477467790713229
2333.0,0.00019443888512650414,-0.0005477465999180172
2334.0,0.00019443868704835187,-0.000547746553326134
2335.0,0.00019443889001318724,-0.000547746603756356
2336.0,0.0001944384416698659,-0.0005477466350873742
2337.0,0.0001944401236937716,-0.0005477463609467455
2338.0,0.0001944387445161391,-0.0005477464791259588
2339.0,0.00019443775040125233,-0.0005477466137221633
2340.0,0.00019443593445661426,-0.0005477467028363656
2341.0,0.00019443538989686741,-0.0005477466544178031
2342.0,0.0001944330320624243,-0.0005477468269811898
2343.0,0.0001944316612295913,-0.0005477468397679448
2344.0,0.0001944301039934437,-0.0005477467273462397
2345.0,0.00019442861838267123,-0.0005477467902395013
2346.0,0.00019442515956670528,-0.0005477470989251789
2347.0,0.00019442424401313094,-0.0005477468298946277
2348.0,0.00019442374545322955,-0.0005477463363212588
2349.0,0.00019442343744441212,-0.0005477459790320386
2350.0,0.00019442002231302846,-0.0005477461618387028
2351.0,0.00019441807389592906,-0.0005477461990890868
2352.0,0.00019441525091033927,-0.0005477461671568831
2353.0,0.00019441400961401695,-0.0005477459767197864
2354.0,0.00019441052185233544,-0.0005477460505962463
2355.0,0.000194408733247507,-0.0005477459746618818
2356.0,0.000194404848580755,-0.0005477460343873579
2357.0,0.00019440238753483597,-0.0005477459631468655
2358.0,0.00019439798196343005,-0.0005477461141600611
2359.0,0.0001943944219753902,-0.0005477462034129986
2360.0,0.00019439049653045007,-0.0005477463471194769
2361.0,0.0001943886608223316,-0.000547746210557858
2362.0,0.00019438291364952162,-0.0005477468891807758
2363.0,0.0001943789160865972,-0.0005477474279124314
2364.0,0.00019437630498206896,-0.0005477475135120103
2365.0,0.00019437577545675436,-0.0005477473668920941
2366.0,0.00019437259856102356,-0.0005477476425356868
2367.0,0.00019437075124703273,-0.000547747874893917
2368.0,0.00019436757506065914,-0.0005477482331080382
2369.0,0.00019436646762595607,-0.0005477484174407889
2370.0,0.00019436416157459017,-0.0005477487141721222
2371.0,0.0001943638624425902,-0.0005477488208363193
2372.0,0.00019436363337932034,-0.000547748819495213
2373.0,0.00019436502468499095,-0.0005477487672845568
2374.0,0.00019436398130918592,-0.0005477491619860187
2375.0,0.00019436483988758224,-0.0005477493912227085
2376.0,0.0001943658691353559,-0.0005477494562894872
2377.0,0.00019436937816790192,-0.0005477492307755236
2378.0,0.00019437065992714252,-0.0005477493582731136
2379.0,0.00019437319267725416,-0.0005477494296985861
2380.0,0.00019437473840605126,-0.0005477494961295937
2381.0,0.00019437852586130718,-0.0005477492486723562
2382.0,0.00019438048438674704,-0.0005477492597711671
2383.0,0.00019438393054265697,-0.000547749204554583
2384.0,0.00019438701929090069,-0.0005477491239263463
2385.0,0.00019439190123509044,-0.0005477489877346879
2386.0,0.00019439503714573726,-0.0005477490206149151
2387.0,0.00019439977070618902,-0.000547748938460592
2388.0,0.00019440350917638788,-0.0005477489151530892
2389.0,0.0001944091708716525,-0.000547748723675479
2390.0,0.00019441207685203736,-0.0005477488341780149
2391.0,0.00019441672087584414,-0.0005477487205076935
2392.0,0.00019442126552067444,-0.0005477484085848627
2393.0,0.000194426952476938,-0.0005477480033395304
2394.0,0.00019443011820029254,-0.0005477478740152612
2395.0,0.0001944338643453424,-0.000547747675022831
2396.0,0.00019443703492582354,-0.0005477473532266832
2397.0,0.0001944410033164322,-0.0005477470917109518
2398.0,0.00019444178409213424,-0.0005477472000862155
2399.0,0.00019444538079926252,-0.0005477468793074585
2400.0,0.00019444863758635056,-0.000547746446615692
2401.0,0.00019445236667727057,-0.000547746065718376
2402.0,0.00019445360668295683,-0.0005477459287405518
2403.0,0.00019445637379681316,-0.0005477456384141572
2404.0,0.000194457665171785,-0.0005477453977086963
2405.0,0.00019445950629860443,-0.0005477451307822946
2406.0,0.00019445950034788554,-0.0005477449450853151
2407.0,0.0001944613910016322,-0.0005477443451945871
2408.0,0.00019446290219852561,-0.0005477436835204784
2409.0,0.00019446483510828793,-0.0005477431861318934
2410.0,0.00019446357890561173,-0.0005477432165380107
2411.0,0.00019446425525801927,-0.0005477430825198693
2412.0,0.00019446478989661718,-0.0005477428224146118
2413.0,0.00019446681281592933,-0.00054774242523904
2414.0,0.00019446689661860346,-0.0005477421955167773
2415.0,0.00019446934920149675,-0.0005477415907240744
2416.0,0.00019446873779468385,-0.0005477413824826353
2417.0,0.00019446915460116532,-0.0005477411483670934
2418.0,0.00019446953518116751,-0.0005477406409202109
2419.0,0.00019447127159897916,-0.0005477398648358601
2420.0,0.00019447154165718516,-0.0005477392269317049
2421.0,0.00019447233892544262,-0.0005477385704139188
2422.0,0.0001944694399795169,-0.0005477384746866749
2423.0,0.00019446808414170746,-0.000547738208453949
2424.0,0.00019446634258105594,-0.0005477379244168806
2425.0,0.00019446601604028107,-0.000547737511194278
2426.0,0.00019446411915995435,-0.000547737380112697
2427.0,0.0001944642129527427,-0.0005477371116370864
2428.0,0.0001944630549369287,-0.0005477370403734715
2429.0,0.00019446365294477187,-0.0005477367929393564
2430.0,0.000194463051626595,-0.0005477366677077737
2431.0,0.00019446306432605975,-0.0005477364527839254
2432.0,0.00019446328556669578,-0.0005477360280231841
2433.0,0.00019446515566878732,-0.0005477353453075799
2434.0,0.00019446339730031054,-0.0005477352388283629
2435.0,0.00019446230157985382,-0.0005477350119964156
2436.0,0.00019446088722007346,-0.0005477346168787483
2437.0,0.0001944611754457061,-0.0005477340765516386
2438.0,0.0001944588975518811,-0.0005477339501176847
2439.0,0.00019445806932806263,-0.0005477336743584794
2440.0,0.00019445545109055345,-0.00054773371322744
2441.0,0.00019445398718414156,-0.0005477337258985825
2442.0,0.0001944521965596155,-0.0005477336063551403
2443.0,0.00019445129643456073,-0.000547733370944737
2444.0,0.00019444900769348153,-0.0005477332397475434
2445.0,0.0001944479392438691,-0.0005477330702363297
2446.0,0.00019444401840975096,-0.0005477332589161147
2447.0,0.0001944413758176438,-0.0005477333371858539
2448.0,0.00019443885688029362,-0.0005477331584718761
2449.0,0.00019443845547277518,-0.0005477326663089813
2450.0,0.00019443547832021567,-0.0005477325371003246
2451.0,0.00019443318139197188,-0.0005477324337195258
2452.0,0.00019443010954022313,-0.0005477322870071195
2453.0,0.00019442908692296904,-0.0005477319278680974
2454.0,0.0001944261521545036,-0.0005477318930455783
2455.0,0.00019442479868121823,-0.0005477316990476131
2456.0,0.0001944227133581748,-0.000547731614719773
2457.0,0.00019442196031636976,-0.0005477314259012528
2458.0,0.0001944184796876692,-0.0005477316129855837
2459.0,0.00019441620694653626,-0.0005477316910009752
2460.0,0.00019441281067223212,-0.0005477318428465816
2461.0,0.0001944119355914282,-0.0005477316275758955
2462.0,0.00019440800356522938,-0.0005477319282380577
2463.0,0.00019440550676573585,-0.0005477321523184249
2464.0,0.0001944034022013778,-0.0005477320716439434
2465.0,0.00019440395459361065,-0.0005477317691551019
2466.0,0.00019440242486475982,-0.000547731771814192
2467.0,0.00019440164036493236,-0.0005477317615246694
2468.0,0.00019440085134295263,-0.0005477317166207303
2469.0,0.00019440188074836123,-0.0005477315263917363
2470.0,0.00019440016079354846,-0.0005477317613396892
2471.0,0.00019440002125707142,-0.0005477317220082781
2472.0,0.0001943996999478061,-0.0005477316036903296
2473.0,0.00019440079848598735,-0.0005477313244165009
2474.0,0.00019439935440216893,-0.0005477314251844547
2475.0,0.00019439993153323496,-0.0005477312353022986
2476.0,0.00019439964048002556,-0.0005477311311584565
2477.0,0.00019440054627008592,-0.0005477310370960342
2478.0,0.00019440012451780826,-0.0005477310786934526
2479.0,0.00019440121416931986,-0.0005477308991239415
2480.0,0.00019440176351722798,-0.0005477307639727964
2481.0,0.00019440360905782571,-0.0005477305369327464
2482.0,0.00019440304035037674,-0.0005477306182084136
2483.0,0.0001944028169521125,-0.0005477307351390107
2484.0,0.00019440182425594016,-0.0005477308144492634
2485.0,0.00019440355471318072,-0.0005477303906827906
2486.0,0.0001944035156788291,-0.0005477300812571922
2487.0,0.00019440393927346508,-0.0005477298233716969
2488.0,0.00019440265581964893,-0.0005477297721321867
2489.0,0.00019440283137570934,-0.0005477296696531663
2490.0,0.00019440179834469718,-0.0005477296946254908
2491.0,0.0001944017522857386,-0.0005477295686771098
2492.0,0.00019440169826621568,-0.0005477293606206509
2493.0,0.00019440282265652682,-0.0005477291559400802
2494.0,0.00019440040756119232,-0.000547729418403835
2495.0,0.00019439929733832122,-0.0005477296385764958
2496.0,0.00019439837758771669,-0.0005477295114026212
2497.0,0.00019439882203942547,-0.0005477293642508869
2498.0,0.00019439725955206397,-0.0005477294401621288
2499.0,0.0001943968194156116,-0.000547729509622187
2500.0,0.00019439577654226795,-0.0005477295071711995
2501.0,0.00019439549911462857,-0.0005477297274594729
2502.0,0.00019439319166425265,-0.0005477301242419618
2503.0,0.0001943938033370745,-0.000547730014756817
2504.0,0.00019439492909683917,-0.0005477296776998042
2505.0,0.0001943966470910674,-0.0005477294279765594
2506.0,0.00019439495145144386,-0.00054772970158537
2507.0,0.0001943947307329736,-0.0005477298981268128
2508.0,0.00019439411054786505,-0.0005477299745467501
2509.0,0.00019439498748087948,-0.0005477299902931881
2510.0,0.0001943942800743891,-0.0005477302586763086
2511.0,0.00019439489984570592,-0.0005477304167418736
2512.0,0.00019439438257650777,-0.0005477307164560124
2513.0,0.00019439529844535202,-0.0005477309599592986
2514.0,0.00019439518756887722,-0.000547731325618872
2515.0,0.00019439574186258152,-0.0005477317206209267
2516.0,0.00019439675647001028,-0.000547731939660584
2517.0,0.00019440020570965372,-0.0005477317871444245
2518.0,0.00019440089053493918,-0.0005477321537520213
2519.0,0.00019440274552378101,-0.0005477324913639748
2520.0,0.0001944042123267349,-0.0005477327252482915
2521.0,0.00019440727997160128,-0.0005477327403472988
2522.0,0.00019440864301135697,-0.000547732961467983
2523.0,0.00019441124885481912,-0.0005477330446396971
2524.0,0.0001944130188094639,-0.0005477331495465825
2525.0,0.00019441685179166047,-0.0005477330459576809
2526.0,0.0001944187323567711,-0.0005477332629856787
2527.0,0.0001944219216071402,-0.0005477333099706448
2528.0,0.00019442574001795715,-0.0005477331255685265
2529.0,0.00019443050832706067,-0.000547732995134376
2530.0,0.00019443175909133152,-0.0005477334090968994
2531.0,0.00019443449671760214,-0.0005477336489930721
2532.0,0.000194436867734267,-0.0005477337081636075
2533.0,0.0001944412545766718,-0.0005477333653722091
2534.0,0.00019444332119041845,-0.0005477332818767796
2535.0,0.00019444558916309452,-0.0005477332218738333
2536.0,0.00019444609174268685,-0.0005477332656447688
2537.0,0.00019444806100700685,-0.0005477331525525105
2538.0,0.0001944479627216228,-0.0005477332432621668
2539.0,0.0001944500617589058,-0.0005477329622541489
2540.0,0.00019445048579689008,-0.0005477328626191987
2541.0,0.00019445209064864125,-0.000547732739468643
2542.0,0.00019445206990979466,-0.0005477327225892014
2543.0,0.00019445401265203628,-0.0005477323859483939
2544.0,0.00019445431816825129,-0.000547732071759556
2545.0,0.00019445551034158592,-0.0005477317241586728
2546.0,0.00019445434064108217,-0.0005477316330096884
2547.0,0.00019445435808929942,-0.0005477313718639173
2548.0,0.00019445311995552802,-0.0005477312069078407
2549.0,0.00019445330654603414,-0.0005477309625258986
2550.0,0.0001944520630920836,-0.0005477308816201919
2551.0,0.00019445138941947,-0.0005477307985872129
2552.0,0.0001944504584275239,-0.000547730638486866
2553.0,0.00019445141964596945,-0.0005477301728686271
2554.0,0.0001944493517120302,-0.000547730230906159
2555.0,0.00019444762599369,-0.0005477303834685635
2556.0,0.00019444529583403073,-0.0005477304955203083
2557.0,0.00019444418435993235,-0.0005477305413491482
2558.0,0.00019444136812308836,-0.0005477307565967118
2559.0,0.00019443947504570451,-0.0005477309621790608
2560.0,0.00019443721322079103,-0.0005477310335582883
2561.0,0.00019443545541388872,-0.0005477312406436013
2562.0,0.00019443155801811542,-0.000547731622905146
2563.0,0.00019443060139078742,-0.0005477315296982571
2564.0,0.000194430110821007,-0.0005477312180297741
2565.0,0.00019443074739029694,-0.0005477310162857638
2566.0,0.00019442788301568366,-0.0005477313871941499
2567.0,0.00019442704589534333,-0.0005477315579771023
2568.0,0.00019442620565186081,-0.0005477315820014034
2569.0,0.00019442712290986292,-0.0005477314032411807
2570.0,0.00019442625426253492,-0.0005477314705277216
2571.0,0.00019442663147309033,-0.000547731405206595
2572.0,0.0001944255229053861,-0.0005477314189413735
2573.0,0.0001944259180961766,-0.000547731278102088
2574.0,0.0001944249972421275,-0.0005477311895890712
2575.0,0.00019442386836907277,-0.0005477312641129617
2576.0,0.00019442182460254,-0.0005477314567698206
2577.0,0.00019442276632351412,-0.0005477312358572391
2578.0,0.00019442114710727914,-0.000547731390385058
2579.0,0.00019442020755378546,-0.0005477315562891582
2580.0,0.00019441839025939822,-0.0005477317962778209
2581.0,0.00019441815433900858,-0.000547731945903665
2582.0,0.0001944162907984713,-0.0005477323090428835
2583.0,0.00019441637121199424,-0.0005477324697212935
2584.0,0.00019441560721456097,-0.0005477326649678749
2585.0,0.00019441701802755518,-0.0005477326414753919
2586.0,0.00019441701067782617,-0.0005477327630998612
2587.0,0.00019441839253525264,-0.0005477327520472953
2588.0,0.00019442083539404067,-0.0005477324299505546
2589.0,0.0001944233162231445,-0.0005477322799316276
2590.0,0.00019442293624412552,-0.0005477326514411992
2591.0,0.0001944252067980737,-0.0005477325116655497
2592.0,0.00019442724996362326,-0.0005477322300794686
2593.0,0.0001944295835321381,-0.0005477320852168642
2594.0,0.00019442945310893091,-0.0005477323262460404
2595.0,0.0001944304480612533,-0.0005477324384133979
2596.0,0.00019443012970764306,-0.0005477326081095918
2597.0,0.00019443084618799459,-0.0005477326141908152
2598.0,0.00019443006327436868,-0.000547732794638982
2599.0,0.0001944298419549152,-0.0005477329267610765
2600.0,0.0001944297862211123,-0.00054773288692097
2601.0,0.00019443184990876038,-0.0005477326084101845
2602.0,0.0001944304145539767,-0.0005477329714569128
2603.0,0.0001944303063868524,-0.0005477331575469754
2604.0,0.00019442954485246507,-0.000547733294455432
2605.0,0.0001944303097858558,-0.000547733248002284
2606.0,0.0001944303499039476,-0.0005477332020578314
2607.0,0.0001944317046875734,-0.0005477330853815821
2608.0,0.00019443155981121283,-0.0005477331828892602
2609.0,0.0001944328987131186,-0.0005477331573388726
2610.0,0.00019443299689012866,-0.0005477333268500863
2611.0,0.0001944350524989862,-0.0005477331341238598
2612.0,0.00019443558299966695,-0.0005477332131103973
2613.0,0.00019443673338989076,-0.000547733311404241
2614.0,0.0001944361123180857,-0.0005477334416071662
2615.0,0.0001944371728662468,-0.0005477332404874642
2616.0,0.00019443656039539806,-0.0005477331438121969
2617.0,0.00019443696434477987,-0.0005477330085916843
2618.0,0.00019443490472608363,-0.0005477333042593816
2619.0,0.0001944342708464398,-0.0005477334191551967
2620.0,0.0001944328284473448,-0.0005477336440448522
2621.0,0.00019443336904651382,-0.0005477337185687427
2622.0,0.0001944326946842474,-0.0005477339202433854
2623.0,0.00019443321068251385,-0.0005477339930562093
2624.0,0.00019443378226680048,-0.000547733954950292
2625.0,0.00019443538072448445,-0.0005477338881724465
2626.0,0.00019443416342808148,-0.0005477342272642414
2627.0,0.0001944341945806862,-0.0005477344156434335
2628.0,0.00019443393927119908,-0.0005477344603161473
2629.0,0.0001944358205062582,-0.0005477341428670337
2630.0,0.0001944346866775551,-0.0005477342466640379
2631.0,0.00019443450475698401,-0.0005477343509697377
2632.0,0.00019443301538267735,-0.0005477346470536404
2633.0,0.0001944333334702787,-0.0005477347509893798
2634.0,0.0001944335027800547,-0.0005477348199638648
2635.0,0.00019443486923851813,-0.0005477348655152346
2636.0,0.00019443566571860087,-0.0005477349998339687
2637.0,0.00019443780045034527,-0.000547735060854306
2638.0,0.00019443668130139579,-0.0005477355688330065
2639.0,0.000194437470776576,-0.0005477357559867049
2640.0,0.00019443751984045055,-0.0005477358560841056
2641.0,0.00019443946443490273,-0.0005477356437268573
2642.0,0.00019443790917904403,-0.0005477359659160883
2643.0,0.00019443696407877092,-0.0005477362587628377
2644.0,0.00019443620708624023,-0.0005477362007021833
2645.0,0.0001944374578111023,-0.0005477358902823165
2646.0,0.00019443625213042386,-0.0005477358666510984
2647.0,0.00019443578148175877,-0.0005477357686578474
2648.0,0.00019443444399856743,-0.0005477356733236863
2649.0,0.00019443433522060776,-0.0005477355393749126
2650.0,0.00019443093500543017,-0.0005477358348345072
2651.0,0.00019442889462804858,-0.0005477358960860698
2652.0,0.0001944261070709112,-0.0005477358535868731
2653.0,0.00019442422771761916,-0.0005477356679361386
2654.0,0.000194419875673127,-0.0005477358046596151
2655.0,0.00019441682765381055,-0.0005477358717611759
2656.0,0.00019441246397388948,-0.000547736090754588
2657.0,0.00019441056351722011,-0.000547736055400251
2658.0,0.00019440704420884653,-0.0005477363669993664
2659.0,0.0001944045405522332,-0.0005477366647712133
2660.0,0.0001944033708911382,-0.0005477366306654923
2661.0,0.00019440423015918733,-0.0005477364963005131
2662.0,0.00019440219576208123,-0.0005477370534608193
2663.0,0.00019440211676727273,-0.0005477374340344198
2664.0,0.0001944020832698483,-0.0005477376240784336
2665.0,0.00019440338763985037,-0.0005477377908843121
2666.0,0.00019440327359097247,-0.0005477381924994083
2667.0,0.0001944056185289072,-0.0005477381995055326
2668.0,0.0001944071381100089,-0.0005477382418659942
2669.0,0.000194409360644414,-0.0005477383576173426
2670.0,0.0001944099768098316,-0.0005477386880613141
