iteration,Y_prime,N_prime
1.0,-0.018440970790433105,-0.000567952012871439
2.0,-0.0006737689843229197,-0.00045284991949997785
3.0,0.0020317012721169083,-0.00013000551699922431
4.0,0.003020617396842046,-4.77331300866674e-05
5.0,0.002988115413622108,-9.06153062572462e-05
6.0,0.002630946427066683,-0.00018076226590344737
7.0,0.002244377722435435,-0.0002649168668658997
8.0,0.001924699713668942,-0.000322926354050823
9.0,0.0016674122206151011,-0.0003560982134977111
10.0,0.001453600042289513,-0.00037173827411728886
11.0,0.001282155665073086,-0.00037553906830796224
12.0,0.001148413961190534,-0.0003727824837493812
13.0,0.0010491989796369255,-0.00036756010967410206
14.0,0.0009769605706644866,-0.0003628675099128509
15.0,0.0009582422677378,-0.00036102835384774716
16.0,0.0009303271805165659,-0.0003596566630949229
17.0,0.0009159827857918231,-0.00036031705820431233
18.0,0.0009117794276080313,-0.00036204543303782984
19.0,0.0008877471072338565,-0.0003594033387946959
20.0,0.0008750586213400012,-0.0003589572122180714
21.0,0.0008602510457969792,-0.00035784348351921273
22.0,0.0008393718161400068,-0.00035540721200684716
23.0,0.0008057935105853486,-0.0003498503001406337
24.0,0.0007763719605828714,-0.00034713643939089786
25.0,0.0007304899954178479,-0.0003406218844091542
26.0,0.00068016321725461,-0.00033358147752563747
27.0,0.0006314183647520948,-0.0003273015829912554
28.0,0.0005881184303902978,-0.00032251047353740235
29.0,0.0005516544898799896,-0.0003195358787363161
30.0,0.0005217046128446011,-0.00031838115024390224
31.0,0.0004972140627586659,-0.00031902351121920866
32.0,0.0004770962676864307,-0.0003212283665128778
33.0,0.00046031026972608887,-0.0003246456056617975
34.0,0.00044597538500880504,-0.00032869354461227034
35.0,0.0004341636385733916,-0.0003327280433652184
36.0,0.0004256437475515476,-0.00033613331466636665
37.0,0.00042101565000653537,-0.0003383726493178117
38.0,0.00042074374006290284,-0.00033907423354797195
39.0,0.00042512640835364285,-0.0003380037784421798
40.0,0.00043415127312724985,-0.00033512273577234586
41.0,0.0004470228202780126,-0.00033060145972994284
42.0,0.00046201605550271006,-0.0003248180902468961
43.0,0.00047691725796270967,-0.0003182811879713039
44.0,0.000489660478056916,-0.000311551220007536
45.0,0.0004977429989520922,-0.000305125538268338
46.0,0.0005000908616750361,-0.00029948952064497093
47.0,0.000496048322340119,-0.0002949350750663334
48.0,0.00048514353072961596,-0.0002916098902872602
49.0,0.0004679442499705493,-0.00028948959782795156
50.0,0.0004459640680418995,-0.00028837575057991924
51.0,0.00042150798135742225,-0.0002879074669384402
52.0,0.0003969880830646667,-0.0002876952046544769
53.0,0.0003747682009265368,-0.0002873481569082272
54.0,0.00035685284409044495,-0.0002865778231751
55.0,0.00034457211281684264,-0.0002851702335959558
56.0,0.0003381398831162547,-0.00028310368812260034
57.0,0.000337040237510138,-0.0002805066497797026
58.0,0.00033979327293097466,-0.00027763524545597166
59.0,0.0003446043916049503,-0.00027478224259071883
60.0,0.00034931484084373663,-0.00027229289244891776
61.0,0.0003524621006938292,-0.0002703768882404059
62.0,0.0003529892381149734,-0.00026911299586749877
63.0,0.000350229011575439,-0.00026849037685579947
64.0,0.0003442764038595693,-0.0002684921369884699
65.0,0.0003349373896192132,-0.0002688471417959545
66.0,0.00032335243159429384,-0.0002693049277658982
67.0,0.000311203077465523,-0.000269542288692682
68.0,0.00030011614281177636,-0.000269262090171119
69.0,0.0002894567185345712,-0.00026742208738235777
70.0,0.00028556240954894917,-0.00026516794592293077
71.0,0.0002874916944761791,-0.0002618600446746098
72.0,0.00029513055213282487,-0.0002575206946057603
73.0,0.0003067108008041076,-0.0002524271029696781
74.0,0.00031949799815943474,-0.00024710477466843844
75.0,0.00033062523699304615,-0.00024210700350620453
76.0,0.00033757049489124374,-0.00023790063786322842
77.0,0.0003412599809393744,-0.00023505825526512616
78.0,0.00033701482862998457,-0.00023273143613296914
79.0,0.0003285773853015922,-0.00023120075196386
80.0,0.00031812352785100495,-0.0002300983389443333
81.0,0.0003070879699704654,-0.00022912979446114445
82.0,0.00029636112297396123,-0.00022808396566515335
83.0,0.00028642287176158354,-0.00022686634756213453
84.0,0.00027758053550775753,-0.00022547261412232626
85.0,0.00027023951784556073,-0.0002239438095414641
86.0,0.00026455599274292094,-0.00022229970343075548
87.0,0.0002605078193481143,-0.00022056677975884796
88.0,0.00025794019990533823,-0.00021875693130855538
89.0,0.0002565366207882986,-0.00021689131278337476
90.0,0.0002551481736302738,-0.0002146619262088483
91.0,0.00025489912745219246,-0.00021274506156733527
92.0,0.0002554210978956218,-0.00021111694928011989
93.0,0.0002551988552925157,-0.00020914922008551895
94.0,0.0002541983032549615,-0.00020695872630629032
95.0,0.0002524404503035118,-0.00020460265320819924
96.0,0.000249819237316651,-0.0002020500634270451
97.0,0.0002464973517478133,-0.00019936783739829555
98.0,0.00024240753341902565,-0.00019653114124126365
99.0,0.00023779844343577129,-0.00019363567270700872
100.0,0.00023260072102614907,-0.00019067470635777785
101.0,0.00022703469405092934,-0.00018774226226456347
102.0,0.00022101831878574673,-0.00018483378017107395
103.0,0.00021472788210632712,-0.0001820306140049702
104.0,0.0002081087210534593,-0.0001793153901177802
105.0,0.00020134101923854618,-0.00017672892362578273
106.0,0.00019445650260426216,-0.00017422641532573933
107.0,0.0001877076078296131,-0.00017181028884185925
108.0,0.00018120498154779597,-0.00016941524254221007
109.0,0.0001751629291669079,-0.00016702756910169945
110.0,0.0001696188592213695,-0.00016459571855092454
111.0,0.00016463505844773466,-0.0001621234157271209
112.0,0.00016009572398382384,-0.00015960406301384096
113.0,0.00015591960228980906,-0.00015706509388531523
114.0,0.00015197045112390312,-0.00015452750220708525
115.0,0.00014815609082535004,-0.0001520159947252716
116.0,0.00014439868641426533,-0.00014955841091323136
117.0,0.0001406238604163901,-0.00014718332475437642
118.0,0.0001368155499694331,-0.0001449392575445375
119.0,0.00013285922786210146,-0.000142839214747754
120.0,0.0001287683204039679,-0.00014093709594244284
121.0,0.00012449993375884322,-0.00013924376202259901
122.0,0.00012013393911651982,-0.00013778208790797897
123.0,0.00011579399554923662,-0.00013655038475958645
124.0,0.00011164780323250342,-0.00013553508854722654
125.0,0.0001078832653182909,-0.00013472466250556678
126.0,0.00010465981793105503,-0.00013409815565209614
127.0,0.00010206058885063252,-0.0001336438952772347
128.0,0.00010061202772707925,-0.00013354174389367646
129.0,9.951411208559387e-05,-0.00013346199328404941
130.0,9.886843164398827e-05,-0.00013346401168604896
131.0,9.8755240694216e-05,-0.00013359767790493797
132.0,9.916826120810767e-05,-0.00013388472296152956
133.0,0.00010005608448152898,-0.0001343249666250086
134.0,0.00010136761774031872,-0.00013491578431332128
135.0,0.00010303365913815008,-0.0001356453174210545
136.0,0.00010500943935745002,-0.0001365040030231496
137.0,0.0001072469655545295,-0.0001374750894299982
138.0,0.00010969400580634501,-0.0001385404844746099
139.0,0.00011231622286865025,-0.000139680552970875
140.0,0.00011506535696269237,-0.00014087550560950895
141.0,0.0001185006011063549,-0.00014234999700782995
142.0,0.00012164460787378044,-0.00014368527122105183
143.0,0.00012470172461785127,-0.00014496124304258612
144.0,0.00012773744545350836,-0.00014619406119832987
145.0,0.00013074891158247438,-0.00014737509917914742
146.0,0.00013372561401542483,-0.00014848924289954092
147.0,0.00013663917605951688,-0.00014951789533767235
148.0,0.00013946232294924013,-0.00015044842903650277
149.0,0.0001421722473819078,-0.00015127191019781935
150.0,0.0001447462814730839,-0.00015198335835510146
151.0,0.00014716424821666362,-0.00015257966607252804
152.0,0.00014940382245612357,-0.00015306313198782434
153.0,0.00015145220105221126,-0.00015343750402606473
154.0,0.0001529195353737777,-0.00015358232641818763
155.0,0.00015440429987323884,-0.00015373108820143384
156.0,0.0001557623790446182,-0.00015383830158383985
157.0,0.00015692466265704465,-0.0001538907035303373
158.0,0.0001578573519078128,-0.00015389531800894465
159.0,0.00015854828468999922,-0.00015386547321862367
160.0,0.00015917402599662203,-0.00015388247806517148
161.0,0.00015944239749894043,-0.00015384420489105035
162.0,0.00015945466788136207,-0.00015379073129193166
163.0,0.0001592957427995242,-0.0001537408077168404
164.0,0.00015903728597325598,-0.00015369991128096156
165.0,0.00015876002453036093,-0.00015366593452127497
166.0,0.00015852908438012046,-0.00015363421901713124
167.0,0.00015840186496516302,-0.0001535993291536491
168.0,0.0001584084761350703,-0.00015355843222757275
169.0,0.00015849212747965052,-0.0001534835435422294
170.0,0.0001587881643471523,-0.0001534282461263884
171.0,0.00015920910232212912,-0.00015337533275593465
172.0,0.00015972035153064164,-0.00015332474301402862
173.0,0.00016027656612503397,-0.00015328184431104652
174.0,0.00016086376448725426,-0.00015326981093635806
175.0,0.00016135520777215909,-0.0001532444501419368
176.0,0.00016180972981164664,-0.00015327531600667292
177.0,0.0001621366621320021,-0.00015332533876813738
178.0,0.00016232409059591238,-0.0001534108214996906
179.0,0.00016236722938694364,-0.00015353515709856948
180.0,0.00016226628386401185,-0.0001536996999642269
181.0,0.00016204627011056052,-0.0001539000973465141
182.0,0.00016174548878609185,-0.00015412989512273462
183.0,0.0001614246129872608,-0.00015437752131195398
184.0,0.00016113653404376248,-0.0001546313308730029
185.0,0.00016093110168959924,-0.00015487915483378313
186.0,0.0001608230422398285,-0.00015511553507657438
187.0,0.00016082939069140664,-0.000155331632654064
188.0,0.0001609260991940904,-0.00015552649888845525
189.0,0.0001610919468930651,-0.00015569727037209456
190.0,0.0001612836235495997,-0.00015584608055771744
191.0,0.0001614684391947018,-0.0001559731707589073
192.0,0.00016160347391345215,-0.00015608086985533667
193.0,0.00016166281270917106,-0.0001561700321825976
194.0,0.00016161343070758747,-0.0001562438581336767
195.0,0.00016147091633908896,-0.00015631653408377882
196.0,0.00016112507648619623,-0.0001563540455742563
197.0,0.0001607163948148706,-0.00015640641824070332
198.0,0.0001601491544742692,-0.00015643712805384617
199.0,0.00015946902849321462,-0.00015645651517922046
200.0,0.0001586646230774732,-0.00015644902719072934
201.0,0.0001578648754687435,-0.0001564537807628718
202.0,0.0001569884703343016,-0.00015641859177718744
203.0,0.00015614571561882733,-0.00015638809530862442
204.0,0.00015529504318611106,-0.00015631899596188958
205.0,0.00015448977040382554,-0.0001562486494440884
206.0,0.00015370993141786585,-0.00015615542575670935
207.0,0.00015296309220281338,-0.00015604611589216925
208.0,0.00015224024658202871,-0.00015592467655342417
209.0,0.0001515336633401064,-0.00015579391624600996
210.0,0.00015085294817876522,-0.0001556538563721336
211.0,0.00015019788161105784,-0.0001555252922118629
212.0,0.0001495444945155406,-0.00015539919517389112
213.0,0.00014888003849169334,-0.00015527538429210684
214.0,0.0001482038334925397,-0.00015515465108745696
215.0,0.00014751443841947288,-0.00015503910674800002
216.0,0.00014681087115756586,-0.00015493022201878615
217.0,0.00014609813458656262,-0.00015482953568751306
218.0,0.0001453824407348543,-0.00015473802297432114
219.0,0.00014467581893148516,-0.00015465539535868493
220.0,0.00014398380163077482,-0.00015458247680938728
221.0,0.00014332255185231347,-0.00015451882740656102
222.0,0.00014269506394072113,-0.00015446457398880415
223.0,0.00014210650053875188,-0.00015442026150773095
224.0,0.000141555923757931,-0.00015438757948907654
225.0,0.00014104385597088782,-0.00015436679575639648
226.0,0.00014056967672650478,-0.00015435877868990298
227.0,0.0001401281677960077,-0.00015436464988455398
228.0,0.00013971496377534337,-0.00015438511004296413
229.0,0.00013933048230842888,-0.00015441935738241092
230.0,0.00013896896000575997,-0.0001544672626826765
231.0,0.000138633433399007,-0.0001545275711168273
232.0,0.00013831799588732416,-0.0001545999576307519
233.0,0.00013802380041265082,-0.00015468294808501382
234.0,0.0001377491624781832,-0.00015477551344873783
235.0,0.00013747032702087178,-0.00015488294632862702
236.0,0.0001372237005095382,-0.0001549998116624284
237.0,0.00013700137384760114,-0.00015512110716058442
238.0,0.0001368015139377709,-0.00015524595989237046
239.0,0.00013662730449348932,-0.00015537280535784365
240.0,0.00013651867444465038,-0.00015551159789781402
241.0,0.00013639855081866176,-0.00015564147310049534
242.0,0.00013628432321227373,-0.00015576893127813537
243.0,0.00013617662574158247,-0.00015589543112201325
244.0,0.00013607257800247192,-0.00015602024541029315
245.0,0.00013596409098763518,-0.0001561439116861329
246.0,0.0001358459941134582,-0.0001562657501658642
247.0,0.00013571504373566587,-0.0001563859642467577
248.0,0.00013556913479729097,-0.00015650389595199614
249.0,0.0001354074730645486,-0.00015661919364119158
250.0,0.0001352279138648411,-0.000156731373757652
251.0,0.00013503390246738186,-0.00015683971265890805
252.0,0.00013482483194810152,-0.00015694381226529728
253.0,0.00013460415061068611,-0.0001570430644729716
254.0,0.00013437081720740228,-0.00015713757547905307
255.0,0.00013413523059986566,-0.0001572252908381538
256.0,0.00013388924403712101,-0.00015730779637380713
257.0,0.00013364517280784307,-0.00015738294754371555
258.0,0.00013339646720004616,-0.0001574517802392068
259.0,0.00013315081344406518,-0.00015751334989366864
260.0,0.00013290361549622774,-0.00015756853141248926
261.0,0.00013265725824507328,-0.0001576171018575541
262.0,0.00013240854654862687,-0.00015765964898720357
263.0,0.00013215927621366315,-0.0001576963701799156
264.0,0.00013190249784481018,-0.00015772842970788835
265.0,0.00013164152816984133,-0.00015775580667992244
266.0,0.00013137172709597102,-0.00015777943934093246
267.0,0.0001310886655641876,-0.00015780063666155094
268.0,0.00013079520794910432,-0.0001578195305233982
269.0,0.000130493711907825,-0.00015783575859423183
270.0,0.00013017958917990234,-0.00015785082070029875
271.0,0.00012985373808744149,-0.0001578650536327029
272.0,0.00012952021222273528,-0.00015787835377942014
273.0,0.0001291808960917678,-0.00015789065390940364
274.0,0.00012883458834882138,-0.0001579024031406601
275.0,0.0001284872550625224,-0.00015791317436319988
276.0,0.00012813660296963927,-0.00015792345690278438
277.0,0.00012778639513142127,-0.00015793280901286707
278.0,0.00012743575827986627,-0.00015794152524663968
279.0,0.00012709067549832173,-0.00015794885858013796
280.0,0.00012674760180362348,-0.00015795515309499717
281.0,0.00012640669044648825,-0.00015796051534905077
282.0,0.00012606757843306162,-0.00015796486128036763
283.0,0.00012573513106719513,-0.00015796761822499015
284.0,0.00012540353680191084,-0.00015796957666335166
285.0,0.00012507573657314118,-0.00015796975939371156
286.0,0.0001247261032945692,-0.00015796445014572887
287.0,0.00012442204739982106,-0.00015796516439814178
288.0,0.0001240819520300922,-0.00015795762277695933
289.0,0.00012378037541765498,-0.00015795572521095099
290.0,0.00012344185039733018,-0.00015794559106478023
291.0,0.00012311571950285368,-0.00015793696475218598
292.0,0.00012278872207926867,-0.00015792891468522814
293.0,0.00012246669502322165,-0.0001579195095251417
294.0,0.00012214384918174807,-0.00015790903348472627
295.0,0.00012181722621010702,-0.00015789813796244142
296.0,0.00012148854304834304,-0.00015788680450882624
297.0,0.0001211591672386598,-0.0001578747044372211
298.0,0.00012082814934582338,-0.0001578622048037998
299.0,0.00012049737007287493,-0.00015784844526573898
300.0,0.00012016475903268147,-0.00015783400752559035
301.0,0.00011983474147145968,-0.00015781841474606697
302.0,0.00011949950502136735,-0.00015780220075684964
303.0,0.00011916818555318941,-0.00015778464391094272
304.0,0.00011883522641564326,-0.00015776620093366293
305.0,0.00011850347354005442,-0.00015774634691137425
306.0,0.00011817316947733209,-0.00015772529682573107
307.0,0.00011784468642327024,-0.00015770252009807934
308.0,0.00011751391016508998,-0.00015767924575755412
309.0,0.00011718559142574702,-0.0001576543377437472
310.0,0.00011685940640337355,-0.00015762830317751347
311.0,0.00011653354629616465,-0.0001576009164339013
312.0,0.00011620837467925353,-0.00015757278901114505
313.0,0.00011588585258053467,-0.00015754323251937342
314.0,0.00011556162872398624,-0.00015751301342628007
315.0,0.00011524060670889765,-0.000157481911695627
316.0,0.00011491930167012935,-0.00015744991141218188
317.0,0.00011460306966850485,-0.00015741680651033496
318.0,0.00011428571516818844,-0.0001573834165332183
319.0,0.00011397447777047369,-0.0001573490698987224
320.0,0.00011366108581842104,-0.00015731495388364309
321.0,0.00011335081210219775,-0.0001572805685327952
322.0,0.00011304229234067301,-0.0001572462146609497
323.0,0.00011275288594350634,-0.00015720969618108162
324.0,0.0001124570811047817,-0.0001571801859459166
325.0,0.00011217405676499155,-0.00015714477706735394
326.0,0.00011189685983419504,-0.00015711377838684764
327.0,0.00011161441621166572,-0.00015708582106955388
328.0,0.00011133784963343129,-0.0001570515526030581
329.0,0.00011106927326480606,-0.00015702134391278768
330.0,0.00011080631782310957,-0.00015699195944796022
331.0,0.00011053809504935554,-0.00015696505060758324
332.0,0.0001102753462473589,-0.0001569318335499401
333.0,0.00011002132899238239,-0.00015690233990749738
334.0,0.00010976979982756906,-0.00015687435040365207
335.0,0.00010952528279683317,-0.00015684671659819743
336.0,0.0001092822323128944,-0.00015681968842479324
337.0,0.00010904443219555291,-0.0001567927463850982
338.0,0.00010880831886072186,-0.00015676644075584355
339.0,0.00010857623790643225,-0.00015674024808473659
340.0,0.00010834670892386461,-0.00015671463461201216
341.0,0.00010812367053032856,-0.00015668886002848654
342.0,0.00010789950478097408,-0.00015666373118996367
343.0,0.0001076819636990185,-0.0001566387917595852
344.0,0.00010746740914890129,-0.0001566142749927353
345.0,0.00010725593481503672,-0.0001565896866894248
346.0,0.00010704502259751028,-0.00015656569299334587
347.0,0.00010684115205090788,-0.00015654155052926842
348.0,0.00010663847290916982,-0.00015651794403370508
349.0,0.0001064404839782755,-0.00015649427581719197
350.0,0.0001062433509558357,-0.0001564711621018949
351.0,0.00010605109582833815,-0.00015644807379593806
352.0,0.00010585940507332875,-0.0001564256265596098
353.0,0.00010567303755166694,-0.0001564031313648573
354.0,0.00010548617874101526,-0.0001563811242865583
355.0,0.00010530550501303242,-0.0001563591286492835
356.0,0.00010512334347724013,-0.00015633764293993783
357.0,0.00010494630046612355,-0.00015631610284641884
358.0,0.0001047714937627648,-0.00015629506392432962
359.0,0.0001045965200451888,-0.00015627367540125897
360.0,0.00010442511959639623,-0.00015625299994904027
361.0,0.00010425677938362788,-0.00015623210582481247
362.0,0.00010408986700842709,-0.00015621123526012305
363.0,0.00010392793445886057,-0.0001561904397996995
364.0,0.00010376271517156775,-0.00015617013744556978
365.0,0.00010360648625801168,-0.00015614959982670871
366.0,0.0001034455150057082,-0.000156129082981122
367.0,0.00010329327948760289,-0.00015610869577195862
368.0,0.00010313946215215178,-0.00015608853488373488
369.0,0.00010298938111941909,-0.0001560682181265858
370.0,0.00010284103493800084,-0.0001560480916308022
371.0,0.00010269801316234002,-0.00015602786356933785
372.0,0.00010255399831612387,-0.0001560078734201337
373.0,0.00010241353638407973,-0.00015598760466534168
374.0,0.00010227336222446779,-0.0001559682690846949
375.0,0.00010214087200948417,-0.0001559485265684595
376.0,0.00010200145039906811,-0.00015592871457598023
377.0,0.00010187296966815116,-0.00015590921809957174
378.0,0.00010174548329842555,-0.00015589012816104452
379.0,0.00010161743232961158,-0.00015587070114700638
380.0,0.00010148895756911791,-0.00015585172837723825
381.0,0.00010136852755992219,-0.00015583280126520337
382.0,0.00010124783753189556,-0.0001558142552886464
383.0,0.00010113115383523687,-0.0001557953354047121
384.0,0.00010101638946217925,-0.00015577687554799076
385.0,0.00010090128630208247,-0.00015575800958577936
386.0,0.00010078728585749282,-0.00015573991797141723
387.0,0.0001006777433486652,-0.0001557220826748434
388.0,0.00010056731787728672,-0.00015570361029496377
389.0,0.00010046187556158062,-0.00015568522131339892
390.0,0.00010035672554045902,-0.00015566733292982527
391.0,0.00010025513514284645,-0.00015564926866015844
392.0,0.00010015248423648152,-0.00015563149161615595
393.0,0.0001000517375207636,-0.0001556134295292553
394.0,9.995443177870703e-05,-0.00015559603275132377
395.0,9.986002518947202e-05,-0.00015557805372283677
396.0,9.976743100794114e-05,-0.00015556056482939951
397.0,9.967304440878675e-05,-0.00015554287040910725
398.0,9.957862703141067e-05,-0.0001555257702307107
399.0,9.948851732429155e-05,-0.00015550869483272177
400.0,9.940181931014399e-05,-0.0001554917948375652
401.0,9.931493859710284e-05,-0.00015547434814041958
402.0,9.92469987071275e-05,-0.0001554629095741286
403.0,9.917054044182965e-05,-0.00015544779733149577
404.0,9.90863415719953e-05,-0.00015543116829068438
405.0,9.899749249118286e-05,-0.00015541025939810134
406.0,9.892662025637922e-05,-0.00015539701040302872
407.0,9.885676796888791e-05,-0.00015538226954510596
408.0,9.878196245665814e-05,-0.00015536615154441698
409.0,9.871797219873379e-05,-0.00015535075988922027
410.0,9.864130485039454e-05,-0.00015533394380569848
411.0,9.85750059598322e-05,-0.00015531873666823265
412.0,9.850488329098322e-05,-0.00015530367174584246
413.0,9.844087029520423e-05,-0.00015528850799547813
414.0,9.837398115736379e-05,-0.00015527353084387172
415.0,9.831026231232071e-05,-0.00015525882881560127
416.0,9.824676829509369e-05,-0.0001552443563986054
417.0,9.818750735921172e-05,-0.00015522983090848324
418.0,9.812729866789314e-05,-0.00015521575884409381
419.0,9.807022342811636e-05,-0.0001552016403959239
420.0,9.80122058043135e-05,-0.0001551879086811946
421.0,9.79587496568115e-05,-0.0001551742806386079
422.0,9.79058763664646e-05,-0.00015516070633045165
423.0,9.785226938301616e-05,-0.00015514738772040004
424.0,9.779984331087122e-05,-0.00015513490491555072
425.0,9.774929060878721e-05,-0.00015512210812996613
426.0,9.769699469679614e-05,-0.0001551100305288285
427.0,9.765052828837294e-05,-0.00015509735244271405
428.0,9.760455917483076e-05,-0.0001550852868860985
429.0,9.755819785373923e-05,-0.00015507280838666292
430.0,9.75180456043985e-05,-0.00015506210301937992
431.0,9.747208723860346e-05,-0.0001550493028047252
432.0,9.743079916844811e-05,-0.00015503797588553497
433.0,9.739376938447922e-05,-0.00015502658667426868
434.0,9.73535288920852e-05,-0.0001550154743598358
435.0,9.731821873189568e-05,-0.00015500478374241
436.0,9.72786276875661e-05,-0.00015499350371107125
437.0,9.724645834145523e-05,-0.00015498355340745366
438.0,9.721056988074553e-05,-0.00015497336358918508
439.0,9.717932728915659e-05,-0.00015496325144409462
440.0,9.714386463588333e-05,-0.0001549529391435112
441.0,9.711355039979619e-05,-0.00015494412176488768
442.0,9.708547218673875e-05,-0.00015493529435108933
443.0,9.705509744937703e-05,-0.00015492494199304763
444.0,9.7030351674385e-05,-0.0001549171415383465
445.0,9.700221989204942e-05,-0.00015490799738760813
446.0,9.697390283545944e-05,-0.00015489902694944586
447.0,9.695600612809762e-05,-0.00015489159055886404
448.0,9.692805819834635e-05,-0.00015488223938293127
449.0,9.691000146295075e-05,-0.00015487529217475123
450.0,9.688756708314902e-05,-0.0001548675246881429
451.0,9.686751732784818e-05,-0.00015485982685119732
452.0,9.684714120517092e-05,-0.00015485282163785693
453.0,9.682580113006713e-05,-0.00015484496434337055
454.0,9.681157656898906e-05,-0.00015483936422792626
455.0,9.679580368601914e-05,-0.00015483237772995572
456.0,9.677917233401215e-05,-0.00015482595371972058
457.0,9.676478856657239e-05,-0.00015481963450075814
458.0,9.675040152623723e-05,-0.00015481375402241426
459.0,9.673841104927912e-05,-0.00015480786972191742
460.0,9.67247511326095e-05,-0.00015480178562895123
461.0,9.671646519985582e-05,-0.0001547971392112033
462.0,9.670481371486228e-05,-0.0001547914588351706
463.0,9.669521071559749e-05,-0.00015478605808211674
464.0,9.668625014077538e-05,-0.00015478124305724577
465.0,9.667882462385027e-05,-0.00015477642687856098
466.0,9.667116292446741e-05,-0.00015477184200371938
467.0,9.666536882176584e-05,-0.00015476730682842803
468.0,9.665902062043317e-05,-0.0001547631605970904
469.0,9.665465996611775e-05,-0.00015475923081337522
470.0,9.664947017567162e-05,-0.0001547552411284528
471.0,9.664667645008207e-05,-0.00015475130946025203
472.0,9.664496028540435e-05,-0.0001547477006448985
473.0,9.664282070835604e-05,-0.00015474407619409512
474.0,9.664000872962584e-05,-0.0001547410280421099
475.0,9.663919061710345e-05,-0.00015473777990342613
476.0,9.663899989853236e-05,-0.0001547347166940542
477.0,9.663904165011622e-05,-0.00015473201518105523
478.0,9.663881638683362e-05,-0.00015472946031109508
479.0,9.664003749997254e-05,-0.00015472694157701335
480.0,9.664080477916818e-05,-0.00015472469698587257
481.0,9.664253842457534e-05,-0.00015472260644160233
482.0,9.664192919213937e-05,-0.00015472145310404525
483.0,9.66462711933155e-05,-0.00015471903699003134
484.0,9.665080326183337e-05,-0.00015471689764336472
485.0,9.665413941811288e-05,-0.00015471526922120797
486.0,9.665734395118927e-05,-0.00015471382764522013
487.0,9.666231743103207e-05,-0.0001547122677027265
488.0,9.666665169922926e-05,-0.0001547109810753875
489.0,9.66726660888755e-05,-0.00015470955136587827
490.0,9.667824084058989e-05,-0.00015470834056191565
491.0,9.668499308785572e-05,-0.00015470711025872963
492.0,9.669089033405316e-05,-0.00015470615845245562
493.0,9.669794945417966e-05,-0.0001547051153931459
494.0,9.670455306056557e-05,-0.00015470429007863212
495.0,9.671208663525574e-05,-0.00015470339165532618
496.0,9.671998363138504e-05,-0.0001547026039472833
497.0,9.673027355149476e-05,-0.00015470157561933278
498.0,9.673845940182604e-05,-0.00015470097662344636
499.0,9.674765577487075e-05,-0.0001547002619964486
500.0,9.67563189664555e-05,-0.00015469974520113025
501.0,9.67667167157596e-05,-0.00015469904239667832
502.0,9.677566538815864e-05,-0.00015469863153257308
503.0,9.678587870162919e-05,-0.00015469814380457796
504.0,9.67951838979536e-05,-0.00015469785426434917
505.0,9.680620694564958e-05,-0.0001546973208832453
506.0,9.681635292437096e-05,-0.00015469680899915078
507.0,9.682714799352249e-05,-0.0001546966315638486
508.0,9.68372779319037e-05,-0.00015469675043211314
509.0,9.68457193459084e-05,-0.00015469716168698902
510.0,9.685591675893975e-05,-0.0001546971915705373
511.0,9.686778684221365e-05,-0.0001546971894247672
512.0,9.687760274322625e-05,-0.0001546975933313054
513.0,9.688816945255385e-05,-0.00015469789261998978
514.0,9.689832779872139e-05,-0.00015469828931692539
515.0,9.690972531412479e-05,-0.00015469862516000584
516.0,9.692036603502643e-05,-0.00015469915337091363
517.0,9.693228313784679e-05,-0.00015469927170504787
518.0,9.694239850583358e-05,-0.0001547001641789287
519.0,9.695466329615581e-05,-0.000154700918361626
520.0,9.696541545707712e-05,-0.0001547018080908634
521.0,9.69768467300026e-05,-0.00015470251310351624
522.0,9.698715858107313e-05,-0.00015470353162520492
523.0,9.699729826523439e-05,-0.0001547046784029023
524.0,9.700954428911721e-05,-0.00015470553687742583
525.0,9.702339590760586e-05,-0.00015470633742078105
526.0,9.703474777784243e-05,-0.00015470737580009218
527.0,9.70478004798033e-05,-0.00015470816899973422
528.0,9.705993058387853e-05,-0.00015470901571645496
529.0,9.707192294260371e-05,-0.0001547102257458131
530.0,9.708400553255284e-05,-0.00015471153444128767
531.0,9.709674357547232e-05,-0.0001547126346016671
532.0,9.710838243193685e-05,-0.00015471390579472222
533.0,9.712124260351006e-05,-0.00015471503461778077
534.0,9.713180241926477e-05,-0.00015471675420973216
535.0,9.714539471251629e-05,-0.00015471763360088965
536.0,9.716268360320089e-05,-0.00015471889962143643
537.0,9.717226395032504e-05,-0.00015472003537662726
538.0,9.718359503343934e-05,-0.00015472158343183198
539.0,9.719715048445008e-05,-0.0001547230174097589
540.0,9.720998684033976e-05,-0.0001547244824389215
541.0,9.72237473330262e-05,-0.00015472577718457817
542.0,9.723520415167865e-05,-0.00015472741601649467
543.0,9.724818605190695e-05,-0.0001547288313831031
544.0,9.726001138459228e-05,-0.0001547299729697941
545.0,9.72774362058547e-05,-0.00015473182249182488
546.0,9.728624685802778e-05,-0.0001547333093902694
547.0,9.729614657353712e-05,-0.00015473514202129734
548.0,9.731269391301847e-05,-0.00015473710209904572
549.0,9.732282800310986e-05,-0.00015473844172783115
550.0,9.733366208099734e-05,-0.0001547404274669552
551.0,9.73463519753101e-05,-0.00015474225190104885
552.0,9.735831836269397e-05,-0.0001547440963453736
553.0,9.737088540224705e-05,-0.00015474580338410745
554.0,9.738259020725851e-05,-0.00015474760360429534
555.0,9.739548156985993e-05,-0.00015474926620385288
556.0,9.740631564971787e-05,-0.00015475119932305208
557.0,9.741874165329158e-05,-0.00015475291123832592
558.0,9.743016884248694e-05,-0.0001547545772276453
559.0,9.744279387593386e-05,-0.00015475629420212708
560.0,9.745351859359763e-05,-0.00015475843828659857
561.0,9.746441839934311e-05,-0.00015476048786007093
562.0,9.74754670696131e-05,-0.00015476235417830213
563.0,9.74880149358316e-05,-0.00015476392573292668
564.0,9.749866382025257e-05,-0.00015476584334847443
565.0,9.751002471705981e-05,-0.00015476762946392352
566.0,9.75207157954277e-05,-0.00015476968738000203
567.0,9.752977659946974e-05,-0.00015477173343422646
568.0,9.754103711040734e-05,-0.00015477344331009382
569.0,9.755387891159893e-05,-0.0001547746585258338
570.0,9.756438211572116e-05,-0.0001547766075810756
571.0,9.757496621218247e-05,-0.00015477874179454216
572.0,9.758489677389358e-05,-0.000154780860693962
573.0,9.759541135334709e-05,-0.00015478262086131612
574.0,9.760449198884956e-05,-0.00015478452445536617
575.0,9.761472879583724e-05,-0.0001547863892359496
576.0,9.76222604178246e-05,-0.000154788670927178
577.0,9.763311451042316e-05,-0.00015479036402303066
578.0,9.764337002572237e-05,-0.0001547923389431263
579.0,9.765378659368248e-05,-0.0001547941595435057
580.0,9.76630689536304e-05,-0.0001547959251238424
581.0,9.767260038072187e-05,-0.00015479793935222662
582.0,9.768127878703383e-05,-0.0001548000474557406
583.0,9.769115162972704e-05,-0.00015480181219441753
584.0,9.770008701744164e-05,-0.00015480379110314834
585.0,9.771008485183315e-05,-0.000154805592329166
586.0,9.77192719845148e-05,-0.00015480699509168728
587.0,9.772647008644039e-05,-0.00015480933356027012
588.0,9.773596836388953e-05,-0.00015481129115234727
589.0,9.77466208896776e-05,-0.00015481308831804996
590.0,9.775522668539606e-05,-0.00015481494276055351
591.0,9.776463763013366e-05,-0.00015481651402614652
592.0,9.77730232531928e-05,-0.0001548183274886032
593.0,9.778222358681533e-05,-0.0001548199699322577
594.0,9.779047386057549e-05,-0.0001548217391705775
595.0,9.779965655090754e-05,-0.00015482332129450712
596.0,9.780735792306352e-05,-0.0001548251432128703
597.0,9.78156251120378e-05,-0.00015482690834694234
598.0,9.782345198820564e-05,-0.00015482839801084057
599.0,9.783305249782363e-05,-0.0001548295658439071
600.0,9.783851867256289e-05,-0.00015483155832093424
601.0,9.784773506130387e-05,-0.00015483308848855543
602.0,9.785583034346651e-05,-0.0001548349545663124
603.0,9.786335100785522e-05,-0.00015483676711311716
604.0,9.786944394994691e-05,-0.0001548385723323945
605.0,9.787691031796631e-05,-0.00015484002994847632
606.0,9.788344297385169e-05,-0.00015484170830140854
607.0,9.789059284047135e-05,-0.00015484330281207356
608.0,9.78968497307807e-05,-0.00015484498283213966
609.0,9.790396005960216e-05,-0.00015484647194109735
610.0,9.790977304893979e-05,-0.00015484810858562318
611.0,9.791686611377985e-05,-0.00015484943616757432
612.0,9.792376423050638e-05,-0.00015485052579564468
613.0,9.792996498110287e-05,-0.00015485210902945541
614.0,9.793576866899392e-05,-0.00015485383312567418
615.0,9.794295196801358e-05,-0.00015485514943770775
616.0,9.794846690022449e-05,-0.00015485661059616007
617.0,9.79549345277569e-05,-0.00015485782242676273
618.0,9.796029139054813e-05,-0.00015485931009518727
619.0,9.796532827608924e-05,-0.00015486083315725726
620.0,9.797117658649047e-05,-0.00015486223642847404
621.0,9.797774009153328e-05,-0.000154863436318606
622.0,9.798117914303361e-05,-0.0001548646399453376
623.0,9.798790775392567e-05,-0.0001548663203238028
624.0,9.799338542714846e-05,-0.00015486747231100456
625.0,9.799782927625828e-05,-0.00015486902321027956
626.0,9.800370693434418e-05,-0.00015487028202584827
627.0,9.800880946104407e-05,-0.0001548711285067193
628.0,9.801497451914964e-05,-0.00015487274433403797
629.0,9.802019720111087e-05,-0.00015487397832526635
630.0,9.802432340104158e-05,-0.00015487529505350532
631.0,9.802785682266821e-05,-0.00015487671133114112
632.0,9.803318319787714e-05,-0.00015487779973371777
633.0,9.803933521267678e-05,-0.00015487886398713176
634.0,9.804278776265392e-05,-0.00015487985955740444
635.0,9.804902709341636e-05,-0.00015488117247736393
636.0,9.805258663022618e-05,-0.00015488266177361406
637.0,9.805652455295691e-05,-0.00015488335287575726
638.0,9.806297795098047e-05,-0.00015488417112634036
639.0,9.80691698198334e-05,-0.00015488566600205524
640.0,9.807383984453807e-05,-0.00015488660273013218
641.0,9.807729488514723e-05,-0.0001548871609795092
642.0,9.808372107538042e-05,-0.00015488873611118795
643.0,9.808641259343158e-05,-0.00015488924343089652
644.0,9.808694543302075e-05,-0.00015489021657000995
645.0,9.809203740113543e-05,-0.00015489112187689087
646.0,9.809463985544639e-05,-0.0001548918476605058
647.0,9.809782447331875e-05,-0.00015489269596574386
648.0,9.810181660276391e-05,-0.00015489413536127786
649.0,9.810505945590863e-05,-0.00015489474162226087
650.0,9.810900692047921e-05,-0.0001548958118135387
651.0,9.81131265322547e-05,-0.00015489603950795614
652.0,9.811466905416602e-05,-0.00015489664590998656
653.0,9.811887523116793e-05,-0.00015489772427276387
654.0,9.812038202019438e-05,-0.00015489841924561738
655.0,9.81234711221315e-05,-0.0001548991427932844
656.0,9.812554645013459e-05,-0.000154899755255728
657.0,9.812973069617568e-05,-0.00015490032936715554
658.0,9.813230778505462e-05,-0.0001549015324435711
659.0,9.813169432898752e-05,-0.00015490188756158647
660.0,9.813231721162394e-05,-0.0001549021382513527
661.0,9.81343667879894e-05,-0.00015490290707985584
662.0,9.813708438772634e-05,-0.00015490416325020795
663.0,9.813977561513808e-05,-0.00015490442222939856
664.0,9.814159361001555e-05,-0.00015490544105630454
665.0,9.814364617060744e-05,-0.00015490638845542571
666.0,9.814446753435044e-05,-0.00015490697002155457
667.0,9.814517337138797e-05,-0.00015490704174761987
668.0,9.8145690076056e-05,-0.00015490693128901683
669.0,9.81487055959743e-05,-0.00015490767915926542
670.0,9.814990204023058e-05,-0.00015490822002512986
671.0,9.81516010276261e-05,-0.00015490849953943286
672.0,9.81529595393182e-05,-0.00015490878041102797
673.0,9.815333736760548e-05,-0.0001549093776912232
674.0,9.815357311262629e-05,-0.00015491009795086746
675.0,9.815428612008308e-05,-0.00015491076621027054
676.0,9.815377591391539e-05,-0.00015491166292250978
677.0,9.815616096797152e-05,-0.000154911855188598
678.0,9.815861967793782e-05,-0.00015491206975173482
679.0,9.81622434588668e-05,-0.00015491300715036498
680.0,9.816352607130649e-05,-0.0001549137809062777
681.0,9.816331348285815e-05,-0.00015491395859361536
682.0,9.816514796339451e-05,-0.00015491464133234213
683.0,9.816695050610717e-05,-0.0001549147248948268
684.0,9.816675315701647e-05,-0.00015491499756023857
685.0,9.816881251857075e-05,-0.00015491563579504597
686.0,9.816943995390125e-05,-0.0001549160664080978
687.0,9.816969910573995e-05,-0.00015491647250665113
688.0,9.817221072685854e-05,-0.00015491634116378565
689.0,9.81758271048567e-05,-0.00015491598042006053
690.0,9.817637180746022e-05,-0.00015491646889260086
691.0,9.817690124410519e-05,-0.00015491697895232836
692.0,9.817724309615866e-05,-0.0001549174759408938
693.0,9.817826699518182e-05,-0.00015491782216829915
694.0,9.817919951520161e-05,-0.00015491816723264164
695.0,9.818106233554428e-05,-0.0001549182495603836
696.0,9.81822191750075e-05,-0.00015491851860249608
697.0,9.818377581903887e-05,-0.00015491872910763018
698.0,9.818489945467275e-05,-0.0001549190297119861
699.0,9.818640248903204e-05,-0.000154919235403011
700.0,9.818606155126118e-05,-0.00015491980566222622
701.0,9.818800885801949e-05,-0.00015491978645434666
702.0,9.818981259974288e-05,-0.00015491986718663457
703.0,9.819095411709011e-05,-0.00015492008010344776
704.0,9.81921021999325e-05,-0.00015492023935288586
705.0,9.819413598915889e-05,-0.00015492018216857505
706.0,9.819392900364738e-05,-0.00015492067970051979
707.0,9.819459914523835e-05,-0.00015492109517988055
708.0,9.81947548363409e-05,-0.00015492144639712632
709.0,9.819604701131003e-05,-0.00015492153941209824
710.0,9.819663463199596e-05,-0.00015492182208956233
711.0,9.819837001237265e-05,-0.00015492181021152247
712.0,9.819864865478628e-05,-0.0001549221196602433
713.0,9.81980394322025e-05,-0.0001549226262747149
714.0,9.819905189382565e-05,-0.0001549227911198035
715.0,9.820064511507403e-05,-0.0001549227786798863
716.0,9.820152136730259e-05,-0.00015492290519245682
717.0,9.82029627900462e-05,-0.0001549228501631651
718.0,9.820159113357067e-05,-0.00015492352082037376
719.0,9.820091352993582e-05,-0.00015492401583890028
720.0,9.820063174566083e-05,-0.00015492444745315737
721.0,9.82014858058457e-05,-0.0001549246082124962
722.0,9.820182560568934e-05,-0.0001549249071173467
723.0,9.820243155242207e-05,-0.00015492515410750932
724.0,9.820164806145823e-05,-0.0001549257366794679
725.0,9.820352389259461e-05,-0.00015492566811656366
726.0,9.820495722373978e-05,-0.00015492575574861233
727.0,9.820593378794657e-05,-0.0001549259496540874
728.0,9.820659929999643e-05,-0.00015492616716072135
729.0,9.820778179750154e-05,-0.00015492626851829947
730.0,9.820632414230016e-05,-0.00015492703332579594
731.0,9.820543826448818e-05,-0.00015492762716535978
732.0,9.820473953284551e-05,-0.00015492814942684249
733.0,9.820474176239465e-05,-0.00015492847090158737
734.0,9.820439295568475e-05,-0.00015492888017717532
735.0,9.820494696663135e-05,-0.00015492907462140516
736.0,9.82045540004639e-05,-0.00015492947170679916
737.0,9.820517008115272e-05,-0.00015492965052714045
738.0,9.820437776361756e-05,-0.00015493021103096338
739.0,9.820323547582959e-05,-0.00015493082520678592
740.0,9.820400327522052e-05,-0.00015493097673330148
741.0,9.820511849906001e-05,-0.00015493110245045721
742.0,9.820585861775576e-05,-0.00015493136890284715
743.0,9.820784119631676e-05,-0.00015493131041673832
744.0,9.820908711331323e-05,-0.00015493140361437816
745.0,9.820950844884353e-05,-0.0001549317004197036
746.0,9.820970174376064e-05,-0.00015493204330821673
747.0,9.821117109547444e-05,-0.00015493205414805536
748.0,9.821257919813292e-05,-0.00015493202773288547
749.0,9.821455268608408e-05,-0.00015493185292430185
750.0,9.82159711926485e-05,-0.00015493180074370496
751.0,9.821765914953922e-05,-0.0001549316190723566
752.0,9.821817860789256e-05,-0.00015493172241153491
753.0,9.821910877915179e-05,-0.0001549317177847181
754.0,9.821922305265949e-05,-0.0001549318827084233
755.0,9.821971703326592e-05,-0.00015493193699779427
756.0,9.821967934570781e-05,-0.00015493210235389062
757.0,9.821979284778954e-05,-0.00015493219892510654
758.0,9.821884558791777e-05,-0.00015493256507718967
759.0,9.822048140015607e-05,-0.00015493232619840803
760.0,9.822158767328672e-05,-0.00015493215916361657
761.0,9.822252877652893e-05,-0.00015493204276021292
762.0,9.822241717493343e-05,-0.0001549322118020394
763.0,9.82218215986092e-05,-0.0001549324764924931
764.0,9.822181173460294e-05,-0.00015493258726556245
765.0,9.822381013872651e-05,-0.00015493220615783162
766.0,9.822366008504344e-05,-0.00015493238030511107
767.0,9.822417737000509e-05,-0.00015493240867413413
768.0,9.822404599113612e-05,-0.00015493258514753938
769.0,9.822398817261116e-05,-0.0001549327103074423
770.0,9.822545038149181e-05,-0.00015493245831587802
771.0,9.822741315420801e-05,-0.00015493208747917176
772.0,9.822770924779455e-05,-0.00015493206784352554
773.0,9.822791171509464e-05,-0.0001549320712402241
774.0,9.822685356988111e-05,-0.0001549323916143369
775.0,9.822610419899968e-05,-0.00015493263723795843
776.0,9.82252661466428e-05,-0.00015493289562521246
777.0,9.822551077045149e-05,-0.0001549329069298138
778.0,9.822616801947492e-05,-0.00015493277761248126
779.0,9.822565100446312e-05,-0.0001549329411349616
780.0,9.822378456639865e-05,-0.00015493343284234283
781.0,9.82221839767021e-05,-0.00015493384567879926
782.0,9.822272851477415e-05,-0.00015493373688501785
783.0,9.822424117668728e-05,-0.00015493338841704004
784.0,9.822437594175177e-05,-0.00015493330805702474
785.0,9.822461190746147e-05,-0.00015493324280064128
786.0,9.822382742832362e-05,-0.0001549334413398699
787.0,9.822388003701387e-05,-0.00015493338801933262
788.0,9.822392932059213e-05,-0.00015493335216323675
789.0,9.822343931238614e-05,-0.00015493347169280542
790.0,9.822229299406984e-05,-0.00015493372197792748
791.0,9.822224627994107e-05,-0.00015493371975354081
792.0,9.822269155135153e-05,-0.00015493357758702246
793.0,9.822328286660632e-05,-0.0001549333815542753
794.0,9.822139877539918e-05,-0.00015493385696952708
795.0,9.822257130446487e-05,-0.0001549336136882171
796.0,9.822264216136969e-05,-0.00015493356096192866
797.0,9.822370593119485e-05,-0.00015493328245576765
798.0,9.822522244432656e-05,-0.00015493291632449476
799.0,9.822470473867668e-05,-0.00015493304263358707
800.0,9.822373744044859e-05,-0.00015493326391844125
801.0,9.822411415642436e-05,-0.00015493315209329713
802.0,9.822443119476811e-05,-0.00015493301009788542
803.0,9.82250786842184e-05,-0.00015493280951693806
804.0,9.822518865724796e-05,-0.00015493271652971315
805.0,9.822535987440673e-05,-0.0001549325747932737
806.0,9.822478300934969e-05,-0.00015493262822017457
807.0,9.822499391504506e-05,-0.00015493253123044102
808.0,9.822475489023234e-05,-0.0001549325111577791
809.0,9.82241514439838e-05,-0.00015493258670368513
810.0,9.822367347613147e-05,-0.00015493265264680754
811.0,9.822207175441903e-05,-0.0001549329926704401
812.0,9.822034600947794e-05,-0.0001549333779749088
813.0,9.822227938918943e-05,-0.00015493288341189598
814.0,9.82214965425584e-05,-0.00015493304367641286
815.0,9.822061669526804e-05,-0.00015493322686922314
816.0,9.821954820526169e-05,-0.00015493346627519836
817.0,9.821973108247981e-05,-0.00015493338703200093
818.0,9.82194160736859e-05,-0.00015493344602449298
819.0,9.821960455285564e-05,-0.0001549333765551859
820.0,9.821927416677349e-05,-0.00015493338081435455
821.0,9.821942548252128e-05,-0.0001549332828881588
822.0,9.821903251044249e-05,-0.000154933289700054
823.0,9.821930742676027e-05,-0.00015493320755266774
824.0,9.821904667098605e-05,-0.0001549332594650434
825.0,9.821949071678486e-05,-0.000154933154530411
826.0,9.821956138452776e-05,-0.00015493311952291167
827.0,9.822020188779464e-05,-0.00015493293215186152
828.0,9.822022122270505e-05,-0.00015493283795301642
829.0,9.822057892790723e-05,-0.00015493265174965364
830.0,9.822024345415746e-05,-0.00015493266798628907
831.0,9.821985966923992e-05,-0.0001549326994861017
832.0,9.821913083523531e-05,-0.00015493274252867764
833.0,9.821878998514891e-05,-0.00015493267033784964
834.0,9.821732369549379e-05,-0.00015493289443440253
835.0,9.821566053654932e-05,-0.00015493314919604503
836.0,9.821573381413566e-05,-0.00015493294989146089
837.0,9.821704117723111e-05,-0.00015493247450395616
838.0,9.821769975728455e-05,-0.00015493218475100013
839.0,9.82168309513364e-05,-0.00015493229936472047
840.0,9.821505061347526e-05,-0.0001549326085475323
841.0,9.821450260743459e-05,-0.00015493268728665875
842.0,9.82143671931112e-05,-0.0001549326860195445
843.0,9.821565236908908e-05,-0.00015493234419929194
844.0,9.821627867043324e-05,-0.0001549321133070296
845.0,9.821745168521157e-05,-0.00015493177106594712
846.0,9.821823619292076e-05,-0.00015493152250576521
847.0,9.821966783934252e-05,-0.00015493108242635255
848.0,9.821892898468193e-05,-0.0001549311450583297
849.0,9.821858832572788e-05,-0.00015493111386142213
850.0,9.821717818760825e-05,-0.00015493134098471325
851.0,9.821642534777296e-05,-0.0001549313717677277
852.0,9.821687223395634e-05,-0.00015493111157922914
853.0,9.821746219453587e-05,-0.00015493082259394086
854.0,9.821658490290195e-05,-0.0001549309156528456
855.0,9.8216436207835e-05,-0.00015493086122242723
856.0,9.821572951168704e-05,-0.00015493089698834532
857.0,9.821314521790621e-05,-0.00015493138531752598
858.0,9.821245157294593e-05,-0.00015493143809468398
859.0,9.821311169782178e-05,-0.00015493118372612437
860.0,9.821304711872838e-05,-0.0001549311012249635
861.0,9.821293702156132e-05,-0.00015493104591126478
862.0,9.821214513259615e-05,-0.00015493117114747203
863.0,9.821155907643699e-05,-0.00015493124932934566
864.0,9.821067398384405e-05,-0.0001549313902819316
865.0,9.821039668920915e-05,-0.0001549313808456301
866.0,9.820977836320766e-05,-0.0001549315392857799
867.0,9.821037420751127e-05,-0.00015493142556227669
868.0,9.82107569244521e-05,-0.00015493133103740403
869.0,9.820871970371015e-05,-0.0001549318723657189
870.0,9.820857689926381e-05,-0.0001549319825977212
871.0,9.820957119641597e-05,-0.00015493180602026464
872.0,9.8209852349166e-05,-0.00015493187801223895
873.0,9.82104887115601e-05,-0.00015493185136584384
874.0,9.821047440224855e-05,-0.00015493196910341698
875.0,9.821047995986536e-05,-0.00015493207281486792
876.0,9.82102534236806e-05,-0.00015493222846644147
877.0,9.821074292844001e-05,-0.00015493221571205796
878.0,9.82111367487918e-05,-0.00015493222752304257
879.0,9.821095218882071e-05,-0.00015493236251001762
880.0,9.821103985552128e-05,-0.00015493237356489572
881.0,9.821288368577993e-05,-0.00015493193977943374
882.0,9.821218762801988e-05,-0.00015493213517399926
883.0,9.821283130566034e-05,-0.00015493200567399885
884.0,9.821236384319142e-05,-0.00015493211222489554
885.0,9.821112353504309e-05,-0.0001549324509975996
886.0,9.821139283561618e-05,-0.00015493237959756187
887.0,9.82124979855979e-05,-0.00015493210513321785
888.0,9.821236588259344e-05,-0.00015493211958479447
889.0,9.821231559704809e-05,-0.00015493212332139415
890.0,9.821160595214157e-05,-0.00015493230522396772
891.0,9.821130070095036e-05,-0.0001549324133795675
892.0,9.82108836274747e-05,-0.000154932504447623
893.0,9.821214361141898e-05,-0.0001549322130414066
894.0,9.821357220957514e-05,-0.00015493188410039914
895.0,9.821360032967771e-05,-0.00015493183872013617
896.0,9.821336671174336e-05,-0.00015493184537479818
897.0,9.821387004601294e-05,-0.00015493171317639934
898.0,9.821340585643943e-05,-0.00015493179549720454
899.0,9.821561570418762e-05,-0.0001549312072417299
900.0,9.821773791085095e-05,-0.0001549306376206963
901.0,9.821918876903083e-05,-0.0001549302275473813
902.0,9.821966333590937e-05,-0.00015493006486656084
903.0,9.822005251391224e-05,-0.0001549298692407701
904.0,9.821952862010582e-05,-0.00015492983819647118
905.0,9.822048694890591e-05,-0.00015492942469177382
906.0,9.822170365417786e-05,-0.00015492897020240505
907.0,9.822132222491745e-05,-0.00015492888921345718
908.0,9.82202896569579e-05,-0.0001549289552698799
909.0,9.822030191307437e-05,-0.000154928773767326
910.0,9.822057836731799e-05,-0.00015492851582171214
911.0,9.822090874650362e-05,-0.00015492825923339037
912.0,9.821972982731161e-05,-0.00015492839673840816
913.0,9.822114208660638e-05,-0.0001549279121157679
914.0,9.822231497724722e-05,-0.0001549275269361608
915.0,9.822340008985781e-05,-0.00015492717337891573
916.0,9.822335127819914e-05,-0.00015492710439749387
917.0,9.822367886921681e-05,-0.00015492695715326949
918.0,9.822320192106545e-05,-0.0001549270170359787
919.0,9.822389593646784e-05,-0.00015492678196316425
920.0,9.822441514162007e-05,-0.00015492655767238215
921.0,9.822605292133943e-05,-0.0001549260924541629
922.0,9.822728714083827e-05,-0.00015492574875173695
923.0,9.822941037409913e-05,-0.0001549251588152549
924.0,9.822952986236764e-05,-0.00015492509502715166
925.0,9.822868241201278e-05,-0.0001549252400608628
926.0,9.822988067104128e-05,-0.00015492488408962637
927.0,9.823223504539752e-05,-0.00015492423248306415
928.0,9.82328832786877e-05,-0.00015492398814505488
929.0,9.823411467356548e-05,-0.00015492356537747496
930.0,9.823474524977211e-05,-0.0001549233342100546
931.0,9.823361870774403e-05,-0.00015492349561219956
932.0,9.823237205774509e-05,-0.00015492368939974978
933.0,9.823260858699973e-05,-0.0001549235473789033
934.0,9.823284520295354e-05,-0.00015492340211165466
935.0,9.823337217852302e-05,-0.00015492317597107073
936.0,9.823324249127399e-05,-0.00015492315593771712
937.0,9.823308090462474e-05,-0.00015492311190549716
938.0,9.823404380877893e-05,-0.00015492277767174432
939.0,9.823540772931983e-05,-0.00015492228932175334
940.0,9.823530633951267e-05,-0.00015492214114106684
941.0,9.8235659844729e-05,-0.00015492186723166336
942.0,9.823600942976143e-05,-0.0001549216162459288
943.0,9.823491770337993e-05,-0.00015492169938527132
944.0,9.82327641135708e-05,-0.00015492202512843388
945.0,9.823161426521709e-05,-0.00015492213670385477
946.0,9.823202614068065e-05,-0.00015492184502016805
947.0,9.823282596163888e-05,-0.00015492145652016672
948.0,9.823241645464028e-05,-0.00015492138224831167
949.0,9.823148054546929e-05,-0.00015492140106773287
950.0,9.822983758547176e-05,-0.00015492161293015905
951.0,9.822848094470933e-05,-0.00015492176123339495
952.0,9.822736868145102e-05,-0.00015492186033883934
953.0,9.822668486010307e-05,-0.00015492186641775056
954.0,9.822506966257383e-05,-0.00015492212366737646
955.0,9.822501719378459e-05,-0.0001549219807123801
956.0,9.822444427058623e-05,-0.00015492198237720172
957.0,9.8224165670537e-05,-0.00015492188914025356
958.0,9.822350543137583e-05,-0.000154921886504286
959.0,9.822331007242626e-05,-0.0001549217845015895
960.0,9.822288853689664e-05,-0.0001549217731854269
961.0,9.822247776684809e-05,-0.0001549217395860892
962.0,9.822159148312614e-05,-0.00015492182131958236
963.0,9.822040963389472e-05,-0.00015492194546440653
964.0,9.821959002088475e-05,-0.00015492198105228116
965.0,9.822189634811176e-05,-0.0001549212881257709
966.0,9.822157272259803e-05,-0.000154921250436059
967.0,9.822112095564289e-05,-0.00015492123394970033
968.0,9.821991997741169e-05,-0.00015492141938770762
969.0,9.821922528614952e-05,-0.00015492148383249051
970.0,9.82197918743938e-05,-0.00015492122030741194
971.0,9.822062988734194e-05,-0.00015492090106399053
972.0,9.822037128919595e-05,-0.00015492084035118272
973.0,9.821957998150963e-05,-0.00015492090146401017
974.0,9.821805696495146e-05,-0.0001549211758034926
975.0,9.821693503965666e-05,-0.0001549213255865699
976.0,9.821541904277937e-05,-0.00015492155992177586
977.0,9.821473999974049e-05,-0.00015492162776556962
978.0,9.821354049933683e-05,-0.00015492183975516967
979.0,9.821326797020316e-05,-0.00015492181225555346
980.0,9.821273505278173e-05,-0.00015492185763119192
981.0,9.82125009205634e-05,-0.00015492184477506932
982.0,9.821192316486896e-05,-0.00015492193679346054
983.0,9.821125891980992e-05,-0.00015492208206070919
984.0,9.821015529002015e-05,-0.00015492229433934076
985.0,9.820963723264733e-05,-0.00015492232017413535
986.0,9.820874145043513e-05,-0.0001549224175430783
987.0,9.82084103362766e-05,-0.00015492238881103162
988.0,9.820763508075307e-05,-0.0001549224717584572
989.0,9.820793147187553e-05,-0.0001549223252148453
990.0,9.820842473031691e-05,-0.00015492214400825965
991.0,9.820758314398174e-05,-0.00015492224831164717
992.0,9.820628159268942e-05,-0.00015492246646108725
993.0,9.820592901751926e-05,-0.0001549224160308653
994.0,9.820547180329176e-05,-0.00015492236674058375
995.0,9.820563005596206e-05,-0.00015492217878915827
996.0,9.820591870129775e-05,-0.00015492196120159545
997.0,9.820537235337959e-05,-0.00015492193752182
998.0,9.82036361000994e-05,-0.0001549222547952025
999.0,9.820497592022867e-05,-0.00015492181656790393
1000.0,9.820426615118465e-05,-0.00015492190301839167
1001.0,9.820310266346789e-05,-0.00015492205912085444
1002.0,9.820195599145819e-05,-0.00015492223580698688
1003.0,9.820157287550393e-05,-0.0001549221925054387
1004.0,9.82005224819885e-05,-0.00015492234574533315
1005.0,9.820003481269093e-05,-0.00015492235228207031
1006.0,9.819940695174609e-05,-0.0001549224383810957
1007.0,9.819893759568749e-05,-0.0001549225163872382
1008.0,9.819819320212923e-05,-0.00015492268380586354
1009.0,9.819748580056495e-05,-0.00015492278006030088
1010.0,9.819713323721738e-05,-0.00015492281865872798
1011.0,9.819645324639845e-05,-0.00015492296695733936
1012.0,9.819451284109477e-05,-0.000154923454754702
1013.0,9.819503098319639e-05,-0.00015492333203884974
1014.0,9.819652936535454e-05,-0.00015492302458329035
1015.0,9.819807815621033e-05,-0.00015492268257574535
1016.0,9.819720621234169e-05,-0.00015492295098892519
1017.0,9.819600550504554e-05,-0.00015492331848905146
1018.0,9.819507820569785e-05,-0.00015492364769365563
1019.0,9.81951232232806e-05,-0.00015492373326086303
1020.0,9.819534563534126e-05,-0.0001549237936152717
1021.0,9.819584637257525e-05,-0.0001549237589592347
1022.0,9.819591576643078e-05,-0.0001549238567582566
1023.0,9.819589092710536e-05,-0.00015492396568846087
1024.0,9.81959209614872e-05,-0.00015492406962420025
1025.0,9.819583309675776e-05,-0.00015492415208142834
1026.0,9.819440561091316e-05,-0.00015492457709420518
1027.0,9.819439782079156e-05,-0.00015492459958548298
1028.0,9.819574457685813e-05,-0.00015492432258691047
1029.0,9.819486600739598e-05,-0.00015492454872980662
1030.0,9.819394191887491e-05,-0.00015492482120098923
1031.0,9.819360186583018e-05,-0.0001549249760779583
1032.0,9.81937495835605e-05,-0.0001549250024676934
1033.0,9.819380015876005e-05,-0.0001549249990155008
1034.0,9.819432497571608e-05,-0.00015492492368463417
1035.0,9.819385880782409e-05,-0.00015492506321980947
1036.0,9.819197943088684e-05,-0.0001549255741790031
1037.0,9.819225984275265e-05,-0.00015492553328682178
1038.0,9.819259645344443e-05,-0.0001549255062057232
1039.0,9.819214534264471e-05,-0.00015492564661955435
1040.0,9.819193947042994e-05,-0.00015492572457713954
1041.0,9.819271375945426e-05,-0.00015492549763882857
1042.0,9.819141696282577e-05,-0.00015492583728325175
1043.0,9.819047754529218e-05,-0.00015492605824207834
1044.0,9.81902832267332e-05,-0.0001549261412519347
1045.0,9.81906550796711e-05,-0.0001549260603624137
1046.0,9.81905496849513e-05,-0.00015492612698765046
1047.0,9.819090238327376e-05,-0.00015492605619804736
1048.0,9.819088434688116e-05,-0.00015492608495784106
1049.0,9.81903301359352e-05,-0.00015492624453330672
1050.0,9.818866378783889e-05,-0.00015492667863554725
1051.0,9.818941765821258e-05,-0.00015492645738075233
1052.0,9.81906288570991e-05,-0.000154926153509184
1053.0,9.819167513634263e-05,-0.0001549258861573279
1054.0,9.819052167322275e-05,-0.00015492615639949934
1055.0,9.818922813372616e-05,-0.00015492645941784662
1056.0,9.818826383450278e-05,-0.00015492669643064067
1057.0,9.818841794827072e-05,-0.00015492667611981676
1058.0,9.818881217453249e-05,-0.0001549266120750535
1059.0,9.81892091929031e-05,-0.00015492651255571592
1060.0,9.818971769562823e-05,-0.00015492638689867876
1061.0,9.819054123867426e-05,-0.00015492613331628493
1062.0,9.81897712333794e-05,-0.00015492632458810469
1063.0,9.818868800746197e-05,-0.00015492652162899382
1064.0,9.818806675043584e-05,-0.00015492663463569887
1065.0,9.818803027568153e-05,-0.0001549265791347077
1066.0,9.818845500331866e-05,-0.00015492645757960604
1067.0,9.818843330092852e-05,-0.00015492639277179951
1068.0,9.81876600473687e-05,-0.0001549265056212714
1069.0,9.81872682437589e-05,-0.00015492652552745115
1070.0,9.818739761967892e-05,-0.00015492647713201123
1071.0,9.818670687323109e-05,-0.00015492657635075597
1072.0,9.818556396377033e-05,-0.00015492679078209443
1073.0,9.818732021599807e-05,-0.0001549262303407023
1074.0,9.8187207231156e-05,-0.00015492615151602252
1075.0,9.818654383436998e-05,-0.00015492618105273297
1076.0,9.818604149123006e-05,-0.00015492617912200233
1077.0,9.818574962521555e-05,-0.00015492610921105508
1078.0,9.818522609988078e-05,-0.0001549261168576733
1079.0,9.818534345121068e-05,-0.0001549259381876284
1080.0,9.818523506044181e-05,-0.00015492576419758213
1081.0,9.818502358331978e-05,-0.00015492556744803676
1082.0,9.818474937635925e-05,-0.00015492547191039757
1083.0,9.818472089074064e-05,-0.00015492530098639782
1084.0,9.818396181644354e-05,-0.00015492527710083188
1085.0,9.818458596015947e-05,-0.00015492491634323325
1086.0,9.818533118524203e-05,-0.00015492456654571035
1087.0,9.818311842814399e-05,-0.0001549249025067157
1088.0,9.818248978296535e-05,-0.0001549248528742208
1089.0,9.818281901437158e-05,-0.00015492457240033307
1090.0,9.818260345647507e-05,-0.00015492444473163644
1091.0,9.818238146313222e-05,-0.00015492429080731532
1092.0,9.818188172786532e-05,-0.00015492421325206203
1093.0,9.818087145539737e-05,-0.0001549242501278612
1094.0,9.818003628086332e-05,-0.00015492426751137373
1095.0,9.817956145290192e-05,-0.0001549242085211939
1096.0,9.817953056926182e-05,-0.00015492405388932356
1097.0,9.818004670053276e-05,-0.00015492371341017732
1098.0,9.817835668453567e-05,-0.00015492392505293953
1099.0,9.817663145880465e-05,-0.0001549241254026617
1100.0,9.817561793314565e-05,-0.0001549241872161015
1101.0,9.817588913913106e-05,-0.00015492395714006423
1102.0,9.817485792486155e-05,-0.00015492409578733463
1103.0,9.817341508044785e-05,-0.00015492432316959804
1104.0,9.817364838705319e-05,-0.0001549241565001424
1105.0,9.81739976863723e-05,-0.000154923899796208
1106.0,9.817339861153767e-05,-0.00015492391871505608
1107.0,9.817292070870973e-05,-0.00015492393064165327
1108.0,9.817222584799e-05,-0.0001549239444203645
1109.0,9.817165659965614e-05,-0.00015492390917701545
1110.0,9.817117802885016e-05,-0.00015492388236645045
1111.0,9.817038059014993e-05,-0.0001549238928317042
1112.0,9.817017017903417e-05,-0.00015492378845432465
1113.0,9.817052110593402e-05,-0.0001549235528103839
1114.0,9.817102118898299e-05,-0.00015492328312777752
1115.0,9.817188402943394e-05,-0.00015492289924303175
1116.0,9.81704445505262e-05,-0.00015492313839465916
1117.0,9.817035615279362e-05,-0.00015492300355566822
1118.0,9.817062353219088e-05,-0.00015492278517269066
1119.0,9.817059575100342e-05,-0.00015492261842924295
1120.0,9.816987895735246e-05,-0.00015492263775967191
1121.0,9.816938256394625e-05,-0.00015492256708336913
1122.0,9.816815919170164e-05,-0.00015492270526587683
1123.0,9.816744322070799e-05,-0.00015492267813853325
1124.0,9.816709885634769e-05,-0.00015492259160480442
1125.0,9.816652688979635e-05,-0.00015492256352712513
1126.0,9.816407358867887e-05,-0.00015492301892752131
1127.0,9.816394464625492e-05,-0.0001549228897350504
1128.0,9.816336007284941e-05,-0.00015492288327924206
1129.0,9.816337440777661e-05,-0.00015492271581899616
1130.0,9.816400613176265e-05,-0.0001549224488209147
1131.0,9.816245154486721e-05,-0.00015492273774608443
1132.0,9.816093695094087e-05,-0.00015492301231447982
1133.0,9.816016655549956e-05,-0.0001549230996020029
1134.0,9.815999931074123e-05,-0.0001549231089018815
1135.0,9.81594376288844e-05,-0.0001549231948899188
1136.0,9.815867997428698e-05,-0.00015492335749443491
1137.0,9.815975252142256e-05,-0.00015492303693996645
1138.0,9.81605717354191e-05,-0.0001549227881647451
1139.0,9.816056477288091e-05,-0.00015492272417778812
1140.0,9.815983947482501e-05,-0.00015492284990881736
1141.0,9.815906860746408e-05,-0.00015492296539194457
1142.0,9.815835286898198e-05,-0.0001549230799779179
1143.0,9.815759289321007e-05,-0.000154923149456474
1144.0,9.815644310396946e-05,-0.00015492336010265547
1145.0,9.815604075753796e-05,-0.00015492328942404043
1146.0,9.81557309940466e-05,-0.00015492322089350776
1147.0,9.81550797006682e-05,-0.00015492320053412658
1148.0,9.815460609930364e-05,-0.00015492311757513974
1149.0,9.815451114395764e-05,-0.00015492294219542982
1150.0,9.815264327338565e-05,-0.0001549232459791326
1151.0,9.815215117848717e-05,-0.00015492317663237488
1152.0,9.815212066430397e-05,-0.00015492307695811643
1153.0,9.815199111005941e-05,-0.00015492297831512248
1154.0,9.8151284303567e-05,-0.00015492302910374354
1155.0,9.815046822552053e-05,-0.00015492305432116674
1156.0,9.815136542841762e-05,-0.00015492268449260246
1157.0,9.815241713916999e-05,-0.00015492225950294812
1158.0,9.815260726562483e-05,-0.0001549220795218562
1159.0,9.815239269984323e-05,-0.00015492198125575938
1160.0,9.815215074597631e-05,-0.00015492194392213425
1161.0,9.815267827720894e-05,-0.0001549217121026588
1162.0,9.815157908188702e-05,-0.00015492192972490536
1163.0,9.815088226747928e-05,-0.0001549220112780428
1164.0,9.815096964551083e-05,-0.00015492195294916712
1165.0,9.815102224631935e-05,-0.0001549218221011236
1166.0,9.814962019684249e-05,-0.00015492209805455812
1167.0,9.815101874780893e-05,-0.00015492165748726025
1168.0,9.815221516250866e-05,-0.00015492130984706871
1169.0,9.815251299402038e-05,-0.00015492113775075704
1170.0,9.815232501435635e-05,-0.0001549211887798523
1171.0,9.815184377853469e-05,-0.00015492127395628903
1172.0,9.81515316623419e-05,-0.00015492133004228002
1173.0,9.815158063754682e-05,-0.00015492126293378247
1174.0,9.815121899639725e-05,-0.00015492133712239646
1175.0,9.815094616677198e-05,-0.00015492139183259735
1176.0,9.815154927706104e-05,-0.00015492126704265476
1177.0,9.81508062568972e-05,-0.00015492144378196902
1178.0,9.81511680724304e-05,-0.00015492136951936295
1179.0,9.81528777602826e-05,-0.00015492093563909863
1180.0,9.815144737986645e-05,-0.00015492124145295892
1181.0,9.81497970327016e-05,-0.00015492155497586824
1182.0,9.815058671182198e-05,-0.00015492133782994566
1183.0,9.815156769768881e-05,-0.00015492100774899784
1184.0,9.815142518880798e-05,-0.0001549209681932983
1185.0,9.815100874784253e-05,-0.00015492098978742223
1186.0,9.815010650555351e-05,-0.00015492120608937273
1187.0,9.814931835352159e-05,-0.000154921343525023
1188.0,9.81487340451398e-05,-0.000154921486128557
1189.0,9.814832426622094e-05,-0.00015492153643391734
1190.0,9.81480326731119e-05,-0.00015492158502358646
1191.0,9.814821661830673e-05,-0.00015492153295166541
1192.0,9.814811415362634e-05,-0.0001549215938772004
1193.0,9.814841928560614e-05,-0.0001549215053364366
1194.0,9.814895956654961e-05,-0.00015492141046703835
1195.0,9.814916519738588e-05,-0.00015492134042891718
1196.0,9.814931523826111e-05,-0.00015492126986360252
1197.0,9.814843838603458e-05,-0.00015492141652745156
1198.0,9.814783390136591e-05,-0.00015492156663655642
1199.0,9.814754759296818e-05,-0.00015492161896282522
1200.0,9.81472556540475e-05,-0.00015492171050720472
1201.0,9.814703915329704e-05,-0.00015492178941743783
1202.0,9.814698426481148e-05,-0.00015492189531859165
1203.0,9.814715646226252e-05,-0.0001549219197359756
1204.0,9.814529557393308e-05,-0.00015492243549771712
1205.0,9.814675807049751e-05,-0.00015492212712188135
1206.0,9.814925660988664e-05,-0.00015492164447621675
1207.0,9.814931188063693e-05,-0.00015492170883544632
1208.0,9.814916478950547e-05,-0.0001549217939332665
1209.0,9.814945408508527e-05,-0.00015492177494505087
1210.0,9.815017177429975e-05,-0.0001549216805126683
1211.0,9.815091838755497e-05,-0.00015492153876929212
1212.0,9.815093506828711e-05,-0.0001549215425775716
1213.0,9.815037992926546e-05,-0.00015492164225414231
1214.0,9.815164882056897e-05,-0.0001549213069081961
1215.0,9.815299327319502e-05,-0.0001549209154369506
1216.0,9.815311090728256e-05,-0.00015492080024979169
1217.0,9.815270274510702e-05,-0.0001549207768289885
1218.0,9.815226407268916e-05,-0.00015492079670510896
1219.0,9.815252348659597e-05,-0.00015492060958378204
1220.0,9.815111766077712e-05,-0.00015492080634488866
1221.0,9.815005439242809e-05,-0.0001549209435516259
1222.0,9.814978207511636e-05,-0.00015492094555172412
1223.0,9.814978933913137e-05,-0.0001549208543819295
1224.0,9.814873261263231e-05,-0.00015492105154999252
1225.0,9.815027234637565e-05,-0.00015492054170992902
1226.0,9.815159831039384e-05,-0.00015492011586242907
1227.0,9.81521273243801e-05,-0.00015491986906649566
1228.0,9.815197477513893e-05,-0.00015491979305582687
1229.0,9.815153577070248e-05,-0.0001549197740167417
1230.0,9.8151586354769e-05,-0.0001549196824931725
1231.0,9.815263038968509e-05,-0.00015491931102059686
1232.0,9.815182695199023e-05,-0.0001549193695691365
1233.0,9.815124600911438e-05,-0.0001549193767533043
1234.0,9.815141654351683e-05,-0.00015491926763118308
1235.0,9.815157362870338e-05,-0.00015491911036796967
1236.0,9.815119144575091e-05,-0.0001549190963719067
1237.0,9.815296046640867e-05,-0.0001549185165422793
1238.0,9.815465694839389e-05,-0.00015491795492626303
1239.0,9.815614800249784e-05,-0.00015491744137503463
1240.0,9.815733094039556e-05,-0.00015491701072036223
1241.0,9.815645559062703e-05,-0.00015491706770119482
1242.0,9.815537463859357e-05,-0.00015491721144929375
1243.0,9.815524866955864e-05,-0.00015491706387904183
1244.0,9.815546988556421e-05,-0.00015491682814954775
1245.0,9.815625857454016e-05,-0.00015491642012951278
1246.0,9.81563955849173e-05,-0.00015491620841507077
1247.0,9.815553512968e-05,-0.00015491618092470358
1248.0,9.815702188035013e-05,-0.00015491555057467642
1249.0,9.815929313774423e-05,-0.00015491474872027418
1250.0,9.815897186690239e-05,-0.0001549146615761107
1251.0,9.815822828713451e-05,-0.000154914681239504
1252.0,9.815749871323092e-05,-0.00015491473926778688
1253.0,9.815763523493974e-05,-0.0001549145559894232
1254.0,9.815798264658045e-05,-0.00015491442686863216
1255.0,9.815890379225424e-05,-0.00015491410840212747
1256.0,9.815939401819349e-05,-0.00015491390595981703
1257.0,9.816067843456801e-05,-0.00015491350965365203
1258.0,9.816122982877466e-05,-0.00015491336068911203
1259.0,9.816090399834223e-05,-0.00015491336371353798
1260.0,9.816281668354197e-05,-0.00015491280769779672
1261.0,9.816529401117972e-05,-0.00015491207163622042
1262.0,9.816537203062204e-05,-0.0001549120025414982
1263.0,9.816542011814522e-05,-0.0001549119376018933
1264.0,9.816547332880389e-05,-0.00015491186459946476
1265.0,9.816609717399865e-05,-0.0001549116246778573
1266.0,9.816647165057307e-05,-0.00015491152086929177
1267.0,9.816745694874068e-05,-0.00015491125136241662
1268.0,9.816814400357531e-05,-0.00015491107401498003
1269.0,9.816908881025336e-05,-0.00015491078166767695
1270.0,9.816922247285848e-05,-0.00015491071489676824
1271.0,9.816823927320598e-05,-0.0001549109143585855
1272.0,9.816951228961881e-05,-0.00015491054373460646
1273.0,9.817028488406754e-05,-0.00015491029091525585
1274.0,9.8171244080845e-05,-0.0001549100964571525
1275.0,9.81728721620748e-05,-0.00015490970440321943
1276.0,9.81717527421903e-05,-0.0001549099793600732
1277.0,9.81708765737053e-05,-0.0001549101781282148
1278.0,9.817085932942826e-05,-0.00015491024531532892
1279.0,9.81718140345952e-05,-0.00015491006253641175
1280.0,9.817224168439e-05,-0.00015491002071470498
1281.0,9.81728415621776e-05,-0.00015490994736775087
1282.0,9.817349711564023e-05,-0.0001549098785713092
1283.0,9.817402507544285e-05,-0.0001549097782149363
1284.0,9.817444231443517e-05,-0.00015490971592286025
1285.0,9.817452858803696e-05,-0.0001549097502297471
1286.0,9.817444991933574e-05,-0.00015490992203933952
1287.0,9.817512733183822e-05,-0.00015490989759420857
1288.0,9.817686568461872e-05,-0.00015490961549943205
1289.0,9.817623381974647e-05,-0.0001549099055645421
1290.0,9.817577583507822e-05,-0.0001549101697093043
1291.0,9.817549588527983e-05,-0.00015491029372233011
1292.0,9.817533605823057e-05,-0.00015491036286792193
1293.0,9.817581380342358e-05,-0.00015491028630693708
1294.0,9.81764390308797e-05,-0.00015491019537992897
1295.0,9.817605564694605e-05,-0.00015491030837969723
1296.0,9.817490576805057e-05,-0.0001549106290359048
1297.0,9.817545547359294e-05,-0.00015491050493038892
1298.0,9.817629574958768e-05,-0.0001549103258256406
1299.0,9.817668828817037e-05,-0.00015491020450407643
1300.0,9.81747760305554e-05,-0.00015491064479159175
1301.0,9.817257573745491e-05,-0.00015491112551577476
1302.0,9.817115942891265e-05,-0.00015491148112167533
1303.0,9.817047109624982e-05,-0.0001549116724119931
1304.0,9.816981832504385e-05,-0.00015491186032873477
1305.0,9.816908687528449e-05,-0.0001549120498062468
1306.0,9.816841965880686e-05,-0.00015491230408925304
1307.0,9.816770222279351e-05,-0.00015491254823534538
1308.0,9.816675235800438e-05,-0.00015491283163423215
1309.0,9.816601509939754e-05,-0.00015491303370658227
1310.0,9.816520367158175e-05,-0.00015491334855441215
1311.0,9.816459158201251e-05,-0.00015491358214507286
1312.0,9.816411141810844e-05,-0.00015491378189360941
1313.0,9.816387625830734e-05,-0.00015491391624702737
1314.0,9.816362259709058e-05,-0.0001549140821603765
1315.0,9.816397835845693e-05,-0.00015491409342566955
1316.0,9.816483229351909e-05,-0.0001549139880262745
1317.0,9.816379827728854e-05,-0.00015491438511166847
1318.0,9.816291817187096e-05,-0.00015491477550309214
1319.0,9.816254575341772e-05,-0.00015491505634462795
1320.0,9.816167060069285e-05,-0.00015491537916047913
1321.0,9.816209075297588e-05,-0.00015491538289014203
1322.0,9.816309346389289e-05,-0.00015491531667879838
1323.0,9.816359887500279e-05,-0.00015491538398383736
1324.0,9.816314133565324e-05,-0.0001549156692903323
1325.0,9.816249279497494e-05,-0.00015491592323343747
1326.0,9.816224085296423e-05,-0.00015491617788871635
1327.0,9.816380699942672e-05,-0.00015491592441731065
1328.0,9.816238324164842e-05,-0.00015491646514443992
1329.0,9.81601539190888e-05,-0.0001549171320373019
1330.0,9.816046658207778e-05,-0.0001549171915962958
1331.0,9.816121997462057e-05,-0.0001549171300996345
1332.0,9.816088452156037e-05,-0.00015491739730119416
1333.0,9.81607370264894e-05,-0.00015491755929296347
1334.0,9.816065276568873e-05,-0.00015491775822527499
1335.0,9.816085884282891e-05,-0.00015491791306756025
1336.0,9.816079250512073e-05,-0.00015491811563704457
1337.0,9.816148004271237e-05,-0.0001549181106518287
1338.0,9.816249647082467e-05,-0.00015491807065680122
1339.0,9.816187009263348e-05,-0.00015491843614989252
1340.0,9.816107837411107e-05,-0.00015491886748205484
1341.0,9.816066752918592e-05,-0.00015491909775925807
1342.0,9.815999614720505e-05,-0.00015491942260526675
1343.0,9.815962357111687e-05,-0.0001549196601706891
1344.0,9.816114550984613e-05,-0.0001549195137496266
1345.0,9.816265197375051e-05,-0.00015491932131011943
1346.0,9.816394431916243e-05,-0.00015491925379697776
1347.0,9.81651754825139e-05,-0.00015491918802033755
1348.0,9.816440853238119e-05,-0.00015491965969436516
1349.0,9.816379647926502e-05,-0.00015492006149906603
1350.0,9.816416478443161e-05,-0.00015492032595367
1351.0,9.816463250798338e-05,-0.00015492050243169975
1352.0,9.816429782634917e-05,-0.00015492089364628524
1353.0,9.816684332814212e-05,-0.00015492054334006683
1354.0,9.816914937852276e-05,-0.0001549203059318776
1355.0,9.817075092880722e-05,-0.00015492019800287857
1356.0,9.817183234684895e-05,-0.00015492030723830016
1357.0,9.817252924401505e-05,-0.000154920474377143
1358.0,9.8173490644726e-05,-0.0001549205814066759
1359.0,9.817577756906255e-05,-0.0001549203701847436
1360.0,9.817637072372004e-05,-0.0001549206031904045
1361.0,9.817691360465477e-05,-0.000154920810005184
1362.0,9.81779538159384e-05,-0.0001549209446083252
1363.0,9.817909821504934e-05,-0.0001549209988098306
1364.0,9.817996595006513e-05,-0.00015492109218088934
1365.0,9.818189031699903e-05,-0.00015492090609082692
1366.0,9.81827672194717e-05,-0.00015492092612418056
1367.0,9.818298966995588e-05,-0.0001549211208273827
1368.0,9.818250337208226e-05,-0.00015492149780543097
1369.0,9.81841514345257e-05,-0.00015492138618376504
1370.0,9.818640081514603e-05,-0.00015492116605272477
1371.0,9.818866477896857e-05,-0.00015492090129521572
1372.0,9.818842652853747e-05,-0.0001549212250845251
1373.0,9.818811759657044e-05,-0.00015492156947137772
1374.0,9.818869980939276e-05,-0.0001549217325822771
1375.0,9.819005670532672e-05,-0.00015492169074207235
1376.0,9.819086715974678e-05,-0.00015492170758451786
1377.0,9.819176151634801e-05,-0.00015492173908664272
1378.0,9.819204047206107e-05,-0.0001549219460470941
1379.0,9.819404332346037e-05,-0.00015492168864948404
1380.0,9.819585163265608e-05,-0.00015492148330992152
1381.0,9.819649393690214e-05,-0.00015492147941146417
1382.0,9.819692475121833e-05,-0.00015492157454445919
1383.0,9.819710182352983e-05,-0.00015492172004293308
1384.0,9.819661560644412e-05,-0.00015492193526274955
1385.0,9.819664979253616e-05,-0.00015492206815944856
1386.0,9.819750298375844e-05,-0.00015492204099279666
1387.0,9.819859405102885e-05,-0.00015492193073767186
1388.0,9.819902097077683e-05,-0.00015492186289387807
1389.0,9.819919842042698e-05,-0.0001549218361110601
1390.0,9.819918450323235e-05,-0.00015492188644879195
1391.0,9.819877599228952e-05,-0.00015492194776047302
1392.0,9.819833552086293e-05,-0.00015492194130466472
1393.0,9.819802896228693e-05,-0.00015492197124139482
1394.0,9.819762194197947e-05,-0.0001549220564155193
1395.0,9.819748231880325e-05,-0.00015492203314038797
1396.0,9.819713762735043e-05,-0.00015492205008688485
1397.0,9.819575641918287e-05,-0.00015492228606610217
1398.0,9.819622540184372e-05,-0.00015492210608038573
1399.0,9.819682666878921e-05,-0.0001549218787536164
1400.0,9.819742042935598e-05,-0.00015492155842806088
1401.0,9.819870203293208e-05,-0.0001549211411382066
1402.0,9.819757571553381e-05,-0.00015492135594644216
1403.0,9.819623627077271e-05,-0.00015492157652605937
1404.0,9.819591283737657e-05,-0.0001549215204076969
1405.0,9.819632272269902e-05,-0.0001549213469494686
1406.0,9.81971656243007e-05,-0.00015492108451114857
1407.0,9.81982671250336e-05,-0.00015492073498647147
1408.0,9.819859646776949e-05,-0.00015492057065932737
1409.0,9.819853219113815e-05,-0.00015492046056374793
1410.0,9.820051294704517e-05,-0.00015491986582471796
1411.0,9.82020092681265e-05,-0.00015491938590751102
1412.0,9.820263147490312e-05,-0.0001549191331436545
1413.0,9.820233306900909e-05,-0.00015491906348705497
1414.0,9.8202842482076e-05,-0.00015491885646417279
1415.0,9.82046229263407e-05,-0.00015491830440700737
1416.0,9.820472391811965e-05,-0.0001549181126380534
1417.0,9.820414854665365e-05,-0.00015491811871002785
1418.0,9.82032546560607e-05,-0.00015491822944610115
1419.0,9.820548241015268e-05,-0.0001549175209072636
1420.0,9.820699373216883e-05,-0.00015491690405847742
1421.0,9.820803791486769e-05,-0.00015491638791521422
1422.0,9.820831368734021e-05,-0.0001549160421595083
1423.0,9.820795281958707e-05,-0.00015491587429924278
1424.0,9.820735713587406e-05,-0.00015491572555667894
1425.0,9.820722069199748e-05,-0.0001549154930042195
1426.0,9.820743538979834e-05,-0.00015491521233841485
1427.0,9.820708193187252e-05,-0.00015491500920705324
1428.0,9.820702976258967e-05,-0.00015491475866064662
1429.0,9.820778009799987e-05,-0.00015491428864450392
1430.0,9.820777573545296e-05,-0.0001549140001979704
1431.0,9.820732306603777e-05,-0.00015491374921686039
1432.0,9.82071265701462e-05,-0.0001549135035724286
1433.0,9.820754750075174e-05,-0.00015491307289925815
1434.0,9.820826964709409e-05,-0.0001549126759734096
1435.0,9.820885005795203e-05,-0.00015491234773995133
1436.0,9.820885673773253e-05,-0.00015491213440924496
1437.0,9.820957602792684e-05,-0.0001549117574589437
1438.0,9.821061031016635e-05,-0.00015491129178521075
1439.0,9.821008376612252e-05,-0.00015491116086779967
1440.0,9.821028914966895e-05,-0.00015491088911803976
1441.0,9.821064217311348e-05,-0.0001549105700896578
1442.0,9.821063831007228e-05,-0.00015491037575872827
1443.0,9.821078414899118e-05,-0.0001549101661599971
1444.0,9.821011971575544e-05,-0.00015491014261433226
1445.0,9.820898330578022e-05,-0.0001549102003489591
1446.0,9.820955795409592e-05,-0.0001549099066420517
1447.0,9.821063875539097e-05,-0.00015490948390915553
1448.0,9.821041601229694e-05,-0.00015490935503808772
1449.0,9.821055552808439e-05,-0.00015490914902797201
1450.0,9.820892623208034e-05,-0.00015490941713824683
1451.0,9.820894815515939e-05,-0.00015490929619589204
1452.0,9.820950890992572e-05,-0.0001549090408168782
1453.0,9.820893305176186e-05,-0.00015490904422513807
1454.0,9.820855814661746e-05,-0.0001549090567297983
1455.0,9.82093177539177e-05,-0.00015490886033402753
1456.0,9.820938033203257e-05,-0.00015490883299164448
1457.0,9.820847463064187e-05,-0.00015490904792011718
1458.0,9.820938713792104e-05,-0.00015490882587684425
1459.0,9.821096604788746e-05,-0.0001549085024343727
1460.0,9.821107472732529e-05,-0.00015490854060965761
1461.0,9.821131100534923e-05,-0.00015490854347222595
1462.0,9.821068540843621e-05,-0.00015490875837063933
1463.0,9.821043895409178e-05,-0.0001549089518021027
1464.0,9.821057297630161e-05,-0.00015490899140635953
1465.0,9.821186278970234e-05,-0.00015490872129367424
1466.0,9.821105094119831e-05,-0.00015490900871819227
1467.0,9.821080937846308e-05,-0.00015490917582235128
1468.0,9.821064422630855e-05,-0.00015490934791172623
1469.0,9.82114403940771e-05,-0.00015490923001460768
1470.0,9.821154359373038e-05,-0.00015490930562294454
1471.0,9.821220685160061e-05,-0.0001549092513035143
1472.0,9.821202729949448e-05,-0.00015490944647379137
1473.0,9.821198074300066e-05,-0.00015490956600336002
1474.0,9.821194455198922e-05,-0.00015490972592797578
1475.0,9.821189814327816e-05,-0.00015490989296507951
1476.0,9.821198573805776e-05,-0.00015491005001325346
1477.0,9.82133660004157e-05,-0.000154909904151756
1478.0,9.821290001183344e-05,-0.00015491024808771941
1479.0,9.821255938243596e-05,-0.00015491048169456587
1480.0,9.821370728301296e-05,-0.00015491043267944234
1481.0,9.821550101984387e-05,-0.00015491016784100446
1482.0,9.821690168016282e-05,-0.0001549100305001566
1483.0,9.821693118843807e-05,-0.0001549102350720514
1484.0,9.821715015913099e-05,-0.0001549104186625691
1485.0,9.82172978226743e-05,-0.00015491057352104014
1486.0,9.821642090148247e-05,-0.00015491097429216427
1487.0,9.82181979871378e-05,-0.00015491075339114395
1488.0,9.821930052727605e-05,-0.0001549106885671517
1489.0,9.821955347125384e-05,-0.00015491080974998074
1490.0,9.821923816196834e-05,-0.00015491110405113694
1491.0,9.821982766934744e-05,-0.00015491120481909073
1492.0,9.822021808971066e-05,-0.00015491137737091613
1493.0,9.82208512580268e-05,-0.00015491143843518622
1494.0,9.822068976694374e-05,-0.00015491175375934008
1495.0,9.82219802798495e-05,-0.00015491173718049135
1496.0,9.822409779194731e-05,-0.00015491150562692483
1497.0,9.82248446180097e-05,-0.00015491161042282205
1498.0,9.822495854176488e-05,-0.0001549119072882661
1499.0,9.822536165863718e-05,-0.00015491210485866098
1500.0,9.822542268404792e-05,-0.00015491237585462666
1501.0,9.822748775198695e-05,-0.00015491212805980026
1502.0,9.822909207664631e-05,-0.00015491198938247054
1503.0,9.823051804131376e-05,-0.00015491188737052505
1504.0,9.823056717415362e-05,-0.00015491216651024317
1505.0,9.823093180839657e-05,-0.00015491229884737715
1506.0,9.823110258023664e-05,-0.0001549125456479351
1507.0,9.823210059658814e-05,-0.00015491257489792627
1508.0,9.823210094535545e-05,-0.0001549128546226442
1509.0,9.823301667922474e-05,-0.0001549129036053962
1510.0,9.823413765575428e-05,-0.00015491293680471428
1511.0,9.823632667106014e-05,-0.00015491269009664644
1512.0,9.823591841528887e-05,-0.00015491307115813221
1513.0,9.823659859034363e-05,-0.0001549131526950839
1514.0,9.823629477264514e-05,-0.00015491351732108054
1515.0,9.82363041154709e-05,-0.0001549137751557063
1516.0,9.823762203912201e-05,-0.0001549136749033848
1517.0,9.824001120153871e-05,-0.00015491333778856558
1518.0,9.824140434267112e-05,-0.0001549132865120593
1519.0,9.824127011455065e-05,-0.00015491360178765588
1520.0,9.824077591029966e-05,-0.0001549139739724052
1521.0,9.824122270682815e-05,-0.00015491414917638397
1522.0,9.824192445028337e-05,-0.00015491427197778957
1523.0,9.824303021799698e-05,-0.0001549142937268344
1524.0,9.824387021221929e-05,-0.00015491434952148158
1525.0,9.82447478201083e-05,-0.0001549143366977305
1526.0,9.824513342965026e-05,-0.0001549144808527858
1527.0,9.824611352882055e-05,-0.00015491456240592327
1528.0,9.824656006328096e-05,-0.000154914755465114
1529.0,9.824860990368495e-05,-0.0001549145432211662
1530.0,9.824981198043462e-05,-0.00015491456300479662
1531.0,9.824850586561083e-05,-0.00015491521092562873
1532.0,9.824856281615841e-05,-0.00015491548773690882
1533.0,9.824981156270204e-05,-0.00015491552963723215
1534.0,9.824984626209285e-05,-0.00015491584928760998
1535.0,9.82506355481111e-05,-0.00015491595968378222
1536.0,9.825094838548374e-05,-0.00015491615516621333
1537.0,9.825108368946267e-05,-0.00015491640222343124
1538.0,9.825095209975699e-05,-0.00015491671065707334
1539.0,9.825193436936334e-05,-0.00015491677869740856
1540.0,9.82530243400857e-05,-0.00015491676336023926
1541.0,9.825229367160451e-05,-0.00015491719718038502
1542.0,9.825090922896504e-05,-0.00015491777536600103
1543.0,9.825052998393374e-05,-0.00015491814334476348
1544.0,9.824956668667743e-05,-0.00015491865408660542
1545.0,9.824863810950152e-05,-0.0001549191238229656
1546.0,9.824945777472806e-05,-0.00015491918998575198
1547.0,9.825072889952161e-05,-0.0001549191424250351
1548.0,9.825038964056287e-05,-0.0001549194648084951
1549.0,9.824982392226642e-05,-0.0001549197558563124
1550.0,9.824902813282174e-05,-0.00015492017768743016
1551.0,9.824966675136588e-05,-0.0001549202727949904
1552.0,9.82479344192548e-05,-0.00015492092177945858
1553.0,9.824689890450713e-05,-0.0001549213379501828
1554.0,9.824596180519235e-05,-0.00015492179188692323
1555.0,9.82465973547813e-05,-0.00015492181280355726
1556.0,9.824628261593721e-05,-0.00015492204445192607
1557.0,9.824572922370772e-05,-0.00015492231951976798
1558.0,9.824614523413275e-05,-0.00015492237621388127
1559.0,9.824764629214398e-05,-0.0001549221396496641
1560.0,9.824794534040038e-05,-0.00015492215097507575
1561.0,9.824824474037972e-05,-0.00015492217855099625
1562.0,9.824806219912108e-05,-0.00015492230083908188
1563.0,9.824895502370775e-05,-0.00015492215835578497
1564.0,9.824771980322707e-05,-0.00015492254144974048
1565.0,9.824747284740648e-05,-0.00015492262449428066
1566.0,9.824728285100046e-05,-0.00015492274834313655
1567.0,9.824823976896786e-05,-0.00015492255569321447
1568.0,9.82488580604867e-05,-0.00015492242132823526
1569.0,9.824930934271441e-05,-0.00015492232873871774
1570.0,9.824806979712511e-05,-0.0001549226522574936
1571.0,9.824926652315385e-05,-0.0001549223589575426
1572.0,9.824929587872023e-05,-0.00015492228452382992
1573.0,9.824952280505145e-05,-0.00015492228787197118
1574.0,9.824988937130763e-05,-0.00015492230126684856
1575.0,9.825064831752634e-05,-0.0001549222449426956
1576.0,9.825153191061693e-05,-0.00015492211764858382
1577.0,9.825386936483295e-05,-0.00015492157723129632
1578.0,9.825398969152231e-05,-0.00015492155700140125
1579.0,9.825444830081899e-05,-0.00015492145075572184
1580.0,9.825490977611592e-05,-0.0001549213345812312
1581.0,9.825644226653386e-05,-0.00015492098979667123
1582.0,9.825703656010376e-05,-0.000154920901554188
1583.0,9.825750495754491e-05,-0.00015492073009605792
1584.0,9.825686333506997e-05,-0.00015492079117420153
1585.0,9.825826399637415e-05,-0.00015492043131375678
1586.0,9.825939951866763e-05,-0.00015492014345222312
1587.0,9.826031906533199e-05,-0.0001549199294740861
1588.0,9.826058942205919e-05,-0.00015491986999602102
1589.0,9.826145414526243e-05,-0.00015491966166440407
1590.0,9.826046761163097e-05,-0.0001549199434678368
1591.0,9.826009298727379e-05,-0.00015492007510898288
1592.0,9.825986722251504e-05,-0.0001549201689332431
1593.0,9.826102613192205e-05,-0.000154919894431903
1594.0,9.826194839384824e-05,-0.00015491967420837264
1595.0,9.826339851311434e-05,-0.00015491926817456236
1596.0,9.826373841246503e-05,-0.0001549191858722552
1597.0,9.82647738887892e-05,-0.0001549189829235615
1598.0,9.826628717434555e-05,-0.0001549186927960206
1599.0,9.826610297200872e-05,-0.0001549188074120532
1600.0,9.826586615014426e-05,-0.00015491890099815142
1601.0,9.826606352583583e-05,-0.00015491883360524685
1602.0,9.826650759232425e-05,-0.00015491875917615866
1603.0,9.826740737846387e-05,-0.0001549185581396976
1604.0,9.826706038652618e-05,-0.00015491866383043646
1605.0,9.826565240701998e-05,-0.0001549190698549977
1606.0,9.826560116778326e-05,-0.00015491914955139657
1607.0,9.826617084567232e-05,-0.0001549190185993017
1608.0,9.826546398893379e-05,-0.00015491918044077463
1609.0,9.826483907379187e-05,-0.0001549193498201899
1610.0,9.826384507614608e-05,-0.0001549196545195446
1611.0,9.826252493575367e-05,-0.00015492006253033054
1612.0,9.826207651460008e-05,-0.0001549202851609155
1613.0,9.826356268990269e-05,-0.00015492000819471453
1614.0,9.826325222789152e-05,-0.00015492023606486315
1615.0,9.82632571993034e-05,-0.00015492041836976858
1616.0,9.826322522305614e-05,-0.0001549206292957326
1617.0,9.82641590869138e-05,-0.00015492059411018988
1618.0,9.826516751308253e-05,-0.00015492049758059447
1619.0,9.826576222438503e-05,-0.0001549204790224578
1620.0,9.826468849498741e-05,-0.000154920851838452
1621.0,9.826604782638119e-05,-0.0001549206356706121
1622.0,9.82672342775676e-05,-0.00015492049082419337
1623.0,9.826807572400175e-05,-0.00015492043206061427
1624.0,9.826784897796548e-05,-0.00015492058016268418
1625.0,9.826845599957146e-05,-0.00015492050843893114
1626.0,9.826894978411944e-05,-0.00015492049553887574
1627.0,9.826833709061134e-05,-0.00015492072405876725
1628.0,9.826812281349871e-05,-0.00015492089310290593
1629.0,9.82689411772518e-05,-0.00015492081237986706
1630.0,9.826913901304035e-05,-0.0001549208076698092
1631.0,9.826947536067884e-05,-0.00015492074860794954
1632.0,9.826994352265279e-05,-0.00015492064885276225
1633.0,9.827047176915394e-05,-0.00015492050606656028
1634.0,9.827083248518347e-05,-0.00015492047138508856
1635.0,9.82709815112838e-05,-0.00015492051715380994
1636.0,9.826877219752394e-05,-0.0001549210483452109
1637.0,9.82696869639088e-05,-0.00015492073722935614
1638.0,9.827157455953768e-05,-0.00015492026918325236
1639.0,9.82713148993263e-05,-0.00015492028840962993
1640.0,9.827027196588434e-05,-0.00015492049367751268
1641.0,9.827014381163508e-05,-0.0001549205355292787
1642.0,9.826973286030634e-05,-0.00015492063257219408
1643.0,9.827010744426957e-05,-0.0001549205031323122
1644.0,9.82704607957918e-05,-0.0001549203802592267
1645.0,9.827104219186809e-05,-0.00015492018641155794
1646.0,9.827092079621683e-05,-0.00015492017650124473
1647.0,9.827125191727188e-05,-0.00015492004828685657
1648.0,9.827104977410863e-05,-0.00015492000105910404
1649.0,9.827028295599519e-05,-0.000154920055082566
1650.0,9.82701672568765e-05,-0.00015491996817425228
1651.0,9.827184845024312e-05,-0.00015491943767421477
1652.0,9.827044396432126e-05,-0.00015491968449558296
1653.0,9.827061165833915e-05,-0.00015491955251222358
1654.0,9.826937076004502e-05,-0.0001549196944382677
1655.0,9.826824028305481e-05,-0.00015491979004296217
1656.0,9.826825971451662e-05,-0.00015491959430849556
1657.0,9.826924006590283e-05,-0.00015491919913070967
1658.0,9.826857655778712e-05,-0.00015491921470141642
1659.0,9.826841468640977e-05,-0.00015491913065567104
1660.0,9.826788492858364e-05,-0.0001549191284844662
1661.0,9.826802340299526e-05,-0.0001549189508225633
1662.0,9.826820302209625e-05,-0.00015491875581414387
1663.0,9.826900892382223e-05,-0.00015491843783783666
1664.0,9.826816991481831e-05,-0.00015491855209084568
1665.0,9.826750743527059e-05,-0.00015491858280680478
1666.0,9.82669410401291e-05,-0.0001549185896025142
1667.0,9.826733291368941e-05,-0.00015491836231505313
1668.0,9.826714070645339e-05,-0.00015491824543070105
1669.0,9.826759756009094e-05,-0.00015491801538472305
1670.0,9.826732290584127e-05,-0.00015491802263594616
1671.0,9.82673472200453e-05,-0.00015491794661371617
1672.0,9.826667402723306e-05,-0.00015491802261282362
1673.0,9.82663258569742e-05,-0.00015491804164497207
1674.0,9.826570961865044e-05,-0.00015491813650974576
1675.0,9.826604868253596e-05,-0.0001549180601568637
1676.0,9.826536235282203e-05,-0.00015491815505400898
1677.0,9.826586136001257e-05,-0.00015491806584962877
1678.0,9.826639625870812e-05,-0.00015491792633526378
1679.0,9.826678099928748e-05,-0.00015491777347457868
1680.0,9.826668595822746e-05,-0.00015491777801584212
1681.0,9.826733083290823e-05,-0.00015491760105686392
1682.0,9.826742050846903e-05,-0.00015491758136341137
1683.0,9.826785550996325e-05,-0.00015491747206555897
1684.0,9.826783090610504e-05,-0.00015491750418043072
1685.0,9.826816706950767e-05,-0.00015491739729194519
1686.0,9.826805081275539e-05,-0.00015491741618998294
1687.0,9.826875581432775e-05,-0.00015491729932875337
1688.0,9.826911603183678e-05,-0.0001549173104599358
1689.0,9.82701199299419e-05,-0.00015491717446481875
1690.0,9.826953413683606e-05,-0.00015491743223007692
1691.0,9.827005557252265e-05,-0.00015491736294343778
1692.0,9.827066983942448e-05,-0.00015491731626368898
1693.0,9.827119150171129e-05,-0.00015491731699436071
1694.0,9.827155701772469e-05,-0.00015491737639149693
1695.0,9.827213611233089e-05,-0.00015491742212784675
1696.0,9.827218130528251e-05,-0.00015491759724164768
1697.0,9.827229942212705e-05,-0.00015491770955236475
1698.0,9.827209140509192e-05,-0.0001549178931313212
1699.0,9.82727350571167e-05,-0.0001549178777918397
1700.0,9.82719294342075e-05,-0.0001549182176443656
1701.0,9.827003450165748e-05,-0.0001549188366897914
1702.0,9.826990353855068e-05,-0.00015491903851241824
1703.0,9.827044958794769e-05,-0.00015491904790709918
1704.0,9.827073844510531e-05,-0.0001549191562846752
1705.0,9.827152513802885e-05,-0.00015491911739952882
1706.0,9.826979259311059e-05,-0.00015491976907314637
1707.0,9.826851763680282e-05,-0.00015492031570114346
1708.0,9.826811181452089e-05,-0.0001549206482076439
1709.0,9.826847699950092e-05,-0.00015492076751523636
1710.0,9.826811457017666e-05,-0.00015492105688435847
1711.0,9.826821404767497e-05,-0.00015492124368428236
1712.0,9.826873741537479e-05,-0.0001549213086909426
1713.0,9.826822136095088e-05,-0.0001549216038268219
1714.0,9.826670733451034e-05,-0.00015492213232213672
1715.0,9.826682863755107e-05,-0.00015492223938404115
1716.0,9.826677751949621e-05,-0.0001549224070940103
1717.0,9.826571199795279e-05,-0.00015492288848874643
1718.0,9.826612150987749e-05,-0.00015492298712480363
1719.0,9.82679905410367e-05,-0.00015492265516630697
1720.0,9.826718875456782e-05,-0.00015492294084276225
1721.0,9.826686613200638e-05,-0.00015492303133506695
1722.0,9.826705717668475e-05,-0.00015492303167959255
1723.0,9.826794666827769e-05,-0.0001549228389788009
1724.0,9.826821386836523e-05,-0.0001549228198842217
1725.0,9.826843287846688e-05,-0.0001549227476494609
1726.0,9.826802702268754e-05,-0.00015492283675672645
1727.0,9.826700863202024e-05,-0.00015492304354375894
1728.0,9.826498559349666e-05,-0.00015492353773449913
1729.0,9.826504422285634e-05,-0.00015492348578281519
1730.0,9.826490313663084e-05,-0.0001549234723648153
1731.0,9.826481393397485e-05,-0.00015492342655216114
1732.0,9.826445029972856e-05,-0.00015492343886721672
1733.0,9.826220770824798e-05,-0.00015492391992667626
1734.0,9.826008968088096e-05,-0.00015492437744278324
1735.0,9.825906895229051e-05,-0.0001549246357560452
1736.0,9.825792143003735e-05,-0.00015492500155897827
1737.0,9.825596129770637e-05,-0.000154925537633856
1738.0,9.825653562779655e-05,-0.00015492548047266774
1739.0,9.82573854860251e-05,-0.00015492535207792387
1740.0,9.825739049191962e-05,-0.00015492546154919517
1741.0,9.825696006282381e-05,-0.0001549256891580593
1742.0,9.825605007474801e-05,-0.0001549260664598229
1743.0,9.825610828736032e-05,-0.00015492619158966655
1744.0,9.825659923940551e-05,-0.00015492622803076227
1745.0,9.825600799410122e-05,-0.00015492651756174208
1746.0,9.825470092263039e-05,-0.00015492701360922084
1747.0,9.825348250209326e-05,-0.0001549274906199267
1748.0,9.825499195022408e-05,-0.0001549272679939662
1749.0,9.825639702826218e-05,-0.00015492701936210447
1750.0,9.825686416856471e-05,-0.00015492700354167448
1751.0,9.825820320741583e-05,-0.0001549267519385686
1752.0,9.82571532700565e-05,-0.00015492713148321688
1753.0,9.825551249527328e-05,-0.00015492760550880509
1754.0,9.825451372128887e-05,-0.00015492793391105772
1755.0,9.825431911701656e-05,-0.00015492803330090915
1756.0,9.825419540314646e-05,-0.00015492808382362117
1757.0,9.825445592049783e-05,-0.00015492801287678488
1758.0,9.825390808194427e-05,-0.0001549282044399484
1759.0,9.825259652083335e-05,-0.00015492857505005394
1760.0,9.825344302636383e-05,-0.0001549283829550724
1761.0,9.825423678822912e-05,-0.00015492816490968368
1762.0,9.825431265496931e-05,-0.00015492819948247956
1763.0,9.825432569729002e-05,-0.00015492824098972
1764.0,9.825387452540677e-05,-0.0001549284341968949
1765.0,9.825400208359892e-05,-0.00015492846109763775
1766.0,9.825372659486927e-05,-0.0001549286117339362
1767.0,9.825413978067324e-05,-0.00015492852591238103
1768.0,9.825457631615247e-05,-0.0001549284277919561
1769.0,9.825516372501645e-05,-0.00015492826218382427
1770.0,9.825421591834849e-05,-0.00015492853536255605
1771.0,9.82540182638401e-05,-0.0001549285893143382
1772.0,9.825332213514436e-05,-0.00015492877679175194
1773.0,9.825195474564957e-05,-0.00015492910225281973
1774.0,9.825262244192855e-05,-0.00015492892795293165
1775.0,9.82538897253557e-05,-0.00015492851621017053
1776.0,9.825462768740845e-05,-0.00015492825317760166
1777.0,9.82532671018317e-05,-0.00015492849143207524
1778.0,9.825134463144315e-05,-0.00015492893297976807
1779.0,9.825010853017725e-05,-0.00015492920120565548
1780.0,9.824951472921653e-05,-0.00015492929838730601
1781.0,9.824908726365756e-05,-0.00015492934751110542
1782.0,9.82490896262112e-05,-0.00015492935497274347
1783.0,9.824908017698188e-05,-0.00015492939356192154
1784.0,9.824950533318898e-05,-0.0001549292926043631
1785.0,9.824917179243762e-05,-0.00015492934295828072
1786.0,9.82474932286188e-05,-0.0001549297044627368
1787.0,9.824840142852327e-05,-0.0001549294051994872
1788.0,9.82486957418202e-05,-0.0001549292479709576
1789.0,9.824651354521065e-05,-0.0001549296831483954
1790.0,9.824439287351754e-05,-0.00015493013881932508
1791.0,9.824341854969728e-05,-0.00015493031854375703
1792.0,9.824252353989628e-05,-0.00015493043144872292
1793.0,9.824188301298415e-05,-0.00015493046404454317
1794.0,9.824121722507316e-05,-0.0001549305201999017
1795.0,9.824058474443941e-05,-0.00015493053792793983
1796.0,9.823994632195373e-05,-0.00015493063383091482
1797.0,9.823911329125486e-05,-0.00015493069901099395
1798.0,9.823851560853376e-05,-0.00015493070108045975
1799.0,9.823766838576434e-05,-0.0001549308100083518
1800.0,9.82368975558417e-05,-0.00015493095098174798
1801.0,9.823670522545338e-05,-0.0001549308619161029
1802.0,9.823596235110185e-05,-0.00015493093009286097
1803.0,9.823569713622932e-05,-0.00015493087141483524
1804.0,9.823457202276788e-05,-0.0001549309039042918
1805.0,9.823421640622861e-05,-0.00015493079155889095
1806.0,9.823331215606457e-05,-0.0001549308503062843
1807.0,9.82327731578754e-05,-0.00015493082425413802
1808.0,9.823242979548215e-05,-0.00015493073480697133
1809.0,9.82319309104587e-05,-0.00015493071184861858
1810.0,9.823113303727717e-05,-0.00015493071109713656
1811.0,9.823088014945684e-05,-0.00015493053941703026
1812.0,9.823064927732608e-05,-0.0001549303764425538
1813.0,9.823150024195484e-05,-0.00015492994838916518
1814.0,9.823007213542268e-05,-0.00015493011697085342
1815.0,9.82286756218878e-05,-0.00015493027398665585
1816.0,9.822809661398084e-05,-0.00015493020009863464
1817.0,9.822749674210454e-05,-0.0001549301936636366
1818.0,9.822578114195693e-05,-0.0001549304303804624
1819.0,9.8226740390951e-05,-0.00015492998640259244
1820.0,9.822651743702022e-05,-0.0001549298060492279
1821.0,9.822530857408645e-05,-0.00015492990458123372
1822.0,9.822397475886313e-05,-0.00015492994453464065
1823.0,9.8224001608034e-05,-0.00015492969489926142
1824.0,9.822371095186765e-05,-0.00015492956474258136
1825.0,9.822425217862075e-05,-0.0001549292403659599
1826.0,9.822417653158426e-05,-0.00015492909496691285
1827.0,9.822407085115112e-05,-0.00015492894462658274
1828.0,9.822366795004166e-05,-0.0001549288239755717
1829.0,9.822440765593092e-05,-0.00015492845446609825
1830.0,9.822479544773155e-05,-0.00015492818376378864
1831.0,9.822442987359027e-05,-0.00015492807607988832
1832.0,9.822352788351716e-05,-0.000154928096873973
1833.0,9.822447173256294e-05,-0.00015492765896345297
1834.0,9.822496396539198e-05,-0.00015492731387367568
1835.0,9.822393269102414e-05,-0.00015492732288683502
1836.0,9.82223553987863e-05,-0.00015492751045673888
1837.0,9.822231532897017e-05,-0.00015492736765897565
1838.0,9.822171917235233e-05,-0.00015492734611803356
1839.0,9.822118835049036e-05,-0.00015492730483970607
1840.0,9.822188085062689e-05,-0.00015492695493813183
1841.0,9.822253008982502e-05,-0.0001549266166186292
1842.0,9.822192884652477e-05,-0.00015492657794158554
1843.0,9.82222314051142e-05,-0.00015492628630183166
1844.0,9.822111597142317e-05,-0.0001549263285073723
1845.0,9.822086967471369e-05,-0.00015492620521114468
1846.0,9.822036302616953e-05,-0.00015492617852544126
1847.0,9.822013303383876e-05,-0.00015492611586109258
1848.0,9.822062939473277e-05,-0.00015492585059488805
1849.0,9.822208519673839e-05,-0.00015492532944791097
1850.0,9.822058544709716e-05,-0.0001549255304404392
1851.0,9.822155254039983e-05,-0.0001549251513952374
1852.0,9.822212299070009e-05,-0.000154924790859615
1853.0,9.822254372721761e-05,-0.00015492445375173253
1854.0,9.82217230491866e-05,-0.000154924475140066
1855.0,9.822145578407465e-05,-0.00015492436921116516
1856.0,9.822057349048709e-05,-0.00015492440304172808
1857.0,9.822100256490764e-05,-0.00015492411739533209
1858.0,9.822000815938145e-05,-0.00015492421252370257
1859.0,9.821900647506199e-05,-0.0001549243523039766
1860.0,9.821940217028433e-05,-0.00015492415880777018
1861.0,9.822039085464747e-05,-0.0001549238217738798
1862.0,9.821931648584312e-05,-0.00015492401933271343
1863.0,9.821939026392039e-05,-0.00015492395380579648
1864.0,9.82204762405675e-05,-0.00015492361447815185
1865.0,9.821992289956936e-05,-0.0001549236352722365
1866.0,9.821853709240248e-05,-0.0001549238572553908
1867.0,9.821816797048987e-05,-0.00015492382651399695
1868.0,9.821796187463053e-05,-0.0001549237418462557
1869.0,9.821875266507724e-05,-0.0001549235049791335
1870.0,9.821873438927658e-05,-0.0001549233859975686
1871.0,9.821894418857173e-05,-0.00015492321838933858
1872.0,9.821796631008362e-05,-0.00015492334061268113
1873.0,9.821658120045133e-05,-0.00015492357077427177
1874.0,9.821717374033254e-05,-0.000154923350162283
1875.0,9.821896642790588e-05,-0.00015492283356581833
1876.0,9.822000513771673e-05,-0.00015492247986983814
1877.0,9.8219470423257e-05,-0.00015492252626517986
1878.0,9.82183561600054e-05,-0.0001549227386571118
1879.0,9.821812819623927e-05,-0.00015492272642067282
1880.0,9.821798690213267e-05,-0.00015492266017464538
1881.0,9.821801127939067e-05,-0.00015492252536571373
1882.0,9.821790737333582e-05,-0.00015492243910945517
1883.0,9.821813017160207e-05,-0.00015492225421482719
1884.0,9.821762296542432e-05,-0.00015492224072977196
1885.0,9.821784430556741e-05,-0.00015492201941254627
1886.0,9.821681823512296e-05,-0.00015492213658592987
1887.0,9.821566380353343e-05,-0.00015492229645967608
1888.0,9.821510913643137e-05,-0.00015492225919079404
1889.0,9.821631031269146e-05,-0.0001549218018781653
1890.0,9.821744843793185e-05,-0.0001549214147863256
1891.0,9.821690666339732e-05,-0.0001549214562704435
1892.0,9.821625750400187e-05,-0.00015492152155457397
1893.0,9.821662059539287e-05,-0.00015492140418696117
1894.0,9.8216833322757e-05,-0.00015492122676553252
1895.0,9.82171989254696e-05,-0.00015492098115809679
1896.0,9.82169838335814e-05,-0.00015492085064301757
1897.0,9.821722218746043e-05,-0.00015492063692154056
1898.0,9.821695852726248e-05,-0.00015492057734867317
1899.0,9.821669815867909e-05,-0.0001549205483992748
1900.0,9.821483736098976e-05,-0.00015492088890154359
1901.0,9.821579088192424e-05,-0.00015492047463611526
1902.0,9.821699233798633e-05,-0.00015492001439386282
1903.0,9.821863363000918e-05,-0.0001549194578532403
1904.0,9.821753506621224e-05,-0.00015491953708950096
1905.0,9.821676344318882e-05,-0.0001549196033054691
1906.0,9.821615481075083e-05,-0.00015491959541143988
1907.0,9.821658988712166e-05,-0.00015491928659627617
1908.0,9.82167368176625e-05,-0.0001549190555120969
1909.0,9.821766222440571e-05,-0.00015491862803445914
1910.0,9.8217800507685e-05,-0.0001549184160864796
1911.0,9.821821114571428e-05,-0.00015491814196203662
1912.0,9.821827881543767e-05,-0.00015491795025782574
1913.0,9.821835959546185e-05,-0.00015491772655435568
1914.0,9.821840511550596e-05,-0.0001549175250831912
1915.0,9.821946907547828e-05,-0.00015491709847496025
1916.0,9.821903004936701e-05,-0.00015491704146638062
1917.0,9.82186552348627e-05,-0.0001549170500471488
1918.0,9.82179556175087e-05,-0.0001549170074808968
1919.0,9.821790127778978e-05,-0.00015491683852693593
1920.0,9.821853367763563e-05,-0.0001549165016410297
1921.0,9.822003950311851e-05,-0.00015491592620236937
1922.0,9.822020553014693e-05,-0.0001549157113363275
1923.0,9.822045082488933e-05,-0.0001549155550558213
1924.0,9.821997183733598e-05,-0.00015491554369341366
1925.0,9.821972880564018e-05,-0.0001549154969466096
1926.0,9.822039222114534e-05,-0.00015491527219800154
1927.0,9.822242515520218e-05,-0.00015491465612613213
1928.0,9.822142710535326e-05,-0.0001549148069936558
1929.0,9.822012146737516e-05,-0.000154915036510128
1930.0,9.822008307341547e-05,-0.00015491493654221352
1931.0,9.822133550664622e-05,-0.0001549145163042376
1932.0,9.822163724947486e-05,-0.00015491437581410212
1933.0,9.8221546026136e-05,-0.0001549142652560722
1934.0,9.822077023957979e-05,-0.00015491434061931037
1935.0,9.822004736910195e-05,-0.00015491448732940442
1936.0,9.821836488706968e-05,-0.0001549148221874654
1937.0,9.821876545912293e-05,-0.00015491462966934168
1938.0,9.821860705866988e-05,-0.00015491460158472567
1939.0,9.821867464859057e-05,-0.0001549145051869287
1940.0,9.821846286703608e-05,-0.0001549145225126349
1941.0,9.821854862733909e-05,-0.00015491457297522838
1942.0,9.821730140492829e-05,-0.0001549148894878799
1943.0,9.821694670168644e-05,-0.00015491500299171914
1944.0,9.82169417529346e-05,-0.00015491505991012093
1945.0,9.821754796075019e-05,-0.00015491497745289288
1946.0,9.821828946958906e-05,-0.00015491490580544413
1947.0,9.821973251203167e-05,-0.00015491470052831242
1948.0,9.821959215191207e-05,-0.0001549148555255186
1949.0,9.821885883417869e-05,-0.00015491516273135475
1950.0,9.82173400796752e-05,-0.0001549156558954549
1951.0,9.821862027931512e-05,-0.00015491548011110085
1952.0,9.821887266073321e-05,-0.00015491553661792172
1953.0,9.821847306798703e-05,-0.00015491577090457042
1954.0,9.821756651044157e-05,-0.00015491608604374408
1955.0,9.821760310046643e-05,-0.00015491616003350433
1956.0,9.821705625304253e-05,-0.00015491636891081285
1957.0,9.821711300556123e-05,-0.00015491645458900831
1958.0,9.82174277118931e-05,-0.00015491649532626878
1959.0,9.82187734354508e-05,-0.00015491628170653086
1960.0,9.8217921879691e-05,-0.00015491657224565267
1961.0,9.821729992414509e-05,-0.0001549167842699365
1962.0,9.821673097630281e-05,-0.0001549170147806772
1963.0,9.821647796335974e-05,-0.0001549171122351735
1964.0,9.821556977035181e-05,-0.00015491737025015494
1965.0,9.82171384163133e-05,-0.0001549170531363178
1966.0,9.821806111764689e-05,-0.00015491690462729148
1967.0,9.821829258681997e-05,-0.00015491688948203914
1968.0,9.821736553968818e-05,-0.00015491713423394156
1969.0,9.821708232586135e-05,-0.00015491723096701515
1970.0,9.82171231483843e-05,-0.00015491729595055282
1971.0,9.821726799912918e-05,-0.00015491734428356197
1972.0,9.821631537868429e-05,-0.00015491765462481217
1973.0,9.821591277018468e-05,-0.00015491780301591363
1974.0,9.821565727547653e-05,-0.00015491791765506876
1975.0,9.821682818878411e-05,-0.00015491768430488226
1976.0,9.821751218156005e-05,-0.00015491759495945466
1977.0,9.82187520453749e-05,-0.0001549174058449663
1978.0,9.821873124643e-05,-0.0001549174918861854
1979.0,9.821818197635414e-05,-0.00015491766289342626
1980.0,9.821753842186598e-05,-0.0001549179077378188
1981.0,9.821757577247942e-05,-0.0001549179788534495
1982.0,9.821706568453794e-05,-0.0001549182169599389
1983.0,9.821739153467474e-05,-0.0001549182639240947
1984.0,9.821706791014623e-05,-0.00015491842810787915
1985.0,9.821728187100376e-05,-0.00015491844805799168
1986.0,9.821707814755026e-05,-0.00015491859037480642
1987.0,9.821736856233813e-05,-0.0001549186052518375
1988.0,9.821733051320487e-05,-0.00015491871517399802
1989.0,9.82177589590561e-05,-0.00015491873246270823
1990.0,9.82181558050135e-05,-0.00015491873581778627
1991.0,9.821937573293472e-05,-0.00015491850181785686
1992.0,9.821755807697237e-05,-0.0001549189864983035
1993.0,9.821534264106559e-05,-0.00015491959239626296
1994.0,9.821570134232355e-05,-0.00015491962952409756
1995.0,9.821699512418386e-05,-0.0001549194724435521
1996.0,9.821734923432424e-05,-0.00015491949694186485
1997.0,9.821760848074393e-05,-0.00015491952180088898
1998.0,9.821696990357893e-05,-0.00015491973659756327
1999.0,9.82165424981183e-05,-0.00015491991550808243
2000.0,9.821658100734854e-05,-0.00015492002053289262
2001.0,9.821792561957994e-05,-0.00015491977899964536
2002.0,9.821749655796721e-05,-0.00015492000624317358
2003.0,9.821707322539931e-05,-0.00015492020694898262
2004.0,9.821664130763855e-05,-0.00015492043907367538
2005.0,9.821742994144227e-05,-0.00015492035422095396
2006.0,9.821848991916193e-05,-0.00015492026844795613
2007.0,9.821895537375583e-05,-0.00015492031378891083
2008.0,9.821812212433847e-05,-0.00015492065513052718
2009.0,9.821953641613874e-05,-0.00015492044361493882
2010.0,9.822075191747386e-05,-0.00015492029558223646
2011.0,9.822136052232573e-05,-0.00015492024751513636
2012.0,9.822214583397311e-05,-0.0001549202476538715
2013.0,9.822304160534791e-05,-0.00015492018277900966
2014.0,9.822220559140781e-05,-0.00015492056328324265
2015.0,9.822179373860428e-05,-0.00015492083224442627
2016.0,9.822222870463066e-05,-0.00015492093729929578
2017.0,9.82233963332202e-05,-0.00015492081143646816
2018.0,9.822478281230601e-05,-0.00015492067558933522
2019.0,9.822629512348139e-05,-0.0001549205032964821
2020.0,9.82269417646587e-05,-0.00015492049411452833
2021.0,9.822577402276904e-05,-0.00015492085247663362
2022.0,9.82275396473791e-05,-0.00015492052844453776
2023.0,9.823021247288224e-05,-0.00015491992907175418
2024.0,9.823036419946608e-05,-0.00015492003501915306
2025.0,9.823065022116527e-05,-0.0001549201307070886
2026.0,9.823072128890679e-05,-0.00015492024502484068
2027.0,9.823093506651371e-05,-0.00015492030338608789
2028.0,9.823085828155001e-05,-0.00015492043291152308
2029.0,9.823111613585613e-05,-0.00015492046970408117
2030.0,9.823122287441379e-05,-0.00015492057760070868
2031.0,9.823116653667203e-05,-0.0001549206704653842
2032.0,9.823026508748378e-05,-0.00015492099709182714
2033.0,9.822872128872945e-05,-0.00015492146163949326
2034.0,9.822943857104874e-05,-0.0001549214013960727
2035.0,9.823130129286955e-05,-0.00015492106327773603
2036.0,9.823291809926037e-05,-0.0001549208296431425
2037.0,9.823217802686986e-05,-0.0001549211620548406
2038.0,9.823174600763163e-05,-0.00015492147608182091
2039.0,9.823160751055998e-05,-0.00015492169067732927
2040.0,9.823217239437647e-05,-0.00015492171838736043
2041.0,9.82331042493739e-05,-0.00015492165850465123
2042.0,9.823444346753474e-05,-0.00015492157769143451
2043.0,9.823559365283313e-05,-0.00015492149317398966
2044.0,9.823584560075517e-05,-0.00015492156714062743
2045.0,9.823691826020564e-05,-0.00015492141477938884
2046.0,9.823662462670938e-05,-0.00015492163627234569
2047.0,9.823593830783288e-05,-0.00015492186646168333
2048.0,9.823744316780177e-05,-0.0001549216193998409
2049.0,9.823750588581767e-05,-0.00015492174182203718
2050.0,9.823684267326745e-05,-0.00015492202343355294
2051.0,9.823673211698864e-05,-0.00015492206445984492
2052.0,9.823712098070686e-05,-0.00015492190669487278
2053.0,9.823703800167527e-05,-0.00015492187367822268
2054.0,9.823723700888846e-05,-0.00015492179787565663
2055.0,9.823741371568397e-05,-0.00015492170628503206
2056.0,9.823709509507953e-05,-0.00015492168150462455
2057.0,9.823682150191002e-05,-0.0001549216690508338
2058.0,9.823634335671837e-05,-0.00015492174694830044
2059.0,9.823598278453074e-05,-0.00015492176923378778
2060.0,9.823447420043643e-05,-0.00015492206265397588
2061.0,9.823337163468248e-05,-0.0001549222659610687
2062.0,9.823434011320218e-05,-0.00015492194085608776
2063.0,9.823491912800567e-05,-0.00015492171695145177
2064.0,9.82335286706081e-05,-0.00015492199018798987
2065.0,9.823238580646738e-05,-0.00015492219023480696
2066.0,9.823103742873138e-05,-0.0001549225033761947
2067.0,9.822991694481104e-05,-0.0001549227773619025
2068.0,9.823097575603218e-05,-0.0001549224786512812
2069.0,9.823223923848688e-05,-0.0001549221417214422
2070.0,9.823252157743983e-05,-0.00015492200771948655
2071.0,9.823265240261605e-05,-0.0001549218816786155
2072.0,9.823293300856989e-05,-0.00015492174687430836
2073.0,9.82313219666917e-05,-0.0001549220775101967
2074.0,9.822955765734815e-05,-0.00015492246962656059
2075.0,9.822887226162126e-05,-0.00015492257471611386
2076.0,9.822805774613111e-05,-0.0001549226575479268
2077.0,9.822703927960203e-05,-0.00015492281206418452
2078.0,9.822792486874502e-05,-0.00015492247852641957
2079.0,9.822911200662862e-05,-0.00015492205347664666
2080.0,9.822922367817463e-05,-0.0001549218603457761
2081.0,9.822896208200916e-05,-0.00015492178822431565
2082.0,9.822837748594362e-05,-0.00015492180806112783
2083.0,9.822828713944911e-05,-0.00015492171260441753
2084.0,9.822727597634375e-05,-0.00015492181308333978
2085.0,9.822610343545544e-05,-0.0001549219544914394
2086.0,9.822547444446516e-05,-0.00015492197755384349
2087.0,9.822539112947412e-05,-0.00015492185852140905
2088.0,9.822561867649292e-05,-0.0001549216722486787
2089.0,9.822495104523836e-05,-0.00015492166868318573
2090.0,9.822341169474494e-05,-0.00015492193119318555
2091.0,9.822389751084678e-05,-0.00015492166784846262
2092.0,9.822331397586142e-05,-0.00015492171470625485
2093.0,9.822198773401164e-05,-0.0001549219254796102
2094.0,9.822165611246566e-05,-0.00015492189418790027
2095.0,9.822186469698657e-05,-0.00015492173744263138
2096.0,9.822162692143074e-05,-0.00015492171779079935
2097.0,9.822142517334006e-05,-0.00015492169306588588
2098.0,9.822223483465932e-05,-0.00015492142488161899
2099.0,9.822408017525772e-05,-0.00015492090144551214
2100.0,9.822403910544497e-05,-0.0001549208646945746
2101.0,9.822402179515829e-05,-0.00015492080128336845
2102.0,9.822439334760461e-05,-0.00015492067105963306
2103.0,9.822446651681692e-05,-0.00015492062569786807
2104.0,9.822406920682168e-05,-0.0001549206528853302
2105.0,9.822546864152899e-05,-0.0001549201996815737
2106.0,9.822645453181285e-05,-0.00015491988470888222
2107.0,9.822652822614654e-05,-0.0001549197398324042
2108.0,9.822613512500415e-05,-0.00015491972626179566
2109.0,9.822586425891909e-05,-0.00015491971022170168
2110.0,9.822561151494063e-05,-0.00015491966940813694
2111.0,9.822561971195743e-05,-0.00015491955888941532
2112.0,9.82255957632694e-05,-0.00015491958609306324
2113.0,9.822550251924769e-05,-0.00015491957468672282
2114.0,9.822498036336647e-05,-0.00015491969467180519
2115.0,9.82248315609107e-05,-0.00015491972797979908
2116.0,9.822468545105675e-05,-0.00015491984854525676
2117.0,9.822489721192167e-05,-0.00015491989421455128
2118.0,9.822355192777136e-05,-0.0001549202731002077
2119.0,9.822256098824336e-05,-0.00015492055297522205
2120.0,9.822471459381599e-05,-0.0001549201179827644
2121.0,9.822530036032094e-05,-0.00015492004792152072
2122.0,9.82248882651537e-05,-0.0001549202072241406
2123.0,9.822468304219785e-05,-0.0001549203299214949
2124.0,9.822439512986463e-05,-0.00015492052464088275
2125.0,9.822373339514198e-05,-0.0001549207959675005
2126.0,9.822351583528178e-05,-0.000154920986732937
2127.0,9.822360582315679e-05,-0.0001549211200180944
2128.0,9.822320336243994e-05,-0.00015492132944803117
2129.0,9.822289375067222e-05,-0.00015492147060640755
2130.0,9.822209979570413e-05,-0.00015492178827749745
2131.0,9.822078598533968e-05,-0.00015492216307971636
2132.0,9.822158230975794e-05,-0.00015492207955653998
2133.0,9.822232558607856e-05,-0.0001549220740186958
2134.0,9.822319257035795e-05,-0.00015492203862042586
2135.0,9.82254379086273e-05,-0.0001549216792733011
2136.0,9.822519817347213e-05,-0.00015492194072660163
2137.0,9.822502350016736e-05,-0.0001549221215771004
2138.0,9.822555512892315e-05,-0.0001549221629409812
2139.0,9.822688936089387e-05,-0.0001549220475757789
2140.0,9.822768526068302e-05,-0.00015492203359590166
2141.0,9.822857409316486e-05,-0.00015492196614287857
2142.0,9.822963173000572e-05,-0.00015492186905140587
2143.0,9.822998080568025e-05,-0.00015492182305377154
2144.0,9.823032439959979e-05,-0.00015492176926384707
2145.0,9.823040226042197e-05,-0.00015492174376895357
2146.0,9.823064512758632e-05,-0.00015492169867078537
2147.0,9.822983891551655e-05,-0.0001549219038693005
2148.0,9.822736821445752e-05,-0.00015492249930663067
2149.0,9.82278691497204e-05,-0.00015492232990640514
2150.0,9.822982075006033e-05,-0.00015492186124755448
2151.0,9.82293668540483e-05,-0.00015492199789010218
2152.0,9.822831723392929e-05,-0.00015492225527615099
2153.0,9.822790605008902e-05,-0.00015492234263766612
2154.0,9.822802057187177e-05,-0.00015492241539730818
2155.0,9.822822624802807e-05,-0.00015492242569839203
2156.0,9.822856864096644e-05,-0.00015492240439792413
2157.0,9.82291182016817e-05,-0.0001549223254113867
2158.0,9.822932115075357e-05,-0.00015492234722748685
2159.0,9.822944290305388e-05,-0.00015492234373136145
2160.0,9.822937123827002e-05,-0.0001549223947072749
2161.0,9.822925530565459e-05,-0.00015492241942525163
2162.0,9.822834677471675e-05,-0.00015492275803378583
2163.0,9.822911778493432e-05,-0.00015492269026860862
2164.0,9.823087054160733e-05,-0.0001549223561204091
2165.0,9.8233295301934e-05,-0.00015492184899492973
2166.0,9.823314163151432e-05,-0.00015492201895703258
2167.0,9.823273323091593e-05,-0.00015492222318208953
2168.0,9.82325579920958e-05,-0.0001549223276750817
2169.0,9.82327806465202e-05,-0.0001549223176329701
2170.0,9.823236161147478e-05,-0.0001549224632655546
2171.0,9.823404708857086e-05,-0.0001549220011110696
2172.0,9.823549166401322e-05,-0.0001549215995283449
2173.0,9.823597960523106e-05,-0.0001549214635864097
2174.0,9.823556315441344e-05,-0.0001549215059954285
2175.0,9.823532304093441e-05,-0.00015492152891909746
2176.0,9.82352409929342e-05,-0.0001549214350000349
2177.0,9.823434150531573e-05,-0.00015492156667355249
2178.0,9.823406143433548e-05,-0.00015492158381890306
2179.0,9.823406552496212e-05,-0.00015492152947866252
2180.0,9.823428931632848e-05,-0.0001549213324169631
2181.0,9.823556438298074e-05,-0.00015492094575289008
2182.0,9.823582231314868e-05,-0.000154920784239757
2183.0,9.823609294573699e-05,-0.00015492056253176066
2184.0,9.823569067713771e-05,-0.00015492052908040713
2185.0,9.823514270755012e-05,-0.00015492055970387612
2186.0,9.823509659834542e-05,-0.00015492050578909004
2187.0,9.823515549962535e-05,-0.0001549203510994134
2188.0,9.823502962123051e-05,-0.0001549202560681575
2189.0,9.823508611069592e-05,-0.00015492014174809318
2190.0,9.823502163308002e-05,-0.0001549200976996875
2191.0,9.823624102602768e-05,-0.00015491968882643144
2192.0,9.823771105557171e-05,-0.0001549192417223964
2193.0,9.823747719822931e-05,-0.00015491922431576136
2194.0,9.823718544354446e-05,-0.0001549192608770942
2195.0,9.823855757982132e-05,-0.00015491884717354316
2196.0,9.823934270624766e-05,-0.0001549185521509642
2197.0,9.823944256009937e-05,-0.00015491837407979265
2198.0,9.823949691262614e-05,-0.00015491828641074797
2199.0,9.824145578781847e-05,-0.00015491771847997077
2200.0,9.824310584828478e-05,-0.00015491723116818108
2201.0,9.824414680636393e-05,-0.0001549168624934307
2202.0,9.824431526392605e-05,-0.0001549167321124621
2203.0,9.824505241612932e-05,-0.00015491642934152582
2204.0,9.8246065710262e-05,-0.00015491604813899266
2205.0,9.82455087180446e-05,-0.0001549160623061623
2206.0,9.824435955441764e-05,-0.00015491628055040472
2207.0,9.82437916528773e-05,-0.00015491636266773173
2208.0,9.824508473424733e-05,-0.0001549159569807593
2209.0,9.824709818068492e-05,-0.00015491541351361106
2210.0,9.824783153782705e-05,-0.00015491517630196328
2211.0,9.824802383176229e-05,-0.00015491502788542706
2212.0,9.824758243127478e-05,-0.00015491508631141734
2213.0,9.824695174767935e-05,-0.00015491516535113655
2214.0,9.824720534879778e-05,-0.0001549150496090371
2215.0,9.824904478202688e-05,-0.00015491455044233004
2216.0,9.824958050239457e-05,-0.0001549143992071583
2217.0,9.82497101630427e-05,-0.00015491437122428138
2218.0,9.824920493222776e-05,-0.00015491457775696608
2219.0,9.825124170666578e-05,-0.000154914149497787
2220.0,9.825260570700939e-05,-0.00015491384324228653
2221.0,9.825264783691712e-05,-0.00015491386968751573
2222.0,9.825292067836502e-05,-0.000154913848562779
2223.0,9.825363868087892e-05,-0.0001549137041117554
2224.0,9.825387468402692e-05,-0.00015491364527418425
2225.0,9.825422092818387e-05,-0.00015491350794489764
2226.0,9.825453610742055e-05,-0.00015491344940329476
2227.0,9.825568437646923e-05,-0.0001549131435824977
2228.0,9.825745944538255e-05,-0.00015491270440255118
2229.0,9.825758246368846e-05,-0.00015491268121066096
2230.0,9.825788765773702e-05,-0.00015491262454429467
2231.0,9.825839868163596e-05,-0.00015491247655552513
2232.0,9.82583120661634e-05,-0.00015491244811944674
2233.0,9.825989131603016e-05,-0.00015491194178938214
2234.0,9.826186574979092e-05,-0.0001549114275860986
2235.0,9.826323751562569e-05,-0.00015491106667820358
2236.0,9.826348868226954e-05,-0.0001549109791872023
2237.0,9.826363704630311e-05,-0.00015491084111799496
2238.0,9.826376414045742e-05,-0.0001549107190310753
2239.0,9.82645342117619e-05,-0.00015491034622664232
2240.0,9.826518126377525e-05,-0.00015491000853607234
2241.0,9.8263732916917e-05,-0.0001549102089320395
2242.0,9.826469860628349e-05,-0.00015490994307621063
2243.0,9.826626257245775e-05,-0.00015490953328961497
2244.0,9.826701118964714e-05,-0.0001549093026447636
2245.0,9.826690255947022e-05,-0.00015490922708498404
2246.0,9.826711060409146e-05,-0.00015490917652990048
2247.0,9.82674182217772e-05,-0.00015490914407975217
2248.0,9.826719628360657e-05,-0.0001549092583905675
2249.0,9.826731568616109e-05,-0.0001549092550909835
2250.0,9.826796593619325e-05,-0.00015490913164677175
2251.0,9.826876917191835e-05,-0.00015490890755946783
2252.0,9.82701006758194e-05,-0.0001549086247918259
2253.0,9.827073543821888e-05,-0.00015490858803395162
2254.0,9.826984752396053e-05,-0.00015490894154032714
2255.0,9.826888380404555e-05,-0.00015490925515110205
2256.0,9.827039149159113e-05,-0.00015490896081526203
2257.0,9.827229759159133e-05,-0.00015490858627432763
2258.0,9.827357779812778e-05,-0.00015490845768073008
2259.0,9.82746520477207e-05,-0.00015490834476189063
2260.0,9.827502926024652e-05,-0.0001549084028063593
2261.0,9.827513533969308e-05,-0.00015490848366813334
2262.0,9.827539216641645e-05,-0.00015490860472841298
2263.0,9.827648447703245e-05,-0.00015490849177488976
2264.0,9.82778763117653e-05,-0.00015490830221644893
2265.0,9.827802911913368e-05,-0.0001549084913656211
2266.0,9.827706999723282e-05,-0.00015490895839664619
2267.0,9.827623637047683e-05,-0.00015490931880278246
2268.0,9.827744420976871e-05,-0.00015490915542134954
2269.0,9.827817343687544e-05,-0.00015490906892924125
2270.0,9.827812994244028e-05,-0.00015490921419186542
2271.0,9.827756969309097e-05,-0.0001549095177142837
2272.0,9.827658221266468e-05,-0.0001549099288558592
2273.0,9.827570930032638e-05,-0.00015491028779602756
2274.0,9.82741687389996e-05,-0.00015491079576316675
2275.0,9.827275538709765e-05,-0.00015491123882769705
2276.0,9.827257007639018e-05,-0.0001549113671230141
2277.0,9.827383444554142e-05,-0.00015491129784793616
2278.0,9.827547635529618e-05,-0.000154911112530166
2279.0,9.827505392026219e-05,-0.0001549114110719929
2280.0,9.827401920846747e-05,-0.00015491188164538846
2281.0,9.827367146776382e-05,-0.00015491217328745456
2282.0,9.827386199126167e-05,-0.00015491236745421413
2283.0,9.82745472431467e-05,-0.00015491245039470298
2284.0,9.827509716740753e-05,-0.00015491263657263095
2285.0,9.827474033116795e-05,-0.00015491292180282154
2286.0,9.827640992654398e-05,-0.00015491273550003194
2287.0,9.827817874917286e-05,-0.000154912504501406
2288.0,9.827889426006953e-05,-0.00015491255017532503
2289.0,9.828006173003891e-05,-0.00015491250749114817
2290.0,9.828131473863717e-05,-0.00015491246200914608
2291.0,9.828025195994168e-05,-0.00015491295709704015
2292.0,9.828009944912401e-05,-0.00015491329636456623
2293.0,9.828055466828431e-05,-0.0001549134043213123
2294.0,9.828131703715162e-05,-0.00015491352251208691
2295.0,9.828237341586863e-05,-0.0001549135583681828
2296.0,9.828280701244146e-05,-0.00015491368919079153
2297.0,9.828212650930896e-05,-0.0001549140676625548
2298.0,9.828341389611686e-05,-0.00015491395888033466
2299.0,9.828433981911451e-05,-0.00015491386915338545
2300.0,9.828505222952897e-05,-0.00015491391684127622
2301.0,9.828648964144859e-05,-0.00015491377163414613
2302.0,9.828559313411566e-05,-0.00015491427818849917
2303.0,9.828444342172211e-05,-0.00015491481607849496
2304.0,9.828404045657343e-05,-0.00015491519024946895
2305.0,9.82841768088247e-05,-0.000154915397628438
2306.0,9.828472778825441e-05,-0.000154915538150945
2307.0,9.828552788901467e-05,-0.00015491561071635787
2308.0,9.828592596156893e-05,-0.00015491584389774993
2309.0,9.828713837720014e-05,-0.00015491585508211418
2310.0,9.828763529868337e-05,-0.00015491606882440145
2311.0,9.828766392420297e-05,-0.00015491634734443596
2312.0,9.82882086819787e-05,-0.00015491648820221954
2313.0,9.828915647879449e-05,-0.00015491667926131208
2314.0,9.828998157750032e-05,-0.00015491694921445195
2315.0,9.829131378780294e-05,-0.0001549169769591669
2316.0,9.829323984143068e-05,-0.00015491686959204513
2317.0,9.829526340606086e-05,-0.00015491666933712534
2318.0,9.829544459559993e-05,-0.00015491697566430562
2319.0,9.829609454317005e-05,-0.00015491717535966038
2320.0,9.829722616202835e-05,-0.000154917257107027
2321.0,9.829896398870226e-05,-0.0001549171530024932
2322.0,9.830030918910903e-05,-0.0001549171522417622
2323.0,9.830170856568847e-05,-0.00015491705081250426
2324.0,9.830262074094902e-05,-0.00015491699924465423
2325.0,9.830304244002491e-05,-0.0001549172103509739
2326.0,9.830436396661956e-05,-0.00015491725810591999
2327.0,9.830588469648588e-05,-0.00015491716092658173
2328.0,9.830678974861769e-05,-0.00015491721056138888
2329.0,9.830841489783764e-05,-0.00015491705004021204
2330.0,9.830774147842517e-05,-0.00015491749427242973
2331.0,9.83075690376252e-05,-0.00015491782297527522
2332.0,9.830769246972283e-05,-0.00015491807363498215
2333.0,9.830787182380008e-05,-0.00015491825780125068
2334.0,9.830890390998784e-05,-0.00015491827714555315
2335.0,9.831082718431459e-05,-0.00015491804289127602
2336.0,9.831207544711598e-05,-0.00015491799400795087
2337.0,9.831286106516628e-05,-0.0001549180953794025
2338.0,9.831329122923834e-05,-0.00015491830420584144
2339.0,9.831427959537594e-05,-0.00015491828732408763
2340.0,9.831569738273095e-05,-0.00015491818929846502
2341.0,9.831539017883694e-05,-0.0001549185205679105
2342.0,9.8315687867492e-05,-0.00015491875282902618
2343.0,9.831711937893884e-05,-0.00015491870408443614
2344.0,9.83178199765851e-05,-0.00015491878259233738
2345.0,9.831778462103885e-05,-0.0001549189266734006
2346.0,9.831728208873701e-05,-0.00015491924659662422
2347.0,9.831844753802354e-05,-0.0001549191142803005
2348.0,9.831931050556766e-05,-0.00015491914227705095
2349.0,9.831980313149884e-05,-0.00015491930061083714
2350.0,9.83198244220677e-05,-0.00015491956054498797
2351.0,9.831939945502252e-05,-0.00015491979192513552
2352.0,9.831930179328165e-05,-0.0001549199600212508
2353.0,9.831880480677399e-05,-0.00015492020750854763
2354.0,9.83178983388834e-05,-0.00015492061383138943
2355.0,9.831761987577952e-05,-0.00015492086194993118
2356.0,9.83178348691459e-05,-0.00015492098388192994
2357.0,9.831900863367542e-05,-0.00015492077035236988
2358.0,9.831925784071996e-05,-0.00015492090299472117
2359.0,9.831860519463673e-05,-0.00015492119513392153
2360.0,9.832005610700361e-05,-0.00015492096348786494
2361.0,9.832076133813185e-05,-0.00015492099495993054
2362.0,9.832009712262936e-05,-0.00015492143135592532
2363.0,9.831976929910018e-05,-0.0001549216333172873
2364.0,9.831977402026659e-05,-0.00015492174181741268
2365.0,9.831993730740273e-05,-0.00015492180734895413
2366.0,9.832017016573372e-05,-0.0001549219026299333
2367.0,9.832122350012598e-05,-0.0001549217682788276
2368.0,9.832242101728505e-05,-0.00015492155635628285
2369.0,9.832171058617428e-05,-0.00015492178972034286
2370.0,9.832074021110924e-05,-0.00015492211391429642
2371.0,9.832027338312093e-05,-0.00015492225686235603
2372.0,9.832107938928007e-05,-0.00015492205915322598
2373.0,9.832120294945609e-05,-0.0001549219855449873
2374.0,9.832134794502808e-05,-0.00015492198620860372
2375.0,9.832162191356578e-05,-0.0001549219145842775
2376.0,9.832166774099802e-05,-0.00015492183900137543
2377.0,9.832122808631746e-05,-0.00015492189329074642
2378.0,9.832013272645063e-05,-0.00015492216637930033
2379.0,9.83213763685779e-05,-0.00015492186357830476
2380.0,9.832337323083476e-05,-0.00015492131035345198
2381.0,9.832326963709413e-05,-0.00015492131949378516
2382.0,9.832225699714644e-05,-0.00015492157339526983
2383.0,9.832165513512906e-05,-0.00015492165233787445
2384.0,9.832148981942827e-05,-0.0001549216234555314
2385.0,9.832088615938737e-05,-0.00015492171278939769
2386.0,9.831976420059514e-05,-0.00015492193595873746
2387.0,9.832071444370811e-05,-0.0001549216095080257
2388.0,9.832136757254835e-05,-0.0001549213379779298
2389.0,9.832107060999922e-05,-0.00015492124847064456
2390.0,9.832034231786471e-05,-0.00015492130610122003
2391.0,9.831992143454965e-05,-0.0001549213033218928
2392.0,9.831971845000993e-05,-0.00015492121752114796
2393.0,9.831814818730511e-05,-0.0001549214768240539
2394.0,9.83171816821778e-05,-0.0001549216072605165
2395.0,9.831662918846745e-05,-0.00015492159872830565
2396.0,9.831653774345447e-05,-0.00015492152622301132
2397.0,9.831627260739941e-05,-0.00015492152155688625
2398.0,9.831632613431317e-05,-0.00015492149199242876
2399.0,9.831671010445176e-05,-0.00015492137585262192
2400.0,9.831702590536123e-05,-0.00015492128791073147
2401.0,9.831636850264374e-05,-0.0001549213675169525
2402.0,9.831641000792302e-05,-0.00015492132647447476
2403.0,9.831607171940435e-05,-0.00015492135727598723
2404.0,9.831393492756837e-05,-0.00015492186229500474
2405.0,9.831496637631985e-05,-0.00015492156418788129
2406.0,9.83168084302298e-05,-0.00015492107062607373
2407.0,9.831592800658669e-05,-0.00015492121792810436
2408.0,9.831532383915833e-05,-0.00015492131472823325
2409.0,9.831516106039485e-05,-0.0001549213258779137
2410.0,9.831481326156333e-05,-0.00015492143046802044
2411.0,9.831454789890804e-05,-0.00015492147571186056
2412.0,9.831444631205721e-05,-0.0001549215210851868
2413.0,9.831439366001735e-05,-0.00015492149183750787
2414.0,9.831411400282882e-05,-0.0001549215880156409
2415.0,9.831402288687876e-05,-0.00015492164282758086
2416.0,9.831336366249253e-05,-0.00015492187284581185
2417.0,9.831196564058834e-05,-0.00015492227225501938
2418.0,9.831316743063947e-05,-0.00015492197887413954
2419.0,9.831490371150574e-05,-0.0001549214902212435
2420.0,9.831366808905597e-05,-0.00015492177663993178
2421.0,9.831274633648766e-05,-0.00015492201467474137
2422.0,9.83116067747989e-05,-0.0001549223630317311
2423.0,9.831139874889682e-05,-0.00015492255312198993
2424.0,9.831078222584494e-05,-0.000154922786009726
2425.0,9.831068542222927e-05,-0.00015492285713460571
2426.0,9.831053347692693e-05,-0.00015492301843963606
2427.0,9.831007691786966e-05,-0.00015492323683648714
2428.0,9.830860048342104e-05,-0.0001549237170011051
2429.0,9.830930797266976e-05,-0.00015492364280555434
2430.0,9.831030271021453e-05,-0.00015492350824634595
2431.0,9.831035655535383e-05,-0.0001549235468517098
2432.0,9.83090780236886e-05,-0.00015492398798782174
2433.0,9.830883197623936e-05,-0.00015492413284348946
2434.0,9.830932419921623e-05,-0.0001549241176219328
2435.0,9.830843714800919e-05,-0.00015492447904314784
2436.0,9.830695417269583e-05,-0.000154924989815049
2437.0,9.830548614413028e-05,-0.00015492549183738764
2438.0,9.830631360538975e-05,-0.00015492540740549612
2439.0,9.830733957140105e-05,-0.00015492529214434513
2440.0,9.83077551108917e-05,-0.0001549252812166409
2441.0,9.830707325308394e-05,-0.00015492548353871423
2442.0,9.830577903575713e-05,-0.00015492588996329515
2443.0,9.830496982960875e-05,-0.0001549261663699311
2444.0,9.830405160510741e-05,-0.00015492646622280502
2445.0,9.830430588011521e-05,-0.00015492654330173433
2446.0,9.830455419061104e-05,-0.0001549266188707629
2447.0,9.830247086854613e-05,-0.00015492724588883454
2448.0,9.830247962910784e-05,-0.00015492737873235178
2449.0,9.830324540387503e-05,-0.0001549272255895719
2450.0,9.830318547107147e-05,-0.00015492732533551018
2451.0,9.830296505801886e-05,-0.000154927474105821
2452.0,9.83026840481255e-05,-0.0001549276594166544
2453.0,9.830182093279863e-05,-0.00015492791834035096
2454.0,9.83009540903907e-05,-0.00015492820237510716
2455.0,9.830033387276993e-05,-0.00015492838070525094
2456.0,9.829963300418863e-05,-0.00015492854004717915
2457.0,9.8299997757643e-05,-0.00015492854089808796
2458.0,9.830054656171055e-05,-0.00015492850370551028
2459.0,9.830033399099613e-05,-0.00015492863708778225
2460.0,9.82989604665466e-05,-0.00015492909396108313
2461.0,9.829750042416113e-05,-0.00015492953950897238
2462.0,9.829813260922936e-05,-0.00015492943898611733
2463.0,9.829895479760013e-05,-0.00015492924537661054
2464.0,9.829839722016303e-05,-0.00015492937104520898
2465.0,9.829791679222043e-05,-0.00015492947380632422
2466.0,9.829756413626236e-05,-0.00015492955684855213
2467.0,9.829758461402608e-05,-0.00015492951591243798
2468.0,9.829674089567837e-05,-0.00015492971188275434
2469.0,9.829712753674394e-05,-0.00015492960329707565
2470.0,9.829846691056929e-05,-0.00015492927883721308
2471.0,9.829806288237002e-05,-0.0001549293301992727
2472.0,9.829744741744265e-05,-0.00015492947043506042
2473.0,9.829709197627227e-05,-0.00015492951517251727
2474.0,9.829635501914225e-05,-0.0001549296391369858
2475.0,9.829550650475155e-05,-0.0001549297552837294
2476.0,9.829613030561148e-05,-0.00015492946383126793
2477.0,9.829654143230907e-05,-0.00015492921333804313
2478.0,9.829570969618713e-05,-0.00015492930950692716
2479.0,9.829436581400253e-05,-0.00015492950101459664
2480.0,9.829301065993463e-05,-0.00015492971150816946
2481.0,9.829227371462722e-05,-0.0001549298016212648
2482.0,9.829265076656245e-05,-0.00015492962972843129
2483.0,9.829153957719216e-05,-0.0001549298271069093
2484.0,9.829124269543094e-05,-0.0001549299124151444
2485.0,9.829053375889643e-05,-0.00015493007364155822
2486.0,9.828942340893219e-05,-0.00015493034354845304
2487.0,9.829015437889021e-05,-0.00015493015153671258
2488.0,9.829117343950597e-05,-0.00015492991985597223
2489.0,9.829128982630708e-05,-0.00015492987134260738
2490.0,9.829085464057701e-05,-0.0001549300048844248
2491.0,9.829054183473137e-05,-0.00015493006118545523
2492.0,9.828967702581413e-05,-0.00015493023456506695
2493.0,9.82894638216043e-05,-0.00015493019867659951
2494.0,9.828813200046293e-05,-0.00015493047100442249
2495.0,9.828805013078724e-05,-0.0001549304109159228
2496.0,9.828872163887606e-05,-0.00015493020171258675
2497.0,9.828742768361734e-05,-0.00015493047970311548
2498.0,9.828649310547635e-05,-0.0001549306456326504
2499.0,9.82859756747024e-05,-0.0001549307143319775
2500.0,9.828591377343253e-05,-0.0001549306417434421
2501.0,9.828502120992874e-05,-0.00015493073379420482
2502.0,9.828313769803e-05,-0.00015493108837115317
2503.0,9.828243075557745e-05,-0.00015493110956988195
2504.0,9.828180502368952e-05,-0.0001549311351133327
2505.0,9.828077454833378e-05,-0.00015493123726863787
2506.0,9.827917679705135e-05,-0.0001549315007867797
2507.0,9.827780506274358e-05,-0.0001549316910897657
2508.0,9.827705544260189e-05,-0.00015493177483260603
2509.0,9.827682822661649e-05,-0.00015493172748692863
2510.0,9.8273974065762e-05,-0.0001549323041880787
2511.0,9.827338523227227e-05,-0.00015493227233680373
2512.0,9.82733375526295e-05,-0.0001549321033180998
2513.0,9.827340785091549e-05,-0.00015493190936175517
2514.0,9.827235045446792e-05,-0.00015493208069964812
2515.0,9.827152556856926e-05,-0.0001549321399441757
2516.0,9.82703343607486e-05,-0.00015493224487880805
2517.0,9.826926445301301e-05,-0.00015493226493759648
2518.0,9.826757114540136e-05,-0.00015493244656732428
2519.0,9.826544799194318e-05,-0.0001549326965402923
2520.0,9.826602809442778e-05,-0.0001549323239994561
2521.0,9.82673077955472e-05,-0.00015493178363535043
2522.0,9.82661337581122e-05,-0.0001549318511346186
2523.0,9.826483309844249e-05,-0.00015493196510784507
2524.0,9.826372456719134e-05,-0.00015493210884900721
2525.0,9.826332361582903e-05,-0.00015493208841563396
2526.0,9.82630945909827e-05,-0.00015493200769259506
2527.0,9.826350721127133e-05,-0.00015493169451652358
2528.0,9.826430224505354e-05,-0.0001549312649347362
2529.0,9.82636539654581e-05,-0.0001549311699127293
2530.0,9.826199530994679e-05,-0.0001549313667154565
2531.0,9.826066346023408e-05,-0.00015493147823769556
2532.0,9.82614778446902e-05,-0.0001549311006237779
2533.0,9.826176142994435e-05,-0.00015493080704404437
2534.0,9.826124726418406e-05,-0.00015493064228219686
2535.0,9.826022962622362e-05,-0.00015493062336103655
2536.0,9.825894933101752e-05,-0.0001549307280829417
2537.0,9.8257903042907e-05,-0.00015493081638323126
2538.0,9.825663709248031e-05,-0.00015493094995973247
2539.0,9.825610295732897e-05,-0.00015493089535358295
2540.0,9.825633728067967e-05,-0.00015493062379805226
2541.0,9.825474230278693e-05,-0.00015493075982554082
2542.0,9.825185721100187e-05,-0.00015493129300316649
2543.0,9.82519471939508e-05,-0.00015493113046108117
2544.0,9.825276510351821e-05,-0.00015493083438642745
2545.0,9.82534218027898e-05,-0.0001549305223502963
2546.0,9.825393874982154e-05,-0.00015493022077710668
2547.0,9.825275221095071e-05,-0.000154930361385167
2548.0,9.825118682310633e-05,-0.00015493065565626396
2549.0,9.825072009068423e-05,-0.00015493065478916937
2550.0,9.825120365457688e-05,-0.00015493040947770192
2551.0,9.825204427441282e-05,-0.0001549300457488591
2552.0,9.825299020621025e-05,-0.0001549296229859037
2553.0,9.825293831377373e-05,-0.00015492942066383037
2554.0,9.825323358371771e-05,-0.0001549292228159652
2555.0,9.825361827208047e-05,-0.000154928953850157
2556.0,9.825405514647483e-05,-0.0001549286500780155
2557.0,9.825493104402475e-05,-0.00015492820189184643
2558.0,9.825510860993067e-05,-0.00015492786009702864
2559.0,9.825549001456064e-05,-0.0001549274859445526
2560.0,9.825524955921083e-05,-0.00015492733381916373
2561.0,9.825542604137655e-05,-0.0001549271024089569
2562.0,9.825580650315254e-05,-0.00015492686988424444
2563.0,9.82563562510593e-05,-0.00015492654831932172
2564.0,9.825690189848721e-05,-0.00015492623898852575
2565.0,9.825749452605286e-05,-0.00015492585191749636
2566.0,9.825840083926417e-05,-0.00015492546488115073
2567.0,9.825966200744093e-05,-0.00015492501286126737
2568.0,9.826079068640764e-05,-0.0001549245727055504
2569.0,9.82616249712895e-05,-0.00015492420133240162
2570.0,9.826194226874568e-05,-0.00015492399918143495
2571.0,9.82622372569172e-05,-0.00015492381054789503
2572.0,9.826174726151905e-05,-0.0001549238226941562
2573.0,9.826203408715641e-05,-0.00015492359782762327
2574.0,9.826398865300364e-05,-0.00015492299379565142
2575.0,9.82662193243272e-05,-0.00015492226520958673
2576.0,9.826643903393387e-05,-0.00015492213325397436
2577.0,9.826657093004248e-05,-0.00015492193983638453
2578.0,9.826666642036207e-05,-0.0001549217617374659
2579.0,9.82670767332693e-05,-0.00015492146924680323
2580.0,9.826710077555305e-05,-0.00015492126310257692
2581.0,9.82670512505963e-05,-0.00015492102068604928
2582.0,9.826744430641863e-05,-0.0001549207211337681
2583.0,9.826782777212541e-05,-0.00015492044024367503
2584.0,9.82681286223462e-05,-0.00015492018055693522
2585.0,9.826807900379369e-05,-0.0001549199812916594
2586.0,9.826758248033866e-05,-0.00015491988650087775
2587.0,9.826737797856265e-05,-0.0001549196814757815
2588.0,9.826832633695289e-05,-0.00015491928343311506
2589.0,9.826738242583835e-05,-0.00015491921711772007
2590.0,9.826537771631722e-05,-0.00015491935245846972
2591.0,9.826518727163685e-05,-0.0001549190347688818
2592.0,9.826484092304674e-05,-0.00015491877765105427
2593.0,9.82646308557722e-05,-0.00015491854332509733
2594.0,9.826387836076333e-05,-0.00015491850564463438
2595.0,9.826309773777015e-05,-0.0001549185024467895
2596.0,9.826307576444496e-05,-0.000154918331562098
2597.0,9.826391121582537e-05,-0.00015491789253938463
2598.0,9.82648606471184e-05,-0.000154917443807524
2599.0,9.826341136036182e-05,-0.00015491752149457568
2600.0,9.826186376556112e-05,-0.00015491763463307907
2601.0,9.826088932351469e-05,-0.00015491754332917383
2602.0,9.82599870831961e-05,-0.00015491746971399843
2603.0,9.82588686564117e-05,-0.00015491740970642758
2604.0,9.825814166772109e-05,-0.00015491725966669027
2605.0,9.825783152295025e-05,-0.0001549170286356928
2606.0,9.825693745206235e-05,-0.00015491699214603975
2607.0,9.825571097736508e-05,-0.00015491705499305638
2608.0,9.825443421121117e-05,-0.00015491717788001534
2609.0,9.825439598178294e-05,-0.00015491696298853872
2610.0,9.825337232315308e-05,-0.00015491698799554695
2611.0,9.825211131359646e-05,-0.00015491704216236856
2612.0,9.825043382268046e-05,-0.00015491719635028645
2613.0,9.824911289509854e-05,-0.00015491731441388717
2614.0,9.824834952919024e-05,-0.00015491732472884456
2615.0,9.824783191319523e-05,-0.00015491730399487847
2616.0,9.824748455475631e-05,-0.00015491724163112258
2617.0,9.824796219354572e-05,-0.0001549170228458131
2618.0,9.824735257293371e-05,-0.00015491702023528032
2619.0,9.82464310873596e-05,-0.00015491707764156732
2620.0,9.824566269585241e-05,-0.0001549171087806686
2621.0,9.824543752222467e-05,-0.0001549169595247848
2622.0,9.824463087271795e-05,-0.00015491697600651896
2623.0,9.82444964633173e-05,-0.0001549168415952947
2624.0,9.824394607206294e-05,-0.00015491682576792792
2625.0,9.824385092361414e-05,-0.00015491667208870555
2626.0,9.824356351571272e-05,-0.00015491663201506152
2627.0,9.824347122636759e-05,-0.00015491650900555315
2628.0,9.824317372391881e-05,-0.0001549164244511123
2629.0,9.824308427495824e-05,-0.0001549162641842832
2630.0,9.824266602316144e-05,-0.00015491626125003507
2631.0,9.824247096864433e-05,-0.00015491627568773821
2632.0,9.824189688781438e-05,-0.00015491635652870197
2633.0,9.824247623857735e-05,-0.00015491614784099813
2634.0,9.824209530488177e-05,-0.00015491618160450574
2635.0,9.82416749299394e-05,-0.00015491619903657558
2636.0,9.824329488804377e-05,-0.00015491573647975865
2637.0,9.824365495185874e-05,-0.00015491557259425474
2638.0,9.824311867779833e-05,-0.0001549156888173027
2639.0,9.824341047878844e-05,-0.00015491563594534238
2640.0,9.824391670565915e-05,-0.00015491552334790596
2641.0,9.82436004830762e-05,-0.00015491554524031046
2642.0,9.824385484970932e-05,-0.00015491549731888222
2643.0,9.824442594631282e-05,-0.00015491538318611033
2644.0,9.824475873731301e-05,-0.00015491540353855478
2645.0,9.824495089233246e-05,-0.00015491537202949314
2646.0,9.824486516848254e-05,-0.00015491541428127881
2647.0,9.824479114705633e-05,-0.00015491546957185502
2648.0,9.824388512941055e-05,-0.00015491576992417546
2649.0,9.824513636757142e-05,-0.00015491564477583376
2650.0,9.824587636804097e-05,-0.0001549155608248907
2651.0,9.824603482268103e-05,-0.00015491562597953507
2652.0,9.82457459172477e-05,-0.00015491589356955314
2653.0,9.824595142000557e-05,-0.00015491593237839518
2654.0,9.824835403557905e-05,-0.00015491546483867465
2655.0,9.824852358968921e-05,-0.00015491558034723662
2656.0,9.824739271270033e-05,-0.0001549160815464134
2657.0,9.824844468355037e-05,-0.00015491594729704684
2658.0,9.824944336295381e-05,-0.00015491586639134
2659.0,9.824925867687479e-05,-0.00015491602957391922
2660.0,9.82490765208365e-05,-0.00015491615393378285
2661.0,9.824959480480956e-05,-0.00015491621451941675
2662.0,9.824986551523012e-05,-0.00015491634798492983
2663.0,9.825013336359136e-05,-0.00015491646991461637
2664.0,9.825010806318374e-05,-0.00015491671620647879
2665.0,9.825053089033464e-05,-0.00015491675510781092
2666.0,9.825112659473725e-05,-0.00015491681002842677
2667.0,9.825101649954062e-05,-0.00015491707880694247
2668.0,9.825066688101077e-05,-0.0001549174361932773
2669.0,9.82506057088025e-05,-0.00015491766425534286
2670.0,9.825079169832543e-05,-0.00015491788416671916
2671.0,9.8253078045324e-05,-0.00015491756570252675
2672.0,9.825543383445381e-05,-0.00015491728007694102
2673.0,9.82554087596612e-05,-0.00015491759299866476
2674.0,9.825458940576367e-05,-0.00015491814541422928
2675.0,9.825433846374958e-05,-0.000154918576401866
2676.0,9.825642846756544e-05,-0.0001549184431005228
2677.0,9.825886190471025e-05,-0.00015491820350956747
2678.0,9.826078300564528e-05,-0.00015491815180067003
2679.0,9.826196500462989e-05,-0.0001549182796474101
2680.0,9.826239623470821e-05,-0.00015491857478560164
2681.0,9.826276488076035e-05,-0.0001549188243469888
2682.0,9.826338240380886e-05,-0.00015491911986438973
2683.0,9.826335260095332e-05,-0.0001549195352766952
2684.0,9.82644512307599e-05,-0.00015491967146835368
2685.0,9.826622908094467e-05,-0.00015491955758992955
2686.0,9.826642237881743e-05,-0.0001549198589920125
2687.0,9.826654066807518e-05,-0.00015492017513932816
2688.0,9.826661691905055e-05,-0.00015492050920428666
2689.0,9.826758649805916e-05,-0.00015492051572021354
2690.0,9.826696344497995e-05,-0.00015492094183824697
2691.0,9.826554254729055e-05,-0.0001549214766991923
2692.0,9.826610155723515e-05,-0.00015492158122686826
2693.0,9.826608776417804e-05,-0.00015492174132490292
2694.0,9.826532322980078e-05,-0.00015492220077174053
2695.0,9.826480377440308e-05,-0.0001549225451262216
2696.0,9.826485703727832e-05,-0.00015492272215687964
2697.0,9.826397104518101e-05,-0.00015492317774456823
2698.0,9.826415489776532e-05,-0.00015492337859836135
2699.0,9.826520390113763e-05,-0.00015492332709062987
2700.0,9.826456496239751e-05,-0.00015492368887255625
2701.0,9.826456921854084e-05,-0.0001549239141067373
2702.0,9.826497554229891e-05,-0.00015492407552738027
2703.0,9.826596210056081e-05,-0.0001549240727596143
2704.0,9.826581295524908e-05,-0.0001549242468236527
2705.0,9.826479186803912e-05,-0.00015492461736901517
2706.0,9.82656879911369e-05,-0.00015492453980913738
2707.0,9.826681371838938e-05,-0.00015492433414123502
2708.0,9.826696458389237e-05,-0.00015492433755874387
2709.0,9.826693878791993e-05,-0.00015492441677650653
2710.0,9.826629363343716e-05,-0.0001549246439090467
2711.0,9.826600093885399e-05,-0.00015492469326175908
2712.0,9.826662366287026e-05,-0.00015492449291203692
2713.0,9.826586896885401e-05,-0.00015492464245232774
2714.0,9.826516552688232e-05,-0.00015492481869219552
2715.0,9.826533469774253e-05,-0.00015492473827206167
2716.0,9.826547780169527e-05,-0.0001549246104946892
2717.0,9.826592053321278e-05,-0.00015492442483470569
2718.0,9.826557436491764e-05,-0.0001549244344490506
2719.0,9.826406754830508e-05,-0.00015492468134672315
2720.0,9.826428743131019e-05,-0.00015492446614540472
2721.0,9.826460851003445e-05,-0.00015492424437728978
2722.0,9.82642397822092e-05,-0.00015492422212648623
2723.0,9.826447615776974e-05,-0.00015492402848229567
2724.0,9.826436962216707e-05,-0.00015492390884867563
2725.0,9.826274139512495e-05,-0.0001549241294699134
2726.0,9.826108795338923e-05,-0.0001549243918712374
2727.0,9.826063464850822e-05,-0.0001549243296300309
2728.0,9.826048519580835e-05,-0.0001549241856183352
2729.0,9.826091691751065e-05,-0.00015492388253062037
2730.0,9.826153610951908e-05,-0.00015492355912976932
2731.0,9.825953410245192e-05,-0.00015492378647734894
2732.0,9.825691989744152e-05,-0.00015492423758389263
2733.0,9.825699226862694e-05,-0.00015492402412370013
2734.0,9.825739135792658e-05,-0.00015492372084406836
2735.0,9.82571631143584e-05,-0.00015492352739641924
2736.0,9.825673445274435e-05,-0.00015492344850237189
2737.0,9.825581526666989e-05,-0.00015492343864292822
2738.0,9.825451400306132e-05,-0.00015492352769238752
2739.0,9.825388798151919e-05,-0.00015492348880261666
2740.0,9.825352946351185e-05,-0.0001549234080310205
2741.0,9.825347058883279e-05,-0.00015492323574047958
2742.0,9.825328293429082e-05,-0.00015492317790180137
2743.0,9.825259761344053e-05,-0.00015492325479343828
2744.0,9.82514383601923e-05,-0.0001549234030203698
2745.0,9.825276017052986e-05,-0.00015492293357072888
2746.0,9.825481488382387e-05,-0.00015492232222972762
2747.0,9.825502651661041e-05,-0.00015492215755112118
2748.0,9.825374192585224e-05,-0.00015492242362430175
2749.0,9.825259949323716e-05,-0.00015492256411212495
2750.0,9.825177045562832e-05,-0.00015492266807792362
2751.0,9.825111055538226e-05,-0.0001549227520797362
2752.0,9.825004214222294e-05,-0.00015492295723663083
2753.0,9.825091616785798e-05,-0.00015492262248724571
2754.0,9.825185654302382e-05,-0.00015492234557191426
2755.0,9.825121529788751e-05,-0.00015492245776008197
2756.0,9.82500379442075e-05,-0.0001549227391473093
2757.0,9.825055944885938e-05,-0.00015492266856580888
2758.0,9.824939870596099e-05,-0.00015492303792961041
2759.0,9.82486123154995e-05,-0.00015492330953601065
2760.0,9.824810718616206e-05,-0.0001549235670515456
2761.0,9.824748351929181e-05,-0.00015492382316123113
2762.0,9.824871851612794e-05,-0.000154923648586185
2763.0,9.825051710811493e-05,-0.00015492332728023455
2764.0,9.825132244136993e-05,-0.00015492326623908696
2765.0,9.825179316786729e-05,-0.0001549232303968646
2766.0,9.825146936008815e-05,-0.0001549234100935495
2767.0,9.825120961416276e-05,-0.0001549235291652922
2768.0,9.825107306683827e-05,-0.00015492358704559094
2769.0,9.825085947740806e-05,-0.00015492368701350545
2770.0,9.825142004104202e-05,-0.00015492363670120837
2771.0,9.825288076716904e-05,-0.0001549233285959061
2772.0,9.825328138355713e-05,-0.00015492328536835
2773.0,9.825219789458639e-05,-0.00015492354912927827
2774.0,9.825072232712992e-05,-0.00015492391599353515
2775.0,9.825174193355666e-05,-0.00015492365255632216
2776.0,9.825232987936464e-05,-0.00015492344242577295
2777.0,9.825230174842466e-05,-0.00015492338332460498
2778.0,9.825191240687555e-05,-0.00015492345638715212
2779.0,9.825172783311141e-05,-0.0001549234356115655
2780.0,9.825116029708708e-05,-0.00015492351067189857
2781.0,9.825104181275606e-05,-0.00015492351540507897
2782.0,9.825162336548208e-05,-0.0001549233985739087
2783.0,9.825291743699658e-05,-0.00015492308544177
2784.0,9.825205318275729e-05,-0.00015492331613286637
2785.0,9.825099987693636e-05,-0.00015492357164830308
2786.0,9.825047811021638e-05,-0.00015492374004269892
2787.0,9.825006604953179e-05,-0.0001549238635400925
2788.0,9.824891018050865e-05,-0.00015492413925536502
2789.0,9.825032119448742e-05,-0.00015492383631794654
2790.0,9.825087941822776e-05,-0.00015492374332840938
2791.0,9.825112444400556e-05,-0.00015492370383051617
2792.0,9.82510997209359e-05,-0.00015492372430319775
2793.0,9.82509063885805e-05,-0.00015492377359579155
2794.0,9.825021149239291e-05,-0.0001549239824037325
2795.0,9.825011740797995e-05,-0.00015492402789267135
2796.0,9.824972157482702e-05,-0.00015492413476265885
2797.0,9.824976688304918e-05,-0.0001549241118228041
2798.0,9.824895511631827e-05,-0.00015492432159495422
2799.0,9.824831451649999e-05,-0.00015492445741665238
2800.0,9.825092168015474e-05,-0.00015492377500626544
2801.0,9.825220669258637e-05,-0.0001549234584519934
2802.0,9.825194758705292e-05,-0.00015492352001339775
2803.0,9.825181279538756e-05,-0.0001549235118973923
2804.0,9.825195370821463e-05,-0.0001549234638233554
2805.0,9.825204029807151e-05,-0.0001549233836968776
