iteration,Y_prime,N_prime
1.0,0.018441390500353098,0.000567951277390238
2.0,0.0007519242087176831,0.0004933207389653952
3.0,-0.0019795125508001985,0.00014660550530662704
4.0,-0.002989557038335467,5.430342212433677e-05
5.0,-0.0029720225590178064,9.57638560254576e-05
6.0,-0.002624240988707614,0.00018580301639689993
7.0,-0.00224329671552532,0.0002688487532045591
8.0,-0.001921483710877385,0.0003249184833845818
9.0,-0.001660784871550333,0.0003563287343660849
10.0,-0.001445362060704801,0.0003707599161811328
11.0,-0.0012763870096751692,0.0003740326275396787
12.0,-0.0011463931358614845,0.00037125464990751464
13.0,-0.001051440542253942,0.00036632331312878825
14.0,-0.000982965785041057,0.00036210218449501063
15.0,-0.0009650588975262654,0.00036082098761922325
16.0,-0.0009374879417104618,0.000359892181503488
17.0,-0.000921939137150288,0.000360840892411635
18.0,-0.0008948288149987594,0.0003586327821142052
19.0,-0.0008846930264894381,0.00035915278972900686
20.0,-0.0008750618819891452,0.0003594895593289514
21.0,-0.0008608384871337526,0.00035865594302025877
22.0,-0.0008404630737151907,0.0003564149690513242
23.0,-0.000808429075819558,0.00035097393055112853
24.0,-0.0007827609679459106,0.00034873131670976407
25.0,-0.0007394835071637837,0.00034242194803447496
26.0,-0.0006904742877464815,0.00033540568312252593
27.0,-0.0006423089041247654,0.000328968242146956
28.0,-0.0005987556465056605,0.00032384192155118606
29.0,-0.0005614741109687503,0.00032039938067432916
30.0,-0.0005304761964691331,0.00031870231066120577
31.0,-0.0005047373875029641,0.0003187741651721289
32.0,-0.00048342162988398237,0.00032045294374373706
33.0,-0.00046566179529386996,0.000323419684679407
34.0,-0.0004507220814263077,0.000327134430783599
35.0,-0.0004384213629489185,0.00033099484172821684
36.0,-0.00042958240515664865,0.00033437396406907496
37.0,-0.0004247359769953876,0.0003367172440788728
38.0,-0.00042414218076370795,0.000337641653308188
39.0,-0.0004281591606376967,0.0003368549162725015
40.0,-0.0004368845359839727,0.00033426478705498886
41.0,-0.0004495994554638984,0.0003299997349465227
42.0,-0.0004647364507376384,0.00032438957473155734
43.0,-0.00048012685623391156,0.0003179446834942043
44.0,-0.0004935506714800101,0.00031120432110096465
45.0,-0.0005028667815707141,0.00030465941320683993
46.0,-0.0005065822603886621,0.0002988252772541342
47.0,-0.0005041182980656193,0.00029402639380005807
48.0,-0.0004949462050280205,0.00029041790757249275
49.0,-0.00047938303592497285,0.0002880353463506369
50.0,-0.0004588104854347238,0.0002867028668179945
51.0,-0.00043538751179170913,0.0002860836832582228
52.0,-0.0004114408064599507,0.00028580557008761143
53.0,-0.000389295577075943,0.00028548903426733115
54.0,-0.0003710353515659617,0.0002848068880089726
55.0,-0.0003580825064124661,0.0002835494636530858
56.0,-0.0003507719274263325,0.0002816659372705429
57.0,-0.00034871730381674283,0.00027926538795154665
58.0,-0.0003506851154224201,0.0002765591357141391
59.0,-0.0003547810129130502,0.00027385042046561715
60.0,-0.00035896469415802254,0.0002714666967820568
61.0,-0.0003616501355990518,0.0002696318277482679
62.0,-0.0003619002084140781,0.00026842791304876166
63.0,-0.0003590649536438503,0.0002678288067291757
64.0,-0.00035298962171959595,0.00026775485519042703
65.0,-0.00034425797542887075,0.0002681171293259549
66.0,-0.0003330141494992613,0.0002685919739601179
67.0,-0.000321015009870755,0.00026887598989456044
68.0,-0.0003072212901629562,0.0002679508786192121
69.0,-0.00029844211245556304,0.0002668692031243162
70.0,-0.00029438923966767757,0.0002648639814251411
71.0,-0.00029596892947384286,0.0002617441551690713
72.0,-0.0003030830106669297,0.0002575576746412401
73.0,-0.0003144613446569603,0.0002525574655095839
74.0,-0.00032751380913094663,0.0002472302489220725
75.0,-0.0003390808379648695,0.00024215474857894927
76.0,-0.000346763118234253,0.00023780542974314786
77.0,-0.0003489937040112998,0.0002344747626370731
78.0,-0.00034791156252371604,0.00023255739856988076
79.0,-0.0003400757089870269,0.00023090148921370274
80.0,-0.00032968098800771514,0.0002297379927023145
81.0,-0.00031834390394806653,0.0002287691232297573
82.0,-0.0003071426468705164,0.0002277842378701957
83.0,-0.00029666207096782065,0.0002266445557004148
84.0,-0.00028724092252064453,0.00022533197490439547
85.0,-0.00027923879244898296,0.0002238768603373017
86.0,-0.0002729116428978302,0.00022230563043855174
87.0,-0.0002682592423605749,0.00022063844019318932
88.0,-0.0002651750212642143,0.00021889362311647195
89.0,-0.0002633878601058099,0.00021707671108003054
90.0,-0.0002624958481568057,0.0002151761008042839
91.0,-0.00026134212564862217,0.0002129086484692891
92.0,-0.0002610402868006128,0.0002109055647918601
93.0,-0.00026186526980239404,0.00020937411188211337
94.0,-0.0002603317330037344,0.00020687657119478027
95.0,-0.0002586316218090341,0.00020444146701834696
96.0,-0.0002562025049551311,0.00020186201568468692
97.0,-0.000253084584838981,0.00019915274523896103
98.0,-0.0002492322162149189,0.00019631075664864497
99.0,-0.0002447777932982511,0.0001933958692464166
100.0,-0.00023975887165738683,0.00019044587958877415
101.0,-0.00023424887741017538,0.00018751249399961867
102.0,-0.0002282971129919652,0.00018463970312687932
103.0,-0.0002219263603951833,0.00018186462812510402
104.0,-0.00021523338738339804,0.00017922031274862854
105.0,-0.00020828132693662574,0.00017669579837149136
106.0,-0.0002012455364263259,0.000174293170938893
107.0,-0.00019428208620501087,0.00017195739787343036
108.0,-0.00018766840269039093,0.00016966813201646158
109.0,-0.00018148992461020403,0.0001673578465863305
110.0,-0.00017592659879832326,0.0001650226415487597
111.0,-0.00017089352434786402,0.00016261475890088967
112.0,-0.00016638564643837008,0.00016017724738081533
113.0,-0.0001621623186566437,0.00015769370296917908
114.0,-0.00015820297938703477,0.0001552266568404886
115.0,-0.00015428575112865875,0.00015276575906225483
116.0,-0.00015043421441313188,0.00015036967294276135
117.0,-0.000146506803853989,0.00014804005316672623
118.0,-0.00014255859101990604,0.00014584017089875
119.0,-0.0001384597316870098,0.00014377152977798356
120.0,-0.00013426506866612398,0.00014189533608382061
121.0,-0.00012990776065471542,0.00014021178183725057
122.0,-0.00012549655841057714,0.00013875806270515067
123.0,-0.00012110071205573586,0.0001375189890676782
124.0,-0.0001168974768074917,0.00013650332156309834
125.0,-0.00011303592813545326,0.0001356820652694107
126.0,-0.00010969692529407364,0.00013505246362120212
127.0,-0.00010695040889567059,0.00013459105209519848
128.0,-0.00010486857313119765,0.00013429949529336773
129.0,-0.00010385372425497566,0.00013431361408375097
130.0,-0.00010323043527508937,0.00013436872544190107
131.0,-0.00010306391181483814,0.00013450847687751088
132.0,-0.00010339430420238687,0.00013477427163978453
133.0,-0.00010420625309032212,0.0001351799077495974
134.0,-0.00010543568522592451,0.00013572764855276836
135.0,-0.00010703514484744439,0.00013640749001818617
136.0,-0.00010893849262043366,0.00013721144380446723
137.0,-0.00011110211033675247,0.0001381257655789216
138.0,-0.00011347204581312687,0.00013913234893108496
139.0,-0.00011600705824229693,0.00014021532685062733
140.0,-0.00011865216230160251,0.00014135631421975742
141.0,-0.00012193791506572376,0.00014277073330881684
142.0,-0.0001249309707737829,0.0001440620306158247
143.0,-0.0001278197003101694,0.00014530350501858053
144.0,-0.00013067199408719227,0.00014651129424359734
145.0,-0.000133497578870203,0.0001476760912974587
146.0,-0.000136282242913844,0.00014877928262109832
147.0,-0.0001390073577880886,0.00014980000673466595
148.0,-0.00014166177306734369,0.00015072615211628323
149.0,-0.0001442313295676514,0.00015154852803720215
150.0,-0.00014669139665254917,0.00015225890983923296
151.0,-0.00014902709341636596,0.0001528536457315015
152.0,-0.000151221221217375,0.00015333376983415022
153.0,-0.00015325406875234046,0.00015370115224594275
154.0,-0.00015510869886634174,0.00015396364261243504
155.0,-0.00015676873150603503,0.00015412989219773548
156.0,-0.00015792264400372801,0.00015411147663220632
157.0,-0.00015905307638326062,0.0001540989508657099
158.0,-0.00016028366847555713,0.0001541415326144003
159.0,-0.0001611468400682516,0.00015409379922777847
160.0,-0.00016169505660084432,0.00015400434925864787
161.0,-0.0001619650239106093,0.00015390406737497998
162.0,-0.0001619882485517955,0.00015381054306012244
163.0,-0.00016180335899561164,0.00015373373840786719
164.0,-0.00016146715996747242,0.00015367631114177968
165.0,-0.00016104671055243054,0.00015363517815786945
166.0,-0.00016062250866723688,0.00015360618311100748
167.0,-0.0001601906536254888,0.0001535538301541988
168.0,-0.00015994370695759534,0.0001535252670661195
169.0,-0.000159891386473273,0.0001534930187103777
170.0,-0.00016002063935923133,0.00015345539807465645
171.0,-0.00016030838460926944,0.00015341354292811832
172.0,-0.00016076011833300146,0.00015338616681161754
173.0,-0.000161215116755125,0.0001533339990615909
174.0,-0.0001617723178092574,0.00015332520519394842
175.0,-0.00016228485267847522,0.00015331936764488018
176.0,-0.00016274114490905995,0.00015333730330938818
177.0,-0.00016310418452682835,0.0001533858052007978
178.0,-0.00016334611713274933,0.0001534702187885235
179.0,-0.00016345213036279355,0.00015359262778875455
180.0,-0.00016341633689683857,0.0001537547862090051
181.0,-0.00016325634137524719,0.00015395377877317875
182.0,-0.000162995216429864,0.00015418534963761908
183.0,-0.00016267837332684427,0.00015444029616316674
184.0,-0.00016235346255634748,0.00015470857778050016
185.0,-0.00016207493085171015,0.0001549778721180813
186.0,-0.00016188317389002663,0.00015523681185011158
187.0,-0.0001617945552714941,0.00015547779653171087
188.0,-0.00016181106410273043,0.00015569477188409362
189.0,-0.00016191970666384263,0.00015588368023980865
190.0,-0.00016208837232379347,0.0001560445854378288
191.0,-0.00016228379228794905,0.00015617699905417088
192.0,-0.00016246314553760956,0.00015628348393606554
193.0,-0.0001625964915526737,0.00015636456244673451
194.0,-0.0001626465180545551,0.00015642445620387609
195.0,-0.00016259415493983414,0.0001564642004444505
196.0,-0.00016241011656305666,0.00015648942940118426
197.0,-0.00016209112530961843,0.0001565013243390173
198.0,-0.00016168025938947337,0.00015651673759296247
199.0,-0.0001610556477933409,0.00015649506184653973
200.0,-0.00016038915651524755,0.00015649272568327244
201.0,-0.0001595614036902595,0.00015645386235994206
202.0,-0.0001587020228730069,0.00015641684041720215
203.0,-0.00015783201912592586,0.00015638258130145456
204.0,-0.00015692098130980662,0.0001563128351507054
205.0,-0.0001560545363192425,0.0001562471714871234
206.0,-0.00015520840630476305,0.00015616103352339636
207.0,-0.00015440394507640126,0.0001560596258272224
208.0,-0.00015363749681392695,0.00015594625126367186
209.0,-0.00015290670549569877,0.00015582338587108842
210.0,-0.00015220422391487335,0.00015569397745202114
211.0,-0.00015153451177075356,0.00015555602789217192
212.0,-0.00015089755782199784,0.00015543087788336092
213.0,-0.0001502765431694461,0.00015530816171428977
214.0,-0.00014965302869278044,0.00015518895752113495
215.0,-0.00014902233302841809,0.00015507368809691122
216.0,-0.00014838000587603936,0.00015496479838016924
217.0,-0.00014772983453326525,0.00015486341657659615
218.0,-0.00014707481526589157,0.0001547716002531204
219.0,-0.00014641746579944985,0.00015468923329305765
220.0,-0.00014576246286699668,0.00015461867948415308
221.0,-0.00014512407557330274,0.0001545583475066497
222.0,-0.00014450912126492263,0.0001545091881679286
223.0,-0.00014392663316273983,0.00015447031938305833
224.0,-0.0001433831328211991,0.00015444250551789523
225.0,-0.0001428815633535655,0.00015442507436602153
226.0,-0.00014241969625501062,0.00015441954198107063
227.0,-0.00014199980358686677,0.0001544249899919363
228.0,-0.0001416154244841404,0.00015444319745476148
229.0,-0.0001412590861936119,0.00015447458074837307
230.0,-0.00014093064296207634,0.00015451898920178884
231.0,-0.0001406312257611036,0.00015457441113935112
232.0,-0.00014034667225403704,0.0001546427500025013
233.0,-0.00014008561897343774,0.00015472040938111913
234.0,-0.00013984224612604995,0.00015480747518693767
235.0,-0.0001395961480365864,0.00015490819119365635
236.0,-0.00013937604239181817,0.000155018653080082
237.0,-0.00013917491027936544,0.00015513339393268658
238.0,-0.00013898959837977293,0.0001552522489133183
239.0,-0.00013882462701282942,0.00015537292450589068
240.0,-0.0001387146603674957,0.00015550443446167553
241.0,-0.0001385954405020176,0.00015562760350847562
242.0,-0.00013847823591055716,0.00015574877599712337
243.0,-0.00013836686655072417,0.00015586793859517211
244.0,-0.00013825228764502377,0.00015598664128624507
245.0,-0.0001381333683204079,0.00015610351455800847
246.0,-0.00013800222756887092,0.00015621923300312437
247.0,-0.0001378552187327134,0.00015633354858629207
248.0,-0.0001376892984822583,0.00015644642785847036
249.0,-0.00013750570356211905,0.00015655672548943174
250.0,-0.00013730155085882914,0.00015666495403382385
251.0,-0.00013708091609268582,0.0001567694579583322
252.0,-0.00013684314381761533,0.00015687049962266006
253.0,-0.00013659404843772887,0.00015696664684550072
254.0,-0.00013633333198358416,0.00015705820066822562
255.0,-0.0001360662578759218,0.00015714384642743717
256.0,-0.00013579382020007202,0.0001572237522423731
257.0,-0.00013551787856555083,0.0001572974756265662
258.0,-0.000135246798954104,0.00015736368999695827
259.0,-0.00013497923141952793,0.0001574228618250094
260.0,-0.00013470623300664575,0.0001574771033785999
261.0,-0.0001344399194974133,0.00015752434592031052
262.0,-0.00013417226013063345,0.0001575664369697617
263.0,-0.0001339059386608366,0.00015760293163343144
264.0,-0.00013363338234499133,0.00015763579745301851
265.0,-0.0001333598791259233,0.00015766430435799227
266.0,-0.00013307340235438222,0.0001576910753418891
267.0,-0.00013278317510283043,0.00015771467641059639
268.0,-0.00013247994886046737,0.00015773740562377624
269.0,-0.00013216983408952291,0.00015775842857513906
270.0,-0.0001318467873817291,0.00015777958008541566
271.0,-0.0001315159778133159,0.00015780016843740371
272.0,-0.000131178929467833,0.00015782036145437273
273.0,-0.00013084057170803003,0.00015783947889482842
274.0,-0.0001304978286427629,0.00015785870399143736
275.0,-0.00013015769941107882,0.00015787677325788133
276.0,-0.00012981619955345765,0.00015789484546088566
277.0,-0.00012947749989332549,0.00015791187371436317
278.0,-0.00012914578860380378,0.00015792771863805944
279.0,-0.00012881743011089981,0.00015794240111854924
280.0,-0.00012849307008732118,0.0001579563776661098
281.0,-0.00012817609550691065,0.00015796834594627253
282.0,-0.00012786106932389515,0.00015797946212447894
283.0,-0.00012755466897396926,0.00015798857664370449
284.0,-0.00012724843577619112,0.00015799648730959766
285.0,-0.00012694883121624193,0.00015800210161070962
286.0,-0.000126647830729948,0.00015800700692671928
287.0,-0.00012634765114730008,0.00015801027800988227
288.0,-0.00012604577996442394,0.000158012770923043
289.0,-0.0001257413250463858,0.00015801405131192535
290.0,-0.00012543189162290597,0.00015801514722007284
291.0,-0.00012512055251124722,0.00015801493589177694
292.0,-0.00012478431733544619,0.00015800968376798654
293.0,-0.00012448197832162948,0.0001580116839609995
294.0,-0.0001241399167614619,0.00015800642482877245
295.0,-0.00012383470694940816,0.00015800702702250375
296.0,-0.00012348802092201837,0.00015800012902136422
297.0,-0.00012317531458342588,0.00015799988575624
298.0,-0.0001228255318866367,0.00015799122788371462
299.0,-0.0001224898250243317,0.00015798357441195325
300.0,-0.00012218125019895253,0.00015798126773683912
301.0,-0.00012183361011565468,0.0001579683645275317
302.0,-0.00012149567466970381,0.00015795742132429286
303.0,-0.00012116507675575196,0.00015794537560217723
304.0,-0.00012083126606441647,0.0001579325988545708
305.0,-0.00012050418411894794,0.0001579173898834889
306.0,-0.00012017333980188303,0.00015790149614814728
307.0,-0.0001198454234257203,0.00015788373267475333
308.0,-0.00011951247500734997,0.00015786518851331437
309.0,-0.00011918637139357,0.0001578443989907546
310.0,-0.0001188545075528367,0.00015782313436509712
311.0,-0.0001185270968202954,0.00015779965317973312
312.0,-0.00011819892102628502,0.00015777528661910272
313.0,-0.00011787349571564493,0.00015774936192647221
314.0,-0.00011754362814406702,0.00015772311266299102
315.0,-0.00011721932890846149,0.00015769535236115166
316.0,-0.00011689307016219777,0.00015766713753294747
317.0,-0.0001165699239473491,0.00015763732165502886
318.0,-0.00011624755078409047,0.0001576074942944655
319.0,-0.00011592479803590018,0.00015757690609885508
320.0,-0.00011560263501971878,0.00015754623871091676
321.0,-0.00011528397644496583,0.000157514462234993
322.0,-0.00011496400649530822,0.00015748268367110548
323.0,-0.00011464921480411579,0.00015744998653032124
324.0,-0.00011433360399252255,0.0001574175186909698
325.0,-0.00011402202715752452,0.0001573841516190241
326.0,-0.0001137127675068599,0.00015735079784484122
327.0,-0.0001134060728623562,0.00015731667402359826
328.0,-0.00011310159475227771,0.0001572830199664625
329.0,-0.00011279962196383162,0.00015724870085239307
330.0,-0.00011250237770137146,0.00015721456754166677
331.0,-0.00011220619336638485,0.00015717999835057796
332.0,-0.00011191402479130588,0.00015714599227384488
333.0,-0.00011163600458248706,0.0001571100410611376
334.0,-0.00011135768112345553,0.00015708113907318032
335.0,-0.00011108857436252357,0.00015704597314065107
336.0,-0.00011082836101998908,0.00015701512836596788
337.0,-0.00011056467791571261,0.00015698696435413175
338.0,-0.00011030376378735516,0.0001569528232719256
339.0,-0.00011005336720001758,0.00015692203558443865
340.0,-0.0001097949171027908,0.0001568950663757795
341.0,-0.00010954526774446993,0.00015686146629354837
342.0,-0.00010930239461954122,0.00015683191892592422
343.0,-0.00010906638044693859,0.00015680315151104886
344.0,-0.00010883200159889118,0.00015677552513023625
345.0,-0.00010860257862581958,0.00015674787424879868
346.0,-0.00010837251432485335,0.00015672127687573875
347.0,-0.00010815007786032955,0.00015669462180967252
348.0,-0.00010792850185596912,0.0001566685358189484
349.0,-0.00010771153915630687,0.00015664215626467651
350.0,-0.00010749823825715028,0.00015661666357013695
351.0,-0.00010728714524220169,0.00015659108130588136
352.0,-0.00010707856469171862,0.0001565664114794927
353.0,-0.00010687364143929329,0.00015654150521606075
354.0,-0.00010667066920494384,0.00015651729753259582
355.0,-0.0001064719128677607,0.0001564930728332665
356.0,-0.00010627398592680589,0.00015646962282168754
357.0,-0.00010608097767868583,0.0001564459218914294
358.0,-0.00010588914905221846,0.00015642298107479557
359.0,-0.00010569866990890206,0.0001563999891227029
360.0,-0.0001055147745168659,0.00015637784013685778
361.0,-0.00010533039371759352,0.00015635493480404723
362.0,-0.00010514993473765767,0.00015633287857651408
363.0,-0.00010497332318321965,0.000156310723551066
364.0,-0.00010479676277146695,0.00015628902551453145
365.0,-0.00010462904704921139,0.00015626675762342579
366.0,-0.00010445597582770682,0.0001562454012660964
367.0,-0.00010429100184993467,0.00015622374968733436
368.0,-0.00010412532084005511,0.0001562027386695055
369.0,-0.00010396430407066318,0.00015618137141915566
370.0,-0.00010380382524035066,0.00015616072584354854
371.0,-0.00010364608726782504,0.0001561397737326584
372.0,-0.00010349014303311552,0.00015611942095293126
373.0,-0.00010333822902131924,0.00015609867667652386
374.0,-0.00010318644874306382,0.00015607857096788818
375.0,-0.00010304090096603714,0.00015605788385498134
376.0,-0.00010289461631463878,0.00015603793755995365
377.0,-0.00010275327671066641,0.0001560173660226641
378.0,-0.00010261112237051499,0.00015599728381113595
379.0,-0.00010247702533334346,0.0001559772416547538
380.0,-0.00010233413116316526,0.00015595783420468208
381.0,-0.00010220337800638521,0.0001559378245100095
382.0,-0.00010207062326027061,0.00015591819041065836
383.0,-0.00010194220067694156,0.00015589849978367608
384.0,-0.00010181419397398872,0.00015587933145286026
385.0,-0.00010168911671932215,0.00015585976137746213
386.0,-0.00010156372421448319,0.00015584089386372943
387.0,-0.00010144310501380483,0.00015582155289322263
388.0,-0.00010132300075720927,0.00015580279489931854
389.0,-0.00010120623700170622,0.00015578352396462066
390.0,-0.00010108907418350445,0.000155765049760374
391.0,-0.00010097704933818891,0.00015574649830840364
392.0,-0.00010086312970120956,0.00015572761170934074
393.0,-0.00010075466064690363,0.00015570807514772697
394.0,-0.00010064924546411128,0.00015568994831776284
395.0,-0.0001005419534107772,0.00015567112742134807
396.0,-0.0001004345079589437,0.0001556529434486937
397.0,-0.00010033445950688974,0.00015563454755349455
398.0,-0.00010023312724634097,0.00015561670441607326
399.0,-0.0001001350960288892,0.0001555983850864834
400.0,-0.0001000370554321586,0.00015558075174202252
401.0,-9.99411967985408e-05,0.0001555627486106179
402.0,-9.984792031388347e-05,0.00015554526824707921
403.0,-9.975738146534896e-05,0.00015552768067133966
404.0,-9.966624646118183e-05,0.0001555107696004948
405.0,-9.957816016598406e-05,0.00015549285566884586
406.0,-9.948857334380777e-05,0.00015547611151949211
407.0,-9.940295564130174e-05,0.00015545941258623142
408.0,-9.93155313537321e-05,0.00015544276003443897
409.0,-9.925783767563894e-05,0.0001554315455808867
410.0,-9.917936142697294e-05,0.00015541620618027895
411.0,-9.910884319098001e-05,0.0001554005317921241
412.0,-9.902855593361995e-05,0.0001553838471485824
413.0,-9.896131297726378e-05,0.0001553682236831592
414.0,-9.888258414816557e-05,0.00015535193326244323
415.0,-9.881382195553412e-05,0.00015533671826331968
416.0,-9.873919478753279e-05,0.00015532112492191899
417.0,-9.867600914759487e-05,0.000155306598067568
418.0,-9.860668131154357e-05,0.00015529192085901337
419.0,-9.854108659595539e-05,0.00015527657917621264
420.0,-9.847567165513267e-05,0.0001552620387304428
421.0,-9.841447669126549e-05,0.00015524766035968334
422.0,-9.835249547092654e-05,0.00015523390984171863
423.0,-9.829237799309462e-05,0.00015521983015383346
424.0,-9.823310200898734e-05,0.00015520614657557187
425.0,-9.817754824291674e-05,0.00015519201953738477
426.0,-9.811883293278787e-05,0.00015517888819201973
427.0,-9.806395038416668e-05,0.00015516596075493307
428.0,-9.80062316785714e-05,0.0001551525597778312
429.0,-9.795971297968347e-05,0.00015514070557494632
430.0,-9.790205884529983e-05,0.00015512749419790585
431.0,-9.785119287234709e-05,0.00015511511817055396
432.0,-9.780472432698526e-05,0.0001551039669409154
433.0,-9.775335418922385e-05,0.00015509091003619986
434.0,-9.770905785823911e-05,0.00015508025918720082
435.0,-9.7659105919654e-05,0.00015506829119838194
436.0,-9.761619753573044e-05,0.00015505723253976287
437.0,-9.757459867844186e-05,0.0001550451408361987
438.0,-9.7532507767634e-05,0.00015503475727893717
439.0,-9.749119654386185e-05,0.00015502361301380246
440.0,-9.745225504414807e-05,0.00015501360307719895
441.0,-9.741210695636973e-05,0.00015500243695203134
442.0,-9.737676513421762e-05,0.00015499306592078836
443.0,-9.733843963144912e-05,0.00015498221805633494
444.0,-9.73049984639953e-05,0.0001549733669211406
445.0,-9.727008578818468e-05,0.00015496341239072586
446.0,-9.723752770347836e-05,0.0001549542440052715
447.0,-9.720432217956784e-05,0.00015494443707748023
448.0,-9.717609344287818e-05,0.00015493740109499897
449.0,-9.714324936110314e-05,0.00015492715550751793
450.0,-9.711694434504411e-05,0.00015491881564598354
451.0,-9.708870072663105e-05,0.0001549106487131716
452.0,-9.706223057122536e-05,0.00015490301573027759
453.0,-9.703780227398448e-05,0.00015489477185264702
454.0,-9.701530284316976e-05,0.00015488765230768105
455.0,-9.698899519559248e-05,0.00015487888423783712
456.0,-9.69698110314723e-05,0.00015487287487223967
457.0,-9.694851406853894e-05,0.0001548655154865951
458.0,-9.692672336243678e-05,0.0001548587038249552
459.0,-9.690726593125435e-05,0.00015485194121081037
460.0,-9.688762462876849e-05,0.00015484588400240128
461.0,-9.687011654276117e-05,0.00015483970686440386
462.0,-9.685445445744857e-05,0.0001548340409908174
463.0,-9.683549666202599e-05,0.00015482693606159802
464.0,-9.682218236389963e-05,0.00015482267625011682
465.0,-9.68081556859006e-05,0.00015481771713724587
466.0,-9.67949860010815e-05,0.00015481212119079242
467.0,-9.678265954003051e-05,0.0001548066550033117
468.0,-9.677066700101037e-05,0.0001548020353868798
469.0,-9.676054438871293e-05,0.0001547972897318891
470.0,-9.674998632467648e-05,0.00015479301840539162
471.0,-9.674126597269263e-05,0.00015478855754357584
472.0,-9.673291302538579e-05,0.00015478457902683187
473.0,-9.672669035663633e-05,0.00015478053957299168
474.0,-9.671901158637485e-05,0.00015477667839148903
475.0,-9.671338623581569e-05,0.00015477311802938168
476.0,-9.670723180723107e-05,0.0001547697351696319
477.0,-9.670306454635457e-05,0.0001547662351156882
478.0,-9.669733331339251e-05,0.00015476375843453843
479.0,-9.669476146291961e-05,0.00015476031429547906
480.0,-9.669216443519139e-05,0.00015475705599213435
481.0,-9.669270904222873e-05,0.00015475381424451585
482.0,-9.66906500314122e-05,0.00015475121046810799
483.0,-9.668976442946136e-05,0.00015474859344249465
484.0,-9.668898496804063e-05,0.00015474628321113655
485.0,-9.668975567678141e-05,0.0001547438560353078
486.0,-9.668943363057273e-05,0.00015474197309429504
487.0,-9.669063886593247e-05,0.0001547398571406846
488.0,-9.669140442690729e-05,0.00015473810687439466
489.0,-9.669336646760624e-05,0.00015473620879275405
490.0,-9.669477059983474e-05,0.00015473477128864245
491.0,-9.669768683141665e-05,0.00015473310690865068
492.0,-9.669957429502625e-05,0.00015473201941016465
493.0,-9.670097393761466e-05,0.00015473121987263916
494.0,-9.670623455836468e-05,0.00015472960562227655
495.0,-9.67107860494774e-05,0.00015472822722395734
496.0,-9.671448172868699e-05,0.00015472729462325067
497.0,-9.671951788418129e-05,0.00015472615093934682
498.0,-9.67245646563887e-05,0.00015472521918954898
499.0,-9.673027088844952e-05,0.00015472414686868683
500.0,-9.673581697129471e-05,0.00015472336646504882
501.0,-9.674231333961725e-05,0.00015472243240993545
502.0,-9.674781486497666e-05,0.0001547218566151883
503.0,-9.675408330204525e-05,0.00015472110070061408
504.0,-9.675963729126781e-05,0.0001547207286083548
505.0,-9.67663923621695e-05,0.00015472004524300767
506.0,-9.677305765504768e-05,0.0001547195068651267
507.0,-9.677832513193231e-05,0.00015471947473869372
508.0,-9.678638034033796e-05,0.000154718977729318
509.0,-9.679548222404494e-05,0.0001547182884538541
510.0,-9.680287834303926e-05,0.0001547180894128667
511.0,-9.68104272329489e-05,0.00015471778165209005
512.0,-9.681800699566122e-05,0.00015471774822848353
513.0,-9.68267474451145e-05,0.0001547174581217529
514.0,-9.683484910163997e-05,0.0001547174299978286
515.0,-9.684401978117492e-05,0.00015471712384637948
516.0,-9.685247368183719e-05,0.0001547171873454512
517.0,-9.686238691355726e-05,0.00015471691412972342
518.0,-9.687079352669367e-05,0.00015471714198831077
519.0,-9.687970622679976e-05,0.00015471711656278486
520.0,-9.68906667791392e-05,0.0001547166520243677
521.0,-9.690184004702013e-05,0.00015471652560197503
522.0,-9.691212534842617e-05,0.00015471674239874754
523.0,-9.692266553173452e-05,0.0001547167319381183
524.0,-9.693207632573371e-05,0.0001547170011004679
525.0,-9.694195566101594e-05,0.00015471711828541279
526.0,-9.695111740363511e-05,0.00015471765258216852
527.0,-9.695951391237199e-05,0.0001547182320348988
528.0,-9.69696008755281e-05,0.00015471868773819997
529.0,-9.698085864854384e-05,0.00015471900198253203
530.0,-9.698989711965599e-05,0.00015471972779158174
531.0,-9.699995929767368e-05,0.00015472024266079397
532.0,-9.701000522254402e-05,0.00015472074146216517
533.0,-9.701967975851432e-05,0.00015472156546794414
534.0,-9.702949336002722e-05,0.00015472267697916995
535.0,-9.703994027172775e-05,0.00015472344057735845
536.0,-9.704940491086626e-05,0.00015472436175785123
537.0,-9.705925451816954e-05,0.00015472515755877704
538.0,-9.706631431021498e-05,0.00015472662727718725
539.0,-9.707749988642896e-05,0.00015472739128926893
540.0,-9.708833200865798e-05,0.0001547285493253226
541.0,-9.709881154487943e-05,0.0001547295203487252
542.0,-9.710866916791935e-05,0.00015473067808881058
543.0,-9.711963386113155e-05,0.00015473136249698346
544.0,-9.712868167605466e-05,0.0001547328438298368
545.0,-9.713944908421539e-05,0.00015473398873460984
546.0,-9.714917968502195e-05,0.00015473532754023346
547.0,-9.715969908514888e-05,0.00015473634136805003
548.0,-9.716963047148777e-05,0.00015473768850471855
549.0,-9.718024086736811e-05,0.00015473882564263623
550.0,-9.719115541789165e-05,0.00015474010120353587
551.0,-9.720062127574526e-05,0.00015474138220285282
552.0,-9.720782943083905e-05,0.00015474307751153088
553.0,-9.72212189090084e-05,0.00015474412186570186
554.0,-9.723125554819565e-05,0.00015474563089702513
555.0,-9.724134734680349e-05,0.00015474723589375416
556.0,-9.72512912395043e-05,0.00015474884884231874
557.0,-9.726213856562315e-05,0.00015474995478564113
558.0,-9.727285974044167e-05,0.0001547513640409668
559.0,-9.728401571182899e-05,0.00015475256889550435
560.0,-9.729407201400437e-05,0.0001547540675355659
561.0,-9.730511371089876e-05,0.00015475528683474337
562.0,-9.731562835537665e-05,0.0001547564712489709
563.0,-9.732603621105076e-05,0.00015475798109420693
564.0,-9.733638615460413e-05,0.00015475972497636835
565.0,-9.734726861558031e-05,0.00015476111461223355
566.0,-9.735603701272293e-05,0.00015476279928686347
567.0,-9.736698802420771e-05,0.00015476401416501462
568.0,-9.737785410691379e-05,0.00015476549131037909
569.0,-9.738860028164832e-05,0.00015476685663753622
570.0,-9.73984956444629e-05,0.0001547685651838585
571.0,-9.740912866292735e-05,0.0001547699301988616
572.0,-9.741871210856325e-05,0.00015477164987405404
573.0,-9.742973057302339e-05,0.0001547730228778887
574.0,-9.743971899562385e-05,0.00015477466309946877
575.0,-9.745018675060411e-05,0.0001547760406630649
576.0,-9.746016015355061e-05,0.0001547774134356743
577.0,-9.747130534369337e-05,0.00015477883532745863
578.0,-9.748062409465205e-05,0.00015478083569851495
579.0,-9.748814338663157e-05,0.00015478258511158384
580.0,-9.749863634743848e-05,0.0001547841738161834
581.0,-9.751045886732537e-05,0.0001547856000318795
582.0,-9.751985245842671e-05,0.00015478737234318255
583.0,-9.752983561503502e-05,0.00015478883557572512
584.0,-9.753935195744809e-05,0.00015479031661492243
585.0,-9.754919522585643e-05,0.0001547920230039134
586.0,-9.75591459500614e-05,0.00015479393490819802
587.0,-9.756940608110864e-05,0.0001547954238714838
588.0,-9.757854577059993e-05,0.00015479709008046715
589.0,-9.758771545309389e-05,0.00015479867495828923
590.0,-9.759499589759998e-05,0.00015480069976753978
591.0,-9.760545525457889e-05,0.0001548020458891296
592.0,-9.761530324907972e-05,0.00015480379026380076
593.0,-9.762493115072391e-05,0.00015480526030361402
594.0,-9.76337863889541e-05,0.00015480691267839202
595.0,-9.764362910958101e-05,0.00015480828950900418
596.0,-9.765266880729002e-05,0.00015480986778303377
597.0,-9.766236563481102e-05,0.0001548111293455582
598.0,-9.767076114847733e-05,0.00015481272856628106
599.0,-9.76803588255925e-05,0.00015481400605559908
600.0,-9.76893930612509e-05,0.0001548152488125758
601.0,-9.76967129903534e-05,0.0001548170417098608
602.0,-9.77063138270639e-05,0.00015481856116481723
603.0,-9.77166891685615e-05,0.00015481976869000617
604.0,-9.772483143086188e-05,0.00015482127632241677
605.0,-9.773322017213716e-05,0.00015482254703914788
606.0,-9.774088710007387e-05,0.00015482421482739952
607.0,-9.774896828868781e-05,0.00015482562692217095
608.0,-9.775604083931106e-05,0.0001548272657032179
609.0,-9.776386348593646e-05,0.00015482862957596835
610.0,-9.777145751165506e-05,0.00015483024670739728
611.0,-9.777915602667777e-05,0.00015483154831350644
612.0,-9.778377132348747e-05,0.0001548334723270562
613.0,-9.779182276343288e-05,0.00015483468017596046
614.0,-9.77997624205026e-05,0.00015483612124094057
615.0,-9.780809839742311e-05,0.0001548369566091272
616.0,-9.781390023704452e-05,0.00015483865632264583
617.0,-9.782084194081673e-05,0.00015484006594793188
618.0,-9.782722732527568e-05,0.00015484154091746698
619.0,-9.783410371399637e-05,0.0001548425685286193
620.0,-9.78400413078415e-05,0.00015484389970612267
621.0,-9.784779926601428e-05,0.000154844806684762
622.0,-9.785345309923638e-05,0.0001548461470465314
623.0,-9.785785357016681e-05,0.00015484750820469765
624.0,-9.78641034388249e-05,0.00015484879697087
625.0,-9.787100772301839e-05,0.00015484990227369847
626.0,-9.787577926659378e-05,0.00015485150540675221
627.0,-9.788140025657648e-05,0.00015485260375201358
628.0,-9.788730078650672e-05,0.00015485361883075863
629.0,-9.789504691811823e-05,0.00015485392394400647
630.0,-9.790056293012846e-05,0.00015485512088601677
631.0,-9.79068994999731e-05,0.00015485611518455068
632.0,-9.791110587303346e-05,0.0001548570706094995
633.0,-9.791869034311913e-05,0.0001548581392654418
634.0,-9.792363638068959e-05,0.00015485925523006546
635.0,-9.792862813731827e-05,0.00015486009904722186
636.0,-9.793161974894252e-05,0.00015486110225948826
637.0,-9.793700097913956e-05,0.0001548624232353347
638.0,-9.79424832848591e-05,0.00015486340743163843
639.0,-9.794812191222095e-05,0.00015486410051075732
640.0,-9.795252842845129e-05,0.0001548650918264858
641.0,-9.79575464628242e-05,0.00015486578426973535
642.0,-9.796139368241137e-05,0.00015486691457957207
643.0,-9.796431488836081e-05,0.00015486799391349536
644.0,-9.79692458639129e-05,0.00015486876787288627
645.0,-9.797561748979738e-05,0.00015486909291312416
646.0,-9.79788392011412e-05,0.000154870339355831
647.0,-9.798261668598728e-05,0.00015487135222868735
648.0,-9.798479907175877e-05,0.00015487237400371495
649.0,-9.79895193889053e-05,0.0001548734632155799
650.0,-9.799191401632827e-05,0.00015487440292877454
651.0,-9.799659716315633e-05,0.00015487552701634044
652.0,-9.799878367206667e-05,0.00015487651324973844
653.0,-9.800205566600017e-05,0.00015487744577182856
654.0,-9.800482160350573e-05,0.0001548787076904398
655.0,-9.800838577970885e-05,0.00015487976748351917
656.0,-9.801065932379478e-05,0.00015488096272371182
657.0,-9.801366347921924e-05,0.00015488191599132925
658.0,-9.801779406731253e-05,0.00015488285899254662
659.0,-9.802085632106398e-05,0.00015488348575164602
660.0,-9.802348665212857e-05,0.00015488455611403052
661.0,-9.802634470558084e-05,0.00015488557743354443
662.0,-9.802906055556994e-05,0.00015488667021090237
663.0,-9.803205273566519e-05,0.00015488755337796783
664.0,-9.803461487878153e-05,0.00015488895226515434
665.0,-9.803771005163421e-05,0.00015488940534173697
666.0,-9.804073878727165e-05,0.00015489021096279818
667.0,-9.804430469647387e-05,0.00015489123971851537
668.0,-9.804640113967695e-05,0.00015489238515741872
669.0,-9.804925806209853e-05,0.00015489312605853898
670.0,-9.805292166456859e-05,0.00015489398733088772
671.0,-9.805575411318075e-05,0.00015489512814991104
672.0,-9.805802951144765e-05,0.00015489580621788819
673.0,-9.806127575669918e-05,0.00015489653337729325
674.0,-9.806355803868679e-05,0.00015489711996563403
675.0,-9.806700123795643e-05,0.00015489816761476448
676.0,-9.806950198127904e-05,0.0001548991363790966
677.0,-9.807065317445582e-05,0.00015489914563273017
678.0,-9.807077015534361e-05,0.00015489965297093674
679.0,-9.807196451684826e-05,0.00015490059517673935
680.0,-9.807421098614831e-05,0.00015490115245265812
681.0,-9.807841298286869e-05,0.0001549016207901057
682.0,-9.808003020797732e-05,0.00015490229778288556
683.0,-9.80811325983624e-05,0.0001549028880014624
684.0,-9.80832678286273e-05,0.0001549040000121347
685.0,-9.808389467775285e-05,0.00015490402614289756
686.0,-9.808507475851731e-05,0.00015490461122364985
687.0,-9.808892765099183e-05,0.00015490547219771804
688.0,-9.809185417909088e-05,0.0001549057074393269
689.0,-9.809464934014358e-05,0.00015490577163669884
690.0,-9.809655003720627e-05,0.0001549059227585702
691.0,-9.810067873565074e-05,0.00015490667974371727
692.0,-9.810398478562747e-05,0.0001549076543395496
693.0,-9.81069838592956e-05,0.00015490777372575862
694.0,-9.81082597229895e-05,0.00015490756494325247
695.0,-9.811016777175162e-05,0.00015490781066167632
696.0,-9.811187200642014e-05,0.00015490831475810523
697.0,-9.811507526166832e-05,0.00015490841705908227
698.0,-9.81183760358007e-05,0.0001549090330569596
699.0,-9.812150171002874e-05,0.0001549091774640504
700.0,-9.812281246424582e-05,0.00015490965171392705
701.0,-9.812459473214972e-05,0.00015490991179837425
702.0,-9.812648629525294e-05,0.00015491023370782254
703.0,-9.812949750287045e-05,0.00015491021979500066
704.0,-9.813179966459423e-05,0.0001549110335575021
705.0,-9.813144870813784e-05,0.00015491126809618626
706.0,-9.813403114281162e-05,0.0001549115358318762
707.0,-9.813658663767444e-05,0.00015491156324362685
708.0,-9.813826460149527e-05,0.0001549120642555112
709.0,-9.81402564085967e-05,0.00015491237753563402
710.0,-9.814186480713398e-05,0.00015491273117149571
711.0,-9.814359771461261e-05,0.00015491295029901848
712.0,-9.814344583433467e-05,0.00015491363984039143
713.0,-9.814373533976599e-05,0.0001549141487231825
714.0,-9.814422935781073e-05,0.0001549146545977334
715.0,-9.81458485425187e-05,0.0001549147504035938
716.0,-9.814702768929614e-05,0.00015491520863881124
717.0,-9.814946506435875e-05,0.00015491507502762627
718.0,-9.815091592450905e-05,0.0001549153511105469
719.0,-9.81498084385746e-05,0.0001549160896994149
720.0,-9.815043509952345e-05,0.00015491666719829198
721.0,-9.815382795019378e-05,0.0001549172636275784
722.0,-9.815375561250577e-05,0.00015491734064176463
723.0,-9.815495238976586e-05,0.0001549173514168602
724.0,-9.815632700091125e-05,0.0001549176051842342
725.0,-9.815787308931308e-05,0.00015491777889218571
726.0,-9.815938890293974e-05,0.00015491800156439126
727.0,-9.816181332829216e-05,0.00015491787007816614
728.0,-9.81626590436775e-05,0.00015491814899590802
729.0,-9.816336935459162e-05,0.0001549183949848654
730.0,-9.816389848483365e-05,0.0001549186961279761
731.0,-9.816485959391999e-05,0.0001549188096156296
732.0,-9.816651432333611e-05,0.0001549187833368826
733.0,-9.816785300553818e-05,0.00015491881412220927
734.0,-9.8167529978052e-05,0.00015491931745790716
735.0,-9.81695367998813e-05,0.00015491904983551757
736.0,-9.817165462035245e-05,0.00015491882738528825
737.0,-9.817228116603076e-05,0.00015491891117899818
738.0,-9.817155461773275e-05,0.00015491936411684567
739.0,-9.817132945297198e-05,0.00015491967441647533
740.0,-9.817082607929366e-05,0.00015492006089788045
741.0,-9.817176062098154e-05,0.00015492004541041475
742.0,-9.817273674479575e-05,0.00015492005456924597
743.0,-9.817434529604191e-05,0.00015491995680490787
744.0,-9.817406255216423e-05,0.00015492032618951972
745.0,-9.817522957681492e-05,0.000154920286439591
746.0,-9.817632304900335e-05,0.0001549202742956421
747.0,-9.817525868410628e-05,0.00015492077846375083
748.0,-9.817648963859146e-05,0.00015492073926876265
749.0,-9.81788794739123e-05,0.0001549203744531613
750.0,-9.818036308075063e-05,0.00015492030004488338
751.0,-9.818144200027858e-05,0.0001549202625008433
752.0,-9.818167255418383e-05,0.00015492043296701718
753.0,-9.818254982118731e-05,0.00015492039315234538
754.0,-9.818294000115722e-05,0.0001549205099511441
755.0,-9.818366877801918e-05,0.00015492048177403797
756.0,-9.818410352532707e-05,0.000154920584817248
757.0,-9.818577190001755e-05,0.00015492032454088387
758.0,-9.818665270888104e-05,0.0001549202623066141
759.0,-9.818740837136694e-05,0.00015492017782616532
760.0,-9.818808357008376e-05,0.00015492019317952035
761.0,-9.818871829110406e-05,0.0001549199800314819
762.0,-9.818897320551858e-05,0.00015492014379443644
763.0,-9.819016915913611e-05,0.00015492005198646018
764.0,-9.819084199234365e-05,0.0001549200213190584
765.0,-9.819217680953405e-05,0.00015491976631925393
766.0,-9.81928506516052e-05,0.00015491967823862832
767.0,-9.819360794856837e-05,0.00015491948244635538
768.0,-9.81936821335408e-05,0.00015491946152278464
769.0,-9.819407248493873e-05,0.00015491930481913627
770.0,-9.819432170085023e-05,0.0001549192356203627
771.0,-9.819584948488004e-05,0.0001549188278153672
772.0,-9.819425210108407e-05,0.00015491923313237926
773.0,-9.819274764308427e-05,0.00015491956580767412
774.0,-9.819317192737314e-05,0.00015491950383931337
775.0,-9.819453902819892e-05,0.00015491918792322296
776.0,-9.819465749775165e-05,0.00015491920254359404
777.0,-9.819483984098142e-05,0.00015491917657931334
778.0,-9.819455496509119e-05,0.00015491930663194206
779.0,-9.819485447245936e-05,0.00015491927679695105
780.0,-9.819434962292392e-05,0.00015491949153119454
781.0,-9.819479287463674e-05,0.00015491942310933774
782.0,-9.819595624215685e-05,0.00015491926413505763
783.0,-9.819708648170944e-05,0.00015491907753398748
784.0,-9.819766816349908e-05,0.00015491902638234287
785.0,-9.819915440776695e-05,0.0001549186690977471
786.0,-9.819937219915348e-05,0.000154918699582481
787.0,-9.820004637422843e-05,0.00015491859771389515
788.0,-9.819959220826657e-05,0.00015491875934264083
789.0,-9.819878746909825e-05,0.00015491897437747712
790.0,-9.820009475042059e-05,0.0001549187400792672
791.0,-9.820183222832719e-05,0.00015491835661303905
792.0,-9.820201108585437e-05,0.00015491842305792017
793.0,-9.820219189904001e-05,0.00015491844996328753
794.0,-9.820252984273225e-05,0.00015491849508226605
795.0,-9.820346833021969e-05,0.0001549183503815192
796.0,-9.8202853093863e-05,0.0001549186363516305
797.0,-9.820226293821023e-05,0.0001549188679005725
798.0,-9.820182006679169e-05,0.00015491912950879393
799.0,-9.820247671778758e-05,0.0001549191109344715
800.0,-9.820231573212152e-05,0.00015491932108814321
801.0,-9.820296511023544e-05,0.00015491930505267374
802.0,-9.820265763442114e-05,0.00015491959565885088
803.0,-9.820181292494377e-05,0.00015491999459635894
804.0,-9.820279396499761e-05,0.00015492000229384674
805.0,-9.820465769272637e-05,0.00015491977587116804
806.0,-9.820609634109506e-05,0.00015491968918020604
807.0,-9.820802907154765e-05,0.00015491944558905426
808.0,-9.820769690714635e-05,0.00015491983120798926
809.0,-9.820761111827201e-05,0.00015492006795487435
810.0,-9.820803035627239e-05,0.00015492029785980495
811.0,-9.820984887725649e-05,0.0001549201983705267
812.0,-9.821122737311788e-05,0.00015492019596809658
813.0,-9.821332620153463e-05,0.00015491991455543447
814.0,-9.82149561753689e-05,0.00015491977824122661
815.0,-9.821584329061513e-05,0.00015491977751055488
816.0,-9.821504501546452e-05,0.00015492021464415812
817.0,-9.821504006375702e-05,0.00015492044492829813
818.0,-9.821627731674319e-05,0.0001549203661752982
819.0,-9.821806901023119e-05,0.00015492016954598992
820.0,-9.821876475075093e-05,0.00015492027583560212
821.0,-9.821993176653466e-05,0.00015492020012090164
822.0,-9.822079429270094e-05,0.0001549202134302257
823.0,-9.822263039195109e-05,0.00015491991799606585
824.0,-9.822441761156249e-05,0.00015491957666601076
825.0,-9.822532196221882e-05,0.00015491947198572614
826.0,-9.822584474568414e-05,0.00015491953973009306
827.0,-9.822710147840784e-05,0.0001549193692061129
828.0,-9.822793817707468e-05,0.00015491931277559636
829.0,-9.822860050292836e-05,0.00015491922676906102
830.0,-9.822902577243557e-05,0.00015491924404158544
831.0,-9.822945956211122e-05,0.0001549192251088639
832.0,-9.823002152179961e-05,0.00015491922875297346
833.0,-9.823058078100447e-05,0.0001549191462425636
834.0,-9.823007558467217e-05,0.00015491937755334357
835.0,-9.822976510197143e-05,0.0001549195339540869
836.0,-9.823107105423418e-05,0.0001549192966407
837.0,-9.823138067092798e-05,0.00015491919795839777
838.0,-9.823037753045578e-05,0.00015491953925608133
839.0,-9.822987640898664e-05,0.00015491975722516576
840.0,-9.822937768455378e-05,0.00015492004161600878
841.0,-9.823007743097138e-05,0.00015492000704552515
842.0,-9.823048844239842e-05,0.00015492006419052766
843.0,-9.82290362295433e-05,0.0001549205394947913
844.0,-9.822903743545058e-05,0.0001549207062775473
845.0,-9.823018945424035e-05,0.0001549205776145822
846.0,-9.823070089587186e-05,0.00015492065668204846
847.0,-9.823109010047561e-05,0.00015492074157176592
848.0,-9.82312106222382e-05,0.00015492093562291287
849.0,-9.823161686422314e-05,0.00015492101983976493
850.0,-9.823155769890468e-05,0.00015492126291528446
851.0,-9.823191350953195e-05,0.00015492130098189352
852.0,-9.823278314503396e-05,0.00015492121772000164
853.0,-9.823369718235725e-05,0.00015492106365463314
854.0,-9.823105750551122e-05,0.00015492184021762012
855.0,-9.823111145015759e-05,0.00015492195102537323
856.0,-9.823149805772573e-05,0.0001549219641844009
857.0,-9.823199973190237e-05,0.00015492191661212274
858.0,-9.823186808505402e-05,0.0001549220769298214
859.0,-9.823198606987932e-05,0.0001549221538977626
860.0,-9.82313691537253e-05,0.00015492243523412038
861.0,-9.823069468801095e-05,0.00015492267845531178
862.0,-9.823070936382372e-05,0.00015492279003998167
863.0,-9.823201711312476e-05,0.0001549225543729184
864.0,-9.82310464040707e-05,0.0001549229441007257
865.0,-9.823090149421272e-05,0.00015492309057497003
866.0,-9.8230386469342e-05,0.00015492339469394938
867.0,-9.823024530922511e-05,0.00015492354331858831
868.0,-9.823109439405724e-05,0.00015492349752211995
869.0,-9.823240600541431e-05,0.00015492328121785714
870.0,-9.823229484716706e-05,0.0001549234658627619
871.0,-9.823218301108958e-05,0.00015492365298408882
872.0,-9.823173004216804e-05,0.00015492397403569155
873.0,-9.823159062194678e-05,0.00015492424519813935
874.0,-9.823055073085912e-05,0.00015492478372862897
875.0,-9.823285467878378e-05,0.00015492447244397988
876.0,-9.823572380412003e-05,0.00015492404093377413
877.0,-9.823631551838824e-05,0.00015492415759614997
878.0,-9.823590119662749e-05,0.00015492452683971443
879.0,-9.823608039208458e-05,0.0001549247091677424
880.0,-9.823607826204249e-05,0.0001549249488881839
881.0,-9.823696085316599e-05,0.00015492486227815073
882.0,-9.82376512065117e-05,0.00015492484001578593
883.0,-9.82385402557416e-05,0.0001549247667798199
884.0,-9.823868828086006e-05,0.00015492487335152684
885.0,-9.823842083446793e-05,0.00015492496634800077
886.0,-9.823717003965533e-05,0.00015492535741228985
887.0,-9.823809507201556e-05,0.00015492513286022321
888.0,-9.823786564914102e-05,0.000154925235168137
889.0,-9.82384572806509e-05,0.00015492510059274286
890.0,-9.823880626174448e-05,0.00015492505454192673
891.0,-9.82377724642324e-05,0.00015492532705935436
892.0,-9.82361558095652e-05,0.00015492584560967217
893.0,-9.82359097906873e-05,0.00015492595135128056
894.0,-9.823580057923154e-05,0.00015492608920544845
895.0,-9.823567705747903e-05,0.00015492619086824384
896.0,-9.823506166644305e-05,0.00015492641297394757
897.0,-9.823444425078334e-05,0.00015492657126611324
898.0,-9.823401484040334e-05,0.00015492676480625245
899.0,-9.823303126341221e-05,0.00015492705235100755
900.0,-9.823089231690365e-05,0.00015492768229639057
901.0,-9.82316346405181e-05,0.00015492759616268138
902.0,-9.823176184895771e-05,0.0001549277090583983
903.0,-9.823144917611655e-05,0.00015492792690955786
904.0,-9.823086623817352e-05,0.0001549282376068949
905.0,-9.823127343877594e-05,0.00015492828492251305
906.0,-9.823174269828314e-05,0.00015492833711467123
907.0,-9.823416614728416e-05,0.00015492783730284575
908.0,-9.823516674983387e-05,0.0001549277335659601
909.0,-9.823601403861294e-05,0.00015492763141065495
910.0,-9.823671690521709e-05,0.0001549276089563732
911.0,-9.823809079715308e-05,0.0001549273847812037
912.0,-9.823881073463586e-05,0.00015492735225012654
913.0,-9.823967438099543e-05,0.0001549271936851151
914.0,-9.823963953283663e-05,0.0001549272570084557
915.0,-9.82404169627371e-05,0.0001549270726456457
916.0,-9.82410804600154e-05,0.0001549269665040177
917.0,-9.824123325950204e-05,0.00015492692155845813
918.0,-9.824096153332136e-05,0.00015492702074483135
919.0,-9.824090030298518e-05,0.00015492702444443496
920.0,-9.824076670638968e-05,0.0001549270890926961
921.0,-9.824101404447497e-05,0.000154926982391503
922.0,-9.824098680515762e-05,0.00015492701891352755
923.0,-9.824148630692778e-05,0.00015492686621238787
924.0,-9.824117732274416e-05,0.0001549270174568086
925.0,-9.824158988786056e-05,0.0001549269307057281
926.0,-9.824173377210624e-05,0.00015492695928285384
927.0,-9.824188182284037e-05,0.00015492696340097513
928.0,-9.824222781773709e-05,0.0001549269804145273
929.0,-9.824254663735563e-05,0.00015492690984921263
930.0,-9.824277787204676e-05,0.00015492692768130214
931.0,-9.824298080239946e-05,0.0001549268800604667
932.0,-9.824310086800594e-05,0.00015492691189324364
933.0,-9.824381395723586e-05,0.00015492675111078227
934.0,-9.824474268022409e-05,0.00015492661883376686
935.0,-9.824278009469938e-05,0.00015492710335929258
936.0,-9.824294326459455e-05,0.00015492713694938127
937.0,-9.824404983920201e-05,0.00015492689024825017
938.0,-9.824475904765679e-05,0.00015492678589861764
939.0,-9.824525989424999e-05,0.00015492667333355281
940.0,-9.824602327887745e-05,0.0001549266163943407
941.0,-9.824645342423035e-05,0.00015492654935058626
942.0,-9.824713085348156e-05,0.00015492652955539463
943.0,-9.824777613702795e-05,0.00015492642872732225
944.0,-9.824889033821079e-05,0.00015492626457590936
945.0,-9.824980168293227e-05,0.00015492602177323559
946.0,-9.824880667839333e-05,0.0001549262880244596
947.0,-9.824672668538127e-05,0.00015492668381730457
948.0,-9.824753410926963e-05,0.00015492646658582862
949.0,-9.824868702165247e-05,0.00015492607837023432
950.0,-9.824896851430281e-05,0.0001549259549977024
951.0,-9.824922614693481e-05,0.00015492582968981532
952.0,-9.824838330543145e-05,0.00015492607764881162
953.0,-9.824697914561686e-05,0.00015492632191976556
954.0,-9.82462521391923e-05,0.00015492652746511857
955.0,-9.824625758843509e-05,0.00015492647480126094
956.0,-9.824699462832346e-05,0.00015492634254968027
957.0,-9.824758563816056e-05,0.0001549261794965872
958.0,-9.824633586896028e-05,0.00015492651444945054
959.0,-9.824816561946328e-05,0.0001549259961234212
960.0,-9.82508965285151e-05,0.00015492532399793234
961.0,-9.825100062570232e-05,0.0001549251775583718
962.0,-9.825085040748779e-05,0.00015492513043004612
963.0,-9.825086994732363e-05,0.00015492493970623014
964.0,-9.825099623162842e-05,0.00015492476394499862
965.0,-9.825086770792228e-05,0.00015492453087228238
966.0,-9.825142462526307e-05,0.00015492425862076377
967.0,-9.825192783638036e-05,0.00015492393241977527
968.0,-9.825213734011002e-05,0.00015492372955894714
969.0,-9.825183550861174e-05,0.00015492351961106585
970.0,-9.825181402888094e-05,0.000154923275423353
971.0,-9.825092088015744e-05,0.00015492310914004347
972.0,-9.8247840570309e-05,0.00015492362118599566
973.0,-9.824798551366442e-05,0.00015492324418251262
974.0,-9.824893370949363e-05,0.00015492272064929116
975.0,-9.82472380472101e-05,0.00015492281232546903
976.0,-9.824589178178228e-05,0.00015492292679351746
977.0,-9.824471593647157e-05,0.00015492289629028558
978.0,-9.824366380798661e-05,0.0001549229687030898
979.0,-9.82427383263668e-05,0.0001549229837257928
980.0,-9.824206412370573e-05,0.00015492300518811833
981.0,-9.824140348257547e-05,0.0001549229436891448
982.0,-9.824064387231959e-05,0.0001549230251382309
983.0,-9.823958662562523e-05,0.00015492308871823144
984.0,-9.823937951991709e-05,0.00015492302369538545
985.0,-9.823828817777075e-05,0.00015492313702118133
986.0,-9.823733863120716e-05,0.00015492328594872532
987.0,-9.823886505957649e-05,0.0001549227873993896
988.0,-9.82386886483465e-05,0.00015492285281531846
989.0,-9.823738814532652e-05,0.00015492307500888775
990.0,-9.823675296617968e-05,0.00015492321000511186
991.0,-9.823693448084081e-05,0.00015492310964180224
992.0,-9.823685268111563e-05,0.00015492315524172917
993.0,-9.82371512407037e-05,0.00015492302743198513
994.0,-9.823750408188283e-05,0.00015492297221308875
995.0,-9.823757118215001e-05,0.00015492287460135932
996.0,-9.823746099828374e-05,0.00015492287307989732
997.0,-9.823722380696237e-05,0.00015492283328603584
998.0,-9.82372713870981e-05,0.0001549227224644092
999.0,-9.823706380651469e-05,0.00015492260740442417
1000.0,-9.823462620977794e-05,0.0001549231429891044
1001.0,-9.823428929957978e-05,0.0001549230978863117
1002.0,-9.823469817209775e-05,0.00015492294795293798
1003.0,-9.823516514589838e-05,0.00015492276670473179
1004.0,-9.823541483372947e-05,0.0001549226910154661
1005.0,-9.823542281399822e-05,0.00015492262118544766
1006.0,-9.823507797377744e-05,0.00015492269937194582
1007.0,-9.823436460770118e-05,0.00015492277692951133
1008.0,-9.823359273147663e-05,0.0001549229206498632
1009.0,-9.823395678444076e-05,0.0001549227567551103
1010.0,-9.82345734237484e-05,0.00015492256106688871
1011.0,-9.82340547515993e-05,0.00015492260074051313
1012.0,-9.8232627754423e-05,0.000154923002801874
1013.0,-9.823083280971439e-05,0.0001549233836645061
1014.0,-9.82313947694028e-05,0.00015492325271703573
1015.0,-9.823155273143366e-05,0.00015492316869903736
1016.0,-9.823073783269358e-05,0.0001549234017416943
1017.0,-9.822976366946391e-05,0.00015492359647033117
1018.0,-9.822916392369558e-05,0.00015492384019328136
1019.0,-9.822852274358367e-05,0.00015492400605113642
1020.0,-9.822813804635394e-05,0.00015492417741908867
1021.0,-9.822710305180157e-05,0.0001549244322316007
1022.0,-9.82271095828141e-05,0.00015492452015499313
1023.0,-9.822799234339518e-05,0.00015492435708802654
1024.0,-9.822719589188375e-05,0.00015492466280477222
1025.0,-9.822605745629957e-05,0.00015492494460820497
1026.0,-9.822485487807375e-05,0.0001549253224163518
1027.0,-9.822412114753387e-05,0.00015492556105928373
1028.0,-9.822450565658689e-05,0.0001549255850003437
1029.0,-9.822495654768293e-05,0.00015492550678609853
1030.0,-9.822470760566212e-05,0.00015492571510615426
1031.0,-9.82239236546013e-05,0.00015492596171710747
1032.0,-9.822270907740101e-05,0.00015492641586888742
1033.0,-9.822151899962582e-05,0.0001549268033052527
1034.0,-9.822203685502889e-05,0.00015492683260380114
1035.0,-9.822174844910127e-05,0.00015492699548578758
1036.0,-9.822149443123545e-05,0.00015492723328012294
1037.0,-9.822184570690259e-05,0.00015492724052903377
1038.0,-9.822035490994063e-05,0.0001549278627376207
1039.0,-9.821918731189287e-05,0.00015492831877157397
1040.0,-9.821908543637307e-05,0.00015492857465697107
1041.0,-9.821897157764227e-05,0.00015492881345019938
1042.0,-9.821744392070564e-05,0.00015492941008527625
1043.0,-9.821798204402092e-05,0.0001549293564733952
1044.0,-9.821819180981864e-05,0.00015492939504869975
1045.0,-9.821788090642967e-05,0.00015492954545608519
1046.0,-9.82175717853007e-05,0.00015492976168635594
1047.0,-9.821682153264883e-05,0.0001549300356974985
1048.0,-9.821644121175907e-05,0.00015493024850794812
1049.0,-9.821569960341316e-05,0.00015493047456760321
1050.0,-9.821625754932193e-05,0.00015493052761760698
1051.0,-9.82177656752897e-05,0.00015493022696931827
1052.0,-9.821710778193346e-05,0.0001549305079819607
1053.0,-9.821547350368015e-05,0.00015493091261685837
1054.0,-9.821659417085111e-05,0.0001549307587572803
1055.0,-9.821835704177584e-05,0.00015493043340488838
1056.0,-9.821937331914973e-05,0.00015493040615730767
1057.0,-9.822036638871981e-05,0.00015493028605198818
1058.0,-9.82204622760824e-05,0.00015493032536490118
1059.0,-9.82202845929355e-05,0.00015493037932130783
1060.0,-9.822039332656035e-05,0.00015493040848805795
1061.0,-9.822059118697935e-05,0.00015493034111596364
1062.0,-9.82212921481712e-05,0.00015493022354487264
1063.0,-9.822216847527636e-05,0.00015492998829632707
1064.0,-9.822101969686978e-05,0.00015493029508133326
1065.0,-9.822007312862131e-05,0.0001549304063399756
1066.0,-9.82198968720706e-05,0.00015493043224182546
1067.0,-9.821930954300931e-05,0.00015493049892024408
1068.0,-9.821832004288537e-05,0.00015493073742444088
1069.0,-9.821818499900409e-05,0.0001549307111433816
1070.0,-9.821859139172745e-05,0.00015493055963767635
1071.0,-9.821822004814742e-05,0.00015493051656966566
1072.0,-9.821748317771661e-05,0.0001549306992815275
1073.0,-9.821679307166071e-05,0.00015493079940436286
1074.0,-9.821643271425067e-05,0.00015493091965997877
1075.0,-9.82160045708615e-05,0.0001549310255310733
1076.0,-9.821574568897261e-05,0.00015493115448306994
1077.0,-9.821588765992421e-05,0.00015493111441405042
1078.0,-9.821591784504447e-05,0.0001549311350023446
1079.0,-9.821649479581551e-05,0.00015493096362051886
1080.0,-9.82170021911552e-05,0.00015493087164143596
1081.0,-9.82175908995222e-05,0.0001549306585905121
1082.0,-9.82172653390396e-05,0.00015493072050569106
1083.0,-9.821762622945276e-05,0.00015493061156392551
1084.0,-9.821788509360771e-05,0.00015493057419792888
1085.0,-9.821842185436597e-05,0.00015493041269635708
1086.0,-9.82188273121171e-05,0.00015493033105072954
1087.0,-9.82196391428872e-05,0.0001549301120318826
1088.0,-9.822000405397652e-05,0.0001549300177128004
1089.0,-9.822050538135629e-05,0.00015492981987187194
1090.0,-9.822030840960426e-05,0.0001549298248339653
1091.0,-9.821984664071225e-05,0.00015492983169904228
1092.0,-9.821948917491815e-05,0.00015492993122069208
1093.0,-9.82201781036381e-05,0.00015492971143880188
1094.0,-9.821903253605817e-05,0.00015493002607852908
1095.0,-9.82182856134444e-05,0.00015493017436789145
1096.0,-9.822018470460115e-05,0.00015492973063974472
1097.0,-9.822034776119619e-05,0.00015492960728108628
1098.0,-9.821923401222858e-05,0.00015492981515487732
1099.0,-9.82191283288398e-05,0.00015492973315778743
1100.0,-9.821956726332574e-05,0.00015492957716631278
1101.0,-9.82201305569998e-05,0.00015492936105396696
1102.0,-9.822066938474619e-05,0.00015492920381850054
1103.0,-9.822162870467597e-05,0.00015492886463652783
1104.0,-9.822201702356842e-05,0.00015492867968409354
1105.0,-9.822276686538422e-05,0.0001549283427103217
1106.0,-9.822294103031633e-05,0.00015492815031937186
1107.0,-9.822357465675903e-05,0.00015492785284811775
1108.0,-9.822320691021125e-05,0.0001549278146797696
1109.0,-9.822257479706397e-05,0.00015492778606333556
1110.0,-9.822320444716534e-05,0.0001549274990781455
1111.0,-9.822485584260253e-05,0.00015492691976877487
1112.0,-9.822615416336384e-05,0.00015492646156592898
1113.0,-9.822723393806134e-05,0.0001549259819169433
1114.0,-9.822676684012321e-05,0.0001549259996403569
1115.0,-9.822716035604255e-05,0.00015492565206953296
1116.0,-9.822730409841677e-05,0.00015492547389893454
1117.0,-9.822845446401012e-05,0.00015492496870649807
1118.0,-9.822934793687046e-05,0.000154924613334135
1119.0,-9.822930912813385e-05,0.00015492440616326865
1120.0,-9.823163559322427e-05,0.00015492363168824545
1121.0,-9.823435096932333e-05,0.00015492264269170597
1122.0,-9.823386147638656e-05,0.00015492258803699916
1123.0,-9.823374496840361e-05,0.0001549223202296294
1124.0,-9.823320887857903e-05,0.0001549221638612576
1125.0,-9.823338471936758e-05,0.0001549218498967081
1126.0,-9.823383541243472e-05,0.00015492148860497918
1127.0,-9.823478505160883e-05,0.00015492095733264942
1128.0,-9.823549085613416e-05,0.00015492055462617017
1129.0,-9.823556189136349e-05,0.0001549202265961901
1130.0,-9.823545358729385e-05,0.0001549200238371011
1131.0,-9.823651003596135e-05,0.00015491947441127876
1132.0,-9.823669060087197e-05,0.00015491915322787768
1133.0,-9.82370589789447e-05,0.0001549187098326953
1134.0,-9.823657288895216e-05,0.00015491856383015044
1135.0,-9.823694649262311e-05,0.00015491819377960994
1136.0,-9.823672633474207e-05,0.00015491807465237316
1137.0,-9.823701949927439e-05,0.00015491778490635386
1138.0,-9.82376713778725e-05,0.00015491738677119737
1139.0,-9.823885674137784e-05,0.00015491683118322276
1140.0,-9.823881542329005e-05,0.00015491664082474264
1141.0,-9.823900865121231e-05,0.00015491631673946498
1142.0,-9.823959848272824e-05,0.0001549159669743136
1143.0,-9.824041689574225e-05,0.0001549155427962598
1144.0,-9.824112280273029e-05,0.0001549151517088482
1145.0,-9.824170500570041e-05,0.00015491472590065653
1146.0,-9.82422761978701e-05,0.00015491439047378148
1147.0,-9.824365628190352e-05,0.0001549138053259739
1148.0,-9.824483128977862e-05,0.00015491327606530358
1149.0,-9.8245590690183e-05,0.0001549127896784148
1150.0,-9.824628732035491e-05,0.00015491230955310515
1151.0,-9.824651665160414e-05,0.00015491188913939802
1152.0,-9.824682207225293e-05,0.00015491154616533158
1153.0,-9.824742661307906e-05,0.00015491106034725685
1154.0,-9.824800270473968e-05,0.00015491069181817837
1155.0,-9.824845608745295e-05,0.0001549102471998145
1156.0,-9.824871814864148e-05,0.00015490987176635073
1157.0,-9.824897124434291e-05,0.00015490944556738846
1158.0,-9.824867035175773e-05,0.00015490925025606403
1159.0,-9.824852578081485e-05,0.00015490891870683602
1160.0,-9.824839505219002e-05,0.00015490861160042673
1161.0,-9.824812244916496e-05,0.00015490834991127643
1162.0,-9.824801913719679e-05,0.00015490808867532765
1163.0,-9.82477194623415e-05,0.00015490785746166222
1164.0,-9.824747324149384e-05,0.00015490775731801657
1165.0,-9.824739124571018e-05,0.00015490754075940603
1166.0,-9.82476541581274e-05,0.00015490734027094876
1167.0,-9.824787225690207e-05,0.0001549071221191964
1168.0,-9.824866651236177e-05,0.00015490677687218598
1169.0,-9.824951992328773e-05,0.00015490637540738618
1170.0,-9.824879895329613e-05,0.0001549064228640517
1171.0,-9.8248453773175e-05,0.00015490630877290038
1172.0,-9.82491494210842e-05,0.00015490606485340876
1173.0,-9.824934334654107e-05,0.0001549058983596843
1174.0,-9.824747392720581e-05,0.00015490626276832927
1175.0,-9.824784901264518e-05,0.00015490604619353298
1176.0,-9.824888967023273e-05,0.00015490573463835034
1177.0,-9.824926985910323e-05,0.00015490553195556564
1178.0,-9.824922094005575e-05,0.000154905546358585
1179.0,-9.824883612755547e-05,0.0001549055725402174
1180.0,-9.824864222968471e-05,0.00015490561426018508
1181.0,-9.82482317453495e-05,0.0001549056547500345
1182.0,-9.824816936920438e-05,0.0001549056694628957
1183.0,-9.82477103530125e-05,0.00015490572261232628
1184.0,-9.824851519562874e-05,0.00015490556984181902
1185.0,-9.825026968825651e-05,0.00015490510389061578
1186.0,-9.825052417607149e-05,0.00015490506254754526
1187.0,-9.825042227986208e-05,0.00015490506793278076
1188.0,-9.824942492262168e-05,0.0001549053920643035
1189.0,-9.8251036723118e-05,0.00015490500117805784
1190.0,-9.82525155861299e-05,0.00015490470093210105
1191.0,-9.825308781080844e-05,0.00015490450372241746
1192.0,-9.82532989795571e-05,0.000154904435908683
1193.0,-9.825271957559236e-05,0.0001549045442215159
1194.0,-9.825194526587846e-05,0.0001549047491379363
1195.0,-9.825148564870337e-05,0.0001549048154278965
1196.0,-9.825134200091011e-05,0.00015490487747024933
1197.0,-9.825180538654544e-05,0.00015490474080226687
1198.0,-9.825311631810183e-05,0.0001549044483809717
1199.0,-9.825262264094265e-05,0.00015490454482501375
1200.0,-9.82526536940403e-05,0.00015490460121853427
1201.0,-9.825250070243606e-05,0.0001549046449409124
1202.0,-9.825155047508657e-05,0.00015490491758088937
1203.0,-9.82525708687028e-05,0.00015490463715324675
1204.0,-9.825416488896327e-05,0.00015490435067443993
1205.0,-9.825468145767116e-05,0.00015490424916425317
1206.0,-9.825535518841262e-05,0.0001549041947870166
1207.0,-9.825628966606131e-05,0.00015490403341955546
1208.0,-9.825707832252504e-05,0.0001549039966501199
1209.0,-9.825759147449563e-05,0.0001549039244199836
1210.0,-9.825767146831555e-05,0.00015490402778690893
1211.0,-9.82586176809002e-05,0.00015490387379090797
1212.0,-9.826078825390349e-05,0.0001549034843821915
1213.0,-9.826094244747413e-05,0.00015490354446606662
1214.0,-9.826130925412358e-05,0.00015490363998058328
1215.0,-9.82619650381273e-05,0.0001549035678984311
1216.0,-9.826214000305674e-05,0.00015490367135090978
1217.0,-9.826130241276726e-05,0.00015490393955829918
1218.0,-9.826222031707263e-05,0.00015490381910614187
1219.0,-9.826324327127136e-05,0.00015490360978719317
1220.0,-9.826344997698087e-05,0.00015490370465659142
1221.0,-9.826319113450071e-05,0.00015490385929771075
1222.0,-9.826297927314351e-05,0.00015490407457070904
1223.0,-9.826240505438302e-05,0.00015490433564711246
1224.0,-9.826307302159703e-05,0.00015490441207629887
1225.0,-9.826461991295182e-05,0.0001549041909278676
1226.0,-9.826477620306713e-05,0.00015490441423825473
1227.0,-9.826502584951905e-05,0.00015490458421885562
1228.0,-9.826548073666077e-05,0.0001549047591199293
1229.0,-9.82656169194545e-05,0.00015490489570698296
1230.0,-9.826525901819384e-05,0.0001549052612555683
1231.0,-9.826677759240237e-05,0.0001549050991273761
1232.0,-9.826813488045326e-05,0.00015490506700325534
1233.0,-9.826829461292154e-05,0.0001549052370717218
1234.0,-9.826830344835983e-05,0.00015490551475703327
1235.0,-9.826777000680223e-05,0.00015490584825548993
1236.0,-9.826782000072295e-05,0.00015490612043070424
1237.0,-9.826983992398605e-05,0.00015490582439767105
1238.0,-9.827011328168838e-05,0.00015490602203512127
1239.0,-9.826937628120875e-05,0.00015490642679719279
1240.0,-9.826923948068312e-05,0.00015490675417742996
1241.0,-9.827011001174863e-05,0.00015490677687912273
1242.0,-9.827153944044385e-05,0.0001549067481262658
1243.0,-9.82725968043792e-05,0.00015490673311743634
1244.0,-9.82719236825027e-05,0.00015490723189799728
1245.0,-9.827283015236372e-05,0.0001549072470478741
1246.0,-9.827379318262585e-05,0.0001549072918477618
1247.0,-9.827487137210701e-05,0.000154907184938466
1248.0,-9.827461604390078e-05,0.00015490752605348162
1249.0,-9.827504387497575e-05,0.00015490762611157394
1250.0,-9.827575053664105e-05,0.00015490770385874416
1251.0,-9.827508782655221e-05,0.00015490797765253504
1252.0,-9.827501348493005e-05,0.00015490832034681897
1253.0,-9.827537651622273e-05,0.00015490850912371851
1254.0,-9.82757263229293e-05,0.00015490872483142021
1255.0,-9.827594965616914e-05,0.00015490888320451472
1256.0,-9.827687783334638e-05,0.0001549089007660707
1257.0,-9.827681383848749e-05,0.00015490906827949838
1258.0,-9.827535176359653e-05,0.00015490956243324253
1259.0,-9.827592078631538e-05,0.0001549096492305681
1260.0,-9.827630946875342e-05,0.00015490985012135727
1261.0,-9.827664005779053e-05,0.00015491008480571333
1262.0,-9.82767101935155e-05,0.00015491041534679935
1263.0,-9.827796517353572e-05,0.0001549103970037021
1264.0,-9.827867568444918e-05,0.00015491056255633988
1265.0,-9.827948860979688e-05,0.00015491061533349788
1266.0,-9.828103640065604e-05,0.00015491053334334477
1267.0,-9.82839146047795e-05,0.00015491008900245118
1268.0,-9.828456152772925e-05,0.00015491028098413238
1269.0,-9.828535930140372e-05,0.00015491039610192374
1270.0,-9.828608676792524e-05,0.00015491054786197675
1271.0,-9.828684830723868e-05,0.00015491065865123185
1272.0,-9.828648882371733e-05,0.00015491111451176618
1273.0,-9.828851078145637e-05,0.00015491092913850197
1274.0,-9.828995565837558e-05,0.00015491091386838802
1275.0,-9.829074397592417e-05,0.00015491099707016134
1276.0,-9.829023003577889e-05,0.00015491144491411709
1277.0,-9.828989092952898e-05,0.00015491181622483507
1278.0,-9.82894348571696e-05,0.0001549122689707656
1279.0,-9.828930508322133e-05,0.00015491262794330548
1280.0,-9.828826805320782e-05,0.0001549132344771343
1281.0,-9.828756529497767e-05,0.00015491368063777041
1282.0,-9.828771499496736e-05,0.00015491388978792467
1283.0,-9.828903145951007e-05,0.00015491376137005832
1284.0,-9.829019951864004e-05,0.00015491370681015382
1285.0,-9.829001482270881e-05,0.00015491397569734539
1286.0,-9.828959433446632e-05,0.0001549143678900136
1287.0,-9.828988946943538e-05,0.00015491456231805768
1288.0,-9.829077806645004e-05,0.0001549146303283336
1289.0,-9.829147764242486e-05,0.00015491470131216592
1290.0,-9.829059217249329e-05,0.00015491523006876524
1291.0,-9.829162672468263e-05,0.00015491526679426798
1292.0,-9.829295265618861e-05,0.00015491527168005705
1293.0,-9.829409436368297e-05,0.00015491520857406816
1294.0,-9.829441133306143e-05,0.00015491535646572314
1295.0,-9.829461333139757e-05,0.00015491555678769827
1296.0,-9.82948786260728e-05,0.0001549157834115429
1297.0,-9.829621640088874e-05,0.00015491560036209222
1298.0,-9.8295578984311e-05,0.0001549160290906585
1299.0,-9.829552248597863e-05,0.00015491628838431543
1300.0,-9.82952471795144e-05,0.000154916603449497
1301.0,-9.829479082932342e-05,0.00015491688985893627
1302.0,-9.829588856061083e-05,0.00015491680796127325
1303.0,-9.829781311769188e-05,0.00015491647733232162
1304.0,-9.829830995050549e-05,0.00015491654732882224
1305.0,-9.829856175360041e-05,0.00015491661432633167
1306.0,-9.829782395706435e-05,0.0001549169053440897
1307.0,-9.829742269634346e-05,0.00015491715270421266
1308.0,-9.829752673244714e-05,0.0001549173123721684
1309.0,-9.829860690517286e-05,0.00015491717255952287
1310.0,-9.829744097509976e-05,0.00015491760207194267
1311.0,-9.829642018444055e-05,0.00015491791309530729
1312.0,-9.829549383779903e-05,0.0001549182381286084
1313.0,-9.829595091803681e-05,0.00015491819057020378
1314.0,-9.829586281784019e-05,0.00015491832448198155
1315.0,-9.829708195758671e-05,0.0001549180839661253
1316.0,-9.829651374373215e-05,0.0001549183441176278
1317.0,-9.829466257162623e-05,0.00015491886352810347
1318.0,-9.829455757690509e-05,0.0001549190311270845
1319.0,-9.829592631614901e-05,0.00015491878828972693
1320.0,-9.82965633110533e-05,0.00015491877618971085
1321.0,-9.829588273304422e-05,0.0001549190577387958
1322.0,-9.829497347600043e-05,0.00015491945224140405
1323.0,-9.829507842047546e-05,0.00015491951847355795
1324.0,-9.829546105465793e-05,0.00015491957571798733
1325.0,-9.829700878049266e-05,0.00015491929888820924
1326.0,-9.829807772862555e-05,0.0001549191748659344
1327.0,-9.829956400146478e-05,0.00015491891846028055
1328.0,-9.830047926538492e-05,0.00015491882468226538
1329.0,-9.830156233957873e-05,0.00015491859635197855
1330.0,-9.830146369163429e-05,0.00015491869877088044
1331.0,-9.83009830656628e-05,0.00015491888253712932
1332.0,-9.830164625358253e-05,0.00015491881262155757
1333.0,-9.830316792236195e-05,0.00015491847081980302
1334.0,-9.830383956936657e-05,0.00015491832461840443
1335.0,-9.8303548763447e-05,0.0001549183562523277
1336.0,-9.830322421478366e-05,0.0001549184117417576
1337.0,-9.830394350300753e-05,0.0001549181866809955
1338.0,-9.830262984239628e-05,0.00015491847777505783
1339.0,-9.830189722909403e-05,0.00015491860635478188
1340.0,-9.830143956560697e-05,0.00015491873855086845
1341.0,-9.830173082275654e-05,0.000154918619499936
1342.0,-9.830093686680323e-05,0.0001549188273297942
1343.0,-9.830009629721341e-05,0.00015491902206536787
1344.0,-9.830108978254565e-05,0.00015491880878321877
1345.0,-9.83025546997916e-05,0.00015491840621778693
1346.0,-9.830265161769259e-05,0.00015491834617553231
1347.0,-9.830268390822451e-05,0.00015491827028972518
1348.0,-9.83022101324763e-05,0.0001549183902863688
1349.0,-9.830196612836995e-05,0.00015491837314101826
1350.0,-9.830106473238351e-05,0.00015491857259589877
1351.0,-9.830150096244504e-05,0.00015491839097773224
1352.0,-9.830283724268472e-05,0.0001549180603256581
1353.0,-9.830285171652772e-05,0.00015491797004376837
1354.0,-9.830237477625815e-05,0.0001549180409258616
1355.0,-9.830175429459886e-05,0.0001549180890183965
1356.0,-9.829985606353774e-05,0.00015491850770022668
1357.0,-9.830035204118181e-05,0.00015491828755068835
1358.0,-9.830096631498016e-05,0.00015491807384770937
1359.0,-9.830116202171182e-05,0.00015491791760419922
1360.0,-9.830046479843846e-05,0.0001549180424380746
1361.0,-9.829973771418165e-05,0.00015491811742441558
1362.0,-9.829822741482218e-05,0.00015491845812553803
1363.0,-9.829784271069591e-05,0.00015491843764129523
1364.0,-9.829685095146626e-05,0.0001549185900719014
1365.0,-9.829609023283971e-05,0.00015491866565711573
1366.0,-9.829535439196209e-05,0.00015491880164067152
1367.0,-9.829502139899215e-05,0.00015491882374811546
1368.0,-9.829509780760242e-05,0.00015491879310614842
1369.0,-9.829369962313722e-05,0.0001549191023791381
1370.0,-9.829136540831916e-05,0.00015491971040668186
1371.0,-9.829183444812269e-05,0.00015491961379615764
1372.0,-9.829201591647854e-05,0.0001549196027250938
1373.0,-9.829204921587407e-05,0.00015491957434913398
1374.0,-9.829207011137035e-05,0.00015491958028931006
1375.0,-9.829066662347468e-05,0.00015491986582009346
1376.0,-9.828849144654598e-05,0.00015492035124508528
1377.0,-9.828771538314338e-05,0.0001549204738776965
1378.0,-9.828711161866935e-05,0.00015492061329725918
1379.0,-9.828714695549643e-05,0.0001549205636578275
1380.0,-9.828675334302571e-05,0.00015492062829452737
1381.0,-9.828630665388601e-05,0.00015492062673838158
1382.0,-9.828540274953362e-05,0.00015492081465512332
1383.0,-9.828417506597342e-05,0.00015492105268068387
1384.0,-9.82821549387701e-05,0.0001549215226158978
1385.0,-9.828271460881101e-05,0.0001549212998881982
1386.0,-9.828198127728456e-05,0.00015492138278012973
1387.0,-9.828064323645966e-05,0.00015492154803911144
1388.0,-9.827959831386182e-05,0.00015492172894279204
1389.0,-9.827937936779935e-05,0.00015492165842603467
1390.0,-9.827929790698929e-05,0.00015492162928240708
1391.0,-9.827807523424971e-05,0.00015492185869714022
1392.0,-9.827636317005081e-05,0.00015492222884710757
1393.0,-9.827595240788402e-05,0.00015492223582086042
1394.0,-9.827530894699162e-05,0.00015492232109672402
1395.0,-9.827472094601139e-05,0.00015492230746137238
1396.0,-9.827466966342507e-05,0.00015492224447330837
1397.0,-9.82737173503683e-05,0.00015492239797679962
1398.0,-9.827178643764359e-05,0.00015492286449219242
1399.0,-9.82720384377822e-05,0.0001549227302474503
1400.0,-9.827190956136788e-05,0.000154922741922012
1401.0,-9.827145357275204e-05,0.00015492277945680305
1402.0,-9.826908410090956e-05,0.00015492334223356997
1403.0,-9.826763379248154e-05,0.00015492367175032822
1404.0,-9.82666319111184e-05,0.00015492387821595762
1405.0,-9.826661661166242e-05,0.00015492376638850125
1406.0,-9.826683653407626e-05,0.00015492365876934401
1407.0,-9.826760700340899e-05,0.0001549233763207929
1408.0,-9.82680335773453e-05,0.00015492327693094146
1409.0,-9.826895274765627e-05,0.00015492301862924076
1410.0,-9.826929017312365e-05,0.00015492292139903296
1411.0,-9.826934577884817e-05,0.00015492282389366712
1412.0,-9.826863024430626e-05,0.00015492300574999562
1413.0,-9.826971510174532e-05,0.00015492262450815417
1414.0,-9.827101493678725e-05,0.00015492226390547646
1415.0,-9.827075320367641e-05,0.00015492223831346834
1416.0,-9.82713625218264e-05,0.00015492203678912206
1417.0,-9.827239420604508e-05,0.0001549216733678088
1418.0,-9.82727110936504e-05,0.00015492157248886694
1419.0,-9.827262183286654e-05,0.000154921517219101
1420.0,-9.827404690886704e-05,0.00015492112041811404
1421.0,-9.827581094629032e-05,0.00015492062808411243
1422.0,-9.827628567080379e-05,0.00015492046942429865
1423.0,-9.827642355014354e-05,0.00015492037116051407
1424.0,-9.827600954365267e-05,0.00015492047844439474
1425.0,-9.827591014398662e-05,0.0001549204293737771
1426.0,-9.827611426251268e-05,0.0001549203606328295
1427.0,-9.827711219610582e-05,0.00015492005442588634
1428.0,-9.827575940656198e-05,0.0001549203210424462
1429.0,-9.827598070237024e-05,0.0001549201735831824
1430.0,-9.827609259854605e-05,0.00015492012406398786
1431.0,-9.827636411980133e-05,0.00015491998132171868
1432.0,-9.827575600952907e-05,0.00015492011477104598
1433.0,-9.827527338750516e-05,0.00015492024091365612
1434.0,-9.827623604831041e-05,0.00015492002143235875
1435.0,-9.827762973229814e-05,0.000154919653432786
1436.0,-9.827778310518188e-05,0.00015491967187531008
1437.0,-9.827790209098903e-05,0.00015491963893727654
1438.0,-9.827768763456666e-05,0.00015491967373898542
1439.0,-9.82784579344418e-05,0.00015491945529588929
1440.0,-9.827715957722743e-05,0.00015491978454211403
1441.0,-9.827670455018472e-05,0.00015491985544501753
1442.0,-9.827702883579475e-05,0.00015491983699093218
1443.0,-9.827820774611978e-05,0.00015491951822152247
1444.0,-9.82781518635489e-05,0.00015491953762594352
1445.0,-9.82791538178182e-05,0.0001549192308918068
1446.0,-9.827849875597953e-05,0.0001549193694003421
1447.0,-9.827685648464963e-05,0.00015491969398969077
1448.0,-9.827702899342968e-05,0.00015491966327373167
1449.0,-9.827695991287359e-05,0.00015491961868888343
1450.0,-9.827610958174021e-05,0.0001549197775013059
1451.0,-9.827641790681274e-05,0.00015491967145216793
1452.0,-9.827492841132425e-05,0.00015492003599954803
1453.0,-9.827339088644046e-05,0.0001549203205383752
1454.0,-9.827205035005744e-05,0.00015492061586154694
1455.0,-9.827180990653025e-05,0.00015492066040477458
1456.0,-9.827161404216365e-05,0.00015492073061400244
1457.0,-9.827166476908683e-05,0.00015492070147962386
1458.0,-9.827176193723329e-05,0.00015492069741005987
1459.0,-9.827251464012322e-05,0.0001549204615788267
1460.0,-9.827048099572394e-05,0.00015492100984158615
1461.0,-9.826814836907789e-05,0.00015492156880082456
1462.0,-9.826817638671775e-05,0.00015492151867350766
1463.0,-9.826910428704865e-05,0.00015492123274270464
1464.0,-9.826871583219606e-05,0.0001549213334389786
1465.0,-9.826857347996496e-05,0.00015492124792264078
1466.0,-9.826745417732143e-05,0.00015492149823088537
1467.0,-9.826683773210181e-05,0.000154921596321251
1468.0,-9.826612105667704e-05,0.00015492172030884206
1469.0,-9.826573880377407e-05,0.00015492167590203728
1470.0,-9.82654898095367e-05,0.0001549216120330052
1471.0,-9.826625434588441e-05,0.0001549212342410441
1472.0,-9.826453700584118e-05,0.00015492156257392918
1473.0,-9.826301624740355e-05,0.00015492176188776233
1474.0,-9.826192761559294e-05,0.0001549218348855664
1475.0,-9.826141553356948e-05,0.00015492175125371416
1476.0,-9.826054527146859e-05,0.00015492176424625965
1477.0,-9.825986144519455e-05,0.00015492161416721402
1478.0,-9.825834716358243e-05,0.00015492167120122844
1479.0,-9.825714448092346e-05,0.00015492165404894112
1480.0,-9.825615761822907e-05,0.0001549215893428737
1481.0,-9.825541132319939e-05,0.00015492142096466366
1482.0,-9.825463714550474e-05,0.00015492134063470765
1483.0,-9.825271099631084e-05,0.00015492153528935245
1484.0,-9.825123100128305e-05,0.00015492170492542774
1485.0,-9.825049301755548e-05,0.00015492160780389579
1486.0,-9.824981807992151e-05,0.0001549215171797927
1487.0,-9.824923301095117e-05,0.0001549213776700522
1488.0,-9.824800889979275e-05,0.00015492147368632755
1489.0,-9.82491518397953e-05,0.00015492092260955713
1490.0,-9.82512668080593e-05,0.00015492019883297712
1491.0,-9.825067505536754e-05,0.0001549200521806894
1492.0,-9.824914293933259e-05,0.0001549201940396782
1493.0,-9.824778630152581e-05,0.00015492022855004327
1494.0,-9.824705582614741e-05,0.00015492022017044106
1495.0,-9.824687285139268e-05,0.00015491996476136793
1496.0,-9.824697167864687e-05,0.00015491968937212297
1497.0,-9.824642743811077e-05,0.00015491949373708323
1498.0,-9.824540780606835e-05,0.00015491954769811437
1499.0,-9.824624744068594e-05,0.00015491901775070512
1500.0,-9.824668832688946e-05,0.0001549186541097279
1501.0,-9.824637134076228e-05,0.0001549184854586721
1502.0,-9.82451462867499e-05,0.00015491856973333046
1503.0,-9.824423487306314e-05,0.00015491850665971314
1504.0,-9.824409323708578e-05,0.00015491833647332182
1505.0,-9.82445251814474e-05,0.00015491790558511194
1506.0,-9.824343616934253e-05,0.00015491799033840652
1507.0,-9.82429918604904e-05,0.00015491779311022492
1508.0,-9.824205207547036e-05,0.00015491778443234218
1509.0,-9.824063980829384e-05,0.00015491788799118443
1510.0,-9.824135560391861e-05,0.0001549175410631666
1511.0,-9.824203927452814e-05,0.00015491713028230244
1512.0,-9.824189809766255e-05,0.00015491696527073168
1513.0,-9.824076238522194e-05,0.00015491704567467974
1514.0,-9.824008694906749e-05,0.0001549170785595315
1515.0,-9.823986911433136e-05,0.00015491702283425184
1516.0,-9.824000715229123e-05,0.00015491692188825468
1517.0,-9.823926212425236e-05,0.00015491702561126684
1518.0,-9.823870541676308e-05,0.0001549171287770262
1519.0,-9.823846583333152e-05,0.00015491708196547908
1520.0,-9.823889174914201e-05,0.00015491696889865549
1521.0,-9.823904746487501e-05,0.00015491693495710447
1522.0,-9.82389516139655e-05,0.00015491705007027133
1523.0,-9.824028240949455e-05,0.000154916668481592
1524.0,-9.824026082040453e-05,0.00015491669562512137
1525.0,-9.824029370699355e-05,0.00015491670642796396
1526.0,-9.824114643614843e-05,0.00015491655924848268
1527.0,-9.823975968809798e-05,0.00015491692309525036
1528.0,-9.82385971589987e-05,0.0001549172697550469
1529.0,-9.8239527280997e-05,0.00015491701281526276
1530.0,-9.824110068950407e-05,0.0001549167320800906
1531.0,-9.824179447239492e-05,0.00015491657949918803
1532.0,-9.824208208817741e-05,0.00015491660540797468
1533.0,-9.824222166504839e-05,0.0001549165977821667
1534.0,-9.824224574969654e-05,0.00015491671557060942
1535.0,-9.824240227527905e-05,0.00015491669873972518
1536.0,-9.824350104301619e-05,0.00015491657107565303
1537.0,-9.824334833219919e-05,0.00015491665145185406
1538.0,-9.824282383248347e-05,0.00015491691755278167
1539.0,-9.824490440578914e-05,0.0001549164732303861
1540.0,-9.824496759572463e-05,0.00015491661646285275
1541.0,-9.824373541858347e-05,0.00015491695223425342
1542.0,-9.824322723802474e-05,0.00015491722249492282
1543.0,-9.824351340652145e-05,0.00015491723279369442
1544.0,-9.824384306354202e-05,0.00015491730733839523
1545.0,-9.824444703589714e-05,0.0001549172126562894
1546.0,-9.824497185876449e-05,0.00015491722187292695
1547.0,-9.82452376352115e-05,0.00015491719482882445
1548.0,-9.824567423374469e-05,0.0001549171834872271
1549.0,-9.824580308355812e-05,0.00015491716084796512
1550.0,-9.824664123345161e-05,0.00015491705761515046
1551.0,-9.824720451037695e-05,0.00015491694388239822
1552.0,-9.824567379138164e-05,0.00015491742751539455
1553.0,-9.824619077486647e-05,0.00015491727292514477
1554.0,-9.824735419657357e-05,0.00015491706543518762
1555.0,-9.824824705958377e-05,0.00015491685043965962
1556.0,-9.824814494761154e-05,0.00015491693315123543
1557.0,-9.824814678011771e-05,0.0001549169011866601
1558.0,-9.824811580682275e-05,0.0001549168977090327
1559.0,-9.824795675514035e-05,0.00015491686230613823
1560.0,-9.824795237584473e-05,0.00015491689329031862
1561.0,-9.82482429581197e-05,0.00015491680853702407
1562.0,-9.824961360474641e-05,0.00015491654279218328
1563.0,-9.824923680207143e-05,0.00015491660998160966
1564.0,-9.824850435625629e-05,0.00015491680393795427
1565.0,-9.825045837629255e-05,0.00015491623564877798
1566.0,-9.82522158728511e-05,0.00015491579863541183
1567.0,-9.825223452401998e-05,0.0001549156768513972
1568.0,-9.825225336632119e-05,0.00015491556951202246
1569.0,-9.825249780195319e-05,0.00015491534886072545
1570.0,-9.825290871387319e-05,0.0001549151837705381
1571.0,-9.825355632352012e-05,0.00015491476106770127
1572.0,-9.825444125552246e-05,0.00015491442525468005
1573.0,-9.825524930699494e-05,0.0001549140389860022
1574.0,-9.825608006972115e-05,0.00015491370602861254
1575.0,-9.825571163450573e-05,0.00015491349920689632
1576.0,-9.825500132654726e-05,0.0001549135339877949
1577.0,-9.825343493279496e-05,0.00015491368147018124
1578.0,-9.825441551176661e-05,0.00015491331644185266
1579.0,-9.825638576031975e-05,0.0001549126734206831
1580.0,-9.82556870523223e-05,0.0001549127021804768
1581.0,-9.825437510599101e-05,0.00015491275980411554
1582.0,-9.825306064538246e-05,0.0001549129275742032
1583.0,-9.8251911723134e-05,0.00015491299982514978
1584.0,-9.825299180029354e-05,0.0001549126250460534
1585.0,-9.825418621302957e-05,0.0001549120973692759
1586.0,-9.825451365429402e-05,0.00015491184016127053
1587.0,-9.825424182269495e-05,0.00015491168212114034
1588.0,-9.825355495505181e-05,0.0001549117228491518
1589.0,-9.825287468443086e-05,0.00015491168216969766
1590.0,-9.82531126481634e-05,0.00015491152726960608
1591.0,-9.825278881772427e-05,0.00015491150357364484
1592.0,-9.825386146929299e-05,0.0001549112672082814
1593.0,-9.82553850149134e-05,0.00015491085071152961
1594.0,-9.825541823253579e-05,0.0001549108347708625
1595.0,-9.825618618857644e-05,0.0001549105732620679
1596.0,-9.825719313593241e-05,0.00015491033461451147
1597.0,-9.825807379898359e-05,0.0001549100263011065
1598.0,-9.825835705911569e-05,0.0001549099157430766
1599.0,-9.825954903343625e-05,0.00015490953608975245
1600.0,-9.826011942166776e-05,0.00015490934538674677
1601.0,-9.826012076550558e-05,0.00015490921055931708
1602.0,-9.825968661425481e-05,0.0001549093034401784
1603.0,-9.825868555850467e-05,0.00015490945165786094
1604.0,-9.825958935546827e-05,0.00015490921361380235
1605.0,-9.826131855557017e-05,0.0001549086803043783
1606.0,-9.82628516735722e-05,0.00015490828185475548
1607.0,-9.826218039996534e-05,0.00015490841122295756
1608.0,-9.826134927467879e-05,0.0001549086462795862
1609.0,-9.826131803931574e-05,0.0001549086160538246
1610.0,-9.826192565894924e-05,0.00015490850351650677
1611.0,-9.826203078273402e-05,0.00015490841072119882
1612.0,-9.826259090499016e-05,0.0001549082875521451
1613.0,-9.826326117268906e-05,0.00015490809119799486
1614.0,-9.826416313517606e-05,0.00015490792050753253
1615.0,-9.826448119913212e-05,0.00015490785438867895
1616.0,-9.826358271052507e-05,0.00015490820468102383
1617.0,-9.826428711308467e-05,0.00015490804215049977
1618.0,-9.826559735400298e-05,0.0001549078004669561
1619.0,-9.82658372261035e-05,0.00015490777639872225
1620.0,-9.826556187530443e-05,0.0001549079502962785
1621.0,-9.826608584891355e-05,0.0001549078632422929
1622.0,-9.826694299086147e-05,0.0001549077360499202
1623.0,-9.82662029036927e-05,0.00015490792838768823
1624.0,-9.826536577152976e-05,0.0001549082031086923
1625.0,-9.826559578849099e-05,0.00015490820281041176
1626.0,-9.826586461123318e-05,0.00015490825028095076
1627.0,-9.826586058464572e-05,0.00015490827376649706
1628.0,-9.826734972742603e-05,0.0001549079895375117
1629.0,-9.826915921789858e-05,0.00015490754366821936
1630.0,-9.826997167329712e-05,0.00015490741307683584
1631.0,-9.827013872593786e-05,0.0001549073721915913
1632.0,-9.827044313575261e-05,0.0001549073437162046
1633.0,-9.827142834820624e-05,0.00015490708669549166
1634.0,-9.827042261069842e-05,0.000154907387193484
1635.0,-9.82697098751619e-05,0.00015490753485391373
1636.0,-9.826926005795388e-05,0.00015490765618703917
1637.0,-9.827020658088232e-05,0.0001549074185337512
1638.0,-9.82699501856846e-05,0.000154907507046768
1639.0,-9.826952116643626e-05,0.00015490761211782323
1640.0,-9.826977942763759e-05,0.00015490760046175955
1641.0,-9.827045201749617e-05,0.00015490739044913518
1642.0,-9.826986537217643e-05,0.00015490753452788617
1643.0,-9.826837774564718e-05,0.00015490786497879435
1644.0,-9.826776848365464e-05,0.00015490806685691523
1645.0,-9.826843851687158e-05,0.0001549079069253627
1646.0,-9.826749102547351e-05,0.00015490823487210168
1647.0,-9.826695696519876e-05,0.0001549084663424271
1648.0,-9.826580047647327e-05,0.00015490884661312259
1649.0,-9.826445843566181e-05,0.00015490926342434067
1650.0,-9.826518411795285e-05,0.00015490920638338952
1651.0,-9.826639291389178e-05,0.00015490897187014013
1652.0,-9.826679551352442e-05,0.00015490906056813707
1653.0,-9.826684703847447e-05,0.00015490919183007375
1654.0,-9.82664175660257e-05,0.00015490946996858665
1655.0,-9.826566587889591e-05,0.00015490975043553755
1656.0,-9.826566032916085e-05,0.0001549099593937749
1657.0,-9.826502855591391e-05,0.00015491026531862327
1658.0,-9.826525279752508e-05,0.00015491036850519293
1659.0,-9.826590577267123e-05,0.00015491023174472038
1660.0,-9.826534031644287e-05,0.0001549105853042777
1661.0,-9.826524576799205e-05,0.00015491075640632093
1662.0,-9.826486480671035e-05,0.00015491106043512246
1663.0,-9.826533595586638e-05,0.00015491108519471972
1664.0,-9.82654611032292e-05,0.00015491128450161607
1665.0,-9.826584581819286e-05,0.0001549113844926531
1666.0,-9.82650946483027e-05,0.00015491180314211174
1667.0,-9.826325508600999e-05,0.000154912431825005
1668.0,-9.826347697590494e-05,0.00015491263254699977
1669.0,-9.826406906652658e-05,0.0001549127037296858
1670.0,-9.826385626625628e-05,0.00015491301782603368
1671.0,-9.826398522641416e-05,0.00015491315979369833
1672.0,-9.826477333411125e-05,0.00015491319492143477
1673.0,-9.826359843953627e-05,0.00015491366716427645
1674.0,-9.826276515268061e-05,0.00015491410162722834
1675.0,-9.826240464847306e-05,0.00015491431185026767
1676.0,-9.826268814899843e-05,0.0001549144506062139
1677.0,-9.826266814906562e-05,0.00015491458854593513
1678.0,-9.826295626533905e-05,0.00015491472586134824
1679.0,-9.826264119743203e-05,0.000154914975822755
1680.0,-9.826309589935269e-05,0.00015491511681002472
1681.0,-9.826231911871114e-05,0.00015491550693785163
1682.0,-9.826097953207862e-05,0.00015491608599981125
1683.0,-9.82618948895945e-05,0.00015491603078322716
1684.0,-9.826249394176912e-05,0.00015491613685779987
1685.0,-9.82608132912578e-05,0.00015491673246854898
1686.0,-9.825933002431981e-05,0.00015491734277366123
1687.0,-9.825896960484103e-05,0.00015491760866186163
1688.0,-9.825920233410841e-05,0.00015491779655779305
1689.0,-9.825993933852891e-05,0.00015491775700440577
1690.0,-9.826116156496459e-05,0.0001549176786121172
1691.0,-9.826031485647914e-05,0.0001549180444566708
1692.0,-9.825937420840783e-05,0.0001549184834770719
1693.0,-9.825908471085825e-05,0.00015491874157298218
1694.0,-9.825936783601545e-05,0.00015491895258218727
1695.0,-9.825888450660475e-05,0.000154919230068645
1696.0,-9.825893493205111e-05,0.00015491942518805252
1697.0,-9.825926470926831e-05,0.00015491951408259092
1698.0,-9.825891634984752e-05,0.00015491984920424867
1699.0,-9.825856071557435e-05,0.00015492012113205197
1700.0,-9.825889564252792e-05,0.00015492031907009499
1701.0,-9.825933524696236e-05,0.00015492038891861147
1702.0,-9.826052263312101e-05,0.00015492030982108593
1703.0,-9.82594334013124e-05,0.00015492072054183154
1704.0,-9.825840708948949e-05,0.0001549211505213263
1705.0,-9.825804000796411e-05,0.00015492136732272332
1706.0,-9.825907078775232e-05,0.0001549213566123708
1707.0,-9.825900235152903e-05,0.00015492152538828824
1708.0,-9.825938556699035e-05,0.00015492168466778563
1709.0,-9.825961729232023e-05,0.00015492183305195034
1710.0,-9.826030793039403e-05,0.00015492191461664902
1711.0,-9.825967410690767e-05,0.0001549222226849553
1712.0,-9.825849705470446e-05,0.000154922754928431
1713.0,-9.825990241550024e-05,0.0001549225507357456
1714.0,-9.826248240486206e-05,0.0001549221731911955
1715.0,-9.826222010328024e-05,0.00015492244105637157
1716.0,-9.826165832585725e-05,0.00015492284701850204
1717.0,-9.826159831226577e-05,0.00015492304322466813
1718.0,-9.826204457677634e-05,0.00015492320936230574
1719.0,-9.826299786125841e-05,0.00015492315309133454
1720.0,-9.82643394301503e-05,0.0001549230774829977
1721.0,-9.826532731648655e-05,0.00015492298206559564
1722.0,-9.826625639119774e-05,0.00015492301200463801
1723.0,-9.826681302479564e-05,0.00015492297942269132
1724.0,-9.826732465854474e-05,0.00015492296047147177
1725.0,-9.826726621243567e-05,0.0001549229959761053
1726.0,-9.826778098509048e-05,0.00015492299285456472
1727.0,-9.826833758519096e-05,0.00015492292203259005
1728.0,-9.826879727921308e-05,0.00015492296396297267
1729.0,-9.826919347985244e-05,0.00015492285658197743
1730.0,-9.826905575322156e-05,0.00015492304419581406
1731.0,-9.826897407763388e-05,0.0001549231236471142
1732.0,-9.826903527053175e-05,0.00015492322733081808
1733.0,-9.82691659301913e-05,0.00015492324670980434
1734.0,-9.826923306297069e-05,0.00015492335061548443
1735.0,-9.826932084888266e-05,0.00015492338311419004
1736.0,-9.8269530572316e-05,0.000154923470528887
1737.0,-9.82695181634907e-05,0.00015492353339902613
1738.0,-9.826975422378136e-05,0.00015492357019158417
1739.0,-9.826997418166309e-05,0.00015492356113449204
1740.0,-9.827013322250808e-05,0.00015492364053492264
1741.0,-9.826998540330026e-05,0.0001549236348398453
1742.0,-9.827012313584246e-05,0.00015492369521737649
1743.0,-9.827022506160841e-05,0.0001549236898830105
1744.0,-9.827033695975463e-05,0.00015492371191415012
1745.0,-9.827074125396288e-05,0.00015492356575205985
1746.0,-9.827153922665146e-05,0.00015492337973136496
1747.0,-9.826964804088687e-05,0.0001549237548087419
1748.0,-9.826711889667443e-05,0.00015492429808166094
1749.0,-9.826708957362025e-05,0.00015492414711933497
1750.0,-9.826783510215004e-05,0.0001549238862232872
1751.0,-9.826754194549948e-05,0.00015492381353301272
1752.0,-9.826718735161687e-05,0.00015492383446814474
1753.0,-9.826594660012029e-05,0.00015492394249194612
1754.0,-9.826482552802458e-05,0.00015492415225484723
1755.0,-9.826368447570042e-05,0.00015492425944623782
1756.0,-9.826261334333841e-05,0.00015492443511035475
1757.0,-9.826210971054766e-05,0.00015492437895730845
1758.0,-9.826165519286284e-05,0.00015492434647710088
1759.0,-9.825894775466811e-05,0.0001549248316408082
1760.0,-9.825829446622253e-05,0.00015492487928476617
1761.0,-9.82580037154752e-05,0.00015492467612103302
1762.0,-9.825738455597897e-05,0.000154924618980655
1763.0,-9.825595415093236e-05,0.00015492475007379726
1764.0,-9.825503413825968e-05,0.00015492483723414643
1765.0,-9.825399208954381e-05,0.00015492483171711255
1766.0,-9.825275451242078e-05,0.00015492495643999981
1767.0,-9.825175747931723e-05,0.00015492500398221867
1768.0,-9.82519074472863e-05,0.00015492477453742624
1769.0,-9.825242929282375e-05,0.00015492438469169408
1770.0,-9.825287788639054e-05,0.0001549241209885721
1771.0,-9.825247739216954e-05,0.00015492401212773536
1772.0,-9.825088008325016e-05,0.00015492423870764726
1773.0,-9.824913807333909e-05,0.00015492439974445636
1774.0,-9.824974021515847e-05,0.00015492404832142013
1775.0,-9.825021262539402e-05,0.0001549235595251645
1776.0,-9.824962726775469e-05,0.00015492339721892887
1777.0,-9.824913896988779e-05,0.000154923112966821
1778.0,-9.824918673820022e-05,0.00015492276556941596
1779.0,-9.824852461727197e-05,0.00015492249655042599
1780.0,-9.824768654126985e-05,0.00015492238818903576
1781.0,-9.824635034674415e-05,0.0001549222901079191
1782.0,-9.824597918542954e-05,0.00015492204197781615
1783.0,-9.824654144462429e-05,0.00015492151459700694
1784.0,-9.824521070426748e-05,0.000154921504203433
1785.0,-9.824346606874946e-05,0.0001549215264704223
1786.0,-9.824185288402134e-05,0.00015492161473140356
1787.0,-9.824029806264395e-05,0.00015492161146650336
1788.0,-9.824078605903403e-05,0.00015492119597095683
1789.0,-9.824144887651165e-05,0.00015492069557181931
1790.0,-9.824108528561494e-05,0.00015492049818178008
1791.0,-9.824022654071674e-05,0.00015492034973287232
1792.0,-9.823958379213721e-05,0.00015492030539312286
1793.0,-9.823895353021523e-05,0.0001549201626739762
1794.0,-9.823820851104331e-05,0.00015492014266836956
1795.0,-9.823806391645521e-05,0.000154919882186215
1796.0,-9.823815606885497e-05,0.0001549196022510821
1797.0,-9.823794542424245e-05,0.00015491938149573368
1798.0,-9.823786326195693e-05,0.00015491918907010004
1799.0,-9.82370254972838e-05,0.00015491914047580641
1800.0,-9.823637370242923e-05,0.00015491917232939367
1801.0,-9.823601649082144e-05,0.00015491910656662697
1802.0,-9.823568653330928e-05,0.00015491905759774843
1803.0,-9.823525445594316e-05,0.000154918997199407
1804.0,-9.823468810612173e-05,0.00015491898312472742
1805.0,-9.823402960390053e-05,0.00015491890477174714
1806.0,-9.823331350482851e-05,0.0001549188822735326
1807.0,-9.823292389825566e-05,0.00015491870450295381
1808.0,-9.823202759387772e-05,0.00015491876462844952
1809.0,-9.823262212587048e-05,0.00015491836042825529
1810.0,-9.823300599650201e-05,0.00015491813653749283
1811.0,-9.823082280974799e-05,0.0001549184849638501
1812.0,-9.823049127785688e-05,0.0001549184471955216
1813.0,-9.823077629266288e-05,0.0001549181587004308
1814.0,-9.823059476617915e-05,0.00015491805636014546
1815.0,-9.823045175582218e-05,0.00015491787437201858
1816.0,-9.823090991684452e-05,0.00015491763944025153
1817.0,-9.823116850513831e-05,0.0001549174766530675
1818.0,-9.823152559457902e-05,0.00015491736862001707
1819.0,-9.82319797713783e-05,0.00015491716704248897
1820.0,-9.823278593911325e-05,0.0001549169336714922
1821.0,-9.823285748961179e-05,0.0001549168753333675
1822.0,-9.82336142368231e-05,0.00015491668546970943
1823.0,-9.823493525898597e-05,0.00015491623519326428
1824.0,-9.823394631846605e-05,0.0001549164375292111
1825.0,-9.823220359722732e-05,0.00015491676791768848
1826.0,-9.823322211597299e-05,0.00015491646655953832
1827.0,-9.823470831393562e-05,0.0001549159831785775
1828.0,-9.823520804526164e-05,0.00015491582966583724
1829.0,-9.823552702547077e-05,0.00015491567742483578
1830.0,-9.82356345719075e-05,0.00015491567276102296
1831.0,-9.823543606814088e-05,0.00015491565609199634
1832.0,-9.82356387679525e-05,0.00015491561488303646
1833.0,-9.823611130331079e-05,0.00015491544198899772
1834.0,-9.823674763122224e-05,0.00015491528405985568
1835.0,-9.823678616803859e-05,0.00015491519594223405
1836.0,-9.823703463616934e-05,0.00015491517659561933
1837.0,-9.823771097773947e-05,0.00015491498823492518
1838.0,-9.823886026845958e-05,0.00015491476083647602
1839.0,-9.82390122285402e-05,0.00015491470956921876
1840.0,-9.823918678657444e-05,0.0001549147583138088
1841.0,-9.823952798739857e-05,0.00015491467579183767
1842.0,-9.82403456821884e-05,0.00015491455629695276
1843.0,-9.824055914748109e-05,0.00015491448821037252
1844.0,-9.823870718720049e-05,0.00015491495014288134
1845.0,-9.823805873814749e-05,0.0001549150065248406
1846.0,-9.823775931747854e-05,0.00015491505142646738
1847.0,-9.823797374532958e-05,0.00015491492148482673
1848.0,-9.823899173304255e-05,0.00015491465357803016
1849.0,-9.823742495998116e-05,0.0001549149266665841
1850.0,-9.823567608506851e-05,0.00015491529274929967
1851.0,-9.823451655103306e-05,0.00015491548478416267
1852.0,-9.823390160334535e-05,0.0001549156119742231
1853.0,-9.823326601237724e-05,0.00015491569487077912
1854.0,-9.823267734637462e-05,0.00015491581651837086
1855.0,-9.823179738479892e-05,0.00015491596755468892
1856.0,-9.823094629997351e-05,0.0001549161841410465
1857.0,-9.823078549952851e-05,0.00015491612772671566
1858.0,-9.823040702296754e-05,0.0001549162089607623
1859.0,-9.822940688839656e-05,0.00015491636481350181
1860.0,-9.822853419182109e-05,0.0001549165971671076
1861.0,-9.823086031898157e-05,0.00015491597544871815
1862.0,-9.823103837060014e-05,0.00015491595096659116
1863.0,-9.823078125225214e-05,0.0001549159355901136
1864.0,-9.823011518946521e-05,0.0001549160886380911
1865.0,-9.822978827824823e-05,0.00015491605711053148
1866.0,-9.822975308033694e-05,0.00015491602102089808
1867.0,-9.822984146132079e-05,0.00015491587727742368
1868.0,-9.822906025606356e-05,0.00015491594857341005
1869.0,-9.822779936867403e-05,0.00015491607756933952
1870.0,-9.822834903382246e-05,0.00015491579382823938
1871.0,-9.822939038598894e-05,0.00015491532242474526
1872.0,-9.823005494730308e-05,0.00015491503375854779
1873.0,-9.822826013461373e-05,0.0001549152985021833
1874.0,-9.82267323978744e-05,0.0001549155396654702
1875.0,-9.82258591791332e-05,0.00015491549756398095
1876.0,-9.822534530598276e-05,0.00015491541919250264
1877.0,-9.822414751296254e-05,0.00015491546383053265
1878.0,-9.822350281266542e-05,0.00015491550050516584
1879.0,-9.822399037654463e-05,0.00015491518292425378
1880.0,-9.822418139363689e-05,0.00015491502708538777
1881.0,-9.822374850149518e-05,0.00015491503932876352
1882.0,-9.822331056996154e-05,0.0001549151284221556
1883.0,-9.822317227387443e-05,0.0001549150265998148
1884.0,-9.822243914333252e-05,0.00015491514575479857
1885.0,-9.822223533515025e-05,0.00015491508638309714
1886.0,-9.822269918580864e-05,0.0001549149250826913
1887.0,-9.822268136320842e-05,0.00015491485313002523
1888.0,-9.822058860176637e-05,0.00015491536052603813
1889.0,-9.822077701886734e-05,0.00015491522076194986
1890.0,-9.82217537456352e-05,0.00015491493520341945
1891.0,-9.822213369706807e-05,0.00015491469338576517
1892.0,-9.822246637673857e-05,0.0001549145377226303
1893.0,-9.822209225484276e-05,0.0001549145935750838
1894.0,-9.822108276266777e-05,0.000154914877371678
1895.0,-9.822148053078955e-05,0.00015491472159524282
1896.0,-9.822267390214974e-05,0.0001549144544237424
1897.0,-9.822264654165052e-05,0.00015491449391932338
1898.0,-9.822251434110945e-05,0.00015491458918180453
1899.0,-9.822308972242762e-05,0.00015491449503151673
1900.0,-9.822451388414547e-05,0.00015491431599382372
1901.0,-9.822573703373075e-05,0.00015491411712394303
1902.0,-9.822661024360499e-05,0.00015491408264594947
1903.0,-9.822636078532976e-05,0.00015491426124893907
1904.0,-9.822734489827969e-05,0.00015491415466798307
1905.0,-9.822885248631824e-05,0.0001549138245708495
1906.0,-9.822977877187625e-05,0.0001549137346057383
1907.0,-9.82303096843783e-05,0.00015491361669012172
1908.0,-9.822980461809482e-05,0.0001549138392536514
1909.0,-9.82299353536162e-05,0.0001549138986854714
1910.0,-9.823060543707927e-05,0.00015491385341619653
1911.0,-9.823145186970358e-05,0.0001549137468329283
1912.0,-9.823145050222046e-05,0.00015491398415556418
1913.0,-9.823125937970985e-05,0.0001549141896616089
1914.0,-9.823038161320069e-05,0.0001549146037975511
1915.0,-9.823221833116797e-05,0.00015491428531254838
1916.0,-9.823428914884138e-05,0.00015491395764096743
1917.0,-9.823529733954292e-05,0.00015491380620462973
1918.0,-9.823571343568195e-05,0.0001549138121748651
1919.0,-9.823501485773333e-05,0.00015491401212687985
1920.0,-9.823437204215894e-05,0.00015491430226366977
1921.0,-9.823380988936776e-05,0.00015491449658303798
1922.0,-9.823343055172592e-05,0.00015491468975090461
1923.0,-9.823281959220216e-05,0.00015491486692723454
1924.0,-9.823518949557026e-05,0.0001549144312896585
1925.0,-9.823635417835689e-05,0.00015491421110774866
1926.0,-9.823693400103946e-05,0.0001549142221395042
1927.0,-9.823749145138339e-05,0.00015491418303700615
1928.0,-9.823813218026529e-05,0.0001549141633666761
1929.0,-9.823878075050013e-05,0.00015491406469593513
1930.0,-9.824019226102895e-05,0.00015491379301554284
1931.0,-9.824176265673827e-05,0.00015491338703953886
1932.0,-9.824168365995933e-05,0.00015491347096042264
1933.0,-9.824139887667963e-05,0.0001549135249815723
1934.0,-9.824129219230897e-05,0.00015491357880849285
1935.0,-9.824306217848075e-05,0.0001549131370480728
1936.0,-9.824449232145928e-05,0.00015491288691093485
1937.0,-9.824492419488522e-05,0.000154912761586862
1938.0,-9.824471863399945e-05,0.00015491285729329557
1939.0,-9.824395606119195e-05,0.00015491304045835887
1940.0,-9.82435907294144e-05,0.0001549132149362904
1941.0,-9.824391006134647e-05,0.00015491315482235596
1942.0,-9.824458277731302e-05,0.00015491312621285867
1943.0,-9.824605249158719e-05,0.00015491281437789351
1944.0,-9.824527403016311e-05,0.0001549130733871434
1945.0,-9.824407676127906e-05,0.00015491337544359376
1946.0,-9.82447227561531e-05,0.000154913275216707
1947.0,-9.824622278165549e-05,0.00015491293543586093
1948.0,-9.824730070414246e-05,0.00015491277114802513
1949.0,-9.824796289699164e-05,0.00015491262296040185
1950.0,-9.824887361905512e-05,0.00015491250700326296
1951.0,-9.825051959185042e-05,0.00015491213309357343
1952.0,-9.825088558667995e-05,0.00015491213760708986
1953.0,-9.825062242894336e-05,0.00015491226169410773
1954.0,-9.825098508979393e-05,0.00015491223969533966
1955.0,-9.825194078214968e-05,0.00015491198888302406
1956.0,-9.825252359792564e-05,0.00015491186607699393
1957.0,-9.825345471893537e-05,0.00015491157927215954
1958.0,-9.825421703854176e-05,0.00015491134369064962
1959.0,-9.825479796269847e-05,0.0001549111407373314
1960.0,-9.825615102711822e-05,0.00015491082886305796
1961.0,-9.825519144413514e-05,0.0001549109505985153
1962.0,-9.82542850915151e-05,0.0001549111642853085
1963.0,-9.825606276239012e-05,0.00015491065942121185
1964.0,-9.825606708060221e-05,0.00015491059233814912
1965.0,-9.825573553491805e-05,0.0001549105705104877
1966.0,-9.825588395904995e-05,0.0001549104405087285
1967.0,-9.825650157273855e-05,0.0001549101781975824
1968.0,-9.825686874588922e-05,0.0001549100001310353
1969.0,-9.825763622803986e-05,0.00015490969135286764
1970.0,-9.825830499229555e-05,0.00015490946764014861
1971.0,-9.825904273365938e-05,0.00015490920647819186
1972.0,-9.82593978004468e-05,0.00015490906426542843
1973.0,-9.825982008178672e-05,0.0001549088004050733
1974.0,-9.825996875714928e-05,0.0001549087005735817
1975.0,-9.826056674331764e-05,0.00015490846221043227
1976.0,-9.826058639054227e-05,0.0001549083881767392
1977.0,-9.826122652336704e-05,0.00015490810330725998
1978.0,-9.826178197470291e-05,0.00015490791100648797
1979.0,-9.826238122096555e-05,0.00015490765174057806
1980.0,-9.826281162247523e-05,0.00015490750740979156
1981.0,-9.826280042054242e-05,0.0001549073903034633
1982.0,-9.826286645972942e-05,0.0001549072947080178
1983.0,-9.826333000102926e-05,0.00015490708598331799
1984.0,-9.826342227658131e-05,0.00015490702902329565
1985.0,-9.826376222716335e-05,0.0001549068152301388
1986.0,-9.826297884949963e-05,0.00015490688987195424
1987.0,-9.826299618244632e-05,0.00015490675224669932
1988.0,-9.826441688407726e-05,0.00015490636221367473
1989.0,-9.826542781171544e-05,0.00015490602268486417
1990.0,-9.826497622702567e-05,0.00015490613230411966
1991.0,-9.826515947665634e-05,0.00015490606775990986
1992.0,-9.826559473036646e-05,0.00015490596451322167
1993.0,-9.826622903858027e-05,0.00015490579978374568
1994.0,-9.826669270500284e-05,0.00015490570321021754
1995.0,-9.826631035653368e-05,0.00015490581386998648
1996.0,-9.826562713912458e-05,0.00015490601252713998
1997.0,-9.826746191621169e-05,0.00015490561234332795
1998.0,-9.826852320624224e-05,0.00015490539287127956
1999.0,-9.8268516735328e-05,0.00015490539902649508
2000.0,-9.826767804060875e-05,0.00015490569229869905
2001.0,-9.826797278444611e-05,0.0001549056918131261
2002.0,-9.82686300108095e-05,0.00015490563249923094
2003.0,-9.826946147402597e-05,0.00015490544242053336
2004.0,-9.827024848517504e-05,0.00015490536467567542
2005.0,-9.827127906200826e-05,0.0001549052248769034
2006.0,-9.827155093991261e-05,0.0001549053225325656
2007.0,-9.827240906313801e-05,0.00015490522578793077
2008.0,-9.827374859065744e-05,0.0001549051033911693
2009.0,-9.827419010444506e-05,0.00015490510946776823
2010.0,-9.827391372113715e-05,0.00015490532494655696
2011.0,-9.82747388858526e-05,0.00015490518566572945
2012.0,-9.827582947135123e-05,0.00015490505661661818
2013.0,-9.827695485476251e-05,0.00015490487340068533
2014.0,-9.827624204631981e-05,0.0001549052353097856
2015.0,-9.827528663179565e-05,0.00015490559819928082
2016.0,-9.827577121144844e-05,0.00015490566499793657
2017.0,-9.827644014516167e-05,0.00015490563114656337
2018.0,-9.827695748923641e-05,0.00015490569617865836
2019.0,-9.827794390365643e-05,0.0001549055703227675
2020.0,-9.827872634142185e-05,0.00015490559052029105
2021.0,-9.82803234178297e-05,0.00015490536460168334
2022.0,-9.828173048896457e-05,0.00015490525138456336
2023.0,-9.828006491229424e-05,0.00015490585697499324
2024.0,-9.828028120319319e-05,0.00015490607645166613
2025.0,-9.828114332147908e-05,0.0001549060389561834
2026.0,-9.828189803421447e-05,0.00015490607211850538
2027.0,-9.828236741096268e-05,0.00015490611954279936
2028.0,-9.82827427890119e-05,0.00015490625813226349
2029.0,-9.828282495523832e-05,0.00015490643462879122
2030.0,-9.828316871664499e-05,0.00015490659842180504
2031.0,-9.828351331548726e-05,0.00015490672739923648
2032.0,-9.82843809342473e-05,0.00015490678358465429
2033.0,-9.82856548137114e-05,0.0001549066566420049
2034.0,-9.828472073507615e-05,0.00015490705622694354
2035.0,-9.828303207769519e-05,0.0001549075752605221
2036.0,-9.828116165146677e-05,0.00015490821221665396
2037.0,-9.828220052285341e-05,0.00015490810669008503
2038.0,-9.8283807627799e-05,0.00015490795660410265
2039.0,-9.828479121562754e-05,0.00015490793279946557
2040.0,-9.828528367013072e-05,0.00015490811537952905
2041.0,-9.828548759752442e-05,0.0001549082506532234
2042.0,-9.828552086440773e-05,0.00015490851410199764
2043.0,-9.828652096351086e-05,0.00015490847403991487
2044.0,-9.828840050497958e-05,0.00015490829420680707
2045.0,-9.828859494274999e-05,0.00015490849093785443
2046.0,-9.828881408684133e-05,0.00015490874612032683
2047.0,-9.82896241442184e-05,0.00015490880266645602
2048.0,-9.829165849994533e-05,0.0001549086435534408
2049.0,-9.829247918191724e-05,0.0001549087060189358
2050.0,-9.829257264268697e-05,0.00015490897769470356
2051.0,-9.829418586977949e-05,0.000154908786076046
2052.0,-9.829578477475264e-05,0.00015490867285198928
2053.0,-9.82963386172269e-05,0.00015490872401750742
2054.0,-9.829649430044771e-05,0.0001549089166766785
2055.0,-9.829719822911728e-05,0.00015490891864440522
2056.0,-9.829819832132387e-05,0.00015490888855506645
2057.0,-9.829756494611186e-05,0.00015490919795754226
2058.0,-9.829721353349935e-05,0.0001549095065299195
2059.0,-9.82974986842655e-05,0.00015490962048464793
2060.0,-9.829819250459462e-05,0.00015490972177054622
2061.0,-9.82986926881359e-05,0.00015490980313407897
2062.0,-9.829895186559028e-05,0.00015490999788583836
2063.0,-9.829867659557911e-05,0.00015491026794996635
2064.0,-9.82996998148016e-05,0.0001549102912574692
2065.0,-9.830060849450742e-05,0.00015491025392615635
2066.0,-9.830076481910538e-05,0.00015491048378715418
2067.0,-9.830107085354519e-05,0.00015491060652381676
2068.0,-9.830254381214344e-05,0.00015491044790331128
2069.0,-9.830164774618834e-05,0.0001549108130403157
2070.0,-9.830038670806042e-05,0.00015491136151349008
2071.0,-9.830172388287837e-05,0.00015491125016235766
2072.0,-9.830386877222412e-05,0.0001549110268542828
2073.0,-9.830482383601056e-05,0.00015491097595236137
2074.0,-9.830564983027988e-05,0.00015491104927156852
2075.0,-9.830575408116115e-05,0.00015491123055908296
2076.0,-9.830586602955353e-05,0.00015491146957659975
2077.0,-9.830613435476045e-05,0.00015491159410294559
2078.0,-9.83067141882804e-05,0.00015491170669113295
2079.0,-9.830737890427382e-05,0.00015491174072054955
2080.0,-9.830719746350409e-05,0.0001549120128749536
2081.0,-9.830888354059816e-05,0.0001549117713232083
2082.0,-9.831113592317881e-05,0.00015491144132550157
2083.0,-9.831073718855782e-05,0.00015491172385498152
2084.0,-9.831041656598966e-05,0.00015491204495745377
2085.0,-9.831219939448281e-05,0.0001549117359758079
2086.0,-9.831449680646886e-05,0.0001549114026045251
2087.0,-9.831549007012695e-05,0.00015491131831368098
2088.0,-9.831562288347385e-05,0.00015491149400092047
2089.0,-9.831544012546716e-05,0.00015491167662260447
2090.0,-9.831532201946e-05,0.00015491196274994894
2091.0,-9.831503334456777e-05,0.0001549121580173406
2092.0,-9.831464844142739e-05,0.00015491244066936991
2093.0,-9.831489155489635e-05,0.00015491250134518165
2094.0,-9.831541786839907e-05,0.00015491258629732994
2095.0,-9.83159625178008e-05,0.0001549125992320691
2096.0,-9.831590094165298e-05,0.00015491284066820177
2097.0,-9.8316253926674e-05,0.00015491289147994534
2098.0,-9.831646314271988e-05,0.00015491306688277778
2099.0,-9.831669117446609e-05,0.0001549131513424163
2100.0,-9.831672429652232e-05,0.00015491335853871742
2101.0,-9.83168941846215e-05,0.00015491349783341846
2102.0,-9.831648172590867e-05,0.0001549138459337482
2103.0,-9.831813883265672e-05,0.00015491358646667233
2104.0,-9.831995388665738e-05,0.00015491331997959863
2105.0,-9.832088358796745e-05,0.00015491319846380524
2106.0,-9.832196705427818e-05,0.00015491309803575254
2107.0,-9.832225365134487e-05,0.00015491314070836815
2108.0,-9.83219275026869e-05,0.00015491341068925505
2109.0,-9.832291490626618e-05,0.0001549132987392493
2110.0,-9.832479784082695e-05,0.0001549129663853575
2111.0,-9.832465365806012e-05,0.00015491304400997837
2112.0,-9.832408049348326e-05,0.000154913260945486
2113.0,-9.832424861213027e-05,0.0001549131968197939
2114.0,-9.83249852687687e-05,0.00015491307661504757
2115.0,-9.832501446768537e-05,0.00015491303222442857
2116.0,-9.832385954348665e-05,0.00015491334961111142
2117.0,-9.832440246087448e-05,0.0001549131703999995
2118.0,-9.83250604655604e-05,0.0001549130494622692
2119.0,-9.832490777050689e-05,0.00015491303734606733
2120.0,-9.832513993130327e-05,0.00015491304231972193
2121.0,-9.832387708628485e-05,0.00015491331523254472
2122.0,-9.832253723659902e-05,0.00015491367731275166
2123.0,-9.832195886317268e-05,0.0001549138555735279
2124.0,-9.832207942237356e-05,0.00015491397062426392
2125.0,-9.832290829446572e-05,0.00015491386827472958
2126.0,-9.832372639319507e-05,0.00015491385860257837
2127.0,-9.832423423286824e-05,0.00015491385136985326
2128.0,-9.832517925727953e-05,0.00015491381697741306
2129.0,-9.832582194280508e-05,0.0001549137462849245
2130.0,-9.832422833830676e-05,0.00015491432491449296
2131.0,-9.832456156871433e-05,0.00015491437984667007
2132.0,-9.832556478307792e-05,0.00015491432568678524
2133.0,-9.832636301586415e-05,0.0001549142566591183
2134.0,-9.832685618662108e-05,0.0001549143462704549
2135.0,-9.832731996240288e-05,0.0001549143876389602
2136.0,-9.832784223256945e-05,0.00015491448853871236
2137.0,-9.83285598675969e-05,0.00015491447334027822
2138.0,-9.832939319189084e-05,0.00015491447394377604
2139.0,-9.832980064076828e-05,0.00015491449547084467
2140.0,-9.833111769053072e-05,0.00015491434649243113
2141.0,-9.833303862102295e-05,0.00015491394810292686
2142.0,-9.833279495583172e-05,0.00015491413793652567
2143.0,-9.833300242508544e-05,0.00015491411478625597
2144.0,-9.833282894488008e-05,0.00015491426597749494
2145.0,-9.833195407589812e-05,0.00015491447095403386
2146.0,-9.833296740943952e-05,0.0001549142505755826
2147.0,-9.833426915974598e-05,0.00015491394260901549
2148.0,-9.833496876921822e-05,0.00015491387636530027
2149.0,-9.833528869129612e-05,0.0001549137736111218
2150.0,-9.833549183544122e-05,0.0001549137808623449
2151.0,-9.833540697168691e-05,0.00015491384529094207
2152.0,-9.83360816856763e-05,0.00015491382752359564
2153.0,-9.833632626317974e-05,0.00015491383973691213
2154.0,-9.83369530797931e-05,0.00015491381043836365
2155.0,-9.833771825259187e-05,0.0001549136841408326
2156.0,-9.833869479512388e-05,0.00015491358204333376
2157.0,-9.833848312391383e-05,0.00015491368399747296
2158.0,-9.833842486105539e-05,0.00015491377526438216
2159.0,-9.834080330331107e-05,0.00015491319593882578
2160.0,-9.834378906667909e-05,0.00015491255006896143
2161.0,-9.834422663860803e-05,0.00015491246685100232
2162.0,-9.834411216313056e-05,0.00015491256292970854
2163.0,-9.834431954075897e-05,0.00015491252285143998
2164.0,-9.83446740558241e-05,0.0001549124409075319
2165.0,-9.834493037121914e-05,0.0001549122715720494
2166.0,-9.834529565669144e-05,0.0001549121954527048
2167.0,-9.834501636600411e-05,0.0001549122457048833
2168.0,-9.834620967825121e-05,0.0001549119783067822
2169.0,-9.834737385759127e-05,0.00015491164924784988
2170.0,-9.834782931024832e-05,0.00015491150016307275
2171.0,-9.834701049822088e-05,0.00015491161753531006
2172.0,-9.834665620482989e-05,0.0001549117498308235
2173.0,-9.834698476431718e-05,0.0001549116267565721
2174.0,-9.834703658975885e-05,0.00015491164054222008
2175.0,-9.83468021994133e-05,0.00015491164089599468
2176.0,-9.834578962744569e-05,0.00015491193354851506
2177.0,-9.834414510390658e-05,0.00015491233160274277
2178.0,-9.834506224663816e-05,0.0001549122082648946
2179.0,-9.834549374075501e-05,0.0001549120593928447
2180.0,-9.834491480575418e-05,0.00015491221229977482
2181.0,-9.834434835149962e-05,0.00015491229880344436
2182.0,-9.83441859461339e-05,0.0001549123897928833
2183.0,-9.834362175295548e-05,0.00015491255106785438
2184.0,-9.83427601125005e-05,0.00015491294257609592
2185.0,-9.834303665147292e-05,0.00015491299404220686
2186.0,-9.834479918052688e-05,0.00015491276710852042
2187.0,-9.834455802173118e-05,0.0001549129387886267
2188.0,-9.83446018412884e-05,0.00015491308700630926
2189.0,-9.834458286007137e-05,0.00015491316426096972
2190.0,-9.834439515528326e-05,0.0001549133999534678
2191.0,-9.834356516299783e-05,0.00015491366767759644
2192.0,-9.834436185490252e-05,0.00015491360433807013
2193.0,-9.834486619015398e-05,0.0001549135078408463
2194.0,-9.834440087841674e-05,0.00015491370434529288
2195.0,-9.834304292435824e-05,0.0001549140320978027
2196.0,-9.834167328462473e-05,0.00015491445075188582
2197.0,-9.834044005329991e-05,0.00015491475008219072
2198.0,-9.833991111911632e-05,0.00015491495673511255
2199.0,-9.834056862429654e-05,0.0001549148070029048
2200.0,-9.833945309405413e-05,0.00015491514485302022
2201.0,-9.833841682167352e-05,0.00015491541388588367
2202.0,-9.8337971279328e-05,0.00015491563954089462
2203.0,-9.833887690288646e-05,0.0001549154538392906
2204.0,-9.833878109237091e-05,0.0001549156072456672
2205.0,-9.833882654049408e-05,0.00015491567088809862
2206.0,-9.833902253490951e-05,0.00015491575611309267
2207.0,-9.833967487853069e-05,0.000154915676666417
2208.0,-9.833954211740038e-05,0.00015491585665907022
2209.0,-9.833904208755318e-05,0.00015491604698749102
2210.0,-9.834030949413263e-05,0.00015491588072961632
2211.0,-9.834161907101376e-05,0.0001549156379916856
2212.0,-9.83404204336614e-05,0.00015491609085554103
2213.0,-9.833889373632744e-05,0.00015491653546465586
2214.0,-9.833827182807198e-05,0.00015491684427981956
2215.0,-9.833865047803139e-05,0.00015491679800702722
2216.0,-9.833894073025822e-05,0.0001549168598042813
2217.0,-9.8338584707809e-05,0.00015491697686436452
2218.0,-9.833838642768696e-05,0.00015491708670790845
2219.0,-9.833855467145671e-05,0.0001549170715672806
2220.0,-9.833885273843562e-05,0.0001549170961141507
2221.0,-9.833877594559018e-05,0.00015491713501085834
2222.0,-9.833880839375701e-05,0.00015491722819000015
2223.0,-9.83383280771441e-05,0.0001549173727566364
2224.0,-9.833757040678316e-05,0.00015491760493682323
2225.0,-9.833686752343028e-05,0.0001549177576287139
2226.0,-9.833910333266763e-05,0.00015491726864979034
2227.0,-9.833954294990988e-05,0.0001549171361253639
2228.0,-9.83390933376273e-05,0.0001549173139236897
2229.0,-9.833877616332342e-05,0.00015491742340883454
2230.0,-9.833851512971764e-05,0.00015491758669084057
2231.0,-9.833816632891903e-05,0.00015491772312297333
2232.0,-9.833846049541843e-05,0.00015491778479767804
2233.0,-9.833869437443564e-05,0.00015491776095373266
2234.0,-9.833893539825643e-05,0.0001549178494575004
2235.0,-9.833887760337671e-05,0.00015491792104714282
2236.0,-9.833880779178858e-05,0.0001549180344793023
2237.0,-9.833857832260878e-05,0.0001549181220350466
2238.0,-9.833787304419006e-05,0.00015491840799590893
2239.0,-9.833661699816357e-05,0.00015491871741688275
2240.0,-9.833670527077342e-05,0.00015491880437144145
2241.0,-9.833602548487989e-05,0.0001549190777074064
2242.0,-9.833485367797927e-05,0.0001549195377854889
2243.0,-9.833410435537353e-05,0.0001549198063512774
2244.0,-9.833405324520043e-05,0.00015492000083944005
2245.0,-9.833392270179664e-05,0.00015492015026180602
2246.0,-9.833433696148863e-05,0.00015492025629013372
2247.0,-9.833480356681758e-05,0.00015492026364772042
2248.0,-9.83350560408462e-05,0.00015492036256356014
2249.0,-9.833454156178647e-05,0.00015492057246288413
2250.0,-9.83342606267697e-05,0.0001549208238116423
2251.0,-9.833438527265637e-05,0.00015492089046925062
2252.0,-9.833455208588905e-05,0.00015492103891584613
2253.0,-9.833442912177014e-05,0.00015492119510386224
2254.0,-9.833463727082453e-05,0.00015492130610584456
2255.0,-9.833487729957478e-05,0.0001549213933471226
2256.0,-9.833459180595266e-05,0.00015492166672933255
2257.0,-9.833450647914572e-05,0.00015492177673010962
2258.0,-9.833386595026315e-05,0.00015492209535384745
2259.0,-9.833345312603432e-05,0.0001549222741371927
2260.0,-9.83332150411199e-05,0.0001549224642829456
2261.0,-9.833310935083459e-05,0.0001549225628126392
2262.0,-9.833323426273021e-05,0.0001549227270796647
2263.0,-9.833276585839253e-05,0.00015492293957333577
2264.0,-9.833249405142392e-05,0.00015492312443327998
2265.0,-9.833464125110672e-05,0.0001549226582300412
2266.0,-9.833512542780521e-05,0.00015492265416047724
2267.0,-9.83347380763972e-05,0.00015492280685930465
2268.0,-9.833429750447833e-05,0.00015492304999263049
2269.0,-9.833454002681626e-05,0.00015492306001855632
2270.0,-9.833465672002027e-05,0.00015492317255587414
2271.0,-9.833508933038953e-05,0.00015492314678813488
2272.0,-9.833558411394893e-05,0.00015492314920212625
2273.0,-9.833664088675328e-05,0.0001549229826205362
2274.0,-9.833645229723908e-05,0.0001549231886930827
2275.0,-9.833516020305784e-05,0.00015492356606190162
2276.0,-9.833662708877007e-05,0.00015492332263723202
2277.0,-9.833879248839173e-05,0.0001549228230080745
2278.0,-9.83380684011692e-05,0.00015492309808747763
2279.0,-9.83376648163182e-05,0.00015492327859345083
2280.0,-9.833725123642688e-05,0.00015492353806052667
2281.0,-9.833713411465287e-05,0.00015492358192857668
2282.0,-9.833747857950546e-05,0.00015492359646108217
2283.0,-9.833804265150202e-05,0.00015492347339376755
2284.0,-9.833839693602606e-05,0.00015492339825713016
2285.0,-9.833873832995298e-05,0.00015492325686752853
2286.0,-9.833849716229032e-05,0.00015492336900713895
2287.0,-9.83375702905274e-05,0.00015492353511240505
2288.0,-9.833818291309977e-05,0.00015492338574322087
2289.0,-9.833943022615067e-05,0.00015492298865089012
2290.0,-9.834072647696818e-05,0.00015492260356839765
2291.0,-9.834011138642382e-05,0.00015492266880628308
2292.0,-9.833897384640313e-05,0.00015492295346997189
2293.0,-9.833830532057029e-05,0.00015492296001595805
2294.0,-9.83386163914464e-05,0.00015492282021256152
2295.0,-9.83388951442045e-05,0.00015492265332806642
2296.0,-9.833937831203936e-05,0.00015492243115299513
2297.0,-9.833952872532713e-05,0.00015492227705063058
2298.0,-9.834006079940164e-05,0.00015492200378172097
2299.0,-9.833947290876588e-05,0.00015492195692392874
2300.0,-9.833828880535484e-05,0.0001549221400635573
2301.0,-9.833930442164721e-05,0.00015492165806763557
2302.0,-9.833947996687025e-05,0.00015492143064606387
2303.0,-9.833799225955309e-05,0.0001549215918216081
2304.0,-9.833750004642841e-05,0.0001549216186391099
2305.0,-9.83375063065059e-05,0.0001549214163609694
2306.0,-9.833756691418406e-05,0.00015492131655953705
2307.0,-9.833711878564032e-05,0.0001549212327311434
2308.0,-9.833773554810027e-05,0.00015492098409234487
2309.0,-9.83372026070336e-05,0.00015492091974467657
2310.0,-9.833775329385346e-05,0.00015492069150456757
2311.0,-9.833860119642356e-05,0.0001549203000078873
2312.0,-9.833758778997598e-05,0.0001549203886018329
2313.0,-9.833659267213693e-05,0.00015492038361199253
2314.0,-9.833642224807895e-05,0.00015492023894824171
2315.0,-9.833663487199515e-05,0.0001549199903834353
2316.0,-9.833586417015091e-05,0.00015492010657179947
2317.0,-9.833403639008464e-05,0.0001549203907822868
2318.0,-9.833452304362208e-05,0.0001549202299373946
2319.0,-9.833446167535535e-05,0.0001549200234347692
2320.0,-9.83337792106531e-05,0.0001549199993295393
2321.0,-9.83329076451083e-05,0.00015491995101965273
2322.0,-9.833144963522832e-05,0.00015492012450562802
2323.0,-9.833061970501163e-05,0.00015492009701526086
2324.0,-9.833089088439614e-05,0.0001549199101505939
2325.0,-9.832952265746574e-05,0.00015492006180197108
2326.0,-9.8328832141559e-05,0.00015492012757629904
2327.0,-9.832842745523387e-05,0.00015492002676903698
2328.0,-9.83286436751971e-05,0.000154919874285249
2329.0,-9.832829803103813e-05,0.00015491977251840222
2330.0,-9.832894506137669e-05,0.00015491950850543844
2331.0,-9.832839075979065e-05,0.00015491949000048355
2332.0,-9.832652392369794e-05,0.00015491987133250287
2333.0,-9.832651092965294e-05,0.0001549197256675468
2334.0,-9.832670100684686e-05,0.00015491958323049496
2335.0,-9.83262624526552e-05,0.00015491947402744493
2336.0,-9.83246314039477e-05,0.00015491975179830967
2337.0,-9.832433344435759e-05,0.0001549196506141505
2338.0,-9.832475325575505e-05,0.0001549194788669889
2339.0,-9.832389839852852e-05,0.00015491947912596113
2340.0,-9.832329722714921e-05,0.00015491947023303895
2341.0,-9.83227414250756e-05,0.00015491934940629673
2342.0,-9.832284070553024e-05,0.00015491917635964935
2343.0,-9.832258155566196e-05,0.0001549190673855123
2344.0,-9.832196302276462e-05,0.0001549190488643716
2345.0,-9.832092517797551e-05,0.0001549190594937953
2346.0,-9.831945371592395e-05,0.00015491928067922262
2347.0,-9.831892379356636e-05,0.0001549191683985648
2348.0,-9.831866655403651e-05,0.0001549190711290487
2349.0,-9.83174921097063e-05,0.00015491913914857363
2350.0,-9.83164825209799e-05,0.00015491918516701825
2351.0,-9.831578965335693e-05,0.0001549190754321502
2352.0,-9.831341310370572e-05,0.00015491944329992452
2353.0,-9.831206992890791e-05,0.0001549194458549633
2354.0,-9.831066867942837e-05,0.00015491961670497102
2355.0,-9.830889026077262e-05,0.0001549198604394824
2356.0,-9.830836811966967e-05,0.00015491980413151523
2357.0,-9.830838382306518e-05,0.00015491956426077734
2358.0,-9.83074113967755e-05,0.0001549196505702177
2359.0,-9.830604560727534e-05,0.0001549197582934263
2360.0,-9.830495825329296e-05,0.00015491990057555727
2361.0,-9.83036321887825e-05,0.00015492004024715542
2362.0,-9.830300625591001e-05,0.00015492007495637418
2363.0,-9.830312836584459e-05,0.00015491982271277445
2364.0,-9.830181482148911e-05,0.00015491998374958356
2365.0,-9.830063745894214e-05,0.00015492016674585244
2366.0,-9.829993182485957e-05,0.0001549202863008559
2367.0,-9.829956977090351e-05,0.0001549202553074265
2368.0,-9.829903440521445e-05,0.00015492033233086174
2369.0,-9.829813334223183e-05,0.0001549205331846549
2370.0,-9.829960157473756e-05,0.00015492026234592237
2371.0,-9.830059928961223e-05,0.0001549199272173279
2372.0,-9.829985930293575e-05,0.00015492004191197708
2373.0,-9.829807397198792e-05,0.0001549203519179507
2374.0,-9.829701257653902e-05,0.0001549205816933952
2375.0,-9.829667844367142e-05,0.00015492059810576176
2376.0,-9.829716787158379e-05,0.00015492054199896054
2377.0,-9.829510032483536e-05,0.0001549209383051255
2378.0,-9.829276955138505e-05,0.0001549215247940394
2379.0,-9.82922499373672e-05,0.00015492154055203863
2380.0,-9.829228969782476e-05,0.00015492151847002947
2381.0,-9.829164077586695e-05,0.00015492161384581096
2382.0,-9.829087757646054e-05,0.00015492179855545877
2383.0,-9.8289316149194e-05,0.00015492207746395167
2384.0,-9.828775222242849e-05,0.00015492246197763008
2385.0,-9.828828058912629e-05,0.000154922394799765
2386.0,-9.828956540057337e-05,0.00015492217620174798
2387.0,-9.829075134240188e-05,0.00015492191552767643
2388.0,-9.828974542755477e-05,0.00015492236009979524
2389.0,-9.828857314380845e-05,0.00015492270975164625
2390.0,-9.82885299764658e-05,0.0001549229013518058
2391.0,-9.828944853200049e-05,0.00015492283611854483
2392.0,-9.828991635702977e-05,0.00015492294079420496
2393.0,-9.828989755216685e-05,0.0001549231605922809
2394.0,-9.829222109904044e-05,0.0001549228746799759
2395.0,-9.829439659715035e-05,0.00015492245080482716
2396.0,-9.829550732051233e-05,0.00015492228973102202
2397.0,-9.82960233187788e-05,0.00015492220621247013
2398.0,-9.829677763939729e-05,0.00015492207698531544
2399.0,-9.8297921157723e-05,0.0001549218200755906
2400.0,-9.829746971786035e-05,0.00015492203260856997
2401.0,-9.829726770573116e-05,0.00015492209114092382
2402.0,-9.829779318968002e-05,0.00015492204466002879
2403.0,-9.82986783118295e-05,0.00015492187301923078
2404.0,-9.829940809558462e-05,0.00015492178753757674
2405.0,-9.830091712795328e-05,0.00015492140551188175
2406.0,-9.830115411927533e-05,0.00015492141141043727
2407.0,-9.830038041645592e-05,0.00015492157382997323
2408.0,-9.830138421209835e-05,0.00015492135373824126
2409.0,-9.830226700814729e-05,0.00015492114172089416
2410.0,-9.830104403294564e-05,0.0001549215115332727
2411.0,-9.830103061919761e-05,0.0001549215175196938
2412.0,-9.830239841755801e-05,0.0001549213128368109
2413.0,-9.830201241392873e-05,0.0001549214740678492
2414.0,-9.830256821698756e-05,0.00015492147638472597
2415.0,-9.830358554263379e-05,0.00015492126921154737
2416.0,-9.830509960257177e-05,0.00015492103205539366
2417.0,-9.830618561567197e-05,0.00015492081290243608
2418.0,-9.830731751925838e-05,0.00015492072860234294
2419.0,-9.830818945918614e-05,0.00015492061450425484
2420.0,-9.830840815500314e-05,0.00015492068925012162
2421.0,-9.830838419350728e-05,0.0001549206552692623
2422.0,-9.830912022256161e-05,0.00015492051552367208
2423.0,-9.830916572881266e-05,0.0001549204628343797
2424.0,-9.830899131659075e-05,0.00015492044989501598
2425.0,-9.830856824313525e-05,0.00015492040860050278
2426.0,-9.830807714724819e-05,0.0001549204230197079
2427.0,-9.830755479038242e-05,0.00015492038819718876
2428.0,-9.830650429933037e-05,0.00015492051941056815
2429.0,-9.830496145525264e-05,0.0001549206165852819
2430.0,-9.830311994715366e-05,0.00015492088246423327
2431.0,-9.830153180076508e-05,0.00015492103404624285
2432.0,-9.829991410964817e-05,0.00015492127177352288
2433.0,-9.829845795000826e-05,0.00015492134868134555
2434.0,-9.829721382512399e-05,0.00015492147036824558
2435.0,-9.829559559903349e-05,0.000154921601142297
2436.0,-9.829484910498971e-05,0.00015492163274384875
2437.0,-9.829518677774688e-05,0.00015492131104250314
2438.0,-9.829283820928247e-05,0.00015492178301712353
2439.0,-9.828982063222821e-05,0.0001549223519814775
2440.0,-9.82891470807965e-05,0.00015492240240707494
2441.0,-9.828892446676607e-05,0.0001549222564137791
2442.0,-9.82886779178407e-05,0.00015492221091559124
2443.0,-9.828803407665399e-05,0.00015492217951751773
2444.0,-9.828755833440992e-05,0.00015492222801469674
2445.0,-9.828705545728166e-05,0.00015492224511611452
2446.0,-9.828746327167511e-05,0.0001549220429096538
2447.0,-9.828631537996506e-05,0.00015492215790952028
2448.0,-9.828501514295405e-05,0.00015492237390625353
2449.0,-9.828412206615148e-05,0.0001549223546035716
2450.0,-9.828387965317279e-05,0.00015492222879161352
2451.0,-9.828321526328664e-05,0.00015492211233734038
2452.0,-9.828217608057099e-05,0.00015492213973521745
2453.0,-9.828263834404259e-05,0.00015492172358530355
2454.0,-9.828270196747417e-05,0.00015492154171972602
2455.0,-9.828248452978102e-05,0.00015492133984391736
2456.0,-9.828306807461858e-05,0.00015492104246977786
2457.0,-9.828187349735111e-05,0.00015492111219805722
2458.0,-9.82805264329112e-05,0.00015492127803972653
2459.0,-9.827929939860991e-05,0.00015492137811400463
2460.0,-9.827808426771689e-05,0.00015492157871576227
2461.0,-9.827916089759737e-05,0.0001549211194354068
2462.0,-9.828081341125739e-05,0.00015492061123473014
2463.0,-9.828175526720645e-05,0.00015492022785867983
2464.0,-9.828177985037509e-05,0.0001549201061972146
2465.0,-9.828144261604008e-05,0.00015491997906496045
2466.0,-9.828112492942266e-05,0.00015491991080727354
2467.0,-9.828155812599682e-05,0.00015491959354776454
2468.0,-9.828210297145701e-05,0.00015491933147940493
2469.0,-9.828018204687607e-05,0.00015491961681364687
2470.0,-9.828064180986348e-05,0.00015491934266839363
2471.0,-9.828185117722904e-05,0.00015491880835545214
2472.0,-9.828268433403587e-05,0.000154918431791297
2473.0,-9.828263962778214e-05,0.00015491817740192712
2474.0,-9.828237536167488e-05,0.00015491802872641863
2475.0,-9.828183199010138e-05,0.000154917855448546
2476.0,-9.82814446554421e-05,0.000154917739875241
2477.0,-9.828104144792971e-05,0.00015491758048938
2478.0,-9.828071733965897e-05,0.0001549174600557207
2479.0,-9.828048816998554e-05,0.00015491725675787692
2480.0,-9.827996023579862e-05,0.00015491724970088298
2481.0,-9.827976887289471e-05,0.00015491709492334077
2482.0,-9.827964236100447e-05,0.0001549169772551352
2483.0,-9.827906267625248e-05,0.00015491686299287717
2484.0,-9.827871159959945e-05,0.00015491677144849767
2485.0,-9.827824993908149e-05,0.0001549166485152937
2486.0,-9.82776869764408e-05,0.00015491664537987962
2487.0,-9.827772612507774e-05,0.0001549164076410383
2488.0,-9.827859352708972e-05,0.00015491603094970933
2489.0,-9.827744099894206e-05,0.00015491612956958074
2490.0,-9.827602066775321e-05,0.0001549163345831157
2491.0,-9.827522410294168e-05,0.00015491631788634207
2492.0,-9.827568803635843e-05,0.0001549161162394464
2493.0,-9.827557831061868e-05,0.00015491600818096123
2494.0,-9.827495253538113e-05,0.0001549161708872165
2495.0,-9.827625965512766e-05,0.00015491575914676763
2496.0,-9.827773218712634e-05,0.0001549153472259631
2497.0,-9.827835543330834e-05,0.00015491511617646758
2498.0,-9.827943811735568e-05,0.0001549148354089239
2499.0,-9.828072137609863e-05,0.00015491441630857605
2500.0,-9.82797763654804e-05,0.0001549146005072161
2501.0,-9.827922796633756e-05,0.00015491467006207654
2502.0,-9.827938235104057e-05,0.00015491455167707273
2503.0,-9.827994482993903e-05,0.0001549142976252917
2504.0,-9.828046949517145e-05,0.00015491414620976427
2505.0,-9.82808819341799e-05,0.00015491394975618723
2506.0,-9.828036411818557e-05,0.00015491401156731482
2507.0,-9.827874014433114e-05,0.00015491426901810667
2508.0,-9.827943192624347e-05,0.0001549140317717751
2509.0,-9.828018435425749e-05,0.00015491372350230292
2510.0,-9.8279126200177e-05,0.00015491394250496412
2511.0,-9.827876465754927e-05,0.00015491391884831117
2512.0,-9.827930690104775e-05,0.0001549137882014336
2513.0,-9.827783386954334e-05,0.00015491418715512744
2514.0,-9.827775053878881e-05,0.00015491432838055913
2515.0,-9.82779195845263e-05,0.0001549143228288414
2516.0,-9.827865262442813e-05,0.00015491428224881414
2517.0,-9.827941014996197e-05,0.0001549141970862509
2518.0,-9.82800784620024e-05,0.00015491421396569244
2519.0,-9.82810553207895e-05,0.00015491406860364149
2520.0,-9.82817153205426e-05,0.00015491408106436892
2521.0,-9.828274178408917e-05,0.00015491393228943357
2522.0,-9.82835482247296e-05,0.00015491392886036347
2523.0,-9.828446685218526e-05,0.0001549138014899474
2524.0,-9.82849872987126e-05,0.00015491380115235855
2525.0,-9.828480378405822e-05,0.0001549138665497894
2526.0,-9.828512903813791e-05,0.00015491387025170526
2527.0,-9.828537297130854e-05,0.00015491382328986173
2528.0,-9.828542951200527e-05,0.00015491391751645386
2529.0,-9.828544952376072e-05,0.000154913893429722
2530.0,-9.828540448844404e-05,0.00015491397944319407
2531.0,-9.828535545018513e-05,0.0001549139726359234
2532.0,-9.828519295319411e-05,0.00015491403931202973
2533.0,-9.828475710145643e-05,0.00015491405049176949
2534.0,-9.828446572213978e-05,0.00015491412745277392
2535.0,-9.828393215742989e-05,0.00015491418635277588
2536.0,-9.828397984199875e-05,0.0001549141402071574
2537.0,-9.828448026494807e-05,0.0001549138423150734
2538.0,-9.82824287890816e-05,0.00015491422714321814
2539.0,-9.827956646175207e-05,0.0001549147896748863
2540.0,-9.827990786750165e-05,0.0001549146726124908
2541.0,-9.828059763070156e-05,0.00015491438445730107
2542.0,-9.828136961332966e-05,0.00015491420155121002
2543.0,-9.828172363480039e-05,0.00015491407058524167
2544.0,-9.828178471439815e-05,0.0001549140968524274
2545.0,-9.828183151719657e-05,0.00015491401770172008
2546.0,-9.828294411444391e-05,0.00015491377215209062
2547.0,-9.828468629282733e-05,0.0001549132947228671
2548.0,-9.828480450917893e-05,0.00015491329309735377
2549.0,-9.828469926913841e-05,0.00015491323069197736
2550.0,-9.828477035461388e-05,0.00015491320899380207
2551.0,-9.828417857729166e-05,0.00015491324534009545
2552.0,-9.828617687304124e-05,0.00015491271335790424
2553.0,-9.828814901321365e-05,0.00015491207959730498
2554.0,-9.828890836632754e-05,0.00015491182296042592
2555.0,-9.82892561021051e-05,0.00015491157484650873
2556.0,-9.828957303503049e-05,0.00015491139709442793
2557.0,-9.828976277429451e-05,0.00015491117828137144
2558.0,-9.829023595792648e-05,0.000154910963574875
2559.0,-9.829095116242023e-05,0.00015491062618721004
2560.0,-9.829167834815452e-05,0.000154910357121975
2561.0,-9.829163177491195e-05,0.00015491022971687513
2562.0,-9.829154097718744e-05,0.00015491013488678516
2563.0,-9.82927752784594e-05,0.00015490964273776376
2564.0,-9.829181579793903e-05,0.00015490981393229705
2565.0,-9.82909294718527e-05,0.00015490988004421386
2566.0,-9.829256007622674e-05,0.00015490943134703703
2567.0,-9.829237821476875e-05,0.00015490931499912748
2568.0,-9.829176143753053e-05,0.00015490940210167035
2569.0,-9.829145521786966e-05,0.00015490934982164662
2570.0,-9.829185381258965e-05,0.00015490928694688298
2571.0,-9.829166343391891e-05,0.0001549093002608315
2572.0,-9.82915831947796e-05,0.00015490936445820345
2573.0,-9.829147635375925e-05,0.00015490935971114957
2574.0,-9.8291357985684e-05,0.00015490944412916758
2575.0,-9.829121733689544e-05,0.00015490953839969245
2576.0,-9.829124933284705e-05,0.00015490968721624835
2577.0,-9.829115836270934e-05,0.0001549098245871555
2578.0,-9.829127285395032e-05,0.00015490995858679886
2579.0,-9.829158019478968e-05,0.00015490995211018025
2580.0,-9.829180312803087e-05,0.0001549100300099591
2581.0,-9.829237965712844e-05,0.00015490996888788272
2582.0,-9.829251595322226e-05,0.0001549100687586826
2583.0,-9.829250516311072e-05,0.00015491012962409902
2584.0,-9.829214938401045e-05,0.0001549103479446458
2585.0,-9.829155413083785e-05,0.00015491053410407576
2586.0,-9.829062387682026e-05,0.00015491090184930074
2587.0,-9.82912726825223e-05,0.00015491076677214783
2588.0,-9.829197596094774e-05,0.0001549107127371246
2589.0,-9.829169142200221e-05,0.00015491084598066147
2590.0,-9.829107243097833e-05,0.00015491112134447167
2591.0,-9.828987507046897e-05,0.0001549114424908767
2592.0,-9.82883090333657e-05,0.00015491197394587442
2593.0,-9.828819482192676e-05,0.00015491209097821064
2594.0,-9.828878973913988e-05,0.00015491211868130504
2595.0,-9.828777417900496e-05,0.00015491249023249725
2596.0,-9.828737258429506e-05,0.00015491278910497624
2597.0,-9.828769030243947e-05,0.00015491279129236686
2598.0,-9.828739825514478e-05,0.00015491307489010737
2599.0,-9.828606576208449e-05,0.00015491350957965998
2600.0,-9.828677470157465e-05,0.00015491353100498948
2601.0,-9.828716199583999e-05,0.0001549135832618907
2602.0,-9.828698314915021e-05,0.00015491386629081714
2603.0,-9.828621573202397e-05,0.00015491419808283163
2604.0,-9.828543332480036e-05,0.00015491460740466463
2605.0,-9.828450715648334e-05,0.00015491494134013694
2606.0,-9.8283704979868e-05,0.00015491534179217027
2607.0,-9.82831547423077e-05,0.00015491561766930043
2608.0,-9.828390634076787e-05,0.00015491562479103742
2609.0,-9.828424625292637e-05,0.00015491563240990864
2610.0,-9.828254908818484e-05,0.0001549162607205293
2611.0,-9.828303612595744e-05,0.00015491627463335117
2612.0,-9.82843483323864e-05,0.000154916150259614
2613.0,-9.828515182820913e-05,0.0001549160862703448
2614.0,-9.828619246904796e-05,0.00015491601856991067
2615.0,-9.828712241666261e-05,0.00015491586862728795
2616.0,-9.828628614656574e-05,0.00015491622569453194
2617.0,-9.828563532116606e-05,0.0001549164308352408
2618.0,-9.828576488427758e-05,0.00015491644363355711
2619.0,-9.828658180862663e-05,0.00015491626820760213
2620.0,-9.828736197940458e-05,0.00015491617339138567
2621.0,-9.828836716617533e-05,0.00015491594160659398
2622.0,-9.828864757902635e-05,0.00015491593692197088
2623.0,-9.828682407382257e-05,0.0001549164116666695
2624.0,-9.828730816382184e-05,0.00015491640624906244
2625.0,-9.828845294618271e-05,0.00015491618013853783
2626.0,-9.828931295905695e-05,0.0001549160723043411
2627.0,-9.829023915791572e-05,0.0001549158578706904
2628.0,-9.829126558796487e-05,0.00015491569935423627
2629.0,-9.829060890938286e-05,0.000154915917418123
2630.0,-9.829061481872263e-05,0.00015491600379461868
2631.0,-9.829124246488984e-05,0.00015491592521966219
2632.0,-9.829221376901581e-05,0.00015491580720230648
2633.0,-9.829279017003498e-05,0.00015491573192693395
2634.0,-9.829328194867837e-05,0.0001549157709531277
2635.0,-9.82934402240087e-05,0.0001549158144003478
2636.0,-9.829540614646801e-05,0.00015491551822395498
2637.0,-9.829730087212218e-05,0.00015491521004697286
2638.0,-9.829826001766831e-05,0.0001549151340756124
2639.0,-9.829917399587848e-05,0.00015491496335740305
2640.0,-9.83009219131589e-05,0.00015491467126444773
2641.0,-9.830026374689717e-05,0.0001549149068251474
2642.0,-9.829897082217684e-05,0.0001549153940328857
2643.0,-9.830051342290565e-05,0.00015491512756199774
2644.0,-9.830281762206099e-05,0.00015491472345660588
2645.0,-9.830424058279765e-05,0.00015491444393074161
2646.0,-9.830538232871552e-05,0.00015491431110341018
2647.0,-9.830593339681489e-05,0.00015491427331195914
2648.0,-9.830630309113936e-05,0.0001549143693860408
2649.0,-9.830670208388757e-05,0.0001549143956324163
2650.0,-9.830796518112191e-05,0.00015491425859909795
2651.0,-9.830941677821555e-05,0.00015491399206346695
2652.0,-9.83091180649334e-05,0.00015491423589046846
2653.0,-9.830840134221815e-05,0.0001549145292366645
2654.0,-9.830725248794976e-05,0.00015491494141875356
2655.0,-9.83084271224271e-05,0.00015491471045249913
2656.0,-9.831048924456322e-05,0.00015491437331686966
2657.0,-9.83115659168081e-05,0.00015491422656284282
2658.0,-9.831183363512049e-05,0.00015491431303876532
2659.0,-9.83119449578992e-05,0.0001549143689605864
2660.0,-9.831255614303797e-05,0.00015491433013093407
2661.0,-9.831122138003457e-05,0.0001549147143162727
2662.0,-9.830987990276801e-05,0.00015491519419185906
2663.0,-9.830912900085725e-05,0.00015491547040657807
2664.0,-9.830969400684082e-05,0.0001549154772901531
2665.0,-9.830943365205049e-05,0.00015491559552254826
2666.0,-9.830869045947342e-05,0.0001549159108397653
2667.0,-9.83092485393719e-05,0.00015491581517726455
2668.0,-9.831000166787616e-05,0.00015491579959730876
2669.0,-9.830962748686726e-05,0.00015491604224274937
2670.0,-9.83097909986332e-05,0.000154916203806752
2671.0,-9.831091312589777e-05,0.00015491605580179667
2672.0,-9.831017126435072e-05,0.00015491640853356768
2673.0,-9.830949112870468e-05,0.0001549166688446156
2674.0,-9.830952013353334e-05,0.00015491682932879642
2675.0,-9.830992297750013e-05,0.00015491680750575953
2676.0,-9.831074527523015e-05,0.00015491679933888453
2677.0,-9.831158324384348e-05,0.00015491670289253024
2678.0,-9.83119779676405e-05,0.0001549167533227522
2679.0,-9.831134084465784e-05,0.00015491690574410933
2680.0,-9.831062701552893e-05,0.00015491715367535862
2681.0,-9.831054171138202e-05,0.00015491711786319552
2682.0,-9.831153766370104e-05,0.00015491694827798977
2683.0,-9.831248861124516e-05,0.00015491662259263351
2684.0,-9.831106078648542e-05,0.00015491695796170227
2685.0,-9.830991016473531e-05,0.00015491716143065272
2686.0,-9.830930952734434e-05,0.00015491730859163596
2687.0,-9.830900373132736e-05,0.0001549173012548595
2688.0,-9.830813809482668e-05,0.00015491744878811542
2689.0,-9.830718577881427e-05,0.00015491758110675136
2690.0,-9.830756127607491e-05,0.00015491743445446358
2691.0,-9.830739455840843e-05,0.00015491731976212668
2692.0,-9.830631527730532e-05,0.00015491743739102397
2693.0,-9.830490153131603e-05,0.00015491758371034739
2694.0,-9.830387018404204e-05,0.00015491774151000335
2695.0,-9.830436448385922e-05,0.00015491751669433995
2696.0,-9.83048499058737e-05,0.00015491734345808792
2697.0,-9.830312502595434e-05,0.00015491761803804456
2698.0,-9.830352030147366e-05,0.00015491742559160064
2699.0,-9.830433160022585e-05,0.00015491705568210755
2700.0,-9.83049576069897e-05,0.00015491677703027466
2701.0,-9.830477802729747e-05,0.00015491666825036678
2702.0,-9.83048385482764e-05,0.00015491649475976693
2703.0,-9.830471447283117e-05,0.00015491630979345915
2704.0,-9.830450155334944e-05,0.00015491618796319948
2705.0,-9.830449619671719e-05,0.00015491591982286538
2706.0,-9.83045326389593e-05,0.00015491572374618542
2707.0,-9.830569709021963e-05,0.00015491524946393726
2708.0,-9.830547400032873e-05,0.00015491514285060975
2709.0,-9.830344246429674e-05,0.00015491538951243255
2710.0,-9.83034268249404e-05,0.00015491518236931324
2711.0,-9.830431840125541e-05,0.0001549146719396254
2712.0,-9.830492276375702e-05,0.00015491432681978884
2713.0,-9.83035622392638e-05,0.0001549144520120633
2714.0,-9.830248234732531e-05,0.00015491461355063115
2715.0,-9.830180482743402e-05,0.0001549145529187522
2716.0,-9.830165272843763e-05,0.0001549144298884336
2717.0,-9.830184298395608e-05,0.00015491414635774843
2718.0,-9.830230428092848e-05,0.00015491390219547034
2719.0,-9.830258049674926e-05,0.00015491367913249418
2720.0,-9.830282043288899e-05,0.0001549135771482957
2721.0,-9.830280372949682e-05,0.00015491343522687612
2722.0,-9.830296797623566e-05,0.00015491331623837445
2723.0,-9.83027275504424e-05,0.0001549132393999194
2724.0,-9.830280635313333e-05,0.0001549131543414075
2725.0,-9.830305031881617e-05,0.00015491307632832827
2726.0,-9.830307200248715e-05,0.00015491306777068266
2727.0,-9.830311924666342e-05,0.00015491297994209256
2728.0,-9.83027394213385e-05,0.00015491304600313981
2729.0,-9.830262828279562e-05,0.00015491301902840487
2730.0,-9.830257332534478e-05,0.00015491302896415284
2731.0,-9.830260463755486e-05,0.0001549129692433013
2732.0,-9.830270594854454e-05,0.00015491297948657886
2733.0,-9.830286164555842e-05,0.00015491300438491128
2734.0,-9.830297164420363e-05,0.00015491304369088756
2735.0,-9.830306078183521e-05,0.00015491307475830899
2736.0,-9.830309623885893e-05,0.00015491316956527644
2737.0,-9.830436225923614e-05,0.00015491300303918044
2738.0,-9.830453446062806e-05,0.00015491313576939728
2739.0,-9.830510039370212e-05,0.0001549130897116444
2740.0,-9.830519996775183e-05,0.00015491323178104817
2741.0,-9.830574584177997e-05,0.0001549132201249845
2742.0,-9.830555605621068e-05,0.00015491347565429472
2743.0,-9.830579095295847e-05,0.00015491360052054162
2744.0,-9.830656458385692e-05,0.00015491365224100032
2745.0,-9.830668981988936e-05,0.0001549138274056708
2746.0,-9.830571309804761e-05,0.00015491436151282185
2747.0,-9.830700433508888e-05,0.00015491427232231517
2748.0,-9.830823197825512e-05,0.00015491423531240539
2749.0,-9.830851796251601e-05,0.00015491440847004086
2750.0,-9.83083192548092e-05,0.0001549147458507691
2751.0,-9.830866631768261e-05,0.0001549149047117488
2752.0,-9.830885506089087e-05,0.00015491515810916244
2753.0,-9.830943492002653e-05,0.00015491528523447982
2754.0,-9.830986125554001e-05,0.00015491550188095592
2755.0,-9.831170146906205e-05,0.00015491536670206394
2756.0,-9.831258709662857e-05,0.00015491544034961088
2757.0,-9.831347041878412e-05,0.00015491550340241794
2758.0,-9.831464757936132e-05,0.00015491553880762465
2759.0,-9.831645537821394e-05,0.00015491536169603775
2760.0,-9.831760170244156e-05,0.00015491537935470833
2761.0,-9.831888368040064e-05,0.00015491529521184834
2762.0,-9.831909920184405e-05,0.00015491545822794538
2763.0,-9.832002385686565e-05,0.00015491543843275374
2764.0,-9.832018691740158e-05,0.00015491561532005214
2765.0,-9.832029609733035e-05,0.00015491569345568073
2766.0,-9.83220228274898e-05,0.00015491547863357165
2767.0,-9.83240970451518e-05,0.0001549151472762606
2768.0,-9.832469053872439e-05,0.00015491509163422204
2769.0,-9.8325037440022e-05,0.00015491512801751146
2770.0,-9.832510446541258e-05,0.00015491519642087025
2771.0,-9.83263409046084e-05,0.00015491500895501773
2772.0,-9.832553822947254e-05,0.00015491536611012734
2773.0,-9.832488420112794e-05,0.00015491553697632085
2774.0,-9.832412168940399e-05,0.0001549157213830636
2775.0,-9.832621470601758e-05,0.00015491526106219464
2776.0,-9.832764028940552e-05,0.00015491497865526406
2777.0,-9.832878572792184e-05,0.000154914613384149
2778.0,-9.83287681407888e-05,0.00015491459944358006
2779.0,-9.832907909836481e-05,0.00015491451379313163
2780.0,-9.83290296088759e-05,0.00015491453575259138
2781.0,-9.832901133209e-05,0.0001549144758005146
2782.0,-9.83288869413749e-05,0.00015491437655633508
2783.0,-9.833126102502453e-05,0.00015491370576501578
2784.0,-9.833143463133784e-05,0.00015491360993603285
2785.0,-9.833111749250182e-05,0.00015491353564105529
2786.0,-9.833071475789426e-05,0.00015491355797509992
2787.0,-9.833070004267276e-05,0.0001549134052762725
2788.0,-9.83299257142397e-05,0.00015491348740978526
2789.0,-9.83318561097248e-05,0.00015491287492190684
2790.0,-9.833288648557347e-05,0.00015491250917678008
2791.0,-9.833304411263012e-05,0.00015491226079695385
2792.0,-9.833218246133773e-05,0.00015491226830483698
2793.0,-9.833138075073069e-05,0.0001549122445140734
2794.0,-9.833047675770863e-05,0.00015491233142932384
2795.0,-9.833015303170261e-05,0.00015491229317773458
2796.0,-9.833033294538388e-05,0.00015491212724588746
2797.0,-9.833214815012295e-05,0.0001549115204276516
2798.0,-9.833181478474047e-05,0.00015491142150256287
2799.0,-9.833133708979362e-05,0.00015491136909536525
2800.0,-9.833166056161328e-05,0.00015491113633711535
2801.0,-9.833262898693119e-05,0.00015491070328926186
2802.0,-9.833242455313523e-05,0.0001549106617450254
2803.0,-9.8332044527811e-05,0.0001549106730496267
2804.0,-9.833093807438537e-05,0.0001549108822668363
2805.0,-9.83320889316027e-05,0.0001549104859907306
2806.0,-9.833299310886059e-05,0.00015491018403370713
2807.0,-9.833370931926228e-05,0.00015490995087081305
2808.0,-9.83334822283996e-05,0.00015490998560084207
2809.0,-9.833398741290929e-05,0.00015490983428705378
2810.0,-9.833462692209083e-05,0.0001549096525116541
2811.0,-9.833416336798317e-05,0.00015490972541234356
2812.0,-9.833387431575229e-05,0.000154909771796124
2813.0,-9.83345226741652e-05,0.00015490956255116738
2814.0,-9.833593603296368e-05,0.0001549092122056407
2815.0,-9.833638664622811e-05,0.00015490909677800757
2816.0,-9.833593337090364e-05,0.00015490922782721703
2817.0,-9.833764122920533e-05,0.00015490880923787695
2818.0,-9.833887497087324e-05,0.00015490854995578132
2819.0,-9.833982564945273e-05,0.0001549083641455014
2820.0,-9.834006301909862e-05,0.00015490844406618876
