iteration,Y_prime,N_prime
1.0,0.06239243042346034,0.0018222976674810735
2.0,0.0034008884068675196,0.0012593660968272793
3.0,-0.005620112294204015,0.0003493252752852514
4.0,-0.009111556616740823,0.00013213546147235905
5.0,-0.009121522738233953,0.0002445154057888387
6.0,-0.007992650142328092,0.0005072224874773793
7.0,-0.006718435817570307,0.0007545265315605797
8.0,-0.0056630029122759305,0.0009281171017407853
9.0,-0.004841299530806502,0.0010274423266883048
10.0,-0.004205672086559788,0.0010780309163065194
11.0,-0.0037023623165955664,0.0010944665930798549
12.0,-0.0033118323526617507,0.0010921924877962158
13.0,-0.0030094238805562236,0.0010809847076352279
14.0,-0.002780779318367019,0.0010690592271001293
15.0,-0.002609308367052678,0.0010607235100004205
16.0,-0.0025636364272904263,0.0010613942430740813
17.0,-0.0024816137401942324,0.0010628862900026377
18.0,-0.0024223729422741544,0.001069642092876593
19.0,-0.0023753230102941227,0.0010779485089999668
20.0,-0.0022842407156050833,0.0010758059310533128
21.0,-0.0021783510273132973,0.001071361480286143
22.0,-0.002117993634819414,0.0010756317665244523
23.0,-0.002007301688671174,0.0010653682807079247
24.0,-0.001868834083621453,0.0010478776645964462
25.0,-0.001727144583189134,0.0010258176680689405
26.0,-0.0015756360148583145,0.0010000268509600782
27.0,-0.001429138750873753,0.0009739778314848723
28.0,-0.001297752326073466,0.0009504309852782297
29.0,-0.0011854570318143068,0.000930612052065086
30.0,-0.0010957133095740041,0.0009162559725967398
31.0,-0.0010290817237747012,0.0009071960617404928
32.0,-0.0009833489491133827,0.000902662371192548
33.0,-0.0009568286688810238,0.000902022567637616
34.0,-0.0009456720115354094,0.000903750358349966
35.0,-0.000945611066794347,0.000906202665008085
36.0,-0.000942569810854133,0.0009082850495250792
37.0,-0.0009551240824993879,0.000908709846707548
38.0,-0.0009745132100590676,0.0009070636966745115
39.0,-0.0009967738776365293,0.0009032085200215946
40.0,-0.0010180481765080967,0.0008973157918508012
41.0,-0.0010358580183489235,0.0008901487966705084
42.0,-0.0010473842373593602,0.0008819001221107358
43.0,-0.0010518433269105963,0.0008736114880859479
44.0,-0.0010487351092741649,0.0008659004437866467
45.0,-0.0010389351775675314,0.0008596005219104828
46.0,-0.0010225838462946642,0.0008548476037192143
47.0,-0.000999922685579943,0.0008512836089479844
48.0,-0.0009727722176716627,0.0008487911125938917
49.0,-0.0009433200728754202,0.0008470470117858712
50.0,-0.0009138914538720613,0.0008456287971300917
51.0,-0.000886681702093986,0.0008442592308284049
52.0,-0.0008636513732993271,0.0008426413922433459
53.0,-0.0008452248143974215,0.0008404651903797643
54.0,-0.0008307943533115814,0.0008376635055025811
55.0,-0.0008196705587718173,0.000834383183250087
56.0,-0.0008103191511445266,0.0008309795404682101
57.0,-0.0008007413337852726,0.0008278948215545095
58.0,-0.0007890186837007769,0.000825502166380364
59.0,-0.0007745306309562054,0.0008239119898703557
60.0,-0.0007579063951026529,0.000823023718161162
61.0,-0.0007406869352586707,0.0008224833157876932
62.0,-0.0007255165004026932,0.0008217224888797603
63.0,-0.0007146174907924693,0.0008201209903571612
64.0,-0.0007095198684504911,0.0008171811531702888
65.0,-0.0007104287542147272,0.0008127164854566511
66.0,-0.000715779353825028,0.0008068200823077178
67.0,-0.0007230538194053949,0.000799816230143999
68.0,-0.0007291335467927147,0.00079223640426478
69.0,-0.0007312960186015533,0.0007846459880158324
70.0,-0.0007276943333914514,0.0007774900934268534
71.0,-0.0007179430517676783,0.0007710928155794784
72.0,-0.00070305009241299,0.0007654455366170199
73.0,-0.0006850816626911627,0.0007602825991943563
74.0,-0.0006667735107904712,0.0007552586152767922
75.0,-0.0006504646608428635,0.0007499642612971495
76.0,-0.0006376192370427603,0.0007440724411709437
77.0,-0.0006290504062444479,0.0007373856935028274
78.0,-0.0006242902149658788,0.0007299094008461174
79.0,-0.000621488793254399,0.0007219751871839311
80.0,-0.0006183350639088,0.0007139746848101302
81.0,-0.0006130696011454778,0.000706330244266815
82.0,-0.0006048432754230845,0.0006993492427511405
83.0,-0.0005936354149095913,0.000693164197151572
84.0,-0.0005786116760336795,0.0006870930860944957
85.0,-0.0005642054545117242,0.0006820702816799354
86.0,-0.0005510562145007965,0.0006775283731793322
87.0,-0.0005396961505971688,0.0006731326315553671
88.0,-0.0005303727246394177,0.0006686663080378816
89.0,-0.0005224795127535581,0.0006639978003266717
90.0,-0.0005160779398071184,0.0006591785930075831
91.0,-0.0005109963827904775,0.000654237480581214
92.0,-0.0005070032235162638,0.0006491777399714769
93.0,-0.0005033171040676602,0.0006440095480942725
94.0,-0.0004994518730730176,0.0006388425885319136
95.0,-0.0004951309331463231,0.0006337943948244229
96.0,-0.0004899551324758603,0.0006289396812532041
97.0,-0.0004836819745856814,0.00062431262540399
98.0,-0.0004763065270785642,0.0006199376986286839
99.0,-0.0004678455414745848,0.0006157244083219873
100.0,-0.00045851445504010665,0.0006116022918101067
101.0,-0.00044864507934017675,0.0006074895678056682
102.0,-0.00043846922453196483,0.0006032871963241348
103.0,-0.00042833048499807505,0.000598969531690045
104.0,-0.00041838802261757915,0.000594475640922974
105.0,-0.00040884933257514866,0.0005898191935033813
106.0,-0.0003997157296841003,0.0005849993250188795
107.0,-0.00039103246304364627,0.0005800758451577424
108.0,-0.000382601958332337,0.0005750405061392575
109.0,-0.00037429925524092576,0.000569956986072863
110.0,-0.00036591080214203416,0.0005648423525249493
111.0,-0.00035724540447603026,0.0005597094732718702
112.0,-0.0003481873028387166,0.000554588090907021
113.0,-0.00033859758551944174,0.0005494907032926377
114.0,-0.00032845423348873274,0.0005444518713396339
115.0,-0.00031759278079666745,0.0005394511184818571
116.0,-0.0003061658502703946,0.0005345602477363727
117.0,-0.0002941448722522026,0.0005297512120381273
118.0,-0.0002818511029238808,0.0005251201272280739
119.0,-0.00026922785245618044,0.0005206209762258315
120.0,-0.00025674401220977176,0.0005163574369315332
121.0,-0.0002444251719311958,0.0005122608411641243
122.0,-0.00023278827253398095,0.0005084219527098491
123.0,-0.00022188285189110842,0.0005047840139146901
124.0,-0.00021205153181702116,0.0005014241342065622
125.0,-0.000203319932097568,0.0004983188287328689
126.0,-0.00019588908847114117,0.0004955439060483994
127.0,-0.00018967648578638763,0.0004930883622602297
128.0,-0.00018474755959686873,0.0004910204967683002
129.0,-0.00018219012010018762,0.0004898781119802638
130.0,-0.0001800879246504206,0.000488798901831857
131.0,-0.00017866869390123526,0.00048795254339459895
132.0,-0.00017823703366671447,0.00048750075117561317
133.0,-0.00017881124947156582,0.0004874766141985104
134.0,-0.00018040106610085183,0.0004879115550466925
135.0,-0.00018288630367261524,0.0004887797446368482
136.0,-0.0001862122530898689,0.0004900757652925491
137.0,-0.00019028666130294083,0.0004917695543584414
138.0,-0.00019504574255568263,0.0004938300002490526
139.0,-0.0002003763593168618,0.0004962068687751958
140.0,-0.00020625957008361183,0.0004988580706562925
141.0,-0.0002126172934236743,0.0005017248458972308
142.0,-0.00021943908456425776,0.0005047720700449747
143.0,-0.00022668146505044746,0.0005079578707544536
144.0,-0.00023429645974292835,0.0005112385344341174
145.0,-0.00024402855735233443,0.0005153614481643345
146.0,-0.00025280752003581933,0.0005189806491608005
147.0,-0.00026116473885540934,0.0005223723139441184
148.0,-0.00026924346659091517,0.0005256188878573905
149.0,-0.0002769757255987938,0.0005287172152543361
150.0,-0.0002842403904337622,0.0005316329762069727
151.0,-0.00029091812326029524,0.0005343312055302008
152.0,-0.00029539882914284986,0.0005360873325009949
153.0,-0.0003000601524284534,0.0005380356293009467
154.0,-0.00030429978838199175,0.0005398846039522177
155.0,-0.0003078213882946462,0.0005415079897229543
156.0,-0.0003105143535232064,0.0005428709282078667
157.0,-0.000312384331230966,0.0005439802038556977
158.0,-0.00031342790944909233,0.0005448332018328493
159.0,-0.00031373624438365183,0.0005454497294934225
160.0,-0.0003133958575075132,0.0005458470638476183
161.0,-0.0003125314625396185,0.0005460454509994055
162.0,-0.0003112532297600852,0.0005460599994825642
163.0,-0.00030968816526439057,0.0005459216087334212
164.0,-0.0003079171563571397,0.0005456516868783219
165.0,-0.0003060083204843617,0.0005452790708476938
166.0,-0.0003040220799356723,0.0005448303575313361
167.0,-0.00030198248803912887,0.0005443274361196783
168.0,-0.0002999246075734859,0.0005437960762711486
169.0,-0.0002978697094623554,0.0005432581209773761
170.0,-0.0002958340817889469,0.0005427342670234191
171.0,-0.00029383873246297763,0.0005422474240197547
172.0,-0.00029189123088758885,0.0005418154341604052
173.0,-0.0002899920058298129,0.000541451772835375
174.0,-0.00028814574511626514,0.0005411694076178255
175.0,-0.000286361534273072,0.0005409750741679772
176.0,-0.0002846504268394527,0.0005408672846902311
177.0,-0.00028303429376655984,0.0005408415083493937
178.0,-0.00028153478568116336,0.0005408880326454319
179.0,-0.00028019121114085713,0.0005409932582747421
180.0,-0.0002790242726967784,0.0005411424647919648
181.0,-0.0002780415643431188,0.0005413230652437839
182.0,-0.00027723563809504834,0.00054152656476221
183.0,-0.00027658369378286124,0.0005417448232018736
184.0,-0.0002757841701635268,0.0005419338899191219
185.0,-0.00027525395329460026,0.0005421680839852014
186.0,-0.0002748332657522796,0.0005424175631486442
187.0,-0.00027444925892416457,0.000542674136533266
188.0,-0.0002740556258131192,0.0005429353431164897
189.0,-0.00027361704369052313,0.0005432022815881019
190.0,-0.0002731022598633437,0.0005434770786190026
191.0,-0.00027249681472498697,0.0005437599907304581
192.0,-0.00027179421238594656,0.0005440510282351136
193.0,-0.0002709971326992881,0.0005443496588524973
194.0,-0.00027013345722651314,0.0005446506462330036
195.0,-0.0002692316221676536,0.0005449494442112063
196.0,-0.00026832890231373704,0.000545239472579605
197.0,-0.0002674611331699861,0.000545514154737813
198.0,-0.0002666408944872412,0.0005457709011713947
199.0,-0.0002658676057551373,0.0005460097435119606
200.0,-0.00026514005279056155,0.0005462306591919289
201.0,-0.0002644412989804635,0.0005464356947164131
202.0,-0.00026376047974065425,0.0005466260124777502
203.0,-0.0002630798324805628,0.0005468031949813915
204.0,-0.0002623832834216783,0.0005469687501164075
205.0,-0.0002616460630117489,0.0005471252625183817
206.0,-0.0002608521631173633,0.0005472737786202001
207.0,-0.0002599877500707116,0.0005474156211688942
208.0,-0.0002590494270950282,0.0005475508643646393
209.0,-0.0002580367205268798,0.0005476788394809573
210.0,-0.00025695731590694854,0.0005477980833477365
211.0,-0.0002558236038340009,0.0005479057741154332
212.0,-0.00025466356158350244,0.0005479980001006431
213.0,-0.0002534917782591489,0.0005480729324043132
214.0,-0.0002523293753466306,0.0005481285774950295
215.0,-0.0002511855900365891,0.0005481649647846408
216.0,-0.0002500641600011964,0.0005481833615723693
217.0,-0.0002489687966959638,0.0005481857628232256
218.0,-0.00024808312503107747,0.0005481984858757098
219.0,-0.0002471087816837975,0.0005481792047902246
220.0,-0.0002459236590840616,0.0005481216805552137
221.0,-0.00024504208231182197,0.0005481110851910201
222.0,-0.00024407887360693693,0.0005480809957135398
223.0,-0.0002430890158191685,0.0005480478015980637
224.0,-0.00024208861474662432,0.0005480162983864251
225.0,-0.0002410826576828939,0.0005479894338303034
226.0,-0.00024007772017238838,0.0005479673969100766
227.0,-0.00023907892605996267,0.0005479506187220573
228.0,-0.00023809436279627867,0.0005479388183044725
229.0,-0.0002371300369818462,0.0005479314625906845
230.0,-0.00023618935428995258,0.0005479281582897054
231.0,-0.00023528474496455138,0.0005479274428094866
232.0,-0.00023441430044062608,0.0005479298398751663
233.0,-0.0002335805083649916,0.0005479355296111962
234.0,-0.00023278300563541948,0.0005479443810053628
235.0,-0.00023202282879029932,0.0005479565930269737
236.0,-0.00023129662103302687,0.0005479722324076293
237.0,-0.0002306000615603843,0.0005479917930444136
238.0,-0.00022993584060963893,0.0005480149755931484
239.0,-0.00022929960834318773,0.0005480419272055677
240.0,-0.00022868968727898163,0.0005480723451616051
241.0,-0.00022810502282943066,0.0005481059935421614
242.0,-0.0002275427443834893,0.0005481422306278655
243.0,-0.00022700282234519782,0.0005481805988933611
244.0,-0.00022648461522902665,0.0005482207509227453
245.0,-0.00022598573906268944,0.0005482626948089009
246.0,-0.00022550728546813452,0.0005483052309322296
247.0,-0.00022504707691573173,0.0005483484490543643
248.0,-0.00022460502617424702,0.0005483918119466134
249.0,-0.00022417691702139204,0.0005484355290759098
250.0,-0.00022376374352279268,0.0005484789318082655
251.0,-0.00022336526849697972,0.0005485217733801186
252.0,-0.00022297906070088968,0.0005485639578792451
253.0,-0.00022260484168225604,0.0005486053801444118
254.0,-0.00022224100946616524,0.0005486456840425249
255.0,-0.00022188882311242677,0.0005486844389628445
256.0,-0.00022154435892978922,0.0005487219020278228
257.0,-0.0002212075206328617,0.0005487575850285162
258.0,-0.00022087769997738234,0.0005487913497384841
259.0,-0.00022055303030952379,0.0005488234038442252
260.0,-0.00022023220314107119,0.000548853606067126
261.0,-0.00021991681440754963,0.0005488815271606759
262.0,-0.00021960550210368257,0.0005489072074736765
263.0,-0.00021929615564542784,0.0005489308266450068
264.0,-0.0002189882818127675,0.0005489524144795983
265.0,-0.0002186811601844766,0.0005489720690169473
266.0,-0.00021837574214652147,0.0005489894718136715
267.0,-0.00021807195868435555,0.0005490047347365355
268.0,-0.00021776842215732062,0.0005490179862773978
269.0,-0.00021746533449577276,0.0005490291678669087
270.0,-0.00021716275995565374,0.000549038413731312
271.0,-0.0002168604787347463,0.0005490457927063577
272.0,-0.00021655851158174926,0.0005490511737335875
273.0,-0.00021625702856505673,0.0005490548399482913
274.0,-0.00021595588643391847,0.0005490566922242145
275.0,-0.00021565522148344306,0.0005490567984259611
276.0,-0.00021535403359876395,0.0005490554396540391
277.0,-0.00021505367356352032,0.0005490524936134262
278.0,-0.0002147538554673427,0.0005490482692210253
279.0,-0.00021445473251168682,0.0005490428180169393
280.0,-0.00021415617792850568,0.0005490361620369322
281.0,-0.00021385880953838371,0.0005490285433506939
282.0,-0.0002135617957776122,0.0005490199385813541
283.0,-0.00021326811874454687,0.0005490101322501239
284.0,-0.00021297452769148821,0.0005489995455106312
285.0,-0.00021268207559026818,0.0005489883080339831
286.0,-0.00021239037211707494,0.0005489763398856188
287.0,-0.00021210093125696987,0.0005489635318116187
288.0,-0.00021181188422805396,0.0005489501541605177
289.0,-0.00021152412299777396,0.0005489364470134688
290.0,-0.000211236859450551,0.0005489221119049491
291.0,-0.00021095302267014058,0.0005489068933773286
292.0,-0.00021066983055751507,0.0005488911973464926
293.0,-0.0002103874430037629,0.0005488751701780094
294.0,-0.00021010649821363652,0.0005488585550962649
295.0,-0.00020982751399820418,0.0005488414605227679
296.0,-0.00020955128549765168,0.0005488234736511212
297.0,-0.0002092749157266378,0.0005488055317990261
298.0,-0.00020899900997376942,0.0005487873588835621
299.0,-0.00020872736981248169,0.0005487682700156077
300.0,-0.00020845678915502362,0.0005487488215924258
301.0,-0.00020818721551881287,0.0005487293505091717
302.0,-0.00020791914537508796,0.0005487095292121892
303.0,-0.00020765412682702218,0.0005486892467133698
304.0,-0.00020739020006839187,0.0005486686842008008
305.0,-0.00020712852918395612,0.0005486478135806174
306.0,-0.00020686863585019877,0.000548626685491144
307.0,-0.0002066118376489001,0.0005486050996682119
308.0,-0.00020635690191425068,0.0005485831533882739
309.0,-0.00020610359667658652,0.0005485610774141064
310.0,-0.00020585295980434193,0.000548538627086297
311.0,-0.00020560499270637917,0.0005485158551473197
312.0,-0.00020535927345308132,0.0005484929023439701
313.0,-0.00020511652051494092,0.0005484698032212971
314.0,-0.00020487788435114715,0.0005484463857939771
315.0,-0.00020463912371486515,0.000548422956597293
316.0,-0.0002044041690263878,0.000548399487098052
317.0,-0.00020417158985702323,0.0005483756981842829
318.0,-0.00020394358480037026,0.0005483518129883293
319.0,-0.0002037175911458268,0.000548328077464465
320.0,-0.00020349379035091122,0.000548304532007737
321.0,-0.00020327537239505432,0.0005482811618659758
322.0,-0.00020305713462578416,0.0005482579276384029
323.0,-0.0002028433807133712,0.0005482349248904044
324.0,-0.00020263328056208203,0.0005482120917229871
325.0,-0.00020242648414353601,0.000548189645927192
326.0,-0.0002022225786610904,0.0005481674956603591
327.0,-0.00020202262982545053,0.0005481455830468143
328.0,-0.00020182548208384833,0.000548124159752094
329.0,-0.00020163248735292425,0.0005481031076663526
330.0,-0.0002014414601227793,0.0005480827375562948
331.0,-0.00020125486321272555,0.0005480631406171498
332.0,-0.0002010730463161695,0.0005480436838004922
333.0,-0.00020089568303026685,0.0005480248004455191
334.0,-0.00020072217116984858,0.0005480067316276522
335.0,-0.00020055271720712737,0.0005479891410991666
336.0,-0.00020038669521317171,0.0005479723339155037
337.0,-0.00020022501345094002,0.0005479562594614617
338.0,-0.00020006710733119605,0.0005479408436062327
339.0,-0.00019991443742046146,0.000547925996148856
340.0,-0.00019976551041340834,0.0005479118637786151
341.0,-0.00019962111501674657,0.0005478984215231858
342.0,-0.0001994797886245525,0.0005478857358829431
343.0,-0.00019934443393643378,0.0005478735497354352
344.0,-0.00019921179292392723,0.0005478620929416597
345.0,-0.00019908360321666305,0.000547851156797727
346.0,-0.00019895791650591596,0.0005478410078138333
347.0,-0.00019883688579923095,0.0005478312923772399
348.0,-0.00019871830125181548,0.0005478219940478325
349.0,-0.00019860382191228302,0.000547813258959955
350.0,-0.00019849128983714449,0.0005478051710714868
351.0,-0.00019838358556844652,0.0005477974008864801
352.0,-0.00019827866131011323,0.0005477900172175622
353.0,-0.00019817694329716585,0.000547783011116317
354.0,-0.00019807738054791364,0.0005477763224410628
355.0,-0.0001979810165760921,0.0005477699216180934
356.0,-0.00019788819062194085,0.0005477635498370124
357.0,-0.00019779776102427083,0.0005477575914635142
358.0,-0.0001977088003970351,0.0005477520471912744
359.0,-0.00019762201077728396,0.0005477466804075186
360.0,-0.0001975372961357834,0.0005477415802958167
361.0,-0.00019745462330023105,0.0005477367567526084
362.0,-0.00019737316648029785,0.0005477321541219817
363.0,-0.00019729449826183342,0.0005477276237492383
364.0,-0.0001972185236500831,0.0005477229064771442
365.0,-0.00019714423250065733,0.0005477183340676545
366.0,-0.00019707064920107016,0.0005477139872877412
367.0,-0.00019699941770638974,0.0005477095334736703
368.0,-0.0001969288646921886,0.0005477051809824936
369.0,-0.00019686003402688074,0.0005477010397386842
370.0,-0.00019679165474921901,0.0005476970968861192
371.0,-0.00019672583038908215,0.0005476929412138556
372.0,-0.0001966603106584637,0.0005476891971687405
373.0,-0.0001965958642739929,0.000547685742039546
374.0,-0.00019653294470212666,0.0005476823738741595
375.0,-0.0001964723550830238,0.0005476790258947351
376.0,-0.00019641261897829484,0.0005476758706184146
377.0,-0.00019635435248439214,0.0005476727375165934
378.0,-0.00019629731193710964,0.0005476698764743739
379.0,-0.00019624018264135685,0.0005476641825069223
380.0,-0.00019619481050807503,0.0005476612363044518
381.0,-0.00019615242924159239,0.0005476595882697713
382.0,-0.00019611118825699314,0.0005476585359868873
383.0,-0.00019607102602739037,0.0005476575518460775
384.0,-0.00019603208669023093,0.0005476565870356968
385.0,-0.0001959927795119427,0.0005476557238256807
386.0,-0.0001959543912468235,0.00054765497844804
387.0,-0.00019591751655297394,0.0005476540419627495
388.0,-0.0001958814880828824,0.0005476531003211364
389.0,-0.0001958461790290931,0.0005476522187055923
390.0,-0.00019581146817033846,0.0005476514718481102
391.0,-0.00019577135219673794,0.0005476490396130734
392.0,-0.00019574277466713138,0.0005476487628364771
393.0,-0.00019572608250646172,0.0005476508626390055
394.0,-0.00019570160934730257,0.000547650991708927
395.0,-0.0001956758615126229,0.0005476497496363769
396.0,-0.00019564838986107445,0.000547648304154995
397.0,-0.00019561968046984194,0.0005476468717609609
398.0,-0.0001955929477911803,0.0005476450297745602
399.0,-0.00019556732834030577,0.000547643002438018
400.0,-0.0001955423080795364,0.0005476411625095219
401.0,-0.00019551714497195627,0.0005476395212034954
402.0,-0.0001954925539806807,0.0005476379091012152
403.0,-0.00019546903533063006,0.0005476361298462186
404.0,-0.00019544641054949755,0.0005476343698060383
405.0,-0.00019542265603817035,0.0005476328942884994
406.0,-0.00019539955080545001,0.0005476313689650467
407.0,-0.0001953773536484966,0.0005476296309837531
408.0,-0.0001953554222246406,0.0005476279932617176
409.0,-0.00019533301828020456,0.0005476263704074643
410.0,-0.00019531140514099355,0.0005476245778107721
411.0,-0.00019528925694939288,0.0005476228742126697
412.0,-0.00019526730598865672,0.0005476212548267947
413.0,-0.00019524466395635064,0.000547619827843431
414.0,-0.00019522234713477462,0.0005476182823108935
415.0,-0.00019520156008145823,0.0005476163314405337
416.0,-0.00019518076706757071,0.0005476145566250613
417.0,-0.00019515774602175964,0.0005476133020432265
418.0,-0.00019513510100424192,0.0005476120065807717
419.0,-0.00019511337360925713,0.0005476105642440528
420.0,-0.00019509307573656326,0.0005476088813637307
421.0,-0.00019507088070768155,0.0005476077073638874
422.0,-0.00019504855847725676,0.0005476066664341619
423.0,-0.00019502818631909815,0.000547605176095086
424.0,-0.00019500888395044898,0.0005476035418876742
425.0,-0.00019498859427477194,0.0005476021641321611
426.0,-0.00019496866841068052,0.0005476008284827619
427.0,-0.0001949490728508981,0.0005475994343565027
428.0,-0.00019493004546654674,0.0005475981846766427
429.0,-0.00019490966786998282,0.0005475972104091502
430.0,-0.0001948900088719899,0.0005475962117936413
431.0,-0.00019487148650072021,0.0005475950232266087
432.0,-0.00019485407116021412,0.000547593862129133
433.0,-0.00019483566470973726,0.0005475928926480027
434.0,-0.00019481799134054138,0.0005475920308484604
435.0,-0.0001948006011723645,0.0005475911588518856
436.0,-0.00019478476504822774,0.0005475901877521786
437.0,-0.00019476842719178648,0.0005475893558731808
438.0,-0.00019475323547927782,0.0005475883943230756
439.0,-0.00019473746010370546,0.0005475876132673825
440.0,-0.0001947220420274253,0.0005475870260477969
441.0,-0.00019470723313136452,0.0005475863423841693
442.0,-0.00019469412726406507,0.0005475855105745389
443.0,-0.00019468097004718434,0.0005475846871583843
444.0,-0.00019466876154632817,0.0005475838912117865
445.0,-0.00019465588562899507,0.0005475832974022819
446.0,-0.00019464353314832704,0.0005475827759200282
447.0,-0.00019463182256698034,0.0005475821260152836
448.0,-0.00019462107459323707,0.0005475814359004722
449.0,-0.00019461050209673678,0.0005475807847471114
450.0,-0.0001946006955188456,0.0005475802004640861
451.0,-0.0001945918904252745,0.0005475794512018616
452.0,-0.0001945835800689576,0.0005475788350791227
453.0,-0.00019457453624712452,0.0005475785656323661
454.0,-0.00019456595098532722,0.0005475784387590841
455.0,-0.0001945589593240874,0.000547578126905621
456.0,-0.00019455411822705108,0.0005475774683530529
457.0,-0.00019454929671615585,0.0005475769179445234
458.0,-0.00019454390619239395,0.0005475766739325417
459.0,-0.00019453905853380335,0.000547576432833998
460.0,-0.00019453455189869756,0.0005475761942789315
461.0,-0.00019453036811964997,0.0005475759859681249
462.0,-0.00019452631626134143,0.0005475757783972388
463.0,-0.00019452261876637438,0.0005475755255062084
464.0,-0.00019451896291658764,0.0005475752948821674
465.0,-0.00019451457872442023,0.0005475751198446708
466.0,-0.00019451025737933232,0.0005475748804109487
467.0,-0.00019450575592647515,0.0005475747018819511
468.0,-0.00019450124156725738,0.0005475746266875074
469.0,-0.00019449621990925132,0.000547574720634317
470.0,-0.0001944915951267592,0.0005475748072744094
471.0,-0.00019448754907138685,0.0005475750107988539
472.0,-0.000194484206245179,0.0005475751583899161
473.0,-0.00019448164220453208,0.0005475752423246734
474.0,-0.00019447892152401732,0.0005475755234020589
475.0,-0.00019447798924143513,0.0005475754245532745
476.0,-0.00019447562408681957,0.0005475757147640564
477.0,-0.00019447192624702612,0.0005475763082267233
478.0,-0.00019446988195832762,0.0005475764816225208
479.0,-0.0001944693986594587,0.0005475763720448858
480.0,-0.00019446888249370512,0.0005475763677440966
481.0,-0.00019446760644873103,0.000547576639618718
482.0,-0.00019446662733871997,0.0005475769622241543
483.0,-0.00019446627610837286,0.0005475772394400786
484.0,-0.0001944660068186372,0.0005475774465716366
485.0,-0.00019446567175572345,0.0005475776827450831
486.0,-0.00019446541826889034,0.0005475779095539079
487.0,-0.00019446540366795418,0.0005475779694412416
488.0,-0.00019446533518542561,0.0005475781037137307
489.0,-0.0001944629974691415,0.0005475786919044624
490.0,-0.00019446149052839142,0.0005475791630721068
491.0,-0.00019446142195719322,0.0005475793009517094
492.0,-0.00019446157756258177,0.0005475796008970734
493.0,-0.0001944602857836704,0.0005475801991229798
494.0,-0.0001944594315599393,0.0005475808111761548
495.0,-0.00019445945742192137,0.0005475811107053134
496.0,-0.00019445865705022605,0.0005475816642122609
497.0,-0.00019445713622774923,0.0005475823153656218
498.0,-0.00019445739855199106,0.0005475824981029184
499.0,-0.00019445834846012978,0.0005475823200363713
500.0,-0.0001944587396509338,0.000547582296705746
501.0,-0.00019445699526270555,0.000547582659868087
502.0,-0.0001944549063534673,0.0005475829601371663
503.0,-0.00019445346940262986,0.0005475830810910823
504.0,-0.00019445235852951469,0.0005475831011845546
505.0,-0.0001944504608905698,0.0005475833074374568
506.0,-0.00019444871955651851,0.0005475835183842311
507.0,-0.00019444698287269794,0.0005475836924505816
508.0,-0.0001944451337163488,0.0005475839094323344
509.0,-0.00019444255637525394,0.0005475842802944754
510.0,-0.00019444080100184096,0.0005475845395441995
511.0,-0.00019443843490141573,0.0005475848415937132
512.0,-0.00019443573611245307,0.0005475852912111664
513.0,-0.00019443250406419815,0.0005475857266082682
514.0,-0.00019442981104861507,0.0005475860560579711
515.0,-0.0001944270350677935,0.0005475863407887153
516.0,-0.00019442395048702347,0.0005475868020136748
517.0,-0.00019441949807833648,0.0005475874605199978
518.0,-0.00019441497156152412,0.0005475881679998238
519.0,-0.0001944111383527273,0.000547588846021556
520.0,-0.00019440767212791925,0.0005475894952326249
521.0,-0.00019440448478887375,0.0005475901994984202
522.0,-0.00019440141885828738,0.0005475909558130141
523.0,-0.00019439845475987118,0.0005475915465472231
524.0,-0.0001943970300651502,0.0005475920498320515
525.0,-0.00019439404488306102,0.0005475929083481956
526.0,-0.00019439156967955408,0.0005475937495918152
527.0,-0.0001943901356942239,0.0005475944386661132
528.0,-0.00019438964365646808,0.0005475950013064571
529.0,-0.00019438730324068565,0.0005475960365017969
530.0,-0.00019438472431338924,0.0005475973279409329
531.0,-0.00019438446056058075,0.000547598159033765
532.0,-0.00019438505492311596,0.0005475989222388707
533.0,-0.00019438471424445755,0.0005475999230047742
534.0,-0.00019438400270990224,0.0005476010819981004
535.0,-0.00019438365704603887,0.0005476021959718748
536.0,-0.00019438384767594033,0.0005476033482134243
537.0,-0.0001943831139444152,0.0005476047448137934
538.0,-0.00019438295834887885,0.0005476060946141765
539.0,-0.00019438383263165588,0.0005476071770719526
540.0,-0.00019438550968020883,0.0005476081732133515
541.0,-0.00019438618272228268,0.0005476093166452199
542.0,-0.00019438719281741134,0.0005476105025300398
543.0,-0.0001943888954126765,0.0005476115756925618
544.0,-0.0001943915573150636,0.0005476125400404921
545.0,-0.00019439469785623674,0.0005476134266967463
546.0,-0.0001943971901631345,0.0005476145703829623
547.0,-0.00019440029977830318,0.0005476154910062023
548.0,-0.0001944050142747796,0.0005476161365176675
549.0,-0.00019440850924825955,0.0005476170197055433
550.0,-0.0001944112290322256,0.0005476181552526314
551.0,-0.00019441461215386459,0.0005476191377286195
552.0,-0.00019441856462334444,0.000547620092526948
553.0,-0.00019442137114593534,0.0005476211924653511
554.0,-0.00019442503026664707,0.0005476223395968231
555.0,-0.00019442893910080557,0.000547623510082043
556.0,-0.00019443360144967393,0.0005476246656069907
557.0,-0.00019443944149901917,0.0005476256218389156
558.0,-0.0001944458833985592,0.000547626586764909
559.0,-0.00019445250103149896,0.0005476275301869563
560.0,-0.00019445898255652166,0.0005476285004311298
561.0,-0.00019446449585819618,0.0005476296864084399
562.0,-0.00019447037839015731,0.0005476307653053474
563.0,-0.00019447676623076564,0.0005476317001026938
564.0,-0.00019448381767505588,0.0005476324615042426
565.0,-0.00019449039588940886,0.0005476330730255996
566.0,-0.000194497194437997,0.0005476337137044577
567.0,-0.00019450268522743189,0.0005476345279872159
568.0,-0.00019450788779123412,0.0005476354006080988
569.0,-0.00019451251019934996,0.0005476363890959427
570.0,-0.00019451728492222504,0.0005476374203835762
571.0,-0.0001945219185716824,0.0005476383955297246
572.0,-0.00019452725721384522,0.0005476392673644416
573.0,-0.00019453067372453457,0.0005476404212476902
574.0,-0.00019453363065056106,0.0005476416763382205
575.0,-0.00019453702194951246,0.0005476427359278217
576.0,-0.00019454175989418594,0.0005476434465060657
577.0,-0.00019454451028888658,0.000547644419386207
578.0,-0.0001945465472278561,0.0005476454166143645
579.0,-0.00019454847218690626,0.0005476462567943481
580.0,-0.00019455145099463262,0.0005476468459099806
581.0,-0.00019455246770057647,0.0005476478243857722
582.0,-0.00019455353870190446,0.0005476488574769623
583.0,-0.00019455610693958162,0.000547649294284538
584.0,-0.00019455904492971112,0.0005476496395038015
585.0,-0.00019455974060225077,0.0005476505009102609
586.0,-0.0001945603903143537,0.0005476514001914124
587.0,-0.0001945605465010211,0.0005476522221970931
588.0,-0.0001945612314346806,0.0005476530287338063
589.0,-0.0001945602693689472,0.000547653953195385
590.0,-0.00019455949261293614,0.0005476549015887746
591.0,-0.00019455815379970003,0.0005476557332596699
592.0,-0.00019455622699829155,0.0005476565678208805
593.0,-0.00019455334510649574,0.0005476574939010357
594.0,-0.0001945503290378108,0.0005476583855979998
595.0,-0.00019454683401506995,0.0005476591725036913
596.0,-0.00019454339908079717,0.0005476599824162926
597.0,-0.00019453956540894772,0.0005476607919820563
598.0,-0.00019453630767605007,0.00054766154820416
599.0,-0.00019453251779715696,0.0005476623681519363
600.0,-0.00019452901140499615,0.0005476632398247958
601.0,-0.00019452466939002695,0.0005476642177225243
602.0,-0.00019452029562146988,0.0005476652336336801
603.0,-0.00019451572512450965,0.0005476661635059292
604.0,-0.00019451059619592803,0.0005476672272807069
605.0,-0.00019450588925607647,0.0005476680737500167
606.0,-0.00019449999517735607,0.0005476693075678261
607.0,-0.00019449398019263795,0.0005476704386985124
608.0,-0.00019449015338776052,0.0005476712682421355
609.0,-0.00019448558655581265,0.0005476722451918408
610.0,-0.00019448064591231273,0.0005476733637669973
611.0,-0.00019447635150309493,0.0005476743080214553
612.0,-0.00019447220721159942,0.0005476752725774884
613.0,-0.00019446736132640183,0.0005476763418554265
614.0,-0.00019446319825664425,0.0005476773500436599
615.0,-0.00019445932599379147,0.000547678223913159
616.0,-0.00019445552419375614,0.00054767906663662
617.0,-0.00019445189069857409,0.0005476799394887282
618.0,-0.00019444821320353987,0.0005476808497068329
619.0,-0.0001944447951756142,0.0005476815742048355
620.0,-0.0001944415895410637,0.0005476824949668107
621.0,-0.0001944377164900362,0.0005476836354389961
622.0,-0.0001944346449732617,0.0005476846784035035
623.0,-0.00019443209570103808,0.0005476857576010039
624.0,-0.00019443048001188486,0.0005476866793572475
625.0,-0.00019442709481143515,0.0005476881395214313
626.0,-0.00019442373594587232,0.0005476896514800658
627.0,-0.00019442234243331258,0.0005476908012937504
628.0,-0.0001944214912637584,0.0005476918219450234
629.0,-0.00019442064273458943,0.0005476929989045496
630.0,-0.0001944198341855817,0.0005476942787593017
631.0,-0.00019441964502365562,0.000547695369633676
632.0,-0.00019442064093163982,0.0005476964581957981
633.0,-0.00019442089428054233,0.000547697749103116
634.0,-0.00019442217621712225,0.0005476988812974385
635.0,-0.00019442468223825965,0.000547699805574037
636.0,-0.00019442813435474073,0.000547700708022974
637.0,-0.00019443108361576832,0.0005477016681626053
638.0,-0.00019443438373276003,0.0005477026816921413
639.0,-0.00019443781588871704,0.0005477036220620156
640.0,-0.000194442653961133,0.0005477042784410665
641.0,-0.00019444712456680315,0.0005477049801402618
642.0,-0.0001944511299622136,0.0005477058307716256
643.0,-0.0001944561445463518,0.0005477064653692602
644.0,-0.00019446120855889538,0.0005477071281763724
645.0,-0.000194465066595195,0.0005477080671357728
646.0,-0.00019447026691269933,0.0005477086598122738
647.0,-0.00019447641030092695,0.0005477090182344976
648.0,-0.00019448191725779523,0.0005477095051254575
649.0,-0.00019448615296770283,0.0005477101067272521
650.0,-0.00019449019012655335,0.0005477106391927042
651.0,-0.00019449402096097392,0.0005477110606238022
652.0,-0.000194497688791016,0.0005477115542896611
653.0,-0.00019450148973391133,0.0005477120472387218
654.0,-0.0001945061972057808,0.0005477122842445792
655.0,-0.00019451131351371517,0.0005477122935629558
656.0,-0.00019451553468179973,0.0005477126054395415
657.0,-0.00019451783871346796,0.0005477132664199744
658.0,-0.00019451985124857856,0.0005477139114458667
659.0,-0.00019452249310177193,0.0005477143004823106
660.0,-0.00019452480960630464,0.0005477147919052848
661.0,-0.0001945265913343089,0.0005477152391411182
662.0,-0.00019452958630946865,0.0005477154192424472
663.0,-0.00019453210308919059,0.0005477155236868822
664.0,-0.0001945342541460033,0.0005477157683462944
665.0,-0.00019453626211955288,0.0005477160155029393
666.0,-0.00019453859055508,0.0005477162378259946
667.0,-0.0001945410893447146,0.0005477163301079827
668.0,-0.00019454426233898072,0.0005477163376690475
669.0,-0.0001945464999866355,0.000547716506902791
670.0,-0.000194547726002221,0.0005477167732048845
671.0,-0.0001945495666856922,0.0005477169174663034
672.0,-0.00019455152988106709,0.0005477170230899869
673.0,-0.00019455311782647113,0.0005477171412229552
674.0,-0.0001945537330362269,0.0005477174955293701
675.0,-0.00019455385293730193,0.0005477178808430878
676.0,-0.0001945542860787039,0.0005477182359819134
677.0,-0.00019455486889447988,0.0005477185928086832
678.0,-0.0001945543823739469,0.0005477191969770779
679.0,-0.00019455478508195357,0.0005477195132006979
680.0,-0.0001945564446625849,0.0005477196818563782
681.0,-0.00019455644355914034,0.0005477202302070032
682.0,-0.00019455608429926356,0.0005477208896382271
683.0,-0.0001945567267108984,0.0005477213050805919
684.0,-0.0001945573285610932,0.0005477218006887427
685.0,-0.00019455787462822414,0.0005477222671625149
686.0,-0.00019455921816065623,0.0005477225527950374
687.0,-0.00019456036871836718,0.000547722887401063
688.0,-0.0001945611220655899,0.00054772331276299
689.0,-0.0001945619878163759,0.0005477237272110861
690.0,-0.00019456312678791884,0.0005477241100275714
691.0,-0.0001945661259108479,0.0005477240001030987
692.0,-0.0001945687813797591,0.0005477241006629497
693.0,-0.00019456967697280937,0.0005477245796691293
694.0,-0.0001945711850268562,0.0005477250146731482
695.0,-0.00019457339120663642,0.0005477253580888549
696.0,-0.0001945763214529496,0.0005477256345417358
697.0,-0.0001945794535902101,0.0005477258142268595
698.0,-0.00019458297816950191,0.000547726093708791
699.0,-0.00019458574617990692,0.0005477265036479953
700.0,-0.0001945882592552078,0.0005477270505650239
701.0,-0.0001945909980144796,0.0005477276068235517
702.0,-0.00019459379640901896,0.0005477282128648707
703.0,-0.00019459716636814056,0.0005477286244226518
704.0,-0.0001946017374463796,0.0005477289134310625
705.0,-0.00019460448665881822,0.0005477295762381747
706.0,-0.00019460738310228925,0.0005477302899148368
707.0,-0.00019461310544759646,0.0005477303818037419
708.0,-0.00019461935401773672,0.0005477304104756699
709.0,-0.00019462431328186376,0.0005477307315318972
710.0,-0.0001946295817469224,0.0005477310337201459
711.0,-0.00019463513578737632,0.0005477311824442117
712.0,-0.00019464115632872601,0.0005477313163929855
713.0,-0.0001946471298948641,0.0005477313735056165
714.0,-0.00019465285208253636,0.0005477316470219371
715.0,-0.0001946595037547706,0.0005477315577921221
716.0,-0.00019466656243056363,0.0005477313201157116
717.0,-0.00019467196702324378,0.000547731413785051
718.0,-0.00019467669117486017,0.0005477317065393104
719.0,-0.00019468124276547993,0.0005477318480491492
720.0,-0.00019468585082881641,0.0005477320098374402
721.0,-0.00019468923380267262,0.0005477323057132403
722.0,-0.00019469223893543372,0.0005477327178953293
723.0,-0.00019469481339969095,0.0005477330198292303
724.0,-0.0001946983434272403,0.0005477331156258417
725.0,-0.00019470172890355118,0.0005477331326902634
726.0,-0.00019470403081699988,0.0005477333718002703
727.0,-0.00019470622423820228,0.0005477333921480903
728.0,-0.00019470862229911128,0.0005477334521510366
729.0,-0.0001947095333994986,0.000547733711770721
730.0,-0.00019471041270688932,0.0005477339876917841
731.0,-0.00019471293166394387,0.000547733803035318
732.0,-0.0001947146265646536,0.0005477338849584159
733.0,-0.00019471529791215182,0.0005477341804642555
734.0,-0.00019471741511686153,0.0005477341778745329
735.0,-0.00019471998282252076,0.000547734015161341
736.0,-0.0001947217729248811,0.0005477341224267236
737.0,-0.00019472324328447327,0.0005477342566529678
738.0,-0.00019472408519297487,0.0005477344672297816
739.0,-0.0001947251930710262,0.0005477343746472009
740.0,-0.00019472614840771815,0.0005477343729823793
741.0,-0.00019472523618418186,0.0005477345838829085
742.0,-0.0001947237802284822,0.0005477348510867804
743.0,-0.00019472396647416188,0.0005477345882761878
744.0,-0.00019472289527579025,0.0005477346814368316
745.0,-0.00019472032025981076,0.0005477350041347579
746.0,-0.00019471938751417593,0.0005477349948163813
747.0,-0.00019471878379206627,0.0005477348241952866
748.0,-0.0001947177368990317,0.0005477348628561444
749.0,-0.00019471586365409354,0.0005477350113027399
750.0,-0.0001947134316918206,0.0005477353201271527
751.0,-0.00019471159027928782,0.0005477354022352307
752.0,-0.0001947100180481167,0.0005477355026794692
753.0,-0.0001947070287872235,0.000547735864778174
754.0,-0.00019470433056968743,0.0005477362197320195
755.0,-0.0001947025250289553,0.0005477363368013518
756.0,-0.0001947009266500888,0.000547736487537077
757.0,-0.0001946985359980219,0.0005477367398500443
758.0,-0.00019469575886449484,0.0005477371568647406
759.0,-0.00019469315044961274,0.0005477374642324345
760.0,-0.000194692048719324,0.0005477374727415228
761.0,-0.00019469064916737567,0.0005477374528792758
762.0,-0.00019468829302750815,0.0005477377343497443
763.0,-0.0001946857558143573,0.0005477379353769563
764.0,-0.00019468359484624785,0.0005477381771691758
765.0,-0.00019467995246439613,0.0005477386671816761
766.0,-0.00019467662846571127,0.0005477391619805387
767.0,-0.0001946743146902334,0.0005477394508270918
768.0,-0.00019467267463663002,0.0005477396320845469
769.0,-0.0001946700707734568,0.0005477399664362247
770.0,-0.0001946681755581491,0.0005477402016154028
771.0,-0.0001946650141204944,0.0005477406197168576
772.0,-0.00019466139684200663,0.0005477412384524416
773.0,-0.00019466005030465856,0.0005477413204680295
774.0,-0.0001946588542791201,0.0005477413333010296
775.0,-0.00019465757368243718,0.0005477412832870131
776.0,-0.00019465612991388868,0.0005477413635452893
777.0,-0.0001946532109286214,0.0005477418021332992
778.0,-0.00019465066729184682,0.0005477421960717178
779.0,-0.00019464907946466898,0.000547742324193616
780.0,-0.00019464790179374864,0.0005477424372396293
781.0,-0.00019464598980017218,0.0005477426285785043
782.0,-0.00019464457046503911,0.0005477428240331884
783.0,-0.00019464301337667424,0.0005477429635313676
784.0,-0.0001946415893913105,0.000547743183727151
785.0,-0.00019464011914994452,0.0005477433968011974
786.0,-0.00019463957161483823,0.0005477435629596453
787.0,-0.00019463957137838583,0.0005477435681622129
788.0,-0.00019464018375071272,0.0005477436421542853
789.0,-0.00019464013238142716,0.0005477439683437127
790.0,-0.00019463948135898382,0.0005477445230530314
791.0,-0.00019463995409631186,0.000547744832270527
792.0,-0.00019464176704588607,0.0005477448414964135
793.0,-0.00019464319630216806,0.0005477448703070768
794.0,-0.00019464388659541548,0.000547745164333075
795.0,-0.00019464429912604924,0.0005477453871417034
796.0,-0.00019464461238608054,0.00054774561323373
797.0,-0.00019464514749758326,0.0005477458008961239
798.0,-0.00019464585477599528,0.0005477459883966603
799.0,-0.00019464663899996157,0.0005477459914950783
800.0,-0.00019464741445548444,0.0005477461774926507
801.0,-0.0001946472732441362,0.0005477465518462926
802.0,-0.00019464871060876534,0.0005477466501170139
803.0,-0.00019465088144876282,0.0005477465221107285
804.0,-0.00019465245100013995,0.000547746615571965
805.0,-0.00019465332924349483,0.0005477467949333734
806.0,-0.00019465445709192247,0.00054774697253747
807.0,-0.00019465569653603427,0.00054774699545189
808.0,-0.0001946560831751294,0.0005477471472050062
809.0,-0.0001946567958426859,0.000547747206213684
810.0,-0.00019465808616347404,0.0005477470538825047
811.0,-0.0001946597946306407,0.0005477467268606667
812.0,-0.00019466038809662716,0.0005477467092413044
813.0,-0.000194659634778961,0.000547746971612569
814.0,-0.00019465882269301932,0.0005477472373597221
815.0,-0.0001946594708780338,0.0005477471240362384
816.0,-0.00019465999306347156,0.000547747100081305
817.0,-0.0001946596726113462,0.0005477471773105307
818.0,-0.00019465988395053765,0.0005477472262377887
819.0,-0.00019465958939980307,0.0005477473146583154
820.0,-0.00019466013667875264,0.0005477472984263045
821.0,-0.0001946595388975097,0.0005477475002396823
822.0,-0.0001946587386341884,0.0005477478303599384
823.0,-0.00019465989854162164,0.0005477474987598408
824.0,-0.00019466103653779842,0.0005477471694719956
825.0,-0.000194660394096607,0.0005477472575919294
826.0,-0.00019465923215962396,0.0005477473920493987
827.0,-0.00019465864109757027,0.0005477473588685787
828.0,-0.0001946581333258772,0.000547747335699811
829.0,-0.00019465712586128156,0.0005477473549608723
830.0,-0.00019465700077795798,0.0005477473701523697
831.0,-0.00019465714675776308,0.0005477472758587224
832.0,-0.00019465739713130616,0.0005477472128960931
833.0,-0.00019465741776177875,0.0005477471499565864
834.0,-0.00019465677515310024,0.0005477472415217761
835.0,-0.0001946570128665873,0.0005477470632933714
836.0,-0.00019465841465498128,0.000547746767486939
837.0,-0.0001946580367350687,0.0005477468406466007
838.0,-0.0001946569154876041,0.000547747112243752
839.0,-0.0001946564586517005,0.0005477471822125055
840.0,-0.0001946560152246188,0.0005477472379840302
841.0,-0.00019465440620539392,0.0005477475412127925
842.0,-0.00019465372222739625,0.0005477478488117115
843.0,-0.00019465425958519684,0.0005477478005318841
844.0,-0.0001946550026171833,0.0005477477593275488
845.0,-0.0001946550489618552,0.000547747852418825
846.0,-0.00019465525528628518,0.0005477480185541503
847.0,-0.0001946561027809749,0.0005477479791764942
848.0,-0.00019465756713073505,0.0005477480281962424
849.0,-0.00019465774270649986,0.0005477484303431565
850.0,-0.00019465985508363958,0.0005477485581182168
851.0,-0.00019466170965868972,0.0005477487555614378
852.0,-0.00019466334629358536,0.0005477490930809012
853.0,-0.0001946660685997104,0.0005477490685247821
854.0,-0.0001946696661541265,0.0005477489414896426
855.0,-0.0001946726540948271,0.0005477488703416404
856.0,-0.00019467544311008766,0.0005477489029906424
857.0,-0.00019467823807606716,0.0005477488331375014
858.0,-0.0001946806923042751,0.0005477488408141788
859.0,-0.0001946838299981672,0.0005477485579101141
860.0,-0.0001946869676132418,0.0005477483708257832
861.0,-0.00019468879301597615,0.000547748440054616
862.0,-0.00019469112565838573,0.0005477485232032076
863.0,-0.00019469428028818148,0.0005477483893006787
864.0,-0.0001946976133114666,0.0005477482784050601
865.0,-0.000194699749117099,0.0005477483577384354
866.0,-0.00019470188360253883,0.0005477485337008328
867.0,-0.00019470426953540975,0.000547748520127912
868.0,-0.00019470601284974994,0.0005477485775180133
869.0,-0.00019470772312971834,0.000547748458945717
870.0,-0.00019470826576828938,0.0005477486391164137
871.0,-0.00019470918602135532,0.0005477486357405254
872.0,-0.00019471139337354538,0.0005477484050702392
873.0,-0.0001947132358698184,0.0005477482985910224
874.0,-0.000194714703569321,0.000547748438459162
875.0,-0.00019471676800573504,0.0005477483493912047
876.0,-0.00019471954782890829,0.0005477482713526907
877.0,-0.00019472170269851607,0.0005477482274198976
878.0,-0.00019472427775390428,0.0005477482174540904
879.0,-0.00019472631629877972,0.0005477482005515263
880.0,-0.00019472878608358567,0.0005477481069977995
881.0,-0.00019473181368917763,0.0005477477593275488
882.0,-0.00019473407743526692,0.0005477476069963694
883.0,-0.00019473626964465075,0.000547747343931429
884.0,-0.00019473773946237285,0.0005477472439496411
885.0,-0.00019473817244613985,0.000547747202537203
886.0,-0.00019473826270199426,0.0005477473137334145
887.0,-0.00019473958980098402,0.0005477470028973423
888.0,-0.0001947396045201464,0.0005477470923352599
889.0,-0.0001947380825252597,0.0005477474194958332
890.0,-0.0001947383827114433,0.0005477473643948616
891.0,-0.00019473901266991802,0.0005477471394820837
892.0,-0.00019473902862060334,0.0005477471737959073
893.0,-0.0001947386133707669,0.0005477472518344213
894.0,-0.00019473795043703352,0.0005477474064316078
895.0,-0.00019473775118647137,0.0005477473326245155
896.0,-0.00019473770068417797,0.0005477473299885479
897.0,-0.00019473616425584223,0.0005477475595258304
898.0,-0.0001947349270481761,0.0005477477620097614
899.0,-0.00019473439441942364,0.0005477476676467464
900.0,-0.00019473406530722885,0.0005477476369169138
901.0,-0.00019473255822854822,0.0005477477460320982
902.0,-0.00019473201042743296,0.000547747764160156
903.0,-0.00019473123306058644,0.0005477477533850604
904.0,-0.00019473075223461564,0.0005477477115101719
905.0,-0.00019473049928965262,0.0005477476594151283
906.0,-0.00019472952553922947,0.000547747873298463
907.0,-0.00019472918962902793,0.0005477478960279027
908.0,-0.00019473024274864259,0.0005477476265580236
909.0,-0.00019473026473871646,0.0005477476929427862
910.0,-0.00019472987471047016,0.000547747871749254
911.0,-0.00019472960116459113,0.0005477478928369946
912.0,-0.00019472918829898313,0.0005477479656960635
913.0,-0.00019472778017563507,0.0005477480731233039
914.0,-0.00019472656883980322,0.0005477482058697065
915.0,-0.00019472514858841705,0.0005477482283910435
916.0,-0.00019472340488984168,0.0005477483422694677
917.0,-0.00019472189103285868,0.0005477483311244118
918.0,-0.00019471997925603026,0.0005477483619004894
919.0,-0.00019471879323045818,0.0005477481458205151
920.0,-0.00019471720598455918,0.0005477481386756556
921.0,-0.00019471474941153152,0.0005477483041866728
922.0,-0.00019471204682947814,0.0005477486355093002
923.0,-0.00019471100157190604,0.0005477486799276662
924.0,-0.00019471085036059136,0.0005477486416598912
925.0,-0.0001947100107575008,0.0005477487642323838
926.0,-0.00019470901968693876,0.0005477490259562178
927.0,-0.00019470894920441695,0.000547749118515676
928.0,-0.00019470963644348743,0.0005477490285228178
929.0,-0.0001947102315843451,0.0005477489746704626
930.0,-0.00019471044669692292,0.0005477490545125334
931.0,-0.00019471131597479063,0.0005477489322406335
932.0,-0.00019471266392100098,0.0005477487299416826
933.0,-0.00019471322694374,0.0005477485855184061
934.0,-0.00019471294919097857,0.0005477485382097248
935.0,-0.0001947132716628016,0.0005477482740117807
936.0,-0.00019471397543383622,0.0005477478729747476
937.0,-0.0001947128897626068,0.0005477477183544386
938.0,-0.00019471137552138864,0.0005477477163890242
939.0,-0.00019471133212251967,0.0005477472752344143
940.0,-0.0001947114153636193,0.0005477468508667557
941.0,-0.00019471059712991505,0.0005477466932405187
942.0,-0.000194709739743633,0.0005477467256582955
943.0,-0.0001947097672706341,0.0005477465227812816
944.0,-0.00019471015629395766,0.0005477464220826954
945.0,-0.000194709455202717,0.0005477466515043653
946.0,-0.00019470857799384143,0.000547746907239466
947.0,-0.00019470908972611233,0.0005477468082519465
948.0,-0.00019470970795063634,0.0005477466428334193
949.0,-0.00019470835212267906,0.0005477468084831717
950.0,-0.00019470637326233218,0.0005477471394589611
951.0,-0.00019470601230787982,0.0005477469565366843
952.0,-0.00019470619574568719,0.0005477466947203601
953.0,-0.00019470576396388658,0.0005477465678933233
954.0,-0.0001947049194741129,0.00054774664100674
955.0,-0.00019470477012486096,0.0005477465377646763
956.0,-0.00019470510566067952,0.0005477464759350507
957.0,-0.00019470450276615325,0.000547746670071751
958.0,-0.00019470402695494392,0.0005477467762503751
959.0,-0.00019470448975141864,0.0005477466047043794
960.0,-0.00019470444834269077,0.000547746469576357
961.0,-0.00019470316155883655,0.0005477465215557879
962.0,-0.000194701862528718,0.0005477465506901665
963.0,-0.0001947017621349666,0.0005477462317843339
964.0,-0.00019470111235389838,0.0005477460899739023
965.0,-0.00019470011941142147,0.0005477461095818015
966.0,-0.00019469855345609133,0.0005477462481319574
967.0,-0.00019469804860064457,0.000547746052977866
968.0,-0.0001946970261213211,0.0005477460844244969
969.0,-0.00019469541881637616,0.0005477463244594047
970.0,-0.0001946951468764031,0.0005477462892900478
971.0,-0.0001946963567442596,0.0005477459053868039
972.0,-0.00019469643761098297,0.0005477458066536321
973.0,-0.00019469615921782963,0.0005477458083878214
974.0,-0.0001946958894650413,0.0005477458530836576
975.0,-0.00019469606348416108,0.0005477457345344839
976.0,-0.0001946958104702328,0.0005477456903704656
977.0,-0.00019469570896318465,0.0005477455823189172
978.0,-0.00019469552791945792,0.0005477454685098607
979.0,-0.0001946951910930033,0.0005477451790389994
980.0,-0.0001946950144926114,0.0005477449500104124
981.0,-0.00019469222037391971,0.0005477452721765207
982.0,-0.00019468891405005227,0.0005477457536799327
983.0,-0.00019468831977618675,0.0005477455640290018
984.0,-0.00019468790195493037,0.0005477454265656045
985.0,-0.0001946862976351971,0.0005477455306863242
986.0,-0.00019468403049995663,0.0005477457992775473
987.0,-0.0001946816303700891,0.0005477459683725556
988.0,-0.00019467896728543995,0.000547746141629618
989.0,-0.0001946768471743361,0.0005477461424389063
990.0,-0.00019467460653161745,0.0005477461378837693
991.0,-0.0001946732793735146,0.0005477458088271492
992.0,-0.00019467167519171191,0.0005477455897181245
993.0,-0.00019466820872059926,0.0005477456910872639
994.0,-0.0001946651243368729,0.000547745734141401
995.0,-0.00019466352545554502,0.0005477453778464493
996.0,-0.00019466149580719142,0.0005477452831828415
997.0,-0.00019465895775660496,0.0005477452183704105
998.0,-0.0001946562336573825,0.0005477453783088997
999.0,-0.0001946538868179763,0.0005477454196288477
1000.0,-0.00019465189016458574,0.0005477455021762537
1001.0,-0.00019464987467382005,0.0005477457398989092
1002.0,-0.00019464851338775303,0.000547746023288547
1003.0,-0.00019464855600829953,0.0005477459705460729
1004.0,-0.00019464841685605766,0.0005477462220497518
1005.0,-0.00019464756677024366,0.0005477466070628767
1006.0,-0.00019464769409001294,0.0005477467373814145
1007.0,-0.00019464860703275865,0.0005477466382782823
1008.0,-0.00019464903759288846,0.0005477466509494247
1009.0,-0.0001946489152090632,0.0005477467207794432
1010.0,-0.00019464896295274511,0.0005477469180376841
1011.0,-0.00019464945830083467,0.0005477469781099979
1012.0,-0.0001946509255077281,0.0005477468447161647
1013.0,-0.00019465247063554198,0.0005477466752511961
1014.0,-0.00019465323896793608,0.0005477467417284487
1015.0,-0.00019465493409524603,0.0005477465822755325
1016.0,-0.00019465685329076875,0.0005477464809295156
1017.0,-0.0001946572443140856,0.0005477466851707582
1018.0,-0.00019465822979845948,0.0005477468202756583
1019.0,-0.00019466073776047707,0.0005477464983407751
1020.0,-0.00019466220014965267,0.0005477464077698539
1021.0,-0.00019466380271569727,0.0005477462263736636
1022.0,-0.00019466439529498722,0.0005477463263554516
1023.0,-0.00019466520836614726,0.0005477463342402318
1024.0,-0.00019466701564086372,0.0005477460415784625
1025.0,-0.00019466954683433033,0.0005477456102971697
1026.0,-0.00019467118058253617,0.0005477453916505953
1027.0,-0.0001946731496596647,0.0005477450748951573
1028.0,-0.00019467479514182124,0.0005477449232345312
1029.0,-0.00019467549122815259,0.0005477450204416164
1030.0,-0.00019467652086016142,0.0005477450760512834
1031.0,-0.0001946789922508733,0.0005477448199230999
1032.0,-0.0001946813504202907,0.0005477445798419471
1033.0,-0.0001946832370641986,0.0005477444289674866
1034.0,-0.00019468562038624086,0.000547744245744617
1035.0,-0.00019468892682833447,0.0005477438281981028
1036.0,-0.00019469103076215282,0.0005477436862489361
1037.0,-0.00019469281074632053,0.0005477436603979558
1038.0,-0.0001946959485091779,0.0005477433102767176
1039.0,-0.00019469996484051217,0.0005477426449723729
1040.0,-0.00019470345044456547,0.0005477422522594479
1041.0,-0.0001947045261059763,0.0005477422848853274
1042.0,-0.00019470528658618,0.0005477423815605947
1043.0,-0.00019470664523186184,0.0005477422316110352
1044.0,-0.0001947084034328515,0.000547742055533025
1045.0,-0.00019470898726340238,0.0005477419537014352
1046.0,-0.00019470984664967774,0.000547741858136049
1047.0,-0.00019471042692359032,0.0005477416987756229
1048.0,-0.00019471116328564846,0.0005477416306104261
1049.0,-0.0001947131231214287,0.0005477412350071857
1050.0,-0.00019471374398633793,0.0005477412182896018
1051.0,-0.00019471413622147338,0.000547741030673453
1052.0,-0.00019471653374051223,0.0005477404556856818
1053.0,-0.00019471791321371029,0.0005477400038253439
1054.0,-0.00019471798482923323,0.0005477397159961817
1055.0,-0.00019471861356603717,0.0005477392686447357
1056.0,-0.00019471947000650961,0.0005477388174549509
1057.0,-0.00019471905875665974,0.0005477385261805329
1058.0,-0.00019471916465778176,0.0005477382798331765
1059.0,-0.000194719403021513,0.0005477379385216194
1060.0,-0.00019471950726746817,0.0005477376252114373
1061.0,-0.00019471954523778398,0.000547737296016082
1062.0,-0.000194719460637083,0.0005477370157479848
1063.0,-0.0001947194726173383,0.0005477364836987382
1064.0,-0.0001947190312395108,0.0005477360604409609
1065.0,-0.00019471701890144387,0.0005477359673728071
1066.0,-0.00019471520449374646,0.0005477358197586225
1067.0,-0.00019471425193537034,0.0005477353676208143
1068.0,-0.0001947130596930704,0.0005477349551150099
1069.0,-0.00019471103461613,0.0005477346045544437
1070.0,-0.0001947087067815861,0.0005477344198054876
1071.0,-0.0001947068359602851,0.0005477340548164674
1072.0,-0.0001947034163757144,0.0005477340538453213
1073.0,-0.00019469905477460415,0.0005477341782213708
1074.0,-0.00019469591359303905,0.0005477339992761679
1075.0,-0.00019469337750303715,0.0005477334656777123
1076.0,-0.00019468974186993124,0.0005477332131797649
1077.0,-0.00019468443944439554,0.000547733323612933
1078.0,-0.0001946787193749428,0.0005477335866316284
1079.0,-0.0001946739329673779,0.0005477335445023922
1080.0,-0.0001946700606355598,0.0005477335639715562
1081.0,-0.0001946654063950386,0.0005477336398365531
1082.0,-0.00019466137478296746,0.000547733802457255
1083.0,-0.00019465787949421765,0.0005477338216951938
1084.0,-0.0001946543963827668,0.0005477339179311331
1085.0,-0.00019465140445193183,0.0005477339526842847
1086.0,-0.00019464781666102973,0.0005477341249933237
1087.0,-0.00019464636900086869,0.0005477337563509448
1088.0,-0.00019464361643868762,0.0005477338479623796
1089.0,-0.00019463938427556612,0.0005477343101353626
1090.0,-0.0001946372534551386,0.0005477343492355485
1091.0,-0.00019463734147454734,0.000547733946857409
1092.0,-0.00019463691345628087,0.0005477338249092245
1093.0,-0.00019463579572604587,0.0005477338291175237
1094.0,-0.00019463468965094413,0.0005477339091676971
1095.0,-0.00019463400578132047,0.0005477338855827239
1096.0,-0.00019463275048504515,0.0005477338992250123
1097.0,-0.00019463202145301165,0.0005477338715242302
1098.0,-0.00019463148584889975,0.0005477339161275765
1099.0,-0.00019463162774004865,0.0005477336691096668
1100.0,-0.00019463191203466002,0.0005477335623298571
1101.0,-0.00019463127421414278,0.0005477337065912761
1102.0,-0.0001946309865993455,0.0005477339131678935
1103.0,-0.00019463194213308112,0.000547733824932347
1104.0,-0.000194633933761858,0.0005477335912098879
1105.0,-0.00019463404476641115,0.0005477337996363073
1106.0,-0.00019463434622352647,0.0005477341470984553
1107.0,-0.00019463683575210845,0.000547733949909582
1108.0,-0.00019464016208576088,0.0005477337595418529
1109.0,-0.00019464269826443244,0.0005477337153778346
1110.0,-0.00019464547192999084,0.0005477338063880838
1111.0,-0.00019464853789998596,0.0005477337481193267
1112.0,-0.00019465180334714342,0.0005477338631076319
1113.0,-0.00019465368065118126,0.000547734255473719
1114.0,-0.00019465582972770504,0.0005477346173180762
1115.0,-0.0001946590179928558,0.0005477346526030458
1116.0,-0.0001946619827612205,0.0005477347803549836
1117.0,-0.00019466384502097388,0.0005477349640865487
1118.0,-0.00019466533526227268,0.0005477352048613771
1119.0,-0.00019466734142302043,0.0005477352813506822
1120.0,-0.00019466858849272238,0.0005477355341260999
1121.0,-0.00019467066557934024,0.0005477356070545365
1122.0,-0.0001946731287927397,0.0005477355444156225
1123.0,-0.00019467582558170912,0.000547735332173987
1124.0,-0.00019467823854897197,0.0005477353230868356
1125.0,-0.0001946787377492653,0.0005477356704333711
1126.0,-0.00019467955891892027,0.0005477358524076245
1127.0,-0.00019468201759046305,0.0005477355333168117
1128.0,-0.00019468420000677634,0.0005477352285157179
1129.0,-0.00019468425067655683,0.0005477352538580027
1130.0,-0.00019468375254029933,0.0005477353278731977
1131.0,-0.00019468300023740807,0.0005477352651417938
1132.0,-0.00019468159976920667,0.000547735379598281
1133.0,-0.0001946800311340826,0.0005477354435551786
1134.0,-0.00019467911182682627,0.0005477353121498824
1135.0,-0.00019467889311820143,0.0005477348581391498
1136.0,-0.00019467731419739763,0.0005477347390812806
1137.0,-0.00019467423179396018,0.0005477349169166025
1138.0,-0.0001946711229965227,0.0005477351526738436
1139.0,-0.00019466935688422957,0.0005477350556054934
1140.0,-0.00019466751578696667,0.0005477350091061002
1141.0,-0.0001946651945238292,0.0005477349192519772
1142.0,-0.00019466193205203123,0.000547735103677218
1143.0,-0.000194658097907277,0.0005477353334457257
1144.0,-0.00019465531186737588,0.000547735274968866
1145.0,-0.00019465238135505376,0.0005477351366730579
1146.0,-0.00019464806922175757,0.0005477353559439403
1147.0,-0.00019464381727545132,0.0005477355047373736
1148.0,-0.00019463995329828496,0.0005477357355001499
1149.0,-0.00019463513221103362,0.0005477362613756829
1150.0,-0.0001946305920489469,0.0005477368349298576
1151.0,-0.00019462761672889355,0.0005477371378117819
1152.0,-0.00019462583676443018,0.0005477373991887781
1153.0,-0.0001946241242283117,0.000547737631616376
1154.0,-0.00019462191860025377,0.0005477380708749391
1155.0,-0.00019462001936525512,0.000547738504907812
1156.0,-0.0001946195806672216,0.0005477386329372201
1157.0,-0.0001946195980760301,0.000547738558343962
1158.0,-0.0001946180896377481,0.0005477387479255253
1159.0,-0.00019461737779777506,0.0005477387434166334
1160.0,-0.00019461671011528916,0.0005477387976158264
1161.0,-0.00019461505784497805,0.0005477391125677078
1162.0,-0.00019461282636479025,0.0005477396017246747
1163.0,-0.00019461224622880822,0.0005477397597208721
1164.0,-0.00019461235233682612,0.0005477399037048207
1165.0,-0.00019461138572923612,0.0005477403378533063
1166.0,-0.0001946097956557604,0.0005477410278756277
1167.0,-0.00019460903087015243,0.0005477415289175713
1168.0,-0.00019460883964911999,0.000547741949886219
1169.0,-0.00019460883895946711,0.0005477424681313196
1170.0,-0.00019460812786826004,0.0005477431939935511
1171.0,-0.00019460869770871017,0.0005477435680466003
1172.0,-0.000194608966417167,0.0005477441031480197
1173.0,-0.00019460873498937308,0.0005477448487568857
1174.0,-0.00019460990087708177,0.0005477452448225764
1175.0,-0.00019461234516443643,0.0005477454275367506
1176.0,-0.000194615022327856,0.0005477457179325127
1177.0,-0.0001946171636310069,0.0005477461457916721
1178.0,-0.00019462041888115427,0.0005477465686332441
1179.0,-0.00019462332711768916,0.0005477470280084018
1180.0,-0.00019462680438679512,0.0005477474398205305
1181.0,-0.0001946316497695313,0.0005477475260675401
1182.0,-0.00019463679321037944,0.0005477476268123713
1183.0,-0.0001946414257366879,0.0005477477467951415
1184.0,-0.0001946459188743021,0.0005477480324507864
1185.0,-0.00019464891448985375,0.0005477485253304797
1186.0,-0.00019465207701124866,0.0005477490336097729
1187.0,-0.0001946561722881305,0.000547749131741759
1188.0,-0.00019465993268929016,0.0005477494009572904
1189.0,-0.00019466305917139725,0.0005477496595364614
1190.0,-0.00019466754646666653,0.0005477496117653296
1191.0,-0.0001946725641345382,0.0005477494210507627
1192.0,-0.00019467684388370675,0.0005477494507400818
1193.0,-0.00019468089539718885,0.0005477494420922582
1194.0,-0.0001946853379339878,0.0005477494033620328
1195.0,-0.00019469025877459859,0.0005477490543044307
1196.0,-0.00019469521611754976,0.0005477487524167747
1197.0,-0.00019469850043163893,0.0005477486150921126
1198.0,-0.00019470204646898672,0.000547748375334675
1199.0,-0.0001947053699849146,0.0005477480132359702
1200.0,-0.00019470853410236325,0.0005477476953937736
1201.0,-0.0001947102048258143,0.0005477474649547127
1202.0,-0.00019471183556910414,0.0005477472944723531
1203.0,-0.00019471265429541758,0.0005477471417480909
1204.0,-0.00019471318094389456,0.0005477470574202506
1205.0,-0.0001947146329488686,0.000547746719045254
1206.0,-0.00019471503573569273,0.0005477466226243345
1207.0,-0.0001947157081472268,0.0005477463411769886
1208.0,-0.00019471627192858395,0.0005477461650527334
1209.0,-0.00019471627756403298,0.0005477459640255214
1210.0,-0.0001947152455675001,0.0005477460199820262
1211.0,-0.00019471482007139265,0.0005477458086652916
1212.0,-0.00019471615497331185,0.0005477451846346499
1213.0,-0.0001947173293240463,0.0005477445408342513
1214.0,-0.00019471817568573487,0.0005477440495731347
1215.0,-0.00019471853547762958,0.0005477435901517319
1216.0,-0.00019471834670979087,0.0005477432529328613
1217.0,-0.00019471824863130261,0.0005477428682665742
1218.0,-0.0001947182919710585,0.0005477425728069796
1219.0,-0.0001947189098113473,0.0005477419441287109
1220.0,-0.00019471957096183547,0.0005477414978409009
1221.0,-0.00019471869462980425,0.0005477413548512207
1222.0,-0.0001947179906321694,0.0005477412906862203
1223.0,-0.00019471798847454116,0.0005477410494026963
1224.0,-0.00019471825546871807,0.0005477407733660208
1225.0,-0.00019471836599051426,0.0005477404185509104
1226.0,-0.000194717751775829,0.000547740307886517
1227.0,-0.00019471687237976863,0.0005477402021240983
1228.0,-0.00019471630193833533,0.0005477400631114921
1229.0,-0.00019471648017418974,0.0005477396919025131
1230.0,-0.00019471575403869827,0.000547739549976469
1231.0,-0.0001947153075180309,0.0005477392441117392
1232.0,-0.00019471466658422358,0.0005477390503681218
1233.0,-0.0001947132194166717,0.0005477389683294113
1234.0,-0.00019471090102051973,0.0005477391455866701
1235.0,-0.0001947095812022937,0.000547739039361801
1236.0,-0.00019470928119344935,0.0005477386566378058
1237.0,-0.00019470829710808556,0.0005477383233728866
1238.0,-0.0001947062332825069,0.000547738278931398
1239.0,-0.00019470395486651616,0.0005477381691687829
1240.0,-0.00019470137480621862,0.0005477381538154279
1241.0,-0.00019469921318786504,0.000547738088170586
1242.0,-0.00019469715508640506,0.0005477381547403288
1243.0,-0.00019469527747694956,0.0005477381210970584
1244.0,-0.00019469379524547607,0.000547738151780646
1245.0,-0.00019469207892611906,0.0005477381199409322
1246.0,-0.0001946906639653555,0.0005477380880318509
1247.0,-0.0001946897277418999,0.0005477379083698498
1248.0,-0.00019468826440691462,0.0005477378491299468
1249.0,-0.00019468592601082986,0.0005477377928497266
1250.0,-0.00019468383918040233,0.0005477377307426308
1251.0,-0.00019468143282395475,0.0005477375798219252
1252.0,-0.00019467851144460688,0.0005477375925624353
1253.0,-0.00019467578584785245,0.00054773751579566
1254.0,-0.00019467400432674405,0.0005477372103008906
1255.0,-0.00019467273104038142,0.0005477366144103589
1256.0,-0.00019467045425000098,0.000547736361103123
1257.0,-0.00019466603841261968,0.0005477364631428156
1258.0,-0.00019466191578607604,0.0005477365484649242
1259.0,-0.00019465904603217047,0.0005477363325005625
1260.0,-0.00019465589298857624,0.000547736150341329
1261.0,-0.00019465165735748613,0.0005477362103673978
1262.0,-0.00019464822530005095,0.000547736284475083
1263.0,-0.0001946463480157175,0.000547735964135654
1264.0,-0.00019464460292798426,0.0005477357125626074
1265.0,-0.00019464279725917372,0.0005477356577622286
1266.0,-0.00019464039462685153,0.0005477357534201049
1267.0,-0.00019463876992295028,0.0005477356508023493
1268.0,-0.0001946373537897769,0.0005477356511723097
1269.0,-0.0001946349801524312,0.0005477359072542482
1270.0,-0.00019463222452622102,0.0005477362983485965
1271.0,-0.0001946312018400017,0.000547736333448586
1272.0,-0.00019463119840158958,0.0005477361583648444
1273.0,-0.00019463125708119543,0.0005477360122073786
1274.0,-0.00019463076648185842,0.0005477361886553491
1275.0,-0.00019463073519132313,0.0005477363452641951
1276.0,-0.00019463090835330295,0.000547736544164135
1277.0,-0.00019463202746284366,0.0005477366944605324
1278.0,-0.00019463301236593875,0.0005477369064709426
1279.0,-0.00019463474676405273,0.0005477370217598407
1280.0,-0.00019463681550587107,0.0005477371945082076
1281.0,-0.00019463894681890772,0.0005477373320409724
1282.0,-0.00019464177938082,0.0005477373723666519
1283.0,-0.00019464496953759003,0.0005477373668634915
1284.0,-0.0001946480275765773,0.0005477374598854002
1285.0,-0.00019465061622797898,0.0005477376552475942
1286.0,-0.00019465314661356654,0.0005477378089661248
1287.0,-0.0001946561265838506,0.0005477378339846944
1288.0,-0.00019465859370856693,0.0005477379238388175
1289.0,-0.00019466227323315102,0.0005477376847750556
1290.0,-0.0001946644012654105,0.0005477378243194799
1291.0,-0.00019466632063827255,0.0005477378600668999
1292.0,-0.00019466966136596524,0.0005477375921231072
1293.0,-0.00019467206133819785,0.0005477374749612849
1294.0,-0.00019467423716340026,0.0005477375560750945
1295.0,-0.00019467720987262495,0.0005477374380808613
1296.0,-0.00019467997072049244,0.0005477374076053764
1297.0,-0.00019468168797580687,0.0005477375069397338
1298.0,-0.0001946840356427965,0.0005477376042393092
1299.0,-0.00019468650177244232,0.0005477375391956529
1300.0,-0.00019468882923260325,0.0005477374411099118
1301.0,-0.00019469088706805426,0.0005477374068885782
1302.0,-0.000194692642963633,0.0005477374167618954
1303.0,-0.00019469419745102136,0.0005477371554311443
1304.0,-0.00019469557286511973,0.0005477369957470027
1305.0,-0.0001946946607302531,0.0005477371304125747
1306.0,-0.00019469465053324303,0.0005477371341353009
1307.0,-0.00019469364961049735,0.0005477372162433789
1308.0,-0.0001946924138116935,0.0005477374766723516
1309.0,-0.00019469139570673955,0.0005477374654579281
1310.0,-0.00019469153530232968,0.0005477374474223605
1311.0,-0.0001946910490083969,0.0005477374979681951
1312.0,-0.00019469070503910917,0.000547737667225061
1313.0,-0.00019469021328706669,0.0005477378045728455
1314.0,-0.0001946897282739178,0.000547738051891348
1315.0,-0.00019469009901158853,0.0005477379690664718
1316.0,-0.00019469065830034994,0.0005477379327178661
1317.0,-0.00019469004623344074,0.0005477380892342221
1318.0,-0.00019468930657090108,0.000547738256941879
1319.0,-0.00019468974544627391,0.0005477380910146563
1320.0,-0.00019469042695137347,0.0005477380067561838
1321.0,-0.00019469013661737355,0.0005477380613022147
1322.0,-0.00019469000704145417,0.0005477382700061043
1323.0,-0.00019469086618142495,0.0005477381195709718
1324.0,-0.00019469026444945636,0.0005477383418477823
1325.0,-0.00019468905044368274,0.0005477386776561789
1326.0,-0.00019468908043372978,0.0005477386835524222
1327.0,-0.0001946901994841574,0.0005477382890359405
1328.0,-0.00019469020920826266,0.0005477381967539525
1329.0,-0.00019468818250571195,0.0005477384924678949
1330.0,-0.0001946868387269753,0.000547738827189533
1331.0,-0.0001946862974480056,0.0005477388790764738
1332.0,-0.00019468671645152402,0.0005477389166043281
1333.0,-0.00019468640612744343,0.000547739060333929
1334.0,-0.0001946866283730022,0.000547739217474593
1335.0,-0.00019468681109160017,0.0005477392979640945
1336.0,-0.00019468685715055871,0.0005477393893211815
1337.0,-0.00019468662516119035,0.0005477395362879356
1338.0,-0.0001946865606392396,0.0005477397250602105
1339.0,-0.00019468693131779725,0.0005477397480208756
1340.0,-0.00019468772288164034,0.0005477397738487335
1341.0,-0.00019468699735698423,0.0005477401507689754
1342.0,-0.0001946870891005184,0.0005477404210712654
1343.0,-0.00019468714479491255,0.0005477407421274926
1344.0,-0.0001946868324609865,0.000547741234174775
1345.0,-0.0001946876380149304,0.0005477414090272913
1346.0,-0.00019468947846194918,0.0005477414685677872
1347.0,-0.0001946908413637743,0.0005477415719023409
1348.0,-0.00019469195270979434,0.000547741743864542
1349.0,-0.0001946930969719599,0.0005477419732630894
1350.0,-0.00019469399019063393,0.0005477422351025361
1351.0,-0.00019469529321088685,0.0005477422093671684
1352.0,-0.00019469686409230878,0.0005477421753076926
1353.0,-0.00019469631573947122,0.0005477423979082182
1354.0,-0.00019469576779057322,0.000547742543094538
1355.0,-0.0001946958249332384,0.0005477424285686833
1356.0,-0.0001946956222245598,0.0005477423380671296
1357.0,-0.00019469425264295414,0.0005477424626281591
1358.0,-0.00019469362175837418,0.0005477424184872633
1359.0,-0.00019469234567399136,0.0005477424838315124
1360.0,-0.00019469048213345409,0.0005477426448105152
1361.0,-0.00019469016633155941,0.000547742428291213
1362.0,-0.00019468971540696596,0.0005477422699713002
1363.0,-0.0001946894052503725,0.0005477420000620932
1364.0,-0.00019468845757867947,0.0005477418945771448
1365.0,-0.00019468623765510305,0.0005477420077850158
1366.0,-0.00019468386949557146,0.000547742102333011
1367.0,-0.00019468257915507888,0.0005477419118727917
1368.0,-0.00019468097836242737,0.0005477417994048415
1369.0,-0.00019467857183849265,0.0005477418225736092
1370.0,-0.00019467558790763078,0.0005477420508160305
1371.0,-0.00019467323428992223,0.0005477421994476062
1372.0,-0.00019467220516037478,0.0005477421805565051
1373.0,-0.00019467122350850033,0.0005477420809909226
1374.0,-0.00019466943306131355,0.0005477422639363218
1375.0,-0.0001946677282296027,0.0005477422316572802
1376.0,-0.0001946661955549489,0.0005477422264778352
1377.0,-0.00019466317107249916,0.0005477424957858566
1378.0,-0.00019466079117901684,0.0005477427130913246
1379.0,-0.00019465855539342472,0.0005477427804934782
1380.0,-0.00019465703561527935,0.0005477428041709415
1381.0,-0.0001946559374711854,0.0005477426847431119
1382.0,-0.00019465528023201417,0.0005477425878366194
1383.0,-0.00019465403211798077,0.0005477426652277027
1384.0,-0.00019465215926712994,0.000547742921656479
1385.0,-0.00019465032964766096,0.000547743221994926
1386.0,-0.00019464870956443386,0.0005477435785673481
1387.0,-0.00019464757531208686,0.0005477437108050552
1388.0,-0.00019464637702054616,0.0005477440175484409
1389.0,-0.00019464432008164386,0.0005477444908433572
1390.0,-0.00019464372255655773,0.0005477446919630594
1391.0,-0.00019464366342375144,0.0005477446869685945
1392.0,-0.00019464383340347596,0.0005477447630879392
1393.0,-0.00019464278235281987,0.0005477450096665208
1394.0,-0.00019464279587001583,0.0005477451638475021
1395.0,-0.00019464383356111088,0.0005477449185175365
1396.0,-0.00019464448369685774,0.0005477447548794436
1397.0,-0.000194644121757187,0.0005477446708059512
1398.0,-0.0001946440430480918,0.000547744662967416
1399.0,-0.00019464380544297874,0.0005477444194410073
1400.0,-0.00019464442858374236,0.000547744040647841
1401.0,-0.00019464173819869234,0.0005477442389928405
1402.0,-0.00019463872124331089,0.0005477445791020263
1403.0,-0.00019463799831963125,0.0005477442796191128
1404.0,-0.00019463756899102435,0.0005477439313245539
1405.0,-0.00019463547271235274,0.0005477438479909822
1406.0,-0.0001946336299402186,0.0005477438729633066
1407.0,-0.00019463160338545067,0.0005477438838771373
1408.0,-0.00019462925271354506,0.000547743926330089
1409.0,-0.00019462713213938855,0.0005477438662115301
1410.0,-0.00019462506293451762,0.0005477438128447476
1411.0,-0.00019462368043669922,0.0005477434341440714
1412.0,-0.00019462262942545187,0.0005477431465461346
1413.0,-0.00019462036096016663,0.0005477431360716318
1414.0,-0.00019461834598171447,0.0005477430818724387
1415.0,-0.00019461703209450298,0.0005477427995464369
1416.0,-0.00019461615607774165,0.0005477424775884313
1417.0,-0.00019461409994671837,0.0005477422434266442
1418.0,-0.00019461192042694711,0.0005477421817588763
1419.0,-0.00019460984377382535,0.0005477419654014317
1420.0,-0.0001946072626889007,0.0005477420116464771
1421.0,-0.00019460460135794027,0.0005477419834369994
1422.0,-0.00019460249278374344,0.0005477419551581542
1423.0,-0.00019460049085943466,0.0005477418143188687
1424.0,-0.00019459871394914818,0.0005477417975319172
1425.0,-0.000194596597414387,0.0005477419448917542
1426.0,-0.00019459411065426863,0.0005477422918914518
1427.0,-0.00019459247751689817,0.0005477424302335049
1428.0,-0.00019459322611536838,0.0005477421459883338
1429.0,-0.00019459386361076364,0.0005477418526791337
1430.0,-0.00019459435722486883,0.0005477416892953886
1431.0,-0.0001945949015284589,0.0005477415282238957
1432.0,-0.00019459530886699187,0.0005477413823901453
1433.0,-0.00019459569553564358,0.0005477411898720216
1434.0,-0.00019459621425311268,0.0005477410268351142
1435.0,-0.0001945969702702772,0.0005477406288964991
1436.0,-0.00019459748838676315,0.0005477403568137749
1437.0,-0.00019459588017541732,0.0005477403989198887
1438.0,-0.00019459404000425967,0.000547740579784261
1439.0,-0.00019459321402673908,0.0005477404072902419
1440.0,-0.0001945931577313617,0.0005477401843428783
1441.0,-0.00019459166404179863,0.0005477402690638014
1442.0,-0.0001945902829528425,0.0005477404891439721
1443.0,-0.000194589979554847,0.000547740412608422
1444.0,-0.00019458868992371168,0.000547740656319811
1445.0,-0.00019458698049103104,0.0005477409722197157
1446.0,-0.00019458711701273988,0.0005477408321203508
1447.0,-0.00019458813583690324,0.0005477403310090396
1448.0,-0.00019458890805105767,0.0005477400675510163
1449.0,-0.00019458797647783273,0.0005477401373116673
1450.0,-0.0001945869990032841,0.0005477402636300086
1451.0,-0.000194587575484106,0.0005477401999968262
1452.0,-0.00019458874337180797,0.0005477401527575124
1453.0,-0.0001945899102151785,0.0005477401501677898
1454.0,-0.00019459144079131714,0.0005477401557865628
1455.0,-0.00019459346114906155,0.0005477400365899585
1456.0,-0.0001945951039809807,0.0005477399595225904
1457.0,-0.00019459661109907006,0.0005477397816410236
1458.0,-0.00019459746523413157,0.0005477397726463622
1459.0,-0.00019459925268625451,0.0005477393318617127
1460.0,-0.00019460144981187796,0.0005477389462242797
1461.0,-0.0001946015111220168,0.0005477390126321647
1462.0,-0.00019460211195743667,0.0005477390723113958
1463.0,-0.00019460480352474871,0.0005477386204741804
1464.0,-0.00019460781804664083,0.000547738183458502
1465.0,-0.00019460903110660483,0.0005477380402607191
1466.0,-0.00019461049250070993,0.0005477380007443279
1467.0,-0.00019461197752035136,0.0005477378599512873
1468.0,-0.0001946131892896793,0.0005477377497955894
1469.0,-0.00019461496867286386,0.0005477374480235461
1470.0,-0.00019461608725038668,0.0005477373233237813
1471.0,-0.00019461709690216705,0.0005477370542238626
1472.0,-0.00019461961851931117,0.0005477364217766226
1473.0,-0.00019462060473274666,0.0005477359569676719
1474.0,-0.00019462025972897962,0.0005477357155916578
1475.0,-0.00019462017982777022,0.0005477353130516608
1476.0,-0.00019462003901050932,0.000547734941449599
1477.0,-0.00019461909950627652,0.0005477346846508623
1478.0,-0.00019461882598010186,0.000547734538955847
1479.0,-0.00019461875492615338,0.0005477343276159898
1480.0,-0.00019461914668838403,0.0005477341632148537
1481.0,-0.00019462029144315878,0.0005477339155263908
1482.0,-0.00019462211243211487,0.0005477336232577044
1483.0,-0.00019462425879928816,0.0005477332412273849
1484.0,-0.00019462718751851288,0.0005477328286522129
1485.0,-0.00019462804110185206,0.0005477328859729466
1486.0,-0.00019462886421238722,0.0005477329328654225
1487.0,-0.0001946320011870699,0.0005477323913359417
1488.0,-0.00019463581864222505,0.0005477317406681538
1489.0,-0.00019463768991672648,0.0005477314616717954
1490.0,-0.00019463947393043733,0.0005477312983805403
1491.0,-0.00019464136564821983,0.0005477311038276346
1492.0,-0.0001946437693248735,0.0005477309163039758
1493.0,-0.00019464605439108818,0.0005477307380293261
1494.0,-0.00019464850615625022,0.0005477306503487202
1495.0,-0.00019465082948834624,0.0005477305137639787
1496.0,-0.00019465358619829662,0.0005477304036545258
1497.0,-0.00019465534528598282,0.0005477304359104449
1498.0,-0.0001946562275588808,0.0005477306382556408
1499.0,-0.0001946584423297652,0.0005477305651884691
1500.0,-0.00019466051699274585,0.0005477304802594434
1501.0,-0.00019466199672176472,0.0005477304656922541
1502.0,-0.00019466334593890673,0.0005477306173066352
1503.0,-0.00019466450578722687,0.0005477306220005073
1504.0,-0.000194666395445903,0.000547730504306867
1505.0,-0.0001946683698826194,0.0005477303102164117
1506.0,-0.00019467018401445567,0.0005477302959035702
1507.0,-0.0001946719427770198,0.0005477301247969024
1508.0,-0.00019467405076993777,0.0005477299526959662
1509.0,-0.00019467538028271255,0.0005477298178222915
1510.0,-0.00019467674324365078,0.0005477297204533486
1511.0,-0.0001946778629049138,0.0005477294675623182
1512.0,-0.00019467874757189238,0.0005477292620262143
1513.0,-0.00019467856313901447,0.0005477290758436617
1514.0,-0.00019467735328101017,0.0005477290463393227
1515.0,-0.0001946760984871962,0.0005477287824419716
1516.0,-0.00019467534671632284,0.0005477282769836262
1517.0,-0.00019467301218229404,0.0005477279687835215
1518.0,-0.00019466950241083425,0.0005477279246657483
1519.0,-0.00019466605333867793,0.0005477276454612871
1520.0,-0.00019466193185498754,0.0005477276256452851
1521.0,-0.00019465598227891667,0.0005477279041098255
1522.0,-0.00019465117130985796,0.0005477279963918135
1523.0,-0.00019464702801343296,0.0005477278211462142
1524.0,-0.00019464194055269233,0.000547727887230384
1525.0,-0.00019463601905534485,0.0005477281013680664
1526.0,-0.00019463019201088202,0.0005477283808731204
1527.0,-0.00019462474444297679,0.000547728494196604
1528.0,-0.00019461940861853852,0.0005477287777018545
1529.0,-0.00019461500203235771,0.0005477288679490604
1530.0,-0.00019461156336410731,0.0005477288151372186
1531.0,-0.00019460824833090952,0.0005477286580196772
1532.0,-0.00019460449748636804,0.000547728669604061
1533.0,-0.0001945993753163844,0.0005477290478191643
1534.0,-0.00019459488152852607,0.0005477293410358742
1535.0,-0.00019459212572497662,0.0005477291637554928
1536.0,-0.00019458903104571835,0.0005477291411879108
1537.0,-0.00019458464624271557,0.0005477294180569972
1538.0,-0.00019458031639519316,0.0005477298195564807
1539.0,-0.00019457708407107714,0.0005477299562105897
1540.0,-0.00019457365847667447,0.0005477303703118481
1541.0,-0.00019457091680115634,0.0005477307513710217
1542.0,-0.00019456903599959332,0.0005477310880118291
1543.0,-0.00019456727363112997,0.0005477312916287638
1544.0,-0.00019456564519325113,0.0005477316876482094
1545.0,-0.00019456329249179568,0.00054773224420733
1546.0,-0.00019456197326470063,0.0005477326806218228
1547.0,-0.000194561727689171,0.000547733011898205
1548.0,-0.0001945623671254464,0.0005477333865524398
1549.0,-0.00019456315647254822,0.0005477336413626395
1550.0,-0.00019456372132779337,0.0005477342195644413
1551.0,-0.00019456427453775745,0.0005477347870142701
1552.0,-0.00019456712859713444,0.000547734916500397
1553.0,-0.00019457083737285178,0.0005477348429476525
1554.0,-0.00019457398234750756,0.0005477349537739035
1555.0,-0.00019457784787146672,0.0005477348743249157
1556.0,-0.00019458150893305866,0.0005477349954406894
1557.0,-0.00019458441627304482,0.0005477352930044336
1558.0,-0.00019458766685325716,0.0005477356061758806
1559.0,-0.0001945929449044905,0.0005477355396986278
1560.0,-0.00019459846152635092,0.0005477355049454763
1561.0,-0.00019460288921590912,0.0005477355459879541
1562.0,-0.00019460739650125903,0.0005477356965155766
1563.0,-0.00019461188290983178,0.0005477357650044887
1564.0,-0.0001946160355953878,0.0005477359529674756
1565.0,-0.00019462076199330206,0.0005477358553441848
1566.0,-0.000194624266247539,0.0005477362025751077
1567.0,-0.00019462766115238962,0.000547736448691239
1568.0,-0.00019463324083807758,0.0005477362863017623
1569.0,-0.00019463800813240617,0.000547736292660456
1570.0,-0.00019464235911286246,0.000547736471166331
1571.0,-0.0001946473756772896,0.0005477363705139898
1572.0,-0.0001946522115329642,0.0005477363506286204
1573.0,-0.00019465604972696593,0.0005477363945845359
1574.0,-0.00019465959574460935,0.0005477364692934066
1575.0,-0.00019466336763341511,0.0005477363576116222
1576.0,-0.00019466602107277647,0.0005477363086381191
1577.0,-0.000194668641152644,0.0005477362443806286
1578.0,-0.00019467055196395843,0.0005477362938165821
1579.0,-0.00019467272282366026,0.0005477361726083183
1580.0,-0.0001946750343725446,0.0005477361980430933
1581.0,-0.00019467502061889624,0.0005477366335326851
1582.0,-0.00019467582230093197,0.0005477369844400892
1583.0,-0.00019467809930806044,0.0005477367767304681
1584.0,-0.00019468028535982946,0.0005477366699969034
1585.0,-0.00019468052073834903,0.0005477368380513982
1586.0,-0.00019468102359380252,0.0005477369983598478
1587.0,-0.00019468117796766812,0.0005477370263612227
1588.0,-0.0001946809606876099,0.000547737162807229
1589.0,-0.00019468102171203542,0.0005477371883113715
1590.0,-0.00019468218758003975,0.0005477369845788242
1591.0,-0.00019468372215616494,0.0005477365761425839
1592.0,-0.00019468448486296215,0.0005477364489918317
1593.0,-0.0001946834312113296,0.0005477366116356561
1594.0,-0.00019468246118503187,0.0005477368010784844
1595.0,-0.00019468254861330957,0.0005477366678696313
1596.0,-0.0001946820939842951,0.0005477366963797018
1597.0,-0.00019468111935702759,0.0005477367019059847
1598.0,-0.0001946810632389895,0.0005477366556378169
1599.0,-0.0001946804914773636,0.0005477365979008777
1600.0,-0.00019467935063390574,0.0005477367656779022
1601.0,-0.0001946782544996573,0.0005477369575717177
1602.0,-0.00019467775470823293,0.0005477370684673365
1603.0,-0.00019467786525958567,0.0005477369326918834
1604.0,-0.00019467780580165734,0.0005477368132640538
1605.0,-0.00019467620890061837,0.0005477369728788278
1606.0,-0.00019467524022406978,0.0005477369929029325
1607.0,-0.00019467393407082248,0.0005477370075394893
1608.0,-0.00019467164989130429,0.0005477371299038792
1609.0,-0.0001946700703695173,0.0005477369441144096
1610.0,-0.00019466955767173235,0.0005477366723322781
1611.0,-0.00019466826650365636,0.0005477365353313314
1612.0,-0.0001946664327364181,0.0005477365749633352
1613.0,-0.00019466478568776432,0.0005477366631526367
1614.0,-0.0001946630122750031,0.0005477369216161951
1615.0,-0.00019466238906527415,0.0005477369354434636
1616.0,-0.00019466217078029321,0.000547737036280785
1617.0,-0.00019466117034030458,0.0005477374392832325
1618.0,-0.00019466064277557453,0.000547737904485266
1619.0,-0.00019466194485986998,0.0005477380788753319
1620.0,-0.0001946635185196077,0.0005477383328762434
1621.0,-0.00019466419704934783,0.0005477386858184294
1622.0,-0.00019466573424615393,0.0005477389528604436
1623.0,-0.00019466797510562056,0.0005477390027126026
1624.0,-0.00019466950103152856,0.000547739311791363
1625.0,-0.000194671413616236,0.0005477395138128436
1626.0,-0.0001946741061490621,0.0005477396296798046
1627.0,-0.00019467725675916694,0.0005477395624626313
1628.0,-0.00019467996114416993,0.0005477397096143654
1629.0,-0.00019468155911909696,0.0005477400994369752
1630.0,-0.0001946841776620238,0.000547740326731373
1631.0,-0.00019468698103191593,0.0005477404076139572
1632.0,-0.00019469005223342057,0.0005477405969411727
1633.0,-0.00019469349507899683,0.0005477404663451648
1634.0,-0.0001946976454394375,0.000547740270728623
1635.0,-0.00019470120997918617,0.0005477401310685861
1636.0,-0.0001947038871721623,0.0005477401744926837
1637.0,-0.0001947062111052415,0.000547740187603154
1638.0,-0.0001947084407923319,0.0005477402412705292
1639.0,-0.00019471119407372234,0.0005477399873852302
1640.0,-0.00019471363362217668,0.0005477398030756021
1641.0,-0.00019471424729499185,0.0005477399111502731
1642.0,-0.00019471370575986535,0.0005477401521332043
1643.0,-0.0001947139631580154,0.0005477400371217765
1644.0,-0.00019471409566988547,0.0005477398917967216
1645.0,-0.00019471237056238065,0.0005477399994551871
1646.0,-0.00019470955104475951,0.0005477402347499777
1647.0,-0.00019470659545863002,0.0005477403694155498
1648.0,-0.00019470386706385546,0.0005477404412803502
1649.0,-0.00019470092021661286,0.0005477406019125152
1650.0,-0.000194698497751845,0.0005477407058482545
1651.0,-0.0001946961148632988,0.0005477406279484757
1652.0,-0.00019469466314403808,0.000547740431938851
1653.0,-0.00019469040454750787,0.0005477407180338239
1654.0,-0.00019468623107384437,0.0005477409947641753
1655.0,-0.00019468399779070693,0.0005477406040166647
1656.0,-0.00019468169043885278,0.0005477401449420997
1657.0,-0.00019467742834479738,0.0005477399899055852
1658.0,-0.00019467294801502194,0.0005477400327516198
1659.0,-0.00019466834353788033,0.0005477400613773028
1660.0,-0.00019466378723791676,0.0005477401611047431
1661.0,-0.00019465955561666536,0.0005477402348655903
1662.0,-0.00019465513765121244,0.000547740455431334
1663.0,-0.00019465126979228574,0.0005477404254876672
1664.0,-0.00019464700590513285,0.0005477406673492543
1665.0,-0.00019464124233828928,0.0005477411537083961
1666.0,-0.0001946368508456538,0.00054774131845637
1667.0,-0.0001946334797239745,0.0005477412173184559
1668.0,-0.0001946294057869224,0.00054774136428521
1669.0,-0.00019462416942027808,0.0005477416854570498
1670.0,-0.00019461975746465717,0.0005477420493130665
1671.0,-0.00019461607094502272,0.0005477422196104459
1672.0,-0.00019461268138990784,0.0005477424603159069
1673.0,-0.00019460893841726108,0.0005477428116395163
1674.0,-0.0001946055524581932,0.0005477431915888087
1675.0,-0.00019460421277796495,0.000547743035789251
1676.0,-0.00019460307623005916,0.0005477430338932042
1677.0,-0.00019459990329490616,0.0005477434442717364
1678.0,-0.00019459682501953368,0.0005477440540820267
1679.0,-0.0001945956391023356,0.0005477443014005292
1680.0,-0.00019459446368756531,0.0005477446290697978
1681.0,-0.0001945928484417604,0.000547745103682698
1682.0,-0.00019459250387148942,0.0005477454850887094
1683.0,-0.0001945919501492118,0.0005477459382901537
1684.0,-0.00019459125185599128,0.0005477465304117141
1685.0,-0.00019459241335947826,0.0005477466617938878
1686.0,-0.00019459354098130566,0.0005477468140556996
1687.0,-0.00019459495591251264,0.0005477468144487825
1688.0,-0.00019459613117950016,0.0005477470764732094
1689.0,-0.00019459690424094238,0.0005477475802667332
1690.0,-0.00019459796449353798,0.0005477480583017668
1691.0,-0.00019460088360688364,0.0005477481828859189
1692.0,-0.0001946044346195842,0.0005477483586633363
1693.0,-0.00019460731092519186,0.0005477486704936769
1694.0,-0.00019461114779900098,0.000547748855635716
1695.0,-0.0001946150784360419,0.0005477490437605603
1696.0,-0.0001946191369445744,0.0005477492161389668
1697.0,-0.00019462369855486496,0.0005477492430304607
1698.0,-0.00019462685221914672,0.0005477495668382681
1699.0,-0.00019463080948664004,0.0005477495312527057
1700.0,-0.00019463568689882528,0.0005477493904827876
1701.0,-0.00019463822914644196,0.0005477496445993118
1702.0,-0.00019464031302121436,0.0005477500607584747
1703.0,-0.00019464346598599113,0.0005477502405823335
1704.0,-0.00019464743086922238,0.0005477502764916111
1705.0,-0.00019464955841872492,0.0005477505899867735
1706.0,-0.00019465182663770558,0.0005477510980579641
1707.0,-0.0001946555579552191,0.0005477511437480689
1708.0,-0.00019466006675780524,0.0005477511296202074
1709.0,-0.0001946636848343199,0.0005477513351563114
1710.0,-0.00019466733420136982,0.0005477516373908053
1711.0,-0.00019467172326051592,0.000547751635217288
1712.0,-0.00019467629520574713,0.0005477516292979223
1713.0,-0.00019467925790515322,0.0005477518174227667
1714.0,-0.00019468164583801744,0.0005477520227045229
1715.0,-0.00019468516557003487,0.0005477518634597093
1716.0,-0.00019468948928949903,0.0005477513487523548
1717.0,-0.00019469313830187032,0.0005477508089570632
1718.0,-0.00019469587679513313,0.0005477505096591297
1719.0,-0.00019469755290772866,0.0005477502029851116
1720.0,-0.00019469919843914614,0.0005477499544179929
1721.0,-0.00019470001705708555,0.0005477496598139317
1722.0,-0.00019470035936135425,0.0005477494448438385
1723.0,-0.00019470047046442926,0.0005477490465583856
1724.0,-0.00019469989264371041,0.0005477488085813823
1725.0,-0.00019469726381510385,0.0005477487884185425
1726.0,-0.00019469530463941986,0.0005477486144678045
1727.0,-0.00019469330031117826,0.0005477483132275792
1728.0,-0.00019469059375869485,0.0005477481857068667
1729.0,-0.00019468770155166277,0.0005477479527705734
1730.0,-0.00019468447985805288,0.0005477478987101153
1731.0,-0.0001946825696871304,0.0005477474956383003
1732.0,-0.00019467943065334134,0.0005477474568849523
1733.0,-0.00019467702704565297,0.0005477472826798665
1734.0,-0.0001946754577898413,0.0005477468517916566
1735.0,-0.00019467462458081788,0.0005477460566312247
1736.0,-0.00019467270522766024,0.0005477455730930307
1737.0,-0.00019466902915134046,0.0005477454477920804
1738.0,-0.0001946652244153544,0.0005477453694760961
1739.0,-0.0001946631747572158,0.0005477449995619784
1740.0,-0.0001946608839865868,0.0005477447498156112
1741.0,-0.0001946581342224259,0.0005477446799855926
1742.0,-0.0001946556549401149,0.0005477447063915136
1743.0,-0.0001946539637635306,0.0005477445269376153
1744.0,-0.0001946521180850023,0.0005477444986818925
1745.0,-0.0001946502781010361,0.0005477444838141104
1746.0,-0.00019464905503125353,0.0005477444284819137
1747.0,-0.0001946470472251911,0.0005477444649461319
1748.0,-0.00019464504464078596,0.0005477447084725407
1749.0,-0.00019464313497232486,0.0005477448654744695
1750.0,-0.00019464204280850644,0.0005477448318774442
1751.0,-0.0001946414411750597,0.0005477447021832144
1752.0,-0.00019464107956051102,0.0005477446685630665
1753.0,-0.00019463992807669482,0.0005477448417507613
1754.0,-0.00019463925289669716,0.000547745027054658
1755.0,-0.00019463921158649112,0.0005477450754038528
1756.0,-0.00019463968685583033,0.0005477451076135269
1757.0,-0.00019464070913811018,0.0005477451055324998
1758.0,-0.0001946421969360674,0.0005477451174637216
1759.0,-0.00019464431703731912,0.0005477449012912571
1760.0,-0.0001946467812851978,0.0005477447581397194
1761.0,-0.00019464718459418772,0.0005477449896192937
1762.0,-0.0001946484621859546,0.0005477450874738096
1763.0,-0.00019465123825544584,0.0005477447749035482
1764.0,-0.00019465363011933131,0.0005477446523310556
1765.0,-0.00019465459538702435,0.000547744827669145
1766.0,-0.00019465689720195124,0.0005477448656363272
1767.0,-0.00019465888205242581,0.0005477450788028636
1768.0,-0.0001946606048249631,0.0005477454434450461
1769.0,-0.00019466455209249,0.0005477452916456848
1770.0,-0.0001946690003829642,0.0005477451024109593
1771.0,-0.00019467340930411257,0.0005477447845225177
1772.0,-0.00019467714182359245,0.00054774460580854
1773.0,-0.00019467866081356318,0.0005477447618162005
1774.0,-0.0001946804230342438,0.0005477448641564857
1775.0,-0.00019468288479937226,0.0005477446683087188
1776.0,-0.00019468576005079625,0.0005477444563907986
1777.0,-0.00019468765811338502,0.0005477443952317261
1778.0,-0.00019469006856834105,0.0005477443056781958
1779.0,-0.00019469229188106863,0.0005477441586420742
1780.0,-0.00019469438453413669,0.0005477440354915184
1781.0,-0.00019469559447095848,0.0005477439970156407
1782.0,-0.00019469769065110824,0.0005477438130990955
1783.0,-0.00019470049518355805,0.0005477432890271192
1784.0,-0.0001947023462413786,0.0005477430258234437
1785.0,-0.00019470271705786683,0.0005477429502359171
1786.0,-0.00019470341339050277,0.0005477426229828538
1787.0,-0.00019470475002640632,0.0005477420707707675
1788.0,-0.000194704991473871,0.000547741729574823
1789.0,-0.00019470443256934476,0.0005477414504859745
1790.0,-0.00019470386310327763,0.0005477412751247626
1791.0,-0.00019470391364497978,0.0005477408038646282
1792.0,-0.00019470344962683425,0.0005477405297239994
1793.0,-0.00019470337011971218,0.0005477401769899161
1794.0,-0.00019470326158805713,0.0005477398307070166
1795.0,-0.0001947030998841669,0.0005477394356818395
1796.0,-0.0001947030930566036,0.0005477390451424317
1797.0,-0.00019470183613471803,0.0005477387912571327
1798.0,-0.00019470008445587387,0.0005477387432547757
1799.0,-0.0001946984481658047,0.0005477384550325307
1800.0,-0.00019469695387525838,0.0005477381805219416
1801.0,-0.00019469451915437406,0.0005477379821769422
1802.0,-0.00019469157249432295,0.0005477379792403818
1803.0,-0.0001946890188871385,0.0005477377583971678
1804.0,-0.000194684697670129,0.0005477379681646935
1805.0,-0.00019468047421633786,0.000547738239114414
1806.0,-0.00019467735453223748,0.0005477382344436644
1807.0,-0.00019467567806496334,0.000547737807509406
1808.0,-0.0001946726329618932,0.0005477376947871079
1809.0,-0.0001946680890855332,0.0005477378639977288
1810.0,-0.0001946629582160714,0.0005477381833660119
1811.0,-0.00019465895705709994,0.0005477381296523917
1812.0,-0.00019465499017387537,0.00054773817124981
1813.0,-0.00019465104532998565,0.000547738154925309
1814.0,-0.00019464705744190553,0.0005477381755968442
1815.0,-0.00019464352461633598,0.0005477380416249479
1816.0,-0.0001946401080859423,0.0005477379814370215
1817.0,-0.00019463747225243312,0.0005477377985147446
1818.0,-0.00019463395436277402,0.0005477378698708496
1819.0,-0.00019463202205399486,0.0005477374955403301
1820.0,-0.0001946304857438853,0.0005477371131169278
1821.0,-0.00019462702351906382,0.0005477371055558628
1822.0,-0.00019462275036100617,0.0005477373058662767
1823.0,-0.00019462071023978135,0.0005477369748442422
1824.0,-0.00019461722725640893,0.0005477370952663402
1825.0,-0.00019461277328122474,0.0005477373585625058
1826.0,-0.0001946105710324658,0.0005477374158832396
1827.0,-0.00019460910861373361,0.0005477372449846745
1828.0,-0.00019460734568369577,0.000547737330561131
1829.0,-0.0001946061504955929,0.0005477374393988451
1830.0,-0.00019460515197678005,0.0005477377015388846
1831.0,-0.00019460544867529064,0.0005477376892377025
1832.0,-0.00019460623447560633,0.0005477376967525224
1833.0,-0.00019460592069340927,0.0005477379080923796
1834.0,-0.00019460631494824237,0.0005477380438215876
1835.0,-0.00019460784208596892,0.0005477378874208443
1836.0,-0.00019460946314456222,0.0005477377721550688
1837.0,-0.00019461019289580513,0.000547737739205474
1838.0,-0.00019461054445127428,0.0005477378767613613
1839.0,-0.0001946112933059013,0.0005477377782362922
1840.0,-0.00019461212252479032,0.0005477375883078911
1841.0,-0.00019461188945168174,0.0005477375579248962
1842.0,-0.00019461119143432236,0.0005477376957120089
1843.0,-0.00019461041868815002,0.0005477377119671423
1844.0,-0.0001946097434687436,0.0005477377706058598
1845.0,-0.00019460846056664974,0.0005477378411295539
1846.0,-0.00019460676361668578,0.0005477378991670858
1847.0,-0.0001946051519078148,0.0005477378635584009
1848.0,-0.0001946031825449729,0.0005477378724374496
1849.0,-0.0001946006501988008,0.0005477379177807165
1850.0,-0.00019459873386041133,0.000547737971332479
1851.0,-0.00019459712244710583,0.0005477379796334647
1852.0,-0.0001945960894555024,0.0005477379720955222
1853.0,-0.0001945965709021608,0.0005477375858800262
1854.0,-0.00019459757014018305,0.0005477371701833137
1855.0,-0.0001945983476449601,0.0005477367462781057
1856.0,-0.0001945992493266599,0.000547736411440855
1857.0,-0.00019459843166438228,0.0005477363176096579
1858.0,-0.000194597473411444,0.000547736210459888
1859.0,-0.0001945971244569513,0.0005477359297062178
1860.0,-0.00019459697145253927,0.0005477357196843443
1861.0,-0.00019459636160237137,0.0005477354818460762
1862.0,-0.0001945945604163044,0.000547735644466778
1863.0,-0.00019459298561371334,0.0005477358460489307
1864.0,-0.00019459242075846818,0.0005477358170764098
1865.0,-0.00019459230569481532,0.000547735713788101
1866.0,-0.00019459145322477288,0.000547735868755248
1867.0,-0.0001945905393263654,0.0005477359123874483
1868.0,-0.00019459029688383017,0.0005477360144502633
1869.0,-0.0001945886322490286,0.0005477363277604454
1870.0,-0.00019458778429128627,0.0005477365551242108
1871.0,-0.00019458771234078906,0.0005477365158621673
1872.0,-0.0001945880776499066,0.0005477364498242426
1873.0,-0.00019458714043138042,0.0005477365725817154
1874.0,-0.00019458686597910048,0.0005477367110393811
1875.0,-0.00019458780733554382,0.0005477364192793901
1876.0,-0.00019458890808061422,0.0005477361846320301
1877.0,-0.00019458921008945178,0.0005477362230385403
1878.0,-0.00019458949043333755,0.000547736409452318
1879.0,-0.00019459067937515598,0.000547736382029006
1880.0,-0.00019459194358765748,0.0005477364575240426
1881.0,-0.00019459189257305055,0.0005477368100731458
1882.0,-0.0001945915062492253,0.0005477372605461323
1883.0,-0.00019459288015593958,0.0005477373607591455
1884.0,-0.00019459485799165936,0.0005477372853797217
1885.0,-0.0001945954928663737,0.0005477374569950849
1886.0,-0.00019459599608635797,0.000547737747922665
1887.0,-0.0001945971996882257,0.0005477376801505511
1888.0,-0.00019459741169736562,0.0005477378463783666
1889.0,-0.00019459708180684832,0.000547738025924755
1890.0,-0.00019459808618771043,0.0005477378768307289
1891.0,-0.0001945994516609555,0.0005477373567820716
1892.0,-0.0001945999779350495,0.0005477371200536845
1893.0,-0.0001945980485523689,0.0005477372925477037
1894.0,-0.00019459613647997498,0.0005477374975751122
1895.0,-0.0001945952940197511,0.0005477373649443221
1896.0,-0.00019459448847565942,0.0005477372791597631
1897.0,-0.0001945926053588332,0.0005477373886449079
1898.0,-0.00019459119012220854,0.0005477375967013668
1899.0,-0.00019458953059083811,0.0005477377888495301
1900.0,-0.00019458785747330642,0.0005477380416249479
1901.0,-0.0001945875040853311,0.0005477379791478916
1902.0,-0.00019458693535817775,0.0005477379411113419
1903.0,-0.0001945860116666997,0.0005477377654264147
1904.0,-0.0001945845721739989,0.0005477377393673316
1905.0,-0.00019458184721763642,0.0005477379245324932
1906.0,-0.00019457928225088424,0.0005477380749213806
1907.0,-0.00019457841127844093,0.0005477378388635466
1908.0,-0.00019457762830570193,0.0005477377518303714
1909.0,-0.00019457650364938185,0.0005477377097936252
1910.0,-0.0001945770563864411,0.0005477374293867928
1911.0,-0.0001945778884526112,0.0005477370826414429
1912.0,-0.0001945782746877668,0.0005477370273092462
1913.0,-0.00019457909661603994,0.0005477369936428532
1914.0,-0.00019458001430753814,0.0005477370171584588
1915.0,-0.00019458144276579328,0.0005477368976612616
1916.0,-0.00019458333856237978,0.0005477368008010141
1917.0,-0.00019458419419497318,0.0005477368757179875
1918.0,-0.00019458444711037965,0.000547737091011796
1919.0,-0.00019458580152947465,0.0005477369903594549
1920.0,-0.00019458668241321473,0.0005477369852493775
1921.0,-0.00019458728237179026,0.0005477370059671577
1922.0,-0.0001945870259884151,0.000547737287784464
1923.0,-0.0001945867573981845,0.0005477375142002059
1924.0,-0.00019458763678439266,0.0005477374963496185
1925.0,-0.00019458851799325483,0.0005477374640936993
1926.0,-0.00019458906918352127,0.0005477376311076805
1927.0,-0.00019458967112238567,0.0005477375761916892
1928.0,-0.00019459089884239894,0.0005477375778796333
1929.0,-0.00019459040188840352,0.0005477378871664965
1930.0,-0.00019459147218037424,0.0005477379629852484
1931.0,-0.0001945923894777851,0.0005477380773492455
1932.0,-0.00019459329713976035,0.000547738347189085
1933.0,-0.0001945951581581386,0.0005477383032794144
1934.0,-0.000194597848562893,0.0005477381716891379
1935.0,-0.00019460012788528465,0.0005477381138597087
1936.0,-0.0001946017557714412,0.00054773817372392
1937.0,-0.00019460331445585977,0.0005477382913944377
1938.0,-0.0001946044636441172,0.0005477384928147327
1939.0,-0.00019460635039639915,0.000547738366126431
1940.0,-0.00019460810075505066,0.000547738320736919
1941.0,-0.00019460807262706634,0.0005477385450485114
1942.0,-0.00019460844081302148,0.000547738777244884
1943.0,-0.00019460963603068092,0.0005477387482029955
1944.0,-0.00019461108293222383,0.000547738764943702
1945.0,-0.00019461172999408937,0.0005477389085808128
1946.0,-0.00019461251599144875,0.0005477391477601872
1947.0,-0.00019461365968218765,0.0005477393097334585
1948.0,-0.000194616738538839,0.0005477392109309191
1949.0,-0.00019462006129614874,0.0005477391163366789
1950.0,-0.0001946230953746254,0.0005477392248506778
1951.0,-0.00019462628684173582,0.0005477390921273976
1952.0,-0.00019462966017030423,0.0005477389936716961
1953.0,-0.0001946312548644541,0.0005477391239439889
1954.0,-0.00019463204139383134,0.0005477393818988517
1955.0,-0.00019463413384000354,0.0005477392670030366
1956.0,-0.00019463709267735367,0.000547738968491269
1957.0,-0.00019463938116227606,0.0005477388141946753
1958.0,-0.00019464098461501717,0.0005477389589185446
1959.0,-0.00019464242009787925,0.000547739044009428
1960.0,-0.0001946437841425577,0.0005477392030692614
1961.0,-0.00019464520305404685,0.0005477392792348511
1962.0,-0.00019464598781003108,0.0005477395092114615
1963.0,-0.00019464828279739472,0.0005477391885020721
1964.0,-0.00019464939390696233,0.0005477392369900022
1965.0,-0.00019464852524978216,0.000547739585677644
1966.0,-0.0001946493967739478,0.0005477395814693449
1967.0,-0.0001946513449348904,0.0005477392036010795
1968.0,-0.00019465286981646692,0.0005477389845845447
1969.0,-0.00019465268009296636,0.0005477390308989576
1970.0,-0.00019465287858491036,0.0005477391948145208
1971.0,-0.00019465325840629442,0.0005477391922479208
1972.0,-0.00019465374532091472,0.0005477392062832921
1973.0,-0.00019465417481700874,0.0005477391367076213
1974.0,-0.00019465456103246,0.0005477391142325294
1975.0,-0.00019465541317738034,0.0005477388310509943
1976.0,-0.00019465601718520335,0.0005477386742802905
1977.0,-0.00019465523594644867,0.0005477386706500546
1978.0,-0.00019465388586231447,0.0005477387614984461
1979.0,-0.00019465371156733352,0.0005477384478645486
1980.0,-0.00019465198118891048,0.0005477385333022699
1981.0,-0.00019464870900285942,0.0005477388322996105
1982.0,-0.0001946472066630791,0.0005477387972921112
1983.0,-0.0001946463337793121,0.0005477385263423905
1984.0,-0.00019464460521369085,0.0005477385127925922
1985.0,-0.00019464268922998003,0.0005477385554998916
1986.0,-0.0001946404101933017,0.0005477387377053703
1987.0,-0.00019463870591331314,0.0005477387099814656
1988.0,-0.00019463765842914752,0.0005477387057269214
1989.0,-0.00019463488711826102,0.0005477389440507626
1990.0,-0.00019463273359840238,0.0005477391158279834
1991.0,-0.00019463125676592554,0.0005477390211874981
1992.0,-0.00019463006274038033,0.0005477389648841555
1993.0,-0.00019462792800863592,0.0005477390156843377
1994.0,-0.00019462560775042125,0.0005477392767838637
1995.0,-0.00019462438621757928,0.0005477393250868136
1996.0,-0.0001946241291642557,0.0005477393579207958
1997.0,-0.00019462353568841704,0.0005477395247729193
1998.0,-0.00019462357233854022,0.0005477397405291783
1999.0,-0.00019462460464049082,0.0005477397152793836
2000.0,-0.00019462646811206277,0.0005477397227710808
2001.0,-0.0001946261318077739,0.0005477402276976083
2002.0,-0.00019462562592770008,0.0005477408436122445
2003.0,-0.00019462713549898321,0.0005477407898755019
2004.0,-0.0001946292132062886,0.000547740701177505
2005.0,-0.0001946296596579907,0.0005477409613521301
2006.0,-0.00019462994197231315,0.0005477413487237523
2007.0,-0.00019463078536849447,0.0005477416189104296
2008.0,-0.00019463169210436445,0.000547741951389183
2009.0,-0.00019463283593303392,0.0005477422100839666
2010.0,-0.00019463349228550868,0.0005477426544294847
2011.0,-0.00019463502911778392,0.0005477427635215466
2012.0,-0.00019463776591647114,0.000547742744468588
2013.0,-0.00019463916794131757,0.0005477430081578364
2014.0,-0.00019464053476431176,0.0005477434355776679
2015.0,-0.00019464264982124542,0.0005477435957011373
2016.0,-0.00019464513052227085,0.000547743772773416
2017.0,-0.00019464732588435343,0.0005477440293640499
2018.0,-0.0001946498234129085,0.000547744252334536
2019.0,-0.00019465328869190695,0.0005477440933903152
2020.0,-0.0001946553549903837,0.0005477442701851235
2021.0,-0.0001946570903737161,0.0005477445149832709
2022.0,-0.0001946605620369295,0.0005477444312566164
2023.0,-0.00019466495016997036,0.0005477439269775195
2024.0,-0.00019466863785216247,0.0005477437220888462
2025.0,-0.0001946706122888789,0.0005477438574249714
2026.0,-0.00019467248993774316,0.0005477441443292327
2027.0,-0.00019467549829216827,0.000547744178851159
2028.0,-0.00019467879653724512,0.0005477442372817737
2029.0,-0.00019468124854871177,0.0005477444239961443
2030.0,-0.00019468418797726007,0.0005477445850907597
2031.0,-0.00019468677510157327,0.0005477446229192067
2032.0,-0.00019468925796022694,0.000547744645579279
2033.0,-0.0001946907094627396,0.0005477446344573456
2034.0,-0.00019469215206873046,0.00054774466703698
2035.0,-0.00019469401798364398,0.000547744267687891
2036.0,-0.00019469557481585208,0.0005477441042347783
2037.0,-0.00019469498573408732,0.0005477443465125708
2038.0,-0.00019469601666658438,0.0005477442994813597
2039.0,-0.0001946983657621406,0.0005477439283879934
2040.0,-0.00019469941131527822,0.0005477438093070017
2041.0,-0.00019469921392677883,0.0005477439016814798
2042.0,-0.00019469878092330742,0.0005477440677474376
2043.0,-0.00019469875623373518,0.0005477440727419024
2044.0,-0.00019469806496512162,0.0005477441158191622
2045.0,-0.00019469730452432668,0.000547744235038889
2046.0,-0.00019469649699009386,0.0005477443618196808
2047.0,-0.00019469732539125165,0.0005477440537351888
2048.0,-0.00019469713983522478,0.0005477440051778912
2049.0,-0.00019469485171483316,0.0005477443341420212
2050.0,-0.0001946925719096845,0.0005477447797361555
2051.0,-0.00019469120529358615,0.0005477447753891211
2052.0,-0.0001946902271096803,0.0005477446901132576
2053.0,-0.00019468730364166953,0.0005477449001120085
2054.0,-0.00019468499821099122,0.0005477450589406167
2055.0,-0.0001946820291963354,0.0005477453785170024
2056.0,-0.00019467877207427313,0.0005477458150471078
2057.0,-0.00019467684810044135,0.0005477459308447014
2058.0,-0.0001946750331705782,0.0005477460407460516
2059.0,-0.00019467295529578565,0.0005477461495375207
2060.0,-0.00019467063307698643,0.0005477464707324832
2061.0,-0.00019466765203281436,0.0005477470145279712
2062.0,-0.0001946648678254194,0.0005477475124252518
2063.0,-0.00019466380062703434,0.0005477476296795641
2064.0,-0.00019466275050248352,0.0005477478491585494
2065.0,-0.00019466201793351607,0.000547747899889364
2066.0,-0.0001946611125769518,0.0005477481178885077
2067.0,-0.00019466048471699222,0.0005477482833301574
2068.0,-0.00019466165460468748,0.0005477481442019385
2069.0,-0.00019466308342747343,0.00054774793660793
2070.0,-0.00019466412177866475,0.0005477479770029771
2071.0,-0.0001946659804423711,0.0005477478464532142
2072.0,-0.0001946682249471457,0.0005477477634433578
2073.0,-0.00019466871645288365,0.0005477479571176076
2074.0,-0.00019466919786998547,0.0005477482302408453
2075.0,-0.00019467101807076685,0.0005477481352766447
2076.0,-0.00019467382489877545,0.0005477478318166573
2077.0,-0.0001946753889132254,0.0005477478265909672
2078.0,-0.00019467664278093407,0.0005477479402844111
2079.0,-0.0001946780379289563,0.000547748006461071
2080.0,-0.00019467939268302554,0.0005477479843790618
2081.0,-0.00019468178945329848,0.0005477477270947521
2082.0,-0.00019468365484604628,0.0005477476865609699
2083.0,-0.00019468605850299557,0.0005477473412954614
2084.0,-0.00019468813645660558,0.0005477471132148979
2085.0,-0.00019468902621716313,0.0005477471096771519
2086.0,-0.00019469132540155703,0.0005477467687818003
2087.0,-0.00019469380735380974,0.0005477462561323502
2088.0,-0.0001946957839481544,0.0005477459013172399
2089.0,-0.00019469693474231776,0.0005477456895611773
2090.0,-0.0001946986466183399,0.0005477456015799786
2091.0,-0.00019470080850270247,0.0005477453516023861
2092.0,-0.00019470406011739408,0.0005477449166446122
2093.0,-0.00019470733658914503,0.0005477445372965053
2094.0,-0.0001947096441380428,0.0005477444158801388
2095.0,-0.0001947121270459574,0.0005477441327910938
2096.0,-0.00019471431827997504,0.0005477439097743627
2097.0,-0.00019471498050435118,0.0005477439174510402
2098.0,-0.00019471500906583162,0.0005477439824022064
2099.0,-0.00019471679214358502,0.0005477435036734972
2100.0,-0.00019471776633735643,0.0005477430803232297
2101.0,-0.00019471815441487038,0.0005477426585684162
2102.0,-0.00019471775470192754,0.0005477424662121501
2103.0,-0.00019471699192616506,0.0005477421997019539
2104.0,-0.0001947175143086465,0.0005477416051294061
2105.0,-0.00019471800657300253,0.0005477409478485768
2106.0,-0.00019471811742977297,0.0005477405515747834
2107.0,-0.00019471799590308766,0.0005477400393877837
2108.0,-0.00019471797281942136,0.000547739567850179
2109.0,-0.00019471634617463992,0.0005477393818063617
2110.0,-0.00019471498989348223,0.0005477391558299476
2111.0,-0.00019471408478322254,0.0005477386617710058
2112.0,-0.00019471271462033807,0.0005477382116448571
2113.0,-0.0001947108903013439,0.0005477377432056705
2114.0,-0.00019470815569969365,0.000547737529599806
2115.0,-0.0001947049206760793,0.000547737346538794
2116.0,-0.00019470254456583548,0.0005477369075808238
2117.0,-0.0001947003370363061,0.000547736405428999
2118.0,-0.00019469660878282171,0.0005477362165179889
2119.0,-0.00019469300903136866,0.0005477358143248296
2120.0,-0.00019468907730073534,0.0005477354830484473
2121.0,-0.00019468372716107427,0.0005477353504176574
2122.0,-0.00019467817775114667,0.0005477352794315128
2123.0,-0.00019467421721272837,0.0005477346333188619
2124.0,-0.0001946691261559407,0.000547734342576262
2125.0,-0.00019466280667963467,0.000547734344079226
2126.0,-0.00019465870631902606,0.0005477340102362436
2127.0,-0.00019465539371931763,0.0005477335238077343
2128.0,-0.00019465102886698674,0.0005477332918657095
2129.0,-0.00019464658160113965,0.0005477331616165393
2130.0,-0.0001946419851535277,0.0005477331791896565
2131.0,-0.00019463839937247106,0.0005477330095397077
2132.0,-0.0001946350578171949,0.00054773291240199
2133.0,-0.0001946307641370387,0.0005477330839711082
2134.0,-0.00019462701943040762,0.0005477332063354982
2135.0,-0.00019462493398913802,0.000547733058744436
2136.0,-0.00019462301687242606,0.0005477329595719362
2137.0,-0.0001946208083675305,0.0005477329491899236
2138.0,-0.0001946192089344803,0.0005477329916428751
2139.0,-0.00019461754260510314,0.0005477330509752683
2140.0,-0.00019461658723885468,0.0005477330598774395
2141.0,-0.00019461666504154898,0.0005477327871472847
2142.0,-0.0001946171099464582,0.0005477325750443843
2143.0,-0.00019461709645881878,0.000547732316141498
2144.0,-0.00019461716095121295,0.0005477322040203856
2145.0,-0.0001946158950736924,0.0005477323447440585
2146.0,-0.00019461484457475862,0.0005477324870631856
2147.0,-0.00019461448215233088,0.0005477324874562684
2148.0,-0.0001946149040720957,0.0005477323907810012
2149.0,-0.00019461527826788284,0.0005477322186569425
2150.0,-0.00019461535002133638,0.00054773230790988
2151.0,-0.00019461543662203064,0.0005477323295756837
2152.0,-0.0001946152658935402,0.000547732476866153
2153.0,-0.00019461654189910553,0.0005477323487673775
2154.0,-0.00019461633027420072,0.0005477325887560402
2155.0,-0.00019461651100265758,0.0005477327261731924
2156.0,-0.00019461860102519259,0.000547732545170085
2157.0,-0.00019461984663677137,0.0005477325010291893
2158.0,-0.00019462083659403664,0.0005477326830034426
2159.0,-0.00019462248167225369,0.0005477326046643358
2160.0,-0.00019462400269177422,0.000547732645059383
2161.0,-0.00019462449669996676,0.0005477328143624939
2162.0,-0.0001946254104407393,0.000547732980798412
2163.0,-0.0001946263102997851,0.0005477329732604696
2164.0,-0.0001946270853612206,0.0005477330044527527
2165.0,-0.00019462770143796856,0.0005477329903480139
2166.0,-0.00019462812342669862,0.0005477330666523387
2167.0,-0.00019462884032084188,0.0005477329116851919
2168.0,-0.00019462954502783394,0.0005477328509654473
2169.0,-0.00019462890595608936,0.0005477331975489396
2170.0,-0.0001946281539389114,0.0005477335748160193
2171.0,-0.00019462960750053044,0.0005477334145306922
2172.0,-0.00019463182954232636,0.0005477333532328846
2173.0,-0.00019463184102012029,0.0005477336267954503
2174.0,-0.00019463262721452335,0.0005477339906745895
2175.0,-0.00019463344915264866,0.0005477341861292736
2176.0,-0.0001946342309923865,0.0005477343256043303
2177.0,-0.00019463446006550854,0.0005477345384009063
2178.0,-0.00019463476815314345,0.0005477347692330502
2179.0,-0.000194636550275235,0.0005477344013999596
2180.0,-0.00019463869112518547,0.0005477340434401862
2181.0,-0.00019463799296989554,0.0005477341515148571
2182.0,-0.00019463666142757096,0.0005477343934920568
2183.0,-0.00019463627278848254,0.000547734256976683
2184.0,-0.00019463529759964056,0.0005477341092006406
2185.0,-0.00019463273080038223,0.0005477340649210098
2186.0,-0.00019462971243613852,0.0005477342051591098
2187.0,-0.00019462692345043452,0.00054773411102732
2188.0,-0.00019462472791101262,0.0005477338397538841
2189.0,-0.00019462173302452256,0.0005477335661913183
2190.0,-0.00019461758406309195,0.0005477335519478444
2191.0,-0.00019461359660850793,0.0005477332758418012
2192.0,-0.00019460968129161258,0.0005477330759707154
2193.0,-0.00019460376073022256,0.0005477332723965453
2194.0,-0.00019459799049345065,0.0005477334701634817
2195.0,-0.0001945940800632384,0.0005477331676052727
2196.0,-0.00019459049073539564,0.0005477330167539347
2197.0,-0.0001945845505977167,0.0005477331613853141
2198.0,-0.00019457915458628852,0.0005477334002178507
2199.0,-0.0001945732272564483,0.0005477335863310356
2200.0,-0.00019456803297833255,0.0005477336790061064
2201.0,-0.00019456183409275441,0.000547733955967683
2202.0,-0.00019455597198436995,0.0005477343554323845
2203.0,-0.00019455201070703792,0.0005477342757984165
2204.0,-0.00019454810828665098,0.0005477344352050877
2205.0,-0.00019454273994015447,0.0005477350578715006
2206.0,-0.0001945381880342648,0.000547735730020112
2207.0,-0.00019453488906012639,0.0005477361624344084
2208.0,-0.00019453308113516582,0.000547736523723825
2209.0,-0.000194531078028595,0.0005477368678794524
2210.0,-0.00019452964511715285,0.0005477373275783254
2211.0,-0.0001945277452319101,0.000547737801983123
2212.0,-0.00019452653907832683,0.0005477382586760682
2213.0,-0.00019452632041896294,0.0005477385007226354
2214.0,-0.0001945255392097648,0.0005477389836596438
2215.0,-0.00019452553991912202,0.000547739311883853
2216.0,-0.00019452557504215674,0.0005477399083524478
2217.0,-0.00019452569924863602,0.0005477406509553857
2218.0,-0.0001945270244461543,0.000547741251609157
2219.0,-0.0001945295286840465,0.0005477417258289744
2220.0,-0.00019453197254775724,0.0005477423979082182
2221.0,-0.0001945338891028947,0.0005477431519568048
2222.0,-0.00019453652489699518,0.0005477439406429305
2223.0,-0.00019454020361370016,0.0005477443580507096
2224.0,-0.00019454288723030005,0.0005477451156601648
2225.0,-0.00019454528103506568,0.0005477459509381736
2226.0,-0.0001945499619060393,0.0005477463701495095
2227.0,-0.00019455596385631847,0.0005477463771093887
2228.0,-0.00019456177430970402,0.0005477466559670122
2229.0,-0.00019456605171405287,0.0005477472768992359
2230.0,-0.00019457069159009032,0.0005477479280063516
2231.0,-0.00019457661386576032,0.0005477483056896368
2232.0,-0.0001945832876955556,0.0005477486380990227
2233.0,-0.00019458916992209907,0.0005477489952957529
2234.0,-0.00019459573546654388,0.0005477493421104703
2235.0,-0.00019460241661651163,0.0005477494880598334
2236.0,-0.00019460907438724763,0.0005477495979380611
2237.0,-0.0001946154077846891,0.000547749559138468
2238.0,-0.00019462162613818212,0.0005477494505088565
2239.0,-0.00019462708502624636,0.0005477491477425447
2240.0,-0.000194632626820436,0.0005477488608382835
2241.0,-0.00019463726004624948,0.0005477485729859988
2242.0,-0.00019464230539875722,0.0005477481962969821
2243.0,-0.0001946469940825125,0.0005477478278164609
2244.0,-0.0001946515909537683,0.0005477476012851064
2245.0,-0.00019465511145425607,0.0005477474732556983
2246.0,-0.0001946582126655121,0.0005477474037493951
2247.0,-0.0001946611098183404,0.0005477472259371958
2248.0,-0.00019466310748650586,0.0005477472014735669
2249.0,-0.0001946649697758158,0.0005477471327071844
2250.0,-0.0001946671688029107,0.00054774681185906
2251.0,-0.00019466970101115227,0.0005477462084537085
2252.0,-0.000194671014001815,0.0005477459096875931
2253.0,-0.0001946703909300167,0.0005477459537822438
2254.0,-0.00019466924660873798,0.0005477459390069518
2255.0,-0.00019466883791060367,0.0005477456473163284
2256.0,-0.0001946680028001088,0.0005477454145881378
2257.0,-0.0001946664276132826,0.0005477451569107452
2258.0,-0.00019466410530581368,0.0005477450431710562
2259.0,-0.00019466139026074798,0.000547744939420297
2260.0,-0.00019465945382390388,0.0005477446456948916
2261.0,-0.000194657594756258,0.0005477443190198914
2262.0,-0.00019465498880442186,0.000547744217696997
2263.0,-0.00019465278230937173,0.000547743943671981
2264.0,-0.00019465104329058363,0.0005477437511076121
2265.0,-0.00019464711996386298,0.0005477439653146621
2266.0,-0.00019464380505874361,0.0005477441892562942
2267.0,-0.00019464273452046826,0.0005477438379326848
2268.0,-0.00019464165071130156,0.0005477435155815964
2269.0,-0.00019463879362730414,0.0005477435424037226
2270.0,-0.00019463532507738078,0.0005477437813518718
2271.0,-0.00019463233186576187,0.0005477439146763376
2272.0,-0.00019462945786556516,0.0005477441206980145
2273.0,-0.00019462683955909075,0.0005477443115513165
2274.0,-0.00019462403582466782,0.0005477446672219602
2275.0,-0.0001946224709924866,0.0005477447901412907
2276.0,-0.000194622872774388,0.0005477446805867783
2277.0,-0.00019462290368068812,0.0005477448003845683
2278.0,-0.00019462301283303075,0.0005477451474998785
2279.0,-0.00019462422156788615,0.0005477452261164555
2280.0,-0.00019462589264601583,0.0005477452901889658
2281.0,-0.0001946268648200896,0.0005477454547288371
2282.0,-0.00019462772649207156,0.0005477456434548672
2283.0,-0.00019462826314051493,0.0005477458191166718
2284.0,-0.00019462850494265824,0.0005477460208606821
2285.0,-0.00019463046996068712,0.0005477459076528112
2286.0,-0.00019463293464206194,0.000547745887166256
2287.0,-0.0001946356344063908,0.0005477458660091478
2288.0,-0.0001946388069080477,0.0005477460134614749
2289.0,-0.00019464102845723443,0.0005477464596105497
2290.0,-0.00019464379023120717,0.0005477468466122115
2291.0,-0.0001946475405141742,0.0005477469098523111
2292.0,-0.00019465081987261502,0.0005477470977459302
2293.0,-0.00019465282970822727,0.000547747343838939
2294.0,-0.00019465628290844854,0.0005477471991150696
2295.0,-0.00019465956490727454,0.00054774685008059
2296.0,-0.00019466167244699208,0.0005477467031600809
2297.0,-0.00019466303142764808,0.000547746658834205
2298.0,-0.00019466432247749788,0.0005477466442670157
2299.0,-0.00019466630091420086,0.00054774633495703
2300.0,-0.0001946680499822163,0.0005477461129808124
2301.0,-0.00019466817534140104,0.0005477461251895044
2302.0,-0.00019466778345109204,0.0005477462557161449
2303.0,-0.00019466864119205271,0.0005477459914719558
2304.0,-0.00019467020270404805,0.0005477455199805961
2305.0,-0.0001946710817454298,0.0005477451891897869
2306.0,-0.00019467085490875344,0.0005477450991044385
2307.0,-0.0001946703341518823,0.0005477448918803904
2308.0,-0.00019467034304840411,0.000547744691500609
2309.0,-0.000194669989295898,0.0005477445533666586
2310.0,-0.00019467008960097974,0.0005477444175912055
2311.0,-0.00019467155749752606,0.0005477437613971347
2312.0,-0.000194673445914827,0.0005477432135320827
2313.0,-0.00019467321813234105,0.0005477431497139201
2314.0,-0.000194672891690088,0.0005477431349386281
2315.0,-0.0001946731703788069,0.0005477428755501689
2316.0,-0.00019467344084095244,0.0005477426624992451
2317.0,-0.0001946729750789704,0.0005477425498694371
2318.0,-0.00019467305292107342,0.0005477424246609769
2319.0,-0.00019467224567255395,0.0005477425097287378
2320.0,-0.0001946705367324825,0.0005477427935577035
2321.0,-0.00019467069554968293,0.0005477426532039909
2322.0,-0.00019467059785542985,0.0005477424862131323
2323.0,-0.00019467020901929775,0.0005477421880250799
2324.0,-0.00019466952323835048,0.000547742070747645
2325.0,-0.00019466680687309218,0.0005477423403331368
2326.0,-0.0001946644364081496,0.0005477425987042051
2327.0,-0.0001946633422147813,0.0005477425852931419
2328.0,-0.0001946630478807948,0.0005477425230935559
2329.0,-0.00019466203071179827,0.0005477426257113115
2330.0,-0.00019466155290059567,0.0005477427736954566
2331.0,-0.00019466107670515115,0.0005477428201717271
2332.0,-0.00019466069655864506,0.0005477428615379201
2333.0,-0.00019465992602921402,0.0005477430442520942
2334.0,-0.00019465949548878856,0.0005477431402105634
2335.0,-0.0001946606918788578,0.0005477427213460653
2336.0,-0.00019466196378591476,0.0005477423618602054
2337.0,-0.00019466076278502352,0.0005477425285273488
2338.0,-0.0001946592723762376,0.0005477428226920821
2339.0,-0.00019465889734301484,0.0005477428224146118
2340.0,-0.00019465853664471925,0.0005477428927302033
2341.0,-0.00019465701027546298,0.0005477431507775562
2342.0,-0.00019465615020938698,0.0005477433473652438
2343.0,-0.00019465651795199388,0.0005477432002597547
2344.0,-0.00019465634080973186,0.00054774321075738
2345.0,-0.00019465609208150342,0.0005477432142257584
2346.0,-0.00019465556803400293,0.0005477432986692112
2347.0,-0.00019465570527492119,0.0005477430099382706
2348.0,-0.00019465730971288066,0.0005477425588178535
2349.0,-0.0001946577856521684,0.0005477423300667367
2350.0,-0.000194657649475286,0.0005477422400045109
2351.0,-0.00019465832903950536,0.0005477419054216079
2352.0,-0.00019465879695911562,0.0005477416025859286
2353.0,-0.00019465828158153674,0.0005477413732798713
2354.0,-0.00019465725956526586,0.0005477413443998405
2355.0,-0.0001946566442865448,0.0005477412022425711
2356.0,-0.0001946570757136668,0.000547740879244052
2357.0,-0.00019465796347423108,0.0005477405284060156
2358.0,-0.00019465772646024902,0.0005477404976993055
2359.0,-0.00019465763399750547,0.000547740259444832
2360.0,-0.00019465742492431626,0.0005477400856790742
2361.0,-0.00019465567137355727,0.0005477401983782496
2362.0,-0.00019465380055225628,0.0005477402568088643
2363.0,-0.00019465228734551738,0.0005477401302130528
2364.0,-0.00019465112756616253,0.0005477400295144666
2365.0,-0.00019465005458454567,0.0005477397577092126
2366.0,-0.000194649146577744,0.0005477395894697377
2367.0,-0.00019464755073088868,0.0005477394980664056
2368.0,-0.00019464595068700312,0.0005477394584344018
2369.0,-0.00019464418270279506,0.0005477394186174177
2370.0,-0.00019464214505446833,0.0005477394676140432
2371.0,-0.00019464099456572266,0.0005477392448747824
2372.0,-0.00019464048019306654,0.0005477389956602332
2373.0,-0.00019463751502076234,0.0005477392937326728
2374.0,-0.00019463394736772362,0.0005477397164355097
2375.0,-0.000194633140917231,0.0005477394954304381
2376.0,-0.0001946329542479074,0.0005477391783744073
2377.0,-0.00019463122302219654,0.0005477391310888483
2378.0,-0.00019462906970923378,0.000547739314704801
2379.0,-0.00019462719639533034,0.0005477394147559565
2380.0,-0.00019462519931829586,0.0005477395715266601
2381.0,-0.00019462379670231845,0.0005477396044068874
2382.0,-0.00019462214649111376,0.0005477397054060663
2383.0,-0.00019462173789150128,0.0005477395930768513
2384.0,-0.0001946215905323904,0.0005477396371946245
2385.0,-0.00019462085502747225,0.000547739947822594
2386.0,-0.00019461996280386882,0.0005477403937866886
2387.0,-0.00019462087859389556,0.0005477404255339123
2388.0,-0.0001946226488638102,0.0005477403545708902
2389.0,-0.0001946231569015123,0.0005477405435281455
2390.0,-0.0001946236031364663,0.0005477408830361457
2391.0,-0.0001946247815364482,0.000547741005284923
2392.0,-0.00019462665487990824,0.0005477409431315822
2393.0,-0.00019462833875602445,0.0005477409666240652
2394.0,-0.00019462984598248788,0.0005477410850345038
2395.0,-0.0001946315228635537,0.0005477410009841339
2396.0,-0.00019463390727918835,0.000547740936934746
2397.0,-0.0001946356726624199,0.0005477409006323855
2398.0,-0.00019463759564118113,0.0005477409226681496
2399.0,-0.0001946395113194743,0.0005477408121887363
2400.0,-0.00019464129999326797,0.0005477407868926965
2401.0,-0.00019464194407977406,0.0005477407953324172
2402.0,-0.00019464316051903704,0.0005477408247905112
2403.0,-0.00019464362984750956,0.0005477407931126551
2404.0,-0.00019464414653542887,0.0005477407286008168
2405.0,-0.00019464527306366387,0.0005477402998861241
2406.0,-0.00019464654897070739,0.0005477398519797375
2407.0,-0.00019464713607218322,0.0005477394125593168
2408.0,-0.00019464765740048103,0.0005477391308113781
2409.0,-0.00019464663542361892,0.0005477391177702753
2410.0,-0.00019464566286530997,0.0005477390973068428
2411.0,-0.0001946454265212764,0.0005477388171081131
2412.0,-0.0001946447196665083,0.0005477387094496476
2413.0,-0.00019464326465661822,0.0005477385845880252
2414.0,-0.0001946426065701592,0.0005477382726651944
2415.0,-0.00019464117623998916,0.0005477379056645147
2416.0,-0.00019463854263307353,0.0005477377372631821
2417.0,-0.00019463484660608182,0.0005477376121703345
2418.0,-0.00019463129610569486,0.0005477375905276532
2419.0,-0.00019462760884714661,0.0005477374527405407
2420.0,-0.0001946244300105356,0.0005477374171318558
2421.0,-0.00019462121907551027,0.0005477374482778938
2422.0,-0.00019461823819882536,0.0005477375689312171
2423.0,-0.00019461530111509673,0.0005477376354084697
2424.0,-0.00019461274199068944,0.000547737753980766
2425.0,-0.00019460957678950062,0.0005477379852522377
2426.0,-0.00019460616242658732,0.0005477383898270168
2427.0,-0.00019460329122441072,0.0005477386213759587
2428.0,-0.00019460103772459247,0.0005477386008431586
2429.0,-0.0001945994468432377,0.0005477385397765763
2430.0,-0.0001945966239364654,0.0005477387985638499
2431.0,-0.00019459465973616777,0.0005477389357960219
2432.0,-0.0001945932164208197,0.0005477391662582053
2433.0,-0.0001945909807436016,0.0005477396604096372
2434.0,-0.00019458909805041935,0.0005477401483873556
2435.0,-0.0001945878140941418,0.0005477405480601599
2436.0,-0.00019458726056890784,0.0005477408280739094
2437.0,-0.00019458670638357756,0.0005477409616989679
2438.0,-0.00019458646035484746,0.0005477410777277866
2439.0,-0.000194585635135945,0.0005477412870097392
2440.0,-0.00019458455979965623,0.0005477416235580567
2441.0,-0.00019458392289539204,0.0005477419040805016
2442.0,-0.00019458337093665524,0.0005477422657630012
2443.0,-0.0001945836840686082,0.0005477423475704863
2444.0,-0.00019458431925859244,0.0005477425217524496
2445.0,-0.00019458435212547708,0.0005477428622547184
2446.0,-0.0001945843250024155,0.0005477432783445137
2447.0,-0.00019458573253463256,0.0005477432235903801
2448.0,-0.0001945861230456359,0.000547743512205708
2449.0,-0.00019458480718798768,0.0005477439698235541
2450.0,-0.0001945852911272485,0.0005477440614581114
2451.0,-0.00019458631354745892,0.0005477438674370237
2452.0,-0.0001945869045503995,0.0005477439285036061
2453.0,-0.00019458758560229859,0.0005477440285085166
2454.0,-0.00019458797192612386,0.0005477442904404533
2455.0,-0.00019458910082873515,0.0005477442671329505
2456.0,-0.00019459077281326568,0.0005477442589475774
2457.0,-0.00019459125158013016,0.0005477444691775535
2458.0,-0.0001945915518549834,0.0005477446718695873
2459.0,-0.00019459287871752075,0.0005477446090456932
2460.0,-0.0001945939335809719,0.0005477445538291091
2461.0,-0.00019459405684164153,0.0005477445998429292
2462.0,-0.00019459399892065386,0.0005477447191551461
2463.0,-0.0001945946083274735,0.0005477445186828746
2464.0,-0.00019459338915915562,0.0005477446224336338
2465.0,-0.00019459199111459142,0.0005477447493762832
2466.0,-0.00019459075614337097,0.000547744731317593
2467.0,-0.00019458997108196907,0.0005477444008967442
2468.0,-0.00019458818324561095,0.0005477444753050221
2469.0,-0.00019458459240053193,0.0005477448970598356
2470.0,-0.00019458036623739027,0.0005477454078826063
2471.0,-0.0001945776502563671,0.0005477456736528817
2472.0,-0.00019457530635291163,0.0005477459635168259
2473.0,-0.00019457234926925022,0.0005477464834267481
2474.0,-0.0001945705420536469,0.0005477469415532897
2475.0,-0.00019457032327605678,0.0005477469899718521
2476.0,-0.00019457038441870848,0.0005477470471076056
2477.0,-0.00019456980725808594,0.0005477472313709887
2478.0,-0.0001945695971208609,0.0005477474628274407
2479.0,-0.00019457012498115645,0.0005477474115416853
2480.0,-0.00019457122916463894,0.0005477474466647973
2481.0,-0.00019457111409113394,0.0005477477040184745
2482.0,-0.00019457202808806327,0.0005477478548929349
2483.0,-0.00019457317927631395,0.0005477480631574966
2484.0,-0.00019457434599160606,0.0005477484247706285
2485.0,-0.0001945764253934871,0.0005477485083354254
2486.0,-0.00019457943318633775,0.0005477484854903731
2487.0,-0.0001945820348130653,0.0005477485239431283
2488.0,-0.0001945846797204356,0.0005477486827254914
2489.0,-0.00019458694205766263,0.000547748868954289
2490.0,-0.00019458934251265222,0.0005477490919478975
2491.0,-0.00019459226110383216,0.0005477489488657273
2492.0,-0.0001945958736335674,0.0005477488714052764
2493.0,-0.0001945980555375671,0.0005477490272048341
2494.0,-0.00019460037182535177,0.0005477491539625033
2495.0,-0.00019460336619952834,0.0005477490004289528
2496.0,-0.0001946058777772973,0.0005477489346916209
2497.0,-0.0001946079068246677,0.0005477487561163783
2498.0,-0.0001946099626207167,0.000547748512520602
2499.0,-0.00019461115847876808,0.000547748312025208
2500.0,-0.0001946121959137063,0.0005477480944191472
2501.0,-0.00019461396590775984,0.0005477477261467287
2502.0,-0.00019461499114569475,0.0005477475908337261
2503.0,-0.00019461641143648964,0.0005477473416422993
2504.0,-0.0001946185542174681,0.0005477470909479085
2505.0,-0.00019462021048776573,0.0005477469501317455
2506.0,-0.00019462132479929303,0.0005477469933708629
2507.0,-0.0001946231551478236,0.0005477468148187429
2508.0,-0.0001946247541375255,0.0005477467094494071
2509.0,-0.0001946257831882555,0.0005477465554996512
2510.0,-0.00019462769762517348,0.0005477462168009392
2511.0,-0.0001946288453553077,0.0005477458823567713
2512.0,-0.0001946294225454868,0.0005477456962667089
2513.0,-0.00019462992970634453,0.0005477454594920767
2514.0,-0.00019462976413054612,0.0005477453546545591
2515.0,-0.00019463030069031984,0.0005477449853647496
2516.0,-0.00019463180701038236,0.0005477445125785286
2517.0,-0.00019463146117903188,0.0005477444962077825
2518.0,-0.0001946307589055292,0.0005477446140632805
2519.0,-0.00019463099470769262,0.0005477445609046009
2520.0,-0.00019463165361188292,0.000547744471142968
2521.0,-0.00019463258627870029,0.0005477442259748602
2522.0,-0.00019463317582351766,0.0005477441744116346
2523.0,-0.00019463343258127575,0.0005477441882851482
2524.0,-0.00019463389353539215,0.0005477442537681324
2525.0,-0.000194634453868485,0.0005477443351594122
2526.0,-0.00019463583845496634,0.0005477443297718644
2527.0,-0.00019463740094232784,0.0005477442332584547
2528.0,-0.00019463917870975427,0.0005477443021635723
2529.0,-0.00019464163450445945,0.0005477442770756353
2530.0,-0.00019464517945806702,0.0005477441649314003
2531.0,-0.00019464900309054133,0.000547743877449076
2532.0,-0.00019465284846678497,0.0005477436772080297
2533.0,-0.0001946558722989906,0.0005477434732905023
2534.0,-0.00019465911231766203,0.0005477432283304973
2535.0,-0.0001946619928597087,0.0005477427996620495
2536.0,-0.00019466479912614283,0.0005477424053999155
2537.0,-0.0001946675462893272,0.0005477419638984678
2538.0,-0.00019467073121458772,0.0005477414936788469
2539.0,-0.00019467336372791101,0.0005477409879199085
2540.0,-0.00019467652952023085,0.0005477404377657268
2541.0,-0.00019467663936222637,0.0005477404735825144
2542.0,-0.00019467660298796435,0.0005477405927328736
2543.0,-0.00019467864701065387,0.0005477400543943009
2544.0,-0.0001946808179294688,0.0005477394145709763
2545.0,-0.0001946815988431014,0.0005477390917574374
2546.0,-0.00019468138975020782,0.0005477389233792272
2547.0,-0.00019468096421469165,0.0005477386873907609
2548.0,-0.00019468041788155174,0.0005477385392447582
2549.0,-0.0001946801271140557,0.0005477383478365156
2550.0,-0.00019467992052361676,0.0005477381872274732
2551.0,-0.00019468058615684845,0.0005477377543276038
2552.0,-0.00019468110745558972,0.0005477374303579387
2553.0,-0.00019468035153694704,0.0005477373690370086
2554.0,-0.00019467898176814993,0.0005477374652498254
2555.0,-0.0001946788130593571,0.0005477371862303445
2556.0,-0.0001946795396776056,0.0005477367020909648
2557.0,-0.00019467992664182277,0.0005477362704628343
2558.0,-0.00019467898456617004,0.0005477362306689728
2559.0,-0.00019467789950577602,0.0005477361048824495
2560.0,-0.00019467617509777625,0.0005477360777366078
2561.0,-0.00019467449812804076,0.0005477359116475275
2562.0,-0.00019467273251820897,0.0005477358799696715
2563.0,-0.00019467142220734015,0.0005477356926541153
2564.0,-0.0001946706319735418,0.0005477355029569394
2565.0,-0.00019466900691496197,0.0005477354778458798
2566.0,-0.00019466721700964532,0.0005477356073551292
2567.0,-0.00019466661587865994,0.0005477354993960709
2568.0,-0.00019466633160375292,0.0005477353048200426
2569.0,-0.00019466580357597026,0.0005477351518645553
2570.0,-0.0001946645091862302,0.0005477352442852784
2571.0,-0.00019466317154540397,0.0005477351986876636
2572.0,-0.00019466292186151373,0.0005477349342353719
2573.0,-0.00019466231562709723,0.0005477347172998643
2574.0,-0.00019466077491306163,0.0005477347955233585
2575.0,-0.00019465981658130585,0.0005477346798413776
2576.0,-0.0001946591618248849,0.0005477346331801267
2577.0,-0.0001946567409364664,0.000547735036344432
2578.0,-0.00019465471389894148,0.0005477354721346167
2579.0,-0.00019465527730591563,0.0005477353334919707
2580.0,-0.00019465633135163553,0.0005477351857621735
2581.0,-0.00019465565962975431,0.0005477353915295027
2582.0,-0.00019465467266755292,0.0005477357245863192
2583.0,-0.0001946543333780524,0.0005477358691020858
2584.0,-0.00019465359189285874,0.0005477359627714251
2585.0,-0.00019465311190432352,0.0005477359590255764
2586.0,-0.0001946516693475936,0.000547736154942711
2587.0,-0.00019465119792060596,0.0005477360106812921
2588.0,-0.00019465181344563166,0.0005477356377843691
2589.0,-0.0001946514565995399,0.0005477354800887645
2590.0,-0.00019465029888914362,0.0005477355532715487
2591.0,-0.000194650338662409,0.0005477354079002487
2592.0,-0.00019465050495741682,0.0005477352770267704
2593.0,-0.00019465020228848296,0.0005477352325852818
2594.0,-0.00019465018160874946,0.0005477352797321056
2595.0,-0.00019465021957906526,0.0005477353120342698
2596.0,-0.00019465007644654117,0.0005477353267401942
2597.0,-0.00019465091713337197,0.0005477350218003653
2598.0,-0.00019465131157539656,0.0005477347610476772
2599.0,-0.0001946506006024157,0.000547734465611205
2600.0,-0.00019464947167024786,0.000547734376820718
2601.0,-0.00019464692175763233,0.000547734533429564
2602.0,-0.00019464432612103242,0.0005477346754943433
2603.0,-0.00019464316723822632,0.0005477345430022883
2604.0,-0.0001946415779529253,0.0005477346108668925
2605.0,-0.000194639760225042,0.0005477347306646823
2606.0,-0.00019463935200966467,0.0005477346359317071
2607.0,-0.00019463926261095024,0.0005477343756183468
2608.0,-0.00019463815511713402,0.0005477344095853326
2609.0,-0.00019463651472855642,0.000547734496618508
2610.0,-0.00019463474283303145,0.0005477346841190442
2611.0,-0.00019463333305451652,0.0005477346092945609
2612.0,-0.00019463222017155588,0.0005477346138034528
2613.0,-0.00019462915733455514,0.0005477349839719182
2614.0,-0.00019462683042611648,0.0005477352121218493
2615.0,-0.0001946253899974582,0.0005477352272208565
2616.0,-0.00019462451611862073,0.0005477352181799503
2617.0,-0.00019462195725037022,0.000547735590267585
2618.0,-0.00019461924098363372,0.000547736088095498
2619.0,-0.00019461822503630797,0.000547736063678114
2620.0,-0.00019461699957244478,0.000547736030982867
2621.0,-0.00019461504728343718,0.0005477360756093357
2622.0,-0.00019461159820142868,0.00054773631707784
2623.0,-0.00019460902351057122,0.0005477362312007908
2624.0,-0.00019460616094875975,0.0005477362321719367
2625.0,-0.0001946021694744848,0.0005477364346558677
2626.0,-0.0001945980928871953,0.0005477366281682599
2627.0,-0.00019459528668972647,0.0005477364891325311
2628.0,-0.00019459224881815913,0.0005477365194924034
2629.0,-0.00019458845597375874,0.0005477366058550255
2630.0,-0.00019458611321315658,0.0005477365256429944
2631.0,-0.00019458429693354427,0.0005477363045454327
2632.0,-0.0001945816398291706,0.0005477364281584389
2633.0,-0.0001945787478585909,0.0005477366556609393
2634.0,-0.0001945759221439463,0.0005477369929029325
2635.0,-0.00019457448968570457,0.0005477370394948156
2636.0,-0.00019457320904961293,0.0005477371858372616
2637.0,-0.00019457044457614185,0.0005477376962669494
2638.0,-0.00019456837684909845,0.0005477381332363827
2639.0,-0.00019456856019823616,0.0005477380433128921
2640.0,-0.00019456836016935154,0.0005477381086571411
2641.0,-0.00019456743228084326,0.0005477384312394549
2642.0,-0.0001945672366558847,0.0005477388255247113
2643.0,-0.0001945677442600907,0.0005477390295347288
2644.0,-0.00019456849037581068,0.0005477392064220273
2645.0,-0.0001945687444439226,0.0005477395520343735
2646.0,-0.00019456859285822497,0.0005477400923383606
2647.0,-0.0001945706294720724,0.0005477399970504448
2648.0,-0.00019457383397362182,0.0005477399256018497
2649.0,-0.00019457502641296543,0.0005477403372289982
2650.0,-0.00019457649406320714,0.0005477408800764628
2651.0,-0.00019457932822117315,0.0005477411075327183
2652.0,-0.0001945826692345792,0.0005477413665743397
2653.0,-0.00019458536071322163,0.0005477416567157542
2654.0,-0.00019458841280148997,0.0005477419920385778
2655.0,-0.0001945912760825109,0.000547742225899772
2656.0,-0.00019459498296660893,0.0005477423402406467
2657.0,-0.0001945992427552534,0.0005477422889548914
2658.0,-0.00019460337119458544,0.0005477424541653159
2659.0,-0.00019460758225432956,0.0005477424204064328
2660.0,-0.00019461260735074772,0.0005477424459568203
2661.0,-0.00019461711175925998,0.0005477424925487035
2662.0,-0.00019462133760713178,0.0005477426889514109
2663.0,-0.00019462645060473244,0.0005477426754941029
2664.0,-0.00019463189359137224,0.0005477425690148859
2665.0,-0.00019463721976067054,0.0005477424580498996
2666.0,-0.00019464124278163755,0.0005477425855474897
2667.0,-0.0001946444376773079,0.0005477427390579177
2668.0,-0.00019464851503306772,0.0005477425861486752
2669.0,-0.000194652860486449,0.0005477422175294189
2670.0,-0.00019465536315784395,0.0005477421596999897
2671.0,-0.00019465774035182796,0.0005477419068783269
2672.0,-0.00019465988431506846,0.0005477417792651242
2673.0,-0.00019466051917993064,0.0005477418548295284
2674.0,-0.0001946613087339283,0.0005477419660026173
2675.0,-0.00019466266788207144,0.0005477417522117727
2676.0,-0.00019466383913922022,0.0005477416661266209
2677.0,-0.00019466522879957613,0.0005477413605393613
2678.0,-0.00019466472465348662,0.0005477414470869636
2679.0,-0.0001946637138194442,0.0005477414656543493
2680.0,-0.00019466402592677003,0.0005477410913007074
2681.0,-0.0001946648642687811,0.0005477404651659161
2682.0,-0.0001946640418478988,0.0005477402102632262
2683.0,-0.00019466324785056633,0.0005477397644378667
2684.0,-0.00019466200922418575,0.0005477394192186033
2685.0,-0.00019465927765700806,0.0005477393619672372
2686.0,-0.0001946563939327061,0.0005477393504059759
2687.0,-0.00019465485311029643,0.0005477390296503414
2688.0,-0.0001946537351534612,0.000547738710443916
2689.0,-0.00019465185901198104,0.0005477384785481362
2690.0,-0.00019464994575732507,0.0005477384160479575
2691.0,-0.00019464824409801736,0.0005477382132403112
2692.0,-0.00019464585502229986,0.0005477381236174133
2693.0,-0.0001946435611974939,0.0005477379827550053
2694.0,-0.0001946409436397854,0.0005477378476732278
2695.0,-0.00019463838006219113,0.0005477376186446408
2696.0,-0.00019463486926610423,0.0005477375908976136
2697.0,-0.00019463111923929396,0.0005477374721172146
2698.0,-0.00019462763798990584,0.0005477373652217924
2699.0,-0.00019462422269103509,0.0005477370871965798
2700.0,-0.0001946208172936089,0.0005477370099211091
2701.0,-0.00019461621546670467,0.0005477370420382932
2702.0,-0.00019461228280011393,0.0005477370997521096
2703.0,-0.0001946083969412477,0.0005477369837926585
2704.0,-0.00019460459375205446,0.0005477369202519663
2705.0,-0.00019460101987243568,0.0005477368751399245
2706.0,-0.00019459742516530066,0.0005477370257137921
2707.0,-0.00019459531102462008,0.0005477367708342247
2708.0,-0.00019459265446211652,0.0005477368845276687
2709.0,-0.00019458822859521227,0.0005477374016628881
2710.0,-0.00019458514026076028,0.0005477376911337494
2711.0,-0.00019458363634463057,0.0005477375992217218
2712.0,-0.0001945813623030094,0.0005477377874159337
2713.0,-0.00019457827889464923,0.0005477381229931052
2714.0,-0.00019457563192817255,0.0005477385304813222
2715.0,-0.00019457361314677751,0.0005477387488041812
2716.0,-0.00019457188346785946,0.0005477389860412637
2717.0,-0.00019456983835157757,0.0005477392406896058
2718.0,-0.00019456899629529322,0.0005477393129937342
2719.0,-0.000194567035819121,0.0005477394694869676
2720.0,-0.00019456540177534968,0.0005477398537832944
2721.0,-0.00019456400448940363,0.0005477401656830025
2722.0,-0.00019456357836275642,0.0005477403963764112
2723.0,-0.00019456361499317526,0.0005477405148793398
2724.0,-0.00019456374526859966,0.0005477407313292745
2725.0,-0.00019456335098420999,0.000547741073010792
2726.0,-0.00019456331430453027,0.0005477415164545316
2727.0,-0.00019456416987801055,0.0005477417220368807
2728.0,-0.0001945655150459051,0.0005477418740905898
2729.0,-0.0001945674916205454,0.0005477418756860438
2730.0,-0.000194569554155488,0.000547741939134246
2731.0,-0.00019457218238311141,0.000547741668878201
2732.0,-0.00019457471939921857,0.0005477414654693692
2733.0,-0.00019457569794765516,0.0005477415515313986
2734.0,-0.00019457644427027095,0.0005477417569287674
2735.0,-0.0001945784913569896,0.0005477415738446329
2736.0,-0.00019458173948400822,0.0005477411815941585
2737.0,-0.0001945827936775109,0.0005477411162730319
2738.0,-0.00019458396811691497,0.0005477412152374288
2739.0,-0.00019458493228116346,0.0005477412368569875
2740.0,-0.00019458631017801208,0.0005477412993109213
2741.0,-0.0001945883327032369,0.000547741072964547
2742.0,-0.00019459030199711348,0.0005477409789483698
2743.0,-0.00019459204250358135,0.0005477407193055627
2744.0,-0.00019459359644909962,0.0005477406128494683
2745.0,-0.00019459393058590807,0.0005477407187043772
