/*--------------------------------*- C++ -*----------------------------------*\
| =========                 |                                                 |
| \\      /  F ield         | OpenFOAM: The Open Source CFD Toolbox           |
|  \\    /   O peration     | Version:  2506                                  |
|   \\  /    A nd           | Website:  www.openfoam.com                      |
|    \\/     M anipulation  |                                                 |
\*---------------------------------------------------------------------------*/
FoamFile
{
    version     2.0;
    format      ascii;
    arch        "LSB;label=32;scalar=64";
    class       volScalarField;
    location    "500";
    object      nut;
}
// * * * * * * * * * * * * * * * * * * * * * * * * * * * * * * * * * * * * * //

dimensions      [0 2 -1 0 0 0 0];

internalField   nonuniform List<scalar> 
21000
(
4.27074379149596e-05
4.64219923524498e-05
3.47270368308573e-05
2.41260991826815e-05
1.87572209684163e-05
1.63082013355184e-05
1.50920586573306e-05
1.43603297432306e-05
1.38055445096007e-05
1.33124419223492e-05
1.28520128370626e-05
1.24259047998788e-05
1.20389420150218e-05
1.16904024676612e-05
1.13759821026836e-05
1.10910779422226e-05
1.08320644430856e-05
1.05973582138549e-05
1.03785404718137e-05
1.01662140186542e-05
9.96378074183972e-06
9.77619823205281e-06
9.60622825942122e-06
9.45458997010251e-06
9.32101588284668e-06
9.20480230140439e-06
9.10514525905167e-06
9.02142606954998e-06
8.95336921357448e-06
8.90110291188039e-06
8.86520803338512e-06
8.84661245730071e-06
8.84555989583266e-06
8.86287801846336e-06
8.9018138050652e-06
8.96714867453946e-06
9.06525227044787e-06
9.20364541221447e-06
9.39447017542551e-06
9.6510432206731e-06
1.00049388266627e-05
1.04791987647732e-05
1.1190211472325e-05
1.2135042198107e-05
1.42138166265758e-05
1.52753502567123e-05
1.2498077364239e-05
7.08088253224348e-06
2.39384985323702e-06
3.89325401190014e-07
4.50977513338477e-07
8.27033556559121e-07
1.00103909050547e-06
8.90186619923921e-07
6.69944610882096e-07
4.55746901969834e-07
2.78578554300379e-07
1.62812634967479e-07
1.15695895077884e-07
1.30613749883292e-07
2.05555782661551e-07
3.83851563748903e-07
7.09059507704301e-07
8.52707326209959e-07
1.43224203043592e-06
3.27219921111064e-06
5.03041989755958e-06
6.18839588316065e-06
6.9981931183543e-06
7.25251911368307e-06
7.2031679744809e-06
6.84905250278041e-06
6.3047532102103e-06
5.62053746375036e-06
4.8843421547775e-06
4.14605176369385e-06
3.46032145164471e-06
3.08044123686158e-06
3.47079750185017e-06
3.8668202048388e-06
4.25658808232944e-06
4.63606721483794e-06
4.9979235528822e-06
5.33711732434925e-06
5.65100367641049e-06
5.93722292595778e-06
6.19577975657494e-06
6.42848875404334e-06
6.63736555251245e-06
6.82542139521824e-06
6.99575100577669e-06
7.15108983282327e-06
7.29407185042256e-06
7.42677095594526e-06
7.55072513918517e-06
7.66723309733039e-06
7.7772794861505e-06
7.88120790724159e-06
7.97893030759462e-06
8.07017535354485e-06
8.15459628731338e-06
8.2318493312225e-06
8.30167919508619e-06
8.36398654813537e-06
8.41886352322272e-06
8.46659516296999e-06
8.50763361184949e-06
8.5425557437452e-06
8.57201579472487e-06
8.59670142826832e-06
8.61729782572943e-06
8.63446199211689e-06
8.6488068277425e-06
8.66089323343206e-06
8.67122705523447e-06
8.68026223171482e-06
8.68839165714366e-06
8.69591966517032e-06
8.70334202553538e-06
8.71003802788286e-06
8.71481867007535e-06
8.71779131946622e-06
8.72011998491873e-06
8.72321101341223e-06
8.72820561369225e-06
8.73588088110337e-06
8.74671738630189e-06
8.76105205034637e-06
8.7790280675543e-06
8.80083061951964e-06
8.82606580051447e-06
8.85486382488854e-06
8.88479831291741e-06
8.9165289050617e-06
8.93935732184597e-06
8.95743308860815e-06
8.92671780183388e-06
8.80447966863418e-06
8.69442894809128e-06
7.04259952161352e-06
0.00019591913798058
0.000121173060829732
9.50990346784034e-05
8.69874303260579e-05
8.35629689433113e-05
8.3953997154538e-05
8.64112358099407e-05
8.93611646926733e-05
9.19685190547436e-05
9.39475666761322e-05
9.53315765887003e-05
9.62791602469831e-05
9.69495278872071e-05
9.74139652982096e-05
9.77115089420867e-05
9.78734167476281e-05
9.7928000552151e-05
9.79184545871348e-05
9.76441896636195e-05
9.6998370599484e-05
9.624247493538e-05
9.5465277213572e-05
9.47140358366958e-05
9.40083239930964e-05
9.33553599593191e-05
9.27562331610954e-05
9.22099136973424e-05
9.17157834016208e-05
9.12750007174092e-05
9.08909865153139e-05
9.05699745845497e-05
9.03142023182593e-05
9.00938577932329e-05
8.99026131361698e-05
8.97707964441204e-05
8.97287655993715e-05
8.98027293711742e-05
9.0018246548745e-05
9.0408244004461e-05
9.10160740328614e-05
9.19109617538668e-05
9.32067849925107e-05
9.50469773827432e-05
9.79649505917507e-05
0.000103355604860945
9.91339630123259e-05
8.17423798853378e-05
6.19587854631177e-05
4.24896337457232e-05
2.56524436291764e-05
1.68623183230012e-05
2.08546865528769e-05
2.99247965304317e-05
2.6839555234167e-05
2.04647992146436e-05
1.25555500990635e-05
6.19006178901946e-06
3.28221853293071e-06
2.81003135640388e-06
3.42868855891578e-06
6.16307977873127e-06
1.04744242879158e-05
2.15515873068118e-05
3.15536952296852e-05
3.71907087597663e-05
6.38538610162621e-05
9.98995006922705e-05
0.00012939190456431
0.000158315616853051
0.000179019435205251
0.000196950432013315
0.000210632578369941
0.000220722490601975
0.000226776897080756
0.000229398402063541
0.000228835593411678
0.00022576886947636
0.000220553257532335
0.000213729243182591
0.000205831270559075
0.000197391530907373
0.000188787720855149
0.000180265840146002
0.000172055085493201
0.00016432004308994
0.000157141684791553
0.000150580184059774
0.000144656421286674
0.000139353661671564
0.000134647234880087
0.000130493959731498
0.000126842640144287
0.000123642304378292
0.000120839113999092
0.000118381374714299
0.00011622307603985
0.000114322265534601
0.000112638818952981
0.000111137319310579
0.000109787095431329
0.000108561897854798
0.000107439983141219
0.000106404105627562
0.000105441317111455
0.000104542504453774
0.000103701679321455
0.000102915148274367
0.000102180704576292
0.00010149694349059
0.000100862745930215
0.000100276933879697
9.97380802009088e-05
9.92444366140544e-05
9.87939424437412e-05
9.83842756117116e-05
9.80129416665353e-05
9.7677236069434e-05
9.73743018102318e-05
9.71037735286989e-05
9.68472493212994e-05
9.65799628584708e-05
9.6307075745817e-05
9.6042761721769e-05
9.57988106799116e-05
9.55815213179184e-05
9.53927534803492e-05
9.52318529487806e-05
9.50972315214351e-05
9.49868522482145e-05
9.48988946833334e-05
9.48301548549372e-05
9.47787181030583e-05
9.47345413183909e-05
9.46995874550864e-05
9.46187958043874e-05
9.45896992301181e-05
9.39317883599764e-05
9.34813855337257e-05
9.00867021396751e-05
7.98308974428156e-05
0.000504237358892066
0.000361143266768858
0.000266121782615336
0.000215223146090038
0.000192126767714886
0.00018409768512691
0.000180821279570293
0.000177655064782115
0.000177719130080976
0.000179356239991095
0.00018176698595604
0.000184550532574353
0.0001874018568169
0.000190135162034654
0.000192671729703667
0.000194997158982254
0.000197122778967742
0.000199084501386179
0.000200928508479846
0.000202583457202666
0.000204005204327705
0.000205201837512014
0.000206208990173011
0.000207065861757419
0.000207813666314887
0.000208482617120204
0.000209088009012466
0.000209637435241899
0.000210137396833848
0.000210596290387843
0.000211025387703892
0.000211437390545081
0.000211842378340199
0.000212252818112956
0.000212687743179824
0.000213173728172396
0.000213743133241319
0.000214432731529867
0.000215295840620204
0.000216393644815151
0.00021784902456577
0.000219795062511665
0.000222650210922578
0.000226651679288463
0.000236955216613418
0.000239599121554159
0.000218256289822064
0.000178108544567778
0.000137571764589307
0.00011355721045993
0.00010709931460642
0.000127504539723024
0.000203438959409834
0.000214520129172521
0.000197322045103807
0.000151767145012915
9.169598226912e-05
5.18550616280566e-05
4.31919919663219e-05
5.42680449377991e-05
8.54109309329863e-05
0.000129176647420772
0.000196111209762153
0.000255630152458653
0.000320857430203411
0.000448899556460774
0.000563921457607004
0.000650515560510776
0.00073897571043898
0.000808337135703436
0.000866107209656295
0.000909094221233818
0.000939475935261088
0.000956581683609594
0.000962279825637612
0.000957601211392701
0.000944508182761242
0.000924024360308015
0.000897337906270534
0.000866595991905988
0.000833468947650492
0.000799134638946582
0.000764404214149062
0.000730053240512077
0.000696693946584134
0.000664697588417347
0.000634364556994645
0.000605880359585885
0.000579305410081503
0.000554656292063961
0.000531882476768327
0.000510891715083308
0.000491576469020425
0.000473808893631136
0.000457455917212476
0.000442392940026163
0.000428501553463699
0.000415663071321503
0.000403766835245954
0.000392713393067829
0.000382415724287911
0.000372800194320011
0.000363806504415225
0.000355386692891883
0.000347503313264922
0.000340127055016201
0.000333234234049834
0.000326804527598308
0.000320819181212732
0.000315259754617721
0.000310107368198775
0.000305342369295157
0.000300944303714701
0.000296892085475382
0.00029316426284023
0.000289739315094139
0.000286595879658417
0.000283712468499551
0.000281074691909927
0.000278416200788012
0.000275458790488715
0.000272625376082933
0.000269958238387392
0.000267480922429234
0.00026520124094712
0.000263116214812975
0.000261216087882644
0.000259487763640633
0.000257916081697794
0.000256486303393454
0.000255180169952972
0.000253983797004872
0.00025286437139052
0.000251815728937335
0.00025073045789972
0.000249648927023384
0.00024815063757807
0.000245852874198229
0.000243825395390635
0.00022518301108298
0.000775064546018463
0.00065973627493301
0.00055248029403978
0.000464232845101774
0.0003991155419857
0.000355188940459687
0.000327615102122617
0.000311166367434464
0.000301925926687654
0.000297421131203713
0.000296085729547303
0.000295874471340031
0.000292557609640193
0.000291075859499521
0.000290992716721228
0.000291966432988847
0.00029371419739588
0.00029602008921429
0.000298659796891509
0.000301472080546479
0.000304325616758753
0.000307137904386599
0.000309867545308986
0.000312493674508244
0.000315080402317848
0.000317628651682408
0.000320096415704203
0.000322455194039786
0.00032469472586754
0.000326817597557418
0.000328833791035919
0.000330757920484276
0.000332628458656172
0.000334493856178501
0.000336365328528273
0.000338266333752538
0.000340229753319904
0.000342299386947292
0.000344547889038837
0.00034706154365906
0.000350027497373134
0.00035361570264739
0.000358613035846359
0.000364951400787328
0.000382660529073547
0.000385450719034754
0.000372598983520247
0.00033458189748377
0.000265038240606261
0.000203636475895734
0.0001817908770524
0.000200188246254632
0.000281047078590235
0.000426554386767742
0.000483931965948845
0.000456848906535337
0.000342656751224688
0.000220366129882063
0.000175812040787846
0.00019980024633899
0.000279290947909231
0.000383974134509976
0.000518021052759965
0.000653603760830295
0.0008251770283431
0.00105224451728617
0.00123739082707239
0.00138998488117908
0.00153835731974515
0.00165409187036856
0.00174812612271324
0.00181685523519416
0.0018637918663938
0.00188869790593816
0.00189466944558614
0.00188378848022125
0.0018591815926854
0.00182278147965264
0.00177660512182921
0.00172367316685746
0.00166655251709067
0.00160707785335246
0.00154650658986868
0.00148602982733314
0.00142660665010592
0.00136883522179707
0.00131320435452398
0.00126004768749559
0.00120951465425878
0.00116168784721119
0.001116556342017
0.00107404519914537
0.00103405400040691
0.000996448930439589
0.000961082649286937
0.00092781574885533
0.000896512936647071
0.000867030247395365
0.000839226030709674
0.00081296842089903
0.000788140063085728
0.000764641329233172
0.00074239101586726
0.000721324909609574
0.00070139283060839
0.000682554850879021
0.000664777441802907
0.000648030114665763
0.000632282852872173
0.000617504392021679
0.000603661261328015
0.000590717453591264
0.000578634550374275
0.000567372146581099
0.00055688841743448
0.000547140715900973
0.000538086129167331
0.000529681902829749
0.000521886259910145
0.000514657562658441
0.000507942196271832
0.000501681988258326
0.000495842680600656
0.00049040328512636
0.000485346227204254
0.000480652916316571
0.000476302676535622
0.000472273447335656
0.000468541953628892
0.000465085133761688
0.000461876612788724
0.000458893270181087
0.000456091442521397
0.000453458648070446
0.000450849131395826
0.00044835888549278
0.000445385976990397
0.000440106869575929
0.000437600494564678
0.000409545697844842
0.00102821530931781
0.000917942180222339
0.000818513201411305
0.000731221377100916
0.00065696538807156
0.000595737145679453
0.000546563947708233
0.000507942755851746
0.000478233233495173
0.000455937837445247
0.000439738594476182
0.000428506334988458
0.000421094411506101
0.000416502508562459
0.000414046532802743
0.000413253736687406
0.000413776856737316
0.0004144873051772
0.000412071335714995
0.000410792342511212
0.000410574426257661
0.000411271298632196
0.000412703017160167
0.000414719367767776
0.000417138202667832
0.000419791025393951
0.000422571187468416
0.000425423727663643
0.000428321730184442
0.000431251449287649
0.000434203737033573
0.000437189251221761
0.000440288581890412
0.00044348621051503
0.000446762821620563
0.000450116226720708
0.000453573837693033
0.000457185333105827
0.000461040583609449
0.00046525149217624
0.000470070551968852
0.000475719407472675
0.000483405900938095
0.000492883699226585
0.000519001882887308
0.000519355832433841
0.000504405178539489
0.000479979461616128
0.000421357419441327
0.000320427779701232
0.000257683232411338
0.000264577305473332
0.00032523365142748
0.000476448222771525
0.00069295640215321
0.000760695819252103
0.000664376962229447
0.000488782637342261
0.000392030466445814
0.000413442108010414
0.000534923799937854
0.000689647994036013
0.00089158805880546
0.00110449741091114
0.00136714930044088
0.00169072864154549
0.00195852594828613
0.00217585311227475
0.00237315741636951
0.00252643747053181
0.00264817717540752
0.00273559198686424
0.00279331835234995
0.00282205554311122
0.00282596306072043
0.0028082500625261
0.00277293522098323
0.00272281946528774
0.00266065530628821
0.00258992514146844
0.00251375117924628
0.0024343982431874
0.00235342777924471
0.00227229854312891
0.00219217957847553
0.00211380410500826
0.00203776773185986
0.0019644878484875
0.00189416213183355
0.0018269064137933
0.00176273270856845
0.00170157871282357
0.00164335352987589
0.00158792895634729
0.00153516113179237
0.00148491666503317
0.00143706714150199
0.00139147063519186
0.00134798261279199
0.00130646655829742
0.00126680178277983
0.00122888849586891
0.00119264883776989
0.00115802464791063
0.00112497321396829
0.001093462191911
0.00106346471259513
0.00103495531271354
0.00100790695554019
0.000982289123741998
0.00095806682793619
0.000935200352996601
0.000913645534632366
0.0008933543884898
0.000874275901430702
0.00085635687316373
0.000839542684818987
0.000823778119400425
0.00080900732506431
0.000795171239567367
0.000782207911741641
0.000770057951300554
0.000758671311657443
0.000748006306351018
0.000738025792751738
0.000728694172349765
0.000719975868101986
0.000711835250387685
0.000704236096372865
0.000697142806745507
0.000690515994398196
0.000684320202552697
0.000678495029103995
0.000673018191173377
0.000667703204321479
0.000662681934535045
0.000657062534331138
0.000651904428240113
0.000645570478276097
0.000618148920007313
0.00127908022042082
0.00116944317757228
0.00107003157549404
0.000983327038094501
0.000908987680951791
0.000845445238219933
0.00079079910505978
0.000743500993324477
0.000702526516183435
0.000667255818074119
0.000637290388886012
0.000612309662501444
0.000591917340339866
0.000575600810407998
0.000562829202130471
0.000553112160296789
0.000546012394157771
0.000541155875096602
0.000538136228421195
0.000536555895270529
0.000536149279965063
0.000536703232163999
0.000538044210195586
0.000540055617043481
0.000539521562608769
0.000538356739311884
0.000537905146137906
0.000538162096205236
0.000539069346032143
0.00054054792255095
0.000542518607703127
0.000544917956380433
0.000547633326575446
0.000550594420961644
0.000553810978035921
0.00055729404048119
0.000561089548059869
0.000565263024749426
0.000569928786194348
0.000575232083406059
0.000581523529694381
0.000589115354891822
0.000599834356614767
0.000613794994475042
0.000640470735768431
0.000643081541315809
0.000627792684509338
0.000599752458404092
0.000560562276892882
0.000463147738731088
0.00034512375530792
0.000324129085143969
0.000372135094676354
0.000482859111721301
0.000747872507674941
0.000967603107483511
0.000943851726721588
0.000781858002777526
0.00065288109604428
0.000658818874055097
0.00081187822662411
0.00101074734580546
0.00127738740167549
0.00156319725375274
0.0019110400012561
0.00232558378419986
0.00266572055520731
0.00293513693868822
0.00316822573984499
0.00334784628422106
0.00348704548802452
0.00358477350936665
0.0036467218081961
0.00367481673197431
0.00367411953718171
0.00364887767885105
0.00360375174718877
0.00354221632170619
0.00346755595186238
0.00338345955649468
0.00329329918761455
0.00319953511111627
0.00310388965283021
0.00300795731495427
0.00291299248889854
0.00281978327121114
0.00272897042332375
0.00264100451201258
0.00255609970700188
0.00247438210647926
0.00239587313261315
0.00232051641698129
0.00224822707563347
0.00217888327668402
0.00211234780107924
0.00204849671940403
0.00198721280528793
0.00192836322505622
0.00187180956123649
0.00181742089683472
0.00176508401711567
0.00171470957179491
0.00166623283139315
0.00161961032784153
0.00157481429689597
0.00153182654202562
0.00149063287136436
0.001451218704101
0.00141356600168886
0.00137765139757785
0.00134344529697945
0.00131091173840208
0.00128000879961468
0.001250689367046
0.00122290206651128
0.00119659224682258
0.00117170287475262
0.00114817547771274
0.00112595015200315
0.00110496316438993
0.00108514951531931
0.0010664487207657
0.00104880686542612
0.00103217498165747
0.00101650672789782
0.00100175682469329
0.000987880253325992
0.000974832341007809
0.000962568112501162
0.000951043412470978
0.000940210034512468
0.000930023970367538
0.000920413409161187
0.000911349212241505
0.000902617153894092
0.000894370708906829
0.000885590469698569
0.000877260017215988
0.000868173734289272
0.000844431713486026
0.00152636962722488
0.00142225221923603
0.0013233772735095
0.00123510523231995
0.00115879249165583
0.00109329650551417
0.00103646482920256
0.000986311508642609
0.000941425916465947
0.00090093261505989
0.000864347281529969
0.000831437303788008
0.000802083213745394
0.000776182162718493
0.000753608609296571
0.000734207031017259
0.000717793275018115
0.000704163643386352
0.000693066800745742
0.000684212362412496
0.000677351620273529
0.000672239167972364
0.000668650342967474
0.000666384844982883
0.000665252502810587
0.000665051440024341
0.000665616225402886
0.000666823683333432
0.000668577046098745
0.000670791571317376
0.000673401657051344
0.000675669862907232
0.00067553351801394
0.000675884437019281
0.000676866383077317
0.000678550123478059
0.000680991922732249
0.000684256639447123
0.000688468346127237
0.000693798931105265
0.000700705085162874
0.000709618055493136
0.000723133961863
0.000741708504205642
0.000757804933719818
0.000761776530682973
0.000747035173370368
0.000715834844770858
0.00067440561858136
0.000609344614975856
0.000457408678846323
0.000382196719414536
0.000422150261231897
0.000506794037727137
0.000700654797378573
0.00106369366948406
0.00112894453180196
0.00103634923920661
0.000925760166313257
0.000918254489054499
0.00109483170912741
0.00133521508231483
0.00166007449887392
0.00201406114987003
0.00244257057747493
0.00293311357913065
0.00332754576829372
0.00363395573344862
0.00388924087399996
0.00408339685259174
0.004229709164279
0.00432939745281937
0.00438918367639676
0.00441230646238394
0.00440456785889158
0.00437106025813364
0.00431687473813591
0.00424591576669794
0.00416177988724138
0.00406817947475058
0.00396849816263708
0.00386518757388171
0.00376000003241301
0.00365455010276826
0.00355006795684451
0.00344732687330871
0.00334696254459557
0.00324941571589505
0.00315489055681164
0.00306350757368653
0.00297528875149525
0.00289018010740494
0.00280810189985228
0.00272894022645896
0.00265256676936956
0.00257886844837053
0.00250774035096025
0.0024390612597731
0.00237270275501689
0.00230854438710031
0.00224648556375259
0.00218645194515256
0.00212839531085527
0.0020722888901673
0.00201812070688604
0.00196588681666414
0.0019155855486642
0.00186721319367247
0.00182076113559376
0.00177621418766714
0.00173354985396444
0.00169273830789363
0.00165374289127861
0.00161652096849845
0.00158102494057026
0.00154720329963181
0.00151500162441766
0.0014843634987359
0.00145523071008053
0.0014275415304351
0.00140123298954585
0.00137624625224003
0.00135252833156119
0.00133003026365373
0.00130870476445745
0.00128850482284568
0.00126938312275255
0.00125129228475762
0.00123418436589709
0.00121801200148679
0.00120272352416176
0.00118827128884662
0.0011745785057847
0.00116161284208467
0.00114914833619835
0.00113734074823616
0.00112517486820829
0.00111340167391036
0.0011017360019389
0.00107226439693317
0.00177113650968291
0.00167509121433819
0.00157953289220133
0.00149085035230105
0.00141225398585175
0.00134387564646335
0.00128416214611621
0.0012312887381545
0.00118376834545835
0.00114053169441348
0.00110085765936083
0.00106428795023232
0.00103054153548684
0.000999452706738903
0.000970930272696868
0.00094492641367279
0.000921411469643304
0.000900355427729945
0.000881699530709578
0.000865350954480043
0.000851205839833347
0.000839143196234919
0.000829022255658751
0.000820688736088821
0.000813978687384913
0.000808726345494471
0.000804776267230732
0.000801983900473974
0.00080021707328428
0.000799351625097588
0.00079928474594112
0.000799939153246816
0.000801241068587093
0.000803112627279889
0.000805504654029843
0.000808412936528854
0.000811846081757383
0.000815835640525576
0.000820439768438344
0.000825771726480583
0.000831970416827571
0.000839398002953382
0.000848298456920356
0.000859759878637847
0.000876915210706072
0.000881981905672534
0.000867235502357179
0.000834092723305769
0.000785937729998068
0.000730000910485994
0.000594706875438976
0.000448700271864288
0.00046798400249044
0.000549982229948492
0.000682376672456912
0.000991104531740195
0.0012221151429629
0.00120938564175704
0.00117820067440576
0.00118245172968665
0.00137692742361433
0.00165571770353113
0.00203153932375473
0.00244783471056557
0.00294879130036428
0.00349693752227846
0.00392702580551695
0.00425538969843523
0.0045200113532352
0.00471760063847873
0.00486167490803299
0.00495591826208147
0.00500803768336285
0.00502250792129139
0.00500569376027385
0.00496330796291535
0.00490069060930833
0.00482194203385083
0.00473077788798953
0.00463080188098508
0.00452524411908564
0.00441639270627441
0.004305923792281
0.00419537715312042
0.00408586915698287
0.00397810274717516
0.00387266713527955
0.00376995449831062
0.00367013544929766
0.0035733119656558
0.00347949830896032
0.00338863938348139
0.00330065997032414
0.00321545520644582
0.0031329071595419
0.00305291437753975
0.00297538479586002
0.00290021026380871
0.00282727485468348
0.0027564718308649
0.00268771645060283
0.00262095167968007
0.00255614659567294
0.00249329037045505
0.00243238489233865
0.00237343791982659
0.00231645764229398
0.00226144884033084
0.00220841046331495
0.00215733428962476
0.00210820437111499
0.00206099708952811
0.00201568168206137
0.00197222110591471
0.0019305730689029
0.00189069109255352
0.00185252556205765
0.00181602461161271
0.00178113441404365
0.00174779821806589
0.00171595810372345
0.00168555923135889
0.00165655166360699
0.0016288891928666
0.0016025273192151
0.00157742177911542
0.00155352779679031
0.0015308001640443
0.00150919277602277
0.00148865968897985
0.00146915051371086
0.00145061839174117
0.00143298749775793
0.00141622564328524
0.00140011002591945
0.00138478633279489
0.00136931624319966
0.00135417229543576
0.00134010159381259
0.00130606379312897
0.00201483338289929
0.0019285000446288
0.0018371315166846
0.00174948581146445
0.00166969815234094
0.00159879143814307
0.00153597276053451
0.00147990943932378
0.00142935829381588
0.00138331788292182
0.00134102091433296
0.00130189332841125
0.00126550711935412
0.00123154811568995
0.00119979772463285
0.00117011661619601
0.00114242695552927
0.00111669398200755
0.00109290102211775
0.00107103669293843
0.00105109371769938
0.00103305932521967
0.00101690422716058
0.00100258013234431
0.000990013817109683
0.000979113312156193
0.000969780349778893
0.000961913666280853
0.000955411458859908
0.000950172522032557
0.000946102365654357
0.000943117991296093
0.000941135452179427
0.000940082860262403
0.000939903697514589
0.000940572632992458
0.000942085783405825
0.000944464299004808
0.000947759639583758
0.000952087214661113
0.000957591105714252
0.000964664673536113
0.000973592084167079
0.000985495996882254
0.00100394106388972
0.00100985285852998
0.000994215417231963
0.000958729338999972
0.000903886026509532
0.000841772054848582
0.000740777979364401
0.000540879837016149
0.000506651680123043
0.000598904170324799
0.000706116417433206
0.000914297976515385
0.00128699493075405
0.00130763547243646
0.00137220928260734
0.00144039608508366
0.00165380458378564
0.00196734707648328
0.0023867249368788
0.0028577613961984
0.00341972335570274
0.00400656173466256
0.00445497530993853
0.00479158645983527
0.00505420801429156
0.00524566775927782
0.00537979673671628
0.0054626646562729
0.00550286730418673
0.00550592727766886
0.00547857050179079
0.00542692335863081
0.00535642183349118
0.00527116511684094
0.00517484160456943
0.00507086074220959
0.00496220250703102
0.0048508882348095
0.00473844120631731
0.00462625562850327
0.00451526801806872
0.00440607225408088
0.00429917750080659
0.00419489252777348
0.00409333460366117
0.00399457594905831
0.00389861357985642
0.00380538656310234
0.0037148222826173
0.00362682411336125
0.00354128433719415
0.00345811289311297
0.00337723042125483
0.00329854253632
0.0032219475059599
0.00314735465326744
0.00307469719096707
0.00300393630262342
0.0029350576230921
0.00286806401248108
0.00280296796373304
0.00273978525503785
0.00267853030691868
0.00261921313604928
0.00256183755933039
0.00250640024932635
0.00245289035532541
0.00240128958389776
0.00235157267593939
0.00230370820093931
0.00225765952764309
0.00221338583273833
0.00217084313598672
0.00212998516917985
0.00209076367127485
0.00205312797285575
0.0020170264675808
0.00198240975001989
0.00194923219865343
0.0019174514286381
0.00188702690647396
0.00185791870363017
0.00183008666516034
0.00180349024397499
0.00177808796576772
0.00175383825104313
0.00173069522784142
0.00170861598079929
0.0016875302360841
0.00166740854330964
0.00164804317261577
0.00162956368689449
0.00161114942397303
0.00159300557095942
0.00157683076788445
0.0015394629328043
0.00226831198930891
0.00218231877905314
0.00209458193355384
0.00200925436752318
0.00192964917286259
0.00185721649904267
0.00179181810754784
0.00173266755519488
0.00167889303480525
0.00162971381733718
0.00158447064455837
0.00154261561627879
0.00150369085227478
0.00146731564867027
0.00143318302943265
0.0014010565605696
0.0013707644319202
0.00134219068316969
0.00131526121459463
0.00128993484471157
0.00126619792069241
0.00124405357218144
0.0012235093909643
0.001204570620295
0.00118723089239139
0.00117146835485152
0.00115725040321286
0.00114453773294136
0.00113328593819399
0.00112344557917599
0.0011149640108139
0.00110778960891649
0.00110186560073057
0.00109714053509842
0.00109357492253247
0.00109115230515583
0.00108987966801952
0.00108978828356899
0.0010909397985933
0.0010934662551091
0.00109753136164676
0.00110357400974749
0.00111194303912489
0.00112379076923661
0.00114333552451962
0.0011498303623709
0.00113273744441899
0.00109374462409259
0.00103317451589578
0.000957504176111351
0.000876104483240656
0.000671258798879937
0.000545993571391722
0.000639827736825651
0.0007580729683549
0.000898084977874067
0.00120915077188574
0.00139771568082392
0.00148446660857059
0.00167163830292253
0.00192046341521654
0.00226633905556351
0.00272196589027789
0.00323855003875977
0.00384795125052802
0.00445548316904334
0.00490706578393738
0.00524010145529395
0.00549139346911557
0.00566915742407549
0.0057875790696071
0.00585483102458739
0.005880252567571
0.00587014107803594
0.00583139120353271
0.00577036485588713
0.00569247786304924
0.00560167650364918
0.00550152924320346
0.00539521071953561
0.00528541315976453
0.00517383105720693
0.00506178563730007
0.00495048049601123
0.00484063114342906
0.00473269948451671
0.00462708706562971
0.00452398931302177
0.00442345585871274
0.00432551912394615
0.0042301476876232
0.00413726909779215
0.00404680965691236
0.00395867770666662
0.00387277376382245
0.0037890178006535
0.00370734213915903
0.00362766603940716
0.00354990295912897
0.00347397986791406
0.00339984902467631
0.0033274895130144
0.00325690155907871
0.00318809846701999
0.00312109942439207
0.00305592419770338
0.00299258964426924
0.00293110765156259
0.00287148405354601
0.0028137181032597
0.00275780225096478
0.00270372220442174
0.00265145730112394
0.00260098117028952
0.00255226257900589
0.00250526633263242
0.00245995422985419
0.00241628590805528
0.00237421911556133
0.00233370956977755
0.00229471225880248
0.00225718380144316
0.00222108365400112
0.00218637385913187
0.00215301821032955
0.00212098139844214
0.00209022832083476
0.00206072380236055
0.00203243202955074
0.00200531708815302
0.00197933929668137
0.00195446146871133
0.00193062188799684
0.00190779559045586
0.00188579845926502
0.00186474170159983
0.0018439449713663
0.00182337360632443
0.00180553029360081
0.00176609138160665
0.00252158583863406
0.00243625953769388
0.00235193937151022
0.00226921639057957
0.00219058195000201
0.00211756165961804
0.00205039043342594
0.00198869538236479
0.00193195219476481
0.00187963861018547
0.00183127238528676
0.00178641506468361
0.00174466535989513
0.00170565852029309
0.00166907198727805
0.00163462995693687
0.00160210498419991
0.00157131653711972
0.00154212610769658
0.0015144346551058
0.00148817959597545
0.00146332646081367
0.00143985940761863
0.00141777537115471
0.0013970769259948
0.00137776548019592
0.00135983967975959
0.00134329638540828
0.00132813126928041
0.00131433820941115
0.00130190861186728
0.00129083317685402
0.00128109866193646
0.00127269242608121
0.00126560868925674
0.00125985911715321
0.00125547864909701
0.00125252574680539
0.00125108989733041
0.00125133735125966
0.00125347038330617
0.00125798722627799
0.00126533466445939
0.00127668127654148
0.00129695821163532
0.00130379042072257
0.00128514108548253
0.0012420198342388
0.00117611878279897
0.00108620100068823
0.00099862752794319
0.000834795255621416
0.000605721329272559
0.000665397403314598
0.000817863072647127
0.000937951933010512
0.00114093682731111
0.00148375395450696
0.00155553070333332
0.00184497240014606
0.00216759821620214
0.00254871248306424
0.00303408957226445
0.00358585448217392
0.00422789619457467
0.00483981283034697
0.00528196361037019
0.00560179123260156
0.00583466637356036
0.00599333718068364
0.00609228300237145
0.00614136057021003
0.00615047592657506
0.00612636956070046
0.00607594927886838
0.00600567461174241
0.00592086594803489
0.00582520765195395
0.0057221113963918
0.0056145192505423
0.00550484499041794
0.00539442363912979
0.00528434720282845
0.00517561150757867
0.00506869346705212
0.00496391014885225
0.00486153153528931
0.00476161709271913
0.00466414097383171
0.00456908563575802
0.00447637877360282
0.00438593081841642
0.00429766133482837
0.00421147794967116
0.00412728613953072
0.00404501365873324
0.00396460256430411
0.00388598486472057
0.00380908962636996
0.00373386234227056
0.00366027434754436
0.00358832106892678
0.00351801431575795
0.00344937401742694
0.00338242208062778
0.00331717853611754
0.00325365936093874
0.00319187541506769
0.00313183204051354
0.00307352892267776
0.0030169600026446
0.00296211349826759
0.00290897215350418
0.00285751374440442
0.00280771176702127
0.00275953619756002
0.00271295432584071
0.00266793155035216
0.00262443162428101
0.00258241657813287
0.00254184781986337
0.00250268800380673
0.00246490195327663
0.00242845649009091
0.00239331991036528
0.00235946146788871
0.0023268509288042
0.0022954583317935
0.00226525350634381
0.00223620638604908
0.00220828396313907
0.00218145546136359
0.0021556693078647
0.00213090601471437
0.00210701040856063
0.00208407545951228
0.00206157005335517
0.00203926056466288
0.00202026399159371
0.00197998287262511
0.00276503128600148
0.00269029066040927
0.00260932490126484
0.00252866502146442
0.00245118526872475
0.00237819549805008
0.00230999327484223
0.00224643141431435
0.00218723720115173
0.00213211168034337
0.00208075326171022
0.00203286069351601
0.00198813091067985
0.0019462638937409
0.00190697314534461
0.00186999459083986
0.00183509240076305
0.00180206179323105
0.00177072958269682
0.00174095641894373
0.00171263697145176
0.00168569448932886
0.00166007443500147
0.00163574089788614
0.00161267276563302
0.00159085867636798
0.00157029387420162
0.00155097910504438
0.00153292026428206
0.0015161277584809
0.00150061532018981
0.00148640026092941
0.00147350155023229
0.00146194135179869
0.0014517476138623
0.00144296600773081
0.00143566509746718
0.00142993858016564
0.00142591351900269
0.00142380019386382
0.00142385133419911
0.00142662828447408
0.00143269518438279
0.00144322001399322
0.00146378014535741
0.00147077549237615
0.00145087502613531
0.00140409779710243
0.0013329305018667
0.001232768344564
0.00112547747058673
0.000987876895596599
0.000711996400018845
0.00067282720920107
0.000852798189541655
0.00101070031516768
0.00113099008430826
0.00142340713881987
0.0016249899609216
0.0019278184845564
0.0023767779015355
0.00280840868174084
0.00331964208817201
0.00389583497614193
0.0045551436812693
0.00515726465963203
0.00558008738746762
0.00587941741878552
0.00608908102944119
0.00622540140044605
0.00630297221527821
0.00633285539079365
0.00632529831021229
0.00628717380356218
0.0062252726043526
0.0061460755559746
0.00605477129353732
0.00595470652379909
0.00584915772044333
0.00574087507171137
0.00563203602278654
0.00552358968273838
0.0054163899222193
0.00531124083247711
0.00520838031130963
0.00510796638974313
0.00501011722461252
0.00491474527448441
0.00482174570248107
0.00473103829958473
0.00464249796632347
0.0045560134546966
0.00447148925862775
0.00438882481679427
0.00430792693566722
0.00422872823127695
0.00415117761882355
0.00407521836206363
0.00400079515814143
0.00392787214490496
0.00385643851649428
0.00378650320185069
0.00371808580892949
0.00365120903859965
0.00358589414725996
0.00352215868542585
0.00346001551044375
0.00339947252977478
0.00334053284461513
0.00328319493414194
0.00322745268702502
0.00317329540230917
0.00312070794871252
0.00306967114026932
0.00302016227237538
0.00297215573763852
0.00292562372436597
0.0028805369321239
0.00283686478562454
0.00279457530029636
0.00275363590488626
0.00271401496292938
0.00267568255130795
0.00263861032243646
0.00260277111629391
0.00256813863822648
0.00253468722731605
0.00250239172188136
0.00247122714919326
0.00244116891445458
0.00241219045781859
0.0023842673734873
0.0023573587214616
0.00233145089533167
0.00230642015460895
0.00228234291570155
0.00225883482496872
0.00223551284127626
0.00221589921807503
0.00217590877269825
0.00301643562094248
0.00294306522001358
0.00286499275762859
0.00278645410673701
0.00271022305268779
0.00263759616438874
0.00256889550069208
0.00250407581574191
0.00244301008796064
0.00238555533730742
0.00233155662329224
0.00228084044850259
0.00223320943973147
0.00218844690201115
0.00214632819010776
0.00210663127315296
0.00206914461161193
0.00203367222049379
0.00200003708709266
0.00196808616111459
0.00193769295306835
0.00190875454930703
0.0018811876488727
0.00185492681370005
0.00182992306780368
0.00180614138473703
0.00178355853542962
0.00176216173860775
0.00174194797923668
0.00172292358579664
0.00170510350040363
0.00168851136099759
0.00167317861931538
0.00165914598408555
0.00164646044407531
0.00163519739495316
0.0016254490938701
0.00161733920076228
0.00161102935607913
0.001606771107317
0.00160486746716074
0.00160593470831791
0.00161065451953416
0.00162017403572195
0.00164055781804374
0.00164760065935657
0.00162699799712323
0.00157787075819326
0.00150208001309174
0.00139627308309933
0.00126771475539838
0.00113339526912033
0.000882781962417947
0.000697842264646066
0.000817119630591627
0.00105517066041202
0.00116156936805162
0.00135284688127752
0.00169967184902272
0.00193025239470151
0.00251744096960114
0.0030344079918886
0.00357384997084202
0.00416463432419292
0.00482581203643416
0.00540637788181155
0.00580272761960753
0.00607666451432219
0.00626054255337347
0.0063732369388471
0.00642917977270388
0.00644013840999448
0.00641646610241008
0.00636490521082761
0.00629203656715178
0.00620435834741394
0.00610692619301979
0.00600269416007237
0.00589489145941821
0.00578614592519673
0.00567845726509779
0.00557234172197087
0.00546843091871995
0.00536739608980134
0.00526923495563755
0.00517391575288874
0.00508139704572149
0.00499144915977767
0.00490388012617516
0.00481853034074761
0.00473521495289816
0.00465379650555697
0.00457415193083427
0.00449616490885146
0.00441974055075492
0.00434481253711438
0.00427133280406364
0.00419925406752338
0.00412853634513449
0.00405916144342241
0.00399113356276739
0.00392447101878876
0.00385919715642134
0.00379533433193806
0.00373290117470274
0.00367191164618448
0.00361237482213351
0.00355429508433406
0.00349767261057775
0.00344250380778374
0.00338878146867494
0.00333649482061692
0.00328562968709453
0.00323616881035031
0.00318809227908474
0.00314137801816356
0.00309600235756926
0.00305194064540312
0.00300916741271836
0.00296765612638127
0.00292737968601226
0.00288831164248271
0.0028504269188901
0.00281370173897821
0.00277811331503877
0.00274363961288841
0.00271025924816455
0.00267795144108972
0.00264669589501269
0.0026164729389865
0.00258726191751703
0.0025590443782174
0.00253178975039314
0.00250549031368422
0.00248005388160058
0.00245554300153859
0.00243170868016282
0.00240807098063676
0.00238834707050537
0.00234962770112208
0.00326883839279022
0.00319505315038708
0.00311843959681001
0.00304149187992185
0.00296638299325221
0.00289424849120089
0.00282538260138369
0.00275977129832496
0.00269735516838674
0.00263808132067591
0.00258189451748418
0.00252872035672484
0.00247845355785008
0.00243095858920589
0.0023860788668392
0.00234364670158888
0.0023034915264236
0.00226544585481869
0.00222935000049404
0.00219505829461929
0.00216244309921556
0.00213139365209806
0.0021018138545828
0.00207362178515999
0.00204674973116542
0.00202114352609085
0.00199676185225422
0.00197357559238052
0.00195156740067418
0.00193073158655639
0.00191107397147247
0.00189261234782889
0.00187537659545111
0.00185941075586316
0.00184476927955154
0.00183153984684578
0.00181982834924124
0.00180977724460062
0.00180157187561952
0.00179549335627074
0.00179188455822978
0.00179139872195825
0.00179481758434924
0.00180324554610448
0.00182303109692305
0.00183001436759616
0.00180930652764914
0.00175936202252976
0.00168063596344975
0.00157205101437737
0.00142971768280131
0.00128231264472421
0.00106033876394971
0.000756126500936967
0.000782590540631037
0.00106176977256965
0.0012136645205108
0.00134021736875626
0.00162232162378209
0.00193302422328578
0.00255454655540795
0.0032068117934546
0.00378900265469413
0.00438765719619685
0.00503596422344623
0.00558593149741276
0.0059514374141872
0.00619747208582602
0.00635506823984778
0.00644461533515429
0.00648004023775857
0.00647332158443997
0.00643473864514608
0.00635434203718488
0.00624843915602193
0.00615925738266097
0.00608698595436734
0.0059801650976871
0.00587008829266518
0.00576087698078801
0.00565440920997662
0.00555065687315363
0.00545011000719221
0.00535341640270079
0.00526029065298525
0.00517045588377263
0.00508374214533717
0.00499979410479929
0.00491830039335024
0.00483900801155136
0.00476167731021531
0.00468613297537618
0.00461220712589011
0.00453976379035865
0.00446870377249491
0.00439895620654994
0.00433047143942156
0.00426320983919214
0.00419714570750141
0.00413227556015112
0.0040686135683147
0.00400618235448984
0.00394500561210042
0.00388510403276565
0.00382649384418298
0.00376918643170453
0.00371318825688468
0.00365850109316385
0.00360512269851909
0.00355304744664525
0.00350226664071023
0.00345276874021109
0.00340453968034792
0.00335756325946438
0.00331182151872675
0.00326729512480823
0.00322396381395074
0.00318180688397541
0.00314080328819122
0.00310093126369214
0.00306216850977247
0.00302449311797447
0.00298788425894673
0.00295232221787355
0.00291778817665733
0.00288426403191286
0.00285173234811169
0.00282017634955835
0.00278957994663202
0.00275992786487528
0.00273120473162547
0.002703397488868
0.00267648520501203
0.00265046579559707
0.00262527690661461
0.0026009703836588
0.00257741508960105
0.00255408324057545
0.00253470472934598
0.00249803969844126
0.00351767263777947
0.00344431493770459
0.00336838590839506
0.00329242602529258
0.00321818973503433
0.00314654664649501
0.00307769934095813
0.00301162149592837
0.00294827387702283
0.00288764445858527
0.00282973406659736
0.0027745334712416
0.0027220060193763
0.00267208327391339
0.00262467037930732
0.00257965378247804
0.00253690847554045
0.00249630379213156
0.00245770840394284
0.00242099674926473
0.00238605361985777
0.00235277421624068
0.00232106316642185
0.0022908348836006
0.00226201439946131
0.00223453779402748
0.00220835260775305
0.0021834180447487
0.0021597050692804
0.0021371966617913
0.00211588815838959
0.00209578810565607
0.0020769192528138
0.00205932073992493
0.00204304758252161
0.00202818679878802
0.00201484873180583
0.00200318400217907
0.00199339010440912
0.00198576412936664
0.00198067462938752
0.00197879092869487
0.00198096798476988
0.00198824820591327
0.00200706276583374
0.00201383831048279
0.00199350425818538
0.00194403590202983
0.00186461533435282
0.00175505676407634
0.00160779318304394
0.00144204279464198
0.00124284755873588
0.000896493149098509
0.000767613609125058
0.00099498600531159
0.00127011216464428
0.00137534524320448
0.00155017034479821
0.00195903200879631
0.00249019932306896
0.00329460047607051
0.00395207987612448
0.00455855654468633
0.00518113929164784
0.00569458260086894
0.00602769617671074
0.00624567130752356
0.00637837539180156
0.00644672219838679
0.00636657296865225
0.00622542275537641
0.00609327415684729
0.00597489515067137
0.00587147523156866
0.00578555470460343
0.00571420441373024
0.00565443397443627
0.00560832216479814
0.00557567028051517
0.00555701553338023
0.00546668661190125
0.00536941943601886
0.00527720468288382
0.00518928982454702
0.00510512821616198
0.00502453458752273
0.00494702181056602
0.00487207803236387
0.00479937573898278
0.00472863888600502
0.00465961610889971
0.00459208043985009
0.00452588141495809
0.00446090915988131
0.00439707993234371
0.00433433817562445
0.0042726500382374
0.00421200090054617
0.00415239549051388
0.00409385043832339
0.0040363877792086
0.00398003048319214
0.00392479928090112
0.00387071096957028
0.00381777753129864
0.00376600562456681
0.00371539661862265
0.00366594743104819
0.00361765132019227
0.00357049840178305
0.00352447627225937
0.00347957069841941
0.00343576618628352
0.003393046341633
0.00335139412926066
0.00331079217599007
0.00327122312920026
0.00323266967249334
0.00319511405715497
0.00315853802808797
0.00312292349491539
0.00308825317515576
0.00305451076031077
0.00302168084416029
0.00298974881236138
0.00295870081254389
0.00292852372808141
0.002899205282217
0.00287073414971809
0.00284309964958574
0.00281629353982214
0.00279030353479652
0.00276513277275788
0.00274074569808432
0.00271718664062303
0.00269442141521013
0.00267191620124962
0.00265326516619645
0.00261922639783056
0.00376127878418008
0.0036881975579459
0.00361264827209793
0.00353740706629579
0.0034638815413644
0.00339269444760533
0.00332396181734278
0.00325763738660829
0.00319368052408656
0.00313208931965688
0.00307288745350252
0.00301610032846308
0.00296173474955777
0.00290977042875022
0.00286016127883134
0.00281284017679094
0.0027677243828873
0.00272472040599652
0.00268372856572989
0.00264464896312723
0.00260738601823239
0.00257184919582173
0.00253795281568822
0.00250561693239824
0.00247476860340526
0.00244534290431305
0.00241728400584415
0.00239054603030183
0.00236509367507407
0.00234090285394637
0.00231796142162862
0.00229627031403676
0.00227584527945395
0.0022567181393779
0.00223894204148217
0.00222259809253058
0.00220779483724091
0.00219468372695306
0.00218346581550095
0.00217444314295552
0.00216799709942017
0.00216479478943185
0.00216573615529547
0.002171787923712
0.00218929256585393
0.00219564608375349
0.00217595755694156
0.00212784856894628
0.00204976924892786
0.00194090111232483
0.0017950558460286
0.00161523654865278
0.0014275716900218
0.00108831444833918
0.000794505451232006
0.000924439081483367
0.00128548139415684
0.00144372976641252
0.00154578604880769
0.00185031031825199
0.0024093780000293
0.00326241184723538
0.00404201846978228
0.00466789436807283
0.00525619922039853
0.00573081072002843
0.00603290685385175
0.00622491798967199
0.00621811485062222
0.0060819872012378
0.00593362061770424
0.0058013902182891
0.00568140694679019
0.00557531111653381
0.00548069518315949
0.00539434101055855
0.00531517926120912
0.00525037450133214
0.00520066037031675
0.00516621324534918
0.00514580195185765
0.00513353299380439
0.00513094707911861
0.00514007543120702
0.00506209738181636
0.00498375393345809
0.00490963620346466
0.00483898754259485
0.00477100037346028
0.00470538988854276
0.00464184483329987
0.00457994252837048
0.00451941999008409
0.00446012380884821
0.00440191181195263
0.00434467964942871
0.00428836399446294
0.00423293291671934
0.00417837427630507
0.00412468921943387
0.00407188797364289
0.00401999007494639
0.00396902129731736
0.00391900796205577
0.00386997285527869
0.00382193313734254
0.00377489937443896
0.0037288754794057
0.00368385989035879
0.00363984638055104
0.00359682483423409
0.00355478264823196
0.00351370600583658
0.00347358062978685
0.00343439203875124
0.00339612560010681
0.00335876666349448
0.00332230080732521
0.00328671382007304
0.00325199121205139
0.00321811800507583
0.00318507919867484
0.00315286035728724
0.00312144792600106
0.00309082936282718
0.00306099312484584
0.00303192861881761
0.00300362610186033
0.00297607679097443
0.00294927294014678
0.00292320802375318
0.00289787805747006
0.00287327827417026
0.00284941650386404
0.00282628013834278
0.00280390883747971
0.00278234335904213
0.00276107687150062
0.00274345392356748
0.00271240769526802
0.00399802304634582
0.00392357475828645
0.00384856615990108
0.00377418688249357
0.00370136248303823
0.00363061920435777
0.0035620673317061
0.00349566072812092
0.00343135224240636
0.0033691339863716
0.00330903095948525
0.00325108002769869
0.00319530952481508
0.0031417284061885
0.00309032424953004
0.0030410651314404
0.00299390292599191
0.00294877680571097
0.00290561691407281
0.00286434945539337
0.0028249007583944
0.0027871982472611
0.00275117067725194
0.00271674926715124
0.00268386916038615
0.00265247071777554
0.00262250092366187
0.00259391463475279
0.00256667559640137
0.00254075741294993
0.00251614457396491
0.00249283381429942
0.00247083632127052
0.00245017783228595
0.00243090968202906
0.00241310607640314
0.00239687134919917
0.00238235396778947
0.00236975334802923
0.00235936902419171
0.00235158553112608
0.00234705405501063
0.00234669416583862
0.00235138907426461
0.00236725892310196
0.0023729134348343
0.00235393139529148
0.00230768692848816
0.00223236206499274
0.00212594764927873
0.00198479834440421
0.00179985785829924
0.00161013270830862
0.00131665324213633
0.000889704676970537
0.000867721564762708
0.00119342506426205
0.00152468670426785
0.00160212203435899
0.00175040994103379
0.00237089534002883
0.00312673857784735
0.00403010126397535
0.00470173778322888
0.00525586013483917
0.0056934138054224
0.00596877792023625
0.00588180043304442
0.00574245925898329
0.00561976026123236
0.00551341674258283
0.00542444271707556
0.00533406594478207
0.00524255303363431
0.00514939446921593
0.00505597325196324
0.00496511869327582
0.00488316872584853
0.00481273749515251
0.0047555411374045
0.0047109340433335
0.00468735236516936
0.0046816132384507
0.00469013653701712
0.00470419922141863
0.00472536986536371
0.00474298731609074
0.00467971535775879
0.00461914217298821
0.00456126365663175
0.00450560601885106
0.0044514438818323
0.00439862117770303
0.00434695428523018
0.0042962211171723
0.00424630653417668
0.00419713914505596
0.00414867641329208
0.00410088959223643
0.00405375917406113
0.00400728353622863
0.00396148562625446
0.00391640386100258
0.00387207860431264
0.00382854464254366
0.00378582865748958
0.00374394861221793
0.00370291400313417
0.00366272762449971
0.00362338585340172
0.00358487991003661
0.00354719873156037
0.00351033080084458
0.00347426473485917
0.0034389891733023
0.00340449252745392
0.00337076299412523
0.00333778881656141
0.0033055583671354
0.00327405975854522
0.00324328063211096
0.0032132084774677
0.0031838311741489
0.00315513749620438
0.00312711748456166
0.00309976249614791
0.00307306505511556
0.00304701862168425
0.00302161765912368
0.00299685767835597
0.0029727358112349
0.00294925178963852
0.00292640718444755
0.00290421389452358
0.00288267803775205
0.00286183687387917
0.0028417849347833
0.00282206567415236
0.0028056973439384
0.0027778323940692
0.00422174617815949
0.00414718615019308
0.00407357099299221
0.00400027737220886
0.00392817377033622
0.00385790008392183
0.0037896168630765
0.00372328953213852
0.00365886532399912
0.00359632482405433
0.00353568302570237
0.00347697316055138
0.00342022859298039
0.00336547155699034
0.00331270910338972
0.00326193268139007
0.00321311946610798
0.00316623438998498
0.00312123271211636
0.0030780640057195
0.00303667549238077
0.00299701295687126
0.00295902112591588
0.00292264483393421
0.00288783049594846
0.00285452748062549
0.00282268962358877
0.00279227665290643
0.00276325543457754
0.00273560117226193
0.00270929864267245
0.00268434378027994
0.00266074575581557
0.00263852849304005
0.00261773919022171
0.00259844804573051
0.00258075514281438
0.00256480439044614
0.00255079076860183
0.00253900664595026
0.00252983281110911
0.00252389491937719
0.00252211066166082
0.00252527627735979
0.00253918912834596
0.00254382644834628
0.00252545555805981
0.00248131202562548
0.00240953417137745
0.00230720491017746
0.00217200163455279
0.00199127535764579
0.00179020740116192
0.00155386252643474
0.00107408449037448
0.000847396429108177
0.00109138632205625
0.00152426651994158
0.00170329981731504
0.00175212463052516
0.00230872602389943
0.0029882054038436
0.0038919571231886
0.00464135347944507
0.00517651550715418
0.00547242359735142
0.00546438178119314
0.00537697836067953
0.00528928405992968
0.00523743488167988
0.00518394639498699
0.00512425912954268
0.00504708508049445
0.00495613581363957
0.00485489313076227
0.00474920781557893
0.00464460026868873
0.00454633830011757
0.00445754528907467
0.00438041425450569
0.00431566000433686
0.00426762555142611
0.0042363571454361
0.00421894610933247
0.00422288114194652
0.00424266012562014
0.00427393950182604
0.00430903221254232
0.00434946949789166
0.00436926480210226
0.00432238687659657
0.00427670000397986
0.00423247796617344
0.00418931497069827
0.00414689371224804
0.00410514869588042
0.00406398491815643
0.00402331538923858
0.00398306081329833
0.00394316540735958
0.00390362448965025
0.00386448264158351
0.00382580465257523
0.00378765185803579
0.00375007435405577
0.00371311071446401
0.00367678881381086
0.00364112658904771
0.00360613439022615
0.00357181344426731
0.00353815871595165
0.0035051642360326
0.00347282443523567
0.00344113361216252
0.0034100852143554
0.003379671454927
0.00334988352347282
0.00332071214816915
0.00329214798587924
0.00326418140239259
0.00323680235120341
0.00321000059529519
0.00318376627876423
0.00315809067114978
0.00313296671024044
0.00310838894194102
0.00308435313519235
0.00306085589468409
0.00303789471169017
0.00301546803352572
0.00299357617295958
0.00297222205665048
0.00295141243613895
0.00293116261381619
0.00291149324890715
0.00289244083149592
0.00287413477234459
0.0028561829116725
0.00284123309537191
0.00281661284545273
0.00442477378483255
0.00435666432218687
0.00428516270731991
0.00421280775435484
0.0041414150939932
0.00407171485848536
0.00400385877514957
0.00393781630799292
0.00387353425810843
0.00381098311426793
0.00375016372022346
0.00369109739736493
0.00363381179402879
0.00357833070888379
0.0035246691824461
0.00347283157007246
0.00342281131868633
0.00337459167847297
0.00332814716567498
0.00328344639824677
0.00324045459051964
0.00319913422771108
0.00315944539529719
0.0031213468181143
0.00308479720937333
0.00304975658860134
0.003016187757957
0.00298405775060635
0.00295333916382994
0.00292401147815619
0.00289606241064489
0.00286948971075571
0.0028443024675374
0.00282052580627198
0.0027982038795973
0.00277740400598629
0.00275822265327923
0.00274079883578963
0.00272532167602377
0.00271207335778771
0.00270142575389496
0.00269397200724399
0.00269060955023235
0.00269204672849148
0.00270368189281167
0.00270696964903862
0.00268903259883672
0.00264707280183215
0.00257923013684113
0.0024822346379402
0.00235353478358096
0.00218314029504474
0.00197277671800179
0.00177169885197835
0.00133791175735952
0.000893440954110619
0.000996633010918088
0.00140950302527843
0.00182172433982565
0.00184302049131384
0.00212916797112547
0.00289862397974458
0.00369046141896387
0.00447108690163577
0.00502197709861714
0.00493777030340704
0.00494048986348308
0.00494805575494923
0.00494385961257834
0.00494599398106785
0.00491999731383151
0.00486647483301527
0.0047843670381738
0.00468200325181157
0.00456648853824842
0.00444609680397175
0.00432750516159673
0.00421572816760119
0.00411371067277331
0.00402354851536993
0.00394636506902957
0.003882926176229
0.00383367647776019
0.00379756289334172
0.00377798299365912
0.00377396123950505
0.00378384204688569
0.00381249510373355
0.00385468058524687
0.00390554891797325
0.00395873491901126
0.004016541218993
0.00402146006542959
0.00398797544403702
0.00395495533097976
0.00392249941698334
0.00389044853189811
0.00385860446649404
0.00382679473283561
0.00379493696012453
0.0037630608454111
0.00373125810135788
0.00369962693174663
0.00366824898937245
0.00363718892141395
0.00360649817953143
0.0035762169123601
0.00354637478875246
0.00351699338961653
0.00348808110197324
0.00345964121244027
0.00343167937509457
0.00340420099855972
0.00337720867278357
0.00335070159889517
0.00332467598723629
0.00329912607836062
0.00327404527053249
0.00324942690606947
0.00322526400581268
0.00320154929675624
0.00317827546229489
0.00315543591356281
0.00313302565813635
0.00311104165834998
0.00308948235486172
0.00306834699094607
0.00304763521217007
0.00302734726292098
0.00300748419810336
0.00298804911642275
0.00296904771303123
0.00295049091395845
0.0029323968531661
0.00291479699140281
0.0028977281877172
0.00288133900700887
0.00286530807943884
0.00285189559276827
0.00283049210806362
0.00461041630602895
0.00455048723069604
0.00447974136716232
0.0044081525127312
0.00433769188059788
0.00426881843169335
0.00420165048770323
0.00413617956249036
0.00407236010675756
0.00401015472339999
0.00394954948244431
0.00389055060724496
0.00383317448918839
0.00377743930026149
0.00372336010838054
0.00367094618731577
0.00362019976217611
0.00357111570314502
0.00352368203306035
0.00347788169956312
0.00343369424009958
0.00339109613550054
0.00335006098279948
0.00331056031178832
0.00327256472071766
0.00323604504764397
0.00320097371663667
0.00316732610633352
0.00313508186503207
0.00310422624938722
0.00307475153476791
0.00304665881257093
0.0030199591658618
0.0029946793310959
0.00297086244692473
0.00294857390274941
0.00292790695361424
0.00290899544977744
0.00289202155189239
0.00287725482175551
0.00286505372731164
0.00285597317813076
0.00285087399049915
0.00285037685980574
0.00285942073896043
0.00286103686400418
0.002843340910777
0.00280358915818582
0.00273989885319994
0.00264905312892102
0.0025275146759007
0.00236958988613413
0.00216026493723878
0.00196144595282469
0.00163827121908174
0.00104301310992999
0.00093141199552573
0.00127787925772083
0.0017834007444565
0.00199598066765168
0.0021128909912845
0.00264312453400626
0.00340901899760893
0.00425330577130437
0.00450740507989734
0.00443357602195828
0.00454426005189468
0.0046377116921287
0.00468739273317034
0.00471033666540231
0.0046855465012783
0.00462107106472422
0.00452332694836055
0.0044039499508355
0.00427220590109568
0.00413725348746888
0.0040059726142418
0.00388333509699698
0.0037719473192302
0.00367407413062529
0.00359048845383486
0.00352078102180217
0.00346477910839019
0.00342178478949468
0.00339161780888694
0.0033741894389948
0.00336854845396811
0.00337697004893354
0.00339836389202372
0.00343289821649977
0.00348297042169894
0.00354539025476461
0.00361319968221004
0.00368427473066252
0.00371823726940078
0.00369679306510022
0.00367545648978768
0.0036538324265399
0.00363166101930773
0.00360892082086955
0.0035857340000151
0.00356224450846611
0.00353857327518466
0.00351481716207754
0.00349105649903087
0.00346735923088706
0.00344378200051326
0.00342037097576243
0.00339716285915973
0.00337417758145119
0.00335143687798164
0.00332896651735005
0.00330678549351216
0.00328490414646926
0.00326332664068043
0.00324205331721973
0.00322108260980578
0.00320041239276743
0.00318004087217011
0.00315996551960445
0.0031401837889443
0.00312069373736347
0.00310149488134223
0.00308258840708879
0.00306397673291325
0.00304566261930511
0.00302764862150325
0.00300993710600378
0.00299253082007661
0.00297543331124206
0.00295865043316873
0.00294219052735196
0.00292606809449787
0.00291030393928465
0.0028949374977488
0.00288000696770816
0.00286566785399476
0.00285167040835414
0.00283988798741185
0.00282163363660989
0.00480144438549537
0.00472182613522128
0.00465165786768266
0.00458216098296703
0.00451319781851876
0.00444552060686463
0.00437942128144662
0.00431492667452248
0.00425199085733007
0.00419056757440401
0.00413062995578596
0.00407217001774673
0.00401519176387712
0.00395970473140558
0.00390571968323802
0.00385324574509083
0.00380228861584699
0.00375284960190376
0.00370492541170512
0.00365850904823882
0.0036135907454204
0.00357015800389978
0.00352819557344693
0.00348768601101654
0.00344861055998288
0.00341095012170546
0.00337468641582536
0.00333980320451883
0.00330628751707985
0.00327413093056514
0.00324333099809121
0.00321389269383299
0.00318583059892687
0.00315917275399272
0.00313396244118571
0.00311026360778918
0.00308816630305176
0.00306779861042145
0.00304933437376153
0.00303302799870829
0.00301922002387506
0.00300842174477659
0.00300144216658004
0.00299881507179855
0.00300496948701823
0.00300462093300606
0.00298700491868789
0.00294949650692333
0.00289016584281554
0.00280598380431736
0.00269252914893186
0.00254677534328233
0.00234950030432566
0.00213653149478311
0.0019137013680671
0.00131193959556932
0.000925763249153188
0.00114706936059845
0.00164747854551354
0.00215166914842706
0.00224475713945996
0.00251768451457142
0.00306745252107801
0.00379101585377106
0.00400392261902689
0.00408515318016142
0.00428558545881268
0.00442378305605065
0.00448827164842626
0.0045041688762177
0.00446309886161848
0.00437859596840667
0.00426120429835085
0.00412396643910389
0.00397693166036761
0.00382936745690952
0.00368781881666676
0.00355726805438271
0.00343986125967209
0.00333870436595478
0.00325389007991788
0.00318466692049566
0.00313038327294321
0.00308971830217234
0.00306174608173834
0.00304503116999163
0.00303809818468373
0.00304015248618643
0.00305067961670574
0.00307011082076234
0.00310075881719201
0.00314294813766556
0.00319969684590035
0.00327022049695122
0.00334809826441091
0.00342361578765852
0.00341557605361394
0.00340596231586908
0.00339496881795451
0.00338281821613897
0.00336973407886476
0.0033558861799325
0.00334141319015001
0.00332643417884299
0.00331105181704636
0.00329535449615318
0.00327941828356423
0.00326330941563765
0.00324708133006536
0.00323078183089249
0.00321446285835068
0.00319816664484028
0.00318191793573473
0.00316573108018214
0.00314961615942127
0.00313358147664955
0.00311763466302156
0.00310178323188032
0.00308603505751352
0.00307039570303685
0.00305487238244811
0.00303947405112262
0.00302421044872981
0.00300909052139322
0.00299412180379714
0.00297931044385668
0.00296466172715352
0.00295018078527433
0.00293587340330298
0.00292174644666264
0.00290780942051374
0.0028940737977419
0.00288055799960339
0.00286728636583802
0.00285430482243648
0.00284165387793602
0.00282948685279425
0.0028176228427108
0.00280755860580677
0.00279239731899055
0.0049378501090151
0.00486845474965548
0.00479951731380833
0.00473101825779593
0.00466359242816596
0.0045976049566025
0.00453314628622368
0.00447019331711546
0.00440869317525455
0.00434859616157665
0.00428986795961659
0.00423249046314043
0.00417645759491593
0.0041217707450476
0.00406843530448594
0.00401645803267592
0.00396584514603175
0.00391660104280309
0.00386872766060546
0.00382222472426958
0.0037770901127747
0.00373331964008606
0.00369090686890161
0.00364984342318759
0.00361011960879805
0.00357172516614804
0.00353465021876146
0.00349888631778664
0.00346442752933936
0.0034312716113061
0.00339942137770283
0.00336888562840188
0.00333968286058434
0.00331184229794422
0.00328540734760216
0.00326044033414335
0.00323702757111892
0.00321529027153461
0.00319539211591729
0.00317756940288682
0.00316213982303764
0.00314956556747349
0.0031405893494727
0.00313565915865119
0.00313864988972221
0.00313608539580458
0.00311844692975863
0.00308327308786689
0.00302858127280437
0.00295146965644605
0.00284712907972077
0.00271282769093699
0.00253397535672901
0.00231157808330036
0.00212832199222042
0.00166902116092761
0.0010239510877322
0.00103897058907663
0.00148750657001378
0.00204354755396315
0.00241823192805963
0.00258892307564589
0.00291974646977286
0.00340842011704782
0.00373592900279406
0.00391299569878745
0.00414460753792365
0.0042827574756764
0.00432978691128861
0.00431983295529305
0.00425292038793799
0.0041447184067714
0.00400722222018841
0.00385348342765499
0.003693452860242
0.00353623030638361
0.00338763914267768
0.00325297008836344
0.00313408690672433
0.00303516174331851
0.00295637137837494
0.00289592845215854
0.00285130839602546
0.00282059846427088
0.00280352508380586
0.00279668606185641
0.00279798948778684
0.00280552592523416
0.00281791570246641
0.00283492179685705
0.00285720881583072
0.00288461115139831
0.00291936839817872
0.00296255041352445
0.00301735326637974
0.00308549379313444
0.00310950702207145
0.0031134643508973
0.00311523871441783
0.00311509009442313
0.00311339529728195
0.00311043445947429
0.00310640050788971
0.0031014356508133
0.00309565332701263
0.00308914980032487
0.00308201079256683
0.00307431455438869
0.00306613229781008
0.00305757092473524
0.00304867533140992
0.00303947174784731
0.00302998572132119
0.00302024438132273
0.00301027487963826
0.00300010338271535
0.00298975486280476
0.00297925328994272
0.00296862116864119
0.00295787948396201
0.00294705606936779
0.00293617489504201
0.0029252531850583
0.00291430263050293
0.00290333245125958
0.00289235149914506
0.00288136922089497
0.00287039598118475
0.00285944329958366
0.00284852399105705
0.00283765323278342
0.00282684715727183
0.00281613062550652
0.00280553381594223
0.00279510828398051
0.00278489680523648
0.00277504295810993
0.00276542988621554
0.00275719015761376
0.00274511434309942
0.00503703053598886
0.00498375460145927
0.00491625498791858
0.00484909626563109
0.00478392288151878
0.00472041873017049
0.00465837078820107
0.00459769205872026
0.00453832648808892
0.0044802272586822
0.00442335935853956
0.00436770073043242
0.00431324000915077
0.00425997354120803
0.00420790285027259
0.00415703250639993
0.00410736841409909
0.00405891652999372
0.00401168204742521
0.00396566924360266
0.0039208814596055
0.00387732072164724
0.0038349874427836
0.0037938805365227
0.00375399780777567
0.00371533649504013
0.00367789400535876
0.00364166876583232
0.00360666114721427
0.00357287452373616
0.00354031635235975
0.00350899936451554
0.00347894470347447
0.00345018281453454
0.00342275669005431
0.00339672621804269
0.00337217284423426
0.00334920924283408
0.00332798652195919
0.00330871941930023
0.00329169737390412
0.00327732777638729
0.00326627319325174
0.00325889754707279
0.00325848203361757
0.0032535001595497
0.0032358077471653
0.00320313959956578
0.00315346573734193
0.00308388481346766
0.00298963150018405
0.00286682988018389
0.00270757980560945
0.00249108260222891
0.00229865795619857
0.00202161667375107
0.00126828312917184
0.000983062452690737
0.00132222193538113
0.00188630071923474
0.00243420235766786
0.00277327015964758
0.00302864021442313
0.00334695565880237
0.00372567030205524
0.00389718900182122
0.00409968210531558
0.00420126550688918
0.00420883521350398
0.00416206051143269
0.00406473185321617
0.00393171898933538
0.00377478816331527
0.00360639076007195
0.00343589057766394
0.0032722011750313
0.00312037361364609
0.00298617380269314
0.00287385229794155
0.00278452211207852
0.0027167029261672
0.00266807998099016
0.00263548557323865
0.0026168100047183
0.00260925191901379
0.00260995976754689
0.0026173099590928
0.00262992046995739
0.002646541721074
0.00266620215419525
0.00268809572190298
0.00269791932797347
0.00270862693798792
0.0027221849134176
0.00273801287447057
0.0027556406893524
0.00277212825650764
0.00278649080255105
0.00279897942527135
0.00280988390668895
0.00281931405965098
0.00282739567516062
0.00283425824091188
0.0028400155104122
0.0028447608031542
0.00284856869634942
0.00285149881292961
0.00285359441877218
0.0028548939944738
0.00285522505598736
0.00285468562697882
0.00285338852573139
0.00285141860158304
0.0028488402603168
0.00284570626720696
0.00284206317494809
0.00283795398741465
0.00283341944878402
0.00282849552078325
0.00282324496834088
0.00281771652882581
0.00281191976469651
0.00280586011312862
0.00279954793108827
0.00279299874939232
0.00278623136385952
0.00277926621647387
0.00277212444238563
0.00276482754067548
0.00275739774412653
0.00274985699010713
0.00274223270544108
0.00273456086525655
0.00272687661677972
0.00271923202959781
0.00271166855032356
0.00270431298269243
0.00269710825228754
0.00269083330244366
0.00268190589248021
0.005141557089925
0.00505778058685927
0.00499210944325949
0.00492985291177822
0.00486877428546931
0.0048088746678666
0.00475019147014821
0.0046926861631613
0.00463630889432027
0.0045810189520512
0.00452678725356429
0.00447359497900298
0.00442143157720756
0.00437029295570862
0.00432017992636157
0.00427109675608667
0.0042230498769417
0.00417604682246941
0.00413009545432474
0.00408520362355488
0.00404137893573003
0.00399862831344152
0.00395695765628282
0.00391637181942268
0.00387687482268789
0.0038384702094131
0.00380116158365579
0.00376495327139769
0.00372985107469769
0.00369586319439356
0.00366300070092459
0.00363128019468645
0.00360072423943727
0.00357136365893041
0.00354324009871861
0.00351640979770595
0.00349094774106851
0.00346695590964771
0.00344456992156042
0.00342397905635606
0.00340543869654411
0.0033892956556185
0.0033761192824029
0.00336619212817596
0.00336216625973714
0.00335462025147807
0.00333691594926916
0.00330701219681633
0.00326283594392573
0.00320138360021897
0.00311809755823284
0.00300776738615553
0.00286664282464931
0.00266997478365504
0.00245606365847163
0.00228396522597184
0.00165893860868079
0.00102578187961276
0.00117359782591726
0.00169964669729424
0.00228325334932615
0.00283220241799791
0.00325342650174562
0.00355349153173277
0.00390311798292505
0.00399355189900558
0.00412565840247773
0.00416983245979264
0.00412696661915608
0.00403859035582062
0.00390878684637928
0.0037502086728989
0.00357384061939809
0.00339160539839186
0.00321217213349684
0.00304424420206025
0.00289423621995581
0.00276556078392172
0.00266168993940103
0.00257926693165156
0.00251632014584827
0.00247185986093918
0.00244450016602608
0.00242814690191887
0.00239001163773873
0.00236344650014273
0.00234652582694794
0.00233755387088578
0.00233508683086828
0.00233794745267688
0.00234525614343941
0.00235576451316759
0.00236897269684529
0.00238458666945388
0.00240228873216375
0.00242186924101643
0.00244223469749279
0.002462314644737
0.00248157452812824
0.00249981847179405
0.00251696744055996
0.00253300039192019
0.00254793464739183
0.00256181070607342
0.00257468003264567
0.00258659679470903
0.00259761364396646
0.00260777386147743
0.00261713305018858
0.00262565112340399
0.00263329642516056
0.00264009030881397
0.00264607728376655
0.00265130252606791
0.00265580350577976
0.00265960935821638
0.00266274272073088
0.00266522132433113
0.00266706978645114
0.00266822555824316
0.00266866565164775
0.00266845866073182
0.00266767394528322
0.00266636698807584
0.00266458290948501
0.00266236083731714
0.00265973650250376
0.00265674342028639
0.00265341353616185
0.00264977820835728
0.00264586349976663
0.00264174315279781
0.00263743857413595
0.00263296949648832
0.00262837864778029
0.00262370528365285
0.00261905918831174
0.00261444449817982
0.00261029541634458
0.00260464506883997
0.00515047862850716
0.00508526831648862
0.00502583287708961
0.00496852821127951
0.00491242242833853
0.00485732738464706
0.00480317816846383
0.00474993300026359
0.0046975621201613
0.00464604452473637
0.00459536600131013
0.00454551788402904
0.00449649629960432
0.0044483016047995
0.00440093777766398
0.00435441167963005
0.00430873228197759
0.00426390994529392
0.00421995582339498
0.00417688149207433
0.00413469863270309
0.00409341862045941
0.00405305220996909
0.00401360944588133
0.00397509974461698
0.00393753210674744
0.00390091548398816
0.00386525926394743
0.00383057387357231
0.00379687140656556
0.0037641661638034
0.00373247701261726
0.00370182740388141
0.00367224746529595
0.00364377620215823
0.00361646464039748
0.00359037935229702
0.0035656091057884
0.00354227073140246
0.00352052386114836
0.00350058380606612
0.00348273119146591
0.00346743016014141
0.00345488593634886
0.00344709032436231
0.00343689124091047
0.00341928827116117
0.00339249159626553
0.00335438301797154
0.00330180772362969
0.00323034736459351
0.00313398522545562
0.00300962670748934
0.00283945667228708
0.00261832990166811
0.00246024007536732
0.00209191577427699
0.00122943173508401
0.00107084279196719
0.00150472923294986
0.00207870469201196
0.00267307966164209
0.00322180386460245
0.00370961874801167
0.00406128722708994
0.00412041551047483
0.00417677250102849
0.00416393731834186
0.00407338803042822
0.00394401099088855
0.00378004365285458
0.00359300987073923
0.00339399607296745
0.003194987654882
0.00300557568394823
0.00283301874884913
0.00268367084454236
0.00255831374160013
0.00244580334890632
0.00232969123337247
0.0022395440658958
0.0021723173701541
0.00212441182502113
0.00209215151611817
0.0020712130240345
0.00205896963613268
0.00205346312461092
0.00205317790343766
0.00205696546552093
0.00206398091788347
0.00207365498402742
0.00208544304195781
0.00209897732110602
0.00211406299957823
0.00213057721877014
0.00214848262771886
0.00216753269882561
0.0021872833533211
0.00220729893984889
0.00222724730384573
0.00224689491558
0.00226608126457478
0.00228469810278255
0.00230267495499804
0.0023199683742335
0.0023365537871731
0.00235242013271447
0.00236756301414714
0.00238199368765522
0.00239570267794028
0.00240866954008489
0.00242088423261723
0.00243235428879522
0.00244309999089411
0.0024531467285506
0.00246251963484989
0.00247124072587773
0.00247932739752948
0.00248679764122292
0.00249363047774102
0.00249978510019904
0.00250525795183926
0.00251006934680626
0.00251424706963648
0.00251781774732577
0.0025208046516396
0.00252322849584336
0.00252510881764078
0.00252646558821741
0.00252731822847356
0.00252770174177368
0.00252755844848554
0.00252694333941331
0.00252592173185594
0.00252456896160099
0.00252294659374932
0.00252115841695637
0.00251927380623703
0.00251738950314834
0.00251517144944405
0.00508800110584011
0.00505867993709315
0.00500915700754419
0.00495824701733952
0.00490849547735312
0.00485959922533999
0.0048113185882348
0.00476359595394656
0.00471642828161385
0.00466982085155754
0.0046237794187063
0.00457831026454343
0.00453342097236318
0.00448912089196441
0.00444542125076981
0.00440233501418954
0.0043598765981684
0.00431806149920551
0.00427690590637361
0.00423642636965272
0.00419663948558495
0.00415756157312193
0.00411920844227038
0.00408159529688029
0.00404473674046221
0.004008646882613
0.00397333957127624
0.0039388287265894
0.00390512880419813
0.00387225484330003
0.00384022424937456
0.00380905683923475
0.00377877595664913
0.00374940991173322
0.00372099368236316
0.00369357134893086
0.00366719890414753
0.00364194916739609
0.00361791667161435
0.00359522712022019
0.00357404977967198
0.00355459394086348
0.00353720799444051
0.00352202555735181
0.00351035181695797
0.00349747102863154
0.00348014919783291
0.00345687589052532
0.00342548128296835
0.00338265215964569
0.00332394835924025
0.00324314007785149
0.0031356667249447
0.00299224402680688
0.00278560215727085
0.00259991379613103
0.00242233553606074
0.00162728956935876
0.00105936803411236
0.00132550031145248
0.00184448792958065
0.00243950395350276
0.00302988761343621
0.00353524858980163
0.00382631538663147
0.00399735982088631
0.00407074502549088
0.00405524790767226
0.00396469176333853
0.00381207885588871
0.00361220757931593
0.00338119372471621
0.00313636735292548
0.0028926491230593
0.00266401421816803
0.00246051536388704
0.00228860899724658
0.0021510057589958
0.00204670723682605
0.00197176320803872
0.00192179542152444
0.00189184182127469
0.00187694959058613
0.00187272895154747
0.00187543364178961
0.00188229871920072
0.0018914610709398
0.00190175292744044
0.00191250080847359
0.00192336549575441
0.00193424077958085
0.00194513366654295
0.00195611584221957
0.00196730925838966
0.00197885797984257
0.00199092791382882
0.00200365341951131
0.00201707803392228
0.00203115724005825
0.00204579314038627
0.0020608656937984
0.00207625194786614
0.00209183562411044
0.0021075111623858
0.00212318488178315
0.00213877470341515
0.00215420959973211
0.00216942749820883
0.00218437863225185
0.00219901475748221
0.00221328710909673
0.0022271503929945
0.00224056806264637
0.00225351453912427
0.00226597403907183
0.00227793802045393
0.00228940256831391
0.00230036648391357
0.00231083060797817
0.00232079221714311
0.00233023545439153
0.00233914378315711
0.00234750888807872
0.002355331373771
0.00236261721693124
0.00236937413467998
0.00237560952758198
0.00238132968838578
0.00238654024465211
0.00239124458468607
0.00239545809466927
0.00239913706808167
0.00240228727038193
0.0024049345703078
0.00240712684629837
0.00240890798568152
0.00241034646313346
0.00241155579798622
0.00241226222376785
0.00241385666065329
0.00503443464262626
0.00497129169814921
0.00493030803141894
0.00489042355067933
0.00484967657490374
0.00480871508815487
0.00476784203421366
0.00472712515161381
0.00468658681925995
0.00464624993535134
0.00460613932491869
0.00456627934250368
0.004526693449274
0.00448740466408262
0.00444843606187532
0.00440981108832224
0.00437155362491708
0.00433368784338128
0.00429623794368328
0.00425922787897513
0.00422268110728625
0.0041866204114562
0.00415106779674736
0.00411604443235224
0.00408157062616952
0.00404766587180636
0.00401434898965085
0.00398163834925767
0.00394955207268685
0.00391810807690852
0.00388732577413552
0.00385722550552198
0.00382782960444761
0.00379916341207076
0.00377125644721349
0.0037441440526488
0.00371786940256069
0.00369248658410553
0.00366806430416154
0.00364469018901844
0.00362248180572644
0.00360157273740918
0.00358218688772657
0.00356439391146669
0.00354879143241094
0.00353326323777392
0.00351646363702318
0.00349718978008933
0.00347321457831433
0.0034410768859117
0.00339618186809017
0.00333238881866457
0.00324332027410344
0.00312443055975304
0.00294774685184955
0.00273961170158094
0.00261877301731042
0.00212992948362117
0.00121034727006404
0.00119265014608673
0.00160704368133594
0.00215622022392509
0.00275016289432801
0.00326094601627969
0.00349122336909233
0.00359350445507102
0.00360759214619979
0.00354286847269368
0.00341359013803612
0.00323384719889861
0.00302012684144981
0.00278881742530202
0.00255762882236797
0.00234187035846535
0.00215361193306893
0.00200085068917411
0.00188705451228438
0.00181146692996264
0.00176985928993213
0.00175561040683021
0.0017612187970675
0.00177953290469115
0.00180460153587482
0.00183202942790855
0.00185889998000251
0.00188350030291511
0.00190499318127676
0.00192312639023866
0.00193800601663699
0.00194993850859628
0.00195933346101356
0.00196664022906137
0.00197230713901279
0.00197675986511052
0.00198038853923069
0.00198354919575979
0.00198656735658586
0.0019897250068319
0.00199324773396045
0.0019973006125677
0.00200199114618643
0.00200737710641437
0.00201347632575275
0.00202027625681752
0.00202774213929288
0.0020358235597289
0.00204445972902315
0.0020535831132434
0.00206312401580587
0.00207301059526322
0.00208316909072505
0.00209352543554201
0.00210400808131184
0.0021145507461144
0.00212509401651528
0.00213558574732854
0.00214598059136025
0.00215623934192891
0.00216632779466232
0.00217621562157748
0.00218587160824267
0.00219526377800029
0.00220436241143728
0.0022131426828449
0.00222158524105324
0.00222967525670515
0.00223740110307907
0.00224475320054625
0.00225172353745198
0.00225830429035327
0.00226449279770396
0.0022702766497003
0.00227564576012417
0.00228059505668316
0.00228513801204834
0.002289285778873
0.00229306483747471
0.00229659308463646
0.00229932256367453
0.00230392343528967
0.00482455454149169
0.00481773556189142
0.00478816757265711
0.0047571967921954
0.00472673342527559
0.00469603684355334
0.00466482254718048
0.00463312012151864
0.00460102767535705
0.0045686373706553
0.00453602364361914
0.00450324576089695
0.00447035312757581
0.00443738989188361
0.0044043977477393
0.00437141711703437
0.00433848734878883
0.00430564657655489
0.00427293147399095
0.00424037717384325
0.00420801719712031
0.00417588348040351
0.00414400641236194
0.00411241485793848
0.00408113615602585
0.00405019617134439
0.00401961939200467
0.00398942906085589
0.00395964686467986
0.00393029415482538
0.00390139163493537
0.00387295973962163
0.00384501913391392
0.00381759119881885
0.00379069864041895
0.0037643663345776
0.00373862247791334
0.00371349977467003
0.0036890377597031
0.00366528218309642
0.003642293844555
0.00362012731135917
0.00359887543340849
0.00357855364870264
0.00355903719468873
0.00354096194893437
0.00352498142661792
0.00351022747258701
0.00349441544235702
0.00347394794153388
0.00344402016530535
0.00339857907470616
0.00333009479577306
0.00323440052220182
0.00309309772342148
0.00288889053112185
0.00274415224457877
0.00254278777080252
0.00158679155260371
0.00115097895983815
0.00139674291127942
0.0018554553683278
0.0024069966432714
0.0028914377323492
0.00305722036709317
0.0030935835294645
0.00305318600038477
0.00294859236726027
0.00279464683007551
0.00260680040103049
0.00240285732585619
0.00220043912673937
0.00201605366918949
0.00186311174265869
0.00175057416461711
0.0016822016493284
0.0016563940809838
0.00166683286176852
0.00170396677926547
0.00175715794543833
0.00181683866267616
0.00187597030142101
0.00193027374032707
0.00197762936702658
0.00201733316401269
0.00204950600831703
0.00207470231628791
0.00209367154349516
0.00210721809007165
0.00211612323319684
0.00212112308225815
0.00212289394885853
0.00212204076248498
0.0021190960601383
0.00211452592707118
0.00210874193648694
0.00210211383208395
0.00209497454795539
0.0020876233410549
0.00208032752236051
0.00207332154544786
0.00206680411908806
0.00206093598138607
0.00205584019421997
0.00205160437582156
0.00204828417419008
0.00204590729095125
0.00204447756196387
0.00204397944227157
0.00204438136526363
0.00204563842608961
0.00204769500606385
0.00205048766275209
0.00205394812848964
0.00205800603077206
0.00206259106047881
0.00206763451126431
0.00207307042793492
0.00207883605872848
0.00208487231580492
0.00209112280715885
0.00209753294376154
0.00210405019166767
0.00211062515619251
0.00211721250836796
0.00212377126849531
0.00213026460618375
0.00213665934604496
0.00214292560714465
0.0021490358794565
0.00215496664403659
0.00216069382603998
0.00216619594931006
0.00217145123559391
0.0021764513440912
0.00218118067269658
0.00218563600214653
0.00218991177347885
0.00219336240281122
0.00219909050922322
0.00463343804001305
0.00458172922724379
0.00456169869620863
0.00454590631938841
0.00452937957121165
0.00451170846946302
0.00449287163756193
0.0044728626443588
0.00445173141551678
0.00442957632511255
0.0044065163536887
0.0043826717627382
0.00435815474445977
0.00433306566485331
0.00430749239191121
0.00428151153764206
0.00425519064018981
0.00422859037114879
0.00420176641180573
0.00417477042858082
0.00414765063351692
0.00412045207543269
0.0040932167143528
0.00406598374774181
0.00403878968810315
0.004011668481469
0.00398465157625172
0.00395776789024645
0.00393104357704063
0.00390450334719384
0.00387816958593954
0.00385206267907458
0.00382620113803649
0.00380060150531817
0.0037752784495433
0.00375024485797622
0.00372551204928832
0.0037010890031935
0.0036769830804989
0.00365319486906305
0.00362972416346063
0.0036065445625959
0.00358361382416073
0.00356090512288878
0.00353756341840489
0.00351711123672081
0.00350229646034247
0.00349261051554667
0.00348571833495872
0.00347789587281606
0.00346413964503578
0.00343834402358411
0.0033926062370815
0.00332082274981948
0.00321369030387373
0.00303859345786384
0.00285833519316993
0.00277415173379451
0.00213620408621709
0.0012696007255382
0.00125212025725419
0.00157418102022158
0.00204010998682169
0.00245933833143458
0.00255760410668887
0.00253894759253812
0.00245942485217793
0.0023355802325646
0.00218320643716147
0.0020192816118483
0.00186132428458334
0.00172594575307976
0.00162696743684304
0.00157356561762449
0.00156878037138489
0.00160842018852589
0.0016818720736767
0.00177501498483096
0.00187405185284594
0.00196854301227005
0.00205252264477852
0.00212412497645936
0.00218342441974548
0.00223126071431625
0.00226879224277671
0.00229728341409684
0.00231797404613216
0.00233200399405717
0.00234038221930302
0.00234398094292717
0.0023436265826698
0.00234000442210102
0.00233366476204075
0.00232506153914142
0.00231458196604176
0.00230256629652747
0.00228932039800884
0.00227512255404113
0.00226022592798254
0.00224487594281846
0.00222931124282795
0.00221375601214715
0.00219841370639957
0.00218346483475802
0.00216906633620738
0.0021553514614739
0.00214243042880092
0.00213039150128927
0.00211930171563192
0.00210920793263279
0.0021001379655577
0.00209210192998133
0.00208509398523254
0.00207909439275113
0.0020740718299494
0.00206998566719427
0.00206678812384421
0.00206442628661575
0.00206284376584186
0.00206198217583439
0.00206178208298346
0.00206218347619763
0.00206312620784368
0.00206455068070375
0.00206639862877001
0.00206861377037776
0.00207114229049158
0.00207393307524929
0.00207693790927229
0.00208011117784171
0.00208341064848266
0.00208679581804267
0.00209023008109707
0.00209367527412016
0.00209710515450809
0.00210048049083186
0.00210378148695533
0.00210704629158659
0.00210974299110547
0.00211436022583794
0.0042529847350124
0.00427190223376512
0.00426628479938477
0.00426027884976444
0.00425599884139979
0.00425179572550244
0.00424658694832494
0.00423993569929634
0.00423170421555686
0.00422188356337688
0.00421052883826231
0.00419773119325617
0.0041836022422071
0.00416826337341139
0.00415183795028025
0.0041344458007228
0.00411619955845064
0.00409720244525062
0.00407754743139113
0.00405731725495776
0.00403658513575944
0.00401541615636192
0.00399386900164241
0.0039719967275216
0.00394984782902652
0.00392746648741864
0.00390489258859196
0.00388216174586035
0.00385930634798365
0.00383635485919417
0.00381333186576444
0.00379025772584
0.00376714844583701
0.00374401495283578
0.0037208629501723
0.00369769224659498
0.00367449576688995
0.00365125679071003
0.00362794787371056
0.00360452176535424
0.00358091413760346
0.00355701739084125
0.00353265306167841
0.00350776621105195
0.00348077145436416
0.00345818627271626
0.00344492676346686
0.00344086559096328
0.00344363209201336
0.003449388416383
0.00345297692208885
0.00344812211187059
0.00342696743572979
0.00338132856794744
0.0033057936571709
0.00317307120510257
0.00298413717335454
0.00289025228908216
0.00263487832190075
0.00161486808155345
0.00122901561202984
0.00135484326371732
0.00169691188608282
0.00201856098682696
0.00205633439215429
0.00200384392754643
0.00191245292928966
0.00180138881425382
0.00168679684702661
0.00158534661589649
0.00151279387527619
0.00148221593855691
0.00150125298928232
0.00156942931743342
0.00167694777614948
0.00180660848493516
0.00194120274119548
0.00206775276151757
0.00217877769131041
0.00227170926856765
0.00234753138640487
0.00240952109800663
0.00245915899854333
0.00249772251353803
0.00252658484740288
0.00254709107370249
0.00256046536552772
0.00256778341779873
0.00256997400346675
0.00256790428717388
0.0025625715661777
0.00255448115760397
0.00254401067358165
0.00253148939935216
0.00251720869422488
0.00250142593584751
0.00248437061400242
0.00246625292285198
0.00244724977149265
0.00242760469134805
0.00240753325234991
0.00238720850866347
0.00236677523928015
0.00234636417989636
0.00232610033537178
0.00230610326454304
0.00228649317555058
0.00226738704594579
0.00224889202463587
0.00223110233059124
0.00221409786476312
0.00219794389010412
0.00218269116153736
0.00216837672448749
0.00215502477680892
0.00214264734324954
0.00213124532171936
0.00212080974497241
0.00211132307530516
0.00210276049922789
0.00209509107986299
0.00208827876007049
0.00208228320096785
0.00207706058655102
0.00207256440784451
0.00206874625705471
0.00206555664618221
0.00206294568494056
0.00206086371682719
0.00205926152120035
0.00205809119370259
0.00205730523718736
0.00205685928666018
0.00205670596177852
0.00205680945490727
0.00205711456756531
0.00205760400617843
0.00205822776383135
0.00205880016208797
0.00206010487283794
0.00393747699613058
0.00389832293109415
0.00389772138703399
0.00390550666570278
0.00391442204262341
0.0039230200519794
0.00393069688073336
0.00393700454990688
0.00394165604076191
0.00394451305804983
0.00394553816574318
0.00394475345279684
0.00394221587250462
0.00393800391283297
0.00393220996335488
0.00392493529862412
0.00391628621579551
0.00390637072124583
0.00389529565950183
0.00388316424173694
0.00387007403896007
0.00385611569771473
0.00384137245984112
0.00382591980757498
0.00380982469712161
0.00379314688229695
0.00377593950811101
0.003758247994545
0.00374011226880081
0.00372156582804274
0.00370263502660504
0.00368333985726466
0.00366369370194389
0.0036437015113407
0.00362335977827133
0.00360265452571627
0.00358155883747352
0.00356002850151126
0.00353799895284907
0.00351537330372082
0.00349202166856596
0.00346775717932133
0.00344226716973245
0.00341548460020079
0.00338510257302721
0.00336070629654876
0.00334942565995778
0.00335153130806947
0.00336463958963819
0.00338482276952503
0.00340682203604658
0.0034241693018113
0.00342910379093465
0.0034122721160268
0.00336763426438769
0.00327929771664373
0.00311568763729792
0.00297698016221977
0.00291897130625493
0.00214729486665991
0.00140619182826826
0.00125379795022114
0.00142916386509032
0.00163391269251126
0.00163324121170574
0.00157882507692656
0.00151181464755273
0.00145153794937182
0.00141349814450461
0.00141170711624622
0.00145622449262535
0.00154957938713716
0.00168343659806405
0.00184111606202602
0.00200284461057615
0.002152097570616
0.00228405805061534
0.00239660593265306
0.00249046405612677
0.00256773258695738
0.00263043691569837
0.00267895783442233
0.00271525335371625
0.00274147422534468
0.00275945236852825
0.0027706505132485
0.00277622725714953
0.00277711627450561
0.0027740774117171
0.00276769248539317
0.00275811908810835
0.00274577192163787
0.00273107415319495
0.00271440327093185
0.00269608830115005
0.00267641657528767
0.00265563805072743
0.0026339747173718
0.00261158524447306
0.00258905606634533
0.00256646395170985
0.00254379130885457
0.00252103102943293
0.00249820153752039
0.00247534784712175
0.0024525237148757
0.00242983956865358
0.00240740680481623
0.00238531791212715
0.00236364910162644
0.00234246659006199
0.00232183121985207
0.0023017986438033
0.00228242383362109
0.00226375734955977
0.00224584226126584
0.00222871346108142
0.00221239771569953
0.0021969139278848
0.00218227353991134
0.00216848100514737
0.00215553441655386
0.00214342581107326
0.00213214163402263
0.00212166324675018
0.00211196753869344
0.0021030276448497
0.00209481356586032
0.0020872927496076
0.00208043039101427
0.00207419033389297
0.00206853434837856
0.00206342509615331
0.00205882005855744
0.00205468742602335
0.00205096931162277
0.00204767104903624
0.0020446380448167
0.00204220572067687
0.00203869113193416
0.00340249838736304
0.00345933575359344
0.00348260076266177
0.00350072517934784
0.00351971400721878
0.00353914393578251
0.00355795919864444
0.0035755050942643
0.00359144481732594
0.00360561011832251
0.00361792066816968
0.00362834786319536
0.00363689812024196
0.00364360299071246
0.00364851178555435
0.00365168591942472
0.00365319484174051
0.00365311327495623
0.0036515193468332
0.00364849314333982
0.00364411546296169
0.00363846676042546
0.00363162616286126
0.00362367048084867
0.00361467273190488
0.00360470134731964
0.00359381794259111
0.00358207891218908
0.00356953254479273
0.00355621742503737
0.00354216778442278
0.00352740728694528
0.0035119481540732
0.00349578990036488
0.00347891880560498
0.00346130507867833
0.00344290015029973
0.00342363117794556
0.00340339498356909
0.00338204496572305
0.00335938649208492
0.00333515736694531
0.00330891567977207
0.00328059956211009
0.00324720060821435
0.0032213979346872
0.00321254209324405
0.00322130955081052
0.00324533717463291
0.00328064933493518
0.00332194253656013
0.00336261790051991
0.00339490529373919
0.00340917203184996
0.00339701777959952
0.00335011742250259
0.00323430919324575
0.00307340211849031
0.00304057016311094
0.00265474695223845
0.00182730833179392
0.00135132498811609
0.00129844925242664
0.00137265314228334
0.00136533961787669
0.00134754979380514
0.00134541137173651
0.00137422124512782
0.00144412956320496
0.0015581360808964
0.00170993706225354
0.00188387250541449
0.00205981084202602
0.00222493306281576
0.00237152903625156
0.00249872058094462
0.00260347974418828
0.00268730292015507
0.00275371682762186
0.0028062280315408
0.00284711971258561
0.00287653557080258
0.00289634731109992
0.00290852265481073
0.00291467496720465
0.0029160616702551
0.00291365233380818
0.00290819861634597
0.00290028041396859
0.0028903042171772
0.00287825471382745
0.00286435023101399
0.00284883292809861
0.00283192476246777
0.00281382439520407
0.00279471201443997
0.00277475458345839
0.00275409123959365
0.00273289982342753
0.00271080932816938
0.00268790786455441
0.00266438196526173
0.00264041723787764
0.00261617587204573
0.00259179796976291
0.00256735818469493
0.00254327766267878
0.0025196031703621
0.00249630299819589
0.00247334669650856
0.0024507262547819
0.00242845622876043
0.00240656009231661
0.00238509370011053
0.00236411258836193
0.00234366096112463
0.00232377358573453
0.00230447916334734
0.00228580247294695
0.00226776505128177
0.00225038634563681
0.00223368336553277
0.00221766864152665
0.00220235029012078
0.00218773227397682
0.00217381461377158
0.00216059363005386
0.00214806212403606
0.00213620951585674
0.00212502201872999
0.00211448314917082
0.00210457290102119
0.00209527043878309
0.00208654857458859
0.00207838989648071
0.00207074584538261
0.00206365725575242
0.00205686650815149
0.0020512979606571
0.00204256955165135
0.00299480737642843
0.00298745736042881
0.00301506922623745
0.00305020679850748
0.00308431305930443
0.00311586768773832
0.00314499435332299
0.00317196864567934
0.00319697118645071
0.00322010254855571
0.0032414156531429
0.00326093664429035
0.00327867900889139
0.00329465313888097
0.003308872237297
0.00332135560714391
0.00333213009228975
0.00334123012554636
0.00334869675829193
0.00335457603402564
0.00335891722399702
0.00336177139628443
0.00336319037739847
0.00336322592372698
0.00336192910343904
0.00335934921355133
0.00335553009961377
0.00335051621004653
0.00334434676719127
0.00333705397949348
0.00332866303320472
0.00331919061575837
0.00330864411840144
0.00329700684714766
0.00328425531015388
0.00327034903304241
0.00325522120323093
0.00323877190710436
0.00322085828677279
0.00320128494911986
0.00317979443633187
0.00315605460882523
0.00312950327596671
0.00310010263385207
0.00306418053916898
0.00303746727418525
0.00303148228497035
0.00304730237379495
0.00308264274772606
0.00313354874859139
0.00319474279873607
0.00325960126089757
0.00332027962110328
0.0033672802845885
0.00339030657376536
0.00338252405705562
0.00332157835700831
0.00317882590906695
0.00310720924070283
0.00296413565073463
0.00237757162158657
0.00171665094704474
0.00138623108440642
0.00131340074222371
0.00133165778902761
0.0013867965111925
0.00147973142063312
0.00161057319767336
0.00177242236382404
0.00195034889520185
0.002130024825783
0.00229887402053196
0.002450901835087
0.00258024355951463
0.00268689016945147
0.00277509549017657
0.00284380206180998
0.00289529658354032
0.00293254451537078
0.00295834521465084
0.00297507644579418
0.00298450241973298
0.00298802601007055
0.00298682212649878
0.0029818734161827
0.00297398795546325
0.00296381852739082
0.00295188628236696
0.00293860062506166
0.00292428439453083
0.00290915292709064
0.00289335644748625
0.00287700813827332
0.00286019759741763
0.00284299715355757
0.00282546599429725
0.00280765655709374
0.00278960104237537
0.00277138865436636
0.00275264981894012
0.00273331127054919
0.00271340787552145
0.0026930164854493
0.00267223291525105
0.00265114775152442
0.00262990934760643
0.00260819065988834
0.00258605590024682
0.00256366017775521
0.00254116082206053
0.00251868809861354
0.00249634707971025
0.00247418829200847
0.00245250740755815
0.0024313058550836
0.00241055116204817
0.00239021987422585
0.00237030513339415
0.00235081327131951
0.00233175743209325
0.0023131590481541
0.0022950435094707
0.00227743166810126
0.00226033951292532
0.00224377912613034
0.00222775958351612
0.00221228754700683
0.00219736751996357
0.00218300193290304
0.00216919135545171
0.00215593367910089
0.00214322345445279
0.002131054264401
0.00211941415815134
0.00210830047767735
0.00209767712283667
0.00208761981436903
0.00207777789737299
0.00206962878361664
0.00205631735994256
0.00234217555466854
0.00245117873711012
0.00252313128581582
0.00257821894544317
0.00262519462447986
0.00266724784838268
0.00270563284922842
0.00274099645309979
0.00277375770402733
0.0028042168791143
0.00283259531056821
0.00285905565633345
0.00288371549197946
0.00290665769783601
0.00292793916798562
0.00294759848122388
0.00296566239616662
0.00298215086404757
0.00299708052679619
0.00301046691064966
0.00302232575931836
0.0030326739286149
0.0030415299023692
0.00304891372090688
0.00305484705879571
0.00305934843960105
0.00306243882285445
0.00306413601077483
0.00306445395866656
0.00306340116588154
0.00306097890836681
0.00305717950352418
0.00305198494860143
0.00304536368813015
0.00303726316942597
0.00302760975930178
0.00301630373214111
0.00300321155885372
0.0029881414843363
0.00297084845010112
0.00295102008130977
0.00292826731846668
0.00290192525815414
0.00287199971545918
0.00283422436484493
0.00280719881443435
0.00280446224831669
0.00282748703451838
0.00287418492751403
0.00294073949868945
0.00302200298704112
0.00311145286867026
0.00320121707877267
0.00328196167896663
0.00334264814917189
0.00337433764526382
0.0033659228883012
0.00327310009157653
0.00317374125492489
0.00310663629285238
0.002820628621562
0.00227516574248639
0.00175539461295441
0.00154247779555946
0.00160110463316679
0.00172941309405446
0.00188928933130859
0.00206189968971964
0.00223277667125259
0.0023938317224309
0.0025367611414239
0.002658840679113
0.00276212549254068
0.00284511322921108
0.00290936431790769
0.00295751570714657
0.00299199950308104
0.00301499562409814
0.00302846795701868
0.00303416634463232
0.00303362156863792
0.00302813194705166
0.00301877584762173
0.00300644021216301
0.00299184971561458
0.00297559183864354
0.0029581379819306
0.00293986245691218
0.00292105863838131
0.00290195444557077
0.00288272202415628
0.00286348704393646
0.00284433852024873
0.00282533782129892
0.00280652578711407
0.00278792796182182
0.00276955973726295
0.00275142576633736
0.00273353780389037
0.00271586513865682
0.0026983609129266
0.00268098039080755
0.00266368734166067
0.00264645731640024
0.00262926743858889
0.00261215520582042
0.00259486031806181
0.0025772977505753
0.00255946159583154
0.00254138932918409
0.00252313960542615
0.0025047692761656
0.00248638736153078
0.00246770364440884
0.00244880207158551
0.00242981244525177
0.00241085178828682
0.00239201085861275
0.0023733577959161
0.00235493374548161
0.00233685910042006
0.00231918279283382
0.00230189221205897
0.00228497155777971
0.00226841386242957
0.00225221991927535
0.00223639503678978
0.00222094642154934
0.00220588143102872
0.00219120806337054
0.00217693202087765
0.00216305633280317
0.00214958288952694
0.00213650894585602
0.00212383965252336
0.00211154639074568
0.00209972724404497
0.00208795296438775
0.00207813648903216
0.0020614771494695
0.0019549790503367
0.00200465153464168
0.00205847218813011
0.00211121168301709
0.00216117777007486
0.0022081395297947
0.00225224435916449
0.00229368558215881
0.00233263550281535
0.0023692460738413
0.00240365476082152
0.00243598672330051
0.00246635597170393
0.00249486608115879
0.00252161018316811
0.00254667034306798
0.00257011671905638
0.00259200700665078
0.00261238656145357
0.00263128925582527
0.00264873894230173
0.00266475131208745
0.00267933573398118
0.00269249680346931
0.00270423501770263
0.00271454447743073
0.0027234204105954
0.00273085211759386
0.00273682400703687
0.0027413148880318
0.00274429628044378
0.00274573044469574
0.00274556798969572
0.00274374517091522
0.00274017840266362
0.00273475892066225
0.00272734725340105
0.00271776389733722
0.00270578537144546
0.00269111511694155
0.00267337044409883
0.00265210167802054
0.00262655514377766
0.00259678908438977
0.00255807754919347
0.00253140696012486
0.00253202385029205
0.00256185970401141
0.00261925261744211
0.0027007173379988
0.00280140287956997
0.00291507706760103
0.00303398823974521
0.003148871459386
0.00324873528315759
0.00332208203534183
0.00336223532750205
0.00333323985007904
0.00324514529833098
0.00318001984008553
0.00306049434252911
0.00277079720433972
0.00231242611676836
0.00204243834953624
0.00210801951904587
0.00224217676064669
0.00238775206370206
0.00252446643771475
0.00264557179025932
0.00275155365180495
0.00284015640920414
0.00291176376999953
0.00296784537250039
0.00300995693030844
0.00303965533946447
0.00305850901511946
0.00306804663105932
0.00306971354850947
0.00306484823600619
0.00305466902503855
0.00304026565545658
0.00302259371370854
0.00300247341839711
0.00298059396443799
0.00295752294307226
0.00293371887246042
0.00290954502277332
0.00288528376015389
0.00286115025544899
0.00283730497205171
0.00281386454326018
0.00279091084366135
0.00276849843895095
0.0027466607717013
0.0027254151945337
0.00270476688872261
0.0026847123192441
0.00266524139251744
0.00264634087058623
0.00262799254224229
0.00261017225717355
0.0025928508134631
0.0025759955781477
0.00255957267143566
0.00254354649980259
0.00252788961293982
0.00251255664243864
0.00249749351831204
0.00248264656625342
0.00246796887170959
0.00245342433538567
0.00243898058712797
0.0024246493301881
0.00241026319634876
0.00239576552099371
0.00238114522940311
0.00236641884742818
0.00235161702037909
0.00233677314523596
0.00232194225701908
0.00230700177171583
0.00229192980821359
0.0022768032296671
0.00226170258377103
0.00224669066225325
0.00223181272546958
0.00221710112777238
0.00220257672193582
0.00218828392492719
0.00217424581865001
0.00216045674357684
0.00214690788028614
0.00213359325337974
0.00212050710604983
0.00210765208767744
0.00209499941810923
0.00208265395851187
0.0020701246117768
0.0020596108125834
0.00204099978983716
0.00162446935828894
0.00162409219825652
0.00164348967000324
0.0016758675150984
0.00171537989381574
0.00175805457346602
0.00180150320909862
0.00184440442399896
0.00188606987473605
0.00192616190021609
0.00196452904401098
0.00200111553306313
0.00203591409530066
0.00206894220404895
0.0021002301675346
0.00212981505781589
0.00215773741863184
0.00218403919514256
0.00220876212666456
0.00223194620674881
0.00225362811545441
0.00227383973272162
0.0022926068110342
0.00230994837802911
0.00232587188387739
0.0023403809715834
0.00235346935245296
0.00236512125630712
0.00237531123162963
0.00238400366878982
0.00239115172976516
0.00239669576562131
0.0024005609374645
0.0024026549247648
0.00240286329311153
0.00240104369389361
0.00239701997118866
0.00239057257086782
0.00238143153862842
0.00236925940975249
0.00235363117390945
0.00233406151837556
0.00230974274050946
0.00228078866943821
0.00224222979198254
0.00221648107051156
0.00221990198571609
0.00225507377470661
0.00232099985769547
0.00241495414254935
0.0025328033090981
0.0026688838909623
0.00281575819909071
0.00296425186553863
0.0031035639809685
0.00322076319737755
0.00330795987375678
0.0033430305130926
0.00330180378998878
0.0032369964808115
0.0031710872792049
0.00305266172790398
0.00279494841318913
0.00258669375243333
0.0026204791895896
0.00270199285571208
0.00278760915936542
0.00286461150492529
0.00293020505598435
0.00298440272905705
0.00302756994156277
0.00306014862028169
0.00308270809066376
0.00309594004112345
0.00310064451106182
0.00309771893091117
0.00308813316191696
0.00307289245017146
0.00305299719417448
0.00302940528553679
0.00300300115119679
0.00297457415127255
0.00294480673981352
0.00291427137386278
0.00288343460123532
0.00285266601644512
0.00282224980646193
0.00279239752916023
0.00276326087844629
0.00273494344000342
0.00270751111899406
0.00268100100856351
0.00265542860277478
0.00263079354818773
0.00260708412371218
0.00258428059046182
0.00256235787707575
0.00254128765997155
0.00252103973971698
0.00250158270349132
0.00248288412287572
0.00246491054164512
0.0024476274483682
0.00243099942670617
0.00241499016020353
0.00239956337764325
0.00238468235841671
0.00237030894391194
0.00235640323805621
0.00234292417887249
0.00232983094527599
0.00231708287188234
0.00230464525214477
0.00229247749034365
0.00228053460010054
0.0022687720679495
0.00225715017240701
0.00224563620973674
0.00223420362367296
0.00222284068190593
0.00221149792842515
0.00220012199524392
0.00218868616218882
0.00217718398991864
0.00216562153065802
0.00215401103776162
0.00214236613363171
0.00213070973118582
0.00211897407070001
0.00210713074249443
0.00209521508740123
0.0020832653823478
0.00207130906991648
0.0020593610721544
0.00204743218464535
0.00203549663994366
0.00202365809319678
0.00201137858025992
0.00200101891561015
0.00198175926011981
0.00109076308045864
0.00115242775803185
0.0012035626604721
0.00124875345748674
0.00129120167032123
0.00133256299924956
0.00137346674866329
0.00141400436082181
0.00145403774448159
0.00149336444181866
0.00153179238948226
0.00156916493065698
0.00160536337433325
0.00164030140712599
0.00167391772402676
0.00170616944438982
0.00173702700226778
0.00176647039152837
0.00179448644106492
0.00182106677523147
0.0018462062505256
0.00186990163154735
0.00189215085576115
0.00191295072346056
0.00193229253650419
0.00195017139640441
0.00196657756744797
0.00198149501008152
0.00199489951309602
0.00200675663927176
0.0020170194408923
0.00202562593935749
0.00203249615749741
0.00203752895767797
0.00204059803054208
0.00204154638032222
0.00204018041018022
0.0020362608158603
0.00202949553505558
0.00201952680683342
0.00200591117430929
0.00198815721388705
0.00196544936874597
0.00193795872007187
0.00190068367195497
0.00187639315637829
0.00188175201897343
0.0019198251084213
0.0019902444016219
0.00209158063788643
0.0022212873065402
0.00237499893509935
0.00254611127495869
0.00272577849904577
0.00290315712958333
0.00306488794922071
0.00319986705571864
0.00329441236361532
0.0033190321588725
0.00328254434307368
0.0032326283622594
0.00317887340389578
0.00306727641207877
0.00295497416459859
0.00296248206110388
0.00299578257017327
0.00303194656952112
0.00306445896216289
0.00309124414052742
0.00311150755946679
0.00312479600821608
0.00313086463379598
0.00312970447065089
0.0031215473968852
0.00310684828536792
0.00308625322783613
0.00306055031319943
0.00303061032618681
0.00299732833855318
0.00296157296648086
0.00292414701373078
0.00288576111113252
0.00284701997581138
0.00280841926353955
0.00277035040232541
0.00273311054896436
0.00269691507560388
0.00266191097989982
0.00262819004485621
0.00259580085625602
0.00256475917513235
0.00253505661353065
0.00250666773845408
0.00247955569783181
0.00245367648283196
0.00242898197817614
0.00240542222601973
0.00238294712327102
0.00236150735318632
0.00234105476041121
0.00232154248543482
0.00230292494613003
0.00228515770870935
0.00226819732502451
0.0022520011736724
0.00223652735568888
0.00222173471076315
0.00220758273655905
0.00219403141669581
0.00218104107077367
0.00216857235422426
0.00215658627479759
0.0021450445475775
0.0021339099945297
0.00212314583983834
0.00211271522955087
0.00210258140003663
0.00209270822695141
0.00208306086044054
0.00207360651500645
0.00206431491959943
0.00205515440336108
0.00204609189291317
0.00203709509973954
0.00202813446587303
0.00201918400039759
0.00201022129008198
0.00200122773553777
0.00199218567328734
0.00198306305656924
0.00197382848674435
0.00196445846144855
0.00195493510718472
0.00194524252236323
0.00193536680018482
0.0019252640459072
0.00191501398565516
0.00190404782751197
0.00189468298484909
0.00187600779463964
0.00084932948662789
0.000866516682964571
0.000888586140291953
0.000914128951362152
0.000942022878088761
0.000971547494949283
0.00100225631090811
0.00103384902895861
0.00106608617448049
0.00109874854620861
0.00113162538337964
0.0011645149426798
0.00119722879045057
0.00122959568564865
0.00126146348488668
0.00129269910592866
0.00132318716134967
0.00135282787807595
0.00138153477405642
0.00140923236582892
0.001435854109294
0.00146134038090832
0.0014856381806398
0.00150869150838167
0.00153045439487327
0.00155088016889087
0.00156992160347885
0.00158752949901491
0.00160365078023843
0.00161822632320108
0.00163118849762347
0.00164245834399997
0.00165194226471485
0.00165952813372297
0.00166508078411129
0.00166843624999135
0.00166939544927298
0.00166771548423649
0.00166310149747647
0.00165519663941587
0.00164356263899793
0.00162772573229795
0.00160689542720092
0.00158129341765734
0.00154603700229969
0.00152369381772079
0.00153071211603939
0.00157006305626819
0.00164176409619677
0.00174534472915594
0.00187982733347969
0.00204299245584736
0.00223043916386892
0.00243490614921613
0.00264595201194604
0.00285012070888457
0.00303344237299794
0.00318373837295126
0.00327810786372975
0.00329810279613108
0.00327257548360184
0.0032394078598774
0.00319019290140314
0.00313760107775037
0.00313559181239635
0.00314486764616507
0.00315513366516527
0.0031627674466854
0.0031661163724283
0.00316424085295067
0.00315651421095493
0.00314258614320435
0.00312240802106568
0.00309622194951457
0.00306452149572216
0.00302799907868104
0.00298748172086435
0.00294386251922396
0.00289803797987568
0.00285085722984279
0.00280308502138462
0.00275537903145408
0.00270828066280879
0.00266221632985353
0.00261750589496248
0.00257437531324136
0.00253297106237182
0.00249337479390581
0.00245561730565171
0.00241969103994117
0.00238556010012584
0.00235316903350373
0.00232245018434433
0.00229332919983709
0.00226572890081683
0.00223957187063411
0.00221478224254576
0.0021912869569083
0.00216901636408005
0.00214790431570284
0.00212788804000153
0.00210890791858239
0.00209090720080894
0.00207383169945349
0.00205762950366483
0.00204225071832599
0.0020276472617416
0.00201377271100664
0.00200058217039966
0.00198803215165576
0.00197608046688297
0.00196468614722588
0.0019538093447771
0.00194341138641794
0.00193345474916408
0.00192390292118728
0.00191472023705485
0.00190587174246858
0.00189732317082526
0.00188904081173063
0.00188099192354347
0.00187314454887228
0.0018654669976645
0.0018579274771611
0.00185049403946045
0.0018431347113526
0.00183581775586091
0.00182851122363529
0.00182118503046612
0.00181380820875221
0.0018063466551926
0.00179876360524324
0.00179101925960722
0.00178307129009395
0.00177487559220379
0.00176635783640141
0.00175756320626643
0.00174788386232947
0.00173962325372641
0.0017221117023401
0.000663700599942945
0.00066471471481652
0.000668799516671723
0.000675991578276935
0.000686111632004241
0.000698889871526181
0.000714031731478835
0.000731254091348295
0.000750295025534673
0.000770911214058392
0.000792872757791759
0.000815958766867929
0.000839955182254809
0.000864654824667622
0.000889858750266351
0.000915378002229164
0.000941035126774613
0.000966665095523288
0.000992115522573619
0.00101724624925975
0.00104192837942928
0.0010660433818017
0.00108947997945186
0.00111213450558149
0.00113391240016118
0.00115471986468716
0.00117446473882511
0.00119305533734855
0.00121039864762923
0.00122639819267828
0.00124095159300856
0.00125394776337069
0.0012652636781837
0.00127476054602243
0.00128227941003763
0.0012876357438095
0.00129061349977664
0.00129095747175984
0.00128836561301545
0.00128248162169415
0.00127287663176621
0.00125910185356831
0.00124041322946472
0.00121707695377001
0.00118448151860186
0.00116442463639811
0.0011728103489861
0.00121258433630308
0.00128409416369197
0.00138725221353785
0.00152184750369515
0.00168724033288639
0.00188155673290915
0.00210032368662127
0.00233575908564653
0.00257568889177731
0.00280471973196569
0.00300829023606915
0.00316885955082975
0.00326083135594527
0.00328176633868494
0.00326996608877633
0.00324536468419536
0.00321895301126028
0.00321282025421885
0.00320946365810544
0.00320414497279961
0.00319485838606194
0.00318054132241917
0.00316058091565568
0.00313463796594351
0.00310264142624669
0.00306480350956204
0.00302159932388369
0.00297371802245311
0.00292200219365558
0.00286738106467317
0.00281080413073266
0.00275318383958993
0.00269535205119072
0.00263802969943635
0.00258181230476969
0.00252716871184219
0.00247444815473922
0.00242389249736457
0.00237565140127365
0.00232979851690812
0.0022863471792613
0.00224526530519063
0.00220648757038497
0.00216992355870628
0.00213547006480253
0.00210301819418246
0.00207245761166683
0.00204367937803085
0.0020165778766384
0.00199105213934075
0.00196700672987823
0.00194435207336286
0.00192300432094613
0.00190288499828544
0.00188392056675316
0.00186604194553015
0.00184918403811785
0.00183328529534111
0.00181828732744574
0.00180413457219244
0.00179077401979031
0.00177815498788592
0.0017662289365744
0.0017549493116419
0.00174427141017195
0.00173415224970261
0.00172455045783824
0.00171542617159703
0.00170674092610695
0.00169845752412832
0.00169053988532028
0.00168295289477289
0.00167566221469954
0.00166863415840707
0.00166183557121521
0.001655233653285
0.0016487957194544
0.00164248893700213
0.00163628007470942
0.00163013527557681
0.00162401969402011
0.00161789744287793
0.00161173129025154
0.00160548162826225
0.00159910591371164
0.00159255663815178
0.00158578102669703
0.00157872075583807
0.0015712830146982
0.00156349302997616
0.00155470146327668
0.00154719430163058
0.00153032392128512
0.00038116499080033
0.000395934698441913
0.000410206025403836
0.00042403719830951
0.000437548191567582
0.000450886991751572
0.000464208515332798
0.000477663176116627
0.000491387210740825
0.000505495825265032
0.000520079638827318
0.000535203004845662
0.000550903556271682
0.000567192807224243
0.000584057608034818
0.000601462280813158
0.000619351279033263
0.000637652178380257
0.000656278782535488
0.000675134145932179
0.000694113387556343
0.000713105717024487
0.000731999226294957
0.000750685568756047
0.000769048467909287
0.000786968983378023
0.000804326595254495
0.000820999003189021
0.000836861312280951
0.000851784761925831
0.000865635030080237
0.000878270088198004
0.000889537588249247
0.000899271684950177
0.000907289330797564
0.000913385802173688
0.000917329824092702
0.000918857753185776
0.000917667787584762
0.000913416254446676
0.000905703286715781
0.000894128397069499
0.000878045756590051
0.000857747563791577
0.000829241786234272
0.000812047633799004
0.000820458250422962
0.000857995629587564
0.000925908326179363
0.00102502265828487
0.00115589071512743
0.00131862476975084
0.00151268075015792
0.00173590066735742
0.00198378797277314
0.00224762303258908
0.00251385178190958
0.00276601336548439
0.00298698121828604
0.00315383825482034
0.00323816931015284
0.00326436984675957
0.00326219241802461
0.00324969943792296
0.00323719127260395
0.00322109804881939
0.00320035412364073
0.00317416451682418
0.00314206817884779
0.0031038805146882
0.00305964521703096
0.00300964051296658
0.00295438085855276
0.00289458917285071
0.00283114438569772
0.00276501952929628
0.00269721817526184
0.0026287148612883
0.00256040687116541
0.0024930790993481
0.00242737892476989
0.00236381819052895
0.00230277876663596
0.00224452254143688
0.00218920580319723
0.00213689630538305
0.00208759099330257
0.00204123254924892
0.00199772540910017
0.00195694403837138
0.00191873778344559
0.00188296282858145
0.00184947536833363
0.00181813311904278
0.0017887979403763
0.00176133787076116
0.00173562842246804
0.00171155328041632
0.00168900441121077
0.00166788170571103
0.00164809239433856
0.00162955037992689
0.00161217555035086
0.00159589311687404
0.0015806330096786
0.00156632934376499
0.00155291995806341
0.00154034602516307
0.00152855172453499
0.0015174839695057
0.00150709217689661
0.00149732806883958
0.0014881454952765
0.00147950026976743
0.00147135001293192
0.0014636539972373
0.00145637298735541
0.00144946907128046
0.00144290548115902
0.00143664639767431
0.00143065674519773
0.0014249019825903
0.00141934788401667
0.00141396029964133
0.00140870488734259
0.00140354681507929
0.00139845041815215
0.00139337880316024
0.00138829336397026
0.00138315330951163
0.00137791472030795
0.00137252999060238
0.00136694555363623
0.00136110113946565
0.00135492922553731
0.00134832385365835
0.00134129907679745
0.00133317123335026
0.00132623110640006
0.0013098411467712
0.000283887670246512
0.000286138189283619
0.000289109762995698
0.000292803612671307
0.000297166680424267
0.000302128284378557
0.000307618712850835
0.000313580239714215
0.000319971135469976
0.00032676506340572
0.00033394862190813
0.000341518147744506
0.000349476318307189
0.000357828908561509
0.000366581826766558
0.000375738465626128
0.000385297397694223
0.000395250459136443
0.000405581159885171
0.000416263779100917
0.000427261585275542
0.000438531044641696
0.000450026567616262
0.000461684363402082
0.000473429131419484
0.00048517541494536
0.000496828133405337
0.000508282854295492
0.000519425869528367
0.000530134034506663
0.000540274314225917
0.000549702975670207
0.000558264393273864
0.000565789411216976
0.000572093311585694
0.000576973314574394
0.000580205922933674
0.000581544057973191
0.000580714567047482
0.000577418894411531
0.000571325631009484
0.000562121396112161
0.000549327682050049
0.000533222576828345
0.000510863066588026
0.000497364402753457
0.00050370532906665
0.000534096954112036
0.000591215321854489
0.000677807201186287
0.000796371308084646
0.000948533920440543
0.00113478205165702
0.00135413179453791
0.00160392393760895
0.00187867017412338
0.00216860312328575
0.00245896640520861
0.0027319252668118
0.00296854069703464
0.00312219735860457
0.00320077130112089
0.00323219252145323
0.0032351251778792
0.00321324800452957
0.00318103215834361
0.00314206504454809
0.00309689704185222
0.00304563911810015
0.00298847233842238
0.00292574914306838
0.00285801986066547
0.00278602454097166
0.00271065916431969
0.00263292164987632
0.00255385052164285
0.0024744655252026
0.00239571539072341
0.00231843923508322
0.00224333564802634
0.00217094093778383
0.00210167196431213
0.00203581495457373
0.00197353553342181
0.00191489664879609
0.00185987870728872
0.00180839907080919
0.00176032945829443
0.00171551124058842
0.00167376541800319
0.0016349008869943
0.00159873288244527
0.00156508003577243
0.00153376705015091
0.00150462732449675
0.0014775045677437
0.0014522535387026
0.00142874018266328
0.00140684126828793
0.0013864436552643
0.00136744339429838
0.00134974479069018
0.00133325948974569
0.0013179056220191
0.0013036070329676
0.00129029260579221
0.00127789567643759
0.0012663535347004
0.00125560700195604
0.00124560007416317
0.00123627961825884
0.00122759511032722
0.00121949840450589
0.00121194352293821
0.00120488645886318
0.00119828498614174
0.00119209846962806
0.0011862876718013
0.00118081455228106
0.00117564205714549
0.00117073389637259
0.0011660543091567
0.00116156781544699
0.00115723894939829
0.00115303196530886
0.00114891050926351
0.00114483723382638
0.00114077335861968
0.00113667809421906
0.0011325080423619
0.00112821613983899
0.00112375093645676
0.00111905421806838
0.0011140597944132
0.00110869339102578
0.00110283859664538
0.00109650243582777
0.00108897610297107
0.00108254398250089
0.00106663081313876
0.000213192261876958
0.00021346726539024
0.000213985390631417
0.00021474391583408
0.000215732893746461
0.00021694311964928
0.000218366780934741
0.000219997687695433
0.000221831207719648
0.000223863941092164
0.000226093547717605
0.000228518686099768
0.000231138931833756
0.000233954640704905
0.000236966726336494
0.000240176323243147
0.000243584320726676
0.000247190794301734
0.00025099423905984
0.000254991129325904
0.000259173461649309
0.000263535398754664
0.000268053631386698
0.000272708436855563
0.000277475987649989
0.000282325824783368
0.000287219594688491
0.000292110106875353
0.000296940485383203
0.00030164335520316
0.00030614004331024
0.00031033977766036
0.00031413888079037
0.000317419949167767
0.000320051071125589
0.000321885109450444
0.00032275928266657
0.000322495229081898
0.00032089991466251
0.000317769672972181
0.000312890154627649
0.000306073581550442
0.000297056379309075
0.000286056999795704
0.000271422827940609
0.000262342909506883
0.000265206804588477
0.000283686942461941
0.000321452800699663
0.000383493864784721
0.000475459469982468
0.000602250261274078
0.000766879930549417
0.000969998192566693
0.00121005842234516
0.00148313864304771
0.00178230741975219
0.00209618813771724
0.00240809842661834
0.00270362268720565
0.00292299530579211
0.00305921272869511
0.003134232004611
0.00315832740084764
0.00312606764604719
0.0030757931814185
0.00301714743243265
0.00295228156926861
0.00288185552157351
0.00280632649750392
0.00272625185761186
0.00264235446510815
0.00255551036191152
0.00246670840328554
0.00237699363325455
0.00228740603830399
0.00219892508173678
0.00211242525680052
0.0020286458513251
0.00194817271511008
0.00187143557802328
0.00179873187429827
0.00173022651291308
0.00166597074757123
0.0016059244739678
0.0015499777410283
0.00149796993324061
0.00144970645294857
0.00140497126588599
0.00136354277868634
0.00132520815184517
0.00128974226273561
0.00125692753604519
0.00122655956277855
0.00119844864700648
0.00117241999924688
0.00114831336666346
0.00112598236619652
0.001105293566103
0.00108612537199627
0.00106836684214937
0.00105191652519853
0.0010366813629568
0.00102257568402804
0.00100952030378438
0.000997441734114638
0.000986271498254512
0.000975945541939856
0.000966403729740422
0.000957589414340714
0.000949449066470145
0.000941931953686334
0.000934989857024251
0.000928576815669334
0.000922648891261605
0.000917163944621311
0.000912081418773194
0.000907362123160753
0.000902968014900743
0.000898861973673436
0.000895007567399122
0.000891368806347174
0.000887909882439921
0.000884594888879577
0.000881387510470834
0.000878250676144644
0.000875146150258849
0.000872034062394225
0.000868872293725445
0.000865615812717522
0.000862215569159466
0.000858617625685352
0.000854760827688985
0.000850575026677337
0.000845982082272358
0.000840858111948215
0.000835208379033898
0.000828307382434525
0.000822421724300757
0.000807168238494558
0.000118169654967752
0.0001200136258959
0.000121966595057443
0.000123998120694116
0.000126073235418996
0.0001281617784784
0.000130240617018677
0.000132294026348072
0.000134312766658293
0.00013629245108571
0.000138232043071606
0.000140132701465287
0.000141996924636874
0.000143827945771387
0.000145629318809734
0.000147404618094325
0.000149157229358236
0.00015089008289607
0.0001526057716875
0.000154304977732801
0.000155992227948751
0.000157663936514951
0.000159314304149187
0.000160936994060451
0.000162523967138043
0.000164064891277702
0.000165546636294545
0.000166952748857248
0.000168262889080348
0.000169452232013541
0.000170490846345767
0.000171343068726654
0.000171966905114531
0.000172313499361868
0.000172326744161775
0.00017194311821786
0.000171091922681145
0.000169696114015562
0.000167673953293729
0.000164942616041714
0.000161420629101879
0.000157046723360061
0.000151739749375437
0.00014563782629561
0.000138095867388061
0.000133175909122648
0.000133553320322745
0.000140401343027602
0.000156319496573104
0.000186416998923456
0.000238500195527585
0.000321839380930178
0.000444652370795177
0.000611775720410519
0.000824083424419161
0.00107905208568921
0.00137124118876798
0.00169193634397817
0.00202629376723849
0.00236480849595873
0.00263899260767153
0.00282923639034653
0.0029508901264408
0.00300025350424655
0.00295862955920192
0.00289105831133261
0.00281394438604631
0.00273109813249095
0.00264366335659117
0.00255230566517258
0.00245772704844233
0.00236076680150264
0.00226238137997905
0.00216359419800791
0.00206543636376433
0.00196888880926329
0.00187483514486231
0.00178402861154003
0.00169707157826039
0.00161441667583532
0.00153638404650463
0.00146312581045508
0.00139467196208708
0.0013309571667938
0.00127184238900477
0.00121713427464294
0.00116660238933592
0.00111999397485704
0.00107704593129
0.00103749424263497
0.00100108165071274
0.000967561785741952
0.000936702049438135
0.000908285425759058
0.000882111350282284
0.000857995828014149
0.000835770996319981
0.000815284306890801
0.000796397435663778
0.00077898501935243
0.000762933339458273
0.000748139043070037
0.000734507944173166
0.000721953927825999
0.000710397968492507
0.000699767263546259
0.00068999447582086
0.000681017075437464
0.000672776769378619
0.000665219006719796
0.000658292547691748
0.000651949085418371
0.000646142910042503
0.00064083060599301
0.000635970774335135
0.000631523773172114
0.000627451469982276
0.000623717000624
0.000620284530529855
0.000617119014257225
0.000614185949937593
0.000611451125342458
0.000608880351428563
0.000606439177865806
0.00060409258106642
0.000601804615641776
0.00059953800758769
0.000597253685486077
0.000594910178135755
0.00059246294817819
0.000589863337418464
0.000587057650663429
0.00058398508930814
0.000580575622638079
0.00057675213135739
0.000572391921891755
0.00056749866091693
0.000561381659834348
0.000556153576875048
0.000542212084262231
9.08486650685595e-05
9.10159272626826e-05
9.12326362185589e-05
9.15054747256764e-05
9.1836131380128e-05
9.22227554323775e-05
9.26609759532815e-05
9.31449091807439e-05
9.36680232894899e-05
9.42236851789254e-05
9.48054644634927e-05
9.54072917730335e-05
9.60235176048114e-05
9.66489109538171e-05
9.72786277185953e-05
9.79081630208262e-05
9.85333051441288e-05
9.91500150477286e-05
9.97546281398488e-05
0.000100342593504289
0.000100913689932741
0.000101460190215402
0.00010197653522677
0.000102457267512283
0.000102896463813395
0.000103287510648699
0.000103622949963023
0.000103894329852221
0.000104092046319456
0.000104205175299799
0.000104221299347055
0.000104126336815554
0.000103904387082111
0.000103537610192623
0.000103006172204134
0.00010228829317275
0.00010136046125664
0.000100197890720681
9.87752751801566e-05
9.70682615661286e-05
9.50543018771381e-05
9.27196556153038e-05
9.00428915252462e-05
8.70865675319369e-05
8.3605460307402e-05
8.11713089504278e-05
8.09160229123949e-05
8.24706713082822e-05
8.63286965391513e-05
9.44183931230694e-05
0.000111490473488938
0.00014650250142617
0.00021214190548701
0.000321173478373327
0.000481786587003621
0.000695707265607814
0.00095943084622013
0.00126626622001427
0.00160302312657034
0.00196477870694787
0.00227762822705513
0.00251139985791678
0.00267526822161984
0.00275001596675498
0.00270147223141816
0.00261994783809309
0.00252800915746758
0.00243102611558055
0.00233062752834542
0.00222769456698278
0.0021230571867078
0.00201762937828656
0.00191239031990324
0.00180833402689237
0.00170641587910433
0.00160750490991406
0.00151234790121199
0.00142154640592079
0.00133554639466637
0.00125463985341249
0.00117897645671347
0.00110858039425881
0.00104337114093639
0.000983184909537679
0.000927795958978352
0.000876936512306723
0.000830314094307539
0.000787625502348093
0.000748567447987726
0.000712844373812371
0.000680174168284027
0.000650291556921119
0.000622949866112371
0.000597922129000802
0.000575001273567996
0.000553999554520695
0.000534747404664808
0.000517092021134014
0.000500895883204371
0.000486035252279645
0.000472398706389615
0.000459885759339745
0.000448405589858436
0.000437875889926886
0.000428221835156866
0.000419375174311796
0.00041127342973569
0.000403859197574008
0.00039707953568927
0.000390885427241057
0.000385231308576516
0.000380074651022021
0.000375375587191328
0.000371096573480204
0.000367202081482777
0.000363658311979483
0.000360432925940159
0.000357494787679993
0.000354813715933424
0.000352360239113437
0.000350105351305035
0.000348020265614663
0.00034607616085681
0.000344243916591587
0.00034249382871069
0.000340795297822915
0.000339116473679481
0.000337423850927377
0.000335681764148246
0.000333851826698146
0.000331892090598114
0.000329756262578735
0.000327392216195235
0.000324739950582098
0.000321734631017218
0.000318272728291375
0.000314359419909726
0.000309428085999092
0.000305202549233048
0.000293915877887073
7.07544320654979e-05
7.08562566872637e-05
7.09827935567289e-05
7.11302826198885e-05
7.12937565451206e-05
7.14687039550371e-05
7.16514391960694e-05
7.1839114486187e-05
7.20296034121279e-05
7.22213010101541e-05
7.24129267496503e-05
7.26033746500784e-05
7.27916065393851e-05
7.29765793216203e-05
7.31571950020295e-05
7.33322819558001e-05
7.35005319024955e-05
7.36606812198072e-05
7.38106511606313e-05
7.39512845359968e-05
7.40766695766942e-05
7.41834835312516e-05
7.42688460198673e-05
7.43297516397202e-05
7.43629081553659e-05
7.43646659458288e-05
7.43309642860668e-05
7.42572775947158e-05
7.41385579148822e-05
7.39691733336862e-05
7.37428434518658e-05
7.34525740023614e-05
7.30905945389086e-05
7.26483047067022e-05
7.21162389427038e-05
7.14840619422027e-05
7.07406153607145e-05
6.9874048348694e-05
6.88720323614553e-05
6.7722300766892e-05
6.64126916635192e-05
6.49346778298549e-05
6.32731239812409e-05
6.14587273284396e-05
5.93436952851353e-05
5.77917521326271e-05
5.74563664394382e-05
5.81123736460335e-05
5.95880774724465e-05
6.1736420983006e-05
6.50361815625536e-05
7.23205296341483e-05
9.15116950504663e-05
0.000137085524654035
0.000226720060605429
0.000373833922401849
0.00058249971829397
0.00084958203956518
0.00116352463314054
0.00152370068605724
0.00185435959826176
0.00211643473567771
0.00231267416798331
0.00240934483046124
0.00235681596659261
0.00226589149417226
0.00216418995684499
0.00205841887094484
0.00195062975446455
0.00184187180753291
0.00173304309798176
0.00162506355311954
0.0015188678189138
0.00141536191819122
0.00131537889532547
0.00121964232452699
0.00112873738781254
0.00104309433604491
0.000962986517318265
0.000888539876652206
0.000819750142065983
0.000756504163516949
0.000698600070070129
0.000645768848620748
0.000597697762227804
0.000554050322560429
0.000514481359962456
0.00047864773346253
0.000446216136836429
0.000416869804761449
0.00039031217031709
0.000366267442301034
0.000344484012244768
0.000324735202637896
0.000306817722497517
0.00029054928426365
0.000275766373771753
0.000262322698997494
0.000250087739338764
0.000238945191884452
0.000228791416611895
0.000219533975534831
0.000211090301543668
0.000203386501243873
0.000196356290892606
0.000189940060306998
0.000184084053765915
0.000178739654460332
0.000173862759049079
0.000169413229650027
0.000165354411742284
0.000161652707759413
0.000158277197444381
0.000155199297248357
0.000152392452163687
0.000149831854320285
0.000147494183460985
0.000145357365074639
0.000143400342531976
0.000141602860033728
0.000139945253492987
0.000138408246648079
0.000136972749506332
0.0001356196558753
0.000134329635467815
0.000133082916230798
0.000131859048173791
0.000130636646252288
0.000129393086608177
0.000128104178642376
0.000126743708065719
0.000125283001176394
0.000123690237540367
0.000121929179141731
0.000119961904424852
0.000117727602596413
0.000115234216610476
0.000112150360270995
0.000109505983223601
0.000102736857046869
5.57063202873754e-05
5.56965852690671e-05
5.57100382508006e-05
5.57445057580175e-05
5.57960569464187e-05
5.58604613515491e-05
5.59337104822428e-05
5.60122497681783e-05
5.60930785535098e-05
5.61737249193441e-05
5.6252158497805e-05
5.63266958466935e-05
5.63959135070976e-05
5.64585717118922e-05
5.65135527049143e-05
5.65598041685758e-05
5.65963228166537e-05
5.66220085290123e-05
5.66361277191071e-05
5.6634427340776e-05
5.66136663071933e-05
5.65718941327046e-05
5.65073622219414e-05
5.64182490574669e-05
5.63025770885639e-05
5.61581739328117e-05
5.59826429306441e-05
5.57733348690639e-05
5.55273192749438e-05
5.52413555050327e-05
5.49118647011923e-05
5.45349043539567e-05
5.41061483931437e-05
5.36208768862887e-05
5.30739820417415e-05
5.24599992361288e-05
5.17731759737235e-05
5.10076008554216e-05
5.01573898611144e-05
4.9217085092441e-05
4.81817253822148e-05
4.70491615766144e-05
4.58133507438886e-05
4.44987339381907e-05
4.30114227107134e-05
4.19339203927878e-05
4.16500889389515e-05
4.21931977072526e-05
4.35384303523394e-05
4.55212111613537e-05
4.76832977486266e-05
4.94467047090356e-05
5.15373699061949e-05
5.9409337819938e-05
8.69761103074875e-05
0.00015546310676677
0.000284150683220551
0.000482494608055526
0.000744233574639145
0.00107296083027991
0.00139500626514455
0.00166485929286252
0.00187874322472323
0.00199044254871751
0.00193690558279837
0.00184220141910715
0.00173719922205682
0.00162948271383446
0.00152135551735129
0.00141393785694377
0.00130812109023492
0.00120476481491509
0.00110470102786771
0.00100869771897746
0.00091742641505564
0.000831431611491172
0.000751103256382226
0.00067667407121322
0.000608231467689279
0.000545731737935922
0.000489020308255626
0.000437846414226035
0.000391881148032337
0.000350755524218512
0.00031408389523875
0.000281475904962278
0.000252542583095157
0.000226906049658817
0.000204208567657773
0.000184121171503766
0.000166338542042342
0.000150582863622896
0.000136622025637797
0.000124248163668932
0.000113274154182868
0.000103530277074818
9.48661867051479e-05
8.7151739151165e-05
8.02740237393569e-05
7.41347525045326e-05
6.86481742205441e-05
6.37393636480335e-05
5.93427667133199e-05
5.54009378918806e-05
5.18634471803206e-05
4.86859402214248e-05
4.58293308900139e-05
4.32591068953105e-05
4.09447318813844e-05
3.88591296130717e-05
3.69782377327691e-05
3.52806203937974e-05
3.37471307091755e-05
3.23606153828784e-05
3.1105655117482e-05
2.99683354202519e-05
2.89360432816534e-05
2.79972859085423e-05
2.71415282874802e-05
2.63590468502646e-05
2.56407969197496e-05
2.49782919462397e-05
2.43634927636371e-05
2.37887052775475e-05
2.32464849563633e-05
2.27295468649762e-05
2.22306792220726e-05
2.17426605770865e-05
2.12581753100785e-05
2.07697355075542e-05
2.02695856698481e-05
1.97496349734134e-05
1.92013511485326e-05
1.86155691288143e-05
1.79832750931632e-05
1.72908924734818e-05
1.6542173751945e-05
1.56624261172671e-05
1.49045403806366e-05
1.31670961116094e-05
3.52199463011625e-05
3.5370306767057e-05
3.554085529156e-05
3.57285144576104e-05
3.59287104424724e-05
3.61367751163444e-05
3.63484300022768e-05
3.65599669380443e-05
3.67683070342951e-05
3.69709508814719e-05
3.71658752077461e-05
3.73514283071398e-05
3.7526238951726e-05
3.7689138205958e-05
3.78391013821728e-05
3.79751789874644e-05
3.80965406796329e-05
3.82020817725173e-05
3.82919518466592e-05
3.83678303360507e-05
3.84293454189269e-05
3.84755954279327e-05
3.85055061996499e-05
3.85179096064878e-05
3.8511555242347e-05
3.84851060142802e-05
3.84371298888819e-05
3.83660909226762e-05
3.82703406617943e-05
3.81481106589181e-05
3.7997506980953e-05
3.78165078358013e-05
3.76029659317659e-05
3.73546176386722e-05
3.70691019367537e-05
3.67439927869079e-05
3.63768492611527e-05
3.5965292058322e-05
3.55070968036542e-05
3.50003822436037e-05
3.44435750821215e-05
3.38365606050946e-05
3.31767987679899e-05
3.24777895404408e-05
3.16879634223763e-05
3.11185830210325e-05
3.09611320593242e-05
3.13015010572877e-05
3.22019821880571e-05
3.37441893302065e-05
3.59216791584226e-05
3.83376818283452e-05
3.99445788276757e-05
3.98543351715323e-05
4.06704718363424e-05
5.39812010644757e-05
0.000101854824826597
0.000210217703037269
0.00038976542263123
0.00065440490039522
0.000937991522163818
0.00119049833361566
0.00140227056962896
0.00151808043370547
0.00146694646947385
0.00137556535385966
0.00127527535384876
0.00117386120964189
0.00107368252503355
0.000975847340060334
0.000881178754762151
0.000790423662867009
0.000704272266646278
0.000623326182712108
0.000548080932317161
0.000478859264794844
0.000415821723738047
0.000358994746238614
0.000308276014431314
0.000263433664324702
0.000224131017364938
0.000189926057334246
0.000160345131758912
0.000134955619147707
0.000113306174148963
9.49390349159761e-05
7.94018578509801e-05
6.62894980805369e-05
5.52495820818888e-05
4.59678527388263e-05
3.81696386531878e-05
3.16647117109894e-05
2.62750772556165e-05
2.17975691887942e-05
1.8062355158533e-05
1.49364127032241e-05
1.23249044235645e-05
1.01512183572827e-05
8.347308069575e-06
6.8549027866853e-06
5.62471528694169e-06
4.61523843907903e-06
3.79156245156314e-06
3.1243186736289e-06
2.58878189931759e-06
2.16412207983143e-06
1.83278007134237e-06
1.57994592835916e-06
1.39312301996318e-06
1.26176364611355e-06
1.17696404424537e-06
1.13120875414159e-06
1.11815605485774e-06
1.13245763884785e-06
1.16960688967309e-06
1.22581111862529e-06
1.29788392850338e-06
1.38315454081634e-06
1.47939147336659e-06
1.58473841137089e-06
1.69766049685437e-06
1.81689958518767e-06
1.94143729864192e-06
2.07046495911168e-06
2.20335971613594e-06
2.33966641864044e-06
2.47908500849349e-06
2.62146348585042e-06
2.76679671086838e-06
2.91523199455659e-06
3.06708130149947e-06
3.22284765813259e-06
3.3832417441655e-06
3.54930849994499e-06
3.72216406509193e-06
3.90450635336362e-06
4.09477761999387e-06
4.3122637126755e-06
4.49406089385808e-06
4.91936850483562e-06
2.92349376887611e-05
2.92432221758564e-05
2.92547214750512e-05
2.92698839360021e-05
2.92888473267414e-05
2.9311517281423e-05
2.9337610283793e-05
2.93666943761432e-05
2.93982353420817e-05
2.94316359349788e-05
2.94662625321808e-05
2.95014629388176e-05
2.95365775871721e-05
2.95709484055605e-05
2.96039137587353e-05
2.96348470082777e-05
2.96629971424032e-05
2.96881758069711e-05
2.9709252574214e-05
2.97251672792069e-05
2.97352230145976e-05
2.97387865310195e-05
2.97352124859858e-05
2.97238212754951e-05
2.97038894355821e-05
2.96746426583983e-05
2.9635248948347e-05
2.95848112499561e-05
2.95223593237782e-05
2.94468407578092e-05
2.93571110374583e-05
2.92519226056908e-05
2.91299129002317e-05
2.89895913936442e-05
2.88293258303212e-05
2.8647328113735e-05
2.8441640101994e-05
2.82101233288945e-05
2.79504427082834e-05
2.76601019231307e-05
2.73363023723168e-05
2.69766453632854e-05
2.65763192765863e-05
2.6140726115474e-05
2.56312487530333e-05
2.52424118801836e-05
2.51286506875856e-05
2.52801618015078e-05
2.57192357642729e-05
2.65159172265396e-05
2.78058685052553e-05
2.97260076307057e-05
3.20844536994337e-05
3.37980685325309e-05
3.29915074236396e-05
2.98565061027575e-05
3.23525996996199e-05
6.26873211304549e-05
0.0001455994080511
0.000315667259781106
0.000530535538973038
0.000739461440138634
0.000926868084630365
0.00103297414518327
0.000987783636554058
0.00090747238765862
0.000820484815321622
0.000734043117900321
0.000650405078727068
0.000570598909101587
0.000495335528849335
0.000425232807447199
0.000360817019698595
0.000302477641142083
0.000250434427908825
0.00020461173043658
0.000164922928163495
0.000131141199785406
0.000102852015985893
7.95026018949067e-05
6.04583540704917e-05
4.51214187478924e-05
3.30775096922663e-05
2.38344524942017e-05
1.67850917216411e-05
1.14171754737643e-05
7.36852269372802e-06
4.39277572292464e-06
2.28354003486543e-06
8.0142673096023e-07
5.74282489928192e-16
5.79497232350658e-16
5.84446660836919e-16
5.89159112473159e-16
5.93660064729667e-16
1.33990052125422e-07
4.32280983909273e-07
8.0937035803312e-07
1.23053811533554e-06
1.67648761925668e-06
2.13427480545573e-06
2.59459583440863e-06
3.05067670310863e-06
3.49762932268205e-06
3.93200531166667e-06
4.35146421858986e-06
4.75451706956279e-06
5.14032592236592e-06
5.50854740517595e-06
5.85921069460729e-06
6.19262245387803e-06
6.50929296054539e-06
6.80987892577767e-06
7.09513948441235e-06
7.36590259196863e-06
7.62303965352822e-06
7.86744666908392e-06
8.10003054060147e-06
8.32169946996561e-06
8.53335660218946e-06
8.73589624927927e-06
8.93020217725863e-06
9.1171475635093e-06
9.2975963351803e-06
9.47240570028832e-06
9.64242974500599e-06
9.80852409528079e-06
9.97155158080135e-06
1.01323892140585e-05
1.0291936181858e-05
1.0451123799546e-05
1.06109276821078e-05
1.07723739007937e-05
1.09365958107538e-05
1.11046480217506e-05
1.12784442503661e-05
1.14567311206798e-05
1.16524827050569e-05
1.18186850011691e-05
1.21640565119258e-05
2.49524489259757e-05
2.49512414401282e-05
2.49535883451885e-05
2.49590916664893e-05
2.49670716875012e-05
2.49768022224226e-05
2.49875996872794e-05
2.49988564169735e-05
2.50100528096867e-05
2.50207531061557e-05
2.50305906208562e-05
2.50392506044907e-05
2.50464545335416e-05
2.50519467713316e-05
2.5055482606926e-05
2.50568216520683e-05
2.50557109515047e-05
2.50519705491608e-05
2.50447939185929e-05
2.50336980749505e-05
2.5018251933418e-05
2.49980075388927e-05
2.49724787767799e-05
2.4941130868545e-05
2.49033718570047e-05
2.48585438667103e-05
2.48059134915673e-05
2.47446610446981e-05
2.46738685173896e-05
2.45925061542219e-05
2.44994176259219e-05
2.4393303892139e-05
2.42727060511099e-05
2.41359877647629e-05
2.3981318366644e-05
2.38066585680968e-05
2.3609751164737e-05
2.33881236941792e-05
2.31390985023661e-05
2.28598677861582e-05
2.25474350201116e-05
2.21993520536262e-05
2.18112848565233e-05
2.13887869753381e-05
2.089735481409e-05
2.05195060795198e-05
2.03937922898463e-05
2.0524119674671e-05
2.09020287935634e-05
2.15187200025419e-05
2.23909300360233e-05
2.36133156183867e-05
2.53675300027489e-05
2.76597908169187e-05
2.9570033432828e-05
2.88855029559011e-05
2.36154617270626e-05
1.94625826229584e-05
3.14863450692892e-05
0.000100029184903885
0.000223010546647755
0.000364317497797621
0.000505767065723043
0.000588674060676896
0.000552718706945818
0.000490617984306883
0.000424964869604168
0.000361713004011972
0.000302776549255658
0.000248855579435595
0.000200487116982852
0.000158046295048702
0.000121633949455349
9.11364393887253e-05
6.60463383272501e-05
4.60312599794503e-05
3.08215010467774e-05
1.96020682164986e-05
1.14756174229708e-05
5.77143060446243e-06
1.84493521594948e-06
5.5192615306336e-16
5.58959476430725e-16
5.65497803232603e-16
5.71596308283966e-16
2.96313291079777e-08
6.14114483925554e-07
1.42858489262821e-06
2.3429797214841e-06
3.29294936714827e-06
4.23614784605932e-06
5.13794408331798e-06
5.98905282908311e-06
6.78662467772668e-06
7.53083497517158e-06
8.22058135081409e-06
8.85498574522284e-06
9.43540558211316e-06
9.96446829020725e-06
1.04454184665492e-05
1.08817520079944e-05
1.12770062062976e-05
1.16346382483961e-05
1.19579544051363e-05
1.22500692900879e-05
1.25138850568733e-05
1.27520841980986e-05
1.29671312535587e-05
1.31612801619073e-05
1.33365850368042e-05
1.3494912851003e-05
1.36379570010052e-05
1.37672510667965e-05
1.38841823187409e-05
1.39900046873516e-05
1.40858510235028e-05
1.41727445522486e-05
1.42516094739025e-05
1.43232806988965e-05
1.43885127237482e-05
1.44479876681195e-05
1.45023224997091e-05
1.4552075476848e-05
1.45977518374854e-05
1.46398087610963e-05
1.46786596173697e-05
1.47146775135187e-05
1.47481981062668e-05
1.4779521683399e-05
1.48089143256781e-05
1.48366082874331e-05
1.48628006918989e-05
1.48876521441795e-05
1.49112787297286e-05
1.49337575218271e-05
1.49550691962362e-05
1.49752401551632e-05
1.49938727142711e-05
1.50106436119167e-05
1.50310111596102e-05
2.06041124500286e-05
2.05954597018602e-05
2.05909754468237e-05
2.05902975169835e-05
2.05927138839885e-05
2.05974127052862e-05
2.06035840473149e-05
2.06104665828079e-05
2.0617373471377e-05
2.06237006486609e-05
2.06289210404986e-05
2.06325734175731e-05
2.0634247198303e-05
2.06335793341716e-05
2.0630200943227e-05
2.06239038000807e-05
2.061387271856e-05
2.059908920753e-05
2.05790217507038e-05
2.05532468086795e-05
2.05213545550657e-05
2.0482922230045e-05
2.04375037189975e-05
2.03846230962487e-05
2.03237691411984e-05
2.02543900729799e-05
2.01758883325361e-05
2.00876154305087e-05
1.99888669854713e-05
1.98788781789702e-05
1.97568199806065e-05
1.96217966597486e-05
1.94728453328338e-05
1.93089385946685e-05
1.91289916817008e-05
1.89318761979764e-05
1.87164426070877e-05
1.84815564509075e-05
1.82261445226606e-05
1.79492887316358e-05
1.76502245526627e-05
1.7328892275617e-05
1.69841876028314e-05
1.66225465571125e-05
1.62205389214271e-05
1.59221440255044e-05
1.58177491159228e-05
1.59358147389872e-05
1.62850665321407e-05
1.68678607049289e-05
1.76783754956847e-05
1.87123474404432e-05
2.00193586408432e-05
2.17761864789755e-05
2.40977769291321e-05
2.63731296643183e-05
2.60875192369054e-05
2.08515301002969e-05
1.04368546310989e-05
1.40367875297393e-05
5.18585043309011e-05
0.000115449357533625
0.00019495286308488
0.000244563132616616
0.000220830710296741
0.00018286877540022
0.000145072322715953
0.000111190967472229
8.19531366688478e-05
5.76639483759462e-05
3.85721694455668e-05
2.41436128591212e-05
1.35634416647809e-05
6.1934623148357e-06
9.00672029666948e-07
5.40286732393871e-16
5.48289500771552e-16
5.55718723124438e-16
5.62627597373184e-16
6.65619731898871e-07
1.88557800315005e-06
3.30260286011627e-06
4.72793221369151e-06
6.09932871442717e-06
7.38961951932968e-06
8.58714041048191e-06
9.67150096872645e-06
1.06355226700954e-05
1.14811315591216e-05
1.22151409949467e-05
1.28468227898787e-05
1.33866041950859e-05
1.38448889091219e-05
1.42315162068944e-05
1.45555139468553e-05
1.48250626839937e-05
1.50475044030041e-05
1.52293513627699e-05
1.53763249350501e-05
1.54934173195988e-05
1.5584963715098e-05
1.56547156984353e-05
1.57059110861412e-05
1.57413383655284e-05
1.57633948814778e-05
1.57741385687682e-05
1.57753334571857e-05
1.57684894078093e-05
1.57548966317828e-05
1.57356555628889e-05
1.57117026361315e-05
1.56838324808747e-05
1.56527169892132e-05
1.56189216666463e-05
1.5582919620316e-05
1.55451034934357e-05
1.55057956114957e-05
1.54652565672698e-05
1.54236924372375e-05
1.53812607911617e-05
1.53380756285364e-05
1.52942113497731e-05
1.52497058452942e-05
1.52045627620149e-05
1.51587529815595e-05
1.5112215322512e-05
1.50648564460017e-05
1.50165499334164e-05
1.49671344427869e-05
1.49164108451489e-05
1.48641384376555e-05
1.48100284178139e-05
1.47537434236063e-05
1.46948601279632e-05
1.46329881455059e-05
1.45672079558591e-05
1.44983653644953e-05
1.44195918092174e-05
1.43545643996046e-05
1.42052620610456e-05
1.41935278156931e-05
1.42195138335737e-05
1.42493821615074e-05
1.42826744170531e-05
1.43186012152462e-05
1.4356281249837e-05
1.43948418567287e-05
1.44334655102772e-05
1.44714150472305e-05
1.45080417626897e-05
1.45427797878087e-05
1.45751344173977e-05
1.46046685158841e-05
1.46309916101382e-05
1.46537400655865e-05
1.46725984104248e-05
1.46881941543522e-05
1.47007468375767e-05
1.47101199041133e-05
1.47160881527599e-05
1.47183993696938e-05
1.47167872469134e-05
1.47109728639064e-05
1.47006635527381e-05
1.46855512175822e-05
1.4665310598086e-05
1.46395976157093e-05
1.46080478844808e-05
1.45702754831462e-05
1.4525872124678e-05
1.44744069129967e-05
1.44154269445552e-05
1.43484591029366e-05
1.42730135063823e-05
1.41885891994433e-05
1.40946828872973e-05
1.39908014331042e-05
1.3876480099911e-05
1.37513036682226e-05
1.36149488661998e-05
1.3467172691401e-05
1.33080788328627e-05
1.31371967490168e-05
1.2957836091082e-05
1.27579772238862e-05
1.26105186362335e-05
1.25594767619463e-05
1.26287278041559e-05
1.28357945559813e-05
1.32053513867453e-05
1.37689784964644e-05
1.4553526545991e-05
1.55719638355832e-05
1.68657746479671e-05
1.85857738248451e-05
2.09700865094336e-05
2.35082255227596e-05
2.42755166677228e-05
1.90344365532361e-05
7.22943314110093e-06
1.90052669077014e-06
9.5707484296059e-06
3.18459647664966e-05
4.82588809628438e-05
3.91093768285857e-05
2.67063073295113e-05
1.58922382275639e-05
7.66112295737279e-06
1.24760968935214e-06
5.2568153395496e-16
5.34209421308635e-16
5.4224643042211e-16
5.49806513587347e-16
4.63700553153525e-07
1.89919075020954e-06
3.63169563401341e-06
5.41040536486097e-06
7.13833526620504e-06
8.77030835966043e-06
1.02556753902221e-05
1.15583261785363e-05
1.26672513622021e-05
1.35885969780296e-05
1.4336901840398e-05
1.49303882517138e-05
1.53883090292209e-05
1.57299357654077e-05
1.59735399535943e-05
1.61357369166025e-05
1.62311931912256e-05
1.62725778712918e-05
1.62706542625706e-05
1.6234452485397e-05
1.61714746089694e-05
1.60879039958186e-05
1.59888022943532e-05
1.5878287249113e-05
1.57596893435843e-05
1.56356870047665e-05
1.5508421392851e-05
1.53795927057719e-05
1.52505402867983e-05
1.51223088211419e-05
1.49957027693677e-05
1.4871330977497e-05
1.47496431547609e-05
1.46309596571985e-05
1.45154957808817e-05
1.44033815607599e-05
1.42946778920878e-05
1.4189389640327e-05
1.40874762799859e-05
1.39888604998906e-05
1.38934351284826e-05
1.38010686648956e-05
1.37116096466965e-05
1.36248900408621e-05
1.3540727808472e-05
1.34589287640724e-05
1.33792878260307e-05
1.3301589733068e-05
1.32256092835888e-05
1.31511111371087e-05
1.30778492013645e-05
1.30055656117184e-05
1.29339892982971e-05
1.28628341131481e-05
1.2791796499925e-05
1.27205526353983e-05
1.26487550195622e-05
1.2576028681809e-05
1.25019653753722e-05
1.24261248727748e-05
1.23479998718985e-05
1.22671434269834e-05
1.21825931964583e-05
1.20952901273509e-05
1.19979984781837e-05
1.19168821377893e-05
1.17418685912976e-05
1.24362900492651e-05
1.24342767967987e-05
1.24327056161061e-05
1.24316366100549e-05
1.24310854841937e-05
1.24310347669566e-05
1.24314383413013e-05
1.24322253260261e-05
1.2433305181981e-05
1.24345730140837e-05
1.2435914144563e-05
1.24372068902875e-05
1.24383278547587e-05
1.24391427550997e-05
1.24395552759428e-05
1.24393596106803e-05
1.2438062278303e-05
1.24354389389333e-05
1.24313266582122e-05
1.24255729767127e-05
1.24180225175261e-05
1.24085126160884e-05
1.23968711397411e-05
1.23829148460373e-05
1.23664478714073e-05
1.23472602489394e-05
1.23251264409755e-05
1.22998039082672e-05
1.22710317645285e-05
1.22385295950546e-05
1.22019965553309e-05
1.21611109125236e-05
1.21155302532786e-05
1.20648926570831e-05
1.20088192157307e-05
1.19469184153539e-05
1.18787928112457e-05
1.18040492678565e-05
1.17223106333894e-05
1.16332411573901e-05
1.15365343861574e-05
1.14320854290372e-05
1.13193756487648e-05
1.12003078695624e-05
1.10668646997889e-05
1.09649628191602e-05
1.09295466582713e-05
1.09545622892848e-05
1.10406399506996e-05
1.11998578122294e-05
1.14579356110266e-05
1.18556062035561e-05
1.24399421310607e-05
1.32515832503182e-05
1.43401557880905e-05
1.58810958557483e-05
1.81348337864691e-05
2.09379125812079e-05
2.25841041845397e-05
1.81293683532277e-05
8.35933904970739e-06
5.29836717416412e-16
5.21208489269513e-16
5.17042307923085e-16
5.22127220865147e-16
5.2923050430206e-16
5.36588471267608e-16
5.43778448035651e-16
1.31898189212421e-06
3.11446661805544e-06
5.04566999433648e-06
6.98111209105616e-06
8.84983191406088e-06
1.05886868382962e-05
1.21235710237648e-05
1.34195783674768e-05
1.44700689004519e-05
1.52849852236307e-05
1.58835467405185e-05
1.62908193886697e-05
1.65347947365747e-05
1.6643673242413e-05
1.66439491177257e-05
1.65593511567406e-05
1.64103946511875e-05
1.62143295607975e-05
1.59853129019986e-05
1.57347133738722e-05
1.54714785652691e-05
1.52025142163874e-05
1.49330437359891e-05
1.46669309126864e-05
1.4406958666167e-05
1.41550630894863e-05
1.39125256891199e-05
1.36801285627968e-05
1.34582778670346e-05
1.3247100840769e-05
1.30465212096528e-05
1.28563171939858e-05
1.26761657090313e-05
1.25056757362625e-05
1.23444132839375e-05
1.21919198668319e-05
1.2047726026347e-05
1.19113610778278e-05
1.17823600024119e-05
1.1660268186944e-05
1.15446445481269e-05
1.1435063447253e-05
1.13311157019645e-05
1.12324089252254e-05
1.11385673637319e-05
1.10492313641506e-05
1.09640565624922e-05
1.08827128670031e-05
1.08048832860905e-05
1.0730262638384e-05
1.06585561709634e-05
1.0589478102995e-05
1.05227501047662e-05
1.04580997159146e-05
1.03952587009024e-05
1.03339613349192e-05
1.02739426078238e-05
1.02149363325043e-05
1.01566731357638e-05
1.00988783248141e-05
1.00412696002716e-05
9.98355462247403e-06
9.92542862599301e-06
9.86657093200156e-06
9.80664711877914e-06
9.74528556917504e-06
9.68217152542049e-06
9.61663736044456e-06
9.5494063229299e-06
9.47532699403776e-06
9.41350508734517e-06
9.283827143668e-06
1.08125282913722e-05
1.0811479574934e-05
1.08112309711688e-05
1.08117018782786e-05
1.08127388289074e-05
1.0814164629284e-05
1.08157995856269e-05
1.08174718373972e-05
1.08190231816716e-05
1.0820311517259e-05
1.08212100510031e-05
1.08216061070262e-05
1.08213940548094e-05
1.08204904837689e-05
1.08187553038208e-05
1.0816005159491e-05
1.08121171524356e-05
1.08069828655661e-05
1.08004965995291e-05
1.07925516427501e-05
1.07830385130668e-05
1.07718437560689e-05
1.0758848961063e-05
1.07439299067223e-05
1.07269558108323e-05
1.07077886798828e-05
1.06862827672374e-05
1.06622841590527e-05
1.0635630516138e-05
1.06061510074678e-05
1.05736664762961e-05
1.05379898807978e-05
1.04989270454005e-05
1.04562777439081e-05
1.04098370941874e-05
1.03593972209696e-05
1.03047488933546e-05
1.02456833776167e-05
1.01819916973219e-05
1.01134705162422e-05
1.00398912827269e-05
9.96111383130967e-06
9.87655941154391e-06
9.78742746659226e-06
9.68700058636624e-06
9.60961336016405e-06
9.57964996422394e-06
9.60391906037838e-06
9.68263727766027e-06
9.81293172517005e-06
9.99334327894755e-06
1.02307601810822e-05
1.05482165790504e-05
1.09859690607666e-05
1.15897473209931e-05
1.24231778336686e-05
1.36772169282791e-05
1.56444342554518e-05
1.86099462137356e-05
2.05635456072657e-05
1.86088675052911e-05
1.32562427024767e-05
7.03151299292281e-06
3.95929044435542e-06
4.88394087908771e-06
6.72292006696564e-06
8.69349887013347e-06
1.05911979749367e-05
1.2292644511528e-05
1.37401108242252e-05
1.49131323044148e-05
1.58117829195789e-05
1.64489916515904e-05
1.68468138591324e-05
1.70345916065733e-05
1.70455121074065e-05
1.69134761887382e-05
1.66708226464957e-05
1.63468702482449e-05
1.59670786351475e-05
1.5552705971245e-05
1.51208582140149e-05
1.4684807775299e-05
1.42544649824143e-05
1.38369109916027e-05
1.34369286623407e-05
1.30574924687156e-05
1.27001967836553e-05
1.23656149610418e-05
1.20535902949637e-05
1.17634649758454e-05
1.1494255555216e-05
1.12447840773966e-05
1.10137736134026e-05
1.07999159449619e-05
1.06019179536314e-05
1.04185320660137e-05
1.02485750009282e-05
1.00909381105894e-05
9.94459182108844e-06
9.80858605017303e-06
9.68204798690208e-06
9.5641782335199e-06
9.45424601718334e-06
9.35158396132081e-06
9.25558274649616e-06
9.16568587464477e-06
9.08138466784593e-06
9.00221357498287e-06
8.92774582006615e-06
8.85758939963544e-06
8.7913834197536e-06
8.72879475290202e-06
8.66951498940933e-06
8.61325765553876e-06
8.55975566979622e-06
8.50875900974675e-06
8.46003256296218e-06
8.41335413742509e-06
8.36851260841985e-06
8.3253061804925e-06
8.28354074439619e-06
8.24302830995295e-06
8.20358549683025e-06
8.16503206577463e-06
8.12718947554345e-06
8.08987945049356e-06
8.05292255431107e-06
8.01613676555856e-06
7.97933604861634e-06
7.94232913276636e-06
7.90491756580133e-06
7.86689806988973e-06
7.82804717739677e-06
7.78818552241433e-06
7.74690939458994e-06
7.70471918123325e-06
7.65839154727694e-06
7.61995070855225e-06
7.53952052953759e-06
9.28816217594389e-06
9.28947175618617e-06
9.29133868078241e-06
9.29371144828448e-06
9.29648416978006e-06
9.29952871557755e-06
9.30270902733153e-06
9.30588887411916e-06
9.3089370088402e-06
9.31173054510427e-06
9.31415478079826e-06
9.31610802222955e-06
9.31747814546476e-06
9.31823809010813e-06
9.31841534177306e-06
9.3179725270816e-06
9.31685275997977e-06
9.31499485296641e-06
9.31233632629537e-06
9.30881353413255e-06
9.30436110063937e-06
9.29891116439731e-06
9.29239252331224e-06
9.28472967078278e-06
9.27584168431606e-06
9.26564091479465e-06
9.25403141444901e-06
9.24090703010584e-06
9.22614907436627e-06
9.20962347118374e-06
9.19117725483568e-06
9.17063428460074e-06
9.14779002506675e-06
9.12240524343119e-06
9.09419848808751e-06
9.06283731288689e-06
9.02792816950166e-06
8.98900582638615e-06
8.9455205060227e-06
8.89683437576421e-06
8.84218493897845e-06
8.78080726404475e-06
8.71141487447238e-06
8.63446387694997e-06
8.5426713981031e-06
8.46766531263092e-06
8.43607834040192e-06
8.45281186394464e-06
8.51865857261863e-06
8.63369530278734e-06
8.79636434142281e-06
9.00311642431887e-06
9.251429035015e-06
9.54705452373152e-06
9.91095198204144e-06
1.03702642093677e-05
1.09899611330613e-05
1.19116510683508e-05
1.35865002065953e-05
1.63071187805678e-05
1.84652253269708e-05
1.8921391450317e-05
1.7354546955985e-05
1.62865584223581e-05
1.66439811829279e-05
1.71742013376451e-05
1.75741405173738e-05
1.77799744173896e-05
1.7793840372167e-05
1.76377670813917e-05
1.73401172676432e-05
1.69307951110763e-05
1.643895941686e-05
1.5891610253787e-05
1.53126052102328e-05
1.47220753791267e-05
1.41362149151367e-05
1.35673804196512e-05
1.30244165560347e-05
1.2513123376153e-05
1.20367893736768e-05
1.15967289428323e-05
1.11927808069114e-05
1.0823741609198e-05
1.04877235828042e-05
1.01824359739168e-05
9.9053967280327e-06
9.65408450834795e-06
9.4260422642516e-06
9.21894316252879e-06
9.03062843801041e-06
8.85912510843543e-06
8.70264985187422e-06
8.55960384348459e-06
8.42856207565383e-06
8.30825966699779e-06
8.19757688034382e-06
8.09552398327633e-06
8.0012266605188e-06
7.91391239019705e-06
7.83289799451844e-06
7.75757844172872e-06
7.68741688962532e-06
7.62193590801896e-06
7.56070978846606e-06
7.5033578363177e-06
7.44953853685598e-06
7.39894449025164e-06
7.35129801669356e-06
7.30634734153407e-06
7.26386327950096e-06
7.22363634625004e-06
7.185474234336e-06
7.14919959879081e-06
7.11464810484674e-06
7.08166669684933e-06
7.05011205311204e-06
7.0198491963636e-06
6.99075023364918e-06
6.96269320308039e-06
6.93556100775617e-06
6.90924041962108e-06
6.88362113801866e-06
6.8585948895687e-06
6.83405455749927e-06
6.80989333126855e-06
6.78600386852981e-06
6.76227746877274e-06
6.73860326074622e-06
6.71486740377565e-06
6.69095244433757e-06
6.6667362575846e-06
6.64209368973606e-06
6.61688728314331e-06
6.59100756639304e-06
6.56420543561694e-06
6.5368023269068e-06
6.50676302925793e-06
6.48175212388714e-06
6.43000885375559e-06
8.49671106662857e-06
8.49408795639565e-06
8.49170498419064e-06
8.48955053917065e-06
8.48758651928753e-06
8.48576194397742e-06
8.48401885102964e-06
8.48229551575234e-06
8.48052934660702e-06
8.47865709479605e-06
8.47662235498467e-06
8.47434834944454e-06
8.47185266960192e-06
8.46906205800343e-06
8.46588263032771e-06
8.46224239832137e-06
8.45807077750678e-06
8.45329260426907e-06
8.44782554370797e-06
8.44157823538342e-06
8.43444853012195e-06
8.42632164463917e-06
8.4170681721923e-06
8.40654191436971e-06
8.39457750757859e-06
8.38098782442568e-06
8.36556113980222e-06
8.34805806616757e-06
8.32820828448642e-06
8.30570712959769e-06
8.28021213551368e-06
8.25133971247685e-06
8.21866221921142e-06
8.18170582073195e-06
8.13994967775683e-06
8.09282726129862e-06
8.03973067141975e-06
7.98001983680044e-06
7.91303565311918e-06
7.83812970010551e-06
7.75466512076583e-06
7.66219522943436e-06
7.55992675594252e-06
7.44936191520685e-06
7.32311856338741e-06
7.22204829123209e-06
7.1771953691531e-06
7.19046043575561e-06
7.25876309664244e-06
7.37999485578872e-06
7.5518242163043e-06
7.7709312687797e-06
8.03200368794697e-06
8.32778743711561e-06
8.65399942311883e-06
9.0120629336544e-06
9.41240085213993e-06
9.88365401763913e-06
1.05347290819437e-05
1.19221224287406e-05
1.38680775337146e-05
1.57421279384957e-05
1.69664928449186e-05
1.74718479954188e-05
1.72148827910744e-05
1.67273610404746e-05
1.61490369936313e-05
1.55256483168673e-05
1.48810629582457e-05
1.42325920212482e-05
1.35941757932224e-05
1.29769717148467e-05
1.23894715665261e-05
1.18376265381362e-05
1.13250731619038e-05
1.08534492297492e-05
1.04227624496571e-05
1.00317732294267e-05
9.67835895842814e-06
9.35983605472007e-06
9.07322628001888e-06
8.81546320056344e-06
8.58354167636331e-06
8.37461763354527e-06
8.18606744532774e-06
8.01551655980051e-06
7.8608461772171e-06
7.72018534564572e-06
7.59189422933994e-06
7.47454277707223e-06
7.36688771664283e-06
7.26784977227418e-06
7.17649223539502e-06
7.0920014789904e-06
7.0136696448915e-06
6.94087950831557e-06
6.87309139429303e-06
6.80983195464286e-06
6.75068458931902e-06
6.69528129634512e-06
6.64329574906391e-06
6.59443742003774e-06
6.54844659286639e-06
6.50509012445611e-06
6.46415784001616e-06
6.42545946068403e-06
6.38882197897028e-06
6.35408741031316e-06
6.32111086018071e-06
6.28975885558825e-06
6.25990789785808e-06
6.2314432001572e-06
6.20425757901066e-06
6.17825047374522e-06
6.1533270718344e-06
6.12939752147971e-06
6.1063762155906e-06
6.08418113366152e-06
6.06273322999756e-06
6.04195585834275e-06
6.02177422426632e-06
6.0021148577644e-06
5.98290509946183e-06
5.96407259478044e-06
5.94554479135799e-06
5.92724843679291e-06
5.90910907521121e-06
5.89105054526571e-06
5.87299448987871e-06
5.85485986833268e-06
5.83656263327563e-06
5.81801496654235e-06
5.79912706858129e-06
5.77979896689661e-06
5.75995583830281e-06
5.73940566644192e-06
5.71842788930675e-06
5.69539846969941e-06
5.67638397106e-06
5.63667112719704e-06
7.43018211357748e-06
7.42442537881563e-06
7.41913999945426e-06
7.41428694216345e-06
7.40977678864447e-06
7.40549799540397e-06
7.40132935175108e-06
7.39714599886824e-06
7.39282764504379e-06
7.38824663792594e-06
7.38333196795308e-06
7.37780370855817e-06
7.37126574592812e-06
7.36346438497105e-06
7.35422701837051e-06
7.34340611989927e-06
7.33086454014588e-06
7.31647069752113e-06
7.30009626225539e-06
7.28161459365822e-06
7.26089952460195e-06
7.23782439996504e-06
7.21226135159853e-06
7.18408081572649e-06
7.15315131249001e-06
7.11933952198329e-06
7.08251070874813e-06
7.04252956709613e-06
6.99926158253938e-06
6.95257502992074e-06
6.90234375609897e-06
6.84845092300878e-06
6.79079391265646e-06
6.72929061589078e-06
6.66388732648238e-06
6.59456845831795e-06
6.52136814974996e-06
6.44438404314497e-06
6.36379169074324e-06
6.27986469492374e-06
6.19297390592011e-06
6.10367807235098e-06
6.01238913277616e-06
5.92093445324263e-06
5.82544403965723e-06
5.75462001015916e-06
5.72337318690419e-06
5.73800977174702e-06
5.80282062591601e-06
5.91951399192822e-06
6.08933581120788e-06
6.31287869601352e-06
6.58916112624156e-06
6.91410701617255e-06
7.27956621124399e-06
7.6752307065076e-06
8.08866864881627e-06
8.51576713327655e-06
8.91978417598508e-06
9.47673379683889e-06
1.03333547407317e-05
1.14002554320514e-05
1.25334412318543e-05
1.31206310229736e-05
1.28169785284373e-05
1.23169380458431e-05
1.17915781373836e-05
1.12843335553701e-05
1.08072457169504e-05
1.03638453581319e-05
9.95484614417671e-06
9.57966714191047e-06
9.23693995579773e-06
8.92476999103508e-06
8.64093235066403e-06
8.38303575277462e-06
8.14865595892935e-06
7.93543733563772e-06
7.74116336827632e-06
7.56379926674778e-06
7.4015115743979e-06
7.25267051727093e-06
7.11584066430233e-06
6.98976466272655e-06
6.87334374056939e-06
6.76561757732128e-06
6.66574518479251e-06
6.57298768656164e-06
6.4866933486432e-06
6.40628487000097e-06
6.3312487472289e-06
6.26112643913313e-06
6.1955070362544e-06
6.13402115813999e-06
6.07633583720772e-06
6.02215019015138e-06
5.97119171837648e-06
5.92321311408182e-06
5.87798947739529e-06
5.8353158727827e-06
5.79500517047778e-06
5.75688613153448e-06
5.72080170407599e-06
5.6866075045144e-06
5.65417046189694e-06
5.6233676066649e-06
5.59408498737258e-06
5.56621670062226e-06
5.53966402084723e-06
5.51433461775072e-06
5.49014185025652e-06
5.46700412680305e-06
5.44484432273509e-06
5.4235892464107e-06
5.4031691464646e-06
5.38351725343135e-06
5.36456934963689e-06
5.34626336189673e-06
5.3285389721339e-06
5.31133724154455e-06
5.29460024439492e-06
5.27827070798995e-06
5.26229165582118e-06
5.24660605153238e-06
5.23115644208065e-06
5.2158845999469e-06
5.20073116573247e-06
5.18563529582368e-06
5.17053432668288e-06
5.15536345278047e-06
5.14005554389224e-06
5.12454066409715e-06
5.10874749376596e-06
5.09259743772841e-06
5.0760311178562e-06
5.05890121275936e-06
5.04142351472551e-06
5.02232594234051e-06
5.00646035529235e-06
4.97362602949768e-06
4.75476156796866e-06
4.76430683288345e-06
4.77430085733689e-06
4.78466582648774e-06
4.79526988175442e-06
4.80595577711781e-06
4.81655574902454e-06
4.82689762539934e-06
4.83682236918259e-06
4.84613997732232e-06
4.8548357210328e-06
4.86314300639692e-06
4.87125515061787e-06
4.87920306175853e-06
4.88697871900196e-06
4.89456453803075e-06
4.90194043496944e-06
4.90908560490675e-06
4.91597904983773e-06
4.9225998163209e-06
4.92892717488107e-06
4.93494080024536e-06
4.94062097009714e-06
4.94594878980185e-06
4.95090644760708e-06
4.95547750341036e-06
4.95964721277531e-06
4.9634028857659e-06
4.96673427680345e-06
4.96963399656354e-06
4.97209792921981e-06
4.97412562726649e-06
4.97572064064215e-06
4.97689071622403e-06
4.977647775469e-06
4.97800754812097e-06
4.97798868226467e-06
4.97761117977931e-06
4.97689367105778e-06
4.97585024082518e-06
4.97448248939902e-06
4.97278348564716e-06
4.97068357283256e-06
4.9682313046312e-06
4.96477532131002e-06
4.96289386230768e-06
4.9637236802063e-06
4.97162742939254e-06
4.99358208514371e-06
5.0357691557701e-06
5.10660862785723e-06
5.21651884724267e-06
5.37654421594001e-06
5.59640994094768e-06
5.88176559157928e-06
6.23235769834272e-06
6.63880687054729e-06
7.09005274382897e-06
7.5485523762418e-06
7.99453413789694e-06
8.42268491992741e-06
8.85450617173126e-06
9.34127481340497e-06
9.61465902170628e-06
9.43124794495248e-06
9.15311230211703e-06
8.86725022793934e-06
8.59398263417835e-06
8.33746125293651e-06
8.09780578635829e-06
7.87414780820593e-06
7.66541667699507e-06
7.47054963995119e-06
7.28855118472621e-06
7.11850995543566e-06
6.95959984633834e-06
6.81107306018087e-06
6.67224932078115e-06
6.54250410871464e-06
6.4212577243596e-06
6.30796622041611e-06
6.20211467424837e-06
6.10321279565994e-06
6.01079253020579e-06
5.92440715263514e-06
5.84363131813652e-06
5.76806159971801e-06
5.69731714444691e-06
5.63104019680269e-06
5.5688963429515e-06
5.51057441450887e-06
5.45578605104942e-06
5.40426495888091e-06
5.35576592351989e-06
5.31006363988122e-06
5.2669514222687e-06
5.22623984941024e-06
5.18775539055024e-06
5.15133904888865e-06
5.11684504960827e-06
5.08413959187105e-06
5.05309967751958e-06
5.02361202369929e-06
4.99557206220631e-06
4.96888302502459e-06
4.94345511308105e-06
4.91920474353785e-06
4.89605386981682e-06
4.87392936789642e-06
4.8527624821276e-06
4.8324883237899e-06
4.81304541578497e-06
4.79437527717858e-06
4.77642204169821e-06
4.75913210475125e-06
4.74245379399642e-06
4.72633705898264e-06
4.7107331758171e-06
4.6955944632735e-06
4.68087400716861e-06
4.66652539025167e-06
4.65250242528874e-06
4.63875888952371e-06
4.62524825936691e-06
4.61192344498802e-06
4.59873652593254e-06
4.58563849052945e-06
4.57257898462996e-06
4.5595060824301e-06
4.54636607657968e-06
4.53310340490536e-06
4.51966031587822e-06
4.50597824014404e-06
4.4919926879053e-06
4.47765665169868e-06
4.46284689010285e-06
4.44775678883329e-06
4.43129443200932e-06
4.41763771056468e-06
4.38973759445761e-06
5.3540892168594e-06
5.34942304974525e-06
5.34459706267756e-06
5.33965729373554e-06
5.3346704432221e-06
5.32971179513003e-06
5.32485887371422e-06
5.32018663387266e-06
5.31576785363326e-06
5.31165880327442e-06
5.30770973207904e-06
5.3037745834087e-06
5.29980729449874e-06
5.29578548305933e-06
5.2916921925254e-06
5.28751140627922e-06
5.28322681650772e-06
5.27882135386801e-06
5.27427688625261e-06
5.26957394522422e-06
5.26469144458314e-06
5.25960637960719e-06
5.25429350030836e-06
5.24872495250459e-06
5.24286988006764e-06
5.2366939811864e-06
5.23015901112154e-06
5.22322222382059e-06
5.2158357450075e-06
5.2079458701336e-06
5.19949228214597e-06
5.1904071868406e-06
5.18061436794145e-06
5.17002817161407e-06
5.15855243784348e-06
5.14607942152777e-06
5.13248872058145e-06
5.11764644733112e-06
5.10140409747378e-06
5.08360006202228e-06
5.064052136376e-06
5.04259146679907e-06
5.01892526848202e-06
4.99323121980308e-06
4.96365848596429e-06
4.93861888763308e-06
4.92655307647802e-06
4.92374701022587e-06
4.92263305459378e-06
4.92208428222214e-06
4.9237526437749e-06
4.93227047900876e-06
4.9560815585468e-06
5.00775464072036e-06
5.10296923696373e-06
5.25826998112213e-06
5.48649429352118e-06
5.79501806396834e-06
6.17783796527838e-06
6.61707630805261e-06
7.00980798914102e-06
7.3163724668975e-06
7.56642825041631e-06
7.70212254702208e-06
7.58480638538851e-06
7.41238035957601e-06
7.23260595579892e-06
7.0569366307914e-06
6.88818104547406e-06
6.7270264937015e-06
6.57363076939685e-06
6.42800515038744e-06
6.29009627229703e-06
6.15979735290176e-06
6.03694744407693e-06
5.92133176520884e-06
5.81268538598092e-06
5.71070029532567e-06
5.61503503385229e-06
5.52532564001029e-06
5.44119668554121e-06
5.36227144383112e-06
5.28818055073201e-06
5.21856881762226e-06
5.15310011936784e-06
5.09146048121358e-06
5.033359616192e-06
4.97853122447492e-06
4.92673237391925e-06
4.87774225425766e-06
4.83136055144325e-06
4.78740563569329e-06
4.74571270518858e-06
4.7061319821141e-06
4.66852702100704e-06
4.63277316161397e-06
4.59875613877325e-06
4.56637084876193e-06
4.53552026359842e-06
4.50611448060476e-06
4.4780698928991e-06
4.45130846639865e-06
4.4257571096389e-06
4.40134712383294e-06
4.37801372187401e-06
4.35569560626487e-06
4.3343345971454e-06
4.31387530265341e-06
4.29426482479465e-06
4.27545249482333e-06
4.25738963286506e-06
4.24002932715659e-06
4.2233262288592e-06
4.20723635891362e-06
4.19171692387572e-06
4.17672613809075e-06
4.1622230499541e-06
4.14816737034933e-06
4.13451930169212e-06
4.12123936633378e-06
4.10828823341231e-06
4.09562654363023e-06
4.08321473191369e-06
4.07101284856958e-06
4.05898038042667e-06
4.04707607479737e-06
4.03525777099022e-06
4.02348224589607e-06
4.01170508932632e-06
3.99988060251912e-06
3.98796184571955e-06
3.97590042217849e-06
3.96364791950149e-06
3.95115126604114e-06
3.93837417192679e-06
3.92521343837832e-06
3.91184552704033e-06
3.89732465355615e-06
3.88529208496509e-06
3.8606766074213e-06
4.82916692258524e-06
4.82830357436642e-06
4.82752577869452e-06
4.82681376285629e-06
4.82613326053586e-06
4.82544328360303e-06
4.82469890604048e-06
4.8238572768276e-06
4.82285917448533e-06
4.82171190341533e-06
4.8204000397933e-06
4.81889725372275e-06
4.81717521413409e-06
4.81520562019592e-06
4.81296050609219e-06
4.81041209023319e-06
4.80753249496264e-06
4.80429342612324e-06
4.80066583914375e-06
4.79661960052431e-06
4.79212314769134e-06
4.787143147481e-06
4.78164415206636e-06
4.77558825054206e-06
4.76893471437271e-06
4.76163963537218e-06
4.75365555576513e-06
4.74493109114695e-06
4.73541054875852e-06
4.72503354543655e-06
4.71373463189732e-06
4.70144293274998e-06
4.68808181457016e-06
4.67356859851673e-06
4.65781433487727e-06
4.64072367289835e-06
4.62219481220747e-06
4.60211974190797e-06
4.58038405757931e-06
4.5568695692735e-06
4.53144617181435e-06
4.50401110497394e-06
4.4743267232437e-06
4.44272498434552e-06
4.40708934671533e-06
4.37788831856605e-06
4.36262158168741e-06
4.3647958526369e-06
4.38687417649654e-06
4.42672005633912e-06
4.47967405884253e-06
4.53981781631136e-06
4.60158340232881e-06
4.66187784868889e-06
4.72232514819275e-06
4.79098356683353e-06
4.88222775236757e-06
5.0153486425304e-06
5.20768646402145e-06
5.48506690100179e-06
5.78251823464843e-06
6.04009710734742e-06
6.24561433790343e-06
6.34961331784497e-06
6.26684091157456e-06
6.14365836840043e-06
6.01549928096555e-06
5.89090879973252e-06
5.77196186364735e-06
5.65908294604352e-06
5.55223254429481e-06
5.45120913642068e-06
5.355732501728e-06
5.26547532043347e-06
5.18008389380598e-06
5.09919574330466e-06
5.02245463689362e-06
4.94952270274342e-06
4.88008931044592e-06
4.81387658515228e-06
4.75064174139913e-06
4.69017672047974e-06
4.63230578005062e-06
4.57688172301882e-06
4.52378140443167e-06
4.47290105171388e-06
4.42415180173928e-06
4.37745572232278e-06
4.33274246390618e-06
4.28994658933213e-06
4.24900555870304e-06
4.20985830093391e-06
4.17244427968394e-06
4.13670295376868e-06
4.10257353581628e-06
4.06999496344579e-06
4.03890601112117e-06
4.00924548553297e-06
3.98095246127197e-06
3.95396652579305e-06
3.92822801281297e-06
3.90367821125556e-06
3.88025954278575e-06
3.85791570515908e-06
3.8365917814104e-06
3.81623431664032e-06
3.79679136511004e-06
3.77821251076282e-06
3.76044886434245e-06
3.7434530401151e-06
3.727179114926e-06
3.71158257199907e-06
3.69662023157046e-06
3.68225017014675e-06
3.66843162992677e-06
3.65512491971809e-06
3.64229130852357e-06
3.62989291286495e-06
3.6178925788654e-06
3.60625376013248e-06
3.59494039257269e-06
3.583916767473e-06
3.57314740451426e-06
3.56259692691532e-06
3.55222994166612e-06
3.5420109289659e-06
3.53190414660134e-06
3.52187355658358e-06
3.51188278805213e-06
3.50189513540145e-06
3.4918736821983e-06
3.48178126706318e-06
3.47158163928267e-06
3.46123632075671e-06
3.45072021550015e-06
3.43996070604082e-06
3.42909408154164e-06
3.41741503760693e-06
3.40771107209475e-06
3.38843751399936e-06
4.28725107236529e-06
4.28655826418234e-06
4.28589848823918e-06
4.28526279987932e-06
4.284633242476e-06
4.28398659965892e-06
4.28329705442804e-06
4.28253653281402e-06
4.28167743853074e-06
4.28069095940898e-06
4.27954822863299e-06
4.27822070378936e-06
4.27668027096813e-06
4.27489920664991e-06
4.27285004545883e-06
4.27050538407485e-06
4.26783764394775e-06
4.2648188075506e-06
4.26142013641705e-06
4.25761187500588e-06
4.25336294155861e-06
4.24864060480821e-06
4.24341014357572e-06
4.23763448496713e-06
4.23127381594601e-06
4.22428516242459e-06
4.21662192967243e-06
4.20823339780958e-06
4.19906416650232e-06
4.18905354389651e-06
4.17813487660368e-06
4.16623482073185e-06
4.15327255895744e-06
4.13915897742265e-06
4.12379582569681e-06
4.10707491285734e-06
4.0888773675363e-06
4.06907323808468e-06
4.04752084046665e-06
4.02406920891139e-06
3.99855042087432e-06
3.97081982406925e-06
3.94059739872745e-06
3.90816928794136e-06
3.87141199947277e-06
3.84059827810447e-06
3.8237647283015e-06
3.82272734952453e-06
3.83752834049438e-06
3.86891212952378e-06
3.91772411225307e-06
3.9839660698088e-06
4.06585750872315e-06
4.15939734583019e-06
4.25888598020151e-06
4.3587000288006e-06
4.45579506141321e-06
4.55320553862252e-06
4.65828558333774e-06
4.79636087731147e-06
4.95459373030154e-06
5.10632913112609e-06
5.24125518164277e-06
5.30925413022766e-06
5.25840733415307e-06
5.18189511443791e-06
5.10185477765338e-06
5.02333278952241e-06
4.94728377765339e-06
4.87366465790569e-06
4.80220949152363e-06
4.73263354217854e-06
4.66469040050491e-06
4.59818969078614e-06
4.53300250141006e-06
4.46906054158631e-06
4.40635074432505e-06
4.34490666838962e-06
4.28479797702855e-06
4.22611912378391e-06
4.1689782338879e-06
4.11348698729009e-06
4.05975206749184e-06
4.0078684823653e-06
3.95791483396304e-06
3.90995043541928e-06
3.86401405002082e-06
3.82012395811391e-06
3.77827903394455e-06
3.73846052562922e-06
3.70063426536256e-06
3.66475308313553e-06
3.63075924735668e-06
3.59858680398018e-06
3.56816372843881e-06
3.5394138401029e-06
3.51225845669553e-06
3.48661778650811e-06
3.4624120703133e-06
3.43956249371451e-06
3.41799189546258e-06
3.39762529905339e-06
3.37839029459499e-06
3.36021729624286e-06
3.34303969804012e-06
3.32679394818353e-06
3.3114195588641e-06
3.29685906608353e-06
3.28305795134474e-06
3.26996453490705e-06
3.2575298483997e-06
3.2457074929986e-06
3.2344534880612e-06
3.22372611405399e-06
3.2134857527692e-06
3.20369472717218e-06
3.19431714273483e-06
3.18531873175125e-06
3.17666670190593e-06
3.1683295902471e-06
3.16027712370993e-06
3.15248008743851e-06
3.14491020239281e-06
3.13754001410917e-06
3.13034279503543e-06
3.12329246363553e-06
3.11636352458696e-06
3.10953103497117e-06
3.10277060682088e-06
3.09605844069043e-06
3.08937146323989e-06
3.08268732571425e-06
3.07598532502884e-06
3.0692440398368e-06
3.06245263336231e-06
3.05556812547909e-06
3.04868899936343e-06
3.04136485965606e-06
3.03536724637061e-06
3.02355418785885e-06
3.76211653982123e-06
3.76144025368637e-06
3.76077184980936e-06
3.76010383935014e-06
3.75942185573854e-06
3.75870728986361e-06
3.75793745806266e-06
3.7570879097577e-06
3.75613285735962e-06
3.75504568575216e-06
3.75379930022363e-06
3.75236629599955e-06
3.75071898579502e-06
3.74882931508799e-06
3.74666868831792e-06
3.74420772771149e-06
3.74141598284745e-06
3.7382616033457e-06
3.73471098206424e-06
3.73072837288501e-06
3.72627548502298e-06
3.72131105435289e-06
3.7157903915237e-06
3.70966490672145e-06
3.70288161189888e-06
3.69538260320825e-06
3.68710452944496e-06
3.67797805680393e-06
3.66792734651387e-06
3.65686957040263e-06
3.64471450069112e-06
3.63136422496427e-06
3.61671305568395e-06
3.60064772705572e-06
3.58304799684965e-06
3.56378781159628e-06
3.54273718194333e-06
3.51976513133863e-06
3.49474329086244e-06
3.46755321623271e-06
3.43808525216649e-06
3.40628283655524e-06
3.37199794016292e-06
3.33567832988397e-06
3.29543318557268e-06
3.26197642319889e-06
3.2430051161218e-06
3.24022536336539e-06
3.25289053635905e-06
3.28070603630212e-06
3.32367710019959e-06
3.38219202300616e-06
3.45690117250695e-06
3.5481965696762e-06
3.65534670890422e-06
3.77572760586515e-06
3.90449830906259e-06
4.0361419514735e-06
4.16449413838682e-06
4.29290935762118e-06
4.40832278414894e-06
4.50458059335755e-06
4.58518183105927e-06
4.62653526284055e-06
4.5898707678077e-06
4.53400642024486e-06
4.47290809639342e-06
4.40985503775968e-06
4.34567731521821e-06
4.28067360651403e-06
4.21507228546949e-06
4.14913642711334e-06
4.08317685646417e-06
4.01754131813951e-06
3.95259797646259e-06
3.88871800626137e-06
3.82625912716961e-06
3.76555137136468e-06
3.7068859065453e-06
3.65050726430745e-06
3.59660896637126e-06
3.54533227686374e-06
3.49676761605177e-06
3.4509580569521e-06
3.40790429214047e-06
3.36757048860147e-06
3.32989052225829e-06
3.29477418111233e-06
3.2621130305471e-06
3.23178573421564e-06
3.20366271121259e-06
3.17761008099655e-06
3.15349290087545e-06
3.1311777379347e-06
3.11053464037687e-06
3.09143858515517e-06
3.07377048232459e-06
3.0574178142337e-06
3.04227498165163e-06
3.02824342083438e-06
3.0152315465996e-06
3.0031545675395e-06
2.99193421109561e-06
2.98149838866035e-06
2.97178082431119e-06
2.96272066524502e-06
2.95426208741823e-06
2.94635390621199e-06
2.93894919902633e-06
2.9320049444396e-06
2.92548168084048e-06
2.91934318614895e-06
2.91355617930219e-06
2.90809004351209e-06
2.90291657085416e-06
2.89800972745927e-06
2.89334543842866e-06
2.88890139153332e-06
2.88465685878637e-06
2.88059253506559e-06
2.87669039311092e-06
2.87293355441951e-06
2.86930617581335e-06
2.86579335176274e-06
2.86238103290505e-06
2.85905596162007e-06
2.85580562604496e-06
2.85261823406663e-06
2.84948271101353e-06
2.84638871784189e-06
2.84332671694027e-06
2.84028799175979e-06
2.83726500360527e-06
2.83425057559845e-06
2.8312419079264e-06
2.82822532281372e-06
2.82523921820576e-06
2.82211717164682e-06
2.81954036286981e-06
2.81467235551824e-06
3.21079202765175e-06
3.20993389066939e-06
3.20905453028107e-06
3.20814067246856e-06
3.20717090209225e-06
3.20611823334434e-06
3.20495161375631e-06
3.20363709597383e-06
3.20213891601579e-06
3.20042037461115e-06
3.19844444889587e-06
3.1961741656769e-06
3.19357279139917e-06
3.19060388050521e-06
3.18723121695359e-06
3.18341868227749e-06
3.17913007958872e-06
3.17432893679598e-06
3.16897830708707e-06
3.16304058144155e-06
3.1564773261498e-06
3.14924915763322e-06
3.14131566727769e-06
3.13263541056305e-06
3.12316597747104e-06
3.1128641649434e-06
3.10168627701719e-06
3.08958858413025e-06
3.07652797983332e-06
3.06246288051786e-06
3.04735442132195e-06
3.03116800837196e-06
3.01387529267138e-06
2.99545663269699e-06
2.97590410728739e-06
2.95522512904438e-06
2.93344666512699e-06
2.91062008710495e-06
2.88682630989092e-06
2.86218208739738e-06
2.8368421909742e-06
2.81101969678274e-06
2.78491879551257e-06
2.75906464547389e-06
2.73278176202277e-06
2.71253143262854e-06
2.70167498175436e-06
2.70006934133879e-06
2.70876160270637e-06
2.72822410341058e-06
2.75905189253871e-06
2.80206414175829e-06
2.85831767582706e-06
2.92911192653172e-06
3.01586150987556e-06
3.11973040890054e-06
3.24081193664228e-06
3.37775265413844e-06
3.52569593337915e-06
3.68330491583188e-06
3.82167187465891e-06
3.92874698715111e-06
4.00905862448475e-06
4.04912934457903e-06
4.00656986583309e-06
3.94331746081983e-06
3.87467013206868e-06
3.80466430908463e-06
3.73471816232314e-06
3.66561239215757e-06
3.59795179661798e-06
3.53226453635247e-06
3.46901446753297e-06
3.40859535552115e-06
3.35132429011807e-06
3.29743804862309e-06
3.24709299654389e-06
3.20036840503815e-06
3.15727268843532e-06
3.11775182665792e-06
3.08169916723972e-06
3.0489658421099e-06
3.01937113213602e-06
2.99271224474093e-06
2.96877311958685e-06
2.94733202533258e-06
2.92816784160442e-06
2.91106502621329e-06
2.89581734562008e-06
2.88223049781144e-06
2.8701237845803e-06
2.8593309994305e-06
2.84970069294528e-06
2.84109596409533e-06
2.83339390748405e-06
2.82648482593395e-06
2.82027129724845e-06
2.81466716482877e-06
2.80959650488195e-06
2.80499260857057e-06
2.80079700566067e-06
2.79695854685367e-06
2.79343255476952e-06
2.79018004816178e-06
2.78716704006973e-06
2.78436390794032e-06
2.78174483201134e-06
2.7792872972074e-06
2.7769716532718e-06
2.77478072769241e-06
2.77269948606164e-06
2.77071473475257e-06
2.76881486113382e-06
2.76698960693584e-06
2.76522987079556e-06
2.76352753641832e-06
2.76187532319941e-06
2.76026665653079e-06
2.75869555538198e-06
2.75715653508796e-06
2.75564452360123e-06
2.75415478977711e-06
2.7526828825598e-06
2.7512245802327e-06
2.74977584918507e-06
2.74833281190342e-06
2.74689172432695e-06
2.74544896215067e-06
2.74400101930952e-06
2.74254450758848e-06
2.74107620330736e-06
2.73959296465075e-06
2.73809218819149e-06
2.7365702957753e-06
2.73502850617217e-06
2.73345210466484e-06
2.73188502316546e-06
2.73016811253865e-06
2.72886060223411e-06
2.72623233246513e-06
2.4804669302996e-06
2.48144227152678e-06
2.48239356609594e-06
2.48331592334304e-06
2.48420171955012e-06
2.48504131277148e-06
2.48582354861932e-06
2.48653620446595e-06
2.48716644976144e-06
2.48770126738807e-06
2.48812779615427e-06
2.48843360352262e-06
2.48860690856985e-06
2.48863676926361e-06
2.48851324673982e-06
2.48822756072235e-06
2.48777224999403e-06
2.4871413502651e-06
2.4863306004235e-06
2.48533768735507e-06
2.48416253904065e-06
2.48280767530368e-06
2.48127862534526e-06
2.47958442096984e-06
2.47773817399773e-06
2.4757577455369e-06
2.47366651324179e-06
2.47149424002439e-06
2.46927804339754e-06
2.46706345810113e-06
2.46490557514975e-06
2.46287022709331e-06
2.46103517128451e-06
2.45949119920834e-06
2.45834307122178e-06
2.4577101369969e-06
2.45772647775506e-06
2.45854029741291e-06
2.46031254179817e-06
2.46321346945871e-06
2.4674211284172e-06
2.47310363809998e-06
2.48046020665715e-06
2.48950752535984e-06
2.50091016611298e-06
2.51207330029374e-06
2.52048155760411e-06
2.52443990751459e-06
2.52652771707816e-06
2.52822186912808e-06
2.53092708020366e-06
2.53650559670665e-06
2.54730127282624e-06
2.5660409885984e-06
2.59571633130691e-06
2.63949608673404e-06
2.70042389239156e-06
2.78146223711804e-06
2.88306223175245e-06
3.00980913245718e-06
3.13530668065881e-06
3.24029271617447e-06
3.32329153158402e-06
3.36190221389962e-06
3.32180620347876e-06
3.26520721445975e-06
3.20738539779996e-06
3.15223198972576e-06
3.10086524404239e-06
3.05365946993056e-06
3.0107409531046e-06
2.97211367850731e-06
2.93769536381325e-06
2.90733331481603e-06
2.88081694983033e-06
2.85789021134151e-06
2.83826400212824e-06
2.8216282715507e-06
2.80766329031104e-06
2.79604967993258e-06
2.78647688476014e-06
2.77864992684341e-06
2.77229442118063e-06
2.76715993866667e-06
2.76302188546084e-06
2.75968211936676e-06
2.75696854760611e-06
2.75473395079085e-06
2.752854261212e-06
2.75122649591506e-06
2.7497665117367e-06
2.74840671476165e-06
2.74709382356549e-06
2.74578675607254e-06
2.74445468487761e-06
2.74307528575197e-06
2.74163318858845e-06
2.74011862875023e-06
2.73852628904068e-06
2.73685431763267e-06
2.73510350463837e-06
2.73327659898818e-06
2.73137774743326e-06
2.72941203840043e-06
2.72738513480667e-06
2.72530298155665e-06
2.72317157513827e-06
2.72099678438889e-06
2.71878421306061e-06
2.71653909622878e-06
2.71426622384721e-06
2.71196988585443e-06
2.7096538341866e-06
2.70732125786445e-06
2.70497476801361e-06
2.7026163902624e-06
2.70024756246012e-06
2.69786913608209e-06
2.69548138005699e-06
2.69308398607688e-06
2.69067607474699e-06
2.68825620221292e-06
2.68582236718296e-06
2.68337201855014e-06
2.68090206414189e-06
2.67840888142206e-06
2.67588833155979e-06
2.6733357778801e-06
2.67074611338626e-06
2.66811379014143e-06
2.66543289063654e-06
2.6626971035262e-06
2.65990014280554e-06
2.65703455804798e-06
2.65409689840398e-06
2.65106799996729e-06
2.64799223284289e-06
2.64465612091969e-06
2.64188567501299e-06
2.63613319701711e-06
2.44880368625645e-06
2.44942451377364e-06
2.45009685316743e-06
2.4508291812353e-06
2.45163213808919e-06
2.45251864051432e-06
2.45350356060479e-06
2.45460331353085e-06
2.45583546582541e-06
2.45721842612566e-06
2.45877123543942e-06
2.46051345099031e-06
2.46246511067125e-06
2.46464676287213e-06
2.46707954613453e-06
2.46978530411693e-06
2.47278672285446e-06
2.47610747877793e-06
2.47977238718344e-06
2.48380754156423e-06
2.48824043428751e-06
2.49310004850244e-06
2.49841690990826e-06
2.50422308506986e-06
2.51055211032711e-06
2.51743883200874e-06
2.5249191346704e-06
2.53302952951569e-06
2.54180657019954e-06
2.55128605814705e-06
2.56150199482802e-06
2.5724852348296e-06
2.5842617921552e-06
2.59685075435377e-06
2.61026176717449e-06
2.62449206724281e-06
2.63952307251167e-06
2.65531655484541e-06
2.67181060125472e-06
2.68891504306309e-06
2.70650899584097e-06
2.72442955515064e-06
2.74250581217521e-06
2.76038470677256e-06
2.77834686897143e-06
2.79275453401e-06
2.80174801888204e-06
2.8061197796595e-06
2.80414073328282e-06
2.79555287479122e-06
2.78061364213987e-06
2.75993924692114e-06
2.73458634213984e-06
2.70617834172837e-06
2.67699876955853e-06
2.65005368228013e-06
2.62897855562066e-06
2.61823741113732e-06
2.62176389311706e-06
2.64663691855418e-06
2.68722159475608e-06
2.73090103017715e-06
2.77272560173827e-06
2.78999773139798e-06
2.77829919739347e-06
2.76262089463762e-06
2.74856756936672e-06
2.73728023255144e-06
2.72878325528928e-06
2.72280930817274e-06
2.71901418277506e-06
2.71703801259983e-06
2.71652610746965e-06
2.71713908544353e-06
2.71855990638934e-06
2.72049923379075e-06
2.72269927213709e-06
2.72493615500036e-06
2.72702097537194e-06
2.72879956537601e-06
2.73015118116912e-06
2.73098629787042e-06
2.73124374267914e-06
2.73088739387184e-06
2.72990265725091e-06
2.72829290464038e-06
2.72607602501087e-06
2.72328120199332e-06
2.71994599567264e-06
2.71611377425186e-06
2.71183151395127e-06
2.70714796399034e-06
2.70211215767207e-06
2.69677223996237e-06
2.69117457577242e-06
2.68536310053251e-06
2.67937887471866e-06
2.6732598059575e-06
2.66704050550768e-06
2.66075224974955e-06
2.65442302138899e-06
2.64807760909798e-06
2.64173774807475e-06
2.63542228739425e-06
2.62914737298038e-06
2.62292663755367e-06
2.61677139101024e-06
2.61069080640574e-06
2.60469209809826e-06
2.59878068969449e-06
2.59296037029375e-06
2.58723343817654e-06
2.58160083158131e-06
2.57606224658555e-06
2.57061624238738e-06
2.56526033449544e-06
2.55999107649939e-06
2.55480413122612e-06
2.54969433220792e-06
2.54465573651104e-06
2.53968167010655e-06
2.53476476712956e-06
2.52989700457881e-06
2.52506973426115e-06
2.52027371414076e-06
2.51549914155061e-06
2.51073569162353e-06
2.50597256331265e-06
2.50119854185076e-06
2.49640206514094e-06
2.49157136491649e-06
2.48669444075787e-06
2.48175981629909e-06
2.47675445876075e-06
2.47167288482083e-06
2.46648277503122e-06
2.46126200444391e-06
2.4556582815278e-06
2.45105423133524e-06
2.44198188733328e-06
2.9982968759071e-06
2.99686900241129e-06
2.99549994230145e-06
2.99419621013782e-06
2.99296501806471e-06
2.9918147948814e-06
2.99075495817922e-06
2.98979549044675e-06
2.9889464881689e-06
2.98821774381785e-06
2.98761837281396e-06
2.98715648418175e-06
2.986838888782e-06
2.98667083485959e-06
2.98665575914038e-06
2.98679504229114e-06
2.98708775851824e-06
2.98753041004448e-06
2.98811663834523e-06
2.98883690528497e-06
2.98967813855035e-06
2.99062333705738e-06
2.99165113342416e-06
2.99273531226104e-06
2.99384428506761e-06
2.99494052510719e-06
2.99597996895701e-06
2.99691139572628e-06
2.99767580042804e-06
2.99820578490558e-06
2.99842499822278e-06
2.99824766863828e-06
2.99757828102109e-06
2.9963114668949e-06
2.9943321867164e-06
2.99151630165667e-06
2.98773162145033e-06
2.98283960677669e-06
2.97669752801648e-06
2.96916243832824e-06
2.96009160439992e-06
2.94936225693587e-06
2.93681384277607e-06
2.9225205642785e-06
2.90567785355722e-06
2.88996660753674e-06
2.8786612086378e-06
2.87328638587598e-06
2.87263302353305e-06
2.87441693669244e-06
2.87733882263594e-06
2.87996069696954e-06
2.88058606373057e-06
2.87742655953349e-06
2.86887138419159e-06
2.85379875122495e-06
2.83187070234423e-06
2.80380790592833e-06
2.77162539909937e-06
2.7380326968415e-06
2.71222103177477e-06
2.69642887598645e-06
2.68866443680993e-06
2.68693242636353e-06
2.69352286901238e-06
2.70166965306266e-06
2.70947206355124e-06
2.71638403001331e-06
2.72219315576142e-06
2.72677862032061e-06
2.73005564418607e-06
2.73196419886211e-06
2.73246669684856e-06
2.73154743608384e-06
2.72921231937288e-06
2.7254881811147e-06
2.72042147229561e-06
2.71407635251887e-06
2.70653231455389e-06
2.6978814671654e-06
2.68822561272666e-06
2.67767326544179e-06
2.66633674775481e-06
2.6543294811157e-06
2.64176356040876e-06
2.62874767275109e-06
2.61538539328574e-06
2.60177386524762e-06
2.58800285063669e-06
2.57415412205265e-06
2.56030115565489e-06
2.54650907936342e-06
2.53283482857283e-06
2.51932746293626e-06
2.50602860129205e-06
2.49297293673107e-06
2.4801887994426e-06
2.46769874078252e-06
2.45552011758424e-06
2.44366566081597e-06
2.43214401713024e-06
2.42096025559184e-06
2.41011633491249e-06
2.39961152891289e-06
2.38944280974802e-06
2.37960518975585e-06
2.37009202370889e-06
2.36089527384522e-06
2.35200574040449e-06
2.3434132605583e-06
2.33510687865542e-06
2.32707499064294e-06
2.3193054654135e-06
2.31178574567788e-06
2.30450293081274e-06
2.29744384397654e-06
2.29059508565547e-06
2.28394307568691e-06
2.2774740857302e-06
2.27117426411528e-06
2.26502965500424e-06
2.25902621385669e-06
2.25314982130607e-06
2.24738629772279e-06
2.24172142100496e-06
2.23614095034803e-06
2.23063065944675e-06
2.22517638166814e-06
2.21976407498518e-06
2.2143798964354e-06
2.20901034507019e-06
2.20364226960954e-06
2.19826354168533e-06
2.19286130410447e-06
2.18742990239714e-06
2.18194052910783e-06
2.17646444588771e-06
2.17067327390623e-06
2.16588296022984e-06
2.15657160979559e-06
3.0263085497341e-06
3.02377339278106e-06
3.02105628717708e-06
3.01814154777338e-06
3.01501205219783e-06
3.01164700601565e-06
3.00802201232919e-06
3.00410969642549e-06
2.99988051755363e-06
2.99530354316031e-06
2.9903470829823e-06
2.98497918251626e-06
2.97916799799897e-06
2.97288206937122e-06
2.96609050902843e-06
2.95876312847429e-06
2.9508705252279e-06
2.94238414981196e-06
2.93327637004778e-06
2.92352054777181e-06
2.9130911412441e-06
2.90196384491745e-06
2.89011577696064e-06
2.87752572395708e-06
2.86417445141459e-06
2.85004508797004e-06
2.83512359026131e-06
2.8193992941352e-06
2.80286555587585e-06
2.78552048415043e-06
2.76736775900003e-06
2.74841752808896e-06
2.72868736209417e-06
2.70820324057128e-06
2.68700052533599e-06
2.66512486612329e-06
2.64263294939425e-06
2.61959305073098e-06
2.59608503630608e-06
2.57220074476103e-06
2.54803997279849e-06
2.52372243691023e-06
2.49932489244768e-06
2.47514630366003e-06
2.4505055516649e-06
2.43003528491948e-06
2.41650913783542e-06
2.40978221440051e-06
2.41046148390234e-06
2.41964424188965e-06
2.43726177568715e-06
2.46274245982808e-06
2.49509735247059e-06
2.53288066260982e-06
2.5741571834116e-06
2.61653348847004e-06
2.65729189412879e-06
2.69358007761254e-06
2.72286901442086e-06
2.74287915747866e-06
2.75230964045865e-06
2.75515285212102e-06
2.75426311316266e-06
2.75677796880673e-06
2.74933278568163e-06
2.73854176792457e-06
2.72618039796463e-06
2.71264251065638e-06
2.69801927361184e-06
2.68234080081318e-06
2.66563496448554e-06
2.64794273030113e-06
2.62932162048452e-06
2.60984571109241e-06
2.58960441829205e-06
2.56870047174096e-06
2.54724722010123e-06
2.52536550158789e-06
2.50318032074914e-06
2.48081753618327e-06
2.4584007351669e-06
2.43604844141717e-06
2.41387176205821e-06
2.39197253534016e-06
2.37044199930577e-06
2.34935996678465e-06
2.32879446508294e-06
2.30880178007031e-06
2.28942683380076e-06
2.270703821307e-06
2.25265703431801e-06
2.23530180578609e-06
2.21864551778292e-06
2.2026886252449e-06
2.18742565818853e-06
2.17284617463235e-06
2.15893564506801e-06
2.14567625665785e-06
2.13304763130993e-06
2.12102745643204e-06
2.10959203060836e-06
2.09871672884115e-06
2.08837639353274e-06
2.07854565822944e-06
2.06919921147288e-06
2.06031200804863e-06
2.05185943460602e-06
2.04381743614229e-06
2.03616260927207e-06
2.02887226759388e-06
2.02192448385937e-06
2.01529811307129e-06
2.00897280010511e-06
2.00292897496918e-06
1.99714783840144e-06
1.99161134014058e-06
1.98630215191514e-06
1.98120363695008e-06
1.97629981760792e-06
1.97157534264821e-06
1.96701545550708e-06
1.96260596495917e-06
1.9583332195358e-06
1.95418408710288e-06
1.95014594110988e-06
1.94620665499157e-06
1.94235460667939e-06
1.93857869388992e-06
1.93486836542528e-06
1.93121365764544e-06
1.92760528057315e-06
1.9240345996711e-06
1.92049407213405e-06
1.91697606863441e-06
1.91347786358348e-06
1.90998285389378e-06
1.90653521227678e-06
1.90294069464446e-06
1.89998199822019e-06
1.89440085865967e-06
1.85667723237706e-06
1.85922673010131e-06
1.86183885215562e-06
1.8645192550278e-06
1.86727221142084e-06
1.87010252910977e-06
1.87301584933627e-06
1.87601855232585e-06
1.87911757984746e-06
1.88232026426684e-06
1.88563418571343e-06
1.88906705994375e-06
1.89262665461282e-06
1.89632072907759e-06
1.90015699142574e-06
1.90414306605e-06
1.9082864650985e-06
1.91259455720182e-06
1.91707452697453e-06
1.92173331883814e-06
1.92657755861762e-06
1.93161344608382e-06
1.93684661115332e-06
1.94228192583061e-06
1.94792326321658e-06
1.9537731940695e-06
1.95983261058232e-06
1.96610026636889e-06
1.97257222131657e-06
1.97924118021624e-06
1.98609571525109e-06
1.99311936493695e-06
2.00028960644121e-06
2.00757670507554e-06
2.0149424543091e-06
2.02233883447018e-06
2.02970663091001e-06
2.03697409463496e-06
2.04405567423777e-06
2.05085118734203e-06
2.05724463482103e-06
2.06310635827065e-06
2.06828598065136e-06
2.07264012636555e-06
2.07595632860996e-06
2.07810856509218e-06
2.07949693705144e-06
2.08075598179094e-06
2.08197244673926e-06
2.08525590488965e-06
2.09171408734946e-06
2.10207323968258e-06
2.11709709105067e-06
2.13758895920406e-06
2.16426588304245e-06
2.1975940181021e-06
2.2375849865293e-06
2.28375275694602e-06
2.3345356253561e-06
2.38954350655926e-06
2.43735351862413e-06
2.47284320516178e-06
2.49788680701516e-06
2.50665964566426e-06
2.49379521663629e-06
2.47484700848248e-06
2.45357709634693e-06
2.43092103562729e-06
2.40718316473411e-06
2.38253802071767e-06
2.35714618711721e-06
2.33117811971986e-06
2.30481510363749e-06
2.27824470302843e-06
2.25165521927687e-06
2.22523027860826e-06
2.1991439305057e-06
2.17355650459233e-06
2.14861137798479e-06
2.12443270944486e-06
2.101124126476e-06
2.07876829980207e-06
2.05742729881437e-06
2.03714359335609e-06
2.01794155356701e-06
1.99982929895579e-06
1.98280075740491e-06
1.96683781140096e-06
1.95191242957274e-06
1.93798870404937e-06
1.92502473615168e-06
1.91297433302451e-06
1.90178849510059e-06
1.89141668833598e-06
1.88180790592438e-06
1.87291153189944e-06
1.86467802405472e-06
1.85705943640996e-06
1.85000980250919e-06
1.84348540060208e-06
1.83744492062962e-06
1.83184955124017e-06
1.82666300306161e-06
1.821851482346e-06
1.81738362702391e-06
1.8132304152487e-06
1.80936505473098e-06
1.80576285958761e-06
1.8024011200655e-06
1.79925896934037e-06
1.7963172506235e-06
1.79355838701122e-06
1.79096625586875e-06
1.78852606902387e-06
1.78622425964448e-06
1.78404837636335e-06
1.78198698498394e-06
1.78002957793306e-06
1.77816649151314e-06
1.77638883093564e-06
1.77468840308055e-06
1.77305765691406e-06
1.77148963150618e-06
1.76997791159693e-06
1.76851659070397e-06
1.76710024166523e-06
1.76572389483707e-06
1.7643830228634e-06
1.76307353505361e-06
1.761791769321e-06
1.76053452072501e-06
1.75929896645227e-06
1.75808296633573e-06
1.75688406549646e-06
1.75570299851677e-06
1.75453151785363e-06
1.75339498342226e-06
1.75220399698391e-06
1.75128203427966e-06
1.74952815473698e-06
2.46244081075216e-06
2.46024986112701e-06
2.45801131182953e-06
2.45572117858787e-06
2.45337557331733e-06
2.45096972425003e-06
2.44849775765966e-06
2.44595265181714e-06
2.44332625468781e-06
2.4406093049753e-06
2.43779142570945e-06
2.43486108834284e-06
2.43180555085091e-06
2.42861076991483e-06
2.42526128710962e-06
2.42174009077109e-06
2.41802845592684e-06
2.41410576456979e-06
2.40994930854906e-06
2.40553407762524e-06
2.40083253567978e-06
2.39581438871222e-06
2.39044634921197e-06
2.3846919028349e-06
2.37851108510763e-06
2.37186027818807e-06
2.36469204059164e-06
2.35695498629961e-06
2.34859373381863e-06
2.33954895053769e-06
2.32975752302716e-06
2.31915288956153e-06
2.30766557668315e-06
2.29522398685175e-06
2.28175548684452e-06
2.26718785181027e-06
2.25145109920251e-06
2.23447981504386e-06
2.21621572806445e-06
2.19661169279468e-06
2.17563201344255e-06
2.15327083122161e-06
2.12949389008175e-06
2.10451347671149e-06
2.07761838761288e-06
2.05308277882787e-06
2.0341494032572e-06
2.02141611902755e-06
2.01542510686283e-06
2.01398070388035e-06
2.01451777540675e-06
2.01646076072285e-06
2.01975238292703e-06
2.0245518944677e-06
2.03119965117987e-06
2.04023295473727e-06
2.05234159182833e-06
2.06842637782303e-06
2.08900496807217e-06
2.1160021354621e-06
2.14375061942686e-06
2.16701243686325e-06
2.18499569520347e-06
2.19067054891681e-06
2.16908783475627e-06
2.14064666334067e-06
2.11054987749625e-06
2.080255909465e-06
2.05033682072753e-06
2.02113319698923e-06
1.99290660881274e-06
1.96587344620285e-06
1.94021106299042e-06
1.91605834870748e-06
1.89351607552286e-06
1.87264811337616e-06
1.85348361254471e-06
1.83602004305384e-06
1.82022690426509e-06
1.80604987930678e-06
1.79341520594296e-06
1.78223405510663e-06
1.77240673849816e-06
1.76382660280322e-06
1.75638350750068e-06
1.74996682236743e-06
1.74446791641447e-06
1.73978214007829e-06
1.73581032609195e-06
1.73245985139317e-06
1.72964531309838e-06
1.72728887679767e-06
1.72532035624213e-06
1.72367708099804e-06
1.72230360386661e-06
1.72115129372346e-06
1.72017785266224e-06
1.71934678950033e-06
1.7186268752258e-06
1.71799160009118e-06
1.71741864693321e-06
1.71688939096677e-06
1.71638843275281e-06
1.71590316821637e-06
1.71542339741098e-06
1.71494097209804e-06
1.71444948104056e-06
1.71394397111309e-06
1.71342070182413e-06
1.71287693056626e-06
1.71231072579655e-06
1.7117208053577e-06
1.71110639724448e-06
1.71046712026998e-06
1.70980288227234e-06
1.70911379370817e-06
1.7084000946937e-06
1.70766209377004e-06
1.70690011688125e-06
1.70611446525869e-06
1.70530538110229e-06
1.70447302013501e-06
1.7036174302875e-06
1.70273853592156e-06
1.70183612719463e-06
1.70090985416406e-06
1.69995922576728e-06
1.69898361253585e-06
1.69798225616131e-06
1.69695427568537e-06
1.69589870184366e-06
1.69481443798538e-06
1.69370047305808e-06
1.69255526907538e-06
1.69137898984142e-06
1.69016554421813e-06
1.68893247614093e-06
1.68760106522364e-06
1.68647320350289e-06
1.68420529288561e-06
1.83313614672613e-06
1.83266899558035e-06
1.831991451872e-06
1.83109196191215e-06
1.82996100496266e-06
1.82858761534469e-06
1.82695880862604e-06
1.82505972022016e-06
1.82287396472621e-06
1.82038402774608e-06
1.81757161821418e-06
1.81441797344371e-06
1.81090412276996e-06
1.8070111135767e-06
1.80272020544026e-06
1.7980130418334e-06
1.79287181032846e-06
1.78727940214468e-06
1.78121958158135e-06
1.77467717563676e-06
1.76763829380028e-06
1.76009058764999e-06
1.75202355956675e-06
1.74342892959443e-06
1.7343010691739e-06
1.72463751005699e-06
1.71443953603459e-06
1.70371286401298e-06
1.69246841922055e-06
1.68072320665968e-06
1.66850127703106e-06
1.65583477992527e-06
1.64276508976076e-06
1.62934398047329e-06
1.61563481304229e-06
1.60171368594218e-06
1.58767048090869e-06
1.57360972543947e-06
1.55965114027384e-06
1.54592990594972e-06
1.53259574361206e-06
1.5198145853588e-06
1.50775320615691e-06
1.49664321187547e-06
1.48645037880803e-06
1.47878205379501e-06
1.47406472164076e-06
1.47181059047546e-06
1.47139798789387e-06
1.47285848947434e-06
1.47831153532733e-06
1.4883158808804e-06
1.50270161032033e-06
1.52106858987059e-06
1.5429243734286e-06
1.56775775522234e-06
1.59506784854128e-06
1.62453608660686e-06
1.6556251817762e-06
1.68947788445013e-06
1.71971113300133e-06
1.74254991349015e-06
1.75884990464682e-06
1.76184275223045e-06
1.74549144617615e-06
1.72670884217981e-06
1.70944566074038e-06
1.69459630605591e-06
1.68228881337625e-06
1.67243762747103e-06
1.66488382862073e-06
1.65943424244193e-06
1.65587556737611e-06
1.65398239092999e-06
1.65352365757053e-06
1.65426847966781e-06
1.65599134107202e-06
1.65847661190859e-06
1.66152229247578e-06
1.66494292938607e-06
1.66857168810925e-06
1.67226160995382e-06
1.67588611788238e-06
1.67933886194655e-06
1.68253301205075e-06
1.68540011371307e-06
1.68788862232167e-06
1.68996222462136e-06
1.69159804467984e-06
1.69278481719806e-06
1.69352109534044e-06
1.6938135445757e-06
1.69367535931505e-06
1.69312482606373e-06
1.69218404572587e-06
1.69087781874395e-06
1.68923268986265e-06
1.68727614430512e-06
1.68503594379551e-06
1.68253958887309e-06
1.67981389304297e-06
1.67688465423263e-06
1.67377640954077e-06
1.670512260181e-06
1.66711375467949e-06
1.66360081966144e-06
1.65999172886633e-06
1.6563031023025e-06
1.65254992864731e-06
1.6487456050939e-06
1.64490198983092e-06
1.64102946320919e-06
1.63713699441282e-06
1.63323221110586e-06
1.62932147009644e-06
1.62540992754148e-06
1.62150160763731e-06
1.61759946909961e-06
1.61370546905298e-06
1.6098206242305e-06
1.60594506963889e-06
1.60207811507693e-06
1.59821830012398e-06
1.59436344840846e-06
1.59051072222681e-06
1.58665667857226e-06
1.58279732847822e-06
1.57892819929478e-06
1.57504440805063e-06
1.57114072382617e-06
1.5672117045719e-06
1.56325160645016e-06
1.55925516094958e-06
1.55521523690865e-06
1.55113199061491e-06
1.54697972528294e-06
1.5428323589117e-06
1.53839715523145e-06
1.53481903135867e-06
1.52797916587186e-06
1.13712115280573e-06
1.13885244539466e-06
1.14068947752249e-06
1.14263892077595e-06
1.14470532095882e-06
1.1468937005341e-06
1.14921011537598e-06
1.15166171921822e-06
1.15425670981759e-06
1.15700426342041e-06
1.15991448702219e-06
1.16299839402066e-06
1.16626790368126e-06
1.16973586365571e-06
1.17341609370368e-06
1.17732344794045e-06
1.18147389254974e-06
1.18588459573642e-06
1.19057402655245e-06
1.19556205903248e-06
1.20087007777385e-06
1.20652108063684e-06
1.21253977357483e-06
1.21895265168952e-06
1.22578805940786e-06
1.23307622116931e-06
1.24084923218224e-06
1.24914099666107e-06
1.25798709852591e-06
1.26742458690266e-06
1.27749165603089e-06
1.28822719655412e-06
1.29967019295984e-06
1.31185894037649e-06
1.32483005431678e-06
1.33861724660612e-06
1.35324985492588e-06
1.36875107983003e-06
1.38513607789459e-06
1.40240928182171e-06
1.42056381552303e-06
1.43957071908062e-06
1.4594120681203e-06
1.47992220755845e-06
1.50146801508928e-06
1.52147683384458e-06
1.53811284736348e-06
1.55107558131731e-06
1.5604055800057e-06
1.56644160007591e-06
1.56858662799716e-06
1.56757107625677e-06
1.56435911785971e-06
1.55959160787697e-06
1.55390085735701e-06
1.5479450091769e-06
1.5423712374602e-06
1.53780213336796e-06
1.53471883872811e-06
1.53375296408572e-06
1.53481577736376e-06
1.53706084688401e-06
1.53869596017552e-06
1.54266355771585e-06
1.55695553730601e-06
1.57392322515861e-06
1.59112982456456e-06
1.60781920513828e-06
1.62364178087879e-06
1.63836239177996e-06
1.65179352489045e-06
1.66378142418797e-06
1.67420379479206e-06
1.68296956930131e-06
1.690018575399e-06
1.69532057755768e-06
1.69887361187343e-06
1.70070169748731e-06
1.700852057714e-06
1.69939199301165e-06
1.69640554893035e-06
1.69199011735006e-06
1.68625309626815e-06
1.67930871405722e-06
1.67127510164876e-06
1.66227167272829e-06
1.65241684933637e-06
1.64182614958593e-06
1.63061063650497e-06
1.61887571281721e-06
1.60672023589917e-06
1.59423592003137e-06
1.58150698901987e-06
1.56861004081376e-06
1.55561408634359e-06
1.54258072692116e-06
1.52956443768333e-06
1.51661292830921e-06
1.50376755624563e-06
1.49106377167782e-06
1.47853157728685e-06
1.46619598932045e-06
1.45407748959454e-06
1.44219246071234e-06
1.43055359903611e-06
1.41917030179767e-06
1.40804902622459e-06
1.39719361973141e-06
1.38660562112853e-06
1.37628453347596e-06
1.36622806970298e-06
1.35643237245661e-06
1.34689220987741e-06
1.33760114914328e-06
1.32855170970841e-06
1.3197354982051e-06
1.311143326993e-06
1.30276531834309e-06
1.29459099624112e-06
1.28660936780396e-06
1.27880899631376e-06
1.27117806790333e-06
1.26370445396729e-06
1.25637577141861e-06
1.24917944296879e-06
1.24210275960721e-06
1.23513294757104e-06
1.22825724159562e-06
1.22146296757016e-06
1.21473763141279e-06
1.20806903489869e-06
1.20144533101018e-06
1.19485540934641e-06
1.18828781858491e-06
1.18173632534223e-06
1.17517518730725e-06
1.16866934377704e-06
1.16187710158068e-06
1.1562194648787e-06
1.14535736797481e-06
1.85275175220661e-06
1.85185687586723e-06
1.85107634033803e-06
1.85041543921053e-06
1.84987782713305e-06
1.84946740326948e-06
1.84918866844103e-06
1.84904670098283e-06
1.84904703480683e-06
1.84919551966565e-06
1.84949818401575e-06
1.84996110458917e-06
1.85059028304046e-06
1.85139152813068e-06
1.85237034050071e-06
1.85353179629563e-06
1.85488042543926e-06
1.85642008003541e-06
1.85815378817044e-06
1.86008358828174e-06
1.86221033919374e-06
1.86453350088456e-06
1.86705088104027e-06
1.86975834249647e-06
1.87264946679307e-06
1.8757151693288e-06
1.87894326207486e-06
1.88231796058757e-06
1.88581933326965e-06
1.88942269260475e-06
1.89309793058445e-06
1.89680880392572e-06
1.90051217906639e-06
1.90415725255737e-06
1.90768476896654e-06
1.91102626752702e-06
1.9141033929528e-06
1.91682733465702e-06
1.91909838978132e-06
1.92080596826989e-06
1.92182810823351e-06
1.92203453398052e-06
1.92127792025009e-06
1.91943233970599e-06
1.91625876941796e-06
1.9119355189538e-06
1.90709421416419e-06
1.90226741356878e-06
1.89786895036141e-06
1.8941526095278e-06
1.89156096761545e-06
1.88928604146325e-06
1.88678525675341e-06
1.88322196616793e-06
1.87834711340436e-06
1.87205021078619e-06
1.86428545842668e-06
1.85501735146696e-06
1.84444145736023e-06
1.8320829360954e-06
1.8214620137095e-06
1.81427012248841e-06
1.81112343078392e-06
1.81013120300299e-06
1.80557140386165e-06
1.79771625590135e-06
1.78714088190504e-06
1.77404655286346e-06
1.7585806274263e-06
1.74089668340482e-06
1.72116397803217e-06
1.69956652469663e-06
1.67629987093998e-06
1.65156739776419e-06
1.62557661594952e-06
1.59853560020429e-06
1.57064964687477e-06
1.5421182401231e-06
1.51313239760415e-06
1.48387244340896e-06
1.45450623375908e-06
1.42518784096339e-06
1.39605668277801e-06
1.36723706835989e-06
1.33883811958996e-06
1.31095401806632e-06
1.28366452337317e-06
1.25703570691582e-06
1.23112084713839e-06
1.20596143566979e-06
1.18158824921939e-06
1.15802244824404e-06
1.13527667000342e-06
1.11335609017717e-06
1.09225943341525e-06
1.07197991880651e-06
1.05250613115189e-06
1.03382281305639e-06
1.01591157621159e-06
9.98751532866181e-07
9.82319850448906e-07
9.66592233697117e-07
9.51543339550819e-07
9.37147130581567e-07
9.23377172927302e-07
9.10206884669985e-07
8.97609740390677e-07
8.85559437318705e-07
8.74030028104843e-07
8.62996024822907e-07
8.52432478372856e-07
8.42315037030906e-07
8.32619987493671e-07
8.23324281391248e-07
8.14405549913389e-07
8.05842108896558e-07
7.97612956472731e-07
7.89697765165474e-07
7.82076870146054e-07
7.74731255226054e-07
7.67642538057848e-07
7.60792955932586e-07
7.54165353512752e-07
7.47743173775588e-07
7.41510453432697e-07
7.3545182390374e-07
7.29552519230704e-07
7.237983907164e-07
7.18175932801138e-07
7.12672306480245e-07
7.07275410069952e-07
7.01973810519982e-07
6.96757227979894e-07
6.91614915230943e-07
6.86542226930884e-07
6.81514843906927e-07
6.76592737138294e-07
6.71500346183947e-07
6.67354322010765e-07
6.59618460685907e-07
1.95391891878429e-06
1.95260548441984e-06
1.95115950108479e-06
1.94957438713798e-06
1.94784549211095e-06
1.94596760152767e-06
1.94393436081122e-06
1.94173815303685e-06
1.93937010537175e-06
1.93682011889688e-06
1.93407688449181e-06
1.93112787965462e-06
1.92795934734871e-06
1.92455625603093e-06
1.92090224028107e-06
1.91697952302827e-06
1.91276882113899e-06
1.90824923627003e-06
1.90339813304724e-06
1.8981910069109e-06
1.8926013442837e-06
1.88660047808529e-06
1.88015744210566e-06
1.87323882840638e-06
1.8658086527673e-06
1.85782823425843e-06
1.84925609630403e-06
1.84004789812172e-06
1.83015640714034e-06
1.81953152488686e-06
1.80812038080552e-06
1.79586751042899e-06
1.78271513604288e-06
1.76860356947246e-06
1.75347175661778e-06
1.73725798560785e-06
1.71990076706447e-06
1.70133994005097e-06
1.68151784155924e-06
1.66038126605764e-06
1.63788108105343e-06
1.61398286104975e-06
1.5886310319314e-06
1.56191310158991e-06
1.53336508154285e-06
1.50543306507066e-06
1.48005150718034e-06
1.4577452412699e-06
1.4386586208117e-06
1.42282961174015e-06
1.41024863868988e-06
1.40091711342381e-06
1.39468808509521e-06
1.39215331626939e-06
1.39331977566048e-06
1.39816907017216e-06
1.40597341800687e-06
1.41633373105012e-06
1.42867630737842e-06
1.44341769505346e-06
1.45524753960786e-06
1.46054520087156e-06
1.45882853108757e-06
1.44480341381101e-06
1.40895297685184e-06
1.36751087725562e-06
1.32488792210525e-06
1.2822490897128e-06
1.23999546222789e-06
1.1983380994032e-06
1.15743371011099e-06
1.11741602880078e-06
1.07840253207132e-06
1.04049550995775e-06
1.00378204050108e-06
9.68333946685494e-07
9.34207975771684e-07
9.01446236572666e-07
8.70076877052214e-07
8.40114967013347e-07
8.11563543407468e-07
7.84414773510119e-07
7.58651191913927e-07
7.34246970025165e-07
7.11169181036066e-07
6.89379028740631e-07
6.6883301456636e-07
6.49484023338717e-07
6.31282314203057e-07
6.14176408526266e-07
5.98113871302578e-07
5.83041986502358e-07
5.6890832990054e-07
5.55661245239364e-07
5.43250231184951e-07
5.31626247523241e-07
5.20741949510056e-07
5.10551859347762e-07
5.01012483502922e-07
4.92082384096523e-07
4.83722211963245e-07
4.75894708255273e-07
4.68564680704752e-07
4.61698959900891e-07
4.55266340204455e-07
4.49237509239384e-07
4.43584969274405e-07
4.38282953247956e-07
4.33307337694894e-07
4.28635554406006e-07
4.24246502284588e-07
4.20120460554636e-07
4.16239004219324e-07
4.12584922454846e-07
4.09142140456301e-07
4.05895645113115e-07
4.02831414787651e-07
3.99936353388156e-07
3.97198228866184e-07
3.9460561622591e-07
3.92147845100643e-07
3.8981495192997e-07
3.87597636753015e-07
3.85487224614879e-07
3.83475631567958e-07
3.81555335189609e-07
3.79719349582153e-07
3.77961204431224e-07
3.76274928607108e-07
3.74655035276204e-07
3.73096516590314e-07
3.71594816167195e-07
3.70145890596064e-07
3.68745928274681e-07
3.67392418756994e-07
3.66079637288311e-07
3.64817468310405e-07
3.63550190895134e-07
3.62506987119652e-07
3.60682981639995e-07
1.18624422150948e-06
1.18587291356695e-06
1.18524423356814e-06
1.18434732851909e-06
1.18317560143176e-06
1.18172220159611e-06
1.17997902266003e-06
1.17793654738206e-06
1.17558392690607e-06
1.17290911263553e-06
1.16989898388701e-06
1.16653946237482e-06
1.16281561401786e-06
1.15871173753208e-06
1.15421144031387e-06
1.14929770424977e-06
1.14395294516325e-06
1.13815906991242e-06
1.13189753536536e-06
1.12514941369758e-06
1.1178954685848e-06
1.11011624691582e-06
1.10179219067867e-06
1.09290377370461e-06
1.08343166798207e-06
1.07335694426094e-06
1.06266131161912e-06
1.05132740051316e-06
1.03933909350914e-06
1.02668190731142e-06
1.01334342877783e-06
9.99313806237924e-07
9.84586295488921e-07
9.69157857350411e-07
9.53029800067522e-07
9.36208457158873e-07
9.18705880824422e-07
9.00540550542904e-07
8.81737982908273e-07
8.6233159240971e-07
8.42362102704024e-07
8.21882727808557e-07
8.00938352221441e-07
7.79657477402666e-07
7.57848825496175e-07
7.3705864474029e-07
7.18270717988883e-07
7.0159333430195e-07
6.86953422570008e-07
6.74241162560266e-07
6.63345335119555e-07
6.54161325260969e-07
6.46595403514873e-07
6.40556293223086e-07
6.35995453511866e-07
6.3273443851939e-07
6.31205095635198e-07
6.31577610874133e-07
6.33672577362225e-07
6.38350787492418e-07
6.4083037650032e-07
6.38661866038997e-07
6.33176421774221e-07
6.21885651329309e-07
6.01108720254919e-07
5.79289578911631e-07
5.58056424906729e-07
5.37806456586118e-07
5.1863999742888e-07
5.00579190540815e-07
4.83621421712302e-07
4.67752826170191e-07
4.52952177700372e-07
4.39192459807747e-07
4.2644187352968e-07
4.14664696366971e-07
4.03822080074462e-07
3.938727980786e-07
3.84773937779272e-07
3.76481531358173e-07
3.68951120191482e-07
3.62138250326577e-07
3.55998898900691e-07
3.50489833451355e-07
3.45568907700113e-07
3.41195298588404e-07
3.37329690123567e-07
3.33934409988086e-07
3.30973524940391e-07
3.28412900861566e-07
3.26220232952517e-07
3.24365051122267e-07
3.2281870508617e-07
3.21554333151671e-07
3.20546818143102e-07
3.19772733421034e-07
3.19210281501998e-07
3.18839227381302e-07
3.18640828310406e-07
3.18597761473921e-07
3.18694050750842e-07
3.18914993520438e-07
3.19247088285907e-07
3.19677963728536e-07
3.20196309672957e-07
3.20791810331031e-07
3.21455080100062e-07
3.22177602111989e-07
3.22951669667227e-07
3.23770330631756e-07
3.24627334833155e-07
3.25517084452784e-07
3.26434587381888e-07
3.27375413481921e-07
3.28335653668448e-07
3.29311881717257e-07
3.30301118674924e-07
3.31300799738409e-07
3.32308743453613e-07
3.33323123065041e-07
3.34342439833178e-07
3.35365498115987e-07
3.36391381994846e-07
3.37419433196151e-07
3.38449230062471e-07
3.39480567238539e-07
3.40513435931225e-07
3.41548003966263e-07
3.42584596773018e-07
3.43623674869802e-07
3.44665819509592e-07
3.45711695130993e-07
3.46762061705177e-07
3.47817722744429e-07
3.48879278224096e-07
3.49949274077576e-07
3.51019359123582e-07
3.52137718901543e-07
3.53085506601477e-07
3.54895688421358e-07
3.85230867986225e-07
3.85944189186327e-07
3.86600825059723e-07
3.87199008865073e-07
3.87737171289369e-07
3.88213588416356e-07
3.88626311982844e-07
3.88973170975961e-07
3.89251799262747e-07
3.89459670993133e-07
3.89594136486091e-07
3.89652457841256e-07
3.8963184467644e-07
3.89529489922797e-07
3.89342605757814e-07
3.89068460201229e-07
3.88704415124451e-07
3.88247966474877e-07
3.87696787536063e-07
3.87048776045744e-07
3.86302105950566e-07
3.85455284483343e-07
3.84507215115365e-07
3.83457266759056e-07
3.82305349372477e-07
3.8105199583687e-07
3.79698449630946e-07
3.78246757403236e-07
3.76699865032021e-07
3.75061715157779e-07
3.73337343470313e-07
3.71532970243871e-07
3.69656082753871e-07
3.67715503328784e-07
3.6572143690378e-07
3.63685491314134e-07
3.61620662512726e-07
3.59541279049417e-07
3.57462889958869e-07
3.55402128540023e-07
3.53376371992298e-07
3.51403990282144e-07
3.49501575202163e-07
3.47694570052363e-07
3.45966568796105e-07
3.44526259411962e-07
3.43426221531253e-07
3.42616609968779e-07
3.42053718716049e-07
3.41698398835879e-07
3.41515736100718e-07
3.41474920440962e-07
3.41549133478586e-07
3.41715505808912e-07
3.41954793926545e-07
3.42251683912518e-07
3.42593169935091e-07
3.4297363108454e-07
3.43371841000209e-07
3.43849034175295e-07
3.4405000984255e-07
3.43832110441374e-07
3.43294029150973e-07
3.42141180237161e-07
3.40152491863355e-07
3.38420157779289e-07
3.36948706256343e-07
3.35738623219656e-07
3.34789078974855e-07
3.3409891242167e-07
3.33667020970663e-07
3.33492409981128e-07
3.33574086266978e-07
3.33910879381963e-07
3.34501233572497e-07
3.35342994780742e-07
3.364332085926e-07
3.37767941990357e-07
3.39342139576034e-07
3.41149521914151e-07
3.43182530341216e-07
3.45432319517356e-07
3.47888796227614e-07
3.50540700539931e-07
3.53375723530604e-07
3.56380654485309e-07
3.59541549775436e-07
3.62843915447973e-07
3.66272895874838e-07
3.69813461490276e-07
3.734505895933e-07
3.77169433301203e-07
3.80955474911067e-07
3.84794661080079e-07
3.88673518306262e-07
3.92579248138934e-07
3.9649980234262e-07
4.00423938873311e-07
4.04341259999786e-07
4.0824223423083e-07
4.12118203904369e-07
4.15961380382262e-07
4.19764828790983e-07
4.23522444179944e-07
4.27228920849151e-07
4.30879716448264e-07
4.34471012277906e-07
4.37999671047913e-07
4.41463193168421e-07
4.44859672480517e-07
4.48187752170313e-07
4.51446581465851e-07
4.54635773578444e-07
4.57755365234753e-07
4.60805778036205e-07
4.63787781793019e-07
4.66702459895501e-07
4.69551176716062e-07
4.72335546972164e-07
4.75057406925312e-07
4.77718787241901e-07
4.80321887299162e-07
4.82869050681477e-07
4.85362741576851e-07
4.87805521772515e-07
4.90200027893194e-07
4.92548948643599e-07
4.94855001539991e-07
4.97120909423727e-07
4.99349375610307e-07
5.01543058486629e-07
5.03704553882703e-07
5.05836317382282e-07
5.07940926835217e-07
5.10019637985578e-07
5.12079054062057e-07
5.14100289500883e-07
5.16177093828469e-07
5.17898431524659e-07
5.21063931867753e-07
3.94150857179054e-07
3.94102845353762e-07
3.94054811592796e-07
3.9400670647571e-07
3.93958528359392e-07
3.93910310468612e-07
3.93862117633019e-07
3.93814044850229e-07
3.93766218234148e-07
3.93718797183434e-07
3.93671976569914e-07
3.93625988800536e-07
3.9358110578458e-07
3.93537640574415e-07
3.93495948377032e-07
3.93456426689875e-07
3.934195143249e-07
3.93385689051187e-07
3.93355463553357e-07
3.9332937937558e-07
3.9330799849078e-07
3.93291892103003e-07
3.93281626264291e-07
3.93277743871657e-07
3.93280742610805e-07
3.93291048438605e-07
3.93308984255395e-07
3.93334733521937e-07
3.93368298736549e-07
3.93409454919053e-07
3.93457698563323e-07
3.93512192931792e-07
3.93571711083509e-07
3.93634578653874e-07
3.93698619144053e-07
3.93761105273203e-07
3.93818720935891e-07
3.93867538706906e-07
3.93903020649443e-07
3.93920042314746e-07
3.93912975917242e-07
3.93875718118514e-07
3.93802178667693e-07
3.93685101554804e-07
3.93522114384245e-07
3.93288827956466e-07
3.92972044365036e-07
3.92569407695856e-07
3.92080552224252e-07
3.91508032522299e-07
3.90857712769939e-07
3.90138962668154e-07
3.89364712796045e-07
3.88551375735352e-07
3.87718660511264e-07
3.86889202824564e-07
3.86088281712532e-07
3.85342658479672e-07
3.84682439573656e-07
3.84129997673882e-07
3.83753747390241e-07
3.8361905147301e-07
3.8376465721367e-07
3.8427647840534e-07
3.85314948655166e-07
3.86795098663106e-07
3.88679508914423e-07
3.90977464611902e-07
3.93706031227922e-07
3.96880510019057e-07
4.00511809484106e-07
4.04605582562847e-07
4.09161899002221e-07
4.14175158947393e-07
4.19634179649932e-07
4.25522434402958e-07
4.31818427195507e-07
4.38496184121028e-07
4.45525839715862e-07
4.5287429379226e-07
4.60505912809176e-07
4.68383249876296e-07
4.76467758940872e-07
4.84720481230954e-07
4.93102685355273e-07
5.01576446319529e-07
5.10105152812214e-07
5.18653936161748e-07
5.27190018144063e-07
5.35682978159345e-07
5.44104943089145e-07
5.52430705334273e-07
5.60637776115185e-07
5.68706382121968e-07
5.7661941409198e-07
5.84362335948213e-07
5.91923062837528e-07
5.99291815851678e-07
6.06460960478711e-07
6.13424834988646e-07
6.20179574068884e-07
6.26722932137404e-07
6.3305410991492e-07
6.39173587053445e-07
6.45082962917084e-07
6.50784806995813e-07
6.56282519909863e-07
6.61580205525617e-07
6.66682554348608e-07
6.71594738079683e-07
6.76322315001233e-07
6.80871145704158e-07
6.85247318548355e-07
6.8945708417859e-07
6.93506798370069e-07
6.97402872461926e-07
7.01151730632936e-07
7.04759773286436e-07
7.08233345834738e-07
7.11578712198805e-07
7.14802032371063e-07
7.17909343420981e-07
7.20906543360151e-07
7.23799377301786e-07
7.26593425433276e-07
7.29294092209636e-07
7.31906596661783e-07
7.34435962472741e-07
7.36887010369612e-07
7.39264344532215e-07
7.41572355520842e-07
7.43815181742083e-07
7.4599676271388e-07
7.48120776004545e-07
7.50190245596483e-07
7.52211107011709e-07
7.5417085022169e-07
7.56147495900854e-07
7.57784221080774e-07
7.60701208529473e-07
4.00727500412663e-07
4.00723062742284e-07
4.00729654555253e-07
4.00747487074878e-07
4.00776289542936e-07
4.0081560750316e-07
4.0086486926786e-07
4.00923395450808e-07
4.00990395140409e-07
4.01064958821641e-07
4.01146050014412e-07
4.01232496350482e-07
4.01322980563128e-07
4.01416031635006e-07
4.01510016322266e-07
4.01603131377773e-07
4.01693396899262e-07
4.0177865132094e-07
4.0185654868033e-07
4.01924558929857e-07
4.01979972217122e-07
4.02019908226376e-07
4.02041331856238e-07
4.02041076702161e-07
4.02015878011032e-07
4.01962416971799e-07
4.01877378389571e-07
4.01757523946642e-07
4.01599783363044e-07
4.01401365806806e-07
4.01159893839738e-07
4.00873561982718e-07
4.0054132160516e-07
4.00163093244469e-07
3.99740006601805e-07
3.99274667305621e-07
3.98771448057429e-07
3.98236799988684e-07
3.97679577908594e-07
3.97111371009804e-07
3.96546827228975e-07
3.96003960495159e-07
3.95504414895663e-07
3.95073703186556e-07
3.94741291824139e-07
3.94540787581801e-07
3.94509882657394e-07
3.94690126780294e-07
3.95126586232955e-07
3.95867354685452e-07
3.96962922491663e-07
3.98465406156692e-07
4.00427645705999e-07
4.02902189486592e-07
4.05940191464548e-07
4.09590254231064e-07
4.1389724246279e-07
4.1890113645364e-07
4.24635843215021e-07
4.31128359602288e-07
4.38397551022903e-07
4.46453834745808e-07
4.55298776781761e-07
4.64924705263689e-07
4.75313966907795e-07
4.86440454003281e-07
4.98267674376875e-07
5.10750011610496e-07
5.23833528423242e-07
5.37456854696759e-07
5.5155223336695e-07
5.66046729066096e-07
5.80863554516743e-07
5.95923461031569e-07
6.11146148945672e-07
6.26451656327447e-07
6.41761683871633e-07
6.570008174705e-07
6.72097616612105e-07
6.86985544124706e-07
7.01603720480821e-07
7.15897493898642e-07
7.29818825334438e-07
7.43326494570952e-07
7.56386139626562e-07
7.68970146456283e-07
7.81057409291455e-07
7.92632983968557e-07
8.03687657321683e-07
8.14217455324371e-07
8.2422311137058e-07
8.33709514106192e-07
8.42685151784615e-07
8.51161567429995e-07
8.59152836327783e-07
8.66675074671385e-07
8.73745985684698e-07
8.80384447289896e-07
8.86610143441951e-07
8.9244323962539e-07
8.97904101701885e-07
9.03013056292097e-07
9.07790190143583e-07
9.12255185444252e-07
9.16427187750912e-07
9.20324703078323e-07
9.23965520700552e-07
9.27366658322402e-07
9.30544326456085e-07
9.33513909064115e-07
9.36289957784106e-07
9.38886197319707e-07
9.413155398521e-07
9.43590106589884e-07
9.45721254825008e-07
9.47719609094947e-07
9.49595095263513e-07
9.51356976523533e-07
9.53013890493443e-07
9.5457388672703e-07
9.56044464082385e-07
9.57432607500601e-07
9.58744823839684e-07
9.59987176458593e-07
9.61165318371756e-07
9.62284523625047e-07
9.63349717254544e-07
9.64365502121106e-07
9.65336187568894e-07
9.66265804283655e-07
9.67158154186623e-07
9.68016746311672e-07
9.6884507290276e-07
9.69645896043289e-07
9.70423324932847e-07
9.71177895035315e-07
9.71916767547895e-07
9.72651070641976e-07
9.73297056143448e-07
9.74524246113541e-07
4.46051125000836e-07
4.45911134155078e-07
4.45714244120638e-07
4.45459126082166e-07
4.45146642358683e-07
4.44778316092004e-07
4.44355979484728e-07
4.43881705659595e-07
4.4335781545194e-07
4.42786906442265e-07
4.42171890787813e-07
4.41516039636861e-07
4.40823034169822e-07
4.40097023316506e-07
4.39342688239369e-07
4.3856531380443e-07
4.37770867273533e-07
4.36966084385609e-07
4.36158562918086e-07
4.35356863725436e-07
4.34570619115249e-07
4.33810648233516e-07
4.33089078885972e-07
4.32419474915021e-07
4.31816967873496e-07
4.31298391279191e-07
4.30882415190422e-07
4.30589678206948e-07
4.30442913270792e-07
4.30467062821419e-07
4.30689377961698e-07
4.3113949533818e-07
4.31849484467305e-07
4.32853857299686e-07
4.34189530975984e-07
4.35895734075605e-07
4.38013846295874e-07
4.40587161540715e-07
4.43660564963128e-07
4.47280115719726e-07
4.51492529156871e-07
4.56344554825715e-07
4.61882250789143e-07
4.68150156638366e-07
4.75190381376483e-07
4.83041602605841e-07
4.91738012691409e-07
5.01308274346043e-07
5.1177447387744e-07
5.23151082615801e-07
5.35443986248557e-07
5.4864962980333e-07
5.62754305598179e-07
5.77733612057848e-07
5.93552112186097e-07
6.10163217392402e-07
6.27509308936956e-07
6.45522118834808e-07
6.64123341142035e-07
6.83225539398096e-07
7.02733241917432e-07
7.2254422598132e-07
7.42550958137309e-07
7.6264225437987e-07
7.82704938808328e-07
8.02625955979801e-07
8.22294167782282e-07
8.41602193265532e-07
8.60448242961264e-07
8.78737772735896e-07
8.96384921916844e-07
9.13313741623383e-07
9.29459182802775e-07
9.44767808132058e-07
9.59198212014037e-07
9.72721148223479e-07
9.85319373817931e-07
9.96987227305707e-07
1.00772996876022e-06
1.01756291727027e-06
1.02651042622174e-06
1.03460473971811e-06
1.04188477409366e-06
1.04839486702449e-06
1.05418353347015e-06
1.05930226299958e-06
1.06380438741649e-06
1.06774404143397e-06
1.07117523285908e-06
1.07415103268536e-06
1.07672288993112e-06
1.07894007119921e-06
1.08084922088779e-06
1.08249403479811e-06
1.08391503755252e-06
1.0851494526969e-06
1.08623115352765e-06
1.08719068244611e-06
1.08805532688937e-06
1.08884924049993e-06
1.08959359907431e-06
1.09030678187607e-06
1.09100457003384e-06
1.09170035490512e-06
1.09240535042102e-06
1.09312880450089e-06
1.09387820561306e-06
1.09465948144453e-06
1.09547718742182e-06
1.09633468349517e-06
1.09723429816477e-06
1.09817747919481e-06
1.09916493083986e-06
1.10019673770602e-06
1.10127247559792e-06
1.1023913098707e-06
1.10355208192291e-06
1.10475338454082e-06
1.10599362684363e-06
1.10727108958953e-06
1.10858397159074e-06
1.10993042795372e-06
1.11130860082116e-06
1.11271664322506e-06
1.11415273663527e-06
1.11561510262294e-06
1.11710200927287e-06
1.11861177216988e-06
1.12014275173275e-06
1.12169334372598e-06
1.12326197098562e-06
1.12484706552806e-06
1.12644703314094e-06
1.12806040397335e-06
1.12968485791794e-06
1.13132199526152e-06
1.13295457370337e-06
1.13465047372214e-06
1.13608425142702e-06
1.13871271724258e-06
4.58137005528749e-07
4.5912308846798e-07
4.60377241897525e-07
4.61911505438379e-07
4.63729314840947e-07
4.65832559490261e-07
4.68223278290612e-07
4.70904082194699e-07
4.73878267389622e-07
4.77149854544823e-07
4.80723610240234e-07
4.84605061271142e-07
4.88800503153365e-07
4.93317002950048e-07
4.98162396194825e-07
5.03345277427314e-07
5.08874983788918e-07
5.14761571090502e-07
5.210157816401e-07
5.27649002923415e-07
5.34673216004984e-07
5.42100932279973e-07
5.49945116958878e-07
5.58219097412373e-07
5.66936454246639e-07
5.7611089272722e-07
5.85756091934812e-07
5.95885528837681e-07
6.06512274329092e-07
6.17648758235645e-07
6.29306500391579e-07
6.41495805137219e-07
6.54225417083184e-07
6.67502136734536e-07
6.81330395639928e-07
6.95711792165344e-07
7.10644590825099e-07
7.26123190357583e-07
7.42137568390337e-07
7.58672713581643e-07
7.75708059397774e-07
7.93216937152889e-07
8.11166069255604e-07
8.29515126340242e-07
8.48216375836468e-07
8.6721444550138e-07
8.86446236409141e-07
9.05841035330149e-07
9.2532082121796e-07
9.44800758814786e-07
9.64189911335591e-07
9.8339219333052e-07
1.00230755497969e-06
1.02083337948424e-06
1.03886607168478e-06
1.05630280865848e-06
1.07304341037847e-06
1.08899228850936e-06
1.10406040628002e-06
1.11816722367512e-06
1.13124251492329e-06
1.14322805239596e-06
1.15407908443096e-06
1.16376554169973e-06
1.17227287383769e-06
1.17960273015672e-06
1.18577308227665e-06
1.19081796707347e-06
1.19478690575271e-06
1.19774394537553e-06
1.19976633774919e-06
1.2009429138143e-06
1.20137221012287e-06
1.20116040371005e-06
1.20041912038558e-06
1.19926318748288e-06
1.19780840165648e-06
1.1961693781269e-06
1.19445754141437e-06
1.19277930899243e-06
1.19123450867037e-06
1.18991505873868e-06
1.18890392785091e-06
1.1882743799409e-06
1.18808949874987e-06
1.18840197723499e-06
1.1892541495773e-06
1.19067823786461e-06
1.19269678181265e-06
1.19532321800525e-06
1.19856257488883e-06
1.20241225089234e-06
1.20686284527117e-06
1.21189901429418e-06
1.21750032892472e-06
1.22364211393231e-06
1.23029625219635e-06
1.23743194165381e-06
1.24501639576972e-06
1.25301548148607e-06
1.26139429127984e-06
1.27011764821527e-06
1.27915054471233e-06
1.28845851719615e-06
1.2980079598744e-06
1.30776638165368e-06
1.31770261069675e-06
1.32778695138486e-06
1.33799129852802e-06
1.34828921359802e-06
1.35865596758376e-06
1.36906855481155e-06
1.37950568176594e-06
1.38994773460587e-06
1.40037672871689e-06
1.41077624328562e-06
1.42113134353598e-06
1.43142849293929e-06
1.44165545740253e-06
1.45180120315774e-06
1.46185578982032e-06
1.47181025985044e-06
1.4816565254543e-06
1.49138725374088e-06
1.50099575087028e-06
1.51047584543633e-06
1.51982177212485e-06
1.52902805329514e-06
1.53808938563749e-06
1.54700050825452e-06
1.5557561179967e-06
1.56435063976423e-06
1.57277831889424e-06
1.58103272492227e-06
1.58910569942394e-06
1.59699826083112e-06
1.60464682634328e-06
1.61232092471024e-06
1.61864534436787e-06
1.62994507395823e-06
1.35101540505029e-06
1.35026048604172e-06
1.3495873038204e-06
1.34900028116565e-06
1.34850108620241e-06
1.3480908147314e-06
1.3477705085501e-06
1.34754127680202e-06
1.34740432324243e-06
1.34736095026438e-06
1.34741255466437e-06
1.34756061806641e-06
1.3478066922391e-06
1.34815237861592e-06
1.34859930110578e-06
1.34914907132194e-06
1.34980324536171e-06
1.35056327121088e-06
1.351430425776e-06
1.35240574047723e-06
1.35348991426655e-06
1.35468321288599e-06
1.35598535316576e-06
1.35739537120282e-06
1.35891147337493e-06
1.36053086935821e-06
1.36224958665547e-06
1.36406226664024e-06
1.36596194281226e-06
1.36793980287826e-06
1.36998493744956e-06
1.37208407960974e-06
1.37422134136397e-06
1.37637795503018e-06
1.37853202993782e-06
1.38065833729752e-06
1.38272813868501e-06
1.38470907609225e-06
1.38656514372913e-06
1.38825676346181e-06
1.38974098665101e-06
1.39097184488747e-06
1.39190087046597e-06
1.39247780385031e-06
1.39265150070244e-06
1.39237104258166e-06
1.39158704869301e-06
1.39025317772735e-06
1.38832778664885e-06
1.38577570446756e-06
1.38257007781446e-06
1.3786942325814e-06
1.37414348255136e-06
1.36892681109156e-06
1.36306835176457e-06
1.35660859541784e-06
1.34960525622072e-06
1.34213373839469e-06
1.33428715591364e-06
1.32617587680382e-06
1.3179265714031e-06
1.30968077058749e-06
1.30159294581479e-06
1.2938281556929e-06
1.28655931922154e-06
1.27996421815675e-06
1.27422225507419e-06
1.26951109636329e-06
1.26600330719904e-06
1.26386306474314e-06
1.26324304296436e-06
1.26428156675643e-06
1.26710012188826e-06
1.27180128818915e-06
1.27846714547489e-06
1.28715818451853e-06
1.29791273620207e-06
1.31074691221248e-06
1.32565503257901e-06
1.34261049977503e-06
1.36156706626493e-06
1.38246043273565e-06
1.40521010816293e-06
1.42972146029334e-06
1.45588788579118e-06
1.48359303279519e-06
1.51271301443675e-06
1.54311855940093e-06
1.57467705425462e-06
1.60725444144694e-06
1.64071694609653e-06
1.67493261349073e-06
1.70977264730505e-06
1.74511254567663e-06
1.78083303829573e-06
1.81682083256207e-06
1.8529691806001e-06
1.88917828160789e-06
1.92535553573204e-06
1.96141566654187e-06
1.99728072936054e-06
2.03288002233485e-06
2.06814991632401e-06
2.10303361857796e-06
2.13748088386666e-06
2.17144768529827e-06
2.20489585560177e-06
2.23779270820283e-06
2.27011064603436e-06
2.30182676472436e-06
2.33292245561435e-06
2.36338301299115e-06
2.39319724897204e-06
2.42235711866145e-06
2.45085735750116e-06
2.47869513215074e-06
2.50586970575908e-06
2.53238211810922e-06
2.55823488082603e-06
2.58343168762336e-06
2.60797713941529e-06
2.63187648401884e-06
2.65513537010393e-06
2.6777596150194e-06
2.69975498596277e-06
2.72112699419973e-06
2.74188070055887e-06
2.76202053443012e-06
2.78155011266769e-06
2.80047209471769e-06
2.81878793626044e-06
2.83649797316679e-06
2.85360033633998e-06
2.87009370532655e-06
2.88596610578117e-06
2.90123481955619e-06
2.91578248930623e-06
2.93005236085641e-06
2.94191123550262e-06
2.96185785245768e-06
1.40106832746791e-06
1.40093715017774e-06
1.40081670684892e-06
1.40070641421692e-06
1.40060485046552e-06
1.40051007895009e-06
1.40041971934877e-06
1.40033095468267e-06
1.40024052280717e-06
1.40014470117898e-06
1.40003928522498e-06
1.39991956075088e-06
1.39978027084832e-06
1.3996155774229e-06
1.39941901763361e-06
1.3991834559577e-06
1.39890103294802e-06
1.39856311206313e-06
1.39816022631808e-06
1.39768202694154e-06
1.39711723672672e-06
1.39645361134112e-06
1.39567791252473e-06
1.394775897863e-06
1.39373233266642e-06
1.39253103041275e-06
1.391154929191e-06
1.38958621259508e-06
1.38780648449998e-06
1.38579700804557e-06
1.38353901986284e-06
1.3810141309908e-06
1.3782048259149e-06
1.37509507055471e-06
1.37167103867382e-06
1.36792196390808e-06
1.36384112125486e-06
1.35942693731129e-06
1.35468422272728e-06
1.34962551326782e-06
1.34427249767649e-06
1.33865750148237e-06
1.33282498634586e-06
1.3268330151497e-06
1.320754624426e-06
1.3146790384575e-06
1.30871265543375e-06
1.30297973480972e-06
1.29762271533146e-06
1.29280209960672e-06
1.28869585300521e-06
1.28549827848679e-06
1.28341834532006e-06
1.28267746960428e-06
1.28350676659811e-06
1.2861438172661e-06
1.29082901236413e-06
1.29780155739682e-06
1.30729523617881e-06
1.3195340469494e-06
1.3347278269739e-06
1.3530679885206e-06
1.37472348877698e-06
1.3998371584597e-06
1.42852248790937e-06
1.46086100372123e-06
1.49690028471689e-06
1.5366526514488e-06
1.58009460024025e-06
1.62716699413908e-06
1.67777597682306e-06
1.73179457409691e-06
1.78906493391232e-06
1.84940112736721e-06
1.91259241467422e-06
1.97840687218609e-06
2.04659527102852e-06
2.11689509494563e-06
2.18903458726165e-06
2.2627367239787e-06
2.33772302046316e-06
2.41371709213554e-06
2.49044790445954e-06
2.56765266344922e-06
2.64507931394577e-06
2.72248862829787e-06
2.79965588220638e-06
2.87637212690149e-06
2.95244507719572e-06
3.02769964314693e-06
3.10197813906201e-06
3.17514020748e-06
3.2470624977782e-06
3.31763813940127e-06
3.38677604870046e-06
3.45440010628123e-06
3.52044823887874e-06
3.58487143637154e-06
3.64763273083775e-06
3.70870616074991e-06
3.76807573964984e-06
3.82573444506675e-06
3.88168324012276e-06
3.93593013726993e-06
3.98848931094787e-06
4.03938026365619e-06
4.08862704799013e-06
4.13625754557865e-06
4.18230280256256e-06
4.22679642023006e-06
4.26977399865227e-06
4.31127263060615e-06
4.35133044269855e-06
4.38998618039214e-06
4.42727883354788e-06
4.46324729912502e-06
4.49793007778944e-06
4.53136500136341e-06
4.56358898828341e-06
4.59463782450499e-06
4.62454596759102e-06
4.65334637201363e-06
4.68107033400485e-06
4.70774735449956e-06
4.73340501899721e-06
4.75806889299635e-06
4.7817624320712e-06
4.80450690454493e-06
4.82632132347273e-06
4.847222395516e-06
4.8672244170173e-06
4.88633941246894e-06
4.90457617196345e-06
4.92194364795538e-06
4.93843649042472e-06
4.95408944415978e-06
4.96875617163838e-06
4.98295060755121e-06
4.99430560425499e-06
5.01373661882574e-06
1.46435382687498e-06
1.46408836879726e-06
1.463658956491e-06
1.46306083188688e-06
1.46229519376235e-06
1.46136474369704e-06
1.46027263422028e-06
1.45902222949705e-06
1.45761707212454e-06
1.45606091253505e-06
1.45435776864921e-06
1.45251201126595e-06
1.45052847646449e-06
1.44841260688814e-06
1.44617062391802e-06
1.44380973294699e-06
1.44133836409537e-06
1.43876645084105e-06
1.43610574921131e-06
1.43337020034223e-06
1.43057633927966e-06
1.42774375281995e-06
1.42489558892258e-06
1.42205911971896e-06
1.41926635933708e-06
1.41655473660402e-06
1.41396782111748e-06
1.41155609913418e-06
1.40937779315375e-06
1.40749971594122e-06
1.4059981460115e-06
1.40495970731077e-06
1.404482231032e-06
1.40467557231209e-06
1.40566234915981e-06
1.40757856561856e-06
1.4105740762151e-06
1.41481284460603e-06
1.42047294649051e-06
1.42774626583993e-06
1.43683783483727e-06
1.44796477210624e-06
1.46135478126854e-06
1.47724418273912e-06
1.49587546619042e-06
1.51749436868386e-06
1.54234650367564e-06
1.57067358918394e-06
1.60270934224372e-06
1.63867512213543e-06
1.6787754255344e-06
1.72319335661179e-06
1.77208620422179e-06
1.82558125967773e-06
1.88377200690076e-06
1.94671481065497e-06
2.01442621488274e-06
2.0868809457652e-06
2.16401068950626e-06
2.24570369375771e-06
2.33180521015335e-06
2.42211877176475e-06
2.51640827622079e-06
2.61440083004584e-06
2.71579027752115e-06
2.82024135759112e-06
2.9273943583777e-06
3.03687011312659e-06
3.14827524728426e-06
3.26120755674725e-06
3.37526135935032e-06
3.49003269082748e-06
3.60512424403326e-06
3.72014995379347e-06
3.83473913896761e-06
3.9485401339165e-06
4.06122336233338e-06
4.17248382464828e-06
4.28204298848302e-06
4.38965008970972e-06
4.49508286787096e-06
4.59814777331544e-06
4.6986796943221e-06
4.7965412605981e-06
4.89162178475429e-06
4.98383590579179e-06
5.0731219985651e-06
5.15944041096982e-06
5.24277158664793e-06
5.32311412572938e-06
5.400482829968e-06
5.4749067719677e-06
5.54642742138517e-06
5.6150968543178e-06
5.68097606577391e-06
5.74413339933708e-06
5.80464310298762e-06
5.86258401559133e-06
5.91803838482236e-06
5.9710908142403e-06
6.02182733484531e-06
6.07033459463729e-06
6.1166991584306e-06
6.1610069093579e-06
6.2033425430575e-06
6.24378914541246e-06
6.2824278448277e-06
6.31933753034083e-06
6.35459462730891e-06
6.38827292295713e-06
6.42044343468115e-06
6.45117431463382e-06
6.48053078477862e-06
6.50857509723916e-06
6.53536651540622e-06
6.56096131187051e-06
6.58541277982881e-06
6.60877125515637e-06
6.63108414685056e-06
6.65239597402234e-06
6.6727484080534e-06
6.69218031889835e-06
6.71072782493272e-06
6.72842434572767e-06
6.74530065825768e-06
6.76138495401609e-06
6.77670290467639e-06
6.79127770985692e-06
6.80513021151608e-06
6.8182787923493e-06
6.83073996943061e-06
6.8425267324206e-06
6.85365395195092e-06
6.86412197906568e-06
6.8739647162654e-06
6.88311883239535e-06
6.8917431582983e-06
6.89969042739466e-06
6.9064217574167e-06
6.92146402791286e-06
1.61827091085393e-06
1.62100332510753e-06
1.62419629958057e-06
1.62788093445048e-06
1.63207633339448e-06
1.63680128739393e-06
1.6420771154581e-06
1.64792843971294e-06
1.65438349889739e-06
1.66147437348462e-06
1.66923720557015e-06
1.6777124309213e-06
1.68694502529516e-06
1.69698476293819e-06
1.70788648407925e-06
1.71971036791947e-06
1.73252220718978e-06
1.74639367961316e-06
1.76140261063633e-06
1.77763322060547e-06
1.79517634816292e-06
1.8141296400662e-06
1.8345976959154e-06
1.85669215445457e-06
1.88053170622696e-06
1.90624201546566e-06
1.93395553227216e-06
1.96381117448091e-06
1.99595385726965e-06
2.03053384772773e-06
2.06770592143527e-06
2.10762829886399e-06
2.15046134131847e-06
2.19636598942961e-06
2.2455019321019e-06
2.29802550047046e-06
2.35408728993503e-06
2.41382952369766e-06
2.47738318329488e-06
2.54486494507414e-06
2.61637397594125e-06
2.69198865629881e-06
2.77176331212671e-06
2.85572505049837e-06
2.94387080268535e-06
3.0361646849484e-06
3.13253578798027e-06
3.23287650237465e-06
3.33704147314511e-06
3.44484725383851e-06
3.55607271372803e-06
3.67046023511448e-06
3.7877177098192e-06
3.90752131022216e-06
4.0295189807106e-06
4.15333457071858e-06
4.27857250736775e-06
4.40482288738874e-06
4.53166685328124e-06
4.65868211362716e-06
4.78544846397806e-06
4.91155317053747e-06
5.0365960912197e-06
5.16019442851757e-06
5.2819870180305e-06
5.4016380870971e-06
5.51884040975456e-06
5.63331779282298e-06
5.7448268874583e-06
5.85315833453624e-06
5.95813724753297e-06
6.05962306371452e-06
6.15750882140764e-06
6.25171992803101e-06
6.34221248662002e-06
6.42897125523618e-06
6.51200731812701e-06
6.59135554734377e-06
6.66707193071156e-06
6.73923083766513e-06
6.80792228835229e-06
6.87324928371055e-06
6.93532524553056e-06
6.99427160635953e-06
7.0502155798547e-06
7.10328813321931e-06
7.15362217496199e-06
7.20135096365935e-06
7.24660673683753e-06
7.2895195536052e-06
7.33021634030199e-06
7.36882012513629e-06
7.40544944550913e-06
7.44021791034613e-06
7.47323389916941e-06
7.50460037969784e-06
7.53441482633962e-06
7.5627692229044e-06
7.58975013410289e-06
7.61543883181462e-06
7.63991146360891e-06
7.66323925252774e-06
7.68548871863035e-06
7.70672191421891e-06
7.72699666598339e-06
7.74636681850645e-06
7.76488247464792e-06
7.78259022927749e-06
7.79953339365376e-06
7.81575220845704e-06
7.83128404408871e-06
7.84616358735685e-06
7.8604230140921e-06
7.87409214758931e-06
7.88719860306063e-06
7.8997679185254e-06
7.91182367276313e-06
7.92338759112162e-06
7.93447964011529e-06
7.94511811186787e-06
7.95531969955735e-06
7.96509956510029e-06
7.97447140037288e-06
7.98344748330442e-06
7.99203873006436e-06
8.00025474496305e-06
8.00810386740798e-06
8.01559322343374e-06
8.02272875640522e-06
8.02951533100354e-06
8.03595657065393e-06
8.04205561609033e-06
8.0478126940765e-06
8.05323350429199e-06
8.05830116538837e-06
8.06307176948289e-06
8.06735037107875e-06
8.07187679864886e-06
8.07401696507227e-06
8.08635814874409e-06
3.92060501302189e-06
3.92586959512572e-06
3.93333690179568e-06
3.94308703717572e-06
3.95512074976586e-06
3.96941905493053e-06
3.98595808777315e-06
4.00471338481509e-06
4.02566165909622e-06
4.04878189748864e-06
4.07405616586439e-06
4.10147019914581e-06
4.13101379036726e-06
4.16268098258797e-06
4.19647007143328e-06
4.23238343183032e-06
4.2704271854558e-06
4.31061072564814e-06
4.35294611527566e-06
4.39744737106607e-06
4.44412964564138e-06
4.49300831639615e-06
4.54409798870151e-06
4.59741141988774e-06
4.65295837011747e-06
4.71074438663682e-06
4.77076952901241e-06
4.8330270448174e-06
4.89750200782388e-06
4.96416993405712e-06
5.0329953949973e-06
5.1039306516693e-06
5.17691433816436e-06
5.25187022805992e-06
5.32870612194953e-06
5.40731289851078e-06
5.48756377481938e-06
5.56931382352946e-06
5.65239979463908e-06
5.73664028742489e-06
5.82183631341324e-06
5.90777228369884e-06
5.99421744347098e-06
6.08092776330447e-06
6.16764828105442e-06
6.25411587049345e-06
6.34006239380464e-06
6.4252181761835e-06
6.50931572121648e-06
6.59209356821548e-06
6.67330018396277e-06
6.75269777908828e-06
6.8300659374681e-06
6.90520494794102e-06
6.97793873577857e-06
7.04811730589776e-06
7.11561862756428e-06
7.18034991076852e-06
7.24224824616879e-06
7.30128060382681e-06
7.35744320755836e-06
7.41076032244736e-06
7.46128251203705e-06
7.509084437632e-06
7.55426228046579e-06
7.59693087742132e-06
7.6372206576205e-06
7.67527446280251e-06
7.71124434293724e-06
7.74528841366146e-06
7.77756784570187e-06
7.80824404706377e-06
7.83747609188624e-06
7.86541843760023e-06
7.8922189579168e-06
7.91801730726079e-06
7.94294362178296e-06
7.96711755199276e-06
7.99064761294114e-06
8.01363083044022e-06
8.03615265605691e-06
8.05828711943807e-06
8.08009718388245e-06
8.10163526992508e-06
8.12294391187858e-06
8.14405651357899e-06
8.16499817178957e-06
8.18578653860829e-06
8.20643269758312e-06
8.22694203185902e-06
8.24731506638134e-06
8.26754826980872e-06
8.28763480522461e-06
8.30756522189025e-06
8.32732808309152e-06
8.34691052756449e-06
8.36629876402743e-06
8.38547850000896e-06
8.40443530746098e-06
8.42315492861477e-06
8.44162352621551e-06
8.45982788269338e-06
8.477755553042e-06
8.49539497621489e-06
8.51273554975681e-06
8.52976767219004e-06
8.5464827574098e-06
8.56287322502747e-06
8.57893247026188e-06
8.59465481663131e-06
8.61003545435769e-06
8.62507036707083e-06
8.6397562491019e-06
8.65409041539065e-06
8.66807070580086e-06
8.68169538545129e-06
8.69496304252136e-06
8.70787248488848e-06
8.72042263689095e-06
8.73261243748611e-06
8.7444407410913e-06
8.755906222417e-06
8.76700728670528e-06
8.77774198669948e-06
8.78810794812906e-06
8.79810230422723e-06
8.80772164337866e-06
8.81696196309723e-06
8.82581865364285e-06
8.8342864493001e-06
8.84235951181443e-06
8.85003123907659e-06
8.85729468606131e-06
8.86414218919476e-06
8.87056387135519e-06
8.87656111052386e-06
8.88206701977078e-06
8.88725224968357e-06
8.89096762755318e-06
8.89790342747419e-06
8.49223221856149e-06
8.48566147736911e-06
8.4795242970164e-06
8.47383301215931e-06
8.46857995475657e-06
8.46374999471639e-06
8.45932384769545e-06
8.45527920586181e-06
8.45159135515642e-06
8.44823363362516e-06
8.44517779559567e-06
8.44239429603549e-06
8.43985250016831e-06
8.43752082236484e-06
8.43536680174373e-06
8.43335712555641e-06
8.43145761322505e-06
8.42963317440641e-06
8.42784775441665e-06
8.42606427999662e-06
8.4242446178383e-06
8.42234955767063e-06
8.42033883110782e-06
8.41817117690633e-06
8.41580446273e-06
8.4131958729318e-06
8.41030217116788e-06
8.40708004577934e-06
8.40348654473525e-06
8.39947960543447e-06
8.39501868273668e-06
8.39006547616085e-06
8.38458475420081e-06
8.37854527013743e-06
8.37192075959238e-06
8.36469100542972e-06
8.35684295059227e-06
8.34837183423913e-06
8.33928232137896e-06
8.329589591374e-06
8.31932034657973e-06
8.30851369936585e-06
8.29722189422488e-06
8.28551082196231e-06
8.27346028537373e-06
8.26116398049414e-06
8.24872916447109e-06
8.23627599023504e-06
8.2239364987905e-06
8.21185327192767e-06
8.20017776158209e-06
8.18906832570614e-06
8.17868801267139e-06
8.16920214654162e-06
8.16077577414575e-06
8.15357104116724e-06
8.14774456769661e-06
8.14344489379656e-06
8.14081006265779e-06
8.13996540349985e-06
8.14102156845075e-06
8.14407286826635e-06
8.14919594138272e-06
8.15644878029408e-06
8.16587012767385e-06
8.17747924427724e-06
8.19127603818097e-06
8.20724153296137e-06
8.22533864706555e-06
8.24551325136449e-06
8.26769546408291e-06
8.29180113831899e-06
8.31773349772334e-06
8.34538487639509e-06
8.37463851927702e-06
8.40537040118946e-06
8.43745102618182e-06
8.47074717308162e-06
8.50512355767441e-06
8.54044438693559e-06
8.57657478598542e-06
8.61338208364107e-06
8.65073694740143e-06
8.6885143633073e-06
8.72659446027135e-06
8.76486318207488e-06
8.80321281323838e-06
8.84154236737739e-06
8.87975784846801e-06
8.91777239670279e-06
8.95550633136399e-06
8.9928871034415e-06
9.02984917064214e-06
9.06633380704612e-06
9.10228885903173e-06
9.13766845827369e-06
9.17243270168262e-06
9.20654730714138e-06
9.23998325285196e-06
9.27271640706915e-06
9.30472715399165e-06
9.3360000206291e-06
9.36652330857961e-06
9.396288733847e-06
9.42529107710462e-06
9.45352784617776e-06
9.4809989519649e-06
9.50770639855041e-06
9.53365398787235e-06
9.55884703899302e-06
9.58329212177562e-06
9.6069968045885e-06
9.62996941553964e-06
9.65221881667911e-06
9.67375419059881e-06
9.69458483889722e-06
9.71471999206731e-06
9.73416863049874e-06
9.75293931646424e-06
9.77104003717513e-06
9.78847805925075e-06
9.80525979519753e-06
9.82139068287577e-06
9.83687507891863e-06
9.85171616834001e-06
9.86591588933955e-06
9.87947488402334e-06
9.89239244613654e-06
9.90466657121546e-06
9.91629375736028e-06
9.92726974427018e-06
9.93758723557441e-06
9.94724357221542e-06
9.95621680320969e-06
9.96453935595451e-06
9.97208722542605e-06
9.97914075343839e-06
9.98521579552225e-06
9.99044278749988e-06
1.00055768242468e-05
8.11729040513279e-06
8.11393831514424e-06
8.10955563992484e-06
8.10413024477557e-06
8.09769372912111e-06
8.09029198983786e-06
8.08197742893785e-06
8.0728063091894e-06
8.06283739276607e-06
8.05213100717251e-06
8.0407483648143e-06
8.02875109946739e-06
8.01620100331962e-06
8.003159946427e-06
7.9896899555426e-06
7.97585342589838e-06
7.96171343869821e-06
7.94733415830819e-06
7.93278128543294e-06
7.9181225451732e-06
7.90342819132412e-06
7.88877151034864e-06
7.87422931003531e-06
7.85988237890696e-06
7.84581590304547e-06
7.83211982721961e-06
7.81888914716142e-06
7.80622411963584e-06
7.79423037671175e-06
7.78301893049674e-06
7.77270605467812e-06
7.76341302965798e-06
7.75526573901873e-06
7.74839410663873e-06
7.74293136610727e-06
7.73901315724968e-06
7.7367764486094e-06
7.73635828963503e-06
7.7378944020131e-06
7.74151762592524e-06
7.74735624376672e-06
7.75553221074325e-06
7.76615932839646e-06
7.77934140307569e-06
7.79517043622757e-06
7.81372489666475e-06
7.83506812627374e-06
7.8592469296187e-06
7.88629039430871e-06
7.91620898291067e-06
7.94899392937845e-06
7.98461696387655e-06
8.02303037922838e-06
8.06416744029636e-06
8.1079431255709e-06
8.15425517906615e-06
8.20298544062959e-06
8.25400141435142e-06
8.30715802832354e-06
8.36229953498139e-06
8.41926149968872e-06
8.47787282597264e-06
8.53795776900856e-06
8.5993378939043e-06
8.66183394089232e-06
8.7252675658858e-06
8.78946293054982e-06
8.85424812135932e-06
8.91945638566163e-06
8.98492718099712e-06
9.05050703833027e-06
9.11605024400262e-06
9.18141935064416e-06
9.24648553109521e-06
9.31112879090682e-06
9.37523805582741e-06
9.4387111513432e-06
9.50145469128055e-06
9.56338389164784e-06
9.6244223246599e-06
9.6845016264431e-06
9.74356117030542e-06
9.80154771574884e-06
9.85841504172142e-06
9.91412357102864e-06
9.96863999139548e-06
1.00219368774171e-05
1.00739923165764e-05
1.01247895416414e-05
1.0174316571076e-05
1.02225658585808e-05
1.02695339525049e-05
1.03152211656096e-05
1.03596312554913e-05
1.04027711158632e-05
1.04446504788301e-05
1.04852816282469e-05
1.05246791242267e-05
1.05628595388289e-05
1.05998412029308e-05
1.06356439642391e-05
1.06702889563483e-05
1.07037983786962e-05
1.07361952871986e-05
1.07675033952843e-05
1.07977468849792e-05
1.08269502276333e-05
1.08551380138256e-05
1.08823347919387e-05
1.09085649148674e-05
1.09338523943063e-05
1.09582207620706e-05
1.09816929379282e-05
1.1004291103472e-05
1.10260365816385e-05
1.10469497215849e-05
1.10670497887725e-05
1.10863548602776e-05
1.11048817255506e-05
1.11226457930881e-05
1.11396610037459e-05
1.11559397517255e-05
1.11714928145523e-05
1.11863292937865e-05
1.12004565680285e-05
1.12138802618726e-05
1.12266042274943e-05
1.12386305618354e-05
1.12499595866408e-05
1.12605900580889e-05
1.12705186795359e-05
1.12797421076014e-05
1.12882506170547e-05
1.12960497393252e-05
1.13030894867406e-05
1.13094991632271e-05
1.13148142380406e-05
1.13206697170801e-05
1.13214641942245e-05
1.1342611147434e-05
7.08468466528065e-06
7.09373830208187e-06
7.10477723406846e-06
7.11785089820836e-06
7.13293195315525e-06
7.14997157150906e-06
7.16891386560921e-06
7.18970065189828e-06
7.21227390776626e-06
7.23657749221909e-06
7.26255843334159e-06
7.29016786301128e-06
7.31936163745895e-06
7.35010067299522e-06
7.38235103199203e-06
7.41608380063389e-06
7.4512748000841e-06
7.48790416850173e-06
7.52595584581877e-06
7.56541698753061e-06
7.6062773284117e-06
7.64852851243909e-06
7.69216340152768e-06
7.73717537296272e-06
7.78355761357546e-06
7.83130241760751e-06
7.88040049474013e-06
7.93084029479669e-06
7.98260735606653e-06
8.03568368493498e-06
8.09004717544326e-06
8.14567107843663e-06
8.20252353097932e-06
8.26056715760898e-06
8.31975875564853e-06
8.38004907706534e-06
8.44138271914904e-06
8.50369813544835e-06
8.56692777687352e-06
8.63099837056437e-06
8.69583134102438e-06
8.76134337415626e-06
8.82744712029545e-06
8.89405202726937e-06
8.9610652891204e-06
9.02839289066664e-06
9.09594072282028e-06
9.16361573887663e-06
9.23132711814419e-06
9.29898740071784e-06
9.3665135565801e-06
9.43382795369479e-06
9.50085919265905e-06
9.56754277945636e-06
9.63382161323332e-06
9.6996462728733e-06
9.7649750938979e-06
9.82977403533678e-06
9.89401634426098e-06
9.95768203344808e-06
1.00207571946171e-05
1.00832331757135e-05
1.0145105655338e-05
1.02063736507015e-05
1.02670384965638e-05
1.03271028319949e-05
1.03865696291791e-05
1.04454412942801e-05
1.05037188666623e-05
1.05614013385662e-05
1.0618485110966e-05
1.06749635946761e-05
1.0730826960386e-05
1.07860620361292e-05
1.08406523452464e-05
1.08945782730714e-05
1.09478173469208e-05
1.10003446112784e-05
1.10521330782296e-05
1.11031542323101e-05
1.11533785690037e-05
1.12027761470163e-05
1.12513171360035e-05
1.12989723435155e-05
1.13457137073823e-05
1.13915147424437e-05
1.14363509332797e-05
1.14802000672919e-05
1.15230425050214e-05
1.15648613868754e-05
1.16056427774282e-05
1.1645375750106e-05
1.1684052416376e-05
1.1721667904514e-05
1.17582202936691e-05
1.17937105092849e-05
1.18281421860402e-05
1.18615215043449e-05
1.18938570061474e-05
1.19251593953913e-05
1.19554413279611e-05
1.19847171953952e-05
1.20130029060658e-05
1.20403156669411e-05
1.20666737684855e-05
1.20920963747237e-05
1.21166033200124e-05
1.21402149136319e-05
1.21629517529345e-05
1.21848345454691e-05
1.22058839402402e-05
1.22261203680616e-05
1.22455638908153e-05
1.22642340593361e-05
1.2282149779605e-05
1.22993291869419e-05
1.23157895279515e-05
1.23315470500794e-05
1.23466168987899e-05
1.23610130225666e-05
1.23747480861723e-05
1.23878333928573e-05
1.24002788165105e-05
1.24120927449785e-05
1.24232820361663e-05
1.24338519886038e-05
1.24438063280172e-05
1.24531472147799e-05
1.24618752580282e-05
1.24699896077306e-05
1.24774878376224e-05
1.24843667184995e-05
1.24906198327042e-05
1.24962461791511e-05
1.25012221952006e-05
1.25055868180305e-05
1.25091901554942e-05
1.2512286240419e-05
1.25138610855108e-05
1.25189296305162e-05
1.11818031150802e-05
1.11732131338329e-05
1.11647071129886e-05
1.11562980423593e-05
1.11479945623683e-05
1.11398035171085e-05
1.11317306277347e-05
1.11237807579832e-05
1.11159581178605e-05
1.11082664591615e-05
1.1100709265346e-05
1.1093289937718e-05
1.10860119770181e-05
1.10788791574928e-05
1.10718956924543e-05
1.10650663927122e-05
1.10583968202773e-05
1.10518934400607e-05
1.10455637724301e-05
1.10394165494288e-05
1.10334618771589e-05
1.1027711406378e-05
1.10221785128032e-05
1.10168784879951e-05
1.10118287409885e-05
1.10070490100636e-05
1.10025615831988e-05
1.09983915248141e-05
1.09945669054024e-05
1.09911190295603e-05
1.09880826567877e-05
1.09854962082489e-05
1.09834019515231e-05
1.09818461542555e-05
1.09808791966274e-05
1.09805556317522e-05
1.09809341825575e-05
1.09820776635158e-05
1.09840528158117e-05
1.09869300452705e-05
1.09907830536757e-05
1.09956883560246e-05
1.10017246788102e-05
1.10089722375663e-05
1.10175118955775e-05
1.10274242097397e-05
1.10387883738707e-05
1.10516810741417e-05
1.10661752754928e-05
1.10823389617371e-05
1.110023385548e-05
1.11199141468151e-05
1.11414252616389e-05
1.11648027010836e-05
1.11900709830763e-05
1.12172427155145e-05
1.12463178280062e-05
1.12772829855686e-05
1.13101112032889e-05
1.13447616758987e-05
1.13811798308215e-05
1.14192976075152e-05
1.14590339603556e-05
1.15002955766916e-05
1.15429777962869e-05
1.15869657131439e-05
1.16321354358533e-05
1.16783554783717e-05
1.172548825041e-05
1.17733916152277e-05
1.18219204815882e-05
1.18709283964251e-05
1.1920269106122e-05
1.19697980566922e-05
1.20193738059208e-05
1.20688593238607e-05
1.21181231621114e-05
1.21670404767865e-05
1.22154938946956e-05
1.22633742168451e-05
1.23105809578268e-05
1.23570227238141e-05
1.24026174355825e-05
1.2447292406126e-05
1.24909842849848e-05
1.25336388833149e-05
1.25752108950055e-05
1.26156635298237e-05
1.26549680746859e-05
1.26931033987971e-05
1.27300554176361e-05
1.27658165296851e-05
1.28003850384898e-05
1.28337645711742e-05
1.28659635029911e-05
1.28969943959054e-05
1.29268734578223e-05
1.29556200273819e-05
1.29832560881394e-05
1.30098058146599e-05
1.30352951520055e-05
1.30597514291911e-05
1.30832030064165e-05
1.31056789552658e-05
1.31272087705727e-05
1.31478221122766e-05
1.31675485753344e-05
1.31864174855737e-05
1.32044577192875e-05
1.32216975443374e-05
1.32381644805724e-05
1.3253885177442e-05
1.32688853068054e-05
1.32831894690892e-05
1.32968211111236e-05
1.33098024541914e-05
1.33221544310462e-05
1.33338966309e-05
1.33450472516375e-05
1.33556230587876e-05
1.33656393510771e-05
1.33751099326471e-05
1.33840470924255e-05
1.33924615910247e-05
1.34003626571182e-05
1.34077579908891e-05
1.34146537877512e-05
1.34210547422804e-05
1.34269641740937e-05
1.34323837951522e-05
1.34373147408199e-05
1.34417544385241e-05
1.34457070589487e-05
1.34491508078343e-05
1.34521363398329e-05
1.34545087944755e-05
1.34565999722226e-05
1.34578942399494e-05
1.34576673132348e-05
1.34680279781219e-05
1.0664061370845e-05
1.06656345602005e-05
1.06674488752779e-05
1.06695279799992e-05
1.06718905708625e-05
1.06745559112802e-05
1.06775449310532e-05
1.06808803341348e-05
1.06845865494145e-05
1.06886896821195e-05
1.06932174893422e-05
1.06981993888599e-05
1.07036665000844e-05
1.07096517078062e-05
1.07161897388427e-05
1.0723317243697e-05
1.07310728764107e-05
1.0739497366292e-05
1.0748633575748e-05
1.07585265389393e-05
1.07692234762789e-05
1.0780773779938e-05
1.07932289655921e-05
1.08066425856665e-05
1.08210700993717e-05
1.08365686948828e-05
1.08531970591535e-05
1.0871015091097e-05
1.0890083554253e-05
1.09104636656258e-05
1.09322166181535e-05
1.09554030352857e-05
1.09800823574296e-05
1.10063121615851e-05
1.10341474173395e-05
1.10636396845102e-05
1.10948362600865e-05
1.11277792846545e-05
1.11625048211167e-05
1.11990419211211e-05
1.12374116970693e-05
1.12776264197356e-05
1.13196886632594e-05
1.13635905204209e-05
1.14093129115471e-05
1.14568250100039e-05
1.15060838059378e-05
1.15570338276993e-05
1.16096070372633e-05
1.16637229120631e-05
1.17192887212226e-05
1.17761999993866e-05
1.18343412162716e-05
1.18935866347452e-05
1.19538013450007e-05
1.20148424575473e-05
1.20765604334866e-05
1.21388005269747e-05
1.22014043119827e-05
1.22642112636328e-05
1.23270603634143e-05
1.2389791697681e-05
1.24522480196055e-05
1.25142762465009e-05
1.25757288665183e-05
1.26364652313596e-05
1.26963527146294e-05
1.2755267718825e-05
1.28130965180024e-05
1.28697359276444e-05
1.29250937974905e-05
1.29790893270813e-05
1.30316532078736e-05
1.30827275997003e-05
1.31322659526443e-05
1.31802326880958e-05
1.32266027549773e-05
1.32713610788031e-05
1.33145019224879e-05
1.33560281777915e-05
1.33959506065686e-05
1.34342870501554e-05
1.34710616241168e-05
1.35063039140899e-05
1.35400481866777e-05
1.35723326273831e-05
1.36031986154999e-05
1.3632690043793e-05
1.36608526887694e-05
1.36877336354349e-05
1.37133807586826e-05
1.37378422619192e-05
1.37611662722034e-05
1.37834004900762e-05
1.38045918913852e-05
1.38247864777475e-05
1.38440290718303e-05
1.38623631533447e-05
1.38798307315067e-05
1.38964722497148e-05
1.39123265182808e-05
1.39274306712242e-05
1.39418201433679e-05
1.39555286642482e-05
1.39685882656435e-05
1.39810292998427e-05
1.39928804660828e-05
1.40041688428946e-05
1.401491992439e-05
1.40251576588081e-05
1.40349044878969e-05
1.40441813859615e-05
1.40530078976346e-05
1.40614021736486e-05
1.40693810040912e-05
1.40769598488239e-05
1.40841528649364e-05
1.40909729312944e-05
1.40974316704292e-05
1.41035394682042e-05
1.41093054918876e-05
1.41147377074343e-05
1.4119842896995e-05
1.41246266777561e-05
1.41290935234881e-05
1.41332467900401e-05
1.41370887457862e-05
1.41406206110668e-05
1.41438425915344e-05
1.41467539749071e-05
1.41493530035487e-05
1.4151637618721e-05
1.41536029285053e-05
1.41552504917157e-05
1.41565543343865e-05
1.41575848263095e-05
1.41580482718648e-05
1.41591634536932e-05
1.41564397896863e-05
1.41757431689685e-05
1.18895712540062e-05
1.18926318814985e-05
1.18974868836558e-05
1.19041674807473e-05
1.19126291600987e-05
1.19228039183822e-05
1.19346147875828e-05
1.1947981368195e-05
1.19628231169436e-05
1.19790617325443e-05
1.19966228831498e-05
1.20154373840981e-05
1.20354419129053e-05
1.2056579336328e-05
1.20787987255158e-05
1.21020551354796e-05
1.21263092168449e-05
1.21515267151822e-05
1.21776779006761e-05
1.22047369599986e-05
1.22326813732279e-05
1.22614912915126e-05
1.22911489258324e-05
1.23216379533867e-05
1.23529429455479e-05
1.23850488196532e-05
1.24179403159282e-05
1.24516015003692e-05
1.24860152942986e-05
1.2521163031455e-05
1.25570240437941e-05
1.25935752776006e-05
1.26307909420113e-05
1.26686421925972e-05
1.27070968532241e-05
1.27461191799912e-05
1.27856696715898e-05
1.28257049308862e-05
1.28661775828428e-05
1.2907036253999e-05
1.29482256185844e-05
1.29896865158892e-05
1.3031356142761e-05
1.30731683240058e-05
1.31150538620499e-05
1.31569409654887e-05
1.31987557541252e-05
1.32404228358655e-05
1.32818659484623e-05
1.33230086567134e-05
1.33637750934804e-05
1.34040907309055e-05
1.34438831665071e-05
1.34830829074522e-05
1.35216241353721e-05
1.35594454337601e-05
1.35964904603145e-05
1.36327085475518e-05
1.36680552165535e-05
1.37024925910997e-05
1.37359897017315e-05
1.37685226726987e-05
1.38000747880716e-05
1.38306364366874e-05
1.38602049390887e-05
1.38887842627699e-05
1.39163846349422e-05
1.39430220645355e-05
1.39687177873619e-05
1.39934976501508e-05
1.40173914502675e-05
1.40404322483047e-05
1.40626556706289e-05
1.40840992183472e-05
1.41048015979407e-05
1.41248020870897e-05
1.41441399471768e-05
1.4162853891719e-05
1.4180981617615e-05
1.41985594036973e-05
1.42156217787667e-05
1.42322012591438e-05
1.42483281538585e-05
1.42640304339622e-05
1.42793336611219e-05
1.4294260969644e-05
1.43088330953889e-05
1.43230684446457e-05
1.43369831959181e-05
1.43505914276965e-05
1.43639052656053e-05
1.4376935042781e-05
1.43896894679212e-05
1.44021757960892e-05
1.44143999980484e-05
1.44263669245937e-05
1.44380804630159e-05
1.4449543683474e-05
1.44607589736267e-05
1.44717281603906e-05
1.44824526181409e-05
1.4492933363045e-05
1.45031711335312e-05
1.45131664571399e-05
1.45229197042009e-05
1.45324311289192e-05
1.45417008985554e-05
1.45507291114498e-05
1.4559515804677e-05
1.45680609521305e-05
1.45763644538378e-05
1.45844261172975e-05
1.4592245631621e-05
1.45998225352562e-05
1.46071561780748e-05
1.4614245678625e-05
1.46210898773896e-05
1.46276872869531e-05
1.46340360400703e-05
1.46401338367486e-05
1.46459778916111e-05
1.46515648829756e-05
1.46568909053139e-05
1.46619514269324e-05
1.46667412549344e-05
1.4671254510103e-05
1.46754846117611e-05
1.46794242860881e-05
1.46830655518001e-05
1.46863998802884e-05
1.46894177702991e-05
1.4692110580273e-05
1.46944642932002e-05
1.4696481360713e-05
1.46981081622026e-05
1.46994649472424e-05
1.47001491029493e-05
1.47011695905889e-05
1.46996669064232e-05
1.4706195336595e-05
1.44831951438184e-05
1.4474004183007e-05
1.44645738002897e-05
1.44549239398966e-05
1.44450866290427e-05
1.44350981384253e-05
1.44249962976966e-05
1.44148191649507e-05
1.44046041681981e-05
1.43943875106345e-05
1.43842037840539e-05
1.43740857607371e-05
1.43640643287536e-05
1.43541685322168e-05
1.43444256819571e-05
1.43348615082439e-05
1.43255003329813e-05
1.43163652442441e-05
1.43074782609597e-05
1.42988604795294e-05
1.42905321971498e-05
1.42825130087486e-05
1.4274821876012e-05
1.4267477168109e-05
1.42604966745559e-05
1.42538975913202e-05
1.42476964818284e-05
1.42419092150641e-05
1.4236550883466e-05
1.42316357038609e-05
1.42271769052226e-05
1.42231866076064e-05
1.42196756971672e-05
1.42166537027066e-05
1.42141286796608e-05
1.42121071078097e-05
1.42105938091932e-05
1.42095918927077e-05
1.42091027315717e-05
1.42091259792421e-05
1.42096596284105e-05
1.42107001163907e-05
1.42122424785405e-05
1.42142805493823e-05
1.42168072088534e-05
1.42198146687346e-05
1.42232947918801e-05
1.42272394345579e-05
1.42316408001476e-05
1.42364917908142e-05
1.42417863427169e-05
1.42475197299512e-05
1.42536888228041e-05
1.42602922870238e-05
1.42673307126573e-05
1.42748066635403e-05
1.42827246416219e-05
1.42910909638103e-05
1.42999135527235e-05
1.43092016464652e-05
1.43189654360452e-05
1.4329215642304e-05
1.43399630467179e-05
1.43512179925078e-05
1.43629898735508e-05
1.43752866289154e-05
1.43881142603087e-05
1.44014763884409e-05
1.44153738624487e-05
1.44298044341877e-05
1.44447625064602e-05
1.44602389612124e-05
1.44762210706544e-05
1.44926924912944e-05
1.45096333380794e-05
1.45270203333115e-05
1.45448270228904e-05
1.45630240507917e-05
1.45815794815393e-05
1.46004591597559e-05
1.4619627095667e-05
1.46390458656501e-05
1.46586770175004e-05
1.4678481470954e-05
1.46984199051018e-05
1.47184531255587e-05
1.47385424055673e-05
1.47586497965361e-05
1.47787384048013e-05
1.47987726326069e-05
1.48187183823906e-05
1.48385432244178e-05
1.48582165286156e-05
1.4877709562115e-05
1.4896995554517e-05
1.49160497332724e-05
1.49348493318039e-05
1.4953373573136e-05
1.49716036318281e-05
1.49895225769622e-05
1.50071152988188e-05
1.50243684217155e-05
1.50412702052819e-05
1.50578104362285e-05
1.50739803124386e-05
1.50897723209846e-05
1.51051801114482e-05
1.51201983657122e-05
1.51348226651945e-05
1.51490493563213e-05
1.51628754148811e-05
1.51762983097769e-05
1.51893158666004e-05
1.52019261313888e-05
1.52141272349035e-05
1.5225917257782e-05
1.5237294096979e-05
1.52482553340167e-05
1.5258798105731e-05
1.52689189784147e-05
1.5278613826557e-05
1.52878777176867e-05
1.52967048053679e-05
1.53050882324503e-05
1.53130200486184e-05
1.53204911419937e-05
1.53274912016312e-05
1.5334008671542e-05
1.53400308512555e-05
1.53455436375269e-05
1.5350532631012e-05
1.53549799153531e-05
1.53588749854678e-05
1.53621818697666e-05
1.53649357269185e-05
1.53669895972442e-05
1.53685542944798e-05
1.5369637251529e-05
1.53668137865402e-05
1.53795243668826e-05
1.38133799449989e-05
1.38165854766207e-05
1.38207463258763e-05
1.38258619635009e-05
1.38318880322461e-05
1.3838765806168e-05
1.38464309829919e-05
1.38548174459337e-05
1.38638596623492e-05
1.38734943952837e-05
1.38836618580922e-05
1.38943064160834e-05
1.3905376932775e-05
1.39168268425681e-05
1.3928614024225e-05
1.39407005423301e-05
1.39530523118459e-05
1.39656387272391e-05
1.3978432285856e-05
1.39914082261132e-05
1.4004544194272e-05
1.40178199486204e-05
1.40312171064138e-05
1.4044718936661e-05
1.40583102002699e-05
1.40719770380682e-05
1.40857069065183e-05
1.40994885603473e-05
1.41133120807549e-05
1.41271689472417e-05
1.41410521503636e-05
1.41549563418472e-05
1.41688780175015e-05
1.41828157272641e-05
1.41967703055719e-05
1.42107451140877e-05
1.42247462876995e-05
1.42387829736751e-05
1.42528675529546e-05
1.42670158318709e-05
1.42812471921847e-05
1.42955846873052e-05
1.43100550730193e-05
1.43246887620448e-05
1.43395196932894e-05
1.43545851088355e-05
1.43699252343521e-05
1.43855828617721e-05
1.44016028365589e-05
1.44180314555773e-05
1.4434915785308e-05
1.44523029137264e-05
1.44702391523515e-05
1.44887692076862e-05
1.45079353431386e-05
1.45277765536098e-05
1.45483277752083e-05
1.45696191518256e-05
1.45916753787295e-05
1.46145151409357e-05
1.46381506611003e-05
1.46625873680293e-05
1.4687823693083e-05
1.47138509975673e-05
1.47406536301828e-05
1.47682091096535e-05
1.47964884240734e-05
1.48254564354075e-05
1.48550723751096e-05
1.48852904150607e-05
1.49160602969354e-05
1.49473280026682e-05
1.49790364488836e-05
1.5011126188962e-05
1.5043536107673e-05
1.50762040949177e-05
1.51090676870008e-05
1.51420646659041e-05
1.51751336091507e-05
1.52082143849239e-05
1.52412485890779e-05
1.52741799224788e-05
1.53069545087102e-05
1.53395211535281e-05
1.5371831548547e-05
1.54038404224892e-05
1.5435505643934e-05
1.54667882798958e-05
1.54976526147663e-05
1.55280661341963e-05
1.55579994784131e-05
1.5587426369279e-05
1.56163235151374e-05
1.56446704971856e-05
1.56724496407716e-05
1.5699645874664e-05
1.5726246580993e-05
1.57522414382201e-05
1.5777622259167e-05
1.58023828258211e-05
1.58265187223446e-05
1.58500271674471e-05
1.5872906847036e-05
1.58951577478421e-05
1.5916780992529e-05
1.59377786766271e-05
1.59581537074896e-05
1.59779096453426e-05
1.59970505463983e-05
1.60155808079154e-05
1.60335050150268e-05
1.60508277891183e-05
1.60675536375281e-05
1.60836868043542e-05
1.60992311222088e-05
1.61141898648433e-05
1.6128565600701e-05
1.61423600476365e-05
1.61555739292837e-05
1.61682068338631e-05
1.61802570766171e-05
1.61917215675187e-05
1.62025956865449e-05
1.62128731692446e-05
1.62225460068604e-05
1.62316043636174e-05
1.62400365229875e-05
1.62478288478392e-05
1.62549658349623e-05
1.62614300214595e-05
1.62672026142431e-05
1.62722619049624e-05
1.62765894842577e-05
1.62801510114504e-05
1.6282959267207e-05
1.62848876912793e-05
1.62861915301626e-05
1.62864423010932e-05
1.62857434343253e-05
1.63033554395073e-05
1.528463689526e-05
1.52760399392705e-05
1.52668722838621e-05
1.52571499750175e-05
1.52469164034879e-05
1.52362243851023e-05
1.52251304637789e-05
1.52136923446639e-05
1.52019673175456e-05
1.51900112056516e-05
1.51778777272879e-05
1.51656182001701e-05
1.51532815127544e-05
1.51409142896679e-05
1.51285611893255e-05
1.51162652837661e-05
1.51040684818504e-05
1.50920119673974e-05
1.50801366327005e-05
1.50684834943631e-05
1.50570940827304e-05
1.50460107989619e-05
1.50352772354336e-05
1.50249384559784e-05
1.50150412327377e-05
1.50056342363372e-05
1.49967681758774e-05
1.49884958849515e-05
1.49808723496784e-05
1.49739546746213e-05
1.49678019825355e-05
1.49624752441886e-05
1.49580370350594e-05
1.49545512165908e-05
1.49520825408438e-05
1.49506961788916e-05
1.49504571750925e-05
1.49514298314617e-05
1.49536770286837e-05
1.49572594928103e-05
1.49622350192686e-05
1.49686576683466e-05
1.49765769486835e-05
1.49860370073065e-05
1.49970758462857e-05
1.50097245869622e-05
1.50240068028316e-05
1.50399379414461e-05
1.50575248540993e-05
1.50767654495849e-05
1.5097648485063e-05
1.51201535031259e-05
1.51442509197068e-05
1.51699022626862e-05
1.51970605561733e-05
1.52256708406997e-05
1.52556708152241e-05
1.52869915831082e-05
1.5319558481268e-05
1.5353291969673e-05
1.53881085572885e-05
1.54239217405862e-05
1.54606429315738e-05
1.54981823541908e-05
1.55364498903542e-05
1.55753558600159e-05
1.56148117230206e-05
1.56547306941793e-05
1.56950282666571e-05
1.57356226423388e-05
1.57764350711051e-05
1.58173901037695e-05
1.585841576573e-05
1.58994436601376e-05
1.59404090105251e-05
1.59812506533807e-05
1.60219109911529e-05
1.606233591571e-05
1.61024747114398e-05
1.61422799460447e-05
1.61817073557695e-05
1.62207157303951e-05
1.62592668019214e-05
1.6297325139526e-05
1.63348580521712e-05
1.63718354991951e-05
1.6408230008372e-05
1.64440166002932e-05
1.6479172717485e-05
1.65136781564396e-05
1.65475150006584e-05
1.65806675528666e-05
1.66131222647249e-05
1.66448676626036e-05
1.66758942682766e-05
1.67061945136977e-05
1.67357626493372e-05
1.67645946458419e-05
1.67926880890377e-05
1.68200420684967e-05
1.68466570600534e-05
1.6872534802758e-05
1.68976781708262e-05
1.692209104117e-05
1.69457781570926e-05
1.6968744988702e-05
1.69909975905437e-05
1.7012542456881e-05
1.70333863749735e-05
1.70535362766136e-05
1.70729990881041e-05
1.70917815787867e-05
1.71098902081836e-05
1.71273309717881e-05
1.71441092455487e-05
1.71602296291327e-05
1.71756957881558e-05
1.7190510295712e-05
1.72046744737641e-05
1.72181882352604e-05
1.72310499282479e-05
1.72432561837685e-05
1.72548017699515e-05
1.72656794555953e-05
1.72758798869302e-05
1.72853914846223e-05
1.72942003596071e-05
1.73022902862842e-05
1.73096426227538e-05
1.73162366397609e-05
1.73220485993771e-05
1.7327055680045e-05
1.7331223058266e-05
1.73345502869748e-05
1.73369157201992e-05
1.73385996784417e-05
1.73385816539018e-05
1.73401165305388e-05
1.73328473387245e-05
1.73557293953241e-05
1.45860490025308e-05
1.45911641036664e-05
1.45973850722587e-05
1.46047357030786e-05
1.46131949340808e-05
1.46227289856185e-05
1.46333003140458e-05
1.46448709740385e-05
1.46574045951189e-05
1.46708677277284e-05
1.46852306859191e-05
1.47004679990336e-05
1.47165585761803e-05
1.47334856577196e-05
1.47512366125924e-05
1.47698026328446e-05
1.47891783663523e-05
1.48093615160735e-05
1.48303524233852e-05
1.48521536457985e-05
1.48747695346831e-05
1.48982058155858e-05
1.49224691719118e-05
1.4947566831955e-05
1.49735061591883e-05
1.50002942461075e-05
1.50279375126021e-05
1.50564413107158e-05
1.50858095386308e-05
1.51160442676968e-05
1.51471453872075e-05
1.51791102723761e-05
1.52119334815226e-05
1.52456064888778e-05
1.52801174596519e-05
1.53154510741466e-05
1.53515884076717e-05
1.53885068728094e-05
1.54261802300249e-05
1.54645786716576e-05
1.55036689828978e-05
1.5543414781466e-05
1.5583776835413e-05
1.56247134558391e-05
1.56661809584878e-05
1.57081341852473e-05
1.57505270737215e-05
1.57933132603844e-05
1.58364467005583e-05
1.58798822867248e-05
1.59235764456283e-05
1.59674876943707e-05
1.60115771362891e-05
1.60558088788603e-05
1.61001503581639e-05
1.61445725575035e-05
1.61890501115027e-05
1.62335612912169e-05
1.62780878703269e-05
1.63226148770775e-05
1.63671302411322e-05
1.64116243485651e-05
1.64560895218707e-05
1.65005194445852e-05
1.65449085521299e-05
1.65892514114346e-05
1.6633542111889e-05
1.66777736892031e-05
1.67219376019176e-05
1.67660232777209e-05
1.68100177435207e-05
1.68539053495422e-05
1.68976675937873e-05
1.69412830491886e-05
1.69847273919068e-05
1.7027973525621e-05
1.70709917934863e-05
1.71137502668228e-05
1.71562150976191e-05
1.71983509206138e-05
1.72401212900727e-05
1.72814891363711e-05
1.73224172280514e-05
1.73628686260858e-05
1.74028071185106e-05
1.74421976253261e-05
1.74810065654489e-05
1.75192021794723e-05
1.75567548039459e-05
1.75936370947368e-05
1.76298241987356e-05
1.76652938746517e-05
1.77000265648975e-05
1.77340054215619e-05
1.77672162902249e-05
1.77996476558911e-05
1.7831290555617e-05
1.78621384625201e-05
1.78921871457958e-05
1.79214345111626e-05
1.79498804258479e-05
1.79775265318356e-05
1.80043760506595e-05
1.80304335825733e-05
1.8055704902464e-05
1.80801967544358e-05
1.81039166465559e-05
1.81268726468624e-05
1.81490731813641e-05
1.81705268344413e-05
1.81912421517813e-05
1.8211227445756e-05
1.82304906029844e-05
1.82490388937084e-05
1.826687878256e-05
1.82840157403081e-05
1.83004540562567e-05
1.83161966511274e-05
1.83312448905125e-05
1.83455983993418e-05
1.83592548782927e-05
1.83722099236799e-05
1.83844568532035e-05
1.83959865407293e-05
1.84067872649632e-05
1.84168445765989e-05
1.84261411953248e-05
1.8434656932843e-05
1.84423686957171e-05
1.84492504391498e-05
1.84552735614384e-05
1.84604061759925e-05
1.84646165464017e-05
1.84678634406434e-05
1.84701295406271e-05
1.84713207169281e-05
1.84715721740151e-05
1.84703645896198e-05
1.84682153592573e-05
1.84655816600762e-05
1.66132698662511e-05
1.6610294510585e-05
1.66089031758583e-05
1.6609082562794e-05
1.66107392367958e-05
1.66137527239634e-05
1.66179929689695e-05
1.66233286328507e-05
1.66296324760061e-05
1.66367849818072e-05
1.6644676524713e-05
1.66532084099086e-05
1.66622931062629e-05
1.66718539311819e-05
1.66818243913964e-05
1.66921473401477e-05
1.67027740678857e-05
1.67136634032119e-05
1.67247808698436e-05
1.67360979247179e-05
1.67475912890164e-05
1.6759242375285e-05
1.67710368085755e-05
1.67829640366459e-05
1.67950170228029e-05
1.68071920143335e-05
1.68194883792597e-05
1.68319085041262e-05
1.68444577455077e-05
1.68571444277965e-05
1.68699798795388e-05
1.68829785001421e-05
1.68961578482222e-05
1.6909538742275e-05
1.69231453638415e-05
1.69370053529557e-05
1.69511498854346e-05
1.69656137214956e-05
1.69804352152319e-05
1.69956562746849e-05
1.70113222626598e-05
1.70274818291256e-05
1.70441866670722e-05
1.70614911851138e-05
1.70794520919503e-05
1.70981278900145e-05
1.71175782782132e-05
1.71378634665481e-05
1.71590434085147e-05
1.71811769604041e-05
1.72043209798795e-05
1.72285293793153e-05
1.72538521522311e-05
1.72803343935852e-05
1.73080153365679e-05
1.73369274297433e-05
1.73670954788446e-05
1.73985358771556e-05
1.74312559471698e-05
1.74652534141474e-05
1.75005160292448e-05
1.75370213563301e-05
1.7574736732232e-05
1.76136194055548e-05
1.76536168540738e-05
1.76946672756002e-05
1.77367002421431e-05
1.77796375024433e-05
1.782339391373e-05
1.78678784800337e-05
1.79129954717003e-05
1.79586455989888e-05
1.80047272118472e-05
1.80511374981743e-05
1.80977736540311e-05
1.81445340012873e-05
1.81913190309365e-05
1.82380323536611e-05
1.82845815429798e-05
1.83308788603e-05
1.83768418552352e-05
1.84223938384736e-05
1.84674642281469e-05
1.85119887739243e-05
1.85559096658586e-05
1.85991755372672e-05
1.86417413726329e-05
1.86835683326428e-05
1.87246235090892e-05
1.87648796224845e-05
1.88043146749379e-05
1.88429115701845e-05
1.88806577117267e-05
1.89175445889132e-05
1.89535673595206e-05
1.89887244360886e-05
1.90230170819391e-05
1.90564490215306e-05
1.90890260685849e-05
1.91207557743015e-05
1.91516470969736e-05
1.91817100934306e-05
1.92109556319966e-05
1.92393951260363e-05
1.926704028669e-05
1.92939028930291e-05
1.93199945776001e-05
1.93453266251409e-05
1.93699097821438e-05
1.93937540748927e-05
1.94168686336134e-05
1.94392615204411e-05
1.94609395590305e-05
1.94819081637932e-05
1.95021711669656e-05
1.95217306419692e-05
1.9540586721859e-05
1.95587374120607e-05
1.95761783971022e-05
1.95929028416717e-05
1.9608901187126e-05
1.96241609455198e-05
1.96386664945295e-05
1.96523988778112e-05
1.96653356181817e-05
1.96774505494062e-05
1.96887136881892e-05
1.96990911225972e-05
1.9708545070985e-05
1.97170336354005e-05
1.97245120594018e-05
1.97309291565792e-05
1.97362412285165e-05
1.97403670536614e-05
1.97433385328718e-05
1.97448337914265e-05
1.97455381689375e-05
1.97436581946873e-05
1.97416009238067e-05
1.97455595737722e-05
1.79603114461352e-05
1.79486858475288e-05
1.79358827456265e-05
1.79219832580354e-05
1.79071355915703e-05
1.78915105311448e-05
1.78752848643035e-05
1.78586328033209e-05
1.78417206370982e-05
1.78247035091847e-05
1.78077238804578e-05
1.77909112533575e-05
1.77743827441878e-05
1.77582441663958e-05
1.77425913771154e-05
1.77275117126635e-05
1.77130853980929e-05
1.76993868634452e-05
1.76864859327345e-05
1.76744488721448e-05
1.76633392956726e-05
1.76532189328622e-05
1.76441482662554e-05
1.7636187047032e-05
1.76293946970215e-05
1.76238306044379e-05
1.76195543196764e-05
1.76166256565323e-05
1.76151047033898e-05
1.7615051748335e-05
1.7616527121785e-05
1.76195909600607e-05
1.76243028933314e-05
1.76307216614871e-05
1.76389046617637e-05
1.76489074323857e-05
1.76607830771595e-05
1.76745816368886e-05
1.76903494146842e-05
1.77081282636804e-05
1.77279548472441e-05
1.77498598834295e-05
1.77738673870684e-05
1.77999939244379e-05
1.78282478968133e-05
1.78586288703267e-05
1.78911269703063e-05
1.79257223586043e-05
1.79623848122325e-05
1.8001073420867e-05
1.80417364193947e-05
1.80843111696347e-05
1.81287243026621e-05
1.81748920298244e-05
1.82227206266211e-05
1.82721070892297e-05
1.83229399587359e-05
1.83751003032319e-05
1.84284628430762e-05
1.84828971999383e-05
1.85382692460492e-05
1.85944425263926e-05
1.86512797238441e-05
1.87086441352583e-05
1.87664011257326e-05
1.88244195284902e-05
1.8882572959206e-05
1.89407410160684e-05
1.89988103403528e-05
1.90566755166528e-05
1.91142397969601e-05
1.91714156383021e-05
1.92281250493756e-05
1.92842997473238e-05
1.93398811312647e-05
1.93948200841438e-05
1.94490766187886e-05
1.95026193875387e-05
1.95554250774207e-05
1.96074777144678e-05
1.96587679014855e-05
1.97092920133439e-05
1.97590513728557e-05
1.98080514285704e-05
1.98563009535205e-05
1.99038112812524e-05
1.99505955925052e-05
1.99966682628222e-05
2.00420442783271e-05
2.00867387239892e-05
2.01307663460202e-05
2.01741411876541e-05
2.02168762955266e-05
2.02589834921874e-05
2.03004732089915e-05
2.03413543726818e-05
2.03816343383961e-05
2.042131886154e-05
2.04604121009207e-05
2.04989166456869e-05
2.05368335589279e-05
2.05741624312118e-05
2.06109014378669e-05
2.06470473943917e-05
2.06825958050079e-05
2.0717540899984e-05
2.07518756579548e-05
2.07855918100071e-05
2.08186798228033e-05
2.08511288584556e-05
2.08829267092688e-05
2.09140597058376e-05
2.09445125973359e-05
2.09742684031707e-05
2.10033082355129e-05
2.10316110925786e-05
2.10591536229712e-05
2.10859098619102e-05
2.11118509408442e-05
2.11369447728061e-05
2.11611557170117e-05
2.11844442276839e-05
2.12067664940155e-05
2.12280740806875e-05
2.12483135811801e-05
2.12674263013026e-05
2.12853479890071e-05
2.13020086568042e-05
2.13173324506898e-05
2.13312379062724e-05
2.13436375046931e-05
2.13544407473644e-05
2.13635457070435e-05
2.13708727736967e-05
2.13762524163736e-05
2.13798166432198e-05
2.1380675254529e-05
2.13812922649694e-05
2.13731416206121e-05
2.13943603462124e-05
1.71596840966053e-05
1.71754761815916e-05
1.71947966418428e-05
1.721757330921e-05
1.72435573250988e-05
1.72724450368681e-05
1.73039196458991e-05
1.73376709922657e-05
1.73734077379721e-05
1.74108647745961e-05
1.744980676248e-05
1.74900288502026e-05
1.75313555934449e-05
1.75736388213344e-05
1.76167549640734e-05
1.76606022056075e-05
1.77050977008015e-05
1.77501749870374e-05
1.77957816443754e-05
1.78418772164491e-05
1.78884313819436e-05
1.793542235443e-05
1.7982835483164e-05
1.80306620267443e-05
1.80788980730785e-05
1.81275435816621e-05
1.817660152723e-05
1.82260771270539e-05
1.82759771372309e-05
1.83263092060624e-05
1.83770812749146e-05
1.84283010187699e-05
1.84799753201041e-05
1.85321097709962e-05
1.85847081998276e-05
1.86377722208301e-05
1.86913008072122e-05
1.87452898914185e-05
1.87997319988534e-05
1.88546159238064e-05
1.8909926458185e-05
1.89656441849575e-05
1.90217453488883e-05
1.90782018171875e-05
1.91349811420398e-05
1.91920467356004e-05
1.92493581658841e-05
1.93068715790266e-05
1.93645402496977e-05
1.94223152571013e-05
1.9480146279158e-05
1.95379824923324e-05
1.959577355938e-05
1.96534706823048e-05
1.97110276933342e-05
1.97684021529971e-05
1.98255564217294e-05
1.98824586700167e-05
1.99390837920903e-05
1.99954141896995e-05
2.00514403954394e-05
2.0107161509578e-05
2.01625854298522e-05
2.0217728860487e-05
2.02726170939613e-05
2.0327283566849e-05
2.03817691988338e-05
2.04361215314636e-05
2.04903936900281e-05
2.05446431978255e-05
2.05989306767603e-05
2.0653318471507e-05
2.07078692362586e-05
2.07626445233334e-05
2.0817703411691e-05
2.08731012108125e-05
2.09288882716259e-05
2.09851089314121e-05
2.10418006141731e-05
2.10989931020545e-05
2.11567079873572e-05
2.12149583087087e-05
2.12737483693292e-05
2.13330737302097e-05
2.13929213665581e-05
2.14532699721967e-05
2.15140903937503e-05
2.15753461744816e-05
2.16369941864989e-05
2.16989853297074e-05
2.17612652762207e-05
2.18237752398588e-05
2.18864527517643e-05
2.19492324249261e-05
2.20120466924254e-05
2.20748265064077e-05
2.21375019870274e-05
2.22000030127979e-05
2.22622597458246e-05
2.23242030872582e-05
2.238576505995e-05
2.24468791167257e-05
2.25074803739156e-05
2.25675057708217e-05
2.26268941566391e-05
2.26855863069766e-05
2.2743524872535e-05
2.28006542627398e-05
2.28569204671856e-05
2.29122708176976e-05
2.29666536936747e-05
2.30200181732021e-05
2.30723136322322e-05
2.31234892939362e-05
2.31734937301744e-05
2.32222743169654e-05
2.32697766458989e-05
2.33159438937063e-05
2.33607161527326e-05
2.34040297259636e-05
2.34458163916745e-05
2.34860026448231e-05
2.35245089251918e-05
2.35612488461764e-05
2.35961284430734e-05
2.36290454673213e-05
2.36598887566404e-05
2.3688537742704e-05
2.3714862081184e-05
2.37387217563436e-05
2.37599666638737e-05
2.37784397803682e-05
2.37939695360371e-05
2.38064020162676e-05
2.38155034566437e-05
2.38212738947469e-05
2.38230578443554e-05
2.38219855352582e-05
2.38154590228245e-05
2.38117740292708e-05
2.12685148911297e-05
2.12460377000863e-05
2.12228345967646e-05
2.11990468643468e-05
2.11748641832757e-05
2.11504889108629e-05
2.11261204736933e-05
2.11019468529929e-05
2.10781397607389e-05
2.10548524200069e-05
2.10322192745284e-05
2.10103569721153e-05
2.09893660481034e-05
2.09693328973707e-05
2.09503317728623e-05
2.09324266549787e-05
2.09156729125004e-05
2.09001187275708e-05
2.08858062866819e-05
2.0872772753776e-05
2.08610510475341e-05
2.08506704465093e-05
2.08416570450636e-05
2.08340340815063e-05
2.08278221581486e-05
2.08230393715449e-05
2.08197013701362e-05
2.08178213559021e-05
2.08174100464216e-05
2.08184756138031e-05
2.08210236171069e-05
2.08250569449476e-05
2.0830575784762e-05
2.08375776346721e-05
2.08460573729386e-05
2.08560073987498e-05
2.086741785653e-05
2.08802769540391e-05
2.0894571382128e-05
2.09102868409971e-05
2.09274086740976e-05
2.09459226064544e-05
2.09658155792489e-05
2.09870766671683e-05
2.10096980595112e-05
2.10336760806241e-05
2.10590122201925e-05
2.10857141395671e-05
2.11137966169415e-05
2.11432823921325e-05
2.11742028711591e-05
2.12065986519668e-05
2.12405198355649e-05
2.12760260915542e-05
2.13131864533972e-05
2.13520788266495e-05
2.13927892024257e-05
2.1435410578254e-05
2.14800415987584e-05
2.15267849388157e-05
2.15757454615671e-05
2.16270281923364e-05
2.16807361569902e-05
2.17369681388208e-05
2.17958164118292e-05
2.18573645098177e-05
2.19216850901059e-05
2.19888379479519e-05
2.20588682330713e-05
2.21318049132149e-05
2.22076595218968e-05
2.22864252184032e-05
2.2368076178559e-05
2.24525673248108e-05
2.25398343944034e-05
2.26297943351511e-05
2.2722346009856e-05
2.28173711830441e-05
2.29147357575942e-05
2.30142912241552e-05
2.31158762830322e-05
2.32193185964888e-05
2.33244366290679e-05
2.34310415344582e-05
2.35389390494675e-05
2.36479313586392e-05
2.37578188967747e-05
2.38684020608785e-05
2.39794828076632e-05
2.40908661175034e-05
2.42023613104011e-05
2.43137832039907e-05
2.44249531077731e-05
2.45356996515512e-05
2.46458594493886e-05
2.47552776033214e-05
2.48638080534264e-05
2.4971313782642e-05
2.50776668859569e-05
2.51827485143077e-05
2.52864487038259e-05
2.53886661010452e-05
2.54893075944269e-05
2.55882878621495e-05
2.56855288455211e-05
2.57809591565976e-05
2.58745134276514e-05
2.59661316090965e-05
2.60557582213571e-05
2.61433415650326e-05
2.62288328926311e-05
2.63121855441748e-05
2.63933540480878e-05
2.64722931879794e-05
2.65489570352447e-05
2.66232979469163e-05
2.66952655279309e-05
2.67648055570053e-05
2.68318588757093e-05
2.68963602412634e-05
2.69582371452433e-05
2.70174086028976e-05
2.7073783921663e-05
2.71272614621375e-05
2.71777274137103e-05
2.72250546096679e-05
2.72691014436932e-05
2.73097108749685e-05
2.73467098584651e-05
2.73799083627442e-05
2.74091014732027e-05
2.74340627859297e-05
2.74545708538617e-05
2.74703275692599e-05
2.74812334164094e-05
2.74865584290403e-05
2.74873102760572e-05
2.74809230025546e-05
2.74686039240143e-05
2.74662716839541e-05
2.03351432482105e-05
2.03537832324737e-05
2.03764087325962e-05
2.04028676182295e-05
2.04327942810452e-05
2.04657593605902e-05
2.05013239385854e-05
2.05390657114389e-05
2.05785944842314e-05
2.06195606266486e-05
2.06616579288186e-05
2.07046226794441e-05
2.07482306541976e-05
2.07922931216416e-05
2.08366525419104e-05
2.08811783983785e-05
2.09257634163756e-05
2.09703202689467e-05
2.10147787800014e-05
2.1059083597102e-05
2.11031922911129e-05
2.11470738351134e-05
2.11907074166156e-05
2.12340815418825e-05
2.12771933964743e-05
2.13200484311447e-05
2.13626601465905e-05
2.14050500540697e-05
2.1447247791287e-05
2.14892913740831e-05
2.15312275642879e-05
2.15731123327035e-05
2.16150113938531e-05
2.16570007863746e-05
2.16991674703246e-05
2.1741609910712e-05
2.17844386154783e-05
2.18277765956403e-05
2.18717597150468e-05
2.19165368971052e-05
2.19622701561727e-05
2.20091344224193e-05
2.20573171311356e-05
2.21070175508826e-05
2.21584458296708e-05
2.22118217445094e-05
2.22673731470604e-05
2.23253341065825e-05
2.23859427605749e-05
2.24494388932372e-05
2.25160612716542e-05
2.25860447790996e-05
2.26596173936109e-05
2.27369970676015e-05
2.28183885703799e-05
2.29039803597201e-05
2.29939415508314e-05
2.30884190511016e-05
2.31875349267578e-05
2.32913840632138e-05
2.34000321744332e-05
2.35135142085225e-05
2.3631833186941e-05
2.37549595040282e-05
2.38828307018744e-05
2.40153517237561e-05
2.41523956376158e-05
2.42938048098986e-05
2.44393924997626e-05
2.4588944834574e-05
2.47422231199172e-05
2.48989664313381e-05
2.50588944307864e-05
2.52217103483546e-05
2.53871040693442e-05
2.55547552678097e-05
2.57243365303129e-05
2.58955164174787e-05
2.6067962415882e-05
2.62413437385364e-05
2.64153339385991e-05
2.65896133075509e-05
2.67638710358521e-05
2.69378071206056e-05
2.7111134011023e-05
2.72835779883055e-05
2.7454880281826e-05
2.76247979281675e-05
2.77931043835911e-05
2.79595899037697e-05
2.81240617070755e-05
2.82863439394235e-05
2.84462774597953e-05
2.86037194660905e-05
2.87585429810853e-05
2.89106362180081e-05
2.90599018445631e-05
2.92062561630414e-05
2.93496282226356e-05
2.94899588783052e-05
2.96271998086754e-05
2.97613125035713e-05
2.98922672300872e-05
3.00200419845508e-05
3.01446214362541e-05
3.02659958673164e-05
3.03841601115353e-05
3.0499112493615e-05
3.0610853768733e-05
3.07193860610733e-05
3.08247117988144e-05
3.09268326421202e-05
3.10257483999059e-05
3.11214559303952e-05
3.12139480199241e-05
3.13032122340356e-05
3.13892297347911e-05
3.14719740583199e-05
3.15514098471485e-05
3.16274915329169e-05
3.17001619669815e-05
3.17693509992947e-05
3.18349740103497e-05
3.18969304066231e-05
3.19551020995498e-05
3.20093519948327e-05
3.20595225505328e-05
3.21054344227512e-05
3.21468854620376e-05
3.21836495516903e-05
3.2215477771674e-05
3.2242093622237e-05
3.22632131152854e-05
3.22784816663869e-05
3.22877033415479e-05
3.22901059276901e-05
3.22866072026743e-05
3.2272953052571e-05
3.22592139567842e-05
3.22400596897738e-05
2.45269253449003e-05
2.44983685306969e-05
2.44682766427244e-05
2.44368297056027e-05
2.44042972506073e-05
2.43709731756545e-05
2.43371509609093e-05
2.4303111970759e-05
2.42691193077423e-05
2.42354152604209e-05
2.42022214597398e-05
2.41697407453691e-05
2.41381598583942e-05
2.41076524137961e-05
2.40783818452553e-05
2.40505041424081e-05
2.4024170298699e-05
2.39995284584629e-05
2.39767257837454e-05
2.39559100695438e-05
2.3937231135629e-05
2.39208420188563e-05
2.39068999837878e-05
2.38955673632492e-05
2.38870122348216e-05
2.38814089343522e-05
2.38789384034862e-05
2.38797883651803e-05
2.38841533193138e-05
2.38922343499359e-05
2.39042387363011e-05
2.39203793613507e-05
2.39408739132111e-05
2.39659438771447e-05
2.3995813316955e-05
2.40307074463485e-05
2.40708509929118e-05
2.41164663608531e-05
2.41677716035615e-05
2.42249782229625e-05
2.42882888190903e-05
2.43578946198254e-05
2.44339729269665e-05
2.45166845203821e-05
2.46061710667049e-05
2.47025525827289e-05
2.48059250061205e-05
2.49163579270488e-05
2.50338925336885e-05
2.51585398221975e-05
2.52902791177168e-05
2.54290569472674e-05
2.55747862983156e-05
2.5727346288495e-05
2.58865822626827e-05
2.60523063236676e-05
2.62242982923959e-05
2.64023070836753e-05
2.65860524736164e-05
2.67752272263674e-05
2.69694995402059e-05
2.71685157667208e-05
2.73719033521113e-05
2.75792739461824e-05
2.77902266230941e-05
2.80043511578081e-05
2.82212313036982e-05
2.84404480197001e-05
2.86615825993424e-05
2.88842196588217e-05
2.91079499467774e-05
2.93323729444555e-05
2.95570992312962e-05
2.97817525975061e-05
3.00059718916109e-05
3.02294125970421e-05
3.04517481372588e-05
3.06726709137277e-05
3.08918930852617e-05
3.11091471006761e-05
3.1324185999537e-05
3.15367834979273e-05
3.17467338776238e-05
3.19538516978837e-05
3.21579713493838e-05
3.23589464698201e-05
3.25566492402769e-05
3.27509695808843e-05
3.29418142635187e-05
3.31291059582757e-05
3.33127822291307e-05
3.34927944927426e-05
3.36691069529238e-05
3.38416955218345e-05
3.4010546737651e-05
3.41756566873132e-05
3.43370299416817e-05
3.44946785089654e-05
3.46486208106613e-05
3.47988806826754e-05
3.49454864027282e-05
3.50884697437857e-05
3.52278650521914e-05
3.53637083484664e-05
3.5496036448006e-05
3.56248860981644e-05
3.57502931273995e-05
3.58722916013546e-05
3.59909129798975e-05
3.61061852683527e-05
3.62181321555333e-05
3.63267721308023e-05
3.64321175720533e-05
3.65341737961357e-05
3.66329380629855e-05
3.67283985246159e-05
3.68205331102551e-05
3.69093083392113e-05
3.69946780537665e-05
3.70765820656718e-05
3.71549447120467e-05
3.72296733198899e-05
3.73006565833792e-05
3.7367762865411e-05
3.74308384434853e-05
3.74897057386895e-05
3.75441615639356e-05
3.75939755384347e-05
3.7638888508358e-05
3.76786121694442e-05
3.77128261630275e-05
3.7741187453078e-05
3.77632997628884e-05
3.77788289663619e-05
3.77871284785931e-05
3.77884906144004e-05
3.7779610470572e-05
3.7768776396063e-05
3.77288774248312e-05
3.77551052863805e-05
2.34653255937549e-05
2.34971924989885e-05
2.35333726959162e-05
2.35740437407899e-05
2.36191986252417e-05
2.3668767866936e-05
2.37226555689199e-05
2.37807539945314e-05
2.38429538711252e-05
2.39091523273082e-05
2.39792577608983e-05
2.40531922277475e-05
2.41308923716422e-05
2.42123094395599e-05
2.4297408674972e-05
2.43861683878903e-05
2.4478578928431e-05
2.45746416586489e-05
2.46743679433686e-05
2.47777781596953e-05
2.48849007158519e-05
2.49957710643482e-05
2.51104306941656e-05
2.52289260885948e-05
2.5351307637369e-05
2.54776284943825e-05
2.56079433763927e-05
2.57423073036641e-05
2.58807742900194e-05
2.6023395996373e-05
2.61702203671578e-05
2.632129027145e-05
2.64766421691383e-05
2.66363048175072e-05
2.68002980270127e-05
2.69686314706838e-05
2.71413035526925e-05
2.73183003473149e-05
2.74995946258991e-05
2.76851449937732e-05
2.78748951607909e-05
2.80687733687321e-05
2.82666919963858e-05
2.84685473593709e-05
2.86742197172584e-05
2.88835734958274e-05
2.90964577272713e-05
2.93127067058242e-05
2.95321408506819e-05
2.9754567762606e-05
2.99797834554158e-05
3.02075737389062e-05
3.04377157259493e-05
3.06699794337076e-05
3.09041294468883e-05
3.11399266099035e-05
3.13771297148544e-05
3.16154971534976e-05
3.18547885036506e-05
3.20947660238633e-05
3.23351960343296e-05
3.25758501666439e-05
3.2816506469512e-05
3.30569503625061e-05
3.32969754345107e-05
3.35363840880225e-05
3.37749880345467e-05
3.40126086498635e-05
3.42490772005728e-05
3.44842349550169e-05
3.47179331926274e-05
3.49500331260167e-05
3.51804057498588e-05
3.54089316299115e-05
3.56355006445102e-05
3.58600116894293e-05
3.60823723551777e-05
3.63024985839463e-05
3.65203143116063e-05
3.67357510985248e-05
3.69487477516121e-05
3.71592499390254e-05
3.73672097981461e-05
3.75725855368697e-05
3.77753410279862e-05
3.79754453964846e-05
3.81728725998076e-05
3.83676010015875e-05
3.8559612939969e-05
3.87488942921315e-05
3.89354340368031e-05
3.91192238166241e-05
3.93002575022156e-05
3.9478530759581e-05
3.96540406224397e-05
3.9826785071092e-05
3.99967626191569e-05
4.01639719087552e-05
4.03284113136865e-05
4.04900785489619e-05
4.06489702838101e-05
4.08050817540694e-05
4.09584063692801e-05
4.11089353092842e-05
4.12566571049806e-05
4.14015571974071e-05
4.15436174688278e-05
4.16828157389013e-05
4.18191252183552e-05
4.19525139119e-05
4.20829439617013e-05
4.22103709226404e-05
4.23347429604955e-05
4.24559999639234e-05
4.25740725609502e-05
4.26888810307094e-05
4.28003341013528e-05
4.29083276254049e-05
4.30127431245006e-05
4.31134461968328e-05
4.32102847830783e-05
4.33030872905257e-05
4.33916605809416e-05
4.34757878361299e-05
4.35552263273e-05
4.36297051305102e-05
4.369892285483e-05
4.376254548595e-05
4.3820204462869e-05
4.38714953165777e-05
4.39159765907687e-05
4.39531716517439e-05
4.39825657220138e-05
4.40036256608852e-05
4.40157670233284e-05
4.40184277587092e-05
4.40110381799543e-05
4.39923881036857e-05
4.39672218497692e-05
4.39200185447132e-05
3.00429604163891e-05
3.00750470285751e-05
3.01212501675385e-05
3.01808717875698e-05
3.02524248616868e-05
3.03342273239301e-05
3.04246254935794e-05
3.05220960753419e-05
3.06252985845427e-05
3.0733095005073e-05
3.08445450367518e-05
3.09588876938226e-05
3.10755178599211e-05
3.11939622535172e-05
3.13138569852255e-05
3.14349278864237e-05
3.15569739661171e-05
3.16798537780467e-05
3.18034742781673e-05
3.19277817468675e-05
3.20527543920952e-05
3.21783963045836e-05
3.23047324955156e-05
3.24318047992066e-05
3.25596684659277e-05
3.2688389305547e-05
3.28180412733484e-05
3.29487044158172e-05
3.30804631164678e-05
3.32134045996724e-05
3.33476176630734e-05
3.34831916154631e-05
3.36202153973229e-05
3.37587768571747e-05
3.38989621517313e-05
3.40408552368045e-05
3.41845374221085e-05
3.43300869735539e-05
3.44775787557497e-05
3.46270839127218e-05
3.47786695869133e-05
3.49323986765039e-05
3.50883296297441e-05
3.52465162732063e-05
3.54070076693343e-05
3.55698479978489e-05
3.57350764551454e-05
3.59027271656102e-05
3.60728290987241e-05
3.62454059861693e-05
3.64204762338075e-05
3.65980528244088e-05
3.67781432085144e-05
3.696074918266e-05
3.71458667559565e-05
3.73334860077703e-05
3.75235909409161e-05
3.77161593364116e-05
3.79111626171778e-05
3.81085657292204e-05
3.83083270496195e-05
3.85103983306116e-05
3.87147246884666e-05
3.89212446443827e-05
3.91298902229971e-05
3.93405871117774e-05
3.95532548821437e-05
3.97678072706043e-05
3.99841525153672e-05
4.0202193740961e-05
4.04218293807409e-05
4.06429536250045e-05
4.08654568809251e-05
4.10892262298803e-05
4.13141458682006e-05
4.15400975182616e-05
4.17669607983433e-05
4.19946135418832e-05
4.22229320594184e-05
4.24517913395173e-05
4.26810651882574e-05
4.29106263101428e-05
4.31403463362908e-05
4.33700958080574e-05
4.35997441262287e-05
4.38291594771604e-05
4.40582087479529e-05
4.42867574428257e-05
4.45146696122608e-05
4.47418078056112e-05
4.49680330557812e-05
4.51932049020315e-05
4.54171814542226e-05
4.5639819498833e-05
4.58609746448197e-05
4.60805015056806e-05
4.62982539122933e-05
4.65140851489445e-05
4.6727848202876e-05
4.69393960158038e-05
4.71485817241028e-05
4.73552588735609e-05
4.75592815934575e-05
4.77605047175755e-05
4.79587838399215e-05
4.81539752936623e-05
4.8345936042721e-05
4.85345234761766e-05
4.87195950960568e-05
4.89010080892401e-05
4.90786187748575e-05
4.92522819195197e-05
4.94218499133934e-05
4.95871718001257e-05
4.97480921535907e-05
4.99044497943589e-05
5.0056076338589e-05
5.02027945715207e-05
5.03444166371814e-05
5.04807420358318e-05
5.06115554213969e-05
5.0736624193588e-05
5.08556958803966e-05
5.09684953201951e-05
5.10747216553641e-05
5.11740451555129e-05
5.12661039610557e-05
5.13505006861971e-05
5.14267995581782e-05
5.14945222870226e-05
5.15531503647228e-05
5.16021072609554e-05
5.16408179574819e-05
5.16685060913911e-05
5.16848974563741e-05
5.16879387719203e-05
5.16798861197015e-05
5.1653924059931e-05
5.16122821898834e-05
5.16082771702934e-05
4.0128403614827e-05
4.00517949095068e-05
3.99734254116176e-05
3.98942905074253e-05
3.98155154185557e-05
3.97381783826706e-05
3.96632343906933e-05
3.95914855921882e-05
3.95235775709499e-05
3.94600117699165e-05
3.94011662749368e-05
3.93473186658158e-05
3.92986674073786e-05
3.92553503386785e-05
3.92174598685056e-05
3.91850550690024e-05
3.91581711430165e-05
3.91368267771302e-05
3.91210298242293e-05
3.91107816769721e-05
3.91060806163177e-05
3.91069243536023e-05
3.91133119336568e-05
3.91252451273874e-05
3.91427294118067e-05
3.91657746122832e-05
3.91943952650179e-05
3.9228610746548e-05
3.92684452104511e-05
3.93139273681632e-05
3.93650901491835e-05
3.9421970273615e-05
3.94846077651367e-05
3.95530454243222e-05
3.96273282714773e-05
3.9707502958842e-05
3.97936171483591e-05
3.98857188532141e-05
3.99838557453617e-05
4.00880744346755e-05
4.01984197275967e-05
4.03149338743232e-05
4.04376558137164e-05
4.05666204246964e-05
4.07018577925125e-05
4.08433924983972e-05
4.09912429414533e-05
4.11454207018927e-05
4.13059299547561e-05
4.14727669431969e-05
4.1645919519995e-05
4.18253667653001e-05
4.20110786877703e-05
4.22030160152209e-05
4.24011300790983e-05
4.26053627946373e-05
4.28156467356877e-05
4.30319053000398e-05
4.32540529575735e-05
4.34819955703335e-05
4.37156307705302e-05
4.3954848379413e-05
4.4199530846786e-05
4.44495536886568e-05
4.47047858985537e-05
4.49650903074476e-05
4.52303238679599e-05
4.55003378407555e-05
4.57749778640752e-05
4.6054083891237e-05
4.63374899860221e-05
4.66250239719782e-05
4.69165069385242e-05
4.72117526148314e-05
4.7510566631069e-05
4.78127456936185e-05
4.81180767083418e-05
4.84263358917124e-05
4.8737287913545e-05
4.90506851169785e-05
4.9366266861738e-05
4.96837590350016e-05
5.00028737700159e-05
5.03233094061729e-05
5.06447507161226e-05
5.09668694170174e-05
5.12893249719545e-05
5.16117656767384e-05
5.19338300220547e-05
5.2255148309306e-05
5.25753444891147e-05
5.28940381842286e-05
5.3210846852979e-05
5.35253880450902e-05
5.38372817007769e-05
5.41461524455525e-05
5.44516318354007e-05
5.47533605091822e-05
5.50509902083649e-05
5.53441856275794e-05
5.56326260636352e-05
5.59160068360965e-05
5.61940404466238e-05
5.64664574887834e-05
5.67330072820034e-05
5.6993458228241e-05
5.72475978948244e-05
5.74952328293304e-05
5.77361881138357e-05
5.79703066665729e-05
5.81974483002456e-05
5.84174885473519e-05
5.86303172626328e-05
5.88358370107504e-05
5.90339612450538e-05
5.92246122804387e-05
5.94077190599045e-05
5.95832147096531e-05
5.97510338724742e-05
5.99111098036863e-05
6.00633712094231e-05
6.02077388001142e-05
6.03441215423677e-05
6.04724125545866e-05
6.05924846268452e-05
6.07041853356674e-05
6.08073317254103e-05
6.09017045744948e-05
6.09870421831182e-05
6.10630340936822e-05
6.11293137409746e-05
6.11854540299851e-05
6.12309558247323e-05
6.12652518222921e-05
6.12877306140323e-05
6.12942450375962e-05
6.12857953733798e-05
6.12530862115889e-05
6.12178232810802e-05
6.11571563881565e-05
3.84358724724181e-05
3.85406391635586e-05
3.86619215953075e-05
3.87981261383723e-05
3.89467186000165e-05
3.91050457623003e-05
3.92706466471141e-05
3.94413794675374e-05
3.96154707318327e-05
3.97915127620106e-05
3.9968427014667e-05
4.01454139195453e-05
4.03219025583997e-05
4.04975053363726e-05
4.067197949492e-05
4.08451959304769e-05
4.101711464662e-05
4.11877656377061e-05
4.13572340392687e-05
4.15256485857729e-05
4.16931726131959e-05
4.18599970159085e-05
4.20263347064528e-05
4.21924162294697e-05
4.23584862569202e-05
4.25248007512105e-05
4.26916246314282e-05
4.28592298185415e-05
4.302789356954e-05
4.31978970389632e-05
4.33695240275566e-05
4.35430598895293e-05
4.37187905720927e-05
4.38970017545029e-05
4.4077978042971e-05
4.42620021744995e-05
4.44493541945663e-05
4.46403105937955e-05
4.48351434058314e-05
4.50341192789258e-05
4.52374985391152e-05
4.54455342649019e-05
4.56584713928256e-05
4.587654587147e-05
4.60999838794406e-05
4.63290011213976e-05
4.65638022142454e-05
4.68045801723442e-05
4.70515159962809e-05
4.73047783646516e-05
4.75645234226545e-05
4.78308946549594e-05
4.81040228245416e-05
4.83840259540321e-05
4.86710093206866e-05
4.89650654310024e-05
4.92662739371871e-05
4.95747014551848e-05
4.98904012429311e-05
5.0213412699251e-05
5.05437606478472e-05
5.08814543761772e-05
5.12264864066448e-05
5.15788309850031e-05
5.19384422834458e-05
5.23052523287679e-05
5.26791686811909e-05
5.30600719059916e-05
5.34478128959385e-05
5.38422101170593e-05
5.4243046864048e-05
5.46500686225256e-05
5.50629806443024e-05
5.5481445848559e-05
5.59050831582654e-05
5.63334663896154e-05
5.67661237970169e-05
5.72025383611758e-05
5.76421488893549e-05
5.8084351974199e-05
5.85285048326216e-05
5.89739290194011e-05
5.94199149811906e-05
5.98657273884244e-05
6.03106111540127e-05
6.07537980322769e-05
6.11945136525209e-05
6.16319848454905e-05
6.20654471482268e-05
6.24941522980243e-05
6.29173755676e-05
6.33344228013412e-05
6.37446370222679e-05
6.41474044925011e-05
6.45421601300505e-05
6.49283922081024e-05
6.53056462849547e-05
6.56735283323751e-05
6.60317070480321e-05
6.63799153534157e-05
6.67179510933999e-05
6.70456769524352e-05
6.7363019679836e-05
6.76699685777317e-05
6.79665733648901e-05
6.82529414747653e-05
6.85292348432414e-05
6.87956662407875e-05
6.90524951988471e-05
6.93000235720269e-05
6.95385907693307e-05
6.97685686790084e-05
6.9990356301061e-05
7.02043740891569e-05
7.04110579917841e-05
7.06108531704577e-05
7.08042073606396e-05
7.0991563828659e-05
7.11733538649264e-05
7.13499887483986e-05
7.15218510891044e-05
7.16892855407252e-05
7.18525891865179e-05
7.20119996198647e-05
7.21676834588309e-05
7.23197237128771e-05
7.24681060913619e-05
7.26127050279681e-05
7.27532671955516e-05
7.28894028610306e-05
7.30205459583482e-05
7.31460417531568e-05
7.3264739828958e-05
7.33765410736683e-05
7.34763623019526e-05
7.35577975376916e-05
7.36102903764341e-05
7.36516335309953e-05
7.36160673991618e-05
7.37183708870981e-05
5.19302383513713e-05
5.1805850693713e-05
5.1678837660012e-05
5.15514581533552e-05
5.14261478494912e-05
5.13051370421437e-05
5.11903016131435e-05
5.10831239457683e-05
5.09847117557885e-05
5.08958497133161e-05
5.08170628883745e-05
5.07486773897457e-05
5.06908721106062e-05
5.06437202545113e-05
5.06072212884674e-05
5.05813249467224e-05
5.05659491042701e-05
5.05609930481453e-05
5.0566347312659e-05
5.05819009463168e-05
5.06075468446987e-05
5.06431856133089e-05
5.0688728304337e-05
5.07440982825721e-05
5.08092324084264e-05
5.08840816765112e-05
5.09686114141567e-05
5.10628011236242e-05
5.11666440422668e-05
5.12801464941756e-05
5.14033271100318e-05
5.1536215991563e-05
5.16788538881633e-05
5.18312914314873e-05
5.19935884400953e-05
5.21658132772429e-05
5.2348042237093e-05
5.25403589439577e-05
5.2742853760526e-05
5.29556232069207e-05
5.31787693932862e-05
5.34123994650753e-05
5.36566250529254e-05
5.39115617096754e-05
5.4177328308355e-05
5.44540463687809e-05
5.47418392753841e-05
5.50408313442984e-05
5.53511466939701e-05
5.56729078710752e-05
5.60062341843043e-05
5.63512396966294e-05
5.67080308327384e-05
5.70767035661261e-05
5.74573401585488e-05
5.78500054343882e-05
5.82547425854224e-05
5.86715685164179e-05
5.91004687590595e-05
5.95413920031338e-05
5.99942443172163e-05
6.04588831588106e-05
6.09351112831919e-05
6.14226707058213e-05
6.19212368852401e-05
6.24304133109685e-05
6.29497266999114e-05
6.34786230191949e-05
6.40164645579434e-05
6.45625282647169e-05
6.51160055540063e-05
6.5676003757365e-05
6.62415493676228e-05
6.68115931684051e-05
6.73850172775646e-05
6.7960644198227e-05
6.85372477288762e-05
6.91135656074156e-05
6.96883137045915e-05
7.0260201520551e-05
7.08279486879214e-05
7.13903021449742e-05
7.19460536136595e-05
7.24940569947813e-05
7.30332453040791e-05
7.35626467526449e-05
7.40813996667049e-05
7.4588765967455e-05
7.50841427925521e-05
7.556707217266e-05
7.6037248604992e-05
7.64945244185527e-05
7.69389128867345e-05
7.73705890923443e-05
7.77898886085859e-05
7.81973041098287e-05
7.85934800587524e-05
7.89792056374973e-05
7.93554060976325e-05
7.9723132726889e-05
8.00835515717847e-05
8.04379312332164e-05
8.0787630887876e-05
8.11340842052683e-05
8.14787857209407e-05
8.182327616103e-05
8.21691272694317e-05
8.25179262993256e-05
8.28712602061716e-05
8.32306995219476e-05
8.35977818561336e-05
8.39739949424469e-05
8.43607591236071e-05
8.47594091376195e-05
8.51711750412037e-05
8.55971620793422e-05
8.60383292852436e-05
8.64954665728645e-05
8.69691700604409e-05
8.74598153749945e-05
8.7967528576122e-05
8.8492154847654e-05
8.90332257092539e-05
8.95899178945028e-05
9.01610146209757e-05
9.07448627331846e-05
9.13393269317422e-05
9.19417426306344e-05
9.25488664020501e-05
9.31568366033495e-05
9.37611025306442e-05
9.43565183981491e-05
9.49367984956428e-05
9.54967553828805e-05
9.60230490134758e-05
9.650482400472e-05
9.6932014418311e-05
9.73017535951433e-05
9.75776655806958e-05
9.79272783805107e-05
4.97901023984572e-05
5.00203754453853e-05
5.02814474671165e-05
5.05692526049538e-05
5.08780210040101e-05
5.12020220034358e-05
5.15361846686173e-05
5.1876306524071e-05
5.22190943365161e-05
5.25620938409684e-05
5.29035575088192e-05
5.32423022753339e-05
5.35775825460054e-05
5.39089845698709e-05
5.42363428257757e-05
5.45596765369269e-05
5.48791425060729e-05
5.51950002689056e-05
5.55075863412449e-05
5.58172951458784e-05
5.61245648518771e-05
5.64298668587831e-05
5.67336980075564e-05
5.70365748316475e-05
5.73390293231852e-05
5.76416058113023e-05
5.79448586468769e-05
5.82493504686966e-05
5.85556508938058e-05
5.88643355338108e-05
5.91759852822319e-05
5.94911858372715e-05
5.98105274200008e-05
6.01346046147414e-05
6.04640162048002e-05
6.07993648495663e-05
6.1141256474605e-05
6.14902992958709e-05
6.18471024363699e-05
6.22122741091137e-05
6.25864193485321e-05
6.29701372735943e-05
6.33640178630611e-05
6.37686382200829e-05
6.41845583046593e-05
6.46123161209192e-05
6.50524223559201e-05
6.55053544790168e-05
6.5971550315573e-05
6.6451401138689e-05
6.6945244303532e-05
6.7453355499465e-05
6.79759407036381e-05
6.85131279403605e-05
6.90649589742707e-05
6.96313810905137e-05
7.02122391440507e-05
7.08072680884577e-05
7.14160862234936e-05
7.20381894315271e-05
7.26729467072698e-05
7.33195973046671e-05
7.39772497630288e-05
7.46448833266056e-05
7.5321351939846e-05
7.60053911118122e-05
7.66956279072166e-05
7.73905942557351e-05
7.80887436840668e-05
7.87884714739384e-05
7.94881381333361e-05
8.01860959553592e-05
8.08807182888741e-05
8.15704310576868e-05
8.22537461248381e-05
8.29292953856189e-05
8.35958651248486e-05
8.42524298325623e-05
8.48981846345547e-05
8.55325755050007e-05
8.61553264700746e-05
8.6766463077717e-05
8.73663315009829e-05
8.79556127194006e-05
8.85353315167102e-05
8.9106859588186e-05
8.96719144585731e-05
9.02325520417124e-05
9.07911505250241e-05
9.13503932367344e-05
9.19132458329186e-05
9.24829290410691e-05
9.30628876566559e-05
9.36567564579808e-05
9.42683237213465e-05
9.49014929669198e-05
9.55602435123849e-05
9.62485903824019e-05
9.69705440816811e-05
9.77300707580446e-05
9.85310529911575e-05
9.93772523150442e-05
0.000100272275556295
0.000101219532510922
0.000102222205861981
0.000103283220254894
0.000104405212471223
0.000105590502905765
0.000106841068197968
0.000108158514811878
0.00010954405332646
0.000110998473148361
0.00011252211728998
0.00011411485678123
0.000115776064224142
0.0001175045859498
0.000119298712200995
0.00012115614470057
0.000123073960973001
0.000125048574621549
0.000127075690980362
0.000129150257191098
0.000131266405094993
0.000133417390201706
0.000135595520674656
0.000137792079464635
0.000139997239579886
0.000142199971581088
0.000144387951322518
0.000146547446775202
0.000148663286459212
0.000150718545749728
0.000152695398129202
0.000154571731573243
0.000156333829680369
0.000157963780673726
0.000159455035999455
0.000160774207535554
0.000161801060764756
0.000163490479316258
7.29861854701596e-05
7.27350749098803e-05
7.2485006277401e-05
7.22410949660422e-05
7.20082277215761e-05
7.17904545311889e-05
7.15908201413405e-05
7.14114056621345e-05
7.1253473240786e-05
7.11176520532863e-05
7.10041163486708e-05
7.09127321701338e-05
7.08431695688257e-05
7.07949841967436e-05
7.07676745259332e-05
7.0760721338538e-05
7.07736148431547e-05
7.08058731740531e-05
7.08570548449801e-05
7.09267669057401e-05
7.10146699923063e-05
7.11204811056834e-05
7.1243974713871e-05
7.1384982590393e-05
7.15433926658469e-05
7.17191470688719e-05
7.19122394653355e-05
7.21227117673277e-05
7.23506502708732e-05
7.25961812933106e-05
7.28594664038474e-05
7.31406973539654e-05
7.34400908084911e-05
7.37578829292172e-05
7.40943237658886e-05
7.44496713357115e-05
7.48241852753083e-05
7.52181200154194e-05
7.56317174602463e-05
7.60651992169481e-05
7.65187584341934e-05
7.6992551319154e-05
7.74866884075027e-05
7.80012256616176e-05
7.8536155478394e-05
7.90913977055094e-05
7.96667907843264e-05
8.02620831643765e-05
8.08769251308199e-05
8.15108613174653e-05
8.21633238912412e-05
8.2833627032298e-05
8.35209627893589e-05
8.42243986591109e-05
8.49428772922653e-05
8.5675218755024e-05
8.64201257994755e-05
8.71761926063481e-05
8.79419174536746e-05
8.8715719747506e-05
8.94959618040421e-05
9.0280975613333e-05
9.10690952029585e-05
9.18586937604698e-05
9.26482258811714e-05
9.34362745576154e-05
9.42216022806087e-05
9.50032054145601e-05
9.57803707870803e-05
9.65527332297037e-05
9.73203325802264e-05
9.80836686452105e-05
9.88437519783375e-05
9.96021503775521e-05
0.000100361029303025
0.000101123175098746
0.000101892016306929
0.0001026716317471
0.00010346674575306
0.000104282710234091
0.00010512547339736
0.000106001535271634
0.000106917890595834
0.00010788196003374
0.000108901511245598
0.00010998457024381
0.00011113932953714
0.000112374047221348
0.000113696936255975
0.000115116064722339
0.000116639253975848
0.000118273979512738
0.000120027276874938
0.000121905654981882
0.00012391501783688
0.000126060595350325
0.00012834688413431
0.000130777599044822
0.000133355635956544
0.0001360830458306
0.000138961019815875
0.000141989884329568
0.000145169103644374
0.000148497296667584
0.000151972254740969
0.000155590966480446
0.000159349646192218
0.000163243764299287
0.000167268079553372
0.000171416672226275
0.000175682976922486
0.000180059813490403
0.000184539414535618
0.000189113448147742
0.000193773034613225
0.000198508756038144
0.000203310657920237
0.000208168241700305
0.000213070447609743
0.000218005625985416
0.000222961498842681
0.000227925104734205
0.000232882731146391
0.000237819836012528
0.000242720955113267
0.000247569592825369
0.000252348095518943
0.00025703750654981
0.000261617412028016
0.000266065750576984
0.000270358726354358
0.000274470289800779
0.000278373474807165
0.000282034303967184
0.000285436526571057
0.000288549536303783
0.000291352293360778
0.000293799870722796
0.000295747669459601
0.000298332808829977
7.00768620628946e-05
7.05683239474096e-05
7.11092455089294e-05
7.1689661356441e-05
7.22972748176674e-05
7.29208155078049e-05
7.3551063497315e-05
7.41810475297155e-05
7.48059172306409e-05
7.5422610119499e-05
7.60294483076154e-05
7.66257732806225e-05
7.72116508711021e-05
7.77876444168101e-05
7.83546480673941e-05
7.8913768576659e-05
7.94662427086721e-05
8.00133796530748e-05
8.05565208041283e-05
8.10970115606875e-05
8.16361815022947e-05
8.21753304810756e-05
8.27157189052916e-05
8.3258560947435e-05
8.38050197140718e-05
8.4356203639842e-05
8.49131635606961e-05
8.54768900775567e-05
8.6048310967931e-05
8.66282885563698e-05
8.72176170848128e-05
8.78170201976464e-05
8.84271486791307e-05
8.90485784879132e-05
8.96818089360984e-05
9.0327260757247e-05
9.09852738860842e-05
9.16561049810499e-05
9.23399246300641e-05
9.30368147276341e-05
9.37467660223069e-05
9.44696760679198e-05
9.52053478344354e-05
9.59534892361022e-05
9.67137138638064e-05
9.74855432600979e-05
9.8268411156318e-05
9.9061670082064e-05
9.98646010439477e-05
0.000100676426315687
0.000101496327310247
0.000102323466352109
0.000103157013916729
0.000103996181983174
0.000104840263987241
0.000105688681752125
0.000106541039606254
0.000107397185656565
0.000108257279850455
0.000109121868211231
0.000109991961877225
0.000110869120516867
0.000111755541870799
0.000112654134487568
0.000113568601393566
0.000114503514144571
0.000115464376167762
0.000116457672514438
0.000117490902751229
0.000118572593794676
0.000119712289732346
0.000120920516520098
0.000122208718899801
0.000123589172975408
0.00012507487130307
0.00012667936549488
0.000128416605168774
0.000130300750387735
0.000132345965895874
0.000134566203296735
0.000136974977347137
0.000139585142511025
0.000142408676689277
0.000145456478177631
0.000148738180389191
0.000152261989715018
0.000156034548312042
0.000160060829223588
0.000164344070220069
0.000168885734409677
0.000173685506888323
0.000178741322351257
0.000184049423909901
0.000189604445750274
0.000195399512838895
0.000201426357668611
0.000207675452281784
0.000214136151495303
0.000220796842188829
0.000227645093645023
0.000234667804454971
0.000241851342149932
0.000249181673215846
0.000256644479953499
0.000264225267930251
0.000271909453902088
0.000279682433123378
0.000287529647561482
0.000295436648268358
0.000303389144056684
0.000311373033402831
0.000319374419674465
0.000327379610944674
0.000335375105829857
0.00034334756661636
0.000351283780794852
0.000359170611350154
0.000366994937210159
0.000374743580646549
0.000382403228819832
0.000389960336488871
0.000397401005912855
0.000404710904530623
0.000411875158606768
0.000418878200202717
0.000425703583816239
0.000432333781550581
0.000438749961581082
0.000444931748230254
0.000450856975878803
0.000456501419555333
0.000461838573652231
0.000466839355723954
0.000471472050952763
0.000475702727782018
0.000479502221786002
0.000482799948987126
0.000485658240212441
0.00048768800514443
0.000490222905035619
0.000107304958365171
0.000106784764831881
0.000106281289113937
0.000105808246179309
0.00010537737127039
0.000104997389832087
0.000104673960650838
0.000104410056029653
0.000104206539882885
0.000104062768981504
0.000103977097175428
0.000103947254750818
0.000103970616999656
0.000104044385078442
0.000104165704661122
0.000104331743747144
0.000104539743878534
0.000104787053670352
0.00010507115022839
0.000105389651965412
0.000105740325187566
0.000106121086196419
0.000106530000184867
0.000106965277855986
0.000107425270336309
0.00010790846282397
0.00010841346736434
0.000108939014929414
0.000109483947084233
0.000110047207615432
0.000110627834579374
0.000111224953248857
0.00011183777040966
0.000112465570252622
0.000113107711766221
0.000113763627352402
0.000114432822677773
0.000115114877645402
0.000115809450031852
0.000116516280524262
0.000117235200835835
0.000117966145594554
0.00011870916867894
0.000119464464721563
0.000120232396549227
0.000121013529335069
0.000121808672312955
0.000122618928394239
0.000123445753669689
0.000124291020948689
0.000125157112942587
0.000126046985365126
0.000126964265928489
0.000127913354573696
0.000128899526379803
0.000129929035125171
0.00013100921407014
0.000132148569645772
0.000133356863039447
0.000134645174411265
0.000136025943412109
0.000137512983191844
0.000139121464707344
0.000140867834696743
0.000142769719937979
0.000144845778643635
0.000147115503893478
0.000149598981414692
0.000152316605135343
0.000155288756037593
0.000158535452448076
0.000162075981628487
0.000165928524532998
0.000170109785148812
0.000174634636173125
0.000179515806235138
0.000184763593710607
0.0001903856350566
0.000196386733762287
0.00020276875533302
0.00020953058849987
0.000216668173782389
0.000224174593735398
0.000232040211805763
0.00024025285558471
0.000248798042677063
0.000257659241496782
0.00026681815543806
0.000276255018180256
0.000285948888826787
0.00029587793924791
0.000306019718836846
0.00031635142351649
0.000326850081064148
0.000337492753431929
0.000348256743461196
0.00035911977915641
0.000370060164028354
0.000381056892177641
0.000392089732197097
0.000403139284228078
0.00041418701604678
0.000425215278353051
0.000436207310999551
0.000447147234901981
0.000458019997127619
0.000468811398127123
0.000479508169624529
0.000490097946644961
0.000500569185392576
0.000510911065453821
0.000521113391780543
0.000531166500327266
0.000541061166879871
0.00055078851724575
0.000560339937489841
0.000569706980146579
0.000578881274149551
0.000587854399330922
0.000596617864749664
0.00060516270436052
0.000613480055569474
0.000621560966494193
0.000629395835087684
0.000636974065791859
0.000644283839429696
0.000651311908373225
0.000658043382146628
0.000664461485655591
0.00067054730675956
0.000676279468882499
0.000681634011429804
0.000686583450318032
0.000691099051456912
0.000695140686155025
0.00069867324882728
0.000701640120793581
0.000704047141121083
0.000705708354498905
0.000707136022540837
0.000103343920370078
0.000104657091544769
0.000106054299314523
0.000107511175926632
0.000108999365979382
0.000110493346355136
0.00011197233588073
0.000113420681310227
0.000114827549524099
0.000116186106674055
0.00011749257205384
0.00011874539611461
0.000119944608378822
0.00012109132671619
0.000122187407594578
0.000123235204439583
0.000124237401429455
0.000125196898333617
0.000126116729766531
0.000127000007963454
0.000127849882272773
0.000128669511036905
0.00012946204291434
0.000130230605314238
0.00013097829850489
0.000131708194185491
0.000132423337130483
0.000133126749765989
0.000133821439468615
0.000134510408667815
0.000135196668072988
0.000135883253478805
0.000136573246698356
0.000137269801027398
0.000137976171378733
0.000138695749106554
0.000139432102414939
0.000140189021178891
0.000140970585216903
0.000141781200144121
0.000142625674760621
0.000143509301042175
0.000144437941646751
0.000145418125665994
0.000146457151938764
0.000147563198393979
0.000148745435171584
0.000150014138013274
0.000151380799358401
0.000152858224800146
0.000154460644203829
0.000156203739483294
0.000158104695742726
0.000160182205955396
0.000162456429721591
0.000164948901281986
0.000167682381719
0.000170680651632171
0.000173968243201681
0.000177570113013908
0.000181511260412736
0.000185816297426929
0.000190508977021848
0.00019561172334342
0.000201145135723278
0.000207127513062804
0.000213574410135981
0.000220498241183629
0.00022790794791909
0.000235808746438226
0.000244201964967693
0.00025308497247989
0.000262451206042848
0.000272290280274996
0.000282588163335983
0.000293327421597827
0.000304487530036199
0.000316045234258867
0.000327974944356811
0.000340249142052589
0.000352838778834246
0.000365713677804967
0.000378842870114929
0.000392194903887958
0.000405738193009685
0.000419441359015175
0.000433273526232806
0.000447204559041332
0.000461205243005669
0.000475247428949154
0.00048930412016174
0.000503349592591905
0.000517359389455791
0.000531310303370663
0.000545180753325774
0.000558950872493165
0.000572602434500173
0.000586118736719848
0.000599484485678357
0.000612685699463609
0.000625709623771664
0.000638544667049246
0.000651180310092631
0.000663607136546412
0.000675816480358606
0.000687800995143254
0.000699555477898814
0.000711075734972118
0.000722358012668896
0.000733398805696193
0.000744194804620527
0.00075474287690068
0.000765040045278505
0.000775083453536674
0.000784870318172437
0.000794397867963137
0.000803663268678644
0.000812663555379912
0.000821395463374389
0.000829855716688928
0.000838038906397609
0.000845947674435434
0.000853581228997685
0.000860933485405247
0.000867996344724913
0.000874760335265439
0.000881214577631085
0.000887346563283508
0.000893141864204709
0.000898583810705539
0.000903653141042129
0.000908327634148812
0.000912581742499825
0.000916386507330987
0.000919708429823788
0.000922494869738393
0.00092475138907535
0.000926292439040721
0.000927414097876452
0.000927711087530077
0.000173126247577265
0.000171823957419013
0.000170602515854631
0.000169459171752285
0.000168388614607964
0.000167386476081999
0.000166449884801208
0.000165577224043111
0.000164767742809132
0.000164021201146514
0.00016333761034808
0.000162717075080062
0.000162159712236502
0.000161665618635261
0.000161234868776231
0.000160867530316354
0.000160563688950624
0.000160323477615925
0.000160147107110748
0.000160034896552098
0.000159987303084043
0.00016000495075054
0.00016008865955426
0.000160239472987045
0.000160458694288309
0.000160747918807754
0.000161109058005327
0.000161544381347622
0.000162056559539388
0.000162648712127288
0.000163324460886224
0.000164087990036339
0.000164944114266958
0.000165898355183698
0.000166957025924451
0.00016812732277684
0.000169417422298442
0.000170836581077726
0.000172395254881975
0.000174105159469037
0.000175979377295676
0.000178032440527152
0.000180280393507913
0.000182740830094036
0.000185432899137717
0.000188377270909746
0.000191596057248902
0.000195112679386373
0.000198951676538184
0.000203138459834804
0.00020769897579752
0.000212659365531013
0.000218045527378921
0.000223882642455025
0.000230194669816302
0.000237003825868151
0.00024433006603034
0.000252190589623975
0.000260599387154106
0.000269566844968469
0.000279099423364255
0.000289199422456753
0.000299864847586941
0.000311089371021318
0.000322862403113893
0.000335169236022287
0.000347991251337741
0.000361306204059839
0.000375088576311712
0.000389309979955297
0.000403939581996107
0.000418944523812662
0.000434290363283303
0.000449941385474324
0.00046586097181174
0.000482012039411353
0.000498357460723901
0.000514860410901039
0.000531484644319688
0.000548194692060461
0.000564956060370224
0.000581735333318059
0.000598500214715369
0.000615219974075339
0.000631865864297456
0.000648411153361284
0.000664830998626524
0.000681102310687818
0.000697203645666618
0.000713115173807727
0.000728818524184892
0.000744297265105134
0.000759535157134188
0.000774520850556172
0.000789245481350394
0.000803701205930597
0.000817880797115891
0.00083177764023085
0.000845385817037794
0.000858700186521335
0.000871716431552455
0.000884431087460317
0.000896841463972315
0.000908945958054417
0.000920742208901137
0.000932236423117388
0.000943440717991403
0.00095435678645116
0.000964984373406829
0.000975323293373046
0.000985373819745941
0.000995136667461975
0.00100461287927232
0.0010138036945018
0.00102271041983068
0.00103133430529695
0.00103967642730141
0.00104773756451793
0.00105551812264071
0.00106301782126071
0.00107023650668068
0.00107716982766839
0.00108381326829513
0.00109016290090428
0.00109621404371231
0.00110196072751354
0.00110739537195129
0.00111250850097584
0.0011172884444862
0.00112172101831042
0.00112578917830107
0.00112947258648957
0.00113274748220516
0.0011355852648114
0.00113795583892958
0.00113980333044637
0.00114114831755642
0.00114175360229684
0.0011420412476922
0.00114153625219944
0.000165826576270879
0.000165675770316262
0.000165522334980116
0.000165409079603811
0.00016537038895411
0.000165428485072986
0.000165594980538967
0.000165873684078082
0.000166263469444762
0.000166760603899844
0.000167360341358085
0.000168057903705641
0.000168849029628923
0.000169730244722988
0.000170698970800105
0.000171753550922409
0.000172893234506495
0.000174118147260421
0.000175429259282749
0.000176828358486288
0.000178318033667287
0.000179901669586976
0.000181583456743016
0.000183368409983334
0.000185262424239625
0.000187272309977019
0.000189405823533683
0.000191671750619559
0.000194079979080903
0.000196641569208615
0.000199368821104926
0.000202275336561161
0.000205376072729507
0.000208687383899872
0.000212227045252712
0.000216014251022754
0.000220069579183257
0.000224414918737384
0.00022907332902017
0.000234068909107749
0.000239426565844078
0.000245171739695537
0.000251330082406675
0.00025792708820447
0.000264987684437834
0.000272535790556163
0.000280593857165327
0.000289182399194992
0.00029831953824043
0.000308020570480389
0.000318297575043261
0.000329159080290077
0.000340609798062421
0.000352650433126159
0.000365277575552149
0.000378483679962908
0.000392257129924725
0.000406582384526255
0.000421440169390778
0.000436807718114055
0.000452659074802945
0.000468965447854737
0.000485695580508103
0.000502816121320928
0.000520292011298629
0.000538086685777274
0.000556162467706313
0.000574481036355554
0.000593003829920829
0.000611692359813879
0.000630508392527516
0.000649414217440925
0.000668372608128071
0.000687347010466497
0.000706302421498603
0.00072520576352151
0.000744025775012883
0.000762732784344798
0.000781298574119502
0.000799696240361571
0.000817900559041063
0.000835886906383883
0.000853634330860985
0.000871126813296942
0.000888350125143641
0.000905290592448518
0.000921934991253865
0.00093827080688201
0.00095428652151068
0.000969971887411327
0.000985317844031977
0.0010003179356342
0.00101496096747885
0.00102927153168254
0.00104325022886324
0.00105689278915662
0.00107019528281753
0.00108315522711688
0.00109577165375277
0.00110804494206781
0.00111997661612407
0.0011315691419658
0.00114282579636572
0.00115375031557567
0.0011643477141035
0.00117462003034391
0.00118456673621856
0.00119419172629355
0.00120350027291667
0.00121249805910796
0.00122119083718111
0.00122958426736642
0.00123768381752484
0.00124549468629541
0.00125302173508942
0.00126026942123572
0.0012672417320528
0.00127394209921541
0.00128037338369179
0.00128653745545146
0.001292436820588
0.0012980654196403
0.00130341864720871
0.00130849456374534
0.00131329061072635
0.00131780272722766
0.00132202502085451
0.001325949535037
0.0013295659898191
0.0013328614896885
0.00133582015587708
0.00133842275320031
0.00134064624187692
0.00134246328706684
0.00134384153049377
0.00134473832499909
0.0013451323046383
0.00134489190309426
0.00134431697377588
0.00134229400927183
0.000160289872116473
0.000164431104913691
0.000168595021780971
0.000172712668679278
0.000176732917885261
0.000180628076372486
0.000184389793518795
0.000188024126644083
0.000191546679420202
0.00019497835784882
0.000198342384704014
0.000201662443981318
0.00020496160870188
0.000208261813299276
0.000211583688477449
0.000214946614693388
0.000218368898772231
0.000221868014506076
0.000225460869821492
0.000229164077527226
0.000232994216105049
0.000236968072271486
0.000241102857539184
0.000245416398539643
0.000249927271432899
0.000254654917288946
0.000259619734019515
0.000264843078564523
0.000270347228633353
0.000276155294627674
0.000282291080768899
0.000288778898213564
0.000295643337157109
0.000302909005008612
0.000310600233528555
0.000318740756441576
0.000327353362069124
0.00033645952955367
0.000346079057971279
0.000356229701774613
0.000366926823509338
0.000378183075428968
0.000390008119988227
0.00040240839712293
0.000415386943970783
0.000428943269546174
0.000443073289261419
0.000457769316864212
0.00047302011113059
0.000488810977289365
0.000505123924322211
0.000521937866534871
0.000539228841780002
0.000556970265765143
0.00057513322919778
0.000593686808461299
0.000612598382695112
0.00063183388592367
0.000651357995069551
0.000671134521236399
0.000691126808951777
0.000711298042705845
0.00073161134225612
0.00075203006609911
0.000772517418702443
0.000793037029394814
0.000813554154693482
0.000834035715994648
0.000854449875701625
0.000874765722963303
0.000894952946156848
0.000914982638248723
0.000934824709201774
0.000954456020302728
0.00097385776578967
0.00099301156793437
0.00101189849138386
0.00103049939854494
0.00104879565465431
0.00106676959508341
0.00108440581270024
0.0011016867425356
0.00111861968913406
0.00113521503095062
0.00115146311640996
0.00116735194294761
0.00118287135408021
0.0011980137590603
0.0012127740002216
0.00122714900528146
0.00124113764555305
0.00125473957547118
0.00126795944561545
0.00128078624214105
0.00129321988237775
0.00130526438066392
0.00131692540395331
0.00132820946892124
0.00133912362713788
0.00134967530694371
0.00135987221887019
0.00136972227114905
0.00137923356444765
0.00138841403081977
0.00139727293531909
0.00140581253797335
0.00141403040466061
0.00142193349391442
0.00142953043437684
0.0014368297464684
0.00144383950387934
0.00145056730597654
0.00145702029222069
0.00146320514346431
0.00146912806463527
0.00147479475193712
0.00148021034944412
0.00148537939032721
0.00149030575193086
0.00149499250394484
0.00149944210088304
0.0015036555087273
0.00150763221989867
0.00151137058540729
0.00151486780450175
0.00151811973567377
0.00152112063821482
0.00152386288564437
0.0015263366401469
0.00152852951104463
0.00153042612030529
0.00153200773803057
0.00153325157253549
0.00153413092673913
0.00153461181950048
0.00153466006800799
0.00153422089874576
0.00153327762049881
0.0015317200570228
0.00152967744101026
0.000295403936224184
0.000291636472974851
0.000288686277675915
0.00028661071770691
0.000285394406702476
0.000284985527991171
0.000285316348287231
0.000286316088117496
0.000287918349637136
0.000290064380487637
0.000292704023874974
0.000295795565474572
0.000299305110978795
0.000303205880963548
0.000307477585531648
0.000312105895012558
0.000317081975103724
0.000322402046897203
0.000328066938625144
0.000334081610335555
0.000340454646967407
0.000347197723818564
0.000354325051592433
0.000361852809899108
0.000369798577027957
0.000378180764320713
0.000387018063972239
0.000396328916055033
0.00040613100120285
0.000416440767476987
0.000427273000524843
0.000438640447020109
0.000450553505713239
0.000463019994424234
0.000476044986527881
0.000489630703510081
0.000503776453125097
0.000518478606912125
0.000533730612123897
0.000549523034162551
0.00056584362726031
0.000582677429760853
0.00060000688102448
0.000617811960047198
0.000636070334948612
0.000654757532897829
0.000673847135025423
0.000693310971534649
0.000713119349682192
0.000733241323043224
0.00075364497313204
0.000774297591022798
0.000795165893495097
0.000816216397344805
0.000837415700180394
0.000858730581040954
0.000880128024267426
0.000901574842562601
0.000923038698063873
0.000944488900138805
0.000965895949685074
0.000987230914539025
0.00100846476324255
0.00102956951862668
0.00105051381853585
0.00107127778599114
0.00109184361658039
0.00111219154346698
0.00113229972661568
0.00115214545335473
0.00117170611384681
0.00119096166947967
0.0012098861278593
0.00122850299527955
0.00124681009329264
0.00126478754367551
0.00128241491536427
0.00129967502038897
0.00131655426206889
0.0013330423473815
0.00134913115164999
0.00136481740621447
0.0013800878666183
0.00139492811090785
0.00140933524259615
0.00142331063928708
0.00143685762385952
0.00144998067420038
0.00146268511490063
0.00147497692218493
0.00148686284685833
0.00149834913625195
0.00150944795295129
0.00152014172058417
0.00153043522342432
0.00154033836232252
0.00154986171476245
0.00155901570318226
0.00156781056029893
0.00157625640316605
0.00158436328582408
0.00159214121190077
0.00159960014500879
0.00160674991454664
0.00161360043734191
0.00162016105053652
0.00162643976408348
0.00163244431800352
0.0016381825438824
0.00164366233507203
0.00164889151647773
0.00165387772031659
0.00165862828813909
0.00166315019399193
0.0016674499800965
0.00167153369808805
0.00167540685151234
0.0016790743346865
0.00168254037131739
0.00168580842801828
0.00168888116378424
0.00169176027964743
0.00169444635321433
0.00169693871514881
0.00169923532837194
0.0017013326382778
0.00170322537689354
0.00170490632319721
0.00170636600068815
0.00170759234354864
0.00170857024681324
0.0017092811747675
0.00170970245842974
0.00170980701483754
0.00170956196610471
0.00170892704485888
0.00170787035924741
0.00170626881900899
0.00170446074898311
0.00170052314177211
0.000290939823541893
0.000304706579067131
0.000317488295141664
0.00032934948918003
0.000340428173867306
0.000350874529692323
0.000360825578715469
0.000370400049646696
0.000379699518384403
0.000388811462415975
0.00039781300158595
0.000406774065757297
0.000415759572340615
0.00042483076532308
0.000434045895799561
0.000443460403397332
0.000453126758151333
0.000463094100031744
0.00047340778471475
0.000484108922165308
0.00049523397466964
0.000506814458454584
0.000518876770673987
0.000531442146067508
0.000544526733493507
0.000558141773151948
0.000572293850465654
0.000586985199702352
0.000602214030983019
0.000617974862307092
0.000634258843691171
0.000651054068366745
0.00066834588124566
0.000686117188899897
0.000704348755649699
0.000723019466644618
0.000742106551467933
0.000761585773312517
0.000781431589687402
0.000801617297707589
0.000822115175556332
0.000842896617054551
0.000863932292685772
0.0008851923124786
0.000906646379224674
0.000928264073366907
0.000950014989837943
0.000971868978986702
0.000993796528709356
0.00101576902484156
0.00103775860368364
0.00105973780900995
0.00108168081983246
0.00110356361613498
0.00112536295065391
0.00114705555903653
0.00116861751625492
0.00119002451244895
0.0012112624241473
0.00123231661368982
0.00125316850160459
0.00127379651123667
0.00129417768922562
0.00131429131621865
0.00133410691300271
0.00135367055536298
0.00137296292734864
0.00139195421224921
0.00141061729126939
0.00142892993272917
0.00144687463987138
0.00146443646451506
0.00148160914475046
0.00149836102495704
0.00151467354140933
0.00153054072931209
0.00154596111878097
0.00156093519501852
0.00157546454039562
0.00158955168556257
0.00160319921176879
0.00161641389405967
0.00162918304599778
0.00164149325130023
0.0016533500104959
0.00166476246586274
0.00167574014999108
0.00168629255706856
0.00169642924870484
0.00170615995761065
0.0017154947269124
0.00172444358318693
0.00173301783836564
0.00174122606566777
0.00174907648330113
0.00175657801400973
0.00176374033835184
0.00177057366604313
0.00177708851429458
0.00178329555035622
0.00178920548655821
0.00179482900607741
0.00180017671230592
0.00180525907227122
0.00181008640707869
0.00181466882662002
0.00181901605194228
0.0018231373782348
0.00182704171226018
0.0018307376084604
0.00183423327925248
0.00183753658198037
0.00184065499030044
0.00184359555634397
0.00184636486741802
0.00184896899872319
0.00185141346228853
0.00185370315120371
0.0018558422783871
0.00185783430387386
0.00185968185637893
0.00186138663660057
0.00186294929729421
0.00186436930528582
0.00186564478539994
0.00186677234177685
0.00186774684477116
0.00186856118244328
0.00186920595061185
0.00186966911064617
0.00186993552225017
0.00186998651447788
0.00186979921229108
0.00186934580045625
0.00186859397147157
0.00186749756786555
0.00186604120495681
0.00186404639032429
0.00186192363619659
0.00185829565039182
0.000553958425261132
0.000543234547635628
0.000537192817080613
0.000535188664203115
0.0005363582875553
0.000539911349834653
0.000545222015740714
0.000551841067791596
0.00055947168958271
0.000567933357880715
0.00057712724000193
0.000587007580876542
0.000597560007064206
0.00060878620117231
0.000620693694762331
0.000633289489510522
0.000646576432275195
0.000660551496717212
0.00067520532523949
0.000690522557857228
0.000706482611455852
0.000723060671610341
0.000740228730348035
0.00075795655961091
0.000776212552093367
0.000794964394606177
0.000814179565318723
0.000833825662465294
0.000853870583606481
0.000874282589647574
0.000895030289793268
0.000916082587019499
0.000937408637015573
0.000958977850570801
0.000980759927515044
0.00100272489839812
0.00102484317237515
0.00104708558868821
0.00106942346617208
0.00109182869830455
0.0011142738296296
0.00113673214583195
0.00115917794879831
0.00118158651022195
0.00120393443174435
0.0012262003041826
0.00124836354164241
0.0012704062021051
0.00129231291550334
0.00131406950036725
0.00133566064447079
0.00135707196628597
0.00137829751634569
0.00139932809877489
0.00142014874027493
0.00144074099304583
0.0014610836230513
0.00148116683975865
0.00150102430503714
0.00152062795832812
0.0015399425967555
0.0015589379702727
0.00157759037118334
0.0015958793976226
0.00161379805879403
0.0016312926521643
0.00164834599654616
0.00166495236023192
0.00168110962374983
0.00169681689327481
0.00171207409032303
0.00172688027103882
0.001741241997168
0.00175512480653516
0.00176851784322592
0.00178142678042332
0.00179385980886506
0.00180582505221021
0.00181733046602692
0.00182838415338941
0.00183899432624389
0.00184917026692707
0.0018589198409458
0.00186824890441479
0.00187716404623918
0.00188567331247343
0.00189378599386757
0.00190151225834266
0.00190886286789109
0.00191584898859306
0.00192248209285342
0.00192877381209091
0.00193473608064015
0.00194038070052959
0.00194571919899544
0.00195076290798081
0.00195552306870737
0.00196001088545187
0.0019642375312283
0.00196821412684734
0.00197195170698196
0.00197546118163694
0.0019787532996031
0.00198183861182277
0.00198472744179959
0.00198742985746074
0.00198995562484271
0.0019923141633842
0.00199451451373885
0.00199656531592576
0.00199847479248763
0.00200025073182174
0.00200190046782138
0.00200343085408448
0.00200484823237039
0.00200615839522904
0.00200736654269911
0.00200847723283235
0.00200949432441207
0.00201042090912951
0.00201125923245313
0.00201201060089953
0.00201267527166694
0.00201325232150073
0.00201373949149722
0.0020141330032136
0.00201442733695822
0.00201461497396992
0.00201468607567975
0.00201462812853259
0.00201442545306197
0.00201405874648029
0.00201350436530541
0.00201273355319968
0.00201171274487545
0.00201039500246193
0.0020087599321959
0.00200663915208641
0.00200440869392743
0.00200083563038784
0.000561138100224703
0.000605059674814875
0.000639483166067119
0.000666344734144171
0.000687759845249931
0.000705541980953959
0.000721117146119144
0.000735553129342799
0.000749615469469712
0.000763827878905706
0.000778528462724394
0.000793917307823445
0.000810094910445443
0.000827092411480117
0.000844894800944044
0.000863458276099255
0.000882722856434124
0.000902621214013587
0.000923084545548044
0.000944046205627219
0.000965443717271293
0.000987219661895799
0.00100932183695178
0.00103170297160781
0.00105432020508373
0.00107713446662781
0.0011001098476185
0.00112321301638891
0.00114641270067238
0.00116967925845611
0.00119298434412835
0.00121630067598495
0.00123960193365253
0.00126286279033362
0.00128605901457364
0.00130916759538059
0.00133216690279305
0.00135503677630074
0.00137775862884642
0.0014003157067835
0.00142269288510125
0.00144487701963274
0.00146685747085711
0.0014886244754389
0.00151017200861048
0.0015314965742847
0.00155259064196534
0.0015734564082312
0.00159409216772089
0.00161448821273924
0.00163462654207669
0.00165450556263448
0.00167414691482698
0.00169351512235692
0.00171257161429299
0.00173128515966679
0.00174963328154709
0.00176759302796961
0.00178510928592046
0.00180216716593341
0.00181876327095072
0.00183489691269552
0.00185056808080548
0.00186577479114556
0.00188052549863505
0.00189476346861963
0.00190848785483931
0.00192170765361782
0.00193443202890094
0.00194666917162907
0.00195842684206846
0.00196971230394218
0.00198053459935757
0.00199089825573476
0.00200080637048
0.00201026377877944
0.00201927744442159
0.00202785593780381
0.00203600889892536
0.00204374670178277
0.00205108020580011
0.00205802077585281
0.00206457999930012
0.00207076926700819
0.00207659981320314
0.00208208292061627
0.00208723006886393
0.00209205298397873
0.00209656362160892
0.00210077411674712
0.00210469673086922
0.00210834378802885
0.00211172765421381
0.00211486066450087
0.00211775503561685
0.00212042280617737
0.0021228758095012
0.00212512566461126
0.00212718377379741
0.00212906132074771
0.00213076926302485
0.0021323183186604
0.00213371894959913
0.00213498134248435
0.00213611538899368
0.00213713066615861
0.00213803641443941
0.002138841514947
0.00213955446508912
0.00214018335303405
0.0021407358328347
0.00214121910025402
0.00214163986735763
0.00214200433419131
0.00214231815666556
0.0021425864095917
0.00214281354416158
0.00214300333940491
0.00214315884528907
0.00214328231523094
0.002143375125928
0.00214343768309924
0.0021434693108131
0.00214346812047776
0.00214343085590959
0.00214335270251444
0.00214322706085091
0.0021430452860959
0.0021427963607408
0.00214246652379344
0.00214203874544421
0.00214149226183761
0.00214080181254296
0.00213993701870616
0.00213886204840213
0.00213752977453636
0.00213591058253796
0.0021338484931532
0.00213173595745504
0.0021275388001329
0.00104270279012981
0.000998664004613768
0.000969199069737645
0.000952195692608815
0.000945287632304004
0.000946381338175401
0.000953723627711922
0.000965881381465958
0.000981701964656703
0.00100027194634519
0.00102087832550182
0.00104297232438413
0.00106613685524999
0.00109005850902004
0.00111450412616814
0.00113930167112051
0.00116432494127913
0.00118948154212693
0.00121470356280052
0.00123994045529044
0.0012651537003683
0.00129031290274791
0.00131539300645107
0.00134037237301677
0.00136523150707276
0.00138995225750799
0.00141451736194955
0.00143891022703561
0.00146311486096331
0.001487115911081
0.00151089876588647
0.00153444969122936
0.00155775603464884
0.00158080650618482
0.00160359136201324
0.00162610258225317
0.00164833398791208
0.00167028079832692
0.00169193967570091
0.00171330862759436
0.00173438498852338
0.00175516762045915
0.0017756552346595
0.00179584146879781
0.00181572635055778
0.00183530255597228
0.00185454890661902
0.00187349405005899
0.0018921054884582
0.00191034116891209
0.00192817068390201
0.00194555858742155
0.00196244738867142
0.00197882540764124
0.00199469308936605
0.00201005288809244
0.00202490841225294
0.00203925405415926
0.00205304625840425
0.00206629195605628
0.00207900508860761
0.00209119826593491
0.00210288248729415
0.00211406703951415
0.00212476347220329
0.00213497418708722
0.00214470166616359
0.00215395139977199
0.00216273146841528
0.00217105155839492
0.00217892230704077
0.00218635480970473
0.0021933608082836
0.00219995188255245
0.00220613909470315
0.00221193328113048
0.00221734543061836
0.00222238689727089
0.00222706944789616
0.00223140522405709
0.00223540666290223
0.00223908644421097
0.00224245742081146
0.00224553249752942
0.00224832453696239
0.00225084631963196
0.00225311054181437
0.00225512982548414
0.00225691672504931
0.002258483722814
0.00225984321681033
0.00226100750363861
0.00226198876136629
0.002262799024516
0.00226345015168183
0.00226395379113053
0.00226432135109555
0.0022645639766181
0.00226469253429547
0.00226471760375872
0.00226464946909704
0.0022644981086414
0.00226427318366198
0.00226398402521037
0.00226363962001693
0.00226324859493742
0.00226281920068801
0.00226235929618241
0.00226187632989342
0.00226137731727119
0.00226086881612067
0.00226035690038949
0.00225984713124507
0.00225934452452438
0.00225885351441446
0.00225837791172103
0.00225792085650762
0.00225748476504556
0.00225707126794869
0.00225668113715094
0.00225631419640929
0.00225596922029884
0.00225564381797156
0.0022553342948091
0.00225503548450549
0.00225474053144481
0.00225444067760018
0.00225412499784641
0.00225378004801153
0.00225338944309943
0.00225293331857689
0.00225238797914741
0.00225172506418154
0.00225091112783669
0.00224990686548014
0.0022486630112042
0.00224714309425958
0.00224519765489226
0.00224313397740376
0.00223926061994241
0.00102065885317628
0.00103367376684484
0.00105507115715825
0.00108223141158384
0.00111286106171297
0.0011453132122171
0.00117848334997479
0.00121167360507225
0.0012444750979966
0.00127667534483333
0.00130818802041606
0.00133900145740311
0.00136914372361608
0.00139866077348259
0.00142760367661184
0.00145602168853351
0.00148395884078936
0.00151145251895643
0.00153853310704617
0.00156522420385307
0.00159154317083793
0.00161750188490194
0.00164310761199184
0.00166836393975353
0.00169327170846912
0.00171782988813271
0.00174203635815268
0.00176588853979175
0.00178938383631758
0.00181251986898049
0.00183529449438354
0.00185770559700368
0.00187975085033471
0.00190142747730542
0.00192273176467043
0.0019436591623597
0.00196420405654159
0.0019843587642906
0.00200411549446482
0.00202346515581854
0.00204239510622594
0.00206089597996901
0.00207895467304217
0.00209655272436589
0.00211370522977945
0.00213037241583884
0.00214652933378223
0.00216209900444766
0.00217706293525138
0.00219142562614395
0.00220519903222341
0.00221838027386084
0.002230943571171
0.002242906741718
0.00225429134765722
0.00226511602001964
0.00227539704596297
0.00228514895413354
0.00229437726325067
0.00230308868066965
0.00231129340774085
0.00231900406149153
0.00232623444807009
0.00233299858017201
0.00233931105024475
0.00234518532861236
0.00235063373089153
0.00235566815560991
0.00236030066367853
0.0023645437080465
0.00236841015256884
0.00237191316591537
0.00237506618321084
0.00237788276561617
0.00238037641863995
0.00238256049524794
0.00238444819816239
0.00238605263167981
0.00238738685146928
0.00238846389378338
0.00238929678170373
0.00238989852046983
0.00239028208293208
0.00239046038041452
0.00239044622737422
0.00239025230592948
0.0023898911382096
0.00238937506851492
0.00238871625346794
0.0023879266538443
0.00238701802740686
0.00238600192406752
0.00238488967773636
0.00238369239362455
0.00238242093359025
0.00238108589931059
0.00237969761516071
0.00237826611129578
0.00237680111026069
0.00237531201757349
0.00237380791094353
0.00237229752818524
0.00237078925456042
0.0023692911085906
0.002367810727114
0.00236635534839391
0.00236493179473799
0.00236354645572432
0.00236220526758391
0.00236091368808292
0.00235967666851244
0.00235849862262601
0.00235738339143062
0.00235633420304806
0.00235535362767848
0.00235444352334234
0.00235360497722379
0.00235283824082223
0.00235214265334138
0.00235151654661467
0.00235095712862472
0.00235046037678842
0.00235002089531526
0.00234963174499533
0.00234928420209089
0.00234896756098522
0.00234866896683937
0.00234837299854363
0.00234806126312546
0.00234771190136453
0.00234729967370907
0.00234679530876618
0.00234616401588687
0.00234536606119801
0.00234435538813021
0.00234308276610166
0.00234149045307699
0.00233950089728226
0.00233723946049209
0.00233314149579757
0.00105237998657218
0.00117881575677262
0.00127167349829454
0.00134391947676635
0.00140359310005819
0.00145501480751502
0.00150059419194305
0.00154183878452264
0.00157978766136922
0.00161519500805762
0.00164861961445791
0.00168047772158779
0.00171107956666984
0.00174065620883153
0.0017693793526
0.00179737604271965
0.0018247396074333
0.00185153784930608
0.0018778192094576
0.00190361745347272
0.00192895528536297
0.00195384715468125
0.00197830141206104
0.00200232191233309
0.00202590913042831
0.00204906086637725
0.00207177263774033
0.00209403785387306
0.00211584787516164
0.00213719207568911
0.00215805794418244
0.00217843123557053
0.00219829648682584
0.00221763744996937
0.00223643734202825
0.00225468044959323
0.00227235117010376
0.00228943403110967
0.00230591688433444
0.00232178677706521
0.00233703067444285
0.0023516527966636
0.00236563337832012
0.00237896054244557
0.00239157016490495
0.00240346782801519
0.00241468244998589
0.00242519948511267
0.00243504455906173
0.00244424939454375
0.00245284251349163
0.00246084718899943
0.00246827726773154
0.00247514816707892
0.00248147853938376
0.00248728865362122
0.00249259897211841
0.00249742963686229
0.00250179864568542
0.00250572226374002
0.0025092160992166
0.00251229576091927
0.00251497705397832
0.00251727586566628
0.00251920816668645
0.00252078972895088
0.00252203587088213
0.00252296141123928
0.00252358076911051
0.0025239080987225
0.00252395739979875
0.00252374257193547
0.00252327744229805
0.0025225757633257
0.0025216511791506
0.00252051718056326
0.00251918707306961
0.00251767396712907
0.00251599078093257
0.00251415024865265
0.00251216492896998
0.00251004721183919
0.00250780931988208
0.00250546330520137
0.00250302104340036
0.00250049422057111
0.00249789431743357
0.00249523259436761
0.00249252007962419
0.00248976755819871
0.0024869855631941
0.00248418437129847
0.00248137399523221
0.00247856417295693
0.00247576435663797
0.00247298370046352
0.00247023104807402
0.0024675149190172
0.00246484349739974
0.00246222462198242
0.00245966577272436
0.00245717405523343
0.00245475618386743
0.00245241846270833
0.00245016676523017
0.00244800651112405
0.00244594264246135
0.00244397959939508
0.00244212129018853
0.00244037105585708
0.00243873162999605
0.00243720509450087
0.00243579282902757
0.00243449545331635
0.00243331275747723
0.0024322436180918
0.00243128592096797
0.00243043645999788
0.00242969081505492
0.00242904318244707
0.00242848625774042
0.00242801108974942
0.00242760677752083
0.00242726024999831
0.00242695585185443
0.00242667591815507
0.0024263992487841
0.00242610074050449
0.00242575173747593
0.00242531999727732
0.00242477356526734
0.00242406836119334
0.00242315265300842
0.00242197629746576
0.00242048797176077
0.00241865003324592
0.00241638854610194
0.00241379073241398
0.00241049513467469
0.00240729620480247
0.00180111257529918
0.00175191232704926
0.0017593865245386
0.00178879825531118
0.00182377269281883
0.00185864235434633
0.00189201373555831
0.0019238162680664
0.00195427356708661
0.00198362427393824
0.00201206712759986
0.00203975731285039
0.00206681185845946
0.00209331589567328
0.00211932853387639
0.00214488815913631
0.00217001695993219
0.00219472456025847
0.00221901077205909
0.00224286761693837
0.00226628083666357
0.00228923109150617
0.00231169499498913
0.00233364608940104
0.00235505579946244
0.00237589436931374
0.00239613176040372
0.00241573845661619
0.002434686158214
0.00245294838399087
0.00247050090849808
0.00248732217205767
0.0025033939607373
0.00251870123660751
0.00253323290686914
0.00254698254548654
0.00255994566628431
0.00257212235408207
0.00258351979981381
0.00259413546804254
0.00260397916085395
0.00261302371611951
0.00262128279577244
0.00262879707823351
0.00263557912776603
0.00264167021381493
0.00264711229071925
0.00265193273543309
0.00265615707131358
0.00265981296376541
0.00266292911006569
0.00266553353897058
0.00266765129938185
0.00266930513695784
0.00267051678008605
0.00267130759300379
0.0026716986527203
0.00267171068294304
0.0026713636328582
0.00267067641128856
0.00266966693980979
0.00266835236524305
0.00266674927643249
0.00266487384060112
0.00266274189688702
0.00266036897200308
0.00265777023903906
0.0026549604767767
0.0026519540612909
0.00264876499272545
0.00264540694384206
0.00264189330493841
0.00263823721990541
0.00263445161178128
0.00263054919525548
0.00262654247568201
0.00262244374257413
0.00261826506455837
0.00261401828461597
0.00260971501777214
0.00260536665173912
0.00260098434938792
0.0025965790492868
0.00259216146594868
0.00258774209020209
0.00258333118389707
0.00257893877144867
0.00257457463011446
0.00257024828037168
0.00256596897478755
0.00256174568885619
0.00255758711444192
0.00255350164909263
0.00254949738288102
0.00254558208539777
0.00254176319169878
0.00253804778765301
0.00253444259418864
0.00253095395367759
0.00252758781544345
0.00252434971582202
0.00252124475547298
0.00251827757411134
0.00251545232202454
0.00251277262869347
0.00251024156630165
0.00250786161153413
0.00250563460444941
0.00250356169803001
0.00250164329751038
0.00249987899115089
0.00249826747841914
0.0024968064801973
0.0024954926367035
0.00249432136013932
0.00249328673181988
0.0024923813550738
0.00249159610800215
0.00249091992632101
0.00249033950599756
0.00248983956399398
0.00248940162176457
0.00248900374189731
0.00248862075123691
0.00248822405979194
0.00248778537505504
0.00248726009219772
0.00248660389005488
0.00248577202787542
0.00248472144298892
0.00248341796451249
0.00248182002162217
0.00247989202055165
0.00247761307622432
0.00247497009955767
0.00247197350907253
0.00246857075532399
0.00246501704920665
0.00246054667744099
0.00245826404597292
0.00195385798499033
0.00212591372604066
0.00219249025752357
0.00222076702458715
0.0022400323875269
0.00225920972405966
0.00227987480241238
0.00230175359963512
0.00232438462291535
0.00234744291147831
0.00237072682694458
0.00239410420860969
0.00241747690648692
0.00244076263705116
0.00246388633220573
0.00248677612789046
0.00250936159308791
0.00253157308899474
0.00255334173475221
0.00257459976340134
0.002595281181567
0.00261532264950661
0.00263466448197334
0.00265325167778967
0.00267103487456545
0.00268797115245815
0.00270402461332652
0.0027191666737007
0.00273337606843718
0.00274663857135339
0.00275894640610557
0.00277029794565833
0.00278069701416817
0.00279015176694616
0.0027986771359837
0.00280629064276437
0.00281301024353161
0.00281886724007991
0.00282386889797226
0.00282805018788188
0.00283146469423961
0.00283415185604371
0.00283615694342033
0.00283752620626754
0.00283829300315385
0.00283849030131922
0.00283815329927986
0.00283731516224247
0.00283600624219415
0.00283425514118177
0.00283208947409146
0.0028295360229393
0.00282662024387939
0.00282336598835041
0.00281979562801008
0.00281593034821119
0.00281179040027806
0.00280739526981853
0.00280276370721954
0.00279791368451344
0.00279286237490946
0.00278762618802861
0.00278222085096206
0.00277666150423785
0.00277096278886475
0.00276513891143038
0.00275920368239859
0.0027531705349818
0.0027470525352085
0.00274086239587209
0.00273461249919511
0.00272831491981769
0.00272198144687017
0.0027156236040868
0.00270925266597995
0.00270287966746487
0.00269651540934843
0.00269017046112964
0.00268385515927106
0.00267757960425059
0.00267135365825856
0.00266518694323447
0.00265908883750049
0.00265306847355513
0.00264713473587343
0.00264129625416822
0.00263556139500485
0.00262993825255728
0.0026244346381396
0.00261905806755957
0.00261381575078253
0.00260871458144701
0.0026037611203862
0.00259896157749117
0.00259432179350868
0.00258984722022543
0.00258554289888524
0.0025814134371181
0.00257746298779627
0.00257369522349817
0.00257011330301572
0.00256671983407119
0.00256351683160086
0.00256050567046333
0.00255768703091866
0.00255506083313679
0.00255262616938334
0.00255038122671178
0.00254832319063523
0.00254644811834271
0.00254475082466164
0.00254322474262516
0.00254186171191147
0.00254065177604521
0.00253958285072935
0.00253864090131548
0.00253780893079909
0.00253706670347833
0.00253639064247467
0.00253575376291756
0.00253512704209347
0.00253446974487403
0.00253373901369934
0.00253288944801774
0.00253187549133605
0.00253065841488124
0.00252919134762027
0.00252744537801216
0.00252540452558164
0.00252306531014916
0.00252043468160812
0.0025175418878106
0.00251442634530622
0.00251112133941178
0.00250765753294967
0.00250405431028431
0.00250031024442747
0.0024964757387305
0.00249243902709336
0.00248797119398058
0.00284630108494182
0.00266454203040829
0.00260587201213849
0.00259737259745359
0.00260580016503634
0.00261977254163903
0.00263609025153916
0.0026538784613868
0.00267275574462601
0.00269242605585319
0.00271262749776585
0.00273313236334553
0.00275374394004552
0.00277428963527809
0.00279461469524501
0.00281457810869103
0.0028340504996248
0.00285291337010181
0.00287105910920764
0.00288839139390594
0.0029048257492401
0.00292029007557562
0.00293472499030799
0.00294808390039514
0.00296033277606612
0.00297144966762323
0.0029814240218875
0.00299025591637402
0.00299795520465914
0.00300454053124045
0.00301003840813342
0.00301448305039296
0.00301791226107319
0.00302036980289942
0.00302190846832502
0.00302256431431425
0.00302239679557007
0.00302146816941718
0.00301983329587438
0.00301754424281702
0.00301464998614521
0.00301119089523217
0.00300720554176439
0.00300273387317791
0.00299781308663534
0.00299247735746866
0.00298675917878923
0.00298068946429804
0.00297429724395735
0.00296760967837224
0.00296065230819107
0.00295344931867483
0.00294602362839066
0.0029383968769308
0.00293058943908186
0.00292262051269898
0.00291450825400889
0.00290626991620418
0.00289792195724409
0.00288948010687103
0.00288095940947899
0.00287237426052789
0.00286373845205308
0.00285506522971396
0.00284636734978198
0.00283765713205147
0.00282894650489823
0.00282024704033132
0.0028115699788349
0.00280292624954824
0.00279432648871586
0.00278578105383791
0.00277730003612391
0.00276889327186976
0.00276057035189117
0.00275234062821698
0.00274421321932363
0.00273619701227548
0.00272830066043064
0.00272053257967393
0.00271290094412949
0.00270541367998322
0.00269807845804717
0.00269090268806919
0.00268389351065612
0.00267705778499078
0.00267040207636561
0.00266393264363392
0.00265765542396821
0.00265157601558055
0.00264569966402894
0.00264003124426002
0.00263457523430777
0.00262933568869189
0.00262431621104031
0.00261951992374952
0.00261494943293278
0.00261060679059517
0.00260649345754859
0.00260261025586569
0.00259895730798546
0.00259553397059811
0.00259233875994534
0.00258936926316005
0.00258662203112148
0.0025840924504685
0.002581774623459
0.00257966119491564
0.00257774314747005
0.00257600952165565
0.00257444735172513
0.00257304112513773
0.00257177231282464
0.00257061912389528
0.00256955604094006
0.00256855529553202
0.0025675796820599
0.00256658845612071
0.00256553652436496
0.00256437613502182
0.00256306152238876
0.00256154445671506
0.00255979028833992
0.00255777735216951
0.00255549808988715
0.00255295858770469
0.002550194149756
0.0025472468037283
0.00254416526530242
0.00254099820397281
0.00253778706975074
0.00253456082967217
0.00253133650412454
0.00252811665739756
0.002524904589177
0.00252166063267103
0.00251847259792817
0.00251491610534821
0.0025123815051742
0.00250522382513315
0.00288328877847689
0.0029000611157858
0.00291175645728358
0.00292147338946922
0.00293256278560749
0.00294602936219466
0.00296151247162659
0.00297835299862309
0.00299600182259104
0.00301406736952215
0.00303226458494749
0.00305036703263018
0.00306817982091727
0.00308552704097198
0.00310224702827893
0.00311819159471245
0.00313322708387074
0.00314723601159234
0.00316011855567813
0.00317179356736874
0.00318219903105959
0.00319129199923594
0.0031990480785134
0.00320546056361437
0.0032105393027872
0.00321430928672557
0.00321680895466046
0.00321808836339991
0.00321820658927967
0.00321722896000212
0.00321522585093824
0.00321226982804973
0.00320842629924691
0.00320376918103989
0.00319836742178566
0.00319228585221986
0.00318558227847467
0.00317830997569913
0.00317051682671657
0.00316224888960796
0.00315355165604955
0.00314446702609833
0.00313503302741079
0.00312528536760496
0.00311525759620775
0.00310498090642613
0.00309448433293595
0.00308379499770179
0.00307293822764802
0.00306193764051789
0.00305081526859035
0.00303959172357626
0.00302828634703542
0.00301691731868366
0.00300550173433069
0.00299405568261346
0.00298259433509279
0.0029711320414109
0.00295968242121497
0.00294825844401144
0.00293687249423828
0.00292553642281089
0.00291426159280348
0.00290305892322887
0.00289193892875744
0.00288091175707822
0.0028699872232046
0.00285917483872555
0.00284848383562117
0.00283792318600933
0.00282750161597873
0.00281722761400476
0.00280710943715197
0.00279715511544401
0.0027873724534764
0.00277776903113444
0.00276835220399765
0.00275912909915471
0.002750106607872
0.00274129137826268
0.0027326898074418
0.00272430802949043
0.00271615190310688
0.00270822700175501
0.0027005385972129
0.0026930916391319
0.00268589073603647
0.00267894013691685
0.0026722437072462
0.00266580490303519
0.00265962675014899
0.00265371181286925
0.00264806215101613
0.00264267927868268
0.00263756412009783
0.00263271695899214
0.00262813737635385
0.00262382418325726
0.0026197753506676
0.00261598791775982
0.00261245787285917
0.00260918003741065
0.00260614791411172
0.00260335349990323
0.00260078706566616
0.00259843692274122
0.00259628921613972
0.00259432739173756
0.0025925318718952
0.00259087957327023
0.00258934436144609
0.00258789402802635
0.00258649108269733
0.00258509308948574
0.00258365286087097
0.00258212205546307
0.00258044941309644
0.00257859277548945
0.00257652157134204
0.00257421915084701
0.00257168441406486
0.0025689416663288
0.00256602927057482
0.00256299893692127
0.00255990870803308
0.00255681357606967
0.00255375856827061
0.00255077546593465
0.00254788341481449
0.00254509153809723
0.00254240207806807
0.0025398120146518
0.00253731589594231
0.00253490027513704
0.00253256000412118
0.00253023766473913
0.00252805241504116
0.00252540506581353
0.00252425560087858
0.00251698221676164
0.0029475346604944
0.00313280287820643
0.00318953661690824
0.0032105701203928
0.00322603390476482
0.00324200204092411
0.00325867043943122
0.00327550167185317
0.00329211202972041
0.00330826925390772
0.00332380943309467
0.00333858962721673
0.0033524701042698
0.00336531189553892
0.00337698123976373
0.0033873562592095
0.00339633326692349
0.00340383148035986
0.00340979577798907
0.0034141976828982
0.00341703493146992
0.00341832990207931
0.00341812704842399
0.00341648946556226
0.0034134948506419
0.003409230914129
0.00340379111827228
0.00339727107308826
0.00338976419792821
0.00338135966784149
0.00337214344136504
0.00336219463884725
0.00335158754512994
0.00334038830816611
0.00332865873690109
0.00331645616801168
0.00330383514845101
0.00329084709676185
0.00327753870709382
0.0032639523973988
0.00325012768546415
0.00323610127972938
0.00322190682751257
0.00320757518606021
0.00319313476108727
0.0031786117052636
0.0031640301013124
0.00314941216169197
0.00313477840958523
0.00312014783283498
0.00310553802085806
0.00309096530204307
0.00307644487927238
0.00306199095234864
0.0030476168210664
0.00303333497430762
0.00301915717153438
0.00300509451895022
0.00299115754203991
0.00297735625278548
0.0029637002082932
0.00295019856125226
0.00293686010338906
0.00292369329969176
0.00291070631708003
0.00289790705026808
0.00288530314451047
0.00287290201339383
0.00286071085489879
0.00284873666463253
0.00283698623977471
0.00282546617934807
0.00281418288372312
0.00280314255225109
0.00279235117670522
0.00278181453564604
0.00277153818873618
0.00276152746312761
0.00275178743841191
0.00274232293392132
0.00273313849589537
0.00272423837713855
0.00271562651802761
0.00270730653105557
0.00269928167262492
0.00269155481157498
0.00268412840114742
0.00267700445144687
0.00267018449042439
0.00266366952204438
0.00265745999150289
0.00265155572966626
0.00264595588171182
0.00264065883876856
0.00263566215971125
0.00263096247737171
0.00262655537933452
0.00262243528571262
0.00261859530499423
0.00261502705209318
0.00261172040841252
0.00260866335292116
0.00260584154490147
0.00260323796903505
0.00260083253836626
0.00259860177448537
0.00259651830911294
0.00259454915315314
0.00259265649693986
0.00259079708672761
0.00258892355339857
0.00258698496974994
0.00258493304232182
0.00258272792706007
0.00258034222824804
0.00257776287488313
0.0025749994410014
0.00257207865512555
0.00256904523236083
0.00256595696447757
0.00256287562221041
0.00255985777483296
0.00255694803598646
0.00255417703900401
0.00255156332498976
0.00254911664252012
0.00254684169826224
0.0025447397274405
0.00254280929943759
0.00254104622463435
0.00253944359832347
0.00253799042017903
0.00253667320818918
0.00253547154275435
0.00253436708625352
0.00253331982336181
0.00253232948567932
0.00253123006009196
0.00253062881428017
0.00252703668568104
0.00364491462900878
0.0034773077801673
0.00345520604554096
0.0034715045649148
0.00349229770260376
0.00351114518070444
0.00352792693723612
0.00354312527023708
0.00355697537394693
0.00356953310560511
0.00358076641729188
0.00359059651915193
0.00359892075319771
0.00360563147195862
0.00361063251978512
0.00361385201299659
0.00361525055932698
0.00361482489372537
0.00361260737995339
0.00360866217403339
0.00360307906923216
0.00359596616093044
0.00358744235296348
0.00357763066804212
0.00356665301172213
0.00355462623035811
0.00354166052865512
0.00352785899692269
0.00351331742911772
0.00349812472269402
0.00348236234364685
0.00346610569338425
0.00344942426751452
0.00343238208103858
0.00341503772312812
0.00339744407470743
0.00337964926640039
0.00336169753050255
0.0033436291472363
0.00332548041677088
0.00330728414109884
0.00328907008895411
0.00327086524381143
0.00325269403082848
0.00323457857609214
0.00321653894939014
0.00319859338169049
0.00318075846730803
0.00316304935049181
0.0031454798910967
0.00312806281026087
0.00311080982190213
0.00309373175425314
0.00307683865978561
0.00306013991426563
0.00304364430340482
0.003027360093999
0.00301129509738026
0.00299545672711147
0.00297985205117634
0.00296448783522742
0.00294937058286983
0.00293450657026072
0.00291990186587901
0.00290556234713354
0.00289149371564199
0.00287770150916102
0.00286419110678531
0.00285096773575851
0.00283803647573412
0.00282540224858869
0.00281306980791298
0.00280104373075352
0.00278932840812494
0.00277792802931507
0.00276684656955377
0.00275608777759182
0.00274565515043957
0.00273555190934191
0.00272578098126267
0.0027163449799924
0.00270724617378425
0.00269848645632091
0.00269006732274671
0.0026819898247715
0.00267425452392731
0.00266686144936708
0.00265981005289812
0.00265309914134975
0.00264672680391613
0.00264069034890152
0.00263498620458277
0.00262960979726964
0.00262455542819836
0.0026198161191477
0.00261538342688351
0.00261124721380765
0.00260739543528064
0.00260381379552233
0.00260048542056972
0.002597390409492
0.00259450568289005
0.00259180354455961
0.00258925174035164
0.00258681289434195
0.00258444432977655
0.00258209892182275
0.00257972709529708
0.00257728274788106
0.00257472824760536
0.00257203819045872
0.00256920493758186
0.00256623941092623
0.00256317191934699
0.00256005082525386
0.00255693615494193
0.0025538903677461
0.00255096871713884
0.00254821336032832
0.00254565245601708
0.00254330267054174
0.00254117314972495
0.0025392683647132
0.00253758986791812
0.00253613707688358
0.0025349073674214
0.0025338960530703
0.00253309617916193
0.00253249847820451
0.00253209109775289
0.00253185995084189
0.00253178740616083
0.00253185412157514
0.00253203600062861
0.00253230219348789
0.00253264827707922
0.00253288565722427
0.0025336222943826
0.0025327562012595
0.00239674435819305
0.00367073095063179
0.00369180101557415
0.00370865500587413
0.00372423258759655
0.00373937980395748
0.00375341641712255
0.00376578687039225
0.00377634139201836
0.00378509794557871
0.00379206476089386
0.00379719312516051
0.00380039572825541
0.00380158042566814
0.00380067860865837
0.00379766298815368
0.0037925548081022
0.00378542219244726
0.00377637221047762
0.00376553959627834
0.00375307491287267
0.00373913428541887
0.00372387197616331
0.00370743590544368
0.0036899656943131
0.00367159209571173
0.00365243693205655
0.00363261295602736
0.00361222371160277
0.00359136385866084
0.00357011938038024
0.00354856787347085
0.00352677902377952
0.0035048151320927
0.00348273204675803
0.00346057987658722
0.00343840324066487
0.00341624172511035
0.00339413056062141
0.00337210111545734
0.00335018120107239
0.00332839541596056
0.00330676553291409
0.00328531083933106
0.00326404842666125
0.00324299345164595
0.00322215937560656
0.00320155817903931
0.00318120055789318
0.0031610960995762
0.00314125343338268
0.00312168036571236
0.00310238399939957
0.00308337083947658
0.0030646468834385
0.0030462177055035
0.00302808852990437
0.00301026428257725
0.002992749638637
0.00297554906510057
0.00295866685814361
0.00294210716837402
0.00292587402816203
0.00290997137395871
0.0028944030464476
0.00287917279260414
0.00286428426994064
0.00284974104790538
0.00283554659961324
0.00282170429926031
0.00280821741661863
0.00279508908981073
0.00278232230294706
0.00276991987029538
0.00275788441956129
0.00274621836511406
0.00273492388769828
0.00272400291449472
0.00271345708049808
0.00270328769537065
0.00269349571862383
0.00268408173149238
0.00267504588463464
0.00266638785209218
0.00265810679373554
0.00265020128657737
0.00264266925388238
0.00263550789414567
0.00262871359676316
0.00262228181855736
0.00261620695167642
0.00261048220526937
0.00260509942690197
0.00260004888821072
0.00259531903961069
0.00259089618478347
0.00258676413448258
0.00258290380263358
0.00257929284859866
0.00257590478034815
0.00257270878455895
0.00256966904089878
0.00256674470182753
0.00256389018274407
0.00256105856209199
0.00255820616460006
0.00255529749535912
0.00255230963875387
0.00254923634653624
0.00254608913843902
0.00254289893769966
0.002539714032021
0.00253659375275308
0.00253359883170548
0.00253078211839299
0.00252818318086268
0.00252582762823714
0.00252372997901579
0.00252189727581196
0.00252033212129387
0.0025190345667979
0.0025180028994831
0.00251723381265545
0.00251672225855887
0.00251646134013699
0.00251644237433502
0.00251665503323785
0.00251708758685392
0.00251772698073059
0.00251855891388477
0.00251956746022089
0.00252073535117289
0.0025220422510903
0.00252346715744653
0.00252498415190948
0.00252655866463161
0.00252820079827798
0.00252963733490043
0.00253187558870909
0.00253117012157779
0.00218675834024185
0.00371406909397003
0.00389355760238537
0.00393489568017063
0.0039462253968821
0.00395375929084345
0.00396046196859481
0.00396587943057213
0.00396964057838682
0.00397153753419401
0.00397139430949993
0.00396904994717416
0.00396438373882929
0.00395733813845441
0.00394792752480027
0.00393623330564954
0.00392238989353204
0.00390656704994836
0.00388895327606507
0.003869743024492
0.00384912836760853
0.00382729415008176
0.00380441520848755
0.00378065457169381
0.00375616229270088
0.00373107487536914
0.00370551540177625
0.00367959402936711
0.00365340873379914
0.00362704619418979
0.00360058275305465
0.00357408541785614
0.00354761280499011
0.00352121596117267
0.00349493925921699
0.0034688212636657
0.00344289537085851
0.00341719034720575
0.00339173089927208
0.00336653821949915
0.00334163043791778
0.0033170230141813
0.00329272909718464
0.00326875984643643
0.00324512472055969
0.0032218317293476
0.00319888765644955
0.00317629825182482
0.0031540684085846
0.00313220231634654
0.0031107035808223
0.00308957533511123
0.00306882033743666
0.00304844105577782
0.00302843973326561
0.00300881845328346
0.00298957919405847
0.00297072385353451
0.00295225427685281
0.00293417228261603
0.00291647968500177
0.00289917829921297
0.00288226995508069
0.0028657565058003
0.002849639804574
0.0028339216909967
0.00281860398478932
0.00280368847698421
0.00278917690629767
0.0027750709465541
0.00276137219135451
0.00274808210845073
0.00273520200674288
0.00272273301414935
0.00271067605243039
0.00269903179467152
0.00268780063424558
0.00267698265736486
0.00266657759077512
0.00265658475877286
0.00264700304666961
0.00263783085239986
0.00262906599790701
0.00262070565455554
0.00261274628497387
0.00260518353848225
0.00259801213060484
0.00259122570447181
0.00258481666112631
0.00257877593804551
0.00257309276368293
0.00256775444116819
0.00256274602581454
0.00255804994081115
0.00255364545536313
0.00254950807659135
0.00254560913134618
0.00254191521574346
0.00253838810074363
0.00253498537654617
0.0025316633239591
0.002528381030306
0.00252510494683274
0.00252181385054336
0.00251850141806026
0.00251517870030469
0.00251187504932322
0.00250863588287343
0.00250551658078197
0.00250257354413012
0.0024998557956065
0.00249739998134124
0.00249522969760702
0.00249335775364791
0.00249178937893863
0.00249052501191232
0.00248956211051366
0.00248889620657335
0.0024885214335494
0.00248843070214048
0.00248861570826851
0.00248906689682975
0.00248977351561388
0.00249072374263984
0.00249190486347524
0.00249330344534582
0.0024949054385021
0.00249669625998287
0.00249866074307349
0.00250078314905112
0.00250304670689364
0.00250543396108077
0.00250792474314505
0.00251049971857639
0.00251313238785655
0.00251579643709626
0.00251847783635166
0.00252101219345542
0.00252402090440695
0.00252480400594264
0.00253386724959696
0.00428685284774006
0.00412915544524584
0.00411431705621782
0.00412145483620146
0.00412524532359984
0.0041253469771994
0.00412337048873024
0.00411967191439019
0.00411399161408114
0.00410599748617876
0.00409546491383104
0.00408230556599363
0.00406655245938666
0.00404833242276356
0.00402783623908377
0.00400529222949114
0.00398094591673162
0.00395504555120261
0.0039278320694511
0.00389953233307294
0.00387035504979438
0.00384048885389586
0.00381010201939743
0.00377934313829517
0.00374834232333575
0.00371721267800423
0.00368605188389491
0.00365494381039251
0.00362396006672045
0.00359316146487484
0.00356259943834589
0.00353231735976985
0.00350235161511003
0.00347273250863382
0.00344348508665349
0.00341462986199963
0.00338618343487483
0.00335815905647289
0.00333056715275661
0.00330341578343618
0.00327671104184861
0.00325045739047196
0.00322465793905077
0.00319931469783119
0.00317442879547167
0.00315000066807938
0.00312603021416715
0.00310251694102578
0.00307946008585052
0.00305685869341709
0.00303471169551802
0.00301301798108436
0.00299177645549899
0.00297098607629123
0.00295064589645279
0.0029307550976112
0.00291131298296674
0.0028923189829726
0.00287377266498415
0.00285567374021699
0.00283802204647796
0.00282081754700353
0.00280406032540681
0.00278775053679761
0.0027718883800182
0.00275647408260066
0.00274150788097071
0.00272698997690332
0.00271292051358293
0.00269929955266466
0.00268612701223593
0.00267340262614669
0.00266112591427916
0.00264929614225252
0.00263791225357299
0.00262697282528095
0.00261647603729082
0.00260641960658452
0.00259680072506399
0.00258761598976677
0.00257886130899914
0.0025705317510278
0.0025626214282755
0.00255512340811635
0.00254802954214706
0.00254133022117895
0.00253501409555972
0.00252906775316423
0.00252347535412351
0.0025182181645062
0.00251327423814554
0.00250861789975606
0.00250421914609762
0.0025000433544387
0.00249605198719005
0.00249220503183347
0.00248846472041985
0.00248479975652296
0.0024811894747521
0.00247762654222976
0.0024741195957258
0.00247069433620815
0.0024673916716977
0.00246426185223572
0.00246135602361931
0.00245871815582684
0.00245638050249668
0.00245436327637784
0.00245267686033991
0.00245132464406836
0.00245030532854335
0.00244961445448873
0.00244924528806574
0.00244918929847124
0.00244943644596636
0.00244997537655211
0.00245079383508672
0.00245187917579041
0.00245321851614788
0.00245479862867134
0.00245660581792654
0.0024586259314669
0.00246084449312271
0.0024632468799417
0.00246581846355992
0.00246854466723838
0.0024714110046416
0.00247440299680704
0.00247750618613818
0.00248070564693861
0.00248398642245388
0.00248733126699416
0.00249072534814251
0.00249414370284597
0.00249757537499001
0.00250096554864123
0.00250436161436659
0.00250754303972775
0.00251078290453906
0.00251322498203367
0.00428073276256117
0.00428385828961019
0.00427584401944974
0.00426516739212969
0.0042557471512842
0.00424714947814218
0.00423793790298885
0.00422698489330567
0.00421359269578763
0.00419738572555861
0.00417822929242842
0.00415617366596998
0.00413140305995926
0.00410418759106726
0.00407484260737972
0.00404369768987021
0.00401107511575836
0.00397727642464751
0.00394257526632125
0.00390721462890973
0.00387140681614785
0.00383533500546063
0.00379915563937463
0.00376300116262002
0.00372698281055419
0.00369119326313415
0.00365570908686087
0.00362059296893207
0.00358589573308143
0.0035516581155568
0.00351791242625703
0.00348468406417369
0.00345199267057441
0.00341985297516051
0.00338827550837645
0.00335726726526481
0.00332683230750145
0.00329697230116735
0.00326768699932594
0.00323897465481241
0.00321083238063438
0.00318325643400261
0.00315624243009992
0.00312978554161711
0.00310388066576315
0.00307852256607753
0.00305370597703758
0.00302942571158226
0.00300567674315056
0.00298245423365219
0.00295975357778975
0.00293757044357085
0.00291590080420229
0.00289474093914939
0.00287408745330393
0.00285393728766521
0.00283428767774112
0.00281513613880894
0.00279648046014597
0.00277831869571564
0.00276064911836795
0.002743470202115
0.00272678060584907
0.00271057910092485
0.00269486453333396
0.00267963579950715
0.00266489180989266
0.00265063141692174
0.00263685338074833
0.00262355634858507
0.00261073878279391
0.00259839891103893
0.00258653467579284
0.00257514366232367
0.00256422299355714
0.0025537692780474
0.0025437785879891
0.00253424636817448
0.00252516731561871
0.00251653522612864
0.0025083428198508
0.0025005814955682
0.00249324116796304
0.00248631011654527
0.00247977466216003
0.00247361862781402
0.00246782289303644
0.00246236490928511
0.00245721822428715
0.00245235228750046
0.00244773316839072
0.00244332533840672
0.00243909464265764
0.00243501207923568
0.00243105741904923
0.00242722208357549
0.00242351147204435
0.00241994587312564
0.00241655910306157
0.00241339386134385
0.00241049464213952
0.00240790050959434
0.00240564031391175
0.00240373140406051
0.00240218113416552
0.00240098929458048
0.00240015108140553
0.00239965928708405
0.00239950510464925
0.00239967815078639
0.00240016639950888
0.00240095634907604
0.00240203340150827
0.00240338231170549
0.0024049875680966
0.00240683358104183
0.00240890508289324
0.00241118738475376
0.00241366600064259
0.00241632633055555
0.0024191536884225
0.00242213353014388
0.00242525168993426
0.00242849454109856
0.00243184906032318
0.00243530280514525
0.00243884389942988
0.00244246092502106
0.00244614295767996
0.00244987909003748
0.0024536589787524
0.00245747057957763
0.00246130532126264
0.00246514316852915
0.00246898688282972
0.00247276569654317
0.0024766489323326
0.00247994176731429
0.00248473000484136
0.00248371075584838
0.00427445532388693
0.00439719789418696
0.00438512319447695
0.00436109321011973
0.00434350087434902
0.00432863230041436
0.00431285612207151
0.00429449363436865
0.00427287492571692
0.00424781141159521
0.00421940374093566
0.00418794197865781
0.00415382560887109
0.004117498875544
0.00407940510881673
0.00403995896143036
0.00399953228809052
0.00395844906105025
0.00391698573386675
0.00387537456010963
0.00383380824273075
0.00379244494523638
0.00375141313721964
0.00371081601757282
0.00367073545208434
0.00363123539200206
0.00359236479974917
0.00355416019165966
0.00351664784605853
0.00347984566227787
0.00344376489632993
0.00340841173443816
0.00337378836944327
0.00333989366791809
0.00330672369396285
0.00327427223785687
0.00324253132825603
0.00321149169927933
0.00318114320492572
0.0031514751562909
0.00312247661365147
0.00309413659433625
0.00306644420287188
0.00303938876519159
0.00301295993487677
0.00298714777874689
0.00296194282068113
0.00293733610472014
0.00291331923491957
0.0028898843500837
0.00286702413437502
0.00284473182863223
0.00282300123247729
0.00280182666364271
0.00278120295060004
0.00276112542310136
0.00274158983788884
0.00272259234759363
0.00270412947831765
0.0026861980979512
0.00266879533177599
0.00265191852901707
0.00263556524680154
0.00261973316232928
0.00260442002608063
0.00258962361719235
0.00257534167668252
0.00256157179894711
0.00254831140174506
0.00253555773234931
0.00252330778815992
0.00251155823282308
0.00250030528931327
0.00248954461601501
0.00247927116460459
0.00246947914645932
0.00246016202583471
0.0024513123382794
0.00244292141722658
0.00243497908896763
0.002427473401878
0.00242039025391902
0.00241371321033086
0.00240742321874919
0.00240149800020809
0.00239591152100147
0.00239063435718727
0.00238563529331072
0.00238088390316069
0.00237635374711417
0.00237202533560393
0.00236788862378254
0.00236394522714582
0.00236020971672595
0.00235670862801834
0.00235347641980815
0.00235054925472107
0.00234795867173432
0.00234572800966298
0.00234387130126528
0.00234239387838207
0.00234129393209113
0.0023405644048933
0.00234019474841612
0.00234017226650294
0.00234048267995773
0.00234111134262094
0.00234204336570763
0.00234326301009215
0.00234475353385162
0.00234649758360148
0.00234847772457949
0.00235067683745776
0.00235307834599951
0.00235566628452796
0.00235842531004546
0.0023613408226911
0.00236439880855292
0.00236758530481653
0.00237088659100216
0.00237428964780919
0.00237778241485092
0.00238135382634445
0.00238499377055029
0.00238869303914719
0.00239244326964587
0.00239623694586411
0.00240006732541146
0.00240392854179576
0.00240781518113381
0.00241172293862505
0.00241564662427485
0.00241958468205391
0.00242352582418845
0.00242748091160994
0.0024314057476476
0.00243540462721454
0.00243910386456777
0.00244367862862506
0.00244456571480474
0.00466476231795285
0.00446913383578992
0.00442452525037656
0.00440834920387894
0.00439269049000754
0.00437375824180806
0.00435109969535505
0.00432439862438449
0.00429352913385581
0.00425868663360939
0.00422032719847769
0.00417904514462289
0.00413546877813741
0.00409019435929115
0.00404375279411645
0.00399659795207846
0.00394910720097251
0.00390158793132459
0.00385428649373846
0.00380739754274639
0.00376107274589748
0.00371542843749488
0.00367055211836914
0.00362650785298062
0.00358334074945566
0.00354108063299039
0.00349974503809135
0.00345934173139674
0.00341987084723358
0.0033813266073058
0.00334369897427747
0.00330697517292061
0.00327114057225619
0.00323617906423754
0.00320207332239671
0.00316880514493138
0.00313635583555662
0.00310470656567782
0.00307383869458829
0.00304373400823266
0.00301437492586918
0.00298574461720742
0.00295782703723614
0.00293060699000172
0.00290407016813702
0.00287820317504687
0.00285299349833173
0.00282842952638197
0.00280450054928487
0.00278119668284663
0.00275850884993984
0.00273642876030627
0.00271494887553168
0.00269406231578774
0.00267376282678343
0.00265404476177193
0.0026349029825641
0.00261633281289646
0.0025983299866875
0.00258089058021469
0.00256401087960933
0.0025476873473011
0.00253191663586977
0.00251669549255399
0.00250202068376905
0.00248788889800714
0.00247429663669372
0.00246124008035276
0.00244871510948819
0.00243671736982457
0.0024252421476035
0.00241428417560042
0.00240383742290209
0.00239389492793848
0.00238444865374942
0.00237548951382353
0.00236700731801614
0.002358990314779
0.00235142465806462
0.00234429397088138
0.00233757907197813
0.00233125775416965
0.00232530526177663
0.00231969537147486
0.0023144019202128
0.00230940108559671
0.00230467392558689
0.00230020891056879
0.00229600390973839
0.00229206729127539
0.00228841752249019
0.00228508022853933
0.00228208325541138
0.00227945135432876
0.00227720223493018
0.00227534499595012
0.0022738806442624
0.00227280377114837
0.00227210519693303
0.00227177286638837
0.00227179219008867
0.00227214665425674
0.00227281856332416
0.00227378970372132
0.00227504170848448
0.00227655634253448
0.00227831608393552
0.00228030312848261
0.00228249907680386
0.00228488570075845
0.00228744566815139
0.00229016279861428
0.0022930220157949
0.00229600924494168
0.00229911125476265
0.00230231590690139
0.00230561101470864
0.00230898449001917
0.00231242493534278
0.00231592252915422
0.00231946912575473
0.00232305791144623
0.0023266830949366
0.0023303397912204
0.00233402401731756
0.0023377327000368
0.00234146372362407
0.00234521588964837
0.00234898906442735
0.00235278377493786
0.00235660194893614
0.00236044538064086
0.00236431936342502
0.002368222382562
0.00237217049885863
0.00237615680432853
0.00238014881672209
0.00238443380114082
0.00238794502158825
0.00236707296410567
0.00455163187840683
0.00447589895559138
0.00444798220874905
0.00443088608653583
0.00441076537024871
0.00438522601887937
0.00435415890786803
0.00431772750442613
0.00427637842123908
0.00423085340730913
0.00418204549453549
0.00413084891412412
0.00407806792766381
0.00402438066059574
0.00397033611121865
0.0039163665643188
0.00386280509632949
0.00380990328760853
0.00375784728388119
0.0037067715074859
0.00365676988738329
0.00360790484325577
0.00356021437262301
0.00351371758098985
0.00346841905869745
0.00342431231149011
0.00338138243464905
0.00333960832721425
0.00329896453146251
0.00325942262534075
0.00322095266691333
0.0031835245848475
0.00314710878414906
0.00311167615466628
0.00307719800511527
0.00304364618722674
0.00301099332121357
0.00297921303016263
0.00294828014544948
0.00291817082964631
0.00288886269071513
0.00286033480577793
0.00283256765817857
0.00280554312999066
0.00277924446748644
0.00275365623083034
0.0027287641879928
0.0027045552899955
0.00268101764732626
0.00265814041149087
0.00263591372672988
0.0026143286632752
0.00259337713025317
0.0025730517201613
0.00255334566587619
0.00253425284379824
0.00251576765787055
0.00249788495767884
0.00248059992393487
0.00246390795441954
0.00244780449354814
0.00243228505122764
0.00241734529369199
0.00240298091448359
0.0023891874617421
0.00237596014882939
0.00236329373381554
0.00235118241831097
0.00233962000367649
0.00232859999801839
0.00231811529807577
0.00230815776555144
0.00229871792940405
0.00228978486225774
0.00228134609989535
0.00227338773506549
0.00226589409375059
0.00225884691525916
0.00225222511792425
0.00224600572352174
0.00224016567623585
0.00223468377980477
0.00222954269251458
0.00222473045094394
0.00222024167222633
0.00221607876417467
0.00221225207364486
0.0022087779871615
0.00220567506072943
0.00220295981924896
0.00220064398060489
0.00219873245091999
0.00219722291337233
0.00219610695952863
0.00219537182133355
0.00219500199505569
0.00219498034029365
0.00219528908272979
0.00219590993367676
0.00219682298301467
0.00219800746124344
0.00219944296351779
0.00220111005078699
0.00220299038774123
0.00220506642182646
0.00220732212544961
0.00220974049303742
0.00221230353246463
0.00221499453290763
0.00221779916936568
0.00222070517508746
0.0022237017099519
0.00222677896216713
0.0022299280172856
0.00223314073480515
0.00223641045329344
0.00223972763371024
0.00224308426310204
0.00224647530765654
0.0022498977923851
0.00225334974215091
0.00225682969489503
0.00226033662811183
0.00226387006103005
0.00226743015885619
0.00227101776947866
0.00227463447053919
0.00227828255054099
0.00228196522116005
0.00228568614948583
0.00228945059240791
0.00229326433128494
0.00229713693750951
0.00230107252029366
0.00230509128548831
0.00230919887319244
0.00231332086214413
0.00231799357639471
0.00232153807793056
0.00184870120006578
0.00435348855223547
0.00443622462043858
0.00444707146924053
0.00442832295332644
0.00439962580025912
0.00436447726263505
0.00432276964671882
0.00427485910268649
0.00422181646937402
0.00416498345869432
0.00410564909228471
0.00404490658625972
0.00398362140067739
0.00392245056269037
0.00386187848145705
0.00380225327444991
0.0037438179668108
0.00368673565179711
0.00363110942973534
0.00357699792486792
0.00352442709041711
0.00347339907211654
0.00342389881140658
0.00337589892328992
0.00332936340415626
0.00328425040749354
0.00324051429480757
0.00319810732055556
0.00315698100654375
0.003117087059859
0.0030783785177191
0.00304081096672515
0.00300434282522347
0.00296893492967305
0.00293455010607688
0.00290115305539139
0.00286871040641698
0.00283719080307014
0.00280656497952735
0.002776805758484
0.00274788808001699
0.00271978894358614
0.00269248725043486
0.0026659637190018
0.00264020075923571
0.00261518233894144
0.00259089379548543
0.00256732179195609
0.0025444542998187
0.00252228044196053
0.00250079039102795
0.00247997522004167
0.00245982675352127
0.00244033736050173
0.00242149995369754
0.00240330806198273
0.00238575567439361
0.00236883705666756
0.00235254653395018
0.00233687836927413
0.00232182661434716
0.00230738528777083
0.0022935485606533
0.00228031046189245
0.00226766449354251
0.00225560338235958
0.00224411908786366
0.0022332028290019
0.0022228454458141
0.00221303733535671
0.002203767652198
0.00219502365388836
0.00218679055119398
0.00217905168959719
0.00217178884874815
0.00216498314717852
0.00215861546676463
0.00215266685267891
0.00214711986591694
0.00214196060397437
0.00213718053446019
0.0021327773780966
0.00212875524276494
0.00212512257120886
0.00212188885644895
0.00211906182796237
0.00211664542861266
0.00211463874272809
0.00211303558712724
0.00211182574775102
0.00211099526767562
0.00211052616035165
0.00211039802888654
0.00211058999816501
0.00211108165298561
0.00211185319593794
0.00211288536699763
0.0021141598849535
0.00211565566281377
0.00211735116194885
0.00211922752245175
0.00212126872015069
0.00212346059250597
0.00212579017879682
0.00212824520987293
0.00213081565707377
0.00213348536840513
0.00213624094413178
0.00213907375240718
0.00214197754698123
0.00214494689445764
0.00214797676928885
0.00215106258852861
0.00215420030369826
0.00215738634952925
0.00216061821839613
0.00216389011457157
0.00216719793902727
0.00217053987069128
0.00217391501213184
0.00217732283916726
0.00218076315058819
0.00218423611445708
0.00218774233587188
0.00219128289953791
0.00219485936989312
0.00219847386701262
0.00220212914943306
0.00220582892327466
0.00220957761553793
0.00221338142891824
0.00221724783409848
0.00222118814210393
0.00222520969122272
0.00222933663631216
0.00223358032399965
0.00223791227549961
0.00224271019252007
0.00224706994908426
0.00179787430943545
0.00427899697387777
0.00442907775766975
0.00442639919952016
0.00439640471781942
0.00435800079720415
0.00431139351423693
0.00425678265906097
0.00419568342896838
0.00413008923773546
0.00406186581752596
0.00399250990057659
0.0039231255354861
0.00385448746592914
0.00378712036562945
0.00372136682159577
0.00365743890761988
0.0035954556479675
0.00353547009712079
0.0034774892804974
0.00342148884301091
0.00336742358021244
0.00331523490073282
0.00326485605975759
0.00321621577222646
0.00316924083568455
0.00312385796239677
0.00307999499776347
0.00303758192641999
0.00299655166299329
0.0029568403836855
0.00291838831865053
0.00288114080253889
0.00284504822402753
0.00281006516606588
0.00277614959174792
0.0027432624725032
0.00271136764461988
0.00268043172776094
0.00265042406425209
0.00262131660085493
0.00259308386112132
0.00256570283017834
0.00253915269661435
0.00251341466319631
0.0024884717003942
0.00246430833254929
0.0024409103877588
0.00241826498986751
0.00239636058943414
0.00237518673648461
0.00235473385591248
0.00233499297696456
0.00231595556587573
0.00229761332829229
0.00227995835820344
0.00226298330770803
0.00224668107089528
0.00223104438932122
0.00221606556834875
0.00220173651054555
0.00218804869020486
0.00217499362871753
0.00216256301905702
0.00215074796287453
0.00213953835219806
0.00212892282546064
0.00211888914644563
0.00210942436837808
0.00210051533771963
0.00209214792926969
0.00208430577581356
0.00207697045436763
0.00207012297241072
0.00206374535363664
0.00205782160518135
0.00205233877834602
0.00204728635808559
0.00204265635591989
0.00203844445284444
0.00203465018754958
0.00203127532296932
0.00202832112190463
0.00202578673441165
0.00202366586626842
0.00202194642640893
0.0020206127986947
0.00201964771618567
0.00201903310843365
0.00201874991541378
0.00201878016641492
0.00201910162817424
0.00201969026208138
0.00202052445852405
0.00202158573656687
0.00202285766052552
0.00202432490205208
0.0020259731368539
0.00202778856628872
0.0020297504801406
0.00203184453120004
0.00203406115628423
0.00203639232419816
0.00203883036565672
0.00204136797685924
0.00204399823261125
0.00204671586973025
0.00204951033391467
0.00205237333640502
0.00205529963995873
0.00205828496760553
0.0020613255953264
0.00206441831607927
0.00206756032871674
0.00207074912961186
0.00207398213283988
0.00207725905730002
0.00207857694239332
0.00207916194914735
0.00207978883157657
0.00208055958049609
0.0020815452188239
0.00208279555040111
0.00208434561782736
0.00208622217089398
0.00208845111415373
0.00209106154283188
0.00209408536157601
0.00209756156972694
0.00210153870767006
0.00210609142415845
0.00211130844600162
0.00211736591829879
0.00212441148342929
0.00213286985968818
0.00214302972198079
0.00215057488453213
0.00215509970262898
0.00215987900259228
0.00216481173439513
0.00206555473631208
0.00457194942800897
0.0044053428115254
0.00436887502010101
0.00433478886426645
0.00428615693854273
0.00422516184654999
0.00415528874764737
0.00407983287889659
0.00400159330772406
0.00392266000301493
0.00384444607276345
0.00376784536616189
0.00369339349886804
0.00362138947765559
0.0035519777037353
0.00348520145561808
0.00342103790020281
0.00335942160606249
0.00330026104961873
0.00324345020600856
0.00318887638316779
0.00313642535442573
0.00308598462107449
0.00303744537165098
0.00299070377437055
0.0029456617022373
0.00290222699426259
0.0028603136866695
0.00281984213680803
0.00278073868551959
0.00274293608681378
0.00270637444247728
0.00267100084770494
0.00263676808067724
0.00260363337481498
0.00257155774911713
0.00254050562692751
0.00251044457094139
0.00248134511117968
0.00245318054879767
0.00242592692839041
0.0023995628884185
0.00237406925768248
0.00234942870132526
0.00232562533916572
0.00230264451433665
0.00228047254520488
0.00225909685278374
0.00223850605551321
0.00221868954745766
0.00219963705008176
0.00218133826908366
0.00216378288218846
0.00214696045865886
0.00213086090747952
0.00211547462602648
0.00210079174221998
0.00208680148738507
0.0020734921246367
0.00206085143014566
0.00204886680864418
0.00203752614738297
0.00202681729305451
0.0020167265072888
0.00200723806834545
0.0019983350053206
0.00199000003697363
0.00198221593111727
0.00197496655588222
0.0019682352512709
0.00196200408515069
0.00195625563500234
0.0019509752054094
0.0019461518223986
0.00194177797378824
0.00193784890256269
0.00193435803395154
0.00193129625981675
0.00192865324602886
0.0019264177137641
0.00192457684214865
0.0019231158026976
0.00192201858191464
0.00192126227984969
0.00192082299795746
0.0019206798104515
0.00192081442040039
0.00192120984168941
0.00192184931286803
0.00192271877889258
0.00192379505476439
0.00192505968477075
0.001926499959385
0.001928105332552
0.00192986572981027
0.00193177138346476
0.00193381333287406
0.00193598285652858
0.00193826703659673
0.00194065600268905
0.00194314213058429
0.0019457188485386
0.00194838034343197
0.00195112150602729
0.00195393700274735
0.00195682659949614
0.00195667530362313
0.00195563005421667
0.00195454566598234
0.00195355515529857
0.0019527364763486
0.00195213499766718
0.00195177835319046
0.00195168360943044
0.00195185905063471
0.00195231282030586
0.00195303071923172
0.00195398635736171
0.00195516841784873
0.00195658428823595
0.00195825217471978
0.00196019192726507
0.0019624211251743
0.0019649538362505
0.00196780716435212
0.00197100482449196
0.00197457496295941
0.00197855268667318
0.00198298195653822
0.00198792916344363
0.00199347900555217
0.00199979154786349
0.00200699832501227
0.00201555712308583
0.0020254454835254
0.00203863430699841
0.00205101362720592
0.0020696700622242
0.00206632394258475
0.00207957314670103
0.00444248099322725
0.00436822344066058
0.00430936347647716
0.0042512147089014
0.00418308100902361
0.00410377558543985
0.00401704273409494
0.00392714630204082
0.00383719669167359
0.00374907077447802
0.00366378029967638
0.00358181356873133
0.00350335813618377
0.00342843054804833
0.00335694993100051
0.00328878044152278
0.00322375657760344
0.00316169901920616
0.00310242531719186
0.00304575699884651
0.00299152383497615
0.00293956612463417
0.002889735691865
0.00284189601912457
0.00279592211429652
0.00275170006331342
0.00270912625988005
0.002668106788611
0.00262855682166627
0.0025903995649343
0.00255356637411953
0.00251799768120905
0.00248364239579502
0.0024504561360358
0.00241839951688551
0.00238743709664483
0.00235753671554121
0.00232866908444114
0.00230080759408938
0.00227392811740474
0.00224800906292704
0.00222303117279967
0.00219897685696949
0.00217582962252642
0.00215357365002376
0.00213219372949773
0.00211167510886774
0.00209200389287059
0.00207316708498805
0.00205515171346976
0.0020379441702378
0.00202153009693294
0.00200589484078733
0.00199102352470619
0.00197690192104684
0.00196351607079515
0.0019508507540702
0.00193888905693986
0.00192761311111388
0.00191700517433446
0.00190704756605222
0.00189772386258512
0.00188901654342063
0.00188090533161202
0.00187336872149966
0.00186638621811604
0.00185993933038566
0.00185401126653271
0.00184858769319539
0.00184365242795866
0.00183918849141871
0.00183518116942394
0.00183161847363825
0.00182848935302913
0.00182578207156215
0.0018234832213529
0.00182157159771457
0.00182002504617701
0.00181882408950136
0.00181795114658516
0.00181738923369708
0.00181712158451117
0.00181713159696129
0.00181739418145199
0.00181789092384899
0.00181860811372595
0.00181953332093105
0.00182065440311267
0.00182195937164835
0.00182343897650314
0.00182507985552984
0.00182686805872554
0.00182879220082227
0.00183084272326592
0.00183301134872633
0.00183529075728469
0.00183767506059111
0.00183932361338219
0.0018374826828305
0.00183546114293235
0.00183346082531019
0.00183160054698246
0.00182994729435066
0.00182854061206434
0.00182739677737834
0.00182653883956391
0.00182592261595269
0.00182550447305357
0.00182527072778946
0.00182523145515032
0.00182540048542843
0.00182578782115018
0.00182640184072957
0.00182724985936872
0.00182833961195598
0.00182966772014389
0.00183134979740907
0.00183341192276831
0.00183579773143073
0.00183845877444674
0.0018413641493157
0.00184449730208909
0.001847849625907
0.0018514159535499
0.00185520241551095
0.00185922374957586
0.00186349728326141
0.00186804466924547
0.00187289341472682
0.00187808810362151
0.00188369092167679
0.00188981574355373
0.001896549599464
0.00190430727177555
0.00191279582784725
0.00192523595012375
0.00193421688559815
0.00197233205507537
0.00192799269714108
0.00198101990265512
0.0042736992053856
0.00428449285295258
0.00421601450451974
0.00413641718882636
0.0040455242735228
0.00394524000226567
0.00384122165715198
0.00373809609382072
0.0036384450968475
0.0035433946184603
0.00345328237015695
0.00336806840095458
0.00328754347672951
0.00321142818657801
0.00313941972397867
0.0030712145218035
0.00300651951214761
0.00294505803524934
0.00288657350167421
0.00283083135872988
0.00277761946278307
0.0027267473894729
0.0026780451421283
0.00263136145200297
0.00258656222433978
0.00254352890231901
0.00250215659214447
0.0024623525225068
0.00242403469173262
0.00238713012341803
0.00235157480231389
0.00231731474243345
0.00228430521387456
0.00225250846455801
0.00222189137034064
0.00219242388902724
0.00216407816743805
0.00213682816490464
0.00211064963514281
0.00208552002096525
0.00206141868376197
0.00203832652118465
0.00201622487206199
0.00199509484880614
0.00197491721293148
0.00195567277226317
0.00193734234222816
0.00191990755757766
0.00190335040746656
0.00188765164457398
0.001872790379425
0.00185874481587223
0.00184549335387124
0.00183301452169284
0.00182128832430099
0.00181029414846185
0.00180000874219069
0.00179040724125949
0.00178146518765246
0.00177315972107327
0.0017654688833715
0.00175837332404585
0.00175185043307325
0.0017458749980196
0.00174042344030885
0.0017354757976331
0.00173101502558076
0.00172702544158054
0.00172349245661843
0.00172039404579431
0.00171770784698769
0.00171541482637506
0.001713497924615
0.00171194017118424
0.00171072445690626
0.00170983262844795
0.00170923897233276
0.00170892409269948
0.00170887270876243
0.00170907053838345
0.00170950394823052
0.00171015995750905
0.0017110271122449
0.00171209032941166
0.00171333233171454
0.00171473921820932
0.00171629955507485
0.00171800395010571
0.00171984319256256
0.00172181772949003
0.00171989034154135
0.00171722646722679
0.00171455626034901
0.0017120280536032
0.0017097264014009
0.00170769941824675
0.00170596748076415
0.00170454340261067
0.00170335386817409
0.00170235926683752
0.001701549995295
0.00170093781283993
0.00170053928686804
0.00170036820601234
0.00170043871411028
0.00170073433053778
0.0017014677897386
0.00170263233920317
0.00170413724790336
0.0017059134193532
0.0017079137226357
0.00171010939866959
0.00171248735235928
0.0017150411823195
0.00171776667928552
0.00172065502206066
0.0017237255192172
0.00172700238049287
0.00173048643600118
0.00173416097203165
0.00173800371595795
0.00174199634599218
0.00174612375509496
0.0017503832523967
0.00175478413678146
0.00175933492122686
0.00176404102075678
0.0017689110805717
0.00177395881475974
0.00177921588252893
0.00178472466472266
0.00179056674169412
0.00179680908858145
0.00180377035896018
0.00181130394803093
0.00182192240247797
0.00182916010225112
0.00186720978875456
0.00182218496431345
0.00187740089161351
0.00429485319716577
0.00414578378495008
0.00407626700453498
0.00398391817881104
0.00386928063884942
0.00374741374987156
0.00362766762196685
0.00351400738275042
0.00340760486543862
0.00330843093240651
0.00321601208118586
0.00312975285890864
0.00304906020785173
0.00297338544632237
0.00290223440269579
0.00283516645911789
0.0027717902569474
0.00271175905925128
0.00265476716991018
0.00260054676910361
0.00254886453894495
0.002499518199542
0.00245233309485347
0.00240715872056523
0.00236386579096946
0.00232234339410143
0.00228249589866981
0.00224424043652162
0.00220750490001854
0.00217222567724615
0.00213834763597864
0.0021058254811021
0.00207462287939106
0.00204470954199617
0.00201605801173018
0.00198864165418559
0.00196243387312842
0.00193740817689748
0.00191353857648696
0.00189079962450087
0.0018691669285913
0.00184861625241224
0.00182912197006405
0.0018106568831838
0.00179319297778145
0.00177670241600699
0.00176115735355924
0.00174653129651782
0.00173279705606127
0.00171992476744569
0.00170788299689236
0.00169664075559651
0.00168616868216215
0.00167643818319843
0.00166742332523397
0.00165909523049175
0.00165142200314776
0.00164437272598612
0.00163791960927789
0.00163203765304997
0.00162670291938798
0.00162189466177307
0.00161758463259135
0.00161374513373948
0.00161035333501187
0.00160738961002922
0.00160483503021285
0.00160267046990359
0.00160087687210896
0.00159942653214649
0.00159829754107285
0.00159747254923986
0.00159693538240576
0.00159667026755436
0.00159666238988827
0.00159689885371596
0.00159736362788807
0.00159803643220929
0.00159890102880133
0.00159994434747252
0.00160115574059222
0.00160252678563678
0.00160325674793459
0.00160022240757185
0.00159705276256097
0.00159396996114652
0.00159110199289373
0.00158852039093237
0.00158625199947919
0.0015843310826378
0.00158268247491403
0.00158124899961849
0.00158001590891255
0.00157899709375979
0.00157821181342063
0.00157767498004562
0.00157739243070559
0.00157739359792813
0.00157791349215796
0.00157885507279259
0.00158011185119603
0.00158162112588093
0.00158335170556925
0.00158528403405113
0.00158740717034655
0.00158969498879065
0.00159219410640612
0.00159493688092165
0.00159791501063892
0.00160109599071403
0.0016044468611801
0.00160794943030112
0.00161159236770504
0.00161536050376144
0.0016192358184859
0.00162320035767822
0.00162723737971459
0.00163133858896293
0.00163550412100345
0.00163973347781085
0.00164402249077983
0.00164836600244283
0.00165276576774712
0.00165724865195412
0.00166182071937846
0.00166647507545288
0.00167120598243308
0.00167601625369709
0.00168091650271679
0.00168593715676892
0.00169110945617328
0.00169650180687737
0.00170218212336019
0.00170837006222487
0.00171531169175277
0.00172404744577792
0.00173305365855598
0.00175272874816431
0.00174424594147435
0.00176974192471692
0.00404630326318929
0.00400350374225166
0.00392159001553468
0.0037942456638385
0.00365012447822208
0.00350868047457932
0.00337722597648454
0.00325709149375027
0.00314752919587424
0.00304727879751033
0.00295509358360541
0.00286988649786729
0.00279074615291659
0.0027169150003744
0.00264776139844542
0.00258275529724123
0.00252144902262581
0.00246346267046222
0.00240847381256164
0.00235620975921736
0.00230644097822066
0.00225897526465812
0.00221365241724342
0.0021703390135942
0.00212892416901642
0.00208931544290812
0.00205143440739665
0.0020152132891376
0.00198059272684372
0.00194751937897619
0.00191594624959699
0.00188583444557102
0.00185715236497248
0.00182987192764425
0.00180396438854115
0.00177939840817844
0.00175614019033853
0.00173415450521749
0.00171340559442228
0.00169385730697476
0.001675474024229
0.00165821856271963
0.00164205081033753
0.00162692917434551
0.00161281248020634
0.00159966100084988
0.00158743560043393
0.00157609979483383
0.00156561432822682
0.00155593699223006
0.00154702660801048
0.0015388452499507
0.00153135809679644
0.00152453155797411
0.00151833575262184
0.00151273396492046
0.00150768936246219
0.00150317025702898
0.0014991494040374
0.00149560170312508
0.00149250250420372
0.00148982959060822
0.00148755101738042
0.00148564045730173
0.00148407633446545
0.00148283873669653
0.00148190859576005
0.00148126798426369
0.0014809019705656
0.00148079366287021
0.00148091852144301
0.00148125762364838
0.00148179634343957
0.00148252269603535
0.00148342823702318
0.00148344956059971
0.00148006502488819
0.00147660570878345
0.00147328039784655
0.00147020815340799
0.00146744909684165
0.00146502641626271
0.00146295500937333
0.00146115543116385
0.00145958751660645
0.0014582473829493
0.00145714942090389
0.00145630602834644
0.00145572995271125
0.00145539118256348
0.00145555747303879
0.00145618521595222
0.00145717249052646
0.0014584475619079
0.00145996519516262
0.00146169472985583
0.00146361477451317
0.00146570554035705
0.00146803546862361
0.00147062018391385
0.00147344342701629
0.00147648482310852
0.00147971822041684
0.00148311197495189
0.00148663700969322
0.0014902651450343
0.00149397387258294
0.00149775809372439
0.00150162118806044
0.00150555372797742
0.00150957424448771
0.00151369711420647
0.00151790561790408
0.00152217037250088
0.00152646454280294
0.00153076812354669
0.00153506473628416
0.0015393413055811
0.0015435914847295
0.00154781421580504
0.00155201115296956
0.00155618391066356
0.0015603702019357
0.00156460798591135
0.00156886502660999
0.00157312414455215
0.00157738617473914
0.00158166243707356
0.00158597243411466
0.00159034842960555
0.00159482168259121
0.00159945759522867
0.00160432463735731
0.00160960073083773
0.00161547033306513
0.00162196251334694
0.00163189250643233
0.00163289705221466
0.0016418562389039
0.00149247542198326
0.00378550931799945
0.00385364589665124
0.00373286112907116
0.00355725541049367
0.00338470436818203
0.00322944226655803
0.00309211042763473
0.0029703183658351
0.0028614060982512
0.00276306800043566
0.00267345265287372
0.0025911159529305
0.00251493675098841
0.00244403797944096
0.00237772505980884
0.0023154413044623
0.00225673590148984
0.00220124072275282
0.002148654431732
0.00209873120610176
0.00205127174234887
0.00200611548766229
0.00196313354883097
0.00192222173426389
0.00188329531829276
0.00184628374816091
0.00181112501642575
0.00177776221811609
0.00174614203609926
0.00171621284485727
0.0016879257005183
0.00166123667106046
0.00163610659010788
0.00161249610173978
0.00159036094729427
0.00156965153538018
0.00155031497358438
0.001532297093801
0.00151554351333523
0.00149999976171461
0.00148561265935066
0.00147232591302044
0.00146008096689878
0.00144882086036636
0.0014384920780588
0.00142904434893176
0.00142042897480241
0.00141260167852377
0.00140551227968544
0.00139911085131503
0.00139335294824065
0.00138819912200489
0.0013836131130064
0.00137956014658598
0.00137600956268847
0.00137292247031649
0.00137026438184443
0.00136800623763181
0.00136612177094351
0.00136458651239795
0.00136337740086751
0.00136247552632008
0.00136186255996139
0.00136150782370988
0.00136138782366088
0.00136148486250088
0.00136178488686566
0.00136227692598822
0.00136225328290244
0.00135870724131564
0.00135512298598162
0.00135170447335341
0.00134856515369749
0.00134576103451777
0.00134331343948556
0.00134122437344541
0.00133941191287898
0.00133783395719888
0.00133648581741674
0.00133538074269174
0.00133452735886901
0.00133393056918489
0.00133362274669341
0.00133384965936674
0.00133451708795136
0.00133552138189345
0.00133679251926637
0.00133828417798263
0.00133997333033025
0.00134181719272555
0.001343883604272
0.00134622332418666
0.00134883262297382
0.00135167482745653
0.0013547064017002
0.00135788827827472
0.00136119009985658
0.00136458395049158
0.00136805465959663
0.00137160414620776
0.00137528512235442
0.00137910260096388
0.00138302905888467
0.0013870297139728
0.00139107551580923
0.00139514489294488
0.00139921535357419
0.00140327032187987
0.00140730361593123
0.00141130614507857
0.00141534757481291
0.00141942910166156
0.00142349925685923
0.00142752604536663
0.00143149487398953
0.00143539969188233
0.00143923722365874
0.001443005014266
0.00144670197599443
0.00145032882994277
0.00145388851144316
0.00145738628678855
0.0014608201685237
0.00146417108135378
0.00146744248238539
0.00147065458665965
0.00147383159784566
0.0014769960793001
0.00148017453336652
0.00148339531909537
0.00148669141466631
0.00149012036231843
0.00149374189713331
0.00149757198310047
0.00150021346083858
0.00150313559558748
0.00150624765646771
0.00150734958768886
0.00151333977804363
0.00124934679320481
0.00369543767059615
0.00370307284628636
0.00348125763552545
0.00326041163832031
0.00307170784777548
0.00291215630491029
0.00277569486401514
0.00265713487949889
0.00255246025561566
0.00245866491739021
0.00237353905866423
0.00229546827846076
0.00222326683716727
0.00215605312464819
0.00209316196801251
0.00203408484182807
0.00197842821983687
0.0019258837435736
0.00187620841385698
0.00182921120555139
0.00178474253832916
0.00174268502363897
0.00170294500646557
0.00166544450183097
0.0016301161952518
0.00159689741037051
0.00156572439267484
0.00153653074962912
0.00150924817685727
0.00148380572373275
0.00146013180773564
0.00143815754122131
0.00141781790563684
0.0013990447765647
0.00138176321420115
0.00136589429096392
0.00135135880118993
0.00133807917501507
0.00132598000293327
0.00131498813390092
0.00130503414024697
0.00129604460873302
0.00128794840844589
0.00128068096133936
0.0012741836952664
0.00126840237491693
0.00126328553910916
0.00125878755338556
0.00125485604907938
0.00125144326022715
0.00124850802369661
0.00124601355038429
0.00124392636669641
0.00124221536139825
0.00124085482526633
0.00123982111168018
0.00123907625627115
0.00123859023275592
0.00123834062400943
0.00123831005169003
0.00123848282053796
0.00123871023592445
0.00123518310747448
0.00123164656762711
0.00122829851861904
0.00122524730001727
0.00122254444989601
0.00122020577729414
0.00121823898966935
0.0012165587167771
0.00121511619949511
0.00121389911021777
0.00121291426371184
0.00121217065899861
0.00121166539146383
0.001211441207491
0.00121170252479124
0.00121236020177276
0.00121332215351891
0.00121452355905049
0.00121592659890575
0.00121751828735207
0.00121928921755054
0.00122130760609524
0.00122358871617866
0.00122610401492104
0.00122881041453031
0.00123166675684144
0.00123464431040465
0.00123770854233414
0.00124088564175954
0.00124419051006221
0.0012476171272382
0.00125114491650766
0.00125474992965749
0.00125841022436218
0.00126210768364115
0.00126582638074119
0.00126954566538407
0.00127326446778458
0.00127706896766151
0.00128090196875037
0.0012847199938226
0.00128850134081257
0.00129223602499576
0.00129591887955592
0.00129954356607934
0.00130310370004159
0.00130659250081186
0.00131001258584542
0.00131333693146278
0.00131653884272611
0.00131961705985758
0.00132258279407781
0.00132544852606634
0.00132822396708509
0.00133091602215139
0.00133353022104417
0.00133607147237102
0.00133854399118392
0.00134095243970145
0.00134330514762
0.00134511077360989
0.00134651211031601
0.0013478977851932
0.00134927766465995
0.00135066122588628
0.00135205895476624
0.00135348616977693
0.00135495811324686
0.00135649319592568
0.00135811416947165
0.00135984848942638
0.00136174036172271
0.00136380232486721
0.00136615353680755
0.00136866954132739
0.0013724297530711
0.00137500613262695
0.00113960751122539
0.00396428775215511
0.00343055964051533
0.00313142987515796
0.00290191117376798
0.00271500789633566
0.00256113696566794
0.00243202190684806
0.00232108477434785
0.00222362116537313
0.00213636756964056
0.00205707402117584
0.00198418967222182
0.00191663938518649
0.00185366985235122
0.00179474613923027
0.00173948337789834
0.00168759933944304
0.00163888053563642
0.00159316104112171
0.00155030907032166
0.00151021651314878
0.00147278995873606
0.00143794313826293
0.00140559043668902
0.00137564514561736
0.00134801373851357
0.00132259282230079
0.00129927230108846
0.00127793934297202
0.00125847889104064
0.00124077679927484
0.00122472431479402
0.00121022075757769
0.00119716268143115
0.00118544351254421
0.00117495943983253
0.00116561240577792
0.00115731050963615
0.00114996781942765
0.00114350436766847
0.00113784708733099
0.00113291967354296
0.00112865241602415
0.00112498424760824
0.00112186097903521
0.00111923405657217
0.00111705904665137
0.00111529918831403
0.00111392003247796
0.00111287165099852
0.00111211513125019
0.00111162145275611
0.00111136791872895
0.00111133354703574
0.00111151480999532
0.00110840061144209
0.00110510274626405
0.00110201526755101
0.00109923673596477
0.00109681237911056
0.00109474804705103
0.00109305905909607
0.00109165606853556
0.00109048347708006
0.00108952312269495
0.0010887776204203
0.00108825260368167
0.00108794851074225
0.00108788211653954
0.00108825617008326
0.00108898390085562
0.00108997231449441
0.00109116106895264
0.00109251237173444
0.00109400320963105
0.00109563118052865
0.00109746451243939
0.00109952263698814
0.00110178580566439
0.00110420845113934
0.0011067847405235
0.00110950533693481
0.00111234100024588
0.00111526404835605
0.00111826612497699
0.00112134250543198
0.00112448305694743
0.00112767378927485
0.00113090102081699
0.00113415101236444
0.00113749817666598
0.00114088216204252
0.00114426078232509
0.00114761540157414
0.00115094009599377
0.00115423332073597
0.00115749359392475
0.00116071780095668
0.00116389706294196
0.00116702532516306
0.0011700540485492
0.00117296465943225
0.00117576282329886
0.00117846083485838
0.00118106908547313
0.0011835946420419
0.00118604126837159
0.00118841149120494
0.0011907034859275
0.00119293135648729
0.00119440766259679
0.00119550654155765
0.00119655599049552
0.00119756199593389
0.00119852889255018
0.00119946039656005
0.00120036005244405
0.00120123134868529
0.00120207778254297
0.00120290300159283
0.00120371075951833
0.00120450574422113
0.00120528609464042
0.00120604927119608
0.00120680288691658
0.00120755667352345
0.00120832037424696
0.00120910583082407
0.0012099294289894
0.00121080580554427
0.00121175319917883
0.00121279399733834
0.00121395501779798
0.00121527727250137
0.00121679308214847
0.00121860789116342
0.0012206562045795
0.00122379948682934
0.00122635320169562
0.00109782495697657
0.00360154746499178
0.00307393795796611
0.00273045831404566
0.00249606718010582
0.00232108153002134
0.00218159464725937
0.00206542476513239
0.00196545721214883
0.00187718555538819
0.00179767449569453
0.00172501655526562
0.00165798531293064
0.00159579643000463
0.00153794637082144
0.00148410646007376
0.00143405437793874
0.00138762639635052
0.00134468422684535
0.00130509781908992
0.00126873733759262
0.00123546874223623
0.00120515136072746
0.00117763696800226
0.00115276935711829
0.00113038906084321
0.00111032768906329
0.0010924097973163
0.00107646133527104
0.00106231526511969
0.00104981186192744
0.00103880162102916
0.00102914911725976
0.00102073520319448
0.00101344168049691
0.0010071523635569
0.00100176033934479
0.000997169933796719
0.000993296053140587
0.000990063155338888
0.000987404222162948
0.000985263086010857
0.00098358183163535
0.000982292641091598
0.000981344695573544
0.000980699380366372
0.000980325746416232
0.000980195242499999
0.000980299107184025
0.00097745685859329
0.000974541939736439
0.000971879381313105
0.000969546145671321
0.000967572062149155
0.000965951755746129
0.000964693048572589
0.000963711925993283
0.000962946775393766
0.000962372156846075
0.000961984443880504
0.000961784785565231
0.000961774881582699
0.000961936104118369
0.000962479619034127
0.000963328830058086
0.000964396527797361
0.000965624842239916
0.000966979295868856
0.000968439934797311
0.000969991210922614
0.00097168665427574
0.000973543693253983
0.000975545625538343
0.00097766530893381
0.000979870562936425
0.000982158245141149
0.000984527821850311
0.000986970903077579
0.000989483767913428
0.000992062227557586
0.000994686763404004
0.000997412248082073
0.00100021046576518
0.00100303501578477
0.00100585081080095
0.00100864156119421
0.00101140381754671
0.00101413810601798
0.00101684529893251
0.00101952244397894
0.00102217445374277
0.00102475788835925
0.00102724833973701
0.00102964511125477
0.00103195549155906
0.00103418984440497
0.00103635706909476
0.00103846258150724
0.00104050834134648
0.00104249340983036
0.00104424401834174
0.00104512550655208
0.00104594690677959
0.00104671573599293
0.00104743649318687
0.00104811233711091
0.00104874593543354
0.00104933976461055
0.00104989613267705
0.00105041669298652
0.00105090563227579
0.00105135210819803
0.00105175104942951
0.00105210767689198
0.00105242832358397
0.00105271822740873
0.00105298170449267
0.00105322264150195
0.0010534447407748
0.00105365164220683
0.00105384711634477
0.00105403493589466
0.00105421916532699
0.00105440261462412
0.00105458675657138
0.00105477565272985
0.00105497558320869
0.00105519438326168
0.0010554462871763
0.00105574492686813
0.00105610541026522
0.00105654517901051
0.00105708562219669
0.00105775245149677
0.00105858364861568
0.00105962224001342
0.00106094138668493
0.00106263691095039
0.00106501607615345
0.0010677175547761
0.00107492508265505
0.0030014497452486
0.00255295893619792
0.00225167669372502
0.00204871133362979
0.00189944918472802
0.00178049311013286
0.00168034293376147
0.00159290231663959
0.00151468752074797
0.00144363781500726
0.00137853943757946
0.00131869251038889
0.00126369669789359
0.0012133117790159
0.00116736897271558
0.00112571722821411
0.00108818981203138
0.00105458386447677
0.00102466121055921
0.000998160908859262
0.000974812543722897
0.000954346039321253
0.000936498131385086
0.000921015288208037
0.000907661354491365
0.000896206426324255
0.000886426794388957
0.00087811771143583
0.000871098610141606
0.0008652101643613
0.000860313367129238
0.000856289076480147
0.000853039956185765
0.000850474228311026
0.000848485623207168
0.000846984433994218
0.000845902420622274
0.000845185327183823
0.000844787801065254
0.000844672200624236
0.00084427385649679
0.000841640914432886
0.000839222481847974
0.000837121447565622
0.000835379476832129
0.000834001979365032
0.000832967653170902
0.000832271253868979
0.000831827192661478
0.000831571301833174
0.000831473790633514
0.000831526040296105
0.000831725174698456
0.000832070340118314
0.000832537773525248
0.000833296036428207
0.000834294676361946
0.000835457538283021
0.000836731928234169
0.000838085943131593
0.00083950396246102
0.00084096444240118
0.000842515299185621
0.000844175527258446
0.000845933719303042
0.000847766637067919
0.000849651941902936
0.000851572844426136
0.000853514760654911
0.000855470418065508
0.000857445720419776
0.000859446076160462
0.000861471414203809
0.00086351002815697
0.000865598201086063
0.000867730455346734
0.0008698693570475
0.000871992168449661
0.000874088031098101
0.000876162066304795
0.000878189675127429
0.000880148307962452
0.000882033644955986
0.000883848978028906
0.000885598529336647
0.000887286338966149
0.000888916112771408
0.000890491879910496
0.000892014210349813
0.000893431125471965
0.000894019908252394
0.000894549813599275
0.000895029080840944
0.00089546239272859
0.000895852255114829
0.000896200334737253
0.000896508187506326
0.000896777522392022
0.000897010321189235
0.00089720751632555
0.00089735037112056
0.000897441100826758
0.000897486259175996
0.000897491460693864
0.00089746083488548
0.00089739763969345
0.000897304751330829
0.000897184777702712
0.000897039829081368
0.000896873102703305
0.000896683465228812
0.000896468709299039
0.000896229609689532
0.000895969074641625
0.000895690689420282
0.000895398050036174
0.000895094651813556
0.00089478388652711
0.000894469085943023
0.000894153716255659
0.000893841138249029
0.000893534698451904
0.000893237779931593
0.000892953270460797
0.000892684688242951
0.000892436335633681
0.00089221596231437
0.000892039470467968
0.000891918209859168
0.0008918658825754
0.000891898271127443
0.000892034938386516
0.000892299694241583
0.000892726213242268
0.000893368002226666
0.000894245425216798
0.000895685791231632
0.000897205918628154
0.000900497355396718
0.00090889001637524
0.00224390490816805
0.00190094582623725
0.00171153820403833
0.0015732535234013
0.00146029151753736
0.00136428051717456
0.0012804050021447
0.00120568839914142
0.00113849951540997
0.00107797417258173
0.00102361934623857
0.000975108410173535
0.00093216925855691
0.000894518732539878
0.000861829655146356
0.000833727055264285
0.000809795456847137
0.000789574259003073
0.000772593581641146
0.000758416253234772
0.000746654386789967
0.000736969792950658
0.000729069358587868
0.000722697063454151
0.000717639178673248
0.000713698228783762
0.000710670125311987
0.000708390306915539
0.000706736005821026
0.000705610247361472
0.000704933029553921
0.000704636290065459
0.000704681299639007
0.000702826930523303
0.000700618098987126
0.000698779164952038
0.000697344138148684
0.000696303722073039
0.000695627678364887
0.000695276894042431
0.000695217914277734
0.000695362204786855
0.000695649012356346
0.000696049028975215
0.000696550980553105
0.000697149084665305
0.000697839616909146
0.000698602351805703
0.000699567904911398
0.000700692166970639
0.00070191195600455
0.000703183928274339
0.000704482457597233
0.000705795918392993
0.000707107585508045
0.000708452441354715
0.000709848704161993
0.000711290405278909
0.00071276093207572
0.00071424348540704
0.000715725977364727
0.000717197999971447
0.000718653814699287
0.00072009915295277
0.000721540329278312
0.000722978439544782
0.000724410641259475
0.000725832631735879
0.000727239777252147
0.000728624667221
0.000729983555333895
0.000731317142595495
0.00073262557793438
0.000733913645240264
0.000735168272586405
0.000736369903316149
0.00073750983064809
0.000738589733916041
0.000739609909778193
0.000740592345426398
0.000740977928500146
0.000741181026807126
0.000741332109502862
0.000741438145608721
0.000741503447301211
0.000741531029704618
0.00074152322200075
0.000741481967474042
0.000741408458627078
0.000741306168341599
0.000741154124002585
0.000740953561539546
0.000740710444303926
0.000740430112823891
0.000740115779258552
0.000739769362813014
0.000739392570602774
0.000738987369449758
0.000738555926214129
0.000738100809039159
0.000737617583418229
0.000737104535682068
0.000736563372182923
0.000735997204030407
0.000735409216566227
0.000734802335667998
0.000734179266616414
0.000733542454859053
0.000732893945652281
0.000732236244439619
0.00073157044094846
0.000730896263917982
0.000730213996613933
0.000729525126940979
0.000728831966446425
0.000728137188443704
0.000727443591362448
0.000726753965008699
0.000726071054086259
0.000725397738273324
0.000724736725613171
0.00072409048616907
0.00072346174691067
0.000722853472659716
0.000722268460032977
0.00072170936677567
0.000721188329045341
0.000720717585642475
0.000720307495337416
0.000719969333611002
0.000719715987462743
0.000719564129910063
0.000719534667208614
0.000719655630211202
0.000719989262720918
0.000720496543432034
0.000721739436015341
0.000722440089082676
0.000726433740939737
0.000734929826951558
0.00114386235515067
0.00123404147858118
0.00117839074671516
0.0010948719387281
0.00101276384257939
0.000937561910119886
0.00087048302567677
0.000811895520271684
0.000761785514563069
0.000719626224269256
0.000684617398028161
0.000655903005352611
0.000632652747791157
0.000614083238312996
0.000599465743699638
0.000588151253157156
0.000579553209439718
0.000573098616336338
0.000568309316331244
0.000564835784677829
0.000562417607902684
0.00056085235240667
0.000559978610094444
0.000559661412629765
0.000559816315959012
0.000558132073406589
0.000556168972067954
0.000554636409438297
0.000553543561937245
0.000552854562982923
0.000552549176998398
0.00055259284308275
0.000552947727191825
0.00055352145682261
0.000554223964050312
0.00055500006614826
0.000555823759423655
0.000556683956548063
0.000557575256218223
0.000558492101153748
0.000559440660966988
0.000560496545958024
0.000561615182791118
0.000562750315724226
0.000563872728748323
0.000564966847264064
0.000566027163640796
0.000567045155619656
0.000568047720407244
0.000569049431723688
0.000570047407871539
0.000571031115679429
0.000571990034966437
0.000572917135028061
0.00057380710644683
0.000574657539298308
0.000575473690861831
0.000576261694769098
0.000577024157028628
0.000577760679876737
0.000578469521757367
0.000579149141027803
0.000579795704138135
0.000580407662203357
0.000580986402913413
0.000581534153168649
0.000582052768032269
0.000582543237070372
0.000583005955505129
0.000583440000013049
0.00058384391920745
0.000584217273675141
0.000584557502709439
0.000584876408113416
0.000584819166721867
0.000584555393445503
0.000584246843086631
0.000583900561205022
0.000583520072997758
0.000583111649982011
0.000582659821246768
0.000582161827254169
0.000581623641915677
0.000581051736981134
0.000580450794796793
0.000579824057706329
0.000579173946194799
0.000578502442863526
0.000577810920233296
0.000577102104819046
0.00057637121738508
0.000575616291531219
0.000574837500424771
0.000574037306028362
0.000573218425882297
0.000572380989833531
0.000571526260029679
0.000570656476078612
0.000569774074703038
0.000568881827513298
0.000567979535226043
0.000567066352593155
0.000566142696313717
0.000565210195533854
0.000564271000247162
0.000563327371229196
0.000562381517741299
0.000561435448496495
0.000560490860735374
0.0005595496081299
0.000558613135901441
0.000557681954876974
0.000556756292400366
0.000555836804101567
0.000554924732275928
0.000554021757637255
0.000553129808402632
0.00055225088707364
0.000551386958163152
0.000550540166698693
0.00054971268812765
0.000548905758467312
0.000548120681974657
0.000547359997767632
0.000546625067220047
0.000545919114089014
0.000545259471546865
0.000544653249773429
0.000544107123780379
0.000543628842027296
0.000543227838308757
0.00054291730243978
0.000542714273299212
0.00054264049471061
0.000542760589361738
0.000542989410135632
0.000544043897849582
0.000544115911008453
0.000548435156521715
0.000557311163890063
0.000646347519146498
0.000673348204190767
0.000662977001994082
0.000621138454204782
0.000569183770246953
0.000521770985268092
0.000484228730552769
0.0004567930478805
0.000437754090022526
0.000424863603579948
0.000416372122468648
0.000411058759026278
0.000408054525932857
0.000406722485345411
0.000406584275609192
0.000407318530384807
0.000406657706535874
0.000405060383925858
0.000404069812737632
0.000403615339613568
0.000403610772728161
0.000403965647506655
0.000404599093416142
0.000405439107642346
0.000406443011121946
0.000407532924467378
0.000408636377662235
0.000409713380212954
0.000410751110883639
0.000411738482945271
0.00041272522603617
0.000413701572007696
0.000414636238696713
0.000415564798972293
0.000416474529422634
0.000417333939858914
0.00041812428027902
0.00041883875517162
0.000419477351058651
0.000420042963930301
0.000420539957839866
0.000420988421025529
0.000421397821600621
0.0004217674247715
0.000422092887357294
0.000422370564102641
0.000422598974428865
0.000422777912927989
0.000422908811945384
0.000422997066943884
0.000423048043961519
0.000423064737334037
0.000423048287097192
0.000422998917601588
0.00042291714407137
0.000422802498495244
0.000422655416183663
0.000422477710511592
0.000422271576705849
0.00042203895629443
0.000421781168857437
0.000421499338612086
0.000421194032778163
0.00042086536841881
0.000420513560595837
0.000420139111530227
0.000419742849368301
0.000419325614074174
0.000418888270958952
0.000418431585050268
0.000417955937407316
0.000417461598874318
0.000416947477928996
0.000416417155984358
0.00041585826484002
0.00041525967976863
0.000414620619520556
0.000413944953386803
0.000413237138574727
0.000412499996851416
0.000411752215716988
0.000410990143475726
0.000410206570568063
0.000409399134572711
0.000408568704030872
0.000407717272796927
0.000406846981206008
0.000405959898493241
0.000405057827493934
0.000404142466042637
0.000403220634643771
0.000402292415214417
0.000401354211982177
0.000400406793395861
0.000399363144332751
0.000398303356172862
0.000397238994336194
0.000396173574294799
0.000395109702415291
0.000394049790304506
0.000392994941647748
0.000391945105903349
0.000390900209496794
0.000389860740197689
0.000388827688996752
0.000387802353418235
0.000386786147131604
0.000385780409808531
0.000384786294420995
0.000383804977073214
0.000382837548275014
0.000381884622825048
0.000380946414210582
0.000380023102535818
0.00037911508951176
0.000378223078301457
0.000377348019778438
0.000376491001092963
0.000375653075461018
0.00037483588986291
0.000374017756231365
0.000373194306255316
0.000372387755893493
0.0003716030689857
0.000370843304898043
0.000370116338358893
0.000369425922549745
0.000368778946377273
0.000368182530557649
0.000367645337685083
0.000367176121553302
0.000366789425726953
0.000366497935781573
0.000366331664819271
0.000366328078635004
0.000366537111131109
0.000367128366311696
0.000367705394003819
0.0003684634121155
0.000380412908387774
0.000371032572633744
0.000318387635985638
0.000276026174103668
0.000248513774463657
0.000233958728966955
0.000228617337697161
0.000229170523715956
0.000233409958457714
0.000234145614837407
0.000235889582261113
0.000238769062597251
0.000242149596905132
0.000245655472419562
0.000249070020126514
0.000252278431266014
0.000255242642404855
0.00025792984364824
0.000260296211660691
0.000262329406586274
0.00026404804069506
0.000265487521093298
0.000266688131681759
0.000267688973492893
0.000268524335586862
0.000269221773875898
0.000269835810814856
0.000270375620493418
0.000270829600048657
0.000271187773079098
0.000271455252048883
0.00027160266799645
0.000271604075531567
0.000271465520502844
0.000271220968446007
0.000270903754912188
0.000270533280763736
0.000270117388591397
0.000269658244198165
0.000269156657575828
0.000268614108476796
0.000268033623065022
0.000267419675300001
0.000266777503819044
0.000266111196148131
0.000265423119473422
0.000264714528086846
0.000263986044586469
0.000263238767432624
0.000262473885851478
0.000261692715777258
0.000260896886405351
0.000260088015218466
0.000259267471671543
0.000258436093871634
0.000257594762533221
0.000256744391041202
0.000255885430669841
0.00025501825546821
0.000254143408982987
0.000253261624067653
0.000252373516409519
0.000251479858688291
0.000250581516195446
0.000249678868997594
0.000248772054979182
0.000247861235817196
0.000246946729131748
0.000246028877158644
0.000245108257477328
0.000244185520587011
0.000243260965476358
0.000242334741410852
0.000241406743983761
0.000240477302016177
0.000239551149587743
0.000238625703177149
0.000237695508083232
0.000236757908346067
0.000235812763219804
0.000234861389321506
0.000233907990262151
0.000232954480691846
0.00023200065747588
0.000231046017213849
0.000230090491442489
0.00022913461365872
0.000228179377256952
0.000227226017454743
0.000226275642675375
0.000225329568885611
0.000224389726815723
0.000223456423822191
0.000222528701843367
0.000221606691499415
0.000220685834821467
0.000219765012638347
0.000218845723033553
0.000217930586976273
0.000217022282988513
0.00021612314413286
0.000215235076988304
0.000214358987892444
0.000213495003248584
0.000212642874971498
0.000211802437181699
0.000210973814346645
0.000210157503524416
0.000209354130385308
0.000208564359709959
0.000207788915100452
0.00020702863811499
0.000206284203062748
0.000205556037315478
0.000204844339544652
0.000204149236618885
0.000203470887596895
0.000202809611675505
0.000202165853805749
0.000201540122063058
0.000200933512923021
0.000200345341417646
0.000199774807862794
0.000199222735974257
0.000198691440158528
0.000198181567891832
0.000197693643210372
0.000197229645287748
0.000196794486026753
0.000196393042783131
0.00019603077797209
0.000195712650430183
0.000195447066156509
0.00019524037064183
0.000195110125061855
0.000195079854064991
0.000195150340553725
0.000195557222287406
0.000196280497959653
0.000196880216995359
0.000212154814532594
0.000155854809847641
0.000121297172280911
0.000107705631734601
0.000103863565237118
0.000101704427846287
0.000102436100730132
0.000105783560097768
0.000110446772811693
0.000115439605271887
0.000120056383167998
0.000123918388436902
0.000126920035473088
0.000129128541177986
0.00013068776421801
0.00013175095856333
0.000132449689901369
0.000132890737894325
0.000133134571378448
0.00013320496811274
0.000133120617616547
0.000132903880759176
0.000132580300137376
0.000132175365757111
0.000131711039333556
0.000131205491461197
0.000130674126177146
0.000130124218993835
0.000129556480113257
0.000128965739563548
0.000128371748256486
0.000127369921857776
0.000126251795623955
0.000125093807187519
0.000123942573015908
0.000122814633294883
0.000121709328561423
0.000120620109903938
0.000119540849227144
0.000118468067509217
0.000117400802814695
0.000116340381576549
0.000115288662131058
0.000114246450113611
0.000113213917170345
0.000112190621897434
0.000111175765815978
0.000110168365717795
0.000109168281935167
0.000108175835593454
0.000107190888160602
0.000106213504295721
0.000105243867640933
0.000104282064737937
0.000103327857329856
0.000102381375606837
0.000101442847072335
0.000100511950385064
9.95885568508514e-05
9.86728336219557e-05
9.77650779145683e-05
9.686544227748e-05
9.59743915366439e-05
9.50923365226601e-05
9.42190823718371e-05
9.33545377190778e-05
9.24988357353e-05
9.16522318636712e-05
9.08149713882581e-05
8.998755229365e-05
8.91703685454347e-05
8.83633515779623e-05
8.75664681914719e-05
8.67796782980049e-05
8.60035134957002e-05
8.52381115611902e-05
8.44824555049069e-05
8.37352321101809e-05
8.29957196549017e-05
8.22641524833952e-05
8.15417956177326e-05
8.08300785214587e-05
8.01294635416628e-05
7.94399303632699e-05
7.87613123633007e-05
7.80934001584165e-05
7.74363212126138e-05
7.67904767375056e-05
7.61563517767243e-05
7.55342488406708e-05
7.49247796744599e-05
7.43284156774548e-05
7.37446907883833e-05
7.31728911227205e-05
7.26127054228088e-05
7.20629893310754e-05
7.15229779076244e-05
7.09929061525436e-05
7.04737205427225e-05
6.99663822252892e-05
6.94716419479697e-05
6.89898689866319e-05
6.85208954370185e-05
6.80643529394598e-05
6.76198508541045e-05
6.71870624836702e-05
6.67658616927874e-05
6.6356290820748e-05
6.59584082781921e-05
6.55722629912776e-05
6.51980262811301e-05
6.48359290441792e-05
6.44860511781571e-05
6.41483698312821e-05
6.38228550071284e-05
6.35094818472107e-05
6.32082870896168e-05
6.29193927188708e-05
6.26429826030824e-05
6.23793279988972e-05
6.21288822648901e-05
6.18917285495895e-05
6.16679369652639e-05
6.14580915910272e-05
6.12638237318689e-05
6.10829437673857e-05
6.09114563698823e-05
6.07517514797488e-05
6.06084683558479e-05
6.04855379034857e-05
6.03862999716546e-05
6.03137165900536e-05
6.02720482726464e-05
6.02653855003816e-05
6.03021880731817e-05
6.03962712294039e-05
6.05374986469943e-05
6.09103520753775e-05
6.10953433615791e-05
6.23972743390883e-05
6.77699583661985e-05
5.02813186955031e-05
5.3083446107787e-05
4.51882482874571e-05
3.67716492315718e-05
3.01650239548416e-05
2.60160626033746e-05
2.37889687997608e-05
2.25516022349133e-05
2.18020914819211e-05
2.12645930147464e-05
2.07975006234731e-05
2.03400228272811e-05
1.98753422794021e-05
1.94065981573004e-05
1.8942663182229e-05
1.84918649062e-05
1.80597525151308e-05
1.76478502245187e-05
1.72545530322692e-05
1.68774050629601e-05
1.65145976477459e-05
1.61652852384959e-05
1.58292927634817e-05
1.5506580086789e-05
1.51971465650895e-05
1.49009495655874e-05
1.4617399042e-05
1.43452702791007e-05
1.40829619938865e-05
1.3830062715126e-05
1.35728748408583e-05
1.33125209931394e-05
1.30541871573082e-05
1.28021580953448e-05
1.25585313604133e-05
1.23235611426663e-05
1.20965469038451e-05
1.18765463358154e-05
1.16627345860911e-05
1.14544916619298e-05
1.12514722733698e-05
1.10535236481613e-05
1.08604733155868e-05
1.0672111288006e-05
1.04882150436573e-05
1.0308565381668e-05
1.01329204303902e-05
9.96110518761763e-06
9.79304158242944e-06
9.628626255523e-06
9.46774525146129e-06
9.31031055326783e-06
9.1562612981388e-06
9.00551726085529e-06
8.85802841537464e-06
8.71379298426909e-06
8.57276384926948e-06
8.43487063019935e-06
8.30006301918174e-06
8.16831924093535e-06
8.03960911851123e-06
7.9139295574759e-06
7.79130720997629e-06
7.67171685832164e-06
7.55510541260244e-06
7.44143102092272e-06
7.33066859121093e-06
7.22279021982233e-06
7.117790139911e-06
7.01567744467896e-06
6.91641904394874e-06
6.8199613096938e-06
6.72624013837775e-06
6.63522834667752e-06
6.54690700410628e-06
6.46119810259745e-06
6.37797547313183e-06
6.29710926664854e-06
6.21850495175935e-06
6.14214520876757e-06
6.06806999196416e-06
5.99627839348722e-06
5.92673081688581e-06
5.85937914872798e-06
5.79415804400555e-06
5.73100541456689e-06
5.66987666898046e-06
5.61074424685632e-06
5.5535689784936e-06
5.49833554196556e-06
5.44505150924388e-06
5.39366781507881e-06
5.34408799997398e-06
5.29623660311018e-06
5.25001076057248e-06
5.2053041808674e-06
5.16204889573401e-06
5.12023330985518e-06
5.07987174033115e-06
5.04098202346963e-06
5.00357224772081e-06
4.96761662093862e-06
4.93306793197984e-06
4.89987676730263e-06
4.86799603265739e-06
4.83738943773177e-06
4.80803604482149e-06
4.77992090315464e-06
4.75302710386422e-06
4.72734683385396e-06
4.70288837551716e-06
4.67965985025806e-06
4.65766163692041e-06
4.63689553722535e-06
4.6173694074593e-06
4.59909955958797e-06
4.58211330839377e-06
4.56644879305543e-06
4.55215388881969e-06
4.53929443124168e-06
4.52793225693247e-06
4.51813668470934e-06
4.51001573398488e-06
4.50374621263301e-06
4.49946254703138e-06
4.49720949479348e-06
4.49720121607853e-06
4.4998564801199e-06
4.50566479588224e-06
4.51524176401232e-06
4.52917005492067e-06
4.54853128612918e-06
4.57395679983391e-06
4.6081914371141e-06
4.65119120379608e-06
4.71216428522826e-06
4.78440116008913e-06
4.93870228013946e-06
4.95563130994782e-06
6.23114201826095e-06
)
;

boundaryField
{
    bottomWall
    {
        type            nutLowReWallFunction;
        value           uniform 0;
    }
    topWall
    {
        type            nutLowReWallFunction;
        value           uniform 0;
    }
    inlet
    {
        type            calculated;
        value           nonuniform List<scalar> 
150
(
3.28204764902269e-05
0.000294132979479358
0.000581701896670873
0.000831575581717924
0.00108645255654065
0.00133370138902497
0.00157505121380179
0.00181515441068816
0.00204778919930469
0.0023079682360096
0.00256687511366936
0.00279176773009086
0.0030487006762354
0.00330331372674634
0.00355135270705834
0.00379403214459121
0.00403381144297108
0.00426135862268795
0.00445780803703951
0.00462010019234711
0.00486085385765762
0.00497433189147626
0.00503454789107196
0.00521294831391824
0.00518979802445368
0.00506629927479127
0.00510964024411296
0.00478381299835689
0.00471066635039236
0.00419763216478952
0.00400905802038835
0.00332847365987433
0.00303849460941925
0.00225651593152871
0.00193615215425181
0.0016357343894515
0.00105326445720796
0.000843403311991055
0.000664423917063531
0.000373550520313867
0.000283048985742013
0.000213156376681711
0.000117300088813591
9.07822671847876e-05
7.0714682255607e-05
5.57211410327738e-05
3.51537508233555e-05
2.92319116115778e-05
2.49545950132612e-05
2.06102156800906e-05
1.41822167685349e-05
1.24374481412405e-05
1.08133937415662e-05
9.28774159433164e-06
8.49811863898156e-06
7.43325472701522e-06
4.75018295565633e-06
5.35634658344991e-06
4.82963527552502e-06
4.28760965413985e-06
3.76245620680554e-06
3.21121092981283e-06
2.47996743435639e-06
2.4485143434372e-06
2.99903612835285e-06
3.02750021521575e-06
1.85542466812574e-06
2.46351779435978e-06
1.83327972716261e-06
1.13629759357124e-06
1.85324904829165e-06
1.95451955740045e-06
1.18631870312776e-06
3.84847408284566e-07
3.94174952189442e-07
4.00734258100483e-07
4.46097735611086e-07
4.57752492469309e-07
1.35142580225376e-06
1.40113852895487e-06
1.46441940649018e-06
1.6170879936363e-06
3.9188687366437e-06
8.49569518972368e-06
8.118540383795e-06
7.08097085925381e-06
1.11861300490742e-05
1.06633683841087e-05
1.18887792903639e-05
1.44876861909395e-05
1.38121747129004e-05
1.52886943566734e-05
1.45839442227177e-05
1.66154203863309e-05
1.79656129332494e-05
1.71532723729999e-05
2.12794142372191e-05
2.03275178516681e-05
2.45405184591365e-05
2.34511170740201e-05
3.00329611740254e-05
4.01656870057928e-05
3.83907711183349e-05
5.19906654328817e-05
4.96888620512423e-05
7.31105643778106e-05
6.98545211961967e-05
0.000107567430438817
0.000102728949067048
0.000173812815910949
0.000165884461837231
0.000158253038564561
0.000297596514318063
0.000283627436673935
0.000561457073196498
0.000534452916214008
0.00107174330505418
0.00101869234341551
0.000967448369049877
0.00187271497621556
0.0017750661710366
0.00303981812207876
0.00287464544307952
0.00271485089973347
0.00388893320884346
0.00366160307606662
0.00344153561609378
0.00456838817988262
0.0042764254438803
0.00399366831397436
0.00497802567656632
0.00462301630185956
0.00427912631127923
0.00394600274496648
0.00491062582510009
0.00448702219137554
0.00407676650777937
0.00457130960555872
0.00409355780368873
0.00363127793179787
0.00318424543557697
0.00465061399198762
0.00394655003060568
0.00326877552183868
0.00261870891298893
0.00089368671048855
0.000633359463860534
0.00039575300734941
0.000195527686575495
5.65164667471002e-05
)
;
    }
    outlet
    {
        type            calculated;
        value           nonuniform List<scalar> 
150
(
7.04259952161352e-06
7.98308974428156e-05
0.00024040382415907
0.000413619238229587
0.000620169019907525
0.000844431713486026
0.00107226439693317
0.00130606379312897
0.0015394629328043
0.00176609138160665
0.00197998287262511
0.00217590877269825
0.00234962770112208
0.00249803969844126
0.00261922639783056
0.00271240769526802
0.0027778323940692
0.00281661284545273
0.00283049210806362
0.00282163363660989
0.00279239731899055
0.00274511434309942
0.00268190589248021
0.00260464506883997
0.00251517144944405
0.00241385666065329
0.00230392343528967
0.00219909050922322
0.00211436022583794
0.00206010487283794
0.00203869113193416
0.00204256955165135
0.00205631735994256
0.0020614771494695
0.00204099978983716
0.00198175926011981
0.00187600779463964
0.0017221117023401
0.00153032392128512
0.0013098411467712
0.00106663081313876
0.000807168238494558
0.000542212084262231
0.000293915877887073
0.000102736857046869
1.31670961116094e-05
4.91936850483562e-06
1.21640565119258e-05
1.50310111596102e-05
1.42052620610456e-05
1.17418685912976e-05
9.283827143668e-06
7.53952052953759e-06
6.43000885375559e-06
5.63667112719704e-06
4.97362602949768e-06
4.38973759445761e-06
3.8606766074213e-06
3.38843751399936e-06
3.02355418785885e-06
2.81467235551824e-06
2.72623233246513e-06
2.63613319701711e-06
2.44198188733328e-06
2.15657160979559e-06
1.89440085865967e-06
1.74952815473698e-06
1.68420529288561e-06
1.52797916587186e-06
1.14535736797481e-06
6.59618460685907e-07
3.60682981639995e-07
3.54895688421358e-07
5.21063931867753e-07
7.60701208529473e-07
9.74524246113541e-07
1.13871271724258e-06
1.62994507395823e-06
2.96185785245768e-06
5.01373661882574e-06
6.92146402791286e-06
8.08635814874409e-06
8.89790342747419e-06
1.00055768242468e-05
1.1342611147434e-05
1.25189296305162e-05
1.34680279781219e-05
1.41757431689685e-05
1.4706195336595e-05
1.53795243668826e-05
1.63033554395073e-05
1.73557293953241e-05
1.84655816600762e-05
1.97455595737722e-05
2.13943603462124e-05
2.38117740292708e-05
2.74662716839541e-05
3.22400596897738e-05
3.77551052863805e-05
4.39200185447132e-05
5.16082771702934e-05
6.11571563881565e-05
7.37183708870981e-05
9.79272783805107e-05
0.000163490479316258
0.000298332808829977
0.000490222905035619
0.000707136022540837
0.000927711087530077
0.00114153625219944
0.00134229400927183
0.00152967744101026
0.00170052314177211
0.00185829565039182
0.00200083563038784
0.0021275388001329
0.00223926061994241
0.00233314149579757
0.00240729620480247
0.00245826404597292
0.00248797119398058
0.00250522382513315
0.00251698221676164
0.00252703668568104
0.00234194437916245
0.002145373033388
0.00253386724959696
0.00251322498203367
0.00248371075584838
0.00244456571480474
0.00233496840310171
0.00183261947006829
0.00178368816119354
0.00204550795651055
0.00207957314670103
0.00198101990265512
0.00187740089161351
0.00176974192471692
0.00148689532456613
0.00124598252368017
0.0011367157711902
0.00109461084064927
0.00107492508265505
0.00090889001637524
0.000734929826951558
0.000557311163890063
0.000380412908387774
0.000212285141530064
6.77699583661985e-05
6.23114201826095e-06
)
;
    }
    frontAndBack
    {
        type            symmetry;
    }
}


// ************************************************************************* //
