/*--------------------------------*- C++ -*----------------------------------*\
| =========                 |                                                 |
| \\      /  F ield         | OpenFOAM: The Open Source CFD Toolbox           |
|  \\    /   O peration     | Version:  2606                                  |
|   \\  /    A nd           | Website:  www.openfoam.com                      |
|    \\/     M anipulation  |                                                 |
\*---------------------------------------------------------------------------*/
FoamFile
{
    version     2.0;
    format      ascii;
    arch        "LSB;label=32;scalar=64";
    class       volScalarField;
    location    "101";
    object      nut;
}
// * * * * * * * * * * * * * * * * * * * * * * * * * * * * * * * * * * * * * //

dimensions      [0 2 -1 0 0 0 0];

internalField   nonuniform List<scalar> 
51626
(
1.24474e-05
1.40011e-05
1.3934e-05
1.41439e-05
1.4735e-05
1.51573e-05
1.53378e-05
1.54167e-05
1.54712e-05
1.55199e-05
1.55629e-05
1.55977e-05
1.56245e-05
1.5645e-05
1.56612e-05
1.56742e-05
1.56849e-05
1.56938e-05
1.57015e-05
1.57081e-05
1.57141e-05
1.57193e-05
1.57241e-05
1.57285e-05
1.57327e-05
1.57365e-05
1.57401e-05
1.57435e-05
1.57466e-05
1.57496e-05
1.57524e-05
1.5755e-05
1.57576e-05
1.576e-05
1.57622e-05
1.57643e-05
1.57663e-05
1.57682e-05
1.57699e-05
1.57715e-05
1.57729e-05
1.57743e-05
1.57756e-05
1.57767e-05
1.57778e-05
1.57787e-05
1.57795e-05
1.57802e-05
1.57809e-05
1.57814e-05
1.57818e-05
1.57821e-05
1.57822e-05
1.57824e-05
1.57824e-05
1.57823e-05
1.57821e-05
1.57819e-05
1.57816e-05
1.57811e-05
1.57806e-05
1.57801e-05
1.57794e-05
1.57787e-05
1.57779e-05
1.57771e-05
1.57762e-05
1.57752e-05
1.57742e-05
1.57731e-05
1.5772e-05
1.57709e-05
1.57697e-05
1.57684e-05
1.57672e-05
1.57659e-05
1.57646e-05
1.57632e-05
1.57619e-05
1.57605e-05
1.57591e-05
1.57577e-05
1.57562e-05
1.57548e-05
1.57533e-05
1.57519e-05
1.57504e-05
1.5749e-05
1.57475e-05
1.5746e-05
1.57446e-05
1.57431e-05
1.57416e-05
1.57401e-05
1.57387e-05
1.57372e-05
1.57357e-05
1.57343e-05
1.57328e-05
1.57314e-05
1.57299e-05
1.57285e-05
1.5727e-05
1.57256e-05
1.57242e-05
1.57227e-05
1.57213e-05
1.57199e-05
1.57185e-05
1.57171e-05
1.57157e-05
1.57143e-05
1.57129e-05
1.57115e-05
1.57101e-05
1.57087e-05
1.57074e-05
1.5706e-05
1.57046e-05
1.57033e-05
1.57019e-05
1.57005e-05
1.56992e-05
1.56978e-05
1.56965e-05
1.56952e-05
1.56938e-05
1.56925e-05
1.56911e-05
1.56898e-05
1.56885e-05
1.56871e-05
1.56858e-05
1.56845e-05
1.56831e-05
1.56818e-05
1.56805e-05
1.56791e-05
1.56778e-05
1.56765e-05
1.56751e-05
1.56738e-05
1.56725e-05
1.56711e-05
1.56698e-05
1.56684e-05
1.56671e-05
1.56657e-05
1.56644e-05
1.5663e-05
1.56617e-05
1.56603e-05
1.56589e-05
1.56575e-05
1.56562e-05
1.56548e-05
1.56534e-05
1.5652e-05
1.56506e-05
1.56491e-05
1.56477e-05
1.56463e-05
1.56448e-05
1.56434e-05
1.56419e-05
1.56405e-05
1.5639e-05
1.56375e-05
1.5636e-05
1.56345e-05
1.56329e-05
1.56314e-05
1.56298e-05
1.56283e-05
1.56267e-05
1.56251e-05
1.56235e-05
1.56218e-05
1.56202e-05
1.56185e-05
1.56168e-05
1.56151e-05
1.56134e-05
1.56116e-05
1.56099e-05
1.56081e-05
1.56063e-05
1.56044e-05
1.56026e-05
1.56007e-05
1.55987e-05
1.55968e-05
1.55948e-05
1.55928e-05
1.55908e-05
1.55887e-05
1.55866e-05
1.55845e-05
1.55824e-05
1.55802e-05
1.55779e-05
1.55757e-05
1.55733e-05
1.5571e-05
1.55686e-05
1.55662e-05
1.55637e-05
1.55611e-05
1.55586e-05
1.55559e-05
1.55532e-05
1.55505e-05
1.55477e-05
1.55449e-05
1.5542e-05
1.5539e-05
1.5536e-05
1.55329e-05
1.55298e-05
1.55265e-05
1.55232e-05
1.55199e-05
1.55164e-05
1.55129e-05
1.55093e-05
1.55056e-05
1.55019e-05
1.5498e-05
1.54941e-05
1.54901e-05
1.54859e-05
1.54817e-05
1.54774e-05
1.5473e-05
1.54684e-05
1.54639e-05
1.54587e-05
1.54551e-05
1.54489e-05
1.54371e-05
1.54265e-05
1.54169e-05
1.54062e-05
1.53952e-05
1.53842e-05
1.53729e-05
1.53616e-05
1.53501e-05
1.53385e-05
1.53267e-05
1.53148e-05
1.53027e-05
1.52904e-05
1.52777e-05
1.52641e-05
1.52495e-05
1.5234e-05
1.52175e-05
1.52e-05
1.51815e-05
1.51621e-05
1.51418e-05
1.51206e-05
1.50986e-05
1.50759e-05
1.50524e-05
1.50283e-05
1.50035e-05
1.49781e-05
1.49523e-05
1.4926e-05
1.48992e-05
1.48722e-05
1.48448e-05
1.48172e-05
1.47895e-05
1.47616e-05
1.47336e-05
1.47056e-05
1.46777e-05
1.46497e-05
1.46219e-05
1.45941e-05
1.45665e-05
1.4539e-05
1.45117e-05
1.44845e-05
1.44575e-05
1.44306e-05
1.44038e-05
1.43769e-05
1.43494e-05
1.43212e-05
1.42922e-05
1.42624e-05
1.42318e-05
1.42002e-05
1.41677e-05
1.41343e-05
1.40998e-05
1.40643e-05
1.40277e-05
1.399e-05
1.3951e-05
1.39108e-05
1.38693e-05
1.38264e-05
1.3782e-05
1.37361e-05
1.36886e-05
1.36394e-05
1.35884e-05
1.35355e-05
1.34806e-05
1.34236e-05
1.33644e-05
1.33028e-05
1.32387e-05
1.3172e-05
1.31024e-05
1.30297e-05
1.29539e-05
1.28747e-05
1.27917e-05
1.27049e-05
1.26139e-05
1.25185e-05
1.24181e-05
1.2313e-05
1.2202e-05
1.20858e-05
1.19628e-05
1.18343e-05
1.16975e-05
1.15555e-05
1.14035e-05
1.12482e-05
1.10757e-05
1.08969e-05
1.07788e-05
1.11252e-05
1.1425e-05
1.15469e-05
1.17472e-05
1.19246e-05
1.21155e-05
1.23119e-05
1.2527e-05
1.27503e-05
1.29819e-05
1.32306e-05
1.35004e-05
1.37666e-05
1.40311e-05
1.43072e-05
1.45854e-05
1.483e-05
1.5076e-05
1.53852e-05
1.5576e-05
1.55283e-05
1.56435e-05
1.58674e-05
1.59779e-05
1.60743e-05
1.62019e-05
1.62807e-05
1.63219e-05
1.65016e-05
1.67133e-05
1.68191e-05
1.68472e-05
1.68578e-05
1.69267e-05
1.70395e-05
1.71316e-05
1.71858e-05
1.72277e-05
1.72725e-05
1.73157e-05
1.73488e-05
1.73707e-05
1.7389e-05
1.74082e-05
1.74255e-05
1.74376e-05
1.74458e-05
1.74514e-05
1.74548e-05
1.74568e-05
1.74583e-05
1.74589e-05
1.74577e-05
1.7455e-05
1.74528e-05
1.74521e-05
1.74528e-05
1.74556e-05
1.7459e-05
1.74578e-05
1.74517e-05
1.74485e-05
1.74517e-05
1.74545e-05
1.74507e-05
1.74446e-05
1.74437e-05
1.74477e-05
1.74481e-05
1.74407e-05
1.74339e-05
1.74347e-05
1.7438e-05
1.74344e-05
1.74246e-05
1.74198e-05
1.74244e-05
1.7426e-05
1.74141e-05
1.73988e-05
1.73967e-05
1.74054e-05
1.74047e-05
1.73874e-05
1.73696e-05
1.73608e-05
1.73553e-05
1.73478e-05
1.73389e-05
1.73289e-05
1.73175e-05
1.73035e-05
1.72858e-05
1.72681e-05
1.72562e-05
1.72462e-05
1.72259e-05
1.71933e-05
1.7164e-05
1.71469e-05
1.71262e-05
1.7086e-05
1.70316e-05
1.69758e-05
1.69198e-05
1.68561e-05
1.67825e-05
1.66988e-05
1.66052e-05
1.64881e-05
1.63203e-05
1.60982e-05
1.58657e-05
1.56251e-05
1.51334e-05
1.39502e-05
1.27975e-05
1.22289e-05
1.29286e-05
1.01836e-05
8.31002e-06
7.29141e-06
6.82361e-06
6.60821e-06
6.49482e-06
6.4576e-06
6.47195e-06
6.49478e-06
6.55074e-06
6.66855e-06
6.82893e-06
7.01237e-06
7.2094e-06
7.4311e-06
7.67627e-06
7.9393e-06
8.21284e-06
8.49495e-06
8.78134e-06
9.0716e-06
9.36329e-06
9.65586e-06
9.94697e-06
1.02345e-05
1.05127e-05
1.07864e-05
1.10583e-05
1.13244e-05
1.15797e-05
1.18296e-05
1.20745e-05
1.23155e-05
1.25505e-05
1.27778e-05
1.2997e-05
1.32119e-05
1.34223e-05
1.36305e-05
1.38342e-05
1.40337e-05
1.42277e-05
1.44185e-05
1.46094e-05
1.48003e-05
1.49863e-05
1.5171e-05
1.53575e-05
1.55459e-05
1.57364e-05
1.59321e-05
1.61328e-05
1.63378e-05
1.65484e-05
1.68204e-05
1.71945e-05
1.75364e-05
1.78685e-05
1.82024e-05
1.84926e-05
1.88051e-05
1.91825e-05
1.95447e-05
1.98959e-05
2.02455e-05
2.05983e-05
2.09532e-05
2.13121e-05
2.16748e-05
2.20425e-05
2.2415e-05
2.27932e-05
2.31769e-05
2.35667e-05
2.39622e-05
2.43636e-05
2.47706e-05
2.51831e-05
2.56003e-05
2.6022e-05
2.64471e-05
2.68761e-05
2.70247e-05
2.66716e-05
2.70841e-05
2.81214e-05
2.71757e-05
2.62646e-05
2.64644e-05
2.59406e-05
2.54203e-05
2.49063e-05
2.44001e-05
2.39044e-05
2.34199e-05
2.29492e-05
2.2492e-05
2.20511e-05
2.16254e-05
2.12174e-05
2.08255e-05
2.04518e-05
2.00941e-05
1.97545e-05
1.94305e-05
1.91239e-05
1.88319e-05
1.85563e-05
1.8294e-05
1.8047e-05
1.78123e-05
1.75909e-05
1.74356e-05
1.73603e-05
1.72905e-05
1.72258e-05
1.71654e-05
1.71092e-05
1.70569e-05
1.70076e-05
1.69618e-05
1.69181e-05
1.68777e-05
1.68386e-05
1.68025e-05
1.6767e-05
1.67345e-05
1.67023e-05
1.66728e-05
1.66429e-05
1.6616e-05
1.65885e-05
1.65637e-05
1.65379e-05
1.65147e-05
1.64904e-05
1.64687e-05
1.64457e-05
1.64252e-05
1.64033e-05
1.63837e-05
1.63628e-05
1.63441e-05
1.6324e-05
1.6306e-05
1.62865e-05
1.6269e-05
1.62502e-05
1.6233e-05
1.62145e-05
1.61975e-05
1.61791e-05
1.61618e-05
1.61436e-05
1.61278e-05
1.61144e-05
1.6103e-05
1.60944e-05
1.60827e-05
1.60733e-05
1.60428e-05
1.60089e-05
1.57888e-05
5.79088e-07
3.9346e-06
4.85881e-06
6.43668e-06
9.06933e-06
1.09971e-05
1.19426e-05
1.24461e-05
1.28133e-05
1.31234e-05
1.33857e-05
1.35948e-05
1.37564e-05
1.38829e-05
1.39849e-05
1.40695e-05
1.4141e-05
1.42024e-05
1.42562e-05
1.43037e-05
1.43465e-05
1.4385e-05
1.44202e-05
1.44525e-05
1.44825e-05
1.45105e-05
1.45367e-05
1.45609e-05
1.45834e-05
1.46046e-05
1.46246e-05
1.46435e-05
1.46614e-05
1.46783e-05
1.46941e-05
1.4709e-05
1.47231e-05
1.47363e-05
1.47487e-05
1.47604e-05
1.47714e-05
1.47818e-05
1.47916e-05
1.48007e-05
1.48093e-05
1.48174e-05
1.48249e-05
1.48319e-05
1.48384e-05
1.48444e-05
1.48499e-05
1.48549e-05
1.48595e-05
1.48637e-05
1.48675e-05
1.48709e-05
1.4874e-05
1.48767e-05
1.48792e-05
1.48812e-05
1.4883e-05
1.48845e-05
1.48856e-05
1.48865e-05
1.48872e-05
1.48875e-05
1.48877e-05
1.48876e-05
1.48874e-05
1.48869e-05
1.48863e-05
1.48855e-05
1.48846e-05
1.48835e-05
1.48823e-05
1.48809e-05
1.48795e-05
1.48779e-05
1.48763e-05
1.48745e-05
1.48727e-05
1.48708e-05
1.48688e-05
1.48668e-05
1.48647e-05
1.48626e-05
1.48604e-05
1.48581e-05
1.48559e-05
1.48536e-05
1.48512e-05
1.48489e-05
1.48465e-05
1.48441e-05
1.48416e-05
1.48392e-05
1.48367e-05
1.48342e-05
1.48318e-05
1.48293e-05
1.48268e-05
1.48242e-05
1.48217e-05
1.48191e-05
1.48166e-05
1.4814e-05
1.48115e-05
1.48089e-05
1.48064e-05
1.48038e-05
1.48012e-05
1.47987e-05
1.47961e-05
1.47935e-05
1.4791e-05
1.47884e-05
1.47858e-05
1.47833e-05
1.47807e-05
1.47781e-05
1.47756e-05
1.4773e-05
1.47705e-05
1.47679e-05
1.47653e-05
1.47628e-05
1.47602e-05
1.47577e-05
1.47551e-05
1.47526e-05
1.475e-05
1.47475e-05
1.47449e-05
1.47423e-05
1.47398e-05
1.47372e-05
1.47346e-05
1.47321e-05
1.47295e-05
1.47269e-05
1.47244e-05
1.47218e-05
1.47192e-05
1.47167e-05
1.47141e-05
1.47115e-05
1.47089e-05
1.47063e-05
1.47037e-05
1.47012e-05
1.46986e-05
1.4696e-05
1.46934e-05
1.46907e-05
1.46881e-05
1.46855e-05
1.46829e-05
1.46803e-05
1.46776e-05
1.4675e-05
1.46724e-05
1.46697e-05
1.46671e-05
1.46644e-05
1.46617e-05
1.4659e-05
1.46564e-05
1.46537e-05
1.46509e-05
1.46482e-05
1.46455e-05
1.46427e-05
1.464e-05
1.46372e-05
1.46344e-05
1.46316e-05
1.46288e-05
1.4626e-05
1.46232e-05
1.46204e-05
1.46175e-05
1.46146e-05
1.46117e-05
1.46088e-05
1.46059e-05
1.46029e-05
1.46e-05
1.4597e-05
1.4594e-05
1.4591e-05
1.45879e-05
1.45849e-05
1.45818e-05
1.45787e-05
1.45755e-05
1.45724e-05
1.45692e-05
1.4566e-05
1.45628e-05
1.45595e-05
1.45563e-05
1.45529e-05
1.45496e-05
1.45462e-05
1.45428e-05
1.45393e-05
1.45358e-05
1.45323e-05
1.45288e-05
1.45252e-05
1.45215e-05
1.45179e-05
1.45142e-05
1.45104e-05
1.45066e-05
1.45028e-05
1.44989e-05
1.4495e-05
1.4491e-05
1.44869e-05
1.44828e-05
1.44787e-05
1.44745e-05
1.44702e-05
1.44659e-05
1.44616e-05
1.44571e-05
1.44526e-05
1.44481e-05
1.44434e-05
1.44387e-05
1.44339e-05
1.44291e-05
1.4424e-05
1.44193e-05
1.44137e-05
1.44088e-05
1.44058e-05
1.43906e-05
1.43747e-05
1.43646e-05
1.43475e-05
1.43289e-05
1.43104e-05
1.42919e-05
1.42735e-05
1.42551e-05
1.42367e-05
1.42184e-05
1.42001e-05
1.41818e-05
1.41634e-05
1.4145e-05
1.41258e-05
1.41051e-05
1.40827e-05
1.40584e-05
1.40321e-05
1.4004e-05
1.39739e-05
1.39422e-05
1.39088e-05
1.38739e-05
1.38375e-05
1.38e-05
1.37613e-05
1.37217e-05
1.36813e-05
1.36402e-05
1.35986e-05
1.35567e-05
1.35146e-05
1.34725e-05
1.34306e-05
1.3389e-05
1.3348e-05
1.33076e-05
1.32679e-05
1.32293e-05
1.31916e-05
1.31551e-05
1.312e-05
1.30862e-05
1.30539e-05
1.30233e-05
1.29943e-05
1.2967e-05
1.29416e-05
1.29177e-05
1.28959e-05
1.28751e-05
1.28549e-05
1.28351e-05
1.28154e-05
1.27957e-05
1.27763e-05
1.27569e-05
1.27377e-05
1.27188e-05
1.27002e-05
1.26818e-05
1.26638e-05
1.26463e-05
1.26292e-05
1.26127e-05
1.25968e-05
1.25817e-05
1.25673e-05
1.25539e-05
1.25415e-05
1.25303e-05
1.25204e-05
1.25121e-05
1.25054e-05
1.25006e-05
1.2498e-05
1.24979e-05
1.25006e-05
1.25065e-05
1.25161e-05
1.25298e-05
1.25484e-05
1.25724e-05
1.26029e-05
1.26409e-05
1.26874e-05
1.27447e-05
1.28134e-05
1.28974e-05
1.29982e-05
1.31211e-05
1.32703e-05
1.34519e-05
1.36768e-05
1.39487e-05
1.43142e-05
1.47437e-05
1.54245e-05
1.62207e-05
1.87297e-05
1.93132e-05
1.79122e-05
1.74547e-05
1.64214e-05
1.53937e-05
1.43423e-05
1.33611e-05
1.2455e-05
1.16576e-05
1.09867e-05
1.04017e-05
9.89974e-06
9.49689e-06
9.19289e-06
8.92683e-06
8.70031e-06
8.55762e-06
8.50491e-06
8.36922e-06
8.15988e-06
8.48772e-06
9.23206e-06
9.58223e-06
9.88048e-06
1.03228e-05
1.0745e-05
1.11082e-05
1.17938e-05
1.23766e-05
1.23731e-05
1.22188e-05
1.22924e-05
1.27734e-05
1.34639e-05
1.4021e-05
1.4388e-05
1.4733e-05
1.51255e-05
1.55145e-05
1.58485e-05
1.61346e-05
1.64096e-05
1.66783e-05
1.69101e-05
1.70895e-05
1.72322e-05
1.73549e-05
1.74626e-05
1.75592e-05
1.76463e-05
1.77222e-05
1.77847e-05
1.78387e-05
1.78918e-05
1.79426e-05
1.79828e-05
1.80107e-05
1.80224e-05
1.80123e-05
1.80004e-05
1.80197e-05
1.80644e-05
1.80917e-05
1.80898e-05
1.80945e-05
1.81309e-05
1.81766e-05
1.81922e-05
1.81837e-05
1.81988e-05
1.82495e-05
1.82908e-05
1.82926e-05
1.82837e-05
1.83109e-05
1.83646e-05
1.83837e-05
1.83542e-05
1.83477e-05
1.84086e-05
1.84776e-05
1.84716e-05
1.84144e-05
1.8409e-05
1.84713e-05
1.85305e-05
1.85535e-05
1.85582e-05
1.85597e-05
1.85596e-05
1.85591e-05
1.85589e-05
1.857e-05
1.85986e-05
1.8617e-05
1.85929e-05
1.8553e-05
1.85628e-05
1.86204e-05
1.86385e-05
1.85863e-05
1.85431e-05
1.85677e-05
1.8629e-05
1.86726e-05
1.86982e-05
1.87225e-05
1.87514e-05
1.87706e-05
1.87568e-05
1.87769e-05
1.89852e-05
1.93469e-05
1.95122e-05
1.89819e-05
2.03804e-05
2.59079e-05
3.80535e-05
4.61518e-05
2.56699e-05
1.27199e-05
8.17316e-06
6.95898e-06
6.52079e-06
6.42804e-06
6.39096e-06
6.25677e-06
6.20782e-06
6.23491e-06
6.32369e-06
6.45688e-06
6.62613e-06
6.86329e-06
7.17321e-06
7.54307e-06
7.96678e-06
8.43942e-06
8.95887e-06
9.52008e-06
1.01214e-05
1.07515e-05
1.14049e-05
1.2069e-05
1.27464e-05
1.34461e-05
1.41597e-05
1.48678e-05
1.5585e-05
1.63182e-05
1.7058e-05
1.77969e-05
1.85378e-05
1.92797e-05
2.00387e-05
2.08101e-05
2.15947e-05
2.23905e-05
2.32013e-05
2.40342e-05
2.48994e-05
2.58036e-05
2.6754e-05
2.77464e-05
2.88052e-05
2.9947e-05
3.11721e-05
3.24903e-05
3.39106e-05
3.5438e-05
3.70736e-05
3.88167e-05
4.06594e-05
4.25709e-05
4.45025e-05
4.64745e-05
4.85087e-05
5.05514e-05
5.26072e-05
5.50048e-05
5.73431e-05
5.97517e-05
6.24442e-05
6.51587e-05
6.80186e-05
7.09818e-05
7.40959e-05
7.73463e-05
8.07609e-05
8.43373e-05
8.80944e-05
9.20358e-05
9.61752e-05
0.000100518
0.000105076
0.000109855
0.000114861
0.0001201
0.000125575
0.000131288
0.00013724
0.000143436
0.000150048
0.000157155
0.00016416
0.000167602
0.000160968
0.000153579
0.000145942
0.00013882
0.000131925
0.00012528
0.000118897
0.00011279
0.000106964
0.000101427
9.61765e-05
9.12153e-05
8.65346e-05
8.21333e-05
7.79985e-05
7.41252e-05
7.0498e-05
6.71101e-05
6.39444e-05
6.09937e-05
5.82396e-05
5.5676e-05
5.32835e-05
5.10576e-05
4.89815e-05
4.70463e-05
4.52236e-05
4.35217e-05
4.19344e-05
4.04548e-05
3.90746e-05
3.77849e-05
3.65812e-05
3.5454e-05
3.44016e-05
3.34131e-05
3.24904e-05
3.16211e-05
3.08094e-05
3.00397e-05
2.9322e-05
2.86418e-05
2.80058e-05
2.73986e-05
2.68345e-05
2.62943e-05
2.57906e-05
2.53063e-05
2.48546e-05
2.44193e-05
2.40132e-05
2.36202e-05
2.32539e-05
2.28981e-05
2.25663e-05
2.22433e-05
2.19419e-05
2.16475e-05
2.13729e-05
2.1104e-05
2.08528e-05
2.06068e-05
2.03767e-05
2.01507e-05
1.99399e-05
1.97318e-05
1.9539e-05
1.9349e-05
1.91819e-05
1.90235e-05
1.88979e-05
1.87712e-05
1.8703e-05
1.85787e-05
1.86505e-05
1.83005e-05
1.92153e-05
9.99417e-06
9.09827e-06
8.59767e-06
1.2606e-05
1.77241e-05
2.13933e-05
2.36404e-05
2.50308e-05
2.59686e-05
2.67165e-05
2.73504e-05
2.78654e-05
2.82693e-05
2.85874e-05
2.88447e-05
2.9059e-05
2.92409e-05
2.93979e-05
2.95355e-05
2.96577e-05
2.97677e-05
2.98672e-05
2.99578e-05
3.00412e-05
3.01187e-05
3.01908e-05
3.02582e-05
3.03208e-05
3.0379e-05
3.04336e-05
3.04852e-05
3.05339e-05
3.058e-05
3.06234e-05
3.06642e-05
3.07027e-05
3.0739e-05
3.07732e-05
3.08054e-05
3.08357e-05
3.08644e-05
3.08915e-05
3.09171e-05
3.09411e-05
3.09638e-05
3.09851e-05
3.10051e-05
3.10239e-05
3.10415e-05
3.10579e-05
3.10731e-05
3.10871e-05
3.11001e-05
3.11122e-05
3.11234e-05
3.11337e-05
3.11431e-05
3.11518e-05
3.11597e-05
3.11668e-05
3.11731e-05
3.11788e-05
3.11838e-05
3.11881e-05
3.11918e-05
3.1195e-05
3.11976e-05
3.11997e-05
3.12013e-05
3.12026e-05
3.12034e-05
3.12038e-05
3.12039e-05
3.12037e-05
3.12031e-05
3.12022e-05
3.12011e-05
3.11997e-05
3.11981e-05
3.11963e-05
3.11943e-05
3.11921e-05
3.11897e-05
3.11872e-05
3.11846e-05
3.11817e-05
3.11788e-05
3.11758e-05
3.11726e-05
3.11694e-05
3.11661e-05
3.11627e-05
3.11592e-05
3.11556e-05
3.1152e-05
3.11483e-05
3.11446e-05
3.11408e-05
3.1137e-05
3.11332e-05
3.11293e-05
3.11253e-05
3.11214e-05
3.11173e-05
3.11133e-05
3.11092e-05
3.11051e-05
3.1101e-05
3.10968e-05
3.10926e-05
3.10884e-05
3.10842e-05
3.108e-05
3.10758e-05
3.10716e-05
3.10673e-05
3.1063e-05
3.10588e-05
3.10545e-05
3.10502e-05
3.10459e-05
3.10416e-05
3.10372e-05
3.10329e-05
3.10286e-05
3.10242e-05
3.10199e-05
3.10155e-05
3.10111e-05
3.10068e-05
3.10024e-05
3.0998e-05
3.09935e-05
3.09891e-05
3.09847e-05
3.09802e-05
3.09758e-05
3.09713e-05
3.09668e-05
3.09624e-05
3.09579e-05
3.09534e-05
3.09489e-05
3.09444e-05
3.09399e-05
3.09354e-05
3.09308e-05
3.09263e-05
3.09218e-05
3.09172e-05
3.09127e-05
3.09081e-05
3.09035e-05
3.08989e-05
3.08943e-05
3.08897e-05
3.08851e-05
3.08805e-05
3.08759e-05
3.08712e-05
3.08666e-05
3.08619e-05
3.08572e-05
3.08525e-05
3.08478e-05
3.08431e-05
3.08384e-05
3.08337e-05
3.08289e-05
3.08241e-05
3.08193e-05
3.08145e-05
3.08097e-05
3.08048e-05
3.08e-05
3.07951e-05
3.07902e-05
3.07853e-05
3.07804e-05
3.07754e-05
3.07705e-05
3.07655e-05
3.07605e-05
3.07554e-05
3.07504e-05
3.07453e-05
3.07402e-05
3.07351e-05
3.073e-05
3.07248e-05
3.07196e-05
3.07143e-05
3.07091e-05
3.07038e-05
3.06985e-05
3.06932e-05
3.06879e-05
3.06825e-05
3.06771e-05
3.06717e-05
3.06662e-05
3.06607e-05
3.06551e-05
3.06495e-05
3.06439e-05
3.06382e-05
3.06325e-05
3.06267e-05
3.06209e-05
3.06151e-05
3.06092e-05
3.06033e-05
3.05974e-05
3.05914e-05
3.05853e-05
3.05792e-05
3.05731e-05
3.05669e-05
3.05606e-05
3.05542e-05
3.05478e-05
3.05414e-05
3.05349e-05
3.05283e-05
3.05217e-05
3.05151e-05
3.05084e-05
3.05016e-05
3.04947e-05
3.04877e-05
3.04807e-05
3.04735e-05
3.04664e-05
3.04588e-05
3.04519e-05
3.04437e-05
3.04362e-05
3.04346e-05
3.03986e-05
3.03399e-05
3.02894e-05
3.02274e-05
3.01602e-05
3.00928e-05
3.00254e-05
2.99581e-05
2.98912e-05
2.98245e-05
2.97579e-05
2.96916e-05
2.96253e-05
2.95592e-05
2.94932e-05
2.94256e-05
2.9355e-05
2.92813e-05
2.92038e-05
2.91227e-05
2.90379e-05
2.89496e-05
2.88579e-05
2.87632e-05
2.86656e-05
2.85654e-05
2.84629e-05
2.83583e-05
2.82521e-05
2.81444e-05
2.80356e-05
2.7926e-05
2.7816e-05
2.77058e-05
2.75959e-05
2.74865e-05
2.73781e-05
2.72711e-05
2.71655e-05
2.70618e-05
2.69605e-05
2.68615e-05
2.67651e-05
2.66719e-05
2.65817e-05
2.6495e-05
2.6412e-05
2.63328e-05
2.62573e-05
2.61862e-05
2.61187e-05
2.60559e-05
2.59956e-05
2.59371e-05
2.58798e-05
2.58235e-05
2.57678e-05
2.57132e-05
2.56595e-05
2.56069e-05
2.55556e-05
2.55057e-05
2.54572e-05
2.54102e-05
2.53651e-05
2.5322e-05
2.52811e-05
2.52425e-05
2.52066e-05
2.51736e-05
2.51438e-05
2.51175e-05
2.50952e-05
2.50772e-05
2.50641e-05
2.50563e-05
2.50545e-05
2.50594e-05
2.50717e-05
2.50925e-05
2.51226e-05
2.51634e-05
2.52164e-05
2.5283e-05
2.53653e-05
2.54657e-05
2.5587e-05
2.57321e-05
2.59065e-05
2.61126e-05
2.63597e-05
2.66531e-05
2.70049e-05
2.74274e-05
2.79359e-05
2.8563e-05
2.93176e-05
3.03065e-05
3.14811e-05
3.32526e-05
3.53697e-05
4.134e-05
4.41919e-05
4.156e-05
4.03552e-05
3.7923e-05
3.52767e-05
3.24888e-05
2.97997e-05
2.72707e-05
2.49941e-05
2.3032e-05
2.13073e-05
1.98021e-05
1.85446e-05
1.75434e-05
1.66628e-05
1.58862e-05
1.53066e-05
1.49484e-05
1.44338e-05
1.37235e-05
1.41347e-05
1.54524e-05
1.6023e-05
1.64774e-05
1.72342e-05
1.79837e-05
1.86073e-05
1.98759e-05
2.10544e-05
2.10942e-05
2.06923e-05
2.06566e-05
2.14345e-05
2.27142e-05
2.38188e-05
2.45598e-05
2.52231e-05
2.59772e-05
2.67513e-05
2.74382e-05
2.8032e-05
2.86012e-05
2.91664e-05
2.96731e-05
3.00807e-05
3.0409e-05
3.06907e-05
3.094e-05
3.11648e-05
3.13699e-05
3.15528e-05
3.17082e-05
3.18431e-05
3.19735e-05
3.21005e-05
3.22081e-05
3.22899e-05
3.23374e-05
3.23353e-05
3.23164e-05
3.23506e-05
3.24439e-05
3.25169e-05
3.25295e-05
3.25409e-05
3.26122e-05
3.27149e-05
3.27678e-05
3.27634e-05
3.27907e-05
3.28935e-05
3.29959e-05
3.30236e-05
3.30142e-05
3.30653e-05
3.31821e-05
3.32487e-05
3.32101e-05
3.31911e-05
3.33054e-05
3.34676e-05
3.34988e-05
3.34026e-05
3.33767e-05
3.34954e-05
3.36387e-05
3.37212e-05
3.37598e-05
3.37852e-05
3.38048e-05
3.38224e-05
3.38398e-05
3.38788e-05
3.39583e-05
3.40309e-05
3.40219e-05
3.39636e-05
3.39906e-05
3.4132e-05
3.42265e-05
3.41767e-05
3.41155e-05
3.41844e-05
3.43555e-05
3.45206e-05
3.46587e-05
3.47981e-05
3.49555e-05
3.51076e-05
3.51978e-05
3.53406e-05
3.5872e-05
3.68191e-05
3.7526e-05
3.66511e-05
3.92976e-05
5.03731e-05
7.51251e-05
0.000111825
6.98206e-05
3.23922e-05
1.86315e-05
1.49464e-05
1.36334e-05
1.33171e-05
1.31614e-05
1.27502e-05
1.25755e-05
1.26017e-05
1.2794e-05
1.31094e-05
1.35273e-05
1.41308e-05
1.49305e-05
1.58952e-05
1.70073e-05
1.82533e-05
1.96285e-05
2.11181e-05
2.27152e-05
2.43907e-05
2.61304e-05
2.79051e-05
2.97212e-05
3.15921e-05
3.34982e-05
3.54046e-05
3.73432e-05
3.93183e-05
4.13125e-05
4.33147e-05
4.53337e-05
4.73697e-05
4.94512e-05
5.15661e-05
5.37234e-05
5.59242e-05
5.8184e-05
6.05186e-05
6.29497e-05
6.5491e-05
6.81614e-05
7.09773e-05
7.3995e-05
7.72258e-05
8.068e-05
8.4403e-05
8.84038e-05
9.26994e-05
9.73098e-05
0.000102233
0.000107441
0.000112902
0.000118592
0.000124281
0.000130008
0.000135776
0.000141604
0.000147842
0.000154079
0.000160848
0.000168098
0.000175303
0.000182762
0.000190416
0.000198331
0.00020648
0.000214898
0.000223573
0.000232525
0.000241745
0.000251242
0.000261008
0.000271043
0.000281334
0.000291873
0.000302642
0.00031362
0.000324782
0.0003361
0.000347564
0.0003594
0.000371614
0.000382848
0.000382995
0.000371195
0.000357946
0.000344168
0.000330753
0.000317451
0.000304327
0.00029143
0.000278813
0.000266511
0.000254567
0.000243001
0.000231849
0.000221116
0.000210829
0.000200982
0.000191593
0.000182647
0.000174153
0.00016609
0.000158463
0.000151242
0.000144432
0.000137999
0.000131944
0.000126233
0.000120861
0.000115759
0.000110948
0.000106423
0.000102177
9.81895e-05
9.44442e-05
9.09285e-05
8.76241e-05
8.45239e-05
8.16059e-05
7.88694e-05
7.62896e-05
7.38715e-05
7.1586e-05
6.94439e-05
6.74164e-05
6.5516e-05
6.37113e-05
6.20218e-05
6.04132e-05
5.89074e-05
5.74693e-05
5.61224e-05
5.48339e-05
5.36268e-05
5.24686e-05
5.13839e-05
5.03401e-05
4.93619e-05
4.84193e-05
4.75352e-05
4.66813e-05
4.58802e-05
4.5105e-05
4.43767e-05
4.36716e-05
4.30087e-05
4.23657e-05
4.17618e-05
4.11743e-05
4.06244e-05
4.00909e-05
3.96108e-05
3.91595e-05
3.87812e-05
3.84102e-05
3.81633e-05
3.78092e-05
3.78633e-05
3.70358e-05
3.86236e-05
3.84019e-05
2.94372e-05
2.48474e-05
2.85904e-05
3.42059e-05
3.9153e-05
4.30282e-05
4.57946e-05
4.76964e-05
4.91728e-05
5.04191e-05
5.14549e-05
5.22874e-05
5.29538e-05
5.34979e-05
5.39538e-05
5.43434e-05
5.46814e-05
5.49787e-05
5.52435e-05
5.5482e-05
5.56984e-05
5.58956e-05
5.60771e-05
5.62454e-05
5.64021e-05
5.65484e-05
5.66845e-05
5.68109e-05
5.69294e-05
5.70411e-05
5.71466e-05
5.72461e-05
5.734e-05
5.74282e-05
5.75113e-05
5.75897e-05
5.76637e-05
5.77333e-05
5.77988e-05
5.78609e-05
5.79196e-05
5.79748e-05
5.8027e-05
5.80762e-05
5.81226e-05
5.81664e-05
5.82075e-05
5.82463e-05
5.82825e-05
5.83164e-05
5.83478e-05
5.83772e-05
5.84047e-05
5.84305e-05
5.84545e-05
5.84769e-05
5.84976e-05
5.85169e-05
5.85347e-05
5.8551e-05
5.85661e-05
5.85799e-05
5.85924e-05
5.86038e-05
5.86141e-05
5.86235e-05
5.86319e-05
5.86395e-05
5.86463e-05
5.86523e-05
5.86577e-05
5.86624e-05
5.86665e-05
5.86701e-05
5.86731e-05
5.86757e-05
5.86778e-05
5.86794e-05
5.86807e-05
5.86816e-05
5.86821e-05
5.86824e-05
5.86823e-05
5.8682e-05
5.86814e-05
5.86805e-05
5.86794e-05
5.86781e-05
5.86766e-05
5.86749e-05
5.86731e-05
5.8671e-05
5.86689e-05
5.86665e-05
5.86641e-05
5.86615e-05
5.86587e-05
5.86559e-05
5.86529e-05
5.86499e-05
5.86467e-05
5.86435e-05
5.864e-05
5.86365e-05
5.8633e-05
5.86293e-05
5.86256e-05
5.86218e-05
5.86179e-05
5.86139e-05
5.86099e-05
5.86058e-05
5.86017e-05
5.85975e-05
5.85932e-05
5.85889e-05
5.85846e-05
5.85801e-05
5.85757e-05
5.85712e-05
5.85667e-05
5.85621e-05
5.85574e-05
5.85527e-05
5.8548e-05
5.85432e-05
5.85385e-05
5.85336e-05
5.85288e-05
5.85238e-05
5.85188e-05
5.85138e-05
5.85087e-05
5.85036e-05
5.84985e-05
5.84933e-05
5.84881e-05
5.84829e-05
5.84776e-05
5.84724e-05
5.84671e-05
5.84617e-05
5.84563e-05
5.84509e-05
5.84455e-05
5.844e-05
5.84345e-05
5.8429e-05
5.84235e-05
5.8418e-05
5.84124e-05
5.84068e-05
5.84011e-05
5.83954e-05
5.83898e-05
5.83841e-05
5.83784e-05
5.83727e-05
5.8367e-05
5.83612e-05
5.83554e-05
5.83496e-05
5.83438e-05
5.8338e-05
5.83321e-05
5.83262e-05
5.83203e-05
5.83143e-05
5.83084e-05
5.83024e-05
5.82964e-05
5.82904e-05
5.82843e-05
5.82783e-05
5.82722e-05
5.82662e-05
5.82601e-05
5.8254e-05
5.82479e-05
5.82417e-05
5.82355e-05
5.82294e-05
5.82232e-05
5.8217e-05
5.82107e-05
5.82045e-05
5.81982e-05
5.8192e-05
5.81857e-05
5.81794e-05
5.81731e-05
5.81667e-05
5.81604e-05
5.81541e-05
5.81477e-05
5.81414e-05
5.81351e-05
5.81288e-05
5.81224e-05
5.8116e-05
5.81096e-05
5.81032e-05
5.80968e-05
5.80903e-05
5.80838e-05
5.80773e-05
5.80708e-05
5.80643e-05
5.80579e-05
5.80514e-05
5.80449e-05
5.80385e-05
5.8032e-05
5.80255e-05
5.8019e-05
5.80125e-05
5.8006e-05
5.79995e-05
5.79929e-05
5.79863e-05
5.79798e-05
5.79732e-05
5.79667e-05
5.79602e-05
5.79538e-05
5.79474e-05
5.79409e-05
5.79344e-05
5.79279e-05
5.79214e-05
5.79148e-05
5.79085e-05
5.79017e-05
5.78957e-05
5.78886e-05
5.78809e-05
5.78865e-05
5.78283e-05
5.76988e-05
5.75746e-05
5.74439e-05
5.73032e-05
5.71599e-05
5.70162e-05
5.68728e-05
5.67299e-05
5.65876e-05
5.64458e-05
5.63043e-05
5.61632e-05
5.60223e-05
5.58819e-05
5.57391e-05
5.55916e-05
5.54388e-05
5.52806e-05
5.51167e-05
5.49474e-05
5.47725e-05
5.45925e-05
5.44079e-05
5.42188e-05
5.40258e-05
5.38292e-05
5.36297e-05
5.34277e-05
5.32236e-05
5.30179e-05
5.28111e-05
5.26039e-05
5.23967e-05
5.219e-05
5.19845e-05
5.17807e-05
5.15796e-05
5.1381e-05
5.11854e-05
5.09942e-05
5.08069e-05
5.0624e-05
5.04466e-05
5.02745e-05
5.01082e-05
4.99482e-05
4.97948e-05
4.96475e-05
4.9508e-05
4.93747e-05
4.92493e-05
4.91286e-05
4.9011e-05
4.88958e-05
4.87829e-05
4.86718e-05
4.8563e-05
4.84563e-05
4.83522e-05
4.8251e-05
4.81527e-05
4.80576e-05
4.79659e-05
4.7878e-05
4.77944e-05
4.77154e-05
4.76412e-05
4.75725e-05
4.75097e-05
4.74535e-05
4.74044e-05
4.73631e-05
4.73305e-05
4.73074e-05
4.72949e-05
4.72941e-05
4.73063e-05
4.73331e-05
4.7376e-05
4.7437e-05
4.75185e-05
4.7623e-05
4.77538e-05
4.79142e-05
4.81088e-05
4.83428e-05
4.86218e-05
4.89553e-05
4.93487e-05
4.98181e-05
5.03738e-05
5.10379e-05
5.18318e-05
5.27856e-05
5.39535e-05
5.53613e-05
5.7171e-05
5.93448e-05
6.24716e-05
6.62994e-05
7.59513e-05
8.37723e-05
8.19999e-05
8.03517e-05
7.69823e-05
7.27038e-05
6.78851e-05
6.29587e-05
5.81516e-05
5.36358e-05
4.95978e-05
4.60037e-05
4.28302e-05
4.00612e-05
3.77612e-05
3.57681e-05
3.39978e-05
3.25059e-05
3.14347e-05
3.03535e-05
2.87861e-05
2.83358e-05
2.94415e-05
3.00345e-05
3.04228e-05
3.1186e-05
3.20599e-05
3.27548e-05
3.42742e-05
3.60571e-05
3.64837e-05
3.59586e-05
3.56054e-05
3.62781e-05
3.78612e-05
3.94926e-05
4.06921e-05
4.16933e-05
4.27818e-05
4.39444e-05
4.50353e-05
4.59976e-05
4.69111e-05
4.78238e-05
4.86809e-05
4.94095e-05
5.00108e-05
5.05247e-05
5.098e-05
5.13903e-05
5.17667e-05
5.2109e-05
5.24083e-05
5.26693e-05
5.29153e-05
5.31561e-05
5.33734e-05
5.35539e-05
5.36835e-05
5.3732e-05
5.37257e-05
5.37671e-05
5.39042e-05
5.40472e-05
5.41073e-05
5.41346e-05
5.4231e-05
5.43969e-05
5.45213e-05
5.45501e-05
5.45854e-05
5.47279e-05
5.49103e-05
5.50059e-05
5.50171e-05
5.50808e-05
5.52578e-05
5.54122e-05
5.5409e-05
5.5371e-05
5.55034e-05
5.57697e-05
5.59102e-05
5.5826e-05
5.57557e-05
5.58882e-05
5.61211e-05
5.63055e-05
5.64199e-05
5.64996e-05
5.65617e-05
5.66155e-05
5.66638e-05
5.67356e-05
5.68733e-05
5.70332e-05
5.7092e-05
5.70409e-05
5.70633e-05
5.72755e-05
5.74977e-05
5.75213e-05
5.74548e-05
5.75312e-05
5.77954e-05
5.81135e-05
5.84148e-05
5.87185e-05
5.90534e-05
5.93989e-05
5.96474e-05
5.98916e-05
6.06426e-05
6.2162e-05
6.36347e-05
6.23903e-05
6.46811e-05
7.92162e-05
0.000113114
0.000173129
0.000135687
7.39896e-05
4.27404e-05
3.38347e-05
3.05834e-05
2.95218e-05
2.89483e-05
2.80461e-05
2.76055e-05
2.75711e-05
2.79522e-05
2.86543e-05
2.96045e-05
3.09194e-05
3.26382e-05
3.47146e-05
3.71091e-05
3.97822e-05
4.27225e-05
4.58946e-05
4.92833e-05
5.28361e-05
5.65294e-05
6.03168e-05
6.42019e-05
6.81678e-05
7.22008e-05
7.62837e-05
8.04419e-05
8.46366e-05
8.88686e-05
9.31406e-05
9.74736e-05
0.000101861
0.000106316
0.000110812
0.000115396
0.00012008
0.000124911
0.000129896
0.000135057
0.000140399
0.000145964
0.000151848
0.000158116
0.000164685
0.000171609
0.00017901
0.00018687
0.000195213
0.000204129
0.000213607
0.000223587
0.000234132
0.000245412
0.000256438
0.00026711
0.000277848
0.000288608
0.000298648
0.000309818
0.000322135
0.000334764
0.000347086
0.000359594
0.000372316
0.000385264
0.000398446
0.000411869
0.000425534
0.000439444
0.000453596
0.00046798
0.000482589
0.000497407
0.000512414
0.000527583
0.000542882
0.000558268
0.000573692
0.000589091
0.000604428
0.000619875
0.000635021
0.000645587
0.000642879
0.000626357
0.000607879
0.00058868
0.000569601
0.000550505
0.000531507
0.000512681
0.000494116
0.000475858
0.00045798
0.000440509
0.000423507
0.000406979
0.000390979
0.000375497
0.000360575
0.00034619
0.000332376
0.000319102
0.000306394
0.000294212
0.000282581
0.000271453
0.00026085
0.000250721
0.000241079
0.000231835
0.000223025
0.000214636
0.00020667
0.000199098
0.000191908
0.00018508
0.000178596
0.000172447
0.000166603
0.000161067
0.000155803
0.000150822
0.000146081
0.000141597
0.000137324
0.000133287
0.000129434
0.000125795
0.000122317
0.000119038
0.000115896
0.000112935
0.000110094
0.000107418
0.000104846
0.000102424
0.000100092
9.78953e-05
9.5779e-05
9.37846e-05
9.18602e-05
9.00467e-05
8.82949e-05
8.66422e-05
8.50457e-05
8.35385e-05
8.20808e-05
8.07053e-05
7.93727e-05
7.81177e-05
7.69055e-05
7.57964e-05
7.47562e-05
7.38444e-05
7.29688e-05
7.22832e-05
7.14618e-05
7.12198e-05
6.96716e-05
7.0802e-05
8.56904e-05
6.0506e-05
4.98446e-05
4.99907e-05
5.41015e-05
5.94806e-05
6.49187e-05
6.93928e-05
7.26728e-05
7.52311e-05
7.73862e-05
7.92087e-05
8.07114e-05
8.19398e-05
8.29566e-05
8.3816e-05
8.45554e-05
8.52005e-05
8.57706e-05
8.62799e-05
8.67398e-05
8.71578e-05
8.75396e-05
8.78912e-05
8.82172e-05
8.85207e-05
8.88041e-05
8.9068e-05
8.93137e-05
8.95438e-05
8.97607e-05
8.99652e-05
9.01581e-05
9.03401e-05
9.05113e-05
9.06726e-05
9.0825e-05
9.09688e-05
9.11042e-05
9.12319e-05
9.13528e-05
9.14671e-05
9.1575e-05
9.1677e-05
9.17735e-05
9.18646e-05
9.19507e-05
9.20319e-05
9.21086e-05
9.21809e-05
9.22486e-05
9.2312e-05
9.23717e-05
9.24279e-05
9.24808e-05
9.25307e-05
9.25775e-05
9.26215e-05
9.26629e-05
9.27017e-05
9.2738e-05
9.2772e-05
9.28038e-05
9.28336e-05
9.28613e-05
9.28872e-05
9.29114e-05
9.29341e-05
9.29553e-05
9.29752e-05
9.29938e-05
9.30113e-05
9.30277e-05
9.30431e-05
9.30575e-05
9.30711e-05
9.30838e-05
9.30956e-05
9.31068e-05
9.31173e-05
9.31271e-05
9.31363e-05
9.3145e-05
9.31531e-05
9.31607e-05
9.31678e-05
9.31744e-05
9.31806e-05
9.31864e-05
9.31919e-05
9.31969e-05
9.32016e-05
9.32059e-05
9.32099e-05
9.32137e-05
9.32171e-05
9.32202e-05
9.32231e-05
9.32257e-05
9.3228e-05
9.32301e-05
9.3232e-05
9.32335e-05
9.32348e-05
9.32359e-05
9.32368e-05
9.32375e-05
9.3238e-05
9.32383e-05
9.32383e-05
9.32382e-05
9.3238e-05
9.32375e-05
9.3237e-05
9.32362e-05
9.32354e-05
9.32343e-05
9.32331e-05
9.32317e-05
9.32303e-05
9.32287e-05
9.3227e-05
9.32251e-05
9.32231e-05
9.32209e-05
9.32187e-05
9.32163e-05
9.32139e-05
9.32113e-05
9.32086e-05
9.32058e-05
9.32028e-05
9.31997e-05
9.31966e-05
9.31933e-05
9.31899e-05
9.31864e-05
9.31829e-05
9.31792e-05
9.31755e-05
9.31717e-05
9.31679e-05
9.31639e-05
9.31599e-05
9.31558e-05
9.31515e-05
9.31473e-05
9.3143e-05
9.31386e-05
9.31342e-05
9.31297e-05
9.31251e-05
9.31204e-05
9.31157e-05
9.3111e-05
9.31062e-05
9.31013e-05
9.30965e-05
9.30916e-05
9.30867e-05
9.30817e-05
9.30767e-05
9.30717e-05
9.30666e-05
9.30614e-05
9.30562e-05
9.3051e-05
9.30458e-05
9.30405e-05
9.30351e-05
9.30298e-05
9.30244e-05
9.3019e-05
9.30136e-05
9.30082e-05
9.30028e-05
9.29974e-05
9.29919e-05
9.29865e-05
9.2981e-05
9.29755e-05
9.29701e-05
9.29646e-05
9.29591e-05
9.29537e-05
9.29482e-05
9.29427e-05
9.29373e-05
9.29319e-05
9.29265e-05
9.2921e-05
9.29156e-05
9.29103e-05
9.2905e-05
9.28997e-05
9.28945e-05
9.28894e-05
9.28843e-05
9.28793e-05
9.28743e-05
9.28693e-05
9.28644e-05
9.28595e-05
9.28546e-05
9.28497e-05
9.28449e-05
9.28402e-05
9.28356e-05
9.28311e-05
9.28267e-05
9.28224e-05
9.28183e-05
9.28142e-05
9.28102e-05
9.28063e-05
9.28025e-05
9.27989e-05
9.27953e-05
9.27919e-05
9.27885e-05
9.27853e-05
9.27822e-05
9.27793e-05
9.27766e-05
9.27741e-05
9.27719e-05
9.27699e-05
9.2768e-05
9.27662e-05
9.27646e-05
9.27632e-05
9.27619e-05
9.27611e-05
9.27601e-05
9.27599e-05
9.27598e-05
9.27564e-05
9.27756e-05
9.26967e-05
9.24734e-05
9.22413e-05
9.20159e-05
9.17793e-05
9.15367e-05
9.12927e-05
9.1049e-05
9.08061e-05
9.05641e-05
9.0323e-05
9.00827e-05
8.9843e-05
8.96039e-05
8.93659e-05
8.91248e-05
8.88767e-05
8.86213e-05
8.83586e-05
8.80883e-05
8.78105e-05
8.75254e-05
8.72334e-05
8.69351e-05
8.6631e-05
8.63216e-05
8.60076e-05
8.56898e-05
8.53688e-05
8.50452e-05
8.47198e-05
8.43933e-05
8.40665e-05
8.37401e-05
8.3415e-05
8.30918e-05
8.27715e-05
8.24553e-05
8.21434e-05
8.18361e-05
8.15353e-05
8.12407e-05
8.09528e-05
8.0673e-05
8.04014e-05
8.01385e-05
7.9885e-05
7.96416e-05
7.94074e-05
7.91848e-05
7.89717e-05
7.87705e-05
7.85771e-05
7.83882e-05
7.82035e-05
7.80228e-05
7.78459e-05
7.76731e-05
7.75045e-05
7.73406e-05
7.71819e-05
7.70286e-05
7.68811e-05
7.67397e-05
7.66052e-05
7.64781e-05
7.6359e-05
7.62486e-05
7.61475e-05
7.60567e-05
7.59771e-05
7.59096e-05
7.58555e-05
7.58159e-05
7.57924e-05
7.57865e-05
7.58e-05
7.5835e-05
7.58939e-05
7.59792e-05
7.6094e-05
7.6242e-05
7.64272e-05
7.66543e-05
7.69289e-05
7.72579e-05
7.7649e-05
7.81112e-05
7.86584e-05
7.92993e-05
8.00577e-05
8.0949e-05
8.20067e-05
8.32606e-05
8.47579e-05
8.65705e-05
8.87486e-05
9.14922e-05
9.47997e-05
9.93517e-05
0.000105057
0.000117858
0.000132508
0.00013435
0.000133265
0.000130122
0.000125031
0.00011871
0.000111752
0.000104619
9.75404e-05
9.08837e-05
8.47827e-05
7.92552e-05
7.41642e-05
6.96992e-05
6.57872e-05
6.2248e-05
5.89727e-05
5.63715e-05
5.42042e-05
5.10527e-05
4.83473e-05
4.80719e-05
4.81002e-05
4.80097e-05
4.83448e-05
4.9001e-05
4.94761e-05
5.08671e-05
5.30905e-05
5.40992e-05
5.36187e-05
5.28398e-05
5.30431e-05
5.45654e-05
5.65644e-05
5.8228e-05
5.9582e-05
6.09763e-05
6.25007e-05
6.40094e-05
6.53788e-05
6.66778e-05
6.79754e-05
6.92368e-05
7.03631e-05
7.13223e-05
7.21438e-05
7.28741e-05
7.35314e-05
7.41353e-05
7.46914e-05
7.51889e-05
7.56267e-05
7.60316e-05
7.64266e-05
7.67969e-05
7.71229e-05
7.73853e-05
7.7536e-05
7.75796e-05
7.76375e-05
7.78148e-05
7.80422e-05
7.81822e-05
7.82469e-05
7.83675e-05
7.85959e-05
7.88152e-05
7.89111e-05
7.89654e-05
7.91375e-05
7.9405e-05
7.96022e-05
7.96663e-05
7.97446e-05
7.99738e-05
8.02392e-05
8.0318e-05
8.02785e-05
8.04029e-05
8.07612e-05
8.10588e-05
8.10515e-05
8.09467e-05
8.10573e-05
8.13626e-05
8.16716e-05
8.19009e-05
8.20704e-05
8.22031e-05
8.23158e-05
8.24126e-05
8.2526e-05
8.27258e-05
8.29934e-05
8.3167e-05
8.31644e-05
8.31794e-05
8.34404e-05
8.3813e-05
8.39748e-05
8.39412e-05
8.4005e-05
8.43294e-05
8.48016e-05
8.52955e-05
8.57999e-05
8.63479e-05
8.69308e-05
8.73856e-05
8.77233e-05
8.8578e-05
9.0554e-05
9.28726e-05
9.13725e-05
9.21201e-05
0.000108095
0.000147943
0.000227766
0.000217417
0.0001382
8.28756e-05
6.56107e-05
5.90893e-05
5.64506e-05
5.49747e-05
5.33342e-05
5.24278e-05
5.21972e-05
5.28152e-05
5.41134e-05
5.59028e-05
5.82756e-05
6.13344e-05
6.50344e-05
6.93022e-05
7.40454e-05
7.92395e-05
8.48121e-05
9.07364e-05
9.69356e-05
0.000103382
0.000110018
0.000116826
0.000123706
0.00013069
0.000137829
0.000145097
0.000152354
0.000159667
0.000167079
0.000174628
0.000182286
0.000190004
0.000197741
0.000205615
0.000213661
0.000221979
0.000230536
0.000239339
0.000248353
0.000257662
0.000267505
0.000277913
0.000288603
0.000299712
0.000311487
0.000323855
0.000336847
0.000350691
0.000365364
0.00038078
0.000397205
0.000414963
0.000432381
0.000448547
0.000464701
0.00048036
0.000493773
0.000510496
0.000528796
0.000547012
0.000564528
0.000582036
0.000599768
0.000617614
0.000635665
0.000653869
0.000672269
0.000690833
0.000709578
0.00072847
0.00074751
0.000766658
0.000785892
0.000805156
0.000824406
0.000843552
0.000862508
0.000881123
0.000899251
0.000916721
0.000931959
0.000941306
0.000936335
0.000915447
0.000891989
0.000867523
0.000842862
0.000818011
0.00079316
0.000768419
0.000743922
0.000719732
0.00069596
0.000672631
0.000649842
0.000627591
0.00060596
0.000584926
0.000564555
0.000544809
0.000525745
0.000507313
0.00048956
0.000472428
0.000455963
0.000440095
0.000424867
0.000410208
0.000396147
0.00038259
0.000369572
0.000357073
0.000345106
0.000333631
0.000322643
0.000312119
0.000302041
0.0002924
0.000283163
0.000274336
0.000265876
0.000257804
0.000250061
0.000242678
0.00023559
0.000228842
0.000222357
0.000216186
0.00021025
0.000204612
0.000199179
0.000194023
0.000189052
0.000184336
0.000179784
0.00017547
0.0001713
0.000167348
0.000163529
0.000159908
0.000156405
0.000153086
0.000149872
0.000146825
0.000143876
0.000141078
0.000138368
0.000135798
0.000133307
0.000130946
0.000128665
0.000126553
0.000124569
0.00012278
0.000121078
0.000119616
0.000118031
0.000117094
0.000114605
0.000113501
0.000144658
0.000104311
8.26973e-05
7.72039e-05
7.79631e-05
8.21595e-05
8.82591e-05
9.41953e-05
9.89793e-05
0.000102837
0.00010612
0.000108947
0.000111336
0.000113334
0.000115015
0.000116451
0.000117697
0.000118792
0.000119765
0.000120638
0.000121429
0.000122151
0.000122812
0.000123421
0.000123987
0.000124514
0.000125007
0.000125467
0.000125897
0.000126299
0.000126679
0.000127037
0.000127374
0.000127694
0.000127994
0.000128278
0.000128546
0.0001288
0.000129039
0.000129265
0.00012948
0.000129683
0.000129874
0.000130056
0.000130228
0.000130391
0.000130546
0.000130692
0.000130831
0.000130962
0.000131085
0.000131202
0.000131311
0.000131416
0.000131514
0.000131608
0.000131696
0.00013178
0.000131859
0.000131934
0.000132005
0.000132072
0.000132136
0.000132196
0.000132253
0.000132307
0.000132359
0.000132407
0.000132454
0.000132498
0.00013254
0.00013258
0.000132618
0.000132655
0.00013269
0.000132723
0.000132755
0.000132786
0.000132816
0.000132844
0.000132871
0.000132897
0.000132922
0.000132947
0.00013297
0.000132993
0.000133014
0.000133035
0.000133055
0.000133075
0.000133093
0.000133111
0.000133129
0.000133146
0.000133162
0.000133177
0.000133193
0.000133207
0.000133221
0.000133235
0.000133248
0.00013326
0.000133272
0.000133284
0.000133295
0.000133306
0.000133316
0.000133326
0.000133335
0.000133344
0.000133353
0.000133361
0.000133369
0.000133377
0.000133384
0.000133391
0.000133398
0.000133404
0.00013341
0.000133416
0.000133421
0.000133426
0.000133431
0.000133436
0.00013344
0.000133444
0.000133448
0.000133452
0.000133455
0.000133458
0.000133461
0.000133464
0.000133466
0.000133468
0.00013347
0.000133471
0.000133473
0.000133474
0.000133475
0.000133476
0.000133477
0.000133478
0.000133478
0.000133478
0.000133478
0.000133478
0.000133478
0.000133477
0.000133477
0.000133476
0.000133476
0.000133475
0.000133474
0.000133472
0.000133471
0.00013347
0.000133468
0.000133467
0.000133465
0.000133463
0.000133462
0.00013346
0.000133458
0.000133456
0.000133454
0.000133451
0.000133449
0.000133447
0.000133445
0.000133442
0.00013344
0.000133437
0.000133435
0.000133432
0.000133429
0.000133427
0.000133424
0.000133422
0.000133419
0.000133416
0.000133414
0.000133411
0.000133408
0.000133406
0.000133403
0.000133401
0.000133398
0.000133396
0.000133393
0.000133391
0.000133389
0.000133386
0.000133384
0.000133382
0.00013338
0.000133378
0.000133377
0.000133375
0.000133374
0.000133372
0.000133371
0.00013337
0.000133369
0.000133368
0.000133368
0.000133367
0.000133367
0.000133366
0.000133367
0.000133367
0.000133367
0.000133368
0.000133369
0.000133371
0.000133372
0.000133374
0.000133377
0.000133379
0.000133382
0.000133385
0.000133388
0.000133392
0.000133396
0.000133401
0.000133406
0.000133411
0.000133417
0.000133424
0.000133431
0.000133438
0.000133446
0.000133454
0.000133463
0.000133472
0.000133482
0.000133494
0.000133499
0.000133537
0.000133435
0.000133094
0.000132715
0.000132357
0.000131993
0.000131621
0.000131246
0.000130871
0.000130497
0.000130125
0.000129754
0.000129385
0.000129016
0.000128649
0.000128283
0.000127914
0.000127535
0.000127147
0.000126749
0.000126341
0.000125924
0.000125498
0.000125063
0.00012462
0.00012417
0.000123714
0.000123252
0.000122785
0.000122315
0.000121842
0.000121367
0.000120891
0.000120415
0.00011994
0.000119468
0.000118998
0.000118533
0.000118074
0.000117622
0.000117175
0.000116738
0.00011631
0.000115892
0.000115484
0.000115088
0.000114704
0.000114333
0.000113976
0.000113632
0.000113304
0.000112989
0.000112691
0.000112404
0.000112123
0.000111848
0.00011158
0.000111318
0.000111062
0.000110813
0.000110571
0.000110337
0.000110112
0.000109895
0.000109688
0.000109492
0.000109307
0.000109134
0.000108974
0.000108829
0.000108699
0.000108585
0.00010849
0.000108414
0.00010836
0.000108329
0.000108325
0.000108348
0.000108403
0.000108492
0.000108619
0.000108789
0.000109006
0.000109275
0.000109604
0.00011
0.000110472
0.00011103
0.000111687
0.000112461
0.000113364
0.000114426
0.000115669
0.000117135
0.000118863
0.000120915
0.000123377
0.000126324
0.000129978
0.000134388
0.000140255
0.000147815
0.000162972
0.000185165
0.000192774
0.000193469
0.000191799
0.000187051
0.000180254
0.000172106
0.000163314
0.000154109
0.000145016
0.00013642
0.000128431
0.000120707
0.000113583
0.000107216
0.000101346
9.55493e-05
9.06141e-05
8.6869e-05
8.15081e-05
7.50165e-05
7.17929e-05
7.02068e-05
6.89257e-05
6.82054e-05
6.81151e-05
6.79252e-05
6.87013e-05
7.09748e-05
7.25511e-05
7.22289e-05
7.10457e-05
7.05212e-05
7.15922e-05
7.36555e-05
7.56491e-05
7.73077e-05
7.89514e-05
8.07685e-05
8.26454e-05
8.44179e-05
8.61024e-05
8.77882e-05
8.94669e-05
9.10256e-05
9.2396e-05
9.35801e-05
9.46402e-05
9.55942e-05
9.64711e-05
9.72845e-05
9.80241e-05
9.86825e-05
9.92845e-05
9.98684e-05
0.000100427
0.000100937
0.000101375
0.000101678
0.000101817
0.000101917
0.000102139
0.000102457
0.000102699
0.000102827
0.000102981
0.00010327
0.000103593
0.000103783
0.000103877
0.000104077
0.000104424
0.000104739
0.000104885
0.000104992
0.000105267
0.000105647
0.00010584
0.000105829
0.000105938
0.000106364
0.00010683
0.000106951
0.000106846
0.00010692
0.000107269
0.000107699
0.000108062
0.000108348
0.000108576
0.000108767
0.000108927
0.00010909
0.000109351
0.000109728
0.000110041
0.000110124
0.000110143
0.000110431
0.000110943
0.000111274
0.000111313
0.000111361
0.000111707
0.000112299
0.000112974
0.00011368
0.000114441
0.000115264
0.000115936
0.000116352
0.000117201
0.000119447
0.000122517
0.000120877
0.000119432
0.000135364
0.000178918
0.000276247
0.000303819
0.000207019
0.000138087
0.000109834
9.89491e-05
9.38432e-05
9.09518e-05
8.83885e-05
8.68483e-05
8.62836e-05
8.71784e-05
8.92792e-05
9.22046e-05
9.59311e-05
0.000100664
0.000106387
0.000112983
0.000120279
0.000128232
0.000136717
0.000145698
0.00015508
0.000164841
0.00017492
0.00018526
0.000195627
0.000206137
0.00021697
0.000227991
0.000238911
0.00024991
0.000261093
0.000272525
0.000284138
0.000295778
0.000307384
0.000319182
0.000331239
0.000343722
0.000356533
0.000369647
0.000382965
0.000396625
0.000411064
0.00042624
0.000441579
0.000457344
0.000473942
0.000491225
0.000509234
0.000528413
0.000548716
0.000570047
0.000592956
0.000617905
0.00064234
0.000664226
0.000686179
0.000707065
0.000723545
0.000746397
0.000771038
0.000795063
0.000817915
0.000840463
0.00086325
0.000885973
0.000908852
0.000931742
0.00095475
0.00097779
0.00100091
0.00102404
0.0010472
0.0010703
0.00109332
0.00111617
0.00113877
0.00116097
0.00118259
0.00120332
0.00122277
0.00124015
0.0012535
0.00126382
0.00125634
0.00123161
0.00120358
0.00117413
0.00114408
0.00111358
0.00108292
0.00105226
0.00102179
0.000991582
0.00096181
0.000932495
0.000903778
0.000875649
0.000848228
0.000821476
0.000795491
0.000770217
0.00074574
0.000721988
0.000699031
0.000676795
0.000655342
0.000634584
0.000614582
0.000595246
0.00057662
0.0005586
0.000541223
0.000524462
0.000508331
0.00049279
0.000477831
0.000463433
0.000449571
0.000436242
0.000423401
0.000411068
0.000399182
0.00038778
0.000376783
0.000366241
0.000356067
0.000346327
0.000336917
0.000327915
0.000319211
0.000310898
0.000302851
0.00029517
0.000287733
0.000280637
0.000273761
0.000267206
0.000260848
0.000254789
0.000248912
0.000243312
0.000237876
0.000232698
0.000227672
0.00022288
0.000218231
0.000213797
0.000209494
0.000205391
0.000201407
0.000197608
0.000193933
0.000190496
0.000187262
0.000184287
0.000181472
0.000178912
0.000176299
0.000174239
0.000170691
0.000165339
0.000207787
0.000158055
0.000124549
0.000112467
0.000108301
0.000109255
0.000114399
0.000120847
0.000126748
0.000131817
0.000136261
0.000140181
0.000143582
0.000146496
0.000148996
0.000151162
0.000153062
0.000154746
0.000156253
0.000157613
0.000158852
0.000159985
0.000161028
0.000161993
0.000162891
0.000163729
0.000164515
0.00016525
0.000165938
0.000166584
0.000167194
0.000167771
0.000168315
0.000168831
0.000169318
0.000169778
0.000170214
0.000170627
0.000171018
0.000171388
0.000171739
0.000172072
0.000172388
0.000172687
0.000172972
0.000173243
0.0001735
0.000173744
0.000173975
0.000174196
0.000174404
0.000174601
0.000174788
0.000174966
0.000175135
0.000175296
0.000175449
0.000175595
0.000175734
0.000175866
0.000175991
0.000176111
0.000176225
0.000176334
0.000176438
0.000176537
0.000176631
0.000176722
0.000176808
0.000176891
0.000176971
0.000177048
0.000177121
0.000177192
0.000177261
0.000177327
0.00017739
0.000177452
0.000177511
0.000177568
0.000177624
0.000177677
0.000177729
0.00017778
0.000177829
0.000177876
0.000177922
0.000177967
0.000178011
0.000178053
0.000178094
0.000178134
0.000178173
0.000178211
0.000178247
0.000178283
0.000178318
0.000178352
0.000178385
0.000178417
0.000178448
0.000178479
0.000178508
0.000178537
0.000178565
0.000178592
0.000178618
0.000178644
0.000178669
0.000178693
0.000178716
0.000178739
0.000178761
0.000178783
0.000178804
0.000178824
0.000178844
0.000178864
0.000178882
0.0001789
0.000178918
0.000178935
0.000178952
0.000178968
0.000178984
0.000178999
0.000179013
0.000179028
0.000179042
0.000179055
0.000179068
0.00017908
0.000179092
0.000179104
0.000179115
0.000179126
0.000179136
0.000179146
0.000179156
0.000179165
0.000179174
0.000179183
0.000179192
0.0001792
0.000179208
0.000179215
0.000179222
0.000179229
0.000179236
0.000179243
0.000179249
0.000179255
0.000179261
0.000179266
0.000179271
0.000179276
0.000179281
0.000179286
0.000179291
0.000179295
0.0001793
0.000179304
0.000179308
0.000179312
0.000179315
0.000179319
0.000179323
0.000179326
0.000179329
0.000179332
0.000179335
0.000179338
0.000179341
0.000179344
0.000179346
0.000179349
0.000179352
0.000179354
0.000179357
0.00017936
0.000179362
0.000179365
0.000179367
0.00017937
0.000179373
0.000179375
0.000179378
0.000179381
0.000179384
0.000179387
0.00017939
0.000179393
0.000179396
0.0001794
0.000179403
0.000179407
0.000179411
0.000179416
0.00017942
0.000179425
0.00017943
0.000179435
0.00017944
0.000179446
0.000179451
0.000179457
0.000179464
0.00017947
0.000179477
0.000179485
0.000179493
0.000179501
0.00017951
0.000179519
0.000179529
0.000179539
0.000179549
0.00017956
0.000179572
0.000179584
0.000179597
0.00017961
0.000179624
0.000179638
0.000179654
0.00017967
0.000179688
0.000179705
0.000179724
0.000179743
0.000179763
0.000179784
0.000179807
0.00017983
0.000179853
0.00017988
0.000179898
0.000179958
0.000179827
0.000179341
0.000178774
0.000178238
0.000177704
0.000177163
0.000176619
0.000176075
0.000175533
0.000174993
0.000174454
0.000173918
0.000173383
0.00017285
0.000172319
0.000171784
0.000171237
0.000170678
0.000170106
0.000169522
0.000168927
0.000168321
0.000167704
0.000167078
0.000166443
0.0001658
0.000165151
0.000164497
0.000163838
0.000163177
0.000162513
0.00016185
0.000161187
0.000160526
0.000159868
0.000159215
0.000158568
0.00015793
0.0001573
0.000156678
0.00015607
0.000155473
0.000154888
0.000154319
0.000153764
0.000153225
0.000152704
0.000152201
0.000151714
0.000151249
0.000150801
0.000150374
0.000149962
0.000149559
0.000149164
0.000148777
0.000148399
0.00014803
0.000147671
0.000147322
0.000146984
0.000146657
0.000146344
0.000146043
0.000145757
0.000145487
0.000145233
0.000144997
0.00014478
0.000144585
0.000144412
0.000144264
0.000144142
0.000144049
0.000143988
0.000143961
0.000143972
0.000144024
0.000144122
0.000144269
0.000144473
0.000144738
0.000145072
0.000145483
0.00014598
0.000146575
0.00014728
0.000148112
0.000149091
0.000150233
0.000151575
0.000153142
0.000154987
0.000157153
0.000159718
0.000162776
0.000166429
0.000170908
0.000176318
0.000183347
0.000192687
0.000209476
0.000239346
0.000254161
0.000257754
0.000258589
0.000255226
0.000248971
0.000240588
0.000231025
0.000220478
0.00020958
0.000198995
0.000188958
0.000178859
0.000169132
0.000160263
0.000151957
0.000143333
0.000135576
0.000130025
0.000122172
0.000110565
0.000102665
9.80711e-05
9.45712e-05
9.19348e-05
9.03638e-05
8.88729e-05
8.83963e-05
9.01647e-05
9.2009e-05
9.18939e-05
9.03275e-05
8.88958e-05
8.91384e-05
9.08735e-05
9.29355e-05
9.47606e-05
9.65526e-05
9.85568e-05
0.000100711
0.000102827
0.000104866
0.000106917
0.000108997
0.000110991
0.000112794
0.000114387
0.000115816
0.000117106
0.000118295
0.000119402
0.000120421
0.00012134
0.000122175
0.00012298
0.000123759
0.000124487
0.000125139
0.000125639
0.000125919
0.000126098
0.000126382
0.000126798
0.000127159
0.000127376
0.000127581
0.000127934
0.000128363
0.000128667
0.000128825
0.00012906
0.000129481
0.000129919
0.000130171
0.000130327
0.000130646
0.000131138
0.000131463
0.000131511
0.000131612
0.000132086
0.000132713
0.000132992
0.000132929
0.000132972
0.00013334
0.000133872
0.000134373
0.000134792
0.000135132
0.000135417
0.000135655
0.000135875
0.000136195
0.000136675
0.000137135
0.000137329
0.000137372
0.000137672
0.000138299
0.000138803
0.000138942
0.000138984
0.00013932
0.000139986
0.000140807
0.000141691
0.000142645
0.000143686
0.000144561
0.000145039
0.000145797
0.000148131
0.000151779
0.000150072
0.000146142
0.000161009
0.000206616
0.000318084
0.000386647
0.000285434
0.000213521
0.000165094
0.000149145
0.00014084
0.000136111
0.000132509
0.000130241
0.000129253
0.000130481
0.000133592
0.000137939
0.000143284
0.000149971
0.000158041
0.000167331
0.000177566
0.000188678
0.000200485
0.00021294
0.00022594
0.00023948
0.000253506
0.000267903
0.000282256
0.000296805
0.0003119
0.000327261
0.000342404
0.000357655
0.000373206
0.000389151
0.000405373
0.000421575
0.000437671
0.000454019
0.000470724
0.000488044
0.000505788
0.000523891
0.000542163
0.000560806
0.000580496
0.000601099
0.000621669
0.000642616
0.000664553
0.000687237
0.000710715
0.000735725
0.000762195
0.000790026
0.000820127
0.000853047
0.000884994
0.00091354
0.000941581
0.000968139
0.000987264
0.00101689
0.00104838
0.00107835
0.00110674
0.00113442
0.00116234
0.00118994
0.00121761
0.00124509
0.00127256
0.00129986
0.00132708
0.00135411
0.00138096
0.00140752
0.00143376
0.00145951
0.00148466
0.00150895
0.00153208
0.0015535
0.00157248
0.00158797
0.00159954
0.0016121
0.00160205
0.00157406
0.00154202
0.00150804
0.00147296
0.00143708
0.00140081
0.00136433
0.00132793
0.0012917
0.00125587
0.00122046
0.00118567
0.00115148
0.00111805
0.00108534
0.00105348
0.00102239
0.000992204
0.000962823
0.000934347
0.000906682
0.000879916
0.000853941
0.000828838
0.000804501
0.000780989
0.00075819
0.000736141
0.000714811
0.000694216
0.000674317
0.000655101
0.000636551
0.00061863
0.000601348
0.000584642
0.000568547
0.000552981
0.000538003
0.000523505
0.000509563
0.000496061
0.000483088
0.000470516
0.000458444
0.000446734
0.000435508
0.000424607
0.000414161
0.000404015
0.000394296
0.000384851
0.00037581
0.000367016
0.000358601
0.000350417
0.000342584
0.000334964
0.000327672
0.000320578
0.000313785
0.00030718
0.000300853
0.0002947
0.000288804
0.00028307
0.000277573
0.000272247
0.000267227
0.000262495
0.000258081
0.000253915
0.000249975
0.000246124
0.000242518
0.00023788
0.000226304
0.000271514
0.00021817
0.000175663
0.00015638
0.000147249
0.000143411
0.000145775
0.000151194
0.000157238
0.000162994
0.000168332
0.000173222
0.000177605
0.00018147
0.000184861
0.000187853
0.000190514
0.000192899
0.000195054
0.000197013
0.000198808
0.000200461
0.000201989
0.000203409
0.000204735
0.000205976
0.000207143
0.000208238
0.000209267
0.000210237
0.000211154
0.000212022
0.000212844
0.000213624
0.000214363
0.000215063
0.000215727
0.000216358
0.000216957
0.000217525
0.000218065
0.00021858
0.000219068
0.000219532
0.000219974
0.000220396
0.000220797
0.00022118
0.000221544
0.000221891
0.000222221
0.000222533
0.000222832
0.000223116
0.000223388
0.000223647
0.000223894
0.00022413
0.000224357
0.000224572
0.000224778
0.000224976
0.000225164
0.000225345
0.000225518
0.000225683
0.000225842
0.000225994
0.000226141
0.000226281
0.000226417
0.000226547
0.000226674
0.000226795
0.000226913
0.000227027
0.000227137
0.000227243
0.000227346
0.000227446
0.000227543
0.000227638
0.000227729
0.000227818
0.000227905
0.000227989
0.000228072
0.000228152
0.000228229
0.000228305
0.000228379
0.000228452
0.000228522
0.000228591
0.000228658
0.000228723
0.000228787
0.00022885
0.000228911
0.00022897
0.000229029
0.000229086
0.000229141
0.000229195
0.000229248
0.000229299
0.00022935
0.000229399
0.000229447
0.000229494
0.00022954
0.000229584
0.000229628
0.000229671
0.000229712
0.000229753
0.000229793
0.000229832
0.00022987
0.000229907
0.000229943
0.000229979
0.000230013
0.000230047
0.00023008
0.000230112
0.000230143
0.000230174
0.000230204
0.000230233
0.000230262
0.000230289
0.000230316
0.000230343
0.000230368
0.000230393
0.000230418
0.000230441
0.000230465
0.000230487
0.00023051
0.000230531
0.000230552
0.000230573
0.000230593
0.000230612
0.000230631
0.00023065
0.000230668
0.000230686
0.000230703
0.00023072
0.000230737
0.000230753
0.000230769
0.000230784
0.000230799
0.000230814
0.000230829
0.000230843
0.000230857
0.000230871
0.000230884
0.000230897
0.00023091
0.000230923
0.000230935
0.000230948
0.00023096
0.000230971
0.000230983
0.000230994
0.000231006
0.000231017
0.000231028
0.000231039
0.00023105
0.000231061
0.000231071
0.000231082
0.000231093
0.000231103
0.000231114
0.000231124
0.000231135
0.000231146
0.000231156
0.000231167
0.000231178
0.000231189
0.0002312
0.000231211
0.000231222
0.000231234
0.000231245
0.000231257
0.00023127
0.000231282
0.000231295
0.000231308
0.000231322
0.000231335
0.000231349
0.000231363
0.000231378
0.000231393
0.000231408
0.000231424
0.00023144
0.000231457
0.000231474
0.000231493
0.000231511
0.000231531
0.000231551
0.000231571
0.000231593
0.000231615
0.000231638
0.000231661
0.000231685
0.00023171
0.000231736
0.000231764
0.000231792
0.000231822
0.000231852
0.000231884
0.000231917
0.000231951
0.000231986
0.000232022
0.00023206
0.000232099
0.000232139
0.000232185
0.000232218
0.000232304
0.000232138
0.000231492
0.000230714
0.00022997
0.000229235
0.000228498
0.00022776
0.000227022
0.000226286
0.000225552
0.000224821
0.000224093
0.000223368
0.000222644
0.000221924
0.0002212
0.00022046
0.000219705
0.000218934
0.000218149
0.00021735
0.000216538
0.000215713
0.000214876
0.00021403
0.000213174
0.000212312
0.000211443
0.00021057
0.000209694
0.000208816
0.000207938
0.000207062
0.000206189
0.000205321
0.000204459
0.000203606
0.000202763
0.000201932
0.000201113
0.000200309
0.000199521
0.000198748
0.000197995
0.000197261
0.000196547
0.000195855
0.000195186
0.000194539
0.000193917
0.000193319
0.000192746
0.000192193
0.000191652
0.00019112
0.000190599
0.00019009
0.000189593
0.000189108
0.000188637
0.000188181
0.00018774
0.000187316
0.000186909
0.000186521
0.000186154
0.000185808
0.000185485
0.000185188
0.000184918
0.000184677
0.000184468
0.000184293
0.000184155
0.000184058
0.000184004
0.000183998
0.000184045
0.00018415
0.000184317
0.000184555
0.00018487
0.00018527
0.000185766
0.000186369
0.000187093
0.000187953
0.000188966
0.000190159
0.00019155
0.000193182
0.000195084
0.000197317
0.00019993
0.000203016
0.000206674
0.000211033
0.000216329
0.000222726
0.000230881
0.000242006
0.00026001
0.000298044
0.000321665
0.000329454
0.000333923
0.000333016
0.000328303
0.000320606
0.000311135
0.000300037
0.000288013
0.000276037
0.000264506
0.000252482
0.000240438
0.000229264
0.000218668
0.00020717
0.000196308
0.000189014
0.000178588
0.000160576
0.000146019
0.000136609
0.000129397
0.000123551
0.00011939
0.000115598
0.00011288
0.000113314
0.000114872
0.000114849
0.000112811
0.000110233
0.000109189
0.000110078
0.000111798
0.000113525
0.00011528
0.000117311
0.000119605
0.000121968
0.000124303
0.000126683
0.000129143
0.000131573
0.000133835
0.000135883
0.000137735
0.000139419
0.000140975
0.000142431
0.000143783
0.000145015
0.000146142
0.00014722
0.000148265
0.000149259
0.000150176
0.000150935
0.000151414
0.000151729
0.00015211
0.000152644
0.000153147
0.000153486
0.000153771
0.000154205
0.00015475
0.00015519
0.000155444
0.000155735
0.000156234
0.000156806
0.000157188
0.000157421
0.000157798
0.000158405
0.000158883
0.000159021
0.000159138
0.000159652
0.000160435
0.000160898
0.000160922
0.000160956
0.000161331
0.000161949
0.000162592
0.000163163
0.00016364
0.000164041
0.000164375
0.000164669
0.000165053
0.000165636
0.000166251
0.000166584
0.000166675
0.000166986
0.000167711
0.000168385
0.000168652
0.000168704
0.000169012
0.000169712
0.000170643
0.000171683
0.000172812
0.000174054
0.000175121
0.000175647
0.000176248
0.000178512
0.000182581
0.000180823
0.000174102
0.000187016
0.000233261
0.000354698
0.000464797
0.000378262
0.000308192
0.000235079
0.000213197
0.000200869
0.000193813
0.000189006
0.000185918
0.000184427
0.000186092
0.000190511
0.00019669
0.000204056
0.00021313
0.000224051
0.000236605
0.000250389
0.00026531
0.00028111
0.000297738
0.000315089
0.000333188
0.000351998
0.000371327
0.000390522
0.000409981
0.000430285
0.000450969
0.000471286
0.000491749
0.000512667
0.000534174
0.000556089
0.000577927
0.000599562
0.000621517
0.000643951
0.000667231
0.000691055
0.000715295
0.000739646
0.000764374
0.000790463
0.000817657
0.00084453
0.00087167
0.00089995
0.000929013
0.000958902
0.000990764
0.0010245
0.00106
0.00109863
0.00114098
0.0011818
0.001218
0.00125343
0.00128647
0.00130784
0.00134541
0.00138494
0.00142121
0.00145574
0.00148899
0.00152248
0.00155528
0.00158803
0.00162027
0.00165232
0.0016839
0.00171517
0.00174593
0.00177623
0.00180588
0.00183482
0.00186282
0.00188969
0.00191501
0.00193832
0.0019588
0.00197563
0.00198828
0.0019987
0.00201357
0.0020006
0.00196942
0.00193356
0.00189518
0.00185515
0.00181386
0.00177185
0.00172936
0.00168675
0.00164414
0.00160182
0.00155984
0.00151844
0.00147762
0.00143758
0.00139826
0.00135985
0.00132225
0.00128564
0.00124989
0.00121515
0.00118131
0.00114847
0.00111651
0.00108555
0.00105545
0.00102631
0.000997979
0.000970521
0.000943895
0.000918122
0.000893164
0.000869003
0.000845629
0.000822993
0.000801117
0.000779921
0.000759456
0.000739616
0.000720484
0.000701922
0.000684031
0.000666666
0.000649942
0.000633698
0.000618062
0.000602864
0.000588253
0.000574035
0.000560373
0.000547076
0.000534302
0.000521863
0.000509918
0.000498279
0.000487104
0.000476215
0.000465759
0.000455568
0.000445784
0.000436245
0.000427081
0.000418152
0.000409569
0.000401206
0.000393162
0.000385324
0.000377778
0.000370453
0.000363506
0.000356946
0.000350761
0.000344935
0.000339269
0.000333882
0.000328195
0.000322394
0.000302169
0.000334926
0.000282303
0.000234283
0.000209051
0.000195102
0.00018697
0.000184932
0.000187588
0.000192368
0.000197836
0.000203429
0.000208876
0.000213987
0.00021866
0.000222884
0.000226697
0.000230151
0.000233292
0.000236163
0.000238802
0.000241239
0.000243499
0.000245603
0.000247568
0.000249412
0.000251145
0.000252781
0.000254323
0.000255778
0.000257153
0.000258457
0.000259695
0.000260871
0.000261989
0.000263051
0.00026406
0.000265021
0.000265935
0.000266806
0.000267634
0.000268424
0.000269178
0.000269895
0.000270578
0.000271232
0.000271856
0.000272452
0.00027302
0.000273564
0.000274084
0.000274579
0.00027505
0.0002755
0.000275931
0.000276344
0.000276739
0.000277117
0.000277478
0.000277826
0.000278158
0.000278476
0.000278781
0.000279074
0.000279354
0.000279624
0.000279882
0.000280131
0.00028037
0.0002806
0.000280821
0.000281035
0.000281241
0.00028144
0.000281633
0.000281819
0.000281999
0.000282174
0.000282343
0.000282507
0.000282667
0.000282822
0.000282972
0.000283119
0.000283261
0.0002834
0.000283536
0.000283668
0.000283796
0.000283922
0.000284044
0.000284164
0.000284281
0.000284395
0.000284506
0.000284615
0.000284722
0.000284826
0.000284929
0.000285028
0.000285126
0.000285222
0.000285316
0.000285407
0.000285497
0.000285584
0.00028567
0.000285754
0.000285836
0.000285916
0.000285995
0.000286072
0.000286147
0.000286221
0.000286294
0.000286365
0.000286434
0.000286502
0.000286568
0.000286634
0.000286697
0.00028676
0.000286821
0.000286881
0.00028694
0.000286998
0.000287054
0.000287109
0.000287163
0.000287216
0.000287268
0.000287319
0.000287369
0.000287417
0.000287464
0.000287511
0.000287556
0.000287601
0.000287645
0.000287687
0.000287729
0.00028777
0.00028781
0.00028785
0.000287888
0.000287926
0.000287963
0.000287999
0.000288035
0.00028807
0.000288104
0.000288138
0.00028817
0.000288203
0.000288234
0.000288265
0.000288296
0.000288326
0.000288355
0.000288384
0.000288413
0.000288441
0.000288469
0.000288496
0.000288523
0.000288549
0.000288575
0.0002886
0.000288626
0.00028865
0.000288675
0.000288699
0.000288722
0.000288746
0.000288769
0.000288792
0.000288815
0.000288838
0.000288861
0.000288883
0.000288905
0.000288927
0.000288949
0.000288971
0.000288993
0.000289015
0.000289036
0.000289058
0.00028908
0.000289102
0.000289124
0.000289146
0.000289168
0.00028919
0.000289212
0.000289235
0.000289258
0.000289281
0.000289305
0.000289329
0.000289353
0.000289377
0.000289402
0.000289427
0.000289453
0.000289479
0.000289505
0.000289532
0.000289559
0.000289588
0.000289616
0.000289646
0.000289676
0.000289707
0.000289739
0.000289772
0.000289805
0.00028984
0.000289875
0.000289911
0.000289949
0.000289987
0.000290026
0.000290067
0.000290108
0.000290152
0.000290197
0.000290243
0.000290291
0.00029034
0.000290391
0.000290443
0.000290497
0.000290552
0.00029061
0.000290669
0.000290734
0.000290785
0.000290901
0.000290699
0.000289894
0.000288907
0.00028795
0.000287006
0.000286065
0.000285125
0.000284188
0.000283253
0.000282323
0.000281395
0.000280471
0.000279551
0.000278633
0.00027772
0.000276802
0.000275866
0.00027491
0.000273936
0.000272944
0.000271936
0.000270911
0.000269871
0.000268819
0.000267754
0.000266679
0.000265596
0.000264506
0.000263411
0.000262314
0.000261214
0.000260116
0.000259021
0.00025793
0.000256846
0.00025577
0.000254704
0.000253653
0.000252617
0.000251595
0.000250593
0.000249611
0.000248649
0.00024771
0.000246796
0.000245907
0.000245045
0.000244212
0.000243405
0.000242631
0.000241885
0.000241172
0.000240484
0.000239809
0.000239147
0.000238499
0.000237865
0.000237247
0.000236645
0.000236061
0.000235495
0.00023495
0.000234425
0.000233923
0.000233445
0.000232993
0.000232568
0.000232174
0.000231811
0.000231482
0.000231191
0.000230939
0.00023073
0.000230568
0.000230456
0.000230399
0.000230402
0.00023047
0.000230609
0.000230826
0.000231129
0.000231527
0.00023203
0.000232649
0.000233397
0.000234292
0.00023535
0.000236592
0.000238049
0.000239741
0.000241718
0.000244011
0.000246692
0.000249815
0.000253484
0.000257807
0.000262939
0.000269113
0.000276559
0.000285891
0.000298808
0.000317781
0.000364841
0.000399407
0.000413178
0.00042283
0.000425795
0.000423913
0.000418056
0.000409734
0.000399049
0.000386739
0.000374128
0.000361832
0.000348531
0.000334661
0.000321596
0.000309092
0.000294907
0.00028086
0.000272556
0.000259419
0.000233714
0.000210275
0.000193798
0.000180794
0.000169815
0.000161359
0.000153665
0.000147079
0.000144812
0.000145158
0.000144736
0.000141947
0.000137804
0.000134801
0.00013406
0.000134743
0.000135845
0.000137169
0.000138904
0.00014107
0.000143471
0.000145956
0.000148563
0.000151336
0.000154169
0.000156898
0.000159439
0.000161774
0.000163921
0.000165916
0.000167793
0.000169552
0.000171172
0.000172668
0.000174091
0.000175472
0.000176802
0.000178057
0.000179151
0.000179922
0.000180455
0.000180987
0.000181673
0.000182359
0.000182872
0.000183284
0.000183821
0.000184511
0.000185122
0.000185513
0.000185891
0.000186488
0.000187212
0.000187758
0.000188106
0.000188567
0.000189305
0.000189966
0.000190233
0.000190402
0.000190963
0.000191905
0.00019258
0.000192748
0.000192811
0.000193196
0.00019389
0.00019468
0.000195427
0.000196077
0.000196629
0.000197092
0.000197486
0.000197953
0.000198646
0.000199433
0.000199939
0.000200117
0.000200451
0.000201267
0.000202111
0.000202537
0.000202629
0.0002029
0.000203597
0.0002046
0.000205771
0.000207059
0.00020849
0.000209744
0.00021031
0.000210687
0.000212715
0.000217035
0.000215216
0.000205271
0.000215167
0.000260539
0.000385235
0.000539232
0.000489248
0.000420518
0.000326222
0.000297268
0.000279845
0.000269799
0.000263536
0.000259522
0.000257448
0.000259721
0.000265901
0.000274534
0.000284552
0.000296697
0.00031126
0.000327973
0.000346271
0.000366026
0.000386887
0.000408796
0.000431663
0.00045555
0.000480458
0.000506093
0.000531478
0.000557212
0.000584201
0.000611734
0.000638709
0.000665877
0.00069371
0.000722391
0.000751666
0.000780793
0.000809584
0.000838772
0.000868588
0.000899543
0.000931195
0.000963324
0.000995472
0.00102797
0.00106219
0.00109774
0.00113255
0.00116742
0.00120357
0.0012405
0.00127823
0.0013185
0.00136115
0.00140609
0.00145527
0.00150923
0.00156098
0.00160621
0.00165095
0.00169212
0.00171491
0.00176205
0.00181136
0.00185437
0.00189592
0.00193539
0.00197506
0.00201355
0.00205177
0.00208903
0.0021258
0.00216167
0.00219688
0.00223109
0.00226441
0.00229652
0.00232735
0.00235653
0.00238377
0.00240849
0.00243008
0.00244767
0.00246086
0.00247035
0.00248002
0.00249654
0.00247995
0.0024452
0.00240537
0.00236253
0.00231745
0.00227063
0.00222266
0.00217383
0.00212461
0.00207512
0.00202577
0.00197656
0.00192786
0.00187963
0.00183216
0.00178537
0.0017395
0.00169444
0.00165043
0.00160731
0.00156528
0.0015242
0.00148423
0.00144523
0.00140734
0.00137041
0.00133456
0.00129963
0.0012657
0.00123272
0.00120073
0.00116968
0.00113956
0.00111036
0.00108202
0.00105459
0.00102796
0.00100219
0.000977171
0.000952996
0.000929501
0.000906813
0.000884755
0.000863469
0.000842763
0.00082279
0.000803348
0.000784615
0.000766361
0.000748779
0.000731644
0.000715141
0.00069905
0.000683558
0.000668442
0.000653889
0.00063969
0.000626016
0.000612671
0.00059982
0.000587274
0.000575184
0.000563387
0.000552009
0.000540907
0.00053019
0.000519733
0.000509625
0.000499798
0.000490426
0.000481565
0.000473133
0.000465204
0.000457337
0.000449972
0.000441445
0.000434368
0.000402121
0.000398177
0.000349229
0.000299025
0.000269375
0.000251622
0.000240185
0.000233419
0.000232227
0.000234316
0.000238234
0.000243102
0.000248379
0.000253692
0.000258808
0.00026362
0.000268101
0.00027226
0.000276119
0.000279703
0.000283041
0.000286158
0.000289077
0.000291816
0.000294394
0.000296827
0.000299127
0.000301308
0.000303374
0.000305332
0.000307192
0.000308961
0.000310646
0.000312252
0.000313784
0.000315243
0.000316635
0.000317963
0.000319232
0.000320443
0.000321598
0.000322704
0.000323761
0.000324769
0.000325733
0.000326657
0.000327542
0.000328388
0.000329199
0.000329975
0.00033072
0.000331431
0.000332109
0.00033276
0.000333385
0.000333984
0.000334558
0.000335109
0.000335638
0.000336147
0.000336634
0.000337101
0.00033755
0.000337982
0.000338397
0.000338796
0.000339179
0.000339548
0.000339903
0.000340245
0.000340575
0.000340894
0.000341201
0.000341498
0.000341786
0.000342064
0.000342333
0.000342594
0.000342847
0.000343092
0.000343331
0.000343563
0.000343788
0.000344008
0.000344222
0.00034443
0.000344633
0.000344831
0.000345025
0.000345213
0.000345397
0.000345578
0.000345753
0.000345926
0.000346094
0.000346259
0.00034642
0.000346578
0.000346733
0.000346885
0.000347033
0.000347179
0.000347321
0.000347461
0.000347598
0.000347732
0.000347863
0.000347992
0.000348118
0.000348242
0.000348363
0.000348482
0.000348598
0.000348713
0.000348825
0.000348935
0.000349043
0.000349149
0.000349253
0.000349354
0.000349454
0.000349553
0.000349649
0.000349743
0.000349836
0.000349927
0.000350016
0.000350104
0.00035019
0.000350274
0.000350357
0.000350438
0.000350518
0.000350595
0.000350672
0.000350747
0.00035082
0.000350892
0.000350963
0.000351033
0.000351101
0.000351168
0.000351234
0.000351299
0.000351362
0.000351424
0.000351485
0.000351545
0.000351604
0.000351662
0.000351719
0.000351775
0.00035183
0.000351884
0.000351937
0.000351989
0.00035204
0.000352091
0.000352141
0.00035219
0.000352238
0.000352286
0.000352333
0.000352379
0.000352425
0.00035247
0.000352514
0.000352558
0.000352601
0.000352643
0.000352685
0.000352726
0.000352767
0.000352807
0.000352847
0.000352887
0.000352926
0.000352965
0.000353004
0.000353042
0.00035308
0.000353118
0.000353155
0.000353192
0.000353229
0.000353266
0.000353303
0.00035334
0.000353376
0.000353413
0.000353449
0.000353486
0.000353522
0.000353559
0.000353596
0.000353633
0.00035367
0.000353708
0.000353746
0.000353784
0.000353823
0.000353861
0.000353901
0.00035394
0.00035398
0.00035402
0.000354061
0.000354102
0.000354144
0.000354187
0.00035423
0.000354275
0.00035432
0.000354366
0.000354413
0.000354461
0.00035451
0.00035456
0.000354611
0.000354663
0.000354716
0.000354771
0.000354826
0.000354884
0.000354942
0.000355003
0.000355065
0.00035513
0.000355196
0.000355263
0.000355332
0.000355404
0.000355477
0.000355552
0.000355631
0.00035571
0.000355797
0.000355867
0.000356015
0.00035578
0.000354823
0.000353639
0.000352473
0.000351322
0.000350177
0.000349037
0.000347902
0.000346771
0.000345645
0.000344524
0.000343407
0.000342294
0.000341186
0.000340082
0.000338973
0.000337844
0.000336691
0.000335515
0.000334318
0.000333101
0.000331865
0.000330611
0.000329342
0.000328059
0.000326765
0.00032546
0.000324148
0.000322832
0.000321512
0.000320191
0.000318872
0.000317556
0.000316247
0.000314946
0.000313656
0.00031238
0.000311121
0.000309881
0.000308658
0.000307461
0.000306287
0.000305138
0.000304019
0.000302929
0.00030187
0.000300844
0.000299854
0.000298896
0.000297977
0.000297093
0.000296249
0.000295435
0.00029464
0.000293859
0.000293096
0.00029235
0.000291624
0.000290917
0.000290233
0.000289572
0.000288936
0.000288327
0.000287745
0.000287194
0.000286674
0.000286189
0.000285741
0.000285332
0.000284965
0.000284644
0.000284372
0.000284153
0.000283991
0.00028389
0.000283857
0.000283896
0.000284014
0.000284218
0.000284517
0.000284919
0.000285435
0.000286076
0.000286856
0.000287791
0.000288898
0.000290198
0.000291715
0.000293483
0.000295525
0.000297896
0.000300634
0.000303816
0.000307502
0.00031181
0.00031685
0.000322806
0.0003299
0.000338432
0.000348968
0.000363587
0.000383225
0.000439921
0.00048753
0.000509352
0.000526011
0.000534544
0.000537052
0.000534462
0.000528615
0.000519582
0.000508104
0.000495899
0.000483868
0.00047027
0.000455425
0.000441253
0.000427621
0.000411366
0.000394548
0.000389854
0.000370863
0.000336792
0.000302833
0.000277356
0.000256421
0.000238094
0.000223269
0.000209592
0.000196893
0.000189961
0.000187645
0.000185859
0.000181678
0.000175298
0.000169433
0.000165974
0.000164529
0.00016406
0.000164183
0.000164982
0.000166477
0.000168462
0.000170739
0.000173294
0.000176161
0.000179238
0.000182336
0.000185323
0.00018814
0.000190774
0.000193249
0.000195597
0.00019782
0.000199896
0.000201829
0.000203669
0.000205457
0.000207194
0.000208863
0.000210369
0.000211537
0.000212383
0.000213148
0.000214041
0.000214958
0.0002157
0.000216295
0.000216981
0.000217844
0.000218661
0.000219238
0.000219751
0.000220473
0.000221369
0.000222113
0.00022262
0.000223206
0.00022409
0.000224962
0.000225413
0.000225685
0.000226311
0.000227405
0.000228331
0.000228691
0.00022884
0.000229257
0.000230027
0.000230964
0.000231905
0.000232762
0.000233503
0.000234136
0.000234668
0.000235247
0.000236064
0.000237041
0.000237756
0.000238067
0.000238451
0.00023936
0.000240365
0.000240984
0.000241153
0.000241398
0.000242061
0.000243092
0.000244356
0.000245776
0.000247371
0.0002488
0.000249398
0.000249502
0.00025113
0.00025549
0.00025359
0.000240096
0.000245848
0.000288819
0.000407937
0.000610494
0.00061603
0.000547759
0.000441794
0.000404937
0.000381361
0.000367619
0.000359634
0.000354643
0.000351938
0.00035504
0.000363533
0.000375388
0.000388844
0.000404899
0.000424067
0.000446023
0.000470002
0.000495831
0.000523046
0.000551576
0.000581361
0.000612519
0.000645107
0.00067871
0.000711926
0.000745583
0.000781037
0.000817271
0.000852713
0.000888397
0.000925018
0.000962824
0.00100148
0.00103991
0.00107783
0.00111622
0.00115542
0.00119611
0.0012377
0.00127984
0.00132186
0.00136414
0.00140857
0.00145457
0.00149926
0.00154365
0.00158946
0.00163597
0.00168317
0.00173361
0.00178708
0.00184351
0.00190559
0.00197365
0.00203869
0.00209428
0.00214941
0.00219934
0.00222493
0.00228318
0.00234422
0.00239399
0.00244329
0.00248947
0.00253577
0.00258016
0.00262396
0.00266616
0.00270742
0.00274714
0.00278565
0.00282246
0.00285772
0.00289095
0.00292207
0.00295055
0.00297608
0.00299799
0.00301581
0.00302904
0.00303818
0.00304504
0.00305432
0.00307156
0.00305061
0.00301163
0.00296747
0.00291996
0.00286974
0.00281728
0.00276322
0.00270788
0.00265177
0.00259507
0.00253824
0.00248132
0.00242472
0.00236843
0.0023128
0.00225774
0.00220357
0.00215016
0.00209779
0.00204632
0.00199598
0.00194663
0.00189846
0.00185132
0.00180539
0.00176051
0.00171682
0.00167417
0.00163263
0.00159217
0.00155283
0.00151457
0.00147738
0.00144126
0.00140615
0.00137209
0.00133897
0.00130688
0.00127567
0.00124546
0.00121606
0.00118762
0.00115994
0.00113318
0.00110712
0.00108194
0.00105741
0.00103372
0.00101062
0.000988322
0.000966573
0.000945582
0.000925098
0.000905333
0.000886031
0.000867405
0.000849216
0.000831657
0.000814504
0.000797943
0.000781762
0.000766126
0.000750852
0.00073608
0.00072165
0.000707678
0.000694027
0.000680787
0.000667897
0.000655548
0.000643859
0.000632651
0.000622129
0.000611536
0.000601693
0.000589407
0.000580974
0.000532804
0.000462563
0.000418525
0.000368666
0.000336195
0.000315702
0.000301746
0.000291856
0.000286504
0.000284965
0.000286162
0.000289181
0.000293323
0.000298057
0.000303008
0.000307949
0.00031276
0.000317382
0.00032179
0.000325976
0.000329944
0.000333705
0.000337272
0.000340657
0.000343871
0.000346929
0.000349841
0.000352618
0.000355266
0.00035779
0.000360199
0.0003625
0.000364701
0.000366806
0.000368822
0.000370751
0.000372595
0.000374362
0.000376054
0.000377676
0.000379228
0.000380717
0.000382144
0.00038351
0.000384819
0.000386077
0.000387285
0.000388444
0.000389556
0.000390624
0.000391652
0.000392636
0.000393576
0.000394481
0.000395352
0.000396189
0.000396993
0.000397765
0.000398508
0.000399224
0.000399912
0.000400571
0.000401205
0.000401817
0.000402405
0.000402972
0.000403517
0.000404042
0.000404548
0.000405037
0.000405508
0.000405962
0.000406401
0.000406825
0.000407236
0.000407633
0.000408017
0.00040839
0.000408752
0.000409103
0.000409444
0.000409775
0.000410098
0.000410412
0.000410717
0.000411015
0.000411306
0.000411589
0.000411866
0.000412136
0.0004124
0.000412658
0.00041291
0.000413157
0.000413398
0.000413635
0.000413867
0.000414094
0.000414317
0.000414535
0.000414749
0.000414959
0.000415164
0.000415366
0.000415564
0.000415758
0.000415948
0.000416135
0.000416318
0.000416498
0.000416674
0.000416847
0.000417017
0.000417184
0.000417348
0.000417509
0.000417667
0.000417823
0.000417975
0.000418125
0.000418272
0.000418417
0.000418559
0.000418699
0.000418836
0.000418971
0.000419103
0.000419233
0.000419361
0.000419487
0.00041961
0.000419731
0.00041985
0.000419967
0.000420082
0.000420194
0.000420305
0.000420414
0.000420521
0.000420626
0.000420729
0.00042083
0.00042093
0.000421028
0.000421125
0.00042122
0.000421313
0.000421404
0.000421495
0.000421583
0.000421671
0.000421756
0.000421841
0.000421924
0.000422006
0.000422086
0.000422165
0.000422243
0.00042232
0.000422396
0.000422471
0.000422545
0.000422618
0.00042269
0.00042276
0.00042283
0.000422899
0.000422967
0.000423034
0.0004231
0.000423165
0.000423229
0.000423293
0.000423356
0.000423418
0.00042348
0.000423541
0.000423601
0.000423661
0.00042372
0.000423779
0.000423837
0.000423895
0.000423953
0.00042401
0.000424067
0.000424123
0.00042418
0.000424236
0.000424291
0.000424347
0.000424403
0.000424458
0.000424513
0.000424569
0.000424624
0.00042468
0.000424736
0.000424792
0.000424849
0.000424905
0.000424962
0.00042502
0.000425077
0.000425135
0.000425193
0.000425252
0.000425311
0.000425371
0.000425431
0.000425493
0.000425555
0.000425618
0.000425682
0.000425748
0.000425814
0.000425881
0.000425949
0.000426019
0.00042609
0.000426162
0.000426235
0.00042631
0.000426386
0.000426464
0.000426544
0.000426627
0.000426711
0.000426797
0.000426885
0.000426975
0.000427068
0.000427162
0.000427259
0.00042736
0.000427461
0.000427573
0.000427663
0.000427845
0.000427582
0.000426486
0.000425124
0.000423766
0.000422419
0.000421079
0.000419748
0.000418424
0.000417106
0.000415795
0.000414489
0.000413189
0.000411894
0.000410604
0.00040932
0.000408031
0.000406718
0.000405376
0.000404008
0.000402615
0.000401198
0.000399758
0.000398297
0.000396818
0.000395324
0.000393815
0.000392296
0.000390768
0.000389234
0.000387697
0.00038616
0.000384625
0.000383094
0.000381572
0.000380061
0.000378562
0.000377081
0.00037562
0.000374182
0.000372767
0.00037138
0.000370024
0.000368696
0.000367404
0.000366148
0.00036493
0.00036375
0.000362615
0.000361517
0.000360467
0.000359459
0.000358498
0.000357574
0.000356673
0.00035579
0.000354927
0.000354085
0.000353267
0.000352474
0.000351706
0.000350968
0.00035026
0.000349584
0.000348942
0.000348335
0.000347768
0.000347242
0.000346761
0.000346327
0.000345945
0.000345617
0.000345347
0.000345141
0.000345003
0.000344939
0.000344955
0.000345057
0.000345252
0.00034555
0.000345959
0.00034649
0.000347155
0.000347967
0.00034894
0.000350094
0.000351447
0.000353024
0.000354851
0.000356965
0.000359393
0.000362194
0.00036541
0.000369127
0.000373408
0.000378383
0.000384164
0.00039096
0.000398978
0.000408584
0.000420296
0.000436323
0.000456368
0.000522938
0.000585376
0.000617462
0.000643152
0.00065917
0.000667866
0.000670212
0.000668411
0.000662525
0.000653266
0.000642775
0.000632312
0.000619703
0.000605066
0.000590917
0.000577303
0.00056
0.000541432
0.000546285
0.000517463
0.000475292
0.00043009
0.00039462
0.000364199
0.000336561
0.000313375
0.000291526
0.000270102
0.00025612
0.000249262
0.00024467
0.00023798
0.000228298
0.000218374
0.00021081
0.000205724
0.000202207
0.000199812
0.000198538
0.000198373
0.000199086
0.000200427
0.000202327
0.000204796
0.000207718
0.000210876
0.00021409
0.000217241
0.000220274
0.000223181
0.00022598
0.00022867
0.00023122
0.000233625
0.000235927
0.000238172
0.00024037
0.000242513
0.000244506
0.000246158
0.000247419
0.000248513
0.000249688
0.000250892
0.000251919
0.000252761
0.000253654
0.00025473
0.000255788
0.0002566
0.000257302
0.000258189
0.000259278
0.000260253
0.000260976
0.000261728
0.000262784
0.000263887
0.000264586
0.000265011
0.00026574
0.000266991
0.000268183
0.000268798
0.000269095
0.000269588
0.000270444
0.000271527
0.000272673
0.000273759
0.000274736
0.000275586
0.000276298
0.000277028
0.000278
0.000279187
0.000280134
0.000280631
0.000281112
0.000282129
0.000283284
0.000284122
0.00028441
0.000284658
0.000285274
0.000286288
0.000287595
0.000289108
0.000290822
0.000292405
0.000293023
0.000292823
0.000293908
0.000298077
0.000296047
0.000278846
0.000279262
0.000318564
0.000433019
0.000677363
0.000749858
0.000689281
0.000584441
0.000539447
0.000508825
0.00049071
0.000480746
0.000474817
0.00047149
0.000475691
0.000487139
0.000503128
0.000520966
0.000541923
0.00056682
0.000595285
0.000626304
0.000659654
0.00069473
0.000731438
0.000769771
0.000809913
0.000852016
0.000895527
0.000938499
0.000982002
0.00102799
0.0010751
0.00112114
0.00116746
0.00121507
0.00126428
0.00131469
0.0013648
0.00141416
0.00146408
0.001515
0.00156786
0.00162186
0.00167648
0.00173081
0.00178523
0.00184226
0.00190113
0.00195792
0.00201389
0.00207134
0.00212934
0.00218777
0.00225034
0.00231677
0.00238699
0.0024646
0.00254958
0.00263038
0.00269745
0.00276446
0.00282361
0.00285326
0.00292368
0.00299831
0.00305412
0.00311146
0.00316431
0.00321711
0.00326701
0.0033158
0.0033621
0.00340678
0.00344901
0.00348923
0.00352681
0.00356191
0.00359398
0.00362295
0.00364829
0.00366984
0.00368713
0.00370015
0.00370898
0.00371486
0.00372007
0.00372924
0.00374614
0.00372019
0.0036763
0.0036273
0.00357481
0.00351929
0.00346113
0.00340094
0.00333904
0.00327596
0.00321191
0.00314738
0.00308244
0.00301758
0.00295277
0.00288845
0.00282451
0.00276135
0.00269883
0.00263731
0.00257662
0.00251705
0.00245845
0.00240107
0.00234474
0.00228969
0.00223575
0.00218312
0.00213159
0.0020813
0.0020322
0.00198435
0.00193773
0.00189231
0.00184813
0.00180509
0.00176328
0.00172256
0.00168305
0.00164456
0.00160725
0.0015709
0.00153569
0.00150138
0.00146815
0.00143578
0.00140445
0.00137389
0.00134435
0.00131552
0.00128764
0.00126044
0.00123413
0.00120845
0.00118362
0.00115936
0.00113591
0.00111299
0.00109082
0.00106915
0.00104819
0.00102769
0.00100784
0.000988434
0.000969622
0.00095123
0.000933375
0.000915917
0.000898932
0.000882381
0.00086646
0.000851383
0.000836831
0.000823202
0.000809267
0.000796471
0.000779319
0.000769438
0.000701142
0.000528999
0.000490262
0.000442588
0.00040871
0.000386308
0.000370852
0.000359087
0.000350539
0.000345389
0.000343219
0.000343449
0.000345463
0.000348696
0.000352681
0.000357088
0.000361696
0.000366363
0.000370994
0.000375533
0.000379945
0.000384214
0.000388333
0.000392297
0.000396109
0.000399774
0.000403296
0.000406682
0.000409934
0.000413056
0.000416053
0.000418932
0.000421699
0.000424359
0.000426916
0.000429373
0.000431732
0.000434001
0.000436182
0.000438278
0.000440292
0.00044223
0.000444095
0.000445884
0.000447604
0.000449261
0.000450856
0.000452391
0.000453868
0.00045529
0.000456662
0.000457979
0.000459241
0.000460456
0.000461631
0.000462762
0.00046385
0.000464897
0.000465907
0.000466881
0.000467822
0.00046872
0.000469585
0.000470423
0.000471231
0.000472009
0.000472759
0.000473481
0.000474178
0.000474851
0.000475501
0.000476128
0.000476733
0.000477318
0.000477883
0.000478431
0.000478963
0.000479478
0.000479977
0.000480462
0.000480933
0.00048139
0.000481835
0.000482268
0.00048269
0.000483101
0.000483502
0.000483893
0.000484275
0.000484647
0.000485012
0.000485368
0.000485716
0.000486057
0.000486391
0.000486718
0.000487039
0.000487353
0.000487661
0.000487963
0.00048826
0.000488551
0.000488836
0.000489116
0.000489391
0.000489661
0.000489925
0.000490185
0.000490441
0.000490691
0.000490937
0.000491179
0.000491417
0.000491651
0.00049188
0.000492106
0.000492328
0.000492546
0.000492761
0.000492972
0.000493179
0.000493383
0.000493584
0.000493781
0.000493975
0.000494165
0.000494353
0.000494537
0.000494719
0.000494897
0.000495073
0.000495246
0.000495415
0.000495582
0.000495746
0.000495907
0.000496065
0.000496221
0.000496375
0.000496526
0.000496674
0.00049682
0.000496964
0.000497106
0.000497245
0.000497382
0.000497517
0.00049765
0.00049778
0.000497909
0.000498036
0.00049816
0.000498283
0.000498404
0.000498523
0.00049864
0.000498756
0.00049887
0.000498982
0.000499093
0.000499203
0.000499311
0.000499417
0.000499522
0.000499626
0.000499728
0.000499828
0.000499928
0.000500026
0.000500123
0.000500219
0.000500313
0.000500406
0.000500499
0.00050059
0.00050068
0.000500769
0.000500858
0.000500946
0.000501032
0.000501118
0.000501203
0.000501288
0.000501372
0.000501455
0.000501537
0.000501619
0.000501701
0.000501782
0.000501862
0.000501942
0.000502022
0.000502102
0.000502181
0.00050226
0.000502339
0.000502418
0.000502497
0.000502577
0.000502656
0.000502736
0.000502816
0.000502895
0.000502975
0.000503056
0.000503136
0.000503216
0.000503298
0.000503379
0.000503462
0.000503545
0.000503629
0.000503714
0.0005038
0.000503887
0.000503975
0.000504064
0.000504154
0.000504246
0.000504338
0.000504432
0.000504527
0.000504624
0.000504722
0.000504822
0.000504925
0.00050503
0.000505137
0.000505246
0.000505357
0.00050547
0.000505586
0.000505704
0.000505825
0.00050595
0.000506075
0.000506212
0.000506324
0.000506542
0.000506259
0.000505042
0.000503529
0.000502003
0.000500482
0.000498968
0.000497463
0.000495967
0.00049448
0.000493
0.000491528
0.000490062
0.000488603
0.00048715
0.000485703
0.000484251
0.000482771
0.000481258
0.000479715
0.000478141
0.000476539
0.000474911
0.000473258
0.000471583
0.00046989
0.000468181
0.000466459
0.000464727
0.00046299
0.000461248
0.000459505
0.000457766
0.000456033
0.000454309
0.000452598
0.000450903
0.000449228
0.000447578
0.000445955
0.000444358
0.000442796
0.000441269
0.000439777
0.000438327
0.000436919
0.000435556
0.000434239
0.000432973
0.000431753
0.000430589
0.000429474
0.000428415
0.000427401
0.000426413
0.000425447
0.000424504
0.000423587
0.000422697
0.000421836
0.000421007
0.00042021
0.00041945
0.000418728
0.000418046
0.000417406
0.000416812
0.000416267
0.000415774
0.000415337
0.000414959
0.000414646
0.000414402
0.000414231
0.00041414
0.000414135
0.000414222
0.00041441
0.000414706
0.00041512
0.000415663
0.000416346
0.000417182
0.000418186
0.000419376
0.00042077
0.000422391
0.000424264
0.00042642
0.000428898
0.000431728
0.000434973
0.000438678
0.000442935
0.000447812
0.000453448
0.000459955
0.000467564
0.000476461
0.000487066
0.000499855
0.000516724
0.000537064
0.000613313
0.000691815
0.000736336
0.000773184
0.000798744
0.000815592
0.000824725
0.000828728
0.000827685
0.000822242
0.000814983
0.000807611
0.000797527
0.00078455
0.000771831
0.000759695
0.000742721
0.000723902
0.000729098
0.000702063
0.00065302
0.000596667
0.000551315
0.000510863
0.000472707
0.000439784
0.000408026
0.000375419
0.000352069
0.000338781
0.000329744
0.000319059
0.000304574
0.000289075
0.000275811
0.000265263
0.000256727
0.000249875
0.000244749
0.000241324
0.000239325
0.000238449
0.000238582
0.000239701
0.000241665
0.000244218
0.000247122
0.000250193
0.00025331
0.000256414
0.000259491
0.00026252
0.000265457
0.000268277
0.000271012
0.000273703
0.000276366
0.000279001
0.000281516
0.000283704
0.00028546
0.000286975
0.000288511
0.00029006
0.000291426
0.000292576
0.000293736
0.00029507
0.000296405
0.000297495
0.000298439
0.00029954
0.000300852
0.000302086
0.000303065
0.000304033
0.0003053
0.00030666
0.000307643
0.000308284
0.000309168
0.000310601
0.000312065
0.000312974
0.000313488
0.000314119
0.000315091
0.000316324
0.000317674
0.000319011
0.000320264
0.000321382
0.000322329
0.000323251
0.00032441
0.000325824
0.000327041
0.000327768
0.000328401
0.000329544
0.00033089
0.000331929
0.000332384
0.000332667
0.000333251
0.000334221
0.000335518
0.000337073
0.000338846
0.00034055
0.000341162
0.000340643
0.000341078
0.000344836
0.000342574
0.000321708
0.000315292
0.000350341
0.000456761
0.000736623
0.000873377
0.000844584
0.000756363
0.000703691
0.000665503
0.000642457
0.000630286
0.000623593
0.000619738
0.00062535
0.000640467
0.000661635
0.00068496
0.000711961
0.000743865
0.000780266
0.000819867
0.000862376
0.000907022
0.000953667
0.00100238
0.00105344
0.00110712
0.00116274
0.00121767
0.0012732
0.00133205
0.00139252
0.00145162
0.00151101
0.0015721
0.00163531
0.0017002
0.00176473
0.00182823
0.00189234
0.00195768
0.00202546
0.0020947
0.00216467
0.00223414
0.0023034
0.00237574
0.00245021
0.00252162
0.0025914
0.00266266
0.00273417
0.0028057
0.00288248
0.00296416
0.00305072
0.00314682
0.0032518
0.00335061
0.0034298
0.00350973
0.00357748
0.00361379
0.00369583
0.00378496
0.00384522
0.00390971
0.00396813
0.00402612
0.00407992
0.00413182
0.00418006
0.00422576
0.00426793
0.00430713
0.00434268
0.00437487
0.00440321
0.00442783
0.00444837
0.004465
0.00447757
0.0044865
0.00449221
0.00449622
0.00450076
0.00450994
0.0045254
0.00449398
0.00444459
0.00439023
0.00433238
0.00427134
0.00420738
0.00414106
0.00407264
0.00400267
0.0039313
0.00385909
0.00378608
0.00371283
0.00363931
0.00356601
0.00349285
0.00342026
0.00334812
0.00327684
0.00320625
0.00313672
0.00306807
0.00300062
0.00293418
0.00286906
0.00280506
0.00274243
0.00268097
0.00262083
0.00256197
0.00250448
0.00244834
0.00239356
0.00234015
0.00228805
0.00223733
0.00218788
0.0021398
0.00209292
0.00204741
0.00200302
0.00195996
0.00191796
0.00187724
0.00183754
0.00179905
0.00176151
0.00172515
0.00168965
0.00165528
0.00162172
0.00158923
0.00155749
0.00152676
0.00149673
0.00146764
0.00143922
0.00141167
0.00138474
0.00135863
0.0013331
0.00130833
0.0012841
0.00126057
0.00123755
0.00121515
0.00119324
0.00117186
0.00115103
0.00113091
0.00111186
0.00109337
0.0010761
0.00105815
0.00104197
0.00101861
0.00100717
0.000914436
0.000598621
0.00056479
0.000520513
0.000486498
0.000462865
0.000446377
0.000433926
0.000423542
0.000415626
0.000410224
0.000407246
0.0004064
0.000407274
0.000409439
0.000412524
0.000416239
0.000420366
0.000424736
0.000429229
0.000433762
0.00043828
0.000442743
0.000447126
0.000451412
0.00045559
0.000459655
0.000463604
0.000467433
0.00047114
0.000474726
0.000478194
0.000481548
0.00048479
0.000487923
0.000490948
0.000493867
0.000496685
0.000499406
0.000502032
0.000504565
0.00050701
0.000509369
0.000511643
0.000513836
0.000515953
0.000517998
0.000519971
0.000521875
0.000523712
0.000525489
0.000527201
0.000528847
0.000530432
0.000531971
0.000533454
0.000534884
0.000536264
0.000537596
0.000538885
0.000540132
0.000541324
0.000542469
0.000543585
0.000544662
0.000545701
0.000546702
0.000547668
0.0005486
0.000549502
0.000550375
0.000551217
0.000552026
0.000552809
0.000553568
0.000554304
0.000555018
0.00055571
0.000556381
0.000557032
0.000557664
0.000558278
0.000558876
0.000559458
0.000560024
0.000560576
0.000561113
0.000561638
0.000562149
0.000562649
0.000563138
0.000563616
0.000564084
0.000564542
0.00056499
0.00056543
0.00056586
0.000566282
0.000566696
0.000567103
0.000567501
0.000567893
0.000568277
0.000568654
0.000569024
0.000569387
0.000569744
0.000570095
0.00057044
0.000570779
0.000571112
0.000571439
0.000571761
0.000572077
0.000572389
0.000572695
0.000572997
0.000573293
0.000573585
0.000573872
0.000574155
0.000574433
0.000574707
0.000574976
0.000575241
0.000575502
0.000575758
0.000576011
0.00057626
0.000576504
0.000576746
0.000576983
0.000577216
0.000577446
0.000577672
0.000577894
0.000578113
0.000578328
0.000578541
0.00057875
0.000578955
0.000579158
0.000579358
0.000579554
0.000579748
0.000579938
0.000580126
0.000580311
0.000580493
0.000580672
0.000580849
0.000581024
0.000581195
0.000581364
0.000581531
0.000581695
0.000581857
0.000582017
0.000582175
0.00058233
0.000582484
0.000582635
0.000582784
0.000582932
0.000583077
0.000583221
0.000583363
0.000583502
0.000583641
0.000583777
0.000583911
0.000584044
0.000584176
0.000584305
0.000584434
0.000584561
0.000584686
0.00058481
0.000584934
0.000585055
0.000585176
0.000585295
0.000585413
0.000585531
0.000585647
0.000585762
0.000585877
0.00058599
0.000586103
0.000586215
0.000586326
0.000586437
0.000586547
0.000586656
0.000586765
0.000586874
0.000586982
0.00058709
0.000587199
0.000587307
0.000587415
0.000587523
0.000587631
0.000587738
0.000587846
0.000587954
0.000588062
0.00058817
0.000588279
0.000588388
0.000588498
0.000588608
0.000588719
0.000588831
0.000588944
0.000589058
0.000589173
0.000589289
0.000589406
0.000589525
0.000589644
0.000589765
0.000589887
0.000590011
0.000590137
0.000590265
0.000590396
0.000590529
0.000590663
0.0005908
0.00059094
0.000591081
0.000591225
0.000591372
0.000591524
0.000591675
0.00059184
0.000591976
0.000592232
0.000591937
0.000590624
0.00058899
0.00058733
0.000585666
0.000584006
0.000582355
0.000580713
0.000579081
0.000577459
0.000575845
0.000574239
0.00057264
0.000571048
0.000569464
0.000567873
0.000566251
0.000564591
0.000562895
0.000561164
0.000559401
0.000557605
0.000555781
0.000553933
0.000552062
0.000550172
0.000548267
0.000546351
0.000544427
0.000542498
0.000540569
0.000538643
0.000536725
0.000534817
0.000532924
0.000531049
0.000529198
0.000527375
0.000525584
0.000523823
0.000522103
0.000520424
0.000518785
0.000517195
0.000515654
0.000514166
0.000512731
0.000511355
0.000510033
0.000508776
0.000507575
0.00050644
0.000505357
0.000504304
0.000503278
0.000502278
0.000501307
0.000500368
0.000499461
0.000498591
0.000497759
0.000496968
0.00049622
0.000495519
0.000494866
0.000494266
0.000493721
0.000493237
0.000492816
0.000492464
0.000492184
0.000491983
0.000491866
0.00049184
0.000491911
0.000492087
0.000492376
0.000492788
0.000493333
0.000494022
0.000494869
0.000495888
0.000497095
0.000498509
0.00050015
0.000502043
0.000504215
0.000506698
0.000509535
0.000512758
0.000516433
0.000520609
0.00052538
0.000530818
0.00053707
0.000544243
0.00055259
0.000562262
0.000573728
0.000587407
0.000604238
0.000625007
0.000710292
0.000805326
0.000864174
0.000914252
0.000951431
0.000978452
0.000996313
0.00100798
0.00101358
0.00101367
0.00101129
0.00100866
0.00100279
0.000993111
0.000983424
0.000974454
0.000959487
0.000942046
0.000947196
0.000925893
0.000871863
0.000805041
0.000750797
0.000700807
0.000651861
0.000608725
0.000566188
0.0005206
0.000486205
0.000465229
0.00045051
0.000434413
0.000413365
0.000390512
0.000369989
0.000352182
0.000336476
0.000322794
0.000311466
0.000302533
0.000295713
0.000290649
0.000287218
0.000285393
0.000285003
0.000285738
0.000287299
0.000289429
0.000291924
0.000294652
0.000297545
0.000300541
0.000303565
0.000306564
0.000309546
0.000312541
0.00031556
0.000318607
0.000321593
0.000324295
0.000326558
0.000328534
0.000330483
0.000332418
0.000334155
0.000335652
0.000337124
0.000338754
0.000340394
0.00034179
0.000343015
0.000344371
0.000345938
0.000347451
0.000348711
0.000349936
0.000351454
0.000353097
0.000354384
0.000355289
0.000356386
0.000358038
0.000359784
0.000361005
0.000361793
0.000362631
0.000363767
0.000365167
0.000366725
0.000368322
0.000369871
0.000371295
0.000372527
0.00037369
0.000375078
0.000376745
0.000378257
0.000379255
0.000380093
0.000381405
0.000382987
0.00038424
0.000384869
0.000385242
0.000385825
0.000386742
0.000387986
0.0003895
0.000391302
0.000393074
0.000393625
0.000392782
0.000392507
0.000395694
0.000393017
0.000368742
0.000354493
0.000384105
0.000479456
0.000783679
0.000975063
0.00101791
0.000979844
0.000899919
0.000854164
0.000825862
0.000811317
0.000804222
0.000800054
0.000807411
0.000826946
0.000854438
0.000884501
0.00091881
0.000959111
0.001005
0.00105486
0.00110832
0.0011644
0.00122289
0.00128398
0.00134803
0.00141551
0.00148565
0.00155498
0.00162492
0.00169918
0.00177574
0.00185065
0.00192581
0.00200313
0.0020832
0.00216559
0.00224762
0.0023283
0.00240958
0.00249234
0.00257813
0.00266582
0.00275436
0.00284218
0.00292935
0.00302001
0.00311313
0.00320194
0.00328791
0.00337524
0.00346224
0.00354863
0.00364171
0.00374105
0.00384671
0.00396463
0.00409301
0.00421059
0.00430185
0.00439455
0.00446733
0.00451575
0.00460497
0.00470634
0.00476871
0.0048372
0.0048981
0.00495797
0.00501228
0.00506377
0.00511053
0.00515391
0.00519297
0.00522845
0.0052598
0.00528751
0.00531124
0.00533134
0.00534764
0.00536053
0.00537001
0.00537666
0.00538098
0.00538448
0.00538912
0.00539826
0.00541123
0.00537406
0.0053188
0.00525867
0.00519509
0.00512828
0.00505842
0.00498598
0.00491114
0.0048344
0.00475589
0.00467617
0.00459526
0.00451374
0.00443159
0.00434933
0.00426687
0.00418472
0.00410273
0.0040214
0.00394053
0.00386056
0.00378131
0.00370317
0.00362595
0.00355
0.00347513
0.00340165
0.00332933
0.00325839
0.00318877
0.00312063
0.00305392
0.0029887
0.00292497
0.00286272
0.002802
0.00274271
0.00268497
0.00262859
0.00257378
0.00252028
0.00246829
0.00241756
0.0023683
0.00232024
0.00227359
0.00222807
0.00218392
0.0021408
0.002099
0.00205818
0.00201859
0.00197993
0.00194243
0.00190579
0.00187025
0.00183551
0.0018018
0.00176884
0.00173683
0.00170553
0.00167511
0.00164535
0.0016164
0.00158807
0.00156046
0.00153343
0.00150701
0.00148125
0.0014563
0.0014327
0.00140966
0.00138823
0.00136555
0.00134562
0.00131443
0.00130126
0.00117998
0.000671855
0.000642681
0.000602532
0.000569455
0.000545236
0.000528173
0.000515167
0.000504349
0.000494906
0.000487087
0.000481161
0.000477233
0.000475208
0.000474844
0.000475842
0.000477919
0.000480816
0.000484311
0.000488225
0.000492421
0.000496798
0.000501279
0.000505807
0.000510339
0.000514845
0.000519301
0.000523692
0.000528002
0.000532221
0.000536342
0.000540362
0.000544279
0.000548092
0.0005518
0.000555401
0.000558897
0.000562288
0.000565579
0.000568768
0.000571858
0.000574852
0.000577753
0.00058056
0.000583276
0.000585908
0.000588456
0.000590923
0.00059331
0.000595621
0.000597861
0.000600026
0.000602113
0.000604133
0.000606092
0.000607986
0.000609817
0.000611588
0.0006133
0.000614959
0.000616569
0.000618114
0.000619591
0.00062104
0.000622441
0.000623792
0.000625096
0.000626356
0.000627574
0.000628753
0.000629897
0.000631001
0.000632056
0.000633081
0.000634077
0.000635045
0.000635982
0.000636891
0.000637771
0.000638625
0.000639455
0.000640262
0.000641048
0.000641812
0.000642555
0.000643278
0.000643982
0.00064467
0.000645341
0.000645998
0.000646639
0.000647267
0.00064788
0.000648481
0.00064907
0.000649647
0.000650212
0.000650766
0.00065131
0.000651843
0.000652366
0.00065288
0.000653384
0.00065388
0.000654366
0.000654844
0.000655314
0.000655776
0.000656231
0.000656677
0.000657116
0.000657549
0.000657974
0.000658392
0.000658804
0.000659209
0.000659608
0.000660001
0.000660388
0.000660768
0.000661143
0.000661512
0.000661876
0.000662234
0.000662586
0.000662933
0.000663275
0.000663612
0.000663944
0.000664271
0.000664593
0.00066491
0.000665222
0.000665529
0.000665832
0.00066613
0.000666424
0.000666714
0.000666999
0.00066728
0.000667557
0.00066783
0.000668099
0.000668364
0.000668625
0.000668883
0.000669136
0.000669386
0.000669633
0.000669876
0.000670115
0.000670352
0.000670584
0.000670814
0.00067104
0.000671263
0.000671484
0.000671701
0.000671915
0.000672127
0.000672336
0.000672542
0.000672745
0.000672946
0.000673144
0.00067334
0.000673533
0.000673723
0.000673912
0.000674098
0.000674281
0.000674462
0.000674642
0.000674819
0.000674994
0.000675167
0.000675338
0.000675507
0.000675675
0.000675841
0.000676005
0.000676167
0.000676328
0.000676487
0.000676645
0.000676802
0.000676957
0.000677111
0.000677263
0.000677415
0.000677565
0.000677714
0.000677862
0.000678009
0.000678156
0.000678301
0.000678446
0.000678591
0.000678735
0.000678879
0.000679022
0.000679165
0.000679307
0.000679449
0.000679591
0.000679732
0.000679873
0.000680015
0.000680156
0.000680298
0.00068044
0.000680582
0.000680726
0.000680869
0.000681014
0.000681159
0.000681305
0.000681452
0.000681599
0.000681748
0.000681898
0.000682049
0.000682201
0.000682355
0.00068251
0.000682668
0.000682828
0.000682991
0.000683155
0.000683321
0.00068349
0.000683661
0.000683834
0.00068401
0.000684191
0.000684371
0.000684567
0.000684729
0.000685024
0.000684727
0.000683346
0.000681626
0.000679867
0.000678098
0.000676328
0.000674565
0.00067281
0.000671066
0.000669332
0.000667608
0.000665892
0.000664184
0.000662484
0.000660793
0.000659094
0.000657359
0.000655582
0.000653763
0.000651904
0.000650007
0.000648072
0.000646104
0.000644107
0.000642084
0.000640039
0.000637976
0.000635899
0.000633813
0.000631721
0.000629627
0.000627537
0.000625455
0.000623385
0.000621331
0.000619298
0.000617291
0.000615317
0.000613379
0.000611475
0.000609618
0.000607807
0.000606043
0.000604334
0.000602682
0.000601089
0.000599558
0.000598094
0.000596692
0.000595364
0.000594101
0.000592912
0.000591783
0.000590689
0.000589625
0.00058859
0.000587588
0.000586621
0.00058569
0.0005848
0.000583952
0.00058315
0.000582397
0.000581695
0.000581048
0.000580459
0.000579932
0.000579472
0.000579082
0.000578769
0.000578537
0.000578392
0.00057834
0.000578388
0.000578544
0.000578816
0.000579213
0.000579745
0.000580424
0.000581261
0.000582271
0.000583469
0.000584872
0.0005865
0.000588376
0.000590524
0.000592974
0.000595759
0.000598924
0.000602504
0.000606565
0.000611158
0.000616381
0.000622307
0.000629087
0.000636821
0.000645778
0.000656069
0.000668196
0.000682477
0.000698136
0.000719745
0.000813001
0.000924133
0.000998656
0.00106379
0.00111452
0.00115367
0.00118217
0.00120333
0.00121737
0.00122473
0.0012289
0.00123269
0.00123277
0.00122809
0.00122312
0.00121913
0.00120806
0.00119365
0.00120049
0.00118801
0.00113154
0.00105542
0.000993822
0.000935626
0.000876464
0.000823489
0.000770239
0.000710707
0.000664487
0.000635609
0.00061511
0.000592761
0.000563477
0.000531667
0.000502285
0.000476161
0.000451452
0.00042868
0.000408689
0.000391644
0.000377438
0.000365616
0.000356149
0.000349075
0.000344222
0.000341234
0.000339754
0.000339453
0.000340039
0.000341297
0.000343078
0.00034526
0.000347712
0.000350334
0.000353099
0.000356013
0.000359069
0.000362264
0.000365509
0.000368554
0.000371201
0.000373564
0.000375887
0.000378184
0.000380268
0.000382091
0.000383871
0.0003858
0.000387742
0.000389436
0.000390944
0.000392569
0.000394406
0.0003962
0.000397739
0.000399234
0.000401027
0.000402967
0.000404565
0.000405755
0.000407105
0.000409015
0.000411053
0.000412589
0.000413677
0.000414777
0.000416132
0.000417729
0.000419501
0.000421356
0.000423206
0.000424954
0.000426503
0.000427954
0.000429611
0.000431564
0.00043339
0.000434688
0.000435778
0.00043731
0.000439154
0.000440647
0.000441475
0.00044198
0.000442606
0.00044349
0.000444658
0.000446089
0.00044785
0.000449604
0.000450052
0.000448888
0.000447877
0.000450435
0.000447047
0.000419873
0.00039692
0.00041978
0.00050292
0.000812597
0.00105583
0.00120157
0.0011954
0.00112895
0.00107664
0.00104308
0.00102615
0.00101924
0.00101513
0.00102455
0.00104921
0.00108421
0.00112235
0.0011653
0.00121543
0.0012724
0.00133424
0.0014005
0.00146994
0.00154226
0.00161776
0.00169693
0.00178049
0.00186764
0.00195394
0.00204077
0.00213303
0.00222859
0.00232223
0.002416
0.00251245
0.00261237
0.00271546
0.00281835
0.0029195
0.00302122
0.00312463
0.00323174
0.00334138
0.00345211
0.00356194
0.00367045
0.00378276
0.00389794
0.00400718
0.00411169
0.00421719
0.00432114
0.00442373
0.0045349
0.00465427
0.00478206
0.00492571
0.00508123
0.00521421
0.00531539
0.00541719
0.00548436
0.00555588
0.00564189
0.00574815
0.00580653
0.00587292
0.00593154
0.00598868
0.00603985
0.00608777
0.00613082
0.00617034
0.00620563
0.00623743
0.00626535
0.0062899
0.00631082
0.00632853
0.00634291
0.00635437
0.00636296
0.00636927
0.00637375
0.00637778
0.00638301
0.00639191
0.00640143
0.00635848
0.00629726
0.00623116
0.00616166
0.00608892
0.00601309
0.00593453
0.00585338
0.00577007
0.00568469
0.00559775
0.00550926
0.0054198
0.00532931
0.00523836
0.00514683
0.00505529
0.00496354
0.00487218
0.00478098
0.00469043
0.00460038
0.00451125
0.00442285
0.00433563
0.00424935
0.00416441
0.00408057
0.00399811
0.00391696
0.00383734
0.00375919
0.00368263
0.00360766
0.00353429
0.00346258
0.00339247
0.00332406
0.00325719
0.00319206
0.00312843
0.00306652
0.00300605
0.00294725
0.00288986
0.00283407
0.00277961
0.00272672
0.00267507
0.00262492
0.00257594
0.00252838
0.00248193
0.00243682
0.00239274
0.00234994
0.0023081
0.00226744
0.00222769
0.00218904
0.00215124
0.00211446
0.00207848
0.00204342
0.00200911
0.00197561
0.00194283
0.00191072
0.0018794
0.001849
0.00182026
0.00179207
0.00176597
0.00173784
0.00171397
0.00167296
0.00165785
0.00150454
0.000750242
0.00072473
0.000689037
0.000657777
0.000633607
0.000616104
0.00060298
0.000592048
0.000582169
0.000573039
0.000564973
0.000558328
0.000553358
0.000550108
0.000548468
0.000548255
0.000549246
0.000551207
0.000553926
0.000557224
0.000560958
0.000565013
0.000569298
0.000573741
0.000578285
0.000582885
0.000587506
0.000592118
0.000596699
0.000601231
0.000605702
0.0006101
0.000614419
0.000618653
0.000622796
0.000626844
0.000630796
0.000634651
0.000638409
0.000642068
0.00064563
0.000649095
0.000652464
0.000655737
0.000658919
0.000662011
0.000665015
0.000667931
0.000670763
0.000673515
0.000676182
0.000678765
0.000681273
0.000683706
0.000686067
0.000688354
0.000690572
0.00069272
0.000694806
0.000696831
0.000698781
0.000700663
0.000702496
0.000704273
0.00070599
0.000707652
0.00070926
0.000710815
0.000712323
0.000713791
0.000715208
0.000716557
0.000717871
0.000719151
0.0007204
0.000721607
0.000722775
0.000723907
0.000725007
0.000726075
0.000727117
0.000728131
0.000729115
0.000730072
0.000730999
0.000731906
0.000732792
0.000733657
0.000734503
0.00073533
0.000736139
0.00073693
0.000737704
0.000738462
0.000739204
0.000739933
0.000740647
0.000741347
0.000742033
0.000742707
0.000743368
0.000744018
0.000744656
0.000745284
0.0007459
0.000746507
0.000747103
0.00074769
0.000748267
0.000748835
0.000749393
0.000749943
0.000750485
0.000751018
0.000751543
0.000752061
0.00075257
0.000753072
0.000753566
0.000754053
0.000754532
0.000755005
0.00075547
0.000755929
0.000756381
0.000756827
0.000757266
0.000757699
0.000758125
0.000758546
0.00075896
0.000759369
0.000759771
0.000760168
0.000760559
0.000760945
0.000761325
0.000761699
0.000762069
0.000762433
0.000762792
0.000763146
0.000763496
0.00076384
0.00076418
0.000764514
0.000764845
0.00076517
0.000765492
0.000765808
0.000766121
0.000766429
0.000766733
0.000767033
0.000767329
0.000767621
0.000767909
0.000768194
0.000768475
0.000768752
0.000769026
0.000769296
0.000769563
0.000769827
0.000770087
0.000770344
0.000770598
0.000770848
0.000771096
0.00077134
0.000771582
0.00077182
0.000772056
0.000772289
0.00077252
0.000772748
0.000772973
0.000773196
0.000773417
0.000773635
0.000773851
0.000774065
0.000774276
0.000774486
0.000774694
0.000774899
0.000775103
0.000775305
0.000775505
0.000775704
0.000775901
0.000776096
0.00077629
0.000776482
0.000776674
0.000776864
0.000777053
0.000777242
0.000777429
0.000777616
0.000777802
0.000777987
0.000778171
0.000778354
0.000778537
0.000778719
0.000778901
0.000779082
0.000779263
0.000779445
0.000779626
0.000779808
0.00077999
0.000780172
0.000780354
0.000780537
0.000780721
0.000780905
0.000781091
0.000781276
0.000781463
0.00078165
0.000781839
0.00078203
0.000782222
0.000782416
0.000782613
0.000782811
0.000783011
0.000783213
0.000783417
0.000783624
0.000783833
0.000784047
0.000784259
0.000784489
0.000784681
0.000785015
0.000784729
0.000783306
0.000781536
0.000779715
0.00077788
0.00077604
0.000774202
0.000772372
0.000770552
0.000768741
0.000766941
0.000765149
0.000763367
0.000761593
0.000759828
0.000758054
0.00075624
0.000754378
0.000752467
0.000750511
0.000748511
0.000746468
0.000744386
0.00074227
0.000740124
0.000737951
0.000735757
0.000733546
0.000731323
0.000729093
0.00072686
0.00072463
0.000722409
0.000720199
0.000718008
0.00071584
0.0007137
0.000711596
0.000709533
0.000707508
0.000705536
0.000703615
0.000701747
0.00069994
0.000698197
0.000696521
0.000694915
0.000693385
0.000691924
0.000690546
0.000689242
0.000688021
0.000686866
0.000685752
0.00068467
0.000683621
0.000682607
0.00068163
0.000680694
0.000679801
0.000678954
0.000678156
0.000677412
0.000676723
0.000676093
0.000675527
0.000675028
0.000674601
0.00067425
0.000673982
0.000673802
0.000673716
0.000673731
0.000673853
0.000674092
0.000674455
0.000674953
0.000675596
0.000676396
0.000677366
0.000678521
0.000679875
0.000681449
0.000683262
0.000685337
0.000687701
0.000690384
0.00069342
0.000696853
0.000700723
0.000705094
0.000710019
0.000715595
0.000721897
0.000729075
0.000737221
0.000746615
0.000757317
0.000769854
0.00078434
0.00079775
0.000820687
0.000920493
0.00104638
0.00113715
0.00121868
0.00128459
0.00133759
0.00137848
0.00141086
0.00143503
0.0014513
0.0014636
0.00147542
0.00148312
0.00148508
0.0014865
0.0014893
0.00148406
0.00147432
0.00148487
0.00148499
0.00142934
0.00134555
0.00127842
0.001214
0.00114589
0.00108413
0.00102103
0.000947337
0.000889231
0.000853214
0.000828796
0.000799714
0.000761
0.000718913
0.000680034
0.000644657
0.000610131
0.000577031
0.00054643
0.000518984
0.00049502
0.000473752
0.000455503
0.000440419
0.000428443
0.000419197
0.000412302
0.000407382
0.000404082
0.000402104
0.000401222
0.000401232
0.000401927
0.000403137
0.000404789
0.000406851
0.00040928
0.000412059
0.00041508
0.000418054
0.000420734
0.000423199
0.000425679
0.000428168
0.000430452
0.000432469
0.000434447
0.00043659
0.000438759
0.000440676
0.000442398
0.000444242
0.000446312
0.000448345
0.000450119
0.000451847
0.000453894
0.000456117
0.000457998
0.000459453
0.000461056
0.000463237
0.00046557
0.000467403
0.000468782
0.000470161
0.00047177
0.000473593
0.000475586
0.000477687
0.000479823
0.000481888
0.000483763
0.000485522
0.000487478
0.000489742
0.000491897
0.000493508
0.000494879
0.000496675
0.000498806
0.000500566
0.000501613
0.000502282
0.000502998
0.000503885
0.000504983
0.000506305
0.000507963
0.000509624
0.000509965
0.000508429
0.000506692
0.000508503
0.000504243
0.000474919
0.000442554
0.000457627
0.000529014
0.000816707
0.00111682
0.00136565
0.00143991
0.0013895
0.00133334
0.00129494
0.00127584
0.00126997
0.00126645
0.00127817
0.00130851
0.00135208
0.00139967
0.00145256
0.00151385
0.0015834
0.00165884
0.00173965
0.0018243
0.00191231
0.00200413
0.00210038
0.0022021
0.00230863
0.00241445
0.00252053
0.0026332
0.00275054
0.00286584
0.002981
0.00309934
0.00322194
0.00334885
0.00347599
0.003601
0.0037264
0.00385371
0.00398548
0.00412072
0.00425757
0.00439353
0.00452726
0.00466489
0.00480602
0.00493892
0.00506359
0.00518866
0.00530983
0.00542739
0.00555722
0.00569847
0.00585179
0.0060264
0.00621222
0.00634846
0.00644677
0.0065444
0.00658408
0.0066959
0.00676556
0.00686188
0.00691186
0.00697215
0.00702753
0.00708137
0.00713034
0.00717621
0.00721788
0.00725626
0.00729085
0.00732218
0.00734994
0.00737453
0.00739572
0.00741389
0.00742893
0.00744124
0.00745085
0.00745834
0.0074641
0.00746934
0.00747538
0.00748377
0.00748906
0.00744057
0.00737362
0.00730167
0.00722628
0.00714763
0.00706588
0.00698132
0.00689404
0.00680441
0.00671248
0.00661871
0.00652307
0.00642612
0.00632778
0.00622862
0.00612849
0.00602798
0.00592688
0.00582583
0.00572458
0.00562368
0.00552295
0.0054229
0.00532331
0.00522471
0.00512683
0.00503018
0.00493448
0.00484009
0.00474693
0.00465529
0.0045651
0.00447656
0.00438964
0.00430442
0.00422095
0.0041392
0.00405929
0.00398109
0.00390478
0.00383015
0.00375742
0.00368634
0.00361711
0.0035495
0.00348369
0.00341943
0.00335694
0.00329589
0.00323654
0.00317858
0.00312223
0.00306719
0.00301368
0.0029614
0.00291056
0.00286088
0.00281254
0.00276529
0.0027193
0.00267432
0.0026305
0.00258763
0.00254581
0.00250489
0.00246488
0.00242574
0.00238733
0.00234988
0.00231344
0.00227903
0.00224512
0.00221389
0.00217962
0.00215179
0.00209858
0.0020813
0.00189386
0.000834373
0.000811896
0.000780836
0.000751992
0.000728395
0.000710587
0.000697191
0.000686338
0.00067653
0.000667046
0.00065786
0.000649307
0.000641853
0.000635831
0.000631378
0.00062849
0.000627059
0.000626907
0.00062783
0.00062964
0.000632169
0.000635275
0.000638838
0.000642758
0.00064695
0.000651346
0.00065589
0.000660535
0.000665241
0.000669978
0.00067472
0.000679446
0.000684141
0.000688789
0.00069338
0.000697905
0.000702355
0.000706727
0.000711016
0.000715216
0.000719329
0.000723351
0.000727279
0.000731115
0.00073486
0.000738513
0.000742076
0.000745548
0.000748931
0.000752228
0.000755435
0.000758554
0.00076159
0.000764543
0.000767416
0.000770207
0.000772921
0.000775556
0.00077812
0.00078061
0.000783021
0.000785359
0.000787632
0.000789838
0.000791977
0.00079405
0.00079606
0.000798007
0.000799897
0.000801734
0.000803512
0.000805222
0.000806883
0.000808497
0.000810073
0.000811596
0.000813069
0.000814501
0.000815894
0.000817247
0.000818568
0.000819856
0.000821102
0.000822313
0.000823484
0.000824634
0.000825757
0.000826855
0.000827929
0.000828979
0.000830004
0.000831007
0.000831988
0.000832948
0.000833891
0.000834815
0.000835719
0.000836606
0.000837475
0.000838329
0.000839166
0.000839989
0.000840799
0.000841594
0.000842377
0.000843147
0.000843904
0.00084465
0.000845383
0.000846105
0.000846815
0.000847515
0.000848204
0.000848883
0.000849552
0.00085021
0.000850859
0.000851499
0.000852129
0.00085275
0.000853362
0.000853965
0.00085456
0.000855146
0.000855724
0.000856294
0.000856856
0.000857411
0.000857958
0.000858497
0.000859029
0.000859554
0.000860071
0.000860581
0.000861084
0.00086158
0.00086207
0.000862553
0.000863029
0.000863499
0.000863963
0.00086442
0.000864871
0.000865317
0.000865756
0.000866189
0.000866617
0.000867039
0.000867455
0.000867866
0.000868272
0.000868672
0.000869067
0.000869457
0.000869841
0.000870221
0.000870596
0.000870966
0.000871332
0.000871693
0.00087205
0.000872402
0.00087275
0.000873093
0.000873433
0.000873768
0.000874099
0.000874426
0.000874749
0.000875068
0.000875384
0.000875695
0.000876003
0.000876308
0.000876609
0.000876906
0.000877201
0.000877492
0.00087778
0.000878065
0.000878347
0.000878625
0.000878901
0.000879175
0.000879445
0.000879713
0.000879978
0.000880241
0.000880501
0.000880759
0.000881015
0.000881269
0.00088152
0.000881769
0.000882017
0.000882263
0.000882507
0.000882749
0.000882991
0.000883231
0.000883469
0.000883706
0.000883941
0.000884176
0.000884408
0.00088464
0.000884871
0.000885101
0.000885331
0.00088556
0.000885788
0.000886016
0.000886244
0.000886472
0.0008867
0.000886927
0.000887155
0.000887383
0.000887612
0.00088784
0.000888069
0.000888299
0.000888529
0.00088876
0.000888993
0.000889228
0.000889464
0.000889702
0.000889942
0.000890183
0.000890425
0.00089067
0.000890917
0.000891168
0.000891417
0.000891685
0.000891911
0.000892286
0.000892019
0.000890582
0.000888793
0.000886944
0.000885079
0.000883206
0.000881334
0.000879465
0.000877604
0.000875752
0.000873909
0.000872077
0.000870253
0.000868437
0.000866633
0.000864816
0.000862954
0.000861038
0.000859068
0.000857045
0.000854972
0.00085285
0.000850683
0.000848476
0.000846233
0.00084396
0.000841661
0.000839341
0.000837008
0.000834664
0.000832315
0.000829969
0.00082763
0.000825304
0.000822997
0.000820713
0.000818461
0.000816248
0.000814079
0.000811953
0.000809883
0.000807871
0.000805917
0.000804031
0.000802215
0.000800474
0.000798809
0.00079723
0.000795727
0.000794315
0.000792986
0.000791749
0.000790585
0.000789465
0.000788379
0.000787329
0.000786315
0.000785341
0.00078441
0.000783523
0.000782686
0.000781901
0.000781171
0.0007805
0.000779892
0.000779349
0.000778878
0.000778483
0.000778169
0.000777941
0.000777806
0.000777769
0.000777838
0.000778021
0.000778325
0.000778761
0.000779337
0.000780065
0.000780957
0.000782026
0.000783287
0.000784758
0.000786455
0.000788401
0.000790619
0.000793135
0.000795979
0.000799188
0.000802804
0.000806867
0.000811441
0.00081658
0.000822378
0.000828907
0.000836319
0.000844692
0.00085431
0.000865175
0.000877836
0.000892073
0.00090387
0.000927028
0.00103176
0.00117028
0.00127696
0.00137556
0.00145776
0.00152596
0.00158069
0.00162576
0.00166153
0.00168817
0.00171006
0.00173136
0.00174816
0.00175828
0.00176763
0.00177891
0.00178137
0.00177784
0.00179433
0.00181108
0.00176019
0.0016706
0.00159983
0.00153163
0.00145644
0.00138747
0.00131607
0.00122861
0.00115895
0.00111733
0.00109842
0.00105599
0.00100779
0.000954771
0.000906119
0.000861588
0.000817414
0.000773497
0.000731412
0.000692604
0.000657387
0.000624606
0.000595368
0.000569726
0.000547998
0.000529799
0.000514786
0.000502603
0.000492882
0.00048529
0.000479553
0.000475401
0.000472536
0.000470713
0.0004698
0.000469721
0.000470389
0.000471756
0.000473683
0.000475816
0.000477838
0.000479803
0.00048194
0.000484203
0.000486322
0.000488205
0.000490092
0.000492206
0.00049439
0.00049633
0.000498077
0.000499977
0.000502144
0.000504293
0.000506175
0.000508018
0.000510223
0.000512648
0.000514731
0.000516364
0.000518152
0.000520565
0.000523158
0.000525236
0.000526848
0.000528468
0.000530318
0.000532365
0.000534567
0.000536886
0.000539268
0.000541614
0.000543785
0.000545838
0.000548088
0.000550667
0.00055315
0.000555067
0.000556719
0.000558799
0.000561234
0.000563278
0.000564554
0.000565403
0.000566243
0.000567173
0.000568226
0.000569434
0.000570953
0.00057246
0.000572644
0.000570716
0.000568276
0.000569062
0.000564251
0.000533543
0.000491232
0.000496505
0.000558859
0.000793602
0.00115783
0.00148346
0.00167378
0.00167873
0.00162286
0.00158596
0.0015596
0.00155591
0.00155369
0.00156774
0.00160395
0.00165691
0.00171512
0.00177905
0.00185256
0.00193582
0.00202616
0.00212294
0.00222428
0.00232948
0.00243911
0.00255396
0.00267542
0.00280319
0.00293065
0.00305786
0.00319272
0.00333403
0.00347346
0.00361221
0.00375454
0.00390191
0.00405494
0.00420908
0.00436071
0.00451237
0.004666
0.00482482
0.00498852
0.00515481
0.00532079
0.00548331
0.00564931
0.00581996
0.00597875
0.00612146
0.00630656
0.00643541
0.00651849
0.00666363
0.00682611
0.00700747
0.00721737
0.0074177
0.00751981
0.00759559
0.00767431
0.00768443
0.00783977
0.00790532
0.00798445
0.00803612
0.00809665
0.00815564
0.00821212
0.0082648
0.00831398
0.00835935
0.00840121
0.00843936
0.00847405
0.00850512
0.00853283
0.00855703
0.00857804
0.00859579
0.00861065
0.00862267
0.00863238
0.00864013
0.00864695
0.00865383
0.00866138
0.00866196
0.00860843
0.00853634
0.00845898
0.00837804
0.00829378
0.00820639
0.00811611
0.00802303
0.00792745
0.00782939
0.00772927
0.00762701
0.00752315
0.00741758
0.00731086
0.00720278
0.00709397
0.00698418
0.00687406
0.00676335
0.00665264
0.00654172
0.00643117
0.00632073
0.00621103
0.00610177
0.00599351
0.00588598
0.00577963
0.00567433
0.00557048
0.00546799
0.00536713
0.00526787
0.00517035
0.00507461
0.00498069
0.00488869
0.00479853
0.00471039
0.00462409
0.00453985
0.00445744
0.00437706
0.00429851
0.00422194
0.00414715
0.0040743
0.00400313
0.00393386
0.0038662
0.00380033
0.003736
0.00367339
0.00361222
0.00355268
0.00349449
0.00343782
0.00338243
0.00332847
0.00327569
0.00322423
0.00317389
0.00312474
0.00307664
0.00302957
0.00298352
0.00293827
0.00289417
0.00285117
0.00281062
0.00277049
0.00273372
0.00269267
0.0026607
0.00259295
0.00257324
0.00235217
0.000924146
0.000905597
0.000879177
0.000852923
0.000830186
0.00081216
0.000798259
0.000787177
0.000777518
0.000768196
0.000758751
0.000749242
0.000740114
0.000731876
0.000724874
0.000719311
0.000715249
0.000712623
0.000711295
0.000711106
0.000711898
0.000713522
0.000715845
0.000718747
0.000722125
0.00072589
0.000729965
0.000734285
0.000738793
0.000743442
0.000748193
0.000753014
0.000757876
0.000762757
0.000767635
0.000772493
0.00077732
0.000782102
0.000786831
0.000791497
0.000796096
0.000800622
0.000805069
0.000809436
0.00081372
0.000817919
0.000822033
0.000826059
0.000829997
0.000833849
0.000837612
0.000841286
0.000844873
0.000848373
0.000851788
0.000855118
0.000858363
0.000861524
0.000864606
0.000867605
0.000870522
0.00087336
0.000876121
0.000878806
0.000881415
0.00088395
0.000886413
0.000888804
0.000891128
0.000893386
0.000895577
0.0008977
0.000899761
0.000901763
0.00090372
0.000905606
0.000907435
0.000909218
0.000910954
0.000912641
0.000914285
0.000915887
0.000917444
0.000918958
0.000920429
0.000921866
0.000923271
0.000924642
0.000925984
0.000927296
0.000928578
0.000929832
0.000931057
0.000932256
0.000933436
0.000934591
0.00093572
0.000936828
0.000937915
0.00093898
0.000940026
0.000941055
0.000942068
0.000943064
0.000944044
0.000945007
0.000945956
0.000946889
0.000947808
0.000948712
0.000949602
0.00095048
0.000951345
0.000952196
0.000953035
0.000953861
0.000954675
0.000955477
0.000956268
0.000957048
0.000957817
0.000958575
0.000959323
0.000960061
0.000960789
0.000961507
0.000962216
0.000962915
0.000963606
0.000964287
0.000964959
0.000965622
0.000966276
0.000966921
0.000967558
0.000968187
0.000968808
0.00096942
0.000970024
0.000970621
0.000971209
0.00097179
0.000972364
0.00097293
0.000973489
0.000974041
0.000974586
0.000975123
0.000975654
0.000976178
0.000976696
0.000977207
0.000977711
0.000978209
0.000978701
0.000979187
0.000979667
0.000980141
0.000980609
0.000981071
0.000981528
0.000981979
0.000982425
0.000982866
0.000983301
0.000983731
0.000984156
0.000984576
0.000984991
0.000985401
0.000985806
0.000986206
0.000986602
0.000986993
0.00098738
0.000987762
0.000988141
0.000988515
0.000988885
0.000989251
0.000989613
0.000989971
0.000990325
0.000990676
0.000991023
0.000991367
0.000991707
0.000992044
0.000992378
0.000992708
0.000993035
0.00099336
0.000993681
0.000994
0.000994316
0.000994629
0.00099494
0.000995249
0.000995556
0.00099586
0.000996162
0.000996462
0.000996761
0.000997057
0.00099735
0.000997643
0.000997933
0.000998222
0.00099851
0.000998797
0.000999082
0.000999366
0.00099965
0.000999933
0.00100021
0.0010005
0.00100078
0.00100106
0.00100134
0.00100162
0.0010019
0.00100218
0.00100246
0.00100274
0.00100302
0.0010033
0.00100358
0.00100387
0.00100415
0.00100444
0.00100473
0.00100501
0.0010053
0.0010056
0.00100589
0.0010062
0.00100647
0.00100688
0.00100665
0.00100522
0.00100343
0.00100158
0.000999716
0.000997843
0.000995966
0.00099409
0.00099222
0.000990356
0.000988502
0.000986656
0.00098482
0.000982991
0.000981173
0.00097934
0.000977458
0.000975514
0.000973509
0.000971444
0.000969323
0.000967145
0.000964916
0.000962641
0.000960325
0.000957972
0.000955589
0.000953181
0.000950756
0.000948316
0.00094587
0.000943424
0.000940985
0.000938558
0.00093615
0.000933767
0.000931416
0.000929107
0.000926845
0.000924629
0.000922475
0.000920382
0.000918353
0.000916398
0.000914519
0.000912722
0.000911008
0.000909387
0.00090785
0.000906413
0.000905065
0.000903817
0.00090265
0.000901528
0.000900443
0.000899394
0.000898383
0.000897413
0.000896486
0.000895605
0.000894775
0.000893997
0.000893276
0.000892616
0.000892019
0.00089149
0.000891034
0.000890655
0.000890359
0.000890152
0.000890039
0.000890027
0.000890124
0.000890336
0.000890673
0.000891143
0.000891757
0.000892525
0.000893461
0.000894577
0.000895888
0.000897411
0.000899165
0.00090117
0.00090345
0.000906031
0.000908943
0.000912222
0.000915908
0.000920043
0.000924688
0.000929895
0.000935756
0.000942338
0.000949791
0.000958174
0.000967777
0.000978534
0.000991011
0.00100459
0.00101599
0.00103766
0.00114569
0.00129423
0.00141555
0.00153107
0.00163
0.00171423
0.00178384
0.00184275
0.00189128
0.0019295
0.00196222
0.00199423
0.00202139
0.00204096
0.00205961
0.00208085
0.00209266
0.00209674
0.00212176
0.00215883
0.00211742
0.00202324
0.00195059
0.00188143
0.00180143
0.00172725
0.00164962
0.00154938
0.0014687
0.00142328
0.0014002
0.00135763
0.00130125
0.00123737
0.00117911
0.00112611
0.00107301
0.00101876
0.000965548
0.000915445
0.00086843
0.000823639
0.000782458
0.000744601
0.000711375
0.000682156
0.000656716
0.00063482
0.00061612
0.000600343
0.000587235
0.000576507
0.000567803
0.000560806
0.000555343
0.000551304
0.000548558
0.00054703
0.000546535
0.00054662
0.000546872
0.00054733
0.00054824
0.000549514
0.00055079
0.000551922
0.000553164
0.000554769
0.000556543
0.00055811
0.000559511
0.000561133
0.000563106
0.000565107
0.000566841
0.000568556
0.000570706
0.000573148
0.000575252
0.000576881
0.00057869
0.000581205
0.00058395
0.000586158
0.000587878
0.000589625
0.000591628
0.000593833
0.000596186
0.000598657
0.000601211
0.000603757
0.000606147
0.000608426
0.00061092
0.000613775
0.000616549
0.000618733
0.000620627
0.00062297
0.000625699
0.00062802
0.000629515
0.000630535
0.000631507
0.000632504
0.000633539
0.000634644
0.000636007
0.00063733
0.000637296
0.00063495
0.00063184
0.000631547
0.000626285
0.000593916
0.000543161
0.000536214
0.00059092
0.000765732
0.00117853
0.00156017
0.00188109
0.00202871
0.0019417
0.00191567
0.00187415
0.00187412
0.001874
0.00189002
0.00193174
0.0019943
0.00206394
0.00213956
0.00222578
0.00232326
0.00242911
0.00254259
0.0026614
0.00278456
0.00291272
0.00304681
0.00318859
0.0033384
0.00348867
0.00363789
0.00379537
0.00396141
0.0041261
0.00428921
0.00445592
0.00462808
0.00480713
0.00498851
0.00516692
0.00534441
0.00552323
0.00570692
0.00589635
0.00608871
0.00628088
0.00646665
0.00665055
0.00683542
0.00700222
0.00714286
0.0072767
0.00742102
0.00754209
0.00769995
0.00787953
0.00808079
0.00829897
0.00846525
0.00856299
0.00865491
0.00873954
0.00875559
0.00893534
0.00902923
0.00910219
0.00916862
0.00923866
0.00930859
0.00937402
0.00943579
0.00949306
0.00954627
0.00959529
0.00964024
0.00968117
0.00971806
0.00975111
0.00978026
0.00980576
0.00982763
0.00984619
0.00986153
0.00987411
0.00988427
0.00989283
0.00990048
0.00990695
0.00990263
0.00984483
0.00976853
0.00968655
0.00960076
0.0095115
0.00941903
0.00932358
0.00922523
0.00912426
0.00902067
0.00891481
0.00880662
0.00869657
0.00858453
0.00847104
0.00835585
0.00823959
0.00812196
0.00800364
0.00788434
0.00776463
0.00764434
0.00752404
0.00740346
0.0072833
0.00716321
0.00704386
0.00692492
0.00680695
0.00668978
0.00657391
0.00645921
0.00634606
0.00623441
0.00612447
0.00601628
0.00590996
0.00580556
0.0057031
0.00560273
0.00550434
0.00540811
0.00531389
0.00522184
0.00513181
0.00504393
0.00495803
0.00487427
0.00479239
0.00471261
0.00463465
0.00455869
0.00448449
0.0044122
0.00434156
0.00427274
0.0042055
0.00413995
0.00407588
0.00401341
0.00395232
0.00389271
0.00383441
0.00377743
0.00372169
0.00366708
0.00361367
0.00356114
0.00350995
0.00345996
0.00341289
0.0033661
0.00332346
0.00327507
0.00323825
0.00315415
0.00313182
0.00287768
0.0010249
0.00100817
0.000985422
0.000961507
0.00093961
0.000921329
0.000906654
0.000894904
0.000885033
0.000875882
0.000866631
0.000856955
0.000847036
0.000837412
0.000828503
0.000820666
0.000814145
0.000809018
0.000805252
0.000802758
0.000801422
0.000801123
0.000801735
0.00080314
0.000805228
0.000807898
0.00081106
0.000814634
0.000818549
0.000822745
0.000827167
0.00083177
0.000836515
0.000841367
0.000846296
0.000851276
0.000856286
0.000861306
0.000866321
0.000871316
0.000876281
0.000881204
0.000886078
0.000890894
0.000895649
0.000900336
0.000904952
0.000909493
0.000913956
0.00091834
0.000922642
0.00092686
0.000930994
0.000935044
0.000939008
0.000942886
0.000946679
0.000950386
0.000954009
0.000957546
0.000960998
0.000964366
0.000967651
0.000970853
0.000973973
0.000977011
0.00097997
0.000982851
0.000985654
0.000988383
0.000991036
0.000993616
0.000996126
0.000998566
0.00100095
0.00100326
0.0010055
0.00100768
0.00100981
0.00101188
0.0010139
0.00101586
0.00101778
0.00101964
0.00102146
0.00102323
0.00102496
0.00102665
0.00102831
0.00102993
0.00103151
0.00103306
0.00103457
0.00103605
0.0010375
0.00103892
0.00104032
0.00104168
0.00104303
0.00104435
0.00104564
0.00104691
0.00104817
0.0010494
0.00105061
0.0010518
0.00105297
0.00105412
0.00105526
0.00105638
0.00105748
0.00105857
0.00105964
0.00106069
0.00106173
0.00106275
0.00106376
0.00106475
0.00106573
0.0010667
0.00106765
0.00106859
0.00106952
0.00107044
0.00107134
0.00107223
0.00107311
0.00107398
0.00107484
0.00107569
0.00107653
0.00107736
0.00107817
0.00107898
0.00107977
0.00108056
0.00108133
0.0010821
0.00108286
0.0010836
0.00108434
0.00108507
0.00108578
0.00108649
0.0010872
0.00108789
0.00108857
0.00108925
0.00108991
0.00109057
0.00109122
0.00109187
0.0010925
0.00109313
0.00109375
0.00109436
0.00109497
0.00109556
0.00109616
0.00109674
0.00109732
0.00109789
0.00109845
0.00109901
0.00109956
0.0011001
0.00110064
0.00110117
0.00110169
0.00110221
0.00110273
0.00110323
0.00110373
0.00110423
0.00110472
0.00110521
0.00110568
0.00110616
0.00110663
0.00110709
0.00110755
0.001108
0.00110845
0.0011089
0.00110934
0.00110977
0.0011102
0.00111063
0.00111105
0.00111147
0.00111189
0.0011123
0.0011127
0.0011131
0.0011135
0.0011139
0.00111429
0.00111468
0.00111506
0.00111545
0.00111583
0.0011162
0.00111658
0.00111695
0.00111732
0.00111768
0.00111804
0.0011184
0.00111876
0.00111912
0.00111947
0.00111982
0.00112017
0.00112052
0.00112087
0.00112122
0.00112156
0.0011219
0.00112225
0.00112259
0.00112293
0.00112327
0.0011236
0.00112394
0.00112428
0.00112462
0.00112496
0.0011253
0.00112564
0.00112598
0.00112632
0.00112666
0.001127
0.00112734
0.00112768
0.00112805
0.00112836
0.00112882
0.00112862
0.00112721
0.00112544
0.0011236
0.00112175
0.0011199
0.00111804
0.00111617
0.00111431
0.00111246
0.00111061
0.00110877
0.00110694
0.00110511
0.0011033
0.00110147
0.00109958
0.00109762
0.0010956
0.00109351
0.00109135
0.00108913
0.00108685
0.00108452
0.00108214
0.00107972
0.00107726
0.00107477
0.00107227
0.00106974
0.0010672
0.00106466
0.00106213
0.00105961
0.0010571
0.00105462
0.00105218
0.00104977
0.00104742
0.00104511
0.00104287
0.0010407
0.0010386
0.00103657
0.00103462
0.00103277
0.001031
0.00102933
0.00102776
0.00102629
0.00102491
0.00102365
0.00102247
0.00102133
0.00102024
0.00101918
0.00101816
0.00101718
0.00101624
0.00101534
0.0010145
0.00101371
0.00101298
0.0010123
0.00101169
0.00101115
0.00101068
0.00101028
0.00100997
0.00100975
0.00100962
0.00100959
0.00100967
0.00100986
0.00101018
0.00101063
0.00101122
0.00101196
0.00101287
0.00101396
0.00101525
0.00101674
0.00101846
0.00102043
0.00102267
0.00102521
0.00102808
0.0010313
0.00103493
0.00103899
0.00104355
0.00104866
0.00105441
0.00106085
0.00106813
0.00107629
0.00108563
0.00109599
0.00110798
0.00112055
0.00113136
0.00115119
0.00126103
0.00141678
0.00155071
0.00168212
0.00179749
0.00189795
0.00198298
0.00205642
0.00211852
0.00216922
0.00221373
0.00225741
0.00229589
0.00232596
0.00235505
0.00238743
0.00240995
0.00242292
0.00245922
0.00252179
0.00249999
0.00239369
0.00232117
0.00225399
0.00217163
0.00209449
0.00201304
0.0019015
0.00181052
0.0017626
0.00173635
0.00169771
0.0016348
0.00156079
0.00149357
0.00143312
0.00137216
0.00130862
0.00124528
0.00118468
0.00112667
0.00107054
0.00101711
0.000967074
0.000922054
0.000880895
0.000843823
0.000810753
0.000781246
0.000755262
0.000732593
0.000713023
0.000696187
0.000681737
0.000669501
0.000659375
0.00065121
0.000644925
0.000640292
0.000636731
0.000633697
0.00063123
0.000629629
0.000628765
0.000628151
0.000627567
0.000627285
0.000627598
0.000628261
0.000628802
0.000629243
0.000630026
0.000631305
0.0006327
0.000633851
0.000635024
0.000636748
0.000638873
0.000640681
0.000641989
0.000643523
0.000645887
0.000648565
0.000650687
0.000652293
0.000653953
0.000655922
0.000658124
0.000660487
0.000662977
0.000665568
0.000668177
0.000670648
0.00067302
0.000675639
0.00067867
0.000681646
0.000684004
0.000686049
0.00068858
0.000691546
0.000694095
0.000695762
0.000696906
0.000697977
0.000699029
0.000700051
0.000701056
0.000702259
0.000703381
0.000703083
0.000700288
0.000696521
0.000695251
0.000689438
0.000655478
0.000597909
0.000578918
0.000621828
0.000767616
0.0011756
0.00160179
0.00200441
0.00229288
0.0022827
0.00224528
0.00221306
0.00221829
0.00222116
0.00223825
0.00228432
0.00235586
0.00243703
0.00252431
0.00262288
0.00273415
0.00285515
0.00298504
0.00312108
0.00326194
0.00340826
0.0035611
0.00372243
0.00389347
0.00406614
0.00423676
0.00441546
0.00460463
0.00479333
0.00497919
0.00516795
0.00536163
0.00556238
0.0057662
0.00596615
0.0061631
0.00635903
0.00655656
0.00675721
0.00695701
0.00715283
0.00733726
0.00750994
0.00767682
0.00783454
0.00797972
0.00812005
0.00826759
0.00843721
0.00861668
0.00881706
0.00903597
0.00925958
0.0094274
0.00955396
0.00967706
0.00978252
0.00981915
0.0100148
0.0101477
0.010225
0.0103113
0.0103959
0.0104805
0.0105585
0.0106324
0.0107005
0.010764
0.0108225
0.0108762
0.0109252
0.0109695
0.0110093
0.0110447
0.0110758
0.0111027
0.0111257
0.011145
0.0111608
0.0111737
0.0111841
0.0111925
0.0111977
0.0111887
0.0111277
0.0110484
0.0109629
0.0108733
0.01078
0.0106833
0.0105836
0.0104808
0.0103752
0.0102669
0.0101562
0.0100429
0.00992756
0.00980998
0.0096907
0.00956941
0.00944674
0.00932234
0.0091969
0.00907008
0.00894248
0.00881387
0.00868488
0.00855518
0.00842553
0.00829555
0.00816595
0.00803639
0.00790752
0.00777912
0.00765179
0.00752537
0.00740032
0.00727658
0.00715447
0.00703397
0.00691532
0.00679854
0.00668374
0.00657102
0.00646038
0.00635194
0.00624566
0.00614163
0.00603979
0.00594024
0.00584286
0.00574776
0.00565476
0.00556403
0.00547534
0.00538883
0.00530431
0.00522187
0.00514131
0.00506277
0.00498602
0.00491114
0.00483796
0.00476655
0.00469673
0.00462856
0.00456188
0.00449668
0.0044329
0.00437039
0.00430926
0.00424908
0.00419048
0.00413316
0.00407926
0.00402546
0.00397668
0.00392045
0.00387827
0.00377603
0.00375083
0.00346513
0.00113703
0.00112127
0.00110089
0.00107854
0.00105709
0.00103835
0.00102262
0.00100973
0.0009991
0.00098975
0.000980687
0.000971262
0.000961246
0.000951124
0.000941134
0.000931722
0.000923269
0.000915982
0.000909937
0.000905137
0.000901541
0.000899079
0.000897665
0.000897203
0.000897595
0.000898744
0.000900559
0.000902957
0.000905857
0.000909191
0.000912893
0.000916909
0.000921187
0.000925683
0.000930357
0.000935175
0.000940105
0.000945122
0.000950202
0.000955323
0.000960467
0.00096562
0.000970767
0.000975895
0.000980997
0.000986061
0.000991081
0.00099605
0.00100096
0.00100581
0.0010106
0.00101531
0.00101995
0.00102452
0.00102901
0.00103341
0.00103774
0.00104199
0.00104615
0.00105023
0.00105422
0.00105813
0.00106195
0.00106569
0.00106935
0.00107292
0.0010764
0.0010798
0.00108312
0.00108636
0.00108951
0.00109259
0.00109559
0.00109851
0.00110136
0.00110413
0.00110683
0.00110947
0.00111203
0.00111454
0.00111698
0.00111935
0.00112167
0.00112394
0.00112615
0.00112831
0.00113041
0.00113247
0.00113448
0.00113645
0.00113838
0.00114026
0.00114211
0.00114391
0.00114568
0.00114742
0.00114912
0.00115079
0.00115243
0.00115404
0.00115563
0.00115718
0.00115871
0.00116021
0.00116169
0.00116314
0.00116457
0.00116598
0.00116737
0.00116874
0.00117009
0.00117141
0.00117272
0.00117401
0.00117528
0.00117653
0.00117776
0.00117898
0.00118018
0.00118137
0.00118254
0.00118369
0.00118483
0.00118595
0.00118707
0.00118816
0.00118925
0.00119032
0.00119137
0.00119241
0.00119344
0.00119446
0.00119547
0.00119646
0.00119744
0.00119841
0.00119937
0.00120031
0.00120125
0.00120217
0.00120308
0.00120398
0.00120487
0.00120575
0.00120661
0.00120747
0.00120832
0.00120916
0.00120998
0.0012108
0.00121161
0.00121241
0.0012132
0.00121398
0.00121475
0.00121551
0.00121626
0.00121701
0.00121775
0.00121847
0.00121919
0.0012199
0.00122061
0.0012213
0.00122199
0.00122267
0.00122334
0.001224
0.00122466
0.00122531
0.00122595
0.00122658
0.00122721
0.00122783
0.00122845
0.00122905
0.00122965
0.00123025
0.00123083
0.00123141
0.00123199
0.00123256
0.00123312
0.00123368
0.00123423
0.00123477
0.00123531
0.00123585
0.00123638
0.0012369
0.00123742
0.00123793
0.00123844
0.00123894
0.00123944
0.00123993
0.00124042
0.00124091
0.00124139
0.00124186
0.00124234
0.00124281
0.00124327
0.00124373
0.00124419
0.00124464
0.00124509
0.00124553
0.00124598
0.00124642
0.00124685
0.00124729
0.00124772
0.00124815
0.00124857
0.00124899
0.00124941
0.00124983
0.00125025
0.00125066
0.00125108
0.00125149
0.0012519
0.0012523
0.00125271
0.00125312
0.00125352
0.00125393
0.00125433
0.00125473
0.00125513
0.00125554
0.00125594
0.00125634
0.00125674
0.00125716
0.00125753
0.00125804
0.00125788
0.0012565
0.00125474
0.00125291
0.00125107
0.00124923
0.00124739
0.00124555
0.0012437
0.00124186
0.00124002
0.00123819
0.00123637
0.00123454
0.00123273
0.0012309
0.00122901
0.00122704
0.00122499
0.00122287
0.00122067
0.00121841
0.00121607
0.00121368
0.00121124
0.00120874
0.0012062
0.00120363
0.00120103
0.00119841
0.00119577
0.00119313
0.00119049
0.00118786
0.00118525
0.00118266
0.0011801
0.00117759
0.00117513
0.00117272
0.00117038
0.0011681
0.0011659
0.00116379
0.00116175
0.00115982
0.00115797
0.00115624
0.00115459
0.00115307
0.00115164
0.00115033
0.00114911
0.00114794
0.0011468
0.0011457
0.00114463
0.0011436
0.00114262
0.00114168
0.00114078
0.00113994
0.00113915
0.00113842
0.00113775
0.00113714
0.00113661
0.00113615
0.00113576
0.00113546
0.00113526
0.00113515
0.00113514
0.00113525
0.00113547
0.00113582
0.00113631
0.00113695
0.00113775
0.00113872
0.00113988
0.00114124
0.00114283
0.00114465
0.00114673
0.0011491
0.00115179
0.00115482
0.00115823
0.00116207
0.00116638
0.00117121
0.00117665
0.00118275
0.00118965
0.00119735
0.00120617
0.00121586
0.00122705
0.00123834
0.00124816
0.00126601
0.00137628
0.00153658
0.00168058
0.00182612
0.00195686
0.00207309
0.0021735
0.0022617
0.00233775
0.00240147
0.00245844
0.00251443
0.00256487
0.00260619
0.00264657
0.00269094
0.00272513
0.0027481
0.00279825
0.00288373
0.00288362
0.00277069
0.0027009
0.0026384
0.00255597
0.0024782
0.00239543
0.00227442
0.00217407
0.00212497
0.00210219
0.00206638
0.00199858
0.00191577
0.00184072
0.0017741
0.00170659
0.00163508
0.00156291
0.00149308
0.00142543
0.00135904
0.00129446
0.00123327
0.00117676
0.00112418
0.00107573
0.00103131
0.000990353
0.000953337
0.000919892
0.00089004
0.000863427
0.00083972
0.000818808
0.000800651
0.000785126
0.000772194
0.000761612
0.000752651
0.00074461
0.000737548
0.000731871
0.000727422
0.000723567
0.000719987
0.000716994
0.000714937
0.000713507
0.000712095
0.000710698
0.00070983
0.000709681
0.000709791
0.000709709
0.000709727
0.000710465
0.000711766
0.000712789
0.000713296
0.0007141
0.000715913
0.000718164
0.000719853
0.000721
0.000722239
0.000723862
0.000725781
0.000727903
0.000730181
0.000732587
0.000735042
0.000737378
0.000739632
0.000742177
0.000745205
0.000748217
0.000750589
0.000752628
0.000755203
0.000758282
0.00076095
0.000762685
0.000763855
0.000764938
0.000765979
0.000766945
0.000767824
0.000768845
0.000769744
0.000769146
0.000765866
0.000761434
0.000759282
0.000752886
0.000717454
0.000655142
0.000619789
0.00065599
0.000778508
0.00114404
0.00161295
0.00207611
0.00248413
0.002637
0.00263763
0.00256519
0.00257749
0.00258455
0.00260143
0.00265004
0.00272901
0.00282091
0.00291903
0.00302882
0.00315245
0.00328728
0.00343225
0.00358426
0.00374161
0.00390483
0.00407497
0.00425402
0.00444406
0.00463719
0.00482741
0.00502459
0.00523336
0.0054427
0.00564797
0.00585478
0.00606503
0.00628111
0.00650007
0.00671418
0.00692301
0.00712815
0.00733093
0.00753352
0.00773226
0.00792583
0.00810898
0.00827963
0.00844586
0.00861137
0.00877288
0.00893339
0.00910472
0.00929697
0.00950128
0.00972471
0.00996463
0.0102038
0.0103878
0.0105414
0.0106921
0.0108199
0.0108782
0.0110903
0.01126
0.0113467
0.0114539
0.0115547
0.0116554
0.0117476
0.011835
0.0119155
0.0119906
0.0120597
0.0121234
0.0121815
0.0122343
0.0122818
0.0123242
0.0123616
0.0123943
0.0124223
0.012446
0.0124655
0.0124813
0.0124937
0.012503
0.0125071
0.012494
0.0124312
0.0123503
0.0122628
0.0121707
0.0120746
0.0119749
0.011872
0.0117659
0.0116569
0.0115449
0.0114304
0.0113132
0.0111937
0.0110717
0.0109478
0.0108216
0.0106938
0.0105639
0.0104326
0.0102996
0.0101655
0.0100299
0.0098935
0.00975598
0.00961812
0.00947948
0.00934082
0.00920177
0.00906306
0.00892443
0.00878654
0.00864922
0.00851302
0.00837784
0.00824412
0.00811179
0.00798121
0.00785235
0.00772542
0.00760051
0.00747769
0.00735708
0.00723868
0.00712259
0.0070088
0.00689738
0.0067883
0.00668162
0.00657722
0.00647524
0.00637549
0.00627809
0.00618289
0.00608996
0.00599911
0.00591048
0.00582384
0.00573927
0.00565662
0.00557592
0.00549701
0.00541992
0.00534455
0.00527079
0.00519867
0.00512794
0.00505881
0.0049907
0.00492441
0.00485949
0.00479851
0.00473744
0.00468226
0.00461775
0.00456969
0.00444784
0.0044194
0.00410418
0.00125929
0.00124486
0.00122591
0.00120392
0.00118239
0.00116287
0.00114584
0.00113145
0.00111954
0.00110946
0.00110026
0.00109109
0.00108131
0.00107146
0.00106115
0.00105099
0.00104136
0.00103256
0.00102473
0.00101796
0.0010123
0.00100773
0.00100423
0.00100174
0.0010002
0.000999533
0.000999667
0.00100052
0.00100203
0.00100411
0.0010067
0.00100974
0.00101317
0.00101694
0.00102101
0.00102533
0.00102986
0.00103457
0.00103943
0.00104441
0.00104948
0.00105463
0.00105984
0.00106508
0.00107034
0.00107562
0.00108089
0.00108614
0.00109137
0.00109657
0.00110173
0.00110685
0.00111191
0.00111692
0.00112186
0.00112674
0.00113155
0.00113629
0.00114096
0.00114555
0.00115006
0.00115449
0.00115885
0.00116312
0.0011673
0.0011714
0.00117542
0.00117936
0.0011832
0.00118697
0.00119065
0.00119425
0.00119776
0.00120119
0.00120455
0.00120782
0.00121102
0.00121414
0.00121719
0.00122016
0.00122307
0.00122591
0.00122868
0.00123138
0.00123403
0.00123662
0.00123914
0.00124161
0.00124403
0.0012464
0.00124871
0.00125098
0.0012532
0.00125538
0.00125752
0.00125961
0.00126166
0.00126368
0.00126566
0.0012676
0.00126951
0.00127139
0.00127323
0.00127505
0.00127683
0.00127859
0.00128032
0.00128203
0.0012837
0.00128536
0.00128698
0.00128859
0.00129017
0.00129173
0.00129327
0.00129478
0.00129628
0.00129776
0.00129921
0.00130065
0.00130207
0.00130347
0.00130485
0.00130622
0.00130756
0.0013089
0.00131021
0.00131151
0.0013128
0.00131406
0.00131532
0.00131656
0.00131778
0.00131899
0.00132019
0.00132137
0.00132253
0.00132369
0.00132483
0.00132595
0.00132707
0.00132817
0.00132925
0.00133033
0.00133139
0.00133244
0.00133348
0.00133451
0.00133552
0.00133652
0.00133752
0.0013385
0.00133947
0.00134043
0.00134137
0.00134231
0.00134324
0.00134416
0.00134506
0.00134596
0.00134685
0.00134772
0.00134859
0.00134945
0.0013503
0.00135113
0.00135196
0.00135278
0.0013536
0.0013544
0.00135519
0.00135598
0.00135675
0.00135752
0.00135828
0.00135903
0.00135977
0.00136051
0.00136124
0.00136196
0.00136267
0.00136337
0.00136407
0.00136476
0.00136544
0.00136612
0.00136679
0.00136745
0.0013681
0.00136875
0.0013694
0.00137003
0.00137066
0.00137128
0.0013719
0.00137251
0.00137312
0.00137372
0.00137431
0.0013749
0.00137548
0.00137606
0.00137663
0.0013772
0.00137776
0.00137832
0.00137888
0.00137942
0.00137997
0.00138051
0.00138104
0.00138157
0.0013821
0.00138262
0.00138314
0.00138366
0.00138417
0.00138468
0.00138518
0.00138569
0.00138618
0.00138668
0.00138717
0.00138766
0.00138815
0.00138864
0.00138912
0.0013896
0.00139008
0.00139056
0.00139104
0.00139151
0.00139199
0.00139246
0.00139293
0.00139342
0.00139385
0.00139441
0.00139431
0.00139294
0.00139117
0.00138932
0.00138748
0.00138564
0.0013838
0.00138195
0.0013801
0.00137826
0.00137641
0.00137457
0.00137273
0.00137089
0.00136906
0.00136721
0.00136529
0.00136328
0.00136118
0.00135901
0.00135675
0.00135441
0.001352
0.00134952
0.00134698
0.00134439
0.00134174
0.00133905
0.00133633
0.00133359
0.00133082
0.00132804
0.00132527
0.0013225
0.00131974
0.00131701
0.00131431
0.00131165
0.00130904
0.00130649
0.00130401
0.0013016
0.00129926
0.00129701
0.00129485
0.00129278
0.00129082
0.00128897
0.00128721
0.00128558
0.00128405
0.00128264
0.00128133
0.00128006
0.00127883
0.00127763
0.00127646
0.00127533
0.00127424
0.00127319
0.00127218
0.00127122
0.00127031
0.00126946
0.00126866
0.00126792
0.00126724
0.00126664
0.00126611
0.00126565
0.00126529
0.00126501
0.00126483
0.00126476
0.0012648
0.00126495
0.00126524
0.00126567
0.00126625
0.001267
0.00126791
0.00126903
0.00127034
0.00127189
0.00127368
0.00127574
0.0012781
0.00128078
0.00128383
0.00128727
0.00129116
0.00129554
0.00130048
0.00130603
0.00131232
0.00131935
0.0013274
0.00133618
0.0013463
0.00135604
0.00136451
0.00138027
0.00148969
0.00165225
0.00180361
0.00196098
0.00210539
0.00223631
0.00235152
0.00245421
0.00254415
0.00262105
0.00269078
0.00275938
0.00282207
0.00287508
0.00292729
0.00298411
0.00303056
0.00306445
0.00313045
0.00324262
0.0032563
0.00314347
0.00307987
0.00302309
0.00294258
0.00286645
0.0027846
0.00265605
0.00254773
0.00250101
0.00248449
0.00245114
0.00238044
0.00229067
0.00220931
0.002138
0.00206542
0.00198744
0.0019079
0.00183035
0.00175461
0.00167937
0.00160515
0.00153412
0.00146746
0.00140474
0.00134598
0.00129085
0.00123916
0.00119153
0.00114724
0.00110686
0.00106991
0.00103612
0.00100548
0.000978063
0.000953828
0.000932823
0.000914833
0.000898974
0.000884367
0.000871123
0.000859817
0.000850292
0.000841746
0.000833756
0.000826702
0.000821022
0.000816326
0.00081184
0.000807524
0.000803995
0.000801487
0.000799438
0.000797283
0.000795343
0.000794357
0.000794155
0.000793739
0.000792796
0.000792259
0.000792968
0.000794288
0.000795053
0.000795254
0.000795606
0.000796446
0.000797675
0.000799179
0.000800896
0.00080279
0.000804775
0.000806667
0.000808501
0.000810685
0.000813443
0.00081624
0.000818383
0.00082018
0.000822578
0.000825569
0.000828172
0.000829799
0.00083083
0.000831772
0.00083267
0.000833472
0.000834144
0.000834919
0.000835544
0.000834599
0.000830794
0.000825671
0.000822678
0.000815745
0.000778945
0.000714072
0.000662738
0.000692131
0.000797105
0.00108507
0.00159904
0.00210628
0.00261508
0.00283589
0.00298231
0.00290935
0.00293401
0.00294817
0.00296443
0.00301398
0.00309844
0.00319962
0.00330734
0.00342689
0.00356108
0.00370798
0.00386625
0.00403255
0.00420487
0.00438345
0.0045693
0.0047641
0.00497058
0.00518171
0.00538954
0.00560271
0.00582766
0.00605424
0.00627597
0.00649784
0.00672145
0.00694915
0.00717928
0.00740423
0.00762268
0.00783593
0.00804444
0.00825108
0.00845311
0.00865069
0.00884005
0.00901792
0.00919267
0.00937106
0.00954968
0.00972987
0.00992413
0.0101386
0.0103665
0.0106131
0.0108748
0.011133
0.0113363
0.0115139
0.0116887
0.0118376
0.0119164
0.0121447
0.0123488
0.0124469
0.0125746
0.0126921
0.0128091
0.012916
0.0130176
0.013111
0.0131985
0.0132789
0.0133533
0.0134212
0.0134832
0.0135391
0.0135892
0.0136336
0.0136726
0.0137062
0.0137348
0.0137584
0.0137775
0.0137924
0.0138029
0.0138064
0.0137903
0.0137271
0.0136464
0.0135585
0.0134655
0.0133682
0.0132671
0.0131624
0.0130545
0.0129434
0.0128292
0.0127123
0.0125925
0.0124702
0.0123453
0.0122182
0.0120886
0.0119571
0.0118232
0.0116877
0.01155
0.0114108
0.0112698
0.0111277
0.0109839
0.0108394
0.0106936
0.0105474
0.0104003
0.0102531
0.0101055
0.0099583
0.00981122
0.00966492
0.00951926
0.00937478
0.00923138
0.00908952
0.00894914
0.00881057
0.00867384
0.00853915
0.00840656
0.00827619
0.00814809
0.00802236
0.00789903
0.00777813
0.00765971
0.00754371
0.00743024
0.00731918
0.00721061
0.00710443
0.00700068
0.00689922
0.00680016
0.0067033
0.00660869
0.00651621
0.00642588
0.00633755
0.00625123
0.00616682
0.00608421
0.00600345
0.00592422
0.0058468
0.0057705
0.00569628
0.00562351
0.00555523
0.00548661
0.00542477
0.00535157
0.00529696
0.00515455
0.00512235
0.00477804
0.00139032
0.00137696
0.00135863
0.00133615
0.00131403
0.00129351
0.00127513
0.00125912
0.00124564
0.00123439
0.0012246
0.00121543
0.00120613
0.00119656
0.00118669
0.00117653
0.00116656
0.00115703
0.00114815
0.00114005
0.00113282
0.00112652
0.00112118
0.00111679
0.00111334
0.0011108
0.0011091
0.00110821
0.00110806
0.00110859
0.00110975
0.00111147
0.0011137
0.0011164
0.0011195
0.00112297
0.00112675
0.00113082
0.00113513
0.00113966
0.00114437
0.00114923
0.00115422
0.00115932
0.0011645
0.00116976
0.00117506
0.0011804
0.00118577
0.00119115
0.00119652
0.00120189
0.00120723
0.00121255
0.00121784
0.00122309
0.00122829
0.00123344
0.00123853
0.00124356
0.00124853
0.00125343
0.00125827
0.00126303
0.00126771
0.00127232
0.00127685
0.0012813
0.00128566
0.00128995
0.00129415
0.00129827
0.00130231
0.00130627
0.00131014
0.00131394
0.00131765
0.00132128
0.00132484
0.00132831
0.00133172
0.00133504
0.0013383
0.00134149
0.00134461
0.00134766
0.00135065
0.00135357
0.00135643
0.00135924
0.00136199
0.00136468
0.00136732
0.00136991
0.00137246
0.00137495
0.0013774
0.0013798
0.00138216
0.00138448
0.00138676
0.001389
0.00139121
0.00139338
0.00139551
0.00139761
0.00139968
0.00140172
0.00140372
0.0014057
0.00140765
0.00140957
0.00141146
0.00141333
0.00141517
0.00141699
0.00141879
0.00142056
0.0014223
0.00142403
0.00142573
0.00142741
0.00142907
0.00143071
0.00143233
0.00143393
0.00143552
0.00143708
0.00143862
0.00144015
0.00144166
0.00144315
0.00144463
0.00144608
0.00144753
0.00144895
0.00145036
0.00145175
0.00145313
0.00145449
0.00145584
0.00145717
0.00145848
0.00145979
0.00146107
0.00146235
0.00146361
0.00146485
0.00146608
0.0014673
0.00146851
0.0014697
0.00147088
0.00147204
0.0014732
0.00147434
0.00147547
0.00147658
0.00147769
0.00147878
0.00147986
0.00148093
0.00148199
0.00148304
0.00148407
0.0014851
0.00148611
0.00148711
0.00148811
0.00148909
0.00149006
0.00149102
0.00149197
0.00149291
0.00149384
0.00149476
0.00149567
0.00149657
0.00149747
0.00149835
0.00149922
0.00150009
0.00150094
0.00150179
0.00150263
0.00150346
0.00150428
0.00150509
0.0015059
0.00150669
0.00150748
0.00150826
0.00150904
0.0015098
0.00151056
0.00151131
0.00151205
0.00151279
0.00151352
0.00151424
0.00151495
0.00151566
0.00151636
0.00151706
0.00151775
0.00151843
0.00151911
0.00151978
0.00152044
0.0015211
0.00152175
0.0015224
0.00152304
0.00152368
0.00152431
0.00152493
0.00152555
0.00152617
0.00152678
0.00152739
0.00152799
0.00152859
0.00152918
0.00152977
0.00153036
0.00153094
0.00153152
0.00153209
0.00153266
0.00153323
0.0015338
0.00153436
0.00153492
0.00153548
0.00153602
0.0015366
0.00153711
0.00153773
0.00153767
0.0015363
0.00153447
0.00153257
0.00153067
0.00152879
0.0015269
0.00152501
0.00152312
0.00152122
0.00151932
0.00151742
0.00151553
0.00151363
0.00151174
0.00150981
0.00150782
0.00150572
0.00150354
0.00150126
0.00149889
0.00149643
0.00149389
0.00149127
0.00148859
0.00148584
0.00148303
0.00148017
0.00147728
0.00147435
0.0014714
0.00146843
0.00146546
0.00146249
0.00145953
0.0014566
0.00145369
0.00145083
0.00144801
0.00144525
0.00144256
0.00143995
0.0014374
0.00143495
0.00143259
0.00143033
0.00142817
0.00142613
0.00142419
0.00142238
0.00142067
0.00141909
0.0014176
0.00141616
0.00141475
0.00141337
0.00141202
0.0014107
0.00140941
0.00140817
0.00140696
0.00140579
0.00140467
0.00140359
0.00140257
0.0014016
0.00140068
0.00139983
0.00139905
0.00139834
0.00139771
0.00139716
0.00139669
0.00139633
0.00139606
0.00139591
0.00139588
0.00139597
0.0013962
0.00139659
0.00139713
0.00139786
0.00139877
0.00139989
0.00140125
0.00140285
0.00140472
0.0014069
0.00140941
0.00141229
0.00141558
0.00141933
0.00142359
0.0014284
0.00143389
0.00144004
0.00144711
0.00145474
0.00146356
0.00147158
0.00147839
0.0014919
0.00159933
0.00176233
0.00191842
0.00208514
0.00224107
0.00238512
0.00251404
0.0026305
0.00273386
0.00282374
0.00290619
0.00298736
0.00306225
0.00312706
0.0031913
0.00326067
0.00331954
0.00336501
0.00344838
0.00358665
0.00360855
0.00350298
0.0034567
0.00339617
0.00331986
0.0032474
0.00316818
0.00303395
0.00292059
0.00289398
0.00286771
0.00283844
0.00276723
0.00267265
0.00258671
0.00251227
0.0024362
0.00235335
0.00226804
0.00218437
0.00210214
0.00201964
0.00193739
0.00185802
0.00178285
0.00171154
0.00164388
0.00157955
0.00151854
0.00146107
0.00140699
0.00135685
0.00131003
0.00126637
0.00122598
0.00118906
0.00115567
0.00112598
0.00109985
0.00107623
0.00105406
0.00103351
0.0010154
0.000999604
0.000985143
0.000971487
0.000959118
0.000948611
0.000939497
0.000930797
0.000922438
0.000915173
0.000909297
0.000904128
0.000898958
0.000894147
0.000890589
0.000888092
0.000885467
0.000882309
0.000879694
0.000878629
0.000878397
0.000877629
0.000876282
0.000875164
0.000874669
0.000874686
0.000875081
0.000875776
0.000876723
0.000877825
0.000878872
0.000879895
0.000881344
0.000883477
0.000885723
0.000887309
0.000888545
0.000890465
0.000893087
0.00089536
0.00089663
0.00089728
0.000897857
0.000898405
0.000898862
0.000899173
0.000899575
0.000899822
0.000898448
0.000894058
0.000888202
0.000884357
0.00087697
0.000838908
0.000773618
0.000707146
0.000727782
0.000821411
0.00102732
0.00156486
0.00210224
0.00268309
0.00296315
0.00318715
0.00321213
0.00326318
0.00329164
0.00331025
0.00336099
0.00344966
0.0035587
0.00367511
0.00380325
0.00394656
0.00410405
0.00427409
0.00445322
0.00463921
0.00483193
0.00503218
0.00524122
0.00546215
0.00568915
0.00591298
0.00614051
0.00637935
0.00662081
0.00685716
0.00709252
0.00732815
0.00756627
0.00780642
0.00804156
0.00826972
0.00849194
0.00870809
0.00892148
0.00913018
0.00933525
0.00953391
0.00972211
0.00990814
0.0101005
0.0102959
0.0104954
0.0107103
0.0109459
0.0111962
0.0114649
0.0117477
0.0120249
0.0122474
0.0124463
0.012642
0.0128105
0.0129091
0.0131457
0.0133878
0.0134986
0.0136458
0.0137797
0.0139129
0.0140346
0.0141505
0.0142573
0.0143573
0.0144496
0.0145352
0.0146136
0.0146853
0.0147502
0.0148088
0.0148609
0.0149068
0.0149468
0.0149809
0.0150094
0.0150325
0.0150504
0.0150629
0.0150667
0.015049
0.0149873
0.0149087
0.0148222
0.0147303
0.0146336
0.0145328
0.0144282
0.0143201
0.0142086
0.014094
0.0139763
0.0138556
0.0137323
0.0136061
0.0134775
0.0133462
0.0132127
0.0130766
0.0129385
0.012798
0.0126556
0.0125111
0.0123649
0.0122167
0.0120674
0.0119162
0.0117642
0.0116107
0.0114567
0.0113018
0.0111467
0.0109913
0.0108362
0.0106813
0.0105272
0.0103737
0.0102215
0.0100703
0.00992078
0.0097728
0.00962667
0.00948245
0.00934036
0.00920043
0.00906283
0.00892758
0.00879481
0.00866452
0.00853673
0.00841156
0.00828892
0.00816887
0.00805137
0.00793645
0.00782401
0.00771412
0.00760664
0.0075016
0.0073989
0.00729853
0.00720037
0.00710443
0.00701062
0.00691879
0.00682903
0.00674095
0.00665493
0.00657013
0.00648768
0.00640678
0.00633089
0.00625441
0.00618555
0.0061032
0.00604121
0.00587782
0.00584111
0.00546227
0.00152547
0.00151252
0.00149411
0.00147131
0.00144865
0.00142744
0.00140808
0.00139077
0.00137584
0.00136328
0.00135264
0.00134317
0.00133415
0.00132509
0.00131581
0.00130626
0.00129664
0.00128719
0.00127807
0.00126942
0.00126135
0.00125396
0.00124731
0.00124146
0.00123642
0.00123221
0.00122881
0.00122619
0.00122434
0.00122322
0.00122277
0.00122296
0.00122375
0.00122509
0.00122693
0.00122923
0.00123195
0.00123505
0.00123849
0.00124224
0.00124626
0.00125052
0.00125499
0.00125965
0.00126447
0.00126943
0.00127451
0.00127969
0.00128495
0.00129028
0.00129565
0.00130107
0.00130651
0.00131197
0.00131743
0.00132288
0.00132833
0.00133375
0.00133914
0.0013445
0.00134982
0.00135509
0.00136031
0.00136548
0.00137059
0.00137564
0.00138062
0.00138553
0.00139037
0.00139514
0.00139984
0.00140445
0.00140899
0.00141346
0.00141784
0.00142214
0.00142637
0.00143051
0.00143458
0.00143857
0.00144248
0.00144632
0.00145008
0.00145377
0.00145738
0.00146093
0.0014644
0.00146781
0.00147115
0.00147443
0.00147764
0.0014808
0.0014839
0.00148694
0.00148992
0.00149285
0.00149573
0.00149856
0.00150134
0.00150408
0.00150677
0.00150941
0.00151202
0.00151458
0.0015171
0.00151959
0.00152203
0.00152444
0.00152682
0.00152916
0.00153147
0.00153374
0.00153599
0.0015382
0.00154039
0.00154254
0.00154467
0.00154677
0.00154885
0.0015509
0.00155292
0.00155492
0.00155689
0.00155884
0.00156077
0.00156268
0.00156456
0.00156642
0.00156826
0.00157008
0.00157188
0.00157366
0.00157542
0.00157716
0.00157888
0.00158058
0.00158226
0.00158393
0.00158558
0.0015872
0.00158882
0.00159041
0.00159199
0.00159355
0.00159509
0.00159662
0.00159813
0.00159963
0.00160111
0.00160257
0.00160402
0.00160545
0.00160687
0.00160828
0.00160967
0.00161104
0.0016124
0.00161375
0.00161508
0.0016164
0.00161771
0.001619
0.00162028
0.00162154
0.00162279
0.00162403
0.00162526
0.00162648
0.00162768
0.00162887
0.00163004
0.00163121
0.00163236
0.0016335
0.00163463
0.00163575
0.00163686
0.00163795
0.00163904
0.00164011
0.00164117
0.00164222
0.00164326
0.00164429
0.00164531
0.00164632
0.00164732
0.00164831
0.00164929
0.00165026
0.00165122
0.00165217
0.00165312
0.00165405
0.00165497
0.00165588
0.00165679
0.00165768
0.00165857
0.00165945
0.00166032
0.00166118
0.00166204
0.00166288
0.00166372
0.00166455
0.00166537
0.00166619
0.00166699
0.00166779
0.00166858
0.00166937
0.00167014
0.00167091
0.00167168
0.00167244
0.00167319
0.00167393
0.00167467
0.0016754
0.00167612
0.00167684
0.00167755
0.00167826
0.00167896
0.00167966
0.00168035
0.00168104
0.00168172
0.00168239
0.00168306
0.00168373
0.00168439
0.00168505
0.0016857
0.00168637
0.00168698
0.00168768
0.00168766
0.00168624
0.0016843
0.00168228
0.00168026
0.00167826
0.00167626
0.00167426
0.00167225
0.00167023
0.00166821
0.00166619
0.00166416
0.00166213
0.0016601
0.00165804
0.00165589
0.00165364
0.00165128
0.00164883
0.00164627
0.00164361
0.00164087
0.00163804
0.00163513
0.00163214
0.0016291
0.00162599
0.00162284
0.00161965
0.00161643
0.00161318
0.00160993
0.00160668
0.00160344
0.00160021
0.00159701
0.00159385
0.00159074
0.00158768
0.00158469
0.00158178
0.00157894
0.00157619
0.00157353
0.00157097
0.00156852
0.00156619
0.00156396
0.00156186
0.00155987
0.00155801
0.00155624
0.00155452
0.00155282
0.00155115
0.0015495
0.00154788
0.00154628
0.00154472
0.00154319
0.0015417
0.00154025
0.00153883
0.00153746
0.00153614
0.00153486
0.00153364
0.00153248
0.00153138
0.00153035
0.00152939
0.00152851
0.00152772
0.00152702
0.00152641
0.00152591
0.00152553
0.00152527
0.00152515
0.00152518
0.00152536
0.00152572
0.00152627
0.00152703
0.00152801
0.00152924
0.00153076
0.00153257
0.00153472
0.00153725
0.00154019
0.0015436
0.0015475
0.00155202
0.00155711
0.00156303
0.00156934
0.00157668
0.00158285
0.00158781
0.00159895
0.00170355
0.00186542
0.00202404
0.00219758
0.00236273
0.00251805
0.00265924
0.00278837
0.00290434
0.00300665
0.00310145
0.00319481
0.00328154
0.00335796
0.0034341
0.00351574
0.00358683
0.00364428
0.00374581
0.00390772
0.00393247
0.00384121
0.00380028
0.00374748
0.00367777
0.00361045
0.00353486
0.00339667
0.00328203
0.00325957
0.00323826
0.00321557
0.00314618
0.00304894
0.00296016
0.00288412
0.00280611
0.00272
0.00263053
0.00254234
0.00245523
0.00236709
0.00227844
0.00219232
0.00211027
0.00203197
0.001957
0.00188509
0.00181625
0.00175049
0.00168806
0.00162931
0.00157374
0.00152122
0.00147185
0.00142601
0.00138387
0.00134573
0.00131153
0.00128007
0.00125007
0.00122179
0.00119633
0.00117363
0.00115253
0.00113239
0.00111383
0.0010976
0.00108317
0.00106933
0.00105598
0.00104403
0.00103388
0.00102471
0.00101563
0.00100707
0.0010001
0.000994516
0.000988899
0.000982735
0.000977274
0.000973721
0.000971268
0.000968304
0.000964745
0.000961512
0.000959063
0.000957276
0.000955997
0.000955133
0.00095462
0.000954346
0.000954073
0.000953824
0.000954092
0.000955177
0.000956466
0.0009571
0.000957387
0.000958457
0.000960359
0.000961969
0.000962557
0.000962517
0.000962432
0.000962351
0.000962206
0.000961927
0.000961753
0.000961448
0.000959506
0.000954433
0.000947775
0.000943014
0.000935271
0.000896136
0.000832375
0.000752561
0.00076243
0.000845179
0.0010199
0.00151196
0.0020726
0.00270713
0.00306056
0.00335114
0.00345419
0.00354414
0.0035969
0.00362494
0.00367958
0.00377255
0.00388859
0.00401298
0.00414936
0.00430099
0.00446808
0.00464875
0.00483955
0.00503811
0.00524389
0.00545744
0.0056795
0.0059133
0.00615435
0.00639271
0.00663331
0.00688441
0.00713892
0.00738838
0.00763597
0.00788264
0.00813042
0.00837986
0.00862459
0.00886221
0.00909349
0.00931785
0.00953889
0.00975532
0.00996884
0.0101774
0.0103764
0.0105741
0.01078
0.0109912
0.0112088
0.0114427
0.0116978
0.0119688
0.0122579
0.0125598
0.0128544
0.0130946
0.0133119
0.0135258
0.0137124
0.0138312
0.0140749
0.0143492
0.0144741
0.0146398
0.0147896
0.0149384
0.0150749
0.015205
0.0153252
0.0154382
0.0155427
0.0156399
0.0157293
0.0158114
0.0158861
0.0159537
0.0160143
0.0160681
0.0161152
0.0161558
0.0161901
0.0162182
0.0162402
0.0162557
0.0162611
0.0162436
0.0161854
0.0161109
0.0160279
0.0159389
0.0158448
0.0157464
0.0156438
0.0155375
0.0154276
0.0153143
0.0151978
0.0150781
0.0149555
0.0148299
0.0147018
0.0145707
0.0144371
0.0143008
0.0141621
0.0140207
0.0138772
0.013731
0.0135829
0.0134323
0.0132801
0.0131256
0.0129697
0.0128118
0.0126528
0.0124923
0.0123312
0.0121691
0.0120068
0.0118441
0.0116816
0.0115193
0.0113577
0.0111969
0.0110371
0.0108786
0.0107216
0.0105663
0.0104128
0.0102613
0.010112
0.00996489
0.00982021
0.00967796
0.0095382
0.00940108
0.00926656
0.0091347
0.0090055
0.008879
0.00875512
0.00863396
0.00851538
0.00839943
0.008286
0.00817512
0.00806665
0.00796061
0.00785693
0.00775542
0.00765621
0.00755887
0.00746382
0.00737012
0.00727907
0.00718966
0.00710579
0.00702102
0.00694468
0.00685263
0.00678228
0.006598
0.00655577
0.00613079
0.00165503
0.00164246
0.00162465
0.00160309
0.00158105
0.00156031
0.00154104
0.00152336
0.00150766
0.00149417
0.00148274
0.00147287
0.00146394
0.00145538
0.00144682
0.00143814
0.00142938
0.00142062
0.00141198
0.00140356
0.00139546
0.00138776
0.00138054
0.00137389
0.00136784
0.00136245
0.00135774
0.00135371
0.00135037
0.00134772
0.00134573
0.00134439
0.00134367
0.00134353
0.00134395
0.00134488
0.00134631
0.00134819
0.00135049
0.00135317
0.00135621
0.00135957
0.00136323
0.00136715
0.00137131
0.00137568
0.00138025
0.00138498
0.00138987
0.00139488
0.0014
0.00140522
0.00141052
0.00141589
0.00142131
0.00142677
0.00143226
0.00143777
0.00144328
0.0014488
0.00145432
0.00145981
0.00146529
0.00147074
0.00147615
0.00148153
0.00148686
0.00149214
0.00149737
0.00150254
0.00150765
0.0015127
0.00151768
0.0015226
0.00152745
0.00153222
0.00153692
0.00154155
0.00154611
0.00155059
0.001555
0.00155934
0.0015636
0.00156778
0.0015719
0.00157594
0.00157991
0.00158382
0.00158765
0.00159142
0.00159512
0.00159876
0.00160234
0.00160585
0.00160931
0.00161271
0.00161605
0.00161933
0.00162257
0.00162575
0.00162888
0.00163197
0.001635
0.00163799
0.00164094
0.00164384
0.0016467
0.00164952
0.0016523
0.00165504
0.00165774
0.00166041
0.00166304
0.00166564
0.0016682
0.00167074
0.00167324
0.0016757
0.00167814
0.00168055
0.00168293
0.00168528
0.00168761
0.00168991
0.00169218
0.00169442
0.00169664
0.00169884
0.00170101
0.00170315
0.00170528
0.00170738
0.00170946
0.00171151
0.00171355
0.00171556
0.00171755
0.00171952
0.00172147
0.0017234
0.00172532
0.00172721
0.00172908
0.00173093
0.00173276
0.00173458
0.00173638
0.00173815
0.00173992
0.00174166
0.00174338
0.00174509
0.00174678
0.00174846
0.00175011
0.00175176
0.00175338
0.00175499
0.00175658
0.00175816
0.00175972
0.00176126
0.00176279
0.00176431
0.00176581
0.0017673
0.00176877
0.00177022
0.00177167
0.00177309
0.00177451
0.00177591
0.00177729
0.00177866
0.00178002
0.00178137
0.0017827
0.00178402
0.00178532
0.00178662
0.0017879
0.00178916
0.00179042
0.00179166
0.00179289
0.00179411
0.00179532
0.00179651
0.0017977
0.00179887
0.00180003
0.00180118
0.00180231
0.00180344
0.00180455
0.00180566
0.00180675
0.00180784
0.00180891
0.00180997
0.00181102
0.00181206
0.0018131
0.00181412
0.00181513
0.00181613
0.00181713
0.00181811
0.00181908
0.00182005
0.001821
0.00182195
0.00182289
0.00182382
0.00182474
0.00182565
0.00182655
0.00182745
0.00182833
0.00182921
0.00183008
0.00183094
0.0018318
0.00183265
0.00183348
0.00183432
0.00183514
0.00183596
0.00183677
0.00183758
0.00183837
0.00183916
0.00183994
0.00184073
0.00184149
0.00184228
0.00184301
0.0018438
0.00184381
0.00184232
0.00184021
0.001838
0.0018358
0.00183362
0.00183144
0.00182925
0.00182705
0.00182485
0.00182264
0.00182041
0.00181819
0.00181595
0.00181372
0.00181144
0.00180907
0.00180658
0.00180398
0.00180127
0.00179845
0.00179552
0.00179248
0.00178936
0.00178614
0.00178284
0.00177947
0.00177603
0.00177254
0.001769
0.00176543
0.00176182
0.00175821
0.00175458
0.00175096
0.00174735
0.00174377
0.00174022
0.00173672
0.00173327
0.00172989
0.00172658
0.00172334
0.0017202
0.00171714
0.00171419
0.00171134
0.00170862
0.001706
0.0017035
0.00170112
0.00169887
0.00169671
0.00169459
0.00169249
0.00169041
0.00168835
0.00168631
0.0016843
0.00168231
0.00168034
0.0016784
0.00167649
0.00167462
0.00167278
0.00167098
0.00166922
0.0016675
0.00166583
0.00166422
0.00166266
0.00166117
0.00165974
0.00165839
0.00165711
0.00165592
0.00165482
0.00165383
0.00165294
0.00165218
0.00165154
0.00165105
0.00165071
0.00165054
0.00165056
0.00165079
0.00165124
0.00165195
0.00165292
0.00165421
0.00165584
0.00165783
0.00166026
0.00166312
0.00166654
0.00167044
0.00167508
0.00167996
0.00168572
0.00168992
0.00169291
0.00170161
0.00180307
0.00196253
0.0021221
0.00230013
0.00247246
0.00263725
0.00278924
0.00292989
0.00305757
0.00317167
0.00327833
0.00338342
0.00348155
0.0035693
0.0036571
0.00375063
0.00383362
0.00390334
0.00402333
0.00420595
0.0042378
0.00415609
0.00411019
0.00407681
0.00401475
0.00395331
0.00388169
0.00374139
0.0036305
0.00359717
0.00359313
0.00357859
0.00351273
0.00341469
0.00332465
0.00324833
0.00316972
0.00308182
0.00298967
0.00289842
0.00280788
0.00271556
0.00262201
0.00253059
0.00244314
0.00235926
0.00227845
0.00220044
0.00212516
0.00205261
0.0019832
0.00191715
0.00185413
0.00179388
0.00173661
0.00168279
0.00163271
0.00158682
0.00154512
0.00150625
0.00146868
0.00143278
0.00139997
0.00137026
0.00134228
0.00131529
0.00129007
0.00126761
0.0012473
0.00122769
0.00120865
0.00119131
0.00117617
0.00116226
0.00114852
0.00113544
0.00112431
0.00111492
0.00110558
0.00109565
0.00108659
0.00107985
0.00107451
0.00106868
0.00106222
0.00105619
0.00105113
0.00104691
0.00104334
0.00104033
0.00103778
0.00103558
0.00103345
0.0010314
0.00102999
0.00102954
0.00102941
0.00102863
0.00102751
0.0010273
0.00102806
0.00102861
0.00102812
0.001027
0.00102588
0.00102481
0.00102372
0.00102252
0.00102148
0.00102035
0.0010176
0.00101164
0.00100401
0.00099817
0.000990083
0.000949965
0.000889257
0.000799092
0.000795777
0.000864007
0.00101959
0.0014401
0.00202312
0.0026929
0.00312488
0.00348456
0.00364731
0.00377785
0.00386112
0.0039064
0.00396893
0.0040674
0.00419031
0.00433025
0.00446691
0.00462679
0.00480283
0.00499337
0.00519502
0.0054053
0.00562327
0.00584923
0.00608337
0.00632888
0.00658255
0.00683417
0.00708682
0.00734897
0.00761512
0.00787642
0.00813516
0.00839196
0.0086487
0.00890671
0.00916034
0.00940684
0.00964675
0.00987915
0.0101078
0.0103321
0.010554
0.010772
0.0109817
0.0111907
0.0114094
0.0116353
0.0118694
0.0121209
0.012394
0.0126837
0.0129912
0.0133101
0.0136202
0.0138759
0.0141092
0.0143389
0.0145421
0.0146822
0.0149372
0.0152317
0.0153723
0.0155552
0.0157201
0.015884
0.0160348
0.0161789
0.0163126
0.0164385
0.0165555
0.0166646
0.0167654
0.0168584
0.0169434
0.0170209
0.0170907
0.0171531
0.0172082
0.0172562
0.0172972
0.0173313
0.0173585
0.0173781
0.0173863
0.017371
0.0173181
0.0172493
0.0171717
0.0170876
0.0169979
0.0169036
0.0168049
0.0167021
0.0165955
0.0164854
0.0163718
0.0162548
0.0161348
0.0160115
0.0158855
0.0157563
0.0156246
0.0154897
0.0153522
0.0152118
0.0150689
0.0149231
0.0147749
0.0146238
0.0144706
0.0143147
0.0141568
0.0139963
0.0138343
0.0136701
0.0135047
0.0133376
0.0131697
0.0130007
0.0128314
0.0126616
0.012492
0.0123224
0.0121536
0.0119854
0.0118183
0.0116524
0.0114881
0.0113254
0.0111647
0.0110059
0.0108494
0.0106951
0.0105433
0.0103941
0.0102474
0.0101035
0.00996223
0.00982377
0.00968804
0.00955516
0.00942502
0.00929766
0.00917302
0.00905111
0.00893183
0.00881519
0.00870112
0.00858944
0.0084803
0.00837323
0.00826869
0.00816566
0.00806557
0.00796721
0.00787492
0.00778136
0.00769703
0.00759466
0.00751491
0.00731028
0.00726088
0.0067819
0.0017651
0.00175558
0.00174183
0.00172425
0.00170528
0.00168706
0.00166965
0.00165312
0.0016379
0.0016244
0.00161275
0.00160273
0.00159391
0.00158582
0.00157803
0.00157035
0.00156268
0.00155502
0.00154739
0.00153984
0.00153241
0.00152516
0.00151816
0.00151147
0.00150516
0.00149928
0.00149387
0.00148898
0.00148463
0.00148084
0.00147762
0.00147498
0.00147291
0.0014714
0.00147043
0.00147
0.00147007
0.00147062
0.00147164
0.00147308
0.00147494
0.00147718
0.00147978
0.00148271
0.00148595
0.00148947
0.00149324
0.00149726
0.00150149
0.00150591
0.00151051
0.00151527
0.00152016
0.00152518
0.00153031
0.00153553
0.00154083
0.00154621
0.00155163
0.0015571
0.00156261
0.00156814
0.00157369
0.00157924
0.00158479
0.00159034
0.00159587
0.00160138
0.00160686
0.00161231
0.00161773
0.0016231
0.00162843
0.0016337
0.00163893
0.0016441
0.00164921
0.00165426
0.00165924
0.00166417
0.00166902
0.00167382
0.00167854
0.0016832
0.00168779
0.00169231
0.00169676
0.00170115
0.00170547
0.00170972
0.00171391
0.00171803
0.00172209
0.00172609
0.00173002
0.0017339
0.00173772
0.00174148
0.00174518
0.00174883
0.00175243
0.00175597
0.00175947
0.00176291
0.00176631
0.00176965
0.00177296
0.00177621
0.00177943
0.0017826
0.00178573
0.00178882
0.00179187
0.00179488
0.00179786
0.0018008
0.0018037
0.00180657
0.00180941
0.00181221
0.00181498
0.00181772
0.00182042
0.0018231
0.00182575
0.00182837
0.00183096
0.00183352
0.00183606
0.00183857
0.00184105
0.00184351
0.00184594
0.00184834
0.00185073
0.00185308
0.00185542
0.00185773
0.00186002
0.00186228
0.00186453
0.00186675
0.00186895
0.00187112
0.00187328
0.00187542
0.00187753
0.00187963
0.0018817
0.00188376
0.00188579
0.00188781
0.0018898
0.00189178
0.00189374
0.00189568
0.0018976
0.0018995
0.00190139
0.00190326
0.00190511
0.00190694
0.00190875
0.00191055
0.00191233
0.0019141
0.00191584
0.00191757
0.00191929
0.00192099
0.00192267
0.00192434
0.00192599
0.00192762
0.00192924
0.00193085
0.00193243
0.00193401
0.00193557
0.00193711
0.00193864
0.00194016
0.00194166
0.00194314
0.00194461
0.00194607
0.00194752
0.00194895
0.00195036
0.00195177
0.00195316
0.00195453
0.0019559
0.00195725
0.00195859
0.00195991
0.00196122
0.00196252
0.00196381
0.00196509
0.00196635
0.0019676
0.00196884
0.00197007
0.00197128
0.00197248
0.00197368
0.00197486
0.00197603
0.00197719
0.00197833
0.00197947
0.00198059
0.00198171
0.00198281
0.00198391
0.00198499
0.00198606
0.00198712
0.00198817
0.00198922
0.00199025
0.00199127
0.00199228
0.00199328
0.00199428
0.00199526
0.00199624
0.0019972
0.00199816
0.00199911
0.00200005
0.00200097
0.0020019
0.0020028
0.00200374
0.0020046
0.00200552
0.00200557
0.00200398
0.00200172
0.00199931
0.0019969
0.00199451
0.00199213
0.00198973
0.00198733
0.00198491
0.00198247
0.00198003
0.00197757
0.0019751
0.00197262
0.0019701
0.00196747
0.00196472
0.00196184
0.00195883
0.00195571
0.00195246
0.0019491
0.00194563
0.00194208
0.00193843
0.0019347
0.00193089
0.00192702
0.0019231
0.00191913
0.00191512
0.0019111
0.00190706
0.00190301
0.00189898
0.00189496
0.00189098
0.00188705
0.00188315
0.00187932
0.00187555
0.00187187
0.00186827
0.00186476
0.00186136
0.00185806
0.00185488
0.0018518
0.00184885
0.00184601
0.00184331
0.00184069
0.0018381
0.00183554
0.00183298
0.00183044
0.00182791
0.0018254
0.0018229
0.00182042
0.00181796
0.00181553
0.00181311
0.00181073
0.00180837
0.00180604
0.00180375
0.00180149
0.00179928
0.00179711
0.00179499
0.00179293
0.00179093
0.00178899
0.00178712
0.00178534
0.00178364
0.00178203
0.00178052
0.00177913
0.00177787
0.00177674
0.00177576
0.00177494
0.00177431
0.00177389
0.00177368
0.00177373
0.00177405
0.00177468
0.00177564
0.00177698
0.00177871
0.00178093
0.00178354
0.00178681
0.00179015
0.00179422
0.00179631
0.00179726
0.00180355
0.00190199
0.00205816
0.00221766
0.00239848
0.00257636
0.00274915
0.00291079
0.00306209
0.00320086
0.00332634
0.0034446
0.00356119
0.00367051
0.00376954
0.00386896
0.00397428
0.00406912
0.00415168
0.00429061
0.00449188
0.00453759
0.00445426
0.00441153
0.00439504
0.00434063
0.00428542
0.00421778
0.00407827
0.00397346
0.00392671
0.00394188
0.00393621
0.00387517
0.00377793
0.00368798
0.00361251
0.0035345
0.00344607
0.00335253
0.00325946
0.00316671
0.00307148
0.00297427
0.0028788
0.00278716
0.00269892
0.00261347
0.00253054
0.00245
0.00237187
0.0022966
0.00222441
0.002155
0.00208804
0.0020238
0.0019629
0.00190568
0.00185275
0.00180418
0.00175843
0.0017137
0.00167047
0.00163047
0.00159382
0.00155893
0.00152492
0.00149278
0.00146375
0.00143716
0.00141129
0.00138599
0.00136264
0.00134188
0.00132259
0.00130348
0.00128512
0.00126909
0.00125518
0.00124136
0.00122688
0.00121342
0.00120274
0.0011938
0.00118435
0.00117422
0.00116462
0.00115619
0.0011488
0.00114224
0.00113638
0.00113112
0.00112633
0.00112168
0.00111719
0.00111346
0.0011109
0.00110878
0.001106
0.0011029
0.00110085
0.00109996
0.00109893
0.00109684
0.00109412
0.00109144
0.00108888
0.00108636
0.00108379
0.00108143
0.00107904
0.00107504
0.00106776
0.00105879
0.00105148
0.00104278
0.00100127
0.000944315
0.000847199
0.00083012
0.000888697
0.0010229
0.00134473
0.00195507
0.00264042
0.00315404
0.00358229
0.00380658
0.00397863
0.00409535
0.00416419
0.00423893
0.00434489
0.00447533
0.0046157
0.00476856
0.00493719
0.00512196
0.00532225
0.0055345
0.00575626
0.00598616
0.00622423
0.00647018
0.00672702
0.00699272
0.00725707
0.00752147
0.00779431
0.00807154
0.00834418
0.00861371
0.00888043
0.00914605
0.00941254
0.0096749
0.00993015
0.0101786
0.0104192
0.0106557
0.0108879
0.0111183
0.0113458
0.011566
0.0117862
0.0120173
0.0122573
0.0125074
0.0127755
0.0130656
0.013373
0.0136975
0.0140319
0.0143559
0.0146255
0.0148729
0.0151167
0.0153355
0.015497
0.0157687
0.0160725
0.0162294
0.0164283
0.0166075
0.0167857
0.0169504
0.017108
0.0172548
0.0173936
0.0175229
0.017644
0.0177563
0.0178604
0.017956
0.0180436
0.018123
0.0181945
0.0182582
0.0183141
0.0183624
0.0184032
0.0184363
0.0184608
0.0184728
0.0184609
0.0184146
0.0183529
0.0182819
0.018204
0.0181202
0.0180313
0.0179377
0.0178397
0.0177378
0.017632
0.0175225
0.0174094
0.0172931
0.0171734
0.0170507
0.0169247
0.0167958
0.0166636
0.0165287
0.0163905
0.0162495
0.0161053
0.0159584
0.0158082
0.0156556
0.0154996
0.0153413
0.0151799
0.0150164
0.01485
0.0146819
0.0145114
0.0143395
0.0141657
0.0139911
0.0138152
0.0136388
0.0134619
0.013285
0.0131083
0.0129321
0.0127565
0.0125821
0.0124089
0.0122373
0.0120673
0.0118993
0.0117334
0.0115697
0.0114084
0.0112497
0.0110936
0.0109403
0.0107897
0.0106419
0.0104971
0.0103551
0.0102161
0.0100799
0.0099466
0.00981616
0.00968855
0.00956373
0.0094415
0.00932206
0.00920487
0.00909048
0.00897774
0.00886825
0.00876055
0.00865944
0.00855667
0.00846379
0.0083506
0.00826013
0.00803655
0.00797705
0.00744609
0.00184911
0.00184579
0.00184033
0.00182995
0.00181697
0.00180365
0.00179014
0.00177657
0.00176341
0.00175119
0.00174028
0.00173073
0.00172238
0.00171489
0.00170794
0.00170129
0.00169481
0.00168844
0.00168212
0.00167585
0.00166961
0.00166342
0.0016573
0.00165129
0.00164545
0.00163981
0.00163444
0.00162937
0.00162465
0.00162033
0.00161642
0.00161294
0.00160993
0.00160738
0.0016053
0.00160369
0.00160256
0.00160188
0.00160165
0.00160187
0.0016025
0.00160354
0.00160496
0.00160676
0.0016089
0.00161138
0.00161416
0.00161723
0.00162058
0.00162417
0.001628
0.00163204
0.00163628
0.0016407
0.00164528
0.00165001
0.00165488
0.00165986
0.00166496
0.00167014
0.00167541
0.00168075
0.00168615
0.0016916
0.00169708
0.0017026
0.00170815
0.0017137
0.00171927
0.00172483
0.00173039
0.00173593
0.00174146
0.00174696
0.00175243
0.00175787
0.00176328
0.00176864
0.00177396
0.00177923
0.00178445
0.00178962
0.00179473
0.00179979
0.00180479
0.00180974
0.00181462
0.00181945
0.00182421
0.00182892
0.00183356
0.00183814
0.00184266
0.00184713
0.00185153
0.00185588
0.00186016
0.00186439
0.00186857
0.00187269
0.00187675
0.00188076
0.00188472
0.00188863
0.00189249
0.00189629
0.00190006
0.00190377
0.00190744
0.00191106
0.00191464
0.00191817
0.00192166
0.00192511
0.00192853
0.0019319
0.00193523
0.00193853
0.00194179
0.00194501
0.0019482
0.00195135
0.00195447
0.00195756
0.00196061
0.00196363
0.00196662
0.00196959
0.00197252
0.00197542
0.00197829
0.00198113
0.00198395
0.00198674
0.0019895
0.00199224
0.00199494
0.00199763
0.00200028
0.00200292
0.00200553
0.00200811
0.00201067
0.0020132
0.00201572
0.00201821
0.00202067
0.00202312
0.00202554
0.00202794
0.00203031
0.00203267
0.00203501
0.00203732
0.00203961
0.00204188
0.00204414
0.00204637
0.00204858
0.00205077
0.00205294
0.00205509
0.00205723
0.00205934
0.00206143
0.00206351
0.00206557
0.00206761
0.00206963
0.00207163
0.00207361
0.00207558
0.00207753
0.00207946
0.00208137
0.00208327
0.00208515
0.00208701
0.00208885
0.00209068
0.00209249
0.00209429
0.00209607
0.00209783
0.00209958
0.00210131
0.00210302
0.00210472
0.00210641
0.00210807
0.00210973
0.00211136
0.00211299
0.00211459
0.00211618
0.00211776
0.00211933
0.00212087
0.00212241
0.00212393
0.00212543
0.00212692
0.0021284
0.00212987
0.00213132
0.00213275
0.00213417
0.00213558
0.00213698
0.00213836
0.00213973
0.00214109
0.00214243
0.00214376
0.00214508
0.00214638
0.00214767
0.00214895
0.00215022
0.00215148
0.00215272
0.00215395
0.00215517
0.00215637
0.00215757
0.00215875
0.00215992
0.00216108
0.00216223
0.00216337
0.00216449
0.00216561
0.00216671
0.00216781
0.00216888
0.00216998
0.002171
0.00217209
0.00217219
0.00217052
0.00216814
0.00216556
0.00216296
0.00216039
0.00215782
0.00215523
0.00215263
0.00215
0.00214737
0.00214471
0.00214203
0.00213934
0.00213663
0.00213386
0.00213099
0.00212797
0.00212482
0.00212154
0.00211812
0.00211457
0.00211089
0.0021071
0.0021032
0.0020992
0.0020951
0.00209093
0.00208668
0.00208237
0.002078
0.0020736
0.00206916
0.00206469
0.00206022
0.00205575
0.0020513
0.00204687
0.00204248
0.00203813
0.00203385
0.00202963
0.00202547
0.00202141
0.00201743
0.00201356
0.00200978
0.00200613
0.00200257
0.00199915
0.00199583
0.00199264
0.00198953
0.00198646
0.0019834
0.00198034
0.00197728
0.00197423
0.00197118
0.00196815
0.00196512
0.0019621
0.0019591
0.0019561
0.00195313
0.00195017
0.00194723
0.00194432
0.00194143
0.00193857
0.00193574
0.00193295
0.00193021
0.0019275
0.00192485
0.00192226
0.00191972
0.00191726
0.00191487
0.00191257
0.00191037
0.00190826
0.00190628
0.00190442
0.0019027
0.00190115
0.00189977
0.00189859
0.00189763
0.00189692
0.00189647
0.00189632
0.00189649
0.001897
0.00189794
0.00189918
0.00190098
0.00190264
0.00190489
0.00190462
0.00190357
0.00190753
0.00200311
0.00215545
0.00231414
0.00249654
0.00267862
0.00285818
0.00302844
0.00318959
0.00333885
0.00347535
0.00360496
0.00373279
0.00385319
0.00396353
0.00407465
0.00419176
0.00429854
0.00439479
0.00455325
0.00477129
0.0048261
0.00474228
0.00471424
0.0047078
0.00466098
0.00461215
0.0045488
0.00441794
0.00430196
0.0042577
0.0042897
0.00429334
0.00423825
0.00414329
0.00405474
0.00398118
0.00390484
0.00381708
0.00372336
0.00362967
0.00353587
0.00343891
0.00333926
0.00324093
0.00314627
0.00305482
0.00296591
0.00287924
0.0027946
0.00271204
0.00263203
0.00255482
0.00248009
0.00240745
0.00233722
0.00227013
0.00220665
0.00214749
0.0020928
0.00204083
0.00198952
0.0019394
0.00189258
0.00184928
0.00180764
0.00176667
0.00172755
0.00169181
0.00165875
0.00162633
0.00159437
0.00156454
0.00153767
0.00151244
0.00148734
0.00146304
0.00144144
0.00142232
0.00140331
0.00138346
0.0013648
0.00134942
0.00133612
0.00132227
0.00130762
0.00129359
0.00128095
0.00126956
0.00125919
0.00124968
0.00124092
0.00123275
0.00122479
0.00121707
0.00121028
0.00120488
0.00120005
0.00119455
0.00118875
0.00118417
0.00118096
0.00117767
0.0011733
0.00116829
0.00116337
0.00115864
0.00115403
0.00114942
0.00114509
0.0011408
0.0011349
0.00112561
0.00111462
0.00110516
0.00109526
0.00105133
0.000997833
0.000897552
0.000863099
0.000917894
0.00103371
0.00123941
0.00186975
0.00255646
0.003144
0.00364303
0.00393547
0.00415325
0.00430623
0.00440379
0.00449525
0.00461138
0.00475057
0.00490033
0.0050634
0.00524758
0.00543406
0.00564444
0.00586751
0.00610087
0.00634284
0.00659316
0.0068511
0.0071194
0.00739705
0.0076741
0.00795044
0.00823413
0.00852242
0.00880641
0.00908683
0.00936369
0.00963852
0.00991376
0.010185
0.0104492
0.0107066
0.0109556
0.0112003
0.0114409
0.01168
0.0119171
0.0121478
0.0123794
0.012623
0.0128769
0.0131424
0.0134267
0.0137332
0.0140575
0.0143981
0.0147467
0.0150832
0.0153656
0.0156258
0.0158822
0.0161158
0.0162978
0.016587
0.0168958
0.0170687
0.0172822
0.0174747
0.0176663
0.017844
0.0180145
0.0181739
0.0183249
0.0184661
0.0185988
0.0187222
0.0188372
0.0189432
0.0190408
0.0191299
0.0192105
0.0192828
0.0193469
0.0194027
0.0194504
0.0194897
0.0195196
0.0195357
0.0195281
0.0194893
0.0194356
0.0193722
0.0193015
0.0192244
0.0191419
0.0190543
0.0189621
0.0188656
0.018765
0.0186605
0.0185522
0.0184404
0.0183249
0.0182064
0.0180842
0.017959
0.0178303
0.0176986
0.0175635
0.0174253
0.0172836
0.0171389
0.0169906
0.0168396
0.0166848
0.0165272
0.016366
0.0162022
0.0160351
0.0158657
0.0156932
0.0155187
0.0153416
0.0151631
0.0149825
0.0148009
0.014618
0.0144346
0.0142506
0.0140665
0.0138826
0.0136992
0.0135165
0.013335
0.0131547
0.012976
0.0127992
0.0126243
0.0124516
0.0122813
0.0121135
0.0119484
0.011786
0.0116264
0.0114698
0.0113162
0.0111655
0.0110179
0.0108732
0.0107316
0.010593
0.0104574
0.0103245
0.0101947
0.0100673
0.00994291
0.00982032
0.00970129
0.00958409
0.00947393
0.00936171
0.00925981
0.00913559
0.00903293
0.00879329
0.00871931
0.00814333
0.00191496
0.00191903
0.00192358
0.00192184
0.00191632
0.00190925
0.00190102
0.0018918
0.00188209
0.00187246
0.00186339
0.00185517
0.00184784
0.00184129
0.00183532
0.00182977
0.00182451
0.00181945
0.00181455
0.00180972
0.00180494
0.00180016
0.00179538
0.00179058
0.00178579
0.00178105
0.00177638
0.00177182
0.00176743
0.00176324
0.00175928
0.00175559
0.0017522
0.00174914
0.00174642
0.00174406
0.00174208
0.00174048
0.00173927
0.00173845
0.00173801
0.00173795
0.00173826
0.00173894
0.00173998
0.00174136
0.00174307
0.00174509
0.00174741
0.00175003
0.00175291
0.00175605
0.00175943
0.00176304
0.00176686
0.00177088
0.00177508
0.00177944
0.00178397
0.00178863
0.00179343
0.00179834
0.00180336
0.00180847
0.00181367
0.00181894
0.00182428
0.00182967
0.00183511
0.00184059
0.00184609
0.00185162
0.00185716
0.00186271
0.00186827
0.00187382
0.00187936
0.00188489
0.0018904
0.00189588
0.00190134
0.00190677
0.00191216
0.00191751
0.00192283
0.0019281
0.00193333
0.00193851
0.00194365
0.00194873
0.00195377
0.00195875
0.00196368
0.00196856
0.00197339
0.00197816
0.00198288
0.00198755
0.00199217
0.00199673
0.00200125
0.00200571
0.00201012
0.00201448
0.00201879
0.00202306
0.00202727
0.00203144
0.00203556
0.00203964
0.00204367
0.00204765
0.0020516
0.0020555
0.00205936
0.00206318
0.00206695
0.00207069
0.00207439
0.00207805
0.00208168
0.00208527
0.00208882
0.00209234
0.00209582
0.00209927
0.00210268
0.00210607
0.00210942
0.00211273
0.00211602
0.00211928
0.00212251
0.0021257
0.00212887
0.00213201
0.00213512
0.0021382
0.00214126
0.00214429
0.00214729
0.00215026
0.00215321
0.00215614
0.00215903
0.00216191
0.00216476
0.00216758
0.00217038
0.00217315
0.0021759
0.00217863
0.00218134
0.00218402
0.00218667
0.00218931
0.00219192
0.00219451
0.00219708
0.00219963
0.00220216
0.00220466
0.00220714
0.00220961
0.00221205
0.00221447
0.00221687
0.00221925
0.00222161
0.00222395
0.00222627
0.00222857
0.00223085
0.00223311
0.00223535
0.00223757
0.00223977
0.00224195
0.00224412
0.00224627
0.00224839
0.0022505
0.00225259
0.00225467
0.00225672
0.00225876
0.00226078
0.00226278
0.00226476
0.00226673
0.00226868
0.00227061
0.00227253
0.00227442
0.0022763
0.00227817
0.00228002
0.00228185
0.00228366
0.00228546
0.00228724
0.00228901
0.00229076
0.00229249
0.00229421
0.00229591
0.0022976
0.00229927
0.00230092
0.00230256
0.00230419
0.0023058
0.00230739
0.00230897
0.00231053
0.00231208
0.00231362
0.00231514
0.00231664
0.00231813
0.00231961
0.00232107
0.00232252
0.00232395
0.00232537
0.00232677
0.00232816
0.00232954
0.0023309
0.00233225
0.00233358
0.00233491
0.00233621
0.00233751
0.00233878
0.00234008
0.00234129
0.00234258
0.00234277
0.00234105
0.00233859
0.00233588
0.00233313
0.00233041
0.00232769
0.00232494
0.00232216
0.00231937
0.00231656
0.00231371
0.00231085
0.00230795
0.00230504
0.00230206
0.00229896
0.00229571
0.00229231
0.00228876
0.00228507
0.00228124
0.00227727
0.00227317
0.00226895
0.00226462
0.00226018
0.00225566
0.00225105
0.00224636
0.00224161
0.00223682
0.00223198
0.00222711
0.00222222
0.00221733
0.00221244
0.00220758
0.00220275
0.00219795
0.00219321
0.00218853
0.00218391
0.00217938
0.00217493
0.00217058
0.00216633
0.00216219
0.00215815
0.00215424
0.00215043
0.00214675
0.00214314
0.00213956
0.00213599
0.0021324
0.00212881
0.00212522
0.00212162
0.00211803
0.00211443
0.00211083
0.00210723
0.00210363
0.00210004
0.00209646
0.00209288
0.00208931
0.00208576
0.00208222
0.0020787
0.00207521
0.00207173
0.00206829
0.00206489
0.00206152
0.0020582
0.00205493
0.00205172
0.00204857
0.0020455
0.00204251
0.00203961
0.00203682
0.00203415
0.00203162
0.00202923
0.00202702
0.00202499
0.00202317
0.00202159
0.00202025
0.00201919
0.0020184
0.00201797
0.00201774
0.00201795
0.00201779
0.002018
0.00201526
0.00201226
0.00201399
0.00210673
0.00225497
0.00241228
0.00259525
0.00278035
0.00296542
0.00314319
0.00331324
0.00347223
0.00361919
0.00375972
0.00389839
0.00402953
0.00415101
0.00427374
0.00440257
0.00452137
0.00463226
0.00481063
0.00504219
0.00510382
0.00502086
0.00501514
0.00501312
0.00497393
0.00493147
0.00487329
0.00475397
0.00462167
0.00459122
0.00463352
0.00464683
0.00459862
0.00450736
0.00442143
0.00435073
0.00427701
0.00419101
0.00409826
0.00400506
0.00391132
0.00381379
0.0037129
0.00361291
0.00351641
0.00342295
0.00333178
0.00324256
0.00315505
0.00306929
0.00298577
0.00290475
0.00282589
0.00274874
0.00267366
0.0026015
0.00253281
0.00246845
0.00240861
0.00235136
0.0022943
0.00223806
0.00218512
0.00213577
0.00208793
0.00204041
0.00199463
0.00195244
0.00191307
0.00187416
0.00183549
0.00179907
0.00176591
0.00173452
0.00170312
0.00167248
0.00164487
0.00162011
0.0015954
0.0015696
0.00154508
0.00152438
0.00150613
0.00148721
0.00146729
0.00144804
0.00143039
0.00141421
0.00139924
0.00138529
0.00137223
0.00135987
0.00134778
0.001336
0.00132533
0.0013163
0.00130798
0.00129895
0.00128961
0.00128169
0.00127539
0.00126908
0.00126162
0.00125347
0.00124546
0.00123771
0.00123016
0.00122267
0.00121554
0.0012085
0.0011998
0.00118753
0.00117355
0.00116094
0.00114897
0.00110114
0.00104956
0.000950269
0.000895728
0.000946677
0.00105187
0.00121375
0.00176172
0.00244976
0.0030941
0.00366841
0.00403131
0.00430063
0.00449337
0.00462428
0.00473701
0.00486652
0.00501618
0.00517607
0.00535028
0.00555249
0.00573967
0.00596087
0.00619505
0.00644022
0.00669443
0.00695717
0.00722731
0.00750724
0.00779685
0.00808657
0.00837502
0.00866973
0.00896911
0.00926442
0.00955579
0.00984293
0.0101272
0.0104114
0.0106917
0.0109649
0.0112311
0.0114887
0.0117419
0.011991
0.012239
0.0124857
0.012727
0.01297
0.0132259
0.0134934
0.013774
0.0140739
0.0143962
0.0147363
0.0150918
0.0154532
0.015801
0.016095
0.0163667
0.0166344
0.0168819
0.0170833
0.0173872
0.0177003
0.0178884
0.0181149
0.0183197
0.0185234
0.0187132
0.0188956
0.0190665
0.019229
0.0193813
0.0195248
0.0196589
0.0197841
0.0199002
0.0200074
0.0201057
0.0201953
0.020276
0.0203481
0.0204115
0.0204662
0.0205117
0.020547
0.0205678
0.0205652
0.0205345
0.0204894
0.0204343
0.0203715
0.020302
0.0202266
0.0201459
0.0200603
0.01997
0.0198754
0.0197766
0.0196737
0.0195671
0.0194566
0.0193429
0.0192252
0.0191044
0.0189798
0.0188521
0.0187206
0.0185859
0.0184474
0.0183057
0.0181601
0.0180114
0.0178587
0.0177028
0.0175428
0.0173799
0.0172132
0.0170436
0.0168704
0.0166946
0.0165157
0.0163346
0.0161509
0.0159655
0.0157781
0.0155896
0.0153998
0.0152093
0.0150184
0.0148274
0.0146366
0.0144465
0.0142571
0.0140689
0.0138821
0.013697
0.0135139
0.0133329
0.0131542
0.012978
0.0128045
0.0126337
0.0124659
0.012301
0.0121392
0.0119804
0.0118248
0.0116723
0.0115229
0.0113767
0.0112334
0.0110933
0.0109558
0.0108216
0.0106893
0.0105608
0.0104341
0.0103148
0.0101931
0.0100818
0.00994655
0.00983039
0.00957938
0.00948514
0.00887358
0.00198427
0.00199427
0.0020051
0.00200907
0.00200916
0.00200748
0.00200433
0.00199975
0.00199407
0.00198779
0.00198138
0.00197521
0.00196949
0.00196426
0.00195949
0.0019551
0.00195105
0.00194729
0.00194373
0.00194033
0.00193702
0.00193376
0.00193049
0.00192717
0.00192379
0.00192035
0.00191687
0.00191336
0.00190987
0.00190641
0.00190303
0.00189975
0.00189661
0.00189364
0.00189086
0.00188831
0.001886
0.00188395
0.00188219
0.00188072
0.00187955
0.00187869
0.00187815
0.00187792
0.00187801
0.00187842
0.00187914
0.00188016
0.00188149
0.0018831
0.001885
0.00188717
0.0018896
0.00189229
0.00189521
0.00189837
0.00190174
0.00190531
0.00190908
0.00191303
0.00191715
0.00192143
0.00192586
0.00193042
0.00193511
0.00193992
0.00194483
0.00194984
0.00195494
0.00196011
0.00196535
0.00197065
0.00197601
0.00198141
0.00198685
0.00199232
0.00199781
0.00200333
0.00200885
0.00201438
0.00201991
0.00202544
0.00203096
0.00203646
0.00204195
0.00204742
0.00205287
0.00205829
0.00206368
0.00206904
0.00207436
0.00207965
0.0020849
0.00209011
0.00209528
0.00210041
0.0021055
0.00211055
0.00211555
0.0021205
0.00212541
0.00213028
0.0021351
0.00213988
0.00214461
0.0021493
0.00215394
0.00215854
0.00216309
0.0021676
0.00217207
0.0021765
0.00218088
0.00218522
0.00218953
0.00219379
0.00219801
0.00220219
0.00220633
0.00221043
0.0022145
0.00221853
0.00222252
0.00222648
0.0022304
0.00223429
0.00223814
0.00224196
0.00224574
0.00224949
0.00225321
0.0022569
0.00226055
0.00226418
0.00226777
0.00227133
0.00227487
0.00227837
0.00228185
0.00228529
0.00228871
0.0022921
0.00229546
0.0022988
0.00230211
0.00230539
0.00230864
0.00231187
0.00231507
0.00231825
0.0023214
0.00232453
0.00232763
0.0023307
0.00233376
0.00233678
0.00233979
0.00234277
0.00234572
0.00234866
0.00235157
0.00235445
0.00235732
0.00236016
0.00236298
0.00236577
0.00236854
0.0023713
0.00237403
0.00237673
0.00237942
0.00238209
0.00238473
0.00238735
0.00238995
0.00239253
0.00239509
0.00239763
0.00240015
0.00240264
0.00240512
0.00240758
0.00241002
0.00241243
0.00241483
0.00241721
0.00241956
0.0024219
0.00242422
0.00242652
0.0024288
0.00243106
0.0024333
0.00243552
0.00243773
0.00243991
0.00244208
0.00244423
0.00244636
0.00244847
0.00245056
0.00245264
0.0024547
0.00245674
0.00245876
0.00246076
0.00246274
0.00246471
0.00246666
0.0024686
0.00247051
0.00247241
0.00247429
0.00247615
0.002478
0.00247983
0.00248164
0.00248343
0.00248521
0.00248697
0.00248872
0.00249044
0.00249215
0.00249385
0.00249552
0.00249718
0.00249883
0.00250046
0.00250207
0.00250366
0.00250524
0.00250681
0.00250835
0.00250989
0.00251139
0.00251293
0.00251436
0.00251587
0.00251619
0.00251448
0.002512
0.0025092
0.00250636
0.00250355
0.00250072
0.00249785
0.00249496
0.00249204
0.00248909
0.00248611
0.0024831
0.00248005
0.00247697
0.00247382
0.00247053
0.00246709
0.00246348
0.00245971
0.00245578
0.0024517
0.00244747
0.00244311
0.0024386
0.00243398
0.00242924
0.0024244
0.00241946
0.00241444
0.00240934
0.00240418
0.00239897
0.00239372
0.00238845
0.00238316
0.00237787
0.0023726
0.00236734
0.00236211
0.00235694
0.00235182
0.00234676
0.00234177
0.00233687
0.00233205
0.00232733
0.00232272
0.0023182
0.00231381
0.00230951
0.00230534
0.00230124
0.00229716
0.00229307
0.00228896
0.00228483
0.00228069
0.00227654
0.00227237
0.00226819
0.002264
0.00225979
0.00225558
0.00225136
0.00224713
0.0022429
0.00223866
0.00223442
0.00223019
0.00222595
0.00222172
0.0022175
0.0022133
0.00220911
0.00220494
0.0022008
0.00219669
0.00219262
0.00218859
0.00218461
0.0021807
0.00217685
0.00217309
0.00216942
0.00216585
0.00216241
0.0021591
0.00215595
0.00215298
0.00215019
0.0021476
0.00214524
0.00214308
0.00214119
0.00213937
0.00213786
0.00213567
0.00213367
0.00212846
0.00212356
0.00212316
0.00221301
0.002357
0.00251245
0.00269518
0.00288223
0.00307161
0.00325573
0.00343362
0.00360147
0.0037582
0.00390907
0.00405805
0.0041995
0.00433184
0.00446591
0.00460621
0.0047371
0.00486364
0.00506099
0.00530078
0.00536904
0.00529139
0.00530406
0.00530974
0.00527789
0.00524164
0.0051894
0.00507506
0.00495089
0.00492109
0.00497051
0.0049938
0.00495322
0.00486691
0.00478471
0.00471767
0.00464736
0.00456406
0.0044733
0.0043816
0.00428892
0.00419187
0.00409087
0.00399036
0.00389317
0.00379883
0.00370657
0.00361601
0.00352685
0.00343912
0.00335333
0.00326976
0.00318802
0.00310762
0.00302893
0.00295292
0.00288024
0.00281184
0.00274799
0.00268655
0.00262483
0.00256349
0.00250536
0.00245086
0.00239764
0.00234433
0.00229256
0.0022445
0.00219933
0.00215437
0.00210933
0.00206656
0.00202731
0.00198989
0.00195221
0.00191518
0.00188148
0.00185095
0.00182033
0.00178827
0.00175754
0.00173114
0.00170756
0.00168313
0.0016574
0.00163233
0.00160905
0.00158744
0.0015672
0.00154812
0.00153006
0.00151277
0.00149579
0.00147915
0.0014638
0.00145036
0.00143777
0.00142439
0.00141064
0.00139853
0.00138831
0.00137813
0.00136666
0.00135442
0.00134234
0.00133057
0.00131907
0.00130766
0.00129668
0.00128581
0.00127315
0.00125662
0.00123829
0.00122117
0.00120556
0.00114992
0.00109977
0.00100489
0.000931373
0.00097465
0.00107005
0.00121223
0.00162768
0.00232408
0.00302284
0.00365217
0.00409035
0.0044176
0.00465465
0.00482361
0.00496239
0.00510907
0.00527143
0.00544393
0.00563726
0.005842
0.00603881
0.00627161
0.00651728
0.00677451
0.00704115
0.00731646
0.007599
0.00789073
0.00819228
0.00849462
0.0087953
0.00910116
0.00941157
0.00971813
0.0100204
0.0103179
0.0106117
0.0109048
0.0111941
0.0114763
0.0117514
0.0120176
0.0122793
0.0125369
0.0127937
0.0130499
0.0133018
0.0135561
0.0138241
0.0141049
0.0144
0.0147148
0.0150521
0.015407
0.0157759
0.0161487
0.0165063
0.0168107
0.0170928
0.0173706
0.0176311
0.0178505
0.0181663
0.0184831
0.0186853
0.0189234
0.0191391
0.0193537
0.0195543
0.0197474
0.0199289
0.0201017
0.0202641
0.0204177
0.0205615
0.0206962
0.0208215
0.0209378
0.0210448
0.0211428
0.0212316
0.0213114
0.0213821
0.0214437
0.0214955
0.0215362
0.0215618
0.0215648
0.0215426
0.0215067
0.0214605
0.0214062
0.0213449
0.0212775
0.0212043
0.021126
0.0210427
0.0209547
0.0208623
0.0207656
0.020665
0.0205602
0.0204519
0.0203394
0.0202236
0.0201038
0.0199806
0.0198535
0.0197229
0.0195883
0.0194503
0.019308
0.0191625
0.0190125
0.0188591
0.0187013
0.0185402
0.0183747
0.0182061
0.0180333
0.0178575
0.0176779
0.0174956
0.0173101
0.0171223
0.0169319
0.0167397
0.0165456
0.0163503
0.0161538
0.0159567
0.0157592
0.0155618
0.0153647
0.0151684
0.014973
0.0147789
0.0145864
0.0143958
0.0142072
0.0140209
0.0138372
0.013656
0.0134778
0.0133024
0.01313
0.0129608
0.0127947
0.0126319
0.0124722
0.0123158
0.0121625
0.0120125
0.0118653
0.0117215
0.0115796
0.0114418
0.0113058
0.0111775
0.0110463
0.0109254
0.0107792
0.0106485
0.0103928
0.0102705
0.00963439
0.0020884
0.0020933
0.00209972
0.00210291
0.00210441
0.00210534
0.00210543
0.00210435
0.00210213
0.00209903
0.00209539
0.00209152
0.00208768
0.002084
0.00208056
0.00207739
0.00207448
0.00207183
0.00206945
0.00206728
0.00206529
0.00206341
0.00206158
0.00205973
0.00205782
0.00205584
0.00205376
0.00205159
0.00204935
0.00204704
0.00204468
0.00204231
0.00203994
0.00203761
0.00203533
0.00203314
0.00203106
0.00202911
0.00202732
0.0020257
0.00202428
0.00202306
0.00202207
0.00202131
0.0020208
0.00202053
0.00202052
0.00202077
0.00202128
0.00202205
0.00202308
0.00202437
0.00202591
0.00202769
0.00202972
0.00203198
0.00203447
0.00203718
0.00204011
0.00204324
0.00204656
0.00205007
0.00205376
0.00205761
0.00206163
0.00206579
0.0020701
0.00207453
0.00207909
0.00208377
0.00208855
0.00209342
0.00209839
0.00210344
0.00210856
0.00211375
0.00211899
0.00212429
0.00212964
0.00213502
0.00214044
0.00214589
0.00215135
0.00215684
0.00216233
0.00216784
0.00217334
0.00217885
0.00218435
0.00218984
0.00219531
0.00220077
0.00220622
0.00221164
0.00221704
0.00222242
0.00222777
0.00223309
0.00223838
0.00224364
0.00224887
0.00225406
0.00225922
0.00226434
0.00226943
0.00227448
0.00227949
0.00228447
0.00228941
0.00229431
0.00229917
0.002304
0.00230879
0.00231354
0.00231825
0.00232293
0.00232757
0.00233217
0.00233674
0.00234127
0.00234576
0.00235022
0.00235464
0.00235903
0.00236338
0.0023677
0.00237199
0.00237624
0.00238046
0.00238464
0.00238879
0.00239292
0.002397
0.00240106
0.00240509
0.00240909
0.00241305
0.00241699
0.00242089
0.00242477
0.00242862
0.00243244
0.00243623
0.00243999
0.00244372
0.00244743
0.00245111
0.00245476
0.00245839
0.00246199
0.00246556
0.0024691
0.00247262
0.00247612
0.00247958
0.00248303
0.00248644
0.00248984
0.0024932
0.00249655
0.00249987
0.00250316
0.00250643
0.00250968
0.0025129
0.0025161
0.00251927
0.00252242
0.00252555
0.00252865
0.00253174
0.00253479
0.00253783
0.00254084
0.00254384
0.0025468
0.00254975
0.00255267
0.00255557
0.00255845
0.00256131
0.00256415
0.00256696
0.00256976
0.00257253
0.00257528
0.00257801
0.00258071
0.0025834
0.00258606
0.00258871
0.00259133
0.00259394
0.00259652
0.00259908
0.00260162
0.00260414
0.00260664
0.00260912
0.00261158
0.00261402
0.00261644
0.00261884
0.00262122
0.00262358
0.00262592
0.00262824
0.00263054
0.00263282
0.00263508
0.00263733
0.00263955
0.00264175
0.00264394
0.0026461
0.00264825
0.00265037
0.00265248
0.00265457
0.00265663
0.00265868
0.00266071
0.00266273
0.00266472
0.00266669
0.00266865
0.00267058
0.0026725
0.0026744
0.00267628
0.00267814
0.00267998
0.0026818
0.00268362
0.00268538
0.0026872
0.00268888
0.00269068
0.00269115
0.00268951
0.00268709
0.00268428
0.00268141
0.00267856
0.00267569
0.00267278
0.00266983
0.00266685
0.00266383
0.00266076
0.00265766
0.00265452
0.00265134
0.00264807
0.00264466
0.00264107
0.00263731
0.00263338
0.00262928
0.00262501
0.00262058
0.00261599
0.00261126
0.0026064
0.00260141
0.00259631
0.00259109
0.00258578
0.00258039
0.00257492
0.00256939
0.00256381
0.00255819
0.00255255
0.0025469
0.00254126
0.00253562
0.00253
0.00252443
0.00251891
0.00251343
0.00250803
0.0025027
0.00249745
0.00249228
0.00248723
0.00248225
0.00247741
0.00247264
0.002468
0.00246342
0.00245885
0.00245425
0.00244963
0.00244498
0.00244031
0.0024356
0.00243087
0.00242612
0.00242134
0.00241653
0.00241171
0.00240686
0.00240198
0.00239709
0.00239218
0.00238725
0.00238231
0.00237735
0.00237238
0.00236741
0.00236242
0.00235744
0.00235245
0.00234747
0.0023425
0.00233755
0.00233261
0.00232771
0.00232284
0.00231801
0.00231324
0.00230853
0.0023039
0.00229935
0.00229492
0.0022906
0.00228641
0.00228237
0.00227847
0.00227473
0.0022711
0.00226766
0.00226412
0.00226069
0.00225628
0.00225202
0.00224436
0.00223764
0.00223517
0.00232205
0.00246163
0.00261483
0.00279661
0.00298469
0.00317726
0.00336657
0.00355119
0.00372695
0.00389265
0.00405316
0.00421182
0.00436307
0.00450592
0.00465096
0.00480235
0.00494528
0.00508817
0.00530171
0.00554467
0.00562227
0.00556163
0.00558513
0.00559668
0.00557151
0.00554125
0.00549481
0.00537934
0.00526393
0.00524394
0.00529868
0.00533185
0.00529931
0.00521903
0.00514156
0.00507882
0.00501251
0.00493267
0.00484478
0.00475543
0.00466467
0.00456902
0.00446891
0.00436891
0.00427204
0.00417787
0.0040856
0.0039948
0.00390515
0.00381665
0.0037298
0.00364491
0.00356154
0.00347914
0.00339812
0.00331954
0.00324413
0.00317295
0.00310631
0.00304188
0.00297669
0.00291145
0.00284928
0.00279071
0.00273315
0.00267505
0.00261823
0.00256516
0.00251501
0.00246473
0.002414
0.00236549
0.00232068
0.00227768
0.00223414
0.00219105
0.00215151
0.0021154
0.00207902
0.00204076
0.0020038
0.00197167
0.00194269
0.00191259
0.00188081
0.00184961
0.00182035
0.00179291
0.00176698
0.00174232
0.00171875
0.001696
0.00167353
0.00165139
0.00163069
0.00161218
0.00159463
0.00157614
0.00155719
0.00154009
0.00152514
0.00151024
0.00149385
0.00147653
0.00145934
0.00144246
0.00142587
0.00140937
0.00139332
0.00137733
0.00135928
0.00133687
0.00131246
0.00128906
0.00126743
0.00120418
0.0011497
0.00106083
0.000970199
0.00100477
0.0010839
0.00121299
0.00148392
0.00217827
0.00291638
0.00359222
0.00410831
0.0044998
0.00478652
0.00499833
0.00516877
0.00533667
0.00551463
0.00570218
0.00589064
0.00611958
0.00633168
0.00657616
0.00683376
0.00710329
0.00738257
0.00767062
0.00796573
0.00826942
0.0085829
0.00889779
0.00921075
0.00952783
0.00984919
0.0101669
0.01048
0.0107877
0.0110911
0.0113932
0.0116913
0.0119823
0.012266
0.0125409
0.012811
0.0130771
0.0133426
0.0136081
0.0138704
0.0141359
0.0144157
0.0147094
0.0150184
0.0153474
0.0156986
0.016067
0.0164479
0.0168303
0.0171962
0.0175098
0.0178013
0.0180881
0.0183605
0.0185965
0.0189214
0.0192412
0.0194564
0.0197045
0.0199297
0.0201539
0.0203639
0.0205664
0.0207572
0.0209391
0.0211105
0.0212729
0.0214254
0.0215687
0.0217023
0.0218268
0.0219417
0.0220475
0.0221438
0.0222309
0.0223084
0.0223764
0.0224342
0.0224803
0.0225108
0.0225197
0.0225064
0.0224799
0.0224429
0.0223977
0.0223451
0.0222861
0.0222211
0.0221507
0.022075
0.0219944
0.0219092
0.0218193
0.0217253
0.0216269
0.0215247
0.0214181
0.021308
0.0211936
0.0210756
0.0209534
0.0208276
0.0206975
0.0205638
0.0204255
0.0202838
0.0201373
0.0199872
0.0198322
0.0196737
0.0195105
0.0193437
0.0191723
0.0189975
0.0188184
0.0186361
0.0184501
0.0182612
0.0180691
0.0178747
0.0176777
0.017479
0.0172784
0.0170768
0.0168741
0.016671
0.0164676
0.0162645
0.016062
0.0158602
0.0156598
0.0154608
0.0152636
0.0150684
0.0148755
0.0146851
0.0144974
0.0143125
0.0141305
0.0139516
0.0137759
0.0136033
0.0134341
0.0132682
0.0131054
0.012946
0.0127895
0.0126365
0.0124855
0.0123388
0.0121938
0.0120566
0.0119161
0.0117853
0.0116284
0.0114828
0.0112308
0.01107
0.0104218
0.00221663
0.00221274
0.00221072
0.00220967
0.00220936
0.00220998
0.00221083
0.00221121
0.00221089
0.00220985
0.00220824
0.00220623
0.00220402
0.00220174
0.0021995
0.00219736
0.00219539
0.00219365
0.00219215
0.00219091
0.00218992
0.00218911
0.00218843
0.00218781
0.00218719
0.00218654
0.00218581
0.00218499
0.00218406
0.00218304
0.00218192
0.00218071
0.00217943
0.0021781
0.00217672
0.00217533
0.00217394
0.00217257
0.00217124
0.00216998
0.0021688
0.00216771
0.00216675
0.00216592
0.00216524
0.00216472
0.00216438
0.00216422
0.00216425
0.00216448
0.00216491
0.00216555
0.00216641
0.00216747
0.00216876
0.00217025
0.00217196
0.00217387
0.002176
0.00217832
0.00218085
0.00218356
0.00218646
0.00218955
0.00219281
0.00219624
0.00219983
0.00220357
0.00220746
0.0022115
0.00221567
0.00221996
0.00222437
0.0022289
0.00223353
0.00223826
0.00224308
0.00224798
0.00225296
0.00225801
0.00226313
0.00226831
0.00227354
0.00227882
0.00228414
0.00228949
0.00229488
0.0023003
0.00230573
0.00231119
0.00231666
0.00232213
0.00232762
0.0023331
0.00233859
0.00234407
0.00234955
0.00235502
0.00236047
0.00236591
0.00237134
0.00237675
0.00238213
0.0023875
0.00239285
0.00239817
0.00240347
0.00240874
0.00241398
0.0024192
0.00242439
0.00242954
0.00243467
0.00243977
0.00244484
0.00244988
0.00245489
0.00245987
0.00246482
0.00246973
0.00247461
0.00247947
0.00248429
0.00248908
0.00249383
0.00249856
0.00250326
0.00250792
0.00251255
0.00251716
0.00252173
0.00252627
0.00253078
0.00253527
0.00253972
0.00254414
0.00254853
0.0025529
0.00255723
0.00256154
0.00256582
0.00257007
0.00257429
0.00257848
0.00258265
0.00258679
0.0025909
0.00259498
0.00259904
0.00260306
0.00260707
0.00261104
0.00261499
0.00261892
0.00262282
0.00262669
0.00263053
0.00263435
0.00263815
0.00264192
0.00264566
0.00264939
0.00265308
0.00265675
0.0026604
0.00266402
0.00266761
0.00267119
0.00267474
0.00267826
0.00268176
0.00268524
0.00268869
0.00269212
0.00269552
0.00269891
0.00270227
0.0027056
0.00270891
0.0027122
0.00271547
0.00271871
0.00272193
0.00272513
0.0027283
0.00273146
0.00273459
0.00273769
0.00274078
0.00274384
0.00274688
0.0027499
0.00275289
0.00275587
0.00275882
0.00276175
0.00276465
0.00276754
0.0027704
0.00277325
0.00277607
0.00277886
0.00278164
0.0027844
0.00278713
0.00278984
0.00279253
0.0027952
0.00279785
0.00280048
0.00280308
0.00280567
0.00280823
0.00281077
0.00281329
0.00281579
0.00281827
0.00282072
0.00282316
0.00282557
0.00282797
0.00283034
0.00283269
0.00283502
0.00283733
0.00283962
0.00284188
0.00284413
0.00284635
0.00284856
0.00285074
0.0028529
0.00285504
0.00285717
0.00285925
0.00286138
0.00286336
0.00286547
0.00286616
0.00286464
0.00286238
0.00285963
0.00285681
0.00285401
0.00285119
0.00284831
0.00284539
0.00284242
0.0028394
0.00283634
0.00283323
0.00283006
0.00282685
0.00282355
0.00282008
0.00281643
0.0028126
0.00280858
0.00280437
0.00279999
0.00279543
0.00279071
0.00278583
0.0027808
0.00277563
0.00277034
0.00276492
0.0027594
0.00275377
0.00274806
0.00274228
0.00273643
0.00273055
0.00272462
0.00271867
0.00271271
0.00270676
0.00270081
0.0026949
0.00268903
0.00268319
0.00267742
0.00267171
0.00266608
0.00266052
0.00265507
0.00264968
0.00264441
0.00263922
0.00263415
0.00262913
0.0026241
0.00261903
0.00261393
0.00260879
0.0026036
0.00259837
0.00259311
0.0025878
0.00258246
0.00257707
0.00257165
0.00256619
0.00256069
0.00255516
0.00254958
0.00254398
0.00253834
0.00253267
0.00252696
0.00252123
0.00251547
0.00250969
0.00250389
0.00249807
0.00249223
0.00248639
0.00248054
0.00247469
0.00246885
0.00246303
0.00245723
0.00245146
0.00244573
0.00244006
0.00243446
0.00242893
0.00242349
0.00241814
0.00241286
0.00240768
0.0024025
0.00239737
0.00239193
0.00238639
0.0023797
0.00237314
0.00236307
0.00235459
0.0023501
0.00243393
0.00256891
0.00271952
0.00289969
0.00308798
0.00328267
0.00347606
0.00366629
0.00384894
0.00402274
0.0041921
0.00435971
0.0045202
0.00467311
0.00482868
0.00499079
0.00514554
0.0053047
0.00553136
0.00577532
0.0058651
0.0058254
0.00585617
0.00587253
0.00585366
0.00582916
0.0057875
0.00566845
0.00556362
0.00555863
0.00561685
0.00565902
0.00563459
0.00556122
0.00548932
0.00543133
0.00536944
0.00529364
0.0052093
0.005123
0.00503484
0.00494135
0.00484296
0.00474437
0.0046487
0.0045556
0.00446425
0.0043742
0.00428508
0.00419689
0.0041101
0.00402502
0.00394119
0.00385801
0.0037759
0.003696
0.00361912
0.0035464
0.00347819
0.003412
0.00334463
0.00327675
0.00321178
0.00315032
0.00308959
0.00302788
0.00296714
0.00291014
0.002856
0.00280141
0.00274593
0.00269256
0.00264299
0.00259518
0.00254648
0.00249798
0.00245319
0.00241204
0.00237038
0.00232635
0.0022835
0.00224593
0.00221181
0.00217626
0.00213855
0.00210126
0.002066
0.00203268
0.00200095
0.00197056
0.00194128
0.00191281
0.00188455
0.00185655
0.00183009
0.00180607
0.00178308
0.00175896
0.00173419
0.00171145
0.00169112
0.0016708
0.00164868
0.00162535
0.00160206
0.00157901
0.0015562
0.00153339
0.00151097
0.00148845
0.00146341
0.00143324
0.00140065
0.00136876
0.00133826
0.00126774
0.00120133
0.00111768
0.00101215
0.00103603
0.00110973
0.0012217
0.00140983
0.00200667
0.002778
0.00348783
0.00408155
0.00454254
0.00488449
0.00514413
0.00535263
0.00554617
0.00574331
0.00594704
0.00614025
0.00637784
0.00661834
0.00687357
0.00714348
0.00742565
0.0077178
0.00801876
0.00832663
0.00864243
0.00896783
0.00929516
0.00962042
0.00994876
0.010281
0.0106096
0.0109334
0.0112513
0.0115643
0.0118751
0.0121819
0.0124815
0.0127738
0.0130571
0.0133355
0.01361
0.013884
0.0141586
0.0144312
0.0147077
0.0149989
0.0153049
0.0156272
0.0159694
0.0163334
0.0167138
0.0171051
0.0174955
0.0178682
0.0181898
0.0184897
0.0187845
0.0190677
0.0193185
0.01965
0.019972
0.0201988
0.0204553
0.0206886
0.0209208
0.0211389
0.0213492
0.0215479
0.0217375
0.0219167
0.0220866
0.0222465
0.0223971
0.0225379
0.0226694
0.0227914
0.0229039
0.0230069
0.0231004
0.0231842
0.0232581
0.0233213
0.0233724
0.0234078
0.023423
0.0234184
0.0234013
0.0233737
0.0233377
0.0232942
0.0232441
0.0231877
0.0231257
0.0230582
0.0229855
0.022908
0.0228256
0.0227388
0.0226474
0.022552
0.022452
0.0223481
0.0222398
0.0221277
0.0220111
0.0218906
0.0217656
0.0216368
0.0215033
0.0213659
0.0212236
0.0210773
0.020926
0.0207708
0.0206106
0.0204465
0.0202775
0.0201046
0.0199271
0.0197459
0.0195604
0.0193717
0.0191793
0.0189839
0.0187855
0.0185848
0.0183817
0.0181769
0.0179706
0.0177634
0.0175553
0.0173471
0.0171388
0.016931
0.0167241
0.0165182
0.0163138
0.0161111
0.0159104
0.015712
0.015516
0.0153227
0.0151322
0.0149447
0.0147603
0.0145791
0.0144011
0.0142265
0.0140549
0.013887
0.0137218
0.0135603
0.0134008
0.0132456
0.0130921
0.0129462
0.0127966
0.012656
0.0124888
0.0123289
0.0120852
0.0118769
0.0112307
0.00233252
0.00233175
0.00233075
0.00232859
0.00232647
0.00232543
0.00232516
0.00232506
0.0023248
0.00232424
0.00232336
0.0023222
0.00232084
0.00231936
0.00231784
0.00231634
0.00231493
0.0023137
0.00231269
0.00231197
0.00231153
0.00231136
0.00231141
0.00231162
0.00231192
0.00231226
0.0023126
0.00231289
0.00231311
0.00231325
0.0023133
0.00231326
0.00231312
0.0023129
0.00231259
0.00231222
0.00231178
0.00231129
0.00231077
0.00231023
0.00230968
0.00230915
0.00230865
0.00230818
0.00230778
0.00230744
0.0023072
0.00230705
0.00230701
0.0023071
0.00230731
0.00230767
0.00230817
0.00230884
0.00230966
0.00231065
0.00231181
0.00231314
0.00231465
0.00231633
0.00231819
0.00232022
0.00232243
0.00232481
0.00232736
0.00233007
0.00233295
0.00233599
0.00233919
0.00234254
0.00234603
0.00234966
0.00235344
0.00235734
0.00236137
0.00236552
0.00236978
0.00237415
0.00237862
0.0023832
0.00238786
0.00239261
0.00239744
0.00240235
0.00240732
0.00241237
0.00241747
0.00242262
0.00242783
0.00243308
0.00243837
0.00244369
0.00244905
0.00245444
0.00245985
0.00246528
0.00247073
0.00247619
0.00248166
0.00248714
0.00249262
0.00249811
0.0025036
0.00250908
0.00251456
0.00252003
0.00252549
0.00253094
0.00253638
0.00254181
0.00254722
0.00255262
0.002558
0.00256336
0.0025687
0.00257402
0.00257932
0.0025846
0.00258985
0.00259509
0.00260029
0.00260548
0.00261064
0.00261578
0.00262089
0.00262597
0.00263103
0.00263607
0.00264107
0.00264605
0.00265101
0.00265594
0.00266084
0.00266572
0.00267057
0.00267539
0.00268019
0.00268496
0.00268971
0.00269442
0.00269912
0.00270378
0.00270842
0.00271303
0.00271762
0.00272218
0.00272671
0.00273122
0.00273571
0.00274016
0.00274459
0.002749
0.00275338
0.00275773
0.00276206
0.00276637
0.00277065
0.0027749
0.00277913
0.00278333
0.00278751
0.00279167
0.0027958
0.0027999
0.00280398
0.00280804
0.00281207
0.00281608
0.00282006
0.00282402
0.00282795
0.00283186
0.00283575
0.00283961
0.00284345
0.00284727
0.00285106
0.00285482
0.00285857
0.00286228
0.00286598
0.00286965
0.0028733
0.00287693
0.00288053
0.00288411
0.00288766
0.00289119
0.0028947
0.00289819
0.00290165
0.00290509
0.0029085
0.0029119
0.00291527
0.00291861
0.00292194
0.00292524
0.00292851
0.00293177
0.002935
0.00293821
0.00294139
0.00294456
0.0029477
0.00295081
0.00295391
0.00295698
0.00296003
0.00296305
0.00296606
0.00296904
0.002972
0.00297493
0.00297784
0.00298073
0.0029836
0.00298644
0.00298926
0.00299206
0.00299483
0.00299758
0.00300031
0.00300302
0.0030057
0.00300836
0.003011
0.00301361
0.0030162
0.00301877
0.00302132
0.00302384
0.00302633
0.00302882
0.00303125
0.00303375
0.00303605
0.00303853
0.00303949
0.00303818
0.00303618
0.00303359
0.00303092
0.00302826
0.00302558
0.00302283
0.00302003
0.00301717
0.00301426
0.00301128
0.00300826
0.00300516
0.00300202
0.00299877
0.00299534
0.00299173
0.00298791
0.0029839
0.00297969
0.00297529
0.0029707
0.00296593
0.00296099
0.00295589
0.00295064
0.00294525
0.00293973
0.00293408
0.00292832
0.00292246
0.00291651
0.0029105
0.00290442
0.00289829
0.00289213
0.00288595
0.00287976
0.00287356
0.00286739
0.00286124
0.00285512
0.00284906
0.00284304
0.00283709
0.00283121
0.00282542
0.00281968
0.00281406
0.0028085
0.00280305
0.00279764
0.00279221
0.00278673
0.0027812
0.00277561
0.00276996
0.00276426
0.00275851
0.0027527
0.00274683
0.0027409
0.00273493
0.00272889
0.0027228
0.00271666
0.00271046
0.0027042
0.0026979
0.00269154
0.00268513
0.00267867
0.00267215
0.0026656
0.00265899
0.00265235
0.00264566
0.00263894
0.00263219
0.0026254
0.0026186
0.00261178
0.00260494
0.00259811
0.00259128
0.00258446
0.00257768
0.00257091
0.00256418
0.00255747
0.00255077
0.00254405
0.00253721
0.00253022
0.0025227
0.00251498
0.00250598
0.00249711
0.00248467
0.00247451
0.00246803
0.00254869
0.00267886
0.00282652
0.00300446
0.0031922
0.00338801
0.00358439
0.00377913
0.00396762
0.00414858
0.00432591
0.0045017
0.00467076
0.00483323
0.00499883
0.00517127
0.00533753
0.00551216
0.00574943
0.00599363
0.0060987
0.00608075
0.00611507
0.006136
0.00612341
0.00610441
0.00606623
0.00594513
0.00585313
0.00586021
0.00592431
0.00597374
0.00595715
0.00589136
0.0058257
0.00577279
0.00571554
0.00564419
0.00556391
0.00548117
0.00539611
0.00530535
0.00520938
0.00511289
0.00501914
0.00492783
0.00483817
0.00474968
0.00466197
0.004575
0.00448924
0.00440497
0.00432172
0.00423885
0.00415678
0.00407674
0.00399957
0.00392651
0.00385789
0.00379111
0.00372279
0.00365357
0.00358705
0.00352391
0.00346123
0.00339716
0.00333375
0.00327398
0.00321699
0.00315921
0.00310012
0.00304296
0.00298964
0.00293798
0.0028851
0.00283212
0.00278293
0.00273751
0.00269134
0.00264227
0.00259423
0.00255183
0.00251312
0.00247264
0.00242948
0.00238651
0.0023456
0.00230669
0.00226943
0.0022335
0.00219867
0.00216459
0.00213057
0.00209669
0.00206441
0.00203476
0.0020062
0.00197621
0.00194533
0.00191661
0.00189051
0.00186431
0.00183589
0.00180588
0.00177571
0.00174561
0.00171559
0.00168537
0.00165534
0.00162488
0.00159119
0.00155127
0.00150819
0.00146526
0.00142296
0.00134321
0.00125747
0.00117546
0.00105824
0.00105998
0.00113678
0.00123927
0.00138769
0.00181521
0.00261077
0.00333998
0.00400762
0.00454143
0.00494375
0.00525628
0.00550873
0.00573374
0.00595427
0.00617644
0.00639843
0.00663609
0.00689592
0.00716234
0.00744503
0.00774021
0.00804551
0.00835959
0.0086804
0.00900849
0.0093458
0.00968547
0.010023
0.0103626
0.0107056
0.0110449
0.0113793
0.0117073
0.0120297
0.0123493
0.0126646
0.0129725
0.0132731
0.0135648
0.0138513
0.0141341
0.0144165
0.0147
0.0149825
0.0152697
0.015572
0.0158897
0.0162244
0.0165787
0.0169543
0.0173452
0.0177451
0.0181419
0.0185198
0.0188484
0.0191558
0.0194576
0.0197503
0.0200141
0.0203498
0.0206731
0.02091
0.0211731
0.0214132
0.0216516
0.0218762
0.0220929
0.0222979
0.0224937
0.022679
0.022855
0.0230209
0.0231774
0.0233241
0.0234614
0.023589
0.0237072
0.0238158
0.0239147
0.0240038
0.0240828
0.0241508
0.0242064
0.0242464
0.0242676
0.0242716
0.0242636
0.0242452
0.0242185
0.0241841
0.024143
0.0240955
0.0240421
0.0239831
0.0239188
0.0238494
0.023775
0.0236959
0.0236121
0.023524
0.0234311
0.0233341
0.0232325
0.0231268
0.0230164
0.0229019
0.0227827
0.0226594
0.0225311
0.0223988
0.0222613
0.0221196
0.0219726
0.0218215
0.021665
0.0215044
0.0213385
0.0211685
0.0209934
0.0208143
0.0206306
0.0204432
0.0202516
0.0200566
0.0198581
0.0196568
0.0194527
0.0192464
0.019038
0.0188281
0.018617
0.0184052
0.018193
0.0179808
0.0177689
0.0175578
0.0173477
0.0171391
0.0169321
0.0167271
0.0165244
0.016324
0.0161264
0.0159315
0.0157396
0.0155508
0.0153652
0.0151829
0.0150037
0.014828
0.0146551
0.0144859
0.0143186
0.0141556
0.0139941
0.01384
0.0136818
0.0135314
0.0133542
0.0131811
0.0129367
0.0126845
0.0120557
0.00245354
0.00245634
0.00245829
0.0024568
0.00245383
0.00245117
0.00244912
0.00244742
0.00244588
0.00244441
0.00244293
0.00244144
0.00243993
0.00243842
0.00243691
0.00243545
0.00243407
0.00243286
0.00243187
0.00243117
0.0024308
0.00243077
0.00243105
0.0024316
0.00243235
0.00243323
0.0024342
0.00243521
0.00243623
0.00243722
0.00243817
0.00243906
0.00243989
0.00244065
0.00244133
0.00244194
0.00244248
0.00244295
0.00244336
0.0024437
0.002444
0.00244426
0.00244449
0.0024447
0.0024449
0.0024451
0.00244532
0.00244557
0.00244585
0.00244618
0.00244657
0.00244703
0.00244757
0.0024482
0.00244892
0.00244976
0.0024507
0.00245176
0.00245295
0.00245427
0.00245572
0.0024573
0.00245903
0.0024609
0.00246291
0.00246507
0.00246737
0.00246982
0.00247241
0.00247514
0.00247802
0.00248103
0.00248418
0.00248746
0.00249088
0.00249442
0.00249809
0.00250187
0.00250578
0.00250979
0.00251391
0.00251814
0.00252247
0.00252689
0.0025314
0.002536
0.00254068
0.00254544
0.00255028
0.00255518
0.00256014
0.00256517
0.00257025
0.00257538
0.00258056
0.00258579
0.00259105
0.00259636
0.00260169
0.00260706
0.00261245
0.00261787
0.00262331
0.00262876
0.00263423
0.00263972
0.00264521
0.00265071
0.00265622
0.00266173
0.00266724
0.00267276
0.00267827
0.00268377
0.00268928
0.00269477
0.00270026
0.00270574
0.00271121
0.00271666
0.00272211
0.00272754
0.00273296
0.00273836
0.00274375
0.00274912
0.00275447
0.00275981
0.00276512
0.00277042
0.0027757
0.00278096
0.0027862
0.00279142
0.00279662
0.00280179
0.00280695
0.00281208
0.0028172
0.00282229
0.00282736
0.0028324
0.00283743
0.00284243
0.00284741
0.00285237
0.0028573
0.00286221
0.0028671
0.00287196
0.0028768
0.00288162
0.00288642
0.00289119
0.00289593
0.00290066
0.00290536
0.00291004
0.00291469
0.00291932
0.00292393
0.00292852
0.00293308
0.00293762
0.00294213
0.00294662
0.00295109
0.00295553
0.00295995
0.00296435
0.00296872
0.00297307
0.0029774
0.0029817
0.00298598
0.00299023
0.00299447
0.00299867
0.00300286
0.00300702
0.00301116
0.00301528
0.00301937
0.00302343
0.00302748
0.0030315
0.0030355
0.00303947
0.00304342
0.00304735
0.00305125
0.00305513
0.00305899
0.00306282
0.00306663
0.00307042
0.00307418
0.00307792
0.00308164
0.00308533
0.003089
0.00309264
0.00309626
0.00309986
0.00310344
0.00310699
0.00311051
0.00311402
0.0031175
0.00312095
0.00312438
0.00312779
0.00313118
0.00313454
0.00313787
0.00314118
0.00314447
0.00314774
0.00315098
0.00315419
0.00315738
0.00316055
0.0031637
0.00316681
0.00316991
0.00317298
0.00317602
0.00317905
0.00318204
0.00318501
0.00318796
0.00319089
0.00319378
0.00319667
0.00319949
0.00320239
0.00320506
0.00320795
0.00320923
0.00320823
0.0032066
0.00320428
0.00320186
0.00319947
0.00319704
0.00319453
0.00319196
0.00318932
0.00318662
0.00318385
0.00318101
0.0031781
0.00317514
0.00317205
0.00316877
0.0031653
0.00316162
0.00315773
0.00315363
0.00314932
0.00314482
0.00314012
0.00313524
0.00313019
0.00312497
0.0031196
0.00311408
0.00310843
0.00310265
0.00309675
0.00309076
0.00308467
0.00307852
0.0030723
0.00306603
0.00305973
0.00305341
0.00304707
0.00304074
0.00303442
0.00302811
0.00302185
0.00301562
0.00300945
0.00300333
0.00299729
0.00299129
0.0029854
0.00297955
0.00297381
0.00296808
0.00296233
0.00295651
0.00295062
0.00294466
0.00293863
0.00293252
0.00292634
0.00292009
0.00291376
0.00290736
0.00290089
0.00289434
0.00288772
0.00288103
0.00287425
0.00286741
0.00286049
0.00285349
0.00284642
0.00283927
0.00283205
0.00282476
0.0028174
0.00280996
0.00280246
0.00279489
0.00278726
0.00277957
0.00277182
0.00276402
0.00275617
0.00274829
0.00274036
0.0027324
0.00272442
0.00271641
0.00270836
0.00270026
0.00269207
0.00268372
0.00267506
0.00266606
0.0026564
0.00264647
0.00263517
0.002624
0.00260924
0.00259742
0.00258898
0.00266634
0.00279153
0.00293584
0.00311092
0.00329737
0.00349336
0.00369167
0.0038898
0.00408309
0.0042702
0.00445457
0.00463767
0.00481463
0.00498605
0.00516112
0.0053435
0.00552074
0.00570972
0.00595587
0.00620678
0.00632308
0.00632296
0.00635995
0.00638616
0.00638006
0.00636625
0.00633085
0.00621496
0.00613019
0.00615167
0.00621982
0.00627473
0.00626549
0.00620776
0.00614883
0.00610117
0.00604866
0.00598197
0.0059061
0.00582726
0.00574563
0.00565802
0.00556495
0.00547112
0.00537981
0.00529084
0.00520345
0.00511714
0.00503151
0.0049465
0.00486255
0.00477992
0.00469811
0.00461648
0.00453546
0.00445629
0.0043799
0.00430754
0.00423954
0.00417325
0.00410513
0.00403579
0.00396891
0.00390527
0.00384183
0.00377665
0.00371182
0.00365049
0.00359181
0.00353202
0.00347055
0.0034108
0.00335483
0.00330042
0.00324445
0.00318811
0.00313554
0.00308683
0.00303709
0.00298397
0.0029317
0.00288531
0.0028428
0.00279819
0.00275036
0.00270243
0.00265654
0.00261268
0.00257046
0.00252955
0.00248966
0.00245042
0.00241106
0.00237166
0.00233387
0.00229886
0.00226491
0.00222921
0.00219232
0.00215765
0.00212576
0.00209357
0.00205864
0.00202164
0.00198415
0.00194646
0.00190856
0.00187011
0.00183149
0.00179189
0.00174805
0.00169645
0.0016406
0.00158389
0.00152706
0.00143142
0.00132202
0.00123487
0.00110946
0.00108465
0.00115657
0.00125495
0.00138439
0.00166024
0.00240907
0.00315116
0.00388548
0.00449302
0.00495971
0.00532959
0.00563184
0.00589462
0.0061435
0.00638836
0.00663544
0.00688718
0.00716003
0.00744036
0.00773651
0.0080452
0.008364
0.00869145
0.00902541
0.00936598
0.00971525
0.0100671
0.0104169
0.0107679
0.0111214
0.0114714
0.0118161
0.0121541
0.0124859
0.0128141
0.0131377
0.0134539
0.0137626
0.0140624
0.0143571
0.014648
0.0149386
0.0152308
0.015523
0.0158206
0.0161334
0.0164621
0.0168082
0.0171736
0.0175593
0.0179589
0.0183657
0.0187673
0.019149
0.0194836
0.0197974
0.0201053
0.0204061
0.0206809
0.0210185
0.0213421
0.0215875
0.0218556
0.0221008
0.022344
0.0225733
0.0227946
0.0230043
0.0232047
0.0233944
0.0235748
0.023745
0.0239058
0.0240568
0.0241984
0.0243303
0.0244528
0.0245656
0.0246687
0.0247619
0.0248449
0.0249167
0.024976
0.0250201
0.0250471
0.0250589
0.0250595
0.02505
0.0250321
0.0250066
0.0249743
0.0249356
0.024891
0.0248406
0.0247848
0.0247238
0.0246577
0.0245867
0.0245108
0.0244305
0.0243452
0.0242556
0.0241612
0.0240625
0.0239589
0.023851
0.0237381
0.0236209
0.0234985
0.0233719
0.0232398
0.0231033
0.0229613
0.0228149
0.0226629
0.0225066
0.0223447
0.0221783
0.0220067
0.0218307
0.0216497
0.0214647
0.0212751
0.0210818
0.0208846
0.0206841
0.0204804
0.020274
0.0200651
0.0198543
0.0196418
0.0194282
0.0192136
0.0189987
0.0187837
0.018569
0.018355
0.0181421
0.0179305
0.0177206
0.0175127
0.0173069
0.0171036
0.0169028
0.0167049
0.0165099
0.016318
0.0161292
0.0159435
0.0157612
0.0155817
0.0154057
0.0152316
0.0150616
0.014893
0.0147312
0.014565
0.014405
0.0142184
0.014032
0.013774
0.0134879
0.0128921
0.00260078
0.00259773
0.00259508
0.00259161
0.00258722
0.00258295
0.00257908
0.00257549
0.00257215
0.00256906
0.0025662
0.00256355
0.00256109
0.00255879
0.00255665
0.00255464
0.00255278
0.00255111
0.00254968
0.00254857
0.00254781
0.00254745
0.00254748
0.00254787
0.00254858
0.00254953
0.00255068
0.00255196
0.00255334
0.00255477
0.00255623
0.0025577
0.00255916
0.00256061
0.00256202
0.0025634
0.00256473
0.00256602
0.00256725
0.00256844
0.00256957
0.00257065
0.00257169
0.00257268
0.00257363
0.00257456
0.00257545
0.00257633
0.0025772
0.00257806
0.00257893
0.00257982
0.00258072
0.00258166
0.00258264
0.00258366
0.00258474
0.00258588
0.00258708
0.00258837
0.00258974
0.00259119
0.00259274
0.00259439
0.00259614
0.00259799
0.00259996
0.00260203
0.00260423
0.00260653
0.00260896
0.00261151
0.00261417
0.00261695
0.00261986
0.00262288
0.00262602
0.00262927
0.00263264
0.00263612
0.00263971
0.00264341
0.00264722
0.00265113
0.00265514
0.00265925
0.00266345
0.00266774
0.00267213
0.00267659
0.00268114
0.00268576
0.00269046
0.00269523
0.00270006
0.00270496
0.00270992
0.00271494
0.00272001
0.00272513
0.0027303
0.00273551
0.00274076
0.00274605
0.00275138
0.00275674
0.00276213
0.00276754
0.00277298
0.00277844
0.00278392
0.00278942
0.00279494
0.00280047
0.00280601
0.00281156
0.00281711
0.00282268
0.00282824
0.00283381
0.00283939
0.00284496
0.00285053
0.0028561
0.00286166
0.00286722
0.00287277
0.00287832
0.00288386
0.00288939
0.00289491
0.00290042
0.00290592
0.00291141
0.00291688
0.00292234
0.00292779
0.00293323
0.00293864
0.00294405
0.00294944
0.00295481
0.00296017
0.00296551
0.00297083
0.00297614
0.00298142
0.00298669
0.00299194
0.00299718
0.00300239
0.00300759
0.00301276
0.00301792
0.00302305
0.00302817
0.00303327
0.00303834
0.0030434
0.00304843
0.00305345
0.00305844
0.00306342
0.00306837
0.0030733
0.00307821
0.0030831
0.00308797
0.00309282
0.00309764
0.00310244
0.00310723
0.00311198
0.00311672
0.00312144
0.00312613
0.0031308
0.00313545
0.00314008
0.00314469
0.00314927
0.00315383
0.00315837
0.00316288
0.00316738
0.00317185
0.00317629
0.00318072
0.00318512
0.0031895
0.00319385
0.00319819
0.0032025
0.00320678
0.00321105
0.00321529
0.0032195
0.0032237
0.00322787
0.00323202
0.00323614
0.00324024
0.00324432
0.00324837
0.0032524
0.0032564
0.00326038
0.00326434
0.00326828
0.00327219
0.00327607
0.00327993
0.00328377
0.00328758
0.00329137
0.00329513
0.00329887
0.00330259
0.00330628
0.00330994
0.00331358
0.0033172
0.00332079
0.00332435
0.00332789
0.00333141
0.0033349
0.00333836
0.0033418
0.00334521
0.0033486
0.00335196
0.0033553
0.00335862
0.00336188
0.00336522
0.0033683
0.00337165
0.00337332
0.00337271
0.00337158
0.00336965
0.00336761
0.0033656
0.00336354
0.0033614
0.00335918
0.00335689
0.00335452
0.00335208
0.00334957
0.00334697
0.0033443
0.0033415
0.00333851
0.00333531
0.00333189
0.00332825
0.00332439
0.00332032
0.00331603
0.00331154
0.00330686
0.00330199
0.00329695
0.00329173
0.00328636
0.00328083
0.00327516
0.00326937
0.00326346
0.00325745
0.00325135
0.00324518
0.00323894
0.00323265
0.00322632
0.00321996
0.00321359
0.00320722
0.00320086
0.00319451
0.00318819
0.00318191
0.00317567
0.00316949
0.00316334
0.00315728
0.00315126
0.00314532
0.00313938
0.0031334
0.00312734
0.0031212
0.00311496
0.00310863
0.00310222
0.00309571
0.00308911
0.00308241
0.00307563
0.00306875
0.00306177
0.0030547
0.00304754
0.00304027
0.00303291
0.00302545
0.00301789
0.00301023
0.00300247
0.00299461
0.00298666
0.0029786
0.00297044
0.00296218
0.00295382
0.00294537
0.00293682
0.00292817
0.00291944
0.00291061
0.0029017
0.00289271
0.00288363
0.00287447
0.00286521
0.00285583
0.00284629
0.00283653
0.00282642
0.00281581
0.00280478
0.002793
0.00278087
0.00276726
0.00275379
0.00273678
0.00272335
0.00271297
0.00278689
0.00290692
0.00304748
0.00321908
0.0034035
0.00359872
0.00379791
0.00399835
0.00419535
0.00438759
0.004578
0.00476751
0.0049516
0.00513131
0.00531526
0.00550714
0.00569451
0.00589684
0.00615262
0.00642202
0.00653289
0.00654508
0.00659028
0.00662256
0.00662308
0.00661415
0.00658166
0.00647634
0.00640612
0.0064292
0.00650169
0.00656093
0.0065585
0.00650908
0.0064572
0.00641482
0.00636701
0.00630508
0.00623378
0.00615903
0.00608103
0.0059968
0.00590698
0.00581619
0.0057277
0.00564143
0.0055567
0.005473
0.00538993
0.00530741
0.00522585
0.00514548
0.00506579
0.00498615
0.00490697
0.00482954
0.0047548
0.00468403
0.00461754
0.00455262
0.00448571
0.00441734
0.0043512
0.0042881
0.004225
0.00415988
0.00409483
0.00403309
0.00397384
0.00391323
0.00385061
0.00378946
0.003732
0.00367595
0.00361808
0.00355957
0.00350474
0.00345376
0.00340154
0.00334553
0.00329013
0.00324075
0.00319538
0.0031476
0.00309611
0.0030442
0.00299424
0.0029463
0.00289998
0.00285489
0.00281074
0.00276709
0.00272311
0.0026789
0.00263626
0.00259647
0.00255769
0.00251682
0.00247441
0.00243422
0.00239688
0.00235899
0.00231776
0.00227386
0.00222905
0.00218365
0.00213763
0.00209056
0.00204278
0.0019932
0.00193807
0.00187324
0.00180268
0.00172962
0.00165576
0.00153774
0.00140183
0.00129787
0.00116657
0.00111214
0.00118212
0.0012663
0.00138646
0.00159053
0.00217219
0.00292712
0.00371565
0.00439515
0.00492857
0.00535908
0.00571637
0.00602333
0.00630613
0.00657825
0.00684864
0.0071209
0.0074085
0.00770497
0.00801558
0.00833842
0.00867117
0.00901231
0.0093597
0.00971298
0.0100743
0.0104383
0.0108004
0.0111626
0.0115268
0.0118872
0.0122421
0.01259
0.0129311
0.0132679
0.0135997
0.013924
0.0142408
0.0145486
0.0148513
0.0151502
0.015449
0.0157496
0.0160512
0.0163587
0.0166815
0.0170205
0.0173768
0.0177519
0.0181462
0.0185529
0.0189649
0.0193695
0.0197538
0.0200933
0.0204127
0.0207257
0.0210331
0.0213168
0.0216543
0.0219772
0.0222292
0.0225006
0.0227494
0.0229955
0.0232279
0.0234521
0.0236646
0.0238677
0.0240601
0.0242431
0.0244159
0.0245793
0.0247328
0.024877
0.0250115
0.0251366
0.0252521
0.0253579
0.0254538
0.0255395
0.025614
0.025676
0.0257235
0.0257555
0.0257743
0.0257825
0.025781
0.0257713
0.0257542
0.0257303
0.0257
0.0256638
0.0256218
0.0255745
0.0255218
0.025464
0.0254013
0.0253336
0.0252612
0.0251839
0.025102
0.0250152
0.0249239
0.0248276
0.0247267
0.0246207
0.0245102
0.0243943
0.024274
0.024148
0.0240173
0.023881
0.02374
0.0235933
0.0234419
0.0232848
0.023123
0.0229557
0.0227838
0.0226066
0.0224251
0.0222387
0.0220483
0.0218536
0.0216554
0.0214535
0.0212486
0.0210408
0.0208307
0.0206185
0.0204047
0.0201897
0.0199738
0.0197575
0.0195411
0.0193251
0.0191097
0.0188953
0.0186823
0.018471
0.0182615
0.0180542
0.0178493
0.0176469
0.0174473
0.0172505
0.0170568
0.016866
0.0166784
0.0164935
0.016312
0.0161321
0.0159562
0.0157814
0.0156128
0.0154393
0.0152699
0.0150749
0.0148742
0.0146022
0.0142847
0.013737
0.00273763
0.00273505
0.00273084
0.00272535
0.0027191
0.00271311
0.00270761
0.00270244
0.00269756
0.00269297
0.0026887
0.00268475
0.00268111
0.00267777
0.00267468
0.00267183
0.00266921
0.00266681
0.00266467
0.00266286
0.00266142
0.0026604
0.00265982
0.00265969
0.00265996
0.00266058
0.00266149
0.00266264
0.00266398
0.00266546
0.00266704
0.00266871
0.00267044
0.00267221
0.00267402
0.00267584
0.00267767
0.00267949
0.00268131
0.00268311
0.00268489
0.00268665
0.00268837
0.00269007
0.00269173
0.00269336
0.00269497
0.00269654
0.00269808
0.00269961
0.00270111
0.00270259
0.00270407
0.00270554
0.00270701
0.00270849
0.00270997
0.00271148
0.00271301
0.00271456
0.00271616
0.00271779
0.00271947
0.00272121
0.002723
0.00272486
0.00272678
0.00272878
0.00273085
0.002733
0.00273523
0.00273756
0.00273997
0.00274247
0.00274506
0.00274775
0.00275054
0.00275342
0.0027564
0.00275948
0.00276266
0.00276593
0.00276931
0.00277278
0.00277635
0.00278001
0.00278377
0.00278761
0.00279155
0.00279558
0.0027997
0.0028039
0.00280818
0.00281254
0.00281698
0.0028215
0.00282608
0.00283074
0.00283547
0.00284026
0.00284511
0.00285002
0.00285499
0.00286002
0.00286509
0.00287022
0.00287539
0.0028806
0.00288586
0.00289115
0.00289649
0.00290185
0.00290725
0.00291268
0.00291814
0.00292362
0.00292913
0.00293466
0.00294021
0.00294577
0.00295135
0.00295695
0.00296256
0.00296819
0.00297382
0.00297946
0.00298511
0.00299076
0.00299642
0.00300208
0.00300774
0.00301341
0.00301907
0.00302474
0.0030304
0.00303606
0.00304171
0.00304737
0.00305301
0.00305865
0.00306428
0.00306991
0.00307553
0.00308113
0.00308673
0.00309232
0.0030979
0.00310347
0.00310902
0.00311456
0.00312009
0.00312561
0.00313112
0.00313661
0.00314208
0.00314754
0.00315299
0.00315842
0.00316384
0.00316924
0.00317462
0.00317999
0.00318534
0.00319067
0.00319599
0.00320129
0.00320657
0.00321184
0.00321708
0.00322231
0.00322752
0.00323271
0.00323788
0.00324303
0.00324817
0.00325328
0.00325838
0.00326345
0.00326851
0.00327354
0.00327856
0.00328355
0.00328853
0.00329348
0.00329842
0.00330333
0.00330822
0.00331309
0.00331794
0.00332277
0.00332758
0.00333236
0.00333713
0.00334187
0.00334659
0.00335129
0.00335596
0.00336062
0.00336525
0.00336986
0.00337444
0.00337901
0.00338355
0.00338807
0.00339256
0.00339704
0.00340149
0.00340591
0.00341032
0.00341469
0.00341905
0.00342338
0.00342769
0.00343198
0.00343624
0.00344047
0.00344468
0.00344887
0.00345303
0.00345717
0.00346128
0.00346537
0.00346944
0.00347347
0.00347749
0.00348148
0.00348544
0.00348937
0.00349329
0.00349717
0.00350103
0.00350487
0.00350867
0.00351247
0.0035162
0.00352001
0.00352353
0.00352739
0.0035295
0.00352939
0.0035289
0.00352749
0.00352596
0.00352446
0.00352292
0.00352128
0.00351955
0.00351773
0.00351584
0.00351386
0.0035118
0.00350965
0.00350742
0.00350505
0.00350249
0.00349971
0.0034967
0.00349345
0.00348999
0.0034863
0.00348239
0.00347826
0.00347393
0.0034694
0.00346468
0.00345978
0.00345471
0.00344947
0.00344408
0.00343854
0.00343288
0.0034271
0.00342122
0.00341524
0.00340918
0.00340305
0.00339688
0.00339064
0.0033844
0.00337812
0.00337184
0.00336556
0.00335929
0.00335304
0.00334681
0.00334063
0.00333446
0.00332838
0.0033223
0.00331629
0.00331028
0.00330419
0.00329802
0.00329174
0.00328535
0.00327885
0.00327224
0.00326552
0.00325869
0.00325174
0.00324469
0.00323751
0.00323022
0.00322281
0.00321529
0.00320764
0.00319987
0.00319197
0.00318395
0.00317581
0.00316754
0.00315913
0.0031506
0.00314194
0.00313314
0.00312421
0.00311515
0.00310595
0.00309662
0.00308716
0.00307756
0.00306782
0.00305795
0.00304793
0.00303778
0.00302746
0.00301696
0.00300623
0.00299521
0.00298375
0.00297181
0.00295929
0.00294625
0.00293238
0.00291807
0.0029022
0.00288647
0.0028673
0.00285228
0.00283998
0.00291031
0.00302505
0.00316145
0.00332894
0.00351058
0.0037041
0.00390313
0.00410476
0.00430439
0.00450067
0.00469607
0.00489105
0.00508147
0.00526875
0.00546095
0.00566169
0.00585799
0.00607339
0.0063393
0.00661082
0.00672492
0.00675167
0.00680641
0.00684486
0.00685196
0.00684776
0.0068185
0.00672284
0.0066628
0.00669241
0.00676895
0.00683154
0.00683536
0.0067943
0.00674961
0.00671244
0.00666922
0.00661201
0.00654534
0.00647472
0.0064004
0.00631968
0.00623331
0.00614577
0.0060603
0.00597695
0.00589509
0.00581426
0.00573405
0.00565436
0.00557557
0.00549788
0.00542079
0.00534368
0.00526695
0.0051919
0.00511951
0.00505101
0.0049867
0.00492388
0.00485899
0.00479251
0.00472802
0.00466637
0.00460455
0.00454052
0.00447634
0.00441524
0.00435643
0.00429607
0.00423347
0.00417209
0.00411422
0.00405762
0.00399901
0.00393952
0.00388358
0.00383138
0.00377776
0.00372006
0.00366274
0.00361145
0.0035642
0.00351431
0.00346029
0.00340551
0.00335257
0.00330159
0.00325218
0.00320392
0.00315648
0.00310937
0.00306174
0.00301368
0.0029671
0.0029234
0.00288061
0.00283539
0.0027883
0.00274335
0.00270123
0.00265825
0.0026113
0.00256104
0.00250934
0.00245656
0.00240264
0.00234702
0.00228995
0.00223004
0.00216297
0.00208393
0.00199735
0.001906
0.00181317
0.00166694
0.00150277
0.00136863
0.00123061
0.00114348
0.00120801
0.00129553
0.00140005
0.00155288
0.00195058
0.00268195
0.00350121
0.00424715
0.00484779
0.00534053
0.00575685
0.00611409
0.00643671
0.00674088
0.00703785
0.00733314
0.00763897
0.00795306
0.00827941
0.00861724
0.00896454
0.00931978
0.00968092
0.0100472
0.0104207
0.0107969
0.0111711
0.0115448
0.0119195
0.0122903
0.0126554
0.0130131
0.0133635
0.0137089
0.0140489
0.0143811
0.0147059
0.0150218
0.0153324
0.0156394
0.0159461
0.0162549
0.0165656
0.0168826
0.0172147
0.017563
0.0179284
0.0183119
0.0187131
0.0191251
0.0195404
0.0199467
0.0203323
0.0206758
0.0209998
0.0213169
0.0216291
0.0219198
0.0222553
0.0225764
0.0228332
0.0231062
0.0233568
0.023604
0.0238377
0.0240629
0.0242764
0.0244804
0.0246737
0.0248573
0.0250309
0.0251949
0.0253491
0.025494
0.0256293
0.0257552
0.0258716
0.0259785
0.0260755
0.0261623
0.026238
0.0263015
0.0263514
0.0263875
0.0264119
0.0264265
0.0264319
0.0264295
0.0264197
0.0264034
0.0263808
0.0263525
0.0263184
0.0262791
0.0262344
0.0261847
0.0261301
0.0260704
0.0260061
0.0259367
0.0258628
0.0257838
0.0257002
0.0256115
0.0255181
0.0254194
0.025316
0.0252072
0.0250936
0.0249743
0.0248502
0.0247202
0.0245853
0.0244446
0.0242991
0.0241476
0.0239913
0.0238292
0.0236623
0.02349
0.0233131
0.0231311
0.0229449
0.0227541
0.0225594
0.0223609
0.022159
0.0219539
0.0217462
0.021536
0.0213239
0.0211101
0.0208952
0.0206795
0.0204634
0.0202472
0.0200313
0.0198161
0.0196019
0.019389
0.0191778
0.0189684
0.0187611
0.0185561
0.0183536
0.0181537
0.0179567
0.0177623
0.017571
0.0173822
0.0171965
0.0170123
0.0168316
0.0166518
0.0164771
0.0162973
0.0161194
0.0159171
0.0157015
0.0154224
0.0150724
0.0145901
0.00286475
0.0028587
0.00285136
0.00284432
0.00283724
0.00283063
0.00282457
0.00281886
0.00281338
0.00280815
0.00280317
0.00279849
0.0027941
0.00279001
0.00278621
0.00278267
0.00277937
0.00277632
0.00277352
0.00277102
0.00276886
0.00276712
0.00276582
0.00276498
0.00276461
0.00276465
0.00276508
0.00276582
0.00276684
0.00276807
0.00276948
0.00277105
0.00277273
0.00277453
0.0027764
0.00277836
0.00278037
0.00278243
0.00278454
0.00278668
0.00278884
0.00279101
0.0027932
0.00279539
0.00279758
0.00279976
0.00280193
0.0028041
0.00280625
0.00280838
0.0028105
0.0028126
0.00281468
0.00281675
0.00281881
0.00282085
0.00282289
0.00282492
0.00282695
0.00282899
0.00283102
0.00283307
0.00283513
0.00283721
0.00283931
0.00284144
0.00284359
0.00284579
0.00284802
0.00285029
0.00285262
0.00285499
0.00285742
0.0028599
0.00286245
0.00286506
0.00286773
0.00287048
0.0028733
0.00287619
0.00287915
0.0028822
0.00288532
0.00288852
0.0028918
0.00289516
0.0028986
0.00290212
0.00290573
0.00290942
0.00291318
0.00291703
0.00292095
0.00292496
0.00292904
0.0029332
0.00293743
0.00294174
0.00294612
0.00295056
0.00295508
0.00295967
0.00296432
0.00296903
0.00297381
0.00297864
0.00298354
0.00298848
0.00299349
0.00299854
0.00300364
0.00300879
0.00301399
0.00301923
0.00302451
0.00302983
0.00303519
0.00304059
0.00304601
0.00305148
0.00305697
0.00306249
0.00306803
0.00307361
0.0030792
0.00308482
0.00309046
0.00309612
0.00310179
0.00310748
0.00311319
0.00311891
0.00312464
0.00313038
0.00313613
0.00314189
0.00314766
0.00315344
0.00315922
0.003165
0.00317079
0.00317658
0.00318237
0.00318816
0.00319395
0.00319975
0.00320553
0.00321132
0.0032171
0.00322288
0.00322866
0.00323443
0.00324019
0.00324595
0.0032517
0.00325744
0.00326318
0.0032689
0.00327462
0.00328033
0.00328603
0.00329171
0.00329739
0.00330306
0.00330871
0.00331435
0.00331998
0.0033256
0.0033312
0.00333679
0.00334236
0.00334792
0.00335347
0.003359
0.00336452
0.00337002
0.00337551
0.00338098
0.00338643
0.00339187
0.00339729
0.0034027
0.00340809
0.00341346
0.00341881
0.00342414
0.00342946
0.00343476
0.00344004
0.0034453
0.00345055
0.00345577
0.00346098
0.00346616
0.00347133
0.00347648
0.0034816
0.00348671
0.0034918
0.00349686
0.00350191
0.00350694
0.00351194
0.00351692
0.00352189
0.00352683
0.00353175
0.00353665
0.00354152
0.00354638
0.00355121
0.00355602
0.00356081
0.00356557
0.00357031
0.00357503
0.00357973
0.0035844
0.00358905
0.00359368
0.00359828
0.00360286
0.00360741
0.00361194
0.00361645
0.00362093
0.00362538
0.00362982
0.00363422
0.0036386
0.00364296
0.0036473
0.0036516
0.0036559
0.00366012
0.00366445
0.00366843
0.00367283
0.00367544
0.00367594
0.00367623
0.00367548
0.00367459
0.00367375
0.00367286
0.00367186
0.00367076
0.00366957
0.0036683
0.00366693
0.00366548
0.00366392
0.00366228
0.00366049
0.0036585
0.00365629
0.00365385
0.00365117
0.00364826
0.00364512
0.00364175
0.00363816
0.00363435
0.00363034
0.00362612
0.00362171
0.00361712
0.00361235
0.00360741
0.00360231
0.00359707
0.0035917
0.00358621
0.0035806
0.0035749
0.00356912
0.00356327
0.00355734
0.00355138
0.00354538
0.00353934
0.0035333
0.00352724
0.00352119
0.00351514
0.00350912
0.00350309
0.00349713
0.00349116
0.00348524
0.00347929
0.00347326
0.00346712
0.00346085
0.00345446
0.00344793
0.00344128
0.00343449
0.00342758
0.00342052
0.00341334
0.00340601
0.00339855
0.00339094
0.00338319
0.00337529
0.00336725
0.00335906
0.00335071
0.00334221
0.00333355
0.00332473
0.00331575
0.0033066
0.00329729
0.00328781
0.00327816
0.00326833
0.00325833
0.00324814
0.00323777
0.00322722
0.00321646
0.0032055
0.00319432
0.00318289
0.00317116
0.00315905
0.00314645
0.00313332
0.00311963
0.00310526
0.00309029
0.00307439
0.00305795
0.00303988
0.00302193
0.00300072
0.00298415
0.00296997
0.00303657
0.00314591
0.00327775
0.00344054
0.00361865
0.00380953
0.00400736
0.00420907
0.0044102
0.0046094
0.0048087
0.00500816
0.00520405
0.00539809
0.00559779
0.00580598
0.00601151
0.00623934
0.00651246
0.00678026
0.0069011
0.00694374
0.00700794
0.00705256
0.00706622
0.00706672
0.00704108
0.00695795
0.00690745
0.00694217
0.00702117
0.00708599
0.00709547
0.00706267
0.00702514
0.00699304
0.00695424
0.00690163
0.00683951
0.00677297
0.00670228
0.00662508
0.00654223
0.00645805
0.00637569
0.00629531
0.00621641
0.00613854
0.0060613
0.00598461
0.0059088
0.00583403
0.00575981
0.00568557
0.00561171
0.00553949
0.00546991
0.00540418
0.00534251
0.00528228
0.00522003
0.00515614
0.00509404
0.00503454
0.00497475
0.00491269
0.0048503
0.00479071
0.00473321
0.00467406
0.0046125
0.00455194
0.00449465
0.00443849
0.00438021
0.00432088
0.00426488
0.00421246
0.0041585
0.00410029
0.00404224
0.00399009
0.00394193
0.003891
0.00383562
0.00377917
0.00372436
0.00367145
0.00362004
0.00356969
0.00352004
0.00347056
0.00342037
0.00336957
0.00332014
0.00327353
0.00322771
0.00317918
0.00312848
0.00307976
0.00303375
0.00298653
0.00293473
0.00287893
0.00282112
0.00276165
0.00270043
0.00263674
0.00257067
0.0025005
0.00242137
0.00232779
0.0022247
0.00211402
0.00200133
0.00182046
0.0016217
0.00145367
0.0013034
0.00118235
0.00121901
0.00131737
0.00141803
0.00154161
0.00182645
0.00243983
0.00325006
0.00405019
0.00471638
0.00527095
0.00574845
0.00616107
0.00652938
0.00687078
0.0071985
0.00752002
0.00784744
0.00818102
0.00852467
0.00887856
0.00924116
0.00961106
0.00998637
0.010366
0.010752
0.0111404
0.0115269
0.011912
0.0122974
0.0126785
0.0130537
0.0134213
0.0137811
0.0141352
0.0144833
0.0148236
0.0151563
0.0154803
0.0157989
0.0161138
0.0164285
0.0167453
0.0170647
0.0173906
0.0177313
0.0180878
0.0184611
0.0188514
0.0192578
0.0196734
0.0200904
0.020497
0.0208828
0.0212293
0.0215569
0.0218768
0.0221923
0.0224879
0.0228197
0.0231379
0.0233975
0.0236703
0.0239212
0.0241678
0.024401
0.0246253
0.024838
0.0250409
0.025233
0.0254154
0.0255877
0.0257504
0.0259034
0.026047
0.0261811
0.026306
0.0264214
0.0265274
0.0266237
0.0267099
0.0267853
0.026849
0.0269
0.0269388
0.0269673
0.0269868
0.0269976
0.0270009
0.0269973
0.0269874
0.0269715
0.0269499
0.026923
0.0268908
0.0268535
0.0268113
0.0267642
0.0267123
0.0266557
0.0265941
0.026528
0.0264568
0.0263809
0.0262999
0.0262142
0.0261231
0.0260273
0.0259258
0.0258196
0.0257075
0.0255904
0.0254674
0.0253394
0.0252055
0.0250665
0.0249216
0.0247715
0.0246157
0.0244549
0.0242886
0.0241174
0.0239411
0.0237602
0.0235747
0.0233851
0.0231914
0.022994
0.0227933
0.0225896
0.0223832
0.0221746
0.0219641
0.0217521
0.0215389
0.021325
0.0211107
0.0208964
0.0206824
0.020469
0.0202567
0.0200457
0.0198362
0.0196285
0.0194228
0.0192194
0.0190182
0.0188197
0.0186236
0.0184303
0.0182391
0.0180509
0.0178638
0.0176797
0.0174962
0.0173167
0.0171318
0.016946
0.0167379
0.016508
0.016229
0.0158494
0.0154519
0.00294786
0.00294422
0.00293985
0.00293533
0.00293033
0.00292533
0.00292052
0.00291579
0.00291107
0.00290639
0.00290179
0.00289733
0.00289302
0.00288891
0.00288501
0.0028813
0.0028778
0.00287449
0.00287139
0.00286852
0.00286592
0.00286366
0.00286179
0.00286035
0.00285936
0.00285881
0.00285869
0.00285894
0.00285951
0.00286037
0.00286146
0.00286275
0.00286422
0.00286584
0.00286758
0.00286945
0.00287142
0.00287348
0.00287562
0.00287784
0.00288013
0.00288248
0.00288487
0.00288732
0.00288979
0.0028923
0.00289484
0.00289739
0.00289996
0.00290255
0.00290514
0.00290773
0.00291032
0.00291292
0.00291551
0.00291809
0.00292067
0.00292325
0.00292582
0.00292839
0.00293095
0.00293351
0.00293607
0.00293863
0.0029412
0.00294377
0.00294635
0.00294894
0.00295154
0.00295416
0.0029568
0.00295946
0.00296215
0.00296486
0.00296761
0.00297039
0.00297321
0.00297607
0.00297897
0.00298192
0.00298492
0.00298796
0.00299106
0.00299422
0.00299743
0.0030007
0.00300403
0.00300742
0.00301087
0.00301439
0.00301797
0.00302162
0.00302534
0.00302912
0.00303296
0.00303688
0.00304086
0.00304491
0.00304902
0.00305321
0.00305745
0.00306177
0.00306614
0.00307058
0.00307509
0.00307965
0.00308428
0.00308896
0.00309371
0.00309851
0.00310336
0.00310827
0.00311324
0.00311825
0.00312332
0.00312843
0.00313359
0.0031388
0.00314405
0.00314934
0.00315467
0.00316004
0.00316545
0.0031709
0.00317638
0.0031819
0.00318744
0.00319302
0.00319863
0.00320426
0.00320992
0.00321561
0.00322132
0.00322705
0.0032328
0.00323857
0.00324436
0.00325017
0.003256
0.00326184
0.00326769
0.00327356
0.00327944
0.00328532
0.00329122
0.00329713
0.00330305
0.00330897
0.0033149
0.00332084
0.00332678
0.00333272
0.00333866
0.00334461
0.00335056
0.00335651
0.00336246
0.00336841
0.00337436
0.0033803
0.00338625
0.00339219
0.00339812
0.00340406
0.00340998
0.00341591
0.00342182
0.00342773
0.00343363
0.00343953
0.00344542
0.0034513
0.00345717
0.00346303
0.00346888
0.00347472
0.00348055
0.00348637
0.00349218
0.00349798
0.00350377
0.00350954
0.0035153
0.00352105
0.00352679
0.00353251
0.00353822
0.00354392
0.0035496
0.00355526
0.00356091
0.00356655
0.00357217
0.00357778
0.00358336
0.00358894
0.00359449
0.00360003
0.00360556
0.00361106
0.00361655
0.00362202
0.00362748
0.00363291
0.00363833
0.00364372
0.0036491
0.00365446
0.00365981
0.00366513
0.00367043
0.00367571
0.00368098
0.00368622
0.00369144
0.00369664
0.00370182
0.00370698
0.00371212
0.00371724
0.00372233
0.00372741
0.00373246
0.00373749
0.00374249
0.00374748
0.00375244
0.00375738
0.00376229
0.00376719
0.00377206
0.0037769
0.00378172
0.00378654
0.00379128
0.00379614
0.0038006
0.00380558
0.00380875
0.00380995
0.00381116
0.0038112
0.0038111
0.00381106
0.00381097
0.00381076
0.00381044
0.00381003
0.00380952
0.00380892
0.00380822
0.00380741
0.00380651
0.00380546
0.00380421
0.00380274
0.00380104
0.0037991
0.00379692
0.0037945
0.00379186
0.00378898
0.00378589
0.00378257
0.00377905
0.00377532
0.0037714
0.00376729
0.003763
0.00375854
0.00375392
0.00374915
0.00374425
0.00373922
0.00373408
0.00372883
0.0037235
0.00371807
0.0037126
0.00370706
0.00370147
0.00369585
0.0036902
0.00368453
0.00367884
0.00367317
0.00366746
0.00366181
0.00365611
0.00365046
0.00364475
0.00363895
0.00363302
0.00362694
0.00362071
0.00361434
0.00360781
0.00360114
0.00359431
0.00358732
0.00358017
0.00357287
0.0035654
0.00355776
0.00354996
0.00354198
0.00353383
0.0035255
0.00351699
0.00350829
0.00349941
0.00349033
0.00348106
0.00347159
0.00346191
0.00345203
0.00344193
0.00343162
0.00342108
0.00341031
0.0033993
0.00338804
0.00337651
0.0033647
0.00335256
0.00334005
0.00332706
0.00331356
0.0032995
0.00328481
0.00326947
0.00325338
0.00323657
0.00321874
0.00320026
0.0031801
0.00316002
0.00313692
0.00311883
0.00310285
0.00316559
0.00326945
0.0033964
0.00355392
0.00372779
0.00391511
0.00411068
0.00431135
0.00451282
0.00471378
0.00491584
0.00511874
0.00531917
0.00551909
0.00572535
0.00593923
0.00615591
0.00639279
0.0066706
0.00693465
0.00706216
0.00712065
0.00719413
0.00724503
0.00726531
0.0072706
0.00724928
0.00717838
0.00713892
0.00717799
0.00725797
0.00732391
0.00733843
0.00731362
0.00728309
0.00725585
0.00722124
0.00717307
0.00711537
0.00705276
0.00698558
0.00691183
0.00683248
0.00675165
0.00667238
0.00659495
0.00651896
0.006444
0.00636974
0.00629606
0.00622326
0.00615148
0.00608024
0.00600903
0.00593826
0.00586913
0.00580265
0.00573996
0.0056812
0.00562386
0.00556464
0.00550384
0.00544463
0.00538779
0.00533061
0.00527116
0.00521127
0.0051539
0.00509841
0.00504122
0.00498158
0.00492271
0.00486685
0.00481197
0.00475496
0.00469679
0.00464168
0.00458992
0.00453657
0.00447894
0.00442128
0.00436926
0.0043211
0.00427011
0.0042145
0.00415753
0.004102
0.00404825
0.00399592
0.00394457
0.00389378
0.00384302
0.0037914
0.00373903
0.00368788
0.00363944
0.00359164
0.00354094
0.00348779
0.00343641
0.00338752
0.00333704
0.00328139
0.00322109
0.00315815
0.00309291
0.00302523
0.0029542
0.00287974
0.00279971
0.00270883
0.00260101
0.00248168
0.00235171
0.00221929
0.00200267
0.00177439
0.00156053
0.00138823
0.00123282
0.00123085
0.00133362
0.00143545
0.00154989
0.00174846
0.00222782
0.0029771
0.00380789
0.00453494
0.00514898
0.00568748
0.00615893
0.00657817
0.00696206
0.0073252
0.00767696
0.00802916
0.0083846
0.00874744
0.00911876
0.00949764
0.00988291
0.0102729
0.0106664
0.0110652
0.011466
0.0118649
0.0122616
0.0126577
0.0130493
0.0134347
0.0138121
0.0141815
0.0145444
0.0149008
0.0152492
0.01559
0.0159222
0.0162488
0.0165717
0.0168941
0.0172188
0.0175464
0.0178808
0.0182292
0.0185929
0.0189727
0.0193682
0.0197782
0.0201956
0.0206128
0.0210183
0.0214033
0.0217518
0.0220819
0.0224036
0.0227207
0.0230191
0.0233457
0.0236598
0.0239205
0.0241914
0.0244409
0.0246851
0.024916
0.0251377
0.0253475
0.0255475
0.0257366
0.0259158
0.0260848
0.0262442
0.0263939
0.0265342
0.0266652
0.026787
0.0268994
0.0270027
0.0270963
0.0271802
0.0272535
0.0273157
0.0273664
0.0274063
0.0274371
0.0274596
0.027474
0.0274815
0.0274824
0.0274774
0.0274666
0.0274506
0.0274294
0.0274033
0.0273723
0.0273366
0.0272963
0.0272513
0.0272017
0.0271474
0.0270886
0.0270249
0.0269566
0.0268832
0.0268051
0.0267217
0.0266335
0.0265398
0.0264411
0.0263367
0.0262271
0.0261117
0.0259912
0.0258647
0.0257331
0.0255955
0.0254528
0.0253042
0.0251505
0.0249912
0.024827
0.0246575
0.0244834
0.0243046
0.0241214
0.0239341
0.023743
0.0235482
0.0233504
0.0231496
0.0229464
0.022741
0.0225338
0.0223252
0.0221155
0.0219052
0.0216945
0.0214839
0.0212736
0.021064
0.0208553
0.0206478
0.0204419
0.0202376
0.0200352
0.0198349
0.0196368
0.0194408
0.0192474
0.0190557
0.0188666
0.0186783
0.0184925
0.0183067
0.0181238
0.017935
0.0177427
0.0175306
0.0172879
0.0170152
0.0166136
0.0163107
0.00299517
0.00299629
0.00299757
0.00299737
0.00299588
0.00299371
0.00299123
0.00298847
0.00298543
0.0029822
0.00297884
0.00297541
0.00297197
0.00296857
0.00296525
0.00296202
0.00295889
0.00295588
0.00295298
0.00295022
0.00294764
0.00294528
0.0029432
0.00294146
0.00294011
0.00293916
0.00293862
0.00293846
0.00293866
0.00293917
0.00293994
0.00294095
0.00294217
0.00294356
0.00294511
0.0029468
0.00294862
0.00295055
0.0029526
0.00295476
0.00295701
0.00295934
0.00296177
0.00296426
0.00296683
0.00296946
0.00297215
0.00297489
0.00297768
0.00298051
0.00298338
0.00298629
0.00298922
0.00299217
0.00299515
0.00299814
0.00300115
0.00300417
0.00300719
0.00301023
0.00301327
0.00301632
0.00301937
0.00302242
0.00302548
0.00302854
0.0030316
0.00303467
0.00303774
0.00304081
0.0030439
0.00304699
0.00305009
0.0030532
0.00305632
0.00305946
0.00306262
0.0030658
0.00306899
0.00307221
0.00307546
0.00307873
0.00308203
0.00308536
0.00308873
0.00309213
0.00309557
0.00309905
0.00310257
0.00310614
0.00310974
0.0031134
0.0031171
0.00312085
0.00312465
0.00312849
0.0031324
0.00313635
0.00314036
0.00314442
0.00314854
0.00315271
0.00315693
0.00316121
0.00316555
0.00316994
0.00317439
0.00317889
0.00318345
0.00318806
0.00319273
0.00319744
0.00320222
0.00320704
0.00321191
0.00321684
0.00322181
0.00322684
0.00323191
0.00323703
0.00324219
0.0032474
0.00325265
0.00325795
0.00326329
0.00326866
0.00327408
0.00327954
0.00328503
0.00329056
0.00329612
0.00330171
0.00330734
0.003313
0.00331869
0.00332441
0.00333016
0.00333593
0.00334173
0.00334756
0.0033534
0.00335927
0.00336516
0.00337108
0.00337701
0.00338296
0.00338892
0.00339491
0.0034009
0.00340692
0.00341294
0.00341898
0.00342503
0.0034311
0.00343717
0.00344325
0.00344934
0.00345544
0.00346154
0.00346765
0.00347377
0.00347989
0.00348602
0.00349215
0.00349828
0.00350441
0.00351055
0.00351668
0.00352282
0.00352896
0.00353509
0.00354123
0.00354736
0.00355349
0.00355962
0.00356574
0.00357186
0.00357797
0.00358408
0.00359019
0.00359629
0.00360238
0.00360846
0.00361454
0.00362061
0.00362668
0.00363273
0.00363878
0.00364481
0.00365084
0.00365686
0.00366286
0.00366886
0.00367485
0.00368082
0.00368678
0.00369273
0.00369867
0.0037046
0.00371051
0.00371641
0.0037223
0.00372817
0.00373403
0.00373988
0.00374571
0.00375152
0.00375732
0.00376311
0.00376888
0.00377463
0.00378037
0.00378609
0.00379179
0.00379748
0.00380315
0.00380881
0.00381444
0.00382006
0.00382566
0.00383124
0.0038368
0.00384234
0.00384787
0.00385337
0.00385885
0.00386432
0.00386977
0.00387519
0.0038806
0.00388598
0.00389135
0.00389669
0.00390203
0.0039073
0.0039127
0.00391765
0.00392321
0.00392698
0.003929
0.00393126
0.00393223
0.00393305
0.00393396
0.00393481
0.00393554
0.00393615
0.00393667
0.00393709
0.0039374
0.00393761
0.00393771
0.00393771
0.00393756
0.00393721
0.00393665
0.00393586
0.00393483
0.00393357
0.00393206
0.00393033
0.00392836
0.00392617
0.00392376
0.00392113
0.00391829
0.00391525
0.003912
0.00390857
0.00390495
0.00390117
0.00389722
0.00389312
0.00388888
0.0038845
0.00388001
0.00387542
0.00387071
0.00386593
0.00386106
0.00385613
0.00385115
0.0038461
0.00384103
0.00383591
0.00383079
0.00382561
0.00382046
0.00381525
0.00381006
0.0038048
0.00379942
0.00379389
0.0037882
0.00378234
0.00377632
0.00377012
0.00376375
0.00375721
0.00375049
0.00374358
0.0037365
0.00372922
0.00372176
0.0037141
0.00370624
0.00369817
0.00368991
0.00368143
0.00367273
0.00366381
0.00365467
0.0036453
0.00363569
0.00362583
0.00361573
0.00360537
0.00359474
0.00358383
0.00357264
0.00356114
0.00354931
0.00353713
0.00352455
0.00351151
0.00349795
0.00348382
0.0034691
0.00345373
0.00343765
0.00342084
0.00340316
0.00338467
0.00336505
0.00334466
0.00332255
0.00330049
0.00327569
0.00325615
0.00323846
0.00329726
0.0033956
0.00351735
0.00366912
0.00383808
0.00402097
0.00421324
0.00441173
0.00461237
0.00481388
0.00501751
0.00522275
0.00542671
0.00563154
0.00584331
0.00606307
0.00628851
0.00653343
0.0068134
0.00707319
0.00720764
0.00728164
0.00736413
0.00742154
0.00744856
0.00745892
0.00744267
0.00738388
0.00735584
0.00739893
0.00747885
0.00754495
0.00756392
0.0075467
0.00752287
0.00750026
0.00746962
0.00742568
0.0073722
0.00731334
0.00724951
0.00717908
0.00710314
0.00702558
0.0069493
0.0068747
0.00680149
0.00672933
0.00665791
0.00658714
0.00651727
0.00644841
0.00638013
0.00631197
0.00624434
0.00617839
0.00611511
0.00605555
0.0059998
0.00594546
0.00588945
0.00583201
0.00577601
0.00572214
0.00566791
0.00561153
0.00555464
0.00549999
0.005447
0.00539234
0.00533529
0.00527881
0.00522504
0.00517213
0.00511713
0.00506095
0.00500753
0.00495719
0.00490525
0.00484914
0.00479286
0.00474184
0.00469446
0.00464429
0.00458948
0.00453306
0.00447785
0.00442429
0.00437206
0.00432071
0.00426982
0.00421883
0.00416687
0.00411405
0.00406231
0.00401308
0.00396435
0.00391258
0.00385818
0.00380526
0.0037545
0.00370175
0.00364333
0.00357964
0.00351265
0.00344266
0.00336946
0.00329197
0.00320984
0.00312058
0.00301858
0.00289729
0.00276265
0.00261439
0.00246344
0.00222044
0.00196182
0.00169669
0.00148997
0.00129963
0.00124684
0.00134931
0.00146368
0.00157141
0.00171169
0.00206169
0.00270471
0.00352805
0.00430567
0.00497502
0.00557185
0.00610331
0.00657743
0.00700866
0.00741197
0.00779814
0.00817883
0.00855892
0.0089432
0.0093336
0.00973
0.0101316
0.010537
0.0109449
0.0113569
0.0117705
0.0121819
0.0125905
0.0129976
0.0133998
0.0137954
0.014183
0.0145621
0.014934
0.015299
0.0156557
0.0160047
0.0163451
0.0166799
0.0170108
0.017341
0.0176733
0.0180088
0.0183509
0.0187062
0.019076
0.0194608
0.01986
0.020272
0.0206895
0.0211054
0.0215087
0.0218918
0.0222413
0.0225728
0.0228951
0.023212
0.0235115
0.0238315
0.0241406
0.0244003
0.0246677
0.0249142
0.0251544
0.0253813
0.0255985
0.0258038
0.025999
0.0261832
0.0263573
0.0265212
0.0266753
0.0268198
0.0269549
0.0270806
0.0271973
0.0273049
0.0274034
0.0274925
0.0275721
0.0276416
0.0277007
0.0277493
0.0277885
0.0278195
0.027843
0.0278591
0.0278687
0.0278722
0.0278702
0.0278628
0.0278506
0.0278335
0.0278119
0.0277858
0.0277553
0.0277205
0.0276813
0.0276378
0.0275898
0.0275375
0.0274806
0.0274192
0.027353
0.0272822
0.0272063
0.0271256
0.0270396
0.0269487
0.0268521
0.0267505
0.0266431
0.0265305
0.0264122
0.0262886
0.0261592
0.0260245
0.0258841
0.0257385
0.0255874
0.0254313
0.02527
0.025104
0.0249333
0.0247581
0.0245787
0.0243954
0.0242084
0.0240182
0.0238249
0.0236289
0.0234305
0.0232302
0.0230283
0.022825
0.0226208
0.022416
0.0222108
0.0220058
0.021801
0.0215969
0.0213937
0.0211917
0.0209909
0.0207918
0.0205944
0.0203989
0.0202051
0.0200135
0.0198233
0.0196352
0.0194475
0.0192617
0.0190753
0.0188905
0.0186995
0.0185023
0.0182881
0.0180352
0.0177737
0.0173579
0.0171276
0.00303777
0.00303818
0.00303925
0.00303991
0.00303985
0.00303928
0.00303841
0.00303724
0.00303576
0.003034
0.00303203
0.0030299
0.00302765
0.00302535
0.00302301
0.00302067
0.00301834
0.00301605
0.00301379
0.00301158
0.00300945
0.00300743
0.00300557
0.00300393
0.00300256
0.00300152
0.00300082
0.00300047
0.00300046
0.00300076
0.00300134
0.00300217
0.00300321
0.00300445
0.00300585
0.0030074
0.00300908
0.0030109
0.00301283
0.00301488
0.00301704
0.0030193
0.00302166
0.00302411
0.00302665
0.00302928
0.00303199
0.00303477
0.00303762
0.00304054
0.00304353
0.00304657
0.00304967
0.00305281
0.00305601
0.00305924
0.00306251
0.00306582
0.00306916
0.00307252
0.00307592
0.00307933
0.00308277
0.00308622
0.00308969
0.00309317
0.00309667
0.00310018
0.0031037
0.00310722
0.00311076
0.00311431
0.00311786
0.00312142
0.00312499
0.00312857
0.00313216
0.00313576
0.00313937
0.00314299
0.00314662
0.00315027
0.00315393
0.00315761
0.0031613
0.00316502
0.00316875
0.00317251
0.00317629
0.00318009
0.00318392
0.00318778
0.00319167
0.00319558
0.00319953
0.00320351
0.00320753
0.00321158
0.00321567
0.0032198
0.00322396
0.00322817
0.00323241
0.0032367
0.00324103
0.00324541
0.00324982
0.00325429
0.00325879
0.00326334
0.00326794
0.00327258
0.00327727
0.003282
0.00328678
0.00329161
0.00329648
0.00330139
0.00330636
0.00331136
0.00331641
0.00332151
0.00332664
0.00333182
0.00333705
0.00334231
0.00334762
0.00335297
0.00335835
0.00336378
0.00336924
0.00337474
0.00338028
0.00338586
0.00339147
0.00339711
0.00340279
0.0034085
0.00341424
0.00342002
0.00342582
0.00343165
0.00343751
0.0034434
0.00344932
0.00345526
0.00346122
0.00346721
0.00347322
0.00347926
0.00348532
0.00349139
0.00349749
0.0035036
0.00350974
0.00351589
0.00352205
0.00352824
0.00353443
0.00354064
0.00354687
0.00355311
0.00355935
0.00356561
0.00357189
0.00357817
0.00358446
0.00359075
0.00359706
0.00360337
0.00360969
0.00361602
0.00362235
0.00362868
0.00363502
0.00364136
0.00364771
0.00365406
0.00366041
0.00366676
0.00367311
0.00367946
0.00368581
0.00369216
0.00369851
0.00370486
0.0037112
0.00371755
0.00372389
0.00373022
0.00373656
0.00374288
0.00374921
0.00375552
0.00376184
0.00376814
0.00377444
0.00378074
0.00378702
0.0037933
0.00379957
0.00380583
0.00381209
0.00381833
0.00382457
0.00383079
0.00383701
0.00384322
0.00384941
0.0038556
0.00386177
0.00386793
0.00387408
0.00388022
0.00388634
0.00389246
0.00389856
0.00390464
0.00391072
0.00391678
0.00392282
0.00392885
0.00393487
0.00394087
0.00394686
0.00395283
0.00395878
0.00396473
0.00397065
0.00397656
0.00398245
0.00398833
0.00399418
0.00400004
0.00400583
0.00401177
0.00401721
0.00402336
0.00402777
0.0040307
0.00403415
0.00403616
0.00403805
0.00404004
0.00404198
0.00404379
0.00404548
0.00404707
0.00404856
0.00404994
0.00405122
0.00405238
0.00405344
0.00405435
0.00405507
0.00405559
0.00405588
0.00405594
0.00405578
0.00405537
0.00405474
0.00405388
0.00405279
0.00405148
0.00404995
0.00404821
0.00404626
0.00404409
0.00404174
0.00403919
0.00403645
0.00403355
0.00403048
0.00402725
0.00402387
0.00402036
0.00401673
0.00401296
0.00400911
0.00400514
0.00400109
0.00399697
0.00399277
0.00398851
0.00398419
0.00397984
0.00397541
0.00397099
0.00396648
0.00396198
0.00395738
0.00395264
0.00394774
0.00394266
0.00393739
0.00393193
0.00392629
0.00392045
0.00391442
0.00390819
0.00390175
0.00389511
0.00388826
0.00388119
0.0038739
0.00386638
0.00385863
0.00385065
0.00384243
0.00383396
0.00382524
0.00381625
0.003807
0.00379747
0.00378765
0.00377754
0.00376712
0.00375638
0.0037453
0.00373386
0.00372204
0.00370979
0.00369707
0.00368381
0.00367
0.00365559
0.00364055
0.00362483
0.00360838
0.00359114
0.00357305
0.003554
0.00353401
0.00351279
0.00349067
0.00346684
0.00344298
0.00341673
0.00339584
0.00337658
0.00343139
0.00352423
0.00364054
0.00378616
0.0039496
0.00412725
0.00431522
0.00451042
0.00470904
0.00490986
0.00511381
0.00532023
0.00552665
0.0057353
0.00595155
0.00617646
0.00640906
0.00666038
0.00694038
0.00719543
0.00733699
0.00742589
0.00751706
0.00758122
0.00761517
0.00763101
0.00762063
0.00757405
0.00755734
0.00760405
0.00768317
0.00774874
0.00777158
0.00776148
0.00774398
0.00772571
0.00769884
0.00765891
0.00760944
0.00755413
0.00749346
0.00742619
0.00735354
0.00727912
0.00720569
0.00713375
0.00706313
0.00699357
0.0069248
0.00685675
0.00678964
0.00672355
0.00665809
0.00659288
0.00652831
0.00646549
0.00640536
0.00634888
0.00629606
0.00624467
0.0061919
0.0061379
0.00608521
0.00603443
0.00598332
0.00593025
0.00587666
0.00582505
0.00577487
0.00572311
0.00566909
0.0056155
0.0055643
0.00551384
0.00546144
0.00540788
0.00535677
0.00530841
0.00525853
0.0052047
0.00515061
0.00510131
0.00505537
0.00500676
0.00495361
0.00489868
0.00484471
0.00479224
0.00474101
0.00469058
0.00464049
0.00459022
0.00453891
0.00448668
0.00443537
0.00438634
0.00433763
0.00428585
0.00423132
0.00417793
0.00412626
0.0040722
0.00401206
0.00394608
0.00387613
0.00380243
0.0037247
0.00364166
0.0035527
0.00345497
0.0033427
0.00320911
0.00306056
0.00289575
0.00272836
0.00246476
0.00218249
0.0018713
0.00161491
0.00138823
0.00127392
0.00134672
0.00147048
0.00158274
0.00170732
0.00194482
0.00246004
0.00322549
0.00403291
0.00475117
0.00540126
0.00599128
0.00652233
0.00700469
0.00745256
0.00787738
0.00829052
0.00869846
0.00910675
0.00951826
0.00993368
0.0103527
0.0107744
0.0111975
0.0116234
0.0120501
0.0124744
0.0128952
0.0133136
0.0137267
0.0141328
0.0145307
0.0149198
0.015301
0.0156749
0.0160403
0.0163977
0.0167466
0.0170896
0.0174286
0.0177666
0.0181063
0.0184492
0.0187983
0.0191596
0.0195344
0.0199228
0.0203242
0.0207364
0.0211526
0.0215658
0.0219658
0.0223462
0.0226955
0.0230272
0.0233489
0.0236642
0.0239629
0.0242752
0.0245782
0.0248352
0.0250976
0.0253397
0.0255743
0.0257956
0.0260068
0.0262059
0.0263946
0.0265721
0.0267394
0.0268964
0.0270435
0.0271808
0.0273089
0.0274276
0.0275374
0.0276381
0.02773
0.0278127
0.0278862
0.0279501
0.0280044
0.0280491
0.0280855
0.0281147
0.028137
0.0281525
0.0281621
0.028166
0.0281649
0.0281589
0.0281485
0.0281337
0.0281147
0.0280916
0.0280646
0.0280336
0.0279987
0.0279598
0.0279169
0.0278699
0.0278187
0.0277634
0.0277035
0.0276393
0.0275703
0.0274967
0.0274181
0.0273347
0.027246
0.0271523
0.0270531
0.0269489
0.0268391
0.0267241
0.0266035
0.0264777
0.0263464
0.0262099
0.0260681
0.0259213
0.0257694
0.0256128
0.0254515
0.0252858
0.0251159
0.0249421
0.0247646
0.0245837
0.0243996
0.0242128
0.0240235
0.0238321
0.0236388
0.0234441
0.0232481
0.0230513
0.0228539
0.0226563
0.0224587
0.0222615
0.0220648
0.0218689
0.021674
0.0214804
0.021288
0.0210972
0.0209078
0.0207201
0.0205335
0.0203484
0.0201632
0.0199792
0.0197942
0.0196092
0.0194178
0.0192177
0.0190037
0.0187437
0.0184972
0.0180702
0.017895
0.00306915
0.00306793
0.00306685
0.0030662
0.00306561
0.00306504
0.00306453
0.00306399
0.00306333
0.00306251
0.00306155
0.00306045
0.00305925
0.00305797
0.00305662
0.00305523
0.00305381
0.00305237
0.00305093
0.00304948
0.00304804
0.00304663
0.00304529
0.00304406
0.00304299
0.00304214
0.00304154
0.00304123
0.00304122
0.00304149
0.00304203
0.00304282
0.00304383
0.00304502
0.00304639
0.0030479
0.00304954
0.00305131
0.0030532
0.0030552
0.0030573
0.00305951
0.00306181
0.00306422
0.00306671
0.0030693
0.00307198
0.00307474
0.00307759
0.00308051
0.00308352
0.00308659
0.00308974
0.00309296
0.00309624
0.00309958
0.00310298
0.00310643
0.00310994
0.00311349
0.00311709
0.00312073
0.00312441
0.00312813
0.00313188
0.00313567
0.00313948
0.00314333
0.00314719
0.00315108
0.00315499
0.00315892
0.00316287
0.00316684
0.00317082
0.00317482
0.00317883
0.00318285
0.00318688
0.00319093
0.00319499
0.00319906
0.00320314
0.00320724
0.00321134
0.00321546
0.00321959
0.00322374
0.0032279
0.00323207
0.00323626
0.00324046
0.00324468
0.00324892
0.00325318
0.00325745
0.00326175
0.00326607
0.00327041
0.00327477
0.00327916
0.00328358
0.00328802
0.00329249
0.00329699
0.00330152
0.00330607
0.00331066
0.00331528
0.00331994
0.00332462
0.00332934
0.0033341
0.00333889
0.00334371
0.00334858
0.00335348
0.00335841
0.00336338
0.00336839
0.00337344
0.00337853
0.00338365
0.00338881
0.00339401
0.00339924
0.00340452
0.00340983
0.00341518
0.00342056
0.00342599
0.00343145
0.00343694
0.00344247
0.00344804
0.00345364
0.00345928
0.00346495
0.00347065
0.00347639
0.00348216
0.00348796
0.00349379
0.00349966
0.00350555
0.00351147
0.00351743
0.00352341
0.00352942
0.00353545
0.00354152
0.0035476
0.00355372
0.00355985
0.00356601
0.0035722
0.00357841
0.00358463
0.00359088
0.00359715
0.00360344
0.00360975
0.00361607
0.00362242
0.00362878
0.00363516
0.00364155
0.00364796
0.00365438
0.00366082
0.00366727
0.00367373
0.0036802
0.00368669
0.00369318
0.00369969
0.0037062
0.00371273
0.00371926
0.0037258
0.00373235
0.00373891
0.00374547
0.00375204
0.00375861
0.00376519
0.00377177
0.00377835
0.00378494
0.00379153
0.00379813
0.00380472
0.00381132
0.00381792
0.00382452
0.00383111
0.00383771
0.00384431
0.00385091
0.0038575
0.00386409
0.00387068
0.00387727
0.00388386
0.00389044
0.00389702
0.00390359
0.00391016
0.00391672
0.00392328
0.00392983
0.00393638
0.00394292
0.00394945
0.00395598
0.0039625
0.00396901
0.00397552
0.00398201
0.0039885
0.00399498
0.00400145
0.00400791
0.00401436
0.0040208
0.00402723
0.00403366
0.00404007
0.00404647
0.00405286
0.00405923
0.0040656
0.00407196
0.00407832
0.00408461
0.00409107
0.00409698
0.00410372
0.0041088
0.00411271
0.00411747
0.00412067
0.00412374
0.00412695
0.00413011
0.00413314
0.00413604
0.00413885
0.00414155
0.00414415
0.00414664
0.00414901
0.00415129
0.00415342
0.00415536
0.00415712
0.00415867
0.00416
0.00416111
0.00416199
0.00416266
0.0041631
0.00416331
0.00416331
0.00416308
0.00416265
0.004162
0.00416114
0.00416008
0.00415882
0.00415736
0.00415573
0.00415392
0.00415193
0.00414979
0.00414749
0.00414505
0.00414247
0.00413978
0.00413695
0.00413402
0.004131
0.00412788
0.00412468
0.00412138
0.00411805
0.0041146
0.00411115
0.00410757
0.00410399
0.00410028
0.00409642
0.00409238
0.00408815
0.00408371
0.00407907
0.00407422
0.00406916
0.00406389
0.00405839
0.00405267
0.00404672
0.00404054
0.00403412
0.00402745
0.00402053
0.00401335
0.00400591
0.0039982
0.00399021
0.00398193
0.00397335
0.00396447
0.00395526
0.00394573
0.00393584
0.0039256
0.00391496
0.00390391
0.00389242
0.00388043
0.0038679
0.00385482
0.00384115
0.00382685
0.00381188
0.0037962
0.00377976
0.0037625
0.00374434
0.00372524
0.00370507
0.00368383
0.00366127
0.00363768
0.00361239
0.00358699
0.0035596
0.00353753
0.00351688
0.00356771
0.00365509
0.0037658
0.00390495
0.00406237
0.00423408
0.00441683
0.00460767
0.00480309
0.00500193
0.00520492
0.00541131
0.00561901
0.00583029
0.0060499
0.00627891
0.00651708
0.00677287
0.00705103
0.00730096
0.00744952
0.00755246
0.00765189
0.00772301
0.00776412
0.00778597
0.00778228
0.00774808
0.0077424
0.0077923
0.00787013
0.00793473
0.00796095
0.00795742
0.00794582
0.00793163
0.00790833
0.00787223
0.00782655
0.0077746
0.00771691
0.00765266
0.00758313
0.00751169
0.00744094
0.00737148
0.00730325
0.00723606
0.00716972
0.00710415
0.00703957
0.00697602
0.00691317
0.00685072
0.00678905
0.0067292
0.00667206
0.00661849
0.00656842
0.00651982
0.00647015
0.00641951
0.00637008
0.00632236
0.00627438
0.00622466
0.00617448
0.00612601
0.00607879
0.00603012
0.0059794
0.00592899
0.00588065
0.00583296
0.00578352
0.00573301
0.00568464
0.00563869
0.00559132
0.00554034
0.00548904
0.00544203
0.00539803
0.00535154
0.00530074
0.00524808
0.00519612
0.0051455
0.00509602
0.00504726
0.00499877
0.00495002
0.00490022
0.00484949
0.00479952
0.00475154
0.00470373
0.00465287
0.00459922
0.00454633
0.00449464
0.00444018
0.00437931
0.00431212
0.00424027
0.00416389
0.00408261
0.00399498
0.00390009
0.0037948
0.00367337
0.00352895
0.00336826
0.00318912
0.00300777
0.00272924
0.00243189
0.00208682
0.0017703
0.00150468
0.00132076
0.00134382
0.00147809
0.00158345
0.00170584
0.0018769
0.00226181
0.00292327
0.00372499
0.00448126
0.00517732
0.00582167
0.00640926
0.00694495
0.0074409
0.00790826
0.00835784
0.00879707
0.00923228
0.00966721
0.0101035
0.0105413
0.0109804
0.0114196
0.0118602
0.0123006
0.0127381
0.0131716
0.0136017
0.014026
0.0144431
0.0148516
0.015251
0.015642
0.0160252
0.0163995
0.0167657
0.0171233
0.0174749
0.017822
0.0181677
0.0185146
0.0188645
0.01922
0.0195863
0.0199648
0.0203557
0.0207577
0.0211688
0.0215822
0.0219914
0.0223872
0.0227639
0.0231121
0.0234427
0.0237625
0.0240747
0.0243712
0.0246748
0.024971
0.0252235
0.0254796
0.025716
0.0259436
0.0261579
0.0263616
0.0265532
0.0267339
0.0269033
0.0270622
0.0272107
0.0273492
0.0274779
0.0275972
0.0277073
0.0278084
0.0279006
0.0279842
0.0280588
0.0281246
0.0281812
0.0282289
0.028268
0.0282997
0.0283248
0.0283436
0.0283563
0.0283636
0.0283658
0.0283633
0.0283565
0.0283456
0.0283308
0.0283123
0.0282902
0.0282647
0.0282356
0.028203
0.028167
0.0281274
0.0280842
0.0280373
0.0279865
0.0279318
0.0278731
0.02781
0.0277428
0.0276709
0.0275946
0.0275133
0.0274274
0.0273363
0.0272405
0.0271394
0.0270333
0.026922
0.0268057
0.026684
0.0265575
0.0264258
0.0262893
0.0261479
0.026002
0.0258515
0.0256967
0.0255378
0.025375
0.0252086
0.0250388
0.0248658
0.0246901
0.0245118
0.0243312
0.0241487
0.0239645
0.0237789
0.0235923
0.0234048
0.0232169
0.0230287
0.0228405
0.0226526
0.0224652
0.0222784
0.0220925
0.0219075
0.0217237
0.0215408
0.0213592
0.0211782
0.0209982
0.0208177
0.0206375
0.0204557
0.0202726
0.0200828
0.019882
0.0196707
0.0194072
0.0191786
0.0187406
0.0186185
0.00307184
0.00307064
0.00306974
0.00306939
0.00306915
0.00306893
0.00306878
0.00306866
0.00306849
0.00306823
0.00306788
0.00306744
0.00306693
0.00306635
0.00306573
0.00306506
0.00306437
0.00306365
0.00306292
0.00306217
0.00306141
0.00306066
0.00305991
0.00305921
0.00305859
0.0030581
0.00305778
0.00305767
0.0030578
0.00305818
0.00305881
0.00305967
0.00306074
0.00306201
0.00306344
0.00306502
0.00306672
0.00306855
0.00307048
0.00307252
0.00307465
0.00307688
0.0030792
0.00308161
0.00308411
0.0030867
0.00308937
0.00309213
0.00309497
0.0030979
0.0031009
0.00310399
0.00310715
0.00311038
0.00311369
0.00311707
0.00312052
0.00312403
0.00312761
0.00313125
0.00313495
0.0031387
0.00314252
0.00314638
0.0031503
0.00315426
0.00315827
0.00316232
0.00316641
0.00317054
0.00317471
0.00317891
0.00318315
0.00318741
0.00319171
0.00319603
0.00320038
0.00320475
0.00320914
0.00321356
0.00321799
0.00322245
0.00322692
0.00323141
0.00323591
0.00324043
0.00324497
0.00324952
0.00325408
0.00325866
0.00326325
0.00326785
0.00327247
0.0032771
0.00328175
0.00328641
0.00329108
0.00329577
0.00330047
0.00330519
0.00330993
0.00331468
0.00331944
0.00332423
0.00332903
0.00333386
0.0033387
0.00334356
0.00334845
0.00335335
0.00335828
0.00336323
0.0033682
0.0033732
0.00337822
0.00338327
0.00338835
0.00339345
0.00339858
0.00340373
0.00340892
0.00341413
0.00341937
0.00342464
0.00342994
0.00343528
0.00344064
0.00344603
0.00345145
0.0034569
0.00346239
0.0034679
0.00347345
0.00347903
0.00348464
0.00349028
0.00349595
0.00350166
0.00350739
0.00351316
0.00351895
0.00352478
0.00353064
0.00353652
0.00354244
0.00354839
0.00355436
0.00356037
0.0035664
0.00357246
0.00357855
0.00358467
0.00359081
0.00359698
0.00360318
0.0036094
0.00361565
0.00362192
0.00362821
0.00363453
0.00364088
0.00364725
0.00365363
0.00366004
0.00366648
0.00367293
0.0036794
0.0036859
0.00369241
0.00369894
0.00370549
0.00371206
0.00371864
0.00372524
0.00373186
0.00373849
0.00374514
0.0037518
0.00375848
0.00376517
0.00377187
0.00377859
0.00378532
0.00379206
0.00379881
0.00380557
0.00381234
0.00381913
0.00382592
0.00383272
0.00383952
0.00384634
0.00385316
0.00386
0.00386683
0.00387368
0.00388053
0.00388738
0.00389424
0.0039011
0.00390797
0.00391484
0.00392172
0.0039286
0.00393548
0.00394236
0.00394924
0.00395613
0.00396302
0.0039699
0.00397679
0.00398368
0.00399057
0.00399746
0.00400434
0.00401123
0.00401811
0.004025
0.00403188
0.00403875
0.00404563
0.0040525
0.00405937
0.00406623
0.00407309
0.00407995
0.00408681
0.00409365
0.0041005
0.00410734
0.00411417
0.00412101
0.00412783
0.00413467
0.00414144
0.00414839
0.00415474
0.00416206
0.00416782
0.00417281
0.00417899
0.00418347
0.00418786
0.00419242
0.00419692
0.0042013
0.00420555
0.0042097
0.00421376
0.00421771
0.00422156
0.00422529
0.00422893
0.00423242
0.00423574
0.0042389
0.00424187
0.00424463
0.0042472
0.00424955
0.00425169
0.00425362
0.00425533
0.00425683
0.00425812
0.00425919
0.00426006
0.00426072
0.00426117
0.00426142
0.00426148
0.00426134
0.00426101
0.00426051
0.00425983
0.00425899
0.00425799
0.00425682
0.00425553
0.00425409
0.00425252
0.00425085
0.00424904
0.00424714
0.00424512
0.00424304
0.00424082
0.00423858
0.00423618
0.00423377
0.00423119
0.00422846
0.00422553
0.0042224
0.00421905
0.00421547
0.00421168
0.00420765
0.00420339
0.0041989
0.00419416
0.00418917
0.00418393
0.00417842
0.00417265
0.0041666
0.00416027
0.00415364
0.00414671
0.00413947
0.00413191
0.00412401
0.00411576
0.00410714
0.00409814
0.00408873
0.00407889
0.00406858
0.00405776
0.00404641
0.00403451
0.00402202
0.00400891
0.00399515
0.00398069
0.00396549
0.0039495
0.00393266
0.00391491
0.00389616
0.00387636
0.00385537
0.0038332
0.00380962
0.00378489
0.00375848
0.00373189
0.00370372
0.00368069
0.00365891
0.00370585
0.00378784
0.00389286
0.00402533
0.00417631
0.0043415
0.0045182
0.00470369
0.00489476
0.00509037
0.00529108
0.00549615
0.00570386
0.00591648
0.00613818
0.00637002
0.00661204
0.00687019
0.0071448
0.00738918
0.0075444
0.00766027
0.00776745
0.00784566
0.00789415
0.00792257
0.0079264
0.00790472
0.00790968
0.00796238
0.00803866
0.00810206
0.0081313
0.00813379
0.00812766
0.00811729
0.0080974
0.00806495
0.00802291
0.00797414
0.00791931
0.00785793
0.00779138
0.00772277
0.00765453
0.00758735
0.00752131
0.00745627
0.00739209
0.00732876
0.00726644
0.00720519
0.00714471
0.00708478
0.0070258
0.0069687
0.00691431
0.0068634
0.00681582
0.00676976
0.00672296
0.00667547
0.00662912
0.00658432
0.00653932
0.00649287
0.00644604
0.0064007
0.00635641
0.00631087
0.00626351
0.00621639
0.00617105
0.00612627
0.00607998
0.00603276
0.00598738
0.00594408
0.00589952
0.00585176
0.00580367
0.00575931
0.00571761
0.00567365
0.00562571
0.00557589
0.00552654
0.00547837
0.00543125
0.00538477
0.0053385
0.00529195
0.00524437
0.00519588
0.00514801
0.00510183
0.00505566
0.00500655
0.00495466
0.00490313
0.00485224
0.00479823
0.00473758
0.00467021
0.00459751
0.00451951
0.00443571
0.0043445
0.0042447
0.00413294
0.0040037
0.00385023
0.00367943
0.00348854
0.00329587
0.00300817
0.00270221
0.00232904
0.0019634
0.00165539
0.00139817
0.00134753
0.00148071
0.00160946
0.00171899
0.00185176
0.00211875
0.00265124
0.00339799
0.00417179
0.00490359
0.00559519
0.00623626
0.00682533
0.00737143
0.00788447
0.00837414
0.00884813
0.00931334
0.00977429
0.0102335
0.0106918
0.0111495
0.0116059
0.0120621
0.0125171
0.0129684
0.013415
0.0138574
0.0142935
0.0147219
0.0151415
0.0155516
0.0159529
0.0163458
0.0167295
0.0171048
0.0174715
0.0178317
0.0181872
0.0185406
0.0188945
0.0192509
0.0196121
0.0199826
0.0203639
0.0207557
0.0211572
0.0215656
0.0219751
0.0223793
0.0227699
0.023142
0.023488
0.0238163
0.0241332
0.024441
0.0247339
0.0250281
0.0253167
0.0255633
0.025812
0.0260414
0.026261
0.0264673
0.0266624
0.0268451
0.0270167
0.0271768
0.0273262
0.0274649
0.0275936
0.0277123
0.0278216
0.0279217
0.0280129
0.0280952
0.028169
0.0282341
0.0282907
0.0283385
0.0283781
0.02841
0.028435
0.0284541
0.0284674
0.0284751
0.0284778
0.0284759
0.0284699
0.0284598
0.0284462
0.0284292
0.0284089
0.0283855
0.0283592
0.0283298
0.0282975
0.0282622
0.0282239
0.0281826
0.028138
0.0280902
0.028039
0.0279843
0.0279258
0.0278636
0.0277974
0.0277272
0.0276526
0.0275738
0.0274904
0.0274026
0.02731
0.0272129
0.0271109
0.0270043
0.0268929
0.0267768
0.0266559
0.0265306
0.0264006
0.0262663
0.0261277
0.0259851
0.0258385
0.0256882
0.0255344
0.0253773
0.0252171
0.0250542
0.0248886
0.0247208
0.0245509
0.0243793
0.0242061
0.0240318
0.0238564
0.0236803
0.0235037
0.0233268
0.0231499
0.0229731
0.0227967
0.0226207
0.0224453
0.0222707
0.0220966
0.0219233
0.0217501
0.0215773
0.0214035
0.0212293
0.0210529
0.0208738
0.0206877
0.020489
0.0202826
0.0200198
0.0198109
0.0193638
0.0192996
0.00304493
0.00304537
0.00304673
0.00304805
0.00304899
0.0030496
0.00305002
0.00305032
0.00305048
0.00305052
0.00305046
0.00305033
0.00305014
0.00304991
0.00304966
0.00304939
0.00304911
0.00304883
0.00304856
0.0030483
0.00304804
0.00304779
0.00304755
0.00304733
0.00304715
0.00304705
0.00304706
0.00304722
0.00304756
0.00304811
0.00304889
0.00304989
0.00305109
0.00305249
0.00305406
0.00305577
0.00305761
0.00305958
0.00306164
0.0030638
0.00306605
0.00306839
0.00307081
0.00307331
0.00307589
0.00307854
0.00308128
0.0030841
0.00308699
0.00308996
0.00309301
0.00309613
0.00309932
0.00310259
0.00310593
0.00310934
0.00311283
0.00311638
0.00312
0.00312369
0.00312745
0.00313126
0.00313515
0.00313909
0.00314309
0.00314715
0.00315126
0.00315543
0.00315965
0.00316393
0.00316825
0.00317262
0.00317703
0.00318149
0.00318599
0.00319053
0.00319511
0.00319972
0.00320437
0.00320905
0.00321376
0.00321851
0.00322328
0.00322808
0.00323291
0.00323776
0.00324263
0.00324753
0.00325245
0.00325738
0.00326234
0.00326732
0.00327231
0.00327733
0.00328235
0.0032874
0.00329246
0.00329753
0.00330263
0.00330773
0.00331285
0.00331799
0.00332314
0.0033283
0.00333348
0.00333867
0.00334388
0.0033491
0.00335434
0.00335959
0.00336486
0.00337015
0.00337545
0.00338077
0.00338611
0.00339146
0.00339683
0.00340222
0.00340763
0.00341306
0.00341851
0.00342398
0.00342947
0.00343498
0.00344051
0.00344607
0.00345164
0.00345724
0.00346286
0.00346851
0.00347418
0.00347987
0.00348558
0.00349133
0.00349709
0.00350288
0.0035087
0.00351454
0.00352041
0.0035263
0.00353222
0.00353817
0.00354414
0.00355013
0.00355616
0.0035622
0.00356828
0.00357438
0.00358051
0.00358666
0.00359284
0.00359905
0.00360528
0.00361153
0.00361781
0.00362412
0.00363045
0.00363681
0.00364319
0.00364959
0.00365602
0.00366247
0.00366895
0.00367545
0.00368197
0.00368851
0.00369508
0.00370167
0.00370828
0.00371491
0.00372156
0.00372824
0.00373493
0.00374164
0.00374838
0.00375513
0.0037619
0.00376869
0.0037755
0.00378232
0.00378916
0.00379602
0.0038029
0.00380979
0.00381669
0.00382362
0.00383055
0.0038375
0.00384447
0.00385145
0.00385844
0.00386545
0.00387247
0.0038795
0.00388654
0.00389359
0.00390066
0.00390773
0.00391482
0.00392192
0.00392902
0.00393614
0.00394326
0.00395039
0.00395754
0.00396469
0.00397184
0.00397901
0.00398618
0.00399336
0.00400054
0.00400773
0.00401493
0.00402213
0.00402933
0.00403655
0.00404376
0.00405098
0.00405821
0.00406544
0.00407267
0.00407991
0.00408714
0.00409439
0.00410163
0.00410888
0.00411613
0.00412338
0.00413063
0.00413789
0.00414514
0.00415241
0.00415966
0.00416694
0.00417416
0.00418158
0.00418835
0.0041962
0.00420266
0.00420881
0.00421653
0.00422241
0.00422823
0.00423425
0.00424023
0.00424607
0.00425179
0.00425743
0.00426297
0.00426841
0.00427375
0.00427897
0.0042841
0.0042891
0.00429395
0.00429866
0.0043032
0.00430756
0.00431174
0.00431573
0.00431953
0.00432312
0.00432652
0.00432972
0.00433271
0.0043355
0.00433809
0.00434047
0.00434265
0.00434463
0.00434641
0.00434799
0.00434938
0.00435058
0.0043516
0.00435244
0.00435312
0.0043536
0.00435396
0.00435414
0.00435418
0.00435409
0.00435385
0.00435349
0.00435299
0.00435241
0.00435166
0.00435088
0.00434991
0.0043489
0.00434771
0.00434635
0.0043448
0.00434301
0.004341
0.00433876
0.00433628
0.00433356
0.00433059
0.00432737
0.00432389
0.00432014
0.00431612
0.00431181
0.00430721
0.00430231
0.00429711
0.00429158
0.00428572
0.00427951
0.00427294
0.00426599
0.00425864
0.00425088
0.00424266
0.00423396
0.00422477
0.00421505
0.00420479
0.00419395
0.00418251
0.00417042
0.00415766
0.00414418
0.00412994
0.00411488
0.00409895
0.00408208
0.00406421
0.00404524
0.0040251
0.00400369
0.00398097
0.00395675
0.00393129
0.0039042
0.00387683
0.00384833
0.00382465
0.00380205
0.00384528
0.00392199
0.00402129
0.00414694
0.00429118
0.00444939
0.00461935
0.00479861
0.00498426
0.0051754
0.00537252
0.00557493
0.00578129
0.00599383
0.0062162
0.00644937
0.00669333
0.0069516
0.00722107
0.00745949
0.00762066
0.00774806
0.00786234
0.00794764
0.00800369
0.00803925
0.00805136
0.00804226
0.00805744
0.00811267
0.00818732
0.00824953
0.00828151
0.00828954
0.00828845
0.0082817
0.0082651
0.00823619
0.00819765
0.00815197
0.0080999
0.0080413
0.00797762
0.00791171
0.00784584
0.00778079
0.00771673
0.00765362
0.00759139
0.00753005
0.00746975
0.00741053
0.00735218
0.00729453
0.00723798
0.00718338
0.00713147
0.00708292
0.00703756
0.00699374
0.00694952
0.0069049
0.00686137
0.00681923
0.00677701
0.00673363
0.00668997
0.0066476
0.00660613
0.0065636
0.00651954
0.00647567
0.00643332
0.00639147
0.00634836
0.00630448
0.00626219
0.00622165
0.00618003
0.00613566
0.00609099
0.00604953
0.00601034
0.00596916
0.00592441
0.00587783
0.00583153
0.00578625
0.00574193
0.00569819
0.00565464
0.0056108
0.005566
0.00552037
0.00547521
0.00543147
0.0053876
0.00534095
0.00529159
0.0052422
0.00519288
0.00514015
0.00508066
0.00501413
0.00494166
0.00486313
0.00477792
0.00468428
0.00458075
0.00446386
0.00432839
0.00416787
0.00398922
0.00378938
0.00358798
0.00329674
0.00298601
0.00260971
0.00219829
0.00184602
0.00151838
0.00137107
0.00146196
0.00161152
0.00172803
0.00185146
0.00203812
0.00243154
0.00307736
0.00383428
0.00458622
0.00531466
0.00600322
0.0066432
0.0072396
0.00780018
0.00833283
0.00884475
0.00934303
0.00983274
0.0103171
0.0107978
0.0112757
0.0117506
0.0122235
0.0126938
0.0131598
0.0136201
0.0140755
0.0145239
0.0149642
0.0153953
0.0158167
0.0162288
0.0166319
0.0170256
0.0174105
0.0177866
0.0181557
0.0185196
0.0188808
0.0192415
0.0196041
0.0199703
0.0203442
0.0207272
0.021119
0.0215186
0.0219233
0.0223277
0.0227259
0.0231107
0.0234774
0.02382
0.0241449
0.0244577
0.0247601
0.0250482
0.0253326
0.0256131
0.0258527
0.0260931
0.0263147
0.0265254
0.0267228
0.0269084
0.0270816
0.0272432
0.0273932
0.0275322
0.0276604
0.0277783
0.0278862
0.0279846
0.0280738
0.0281541
0.0282256
0.0282887
0.0283431
0.0283893
0.0284273
0.0284576
0.0284807
0.0284976
0.0285088
0.0285147
0.0285155
0.0285117
0.0285036
0.0284918
0.0284764
0.0284579
0.0284363
0.028412
0.028385
0.0283555
0.0283235
0.0282891
0.0282523
0.0282131
0.0281714
0.0281271
0.0280802
0.0280305
0.0279779
0.0279223
0.0278636
0.0278015
0.027736
0.0276669
0.0275941
0.0275174
0.0274369
0.0273523
0.0272636
0.0271708
0.0270738
0.0269725
0.026867
0.0267573
0.0266435
0.0265255
0.0264037
0.0262778
0.0261483
0.0260151
0.0258784
0.0257385
0.0255954
0.0254494
0.0253008
0.0251496
0.0249963
0.0248408
0.0246835
0.0245247
0.0243645
0.0242031
0.0240408
0.0238778
0.0237144
0.0235505
0.0233866
0.0232226
0.0230588
0.0228951
0.0227318
0.0225686
0.0224057
0.0222426
0.0220791
0.0219142
0.0217481
0.0215792
0.0214064
0.0212264
0.0210326
0.0208336
0.0205757
0.020388
0.0199356
0.019934
0.00301141
0.00300927
0.00300773
0.00300709
0.00300679
0.00300661
0.00300652
0.00300648
0.00300642
0.00300634
0.00300622
0.00300608
0.00300594
0.00300581
0.00300568
0.00300558
0.00300551
0.00300548
0.00300548
0.00300552
0.00300559
0.00300571
0.00300585
0.00300604
0.00300626
0.00300653
0.00300688
0.00300734
0.00300795
0.00300873
0.0030097
0.00301087
0.00301225
0.00301382
0.00301556
0.00301746
0.0030195
0.00302165
0.00302391
0.00302627
0.00302871
0.00303123
0.00303383
0.0030365
0.00303924
0.00304205
0.00304493
0.00304788
0.0030509
0.00305399
0.00305714
0.00306037
0.00306366
0.00306702
0.00307044
0.00307394
0.00307749
0.00308112
0.00308481
0.00308857
0.00309239
0.00309627
0.00310022
0.00310422
0.00310829
0.00311242
0.00311661
0.00312086
0.00312517
0.00312953
0.00313395
0.00313842
0.00314294
0.00314751
0.00315214
0.00315681
0.00316153
0.0031663
0.00317111
0.00317597
0.00318086
0.0031858
0.00319077
0.00319579
0.00320084
0.00320592
0.00321104
0.00321619
0.00322137
0.00322658
0.00323182
0.00323709
0.00324238
0.0032477
0.00325305
0.00325841
0.0032638
0.00326922
0.00327465
0.0032801
0.00328557
0.00329107
0.00329657
0.0033021
0.00330765
0.00331321
0.00331878
0.00332438
0.00332999
0.00333561
0.00334125
0.00334691
0.00335258
0.00335826
0.00336397
0.00336968
0.00337541
0.00338116
0.00338692
0.00339269
0.00339849
0.00340429
0.00341012
0.00341595
0.00342181
0.00342768
0.00343357
0.00343947
0.00344539
0.00345133
0.00345729
0.00346326
0.00346926
0.00347527
0.0034813
0.00348734
0.00349341
0.0034995
0.0035056
0.00351173
0.00351788
0.00352404
0.00353023
0.00353644
0.00354267
0.00354892
0.00355519
0.00356148
0.0035678
0.00357413
0.00358049
0.00358687
0.00359327
0.00359969
0.00360614
0.0036126
0.00361909
0.0036256
0.00363214
0.00363869
0.00364527
0.00365187
0.00365849
0.00366513
0.0036718
0.00367849
0.00368519
0.00369192
0.00369867
0.00370545
0.00371224
0.00371905
0.00372589
0.00373274
0.00373962
0.00374652
0.00375343
0.00376037
0.00376732
0.0037743
0.00378129
0.00378831
0.00379534
0.00380239
0.00380945
0.00381654
0.00382364
0.00383077
0.0038379
0.00384506
0.00385223
0.00385942
0.00386663
0.00387385
0.00388108
0.00388834
0.0038956
0.00390289
0.00391018
0.00391749
0.00392482
0.00393216
0.00393951
0.00394688
0.00395426
0.00396165
0.00396905
0.00397647
0.0039839
0.00399134
0.0039988
0.00400626
0.00401374
0.00402122
0.00402872
0.00403623
0.00404375
0.00405128
0.00405882
0.00406637
0.00407392
0.00408149
0.00408907
0.00409666
0.00410425
0.00411186
0.00411947
0.00412709
0.00413472
0.00414236
0.00415001
0.00415767
0.00416533
0.00417302
0.00418066
0.00418851
0.00419566
0.00420402
0.0042112
0.0042186
0.00422796
0.00423536
0.00424272
0.00425033
0.0042579
0.00426534
0.00427266
0.0042799
0.00428705
0.0042941
0.00430106
0.00430791
0.00431468
0.00432131
0.00432782
0.00433423
0.0043405
0.0043466
0.00435256
0.00435835
0.00436397
0.00436941
0.00437467
0.00437975
0.00438464
0.00438933
0.00439384
0.00439814
0.00440225
0.00440616
0.00440988
0.00441339
0.00441671
0.00441984
0.00442278
0.00442553
0.0044281
0.00443047
0.0044327
0.00443474
0.00443661
0.00443834
0.0044399
0.00444132
0.00444259
0.00444374
0.00444471
0.00444562
0.00444632
0.00444697
0.00444741
0.00444767
0.00444773
0.00444755
0.00444714
0.00444649
0.00444559
0.00444443
0.00444302
0.00444134
0.00443939
0.00443716
0.00443463
0.0044318
0.00442866
0.00442519
0.00442139
0.00441724
0.00441273
0.00440783
0.00440252
0.00439677
0.00439059
0.00438396
0.00437683
0.0043692
0.00436103
0.0043523
0.00434299
0.00433306
0.00432248
0.0043112
0.00429919
0.0042864
0.00427278
0.00425828
0.00424282
0.00422634
0.00420876
0.00419
0.00416997
0.00414856
0.00412575
0.00410138
0.00407566
0.00404839
0.00402077
0.00399244
0.00396854
0.00394552
0.0039853
0.00405686
0.00415048
0.00426927
0.00440653
0.00455742
0.00472009
0.00489236
0.00507163
0.00525714
0.00544939
0.00564779
0.00585135
0.00606227
0.00628371
0.00651649
0.00676027
0.00701635
0.00727908
0.00751113
0.00767707
0.00781436
0.00793497
0.00802715
0.00809083
0.00813402
0.00815507
0.00815848
0.00818348
0.00824106
0.00831421
0.00837541
0.00840999
0.00842312
0.00842673
0.00842346
0.00841011
0.00838468
0.00834957
0.00830694
0.00825763
0.00820179
0.00814091
0.00807761
0.00801402
0.00795097
0.00788876
0.00782741
0.00776694
0.00770737
0.00764886
0.00759146
0.00753501
0.00747941
0.00742504
0.00737267
0.00732298
0.0072765
0.00723305
0.00719119
0.00714924
0.00710717
0.00706615
0.0070264
0.00698669
0.00694611
0.00690537
0.00686574
0.00682689
0.00678719
0.00674625
0.00670549
0.006666
0.00662698
0.00658697
0.00654636
0.0065071
0.00646933
0.00643065
0.00638971
0.00634852
0.00631004
0.00627347
0.00623519
0.0061938
0.00615069
0.00610773
0.00606565
0.00602444
0.00598379
0.00594332
0.00590259
0.00586103
0.00581873
0.00577682
0.00573606
0.00569508
0.00565154
0.00560542
0.00555891
0.00551197
0.00546139
0.00540405
0.00533946
0.00526838
0.00519054
0.00510518
0.00501042
0.00490458
0.00478413
0.00464424
0.00447884
0.00429464
0.0040887
0.00388097
0.00359115
0.00327862
0.00290993
0.00247316
0.00207948
0.0016931
0.00143195
0.00144266
0.00160472
0.00175808
0.00187189
0.00201134
0.00227996
0.00279259
0.00348867
0.00423583
0.00498576
0.00571224
0.0063978
0.00704223
0.00765043
0.00822775
0.00878008
0.00931419
0.0098353
0.0103473
0.0108523
0.0113521
0.0118468
0.0123377
0.0128246
0.0133059
0.0137808
0.0142499
0.0147113
0.0151641
0.0156073
0.0160406
0.0164639
0.016878
0.0172821
0.0176771
0.018063
0.0184413
0.0188139
0.0191828
0.0195504
0.0199187
0.0202894
0.0206661
0.02105
0.0214408
0.0218375
0.0222375
0.022636
0.0230274
0.0234055
0.0237661
0.0241043
0.0244246
0.0247325
0.0250287
0.0253112
0.0255856
0.0258576
0.0260892
0.0263208
0.026534
0.0267354
0.0269233
0.027099
0.0272621
0.0274134
0.0275529
0.0276811
0.0277984
0.0279052
0.028002
0.0280891
0.028167
0.0282359
0.0282961
0.0283477
0.028391
0.0284263
0.0284536
0.0284738
0.0284871
0.0284946
0.0284968
0.0284939
0.0284861
0.0284742
0.0284582
0.0284388
0.0284162
0.0283907
0.0283625
0.028332
0.0282992
0.0282644
0.0282276
0.0281889
0.0281482
0.0281057
0.0280614
0.028015
0.0279667
0.0279163
0.0278638
0.0278089
0.0277517
0.0276918
0.0276293
0.027564
0.0274957
0.0274244
0.0273499
0.0272721
0.0271911
0.0271065
0.0270185
0.0269269
0.0268317
0.026733
0.0266307
0.0265249
0.0264157
0.026303
0.0261871
0.0260679
0.0259457
0.0258205
0.0256925
0.0255618
0.0254287
0.0252932
0.0251555
0.0250159
0.0248746
0.0247316
0.0245872
0.0244416
0.0242949
0.0241473
0.0239991
0.0238502
0.023701
0.0235515
0.0234018
0.0232519
0.0231019
0.0229517
0.0228013
0.0226501
0.0224981
0.0223442
0.0221884
0.0220293
0.021865
0.0216935
0.0215076
0.0213185
0.02107
0.0209041
0.0204519
0.0205136
0.00292918
0.00292864
0.00292835
0.00292815
0.00292798
0.00292784
0.00292776
0.00292774
0.00292776
0.0029278
0.00292786
0.00292794
0.00292805
0.00292819
0.00292836
0.00292858
0.00292885
0.00292917
0.00292954
0.00292996
0.00293044
0.00293097
0.00293156
0.00293219
0.00293287
0.00293359
0.00293438
0.00293524
0.00293621
0.00293732
0.00293859
0.00294003
0.00294166
0.00294347
0.00294546
0.00294761
0.00294991
0.00295232
0.00295485
0.00295747
0.00296018
0.00296296
0.00296582
0.00296874
0.00297172
0.00297477
0.00297788
0.00298105
0.00298428
0.00298757
0.00299091
0.00299432
0.00299779
0.00300131
0.00300489
0.00300854
0.00301224
0.003016
0.00301981
0.00302369
0.00302762
0.00303162
0.00303567
0.00303978
0.00304394
0.00304817
0.00305245
0.00305679
0.00306118
0.00306563
0.00307013
0.00307469
0.0030793
0.00308397
0.00308869
0.00309346
0.00309828
0.00310315
0.00310807
0.00311304
0.00311805
0.00312311
0.00312822
0.00313337
0.00313856
0.0031438
0.00314907
0.00315439
0.00315975
0.00316514
0.00317057
0.00317604
0.00318154
0.00318708
0.00319264
0.00319824
0.00320388
0.00320954
0.00321522
0.00322094
0.00322669
0.00323246
0.00323825
0.00324407
0.00324992
0.00325578
0.00326167
0.00326758
0.00327351
0.00327947
0.00328544
0.00329143
0.00329744
0.00330347
0.00330951
0.00331558
0.00332166
0.00332775
0.00333387
0.00334
0.00334614
0.0033523
0.00335848
0.00336467
0.00337088
0.0033771
0.00338334
0.00338959
0.00339586
0.00340215
0.00340844
0.00341476
0.00342109
0.00342743
0.00343379
0.00344016
0.00344655
0.00345296
0.00345938
0.00346582
0.00347227
0.00347874
0.00348523
0.00349173
0.00349825
0.00350478
0.00351134
0.00351791
0.00352449
0.0035311
0.00353772
0.00354436
0.00355101
0.00355769
0.00356438
0.0035711
0.00357783
0.00358457
0.00359134
0.00359813
0.00360493
0.00361175
0.0036186
0.00362546
0.00363234
0.00363924
0.00364615
0.00365309
0.00366005
0.00366703
0.00367402
0.00368104
0.00368807
0.00369512
0.0037022
0.00370929
0.0037164
0.00372353
0.00373068
0.00373785
0.00374504
0.00375224
0.00375947
0.00376671
0.00377398
0.00378126
0.00378856
0.00379588
0.00380321
0.00381057
0.00381794
0.00382534
0.00383275
0.00384018
0.00384762
0.00385508
0.00386257
0.00387006
0.00387758
0.00388511
0.00389266
0.00390023
0.00390782
0.00391542
0.00392303
0.00393067
0.00393832
0.00394598
0.00395367
0.00396136
0.00396908
0.00397681
0.00398455
0.00399231
0.00400009
0.00400788
0.00401569
0.00402351
0.00403135
0.0040392
0.00404707
0.00405496
0.00406285
0.00407077
0.00407869
0.00408663
0.00409459
0.00410256
0.00411055
0.00411855
0.00412657
0.0041346
0.00414265
0.00415073
0.00415875
0.00416702
0.00417454
0.00418338
0.0041913
0.00420005
0.00421115
0.0042202
0.00422924
0.00423857
0.00424787
0.00425702
0.00426607
0.00427504
0.00428393
0.00429273
0.00430145
0.00431005
0.00431858
0.00432699
0.0043353
0.00434355
0.00435168
0.00435969
0.00436757
0.00437532
0.00438293
0.00439038
0.00439767
0.00440481
0.00441177
0.00441855
0.00442515
0.00443157
0.0044378
0.00444384
0.00444969
0.00445535
0.0044608
0.00446607
0.00447113
0.00447601
0.00448069
0.00448516
0.00448948
0.00449359
0.00449753
0.0045013
0.00450488
0.00450831
0.00451156
0.00451468
0.00451759
0.00452042
0.00452302
0.00452554
0.00452785
0.00452996
0.00453187
0.00453354
0.00453497
0.00453615
0.00453708
0.00453774
0.00453814
0.00453826
0.0045381
0.00453764
0.00453687
0.00453579
0.00453436
0.00453258
0.00453044
0.00452793
0.00452503
0.00452172
0.00451798
0.0045138
0.00450915
0.00450402
0.00449837
0.0044922
0.00448546
0.00447813
0.00447018
0.00446157
0.00445227
0.00444223
0.0044314
0.00441974
0.00440718
0.00439367
0.00437914
0.00436351
0.00434671
0.00432863
0.0043092
0.00428831
0.00426593
0.00424194
0.00421655
0.00418969
0.00416241
0.00413485
0.00411124
0.00408827
0.00412497
0.00419157
0.0042796
0.00439154
0.00452167
0.00466502
0.00481996
0.00498463
0.00515667
0.00533551
0.00552165
0.00571469
0.00591396
0.00612162
0.00634036
0.00657079
0.00681207
0.00706355
0.00731799
0.00754308
0.0077122
0.00785754
0.0079835
0.00808214
0.00815335
0.00820449
0.00823495
0.00825066
0.00828505
0.00834497
0.00841689
0.00847739
0.00851454
0.00853246
0.00854051
0.00854066
0.00853058
0.00850863
0.00847698
0.00843745
0.00839097
0.00833795
0.00827988
0.00821919
0.00815785
0.00809675
0.0080363
0.00797661
0.00791775
0.0078598
0.00780291
0.00774715
0.00769241
0.00763866
0.00758626
0.0075359
0.00748816
0.0074435
0.0074017
0.00736152
0.00732155
0.00728171
0.00724291
0.00720527
0.00716779
0.00712971
0.0070916
0.00705447
0.00701801
0.00698091
0.00694284
0.00690497
0.00686818
0.00683182
0.00679473
0.00675723
0.00672088
0.00668578
0.00664997
0.00661236
0.0065746
0.00653909
0.00650516
0.00646982
0.00643185
0.00639235
0.00635289
0.00631421
0.00627635
0.00623904
0.00620194
0.00616467
0.00612674
0.00608821
0.00605002
0.0060128
0.00597533
0.00593557
0.00589343
0.00585065
0.00580701
0.00575962
0.00570558
0.00564419
0.00557586
0.00550016
0.00541615
0.00532183
0.00521532
0.0050931
0.00495075
0.00478263
0.00459512
0.00438577
0.00417376
0.00388893
0.00357746
0.00322092
0.00278042
0.00235433
0.00192913
0.00155153
0.00144445
0.00156864
0.0017465
0.00187779
0.00200974
0.00220268
0.00257071
0.00316393
0.00387091
0.00461904
0.00536861
0.00609075
0.00677806
0.00743168
0.00805363
0.0086477
0.00921967
0.00977451
0.0103163
0.0108478
0.0113712
0.0118873
0.0123975
0.0129021
0.0133998
0.0138901
0.0143736
0.0148489
0.0153148
0.0157709
0.0162165
0.0166519
0.0170774
0.0174926
0.0178982
0.0182943
0.0186822
0.0190637
0.0194405
0.0198148
0.0201887
0.0205634
0.0209423
0.0213265
0.0217155
0.0221086
0.0225032
0.022895
0.0232791
0.0236499
0.0240036
0.0243365
0.0246514
0.0249535
0.025243
0.025519
0.0257835
0.026047
0.0262701
0.0264926
0.0266971
0.026889
0.0270673
0.0272332
0.0273862
0.0275272
0.0276561
0.0277737
0.0278801
0.027976
0.0280617
0.0281377
0.0282043
0.0282619
0.0283107
0.028351
0.028383
0.0284072
0.0284239
0.0284335
0.0284367
0.0284342
0.0284265
0.0284139
0.0283967
0.0283754
0.0283504
0.0283221
0.0282907
0.0282568
0.0282204
0.028182
0.0281416
0.0280995
0.0280558
0.0280107
0.0279641
0.0279161
0.0278669
0.0278163
0.0277643
0.027711
0.0276561
0.0275998
0.0275418
0.027482
0.0274205
0.0273569
0.0272912
0.0272234
0.0271533
0.0270808
0.0270058
0.0269282
0.026848
0.026765
0.0266793
0.0265908
0.0264995
0.0264054
0.0263085
0.0262089
0.0261066
0.0260015
0.025894
0.0257839
0.0256714
0.0255566
0.0254397
0.0253207
0.0251998
0.025077
0.0249527
0.0248267
0.0246995
0.0245709
0.0244412
0.0243106
0.0241791
0.0240468
0.023914
0.0237806
0.0236467
0.0235123
0.0233775
0.0232421
0.023106
0.0229688
0.0228302
0.0226893
0.0225458
0.0223985
0.0222453
0.0220846
0.0219095
0.0217327
0.0214979
0.0213541
0.020908
0.0210307
0.00279589
0.00279637
0.0027976
0.00279892
0.00280026
0.00280159
0.00280291
0.00280421
0.00280547
0.00280668
0.00280784
0.00280896
0.00281006
0.00281114
0.00281222
0.0028133
0.00281439
0.0028155
0.00281663
0.0028178
0.00281899
0.00282022
0.00282149
0.0028228
0.00282414
0.00282551
0.00282692
0.00282838
0.00282991
0.00283153
0.00283327
0.00283515
0.00283718
0.00283937
0.00284172
0.00284423
0.00284688
0.00284966
0.00285254
0.00285552
0.00285858
0.00286172
0.00286492
0.00286818
0.0028715
0.00287487
0.00287829
0.00288176
0.00288528
0.00288886
0.00289248
0.00289615
0.00289987
0.00290364
0.00290745
0.00291132
0.00291524
0.0029192
0.00292322
0.00292729
0.0029314
0.00293557
0.00293978
0.00294405
0.00294837
0.00295273
0.00295715
0.00296162
0.00296614
0.00297071
0.00297533
0.00298
0.00298472
0.00298949
0.00299431
0.00299918
0.0030041
0.00300907
0.00301408
0.00301915
0.00302426
0.00302942
0.00303462
0.00303987
0.00304517
0.00305051
0.00305589
0.00306132
0.00306679
0.00307231
0.00307786
0.00308346
0.00308909
0.00309477
0.00310048
0.00310623
0.00311202
0.00311784
0.0031237
0.00312959
0.00313552
0.00314148
0.00314747
0.0031535
0.00315955
0.00316564
0.00317175
0.00317789
0.00318406
0.00319026
0.00319648
0.00320272
0.003209
0.00321529
0.00322161
0.00322796
0.00323432
0.00324071
0.00324712
0.00325355
0.00326
0.00326647
0.00327296
0.00327947
0.003286
0.00329254
0.0032991
0.00330568
0.00331228
0.0033189
0.00332553
0.00333217
0.00333884
0.00334552
0.00335221
0.00335893
0.00336565
0.0033724
0.00337915
0.00338593
0.00339272
0.00339952
0.00340634
0.00341317
0.00342002
0.00342689
0.00343376
0.00344066
0.00344757
0.00345449
0.00346143
0.00346839
0.00347536
0.00348235
0.00348935
0.00349636
0.0035034
0.00351045
0.00351751
0.00352459
0.00353169
0.0035388
0.00354593
0.00355308
0.00356024
0.00356742
0.00357461
0.00358182
0.00358905
0.0035963
0.00360356
0.00361084
0.00361814
0.00362545
0.00363278
0.00364013
0.0036475
0.00365488
0.00366228
0.0036697
0.00367714
0.0036846
0.00369207
0.00369956
0.00370707
0.0037146
0.00372214
0.0037297
0.00373729
0.00374489
0.0037525
0.00376014
0.0037678
0.00377547
0.00378316
0.00379087
0.0037986
0.00380635
0.00381411
0.00382189
0.0038297
0.00383752
0.00384536
0.00385322
0.00386109
0.00386899
0.0038769
0.00388483
0.00389278
0.00390075
0.00390874
0.00391675
0.00392478
0.00393282
0.00394089
0.00394897
0.00395707
0.00396519
0.00397333
0.00398149
0.00398967
0.00399787
0.00400609
0.00401432
0.00402258
0.00403085
0.00403915
0.00404747
0.0040558
0.00406416
0.00407254
0.00408094
0.00408936
0.00409782
0.00410622
0.00411489
0.00412277
0.00413206
0.00414077
0.00415099
0.00416398
0.00417482
0.00418568
0.00419687
0.00420804
0.00421906
0.00422997
0.00424082
0.00425159
0.00426227
0.00427287
0.00428337
0.0042938
0.00430412
0.00431438
0.00432461
0.00433476
0.00434481
0.00435478
0.00436464
0.00437439
0.00438402
0.00439352
0.00440288
0.00441208
0.00442113
0.00443002
0.00443873
0.00444727
0.00445563
0.00446381
0.00447179
0.00447958
0.00448717
0.00449456
0.00450175
0.00450875
0.00451553
0.00452214
0.00452852
0.00453472
0.00454074
0.00454655
0.00455219
0.00455763
0.00456292
0.00456797
0.00457293
0.00457763
0.00458224
0.0045866
0.00459078
0.00459475
0.00459848
0.00460197
0.00460521
0.00460819
0.0046109
0.00461333
0.00461547
0.00461732
0.00461887
0.0046201
0.00462101
0.00462157
0.00462178
0.00462161
0.00462106
0.00462011
0.00461875
0.00461695
0.00461469
0.00461195
0.00460871
0.00460495
0.00460063
0.00459572
0.0045902
0.00458403
0.00457717
0.00456958
0.00456121
0.00455201
0.00454193
0.0045309
0.00451887
0.00450575
0.00449147
0.00447595
0.00445908
0.0044408
0.00442099
0.00439963
0.00437665
0.00435223
0.00432646
0.00430021
0.00427409
0.00425138
0.00422903
0.00426312
0.00432496
0.00440756
0.00451274
0.00463563
0.00477128
0.00491818
0.00507475
0.00523888
0.00541011
0.00558902
0.00577539
0.00596886
0.00617152
0.00638564
0.00661156
0.00684786
0.00709226
0.00733681
0.00755408
0.00772463
0.0078758
0.00800588
0.00811028
0.0081887
0.00824792
0.00828799
0.00831562
0.00835894
0.00842123
0.0084923
0.00855252
0.0085923
0.00861478
0.00862714
0.00863075
0.00862404
0.00860566
0.00857758
0.00854131
0.00849783
0.00844777
0.00839263
0.00833462
0.00827559
0.00821648
0.00815779
0.00809973
0.00804242
0.00798601
0.00793064
0.0078764
0.00782324
0.00777119
0.0077206
0.00767207
0.00762608
0.00758303
0.00754267
0.00750396
0.00746572
0.00742783
0.00739098
0.00735521
0.00731971
0.00728387
0.00724811
0.00721321
0.00717892
0.00714418
0.00710874
0.00707352
0.00703922
0.00700534
0.00697098
0.00693637
0.00690278
0.00687022
0.00683717
0.00680275
0.00676829
0.0067357
0.00670441
0.006672
0.00663747
0.00660163
0.00656582
0.00653071
0.00649642
0.00646271
0.0064293
0.00639587
0.00636198
0.00632772
0.00629385
0.00626084
0.00622767
0.00619257
0.00615539
0.00611743
0.00607836
0.00603556
0.00598634
0.00592978
0.00586594
0.00579417
0.00571334
0.00562132
0.00551604
0.00539398
0.00525111
0.00508226
0.00489333
0.00468277
0.00446803
0.00418983
0.00388178
0.00353648
0.00310877
0.00266454
0.00222298
0.00175146
0.0014933
0.0015303
0.00172081
0.0019012
0.00203088
0.00218652
0.00243467
0.00289028
0.00351901
0.00423309
0.00498305
0.00572736
0.0064485
0.00714236
0.00780665
0.00844212
0.00905286
0.00964301
0.0102164
0.0107762
0.0113249
0.0118639
0.0123949
0.0129184
0.0134335
0.0139402
0.0144391
0.0149289
0.0154087
0.0158782
0.016337
0.0167849
0.0172226
0.0176495
0.0180662
0.0184729
0.0188708
0.0192615
0.0196464
0.0200276
0.020407
0.0207855
0.0211662
0.0215502
0.021937
0.0223259
0.0227146
0.0230993
0.0234756
0.0238386
0.0241849
0.0245116
0.0248201
0.0251159
0.0253983
0.0256676
0.0259225
0.0261776
0.026392
0.0266054
0.0268012
0.0269838
0.0271529
0.0273091
0.0274525
0.0275835
0.0277025
0.0278099
0.0279061
0.0279916
0.0280669
0.0281323
0.0281881
0.0282349
0.0282729
0.0283024
0.0283238
0.0283374
0.0283436
0.0283431
0.0283362
0.0283237
0.028306
0.0282835
0.0282565
0.0282255
0.0281908
0.0281529
0.0281121
0.0280688
0.0280232
0.0279756
0.0279264
0.0278756
0.0278235
0.0277703
0.027716
0.0276608
0.0276047
0.0275479
0.0274902
0.0274317
0.0273725
0.0273124
0.0272514
0.0271895
0.0271266
0.0270626
0.0269974
0.026931
0.0268632
0.0267939
0.0267231
0.0266507
0.0265766
0.0265007
0.0264231
0.0263434
0.0262619
0.0261784
0.026093
0.0260056
0.0259162
0.0258248
0.0257315
0.0256363
0.0255393
0.0254404
0.0253398
0.0252375
0.0251337
0.0250282
0.0249214
0.0248132
0.0247038
0.0245931
0.0244814
0.0243687
0.0242551
0.0241406
0.0240254
0.0239094
0.0237928
0.0236753
0.0235572
0.0234381
0.0233179
0.0231963
0.0230728
0.0229467
0.0228174
0.0226841
0.0225441
0.0223965
0.0222351
0.0220727
0.0218555
0.0217336
0.0212997
0.0214795
0.0026167
0.00261876
0.0026224
0.00262594
0.00262938
0.00263273
0.00263596
0.00263907
0.00264205
0.00264491
0.00264763
0.00265025
0.00265276
0.00265519
0.00265754
0.00265983
0.00266208
0.00266429
0.00266647
0.00266864
0.0026708
0.00267295
0.00267511
0.00267728
0.00267946
0.00268165
0.00268385
0.00268607
0.00268832
0.00269062
0.00269299
0.00269545
0.00269802
0.00270073
0.00270356
0.00270654
0.00270964
0.00271287
0.0027162
0.00271961
0.00272311
0.00272668
0.0027303
0.00273397
0.0027377
0.00274146
0.00274527
0.00274912
0.00275301
0.00275693
0.0027609
0.0027649
0.00276895
0.00277303
0.00277715
0.0027813
0.0027855
0.00278974
0.00279402
0.00279833
0.00280269
0.00280709
0.00281153
0.00281601
0.00282054
0.0028251
0.00282971
0.00283436
0.00283905
0.00284379
0.00284857
0.00285339
0.00285825
0.00286316
0.00286812
0.00287312
0.00287816
0.00288324
0.00288837
0.00289354
0.00289876
0.00290402
0.00290933
0.00291467
0.00292006
0.0029255
0.00293097
0.00293649
0.00294205
0.00294766
0.0029533
0.00295899
0.00296472
0.00297048
0.00297629
0.00298214
0.00298803
0.00299395
0.00299992
0.00300592
0.00301196
0.00301804
0.00302415
0.0030303
0.00303648
0.0030427
0.00304895
0.00305524
0.00306156
0.00306791
0.00307429
0.00308071
0.00308715
0.00309363
0.00310013
0.00310667
0.00311323
0.00311982
0.00312643
0.00313308
0.00313974
0.00314644
0.00315316
0.0031599
0.00316667
0.00317346
0.00318028
0.00318711
0.00319397
0.00320085
0.00320775
0.00321467
0.00322162
0.00322858
0.00323556
0.00324256
0.00324958
0.00325662
0.00326368
0.00327075
0.00327785
0.00328496
0.00329209
0.00329923
0.00330639
0.00331357
0.00332077
0.00332798
0.00333521
0.00334245
0.00334971
0.00335698
0.00336428
0.00337158
0.00337891
0.00338624
0.0033936
0.00340097
0.00340835
0.00341575
0.00342317
0.0034306
0.00343805
0.00344551
0.00345299
0.00346048
0.00346799
0.00347552
0.00348306
0.00349061
0.00349818
0.00350577
0.00351338
0.003521
0.00352863
0.00353628
0.00354395
0.00355164
0.00355934
0.00356706
0.00357479
0.00358254
0.00359031
0.0035981
0.0036059
0.00361372
0.00362156
0.00362941
0.00363728
0.00364517
0.00365308
0.00366101
0.00366895
0.00367691
0.00368489
0.00369289
0.00370091
0.00370895
0.003717
0.00372507
0.00373317
0.00374128
0.00374941
0.00375756
0.00376573
0.00377392
0.00378213
0.00379036
0.00379861
0.00380688
0.00381518
0.00382349
0.00383182
0.00384017
0.00384855
0.00385695
0.00386537
0.00387381
0.00388227
0.00389075
0.00389926
0.00390779
0.00391634
0.00392492
0.00393352
0.00394214
0.00395079
0.00395946
0.00396816
0.00397688
0.00398563
0.0039944
0.0040032
0.00401204
0.00402084
0.0040299
0.00403816
0.00404789
0.00405745
0.00406929
0.00408429
0.00409709
0.00410994
0.00412314
0.00413634
0.00414938
0.00416232
0.00417519
0.00418799
0.00420071
0.00421335
0.00422588
0.00423836
0.00425075
0.0042631
0.00427546
0.00428778
0.00430004
0.00431225
0.00432438
0.00433645
0.00434842
0.00436029
0.00437204
0.00438367
0.00439516
0.00440651
0.0044177
0.00442873
0.00443958
0.00445026
0.00446075
0.00447105
0.00448115
0.00449105
0.00450074
0.00451023
0.00451949
0.00452858
0.00453742
0.00454606
0.00455451
0.00456273
0.00457076
0.00457857
0.00458621
0.00459358
0.00460085
0.00460782
0.00461469
0.00462129
0.00462771
0.00463392
0.0046399
0.00464564
0.00465113
0.00465636
0.00466134
0.00466604
0.00467046
0.00467459
0.00467841
0.00468193
0.00468512
0.00468797
0.00469046
0.00469259
0.00469433
0.00469567
0.00469659
0.00469707
0.00469709
0.00469663
0.00469565
0.00469414
0.00469206
0.00468938
0.00468607
0.00468209
0.0046774
0.00467196
0.0046657
0.00465859
0.00465056
0.00464155
0.00463148
0.00462029
0.00460789
0.0045942
0.00457912
0.00456257
0.00454447
0.00452478
0.00450349
0.00448076
0.0044568
0.00443236
0.00440839
0.00438731
0.00436623
0.00439827
0.00445561
0.00453299
0.00463151
0.00474713
0.00487498
0.0050136
0.00516168
0.00531731
0.00548016
0.00565083
0.00582929
0.00601546
0.00621136
0.00641884
0.00663791
0.00686659
0.00710142
0.0073344
0.00754274
0.00771273
0.00786722
0.00799997
0.00810912
0.00819416
0.00826123
0.00831079
0.00834975
0.00840147
0.00846618
0.00853681
0.0085972
0.00863972
0.00866665
0.00868327
0.00869046
0.00868731
0.00867269
0.00864838
0.00861561
0.00857541
0.00852856
0.00847656
0.00842142
0.00836486
0.00830788
0.00825106
0.00819469
0.00813898
0.0080841
0.00803023
0.00797748
0.00792587
0.00787545
0.00782657
0.00777974
0.00773538
0.00769379
0.00765475
0.00761737
0.00758067
0.00754454
0.00750943
0.00747534
0.00744163
0.00740781
0.00737417
0.00734131
0.007309
0.00727642
0.0072434
0.00721062
0.00717864
0.00714709
0.00711526
0.00708337
0.00705237
0.00702227
0.00699187
0.00696052
0.00692924
0.00689954
0.00687093
0.00684151
0.00681047
0.00677843
0.00674645
0.00671518
0.00668479
0.00665508
0.00662584
0.00659682
0.00656767
0.00653845
0.0065098
0.0064821
0.00645446
0.0064254
0.00639469
0.00636328
0.00633071
0.0062946
0.0062524
0.00620295
0.00614594
0.00608044
0.00600509
0.00591757
0.00581558
0.0056956
0.00555394
0.00538583
0.00519674
0.00498642
0.00476937
0.00449715
0.00419332
0.00385526
0.00344753
0.0030011
0.00255958
0.00204409
0.00162181
0.00151883
0.00166187
0.00187133
0.0020495
0.00219751
0.00237567
0.00269746
0.00320962
0.00385527
0.00457471
0.00531911
0.00605931
0.00678404
0.00748528
0.0081595
0.00880819
0.00943404
0.0100402
0.0106295
0.011205
0.0117683
0.0123213
0.0128649
0.0133985
0.0139225
0.0144375
0.0149428
0.0154373
0.0159209
0.0163933
0.0168545
0.017305
0.0177442
0.0181726
0.0185905
0.0189987
0.0193989
0.0197922
0.0201805
0.0205653
0.0209476
0.0213299
0.0217137
0.022098
0.0224825
0.0228651
0.0232424
0.0236106
0.0239654
0.0243038
0.0246236
0.0249253
0.0252143
0.0254895
0.0257519
0.0259977
0.0262448
0.0264506
0.0266553
0.0268427
0.0270166
0.0271769
0.0273243
0.0274586
0.0275806
0.0276904
0.0277886
0.0278755
0.0279516
0.0280173
0.028073
0.0281191
0.0281562
0.0281844
0.0282042
0.0282159
0.02822
0.0282168
0.0282068
0.0281907
0.0281688
0.0281417
0.0281098
0.0280733
0.0280328
0.0279886
0.0279412
0.0278908
0.0278379
0.0277827
0.0277256
0.0276669
0.0276068
0.0275455
0.0274832
0.0274202
0.0273564
0.0272922
0.0272275
0.0271625
0.0270972
0.0270316
0.0269659
0.0269
0.0268338
0.0267675
0.0267008
0.0266339
0.0265666
0.0264989
0.0264307
0.026362
0.0262926
0.0262226
0.0261518
0.0260801
0.0260076
0.0259341
0.0258596
0.0257841
0.0257075
0.0256298
0.0255509
0.0254708
0.0253896
0.0253072
0.0252235
0.0251387
0.0250527
0.0249656
0.0248774
0.0247881
0.0246976
0.0246062
0.0245138
0.0244204
0.0243261
0.0242309
0.0241349
0.024038
0.0239403
0.0238417
0.0237423
0.0236418
0.0235402
0.0234372
0.0233324
0.0232254
0.0231156
0.0230022
0.0228846
0.0227598
0.0226275
0.0224822
0.0223362
0.02214
0.0220392
0.0216232
0.0218548
0.00242093
0.00242361
0.00242805
0.00243229
0.00243639
0.0024404
0.00244431
0.00244811
0.0024518
0.00245539
0.00245888
0.00246228
0.00246558
0.00246882
0.00247198
0.00247509
0.00247815
0.00248117
0.00248415
0.00248711
0.00249006
0.00249298
0.00249591
0.00249883
0.00250175
0.00250468
0.00250761
0.00251054
0.00251349
0.00251646
0.00251946
0.00252252
0.00252566
0.0025289
0.00253225
0.00253571
0.00253929
0.00254298
0.00254677
0.00255065
0.0025546
0.00255861
0.00256268
0.0025668
0.00257095
0.00257515
0.00257937
0.00258363
0.00258791
0.00259223
0.00259657
0.00260094
0.00260534
0.00260977
0.00261423
0.00261871
0.00262323
0.00262778
0.00263235
0.00263696
0.0026416
0.00264627
0.00265097
0.0026557
0.00266047
0.00266527
0.00267011
0.00267497
0.00267988
0.00268481
0.00268979
0.00269479
0.00269984
0.00270492
0.00271004
0.00271519
0.00272038
0.00272561
0.00273087
0.00273618
0.00274152
0.0027469
0.00275232
0.00275777
0.00276327
0.0027688
0.00277437
0.00277998
0.00278563
0.00279131
0.00279704
0.00280281
0.00280861
0.00281445
0.00282033
0.00282625
0.00283221
0.0028382
0.00284423
0.00285031
0.00285641
0.00286256
0.00286874
0.00287496
0.00288122
0.00288751
0.00289384
0.0029002
0.0029066
0.00291304
0.00291951
0.00292601
0.00293255
0.00293912
0.00294573
0.00295236
0.00295903
0.00296574
0.00297247
0.00297924
0.00298603
0.00299286
0.00299971
0.0030066
0.00301351
0.00302045
0.00302743
0.00303442
0.00304145
0.0030485
0.00305558
0.00306269
0.00306982
0.00307697
0.00308415
0.00309136
0.00309858
0.00310584
0.00311311
0.00312041
0.00312773
0.00313507
0.00314244
0.00314982
0.00315723
0.00316465
0.0031721
0.00317957
0.00318706
0.00319456
0.00320209
0.00320964
0.0032172
0.00322478
0.00323239
0.00324001
0.00324765
0.0032553
0.00326298
0.00327067
0.00327838
0.00328611
0.00329385
0.00330161
0.00330939
0.00331719
0.003325
0.00333283
0.00334067
0.00334854
0.00335642
0.00336431
0.00337223
0.00338016
0.00338811
0.00339607
0.00340405
0.00341205
0.00342006
0.0034281
0.00343614
0.00344421
0.00345229
0.00346039
0.00346851
0.00347665
0.0034848
0.00349297
0.00350116
0.00350936
0.00351759
0.00352583
0.00353409
0.00354237
0.00355067
0.00355899
0.00356732
0.00357568
0.00358405
0.00359245
0.00360086
0.00360929
0.00361775
0.00362622
0.00363472
0.00364323
0.00365177
0.00366033
0.00366891
0.00367751
0.00368613
0.00369478
0.00370345
0.00371214
0.00372085
0.00372959
0.00373835
0.00374714
0.00375595
0.00376479
0.00377365
0.00378253
0.00379144
0.00380038
0.00380935
0.00381834
0.00382736
0.00383641
0.00384548
0.00385459
0.00386372
0.00387289
0.00388208
0.00389133
0.00390053
0.00391
0.00391866
0.00392883
0.00393931
0.00395292
0.00397008
0.003985
0.004
0.0040154
0.00403079
0.00404602
0.00406114
0.00407619
0.00409118
0.00410609
0.00412093
0.00413567
0.00415035
0.00416495
0.00417956
0.00419421
0.00420886
0.00422348
0.0042381
0.00425269
0.00426723
0.00428172
0.00429613
0.00431046
0.00432468
0.00433878
0.00435276
0.0043666
0.00438029
0.00439382
0.00440717
0.00442034
0.00443332
0.00444609
0.00445866
0.00447102
0.00448317
0.00449508
0.00450679
0.00451825
0.0045295
0.00454053
0.00455132
0.0045619
0.00457224
0.00458239
0.00459226
0.004602
0.00461142
0.00462072
0.00462975
0.00463859
0.00464724
0.00465567
0.00466387
0.00467182
0.00467954
0.00468701
0.00469421
0.00470115
0.0047078
0.00471416
0.00472022
0.00472596
0.00473137
0.00473644
0.00474114
0.00474547
0.0047494
0.00475292
0.00475601
0.00475863
0.00476078
0.00476241
0.00476351
0.00476404
0.00476396
0.00476325
0.00476187
0.00475976
0.00475688
0.00475318
0.00474861
0.0047431
0.00473658
0.004729
0.00472026
0.00471028
0.00469899
0.00468629
0.00467211
0.00465637
0.00463905
0.00462017
0.0045999
0.00457855
0.00455673
0.00453573
0.00451708
0.004498
0.00452862
0.00458178
0.00465418
0.00474622
0.00485454
0.00497451
0.00510469
0.00524396
0.00539062
0.0055444
0.00570596
0.00587539
0.00605283
0.00624019
0.00643894
0.00664873
0.00686712
0.00708989
0.00730958
0.0075076
0.00767479
0.00783008
0.00796366
0.00807617
0.00816689
0.00824124
0.00829978
0.00834918
0.00840862
0.00847573
0.00854628
0.00860723
0.00865262
0.00868392
0.00870483
0.0087158
0.00871647
0.00870587
0.00868562
0.00865669
0.00862014
0.00857687
0.00852832
0.00847635
0.00842255
0.00836794
0.00831322
0.00825872
0.00820475
0.00815152
0.00809924
0.00804806
0.00799803
0.00794927
0.00790209
0.00785694
0.00781417
0.00777399
0.00773623
0.00770013
0.00766489
0.00763039
0.00759691
0.00756442
0.00753239
0.00750045
0.00746879
0.00743784
0.00740742
0.00737689
0.00734613
0.00731566
0.00728591
0.0072566
0.00722722
0.00719793
0.00716948
0.00714183
0.00711409
0.00708578
0.0070577
0.007031
0.00700528
0.00697907
0.00695178
0.00692385
0.00689615
0.00686928
0.00684345
0.00681855
0.00679443
0.00677093
0.00674778
0.00672506
0.00670332
0.00668287
0.00666297
0.00664236
0.00662074
0.00659878
0.00657588
0.00654979
0.00651798
0.00647892
0.00643195
0.00637581
0.00630876
0.00622822
0.00613155
0.00601517
0.00587594
0.00570877
0.00552092
0.00530961
0.00508972
0.00481989
0.00451781
0.00418116
0.00379074
0.00335467
0.00291963
0.00241698
0.0018658
0.00157168
0.00160596
0.00180824
0.00201583
0.00217745
0.00235212
0.00259209
0.00297517
0.00351744
0.00417208
0.0048869
0.00562363
0.00636362
0.00709185
0.0077988
0.00848214
0.00914227
0.00978086
0.0104003
0.0110033
0.0115917
0.0121679
0.0127326
0.0132856
0.0138276
0.0143598
0.0148812
0.015391
0.0158893
0.016376
0.0168511
0.017315
0.017767
0.0182077
0.0186372
0.0190563
0.0194664
0.0198685
0.020264
0.0206546
0.0210408
0.0214249
0.0218085
0.0221904
0.0225705
0.022947
0.0233169
0.0236769
0.0240234
0.0243536
0.0246659
0.0249602
0.0252424
0.0255105
0.025766
0.0260035
0.0262432
0.0264407
0.0266373
0.026817
0.0269829
0.0271353
0.0272747
0.0274011
0.027515
0.0276168
0.0277068
0.0277855
0.0278533
0.0279107
0.027958
0.0279958
0.0280245
0.0280444
0.0280559
0.0280594
0.0280554
0.0280441
0.0280261
0.0280019
0.0279719
0.0279365
0.0278962
0.0278513
0.0278022
0.0277493
0.0276931
0.0276338
0.0275719
0.0275076
0.0274413
0.0273733
0.0273039
0.0272334
0.0271619
0.0270896
0.0270169
0.0269438
0.0268706
0.0267973
0.0267241
0.026651
0.0265783
0.0265059
0.0264339
0.0263623
0.0262912
0.0262206
0.0261504
0.0260807
0.0260114
0.0259426
0.0258741
0.0258059
0.0257379
0.0256702
0.0256026
0.025535
0.0254674
0.0253999
0.0253321
0.0252643
0.0251961
0.0251277
0.0250589
0.0249897
0.02492
0.0248498
0.024779
0.0247077
0.0246358
0.0245632
0.02449
0.0244161
0.0243415
0.0242662
0.0241902
0.0241134
0.0240359
0.0239576
0.0238784
0.0237983
0.0237172
0.0236351
0.0235515
0.0234665
0.0233794
0.02329
0.0231975
0.0231012
0.0230007
0.0228928
0.0227775
0.0226504
0.0225224
0.0223497
0.022269
0.0218757
0.0221505
0.00222333
0.00222443
0.00222655
0.00222883
0.00223136
0.00223411
0.00223703
0.00224007
0.00224319
0.00224637
0.00224959
0.00225284
0.00225611
0.00225938
0.00226266
0.00226595
0.00226925
0.00227255
0.00227585
0.00227917
0.00228249
0.00228582
0.00228917
0.00229254
0.00229592
0.00229931
0.00230272
0.00230615
0.00230959
0.00231305
0.00231654
0.00232008
0.00232367
0.00232734
0.0023311
0.00233496
0.00233893
0.00234301
0.00234719
0.00235145
0.00235579
0.0023602
0.00236466
0.00236917
0.00237371
0.00237829
0.0023829
0.00238753
0.00239218
0.00239686
0.00240156
0.00240628
0.00241102
0.00241578
0.00242056
0.00242537
0.0024302
0.00243504
0.00243992
0.00244481
0.00244973
0.00245467
0.00245963
0.00246462
0.00246964
0.00247468
0.00247974
0.00248483
0.00248995
0.0024951
0.00250027
0.00250548
0.00251071
0.00251597
0.00252126
0.00252657
0.00253192
0.0025373
0.00254271
0.00254816
0.00255363
0.00255913
0.00256467
0.00257024
0.00257584
0.00258148
0.00258714
0.00259284
0.00259858
0.00260435
0.00261015
0.00261599
0.00262186
0.00262776
0.0026337
0.00263968
0.00264569
0.00265173
0.00265781
0.00266392
0.00267007
0.00267626
0.00268248
0.00268873
0.00269503
0.00270135
0.00270771
0.00271411
0.00272054
0.00272701
0.00273351
0.00274004
0.00274661
0.00275322
0.00275986
0.00276653
0.00277324
0.00277998
0.00278675
0.00279356
0.0028004
0.00280728
0.00281418
0.00282112
0.00282809
0.0028351
0.00284213
0.0028492
0.0028563
0.00286342
0.00287058
0.00287777
0.00288499
0.00289224
0.00289951
0.00290682
0.00291415
0.00292152
0.00292891
0.00293632
0.00294377
0.00295124
0.00295874
0.00296627
0.00297382
0.00298139
0.002989
0.00299662
0.00300428
0.00301195
0.00301965
0.00302738
0.00303512
0.0030429
0.00305069
0.00305851
0.00306635
0.00307421
0.0030821
0.00309
0.00309793
0.00310588
0.00311385
0.00312184
0.00312985
0.00313789
0.00314594
0.00315402
0.00316211
0.00317023
0.00317836
0.00318652
0.00319469
0.00320289
0.0032111
0.00321934
0.00322759
0.00323586
0.00324416
0.00325247
0.0032608
0.00326915
0.00327752
0.00328591
0.00329433
0.00330275
0.0033112
0.00331967
0.00332816
0.00333667
0.0033452
0.00335375
0.00336232
0.00337091
0.00337952
0.00338815
0.0033968
0.00340548
0.00341417
0.00342289
0.00343162
0.00344038
0.00344916
0.00345797
0.00346679
0.00347564
0.00348451
0.00349341
0.00350232
0.00351127
0.00352023
0.00352922
0.00353824
0.00354728
0.00355634
0.00356544
0.00357456
0.0035837
0.00359287
0.00360208
0.0036113
0.00362056
0.00362985
0.00363916
0.00364851
0.00365788
0.00366729
0.00367673
0.0036862
0.00369571
0.00370524
0.00371482
0.00372442
0.00373408
0.0037437
0.0037536
0.00376269
0.00377328
0.00378475
0.00380028
0.0038197
0.00383689
0.00385421
0.00387195
0.00388968
0.00390725
0.00392471
0.0039421
0.00395944
0.00397669
0.00399388
0.00401096
0.004028
0.00404498
0.00406199
0.00407909
0.00409623
0.00411339
0.00413058
0.00414778
0.00416498
0.00418215
0.00419927
0.00421633
0.00423331
0.0042502
0.00426698
0.00428363
0.00430015
0.00431651
0.00433271
0.00434872
0.00436455
0.00438017
0.00439558
0.00441078
0.00442575
0.00444048
0.004455
0.00446925
0.00448327
0.00449707
0.0045106
0.0045239
0.00453694
0.00454977
0.0045623
0.00457468
0.00458673
0.00459863
0.00461026
0.0046217
0.00463297
0.00464402
0.00465486
0.00466548
0.00467588
0.00468604
0.00469595
0.00470561
0.004715
0.00472412
0.00473295
0.00474148
0.00474969
0.00475758
0.00476512
0.00477229
0.00477909
0.00478548
0.00479146
0.00479698
0.00480204
0.0048066
0.00481064
0.00481411
0.00481699
0.00481925
0.00482082
0.00482169
0.00482179
0.00482107
0.00481948
0.00481695
0.00481341
0.0048088
0.00480304
0.00479605
0.00478774
0.00477803
0.00476685
0.00475416
0.00473993
0.00472423
0.00470723
0.00468931
0.00467099
0.00465376
0.00463842
0.00462215
0.00465206
0.00470139
0.00476909
0.00485487
0.0049559
0.00506794
0.00518952
0.00531972
0.00545699
0.00560114
0.0057528
0.00591218
0.00607953
0.00625665
0.00644459
0.00664268
0.00684813
0.00705645
0.00726108
0.00744718
0.00760913
0.00776266
0.00789491
0.00800908
0.00810416
0.0081848
0.00825137
0.00831001
0.00837625
0.00844559
0.00851625
0.00857805
0.00862634
0.00866192
0.00868715
0.00870212
0.00870689
0.00870063
0.00868479
0.00866012
0.00862766
0.0085884
0.00854374
0.00849534
0.00844471
0.00839287
0.00834058
0.00828828
0.00823632
0.00818498
0.0081345
0.00808507
0.00803679
0.00798981
0.00794444
0.00790106
0.00785993
0.00782125
0.00778483
0.00775008
0.00771633
0.00768346
0.00765162
0.00762073
0.0075904
0.00756032
0.00753062
0.00750159
0.00747307
0.0074446
0.0074161
0.00738796
0.00736048
0.00733349
0.00730663
0.00728002
0.00725424
0.00722926
0.00720441
0.00717939
0.0071548
0.00713154
0.00710927
0.00708692
0.00706411
0.00704115
0.00701876
0.00699752
0.00697772
0.00695932
0.00694228
0.00692654
0.00691194
0.00689861
0.00688703
0.00687749
0.0068694
0.0068616
0.0068537
0.0068461
0.00683807
0.00682724
0.00681089
0.00678674
0.00675416
0.00671124
0.00665573
0.00658449
0.0064945
0.00638187
0.00624557
0.0060784
0.00588705
0.0056737
0.00544829
0.00517452
0.00486762
0.00452382
0.00413983
0.00371842
0.00329046
0.00282879
0.00224038
0.00173772
0.00159493
0.0017241
0.00196243
0.00217853
0.00234349
0.00254836
0.00283403
0.00325466
0.0038111
0.00446166
0.00516561
0.00589699
0.00663541
0.007364
0.00807491
0.00876506
0.00943379
0.0100822
0.0107125
0.0113263
0.011926
0.0125124
0.0130855
0.0136462
0.014196
0.0147341
0.0152598
0.0157735
0.0162749
0.0167643
0.0172421
0.0177076
0.018161
0.0186026
0.019033
0.0194535
0.0198648
0.0202681
0.0206648
0.0210552
0.0214415
0.0218252
0.0222051
0.0225812
0.0229517
0.0233145
0.0236664
0.0240045
0.0243263
0.0246309
0.0249177
0.0251929
0.0254542
0.0257032
0.0259332
0.026166
0.0263563
0.0265454
0.0267182
0.026877
0.0270225
0.0271549
0.0272744
0.0273815
0.0274763
0.0275594
0.0276311
0.0276919
0.0277423
0.0277828
0.0278138
0.0278357
0.0278489
0.0278538
0.0278508
0.0278402
0.0278224
0.027798
0.0277673
0.0277307
0.0276886
0.0276415
0.0275896
0.0275334
0.0274732
0.0274095
0.0273426
0.0272729
0.0272007
0.0271263
0.02705
0.0269721
0.026893
0.0268129
0.0267321
0.0266507
0.026569
0.0264873
0.0264056
0.0263242
0.0262433
0.0261629
0.0260833
0.0260045
0.0259267
0.0258499
0.0257742
0.0256997
0.0256264
0.0255544
0.0254836
0.025414
0.0253456
0.0252785
0.0252125
0.0251477
0.0250839
0.0250211
0.0249593
0.0248983
0.0248382
0.0247788
0.02472
0.0246616
0.0246038
0.0245462
0.0244889
0.0244317
0.0243747
0.0243177
0.0242606
0.0242034
0.024146
0.0240882
0.0240301
0.0239716
0.0239126
0.023853
0.0237928
0.0237319
0.0236701
0.0236073
0.0235434
0.0234781
0.0234112
0.0233422
0.0232708
0.0231963
0.0231179
0.0230354
0.0229456
0.0228485
0.022741
0.0226323
0.0224846
0.0224232
0.0220559
0.0223638
0.00197558
0.00197855
0.00198319
0.00198756
0.00199179
0.00199594
0.00199999
0.00200396
0.00200787
0.00201172
0.00201552
0.00201926
0.00202297
0.00202665
0.00203031
0.00203395
0.00203757
0.00204119
0.00204481
0.00204843
0.00205206
0.0020557
0.00205935
0.00206302
0.00206671
0.00207042
0.00207415
0.0020779
0.00208168
0.00208547
0.00208929
0.00209315
0.00209705
0.00210102
0.00210507
0.00210921
0.00211345
0.00211779
0.00212224
0.00212677
0.00213139
0.00213607
0.00214082
0.00214561
0.00215044
0.00215531
0.00216021
0.00216513
0.00217007
0.00217502
0.00218
0.00218499
0.00219001
0.00219503
0.00220008
0.00220513
0.00221021
0.0022153
0.00222041
0.00222554
0.00223068
0.00223585
0.00224103
0.00224623
0.00225145
0.00225668
0.00226194
0.00226722
0.00227252
0.00227784
0.00228318
0.00228855
0.00229393
0.00229934
0.00230477
0.00231023
0.00231571
0.00232122
0.00232675
0.0023323
0.00233788
0.00234349
0.00234912
0.00235478
0.00236047
0.00236619
0.00237193
0.0023777
0.0023835
0.00238932
0.00239518
0.00240106
0.00240698
0.00241292
0.0024189
0.0024249
0.00243094
0.00243701
0.00244311
0.00244923
0.00245539
0.00246159
0.00246781
0.00247407
0.00248036
0.00248668
0.00249303
0.00249941
0.00250583
0.00251229
0.00251877
0.00252529
0.00253184
0.00253842
0.00254504
0.00255169
0.00255837
0.00256509
0.00257184
0.00257863
0.00258544
0.00259229
0.00259918
0.00260609
0.00261304
0.00262003
0.00262704
0.00263409
0.00264117
0.00264829
0.00265543
0.00266261
0.00266982
0.00267707
0.00268434
0.00269165
0.00269899
0.00270636
0.00271376
0.00272119
0.00272866
0.00273615
0.00274368
0.00275123
0.00275881
0.00276643
0.00277407
0.00278175
0.00278945
0.00279718
0.00280494
0.00281273
0.00282055
0.00282839
0.00283627
0.00284417
0.0028521
0.00286005
0.00286804
0.00287605
0.00288408
0.00289214
0.00290023
0.00290835
0.00291649
0.00292465
0.00293285
0.00294106
0.00294931
0.00295757
0.00296586
0.00297418
0.00298252
0.00299089
0.00299928
0.00300769
0.00301613
0.00302459
0.00303308
0.00304159
0.00305013
0.00305868
0.00306727
0.00307587
0.0030845
0.00309316
0.00310183
0.00311053
0.00311926
0.00312801
0.00313678
0.00314558
0.0031544
0.00316324
0.00317211
0.003181
0.00318992
0.00319886
0.00320783
0.00321682
0.00322584
0.00323488
0.00324395
0.00325304
0.00326216
0.00327131
0.00328048
0.00328968
0.00329891
0.00330816
0.00331745
0.00332675
0.00333609
0.00334546
0.00335486
0.00336428
0.00337374
0.00338323
0.00339275
0.0034023
0.00341188
0.00342149
0.00343114
0.00344082
0.00345054
0.00346029
0.00347007
0.00347989
0.00348975
0.00349965
0.00350958
0.00351956
0.00352956
0.00353963
0.00354967
0.00355999
0.00356952
0.0035805
0.00359301
0.00361054
0.00363227
0.00365183
0.00367157
0.00369175
0.00371193
0.00373194
0.00375185
0.0037717
0.00379149
0.00381122
0.00383087
0.00385043
0.00386994
0.00388941
0.00390897
0.00392866
0.00394843
0.00396827
0.00398817
0.00400813
0.00402812
0.00404812
0.00406811
0.00408807
0.00410798
0.00412782
0.00414757
0.00416721
0.00418674
0.00420612
0.00422534
0.00424438
0.00426323
0.00428188
0.00430031
0.00431852
0.0043365
0.00435422
0.00437172
0.00438893
0.00440589
0.00442261
0.00443904
0.00445523
0.00447113
0.0044868
0.00450215
0.00451733
0.00453215
0.00454682
0.00456119
0.00457539
0.00458943
0.00460327
0.00461692
0.00463037
0.00464361
0.00465663
0.00466943
0.004682
0.00469432
0.00470638
0.00471818
0.0047297
0.00474092
0.00475184
0.00476243
0.00477268
0.00478257
0.00479209
0.0048012
0.0048099
0.00481814
0.00482591
0.00483317
0.0048399
0.00484605
0.0048516
0.00485649
0.00486069
0.00486414
0.0048668
0.0048686
0.00486949
0.0048694
0.00486825
0.00486598
0.00486251
0.00485775
0.00485164
0.00484413
0.00483516
0.00482476
0.004813
0.00480008
0.00478645
0.0047725
0.00475991
0.0047488
0.00473619
0.00476613
0.00481205
0.00487537
0.00495511
0.00504889
0.00515293
0.00526579
0.00538666
0.00551417
0.00564815
0.00578923
0.00593761
0.00609361
0.00625887
0.00643401
0.00661806
0.00680811
0.00699974
0.00718758
0.00736001
0.00751421
0.0076633
0.00779209
0.00790577
0.00800352
0.00808899
0.00816217
0.00822849
0.00830033
0.00837146
0.00844221
0.00850488
0.00855595
0.00859562
0.00862512
0.00864423
0.00865336
0.00865173
0.00864068
0.0086207
0.00859284
0.00855811
0.00851784
0.00847353
0.00842657
0.008378
0.00832864
0.00827898
0.00822945
0.00818039
0.00813207
0.00808472
0.0080385
0.00799358
0.00795026
0.00790886
0.00786959
0.00783261
0.00779775
0.00776455
0.00773246
0.00770137
0.00767133
0.00764223
0.00761377
0.00758571
0.00755811
0.00753119
0.00750479
0.0074786
0.00745257
0.007427
0.0074021
0.00737778
0.00735381
0.0073303
0.00730771
0.00728602
0.00726478
0.00724381
0.00722362
0.0072049
0.00718743
0.00717048
0.00715387
0.00713788
0.00712313
0.00711023
0.00709958
0.00709127
0.00708536
0.00708195
0.00708101
0.00708271
0.00708748
0.00709563
0.00710669
0.00711935
0.00713296
0.00714769
0.00716265
0.00717478
0.00718074
0.00717688
0.00716424
0.00713849
0.0070971
0.00703605
0.00695218
0.00684214
0.0067038
0.00653331
0.00633508
0.00611358
0.00587625
0.00558817
0.00526472
0.00490055
0.00450542
0.00409145
0.00366857
0.00324403
0.00271059
0.00206657
0.00168335
0.00166412
0.0018589
0.00211245
0.00234634
0.00253873
0.00277075
0.00308973
0.00352989
0.00408394
0.00472072
0.00541251
0.00613602
0.00686776
0.00759334
0.00830491
0.00899819
0.00967212
0.0103275
0.0109656
0.0115883
0.0121962
0.0127894
0.0133689
0.0139366
0.0144917
0.0150336
0.0155628
0.0160793
0.0165834
0.0170755
0.0175547
0.0180213
0.0184755
0.0189176
0.0193489
0.0197699
0.0201816
0.020585
0.0209801
0.0213692
0.0217537
0.0221322
0.0225047
0.02287
0.023226
0.0235701
0.0239
0.0242135
0.0245101
0.0247895
0.0250578
0.0253127
0.0255559
0.0257791
0.0260057
0.0261899
0.0263722
0.0265391
0.0266918
0.0268313
0.0269578
0.0270714
0.0271725
0.0272615
0.0273388
0.0274048
0.02746
0.0275048
0.0275398
0.0275654
0.027582
0.02759
0.0275899
0.027582
0.0275666
0.027544
0.0275148
0.0274792
0.0274377
0.0273907
0.0273384
0.0272813
0.0272197
0.027154
0.0270845
0.0270118
0.026936
0.0268574
0.0267765
0.0266935
0.0266087
0.0265225
0.0264352
0.0263469
0.0262582
0.026169
0.0260797
0.0259906
0.0259017
0.0258134
0.0257257
0.0256391
0.0255535
0.0254693
0.0253866
0.0253054
0.0252259
0.0251482
0.0250724
0.0249985
0.0249266
0.0248567
0.0247889
0.024723
0.0246592
0.0245974
0.0245375
0.0244795
0.0244233
0.0243689
0.0243161
0.0242649
0.024215
0.0241664
0.024119
0.0240727
0.0240272
0.0239826
0.0239387
0.0238954
0.0238526
0.0238101
0.0237678
0.0237255
0.0236833
0.0236409
0.0235983
0.0235552
0.0235117
0.0234674
0.0234223
0.0233761
0.0233286
0.0232795
0.0232284
0.0231749
0.0231185
0.0230583
0.0229942
0.022923
0.0228448
0.0227577
0.022669
0.0225472
0.0225045
0.0221662
0.0225053
0.00172483
0.00172733
0.00173152
0.00173575
0.00174006
0.0017444
0.00174875
0.00175308
0.00175738
0.00176164
0.00176585
0.00177001
0.00177413
0.0017782
0.00178224
0.00178624
0.00179021
0.00179416
0.00179808
0.001802
0.0018059
0.0018098
0.0018137
0.00181761
0.00182152
0.00182545
0.00182939
0.00183335
0.00183732
0.00184131
0.00184532
0.00184937
0.00185344
0.00185758
0.00186177
0.00186605
0.00187042
0.00187489
0.00187945
0.00188411
0.00188885
0.00189367
0.00189856
0.00190349
0.00190847
0.00191348
0.00191853
0.0019236
0.00192868
0.00193379
0.00193891
0.00194405
0.0019492
0.00195436
0.00195954
0.00196473
0.00196993
0.00197515
0.00198038
0.00198563
0.00199088
0.00199616
0.00200145
0.00200675
0.00201207
0.0020174
0.00202275
0.00202812
0.0020335
0.0020389
0.00204432
0.00204975
0.00205521
0.00206068
0.00206617
0.00207168
0.00207721
0.00208276
0.00208833
0.00209393
0.00209954
0.00210518
0.00211083
0.00211651
0.00212221
0.00212794
0.00213369
0.00213946
0.00214526
0.00215108
0.00215692
0.00216279
0.00216869
0.00217461
0.00218056
0.00218653
0.00219253
0.00219856
0.00220462
0.0022107
0.00221681
0.00222295
0.00222912
0.00223531
0.00224154
0.00224779
0.00225407
0.00226039
0.00226673
0.0022731
0.00227951
0.00228594
0.00229241
0.0022989
0.00230543
0.00231199
0.00231858
0.0023252
0.00233185
0.00233854
0.00234526
0.00235201
0.00235879
0.0023656
0.00237245
0.00237933
0.00238624
0.00239319
0.00240016
0.00240717
0.00241422
0.00242129
0.0024284
0.00243555
0.00244272
0.00244993
0.00245717
0.00246445
0.00247175
0.00247909
0.00248647
0.00249387
0.00250131
0.00250878
0.00251629
0.00252382
0.00253139
0.00253899
0.00254663
0.00255429
0.00256199
0.00256972
0.00257748
0.00258528
0.0025931
0.00260096
0.00260885
0.00261677
0.00262472
0.00263271
0.00264072
0.00264877
0.00265684
0.00266495
0.00267309
0.00268125
0.00268945
0.00269768
0.00270594
0.00271423
0.00272255
0.00273089
0.00273927
0.00274768
0.00275612
0.00276459
0.00277308
0.00278161
0.00279016
0.00279875
0.00280736
0.002816
0.00282468
0.00283338
0.00284211
0.00285087
0.00285966
0.00286847
0.00287732
0.0028862
0.0028951
0.00290404
0.002913
0.00292199
0.00293102
0.00294007
0.00294915
0.00295826
0.00296741
0.00297658
0.00298578
0.00299502
0.00300428
0.00301358
0.0030229
0.00303226
0.00304165
0.00305107
0.00306053
0.00307002
0.00307954
0.00308909
0.00309868
0.0031083
0.00311796
0.00312765
0.00313738
0.00314714
0.00315694
0.00316678
0.00317665
0.00318656
0.00319651
0.0032065
0.00321654
0.00322661
0.00323672
0.00324687
0.00325707
0.00326731
0.00327759
0.00328792
0.00329829
0.00330873
0.00331915
0.00332984
0.00333979
0.00335109
0.00336463
0.00338417
0.00340813
0.00343006
0.00345222
0.00347485
0.00349748
0.00351996
0.00354234
0.00356467
0.00358696
0.00360919
0.00363136
0.00365345
0.0036755
0.00369753
0.0037197
0.00374205
0.00376454
0.00378714
0.00380987
0.00383269
0.0038556
0.00387856
0.00390155
0.00392455
0.00394753
0.00397047
0.00399334
0.00401613
0.00403882
0.00406137
0.00408378
0.00410601
0.00412806
0.0041499
0.00417152
0.0041929
0.00421404
0.00423491
0.00425555
0.00427588
0.00429594
0.00431574
0.00433523
0.00435445
0.00437336
0.00439202
0.00441033
0.00442845
0.00444618
0.00446374
0.00448099
0.00449808
0.00451502
0.0045318
0.00454839
0.00456481
0.00458104
0.00459708
0.00461292
0.00462854
0.00464394
0.00465912
0.00467405
0.00468873
0.00470314
0.00471727
0.0047311
0.00474462
0.00475782
0.00477066
0.00478313
0.00479521
0.00480688
0.0048181
0.00482885
0.0048391
0.0048488
0.00485794
0.00486646
0.00487432
0.00488147
0.00488786
0.00489345
0.00489816
0.00490193
0.00490471
0.00490641
0.00490697
0.00490632
0.00490441
0.00490117
0.00489661
0.00489075
0.0048837
0.00487567
0.00486714
0.00485843
0.00485135
0.0048454
0.00483733
0.00486806
0.00491103
0.00497032
0.00504428
0.00513086
0.00522685
0.00533085
0.00544213
0.00555949
0.00568281
0.00581262
0.0059491
0.00609258
0.00624445
0.00640494
0.00657283
0.00674524
0.00691821
0.00708763
0.00724461
0.00738856
0.00753055
0.00765368
0.00776456
0.00786288
0.00795129
0.00802922
0.00810128
0.0081772
0.00824936
0.00831983
0.0083831
0.00843656
0.0084799
0.00851345
0.00853667
0.00855027
0.00855348
0.00854751
0.00853264
0.00850986
0.00848019
0.00844487
0.00840525
0.00836258
0.00831791
0.00827209
0.00822568
0.00817917
0.00813294
0.00808732
0.00804257
0.00799888
0.00795648
0.00791564
0.00787663
0.00783961
0.00780472
0.00777184
0.00774059
0.00771055
0.00768161
0.00765374
0.00762684
0.00760066
0.00757503
0.00754999
0.00752565
0.00750192
0.00747858
0.00745564
0.00743331
0.00741178
0.00739103
0.00737092
0.0073516
0.00733347
0.00731655
0.0073006
0.00728557
0.00727193
0.00726032
0.00725068
0.00724257
0.00723605
0.00723142
0.00722935
0.00723056
0.00723561
0.00724471
0.00725806
0.00727593
0.00729847
0.00732568
0.00735794
0.00739547
0.00743817
0.00748344
0.00753015
0.00757866
0.00762776
0.00767237
0.00770743
0.00773165
0.00774305
0.00773421
0.00770419
0.00765085
0.00757035
0.00745881
0.00731286
0.0071303
0.00691642
0.00667755
0.00641813
0.00610134
0.00574395
0.00533964
0.00490909
0.00448292
0.00405814
0.00364806
0.00319798
0.00256126
0.0019415
0.00168842
0.00175986
0.00198973
0.0022573
0.00252777
0.00275259
0.00301193
0.00335126
0.00379345
0.00433314
0.00495177
0.00562776
0.00633578
0.00705549
0.00777331
0.00848041
0.00917244
0.00984798
0.0105068
0.0111501
0.0117781
0.0123903
0.012988
0.0135731
0.014145
0.0147029
0.0152475
0.0157791
0.0162979
0.0168043
0.0172975
0.0177775
0.0182445
0.0186987
0.0191413
0.0195725
0.0199931
0.0204038
0.0208044
0.0211972
0.0215832
0.0219611
0.022331
0.0226917
0.0230416
0.0233785
0.0237005
0.0240058
0.0242947
0.0245667
0.0248283
0.0250774
0.0253157
0.0255324
0.0257539
0.0259331
0.0261092
0.0262709
0.0264183
0.0265526
0.026674
0.0267826
0.0268788
0.026963
0.0270355
0.0270967
0.0271473
0.0271877
0.0272184
0.0272397
0.0272523
0.0272564
0.0272525
0.027241
0.0272222
0.0271962
0.0271635
0.0271246
0.0270797
0.0270293
0.0269736
0.0269128
0.0268475
0.026778
0.0267047
0.0266279
0.026548
0.0264651
0.0263796
0.0262918
0.026202
0.0261107
0.0260181
0.0259245
0.0258301
0.0257353
0.0256403
0.0255454
0.0254507
0.0253564
0.0252629
0.0251705
0.0250794
0.0249897
0.0249018
0.0248157
0.0247317
0.0246499
0.0245704
0.0244934
0.0244189
0.0243471
0.0242779
0.0242115
0.0241478
0.0240869
0.0240287
0.0239732
0.0239204
0.0238701
0.0238224
0.023777
0.0237339
0.0236928
0.0236538
0.0236165
0.0235809
0.0235469
0.0235143
0.0234829
0.0234527
0.0234234
0.0233949
0.023367
0.0233395
0.0233123
0.0232851
0.023258
0.0232305
0.0232026
0.0231741
0.0231446
0.023114
0.023082
0.0230481
0.023012
0.0229732
0.0229308
0.022885
0.0228323
0.0227731
0.0227065
0.022638
0.0225422
0.022518
0.0222129
0.022588
0.00148729
0.00148942
0.00149302
0.00149669
0.00150046
0.00150427
0.00150811
0.00151196
0.00151582
0.00151966
0.0015235
0.00152731
0.00153111
0.00153489
0.00153865
0.0015424
0.00154614
0.00154986
0.00155359
0.00155731
0.00156103
0.00156475
0.00156848
0.00157222
0.00157597
0.00157974
0.00158352
0.00158732
0.00159115
0.00159499
0.00159886
0.00160276
0.0016067
0.00161068
0.00161473
0.00161886
0.00162307
0.00162738
0.00163179
0.0016363
0.00164091
0.00164559
0.00165035
0.00165517
0.00166005
0.00166496
0.0016699
0.00167487
0.00167987
0.00168488
0.00168991
0.00169496
0.00170001
0.00170509
0.00171017
0.00171527
0.00172038
0.00172551
0.00173064
0.00173579
0.00174096
0.00174613
0.00175132
0.00175653
0.00176174
0.00176698
0.00177222
0.00177748
0.00178276
0.00178806
0.00179336
0.00179869
0.00180403
0.00180939
0.00181477
0.00182016
0.00182557
0.001831
0.00183645
0.00184192
0.0018474
0.00185291
0.00185843
0.00186398
0.00186955
0.00187513
0.00188074
0.00188637
0.00189202
0.0018977
0.00190339
0.00190911
0.00191485
0.00192062
0.00192641
0.00193222
0.00193806
0.00194392
0.00194981
0.00195572
0.00196165
0.00196762
0.00197361
0.00197962
0.00198566
0.00199173
0.00199783
0.00200396
0.00201011
0.00201629
0.0020225
0.00202874
0.002035
0.0020413
0.00204762
0.00205398
0.00206036
0.00206678
0.00207322
0.0020797
0.00208621
0.00209274
0.00209931
0.00210591
0.00211254
0.00211921
0.0021259
0.00213263
0.00213939
0.00214618
0.00215301
0.00215987
0.00216676
0.00217368
0.00218064
0.00218763
0.00219465
0.00220171
0.0022088
0.00221592
0.00222308
0.00223028
0.0022375
0.00224476
0.00225206
0.00225939
0.00226675
0.00227415
0.00228158
0.00228904
0.00229654
0.00230408
0.00231165
0.00231925
0.00232689
0.00233456
0.00234227
0.00235001
0.00235779
0.0023656
0.00237345
0.00238133
0.00238924
0.00239719
0.00240518
0.0024132
0.00242125
0.00242934
0.00243746
0.00244562
0.00245381
0.00246204
0.0024703
0.00247859
0.00248692
0.00249529
0.00250369
0.00251212
0.00252059
0.00252909
0.00253763
0.0025462
0.00255481
0.00256345
0.00257213
0.00258084
0.00258958
0.00259836
0.00260718
0.00261603
0.00262492
0.00263384
0.0026428
0.00265179
0.00266082
0.00266989
0.00267899
0.00268812
0.0026973
0.00270651
0.00271575
0.00272504
0.00273436
0.00274372
0.00275311
0.00276255
0.00277202
0.00278153
0.00279108
0.00280067
0.0028103
0.00281997
0.00282968
0.00283943
0.00284922
0.00285906
0.00286893
0.00287885
0.00288882
0.00289882
0.00290888
0.00291897
0.00292912
0.00293931
0.00294954
0.00295983
0.00297016
0.00298054
0.00299098
0.00300146
0.003012
0.00302258
0.00303322
0.00304393
0.00305463
0.0030656
0.00307589
0.0030874
0.00310187
0.00312329
0.00314926
0.0031734
0.00319785
0.00322279
0.00324775
0.00327257
0.00329731
0.00332204
0.00334674
0.0033714
0.00339602
0.00342057
0.00344511
0.00346966
0.00349441
0.00351941
0.00354461
0.00356999
0.00359555
0.00362127
0.00364713
0.0036731
0.00369915
0.00372525
0.00375138
0.0037775
0.00380359
0.00382962
0.00385557
0.00388141
0.00390712
0.00393266
0.00395802
0.00398317
0.00400811
0.0040328
0.00405723
0.00408139
0.0041053
0.00412888
0.00415217
0.00417518
0.00419785
0.00422023
0.00424228
0.00426404
0.00428544
0.00430661
0.00432737
0.00434793
0.00436817
0.00438827
0.00440824
0.00442806
0.00444772
0.00446722
0.00448657
0.00450574
0.00452474
0.00454356
0.00456218
0.0045806
0.0045988
0.00461678
0.00463453
0.00465202
0.00466926
0.00468621
0.00470287
0.00471922
0.00473524
0.0047509
0.00476618
0.00478107
0.00479552
0.00480952
0.00482302
0.004836
0.00484841
0.00486022
0.00487137
0.00488183
0.00489153
0.00490043
0.00490847
0.00491558
0.0049217
0.00492677
0.00493075
0.00493357
0.00493522
0.0049357
0.00493506
0.00493344
0.00493106
0.00492843
0.0049258
0.00492504
0.00492517
0.00492252
0.0049548
0.00499531
0.00505093
0.00511938
0.00519886
0.00528673
0.00538171
0.00548313
0.00558994
0.00570206
0.00581992
0.00594362
0.00607342
0.00621049
0.00635463
0.00650449
0.0066574
0.00681005
0.0069596
0.00709941
0.00723074
0.00736305
0.00747831
0.0075841
0.0076805
0.00776962
0.00785007
0.00792562
0.00800376
0.00807583
0.00814528
0.00820848
0.0082636
0.00830989
0.00834693
0.00837396
0.00839187
0.00839991
0.00839917
0.00838969
0.00837239
0.00834827
0.00831846
0.00828415
0.00824647
0.00820644
0.00816494
0.00812257
0.00807986
0.00803724
0.00799509
0.00795369
0.00791328
0.00787411
0.00783643
0.0078005
0.00776643
0.00773433
0.00770413
0.00767555
0.00764828
0.00762221
0.00759729
0.00757339
0.00755035
0.00752807
0.00750654
0.00748587
0.00746598
0.00744677
0.00742831
0.00741077
0.00739436
0.00737914
0.00736511
0.00735248
0.00734167
0.00733285
0.00732597
0.00732116
0.00731898
0.00732019
0.00732497
0.0073332
0.00734514
0.00736125
0.00738232
0.00740944
0.00744318
0.00748377
0.00753151
0.00758684
0.00765038
0.0077203
0.00779763
0.00788234
0.0079751
0.00806855
0.00816202
0.00825762
0.00835074
0.00843577
0.00850697
0.00855782
0.008589
0.00859505
0.00857252
0.00851836
0.00843034
0.00830563
0.00814094
0.00793458
0.0076929
0.00742431
0.00712969
0.00676708
0.00635412
0.0058833
0.00538604
0.00491483
0.00447339
0.00405215
0.00365628
0.00313473
0.00241784
0.00187849
0.00173074
0.00186089
0.0021113
0.00240472
0.00271778
0.00297997
0.00325997
0.00360611
0.00403967
0.00456064
0.00515727
0.00580929
0.00649463
0.00719553
0.00789865
0.00859553
0.00928143
0.00995382
0.0106126
0.0112568
0.0118852
0.012499
0.0130999
0.0136872
0.0142602
0.0148195
0.0153654
0.0158984
0.0164189
0.0169258
0.0174192
0.017899
0.0183655
0.0188196
0.0192614
0.0196915
0.0201102
0.0205171
0.0209143
0.021303
0.0216814
0.0220496
0.0224066
0.0227513
0.0230816
0.0233961
0.0236936
0.0239751
0.0242402
0.0244954
0.0247391
0.0249728
0.025184
0.0254012
0.0255755
0.0257462
0.0259033
0.026046
0.0261758
0.0262927
0.026397
0.026489
0.026569
0.0266375
0.0266947
0.0267414
0.0267779
0.0268049
0.0268228
0.0268319
0.0268328
0.0268259
0.0268117
0.0267903
0.0267618
0.0267266
0.0266851
0.0266379
0.0265853
0.0265274
0.0264644
0.0263968
0.026325
0.0262494
0.0261704
0.0260883
0.0260031
0.0259151
0.0258246
0.0257322
0.0256381
0.0255427
0.0254461
0.0253487
0.0252507
0.0251525
0.0250542
0.0249562
0.0248586
0.0247618
0.0246661
0.0245717
0.0244789
0.0243879
0.0242989
0.0242121
0.0241278
0.0240461
0.0239672
0.0238912
0.0238182
0.0237484
0.0236818
0.0236184
0.0235584
0.0235017
0.0234483
0.0233983
0.0233515
0.0233078
0.0232672
0.0232296
0.0231948
0.0231627
0.0231331
0.0231059
0.023081
0.0230582
0.0230372
0.023018
0.0230003
0.0229839
0.0229686
0.0229543
0.0229406
0.0229275
0.0229147
0.022902
0.0228891
0.0228757
0.0228617
0.0228469
0.0228307
0.022813
0.0227933
0.0227712
0.0227459
0.0227175
0.0226829
0.0226422
0.0225955
0.022547
0.0224765
0.0224705
0.022202
0.0226123
0.00129579
0.0012968
0.00129877
0.00130096
0.00130329
0.00130571
0.00130817
0.00131068
0.00131322
0.00131577
0.00131834
0.00132091
0.0013235
0.00132609
0.00132869
0.0013313
0.00133392
0.00133656
0.00133922
0.0013419
0.00134461
0.00134734
0.00135009
0.00135288
0.00135571
0.00135857
0.00136146
0.0013644
0.00136737
0.00137038
0.00137344
0.00137653
0.00137968
0.00138289
0.00138618
0.00138956
0.00139304
0.00139663
0.00140033
0.00140416
0.0014081
0.00141214
0.00141627
0.00142049
0.00142477
0.0014291
0.00143348
0.0014379
0.00144235
0.00144683
0.00145133
0.00145586
0.0014604
0.00146496
0.00146954
0.00147414
0.00147876
0.00148339
0.00148804
0.00149271
0.0014974
0.0015021
0.00150682
0.00151155
0.00151631
0.00152108
0.00152587
0.00153068
0.00153551
0.00154035
0.00154522
0.0015501
0.00155501
0.00155993
0.00156487
0.00156983
0.00157482
0.00157982
0.00158484
0.00158989
0.00159495
0.00160004
0.00160515
0.00161028
0.00161543
0.0016206
0.0016258
0.00163102
0.00163626
0.00164153
0.00164682
0.00165213
0.00165747
0.00166283
0.00166821
0.00167362
0.00167906
0.00168452
0.00169
0.00169552
0.00170105
0.00170662
0.00171221
0.00171783
0.00172347
0.00172914
0.00173484
0.00174057
0.00174632
0.00175211
0.00175792
0.00176376
0.00176963
0.00177553
0.00178146
0.00178742
0.00179341
0.00179943
0.00180548
0.00181156
0.00181767
0.00182382
0.00182999
0.0018362
0.00184244
0.00184871
0.00185501
0.00186134
0.00186771
0.00187411
0.00188055
0.00188701
0.00189351
0.00190005
0.00190662
0.00191322
0.00191986
0.00192653
0.00193323
0.00193997
0.00194675
0.00195356
0.00196041
0.00196729
0.0019742
0.00198116
0.00198814
0.00199517
0.00200223
0.00200933
0.00201646
0.00202363
0.00203083
0.00203808
0.00204536
0.00205267
0.00206003
0.00206742
0.00207485
0.00208232
0.00208982
0.00209736
0.00210494
0.00211256
0.00212021
0.00212791
0.00213564
0.00214341
0.00215122
0.00215906
0.00216695
0.00217487
0.00218284
0.00219084
0.00219888
0.00220696
0.00221508
0.00222324
0.00223143
0.00223967
0.00224795
0.00225627
0.00226462
0.00227302
0.00228146
0.00228993
0.00229845
0.00230701
0.00231561
0.00232425
0.00233293
0.00234166
0.00235042
0.00235923
0.00236807
0.00237696
0.0023859
0.00239487
0.00240389
0.00241295
0.00242206
0.00243121
0.0024404
0.00244964
0.00245892
0.00246825
0.00247762
0.00248704
0.00249651
0.00250602
0.00251558
0.00252518
0.00253484
0.00254454
0.0025543
0.0025641
0.00257395
0.00258386
0.00259381
0.00260382
0.00261388
0.00262399
0.00263416
0.00264438
0.00265466
0.002665
0.00267539
0.00268584
0.00269635
0.00270692
0.00271755
0.00272824
0.00273899
0.00274982
0.00276065
0.00277174
0.00278224
0.00279377
0.00280899
0.00283201
0.0028596
0.00288562
0.00291205
0.00293898
0.00296596
0.00299284
0.00301968
0.00304653
0.00307339
0.00310024
0.00312708
0.00315389
0.00318071
0.00320759
0.00323474
0.00326222
0.00328999
0.00331801
0.0033463
0.00337481
0.00340354
0.00343244
0.00346148
0.00349063
0.00351986
0.00354913
0.00357842
0.00360768
0.00363691
0.00366605
0.00369508
0.00372396
0.00375268
0.0037812
0.00380951
0.00383757
0.00386536
0.00389288
0.00392013
0.00394704
0.00397365
0.00399994
0.00402588
0.00405151
0.00407677
0.00410172
0.00412629
0.00415059
0.00417446
0.00419811
0.00422143
0.00424461
0.00426769
0.00429064
0.00431345
0.00433614
0.00435869
0.0043811
0.00440336
0.00442547
0.00444741
0.00446918
0.00449077
0.00451217
0.00453337
0.00455435
0.00457511
0.00459564
0.0046159
0.0046359
0.00465561
0.00467501
0.00469408
0.0047128
0.00473114
0.00474908
0.00476658
0.00478362
0.00480016
0.00481615
0.00483157
0.00484636
0.00486049
0.00487389
0.00488653
0.00489834
0.00490929
0.00491931
0.00492837
0.00493643
0.0049435
0.0049496
0.0049548
0.00495928
0.00496326
0.00496725
0.00497147
0.00497782
0.00498489
0.00498851
0.00502305
0.00506161
0.00511394
0.00517717
0.00524964
0.00532933
0.0054151
0.00550637
0.00560218
0.00570253
0.00580772
0.00591772
0.00603272
0.00615363
0.00627992
0.00641017
0.00654207
0.00667309
0.00680153
0.00692266
0.00703921
0.00715948
0.00726469
0.00736311
0.00745515
0.00754241
0.00762284
0.00769936
0.00777758
0.00784808
0.00791537
0.00797742
0.00803303
0.00808113
0.00812071
0.00815082
0.00817251
0.00818503
0.00818935
0.00818529
0.0081737
0.00815551
0.00813174
0.00810341
0.0080715
0.008037
0.00800078
0.00796347
0.00792563
0.00788773
0.00785016
0.00781325
0.00777727
0.00774247
0.00770911
0.00767742
0.00764747
0.0076194
0.00759317
0.00756859
0.00754545
0.00752369
0.00750325
0.007484
0.00746587
0.00744882
0.00743286
0.00741812
0.00740459
0.00739228
0.00738133
0.00737199
0.00736455
0.00735923
0.0073562
0.00735581
0.00735871
0.00736536
0.00737595
0.00739084
0.00741082
0.00743708
0.00747035
0.00751049
0.00755783
0.00761311
0.00767733
0.00775271
0.00783808
0.00793384
0.00804072
0.00815871
0.00829018
0.00842375
0.00856921
0.0087226
0.00888106
0.00903871
0.00919246
0.00934118
0.00948036
0.0096032
0.00970262
0.00977367
0.00981366
0.00981955
0.00978847
0.00971786
0.00960652
0.00945284
0.00925421
0.00900961
0.00872634
0.00841426
0.00807083
0.00764551
0.00715474
0.00658764
0.00598646
0.00542818
0.00493255
0.00448547
0.00408685
0.0036764
0.00306338
0.00232275
0.00186281
0.00179105
0.00195625
0.002224
0.00254667
0.00290204
0.0031944
0.00349262
0.0038428
0.00426737
0.00476821
0.0053373
0.00595801
0.00661336
0.00728755
0.00796882
0.00864885
0.00932224
0.00998661
0.0106394
0.0112783
0.0119036
0.0125168
0.0131166
0.0137023
0.0142743
0.014833
0.0153789
0.0159123
0.0164321
0.0169381
0.0174303
0.0179087
0.0183743
0.018827
0.0192667
0.019694
0.020108
0.0205106
0.0209029
0.0212828
0.0216505
0.0220049
0.0223452
0.0226697
0.0229773
0.0232675
0.0235418
0.0237999
0.0240487
0.0242874
0.0245163
0.024723
0.0249363
0.0251058
0.0252716
0.0254245
0.025563
0.0256887
0.0258016
0.025902
0.0259901
0.0260663
0.0261309
0.0261843
0.0262272
0.02626
0.0262834
0.0262978
0.0263035
0.0263011
0.0262913
0.0262745
0.0262506
0.0262198
0.0261823
0.0261386
0.0260895
0.0260352
0.0259758
0.0259114
0.0258426
0.0257697
0.0256933
0.0256137
0.025531
0.0254455
0.0253575
0.0252672
0.0251749
0.025081
0.0249858
0.0248894
0.0247921
0.0246943
0.0245961
0.0244978
0.0243998
0.0243023
0.0242055
0.0241098
0.0240154
0.0239225
0.0238316
0.0237427
0.0236561
0.0235721
0.0234908
0.0234125
0.0233374
0.0232655
0.023197
0.023132
0.0230706
0.0230129
0.022959
0.0229087
0.0228622
0.0228193
0.0227801
0.0227445
0.0227123
0.0226835
0.0226579
0.0226353
0.0226157
0.0225989
0.0225847
0.0225728
0.0225632
0.0225556
0.0225497
0.0225455
0.0225426
0.0225408
0.0225399
0.0225398
0.02254
0.0225405
0.0225408
0.0225409
0.0225403
0.0225387
0.0225358
0.0225313
0.0225248
0.0225153
0.0225033
0.0224856
0.0224624
0.0224346
0.022405
0.0223585
0.0223697
0.0221393
0.0225715
0.00119375
0.00119245
0.0011912
0.00119037
0.00118978
0.00118933
0.001189
0.00118877
0.00118862
0.00118854
0.00118851
0.00118853
0.00118861
0.00118873
0.00118891
0.00118914
0.00118943
0.00118977
0.00119018
0.00119065
0.00119118
0.00119178
0.00119244
0.00119318
0.00119399
0.00119487
0.00119582
0.00119684
0.00119794
0.0011991
0.00120033
0.00120164
0.00120303
0.00120451
0.00120609
0.00120779
0.00120962
0.0012116
0.00121374
0.00121602
0.00121846
0.00122103
0.00122373
0.00122654
0.00122944
0.00123243
0.00123549
0.00123861
0.00124179
0.001245
0.00124826
0.00125156
0.0012549
0.00125826
0.00126166
0.0012651
0.00126856
0.00127206
0.00127558
0.00127914
0.00128272
0.00128633
0.00128998
0.00129365
0.00129735
0.00130108
0.00130484
0.00130863
0.00131245
0.0013163
0.00132018
0.00132408
0.00132802
0.00133198
0.00133597
0.00134
0.00134405
0.00134813
0.00135224
0.00135637
0.00136054
0.00136474
0.00136897
0.00137322
0.00137751
0.00138182
0.00138617
0.00139054
0.00139495
0.00139938
0.00140385
0.00140834
0.00141287
0.00141742
0.00142201
0.00142663
0.00143127
0.00143595
0.00144066
0.0014454
0.00145018
0.00145498
0.00145982
0.00146468
0.00146958
0.00147451
0.00147947
0.00148447
0.0014895
0.00149455
0.00149965
0.00150477
0.00150993
0.00151512
0.00152035
0.00152561
0.0015309
0.00153622
0.00154158
0.00154698
0.00155241
0.00155787
0.00156337
0.0015689
0.00157446
0.00158007
0.0015857
0.00159138
0.00159709
0.00160283
0.00160861
0.00161443
0.00162028
0.00162617
0.0016321
0.00163806
0.00164406
0.0016501
0.00165617
0.00166228
0.00166843
0.00167462
0.00168085
0.00168711
0.00169341
0.00169975
0.00170613
0.00171255
0.00171901
0.00172551
0.00173204
0.00173862
0.00174523
0.00175189
0.00175858
0.00176532
0.00177209
0.00177891
0.00178577
0.00179267
0.0017996
0.00180658
0.00181361
0.00182067
0.00182777
0.00183492
0.00184211
0.00184934
0.00185661
0.00186393
0.00187128
0.00187868
0.00188613
0.00189362
0.00190115
0.00190872
0.00191634
0.001924
0.00193171
0.00193946
0.00194725
0.00195509
0.00196298
0.00197091
0.00197888
0.0019869
0.00199497
0.00200308
0.00201124
0.00201945
0.0020277
0.00203601
0.00204435
0.00205275
0.00206119
0.00206969
0.00207823
0.00208682
0.00209546
0.00210415
0.00211289
0.00212168
0.00213052
0.00213941
0.00214836
0.00215736
0.00216641
0.00217551
0.00218467
0.00219388
0.00220315
0.00221247
0.00222185
0.00223128
0.00224077
0.00225032
0.00225993
0.0022696
0.00227932
0.00228911
0.00229896
0.00230887
0.00231885
0.00232888
0.00233899
0.00234916
0.00235939
0.00236969
0.00238006
0.0023905
0.00240101
0.00241159
0.00242224
0.00243298
0.00244373
0.00245473
0.00246524
0.00247657
0.00249226
0.00251642
0.00254506
0.00257246
0.00260037
0.0026288
0.00265731
0.00268577
0.00271424
0.00274277
0.00277135
0.00279997
0.00282862
0.00285729
0.00288601
0.00291486
0.00294406
0.00297367
0.00300366
0.00303401
0.00306472
0.00309575
0.00312708
0.00315866
0.00319046
0.00322245
0.00325458
0.00328682
0.00331913
0.00335148
0.00338384
0.00341616
0.0034484
0.00348053
0.00351252
0.00354434
0.00357595
0.00360733
0.00363846
0.00366931
0.00369988
0.0037301
0.00376001
0.00378959
0.00381881
0.00384768
0.00387618
0.00390433
0.00393208
0.00395954
0.00398655
0.0040133
0.00403972
0.00406602
0.00409224
0.00411836
0.00414438
0.00417029
0.0041961
0.0042218
0.00424739
0.00427285
0.00429818
0.00432338
0.00434843
0.00437333
0.00439807
0.00442263
0.00444701
0.0044712
0.00449518
0.00451893
0.00454245
0.00456571
0.0045887
0.00461139
0.00463377
0.00465581
0.00467748
0.00469875
0.0047196
0.00473999
0.00475988
0.00477925
0.00479804
0.00481623
0.00483376
0.0048506
0.0048667
0.00488204
0.00489659
0.00491034
0.00492331
0.00493554
0.00494714
0.00495829
0.00496924
0.00498051
0.00499225
0.00500639
0.00502119
0.00503187
0.00506933
0.00510645
0.00515587
0.00521416
0.00527972
0.00535115
0.00542753
0.0055083
0.00559264
0.00568058
0.0057723
0.00586765
0.00596671
0.00607019
0.0061773
0.00628663
0.00639636
0.00650477
0.00661114
0.00671229
0.00681225
0.00691834
0.00701147
0.00710032
0.00718561
0.00726828
0.00734601
0.00742085
0.00749681
0.00756396
0.00762756
0.00768692
0.0077414
0.00778968
0.00783032
0.00786226
0.0078867
0.00790288
0.00791171
0.00791281
0.00790692
0.00789492
0.00787768
0.00785604
0.00783086
0.00780302
0.00777339
0.00774259
0.00771119
0.00767967
0.00764845
0.00761787
0.00758821
0.00755976
0.00753276
0.00750742
0.00748382
0.00746212
0.00744232
0.00742438
0.00740816
0.00739367
0.00738088
0.00736973
0.00736023
0.00735244
0.00734647
0.00734254
0.0073408
0.00734136
0.00734452
0.00735081
0.00736082
0.00737502
0.00739379
0.00741778
0.00744827
0.00748641
0.00753239
0.00758665
0.00765064
0.00772628
0.00781584
0.00791663
0.00802918
0.00815532
0.00829565
0.00845528
0.00862369
0.00880641
0.00900464
0.00921466
0.0094346
0.00966007
0.00989045
0.0101235
0.0103541
0.0105754
0.0107831
0.010975
0.011146
0.0112882
0.0113947
0.0114617
0.0114873
0.0114697
0.0114074
0.0112994
0.0111456
0.0109458
0.0106978
0.0104014
0.010064
0.00969711
0.00929405
0.0087937
0.00820754
0.00751755
0.00677414
0.00608132
0.0054838
0.00496914
0.00453766
0.00415539
0.0037071
0.00301995
0.00227211
0.00187839
0.00185565
0.00204046
0.00232413
0.00267891
0.00306814
0.00337708
0.00369854
0.00405959
0.0044765
0.00495639
0.00549344
0.0060778
0.00669576
0.00733587
0.00798765
0.00864319
0.00929765
0.00994652
0.0105858
0.0112144
0.011833
0.0124399
0.0130335
0.0136144
0.0141827
0.0147386
0.0152825
0.0158131
0.0163301
0.0168334
0.0173229
0.0177992
0.0182622
0.0187116
0.0191477
0.0195692
0.0199778
0.0203743
0.0207566
0.0211245
0.0214772
0.0218138
0.0221331
0.0224343
0.0227172
0.0229841
0.023235
0.0234775
0.023711
0.0239349
0.0241375
0.0243468
0.0245117
0.0246728
0.0248216
0.024956
0.0250777
0.0251866
0.025283
0.0253672
0.0254394
0.0254999
0.0255492
0.0255879
0.0256164
0.0256354
0.0256456
0.0256473
0.0256409
0.0256274
0.0256074
0.0255807
0.0255473
0.025507
0.0254608
0.0254097
0.0253538
0.0252934
0.0252287
0.0251599
0.0250875
0.0250119
0.0249333
0.0248521
0.0247684
0.0246825
0.0245947
0.0245051
0.0244141
0.0243219
0.0242286
0.0241346
0.0240401
0.0239454
0.0238507
0.0237563
0.0236624
0.0235694
0.0234774
0.0233869
0.0232979
0.0232109
0.023126
0.0230436
0.0229637
0.0228868
0.0228129
0.0227422
0.022675
0.0226113
0.0225512
0.022495
0.0224426
0.0223941
0.0223495
0.0223089
0.0222721
0.0222393
0.0222102
0.0221849
0.0221632
0.0221449
0.0221301
0.0221184
0.0221098
0.0221041
0.0221011
0.0221006
0.0221024
0.0221063
0.0221121
0.0221195
0.0221283
0.0221384
0.0221494
0.0221611
0.0221733
0.0221857
0.022198
0.02221
0.0222213
0.0222316
0.0222405
0.0222478
0.0222526
0.0222555
0.0222532
0.0222461
0.0222357
0.0222238
0.0221994
0.0222266
0.0220327
0.0224771
0.00123028
0.0012248
0.00121761
0.00121109
0.00120501
0.00119927
0.00119385
0.00118867
0.00118371
0.00117893
0.00117432
0.00116986
0.00116556
0.0011614
0.00115738
0.00115351
0.00114977
0.00114618
0.00114272
0.00113941
0.00113624
0.0011332
0.00113031
0.00112756
0.00112495
0.00112247
0.00112011
0.00111788
0.00111578
0.0011138
0.00111204
0.0011104
0.00110889
0.00110751
0.00110627
0.00110519
0.00110426
0.00110344
0.00110281
0.0011024
0.00110218
0.00110215
0.0011023
0.00110261
0.00110305
0.00110362
0.0011043
0.00110508
0.00110596
0.00110694
0.00110799
0.00110911
0.00111029
0.00111154
0.00111285
0.00111422
0.00111564
0.00111712
0.00111866
0.00112025
0.0011219
0.00112359
0.00112534
0.00112714
0.001129
0.0011309
0.00113286
0.00113486
0.00113691
0.00113902
0.00114117
0.00114337
0.00114562
0.00114791
0.00115026
0.00115265
0.00115509
0.00115757
0.0011601
0.00116268
0.0011653
0.00116797
0.00117069
0.00117345
0.00117625
0.0011791
0.00118199
0.00118493
0.00118791
0.00119094
0.00119401
0.00119712
0.00120028
0.00120348
0.00120672
0.00121001
0.00121334
0.00121671
0.00122012
0.00122358
0.00122708
0.00123062
0.00123421
0.00123784
0.0012415
0.00124522
0.00124897
0.00125276
0.0012566
0.00126048
0.0012644
0.00126836
0.00127237
0.00127642
0.0012805
0.00128463
0.00128881
0.00129302
0.00129728
0.00130158
0.00130592
0.0013103
0.00131472
0.00131919
0.0013237
0.00132825
0.00133284
0.00133748
0.00134216
0.00134688
0.00135164
0.00135645
0.00136129
0.00136618
0.00137112
0.00137609
0.00138111
0.00138618
0.00139128
0.00139643
0.00140162
0.00140686
0.00141214
0.00141746
0.00142282
0.00142823
0.00143369
0.00143919
0.00144473
0.00145031
0.00145594
0.00146162
0.00146734
0.0014731
0.00147891
0.00148477
0.00149067
0.00149662
0.00150261
0.00150864
0.00151473
0.00152086
0.00152703
0.00153325
0.00153952
0.00154584
0.0015522
0.00155861
0.00156507
0.00157157
0.00157812
0.00158472
0.00159137
0.00159807
0.00160481
0.00161161
0.00161845
0.00162534
0.00163228
0.00163927
0.00164632
0.00165341
0.00166055
0.00166774
0.00167499
0.00168228
0.00168963
0.00169703
0.00170448
0.00171199
0.00171955
0.00172716
0.00173482
0.00174254
0.00175031
0.00175814
0.00176602
0.00177396
0.00178196
0.00179001
0.00179812
0.00180628
0.00181451
0.00182279
0.00183113
0.00183953
0.00184799
0.00185651
0.00186509
0.00187374
0.00188245
0.00189122
0.00190005
0.00190895
0.00191791
0.00192694
0.00193604
0.00194521
0.00195444
0.00196374
0.00197311
0.00198255
0.00199207
0.00200166
0.00201132
0.00202106
0.00203087
0.00204076
0.00205073
0.00206077
0.0020709
0.00208111
0.00209139
0.00210177
0.00211218
0.00212282
0.00213308
0.00214393
0.00215972
0.00218442
0.00221337
0.00224147
0.00227018
0.00229944
0.00232881
0.00235819
0.00238765
0.00241723
0.00244692
0.0024767
0.00250658
0.00253653
0.00256658
0.00259683
0.00262753
0.00265874
0.00269043
0.00272259
0.0027552
0.00278824
0.0028217
0.00285551
0.00288964
0.00292405
0.00295869
0.00299352
0.0030285
0.00306359
0.00309876
0.00313394
0.00316911
0.00320422
0.00323923
0.00327411
0.00330881
0.00334331
0.00337757
0.00341158
0.00344531
0.0034787
0.00351178
0.00354453
0.0035769
0.00360892
0.00364055
0.00367183
0.00370268
0.00373321
0.00376329
0.00379309
0.00382255
0.00385192
0.00388124
0.0039105
0.00393968
0.0039688
0.00399786
0.00402684
0.00405575
0.00408457
0.00411331
0.00414195
0.00417048
0.00419891
0.00422723
0.00425541
0.00428347
0.00431137
0.00433913
0.00436671
0.00439411
0.00442131
0.00444831
0.00447507
0.00450159
0.00452784
0.0045538
0.00457944
0.00460475
0.00462969
0.00465424
0.00467836
0.00470203
0.00472522
0.00474789
0.00477002
0.00479158
0.00481255
0.00483293
0.00485273
0.004872
0.00489079
0.00490925
0.00492758
0.00494602
0.0049651
0.00498493
0.00500745
0.00503066
0.00504908
0.00509003
0.00512621
0.00517308
0.00522668
0.00528544
0.00534852
0.00541529
0.00548519
0.00555753
0.00563237
0.00570977
0.00578947
0.00587145
0.00595629
0.00604302
0.00613037
0.00621708
0.00630219
0.00638575
0.00646592
0.0065478
0.00663788
0.00671709
0.0067943
0.00687053
0.00694607
0.00701833
0.00708877
0.00715995
0.00722168
0.00727965
0.00733431
0.00738552
0.00743183
0.00747149
0.00750344
0.00752903
0.00754759
0.00755999
0.0075657
0.00756536
0.00755978
0.0075497
0.00753577
0.0075187
0.00749927
0.0074783
0.00745636
0.00743403
0.00741178
0.00739002
0.00736912
0.00734935
0.00733102
0.00731437
0.0072996
0.00728685
0.0072763
0.0072681
0.0072623
0.00725888
0.00725795
0.00725958
0.00726381
0.0072708
0.0072808
0.00729422
0.00731155
0.00733311
0.0073592
0.00739048
0.00742837
0.00747403
0.00752793
0.00759082
0.00766399
0.00775027
0.00785238
0.00796722
0.00809656
0.00824335
0.00840987
0.00860263
0.00880446
0.00902354
0.00926374
0.00952135
0.00979629
0.0100849
0.0103852
0.0106949
0.0110105
0.0113275
0.0116415
0.0119497
0.0122486
0.0125315
0.0127905
0.0130218
0.0132242
0.0133929
0.0135204
0.0136009
0.0136322
0.0136145
0.0135474
0.013431
0.0132657
0.0130528
0.0127928
0.0124842
0.0121266
0.0117281
0.0113005
0.0108329
0.0102538
0.00956448
0.00873615
0.00781976
0.00694676
0.00619213
0.00556124
0.00504186
0.00463161
0.00425558
0.00377664
0.00301134
0.00226215
0.00191517
0.00191627
0.00211026
0.00240819
0.00279731
0.00320853
0.00352557
0.00388811
0.00425857
0.00466757
0.00512481
0.00562909
0.00617234
0.00674844
0.00734804
0.00796269
0.00858654
0.00921355
0.00983788
0.0104569
0.0110699
0.0116744
0.0122683
0.0128513
0.0134233
0.0139842
0.0145342
0.0150719
0.0155967
0.0161082
0.0166064
0.0170916
0.0175635
0.0180215
0.0184656
0.0188942
0.0193087
0.0197097
0.0200947
0.0204632
0.0208146
0.0211479
0.0214622
0.0217569
0.0220324
0.0222915
0.0225347
0.0227704
0.0229983
0.0232167
0.023415
0.0236197
0.0237797
0.0239356
0.0240799
0.0242099
0.024327
0.0244316
0.0245235
0.0246031
0.0246707
0.0247265
0.024771
0.0248046
0.0248276
0.0248411
0.0248461
0.0248429
0.0248316
0.0248133
0.0247893
0.0247591
0.024723
0.0246805
0.0246322
0.024579
0.0245218
0.0244607
0.0243959
0.0243276
0.0242563
0.0241822
0.0241057
0.024027
0.0239464
0.0238641
0.0237804
0.0236953
0.0236092
0.0235222
0.0234346
0.0233466
0.0232584
0.0231703
0.0230825
0.0229953
0.0229089
0.0228235
0.0227395
0.022657
0.0225764
0.0224979
0.0224217
0.0223481
0.0222773
0.0222095
0.0221449
0.0220836
0.0220258
0.0219717
0.0219213
0.0218747
0.021832
0.0217933
0.0217585
0.0217276
0.0217007
0.0216776
0.0216584
0.0216428
0.0216309
0.0216224
0.0216174
0.0216155
0.0216168
0.0216209
0.0216277
0.0216371
0.0216488
0.0216627
0.0216785
0.021696
0.0217151
0.0217354
0.0217568
0.0217791
0.0218019
0.0218251
0.0218484
0.0218715
0.0218941
0.0219159
0.0219367
0.0219562
0.0219734
0.0219894
0.0220008
0.0220081
0.0220132
0.0220175
0.0220127
0.0220543
0.0218961
0.0223503
0.00165513
0.00163291
0.00159783
0.00156406
0.00153273
0.00150393
0.00147726
0.00145237
0.00142902
0.00140702
0.0013862
0.0013664
0.00134749
0.00132936
0.00131196
0.00129523
0.00127914
0.00126364
0.0012487
0.00123429
0.0012204
0.00120699
0.00119404
0.00118153
0.0011718
0.00116405
0.00115659
0.0011494
0.00114249
0.00113582
0.00112939
0.0011232
0.00111723
0.00111149
0.00110598
0.0011007
0.00109567
0.00109091
0.00108642
0.0010822
0.00107827
0.0010746
0.00107117
0.00106798
0.00106498
0.00106218
0.00105954
0.00105705
0.0010547
0.00105247
0.00105037
0.00104837
0.00104649
0.00104471
0.00104303
0.00104145
0.00103996
0.00103857
0.00103728
0.00103609
0.001035
0.001034
0.00103308
0.00103225
0.00103149
0.00103082
0.00103022
0.0010297
0.00102926
0.0010289
0.00102861
0.0010284
0.00102822
0.0010281
0.00102805
0.00102807
0.00102817
0.00102834
0.00102858
0.00102889
0.00102926
0.00102971
0.00103022
0.00103079
0.00103143
0.00103214
0.00103291
0.00103376
0.00103469
0.00103567
0.00103672
0.00103782
0.00103899
0.00104022
0.00104151
0.00104287
0.00104428
0.00104575
0.00104728
0.00104887
0.00105051
0.00105222
0.00105398
0.0010558
0.00105768
0.00105961
0.00106161
0.00106365
0.00106576
0.00106792
0.00107013
0.00107241
0.00107474
0.00107712
0.00107956
0.00108205
0.0010846
0.0010872
0.00108986
0.00109257
0.00109534
0.00109816
0.00110103
0.00110395
0.00110693
0.00110996
0.00111305
0.00111619
0.00111938
0.00112262
0.00112592
0.00112926
0.00113266
0.00113612
0.00113962
0.00114318
0.00114679
0.00115045
0.00115416
0.00115793
0.00116175
0.00116562
0.00116954
0.00117351
0.00117754
0.00118162
0.00118575
0.00118993
0.00119416
0.00119845
0.00120279
0.00120718
0.00121162
0.00121612
0.00122067
0.00122527
0.00122992
0.00123462
0.00123938
0.00124419
0.00124906
0.00125398
0.00125895
0.00126397
0.00126905
0.00127418
0.00127936
0.0012846
0.00128989
0.00129524
0.00130064
0.00130609
0.0013116
0.00131717
0.00132279
0.00132846
0.00133419
0.00133998
0.00134582
0.00135172
0.00135768
0.00136369
0.00136976
0.00137589
0.00138207
0.00138832
0.00139462
0.00140098
0.0014074
0.00141388
0.00142042
0.00142701
0.00143367
0.00144039
0.00144717
0.00145402
0.00146092
0.00146789
0.00147492
0.00148201
0.00148917
0.0014964
0.00150368
0.00151104
0.00151846
0.00152595
0.0015335
0.00154112
0.00154882
0.00155658
0.00156441
0.00157231
0.00158029
0.00158834
0.00159646
0.00160465
0.00161293
0.00162127
0.0016297
0.0016382
0.00164678
0.00165544
0.00166418
0.001673
0.00168191
0.0016909
0.00169997
0.00170914
0.00171839
0.00172772
0.00173715
0.00174667
0.00175627
0.00176598
0.00177574
0.0017857
0.00179539
0.00180545
0.00182085
0.00184534
0.00187377
0.00190173
0.0019304
0.00195964
0.00198904
0.00201853
0.00204818
0.00207801
0.00210802
0.00213819
0.00216853
0.00219901
0.00222964
0.00226057
0.00229205
0.00232413
0.00235681
0.00239006
0.00242388
0.00245824
0.00249313
0.00252849
0.00256428
0.00260046
0.00263699
0.00267382
0.0027109
0.00274818
0.00278563
0.00282317
0.00286077
0.00289838
0.00293596
0.00297346
0.00301085
0.00304807
0.00308509
0.00312191
0.00315846
0.0031947
0.00323065
0.00326628
0.00330153
0.00333645
0.00337097
0.00340512
0.00343886
0.00347227
0.00350522
0.00353787
0.0035702
0.00360247
0.00363473
0.00366697
0.0036992
0.0037314
0.00376358
0.00379575
0.00382788
0.00385998
0.00389204
0.00392406
0.00395603
0.00398794
0.00401979
0.00405157
0.00408327
0.00411489
0.00414641
0.00417783
0.00420913
0.00424031
0.00427134
0.00430222
0.00433293
0.00436346
0.00439378
0.00442389
0.00445375
0.00448336
0.00451268
0.0045417
0.00457041
0.00459876
0.00462676
0.00465439
0.00468163
0.00470848
0.00473497
0.00476113
0.00478701
0.00481272
0.0048384
0.00486429
0.00489063
0.00491794
0.00494632
0.00497766
0.00500984
0.00503658
0.00508147
0.00511717
0.00516182
0.00521096
0.00526299
0.00531764
0.00537452
0.00543315
0.0054929
0.00555389
0.00561608
0.00567908
0.00574286
0.00580792
0.00587324
0.00593776
0.00600083
0.00606216
0.00612238
0.0061808
0.00624344
0.00631599
0.00637969
0.00644339
0.00650836
0.00657436
0.00663841
0.00670169
0.00676542
0.0068193
0.00686927
0.00691671
0.00696198
0.00700358
0.00703966
0.00706928
0.00709401
0.00711338
0.00712828
0.0071381
0.00714342
0.00714501
0.0071435
0.00713935
0.00713311
0.00712547
0.00711712
0.00710864
0.00710056
0.00709335
0.00708739
0.007083
0.00708049
0.00708014
0.00708221
0.00708694
0.0070945
0.00710524
0.00711947
0.00713737
0.00715897
0.00718446
0.0072142
0.00724848
0.00728772
0.00733286
0.00738486
0.00744431
0.00751189
0.00758843
0.00767542
0.00777715
0.00789395
0.00802432
0.00817172
0.00833851
0.00852951
0.00875214
0.00898064
0.00923716
0.00952111
0.00983143
0.010167
0.0105199
0.0108879
0.0112705
0.0116656
0.0120703
0.0124805
0.0128914
0.0132984
0.0136967
0.0140806
0.0144458
0.0147899
0.0151098
0.0153986
0.0156491
0.0158589
0.0160285
0.0161546
0.016231
0.0162534
0.0162213
0.0161366
0.0160003
0.0158138
0.0155785
0.0152966
0.0149693
0.0145951
0.0141741
0.0137142
0.013227
0.012697
0.0120448
0.0112568
0.0102915
0.0091889
0.00810246
0.00713861
0.0063329
0.00567749
0.00515607
0.00476228
0.00441077
0.00388701
0.00304204
0.00229449
0.00196658
0.00196986
0.00216277
0.00246945
0.00289217
0.00329077
0.00366076
0.00405037
0.00443071
0.00483595
0.00527213
0.00574188
0.00624531
0.00677693
0.00733083
0.00790306
0.00848777
0.00907816
0.0096702
0.0102622
0.0108508
0.0114329
0.0120076
0.012574
0.0131318
0.0136808
0.0142192
0.0147461
0.015261
0.0157635
0.016254
0.0167317
0.0171957
0.0176458
0.0180799
0.0184992
0.0189038
0.0192909
0.0196598
0.0200096
0.0203395
0.0206484
0.0209361
0.0212036
0.0214538
0.0216884
0.0219163
0.0221373
0.0223492
0.022542
0.0227408
0.0228947
0.0230443
0.023183
0.0233075
0.0234193
0.0235183
0.0236049
0.023679
0.0237412
0.0237916
0.0238308
0.0238589
0.0238758
0.0238833
0.0238832
0.0238758
0.0238592
0.0238358
0.0238061
0.0237696
0.0237286
0.0236865
0.0236373
0.0235813
0.023522
0.0234595
0.0233939
0.0233255
0.0232547
0.0231818
0.0231072
0.0230312
0.022954
0.0228759
0.022797
0.0227176
0.0226377
0.0225578
0.0224779
0.0223982
0.022319
0.0222405
0.0221629
0.0220865
0.0220114
0.0219379
0.0218662
0.0217966
0.0217292
0.0216644
0.0216023
0.021543
0.0214868
0.0214339
0.0213843
0.0213383
0.0212958
0.0212571
0.0212221
0.021191
0.0211636
0.0211401
0.0211205
0.0211046
0.0210924
0.0210839
0.021079
0.0210775
0.0210793
0.0210844
0.0210926
0.0211037
0.0211176
0.0211341
0.0211531
0.0211743
0.0211976
0.0212229
0.0212498
0.0212783
0.0213081
0.0213391
0.021371
0.0214036
0.0214368
0.0214702
0.0215036
0.0215369
0.0215698
0.0216019
0.0216332
0.0216635
0.0216916
0.021719
0.0217424
0.0217623
0.0217811
0.0217995
0.0218117
0.0218658
0.0217404
0.0221928
0.00194689
0.00191422
0.00187532
0.00183589
0.00179926
0.00176672
0.0017379
0.0017123
0.00168963
0.00166961
0.00165186
0.00163125
0.00160499
0.00157976
0.00155547
0.00153208
0.00150952
0.00148776
0.00146676
0.00144648
0.00142691
0.001408
0.00138974
0.0013721
0.00135505
0.00133854
0.00132255
0.00130709
0.00129213
0.00127762
0.00126352
0.00124978
0.00123637
0.00122327
0.00121049
0.00119805
0.00118597
0.00117429
0.00116302
0.00115219
0.0011418
0.00113281
0.00112531
0.00111817
0.00111137
0.00110485
0.0010986
0.00109258
0.00108676
0.00108113
0.00107565
0.00107034
0.00106517
0.00106014
0.00105524
0.00105047
0.00104582
0.00104129
0.00103688
0.00103258
0.00102839
0.00102432
0.00102035
0.00101649
0.00101273
0.00100908
0.00100552
0.00100208
0.000998726
0.000995477
0.000992326
0.000989273
0.000986317
0.000983456
0.00098069
0.000978018
0.000975438
0.000972949
0.00097055
0.000968238
0.000966013
0.000963872
0.000961815
0.00095984
0.000957946
0.000956131
0.000954397
0.000952741
0.000951163
0.000949663
0.000948239
0.000946892
0.000945621
0.000944425
0.000943305
0.00094226
0.000941289
0.000940393
0.000939571
0.000938839
0.000938204
0.000937641
0.000937149
0.000936727
0.000936374
0.000936092
0.000935878
0.000935733
0.000935656
0.000935631
0.000935625
0.000935687
0.000935817
0.000936014
0.000936278
0.00093661
0.000937007
0.000937471
0.000938002
0.000938598
0.00093926
0.000939987
0.00094078
0.000941668
0.000942621
0.000943639
0.000944722
0.000945869
0.00094708
0.000948356
0.000949696
0.000951099
0.000952566
0.000954097
0.000955691
0.000957347
0.000959067
0.00096085
0.000962695
0.000964603
0.000966574
0.000968606
0.000970701
0.000972858
0.000975077
0.000977358
0.000979701
0.000982106
0.000984573
0.000987103
0.000989694
0.000992347
0.000995062
0.000997839
0.00100068
0.00100358
0.00100654
0.00100956
0.00101265
0.00101579
0.001019
0.00102227
0.0010256
0.00102899
0.00103245
0.00103597
0.00103955
0.00104319
0.00104689
0.00105066
0.00105449
0.00105838
0.00106233
0.00106635
0.00107043
0.00107458
0.00107878
0.00108306
0.00108739
0.00109179
0.00109626
0.00110078
0.00110538
0.00111004
0.00111476
0.00111955
0.00112441
0.00112933
0.00113432
0.00113938
0.0011445
0.00114969
0.00115495
0.00116028
0.00116568
0.00117114
0.00117668
0.00118229
0.00118796
0.00119371
0.00119953
0.00120543
0.00121139
0.00121744
0.00122355
0.00122974
0.001236
0.00124235
0.00124876
0.00125526
0.00126184
0.00126849
0.00127522
0.00128204
0.00128894
0.00129592
0.00130298
0.00131013
0.00131736
0.00132469
0.00133209
0.00133959
0.00134718
0.00135486
0.00136263
0.00137049
0.00137845
0.00138651
0.00139466
0.00140291
0.00141126
0.00141971
0.00142825
0.00143691
0.00144563
0.00145455
0.00146328
0.00147217
0.0014866
0.00150998
0.00153685
0.00156367
0.0015913
0.0016195
0.00164794
0.00167656
0.00170543
0.00173456
0.00176394
0.00179357
0.00182344
0.00185353
0.00188386
0.00191457
0.00194593
0.001978
0.00201078
0.00204424
0.00207839
0.00211321
0.00214866
0.0021847
0.0022213
0.0022584
0.00229597
0.00233396
0.00237232
0.00241101
0.00244998
0.00248915
0.00252849
0.00256792
0.0026074
0.00264689
0.00268633
0.00272567
0.00276488
0.00280394
0.00284278
0.00288135
0.00291968
0.00295771
0.00299539
0.00303275
0.00306975
0.00310638
0.00314262
0.00317852
0.00321398
0.00324914
0.00328401
0.00331886
0.00335376
0.00338869
0.00342367
0.00345869
0.00349375
0.00352885
0.00356398
0.00359915
0.00363433
0.00366954
0.00370477
0.00374
0.00377525
0.00381049
0.00384572
0.00388094
0.00391614
0.0039513
0.00398643
0.00402152
0.00405655
0.00409151
0.0041264
0.00416119
0.00419589
0.00423047
0.00426493
0.00429925
0.00433341
0.00436741
0.00440124
0.00443488
0.00446833
0.00450159
0.00453468
0.0045676
0.0046004
0.00463313
0.00466587
0.00469874
0.00473192
0.00476564
0.00480017
0.00483602
0.00487326
0.00491375
0.0049553
0.00499079
0.00503996
0.00507559
0.00511829
0.00516315
0.00520849
0.00525456
0.00530127
0.00534817
0.00539471
0.00544106
0.0054871
0.00553236
0.00557687
0.0056211
0.0056641
0.00570512
0.0057441
0.00578131
0.00581779
0.0058539
0.00589641
0.0059502
0.00599702
0.00604556
0.00609723
0.0061513
0.00620453
0.00625773
0.00631102
0.00635416
0.00639315
0.00643023
0.00646632
0.00650005
0.00652965
0.00655447
0.00657646
0.0065955
0.00661266
0.00662731
0.00664007
0.00665175
0.00666288
0.00667381
0.00668491
0.00669673
0.00670996
0.00672519
0.00674289
0.00676338
0.00678691
0.00681373
0.0068441
0.00687823
0.00691635
0.0069587
0.0070056
0.00705766
0.00711545
0.007179
0.00724808
0.00732326
0.00740574
0.00749634
0.00759637
0.00770889
0.00783426
0.00797123
0.00812347
0.00829357
0.00848361
0.00870613
0.00894892
0.00920399
0.00949602
0.00981883
0.0101735
0.0105598
0.0109697
0.011402
0.011858
0.012338
0.0128359
0.0133417
0.0138502
0.0143586
0.0148639
0.0153618
0.0158478
0.0163163
0.0167635
0.0171856
0.0175775
0.017936
0.0182604
0.0185484
0.0187945
0.0189927
0.0191422
0.0192447
0.0192986
0.0192991
0.0192432
0.0191318
0.0189676
0.018753
0.01849
0.0181809
0.0178282
0.0174334
0.016996
0.0165157
0.0160002
0.0154597
0.0148748
0.0141627
0.0132903
0.0122062
0.0109276
0.00961786
0.00840939
0.00737256
0.00652385
0.0058414
0.00531318
0.00494715
0.00461948
0.00404338
0.00314278
0.00237825
0.00203408
0.00201695
0.00219338
0.00250907
0.00293178
0.00332209
0.0037585
0.0041464
0.00456764
0.00496861
0.00538773
0.00582795
0.00629191
0.0067789
0.00728736
0.00781385
0.00835282
0.00889999
0.00945343
0.0100096
0.0105647
0.011117
0.0116652
0.0122083
0.0127458
0.0132754
0.0137959
0.0143065
0.0148066
0.0152962
0.0157743
0.0162398
0.016692
0.0171284
0.0175496
0.0179556
0.018343
0.0187108
0.0190577
0.0193829
0.0196852
0.0199646
0.0202224
0.0204621
0.0206862
0.0209043
0.0211163
0.0213195
0.0215049
0.0216952
0.0218412
0.0219825
0.022114
0.0222317
0.0223368
0.0224298
0.0225106
0.0225793
0.0226365
0.0226823
0.022717
0.0227406
0.0227522
0.0227535
0.0227482
0.022736
0.022714
0.0226862
0.0226518
0.0226103
0.0225646
0.0225153
0.0224606
0.0224011
0.0223383
0.0222728
0.0222049
0.0221349
0.0220634
0.0219906
0.021917
0.0218431
0.021769
0.0216951
0.0216215
0.0215484
0.021476
0.0214046
0.0213343
0.0212653
0.0211979
0.0211321
0.0210682
0.0210065
0.020947
0.02089
0.0208356
0.0207841
0.0207355
0.0206901
0.020648
0.0206092
0.020574
0.0205424
0.0205145
0.0204902
0.0204697
0.020453
0.02044
0.0204307
0.0204252
0.0204232
0.0204247
0.0204297
0.020438
0.0204496
0.0204643
0.0204819
0.0205023
0.0205255
0.0205511
0.0205791
0.0206094
0.0206416
0.0206758
0.0207117
0.0207491
0.0207879
0.0208279
0.020869
0.020911
0.0209536
0.0209968
0.0210404
0.0210842
0.0211279
0.0211714
0.0212146
0.0212572
0.021299
0.0213399
0.0213798
0.0214177
0.0214552
0.0214891
0.02152
0.0215505
0.021581
0.0216075
0.0216718
0.0215743
0.0220143
0.00263808
0.00256169
0.00245554
0.00235755
0.00227032
0.00219344
0.00212528
0.0020644
0.00200975
0.00196043
0.00191559
0.00187451
0.00183666
0.0018016
0.00176891
0.00173824
0.00170932
0.00168191
0.00165583
0.00163093
0.0016071
0.00158422
0.00156224
0.00154109
0.00152072
0.00150107
0.0014832
0.00147541
0.00146764
0.00145983
0.00144501
0.00142682
0.00140885
0.0013911
0.00137361
0.00135644
0.00133973
0.00132356
0.00130806
0.00129329
0.0012793
0.00126606
0.00125355
0.00124171
0.00123045
0.00121969
0.00120937
0.00119942
0.00118978
0.00118041
0.00117125
0.00116228
0.00115348
0.00114482
0.00113631
0.00112793
0.00111972
0.00111274
0.00110587
0.00109913
0.00109249
0.00108596
0.00107955
0.00107324
0.00106703
0.00106093
0.00105493
0.00104903
0.00104323
0.00103753
0.00103193
0.00102642
0.001021
0.00101568
0.00101045
0.00100531
0.00100026
0.000995301
0.00099043
0.000985647
0.000980952
0.000976342
0.000971818
0.000967378
0.000963021
0.000958747
0.000954555
0.000950444
0.000946413
0.000942462
0.00093859
0.000934796
0.000931081
0.000927445
0.000923886
0.000920404
0.000917
0.000913672
0.000910421
0.000907247
0.000904149
0.000901125
0.000898175
0.000895298
0.000892494
0.000889762
0.000887101
0.000884512
0.000881993
0.000879544
0.000877164
0.000874854
0.000872612
0.00087044
0.000868337
0.000866304
0.00086434
0.000862445
0.00086062
0.000858863
0.000857177
0.00085556
0.000854012
0.000852534
0.000851126
0.000849786
0.000848516
0.000847315
0.000846183
0.000845119
0.000844124
0.000843197
0.000842339
0.000841549
0.000840827
0.000840174
0.000839589
0.000839073
0.000838624
0.000838244
0.000837932
0.000837688
0.000837513
0.000837406
0.000837367
0.000837396
0.000837504
0.00083766
0.000837895
0.000838198
0.00083857
0.00083901
0.000839519
0.000840097
0.000840743
0.000841458
0.000842242
0.000843095
0.000844017
0.000845008
0.000846068
0.000847197
0.000848395
0.000849663
0.000851001
0.000852407
0.000853884
0.000855431
0.000857047
0.000858734
0.000860491
0.000862318
0.000864216
0.000866185
0.000868225
0.000870336
0.000872518
0.000874772
0.000877097
0.000879495
0.000881965
0.000884507
0.000887122
0.00088981
0.000892571
0.000895406
0.000898315
0.000901298
0.000904356
0.000907489
0.000910697
0.000913981
0.000917341
0.000920777
0.000924291
0.000927882
0.000931551
0.000935299
0.000939125
0.000943031
0.000947018
0.000951084
0.000955232
0.000959462
0.000963775
0.00096817
0.00097265
0.000977214
0.000981864
0.000986599
0.000991422
0.000996333
0.00100133
0.00100642
0.0010116
0.00101687
0.00102224
0.00102769
0.00103325
0.00103889
0.00104464
0.00105048
0.00105642
0.00106246
0.00106861
0.00107486
0.00108121
0.00108766
0.00109423
0.0011009
0.00110768
0.00111457
0.00112157
0.00112868
0.00113588
0.00114326
0.00115055
0.00115783
0.00117052
0.00119155
0.0012156
0.00123997
0.00126524
0.00129114
0.00131737
0.0013439
0.00137077
0.00139802
0.00142562
0.00145355
0.00148183
0.00151043
0.00153935
0.00156876
0.00159893
0.00162991
0.00166171
0.00169432
0.00172774
0.00176195
0.00179692
0.0018326
0.00186897
0.00190597
0.00194356
0.0019817
0.00202034
0.00205943
0.00209893
0.00213876
0.00217887
0.00221921
0.00225971
0.00230033
0.002341
0.00238166
0.00242227
0.00246281
0.00250319
0.00254338
0.00258338
0.00262313
0.00266259
0.00270177
0.00274062
0.00277913
0.0028173
0.00285513
0.00289256
0.0029297
0.0029666
0.00300353
0.00304059
0.00307775
0.00311503
0.00315243
0.00318994
0.00322757
0.00326531
0.00330316
0.00334112
0.00337917
0.00341733
0.00345557
0.00349391
0.00353233
0.00357083
0.0036094
0.00364804
0.00368675
0.00372552
0.00376433
0.00380319
0.00384209
0.00388103
0.00391998
0.00395895
0.00399794
0.00403693
0.00407591
0.00411489
0.00415386
0.00419281
0.00423177
0.00427072
0.00430969
0.0043487
0.00438778
0.004427
0.00446643
0.00450617
0.00454637
0.0045872
0.00462893
0.00467182
0.00471637
0.00476264
0.00481247
0.00486365
0.00490818
0.00496182
0.00499772
0.00503868
0.00507934
0.005118
0.00515532
0.00519151
0.00522617
0.00525884
0.00528973
0.00531867
0.0053452
0.00536944
0.00539194
0.00541189
0.00542887
0.0054434
0.00545621
0.00546861
0.00548195
0.00550367
0.0055377
0.00556651
0.00559839
0.00563479
0.00567448
0.00571406
0.00575392
0.00579325
0.0058221
0.00584647
0.00586955
0.00589298
0.0059158
0.00593661
0.00595535
0.00597462
0.00599501
0.00601778
0.00604249
0.00607007
0.00610148
0.00613716
0.00617725
0.00622193
0.00627182
0.00632788
0.00639047
0.0064593
0.00653413
0.00661506
0.00670221
0.00679554
0.00689489
0.00700013
0.0071117
0.00723029
0.00735707
0.00749223
0.0076345
0.00778332
0.00794216
0.00811428
0.00830075
0.0085054
0.00873738
0.00898457
0.00923933
0.00953029
0.00985452
0.0102093
0.0105992
0.011023
0.011477
0.0119618
0.0124772
0.0130233
0.0135954
0.0141839
0.0147819
0.0153885
0.0160043
0.0166205
0.0172246
0.0178083
0.0183716
0.0189148
0.0194348
0.0199274
0.020389
0.0208165
0.0212068
0.0215562
0.0218629
0.0221268
0.022347
0.0225193
0.0226394
0.0227072
0.0227253
0.0226931
0.0226076
0.0224667
0.0222718
0.0220265
0.0217338
0.0213962
0.0210165
0.0205978
0.020142
0.0196488
0.0191179
0.0185563
0.0179724
0.0173431
0.0165874
0.0156496
0.0144751
0.0130516
0.0115377
0.0100787
0.00877384
0.00767596
0.00677801
0.00606241
0.00553317
0.00518852
0.00485742
0.00426651
0.00333802
0.00252793
0.00212663
0.00206023
0.00220661
0.00251902
0.00289353
0.00333138
0.00374993
0.00419812
0.00460934
0.00503895
0.00544879
0.00586902
0.0063017
0.00674841
0.00721204
0.00769031
0.00818078
0.00868191
0.00919049
0.00970317
0.0102181
0.0107336
0.0112483
0.0117612
0.0122697
0.0127724
0.0132682
0.0137563
0.0142363
0.014707
0.0151668
0.0156147
0.0160476
0.0164659
0.016869
0.0172531
0.0176165
0.0179579
0.0182758
0.0185691
0.0188378
0.0190835
0.0193101
0.0195211
0.0197264
0.0199266
0.0201187
0.0202943
0.0204739
0.0206102
0.0207418
0.0208648
0.0209747
0.0210724
0.0211584
0.0212328
0.0212959
0.021348
0.0213892
0.0214194
0.0214393
0.0214527
0.0214498
0.0214371
0.0214174
0.0213888
0.0213533
0.0213099
0.0212621
0.0212098
0.0211529
0.0210914
0.0210262
0.020958
0.0208875
0.0208155
0.0207424
0.0206687
0.020595
0.0205218
0.0204494
0.0203784
0.020309
0.0202413
0.0201758
0.0201125
0.0200517
0.0199936
0.0199383
0.019886
0.0198369
0.0197911
0.0197488
0.01971
0.0196749
0.0196436
0.0196162
0.0195927
0.0195732
0.0195578
0.0195463
0.019539
0.0195356
0.0195362
0.0195407
0.0195491
0.0195611
0.0195768
0.019596
0.0196186
0.0196444
0.0196732
0.019705
0.0197395
0.0197765
0.019816
0.0198577
0.0199014
0.0199471
0.0199944
0.0200432
0.0200935
0.0201449
0.0201974
0.0202508
0.020305
0.0203597
0.0204149
0.0204705
0.0205262
0.0205819
0.0206376
0.020693
0.020748
0.0208025
0.0208564
0.0209095
0.0209616
0.0210127
0.0210628
0.0211117
0.0211584
0.0212049
0.0212481
0.0212887
0.0213293
0.0213702
0.0214083
0.0214805
0.0214067
0.0218291
0.0051637
0.00458489
0.0040602
0.00368624
0.00340381
0.00318072
0.00299845
0.00284602
0.00271642
0.00260474
0.00250734
0.00242155
0.0023452
0.0022765
0.00221455
0.00215836
0.00210708
0.00206002
0.0020166
0.00197633
0.00193882
0.00190373
0.00187076
0.00183969
0.0018103
0.0017824
0.00175583
0.00173032
0.00170558
0.00168131
0.00165728
0.00163333
0.00160938
0.00158544
0.00156162
0.00153816
0.0015153
0.00149333
0.00147247
0.0014529
0.00143469
0.00141786
0.00140231
0.00138795
0.00137462
0.00136216
0.00135043
0.0013415
0.00133779
0.00133273
0.00132202
0.00131157
0.00130136
0.00129135
0.00128152
0.00127184
0.00126232
0.00125293
0.00124366
0.00123451
0.00122548
0.00121654
0.00120772
0.00119899
0.00119037
0.00118184
0.00117342
0.00116508
0.00115684
0.00114895
0.00114158
0.0011343
0.00112711
0.00111999
0.00111296
0.001106
0.00109913
0.00109233
0.00108561
0.00107897
0.00107241
0.00106592
0.0010595
0.00105316
0.00104689
0.00104069
0.00103457
0.00102851
0.00102253
0.00101661
0.00101076
0.00100498
0.000999268
0.000993622
0.000988042
0.000982529
0.000977081
0.000971698
0.00096638
0.000961127
0.00095594
0.000950817
0.000945758
0.000940764
0.000935833
0.000930965
0.00092616
0.000921417
0.000916736
0.000912117
0.000907558
0.000903061
0.000898624
0.000894248
0.000889932
0.000885677
0.000881483
0.00087735
0.000873278
0.000869267
0.000865318
0.00086143
0.000857603
0.000853839
0.000850135
0.000846493
0.000842912
0.000839392
0.000835933
0.000832535
0.000829197
0.00082592
0.000822703
0.000819546
0.00081645
0.000813415
0.000810441
0.000807527
0.000804675
0.000801883
0.000799153
0.000796485
0.000793878
0.000791334
0.000788852
0.000786433
0.000784077
0.000781783
0.000779552
0.000777385
0.000775282
0.000773243
0.000771269
0.000769359
0.000767513
0.000765733
0.000764018
0.000762368
0.000760784
0.000759266
0.000757815
0.00075643
0.000755112
0.000753862
0.000752679
0.000751564
0.000750517
0.000749539
0.00074863
0.00074779
0.000747021
0.000746321
0.000745691
0.000745132
0.000744645
0.000744228
0.000743884
0.000743612
0.000743412
0.000743285
0.000743231
0.000743251
0.000743346
0.000743515
0.000743759
0.000744079
0.000744474
0.000744947
0.000745496
0.000746123
0.000746829
0.000747613
0.000748477
0.000749421
0.000750445
0.00075155
0.000752738
0.000754008
0.000755361
0.000756798
0.00075832
0.000759927
0.00076162
0.0007634
0.000765268
0.000767225
0.00076927
0.000771406
0.000773633
0.000775952
0.000778364
0.00078087
0.00078347
0.000786167
0.00078896
0.000791852
0.000794843
0.000797935
0.000801128
0.000804424
0.000807824
0.00081133
0.000814942
0.000818663
0.000822493
0.000826434
0.000830488
0.000834656
0.000838939
0.000843338
0.000847856
0.000852493
0.000857247
0.00086213
0.000867103
0.000872253
0.000877381
0.000882458
0.000892301
0.000909205
0.000928565
0.000948588
0.000969638
0.00099141
0.00101366
0.00103636
0.00105956
0.00108327
0.00110748
0.00113217
0.00115733
0.00118294
0.001209
0.00123568
0.00126324
0.00129174
0.00132118
0.00135156
0.00138288
0.00141513
0.00144829
0.0014823
0.00151714
0.00155276
0.00158912
0.00162618
0.00166387
0.00170216
0.001741
0.00178031
0.00182004
0.00186013
0.00190051
0.00194115
0.00198196
0.00202289
0.0020639
0.00210494
0.00214593
0.00218681
0.00222759
0.00226819
0.00230858
0.00234875
0.00238865
0.00242826
0.00246759
0.00250661
0.0025453
0.00258371
0.00262194
0.0026603
0.00269884
0.00273759
0.00277653
0.00281569
0.00285505
0.00289462
0.00293439
0.00297436
0.00301453
0.0030549
0.00309547
0.00313623
0.00317718
0.00321832
0.00325965
0.00330116
0.00334284
0.00338471
0.00342674
0.00346895
0.00351132
0.00355385
0.00359655
0.00363941
0.00368242
0.00372559
0.00376891
0.00381239
0.00385602
0.00389983
0.00394381
0.00398798
0.00403236
0.00407699
0.00412189
0.00416713
0.00421277
0.00425892
0.00430568
0.00435323
0.00440176
0.00445153
0.00450282
0.0045561
0.00461146
0.00467064
0.00473153
0.00478527
0.0048434
0.00487985
0.00491917
0.00495567
0.00498757
0.00501592
0.00504119
0.00506306
0.00508116
0.00509578
0.00510673
0.00511361
0.00511671
0.00511673
0.005113
0.0051055
0.00509527
0.0050834
0.00507142
0.00506169
0.00506215
0.00507562
0.00508539
0.00509913
0.00511811
0.0051406
0.0051632
0.00518594
0.00520708
0.00521747
0.0052233
0.005229
0.00523745
0.00524863
0.00526191
0.00527855
0.00530246
0.00533505
0.0053778
0.00543102
0.00549661
0.00557491
0.00566582
0.00576907
0.00588489
0.00601505
0.00616007
0.00631662
0.00648184
0.00665652
0.00684105
0.00703449
0.00723553
0.00744296
0.00765596
0.00787767
0.00810926
0.00835109
0.00859944
0.0088488
0.00910479
0.00938653
0.00969076
0.0100171
0.0103685
0.0107494
0.0111606
0.011603
0.0120809
0.0125944
0.0131431
0.0137279
0.0143463
0.014992
0.0156579
0.0163407
0.0170388
0.0177453
0.0184488
0.0191417
0.0198241
0.0204964
0.0211491
0.021773
0.0223643
0.0229237
0.0234492
0.0239388
0.0243904
0.0248019
0.0251714
0.0254966
0.0257752
0.0260062
0.0261902
0.0263267
0.026413
0.0264461
0.0264264
0.0263565
0.0262371
0.0260664
0.0258433
0.0255694
0.0252484
0.0248843
0.0244799
0.0240388
0.0235638
0.0230571
0.0225187
0.0219485
0.0213525
0.0207366
0.0200748
0.019292
0.0183078
0.0170728
0.0155458
0.0138705
0.0121901
0.0106151
0.00923294
0.0080672
0.00711389
0.00636465
0.00582211
0.00547015
0.0051428
0.00456821
0.00365418
0.00276869
0.00226276
0.00211184
0.00221492
0.00247589
0.00282354
0.00323557
0.00368673
0.00411886
0.00455602
0.00499958
0.00542442
0.00583319
0.00624197
0.00666199
0.00708934
0.00752369
0.00796763
0.00842071
0.00888116
0.00934728
0.00981751
0.0102905
0.0107652
0.0112394
0.0117115
0.0121802
0.0126445
0.0131038
0.0135565
0.0140008
0.0144351
0.0148563
0.0152641
0.0156575
0.0160324
0.0163865
0.016718
0.0170251
0.0173065
0.017562
0.0177933
0.0180046
0.0182
0.0183899
0.0185752
0.0187531
0.0189158
0.0190808
0.0192041
0.0193227
0.0194346
0.0195339
0.0196213
0.0196981
0.0197641
0.0198233
0.0198661
0.0199014
0.0199253
0.0199395
0.0199459
0.0199386
0.0199201
0.0198947
0.0198595
0.0198166
0.0197681
0.0197142
0.0196548
0.0195905
0.0195219
0.0194499
0.0193754
0.0192995
0.0192229
0.0191464
0.0190706
0.0189963
0.018924
0.0188544
0.0187879
0.0187249
0.0186656
0.0186104
0.0185595
0.0185131
0.0184713
0.0184344
0.0184023
0.0183753
0.0183533
0.0183365
0.0183247
0.0183182
0.0183167
0.0183202
0.0183288
0.0183423
0.0183605
0.0183834
0.0184108
0.0184425
0.0184784
0.0185182
0.0185618
0.0186088
0.0186592
0.0187125
0.0187688
0.0188276
0.0188887
0.018952
0.0190172
0.019084
0.0191523
0.0192219
0.0192924
0.0193638
0.0194359
0.0195085
0.0195814
0.0196544
0.0197275
0.0198004
0.0198732
0.0199455
0.0200173
0.0200886
0.0201591
0.0202289
0.0202977
0.0203655
0.0204323
0.0204978
0.0205621
0.0206251
0.0206867
0.0207467
0.0208054
0.0208627
0.0209176
0.0209722
0.0210236
0.0210725
0.0211218
0.0211713
0.0212188
0.0212969
0.0212419
0.0216366
0.0115437
0.00858996
0.0069186
0.00595251
0.00529083
0.00479938
0.00441687
0.0041093
0.00385596
0.00364335
0.0034621
0.00330543
0.00316841
0.00304724
0.00293922
0.00284172
0.00275339
0.002673
0.00259945
0.00253179
0.00246927
0.00241124
0.00235718
0.00230667
0.00225932
0.00221474
0.00217254
0.0021323
0.00209352
0.00205573
0.00201849
0.00198156
0.00194483
0.00190841
0.00187256
0.00183766
0.00180413
0.00177237
0.00174268
0.00171526
0.00169018
0.00166736
0.00164666
0.00162784
0.00161065
0.00159483
0.00158013
0.00156635
0.0015533
0.00154078
0.0015287
0.00151701
0.00150564
0.00149455
0.00148369
0.00147304
0.00146257
0.00145227
0.00144211
0.00143207
0.00142216
0.00141236
0.00140267
0.00139307
0.00138358
0.00137418
0.00136487
0.00135566
0.00134653
0.0013375
0.00132856
0.00131971
0.00131115
0.00130227
0.00129368
0.00128518
0.00127677
0.00126844
0.00126018
0.00125201
0.00124391
0.00123589
0.00122794
0.00122006
0.00121225
0.00120451
0.00119683
0.00118922
0.00118167
0.00117419
0.00116677
0.00115941
0.00115211
0.00114487
0.00113768
0.00113056
0.0011235
0.00111649
0.00110955
0.00110265
0.00109582
0.00108904
0.00108231
0.00107564
0.00106903
0.00106246
0.00105595
0.00104949
0.00104309
0.00103673
0.00103043
0.00102417
0.00101797
0.00101182
0.00100572
0.000999666
0.000993663
0.000987709
0.000981803
0.000975945
0.000970137
0.000964376
0.000958664
0.000953
0.000947384
0.000941817
0.000936298
0.000930827
0.000925404
0.000920029
0.000914702
0.000909423
0.000904192
0.000899008
0.000893872
0.000888784
0.000883743
0.00087875
0.000873805
0.000868907
0.000864057
0.000859254
0.0008545
0.000849794
0.000845137
0.000840528
0.000835969
0.000831458
0.000826997
0.000822585
0.000818223
0.000813909
0.000809646
0.000805431
0.000801266
0.00079715
0.000793084
0.000789066
0.000785097
0.000781179
0.000777312
0.000773497
0.000769735
0.000766028
0.000762376
0.00075878
0.000755238
0.000751753
0.000748323
0.000744948
0.000741627
0.000738361
0.00073515
0.000731995
0.000728895
0.000725851
0.000722864
0.000719934
0.000717061
0.000714246
0.000711489
0.000708792
0.000706153
0.000703575
0.000701057
0.0006986
0.000696206
0.000693874
0.000691605
0.0006894
0.00068726
0.000685185
0.000683176
0.000681235
0.00067936
0.000677555
0.000675818
0.000674152
0.000672557
0.000671033
0.000669582
0.000668206
0.000666904
0.000665679
0.000664531
0.000663461
0.000662471
0.000661561
0.000660733
0.000659987
0.000659325
0.000658749
0.000658258
0.000657856
0.000657542
0.00065732
0.000657189
0.000657152
0.00065721
0.000657365
0.000657619
0.000657972
0.000658428
0.000658987
0.000659652
0.000660424
0.000661305
0.000662297
0.000663402
0.000664622
0.000665959
0.000667414
0.000668986
0.000670687
0.000672482
0.000674458
0.000676417
0.000678503
0.000684003
0.000694152
0.000706046
0.000718868
0.000732869
0.000747746
0.000763293
0.000779508
0.000796432
0.00081407
0.000832404
0.000851418
0.000871102
0.000891443
0.000912415
0.000934191
0.000956992
0.000980882
0.00100588
0.00103198
0.0010592
0.00108753
0.00111694
0.0011474
0.00117888
0.00121133
0.00124472
0.001279
0.00131411
0.00135001
0.00138664
0.00142393
0.00146182
0.00150023
0.00153911
0.00157839
0.00161802
0.0016579
0.00169801
0.00173831
0.00177868
0.00181909
0.00185952
0.00189989
0.00194016
0.00198029
0.00202025
0.00205999
0.00209954
0.00213883
0.00217787
0.00221668
0.00225539
0.00229431
0.00233352
0.00237302
0.00241282
0.00245294
0.00249337
0.0025341
0.00257514
0.00261649
0.00265815
0.00270012
0.0027424
0.00278499
0.00282788
0.00287109
0.0029146
0.00295842
0.00300254
0.00304698
0.00309172
0.00313677
0.00318214
0.00322781
0.00327379
0.00332009
0.00336671
0.00341366
0.00346093
0.00350855
0.00355651
0.00360485
0.00365357
0.0037027
0.00375227
0.00380234
0.00385294
0.00390415
0.00395607
0.00400878
0.00406245
0.00411722
0.00417333
0.00423102
0.00429058
0.00435248
0.00441679
0.00448517
0.0045557
0.00461863
0.00468116
0.00471832
0.00475601
0.00478829
0.00481327
0.00483237
0.00484627
0.00485478
0.00485764
0.00485521
0.00484737
0.00483383
0.00481507
0.00479196
0.00476403
0.00473164
0.00469637
0.00465964
0.00462316
0.00459026
0.00456917
0.00456135
0.00455096
0.00454475
0.00454368
0.00454549
0.00454709
0.00454843
0.00454698
0.00453528
0.00452041
0.00450891
0.00450604
0.00451374
0.00453305
0.00456816
0.00462505
0.00470432
0.00480935
0.0049427
0.00510306
0.00528767
0.0054972
0.00573027
0.00598725
0.00627833
0.00658968
0.00689324
0.00719898
0.00752729
0.00786614
0.00820897
0.00855324
0.00889793
0.00924349
0.00959202
0.00994612
0.0103092
0.0106833
0.0110686
0.011468
0.0118889
0.0123377
0.0128177
0.0133308
0.013879
0.0144644
0.0150879
0.0157473
0.0164379
0.0171564
0.017901
0.0186667
0.0194449
0.0202263
0.0210066
0.0217838
0.0225507
0.0232969
0.0240165
0.0247108
0.0253804
0.0260165
0.0266143
0.0271718
0.0276881
0.0281617
0.0285921
0.0289789
0.0293212
0.0296172
0.0298654
0.0300642
0.0302132
0.0303133
0.0303645
0.0303651
0.0303135
0.0302102
0.0300578
0.0298578
0.0296099
0.0293134
0.0289703
0.0285844
0.0281602
0.027701
0.0272106
0.0266916
0.0261465
0.0255756
0.0249787
0.024361
0.0237253
0.0230426
0.0222485
0.0212346
0.0199653
0.0183745
0.0165898
0.0147433
0.0129368
0.0112744
0.00981129
0.00857451
0.00756339
0.00675853
0.00618286
0.0058011
0.00548339
0.00495579
0.00411192
0.00314827
0.00247999
0.00220617
0.00222189
0.00240834
0.00271156
0.00308348
0.00350522
0.00395895
0.00439991
0.00482122
0.0052406
0.00567358
0.00608406
0.00648276
0.00687675
0.0072764
0.00768497
0.00809904
0.00851701
0.00893682
0.00936118
0.00979015
0.0102215
0.0106536
0.0110852
0.0115151
0.0119427
0.0123664
0.0127841
0.0131942
0.0135934
0.013981
0.0143559
0.0147135
0.0150512
0.0153667
0.0156577
0.0159225
0.0161606
0.0163734
0.0165653
0.0167403
0.0169096
0.0170752
0.0172338
0.017378
0.0175224
0.0176267
0.0177275
0.0178235
0.0179067
0.0179781
0.0180414
0.0180972
0.0181456
0.0181815
0.018206
0.0182196
0.0182247
0.0182227
0.0182116
0.0181905
0.01816
0.0181204
0.0180746
0.0180233
0.0179651
0.0179007
0.0178312
0.0177577
0.0176813
0.0176032
0.0175245
0.0174462
0.0173694
0.017295
0.0172238
0.0171567
0.0170943
0.0170372
0.0169857
0.0169403
0.0169014
0.016869
0.0168434
0.0168248
0.0168132
0.0168085
0.0168109
0.0168202
0.0168364
0.0168593
0.0168886
0.0169243
0.0169661
0.0170138
0.017067
0.0171255
0.017189
0.0172572
0.0173296
0.0174061
0.0174861
0.0175695
0.0176558
0.0177447
0.0178359
0.017929
0.0180238
0.0181199
0.0182171
0.018315
0.0184135
0.0185122
0.0186109
0.0187095
0.0188077
0.0189053
0.0190023
0.0190983
0.0191934
0.0192873
0.0193799
0.0194713
0.0195611
0.0196495
0.0197363
0.0198214
0.0199048
0.0199864
0.0200661
0.020144
0.0202201
0.0202941
0.0203663
0.0204365
0.0205046
0.0205711
0.0206359
0.0206978
0.0207593
0.0208179
0.0208738
0.0209303
0.0209868
0.0210415
0.0211236
0.0210823
0.0214468
0.00956403
0.00871009
0.0079342
0.00725717
0.00665654
0.00613742
0.0056957
0.00532
0.00499907
0.00472335
0.00448482
0.00427555
0.00409165
0.00392893
0.00378384
0.00365332
0.00353501
0.00342705
0.00332794
0.00323647
0.00315162
0.00307259
0.0029987
0.00292935
0.00286403
0.0028022
0.00274335
0.00268689
0.00263226
0.00257889
0.0025264
0.0024746
0.00242351
0.00237336
0.00232455
0.00227752
0.00223274
0.0021906
0.00215136
0.00211515
0.00208194
0.00205159
0.00202386
0.00199845
0.00197504
0.00195333
0.00193305
0.00191396
0.00189588
0.00187862
0.00186206
0.0018461
0.00183068
0.00181572
0.00180119
0.00178704
0.00177324
0.00175975
0.00174656
0.00173363
0.00172094
0.00170847
0.00169621
0.00168414
0.00167226
0.00166054
0.00164899
0.0016376
0.00162636
0.00161527
0.00160433
0.00159353
0.00158287
0.00157236
0.00156198
0.00155173
0.00154161
0.0015316
0.00152172
0.00151194
0.00150226
0.00149268
0.00148319
0.00147379
0.00146446
0.00145522
0.00144605
0.00143695
0.00142792
0.00141896
0.00141007
0.00140125
0.00139249
0.00138379
0.00137516
0.0013666
0.0013581
0.00134966
0.00134128
0.00133296
0.0013247
0.0013165
0.00130835
0.00130025
0.00129219
0.00128419
0.00127623
0.00126832
0.00126044
0.00125261
0.00124483
0.00123708
0.00122937
0.00122171
0.00121409
0.0012065
0.00119896
0.00119145
0.00118399
0.00117656
0.00116918
0.00116184
0.00115454
0.00114728
0.00114006
0.00113288
0.00112575
0.00111865
0.00111159
0.00110458
0.0010976
0.00109067
0.00108377
0.00107691
0.0010701
0.00106332
0.00105658
0.00104988
0.00104322
0.0010366
0.00103002
0.00102347
0.00101697
0.0010105
0.00100407
0.000997679
0.000991326
0.00098501
0.000978732
0.000972492
0.000966289
0.000960123
0.000953994
0.000947902
0.000941848
0.000935829
0.000929844
0.000923891
0.000917969
0.000912076
0.000906211
0.000900373
0.000894565
0.000888786
0.000883037
0.000877322
0.00087164
0.000865994
0.000860386
0.000854816
0.000849285
0.000843793
0.000838339
0.000832925
0.000827549
0.000822212
0.000816914
0.000811655
0.000806435
0.000801254
0.000796114
0.000791014
0.000785948
0.000780925
0.000775948
0.000771017
0.000766133
0.000761294
0.000756503
0.000751757
0.000747058
0.000742406
0.0007378
0.000733241
0.00072873
0.000724268
0.000719853
0.000715488
0.000711172
0.000706904
0.000702685
0.000698515
0.000694394
0.000690322
0.0006863
0.00068233
0.00067841
0.000674542
0.000670726
0.000666964
0.000663256
0.000659602
0.000656004
0.000652463
0.00064898
0.000645556
0.000642192
0.000638889
0.000635649
0.000632473
0.000629363
0.000626319
0.000623345
0.000620441
0.000617608
0.00061485
0.000612167
0.000609562
0.000607036
0.000604591
0.000602229
0.000599954
0.000597762
0.000595669
0.000593641
0.000591781
0.000589877
0.000588382
0.000588698
0.000590636
0.000593284
0.000596751
0.000601244
0.000606432
0.000612147
0.000618432
0.000625422
0.000633267
0.000642006
0.000651652
0.000662212
0.00067368
0.000686042
0.000699433
0.000714022
0.000729873
0.000747021
0.000765496
0.000785307
0.000806467
0.000828961
0.000852766
0.000877861
0.000904213
0.000931783
0.000960524
0.000990385
0.00102132
0.00105328
0.00108617
0.00111993
0.00115448
0.00118976
0.00122569
0.0012622
0.0012992
0.00133663
0.00137447
0.00141256
0.00145089
0.00148943
0.00152807
0.00156677
0.00160551
0.00164421
0.00168283
0.00172137
0.00175974
0.001798
0.00183608
0.00187418
0.0019126
0.00195142
0.00199065
0.00203031
0.00207039
0.00211089
0.00215183
0.00219319
0.00223498
0.0022772
0.00231985
0.00236294
0.00240646
0.00245043
0.00249484
0.00253969
0.00258499
0.00263075
0.00267696
0.00272363
0.00277077
0.00281838
0.00286647
0.00291505
0.00296411
0.00301369
0.00306377
0.00311439
0.00316555
0.00321728
0.0032696
0.00332254
0.00337614
0.00343045
0.00348551
0.00354139
0.00359818
0.00365598
0.0037149
0.00377511
0.00383677
0.00390011
0.00396539
0.0040329
0.00410307
0.00417599
0.00425321
0.00433307
0.00440502
0.00447166
0.00450961
0.00454557
0.00457345
0.00459132
0.00460082
0.00460291
0.0045975
0.00458449
0.00456436
0.00453705
0.00450241
0.00446116
0.00441434
0.00436178
0.00430429
0.00424399
0.00418257
0.00412184
0.00406595
0.00402314
0.00399315
0.00396106
0.00393255
0.00390818
0.00388543
0.00386208
0.00383872
0.00381281
0.00378007
0.00375086
0.0037356
0.00374403
0.00378115
0.00385455
0.00396936
0.00413126
0.00433671
0.00459761
0.00493432
0.00527521
0.00564384
0.00606469
0.00651641
0.00699076
0.00748286
0.00798512
0.00848779
0.00898566
0.00947786
0.00996287
0.0104393
0.0109067
0.0113661
0.0118202
0.0122734
0.0127305
0.0131976
0.0136799
0.0141808
0.0147035
0.015254
0.0158387
0.0164609
0.0171205
0.0178172
0.0185509
0.0193202
0.0201191
0.0209393
0.0217751
0.0226225
0.0234757
0.024325
0.0251616
0.0259817
0.0267838
0.0275616
0.0283059
0.0290127
0.0296845
0.0303221
0.030915
0.0314636
0.0319702
0.0324368
0.0328497
0.0332109
0.0335262
0.0337957
0.0340174
0.0341895
0.0343109
0.034382
0.0344038
0.0343764
0.0342992
0.0341718
0.033995
0.0337709
0.0335021
0.0331895
0.032833
0.0324342
0.0319972
0.031527
0.031027
0.0305012
0.0299522
0.0293822
0.0287923
0.0281821
0.0275559
0.0269126
0.026221
0.02543
0.0244013
0.0231188
0.021496
0.0196482
0.0176984
0.0157276
0.0138337
0.0120869
0.0105462
0.00923998
0.00814034
0.00726276
0.00662809
0.00619984
0.00587874
0.00542569
0.0046911
0.00371385
0.0028648
0.00239852
0.00226761
0.00235288
0.00257301
0.00288384
0.00325364
0.00367123
0.00410031
0.00455479
0.00495752
0.00533235
0.00573973
0.00614119
0.00652959
0.00692334
0.00730632
0.00768603
0.00805717
0.00843917
0.00882716
0.00921752
0.00960854
0.00999916
0.0103888
0.0107774
0.0111636
0.0115456
0.0119219
0.0122893
0.0126471
0.0129942
0.0133258
0.0136391
0.013931
0.0141991
0.014441
0.014655
0.0148424
0.0150078
0.0151547
0.0152965
0.0154357
0.0155677
0.0156853
0.0158002
0.0158797
0.0159571
0.0160294
0.0160888
0.0161386
0.0161796
0.016218
0.0162496
0.0162736
0.01629
0.0162991
0.0163013
0.0162965
0.0162832
0.0162611
0.0162305
0.016192
0.0161465
0.0160948
0.0160371
0.0159741
0.0159068
0.0158362
0.0157635
0.0156901
0.0156171
0.015546
0.0154779
0.015414
0.0153553
0.0153027
0.015257
0.0152188
0.0151886
0.0151669
0.0151538
0.0151497
0.0151546
0.0151686
0.0151916
0.0152235
0.0152641
0.0153132
0.0153705
0.0154356
0.0155081
0.0155877
0.0156739
0.0157662
0.0158643
0.0159675
0.0160755
0.0161878
0.0163037
0.016423
0.0165451
0.0166695
0.0167958
0.0169236
0.0170524
0.017182
0.0173119
0.0174418
0.0175714
0.0177005
0.0178286
0.0179557
0.0180815
0.0182058
0.0183283
0.0184491
0.0185678
0.0186844
0.0187989
0.018911
0.0190209
0.0191283
0.0192332
0.0193356
0.0194355
0.0195328
0.0196275
0.0197196
0.0198091
0.0198961
0.0199805
0.0200623
0.0201417
0.0202186
0.0202931
0.0203656
0.020436
0.0205032
0.0205701
0.0206339
0.0206952
0.0207571
0.0208188
0.0208788
0.0209639
0.0209342
0.021277
0.0074766
0.00723018
0.00706248
0.00685028
0.00659965
0.00633061
0.00606015
0.0057986
0.00555255
0.00532552
0.00511863
0.00492987
0.00475796
0.00460212
0.00446061
0.00433158
0.00421327
0.00410417
0.00400298
0.00390864
0.00382022
0.00373698
0.00365828
0.00358357
0.00351234
0.00344411
0.00337839
0.00331474
0.00325273
0.00319203
0.00313248
0.00307409
0.00301706
0.00296169
0.00290831
0.00285726
0.0028088
0.00276312
0.00272026
0.00268018
0.00264274
0.00260772
0.00257487
0.00254392
0.00251461
0.00248673
0.00246007
0.00243449
0.00240985
0.00238603
0.00236292
0.00234048
0.00231866
0.00229741
0.00227669
0.00225648
0.00223675
0.00221746
0.00219859
0.00218012
0.00216203
0.00214429
0.00212689
0.00210982
0.00209306
0.00207661
0.00206046
0.00204459
0.00202902
0.00201373
0.00199871
0.00198398
0.00196952
0.00195534
0.00194141
0.00192775
0.00191435
0.00190118
0.00188825
0.00187554
0.00186304
0.00185074
0.00183864
0.00182672
0.00181497
0.00180339
0.00179197
0.00178071
0.00176959
0.00175861
0.00174777
0.00173707
0.0017265
0.00171605
0.00170573
0.00169553
0.00168545
0.00167548
0.00166562
0.00165586
0.00164619
0.00163661
0.00162711
0.00161768
0.00160831
0.00159901
0.00158976
0.00158056
0.00157141
0.00156229
0.00155322
0.00154418
0.00153517
0.00152619
0.00151725
0.00150833
0.00149943
0.00149057
0.00148173
0.00147292
0.00146414
0.00145539
0.00144666
0.00143796
0.00142929
0.00142064
0.00141202
0.00140342
0.00139484
0.00138629
0.00137776
0.00136924
0.00136075
0.00135228
0.00134383
0.0013354
0.00132699
0.0013186
0.00131024
0.00130189
0.00129357
0.00128527
0.00127699
0.00126873
0.0012605
0.00125229
0.00124411
0.00123595
0.00122782
0.00121971
0.00121163
0.00120358
0.00119555
0.00118755
0.00117958
0.00117163
0.0011637
0.0011558
0.00114792
0.00114005
0.0011322
0.00112437
0.00111655
0.00110876
0.00110099
0.00109324
0.00108553
0.00107783
0.00107017
0.00106254
0.00105493
0.00104736
0.00103982
0.0010323
0.00102482
0.00101737
0.00100995
0.00100255
0.000995193
0.00098786
0.00098056
0.000973291
0.000966038
0.000958798
0.000951572
0.000944361
0.000937167
0.000929991
0.000922835
0.000915699
0.000908584
0.000901491
0.00089442
0.000887371
0.000880345
0.000873342
0.000866362
0.000859405
0.000852471
0.00084556
0.000838672
0.000831808
0.000824967
0.000818148
0.00081135
0.000804579
0.000797838
0.000791127
0.000784446
0.000777796
0.000771176
0.000764587
0.000758028
0.000751501
0.000745006
0.000738543
0.000732113
0.000725717
0.000719355
0.000713029
0.000706739
0.000700487
0.000694273
0.000688099
0.000681967
0.000675878
0.000669833
0.000663834
0.000657883
0.000651982
0.000646134
0.000640344
0.000634611
0.000628957
0.000623353
0.000617946
0.000612515
0.000607846
0.000604169
0.000600148
0.000596164
0.000593368
0.000591917
0.000591309
0.000591334
0.000591794
0.000592259
0.000592677
0.000593084
0.000593568
0.000594245
0.000595219
0.000596594
0.00059852
0.00060116
0.000604644
0.000609095
0.000614623
0.000621314
0.000629243
0.000638454
0.000649001
0.000660869
0.000674544
0.00069009
0.000707464
0.000726593
0.000747405
0.00076981
0.000793716
0.000819025
0.000845641
0.000873465
0.000902407
0.000932362
0.000963216
0.000994907
0.00102737
0.00106043
0.00109406
0.00112821
0.00116274
0.00119762
0.00123279
0.00126818
0.00130372
0.00133943
0.00137516
0.00141099
0.0014468
0.00148282
0.00151932
0.00155638
0.00159401
0.00163224
0.00167104
0.00171044
0.00175041
0.00179096
0.0018321
0.00187381
0.00191611
0.00195899
0.00200246
0.00204652
0.00209118
0.00213644
0.00218231
0.00222879
0.0022759
0.00232364
0.00237202
0.00242105
0.00247075
0.00252112
0.00257217
0.00262394
0.00267643
0.00272967
0.00278368
0.00283849
0.00289413
0.00295066
0.0030081
0.00306652
0.00312599
0.00318657
0.00324838
0.00331152
0.00337611
0.00344233
0.00351036
0.00358042
0.00365278
0.0037277
0.00380562
0.00388663
0.00397214
0.00406085
0.00414148
0.00421175
0.00425044
0.00428445
0.0043077
0.00431819
0.00431776
0.0043076
0.00428779
0.00425838
0.00421997
0.00417257
0.00411623
0.00405198
0.00398116
0.00390398
0.00382175
0.00373711
0.00365186
0.00356764
0.00348917
0.00342439
0.00337108
0.00331549
0.00326226
0.00321201
0.00316266
0.00311381
0.00306853
0.00302675
0.00298977
0.0029771
0.00300904
0.00309605
0.00324572
0.00348736
0.00382859
0.00419724
0.004661
0.00519881
0.00579426
0.00642777
0.0070856
0.00775793
0.00843548
0.00911023
0.00977544
0.0104258
0.0110571
0.0116669
0.0122549
0.0128226
0.0133726
0.0139084
0.0144341
0.0149557
0.0154796
0.0160125
0.0165619
0.0171346
0.0177344
0.0183648
0.0190306
0.0197365
0.0204831
0.0212677
0.0220869
0.0229382
0.0238175
0.0247164
0.0256246
0.0265352
0.0274437
0.028344
0.0292266
0.0300838
0.0309128
0.0317128
0.0324784
0.0332018
0.0338803
0.0345177
0.0351147
0.0356612
0.0361753
0.0366233
0.0370046
0.0373564
0.0376657
0.0379211
0.0381254
0.0382797
0.0383838
0.0384373
0.0384408
0.0383953
0.0383014
0.0381596
0.0379702
0.0377342
0.0374532
0.0371307
0.0367688
0.0363677
0.0359287
0.0354562
0.0349554
0.0344297
0.0338836
0.0333192
0.0327387
0.0321435
0.0315336
0.0309121
0.0302733
0.0295845
0.0288105
0.0277805
0.0265028
0.0248724
0.0229953
0.0209941
0.0189309
0.0168834
0.0149145
0.0130963
0.0114896
0.0100797
0.00887357
0.00790509
0.0071888
0.00670133
0.00636047
0.00598586
0.00536094
0.0045136
0.00353305
0.00280614
0.00244113
0.00236171
0.00246014
0.00267088
0.00296683
0.00330299
0.00369656
0.00410873
0.00450369
0.00490875
0.00532265
0.00569289
0.00603895
0.00638747
0.00674484
0.00711025
0.00747005
0.00782923
0.00818746
0.00854151
0.00889232
0.00924137
0.00958928
0.00993521
0.0102775
0.0106147
0.0109443
0.011266
0.0115786
0.0118775
0.0121591
0.0124201
0.0126572
0.0128684
0.0130504
0.0132006
0.0133304
0.0134431
0.0135513
0.0136552
0.0137511
0.0138344
0.0139113
0.0139577
0.0140028
0.0140461
0.0140836
0.014116
0.014144
0.014168
0.014187
0.0142004
0.0142085
0.0142115
0.0142094
0.0142023
0.0141898
0.0141719
0.0141483
0.0141192
0.0140848
0.0140457
0.0140023
0.0139553
0.0139053
0.0138532
0.0138002
0.0137476
0.0136967
0.013649
0.0136058
0.0135685
0.0135379
0.0135151
0.013501
0.0134963
0.0135015
0.0135169
0.0135428
0.0135793
0.0136264
0.0136839
0.0137518
0.0138296
0.0139169
0.0140133
0.0141183
0.0142313
0.0143518
0.014479
0.0146125
0.0147514
0.0148954
0.0150435
0.0151954
0.0153503
0.0155076
0.0156669
0.0158275
0.015989
0.0161508
0.0163125
0.0164737
0.016634
0.0167931
0.0169506
0.0171064
0.01726
0.0174114
0.0175603
0.0177065
0.0178498
0.0179902
0.0181276
0.0182618
0.0183927
0.0185205
0.0186449
0.0187661
0.018884
0.0189985
0.0191097
0.0192177
0.0193223
0.0194238
0.019522
0.019617
0.0197089
0.0197978
0.0198836
0.0199667
0.0200469
0.0201245
0.0201999
0.0202732
0.020343
0.0204126
0.0204793
0.0205437
0.0206087
0.0206735
0.0207368
0.0208235
0.0208038
0.0211244
0.00644146
0.00621379
0.00605233
0.00590581
0.0057693
0.00563734
0.00550737
0.00537902
0.00525384
0.0051339
0.00502072
0.00491477
0.004816
0.00472417
0.00463884
0.00455953
0.00448457
0.00441417
0.00434781
0.00428486
0.00422476
0.004167
0.00411119
0.00405695
0.00400394
0.00395188
0.00390053
0.00384978
0.00379959
0.0037501
0.00370157
0.00365437
0.00360889
0.00356545
0.00352422
0.0034852
0.00344827
0.00341316
0.00337953
0.00334707
0.00331546
0.00328445
0.00325388
0.00322362
0.00319364
0.00316393
0.00313451
0.00310542
0.0030767
0.00304834
0.00302036
0.00299278
0.00296562
0.00293887
0.00291256
0.00288666
0.00286117
0.00283609
0.00281141
0.00278711
0.00276318
0.00273962
0.00271643
0.0026936
0.00267112
0.00264899
0.00262721
0.00260579
0.00258471
0.00256399
0.00254363
0.00252362
0.00250398
0.00248469
0.00246576
0.00244719
0.00242896
0.00241108
0.00239354
0.00237632
0.00235943
0.00234284
0.00232656
0.00231057
0.00229487
0.00227944
0.00226428
0.00224939
0.00223475
0.00222036
0.00220622
0.00219232
0.00217866
0.00216523
0.00215204
0.00213907
0.00212632
0.00211378
0.00210145
0.00208931
0.00207737
0.0020656
0.002054
0.00204256
0.00203126
0.00202011
0.00200909
0.00199818
0.00198739
0.00197671
0.00196612
0.00195563
0.00194522
0.00193489
0.00192464
0.00191445
0.00190433
0.00189427
0.00188427
0.00187432
0.00186442
0.00185456
0.00184475
0.00183497
0.00182521
0.00181548
0.00180577
0.00179606
0.00178636
0.00177666
0.00176694
0.00175722
0.00174747
0.00173771
0.00172792
0.0017181
0.00170824
0.00169835
0.00168843
0.00167846
0.00166846
0.00165841
0.00164833
0.0016382
0.00162804
0.00161784
0.0016076
0.00159732
0.00158701
0.00157666
0.00156629
0.00155587
0.00154543
0.00153496
0.00152446
0.00151392
0.00150337
0.00149278
0.00148216
0.00147152
0.00146086
0.00145017
0.00143947
0.00142875
0.00141801
0.00140727
0.00139653
0.00138578
0.00137504
0.0013643
0.00135357
0.00134285
0.00133214
0.00132145
0.00131076
0.0013001
0.00128944
0.00127881
0.00126819
0.0012576
0.00124702
0.00123646
0.00122593
0.00121541
0.00120491
0.00119443
0.00118397
0.00117352
0.00116309
0.00115268
0.00114229
0.00113191
0.00112156
0.00111122
0.0011009
0.0010906
0.00108032
0.00107006
0.00105982
0.0010496
0.00103939
0.00102921
0.00101905
0.00100891
0.000998768
0.000988636
0.000978508
0.000968386
0.000958273
0.00094817
0.000938079
0.000928001
0.000917938
0.000907892
0.000897863
0.000887854
0.000877866
0.000867901
0.00085796
0.000848044
0.000838155
0.000828295
0.000818465
0.000808668
0.000798904
0.000789177
0.000779484
0.000769837
0.000760239
0.000750695
0.00074121
0.000731793
0.000722448
0.000713211
0.00070407
0.000695213
0.000686411
0.000678658
0.000671279
0.000661727
0.00065141
0.000642201
0.000634128
0.000626443
0.000618835
0.00061143
0.000604388
0.000597769
0.000591591
0.00058589
0.000580729
0.000576163
0.00057226
0.000569119
0.000566835
0.000565518
0.000565307
0.000566325
0.000568672
0.000572449
0.000577707
0.000584285
0.000589745
0.000594189
0.000598109
0.000602033
0.000606419
0.000611642
0.000617978
0.000625616
0.00063467
0.000645194
0.000657189
0.00067062
0.000685439
0.000701506
0.00071947
0.000739292
0.000760744
0.000783686
0.000807953
0.000833348
0.000859754
0.000887044
0.0009151
0.000943796
0.000973122
0.00100289
0.00103315
0.00106375
0.00109489
0.00112682
0.00115958
0.00119319
0.00122766
0.00126298
0.00129913
0.00133612
0.00137394
0.00141258
0.00145204
0.00149233
0.00153344
0.00157537
0.00161812
0.0016617
0.0017061
0.00175133
0.0017974
0.00184431
0.00189208
0.0019407
0.0019902
0.00204059
0.00209188
0.00214409
0.00219724
0.00225135
0.00230645
0.00236257
0.00241975
0.00247802
0.00253744
0.00259806
0.00265995
0.00272317
0.00278782
0.00285401
0.00292185
0.00299149
0.00306309
0.00313684
0.00321297
0.00329174
0.00337342
0.00345842
0.00354684
0.00363991
0.00373682
0.00382562
0.00389887
0.00393811
0.00396985
0.00398816
0.00399099
0.00398032
0.00395753
0.00392286
0.00387655
0.0038193
0.0037513
0.00367297
0.00358582
0.00349155
0.00339082
0.00328536
0.00317806
0.00307059
0.0029641
0.00286375
0.002777
0.0026998
0.00262045
0.002543
0.00246912
0.00239968
0.00233702
0.00228958
0.00226945
0.00228447
0.00236759
0.00257023
0.00288395
0.00328509
0.00383403
0.00450028
0.00525574
0.0060688
0.00691625
0.00777616
0.00863119
0.00946867
0.0102812
0.0110656
0.011821
0.0125471
0.0132446
0.0139148
0.0145597
0.0151819
0.0157852
0.016374
0.0169534
0.0175291
0.0181081
0.0186975
0.0193046
0.019937
0.0206009
0.0213
0.0220362
0.0228126
0.0236314
0.0244904
0.0253839
0.0263059
0.0272518
0.0282159
0.0291882
0.0301578
0.0311177
0.0320638
0.0329899
0.0338875
0.0347498
0.0355753
0.0363638
0.0371107
0.0378093
0.0384581
0.0390613
0.0396179
0.0400967
0.0405463
0.0411419
0.0413633
0.0416495
0.0418593
0.0420762
0.0422352
0.0423371
0.0423869
0.0423864
0.042337
0.0422396
0.0420951
0.0419046
0.0416698
0.0413912
0.0410702
0.040711
0.0403166
0.0398877
0.0394253
0.0389338
0.0384185
0.0378831
0.0373322
0.0367673
0.0361907
0.0356043
0.0350082
0.0344043
0.033782
0.0331076
0.0323636
0.0313453
0.0300893
0.0284712
0.0265887
0.0245711
0.022471
0.0203475
0.0182451
0.0162244
0.0143602
0.012657
0.0111264
0.00980493
0.00873014
0.00791368
0.00734596
0.00694375
0.00658977
0.00612699
0.00541215
0.00454138
0.00361315
0.00293809
0.00257359
0.00247191
0.00253562
0.00270021
0.00294068
0.00323958
0.00356394
0.00390457
0.00427738
0.00465662
0.00502086
0.00537365
0.00572028
0.00606401
0.00640411
0.00673423
0.00705619
0.00737207
0.00768723
0.00800242
0.00831576
0.00862555
0.00893092
0.00923127
0.00952395
0.00980838
0.0100851
0.0103481
0.0105927
0.010815
0.0110119
0.0111812
0.01132
0.0114269
0.011511
0.0115818
0.0116485
0.0117129
0.0117758
0.0118332
0.0118866
0.0119138
0.011938
0.0119601
0.0119779
0.0119922
0.0120042
0.0120142
0.0120225
0.012029
0.0120341
0.0120378
0.0120405
0.0120422
0.012043
0.0120428
0.0120415
0.0120389
0.0120348
0.0120293
0.0120224
0.0120141
0.0120046
0.0119947
0.0119851
0.0119771
0.0119718
0.0119707
0.0119749
0.0119853
0.0120032
0.0120298
0.0120659
0.0121123
0.0121694
0.0122372
0.0123159
0.0124055
0.0125058
0.0126166
0.0127373
0.0128675
0.0130067
0.013154
0.0133089
0.0134705
0.0136382
0.0138111
0.0139884
0.0141696
0.0143538
0.0145403
0.0147284
0.0149176
0.0151072
0.0152967
0.0154856
0.0156733
0.0158594
0.0160436
0.0162255
0.0164047
0.0165811
0.0167544
0.0169244
0.0170909
0.0172539
0.0174131
0.0175685
0.0177199
0.0178675
0.018011
0.0181504
0.0182859
0.0184173
0.0185448
0.0186683
0.018788
0.0189038
0.0190159
0.0191243
0.0192291
0.0193304
0.0194281
0.0195224
0.0196134
0.0197011
0.0197856
0.0198671
0.0199459
0.020022
0.020096
0.020168
0.0202367
0.0203056
0.0203724
0.0204374
0.0205038
0.0205703
0.0206359
0.0207238
0.0207107
0.0210098
0.00562268
0.00535948
0.00517808
0.00500569
0.00484991
0.00471651
0.00460453
0.00451048
0.00443158
0.00436601
0.00431216
0.0042684
0.00423317
0.00420505
0.00418277
0.00416523
0.00415126
0.00413995
0.00413052
0.00412227
0.00411459
0.004107
0.00409905
0.00409029
0.00408024
0.0040689
0.00405621
0.00404223
0.00402721
0.00401164
0.00399621
0.00398169
0.00396875
0.00395783
0.003949
0.00394194
0.00393602
0.0039304
0.00392421
0.00391665
0.00390713
0.00389528
0.00388096
0.00386424
0.00384534
0.00382458
0.00380227
0.00377875
0.00375429
0.00372914
0.00370345
0.00367739
0.00365109
0.00362463
0.00359809
0.00357152
0.00354498
0.00351849
0.00349208
0.00346578
0.0034396
0.00341356
0.00338768
0.00336199
0.00333649
0.00331121
0.00328615
0.00326134
0.00323679
0.00321252
0.00318854
0.00316486
0.0031415
0.00311847
0.00309577
0.00307342
0.00305141
0.00302976
0.00300846
0.00298751
0.0029669
0.00294665
0.00292674
0.00290718
0.00288795
0.00286905
0.00285049
0.00283224
0.00281432
0.00279671
0.00277941
0.00276242
0.00274573
0.00272935
0.00271326
0.00269747
0.00268196
0.00266674
0.00265179
0.0026371
0.00262267
0.00260849
0.00259455
0.00258084
0.00256734
0.00255405
0.00254097
0.00252808
0.00251537
0.00250284
0.00249047
0.00247827
0.00246621
0.00245431
0.00244255
0.00243091
0.00241941
0.00240803
0.00239677
0.00238562
0.00237458
0.00236364
0.00235278
0.00234201
0.00233132
0.00232068
0.0023101
0.00229956
0.00228905
0.00227856
0.00226807
0.00225757
0.00224706
0.00223651
0.00222592
0.00221527
0.00220455
0.00219375
0.00218285
0.00217184
0.00216071
0.00214945
0.00213804
0.00212649
0.00211477
0.00210288
0.00209082
0.00207856
0.00206612
0.00205347
0.00204062
0.00202756
0.00201428
0.00200079
0.00198708
0.00197317
0.00195903
0.00194469
0.00193015
0.00191541
0.00190047
0.00188536
0.00187007
0.00185463
0.00183903
0.0018233
0.00180744
0.00179147
0.0017754
0.00175925
0.00174301
0.00172671
0.00171035
0.00169394
0.00167749
0.001661
0.00164449
0.00162795
0.00161141
0.00159485
0.0015783
0.00156175
0.00154521
0.00152869
0.00151219
0.00149571
0.00147925
0.00146283
0.00144644
0.00143009
0.00141378
0.00139751
0.00138128
0.0013651
0.00134897
0.00133289
0.00131686
0.00130089
0.00128497
0.0012691
0.0012533
0.00123755
0.00122187
0.00120625
0.0011907
0.00117521
0.00115978
0.00114442
0.00112913
0.00111391
0.00109875
0.00108367
0.00106866
0.00105372
0.00103886
0.00102409
0.00100939
0.000994778
0.000980254
0.00096582
0.000951478
0.000937232
0.000923084
0.000909038
0.000895096
0.000881264
0.000867534
0.000853906
0.000840384
0.000826977
0.000813694
0.000800549
0.000787558
0.000774761
0.000762166
0.000749926
0.000737845
0.00072658
0.000715872
0.000703967
0.000691734
0.00068057
0.000670411
0.000660449
0.000650276
0.000639963
0.000629648
0.000619363
0.000609094
0.000598848
0.000588666
0.000578584
0.000568686
0.000559009
0.000549547
0.000540361
0.000531572
0.000523307
0.000515696
0.000508879
0.000502944
0.000497907
0.000493825
0.000490805
0.000488974
0.000488472
0.000489441
0.000492022
0.00049634
0.000502509
0.000510616
0.000520718
0.000532908
0.000546865
0.000561664
0.000573579
0.000583354
0.000592005
0.000600307
0.000608884
0.000618134
0.000628264
0.000639403
0.000651592
0.000664813
0.000679009
0.000694167
0.000710142
0.000726911
0.000744963
0.000764477
0.000785549
0.000808163
0.000832273
0.000857834
0.000884798
0.000913122
0.000942768
0.000973706
0.00100591
0.00103936
0.00107404
0.00110995
0.00114706
0.00118537
0.00122488
0.00126558
0.00130747
0.00135055
0.00139483
0.00144031
0.001487
0.00153492
0.00158408
0.00163449
0.00168617
0.00173913
0.00179341
0.00184901
0.00190597
0.00196433
0.00202412
0.0020854
0.00214821
0.00221262
0.00227871
0.00234656
0.00241629
0.00248801
0.00256186
0.00263802
0.00271667
0.00279804
0.00288236
0.00296993
0.0030611
0.00315603
0.00325571
0.00335989
0.00345606
0.00353146
0.0035709
0.00359995
0.00361293
0.00360776
0.0035865
0.00355066
0.00350067
0.00343703
0.00336075
0.00327239
0.00317294
0.00306444
0.00294887
0.00282715
0.00270117
0.00257394
0.00244677
0.00232029
0.00220042
0.00209435
0.00199676
0.00190004
0.00180933
0.00172742
0.00166436
0.00163122
0.00163547
0.0017196
0.00194204
0.00224517
0.00274549
0.00343041
0.00426646
0.00521461
0.00622675
0.00726048
0.00827806
0.00926348
0.0102079
0.0111089
0.0119679
0.0127884
0.0135752
0.0143319
0.0150615
0.0157664
0.0164494
0.0171133
0.0177617
0.0183987
0.0190294
0.0196592
0.0202942
0.0209414
0.021608
0.0223006
0.0230261
0.0237897
0.0245933
0.0254371
0.0263221
0.027248
0.02821
0.0291999
0.0302102
0.031235
0.0322674
0.0332972
0.0343134
0.0353098
0.0362827
0.0372265
0.0381335
0.0389979
0.0398192
0.0405979
0.0413297
0.042009
0.0426351
0.043211
0.043739
0.0442454
0.0446652
0.0451374
0.0451483
0.0455971
0.0458383
0.0459775
0.0460792
0.0461387
0.0461505
0.0461137
0.046029
0.0458976
0.0457203
0.0454994
0.0452372
0.0449342
0.0445915
0.0442137
0.0438047
0.0433655
0.042897
0.0424033
0.0418901
0.0413611
0.0408208
0.0402706
0.0397123
0.0391486
0.0385796
0.0380061
0.0374119
0.0367631
0.0360615
0.0350676
0.0338495
0.0322629
0.0303943
0.0283829
0.0262801
0.0241356
0.0219812
0.0198547
0.0178209
0.0158893
0.014078
0.0124291
0.0109915
0.00979505
0.00885697
0.00816632
0.00767502
0.00731544
0.00693857
0.00642522
0.00569989
0.00489073
0.00400563
0.00330485
0.00286702
0.00265933
0.0026276
0.00270825
0.00286417
0.00306966
0.00331533
0.00359283
0.00388592
0.00418607
0.00448887
0.00479482
0.00510473
0.00541473
0.00572082
0.00602126
0.00631638
0.00660687
0.00689303
0.00717423
0.00744922
0.00771653
0.00797447
0.00822217
0.00845835
0.00867916
0.00888134
0.00906171
0.0092174
0.00934656
0.00944885
0.00952585
0.00958374
0.00963103
0.00967507
0.00971723
0.00975909
0.00979689
0.00983012
0.00984242
0.00985325
0.0098643
0.00987394
0.00988319
0.00989318
0.00990462
0.00991813
0.00993434
0.00995388
0.00997728
0.010005
0.0100374
0.0100747
0.0101167
0.0101633
0.0102138
0.0102678
0.0103245
0.0103829
0.0104423
0.0105024
0.0105635
0.0106262
0.0106909
0.0107585
0.0108299
0.0109053
0.0109859
0.0110737
0.0111694
0.011274
0.0113877
0.0115107
0.0116429
0.0117843
0.0119347
0.0120937
0.012261
0.012436
0.0126179
0.0128061
0.0129998
0.0131981
0.0134002
0.0136053
0.0138126
0.0140215
0.0142311
0.0144409
0.0146501
0.0148583
0.0150649
0.0152695
0.0154716
0.0156708
0.0158668
0.0160592
0.0162478
0.0164325
0.0166129
0.0167891
0.0169609
0.0171283
0.0172913
0.0174498
0.0176038
0.0177533
0.0178983
0.0180389
0.018175
0.0183067
0.018434
0.018557
0.0186757
0.0187903
0.0189009
0.0190077
0.0191107
0.0192102
0.0193061
0.0193986
0.0194877
0.0195737
0.0196566
0.0197365
0.0198136
0.0198882
0.0199603
0.0200302
0.0200985
0.0201651
0.0202288
0.0202935
0.0203575
0.0204208
0.0204867
0.0205536
0.0206203
0.0207092
0.0207016
0.0209887
0.00478604
0.00450627
0.0043129
0.00413447
0.00397117
0.00383031
0.00371354
0.00361826
0.00354198
0.00348282
0.00343908
0.00340892
0.00339056
0.00338236
0.00338285
0.00339071
0.00340477
0.00342393
0.0034472
0.00347367
0.00350254
0.00353307
0.00356462
0.00359657
0.00362834
0.00365943
0.00368945
0.00371821
0.00374578
0.00377258
0.00379934
0.00382702
0.00385657
0.00388868
0.00392356
0.00396062
0.00399908
0.00403761
0.00407465
0.00410871
0.00413855
0.00416334
0.00418267
0.00419653
0.00420519
0.00420915
0.004209
0.00420538
0.00419883
0.00418985
0.00417883
0.00416609
0.0041519
0.00413649
0.00412002
0.00410265
0.00408448
0.00406563
0.00404618
0.0040262
0.00400575
0.00398491
0.00396371
0.00394223
0.0039205
0.00389858
0.0038765
0.00385432
0.00383208
0.00380981
0.00378755
0.00376534
0.0037432
0.00372118
0.00369929
0.00367757
0.00365603
0.0036347
0.00361359
0.00359271
0.00357209
0.00355173
0.00353164
0.00351182
0.0034923
0.00347306
0.00345411
0.00343546
0.0034171
0.00339904
0.00338129
0.00336383
0.00334667
0.00332981
0.00331325
0.00329698
0.003281
0.00326531
0.00324991
0.00323478
0.00321992
0.00320533
0.00319099
0.0031769
0.00316306
0.00314945
0.00313607
0.00312291
0.00310996
0.00309722
0.00308467
0.00307232
0.00306015
0.00304816
0.00303634
0.00302468
0.00301318
0.00300183
0.00299062
0.00297955
0.00296861
0.00295778
0.00294708
0.00293647
0.00292596
0.00291552
0.00290515
0.00289483
0.00288455
0.00287429
0.00286403
0.00285376
0.00284346
0.00283311
0.00282269
0.00281217
0.00280154
0.00279076
0.00277982
0.00276868
0.00275733
0.00274572
0.00273383
0.00272164
0.00270911
0.00269621
0.00268291
0.00266919
0.00265501
0.00264034
0.00262516
0.00260945
0.00259318
0.00257633
0.00255889
0.00254085
0.0025222
0.00250296
0.00248311
0.00246267
0.00244166
0.0024201
0.00239801
0.00237541
0.00235234
0.00232883
0.00230491
0.00228063
0.00225601
0.0022311
0.00220592
0.00218051
0.00215491
0.00212914
0.00210323
0.0020772
0.0020511
0.00202493
0.00199872
0.0019725
0.00194628
0.00192008
0.00189392
0.00186782
0.00184179
0.00181584
0.00178999
0.00176424
0.0017386
0.0017131
0.00168772
0.00166248
0.00163739
0.00161245
0.00158767
0.00156305
0.00153859
0.00151431
0.00149021
0.00146629
0.00144254
0.00141899
0.00139562
0.00137245
0.00134947
0.00132669
0.00130411
0.00128173
0.00125956
0.00123759
0.00121584
0.0011943
0.00117297
0.00115186
0.00113098
0.00111032
0.00108988
0.00106968
0.0010497
0.00102996
0.00101046
0.000991198
0.000972177
0.000953401
0.000934873
0.000916596
0.000898575
0.000880812
0.000863313
0.000846084
0.000829134
0.000812475
0.000796121
0.000780101
0.000764421
0.00074916
0.00073412
0.000719728
0.000705975
0.000692221
0.000678926
0.000666714
0.000655548
0.000644886
0.000634311
0.00062377
0.000613319
0.000602956
0.00059264
0.000582339
0.000572046
0.000561748
0.000551466
0.000541195
0.000530899
0.000520573
0.000510227
0.00049986
0.000489459
0.000479013
0.00046881
0.000458923
0.00044938
0.000440201
0.000431403
0.000423024
0.000415054
0.00040736
0.000399857
0.000392537
0.000385429
0.000378457
0.000372332
0.000367642
0.00036466
0.000363469
0.000364157
0.000366775
0.000371309
0.00037779
0.000386184
0.000396415
0.000408449
0.000422208
0.00043761
0.000454526
0.000473006
0.000492188
0.000509364
0.000524435
0.000538259
0.000551599
0.000564983
0.000578786
0.00059327
0.000608615
0.000624945
0.000642344
0.000660872
0.000680555
0.000701468
0.000723368
0.000746957
0.000772513
0.000800031
0.000829459
0.000860749
0.000893863
0.000928772
0.000965456
0.0010039
0.00104411
0.00108607
0.00112981
0.00117532
0.00122263
0.00127174
0.00132268
0.00137547
0.00143013
0.0014867
0.00154523
0.00160576
0.00166833
0.00173301
0.00179988
0.001869
0.00194047
0.00201441
0.00209094
0.0021702
0.00225238
0.00233767
0.0024263
0.00251851
0.00261465
0.00271489
0.00281998
0.00293022
0.00303267
0.00310918
0.00314833
0.00317413
0.00318123
0.00316762
0.00313536
0.00308617
0.00302084
0.00294042
0.00284641
0.00273988
0.0026222
0.00249575
0.0023626
0.00222373
0.00208141
0.00193887
0.00179715
0.00165758
0.00152698
0.00141275
0.00131039
0.00121754
0.00114601
0.00110022
0.00109567
0.00118117
0.00136534
0.00163926
0.00214324
0.00287894
0.00381412
0.00488674
0.00603175
0.0071934
0.00832776
0.00941095
0.0104297
0.0113892
0.012297
0.0131608
0.0139874
0.0147828
0.0155525
0.0163003
0.0170289
0.0177409
0.0184393
0.0191271
0.0198083
0.0204873
0.0211695
0.0218602
0.0225654
0.0232918
0.0240456
0.0248327
0.0256582
0.0265259
0.0274357
0.0283857
0.0293747
0.0304004
0.0314559
0.0325316
0.033619
0.0347115
0.0358023
0.0368809
0.0379373
0.0389657
0.0399633
0.0409251
0.0418442
0.0427156
0.0435395
0.0443168
0.0450438
0.0457153
0.0463314
0.0468958
0.0474092
0.0478683
0.048276
0.0486555
0.0489407
0.0491456
0.0493508
0.0495035
0.0496003
0.0496438
0.0496371
0.0495825
0.0494815
0.0493353
0.0491447
0.0489126
0.0486422
0.0483339
0.0479883
0.0476104
0.0472051
0.0467736
0.0463165
0.0458377
0.0453431
0.0448365
0.0443224
0.0438016
0.0432758
0.0427482
0.0422194
0.0416887
0.0411339
0.0405218
0.0398743
0.0389173
0.0377527
0.0362169
0.034381
0.0323942
0.0303093
0.028174
0.02602
0.0238683
0.0217639
0.0197048
0.0177017
0.0157988
0.0140506
0.0124959
0.0111626
0.0100762
0.00923947
0.00863591
0.00819164
0.00784914
0.00746986
0.00698282
0.00632166
0.00557775
0.00480797
0.00406584
0.00349884
0.00312608
0.00291344
0.00284532
0.00287146
0.00296108
0.00309633
0.00326441
0.00345614
0.00366569
0.00388938
0.00412411
0.00436588
0.00461123
0.00485806
0.0051051
0.00535149
0.00559608
0.00583712
0.00607254
0.00630018
0.00651825
0.00672469
0.00691602
0.00708952
0.00724264
0.00737324
0.00748019
0.00756391
0.00762659
0.00767407
0.00771409
0.00775325
0.00779258
0.00783369
0.00787269
0.00790928
0.00793222
0.00795664
0.00798411
0.0080139
0.00804736
0.00808585
0.00813035
0.0081818
0.00824124
0.00830957
0.00838767
0.00847625
0.00857562
0.00868575
0.00880634
0.00893653
0.00907532
0.00922143
0.00937276
0.00952764
0.00968527
0.00984511
0.0100064
0.0101682
0.0103301
0.0104921
0.0106513
0.0108116
0.0109839
0.011155
0.0113298
0.0115098
0.011695
0.0118855
0.0120812
0.0122819
0.0124873
0.012697
0.0129105
0.0131273
0.0133467
0.0135678
0.0137901
0.0140126
0.0142347
0.0144558
0.0146751
0.0148922
0.0151066
0.0153179
0.0155256
0.0157295
0.0159293
0.0161248
0.0163156
0.0165018
0.016683
0.0168593
0.0170305
0.0171965
0.0173573
0.017513
0.0176635
0.0178092
0.0179501
0.0180863
0.0182179
0.0183451
0.0184677
0.0185861
0.0187002
0.0188102
0.0189161
0.0190181
0.0191163
0.0192109
0.019302
0.0193898
0.0194743
0.0195556
0.019634
0.0197094
0.0197821
0.0198522
0.0199198
0.0199851
0.0200482
0.0201093
0.0201687
0.0202266
0.0202835
0.0203395
0.0203932
0.0204495
0.0205068
0.0205655
0.0206285
0.0206941
0.0207608
0.0208506
0.0208469
0.02113
0.00382344
0.00358451
0.00343216
0.00329264
0.00316062
0.00304297
0.00294314
0.00286002
0.00279185
0.00273749
0.00269594
0.00266602
0.00264648
0.0026362
0.00263416
0.00263945
0.00265124
0.00266879
0.00269141
0.00271848
0.00274942
0.00278371
0.00282086
0.00286042
0.00290194
0.00294497
0.00298908
0.00303391
0.00307928
0.00312533
0.00317259
0.00322203
0.00327484
0.00333226
0.00339513
0.00346363
0.0035371
0.0036141
0.00369257
0.0037702
0.0038447
0.00391419
0.00397736
0.00403327
0.00408154
0.00412264
0.00415719
0.00418592
0.00420952
0.00422867
0.00424395
0.00425587
0.00426484
0.00427123
0.00427532
0.00427737
0.00427758
0.00427614
0.0042732
0.00426888
0.00426331
0.00425658
0.00424881
0.00424007
0.00423046
0.00422006
0.00420893
0.00419716
0.00418481
0.00417195
0.00415865
0.00414495
0.00413093
0.00411663
0.0041021
0.0040874
0.00407257
0.00405764
0.00404266
0.00402765
0.00401266
0.00399772
0.00398283
0.00396804
0.00395336
0.00393881
0.00392441
0.00391017
0.0038961
0.00388222
0.00386854
0.00385506
0.00384179
0.00382874
0.00381591
0.00380331
0.00379093
0.00377879
0.00376688
0.0037552
0.00374375
0.00373252
0.00372153
0.00371075
0.00370019
0.00368985
0.00367972
0.0036698
0.00366008
0.00365055
0.00364122
0.00363208
0.00362311
0.00361432
0.0036057
0.00359724
0.00358894
0.00358078
0.00357277
0.00356488
0.00355712
0.00354947
0.00354192
0.00353447
0.00352708
0.00351976
0.00351249
0.00350524
0.003498
0.00349074
0.00348345
0.0034761
0.00346866
0.00346111
0.0034534
0.00344551
0.00343741
0.00342904
0.00342037
0.00341135
0.00340193
0.00339206
0.00338169
0.00337076
0.0033592
0.00334696
0.00333397
0.00332017
0.00330549
0.00328987
0.00327325
0.00325556
0.00323675
0.00321677
0.00319558
0.00317315
0.00314945
0.00312448
0.00309823
0.00307071
0.00304195
0.00301198
0.00298085
0.00294862
0.00291534
0.00288109
0.00284595
0.00281
0.00277332
0.002736
0.00269812
0.00265976
0.002621
0.00258191
0.00254258
0.00250306
0.00246342
0.00242371
0.002384
0.00234434
0.00230476
0.00226532
0.00222605
0.00218698
0.00214816
0.0021096
0.00207133
0.00203338
0.00199576
0.00195849
0.00192158
0.00188505
0.00184892
0.00181318
0.00177785
0.00174293
0.00170844
0.00167437
0.00164073
0.00160753
0.00157477
0.00154244
0.00151056
0.00147913
0.00144813
0.00141759
0.00138749
0.00135784
0.00132863
0.00129987
0.00127157
0.00124371
0.00121629
0.00118933
0.00116281
0.00113673
0.00111111
0.00108592
0.00106118
0.00103689
0.00101303
0.000989613
0.000966634
0.000944093
0.000921987
0.000900316
0.000879079
0.000858277
0.000837909
0.000817978
0.000798487
0.000779441
0.000760845
0.00074271
0.000725025
0.000707821
0.000690885
0.00067464
0.00065904
0.000643851
0.000629469
0.000615977
0.000603334
0.000591249
0.000579535
0.000568146
0.000557087
0.000546349
0.000535899
0.000525708
0.000515758
0.000506031
0.000496524
0.000487247
0.000478183
0.000469315
0.000460629
0.000452096
0.000443675
0.000435313
0.000426979
0.000418648
0.000410299
0.000401905
0.000393451
0.000384876
0.000376333
0.000367962
0.000359788
0.000351806
0.000344007
0.000336376
0.000328915
0.00032164
0.000314579
0.000307786
0.000301267
0.000294933
0.000288747
0.000282707
0.00027682
0.000271112
0.000265607
0.000260335
0.00025532
0.000250619
0.000246193
0.000242628
0.000240919
0.000241149
0.000243373
0.000247657
0.000254058
0.000262637
0.000273452
0.00028655
0.00030198
0.000319787
0.000340019
0.000362711
0.000388067
0.000413114
0.000437811
0.000462387
0.000486578
0.000510702
0.000535121
0.000560132
0.000585963
0.000612785
0.000640724
0.000669879
0.000700315
0.000732026
0.000766089
0.000802663
0.000841755
0.000883364
0.0009275
0.000974182
0.00102345
0.00107533
0.0011299
0.00118722
0.00124735
0.00131035
0.00137631
0.00144532
0.00151749
0.00159294
0.00167181
0.00175425
0.00184044
0.00193058
0.00202487
0.00212361
0.00222696
0.00233541
0.00244979
0.0025569
0.00263313
0.00267138
0.00269333
0.00269407
0.00267184
0.00262888
0.00256732
0.00248856
0.00239428
0.00228628
0.00216578
0.00203436
0.00189469
0.00174916
0.0015994
0.00144934
0.00130179
0.00115863
0.0010253
0.000907353
0.000811745
0.000742604
0.000695858
0.000693347
0.000773276
0.000893992
0.00112023
0.00154021
0.00219211
0.00308518
0.00418028
0.00539585
0.00664483
0.00786952
0.00903868
0.0101368
0.0111635
0.0121221
0.0130253
0.0138845
0.0147081
0.0155027
0.0162738
0.0170267
0.0177651
0.0184922
0.0192107
0.0199241
0.0206359
0.0213503
0.0220721
0.0228065
0.0235589
0.0243349
0.0251403
0.0259804
0.0268594
0.0277809
0.0287465
0.0297544
0.0308007
0.0318823
0.0329951
0.0341312
0.0352802
0.036433
0.0375834
0.0387243
0.0398462
0.0409396
0.0419996
0.0430237
0.0440078
0.0449454
0.0458324
0.0466692
0.0474569
0.0481922
0.0488706
0.0494923
0.0500611
0.0505787
0.0510433
0.0514494
0.0517935
0.0520975
0.0523428
0.0525396
0.0526824
0.0527747
0.052818
0.0528127
0.0527605
0.0526635
0.0525224
0.0523385
0.0521151
0.0518561
0.0515618
0.0512324
0.0508733
0.05049
0.050084
0.0496556
0.0492086
0.0487489
0.0482805
0.0478076
0.0473306
0.0468511
0.0463729
0.0458967
0.0454208
0.0449164
0.0443517
0.0437694
0.0428613
0.0417654
0.0402992
0.0385157
0.0365726
0.0345229
0.0324139
0.0302858
0.0281545
0.0260523
0.0239632
0.0218783
0.0198321
0.0178761
0.0160486
0.0143772
0.0129001
0.0116543
0.0106582
0.00989621
0.00934437
0.00892864
0.00860304
0.00825875
0.00786124
0.00733083
0.00670635
0.00604784
0.00541291
0.00477125
0.0042269
0.00381695
0.00353064
0.00334817
0.00324825
0.00322256
0.00325159
0.0033165
0.00340869
0.00352234
0.00365299
0.00379709
0.00395186
0.00411515
0.00428489
0.00445861
0.0046336
0.00480784
0.00498042
0.00514893
0.00530977
0.0054601
0.00559746
0.00572008
0.0058272
0.0059194
0.00599875
0.00606987
0.00613767
0.00620659
0.006278
0.00635301
0.00642783
0.00650789
0.0065842
0.00666715
0.00675785
0.00685604
0.00696335
0.00708132
0.00721103
0.00735348
0.00750968
0.00768026
0.00786606
0.00806452
0.00827617
0.00850144
0.00873896
0.00898739
0.00924452
0.00950775
0.00977526
0.01006
0.0103461
0.0106285
0.0108965
0.0111589
0.0114156
0.0116664
0.0119118
0.0121535
0.0123922
0.0126279
0.0128622
0.0130959
0.0133292
0.0135624
0.0137954
0.014028
0.0142602
0.0144915
0.0147217
0.0149501
0.0151763
0.0153997
0.0156198
0.0158361
0.0160481
0.0162554
0.0164575
0.0166542
0.0168452
0.0170307
0.0172104
0.0173844
0.0175526
0.017715
0.0178717
0.0180226
0.0181679
0.0183076
0.0184418
0.0185706
0.0186942
0.0188127
0.0189264
0.0190353
0.0191398
0.0192399
0.0193358
0.0194277
0.0195157
0.0195999
0.0196805
0.0197577
0.0198315
0.0199021
0.0199697
0.0200345
0.0200965
0.0201559
0.0202128
0.0202674
0.0203197
0.0203699
0.0204181
0.0204646
0.0205093
0.0205526
0.0205945
0.0206354
0.0206754
0.0207147
0.0207541
0.0207934
0.0208314
0.0208741
0.0209207
0.0209714
0.0210293
0.021092
0.0211577
0.0212478
0.0212454
0.0215252
0.00339228
0.00313639
0.00298245
0.00284143
0.00270662
0.00258605
0.00248357
0.00239782
0.00232666
0.00226869
0.00222277
0.00218765
0.00216206
0.00214486
0.00213507
0.00213183
0.00213439
0.00214212
0.00215442
0.00217081
0.00219085
0.00221414
0.00224036
0.00226919
0.00230036
0.0023336
0.00236862
0.00240514
0.00244294
0.00248193
0.00252233
0.00256475
0.00261026
0.00266028
0.00271637
0.00277983
0.00285143
0.00293102
0.00301755
0.00310911
0.00320326
0.00329739
0.00338906
0.00347625
0.00355752
0.00363205
0.00369958
0.00376022
0.00381432
0.00386232
0.00390505
0.00394321
0.00397727
0.00400764
0.00403469
0.00405876
0.00408014
0.00409907
0.00411578
0.00413043
0.00414321
0.00415425
0.00416368
0.00417161
0.00417816
0.00418342
0.00418749
0.00419047
0.00419243
0.00419345
0.00419363
0.00419302
0.0041917
0.00418974
0.00418721
0.00418416
0.00418066
0.00417675
0.0041725
0.00416795
0.00416314
0.00415812
0.00415293
0.00414761
0.00414218
0.00413669
0.00413115
0.00412559
0.00412005
0.00411453
0.00410906
0.00410366
0.00409835
0.00409313
0.00408802
0.00408303
0.00407817
0.00407346
0.00406889
0.00406448
0.00406023
0.00405614
0.00405222
0.00404847
0.00404489
0.00404149
0.00403826
0.0040352
0.00403232
0.00402961
0.00402707
0.00402471
0.00402251
0.00402047
0.00401859
0.00401687
0.00401529
0.00401385
0.00401255
0.00401137
0.00401031
0.00400935
0.00400848
0.00400769
0.00400695
0.00400626
0.00400559
0.00400492
0.00400423
0.00400347
0.00400263
0.00400167
0.00400055
0.00399923
0.00399766
0.00399579
0.00399356
0.00399092
0.00398779
0.0039841
0.00397978
0.00397473
0.00396888
0.00396211
0.00395434
0.00394545
0.00393533
0.00392388
0.00391097
0.00389649
0.00388032
0.00386236
0.0038425
0.00382065
0.00379672
0.00377065
0.00374239
0.0037119
0.00367918
0.00364424
0.00360711
0.00356785
0.00352653
0.00348326
0.00343816
0.00339134
0.00334297
0.00329319
0.00324215
0.00319002
0.00313696
0.00308313
0.00302868
0.00297375
0.0029185
0.00286303
0.00280749
0.00275198
0.00269659
0.00264144
0.00258659
0.00253214
0.00247813
0.00242464
0.00237172
0.00231941
0.00226775
0.00221678
0.00216652
0.002117
0.00206823
0.00202024
0.00197303
0.00192662
0.00188101
0.0018362
0.0017922
0.00174902
0.00170663
0.00166506
0.00162429
0.00158431
0.00154513
0.00150674
0.00146913
0.00143229
0.00139622
0.0013609
0.00132634
0.00129253
0.00125944
0.00122708
0.00119544
0.00116451
0.00113427
0.00110472
0.00107586
0.00104766
0.00102013
0.000993242
0.000967001
0.000941393
0.000916409
0.00089204
0.000868277
0.000845111
0.000822534
0.000800538
0.000779116
0.000758261
0.000737967
0.000718229
0.000699039
0.000680391
0.000662262
0.000644659
0.000627381
0.00061085
0.000595
0.000579787
0.000565556
0.000552041
0.00053913
0.000526673
0.00051461
0.000502922
0.000491598
0.000480627
0.000469993
0.00045968
0.000449678
0.000439973
0.000430569
0.000421475
0.000412709
0.000404285
0.000396203
0.000388447
0.000380999
0.000373835
0.000366926
0.000360241
0.000353743
0.000347398
0.000341172
0.000335022
0.000328912
0.000322824
0.000316752
0.00031069
0.000304637
0.000298588
0.000292537
0.000286462
0.00028034
0.000274123
0.000267901
0.00026176
0.000255728
0.000249803
0.00024398
0.000238262
0.000232646
0.000227132
0.000221715
0.000216411
0.000211201
0.00020612
0.000201179
0.000196402
0.000191749
0.000187212
0.0001828
0.000178529
0.000174414
0.000170472
0.00016672
0.000163186
0.000159899
0.000156895
0.000154231
0.000151809
0.00015086
0.000152829
0.000157969
0.000166405
0.00017825
0.000193607
0.000212581
0.00023527
0.000261773
0.00029222
0.000325801
0.000359335
0.000394059
0.000430074
0.000466507
0.00050351
0.000541384
0.000580405
0.000620781
0.000662768
0.000706169
0.000752079
0.000801309
0.000854052
0.000910416
0.000970514
0.00103448
0.00110247
0.00117467
0.00125126
0.00133241
0.00141834
0.00150926
0.00160544
0.00170708
0.00181442
0.0019288
0.00203703
0.00211063
0.00214685
0.0021644
0.00215898
0.00212936
0.0020781
0.00200769
0.00191992
0.00181648
0.00169923
0.00156965
0.00143055
0.00128503
0.00113734
0.00099135
0.000853555
0.000723101
0.000606725
0.00051382
0.000448817
0.000418694
0.00043204
0.000492133
0.000560205
0.00072955
0.00105021
0.00156064
0.00228727
0.00324956
0.00440281
0.0056728
0.00697335
0.00823841
0.00943433
0.0105516
0.0115913
0.0125614
0.0134696
0.0143284
0.0151498
0.0159417
0.0167101
0.0174605
0.0181983
0.0189277
0.019652
0.0203745
0.0210991
0.0218299
0.0225713
0.0233284
0.0241065
0.0249107
0.0257462
0.0266177
0.0275295
0.0284843
0.0294837
0.0305277
0.0316128
0.0327336
0.0338854
0.0350633
0.0362588
0.0374614
0.0386623
0.0398553
0.0410341
0.04219
0.0433141
0.0444022
0.0454522
0.0464605
0.0474213
0.0483306
0.049189
0.0499976
0.0507534
0.0514521
0.0520942
0.0526831
0.0532202
0.0537032
0.0541291
0.054499
0.0548138
0.0550762
0.0552926
0.0554574
0.0555709
0.0556351
0.0556514
0.055622
0.0555489
0.0554331
0.0552757
0.0550807
0.0548524
0.0545912
0.0542968
0.0539748
0.0536313
0.0532682
0.0528854
0.0524865
0.0520775
0.0516623
0.0512452
0.0508259
0.0504059
0.0499895
0.0495781
0.0491684
0.048725
0.0482181
0.0477111
0.0468637
0.0458505
0.0444721
0.0427608
0.0408819
0.0388871
0.0368203
0.0347325
0.0326407
0.0305753
0.0285175
0.0264401
0.0243619
0.0223227
0.0203508
0.0184632
0.0166918
0.0150852
0.0136862
0.012519
0.011588
0.0108718
0.0103431
0.00994968
0.00963537
0.00936092
0.00905653
0.00871184
0.00827487
0.00778422
0.00725372
0.00673162
0.0062329
0.00576287
0.0053215
0.00494667
0.00464851
0.00441899
0.00424932
0.00413078
0.00405598
0.00401619
0.00400702
0.00402573
0.00406734
0.00412522
0.00419697
0.00427928
0.00437046
0.00447046
0.00457752
0.00469018
0.00480713
0.00492742
0.00505044
0.00517629
0.00530633
0.00544224
0.00558252
0.00572811
0.00588081
0.00603852
0.00619543
0.00637276
0.00656085
0.0067667
0.00698573
0.00721769
0.00746427
0.00772647
0.00800457
0.00829881
0.00860876
0.00893392
0.00927376
0.00962562
0.00998727
0.0103582
0.0107419
0.0111214
0.0114999
0.0118745
0.0122435
0.0126045
0.0129536
0.0132881
0.0136077
0.0139137
0.0142069
0.0144882
0.0147589
0.0150204
0.0152734
0.0155197
0.0157603
0.0159961
0.0162276
0.0164554
0.0166797
0.0169003
0.0171172
0.0173302
0.0175389
0.0177431
0.0179423
0.0181362
0.0183244
0.0185066
0.0186826
0.018852
0.0190148
0.019171
0.0193204
0.0194632
0.0195994
0.0197291
0.0198525
0.0199696
0.0200807
0.0201858
0.0202852
0.020379
0.0204674
0.0205507
0.020629
0.0207026
0.0207718
0.0208367
0.0208976
0.0209547
0.0210081
0.021058
0.0211046
0.0211482
0.0211888
0.0212266
0.0212619
0.0212946
0.0213251
0.0213535
0.0213799
0.0214044
0.0214273
0.0214485
0.0214684
0.0214869
0.0215043
0.0215208
0.0215365
0.0215516
0.0215663
0.0215809
0.0215956
0.0216107
0.0216269
0.0216441
0.0216612
0.0216858
0.0217181
0.0217583
0.0218096
0.0218686
0.021933
0.0220237
0.0220174
0.0222984
0.0037405
0.0033118
0.00305813
0.00283422
0.00263282
0.00246259
0.00232395
0.00221139
0.00211973
0.00204557
0.00198639
0.00193997
0.00190433
0.00187783
0.00185913
0.00184714
0.00184097
0.00183985
0.00184314
0.0018503
0.00186086
0.00187442
0.00189065
0.00190924
0.00192994
0.00195252
0.00197677
0.00200247
0.00202941
0.00205742
0.00208644
0.0021166
0.00214836
0.00218254
0.00222028
0.00226291
0.00231178
0.00236792
0.00243184
0.00250335
0.00258153
0.00266484
0.00275137
0.00283904
0.00292592
0.00301034
0.00309105
0.00316722
0.00323838
0.00330438
0.00336532
0.0034215
0.00347326
0.0035209
0.00356475
0.00360515
0.00364239
0.00367677
0.00370852
0.00373786
0.003765
0.00379009
0.0038133
0.00383476
0.0038546
0.00387293
0.00388986
0.00390549
0.00391991
0.00393321
0.00394546
0.00395676
0.00396717
0.00397677
0.00398561
0.00399378
0.00400133
0.00400832
0.0040148
0.00402083
0.00402645
0.00403172
0.00403668
0.00404137
0.00404582
0.00405008
0.00405418
0.00405815
0.00406202
0.00406581
0.00406955
0.00407327
0.00407699
0.00408071
0.00408448
0.00408829
0.00409217
0.00409612
0.00410017
0.00410432
0.00410858
0.00411297
0.00411749
0.00412214
0.00412694
0.00413189
0.004137
0.00414226
0.00414769
0.00415329
0.00415906
0.00416499
0.0041711
0.00417738
0.00418382
0.00419043
0.0041972
0.00420413
0.00421121
0.00421842
0.00422577
0.00423324
0.00424082
0.00424848
0.00425622
0.004264
0.00427181
0.00427962
0.00428739
0.00429509
0.00430268
0.00431011
0.00431733
0.00432429
0.00433092
0.00433715
0.00434289
0.00434808
0.0043526
0.00435637
0.00435925
0.00436114
0.0043619
0.0043614
0.00435947
0.00435597
0.00435074
0.00434359
0.00433437
0.00432289
0.00430899
0.00429249
0.00427324
0.0042511
0.00422594
0.00419765
0.00416616
0.00413142
0.0040934
0.00405214
0.00400767
0.00396009
0.00390951
0.00385609
0.00380001
0.00374147
0.0036807
0.00361794
0.00355342
0.00348741
0.00342015
0.0033519
0.00328288
0.00321333
0.00314347
0.00307348
0.00300357
0.00293389
0.0028646
0.00279583
0.00272772
0.00266036
0.00259385
0.00252827
0.00246368
0.00240016
0.00233773
0.00227645
0.00221634
0.00215743
0.00209973
0.00204326
0.00198801
0.00193399
0.00188121
0.00182965
0.0017793
0.00173016
0.0016822
0.00163543
0.00158981
0.00154534
0.00150199
0.00145975
0.0014186
0.00137851
0.00133947
0.00130146
0.00126445
0.00122843
0.00119338
0.00115927
0.00112609
0.00109381
0.00106242
0.0010319
0.00100222
0.000973377
0.00094534
0.000918093
0.00089162
0.000865902
0.000840922
0.000816663
0.000793108
0.000770241
0.000748047
0.00072651
0.000705616
0.00068535
0.000665698
0.000646645
0.000628176
0.000610275
0.000592911
0.000576085
0.000559615
0.00054393
0.000528927
0.000514618
0.000501338
0.000488667
0.000476444
0.000464581
0.000453089
0.000441965
0.00043119
0.000420742
0.000410608
0.000400776
0.000391238
0.000381978
0.000373004
0.000364317
0.000355933
0.000347869
0.000340125
0.000332692
0.000325562
0.000318724
0.00031217
0.000305889
0.000299867
0.00029409
0.000288542
0.000283205
0.000278061
0.000273085
0.000268254
0.000263546
0.000258938
0.00025441
0.000249946
0.000245528
0.000241139
0.000236759
0.000232376
0.000227983
0.000223585
0.000219178
0.000214765
0.000210352
0.000205939
0.00020153
0.000197124
0.000192731
0.000188339
0.000183966
0.000179574
0.000175252
0.000171005
0.000166836
0.000162747
0.000158742
0.00015482
0.000150979
0.000147216
0.000143533
0.000139928
0.000136406
0.000132969
0.00012962
0.000126372
0.000123229
0.000120187
0.000117247
0.000114415
0.000111703
0.000109132
0.000106733
0.000104547
0.00010262
0.000101013
9.96245e-05
0.000100519
0.000106008
0.000116479
0.000132182
0.000153362
0.000180265
0.000213143
0.000252344
0.000294578
0.000338791
0.000387699
0.00043848
0.000490792
0.000544869
0.000600983
0.000659547
0.000720145
0.000784853
0.000854482
0.000929368
0.00100981
0.00109612
0.00118869
0.00128765
0.00139486
0.00149785
0.0015648
0.00159682
0.00160924
0.0015987
0.00156442
0.00150865
0.00143364
0.00134081
0.00123155
0.00111026
0.000980218
0.00084728
0.00071314
0.000585605
0.000471268
0.000377267
0.000307917
0.00027004
0.000259926
0.0002799
0.00031376
0.000368207
0.000494742
0.000722594
0.00108758
0.00163312
0.00238104
0.00333172
0.00447051
0.00573964
0.00706257
0.00836675
0.00960524
0.0107605
0.0118336
0.0128314
0.0137637
0.0146391
0.0154695
0.0162669
0.0170392
0.0177919
0.0185304
0.0192604
0.0199864
0.0207119
0.0214408
0.0221772
0.0229255
0.0236905
0.0244774
0.0252911
0.0261367
0.0270183
0.02794
0.0289045
0.0299134
0.0309665
0.0320625
0.0331965
0.0343621
0.035554
0.0367668
0.0379924
0.0392207
0.0404435
0.0416554
0.0428509
0.0440223
0.0451617
0.0462652
0.0473316
0.0483573
0.0493371
0.0502672
0.0511482
0.0519808
0.0527622
0.0534885
0.0541597
0.0547788
0.055347
0.0558616
0.0563203
0.056725
0.0570765
0.0573753
0.0576259
0.0578272
0.0579789
0.0580824
0.0581389
0.0581508
0.0581204
0.0580485
0.0579363
0.0577881
0.0576088
0.0573985
0.0571568
0.0568892
0.0566024
0.0562985
0.055977
0.0556415
0.0552981
0.0549503
0.0546025
0.054254
0.0539058
0.0535629
0.0532275
0.0528947
0.0525223
0.0520832
0.0516608
0.0508854
0.0499679
0.0486944
0.0470743
0.04528
0.043362
0.0413575
0.039326
0.0372855
0.0352689
0.0332662
0.0312422
0.0292055
0.0271844
0.0251937
0.0232344
0.0213211
0.0194915
0.0177914
0.0162633
0.0149389
0.0138323
0.0129405
0.0122472
0.0117213
0.0113341
0.0110405
0.0108029
0.0105979
0.0103846
0.0101474
0.00988407
0.00956705
0.00923548
0.00888118
0.0085157
0.00816371
0.00782712
0.00750547
0.00720312
0.00692886
0.00668526
0.00647282
0.00629465
0.00615111
0.00603999
0.00596361
0.00591843
0.00589962
0.00590603
0.00593803
0.00599666
0.00608317
0.0061992
0.00634539
0.00652213
0.00673042
0.00696749
0.00721979
0.00748177
0.00775546
0.0080352
0.00831059
0.0086269
0.00896628
0.00932696
0.0097032
0.0100929
0.0104965
0.0109137
0.011343
0.0117821
0.0122316
0.012697
0.0131363
0.0135849
0.0140308
0.0144692
0.0148967
0.0153099
0.0157073
0.0160867
0.0164469
0.0167866
0.017106
0.0174053
0.0176867
0.0179515
0.0182016
0.018439
0.0186657
0.0188834
0.0190936
0.0192979
0.019497
0.0196918
0.0198826
0.0200697
0.0202532
0.0204329
0.0206086
0.02078
0.0209467
0.0211085
0.0212649
0.0214156
0.0215603
0.0216987
0.0218307
0.021956
0.0220747
0.0221866
0.0222919
0.0223905
0.0224825
0.0225682
0.0226475
0.0227207
0.022788
0.0228495
0.0229054
0.022956
0.0230014
0.0230419
0.0230778
0.0231092
0.0231364
0.0231597
0.0231792
0.0231952
0.0232078
0.0232174
0.023224
0.023228
0.0232294
0.0232284
0.0232253
0.0232202
0.0232133
0.0232047
0.0231946
0.0231832
0.0231706
0.0231571
0.0231427
0.0231277
0.0231122
0.0230965
0.0230808
0.0230652
0.0230501
0.0230358
0.0230226
0.0230108
0.0230011
0.0229936
0.0229873
0.0229919
0.0230087
0.0230381
0.0230835
0.0231407
0.0232066
0.0233021
0.0232921
0.0236013
0.00373627
0.00321324
0.00291709
0.00266169
0.00243951
0.00225777
0.00211369
0.00199902
0.00190693
0.00183309
0.00177442
0.00172836
0.00169269
0.00166569
0.00164596
0.00163241
0.00162415
0.00162042
0.0016206
0.00162419
0.00163074
0.00163989
0.00165131
0.00166473
0.00167993
0.00169668
0.00171482
0.00173418
0.00175459
0.00177589
0.00179797
0.00182076
0.00184431
0.00186886
0.00189484
0.0019229
0.00195384
0.00198854
0.00202781
0.00207227
0.00212221
0.00217755
0.0022378
0.00230215
0.00236955
0.00243882
0.00250879
0.00257839
0.0026467
0.00271303
0.00277685
0.00283782
0.00289577
0.00295064
0.00300245
0.00305129
0.00309729
0.0031406
0.00318137
0.00321977
0.00325594
0.00329005
0.00332222
0.00335258
0.00338127
0.00340839
0.00343405
0.00345835
0.00348138
0.00350323
0.00352399
0.00354373
0.00356253
0.00358046
0.00359759
0.00361398
0.00362969
0.00364478
0.00365931
0.00367333
0.00368688
0.00370003
0.0037128
0.00372524
0.0037374
0.00374931
0.00376101
0.00377252
0.00378388
0.00379512
0.00380627
0.00381734
0.00382838
0.00383939
0.0038504
0.00386142
0.00387249
0.00388361
0.00389479
0.00390606
0.00391743
0.0039289
0.0039405
0.00395223
0.0039641
0.00397612
0.00398831
0.00400065
0.00401318
0.00402588
0.00403877
0.00405184
0.00406511
0.00407857
0.00409223
0.00410608
0.00412012
0.00413434
0.00414876
0.00416334
0.0041781
0.00419301
0.00420806
0.00422323
0.00423851
0.00425386
0.00426927
0.0042847
0.0043001
0.00431545
0.00433069
0.00434577
0.00436062
0.00437518
0.00438936
0.00440308
0.00441624
0.00442873
0.00444044
0.00445123
0.00446095
0.00446947
0.0044766
0.00448217
0.00448599
0.00448785
0.00448756
0.00448488
0.00447961
0.00447151
0.00446037
0.00444597
0.00442812
0.00440665
0.00438138
0.00435221
0.00431903
0.00428179
0.00424047
0.00419512
0.00414579
0.00409263
0.0040358
0.00397549
0.00391197
0.00384549
0.00377636
0.00370488
0.00363138
0.00355619
0.00347963
0.00340201
0.00332365
0.00324483
0.00316581
0.00308686
0.0030082
0.00293003
0.00285255
0.00277592
0.00270027
0.00262575
0.00255244
0.00248044
0.00240982
0.00234064
0.00227294
0.00220677
0.00214214
0.00207907
0.00201757
0.00195764
0.00189926
0.00184244
0.00178716
0.00173339
0.00168112
0.00163033
0.00158097
0.00153304
0.00148649
0.00144131
0.00139745
0.00135488
0.00131359
0.00127352
0.00123467
0.00119698
0.00116043
0.001125
0.00109064
0.00105734
0.00102507
0.000993783
0.000963468
0.000934094
0.000905633
0.000878061
0.000851352
0.000825481
0.000800424
0.000776158
0.000752659
0.000729907
0.000707878
0.000686552
0.00066591
0.00064593
0.000626594
0.000607883
0.000589778
0.00057226
0.000555309
0.000538904
0.000523016
0.000507644
0.000492635
0.000478374
0.00046469
0.000451703
0.000439772
0.000428376
0.000417329
0.000406574
0.00039615
0.000386069
0.00037631
0.000366852
0.00035768
0.000348783
0.000340154
0.000331776
0.000323656
0.000315789
0.000308186
0.00030086
0.000293809
0.00028702
0.000280485
0.000274191
0.000268132
0.0002623
0.000256686
0.000251281
0.000246079
0.000241071
0.000236251
0.000231611
0.000227142
0.000222834
0.000218677
0.000214658
0.000210766
0.000206991
0.000203318
0.000199738
0.000196239
0.000192806
0.00018943
0.000186098
0.0001828
0.00017953
0.000176281
0.000173049
0.000169829
0.00016662
0.000163415
0.000160223
0.000157028
0.000153849
0.000150685
0.000147547
0.000144445
0.000141381
0.000138353
0.000135358
0.000132394
0.000129457
0.000126545
0.000123654
0.000120782
0.000117918
0.000115089
0.000112308
0.000109578
0.000106898
0.000104265
0.00010168
9.91412e-05
9.66504e-05
9.42101e-05
9.18241e-05
8.95012e-05
8.72417e-05
8.50629e-05
8.29995e-05
8.10422e-05
7.91792e-05
7.74217e-05
7.58021e-05
7.43685e-05
7.31851e-05
7.23187e-05
7.15522e-05
7.71844e-05
9.0162e-05
0.000111038
0.000140374
0.000178755
0.000226924
0.000279815
0.000338318
0.000404476
0.000474624
0.000548255
0.000625553
0.000706652
0.000791875
0.000885345
0.000976527
0.00103288
0.00105837
0.00106503
0.00105002
0.00101205
0.000952603
0.000874876
0.000779626
0.000671631
0.000559935
0.000451024
0.00035309
0.000273708
0.000219453
0.000187728
0.000174306
0.000174987
0.000191769
0.000211742
0.000263652
0.000362618
0.000528442
0.000784852
0.00116112
0.00168854
0.00239822
0.00329953
0.0043798
0.00560928
0.0069264
0.00826152
0.00955473
0.0107707
0.0118997
0.0129475
0.0139231
0.0148366
0.0156971
0.0165157
0.0173049
0.0180721
0.0188227
0.0195622
0.0202965
0.0210306
0.021768
0.0225129
0.0232697
0.0240429
0.0248371
0.0256572
0.0265079
0.0273933
0.0283167
0.0292809
0.0302874
0.0313361
0.0324257
0.0335534
0.0347136
0.0358994
0.0371049
0.0383253
0.039553
0.0407789
0.0419957
0.0431991
0.0443851
0.0455471
0.0466782
0.0477754
0.048838
0.0498634
0.0508466
0.0517843
0.0526766
0.0535246
0.0543255
0.0550754
0.0557738
0.0564234
0.0570248
0.0575755
0.0580733
0.0585195
0.0589155
0.0592613
0.0595591
0.0598091
0.0600119
0.0601681
0.0602791
0.0603472
0.0603746
0.0603621
0.0603108
0.0602253
0.0601105
0.0599667
0.059793
0.0595952
0.0593799
0.0591496
0.0589037
0.0586454
0.0583807
0.0581132
0.0578469
0.0575807
0.0573156
0.0570569
0.0568077
0.0565616
0.0562694
0.0559076
0.0555775
0.0548851
0.054075
0.0529218
0.0514104
0.04972
0.0479003
0.0459809
0.0440273
0.0420547
0.040097
0.0381575
0.0362004
0.034234
0.0322829
0.0303532
0.0284337
0.0265219
0.0246365
0.0228068
0.0210689
0.0194614
0.018018
0.0167618
0.0157034
0.0148384
0.0141518
0.0136213
0.0132179
0.0129187
0.0126986
0.0125289
0.0123929
0.0122779
0.0121666
0.0120475
0.0119194
0.0117876
0.0116222
0.0114567
0.0112853
0.0111064
0.0109236
0.0107403
0.0105706
0.0104123
0.010262
0.0101297
0.0100141
0.00992264
0.00986573
0.00984857
0.00987539
0.00995043
0.0100785
0.0102606
0.0104958
0.0107839
0.0111171
0.0114692
0.011829
0.0121999
0.0125724
0.0129307
0.0133433
0.0137818
0.0142391
0.0147035
0.0151708
0.0156448
0.0161236
0.0166024
0.0170765
0.0175443
0.0179993
0.0184384
0.0188628
0.0192687
0.0196538
0.0200178
0.0203586
0.0206764
0.0209712
0.0212438
0.0214953
0.0217282
0.0219445
0.0221463
0.0223354
0.0225139
0.0226837
0.0228465
0.0230039
0.0231571
0.0233072
0.0234546
0.0235998
0.0237429
0.0238836
0.024022
0.0241576
0.02429
0.024419
0.0245439
0.0246645
0.0247803
0.0248909
0.0249961
0.0250956
0.0251891
0.0252766
0.0253579
0.025433
0.025502
0.0255647
0.0256213
0.0256719
0.0257166
0.0257554
0.0257887
0.0258165
0.025839
0.0258565
0.025869
0.0258768
0.0258802
0.0258792
0.0258742
0.0258654
0.0258529
0.025837
0.0258179
0.0257958
0.0257709
0.0257433
0.0257134
0.0256811
0.0256469
0.0256108
0.025573
0.0255337
0.025493
0.0254513
0.0254087
0.0253653
0.0253215
0.0252773
0.0252331
0.0251891
0.0251456
0.0251028
0.0250612
0.0250211
0.0249829
0.0249469
0.0249143
0.0248847
0.0248576
0.0248452
0.0248498
0.0248723
0.0249168
0.0249782
0.0250536
0.0251642
0.0251614
0.0255416
0.00329127
0.00282237
0.00256618
0.0023343
0.00213073
0.00196598
0.00183698
0.00173522
0.00165409
0.00158955
0.0015387
0.00149909
0.0014687
0.00144591
0.00142949
0.00141845
0.00141199
0.00140943
0.00141025
0.00141397
0.00142022
0.00142868
0.00143907
0.00145114
0.0014647
0.00147956
0.00149557
0.00151258
0.00153047
0.00154911
0.0015684
0.00158825
0.00160861
0.00162949
0.00165099
0.0016733
0.00169675
0.0017217
0.0017486
0.00177789
0.00180998
0.00184515
0.00188358
0.00192526
0.00197002
0.00201754
0.00206739
0.00211903
0.00217192
0.00222549
0.0022792
0.00233257
0.00238521
0.00243676
0.00248698
0.00253567
0.00258271
0.00262801
0.00267153
0.00271328
0.00275328
0.00279156
0.00282819
0.00286322
0.00289672
0.00292876
0.00295943
0.00298879
0.00301692
0.00304389
0.00306977
0.00309463
0.00311853
0.00314155
0.00316373
0.00318515
0.00320586
0.00322591
0.00324535
0.00326424
0.00328263
0.00330056
0.00331807
0.00333522
0.00335202
0.00336854
0.00338479
0.00340082
0.00341665
0.00343232
0.00344785
0.00346328
0.00347863
0.00349392
0.00350918
0.00352442
0.00353967
0.00355495
0.00357028
0.00358567
0.00360113
0.00361669
0.00363236
0.00364815
0.00366408
0.00368015
0.00369637
0.00371277
0.00372934
0.00374609
0.00376304
0.00378019
0.00379753
0.00381509
0.00383286
0.00385083
0.00386902
0.00388742
0.00390602
0.00392482
0.00394381
0.00396298
0.00398231
0.0040018
0.00402141
0.00404112
0.0040609
0.00408072
0.00410054
0.00412031
0.00413997
0.00415947
0.00417873
0.00419769
0.00421624
0.0042343
0.00425174
0.00426846
0.00428431
0.00429915
0.00431281
0.00432513
0.00433591
0.00434495
0.00435204
0.00435696
0.00435947
0.00435934
0.00435632
0.00435016
0.00434062
0.00432748
0.00431052
0.00428956
0.00426445
0.00423508
0.00420136
0.00416324
0.00412074
0.00407391
0.00402285
0.00396772
0.00390871
0.00384609
0.00378011
0.00371111
0.00363941
0.00356537
0.00348934
0.00341169
0.00333276
0.00325291
0.00317245
0.00309169
0.00301093
0.00293042
0.00285041
0.0027711
0.0026927
0.00261535
0.00253921
0.0024644
0.00239101
0.00231914
0.00224884
0.00218017
0.00211316
0.00204785
0.00198424
0.00192234
0.00186215
0.00180366
0.00174686
0.00169171
0.00163821
0.00158631
0.001536
0.00148724
0.00143998
0.00139421
0.00134988
0.00130695
0.00126539
0.00122516
0.00118622
0.00114854
0.00111207
0.00107679
0.00104266
0.00100964
0.000977703
0.000946812
0.000916935
0.000888041
0.000860099
0.000833079
0.000806952
0.00078169
0.000757264
0.000733649
0.000710817
0.000688744
0.000667405
0.000646776
0.000626835
0.000607559
0.000588925
0.000570915
0.000553506
0.000536678
0.000520412
0.000504688
0.000489485
0.000474784
0.000460556
0.000446805
0.000433392
0.00042071
0.000408552
0.000397006
0.000386435
0.00037631
0.000366457
0.000356844
0.000347522
0.000338509
0.000329787
0.000321335
0.000313142
0.0003052
0.000297499
0.000290027
0.00028279
0.000275781
0.000269008
0.00026248
0.000256194
0.000250137
0.000244298
0.000238667
0.000233236
0.000227996
0.000222938
0.000218052
0.000213333
0.000208771
0.000204361
0.000200095
0.00019597
0.000191979
0.000188116
0.000184375
0.000180752
0.00017724
0.000173835
0.000170531
0.000167322
0.000164202
0.000161168
0.00015821
0.000155325
0.000152507
0.000149749
0.000147046
0.000144394
0.000141789
0.000139222
0.000136698
0.000134205
0.000131751
0.000129333
0.00012696
0.000124637
0.000122364
0.000120135
0.000117946
0.000115794
0.000113675
0.000111584
0.000109519
0.000107476
0.000105449
0.000103436
0.000101436
9.9448e-05
9.74728e-05
9.55101e-05
9.35597e-05
9.16204e-05
8.96906e-05
8.77678e-05
8.58511e-05
8.39306e-05
8.20255e-05
8.01515e-05
7.83125e-05
7.65097e-05
7.47431e-05
7.30126e-05
7.13195e-05
6.96682e-05
6.80606e-05
6.65301e-05
6.50069e-05
6.36716e-05
6.24885e-05
6.13971e-05
6.03987e-05
5.95253e-05
5.88465e-05
5.83715e-05
6.04114e-05
7.24891e-05
9.5917e-05
0.00013187
0.000181583
0.000243398
0.000312928
0.000397502
0.000483689
0.000533983
0.000556374
0.00055687
0.000532588
0.000486112
0.000424138
0.000354342
0.000284477
0.000225256
0.000181319
0.000151005
0.000132546
0.000123282
0.000120723
0.000128118
0.000137138
0.000157302
0.000202566
0.000283601
0.0004111
0.000594449
0.000852615
0.00120723
0.00168607
0.00231951
0.00313206
0.00412471
0.00527699
0.00655294
0.00789194
0.00923072
0.0105176
0.0117239
0.0128435
0.0138841
0.0148551
0.0157667
0.016628
0.0174498
0.0182448
0.0190205
0.0197822
0.0205359
0.0212878
0.0220429
0.0228054
0.0235791
0.0243687
0.0251785
0.026013
0.0268764
0.0277726
0.0287048
0.0296749
0.0306844
0.0317333
0.03282
0.033942
0.0350952
0.0362735
0.0374692
0.0386766
0.0398912
0.0411063
0.0423138
0.0435074
0.044684
0.0458409
0.0469731
0.0480748
0.049144
0.050181
0.0511842
0.0521495
0.053074
0.0539581
0.054803
0.0556066
0.056365
0.0570773
0.057746
0.0583716
0.0589516
0.0594835
0.0599681
0.060407
0.0608
0.0611479
0.0614511
0.0617103
0.0619259
0.0620991
0.0622321
0.0623269
0.062384
0.0624046
0.062393
0.0623544
0.0622888
0.0621952
0.0620791
0.0619474
0.0618025
0.0616436
0.0614739
0.061299
0.0611224
0.0609481
0.0607743
0.0606017
0.0604364
0.0602822
0.0601312
0.0599275
0.0596512
0.0594202
0.0588203
0.0581274
0.0571083
0.0557216
0.054152
0.0524502
0.050638
0.0487861
0.0469039
0.0450228
0.0431583
0.0412753
0.0393855
0.0375175
0.0356775
0.0338494
0.0320227
0.0302026
0.0284013
0.0266351
0.0249291
0.0233131
0.0218186
0.020473
0.0192946
0.0182885
0.0174513
0.0167672
0.0162196
0.015794
0.0154719
0.0152323
0.0150598
0.0149397
0.01486
0.0148094
0.0147788
0.0147607
0.0147499
0.0147426
0.0147361
0.0147267
0.0147169
0.0147031
0.0146776
0.0146552
0.0146386
0.0146266
0.0146203
0.0146346
0.014678
0.0147583
0.0148837
0.0150671
0.0153065
0.0156
0.0159481
0.016342
0.0167524
0.0171681
0.0175921
0.0180133
0.0184153
0.0188712
0.0193433
0.0198236
0.0203003
0.0207685
0.0212346
0.0216943
0.0221404
0.0225689
0.0229783
0.0233655
0.0237311
0.0240728
0.0243897
0.0246819
0.0249502
0.0251957
0.0254193
0.0256225
0.0258072
0.0259756
0.0261302
0.0262733
0.0264069
0.0265327
0.0266524
0.0267675
0.0268791
0.0269884
0.0270961
0.0272026
0.0273084
0.0274133
0.0275173
0.0276201
0.0277213
0.0278205
0.0279174
0.0280113
0.028102
0.028189
0.0282718
0.0283502
0.0284239
0.0284926
0.0285561
0.0286142
0.0286669
0.0287142
0.0287559
0.0287921
0.0288228
0.0288481
0.028868
0.0288828
0.0288924
0.028897
0.0288968
0.0288919
0.0288825
0.0288687
0.0288507
0.0288287
0.0288029
0.0287734
0.0287404
0.0287041
0.0286647
0.0286224
0.0285774
0.0285298
0.0284799
0.0284277
0.0283735
0.0283175
0.0282598
0.0282007
0.0281403
0.0280789
0.0280167
0.0279538
0.0278906
0.0278274
0.0277643
0.0277017
0.02764
0.0275795
0.0275207
0.027464
0.0274099
0.027359
0.0273123
0.0272697
0.0272309
0.0272106
0.027212
0.027237
0.0272906
0.0273674
0.0274657
0.0276077
0.0276385
0.0281403
0.00389233
0.00304922
0.0026436
0.00230975
0.00204988
0.00185911
0.00171898
0.00161271
0.00153023
0.00146594
0.00141601
0.00137745
0.00134792
0.00132572
0.00130955
0.00129844
0.00129158
0.00128834
0.00128818
0.00129069
0.0012955
0.00130232
0.0013109
0.001321
0.00133245
0.00134508
0.00135876
0.00137334
0.00138873
0.00140481
0.00142149
0.00143869
0.00145634
0.00147442
0.00149292
0.00151189
0.0015314
0.00155159
0.00157261
0.00159463
0.00161784
0.00164239
0.00166842
0.00169606
0.00172536
0.00175635
0.00178898
0.00182318
0.00185882
0.00189573
0.00193373
0.00197257
0.00201205
0.00205191
0.00209193
0.00213189
0.0021716
0.00221087
0.00224956
0.00228754
0.0023247
0.00236097
0.00239629
0.00243062
0.00246393
0.00249623
0.00252751
0.00255778
0.00258707
0.00261541
0.00264283
0.00266936
0.00269505
0.00271993
0.00274404
0.00276744
0.00279016
0.00281224
0.00283373
0.00285467
0.0028751
0.00289507
0.0029146
0.00293374
0.00295253
0.00297099
0.00298917
0.00300709
0.00302479
0.00304229
0.00305964
0.00307684
0.00309394
0.00311095
0.0031279
0.00314481
0.0031617
0.0031786
0.00319553
0.00321249
0.00322952
0.00324663
0.00326383
0.00328114
0.00329857
0.00331614
0.00333386
0.00335175
0.0033698
0.00338805
0.00340648
0.00342512
0.00344397
0.00346303
0.00348231
0.00350181
0.00352154
0.00354149
0.00356166
0.00358205
0.00360265
0.00362344
0.00364442
0.00366558
0.00368688
0.0037083
0.00372983
0.00375141
0.00377301
0.00379458
0.00381608
0.00383742
0.00385855
0.00387937
0.00389981
0.00391975
0.00393909
0.00395768
0.0039754
0.00399209
0.00400757
0.00402167
0.00403419
0.00404492
0.00405363
0.0040601
0.00406409
0.00406537
0.00406367
0.00405877
0.00405039
0.00403828
0.00402225
0.00400213
0.0039778
0.00394916
0.00391613
0.0038787
0.0038369
0.0037908
0.00374054
0.0036863
0.00362829
0.00356678
0.00350207
0.00343448
0.00336436
0.00329207
0.00321798
0.00314245
0.00306583
0.00298847
0.00291069
0.0028328
0.00275506
0.00267775
0.00260108
0.00252526
0.00245046
0.00237683
0.00230452
0.00223362
0.00216423
0.00209641
0.00203023
0.00196571
0.00190289
0.00184179
0.0017824
0.00172473
0.00166876
0.00161448
0.00156186
0.00151089
0.00146152
0.00141373
0.00136748
0.00132273
0.00127945
0.0012376
0.00119713
0.00115802
0.00112021
0.00108368
0.00104838
0.00101427
0.000981315
0.000949482
0.000918733
0.000889031
0.000860344
0.000832637
0.000805877
0.000780034
0.000755075
0.000730971
0.000707693
0.000685212
0.000663502
0.000642535
0.000622286
0.00060273
0.000583843
0.000565602
0.000547984
0.000530968
0.000514533
0.000498658
0.000483323
0.00046851
0.000454199
0.000440372
0.000427009
0.000414092
0.000401599
0.000389531
0.000377774
0.000366655
0.000355882
0.00034571
0.000336555
0.000327782
0.000319223
0.00031086
0.000302748
0.000294904
0.000287312
0.000279954
0.000272821
0.000265907
0.000259203
0.0002527
0.000246402
0.0002403
0.000234401
0.000228718
0.000223245
0.000217972
0.000212888
0.000207984
0.000203253
0.000198687
0.000194277
0.000190016
0.000185895
0.000181907
0.000178046
0.000174306
0.00017068
0.000167162
0.000163747
0.00016043
0.000157205
0.000154069
0.000151017
0.000148046
0.000145152
0.000142331
0.000139584
0.000136903
0.000134288
0.000131739
0.000129249
0.000126819
0.000124445
0.000122128
0.00011986
0.000117647
0.000115477
0.000113362
0.000111294
0.000109285
0.000107339
0.000105456
0.000103633
0.000101866
0.000100153
9.84909e-05
9.68767e-05
9.53074e-05
9.378e-05
9.22913e-05
9.08379e-05
8.94159e-05
8.80217e-05
8.66516e-05
8.53023e-05
8.39709e-05
8.26544e-05
8.13502e-05
8.00554e-05
7.87674e-05
7.74824e-05
7.6198e-05
7.49145e-05
7.36329e-05
7.23545e-05
7.10808e-05
6.9813e-05
6.85516e-05
6.72966e-05
6.60407e-05
6.48103e-05
6.36111e-05
6.24472e-05
6.13238e-05
6.02431e-05
5.92185e-05
5.82799e-05
5.74073e-05
5.65573e-05
5.57967e-05
5.52793e-05
5.47813e-05
5.4355e-05
5.41622e-05
5.43866e-05
5.49508e-05
6.80565e-05
9.21753e-05
0.000106837
0.000112656
0.000113356
0.000110469
0.000105062
9.87141e-05
9.28967e-05
8.85377e-05
8.58407e-05
8.47579e-05
8.65378e-05
9.13435e-05
9.65291e-05
0.000107263
0.000130277
0.000170373
0.000234156
0.000329028
0.0004641
0.000647011
0.00088718
0.00120454
0.00162006
0.00216106
0.00285592
0.003725
0.0047652
0.00595301
0.00725013
0.00859822
0.00993916
0.0112266
0.0124351
0.0135598
0.0146078
0.0155885
0.0165116
0.0173863
0.018223
0.0190349
0.0198297
0.0206129
0.0213909
0.0221703
0.0229565
0.0237537
0.0245661
0.0253981
0.026254
0.0271377
0.0280529
0.0290026
0.0299889
0.0310123
0.0320729
0.0331694
0.0342987
0.0354571
0.0366397
0.0378393
0.0390481
0.0402603
0.0414715
0.0426759
0.0438658
0.0450357
0.0461837
0.047308
0.0484049
0.0494698
0.0505014
0.0515011
0.0524686
0.0534008
0.0542955
0.0551536
0.0559771
0.0567648
0.0575129
0.0582208
0.058891
0.0595243
0.0601184
0.0606708
0.0611817
0.0616529
0.0620842
0.0624755
0.0628269
0.0631392
0.0634126
0.0636479
0.063847
0.0640115
0.0641419
0.064239
0.064307
0.0643507
0.0643701
0.064364
0.0643374
0.0642973
0.0642458
0.0641822
0.0641093
0.0640324
0.0639549
0.0638803
0.0638067
0.0637341
0.0636692
0.063617
0.0635677
0.0634593
0.0632756
0.0631479
0.0626486
0.0620799
0.0612058
0.0599578
0.0585238
0.0569568
0.0552712
0.0535432
0.0517752
0.0499938
0.048225
0.046432
0.0446277
0.0428468
0.0411
0.0393733
0.0376554
0.0359491
0.0342588
0.0325873
0.0309424
0.0293377
0.0277941
0.0263364
0.0249898
0.0237724
0.022696
0.0217596
0.0209588
0.0202904
0.0197436
0.0192853
0.0189219
0.0186714
0.0185006
0.0183675
0.0182828
0.0182376
0.0182247
0.0182384
0.0182745
0.0183282
0.0183947
0.0184703
0.0185519
0.0186382
0.0187357
0.0188427
0.0189569
0.0190882
0.0192419
0.0194253
0.0196462
0.0199125
0.0202273
0.0205909
0.0210029
0.0214541
0.0219154
0.0223762
0.0228384
0.0232905
0.0237171
0.0241869
0.0246613
0.0251364
0.0255985
0.0260418
0.0264676
0.0268748
0.0272603
0.0276219
0.0279584
0.0282693
0.0285543
0.0288135
0.0290477
0.0292582
0.0294466
0.0296147
0.0297645
0.0298981
0.0300175
0.030125
0.0302228
0.0303131
0.0303976
0.0304777
0.0305548
0.0306297
0.0307033
0.0307763
0.030849
0.0309216
0.0309941
0.0310665
0.0311385
0.0312097
0.0312798
0.0313483
0.0314149
0.0314792
0.0315407
0.031599
0.0316539
0.0317051
0.0317522
0.0317951
0.0318337
0.0318677
0.0318971
0.0319219
0.031942
0.0319574
0.0319681
0.0319741
0.0319757
0.0319727
0.0319654
0.0319537
0.0319379
0.031918
0.0318943
0.0318667
0.0318354
0.0318007
0.0317625
0.0317212
0.0316768
0.0316295
0.0315794
0.0315268
0.0314717
0.0314144
0.0313549
0.0312935
0.0312303
0.0311655
0.0310993
0.0310319
0.0309634
0.0308941
0.0308242
0.0307539
0.0306836
0.0306136
0.0305441
0.0304756
0.0304084
0.030343
0.0302799
0.0302196
0.0301629
0.0301102
0.030063
0.0300211
0.0299846
0.0299702
0.0299819
0.0300226
0.0300988
0.030205
0.0303419
0.0305315
0.0306296
0.0312463
0.00365698
0.00278614
0.00238018
0.00206335
0.0018296
0.00166366
0.00154383
0.00145404
0.0013855
0.00133322
0.00129358
0.0012637
0.00124148
0.00122543
0.00121442
0.00120759
0.00120425
0.00120383
0.0012059
0.00121011
0.00121614
0.00122376
0.00123274
0.00124291
0.00125412
0.00126624
0.00127913
0.00129271
0.00130689
0.00132157
0.00133669
0.00135219
0.001368
0.00138408
0.00140037
0.00141685
0.00143349
0.0014503
0.00146729
0.00148449
0.00150196
0.00151976
0.00153797
0.00155666
0.00157593
0.00159584
0.00161647
0.00163787
0.00166007
0.0016831
0.00170695
0.0017316
0.00175702
0.00178314
0.00180988
0.00183717
0.0018649
0.00189298
0.0019213
0.00194975
0.00197825
0.00200669
0.00203498
0.00206304
0.00209081
0.00211822
0.00214522
0.00217177
0.00219783
0.00222339
0.00224842
0.00227292
0.00229688
0.0023203
0.0023432
0.00236557
0.00238745
0.00240884
0.00242976
0.00245025
0.00247031
0.00248998
0.00250928
0.00252824
0.00254688
0.00256523
0.00258332
0.00260117
0.0026188
0.00263625
0.00265353
0.00267067
0.0026877
0.00270463
0.00272149
0.00273831
0.00275509
0.00277187
0.00278865
0.00280547
0.00282233
0.00283926
0.00285627
0.00287337
0.00289059
0.00290793
0.00292541
0.00294304
0.00296084
0.00297881
0.00299697
0.00301532
0.00303387
0.00305264
0.00307162
0.00309081
0.00311023
0.00312987
0.00314974
0.00316982
0.00319011
0.0032106
0.00323129
0.00325215
0.00327317
0.00329432
0.00331557
0.00333691
0.00335827
0.00337962
0.00340091
0.00342207
0.00344304
0.00346373
0.00348406
0.00350393
0.00352323
0.00354182
0.00355958
0.00357636
0.00359199
0.0036063
0.00361909
0.00363016
0.00363931
0.00364631
0.00365094
0.00365298
0.00365222
0.00364837
0.00364117
0.00363043
0.003616
0.00359777
0.00357561
0.00354942
0.00351913
0.00348473
0.00344626
0.00340381
0.00335752
0.00330758
0.00325421
0.00319766
0.00313822
0.0030762
0.00301192
0.00294571
0.00287791
0.00280885
0.00273887
0.00266827
0.00259736
0.00252641
0.00245568
0.00238539
0.00231575
0.00224694
0.00217913
0.00211244
0.002047
0.00198289
0.0019202
0.00185899
0.0017993
0.00174117
0.00168461
0.00162965
0.00157626
0.00152447
0.00147424
0.00142557
0.00137842
0.00133278
0.00128862
0.0012459
0.00120459
0.00116465
0.00112605
0.00108876
0.00105273
0.00101792
0.00098431
0.000951852
0.000920511
0.000890253
0.000861041
0.000832843
0.000805624
0.000779352
0.000753994
0.00072952
0.000705898
0.000683099
0.000661095
0.000639857
0.000619358
0.000599573
0.000580475
0.000562041
0.000544247
0.000527069
0.000510486
0.000494477
0.00047902
0.000464097
0.000449688
0.000435774
0.000422337
0.000409361
0.000396827
0.000384719
0.00037302
0.000361716
0.000350785
0.000340235
0.000329953
0.000320312
0.000311031
0.000302277
0.000294405
0.000286803
0.000279352
0.000272064
0.000264996
0.000258161
0.000251543
0.000245129
0.00023891
0.000232883
0.000227041
0.000221376
0.000215892
0.000210583
0.000205453
0.000200513
0.000195756
0.000191172
0.000186754
0.000182491
0.00017838
0.000174412
0.00017058
0.000166877
0.000163297
0.000159834
0.000156482
0.000153234
0.000150087
0.000147034
0.000144071
0.000141191
0.000138391
0.000135665
0.000133011
0.000130425
0.000127903
0.000125439
0.000123037
0.000120689
0.000118394
0.000116152
0.00011396
0.000111817
0.000109721
0.000107675
0.00010567
0.000103717
0.000101801
9.99381e-05
9.81191e-05
9.63527e-05
9.46441e-05
9.29937e-05
9.13994e-05
8.98596e-05
8.83728e-05
8.69381e-05
8.55544e-05
8.42203e-05
8.29345e-05
8.16956e-05
8.0502e-05
7.93522e-05
7.82443e-05
7.71762e-05
7.61457e-05
7.51507e-05
7.41887e-05
7.32573e-05
7.2354e-05
7.14761e-05
7.06209e-05
6.9785e-05
6.8965e-05
6.81579e-05
6.73609e-05
6.65723e-05
6.57906e-05
6.50148e-05
6.42441e-05
6.34765e-05
6.27118e-05
6.19543e-05
6.12056e-05
6.04683e-05
5.9746e-05
5.90505e-05
5.84135e-05
5.78458e-05
5.7337e-05
5.68684e-05
5.64296e-05
5.60097e-05
5.5607e-05
5.52225e-05
5.49247e-05
5.46397e-05
5.49795e-05
5.54756e-05
5.61943e-05
5.66224e-05
5.7717e-05
5.92436e-05
6.10218e-05
6.31633e-05
6.55712e-05
6.83059e-05
7.11766e-05
7.53702e-05
8.3592e-05
9.73093e-05
0.000119263
0.000152926
0.000202483
0.000272719
0.000368975
0.000497924
0.000667564
0.000884706
0.00115914
0.00151046
0.00195844
0.00252949
0.00325021
0.00413836
0.0051901
0.00638286
0.00767919
0.0090244
0.0103647
0.0116571
0.0128766
0.0140172
0.0150844
0.016086
0.0170311
0.0179288
0.0187892
0.0196257
0.0204464
0.0212573
0.0220651
0.0228769
0.0236985
0.0245343
0.0253886
0.026266
0.0271704
0.0281052
0.0290736
0.0300779
0.0311189
0.0321964
0.033309
0.0344545
0.0356286
0.0368265
0.0380427
0.0392696
0.040499
0.0417248
0.042943
0.0441477
0.0453319
0.0464903
0.0476215
0.0487245
0.0497963
0.0508328
0.0518336
0.0528008
0.0537349
0.0546339
0.055496
0.0563232
0.0571181
0.0578805
0.0586074
0.0592983
0.0599564
0.0605832
0.0611769
0.0617349
0.0622577
0.0627472
0.0632036
0.0636263
0.0640153
0.0643712
0.0646942
0.0649848
0.0652445
0.0654749
0.0656758
0.0658479
0.0659951
0.0661217
0.0662275
0.0663111
0.0663771
0.066432
0.0664779
0.0665138
0.0665421
0.0665679
0.0665942
0.0666241
0.0666552
0.0666874
0.0667274
0.0667813
0.066838
0.0668297
0.0667434
0.0667207
0.0663264
0.0658846
0.0651615
0.0640624
0.062775
0.0613555
0.0598121
0.0582264
0.0565937
0.0549347
0.0532862
0.051608
0.0499103
0.0482308
0.0465853
0.0449631
0.0433554
0.041768
0.0402068
0.0386716
0.0371625
0.0356813
0.0342351
0.0328365
0.0315022
0.0302486
0.029091
0.0280356
0.0270871
0.0262521
0.0255297
0.0249391
0.0243944
0.0239718
0.0236315
0.0233644
0.023162
0.0230139
0.0229144
0.022858
0.0228403
0.0228563
0.0228998
0.0229668
0.023054
0.0231583
0.0232864
0.0234353
0.023601
0.0237901
0.0240053
0.024252
0.0245362
0.0248632
0.0252345
0.0256493
0.0261057
0.0265931
0.0270821
0.0275619
0.0280342
0.0284874
0.0289074
0.0293589
0.0298051
0.030243
0.0306601
0.0310515
0.0314182
0.0317598
0.0320751
0.0323633
0.0326245
0.0328594
0.0330688
0.0332536
0.0334156
0.0335565
0.0336784
0.0337835
0.033874
0.033952
0.0340195
0.0340786
0.0341312
0.034179
0.0342234
0.0342656
0.0343064
0.0343465
0.0343865
0.0344265
0.034467
0.0345078
0.034549
0.0345904
0.0346316
0.0346725
0.0347125
0.0347514
0.0347888
0.0348244
0.0348578
0.0348887
0.0349168
0.034942
0.034964
0.0349826
0.0349977
0.0350092
0.0350171
0.0350211
0.0350215
0.035018
0.0350109
0.035
0.0349855
0.0349674
0.0349459
0.0349209
0.0348926
0.0348611
0.0348264
0.0347888
0.0347483
0.0347051
0.0346592
0.0346109
0.0345601
0.0345072
0.0344522
0.0343952
0.0343364
0.0342759
0.034214
0.0341507
0.0340861
0.0340206
0.0339542
0.0338871
0.0338196
0.0337518
0.033684
0.0336165
0.0335496
0.0334836
0.0334189
0.033356
0.0332952
0.0332372
0.0331824
0.0331317
0.0330857
0.0330451
0.0330115
0.0329849
0.0329655
0.0329718
0.0330083
0.0330785
0.0331905
0.0333386
0.0335252
0.0337688
0.0339416
0.0345861
0.00205746
0.00173871
0.00156188
0.00142416
0.0013258
0.00125487
0.00119982
0.00115504
0.00111897
0.0010907
0.00106894
0.00105244
0.00104033
0.00103198
0.00102686
0.00102449
0.00102446
0.00102645
0.00103018
0.00103542
0.00104196
0.00104963
0.00105829
0.0010678
0.00107805
0.00108895
0.00110041
0.00111235
0.00112471
0.00113742
0.00115043
0.00116369
0.00117716
0.0011908
0.00120457
0.00121846
0.00123245
0.00124652
0.00126069
0.00127496
0.00128933
0.00130383
0.00131847
0.00133327
0.00134824
0.00136341
0.0013788
0.00139442
0.00141029
0.00142642
0.00144282
0.00145951
0.0014765
0.00149377
0.00151135
0.00152921
0.00154735
0.00156576
0.00158442
0.0016033
0.00162238
0.00164164
0.00166103
0.00168054
0.00170013
0.00171976
0.00173941
0.00175905
0.00177864
0.00179816
0.00181758
0.00183689
0.00185607
0.00187509
0.00189394
0.00191263
0.00193112
0.00194943
0.00196755
0.00198547
0.00200321
0.00202076
0.00203812
0.00205532
0.00207234
0.00208921
0.00210593
0.00212252
0.00213899
0.00215534
0.0021716
0.00218777
0.00220387
0.00221992
0.00223593
0.0022519
0.00226787
0.00228383
0.0022998
0.0023158
0.00233184
0.00234793
0.00236409
0.00238032
0.00239664
0.00241306
0.0024296
0.00244625
0.00246303
0.00247995
0.00249702
0.00251424
0.00253163
0.00254918
0.0025669
0.0025848
0.00260287
0.00262112
0.00263955
0.00265814
0.0026769
0.00269582
0.00271488
0.00273407
0.00275338
0.00277279
0.00279226
0.00281177
0.00283128
0.00285075
0.00287014
0.00288939
0.00290844
0.00292722
0.00294566
0.00296365
0.00298111
0.00299793
0.00301399
0.00302916
0.0030433
0.00305625
0.00306786
0.00307794
0.00308631
0.00309279
0.00309718
0.0030993
0.00309895
0.00309586
0.00308995
0.0030811
0.00306912
0.00305394
0.00303539
0.0030134
0.00298792
0.00295894
0.0029265
0.00289069
0.00285163
0.00280948
0.00276443
0.00271668
0.00266648
0.00261409
0.00255979
0.00250384
0.00244655
0.00238818
0.00232902
0.00226931
0.00220933
0.00214929
0.00208941
0.00202988
0.00197088
0.00191256
0.00185507
0.0017985
0.00174298
0.00168856
0.00163533
0.00158333
0.00153261
0.0014832
0.00143511
0.00138835
0.00134293
0.00129884
0.00125608
0.00121463
0.00117448
0.0011356
0.00109798
0.00106158
0.00102639
0.000992363
0.00095948
0.000927708
0.000897013
0.000867364
0.00083873
0.000811079
0.00078438
0.000758605
0.000733723
0.000709705
0.000686523
0.00066415
0.000642558
0.00062172
0.000601611
0.000582204
0.000563477
0.000545403
0.000527961
0.000511128
0.000494881
0.0004792
0.000464065
0.000449455
0.000435353
0.000421739
0.000408596
0.000395907
0.000383656
0.000371826
0.000360403
0.000349372
0.000338717
0.000328426
0.000318483
0.000308876
0.000299586
0.000290617
0.000281888
0.000273646
0.000265538
0.00025806
0.000251602
0.000245346
0.000239186
0.000233155
0.000227304
0.00022164
0.000216149
0.000210821
0.00020565
0.000200633
0.000195766
0.000191042
0.000186465
0.000182027
0.000177735
0.000173602
0.000169624
0.000165791
0.000162097
0.000158533
0.000155097
0.000151781
0.000148579
0.000145485
0.000142493
0.0001396
0.0001368
0.000134087
0.000131459
0.00012891
0.000126436
0.000124032
0.000121696
0.000119423
0.00011721
0.000115055
0.000112952
0.000110899
0.000108898
0.00010694
0.000105027
0.000103158
0.00010133
9.95421e-05
9.77929e-05
9.60846e-05
9.44095e-05
9.27784e-05
9.11773e-05
8.96213e-05
8.81005e-05
8.66228e-05
8.51929e-05
8.38109e-05
8.2475e-05
8.11836e-05
7.99359e-05
7.87313e-05
7.75693e-05
7.64491e-05
7.53703e-05
7.43323e-05
7.33347e-05
7.23769e-05
7.14585e-05
7.05791e-05
6.9738e-05
6.89349e-05
6.81691e-05
6.744e-05
6.6747e-05
6.60889e-05
6.54644e-05
6.48719e-05
6.43092e-05
6.37743e-05
6.32651e-05
6.27799e-05
6.23172e-05
6.18753e-05
6.14527e-05
6.1048e-05
6.06586e-05
6.02827e-05
5.9919e-05
5.9567e-05
5.92274e-05
5.89039e-05
5.86067e-05
5.83476e-05
5.81342e-05
5.79641e-05
5.78215e-05
5.76953e-05
5.75768e-05
5.74534e-05
5.73245e-05
5.72003e-05
5.71027e-05
5.74156e-05
5.80265e-05
5.82307e-05
5.92335e-05
6.08597e-05
6.28717e-05
6.5517e-05
6.92823e-05
7.47991e-05
8.30639e-05
9.54806e-05
0.000113869
0.000140538
0.000178248
0.000230304
0.000300435
0.000392631
0.000511376
0.000662518
0.000853104
0.00108949
0.00138181
0.00174857
0.00220768
0.0027837
0.00350106
0.00437598
0.00540643
0.00657409
0.00784575
0.00917233
0.0105044
0.0118006
0.013035
0.0141981
0.0152921
0.0163226
0.0172973
0.0182247
0.0191144
0.0199798
0.0208296
0.02167
0.0225084
0.0233523
0.0242078
0.0250797
0.0259726
0.0268908
0.0278382
0.0288179
0.0298325
0.0308837
0.0319717
0.0330956
0.0342531
0.0354413
0.0366554
0.0378899
0.039139
0.0403948
0.0416489
0.0428953
0.0441297
0.0453468
0.0465391
0.0477018
0.0488335
0.0499335
0.050999
0.0520262
0.0530147
0.0539671
0.0548846
0.0557654
0.0566083
0.0574154
0.0581905
0.0589341
0.0596437
0.0603192
0.0609645
0.061582
0.0621708
0.0627283
0.0632553
0.0637545
0.0642267
0.064671
0.0650877
0.0654776
0.0658407
0.0661777
0.0664899
0.0667785
0.0670432
0.0672847
0.0675064
0.0677119
0.0679009
0.0680718
0.068229
0.068378
0.0685207
0.068656
0.068786
0.0689152
0.0690462
0.0691816
0.0693189
0.0694571
0.0696034
0.0697644
0.069928
0.0700218
0.0700357
0.0701172
0.0698302
0.0695123
0.0689459
0.067998
0.0668609
0.0655945
0.0642042
0.0627761
0.0612962
0.0597781
0.0582709
0.056733
0.0551694
0.0536173
0.0520951
0.050594
0.0491062
0.047641
0.0462084
0.0448109
0.0434487
0.0421215
0.0408305
0.0395795
0.0383752
0.0372251
0.0361384
0.0351189
0.0341717
0.0333069
0.0325317
0.0318373
0.0312223
0.0306932
0.0302449
0.0298707
0.029562
0.0293099
0.0291105
0.0289595
0.0288536
0.0287884
0.0287581
0.0287583
0.0287861
0.0288386
0.0289242
0.0290394
0.0291792
0.029349
0.0295509
0.0297895
0.0300692
0.0303938
0.0307629
0.0311733
0.0316215
0.0320948
0.0325624
0.0330129
0.0334481
0.0338574
0.0342279
0.0346205
0.0350034
0.0353717
0.0357146
0.0360292
0.0363169
0.0365779
0.0368118
0.0370191
0.0372006
0.0373576
0.0374916
0.0376041
0.037697
0.0377724
0.0378323
0.037879
0.0379144
0.0379406
0.0379594
0.0379724
0.0379813
0.0379875
0.037992
0.0379956
0.0379991
0.0380028
0.0380071
0.0380123
0.0380183
0.0380253
0.038033
0.0380413
0.03805
0.0380587
0.0380673
0.0380753
0.0380824
0.0380885
0.0380931
0.0380961
0.0380972
0.0380962
0.0380929
0.0380872
0.038079
0.0380682
0.0380548
0.0380386
0.0380196
0.0379979
0.0379735
0.0379464
0.0379166
0.0378843
0.0378494
0.0378121
0.0377724
0.0377304
0.0376863
0.0376401
0.0375919
0.0375419
0.0374901
0.0374367
0.0373817
0.0373255
0.0372679
0.0372093
0.0371496
0.0370892
0.037028
0.0369664
0.0369043
0.0368421
0.0367799
0.0367179
0.0366563
0.0365954
0.0365355
0.0364768
0.0364197
0.0363646
0.036312
0.0362622
0.036216
0.0361738
0.0361364
0.0361046
0.0360792
0.0360612
0.0360522
0.0360523
0.0360619
0.0361011
0.0361742
0.0362854
0.0364435
0.0366424
0.036885
0.0371848
0.0374384
0.0381196
0.00137351
0.00120276
0.00108529
0.000972658
0.000897777
0.000852505
0.000822721
0.000801752
0.000787414
0.000778181
0.000772562
0.000769558
0.00076864
0.000769482
0.000771801
0.000775351
0.000779949
0.000785463
0.000791785
0.000798821
0.000806487
0.00081471
0.000823429
0.000832587
0.000842136
0.00085203
0.000862228
0.000872693
0.000883392
0.000894289
0.000905355
0.00091656
0.00092788
0.000939296
0.000950804
0.000962409
0.000974131
0.000986001
0.000998055
0.00101033
0.00102286
0.00103567
0.00104875
0.00106212
0.00107573
0.00108957
0.00110359
0.00111775
0.00113202
0.00114636
0.00116073
0.00117512
0.00118949
0.00120384
0.00121815
0.00123242
0.00124665
0.00126084
0.00127498
0.00128908
0.00130314
0.00131717
0.00133117
0.00134514
0.00135908
0.001373
0.0013869
0.00140077
0.00141462
0.00142845
0.00144226
0.00145605
0.0014698
0.00148353
0.00149723
0.0015109
0.00152454
0.00153814
0.0015517
0.00156522
0.00157869
0.00159213
0.00160552
0.00161886
0.00163216
0.00164541
0.00165862
0.00167178
0.00168489
0.00169796
0.00171099
0.00172397
0.00173692
0.00174983
0.00176271
0.00177555
0.00178836
0.00180114
0.0018139
0.00182663
0.00183934
0.00185202
0.00186469
0.00187734
0.00188997
0.00190258
0.00191518
0.00192776
0.00194032
0.00195285
0.00196537
0.00197786
0.00199032
0.00200274
0.00201512
0.00202746
0.00203973
0.00205194
0.00206407
0.00207611
0.00208804
0.00209985
0.00211152
0.00212303
0.00213435
0.00214546
0.00215633
0.00216693
0.00217723
0.00218718
0.00219676
0.0022059
0.00221457
0.00222272
0.00223028
0.00223721
0.00224344
0.0022489
0.00225353
0.00225725
0.00225999
0.00226169
0.00226225
0.0022616
0.00225967
0.00225637
0.00225164
0.00224535
0.00226969
0.00231544
0.00231528
0.0022651
0.00221584
0.00217426
0.00215623
0.00213646
0.00211496
0.00209177
0.00206693
0.00204051
0.00201257
0.00198317
0.00195241
0.00192039
0.00188721
0.001853
0.00181787
0.00178196
0.00174538
0.00170827
0.00167075
0.00163292
0.0015949
0.0015568
0.00151871
0.00148072
0.00144293
0.00140541
0.00136823
0.00133145
0.00129514
0.00125934
0.00122411
0.00118947
0.00115547
0.00112212
0.00108946
0.0010575
0.00102626
0.000995744
0.000965962
0.000936917
0.000908612
0.000881047
0.000854219
0.000828122
0.00080275
0.000778095
0.000754146
0.000730893
0.000708324
0.000686427
0.000665188
0.000644594
0.000624631
0.000605285
0.00058654
0.000568383
0.000550797
0.000533768
0.000517281
0.00050132
0.000485871
0.000470919
0.000456449
0.000442446
0.000428897
0.000415788
0.000403105
0.000390834
0.000378963
0.000367478
0.000356369
0.000345623
0.000335227
0.000325172
0.000315446
0.000306038
0.000296938
0.000288137
0.000279624
0.00027139
0.000263426
0.000255724
0.000248271
0.000241076
0.000234061
0.000227518
0.000221308
0.000215737
0.000210896
0.00020606
0.000201243
0.000196516
0.00019192
0.000187455
0.00018311
0.000178881
0.000174766
0.000170764
0.000166873
0.000163089
0.000159417
0.000155855
0.000152413
0.000149098
0.000145905
0.000142826
0.000139856
0.000136989
0.000134221
0.000131548
0.000128964
0.000126465
0.000124048
0.000121707
0.00011944
0.000117242
0.000115112
0.000113045
0.000111038
0.000109088
0.000107192
0.000105347
0.000103552
0.000101803
0.000100098
9.84339e-05
9.68136e-05
9.52295e-05
9.3683e-05
9.21748e-05
9.07006e-05
8.9262e-05
8.78567e-05
8.64874e-05
8.51468e-05
8.38458e-05
8.25705e-05
8.13365e-05
8.01335e-05
7.89688e-05
7.78465e-05
7.67658e-05
7.57248e-05
7.47221e-05
7.37569e-05
7.28285e-05
7.19362e-05
7.10793e-05
7.02573e-05
6.94695e-05
6.87156e-05
6.79951e-05
6.73078e-05
6.66534e-05
6.60317e-05
6.54427e-05
6.48863e-05
6.43628e-05
6.38721e-05
6.34144e-05
6.29896e-05
6.25973e-05
6.22372e-05
6.19088e-05
6.16117e-05
6.13455e-05
6.11102e-05
6.09056e-05
6.07313e-05
6.05869e-05
6.04716e-05
6.03842e-05
6.03229e-05
6.02862e-05
6.02728e-05
6.02818e-05
6.03139e-05
6.03722e-05
6.04611e-05
6.05834e-05
6.07406e-05
6.09326e-05
6.1153e-05
6.13914e-05
6.16362e-05
6.18334e-05
6.19866e-05
6.26131e-05
6.36672e-05
6.43496e-05
6.60609e-05
6.88121e-05
7.25443e-05
7.80561e-05
8.60708e-05
9.75058e-05
0.000113548
0.000135731
0.000165945
0.000206355
0.000259382
0.000327816
0.000414678
0.000523234
0.000657453
0.000822794
0.00102579
0.00127265
0.00157352
0.00194524
0.00240311
0.00296883
0.00366377
0.00450267
0.00548612
0.00660194
0.00782464
0.00911329
0.0104237
0.0117159
0.0129617
0.0141474
0.0152709
0.0163345
0.0173433
0.0183048
0.0192273
0.0201245
0.021005
0.0218757
0.0227443
0.0236187
0.0245057
0.0254104
0.0263374
0.0272911
0.0282754
0.029293
0.0303463
0.0314364
0.0325632
0.0337252
0.03492
0.0361442
0.0373927
0.0386599
0.0399398
0.0412247
0.0425063
0.0437782
0.0450366
0.0462758
0.0474888
0.0486704
0.0498193
0.0509346
0.0520138
0.0530529
0.0540514
0.0550118
0.0559356
0.0568211
0.057667
0.0584758
0.0592514
0.059995
0.0607045
0.0613798
0.0620253
0.0626445
0.0632372
0.0638011
0.064337
0.0648487
0.0653375
0.0658032
0.0662461
0.0666674
0.0670676
0.0674475
0.0678085
0.0681516
0.0684769
0.0687849
0.0690788
0.0693617
0.0696329
0.0698912
0.0701404
0.0703853
0.0706267
0.0708639
0.0710992
0.0713361
0.0715766
0.0718228
0.0720716
0.0723218
0.0725803
0.0728547
0.0731319
0.0733352
0.0734581
0.0736505
0.0734808
0.0732985
0.0728883
0.0721091
0.0711365
0.0700382
0.0688207
0.0675728
0.0662691
0.0649128
0.063568
0.0621974
0.0607988
0.0594069
0.0580409
0.0566912
0.0553485
0.0540236
0.0527307
0.0514746
0.0502577
0.0490823
0.0479503
0.0468636
0.0458247
0.0448352
0.0438978
0.0430103
0.0421732
0.0413935
0.0406766
0.0400189
0.0394188
0.0388791
0.0384008
0.0379827
0.0376189
0.0373026
0.0370313
0.0368027
0.0366149
0.036465
0.0363478
0.03626
0.0361994
0.0361637
0.0361632
0.0361951
0.0362544
0.036347
0.0364752
0.0366433
0.0368549
0.0371127
0.0374147
0.0377565
0.0381329
0.0385297
0.0389156
0.0392784
0.0396211
0.0399351
0.0402095
0.0404992
0.0407804
0.0410442
0.0412819
0.0414924
0.0416776
0.0418378
0.0419736
0.0420859
0.042176
0.0422455
0.0422959
0.0423291
0.0423469
0.0423512
0.042344
0.0423272
0.0423026
0.0422718
0.0422364
0.0421977
0.0421569
0.0421153
0.0420734
0.0420321
0.0419918
0.0419528
0.0419154
0.0418797
0.0418456
0.0418133
0.0417825
0.0417531
0.041725
0.0416978
0.0416713
0.0416453
0.0416194
0.0415935
0.0415673
0.0415405
0.041513
0.0414845
0.0414549
0.0414241
0.041392
0.0413583
0.0413232
0.0412864
0.0412481
0.0412081
0.0411665
0.0411232
0.0410784
0.041032
0.0409841
0.0409348
0.0408841
0.0408322
0.040779
0.0407247
0.0406693
0.040613
0.0405558
0.040498
0.0404395
0.0403804
0.0403211
0.0402614
0.0402017
0.040142
0.0400826
0.0400235
0.039965
0.0399073
0.0398506
0.0397952
0.0397412
0.0396891
0.0396391
0.0395916
0.0395471
0.039506
0.0394689
0.0394363
0.0394089
0.0393874
0.0393728
0.0393659
0.0393678
0.0393795
0.0394029
0.0394383
0.0394862
0.0395681
0.0396877
0.0398491
0.0400613
0.0403166
0.0406173
0.0409714
0.0413153
0.0419285
0.000553562
0.000571327
0.000581686
0.000557399
0.000527317
0.000507544
0.000527812
0.000544675
0.000561498
0.000577902
0.000593432
0.000585362
0.000570194
0.000559448
0.000552093
0.000547371
0.000544752
0.000543855
0.00054439
0.000546126
0.00054888
0.000552503
0.000556875
0.000561897
0.000567483
0.000573563
0.000580073
0.000586958
0.000594171
0.000601669
0.000609412
0.000617366
0.000625498
0.00063378
0.000642182
0.000650681
0.000659252
0.000667878
0.000676545
0.000685245
0.000693975
0.000702736
0.000711535
0.000720378
0.000729273
0.000738227
0.000747241
0.000756316
0.00076545
0.000774635
0.000783864
0.000793128
0.000802415
0.000811717
0.000821025
0.000830331
0.000839628
0.000848911
0.000858176
0.000867419
0.000876639
0.000885835
0.000895007
0.000904156
0.000913281
0.000922386
0.000931472
0.000940541
0.000949595
0.000958635
0.000967662
0.000976677
0.00098568
0.00099467
0.00100365
0.00101261
0.00102156
0.00103049
0.00103939
0.00104828
0.00105714
0.00106596
0.00107475
0.00108349
0.00109219
0.00110082
0.00110939
0.00111789
0.00112631
0.00113464
0.00114288
0.00115101
0.00115903
0.00116692
0.00117467
0.00118228
0.00118974
0.00119702
0.00120413
0.00121104
0.00121774
0.00122423
0.00123049
0.00123651
0.00124227
0.00124776
0.00125297
0.00125789
0.0012625
0.00126679
0.00127075
0.00127437
0.00127763
0.00128053
0.00128305
0.00128517
0.0012869
0.00128821
0.0012891
0.00128956
0.00128958
0.00128914
0.00128825
0.00128689
0.00128505
0.00128273
0.00127992
0.00127661
0.00127281
0.0012685
0.00126368
0.00125835
0.00125251
0.00124616
0.0012393
0.00123192
0.00122403
0.00121563
0.00120674
0.00119734
0.00118746
0.0011771
0.00116627
0.00115498
0.00114326
0.00113111
0.00111856
0.00110565
0.00109241
0.00107892
0.00106503
0.00105063
0.00103587
0.00102077
0.00100541
0.000989821
0.000974029
0.00095806
0.000941937
0.000925681
0.000909311
0.000892862
0.000885001
0.000876789
0.00086823
0.000859337
0.000850118
0.000840587
0.000830757
0.000820642
0.000810255
0.000799612
0.000788728
0.000777619
0.000766302
0.000754794
0.000743112
0.000731274
0.000719297
0.000707199
0.000694998
0.000682711
0.000670357
0.000657951
0.000645511
0.000633054
0.000620596
0.000608153
0.000595742
0.000583376
0.000571069
0.000558835
0.000546686
0.000534632
0.000522684
0.000510853
0.000499147
0.000487576
0.000476148
0.000464871
0.000453754
0.000442803
0.000432026
0.000421426
0.00041101
0.00040078
0.00039074
0.000380892
0.000371237
0.000361776
0.000352511
0.000343441
0.000334566
0.000325886
0.0003174
0.000309107
0.000301005
0.000293094
0.000285371
0.000277835
0.000270483
0.000263313
0.000256323
0.00024951
0.000242872
0.000236407
0.000230111
0.000223981
0.000218016
0.000212211
0.000206565
0.000201073
0.000195735
0.000190546
0.000185505
0.00018061
0.000175858
0.000171296
0.000166793
0.000163039
0.000160058
0.000157035
0.000154017
0.000151055
0.000148158
0.000145317
0.000142529
0.000139793
0.000137111
0.000134482
0.000131909
0.000129388
0.000126925
0.000124517
0.00012218
0.00011993
0.00011776
0.000115666
0.000113645
0.000111692
0.000109807
0.000107985
0.000106222
0.000104515
0.00010286
0.000101256
9.96993e-05
9.81872e-05
9.67187e-05
9.52906e-05
9.3901e-05
9.25474e-05
9.12286e-05
8.99423e-05
8.86875e-05
8.74629e-05
8.62661e-05
8.50958e-05
8.39553e-05
8.28377e-05
8.1746e-05
8.06814e-05
7.96405e-05
7.86258e-05
7.7636e-05
7.66742e-05
7.57342e-05
7.48273e-05
7.39405e-05
7.30896e-05
7.22634e-05
7.14712e-05
7.07176e-05
7.00018e-05
6.93222e-05
6.8678e-05
6.80687e-05
6.74939e-05
6.69531e-05
6.64458e-05
6.59716e-05
6.55302e-05
6.51214e-05
6.47451e-05
6.44011e-05
6.40893e-05
6.38094e-05
6.35612e-05
6.33449e-05
6.31605e-05
6.30085e-05
6.28893e-05
6.28035e-05
6.27515e-05
6.27338e-05
6.27508e-05
6.28032e-05
6.28917e-05
6.30169e-05
6.318e-05
6.33818e-05
6.36234e-05
6.39059e-05
6.423e-05
6.45964e-05
6.50056e-05
6.54576e-05
6.59523e-05
6.64895e-05
6.70697e-05
6.76939e-05
6.83641e-05
6.90827e-05
6.98506e-05
7.06661e-05
7.1525e-05
7.24208e-05
7.33189e-05
7.41684e-05
7.56466e-05
7.81241e-05
8.04505e-05
8.47182e-05
9.10589e-05
9.96011e-05
0.00011104
0.000126412
0.000146842
0.000173541
0.000207964
0.000251791
0.000306822
0.000375065
0.000458932
0.000561082
0.000684564
0.000833368
0.00101299
0.0012298
0.00149003
0.00180396
0.0021869
0.00265165
0.00321681
0.00389998
0.00471272
0.00565542
0.00671941
0.00788611
0.00912324
0.0103937
0.0116612
0.0128977
0.0140874
0.0152248
0.016309
0.0173424
0.0183308
0.0192808
0.0202057
0.0211145
0.0220138
0.0229118
0.0238168
0.024736
0.0256747
0.0266377
0.0276294
0.0286533
0.0297121
0.0308073
0.0319397
0.0331087
0.0343123
0.0355476
0.036811
0.0380973
0.0394008
0.0407154
0.0420338
0.0433476
0.0446508
0.0459393
0.0472082
0.0484503
0.0496606
0.0508375
0.0519805
0.053087
0.0541532
0.0551779
0.0561639
0.0571125
0.0580224
0.0588919
0.0597231
0.0605202
0.0612848
0.0620151
0.0627106
0.0633757
0.0640148
0.0646284
0.0652143
0.0657733
0.0663098
0.0668261
0.0673224
0.0677993
0.0682585
0.068701
0.0691281
0.0695414
0.0699421
0.0703305
0.0707076
0.0710766
0.0714401
0.0717974
0.0721473
0.0724939
0.072842
0.0731902
0.0735349
0.0738839
0.0742394
0.0746014
0.0749711
0.0753451
0.0757219
0.0761086
0.076514
0.0769236
0.0772569
0.0775127
0.0778399
0.0778143
0.0777963
0.0775842
0.077014
0.0762509
0.075357
0.0743316
0.0732844
0.0721906
0.0710458
0.0699164
0.0687681
0.0675872
0.0664103
0.0652606
0.0641222
0.0629765
0.0618349
0.0607212
0.0596419
0.058599
0.0575964
0.0566378
0.0557266
0.0548656
0.0540554
0.0532954
0.0525807
0.0519075
0.0512789
0.050696
0.0501539
0.0496503
0.049186
0.0487608
0.048374
0.0480214
0.0476976
0.047402
0.0471336
0.0468922
0.0466761
0.0464815
0.0463063
0.0461495
0.0460101
0.0458995
0.0458163
0.0457563
0.0457253
0.0457266
0.0457643
0.0458417
0.0459608
0.0461197
0.0463143
0.0465408
0.0467849
0.0470162
0.047219
0.0474012
0.0475573
0.0476799
0.0478104
0.0479391
0.0480512
0.0481399
0.0482065
0.0482525
0.0482787
0.0482858
0.0482753
0.0482484
0.0482067
0.0481518
0.0480852
0.0480087
0.0479239
0.0478322
0.0477354
0.0476346
0.0475314
0.0474267
0.0473216
0.0472171
0.0471138
0.0470123
0.0469132
0.0468167
0.0467231
0.0466325
0.046545
0.0464606
0.0463792
0.0463007
0.046225
0.0461519
0.0460812
0.0460126
0.045946
0.0458811
0.0458176
0.0457554
0.0456941
0.0456337
0.0455739
0.0455145
0.0454553
0.0453963
0.0453373
0.0452783
0.0452191
0.0451596
0.0450999
0.0450398
0.0449795
0.0449188
0.0448578
0.0447965
0.044735
0.0446732
0.0446112
0.0445492
0.044487
0.0444249
0.0443628
0.0443009
0.0442392
0.0441779
0.044117
0.0440566
0.0439969
0.0439381
0.0438803
0.0438236
0.0437682
0.0437145
0.0436626
0.0436129
0.0435655
0.043521
0.0434797
0.0434419
0.0434084
0.0433795
0.0433559
0.0433384
0.0433277
0.0433247
0.0433303
0.0433457
0.0433719
0.0434102
0.0434619
0.0435292
0.0436122
0.0437117
0.0438499
0.0440293
0.0442535
0.0445311
0.0448517
0.045215
0.0456231
0.0460427
0.0465202
0.000186592
0.000139658
0.000143225
0.00015367
0.00016239
0.000172745
0.000179165
0.000191968
0.000222167
0.00024805
0.000263184
0.000248434
0.000238628
0.000232021
0.000227566
0.000224648
0.000222886
0.000222018
0.000221852
0.000222241
0.000223079
0.000224282
0.000225785
0.000227536
0.000229492
0.000231618
0.000233884
0.000236266
0.000238741
0.00024129
0.000243894
0.000246539
0.000249208
0.000251892
0.000254589
0.000257304
0.000260055
0.000262867
0.000265772
0.000268804
0.000271994
0.000275365
0.000278926
0.000282676
0.000286601
0.000290679
0.00029488
0.000299173
0.000303525
0.000307907
0.000312293
0.000316662
0.000320997
0.000325282
0.000329509
0.000333667
0.000337751
0.000341755
0.000345677
0.000349512
0.000353259
0.000356918
0.000360486
0.000363964
0.000367351
0.000370649
0.000373859
0.00037698
0.000380015
0.000382965
0.000385832
0.000388617
0.000391321
0.000393946
0.000396495
0.000398967
0.000401366
0.000403693
0.000405949
0.000408136
0.000410254
0.000412307
0.000415692
0.000419185
0.000422664
0.000426131
0.000429586
0.000433029
0.000436461
0.000439881
0.000443289
0.000446686
0.000450071
0.000453445
0.000456805
0.000460153
0.000463486
0.000466805
0.000470109
0.000473395
0.000476664
0.000479914
0.000483143
0.000486349
0.000489532
0.000492688
0.000495817
0.000498916
0.000501983
0.000505015
0.000508011
0.000510967
0.000513881
0.00051675
0.000519571
0.000522341
0.000525057
0.000527716
0.000530314
0.000532848
0.000535314
0.000537709
0.000540029
0.000542269
0.000544426
0.000546496
0.000548474
0.000550357
0.00055214
0.000553818
0.000555388
0.000556843
0.000558181
0.000559396
0.000560484
0.00056144
0.000562259
0.000562938
0.00056347
0.000563853
0.000564081
0.000564151
0.000564057
0.000563797
0.000563365
0.000562758
0.000561971
0.000561001
0.000559845
0.000558498
0.000556959
0.000555236
0.000553323
0.00055122
0.000548921
0.000546425
0.000543731
0.00054084
0.00053775
0.000534465
0.000530985
0.000527315
0.000523459
0.000519419
0.000515197
0.000510798
0.000506225
0.000501481
0.000496572
0.000491501
0.000486274
0.000480895
0.000475371
0.000469709
0.000463915
0.000457999
0.000451969
0.000445834
0.000439602
0.000433283
0.000426885
0.000420418
0.000413891
0.000407311
0.000400688
0.00039403
0.000387344
0.000380639
0.000373922
0.0003672
0.000360482
0.000353774
0.000347082
0.000340412
0.000333771
0.000327166
0.000320601
0.000314081
0.000307612
0.000301199
0.000294846
0.000288558
0.000282339
0.000276191
0.000270119
0.000264126
0.000258214
0.000252385
0.000246643
0.00024099
0.000235426
0.000229954
0.000224576
0.000219292
0.000214104
0.000209012
0.000204017
0.000199119
0.000194319
0.000189617
0.000185013
0.000180506
0.000176097
0.000171785
0.000167569
0.000163449
0.000159425
0.000155496
0.000151661
0.00014792
0.000144272
0.000140718
0.000137256
0.000133888
0.000130612
0.000127441
0.00012434
0.000121482
0.000118882
0.00011674
0.000114909
0.00011296
0.000111043
0.000109199
0.000107409
0.000105658
0.000103942
0.000102264
0.000100624
9.90199e-05
9.7452e-05
9.59186e-05
9.44247e-05
9.29721e-05
9.15739e-05
9.0236e-05
8.89525e-05
8.77201e-05
8.65374e-05
8.54017e-05
8.43117e-05
8.32638e-05
8.22554e-05
8.12841e-05
8.03478e-05
7.9444e-05
7.8571e-05
7.77265e-05
7.69096e-05
7.61177e-05
7.53494e-05
7.46028e-05
7.3877e-05
7.31703e-05
7.24818e-05
7.18106e-05
7.11551e-05
7.05147e-05
6.98919e-05
6.92814e-05
6.86868e-05
6.81092e-05
6.75461e-05
6.70006e-05
6.64722e-05
6.5964e-05
6.54718e-05
6.50061e-05
6.4556e-05
6.4137e-05
6.374e-05
6.33753e-05
6.30474e-05
6.27551e-05
6.24976e-05
6.2275e-05
6.20877e-05
6.1936e-05
6.18202e-05
6.17406e-05
6.1698e-05
6.16928e-05
6.17248e-05
6.17939e-05
6.19001e-05
6.20446e-05
6.22297e-05
6.24581e-05
6.27314e-05
6.30503e-05
6.34152e-05
6.38266e-05
6.42856e-05
6.47936e-05
6.53524e-05
6.59637e-05
6.66287e-05
6.73493e-05
6.8128e-05
6.89683e-05
6.98741e-05
7.08495e-05
7.18991e-05
7.30276e-05
7.42395e-05
7.55398e-05
7.6933e-05
7.84242e-05
8.00181e-05
8.17203e-05
8.35365e-05
8.54738e-05
8.75401e-05
8.97445e-05
9.20971e-05
9.46087e-05
9.72893e-05
0.000100106
0.000103016
0.000107036
0.000112854
0.000118745
0.000127872
0.000140336
0.000156126
0.000175999
0.000201094
0.000232508
0.0002713
0.000318747
0.000376292
0.000445504
0.000528261
0.000626899
0.000743999
0.000882647
0.00104707
0.00124296
0.00147669
0.00175481
0.00208803
0.00249056
0.00297327
0.00355246
0.00424255
0.00505165
0.00597821
0.00701377
0.00814219
0.00933653
0.0105658
0.0117986
0.0130098
0.0141841
0.0153151
0.0164007
0.0174418
0.0184431
0.0194099
0.0203553
0.0212881
0.0222152
0.0231446
0.0240852
0.0250445
0.026028
0.0270404
0.0280859
0.0291676
0.0302873
0.0314457
0.0326427
0.0338765
0.0351442
0.0364421
0.0377658
0.0391096
0.0404675
0.0418334
0.0431999
0.0445589
0.0459046
0.0472332
0.0485401
0.0498189
0.0510645
0.0522757
0.0534523
0.0545921
0.0556915
0.0567494
0.0577684
0.0587503
0.0596937
0.0605971
0.0614623
0.0622934
0.0630925
0.0638577
0.0645884
0.0652886
0.0659632
0.0666134
0.0672369
0.0678343
0.0684102
0.0689674
0.0695067
0.070029
0.0705361
0.0710295
0.071511
0.0719824
0.0724453
0.0729002
0.0733485
0.0737937
0.0742386
0.0746819
0.0751228
0.0755654
0.0760141
0.0764691
0.0769281
0.0773927
0.0778665
0.0783511
0.0788475
0.0793515
0.0798613
0.0803846
0.0809316
0.0814858
0.081964
0.0823726
0.0828565
0.0830043
0.0831817
0.0831985
0.0828731
0.0823744
0.0817706
0.0810455
0.0802913
0.0794699
0.078579
0.077706
0.0768171
0.0758855
0.0749489
0.0740512
0.0731919
0.0723438
0.0714908
0.0706528
0.069839
0.0690518
0.0682957
0.0675745
0.0668926
0.0662553
0.0656643
0.065114
0.0645995
0.0641164
0.0636654
0.0632464
0.0628533
0.0624815
0.0621304
0.0617986
0.0614838
0.0611814
0.0608866
0.0605985
0.060317
0.0600424
0.0597738
0.0595088
0.0592465
0.0589869
0.058731
0.058489
0.0582627
0.0580493
0.0578522
0.0576759
0.0575241
0.0574003
0.0573079
0.0572469
0.0572148
0.0572176
0.057239
0.0572557
0.0572361
0.0571858
0.0571102
0.0570155
0.0569245
0.0568464
0.0567554
0.0566468
0.056524
0.0563885
0.0562408
0.0560822
0.0559137
0.0557368
0.0555527
0.0553627
0.0551682
0.0549703
0.0547703
0.0545693
0.0543683
0.0541684
0.0539703
0.0537748
0.0535827
0.0533943
0.0532102
0.0530308
0.0528563
0.0526867
0.0525224
0.0523632
0.0522092
0.0520603
0.0519164
0.0517774
0.0516432
0.0515136
0.0513883
0.0512672
0.05115
0.0510365
0.0509264
0.0508196
0.0507158
0.0506147
0.0505163
0.0504202
0.0503264
0.0502346
0.0501447
0.0500565
0.0499701
0.0498851
0.0498017
0.0497196
0.0496389
0.0495595
0.0494814
0.0494045
0.0493288
0.0492544
0.0491813
0.0491094
0.0490388
0.0489695
0.0489016
0.0488351
0.0487701
0.0487066
0.0486447
0.0485846
0.0485263
0.0484699
0.0484157
0.0483638
0.0483145
0.048268
0.0482246
0.0481848
0.048149
0.0481176
0.0480913
0.0480707
0.0480567
0.04805
0.0480515
0.0480625
0.0480839
0.0481171
0.0481635
0.0482245
0.0483017
0.0483969
0.0485114
0.0486481
0.0488067
0.0489883
0.0492158
0.0494911
0.0498177
0.0502039
0.0506375
0.0511174
0.0516485
0.0522308
0.0527212
9.91754e-06
8.50338e-06
9.72235e-06
1.14896e-05
1.33552e-05
1.55022e-05
1.79228e-05
2.07627e-05
2.37765e-05
2.6756e-05
2.96818e-05
3.25874e-05
3.54586e-05
3.82504e-05
4.09346e-05
4.35075e-05
4.59736e-05
4.83365e-05
5.05994e-05
5.27681e-05
5.48504e-05
5.6855e-05
5.87903e-05
6.06642e-05
6.24845e-05
6.42588e-05
6.59943e-05
6.76985e-05
6.9379e-05
7.10442e-05
7.27027e-05
7.43643e-05
7.60397e-05
7.77405e-05
7.94793e-05
8.12695e-05
8.31248e-05
8.50593e-05
8.70866e-05
8.92193e-05
9.14689e-05
9.38448e-05
9.63544e-05
9.90027e-05
0.000101792
0.000104722
0.000107792
0.000110996
0.000114331
0.000117788
0.000121361
0.000125043
0.000128827
0.000132706
0.000136673
0.000140723
0.000144852
0.000149055
0.000153329
0.000157671
0.00016208
0.000166554
0.000171092
0.000175693
0.000180356
0.000185082
0.000189869
0.000194718
0.000199628
0.0002046
0.000209633
0.000214727
0.000219883
0.000225099
0.000230377
0.000235716
0.000241116
0.000246577
0.0002521
0.000257684
0.00026333
0.000269038
0.000274809
0.000280642
0.000286538
0.000292497
0.00029852
0.000304608
0.000310759
0.000316976
0.000323257
0.000329604
0.000336017
0.000342495
0.000349041
0.000355652
0.000362331
0.000369076
0.000375888
0.000382767
0.000389712
0.000396724
0.000403802
0.000410944
0.000418151
0.000425422
0.000432755
0.000440149
0.000447603
0.000455113
0.000462678
0.000470295
0.000477961
0.000485674
0.000493428
0.00050122
0.000509042
0.000516886
0.000524748
0.000532633
0.000540569
0.000548583
0.000556622
0.000564626
0.000572572
0.000580447
0.000588237
0.000595926
0.0006035
0.000610945
0.000618243
0.000625377
0.000632328
0.000639074
0.000645595
0.000651865
0.000657861
0.000663553
0.000668914
0.000673913
0.000678517
0.000682693
0.000686408
0.000689632
0.000692334
0.000694481
0.000696043
0.000696991
0.000697298
0.000696942
0.000695902
0.000694162
0.000691707
0.000688531
0.000684632
0.000680016
0.000674695
0.000668688
0.000662021
0.000654724
0.000646832
0.000638386
0.00062943
0.000620013
0.000610186
0.0006
0.000589504
0.000578749
0.000567783
0.000556653
0.000545402
0.000534073
0.000522703
0.000511325
0.000499969
0.00048866
0.000477422
0.000466273
0.000455228
0.000444299
0.000433496
0.000422825
0.000412288
0.000401884
0.000391608
0.000381447
0.000371382
0.000361378
0.000351382
0.000341298
0.000330957
0.000319991
0.00030757
0.000301916
0.000295919
0.000289623
0.000283085
0.000277315
0.000274603
0.000269687
0.000263933
0.000257833
0.000251607
0.000245364
0.000239168
0.000233054
0.000227043
0.00022115
0.000215382
0.000209745
0.000204241
0.000198872
0.000193636
0.000188535
0.000183565
0.000178731
0.000174039
0.000169481
0.00016505
0.000160743
0.000156556
0.000152485
0.000148522
0.000144614
0.000140273
0.000135539
0.000130536
0.000125378
0.000120164
0.000114973
0.000109867
0.000104893
0.000100079
9.54464e-05
9.10003e-05
8.71427e-05
8.46647e-05
8.22323e-05
7.99018e-05
7.82127e-05
7.70053e-05
7.57603e-05
7.45458e-05
7.3381e-05
7.22495e-05
7.1141e-05
7.00566e-05
6.90001e-05
6.79728e-05
6.6975e-05
6.60069e-05
6.50689e-05
6.41618e-05
6.32855e-05
6.24572e-05
6.16859e-05
6.09671e-05
6.02974e-05
5.96746e-05
5.90959e-05
5.85595e-05
5.80614e-05
5.75988e-05
5.71692e-05
5.67701e-05
5.63994e-05
5.60551e-05
5.57352e-05
5.54388e-05
5.51637e-05
5.49084e-05
5.46711e-05
5.44509e-05
5.42465e-05
5.40571e-05
5.38815e-05
5.37179e-05
5.35668e-05
5.34296e-05
5.33012e-05
5.31859e-05
5.30841e-05
5.29937e-05
5.29178e-05
5.28565e-05
5.28119e-05
5.27821e-05
5.27757e-05
5.2784e-05
5.28211e-05
5.2878e-05
5.2968e-05
5.30966e-05
5.32631e-05
5.34676e-05
5.37113e-05
5.39959e-05
5.43226e-05
5.46926e-05
5.51066e-05
5.5565e-05
5.60688e-05
5.66213e-05
5.72296e-05
5.79009e-05
5.86362e-05
5.94285e-05
6.02699e-05
6.11606e-05
6.21077e-05
6.31151e-05
6.41833e-05
6.53215e-05
6.65431e-05
6.7856e-05
6.92716e-05
7.08108e-05
7.24857e-05
7.42894e-05
7.62139e-05
7.826e-05
8.04334e-05
8.27421e-05
8.51964e-05
8.78087e-05
9.05933e-05
9.35665e-05
9.67465e-05
0.000100153
0.000103807
0.000107731
0.000111953
0.000116496
0.000121388
0.000126659
0.000132349
0.000138502
0.000145089
0.000152132
0.000161104
0.000172386
0.000183617
0.000199452
0.000219725
0.000244013
0.000273036
0.000308013
0.000349983
0.000399835
0.000458763
0.000527862
0.00060875
0.000703266
0.000813713
0.00094263
0.00109319
0.00126986
0.00147848
0.00172529
0.00201718
0.00236521
0.00278218
0.00327723
0.00386463
0.00455628
0.00535765
0.00626614
0.00727338
0.00836415
0.00951528
0.0107007
0.0118937
0.0130724
0.0142226
0.0153381
0.0164164
0.0174579
0.0184672
0.0194487
0.0204153
0.0213761
0.0223382
0.0233099
0.0243005
0.0253179
0.0263676
0.0274545
0.028582
0.0297525
0.0309667
0.032224
0.0335225
0.0348588
0.0362284
0.0376259
0.0390457
0.0404813
0.0419258
0.0433728
0.044815
0.0462443
0.047655
0.0490441
0.0504074
0.0517391
0.0530348
0.0542935
0.0555157
0.0566999
0.0578427
0.0589433
0.0600048
0.0610291
0.0620154
0.0629622
0.0638712
0.0647468
0.0655913
0.0664031
0.0671812
0.0679297
0.0686536
0.0693544
0.0700299
0.0706802
0.0713102
0.071923
0.0725194
0.0731004
0.073668
0.0742239
0.07477
0.0753083
0.0758405
0.0763673
0.0768904
0.0774136
0.0779394
0.0784667
0.0789949
0.0795281
0.0800707
0.080623
0.0811831
0.0817522
0.0823333
0.0829281
0.0835376
0.0841574
0.084786
0.0854321
0.086107
0.086792
0.0874029
0.0879552
0.0885886
0.0889118
0.0892966
0.0895607
0.0894973
0.0892681
0.088955
0.0885466
0.0881368
0.0876768
0.0871501
0.086654
0.0861593
0.0856243
0.0850561
0.0844919
0.0839508
0.0834223
0.0828981
0.0823867
0.0818927
0.0814144
0.0809541
0.0805217
0.0801193
0.0797479
0.0794111
0.0791052
0.0788249
0.0785638
0.0783185
0.0780878
0.077865
0.0776411
0.0774149
0.0771853
0.0769483
0.0766994
0.0764341
0.0761507
0.0758498
0.075534
0.0752039
0.0748579
0.0744956
0.0741179
0.0737285
0.073333
0.0729387
0.072545
0.0721522
0.0717678
0.0713975
0.0710452
0.070712
0.0703998
0.0701077
0.0698318
0.0695632
0.0692896
0.0689963
0.0686842
0.0683596
0.0680264
0.0676779
0.0673584
0.067031
0.0666936
0.0663518
0.0660067
0.0656585
0.0653083
0.0649572
0.0646062
0.0642564
0.0639086
0.0635637
0.0632225
0.0628858
0.0625542
0.0622284
0.0619088
0.061596
0.0612904
0.0609922
0.0607018
0.0604193
0.0601448
0.0598784
0.0596201
0.0593699
0.0591276
0.0588931
0.0586664
0.0584471
0.0582353
0.0580306
0.0578328
0.0576418
0.0574573
0.057279
0.0571067
0.0569402
0.0567793
0.0566237
0.0564731
0.0563274
0.0561865
0.0560499
0.0559177
0.0557897
0.0556656
0.0555453
0.0554287
0.0553157
0.0552062
0.0551
0.0549972
0.0548975
0.054801
0.0547077
0.0546174
0.0545302
0.054446
0.0543649
0.0542868
0.0542117
0.0541396
0.0540707
0.0540049
0.0539423
0.0538831
0.0538273
0.0537752
0.0537269
0.0536827
0.0536431
0.0536084
0.0535792
0.0535561
0.0535401
0.053532
0.0535329
0.0535441
0.053567
0.0536034
0.0536549
0.0537235
0.0538114
0.0539207
0.0540537
0.0542129
0.0544005
0.054619
0.0548704
0.0551576
0.0554801
0.0558392
0.0562597
0.0567443
0.057296
0.0579217
0.0586063
0.0593459
0.0601528
0.0610546
0.0617806
0.000104012
1.34515e-05
1.16343e-05
1.25835e-05
1.31279e-05
1.32425e-05
1.28949e-05
1.26885e-05
1.25671e-05
1.24779e-05
1.24052e-05
1.23855e-05
1.23766e-05
1.23582e-05
1.23332e-05
1.23041e-05
1.2273e-05
1.22413e-05
1.22095e-05
1.21782e-05
1.21476e-05
1.21178e-05
1.20889e-05
1.2061e-05
1.20341e-05
1.20081e-05
1.19832e-05
1.19592e-05
1.19362e-05
1.19143e-05
1.18934e-05
1.18736e-05
1.18549e-05
1.18376e-05
1.18215e-05
1.18068e-05
1.17936e-05
1.1782e-05
1.17721e-05
1.17639e-05
1.17574e-05
1.17527e-05
1.17498e-05
1.17486e-05
1.17492e-05
1.17515e-05
1.17555e-05
1.1761e-05
1.1768e-05
1.17765e-05
1.17864e-05
1.17975e-05
1.18099e-05
1.18234e-05
1.18381e-05
1.18539e-05
1.18708e-05
1.18887e-05
1.19076e-05
1.19276e-05
1.19486e-05
1.19706e-05
1.19936e-05
1.20177e-05
1.20428e-05
1.20689e-05
1.20961e-05
1.21244e-05
1.21537e-05
1.21842e-05
1.22157e-05
1.22484e-05
1.22821e-05
1.2317e-05
1.23531e-05
1.23903e-05
1.24288e-05
1.24684e-05
1.25092e-05
1.25512e-05
1.25945e-05
1.2639e-05
1.26849e-05
1.2732e-05
1.27804e-05
1.28302e-05
1.28813e-05
1.29338e-05
1.29878e-05
1.30431e-05
1.31e-05
1.31583e-05
1.32181e-05
1.32795e-05
1.33424e-05
1.3407e-05
1.34732e-05
1.35411e-05
1.36107e-05
1.36821e-05
1.37552e-05
1.38302e-05
1.39071e-05
1.39859e-05
1.40666e-05
1.41493e-05
1.42341e-05
1.4321e-05
1.441e-05
1.45012e-05
1.45947e-05
1.46905e-05
1.47887e-05
1.48892e-05
1.49923e-05
1.5098e-05
1.52063e-05
1.53174e-05
1.54315e-05
1.55487e-05
1.56695e-05
1.57943e-05
1.59233e-05
1.60564e-05
1.61939e-05
1.63355e-05
1.64815e-05
1.66317e-05
1.67863e-05
1.69453e-05
1.71087e-05
1.72766e-05
1.74489e-05
1.76259e-05
1.78076e-05
1.7994e-05
1.81852e-05
1.83814e-05
1.85825e-05
1.87888e-05
1.90003e-05
1.92171e-05
1.94394e-05
1.96672e-05
1.99007e-05
2.01401e-05
2.03853e-05
2.06367e-05
2.08942e-05
2.11581e-05
2.14285e-05
2.17056e-05
2.19895e-05
2.22803e-05
2.25782e-05
2.28835e-05
2.31961e-05
2.35165e-05
2.38446e-05
2.41808e-05
2.45251e-05
2.48778e-05
2.52391e-05
2.56093e-05
2.59885e-05
2.63769e-05
2.67748e-05
2.7185e-05
2.76093e-05
2.80486e-05
2.85041e-05
2.89764e-05
2.94427e-05
2.99156e-05
3.03943e-05
3.08774e-05
3.13639e-05
3.18522e-05
3.23815e-05
3.29247e-05
3.34803e-05
3.40485e-05
3.46291e-05
3.52221e-05
3.58274e-05
3.64446e-05
3.70736e-05
3.77137e-05
3.83645e-05
3.90253e-05
3.96951e-05
4.03727e-05
4.10566e-05
4.17453e-05
4.24358e-05
4.31243e-05
4.3805e-05
4.44697e-05
4.51072e-05
4.57032e-05
4.62426e-05
4.67121e-05
4.7104e-05
4.74162e-05
4.76512e-05
4.78128e-05
4.79043e-05
4.79274e-05
4.78825e-05
4.77693e-05
4.75873e-05
4.73362e-05
4.70167e-05
4.66299e-05
4.61781e-05
4.56644e-05
4.50927e-05
4.44676e-05
4.37943e-05
4.30783e-05
4.23253e-05
4.15411e-05
4.07315e-05
3.99022e-05
3.90582e-05
3.82046e-05
3.73458e-05
3.64859e-05
3.56285e-05
3.47767e-05
3.39331e-05
3.30999e-05
3.22787e-05
3.14705e-05
3.06773e-05
2.98958e-05
2.91493e-05
2.8402e-05
2.7991e-05
2.8048e-05
2.81652e-05
2.81978e-05
2.82114e-05
2.82441e-05
2.82748e-05
2.82913e-05
2.82929e-05
2.82831e-05
2.82645e-05
2.82383e-05
2.82057e-05
2.81687e-05
2.81281e-05
2.80962e-05
2.80896e-05
2.81116e-05
2.81583e-05
2.82279e-05
2.83196e-05
2.8433e-05
2.85665e-05
2.8718e-05
2.88859e-05
2.90691e-05
2.92661e-05
2.94758e-05
2.9697e-05
2.99289e-05
3.01709e-05
3.04214e-05
3.06794e-05
3.09442e-05
3.12153e-05
3.14924e-05
3.17749e-05
3.2062e-05
3.23535e-05
3.26506e-05
3.29528e-05
3.32585e-05
3.35714e-05
3.38912e-05
3.42177e-05
3.45538e-05
3.49002e-05
3.52586e-05
3.56302e-05
3.60199e-05
3.64248e-05
3.68547e-05
3.7308e-05
3.77996e-05
3.83349e-05
3.89137e-05
3.95372e-05
4.02083e-05
4.09298e-05
4.17046e-05
4.25352e-05
4.34237e-05
4.43723e-05
4.53839e-05
4.64636e-05
4.76183e-05
4.88555e-05
5.01847e-05
5.16152e-05
5.31386e-05
5.47063e-05
5.62796e-05
5.80098e-05
6.02926e-05
6.31352e-05
6.57607e-05
6.81098e-05
7.05059e-05
7.26614e-05
7.43665e-05
7.63479e-05
7.92315e-05
8.25678e-05
8.61869e-05
9.00777e-05
9.42539e-05
9.87345e-05
0.000103545
0.000108704
0.000114212
0.0001201
0.000126419
0.000133193
0.000140427
0.000148198
0.000156653
0.000165903
0.000175969
0.000186879
0.000198579
0.000211244
0.000226713
0.00024435
0.000261452
0.00028418
0.00031193
0.000343754
0.000380281
0.000422753
0.000472088
0.000528898
0.000594299
0.000668813
0.000754547
0.000852815
0.000965859
0.00109618
0.00124685
0.00142223
0.00162776
0.00186901
0.00215282
0.00248996
0.00289084
0.00336283
0.00391812
0.00456675
0.00531319
0.00615629
0.00709008
0.00810168
0.00917306
0.0102837
0.0114123
0.01254
0.0136532
0.014745
0.0158121
0.0168538
0.017875
0.0188782
0.0198763
0.0208782
0.0218913
0.0229245
0.0239871
0.0250874
0.026231
0.0274222
0.0286639
0.0299571
0.0313008
0.0326924
0.0341278
0.0356015
0.0371067
0.0386364
0.0401832
0.0417395
0.0432978
0.0448511
0.0463923
0.0479139
0.0494104
0.0508796
0.052318
0.0537206
0.0550836
0.056407
0.0576917
0.0589367
0.0601395
0.0612995
0.0624199
0.0635033
0.064549
0.0655559
0.0665257
0.0674628
0.06837
0.0692455
0.0700887
0.0709033
0.0716944
0.0724638
0.0732093
0.073931
0.0746335
0.07532
0.0759912
0.076648
0.0772924
0.077926
0.0785508
0.0791688
0.0797814
0.0803893
0.0809944
0.0816004
0.0822098
0.0828211
0.0834337
0.0840522
0.0846805
0.085319
0.0859656
0.0866217
0.0872901
0.0879724
0.0886694
0.0893767
0.0900931
0.0908289
0.0915961
0.0923735
0.0930783
0.0937373
0.0944867
0.0949602
0.0955411
0.0960499
0.0962611
0.09632
0.0963065
0.0962108
0.0961248
0.0959959
0.0958107
0.0956755
0.0955716
0.0954401
0.0952835
0.095141
0.0950308
0.0949348
0.0948424
0.094758
0.0946885
0.0946302
0.094582
0.0945431
0.0945183
0.0944795
0.0944362
0.0944107
0.0943845
0.0943502
0.0943031
0.0942436
0.0941689
0.0940698
0.0939438
0.0937906
0.0936051
0.0933829
0.0931204
0.0928153
0.0924711
0.0920906
0.0916755
0.0912272
0.0907455
0.090232
0.0896942
0.0891288
0.0885511
0.0879633
0.0873604
0.086754
0.0861494
0.0855508
0.0849613
0.0843847
0.0838213
0.0832668
0.0827169
0.0821708
0.081611
0.0810353
0.0804586
0.0798891
0.0792893
0.0787352
0.0781773
0.0776159
0.0770592
0.0765072
0.0759602
0.0754191
0.0748848
0.0743583
0.07384
0.0733308
0.0728311
0.0723415
0.0718622
0.0713938
0.0709364
0.0704903
0.0700556
0.0696324
0.0692208
0.0688207
0.0684321
0.0680549
0.067689
0.0673342
0.0669904
0.0666574
0.066335
0.0660231
0.0657212
0.0654293
0.0651471
0.0648744
0.0646109
0.0643563
0.0641104
0.0638731
0.0636439
0.0634228
0.0632094
0.0630035
0.062805
0.0626136
0.0624291
0.0622514
0.0620803
0.0619155
0.0617571
0.0616047
0.0614583
0.0613178
0.0611831
0.061054
0.0609305
0.0608125
0.0606999
0.0605928
0.060491
0.0603945
0.0603032
0.0602173
0.0601367
0.0600616
0.0599919
0.059928
0.05987
0.0598182
0.0597731
0.0597352
0.0597052
0.0596839
0.0596725
0.0596723
0.0596849
0.059712
0.059756
0.0598193
0.0599047
0.0600153
0.0601544
0.0603256
0.0605325
0.060779
0.0610686
0.0614052
0.0617919
0.0622318
0.0627275
0.0632809
0.0638929
0.0645639
0.0652897
0.0660698
0.0669315
0.0678777
0.0689048
0.0700101
0.0711681
0.0723672
0.0736301
0.0750494
0.0764872
1.6221e-05
1.73728e-05
1.94963e-05
2.20434e-05
2.45956e-05
2.61821e-05
2.73386e-05
2.80486e-05
2.83424e-05
2.83034e-05
2.80213e-05
2.75808e-05
2.70525e-05
2.64865e-05
2.59142e-05
2.53541e-05
2.48167e-05
2.43075e-05
2.38285e-05
2.33798e-05
2.29605e-05
2.25687e-05
2.22029e-05
2.18608e-05
2.15407e-05
2.12408e-05
2.09593e-05
2.06947e-05
2.04456e-05
2.02107e-05
1.99889e-05
1.97792e-05
1.95805e-05
1.9392e-05
1.92131e-05
1.90432e-05
1.88819e-05
1.87288e-05
1.85835e-05
1.84899e-05
1.84535e-05
1.84191e-05
1.83868e-05
1.83564e-05
1.83275e-05
1.83001e-05
1.82738e-05
1.82485e-05
1.8224e-05
1.82002e-05
1.81772e-05
1.8155e-05
1.81337e-05
1.81132e-05
1.80934e-05
1.80741e-05
1.80554e-05
1.80375e-05
1.80203e-05
1.8004e-05
1.79885e-05
1.7974e-05
1.79604e-05
1.79478e-05
1.79362e-05
1.79256e-05
1.79159e-05
1.79072e-05
1.78995e-05
1.78928e-05
1.7887e-05
1.78822e-05
1.78782e-05
1.78752e-05
1.7873e-05
1.78717e-05
1.78712e-05
1.78715e-05
1.78726e-05
1.78745e-05
1.78771e-05
1.78804e-05
1.78845e-05
1.78892e-05
1.78947e-05
1.79008e-05
1.79077e-05
1.79152e-05
1.79234e-05
1.79322e-05
1.79418e-05
1.7952e-05
1.79629e-05
1.79745e-05
1.79867e-05
1.79997e-05
1.80134e-05
1.80277e-05
1.80428e-05
1.80586e-05
1.80751e-05
1.80924e-05
1.81104e-05
1.81291e-05
1.81486e-05
1.81689e-05
1.819e-05
1.82119e-05
1.82346e-05
1.82582e-05
1.82825e-05
1.83078e-05
1.83339e-05
1.83609e-05
1.83888e-05
1.84177e-05
1.84475e-05
1.84783e-05
1.851e-05
1.85428e-05
1.85766e-05
1.86115e-05
1.86475e-05
1.86846e-05
1.87228e-05
1.87622e-05
1.88027e-05
1.88445e-05
1.88875e-05
1.89318e-05
1.89774e-05
1.90244e-05
1.90727e-05
1.91224e-05
1.91736e-05
1.92262e-05
1.92804e-05
1.93361e-05
1.93935e-05
1.94524e-05
1.95131e-05
1.95754e-05
1.96395e-05
1.97054e-05
1.97732e-05
1.98428e-05
1.99143e-05
1.99879e-05
2.00634e-05
2.01409e-05
2.02205e-05
2.03023e-05
2.03862e-05
2.04722e-05
2.05605e-05
2.06509e-05
2.07436e-05
2.08386e-05
2.09357e-05
2.10351e-05
2.11367e-05
2.12405e-05
2.13465e-05
2.14545e-05
2.15645e-05
2.16764e-05
2.17901e-05
2.19054e-05
2.20222e-05
2.21402e-05
2.23778e-05
2.26796e-05
2.29953e-05
2.33255e-05
2.36708e-05
2.40318e-05
2.44092e-05
2.48689e-05
2.5428e-05
2.60444e-05
2.67274e-05
2.7488e-05
2.81572e-05
2.86571e-05
2.91523e-05
2.96343e-05
3.00898e-05
3.0498e-05
3.083e-05
3.1052e-05
3.1132e-05
3.14848e-05
3.18095e-05
3.20551e-05
3.22125e-05
3.22755e-05
3.22404e-05
3.21066e-05
3.12952e-05
3.02785e-05
2.9283e-05
2.83063e-05
2.73456e-05
2.63975e-05
2.5457e-05
2.45175e-05
2.35692e-05
2.25975e-05
2.15778e-05
2.04668e-05
1.94875e-05
1.90325e-05
1.85677e-05
1.80956e-05
1.76186e-05
1.7139e-05
1.66588e-05
1.618e-05
1.61324e-05
1.59522e-05
1.56824e-05
1.53635e-05
1.50173e-05
1.44887e-05
1.37327e-05
1.3045e-05
1.24083e-05
1.1813e-05
1.13833e-05
1.10101e-05
1.06488e-05
1.02993e-05
9.96185e-06
9.63599e-06
9.32273e-06
9.01867e-06
8.73782e-06
8.44152e-06
8.11875e-06
7.85739e-06
7.64065e-06
7.41286e-06
7.19208e-06
6.99455e-06
6.81681e-06
6.65488e-06
6.50763e-06
6.37494e-06
6.25634e-06
6.15105e-06
6.05826e-06
5.97766e-06
5.90796e-06
5.84945e-06
5.8061e-06
5.77963e-06
5.76963e-06
5.77627e-06
5.79991e-06
5.84115e-06
5.90027e-06
5.97717e-06
6.07196e-06
6.18475e-06
6.31553e-06
6.46429e-06
6.63085e-06
6.81532e-06
7.01756e-06
7.23712e-06
7.47358e-06
7.72657e-06
7.99573e-06
8.28079e-06
8.5814e-06
8.8965e-06
9.22582e-06
9.57033e-06
9.92796e-06
1.02985e-05
1.06829e-05
1.10802e-05
1.1498e-05
1.19266e-05
1.23641e-05
1.28095e-05
1.32656e-05
1.37322e-05
1.42114e-05
1.47056e-05
1.52176e-05
1.57601e-05
1.63394e-05
1.69573e-05
1.76164e-05
1.83205e-05
1.90734e-05
1.9879e-05
2.07414e-05
2.16649e-05
2.26542e-05
2.37143e-05
2.48511e-05
2.60704e-05
2.73794e-05
2.87878e-05
3.03076e-05
3.19452e-05
3.36927e-05
3.55431e-05
3.75353e-05
3.97671e-05
4.23042e-05
4.51027e-05
4.81218e-05
5.13531e-05
5.47164e-05
5.81152e-05
6.16022e-05
6.53125e-05
6.93225e-05
7.36751e-05
7.84067e-05
8.35998e-05
8.93247e-05
9.54003e-05
0.000101836
0.000109913
0.000119607
0.000128765
0.000137158
0.000148081
0.000162027
0.000174454
0.000184177
0.000194683
0.000209184
0.000226303
0.000245436
0.000267782
0.000291006
0.000312715
0.000339346
0.000370092
0.000403789
0.00044095
0.000482639
0.00052936
0.00058353
0.00063896
0.000712946
0.000782084
0.000863602
0.000957804
0.00106604
0.00119052
0.00133445
0.00150178
0.00169642
0.00192415
0.0021937
0.00251181
0.00288384
0.00331936
0.00382709
0.00441259
0.00507937
0.00582776
0.00665163
0.00754209
0.00848755
0.00947453
0.0104886
0.0115167
0.0125498
0.0135821
0.0146104
0.0156383
0.0166654
0.0177028
0.0187589
0.0198412
0.0209588
0.0221212
0.0233368
0.0246109
0.0259468
0.0273456
0.0288058
0.0303234
0.0318924
0.0335053
0.0351534
0.0368271
0.0385171
0.0402144
0.0419103
0.0435968
0.0452676
0.0469161
0.048536
0.0501231
0.0516761
0.053193
0.05467
0.0561047
0.0574976
0.0588505
0.0601634
0.0614342
0.0626631
0.0638534
0.0650079
0.0661264
0.0672079
0.0682542
0.0692696
0.0702569
0.0712148
0.0721423
0.0730429
0.0739216
0.0747803
0.0756165
0.0764302
0.0772257
0.0780063
0.0787724
0.0795248
0.0802652
0.0809952
0.0817163
0.0824305
0.0831388
0.0838416
0.0845407
0.0852394
0.0859397
0.0866402
0.08734
0.0880432
0.0887537
0.0894713
0.0901943
0.0909237
0.091662
0.0924104
0.0931695
0.0939348
0.0947055
0.0954929
0.0963095
0.0971326
0.0978821
0.0985944
0.0994028
0.099972
0.100698
0.101405
0.101861
0.102193
0.10247
0.102681
0.102907
0.103088
0.103216
0.103397
0.103626
0.103833
0.104006
0.104191
0.10441
0.104649
0.104911
0.105198
0.105489
0.105781
0.106077
0.106357
0.106674
0.107888
0.107265
0.107499
0.107748
0.107959
0.108125
0.108249
0.108335
0.108375
0.108368
0.10833
0.108256
0.108126
0.107921
0.107622
0.107225
0.106759
0.106254
0.105724
0.105169
0.104577
0.103954
0.103285
0.102594
0.101886
0.101149
0.100397
0.0996354
0.0988676
0.0980967
0.0973283
0.0965645
0.0958016
0.0950397
0.0942878
0.0935266
0.0927513
0.0919833
0.091234
0.0904432
0.0897082
0.0889729
0.0882388
0.0875152
0.086802
0.086099
0.0854071
0.0847271
0.0840596
0.0834051
0.082764
0.0821366
0.0815231
0.0809238
0.0803387
0.079768
0.0792116
0.0786697
0.0781423
0.0776292
0.0771303
0.0766456
0.0761747
0.0757176
0.0752739
0.0748435
0.0744262
0.0740218
0.07363
0.0732505
0.0728832
0.0725279
0.0721842
0.071852
0.071531
0.0712211
0.0709219
0.0706332
0.070355
0.0700868
0.0698287
0.0695803
0.0693415
0.0691122
0.0688921
0.0686813
0.0684794
0.0682865
0.0681023
0.067927
0.0677603
0.0676022
0.0674528
0.067312
0.0671798
0.0670564
0.0669418
0.0668362
0.0667397
0.0666527
0.0665755
0.0665085
0.0664525
0.0664081
0.0663762
0.0663582
0.0663555
0.0663699
0.0664037
0.0664595
0.0665406
0.0666509
0.0667948
0.0669773
0.0672043
0.0674819
0.0678167
0.0682159
0.0686862
0.0692345
0.069867
0.0705894
0.0714058
0.0723193
0.0733313
0.0744412
0.0756466
0.0769425
0.0783219
0.0797753
0.0812906
0.082848
0.0844374
0.0860827
0.0877763
0.0894952
0.0912242
0.0929369
0.0946366
0.0963981
0.09861
0.101779
3.15637e-05
3.23614e-05
3.31557e-05
3.28105e-05
3.26151e-05
3.36178e-05
3.26238e-05
3.25736e-05
3.36134e-05
3.44099e-05
3.27205e-05
3.28177e-05
3.29242e-05
3.30354e-05
3.31482e-05
3.32595e-05
3.33661e-05
3.34659e-05
3.35573e-05
3.36394e-05
3.37117e-05
3.3774e-05
3.38261e-05
3.38685e-05
3.39014e-05
3.39253e-05
3.39409e-05
3.39486e-05
3.39492e-05
3.39431e-05
3.39312e-05
3.39138e-05
3.38916e-05
3.38652e-05
3.3835e-05
3.38016e-05
3.37656e-05
3.37274e-05
3.36878e-05
3.36471e-05
3.36058e-05
3.35645e-05
3.35232e-05
3.34824e-05
3.34421e-05
3.34024e-05
3.33634e-05
3.3325e-05
3.32873e-05
3.32501e-05
3.32135e-05
3.31774e-05
3.31419e-05
3.3107e-05
3.30726e-05
3.30387e-05
3.30055e-05
3.29728e-05
3.29408e-05
3.29095e-05
3.28788e-05
3.28488e-05
3.28195e-05
3.2791e-05
3.27633e-05
3.27363e-05
3.27102e-05
3.26849e-05
3.26605e-05
3.2637e-05
3.26143e-05
3.25926e-05
3.25718e-05
3.25519e-05
3.25331e-05
3.25152e-05
3.24982e-05
3.24824e-05
3.24675e-05
3.24537e-05
3.24409e-05
3.24292e-05
3.24186e-05
3.24091e-05
3.24007e-05
3.23935e-05
3.23874e-05
3.23824e-05
3.23787e-05
3.23762e-05
3.23748e-05
3.23748e-05
3.2376e-05
3.23784e-05
3.23822e-05
3.23873e-05
3.23937e-05
3.24014e-05
3.24106e-05
3.24211e-05
3.24331e-05
3.24465e-05
3.24613e-05
3.24776e-05
3.24954e-05
3.25147e-05
3.25356e-05
3.25579e-05
3.25819e-05
3.26074e-05
3.26346e-05
3.26633e-05
3.26937e-05
3.27258e-05
3.27594e-05
3.27948e-05
3.28318e-05
3.28705e-05
3.29109e-05
3.2953e-05
3.29969e-05
3.30425e-05
3.309e-05
3.31391e-05
3.31899e-05
3.32423e-05
3.32961e-05
3.33514e-05
3.34082e-05
3.34664e-05
3.3526e-05
3.35869e-05
3.3649e-05
3.37122e-05
3.37766e-05
3.38418e-05
3.39079e-05
3.39746e-05
3.40418e-05
3.41093e-05
3.4177e-05
3.42445e-05
3.43116e-05
3.43781e-05
3.44435e-05
3.45077e-05
3.45701e-05
3.46304e-05
3.46881e-05
3.47427e-05
3.47936e-05
3.48404e-05
3.48823e-05
3.49187e-05
3.49487e-05
3.49718e-05
3.4987e-05
3.49934e-05
3.49901e-05
3.49762e-05
3.51532e-05
3.53512e-05
3.5561e-05
3.57838e-05
3.60206e-05
3.62727e-05
3.65415e-05
3.68283e-05
3.71348e-05
3.74624e-05
3.7813e-05
3.81882e-05
3.85899e-05
4.0996e-05
4.4264e-05
4.8445e-05
5.39983e-05
5.74541e-05
5.6122e-05
5.45574e-05
5.26981e-05
4.97091e-05
4.56779e-05
4.21381e-05
4.15285e-05
4.08474e-05
4.00986e-05
3.92875e-05
3.84201e-05
3.75037e-05
3.65457e-05
3.5554e-05
3.45364e-05
3.35006e-05
3.24537e-05
3.14026e-05
3.14257e-05
3.21449e-05
3.24469e-05
3.2438e-05
3.21967e-05
3.17819e-05
3.12384e-05
3.05998e-05
2.89187e-05
2.67199e-05
2.48161e-05
2.31414e-05
2.16505e-05
2.03104e-05
1.90967e-05
1.79907e-05
1.69776e-05
1.60455e-05
1.51861e-05
1.45984e-05
1.40346e-05
1.3494e-05
1.29756e-05
1.24785e-05
1.20021e-05
1.15453e-05
1.11075e-05
1.06878e-05
1.02856e-05
9.89993e-06
9.53026e-06
9.17586e-06
8.83606e-06
8.51022e-06
8.19773e-06
7.89799e-06
7.61044e-06
7.33452e-06
7.06971e-06
6.81586e-06
6.57187e-06
6.34994e-06
6.13783e-06
5.93893e-06
5.74813e-06
5.54616e-06
5.35059e-06
5.16685e-06
4.99199e-06
4.82345e-06
4.6609e-06
4.50461e-06
4.36802e-06
4.24739e-06
4.13117e-06
4.01936e-06
3.91201e-06
3.80896e-06
3.71096e-06
3.61767e-06
3.52801e-06
3.44174e-06
3.35897e-06
3.27972e-06
3.20397e-06
3.13152e-06
3.06232e-06
2.99637e-06
2.93362e-06
2.87405e-06
2.81763e-06
2.76432e-06
2.71418e-06
2.66715e-06
2.62324e-06
2.58247e-06
2.5449e-06
2.51055e-06
2.47949e-06
2.45175e-06
2.4273e-06
2.40635e-06
2.38901e-06
2.37499e-06
2.36471e-06
2.35963e-06
2.36523e-06
2.38195e-06
2.40983e-06
2.44884e-06
2.49915e-06
2.56096e-06
2.63423e-06
2.71969e-06
2.81793e-06
2.93167e-06
3.06239e-06
3.21101e-06
3.37898e-06
3.5682e-06
3.7808e-06
4.01907e-06
4.2855e-06
4.58294e-06
4.91451e-06
5.28367e-06
5.69424e-06
6.1504e-06
6.65688e-06
7.21909e-06
7.84312e-06
8.53556e-06
9.30319e-06
1.0153e-05
1.10929e-05
1.21342e-05
1.32932e-05
1.45881e-05
1.60377e-05
1.7653e-05
1.94316e-05
2.14256e-05
2.36899e-05
2.61834e-05
2.89133e-05
3.19041e-05
3.51875e-05
3.88119e-05
4.283e-05
4.72532e-05
5.21126e-05
5.76196e-05
6.39384e-05
7.09514e-05
7.86038e-05
8.73043e-05
9.73427e-05
0.000108346
0.000119836
0.000131978
0.000145409
0.000160416
0.000177427
0.000197162
0.000216572
0.000234707
0.000255529
0.000278453
0.000302624
0.000328264
0.000355965
0.000386089
0.000418877
0.000454742
0.00049393
0.00053716
0.000585274
0.000639209
0.000699872
0.000768494
0.00084685
0.000936779
0.00103995
0.00115949
0.00130008
0.00146428
0.00165488
0.00187736
0.00213764
0.00244124
0.00279469
0.00320406
0.00367228
0.00420221
0.00479522
0.00545074
0.00616498
0.00693143
0.00774288
0.00859272
0.00947495
0.0103905
0.0113346
0.0123133
0.0133332
0.0144028
0.0155346
0.0167418
0.0180363
0.019427
0.0209188
0.0225117
0.0242003
0.0259735
0.0278162
0.0297107
0.0316387
0.0335826
0.0355268
0.037458
0.0393654
0.0412408
0.0430787
0.0448751
0.0466258
0.0483292
0.0499857
0.0515952
0.0531563
0.0546681
0.0561326
0.0575527
0.0589297
0.0602632
0.0615543
0.0628071
0.0640247
0.0652078
0.0663559
0.0674711
0.0685575
0.069618
0.0706515
0.0716574
0.0726388
0.0736003
0.0745436
0.0754669
0.07637
0.077257
0.0781303
0.07899
0.0798366
0.0806715
0.0814959
0.0823113
0.083119
0.0839196
0.0847132
0.0855014
0.0862869
0.0870712
0.0878522
0.0886294
0.0894064
0.0901861
0.0909682
0.0917507
0.0925346
0.0933218
0.094113
0.0949085
0.0957039
0.0964993
0.0973056
0.0981346
0.0989647
0.0997252
0.10046
0.101294
0.101933
0.102761
0.103606
0.104247
0.104792
0.105295
0.105744
0.106211
0.106631
0.107004
0.107427
0.107901
0.108354
0.108767
0.109192
0.10967
0.110086
0.115032
0.111142
0.111469
0.111959
0.112443
0.112915
0.113367
0.113819
0.11425
0.114627
0.114991
0.11535
0.115667
0.115916
0.116097
0.116211
0.116233
0.116174
0.117039
0.118454
0.119655
0.120681
0.120367
0.118363
0.116416
0.114573
0.113691
0.113141
0.112562
0.111926
0.11126
0.110576
0.109855
0.10911
0.108345
0.107563
0.106766
0.105959
0.105146
0.104325
0.103501
0.102696
0.101887
0.101057
0.100213
0.0993772
0.0985055
0.0976962
0.0968924
0.0960911
0.0953006
0.0945211
0.0937527
0.0929959
0.0922516
0.0915203
0.0908024
0.0900981
0.0894079
0.0887318
0.08807
0.0874225
0.0867894
0.0861707
0.0855665
0.0849771
0.0844025
0.0838427
0.0832978
0.0827673
0.0822512
0.0817492
0.0812612
0.080787
0.0803264
0.0798793
0.0794454
0.0790247
0.0786168
0.0782218
0.0778393
0.0774692
0.0771114
0.0767656
0.0764319
0.0761099
0.0757996
0.0755009
0.0752136
0.0749376
0.0746729
0.0744194
0.074177
0.0739458
0.0737256
0.0735167
0.0733189
0.0731325
0.0729575
0.0727943
0.0726432
0.0725045
0.0723787
0.0722667
0.0721692
0.0720873
0.0720225
0.0719765
0.0719514
0.0719499
0.0719754
0.0720318
0.072124
0.0722578
0.07244
0.0726787
0.0729829
0.0733629
0.0738302
0.074397
0.075076
0.07588
0.076821
0.0779097
0.0791541
0.0805589
0.0821243
0.0838458
0.0857133
0.0877116
0.0898207
0.0920173
0.0942752
0.0965673
0.0988669
0.101148
0.103389
0.105563
0.10764
0.10961
0.111517
0.113362
0.115126
0.116829
0.118507
0.120207
0.122012
0.125098
0.132373
4.06992e-05
4.06751e-05
4.03206e-05
4.02222e-05
4.03586e-05
4.06208e-05
4.09191e-05
4.12213e-05
4.15246e-05
4.18248e-05
4.21113e-05
4.23742e-05
4.26082e-05
4.28116e-05
4.2984e-05
4.31256e-05
4.32372e-05
4.33203e-05
4.33771e-05
4.34098e-05
4.34207e-05
4.34123e-05
4.33869e-05
4.33465e-05
4.32934e-05
4.32293e-05
4.31559e-05
4.30747e-05
4.29872e-05
4.28944e-05
4.27975e-05
4.26974e-05
4.25949e-05
4.24906e-05
4.23851e-05
4.22791e-05
4.2173e-05
4.20674e-05
4.19626e-05
4.18591e-05
4.17572e-05
4.16572e-05
4.15593e-05
4.14636e-05
4.13701e-05
4.12789e-05
4.11899e-05
4.1103e-05
4.10182e-05
4.09353e-05
4.08542e-05
4.07749e-05
4.06973e-05
4.06213e-05
4.0547e-05
4.04742e-05
4.0403e-05
4.03333e-05
4.02652e-05
4.01985e-05
4.01333e-05
4.00696e-05
4.00074e-05
3.99466e-05
3.98872e-05
3.98293e-05
3.97728e-05
3.97176e-05
3.96638e-05
3.96114e-05
3.95604e-05
3.95106e-05
3.94622e-05
3.9415e-05
3.93691e-05
3.93245e-05
3.92811e-05
3.9239e-05
3.91981e-05
3.91583e-05
3.91198e-05
3.90824e-05
3.90461e-05
3.9011e-05
3.8977e-05
3.89441e-05
3.89123e-05
3.88816e-05
3.8852e-05
3.88234e-05
3.87958e-05
3.87692e-05
3.87436e-05
3.8719e-05
3.86954e-05
3.86727e-05
3.86509e-05
3.86301e-05
3.86101e-05
3.8591e-05
3.85727e-05
3.85552e-05
3.85385e-05
3.85226e-05
3.85073e-05
3.84928e-05
3.84789e-05
3.84656e-05
3.84529e-05
3.84407e-05
3.8429e-05
3.84178e-05
3.84069e-05
3.83963e-05
3.8386e-05
3.83758e-05
3.83658e-05
3.83558e-05
3.83457e-05
3.83355e-05
3.83251e-05
3.83144e-05
3.83032e-05
3.82915e-05
3.82791e-05
3.82659e-05
3.82518e-05
3.82365e-05
3.82201e-05
3.82022e-05
3.81826e-05
3.81613e-05
3.8138e-05
3.81124e-05
3.80844e-05
3.80537e-05
3.80201e-05
3.79832e-05
3.79428e-05
3.78986e-05
3.78502e-05
3.77974e-05
3.77397e-05
3.76769e-05
3.76085e-05
3.75341e-05
3.74534e-05
3.73658e-05
3.72711e-05
3.71686e-05
3.7058e-05
3.69388e-05
3.68105e-05
3.66725e-05
3.65244e-05
3.63658e-05
3.61962e-05
3.6015e-05
3.58219e-05
3.56164e-05
3.53981e-05
3.51666e-05
3.49216e-05
3.46627e-05
3.43896e-05
3.41022e-05
3.38002e-05
3.34836e-05
3.31523e-05
3.28062e-05
3.24456e-05
3.20705e-05
3.16811e-05
3.12778e-05
3.08608e-05
3.13448e-05
3.15637e-05
2.95342e-05
2.90687e-05
2.85928e-05
2.81073e-05
2.7613e-05
2.71107e-05
2.66439e-05
2.63871e-05
2.61212e-05
2.58457e-05
2.55605e-05
2.52655e-05
2.49606e-05
2.46456e-05
2.43206e-05
2.39856e-05
2.36408e-05
2.32863e-05
2.29224e-05
2.35767e-05
2.43357e-05
2.49653e-05
2.54833e-05
2.59042e-05
2.624e-05
2.65005e-05
2.6694e-05
2.63783e-05
2.46586e-05
2.31393e-05
2.17783e-05
2.05459e-05
1.942e-05
1.83844e-05
1.74263e-05
1.65358e-05
1.57051e-05
1.50164e-05
1.46022e-05
1.41934e-05
1.37904e-05
1.33937e-05
1.30038e-05
1.2621e-05
1.22457e-05
1.18781e-05
1.15185e-05
1.1167e-05
1.08237e-05
1.04888e-05
1.01623e-05
9.84426e-06
9.53457e-06
9.23323e-06
8.94017e-06
8.65529e-06
8.37852e-06
8.10964e-06
7.84887e-06
7.5958e-06
7.354e-06
7.0785e-06
6.80576e-06
6.56319e-06
6.31074e-06
6.06426e-06
5.83041e-06
5.60716e-06
5.39196e-06
5.18427e-06
4.98428e-06
4.79199e-06
4.60717e-06
4.42957e-06
4.25919e-06
4.0956e-06
3.93631e-06
3.78235e-06
3.63449e-06
3.49188e-06
3.35456e-06
3.22275e-06
3.13917e-06
3.06101e-06
2.98631e-06
2.91494e-06
2.84685e-06
2.78194e-06
2.72009e-06
2.66119e-06
2.60512e-06
2.55192e-06
2.50144e-06
2.4536e-06
2.40835e-06
2.36566e-06
2.32547e-06
2.28787e-06
2.25278e-06
2.22003e-06
2.19001e-06
2.16277e-06
2.13784e-06
2.11589e-06
2.09691e-06
2.08075e-06
2.06781e-06
2.05822e-06
2.05204e-06
2.04949e-06
2.05113e-06
2.05693e-06
2.06748e-06
2.08151e-06
2.10131e-06
2.12834e-06
2.16171e-06
2.20112e-06
2.24698e-06
2.29971e-06
2.35972e-06
2.42741e-06
2.50327e-06
2.58789e-06
2.68186e-06
2.78594e-06
2.90109e-06
3.02814e-06
3.16802e-06
3.32181e-06
3.49067e-06
3.67599e-06
3.87938e-06
4.10273e-06
4.34806e-06
4.61755e-06
4.91354e-06
5.23852e-06
5.59466e-06
5.98482e-06
6.42162e-06
6.92298e-06
7.4974e-06
8.15314e-06
8.89945e-06
9.74692e-06
1.07079e-05
1.17972e-05
1.30319e-05
1.44287e-05
1.60059e-05
1.77935e-05
1.98287e-05
2.21459e-05
2.47825e-05
2.77955e-05
3.1245e-05
3.51728e-05
3.96122e-05
4.46233e-05
5.02519e-05
5.66716e-05
6.39767e-05
7.08329e-05
7.74141e-05
8.47703e-05
9.2748e-05
0.000101088
0.000109811
0.000119048
0.000128887
0.000139394
0.000150654
0.000162751
0.000175811
0.000190025
0.000205602
0.000222738
0.000241715
0.000262906
0.000286665
0.00031334
0.000343744
0.000378953
0.000419441
0.000465964
0.000519901
0.000582757
0.000656085
0.000741913
0.000842315
0.000959029
0.0010946
0.00125196
0.00143435
0.00164485
0.00188636
0.00216178
0.0024742
0.00282651
0.00322405
0.00366916
0.00416826
0.00472796
0.0053461
0.00602027
0.00676914
0.00761705
0.00859315
0.00973088
0.011064
0.0126204
0.0144156
0.0164435
0.0186751
0.0210643
0.0235553
0.0260908
0.0286161
0.0310832
0.0334584
0.0357315
0.0379032
0.0399751
0.04195
0.0438339
0.0456331
0.0473523
0.0489965
0.0505726
0.0520879
0.0535484
0.0549572
0.056318
0.0576362
0.0589163
0.0601603
0.0613685
0.0625434
0.0636894
0.0648097
0.0659039
0.0669713
0.0680149
0.0690391
0.070046
0.0710333
0.0720006
0.0729519
0.0738897
0.0748144
0.0757263
0.0766266
0.0775164
0.0783966
0.0792685
0.080132
0.0809874
0.0818356
0.0826788
0.0835176
0.0843503
0.0851765
0.085999
0.0868198
0.0876383
0.0884532
0.0892651
0.0900755
0.0908845
0.0916923
0.0924954
0.0932939
0.0940975
0.0949162
0.0957318
0.0964861
0.0972198
0.0980433
0.0987131
0.0995759
0.100482
0.101241
0.101936
0.1026
0.103217
0.103844
0.104418
0.104949
0.105513
0.106115
0.106691
0.107219
0.107744
0.108311
0.108899
0.109431
0.109922
0.110435
0.110958
0.111478
0.111988
0.11249
0.112988
0.113434
0.115854
0.11906
0.119853
0.117441
0.114875
0.115115
0.115282
0.115369
0.115377
0.115308
0.115186
0.115039
0.114891
0.114754
0.114598
0.114381
0.114085
0.113708
0.113273
0.112812
0.112307
0.111785
0.111249
0.110676
0.110068
0.10943
0.108768
0.108084
0.107382
0.106664
0.105929
0.105171
0.104675
0.105088
0.105454
0.105562
0.10325
0.101023
0.0999368
0.0992105
0.0984806
0.0977504
0.0970264
0.0963116
0.095606
0.0949095
0.0942224
0.0935451
0.0928782
0.0922221
0.0915785
0.0909518
0.0903403
0.0897383
0.0891446
0.0885559
0.0879679
0.0873868
0.0868201
0.0862678
0.0857316
0.0852126
0.0847081
0.0842159
0.0837358
0.0832678
0.0828117
0.0823673
0.0819344
0.081513
0.0811028
0.0807038
0.0803159
0.079939
0.0795731
0.0792181
0.0788741
0.078541
0.0782188
0.0779074
0.0776069
0.0773173
0.0770386
0.0767709
0.0765143
0.0762689
0.0760349
0.0758128
0.0756028
0.0754056
0.0752219
0.0750526
0.0748991
0.0747629
0.0746462
0.0745516
0.0744826
0.0744435
0.0744398
0.0744781
0.0745668
0.0747159
0.0749372
0.0752444
0.0756533
0.0761809
0.076845
0.0776636
0.0786533
0.0798277
0.0811961
0.0827621
0.0845223
0.086466
0.0885757
0.0908277
0.0931943
0.0956449
0.0981489
0.100676
0.1032
0.105697
0.108145
0.11053
0.112839
0.115063
0.117197
0.119241
0.12119
0.123027
0.124759
0.12644
0.128041
0.129534
0.130982
0.132476
0.133964
0.135051
0.137941
0.15166
5.65592e-05
5.70427e-05
5.69281e-05
5.68824e-05
5.6859e-05
5.68661e-05
5.68667e-05
5.68275e-05
5.67466e-05
5.66365e-05
5.65056e-05
5.63568e-05
5.61919e-05
5.6014e-05
5.69125e-05
5.84025e-05
5.73214e-05
5.53646e-05
5.50376e-05
5.48371e-05
5.46375e-05
5.44397e-05
5.4244e-05
5.40509e-05
5.38606e-05
5.36731e-05
5.34887e-05
5.33074e-05
5.3129e-05
5.29536e-05
5.27811e-05
5.26114e-05
5.24446e-05
5.22804e-05
5.21188e-05
5.19597e-05
5.18032e-05
5.16492e-05
5.14978e-05
5.13489e-05
5.12026e-05
5.10589e-05
5.09178e-05
5.07792e-05
5.06431e-05
5.05094e-05
5.0378e-05
5.02489e-05
5.01219e-05
4.9997e-05
4.98741e-05
4.9753e-05
4.96339e-05
4.95166e-05
4.94011e-05
4.92873e-05
4.91752e-05
4.90649e-05
4.89562e-05
4.88493e-05
4.87439e-05
4.86402e-05
4.85382e-05
4.84377e-05
4.83387e-05
4.82413e-05
4.81454e-05
4.8051e-05
4.79581e-05
4.78665e-05
4.77764e-05
4.76876e-05
4.76002e-05
4.7514e-05
4.74291e-05
4.73455e-05
4.7263e-05
4.71818e-05
4.71016e-05
4.70226e-05
4.69446e-05
4.68676e-05
4.67916e-05
4.67165e-05
4.66423e-05
4.6569e-05
4.64964e-05
4.64246e-05
4.63534e-05
4.62829e-05
4.6213e-05
4.61436e-05
4.60747e-05
4.60062e-05
4.5938e-05
4.58701e-05
4.58024e-05
4.57347e-05
4.56672e-05
4.55996e-05
4.55318e-05
4.54638e-05
4.53955e-05
4.53268e-05
4.52576e-05
4.51877e-05
4.5117e-05
4.50455e-05
4.49731e-05
4.48994e-05
4.48245e-05
4.47482e-05
4.46703e-05
4.45907e-05
4.45092e-05
4.44257e-05
4.43398e-05
4.42516e-05
4.41607e-05
4.4067e-05
4.39702e-05
4.38701e-05
4.37665e-05
4.36592e-05
4.35478e-05
4.34323e-05
4.33121e-05
4.31872e-05
4.30573e-05
4.2922e-05
4.2781e-05
4.2634e-05
4.24808e-05
4.23211e-05
4.21545e-05
4.19806e-05
4.17993e-05
4.16101e-05
4.14127e-05
4.12069e-05
4.09923e-05
4.07686e-05
4.05355e-05
4.02928e-05
4.00401e-05
3.97772e-05
4.0538e-05
4.19815e-05
4.3663e-05
4.56464e-05
4.80198e-05
5.09084e-05
5.44947e-05
5.51186e-05
5.34567e-05
5.17546e-05
5.00106e-05
4.8661e-05
4.72388e-05
4.57156e-05
4.40819e-05
4.23267e-05
4.04377e-05
3.84004e-05
3.61978e-05
3.44946e-05
3.42665e-05
3.40286e-05
3.37803e-05
3.35214e-05
3.32516e-05
3.29705e-05
3.26781e-05
3.23739e-05
3.20579e-05
3.17299e-05
3.13896e-05
3.10372e-05
3.06726e-05
3.02958e-05
2.9907e-05
2.95063e-05
2.9094e-05
2.86703e-05
2.97492e-05
3.11022e-05
3.22982e-05
3.33546e-05
3.42862e-05
3.51058e-05
3.58241e-05
3.64502e-05
3.69921e-05
3.74565e-05
3.78493e-05
3.81756e-05
3.84399e-05
3.86463e-05
3.87981e-05
3.88987e-05
3.89508e-05
3.89571e-05
3.89199e-05
3.88415e-05
3.8724e-05
3.78733e-05
3.48871e-05
3.22558e-05
2.99189e-05
2.78295e-05
2.59506e-05
2.42524e-05
2.27106e-05
2.13051e-05
2.00193e-05
1.8839e-05
1.77524e-05
1.67494e-05
1.58212e-05
1.49603e-05
1.41602e-05
1.3415e-05
1.27199e-05
1.20704e-05
1.14632e-05
1.08952e-05
1.03637e-05
9.86484e-06
9.39539e-06
8.95283e-06
8.53501e-06
8.17662e-06
7.92543e-06
7.68172e-06
7.44575e-06
7.21723e-06
6.99706e-06
6.78729e-06
6.57037e-06
6.35666e-06
6.1545e-06
5.95162e-06
5.75636e-06
5.5702e-06
5.39136e-06
5.21871e-06
5.05231e-06
4.89361e-06
4.74343e-06
4.59937e-06
4.45991e-06
4.32383e-06
4.19316e-06
4.06552e-06
3.94349e-06
3.82824e-06
3.71748e-06
3.61079e-06
3.50851e-06
3.41055e-06
3.31716e-06
3.22779e-06
3.14236e-06
3.06081e-06
2.98301e-06
2.90879e-06
2.83801e-06
2.77038e-06
2.70603e-06
2.64457e-06
2.58591e-06
2.52987e-06
2.47639e-06
2.42526e-06
2.37648e-06
2.32987e-06
2.28509e-06
2.24233e-06
2.20171e-06
2.16229e-06
2.12479e-06
2.08902e-06
2.05455e-06
2.02178e-06
1.99079e-06
1.96167e-06
1.93431e-06
1.90879e-06
1.8838e-06
1.87794e-06
1.8738e-06
1.8703e-06
1.87739e-06
1.89738e-06
1.92319e-06
1.95381e-06
1.98913e-06
2.02907e-06
2.07358e-06
2.12268e-06
2.17662e-06
2.23546e-06
2.29938e-06
2.37071e-06
2.4501e-06
2.53677e-06
2.63141e-06
2.73431e-06
2.84516e-06
2.96398e-06
3.09199e-06
3.23181e-06
3.38669e-06
3.55931e-06
3.75115e-06
3.963e-06
4.19631e-06
4.45467e-06
4.74292e-06
5.06577e-06
5.42798e-06
5.83454e-06
6.29052e-06
6.80131e-06
7.37293e-06
8.01172e-06
8.72451e-06
9.51845e-06
1.04012e-05
1.13801e-05
1.24626e-05
1.36562e-05
1.49682e-05
1.64047e-05
1.79705e-05
1.96694e-05
2.15059e-05
2.34761e-05
2.55911e-05
2.79321e-05
3.04209e-05
3.29369e-05
3.57423e-05
3.88164e-05
4.20997e-05
4.56033e-05
4.9383e-05
5.34859e-05
5.79321e-05
6.2742e-05
6.79307e-05
7.35116e-05
7.95049e-05
8.59241e-05
9.27586e-05
0.000100025
0.000107839
0.000116263
0.00012534
0.000135149
0.000145827
0.000157481
0.000170214
0.00018423
0.000199742
0.000216952
0.000236085
0.000257346
0.000280926
0.000307111
0.000336176
0.000368416
0.000404133
0.000443657
0.000487376
0.000535694
0.000589065
0.000648232
0.000713419
0.000785585
0.000865615
0.000954453
0.00105348
0.00116462
0.00129045
0.00143444
0.00160136
0.00179785
0.00203315
0.00232018
0.00267732
0.00313131
0.00372222
0.00451234
0.00559978
0.00714193
0.00940031
0.0126207
0.0163075
0.0199783
0.023461
0.0266996
0.0296869
0.0324308
0.0349474
0.0372533
0.0393629
0.0412936
0.0430708
0.0447257
0.0462826
0.0477579
0.0491634
0.0505071
0.0517945
0.0530319
0.0542264
0.0553834
0.0565052
0.0575932
0.058652
0.0596867
0.0607003
0.0616931
0.0626675
0.0636283
0.0645775
0.0655148
0.0664399
0.0673536
0.0682566
0.0691496
0.070033
0.0709067
0.0717706
0.072626
0.0734744
0.0743157
0.0751481
0.0759717
0.0767892
0.0776016
0.078408
0.0792075
0.080001
0.0807894
0.0815727
0.0823513
0.0831229
0.0838885
0.0846552
0.0854295
0.0861993
0.0869278
0.0876552
0.0884715
0.0891903
0.0900859
0.0910187
0.091843
0.0926201
0.0933647
0.0940635
0.0947581
0.0953963
0.0960025
0.096618
0.0972513
0.0978526
0.0984029
0.0989334
0.0994745
0.100018
0.100545
0.101047
0.101535
0.102008
0.102464
0.102901
0.103318
0.103718
0.104111
0.104484
0.104798
0.105034
0.105215
0.105381
0.105534
0.105653
0.105732
0.105774
0.105778
0.105747
0.10568
0.105574
0.105433
0.105259
0.105061
0.104835
0.104948
0.106157
0.107504
0.109018
0.108541
0.106385
0.104064
0.101783
0.101329
0.100845
0.100322
0.0997773
0.099217
0.098639
0.098044
0.0974382
0.0968233
0.0962123
0.0956351
0.0950858
0.094508
0.0939261
0.0933408
0.0927559
0.0921746
0.0915979
0.0910255
0.0904576
0.0898941
0.0893353
0.0887814
0.0882336
0.0876959
0.0871574
0.0867153
0.0876759
0.0885091
0.0891727
0.0897273
0.0893024
0.0873624
0.0856176
0.0840593
0.0826391
0.0816936
0.0812652
0.0808395
0.0804184
0.0800058
0.0796015
0.0792045
0.0788144
0.0784308
0.0780535
0.0776821
0.0773168
0.0769574
0.0766042
0.0762571
0.0759162
0.0755817
0.0752536
0.0749319
0.0746167
0.0743079
0.0740057
0.0737101
0.0734213
0.0731394
0.0728648
0.0725978
0.072339
0.0720889
0.0718485
0.0716189
0.0714016
0.0711983
0.0710115
0.0708441
0.0706997
0.0705829
0.0704992
0.0704552
0.0704588
0.0705191
0.0706464
0.0708524
0.0711494
0.0715502
0.0720674
0.0727123
0.073494
0.0744183
0.0754869
0.076696
0.0780368
0.0794952
0.0810524
0.0826865
0.0843739
0.0860904
0.0878136
0.089523
0.0912017
0.0928367
0.0944186
0.0959418
0.0974039
0.0988053
0.100149
0.10144
0.102677
0.103837
0.104919
0.106
0.107072
0.108111
0.109165
0.110301
0.111374
0.111354
0.112284
0.128904
7.40483e-05
7.42515e-05
7.36481e-05
7.33313e-05
7.3147e-05
7.30114e-05
7.28761e-05
7.27269e-05
7.25679e-05
7.24029e-05
7.22312e-05
7.20505e-05
7.18595e-05
7.16579e-05
7.14455e-05
7.1222e-05
7.09871e-05
7.07408e-05
7.04833e-05
7.02148e-05
6.99356e-05
6.96464e-05
6.93476e-05
6.904e-05
6.87242e-05
6.84011e-05
6.80713e-05
6.77357e-05
6.73951e-05
6.70503e-05
6.6702e-05
6.63509e-05
6.59978e-05
6.56435e-05
6.52885e-05
6.49334e-05
6.45788e-05
6.42253e-05
6.38734e-05
6.35236e-05
6.31762e-05
6.28317e-05
6.24904e-05
6.21525e-05
6.18183e-05
6.1488e-05
6.11615e-05
6.08392e-05
6.0521e-05
6.02069e-05
5.9897e-05
5.95913e-05
5.92899e-05
5.89926e-05
5.86995e-05
5.84106e-05
5.81257e-05
5.78449e-05
5.7568e-05
5.7295e-05
5.70258e-05
5.67604e-05
5.64986e-05
5.62404e-05
5.59855e-05
5.57341e-05
5.54858e-05
5.52406e-05
5.49985e-05
5.47592e-05
5.45227e-05
5.42888e-05
5.40574e-05
5.38283e-05
5.36015e-05
5.33769e-05
5.31542e-05
5.29334e-05
5.27143e-05
5.24968e-05
5.22807e-05
5.2066e-05
5.18525e-05
5.16401e-05
5.14285e-05
5.12178e-05
5.10077e-05
5.07982e-05
5.0589e-05
5.03801e-05
5.01713e-05
4.99625e-05
4.97535e-05
4.95442e-05
4.93345e-05
4.91242e-05
4.89132e-05
4.87013e-05
4.84884e-05
4.82744e-05
4.80591e-05
4.78424e-05
4.76242e-05
4.74043e-05
4.71825e-05
4.69588e-05
4.67329e-05
4.65049e-05
4.62744e-05
4.60414e-05
4.58058e-05
4.55673e-05
4.53259e-05
4.50815e-05
4.48339e-05
4.4583e-05
4.43286e-05
4.40706e-05
4.3809e-05
4.35435e-05
4.32741e-05
4.30008e-05
4.27232e-05
4.24414e-05
4.21553e-05
4.18648e-05
4.15697e-05
4.12701e-05
4.09657e-05
4.06566e-05
4.03428e-05
4.0024e-05
3.97004e-05
3.93719e-05
3.90383e-05
3.86999e-05
3.83564e-05
3.8008e-05
3.76546e-05
3.72962e-05
3.78861e-05
3.87502e-05
3.97135e-05
4.07919e-05
4.20054e-05
4.33782e-05
4.49409e-05
4.67324e-05
4.88023e-05
5.12156e-05
5.40586e-05
5.74488e-05
5.81766e-05
5.69343e-05
5.56866e-05
5.44343e-05
5.31784e-05
5.19194e-05
5.06582e-05
4.93956e-05
4.81324e-05
4.68696e-05
4.56081e-05
4.43487e-05
4.30921e-05
4.18394e-05
4.05912e-05
3.93484e-05
3.81118e-05
3.68823e-05
3.56605e-05
3.44472e-05
3.32432e-05
3.20491e-05
3.08655e-05
2.96932e-05
2.85326e-05
2.73844e-05
2.62491e-05
2.5127e-05
2.40188e-05
2.29246e-05
2.18449e-05
2.07799e-05
1.97298e-05
1.86949e-05
1.76752e-05
1.72511e-05
1.68668e-05
1.64874e-05
1.61129e-05
1.57436e-05
1.53794e-05
1.50204e-05
1.46669e-05
1.43188e-05
1.39763e-05
1.36394e-05
1.33083e-05
1.2983e-05
1.26636e-05
1.23501e-05
1.20425e-05
1.1741e-05
1.14456e-05
1.11562e-05
1.08728e-05
1.05955e-05
1.03242e-05
1.00589e-05
9.7996e-06
9.54618e-06
9.29862e-06
9.05689e-06
8.82093e-06
8.59068e-06
8.36608e-06
8.14705e-06
7.93346e-06
7.72519e-06
7.52222e-06
7.32479e-06
7.13355e-06
6.94906e-06
6.77072e-06
6.59764e-06
6.42939e-06
6.3363e-06
6.3886e-06
6.42935e-06
6.45919e-06
6.47881e-06
6.48964e-06
6.49291e-06
6.48919e-06
6.47939e-06
6.46279e-06
6.44186e-06
6.41814e-06
6.39358e-06
6.36609e-06
6.3303e-06
6.28787e-06
6.24301e-06
6.20101e-06
6.16333e-06
6.12463e-06
6.08354e-06
6.04003e-06
5.99417e-06
5.94615e-06
5.89628e-06
5.84359e-06
5.79015e-06
5.73675e-06
5.68204e-06
5.62717e-06
5.57374e-06
5.38181e-06
4.62578e-06
4.06446e-06
3.62661e-06
3.27439e-06
2.98746e-06
2.78452e-06
2.74449e-06
2.70695e-06
2.6718e-06
2.63906e-06
2.60853e-06
2.58013e-06
2.55382e-06
2.52961e-06
2.50754e-06
2.48786e-06
2.4705e-06
2.45503e-06
2.44128e-06
2.42843e-06
2.41506e-06
2.40142e-06
2.38655e-06
2.36928e-06
2.34974e-06
2.33177e-06
2.32048e-06
2.32029e-06
2.32943e-06
2.34183e-06
2.35741e-06
2.37365e-06
2.3923e-06
2.41372e-06
2.4373e-06
2.46314e-06
2.49192e-06
2.52445e-06
2.56171e-06
2.60507e-06
2.65645e-06
2.71834e-06
2.79346e-06
2.88438e-06
2.9934e-06
3.12244e-06
3.27109e-06
3.43526e-06
3.61552e-06
3.81513e-06
4.0384e-06
4.28976e-06
4.57287e-06
4.88973e-06
5.24008e-06
5.62181e-06
6.03679e-06
6.48843e-06
6.97998e-06
7.51478e-06
8.09628e-06
8.72818e-06
9.41426e-06
1.01587e-05
1.09659e-05
1.18384e-05
1.279e-05
1.38232e-05
1.49431e-05
1.6156e-05
1.74683e-05
1.88869e-05
2.04197e-05
2.20748e-05
2.38606e-05
2.57855e-05
2.7857e-05
3.00828e-05
3.24617e-05
3.50107e-05
3.78356e-05
4.08488e-05
4.37847e-05
4.68574e-05
5.00568e-05
5.32394e-05
5.64547e-05
6.03587e-05
6.52868e-05
7.06343e-05
7.62728e-05
8.21786e-05
8.83552e-05
9.48492e-05
0.000101694
0.00010887
0.000116324
0.000124015
0.000131988
0.00014033
0.000149065
0.000158053
0.000167055
0.000176559
0.000186463
0.000196771
0.000207596
0.000219006
0.000230984
0.00024349
0.00025648
0.000269861
0.000283545
0.000297513
0.000311882
0.000326726
0.000341996
0.000357688
0.000373869
0.000390354
0.000407381
0.00042502
0.000443251
0.000462125
0.00048176
0.000502308
0.000523955
0.000546952
0.000571667
0.000598615
0.000628534
0.000662499
0.00070207
0.000749525
0.000808156
0.000882651
0.000979507
0.00110693
0.00127404
0.00149178
0.00177574
0.00214834
0.00264249
0.00330724
0.0042157
0.00547537
0.00723509
0.00969409
0.0130912
0.0173337
0.0214651
0.0250854
0.0281748
0.0308161
0.0331132
0.0351522
0.0369936
0.0386814
0.040247
0.0417104
0.0430842
0.044378
0.0455997
0.0467537
0.0478424
0.0488731
0.04986
0.0508159
0.0517464
0.0526536
0.0535392
0.0544047
0.0552517
0.0560815
0.056895
0.0576931
0.0584777
0.0592508
0.0600129
0.0607636
0.0615037
0.0622352
0.0629586
0.0636736
0.0643799
0.0650788
0.065771
0.0664563
0.067135
0.0678062
0.068471
0.0691343
0.0698006
0.0704627
0.071097
0.0717325
0.0724385
0.0730874
0.0738825
0.0747233
0.0755125
0.0762886
0.0770493
0.0777784
0.0785007
0.0791742
0.0798321
0.0804814
0.0811319
0.0817495
0.0823205
0.0828647
0.0834017
0.0839251
0.0844218
0.0848923
0.0853421
0.0857714
0.086179
0.0865631
0.0869218
0.0872537
0.0875587
0.0878383
0.0880957
0.0883268
0.0885222
0.0886818
0.0888121
0.0889129
0.0889815
0.0890189
0.0890268
0.0890075
0.0889622
0.0888903
0.0887917
0.0886676
0.0885202
0.0883531
0.0881712
0.0879744
0.08776
0.0875013
0.0872023
0.0868892
0.0865632
0.0862244
0.0858734
0.0855066
0.0851249
0.0847309
0.084326
0.08391
0.0834868
0.0830633
0.0826389
0.0822104
0.0817824
0.081355
0.0809176
0.0804755
0.0800361
0.0795972
0.0791573
0.0787174
0.0782784
0.0778404
0.0774026
0.076964
0.0765301
0.0761052
0.0756837
0.0752615
0.0748365
0.0744112
0.0739915
0.0735802
0.0731817
0.0728003
0.0724303
0.0720637
0.0716985
0.0713331
0.0709662
0.0706002
0.0702377
0.0698788
0.0695233
0.0691714
0.068823
0.0684781
0.0681369
0.0677992
0.0674655
0.0671354
0.0668082
0.0664842
0.0661633
0.0658449
0.0655289
0.0652151
0.0649022
0.0645899
0.0642795
0.0639714
0.0636654
0.0633618
0.063061
0.0627633
0.062469
0.0621783
0.0618916
0.061609
0.061331
0.0610583
0.0607917
0.0605314
0.0602781
0.0600326
0.0597961
0.0595697
0.0593551
0.0591539
0.0589683
0.0588007
0.0586541
0.0585318
0.0584374
0.0583747
0.058348
0.0583615
0.0584192
0.0585251
0.0586827
0.0588951
0.0591647
0.0594931
0.0598812
0.0603289
0.0608355
0.0613995
0.0620186
0.06269
0.0634105
0.0641768
0.0649854
0.0658334
0.0667179
0.0676369
0.0685914
0.0695874
0.0706287
0.0717167
0.0728212
0.0738274
0.0746435
0.0752614
0.0757591
0.0761839
0.0769475
0.0781118
0.0929834
0.000107022
0.000107725
0.000107119
0.00010673
0.000106399
0.000106099
0.000105764
0.000105347
0.000104847
0.00010428
0.000103656
0.000102979
0.00010225
0.000101477
0.000100664
9.98181e-05
9.89445e-05
9.80481e-05
9.71338e-05
9.62063e-05
9.52698e-05
9.4328e-05
9.33846e-05
9.24423e-05
9.15035e-05
9.32728e-05
9.49609e-05
9.64282e-05
9.53484e-05
9.2336e-05
8.96276e-05
8.7167e-05
8.49124e-05
8.35557e-05
8.27479e-05
8.19572e-05
8.11837e-05
8.04277e-05
7.96891e-05
7.89678e-05
7.82636e-05
7.75764e-05
7.6906e-05
7.6252e-05
7.56142e-05
7.49922e-05
7.43857e-05
7.37942e-05
7.32174e-05
7.26548e-05
7.21062e-05
7.1571e-05
7.10489e-05
7.05395e-05
7.00425e-05
6.95573e-05
6.90837e-05
6.86213e-05
6.81697e-05
6.77286e-05
6.72976e-05
6.68763e-05
6.64645e-05
6.60619e-05
6.5668e-05
6.52826e-05
6.49054e-05
6.45361e-05
6.41743e-05
6.38199e-05
6.34726e-05
6.3132e-05
6.2798e-05
6.24701e-05
6.21482e-05
6.18322e-05
6.15216e-05
6.12162e-05
6.09159e-05
6.06204e-05
6.03294e-05
6.00428e-05
5.97603e-05
5.94817e-05
5.92069e-05
5.89355e-05
5.86674e-05
5.84024e-05
5.81403e-05
5.78809e-05
5.7624e-05
5.73693e-05
5.71168e-05
5.68662e-05
5.66174e-05
5.63701e-05
5.61242e-05
5.58794e-05
5.56357e-05
5.53927e-05
5.51505e-05
5.49086e-05
5.4667e-05
5.44254e-05
5.48761e-05
5.53946e-05
5.59559e-05
5.65629e-05
5.72193e-05
5.79288e-05
5.86958e-05
5.95252e-05
6.04225e-05
6.13941e-05
6.24468e-05
6.35888e-05
6.48293e-05
6.61787e-05
6.76491e-05
6.92547e-05
7.10116e-05
7.29388e-05
7.50586e-05
7.73974e-05
7.99866e-05
8.28635e-05
8.60736e-05
8.96719e-05
9.09909e-05
9.03272e-05
8.96489e-05
8.89566e-05
8.82501e-05
8.75292e-05
8.67937e-05
8.60436e-05
8.52786e-05
8.44988e-05
8.3704e-05
8.28944e-05
8.20699e-05
8.12305e-05
8.03762e-05
7.95072e-05
7.86233e-05
7.77249e-05
7.6812e-05
7.58847e-05
7.49434e-05
7.39881e-05
7.3019e-05
7.20366e-05
7.10411e-05
7.00329e-05
6.90122e-05
6.79796e-05
6.69353e-05
6.58798e-05
6.48137e-05
6.37374e-05
6.26514e-05
6.15563e-05
6.04526e-05
5.9341e-05
5.82222e-05
5.70969e-05
5.59659e-05
5.48298e-05
5.36896e-05
5.25459e-05
5.13997e-05
5.02517e-05
4.91028e-05
4.79539e-05
4.68058e-05
4.56594e-05
4.45156e-05
4.33753e-05
4.22393e-05
4.11084e-05
3.99836e-05
3.88655e-05
3.77552e-05
3.66532e-05
3.55604e-05
3.44775e-05
3.34052e-05
3.23442e-05
3.1295e-05
3.02583e-05
2.92347e-05
2.82247e-05
2.72288e-05
2.62474e-05
2.5281e-05
2.433e-05
2.33947e-05
2.24753e-05
2.15722e-05
2.06857e-05
1.98157e-05
1.89626e-05
1.81265e-05
1.73073e-05
1.65052e-05
1.57202e-05
1.49521e-05
1.4201e-05
1.34668e-05
1.2749e-05
1.20479e-05
1.13633e-05
1.06946e-05
1.0076e-05
9.77802e-06
9.48628e-06
9.20079e-06
8.92157e-06
8.64863e-06
8.38198e-06
8.1216e-06
7.86747e-06
7.61957e-06
7.37784e-06
7.14223e-06
6.91269e-06
6.68915e-06
6.47155e-06
6.25981e-06
6.05385e-06
5.8536e-06
5.65902e-06
5.47009e-06
5.28672e-06
5.10881e-06
4.93628e-06
4.76902e-06
4.607e-06
4.44975e-06
4.29705e-06
4.14923e-06
4.00632e-06
3.8683e-06
3.73507e-06
3.60653e-06
3.48256e-06
3.36303e-06
3.24784e-06
3.13694e-06
3.08156e-06
3.11281e-06
3.13655e-06
3.15151e-06
3.17008e-06
3.18048e-06
3.1949e-06
3.21268e-06
3.23181e-06
3.25236e-06
3.16258e-06
2.63893e-06
2.27826e-06
2.0443e-06
2.00448e-06
1.96971e-06
1.9398e-06
1.9145e-06
1.89358e-06
1.87689e-06
1.86412e-06
1.85506e-06
1.84945e-06
1.84707e-06
1.84742e-06
1.84966e-06
1.85279e-06
1.85953e-06
1.87866e-06
1.90544e-06
1.93625e-06
1.97078e-06
2.00871e-06
2.04999e-06
2.09533e-06
2.14476e-06
2.19792e-06
2.25985e-06
2.35166e-06
2.44978e-06
2.56616e-06
2.72374e-06
2.93067e-06
3.11027e-06
3.22623e-06
3.31875e-06
3.43511e-06
3.60868e-06
3.80512e-06
3.98228e-06
4.12992e-06
4.26238e-06
4.44615e-06
4.74957e-06
5.12126e-06
5.54436e-06
6.01066e-06
6.5147e-06
7.05515e-06
7.63527e-06
8.2619e-06
8.94394e-06
9.69111e-06
1.05125e-05
1.14161e-05
1.2408e-05
1.34934e-05
1.46762e-05
1.59603e-05
1.73494e-05
1.88482e-05
2.04614e-05
2.21942e-05
2.40512e-05
2.60365e-05
2.81524e-05
3.04001e-05
3.27788e-05
3.52865e-05
3.79198e-05
4.06749e-05
4.35481e-05
4.65362e-05
4.9637e-05
5.28491e-05
5.6172e-05
5.96067e-05
6.31549e-05
6.68437e-05
7.13862e-05
7.63892e-05
8.18214e-05
8.74776e-05
9.3757e-05
0.000100759
0.000108516
0.000117164
0.000126924
0.000138099
0.000151147
0.000166722
0.000176226
0.000176394
0.00017569
0.000173482
0.000168459
0.000167927
0.000174377
0.000181004
0.000188235
0.000196019
0.000204321
0.000213075
0.000222303
0.000232061
0.000241764
0.000251505
0.000261426
0.000271595
0.000282069
0.000292847
0.000303859
0.000314972
0.000325621
0.000334719
0.000343384
0.000352262
0.000361319
0.000370544
0.000379649
0.000388842
0.000398168
0.000407537
0.000416848
0.000426088
0.000435284
0.000444464
0.000453651
0.000462913
0.000472432
0.000482216
0.00049229
0.000502697
0.000513498
0.000524769
0.000536602
0.000549115
0.000562464
0.000576873
0.000592685
0.000610412
0.000630785
0.000654855
0.000684137
0.000720751
0.000767581
0.000828458
0.00090813
0.0010114
0.00114147
0.00130005
0.00148895
0.00171106
0.00197124
0.00227676
0.00263813
0.00307053
0.00359585
0.00424533
0.00506295
0.00610962
0.00746811
0.00924404
0.0115581
0.0145452
0.0182835
0.022298
0.0259218
0.0290043
0.0315803
0.0337366
0.0355637
0.0371395
0.0385254
0.0397687
0.0409052
0.0419572
0.0429421
0.0438687
0.0447426
0.0455692
0.0463534
0.0470979
0.0478044
0.0484864
0.0491525
0.0498046
0.050438
0.0510456
0.0516252
0.0521849
0.0527326
0.0532714
0.0537984
0.0543043
0.0548113
0.0553641
0.0558849
0.0564995
0.0571383
0.0577458
0.0583492
0.0589434
0.0595168
0.0600869
0.0606361
0.0612114
0.0617922
0.062375
0.0629302
0.0634489
0.0639425
0.0644215
0.0648814
0.0653138
0.0657186
0.0660988
0.0664544
0.0667849
0.0670892
0.0673664
0.0676157
0.0678367
0.0680295
0.0681934
0.0683261
0.0684254
0.0684921
0.0685322
0.0685441
0.0685232
0.0684654
0.068378
0.0682678
0.0681311
0.0679663
0.0677743
0.0675557
0.067312
0.0670443
0.0667533
0.0664434
0.066124
0.0657976
0.0654644
0.0651395
0.0648196
0.0644962
0.0641697
0.0638412
0.0635118
0.0631817
0.0628498
0.0625158
0.0621822
0.061852
0.0615252
0.0612
0.0608778
0.0605571
0.0602365
0.0599136
0.059594
0.059277
0.0589619
0.0586496
0.0583431
0.0580427
0.057728
0.0578388
0.0592644
0.0584295
0.0566023
0.0563182
0.0560767
0.0558269
0.0555794
0.055339
0.0551039
0.0548726
0.0546443
0.0544185
0.0541948
0.0539731
0.0537532
0.0535346
0.0533172
0.0531005
0.052884
0.052667
0.0524487
0.0522285
0.0520083
0.0517776
0.0515333
0.0523622
0.0531113
0.0537052
0.0541844
0.0545706
0.0548731
0.0551
0.0552719
0.0546289
0.0535821
0.0526323
0.0517635
0.05096
0.0502087
0.0494931
0.048812
0.048155
0.0475182
0.0469007
0.046301
0.0457155
0.045254
0.0449377
0.0446182
0.0442962
0.0439726
0.0436468
0.0433187
0.0429891
0.0426573
0.0423224
0.0419841
0.0416423
0.0412966
0.0409468
0.0405931
0.0402352
0.0398732
0.039507
0.0391366
0.0387617
0.0383823
0.0379982
0.0376091
0.0372149
0.0368152
0.03641
0.035997
0.0355728
0.0351373
0.0346926
0.0342391
0.0337767
0.0333039
0.0328207
0.0323281
0.0318273
0.0313032
0.030696
0.0300378
0.02945
0.0290238
0.0288412
0.0289078
0.029268
0.0304841
0.0312018
0.0387481
0.000162753
0.000163211
0.000161863
0.000160834
0.000159944
0.000159294
0.00015871
0.000158232
0.000157966
0.000158049
0.000158063
0.000153466
0.000147471
0.000145453
0.000143387
0.000141287
0.000139165
0.000137032
0.000134898
0.000132771
0.00013066
0.000128571
0.000126509
0.000124478
0.000122484
0.000120527
0.000118611
0.000116738
0.000114909
0.000113124
0.000111385
0.00010969
0.00010804
0.000106435
0.000104874
0.000103357
0.000101882
0.000100449
9.9056e-05
9.77032e-05
9.63892e-05
9.51127e-05
9.38728e-05
9.26681e-05
9.14976e-05
9.03602e-05
8.92549e-05
8.81804e-05
8.71357e-05
8.61197e-05
8.51314e-05
8.41698e-05
8.32338e-05
8.23227e-05
8.14355e-05
8.05711e-05
7.97287e-05
7.89075e-05
7.81067e-05
7.73255e-05
7.65632e-05
7.58188e-05
7.50919e-05
7.43816e-05
7.36874e-05
7.30084e-05
7.23442e-05
7.16941e-05
7.10575e-05
7.04338e-05
6.98226e-05
6.92232e-05
6.86352e-05
6.8058e-05
6.74911e-05
6.69342e-05
6.63868e-05
6.58483e-05
6.53184e-05
6.47966e-05
6.42826e-05
6.3776e-05
6.32763e-05
6.27833e-05
6.22964e-05
6.18155e-05
6.13401e-05
6.087e-05
6.04047e-05
5.99441e-05
5.94877e-05
5.90352e-05
5.85865e-05
5.81412e-05
5.76989e-05
5.72595e-05
5.68227e-05
5.63882e-05
5.59558e-05
5.55252e-05
5.50961e-05
5.46683e-05
5.42417e-05
5.3816e-05
5.33909e-05
5.29663e-05
5.25419e-05
5.22509e-05
5.30362e-05
5.38782e-05
5.4781e-05
5.57494e-05
5.67884e-05
5.79039e-05
5.91021e-05
6.03902e-05
6.17761e-05
6.32686e-05
6.48778e-05
6.66147e-05
6.84923e-05
7.05247e-05
7.27286e-05
7.51227e-05
7.77286e-05
8.05716e-05
8.36809e-05
8.4769e-05
8.41546e-05
8.35303e-05
8.28958e-05
8.22507e-05
8.15947e-05
8.09272e-05
8.02481e-05
7.95568e-05
7.88531e-05
7.81367e-05
7.74074e-05
7.66649e-05
7.5909e-05
7.51394e-05
7.43558e-05
7.35582e-05
7.27466e-05
7.19206e-05
7.10804e-05
7.02259e-05
6.93572e-05
6.84744e-05
6.75776e-05
6.66669e-05
6.57427e-05
6.48052e-05
6.38548e-05
6.28919e-05
6.19168e-05
6.09301e-05
5.99324e-05
5.89243e-05
5.79063e-05
5.68793e-05
5.58439e-05
5.4801e-05
5.37517e-05
5.26969e-05
5.16376e-05
5.05747e-05
4.95094e-05
4.84427e-05
4.73757e-05
4.63096e-05
4.52453e-05
4.41841e-05
4.3127e-05
4.2075e-05
4.10293e-05
3.9991e-05
3.89609e-05
3.79402e-05
3.69297e-05
3.59303e-05
3.49429e-05
3.39683e-05
3.30073e-05
3.20604e-05
3.11284e-05
3.02119e-05
2.93113e-05
2.84272e-05
2.75599e-05
2.67098e-05
2.58772e-05
2.50624e-05
2.42658e-05
2.34874e-05
2.27273e-05
2.19856e-05
2.12622e-05
2.05572e-05
1.98705e-05
1.9202e-05
1.85516e-05
1.79192e-05
1.73045e-05
1.67075e-05
1.61279e-05
1.55654e-05
1.50199e-05
1.44911e-05
1.39787e-05
1.34823e-05
1.30017e-05
1.25365e-05
1.20863e-05
1.16509e-05
1.123e-05
1.0823e-05
1.04298e-05
1.00499e-05
9.68306e-06
9.3288e-06
8.98681e-06
8.65674e-06
8.33823e-06
8.03093e-06
7.7345e-06
7.44858e-06
7.17285e-06
6.90698e-06
6.65078e-06
6.40402e-06
6.1664e-06
5.93763e-06
5.71742e-06
5.50549e-06
5.30156e-06
5.10538e-06
4.91672e-06
4.73535e-06
4.5722e-06
4.46339e-06
4.35784e-06
4.25545e-06
4.15615e-06
4.05987e-06
3.96652e-06
3.87605e-06
3.78838e-06
3.70343e-06
3.62142e-06
3.54113e-06
3.47034e-06
3.4134e-06
3.37374e-06
3.35897e-06
3.36733e-06
3.39212e-06
3.42919e-06
3.47307e-06
3.51835e-06
3.55561e-06
3.57218e-06
3.55126e-06
3.47074e-06
3.3014e-06
3.00477e-06
2.52101e-06
1.73554e-06
1.65576e-06
1.64407e-06
2.28642e-06
1.59408e-06
1.55954e-06
1.53498e-06
1.51279e-06
1.49286e-06
1.57578e-06
1.65651e-06
1.72519e-06
1.78741e-06
1.84659e-06
1.90584e-06
1.96811e-06
2.036e-06
2.11063e-06
2.19554e-06
2.2922e-06
2.40674e-06
2.53935e-06
2.68406e-06
2.83187e-06
2.97871e-06
3.12507e-06
3.26971e-06
3.40768e-06
3.53265e-06
3.64661e-06
3.76816e-06
3.94865e-06
4.3457e-06
4.97336e-06
5.81238e-06
6.68257e-06
7.39104e-06
8.11143e-06
8.92053e-06
9.85607e-06
1.09398e-05
1.21844e-05
1.36049e-05
1.52216e-05
1.70501e-05
1.90974e-05
2.13677e-05
2.38591e-05
2.6563e-05
2.9467e-05
3.25562e-05
3.5815e-05
3.92289e-05
4.27853e-05
4.64741e-05
5.02895e-05
5.42237e-05
5.82438e-05
6.23633e-05
6.65996e-05
7.09685e-05
7.54865e-05
8.01726e-05
8.50495e-05
9.01439e-05
9.54873e-05
0.000101117
0.000107074
0.00011342
0.000120148
0.00012749
0.000135699
0.000144909
0.000154798
0.000166285
0.000179647
0.000194844
0.00021199
0.000231417
0.000253589
0.000279153
0.000309104
0.000345046
0.000369376
0.00037412
0.000375371
0.000372615
0.000364992
0.000351522
0.000331377
0.000309735
0.00032075
0.000331398
0.000341783
0.000351964
0.000361931
0.000371657
0.000381183
0.000390483
0.000399533
0.000408412
0.000417176
0.000425746
0.00043402
0.000441946
0.000449562
0.000456904
0.000463908
0.000470985
0.000477961
0.000485362
0.000493276
0.000501201
0.000508954
0.000516688
0.000524557
0.00053261
0.000540834
0.000549213
0.000557771
0.000566536
0.000575535
0.000584796
0.000594349
0.000604225
0.000614454
0.000625066
0.000636091
0.000647556
0.000659482
0.000671885
0.000684768
0.000698116
0.000711922
0.000726188
0.000740904
0.000756034
0.000771534
0.000787374
0.000803537
0.000819967
0.000836577
0.000858966
0.000883331
0.000905842
0.000929264
0.000954177
0.000981057
0.00101055
0.00104354
0.00108114
0.00112491
0.00117703
0.00124035
0.00131841
0.00141499
0.00153334
0.00167554
0.00184463
0.00204507
0.00228114
0.00255568
0.00287145
0.00323114
0.00363813
0.00409908
0.00463043
0.00525662
0.00598323
0.00682322
0.00778835
0.008888
0.0101147
0.0114637
0.0129382
0.0145399
0.0162724
0.0180774
0.0198714
0.0216115
0.0232745
0.0248374
0.0262875
0.0276109
0.0287966
0.0298396
0.0307628
0.0316344
0.0324392
0.033232
0.0339833
0.0346689
0.0353
0.035862
0.0363212
0.0366999
0.0371351
0.0379252
0.0389179
0.0399764
0.0409873
0.0419373
0.0428485
0.0437282
0.0445699
0.0453668
0.0461171
0.0468204
0.0474746
0.0480776
0.048627
0.0491209
0.0495576
0.0499421
0.0502898
0.0506009
0.0521693
0.0539264
0.0557426
0.0577119
0.0599546
0.062536
0.0654148
0.0684856
0.0686495
0.0679806
0.0672156
0.0663128
0.0652714
0.0640951
0.0627793
0.0613135
0.0596879
0.0577609
0.0557893
0.0543988
0.0533968
0.0523703
0.0512756
0.050188
0.0491309
0.0480784
0.0470144
0.0459358
0.0448381
0.0437166
0.0425671
0.041354
0.0402769
0.0399577
0.0396537
0.0393555
0.0390609
0.0387772
0.0385037
0.0382376
0.0379781
0.0377254
0.0374797
0.0372417
0.0370126
0.036789
0.036568
0.0363531
0.0361465
0.0359469
0.0357532
0.0355651
0.0353823
0.0352067
0.035033
0.0348589
0.0354654
0.0361738
0.0367729
0.0372873
0.0377313
0.0381134
0.038441
0.0387208
0.0389584
0.039158
0.0393228
0.0394554
0.0395578
0.0396318
0.0396791
0.0396998
0.0396945
0.0396638
0.0396065
0.0395196
0.0393984
0.0389171
0.0382665
0.0376534
0.0370611
0.0364699
0.0358628
0.0352598
0.0347292
0.0342807
0.0338614
0.0334525
0.0330507
0.032656
0.0322681
0.0318866
0.0315114
0.031141
0.0307723
0.0304049
0.0300456
0.029701
0.0293552
0.0289761
0.0285638
0.0281411
0.0277053
0.0272473
0.026778
0.0263095
0.0258445
0.0253828
0.0249231
0.0244642
0.0240052
0.0235454
0.0230843
0.0226215
0.0221574
0.0216934
0.0212203
0.020723
0.0204946
0.0206327
0.0208083
0.021011
0.0212419
0.021506
0.02179
0.0220504
0.0223503
0.0229883
0.0239828
0.0253586
0.0268272
0.0273755
0.025596
0.0216592
0.0168917
0.0150974
0.013696
0.0161339
0.000455607
0.00046311
0.000463318
0.000456037
0.000438719
0.000411366
0.000385699
0.000367968
0.000350506
0.000333781
0.000318009
0.000303242
0.00028948
0.000276696
0.000264846
0.00025387
0.000243702
0.000234276
0.000225531
0.000217408
0.000209853
0.000202817
0.000196254
0.000190125
0.000184391
0.00017902
0.000173982
0.000169249
0.000164798
0.000160607
0.000156654
0.000152923
0.000149397
0.000146062
0.000142903
0.000139908
0.000137066
0.000134368
0.000131803
0.000129362
0.000127039
0.000124826
0.000122716
0.000120703
0.000119679
0.000119719
0.00011976
0.000119802
0.000119849
0.000119905
0.000119969
0.000120045
0.000120134
0.000120238
0.000120357
0.000120494
0.000120649
0.000120825
0.000121021
0.000121238
0.000121479
0.000121744
0.000122033
0.000122349
0.000122691
0.000123061
0.000123459
0.000123888
0.000124347
0.000124838
0.000125362
0.00012592
0.000126513
0.000127142
0.000127809
0.000128515
0.000129261
0.00013005
0.000130881
0.000131758
0.000132681
0.000133653
0.000134676
0.000135751
0.000136882
0.00013807
0.000139318
0.000140629
0.000142006
0.000143453
0.000144972
0.000146568
0.000148245
0.000150008
0.000151861
0.00015381
0.000155861
0.000158021
0.000160297
0.000162697
0.00016523
0.000167906
0.000170735
0.000173731
0.000176908
0.00018028
0.000183866
0.000187687
0.000191765
0.000196127
0.000200805
0.000205833
0.000211255
0.00021712
0.000223486
0.000230424
0.000238018
0.000246373
0.000255614
0.000265897
0.000277419
0.000290426
0.000305231
0.00032223
0.000341922
0.000364911
0.000391835
0.000423073
0.000457399
0.000465483
0.000473518
0.00048147
0.000489265
0.000496799
0.000503951
0.000510572
0.000516485
0.000521477
0.000525304
0.000527689
0.000528336
0.000526934
0.000523177
0.000516777
0.000507487
0.000495118
0.000479553
0.000460765
0.000438823
0.000413895
0.000386248
0.00035624
0.00032431
0.000290956
0.000256712
0.000222119
0.000187695
0.000153917
0.000121193
8.98467e-05
6.84963e-05
6.54923e-05
6.26199e-05
5.98804e-05
5.72656e-05
5.47689e-05
6.73808e-05
7.92999e-05
8.93659e-05
9.78373e-05
0.000104927
0.000110812
0.000115641
0.000119541
0.000122618
0.000124965
0.000126666
0.00012779
0.000128402
0.000128558
0.000128309
0.000127702
0.000126777
0.000125574
0.000124125
0.000122464
0.000120617
0.000118613
0.000116473
0.00011422
0.000111873
0.00010945
0.000106967
0.000104439
0.000101879
9.92985e-05
9.67077e-05
9.41161e-05
9.1532e-05
8.89627e-05
8.64145e-05
8.38932e-05
8.14034e-05
7.89495e-05
7.6535e-05
7.41629e-05
7.18357e-05
6.95556e-05
6.73242e-05
6.51428e-05
6.30124e-05
6.09337e-05
5.89073e-05
5.69333e-05
5.50119e-05
5.31429e-05
5.13259e-05
4.95607e-05
4.78467e-05
4.61833e-05
4.45697e-05
4.30051e-05
4.14887e-05
4.00196e-05
3.85967e-05
3.72192e-05
3.58861e-05
3.45962e-05
3.33485e-05
3.21419e-05
3.09755e-05
2.98481e-05
2.87586e-05
2.77061e-05
2.66894e-05
2.57075e-05
2.47594e-05
2.38443e-05
2.29629e-05
2.21142e-05
2.12956e-05
2.05058e-05
1.97438e-05
1.90089e-05
1.83e-05
1.76163e-05
1.69572e-05
1.63211e-05
1.57104e-05
1.51169e-05
1.45773e-05
1.40663e-05
1.41524e-05
1.17702e-05
2.05957e-06
2.23952e-06
3.69551e-06
3.55906e-06
2.71769e-06
1.91464e-06
1.37199e-06
1.01947e-06
7.85999e-07
6.25886e-07
5.12025e-07
4.28311e-07
3.99572e-07
3.847e-07
3.73471e-07
4.50793e-07
6.11601e-07
5.43908e-07
4.74365e-07
4.02289e-07
3.68183e-07
3.77664e-07
3.89493e-07
4.04537e-07
4.25384e-07
4.51539e-07
6.51593e-07
9.42113e-07
1.26807e-06
1.62829e-06
1.98889e-06
2.21507e-06
2.19314e-06
2.40136e-06
9.50718e-06
6.79359e-06
1.15892e-05
1.22137e-05
1.23522e-05
1.23932e-05
1.22965e-05
1.20871e-05
1.17433e-05
1.12212e-05
1.04781e-05
9.47766e-06
8.53866e-06
9.91008e-06
1.59429e-05
3.02746e-05
5.13482e-05
8.04435e-05
0.000185046
0.000362985
0.000691849
0.00133491
0.00250362
0.00431652
0.00662178
0.00872938
0.0105685
0.0123146
0.0138659
0.0151531
0.0161455
0.0168428
0.0172684
0.0174593
0.0174349
0.0172999
0.0170816
0.0147211
0.0127146
0.0112206
0.0100694
0.00915372
0.00840794
0.00778767
0.00726197
0.00680895
0.00641555
0.00606045
0.00579362
0.00543431
0.00532504
0.0163415
0.0240661
0.0268685
0.0262754
0.0255158
0.0255906
0.0257226
0.0255279
0.0251533
0.0247414
0.0242943
0.0237742
0.0231653
0.0224792
0.0217251
0.0208885
0.0199563
0.0189413
0.0178371
0.0165793
0.0151629
0.0136644
0.0120596
0.0102864
0.00822325
0.00620002
0.00626983
0.00635476
0.00641442
0.00644081
0.00889914
0.0115776
0.0140209
0.0162453
0.0183294
0.020234
0.0219539
0.0210254
0.00476135
0.00275889
0.00244909
0.00259092
0.00276338
0.00282049
0.00283461
0.00287281
0.00293468
0.00300042
0.00306346
0.00312763
0.00319627
0.00326947
0.00334636
0.0034268
0.00351114
0.00359974
0.00369278
0.00379041
0.00389284
0.0040003
0.00411302
0.00423129
0.00435552
0.00448619
0.00462369
0.0047684
0.00492085
0.00508173
0.00525177
0.00543161
0.00562193
0.00582364
0.00603774
0.00626517
0.00650671
0.00676323
0.0070358
0.00732539
0.00763238
0.00795615
0.00829479
0.00864309
0.00899118
0.00931296
0.0094551
0.0102726
0.0157516
0.0283281
0.0458887
0.0647325
0.0802023
0.0929223
0.103333
0.115508
0.144097
0.207836
0.302821
0.322509
0.331188
0.33741
0.322309
0.230229
0.107597
0.0760703
0.0934546
0.228268
0.317442
0.256571
0.14675
0.103672
0.0835706
0.0781936
0.0750542
0.0723701
0.0699004
0.0675192
0.0652841
0.0631699
0.0612521
0.0594956
0.0578929
0.056519
0.055434
0.0526313
0.0370491
0.0289414
0.14708
0.206078
0.216978
0.226873
0.233267
0.235904
0.23771
0.239698
0.24156
0.243087
0.244316
0.245279
0.245949
0.246278
0.246224
0.245706
0.244317
0.242057
0.238474
0.234683
0.231349
0.21924
0.168444
0.147866
0.137987
0.166148
0.223933
0.262264
0.288326
0.303753
0.312072
0.316358
0.318425
0.319647
0.321047
0.31797
0.304869
0.0593661
0.029583
0.0270077
0.0273909
0.0279038
0.0278517
0.0276627
0.0275954
0.0276067
0.0276214
0.0276333
0.0276598
0.0277059
0.0277677
0.0278453
0.0279386
0.0280454
0.0281683
0.0283076
0.0284616
0.0286292
0.0288107
0.029006
0.0292147
0.0294361
0.0296699
0.0299156
0.0301725
0.0304405
0.030719
0.0310078
0.0313062
0.0316141
0.0319303
0.0322515
0.0327815
0.0333888
0.0340232
0.0346862
0.0353805
0.0361085
0.0368728
0.0376766
0.0385232
0.0394169
0.0403624
0.0413652
0.0424317
0.0435694
0.0447872
0.0460959
0.0475082
0.04904
0.0507107
0.0525448
0.0545734
0.0568365
0.0593871
0.0622952
0.065652
0.0695701
0.0741964
0.079888
0.0880159
0.102382
0.128269
0.162159
0.161678
0.159262
0.156586
0.153281
0.149231
0.144401
0.138661
0.131747
0.123459
0.114228
0.105086
0.0953443
0.0798415
0.0555295
0.0381973
0.0363327
0.0349887
0.0329689
0.0382513
0.0486231
0.0583562
0.0669167
0.0741305
0.079988
0.0845657
0.0879872
0.0903972
0.0919427
0.0927611
0.0929734
0.0926831
0.0919813
0.0909527
0.0896638
0.088156
0.0864778
0.0847098
0.0829051
0.0808082
0.077772
0.075046
0.0792467
0.0897427
0.0532555
0.0317965
0.0179302
0.00517605
0.00499352
0.00621408
0.0064784
0.00648312
0.00620477
0.00544603
)
;

boundaryField
{
    inlet
    {
        type            calculated;
        value           nonuniform List<scalar> 
83
(
4.4727e-07
6.70868e-06
2.18239e-05
5.3807e-05
0.000105948
0.000168157
0.000230651
0.000291279
0.000350814
0.000410261
0.00047181
0.00053591
0.000604449
0.000676524
0.000754323
0.000838093
0.00092607
0.00102731
0.00114016
0.00126288
0.00139427
0.00152968
0.00165914
0.00176835
0.00185077
0.00191431
0.0019813
0.00208726
0.00221848
0.00233355
0.0024535
0.00260212
0.00273871
0.00286683
0.00294908
0.00299556
0.0030381
0.00306996
0.00307247
0.0030452
0.00301232
0.00292962
0.00279608
0.00261648
0.00242049
0.00222314
0.00197486
0.0017241
0.0014865
0.00129507
0.00119339
0.0012306
0.00165786
0.00194716
0.0026431
0.00526294
0.013122
0.00989899
0.0076335
0.00657301
0.00578499
0.00495426
0.0039738
0.00355869
0.00403144
0.00411511
0.00365293
0.00468479
0.0045442
0.00230554
0.00150527
0.000562688
0.000148189
1.29633e-05
1.13715e-05
1.59093e-05
3.13264e-05
4.05536e-05
5.60633e-05
7.35194e-05
0.000106038
0.000161679
0.000409824
)
;
    }
    bottom
    {
        type            nutUSpaldingWallFunction;
        value           nonuniform List<scalar> 
622
(
1.69539e-08
1.7292e-08
1.58796e-08
1.61515e-08
1.77335e-08
1.89365e-08
1.9481e-08
1.97273e-08
1.98886e-08
2.00318e-08
2.01652e-08
2.02784e-08
2.03667e-08
2.04332e-08
2.04836e-08
2.05225e-08
2.05534e-08
2.05784e-08
2.05992e-08
2.06169e-08
2.06325e-08
2.06464e-08
2.06591e-08
2.0671e-08
2.06823e-08
2.06932e-08
2.07039e-08
2.07141e-08
2.07237e-08
2.0733e-08
2.07422e-08
2.07511e-08
2.07598e-08
2.07683e-08
2.07764e-08
2.07842e-08
2.07916e-08
2.07986e-08
2.08053e-08
2.08115e-08
2.08174e-08
2.0823e-08
2.08282e-08
2.0833e-08
2.08373e-08
2.08413e-08
2.08449e-08
2.08481e-08
2.08509e-08
2.08532e-08
2.08551e-08
2.08565e-08
2.08575e-08
2.08581e-08
2.08582e-08
2.0858e-08
2.08573e-08
2.08562e-08
2.08547e-08
2.08528e-08
2.08505e-08
2.08478e-08
2.08447e-08
2.08411e-08
2.08372e-08
2.08328e-08
2.08281e-08
2.08231e-08
2.08177e-08
2.08119e-08
2.08059e-08
2.07995e-08
2.07929e-08
2.07859e-08
2.07788e-08
2.07713e-08
2.07637e-08
2.07558e-08
2.07477e-08
2.07395e-08
2.07311e-08
2.07225e-08
2.07138e-08
2.0705e-08
2.06961e-08
2.0687e-08
2.06779e-08
2.06687e-08
2.06595e-08
2.06501e-08
2.06408e-08
2.06314e-08
2.06219e-08
2.06125e-08
2.0603e-08
2.05935e-08
2.0584e-08
2.05745e-08
2.0565e-08
2.05555e-08
2.0546e-08
2.05366e-08
2.05271e-08
2.05177e-08
2.05082e-08
2.04988e-08
2.04895e-08
2.04801e-08
2.04708e-08
2.04615e-08
2.04522e-08
2.0443e-08
2.04338e-08
2.04246e-08
2.04154e-08
2.04063e-08
2.03972e-08
2.03882e-08
2.03791e-08
2.03701e-08
2.03612e-08
2.03522e-08
2.03433e-08
2.03344e-08
2.03255e-08
2.03166e-08
2.03078e-08
2.0299e-08
2.02902e-08
2.02814e-08
2.02726e-08
2.02638e-08
2.02551e-08
2.02463e-08
2.02376e-08
2.02288e-08
2.02201e-08
2.02114e-08
2.02026e-08
2.01939e-08
2.01852e-08
2.01764e-08
2.01677e-08
2.01589e-08
2.01502e-08
2.01414e-08
2.01326e-08
2.01238e-08
2.01149e-08
2.01061e-08
2.00972e-08
2.00883e-08
2.00794e-08
2.00704e-08
2.00614e-08
2.00524e-08
2.00433e-08
2.00342e-08
2.0025e-08
2.00158e-08
2.00066e-08
1.99973e-08
1.99879e-08
1.99785e-08
1.9969e-08
1.99594e-08
1.99498e-08
1.99401e-08
1.99304e-08
1.99205e-08
1.99106e-08
1.99006e-08
1.98905e-08
1.98803e-08
1.987e-08
1.98596e-08
1.98491e-08
1.98384e-08
1.98277e-08
1.98169e-08
1.98059e-08
1.97948e-08
1.97835e-08
1.97722e-08
1.97607e-08
1.9749e-08
1.97372e-08
1.97252e-08
1.9713e-08
1.97007e-08
1.96882e-08
1.96755e-08
1.96627e-08
1.96496e-08
1.96364e-08
1.96229e-08
1.96092e-08
1.95953e-08
1.95812e-08
1.95668e-08
1.95522e-08
1.95373e-08
1.95222e-08
1.95067e-08
1.9491e-08
1.9475e-08
1.94587e-08
1.94421e-08
1.94252e-08
1.9408e-08
1.93904e-08
1.93724e-08
1.93542e-08
1.93355e-08
1.93164e-08
1.9297e-08
1.92771e-08
1.92569e-08
1.92361e-08
1.9215e-08
1.91933e-08
1.91712e-08
1.91486e-08
1.91255e-08
1.91019e-08
1.90778e-08
1.90531e-08
1.90278e-08
1.9002e-08
1.89755e-08
1.89484e-08
1.89208e-08
1.88923e-08
1.88636e-08
1.88333e-08
1.88044e-08
1.87703e-08
1.8746e-08
1.87109e-08
1.86378e-08
1.85706e-08
1.85138e-08
1.84507e-08
1.8386e-08
1.83208e-08
1.82548e-08
1.8188e-08
1.81206e-08
1.80523e-08
1.79832e-08
1.79133e-08
1.78425e-08
1.77709e-08
1.76971e-08
1.76185e-08
1.75347e-08
1.74459e-08
1.73522e-08
1.72536e-08
1.71502e-08
1.70423e-08
1.69302e-08
1.68141e-08
1.66944e-08
1.65713e-08
1.64451e-08
1.63162e-08
1.61848e-08
1.60512e-08
1.59157e-08
1.57787e-08
1.56406e-08
1.55015e-08
1.53617e-08
1.52216e-08
1.50815e-08
1.49416e-08
1.48017e-08
1.46626e-08
1.45243e-08
1.43865e-08
1.42499e-08
1.41143e-08
1.39797e-08
1.38462e-08
1.37142e-08
1.35827e-08
1.34528e-08
1.33235e-08
1.31951e-08
1.30666e-08
1.29358e-08
1.28023e-08
1.26662e-08
1.25271e-08
1.23852e-08
1.22403e-08
1.20923e-08
1.19412e-08
1.17869e-08
1.16293e-08
1.14683e-08
1.13039e-08
1.11359e-08
1.09644e-08
1.07891e-08
1.061e-08
1.0427e-08
1.024e-08
1.00488e-08
9.85353e-09
9.65392e-09
9.4499e-09
9.24137e-09
9.02822e-09
8.81036e-09
8.58768e-09
8.36006e-09
8.12742e-09
7.88965e-09
7.64666e-09
7.39836e-09
7.14466e-09
6.88552e-09
6.62086e-09
6.35058e-09
6.07505e-09
5.79343e-09
5.50696e-09
5.21423e-09
4.91721e-09
4.61359e-09
4.30694e-09
3.99202e-09
3.67725e-09
3.34801e-09
3.02698e-09
2.66475e-09
2.31306e-09
1.8369e-09
2.21207e-09
2.83149e-09
3.08709e-09
3.60899e-09
4.13582e-09
4.75133e-09
5.4296e-09
6.20971e-09
7.07037e-09
8.01554e-09
9.09502e-09
1.03465e-08
1.16907e-08
1.31369e-08
1.47789e-08
1.65883e-08
1.83331e-08
2.02083e-08
2.27536e-08
2.46222e-08
2.42106e-08
2.47319e-08
2.63166e-08
2.71003e-08
2.76762e-08
2.85661e-08
2.90051e-08
2.88362e-08
3.01964e-08
3.2447e-08
3.38542e-08
3.41837e-08
3.38819e-08
3.40049e-08
3.47608e-08
3.54808e-08
3.57853e-08
3.5889e-08
3.60279e-08
3.62043e-08
3.63021e-08
3.62722e-08
3.62023e-08
3.6186e-08
3.62039e-08
3.61985e-08
3.61661e-08
3.61181e-08
3.60535e-08
3.59815e-08
3.59158e-08
3.58547e-08
3.57798e-08
3.56872e-08
3.56033e-08
3.55513e-08
3.55322e-08
3.55619e-08
3.56233e-08
3.56254e-08
3.553e-08
3.54432e-08
3.5458e-08
3.54998e-08
3.5452e-08
3.53367e-08
3.52778e-08
3.53177e-08
3.53363e-08
3.52288e-08
3.5089e-08
3.50574e-08
3.51023e-08
3.50708e-08
3.49196e-08
3.48028e-08
3.48452e-08
3.4902e-08
3.47611e-08
3.45026e-08
3.44033e-08
3.45247e-08
3.45814e-08
3.43718e-08
3.40817e-08
3.39066e-08
3.38116e-08
3.37144e-08
3.36036e-08
3.34819e-08
3.33428e-08
3.31716e-08
3.29416e-08
3.26944e-08
3.25302e-08
3.2435e-08
3.22318e-08
3.18299e-08
3.14215e-08
3.12e-08
3.10086e-08
3.05852e-08
2.99353e-08
2.92451e-08
2.85807e-08
2.7864e-08
2.70615e-08
2.61719e-08
2.52193e-08
2.41e-08
2.25315e-08
2.04494e-08
1.83563e-08
1.65116e-08
1.3669e-08
7.40005e-09
2.69827e-09
4.35418e-10
7.27597e-10
9.55296e-10
7.45372e-10
5.65368e-10
4.66743e-10
4.21942e-10
3.93552e-10
3.84036e-10
3.93248e-10
4.01613e-10
4.15757e-10
4.45465e-10
4.88025e-10
5.39913e-10
5.9752e-10
6.65671e-10
7.4697e-10
8.41788e-10
9.49162e-10
1.06995e-09
1.20372e-09
1.35158e-09
1.51432e-09
1.69323e-09
1.88904e-09
2.10059e-09
2.32053e-09
2.55409e-09
2.80846e-09
3.07729e-09
3.35085e-09
3.63684e-09
3.93789e-09
4.25503e-09
4.58502e-09
4.91936e-09
5.25548e-09
5.60046e-09
5.9539e-09
6.32043e-09
6.69146e-09
7.06337e-09
7.42819e-09
7.7867e-09
8.15296e-09
8.51903e-09
8.857e-09
9.17541e-09
9.48435e-09
9.77861e-09
1.00556e-08
1.03296e-08
1.06009e-08
1.08672e-08
1.11497e-08
1.14957e-08
1.17806e-08
1.19217e-08
1.20136e-08
1.20748e-08
1.18286e-08
1.17005e-08
1.17205e-08
1.15623e-08
1.13532e-08
1.10685e-08
1.07478e-08
1.0371e-08
9.95542e-09
9.49386e-09
8.99582e-09
8.45997e-09
7.89308e-09
7.2969e-09
6.67755e-09
6.03884e-09
5.38718e-09
4.72809e-09
4.06889e-09
3.41685e-09
2.7808e-09
2.17022e-09
1.59647e-09
1.07247e-09
6.14969e-10
2.47555e-10
1.72209e-11
1.27954e-10
4.3555e-10
8.43924e-10
1.32575e-09
1.86452e-09
2.44742e-09
3.06407e-09
3.70562e-09
4.36424e-09
5.03345e-09
5.70693e-09
6.38023e-09
7.04809e-09
7.70796e-09
8.35516e-09
8.98904e-09
9.60527e-09
1.02048e-08
1.07837e-08
1.13438e-08
1.18816e-08
1.24002e-08
1.28953e-08
1.33717e-08
1.38246e-08
1.42588e-08
1.46716e-08
1.50704e-08
1.54479e-08
1.5809e-08
1.61504e-08
1.6476e-08
1.67837e-08
1.70761e-08
1.73525e-08
1.76139e-08
1.78614e-08
1.80942e-08
1.83151e-08
1.8521e-08
1.87172e-08
1.88989e-08
1.90726e-08
1.92314e-08
1.93847e-08
1.95231e-08
1.96578e-08
1.9777e-08
1.98942e-08
1.99964e-08
2.00978e-08
2.01842e-08
2.02713e-08
2.03432e-08
2.04169e-08
2.04761e-08
2.05376e-08
2.05848e-08
2.0635e-08
2.06711e-08
2.07103e-08
2.07362e-08
2.07645e-08
2.07799e-08
2.07967e-08
2.08004e-08
2.08039e-08
2.07968e-08
2.07947e-08
2.0804e-08
2.08092e-08
2.08341e-08
2.07975e-08
2.08089e-08
2.05279e-08
2.04864e-08
1.81567e-08
)
;
    }
    sides
    {
        type            empty;
    }
    outlet
    {
        type            calculated;
        value           nonuniform List<scalar> 
83
(
1.57875e-05
1.92107e-05
3.8605e-05
7.07457e-05
0.000113373
0.000165101
0.00022591
0.000301555
0.000401188
0.00053142
0.000699143
0.000911642
0.00117621
0.00149964
0.00188775
0.00234485
0.00286938
0.00345633
0.00409563
0.0047707
0.0054573
0.00612953
0.00678593
0.00745736
0.00816423
0.0089069
0.0096833
0.0104899
0.0113219
0.0121744
0.0130429
0.0139248
0.0148205
0.0157305
0.0166423
0.0175084
0.018322
0.0190907
0.0198152
0.0204897
0.0211044
0.0216498
0.0221193
0.0225064
0.0228047
0.0230115
0.0231394
0.023201
0.0231957
0.0231168
0.0229794
0.0228057
0.0225982
0.0223698
0.0221362
0.0218979
0.0216677
0.0214624
0.0212777
0.0211368
0.0210949
0.021221
0.0216063
0.0223784
0.0236897
0.0256435
0.028248
0.0313265
0.034604
0.0380496
0.0417263
0.046167
0.0521904
0.0610774
0.0757347
0.10142
0.134261
0.160175
0.144939
0.1057
0.0455967
0.0253946
0.00807946
)
;
    }
    top
    {
        type            symmetry;
    }
}


// ************************************************************************* //
