WARNING 7: VSPAERO Viewer Not Found. 
	Expected here: /home/dafoamuser/dafoam/packages/miniconda3/lib/python3.10/site-packages/openvsp/vspviewer
WARNING 7: VSPAERO Viewer Not Found. 
	Expected here: /home/dafoamuser/dafoam/packages/miniconda3/lib/python3.10/site-packages/openvsp/vspviewer
WARNING 7: VSPAERO Viewer Not Found. 
	Expected here: /home/dafoamuser/dafoam/packages/miniconda3/lib/python3.10/site-packages/openvsp/vspviewer
WARNING 7: VSPAERO Viewer Not Found. 
	Expected here: /home/dafoamuser/dafoam/packages/miniconda3/lib/python3.10/site-packages/openvsp/vspviewer
 
-------------------------------------------------------------------------------
|                               DAFoam v5.0.0                                 |
-------------------------------------------------------------------------------
 
/*---------------------------------------------------------------------------*\
| =========                 |                                                 |
| \\      /  F ield         | OpenFOAM: The Open Source CFD Toolbox           |
|  \\    /   O peration     | Version:  2506                                  |
|   \\  /    A nd           | Website:  www.openfoam.com                      |
|    \\/     M anipulation  |                                                 |
\*---------------------------------------------------------------------------*/
Build  : _615aae61d7-20250627 OPENFOAM=2506 version=v2506
Arch   : "LSB;label=32;scalar=64"
Exec   : decomposePar
Date   : Jul 28 2026
Time   : 04:14:52
Host   : ip-172-31-43-247
PID    : 407
I/O    : uncollated
Case   : /home/dafoamuser/mount/A4-ahmed-body/coarse
nProcs : 1
trapFpe: Floating point exception trapping enabled (FOAM_SIGFPE).
fileModificationChecking : Monitoring run-time modified files using timeStampMaster (fileModificationSkew 5, maxFileModificationPolls 20)
allowSystemOperations : Allowing user-supplied system call operations

// * * * * * * * * * * * * * * * * * * * * * * * * * * * * * * * * * * * * * //
Create time



Decomposing mesh

Create mesh

Calculating distribution of cells
Decomposition method scotch [4] (region region0)

Finished decomposition in 0.01 s

Calculating original mesh data

Distributing cells to processors

Distributing faces to processors

Distributing points to processors

Constructing processor meshes
Reading hexRef8 data : cellLevel
Reading hexRef8 data : pointLevel
Reading hexRef8 data : level0Edge

Processor 0
    Number of cells = 700
    Number of points = 1065
    Number of faces shared with processor 1 = 110
    Number of faces shared with processor 2 = 33
    Number of faces shared with processor 3 = 57
    Number of processor patches = 3
    Number of processor faces = 200
    Number of boundary faces = 129

Processor 1
    Number of cells = 701
    Number of points = 1039
    Number of faces shared with processor 0 = 110
    Number of faces shared with processor 2 = 25
    Number of faces shared with processor 3 = 12
    Number of processor patches = 3
    Number of processor faces = 147
    Number of boundary faces = 444

Processor 2
    Number of cells = 688
    Number of points = 992
    Number of faces shared with processor 0 = 33
    Number of faces shared with processor 1 = 25
    Number of faces shared with processor 3 = 91
    Number of processor patches = 3
    Number of processor faces = 149
    Number of boundary faces = 375

Processor 3
    Number of cells = 688
    Number of points = 996
    Number of faces shared with processor 0 = 57
    Number of faces shared with processor 1 = 12
    Number of faces shared with processor 2 = 91
    Number of processor patches = 3
    Number of processor faces = 160
    Number of boundary faces = 368

Number of processor faces = 328
Max number of cells = 701 (0.97227224% above average 694.25)
Max number of processor patches = 3 (0% above average 3)
Max number of faces between processors = 200 (21.95122% above average 164)

Time = 0

Processor 0: field transfer
Processor 1: field transfer
Processor 2: field transfer
Processor 3: field transfer

End

I/O    : uncollated
Case   : /home/dafoamuser/mount/A4-ahmed-body/coarse
nProcs : 4
Hosts  :
(
    (ip-172-31-43-247 4)
)
Pstream initialized with:
    node communication : off [type=host] (4 ranks, 1 nodes)
    topology controls  : none
    consensus exchange : 0 (tuning: 0)
    exchange algorithm : 0
    commsType          : nonBlocking
    polling iterations : 0
Initializing mesh and runtime for DASolver
Create time

Create mesh for time = 0
Replacing wallDist.method meshWave -> meshWaveFrozen
DAOption created. DASolver initialized.
[1] UPstream::init : could not attach buffer
[2] UPstream::init : could not attach buffer
[0] UPstream::init : could not attach buffer
[3] UPstream::init : could not attach buffer
I/O    : uncollated
Case   : /home/dafoamuser/mount/A4-ahmed-body/coarse
nProcs : 4
Hosts  :
(
    (ip-172-31-43-247 4)
)
Pstream initialized with:
    node communication : off [type=host] (4 ranks, 1 nodes)
    topology controls  : none
    consensus exchange : 0 (tuning: 0)
    exchange algorithm : 0
    commsType          : nonBlocking
    polling iterations : 0
Initializing mesh and runtime for DASolver
Create time

Create mesh for time = 0
Replacing wallDist.method meshWave -> meshWaveFrozen
DAOption created. DASolver initialized.
Initializing fields for DASimpleFoam
Create simpleControl.

SIMPLE: convergence criteria
    field p	 tolerance 0.0001
    field U	 tolerance 0.0001
    field "(k|omega)"	 tolerance 0.0001

Reading field p

Reading field U

Reading/calculating face flux field phi

Creating source term. 
Selecting incompressible transport model Newtonian
Selecting turbulence model type RAS
Selecting RAS turbulence model kOmegaSST
Selecting patchDistMethod meshWaveFrozen
RAS
{
    RASModel        kOmegaSST;
    turbulence      on;
    printCoeffs     on;
    alphaK1         0.85;
    alphaK2         1;
    alphaOmega1     0.5;
    alphaOmega2     0.856;
    gamma1          0.55555556;
    gamma2          0.44;
    beta1           0.075;
    beta2           0.0828;
    betaStar        0.09;
    a1              0.31;
    b1              1;
    c1              10;
    F3              false;
    decayControl    false;
    kInf            0;
    omegaInf        0;
}

No MRF models present

Turbulence model is incompressible
Adjoint States: 
5
(
U volVectorState
k modelState
phi surfaceScalarState
p volScalarState
omega modelState
)
Global Cells: 2777
Global Faces: 9487
Global Xv: 12276
Undecomposed points: 3661
Global Adjoint States: 26149

SIMPLE: convergence criteria
    field p	 tolerance 0.0001
    field U	 tolerance 0.0001
    field "(k|omega)"	 tolerance 0.0001

DACheckMesh Thresholds: 
maxNonOrth: 70
maxSkewness: 4
maxAspectRatio: 1000
maxIncorrectlyOrientedFaces: 0
    Adding all faces of patches: (body) ...
    Found matching patch body with 44 faces
    Adding all faces of patches: (body) ...
    Found matching patch body with 44 faces
Initializing fields for DASimpleFoam
Create simpleControl.

SIMPLE: convergence criteria
    field p	 tolerance 0.0001
    field U	 tolerance 0.0001
    field "(k|omega)"	 tolerance 0.0001

Reading field p

Reading field U

Reading/calculating face flux field phi

Creating source term. 
Selecting incompressible transport model Newtonian
Selecting turbulence model type RAS
Selecting RAS turbulence model kOmegaSST
Selecting patchDistMethod meshWaveFrozen
RAS
{
    RASModel        kOmegaSST;
    turbulence      on;
    printCoeffs     on;
    alphaK1         0.85;
    alphaK2         1;
    alphaOmega1     0.5;
    alphaOmega2     0.856;
    gamma1          0.55555556;
    gamma2          0.44;
    beta1           0.075;
    beta2           0.0828;
    betaStar        0.09;
    a1              0.31;
    b1              1;
    c1              10;
    F3              false;
    decayControl    false;
    kInf            0;
    omegaInf        0;
}

No MRF models present

Turbulence model is incompressible
Adjoint States: 
5
(
U volVectorState
k modelState
phi surfaceScalarState
p volScalarState
omega modelState
)
Global Cells: 2777
Global Faces: 9487
Global Xv: 12276
Undecomposed points: 3661
Global Adjoint States: 26149

SIMPLE: convergence criteria
    field p	 tolerance 0.0001
    field U	 tolerance 0.0001
    field "(k|omega)"	 tolerance 0.0001

DACheckMesh Thresholds: 
maxNonOrth: 70
maxSkewness: 4
maxAspectRatio: 1000
maxIncorrectlyOrientedFaces: 0
    Adding all faces of patches: (body) ...
    Found matching patch body with 44 faces
    Adding all faces of patches: (body) ...
    Found matching patch body with 44 faces
Init solver done! ElapsedClockTime 1.000000 s
Init solver done! ElapsedCpuTime 0.270000 s
initState: 
7
(
k 0.24
phi 0
U1 0
U2 0
p 0
omega 8.56731
U0 40
)
Reading OpenFOAM mesh information...
I/O    : uncollated
Case   : /home/dafoamuser/mount/A4-ahmed-body/coarse
nProcs : 4
Hosts  :
(
    (ip-172-31-43-247 4)
)
Pstream initialized with:
    node communication : off [type=host] (4 ranks, 1 nodes)
    topology controls  : none
    consensus exchange : 0 (tuning: 0)
    exchange algorithm : 0
    commsType          : nonBlocking
    polling iterations : 0
Reading the OpenFOAM mesh..
Finalising parallel run
DAFoam option dictionary: 
{
    solverName      DASimpleFoam;
    primalMinResTol 0.0001;
    primalFuncStdTol
    {
        stdTol          -1;
        slopeTol        -1;
        funcNames       1 ( CD );
        nStepsFrac      0.2;
    }
    primalBC
    {
    }
    primalInitCondition
    {
    }
    normalizeStates
    {
        U               40;
        p               800;
        k               0.24;
        omega           8.56731;
        phi             1;
    }
    function
    {
        CD
        {
            type            force;
            source          patchToFace;
            patches         1 ( body );
            directionMode   fixedDirection;
            direction       3 ( 1 0 0 );
            scale           0.0025402497;
        }
        CL
        {
            type            force;
            source          patchToFace;
            patches         1 ( body );
            directionMode   fixedDirection;
            direction       3 ( 0 0 1 );
            scale           0.0025402497;
        }
    }
    inputInfo
    {
        aero_vol_coords
        {
            type            volCoord;
            components      2 ( solver function );
        }
    }
    outputInfo
    {
    }
    designSurfaces  1 ( body );
    fvSource
    {
    }
    prepareCaseOnly 0;
    adjEqnSolMethod Krylov;
    dynamicMesh
    {
        active          0;
        mode            rotation;
        center          3 ( 0.25 0 0 );
        axis            z;
        omega           0.1;
        s               2;
        t0              0.35;
    }
    primalVarBounds
    {
        UMax            1000;
        UMin            -1000;
        pMax            50000;
        pMin            -50000;
        p_rghMax        50000;
        p_rghMin        -50000;
        eMax            55000;
        eMin            -220000;
        TMax            1000;
        TMin            100;
        hMax            200000;
        hMin            -200000;
        DMax            1e+16;
        DMin            -1e+16;
        rhoMax          5;
        rhoMin          0.2;
        nuTildaMax      1e+16;
        nuTildaMin      1e-16;
        kMax            1e+16;
        kMin            1e-16;
        omegaMax        1e+16;
        omegaMin        1e-16;
        epsilonMax      1e+16;
        epsilonMin      1e-16;
        ReThetatMax     1e+16;
        ReThetatMin     1e-16;
        gammaIntMax     1e+16;
        gammaIntMin     1e-16;
    }
    discipline      aero;
    adjPartDerivFDStep
    {
        State           1e-06;
    }
    transonicPCOption -1;
    unsteadyAdjoint
    {
        mode            None;
        PCMatPrecomputeInterval 100;
        PCMatUpdateInterval 1;
        reduceIO        1;
        additionalOutput 1 ( None );
        additionalOldTime 1 ( None );
        readZeroFields  1;
    }
    adjPCLag        10000;
    useAD
    {
        mode            reverse;
        dvName          None;
        seedIndex       -9999;
    }
    useConstrainHbyA 1;
    forceMeshWaveFrozen 1;
    useDdtCorr      0;
    regressionModel
    {
        active          0;
    }
    useMeanStates   0;
    solveLinearFunctionName None;
    printDAOptions  1;
    debug           0;
    writeJacobians  1 ( None );
    printInterval   100;
    printIntervalUnsteady 1;
    primalMinResTolDiff 100000;
    adjUseColoring  1;
    adjEqnOption
    {
        globalPCIters   0;
        asmOverlap      1;
        localPCIters    1;
        jacMatReOrdering rcm;
        pcFillLevel     1;
        gmresMaxIters   1000;
        gmresRestart    1000;
        gmresRelTol     1e-06;
        gmresAbsTol     1e-14;
        gmresTolDiff    100;
        useNonZeroInitGuess 0;
        useMGSO         0;
        printInfo       1;
        fpMaxIters      1000;
        fpRelTol        1e-06;
        fpMinResTolDiff 100;
        fpPCUpwind      0;
        dynAdjustTol    0;
        KSPCalcEigen    0;
        KSPCalcSingularVal 0;
        readPCMat       0;
    }
    normalizeResiduals 11 ( URes pRes p_rghRes nuTildaRes phiRes TRes DRes kRes omegaRes epsilonRes alpha.waterRes );
    maxResConLv4JacPCMat
    {
        pRes            2;
        phiRes          1;
        URes            2;
        TRes            2;
        nuTildaRes      2;
        kRes            2;
        epsilonRes      2;
        omegaRes        2;
        p_rghRes        2;
        DRes            2;
        gammaIntRes     2;
        ReThetatRes     2;
        alpha.waterRes  2;
    }
    jacLowerBounds
    {
        dRdW            1e-30;
        dRdWPC          1e-30;
    }
    maxTractionBCIters 100;
    decomposeParDict
    {
        method          scotch;
        simpleCoeffs
        {
            n               3 ( 2 2 1 );
            delta           0.001;
        }
        kahipCoeffs
        {
            config          fast;
            imbalance       0.01;
        }
        preservePatches 1 ( None );
        singleProcessorFaceSets 1 ( None );
        args            1 ( None );
    }
    adjStateOrdering state;
    checkMeshThreshold
    {
        maxAspectRatio  1000;
        maxNonOrth      70;
        maxSkewness     4;
        maxIncorrectlyOrientedFaces 0;
    }
    writeDeformedFFDs 0;
    writeDeformedConstraints 0;
    writeAdjointFields 0;
    maxCorrectBCCalls 2;
    writeMinorIterations 0;
    primalMinIters  1;
    tensorflow
    {
        active          0;
    }
    wallDistanceMethod default;
    unsteadyCompOutput
    {
    }
}

pyDAFoam initialization done!
+----------------------------------------+
|          All IDWarp Options:           |
+----------------------------------------+
{'LdefFact': 1.0,
 'aExp': 3.0,
 'alpha': 0.25,
 'bExp': 5.0,
 'bucketSize': 8,
 'cornerAngle': 30.0,
 'errTol': 0.0005,
 'evalMode': 'fast',
 'fileType': 'OpenFOAM',
 'gridFile': '/home/dafoamuser/mount/A4-ahmed-body/coarse',
 'restartFile': None,
 'specifiedSurfaces': None,
 'symmTol': 1e-06,
 'symmetryPlanes': [],
 'symmetrySurfaces': None,
 'useRotations': True,
 'zeroCornerRotations': True}
I/O    : uncollated
Case   : /home/dafoamuser/mount/A4-ahmed-body/coarse
nProcs : 4
Hosts  :
(
    (ip-172-31-43-247 4)
)
Pstream initialized with:
    node communication : off [type=host] (4 ranks, 1 nodes)
    topology controls  : none
    consensus exchange : 0 (tuning: 0)
    exchange algorithm : 0
    commsType          : nonBlocking
    polling iterations : 0
Reading the OpenFOAM mesh..
#------------------------------#
 Total Volume Nodes :      4092 
#------------------------------#
Finalising parallel run
+-------------------- Symmetry Planes -------------------+
|           Point                        Normal          |
+--------------------------------------------------------+
#--------------------------------#
 Unique Surface Nodes :        47 
#--------------------------------#
 Computing Denominator Estimate...
 Load Balancing...
 Finished Mesh Initialization.
OrderedDict([('body', [0]), ('farfield', [1]), ('procBoundary0to1', [2]), ('procBoundary0to2', [3]), ('procBoundary0to3', [4]), ('allSurfaces', [0, 1, 2, 3, 4]), ('allWalls', [0]), ('designSurfaces', [0])])
dRdWT Jacobian Free created!
I/O    : uncollated
/home/dafoamuser/dafoam/packages/miniconda3/lib/python3.10/site-packages/openmdao/core/component.py:140: OMDeprecationWarning:'scenario1.aero_post.functionals' <class DAFoamFunctions>: It appears this component mixes distributed/non-distributed inputs and outputs, so it may break starting with OpenMDAO 3.25, where the convention used when passing data between distributed and non-distributed inputs and outputs within a matrix free component will change. See https://github.com/OpenMDAO/POEMs/blob/master/POEM_075.md for details.
/home/dafoamuser/dafoam/packages/miniconda3/lib/python3.10/site-packages/openmdao/core/component.py:140: OMDeprecationWarning:'scenario1.aero_post.functionals' <class DAFoamFunctions>: It appears this component mixes distributed/non-distributed inputs and outputs, so it may break starting with OpenMDAO 3.25, where the convention used when passing data between distributed and non-distributed inputs and outputs within a matrix free component will change. See https://github.com/OpenMDAO/POEMs/blob/master/POEM_075.md for details.
/home/dafoamuser/dafoam/packages/miniconda3/lib/python3.10/site-packages/openmdao/core/component.py:140: OMDeprecationWarning:'scenario1.aero_post.functionals' <class DAFoamFunctions>: It appears this component mixes distributed/non-distributed inputs and outputs, so it may break starting with OpenMDAO 3.25, where the convention used when passing data between distributed and non-distributed inputs and outputs within a matrix free component will change. See https://github.com/OpenMDAO/POEMs/blob/master/POEM_075.md for details.
/home/dafoamuser/dafoam/packages/miniconda3/lib/python3.10/site-packages/openmdao/core/component.py:140: OMDeprecationWarning:'scenario1.aero_post.functionals' <class DAFoamFunctions>: It appears this component mixes distributed/non-distributed inputs and outputs, so it may break starting with OpenMDAO 3.25, where the convention used when passing data between distributed and non-distributed inputs and outputs within a matrix free component will change. See https://github.com/OpenMDAO/POEMs/blob/master/POEM_075.md for details.
DAInputVolCoord. 
Setting volume coordinates. 
Checking mesh quality for time = 0
    Overall domain bounding box (-3.1320749 -1.1674647 -2.9881488) (7.3080375 1.1674619 3.276375)
    Mesh has 3 geometric (non-empty/wedge) directions (1 1 1)
    Mesh has 3 solution (non-empty) directions (1 1 1)
    Boundary openness (-9.9938736e-18 -5.1164936e-17 -2.95376e-17) OK.
    Max cell openness = 4.2280626e-16 OK.
    Max aspect ratio = 2.4272204 OK.
    Minimum face area = 0.013257893. Maximum face area = 0.17043434.  Face area magnitudes OK.
    Min volume = 0.0052992559. Max volume = 0.068370031.  Total volume = 152.53362.  Cell volumes OK.
    Mesh non-orthogonality Max: 32.67818 average: 6.5311831
    Non-orthogonality check OK.
    Face pyramids OK.
    Max skewness = 1.7334107 OK.
    Coupled point location match (average 0) OK.

Mesh OK.

Running Primal Solver 001
Previous solution time -1e+10 not found and nothing deleted.
No finite volume options present

Starting time loop

Time = 1

smoothSolver:  Solving for Ux, Initial residual = 1, Final residual = 0.091279032, No Iterations 3
smoothSolver:  Solving for Uy, Initial residual = 1, Final residual = 0.061843582, No Iterations 3
smoothSolver:  Solving for Uz, Initial residual = 1, Final residual = 0.025441622, No Iterations 3
U0 initRes: 1 finalRes: 0.091279032 nIters: 3
U1 initRes: 1 finalRes: 0.061843582 nIters: 3
U2 initRes: 1 finalRes: 0.025441622 nIters: 3
GAMG:  Solving for p, Initial residual = 1, Final residual = 0.0048342484, No Iterations 5
p initRes: 1 finalRes: 0.0048342484 nIters: 5
GAMG:  Solving for p, Initial residual = 0.21127958, Final residual = 0.0014007238, No Iterations 2
p initRes: 0.21127958 finalRes: 0.0014007238 nIters: 2
Time step continuity errors : sum local = 0.00021842787
                                 global = 3.2885605e-05
                             cumulative = 3.2885605e-05
smoothSolver:  Solving for omega, Initial residual = 0.23098657, Final residual = 0.017151049, No Iterations 3
omega initRes: 0.23098657 finalRes: 0.017151049 nIters: 3
smoothSolver:  Solving for k, Initial residual = 1, Final residual = 0.080647527, No Iterations 3
k initRes: 1 finalRes: 0.080647527 nIters: 3
CD: 0.03125419 final: 0.03125419
CL: 0.0057374652 final: 0.0057374652
yPlus min: 1323.4164 max: 2724.8745 mean: 2379.1445
ExecutionTime = 0.51 s  ClockTime = 1 s

smoothSolver:  Solving for Ux, Initial residual = 0.58941715, Final residual = 0.030006999, No Iterations 2
smoothSolver:  Solving for Uy, Initial residual = 0.63343384, Final residual = 0.020965975, No Iterations 3
smoothSolver:  Solving for Uz, Initial residual = 0.62218526, Final residual = 0.041796195, No Iterations 2
GAMG:  Solving for p, Initial residual = 0.50806741, Final residual = 0.0022448644, No Iterations 4
GAMG:  Solving for p, Initial residual = 0.038300924, Final residual = 0.000329926, No Iterations 2
smoothSolver:  Solving for omega, Initial residual = 0.18363455, Final residual = 0.014943832, No Iterations 2
smoothSolver:  Solving for k, Initial residual = 0.43391834, Final residual = 0.0361929, No Iterations 2
smoothSolver:  Solving for Ux, Initial residual = 0.50550114, Final residual = 0.02170734, No Iterations 2
smoothSolver:  Solving for Uy, Initial residual = 0.5406971, Final residual = 0.017196515, No Iterations 3
smoothSolver:  Solving for Uz, Initial residual = 0.54024315, Final residual = 0.033735708, No Iterations 2
GAMG:  Solving for p, Initial residual = 0.19501056, Final residual = 0.00061523975, No Iterations 4
GAMG:  Solving for p, Initial residual = 0.018977045, Final residual = 0.00017453111, No Iterations 2
smoothSolver:  Solving for omega, Initial residual = 0.092860992, Final residual = 0.0091851089, No Iterations 2
smoothSolver:  Solving for k, Initial residual = 0.19909679, Final residual = 0.0078199925, No Iterations 3
smoothSolver:  Solving for Ux, Initial residual = 0.40202373, Final residual = 0.018958426, No Iterations 2
smoothSolver:  Solving for Uy, Initial residual = 0.44328236, Final residual = 0.011949723, No Iterations 3
smoothSolver:  Solving for Uz, Initial residual = 0.44542572, Final residual = 0.026365759, No Iterations 2
GAMG:  Solving for p, Initial residual = 0.12023925, Final residual = 0.0010316567, No Iterations 3
GAMG:  Solving for p, Initial residual = 0.011920955, Final residual = 3.674476e-05, No Iterations 3
smoothSolver:  Solving for omega, Initial residual = 0.071464707, Final residual = 0.0028697112, No Iterations 3
smoothSolver:  Solving for k, Initial residual = 0.16475805, Final residual = 0.013750531, No Iterations 2
smoothSolver:  Solving for Ux, Initial residual = 0.3332513, Final residual = 0.021220235, No Iterations 2
smoothSolver:  Solving for Uy, Initial residual = 0.37873716, Final residual = 0.036514621, No Iterations 2
smoothSolver:  Solving for Uz, Initial residual = 0.37958661, Final residual = 0.020458997, No Iterations 2
GAMG:  Solving for p, Initial residual = 0.090580932, Final residual = 0.00058262061, No Iterations 3
GAMG:  Solving for p, Initial residual = 0.0082943421, Final residual = 2.3420241e-05, No Iterations 3
smoothSolver:  Solving for omega, Initial residual = 0.066526413, Final residual = 0.0054884251, No Iterations 2
smoothSolver:  Solving for k, Initial residual = 0.10466909, Final residual = 0.0097195026, No Iterations 2
smoothSolver:  Solving for Ux, Initial residual = 0.29480064, Final residual = 0.018152074, No Iterations 2
smoothSolver:  Solving for Uy, Initial residual = 0.34694406, Final residual = 0.026712328, No Iterations 2
smoothSolver:  Solving for Uz, Initial residual = 0.33845453, Final residual = 0.015610715, No Iterations 2
GAMG:  Solving for p, Initial residual = 0.070506445, Final residual = 0.00040308611, No Iterations 3
GAMG:  Solving for p, Initial residual = 0.0062434508, Final residual = 1.7409828e-05, No Iterations 3
smoothSolver:  Solving for omega, Initial residual = 0.043725377, Final residual = 0.0038793973, No Iterations 2
smoothSolver:  Solving for k, Initial residual = 0.084505105, Final residual = 0.0072392047, No Iterations 2
smoothSolver:  Solving for Ux, Initial residual = 0.25586809, Final residual = 0.016071369, No Iterations 2
smoothSolver:  Solving for Uy, Initial residual = 0.31840718, Final residual = 0.021728768, No Iterations 2
smoothSolver:  Solving for Uz, Initial residual = 0.30245816, Final residual = 0.011871287, No Iterations 2
GAMG:  Solving for p, Initial residual = 0.057826124, Final residual = 0.00031837868, No Iterations 3
GAMG:  Solving for p, Initial residual = 0.0049439033, Final residual = 1.4313301e-05, No Iterations 3
smoothSolver:  Solving for omega, Initial residual = 0.03665573, Final residual = 0.0030805629, No Iterations 2
smoothSolver:  Solving for k, Initial residual = 0.063660025, Final residual = 0.0054639787, No Iterations 2
smoothSolver:  Solving for Ux, Initial residual = 0.22580059, Final residual = 0.014392442, No Iterations 2
smoothSolver:  Solving for Uy, Initial residual = 0.28477745, Final residual = 0.018003581, No Iterations 2
smoothSolver:  Solving for Uz, Initial residual = 0.2718653, Final residual = 0.0095289802, No Iterations 2
GAMG:  Solving for p, Initial residual = 0.049404424, Final residual = 0.00027139741, No Iterations 3
GAMG:  Solving for p, Initial residual = 0.0040649951, Final residual = 1.2341119e-05, No Iterations 3
smoothSolver:  Solving for omega, Initial residual = 0.030489961, Final residual = 0.0024139772, No Iterations 2
smoothSolver:  Solving for k, Initial residual = 0.050882114, Final residual = 0.004695188, No Iterations 2
smoothSolver:  Solving for Ux, Initial residual = 0.20454462, Final residual = 0.012687839, No Iterations 2
smoothSolver:  Solving for Uy, Initial residual = 0.25537266, Final residual = 0.015187202, No Iterations 2
smoothSolver:  Solving for Uz, Initial residual = 0.24661367, Final residual = 0.0081266851, No Iterations 2
GAMG:  Solving for p, Initial residual = 0.043009911, Final residual = 0.00023897961, No Iterations 3
GAMG:  Solving for p, Initial residual = 0.003425093, Final residual = 1.0839272e-05, No Iterations 3
smoothSolver:  Solving for omega, Initial residual = 0.026641262, Final residual = 0.0023838907, No Iterations 2
smoothSolver:  Solving for k, Initial residual = 0.038244168, Final residual = 0.0015050403, No Iterations 3
smoothSolver:  Solving for Ux, Initial residual = 0.1867275, Final residual = 0.011242195, No Iterations 2
smoothSolver:  Solving for Uy, Initial residual = 0.22810009, Final residual = 0.012855187, No Iterations 2
smoothSolver:  Solving for Uz, Initial residual = 0.22188254, Final residual = 0.0063940927, No Iterations 2
GAMG:  Solving for p, Initial residual = 0.038019104, Final residual = 0.00021018332, No Iterations 3
GAMG:  Solving for p, Initial residual = 0.0029052469, Final residual = 9.4930827e-06, No Iterations 3
smoothSolver:  Solving for omega, Initial residual = 0.022730723, Final residual = 0.0020554787, No Iterations 2
smoothSolver:  Solving for k, Initial residual = 0.035597447, Final residual = 0.0034788085, No Iterations 2
smoothSolver:  Solving for Ux, Initial residual = 0.17203274, Final residual = 0.0098972723, No Iterations 2
smoothSolver:  Solving for Uy, Initial residual = 0.20576998, Final residual = 0.010835972, No Iterations 2
smoothSolver:  Solving for Uz, Initial residual = 0.20084919, Final residual = 0.0049423839, No Iterations 2
GAMG:  Solving for p, Initial residual = 0.034042268, Final residual = 0.00018334206, No Iterations 3
GAMG:  Solving for p, Initial residual = 0.0024815654, Final residual = 8.3121781e-06, No Iterations 3
smoothSolver:  Solving for omega, Initial residual = 0.020170631, Final residual = 0.0018417014, No Iterations 2
smoothSolver:  Solving for k, Initial residual = 0.023250294, Final residual = 0.0021317079, No Iterations 2
smoothSolver:  Solving for Ux, Initial residual = 0.16024323, Final residual = 0.0084970871, No Iterations 2
smoothSolver:  Solving for Uy, Initial residual = 0.18602124, Final residual = 0.0089702607, No Iterations 2
smoothSolver:  Solving for Uz, Initial residual = 0.18252002, Final residual = 0.0043899804, No Iterations 2
GAMG:  Solving for p, Initial residual = 0.030983849, Final residual = 0.00015572095, No Iterations 3
GAMG:  Solving for p, Initial residual = 0.0021373818, Final residual = 7.188499e-06, No Iterations 3
smoothSolver:  Solving for omega, Initial residual = 0.017289913, Final residual = 0.0016824562, No Iterations 2
smoothSolver:  Solving for k, Initial residual = 0.018540404, Final residual = 0.0017995332, No Iterations 2
smoothSolver:  Solving for Ux, Initial residual = 0.15009745, Final residual = 0.0073023443, No Iterations 2
smoothSolver:  Solving for Uy, Initial residual = 0.16910214, Final residual = 0.0073895257, No Iterations 2
smoothSolver:  Solving for Uz, Initial residual = 0.16729103, Final residual = 0.004165989, No Iterations 2
GAMG:  Solving for p, Initial residual = 0.028329922, Final residual = 0.00012995466, No Iterations 3
GAMG:  Solving for p, Initial residual = 0.0018678465, Final residual = 6.108193e-06, No Iterations 3
smoothSolver:  Solving for omega, Initial residual = 0.015900655, Final residual = 0.0014242582, No Iterations 2
smoothSolver:  Solving for k, Initial residual = 0.014959198, Final residual = 0.0014403363, No Iterations 2
smoothSolver:  Solving for Ux, Initial residual = 0.14094268, Final residual = 0.0063216775, No Iterations 2
smoothSolver:  Solving for Uy, Initial residual = 0.15443616, Final residual = 0.0059391732, No Iterations 2
smoothSolver:  Solving for Uz, Initial residual = 0.15448084, Final residual = 0.0039475455, No Iterations 2
GAMG:  Solving for p, Initial residual = 0.026151198, Final residual = 0.00011177759, No Iterations 3
GAMG:  Solving for p, Initial residual = 0.0016381891, Final residual = 5.097461e-06, No Iterations 3
smoothSolver:  Solving for omega, Initial residual = 0.013613035, Final residual = 0.0013238791, No Iterations 2
smoothSolver:  Solving for k, Initial residual = 0.012459611, Final residual = 0.0011187379, No Iterations 2
smoothSolver:  Solving for Ux, Initial residual = 0.1316431, Final residual = 0.0056952669, No Iterations 2
smoothSolver:  Solving for Uy, Initial residual = 0.14258787, Final residual = 0.0048794647, No Iterations 2
smoothSolver:  Solving for Uz, Initial residual = 0.14246449, Final residual = 0.0036349483, No Iterations 2
GAMG:  Solving for p, Initial residual = 0.024294082, Final residual = 0.00010072022, No Iterations 3
GAMG:  Solving for p, Initial residual = 0.0014448615, Final residual = 4.3159338e-06, No Iterations 3
smoothSolver:  Solving for omega, Initial residual = 0.01262371, Final residual = 0.0011419954, No Iterations 2
smoothSolver:  Solving for k, Initial residual = 0.0098085897, Final residual = 0.0004031199, No Iterations 3
smoothSolver:  Solving for Ux, Initial residual = 0.12236389, Final residual = 0.0052189381, No Iterations 2
smoothSolver:  Solving for Uy, Initial residual = 0.1325636, Final residual = 0.0041311477, No Iterations 2
smoothSolver:  Solving for Uz, Initial residual = 0.13228437, Final residual = 0.0032359537, No Iterations 2
GAMG:  Solving for p, Initial residual = 0.022651568, Final residual = 9.3634502e-05, No Iterations 3
GAMG:  Solving for p, Initial residual = 0.0012753141, Final residual = 3.8054418e-06, No Iterations 3
smoothSolver:  Solving for omega, Initial residual = 0.010919146, Final residual = 0.0010419457, No Iterations 2
smoothSolver:  Solving for k, Initial residual = 0.0090207346, Final residual = 0.00071644362, No Iterations 2
smoothSolver:  Solving for Ux, Initial residual = 0.11273912, Final residual = 0.004734457, No Iterations 2
smoothSolver:  Solving for Uy, Initial residual = 0.12370768, Final residual = 0.0036652598, No Iterations 2
smoothSolver:  Solving for Uz, Initial residual = 0.12322714, Final residual = 0.0029415573, No Iterations 2
GAMG:  Solving for p, Initial residual = 0.021272261, Final residual = 8.8582523e-05, No Iterations 3
GAMG:  Solving for p, Initial residual = 0.0011272893, Final residual = 3.3783549e-06, No Iterations 3
smoothSolver:  Solving for omega, Initial residual = 0.0098595367, Final residual = 0.00084939972, No Iterations 2
smoothSolver:  Solving for k, Initial residual = 0.0074954156, Final residual = 0.00060873639, No Iterations 2
smoothSolver:  Solving for Ux, Initial residual = 0.1044867, Final residual = 0.0044268354, No Iterations 2
smoothSolver:  Solving for Uy, Initial residual = 0.11624915, Final residual = 0.0036087682, No Iterations 2
smoothSolver:  Solving for Uz, Initial residual = 0.1153653, Final residual = 0.0027304592, No Iterations 2
GAMG:  Solving for p, Initial residual = 0.020084029, Final residual = 8.415683e-05, No Iterations 3
GAMG:  Solving for p, Initial residual = 0.0010019324, Final residual = 3.0476796e-06, No Iterations 3
smoothSolver:  Solving for omega, Initial residual = 0.0087193036, Final residual = 0.00078622348, No Iterations 2
smoothSolver:  Solving for k, Initial residual = 0.0065677601, Final residual = 0.00064451727, No Iterations 2
smoothSolver:  Solving for Ux, Initial residual = 0.097707196, Final residual = 0.0041388182, No Iterations 2
smoothSolver:  Solving for Uy, Initial residual = 0.1103845, Final residual = 0.0035133946, No Iterations 2
smoothSolver:  Solving for Uz, Initial residual = 0.1083729, Final residual = 0.002472063, No Iterations 2
GAMG:  Solving for p, Initial residual = 0.018991547, Final residual = 8.0162233e-05, No Iterations 3
GAMG:  Solving for p, Initial residual = 0.00089488399, Final residual = 2.8083802e-06, No Iterations 3
smoothSolver:  Solving for omega, Initial residual = 0.0080891104, Final residual = 0.00061476246, No Iterations 2
smoothSolver:  Solving for k, Initial residual = 0.0058984632, Final residual = 0.00046836443, No Iterations 2
smoothSolver:  Solving for Ux, Initial residual = 0.091014586, Final residual = 0.0038103338, No Iterations 2
smoothSolver:  Solving for Uy, Initial residual = 0.10511772, Final residual = 0.0033638074, No Iterations 2
smoothSolver:  Solving for Uz, Initial residual = 0.10203902, Final residual = 0.0022375662, No Iterations 2
GAMG:  Solving for p, Initial residual = 0.017948799, Final residual = 7.5654972e-05, No Iterations 3
GAMG:  Solving for p, Initial residual = 0.00080250594, Final residual = 2.6187346e-06, No Iterations 3
smoothSolver:  Solving for omega, Initial residual = 0.0070584875, Final residual = 0.00061918373, No Iterations 2
smoothSolver:  Solving for k, Initial residual = 0.0054210738, Final residual = 0.00041160413, No Iterations 2
smoothSolver:  Solving for Ux, Initial residual = 0.085528206, Final residual = 0.0034505721, No Iterations 2
smoothSolver:  Solving for Uy, Initial residual = 0.099902189, Final residual = 0.0032322955, No Iterations 2
smoothSolver:  Solving for Uz, Initial residual = 0.095375947, Final residual = 0.0020159542, No Iterations 2
GAMG:  Solving for p, Initial residual = 0.01688969, Final residual = 7.1011504e-05, No Iterations 3
GAMG:  Solving for p, Initial residual = 0.00072340267, Final residual = 2.4561581e-06, No Iterations 3
smoothSolver:  Solving for omega, Initial residual = 0.0065858977, Final residual = 0.00045935721, No Iterations 2
smoothSolver:  Solving for k, Initial residual = 0.004859796, Final residual = 0.00038421558, No Iterations 2
smoothSolver:  Solving for Ux, Initial residual = 0.080275876, Final residual = 0.0030866814, No Iterations 2
smoothSolver:  Solving for Uy, Initial residual = 0.095010099, Final residual = 0.0030735829, No Iterations 2
smoothSolver:  Solving for Uz, Initial residual = 0.08951485, Final residual = 0.0018100993, No Iterations 2
GAMG:  Solving for p, Initial residual = 0.015881841, Final residual = 6.5305739e-05, No Iterations 3
GAMG:  Solving for p, Initial residual = 0.00065736784, Final residual = 2.2936105e-06, No Iterations 3
smoothSolver:  Solving for omega, Initial residual = 0.0057106376, Final residual = 0.00048413015, No Iterations 2
smoothSolver:  Solving for k, Initial residual = 0.0047015571, Final residual = 0.00036738673, No Iterations 2
smoothSolver:  Solving for Ux, Initial residual = 0.074989124, Final residual = 0.0027228044, No Iterations 2
smoothSolver:  Solving for Uy, Initial residual = 0.089795966, Final residual = 0.0028595374, No Iterations 2
smoothSolver:  Solving for Uz, Initial residual = 0.083899472, Final residual = 0.0016096649, No Iterations 2
GAMG:  Solving for p, Initial residual = 0.014911655, Final residual = 5.8976168e-05, No Iterations 3
GAMG:  Solving for p, Initial residual = 0.00059715859, Final residual = 2.1252177e-06, No Iterations 3
smoothSolver:  Solving for omega, Initial residual = 0.0054332252, Final residual = 0.00040813566, No Iterations 2
smoothSolver:  Solving for k, Initial residual = 0.0044852212, Final residual = 0.00037512432, No Iterations 2
smoothSolver:  Solving for Ux, Initial residual = 0.069585025, Final residual = 0.0024073556, No Iterations 2
smoothSolver:  Solving for Uy, Initial residual = 0.084349123, Final residual = 0.0027467647, No Iterations 2
smoothSolver:  Solving for Uz, Initial residual = 0.07867528, Final residual = 0.0014160374, No Iterations 2
GAMG:  Solving for p, Initial residual = 0.014048294, Final residual = 5.2470171e-05, No Iterations 3
GAMG:  Solving for p, Initial residual = 0.00054332417, Final residual = 1.9527699e-06, No Iterations 3
smoothSolver:  Solving for omega, Initial residual = 0.0049070985, Final residual = 0.00042454013, No Iterations 2
smoothSolver:  Solving for k, Initial residual = 0.0043986598, Final residual = 0.0004036508, No Iterations 2
smoothSolver:  Solving for Ux, Initial residual = 0.064438352, Final residual = 0.0021221042, No Iterations 2
smoothSolver:  Solving for Uy, Initial residual = 0.079309125, Final residual = 0.0026018457, No Iterations 2
smoothSolver:  Solving for Uz, Initial residual = 0.074176101, Final residual = 0.0012494196, No Iterations 2
GAMG:  Solving for p, Initial residual = 0.013198458, Final residual = 4.6260956e-05, No Iterations 3
GAMG:  Solving for p, Initial residual = 0.00049301881, Final residual = 1.778047e-06, No Iterations 3
smoothSolver:  Solving for omega, Initial residual = 0.0046943373, Final residual = 0.00033446496, No Iterations 2
smoothSolver:  Solving for k, Initial residual = 0.0044066103, Final residual = 0.00035748513, No Iterations 2
smoothSolver:  Solving for Ux, Initial residual = 0.060278298, Final residual = 0.0018517868, No Iterations 2
smoothSolver:  Solving for Uy, Initial residual = 0.074094368, Final residual = 0.0024492364, No Iterations 2
smoothSolver:  Solving for Uz, Initial residual = 0.070186706, Final residual = 0.0010999619, No Iterations 2
GAMG:  Solving for p, Initial residual = 0.01236751, Final residual = 4.1105141e-05, No Iterations 3
GAMG:  Solving for p, Initial residual = 0.00044979733, Final residual = 1.601231e-06, No Iterations 3
smoothSolver:  Solving for omega, Initial residual = 0.0042541573, Final residual = 0.00034968562, No Iterations 2
smoothSolver:  Solving for k, Initial residual = 0.0040286715, Final residual = 0.0003476292, No Iterations 2
smoothSolver:  Solving for Ux, Initial residual = 0.056761942, Final residual = 0.0015967746, No Iterations 2
smoothSolver:  Solving for Uy, Initial residual = 0.069583741, Final residual = 0.0023171733, No Iterations 2
smoothSolver:  Solving for Uz, Initial residual = 0.066030149, Final residual = 0.00098914788, No Iterations 2
GAMG:  Solving for p, Initial residual = 0.011591323, Final residual = 3.6999121e-05, No Iterations 3
GAMG:  Solving for p, Initial residual = 0.00041220004, Final residual = 1.4284896e-06, No Iterations 3
smoothSolver:  Solving for omega, Initial residual = 0.0042024763, Final residual = 0.00031827555, No Iterations 2
smoothSolver:  Solving for k, Initial residual = 0.0036002315, Final residual = 0.00028454924, No Iterations 2
smoothSolver:  Solving for Ux, Initial residual = 0.053294411, Final residual = 0.0013542314, No Iterations 2
smoothSolver:  Solving for Uy, Initial residual = 0.065654141, Final residual = 0.0021540479, No Iterations 2
smoothSolver:  Solving for Uz, Initial residual = 0.062072955, Final residual = 0.00094900753, No Iterations 2
GAMG:  Solving for p, Initial residual = 0.010847446, Final residual = 3.3882489e-05, No Iterations 3
GAMG:  Solving for p, Initial residual = 0.00038227093, Final residual = 1.287074e-06, No Iterations 3
smoothSolver:  Solving for omega, Initial residual = 0.0038314776, Final residual = 0.00034466746, No Iterations 2
smoothSolver:  Solving for k, Initial residual = 0.003629233, Final residual = 0.00031246276, No Iterations 2
smoothSolver:  Solving for Ux, Initial residual = 0.049785062, Final residual = 0.0046663863, No Iterations 1
smoothSolver:  Solving for Uy, Initial residual = 0.061521018, Final residual = 0.001974573, No Iterations 2
smoothSolver:  Solving for Uz, Initial residual = 0.058469587, Final residual = 0.00091136605, No Iterations 2
GAMG:  Solving for p, Initial residual = 0.010183748, Final residual = 3.2042717e-05, No Iterations 3
GAMG:  Solving for p, Initial residual = 0.00035822636, Final residual = 1.2058371e-06, No Iterations 3
smoothSolver:  Solving for omega, Initial residual = 0.0037267314, Final residual = 0.00028053118, No Iterations 2
smoothSolver:  Solving for k, Initial residual = 0.0035400396, Final residual = 0.00031554048, No Iterations 2
smoothSolver:  Solving for Ux, Initial residual = 0.046454355, Final residual = 0.004036311, No Iterations 1
smoothSolver:  Solving for Uy, Initial residual = 0.057602592, Final residual = 0.0017486144, No Iterations 2
smoothSolver:  Solving for Uz, Initial residual = 0.05535832, Final residual = 0.00087999345, No Iterations 2
GAMG:  Solving for p, Initial residual = 0.0094991297, Final residual = 2.9464113e-05, No Iterations 3
GAMG:  Solving for p, Initial residual = 0.00033143399, Final residual = 1.1103273e-06, No Iterations 3
smoothSolver:  Solving for omega, Initial residual = 0.0034457154, Final residual = 0.00027944915, No Iterations 2
smoothSolver:  Solving for k, Initial residual = 0.0036153358, Final residual = 0.00035910612, No Iterations 2
smoothSolver:  Solving for Ux, Initial residual = 0.042989127, Final residual = 0.0036546913, No Iterations 1
smoothSolver:  Solving for Uy, Initial residual = 0.054337937, Final residual = 0.0015516243, No Iterations 2
smoothSolver:  Solving for Uz, Initial residual = 0.05217454, Final residual = 0.00082533572, No Iterations 2
GAMG:  Solving for p, Initial residual = 0.0088722604, Final residual = 2.7178765e-05, No Iterations 3
GAMG:  Solving for p, Initial residual = 0.00030738038, Final residual = 1.0305906e-06, No Iterations 3
smoothSolver:  Solving for omega, Initial residual = 0.003360464, Final residual = 0.00027603909, No Iterations 2
smoothSolver:  Solving for k, Initial residual = 0.0038291696, Final residual = 0.00030472208, No Iterations 2
smoothSolver:  Solving for Ux, Initial residual = 0.039855332, Final residual = 0.0033979768, No Iterations 1
smoothSolver:  Solving for Uy, Initial residual = 0.050694534, Final residual = 0.0013871026, No Iterations 2
smoothSolver:  Solving for Uz, Initial residual = 0.048754467, Final residual = 0.00079259278, No Iterations 2
GAMG:  Solving for p, Initial residual = 0.0082699637, Final residual = 2.4948227e-05, No Iterations 3
GAMG:  Solving for p, Initial residual = 0.00028564936, Final residual = 9.5850485e-07, No Iterations 3
smoothSolver:  Solving for omega, Initial residual = 0.003252555, Final residual = 0.00029580408, No Iterations 2
smoothSolver:  Solving for k, Initial residual = 0.0035569337, Final residual = 0.00032943283, No Iterations 2
smoothSolver:  Solving for Ux, Initial residual = 0.037204877, Final residual = 0.0031887892, No Iterations 1
smoothSolver:  Solving for Uy, Initial residual = 0.047009301, Final residual = 0.001249338, No Iterations 2
smoothSolver:  Solving for Uz, Initial residual = 0.045615636, Final residual = 0.004445011, No Iterations 1
GAMG:  Solving for p, Initial residual = 0.0078641966, Final residual = 2.2414028e-05, No Iterations 3
GAMG:  Solving for p, Initial residual = 0.00026166888, Final residual = 8.159254e-07, No Iterations 3
smoothSolver:  Solving for omega, Initial residual = 0.0032937617, Final residual = 0.00023485125, No Iterations 2
smoothSolver:  Solving for k, Initial residual = 0.0031837984, Final residual = 0.00028983905, No Iterations 2
smoothSolver:  Solving for Ux, Initial residual = 0.03508696, Final residual = 0.0030928519, No Iterations 1
smoothSolver:  Solving for Uy, Initial residual = 0.043952625, Final residual = 0.0011067697, No Iterations 2
smoothSolver:  Solving for Uz, Initial residual = 0.042306291, Final residual = 0.0039315719, No Iterations 1
GAMG:  Solving for p, Initial residual = 0.0073829775, Final residual = 2.077069e-05, No Iterations 3
GAMG:  Solving for p, Initial residual = 0.000243789, Final residual = 7.875674e-07, No Iterations 3
smoothSolver:  Solving for omega, Initial residual = 0.0031322655, Final residual = 0.00026116041, No Iterations 2
smoothSolver:  Solving for k, Initial residual = 0.0033050803, Final residual = 0.00028725327, No Iterations 2
smoothSolver:  Solving for Ux, Initial residual = 0.033199923, Final residual = 0.0029138043, No Iterations 1
smoothSolver:  Solving for Uy, Initial residual = 0.041011288, Final residual = 0.00099337706, No Iterations 2
smoothSolver:  Solving for Uz, Initial residual = 0.039563599, Final residual = 0.0035098067, No Iterations 1
GAMG:  Solving for p, Initial residual = 0.0069046734, Final residual = 1.8884674e-05, No Iterations 3
GAMG:  Solving for p, Initial residual = 0.00022637908, Final residual = 7.5032031e-07, No Iterations 3
smoothSolver:  Solving for omega, Initial residual = 0.0031928451, Final residual = 0.00026598324, No Iterations 2
smoothSolver:  Solving for k, Initial residual = 0.0033737637, Final residual = 0.00013647509, No Iterations 3
smoothSolver:  Solving for Ux, Initial residual = 0.031021491, Final residual = 0.0027785905, No Iterations 1
smoothSolver:  Solving for Uy, Initial residual = 0.037855371, Final residual = 0.00092969635, No Iterations 2
smoothSolver:  Solving for Uz, Initial residual = 0.037147059, Final residual = 0.0032364029, No Iterations 1
GAMG:  Solving for p, Initial residual = 0.0064373392, Final residual = 1.6865686e-05, No Iterations 3
GAMG:  Solving for p, Initial residual = 0.00020905377, Final residual = 6.9605991e-07, No Iterations 3
smoothSolver:  Solving for omega, Initial residual = 0.0030269313, Final residual = 0.00024885805, No Iterations 2
smoothSolver:  Solving for k, Initial residual = 0.0036788057, Final residual = 0.00035142704, No Iterations 2
smoothSolver:  Solving for Ux, Initial residual = 0.029144112, Final residual = 0.0027941345, No Iterations 1
smoothSolver:  Solving for Uy, Initial residual = 0.034980038, Final residual = 0.00088203668, No Iterations 2
smoothSolver:  Solving for Uz, Initial residual = 0.034868978, Final residual = 0.0029201057, No Iterations 1
GAMG:  Solving for p, Initial residual = 0.0059913264, Final residual = 1.4792186e-05, No Iterations 3
GAMG:  Solving for p, Initial residual = 0.00019277911, Final residual = 6.384556e-07, No Iterations 3
smoothSolver:  Solving for omega, Initial residual = 0.0030956475, Final residual = 0.00024962182, No Iterations 2
smoothSolver:  Solving for k, Initial residual = 0.0038797478, Final residual = 0.00037583962, No Iterations 2
smoothSolver:  Solving for Ux, Initial residual = 0.027587608, Final residual = 0.0027519203, No Iterations 1
smoothSolver:  Solving for Uy, Initial residual = 0.032375809, Final residual = 0.00082978859, No Iterations 2
smoothSolver:  Solving for Uz, Initial residual = 0.03254532, Final residual = 0.0026776361, No Iterations 1
GAMG:  Solving for p, Initial residual = 0.0055742385, Final residual = 1.2704191e-05, No Iterations 3
GAMG:  Solving for p, Initial residual = 0.00017789535, Final residual = 5.7898482e-07, No Iterations 3
smoothSolver:  Solving for omega, Initial residual = 0.0030070471, Final residual = 0.00024696722, No Iterations 2
smoothSolver:  Solving for k, Initial residual = 0.0034819789, Final residual = 0.00033440846, No Iterations 2
smoothSolver:  Solving for Ux, Initial residual = 0.025934811, Final residual = 0.00046664444, No Iterations 2
smoothSolver:  Solving for Uy, Initial residual = 0.030055419, Final residual = 0.00077697071, No Iterations 2
smoothSolver:  Solving for Uz, Initial residual = 0.030391398, Final residual = 0.0024463024, No Iterations 1
GAMG:  Solving for p, Initial residual = 0.0051657226, Final residual = 1.1250117e-05, No Iterations 3
GAMG:  Solving for p, Initial residual = 0.00016431565, Final residual = 5.7265837e-07, No Iterations 3
smoothSolver:  Solving for omega, Initial residual = 0.0030467801, Final residual = 0.00024409459, No Iterations 2
smoothSolver:  Solving for k, Initial residual = 0.0031249083, Final residual = 0.00029395269, No Iterations 2
smoothSolver:  Solving for Ux, Initial residual = 0.023836554, Final residual = 0.00044216621, No Iterations 2
smoothSolver:  Solving for Uy, Initial residual = 0.027934746, Final residual = 0.00072725328, No Iterations 2
smoothSolver:  Solving for Uz, Initial residual = 0.028419644, Final residual = 0.0022247262, No Iterations 1
GAMG:  Solving for p, Initial residual = 0.0048048013, Final residual = 4.6758439e-05, No Iterations 2
GAMG:  Solving for p, Initial residual = 0.00017725789, Final residual = 9.4278057e-07, No Iterations 3
smoothSolver:  Solving for omega, Initial residual = 0.0029365907, Final residual = 0.00023935342, No Iterations 2
smoothSolver:  Solving for k, Initial residual = 0.0031556673, Final residual = 0.00026440336, No Iterations 2
smoothSolver:  Solving for Ux, Initial residual = 0.022430396, Final residual = 0.00044684766, No Iterations 2
smoothSolver:  Solving for Uy, Initial residual = 0.025851398, Final residual = 0.00066832726, No Iterations 2
smoothSolver:  Solving for Uz, Initial residual = 0.02645567, Final residual = 0.0020232857, No Iterations 1
GAMG:  Solving for p, Initial residual = 0.0044699773, Final residual = 4.1501619e-05, No Iterations 2
GAMG:  Solving for p, Initial residual = 0.00016413686, Final residual = 7.532462e-07, No Iterations 3
smoothSolver:  Solving for omega, Initial residual = 0.0029731613, Final residual = 0.00023952152, No Iterations 2
smoothSolver:  Solving for k, Initial residual = 0.0030409019, Final residual = 0.00012362094, No Iterations 3
smoothSolver:  Solving for Ux, Initial residual = 0.020949907, Final residual = 0.00044476136, No Iterations 2
smoothSolver:  Solving for Uy, Initial residual = 0.024010703, Final residual = 0.0023565528, No Iterations 1
smoothSolver:  Solving for Uz, Initial residual = 0.024730192, Final residual = 0.0018860409, No Iterations 1
GAMG:  Solving for p, Initial residual = 0.0041940889, Final residual = 3.8235704e-05, No Iterations 2
GAMG:  Solving for p, Initial residual = 0.00015270808, Final residual = 6.026764e-07, No Iterations 3
smoothSolver:  Solving for omega, Initial residual = 0.0028900111, Final residual = 0.00024026537, No Iterations 2
smoothSolver:  Solving for k, Initial residual = 0.0032902909, Final residual = 0.00025942527, No Iterations 2
smoothSolver:  Solving for Ux, Initial residual = 0.019679416, Final residual = 0.00045307949, No Iterations 2
smoothSolver:  Solving for Uy, Initial residual = 0.02251803, Final residual = 0.0018507724, No Iterations 1
smoothSolver:  Solving for Uz, Initial residual = 0.023103816, Final residual = 0.0017508456, No Iterations 1
GAMG:  Solving for p, Initial residual = 0.0038857056, Final residual = 3.4538066e-05, No Iterations 2
GAMG:  Solving for p, Initial residual = 0.00014152593, Final residual = 5.0736611e-07, No Iterations 3
smoothSolver:  Solving for omega, Initial residual = 0.0029637731, Final residual = 0.00024527184, No Iterations 2
smoothSolver:  Solving for k, Initial residual = 0.0033606038, Final residual = 0.00033247638, No Iterations 2
smoothSolver:  Solving for Ux, Initial residual = 0.01818378, Final residual = 0.00044511144, No Iterations 2
smoothSolver:  Solving for Uy, Initial residual = 0.020929761, Final residual = 0.0016832449, No Iterations 1
smoothSolver:  Solving for Uz, Initial residual = 0.021711453, Final residual = 0.0016281838, No Iterations 1
GAMG:  Solving for p, Initial residual = 0.0036030384, Final residual = 3.1347032e-05, No Iterations 2
GAMG:  Solving for p, Initial residual = 0.00013183634, Final residual = 4.517943e-07, No Iterations 3
smoothSolver:  Solving for omega, Initial residual = 0.0028501628, Final residual = 0.00023551226, No Iterations 2
smoothSolver:  Solving for k, Initial residual = 0.0031650923, Final residual = 0.00012850013, No Iterations 3
smoothSolver:  Solving for Ux, Initial residual = 0.016754363, Final residual = 0.00043183796, No Iterations 2
smoothSolver:  Solving for Uy, Initial residual = 0.01953963, Final residual = 0.0016000437, No Iterations 1
smoothSolver:  Solving for Uz, Initial residual = 0.020161937, Final residual = 0.0015209271, No Iterations 1
GAMG:  Solving for p, Initial residual = 0.0033445139, Final residual = 2.8590748e-05, No Iterations 2
GAMG:  Solving for p, Initial residual = 0.00012279289, Final residual = 4.1908334e-07, No Iterations 3
smoothSolver:  Solving for omega, Initial residual = 0.0029216313, Final residual = 0.00023398189, No Iterations 2
smoothSolver:  Solving for k, Initial residual = 0.0030508684, Final residual = 0.00013350425, No Iterations 3
smoothSolver:  Solving for Ux, Initial residual = 0.015536101, Final residual = 0.00041317299, No Iterations 2
smoothSolver:  Solving for Uy, Initial residual = 0.018294045, Final residual = 0.001478316, No Iterations 1
smoothSolver:  Solving for Uz, Initial residual = 0.018650858, Final residual = 0.0014275804, No Iterations 1
GAMG:  Solving for p, Initial residual = 0.0031062328, Final residual = 2.6246838e-05, No Iterations 2
GAMG:  Solving for p, Initial residual = 0.00011411262, Final residual = 3.8529617e-07, No Iterations 3
smoothSolver:  Solving for omega, Initial residual = 0.0028161318, Final residual = 0.00022845039, No Iterations 2
smoothSolver:  Solving for k, Initial residual = 0.0032969427, Final residual = 0.00029093891, No Iterations 2
smoothSolver:  Solving for Ux, Initial residual = 0.014410341, Final residual = 0.00039427822, No Iterations 2
smoothSolver:  Solving for Uy, Initial residual = 0.017082571, Final residual = 0.001345498, No Iterations 1
smoothSolver:  Solving for Uz, Initial residual = 0.017411841, Final residual = 0.0013347641, No Iterations 1
GAMG:  Solving for p, Initial residual = 0.0028876189, Final residual = 2.4386565e-05, No Iterations 2
GAMG:  Solving for p, Initial residual = 0.00010611865, Final residual = 3.5799402e-07, No Iterations 3
smoothSolver:  Solving for omega, Initial residual = 0.002852052, Final residual = 0.00022506298, No Iterations 2
smoothSolver:  Solving for k, Initial residual = 0.0030189615, Final residual = 0.00012734721, No Iterations 3
smoothSolver:  Solving for Ux, Initial residual = 0.013395816, Final residual = 0.00037131496, No Iterations 2
smoothSolver:  Solving for Uy, Initial residual = 0.015895847, Final residual = 0.0012838499, No Iterations 1
smoothSolver:  Solving for Uz, Initial residual = 0.016250105, Final residual = 0.0012448858, No Iterations 1
GAMG:  Solving for p, Initial residual = 0.0026744547, Final residual = 2.2719915e-05, No Iterations 2
GAMG:  Solving for p, Initial residual = 9.865381e-05, Final residual = 3.3600743e-07, No Iterations 3
smoothSolver:  Solving for omega, Initial residual = 0.0027082726, Final residual = 0.00021522431, No Iterations 2
smoothSolver:  Solving for k, Initial residual = 0.0032195519, Final residual = 0.00024681682, No Iterations 2
smoothSolver:  Solving for Ux, Initial residual = 0.01255516, Final residual = 0.00034765216, No Iterations 2
smoothSolver:  Solving for Uy, Initial residual = 0.014844651, Final residual = 0.0012266878, No Iterations 1
smoothSolver:  Solving for Uz, Initial residual = 0.015097266, Final residual = 0.0011562925, No Iterations 1
GAMG:  Solving for p, Initial residual = 0.0024716468, Final residual = 2.1104302e-05, No Iterations 2
GAMG:  Solving for p, Initial residual = 9.1659272e-05, Final residual = 3.1990712e-07, No Iterations 3
smoothSolver:  Solving for omega, Initial residual = 0.0027582908, Final residual = 0.00021617737, No Iterations 2
smoothSolver:  Solving for k, Initial residual = 0.0033580136, Final residual = 0.00033413827, No Iterations 2
smoothSolver:  Solving for Ux, Initial residual = 0.011832479, Final residual = 0.00032145511, No Iterations 2
smoothSolver:  Solving for Uy, Initial residual = 0.013848834, Final residual = 0.00116374, No Iterations 1
smoothSolver:  Solving for Uz, Initial residual = 0.014025653, Final residual = 0.0010686592, No Iterations 1
GAMG:  Solving for p, Initial residual = 0.0022857625, Final residual = 1.9666926e-05, No Iterations 2
GAMG:  Solving for p, Initial residual = 8.4955405e-05, Final residual = 3.0577154e-07, No Iterations 3
smoothSolver:  Solving for omega, Initial residual = 0.0026716111, Final residual = 0.00024093156, No Iterations 2
smoothSolver:  Solving for k, Initial residual = 0.0032494195, Final residual = 0.00029638221, No Iterations 2
smoothSolver:  Solving for Ux, Initial residual = 0.011181898, Final residual = 0.00029524542, No Iterations 2
smoothSolver:  Solving for Uy, Initial residual = 0.01295302, Final residual = 0.0011160739, No Iterations 1
smoothSolver:  Solving for Uz, Initial residual = 0.013077636, Final residual = 0.0009858331, No Iterations 1
GAMG:  Solving for p, Initial residual = 0.0021116629, Final residual = 1.8394392e-05, No Iterations 2
GAMG:  Solving for p, Initial residual = 7.8747824e-05, Final residual = 2.9235132e-07, No Iterations 3
smoothSolver:  Solving for omega, Initial residual = 0.0027654271, Final residual = 0.00022227635, No Iterations 2
smoothSolver:  Solving for k, Initial residual = 0.0032073676, Final residual = 0.00030458064, No Iterations 2
smoothSolver:  Solving for Ux, Initial residual = 0.010536056, Final residual = 0.00026794132, No Iterations 2
smoothSolver:  Solving for Uy, Initial residual = 0.012078672, Final residual = 0.0010680436, No Iterations 1
smoothSolver:  Solving for Uz, Initial residual = 0.012181786, Final residual = 0.00090704448, No Iterations 1
GAMG:  Solving for p, Initial residual = 0.0019546268, Final residual = 1.7117473e-05, No Iterations 2
GAMG:  Solving for p, Initial residual = 7.2708235e-05, Final residual = 2.7937602e-07, No Iterations 3
smoothSolver:  Solving for omega, Initial residual = 0.0026450417, Final residual = 0.00020832544, No Iterations 2
smoothSolver:  Solving for k, Initial residual = 0.0029972883, Final residual = 0.00025400858, No Iterations 2
smoothSolver:  Solving for Ux, Initial residual = 0.0099551346, Final residual = 0.00024148421, No Iterations 2
smoothSolver:  Solving for Uy, Initial residual = 0.011268628, Final residual = 0.0010275693, No Iterations 1
smoothSolver:  Solving for Uz, Initial residual = 0.011332955, Final residual = 0.00083563559, No Iterations 1
GAMG:  Solving for p, Initial residual = 0.0018131993, Final residual = 1.5809141e-05, No Iterations 2
GAMG:  Solving for p, Initial residual = 6.693451e-05, Final residual = 2.6724275e-07, No Iterations 3
smoothSolver:  Solving for omega, Initial residual = 0.002649947, Final residual = 0.00019134226, No Iterations 2
smoothSolver:  Solving for k, Initial residual = 0.0028140344, Final residual = 0.00023828041, No Iterations 2
smoothSolver:  Solving for Ux, Initial residual = 0.009412097, Final residual = 0.00021469894, No Iterations 2
smoothSolver:  Solving for Uy, Initial residual = 0.010443802, Final residual = 0.00099229927, No Iterations 1
smoothSolver:  Solving for Uz, Initial residual = 0.010547116, Final residual = 0.00076659365, No Iterations 1
GAMG:  Solving for p, Initial residual = 0.001677289, Final residual = 1.4513756e-05, No Iterations 2
GAMG:  Solving for p, Initial residual = 6.1495301e-05, Final residual = 2.5386373e-07, No Iterations 3
smoothSolver:  Solving for omega, Initial residual = 0.0025912188, Final residual = 0.00022486458, No Iterations 2
smoothSolver:  Solving for k, Initial residual = 0.0026784417, Final residual = 0.00022153835, No Iterations 2
smoothSolver:  Solving for Ux, Initial residual = 0.0088566261, Final residual = 0.00084692785, No Iterations 1
smoothSolver:  Solving for Uy, Initial residual = 0.0096761293, Final residual = 0.00095284821, No Iterations 1
smoothSolver:  Solving for Uz, Initial residual = 0.0098156007, Final residual = 0.00070473802, No Iterations 1
GAMG:  Solving for p, Initial residual = 0.0015712099, Final residual = 1.4221711e-05, No Iterations 2
GAMG:  Solving for p, Initial residual = 5.8050682e-05, Final residual = 2.6102965e-07, No Iterations 3
smoothSolver:  Solving for omega, Initial residual = 0.0026955102, Final residual = 0.00020757034, No Iterations 2
smoothSolver:  Solving for k, Initial residual = 0.0027182122, Final residual = 0.00026344849, No Iterations 2
smoothSolver:  Solving for Ux, Initial residual = 0.0082892778, Final residual = 0.00070504496, No Iterations 1
smoothSolver:  Solving for Uy, Initial residual = 0.0090467061, Final residual = 0.00014517414, No Iterations 2
smoothSolver:  Solving for Uz, Initial residual = 0.0092127517, Final residual = 0.00065514807, No Iterations 1
GAMG:  Solving for p, Initial residual = 0.0014519099, Final residual = 1.438813e-05, No Iterations 2
GAMG:  Solving for p, Initial residual = 5.4532782e-05, Final residual = 3.2962972e-07, No Iterations 3
smoothSolver:  Solving for omega, Initial residual = 0.0025772438, Final residual = 0.00019319989, No Iterations 2
smoothSolver:  Solving for k, Initial residual = 0.0027246275, Final residual = 0.00025722676, No Iterations 2
smoothSolver:  Solving for Ux, Initial residual = 0.0077291966, Final residual = 0.00063078958, No Iterations 1
smoothSolver:  Solving for Uy, Initial residual = 0.0083730918, Final residual = 0.00016288211, No Iterations 2
smoothSolver:  Solving for Uz, Initial residual = 0.0085724243, Final residual = 0.00060148379, No Iterations 1
GAMG:  Solving for p, Initial residual = 0.0013421252, Final residual = 1.2290805e-05, No Iterations 2
GAMG:  Solving for p, Initial residual = 4.9482356e-05, Final residual = 2.7266322e-07, No Iterations 3
smoothSolver:  Solving for omega, Initial residual = 0.002628857, Final residual = 0.00018424524, No Iterations 2
smoothSolver:  Solving for k, Initial residual = 0.0027998768, Final residual = 0.00027241723, No Iterations 2
smoothSolver:  Solving for Ux, Initial residual = 0.0072138019, Final residual = 0.00059934453, No Iterations 1
smoothSolver:  Solving for Uy, Initial residual = 0.0078041108, Final residual = 0.00015749377, No Iterations 2
smoothSolver:  Solving for Uz, Initial residual = 0.0079405691, Final residual = 0.00054115238, No Iterations 1
GAMG:  Solving for p, Initial residual = 0.0012353799, Final residual = 1.084261e-05, No Iterations 2
GAMG:  Solving for p, Initial residual = 4.5159264e-05, Final residual = 2.2267123e-07, No Iterations 3
smoothSolver:  Solving for omega, Initial residual = 0.0025963106, Final residual = 0.00022023342, No Iterations 2
smoothSolver:  Solving for k, Initial residual = 0.0028760846, Final residual = 0.00025122521, No Iterations 2
smoothSolver:  Solving for Ux, Initial residual = 0.0067159693, Final residual = 0.00057329382, No Iterations 1
smoothSolver:  Solving for Uy, Initial residual = 0.0072218712, Final residual = 0.00014825768, No Iterations 2
smoothSolver:  Solving for Uz, Initial residual = 0.0073512897, Final residual = 0.00049987479, No Iterations 1
GAMG:  Solving for p, Initial residual = 0.0011405884, Final residual = 9.7806878e-06, No Iterations 2
GAMG:  Solving for p, Initial residual = 4.1441831e-05, Final residual = 1.8207903e-07, No Iterations 3
smoothSolver:  Solving for omega, Initial residual = 0.0027312952, Final residual = 0.00019291195, No Iterations 2
smoothSolver:  Solving for k, Initial residual = 0.0026203964, Final residual = 0.00025342975, No Iterations 2
smoothSolver:  Solving for Ux, Initial residual = 0.0062235641, Final residual = 0.00054102555, No Iterations 1
smoothSolver:  Solving for Uy, Initial residual = 0.0067519337, Final residual = 0.0001418114, No Iterations 2
smoothSolver:  Solving for Uz, Initial residual = 0.0068219785, Final residual = 0.00046375793, No Iterations 1
GAMG:  Solving for p, Initial residual = 0.0010559996, Final residual = 8.9098204e-06, No Iterations 2
GAMG:  Solving for p, Initial residual = 3.8102357e-05, Final residual = 1.4958221e-07, No Iterations 3
smoothSolver:  Solving for omega, Initial residual = 0.0026017957, Final residual = 0.00018132898, No Iterations 2
smoothSolver:  Solving for k, Initial residual = 0.0027523098, Final residual = 0.00022674535, No Iterations 2
smoothSolver:  Solving for Ux, Initial residual = 0.0057574657, Final residual = 0.00050641106, No Iterations 1
smoothSolver:  Solving for Uy, Initial residual = 0.0063316938, Final residual = 0.00013532724, No Iterations 2
smoothSolver:  Solving for Uz, Initial residual = 0.0063408567, Final residual = 0.00043318033, No Iterations 1
GAMG:  Solving for p, Initial residual = 0.00097644262, Final residual = 8.1639597e-06, No Iterations 2
GAMG:  Solving for p, Initial residual = 3.5198225e-05, Final residual = 1.2480121e-07, No Iterations 3
smoothSolver:  Solving for omega, Initial residual = 0.0027082912, Final residual = 0.00018328148, No Iterations 2
smoothSolver:  Solving for k, Initial residual = 0.0027335202, Final residual = 0.00026829901, No Iterations 2
smoothSolver:  Solving for Ux, Initial residual = 0.0053089597, Final residual = 0.00047263585, No Iterations 1
smoothSolver:  Solving for Uy, Initial residual = 0.005909692, Final residual = 0.00012724927, No Iterations 2
smoothSolver:  Solving for Uz, Initial residual = 0.0059005936, Final residual = 0.00040479973, No Iterations 1
GAMG:  Solving for p, Initial residual = 0.00090014099, Final residual = 7.5051861e-06, No Iterations 2
GAMG:  Solving for p, Initial residual = 3.2517694e-05, Final residual = 1.0840902e-07, No Iterations 3
smoothSolver:  Solving for omega, Initial residual = 0.0026372945, Final residual = 0.00020685641, No Iterations 2
smoothSolver:  Solving for k, Initial residual = 0.0028405972, Final residual = 0.00022523673, No Iterations 2
smoothSolver:  Solving for Ux, Initial residual = 0.0048823215, Final residual = 0.00044168869, No Iterations 1
smoothSolver:  Solving for Uy, Initial residual = 0.0055218826, Final residual = 0.00011955129, No Iterations 2
smoothSolver:  Solving for Uz, Initial residual = 0.005485343, Final residual = 0.00037740707, No Iterations 1
GAMG:  Solving for p, Initial residual = 0.0008308953, Final residual = 6.8757801e-06, No Iterations 2
GAMG:  Solving for p, Initial residual = 3.0065017e-05, Final residual = 9.7089946e-08, No Iterations 3
smoothSolver:  Solving for omega, Initial residual = 0.0027689969, Final residual = 0.00019158284, No Iterations 2
smoothSolver:  Solving for k, Initial residual = 0.0028003954, Final residual = 0.00010957583, No Iterations 3
smoothSolver:  Solving for Ux, Initial residual = 0.004476885, Final residual = 0.00041390835, No Iterations 1
smoothSolver:  Solving for Uy, Initial residual = 0.0051419302, Final residual = 0.00011126102, No Iterations 2
smoothSolver:  Solving for Uz, Initial residual = 0.005087654, Final residual = 0.00035244549, No Iterations 1
GAMG:  Solving for p, Initial residual = 0.00076962945, Final residual = 6.3009982e-06, No Iterations 2
GAMG:  Solving for p, Initial residual = 2.7780975e-05, Final residual = 9.0494236e-08, No Iterations 3
smoothSolver:  Solving for omega, Initial residual = 0.0026295317, Final residual = 0.00017879767, No Iterations 2
smoothSolver:  Solving for k, Initial residual = 0.0031469666, Final residual = 0.0002432495, No Iterations 2
smoothSolver:  Solving for Ux, Initial residual = 0.0041480561, Final residual = 0.00038195873, No Iterations 1
smoothSolver:  Solving for Uy, Initial residual = 0.0047949975, Final residual = 0.00010448491, No Iterations 2
smoothSolver:  Solving for Uz, Initial residual = 0.0047134312, Final residual = 0.00032776879, No Iterations 1
GAMG:  Solving for p, Initial residual = 0.00071481128, Final residual = 5.7861692e-06, No Iterations 2
GAMG:  Solving for p, Initial residual = 2.5678497e-05, Final residual = 8.5259584e-08, No Iterations 3
smoothSolver:  Solving for omega, Initial residual = 0.002737133, Final residual = 0.00018614115, No Iterations 2
smoothSolver:  Solving for k, Initial residual = 0.0031073627, Final residual = 0.00029690715, No Iterations 2
smoothSolver:  Solving for Ux, Initial residual = 0.0038516896, Final residual = 0.00035363296, No Iterations 1
smoothSolver:  Solving for Uy, Initial residual = 0.0044546018, Final residual = 9.665244e-05, No Iterations 2
smoothSolver:  Solving for Uz, Initial residual = 0.0043586544, Final residual = 0.00030397368, No Iterations 1
GAMG:  Solving for p, Initial residual = 0.0006651955, Final residual = 5.3062287e-06, No Iterations 2
GAMG:  Solving for p, Initial residual = 2.3670764e-05, Final residual = 8.2504429e-08, No Iterations 3
smoothSolver:  Solving for omega, Initial residual = 0.0026856632, Final residual = 0.00022270472, No Iterations 2
smoothSolver:  Solving for k, Initial residual = 0.0027096961, Final residual = 0.00025968832, No Iterations 2
smoothSolver:  Solving for Ux, Initial residual = 0.0035885349, Final residual = 0.00032410825, No Iterations 1
smoothSolver:  Solving for Uy, Initial residual = 0.0041433164, Final residual = 9.0360745e-05, No Iterations 2
smoothSolver:  Solving for Uz, Initial residual = 0.0040201094, Final residual = 0.00028194741, No Iterations 1
GAMG:  Solving for p, Initial residual = 0.00061877881, Final residual = 4.8568605e-06, No Iterations 2
GAMG:  Solving for p, Initial residual = 2.186414e-05, Final residual = 7.9347462e-08, No Iterations 3
smoothSolver:  Solving for omega, Initial residual = 0.0028527135, Final residual = 0.00020624348, No Iterations 2
smoothSolver:  Solving for k, Initial residual = 0.0025624958, Final residual = 0.00010271671, No Iterations 3
smoothSolver:  Solving for Ux, Initial residual = 0.0033437782, Final residual = 0.00029749239, No Iterations 1
smoothSolver:  Solving for Uy, Initial residual = 0.0038362967, Final residual = 8.3376393e-05, No Iterations 2
smoothSolver:  Solving for Uz, Initial residual = 0.0037068153, Final residual = 0.00026341225, No Iterations 1
GAMG:  Solving for p, Initial residual = 0.00057516647, Final residual = 4.4618952e-06, No Iterations 2
GAMG:  Solving for p, Initial residual = 2.0173999e-05, Final residual = 7.752216e-08, No Iterations 3
smoothSolver:  Solving for omega, Initial residual = 0.0027767734, Final residual = 0.00018859804, No Iterations 2
smoothSolver:  Solving for k, Initial residual = 0.002908648, Final residual = 0.00023938723, No Iterations 2
smoothSolver:  Solving for Ux, Initial residual = 0.003115046, Final residual = 0.00027163398, No Iterations 1
smoothSolver:  Solving for Uy, Initial residual = 0.0035506272, Final residual = 7.749469e-05, No Iterations 2
smoothSolver:  Solving for Uz, Initial residual = 0.0034243486, Final residual = 0.00024568193, No Iterations 1
GAMG:  Solving for p, Initial residual = 0.00053441427, Final residual = 4.0588655e-06, No Iterations 2
GAMG:  Solving for p, Initial residual = 1.8593586e-05, Final residual = 7.4485301e-08, No Iterations 3
smoothSolver:  Solving for omega, Initial residual = 0.0028593488, Final residual = 0.00019456344, No Iterations 2
smoothSolver:  Solving for k, Initial residual = 0.0027962196, Final residual = 0.00012347094, No Iterations 3
smoothSolver:  Solving for Ux, Initial residual = 0.0028853837, Final residual = 0.00025496441, No Iterations 1
smoothSolver:  Solving for Uy, Initial residual = 0.0032895144, Final residual = 7.0703901e-05, No Iterations 2
smoothSolver:  Solving for Uz, Initial residual = 0.0031540663, Final residual = 0.00023017165, No Iterations 1
GAMG:  Solving for p, Initial residual = 0.00049648421, Final residual = 3.6931556e-06, No Iterations 2
GAMG:  Solving for p, Initial residual = 1.7128737e-05, Final residual = 7.2054226e-08, No Iterations 3
smoothSolver:  Solving for omega, Initial residual = 0.0028478711, Final residual = 0.0002148738, No Iterations 2
smoothSolver:  Solving for k, Initial residual = 0.0028992201, Final residual = 0.00025490322, No Iterations 2
smoothSolver:  Solving for Ux, Initial residual = 0.0026834782, Final residual = 0.00024155753, No Iterations 1
smoothSolver:  Solving for Uy, Initial residual = 0.0030415207, Final residual = 6.5130001e-05, No Iterations 2
smoothSolver:  Solving for Uz, Initial residual = 0.0029040341, Final residual = 0.00021469781, No Iterations 1
GAMG:  Solving for p, Initial residual = 0.00046197636, Final residual = 3.3494687e-06, No Iterations 2
GAMG:  Solving for p, Initial residual = 1.5792047e-05, Final residual = 6.8397325e-08, No Iterations 3
smoothSolver:  Solving for omega, Initial residual = 0.0029513387, Final residual = 0.00020086548, No Iterations 2
smoothSolver:  Solving for k, Initial residual = 0.0030523959, Final residual = 0.00012768917, No Iterations 3
smoothSolver:  Solving for Ux, Initial residual = 0.0024963544, Final residual = 0.00023146449, No Iterations 1
smoothSolver:  Solving for Uy, Initial residual = 0.0028134784, Final residual = 0.00028118109, No Iterations 1
smoothSolver:  Solving for Uz, Initial residual = 0.0026730213, Final residual = 0.00019969486, No Iterations 1
GAMG:  Solving for p, Initial residual = 0.00043925683, Final residual = 3.0923888e-06, No Iterations 2
GAMG:  Solving for p, Initial residual = 1.4669837e-05, Final residual = 6.4109536e-08, No Iterations 3
smoothSolver:  Solving for omega, Initial residual = 0.0028598342, Final residual = 0.00018051518, No Iterations 2
smoothSolver:  Solving for k, Initial residual = 0.0031877951, Final residual = 0.00027843011, No Iterations 2
smoothSolver:  Solving for Ux, Initial residual = 0.00234198, Final residual = 0.00022682693, No Iterations 1
smoothSolver:  Solving for Uy, Initial residual = 0.0024785496, Final residual = 0.0002108324, No Iterations 1
smoothSolver:  Solving for Uz, Initial residual = 0.0024837307, Final residual = 0.00018494696, No Iterations 1
GAMG:  Solving for p, Initial residual = 0.00040678865, Final residual = 2.8005008e-06, No Iterations 2
GAMG:  Solving for p, Initial residual = 1.3502528e-05, Final residual = 6.1020189e-08, No Iterations 3
smoothSolver:  Solving for omega, Initial residual = 0.0029013891, Final residual = 0.00019397484, No Iterations 2
smoothSolver:  Solving for k, Initial residual = 0.0032376057, Final residual = 0.00031606597, No Iterations 2
smoothSolver:  Solving for Ux, Initial residual = 0.0021865335, Final residual = 0.00021462989, No Iterations 1
smoothSolver:  Solving for Uy, Initial residual = 0.002312302, Final residual = 0.00018782085, No Iterations 1
smoothSolver:  Solving for Uz, Initial residual = 0.0022832049, Final residual = 0.00017600797, No Iterations 1
GAMG:  Solving for p, Initial residual = 0.0003753911, Final residual = 2.5068917e-06, No Iterations 2
GAMG:  Solving for p, Initial residual = 1.2395502e-05, Final residual = 5.7134206e-08, No Iterations 3
smoothSolver:  Solving for omega, Initial residual = 0.0028601573, Final residual = 0.00021780715, No Iterations 2
smoothSolver:  Solving for k, Initial residual = 0.002968004, Final residual = 0.000145306, No Iterations 3
smoothSolver:  Solving for Ux, Initial residual = 0.0020224833, Final residual = 0.00020095759, No Iterations 1
smoothSolver:  Solving for Uy, Initial residual = 0.0021532872, Final residual = 0.00018135018, No Iterations 1
smoothSolver:  Solving for Uz, Initial residual = 0.0020916977, Final residual = 0.00016637945, No Iterations 1
GAMG:  Solving for p, Initial residual = 0.00034710066, Final residual = 2.2535592e-06, No Iterations 2
GAMG:  Solving for p, Initial residual = 1.1405575e-05, Final residual = 5.298206e-08, No Iterations 3
smoothSolver:  Solving for omega, Initial residual = 0.0029614274, Final residual = 0.00019666527, No Iterations 2
smoothSolver:  Solving for k, Initial residual = 0.0029997308, Final residual = 0.00025264473, No Iterations 2
smoothSolver:  Solving for Ux, Initial residual = 0.0018611659, Final residual = 3.8684496e-05, No Iterations 2
smoothSolver:  Solving for Uy, Initial residual = 0.0019776384, Final residual = 0.00016511167, No Iterations 1
smoothSolver:  Solving for Uz, Initial residual = 0.0019307937, Final residual = 0.00015760934, No Iterations 1
GAMG:  Solving for p, Initial residual = 0.00031383628, Final residual = 1.9018679e-06, No Iterations 2
GAMG:  Solving for p, Initial residual = 1.0153462e-05, Final residual = 4.7630004e-08, No Iterations 3
smoothSolver:  Solving for omega, Initial residual = 0.0028428145, Final residual = 0.0001832319, No Iterations 2
smoothSolver:  Solving for k, Initial residual = 0.0030250637, Final residual = 0.00013713504, No Iterations 3
smoothSolver:  Solving for Ux, Initial residual = 0.0017722046, Final residual = 4.1355578e-05, No Iterations 2
smoothSolver:  Solving for Uy, Initial residual = 0.0017567634, Final residual = 0.00014848993, No Iterations 1
smoothSolver:  Solving for Uz, Initial residual = 0.001722304, Final residual = 0.00014785317, No Iterations 1
GAMG:  Solving for p, Initial residual = 0.00029041444, Final residual = 1.684227e-06, No Iterations 2
GAMG:  Solving for p, Initial residual = 9.3445689e-06, Final residual = 4.1795823e-08, No Iterations 3
smoothSolver:  Solving for omega, Initial residual = 0.0028779142, Final residual = 0.00018786412, No Iterations 2
smoothSolver:  Solving for k, Initial residual = 0.002903887, Final residual = 0.00028493639, No Iterations 2
smoothSolver:  Solving for Ux, Initial residual = 0.0016620741, Final residual = 4.1123044e-05, No Iterations 2
smoothSolver:  Solving for Uy, Initial residual = 0.0015971017, Final residual = 0.00013064413, No Iterations 1
smoothSolver:  Solving for Uz, Initial residual = 0.0015768339, Final residual = 0.00013686827, No Iterations 1
GAMG:  Solving for p, Initial residual = 0.00026866259, Final residual = 1.5368861e-06, No Iterations 2
GAMG:  Solving for p, Initial residual = 8.6269212e-06, Final residual = 3.7892848e-08, No Iterations 3
smoothSolver:  Solving for omega, Initial residual = 0.002793884, Final residual = 0.00021280489, No Iterations 2
smoothSolver:  Solving for k, Initial residual = 0.0029648375, Final residual = 0.00024992452, No Iterations 2
smoothSolver:  Solving for Ux, Initial residual = 0.0015399086, Final residual = 3.9094099e-05, No Iterations 2
smoothSolver:  Solving for Uy, Initial residual = 0.001492954, Final residual = 0.00011988914, No Iterations 1
smoothSolver:  Solving for Uz, Initial residual = 0.0014732585, Final residual = 0.00012885229, No Iterations 1
GAMG:  Solving for p, Initial residual = 0.00024812697, Final residual = 1.4215638e-06, No Iterations 2
GAMG:  Solving for p, Initial residual = 7.9933832e-06, Final residual = 3.405141e-08, No Iterations 3
smoothSolver:  Solving for omega, Initial residual = 0.0028565315, Final residual = 0.00019878759, No Iterations 2
smoothSolver:  Solving for k, Initial residual = 0.0028716329, Final residual = 0.00023564271, No Iterations 2
smoothSolver:  Solving for Ux, Initial residual = 0.00143029, Final residual = 3.7754274e-05, No Iterations 2
smoothSolver:  Solving for Uy, Initial residual = 0.0013958006, Final residual = 0.00010801307, No Iterations 1
smoothSolver:  Solving for Uz, Initial residual = 0.0013731869, Final residual = 0.00012065365, No Iterations 1
GAMG:  Solving for p, Initial residual = 0.00022908578, Final residual = 1.331383e-06, No Iterations 2
GAMG:  Solving for p, Initial residual = 7.376136e-06, Final residual = 3.0866837e-08, No Iterations 3
smoothSolver:  Solving for omega, Initial residual = 0.0027573208, Final residual = 0.00018822906, No Iterations 2
smoothSolver:  Solving for k, Initial residual = 0.0029597429, Final residual = 0.00025266257, No Iterations 2
smoothSolver:  Solving for Ux, Initial residual = 0.0013260537, Final residual = 3.6584101e-05, No Iterations 2
smoothSolver:  Solving for Uy, Initial residual = 0.0012960879, Final residual = 9.8030529e-05, No Iterations 1
smoothSolver:  Solving for Uz, Initial residual = 0.0012739554, Final residual = 0.0001123828, No Iterations 1
GAMG:  Solving for p, Initial residual = 0.00021115845, Final residual = 1.2381164e-06, No Iterations 2
GAMG:  Solving for p, Initial residual = 6.8367909e-06, Final residual = 2.7383835e-08, No Iterations 3
smoothSolver:  Solving for omega, Initial residual = 0.0027980723, Final residual = 0.00019170931, No Iterations 2
smoothSolver:  Solving for k, Initial residual = 0.0025763472, Final residual = 0.00025582708, No Iterations 2
smoothSolver:  Solving for Ux, Initial residual = 0.0012311824, Final residual = 3.5249563e-05, No Iterations 2
smoothSolver:  Solving for Uy, Initial residual = 0.0012021358, Final residual = 8.6758639e-05, No Iterations 1
smoothSolver:  Solving for Uz, Initial residual = 0.0011865111, Final residual = 0.00010504559, No Iterations 1
GAMG:  Solving for p, Initial residual = 0.00019466354, Final residual = 1.1549527e-06, No Iterations 2
GAMG:  Solving for p, Initial residual = 6.2992254e-06, Final residual = 9.7694078e-08, No Iterations 2
smoothSolver:  Solving for omega, Initial residual = 0.0027738544, Final residual = 0.00022410171, No Iterations 2
smoothSolver:  Solving for k, Initial residual = 0.0028039501, Final residual = 0.00011019322, No Iterations 3
smoothSolver:  Solving for Ux, Initial residual = 0.0011418435, Final residual = 3.3678101e-05, No Iterations 2
smoothSolver:  Solving for Uy, Initial residual = 0.0011167816, Final residual = 7.9107565e-05, No Iterations 1
smoothSolver:  Solving for Uz, Initial residual = 0.0011011398, Final residual = 9.8405182e-05, No Iterations 1
GAMG:  Solving for p, Initial residual = 0.00017936521, Final residual = 1.0738883e-06, No Iterations 2
GAMG:  Solving for p, Initial residual = 5.8352125e-06, Final residual = 8.7066964e-08, No Iterations 2
smoothSolver:  Solving for omega, Initial residual = 0.0028479933, Final residual = 0.00021055361, No Iterations 2
smoothSolver:  Solving for k, Initial residual = 0.003059756, Final residual = 0.00012083747, No Iterations 3
smoothSolver:  Solving for Ux, Initial residual = 0.0010600521, Final residual = 3.2061616e-05, No Iterations 2
smoothSolver:  Solving for Uy, Initial residual = 0.0010354291, Final residual = 6.949278e-05, No Iterations 1
smoothSolver:  Solving for Uz, Initial residual = 0.0010237489, Final residual = 9.0930941e-05, No Iterations 1
GAMG:  Solving for p, Initial residual = 0.00016551008, Final residual = 9.9768767e-07, No Iterations 2
GAMG:  Solving for p, Initial residual = 5.358987e-06, Final residual = 7.8281797e-08, No Iterations 2
smoothSolver:  Solving for omega, Initial residual = 0.0028086214, Final residual = 0.00020501632, No Iterations 2
smoothSolver:  Solving for k, Initial residual = 0.0032927641, Final residual = 0.00027025887, No Iterations 2
smoothSolver:  Solving for Ux, Initial residual = 0.00098301419, Final residual = 3.0274705e-05, No Iterations 2
smoothSolver:  Solving for Uy, Initial residual = 0.00096144121, Final residual = 6.4252341e-05, No Iterations 1
smoothSolver:  Solving for Uz, Initial residual = 0.00095137942, Final residual = 8.4480847e-05, No Iterations 1
GAMG:  Solving for p, Initial residual = 0.00015284962, Final residual = 9.2219571e-07, No Iterations 2
GAMG:  Solving for p, Initial residual = 4.9523131e-06, Final residual = 6.9807874e-08, No Iterations 2
smoothSolver:  Solving for omega, Initial residual = 0.002834357, Final residual = 0.00021017247, No Iterations 2
smoothSolver:  Solving for k, Initial residual = 0.0031174396, Final residual = 0.00029244079, No Iterations 2
smoothSolver:  Solving for Ux, Initial residual = 0.00091357141, Final residual = 2.8569754e-05, No Iterations 2
smoothSolver:  Solving for Uy, Initial residual = 0.00089377464, Final residual = 5.6815936e-05, No Iterations 1
smoothSolver:  Solving for Uz, Initial residual = 0.00088603822, Final residual = 7.7670485e-05, No Iterations 1
GAMG:  Solving for p, Initial residual = 0.00014119343, Final residual = 8.5925558e-07, No Iterations 2
GAMG:  Solving for p, Initial residual = 4.5488664e-06, Final residual = 6.3474945e-08, No Iterations 2
smoothSolver:  Solving for omega, Initial residual = 0.0028093184, Final residual = 0.00022171404, No Iterations 2
smoothSolver:  Solving for k, Initial residual = 0.0027570177, Final residual = 0.00025275283, No Iterations 2
smoothSolver:  Solving for Ux, Initial residual = 0.00084614062, Final residual = 2.6775143e-05, No Iterations 2
smoothSolver:  Solving for Uy, Initial residual = 0.00083050153, Final residual = 5.2606609e-05, No Iterations 1
smoothSolver:  Solving for Uz, Initial residual = 0.00082551294, Final residual = 7.1362188e-05, No Iterations 1
GAMG:  Solving for p, Initial residual = 0.00013039449, Final residual = 7.897955e-07, No Iterations 2
GAMG:  Solving for p, Initial residual = 4.1864152e-06, Final residual = 5.6503127e-08, No Iterations 2
smoothSolver:  Solving for omega, Initial residual = 0.0028165085, Final residual = 0.00022002681, No Iterations 2
smoothSolver:  Solving for k, Initial residual = 0.0026078783, Final residual = 0.00023982313, No Iterations 2
smoothSolver:  Solving for Ux, Initial residual = 0.00078371753, Final residual = 2.5294326e-05, No Iterations 2
smoothSolver:  Solving for Uy, Initial residual = 0.00077284472, Final residual = 4.7424689e-05, No Iterations 1
smoothSolver:  Solving for Uz, Initial residual = 0.00077110985, Final residual = 6.5457662e-05, No Iterations 1
GAMG:  Solving for p, Initial residual = 0.00012035998, Final residual = 7.3294415e-07, No Iterations 2
GAMG:  Solving for p, Initial residual = 3.844258e-06, Final residual = 5.1468338e-08, No Iterations 2
smoothSolver:  Solving for omega, Initial residual = 0.0027208293, Final residual = 0.00022062628, No Iterations 2
smoothSolver:  Solving for k, Initial residual = 0.0028768048, Final residual = 0.00025024118, No Iterations 2
smoothSolver:  Solving for Ux, Initial residual = 0.00072513427, Final residual = 2.337674e-05, No Iterations 2
smoothSolver:  Solving for Uy, Initial residual = 0.00071835276, Final residual = 4.4723799e-05, No Iterations 1
smoothSolver:  Solving for Uz, Initial residual = 0.00071767568, Final residual = 5.9816379e-05, No Iterations 1
GAMG:  Solving for p, Initial residual = 0.00011150847, Final residual = 6.7078479e-07, No Iterations 2
GAMG:  Solving for p, Initial residual = 3.526458e-06, Final residual = 4.5792679e-08, No Iterations 2
smoothSolver:  Solving for omega, Initial residual = 0.0027544435, Final residual = 0.00022434482, No Iterations 2
smoothSolver:  Solving for k, Initial residual = 0.0026700564, Final residual = 9.9483461e-05, No Iterations 3
smoothSolver:  Solving for Ux, Initial residual = 0.00067356249, Final residual = 2.1977496e-05, No Iterations 2
smoothSolver:  Solving for Uy, Initial residual = 0.00066779413, Final residual = 4.1058443e-05, No Iterations 1
smoothSolver:  Solving for Uz, Initial residual = 0.00066945708, Final residual = 5.468206e-05, No Iterations 1
GAMG:  Solving for p, Initial residual = 0.00010326646, Final residual = 6.162919e-07, No Iterations 2
GAMG:  Solving for p, Initial residual = 3.2264712e-06, Final residual = 4.1682451e-08, No Iterations 2
smoothSolver:  Solving for omega, Initial residual = 0.0027421783, Final residual = 0.00023494076, No Iterations 2
smoothSolver:  Solving for k, Initial residual = 0.002934013, Final residual = 0.00025075814, No Iterations 2
smoothSolver:  Solving for Ux, Initial residual = 0.00062500823, Final residual = 2.0078375e-05, No Iterations 2
smoothSolver:  Solving for Uy, Initial residual = 0.00062084452, Final residual = 3.8651432e-05, No Iterations 1
smoothSolver:  Solving for Uz, Initial residual = 0.00062197492, Final residual = 4.9820866e-05, No Iterations 1
GAMG:  Solving for p, Initial residual = 9.5865686e-05, Final residual = 5.6158062e-07, No Iterations 2
GAMG:  Solving for p, Initial residual = 2.9512619e-06, Final residual = 3.6811858e-08, No Iterations 2
smoothSolver:  Solving for omega, Initial residual = 0.0027459649, Final residual = 0.00023094073, No Iterations 2
smoothSolver:  Solving for k, Initial residual = 0.0030910808, Final residual = 0.00027881618, No Iterations 2
smoothSolver:  Solving for Ux, Initial residual = 0.00058418327, Final residual = 1.8847726e-05, No Iterations 2
smoothSolver:  Solving for Uy, Initial residual = 0.00057676065, Final residual = 3.4915206e-05, No Iterations 1
smoothSolver:  Solving for Uz, Initial residual = 0.00057924308, Final residual = 4.5197062e-05, No Iterations 1
GAMG:  Solving for p, Initial residual = 8.9076619e-05, Final residual = 5.1529653e-07, No Iterations 2
GAMG:  Solving for p, Initial residual = 2.6890749e-06, Final residual = 3.3639908e-08, No Iterations 2
smoothSolver:  Solving for omega, Initial residual = 0.0027483436, Final residual = 0.00023450642, No Iterations 2
smoothSolver:  Solving for k, Initial residual = 0.0027750504, Final residual = 0.00026250701, No Iterations 2
smoothSolver:  Solving for Ux, Initial residual = 0.00054278802, Final residual = 1.6941894e-05, No Iterations 2
smoothSolver:  Solving for Uy, Initial residual = 0.00053559487, Final residual = 3.3073116e-05, No Iterations 1
smoothSolver:  Solving for Uz, Initial residual = 0.00053945495, Final residual = 4.1089744e-05, No Iterations 1
GAMG:  Solving for p, Initial residual = 8.2962657e-05, Final residual = 4.7057495e-07, No Iterations 2
GAMG:  Solving for p, Initial residual = 2.4543967e-06, Final residual = 2.9595438e-08, No Iterations 2
smoothSolver:  Solving for omega, Initial residual = 0.0027818757, Final residual = 0.00023335948, No Iterations 2
smoothSolver:  Solving for k, Initial residual = 0.0025170976, Final residual = 0.00024672692, No Iterations 2
smoothSolver:  Solving for Ux, Initial residual = 0.00050888069, Final residual = 1.5904429e-05, No Iterations 2
smoothSolver:  Solving for Uy, Initial residual = 0.00049801656, Final residual = 3.0815761e-05, No Iterations 1
smoothSolver:  Solving for Uz, Initial residual = 0.0005035791, Final residual = 3.7475634e-05, No Iterations 1
GAMG:  Solving for p, Initial residual = 7.7110913e-05, Final residual = 4.2963249e-07, No Iterations 2
GAMG:  Solving for p, Initial residual = 2.233461e-06, Final residual = 2.7179848e-08, No Iterations 2
smoothSolver:  Solving for omega, Initial residual = 0.0027557088, Final residual = 0.00024233191, No Iterations 2
smoothSolver:  Solving for k, Initial residual = 0.0026716929, Final residual = 0.00024228789, No Iterations 2
smoothSolver:  Solving for Ux, Initial residual = 0.00047407125, Final residual = 1.4133786e-05, No Iterations 2
smoothSolver:  Solving for Uy, Initial residual = 0.00046380821, Final residual = 2.8463776e-05, No Iterations 1
smoothSolver:  Solving for Uz, Initial residual = 0.00046991591, Final residual = 3.4301426e-05, No Iterations 1
GAMG:  Solving for p, Initial residual = 7.1707923e-05, Final residual = 3.9178427e-07, No Iterations 2
GAMG:  Solving for p, Initial residual = 2.0341557e-06, Final residual = 2.3832826e-08, No Iterations 2
smoothSolver:  Solving for omega, Initial residual = 0.0027289151, Final residual = 0.00023805398, No Iterations 2
smoothSolver:  Solving for k, Initial residual = 0.0026888542, Final residual = 0.00010314492, No Iterations 3
smoothSolver:  Solving for Ux, Initial residual = 0.00044469416, Final residual = 1.3303452e-05, No Iterations 2
smoothSolver:  Solving for Uy, Initial residual = 0.00043097901, Final residual = 2.6978078e-05, No Iterations 1
smoothSolver:  Solving for Uz, Initial residual = 0.00043949437, Final residual = 3.0967568e-05, No Iterations 1
GAMG:  Solving for p, Initial residual = 6.6547835e-05, Final residual = 3.5497292e-07, No Iterations 2
GAMG:  Solving for p, Initial residual = 1.846557e-06, Final residual = 2.2031135e-08, No Iterations 2
smoothSolver:  Solving for omega, Initial residual = 0.0027077007, Final residual = 0.00023275097, No Iterations 2
smoothSolver:  Solving for k, Initial residual = 0.0028942083, Final residual = 0.00023709564, No Iterations 2
smoothSolver:  Solving for Ux, Initial residual = 0.00041354822, Final residual = 1.1610224e-05, No Iterations 2
smoothSolver:  Solving for Uy, Initial residual = 0.00040060867, Final residual = 2.5576972e-05, No Iterations 1
smoothSolver:  Solving for Uz, Initial residual = 0.00040877751, Final residual = 2.8267251e-05, No Iterations 1
GAMG:  Solving for p, Initial residual = 6.1885502e-05, Final residual = 3.2424405e-07, No Iterations 2
GAMG:  Solving for p, Initial residual = 1.6828714e-06, Final residual = 1.9478898e-08, No Iterations 2
smoothSolver:  Solving for omega, Initial residual = 0.0027195517, Final residual = 0.00023501075, No Iterations 2
smoothSolver:  Solving for k, Initial residual = 0.0029077944, Final residual = 0.00026947762, No Iterations 2
smoothSolver:  Solving for Ux, Initial residual = 0.00038766031, Final residual = 1.0965212e-05, No Iterations 2
smoothSolver:  Solving for Uy, Initial residual = 0.00037259001, Final residual = 2.435958e-05, No Iterations 1
smoothSolver:  Solving for Uz, Initial residual = 0.00038149354, Final residual = 2.6154652e-05, No Iterations 1
GAMG:  Solving for p, Initial residual = 5.7484602e-05, Final residual = 2.9316411e-07, No Iterations 2
GAMG:  Solving for p, Initial residual = 1.5222806e-06, Final residual = 1.816588e-08, No Iterations 2
smoothSolver:  Solving for omega, Initial residual = 0.0027443379, Final residual = 0.00023970128, No Iterations 2
smoothSolver:  Solving for k, Initial residual = 0.0026918482, Final residual = 0.00026104318, No Iterations 2
smoothSolver:  Solving for Ux, Initial residual = 0.00036069074, Final residual = 9.3582202e-06, No Iterations 2
smoothSolver:  Solving for Uy, Initial residual = 0.00034607522, Final residual = 2.3294118e-05, No Iterations 1
smoothSolver:  Solving for Uz, Initial residual = 0.0003549865, Final residual = 2.3394504e-05, No Iterations 1
GAMG:  Solving for p, Initial residual = 5.3480207e-05, Final residual = 2.6812977e-07, No Iterations 2
GAMG:  Solving for p, Initial residual = 1.385144e-06, Final residual = 1.6154789e-08, No Iterations 2
smoothSolver:  Solving for omega, Initial residual = 0.0027768208, Final residual = 0.00024169384, No Iterations 2
smoothSolver:  Solving for k, Initial residual = 0.0025115724, Final residual = 0.00023537944, No Iterations 2
Time = 100

smoothSolver:  Solving for Ux, Initial residual = 0.00033845074, Final residual = 8.8775948e-06, No Iterations 2
smoothSolver:  Solving for Uy, Initial residual = 0.0003226417, Final residual = 2.2156883e-05, No Iterations 1
smoothSolver:  Solving for Uz, Initial residual = 0.00033089816, Final residual = 2.1981064e-05, No Iterations 1
U0 initRes: 0.00033845074 finalRes: 8.8775948e-06 nIters: 2
U1 initRes: 0.0003226417 finalRes: 2.2156883e-05 nIters: 1
U2 initRes: 0.00033089816 finalRes: 2.1981064e-05 nIters: 1
GAMG:  Solving for p, Initial residual = 4.9669528e-05, Final residual = 2.4150652e-07, No Iterations 2
p initRes: 4.9669528e-05 finalRes: 2.4150652e-07 nIters: 2
GAMG:  Solving for p, Initial residual = 1.2536132e-06, Final residual = 9.3104848e-08, No Iterations 1
p initRes: 1.2536132e-06 finalRes: 9.3104848e-08 nIters: 1
Time step continuity errors : sum local = 5.2505794e-07
                                 global = -5.8900992e-08
                             cumulative = 3.2826704e-05
smoothSolver:  Solving for omega, Initial residual = 0.002753529, Final residual = 0.00023206531, No Iterations 2
omega initRes: 0.002753529 finalRes: 0.00023206531 nIters: 2
smoothSolver:  Solving for k, Initial residual = 0.0027044917, Final residual = 0.00024876431, No Iterations 2
k initRes: 0.0027044917 finalRes: 0.00024876431 nIters: 2
CD: 0.15297182 final: 0.15297182
CL: 0.092173714 final: 0.092173714
yPlus min: 1487.8027 max: 3019.599 mean: 2495.6343
ExecutionTime = 1.03 s  ClockTime = 1 s

smoothSolver:  Solving for Ux, Initial residual = 0.00031547797, Final residual = 7.4718297e-06, No Iterations 2
smoothSolver:  Solving for Uy, Initial residual = 0.0003008574, Final residual = 2.1132593e-05, No Iterations 1
smoothSolver:  Solving for Uz, Initial residual = 0.00030746981, Final residual = 1.963007e-05, No Iterations 1
GAMG:  Solving for p, Initial residual = 4.6112682e-05, Final residual = 2.2112279e-07, No Iterations 2
GAMG:  Solving for p, Initial residual = 1.1406832e-06, Final residual = 8.4410959e-08, No Iterations 1
smoothSolver:  Solving for omega, Initial residual = 0.0027500369, Final residual = 0.00022809909, No Iterations 2
smoothSolver:  Solving for k, Initial residual = 0.0026519342, Final residual = 0.00010309454, No Iterations 3
smoothSolver:  Solving for Ux, Initial residual = 0.0002956673, Final residual = 7.2134215e-06, No Iterations 2
smoothSolver:  Solving for Uy, Initial residual = 0.00028051743, Final residual = 1.9912582e-05, No Iterations 1
smoothSolver:  Solving for Uz, Initial residual = 0.00028743089, Final residual = 1.8675238e-05, No Iterations 1
GAMG:  Solving for p, Initial residual = 4.2799087e-05, Final residual = 1.9854312e-07, No Iterations 2
GAMG:  Solving for p, Initial residual = 1.0378145e-06, Final residual = 7.6865456e-08, No Iterations 1
smoothSolver:  Solving for omega, Initial residual = 0.0027279323, Final residual = 0.00022774044, No Iterations 2
smoothSolver:  Solving for k, Initial residual = 0.0028544465, Final residual = 0.00025420582, No Iterations 2
smoothSolver:  Solving for Ux, Initial residual = 0.00027487959, Final residual = 2.6850051e-05, No Iterations 1
smoothSolver:  Solving for Uy, Initial residual = 0.00026227526, Final residual = 1.8982658e-05, No Iterations 1
smoothSolver:  Solving for Uz, Initial residual = 0.00026694948, Final residual = 1.6408736e-05, No Iterations 1
GAMG:  Solving for p, Initial residual = 4.0338473e-05, Final residual = 1.8724232e-07, No Iterations 2
GAMG:  Solving for p, Initial residual = 9.4491923e-07, Final residual = 7.07623e-08, No Iterations 1
smoothSolver:  Solving for omega, Initial residual = 0.0026606816, Final residual = 0.00022376628, No Iterations 2
smoothSolver:  Solving for k, Initial residual = 0.002857869, Final residual = 0.00028270533, No Iterations 2
smoothSolver:  Solving for Ux, Initial residual = 0.00024769999, Final residual = 2.4344282e-05, No Iterations 1
smoothSolver:  Solving for Uy, Initial residual = 0.00025298196, Final residual = 1.8486398e-05, No Iterations 1
smoothSolver:  Solving for Uz, Initial residual = 0.00025542375, Final residual = 1.6649772e-05, No Iterations 1
GAMG:  Solving for p, Initial residual = 3.7550633e-05, Final residual = 1.7571389e-07, No Iterations 2
GAMG:  Solving for p, Initial residual = 8.7231836e-07, Final residual = 6.66265e-08, No Iterations 1
smoothSolver:  Solving for omega, Initial residual = 0.0027058198, Final residual = 0.00021475778, No Iterations 2
smoothSolver:  Solving for k, Initial residual = 0.0028273322, Final residual = 0.0001206861, No Iterations 3
smoothSolver:  Solving for Ux, Initial residual = 0.00023124108, Final residual = 1.9848732e-05, No Iterations 1
smoothSolver:  Solving for Uy, Initial residual = 0.0002359116, Final residual = 1.7021692e-05, No Iterations 1
smoothSolver:  Solving for Uz, Initial residual = 0.00023635275, Final residual = 1.4014902e-05, No Iterations 1
GAMG:  Solving for p, Initial residual = 3.4816354e-05, Final residual = 1.6641732e-07, No Iterations 2
GAMG:  Solving for p, Initial residual = 7.9444186e-07, Final residual = 6.0754589e-08, No Iterations 1
smoothSolver:  Solving for omega, Initial residual = 0.0027194571, Final residual = 0.00021377484, No Iterations 2
smoothSolver:  Solving for k, Initial residual = 0.0031256113, Final residual = 0.00025940376, No Iterations 2
smoothSolver:  Solving for Ux, Initial residual = 0.00021660507, Final residual = 1.8423345e-05, No Iterations 1
smoothSolver:  Solving for Uy, Initial residual = 0.00021572823, Final residual = 1.5077059e-05, No Iterations 1
smoothSolver:  Solving for Uz, Initial residual = 0.00021953745, Final residual = 1.3555779e-05, No Iterations 1
GAMG:  Solving for p, Initial residual = 3.2296906e-05, Final residual = 1.4805404e-07, No Iterations 2
GAMG:  Solving for p, Initial residual = 7.3080551e-07, Final residual = 5.4803398e-08, No Iterations 1
smoothSolver:  Solving for omega, Initial residual = 0.0027384563, Final residual = 0.00021277294, No Iterations 2
smoothSolver:  Solving for k, Initial residual = 0.0030033627, Final residual = 0.00028701709, No Iterations 2
smoothSolver:  Solving for Ux, Initial residual = 0.00020029577, Final residual = 1.6388661e-05, No Iterations 1
smoothSolver:  Solving for Uy, Initial residual = 0.00020318686, Final residual = 1.560134e-05, No Iterations 1
smoothSolver:  Solving for Uz, Initial residual = 0.00020534719, Final residual = 1.1801773e-05, No Iterations 1
GAMG:  Solving for p, Initial residual = 3.0010778e-05, Final residual = 1.4085982e-07, No Iterations 2
GAMG:  Solving for p, Initial residual = 6.6524142e-07, Final residual = 5.1099575e-08, No Iterations 1
smoothSolver:  Solving for omega, Initial residual = 0.0027574355, Final residual = 0.00020164195, No Iterations 2
smoothSolver:  Solving for k, Initial residual = 0.0025645152, Final residual = 0.00011086154, No Iterations 3
smoothSolver:  Solving for Ux, Initial residual = 0.00018553263, Final residual = 1.3942751e-05, No Iterations 1
smoothSolver:  Solving for Uy, Initial residual = 0.00018950302, Final residual = 1.3200227e-05, No Iterations 1
smoothSolver:  Solving for Uz, Initial residual = 0.0001925233, Final residual = 1.1288361e-05, No Iterations 1
GAMG:  Solving for p, Initial residual = 2.785666e-05, Final residual = 1.2559437e-07, No Iterations 2
GAMG:  Solving for p, Initial residual = 6.1674633e-07, Final residual = 4.6482777e-08, No Iterations 1
smoothSolver:  Solving for omega, Initial residual = 0.002809876, Final residual = 0.00020432674, No Iterations 2
smoothSolver:  Solving for k, Initial residual = 0.0028984234, Final residual = 0.00023303344, No Iterations 2
smoothSolver:  Solving for Ux, Initial residual = 0.00017361947, Final residual = 1.2361879e-05, No Iterations 1
smoothSolver:  Solving for Uy, Initial residual = 0.00017748716, Final residual = 1.347837e-05, No Iterations 1
smoothSolver:  Solving for Uz, Initial residual = 0.00017979168, Final residual = 9.7822931e-06, No Iterations 1
GAMG:  Solving for p, Initial residual = 2.5901477e-05, Final residual = 1.2018364e-07, No Iterations 2
GAMG:  Solving for p, Initial residual = 5.6141497e-07, Final residual = 4.3302567e-08, No Iterations 1
smoothSolver:  Solving for omega, Initial residual = 0.0027889706, Final residual = 0.00019433272, No Iterations 2
smoothSolver:  Solving for k, Initial residual = 0.0028797759, Final residual = 0.00011948262, No Iterations 3
smoothSolver:  Solving for Ux, Initial residual = 0.00016156284, Final residual = 1.1402428e-05, No Iterations 1
smoothSolver:  Solving for Uy, Initial residual = 0.00016527829, Final residual = 1.1431359e-05, No Iterations 1
smoothSolver:  Solving for Uz, Initial residual = 0.00016962007, Final residual = 9.7296455e-06, No Iterations 1
GAMG:  Solving for p, Initial residual = 2.3950652e-05, Final residual = 1.0700086e-07, No Iterations 2
GAMG:  Solving for p, Initial residual = 5.2222482e-07, Final residual = 4.0180669e-08, No Iterations 1
smoothSolver:  Solving for omega, Initial residual = 0.0028421084, Final residual = 0.00020618309, No Iterations 2
smoothSolver:  Solving for k, Initial residual = 0.0030392325, Final residual = 0.00027829701, No Iterations 2
smoothSolver:  Solving for Ux, Initial residual = 0.00015178861, Final residual = 9.9877415e-06, No Iterations 1
smoothSolver:  Solving for Uy, Initial residual = 0.0001562663, Final residual = 1.2524331e-05, No Iterations 1
smoothSolver:  Solving for Uz, Initial residual = 0.00015768963, Final residual = 8.3044274e-06, No Iterations 1
GAMG:  Solving for p, Initial residual = 2.2330723e-05, Final residual = 1.0603919e-07, No Iterations 2
GAMG:  Solving for p, Initial residual = 4.7900843e-07, Final residual = 3.7817918e-08, No Iterations 1
smoothSolver:  Solving for omega, Initial residual = 0.0028592641, Final residual = 0.0002104413, No Iterations 2
smoothSolver:  Solving for k, Initial residual = 0.002994509, Final residual = 0.0001372028, No Iterations 3
smoothSolver:  Solving for Ux, Initial residual = 0.00014183928, Final residual = 9.4374683e-06, No Iterations 1
smoothSolver:  Solving for Uy, Initial residual = 0.00014601299, Final residual = 1.0180541e-05, No Iterations 1
smoothSolver:  Solving for Uz, Initial residual = 0.00014843549, Final residual = 8.4425143e-06, No Iterations 1
GAMG:  Solving for p, Initial residual = 2.0686112e-05, Final residual = 9.4159514e-08, No Iterations 2
GAMG:  Solving for p, Initial residual = 4.4710829e-07, Final residual = 3.5438973e-08, No Iterations 1
smoothSolver:  Solving for omega, Initial residual = 0.002898485, Final residual = 0.00020997034, No Iterations 2
smoothSolver:  Solving for k, Initial residual = 0.0032227682, Final residual = 0.0002876988, No Iterations 2
smoothSolver:  Solving for Ux, Initial residual = 0.00013380179, Final residual = 8.597254e-06, No Iterations 1
smoothSolver:  Solving for Uy, Initial residual = 0.00013791779, Final residual = 1.107088e-05, No Iterations 1
smoothSolver:  Solving for Uz, Initial residual = 0.00013909326, Final residual = 7.1597946e-06, No Iterations 1
GAMG:  Solving for p, Initial residual = 1.9277294e-05, Final residual = 9.432884e-08, No Iterations 2
GAMG:  Solving for p, Initial residual = 4.1056563e-07, Final residual = 3.2602354e-08, No Iterations 1
smoothSolver:  Solving for omega, Initial residual = 0.0028697804, Final residual = 0.00020711595, No Iterations 2
smoothSolver:  Solving for k, Initial residual = 0.0032298769, Final residual = 0.00031717638, No Iterations 2
smoothSolver:  Solving for Ux, Initial residual = 0.00012563747, Final residual = 8.1079934e-06, No Iterations 1
smoothSolver:  Solving for Uy, Initial residual = 0.00012901742, Final residual = 9.2463426e-06, No Iterations 1
smoothSolver:  Solving for Uz, Initial residual = 0.00013143739, Final residual = 7.5571639e-06, No Iterations 1
GAMG:  Solving for p, Initial residual = 1.7861495e-05, Final residual = 8.4712973e-08, No Iterations 2
GAMG:  Solving for p, Initial residual = 3.8623887e-07, Final residual = 3.1350189e-08, No Iterations 1
smoothSolver:  Solving for omega, Initial residual = 0.0029034344, Final residual = 0.00021537605, No Iterations 2
smoothSolver:  Solving for k, Initial residual = 0.0029774953, Final residual = 0.00012683378, No Iterations 3
smoothSolver:  Solving for Ux, Initial residual = 0.00011849867, Final residual = 7.2228451e-06, No Iterations 1
smoothSolver:  Solving for Uy, Initial residual = 0.00012283002, Final residual = 1.0326685e-05, No Iterations 1
smoothSolver:  Solving for Uz, Initial residual = 0.00012377963, Final residual = 6.7068368e-06, No Iterations 1
GAMG:  Solving for p, Initial residual = 1.6707397e-05, Final residual = 8.5072675e-08, No Iterations 2
GAMG:  Solving for p, Initial residual = 3.5532793e-07, Final residual = 2.8708308e-08, No Iterations 1
smoothSolver:  Solving for omega, Initial residual = 0.0028694986, Final residual = 0.00022159249, No Iterations 2
smoothSolver:  Solving for k, Initial residual = 0.0028725204, Final residual = 0.00011438528, No Iterations 3
smoothSolver:  Solving for Ux, Initial residual = 0.00011096537, Final residual = 6.3100134e-06, No Iterations 1
smoothSolver:  Solving for Uy, Initial residual = 0.00011563973, Final residual = 7.9466608e-06, No Iterations 1
smoothSolver:  Solving for Uz, Initial residual = 0.00011639355, Final residual = 6.3865483e-06, No Iterations 1
GAMG:  Solving for p, Initial residual = 1.5395994e-05, Final residual = 7.4457136e-08, No Iterations 2
GAMG:  Solving for p, Initial residual = 3.3626111e-07, Final residual = 2.7750997e-08, No Iterations 1
smoothSolver:  Solving for omega, Initial residual = 0.0029328906, Final residual = 0.0002141626, No Iterations 2
smoothSolver:  Solving for k, Initial residual = 0.0032523614, Final residual = 0.00024415893, No Iterations 2
smoothSolver:  Solving for Ux, Initial residual = 0.00010563789, Final residual = 6.7478969e-06, No Iterations 1
smoothSolver:  Solving for Uy, Initial residual = 0.00010924156, Final residual = 9.2555167e-06, No Iterations 1
smoothSolver:  Solving for Uz, Initial residual = 0.00010981312, Final residual = 5.7002376e-06, No Iterations 1
GAMG:  Solving for p, Initial residual = 1.4410601e-05, Final residual = 7.8066175e-08, No Iterations 2
GAMG:  Solving for p, Initial residual = 3.1179349e-07, Final residual = 2.5955184e-08, No Iterations 1
smoothSolver:  Solving for omega, Initial residual = 0.0029383043, Final residual = 0.00021682543, No Iterations 2
smoothSolver:  Solving for k, Initial residual = 0.0029191484, Final residual = 0.00013411645, No Iterations 3
smoothSolver:  Solving for Ux, Initial residual = 9.8031877e-05, Final residual = 6.5040544e-06, No Iterations 1
smoothSolver:  Solving for Uy, Initial residual = 0.00010292242, Final residual = 7.5147736e-06, No Iterations 1
smoothSolver:  Solving for Uz, Initial residual = 0.0001035077, Final residual = 5.9033534e-06, No Iterations 1
GAMG:  Solving for p, Initial residual = 1.333066e-05, Final residual = 6.7251329e-08, No Iterations 2
GAMG:  Solving for p, Initial residual = 2.9508769e-07, Final residual = 2.5105407e-08, No Iterations 1
smoothSolver:  Solving for omega, Initial residual = 0.0029900815, Final residual = 0.00021540624, No Iterations 2
smoothSolver:  Solving for k, Initial residual = 0.00309585, Final residual = 0.00023914216, No Iterations 2
smoothSolver:  Solving for Ux, Initial residual = 9.306534e-05, Final residual = 5.8438028e-06, No Iterations 1
smoothSolver:  Solving for Uy, Initial residual = 9.6834162e-05, Final residual = 8.2986652e-06, No Iterations 1
smoothSolver:  Solving for Uz, Initial residual = 9.6608016e-05, Final residual = 5.0749069e-06, No Iterations 1
GAMG:  Solving for p, Initial residual = 1.2466648e-05, Final residual = 6.6425239e-08, No Iterations 2
GAMG:  Solving for p, Initial residual = 2.6495353e-07, Final residual = 2.330183e-08, No Iterations 1
smoothSolver:  Solving for omega, Initial residual = 0.0028741537, Final residual = 0.00021186037, No Iterations 2
smoothSolver:  Solving for k, Initial residual = 0.0032021441, Final residual = 0.00014568865, No Iterations 3
smoothSolver:  Solving for Ux, Initial residual = 8.5502518e-05, Final residual = 5.2451846e-06, No Iterations 1
smoothSolver:  Solving for Uy, Initial residual = 9.0569053e-05, Final residual = 6.7035587e-06, No Iterations 1
smoothSolver:  Solving for Uz, Initial residual = 9.1530326e-05, Final residual = 5.2289113e-06, No Iterations 1
GAMG:  Solving for p, Initial residual = 1.1552483e-05, Final residual = 6.0857862e-08, No Iterations 2
GAMG:  Solving for p, Initial residual = 2.656641e-07, Final residual = 2.2236166e-08, No Iterations 1
smoothSolver:  Solving for omega, Initial residual = 0.0028612025, Final residual = 0.00021188137, No Iterations 2
smoothSolver:  Solving for k, Initial residual = 0.0032355735, Final residual = 0.00029459582, No Iterations 2
smoothSolver:  Solving for Ux, Initial residual = 8.3549943e-05, Final residual = 6.5251349e-06, No Iterations 1
smoothSolver:  Solving for Uy, Initial residual = 8.6222618e-05, Final residual = 7.7044053e-06, No Iterations 1
smoothSolver:  Solving for Uz, Initial residual = 8.560459e-05, Final residual = 4.7928457e-06, No Iterations 1
GAMG:  Solving for p, Initial residual = 1.0890894e-05, Final residual = 6.2392192e-08, No Iterations 2
GAMG:  Solving for p, Initial residual = 2.3662747e-07, Final residual = 2.1912479e-08, No Iterations 1
smoothSolver:  Solving for omega, Initial residual = 0.0028104989, Final residual = 0.00019782722, No Iterations 2
smoothSolver:  Solving for k, Initial residual = 0.0029134561, Final residual = 0.0001205905, No Iterations 3
smoothSolver:  Solving for Ux, Initial residual = 7.6424701e-05, Final residual = 7.0132878e-06, No Iterations 1
smoothSolver:  Solving for Uy, Initial residual = 7.903536e-05, Final residual = 6.1516735e-06, No Iterations 1
smoothSolver:  Solving for Uz, Initial residual = 8.1717843e-05, Final residual = 5.1585888e-06, No Iterations 1
GAMG:  Solving for p, Initial residual = 1.0125276e-05, Final residual = 5.4421049e-08, No Iterations 2
GAMG:  Solving for p, Initial residual = 2.2970827e-07, Final residual = 1.9602029e-08, No Iterations 1
smoothSolver:  Solving for omega, Initial residual = 0.0028520512, Final residual = 0.000202257, No Iterations 2
smoothSolver:  Solving for k, Initial residual = 0.0029669083, Final residual = 0.00026858126, No Iterations 2
smoothSolver:  Solving for Ux, Initial residual = 7.3291467e-05, Final residual = 4.9821873e-06, No Iterations 1
smoothSolver:  Solving for Uy, Initial residual = 7.4616728e-05, Final residual = 6.0632866e-06, No Iterations 1
smoothSolver:  Solving for Uz, Initial residual = 7.5634362e-05, Final residual = 4.2453547e-06, No Iterations 1
GAMG:  Solving for p, Initial residual = 9.4650826e-06, Final residual = 5.1625145e-08, No Iterations 2
GAMG:  Solving for p, Initial residual = 2.0239527e-07, Final residual = 1.8949895e-08, No Iterations 1
smoothSolver:  Solving for omega, Initial residual = 0.0028208871, Final residual = 0.00020769547, No Iterations 2
smoothSolver:  Solving for k, Initial residual = 0.0030863742, Final residual = 0.00013248547, No Iterations 3
smoothSolver:  Solving for Ux, Initial residual = 6.5374845e-05, Final residual = 4.144734e-06, No Iterations 1
smoothSolver:  Solving for Uy, Initial residual = 7.0327716e-05, Final residual = 5.7751959e-06, No Iterations 1
smoothSolver:  Solving for Uz, Initial residual = 7.2414024e-05, Final residual = 4.438033e-06, No Iterations 1
GAMG:  Solving for p, Initial residual = 8.7926067e-06, Final residual = 4.4770247e-08, No Iterations 2
GAMG:  Solving for p, Initial residual = 2.0347421e-07, Final residual = 1.7197935e-08, No Iterations 1
smoothSolver:  Solving for omega, Initial residual = 0.0028200565, Final residual = 0.00020449684, No Iterations 2
smoothSolver:  Solving for k, Initial residual = 0.0032225408, Final residual = 0.00025813968, No Iterations 2
smoothSolver:  Solving for Ux, Initial residual = 6.4670251e-05, Final residual = 5.5819534e-06, No Iterations 1
smoothSolver:  Solving for Uy, Initial residual = 6.7151175e-05, Final residual = 6.0033822e-06, No Iterations 1
smoothSolver:  Solving for Uz, Initial residual = 6.7745977e-05, Final residual = 4.0765056e-06, No Iterations 1
GAMG:  Solving for p, Initial residual = 8.2350274e-06, Final residual = 4.9307964e-08, No Iterations 2
GAMG:  Solving for p, Initial residual = 1.8280626e-07, Final residual = 1.6720541e-08, No Iterations 1
smoothSolver:  Solving for omega, Initial residual = 0.002835741, Final residual = 0.0002032168, No Iterations 2
smoothSolver:  Solving for k, Initial residual = 0.0031921263, Final residual = 0.00014230606, No Iterations 3
smoothSolver:  Solving for Ux, Initial residual = 6.0166443e-05, Final residual = 5.5428288e-06, No Iterations 1
smoothSolver:  Solving for Uy, Initial residual = 6.2609522e-05, Final residual = 5.5669967e-06, No Iterations 1
smoothSolver:  Solving for Uz, Initial residual = 6.4870324e-05, Final residual = 4.5234626e-06, No Iterations 1
GAMG:  Solving for p, Initial residual = 7.776779e-06, Final residual = 4.3006821e-08, No Iterations 2
GAMG:  Solving for p, Initial residual = 1.8333138e-07, Final residual = 1.496978e-08, No Iterations 1
smoothSolver:  Solving for omega, Initial residual = 0.0028609227, Final residual = 0.00020426503, No Iterations 2
smoothSolver:  Solving for k, Initial residual = 0.0033230581, Final residual = 0.00028940589, No Iterations 2
smoothSolver:  Solving for Ux, Initial residual = 5.8859885e-05, Final residual = 1.0474127e-06, No Iterations 2
smoothSolver:  Solving for Uy, Initial residual = 6.1367715e-05, Final residual = 5.3288757e-06, No Iterations 1
smoothSolver:  Solving for Uz, Initial residual = 6.0945746e-05, Final residual = 3.9413162e-06, No Iterations 1
GAMG:  Solving for p, Initial residual = 7.2087931e-06, Final residual = 4.5295676e-08, No Iterations 2
GAMG:  Solving for p, Initial residual = 1.5791472e-07, Final residual = 1.5101041e-08, No Iterations 1
smoothSolver:  Solving for omega, Initial residual = 0.0028186515, Final residual = 0.00021931055, No Iterations 2
smoothSolver:  Solving for k, Initial residual = 0.0034111295, Final residual = 0.00031343365, No Iterations 2
smoothSolver:  Solving for Ux, Initial residual = 5.4074337e-05, Final residual = 5.4012658e-06, No Iterations 1
smoothSolver:  Solving for Uy, Initial residual = 5.7058263e-05, Final residual = 5.0491121e-06, No Iterations 1
smoothSolver:  Solving for Uz, Initial residual = 5.8004753e-05, Final residual = 4.5262179e-06, No Iterations 1
GAMG:  Solving for p, Initial residual = 7.0028913e-06, Final residual = 3.9495304e-08, No Iterations 2
GAMG:  Solving for p, Initial residual = 1.6551022e-07, Final residual = 1.3307448e-08, No Iterations 1
smoothSolver:  Solving for omega, Initial residual = 0.0028412949, Final residual = 0.00021959652, No Iterations 2
smoothSolver:  Solving for k, Initial residual = 0.0029749716, Final residual = 0.00013146511, No Iterations 3
smoothSolver:  Solving for Ux, Initial residual = 5.2860767e-05, Final residual = 3.976199e-06, No Iterations 1
smoothSolver:  Solving for Uy, Initial residual = 5.6067132e-05, Final residual = 4.075075e-06, No Iterations 1
smoothSolver:  Solving for Uz, Initial residual = 5.4583823e-05, Final residual = 3.7239043e-06, No Iterations 1
GAMG:  Solving for p, Initial residual = 6.4513126e-06, Final residual = 3.7615972e-08, No Iterations 2
GAMG:  Solving for p, Initial residual = 1.487674e-07, Final residual = 1.2972804e-08, No Iterations 1
smoothSolver:  Solving for omega, Initial residual = 0.002854168, Final residual = 0.00021803965, No Iterations 2
smoothSolver:  Solving for k, Initial residual = 0.0028678633, Final residual = 0.00025684971, No Iterations 2
smoothSolver:  Solving for Ux, Initial residual = 4.7787895e-05, Final residual = 3.9093503e-06, No Iterations 1
smoothSolver:  Solving for Uy, Initial residual = 5.3029073e-05, Final residual = 4.8711726e-06, No Iterations 1
smoothSolver:  Solving for Uz, Initial residual = 5.2985473e-05, Final residual = 4.0580932e-06, No Iterations 1
GAMG:  Solving for p, Initial residual = 6.0596388e-06, Final residual = 3.2672153e-08, No Iterations 2
GAMG:  Solving for p, Initial residual = 1.4832051e-07, Final residual = 1.2661505e-08, No Iterations 1
smoothSolver:  Solving for omega, Initial residual = 0.0028586831, Final residual = 0.00021751627, No Iterations 2
smoothSolver:  Solving for k, Initial residual = 0.0028200261, Final residual = 0.00025254083, No Iterations 2
smoothSolver:  Solving for Ux, Initial residual = 4.7476194e-05, Final residual = 4.4106855e-06, No Iterations 1
smoothSolver:  Solving for Uy, Initial residual = 5.1374468e-05, Final residual = 4.4534352e-06, No Iterations 1
smoothSolver:  Solving for Uz, Initial residual = 4.9795035e-05, Final residual = 3.892584e-06, No Iterations 1
GAMG:  Solving for p, Initial residual = 5.6910079e-06, Final residual = 3.6930684e-08, No Iterations 2
GAMG:  Solving for p, Initial residual = 1.3603494e-07, Final residual = 1.2403697e-08, No Iterations 1
smoothSolver:  Solving for omega, Initial residual = 0.0028291114, Final residual = 0.00022186105, No Iterations 2
smoothSolver:  Solving for k, Initial residual = 0.002555131, Final residual = 0.0002324239, No Iterations 2
smoothSolver:  Solving for Ux, Initial residual = 4.3001818e-05, Final residual = 3.84112e-06, No Iterations 1
smoothSolver:  Solving for Uy, Initial residual = 4.8278487e-05, Final residual = 4.6002182e-06, No Iterations 1
smoothSolver:  Solving for Uz, Initial residual = 4.7165209e-05, Final residual = 3.8983498e-06, No Iterations 1
GAMG:  Solving for p, Initial residual = 5.2887353e-06, Final residual = 3.0256048e-08, No Iterations 2
GAMG:  Solving for p, Initial residual = 1.3008114e-07, Final residual = 1.1935903e-08, No Iterations 1
smoothSolver:  Solving for omega, Initial residual = 0.0028040279, Final residual = 0.00021925498, No Iterations 2
smoothSolver:  Solving for k, Initial residual = 0.002671859, Final residual = 0.00020075362, No Iterations 2
smoothSolver:  Solving for Ux, Initial residual = 4.223895e-05, Final residual = 3.6744783e-06, No Iterations 1
smoothSolver:  Solving for Uy, Initial residual = 4.5996067e-05, Final residual = 3.8525922e-06, No Iterations 1
smoothSolver:  Solving for Uz, Initial residual = 4.4634352e-05, Final residual = 3.8083398e-06, No Iterations 1
GAMG:  Solving for p, Initial residual = 4.9832156e-06, Final residual = 3.0257709e-08, No Iterations 2
GAMG:  Solving for p, Initial residual = 1.2461401e-07, Final residual = 1.0379204e-08, No Iterations 1
smoothSolver:  Solving for omega, Initial residual = 0.0027715742, Final residual = 0.00022019488, No Iterations 2
smoothSolver:  Solving for k, Initial residual = 0.0027859413, Final residual = 0.000247602, No Iterations 2
smoothSolver:  Solving for Ux, Initial residual = 3.9944088e-05, Final residual = 3.4090091e-06, No Iterations 1
smoothSolver:  Solving for Uy, Initial residual = 4.4020809e-05, Final residual = 9.630942e-07, No Iterations 2
smoothSolver:  Solving for Uz, Initial residual = 4.2699519e-05, Final residual = 3.6361883e-06, No Iterations 1
GAMG:  Solving for p, Initial residual = 4.7204168e-06, Final residual = 3.3287944e-08, No Iterations 2
GAMG:  Solving for p, Initial residual = 1.2115443e-07, Final residual = 1.2804085e-08, No Iterations 1
smoothSolver:  Solving for omega, Initial residual = 0.0027830741, Final residual = 0.00022835112, No Iterations 2
smoothSolver:  Solving for k, Initial residual = 0.0028646021, Final residual = 0.00022589214, No Iterations 2
smoothSolver:  Solving for Ux, Initial residual = 3.7910591e-05, Final residual = 5.5395527e-07, No Iterations 2
smoothSolver:  Solving for Uy, Initial residual = 4.380239e-05, Final residual = 3.8086914e-06, No Iterations 1
smoothSolver:  Solving for Uz, Initial residual = 4.0230675e-05, Final residual = 3.8799613e-06, No Iterations 1
GAMG:  Solving for p, Initial residual = 4.4217103e-06, Final residual = 2.8677936e-08, No Iterations 2
GAMG:  Solving for p, Initial residual = 1.14598e-07, Final residual = 1.0148931e-08, No Iterations 1
smoothSolver:  Solving for omega, Initial residual = 0.0027944218, Final residual = 0.00022386676, No Iterations 2
smoothSolver:  Solving for k, Initial residual = 0.0028149384, Final residual = 0.00022856946, No Iterations 2
smoothSolver:  Solving for Ux, Initial residual = 3.6770537e-05, Final residual = 3.4802456e-06, No Iterations 1
smoothSolver:  Solving for Uy, Initial residual = 3.9997221e-05, Final residual = 8.1157108e-07, No Iterations 2
smoothSolver:  Solving for Uz, Initial residual = 3.9053528e-05, Final residual = 3.4518693e-06, No Iterations 1
GAMG:  Solving for p, Initial residual = 4.2759043e-06, Final residual = 2.9639614e-08, No Iterations 2
GAMG:  Solving for p, Initial residual = 1.1032091e-07, Final residual = 1.1486843e-08, No Iterations 1
smoothSolver:  Solving for omega, Initial residual = 0.0027885515, Final residual = 0.00022798537, No Iterations 2
smoothSolver:  Solving for k, Initial residual = 0.0027248, Final residual = 0.00023400629, No Iterations 2
smoothSolver:  Solving for Ux, Initial residual = 3.530391e-05, Final residual = 5.4543571e-07, No Iterations 2
smoothSolver:  Solving for Uy, Initial residual = 3.9315244e-05, Final residual = 3.5097253e-06, No Iterations 1
smoothSolver:  Solving for Uz, Initial residual = 3.7108391e-05, Final residual = 3.4083519e-06, No Iterations 1
GAMG:  Solving for p, Initial residual = 3.9280185e-06, Final residual = 2.6010926e-08, No Iterations 2
GAMG:  Solving for p, Initial residual = 1.0824236e-07, Final residual = 9.4794346e-09, No Iterations 1
smoothSolver:  Solving for omega, Initial residual = 0.0028113113, Final residual = 0.0002182858, No Iterations 2
smoothSolver:  Solving for k, Initial residual = 0.00257783, Final residual = 0.00024378253, No Iterations 2
smoothSolver:  Solving for Ux, Initial residual = 3.4155283e-05, Final residual = 3.3717571e-06, No Iterations 1
smoothSolver:  Solving for Uy, Initial residual = 3.7433636e-05, Final residual = 8.1009479e-07, No Iterations 2
smoothSolver:  Solving for Uz, Initial residual = 3.6864672e-05, Final residual = 3.4203419e-06, No Iterations 1
GAMG:  Solving for p, Initial residual = 3.7514865e-06, Final residual = 2.4276439e-08, No Iterations 2
GAMG:  Solving for p, Initial residual = 9.6671749e-08, Final residual = 9.6671749e-08, No Iterations 0
smoothSolver:  Solving for omega, Initial residual = 0.0028254943, Final residual = 0.00022414008, No Iterations 2
smoothSolver:  Solving for k, Initial residual = 0.0026795458, Final residual = 0.00022821725, No Iterations 2
smoothSolver:  Solving for Ux, Initial residual = 3.2424502e-05, Final residual = 3.1672073e-06, No Iterations 1
smoothSolver:  Solving for Uy, Initial residual = 3.6776871e-05, Final residual = 3.2019163e-06, No Iterations 1
smoothSolver:  Solving for Uz, Initial residual = 3.5124738e-05, Final residual = 3.3516591e-06, No Iterations 1
GAMG:  Solving for p, Initial residual = 3.5258223e-06, Final residual = 2.3808113e-08, No Iterations 2
GAMG:  Solving for p, Initial residual = 9.7117672e-08, Final residual = 9.7117672e-08, No Iterations 0
smoothSolver:  Solving for omega, Initial residual = 0.0027851846, Final residual = 0.00021688491, No Iterations 2
smoothSolver:  Solving for k, Initial residual = 0.0025701939, Final residual = 0.00025698922, No Iterations 2
smoothSolver:  Solving for Ux, Initial residual = 3.1806639e-05, Final residual = 6.2550007e-07, No Iterations 2
smoothSolver:  Solving for Uy, Initial residual = 3.5261357e-05, Final residual = 8.1143526e-07, No Iterations 2
smoothSolver:  Solving for Uz, Initial residual = 3.4759952e-05, Final residual = 3.1722074e-06, No Iterations 1
GAMG:  Solving for p, Initial residual = 3.2909634e-06, Final residual = 1.9088478e-08, No Iterations 2
GAMG:  Solving for p, Initial residual = 9.1761134e-08, Final residual = 9.1761134e-08, No Iterations 0
smoothSolver:  Solving for omega, Initial residual = 0.0028012956, Final residual = 0.00021143004, No Iterations 2
smoothSolver:  Solving for k, Initial residual = 0.0026828563, Final residual = 0.00021179885, No Iterations 2
smoothSolver:  Solving for Ux, Initial residual = 2.9464286e-05, Final residual = 5.1387051e-07, No Iterations 2
smoothSolver:  Solving for Uy, Initial residual = 3.4501894e-05, Final residual = 3.1610692e-06, No Iterations 1
smoothSolver:  Solving for Uz, Initial residual = 3.3462921e-05, Final residual = 7.0165908e-07, No Iterations 2
GAMG:  Solving for p, Initial residual = 3.0545322e-06, Final residual = 2.1509407e-08, No Iterations 2
GAMG:  Solving for p, Initial residual = 9.0916238e-08, Final residual = 9.0916238e-08, No Iterations 0
smoothSolver:  Solving for omega, Initial residual = 0.0028818773, Final residual = 0.00022286609, No Iterations 2
smoothSolver:  Solving for k, Initial residual = 0.0027357767, Final residual = 0.000268671, No Iterations 2
smoothSolver:  Solving for Ux, Initial residual = 2.935676e-05, Final residual = 5.9024289e-07, No Iterations 2
smoothSolver:  Solving for Uy, Initial residual = 3.2984495e-05, Final residual = 8.6228286e-07, No Iterations 2
smoothSolver:  Solving for Uz, Initial residual = 3.1936076e-05, Final residual = 3.1925231e-06, No Iterations 1
GAMG:  Solving for p, Initial residual = 2.9292683e-06, Final residual = 1.8100622e-08, No Iterations 2
GAMG:  Solving for p, Initial residual = 8.372476e-08, Final residual = 8.372476e-08, No Iterations 0
smoothSolver:  Solving for omega, Initial residual = 0.002892542, Final residual = 0.00022086646, No Iterations 2
smoothSolver:  Solving for k, Initial residual = 0.0027801643, Final residual = 0.00023038417, No Iterations 2
smoothSolver:  Solving for Ux, Initial residual = 2.7721853e-05, Final residual = 6.2003307e-07, No Iterations 2
smoothSolver:  Solving for Uy, Initial residual = 3.2697578e-05, Final residual = 2.9751434e-06, No Iterations 1
smoothSolver:  Solving for Uz, Initial residual = 3.1449022e-05, Final residual = 7.5337139e-07, No Iterations 2
GAMG:  Solving for p, Initial residual = 2.7522629e-06, Final residual = 2.0953253e-08, No Iterations 2
GAMG:  Solving for p, Initial residual = 8.5653073e-08, Final residual = 8.5653073e-08, No Iterations 0
smoothSolver:  Solving for omega, Initial residual = 0.0028703215, Final residual = 0.00022327648, No Iterations 2
smoothSolver:  Solving for k, Initial residual = 0.0027682942, Final residual = 0.00023458153, No Iterations 2
smoothSolver:  Solving for Ux, Initial residual = 2.7418903e-05, Final residual = 6.550272e-07, No Iterations 2
smoothSolver:  Solving for Uy, Initial residual = 3.1220325e-05, Final residual = 8.7323367e-07, No Iterations 2
smoothSolver:  Solving for Uz, Initial residual = 3.0156304e-05, Final residual = 7.5007227e-07, No Iterations 2
GAMG:  Solving for p, Initial residual = 2.6526862e-06, Final residual = 1.8179037e-08, No Iterations 2
GAMG:  Solving for p, Initial residual = 7.9606821e-08, Final residual = 7.9606821e-08, No Iterations 0
smoothSolver:  Solving for omega, Initial residual = 0.0028313297, Final residual = 0.00022099883, No Iterations 2
smoothSolver:  Solving for k, Initial residual = 0.0026710726, Final residual = 0.00024339114, No Iterations 2
smoothSolver:  Solving for Ux, Initial residual = 2.6578289e-05, Final residual = 6.8644203e-07, No Iterations 2
smoothSolver:  Solving for Uy, Initial residual = 3.1323769e-05, Final residual = 2.8810715e-06, No Iterations 1
smoothSolver:  Solving for Uz, Initial residual = 2.952091e-05, Final residual = 7.0963255e-07, No Iterations 2
GAMG:  Solving for p, Initial residual = 2.5292783e-06, Final residual = 2.0635348e-08, No Iterations 2
GAMG:  Solving for p, Initial residual = 8.7041412e-08, Final residual = 8.7041412e-08, No Iterations 0
smoothSolver:  Solving for omega, Initial residual = 0.0028574168, Final residual = 0.0002287483, No Iterations 2
smoothSolver:  Solving for k, Initial residual = 0.002531432, Final residual = 0.00024535774, No Iterations 2
smoothSolver:  Solving for Ux, Initial residual = 2.630773e-05, Final residual = 7.2297932e-07, No Iterations 2
smoothSolver:  Solving for Uy, Initial residual = 3.0152076e-05, Final residual = 9.4257876e-07, No Iterations 2
smoothSolver:  Solving for Uz, Initial residual = 2.9426161e-05, Final residual = 7.9933438e-07, No Iterations 2
GAMG:  Solving for p, Initial residual = 2.4322133e-06, Final residual = 1.9116571e-08, No Iterations 2
GAMG:  Solving for p, Initial residual = 7.7163805e-08, Final residual = 7.7163805e-08, No Iterations 0
smoothSolver:  Solving for omega, Initial residual = 0.0028819017, Final residual = 0.00022799882, No Iterations 2
smoothSolver:  Solving for k, Initial residual = 0.0026714397, Final residual = 0.00023328647, No Iterations 2
smoothSolver:  Solving for Ux, Initial residual = 2.4721655e-05, Final residual = 7.4074059e-07, No Iterations 2
smoothSolver:  Solving for Uy, Initial residual = 2.9794901e-05, Final residual = 2.719819e-06, No Iterations 1
smoothSolver:  Solving for Uz, Initial residual = 2.7900325e-05, Final residual = 7.554964e-07, No Iterations 2
GAMG:  Solving for p, Initial residual = 2.2647361e-06, Final residual = 1.8703984e-08, No Iterations 2
GAMG:  Solving for p, Initial residual = 7.970673e-08, Final residual = 7.970673e-08, No Iterations 0
smoothSolver:  Solving for omega, Initial residual = 0.0028722089, Final residual = 0.00022857096, No Iterations 2
smoothSolver:  Solving for k, Initial residual = 0.0027128064, Final residual = 0.00025355381, No Iterations 2
smoothSolver:  Solving for Ux, Initial residual = 2.4832325e-05, Final residual = 8.9224472e-07, No Iterations 2
smoothSolver:  Solving for Uy, Initial residual = 2.8434659e-05, Final residual = 9.1807875e-07, No Iterations 2
smoothSolver:  Solving for Uz, Initial residual = 2.7608977e-05, Final residual = 7.9370969e-07, No Iterations 2
GAMG:  Solving for p, Initial residual = 2.1858093e-06, Final residual = 1.8299574e-08, No Iterations 2
GAMG:  Solving for p, Initial residual = 7.4551336e-08, Final residual = 7.4551336e-08, No Iterations 0
smoothSolver:  Solving for omega, Initial residual = 0.0027973361, Final residual = 0.00022305259, No Iterations 2
smoothSolver:  Solving for k, Initial residual = 0.0028376593, Final residual = 0.00026497754, No Iterations 2
smoothSolver:  Solving for Ux, Initial residual = 2.3652174e-05, Final residual = 8.2376452e-07, No Iterations 2
smoothSolver:  Solving for Uy, Initial residual = 2.7984855e-05, Final residual = 8.1037484e-07, No Iterations 2
smoothSolver:  Solving for Uz, Initial residual = 2.7157298e-05, Final residual = 8.1651751e-07, No Iterations 2
GAMG:  Solving for p, Initial residual = 2.1308206e-06, Final residual = 1.9605195e-08, No Iterations 2
GAMG:  Solving for p, Initial residual = 7.5295389e-08, Final residual = 7.5295389e-08, No Iterations 0
smoothSolver:  Solving for omega, Initial residual = 0.0028354372, Final residual = 0.00022384409, No Iterations 2
smoothSolver:  Solving for k, Initial residual = 0.0029890255, Final residual = 0.00023034778, No Iterations 2
smoothSolver:  Solving for Ux, Initial residual = 2.3986429e-05, Final residual = 9.324547e-07, No Iterations 2
smoothSolver:  Solving for Uy, Initial residual = 2.6368558e-05, Final residual = 8.2045631e-07, No Iterations 2
smoothSolver:  Solving for Uz, Initial residual = 2.6385994e-05, Final residual = 8.4907361e-07, No Iterations 2
GAMG:  Solving for p, Initial residual = 1.9342832e-06, Final residual = 1.637404e-08, No Iterations 2
GAMG:  Solving for p, Initial residual = 6.8588214e-08, Final residual = 6.8588214e-08, No Iterations 0
smoothSolver:  Solving for omega, Initial residual = 0.0027969825, Final residual = 0.00021260842, No Iterations 2
smoothSolver:  Solving for k, Initial residual = 0.0029319224, Final residual = 0.00014841325, No Iterations 3
smoothSolver:  Solving for Ux, Initial residual = 2.2175306e-05, Final residual = 7.5113552e-07, No Iterations 2
smoothSolver:  Solving for Uy, Initial residual = 2.5423758e-05, Final residual = 1.0328692e-06, No Iterations 2
smoothSolver:  Solving for Uz, Initial residual = 2.5977533e-05, Final residual = 8.1552735e-07, No Iterations 2
GAMG:  Solving for p, Initial residual = 2.0344908e-06, Final residual = 1.9801226e-08, No Iterations 2
GAMG:  Solving for p, Initial residual = 7.271885e-08, Final residual = 7.271885e-08, No Iterations 0
smoothSolver:  Solving for omega, Initial residual = 0.0027012002, Final residual = 0.00021279793, No Iterations 2
smoothSolver:  Solving for k, Initial residual = 0.0029265419, Final residual = 0.00026414012, No Iterations 2
smoothSolver:  Solving for Ux, Initial residual = 2.2708413e-05, Final residual = 1.1620866e-06, No Iterations 2
smoothSolver:  Solving for Uy, Initial residual = 2.3768475e-05, Final residual = 7.2111052e-07, No Iterations 2
smoothSolver:  Solving for Uz, Initial residual = 2.6157923e-05, Final residual = 8.9751944e-07, No Iterations 2
GAMG:  Solving for p, Initial residual = 1.9381084e-06, Final residual = 1.7508176e-08, No Iterations 2
GAMG:  Solving for p, Initial residual = 6.7343363e-08, Final residual = 6.7343363e-08, No Iterations 0
smoothSolver:  Solving for omega, Initial residual = 0.0026799385, Final residual = 0.00019897888, No Iterations 2
smoothSolver:  Solving for k, Initial residual = 0.0030683473, Final residual = 0.00029766517, No Iterations 2
smoothSolver:  Solving for Ux, Initial residual = 2.2540989e-05, Final residual = 1.2129313e-06, No Iterations 2
smoothSolver:  Solving for Uy, Initial residual = 2.2705808e-05, Final residual = 5.6369844e-07, No Iterations 2
smoothSolver:  Solving for Uz, Initial residual = 2.4979658e-05, Final residual = 8.2339782e-07, No Iterations 2
GAMG:  Solving for p, Initial residual = 1.9462357e-06, Final residual = 1.8126269e-08, No Iterations 2
GAMG:  Solving for p, Initial residual = 6.16778e-08, Final residual = 6.16778e-08, No Iterations 0
smoothSolver:  Solving for omega, Initial residual = 0.0027335623, Final residual = 0.00021260768, No Iterations 2
smoothSolver:  Solving for k, Initial residual = 0.0029276866, Final residual = 0.00012775129, No Iterations 3
smoothSolver:  Solving for Ux, Initial residual = 2.0687121e-05, Final residual = 7.7204945e-07, No Iterations 2
smoothSolver:  Solving for Uy, Initial residual = 2.1517135e-05, Final residual = 6.0919556e-07, No Iterations 2
smoothSolver:  Solving for Uz, Initial residual = 2.4374321e-05, Final residual = 7.9459402e-07, No Iterations 2
GAMG:  Solving for p, Initial residual = 1.7532647e-06, Final residual = 2.0902517e-08, No Iterations 2
GAMG:  Solving for p, Initial residual = 7.2833358e-08, Final residual = 7.2833358e-08, No Iterations 0
smoothSolver:  Solving for omega, Initial residual = 0.0027681638, Final residual = 0.00019612122, No Iterations 2
smoothSolver:  Solving for k, Initial residual = 0.0032620496, Final residual = 0.00026479367, No Iterations 2
smoothSolver:  Solving for Ux, Initial residual = 1.9443051e-05, Final residual = 9.3105201e-07, No Iterations 2
smoothSolver:  Solving for Uy, Initial residual = 2.1382279e-05, Final residual = 5.7344678e-07, No Iterations 2
smoothSolver:  Solving for Uz, Initial residual = 2.3980977e-05, Final residual = 7.271002e-07, No Iterations 2
GAMG:  Solving for p, Initial residual = 1.5621005e-06, Final residual = 8.1404411e-08, No Iterations 1
GAMG:  Solving for p, Initial residual = 1.1331111e-07, Final residual = 1.3599092e-08, No Iterations 1
smoothSolver:  Solving for omega, Initial residual = 0.0027237148, Final residual = 0.00019604528, No Iterations 2
smoothSolver:  Solving for k, Initial residual = 0.0031021287, Final residual = 0.00024190584, No Iterations 2
smoothSolver:  Solving for Ux, Initial residual = 1.783503e-05, Final residual = 5.8632752e-07, No Iterations 2
smoothSolver:  Solving for Uy, Initial residual = 2.031055e-05, Final residual = 5.7709491e-07, No Iterations 2
smoothSolver:  Solving for Uz, Initial residual = 2.2897222e-05, Final residual = 7.547399e-07, No Iterations 2
GAMG:  Solving for p, Initial residual = 1.5997347e-06, Final residual = 1.582459e-08, No Iterations 2
GAMG:  Solving for p, Initial residual = 6.0965085e-08, Final residual = 6.0965085e-08, No Iterations 0
smoothSolver:  Solving for omega, Initial residual = 0.0027127354, Final residual = 0.00019301606, No Iterations 2
smoothSolver:  Solving for k, Initial residual = 0.0027755865, Final residual = 0.00011518881, No Iterations 3
smoothSolver:  Solving for Ux, Initial residual = 1.7507777e-05, Final residual = 6.1816169e-07, No Iterations 2
smoothSolver:  Solving for Uy, Initial residual = 2.0590965e-05, Final residual = 4.7849693e-07, No Iterations 2
smoothSolver:  Solving for Uz, Initial residual = 2.3325252e-05, Final residual = 7.4065138e-07, No Iterations 2
GAMG:  Solving for p, Initial residual = 1.4736584e-06, Final residual = 8.2076827e-08, No Iterations 1
GAMG:  Solving for p, Initial residual = 1.1856024e-07, Final residual = 1.4597568e-08, No Iterations 1
smoothSolver:  Solving for omega, Initial residual = 0.0027210926, Final residual = 0.00019629477, No Iterations 2
smoothSolver:  Solving for k, Initial residual = 0.0027726312, Final residual = 0.00025784191, No Iterations 2
smoothSolver:  Solving for Ux, Initial residual = 1.7537771e-05, Final residual = 6.9614031e-07, No Iterations 2
smoothSolver:  Solving for Uy, Initial residual = 2.0426318e-05, Final residual = 4.745576e-07, No Iterations 2
smoothSolver:  Solving for Uz, Initial residual = 2.3354716e-05, Final residual = 7.7611747e-07, No Iterations 2
GAMG:  Solving for p, Initial residual = 1.5853664e-06, Final residual = 9.2478237e-08, No Iterations 1
GAMG:  Solving for p, Initial residual = 1.2372126e-07, Final residual = 1.4200688e-08, No Iterations 1
smoothSolver:  Solving for omega, Initial residual = 0.002774256, Final residual = 0.00019653166, No Iterations 2
smoothSolver:  Solving for k, Initial residual = 0.002958693, Final residual = 0.00012091102, No Iterations 3
smoothSolver:  Solving for Ux, Initial residual = 1.72217e-05, Final residual = 6.6228903e-07, No Iterations 2
smoothSolver:  Solving for Uy, Initial residual = 2.1096892e-05, Final residual = 4.2121362e-07, No Iterations 2
smoothSolver:  Solving for Uz, Initial residual = 2.2866752e-05, Final residual = 7.3505916e-07, No Iterations 2
GAMG:  Solving for p, Initial residual = 1.4783106e-06, Final residual = 8.3935377e-08, No Iterations 1
GAMG:  Solving for p, Initial residual = 1.1833553e-07, Final residual = 1.6290515e-08, No Iterations 1
smoothSolver:  Solving for omega, Initial residual = 0.0028159226, Final residual = 0.00020291379, No Iterations 2
smoothSolver:  Solving for k, Initial residual = 0.0029870681, Final residual = 0.00029686746, No Iterations 2
smoothSolver:  Solving for Ux, Initial residual = 1.7042908e-05, Final residual = 6.0933725e-07, No Iterations 2
smoothSolver:  Solving for Uy, Initial residual = 2.1028164e-05, Final residual = 5.551667e-07, No Iterations 2
smoothSolver:  Solving for Uz, Initial residual = 2.2525382e-05, Final residual = 7.8562841e-07, No Iterations 2
GAMG:  Solving for p, Initial residual = 1.7028002e-06, Final residual = 9.5757301e-08, No Iterations 1
GAMG:  Solving for p, Initial residual = 1.2757944e-07, Final residual = 1.4123741e-08, No Iterations 1
smoothSolver:  Solving for omega, Initial residual = 0.0028346972, Final residual = 0.00020687668, No Iterations 2
smoothSolver:  Solving for k, Initial residual = 0.0029254711, Final residual = 0.00025845516, No Iterations 2
smoothSolver:  Solving for Ux, Initial residual = 1.7297035e-05, Final residual = 6.7224206e-07, No Iterations 2
smoothSolver:  Solving for Uy, Initial residual = 2.1568948e-05, Final residual = 6.8521294e-07, No Iterations 2
smoothSolver:  Solving for Uz, Initial residual = 2.239633e-05, Final residual = 7.0661981e-07, No Iterations 2
GAMG:  Solving for p, Initial residual = 1.5272985e-06, Final residual = 7.8642284e-08, No Iterations 1
GAMG:  Solving for p, Initial residual = 1.1388564e-07, Final residual = 1.4603875e-08, No Iterations 1
smoothSolver:  Solving for omega, Initial residual = 0.0028854614, Final residual = 0.00020277246, No Iterations 2
smoothSolver:  Solving for k, Initial residual = 0.002790312, Final residual = 0.00022510791, No Iterations 2
smoothSolver:  Solving for Ux, Initial residual = 1.6824348e-05, Final residual = 3.9656313e-07, No Iterations 2
smoothSolver:  Solving for Uy, Initial residual = 2.0447939e-05, Final residual = 5.2694823e-07, No Iterations 2
smoothSolver:  Solving for Uz, Initial residual = 2.1604475e-05, Final residual = 6.76578e-07, No Iterations 2
GAMG:  Solving for p, Initial residual = 1.4474916e-06, Final residual = 8.0616109e-08, No Iterations 1
GAMG:  Solving for p, Initial residual = 1.1493856e-07, Final residual = 1.4076222e-08, No Iterations 1
smoothSolver:  Solving for omega, Initial residual = 0.00289238, Final residual = 0.0002130043, No Iterations 2
smoothSolver:  Solving for k, Initial residual = 0.0028511319, Final residual = 0.00025990779, No Iterations 2
smoothSolver:  Solving for Ux, Initial residual = 1.6044943e-05, Final residual = 4.7240776e-07, No Iterations 2
smoothSolver:  Solving for Uy, Initial residual = 2.0676271e-05, Final residual = 6.4712532e-07, No Iterations 2
smoothSolver:  Solving for Uz, Initial residual = 2.1396475e-05, Final residual = 6.0560036e-07, No Iterations 2
GAMG:  Solving for p, Initial residual = 1.3621966e-06, Final residual = 7.4052299e-08, No Iterations 1
GAMG:  Solving for p, Initial residual = 1.0918178e-07, Final residual = 1.168628e-08, No Iterations 1
smoothSolver:  Solving for omega, Initial residual = 0.0028553995, Final residual = 0.00021173033, No Iterations 2
smoothSolver:  Solving for k, Initial residual = 0.0025361319, Final residual = 0.00023899504, No Iterations 2
smoothSolver:  Solving for Ux, Initial residual = 1.6473775e-05, Final residual = 3.2457778e-07, No Iterations 2
smoothSolver:  Solving for Uy, Initial residual = 2.0570772e-05, Final residual = 6.4764956e-07, No Iterations 2
smoothSolver:  Solving for Uz, Initial residual = 2.1638833e-05, Final residual = 6.5291398e-07, No Iterations 2
GAMG:  Solving for p, Initial residual = 1.2850545e-06, Final residual = 7.9910821e-08, No Iterations 1
GAMG:  Solving for p, Initial residual = 1.1314697e-07, Final residual = 1.4781447e-08, No Iterations 1
smoothSolver:  Solving for omega, Initial residual = 0.0028887876, Final residual = 0.0002135395, No Iterations 2
smoothSolver:  Solving for k, Initial residual = 0.0025529915, Final residual = 0.00024907176, No Iterations 2
smoothSolver:  Solving for Ux, Initial residual = 1.6090507e-05, Final residual = 4.2295076e-07, No Iterations 2
smoothSolver:  Solving for Uy, Initial residual = 2.0208778e-05, Final residual = 7.8001906e-07, No Iterations 2
smoothSolver:  Solving for Uz, Initial residual = 2.0824453e-05, Final residual = 6.1497467e-07, No Iterations 2
GAMG:  Solving for p, Initial residual = 1.3012844e-06, Final residual = 7.2990623e-08, No Iterations 1
GAMG:  Solving for p, Initial residual = 1.0734288e-07, Final residual = 1.1543558e-08, No Iterations 1
smoothSolver:  Solving for omega, Initial residual = 0.0028434592, Final residual = 0.00021863699, No Iterations 2
smoothSolver:  Solving for k, Initial residual = 0.0025739123, Final residual = 0.00024594495, No Iterations 2
smoothSolver:  Solving for Ux, Initial residual = 1.5524158e-05, Final residual = 4.0721384e-07, No Iterations 2
smoothSolver:  Solving for Uy, Initial residual = 2.0442043e-05, Final residual = 7.3315876e-07, No Iterations 2
smoothSolver:  Solving for Uz, Initial residual = 2.0901808e-05, Final residual = 6.2332385e-07, No Iterations 2
GAMG:  Solving for p, Initial residual = 1.2444358e-06, Final residual = 7.9776192e-08, No Iterations 1
GAMG:  Solving for p, Initial residual = 1.1712156e-07, Final residual = 1.4797406e-08, No Iterations 1
smoothSolver:  Solving for omega, Initial residual = 0.0028941664, Final residual = 0.00022230678, No Iterations 2
smoothSolver:  Solving for k, Initial residual = 0.0027305147, Final residual = 0.0002428844, No Iterations 2
smoothSolver:  Solving for Ux, Initial residual = 1.5861582e-05, Final residual = 3.451877e-07, No Iterations 2
smoothSolver:  Solving for Uy, Initial residual = 2.0356647e-05, Final residual = 7.9860174e-07, No Iterations 2
smoothSolver:  Solving for Uz, Initial residual = 2.0244376e-05, Final residual = 6.3214756e-07, No Iterations 2
GAMG:  Solving for p, Initial residual = 1.2691925e-06, Final residual = 7.1886034e-08, No Iterations 1
GAMG:  Solving for p, Initial residual = 1.0423128e-07, Final residual = 1.1249242e-08, No Iterations 1
smoothSolver:  Solving for omega, Initial residual = 0.0028579473, Final residual = 0.00022500387, No Iterations 2
smoothSolver:  Solving for k, Initial residual = 0.0027672872, Final residual = 0.00023176352, No Iterations 2
smoothSolver:  Solving for Ux, Initial residual = 1.5368437e-05, Final residual = 3.6517954e-07, No Iterations 2
smoothSolver:  Solving for Uy, Initial residual = 2.0271098e-05, Final residual = 7.6357014e-07, No Iterations 2
smoothSolver:  Solving for Uz, Initial residual = 1.9585827e-05, Final residual = 6.4284945e-07, No Iterations 2
GAMG:  Solving for p, Initial residual = 1.1949222e-06, Final residual = 7.8993282e-08, No Iterations 1
GAMG:  Solving for p, Initial residual = 1.1549026e-07, Final residual = 1.4581812e-08, No Iterations 1
smoothSolver:  Solving for omega, Initial residual = 0.0028750732, Final residual = 0.00022019672, No Iterations 2
smoothSolver:  Solving for k, Initial residual = 0.002609217, Final residual = 0.00025731415, No Iterations 2
smoothSolver:  Solving for Ux, Initial residual = 1.5815947e-05, Final residual = 4.5900076e-07, No Iterations 2
smoothSolver:  Solving for Uy, Initial residual = 2.0425525e-05, Final residual = 8.962452e-07, No Iterations 2
smoothSolver:  Solving for Uz, Initial residual = 1.9533809e-05, Final residual = 5.6408542e-07, No Iterations 2
GAMG:  Solving for p, Initial residual = 1.3105621e-06, Final residual = 7.2759765e-08, No Iterations 1
GAMG:  Solving for p, Initial residual = 1.0939864e-07, Final residual = 1.1289036e-08, No Iterations 1
smoothSolver:  Solving for omega, Initial residual = 0.0028030865, Final residual = 0.0002257441, No Iterations 2
smoothSolver:  Solving for k, Initial residual = 0.0023655613, Final residual = 9.1632232e-05, No Iterations 3
smoothSolver:  Solving for Ux, Initial residual = 1.6358107e-05, Final residual = 4.4868552e-07, No Iterations 2
smoothSolver:  Solving for Uy, Initial residual = 2.0465796e-05, Final residual = 8.202222e-07, No Iterations 2
smoothSolver:  Solving for Uz, Initial residual = 2.0110932e-05, Final residual = 6.0040535e-07, No Iterations 2
GAMG:  Solving for p, Initial residual = 1.1605772e-06, Final residual = 7.7550094e-08, No Iterations 1
GAMG:  Solving for p, Initial residual = 1.1643152e-07, Final residual = 1.4668577e-08, No Iterations 1
smoothSolver:  Solving for omega, Initial residual = 0.0028578856, Final residual = 0.00021895725, No Iterations 2
smoothSolver:  Solving for k, Initial residual = 0.0027278139, Final residual = 0.00022004209, No Iterations 2
smoothSolver:  Solving for Ux, Initial residual = 1.6679862e-05, Final residual = 5.0274204e-07, No Iterations 2
smoothSolver:  Solving for Uy, Initial residual = 2.0043546e-05, Final residual = 8.4977561e-07, No Iterations 2
smoothSolver:  Solving for Uz, Initial residual = 1.9339944e-05, Final residual = 5.9717495e-07, No Iterations 2
GAMG:  Solving for p, Initial residual = 1.2931542e-06, Final residual = 7.4878426e-08, No Iterations 1
GAMG:  Solving for p, Initial residual = 1.0809267e-07, Final residual = 1.096957e-08, No Iterations 1
smoothSolver:  Solving for omega, Initial residual = 0.002814245, Final residual = 0.000226813, No Iterations 2
smoothSolver:  Solving for k, Initial residual = 0.0026324554, Final residual = 0.00011214057, No Iterations 3
smoothSolver:  Solving for Ux, Initial residual = 1.5959704e-05, Final residual = 4.1705992e-07, No Iterations 2
smoothSolver:  Solving for Uy, Initial residual = 1.9914041e-05, Final residual = 9.3191407e-07, No Iterations 2
smoothSolver:  Solving for Uz, Initial residual = 1.9273897e-05, Final residual = 6.1396318e-07, No Iterations 2
GAMG:  Solving for p, Initial residual = 1.1506797e-06, Final residual = 7.4624998e-08, No Iterations 1
GAMG:  Solving for p, Initial residual = 1.1168152e-07, Final residual = 1.3293802e-08, No Iterations 1
smoothSolver:  Solving for omega, Initial residual = 0.0028777373, Final residual = 0.00021698453, No Iterations 2
smoothSolver:  Solving for k, Initial residual = 0.0028904957, Final residual = 0.00022643189, No Iterations 2
smoothSolver:  Solving for Ux, Initial residual = 1.7418428e-05, Final residual = 6.9474707e-07, No Iterations 2
smoothSolver:  Solving for Uy, Initial residual = 1.9395835e-05, Final residual = 7.9765978e-07, No Iterations 2
smoothSolver:  Solving for Uz, Initial residual = 1.9179546e-05, Final residual = 6.1402335e-07, No Iterations 2
GAMG:  Solving for p, Initial residual = 1.1930881e-06, Final residual = 7.8580164e-08, No Iterations 1
GAMG:  Solving for p, Initial residual = 1.100254e-07, Final residual = 1.2317019e-08, No Iterations 1
smoothSolver:  Solving for omega, Initial residual = 0.0028539865, Final residual = 0.0002078733, No Iterations 2
smoothSolver:  Solving for k, Initial residual = 0.0029226134, Final residual = 0.0001252881, No Iterations 3
smoothSolver:  Solving for Ux, Initial residual = 1.6485818e-05, Final residual = 6.4353997e-07, No Iterations 2
smoothSolver:  Solving for Uy, Initial residual = 1.8378498e-05, Final residual = 9.7358732e-07, No Iterations 2
smoothSolver:  Solving for Uz, Initial residual = 1.8764567e-05, Final residual = 6.4653369e-07, No Iterations 2
GAMG:  Solving for p, Initial residual = 1.1934521e-06, Final residual = 7.4719849e-08, No Iterations 1
GAMG:  Solving for p, Initial residual = 1.1197711e-07, Final residual = 1.1979402e-08, No Iterations 1
smoothSolver:  Solving for omega, Initial residual = 0.0027996862, Final residual = 0.0002196809, No Iterations 2
smoothSolver:  Solving for k, Initial residual = 0.0029439958, Final residual = 0.00028927133, No Iterations 2
smoothSolver:  Solving for Ux, Initial residual = 1.7230663e-05, Final residual = 6.8010692e-07, No Iterations 2
smoothSolver:  Solving for Uy, Initial residual = 1.8314485e-05, Final residual = 8.2376618e-07, No Iterations 2
smoothSolver:  Solving for Uz, Initial residual = 1.8795542e-05, Final residual = 5.9294932e-07, No Iterations 2
GAMG:  Solving for p, Initial residual = 1.1591496e-06, Final residual = 8.1760581e-08, No Iterations 1
GAMG:  Solving for p, Initial residual = 1.0935288e-07, Final residual = 1.5099483e-08, No Iterations 1
smoothSolver:  Solving for omega, Initial residual = 0.0027082423, Final residual = 0.00021367142, No Iterations 2
smoothSolver:  Solving for k, Initial residual = 0.0026625299, Final residual = 0.00010459604, No Iterations 3
smoothSolver:  Solving for Ux, Initial residual = 1.719036e-05, Final residual = 6.5464122e-07, No Iterations 2
smoothSolver:  Solving for Uy, Initial residual = 1.5966775e-05, Final residual = 6.0196062e-07, No Iterations 2
smoothSolver:  Solving for Uz, Initial residual = 1.8682881e-05, Final residual = 6.8115009e-07, No Iterations 2
GAMG:  Solving for p, Initial residual = 1.1827254e-06, Final residual = 7.2957138e-08, No Iterations 1
GAMG:  Solving for p, Initial residual = 1.0207626e-07, Final residual = 1.0830239e-08, No Iterations 1
smoothSolver:  Solving for omega, Initial residual = 0.002729431, Final residual = 0.00020730608, No Iterations 2
smoothSolver:  Solving for k, Initial residual = 0.0027483824, Final residual = 0.00024767401, No Iterations 2
smoothSolver:  Solving for Ux, Initial residual = 1.6388684e-05, Final residual = 4.5450729e-07, No Iterations 2
smoothSolver:  Solving for Uy, Initial residual = 1.6104249e-05, Final residual = 7.1222881e-07, No Iterations 2
smoothSolver:  Solving for Uz, Initial residual = 1.8558995e-05, Final residual = 6.0166432e-07, No Iterations 2
GAMG:  Solving for p, Initial residual = 1.0683293e-06, Final residual = 7.3448229e-08, No Iterations 1
GAMG:  Solving for p, Initial residual = 1.0602609e-07, Final residual = 1.1812521e-08, No Iterations 1
smoothSolver:  Solving for omega, Initial residual = 0.0027341214, Final residual = 0.00021053931, No Iterations 2
smoothSolver:  Solving for k, Initial residual = 0.002767834, Final residual = 0.00011195397, No Iterations 3
smoothSolver:  Solving for Ux, Initial residual = 1.6208946e-05, Final residual = 4.4400447e-07, No Iterations 2
smoothSolver:  Solving for Uy, Initial residual = 1.5942387e-05, Final residual = 7.8101663e-07, No Iterations 2
smoothSolver:  Solving for Uz, Initial residual = 1.8202703e-05, Final residual = 5.4693515e-07, No Iterations 2
GAMG:  Solving for p, Initial residual = 1.0487161e-06, Final residual = 6.7686075e-08, No Iterations 1
GAMG:  Solving for p, Initial residual = 9.8076181e-08, Final residual = 9.8076181e-08, No Iterations 0
smoothSolver:  Solving for omega, Initial residual = 0.0027983178, Final residual = 0.00021933621, No Iterations 2
smoothSolver:  Solving for k, Initial residual = 0.002967844, Final residual = 0.00026085812, No Iterations 2
smoothSolver:  Solving for Ux, Initial residual = 1.5919728e-05, Final residual = 4.4424639e-07, No Iterations 2
smoothSolver:  Solving for Uy, Initial residual = 1.5455557e-05, Final residual = 5.414738e-07, No Iterations 2
smoothSolver:  Solving for Uz, Initial residual = 1.822491e-05, Final residual = 6.3748643e-07, No Iterations 2
GAMG:  Solving for p, Initial residual = 1.0242065e-06, Final residual = 7.2733295e-08, No Iterations 1
GAMG:  Solving for p, Initial residual = 1.0294438e-07, Final residual = 1.158959e-08, No Iterations 1
smoothSolver:  Solving for omega, Initial residual = 0.0027944265, Final residual = 0.00021012987, No Iterations 2
smoothSolver:  Solving for k, Initial residual = 0.0030061533, Final residual = 0.00013279363, No Iterations 3
smoothSolver:  Solving for Ux, Initial residual = 1.5230103e-05, Final residual = 4.7582415e-07, No Iterations 2
smoothSolver:  Solving for Uy, Initial residual = 1.6134721e-05, Final residual = 6.8911023e-07, No Iterations 2
smoothSolver:  Solving for Uz, Initial residual = 1.8071481e-05, Final residual = 6.5050013e-07, No Iterations 2
GAMG:  Solving for p, Initial residual = 1.108744e-06, Final residual = 7.2299588e-08, No Iterations 1
GAMG:  Solving for p, Initial residual = 1.0387919e-07, Final residual = 1.0573809e-08, No Iterations 1
smoothSolver:  Solving for omega, Initial residual = 0.0027758319, Final residual = 0.00020887245, No Iterations 2
smoothSolver:  Solving for k, Initial residual = 0.0032424369, Final residual = 0.00028190865, No Iterations 2
smoothSolver:  Solving for Ux, Initial residual = 1.6034657e-05, Final residual = 6.2141863e-07, No Iterations 2
smoothSolver:  Solving for Uy, Initial residual = 1.7400327e-05, Final residual = 5.7715849e-07, No Iterations 2
smoothSolver:  Solving for Uz, Initial residual = 1.8907351e-05, Final residual = 7.1460233e-07, No Iterations 2
GAMG:  Solving for p, Initial residual = 1.2363002e-06, Final residual = 8.6631795e-08, No Iterations 1
GAMG:  Solving for p, Initial residual = 1.1883082e-07, Final residual = 1.6548711e-08, No Iterations 1
smoothSolver:  Solving for omega, Initial residual = 0.0027705359, Final residual = 0.00020939187, No Iterations 2
smoothSolver:  Solving for k, Initial residual = 0.0033193091, Final residual = 0.00013945576, No Iterations 3
smoothSolver:  Solving for Ux, Initial residual = 1.6467302e-05, Final residual = 6.346326e-07, No Iterations 2
smoothSolver:  Solving for Uy, Initial residual = 1.8112596e-05, Final residual = 5.8511555e-07, No Iterations 2
smoothSolver:  Solving for Uz, Initial residual = 1.844589e-05, Final residual = 7.1067072e-07, No Iterations 2
GAMG:  Solving for p, Initial residual = 1.3554716e-06, Final residual = 8.3260817e-08, No Iterations 1
GAMG:  Solving for p, Initial residual = 1.1851312e-07, Final residual = 1.2455108e-08, No Iterations 1
smoothSolver:  Solving for omega, Initial residual = 0.0028387311, Final residual = 0.00022769604, No Iterations 2
smoothSolver:  Solving for k, Initial residual = 0.0031888266, Final residual = 0.00013198028, No Iterations 3
smoothSolver:  Solving for Ux, Initial residual = 1.6806241e-05, Final residual = 5.5719394e-07, No Iterations 2
smoothSolver:  Solving for Uy, Initial residual = 1.8961363e-05, Final residual = 5.1687191e-07, No Iterations 2
smoothSolver:  Solving for Uz, Initial residual = 1.8952535e-05, Final residual = 6.3164113e-07, No Iterations 2
GAMG:  Solving for p, Initial residual = 1.539082e-06, Final residual = 1.8723424e-08, No Iterations 2
GAMG:  Solving for p, Initial residual = 6.4504959e-08, Final residual = 6.4504959e-08, No Iterations 0
smoothSolver:  Solving for omega, Initial residual = 0.0028222931, Final residual = 0.00022225786, No Iterations 2
smoothSolver:  Solving for k, Initial residual = 0.0031011644, Final residual = 0.00029900624, No Iterations 2
smoothSolver:  Solving for Ux, Initial residual = 1.6681586e-05, Final residual = 7.2539688e-07, No Iterations 2
smoothSolver:  Solving for Uy, Initial residual = 1.94704e-05, Final residual = 6.628509e-07, No Iterations 2
smoothSolver:  Solving for Uz, Initial residual = 1.9225605e-05, Final residual = 7.3842097e-07, No Iterations 2
GAMG:  Solving for p, Initial residual = 1.4715382e-06, Final residual = 9.3746367e-08, No Iterations 1
GAMG:  Solving for p, Initial residual = 1.25322e-07, Final residual = 1.5192216e-08, No Iterations 1
smoothSolver:  Solving for omega, Initial residual = 0.0027912029, Final residual = 0.00022649846, No Iterations 2
smoothSolver:  Solving for k, Initial residual = 0.0029126074, Final residual = 0.00028899694, No Iterations 2
smoothSolver:  Solving for Ux, Initial residual = 1.8771912e-05, Final residual = 7.7205371e-07, No Iterations 2
smoothSolver:  Solving for Uy, Initial residual = 1.9795063e-05, Final residual = 4.3287746e-07, No Iterations 2
smoothSolver:  Solving for Uz, Initial residual = 1.9330935e-05, Final residual = 7.2143861e-07, No Iterations 2
GAMG:  Solving for p, Initial residual = 1.5539298e-06, Final residual = 9.5442885e-08, No Iterations 1
GAMG:  Solving for p, Initial residual = 1.336905e-07, Final residual = 1.6563967e-08, No Iterations 1
smoothSolver:  Solving for omega, Initial residual = 0.0028642647, Final residual = 0.000217187, No Iterations 2
smoothSolver:  Solving for k, Initial residual = 0.0028701836, Final residual = 0.00012508449, No Iterations 3
smoothSolver:  Solving for Ux, Initial residual = 1.7420934e-05, Final residual = 5.6582115e-07, No Iterations 2
smoothSolver:  Solving for Uy, Initial residual = 2.0087073e-05, Final residual = 4.8626148e-07, No Iterations 2
smoothSolver:  Solving for Uz, Initial residual = 1.940771e-05, Final residual = 6.4750139e-07, No Iterations 2
GAMG:  Solving for p, Initial residual = 1.2119107e-06, Final residual = 8.3371825e-08, No Iterations 1
GAMG:  Solving for p, Initial residual = 1.1536053e-07, Final residual = 1.7142044e-08, No Iterations 1
smoothSolver:  Solving for omega, Initial residual = 0.0028367991, Final residual = 0.00022652547, No Iterations 2
smoothSolver:  Solving for k, Initial residual = 0.00314601, Final residual = 0.00022557715, No Iterations 2
smoothSolver:  Solving for Ux, Initial residual = 1.8106377e-05, Final residual = 7.3710085e-07, No Iterations 2
smoothSolver:  Solving for Uy, Initial residual = 1.942263e-05, Final residual = 6.0571041e-07, No Iterations 2
smoothSolver:  Solving for Uz, Initial residual = 1.9308877e-05, Final residual = 6.9742389e-07, No Iterations 2
GAMG:  Solving for p, Initial residual = 1.319306e-06, Final residual = 9.3852528e-08, No Iterations 1
GAMG:  Solving for p, Initial residual = 1.2993334e-07, Final residual = 1.6336785e-08, No Iterations 1
smoothSolver:  Solving for omega, Initial residual = 0.0027631479, Final residual = 0.00021825222, No Iterations 2
smoothSolver:  Solving for k, Initial residual = 0.0028080018, Final residual = 0.00011912193, No Iterations 3
smoothSolver:  Solving for Ux, Initial residual = 1.7747401e-05, Final residual = 5.6684221e-07, No Iterations 2
smoothSolver:  Solving for Uy, Initial residual = 1.9605558e-05, Final residual = 7.9218945e-07, No Iterations 2
smoothSolver:  Solving for Uz, Initial residual = 2.0066209e-05, Final residual = 7.2497214e-07, No Iterations 2
GAMG:  Solving for p, Initial residual = 1.3284854e-06, Final residual = 9.8525829e-08, No Iterations 1
GAMG:  Solving for p, Initial residual = 1.2692291e-07, Final residual = 2.0331063e-08, No Iterations 1
smoothSolver:  Solving for omega, Initial residual = 0.0027871552, Final residual = 0.00020667784, No Iterations 2
smoothSolver:  Solving for k, Initial residual = 0.0028332736, Final residual = 0.00023990061, No Iterations 2
smoothSolver:  Solving for Ux, Initial residual = 1.632695e-05, Final residual = 4.2636177e-07, No Iterations 2
smoothSolver:  Solving for Uy, Initial residual = 2.0158269e-05, Final residual = 6.06786e-07, No Iterations 2
smoothSolver:  Solving for Uz, Initial residual = 1.9969808e-05, Final residual = 7.2012033e-07, No Iterations 2
GAMG:  Solving for p, Initial residual = 1.2480029e-06, Final residual = 9.1879359e-08, No Iterations 1
GAMG:  Solving for p, Initial residual = 1.2785238e-07, Final residual = 1.6723333e-08, No Iterations 1
smoothSolver:  Solving for omega, Initial residual = 0.0028076312, Final residual = 0.00021696475, No Iterations 2
smoothSolver:  Solving for k, Initial residual = 0.0028933995, Final residual = 0.00027081565, No Iterations 2
smoothSolver:  Solving for Ux, Initial residual = 1.6887868e-05, Final residual = 4.6009152e-07, No Iterations 2
smoothSolver:  Solving for Uy, Initial residual = 1.9964137e-05, Final residual = 6.7906616e-07, No Iterations 2
smoothSolver:  Solving for Uz, Initial residual = 1.97951e-05, Final residual = 6.731489e-07, No Iterations 2
GAMG:  Solving for p, Initial residual = 1.3778591e-06, Final residual = 2.1016827e-08, No Iterations 2
GAMG:  Solving for p, Initial residual = 6.9027872e-08, Final residual = 6.9027872e-08, No Iterations 0
smoothSolver:  Solving for omega, Initial residual = 0.0028486391, Final residual = 0.00021999519, No Iterations 2
smoothSolver:  Solving for k, Initial residual = 0.0026572609, Final residual = 0.00023416586, No Iterations 2
smoothSolver:  Solving for Ux, Initial residual = 1.6424326e-05, Final residual = 5.9523643e-07, No Iterations 2
smoothSolver:  Solving for Uy, Initial residual = 2.0160178e-05, Final residual = 5.8858477e-07, No Iterations 2
smoothSolver:  Solving for Uz, Initial residual = 1.9262325e-05, Final residual = 7.0280551e-07, No Iterations 2
GAMG:  Solving for p, Initial residual = 1.3585299e-06, Final residual = 9.8836328e-08, No Iterations 1
GAMG:  Solving for p, Initial residual = 1.3186662e-07, Final residual = 1.8558765e-08, No Iterations 1
smoothSolver:  Solving for omega, Initial residual = 0.0028671338, Final residual = 0.00022170787, No Iterations 2
smoothSolver:  Solving for k, Initial residual = 0.0024775062, Final residual = 0.00024364362, No Iterations 2
smoothSolver:  Solving for Ux, Initial residual = 1.6526508e-05, Final residual = 5.8571319e-07, No Iterations 2
smoothSolver:  Solving for Uy, Initial residual = 1.9434477e-05, Final residual = 6.715759e-07, No Iterations 2
smoothSolver:  Solving for Uz, Initial residual = 1.9884101e-05, Final residual = 6.3273158e-07, No Iterations 2
GAMG:  Solving for p, Initial residual = 1.5126812e-06, Final residual = 2.3030156e-08, No Iterations 2
GAMG:  Solving for p, Initial residual = 7.0282035e-08, Final residual = 7.0282035e-08, No Iterations 0
smoothSolver:  Solving for omega, Initial residual = 0.0028198117, Final residual = 0.00020986234, No Iterations 2
smoothSolver:  Solving for k, Initial residual = 0.0025240905, Final residual = 0.00022310313, No Iterations 2
smoothSolver:  Solving for Ux, Initial residual = 1.6299519e-05, Final residual = 5.5656612e-07, No Iterations 2
smoothSolver:  Solving for Uy, Initial residual = 2.0144611e-05, Final residual = 8.0554072e-07, No Iterations 2
smoothSolver:  Solving for Uz, Initial residual = 1.9950371e-05, Final residual = 7.3402834e-07, No Iterations 2
GAMG:  Solving for p, Initial residual = 1.4536837e-06, Final residual = 1.9258226e-08, No Iterations 2
GAMG:  Solving for p, Initial residual = 7.0796494e-08, Final residual = 7.0796494e-08, No Iterations 0
smoothSolver:  Solving for omega, Initial residual = 0.0028268665, Final residual = 0.00021705857, No Iterations 2
smoothSolver:  Solving for k, Initial residual = 0.0025021959, Final residual = 9.7989399e-05, No Iterations 3
smoothSolver:  Solving for Ux, Initial residual = 1.6861185e-05, Final residual = 5.8825722e-07, No Iterations 2
smoothSolver:  Solving for Uy, Initial residual = 1.9600259e-05, Final residual = 6.7303664e-07, No Iterations 2
smoothSolver:  Solving for Uz, Initial residual = 1.951672e-05, Final residual = 6.5601638e-07, No Iterations 2
GAMG:  Solving for p, Initial residual = 1.5161032e-06, Final residual = 9.7056806e-08, No Iterations 1
GAMG:  Solving for p, Initial residual = 1.2648143e-07, Final residual = 2.0963881e-08, No Iterations 1
smoothSolver:  Solving for omega, Initial residual = 0.0028196789, Final residual = 0.00022524757, No Iterations 2
smoothSolver:  Solving for k, Initial residual = 0.0028142595, Final residual = 0.00022882828, No Iterations 2
smoothSolver:  Solving for Ux, Initial residual = 1.613421e-05, Final residual = 5.1519545e-07, No Iterations 2
smoothSolver:  Solving for Uy, Initial residual = 1.9658423e-05, Final residual = 8.0749304e-07, No Iterations 2
smoothSolver:  Solving for Uz, Initial residual = 1.9200738e-05, Final residual = 7.2027469e-07, No Iterations 2
GAMG:  Solving for p, Initial residual = 1.3532158e-06, Final residual = 9.7316532e-08, No Iterations 1
GAMG:  Solving for p, Initial residual = 1.2916835e-07, Final residual = 2.0997137e-08, No Iterations 1
smoothSolver:  Solving for omega, Initial residual = 0.0028197548, Final residual = 0.0002211917, No Iterations 2
smoothSolver:  Solving for k, Initial residual = 0.0028110985, Final residual = 0.00025708196, No Iterations 2
smoothSolver:  Solving for Ux, Initial residual = 1.6540013e-05, Final residual = 6.0580303e-07, No Iterations 2
smoothSolver:  Solving for Uy, Initial residual = 1.9656065e-05, Final residual = 7.0962896e-07, No Iterations 2
smoothSolver:  Solving for Uz, Initial residual = 1.897751e-05, Final residual = 6.7810288e-07, No Iterations 2
GAMG:  Solving for p, Initial residual = 1.4477306e-06, Final residual = 8.5523071e-08, No Iterations 1
GAMG:  Solving for p, Initial residual = 1.1719431e-07, Final residual = 1.5880871e-08, No Iterations 1
smoothSolver:  Solving for omega, Initial residual = 0.002823836, Final residual = 0.00021553844, No Iterations 2
smoothSolver:  Solving for k, Initial residual = 0.0025341032, Final residual = 0.0002508356, No Iterations 2
smoothSolver:  Solving for Ux, Initial residual = 1.6083697e-05, Final residual = 6.3234563e-07, No Iterations 2
smoothSolver:  Solving for Uy, Initial residual = 1.9561918e-05, Final residual = 7.1880204e-07, No Iterations 2
smoothSolver:  Solving for Uz, Initial residual = 1.9198122e-05, Final residual = 7.0159925e-07, No Iterations 2
GAMG:  Solving for p, Initial residual = 1.272453e-06, Final residual = 9.3976626e-08, No Iterations 1
GAMG:  Solving for p, Initial residual = 1.2616472e-07, Final residual = 2.0255713e-08, No Iterations 1
smoothSolver:  Solving for omega, Initial residual = 0.0028891609, Final residual = 0.00021797979, No Iterations 2
smoothSolver:  Solving for k, Initial residual = 0.0023638056, Final residual = 0.00023439235, No Iterations 2
smoothSolver:  Solving for Ux, Initial residual = 1.6474685e-05, Final residual = 6.4360847e-07, No Iterations 2
smoothSolver:  Solving for Uy, Initial residual = 1.9741519e-05, Final residual = 7.898868e-07, No Iterations 2
smoothSolver:  Solving for Uz, Initial residual = 1.9771812e-05, Final residual = 7.0804014e-07, No Iterations 2
GAMG:  Solving for p, Initial residual = 1.3351759e-06, Final residual = 8.2110716e-08, No Iterations 1
GAMG:  Solving for p, Initial residual = 1.1367367e-07, Final residual = 1.5198545e-08, No Iterations 1
smoothSolver:  Solving for omega, Initial residual = 0.0028548345, Final residual = 0.00022448032, No Iterations 2
smoothSolver:  Solving for k, Initial residual = 0.0025849566, Final residual = 0.00023645384, No Iterations 2
smoothSolver:  Solving for Ux, Initial residual = 1.5937285e-05, Final residual = 6.8536956e-07, No Iterations 2
smoothSolver:  Solving for Uy, Initial residual = 1.9295915e-05, Final residual = 7.2980851e-07, No Iterations 2
smoothSolver:  Solving for Uz, Initial residual = 1.9229811e-05, Final residual = 7.1458459e-07, No Iterations 2
GAMG:  Solving for p, Initial residual = 1.1700824e-06, Final residual = 8.6414444e-08, No Iterations 1
GAMG:  Solving for p, Initial residual = 1.1765131e-07, Final residual = 1.7762956e-08, No Iterations 1
smoothSolver:  Solving for omega, Initial residual = 0.0028361147, Final residual = 0.00022240402, No Iterations 2
smoothSolver:  Solving for k, Initial residual = 0.002562048, Final residual = 0.00010213071, No Iterations 3
Time = 200

smoothSolver:  Solving for Ux, Initial residual = 1.6635669e-05, Final residual = 8.0469859e-07, No Iterations 2
smoothSolver:  Solving for Uy, Initial residual = 1.954317e-05, Final residual = 7.46869e-07, No Iterations 2
smoothSolver:  Solving for Uz, Initial residual = 1.9649087e-05, Final residual = 7.558297e-07, No Iterations 2
U0 initRes: 1.6635669e-05 finalRes: 8.0469859e-07 nIters: 2
U1 initRes: 1.954317e-05 finalRes: 7.46869e-07 nIters: 2
U2 initRes: 1.9649087e-05 finalRes: 7.558297e-07 nIters: 2
GAMG:  Solving for p, Initial residual = 1.2742173e-06, Final residual = 8.5725696e-08, No Iterations 1
p initRes: 1.2742173e-06 finalRes: 8.5725696e-08 nIters: 1
GAMG:  Solving for p, Initial residual = 1.1682255e-07, Final residual = 1.5125347e-08, No Iterations 1
p initRes: 1.1682255e-07 finalRes: 1.5125347e-08 nIters: 1
Time step continuity errors : sum local = 8.5297696e-08
                                 global = -3.3985609e-08
                             cumulative = 3.2792718e-05
smoothSolver:  Solving for omega, Initial residual = 0.0028358868, Final residual = 0.00021045741, No Iterations 2
omega initRes: 0.0028358868 finalRes: 0.00021045741 nIters: 2
smoothSolver:  Solving for k, Initial residual = 0.0028289483, Final residual = 0.00027662753, No Iterations 2
k initRes: 0.0028289483 finalRes: 0.00027662753 nIters: 2
CD: 0.15297486 final: 0.15297486
CL: 0.092170226 final: 0.092170226
yPlus min: 1486.8695 max: 3021.9383 mean: 2495.4313
ExecutionTime = 1.34 s  ClockTime = 1 s

smoothSolver:  Solving for Ux, Initial residual = 1.6215171e-05, Final residual = 7.0649547e-07, No Iterations 2
smoothSolver:  Solving for Uy, Initial residual = 1.8896575e-05, Final residual = 8.0762255e-07, No Iterations 2
smoothSolver:  Solving for Uz, Initial residual = 1.9662715e-05, Final residual = 7.8068593e-07, No Iterations 2
GAMG:  Solving for p, Initial residual = 1.1151016e-06, Final residual = 8.5832378e-08, No Iterations 1
GAMG:  Solving for p, Initial residual = 1.1359486e-07, Final residual = 1.8908735e-08, No Iterations 1
smoothSolver:  Solving for omega, Initial residual = 0.0028363735, Final residual = 0.00022067795, No Iterations 2
smoothSolver:  Solving for k, Initial residual = 0.0029314911, Final residual = 0.00026914972, No Iterations 2
smoothSolver:  Solving for Ux, Initial residual = 1.6649841e-05, Final residual = 8.0566854e-07, No Iterations 2
smoothSolver:  Solving for Uy, Initial residual = 1.9092969e-05, Final residual = 7.4054136e-07, No Iterations 2
smoothSolver:  Solving for Uz, Initial residual = 1.9460378e-05, Final residual = 7.8299652e-07, No Iterations 2
GAMG:  Solving for p, Initial residual = 1.1387591e-06, Final residual = 8.500156e-08, No Iterations 1
GAMG:  Solving for p, Initial residual = 1.1540143e-07, Final residual = 1.5173292e-08, No Iterations 1
smoothSolver:  Solving for omega, Initial residual = 0.0028289718, Final residual = 0.0002283068, No Iterations 2
smoothSolver:  Solving for k, Initial residual = 0.0026850431, Final residual = 0.00011311697, No Iterations 3
smoothSolver:  Solving for Ux, Initial residual = 1.6163977e-05, Final residual = 7.484995e-07, No Iterations 2
smoothSolver:  Solving for Uy, Initial residual = 1.772695e-05, Final residual = 7.5683745e-07, No Iterations 2
smoothSolver:  Solving for Uz, Initial residual = 1.897214e-05, Final residual = 7.2560784e-07, No Iterations 2
GAMG:  Solving for p, Initial residual = 1.1060834e-06, Final residual = 7.897179e-08, No Iterations 1
GAMG:  Solving for p, Initial residual = 1.0774834e-07, Final residual = 1.6224324e-08, No Iterations 1
smoothSolver:  Solving for omega, Initial residual = 0.0028134629, Final residual = 0.00021660089, No Iterations 2
smoothSolver:  Solving for k, Initial residual = 0.0026573442, Final residual = 0.00010760323, No Iterations 3
smoothSolver:  Solving for Ux, Initial residual = 1.6084743e-05, Final residual = 8.4606969e-07, No Iterations 2
smoothSolver:  Solving for Uy, Initial residual = 1.7642147e-05, Final residual = 6.8210483e-07, No Iterations 2
smoothSolver:  Solving for Uz, Initial residual = 1.9252537e-05, Final residual = 7.4806016e-07, No Iterations 2
GAMG:  Solving for p, Initial residual = 1.0815805e-06, Final residual = 8.443546e-08, No Iterations 1
GAMG:  Solving for p, Initial residual = 1.1213501e-07, Final residual = 1.4988999e-08, No Iterations 1
smoothSolver:  Solving for omega, Initial residual = 0.0027823733, Final residual = 0.00021784001, No Iterations 2
smoothSolver:  Solving for k, Initial residual = 0.0029439607, Final residual = 0.00024526784, No Iterations 2
smoothSolver:  Solving for Ux, Initial residual = 1.6734846e-05, Final residual = 8.3740388e-07, No Iterations 2
smoothSolver:  Solving for Uy, Initial residual = 1.6930666e-05, Final residual = 6.4334583e-07, No Iterations 2
smoothSolver:  Solving for Uz, Initial residual = 1.9207906e-05, Final residual = 7.7506156e-07, No Iterations 2
GAMG:  Solving for p, Initial residual = 1.0984006e-06, Final residual = 7.5652075e-08, No Iterations 1
GAMG:  Solving for p, Initial residual = 1.0303068e-07, Final residual = 1.459196e-08, No Iterations 1
smoothSolver:  Solving for omega, Initial residual = 0.0027465161, Final residual = 0.0002178875, No Iterations 2
smoothSolver:  Solving for k, Initial residual = 0.0026907315, Final residual = 0.00011422558, No Iterations 3
smoothSolver:  Solving for Ux, Initial residual = 1.6036189e-05, Final residual = 7.0258937e-07, No Iterations 2
smoothSolver:  Solving for Uy, Initial residual = 1.6755436e-05, Final residual = 6.6628124e-07, No Iterations 2
smoothSolver:  Solving for Uz, Initial residual = 1.875602e-05, Final residual = 7.2344554e-07, No Iterations 2
GAMG:  Solving for p, Initial residual = 1.0424772e-06, Final residual = 8.7490354e-08, No Iterations 1
GAMG:  Solving for p, Initial residual = 1.1743802e-07, Final residual = 1.7530296e-08, No Iterations 1
smoothSolver:  Solving for omega, Initial residual = 0.0027531437, Final residual = 0.00022445236, No Iterations 2
smoothSolver:  Solving for k, Initial residual = 0.0029713205, Final residual = 0.00024944224, No Iterations 2
smoothSolver:  Solving for Ux, Initial residual = 1.5559191e-05, Final residual = 6.8079372e-07, No Iterations 2
smoothSolver:  Solving for Uy, Initial residual = 1.6615098e-05, Final residual = 7.537548e-07, No Iterations 2
smoothSolver:  Solving for Uz, Initial residual = 1.8186872e-05, Final residual = 7.3669586e-07, No Iterations 2
GAMG:  Solving for p, Initial residual = 1.0030158e-06, Final residual = 7.2024252e-08, No Iterations 1
GAMG:  Solving for p, Initial residual = 9.4394746e-08, Final residual = 9.4394746e-08, No Iterations 0
smoothSolver:  Solving for omega, Initial residual = 0.0027271733, Final residual = 0.00021968989, No Iterations 2
smoothSolver:  Solving for k, Initial residual = 0.0031503132, Final residual = 0.00028911771, No Iterations 2
smoothSolver:  Solving for Ux, Initial residual = 1.5618246e-05, Final residual = 6.9936647e-07, No Iterations 2
smoothSolver:  Solving for Uy, Initial residual = 1.6325809e-05, Final residual = 5.8032724e-07, No Iterations 2
smoothSolver:  Solving for Uz, Initial residual = 1.7731873e-05, Final residual = 6.9404619e-07, No Iterations 2
GAMG:  Solving for p, Initial residual = 1.0322955e-06, Final residual = 8.0688895e-08, No Iterations 1
GAMG:  Solving for p, Initial residual = 1.0840029e-07, Final residual = 1.3691186e-08, No Iterations 1
smoothSolver:  Solving for omega, Initial residual = 0.0027512022, Final residual = 0.0002275555, No Iterations 2
smoothSolver:  Solving for k, Initial residual = 0.0029286015, Final residual = 0.00013385425, No Iterations 3
smoothSolver:  Solving for Ux, Initial residual = 1.6281352e-05, Final residual = 6.5867107e-07, No Iterations 2
smoothSolver:  Solving for Uy, Initial residual = 1.6741161e-05, Final residual = 7.0128304e-07, No Iterations 2
smoothSolver:  Solving for Uz, Initial residual = 1.8141175e-05, Final residual = 7.0847536e-07, No Iterations 2
GAMG:  Solving for p, Initial residual = 1.1676882e-06, Final residual = 8.6994545e-08, No Iterations 1
GAMG:  Solving for p, Initial residual = 1.1164088e-07, Final residual = 1.843736e-08, No Iterations 1
smoothSolver:  Solving for omega, Initial residual = 0.0028289111, Final residual = 0.00021876699, No Iterations 2
smoothSolver:  Solving for k, Initial residual = 0.0028096606, Final residual = 0.00012919599, No Iterations 3
smoothSolver:  Solving for Ux, Initial residual = 1.663149e-05, Final residual = 7.959447e-07, No Iterations 2
smoothSolver:  Solving for Uy, Initial residual = 1.672393e-05, Final residual = 5.3616334e-07, No Iterations 2
smoothSolver:  Solving for Uz, Initial residual = 1.8651515e-05, Final residual = 7.6339049e-07, No Iterations 2
GAMG:  Solving for p, Initial residual = 1.1834975e-06, Final residual = 8.9497833e-08, No Iterations 1
GAMG:  Solving for p, Initial residual = 1.1490485e-07, Final residual = 1.5403399e-08, No Iterations 1
smoothSolver:  Solving for omega, Initial residual = 0.0027791226, Final residual = 0.00023421358, No Iterations 2
smoothSolver:  Solving for k, Initial residual = 0.0031629464, Final residual = 0.00028032781, No Iterations 2
smoothSolver:  Solving for Ux, Initial residual = 1.6754436e-05, Final residual = 7.0999742e-07, No Iterations 2
smoothSolver:  Solving for Uy, Initial residual = 1.6128811e-05, Final residual = 5.4492841e-07, No Iterations 2
smoothSolver:  Solving for Uz, Initial residual = 1.8181294e-05, Final residual = 7.1202774e-07, No Iterations 2
GAMG:  Solving for p, Initial residual = 1.2574357e-06, Final residual = 8.2988899e-08, No Iterations 1
GAMG:  Solving for p, Initial residual = 1.0836314e-07, Final residual = 1.686308e-08, No Iterations 1
smoothSolver:  Solving for omega, Initial residual = 0.002700176, Final residual = 0.00022357261, No Iterations 2
smoothSolver:  Solving for k, Initial residual = 0.002966852, Final residual = 0.00013433545, No Iterations 3
smoothSolver:  Solving for Ux, Initial residual = 1.5770002e-05, Final residual = 4.4300499e-07, No Iterations 2
smoothSolver:  Solving for Uy, Initial residual = 1.5361518e-05, Final residual = 6.6377044e-07, No Iterations 2
smoothSolver:  Solving for Uz, Initial residual = 1.7882176e-05, Final residual = 7.1018155e-07, No Iterations 2
GAMG:  Solving for p, Initial residual = 1.1850023e-06, Final residual = 9.2190076e-08, No Iterations 1
GAMG:  Solving for p, Initial residual = 1.2210546e-07, Final residual = 1.7663346e-08, No Iterations 1
smoothSolver:  Solving for omega, Initial residual = 0.0027410827, Final residual = 0.000229972, No Iterations 2
smoothSolver:  Solving for k, Initial residual = 0.0031892893, Final residual = 0.00025418994, No Iterations 2
smoothSolver:  Solving for Ux, Initial residual = 1.536927e-05, Final residual = 4.6598975e-07, No Iterations 2
smoothSolver:  Solving for Uy, Initial residual = 1.5953209e-05, Final residual = 7.7614486e-07, No Iterations 2
smoothSolver:  Solving for Uz, Initial residual = 1.7728341e-05, Final residual = 6.8901115e-07, No Iterations 2
GAMG:  Solving for p, Initial residual = 1.2426159e-06, Final residual = 8.8497408e-08, No Iterations 1
GAMG:  Solving for p, Initial residual = 1.1315816e-07, Final residual = 1.88766e-08, No Iterations 1
smoothSolver:  Solving for omega, Initial residual = 0.0027680548, Final residual = 0.00022666481, No Iterations 2
smoothSolver:  Solving for k, Initial residual = 0.0032932189, Final residual = 0.00026897304, No Iterations 2
smoothSolver:  Solving for Ux, Initial residual = 1.4961511e-05, Final residual = 5.0440845e-07, No Iterations 2
smoothSolver:  Solving for Uy, Initial residual = 1.6419798e-05, Final residual = 6.7231957e-07, No Iterations 2
smoothSolver:  Solving for Uz, Initial residual = 1.7542994e-05, Final residual = 6.6508895e-07, No Iterations 2
GAMG:  Solving for p, Initial residual = 1.2349364e-06, Final residual = 8.6584147e-08, No Iterations 1
GAMG:  Solving for p, Initial residual = 1.2130997e-07, Final residual = 1.5297984e-08, No Iterations 1
smoothSolver:  Solving for omega, Initial residual = 0.0028159896, Final residual = 0.00022874221, No Iterations 2
smoothSolver:  Solving for k, Initial residual = 0.0027554445, Final residual = 0.00011882575, No Iterations 3
smoothSolver:  Solving for Ux, Initial residual = 1.4912296e-05, Final residual = 4.6368784e-07, No Iterations 2
smoothSolver:  Solving for Uy, Initial residual = 1.6129534e-05, Final residual = 4.7290063e-07, No Iterations 2
smoothSolver:  Solving for Uz, Initial residual = 1.7544903e-05, Final residual = 5.3900418e-07, No Iterations 2
GAMG:  Solving for p, Initial residual = 1.1663131e-06, Final residual = 7.4732399e-08, No Iterations 1
GAMG:  Solving for p, Initial residual = 9.7632007e-08, Final residual = 9.7632007e-08, No Iterations 0
smoothSolver:  Solving for omega, Initial residual = 0.0027914054, Final residual = 0.00021933649, No Iterations 2
smoothSolver:  Solving for k, Initial residual = 0.0025539076, Final residual = 0.00010934893, No Iterations 3
smoothSolver:  Solving for Ux, Initial residual = 1.438708e-05, Final residual = 4.227685e-07, No Iterations 2
smoothSolver:  Solving for Uy, Initial residual = 1.5058678e-05, Final residual = 4.4606968e-07, No Iterations 2
smoothSolver:  Solving for Uz, Initial residual = 1.8017813e-05, Final residual = 6.7270809e-07, No Iterations 2
GAMG:  Solving for p, Initial residual = 1.0010309e-06, Final residual = 6.9297018e-08, No Iterations 1
GAMG:  Solving for p, Initial residual = 9.510127e-08, Final residual = 9.510127e-08, No Iterations 0
smoothSolver:  Solving for omega, Initial residual = 0.0027502959, Final residual = 0.00021660613, No Iterations 2
smoothSolver:  Solving for k, Initial residual = 0.0028551187, Final residual = 0.00011384703, No Iterations 3
smoothSolver:  Solving for Ux, Initial residual = 1.5229013e-05, Final residual = 5.5199905e-07, No Iterations 2
smoothSolver:  Solving for Uy, Initial residual = 1.5207802e-05, Final residual = 4.4513565e-07, No Iterations 2
smoothSolver:  Solving for Uz, Initial residual = 1.7960029e-05, Final residual = 5.7820547e-07, No Iterations 2
GAMG:  Solving for p, Initial residual = 1.048907e-06, Final residual = 7.4261168e-08, No Iterations 1
GAMG:  Solving for p, Initial residual = 1.0271662e-07, Final residual = 1.3010542e-08, No Iterations 1
smoothSolver:  Solving for omega, Initial residual = 0.0027045089, Final residual = 0.00021862708, No Iterations 2
smoothSolver:  Solving for k, Initial residual = 0.002870533, Final residual = 0.00013522647, No Iterations 3
smoothSolver:  Solving for Ux, Initial residual = 1.462226e-05, Final residual = 3.9635451e-07, No Iterations 2
smoothSolver:  Solving for Uy, Initial residual = 1.5103202e-05, Final residual = 5.6420515e-07, No Iterations 2
smoothSolver:  Solving for Uz, Initial residual = 1.7379953e-05, Final residual = 6.4254897e-07, No Iterations 2
GAMG:  Solving for p, Initial residual = 9.7800212e-07, Final residual = 7.2081268e-08, No Iterations 1
GAMG:  Solving for p, Initial residual = 9.087594e-08, Final residual = 9.087594e-08, No Iterations 0
smoothSolver:  Solving for omega, Initial residual = 0.0027321842, Final residual = 0.00023088702, No Iterations 2
smoothSolver:  Solving for k, Initial residual = 0.0030560314, Final residual = 0.00028596819, No Iterations 2
smoothSolver:  Solving for Ux, Initial residual = 1.4868042e-05, Final residual = 4.8976639e-07, No Iterations 2
smoothSolver:  Solving for Uy, Initial residual = 1.4640349e-05, Final residual = 6.5840306e-07, No Iterations 2
smoothSolver:  Solving for Uz, Initial residual = 1.6921032e-05, Final residual = 6.2313298e-07, No Iterations 2
GAMG:  Solving for p, Initial residual = 1.090028e-06, Final residual = 7.5273441e-08, No Iterations 1
GAMG:  Solving for p, Initial residual = 1.0430596e-07, Final residual = 1.3578515e-08, No Iterations 1
smoothSolver:  Solving for omega, Initial residual = 0.0026568029, Final residual = 0.00021726539, No Iterations 2
smoothSolver:  Solving for k, Initial residual = 0.003179808, Final residual = 0.00012370224, No Iterations 3
smoothSolver:  Solving for Ux, Initial residual = 1.4392654e-05, Final residual = 5.5330977e-07, No Iterations 2
smoothSolver:  Solving for Uy, Initial residual = 1.5588173e-05, Final residual = 4.4806818e-07, No Iterations 2
smoothSolver:  Solving for Uz, Initial residual = 1.6972139e-05, Final residual = 6.1688104e-07, No Iterations 2
GAMG:  Solving for p, Initial residual = 1.1470067e-06, Final residual = 7.7420977e-08, No Iterations 1
GAMG:  Solving for p, Initial residual = 9.6326471e-08, Final residual = 9.6326471e-08, No Iterations 0
smoothSolver:  Solving for omega, Initial residual = 0.0026796179, Final residual = 0.00022305721, No Iterations 2
smoothSolver:  Solving for k, Initial residual = 0.0032677205, Final residual = 0.0002860032, No Iterations 2
smoothSolver:  Solving for Ux, Initial residual = 1.4081746e-05, Final residual = 5.1391152e-07, No Iterations 2
smoothSolver:  Solving for Uy, Initial residual = 1.5221349e-05, Final residual = 5.5258399e-07, No Iterations 2
smoothSolver:  Solving for Uz, Initial residual = 1.6912961e-05, Final residual = 5.8352538e-07, No Iterations 2
GAMG:  Solving for p, Initial residual = 1.2017765e-06, Final residual = 7.9681442e-08, No Iterations 1
GAMG:  Solving for p, Initial residual = 1.0665776e-07, Final residual = 1.5246184e-08, No Iterations 1
smoothSolver:  Solving for omega, Initial residual = 0.0027584782, Final residual = 0.00021849981, No Iterations 2
smoothSolver:  Solving for k, Initial residual = 0.0030569743, Final residual = 0.00016024738, No Iterations 3
smoothSolver:  Solving for Ux, Initial residual = 1.4241775e-05, Final residual = 4.428948e-07, No Iterations 2
smoothSolver:  Solving for Uy, Initial residual = 1.6660898e-05, Final residual = 4.8156152e-07, No Iterations 2
smoothSolver:  Solving for Uz, Initial residual = 1.7675664e-05, Final residual = 6.3693571e-07, No Iterations 2
GAMG:  Solving for p, Initial residual = 1.286497e-06, Final residual = 8.7611664e-08, No Iterations 1
GAMG:  Solving for p, Initial residual = 1.1245968e-07, Final residual = 1.3248421e-08, No Iterations 1
smoothSolver:  Solving for omega, Initial residual = 0.0027640822, Final residual = 0.0002114304, No Iterations 2
smoothSolver:  Solving for k, Initial residual = 0.0031918152, Final residual = 0.00027707992, No Iterations 2
smoothSolver:  Solving for Ux, Initial residual = 1.488314e-05, Final residual = 7.0981963e-07, No Iterations 2
smoothSolver:  Solving for Uy, Initial residual = 1.7150783e-05, Final residual = 8.2450307e-07, No Iterations 2
smoothSolver:  Solving for Uz, Initial residual = 1.7643958e-05, Final residual = 6.0223646e-07, No Iterations 2
GAMG:  Solving for p, Initial residual = 1.5084584e-06, Final residual = 2.2723032e-08, No Iterations 2
GAMG:  Solving for p, Initial residual = 6.7878692e-08, Final residual = 6.7878692e-08, No Iterations 0
smoothSolver:  Solving for omega, Initial residual = 0.0027108303, Final residual = 0.00021614011, No Iterations 2
smoothSolver:  Solving for k, Initial residual = 0.0032479627, Final residual = 0.00013283066, No Iterations 3
smoothSolver:  Solving for Ux, Initial residual = 1.5723668e-05, Final residual = 7.3430205e-07, No Iterations 2
smoothSolver:  Solving for Uy, Initial residual = 1.98984e-05, Final residual = 8.5653377e-07, No Iterations 2
smoothSolver:  Solving for Uz, Initial residual = 1.8557706e-05, Final residual = 6.3897375e-07, No Iterations 2
GAMG:  Solving for p, Initial residual = 1.5533014e-06, Final residual = 1.7367162e-08, No Iterations 2
GAMG:  Solving for p, Initial residual = 6.888161e-08, Final residual = 6.888161e-08, No Iterations 0
smoothSolver:  Solving for omega, Initial residual = 0.0027681663, Final residual = 0.00020748029, No Iterations 2
smoothSolver:  Solving for k, Initial residual = 0.0030936708, Final residual = 0.0002628398, No Iterations 2
smoothSolver:  Solving for Ux, Initial residual = 1.6150821e-05, Final residual = 4.1385719e-07, No Iterations 2
smoothSolver:  Solving for Uy, Initial residual = 2.0916841e-05, Final residual = 6.7185829e-07, No Iterations 2
smoothSolver:  Solving for Uz, Initial residual = 1.9148704e-05, Final residual = 5.5754507e-07, No Iterations 2
GAMG:  Solving for p, Initial residual = 1.5157446e-06, Final residual = 2.0364016e-08, No Iterations 2
GAMG:  Solving for p, Initial residual = 7.0051648e-08, Final residual = 7.0051648e-08, No Iterations 0
smoothSolver:  Solving for omega, Initial residual = 0.002865119, Final residual = 0.00021855835, No Iterations 2
smoothSolver:  Solving for k, Initial residual = 0.002934368, Final residual = 0.00011334921, No Iterations 3
smoothSolver:  Solving for Ux, Initial residual = 1.5573768e-05, Final residual = 4.7031128e-07, No Iterations 2
smoothSolver:  Solving for Uy, Initial residual = 2.1904796e-05, Final residual = 8.1559612e-07, No Iterations 2
smoothSolver:  Solving for Uz, Initial residual = 1.9823905e-05, Final residual = 7.1034508e-07, No Iterations 2
GAMG:  Solving for p, Initial residual = 1.2894396e-06, Final residual = 9.4242799e-08, No Iterations 1
GAMG:  Solving for p, Initial residual = 1.2636951e-07, Final residual = 1.9955613e-08, No Iterations 1
smoothSolver:  Solving for omega, Initial residual = 0.0028833706, Final residual = 0.00019608944, No Iterations 2
smoothSolver:  Solving for k, Initial residual = 0.0029331057, Final residual = 0.00025176082, No Iterations 2
smoothSolver:  Solving for Ux, Initial residual = 1.5338637e-05, Final residual = 5.1807525e-07, No Iterations 2
smoothSolver:  Solving for Uy, Initial residual = 2.122318e-05, Final residual = 5.9940786e-07, No Iterations 2
smoothSolver:  Solving for Uz, Initial residual = 1.9891575e-05, Final residual = 6.704254e-07, No Iterations 2
GAMG:  Solving for p, Initial residual = 1.2823991e-06, Final residual = 8.6999012e-08, No Iterations 1
GAMG:  Solving for p, Initial residual = 1.2112105e-07, Final residual = 1.5441223e-08, No Iterations 1
smoothSolver:  Solving for omega, Initial residual = 0.0028955869, Final residual = 0.00021197404, No Iterations 2
smoothSolver:  Solving for k, Initial residual = 0.002937221, Final residual = 0.00013152926, No Iterations 3
smoothSolver:  Solving for Ux, Initial residual = 1.5158102e-05, Final residual = 4.471559e-07, No Iterations 2
smoothSolver:  Solving for Uy, Initial residual = 2.0668897e-05, Final residual = 8.4527018e-07, No Iterations 2
smoothSolver:  Solving for Uz, Initial residual = 1.9786171e-05, Final residual = 7.791943e-07, No Iterations 2
GAMG:  Solving for p, Initial residual = 1.2291734e-06, Final residual = 8.4282164e-08, No Iterations 1
GAMG:  Solving for p, Initial residual = 1.1084985e-07, Final residual = 1.6418342e-08, No Iterations 1
smoothSolver:  Solving for omega, Initial residual = 0.00288244, Final residual = 0.00021423228, No Iterations 2
smoothSolver:  Solving for k, Initial residual = 0.0031800226, Final residual = 0.00026585844, No Iterations 2
smoothSolver:  Solving for Ux, Initial residual = 1.5267964e-05, Final residual = 4.1326534e-07, No Iterations 2
smoothSolver:  Solving for Uy, Initial residual = 2.0991555e-05, Final residual = 7.6882243e-07, No Iterations 2
smoothSolver:  Solving for Uz, Initial residual = 2.0100821e-05, Final residual = 7.7197851e-07, No Iterations 2
GAMG:  Solving for p, Initial residual = 1.2143969e-06, Final residual = 8.6576668e-08, No Iterations 1
GAMG:  Solving for p, Initial residual = 1.2210778e-07, Final residual = 1.6420725e-08, No Iterations 1
smoothSolver:  Solving for omega, Initial residual = 0.0028776815, Final residual = 0.00021704595, No Iterations 2
smoothSolver:  Solving for k, Initial residual = 0.0030803433, Final residual = 0.00027138951, No Iterations 2
smoothSolver:  Solving for Ux, Initial residual = 1.5322106e-05, Final residual = 5.9708422e-07, No Iterations 2
smoothSolver:  Solving for Uy, Initial residual = 2.1927242e-05, Final residual = 1.0085815e-06, No Iterations 2
smoothSolver:  Solving for Uz, Initial residual = 1.9976123e-05, Final residual = 7.4757849e-07, No Iterations 2
GAMG:  Solving for p, Initial residual = 1.3227229e-06, Final residual = 9.4744421e-08, No Iterations 1
GAMG:  Solving for p, Initial residual = 1.2279953e-07, Final residual = 1.9817026e-08, No Iterations 1
smoothSolver:  Solving for omega, Initial residual = 0.0028460664, Final residual = 0.00021037357, No Iterations 2
smoothSolver:  Solving for k, Initial residual = 0.0027785047, Final residual = 0.00026424343, No Iterations 2
smoothSolver:  Solving for Ux, Initial residual = 1.5808868e-05, Final residual = 5.0871389e-07, No Iterations 2
smoothSolver:  Solving for Uy, Initial residual = 2.1972569e-05, Final residual = 6.6221848e-07, No Iterations 2
smoothSolver:  Solving for Uz, Initial residual = 1.9776599e-05, Final residual = 7.4890241e-07, No Iterations 2
GAMG:  Solving for p, Initial residual = 1.2338164e-06, Final residual = 9.0516382e-08, No Iterations 1
GAMG:  Solving for p, Initial residual = 1.2373967e-07, Final residual = 1.5107201e-08, No Iterations 1
smoothSolver:  Solving for omega, Initial residual = 0.0027696793, Final residual = 0.00021322609, No Iterations 2
smoothSolver:  Solving for k, Initial residual = 0.0026947836, Final residual = 0.00026944098, No Iterations 2
smoothSolver:  Solving for Ux, Initial residual = 1.5358022e-05, Final residual = 4.5256328e-07, No Iterations 2
smoothSolver:  Solving for Uy, Initial residual = 2.0399664e-05, Final residual = 6.9552133e-07, No Iterations 2
smoothSolver:  Solving for Uz, Initial residual = 2.0349101e-05, Final residual = 7.2184639e-07, No Iterations 2
GAMG:  Solving for p, Initial residual = 1.4068645e-06, Final residual = 2.1396081e-08, No Iterations 2
GAMG:  Solving for p, Initial residual = 6.8020812e-08, Final residual = 6.8020812e-08, No Iterations 0
smoothSolver:  Solving for omega, Initial residual = 0.0027991392, Final residual = 0.00020775249, No Iterations 2
smoothSolver:  Solving for k, Initial residual = 0.0026869918, Final residual = 0.00021474852, No Iterations 2
smoothSolver:  Solving for Ux, Initial residual = 1.5779411e-05, Final residual = 4.3171822e-07, No Iterations 2
smoothSolver:  Solving for Uy, Initial residual = 2.1373754e-05, Final residual = 8.8355032e-07, No Iterations 2
smoothSolver:  Solving for Uz, Initial residual = 2.044881e-05, Final residual = 7.9741914e-07, No Iterations 2
GAMG:  Solving for p, Initial residual = 1.3154725e-06, Final residual = 9.5580761e-08, No Iterations 1
GAMG:  Solving for p, Initial residual = 1.3195672e-07, Final residual = 1.8383112e-08, No Iterations 1
smoothSolver:  Solving for omega, Initial residual = 0.0028738703, Final residual = 0.00021779324, No Iterations 2
smoothSolver:  Solving for k, Initial residual = 0.0025521183, Final residual = 0.00010226688, No Iterations 3
smoothSolver:  Solving for Ux, Initial residual = 1.6195658e-05, Final residual = 5.3727959e-07, No Iterations 2
smoothSolver:  Solving for Uy, Initial residual = 2.1349457e-05, Final residual = 7.8679002e-07, No Iterations 2
smoothSolver:  Solving for Uz, Initial residual = 2.0377388e-05, Final residual = 6.9214926e-07, No Iterations 2
GAMG:  Solving for p, Initial residual = 1.4265411e-06, Final residual = 2.0889705e-08, No Iterations 2
GAMG:  Solving for p, Initial residual = 7.0679648e-08, Final residual = 7.0679648e-08, No Iterations 0
smoothSolver:  Solving for omega, Initial residual = 0.0028888961, Final residual = 0.00021983627, No Iterations 2
smoothSolver:  Solving for k, Initial residual = 0.0027848167, Final residual = 0.00022211609, No Iterations 2
smoothSolver:  Solving for Ux, Initial residual = 1.5137947e-05, Final residual = 4.7961019e-07, No Iterations 2
smoothSolver:  Solving for Uy, Initial residual = 2.1229796e-05, Final residual = 8.9712098e-07, No Iterations 2
smoothSolver:  Solving for Uz, Initial residual = 2.0291246e-05, Final residual = 7.9748357e-07, No Iterations 2
GAMG:  Solving for p, Initial residual = 1.2686508e-06, Final residual = 9.4903209e-08, No Iterations 1
GAMG:  Solving for p, Initial residual = 1.2784855e-07, Final residual = 1.8221423e-08, No Iterations 1
smoothSolver:  Solving for omega, Initial residual = 0.0028570144, Final residual = 0.00021557729, No Iterations 2
smoothSolver:  Solving for k, Initial residual = 0.0026620527, Final residual = 0.00026543243, No Iterations 2
smoothSolver:  Solving for Ux, Initial residual = 1.5157133e-05, Final residual = 4.0451953e-07, No Iterations 2
smoothSolver:  Solving for Uy, Initial residual = 2.0268598e-05, Final residual = 7.9283865e-07, No Iterations 2
smoothSolver:  Solving for Uz, Initial residual = 2.0157064e-05, Final residual = 7.3084241e-07, No Iterations 2
GAMG:  Solving for p, Initial residual = 1.333116e-06, Final residual = 8.6081973e-08, No Iterations 1
GAMG:  Solving for p, Initial residual = 1.1874659e-07, Final residual = 1.7155425e-08, No Iterations 1
smoothSolver:  Solving for omega, Initial residual = 0.0028286008, Final residual = 0.00021625772, No Iterations 2
smoothSolver:  Solving for k, Initial residual = 0.0026502371, Final residual = 0.00022429914, No Iterations 2
smoothSolver:  Solving for Ux, Initial residual = 1.5905763e-05, Final residual = 4.6164868e-07, No Iterations 2
smoothSolver:  Solving for Uy, Initial residual = 2.0874591e-05, Final residual = 8.1393976e-07, No Iterations 2
smoothSolver:  Solving for Uz, Initial residual = 2.0103353e-05, Final residual = 7.9733864e-07, No Iterations 2
GAMG:  Solving for p, Initial residual = 1.2973495e-06, Final residual = 9.25995e-08, No Iterations 1
GAMG:  Solving for p, Initial residual = 1.2748198e-07, Final residual = 1.7193781e-08, No Iterations 1
smoothSolver:  Solving for omega, Initial residual = 0.0029071856, Final residual = 0.00022167897, No Iterations 2
smoothSolver:  Solving for k, Initial residual = 0.0026355526, Final residual = 0.00024474685, No Iterations 2
smoothSolver:  Solving for Ux, Initial residual = 1.6494887e-05, Final residual = 5.3349247e-07, No Iterations 2
smoothSolver:  Solving for Uy, Initial residual = 2.1407303e-05, Final residual = 8.3494048e-07, No Iterations 2
smoothSolver:  Solving for Uz, Initial residual = 2.0268298e-05, Final residual = 7.5061416e-07, No Iterations 2
GAMG:  Solving for p, Initial residual = 1.4615736e-06, Final residual = 9.8542977e-08, No Iterations 1
GAMG:  Solving for p, Initial residual = 1.3042364e-07, Final residual = 1.9935015e-08, No Iterations 1
smoothSolver:  Solving for omega, Initial residual = 0.0029255193, Final residual = 0.0002193724, No Iterations 2
smoothSolver:  Solving for k, Initial residual = 0.0027441549, Final residual = 0.00022119855, No Iterations 2
smoothSolver:  Solving for Ux, Initial residual = 1.5333462e-05, Final residual = 4.3872073e-07, No Iterations 2
smoothSolver:  Solving for Uy, Initial residual = 2.1208731e-05, Final residual = 7.9649084e-07, No Iterations 2
smoothSolver:  Solving for Uz, Initial residual = 2.0210968e-05, Final residual = 7.8647485e-07, No Iterations 2
GAMG:  Solving for p, Initial residual = 1.2632931e-06, Final residual = 8.8488194e-08, No Iterations 1
GAMG:  Solving for p, Initial residual = 1.199568e-07, Final residual = 1.6389976e-08, No Iterations 1
smoothSolver:  Solving for omega, Initial residual = 0.0029016211, Final residual = 0.00021594315, No Iterations 2
smoothSolver:  Solving for k, Initial residual = 0.0026709648, Final residual = 0.00010937747, No Iterations 3
smoothSolver:  Solving for Ux, Initial residual = 1.5280298e-05, Final residual = 5.0659779e-07, No Iterations 2
smoothSolver:  Solving for Uy, Initial residual = 1.9991648e-05, Final residual = 7.4035485e-07, No Iterations 2
smoothSolver:  Solving for Uz, Initial residual = 2.0258394e-05, Final residual = 7.9134906e-07, No Iterations 2
GAMG:  Solving for p, Initial residual = 1.3712849e-06, Final residual = 8.9247759e-08, No Iterations 1
GAMG:  Solving for p, Initial residual = 1.203908e-07, Final residual = 1.6328122e-08, No Iterations 1
smoothSolver:  Solving for omega, Initial residual = 0.0028313307, Final residual = 0.00021082473, No Iterations 2
smoothSolver:  Solving for k, Initial residual = 0.0030066129, Final residual = 0.00023893022, No Iterations 2
smoothSolver:  Solving for Ux, Initial residual = 1.5823645e-05, Final residual = 5.8732117e-07, No Iterations 2
smoothSolver:  Solving for Uy, Initial residual = 2.0379195e-05, Final residual = 7.9687553e-07, No Iterations 2
smoothSolver:  Solving for Uz, Initial residual = 2.064213e-05, Final residual = 8.5395711e-07, No Iterations 2
GAMG:  Solving for p, Initial residual = 1.1849575e-06, Final residual = 8.997669e-08, No Iterations 1
GAMG:  Solving for p, Initial residual = 1.2123747e-07, Final residual = 1.7779923e-08, No Iterations 1
smoothSolver:  Solving for omega, Initial residual = 0.0028578106, Final residual = 0.00022085657, No Iterations 2
smoothSolver:  Solving for k, Initial residual = 0.0029677764, Final residual = 0.00026635807, No Iterations 2
smoothSolver:  Solving for Ux, Initial residual = 1.6288312e-05, Final residual = 6.0907938e-07, No Iterations 2
smoothSolver:  Solving for Uy, Initial residual = 2.0422382e-05, Final residual = 8.7913005e-07, No Iterations 2
smoothSolver:  Solving for Uz, Initial residual = 2.0180521e-05, Final residual = 8.2681779e-07, No Iterations 2
GAMG:  Solving for p, Initial residual = 1.3559176e-06, Final residual = 9.4014983e-08, No Iterations 1
GAMG:  Solving for p, Initial residual = 1.2677643e-07, Final residual = 1.7719214e-08, No Iterations 1
smoothSolver:  Solving for omega, Initial residual = 0.0028858279, Final residual = 0.00021913911, No Iterations 2
smoothSolver:  Solving for k, Initial residual = 0.0026356892, Final residual = 0.0002536029, No Iterations 2
smoothSolver:  Solving for Ux, Initial residual = 1.498652e-05, Final residual = 5.3318641e-07, No Iterations 2
smoothSolver:  Solving for Uy, Initial residual = 1.9972215e-05, Final residual = 6.8997663e-07, No Iterations 2
smoothSolver:  Solving for Uz, Initial residual = 1.9719843e-05, Final residual = 7.345933e-07, No Iterations 2
GAMG:  Solving for p, Initial residual = 1.1174419e-06, Final residual = 8.4608767e-08, No Iterations 1
GAMG:  Solving for p, Initial residual = 1.1369418e-07, Final residual = 1.5922979e-08, No Iterations 1
smoothSolver:  Solving for omega, Initial residual = 0.0028874895, Final residual = 0.00021745931, No Iterations 2
smoothSolver:  Solving for k, Initial residual = 0.0024745213, Final residual = 9.8556428e-05, No Iterations 3
smoothSolver:  Solving for Ux, Initial residual = 1.4792018e-05, Final residual = 4.9246791e-07, No Iterations 2
smoothSolver:  Solving for Uy, Initial residual = 1.9260096e-05, Final residual = 7.5334017e-07, No Iterations 2
smoothSolver:  Solving for Uz, Initial residual = 2.0392621e-05, Final residual = 7.5477948e-07, No Iterations 2
GAMG:  Solving for p, Initial residual = 1.2025786e-06, Final residual = 8.395859e-08, No Iterations 1
GAMG:  Solving for p, Initial residual = 1.1314114e-07, Final residual = 1.5669578e-08, No Iterations 1
smoothSolver:  Solving for omega, Initial residual = 0.0028426665, Final residual = 0.00020855447, No Iterations 2
smoothSolver:  Solving for k, Initial residual = 0.0027866292, Final residual = 0.00022813591, No Iterations 2
smoothSolver:  Solving for Ux, Initial residual = 1.5132763e-05, Final residual = 5.6160142e-07, No Iterations 2
smoothSolver:  Solving for Uy, Initial residual = 1.9470512e-05, Final residual = 7.5767083e-07, No Iterations 2
smoothSolver:  Solving for Uz, Initial residual = 2.029758e-05, Final residual = 8.0563556e-07, No Iterations 2
GAMG:  Solving for p, Initial residual = 1.1141954e-06, Final residual = 8.8355176e-08, No Iterations 1
GAMG:  Solving for p, Initial residual = 1.1933482e-07, Final residual = 1.6717408e-08, No Iterations 1
smoothSolver:  Solving for omega, Initial residual = 0.0029103571, Final residual = 0.00021645626, No Iterations 2
smoothSolver:  Solving for k, Initial residual = 0.0026569269, Final residual = 0.00011574421, No Iterations 3
smoothSolver:  Solving for Ux, Initial residual = 1.606266e-05, Final residual = 6.1729263e-07, No Iterations 2
smoothSolver:  Solving for Uy, Initial residual = 1.9854968e-05, Final residual = 7.8437873e-07, No Iterations 2
smoothSolver:  Solving for Uz, Initial residual = 2.0275528e-05, Final residual = 7.9021536e-07, No Iterations 2
GAMG:  Solving for p, Initial residual = 1.1974062e-06, Final residual = 9.1765068e-08, No Iterations 1
GAMG:  Solving for p, Initial residual = 1.2160732e-07, Final residual = 1.7758433e-08, No Iterations 1
smoothSolver:  Solving for omega, Initial residual = 0.0028829119, Final residual = 0.00021516005, No Iterations 2
smoothSolver:  Solving for k, Initial residual = 0.0028068267, Final residual = 0.00025024846, No Iterations 2
smoothSolver:  Solving for Ux, Initial residual = 1.4972188e-05, Final residual = 5.3172751e-07, No Iterations 2
smoothSolver:  Solving for Uy, Initial residual = 1.9095924e-05, Final residual = 8.27083e-07, No Iterations 2
smoothSolver:  Solving for Uz, Initial residual = 2.0058225e-05, Final residual = 7.831417e-07, No Iterations 2
GAMG:  Solving for p, Initial residual = 1.0894509e-06, Final residual = 8.4477787e-08, No Iterations 1
GAMG:  Solving for p, Initial residual = 1.1072244e-07, Final residual = 1.6617144e-08, No Iterations 1
smoothSolver:  Solving for omega, Initial residual = 0.0027796072, Final residual = 0.00021000071, No Iterations 2
smoothSolver:  Solving for k, Initial residual = 0.0029341926, Final residual = 0.00012888449, No Iterations 3
smoothSolver:  Solving for Ux, Initial residual = 1.4985864e-05, Final residual = 6.43958e-07, No Iterations 2
smoothSolver:  Solving for Uy, Initial residual = 1.8605119e-05, Final residual = 7.037906e-07, No Iterations 2
smoothSolver:  Solving for Uz, Initial residual = 2.0018909e-05, Final residual = 8.3063609e-07, No Iterations 2
GAMG:  Solving for p, Initial residual = 1.1010058e-06, Final residual = 9.0426576e-08, No Iterations 1
GAMG:  Solving for p, Initial residual = 1.2310136e-07, Final residual = 1.5947909e-08, No Iterations 1
smoothSolver:  Solving for omega, Initial residual = 0.0027524581, Final residual = 0.00019872146, No Iterations 2
smoothSolver:  Solving for k, Initial residual = 0.003128249, Final residual = 0.00025941726, No Iterations 2
smoothSolver:  Solving for Ux, Initial residual = 1.5788923e-05, Final residual = 7.3290912e-07, No Iterations 2
smoothSolver:  Solving for Uy, Initial residual = 1.8728813e-05, Final residual = 8.1001687e-07, No Iterations 2
smoothSolver:  Solving for Uz, Initial residual = 2.0394983e-05, Final residual = 8.4365521e-07, No Iterations 2
GAMG:  Solving for p, Initial residual = 1.116787e-06, Final residual = 9.0564725e-08, No Iterations 1
GAMG:  Solving for p, Initial residual = 1.1646352e-07, Final residual = 1.8672828e-08, No Iterations 1
smoothSolver:  Solving for omega, Initial residual = 0.0028196189, Final residual = 0.00021996577, No Iterations 2
smoothSolver:  Solving for k, Initial residual = 0.0031568298, Final residual = 0.00030997733, No Iterations 2
smoothSolver:  Solving for Ux, Initial residual = 1.6187507e-05, Final residual = 6.9556072e-07, No Iterations 2
smoothSolver:  Solving for Uy, Initial residual = 1.9467471e-05, Final residual = 7.6592529e-07, No Iterations 2
smoothSolver:  Solving for Uz, Initial residual = 2.0189427e-05, Final residual = 8.221185e-07, No Iterations 2
GAMG:  Solving for p, Initial residual = 1.0648487e-06, Final residual = 8.9084527e-08, No Iterations 1
GAMG:  Solving for p, Initial residual = 1.2390377e-07, Final residual = 1.6896245e-08, No Iterations 1
smoothSolver:  Solving for omega, Initial residual = 0.0028721839, Final residual = 0.00022516184, No Iterations 2
smoothSolver:  Solving for k, Initial residual = 0.0027778006, Final residual = 0.00012471713, No Iterations 3
smoothSolver:  Solving for Ux, Initial residual = 1.6695459e-05, Final residual = 6.7655554e-07, No Iterations 2
smoothSolver:  Solving for Uy, Initial residual = 1.9460374e-05, Final residual = 6.8686747e-07, No Iterations 2
smoothSolver:  Solving for Uz, Initial residual = 2.0055651e-05, Final residual = 7.4523633e-07, No Iterations 2
GAMG:  Solving for p, Initial residual = 1.1430854e-06, Final residual = 9.054588e-08, No Iterations 1
GAMG:  Solving for p, Initial residual = 1.2087461e-07, Final residual = 1.6660788e-08, No Iterations 1
smoothSolver:  Solving for omega, Initial residual = 0.0029303211, Final residual = 0.00021432381, No Iterations 2
smoothSolver:  Solving for k, Initial residual = 0.0028123349, Final residual = 0.00012220101, No Iterations 3
smoothSolver:  Solving for Ux, Initial residual = 1.6208629e-05, Final residual = 7.7212322e-07, No Iterations 2
smoothSolver:  Solving for Uy, Initial residual = 1.9578343e-05, Final residual = 6.9953864e-07, No Iterations 2
smoothSolver:  Solving for Uz, Initial residual = 2.1215161e-05, Final residual = 8.5900803e-07, No Iterations 2
GAMG:  Solving for p, Initial residual = 1.0378997e-06, Final residual = 8.6194185e-08, No Iterations 1
GAMG:  Solving for p, Initial residual = 1.1784585e-07, Final residual = 1.720135e-08, No Iterations 1
smoothSolver:  Solving for omega, Initial residual = 0.0028731088, Final residual = 0.00019678835, No Iterations 2
smoothSolver:  Solving for k, Initial residual = 0.0031723699, Final residual = 0.00031281843, No Iterations 2
smoothSolver:  Solving for Ux, Initial residual = 1.6460441e-05, Final residual = 9.5525859e-07, No Iterations 2
smoothSolver:  Solving for Uy, Initial residual = 1.9280468e-05, Final residual = 8.4051392e-07, No Iterations 2
smoothSolver:  Solving for Uz, Initial residual = 2.1111817e-05, Final residual = 8.2827378e-07, No Iterations 2
GAMG:  Solving for p, Initial residual = 1.2201609e-06, Final residual = 1.90901e-08, No Iterations 2
GAMG:  Solving for p, Initial residual = 7.1190474e-08, Final residual = 7.1190474e-08, No Iterations 0
smoothSolver:  Solving for omega, Initial residual = 0.0028523263, Final residual = 0.00021702202, No Iterations 2
smoothSolver:  Solving for k, Initial residual = 0.0030638881, Final residual = 0.00014609624, No Iterations 3
smoothSolver:  Solving for Ux, Initial residual = 1.7668951e-05, Final residual = 1.0802463e-06, No Iterations 2
smoothSolver:  Solving for Uy, Initial residual = 1.9163502e-05, Final residual = 7.9259195e-07, No Iterations 2
smoothSolver:  Solving for Uz, Initial residual = 2.0893856e-05, Final residual = 9.2650273e-07, No Iterations 2
GAMG:  Solving for p, Initial residual = 1.1033974e-06, Final residual = 9.1580613e-08, No Iterations 1
GAMG:  Solving for p, Initial residual = 1.2529214e-07, Final residual = 1.8044189e-08, No Iterations 1
smoothSolver:  Solving for omega, Initial residual = 0.0028493261, Final residual = 0.00021370868, No Iterations 2
smoothSolver:  Solving for k, Initial residual = 0.0032633465, Final residual = 0.00012848842, No Iterations 3
smoothSolver:  Solving for Ux, Initial residual = 1.6500576e-05, Final residual = 8.4389867e-07, No Iterations 2
smoothSolver:  Solving for Uy, Initial residual = 1.8142936e-05, Final residual = 9.6891701e-07, No Iterations 2
smoothSolver:  Solving for Uz, Initial residual = 2.0297669e-05, Final residual = 8.1724583e-07, No Iterations 2
GAMG:  Solving for p, Initial residual = 1.2661438e-06, Final residual = 1.9767792e-08, No Iterations 2
GAMG:  Solving for p, Initial residual = 6.8467444e-08, Final residual = 6.8467444e-08, No Iterations 0
smoothSolver:  Solving for omega, Initial residual = 0.0027861744, Final residual = 0.00021638936, No Iterations 2
smoothSolver:  Solving for k, Initial residual = 0.0035417368, Final residual = 0.00027241453, No Iterations 2
smoothSolver:  Solving for Ux, Initial residual = 1.7322169e-05, Final residual = 1.1829554e-06, No Iterations 2
smoothSolver:  Solving for Uy, Initial residual = 1.8850485e-05, Final residual = 8.7691915e-07, No Iterations 2
smoothSolver:  Solving for Uz, Initial residual = 1.9951578e-05, Final residual = 8.6791159e-07, No Iterations 2
GAMG:  Solving for p, Initial residual = 1.2732667e-06, Final residual = 9.8152736e-08, No Iterations 1
GAMG:  Solving for p, Initial residual = 1.3543809e-07, Final residual = 1.590239e-08, No Iterations 1
smoothSolver:  Solving for omega, Initial residual = 0.0027859937, Final residual = 0.00020340527, No Iterations 2
smoothSolver:  Solving for k, Initial residual = 0.0029904169, Final residual = 0.00029334684, No Iterations 2
smoothSolver:  Solving for Ux, Initial residual = 1.9333752e-05, Final residual = 1.2006608e-06, No Iterations 2
smoothSolver:  Solving for Uy, Initial residual = 1.8175153e-05, Final residual = 5.5849116e-07, No Iterations 2
smoothSolver:  Solving for Uz, Initial residual = 2.0443013e-05, Final residual = 7.5122303e-07, No Iterations 2
GAMG:  Solving for p, Initial residual = 1.2420272e-06, Final residual = 9.7046715e-08, No Iterations 1
GAMG:  Solving for p, Initial residual = 1.2750199e-07, Final residual = 1.8842243e-08, No Iterations 1
smoothSolver:  Solving for omega, Initial residual = 0.0028550344, Final residual = 0.00021528963, No Iterations 2
smoothSolver:  Solving for k, Initial residual = 0.0025498757, Final residual = 0.00024216449, No Iterations 2
smoothSolver:  Solving for Ux, Initial residual = 1.7511352e-05, Final residual = 6.9618022e-07, No Iterations 2
smoothSolver:  Solving for Uy, Initial residual = 1.788863e-05, Final residual = 7.525013e-07, No Iterations 2
smoothSolver:  Solving for Uz, Initial residual = 2.0719912e-05, Final residual = 7.9794709e-07, No Iterations 2
GAMG:  Solving for p, Initial residual = 1.0572958e-06, Final residual = 8.5090591e-08, No Iterations 1
GAMG:  Solving for p, Initial residual = 1.1553993e-07, Final residual = 1.9326294e-08, No Iterations 1
smoothSolver:  Solving for omega, Initial residual = 0.0028149167, Final residual = 0.0002133463, No Iterations 2
smoothSolver:  Solving for k, Initial residual = 0.002734584, Final residual = 0.0001168136, No Iterations 3
smoothSolver:  Solving for Ux, Initial residual = 1.7208379e-05, Final residual = 8.5142578e-07, No Iterations 2
smoothSolver:  Solving for Uy, Initial residual = 1.7955412e-05, Final residual = 6.5205907e-07, No Iterations 2
smoothSolver:  Solving for Uz, Initial residual = 1.9776533e-05, Final residual = 7.1419938e-07, No Iterations 2
GAMG:  Solving for p, Initial residual = 1.0816474e-06, Final residual = 9.2850323e-08, No Iterations 1
GAMG:  Solving for p, Initial residual = 1.2556695e-07, Final residual = 1.8040441e-08, No Iterations 1
smoothSolver:  Solving for omega, Initial residual = 0.0027741638, Final residual = 0.00021732672, No Iterations 2
smoothSolver:  Solving for k, Initial residual = 0.0028464142, Final residual = 0.0002524454, No Iterations 2
smoothSolver:  Solving for Ux, Initial residual = 1.7494328e-05, Final residual = 7.9567804e-07, No Iterations 2
smoothSolver:  Solving for Uy, Initial residual = 1.7374744e-05, Final residual = 6.4964623e-07, No Iterations 2
smoothSolver:  Solving for Uz, Initial residual = 1.9245286e-05, Final residual = 7.5748183e-07, No Iterations 2
GAMG:  Solving for p, Initial residual = 1.1923075e-06, Final residual = 9.0101684e-08, No Iterations 1
GAMG:  Solving for p, Initial residual = 1.1122022e-07, Final residual = 1.8441083e-08, No Iterations 1
smoothSolver:  Solving for omega, Initial residual = 0.002768763, Final residual = 0.00022474655, No Iterations 2
smoothSolver:  Solving for k, Initial residual = 0.002770123, Final residual = 0.00022694576, No Iterations 2
smoothSolver:  Solving for Ux, Initial residual = 1.6185067e-05, Final residual = 8.4430842e-07, No Iterations 2
smoothSolver:  Solving for Uy, Initial residual = 1.600882e-05, Final residual = 5.7188639e-07, No Iterations 2
smoothSolver:  Solving for Uz, Initial residual = 1.8692908e-05, Final residual = 7.9369707e-07, No Iterations 2
GAMG:  Solving for p, Initial residual = 1.1422714e-06, Final residual = 9.4902728e-08, No Iterations 1
GAMG:  Solving for p, Initial residual = 1.2232695e-07, Final residual = 1.7354623e-08, No Iterations 1
smoothSolver:  Solving for omega, Initial residual = 0.0027628845, Final residual = 0.00022186353, No Iterations 2
smoothSolver:  Solving for k, Initial residual = 0.0027138909, Final residual = 0.00023511982, No Iterations 2
smoothSolver:  Solving for Ux, Initial residual = 1.6527225e-05, Final residual = 5.1385791e-07, No Iterations 2
smoothSolver:  Solving for Uy, Initial residual = 1.5703425e-05, Final residual = 5.152055e-07, No Iterations 2
smoothSolver:  Solving for Uz, Initial residual = 1.7750442e-05, Final residual = 6.1789763e-07, No Iterations 2
GAMG:  Solving for p, Initial residual = 1.2420902e-06, Final residual = 2.2002299e-08, No Iterations 2
GAMG:  Solving for p, Initial residual = 6.297069e-08, Final residual = 6.297069e-08, No Iterations 0
smoothSolver:  Solving for omega, Initial residual = 0.0027850393, Final residual = 0.00023705046, No Iterations 2
smoothSolver:  Solving for k, Initial residual = 0.0028595959, Final residual = 0.00023555638, No Iterations 2
smoothSolver:  Solving for Ux, Initial residual = 1.6772732e-05, Final residual = 6.9590443e-07, No Iterations 2
smoothSolver:  Solving for Uy, Initial residual = 1.5816654e-05, Final residual = 6.3510374e-07, No Iterations 2
smoothSolver:  Solving for Uz, Initial residual = 1.7367301e-05, Final residual = 6.942628e-07, No Iterations 2
GAMG:  Solving for p, Initial residual = 1.2586229e-06, Final residual = 9.215694e-08, No Iterations 1
GAMG:  Solving for p, Initial residual = 1.1889833e-07, Final residual = 1.7491006e-08, No Iterations 1
smoothSolver:  Solving for omega, Initial residual = 0.0027532858, Final residual = 0.00021553641, No Iterations 2
smoothSolver:  Solving for k, Initial residual = 0.0025743628, Final residual = 0.00024256457, No Iterations 2
smoothSolver:  Solving for Ux, Initial residual = 1.6888378e-05, Final residual = 6.9937647e-07, No Iterations 2
smoothSolver:  Solving for Uy, Initial residual = 1.5711663e-05, Final residual = 4.901388e-07, No Iterations 2
smoothSolver:  Solving for Uz, Initial residual = 1.7632966e-05, Final residual = 5.7685242e-07, No Iterations 2
GAMG:  Solving for p, Initial residual = 1.2617198e-06, Final residual = 8.6395075e-08, No Iterations 1
GAMG:  Solving for p, Initial residual = 1.0997434e-07, Final residual = 1.9305271e-08, No Iterations 1
smoothSolver:  Solving for omega, Initial residual = 0.0027331076, Final residual = 0.00022421434, No Iterations 2
smoothSolver:  Solving for k, Initial residual = 0.0026539301, Final residual = 0.00025856125, No Iterations 2
smoothSolver:  Solving for Ux, Initial residual = 1.5551462e-05, Final residual = 6.062327e-07, No Iterations 2
smoothSolver:  Solving for Uy, Initial residual = 1.5339825e-05, Final residual = 5.5785702e-07, No Iterations 2
smoothSolver:  Solving for Uz, Initial residual = 1.7567477e-05, Final residual = 7.2129312e-07, No Iterations 2
GAMG:  Solving for p, Initial residual = 1.0650318e-06, Final residual = 7.7004672e-08, No Iterations 1
GAMG:  Solving for p, Initial residual = 1.054369e-07, Final residual = 1.7050059e-08, No Iterations 1
smoothSolver:  Solving for omega, Initial residual = 0.0027358101, Final residual = 0.00021936435, No Iterations 2
smoothSolver:  Solving for k, Initial residual = 0.0027735612, Final residual = 0.00010794106, No Iterations 3
smoothSolver:  Solving for Ux, Initial residual = 1.6570996e-05, Final residual = 8.4661129e-07, No Iterations 2
smoothSolver:  Solving for Uy, Initial residual = 1.4983033e-05, Final residual = 4.7236258e-07, No Iterations 2
smoothSolver:  Solving for Uz, Initial residual = 1.729442e-05, Final residual = 6.51467e-07, No Iterations 2
GAMG:  Solving for p, Initial residual = 1.080607e-06, Final residual = 8.2497432e-08, No Iterations 1
GAMG:  Solving for p, Initial residual = 1.1024581e-07, Final residual = 1.5700136e-08, No Iterations 1
smoothSolver:  Solving for omega, Initial residual = 0.0027767026, Final residual = 0.00023095318, No Iterations 2
smoothSolver:  Solving for k, Initial residual = 0.0031924468, Final residual = 0.00028733449, No Iterations 2
smoothSolver:  Solving for Ux, Initial residual = 1.6139798e-05, Final residual = 7.0823721e-07, No Iterations 2
smoothSolver:  Solving for Uy, Initial residual = 1.4759376e-05, Final residual = 5.7392168e-07, No Iterations 2
smoothSolver:  Solving for Uz, Initial residual = 1.6979843e-05, Final residual = 7.4296438e-07, No Iterations 2
GAMG:  Solving for p, Initial residual = 9.5059429e-07, Final residual = 7.0721858e-08, No Iterations 1
GAMG:  Solving for p, Initial residual = 9.2496552e-08, Final residual = 9.2496552e-08, No Iterations 0
smoothSolver:  Solving for omega, Initial residual = 0.0027595549, Final residual = 0.00022355077, No Iterations 2
smoothSolver:  Solving for k, Initial residual = 0.003203667, Final residual = 0.00027747635, No Iterations 2
smoothSolver:  Solving for Ux, Initial residual = 1.6339597e-05, Final residual = 7.7656232e-07, No Iterations 2
smoothSolver:  Solving for Uy, Initial residual = 1.4786839e-05, Final residual = 5.0318154e-07, No Iterations 2
smoothSolver:  Solving for Uz, Initial residual = 1.6552222e-05, Final residual = 6.5866881e-07, No Iterations 2
GAMG:  Solving for p, Initial residual = 1.1175547e-06, Final residual = 9.3230082e-08, No Iterations 1
GAMG:  Solving for p, Initial residual = 1.1850932e-07, Final residual = 1.657591e-08, No Iterations 1
smoothSolver:  Solving for omega, Initial residual = 0.0027911833, Final residual = 0.00022674813, No Iterations 2
smoothSolver:  Solving for k, Initial residual = 0.0028455091, Final residual = 0.00024768922, No Iterations 2
smoothSolver:  Solving for Ux, Initial residual = 1.6665715e-05, Final residual = 6.8821389e-07, No Iterations 2
smoothSolver:  Solving for Uy, Initial residual = 1.6082976e-05, Final residual = 5.036886e-07, No Iterations 2
smoothSolver:  Solving for Uz, Initial residual = 1.6868137e-05, Final residual = 6.3499687e-07, No Iterations 2
GAMG:  Solving for p, Initial residual = 1.0904348e-06, Final residual = 7.6704112e-08, No Iterations 1
GAMG:  Solving for p, Initial residual = 1.0433164e-07, Final residual = 1.713301e-08, No Iterations 1
smoothSolver:  Solving for omega, Initial residual = 0.0028412624, Final residual = 0.00022214426, No Iterations 2
smoothSolver:  Solving for k, Initial residual = 0.0025745169, Final residual = 0.00023905512, No Iterations 2
smoothSolver:  Solving for Ux, Initial residual = 1.6233046e-05, Final residual = 4.6228481e-07, No Iterations 2
smoothSolver:  Solving for Uy, Initial residual = 1.5593815e-05, Final residual = 3.8723694e-07, No Iterations 2
smoothSolver:  Solving for Uz, Initial residual = 1.6995429e-05, Final residual = 6.0455297e-07, No Iterations 2
GAMG:  Solving for p, Initial residual = 1.0578817e-06, Final residual = 8.6648672e-08, No Iterations 1
GAMG:  Solving for p, Initial residual = 1.1466134e-07, Final residual = 1.6964174e-08, No Iterations 1
smoothSolver:  Solving for omega, Initial residual = 0.0028184275, Final residual = 0.00022647111, No Iterations 2
smoothSolver:  Solving for k, Initial residual = 0.002806892, Final residual = 0.00024391003, No Iterations 2
smoothSolver:  Solving for Ux, Initial residual = 1.5563497e-05, Final residual = 5.5351034e-07, No Iterations 2
smoothSolver:  Solving for Uy, Initial residual = 1.5653516e-05, Final residual = 4.1203602e-07, No Iterations 2
smoothSolver:  Solving for Uz, Initial residual = 1.6927659e-05, Final residual = 5.936012e-07, No Iterations 2
GAMG:  Solving for p, Initial residual = 9.5540441e-07, Final residual = 6.9101029e-08, No Iterations 1
GAMG:  Solving for p, Initial residual = 9.4234137e-08, Final residual = 9.4234137e-08, No Iterations 0
smoothSolver:  Solving for omega, Initial residual = 0.0026838632, Final residual = 0.00022008651, No Iterations 2
smoothSolver:  Solving for k, Initial residual = 0.0027111385, Final residual = 0.00011131583, No Iterations 3
smoothSolver:  Solving for Ux, Initial residual = 1.5476433e-05, Final residual = 6.3829825e-07, No Iterations 2
smoothSolver:  Solving for Uy, Initial residual = 1.5545532e-05, Final residual = 4.3818987e-07, No Iterations 2
smoothSolver:  Solving for Uz, Initial residual = 1.6838735e-05, Final residual = 6.2994007e-07, No Iterations 2
GAMG:  Solving for p, Initial residual = 1.0563378e-06, Final residual = 8.5108101e-08, No Iterations 1
GAMG:  Solving for p, Initial residual = 1.1317623e-07, Final residual = 1.6566747e-08, No Iterations 1
smoothSolver:  Solving for omega, Initial residual = 0.0027077806, Final residual = 0.00021086066, No Iterations 2
smoothSolver:  Solving for k, Initial residual = 0.0030284799, Final residual = 0.00023925295, No Iterations 2
smoothSolver:  Solving for Ux, Initial residual = 1.5422085e-05, Final residual = 5.0016008e-07, No Iterations 2
smoothSolver:  Solving for Uy, Initial residual = 1.6009634e-05, Final residual = 4.34491e-07, No Iterations 2
smoothSolver:  Solving for Uz, Initial residual = 1.7193439e-05, Final residual = 6.3939083e-07, No Iterations 2
GAMG:  Solving for p, Initial residual = 9.644397e-07, Final residual = 7.1911228e-08, No Iterations 1
GAMG:  Solving for p, Initial residual = 9.6827934e-08, Final residual = 9.6827934e-08, No Iterations 0
smoothSolver:  Solving for omega, Initial residual = 0.0027223857, Final residual = 0.00021950486, No Iterations 2
smoothSolver:  Solving for k, Initial residual = 0.0029934282, Final residual = 0.00027804329, No Iterations 2
smoothSolver:  Solving for Ux, Initial residual = 1.5078367e-05, Final residual = 4.3762969e-07, No Iterations 2
smoothSolver:  Solving for Uy, Initial residual = 1.5336923e-05, Final residual = 4.1287674e-07, No Iterations 2
smoothSolver:  Solving for Uz, Initial residual = 1.6632885e-05, Final residual = 5.9102668e-07, No Iterations 2
GAMG:  Solving for p, Initial residual = 1.0428883e-06, Final residual = 7.0698167e-08, No Iterations 1
GAMG:  Solving for p, Initial residual = 1.0115174e-07, Final residual = 1.3461426e-08, No Iterations 1
smoothSolver:  Solving for omega, Initial residual = 0.0028010195, Final residual = 0.00022479528, No Iterations 2
smoothSolver:  Solving for k, Initial residual = 0.0027905803, Final residual = 0.0002685354, No Iterations 2
smoothSolver:  Solving for Ux, Initial residual = 1.4591016e-05, Final residual = 4.4279802e-07, No Iterations 2
smoothSolver:  Solving for Uy, Initial residual = 1.5758256e-05, Final residual = 4.6714083e-07, No Iterations 2
smoothSolver:  Solving for Uz, Initial residual = 1.660744e-05, Final residual = 5.4144887e-07, No Iterations 2
GAMG:  Solving for p, Initial residual = 9.8250511e-07, Final residual = 6.9722577e-08, No Iterations 1
GAMG:  Solving for p, Initial residual = 9.6563226e-08, Final residual = 9.6563226e-08, No Iterations 0
smoothSolver:  Solving for omega, Initial residual = 0.0027822329, Final residual = 0.00021737237, No Iterations 2
smoothSolver:  Solving for k, Initial residual = 0.0025783666, Final residual = 0.00025285122, No Iterations 2
smoothSolver:  Solving for Ux, Initial residual = 1.4568695e-05, Final residual = 3.9007915e-07, No Iterations 2
smoothSolver:  Solving for Uy, Initial residual = 1.5806825e-05, Final residual = 4.0168726e-07, No Iterations 2
smoothSolver:  Solving for Uz, Initial residual = 1.6960913e-05, Final residual = 5.8711844e-07, No Iterations 2
GAMG:  Solving for p, Initial residual = 1.077587e-06, Final residual = 6.2841121e-08, No Iterations 1
GAMG:  Solving for p, Initial residual = 9.6236442e-08, Final residual = 9.6236442e-08, No Iterations 0
smoothSolver:  Solving for omega, Initial residual = 0.0028056469, Final residual = 0.00021519189, No Iterations 2
smoothSolver:  Solving for k, Initial residual = 0.0027369063, Final residual = 0.00024933087, No Iterations 2
smoothSolver:  Solving for Ux, Initial residual = 1.4794285e-05, Final residual = 4.7866342e-07, No Iterations 2
smoothSolver:  Solving for Uy, Initial residual = 1.6325062e-05, Final residual = 6.1247299e-07, No Iterations 2
smoothSolver:  Solving for Uz, Initial residual = 1.7158055e-05, Final residual = 5.40003e-07, No Iterations 2
GAMG:  Solving for p, Initial residual = 1.0061634e-06, Final residual = 6.7470563e-08, No Iterations 1
GAMG:  Solving for p, Initial residual = 9.7332614e-08, Final residual = 9.7332614e-08, No Iterations 0
smoothSolver:  Solving for omega, Initial residual = 0.0028376317, Final residual = 0.00021439706, No Iterations 2
smoothSolver:  Solving for k, Initial residual = 0.0025831839, Final residual = 0.00010798265, No Iterations 3
smoothSolver:  Solving for Ux, Initial residual = 1.4880747e-05, Final residual = 4.5628742e-07, No Iterations 2
smoothSolver:  Solving for Uy, Initial residual = 1.6342447e-05, Final residual = 6.0759948e-07, No Iterations 2
smoothSolver:  Solving for Uz, Initial residual = 1.7379135e-05, Final residual = 5.8448188e-07, No Iterations 2
GAMG:  Solving for p, Initial residual = 1.0550509e-06, Final residual = 6.3503356e-08, No Iterations 1
GAMG:  Solving for p, Initial residual = 9.931464e-08, Final residual = 9.931464e-08, No Iterations 0
smoothSolver:  Solving for omega, Initial residual = 0.002836642, Final residual = 0.00022082178, No Iterations 2
smoothSolver:  Solving for k, Initial residual = 0.002840841, Final residual = 0.00022830233, No Iterations 2
smoothSolver:  Solving for Ux, Initial residual = 1.4648687e-05, Final residual = 4.1923996e-07, No Iterations 2
smoothSolver:  Solving for Uy, Initial residual = 1.6756718e-05, Final residual = 5.8601783e-07, No Iterations 2
smoothSolver:  Solving for Uz, Initial residual = 1.738458e-05, Final residual = 5.8545865e-07, No Iterations 2
GAMG:  Solving for p, Initial residual = 9.8975461e-07, Final residual = 6.5908444e-08, No Iterations 1
GAMG:  Solving for p, Initial residual = 9.6947124e-08, Final residual = 9.6947124e-08, No Iterations 0
smoothSolver:  Solving for omega, Initial residual = 0.0027149431, Final residual = 0.00020857461, No Iterations 2
smoothSolver:  Solving for k, Initial residual = 0.0028365784, Final residual = 0.00011919909, No Iterations 3
smoothSolver:  Solving for Ux, Initial residual = 1.4223587e-05, Final residual = 3.8786901e-07, No Iterations 2
smoothSolver:  Solving for Uy, Initial residual = 1.7019661e-05, Final residual = 6.6331487e-07, No Iterations 2
smoothSolver:  Solving for Uz, Initial residual = 1.7321537e-05, Final residual = 6.1038896e-07, No Iterations 2
GAMG:  Solving for p, Initial residual = 9.8864649e-07, Final residual = 6.7506821e-08, No Iterations 1
GAMG:  Solving for p, Initial residual = 1.023246e-07, Final residual = 1.2361016e-08, No Iterations 1
smoothSolver:  Solving for omega, Initial residual = 0.0027776995, Final residual = 0.00021107054, No Iterations 2
smoothSolver:  Solving for k, Initial residual = 0.0030206167, Final residual = 0.00026008993, No Iterations 2
smoothSolver:  Solving for Ux, Initial residual = 1.5079316e-05, Final residual = 6.2720114e-07, No Iterations 2
smoothSolver:  Solving for Uy, Initial residual = 1.7178779e-05, Final residual = 5.6347226e-07, No Iterations 2
smoothSolver:  Solving for Uz, Initial residual = 1.7250436e-05, Final residual = 5.7837204e-07, No Iterations 2
GAMG:  Solving for p, Initial residual = 9.3034398e-07, Final residual = 6.771848e-08, No Iterations 1
GAMG:  Solving for p, Initial residual = 9.6190042e-08, Final residual = 9.6190042e-08, No Iterations 0
smoothSolver:  Solving for omega, Initial residual = 0.0027957662, Final residual = 0.00020944058, No Iterations 2
smoothSolver:  Solving for k, Initial residual = 0.0030787209, Final residual = 0.0003022081, No Iterations 2
smoothSolver:  Solving for Ux, Initial residual = 1.4349404e-05, Final residual = 7.0667872e-07, No Iterations 2
smoothSolver:  Solving for Uy, Initial residual = 1.6541825e-05, Final residual = 6.3952095e-07, No Iterations 2
smoothSolver:  Solving for Uz, Initial residual = 1.7403691e-05, Final residual = 6.3041181e-07, No Iterations 2
GAMG:  Solving for p, Initial residual = 1.068286e-06, Final residual = 7.5202392e-08, No Iterations 1
GAMG:  Solving for p, Initial residual = 1.1215199e-07, Final residual = 1.2720476e-08, No Iterations 1
smoothSolver:  Solving for omega, Initial residual = 0.0028343379, Final residual = 0.00022051555, No Iterations 2
smoothSolver:  Solving for k, Initial residual = 0.0029675048, Final residual = 0.00013157499, No Iterations 3
smoothSolver:  Solving for Ux, Initial residual = 1.4060781e-05, Final residual = 5.7979264e-07, No Iterations 2
smoothSolver:  Solving for Uy, Initial residual = 1.7074675e-05, Final residual = 7.7797944e-07, No Iterations 2
smoothSolver:  Solving for Uz, Initial residual = 1.7889651e-05, Final residual = 5.778463e-07, No Iterations 2
GAMG:  Solving for p, Initial residual = 9.3417007e-07, Final residual = 6.4898774e-08, No Iterations 1
GAMG:  Solving for p, Initial residual = 9.5237952e-08, Final residual = 9.5237952e-08, No Iterations 0
smoothSolver:  Solving for omega, Initial residual = 0.0028324479, Final residual = 0.0002000687, No Iterations 2
smoothSolver:  Solving for k, Initial residual = 0.0029520532, Final residual = 0.00013562081, No Iterations 3
smoothSolver:  Solving for Ux, Initial residual = 1.3612298e-05, Final residual = 3.7172301e-07, No Iterations 2
smoothSolver:  Solving for Uy, Initial residual = 1.65146e-05, Final residual = 8.5017552e-07, No Iterations 2
smoothSolver:  Solving for Uz, Initial residual = 1.8444513e-05, Final residual = 6.41923e-07, No Iterations 2
GAMG:  Solving for p, Initial residual = 1.0411744e-06, Final residual = 7.2328686e-08, No Iterations 1
GAMG:  Solving for p, Initial residual = 1.0879674e-07, Final residual = 1.2484307e-08, No Iterations 1
smoothSolver:  Solving for omega, Initial residual = 0.0028188072, Final residual = 0.00021095223, No Iterations 2
smoothSolver:  Solving for k, Initial residual = 0.003253035, Final residual = 0.00026581731, No Iterations 2
smoothSolver:  Solving for Ux, Initial residual = 1.7109948e-05, Final residual = 1.0770595e-06, No Iterations 2
smoothSolver:  Solving for Uy, Initial residual = 1.71211e-05, Final residual = 6.3081826e-07, No Iterations 2
smoothSolver:  Solving for Uz, Initial residual = 1.8926697e-05, Final residual = 6.0530215e-07, No Iterations 2
GAMG:  Solving for p, Initial residual = 1.1011896e-06, Final residual = 9.6450264e-08, No Iterations 1
GAMG:  Solving for p, Initial residual = 1.2664435e-07, Final residual = 1.9366634e-08, No Iterations 1
smoothSolver:  Solving for omega, Initial residual = 0.0027968576, Final residual = 0.00019835881, No Iterations 2
smoothSolver:  Solving for k, Initial residual = 0.0030502186, Final residual = 0.00016462429, No Iterations 3
smoothSolver:  Solving for Ux, Initial residual = 1.6613795e-05, Final residual = 8.8931268e-07, No Iterations 2
smoothSolver:  Solving for Uy, Initial residual = 1.6681882e-05, Final residual = 7.5861945e-07, No Iterations 2
smoothSolver:  Solving for Uz, Initial residual = 1.8946219e-05, Final residual = 6.8702827e-07, No Iterations 2
GAMG:  Solving for p, Initial residual = 1.3342252e-06, Final residual = 8.5545908e-08, No Iterations 1
GAMG:  Solving for p, Initial residual = 1.2278654e-07, Final residual = 1.4055951e-08, No Iterations 1
smoothSolver:  Solving for omega, Initial residual = 0.0028220213, Final residual = 0.00020384174, No Iterations 2
smoothSolver:  Solving for k, Initial residual = 0.0032079847, Final residual = 0.00024503871, No Iterations 2
smoothSolver:  Solving for Ux, Initial residual = 1.7437428e-05, Final residual = 1.0737087e-06, No Iterations 2
smoothSolver:  Solving for Uy, Initial residual = 1.7319047e-05, Final residual = 6.6345663e-07, No Iterations 2
smoothSolver:  Solving for Uz, Initial residual = 1.9500421e-05, Final residual = 6.3234644e-07, No Iterations 2
GAMG:  Solving for p, Initial residual = 1.4329814e-06, Final residual = 2.5464758e-08, No Iterations 2
GAMG:  Solving for p, Initial residual = 6.7371262e-08, Final residual = 6.7371262e-08, No Iterations 0
smoothSolver:  Solving for omega, Initial residual = 0.0027475787, Final residual = 0.0001960607, No Iterations 2
smoothSolver:  Solving for k, Initial residual = 0.003317924, Final residual = 0.00015673922, No Iterations 3
smoothSolver:  Solving for Ux, Initial residual = 1.7207561e-05, Final residual = 1.0550986e-06, No Iterations 2
smoothSolver:  Solving for Uy, Initial residual = 1.8340385e-05, Final residual = 5.8159302e-07, No Iterations 2
smoothSolver:  Solving for Uz, Initial residual = 1.946691e-05, Final residual = 6.869223e-07, No Iterations 2
GAMG:  Solving for p, Initial residual = 1.4831716e-06, Final residual = 9.5205617e-08, No Iterations 1
GAMG:  Solving for p, Initial residual = 1.3257129e-07, Final residual = 1.7967524e-08, No Iterations 1
smoothSolver:  Solving for omega, Initial residual = 0.0028250683, Final residual = 0.00018201028, No Iterations 2
smoothSolver:  Solving for k, Initial residual = 0.0033170937, Final residual = 0.00029041488, No Iterations 2
smoothSolver:  Solving for Ux, Initial residual = 1.8464082e-05, Final residual = 7.9829145e-07, No Iterations 2
smoothSolver:  Solving for Uy, Initial residual = 1.9214284e-05, Final residual = 7.4650002e-07, No Iterations 2
smoothSolver:  Solving for Uz, Initial residual = 2.0190126e-05, Final residual = 6.8354713e-07, No Iterations 2
GAMG:  Solving for p, Initial residual = 1.6276666e-06, Final residual = 2.3512593e-08, No Iterations 2
GAMG:  Solving for p, Initial residual = 6.6682214e-08, Final residual = 6.6682214e-08, No Iterations 0
smoothSolver:  Solving for omega, Initial residual = 0.0028669559, Final residual = 0.00020340753, No Iterations 2
smoothSolver:  Solving for k, Initial residual = 0.0034135642, Final residual = 0.0001476269, No Iterations 3
smoothSolver:  Solving for Ux, Initial residual = 1.8310935e-05, Final residual = 9.7426643e-07, No Iterations 2
smoothSolver:  Solving for Uy, Initial residual = 1.9493113e-05, Final residual = 6.0437541e-07, No Iterations 2
smoothSolver:  Solving for Uz, Initial residual = 1.9951128e-05, Final residual = 8.0461034e-07, No Iterations 2
GAMG:  Solving for p, Initial residual = 1.4806534e-06, Final residual = 9.8155132e-08, No Iterations 1
GAMG:  Solving for p, Initial residual = 1.2967689e-07, Final residual = 2.1771128e-08, No Iterations 1
smoothSolver:  Solving for omega, Initial residual = 0.0029012325, Final residual = 0.00019488607, No Iterations 2
smoothSolver:  Solving for k, Initial residual = 0.0034204931, Final residual = 0.00029713035, No Iterations 2
smoothSolver:  Solving for Ux, Initial residual = 1.7101865e-05, Final residual = 4.7274944e-07, No Iterations 2
smoothSolver:  Solving for Uy, Initial residual = 2.0512034e-05, Final residual = 5.8426607e-07, No Iterations 2
smoothSolver:  Solving for Uz, Initial residual = 2.0415871e-05, Final residual = 7.1035622e-07, No Iterations 2
GAMG:  Solving for p, Initial residual = 1.3957378e-06, Final residual = 9.0394638e-08, No Iterations 1
GAMG:  Solving for p, Initial residual = 1.2215218e-07, Final residual = 1.6306442e-08, No Iterations 1
smoothSolver:  Solving for omega, Initial residual = 0.0028659721, Final residual = 0.00021119463, No Iterations 2
smoothSolver:  Solving for k, Initial residual = 0.0036098943, Final residual = 0.00014685609, No Iterations 3
smoothSolver:  Solving for Ux, Initial residual = 1.6656474e-05, Final residual = 5.3931976e-07, No Iterations 2
smoothSolver:  Solving for Uy, Initial residual = 2.1230002e-05, Final residual = 6.1422995e-07, No Iterations 2
smoothSolver:  Solving for Uz, Initial residual = 2.0139491e-05, Final residual = 7.4685717e-07, No Iterations 2
GAMG:  Solving for p, Initial residual = 1.2734288e-06, Final residual = 8.4273873e-08, No Iterations 1
GAMG:  Solving for p, Initial residual = 1.1670328e-07, Final residual = 1.631962e-08, No Iterations 1
smoothSolver:  Solving for omega, Initial residual = 0.0029038835, Final residual = 0.00021195218, No Iterations 2
smoothSolver:  Solving for k, Initial residual = 0.0035082338, Final residual = 0.00030269274, No Iterations 2
smoothSolver:  Solving for Ux, Initial residual = 1.7851608e-05, Final residual = 7.9540717e-07, No Iterations 2
smoothSolver:  Solving for Uy, Initial residual = 2.2335441e-05, Final residual = 8.5801056e-07, No Iterations 2
smoothSolver:  Solving for Uz, Initial residual = 2.0534023e-05, Final residual = 7.3648107e-07, No Iterations 2
GAMG:  Solving for p, Initial residual = 1.4805049e-06, Final residual = 2.0484645e-08, No Iterations 2
GAMG:  Solving for p, Initial residual = 7.5294921e-08, Final residual = 7.5294921e-08, No Iterations 0
smoothSolver:  Solving for omega, Initial residual = 0.0030159203, Final residual = 0.00022380928, No Iterations 2
smoothSolver:  Solving for k, Initial residual = 0.0032808185, Final residual = 0.00015940873, No Iterations 3
smoothSolver:  Solving for Ux, Initial residual = 1.7879386e-05, Final residual = 6.9570682e-07, No Iterations 2
smoothSolver:  Solving for Uy, Initial residual = 2.4306024e-05, Final residual = 8.0971782e-07, No Iterations 2
smoothSolver:  Solving for Uz, Initial residual = 2.1169359e-05, Final residual = 7.7303794e-07, No Iterations 2
GAMG:  Solving for p, Initial residual = 1.2959301e-06, Final residual = 8.2602099e-08, No Iterations 1
GAMG:  Solving for p, Initial residual = 1.2073523e-07, Final residual = 1.7026604e-08, No Iterations 1
smoothSolver:  Solving for omega, Initial residual = 0.0029907507, Final residual = 0.00021086926, No Iterations 2
smoothSolver:  Solving for k, Initial residual = 0.0032494525, Final residual = 0.00029392624, No Iterations 2
smoothSolver:  Solving for Ux, Initial residual = 1.734234e-05, Final residual = 7.8680081e-07, No Iterations 2
smoothSolver:  Solving for Uy, Initial residual = 2.4065989e-05, Final residual = 9.3877727e-07, No Iterations 2
smoothSolver:  Solving for Uz, Initial residual = 2.0614611e-05, Final residual = 7.3415425e-07, No Iterations 2
GAMG:  Solving for p, Initial residual = 1.6428931e-06, Final residual = 2.0193373e-08, No Iterations 2
GAMG:  Solving for p, Initial residual = 7.1730342e-08, Final residual = 7.1730342e-08, No Iterations 0
smoothSolver:  Solving for omega, Initial residual = 0.0029449338, Final residual = 0.00022053693, No Iterations 2
smoothSolver:  Solving for k, Initial residual = 0.0032330543, Final residual = 0.00013721335, No Iterations 3
smoothSolver:  Solving for Ux, Initial residual = 1.7788609e-05, Final residual = 8.7388912e-07, No Iterations 2
smoothSolver:  Solving for Uy, Initial residual = 2.4365008e-05, Final residual = 1.1501348e-06, No Iterations 2
smoothSolver:  Solving for Uz, Initial residual = 2.0741252e-05, Final residual = 8.3850592e-07, No Iterations 2
GAMG:  Solving for p, Initial residual = 1.3418178e-06, Final residual = 8.5936453e-08, No Iterations 1
GAMG:  Solving for p, Initial residual = 1.2257849e-07, Final residual = 1.8050588e-08, No Iterations 1
smoothSolver:  Solving for omega, Initial residual = 0.0028813668, Final residual = 0.0002272261, No Iterations 2
smoothSolver:  Solving for k, Initial residual = 0.0031715533, Final residual = 0.00028859842, No Iterations 2
smoothSolver:  Solving for Ux, Initial residual = 1.7545764e-05, Final residual = 6.1040183e-07, No Iterations 2
smoothSolver:  Solving for Uy, Initial residual = 2.4721552e-05, Final residual = 9.0201745e-07, No Iterations 2
smoothSolver:  Solving for Uz, Initial residual = 2.0579518e-05, Final residual = 7.7422992e-07, No Iterations 2
GAMG:  Solving for p, Initial residual = 1.3327411e-06, Final residual = 9.1062851e-08, No Iterations 1
GAMG:  Solving for p, Initial residual = 1.3034799e-07, Final residual = 1.5721349e-08, No Iterations 1
smoothSolver:  Solving for omega, Initial residual = 0.0029220385, Final residual = 0.00022760072, No Iterations 2
smoothSolver:  Solving for k, Initial residual = 0.0032143147, Final residual = 0.00014294743, No Iterations 3
smoothSolver:  Solving for Ux, Initial residual = 1.7289216e-05, Final residual = 5.3503751e-07, No Iterations 2
smoothSolver:  Solving for Uy, Initial residual = 2.5000208e-05, Final residual = 9.4551883e-07, No Iterations 2
smoothSolver:  Solving for Uz, Initial residual = 2.0563357e-05, Final residual = 7.3213343e-07, No Iterations 2
GAMG:  Solving for p, Initial residual = 1.35421e-06, Final residual = 9.7991705e-08, No Iterations 1
GAMG:  Solving for p, Initial residual = 1.3575449e-07, Final residual = 2.08083e-08, No Iterations 1
smoothSolver:  Solving for omega, Initial residual = 0.0029254647, Final residual = 0.00022073367, No Iterations 2
smoothSolver:  Solving for k, Initial residual = 0.0033289096, Final residual = 0.00028801682, No Iterations 2
smoothSolver:  Solving for Ux, Initial residual = 1.733992e-05, Final residual = 6.6579512e-07, No Iterations 2
smoothSolver:  Solving for Uy, Initial residual = 2.458219e-05, Final residual = 1.0645603e-06, No Iterations 2
smoothSolver:  Solving for Uz, Initial residual = 2.0545483e-05, Final residual = 7.9258752e-07, No Iterations 2
GAMG:  Solving for p, Initial residual = 1.1955216e-06, Final residual = 9.6400874e-08, No Iterations 1
GAMG:  Solving for p, Initial residual = 1.311955e-07, Final residual = 1.8747418e-08, No Iterations 1
smoothSolver:  Solving for omega, Initial residual = 0.0028819794, Final residual = 0.00022149093, No Iterations 2
smoothSolver:  Solving for k, Initial residual = 0.0034118565, Final residual = 0.00015456014, No Iterations 3
Time = 300

smoothSolver:  Solving for Ux, Initial residual = 1.6722179e-05, Final residual = 6.8638922e-07, No Iterations 2
smoothSolver:  Solving for Uy, Initial residual = 2.4548266e-05, Final residual = 9.5095138e-07, No Iterations 2
smoothSolver:  Solving for Uz, Initial residual = 2.0757135e-05, Final residual = 7.9289367e-07, No Iterations 2
U0 initRes: 1.6722179e-05 finalRes: 6.8638922e-07 nIters: 2
U1 initRes: 2.4548266e-05 finalRes: 9.5095138e-07 nIters: 2
U2 initRes: 2.0757135e-05 finalRes: 7.9289367e-07 nIters: 2
GAMG:  Solving for p, Initial residual = 1.2134695e-06, Final residual = 8.6862819e-08, No Iterations 1
p initRes: 1.2134695e-06 finalRes: 8.6862819e-08 nIters: 1
GAMG:  Solving for p, Initial residual = 1.2564161e-07, Final residual = 1.6055023e-08, No Iterations 1
p initRes: 1.2564161e-07 finalRes: 1.6055023e-08 nIters: 1
Time step continuity errors : sum local = 9.0539493e-08
                                 global = -3.8701744e-08
                             cumulative = 3.2754017e-05
smoothSolver:  Solving for omega, Initial residual = 0.0028663325, Final residual = 0.00022433676, No Iterations 2
omega initRes: 0.0028663325 finalRes: 0.00022433676 nIters: 2
smoothSolver:  Solving for k, Initial residual = 0.0034677791, Final residual = 0.00026907789, No Iterations 2
k initRes: 0.0034677791 finalRes: 0.00026907789 nIters: 2
CD: 0.152976 final: 0.152976
CL: 0.092170207 final: 0.092170207
yPlus min: 1484.8426 max: 3031.8166 mean: 2497.0323
ExecutionTime = 1.63 s  ClockTime = 2 s

smoothSolver:  Solving for Ux, Initial residual = 1.7812552e-05, Final residual = 7.7574156e-07, No Iterations 2
smoothSolver:  Solving for Uy, Initial residual = 2.4641335e-05, Final residual = 1.1318614e-06, No Iterations 2
smoothSolver:  Solving for Uz, Initial residual = 2.0720567e-05, Final residual = 8.1899835e-07, No Iterations 2
GAMG:  Solving for p, Initial residual = 1.3166407e-06, Final residual = 2.0194604e-08, No Iterations 2
GAMG:  Solving for p, Initial residual = 7.6751566e-08, Final residual = 7.6751566e-08, No Iterations 0
smoothSolver:  Solving for omega, Initial residual = 0.0029570339, Final residual = 0.00022737614, No Iterations 2
smoothSolver:  Solving for k, Initial residual = 0.0035066441, Final residual = 0.0001719354, No Iterations 3
smoothSolver:  Solving for Ux, Initial residual = 1.8196803e-05, Final residual = 8.1178634e-07, No Iterations 2
smoothSolver:  Solving for Uy, Initial residual = 2.661488e-05, Final residual = 9.2582215e-07, No Iterations 2
smoothSolver:  Solving for Uz, Initial residual = 2.0605476e-05, Final residual = 8.4887538e-07, No Iterations 2
GAMG:  Solving for p, Initial residual = 1.2337075e-06, Final residual = 9.7736153e-08, No Iterations 1
GAMG:  Solving for p, Initial residual = 1.4063642e-07, Final residual = 1.9617457e-08, No Iterations 1
smoothSolver:  Solving for omega, Initial residual = 0.0029464657, Final residual = 0.00022087557, No Iterations 2
smoothSolver:  Solving for k, Initial residual = 0.0034214998, Final residual = 0.00032821381, No Iterations 2
smoothSolver:  Solving for Ux, Initial residual = 1.7726629e-05, Final residual = 8.1435884e-07, No Iterations 2
smoothSolver:  Solving for Uy, Initial residual = 2.5744362e-05, Final residual = 9.9310548e-07, No Iterations 2
smoothSolver:  Solving for Uz, Initial residual = 2.0812008e-05, Final residual = 7.1992064e-07, No Iterations 2
GAMG:  Solving for p, Initial residual = 1.4399286e-06, Final residual = 2.153326e-08, No Iterations 2
GAMG:  Solving for p, Initial residual = 7.6242708e-08, Final residual = 7.6242708e-08, No Iterations 0
smoothSolver:  Solving for omega, Initial residual = 0.0028723529, Final residual = 0.00021917746, No Iterations 2
smoothSolver:  Solving for k, Initial residual = 0.003277965, Final residual = 0.00013601695, No Iterations 3
smoothSolver:  Solving for Ux, Initial residual = 1.8052561e-05, Final residual = 9.5485034e-07, No Iterations 2
smoothSolver:  Solving for Uy, Initial residual = 2.5711713e-05, Final residual = 1.3513782e-06, No Iterations 2
smoothSolver:  Solving for Uz, Initial residual = 2.121095e-05, Final residual = 8.3333105e-07, No Iterations 2
GAMG:  Solving for p, Initial residual = 1.2875778e-06, Final residual = 9.5017907e-08, No Iterations 1
GAMG:  Solving for p, Initial residual = 1.3206284e-07, Final residual = 2.0799921e-08, No Iterations 1
smoothSolver:  Solving for omega, Initial residual = 0.0028444502, Final residual = 0.0002184077, No Iterations 2
smoothSolver:  Solving for k, Initial residual = 0.0031323542, Final residual = 0.00028457284, No Iterations 2
smoothSolver:  Solving for Ux, Initial residual = 1.7157904e-05, Final residual = 6.3314001e-07, No Iterations 2
smoothSolver:  Solving for Uy, Initial residual = 2.5407205e-05, Final residual = 8.9957832e-07, No Iterations 2
smoothSolver:  Solving for Uz, Initial residual = 2.0793578e-05, Final residual = 8.0126787e-07, No Iterations 2
GAMG:  Solving for p, Initial residual = 1.2034643e-06, Final residual = 8.1253546e-08, No Iterations 1
GAMG:  Solving for p, Initial residual = 1.2267928e-07, Final residual = 1.3351978e-08, No Iterations 1
smoothSolver:  Solving for omega, Initial residual = 0.0029097234, Final residual = 0.00022337276, No Iterations 2
smoothSolver:  Solving for k, Initial residual = 0.0030793224, Final residual = 0.00013121004, No Iterations 3
smoothSolver:  Solving for Ux, Initial residual = 1.7010806e-05, Final residual = 4.9749283e-07, No Iterations 2
smoothSolver:  Solving for Uy, Initial residual = 2.4491748e-05, Final residual = 9.634531e-07, No Iterations 2
smoothSolver:  Solving for Uz, Initial residual = 2.0788453e-05, Final residual = 7.2943047e-07, No Iterations 2
GAMG:  Solving for p, Initial residual = 1.333081e-06, Final residual = 2.0644815e-08, No Iterations 2
GAMG:  Solving for p, Initial residual = 7.52958e-08, Final residual = 7.52958e-08, No Iterations 0
smoothSolver:  Solving for omega, Initial residual = 0.002895386, Final residual = 0.00022737467, No Iterations 2
smoothSolver:  Solving for k, Initial residual = 0.0031454887, Final residual = 0.00027877778, No Iterations 2
smoothSolver:  Solving for Ux, Initial residual = 1.6769814e-05, Final residual = 5.6761536e-07, No Iterations 2
smoothSolver:  Solving for Uy, Initial residual = 2.4271237e-05, Final residual = 1.1474036e-06, No Iterations 2
smoothSolver:  Solving for Uz, Initial residual = 2.0470494e-05, Final residual = 7.8493786e-07, No Iterations 2
GAMG:  Solving for p, Initial residual = 1.1423372e-06, Final residual = 9.0982375e-08, No Iterations 1
GAMG:  Solving for p, Initial residual = 1.2639311e-07, Final residual = 1.7431695e-08, No Iterations 1
smoothSolver:  Solving for omega, Initial residual = 0.002861262, Final residual = 0.00021710806, No Iterations 2
smoothSolver:  Solving for k, Initial residual = 0.0031744754, Final residual = 0.00014076957, No Iterations 3
smoothSolver:  Solving for Ux, Initial residual = 1.5690421e-05, Final residual = 5.6459221e-07, No Iterations 2
smoothSolver:  Solving for Uy, Initial residual = 2.3504661e-05, Final residual = 9.8477199e-07, No Iterations 2
smoothSolver:  Solving for Uz, Initial residual = 2.0438653e-05, Final residual = 7.3165204e-07, No Iterations 2
GAMG:  Solving for p, Initial residual = 1.1655498e-06, Final residual = 8.730869e-08, No Iterations 1
GAMG:  Solving for p, Initial residual = 1.1979046e-07, Final residual = 1.7525811e-08, No Iterations 1
smoothSolver:  Solving for omega, Initial residual = 0.0028309024, Final residual = 0.00021988018, No Iterations 2
smoothSolver:  Solving for k, Initial residual = 0.0032917022, Final residual = 0.0002804237, No Iterations 2
smoothSolver:  Solving for Ux, Initial residual = 1.6669789e-05, Final residual = 7.0644085e-07, No Iterations 2
smoothSolver:  Solving for Uy, Initial residual = 2.3660554e-05, Final residual = 1.0967352e-06, No Iterations 2
smoothSolver:  Solving for Uz, Initial residual = 2.0543807e-05, Final residual = 8.125083e-07, No Iterations 2
GAMG:  Solving for p, Initial residual = 1.1343229e-06, Final residual = 9.4775929e-08, No Iterations 1
GAMG:  Solving for p, Initial residual = 1.3093296e-07, Final residual = 1.9379692e-08, No Iterations 1
smoothSolver:  Solving for omega, Initial residual = 0.0028499956, Final residual = 0.0002213069, No Iterations 2
smoothSolver:  Solving for k, Initial residual = 0.0032696422, Final residual = 0.00014653654, No Iterations 3
smoothSolver:  Solving for Ux, Initial residual = 1.6627683e-05, Final residual = 6.2597621e-07, No Iterations 2
smoothSolver:  Solving for Uy, Initial residual = 2.4440361e-05, Final residual = 9.7585459e-07, No Iterations 2
smoothSolver:  Solving for Uz, Initial residual = 2.0438291e-05, Final residual = 7.7077473e-07, No Iterations 2
GAMG:  Solving for p, Initial residual = 1.1608049e-06, Final residual = 9.2017225e-08, No Iterations 1
GAMG:  Solving for p, Initial residual = 1.2683905e-07, Final residual = 1.8849637e-08, No Iterations 1
smoothSolver:  Solving for omega, Initial residual = 0.0028846797, Final residual = 0.0002216707, No Iterations 2
smoothSolver:  Solving for k, Initial residual = 0.0033109716, Final residual = 0.00027302389, No Iterations 2
smoothSolver:  Solving for Ux, Initial residual = 1.6060875e-05, Final residual = 6.0274585e-07, No Iterations 2
smoothSolver:  Solving for Uy, Initial residual = 2.3949991e-05, Final residual = 1.0226807e-06, No Iterations 2
smoothSolver:  Solving for Uz, Initial residual = 2.0011444e-05, Final residual = 7.8095739e-07, No Iterations 2
GAMG:  Solving for p, Initial residual = 1.1007165e-06, Final residual = 9.3850876e-08, No Iterations 1
GAMG:  Solving for p, Initial residual = 1.2842989e-07, Final residual = 1.8844147e-08, No Iterations 1
smoothSolver:  Solving for omega, Initial residual = 0.0029076191, Final residual = 0.00022303789, No Iterations 2
smoothSolver:  Solving for k, Initial residual = 0.0034045815, Final residual = 0.00014315525, No Iterations 3
smoothSolver:  Solving for Ux, Initial residual = 1.6268845e-05, Final residual = 6.940538e-07, No Iterations 2
smoothSolver:  Solving for Uy, Initial residual = 2.3743736e-05, Final residual = 8.9137127e-07, No Iterations 2
smoothSolver:  Solving for Uz, Initial residual = 2.0052555e-05, Final residual = 8.0548619e-07, No Iterations 2
GAMG:  Solving for p, Initial residual = 1.0777389e-06, Final residual = 8.0616297e-08, No Iterations 1
GAMG:  Solving for p, Initial residual = 1.1888296e-07, Final residual = 1.5008655e-08, No Iterations 1
smoothSolver:  Solving for omega, Initial residual = 0.0028622348, Final residual = 0.00021955441, No Iterations 2
smoothSolver:  Solving for k, Initial residual = 0.0033182832, Final residual = 0.00029524034, No Iterations 2
smoothSolver:  Solving for Ux, Initial residual = 1.6838402e-05, Final residual = 8.5997754e-07, No Iterations 2
smoothSolver:  Solving for Uy, Initial residual = 2.4087568e-05, Final residual = 1.0338351e-06, No Iterations 2
smoothSolver:  Solving for Uz, Initial residual = 2.0238154e-05, Final residual = 7.3186633e-07, No Iterations 2
GAMG:  Solving for p, Initial residual = 1.2312424e-06, Final residual = 1.9890877e-08, No Iterations 2
GAMG:  Solving for p, Initial residual = 7.663661e-08, Final residual = 7.663661e-08, No Iterations 0
smoothSolver:  Solving for omega, Initial residual = 0.0029325897, Final residual = 0.00022020527, No Iterations 2
smoothSolver:  Solving for k, Initial residual = 0.0031843686, Final residual = 0.00013303356, No Iterations 3
smoothSolver:  Solving for Ux, Initial residual = 1.7870578e-05, Final residual = 9.3854525e-07, No Iterations 2
smoothSolver:  Solving for Uy, Initial residual = 2.5115705e-05, Final residual = 1.1213528e-06, No Iterations 2
smoothSolver:  Solving for Uz, Initial residual = 2.0807023e-05, Final residual = 8.1565187e-07, No Iterations 2
GAMG:  Solving for p, Initial residual = 1.1331091e-06, Final residual = 9.260514e-08, No Iterations 1
GAMG:  Solving for p, Initial residual = 1.3439317e-07, Final residual = 1.9107972e-08, No Iterations 1
smoothSolver:  Solving for omega, Initial residual = 0.0029271933, Final residual = 0.00022222565, No Iterations 2
smoothSolver:  Solving for k, Initial residual = 0.0030974674, Final residual = 0.00025990825, No Iterations 2
smoothSolver:  Solving for Ux, Initial residual = 1.7485895e-05, Final residual = 5.7958769e-07, No Iterations 2
smoothSolver:  Solving for Uy, Initial residual = 2.5094004e-05, Final residual = 8.0020261e-07, No Iterations 2
smoothSolver:  Solving for Uz, Initial residual = 2.0428877e-05, Final residual = 7.1232413e-07, No Iterations 2
GAMG:  Solving for p, Initial residual = 1.0190863e-06, Final residual = 8.1942883e-08, No Iterations 1
GAMG:  Solving for p, Initial residual = 1.1797762e-07, Final residual = 1.4812322e-08, No Iterations 1
smoothSolver:  Solving for omega, Initial residual = 0.0028592149, Final residual = 0.00021865624, No Iterations 2
smoothSolver:  Solving for k, Initial residual = 0.0029117605, Final residual = 0.00028989665, No Iterations 2
smoothSolver:  Solving for Ux, Initial residual = 1.6824588e-05, Final residual = 6.2666746e-07, No Iterations 2
smoothSolver:  Solving for Uy, Initial residual = 2.4209155e-05, Final residual = 1.0731542e-06, No Iterations 2
smoothSolver:  Solving for Uz, Initial residual = 2.0637947e-05, Final residual = 7.6794712e-07, No Iterations 2
GAMG:  Solving for p, Initial residual = 1.2333213e-06, Final residual = 9.4260867e-08, No Iterations 1
GAMG:  Solving for p, Initial residual = 1.313624e-07, Final residual = 1.8621529e-08, No Iterations 1
smoothSolver:  Solving for omega, Initial residual = 0.0028343995, Final residual = 0.00021153308, No Iterations 2
smoothSolver:  Solving for k, Initial residual = 0.0028360864, Final residual = 0.00023222023, No Iterations 2
smoothSolver:  Solving for Ux, Initial residual = 1.8023722e-05, Final residual = 4.4675589e-07, No Iterations 2
smoothSolver:  Solving for Uy, Initial residual = 2.5465679e-05, Final residual = 7.5506498e-07, No Iterations 2
smoothSolver:  Solving for Uz, Initial residual = 2.0635807e-05, Final residual = 7.6959283e-07, No Iterations 2
GAMG:  Solving for p, Initial residual = 1.2900072e-06, Final residual = 9.7520729e-08, No Iterations 1
GAMG:  Solving for p, Initial residual = 1.4323778e-07, Final residual = 1.7287619e-08, No Iterations 1
smoothSolver:  Solving for omega, Initial residual = 0.0029078124, Final residual = 0.00022256306, No Iterations 2
smoothSolver:  Solving for k, Initial residual = 0.0028323787, Final residual = 0.00027771644, No Iterations 2
smoothSolver:  Solving for Ux, Initial residual = 1.7613425e-05, Final residual = 4.6332752e-07, No Iterations 2
smoothSolver:  Solving for Uy, Initial residual = 2.4350679e-05, Final residual = 1.0090683e-06, No Iterations 2
smoothSolver:  Solving for Uz, Initial residual = 1.9968002e-05, Final residual = 7.0738128e-07, No Iterations 2
GAMG:  Solving for p, Initial residual = 1.6661282e-06, Final residual = 2.4861655e-08, No Iterations 2
GAMG:  Solving for p, Initial residual = 7.5775226e-08, Final residual = 7.5775226e-08, No Iterations 0
smoothSolver:  Solving for omega, Initial residual = 0.0028926099, Final residual = 0.00022275277, No Iterations 2
smoothSolver:  Solving for k, Initial residual = 0.0028725483, Final residual = 0.00019561324, No Iterations 2
smoothSolver:  Solving for Ux, Initial residual = 1.6847316e-05, Final residual = 5.4009402e-07, No Iterations 2
smoothSolver:  Solving for Uy, Initial residual = 2.4933739e-05, Final residual = 1.0375551e-06, No Iterations 2
smoothSolver:  Solving for Uz, Initial residual = 2.023989e-05, Final residual = 8.3353883e-07, No Iterations 2
GAMG:  Solving for p, Initial residual = 1.4834496e-06, Final residual = 2.2785599e-08, No Iterations 2
GAMG:  Solving for p, Initial residual = 8.16003e-08, Final residual = 8.16003e-08, No Iterations 0
smoothSolver:  Solving for omega, Initial residual = 0.0028278172, Final residual = 0.00021575551, No Iterations 2
smoothSolver:  Solving for k, Initial residual = 0.0028410322, Final residual = 0.00028193582, No Iterations 2
smoothSolver:  Solving for Ux, Initial residual = 1.6021028e-05, Final residual = 4.8145707e-07, No Iterations 2
smoothSolver:  Solving for Uy, Initial residual = 2.340753e-05, Final residual = 8.7162085e-07, No Iterations 2
smoothSolver:  Solving for Uz, Initial residual = 1.9758879e-05, Final residual = 6.9122347e-07, No Iterations 2
GAMG:  Solving for p, Initial residual = 1.6595936e-06, Final residual = 2.1276333e-08, No Iterations 2
GAMG:  Solving for p, Initial residual = 7.1673533e-08, Final residual = 7.1673533e-08, No Iterations 0
smoothSolver:  Solving for omega, Initial residual = 0.0027880446, Final residual = 0.00022511074, No Iterations 2
smoothSolver:  Solving for k, Initial residual = 0.0029784866, Final residual = 0.00022190771, No Iterations 2
smoothSolver:  Solving for Ux, Initial residual = 1.7181479e-05, Final residual = 5.0609473e-07, No Iterations 2
smoothSolver:  Solving for Uy, Initial residual = 2.421961e-05, Final residual = 9.7496861e-07, No Iterations 2
smoothSolver:  Solving for Uz, Initial residual = 1.9997525e-05, Final residual = 8.2331969e-07, No Iterations 2
GAMG:  Solving for p, Initial residual = 1.4588512e-06, Final residual = 2.0153336e-08, No Iterations 2
GAMG:  Solving for p, Initial residual = 8.1361898e-08, Final residual = 8.1361898e-08, No Iterations 0
smoothSolver:  Solving for omega, Initial residual = 0.0028321235, Final residual = 0.00021947046, No Iterations 2
smoothSolver:  Solving for k, Initial residual = 0.0030344621, Final residual = 0.00026279098, No Iterations 2
smoothSolver:  Solving for Ux, Initial residual = 1.747734e-05, Final residual = 5.6436588e-07, No Iterations 2
smoothSolver:  Solving for Uy, Initial residual = 2.4200742e-05, Final residual = 8.1890053e-07, No Iterations 2
smoothSolver:  Solving for Uz, Initial residual = 1.9402021e-05, Final residual = 7.3092145e-07, No Iterations 2
GAMG:  Solving for p, Initial residual = 1.7173322e-06, Final residual = 2.0439389e-08, No Iterations 2
GAMG:  Solving for p, Initial residual = 7.5241081e-08, Final residual = 7.5241081e-08, No Iterations 0
smoothSolver:  Solving for omega, Initial residual = 0.0028721028, Final residual = 0.00023054902, No Iterations 2
smoothSolver:  Solving for k, Initial residual = 0.0029391993, Final residual = 0.00026842284, No Iterations 2
smoothSolver:  Solving for Ux, Initial residual = 1.6234132e-05, Final residual = 4.9942093e-07, No Iterations 2
smoothSolver:  Solving for Uy, Initial residual = 2.3671209e-05, Final residual = 8.9963077e-07, No Iterations 2
smoothSolver:  Solving for Uz, Initial residual = 1.9953747e-05, Final residual = 7.170286e-07, No Iterations 2
GAMG:  Solving for p, Initial residual = 1.3502483e-06, Final residual = 9.4625307e-08, No Iterations 1
GAMG:  Solving for p, Initial residual = 1.3366406e-07, Final residual = 2.1297121e-08, No Iterations 1
smoothSolver:  Solving for omega, Initial residual = 0.0029007159, Final residual = 0.00021930152, No Iterations 2
smoothSolver:  Solving for k, Initial residual = 0.0027116359, Final residual = 0.00024897921, No Iterations 2
smoothSolver:  Solving for Ux, Initial residual = 1.5645629e-05, Final residual = 3.4315321e-07, No Iterations 2
smoothSolver:  Solving for Uy, Initial residual = 2.2525622e-05, Final residual = 8.7730416e-07, No Iterations 2
smoothSolver:  Solving for Uz, Initial residual = 2.0078523e-05, Final residual = 6.960054e-07, No Iterations 2
GAMG:  Solving for p, Initial residual = 1.4053222e-06, Final residual = 8.7875586e-08, No Iterations 1
GAMG:  Solving for p, Initial residual = 1.2159746e-07, Final residual = 1.5347945e-08, No Iterations 1
smoothSolver:  Solving for omega, Initial residual = 0.0028401859, Final residual = 0.00022190774, No Iterations 2
smoothSolver:  Solving for k, Initial residual = 0.0027020973, Final residual = 0.0002274083, No Iterations 2
smoothSolver:  Solving for Ux, Initial residual = 1.5689715e-05, Final residual = 5.0931185e-07, No Iterations 2
smoothSolver:  Solving for Uy, Initial residual = 2.2081744e-05, Final residual = 8.4072984e-07, No Iterations 2
smoothSolver:  Solving for Uz, Initial residual = 2.002959e-05, Final residual = 7.7808264e-07, No Iterations 2
GAMG:  Solving for p, Initial residual = 1.2737307e-06, Final residual = 9.1711117e-08, No Iterations 1
GAMG:  Solving for p, Initial residual = 1.3153015e-07, Final residual = 1.9261736e-08, No Iterations 1
smoothSolver:  Solving for omega, Initial residual = 0.0029135831, Final residual = 0.00021921371, No Iterations 2
smoothSolver:  Solving for k, Initial residual = 0.0025559317, Final residual = 0.00023978552, No Iterations 2
smoothSolver:  Solving for Ux, Initial residual = 1.6001892e-05, Final residual = 4.5343994e-07, No Iterations 2
smoothSolver:  Solving for Uy, Initial residual = 2.2171731e-05, Final residual = 8.7698537e-07, No Iterations 2
smoothSolver:  Solving for Uz, Initial residual = 2.0012918e-05, Final residual = 7.0389951e-07, No Iterations 2
GAMG:  Solving for p, Initial residual = 1.315801e-06, Final residual = 8.9275602e-08, No Iterations 1
GAMG:  Solving for p, Initial residual = 1.2169851e-07, Final residual = 1.6342538e-08, No Iterations 1
smoothSolver:  Solving for omega, Initial residual = 0.0028819697, Final residual = 0.00023032348, No Iterations 2
smoothSolver:  Solving for k, Initial residual = 0.0026869198, Final residual = 0.00021684746, No Iterations 2
smoothSolver:  Solving for Ux, Initial residual = 1.5373919e-05, Final residual = 5.0271981e-07, No Iterations 2
smoothSolver:  Solving for Uy, Initial residual = 2.1393119e-05, Final residual = 8.0846404e-07, No Iterations 2
smoothSolver:  Solving for Uz, Initial residual = 1.9741565e-05, Final residual = 7.5626512e-07, No Iterations 2
GAMG:  Solving for p, Initial residual = 1.2166734e-06, Final residual = 8.3716761e-08, No Iterations 1
GAMG:  Solving for p, Initial residual = 1.2121885e-07, Final residual = 1.6838309e-08, No Iterations 1
smoothSolver:  Solving for omega, Initial residual = 0.002812408, Final residual = 0.000217744, No Iterations 2
smoothSolver:  Solving for k, Initial residual = 0.0025970985, Final residual = 0.00025157347, No Iterations 2
smoothSolver:  Solving for Ux, Initial residual = 1.5411599e-05, Final residual = 5.1682494e-07, No Iterations 2
smoothSolver:  Solving for Uy, Initial residual = 2.0359076e-05, Final residual = 7.9639602e-07, No Iterations 2
smoothSolver:  Solving for Uz, Initial residual = 1.9762183e-05, Final residual = 7.2247937e-07, No Iterations 2
GAMG:  Solving for p, Initial residual = 1.2601491e-06, Final residual = 8.7876564e-08, No Iterations 1
GAMG:  Solving for p, Initial residual = 1.1960356e-07, Final residual = 1.5819022e-08, No Iterations 1
smoothSolver:  Solving for omega, Initial residual = 0.0028121867, Final residual = 0.0002165548, No Iterations 2
smoothSolver:  Solving for k, Initial residual = 0.0026543105, Final residual = 0.00020807738, No Iterations 2
smoothSolver:  Solving for Ux, Initial residual = 1.5797446e-05, Final residual = 5.5444937e-07, No Iterations 2
smoothSolver:  Solving for Uy, Initial residual = 2.0530159e-05, Final residual = 7.5210618e-07, No Iterations 2
smoothSolver:  Solving for Uz, Initial residual = 1.9701955e-05, Final residual = 7.7853865e-07, No Iterations 2
GAMG:  Solving for p, Initial residual = 1.2144452e-06, Final residual = 8.3895656e-08, No Iterations 1
GAMG:  Solving for p, Initial residual = 1.2058644e-07, Final residual = 1.6461526e-08, No Iterations 1
smoothSolver:  Solving for omega, Initial residual = 0.0028817956, Final residual = 0.00022100488, No Iterations 2
smoothSolver:  Solving for k, Initial residual = 0.0026154267, Final residual = 0.00025986245, No Iterations 2
smoothSolver:  Solving for Ux, Initial residual = 1.6610612e-05, Final residual = 6.0213431e-07, No Iterations 2
smoothSolver:  Solving for Uy, Initial residual = 2.0881839e-05, Final residual = 8.1399548e-07, No Iterations 2
smoothSolver:  Solving for Uz, Initial residual = 1.9635843e-05, Final residual = 7.4390939e-07, No Iterations 2
GAMG:  Solving for p, Initial residual = 1.3274527e-06, Final residual = 9.3788349e-08, No Iterations 1
GAMG:  Solving for p, Initial residual = 1.2416223e-07, Final residual = 1.7767136e-08, No Iterations 1
smoothSolver:  Solving for omega, Initial residual = 0.0028935163, Final residual = 0.00023452732, No Iterations 2
smoothSolver:  Solving for k, Initial residual = 0.0027264068, Final residual = 0.00020271847, No Iterations 2
smoothSolver:  Solving for Ux, Initial residual = 1.5500004e-05, Final residual = 5.4928489e-07, No Iterations 2
smoothSolver:  Solving for Uy, Initial residual = 2.0309024e-05, Final residual = 7.8650111e-07, No Iterations 2
smoothSolver:  Solving for Uz, Initial residual = 1.949065e-05, Final residual = 7.6355347e-07, No Iterations 2
GAMG:  Solving for p, Initial residual = 1.1405131e-06, Final residual = 8.25804e-08, No Iterations 1
GAMG:  Solving for p, Initial residual = 1.15943e-07, Final residual = 1.6331625e-08, No Iterations 1
smoothSolver:  Solving for omega, Initial residual = 0.0029217615, Final residual = 0.00021924657, No Iterations 2
smoothSolver:  Solving for k, Initial residual = 0.0027632837, Final residual = 0.00024713989, No Iterations 2
smoothSolver:  Solving for Ux, Initial residual = 1.56591e-05, Final residual = 6.1131918e-07, No Iterations 2
smoothSolver:  Solving for Uy, Initial residual = 1.9506884e-05, Final residual = 7.6444628e-07, No Iterations 2
smoothSolver:  Solving for Uz, Initial residual = 1.9247594e-05, Final residual = 7.5888779e-07, No Iterations 2
GAMG:  Solving for p, Initial residual = 1.2605669e-06, Final residual = 8.2425564e-08, No Iterations 1
GAMG:  Solving for p, Initial residual = 1.1255392e-07, Final residual = 1.4156189e-08, No Iterations 1
smoothSolver:  Solving for omega, Initial residual = 0.0028450232, Final residual = 0.0002203185, No Iterations 2
smoothSolver:  Solving for k, Initial residual = 0.0026244169, Final residual = 0.00023808769, No Iterations 2
smoothSolver:  Solving for Ux, Initial residual = 1.6106456e-05, Final residual = 7.0335402e-07, No Iterations 2
smoothSolver:  Solving for Uy, Initial residual = 1.9673548e-05, Final residual = 7.0553849e-07, No Iterations 2
smoothSolver:  Solving for Uz, Initial residual = 1.9408482e-05, Final residual = 7.401846e-07, No Iterations 2
GAMG:  Solving for p, Initial residual = 1.1526455e-06, Final residual = 9.0121696e-08, No Iterations 1
GAMG:  Solving for p, Initial residual = 1.2369608e-07, Final residual = 1.81141e-08, No Iterations 1
smoothSolver:  Solving for omega, Initial residual = 0.0028601638, Final residual = 0.0002210645, No Iterations 2
smoothSolver:  Solving for k, Initial residual = 0.0024727301, Final residual = 9.2665115e-05, No Iterations 3
smoothSolver:  Solving for Ux, Initial residual = 1.7014354e-05, Final residual = 6.9287637e-07, No Iterations 2
smoothSolver:  Solving for Uy, Initial residual = 2.0013493e-05, Final residual = 8.8048484e-07, No Iterations 2
smoothSolver:  Solving for Uz, Initial residual = 1.9861293e-05, Final residual = 7.697114e-07, No Iterations 2
GAMG:  Solving for p, Initial residual = 1.2312954e-06, Final residual = 8.6043923e-08, No Iterations 1
GAMG:  Solving for p, Initial residual = 1.1416729e-07, Final residual = 1.5953008e-08, No Iterations 1
smoothSolver:  Solving for omega, Initial residual = 0.0028950488, Final residual = 0.00023796008, No Iterations 2
smoothSolver:  Solving for k, Initial residual = 0.0027915386, Final residual = 0.00022774139, No Iterations 2
smoothSolver:  Solving for Ux, Initial residual = 1.6129942e-05, Final residual = 7.3484398e-07, No Iterations 2
smoothSolver:  Solving for Uy, Initial residual = 2.0234812e-05, Final residual = 7.7615603e-07, No Iterations 2
smoothSolver:  Solving for Uz, Initial residual = 1.9250168e-05, Final residual = 7.3635426e-07, No Iterations 2
GAMG:  Solving for p, Initial residual = 1.1240695e-06, Final residual = 8.8244957e-08, No Iterations 1
GAMG:  Solving for p, Initial residual = 1.2038426e-07, Final residual = 1.7847487e-08, No Iterations 1
smoothSolver:  Solving for omega, Initial residual = 0.0029342801, Final residual = 0.00022765323, No Iterations 2
smoothSolver:  Solving for k, Initial residual = 0.002815119, Final residual = 0.00011191614, No Iterations 3
smoothSolver:  Solving for Ux, Initial residual = 1.7076731e-05, Final residual = 8.9341304e-07, No Iterations 2
smoothSolver:  Solving for Uy, Initial residual = 2.0125788e-05, Final residual = 8.1235434e-07, No Iterations 2
smoothSolver:  Solving for Uz, Initial residual = 1.9418125e-05, Final residual = 7.8167445e-07, No Iterations 2
GAMG:  Solving for p, Initial residual = 1.2491165e-06, Final residual = 8.796412e-08, No Iterations 1
GAMG:  Solving for p, Initial residual = 1.1709996e-07, Final residual = 1.557531e-08, No Iterations 1
smoothSolver:  Solving for omega, Initial residual = 0.0028831408, Final residual = 0.00020912671, No Iterations 2
smoothSolver:  Solving for k, Initial residual = 0.0029808877, Final residual = 0.00026880326, No Iterations 2
smoothSolver:  Solving for Ux, Initial residual = 1.5775998e-05, Final residual = 6.8608296e-07, No Iterations 2
smoothSolver:  Solving for Uy, Initial residual = 1.9171802e-05, Final residual = 8.8734125e-07, No Iterations 2
smoothSolver:  Solving for Uz, Initial residual = 1.9899297e-05, Final residual = 8.316321e-07, No Iterations 2
GAMG:  Solving for p, Initial residual = 1.1245629e-06, Final residual = 9.1397941e-08, No Iterations 1
GAMG:  Solving for p, Initial residual = 1.1891415e-07, Final residual = 1.9897705e-08, No Iterations 1
smoothSolver:  Solving for omega, Initial residual = 0.0028648811, Final residual = 0.00021384093, No Iterations 2
smoothSolver:  Solving for k, Initial residual = 0.0031209621, Final residual = 0.00030989603, No Iterations 2
smoothSolver:  Solving for Ux, Initial residual = 1.6930269e-05, Final residual = 1.0501478e-06, No Iterations 2
smoothSolver:  Solving for Uy, Initial residual = 1.8806229e-05, Final residual = 7.07208e-07, No Iterations 2
smoothSolver:  Solving for Uz, Initial residual = 1.9415292e-05, Final residual = 8.3952994e-07, No Iterations 2
GAMG:  Solving for p, Initial residual = 1.0617318e-06, Final residual = 8.3999508e-08, No Iterations 1
GAMG:  Solving for p, Initial residual = 1.1460561e-07, Final residual = 1.4755091e-08, No Iterations 1
smoothSolver:  Solving for omega, Initial residual = 0.0027955703, Final residual = 0.00022278569, No Iterations 2
smoothSolver:  Solving for k, Initial residual = 0.0031822101, Final residual = 0.00014494276, No Iterations 3
smoothSolver:  Solving for Ux, Initial residual = 1.6882957e-05, Final residual = 9.5433855e-07, No Iterations 2
smoothSolver:  Solving for Uy, Initial residual = 1.8064365e-05, Final residual = 9.3644414e-07, No Iterations 2
smoothSolver:  Solving for Uz, Initial residual = 1.9331146e-05, Final residual = 8.4507405e-07, No Iterations 2
GAMG:  Solving for p, Initial residual = 1.1618219e-06, Final residual = 8.9897256e-08, No Iterations 1
GAMG:  Solving for p, Initial residual = 1.1688585e-07, Final residual = 1.9418617e-08, No Iterations 1
smoothSolver:  Solving for omega, Initial residual = 0.0027175488, Final residual = 0.00021654533, No Iterations 2
smoothSolver:  Solving for k, Initial residual = 0.0034843128, Final residual = 0.00026372542, No Iterations 2
smoothSolver:  Solving for Ux, Initial residual = 1.7440586e-05, Final residual = 1.3269284e-06, No Iterations 2
smoothSolver:  Solving for Uy, Initial residual = 1.7867318e-05, Final residual = 6.374059e-07, No Iterations 2
smoothSolver:  Solving for Uz, Initial residual = 1.9431324e-05, Final residual = 9.115533e-07, No Iterations 2
GAMG:  Solving for p, Initial residual = 1.1705163e-06, Final residual = 9.8173319e-08, No Iterations 1
GAMG:  Solving for p, Initial residual = 1.2875605e-07, Final residual = 1.7646798e-08, No Iterations 1
smoothSolver:  Solving for omega, Initial residual = 0.0027320036, Final residual = 0.0001981115, No Iterations 2
smoothSolver:  Solving for k, Initial residual = 0.0033909252, Final residual = 0.00014472336, No Iterations 3
smoothSolver:  Solving for Ux, Initial residual = 1.7505656e-05, Final residual = 1.1341095e-06, No Iterations 2
smoothSolver:  Solving for Uy, Initial residual = 1.6859001e-05, Final residual = 7.2905239e-07, No Iterations 2
smoothSolver:  Solving for Uz, Initial residual = 1.9643437e-05, Final residual = 7.7705618e-07, No Iterations 2
GAMG:  Solving for p, Initial residual = 1.2416828e-06, Final residual = 9.3471762e-08, No Iterations 1
GAMG:  Solving for p, Initial residual = 1.2341288e-07, Final residual = 1.9366148e-08, No Iterations 1
smoothSolver:  Solving for omega, Initial residual = 0.0027765903, Final residual = 0.00020199389, No Iterations 2
smoothSolver:  Solving for k, Initial residual = 0.0030543775, Final residual = 0.00029849958, No Iterations 2
smoothSolver:  Solving for Ux, Initial residual = 1.6820136e-05, Final residual = 1.0505005e-06, No Iterations 2
smoothSolver:  Solving for Uy, Initial residual = 1.6751191e-05, Final residual = 6.3592378e-07, No Iterations 2
smoothSolver:  Solving for Uz, Initial residual = 2.0020594e-05, Final residual = 8.596948e-07, No Iterations 2
GAMG:  Solving for p, Initial residual = 1.29994e-06, Final residual = 1.7223712e-08, No Iterations 2
GAMG:  Solving for p, Initial residual = 6.4391448e-08, Final residual = 6.4391448e-08, No Iterations 0
smoothSolver:  Solving for omega, Initial residual = 0.0028196844, Final residual = 0.0002087599, No Iterations 2
smoothSolver:  Solving for k, Initial residual = 0.0032010194, Final residual = 0.00029227282, No Iterations 2
smoothSolver:  Solving for Ux, Initial residual = 1.7406881e-05, Final residual = 1.3352696e-06, No Iterations 2
smoothSolver:  Solving for Uy, Initial residual = 1.7616076e-05, Final residual = 5.1317128e-07, No Iterations 2
smoothSolver:  Solving for Uz, Initial residual = 1.9345087e-05, Final residual = 7.7170138e-07, No Iterations 2
GAMG:  Solving for p, Initial residual = 1.26424e-06, Final residual = 7.9784179e-08, No Iterations 1
GAMG:  Solving for p, Initial residual = 1.1198166e-07, Final residual = 1.5775242e-08, No Iterations 1
smoothSolver:  Solving for omega, Initial residual = 0.0027749843, Final residual = 0.00019759015, No Iterations 2
smoothSolver:  Solving for k, Initial residual = 0.0030383995, Final residual = 0.00013885979, No Iterations 3
smoothSolver:  Solving for Ux, Initial residual = 1.5263393e-05, Final residual = 8.6177145e-07, No Iterations 2
smoothSolver:  Solving for Uy, Initial residual = 1.8169893e-05, Final residual = 4.8434744e-07, No Iterations 2
smoothSolver:  Solving for Uz, Initial residual = 1.9667368e-05, Final residual = 8.0602865e-07, No Iterations 2
GAMG:  Solving for p, Initial residual = 1.2522948e-06, Final residual = 9.0039352e-08, No Iterations 1
GAMG:  Solving for p, Initial residual = 1.2027349e-07, Final residual = 1.8089311e-08, No Iterations 1
smoothSolver:  Solving for omega, Initial residual = 0.0027656393, Final residual = 0.00018698633, No Iterations 2
smoothSolver:  Solving for k, Initial residual = 0.0034831718, Final residual = 0.00033826135, No Iterations 2
smoothSolver:  Solving for Ux, Initial residual = 1.5606609e-05, Final residual = 9.4814142e-07, No Iterations 2
smoothSolver:  Solving for Uy, Initial residual = 1.8632305e-05, Final residual = 5.6221263e-07, No Iterations 2
smoothSolver:  Solving for Uz, Initial residual = 1.9824301e-05, Final residual = 7.6169931e-07, No Iterations 2
GAMG:  Solving for p, Initial residual = 1.1699663e-06, Final residual = 7.2320371e-08, No Iterations 1
GAMG:  Solving for p, Initial residual = 1.0589228e-07, Final residual = 1.5475168e-08, No Iterations 1
smoothSolver:  Solving for omega, Initial residual = 0.0028144836, Final residual = 0.0001956579, No Iterations 2
smoothSolver:  Solving for k, Initial residual = 0.0034485575, Final residual = 0.00033422045, No Iterations 2
smoothSolver:  Solving for Ux, Initial residual = 1.5335397e-05, Final residual = 1.0384241e-06, No Iterations 2
smoothSolver:  Solving for Uy, Initial residual = 1.8918656e-05, Final residual = 6.2440033e-07, No Iterations 2
smoothSolver:  Solving for Uz, Initial residual = 1.9411204e-05, Final residual = 8.1318092e-07, No Iterations 2
GAMG:  Solving for p, Initial residual = 1.3529374e-06, Final residual = 8.5557212e-08, No Iterations 1
GAMG:  Solving for p, Initial residual = 1.1633086e-07, Final residual = 1.5466027e-08, No Iterations 1
smoothSolver:  Solving for omega, Initial residual = 0.0028786556, Final residual = 0.00021634385, No Iterations 2
smoothSolver:  Solving for k, Initial residual = 0.0030935982, Final residual = 0.00013007201, No Iterations 3
smoothSolver:  Solving for Ux, Initial residual = 1.5453457e-05, Final residual = 8.997588e-07, No Iterations 2
smoothSolver:  Solving for Uy, Initial residual = 1.9552496e-05, Final residual = 6.8498896e-07, No Iterations 2
smoothSolver:  Solving for Uz, Initial residual = 1.9313007e-05, Final residual = 7.3559562e-07, No Iterations 2
GAMG:  Solving for p, Initial residual = 1.2251963e-06, Final residual = 7.2131074e-08, No Iterations 1
GAMG:  Solving for p, Initial residual = 1.0519116e-07, Final residual = 1.3985022e-08, No Iterations 1
smoothSolver:  Solving for omega, Initial residual = 0.0028745684, Final residual = 0.00019600507, No Iterations 2
smoothSolver:  Solving for k, Initial residual = 0.0028803038, Final residual = 0.00027131146, No Iterations 2
smoothSolver:  Solving for Ux, Initial residual = 1.3300427e-05, Final residual = 6.0371883e-07, No Iterations 2
smoothSolver:  Solving for Uy, Initial residual = 1.9375994e-05, Final residual = 5.8714169e-07, No Iterations 2
smoothSolver:  Solving for Uz, Initial residual = 1.9777627e-05, Final residual = 7.011445e-07, No Iterations 2
GAMG:  Solving for p, Initial residual = 1.2730771e-06, Final residual = 7.7352414e-08, No Iterations 1
GAMG:  Solving for p, Initial residual = 1.1770807e-07, Final residual = 1.51101e-08, No Iterations 1
smoothSolver:  Solving for omega, Initial residual = 0.0028953948, Final residual = 0.00020537261, No Iterations 2
smoothSolver:  Solving for k, Initial residual = 0.0030049677, Final residual = 0.00029929148, No Iterations 2
smoothSolver:  Solving for Ux, Initial residual = 1.3855449e-05, Final residual = 7.3970775e-07, No Iterations 2
smoothSolver:  Solving for Uy, Initial residual = 2.0791852e-05, Final residual = 8.7715894e-07, No Iterations 2
smoothSolver:  Solving for Uz, Initial residual = 1.9617366e-05, Final residual = 6.2625353e-07, No Iterations 2
GAMG:  Solving for p, Initial residual = 1.1236701e-06, Final residual = 6.8757857e-08, No Iterations 1
GAMG:  Solving for p, Initial residual = 1.0508515e-07, Final residual = 1.216713e-08, No Iterations 1
smoothSolver:  Solving for omega, Initial residual = 0.0029320248, Final residual = 0.00022514994, No Iterations 2
smoothSolver:  Solving for k, Initial residual = 0.0027300301, Final residual = 0.0002727092, No Iterations 2
smoothSolver:  Solving for Ux, Initial residual = 1.6141245e-05, Final residual = 5.6922681e-07, No Iterations 2
smoothSolver:  Solving for Uy, Initial residual = 2.0917913e-05, Final residual = 6.9696033e-07, No Iterations 2
smoothSolver:  Solving for Uz, Initial residual = 1.9808466e-05, Final residual = 6.331902e-07, No Iterations 2
GAMG:  Solving for p, Initial residual = 1.1939968e-06, Final residual = 8.0843352e-08, No Iterations 1
GAMG:  Solving for p, Initial residual = 1.1773416e-07, Final residual = 1.6127059e-08, No Iterations 1
smoothSolver:  Solving for omega, Initial residual = 0.002999333, Final residual = 0.00022290214, No Iterations 2
smoothSolver:  Solving for k, Initial residual = 0.0028977005, Final residual = 0.00026409032, No Iterations 2
smoothSolver:  Solving for Ux, Initial residual = 1.5292642e-05, Final residual = 4.8606437e-07, No Iterations 2
smoothSolver:  Solving for Uy, Initial residual = 2.0175926e-05, Final residual = 7.7805018e-07, No Iterations 2
smoothSolver:  Solving for Uz, Initial residual = 1.9761474e-05, Final residual = 6.9790555e-07, No Iterations 2
GAMG:  Solving for p, Initial residual = 1.1920001e-06, Final residual = 7.6302081e-08, No Iterations 1
GAMG:  Solving for p, Initial residual = 1.1119453e-07, Final residual = 1.4365631e-08, No Iterations 1
smoothSolver:  Solving for omega, Initial residual = 0.0029011126, Final residual = 0.00022735235, No Iterations 2
smoothSolver:  Solving for k, Initial residual = 0.0029563546, Final residual = 0.0002182351, No Iterations 2
smoothSolver:  Solving for Ux, Initial residual = 1.5608617e-05, Final residual = 5.6311719e-07, No Iterations 2
smoothSolver:  Solving for Uy, Initial residual = 2.1489169e-05, Final residual = 8.2295511e-07, No Iterations 2
smoothSolver:  Solving for Uz, Initial residual = 1.9702237e-05, Final residual = 6.9263607e-07, No Iterations 2
GAMG:  Solving for p, Initial residual = 1.1195688e-06, Final residual = 8.6907527e-08, No Iterations 1
GAMG:  Solving for p, Initial residual = 1.2654548e-07, Final residual = 1.794542e-08, No Iterations 1
smoothSolver:  Solving for omega, Initial residual = 0.0029557881, Final residual = 0.00022186796, No Iterations 2
smoothSolver:  Solving for k, Initial residual = 0.0028977739, Final residual = 0.00028401295, No Iterations 2
smoothSolver:  Solving for Ux, Initial residual = 1.5683619e-05, Final residual = 5.436901e-07, No Iterations 2
smoothSolver:  Solving for Uy, Initial residual = 2.1625803e-05, Final residual = 9.7861701e-07, No Iterations 2
smoothSolver:  Solving for Uz, Initial residual = 1.9479009e-05, Final residual = 6.5370494e-07, No Iterations 2
GAMG:  Solving for p, Initial residual = 1.2122703e-06, Final residual = 8.1015193e-08, No Iterations 1
GAMG:  Solving for p, Initial residual = 1.2050953e-07, Final residual = 1.5731946e-08, No Iterations 1
smoothSolver:  Solving for omega, Initial residual = 0.0029812272, Final residual = 0.00023762087, No Iterations 2
smoothSolver:  Solving for k, Initial residual = 0.0025551684, Final residual = 0.00025200293, No Iterations 2
smoothSolver:  Solving for Ux, Initial residual = 1.6472062e-05, Final residual = 6.5957812e-07, No Iterations 2
smoothSolver:  Solving for Uy, Initial residual = 2.2154808e-05, Final residual = 8.8633401e-07, No Iterations 2
smoothSolver:  Solving for Uz, Initial residual = 1.9754979e-05, Final residual = 6.5706846e-07, No Iterations 2
GAMG:  Solving for p, Initial residual = 1.1450777e-06, Final residual = 8.5407149e-08, No Iterations 1
GAMG:  Solving for p, Initial residual = 1.2699784e-07, Final residual = 1.7724024e-08, No Iterations 1
smoothSolver:  Solving for omega, Initial residual = 0.0030352359, Final residual = 0.00024044253, No Iterations 2
smoothSolver:  Solving for k, Initial residual = 0.0027026896, Final residual = 0.00023640885, No Iterations 2
smoothSolver:  Solving for Ux, Initial residual = 1.6243941e-05, Final residual = 6.2628921e-07, No Iterations 2
smoothSolver:  Solving for Uy, Initial residual = 2.1304641e-05, Final residual = 9.6181137e-07, No Iterations 2
smoothSolver:  Solving for Uz, Initial residual = 1.9073192e-05, Final residual = 6.4764214e-07, No Iterations 2
GAMG:  Solving for p, Initial residual = 1.2865426e-06, Final residual = 7.4065125e-08, No Iterations 1
GAMG:  Solving for p, Initial residual = 1.1227147e-07, Final residual = 1.290001e-08, No Iterations 1
smoothSolver:  Solving for omega, Initial residual = 0.002894036, Final residual = 0.00023436125, No Iterations 2
smoothSolver:  Solving for k, Initial residual = 0.002714236, Final residual = 0.00024318281, No Iterations 2
smoothSolver:  Solving for Ux, Initial residual = 1.5733542e-05, Final residual = 6.0933264e-07, No Iterations 2
smoothSolver:  Solving for Uy, Initial residual = 2.2008518e-05, Final residual = 9.5709933e-07, No Iterations 2
smoothSolver:  Solving for Uz, Initial residual = 1.9138199e-05, Final residual = 6.3395965e-07, No Iterations 2
GAMG:  Solving for p, Initial residual = 1.2128133e-06, Final residual = 8.6632893e-08, No Iterations 1
GAMG:  Solving for p, Initial residual = 1.2913358e-07, Final residual = 1.7477215e-08, No Iterations 1
smoothSolver:  Solving for omega, Initial residual = 0.0029257078, Final residual = 0.00024577728, No Iterations 2
smoothSolver:  Solving for k, Initial residual = 0.0028795662, Final residual = 0.0002432764, No Iterations 2
smoothSolver:  Solving for Ux, Initial residual = 1.6662259e-05, Final residual = 7.4631725e-07, No Iterations 2
smoothSolver:  Solving for Uy, Initial residual = 2.1889455e-05, Final residual = 1.0473068e-06, No Iterations 2
smoothSolver:  Solving for Uz, Initial residual = 1.8734319e-05, Final residual = 6.7061623e-07, No Iterations 2
GAMG:  Solving for p, Initial residual = 1.283367e-06, Final residual = 7.4029932e-08, No Iterations 1
GAMG:  Solving for p, Initial residual = 1.1298305e-07, Final residual = 1.261463e-08, No Iterations 1
smoothSolver:  Solving for omega, Initial residual = 0.0029149945, Final residual = 0.00024808344, No Iterations 2
smoothSolver:  Solving for k, Initial residual = 0.0028648938, Final residual = 0.0002368515, No Iterations 2
smoothSolver:  Solving for Ux, Initial residual = 1.5510741e-05, Final residual = 7.2071599e-07, No Iterations 2
smoothSolver:  Solving for Uy, Initial residual = 2.1937703e-05, Final residual = 9.9962807e-07, No Iterations 2
smoothSolver:  Solving for Uz, Initial residual = 1.8430851e-05, Final residual = 6.2657681e-07, No Iterations 2
GAMG:  Solving for p, Initial residual = 1.1141601e-06, Final residual = 7.595335e-08, No Iterations 1
GAMG:  Solving for p, Initial residual = 1.1930433e-07, Final residual = 1.4734991e-08, No Iterations 1
smoothSolver:  Solving for omega, Initial residual = 0.0029743171, Final residual = 0.00023177327, No Iterations 2
smoothSolver:  Solving for k, Initial residual = 0.0028632593, Final residual = 0.00024195496, No Iterations 2
smoothSolver:  Solving for Ux, Initial residual = 1.5720962e-05, Final residual = 6.9071356e-07, No Iterations 2
smoothSolver:  Solving for Uy, Initial residual = 2.1038405e-05, Final residual = 1.0287755e-06, No Iterations 2
smoothSolver:  Solving for Uz, Initial residual = 1.8034477e-05, Final residual = 5.896373e-07, No Iterations 2
GAMG:  Solving for p, Initial residual = 1.2798059e-06, Final residual = 7.1771353e-08, No Iterations 1
GAMG:  Solving for p, Initial residual = 1.101165e-07, Final residual = 1.103675e-08, No Iterations 1
smoothSolver:  Solving for omega, Initial residual = 0.0028812321, Final residual = 0.00023261634, No Iterations 2
smoothSolver:  Solving for k, Initial residual = 0.002578637, Final residual = 0.00011254518, No Iterations 3
smoothSolver:  Solving for Ux, Initial residual = 1.590352e-05, Final residual = 6.7072244e-07, No Iterations 2
smoothSolver:  Solving for Uy, Initial residual = 2.1016477e-05, Final residual = 1.0938124e-06, No Iterations 2
smoothSolver:  Solving for Uz, Initial residual = 1.8274268e-05, Final residual = 5.6615052e-07, No Iterations 2
GAMG:  Solving for p, Initial residual = 1.1392944e-06, Final residual = 7.0331304e-08, No Iterations 1
GAMG:  Solving for p, Initial residual = 1.1237141e-07, Final residual = 1.29883e-08, No Iterations 1
smoothSolver:  Solving for omega, Initial residual = 0.0028777661, Final residual = 0.00024154517, No Iterations 2
smoothSolver:  Solving for k, Initial residual = 0.0029601267, Final residual = 0.00022015647, No Iterations 2
smoothSolver:  Solving for Ux, Initial residual = 1.7337024e-05, Final residual = 9.5876347e-07, No Iterations 2
smoothSolver:  Solving for Uy, Initial residual = 2.1078131e-05, Final residual = 9.7646288e-07, No Iterations 2
smoothSolver:  Solving for Uz, Initial residual = 1.8193328e-05, Final residual = 5.9708022e-07, No Iterations 2
GAMG:  Solving for p, Initial residual = 1.1676424e-06, Final residual = 8.2821601e-08, No Iterations 1
GAMG:  Solving for p, Initial residual = 1.1791942e-07, Final residual = 1.4319858e-08, No Iterations 1
smoothSolver:  Solving for omega, Initial residual = 0.0028922382, Final residual = 0.00022688711, No Iterations 2
smoothSolver:  Solving for k, Initial residual = 0.0027736283, Final residual = 0.00011189441, No Iterations 3
smoothSolver:  Solving for Ux, Initial residual = 1.6703174e-05, Final residual = 9.3068429e-07, No Iterations 2
smoothSolver:  Solving for Uy, Initial residual = 1.9455185e-05, Final residual = 9.1025212e-07, No Iterations 2
smoothSolver:  Solving for Uz, Initial residual = 1.7949313e-05, Final residual = 6.1554833e-07, No Iterations 2
GAMG:  Solving for p, Initial residual = 1.0896096e-06, Final residual = 6.7744552e-08, No Iterations 1
GAMG:  Solving for p, Initial residual = 1.0544864e-07, Final residual = 1.2376413e-08, No Iterations 1
smoothSolver:  Solving for omega, Initial residual = 0.0028509832, Final residual = 0.00022351335, No Iterations 2
smoothSolver:  Solving for k, Initial residual = 0.0028277143, Final residual = 0.0002013168, No Iterations 2
smoothSolver:  Solving for Ux, Initial residual = 1.5736228e-05, Final residual = 6.6725932e-07, No Iterations 2
smoothSolver:  Solving for Uy, Initial residual = 1.8251239e-05, Final residual = 8.3216393e-07, No Iterations 2
smoothSolver:  Solving for Uz, Initial residual = 1.7962073e-05, Final residual = 5.9607775e-07, No Iterations 2
GAMG:  Solving for p, Initial residual = 1.0422198e-06, Final residual = 7.7986023e-08, No Iterations 1
GAMG:  Solving for p, Initial residual = 1.096089e-07, Final residual = 1.3901728e-08, No Iterations 1
smoothSolver:  Solving for omega, Initial residual = 0.0027051343, Final residual = 0.00020447944, No Iterations 2
smoothSolver:  Solving for k, Initial residual = 0.0029586928, Final residual = 0.00028382223, No Iterations 2
smoothSolver:  Solving for Ux, Initial residual = 1.6110346e-05, Final residual = 7.0035321e-07, No Iterations 2
smoothSolver:  Solving for Uy, Initial residual = 1.6906006e-05, Final residual = 8.4902304e-07, No Iterations 2
smoothSolver:  Solving for Uz, Initial residual = 1.7265485e-05, Final residual = 6.1002041e-07, No Iterations 2
GAMG:  Solving for p, Initial residual = 1.1218381e-06, Final residual = 6.938552e-08, No Iterations 1
GAMG:  Solving for p, Initial residual = 1.0032143e-07, Final residual = 1.1024932e-08, No Iterations 1
smoothSolver:  Solving for omega, Initial residual = 0.0027714712, Final residual = 0.00023288432, No Iterations 2
smoothSolver:  Solving for k, Initial residual = 0.0028098527, Final residual = 0.00025731744, No Iterations 2
smoothSolver:  Solving for Ux, Initial residual = 1.5697539e-05, Final residual = 7.0065403e-07, No Iterations 2
smoothSolver:  Solving for Uy, Initial residual = 1.6510123e-05, Final residual = 8.6124231e-07, No Iterations 2
smoothSolver:  Solving for Uz, Initial residual = 1.7178515e-05, Final residual = 5.3141366e-07, No Iterations 2
GAMG:  Solving for p, Initial residual = 1.0411819e-06, Final residual = 7.5280358e-08, No Iterations 1
GAMG:  Solving for p, Initial residual = 1.0564599e-07, Final residual = 1.3613824e-08, No Iterations 1
smoothSolver:  Solving for omega, Initial residual = 0.0028274996, Final residual = 0.00022722563, No Iterations 2
smoothSolver:  Solving for k, Initial residual = 0.0024954716, Final residual = 0.0002163073, No Iterations 2
smoothSolver:  Solving for Ux, Initial residual = 1.6330164e-05, Final residual = 7.2138335e-07, No Iterations 2
smoothSolver:  Solving for Uy, Initial residual = 1.5561337e-05, Final residual = 5.6507993e-07, No Iterations 2
smoothSolver:  Solving for Uz, Initial residual = 1.7044588e-05, Final residual = 5.8922466e-07, No Iterations 2
GAMG:  Solving for p, Initial residual = 9.9472987e-07, Final residual = 6.1912989e-08, No Iterations 1
GAMG:  Solving for p, Initial residual = 8.8707262e-08, Final residual = 8.8707262e-08, No Iterations 0
smoothSolver:  Solving for omega, Initial residual = 0.002810531, Final residual = 0.0002151894, No Iterations 2
smoothSolver:  Solving for k, Initial residual = 0.0025698741, Final residual = 0.00021089957, No Iterations 2
smoothSolver:  Solving for Ux, Initial residual = 1.5823643e-05, Final residual = 4.1220573e-07, No Iterations 2
smoothSolver:  Solving for Uy, Initial residual = 1.5063885e-05, Final residual = 6.8137347e-07, No Iterations 2
smoothSolver:  Solving for Uz, Initial residual = 1.6802955e-05, Final residual = 5.4243085e-07, No Iterations 2
GAMG:  Solving for p, Initial residual = 9.6782402e-07, Final residual = 6.814134e-08, No Iterations 1
GAMG:  Solving for p, Initial residual = 9.762583e-08, Final residual = 9.762583e-08, No Iterations 0
smoothSolver:  Solving for omega, Initial residual = 0.002760029, Final residual = 0.00021583399, No Iterations 2
smoothSolver:  Solving for k, Initial residual = 0.0026191718, Final residual = 0.00025313336, No Iterations 2
smoothSolver:  Solving for Ux, Initial residual = 1.5933751e-05, Final residual = 4.3388695e-07, No Iterations 2
smoothSolver:  Solving for Uy, Initial residual = 1.5015798e-05, Final residual = 6.1313901e-07, No Iterations 2
smoothSolver:  Solving for Uz, Initial residual = 1.6317878e-05, Final residual = 5.0711456e-07, No Iterations 2
GAMG:  Solving for p, Initial residual = 9.3829117e-07, Final residual = 5.8245538e-08, No Iterations 1
GAMG:  Solving for p, Initial residual = 8.258661e-08, Final residual = 8.258661e-08, No Iterations 0
smoothSolver:  Solving for omega, Initial residual = 0.002777831, Final residual = 0.00024083399, No Iterations 2
smoothSolver:  Solving for k, Initial residual = 0.0028376406, Final residual = 0.00023995177, No Iterations 2
smoothSolver:  Solving for Ux, Initial residual = 1.5915982e-05, Final residual = 5.9671372e-07, No Iterations 2
smoothSolver:  Solving for Uy, Initial residual = 1.4868549e-05, Final residual = 5.6418673e-07, No Iterations 2
smoothSolver:  Solving for Uz, Initial residual = 1.62263e-05, Final residual = 5.8719914e-07, No Iterations 2
GAMG:  Solving for p, Initial residual = 9.9309893e-07, Final residual = 7.5923263e-08, No Iterations 1
GAMG:  Solving for p, Initial residual = 1.0577366e-07, Final residual = 1.244562e-08, No Iterations 1
smoothSolver:  Solving for omega, Initial residual = 0.0027681607, Final residual = 0.00022958731, No Iterations 2
smoothSolver:  Solving for k, Initial residual = 0.0027584427, Final residual = 0.00011550549, No Iterations 3
smoothSolver:  Solving for Ux, Initial residual = 1.640788e-05, Final residual = 4.6734778e-07, No Iterations 2
smoothSolver:  Solving for Uy, Initial residual = 1.5147612e-05, Final residual = 6.9065152e-07, No Iterations 2
smoothSolver:  Solving for Uz, Initial residual = 1.6272054e-05, Final residual = 5.9561161e-07, No Iterations 2
GAMG:  Solving for p, Initial residual = 9.7595951e-07, Final residual = 6.1963153e-08, No Iterations 1
GAMG:  Solving for p, Initial residual = 8.9753661e-08, Final residual = 8.9753661e-08, No Iterations 0
smoothSolver:  Solving for omega, Initial residual = 0.0027633762, Final residual = 0.00022210954, No Iterations 2
smoothSolver:  Solving for k, Initial residual = 0.0030405792, Final residual = 0.00022431911, No Iterations 2
smoothSolver:  Solving for Ux, Initial residual = 1.6310873e-05, Final residual = 5.9188225e-07, No Iterations 2
smoothSolver:  Solving for Uy, Initial residual = 1.5174239e-05, Final residual = 5.2364726e-07, No Iterations 2
smoothSolver:  Solving for Uz, Initial residual = 1.6115686e-05, Final residual = 6.0525413e-07, No Iterations 2
GAMG:  Solving for p, Initial residual = 9.8076891e-07, Final residual = 7.17207e-08, No Iterations 1
GAMG:  Solving for p, Initial residual = 9.9126848e-08, Final residual = 9.9126848e-08, No Iterations 0
smoothSolver:  Solving for omega, Initial residual = 0.0027258987, Final residual = 0.00022135632, No Iterations 2
smoothSolver:  Solving for k, Initial residual = 0.003026647, Final residual = 0.00026074938, No Iterations 2
smoothSolver:  Solving for Ux, Initial residual = 1.5899866e-05, Final residual = 5.8298308e-07, No Iterations 2
smoothSolver:  Solving for Uy, Initial residual = 1.5636207e-05, Final residual = 4.5595283e-07, No Iterations 2
smoothSolver:  Solving for Uz, Initial residual = 1.5659076e-05, Final residual = 6.089132e-07, No Iterations 2
GAMG:  Solving for p, Initial residual = 1.0275647e-06, Final residual = 6.7374652e-08, No Iterations 1
GAMG:  Solving for p, Initial residual = 9.3438079e-08, Final residual = 9.3438079e-08, No Iterations 0
smoothSolver:  Solving for omega, Initial residual = 0.0027287486, Final residual = 0.00023397851, No Iterations 2
smoothSolver:  Solving for k, Initial residual = 0.0028769433, Final residual = 0.00010432346, No Iterations 3
smoothSolver:  Solving for Ux, Initial residual = 1.574723e-05, Final residual = 5.7487769e-07, No Iterations 2
smoothSolver:  Solving for Uy, Initial residual = 1.6813234e-05, Final residual = 4.6288708e-07, No Iterations 2
smoothSolver:  Solving for Uz, Initial residual = 1.5834462e-05, Final residual = 5.6183603e-07, No Iterations 2
GAMG:  Solving for p, Initial residual = 1.0605844e-06, Final residual = 7.4287675e-08, No Iterations 1
GAMG:  Solving for p, Initial residual = 1.0673605e-07, Final residual = 1.4248342e-08, No Iterations 1
smoothSolver:  Solving for omega, Initial residual = 0.0027734956, Final residual = 0.00022292298, No Iterations 2
smoothSolver:  Solving for k, Initial residual = 0.0029382797, Final residual = 0.00012349497, No Iterations 3
smoothSolver:  Solving for Ux, Initial residual = 1.5741495e-05, Final residual = 6.0407074e-07, No Iterations 2
smoothSolver:  Solving for Uy, Initial residual = 1.7804104e-05, Final residual = 5.5164521e-07, No Iterations 2
smoothSolver:  Solving for Uz, Initial residual = 1.6019364e-05, Final residual = 5.9866571e-07, No Iterations 2
GAMG:  Solving for p, Initial residual = 1.0049009e-06, Final residual = 6.886059e-08, No Iterations 1
GAMG:  Solving for p, Initial residual = 9.7943659e-08, Final residual = 9.7943659e-08, No Iterations 0
smoothSolver:  Solving for omega, Initial residual = 0.0027553063, Final residual = 0.00023289659, No Iterations 2
smoothSolver:  Solving for k, Initial residual = 0.003164645, Final residual = 0.00028899426, No Iterations 2
smoothSolver:  Solving for Ux, Initial residual = 1.6137719e-05, Final residual = 5.3962388e-07, No Iterations 2
smoothSolver:  Solving for Uy, Initial residual = 1.8086352e-05, Final residual = 4.4297927e-07, No Iterations 2
smoothSolver:  Solving for Uz, Initial residual = 1.6120829e-05, Final residual = 5.8099476e-07, No Iterations 2
GAMG:  Solving for p, Initial residual = 1.2268502e-06, Final residual = 9.1535626e-08, No Iterations 1
GAMG:  Solving for p, Initial residual = 1.2196158e-07, Final residual = 1.9815225e-08, No Iterations 1
smoothSolver:  Solving for omega, Initial residual = 0.0027010729, Final residual = 0.00021844997, No Iterations 2
smoothSolver:  Solving for k, Initial residual = 0.0028192098, Final residual = 0.00011348142, No Iterations 3
smoothSolver:  Solving for Ux, Initial residual = 1.5961803e-05, Final residual = 6.2469006e-07, No Iterations 2
smoothSolver:  Solving for Uy, Initial residual = 1.9570276e-05, Final residual = 6.1828581e-07, No Iterations 2
smoothSolver:  Solving for Uz, Initial residual = 1.665619e-05, Final residual = 5.4362066e-07, No Iterations 2
GAMG:  Solving for p, Initial residual = 1.1105698e-06, Final residual = 7.8008728e-08, No Iterations 1
GAMG:  Solving for p, Initial residual = 1.1193606e-07, Final residual = 1.5911617e-08, No Iterations 1
smoothSolver:  Solving for omega, Initial residual = 0.0027363441, Final residual = 0.00022052159, No Iterations 2
smoothSolver:  Solving for k, Initial residual = 0.0029902947, Final residual = 0.00026860116, No Iterations 2
smoothSolver:  Solving for Ux, Initial residual = 1.6584379e-05, Final residual = 5.1210055e-07, No Iterations 2
smoothSolver:  Solving for Uy, Initial residual = 1.957837e-05, Final residual = 6.3054981e-07, No Iterations 2
smoothSolver:  Solving for Uz, Initial residual = 1.69391e-05, Final residual = 5.9581373e-07, No Iterations 2
GAMG:  Solving for p, Initial residual = 1.3500181e-06, Final residual = 8.9806243e-08, No Iterations 1
GAMG:  Solving for p, Initial residual = 1.2535707e-07, Final residual = 1.5832611e-08, No Iterations 1
smoothSolver:  Solving for omega, Initial residual = 0.0028308611, Final residual = 0.00021983645, No Iterations 2
smoothSolver:  Solving for k, Initial residual = 0.003161025, Final residual = 0.00011723516, No Iterations 3
smoothSolver:  Solving for Ux, Initial residual = 1.6708153e-05, Final residual = 6.1684135e-07, No Iterations 2
smoothSolver:  Solving for Uy, Initial residual = 2.0087212e-05, Final residual = 4.6375581e-07, No Iterations 2
smoothSolver:  Solving for Uz, Initial residual = 1.7666873e-05, Final residual = 6.2582897e-07, No Iterations 2
GAMG:  Solving for p, Initial residual = 1.2242733e-06, Final residual = 8.8323191e-08, No Iterations 1
GAMG:  Solving for p, Initial residual = 1.2278729e-07, Final residual = 1.9154237e-08, No Iterations 1
smoothSolver:  Solving for omega, Initial residual = 0.0028042274, Final residual = 0.00022443933, No Iterations 2
smoothSolver:  Solving for k, Initial residual = 0.0033365724, Final residual = 0.00029256483, No Iterations 2
smoothSolver:  Solving for Ux, Initial residual = 1.6908694e-05, Final residual = 7.6561517e-07, No Iterations 2
smoothSolver:  Solving for Uy, Initial residual = 1.9784496e-05, Final residual = 5.3855669e-07, No Iterations 2
smoothSolver:  Solving for Uz, Initial residual = 1.809207e-05, Final residual = 6.5702135e-07, No Iterations 2
GAMG:  Solving for p, Initial residual = 1.3689487e-06, Final residual = 9.0056109e-08, No Iterations 1
GAMG:  Solving for p, Initial residual = 1.2500574e-07, Final residual = 1.5572307e-08, No Iterations 1
smoothSolver:  Solving for omega, Initial residual = 0.0027716978, Final residual = 0.000217373, No Iterations 2
smoothSolver:  Solving for k, Initial residual = 0.0030106692, Final residual = 0.00012319994, No Iterations 3
smoothSolver:  Solving for Ux, Initial residual = 1.6294641e-05, Final residual = 6.4068186e-07, No Iterations 2
smoothSolver:  Solving for Uy, Initial residual = 1.9718251e-05, Final residual = 8.1142906e-07, No Iterations 2
smoothSolver:  Solving for Uz, Initial residual = 1.7922558e-05, Final residual = 6.7275011e-07, No Iterations 2
GAMG:  Solving for p, Initial residual = 1.1566703e-06, Final residual = 8.7200237e-08, No Iterations 1
GAMG:  Solving for p, Initial residual = 1.2117235e-07, Final residual = 1.7722768e-08, No Iterations 1
smoothSolver:  Solving for omega, Initial residual = 0.002758807, Final residual = 0.00021679536, No Iterations 2
smoothSolver:  Solving for k, Initial residual = 0.0031909098, Final residual = 0.00021103216, No Iterations 2
smoothSolver:  Solving for Ux, Initial residual = 1.7449063e-05, Final residual = 8.2715456e-07, No Iterations 2
smoothSolver:  Solving for Uy, Initial residual = 2.004399e-05, Final residual = 6.1178823e-07, No Iterations 2
smoothSolver:  Solving for Uz, Initial residual = 1.8104468e-05, Final residual = 7.2342008e-07, No Iterations 2
GAMG:  Solving for p, Initial residual = 1.233657e-06, Final residual = 9.1356423e-08, No Iterations 1
GAMG:  Solving for p, Initial residual = 1.3278198e-07, Final residual = 1.6307107e-08, No Iterations 1
smoothSolver:  Solving for omega, Initial residual = 0.0028239517, Final residual = 0.00022426284, No Iterations 2
smoothSolver:  Solving for k, Initial residual = 0.0030965001, Final residual = 0.00026358264, No Iterations 2
smoothSolver:  Solving for Ux, Initial residual = 1.6948833e-05, Final residual = 7.1761661e-07, No Iterations 2
smoothSolver:  Solving for Uy, Initial residual = 1.9810121e-05, Final residual = 8.1092705e-07, No Iterations 2
smoothSolver:  Solving for Uz, Initial residual = 1.8419339e-05, Final residual = 7.5649567e-07, No Iterations 2
GAMG:  Solving for p, Initial residual = 1.2615412e-06, Final residual = 9.5219015e-08, No Iterations 1
GAMG:  Solving for p, Initial residual = 1.2568917e-07, Final residual = 2.0521963e-08, No Iterations 1
smoothSolver:  Solving for omega, Initial residual = 0.0028507457, Final residual = 0.00022007837, No Iterations 2
smoothSolver:  Solving for k, Initial residual = 0.0025964158, Final residual = 0.00021130934, No Iterations 2
smoothSolver:  Solving for Ux, Initial residual = 1.6654781e-05, Final residual = 6.3252743e-07, No Iterations 2
smoothSolver:  Solving for Uy, Initial residual = 2.0369179e-05, Final residual = 6.1843083e-07, No Iterations 2
smoothSolver:  Solving for Uz, Initial residual = 1.8251419e-05, Final residual = 6.4695503e-07, No Iterations 2
GAMG:  Solving for p, Initial residual = 1.1364325e-06, Final residual = 9.2520724e-08, No Iterations 1
GAMG:  Solving for p, Initial residual = 1.3557513e-07, Final residual = 1.7838915e-08, No Iterations 1
smoothSolver:  Solving for omega, Initial residual = 0.0028583531, Final residual = 0.00022371401, No Iterations 2
smoothSolver:  Solving for k, Initial residual = 0.0024564547, Final residual = 0.00022276313, No Iterations 2
smoothSolver:  Solving for Ux, Initial residual = 1.665913e-05, Final residual = 5.4272202e-07, No Iterations 2
smoothSolver:  Solving for Uy, Initial residual = 2.0213454e-05, Final residual = 8.3470081e-07, No Iterations 2
smoothSolver:  Solving for Uz, Initial residual = 1.8985476e-05, Final residual = 6.2793272e-07, No Iterations 2
GAMG:  Solving for p, Initial residual = 1.4169692e-06, Final residual = 2.3166246e-08, No Iterations 2
GAMG:  Solving for p, Initial residual = 7.0992343e-08, Final residual = 7.0992343e-08, No Iterations 0
smoothSolver:  Solving for omega, Initial residual = 0.0028410537, Final residual = 0.00022987674, No Iterations 2
smoothSolver:  Solving for k, Initial residual = 0.0025921944, Final residual = 0.00018219873, No Iterations 2
smoothSolver:  Solving for Ux, Initial residual = 1.6703397e-05, Final residual = 6.9890068e-07, No Iterations 2
smoothSolver:  Solving for Uy, Initial residual = 2.1400574e-05, Final residual = 8.362282e-07, No Iterations 2
smoothSolver:  Solving for Uz, Initial residual = 1.8891696e-05, Final residual = 7.3656963e-07, No Iterations 2
GAMG:  Solving for p, Initial residual = 1.2962496e-06, Final residual = 1.9614384e-08, No Iterations 2
GAMG:  Solving for p, Initial residual = 7.3823316e-08, Final residual = 7.3823316e-08, No Iterations 0
smoothSolver:  Solving for omega, Initial residual = 0.002887772, Final residual = 0.00022170097, No Iterations 2
smoothSolver:  Solving for k, Initial residual = 0.002655299, Final residual = 0.00024427898, No Iterations 2
smoothSolver:  Solving for Ux, Initial residual = 1.7103056e-05, Final residual = 6.9152414e-07, No Iterations 2
smoothSolver:  Solving for Uy, Initial residual = 2.0528938e-05, Final residual = 6.9544337e-07, No Iterations 2
smoothSolver:  Solving for Uz, Initial residual = 1.8825752e-05, Final residual = 6.4715677e-07, No Iterations 2
GAMG:  Solving for p, Initial residual = 1.5421245e-06, Final residual = 2.2298921e-08, No Iterations 2
GAMG:  Solving for p, Initial residual = 7.3074495e-08, Final residual = 7.3074495e-08, No Iterations 0
smoothSolver:  Solving for omega, Initial residual = 0.0028495602, Final residual = 0.00022341251, No Iterations 2
smoothSolver:  Solving for k, Initial residual = 0.0026893207, Final residual = 0.00020381411, No Iterations 2
smoothSolver:  Solving for Ux, Initial residual = 1.5779906e-05, Final residual = 5.8693495e-07, No Iterations 2
smoothSolver:  Solving for Uy, Initial residual = 2.0034437e-05, Final residual = 9.4079717e-07, No Iterations 2
smoothSolver:  Solving for Uz, Initial residual = 1.8868128e-05, Final residual = 7.5657701e-07, No Iterations 2
GAMG:  Solving for p, Initial residual = 1.2541094e-06, Final residual = 9.5302503e-08, No Iterations 1
GAMG:  Solving for p, Initial residual = 1.2900387e-07, Final residual = 2.1262558e-08, No Iterations 1
smoothSolver:  Solving for omega, Initial residual = 0.0027686968, Final residual = 0.00021308535, No Iterations 2
smoothSolver:  Solving for k, Initial residual = 0.0027416196, Final residual = 0.00021539932, No Iterations 2
smoothSolver:  Solving for Ux, Initial residual = 1.5944822e-05, Final residual = 6.515255e-07, No Iterations 2
smoothSolver:  Solving for Uy, Initial residual = 1.8922763e-05, Final residual = 7.2339421e-07, No Iterations 2
smoothSolver:  Solving for Uz, Initial residual = 1.8276533e-05, Final residual = 6.4065629e-07, No Iterations 2
GAMG:  Solving for p, Initial residual = 1.3768908e-06, Final residual = 8.6625898e-08, No Iterations 1
GAMG:  Solving for p, Initial residual = 1.1818317e-07, Final residual = 1.6741365e-08, No Iterations 1
smoothSolver:  Solving for omega, Initial residual = 0.0027507018, Final residual = 0.0002201171, No Iterations 2
smoothSolver:  Solving for k, Initial residual = 0.0027166573, Final residual = 0.00023756262, No Iterations 2
smoothSolver:  Solving for Ux, Initial residual = 1.6103286e-05, Final residual = 5.8298331e-07, No Iterations 2
smoothSolver:  Solving for Uy, Initial residual = 1.8862658e-05, Final residual = 8.4075275e-07, No Iterations 2
smoothSolver:  Solving for Uz, Initial residual = 1.8588187e-05, Final residual = 7.0343912e-07, No Iterations 2
GAMG:  Solving for p, Initial residual = 1.1621946e-06, Final residual = 9.2343373e-08, No Iterations 1
GAMG:  Solving for p, Initial residual = 1.2265578e-07, Final residual = 2.1382599e-08, No Iterations 1
smoothSolver:  Solving for omega, Initial residual = 0.0028329358, Final residual = 0.00021821409, No Iterations 2
smoothSolver:  Solving for k, Initial residual = 0.0025134907, Final residual = 0.0002409302, No Iterations 2
smoothSolver:  Solving for Ux, Initial residual = 1.6314607e-05, Final residual = 7.202203e-07, No Iterations 2
smoothSolver:  Solving for Uy, Initial residual = 1.9101765e-05, Final residual = 7.7741884e-07, No Iterations 2
smoothSolver:  Solving for Uz, Initial residual = 1.8790976e-05, Final residual = 6.9600004e-07, No Iterations 2
GAMG:  Solving for p, Initial residual = 1.2201242e-06, Final residual = 8.0680496e-08, No Iterations 1
GAMG:  Solving for p, Initial residual = 1.1242051e-07, Final residual = 1.4994654e-08, No Iterations 1
smoothSolver:  Solving for omega, Initial residual = 0.0028378685, Final residual = 0.00021987571, No Iterations 2
smoothSolver:  Solving for k, Initial residual = 0.0025995246, Final residual = 0.00023812686, No Iterations 2
smoothSolver:  Solving for Ux, Initial residual = 1.5832052e-05, Final residual = 6.9580577e-07, No Iterations 2
smoothSolver:  Solving for Uy, Initial residual = 1.8348429e-05, Final residual = 7.4340115e-07, No Iterations 2
smoothSolver:  Solving for Uz, Initial residual = 1.861651e-05, Final residual = 7.1619843e-07, No Iterations 2
GAMG:  Solving for p, Initial residual = 1.0847948e-06, Final residual = 8.3112256e-08, No Iterations 1
GAMG:  Solving for p, Initial residual = 1.1233957e-07, Final residual = 1.8511652e-08, No Iterations 1
smoothSolver:  Solving for omega, Initial residual = 0.0028314989, Final residual = 0.0002160546, No Iterations 2
smoothSolver:  Solving for k, Initial residual = 0.0027152906, Final residual = 0.00025966539, No Iterations 2
smoothSolver:  Solving for Ux, Initial residual = 1.6308329e-05, Final residual = 8.8964229e-07, No Iterations 2
smoothSolver:  Solving for Uy, Initial residual = 1.8365079e-05, Final residual = 7.5740488e-07, No Iterations 2
smoothSolver:  Solving for Uz, Initial residual = 1.857951e-05, Final residual = 7.2310192e-07, No Iterations 2
GAMG:  Solving for p, Initial residual = 1.1537632e-06, Final residual = 8.5930695e-08, No Iterations 1
GAMG:  Solving for p, Initial residual = 1.1688361e-07, Final residual = 1.5378773e-08, No Iterations 1
smoothSolver:  Solving for omega, Initial residual = 0.0027964212, Final residual = 0.00021560852, No Iterations 2
smoothSolver:  Solving for k, Initial residual = 0.0029162162, Final residual = 0.00028380713, No Iterations 2
smoothSolver:  Solving for Ux, Initial residual = 1.6662297e-05, Final residual = 8.3938246e-07, No Iterations 2
smoothSolver:  Solving for Uy, Initial residual = 1.7768971e-05, Final residual = 7.8950618e-07, No Iterations 2
smoothSolver:  Solving for Uz, Initial residual = 1.8871649e-05, Final residual = 7.7784713e-07, No Iterations 2
GAMG:  Solving for p, Initial residual = 1.1586962e-06, Final residual = 8.9711763e-08, No Iterations 1
GAMG:  Solving for p, Initial residual = 1.1578321e-07, Final residual = 2.079056e-08, No Iterations 1
smoothSolver:  Solving for omega, Initial residual = 0.0027692975, Final residual = 0.00021882473, No Iterations 2
smoothSolver:  Solving for k, Initial residual = 0.0030466187, Final residual = 0.00025410675, No Iterations 2
smoothSolver:  Solving for Ux, Initial residual = 1.6827745e-05, Final residual = 9.5149365e-07, No Iterations 2
smoothSolver:  Solving for Uy, Initial residual = 1.7810362e-05, Final residual = 7.6171067e-07, No Iterations 2
smoothSolver:  Solving for Uz, Initial residual = 1.8597135e-05, Final residual = 7.9595947e-07, No Iterations 2
GAMG:  Solving for p, Initial residual = 1.1250962e-06, Final residual = 8.4968098e-08, No Iterations 1
GAMG:  Solving for p, Initial residual = 1.1450481e-07, Final residual = 1.5407453e-08, No Iterations 1
smoothSolver:  Solving for omega, Initial residual = 0.0027501193, Final residual = 0.0002272772, No Iterations 2
smoothSolver:  Solving for k, Initial residual = 0.0028716182, Final residual = 0.00022843858, No Iterations 2
smoothSolver:  Solving for Ux, Initial residual = 1.6675499e-05, Final residual = 8.6913653e-07, No Iterations 2
smoothSolver:  Solving for Uy, Initial residual = 1.5925375e-05, Final residual = 5.4403246e-07, No Iterations 2
smoothSolver:  Solving for Uz, Initial residual = 1.7972065e-05, Final residual = 7.1482181e-07, No Iterations 2
GAMG:  Solving for p, Initial residual = 1.0551787e-06, Final residual = 7.2504076e-08, No Iterations 1
GAMG:  Solving for p, Initial residual = 9.9555621e-08, Final residual = 9.9555621e-08, No Iterations 0
smoothSolver:  Solving for omega, Initial residual = 0.0027424513, Final residual = 0.00021317127, No Iterations 2
smoothSolver:  Solving for k, Initial residual = 0.0025166305, Final residual = 0.00022421872, No Iterations 2
smoothSolver:  Solving for Ux, Initial residual = 1.5506463e-05, Final residual = 7.3455953e-07, No Iterations 2
smoothSolver:  Solving for Uy, Initial residual = 1.5616363e-05, Final residual = 7.1229469e-07, No Iterations 2
smoothSolver:  Solving for Uz, Initial residual = 1.7871482e-05, Final residual = 6.6805061e-07, No Iterations 2
GAMG:  Solving for p, Initial residual = 9.9937415e-07, Final residual = 7.5631255e-08, No Iterations 1
GAMG:  Solving for p, Initial residual = 1.0326765e-07, Final residual = 1.4445958e-08, No Iterations 1
smoothSolver:  Solving for omega, Initial residual = 0.0027376404, Final residual = 0.00022175445, No Iterations 2
smoothSolver:  Solving for k, Initial residual = 0.0027277351, Final residual = 0.00011036777, No Iterations 3
smoothSolver:  Solving for Ux, Initial residual = 1.483471e-05, Final residual = 7.1278101e-07, No Iterations 2
smoothSolver:  Solving for Uy, Initial residual = 1.6301015e-05, Final residual = 8.5182241e-07, No Iterations 2
smoothSolver:  Solving for Uz, Initial residual = 1.7754991e-05, Final residual = 7.1894638e-07, No Iterations 2
GAMG:  Solving for p, Initial residual = 1.0073464e-06, Final residual = 7.6341615e-08, No Iterations 1
GAMG:  Solving for p, Initial residual = 1.0127619e-07, Final residual = 1.6004479e-08, No Iterations 1
smoothSolver:  Solving for omega, Initial residual = 0.0027547707, Final residual = 0.00021465728, No Iterations 2
smoothSolver:  Solving for k, Initial residual = 0.0029389806, Final residual = 0.00027086056, No Iterations 2
smoothSolver:  Solving for Ux, Initial residual = 1.6149409e-05, Final residual = 9.7913587e-07, No Iterations 2
smoothSolver:  Solving for Uy, Initial residual = 1.6329024e-05, Final residual = 5.3477906e-07, No Iterations 2
smoothSolver:  Solving for Uz, Initial residual = 1.7838148e-05, Final residual = 7.4052381e-07, No Iterations 2
GAMG:  Solving for p, Initial residual = 1.0525865e-06, Final residual = 8.420185e-08, No Iterations 1
GAMG:  Solving for p, Initial residual = 1.1012702e-07, Final residual = 1.4716654e-08, No Iterations 1
smoothSolver:  Solving for omega, Initial residual = 0.0027502786, Final residual = 0.00021700861, No Iterations 2
smoothSolver:  Solving for k, Initial residual = 0.0029667596, Final residual = 0.00024407363, No Iterations 2
smoothSolver:  Solving for Ux, Initial residual = 1.6161608e-05, Final residual = 1.011594e-06, No Iterations 2
smoothSolver:  Solving for Uy, Initial residual = 1.5137751e-05, Final residual = 5.3048798e-07, No Iterations 2
smoothSolver:  Solving for Uz, Initial residual = 1.7592773e-05, Final residual = 7.6107131e-07, No Iterations 2
GAMG:  Solving for p, Initial residual = 1.042079e-06, Final residual = 7.2209129e-08, No Iterations 1
GAMG:  Solving for p, Initial residual = 9.4141724e-08, Final residual = 9.4141724e-08, No Iterations 0
smoothSolver:  Solving for omega, Initial residual = 0.0026955192, Final residual = 0.00021109754, No Iterations 2
smoothSolver:  Solving for k, Initial residual = 0.00292852, Final residual = 0.00024408659, No Iterations 2
Time = 400

smoothSolver:  Solving for Ux, Initial residual = 1.4435671e-05, Final residual = 6.9631787e-07, No Iterations 2
smoothSolver:  Solving for Uy, Initial residual = 1.480074e-05, Final residual = 4.8227641e-07, No Iterations 2
smoothSolver:  Solving for Uz, Initial residual = 1.7100077e-05, Final residual = 6.6875818e-07, No Iterations 2
U0 initRes: 1.4435671e-05 finalRes: 6.9631787e-07 nIters: 2
U1 initRes: 1.480074e-05 finalRes: 4.8227641e-07 nIters: 2
U2 initRes: 1.7100077e-05 finalRes: 6.6875818e-07 nIters: 2
GAMG:  Solving for p, Initial residual = 9.1969301e-07, Final residual = 7.2081677e-08, No Iterations 1
p initRes: 9.1969301e-07 finalRes: 7.2081677e-08 nIters: 1
GAMG:  Solving for p, Initial residual = 1.0218562e-07, Final residual = 1.3369081e-08, No Iterations 1
p initRes: 1.0218562e-07 finalRes: 1.3369081e-08 nIters: 1
Time step continuity errors : sum local = 7.5393447e-08
                                 global = -2.383429e-08
                             cumulative = 3.2730182e-05
smoothSolver:  Solving for omega, Initial residual = 0.0027398899, Final residual = 0.00020827707, No Iterations 2
omega initRes: 0.0027398899 finalRes: 0.00020827707 nIters: 2
smoothSolver:  Solving for k, Initial residual = 0.0029626576, Final residual = 0.00028193108, No Iterations 2
k initRes: 0.0029626576 finalRes: 0.00028193108 nIters: 2
CD: 0.15297455 final: 0.15297455
CL: 0.092170223 final: 0.092170223
yPlus min: 1488.7595 max: 3004.178 mean: 2494.7105
ExecutionTime = 1.92 s  ClockTime = 2 s

smoothSolver:  Solving for Ux, Initial residual = 1.4805886e-05, Final residual = 7.3161358e-07, No Iterations 2
smoothSolver:  Solving for Uy, Initial residual = 1.5454132e-05, Final residual = 5.7843274e-07, No Iterations 2
smoothSolver:  Solving for Uz, Initial residual = 1.7133225e-05, Final residual = 6.8157359e-07, No Iterations 2
GAMG:  Solving for p, Initial residual = 9.8590837e-07, Final residual = 7.5859591e-08, No Iterations 1
GAMG:  Solving for p, Initial residual = 9.8616536e-08, Final residual = 9.8616536e-08, No Iterations 0
smoothSolver:  Solving for omega, Initial residual = 0.0027424846, Final residual = 0.00020407924, No Iterations 2
smoothSolver:  Solving for k, Initial residual = 0.0027351897, Final residual = 0.00011670884, No Iterations 3
smoothSolver:  Solving for Ux, Initial residual = 1.4395716e-05, Final residual = 8.5688813e-07, No Iterations 2
smoothSolver:  Solving for Uy, Initial residual = 1.6175979e-05, Final residual = 4.6714771e-07, No Iterations 2
smoothSolver:  Solving for Uz, Initial residual = 1.7949969e-05, Final residual = 6.9785755e-07, No Iterations 2
GAMG:  Solving for p, Initial residual = 1.014958e-06, Final residual = 7.1104285e-08, No Iterations 1
GAMG:  Solving for p, Initial residual = 1.0423727e-07, Final residual = 1.2961788e-08, No Iterations 1
smoothSolver:  Solving for omega, Initial residual = 0.0027593655, Final residual = 0.00020349352, No Iterations 2
smoothSolver:  Solving for k, Initial residual = 0.0030445162, Final residual = 0.00028449499, No Iterations 2
smoothSolver:  Solving for Ux, Initial residual = 1.3920219e-05, Final residual = 8.0647448e-07, No Iterations 2
smoothSolver:  Solving for Uy, Initial residual = 1.6943234e-05, Final residual = 4.3192923e-07, No Iterations 2
smoothSolver:  Solving for Uz, Initial residual = 1.8150728e-05, Final residual = 6.4433837e-07, No Iterations 2
GAMG:  Solving for p, Initial residual = 9.1197273e-07, Final residual = 6.3468443e-08, No Iterations 1
GAMG:  Solving for p, Initial residual = 9.1514171e-08, Final residual = 9.1514171e-08, No Iterations 0
smoothSolver:  Solving for omega, Initial residual = 0.0027645079, Final residual = 0.00019671763, No Iterations 2
smoothSolver:  Solving for k, Initial residual = 0.002877869, Final residual = 0.0001223672, No Iterations 3
smoothSolver:  Solving for Ux, Initial residual = 1.2981452e-05, Final residual = 5.4448834e-07, No Iterations 2
smoothSolver:  Solving for Uy, Initial residual = 1.6567786e-05, Final residual = 6.0212644e-07, No Iterations 2
smoothSolver:  Solving for Uz, Initial residual = 1.8085747e-05, Final residual = 6.8861392e-07, No Iterations 2
GAMG:  Solving for p, Initial residual = 1.0386467e-06, Final residual = 7.3913485e-08, No Iterations 1
GAMG:  Solving for p, Initial residual = 1.0345813e-07, Final residual = 1.2202016e-08, No Iterations 1
smoothSolver:  Solving for omega, Initial residual = 0.0027953762, Final residual = 0.00020363605, No Iterations 2
smoothSolver:  Solving for k, Initial residual = 0.0031046106, Final residual = 0.00025368655, No Iterations 2
smoothSolver:  Solving for Ux, Initial residual = 1.289115e-05, Final residual = 4.8208727e-07, No Iterations 2
smoothSolver:  Solving for Uy, Initial residual = 1.6393047e-05, Final residual = 4.5338413e-07, No Iterations 2
smoothSolver:  Solving for Uz, Initial residual = 1.8521285e-05, Final residual = 7.0944209e-07, No Iterations 2
GAMG:  Solving for p, Initial residual = 9.2337386e-07, Final residual = 6.9987168e-08, No Iterations 1
GAMG:  Solving for p, Initial residual = 9.5531062e-08, Final residual = 9.5531062e-08, No Iterations 0
smoothSolver:  Solving for omega, Initial residual = 0.0028057303, Final residual = 0.00019864347, No Iterations 2
smoothSolver:  Solving for k, Initial residual = 0.0032282698, Final residual = 0.00030126581, No Iterations 2
smoothSolver:  Solving for Ux, Initial residual = 1.2606284e-05, Final residual = 4.2374486e-07, No Iterations 2
smoothSolver:  Solving for Uy, Initial residual = 1.6227426e-05, Final residual = 4.960028e-07, No Iterations 2
smoothSolver:  Solving for Uz, Initial residual = 1.8142655e-05, Final residual = 6.8335329e-07, No Iterations 2
GAMG:  Solving for p, Initial residual = 1.122727e-06, Final residual = 7.4099622e-08, No Iterations 1
GAMG:  Solving for p, Initial residual = 1.0891315e-07, Final residual = 1.1445854e-08, No Iterations 1
smoothSolver:  Solving for omega, Initial residual = 0.0028390359, Final residual = 0.00020879152, No Iterations 2
smoothSolver:  Solving for k, Initial residual = 0.00300813, Final residual = 0.00029523113, No Iterations 2
smoothSolver:  Solving for Ux, Initial residual = 1.3280253e-05, Final residual = 4.1658471e-07, No Iterations 2
smoothSolver:  Solving for Uy, Initial residual = 1.7129675e-05, Final residual = 5.6883243e-07, No Iterations 2
smoothSolver:  Solving for Uz, Initial residual = 1.8193107e-05, Final residual = 5.8514808e-07, No Iterations 2
GAMG:  Solving for p, Initial residual = 1.0164787e-06, Final residual = 7.3077491e-08, No Iterations 1
GAMG:  Solving for p, Initial residual = 1.0013201e-07, Final residual = 1.5839329e-08, No Iterations 1
smoothSolver:  Solving for omega, Initial residual = 0.0028098255, Final residual = 0.00020321077, No Iterations 2
smoothSolver:  Solving for k, Initial residual = 0.0026816453, Final residual = 0.00011449807, No Iterations 3
smoothSolver:  Solving for Ux, Initial residual = 1.3230379e-05, Final residual = 4.2907559e-07, No Iterations 2
smoothSolver:  Solving for Uy, Initial residual = 1.7034354e-05, Final residual = 5.3568892e-07, No Iterations 2
smoothSolver:  Solving for Uz, Initial residual = 1.8501217e-05, Final residual = 6.8266038e-07, No Iterations 2
GAMG:  Solving for p, Initial residual = 1.1357319e-06, Final residual = 7.4956912e-08, No Iterations 1
GAMG:  Solving for p, Initial residual = 1.1025637e-07, Final residual = 1.2231462e-08, No Iterations 1
smoothSolver:  Solving for omega, Initial residual = 0.0028240805, Final residual = 0.00020650421, No Iterations 2
smoothSolver:  Solving for k, Initial residual = 0.0030012172, Final residual = 0.00025230766, No Iterations 2
smoothSolver:  Solving for Ux, Initial residual = 1.3952698e-05, Final residual = 4.9515411e-07, No Iterations 2
smoothSolver:  Solving for Uy, Initial residual = 1.7445336e-05, Final residual = 5.8274441e-07, No Iterations 2
smoothSolver:  Solving for Uz, Initial residual = 1.8866891e-05, Final residual = 6.0177342e-07, No Iterations 2
GAMG:  Solving for p, Initial residual = 9.6794274e-07, Final residual = 6.9274676e-08, No Iterations 1
GAMG:  Solving for p, Initial residual = 9.7503013e-08, Final residual = 9.7503013e-08, No Iterations 0
smoothSolver:  Solving for omega, Initial residual = 0.0028363099, Final residual = 0.00020051605, No Iterations 2
smoothSolver:  Solving for k, Initial residual = 0.0029808101, Final residual = 0.00012895114, No Iterations 3
smoothSolver:  Solving for Ux, Initial residual = 1.3675102e-05, Final residual = 4.5750227e-07, No Iterations 2
smoothSolver:  Solving for Uy, Initial residual = 1.6812902e-05, Final residual = 6.100619e-07, No Iterations 2
smoothSolver:  Solving for Uz, Initial residual = 1.8516537e-05, Final residual = 6.449785e-07, No Iterations 2
GAMG:  Solving for p, Initial residual = 1.1609492e-06, Final residual = 7.2134069e-08, No Iterations 1
GAMG:  Solving for p, Initial residual = 1.0911701e-07, Final residual = 1.1622639e-08, No Iterations 1
smoothSolver:  Solving for omega, Initial residual = 0.0028824558, Final residual = 0.0002217473, No Iterations 2
smoothSolver:  Solving for k, Initial residual = 0.0031651907, Final residual = 0.00027529177, No Iterations 2
smoothSolver:  Solving for Ux, Initial residual = 1.4569775e-05, Final residual = 5.8939399e-07, No Iterations 2
smoothSolver:  Solving for Uy, Initial residual = 1.7624055e-05, Final residual = 6.1467125e-07, No Iterations 2
smoothSolver:  Solving for Uz, Initial residual = 1.8464517e-05, Final residual = 5.9767861e-07, No Iterations 2
GAMG:  Solving for p, Initial residual = 1.0332672e-06, Final residual = 7.7836869e-08, No Iterations 1
GAMG:  Solving for p, Initial residual = 1.0362694e-07, Final residual = 1.6703099e-08, No Iterations 1
smoothSolver:  Solving for omega, Initial residual = 0.002798679, Final residual = 0.00020654427, No Iterations 2
smoothSolver:  Solving for k, Initial residual = 0.0033105651, Final residual = 0.00031464384, No Iterations 2
smoothSolver:  Solving for Ux, Initial residual = 1.4777946e-05, Final residual = 6.2468095e-07, No Iterations 2
smoothSolver:  Solving for Uy, Initial residual = 1.7016674e-05, Final residual = 4.9568164e-07, No Iterations 2
smoothSolver:  Solving for Uz, Initial residual = 1.7981434e-05, Final residual = 6.7238146e-07, No Iterations 2
GAMG:  Solving for p, Initial residual = 1.2957689e-06, Final residual = 8.1560817e-08, No Iterations 1
GAMG:  Solving for p, Initial residual = 1.1653638e-07, Final residual = 1.208457e-08, No Iterations 1
smoothSolver:  Solving for omega, Initial residual = 0.0028526534, Final residual = 0.0002168161, No Iterations 2
smoothSolver:  Solving for k, Initial residual = 0.0031711921, Final residual = 0.00015097481, No Iterations 3
smoothSolver:  Solving for Ux, Initial residual = 1.5189201e-05, Final residual = 5.907874e-07, No Iterations 2
smoothSolver:  Solving for Uy, Initial residual = 1.755145e-05, Final residual = 8.1924219e-07, No Iterations 2
smoothSolver:  Solving for Uz, Initial residual = 1.8253571e-05, Final residual = 5.3130881e-07, No Iterations 2
GAMG:  Solving for p, Initial residual = 1.0534845e-06, Final residual = 7.3599614e-08, No Iterations 1
GAMG:  Solving for p, Initial residual = 1.017671e-07, Final residual = 1.5146579e-08, No Iterations 1
smoothSolver:  Solving for omega, Initial residual = 0.0028581379, Final residual = 0.00020812388, No Iterations 2
smoothSolver:  Solving for k, Initial residual = 0.0030755587, Final residual = 0.00030257368, No Iterations 2
smoothSolver:  Solving for Ux, Initial residual = 1.6103378e-05, Final residual = 7.8312269e-07, No Iterations 2
smoothSolver:  Solving for Uy, Initial residual = 1.6843343e-05, Final residual = 5.2309445e-07, No Iterations 2
smoothSolver:  Solving for Uz, Initial residual = 1.8363436e-05, Final residual = 6.2761148e-07, No Iterations 2
GAMG:  Solving for p, Initial residual = 1.165959e-06, Final residual = 8.3397197e-08, No Iterations 1
GAMG:  Solving for p, Initial residual = 1.1990412e-07, Final residual = 1.4309961e-08, No Iterations 1
smoothSolver:  Solving for omega, Initial residual = 0.0028450579, Final residual = 0.00022006592, No Iterations 2
smoothSolver:  Solving for k, Initial residual = 0.0029986716, Final residual = 0.00011672845, No Iterations 3
smoothSolver:  Solving for Ux, Initial residual = 1.6288878e-05, Final residual = 8.2929101e-07, No Iterations 2
smoothSolver:  Solving for Uy, Initial residual = 1.7097077e-05, Final residual = 8.2883362e-07, No Iterations 2
smoothSolver:  Solving for Uz, Initial residual = 1.8570189e-05, Final residual = 5.8731411e-07, No Iterations 2
GAMG:  Solving for p, Initial residual = 1.0214146e-06, Final residual = 7.0023841e-08, No Iterations 1
GAMG:  Solving for p, Initial residual = 9.7425242e-08, Final residual = 9.7425242e-08, No Iterations 0
smoothSolver:  Solving for omega, Initial residual = 0.0027443421, Final residual = 0.00020653255, No Iterations 2
smoothSolver:  Solving for k, Initial residual = 0.0030121533, Final residual = 0.0002999438, No Iterations 2
smoothSolver:  Solving for Ux, Initial residual = 1.5529884e-05, Final residual = 7.942154e-07, No Iterations 2
smoothSolver:  Solving for Uy, Initial residual = 1.5569345e-05, Final residual = 5.7026245e-07, No Iterations 2
smoothSolver:  Solving for Uz, Initial residual = 1.8327568e-05, Final residual = 6.2649641e-07, No Iterations 2
GAMG:  Solving for p, Initial residual = 1.0732099e-06, Final residual = 6.9983489e-08, No Iterations 1
GAMG:  Solving for p, Initial residual = 1.0416305e-07, Final residual = 1.202802e-08, No Iterations 1
smoothSolver:  Solving for omega, Initial residual = 0.0027456476, Final residual = 0.00020968222, No Iterations 2
smoothSolver:  Solving for k, Initial residual = 0.0030475341, Final residual = 0.00025741128, No Iterations 2
smoothSolver:  Solving for Ux, Initial residual = 1.6454784e-05, Final residual = 7.4839615e-07, No Iterations 2
smoothSolver:  Solving for Uy, Initial residual = 1.5850717e-05, Final residual = 9.5974322e-07, No Iterations 2
smoothSolver:  Solving for Uz, Initial residual = 1.798334e-05, Final residual = 6.4386405e-07, No Iterations 2
GAMG:  Solving for p, Initial residual = 1.1252859e-06, Final residual = 9.3215061e-08, No Iterations 1
GAMG:  Solving for p, Initial residual = 1.1932513e-07, Final residual = 1.5664059e-08, No Iterations 1
smoothSolver:  Solving for omega, Initial residual = 0.0026643041, Final residual = 0.00020865236, No Iterations 2
smoothSolver:  Solving for k, Initial residual = 0.0029357718, Final residual = 0.00025258812, No Iterations 2
smoothSolver:  Solving for Ux, Initial residual = 1.5639618e-05, Final residual = 7.5464427e-07, No Iterations 2
smoothSolver:  Solving for Uy, Initial residual = 1.6048964e-05, Final residual = 6.670019e-07, No Iterations 2
smoothSolver:  Solving for Uz, Initial residual = 1.7121173e-05, Final residual = 6.8390042e-07, No Iterations 2
GAMG:  Solving for p, Initial residual = 1.1252354e-06, Final residual = 8.7945561e-08, No Iterations 1
GAMG:  Solving for p, Initial residual = 1.1502138e-07, Final residual = 1.9482966e-08, No Iterations 1
smoothSolver:  Solving for omega, Initial residual = 0.0026709572, Final residual = 0.00021461425, No Iterations 2
smoothSolver:  Solving for k, Initial residual = 0.0027611999, Final residual = 0.00023857406, No Iterations 2
smoothSolver:  Solving for Ux, Initial residual = 1.5196729e-05, Final residual = 4.5200539e-07, No Iterations 2
smoothSolver:  Solving for Uy, Initial residual = 1.5700887e-05, Final residual = 5.4500866e-07, No Iterations 2
smoothSolver:  Solving for Uz, Initial residual = 1.6856103e-05, Final residual = 6.684716e-07, No Iterations 2
GAMG:  Solving for p, Initial residual = 1.1632657e-06, Final residual = 9.1141008e-08, No Iterations 1
GAMG:  Solving for p, Initial residual = 1.1829416e-07, Final residual = 1.5888705e-08, No Iterations 1
smoothSolver:  Solving for omega, Initial residual = 0.0026764132, Final residual = 0.00020717288, No Iterations 2
smoothSolver:  Solving for k, Initial residual = 0.0026822294, Final residual = 0.00011674262, No Iterations 3
smoothSolver:  Solving for Ux, Initial residual = 1.3939396e-05, Final residual = 5.2188497e-07, No Iterations 2
smoothSolver:  Solving for Uy, Initial residual = 1.6257411e-05, Final residual = 7.1516141e-07, No Iterations 2
smoothSolver:  Solving for Uz, Initial residual = 1.7142483e-05, Final residual = 5.3087765e-07, No Iterations 2
GAMG:  Solving for p, Initial residual = 1.14405e-06, Final residual = 9.0001994e-08, No Iterations 1
GAMG:  Solving for p, Initial residual = 1.1119391e-07, Final residual = 1.974247e-08, No Iterations 1
smoothSolver:  Solving for omega, Initial residual = 0.0026954659, Final residual = 0.00020808268, No Iterations 2
smoothSolver:  Solving for k, Initial residual = 0.0029658369, Final residual = 0.00024608127, No Iterations 2
smoothSolver:  Solving for Ux, Initial residual = 1.4301005e-05, Final residual = 5.1775561e-07, No Iterations 2
smoothSolver:  Solving for Uy, Initial residual = 1.6189075e-05, Final residual = 5.2982775e-07, No Iterations 2
smoothSolver:  Solving for Uz, Initial residual = 1.7073336e-05, Final residual = 6.9069729e-07, No Iterations 2
GAMG:  Solving for p, Initial residual = 1.0833744e-06, Final residual = 8.4441504e-08, No Iterations 1
GAMG:  Solving for p, Initial residual = 1.1466076e-07, Final residual = 1.5529579e-08, No Iterations 1
smoothSolver:  Solving for omega, Initial residual = 0.0027200395, Final residual = 0.00020197143, No Iterations 2
smoothSolver:  Solving for k, Initial residual = 0.0027202025, Final residual = 0.00025969018, No Iterations 2
smoothSolver:  Solving for Ux, Initial residual = 1.3257507e-05, Final residual = 5.3433545e-07, No Iterations 2
smoothSolver:  Solving for Uy, Initial residual = 1.695582e-05, Final residual = 4.6850209e-07, No Iterations 2
smoothSolver:  Solving for Uz, Initial residual = 1.6935452e-05, Final residual = 4.8412084e-07, No Iterations 2
GAMG:  Solving for p, Initial residual = 9.833621e-07, Final residual = 8.1355771e-08, No Iterations 1
GAMG:  Solving for p, Initial residual = 1.0496903e-07, Final residual = 1.8631359e-08, No Iterations 1
smoothSolver:  Solving for omega, Initial residual = 0.0027192265, Final residual = 0.0001985871, No Iterations 2
smoothSolver:  Solving for k, Initial residual = 0.0025686815, Final residual = 0.00021280868, No Iterations 2
smoothSolver:  Solving for Ux, Initial residual = 1.396688e-05, Final residual = 4.3001614e-07, No Iterations 2
smoothSolver:  Solving for Uy, Initial residual = 1.7072118e-05, Final residual = 6.0448829e-07, No Iterations 2
smoothSolver:  Solving for Uz, Initial residual = 1.7425827e-05, Final residual = 6.835708e-07, No Iterations 2
GAMG:  Solving for p, Initial residual = 1.0961649e-06, Final residual = 8.5537385e-08, No Iterations 1
GAMG:  Solving for p, Initial residual = 1.1716541e-07, Final residual = 1.4951454e-08, No Iterations 1
smoothSolver:  Solving for omega, Initial residual = 0.0026667729, Final residual = 0.00020345575, No Iterations 2
smoothSolver:  Solving for k, Initial residual = 0.0026602306, Final residual = 0.00021913629, No Iterations 2
smoothSolver:  Solving for Ux, Initial residual = 1.4031814e-05, Final residual = 4.8710655e-07, No Iterations 2
smoothSolver:  Solving for Uy, Initial residual = 1.7718102e-05, Final residual = 4.5665493e-07, No Iterations 2
smoothSolver:  Solving for Uz, Initial residual = 1.7731122e-05, Final residual = 5.6050415e-07, No Iterations 2
GAMG:  Solving for p, Initial residual = 9.8740659e-07, Final residual = 7.978897e-08, No Iterations 1
GAMG:  Solving for p, Initial residual = 1.0691762e-07, Final residual = 1.7216201e-08, No Iterations 1
smoothSolver:  Solving for omega, Initial residual = 0.0027400203, Final residual = 0.00019693121, No Iterations 2
smoothSolver:  Solving for k, Initial residual = 0.0028359733, Final residual = 0.00023318377, No Iterations 2
smoothSolver:  Solving for Ux, Initial residual = 1.4388964e-05, Final residual = 4.4308891e-07, No Iterations 2
smoothSolver:  Solving for Uy, Initial residual = 1.793078e-05, Final residual = 5.7931549e-07, No Iterations 2
smoothSolver:  Solving for Uz, Initial residual = 1.8486581e-05, Final residual = 6.6910198e-07, No Iterations 2
GAMG:  Solving for p, Initial residual = 1.0669578e-06, Final residual = 8.5163354e-08, No Iterations 1
GAMG:  Solving for p, Initial residual = 1.1985901e-07, Final residual = 1.7218948e-08, No Iterations 1
smoothSolver:  Solving for omega, Initial residual = 0.0028183895, Final residual = 0.00020820782, No Iterations 2
smoothSolver:  Solving for k, Initial residual = 0.002718503, Final residual = 0.00025138382, No Iterations 2
smoothSolver:  Solving for Ux, Initial residual = 1.4761662e-05, Final residual = 4.571371e-07, No Iterations 2
smoothSolver:  Solving for Uy, Initial residual = 1.8752431e-05, Final residual = 4.9881197e-07, No Iterations 2
smoothSolver:  Solving for Uz, Initial residual = 1.866965e-05, Final residual = 6.5590934e-07, No Iterations 2
GAMG:  Solving for p, Initial residual = 1.0065791e-06, Final residual = 7.2520175e-08, No Iterations 1
GAMG:  Solving for p, Initial residual = 1.0342206e-07, Final residual = 1.4381877e-08, No Iterations 1
smoothSolver:  Solving for omega, Initial residual = 0.0028545597, Final residual = 0.00020932343, No Iterations 2
smoothSolver:  Solving for k, Initial residual = 0.0027285028, Final residual = 0.00022070777, No Iterations 2
smoothSolver:  Solving for Ux, Initial residual = 1.4551157e-05, Final residual = 4.6140519e-07, No Iterations 2
smoothSolver:  Solving for Uy, Initial residual = 1.8722324e-05, Final residual = 5.5318847e-07, No Iterations 2
smoothSolver:  Solving for Uz, Initial residual = 1.8531445e-05, Final residual = 6.7880753e-07, No Iterations 2
GAMG:  Solving for p, Initial residual = 1.0301865e-06, Final residual = 8.5727282e-08, No Iterations 1
GAMG:  Solving for p, Initial residual = 1.1626992e-07, Final residual = 1.6633609e-08, No Iterations 1
smoothSolver:  Solving for omega, Initial residual = 0.0028792852, Final residual = 0.00021570703, No Iterations 2
smoothSolver:  Solving for k, Initial residual = 0.0028343208, Final residual = 0.00026192988, No Iterations 2
smoothSolver:  Solving for Ux, Initial residual = 1.5263911e-05, Final residual = 5.892341e-07, No Iterations 2
smoothSolver:  Solving for Uy, Initial residual = 1.9391126e-05, Final residual = 6.351158e-07, No Iterations 2
smoothSolver:  Solving for Uz, Initial residual = 1.8762267e-05, Final residual = 7.0795363e-07, No Iterations 2
GAMG:  Solving for p, Initial residual = 1.0840593e-06, Final residual = 7.5140095e-08, No Iterations 1
GAMG:  Solving for p, Initial residual = 1.092734e-07, Final residual = 1.3592376e-08, No Iterations 1
smoothSolver:  Solving for omega, Initial residual = 0.0028407753, Final residual = 0.00021807269, No Iterations 2
smoothSolver:  Solving for k, Initial residual = 0.0029434624, Final residual = 0.00022567525, No Iterations 2
smoothSolver:  Solving for Ux, Initial residual = 1.5807263e-05, Final residual = 5.152952e-07, No Iterations 2
smoothSolver:  Solving for Uy, Initial residual = 1.9798044e-05, Final residual = 5.9164603e-07, No Iterations 2
smoothSolver:  Solving for Uz, Initial residual = 1.9061504e-05, Final residual = 7.0020759e-07, No Iterations 2
GAMG:  Solving for p, Initial residual = 1.0367434e-06, Final residual = 9.05509e-08, No Iterations 1
GAMG:  Solving for p, Initial residual = 1.205445e-07, Final residual = 1.8176175e-08, No Iterations 1
smoothSolver:  Solving for omega, Initial residual = 0.0028878357, Final residual = 0.00022184025, No Iterations 2
smoothSolver:  Solving for k, Initial residual = 0.0029017448, Final residual = 0.00025079012, No Iterations 2
smoothSolver:  Solving for Ux, Initial residual = 1.6148108e-05, Final residual = 5.960096e-07, No Iterations 2
smoothSolver:  Solving for Uy, Initial residual = 2.0354379e-05, Final residual = 7.8667943e-07, No Iterations 2
smoothSolver:  Solving for Uz, Initial residual = 1.9006694e-05, Final residual = 7.8124236e-07, No Iterations 2
GAMG:  Solving for p, Initial residual = 1.1501998e-06, Final residual = 7.8709816e-08, No Iterations 1
GAMG:  Solving for p, Initial residual = 1.144667e-07, Final residual = 1.4587517e-08, No Iterations 1
smoothSolver:  Solving for omega, Initial residual = 0.002898603, Final residual = 0.00023245636, No Iterations 2
smoothSolver:  Solving for k, Initial residual = 0.0026789544, Final residual = 0.00022795468, No Iterations 2
smoothSolver:  Solving for Ux, Initial residual = 1.6198788e-05, Final residual = 6.2170443e-07, No Iterations 2
smoothSolver:  Solving for Uy, Initial residual = 2.0485272e-05, Final residual = 5.722631e-07, No Iterations 2
smoothSolver:  Solving for Uz, Initial residual = 1.861585e-05, Final residual = 6.5554634e-07, No Iterations 2
GAMG:  Solving for p, Initial residual = 1.0490815e-06, Final residual = 9.0741821e-08, No Iterations 1
GAMG:  Solving for p, Initial residual = 1.2306354e-07, Final residual = 1.7327455e-08, No Iterations 1
smoothSolver:  Solving for omega, Initial residual = 0.0029451845, Final residual = 0.00022622938, No Iterations 2
smoothSolver:  Solving for k, Initial residual = 0.0025095802, Final residual = 9.4521089e-05, No Iterations 3
smoothSolver:  Solving for Ux, Initial residual = 1.6603842e-05, Final residual = 6.6535815e-07, No Iterations 2
smoothSolver:  Solving for Uy, Initial residual = 2.1063609e-05, Final residual = 8.8648402e-07, No Iterations 2
smoothSolver:  Solving for Uz, Initial residual = 1.9718637e-05, Final residual = 7.0666214e-07, No Iterations 2
GAMG:  Solving for p, Initial residual = 1.2113954e-06, Final residual = 8.3080192e-08, No Iterations 1
GAMG:  Solving for p, Initial residual = 1.1500818e-07, Final residual = 1.5710407e-08, No Iterations 1
smoothSolver:  Solving for omega, Initial residual = 0.0028955922, Final residual = 0.0002228571, No Iterations 2
smoothSolver:  Solving for k, Initial residual = 0.0028777493, Final residual = 0.00023849337, No Iterations 2
smoothSolver:  Solving for Ux, Initial residual = 1.5463906e-05, Final residual = 5.7385553e-07, No Iterations 2
smoothSolver:  Solving for Uy, Initial residual = 2.0312163e-05, Final residual = 7.6991201e-07, No Iterations 2
smoothSolver:  Solving for Uz, Initial residual = 1.9577472e-05, Final residual = 7.2569165e-07, No Iterations 2
GAMG:  Solving for p, Initial residual = 1.0422538e-06, Final residual = 8.7283294e-08, No Iterations 1
GAMG:  Solving for p, Initial residual = 1.1845745e-07, Final residual = 1.7403795e-08, No Iterations 1
smoothSolver:  Solving for omega, Initial residual = 0.0029143823, Final residual = 0.00021545913, No Iterations 2
smoothSolver:  Solving for k, Initial residual = 0.0027797524, Final residual = 0.00011984726, No Iterations 3
smoothSolver:  Solving for Ux, Initial residual = 1.6232262e-05, Final residual = 6.8950288e-07, No Iterations 2
smoothSolver:  Solving for Uy, Initial residual = 2.002305e-05, Final residual = 7.8272629e-07, No Iterations 2
smoothSolver:  Solving for Uz, Initial residual = 1.9548653e-05, Final residual = 7.429867e-07, No Iterations 2
GAMG:  Solving for p, Initial residual = 1.0688109e-06, Final residual = 7.6887594e-08, No Iterations 1
GAMG:  Solving for p, Initial residual = 1.0887563e-07, Final residual = 1.3283861e-08, No Iterations 1
smoothSolver:  Solving for omega, Initial residual = 0.0028516681, Final residual = 0.00022455198, No Iterations 2
smoothSolver:  Solving for k, Initial residual = 0.002882697, Final residual = 0.00025360207, No Iterations 2
smoothSolver:  Solving for Ux, Initial residual = 1.6220823e-05, Final residual = 8.0131813e-07, No Iterations 2
smoothSolver:  Solving for Uy, Initial residual = 1.9232916e-05, Final residual = 7.5532193e-07, No Iterations 2
smoothSolver:  Solving for Uz, Initial residual = 1.9271221e-05, Final residual = 7.6109006e-07, No Iterations 2
GAMG:  Solving for p, Initial residual = 1.0348618e-06, Final residual = 8.6050543e-08, No Iterations 1
GAMG:  Solving for p, Initial residual = 1.1511223e-07, Final residual = 1.8080516e-08, No Iterations 1
smoothSolver:  Solving for omega, Initial residual = 0.0027868899, Final residual = 0.00022183142, No Iterations 2
smoothSolver:  Solving for k, Initial residual = 0.0031033039, Final residual = 0.00014110737, No Iterations 3
smoothSolver:  Solving for Ux, Initial residual = 1.6989625e-05, Final residual = 9.5327086e-07, No Iterations 2
smoothSolver:  Solving for Uy, Initial residual = 1.9612548e-05, Final residual = 8.0848235e-07, No Iterations 2
smoothSolver:  Solving for Uz, Initial residual = 1.9212639e-05, Final residual = 7.9121659e-07, No Iterations 2
GAMG:  Solving for p, Initial residual = 1.0798122e-06, Final residual = 8.8811821e-08, No Iterations 1
GAMG:  Solving for p, Initial residual = 1.1975167e-07, Final residual = 1.5817882e-08, No Iterations 1
smoothSolver:  Solving for omega, Initial residual = 0.0028109385, Final residual = 0.00022060985, No Iterations 2
smoothSolver:  Solving for k, Initial residual = 0.0033833392, Final residual = 0.00030752815, No Iterations 2
smoothSolver:  Solving for Ux, Initial residual = 1.7057984e-05, Final residual = 7.7905777e-07, No Iterations 2
smoothSolver:  Solving for Uy, Initial residual = 1.9317027e-05, Final residual = 8.505166e-07, No Iterations 2
smoothSolver:  Solving for Uz, Initial residual = 1.9572078e-05, Final residual = 7.8825635e-07, No Iterations 2
GAMG:  Solving for p, Initial residual = 1.05196e-06, Final residual = 8.5916896e-08, No Iterations 1
GAMG:  Solving for p, Initial residual = 1.1387994e-07, Final residual = 1.9162633e-08, No Iterations 1
smoothSolver:  Solving for omega, Initial residual = 0.0028675735, Final residual = 0.00022163485, No Iterations 2
smoothSolver:  Solving for k, Initial residual = 0.0034000751, Final residual = 0.00031987086, No Iterations 2
smoothSolver:  Solving for Ux, Initial residual = 1.881734e-05, Final residual = 1.3459912e-06, No Iterations 2
smoothSolver:  Solving for Uy, Initial residual = 1.9445678e-05, Final residual = 7.3515511e-07, No Iterations 2
smoothSolver:  Solving for Uz, Initial residual = 1.9239551e-05, Final residual = 8.5011768e-07, No Iterations 2
GAMG:  Solving for p, Initial residual = 1.2320988e-06, Final residual = 1.6890724e-08, No Iterations 2
GAMG:  Solving for p, Initial residual = 6.5547679e-08, Final residual = 6.5547679e-08, No Iterations 0
smoothSolver:  Solving for omega, Initial residual = 0.0028377328, Final residual = 0.0002195305, No Iterations 2
smoothSolver:  Solving for k, Initial residual = 0.0032537555, Final residual = 0.00014659626, No Iterations 3
smoothSolver:  Solving for Ux, Initial residual = 1.9602221e-05, Final residual = 1.2540943e-06, No Iterations 2
smoothSolver:  Solving for Uy, Initial residual = 1.8903082e-05, Final residual = 8.1894605e-07, No Iterations 2
smoothSolver:  Solving for Uz, Initial residual = 1.9470038e-05, Final residual = 7.9192097e-07, No Iterations 2
GAMG:  Solving for p, Initial residual = 1.4386617e-06, Final residual = 2.1655591e-08, No Iterations 2
GAMG:  Solving for p, Initial residual = 7.4269332e-08, Final residual = 7.4269332e-08, No Iterations 0
smoothSolver:  Solving for omega, Initial residual = 0.002810647, Final residual = 0.00022222759, No Iterations 2
smoothSolver:  Solving for k, Initial residual = 0.0032281316, Final residual = 0.00027625615, No Iterations 2
smoothSolver:  Solving for Ux, Initial residual = 1.7953622e-05, Final residual = 1.1983718e-06, No Iterations 2
smoothSolver:  Solving for Uy, Initial residual = 1.8669962e-05, Final residual = 7.84848e-07, No Iterations 2
smoothSolver:  Solving for Uz, Initial residual = 2.0231236e-05, Final residual = 8.3743638e-07, No Iterations 2
GAMG:  Solving for p, Initial residual = 1.3508826e-06, Final residual = 1.8383777e-08, No Iterations 2
GAMG:  Solving for p, Initial residual = 6.3273043e-08, Final residual = 6.3273043e-08, No Iterations 0
smoothSolver:  Solving for omega, Initial residual = 0.0027693227, Final residual = 0.00022368632, No Iterations 2
smoothSolver:  Solving for k, Initial residual = 0.0034321163, Final residual = 0.00013904827, No Iterations 3
smoothSolver:  Solving for Ux, Initial residual = 1.862677e-05, Final residual = 1.1812856e-06, No Iterations 2
smoothSolver:  Solving for Uy, Initial residual = 1.7146002e-05, Final residual = 6.2318422e-07, No Iterations 2
smoothSolver:  Solving for Uz, Initial residual = 1.9473014e-05, Final residual = 8.0407423e-07, No Iterations 2
GAMG:  Solving for p, Initial residual = 1.4645253e-06, Final residual = 9.3606738e-08, No Iterations 1
GAMG:  Solving for p, Initial residual = 1.221026e-07, Final residual = 1.847811e-08, No Iterations 1
smoothSolver:  Solving for omega, Initial residual = 0.0027507404, Final residual = 0.00021227598, No Iterations 2
smoothSolver:  Solving for k, Initial residual = 0.0033797402, Final residual = 0.00032617163, No Iterations 2
smoothSolver:  Solving for Ux, Initial residual = 1.8065326e-05, Final residual = 1.1874558e-06, No Iterations 2
smoothSolver:  Solving for Uy, Initial residual = 1.6846394e-05, Final residual = 4.6210186e-07, No Iterations 2
smoothSolver:  Solving for Uz, Initial residual = 1.9315117e-05, Final residual = 8.1734127e-07, No Iterations 2
GAMG:  Solving for p, Initial residual = 1.3240034e-06, Final residual = 2.1605568e-08, No Iterations 2
GAMG:  Solving for p, Initial residual = 6.7484101e-08, Final residual = 6.7484101e-08, No Iterations 0
smoothSolver:  Solving for omega, Initial residual = 0.0027420158, Final residual = 0.00020867222, No Iterations 2
smoothSolver:  Solving for k, Initial residual = 0.0035503063, Final residual = 0.00014436353, No Iterations 3
smoothSolver:  Solving for Ux, Initial residual = 1.7366848e-05, Final residual = 1.1800822e-06, No Iterations 2
smoothSolver:  Solving for Uy, Initial residual = 1.6407639e-05, Final residual = 6.3176393e-07, No Iterations 2
smoothSolver:  Solving for Uz, Initial residual = 1.8781004e-05, Final residual = 7.2551953e-07, No Iterations 2
GAMG:  Solving for p, Initial residual = 1.3569617e-06, Final residual = 8.8522644e-08, No Iterations 1
GAMG:  Solving for p, Initial residual = 1.1534071e-07, Final residual = 1.7395615e-08, No Iterations 1
smoothSolver:  Solving for omega, Initial residual = 0.0027227861, Final residual = 0.00020531083, No Iterations 2
smoothSolver:  Solving for k, Initial residual = 0.0037625861, Final residual = 0.00030821984, No Iterations 2
smoothSolver:  Solving for Ux, Initial residual = 1.7446309e-05, Final residual = 1.269032e-06, No Iterations 2
smoothSolver:  Solving for Uy, Initial residual = 1.6796071e-05, Final residual = 7.6102556e-07, No Iterations 2
smoothSolver:  Solving for Uz, Initial residual = 1.8667846e-05, Final residual = 8.0047418e-07, No Iterations 2
GAMG:  Solving for p, Initial residual = 1.4549001e-06, Final residual = 1.8464909e-08, No Iterations 2
GAMG:  Solving for p, Initial residual = 6.3677579e-08, Final residual = 6.3677579e-08, No Iterations 0
smoothSolver:  Solving for omega, Initial residual = 0.0027591257, Final residual = 0.00020582275, No Iterations 2
smoothSolver:  Solving for k, Initial residual = 0.0037620571, Final residual = 0.00018943968, No Iterations 3
smoothSolver:  Solving for Ux, Initial residual = 1.8101343e-05, Final residual = 1.1234637e-06, No Iterations 2
smoothSolver:  Solving for Uy, Initial residual = 1.8522401e-05, Final residual = 7.4590921e-07, No Iterations 2
smoothSolver:  Solving for Uz, Initial residual = 1.9213806e-05, Final residual = 7.7729441e-07, No Iterations 2
GAMG:  Solving for p, Initial residual = 1.6071161e-06, Final residual = 2.0420012e-08, No Iterations 2
GAMG:  Solving for p, Initial residual = 7.0853179e-08, Final residual = 7.0853179e-08, No Iterations 0
smoothSolver:  Solving for omega, Initial residual = 0.0028008566, Final residual = 0.000192146, No Iterations 2
smoothSolver:  Solving for k, Initial residual = 0.0033730569, Final residual = 0.00032058818, No Iterations 2
smoothSolver:  Solving for Ux, Initial residual = 1.7504591e-05, Final residual = 1.2876239e-06, No Iterations 2
smoothSolver:  Solving for Uy, Initial residual = 1.9323729e-05, Final residual = 8.2295776e-07, No Iterations 2
smoothSolver:  Solving for Uz, Initial residual = 2.0092981e-05, Final residual = 8.47343e-07, No Iterations 2
GAMG:  Solving for p, Initial residual = 1.816753e-06, Final residual = 2.2857241e-08, No Iterations 2
GAMG:  Solving for p, Initial residual = 7.1418673e-08, Final residual = 7.1418673e-08, No Iterations 0
smoothSolver:  Solving for omega, Initial residual = 0.0028354562, Final residual = 0.00020919168, No Iterations 2
smoothSolver:  Solving for k, Initial residual = 0.0035702219, Final residual = 0.00031905582, No Iterations 2
smoothSolver:  Solving for Ux, Initial residual = 1.9161479e-05, Final residual = 1.568453e-06, No Iterations 2
smoothSolver:  Solving for Uy, Initial residual = 2.114485e-05, Final residual = 1.0803307e-06, No Iterations 2
smoothSolver:  Solving for Uz, Initial residual = 1.9805963e-05, Final residual = 6.6132734e-07, No Iterations 2
GAMG:  Solving for p, Initial residual = 1.7010422e-06, Final residual = 8.9295659e-08, No Iterations 1
GAMG:  Solving for p, Initial residual = 1.2780358e-07, Final residual = 1.7403483e-08, No Iterations 1
smoothSolver:  Solving for omega, Initial residual = 0.0028150983, Final residual = 0.00019805714, No Iterations 2
smoothSolver:  Solving for k, Initial residual = 0.0032564521, Final residual = 0.00017051263, No Iterations 3
smoothSolver:  Solving for Ux, Initial residual = 1.5818938e-05, Final residual = 5.801148e-07, No Iterations 2
smoothSolver:  Solving for Uy, Initial residual = 2.0533759e-05, Final residual = 5.4662715e-07, No Iterations 2
smoothSolver:  Solving for Uz, Initial residual = 1.9989961e-05, Final residual = 7.2136935e-07, No Iterations 2
GAMG:  Solving for p, Initial residual = 1.4932965e-06, Final residual = 8.7615374e-08, No Iterations 1
GAMG:  Solving for p, Initial residual = 1.2158392e-07, Final residual = 1.7354003e-08, No Iterations 1
smoothSolver:  Solving for omega, Initial residual = 0.0028857425, Final residual = 0.00020894585, No Iterations 2
smoothSolver:  Solving for k, Initial residual = 0.0035927061, Final residual = 0.0002900309, No Iterations 2
smoothSolver:  Solving for Ux, Initial residual = 1.4608109e-05, Final residual = 8.7907563e-07, No Iterations 2
smoothSolver:  Solving for Uy, Initial residual = 1.9846314e-05, Final residual = 7.1589511e-07, No Iterations 2
smoothSolver:  Solving for Uz, Initial residual = 1.9556878e-05, Final residual = 7.3815737e-07, No Iterations 2
GAMG:  Solving for p, Initial residual = 1.3113737e-06, Final residual = 7.9321438e-08, No Iterations 1
GAMG:  Solving for p, Initial residual = 1.1380617e-07, Final residual = 1.5610747e-08, No Iterations 1
smoothSolver:  Solving for omega, Initial residual = 0.0029206346, Final residual = 0.00020697572, No Iterations 2
smoothSolver:  Solving for k, Initial residual = 0.0034562795, Final residual = 0.00030764316, No Iterations 2
smoothSolver:  Solving for Ux, Initial residual = 1.6764693e-05, Final residual = 8.4503637e-07, No Iterations 2
smoothSolver:  Solving for Uy, Initial residual = 2.1356275e-05, Final residual = 7.6722012e-07, No Iterations 2
smoothSolver:  Solving for Uz, Initial residual = 1.9869206e-05, Final residual = 7.633316e-07, No Iterations 2
GAMG:  Solving for p, Initial residual = 1.2331532e-06, Final residual = 8.1081303e-08, No Iterations 1
GAMG:  Solving for p, Initial residual = 1.1650199e-07, Final residual = 1.5779878e-08, No Iterations 1
smoothSolver:  Solving for omega, Initial residual = 0.002931389, Final residual = 0.00022450239, No Iterations 2
smoothSolver:  Solving for k, Initial residual = 0.0031478797, Final residual = 0.00014030944, No Iterations 3
smoothSolver:  Solving for Ux, Initial residual = 1.5399343e-05, Final residual = 6.0455274e-07, No Iterations 2
smoothSolver:  Solving for Uy, Initial residual = 2.1298112e-05, Final residual = 8.0444663e-07, No Iterations 2
smoothSolver:  Solving for Uz, Initial residual = 1.9350817e-05, Final residual = 6.420713e-07, No Iterations 2
GAMG:  Solving for p, Initial residual = 1.3098599e-06, Final residual = 8.6225078e-08, No Iterations 1
GAMG:  Solving for p, Initial residual = 1.214787e-07, Final residual = 1.6910979e-08, No Iterations 1
smoothSolver:  Solving for omega, Initial residual = 0.0029152043, Final residual = 0.00022344053, No Iterations 2
smoothSolver:  Solving for k, Initial residual = 0.0030551735, Final residual = 0.00025085271, No Iterations 2
smoothSolver:  Solving for Ux, Initial residual = 1.5665429e-05, Final residual = 5.7215137e-07, No Iterations 2
smoothSolver:  Solving for Uy, Initial residual = 2.3142606e-05, Final residual = 7.7334418e-07, No Iterations 2
smoothSolver:  Solving for Uz, Initial residual = 1.9909625e-05, Final residual = 6.9780636e-07, No Iterations 2
GAMG:  Solving for p, Initial residual = 1.2263063e-06, Final residual = 8.8554277e-08, No Iterations 1
GAMG:  Solving for p, Initial residual = 1.2929966e-07, Final residual = 1.898125e-08, No Iterations 1
smoothSolver:  Solving for omega, Initial residual = 0.002966623, Final residual = 0.00023201655, No Iterations 2
smoothSolver:  Solving for k, Initial residual = 0.003134507, Final residual = 0.00026383246, No Iterations 2
smoothSolver:  Solving for Ux, Initial residual = 1.5373663e-05, Final residual = 7.2554175e-07, No Iterations 2
smoothSolver:  Solving for Uy, Initial residual = 2.315834e-05, Final residual = 1.1793921e-06, No Iterations 2
smoothSolver:  Solving for Uz, Initial residual = 1.9121994e-05, Final residual = 6.7272876e-07, No Iterations 2
GAMG:  Solving for p, Initial residual = 1.5275587e-06, Final residual = 2.0109365e-08, No Iterations 2
GAMG:  Solving for p, Initial residual = 7.0159672e-08, Final residual = 7.0159672e-08, No Iterations 0
smoothSolver:  Solving for omega, Initial residual = 0.0028509774, Final residual = 0.00024045902, No Iterations 2
smoothSolver:  Solving for k, Initial residual = 0.0028695759, Final residual = 0.00027622216, No Iterations 2
smoothSolver:  Solving for Ux, Initial residual = 1.7043313e-05, Final residual = 4.881954e-07, No Iterations 2
smoothSolver:  Solving for Uy, Initial residual = 2.3935319e-05, Final residual = 9.0667404e-07, No Iterations 2
smoothSolver:  Solving for Uz, Initial residual = 1.9479151e-05, Final residual = 5.4449827e-07, No Iterations 2
GAMG:  Solving for p, Initial residual = 1.4846871e-06, Final residual = 2.6126369e-08, No Iterations 2
GAMG:  Solving for p, Initial residual = 8.0595685e-08, Final residual = 8.0595685e-08, No Iterations 0
smoothSolver:  Solving for omega, Initial residual = 0.0029084856, Final residual = 0.0002237922, No Iterations 2
smoothSolver:  Solving for k, Initial residual = 0.0029407412, Final residual = 0.00023153746, No Iterations 2
smoothSolver:  Solving for Ux, Initial residual = 1.6535904e-05, Final residual = 6.0520519e-07, No Iterations 2
smoothSolver:  Solving for Uy, Initial residual = 2.2816544e-05, Final residual = 9.8851345e-07, No Iterations 2
smoothSolver:  Solving for Uz, Initial residual = 1.8201909e-05, Final residual = 6.4574387e-07, No Iterations 2
GAMG:  Solving for p, Initial residual = 1.8080357e-06, Final residual = 2.3621009e-08, No Iterations 2
GAMG:  Solving for p, Initial residual = 7.2375076e-08, Final residual = 7.2375076e-08, No Iterations 0
smoothSolver:  Solving for omega, Initial residual = 0.0028788878, Final residual = 0.00024525672, No Iterations 2
smoothSolver:  Solving for k, Initial residual = 0.0029825665, Final residual = 0.00021283258, No Iterations 2
smoothSolver:  Solving for Ux, Initial residual = 1.6415435e-05, Final residual = 4.8042541e-07, No Iterations 2
smoothSolver:  Solving for Uy, Initial residual = 2.3572622e-05, Final residual = 1.0710642e-06, No Iterations 2
smoothSolver:  Solving for Uz, Initial residual = 1.8068456e-05, Final residual = 4.8465518e-07, No Iterations 2
GAMG:  Solving for p, Initial residual = 1.575255e-06, Final residual = 2.6439393e-08, No Iterations 2
GAMG:  Solving for p, Initial residual = 7.5537094e-08, Final residual = 7.5537094e-08, No Iterations 0
smoothSolver:  Solving for omega, Initial residual = 0.0029319763, Final residual = 0.00022649449, No Iterations 2
smoothSolver:  Solving for k, Initial residual = 0.0028861975, Final residual = 0.00024135931, No Iterations 2
smoothSolver:  Solving for Ux, Initial residual = 1.5701659e-05, Final residual = 4.7669829e-07, No Iterations 2
smoothSolver:  Solving for Uy, Initial residual = 2.2016752e-05, Final residual = 1.0662136e-06, No Iterations 2
smoothSolver:  Solving for Uz, Initial residual = 1.772098e-05, Final residual = 5.4704894e-07, No Iterations 2
GAMG:  Solving for p, Initial residual = 1.8362794e-06, Final residual = 2.0256342e-08, No Iterations 2
GAMG:  Solving for p, Initial residual = 7.3472599e-08, Final residual = 7.3472599e-08, No Iterations 0
smoothSolver:  Solving for omega, Initial residual = 0.0029013712, Final residual = 0.00023634572, No Iterations 2
smoothSolver:  Solving for k, Initial residual = 0.0024554325, Final residual = 0.00023772554, No Iterations 2
smoothSolver:  Solving for Ux, Initial residual = 1.6623131e-05, Final residual = 4.1783681e-07, No Iterations 2
smoothSolver:  Solving for Uy, Initial residual = 2.2279996e-05, Final residual = 1.0260443e-06, No Iterations 2
smoothSolver:  Solving for Uz, Initial residual = 1.8535535e-05, Final residual = 4.9206975e-07, No Iterations 2
GAMG:  Solving for p, Initial residual = 1.6000634e-06, Final residual = 2.3144654e-08, No Iterations 2
GAMG:  Solving for p, Initial residual = 7.3944836e-08, Final residual = 7.3944836e-08, No Iterations 0
smoothSolver:  Solving for omega, Initial residual = 0.0029035357, Final residual = 0.00023186595, No Iterations 2
smoothSolver:  Solving for k, Initial residual = 0.0025830554, Final residual = 0.00021486281, No Iterations 2
smoothSolver:  Solving for Ux, Initial residual = 1.6060276e-05, Final residual = 4.0949497e-07, No Iterations 2
smoothSolver:  Solving for Uy, Initial residual = 2.1128308e-05, Final residual = 1.0152247e-06, No Iterations 2
smoothSolver:  Solving for Uz, Initial residual = 1.8024855e-05, Final residual = 5.5653112e-07, No Iterations 2
GAMG:  Solving for p, Initial residual = 1.7609464e-06, Final residual = 9.2251782e-08, No Iterations 1
GAMG:  Solving for p, Initial residual = 1.2788881e-07, Final residual = 1.590608e-08, No Iterations 1
smoothSolver:  Solving for omega, Initial residual = 0.0028023126, Final residual = 0.00024165156, No Iterations 2
smoothSolver:  Solving for k, Initial residual = 0.0025657538, Final residual = 0.00024590692, No Iterations 2
smoothSolver:  Solving for Ux, Initial residual = 1.5537868e-05, Final residual = 3.9051336e-07, No Iterations 2
smoothSolver:  Solving for Uy, Initial residual = 2.1587032e-05, Final residual = 1.0400426e-06, No Iterations 2
smoothSolver:  Solving for Uz, Initial residual = 1.8172496e-05, Final residual = 5.6746185e-07, No Iterations 2
GAMG:  Solving for p, Initial residual = 1.4967968e-06, Final residual = 8.9097182e-08, No Iterations 1
GAMG:  Solving for p, Initial residual = 1.2768214e-07, Final residual = 1.9161458e-08, No Iterations 1
smoothSolver:  Solving for omega, Initial residual = 0.0028818379, Final residual = 0.00022375426, No Iterations 2
smoothSolver:  Solving for k, Initial residual = 0.0027941119, Final residual = 0.00021421487, No Iterations 2
smoothSolver:  Solving for Ux, Initial residual = 1.5825569e-05, Final residual = 5.4628872e-07, No Iterations 2
smoothSolver:  Solving for Uy, Initial residual = 2.0701553e-05, Final residual = 1.0612085e-06, No Iterations 2
smoothSolver:  Solving for Uz, Initial residual = 1.7961491e-05, Final residual = 5.7085869e-07, No Iterations 2
GAMG:  Solving for p, Initial residual = 1.6134143e-06, Final residual = 8.358069e-08, No Iterations 1
GAMG:  Solving for p, Initial residual = 1.1974646e-07, Final residual = 1.3631662e-08, No Iterations 1
smoothSolver:  Solving for omega, Initial residual = 0.0028889321, Final residual = 0.00023924443, No Iterations 2
smoothSolver:  Solving for k, Initial residual = 0.0026773406, Final residual = 0.00022138217, No Iterations 2
smoothSolver:  Solving for Ux, Initial residual = 1.4954043e-05, Final residual = 5.6288723e-07, No Iterations 2
smoothSolver:  Solving for Uy, Initial residual = 2.0536429e-05, Final residual = 9.9959126e-07, No Iterations 2
smoothSolver:  Solving for Uz, Initial residual = 1.7806242e-05, Final residual = 5.7565885e-07, No Iterations 2
GAMG:  Solving for p, Initial residual = 1.3458753e-06, Final residual = 7.985302e-08, No Iterations 1
GAMG:  Solving for p, Initial residual = 1.1775421e-07, Final residual = 1.5137782e-08, No Iterations 1
smoothSolver:  Solving for omega, Initial residual = 0.0029462177, Final residual = 0.00022963534, No Iterations 2
smoothSolver:  Solving for k, Initial residual = 0.0026651372, Final residual = 0.00021617662, No Iterations 2
smoothSolver:  Solving for Ux, Initial residual = 1.4773385e-05, Final residual = 5.1912991e-07, No Iterations 2
smoothSolver:  Solving for Uy, Initial residual = 1.9722498e-05, Final residual = 1.0372532e-06, No Iterations 2
smoothSolver:  Solving for Uz, Initial residual = 1.77035e-05, Final residual = 5.5911436e-07, No Iterations 2
GAMG:  Solving for p, Initial residual = 1.4675502e-06, Final residual = 7.8632372e-08, No Iterations 1
GAMG:  Solving for p, Initial residual = 1.1518604e-07, Final residual = 1.2463512e-08, No Iterations 1
smoothSolver:  Solving for omega, Initial residual = 0.0028772228, Final residual = 0.00023684557, No Iterations 2
smoothSolver:  Solving for k, Initial residual = 0.0024714886, Final residual = 9.9264337e-05, No Iterations 3
smoothSolver:  Solving for Ux, Initial residual = 1.4944709e-05, Final residual = 4.7281967e-07, No Iterations 2
smoothSolver:  Solving for Uy, Initial residual = 2.0022453e-05, Final residual = 1.0438575e-06, No Iterations 2
smoothSolver:  Solving for Uz, Initial residual = 1.8148987e-05, Final residual = 6.03739e-07, No Iterations 2
GAMG:  Solving for p, Initial residual = 1.2711987e-06, Final residual = 7.3020284e-08, No Iterations 1
GAMG:  Solving for p, Initial residual = 1.0833787e-07, Final residual = 1.262548e-08, No Iterations 1
smoothSolver:  Solving for omega, Initial residual = 0.0028758745, Final residual = 0.00022341407, No Iterations 2
smoothSolver:  Solving for k, Initial residual = 0.0028694863, Final residual = 0.00022819558, No Iterations 2
smoothSolver:  Solving for Ux, Initial residual = 1.547358e-05, Final residual = 7.2556053e-07, No Iterations 2
smoothSolver:  Solving for Uy, Initial residual = 1.9741618e-05, Final residual = 9.5903647e-07, No Iterations 2
smoothSolver:  Solving for Uz, Initial residual = 1.8490402e-05, Final residual = 5.8652242e-07, No Iterations 2
GAMG:  Solving for p, Initial residual = 1.3352791e-06, Final residual = 8.0051728e-08, No Iterations 1
GAMG:  Solving for p, Initial residual = 1.1662253e-07, Final residual = 1.3872477e-08, No Iterations 1
smoothSolver:  Solving for omega, Initial residual = 0.0028388619, Final residual = 0.00022589528, No Iterations 2
smoothSolver:  Solving for k, Initial residual = 0.0026492061, Final residual = 0.00011870199, No Iterations 3
smoothSolver:  Solving for Ux, Initial residual = 1.4773649e-05, Final residual = 5.806729e-07, No Iterations 2
smoothSolver:  Solving for Uy, Initial residual = 1.9301984e-05, Final residual = 1.0898296e-06, No Iterations 2
smoothSolver:  Solving for Uz, Initial residual = 1.8433422e-05, Final residual = 6.0876622e-07, No Iterations 2
GAMG:  Solving for p, Initial residual = 1.1739726e-06, Final residual = 6.9194352e-08, No Iterations 1
GAMG:  Solving for p, Initial residual = 1.0538354e-07, Final residual = 1.1340774e-08, No Iterations 1
smoothSolver:  Solving for omega, Initial residual = 0.0028633927, Final residual = 0.00022135987, No Iterations 2
smoothSolver:  Solving for k, Initial residual = 0.0029184556, Final residual = 0.00025093557, No Iterations 2
smoothSolver:  Solving for Ux, Initial residual = 1.6233201e-05, Final residual = 9.2944023e-07, No Iterations 2
smoothSolver:  Solving for Uy, Initial residual = 1.8559869e-05, Final residual = 7.4038005e-07, No Iterations 2
smoothSolver:  Solving for Uz, Initial residual = 1.8550892e-05, Final residual = 6.2269734e-07, No Iterations 2
GAMG:  Solving for p, Initial residual = 1.1441158e-06, Final residual = 9.3401968e-08, No Iterations 1
GAMG:  Solving for p, Initial residual = 1.2297621e-07, Final residual = 1.9290304e-08, No Iterations 1
smoothSolver:  Solving for omega, Initial residual = 0.0028020643, Final residual = 0.000211525, No Iterations 2
smoothSolver:  Solving for k, Initial residual = 0.0030213433, Final residual = 0.00015598244, No Iterations 3
smoothSolver:  Solving for Ux, Initial residual = 1.5678505e-05, Final residual = 7.0405509e-07, No Iterations 2
smoothSolver:  Solving for Uy, Initial residual = 1.7863196e-05, Final residual = 1.2034151e-06, No Iterations 2
smoothSolver:  Solving for Uz, Initial residual = 1.8718863e-05, Final residual = 6.8004576e-07, No Iterations 2
GAMG:  Solving for p, Initial residual = 1.3829921e-06, Final residual = 9.1374486e-08, No Iterations 1
GAMG:  Solving for p, Initial residual = 1.2578384e-07, Final residual = 1.7004073e-08, No Iterations 1
smoothSolver:  Solving for omega, Initial residual = 0.00278148, Final residual = 0.00020282006, No Iterations 2
smoothSolver:  Solving for k, Initial residual = 0.0033103987, Final residual = 0.00025960338, No Iterations 2
smoothSolver:  Solving for Ux, Initial residual = 1.6965577e-05, Final residual = 9.7984602e-07, No Iterations 2
smoothSolver:  Solving for Uy, Initial residual = 1.8376866e-05, Final residual = 8.2208147e-07, No Iterations 2
smoothSolver:  Solving for Uz, Initial residual = 1.9916565e-05, Final residual = 6.5565917e-07, No Iterations 2
GAMG:  Solving for p, Initial residual = 1.379017e-06, Final residual = 2.6061955e-08, No Iterations 2
GAMG:  Solving for p, Initial residual = 6.9605113e-08, Final residual = 6.9605113e-08, No Iterations 0
smoothSolver:  Solving for omega, Initial residual = 0.0027869394, Final residual = 0.00018544645, No Iterations 2
smoothSolver:  Solving for k, Initial residual = 0.0031789164, Final residual = 0.00029410266, No Iterations 2
smoothSolver:  Solving for Ux, Initial residual = 1.6604693e-05, Final residual = 1.0088222e-06, No Iterations 2
smoothSolver:  Solving for Uy, Initial residual = 1.7750868e-05, Final residual = 5.3078928e-07, No Iterations 2
smoothSolver:  Solving for Uz, Initial residual = 1.9464236e-05, Final residual = 7.4221004e-07, No Iterations 2
GAMG:  Solving for p, Initial residual = 1.4434598e-06, Final residual = 9.5210258e-08, No Iterations 1
GAMG:  Solving for p, Initial residual = 1.2547291e-07, Final residual = 1.7070945e-08, No Iterations 1
smoothSolver:  Solving for omega, Initial residual = 0.0028382366, Final residual = 0.00018740216, No Iterations 2
smoothSolver:  Solving for k, Initial residual = 0.0027901326, Final residual = 0.00026721135, No Iterations 2
smoothSolver:  Solving for Ux, Initial residual = 1.5226549e-05, Final residual = 6.3253821e-07, No Iterations 2
smoothSolver:  Solving for Uy, Initial residual = 1.7942236e-05, Final residual = 5.8591979e-07, No Iterations 2
smoothSolver:  Solving for Uz, Initial residual = 2.0127869e-05, Final residual = 6.3557246e-07, No Iterations 2
GAMG:  Solving for p, Initial residual = 1.3275409e-06, Final residual = 8.8633512e-08, No Iterations 1
GAMG:  Solving for p, Initial residual = 1.2517921e-07, Final residual = 1.7227771e-08, No Iterations 1
smoothSolver:  Solving for omega, Initial residual = 0.002771839, Final residual = 0.00018640558, No Iterations 2
smoothSolver:  Solving for k, Initial residual = 0.0027633813, Final residual = 0.00011250899, No Iterations 3
smoothSolver:  Solving for Ux, Initial residual = 1.5203356e-05, Final residual = 5.0571039e-07, No Iterations 2
smoothSolver:  Solving for Uy, Initial residual = 1.7619257e-05, Final residual = 6.6598693e-07, No Iterations 2
smoothSolver:  Solving for Uz, Initial residual = 2.0555751e-05, Final residual = 6.4344769e-07, No Iterations 2
GAMG:  Solving for p, Initial residual = 1.17853e-06, Final residual = 7.5825211e-08, No Iterations 1
GAMG:  Solving for p, Initial residual = 1.0736807e-07, Final residual = 1.4617304e-08, No Iterations 1
smoothSolver:  Solving for omega, Initial residual = 0.0027895566, Final residual = 0.00017292868, No Iterations 2
smoothSolver:  Solving for k, Initial residual = 0.0031302616, Final residual = 0.00026170078, No Iterations 2
smoothSolver:  Solving for Ux, Initial residual = 1.56527e-05, Final residual = 6.787956e-07, No Iterations 2
smoothSolver:  Solving for Uy, Initial residual = 1.7936144e-05, Final residual = 5.8541105e-07, No Iterations 2
smoothSolver:  Solving for Uz, Initial residual = 2.0907305e-05, Final residual = 7.185682e-07, No Iterations 2
GAMG:  Solving for p, Initial residual = 1.2555852e-06, Final residual = 9.0996833e-08, No Iterations 1
GAMG:  Solving for p, Initial residual = 1.2362594e-07, Final residual = 1.6410634e-08, No Iterations 1
smoothSolver:  Solving for omega, Initial residual = 0.0028646379, Final residual = 0.00019207175, No Iterations 2
smoothSolver:  Solving for k, Initial residual = 0.0028067663, Final residual = 0.00011923007, No Iterations 3
smoothSolver:  Solving for Ux, Initial residual = 1.5916569e-05, Final residual = 7.2401972e-07, No Iterations 2
smoothSolver:  Solving for Uy, Initial residual = 1.878667e-05, Final residual = 5.7934144e-07, No Iterations 2
smoothSolver:  Solving for Uz, Initial residual = 2.075991e-05, Final residual = 7.2198366e-07, No Iterations 2
GAMG:  Solving for p, Initial residual = 1.1513186e-06, Final residual = 7.9507817e-08, No Iterations 1
GAMG:  Solving for p, Initial residual = 1.0812186e-07, Final residual = 1.5402387e-08, No Iterations 1
smoothSolver:  Solving for omega, Initial residual = 0.0028903437, Final residual = 0.00019730512, No Iterations 2
smoothSolver:  Solving for k, Initial residual = 0.0028354631, Final residual = 0.00024512793, No Iterations 2
smoothSolver:  Solving for Ux, Initial residual = 1.6944118e-05, Final residual = 7.7536201e-07, No Iterations 2
smoothSolver:  Solving for Uy, Initial residual = 1.9483282e-05, Final residual = 5.2871698e-07, No Iterations 2
smoothSolver:  Solving for Uz, Initial residual = 2.0693649e-05, Final residual = 7.5935897e-07, No Iterations 2
GAMG:  Solving for p, Initial residual = 1.3792975e-06, Final residual = 9.5540017e-08, No Iterations 1
GAMG:  Solving for p, Initial residual = 1.314162e-07, Final residual = 1.5870607e-08, No Iterations 1
smoothSolver:  Solving for omega, Initial residual = 0.0028803511, Final residual = 0.0001997369, No Iterations 2
smoothSolver:  Solving for k, Initial residual = 0.0029597211, Final residual = 0.00013299083, No Iterations 3
smoothSolver:  Solving for Ux, Initial residual = 1.7782753e-05, Final residual = 9.2125893e-07, No Iterations 2
smoothSolver:  Solving for Uy, Initial residual = 2.0391549e-05, Final residual = 5.5625323e-07, No Iterations 2
smoothSolver:  Solving for Uz, Initial residual = 2.0851071e-05, Final residual = 7.4059007e-07, No Iterations 2
GAMG:  Solving for p, Initial residual = 1.2043543e-06, Final residual = 8.4727538e-08, No Iterations 1
GAMG:  Solving for p, Initial residual = 1.1777806e-07, Final residual = 1.6497236e-08, No Iterations 1
smoothSolver:  Solving for omega, Initial residual = 0.0028802007, Final residual = 0.00019401909, No Iterations 2
smoothSolver:  Solving for k, Initial residual = 0.0032033758, Final residual = 0.0002273956, No Iterations 2
smoothSolver:  Solving for Ux, Initial residual = 1.8588248e-05, Final residual = 1.0523425e-06, No Iterations 2
smoothSolver:  Solving for Uy, Initial residual = 2.0398227e-05, Final residual = 6.2834103e-07, No Iterations 2
smoothSolver:  Solving for Uz, Initial residual = 2.11272e-05, Final residual = 7.8176351e-07, No Iterations 2
GAMG:  Solving for p, Initial residual = 1.5556094e-06, Final residual = 1.8804319e-08, No Iterations 2
GAMG:  Solving for p, Initial residual = 7.1843628e-08, Final residual = 7.1843628e-08, No Iterations 0
smoothSolver:  Solving for omega, Initial residual = 0.0029218183, Final residual = 0.00021227812, No Iterations 2
smoothSolver:  Solving for k, Initial residual = 0.0028546133, Final residual = 0.00012433158, No Iterations 3
smoothSolver:  Solving for Ux, Initial residual = 1.8130958e-05, Final residual = 9.3814995e-07, No Iterations 2
smoothSolver:  Solving for Uy, Initial residual = 2.0454024e-05, Final residual = 7.9962152e-07, No Iterations 2
smoothSolver:  Solving for Uz, Initial residual = 2.136689e-05, Final residual = 8.6701342e-07, No Iterations 2
GAMG:  Solving for p, Initial residual = 1.3358168e-06, Final residual = 8.9756569e-08, No Iterations 1
GAMG:  Solving for p, Initial residual = 1.209215e-07, Final residual = 1.946534e-08, No Iterations 1
smoothSolver:  Solving for omega, Initial residual = 0.0029066874, Final residual = 0.00021808217, No Iterations 2
smoothSolver:  Solving for k, Initial residual = 0.0029226729, Final residual = 0.00022561102, No Iterations 2
smoothSolver:  Solving for Ux, Initial residual = 1.7466112e-05, Final residual = 6.5731438e-07, No Iterations 2
smoothSolver:  Solving for Uy, Initial residual = 2.1411499e-05, Final residual = 5.3981602e-07, No Iterations 2
smoothSolver:  Solving for Uz, Initial residual = 2.05696e-05, Final residual = 7.4455295e-07, No Iterations 2
GAMG:  Solving for p, Initial residual = 1.3145402e-06, Final residual = 8.8648134e-08, No Iterations 1
GAMG:  Solving for p, Initial residual = 1.25633e-07, Final residual = 1.5316478e-08, No Iterations 1
smoothSolver:  Solving for omega, Initial residual = 0.0029469666, Final residual = 0.00022255468, No Iterations 2
smoothSolver:  Solving for k, Initial residual = 0.0031387938, Final residual = 0.00027660474, No Iterations 2
smoothSolver:  Solving for Ux, Initial residual = 1.7801156e-05, Final residual = 6.4000877e-07, No Iterations 2
smoothSolver:  Solving for Uy, Initial residual = 2.1574398e-05, Final residual = 8.2512959e-07, No Iterations 2
smoothSolver:  Solving for Uz, Initial residual = 2.0450205e-05, Final residual = 7.3505399e-07, No Iterations 2
GAMG:  Solving for p, Initial residual = 1.3995143e-06, Final residual = 9.9192609e-08, No Iterations 1
GAMG:  Solving for p, Initial residual = 1.2798012e-07, Final residual = 2.1329552e-08, No Iterations 1
smoothSolver:  Solving for omega, Initial residual = 0.0028713136, Final residual = 0.00021949026, No Iterations 2
smoothSolver:  Solving for k, Initial residual = 0.002777308, Final residual = 0.00023380447, No Iterations 2
smoothSolver:  Solving for Ux, Initial residual = 1.806745e-05, Final residual = 8.1726193e-07, No Iterations 2
smoothSolver:  Solving for Uy, Initial residual = 2.2209708e-05, Final residual = 6.7970665e-07, No Iterations 2
smoothSolver:  Solving for Uz, Initial residual = 2.0062701e-05, Final residual = 7.4953548e-07, No Iterations 2
GAMG:  Solving for p, Initial residual = 1.2897649e-06, Final residual = 9.7263498e-08, No Iterations 1
GAMG:  Solving for p, Initial residual = 1.3290762e-07, Final residual = 1.7466911e-08, No Iterations 1
smoothSolver:  Solving for omega, Initial residual = 0.0029196393, Final residual = 0.00022219525, No Iterations 2
smoothSolver:  Solving for k, Initial residual = 0.0025860827, Final residual = 0.00023803137, No Iterations 2
smoothSolver:  Solving for Ux, Initial residual = 1.7709389e-05, Final residual = 7.7498499e-07, No Iterations 2
smoothSolver:  Solving for Uy, Initial residual = 2.072785e-05, Final residual = 8.4508284e-07, No Iterations 2
smoothSolver:  Solving for Uz, Initial residual = 2.0194052e-05, Final residual = 7.2400758e-07, No Iterations 2
GAMG:  Solving for p, Initial residual = 1.5246048e-06, Final residual = 2.3111934e-08, No Iterations 2
GAMG:  Solving for p, Initial residual = 7.0793994e-08, Final residual = 7.0793994e-08, No Iterations 0
smoothSolver:  Solving for omega, Initial residual = 0.002806621, Final residual = 0.00023020745, No Iterations 2
smoothSolver:  Solving for k, Initial residual = 0.0026712428, Final residual = 0.00021679292, No Iterations 2
smoothSolver:  Solving for Ux, Initial residual = 1.7018064e-05, Final residual = 7.5139437e-07, No Iterations 2
smoothSolver:  Solving for Uy, Initial residual = 2.1069266e-05, Final residual = 9.1997422e-07, No Iterations 2
smoothSolver:  Solving for Uz, Initial residual = 1.9776815e-05, Final residual = 7.7666786e-07, No Iterations 2
GAMG:  Solving for p, Initial residual = 1.3913125e-06, Final residual = 1.9440204e-08, No Iterations 2
GAMG:  Solving for p, Initial residual = 7.2091816e-08, Final residual = 7.2091816e-08, No Iterations 0
smoothSolver:  Solving for omega, Initial residual = 0.0027789039, Final residual = 0.00022132912, No Iterations 2
smoothSolver:  Solving for k, Initial residual = 0.0027412326, Final residual = 0.00026065944, No Iterations 2
smoothSolver:  Solving for Ux, Initial residual = 1.7565987e-05, Final residual = 8.5537103e-07, No Iterations 2
smoothSolver:  Solving for Uy, Initial residual = 2.0208241e-05, Final residual = 7.9456169e-07, No Iterations 2
smoothSolver:  Solving for Uz, Initial residual = 1.9178585e-05, Final residual = 6.9294462e-07, No Iterations 2
GAMG:  Solving for p, Initial residual = 1.5277435e-06, Final residual = 2.0011942e-08, No Iterations 2
GAMG:  Solving for p, Initial residual = 6.9523483e-08, Final residual = 6.9523483e-08, No Iterations 0
smoothSolver:  Solving for omega, Initial residual = 0.0027874038, Final residual = 0.00021654907, No Iterations 2
smoothSolver:  Solving for k, Initial residual = 0.0027992023, Final residual = 0.00025512537, No Iterations 2
smoothSolver:  Solving for Ux, Initial residual = 1.6068751e-05, Final residual = 6.022468e-07, No Iterations 2
smoothSolver:  Solving for Uy, Initial residual = 1.9457391e-05, Final residual = 9.1651394e-07, No Iterations 2
smoothSolver:  Solving for Uz, Initial residual = 1.9385844e-05, Final residual = 7.8580535e-07, No Iterations 2
GAMG:  Solving for p, Initial residual = 1.1911387e-06, Final residual = 9.5720686e-08, No Iterations 1
GAMG:  Solving for p, Initial residual = 1.2380316e-07, Final residual = 2.1712689e-08, No Iterations 1
smoothSolver:  Solving for omega, Initial residual = 0.0028506947, Final residual = 0.00021623492, No Iterations 2
smoothSolver:  Solving for k, Initial residual = 0.0029753465, Final residual = 0.00023778349, No Iterations 2
smoothSolver:  Solving for Ux, Initial residual = 1.6664989e-05, Final residual = 8.3202316e-07, No Iterations 2
smoothSolver:  Solving for Uy, Initial residual = 1.8626333e-05, Final residual = 7.0733768e-07, No Iterations 2
smoothSolver:  Solving for Uz, Initial residual = 1.8536076e-05, Final residual = 7.4066441e-07, No Iterations 2
GAMG:  Solving for p, Initial residual = 1.2327838e-06, Final residual = 8.1666982e-08, No Iterations 1
GAMG:  Solving for p, Initial residual = 1.1267616e-07, Final residual = 1.4610969e-08, No Iterations 1
smoothSolver:  Solving for omega, Initial residual = 0.0027783285, Final residual = 0.00021572438, No Iterations 2
smoothSolver:  Solving for k, Initial residual = 0.0029132078, Final residual = 0.00012560423, No Iterations 3
smoothSolver:  Solving for Ux, Initial residual = 1.6680778e-05, Final residual = 7.8334214e-07, No Iterations 2
smoothSolver:  Solving for Uy, Initial residual = 1.788538e-05, Final residual = 9.4382613e-07, No Iterations 2
smoothSolver:  Solving for Uz, Initial residual = 1.8525728e-05, Final residual = 7.4275574e-07, No Iterations 2
GAMG:  Solving for p, Initial residual = 1.1154293e-06, Final residual = 9.0695948e-08, No Iterations 1
GAMG:  Solving for p, Initial residual = 1.1962978e-07, Final residual = 2.1339763e-08, No Iterations 1
smoothSolver:  Solving for omega, Initial residual = 0.0027723881, Final residual = 0.00021404219, No Iterations 2
smoothSolver:  Solving for k, Initial residual = 0.002853919, Final residual = 0.00025346923, No Iterations 2
smoothSolver:  Solving for Ux, Initial residual = 1.6388341e-05, Final residual = 9.2856987e-07, No Iterations 2
smoothSolver:  Solving for Uy, Initial residual = 1.8189121e-05, Final residual = 7.7278296e-07, No Iterations 2
smoothSolver:  Solving for Uz, Initial residual = 1.8864913e-05, Final residual = 7.5184827e-07, No Iterations 2
GAMG:  Solving for p, Initial residual = 1.115607e-06, Final residual = 8.507439e-08, No Iterations 1
GAMG:  Solving for p, Initial residual = 1.1101219e-07, Final residual = 1.4555705e-08, No Iterations 1
smoothSolver:  Solving for omega, Initial residual = 0.002759017, Final residual = 0.00023117082, No Iterations 2
smoothSolver:  Solving for k, Initial residual = 0.0029109573, Final residual = 0.00023492295, No Iterations 2
smoothSolver:  Solving for Ux, Initial residual = 1.6923275e-05, Final residual = 9.3997317e-07, No Iterations 2
smoothSolver:  Solving for Uy, Initial residual = 1.6146863e-05, Final residual = 5.0418651e-07, No Iterations 2
smoothSolver:  Solving for Uz, Initial residual = 1.834604e-05, Final residual = 7.5591291e-07, No Iterations 2
GAMG:  Solving for p, Initial residual = 1.0478994e-06, Final residual = 7.1970523e-08, No Iterations 1
GAMG:  Solving for p, Initial residual = 1.0014515e-07, Final residual = 1.365823e-08, No Iterations 1
smoothSolver:  Solving for omega, Initial residual = 0.0027352126, Final residual = 0.00021514929, No Iterations 2
smoothSolver:  Solving for k, Initial residual = 0.0027458803, Final residual = 0.00012535843, No Iterations 3
smoothSolver:  Solving for Ux, Initial residual = 1.6541784e-05, Final residual = 7.4318647e-07, No Iterations 2
smoothSolver:  Solving for Uy, Initial residual = 1.6073696e-05, Final residual = 7.2322683e-07, No Iterations 2
smoothSolver:  Solving for Uz, Initial residual = 1.7974002e-05, Final residual = 7.1406124e-07, No Iterations 2
GAMG:  Solving for p, Initial residual = 1.0498131e-06, Final residual = 8.9623047e-08, No Iterations 1
GAMG:  Solving for p, Initial residual = 1.1803958e-07, Final residual = 1.8759236e-08, No Iterations 1
smoothSolver:  Solving for omega, Initial residual = 0.0027090478, Final residual = 0.00021778835, No Iterations 2
smoothSolver:  Solving for k, Initial residual = 0.0032310788, Final residual = 0.00026262489, No Iterations 2
smoothSolver:  Solving for Ux, Initial residual = 1.6020904e-05, Final residual = 7.9842537e-07, No Iterations 2
smoothSolver:  Solving for Uy, Initial residual = 1.6283385e-05, Final residual = 7.2884325e-07, No Iterations 2
smoothSolver:  Solving for Uz, Initial residual = 1.7897582e-05, Final residual = 7.4877942e-07, No Iterations 2
GAMG:  Solving for p, Initial residual = 9.3678234e-07, Final residual = 6.7850816e-08, No Iterations 1
GAMG:  Solving for p, Initial residual = 9.1125019e-08, Final residual = 9.1125019e-08, No Iterations 0
smoothSolver:  Solving for omega, Initial residual = 0.0026813135, Final residual = 0.00021630714, No Iterations 2
smoothSolver:  Solving for k, Initial residual = 0.0031892965, Final residual = 0.00024782062, No Iterations 2
smoothSolver:  Solving for Ux, Initial residual = 1.6050584e-05, Final residual = 9.1803795e-07, No Iterations 2
smoothSolver:  Solving for Uy, Initial residual = 1.5450082e-05, Final residual = 5.4223153e-07, No Iterations 2
smoothSolver:  Solving for Uz, Initial residual = 1.7013062e-05, Final residual = 6.6972426e-07, No Iterations 2
GAMG:  Solving for p, Initial residual = 9.6606594e-07, Final residual = 7.7609672e-08, No Iterations 1
GAMG:  Solving for p, Initial residual = 1.0289587e-07, Final residual = 1.4759271e-08, No Iterations 1
smoothSolver:  Solving for omega, Initial residual = 0.002708757, Final residual = 0.00022109637, No Iterations 2
smoothSolver:  Solving for k, Initial residual = 0.0028143023, Final residual = 0.00014781025, No Iterations 3
smoothSolver:  Solving for Ux, Initial residual = 1.5350963e-05, Final residual = 7.2649145e-07, No Iterations 2
smoothSolver:  Solving for Uy, Initial residual = 1.5802761e-05, Final residual = 7.926764e-07, No Iterations 2
smoothSolver:  Solving for Uz, Initial residual = 1.7369208e-05, Final residual = 6.9811902e-07, No Iterations 2
GAMG:  Solving for p, Initial residual = 9.8895588e-07, Final residual = 7.9410583e-08, No Iterations 1
GAMG:  Solving for p, Initial residual = 1.0427002e-07, Final residual = 1.6830043e-08, No Iterations 1
smoothSolver:  Solving for omega, Initial residual = 0.0027428056, Final residual = 0.00020920335, No Iterations 2
smoothSolver:  Solving for k, Initial residual = 0.0028545562, Final residual = 0.00024833232, No Iterations 2
smoothSolver:  Solving for Ux, Initial residual = 1.6389879e-05, Final residual = 1.033919e-06, No Iterations 2
smoothSolver:  Solving for Uy, Initial residual = 1.557209e-05, Final residual = 5.3910359e-07, No Iterations 2
smoothSolver:  Solving for Uz, Initial residual = 1.8140923e-05, Final residual = 7.7286718e-07, No Iterations 2
GAMG:  Solving for p, Initial residual = 1.0231754e-06, Final residual = 8.2798762e-08, No Iterations 1
GAMG:  Solving for p, Initial residual = 1.0745295e-07, Final residual = 1.5335763e-08, No Iterations 1
smoothSolver:  Solving for omega, Initial residual = 0.0027411895, Final residual = 0.00021137845, No Iterations 2
smoothSolver:  Solving for k, Initial residual = 0.0031758319, Final residual = 0.00025716828, No Iterations 2
smoothSolver:  Solving for Ux, Initial residual = 1.644956e-05, Final residual = 1.1399005e-06, No Iterations 2
smoothSolver:  Solving for Uy, Initial residual = 1.6357901e-05, Final residual = 4.6167075e-07, No Iterations 2
smoothSolver:  Solving for Uz, Initial residual = 1.7664539e-05, Final residual = 6.8923664e-07, No Iterations 2
GAMG:  Solving for p, Initial residual = 9.9459999e-07, Final residual = 6.9225713e-08, No Iterations 1
GAMG:  Solving for p, Initial residual = 9.7673088e-08, Final residual = 9.7673088e-08, No Iterations 0
smoothSolver:  Solving for omega, Initial residual = 0.0026867005, Final residual = 0.0002066015, No Iterations 2
smoothSolver:  Solving for k, Initial residual = 0.002895536, Final residual = 0.00012643057, No Iterations 3
smoothSolver:  Solving for Ux, Initial residual = 1.4783188e-05, Final residual = 6.8595293e-07, No Iterations 2
smoothSolver:  Solving for Uy, Initial residual = 1.6350683e-05, Final residual = 4.9382235e-07, No Iterations 2
smoothSolver:  Solving for Uz, Initial residual = 1.7530322e-05, Final residual = 6.9284031e-07, No Iterations 2
GAMG:  Solving for p, Initial residual = 9.478411e-07, Final residual = 7.6181002e-08, No Iterations 1
GAMG:  Solving for p, Initial residual = 1.048384e-07, Final residual = 1.5419442e-08, No Iterations 1
smoothSolver:  Solving for omega, Initial residual = 0.0027347712, Final residual = 0.00020466404, No Iterations 2
smoothSolver:  Solving for k, Initial residual = 0.0032185335, Final residual = 0.00028881057, No Iterations 2
smoothSolver:  Solving for Ux, Initial residual = 1.4351795e-05, Final residual = 6.9555533e-07, No Iterations 2
smoothSolver:  Solving for Uy, Initial residual = 1.6499977e-05, Final residual = 5.6155683e-07, No Iterations 2
smoothSolver:  Solving for Uz, Initial residual = 1.7603017e-05, Final residual = 7.3733143e-07, No Iterations 2
GAMG:  Solving for p, Initial residual = 8.6644617e-07, Final residual = 6.8359045e-08, No Iterations 1
GAMG:  Solving for p, Initial residual = 9.348344e-08, Final residual = 9.348344e-08, No Iterations 0
smoothSolver:  Solving for omega, Initial residual = 0.0027718294, Final residual = 0.00019790901, No Iterations 2
smoothSolver:  Solving for k, Initial residual = 0.0032356663, Final residual = 0.00027033518, No Iterations 2
smoothSolver:  Solving for Ux, Initial residual = 1.3637904e-05, Final residual = 7.4696276e-07, No Iterations 2
smoothSolver:  Solving for Uy, Initial residual = 1.6576488e-05, Final residual = 4.9829911e-07, No Iterations 2
smoothSolver:  Solving for Uz, Initial residual = 1.7459765e-05, Final residual = 6.9153313e-07, No Iterations 2
GAMG:  Solving for p, Initial residual = 9.1652193e-07, Final residual = 6.3238675e-08, No Iterations 1
GAMG:  Solving for p, Initial residual = 9.6980744e-08, Final residual = 9.6980744e-08, No Iterations 0
smoothSolver:  Solving for omega, Initial residual = 0.0027898219, Final residual = 0.00020982769, No Iterations 2
smoothSolver:  Solving for k, Initial residual = 0.0029301777, Final residual = 0.00027659308, No Iterations 2
smoothSolver:  Solving for Ux, Initial residual = 1.360655e-05, Final residual = 7.6183829e-07, No Iterations 2
smoothSolver:  Solving for Uy, Initial residual = 1.7427386e-05, Final residual = 5.9971076e-07, No Iterations 2
smoothSolver:  Solving for Uz, Initial residual = 1.7620646e-05, Final residual = 6.0351834e-07, No Iterations 2
GAMG:  Solving for p, Initial residual = 8.1802973e-07, Final residual = 5.9497394e-08, No Iterations 1
GAMG:  Solving for p, Initial residual = 9.2364885e-08, Final residual = 9.2364885e-08, No Iterations 0
smoothSolver:  Solving for omega, Initial residual = 0.0027612872, Final residual = 0.00019569195, No Iterations 2
smoothSolver:  Solving for k, Initial residual = 0.0025939772, Final residual = 0.00023152037, No Iterations 2
Time = 500

smoothSolver:  Solving for Ux, Initial residual = 1.2791333e-05, Final residual = 4.6677778e-07, No Iterations 2
smoothSolver:  Solving for Uy, Initial residual = 1.7676281e-05, Final residual = 4.6942061e-07, No Iterations 2
smoothSolver:  Solving for Uz, Initial residual = 1.8086075e-05, Final residual = 6.3198902e-07, No Iterations 2
U0 initRes: 1.2791333e-05 finalRes: 4.6677778e-07 nIters: 2
U1 initRes: 1.7676281e-05 finalRes: 4.6942061e-07 nIters: 2
U2 initRes: 1.8086075e-05 finalRes: 6.3198902e-07 nIters: 2
GAMG:  Solving for p, Initial residual = 9.0994862e-07, Final residual = 6.3973989e-08, No Iterations 1
p initRes: 9.0994862e-07 finalRes: 6.3973989e-08 nIters: 1
GAMG:  Solving for p, Initial residual = 9.6632951e-08, Final residual = 9.6632951e-08, No Iterations 0
p initRes: 9.6632951e-08 finalRes: 9.6632951e-08 nIters: 0
Time step continuity errors : sum local = 5.449493e-07
                                 global = 6.4712571e-09
                             cumulative = 3.2736654e-05
smoothSolver:  Solving for omega, Initial residual = 0.0027973513, Final residual = 0.00020753734, No Iterations 2
omega initRes: 0.0027973513 finalRes: 0.00020753734 nIters: 2
smoothSolver:  Solving for k, Initial residual = 0.0027241665, Final residual = 0.00025488168, No Iterations 2
k initRes: 0.0027241665 finalRes: 0.00025488168 nIters: 2
CD: 0.15297492 final: 0.15297492
CL: 0.092170254 final: 0.092170254
yPlus min: 1487.9503 max: 3006.1202 mean: 2495.4604
ExecutionTime = 2.22 s  ClockTime = 2 s

End

Printing Primal Residual Statistics.
U Residual Norm2: (0.34173334 0.38312516 0.4264852)
U Residual Mean: (0.00056735256 0.00056370422 0.00058510909)
U Residual Max: (0.20146489 0.22339745 0.29156065)
p Residual Norm2: 0.0063069121
p Residual Mean: 1.4855807e-05
p Residual Max: 0.0027964965
omega Residual Norm2: 1848.2911
omega Residual Mean: 4.229339
omega Residual Max: 1093.1574
k Residual Norm2: 14.319406
k Residual Mean: 0.038364667
k Residual Max: 6.61605
phi Residual Norm2: 0.002601756
phi Residual Mean: 2.5075577e-06
phi Residual Max: 0.00095554724
Total Residual Norm2: 1848.3467
 
 
Computing d[CD]/d[aero_states]^T * psi 2.01 s
Computing d[CD]/d[aero_vol_coords]^T * psi 2.04 s
Checking if Coloring file exists..
dRdWColoring_4.bin exists.
Moving time 500 to 0.0001
Driver total derivatives for iteration: 1
---------------------------------------------
Computing dRdWTPC 2.38 s
Initializing dRdWCon. 2.38 s
dRdWCon Created. 2.97 s
Reading Coloring dRdWColoring_4
Validating Coloring...
No Conflicting Colors Found!
Partial derivative matrix created. 3.01 s
dRdWTPC: 0 of 1343, ExecutionTime: 3.01 s
dRdWTPC: 100 of 1343, ExecutionTime: 3.39 s
dRdWTPC: 200 of 1343, ExecutionTime: 3.75 s
dRdWTPC: 300 of 1343, ExecutionTime: 4.13 s
dRdWTPC: 400 of 1343, ExecutionTime: 4.49 s
dRdWTPC: 500 of 1343, ExecutionTime: 4.86 s
dRdWTPC: 600 of 1343, ExecutionTime: 5.22 s
dRdWTPC: 700 of 1343, ExecutionTime: 5.59 s
dRdWTPC: 800 of 1343, ExecutionTime: 5.95 s
dRdWTPC: 900 of 1343, ExecutionTime: 6.32 s
dRdWTPC: 1000 of 1343, ExecutionTime: 6.68 s
dRdWTPC: 1100 of 1343, ExecutionTime: 7.05 s
dRdWTPC: 1200 of 1343, ExecutionTime: 7.41 s
dRdWTPC: 1300 of 1343, ExecutionTime: 7.77 s
dRdWTPC: 1342 of 1343, ExecutionTime: 7.92 s
Solver Type: gmres
GMRES Restart: 1000
ASM Overlap: 1
Global PC Iters: 0
Local PC Iters: 1
Mat ReOrdering: rcm
ILU PC Fill Level: 1
GMRES Max Iterations: 1000
GMRES Relative Tolerance: 1e-06
GMRES Absolute Tolerance: 1e-14
Solving Linear Equation... 7.72 s
Main iteration 0 KSP Residual norm 1.826019427740e-01 8.29 s. 
Main iteration 100 KSP Residual norm 2.438446312153e-02 9.73 s. 
Main iteration 200 KSP Residual norm 1.860522463646e-02 11.22 s. 
Main iteration 300 KSP Residual norm 1.466807165425e-02 12.87 s. 
Main iteration 400 KSP Residual norm 1.168420546577e-02 14.69 s. 
Main iteration 500 KSP Residual norm 9.761964594494e-03 16.66 s. 
Main iteration 600 KSP Residual norm 1.946124784057e-04 18.77 s. 
Main iteration 700 KSP Residual norm 7.346949020419e-07 21.01 s. 
Main iteration 719 KSP Residual norm 1.749572125084e-07 21.48 s 
**Completed**! Total iterations: 719. PetscConvergedReason: 2. 21.48 s
Residual tolerance satisfied, solution finished!
Computing d[aero_residuals]/d[aero_vol_coords]^T * psi 21.5 s
totals: {('scenario1.aero_post.functionals.CD', 'dvs.shape'): array([[0.21821251]])}
Finalising parallel run
Finalising parallel run
