WARNING 7: VSPAERO Viewer Not Found. 
	Expected here: /home/dafoamuser/dafoam/packages/miniconda3/lib/python3.10/site-packages/openvsp/vspviewer
WARNING 7: VSPAERO Viewer Not Found. 
	Expected here: /home/dafoamuser/dafoam/packages/miniconda3/lib/python3.10/site-packages/openvsp/vspviewer
WARNING 7: VSPAERO Viewer Not Found. 
	Expected here: /home/dafoamuser/dafoam/packages/miniconda3/lib/python3.10/site-packages/openvsp/vspviewer
WARNING 7: VSPAERO Viewer Not Found. 
	Expected here: /home/dafoamuser/dafoam/packages/miniconda3/lib/python3.10/site-packages/openvsp/vspviewer
 
-------------------------------------------------------------------------------
|                               DAFoam v5.0.0                                 |
-------------------------------------------------------------------------------
 
/*---------------------------------------------------------------------------*\
| =========                 |                                                 |
| \\      /  F ield         | OpenFOAM: The Open Source CFD Toolbox           |
|  \\    /   O peration     | Version:  2506                                  |
|   \\  /    A nd           | Website:  www.openfoam.com                      |
|    \\/     M anipulation  |                                                 |
\*---------------------------------------------------------------------------*/
Build  : _615aae61d7-20250627 OPENFOAM=2506 version=v2506
Arch   : "LSB;label=32;scalar=64"
Exec   : decomposePar
Date   : Jul 28 2026
Time   : 04:12:01
Host   : ip-172-31-43-247
PID    : 407
I/O    : uncollated
Case   : /home/dafoamuser/mount/A4-ahmed-body/fine
nProcs : 1
trapFpe: Floating point exception trapping enabled (FOAM_SIGFPE).
fileModificationChecking : Monitoring run-time modified files using timeStampMaster (fileModificationSkew 5, maxFileModificationPolls 20)
allowSystemOperations : Allowing user-supplied system call operations

// * * * * * * * * * * * * * * * * * * * * * * * * * * * * * * * * * * * * * //
Create time



Decomposing mesh

Create mesh

Calculating distribution of cells
Decomposition method scotch [4] (region region0)

Finished decomposition in 0.08 s

Calculating original mesh data

Distributing cells to processors

Distributing faces to processors

Distributing points to processors

Constructing processor meshes
Reading hexRef8 data : cellLevel
Reading hexRef8 data : pointLevel
Reading hexRef8 data : level0Edge

Processor 0
    Number of cells = 11542
    Number of points = 14739
    Number of faces shared with processor 1 = 672
    Number of faces shared with processor 2 = 198
    Number of faces shared with processor 3 = 362
    Number of processor patches = 3
    Number of processor faces = 1232
    Number of boundary faces = 2199

Processor 1
    Number of cells = 11554
    Number of points = 15462
    Number of faces shared with processor 0 = 672
    Number of faces shared with processor 2 = 187
    Number of faces shared with processor 3 = 82
    Number of processor patches = 3
    Number of processor faces = 941
    Number of boundary faces = 1990

Processor 2
    Number of cells = 11326
    Number of points = 13275
    Number of faces shared with processor 0 = 198
    Number of faces shared with processor 1 = 187
    Number of faces shared with processor 3 = 488
    Number of processor patches = 3
    Number of processor faces = 873
    Number of boundary faces = 2501

Processor 3
    Number of cells = 11338
    Number of points = 13415
    Number of faces shared with processor 0 = 362
    Number of faces shared with processor 1 = 82
    Number of faces shared with processor 2 = 488
    Number of processor patches = 3
    Number of processor faces = 932
    Number of boundary faces = 2972

Number of processor faces = 1989
Max number of cells = 11554 (0.9965035% above average 11440)
Max number of processor patches = 3 (0% above average 3)
Max number of faces between processors = 1232 (23.881347% above average 994.5)

Time = 0

Processor 0: field transfer
Processor 1: field transfer
Processor 2: field transfer
Processor 3: field transfer

End

I/O    : uncollated
Case   : /home/dafoamuser/mount/A4-ahmed-body/fine
nProcs : 4
Hosts  :
(
    (ip-172-31-43-247 4)
)
Pstream initialized with:
    node communication : off [type=host] (4 ranks, 1 nodes)
    topology controls  : none
    consensus exchange : 0 (tuning: 0)
    exchange algorithm : 0
    commsType          : nonBlocking
    polling iterations : 0
Initializing mesh and runtime for DASolver
Create time

Create mesh for time = 0
Replacing wallDist.method meshWave -> meshWaveFrozen
DAOption created. DASolver initialized.
I/O    : uncollated
[0] UPstream::init : could not attach buffer
[3] UPstream::init : could not attach buffer
[2] UPstream::init : could not attach buffer
[1] UPstream::init : could not attach buffer
Case   : /home/dafoamuser/mount/A4-ahmed-body/fine
nProcs : 4
Hosts  :
(
    (ip-172-31-43-247 4)
)
Pstream initialized with:
    node communication : off [type=host] (4 ranks, 1 nodes)
    topology controls  : none
    consensus exchange : 0 (tuning: 0)
    exchange algorithm : 0
    commsType          : nonBlocking
    polling iterations : 0
Initializing mesh and runtime for DASolver
Create time

Create mesh for time = 0
Replacing wallDist.method meshWave -> meshWaveFrozen
DAOption created. DASolver initialized.
Initializing fields for DASimpleFoam
Create simpleControl.

SIMPLE: convergence criteria
    field p	 tolerance 0.0001
    field U	 tolerance 0.0001
    field "(k|omega)"	 tolerance 0.0001

Reading field p

Reading field U

Reading/calculating face flux field phi

Creating source term. 
Selecting incompressible transport model Newtonian
Selecting turbulence model type RAS
Selecting RAS turbulence model kOmegaSST
Selecting patchDistMethod meshWaveFrozen
RAS
{
    RASModel        kOmegaSST;
    turbulence      on;
    printCoeffs     on;
    alphaK1         0.85;
    alphaK2         1;
    alphaOmega1     0.5;
    alphaOmega2     0.856;
    gamma1          0.55555556;
    gamma2          0.44;
    beta1           0.075;
    beta2           0.0828;
    betaStar        0.09;
    a1              0.31;
    b1              1;
    c1              10;
    F3              false;
    decayControl    false;
    kInf            0;
    omegaInf        0;
}

No MRF models present

Turbulence model is incompressible
Adjoint States: 
5
(
U volVectorState
k modelState
phi surfaceScalarState
p volScalarState
omega modelState
)
Global Cells: 45760
Global Faces: 147870
Global Xv: 170673
Undecomposed points: 54571
Global Adjoint States: 422430

SIMPLE: convergence criteria
    field p	 tolerance 0.0001
    field U	 tolerance 0.0001
    field "(k|omega)"	 tolerance 0.0001

DACheckMesh Thresholds: 
maxNonOrth: 70
maxSkewness: 4
maxAspectRatio: 1000
maxIncorrectlyOrientedFaces: 0
    Adding all faces of patches: (body) ...
    Found matching patch body with 2846 faces
    Adding all faces of patches: (body) ...
    Found matching patch body with 2846 faces
Initializing fields for DASimpleFoam
Create simpleControl.

SIMPLE: convergence criteria
    field p	 tolerance 0.0001
    field U	 tolerance 0.0001
    field "(k|omega)"	 tolerance 0.0001

Reading field p

Reading field U

Reading/calculating face flux field phi

Creating source term. 
Selecting incompressible transport model Newtonian
Selecting turbulence model type RAS
Selecting RAS turbulence model kOmegaSST
Selecting patchDistMethod meshWaveFrozen
RAS
{
    RASModel        kOmegaSST;
    turbulence      on;
    printCoeffs     on;
    alphaK1         0.85;
    alphaK2         1;
    alphaOmega1     0.5;
    alphaOmega2     0.856;
    gamma1          0.55555556;
    gamma2          0.44;
    beta1           0.075;
    beta2           0.0828;
    betaStar        0.09;
    a1              0.31;
    b1              1;
    c1              10;
    F3              false;
    decayControl    false;
    kInf            0;
    omegaInf        0;
}

No MRF models present

Turbulence model is incompressible
Adjoint States: 
5
(
U volVectorState
k modelState
phi surfaceScalarState
p volScalarState
omega modelState
)
Global Cells: 45760
Global Faces: 147870
Global Xv: 170673
Undecomposed points: 54571
Global Adjoint States: 422430

SIMPLE: convergence criteria
    field p	 tolerance 0.0001
    field U	 tolerance 0.0001
    field "(k|omega)"	 tolerance 0.0001

DACheckMesh Thresholds: 
maxNonOrth: 70
maxSkewness: 4
maxAspectRatio: 1000
maxIncorrectlyOrientedFaces: 0
    Adding all faces of patches: (body) ...
    Found matching patch body with 2846 faces
    Adding all faces of patches: (body) ...
    Found matching patch body with 2846 faces
Init solver done! ElapsedClockTime 1.000000 s
Init solver done! ElapsedCpuTime 0.520000 s
initState: 
7
(
k 0.24
phi 0
U1 0
U2 0
p 0
omega 8.56731
U0 40
)
Reading OpenFOAM mesh information...
I/O    : uncollated
Case   : /home/dafoamuser/mount/A4-ahmed-body/fine
nProcs : 4
Hosts  :
(
    (ip-172-31-43-247 4)
)
Pstream initialized with:
    node communication : off [type=host] (4 ranks, 1 nodes)
    topology controls  : none
    consensus exchange : 0 (tuning: 0)
    exchange algorithm : 0
    commsType          : nonBlocking
    polling iterations : 0
Reading the OpenFOAM mesh..
Finalising parallel run
DAFoam option dictionary: 
{
    solverName      DASimpleFoam;
    primalMinResTol 0.0001;
    primalFuncStdTol
    {
        stdTol          -1;
        slopeTol        -1;
        funcNames       1 ( CD );
        nStepsFrac      0.2;
    }
    primalBC
    {
    }
    primalInitCondition
    {
    }
    normalizeStates
    {
        U               40;
        p               800;
        k               0.24;
        omega           8.56731;
        phi             1;
    }
    function
    {
        CD
        {
            type            force;
            source          patchToFace;
            patches         1 ( body );
            directionMode   fixedDirection;
            direction       3 ( 1 0 0 );
            scale           0.0025402497;
        }
        CL
        {
            type            force;
            source          patchToFace;
            patches         1 ( body );
            directionMode   fixedDirection;
            direction       3 ( 0 0 1 );
            scale           0.0025402497;
        }
    }
    inputInfo
    {
        aero_vol_coords
        {
            type            volCoord;
            components      2 ( solver function );
        }
    }
    outputInfo
    {
    }
    designSurfaces  1 ( body );
    fvSource
    {
    }
    prepareCaseOnly 0;
    adjEqnSolMethod Krylov;
    dynamicMesh
    {
        active          0;
        mode            rotation;
        center          3 ( 0.25 0 0 );
        axis            z;
        omega           0.1;
        s               2;
        t0              0.35;
    }
    primalVarBounds
    {
        UMax            1000;
        UMin            -1000;
        pMax            50000;
        pMin            -50000;
        p_rghMax        50000;
        p_rghMin        -50000;
        eMax            55000;
        eMin            -220000;
        TMax            1000;
        TMin            100;
        hMax            200000;
        hMin            -200000;
        DMax            1e+16;
        DMin            -1e+16;
        rhoMax          5;
        rhoMin          0.2;
        nuTildaMax      1e+16;
        nuTildaMin      1e-16;
        kMax            1e+16;
        kMin            1e-16;
        omegaMax        1e+16;
        omegaMin        1e-16;
        epsilonMax      1e+16;
        epsilonMin      1e-16;
        ReThetatMax     1e+16;
        ReThetatMin     1e-16;
        gammaIntMax     1e+16;
        gammaIntMin     1e-16;
    }
    discipline      aero;
    adjPartDerivFDStep
    {
        State           1e-06;
    }
    transonicPCOption -1;
    unsteadyAdjoint
    {
        mode            None;
        PCMatPrecomputeInterval 100;
        PCMatUpdateInterval 1;
        reduceIO        1;
        additionalOutput 1 ( None );
        additionalOldTime 1 ( None );
        readZeroFields  1;
    }
    adjPCLag        10000;
    useAD
    {
        mode            reverse;
        dvName          None;
        seedIndex       -9999;
    }
    useConstrainHbyA 1;
    forceMeshWaveFrozen 1;
    useDdtCorr      0;
    regressionModel
    {
        active          0;
    }
    useMeanStates   0;
    solveLinearFunctionName None;
    printDAOptions  1;
    debug           0;
    writeJacobians  1 ( None );
    printInterval   100;
    printIntervalUnsteady 1;
    primalMinResTolDiff 100000;
    adjUseColoring  1;
    adjEqnOption
    {
        globalPCIters   0;
        asmOverlap      1;
        localPCIters    1;
        jacMatReOrdering rcm;
        pcFillLevel     1;
        gmresMaxIters   1000;
        gmresRestart    1000;
        gmresRelTol     1e-06;
        gmresAbsTol     1e-14;
        gmresTolDiff    100;
        useNonZeroInitGuess 0;
        useMGSO         0;
        printInfo       1;
        fpMaxIters      1000;
        fpRelTol        1e-06;
        fpMinResTolDiff 100;
        fpPCUpwind      0;
        dynAdjustTol    0;
        KSPCalcEigen    0;
        KSPCalcSingularVal 0;
        readPCMat       0;
    }
    normalizeResiduals 11 ( URes pRes p_rghRes nuTildaRes phiRes TRes DRes kRes omegaRes epsilonRes alpha.waterRes );
    maxResConLv4JacPCMat
    {
        pRes            2;
        phiRes          1;
        URes            2;
        TRes            2;
        nuTildaRes      2;
        kRes            2;
        epsilonRes      2;
        omegaRes        2;
        p_rghRes        2;
        DRes            2;
        gammaIntRes     2;
        ReThetatRes     2;
        alpha.waterRes  2;
    }
    jacLowerBounds
    {
        dRdW            1e-30;
        dRdWPC          1e-30;
    }
    maxTractionBCIters 100;
    decomposeParDict
    {
        method          scotch;
        simpleCoeffs
        {
            n               3 ( 2 2 1 );
            delta           0.001;
        }
        kahipCoeffs
        {
            config          fast;
            imbalance       0.01;
        }
        preservePatches 1 ( None );
        singleProcessorFaceSets 1 ( None );
        args            1 ( None );
    }
    adjStateOrdering state;
    checkMeshThreshold
    {
        maxAspectRatio  1000;
        maxNonOrth      70;
        maxSkewness     4;
        maxIncorrectlyOrientedFaces 0;
    }
    writeDeformedFFDs 0;
    writeDeformedConstraints 0;
    writeAdjointFields 0;
    maxCorrectBCCalls 2;
    writeMinorIterations 0;
    primalMinIters  1;
    tensorflow
    {
        active          0;
    }
    wallDistanceMethod default;
    unsteadyCompOutput
    {
    }
}

pyDAFoam initialization done!
+----------------------------------------+
|          All IDWarp Options:           |
+----------------------------------------+
{'LdefFact': 1.0,
 'aExp': 3.0,
 'alpha': 0.25,
 'bExp': 5.0,
 'bucketSize': 8,
 'cornerAngle': 30.0,
 'errTol': 0.0005,
 'evalMode': 'fast',
 'fileType': 'OpenFOAM',
 'gridFile': '/home/dafoamuser/mount/A4-ahmed-body/fine',
 'restartFile': None,
 'specifiedSurfaces': None,
 'symmTol': 1e-06,
 'symmetryPlanes': [],
 'symmetrySurfaces': None,
 'useRotations': True,
 'zeroCornerRotations': True}
I/O    : uncollated
Case   : /home/dafoamuser/mount/A4-ahmed-body/fine
nProcs : 4
Hosts  :
(
    (ip-172-31-43-247 4)
)
Pstream initialized with:
    node communication : off [type=host] (4 ranks, 1 nodes)
    topology controls  : none
    consensus exchange : 0 (tuning: 0)
    exchange algorithm : 0
    commsType          : nonBlocking
    polling iterations : 0
Reading the OpenFOAM mesh..
#------------------------------#
 Total Volume Nodes :     56891 
#------------------------------#
Finalising parallel run
+-------------------- Symmetry Planes -------------------+
|           Point                        Normal          |
+--------------------------------------------------------+
#--------------------------------#
 Unique Surface Nodes :      2911 
#--------------------------------#
 Computing Denominator Estimate...
 Load Balancing...
 Finished Mesh Initialization.
OrderedDict([('body', [0]), ('farfield', [1]), ('procBoundary0to1', [2]), ('procBoundary0to2', [3]), ('procBoundary0to3', [4]), ('allSurfaces', [0, 1, 2, 3, 4]), ('allWalls', [0]), ('designSurfaces', [0])])
dRdWT Jacobian Free created!
I/O    : uncollated
/home/dafoamuser/dafoam/packages/miniconda3/lib/python3.10/site-packages/openmdao/core/component.py:140: OMDeprecationWarning:'scenario1.aero_post.functionals' <class DAFoamFunctions>: It appears this component mixes distributed/non-distributed inputs and outputs, so it may break starting with OpenMDAO 3.25, where the convention used when passing data between distributed and non-distributed inputs and outputs within a matrix free component will change. See https://github.com/OpenMDAO/POEMs/blob/master/POEM_075.md for details.
/home/dafoamuser/dafoam/packages/miniconda3/lib/python3.10/site-packages/openmdao/core/component.py:140: OMDeprecationWarning:'scenario1.aero_post.functionals' <class DAFoamFunctions>: It appears this component mixes distributed/non-distributed inputs and outputs, so it may break starting with OpenMDAO 3.25, where the convention used when passing data between distributed and non-distributed inputs and outputs within a matrix free component will change. See https://github.com/OpenMDAO/POEMs/blob/master/POEM_075.md for details.
/home/dafoamuser/dafoam/packages/miniconda3/lib/python3.10/site-packages/openmdao/core/component.py:140: OMDeprecationWarning:'scenario1.aero_post.functionals' <class DAFoamFunctions>: It appears this component mixes distributed/non-distributed inputs and outputs, so it may break starting with OpenMDAO 3.25, where the convention used when passing data between distributed and non-distributed inputs and outputs within a matrix free component will change. See https://github.com/OpenMDAO/POEMs/blob/master/POEM_075.md for details.
/home/dafoamuser/dafoam/packages/miniconda3/lib/python3.10/site-packages/openmdao/core/component.py:140: OMDeprecationWarning:'scenario1.aero_post.functionals' <class DAFoamFunctions>: It appears this component mixes distributed/non-distributed inputs and outputs, so it may break starting with OpenMDAO 3.25, where the convention used when passing data between distributed and non-distributed inputs and outputs within a matrix free component will change. See https://github.com/OpenMDAO/POEMs/blob/master/POEM_075.md for details.
DAInputVolCoord. 
Setting volume coordinates. 
Checking mesh quality for time = 0
    Overall domain bounding box (-3.132 -1.1670009 -2.988) (7.308 1.1670009 3.276)
    Mesh has 3 geometric (non-empty/wedge) directions (1 1 1)
    Mesh has 3 solution (non-empty) directions (1 1 1)
    Boundary openness (-1.4982289e-18 -1.2073399e-15 -3.8749435e-16) OK.
    Max cell openness = 3.3295252e-16 OK.
    Max aspect ratio = 3.1973934 OK.
    Minimum face area = 8.5651692e-05. Maximum face area = 0.031542436.  Face area magnitudes OK.
    Min volume = 2.7388691e-06. Max volume = 0.0054703684.  Total volume = 152.52403.  Cell volumes OK.
    Mesh non-orthogonality Max: 38.005662 average: 7.1784614
    Non-orthogonality check OK.
    Face pyramids OK.
    Max skewness = 1.9560956 OK.
    Coupled point location match (average 0) OK.

Mesh OK.

Running Primal Solver 001
Previous solution time -1e+10 not found and nothing deleted.
No finite volume options present

Starting time loop

Time = 1

smoothSolver:  Solving for Ux, Initial residual = 1, Final residual = 0.090885912, No Iterations 9
smoothSolver:  Solving for Uy, Initial residual = 1, Final residual = 0.061870148, No Iterations 4
smoothSolver:  Solving for Uz, Initial residual = 1, Final residual = 0.087091818, No Iterations 6
U0 initRes: 1 finalRes: 0.090885912 nIters: 9
U1 initRes: 1 finalRes: 0.061870148 nIters: 4
U2 initRes: 1 finalRes: 0.087091818 nIters: 6
GAMG:  Solving for p, Initial residual = 1, Final residual = 0.0053629285, No Iterations 6
p initRes: 1 finalRes: 0.0053629285 nIters: 6
GAMG:  Solving for p, Initial residual = 0.037846636, Final residual = 0.00027196722, No Iterations 3
p initRes: 0.037846636 finalRes: 0.00027196722 nIters: 3
Time step continuity errors : sum local = 0.0005008062
                                 global = 1.4585054e-05
                             cumulative = 1.4585054e-05
smoothSolver:  Solving for omega, Initial residual = 0.0049829734, Final residual = 0.00038347191, No Iterations 2
omega initRes: 0.0049829734 finalRes: 0.00038347191 nIters: 2
Bounding omega>1e-16
smoothSolver:  Solving for k, Initial residual = 1, Final residual = 0.060841781, No Iterations 3
k initRes: 1 finalRes: 0.060841781 nIters: 3
CD: 0.2617139 final: 0.2617139
CL: 0.058547766 final: 0.058547766
yPlus min: 61.121776 max: 460.76528 mean: 205.37443
ExecutionTime = 2.49 s  ClockTime = 2 s

smoothSolver:  Solving for Ux, Initial residual = 0.19963101, Final residual = 0.015777656, No Iterations 3
smoothSolver:  Solving for Uy, Initial residual = 0.53177651, Final residual = 0.033414153, No Iterations 3
smoothSolver:  Solving for Uz, Initial residual = 0.45383843, Final residual = 0.031585738, No Iterations 3
GAMG:  Solving for p, Initial residual = 0.14496534, Final residual = 0.00050433493, No Iterations 5
GAMG:  Solving for p, Initial residual = 0.0084798558, Final residual = 5.5898715e-05, No Iterations 3
smoothSolver:  Solving for omega, Initial residual = 1, Final residual = 0.077968426, No Iterations 2
smoothSolver:  Solving for k, Initial residual = 0.98821259, Final residual = 1.0433269e-10, No Iterations 1
smoothSolver:  Solving for Ux, Initial residual = 0.10204862, Final residual = 0.007095511, No Iterations 3
smoothSolver:  Solving for Uy, Initial residual = 0.42501089, Final residual = 0.026961672, No Iterations 3
smoothSolver:  Solving for Uz, Initial residual = 0.26590544, Final residual = 0.017296014, No Iterations 3
GAMG:  Solving for p, Initial residual = 0.035074273, Final residual = 0.00027836967, No Iterations 4
GAMG:  Solving for p, Initial residual = 0.0038162603, Final residual = 3.2123876e-05, No Iterations 3
smoothSolver:  Solving for omega, Initial residual = 0.98902625, Final residual = 0.02217732, No Iterations 2
smoothSolver:  Solving for k, Initial residual = 0.7010685, Final residual = 5.5188853e-14, No Iterations 1
smoothSolver:  Solving for Ux, Initial residual = 0.067447722, Final residual = 0.0044598241, No Iterations 3
smoothSolver:  Solving for Uy, Initial residual = 0.36411619, Final residual = 0.020175908, No Iterations 3
smoothSolver:  Solving for Uz, Initial residual = 0.1904649, Final residual = 0.010973622, No Iterations 3
GAMG:  Solving for p, Initial residual = 0.022711332, Final residual = 0.00013106135, No Iterations 4
GAMG:  Solving for p, Initial residual = 0.002585037, Final residual = 1.8684155e-05, No Iterations 3
smoothSolver:  Solving for omega, Initial residual = 1.615148e-30, Final residual = 1.615148e-30, No Iterations 0
smoothSolver:  Solving for k, Initial residual = 0.075958662, Final residual = 2.2423183e-14, No Iterations 1
smoothSolver:  Solving for Ux, Initial residual = 0.050299108, Final residual = 0.0033893381, No Iterations 3
smoothSolver:  Solving for Uy, Initial residual = 0.29168371, Final residual = 0.014202812, No Iterations 3
smoothSolver:  Solving for Uz, Initial residual = 0.1478688, Final residual = 0.0081101249, No Iterations 3
GAMG:  Solving for p, Initial residual = 0.017927629, Final residual = 8.610957e-05, No Iterations 4
GAMG:  Solving for p, Initial residual = 0.0019057745, Final residual = 1.1595533e-05, No Iterations 3
smoothSolver:  Solving for omega, Initial residual = 1.9424339e-30, Final residual = 1.9424339e-30, No Iterations 0
smoothSolver:  Solving for k, Initial residual = 0.0081091995, Final residual = 8.5397789e-15, No Iterations 1
smoothSolver:  Solving for Ux, Initial residual = 0.038795781, Final residual = 0.0025775793, No Iterations 3
smoothSolver:  Solving for Uy, Initial residual = 0.23010348, Final residual = 0.01087295, No Iterations 3
smoothSolver:  Solving for Uz, Initial residual = 0.12084233, Final residual = 0.0068125143, No Iterations 3
GAMG:  Solving for p, Initial residual = 0.0160363, Final residual = 6.9826665e-05, No Iterations 4
GAMG:  Solving for p, Initial residual = 0.0015584101, Final residual = 8.0210083e-06, No Iterations 3
smoothSolver:  Solving for omega, Initial residual = 1.0754156e-30, Final residual = 1.0754156e-30, No Iterations 0
smoothSolver:  Solving for k, Initial residual = 0.00083742377, Final residual = 4.952058e-15, No Iterations 1
smoothSolver:  Solving for Ux, Initial residual = 0.029330185, Final residual = 0.001964133, No Iterations 3
smoothSolver:  Solving for Uy, Initial residual = 0.19012522, Final residual = 0.0092145965, No Iterations 3
smoothSolver:  Solving for Uz, Initial residual = 0.11146567, Final residual = 0.0064560107, No Iterations 3
GAMG:  Solving for p, Initial residual = 0.014791772, Final residual = 5.7821487e-05, No Iterations 4
GAMG:  Solving for p, Initial residual = 0.0014037557, Final residual = 6.7249858e-06, No Iterations 3
smoothSolver:  Solving for omega, Initial residual = 7.2086834e-31, Final residual = 7.2086834e-31, No Iterations 0
smoothSolver:  Solving for k, Initial residual = 8.5329857e-05, Final residual = 3.5286686e-15, No Iterations 1
smoothSolver:  Solving for Ux, Initial residual = 0.023347551, Final residual = 0.0016135381, No Iterations 3
smoothSolver:  Solving for Uy, Initial residual = 0.16062368, Final residual = 0.008238048, No Iterations 3
smoothSolver:  Solving for Uz, Initial residual = 0.10544967, Final residual = 0.0065926225, No Iterations 3
GAMG:  Solving for p, Initial residual = 0.014209669, Final residual = 4.8730534e-05, No Iterations 4
GAMG:  Solving for p, Initial residual = 0.0012622443, Final residual = 6.7007909e-06, No Iterations 3
smoothSolver:  Solving for omega, Initial residual = 6.266694e-31, Final residual = 6.266694e-31, No Iterations 0
smoothSolver:  Solving for k, Initial residual = 8.6570389e-06, Final residual = 2.7680905e-15, No Iterations 1
smoothSolver:  Solving for Ux, Initial residual = 0.020127214, Final residual = 0.0014195227, No Iterations 3
smoothSolver:  Solving for Uy, Initial residual = 0.13782713, Final residual = 0.0077826239, No Iterations 3
smoothSolver:  Solving for Uz, Initial residual = 0.11023923, Final residual = 0.0068586126, No Iterations 3
GAMG:  Solving for p, Initial residual = 0.013425931, Final residual = 4.9460158e-05, No Iterations 4
GAMG:  Solving for p, Initial residual = 0.0010860029, Final residual = 7.1350319e-06, No Iterations 3
smoothSolver:  Solving for omega, Initial residual = 6.3103777e-31, Final residual = 6.3103777e-31, No Iterations 0
smoothSolver:  Solving for k, Initial residual = 8.7592328e-07, Final residual = 2.322355e-15, No Iterations 1
smoothSolver:  Solving for Ux, Initial residual = 0.018140615, Final residual = 0.0012891689, No Iterations 3
smoothSolver:  Solving for Uy, Initial residual = 0.11875348, Final residual = 0.0070977264, No Iterations 3
smoothSolver:  Solving for Uz, Initial residual = 0.11004192, Final residual = 0.0067289611, No Iterations 3
GAMG:  Solving for p, Initial residual = 0.012435511, Final residual = 4.4456534e-05, No Iterations 4
GAMG:  Solving for p, Initial residual = 0.0009058629, Final residual = 6.2986657e-06, No Iterations 3
smoothSolver:  Solving for omega, Initial residual = 5.8439787e-31, Final residual = 5.8439787e-31, No Iterations 0
smoothSolver:  Solving for k, Initial residual = 8.8496189e-08, Final residual = 1.9396515e-15, No Iterations 1
smoothSolver:  Solving for Ux, Initial residual = 0.016889658, Final residual = 0.0011553045, No Iterations 3
smoothSolver:  Solving for Uy, Initial residual = 0.10502088, Final residual = 0.0062981922, No Iterations 3
smoothSolver:  Solving for Uz, Initial residual = 0.10271776, Final residual = 0.0063522425, No Iterations 3
GAMG:  Solving for p, Initial residual = 0.011386981, Final residual = 3.8326129e-05, No Iterations 4
GAMG:  Solving for p, Initial residual = 0.00076676946, Final residual = 5.2887495e-06, No Iterations 3
smoothSolver:  Solving for omega, Initial residual = 5.8720934e-31, Final residual = 5.8720934e-31, No Iterations 0
smoothSolver:  Solving for k, Initial residual = 8.9331248e-09, Final residual = 8.9331248e-09, No Iterations 0
smoothSolver:  Solving for Ux, Initial residual = 0.01545546, Final residual = 0.0010333208, No Iterations 3
smoothSolver:  Solving for Uy, Initial residual = 0.096471252, Final residual = 0.0055229025, No Iterations 3
smoothSolver:  Solving for Uz, Initial residual = 0.091355975, Final residual = 0.0056758772, No Iterations 3
GAMG:  Solving for p, Initial residual = 0.010554461, Final residual = 9.3520007e-05, No Iterations 3
GAMG:  Solving for p, Initial residual = 0.00068279604, Final residual = 2.50829e-06, No Iterations 4
smoothSolver:  Solving for omega, Initial residual = 5.8720934e-31, Final residual = 5.8720934e-31, No Iterations 0
smoothSolver:  Solving for k, Initial residual = 8.9331248e-09, Final residual = 8.9331248e-09, No Iterations 0
smoothSolver:  Solving for Ux, Initial residual = 0.014165944, Final residual = 0.00088090469, No Iterations 3
smoothSolver:  Solving for Uy, Initial residual = 0.090221474, Final residual = 0.0047478422, No Iterations 3
smoothSolver:  Solving for Uz, Initial residual = 0.080820148, Final residual = 0.0048726242, No Iterations 3
GAMG:  Solving for p, Initial residual = 0.0098948612, Final residual = 7.0388893e-05, No Iterations 3
GAMG:  Solving for p, Initial residual = 0.00061354384, Final residual = 4.8006267e-06, No Iterations 3
smoothSolver:  Solving for omega, Initial residual = 5.8720934e-31, Final residual = 5.8720934e-31, No Iterations 0
smoothSolver:  Solving for k, Initial residual = 8.9331249e-09, Final residual = 8.9331249e-09, No Iterations 0
smoothSolver:  Solving for Ux, Initial residual = 0.01310538, Final residual = 0.0007870297, No Iterations 3
smoothSolver:  Solving for Uy, Initial residual = 0.083900465, Final residual = 0.0040798811, No Iterations 3
smoothSolver:  Solving for Uz, Initial residual = 0.074201006, Final residual = 0.0042542306, No Iterations 3
GAMG:  Solving for p, Initial residual = 0.0092135449, Final residual = 5.7406197e-05, No Iterations 3
GAMG:  Solving for p, Initial residual = 0.00055578153, Final residual = 3.4821185e-06, No Iterations 3
smoothSolver:  Solving for omega, Initial residual = 5.8720934e-31, Final residual = 5.8720934e-31, No Iterations 0
smoothSolver:  Solving for k, Initial residual = 8.9331249e-09, Final residual = 8.9331249e-09, No Iterations 0
smoothSolver:  Solving for Ux, Initial residual = 0.012262442, Final residual = 0.00070439924, No Iterations 3
smoothSolver:  Solving for Uy, Initial residual = 0.078311927, Final residual = 0.0035871277, No Iterations 3
smoothSolver:  Solving for Uz, Initial residual = 0.069683304, Final residual = 0.0037577933, No Iterations 3
GAMG:  Solving for p, Initial residual = 0.0085122953, Final residual = 5.4035884e-05, No Iterations 3
GAMG:  Solving for p, Initial residual = 0.00050574233, Final residual = 3.2197058e-06, No Iterations 3
smoothSolver:  Solving for omega, Initial residual = 5.8720934e-31, Final residual = 5.8720934e-31, No Iterations 0
smoothSolver:  Solving for k, Initial residual = 8.9331249e-09, Final residual = 8.9331249e-09, No Iterations 0
smoothSolver:  Solving for Ux, Initial residual = 0.011657333, Final residual = 0.00066479369, No Iterations 3
smoothSolver:  Solving for Uy, Initial residual = 0.07313837, Final residual = 0.00325236, No Iterations 3
smoothSolver:  Solving for Uz, Initial residual = 0.065470384, Final residual = 0.0033651375, No Iterations 3
GAMG:  Solving for p, Initial residual = 0.0076063622, Final residual = 4.9146094e-05, No Iterations 3
GAMG:  Solving for p, Initial residual = 0.00045723433, Final residual = 2.8986891e-06, No Iterations 3
smoothSolver:  Solving for omega, Initial residual = 5.8720934e-31, Final residual = 5.8720934e-31, No Iterations 0
smoothSolver:  Solving for k, Initial residual = 8.933125e-09, Final residual = 8.933125e-09, No Iterations 0
smoothSolver:  Solving for Ux, Initial residual = 0.010961832, Final residual = 0.00062365177, No Iterations 3
smoothSolver:  Solving for Uy, Initial residual = 0.068549363, Final residual = 0.0030707377, No Iterations 3
smoothSolver:  Solving for Uz, Initial residual = 0.061996641, Final residual = 0.0031790957, No Iterations 3
GAMG:  Solving for p, Initial residual = 0.0068427614, Final residual = 4.3740209e-05, No Iterations 3
GAMG:  Solving for p, Initial residual = 0.00039433852, Final residual = 2.3281755e-06, No Iterations 3
smoothSolver:  Solving for omega, Initial residual = 5.8720934e-31, Final residual = 5.8720934e-31, No Iterations 0
smoothSolver:  Solving for k, Initial residual = 8.933125e-09, Final residual = 8.933125e-09, No Iterations 0
smoothSolver:  Solving for Ux, Initial residual = 0.010226263, Final residual = 0.0005889593, No Iterations 3
smoothSolver:  Solving for Uy, Initial residual = 0.062725988, Final residual = 0.0028618401, No Iterations 3
smoothSolver:  Solving for Uz, Initial residual = 0.056974479, Final residual = 0.0029789064, No Iterations 3
GAMG:  Solving for p, Initial residual = 0.0061975706, Final residual = 3.7500996e-05, No Iterations 3
GAMG:  Solving for p, Initial residual = 0.00033605419, Final residual = 1.9322071e-06, No Iterations 3
smoothSolver:  Solving for omega, Initial residual = 5.8720934e-31, Final residual = 5.8720934e-31, No Iterations 0
smoothSolver:  Solving for k, Initial residual = 8.933125e-09, Final residual = 8.933125e-09, No Iterations 0
smoothSolver:  Solving for Ux, Initial residual = 0.0094501436, Final residual = 0.00054827838, No Iterations 3
smoothSolver:  Solving for Uy, Initial residual = 0.057185545, Final residual = 0.0026653457, No Iterations 3
smoothSolver:  Solving for Uz, Initial residual = 0.051293118, Final residual = 0.0027265827, No Iterations 3
GAMG:  Solving for p, Initial residual = 0.0056303067, Final residual = 3.1970087e-05, No Iterations 3
GAMG:  Solving for p, Initial residual = 0.00029939107, Final residual = 1.697513e-06, No Iterations 3
smoothSolver:  Solving for omega, Initial residual = 5.8720934e-31, Final residual = 5.8720934e-31, No Iterations 0
smoothSolver:  Solving for k, Initial residual = 8.933125e-09, Final residual = 8.933125e-09, No Iterations 0
smoothSolver:  Solving for Ux, Initial residual = 0.0086835731, Final residual = 0.0005163931, No Iterations 3
smoothSolver:  Solving for Uy, Initial residual = 0.052260936, Final residual = 0.002533494, No Iterations 3
smoothSolver:  Solving for Uz, Initial residual = 0.04587661, Final residual = 0.0024832711, No Iterations 3
GAMG:  Solving for p, Initial residual = 0.0051142803, Final residual = 2.7577277e-05, No Iterations 3
GAMG:  Solving for p, Initial residual = 0.00027513954, Final residual = 1.566792e-06, No Iterations 3
smoothSolver:  Solving for omega, Initial residual = 5.8720934e-31, Final residual = 5.8720934e-31, No Iterations 0
smoothSolver:  Solving for k, Initial residual = 8.933125e-09, Final residual = 8.933125e-09, No Iterations 0
smoothSolver:  Solving for Ux, Initial residual = 0.0080270147, Final residual = 0.00048616671, No Iterations 3
smoothSolver:  Solving for Uy, Initial residual = 0.04771081, Final residual = 0.0024331993, No Iterations 3
smoothSolver:  Solving for Uz, Initial residual = 0.040786236, Final residual = 0.002254529, No Iterations 3
GAMG:  Solving for p, Initial residual = 0.0046568927, Final residual = 2.4577717e-05, No Iterations 3
GAMG:  Solving for p, Initial residual = 0.00025336577, Final residual = 1.6451637e-06, No Iterations 3
smoothSolver:  Solving for omega, Initial residual = 5.8720934e-31, Final residual = 5.8720934e-31, No Iterations 0
smoothSolver:  Solving for k, Initial residual = 8.933125e-09, Final residual = 8.933125e-09, No Iterations 0
smoothSolver:  Solving for Ux, Initial residual = 0.0075142306, Final residual = 0.00045326401, No Iterations 3
smoothSolver:  Solving for Uy, Initial residual = 0.043369811, Final residual = 0.0022896678, No Iterations 3
smoothSolver:  Solving for Uz, Initial residual = 0.036326454, Final residual = 0.002019864, No Iterations 3
GAMG:  Solving for p, Initial residual = 0.0043059554, Final residual = 2.1602878e-05, No Iterations 3
GAMG:  Solving for p, Initial residual = 0.00023005772, Final residual = 1.5068756e-06, No Iterations 3
smoothSolver:  Solving for omega, Initial residual = 5.8720934e-31, Final residual = 5.8720934e-31, No Iterations 0
smoothSolver:  Solving for k, Initial residual = 8.933125e-09, Final residual = 8.933125e-09, No Iterations 0
smoothSolver:  Solving for Ux, Initial residual = 0.0070304887, Final residual = 0.00042679797, No Iterations 3
smoothSolver:  Solving for Uy, Initial residual = 0.039684782, Final residual = 0.0021120444, No Iterations 3
smoothSolver:  Solving for Uz, Initial residual = 0.032667823, Final residual = 0.0018098999, No Iterations 3
GAMG:  Solving for p, Initial residual = 0.0039035796, Final residual = 1.8207509e-05, No Iterations 3
GAMG:  Solving for p, Initial residual = 0.00020752259, Final residual = 1.3113832e-06, No Iterations 3
smoothSolver:  Solving for omega, Initial residual = 5.8720934e-31, Final residual = 5.8720934e-31, No Iterations 0
smoothSolver:  Solving for k, Initial residual = 8.9331251e-09, Final residual = 8.9331251e-09, No Iterations 0
smoothSolver:  Solving for Ux, Initial residual = 0.0066220607, Final residual = 0.00039905478, No Iterations 3
smoothSolver:  Solving for Uy, Initial residual = 0.036540895, Final residual = 0.0019287984, No Iterations 3
smoothSolver:  Solving for Uz, Initial residual = 0.029668847, Final residual = 0.0016187943, No Iterations 3
GAMG:  Solving for p, Initial residual = 0.003593935, Final residual = 1.7112003e-05, No Iterations 3
GAMG:  Solving for p, Initial residual = 0.00018929351, Final residual = 1.3247822e-06, No Iterations 3
smoothSolver:  Solving for omega, Initial residual = 5.8720934e-31, Final residual = 5.8720934e-31, No Iterations 0
smoothSolver:  Solving for k, Initial residual = 8.9331251e-09, Final residual = 8.9331251e-09, No Iterations 0
smoothSolver:  Solving for Ux, Initial residual = 0.0063220949, Final residual = 0.00038173946, No Iterations 3
smoothSolver:  Solving for Uy, Initial residual = 0.034071062, Final residual = 0.0017593441, No Iterations 3
smoothSolver:  Solving for Uz, Initial residual = 0.027167809, Final residual = 0.0014444634, No Iterations 3
GAMG:  Solving for p, Initial residual = 0.003307424, Final residual = 1.513563e-05, No Iterations 3
GAMG:  Solving for p, Initial residual = 0.00017711364, Final residual = 1.1241e-06, No Iterations 3
smoothSolver:  Solving for omega, Initial residual = 5.8720934e-31, Final residual = 5.8720934e-31, No Iterations 0
smoothSolver:  Solving for k, Initial residual = 8.9331251e-09, Final residual = 8.9331251e-09, No Iterations 0
smoothSolver:  Solving for Ux, Initial residual = 0.0060857434, Final residual = 0.00035998819, No Iterations 3
smoothSolver:  Solving for Uy, Initial residual = 0.032018512, Final residual = 0.0016142049, No Iterations 3
smoothSolver:  Solving for Uz, Initial residual = 0.025283353, Final residual = 0.0013241623, No Iterations 3
GAMG:  Solving for p, Initial residual = 0.0030975515, Final residual = 1.4370726e-05, No Iterations 3
GAMG:  Solving for p, Initial residual = 0.00016890137, Final residual = 1.0992773e-06, No Iterations 3
smoothSolver:  Solving for omega, Initial residual = 5.8720934e-31, Final residual = 5.8720934e-31, No Iterations 0
smoothSolver:  Solving for k, Initial residual = 8.9331251e-09, Final residual = 8.9331251e-09, No Iterations 0
smoothSolver:  Solving for Ux, Initial residual = 0.0058604693, Final residual = 0.00034130394, No Iterations 3
smoothSolver:  Solving for Uy, Initial residual = 0.030258533, Final residual = 0.0014784312, No Iterations 3
smoothSolver:  Solving for Uz, Initial residual = 0.023761595, Final residual = 0.0012238528, No Iterations 3
GAMG:  Solving for p, Initial residual = 0.0028478031, Final residual = 1.2536837e-05, No Iterations 3
GAMG:  Solving for p, Initial residual = 0.00015892795, Final residual = 9.2448057e-07, No Iterations 3
smoothSolver:  Solving for omega, Initial residual = 5.8720934e-31, Final residual = 5.8720934e-31, No Iterations 0
smoothSolver:  Solving for k, Initial residual = 8.9331251e-09, Final residual = 8.9331251e-09, No Iterations 0
smoothSolver:  Solving for Ux, Initial residual = 0.0055883037, Final residual = 0.00032563886, No Iterations 3
smoothSolver:  Solving for Uy, Initial residual = 0.028717301, Final residual = 0.0013626521, No Iterations 3
smoothSolver:  Solving for Uz, Initial residual = 0.022289283, Final residual = 0.0011334141, No Iterations 3
GAMG:  Solving for p, Initial residual = 0.002643344, Final residual = 1.1919917e-05, No Iterations 3
GAMG:  Solving for p, Initial residual = 0.00015211132, Final residual = 9.2676475e-07, No Iterations 3
smoothSolver:  Solving for omega, Initial residual = 5.8720934e-31, Final residual = 5.8720934e-31, No Iterations 0
smoothSolver:  Solving for k, Initial residual = 8.9331251e-09, Final residual = 8.9331251e-09, No Iterations 0
smoothSolver:  Solving for Ux, Initial residual = 0.00538752, Final residual = 0.00031401947, No Iterations 3
smoothSolver:  Solving for Uy, Initial residual = 0.027223884, Final residual = 0.0027163156, No Iterations 2
smoothSolver:  Solving for Uz, Initial residual = 0.020997107, Final residual = 0.0010476881, No Iterations 3
GAMG:  Solving for p, Initial residual = 0.0025075272, Final residual = 1.0800108e-05, No Iterations 3
GAMG:  Solving for p, Initial residual = 0.00014684497, Final residual = 8.3807532e-07, No Iterations 3
smoothSolver:  Solving for omega, Initial residual = 5.8720934e-31, Final residual = 5.8720934e-31, No Iterations 0
smoothSolver:  Solving for k, Initial residual = 8.9331251e-09, Final residual = 8.9331251e-09, No Iterations 0
smoothSolver:  Solving for Ux, Initial residual = 0.0052087805, Final residual = 0.00030934904, No Iterations 3
smoothSolver:  Solving for Uy, Initial residual = 0.025787591, Final residual = 0.002331095, No Iterations 2
smoothSolver:  Solving for Uz, Initial residual = 0.019981871, Final residual = 0.00098963274, No Iterations 3
GAMG:  Solving for p, Initial residual = 0.0023581886, Final residual = 9.5967269e-06, No Iterations 3
GAMG:  Solving for p, Initial residual = 0.00013754393, Final residual = 7.5953227e-07, No Iterations 3
smoothSolver:  Solving for omega, Initial residual = 5.8720934e-31, Final residual = 5.8720934e-31, No Iterations 0
smoothSolver:  Solving for k, Initial residual = 8.9331251e-09, Final residual = 8.9331251e-09, No Iterations 0
smoothSolver:  Solving for Ux, Initial residual = 0.0050398864, Final residual = 0.00029535227, No Iterations 3
smoothSolver:  Solving for Uy, Initial residual = 0.024578423, Final residual = 0.0021712682, No Iterations 2
smoothSolver:  Solving for Uz, Initial residual = 0.01880692, Final residual = 0.00091529692, No Iterations 3
GAMG:  Solving for p, Initial residual = 0.002228675, Final residual = 9.0511148e-06, No Iterations 3
GAMG:  Solving for p, Initial residual = 0.00013078389, Final residual = 7.0461153e-07, No Iterations 3
smoothSolver:  Solving for omega, Initial residual = 5.8720934e-31, Final residual = 5.8720934e-31, No Iterations 0
smoothSolver:  Solving for k, Initial residual = 8.9331251e-09, Final residual = 8.9331251e-09, No Iterations 0
smoothSolver:  Solving for Ux, Initial residual = 0.004832149, Final residual = 0.00027602262, No Iterations 3
smoothSolver:  Solving for Uy, Initial residual = 0.022992625, Final residual = 0.0020196491, No Iterations 2
smoothSolver:  Solving for Uz, Initial residual = 0.017768501, Final residual = 0.0008447248, No Iterations 3
GAMG:  Solving for p, Initial residual = 0.0021390309, Final residual = 8.8623706e-06, No Iterations 3
GAMG:  Solving for p, Initial residual = 0.00012028116, Final residual = 6.3090801e-07, No Iterations 3
smoothSolver:  Solving for omega, Initial residual = 5.8720934e-31, Final residual = 5.8720934e-31, No Iterations 0
smoothSolver:  Solving for k, Initial residual = 8.9331251e-09, Final residual = 8.9331251e-09, No Iterations 0
smoothSolver:  Solving for Ux, Initial residual = 0.0046242136, Final residual = 0.00025059332, No Iterations 3
smoothSolver:  Solving for Uy, Initial residual = 0.021569774, Final residual = 0.0018784773, No Iterations 2
smoothSolver:  Solving for Uz, Initial residual = 0.016897755, Final residual = 0.0016851283, No Iterations 2
GAMG:  Solving for p, Initial residual = 0.0020300918, Final residual = 8.4596707e-06, No Iterations 3
GAMG:  Solving for p, Initial residual = 0.00011525375, Final residual = 6.6473756e-07, No Iterations 3
smoothSolver:  Solving for omega, Initial residual = 5.8720934e-31, Final residual = 5.8720934e-31, No Iterations 0
smoothSolver:  Solving for k, Initial residual = 8.9331251e-09, Final residual = 8.9331251e-09, No Iterations 0
smoothSolver:  Solving for Ux, Initial residual = 0.0044031523, Final residual = 0.00024511528, No Iterations 3
smoothSolver:  Solving for Uy, Initial residual = 0.020234001, Final residual = 0.0017591953, No Iterations 2
smoothSolver:  Solving for Uz, Initial residual = 0.015963499, Final residual = 0.0014567415, No Iterations 2
GAMG:  Solving for p, Initial residual = 0.0019364879, Final residual = 8.1031133e-06, No Iterations 3
GAMG:  Solving for p, Initial residual = 0.00010693921, Final residual = 5.2747786e-07, No Iterations 3
smoothSolver:  Solving for omega, Initial residual = 5.8720934e-31, Final residual = 5.8720934e-31, No Iterations 0
smoothSolver:  Solving for k, Initial residual = 8.9331251e-09, Final residual = 8.9331251e-09, No Iterations 0
smoothSolver:  Solving for Ux, Initial residual = 0.0041311853, Final residual = 0.00021730419, No Iterations 3
smoothSolver:  Solving for Uy, Initial residual = 0.018877622, Final residual = 0.0016487623, No Iterations 2
smoothSolver:  Solving for Uz, Initial residual = 0.015139016, Final residual = 0.0013793382, No Iterations 2
GAMG:  Solving for p, Initial residual = 0.0018185016, Final residual = 7.9892603e-06, No Iterations 3
GAMG:  Solving for p, Initial residual = 9.8044526e-05, Final residual = 5.6986531e-07, No Iterations 3
smoothSolver:  Solving for omega, Initial residual = 5.8720934e-31, Final residual = 5.8720934e-31, No Iterations 0
smoothSolver:  Solving for k, Initial residual = 8.9331251e-09, Final residual = 8.9331251e-09, No Iterations 0
smoothSolver:  Solving for Ux, Initial residual = 0.0038340873, Final residual = 0.00020536155, No Iterations 3
smoothSolver:  Solving for Uy, Initial residual = 0.017502902, Final residual = 0.0015344325, No Iterations 2
smoothSolver:  Solving for Uz, Initial residual = 0.014070824, Final residual = 0.0012817463, No Iterations 2
GAMG:  Solving for p, Initial residual = 0.0017206728, Final residual = 7.6222159e-06, No Iterations 3
GAMG:  Solving for p, Initial residual = 9.2105687e-05, Final residual = 4.7886036e-07, No Iterations 3
smoothSolver:  Solving for omega, Initial residual = 5.8720934e-31, Final residual = 5.8720934e-31, No Iterations 0
smoothSolver:  Solving for k, Initial residual = 8.9331251e-09, Final residual = 8.9331251e-09, No Iterations 0
smoothSolver:  Solving for Ux, Initial residual = 0.0035972872, Final residual = 0.00018829597, No Iterations 3
smoothSolver:  Solving for Uy, Initial residual = 0.016332826, Final residual = 0.0014407075, No Iterations 2
smoothSolver:  Solving for Uz, Initial residual = 0.013088865, Final residual = 0.0011946889, No Iterations 2
GAMG:  Solving for p, Initial residual = 0.0016189047, Final residual = 7.2068352e-06, No Iterations 3
GAMG:  Solving for p, Initial residual = 8.5983172e-05, Final residual = 4.7900415e-07, No Iterations 3
smoothSolver:  Solving for omega, Initial residual = 5.8720934e-31, Final residual = 5.8720934e-31, No Iterations 0
smoothSolver:  Solving for k, Initial residual = 8.9331251e-09, Final residual = 8.9331251e-09, No Iterations 0
smoothSolver:  Solving for Ux, Initial residual = 0.0033534664, Final residual = 0.00017589293, No Iterations 3
smoothSolver:  Solving for Uy, Initial residual = 0.015233807, Final residual = 0.0013417545, No Iterations 2
smoothSolver:  Solving for Uz, Initial residual = 0.012131716, Final residual = 0.0010976761, No Iterations 2
GAMG:  Solving for p, Initial residual = 0.0015233181, Final residual = 6.7764094e-06, No Iterations 3
GAMG:  Solving for p, Initial residual = 8.0103344e-05, Final residual = 4.1461766e-07, No Iterations 3
smoothSolver:  Solving for omega, Initial residual = 5.8720934e-31, Final residual = 5.8720934e-31, No Iterations 0
smoothSolver:  Solving for k, Initial residual = 8.9331251e-09, Final residual = 8.9331251e-09, No Iterations 0
smoothSolver:  Solving for Ux, Initial residual = 0.0031469947, Final residual = 0.00016411927, No Iterations 3
smoothSolver:  Solving for Uy, Initial residual = 0.014170149, Final residual = 0.0012481502, No Iterations 2
smoothSolver:  Solving for Uz, Initial residual = 0.011296387, Final residual = 0.0010108983, No Iterations 2
GAMG:  Solving for p, Initial residual = 0.00142788, Final residual = 6.0884489e-06, No Iterations 3
GAMG:  Solving for p, Initial residual = 7.3996203e-05, Final residual = 3.6928516e-07, No Iterations 3
smoothSolver:  Solving for omega, Initial residual = 5.8720934e-31, Final residual = 5.8720934e-31, No Iterations 0
smoothSolver:  Solving for k, Initial residual = 8.9331251e-09, Final residual = 8.9331251e-09, No Iterations 0
smoothSolver:  Solving for Ux, Initial residual = 0.0029541833, Final residual = 0.00015381983, No Iterations 3
smoothSolver:  Solving for Uy, Initial residual = 0.013197321, Final residual = 0.0011558359, No Iterations 2
smoothSolver:  Solving for Uz, Initial residual = 0.010442632, Final residual = 0.00092413449, No Iterations 2
GAMG:  Solving for p, Initial residual = 0.0013300949, Final residual = 5.8278077e-06, No Iterations 3
GAMG:  Solving for p, Initial residual = 6.8953976e-05, Final residual = 2.7154104e-07, No Iterations 3
smoothSolver:  Solving for omega, Initial residual = 5.8720934e-31, Final residual = 5.8720934e-31, No Iterations 0
smoothSolver:  Solving for k, Initial residual = 8.9331251e-09, Final residual = 8.9331251e-09, No Iterations 0
smoothSolver:  Solving for Ux, Initial residual = 0.002763427, Final residual = 0.00014243775, No Iterations 3
smoothSolver:  Solving for Uy, Initial residual = 0.012308701, Final residual = 0.0010664476, No Iterations 2
smoothSolver:  Solving for Uz, Initial residual = 0.0096914844, Final residual = 0.00084326252, No Iterations 2
GAMG:  Solving for p, Initial residual = 0.0012387294, Final residual = 5.1813763e-06, No Iterations 3
GAMG:  Solving for p, Initial residual = 6.2995905e-05, Final residual = 2.8128114e-07, No Iterations 3
smoothSolver:  Solving for omega, Initial residual = 5.8720934e-31, Final residual = 5.8720934e-31, No Iterations 0
smoothSolver:  Solving for k, Initial residual = 8.9331251e-09, Final residual = 8.9331251e-09, No Iterations 0
smoothSolver:  Solving for Ux, Initial residual = 0.0025923864, Final residual = 0.00013377805, No Iterations 3
smoothSolver:  Solving for Uy, Initial residual = 0.011493973, Final residual = 0.00098268842, No Iterations 2
smoothSolver:  Solving for Uz, Initial residual = 0.0089809715, Final residual = 0.00076291993, No Iterations 2
GAMG:  Solving for p, Initial residual = 0.0011515604, Final residual = 4.8551876e-06, No Iterations 3
GAMG:  Solving for p, Initial residual = 5.8532552e-05, Final residual = 1.9270268e-07, No Iterations 3
smoothSolver:  Solving for omega, Initial residual = 5.8720934e-31, Final residual = 5.8720934e-31, No Iterations 0
smoothSolver:  Solving for k, Initial residual = 8.9331251e-09, Final residual = 8.9331251e-09, No Iterations 0
smoothSolver:  Solving for Ux, Initial residual = 0.0024284948, Final residual = 0.00012347663, No Iterations 3
smoothSolver:  Solving for Uy, Initial residual = 0.010749737, Final residual = 0.00091429403, No Iterations 2
smoothSolver:  Solving for Uz, Initial residual = 0.0083454295, Final residual = 0.00069361459, No Iterations 2
GAMG:  Solving for p, Initial residual = 0.001064981, Final residual = 4.1313913e-06, No Iterations 3
GAMG:  Solving for p, Initial residual = 5.4055151e-05, Final residual = 1.9193716e-07, No Iterations 3
smoothSolver:  Solving for omega, Initial residual = 5.8720934e-31, Final residual = 5.8720934e-31, No Iterations 0
smoothSolver:  Solving for k, Initial residual = 8.9331251e-09, Final residual = 8.9331251e-09, No Iterations 0
smoothSolver:  Solving for Ux, Initial residual = 0.0022871239, Final residual = 0.00011542536, No Iterations 3
smoothSolver:  Solving for Uy, Initial residual = 0.010104585, Final residual = 0.00084925978, No Iterations 2
smoothSolver:  Solving for Uz, Initial residual = 0.0077259844, Final residual = 0.00062357789, No Iterations 2
GAMG:  Solving for p, Initial residual = 0.00098747306, Final residual = 3.6080475e-06, No Iterations 3
GAMG:  Solving for p, Initial residual = 5.0521712e-05, Final residual = 1.4292998e-07, No Iterations 3
smoothSolver:  Solving for omega, Initial residual = 5.8720934e-31, Final residual = 5.8720934e-31, No Iterations 0
smoothSolver:  Solving for k, Initial residual = 8.9331251e-09, Final residual = 8.9331251e-09, No Iterations 0
smoothSolver:  Solving for Ux, Initial residual = 0.0021499652, Final residual = 0.00010605612, No Iterations 3
smoothSolver:  Solving for Uy, Initial residual = 0.0094957289, Final residual = 0.00079279996, No Iterations 2
smoothSolver:  Solving for Uz, Initial residual = 0.0072036661, Final residual = 0.00056885624, No Iterations 2
GAMG:  Solving for p, Initial residual = 0.00091483867, Final residual = 3.3167407e-06, No Iterations 3
GAMG:  Solving for p, Initial residual = 4.6650696e-05, Final residual = 1.3609315e-07, No Iterations 3
smoothSolver:  Solving for omega, Initial residual = 5.8720934e-31, Final residual = 5.8720934e-31, No Iterations 0
smoothSolver:  Solving for k, Initial residual = 8.9331251e-09, Final residual = 8.9331251e-09, No Iterations 0
smoothSolver:  Solving for Ux, Initial residual = 0.0020288081, Final residual = 9.7745075e-05, No Iterations 3
smoothSolver:  Solving for Uy, Initial residual = 0.0089056371, Final residual = 0.00073494562, No Iterations 2
smoothSolver:  Solving for Uz, Initial residual = 0.0067137714, Final residual = 0.00051879503, No Iterations 2
GAMG:  Solving for p, Initial residual = 0.00085048574, Final residual = 3.041559e-06, No Iterations 3
GAMG:  Solving for p, Initial residual = 4.3765822e-05, Final residual = 1.4128101e-07, No Iterations 3
smoothSolver:  Solving for omega, Initial residual = 5.8720934e-31, Final residual = 5.8720934e-31, No Iterations 0
smoothSolver:  Solving for k, Initial residual = 8.9331251e-09, Final residual = 8.9331251e-09, No Iterations 0
smoothSolver:  Solving for Ux, Initial residual = 0.0019069412, Final residual = 8.9583161e-05, No Iterations 3
smoothSolver:  Solving for Uy, Initial residual = 0.0083624611, Final residual = 0.00068415382, No Iterations 2
smoothSolver:  Solving for Uz, Initial residual = 0.0062858103, Final residual = 0.00047691483, No Iterations 2
GAMG:  Solving for p, Initial residual = 0.00079237318, Final residual = 2.8128175e-06, No Iterations 3
GAMG:  Solving for p, Initial residual = 4.1145997e-05, Final residual = 1.5546515e-07, No Iterations 3
smoothSolver:  Solving for omega, Initial residual = 5.8720934e-31, Final residual = 5.8720934e-31, No Iterations 0
smoothSolver:  Solving for k, Initial residual = 8.9331251e-09, Final residual = 8.9331251e-09, No Iterations 0
smoothSolver:  Solving for Ux, Initial residual = 0.0017946409, Final residual = 8.2628578e-05, No Iterations 3
smoothSolver:  Solving for Uy, Initial residual = 0.0078476605, Final residual = 0.00063457358, No Iterations 2
smoothSolver:  Solving for Uz, Initial residual = 0.005866724, Final residual = 0.00043370033, No Iterations 2
GAMG:  Solving for p, Initial residual = 0.00074127455, Final residual = 2.6414955e-06, No Iterations 3
GAMG:  Solving for p, Initial residual = 3.8935251e-05, Final residual = 1.661269e-07, No Iterations 3
smoothSolver:  Solving for omega, Initial residual = 5.8720934e-31, Final residual = 5.8720934e-31, No Iterations 0
smoothSolver:  Solving for k, Initial residual = 8.9331251e-09, Final residual = 8.9331251e-09, No Iterations 0
smoothSolver:  Solving for Ux, Initial residual = 0.0016930193, Final residual = 7.6599993e-05, No Iterations 3
smoothSolver:  Solving for Uy, Initial residual = 0.0073725869, Final residual = 0.00059176784, No Iterations 2
smoothSolver:  Solving for Uz, Initial residual = 0.0054771564, Final residual = 0.00039800497, No Iterations 2
GAMG:  Solving for p, Initial residual = 0.00069312548, Final residual = 2.6495313e-06, No Iterations 3
GAMG:  Solving for p, Initial residual = 3.716297e-05, Final residual = 1.8598328e-07, No Iterations 3
smoothSolver:  Solving for omega, Initial residual = 5.8720934e-31, Final residual = 5.8720934e-31, No Iterations 0
smoothSolver:  Solving for k, Initial residual = 8.9331251e-09, Final residual = 8.9331251e-09, No Iterations 0
smoothSolver:  Solving for Ux, Initial residual = 0.0015937744, Final residual = 7.0069984e-05, No Iterations 3
smoothSolver:  Solving for Uy, Initial residual = 0.0069268302, Final residual = 0.00054742583, No Iterations 2
smoothSolver:  Solving for Uz, Initial residual = 0.0051292488, Final residual = 0.00036914152, No Iterations 2
GAMG:  Solving for p, Initial residual = 0.00064899324, Final residual = 2.6073305e-06, No Iterations 3
GAMG:  Solving for p, Initial residual = 3.5452632e-05, Final residual = 2.0038825e-07, No Iterations 3
smoothSolver:  Solving for omega, Initial residual = 5.8720934e-31, Final residual = 5.8720934e-31, No Iterations 0
smoothSolver:  Solving for k, Initial residual = 8.9331251e-09, Final residual = 8.9331251e-09, No Iterations 0
smoothSolver:  Solving for Ux, Initial residual = 0.0014902542, Final residual = 0.00014664002, No Iterations 2
smoothSolver:  Solving for Uy, Initial residual = 0.0064959712, Final residual = 0.0005053468, No Iterations 2
smoothSolver:  Solving for Uz, Initial residual = 0.0048153464, Final residual = 0.0003478067, No Iterations 2
GAMG:  Solving for p, Initial residual = 0.00060924036, Final residual = 2.4928079e-06, No Iterations 3
GAMG:  Solving for p, Initial residual = 3.4299796e-05, Final residual = 1.8983694e-07, No Iterations 3
smoothSolver:  Solving for omega, Initial residual = 5.8720934e-31, Final residual = 5.8720934e-31, No Iterations 0
smoothSolver:  Solving for k, Initial residual = 8.9331251e-09, Final residual = 8.9331251e-09, No Iterations 0
smoothSolver:  Solving for Ux, Initial residual = 0.0014016905, Final residual = 0.00013158063, No Iterations 2
smoothSolver:  Solving for Uy, Initial residual = 0.0061578509, Final residual = 0.00048721739, No Iterations 2
smoothSolver:  Solving for Uz, Initial residual = 0.0045674115, Final residual = 0.00033988114, No Iterations 2
GAMG:  Solving for p, Initial residual = 0.00057257369, Final residual = 2.408402e-06, No Iterations 3
GAMG:  Solving for p, Initial residual = 3.2178653e-05, Final residual = 1.9311042e-07, No Iterations 3
smoothSolver:  Solving for omega, Initial residual = 5.8720934e-31, Final residual = 5.8720934e-31, No Iterations 0
smoothSolver:  Solving for k, Initial residual = 8.9331251e-09, Final residual = 8.9331251e-09, No Iterations 0
smoothSolver:  Solving for Ux, Initial residual = 0.0013192807, Final residual = 0.00012171116, No Iterations 2
smoothSolver:  Solving for Uy, Initial residual = 0.0057674664, Final residual = 0.00045359188, No Iterations 2
smoothSolver:  Solving for Uz, Initial residual = 0.0042670586, Final residual = 0.00031971123, No Iterations 2
GAMG:  Solving for p, Initial residual = 0.00054060946, Final residual = 2.3430852e-06, No Iterations 3
GAMG:  Solving for p, Initial residual = 3.018515e-05, Final residual = 1.9001097e-07, No Iterations 3
smoothSolver:  Solving for omega, Initial residual = 5.8720934e-31, Final residual = 5.8720934e-31, No Iterations 0
smoothSolver:  Solving for k, Initial residual = 8.9331251e-09, Final residual = 8.9331251e-09, No Iterations 0
smoothSolver:  Solving for Ux, Initial residual = 0.0012301431, Final residual = 0.00011122829, No Iterations 2
smoothSolver:  Solving for Uy, Initial residual = 0.0053855315, Final residual = 0.00041863762, No Iterations 2
smoothSolver:  Solving for Uz, Initial residual = 0.0040117614, Final residual = 0.00030181621, No Iterations 2
GAMG:  Solving for p, Initial residual = 0.00051426518, Final residual = 2.2610615e-06, No Iterations 3
GAMG:  Solving for p, Initial residual = 2.8761959e-05, Final residual = 1.7863071e-07, No Iterations 3
smoothSolver:  Solving for omega, Initial residual = 5.8720934e-31, Final residual = 5.8720934e-31, No Iterations 0
smoothSolver:  Solving for k, Initial residual = 8.9331251e-09, Final residual = 8.9331251e-09, No Iterations 0
smoothSolver:  Solving for Ux, Initial residual = 0.0011530406, Final residual = 0.00010171477, No Iterations 2
smoothSolver:  Solving for Uy, Initial residual = 0.0050520297, Final residual = 0.00039264894, No Iterations 2
smoothSolver:  Solving for Uz, Initial residual = 0.0037995646, Final residual = 0.00028750054, No Iterations 2
GAMG:  Solving for p, Initial residual = 0.00049049973, Final residual = 2.1177944e-06, No Iterations 3
GAMG:  Solving for p, Initial residual = 2.7303926e-05, Final residual = 1.4911207e-07, No Iterations 3
smoothSolver:  Solving for omega, Initial residual = 5.8720934e-31, Final residual = 5.8720934e-31, No Iterations 0
smoothSolver:  Solving for k, Initial residual = 8.9331251e-09, Final residual = 8.9331251e-09, No Iterations 0
smoothSolver:  Solving for Ux, Initial residual = 0.0010846034, Final residual = 9.3070151e-05, No Iterations 2
smoothSolver:  Solving for Uy, Initial residual = 0.0047617952, Final residual = 0.00036961142, No Iterations 2
smoothSolver:  Solving for Uz, Initial residual = 0.0035992331, Final residual = 0.00027315182, No Iterations 2
GAMG:  Solving for p, Initial residual = 0.00047210249, Final residual = 1.9566063e-06, No Iterations 3
GAMG:  Solving for p, Initial residual = 2.5937709e-05, Final residual = 1.2314316e-07, No Iterations 3
smoothSolver:  Solving for omega, Initial residual = 5.8720934e-31, Final residual = 5.8720934e-31, No Iterations 0
smoothSolver:  Solving for k, Initial residual = 8.9331251e-09, Final residual = 8.9331251e-09, No Iterations 0
smoothSolver:  Solving for Ux, Initial residual = 0.0010211508, Final residual = 8.5679905e-05, No Iterations 2
smoothSolver:  Solving for Uy, Initial residual = 0.0044899394, Final residual = 0.00034706651, No Iterations 2
smoothSolver:  Solving for Uz, Initial residual = 0.0034065043, Final residual = 0.00025753289, No Iterations 2
GAMG:  Solving for p, Initial residual = 0.00045373157, Final residual = 1.8053073e-06, No Iterations 3
GAMG:  Solving for p, Initial residual = 2.4656976e-05, Final residual = 9.9203155e-08, No Iterations 3
smoothSolver:  Solving for omega, Initial residual = 5.8720934e-31, Final residual = 5.8720934e-31, No Iterations 0
smoothSolver:  Solving for k, Initial residual = 8.9331251e-09, Final residual = 8.9331251e-09, No Iterations 0
smoothSolver:  Solving for Ux, Initial residual = 0.00096061582, Final residual = 8.0153992e-05, No Iterations 2
smoothSolver:  Solving for Uy, Initial residual = 0.0042159918, Final residual = 0.00032787651, No Iterations 2
smoothSolver:  Solving for Uz, Initial residual = 0.003210788, Final residual = 0.00023835078, No Iterations 2
GAMG:  Solving for p, Initial residual = 0.00043443154, Final residual = 1.5354875e-06, No Iterations 3
GAMG:  Solving for p, Initial residual = 2.3134065e-05, Final residual = 1.0535859e-07, No Iterations 3
smoothSolver:  Solving for omega, Initial residual = 5.8720934e-31, Final residual = 5.8720934e-31, No Iterations 0
smoothSolver:  Solving for k, Initial residual = 8.9331251e-09, Final residual = 8.9331251e-09, No Iterations 0
smoothSolver:  Solving for Ux, Initial residual = 0.00091320216, Final residual = 7.6775591e-05, No Iterations 2
smoothSolver:  Solving for Uy, Initial residual = 0.0039638893, Final residual = 0.00031400228, No Iterations 2
smoothSolver:  Solving for Uz, Initial residual = 0.0030377574, Final residual = 0.00022011299, No Iterations 2
GAMG:  Solving for p, Initial residual = 0.00041809683, Final residual = 1.5377151e-06, No Iterations 3
GAMG:  Solving for p, Initial residual = 2.2207057e-05, Final residual = 1.246579e-07, No Iterations 3
smoothSolver:  Solving for omega, Initial residual = 5.8720934e-31, Final residual = 5.8720934e-31, No Iterations 0
smoothSolver:  Solving for k, Initial residual = 8.9331251e-09, Final residual = 8.9331251e-09, No Iterations 0
smoothSolver:  Solving for Ux, Initial residual = 0.00086525699, Final residual = 7.3256731e-05, No Iterations 2
smoothSolver:  Solving for Uy, Initial residual = 0.0037584489, Final residual = 0.00029683304, No Iterations 2
smoothSolver:  Solving for Uz, Initial residual = 0.0028944092, Final residual = 0.00020093636, No Iterations 2
GAMG:  Solving for p, Initial residual = 0.00039652437, Final residual = 1.6875722e-06, No Iterations 3
GAMG:  Solving for p, Initial residual = 2.0937901e-05, Final residual = 1.4628807e-07, No Iterations 3
smoothSolver:  Solving for omega, Initial residual = 5.8720934e-31, Final residual = 5.8720934e-31, No Iterations 0
smoothSolver:  Solving for k, Initial residual = 8.9331251e-09, Final residual = 8.9331251e-09, No Iterations 0
smoothSolver:  Solving for Ux, Initial residual = 0.0008392321, Final residual = 7.2242214e-05, No Iterations 2
smoothSolver:  Solving for Uy, Initial residual = 0.0035352132, Final residual = 0.00028296434, No Iterations 2
smoothSolver:  Solving for Uz, Initial residual = 0.0027266767, Final residual = 0.0001910099, No Iterations 2
GAMG:  Solving for p, Initial residual = 0.00037525322, Final residual = 1.7360293e-06, No Iterations 3
GAMG:  Solving for p, Initial residual = 2.0074954e-05, Final residual = 1.5334296e-07, No Iterations 3
smoothSolver:  Solving for omega, Initial residual = 5.8720934e-31, Final residual = 5.8720934e-31, No Iterations 0
smoothSolver:  Solving for k, Initial residual = 8.9331251e-09, Final residual = 8.9331251e-09, No Iterations 0
smoothSolver:  Solving for Ux, Initial residual = 0.00079209143, Final residual = 6.5413725e-05, No Iterations 2
smoothSolver:  Solving for Uy, Initial residual = 0.0033569998, Final residual = 0.00027062596, No Iterations 2
smoothSolver:  Solving for Uz, Initial residual = 0.0026214463, Final residual = 0.00019880598, No Iterations 2
GAMG:  Solving for p, Initial residual = 0.0003523067, Final residual = 1.8267501e-06, No Iterations 3
GAMG:  Solving for p, Initial residual = 1.924958e-05, Final residual = 1.6488465e-07, No Iterations 3
smoothSolver:  Solving for omega, Initial residual = 5.8720934e-31, Final residual = 5.8720934e-31, No Iterations 0
smoothSolver:  Solving for k, Initial residual = 8.9331251e-09, Final residual = 8.9331251e-09, No Iterations 0
smoothSolver:  Solving for Ux, Initial residual = 0.00077626452, Final residual = 6.8874486e-05, No Iterations 2
smoothSolver:  Solving for Uy, Initial residual = 0.003171076, Final residual = 0.00025653304, No Iterations 2
smoothSolver:  Solving for Uz, Initial residual = 0.0024464996, Final residual = 0.00018713801, No Iterations 2
GAMG:  Solving for p, Initial residual = 0.00034545985, Final residual = 1.7382453e-06, No Iterations 3
GAMG:  Solving for p, Initial residual = 1.8822686e-05, Final residual = 1.6210905e-07, No Iterations 3
smoothSolver:  Solving for omega, Initial residual = 5.8720934e-31, Final residual = 5.8720934e-31, No Iterations 0
smoothSolver:  Solving for k, Initial residual = 8.9331251e-09, Final residual = 8.9331251e-09, No Iterations 0
smoothSolver:  Solving for Ux, Initial residual = 0.00074786221, Final residual = 6.372937e-05, No Iterations 2
smoothSolver:  Solving for Uy, Initial residual = 0.0030502287, Final residual = 0.00024712105, No Iterations 2
smoothSolver:  Solving for Uz, Initial residual = 0.0024253768, Final residual = 0.00019864697, No Iterations 2
GAMG:  Solving for p, Initial residual = 0.00033883224, Final residual = 1.8084914e-06, No Iterations 3
GAMG:  Solving for p, Initial residual = 1.9295507e-05, Final residual = 1.6900208e-07, No Iterations 3
smoothSolver:  Solving for omega, Initial residual = 5.8720934e-31, Final residual = 5.8720934e-31, No Iterations 0
smoothSolver:  Solving for k, Initial residual = 8.9331251e-09, Final residual = 8.9331251e-09, No Iterations 0
smoothSolver:  Solving for Ux, Initial residual = 0.00074573072, Final residual = 7.1648802e-05, No Iterations 2
smoothSolver:  Solving for Uy, Initial residual = 0.0029781427, Final residual = 0.00023718661, No Iterations 2
smoothSolver:  Solving for Uz, Initial residual = 0.0023713378, Final residual = 0.00019114489, No Iterations 2
GAMG:  Solving for p, Initial residual = 0.00032956735, Final residual = 2.0634763e-06, No Iterations 3
GAMG:  Solving for p, Initial residual = 1.8463322e-05, Final residual = 7.8959377e-08, No Iterations 4
smoothSolver:  Solving for omega, Initial residual = 5.8720934e-31, Final residual = 5.8720934e-31, No Iterations 0
smoothSolver:  Solving for k, Initial residual = 8.9331251e-09, Final residual = 8.9331251e-09, No Iterations 0
smoothSolver:  Solving for Ux, Initial residual = 0.00071467098, Final residual = 6.4166329e-05, No Iterations 2
smoothSolver:  Solving for Uy, Initial residual = 0.0029077073, Final residual = 0.00022801919, No Iterations 2
smoothSolver:  Solving for Uz, Initial residual = 0.0023012244, Final residual = 0.00019704965, No Iterations 2
GAMG:  Solving for p, Initial residual = 0.0003144832, Final residual = 1.8427086e-06, No Iterations 3
GAMG:  Solving for p, Initial residual = 1.7449742e-05, Final residual = 6.2261204e-08, No Iterations 4
smoothSolver:  Solving for omega, Initial residual = 5.8720934e-31, Final residual = 5.8720934e-31, No Iterations 0
smoothSolver:  Solving for k, Initial residual = 8.9331251e-09, Final residual = 8.9331251e-09, No Iterations 0
smoothSolver:  Solving for Ux, Initial residual = 0.00069993124, Final residual = 6.652619e-05, No Iterations 2
smoothSolver:  Solving for Uy, Initial residual = 0.002782139, Final residual = 0.00021563166, No Iterations 2
smoothSolver:  Solving for Uz, Initial residual = 0.0022199671, Final residual = 0.00020430221, No Iterations 2
GAMG:  Solving for p, Initial residual = 0.00029571273, Final residual = 1.5258944e-06, No Iterations 3
GAMG:  Solving for p, Initial residual = 1.6679193e-05, Final residual = 1.3930773e-07, No Iterations 3
smoothSolver:  Solving for omega, Initial residual = 5.8720934e-31, Final residual = 5.8720934e-31, No Iterations 0
smoothSolver:  Solving for k, Initial residual = 8.9331251e-09, Final residual = 8.9331251e-09, No Iterations 0
smoothSolver:  Solving for Ux, Initial residual = 0.00065363666, Final residual = 5.8314383e-05, No Iterations 2
smoothSolver:  Solving for Uy, Initial residual = 0.0026726158, Final residual = 0.0002118271, No Iterations 2
smoothSolver:  Solving for Uz, Initial residual = 0.0021068421, Final residual = 0.00018763585, No Iterations 2
GAMG:  Solving for p, Initial residual = 0.00029126113, Final residual = 1.4241496e-06, No Iterations 3
GAMG:  Solving for p, Initial residual = 1.539212e-05, Final residual = 1.1347688e-07, No Iterations 3
smoothSolver:  Solving for omega, Initial residual = 5.8720934e-31, Final residual = 5.8720934e-31, No Iterations 0
smoothSolver:  Solving for k, Initial residual = 8.9331251e-09, Final residual = 8.9331251e-09, No Iterations 0
smoothSolver:  Solving for Ux, Initial residual = 0.00062060724, Final residual = 5.495108e-05, No Iterations 2
smoothSolver:  Solving for Uy, Initial residual = 0.0025466227, Final residual = 0.00019823493, No Iterations 2
smoothSolver:  Solving for Uz, Initial residual = 0.0020915167, Final residual = 0.00019946508, No Iterations 2
GAMG:  Solving for p, Initial residual = 0.00027885926, Final residual = 1.2989093e-06, No Iterations 3
GAMG:  Solving for p, Initial residual = 1.4819297e-05, Final residual = 1.1418028e-07, No Iterations 3
smoothSolver:  Solving for omega, Initial residual = 5.8720934e-31, Final residual = 5.8720934e-31, No Iterations 0
smoothSolver:  Solving for k, Initial residual = 8.9331251e-09, Final residual = 8.9331251e-09, No Iterations 0
smoothSolver:  Solving for Ux, Initial residual = 0.00059854534, Final residual = 4.9798837e-05, No Iterations 2
smoothSolver:  Solving for Uy, Initial residual = 0.0024757621, Final residual = 0.00018036914, No Iterations 2
smoothSolver:  Solving for Uz, Initial residual = 0.0019348807, Final residual = 0.00015407444, No Iterations 2
GAMG:  Solving for p, Initial residual = 0.00028895712, Final residual = 1.3021768e-06, No Iterations 3
GAMG:  Solving for p, Initial residual = 1.4929024e-05, Final residual = 7.6286016e-08, No Iterations 3
smoothSolver:  Solving for omega, Initial residual = 5.8720934e-31, Final residual = 5.8720934e-31, No Iterations 0
smoothSolver:  Solving for k, Initial residual = 8.9331251e-09, Final residual = 8.9331251e-09, No Iterations 0
smoothSolver:  Solving for Ux, Initial residual = 0.00057859658, Final residual = 5.0666363e-05, No Iterations 2
smoothSolver:  Solving for Uy, Initial residual = 0.0023665746, Final residual = 0.00017913272, No Iterations 2
smoothSolver:  Solving for Uz, Initial residual = 0.0019439455, Final residual = 0.00016914653, No Iterations 2
GAMG:  Solving for p, Initial residual = 0.00027474647, Final residual = 1.2808053e-06, No Iterations 3
GAMG:  Solving for p, Initial residual = 1.4734123e-05, Final residual = 1.1337994e-07, No Iterations 3
smoothSolver:  Solving for omega, Initial residual = 5.8720934e-31, Final residual = 5.8720934e-31, No Iterations 0
smoothSolver:  Solving for k, Initial residual = 8.9331251e-09, Final residual = 8.9331251e-09, No Iterations 0
smoothSolver:  Solving for Ux, Initial residual = 0.00058483759, Final residual = 5.3025359e-05, No Iterations 2
smoothSolver:  Solving for Uy, Initial residual = 0.0022802111, Final residual = 0.00016234891, No Iterations 2
smoothSolver:  Solving for Uz, Initial residual = 0.0018651849, Final residual = 0.00013817252, No Iterations 2
GAMG:  Solving for p, Initial residual = 0.00026469706, Final residual = 1.5995001e-06, No Iterations 3
GAMG:  Solving for p, Initial residual = 1.4075165e-05, Final residual = 1.2172192e-07, No Iterations 3
smoothSolver:  Solving for omega, Initial residual = 5.8720934e-31, Final residual = 5.8720934e-31, No Iterations 0
smoothSolver:  Solving for k, Initial residual = 8.9331251e-09, Final residual = 8.9331251e-09, No Iterations 0
smoothSolver:  Solving for Ux, Initial residual = 0.0005342749, Final residual = 4.3181786e-05, No Iterations 2
smoothSolver:  Solving for Uy, Initial residual = 0.002133171, Final residual = 0.00015541975, No Iterations 2
smoothSolver:  Solving for Uz, Initial residual = 0.0017471072, Final residual = 0.00014112016, No Iterations 2
GAMG:  Solving for p, Initial residual = 0.00024833126, Final residual = 1.0752946e-06, No Iterations 3
GAMG:  Solving for p, Initial residual = 1.2125204e-05, Final residual = 8.7920899e-08, No Iterations 3
smoothSolver:  Solving for omega, Initial residual = 5.8720934e-31, Final residual = 5.8720934e-31, No Iterations 0
smoothSolver:  Solving for k, Initial residual = 8.9331251e-09, Final residual = 8.9331251e-09, No Iterations 0
smoothSolver:  Solving for Ux, Initial residual = 0.00050805554, Final residual = 4.6508954e-05, No Iterations 2
smoothSolver:  Solving for Uy, Initial residual = 0.0020099655, Final residual = 0.0001417364, No Iterations 2
smoothSolver:  Solving for Uz, Initial residual = 0.0016485354, Final residual = 0.00013460539, No Iterations 2
GAMG:  Solving for p, Initial residual = 0.00023301445, Final residual = 1.026677e-06, No Iterations 3
GAMG:  Solving for p, Initial residual = 1.2446722e-05, Final residual = 6.8707568e-08, No Iterations 3
smoothSolver:  Solving for omega, Initial residual = 5.8720934e-31, Final residual = 5.8720934e-31, No Iterations 0
smoothSolver:  Solving for k, Initial residual = 8.9331251e-09, Final residual = 8.9331251e-09, No Iterations 0
smoothSolver:  Solving for Ux, Initial residual = 0.00048010764, Final residual = 3.9438028e-05, No Iterations 2
smoothSolver:  Solving for Uy, Initial residual = 0.0019111504, Final residual = 0.00013733174, No Iterations 2
smoothSolver:  Solving for Uz, Initial residual = 0.0015322254, Final residual = 0.00010804062, No Iterations 2
GAMG:  Solving for p, Initial residual = 0.00022884739, Final residual = 9.6873501e-07, No Iterations 3
GAMG:  Solving for p, Initial residual = 1.1400182e-05, Final residual = 7.6146465e-08, No Iterations 3
smoothSolver:  Solving for omega, Initial residual = 5.8720934e-31, Final residual = 5.8720934e-31, No Iterations 0
smoothSolver:  Solving for k, Initial residual = 8.9331251e-09, Final residual = 8.9331251e-09, No Iterations 0
smoothSolver:  Solving for Ux, Initial residual = 0.000460433, Final residual = 4.0383741e-05, No Iterations 2
smoothSolver:  Solving for Uy, Initial residual = 0.0018023837, Final residual = 0.00012829877, No Iterations 2
smoothSolver:  Solving for Uz, Initial residual = 0.0014948641, Final residual = 0.0001155384, No Iterations 2
GAMG:  Solving for p, Initial residual = 0.00021770476, Final residual = 1.1672109e-06, No Iterations 3
GAMG:  Solving for p, Initial residual = 1.1727564e-05, Final residual = 1.0340557e-07, No Iterations 3
smoothSolver:  Solving for omega, Initial residual = 5.8720934e-31, Final residual = 5.8720934e-31, No Iterations 0
smoothSolver:  Solving for k, Initial residual = 8.9331251e-09, Final residual = 8.9331251e-09, No Iterations 0
smoothSolver:  Solving for Ux, Initial residual = 0.00044946361, Final residual = 3.911511e-05, No Iterations 2
smoothSolver:  Solving for Uy, Initial residual = 0.0017319817, Final residual = 0.00011610897, No Iterations 2
smoothSolver:  Solving for Uz, Initial residual = 0.0014468127, Final residual = 9.6539836e-05, No Iterations 2
GAMG:  Solving for p, Initial residual = 0.00021405221, Final residual = 1.004095e-06, No Iterations 3
GAMG:  Solving for p, Initial residual = 1.138183e-05, Final residual = 8.0188701e-08, No Iterations 3
smoothSolver:  Solving for omega, Initial residual = 5.8720934e-31, Final residual = 5.8720934e-31, No Iterations 0
smoothSolver:  Solving for k, Initial residual = 8.9331251e-09, Final residual = 8.9331251e-09, No Iterations 0
smoothSolver:  Solving for Ux, Initial residual = 0.00042595772, Final residual = 3.685247e-05, No Iterations 2
smoothSolver:  Solving for Uy, Initial residual = 0.0017045545, Final residual = 0.00011785012, No Iterations 2
smoothSolver:  Solving for Uz, Initial residual = 0.0014080499, Final residual = 0.0001064052, No Iterations 2
GAMG:  Solving for p, Initial residual = 0.00020381392, Final residual = 1.1778077e-06, No Iterations 3
GAMG:  Solving for p, Initial residual = 1.1173359e-05, Final residual = 4.652414e-08, No Iterations 4
smoothSolver:  Solving for omega, Initial residual = 5.8720934e-31, Final residual = 5.8720934e-31, No Iterations 0
smoothSolver:  Solving for k, Initial residual = 8.9331251e-09, Final residual = 8.9331251e-09, No Iterations 0
smoothSolver:  Solving for Ux, Initial residual = 0.00041936921, Final residual = 3.7007443e-05, No Iterations 2
smoothSolver:  Solving for Uy, Initial residual = 0.0016485361, Final residual = 0.00011168836, No Iterations 2
smoothSolver:  Solving for Uz, Initial residual = 0.0013516763, Final residual = 9.6072981e-05, No Iterations 2
GAMG:  Solving for p, Initial residual = 0.00019294103, Final residual = 1.1094733e-06, No Iterations 3
GAMG:  Solving for p, Initial residual = 1.1098576e-05, Final residual = 1.0181223e-07, No Iterations 3
smoothSolver:  Solving for omega, Initial residual = 5.8720934e-31, Final residual = 5.8720934e-31, No Iterations 0
smoothSolver:  Solving for k, Initial residual = 8.9331251e-09, Final residual = 8.9331251e-09, No Iterations 0
smoothSolver:  Solving for Ux, Initial residual = 0.00039321688, Final residual = 3.3405751e-05, No Iterations 2
smoothSolver:  Solving for Uy, Initial residual = 0.0016253231, Final residual = 0.00010939711, No Iterations 2
smoothSolver:  Solving for Uz, Initial residual = 0.0013154608, Final residual = 8.9817159e-05, No Iterations 2
GAMG:  Solving for p, Initial residual = 0.00018877095, Final residual = 1.0826374e-06, No Iterations 3
GAMG:  Solving for p, Initial residual = 1.0721493e-05, Final residual = 1.0653421e-07, No Iterations 3
smoothSolver:  Solving for omega, Initial residual = 5.8720934e-31, Final residual = 5.8720934e-31, No Iterations 0
smoothSolver:  Solving for k, Initial residual = 8.9331251e-09, Final residual = 8.9331251e-09, No Iterations 0
smoothSolver:  Solving for Ux, Initial residual = 0.00037791109, Final residual = 3.3688624e-05, No Iterations 2
smoothSolver:  Solving for Uy, Initial residual = 0.0015271082, Final residual = 9.8738601e-05, No Iterations 2
smoothSolver:  Solving for Uz, Initial residual = 0.001268336, Final residual = 8.9857387e-05, No Iterations 2
GAMG:  Solving for p, Initial residual = 0.00017679272, Final residual = 1.0727574e-06, No Iterations 3
GAMG:  Solving for p, Initial residual = 1.0146494e-05, Final residual = 4.2076223e-08, No Iterations 4
smoothSolver:  Solving for omega, Initial residual = 5.8720934e-31, Final residual = 5.8720934e-31, No Iterations 0
smoothSolver:  Solving for k, Initial residual = 8.9331251e-09, Final residual = 8.9331251e-09, No Iterations 0
smoothSolver:  Solving for Ux, Initial residual = 0.00035793699, Final residual = 2.9868142e-05, No Iterations 2
smoothSolver:  Solving for Uy, Initial residual = 0.0014799992, Final residual = 9.5657299e-05, No Iterations 2
smoothSolver:  Solving for Uz, Initial residual = 0.0012522679, Final residual = 8.4286855e-05, No Iterations 2
GAMG:  Solving for p, Initial residual = 0.00017707807, Final residual = 9.4607366e-07, No Iterations 3
GAMG:  Solving for p, Initial residual = 9.7756041e-06, Final residual = 9.0200628e-08, No Iterations 3
smoothSolver:  Solving for omega, Initial residual = 5.8720934e-31, Final residual = 5.8720934e-31, No Iterations 0
smoothSolver:  Solving for k, Initial residual = 8.9331251e-09, Final residual = 8.9331251e-09, No Iterations 0
smoothSolver:  Solving for Ux, Initial residual = 0.00034293976, Final residual = 2.9701701e-05, No Iterations 2
smoothSolver:  Solving for Uy, Initial residual = 0.001451048, Final residual = 9.2511098e-05, No Iterations 2
smoothSolver:  Solving for Uz, Initial residual = 0.0012271744, Final residual = 8.4635438e-05, No Iterations 2
GAMG:  Solving for p, Initial residual = 0.00017413533, Final residual = 1.0535259e-06, No Iterations 3
GAMG:  Solving for p, Initial residual = 9.8998837e-06, Final residual = 3.7764797e-08, No Iterations 4
smoothSolver:  Solving for omega, Initial residual = 5.8720934e-31, Final residual = 5.8720934e-31, No Iterations 0
smoothSolver:  Solving for k, Initial residual = 8.9331251e-09, Final residual = 8.9331251e-09, No Iterations 0
smoothSolver:  Solving for Ux, Initial residual = 0.00033954106, Final residual = 2.6601223e-05, No Iterations 2
smoothSolver:  Solving for Uy, Initial residual = 0.0013929924, Final residual = 9.2019202e-05, No Iterations 2
smoothSolver:  Solving for Uz, Initial residual = 0.0011943808, Final residual = 7.454035e-05, No Iterations 2
GAMG:  Solving for p, Initial residual = 0.00016816669, Final residual = 9.4139921e-07, No Iterations 3
GAMG:  Solving for p, Initial residual = 9.0659872e-06, Final residual = 8.3426747e-08, No Iterations 3
smoothSolver:  Solving for omega, Initial residual = 5.8720934e-31, Final residual = 5.8720934e-31, No Iterations 0
smoothSolver:  Solving for k, Initial residual = 8.9331251e-09, Final residual = 8.9331251e-09, No Iterations 0
smoothSolver:  Solving for Ux, Initial residual = 0.0003304299, Final residual = 2.7707855e-05, No Iterations 2
smoothSolver:  Solving for Uy, Initial residual = 0.0013725514, Final residual = 8.9807742e-05, No Iterations 2
smoothSolver:  Solving for Uz, Initial residual = 0.0011811206, Final residual = 7.5865562e-05, No Iterations 2
GAMG:  Solving for p, Initial residual = 0.00016778697, Final residual = 8.9512803e-07, No Iterations 3
GAMG:  Solving for p, Initial residual = 9.2310349e-06, Final residual = 7.4166449e-08, No Iterations 3
smoothSolver:  Solving for omega, Initial residual = 5.8720934e-31, Final residual = 5.8720934e-31, No Iterations 0
smoothSolver:  Solving for k, Initial residual = 8.9331251e-09, Final residual = 8.9331251e-09, No Iterations 0
smoothSolver:  Solving for Ux, Initial residual = 0.00031341945, Final residual = 2.466806e-05, No Iterations 2
smoothSolver:  Solving for Uy, Initial residual = 0.0013036893, Final residual = 8.7025426e-05, No Iterations 2
smoothSolver:  Solving for Uz, Initial residual = 0.0011204301, Final residual = 7.1064593e-05, No Iterations 2
GAMG:  Solving for p, Initial residual = 0.00015784235, Final residual = 7.7631835e-07, No Iterations 3
GAMG:  Solving for p, Initial residual = 8.3738495e-06, Final residual = 4.3711538e-08, No Iterations 3
smoothSolver:  Solving for omega, Initial residual = 5.8720934e-31, Final residual = 5.8720934e-31, No Iterations 0
smoothSolver:  Solving for k, Initial residual = 8.9331251e-09, Final residual = 8.9331251e-09, No Iterations 0
smoothSolver:  Solving for Ux, Initial residual = 0.0003155552, Final residual = 2.3670376e-05, No Iterations 2
smoothSolver:  Solving for Uy, Initial residual = 0.0012901497, Final residual = 8.2293682e-05, No Iterations 2
smoothSolver:  Solving for Uz, Initial residual = 0.0011105067, Final residual = 7.2696883e-05, No Iterations 2
GAMG:  Solving for p, Initial residual = 0.00015901674, Final residual = 7.6873699e-07, No Iterations 3
GAMG:  Solving for p, Initial residual = 8.2856017e-06, Final residual = 5.1644482e-08, No Iterations 3
smoothSolver:  Solving for omega, Initial residual = 5.8720934e-31, Final residual = 5.8720934e-31, No Iterations 0
smoothSolver:  Solving for k, Initial residual = 8.9331251e-09, Final residual = 8.9331251e-09, No Iterations 0
smoothSolver:  Solving for Ux, Initial residual = 0.00030093633, Final residual = 2.1083762e-05, No Iterations 2
smoothSolver:  Solving for Uy, Initial residual = 0.0012308817, Final residual = 7.6788798e-05, No Iterations 2
smoothSolver:  Solving for Uz, Initial residual = 0.0010732328, Final residual = 6.9303318e-05, No Iterations 2
GAMG:  Solving for p, Initial residual = 0.00015920805, Final residual = 6.5208991e-07, No Iterations 3
GAMG:  Solving for p, Initial residual = 8.1277941e-06, Final residual = 6.2349636e-08, No Iterations 3
smoothSolver:  Solving for omega, Initial residual = 5.8720934e-31, Final residual = 5.8720934e-31, No Iterations 0
smoothSolver:  Solving for k, Initial residual = 8.9331251e-09, Final residual = 8.9331251e-09, No Iterations 0
smoothSolver:  Solving for Ux, Initial residual = 0.0003012871, Final residual = 2.2861347e-05, No Iterations 2
smoothSolver:  Solving for Uy, Initial residual = 0.001192144, Final residual = 7.233342e-05, No Iterations 2
smoothSolver:  Solving for Uz, Initial residual = 0.0010495097, Final residual = 6.2712126e-05, No Iterations 2
GAMG:  Solving for p, Initial residual = 0.00015809116, Final residual = 6.4516172e-07, No Iterations 3
GAMG:  Solving for p, Initial residual = 8.0720915e-06, Final residual = 3.954597e-08, No Iterations 3
smoothSolver:  Solving for omega, Initial residual = 5.8720934e-31, Final residual = 5.8720934e-31, No Iterations 0
smoothSolver:  Solving for k, Initial residual = 8.9331251e-09, Final residual = 8.9331251e-09, No Iterations 0
smoothSolver:  Solving for Ux, Initial residual = 0.00029501243, Final residual = 2.1082408e-05, No Iterations 2
smoothSolver:  Solving for Uy, Initial residual = 0.0011715107, Final residual = 7.3432253e-05, No Iterations 2
smoothSolver:  Solving for Uz, Initial residual = 0.0010365242, Final residual = 6.2634546e-05, No Iterations 2
GAMG:  Solving for p, Initial residual = 0.00015632722, Final residual = 6.910053e-07, No Iterations 3
GAMG:  Solving for p, Initial residual = 8.2682427e-06, Final residual = 4.2845054e-08, No Iterations 3
smoothSolver:  Solving for omega, Initial residual = 5.8720934e-31, Final residual = 5.8720934e-31, No Iterations 0
smoothSolver:  Solving for k, Initial residual = 8.9331251e-09, Final residual = 8.9331251e-09, No Iterations 0
smoothSolver:  Solving for Ux, Initial residual = 0.00029887592, Final residual = 2.2472164e-05, No Iterations 2
smoothSolver:  Solving for Uy, Initial residual = 0.0011378213, Final residual = 7.0323788e-05, No Iterations 2
smoothSolver:  Solving for Uz, Initial residual = 0.00098210127, Final residual = 5.8772035e-05, No Iterations 2
GAMG:  Solving for p, Initial residual = 0.00014955879, Final residual = 6.1458096e-07, No Iterations 3
GAMG:  Solving for p, Initial residual = 7.9208273e-06, Final residual = 3.4793079e-08, No Iterations 3
smoothSolver:  Solving for omega, Initial residual = 5.8720934e-31, Final residual = 5.8720934e-31, No Iterations 0
smoothSolver:  Solving for k, Initial residual = 8.9331251e-09, Final residual = 8.9331251e-09, No Iterations 0
smoothSolver:  Solving for Ux, Initial residual = 0.00028877797, Final residual = 1.9599953e-05, No Iterations 2
smoothSolver:  Solving for Uy, Initial residual = 0.0011235215, Final residual = 6.816651e-05, No Iterations 2
smoothSolver:  Solving for Uz, Initial residual = 0.0009657995, Final residual = 6.0443617e-05, No Iterations 2
GAMG:  Solving for p, Initial residual = 0.00015019098, Final residual = 5.5374588e-07, No Iterations 3
GAMG:  Solving for p, Initial residual = 7.7110742e-06, Final residual = 3.8944676e-08, No Iterations 3
smoothSolver:  Solving for omega, Initial residual = 5.8720934e-31, Final residual = 5.8720934e-31, No Iterations 0
smoothSolver:  Solving for k, Initial residual = 8.9331251e-09, Final residual = 8.9331251e-09, No Iterations 0
smoothSolver:  Solving for Ux, Initial residual = 0.00029056893, Final residual = 2.0681655e-05, No Iterations 2
smoothSolver:  Solving for Uy, Initial residual = 0.0010757529, Final residual = 6.9353352e-05, No Iterations 2
smoothSolver:  Solving for Uz, Initial residual = 0.00091775697, Final residual = 5.997717e-05, No Iterations 2
GAMG:  Solving for p, Initial residual = 0.0001434634, Final residual = 5.5767619e-07, No Iterations 3
GAMG:  Solving for p, Initial residual = 7.6347282e-06, Final residual = 3.6090022e-08, No Iterations 3
smoothSolver:  Solving for omega, Initial residual = 5.8720934e-31, Final residual = 5.8720934e-31, No Iterations 0
smoothSolver:  Solving for k, Initial residual = 8.9331251e-09, Final residual = 8.9331251e-09, No Iterations 0
smoothSolver:  Solving for Ux, Initial residual = 0.00027848815, Final residual = 1.9268971e-05, No Iterations 2
smoothSolver:  Solving for Uy, Initial residual = 0.0010143993, Final residual = 6.0958851e-05, No Iterations 2
smoothSolver:  Solving for Uz, Initial residual = 0.00089584328, Final residual = 4.9014423e-05, No Iterations 2
GAMG:  Solving for p, Initial residual = 0.00014307815, Final residual = 5.1975986e-07, No Iterations 3
GAMG:  Solving for p, Initial residual = 6.8403585e-06, Final residual = 4.1361995e-08, No Iterations 3
smoothSolver:  Solving for omega, Initial residual = 5.8720934e-31, Final residual = 5.8720934e-31, No Iterations 0
smoothSolver:  Solving for k, Initial residual = 8.9331251e-09, Final residual = 8.9331251e-09, No Iterations 0
smoothSolver:  Solving for Ux, Initial residual = 0.00027250668, Final residual = 1.8885402e-05, No Iterations 2
smoothSolver:  Solving for Uy, Initial residual = 0.00098499156, Final residual = 5.9404308e-05, No Iterations 2
smoothSolver:  Solving for Uz, Initial residual = 0.00087038455, Final residual = 5.7801352e-05, No Iterations 2
GAMG:  Solving for p, Initial residual = 0.00013396022, Final residual = 6.2074311e-07, No Iterations 3
GAMG:  Solving for p, Initial residual = 7.4191283e-06, Final residual = 5.4741112e-08, No Iterations 3
smoothSolver:  Solving for omega, Initial residual = 5.8720934e-31, Final residual = 5.8720934e-31, No Iterations 0
smoothSolver:  Solving for k, Initial residual = 8.9331251e-09, Final residual = 8.9331251e-09, No Iterations 0
smoothSolver:  Solving for Ux, Initial residual = 0.00026585267, Final residual = 2.0150095e-05, No Iterations 2
smoothSolver:  Solving for Uy, Initial residual = 0.00096964424, Final residual = 5.6800302e-05, No Iterations 2
smoothSolver:  Solving for Uz, Initial residual = 0.00083006388, Final residual = 4.3177029e-05, No Iterations 2
GAMG:  Solving for p, Initial residual = 0.00013339896, Final residual = 5.6780836e-07, No Iterations 3
GAMG:  Solving for p, Initial residual = 7.3458991e-06, Final residual = 5.3185968e-08, No Iterations 3
smoothSolver:  Solving for omega, Initial residual = 5.8720934e-31, Final residual = 5.8720934e-31, No Iterations 0
smoothSolver:  Solving for k, Initial residual = 8.9331251e-09, Final residual = 8.9331251e-09, No Iterations 0
smoothSolver:  Solving for Ux, Initial residual = 0.00026122313, Final residual = 1.8223734e-05, No Iterations 2
smoothSolver:  Solving for Uy, Initial residual = 0.00096686165, Final residual = 5.9562898e-05, No Iterations 2
smoothSolver:  Solving for Uz, Initial residual = 0.00082726824, Final residual = 6.0768052e-05, No Iterations 2
GAMG:  Solving for p, Initial residual = 0.00012796281, Final residual = 5.9669885e-07, No Iterations 3
GAMG:  Solving for p, Initial residual = 7.1814142e-06, Final residual = 5.7674347e-08, No Iterations 3
smoothSolver:  Solving for omega, Initial residual = 5.8720934e-31, Final residual = 5.8720934e-31, No Iterations 0
smoothSolver:  Solving for k, Initial residual = 8.9331251e-09, Final residual = 8.9331251e-09, No Iterations 0
smoothSolver:  Solving for Ux, Initial residual = 0.00026108125, Final residual = 2.2191413e-05, No Iterations 2
smoothSolver:  Solving for Uy, Initial residual = 0.00090432244, Final residual = 5.3849496e-05, No Iterations 2
smoothSolver:  Solving for Uz, Initial residual = 0.00080712774, Final residual = 5.0224952e-05, No Iterations 2
GAMG:  Solving for p, Initial residual = 0.00012503043, Final residual = 5.3211691e-07, No Iterations 3
GAMG:  Solving for p, Initial residual = 7.2190338e-06, Final residual = 5.2248758e-08, No Iterations 3
smoothSolver:  Solving for omega, Initial residual = 5.8720934e-31, Final residual = 5.8720934e-31, No Iterations 0
smoothSolver:  Solving for k, Initial residual = 8.9331251e-09, Final residual = 8.9331251e-09, No Iterations 0
smoothSolver:  Solving for Ux, Initial residual = 0.0002479402, Final residual = 1.464058e-05, No Iterations 2
smoothSolver:  Solving for Uy, Initial residual = 0.00087415977, Final residual = 5.0461415e-05, No Iterations 2
smoothSolver:  Solving for Uz, Initial residual = 0.00078501224, Final residual = 5.3998868e-05, No Iterations 2
GAMG:  Solving for p, Initial residual = 0.00012505234, Final residual = 6.2015165e-07, No Iterations 3
GAMG:  Solving for p, Initial residual = 6.9062457e-06, Final residual = 6.539187e-08, No Iterations 3
smoothSolver:  Solving for omega, Initial residual = 5.8720934e-31, Final residual = 5.8720934e-31, No Iterations 0
smoothSolver:  Solving for k, Initial residual = 8.9331251e-09, Final residual = 8.9331251e-09, No Iterations 0
Time = 100

smoothSolver:  Solving for Ux, Initial residual = 0.00025128773, Final residual = 2.1886747e-05, No Iterations 2
smoothSolver:  Solving for Uy, Initial residual = 0.0008534223, Final residual = 5.0746714e-05, No Iterations 2
smoothSolver:  Solving for Uz, Initial residual = 0.00079151544, Final residual = 5.9996888e-05, No Iterations 2
U0 initRes: 0.00025128773 finalRes: 2.1886747e-05 nIters: 2
U1 initRes: 0.0008534223 finalRes: 5.0746714e-05 nIters: 2
U2 initRes: 0.00079151544 finalRes: 5.9996888e-05 nIters: 2
GAMG:  Solving for p, Initial residual = 0.0001234347, Final residual = 5.8442929e-07, No Iterations 3
p initRes: 0.0001234347 finalRes: 5.8442929e-07 nIters: 3
GAMG:  Solving for p, Initial residual = 7.4537867e-06, Final residual = 6.1982416e-08, No Iterations 3
p initRes: 7.4537867e-06 finalRes: 6.1982416e-08 nIters: 3
Time step continuity errors : sum local = 1.0267237e-06
                                 global = 1.2835486e-07
                             cumulative = 1.4713409e-05
smoothSolver:  Solving for omega, Initial residual = 5.8720934e-31, Final residual = 5.8720934e-31, No Iterations 0
omega initRes: 5.8720934e-31 finalRes: 5.8720934e-31 nIters: 0
Bounding omega<1e+16
Bounding omega>1e-16
smoothSolver:  Solving for k, Initial residual = 8.9331251e-09, Final residual = 8.9331251e-09, No Iterations 0
k initRes: 8.9331251e-09 finalRes: 8.9331251e-09 nIters: 0
Bounding k>1e-16
CD: 0.069933495 final: 0.069933495
CL: 0.10485616 final: 0.10485616
yPlus min: 11.565396 max: 525.7273 mean: 205.72502
ExecutionTime = 5.73 s  ClockTime = 6 s

smoothSolver:  Solving for Ux, Initial residual = 0.00024364492, Final residual = 1.8065307e-05, No Iterations 2
smoothSolver:  Solving for Uy, Initial residual = 0.00085472039, Final residual = 4.5826389e-05, No Iterations 2
smoothSolver:  Solving for Uz, Initial residual = 0.00077180177, Final residual = 4.4505918e-05, No Iterations 2
GAMG:  Solving for p, Initial residual = 0.00012290862, Final residual = 6.2291028e-07, No Iterations 3
GAMG:  Solving for p, Initial residual = 6.9535944e-06, Final residual = 6.1559855e-08, No Iterations 3
smoothSolver:  Solving for omega, Initial residual = 5.8720934e-31, Final residual = 5.8720934e-31, No Iterations 0
smoothSolver:  Solving for k, Initial residual = 8.9331251e-09, Final residual = 8.9331251e-09, No Iterations 0
smoothSolver:  Solving for Ux, Initial residual = 0.00025391166, Final residual = 2.2057756e-05, No Iterations 2
smoothSolver:  Solving for Uy, Initial residual = 0.00086276072, Final residual = 4.7149212e-05, No Iterations 2
smoothSolver:  Solving for Uz, Initial residual = 0.00079428193, Final residual = 6.5866899e-05, No Iterations 2
GAMG:  Solving for p, Initial residual = 0.00011860733, Final residual = 4.9961866e-07, No Iterations 3
GAMG:  Solving for p, Initial residual = 7.4802274e-06, Final residual = 5.3231017e-08, No Iterations 3
smoothSolver:  Solving for omega, Initial residual = 5.8720934e-31, Final residual = 5.8720934e-31, No Iterations 0
smoothSolver:  Solving for k, Initial residual = 8.9331251e-09, Final residual = 8.9331251e-09, No Iterations 0
smoothSolver:  Solving for Ux, Initial residual = 0.00024170529, Final residual = 1.9417662e-05, No Iterations 2
smoothSolver:  Solving for Uy, Initial residual = 0.00082372346, Final residual = 4.4358353e-05, No Iterations 2
smoothSolver:  Solving for Uz, Initial residual = 0.00074845374, Final residual = 4.0388772e-05, No Iterations 2
GAMG:  Solving for p, Initial residual = 0.00011856849, Final residual = 4.2424522e-07, No Iterations 3
GAMG:  Solving for p, Initial residual = 6.6887532e-06, Final residual = 3.450762e-08, No Iterations 3
smoothSolver:  Solving for omega, Initial residual = 5.8720934e-31, Final residual = 5.8720934e-31, No Iterations 0
smoothSolver:  Solving for k, Initial residual = 8.9331251e-09, Final residual = 8.9331251e-09, No Iterations 0
smoothSolver:  Solving for Ux, Initial residual = 0.000239482, Final residual = 1.8580501e-05, No Iterations 2
smoothSolver:  Solving for Uy, Initial residual = 0.00082106955, Final residual = 4.4102534e-05, No Iterations 2
smoothSolver:  Solving for Uz, Initial residual = 0.00075892595, Final residual = 6.5727187e-05, No Iterations 2
GAMG:  Solving for p, Initial residual = 0.00011576209, Final residual = 6.0868392e-07, No Iterations 3
GAMG:  Solving for p, Initial residual = 6.9635821e-06, Final residual = 6.3515087e-08, No Iterations 3
smoothSolver:  Solving for omega, Initial residual = 5.8720934e-31, Final residual = 5.8720934e-31, No Iterations 0
smoothSolver:  Solving for k, Initial residual = 8.9331251e-09, Final residual = 8.9331251e-09, No Iterations 0
smoothSolver:  Solving for Ux, Initial residual = 0.00024102659, Final residual = 2.1810148e-05, No Iterations 2
smoothSolver:  Solving for Uy, Initial residual = 0.00078076186, Final residual = 4.1307568e-05, No Iterations 2
smoothSolver:  Solving for Uz, Initial residual = 0.00072715876, Final residual = 4.6365029e-05, No Iterations 2
GAMG:  Solving for p, Initial residual = 0.00011959787, Final residual = 6.1266572e-07, No Iterations 3
GAMG:  Solving for p, Initial residual = 7.2541905e-06, Final residual = 5.7285763e-08, No Iterations 3
smoothSolver:  Solving for omega, Initial residual = 5.8720934e-31, Final residual = 5.8720934e-31, No Iterations 0
smoothSolver:  Solving for k, Initial residual = 8.9331251e-09, Final residual = 8.9331251e-09, No Iterations 0
smoothSolver:  Solving for Ux, Initial residual = 0.00024274032, Final residual = 1.8091191e-05, No Iterations 2
smoothSolver:  Solving for Uy, Initial residual = 0.00081911295, Final residual = 4.2908508e-05, No Iterations 2
smoothSolver:  Solving for Uz, Initial residual = 0.00077882883, Final residual = 5.772397e-05, No Iterations 2
GAMG:  Solving for p, Initial residual = 0.00012649687, Final residual = 7.3379664e-07, No Iterations 3
GAMG:  Solving for p, Initial residual = 8.1423189e-06, Final residual = 7.5898264e-08, No Iterations 3
smoothSolver:  Solving for omega, Initial residual = 5.8720934e-31, Final residual = 5.8720934e-31, No Iterations 0
smoothSolver:  Solving for k, Initial residual = 8.9331251e-09, Final residual = 8.9331251e-09, No Iterations 0
smoothSolver:  Solving for Ux, Initial residual = 0.00025299205, Final residual = 2.4548279e-05, No Iterations 2
smoothSolver:  Solving for Uy, Initial residual = 0.00082804341, Final residual = 4.2185964e-05, No Iterations 2
smoothSolver:  Solving for Uz, Initial residual = 0.00078475197, Final residual = 5.3199124e-05, No Iterations 2
GAMG:  Solving for p, Initial residual = 0.00012656003, Final residual = 6.7573498e-07, No Iterations 3
GAMG:  Solving for p, Initial residual = 8.150101e-06, Final residual = 6.0534807e-08, No Iterations 3
smoothSolver:  Solving for omega, Initial residual = 5.8720934e-31, Final residual = 5.8720934e-31, No Iterations 0
smoothSolver:  Solving for k, Initial residual = 8.9331251e-09, Final residual = 8.9331251e-09, No Iterations 0
smoothSolver:  Solving for Ux, Initial residual = 0.00024444911, Final residual = 1.6150772e-05, No Iterations 2
smoothSolver:  Solving for Uy, Initial residual = 0.00082023006, Final residual = 4.3797042e-05, No Iterations 2
smoothSolver:  Solving for Uz, Initial residual = 0.00077403019, Final residual = 5.4951747e-05, No Iterations 2
GAMG:  Solving for p, Initial residual = 0.00012347538, Final residual = 6.1778169e-07, No Iterations 3
GAMG:  Solving for p, Initial residual = 6.93348e-06, Final residual = 6.2399465e-08, No Iterations 3
smoothSolver:  Solving for omega, Initial residual = 5.8720934e-31, Final residual = 5.8720934e-31, No Iterations 0
smoothSolver:  Solving for k, Initial residual = 8.9331251e-09, Final residual = 8.9331251e-09, No Iterations 0
smoothSolver:  Solving for Ux, Initial residual = 0.00024846517, Final residual = 2.3771545e-05, No Iterations 2
smoothSolver:  Solving for Uy, Initial residual = 0.00080505077, Final residual = 4.8822384e-05, No Iterations 2
smoothSolver:  Solving for Uz, Initial residual = 0.00080939031, Final residual = 6.4489428e-05, No Iterations 2
GAMG:  Solving for p, Initial residual = 0.00012340665, Final residual = 5.551672e-07, No Iterations 3
GAMG:  Solving for p, Initial residual = 7.5787645e-06, Final residual = 4.9986713e-08, No Iterations 3
smoothSolver:  Solving for omega, Initial residual = 5.8720934e-31, Final residual = 5.8720934e-31, No Iterations 0
smoothSolver:  Solving for k, Initial residual = 8.9331251e-09, Final residual = 8.9331251e-09, No Iterations 0
smoothSolver:  Solving for Ux, Initial residual = 0.00024284966, Final residual = 1.8511043e-05, No Iterations 2
smoothSolver:  Solving for Uy, Initial residual = 0.00080264996, Final residual = 4.7817751e-05, No Iterations 2
smoothSolver:  Solving for Uz, Initial residual = 0.00075875348, Final residual = 4.2146634e-05, No Iterations 2
GAMG:  Solving for p, Initial residual = 0.00012460138, Final residual = 5.4275398e-07, No Iterations 3
GAMG:  Solving for p, Initial residual = 6.8051436e-06, Final residual = 4.6928002e-08, No Iterations 3
smoothSolver:  Solving for omega, Initial residual = 5.8720934e-31, Final residual = 5.8720934e-31, No Iterations 0
smoothSolver:  Solving for k, Initial residual = 8.9331251e-09, Final residual = 8.9331251e-09, No Iterations 0
smoothSolver:  Solving for Ux, Initial residual = 0.00024949438, Final residual = 2.1111927e-05, No Iterations 2
smoothSolver:  Solving for Uy, Initial residual = 0.00082326585, Final residual = 4.6151981e-05, No Iterations 2
smoothSolver:  Solving for Uz, Initial residual = 0.00080712314, Final residual = 6.7196921e-05, No Iterations 2
GAMG:  Solving for p, Initial residual = 0.00012286808, Final residual = 4.7121193e-07, No Iterations 3
GAMG:  Solving for p, Initial residual = 7.8021461e-06, Final residual = 4.9138659e-08, No Iterations 3
smoothSolver:  Solving for omega, Initial residual = 5.8720934e-31, Final residual = 5.8720934e-31, No Iterations 0
smoothSolver:  Solving for k, Initial residual = 8.9331251e-09, Final residual = 8.9331251e-09, No Iterations 0
smoothSolver:  Solving for Ux, Initial residual = 0.00024908348, Final residual = 2.0011584e-05, No Iterations 2
smoothSolver:  Solving for Uy, Initial residual = 0.00080662872, Final residual = 4.2216823e-05, No Iterations 2
smoothSolver:  Solving for Uz, Initial residual = 0.00073824667, Final residual = 3.7041389e-05, No Iterations 2
GAMG:  Solving for p, Initial residual = 0.00012478624, Final residual = 4.9088737e-07, No Iterations 3
GAMG:  Solving for p, Initial residual = 6.9109925e-06, Final residual = 4.4148294e-08, No Iterations 3
smoothSolver:  Solving for omega, Initial residual = 5.8720934e-31, Final residual = 5.8720934e-31, No Iterations 0
smoothSolver:  Solving for k, Initial residual = 8.9331251e-09, Final residual = 8.9331251e-09, No Iterations 0
smoothSolver:  Solving for Ux, Initial residual = 0.00024843561, Final residual = 1.9194288e-05, No Iterations 2
smoothSolver:  Solving for Uy, Initial residual = 0.00081540666, Final residual = 4.4952609e-05, No Iterations 2
smoothSolver:  Solving for Uz, Initial residual = 0.00078996675, Final residual = 6.1613141e-05, No Iterations 2
GAMG:  Solving for p, Initial residual = 0.00011752509, Final residual = 5.7806669e-07, No Iterations 3
GAMG:  Solving for p, Initial residual = 7.2672564e-06, Final residual = 6.0333174e-08, No Iterations 3
smoothSolver:  Solving for omega, Initial residual = 5.8720934e-31, Final residual = 5.8720934e-31, No Iterations 0
smoothSolver:  Solving for k, Initial residual = 8.9331251e-09, Final residual = 8.9331251e-09, No Iterations 0
smoothSolver:  Solving for Ux, Initial residual = 0.00024000259, Final residual = 2.1050959e-05, No Iterations 2
smoothSolver:  Solving for Uy, Initial residual = 0.00078497363, Final residual = 4.0104632e-05, No Iterations 2
smoothSolver:  Solving for Uz, Initial residual = 0.00074130985, Final residual = 4.0943902e-05, No Iterations 2
GAMG:  Solving for p, Initial residual = 0.00011623013, Final residual = 5.8471577e-07, No Iterations 3
GAMG:  Solving for p, Initial residual = 6.7431889e-06, Final residual = 4.9616035e-08, No Iterations 3
smoothSolver:  Solving for omega, Initial residual = 5.8720934e-31, Final residual = 5.8720934e-31, No Iterations 0
smoothSolver:  Solving for k, Initial residual = 8.9331251e-09, Final residual = 8.9331251e-09, No Iterations 0
smoothSolver:  Solving for Ux, Initial residual = 0.00022721508, Final residual = 1.5645923e-05, No Iterations 2
smoothSolver:  Solving for Uy, Initial residual = 0.00075893939, Final residual = 4.0669079e-05, No Iterations 2
smoothSolver:  Solving for Uz, Initial residual = 0.00073356914, Final residual = 4.9210252e-05, No Iterations 2
GAMG:  Solving for p, Initial residual = 0.000117829, Final residual = 6.0022665e-07, No Iterations 3
GAMG:  Solving for p, Initial residual = 7.2910685e-06, Final residual = 5.2891769e-08, No Iterations 3
smoothSolver:  Solving for omega, Initial residual = 5.8720934e-31, Final residual = 5.8720934e-31, No Iterations 0
smoothSolver:  Solving for k, Initial residual = 8.9331251e-09, Final residual = 8.9331251e-09, No Iterations 0
smoothSolver:  Solving for Ux, Initial residual = 0.000234971, Final residual = 2.2267646e-05, No Iterations 2
smoothSolver:  Solving for Uy, Initial residual = 0.00075379095, Final residual = 3.8454652e-05, No Iterations 2
smoothSolver:  Solving for Uz, Initial residual = 0.00072937645, Final residual = 4.4350374e-05, No Iterations 2
GAMG:  Solving for p, Initial residual = 0.0001163069, Final residual = 5.4438682e-07, No Iterations 3
GAMG:  Solving for p, Initial residual = 7.2531713e-06, Final residual = 4.179832e-08, No Iterations 3
smoothSolver:  Solving for omega, Initial residual = 5.8720934e-31, Final residual = 5.8720934e-31, No Iterations 0
smoothSolver:  Solving for k, Initial residual = 8.9331251e-09, Final residual = 8.9331251e-09, No Iterations 0
smoothSolver:  Solving for Ux, Initial residual = 0.0002224187, Final residual = 1.4105928e-05, No Iterations 2
smoothSolver:  Solving for Uy, Initial residual = 0.00075541948, Final residual = 3.8243324e-05, No Iterations 2
smoothSolver:  Solving for Uz, Initial residual = 0.00069895503, Final residual = 4.1637857e-05, No Iterations 2
GAMG:  Solving for p, Initial residual = 0.00011199118, Final residual = 5.6118902e-07, No Iterations 3
GAMG:  Solving for p, Initial residual = 6.4451321e-06, Final residual = 4.7215588e-08, No Iterations 3
smoothSolver:  Solving for omega, Initial residual = 5.8720934e-31, Final residual = 5.8720934e-31, No Iterations 0
smoothSolver:  Solving for k, Initial residual = 8.9331251e-09, Final residual = 8.9331251e-09, No Iterations 0
smoothSolver:  Solving for Ux, Initial residual = 0.00023069702, Final residual = 2.029355e-05, No Iterations 2
smoothSolver:  Solving for Uy, Initial residual = 0.00073157869, Final residual = 4.0148803e-05, No Iterations 2
smoothSolver:  Solving for Uz, Initial residual = 0.00072693006, Final residual = 5.0640695e-05, No Iterations 2
GAMG:  Solving for p, Initial residual = 0.00011024618, Final residual = 4.6375916e-07, No Iterations 3
GAMG:  Solving for p, Initial residual = 7.278344e-06, Final residual = 9.8685183e-08, No Iterations 2
smoothSolver:  Solving for omega, Initial residual = 5.8720934e-31, Final residual = 5.8720934e-31, No Iterations 0
smoothSolver:  Solving for k, Initial residual = 8.9331251e-09, Final residual = 8.9331251e-09, No Iterations 0
smoothSolver:  Solving for Ux, Initial residual = 0.00021846981, Final residual = 1.4789578e-05, No Iterations 2
smoothSolver:  Solving for Uy, Initial residual = 0.0007164549, Final residual = 3.6012388e-05, No Iterations 2
smoothSolver:  Solving for Uz, Initial residual = 0.00066699848, Final residual = 3.3288038e-05, No Iterations 2
GAMG:  Solving for p, Initial residual = 0.00010607578, Final residual = 4.9093992e-07, No Iterations 3
GAMG:  Solving for p, Initial residual = 5.9533688e-06, Final residual = 5.7064699e-08, No Iterations 3
smoothSolver:  Solving for omega, Initial residual = 5.8720934e-31, Final residual = 5.8720934e-31, No Iterations 0
smoothSolver:  Solving for k, Initial residual = 8.9331251e-09, Final residual = 8.9331251e-09, No Iterations 0
smoothSolver:  Solving for Ux, Initial residual = 0.00022455251, Final residual = 1.8602966e-05, No Iterations 2
smoothSolver:  Solving for Uy, Initial residual = 0.00071188795, Final residual = 3.7437723e-05, No Iterations 2
smoothSolver:  Solving for Uz, Initial residual = 0.00069907258, Final residual = 5.5597475e-05, No Iterations 2
GAMG:  Solving for p, Initial residual = 0.00010469546, Final residual = 4.752016e-07, No Iterations 3
GAMG:  Solving for p, Initial residual = 7.1291463e-06, Final residual = 4.3976393e-08, No Iterations 3
smoothSolver:  Solving for omega, Initial residual = 5.8720934e-31, Final residual = 5.8720934e-31, No Iterations 0
smoothSolver:  Solving for k, Initial residual = 8.9331251e-09, Final residual = 8.9331251e-09, No Iterations 0
smoothSolver:  Solving for Ux, Initial residual = 0.00022350121, Final residual = 1.887821e-05, No Iterations 2
smoothSolver:  Solving for Uy, Initial residual = 0.00072434367, Final residual = 3.7467105e-05, No Iterations 2
smoothSolver:  Solving for Uz, Initial residual = 0.00067517119, Final residual = 3.4650266e-05, No Iterations 2
GAMG:  Solving for p, Initial residual = 0.00010409415, Final residual = 5.6759033e-07, No Iterations 3
GAMG:  Solving for p, Initial residual = 6.2629291e-06, Final residual = 5.4672312e-08, No Iterations 3
smoothSolver:  Solving for omega, Initial residual = 5.8720934e-31, Final residual = 5.8720934e-31, No Iterations 0
smoothSolver:  Solving for k, Initial residual = 8.9331251e-09, Final residual = 8.9331251e-09, No Iterations 0
smoothSolver:  Solving for Ux, Initial residual = 0.00022489758, Final residual = 1.7123186e-05, No Iterations 2
smoothSolver:  Solving for Uy, Initial residual = 0.0007327415, Final residual = 3.5941925e-05, No Iterations 2
smoothSolver:  Solving for Uz, Initial residual = 0.0007113724, Final residual = 5.1109973e-05, No Iterations 2
GAMG:  Solving for p, Initial residual = 0.00010288981, Final residual = 5.0585859e-07, No Iterations 3
GAMG:  Solving for p, Initial residual = 7.2779204e-06, Final residual = 5.4373608e-08, No Iterations 3
smoothSolver:  Solving for omega, Initial residual = 5.8720934e-31, Final residual = 5.8720934e-31, No Iterations 0
smoothSolver:  Solving for k, Initial residual = 8.9331251e-09, Final residual = 8.9331251e-09, No Iterations 0
smoothSolver:  Solving for Ux, Initial residual = 0.00022222864, Final residual = 1.9714979e-05, No Iterations 2
smoothSolver:  Solving for Uy, Initial residual = 0.00073324898, Final residual = 3.5693566e-05, No Iterations 2
smoothSolver:  Solving for Uz, Initial residual = 0.00068136095, Final residual = 3.959739e-05, No Iterations 2
GAMG:  Solving for p, Initial residual = 0.00010315767, Final residual = 5.5930922e-07, No Iterations 3
GAMG:  Solving for p, Initial residual = 6.4272723e-06, Final residual = 5.5474466e-08, No Iterations 3
smoothSolver:  Solving for omega, Initial residual = 5.8720934e-31, Final residual = 5.8720934e-31, No Iterations 0
smoothSolver:  Solving for k, Initial residual = 8.9331251e-09, Final residual = 8.9331251e-09, No Iterations 0
smoothSolver:  Solving for Ux, Initial residual = 0.00021570003, Final residual = 1.5079782e-05, No Iterations 2
smoothSolver:  Solving for Uy, Initial residual = 0.00071905087, Final residual = 3.3238521e-05, No Iterations 2
smoothSolver:  Solving for Uz, Initial residual = 0.00066976978, Final residual = 4.5392616e-05, No Iterations 2
GAMG:  Solving for p, Initial residual = 0.00010095877, Final residual = 5.1857391e-07, No Iterations 3
GAMG:  Solving for p, Initial residual = 6.6651955e-06, Final residual = 4.0863698e-08, No Iterations 3
smoothSolver:  Solving for omega, Initial residual = 5.8720934e-31, Final residual = 5.8720934e-31, No Iterations 0
smoothSolver:  Solving for k, Initial residual = 8.9331251e-09, Final residual = 8.9331251e-09, No Iterations 0
smoothSolver:  Solving for Ux, Initial residual = 0.0002165287, Final residual = 1.9043937e-05, No Iterations 2
smoothSolver:  Solving for Uy, Initial residual = 0.00068684029, Final residual = 3.6144686e-05, No Iterations 2
smoothSolver:  Solving for Uz, Initial residual = 0.00068905124, Final residual = 4.1619754e-05, No Iterations 2
GAMG:  Solving for p, Initial residual = 0.00010077016, Final residual = 4.1926089e-07, No Iterations 3
GAMG:  Solving for p, Initial residual = 6.1956988e-06, Final residual = 3.7960793e-08, No Iterations 3
smoothSolver:  Solving for omega, Initial residual = 5.8720934e-31, Final residual = 5.8720934e-31, No Iterations 0
smoothSolver:  Solving for k, Initial residual = 8.9331251e-09, Final residual = 8.9331251e-09, No Iterations 0
smoothSolver:  Solving for Ux, Initial residual = 0.0002000048, Final residual = 1.1123442e-05, No Iterations 2
smoothSolver:  Solving for Uy, Initial residual = 0.00068093682, Final residual = 3.130115e-05, No Iterations 2
smoothSolver:  Solving for Uz, Initial residual = 0.00064215303, Final residual = 4.027807e-05, No Iterations 2
GAMG:  Solving for p, Initial residual = 9.9655396e-05, Final residual = 5.5665771e-07, No Iterations 3
GAMG:  Solving for p, Initial residual = 6.1911278e-06, Final residual = 4.8365433e-08, No Iterations 3
smoothSolver:  Solving for omega, Initial residual = 5.8720934e-31, Final residual = 5.8720934e-31, No Iterations 0
smoothSolver:  Solving for k, Initial residual = 8.9331251e-09, Final residual = 8.9331251e-09, No Iterations 0
smoothSolver:  Solving for Ux, Initial residual = 0.00021040998, Final residual = 1.9102345e-05, No Iterations 2
smoothSolver:  Solving for Uy, Initial residual = 0.00064515986, Final residual = 3.4782367e-05, No Iterations 2
smoothSolver:  Solving for Uz, Initial residual = 0.00066524516, Final residual = 4.4766421e-05, No Iterations 2
GAMG:  Solving for p, Initial residual = 0.00010184495, Final residual = 4.0397545e-07, No Iterations 3
GAMG:  Solving for p, Initial residual = 6.5427761e-06, Final residual = 8.4221686e-08, No Iterations 2
smoothSolver:  Solving for omega, Initial residual = 5.8720934e-31, Final residual = 5.8720934e-31, No Iterations 0
smoothSolver:  Solving for k, Initial residual = 8.9331251e-09, Final residual = 8.9331251e-09, No Iterations 0
smoothSolver:  Solving for Ux, Initial residual = 0.00020507572, Final residual = 1.2478929e-05, No Iterations 2
smoothSolver:  Solving for Uy, Initial residual = 0.00067114112, Final residual = 3.2295916e-05, No Iterations 2
smoothSolver:  Solving for Uz, Initial residual = 0.0006305113, Final residual = 3.7679456e-05, No Iterations 2
GAMG:  Solving for p, Initial residual = 9.9816047e-05, Final residual = 4.622383e-07, No Iterations 3
GAMG:  Solving for p, Initial residual = 5.9119345e-06, Final residual = 4.0960092e-08, No Iterations 3
smoothSolver:  Solving for omega, Initial residual = 5.8720934e-31, Final residual = 5.8720934e-31, No Iterations 0
smoothSolver:  Solving for k, Initial residual = 8.9331251e-09, Final residual = 8.9331251e-09, No Iterations 0
smoothSolver:  Solving for Ux, Initial residual = 0.00021535322, Final residual = 1.7618748e-05, No Iterations 2
smoothSolver:  Solving for Uy, Initial residual = 0.00063952426, Final residual = 3.459807e-05, No Iterations 2
smoothSolver:  Solving for Uz, Initial residual = 0.00066999887, Final residual = 4.6124008e-05, No Iterations 2
GAMG:  Solving for p, Initial residual = 9.9419068e-05, Final residual = 4.0789101e-07, No Iterations 3
GAMG:  Solving for p, Initial residual = 6.7142711e-06, Final residual = 9.9499525e-08, No Iterations 2
smoothSolver:  Solving for omega, Initial residual = 5.8720934e-31, Final residual = 5.8720934e-31, No Iterations 0
smoothSolver:  Solving for k, Initial residual = 8.9331251e-09, Final residual = 8.9331251e-09, No Iterations 0
smoothSolver:  Solving for Ux, Initial residual = 0.00020455321, Final residual = 1.4819642e-05, No Iterations 2
smoothSolver:  Solving for Uy, Initial residual = 0.00066241697, Final residual = 3.3781153e-05, No Iterations 2
smoothSolver:  Solving for Uz, Initial residual = 0.00064763707, Final residual = 3.5027362e-05, No Iterations 2
GAMG:  Solving for p, Initial residual = 9.9968293e-05, Final residual = 4.869521e-07, No Iterations 3
GAMG:  Solving for p, Initial residual = 5.7320902e-06, Final residual = 4.175116e-08, No Iterations 3
smoothSolver:  Solving for omega, Initial residual = 5.8720934e-31, Final residual = 5.8720934e-31, No Iterations 0
smoothSolver:  Solving for k, Initial residual = 8.9331251e-09, Final residual = 8.9331251e-09, No Iterations 0
smoothSolver:  Solving for Ux, Initial residual = 0.00021001758, Final residual = 1.6096729e-05, No Iterations 2
smoothSolver:  Solving for Uy, Initial residual = 0.00063488788, Final residual = 3.1347455e-05, No Iterations 2
smoothSolver:  Solving for Uz, Initial residual = 0.00065351608, Final residual = 4.6980885e-05, No Iterations 2
GAMG:  Solving for p, Initial residual = 9.7263912e-05, Final residual = 4.3188168e-07, No Iterations 3
GAMG:  Solving for p, Initial residual = 6.75036e-06, Final residual = 4.5030418e-08, No Iterations 3
smoothSolver:  Solving for omega, Initial residual = 5.8720934e-31, Final residual = 5.8720934e-31, No Iterations 0
smoothSolver:  Solving for k, Initial residual = 8.9331251e-09, Final residual = 8.9331251e-09, No Iterations 0
smoothSolver:  Solving for Ux, Initial residual = 0.00020917514, Final residual = 1.8418336e-05, No Iterations 2
smoothSolver:  Solving for Uy, Initial residual = 0.00066600243, Final residual = 3.5413656e-05, No Iterations 2
smoothSolver:  Solving for Uz, Initial residual = 0.00063112807, Final residual = 3.3734471e-05, No Iterations 2
GAMG:  Solving for p, Initial residual = 9.8951064e-05, Final residual = 4.9697783e-07, No Iterations 3
GAMG:  Solving for p, Initial residual = 6.0795442e-06, Final residual = 4.951968e-08, No Iterations 3
smoothSolver:  Solving for omega, Initial residual = 5.8720934e-31, Final residual = 5.8720934e-31, No Iterations 0
smoothSolver:  Solving for k, Initial residual = 8.9331251e-09, Final residual = 8.9331251e-09, No Iterations 0
smoothSolver:  Solving for Ux, Initial residual = 0.00021274276, Final residual = 1.4467539e-05, No Iterations 2
smoothSolver:  Solving for Uy, Initial residual = 0.0006777756, Final residual = 3.2687543e-05, No Iterations 2
smoothSolver:  Solving for Uz, Initial residual = 0.00065116297, Final residual = 4.7010312e-05, No Iterations 2
GAMG:  Solving for p, Initial residual = 9.7213901e-05, Final residual = 4.6598272e-07, No Iterations 3
GAMG:  Solving for p, Initial residual = 6.5106927e-06, Final residual = 3.9849865e-08, No Iterations 3
smoothSolver:  Solving for omega, Initial residual = 5.8720934e-31, Final residual = 5.8720934e-31, No Iterations 0
smoothSolver:  Solving for k, Initial residual = 8.9331251e-09, Final residual = 8.9331251e-09, No Iterations 0
smoothSolver:  Solving for Ux, Initial residual = 0.00021092738, Final residual = 1.8891006e-05, No Iterations 2
smoothSolver:  Solving for Uy, Initial residual = 0.00064957141, Final residual = 3.5074311e-05, No Iterations 2
smoothSolver:  Solving for Uz, Initial residual = 0.00063989071, Final residual = 3.5571872e-05, No Iterations 2
GAMG:  Solving for p, Initial residual = 9.8569371e-05, Final residual = 3.72409e-07, No Iterations 3
GAMG:  Solving for p, Initial residual = 6.2952159e-06, Final residual = 3.9573968e-08, No Iterations 3
smoothSolver:  Solving for omega, Initial residual = 5.8720934e-31, Final residual = 5.8720934e-31, No Iterations 0
smoothSolver:  Solving for k, Initial residual = 8.9331251e-09, Final residual = 8.9331251e-09, No Iterations 0
smoothSolver:  Solving for Ux, Initial residual = 0.00020577106, Final residual = 1.119097e-05, No Iterations 2
smoothSolver:  Solving for Uy, Initial residual = 0.00066505166, Final residual = 3.11372e-05, No Iterations 2
smoothSolver:  Solving for Uz, Initial residual = 0.00062175848, Final residual = 4.2103555e-05, No Iterations 2
GAMG:  Solving for p, Initial residual = 9.9800533e-05, Final residual = 5.9406932e-07, No Iterations 3
GAMG:  Solving for p, Initial residual = 6.4633767e-06, Final residual = 5.9847925e-08, No Iterations 3
smoothSolver:  Solving for omega, Initial residual = 5.8720934e-31, Final residual = 5.8720934e-31, No Iterations 0
smoothSolver:  Solving for k, Initial residual = 8.9331251e-09, Final residual = 8.9331251e-09, No Iterations 0
smoothSolver:  Solving for Ux, Initial residual = 0.0002085225, Final residual = 1.9524456e-05, No Iterations 2
smoothSolver:  Solving for Uy, Initial residual = 0.00062580717, Final residual = 3.494221e-05, No Iterations 2
smoothSolver:  Solving for Uz, Initial residual = 0.00064588733, Final residual = 4.2509615e-05, No Iterations 2
GAMG:  Solving for p, Initial residual = 9.9174356e-05, Final residual = 5.0887809e-07, No Iterations 3
GAMG:  Solving for p, Initial residual = 6.5348052e-06, Final residual = 4.713468e-08, No Iterations 3
smoothSolver:  Solving for omega, Initial residual = 5.8720934e-31, Final residual = 5.8720934e-31, No Iterations 0
smoothSolver:  Solving for k, Initial residual = 8.9331251e-09, Final residual = 8.9331251e-09, No Iterations 0
smoothSolver:  Solving for Ux, Initial residual = 0.00021028705, Final residual = 1.173823e-05, No Iterations 2
smoothSolver:  Solving for Uy, Initial residual = 0.00066885148, Final residual = 3.2471219e-05, No Iterations 2
smoothSolver:  Solving for Uz, Initial residual = 0.00062225131, Final residual = 3.7692579e-05, No Iterations 2
GAMG:  Solving for p, Initial residual = 9.9156883e-05, Final residual = 5.5772805e-07, No Iterations 3
GAMG:  Solving for p, Initial residual = 6.2777434e-06, Final residual = 4.6817139e-08, No Iterations 3
smoothSolver:  Solving for omega, Initial residual = 5.8720934e-31, Final residual = 5.8720934e-31, No Iterations 0
smoothSolver:  Solving for k, Initial residual = 8.9331251e-09, Final residual = 8.9331251e-09, No Iterations 0
smoothSolver:  Solving for Ux, Initial residual = 0.0002173474, Final residual = 1.8696172e-05, No Iterations 2
smoothSolver:  Solving for Uy, Initial residual = 0.000643445, Final residual = 3.5060745e-05, No Iterations 2
smoothSolver:  Solving for Uz, Initial residual = 0.00066173499, Final residual = 4.6059936e-05, No Iterations 2
GAMG:  Solving for p, Initial residual = 9.9714575e-05, Final residual = 3.6107591e-07, No Iterations 3
GAMG:  Solving for p, Initial residual = 6.9052824e-06, Final residual = 8.5290036e-08, No Iterations 2
smoothSolver:  Solving for omega, Initial residual = 5.8720934e-31, Final residual = 5.8720934e-31, No Iterations 0
smoothSolver:  Solving for k, Initial residual = 8.9331251e-09, Final residual = 8.9331251e-09, No Iterations 0
smoothSolver:  Solving for Ux, Initial residual = 0.00020989262, Final residual = 1.4271552e-05, No Iterations 2
smoothSolver:  Solving for Uy, Initial residual = 0.00066224388, Final residual = 3.3123287e-05, No Iterations 2
smoothSolver:  Solving for Uz, Initial residual = 0.00061786658, Final residual = 3.2699568e-05, No Iterations 2
GAMG:  Solving for p, Initial residual = 9.8289067e-05, Final residual = 4.5152762e-07, No Iterations 3
GAMG:  Solving for p, Initial residual = 6.0324991e-06, Final residual = 9.9704506e-08, No Iterations 2
smoothSolver:  Solving for omega, Initial residual = 5.8720934e-31, Final residual = 5.8720934e-31, No Iterations 0
smoothSolver:  Solving for k, Initial residual = 8.9331251e-09, Final residual = 8.9331251e-09, No Iterations 0
smoothSolver:  Solving for Ux, Initial residual = 0.00021259263, Final residual = 1.7716108e-05, No Iterations 2
smoothSolver:  Solving for Uy, Initial residual = 0.00062924896, Final residual = 3.2232443e-05, No Iterations 2
smoothSolver:  Solving for Uz, Initial residual = 0.00064092535, Final residual = 5.038021e-05, No Iterations 2
GAMG:  Solving for p, Initial residual = 9.3678653e-05, Final residual = 3.6359452e-07, No Iterations 3
GAMG:  Solving for p, Initial residual = 6.3962638e-06, Final residual = 3.9519166e-08, No Iterations 3
smoothSolver:  Solving for omega, Initial residual = 5.8720934e-31, Final residual = 5.8720934e-31, No Iterations 0
smoothSolver:  Solving for k, Initial residual = 8.9331251e-09, Final residual = 8.9331251e-09, No Iterations 0
smoothSolver:  Solving for Ux, Initial residual = 0.00020242987, Final residual = 1.6632752e-05, No Iterations 2
smoothSolver:  Solving for Uy, Initial residual = 0.00061915214, Final residual = 3.1110685e-05, No Iterations 2
smoothSolver:  Solving for Uz, Initial residual = 0.00059614728, Final residual = 2.7858312e-05, No Iterations 2
GAMG:  Solving for p, Initial residual = 9.1748176e-05, Final residual = 4.2650737e-07, No Iterations 3
GAMG:  Solving for p, Initial residual = 5.9850428e-06, Final residual = 4.1104343e-08, No Iterations 3
smoothSolver:  Solving for omega, Initial residual = 5.8720934e-31, Final residual = 5.8720934e-31, No Iterations 0
smoothSolver:  Solving for k, Initial residual = 8.9331251e-09, Final residual = 8.9331251e-09, No Iterations 0
smoothSolver:  Solving for Ux, Initial residual = 0.00020420601, Final residual = 1.4720316e-05, No Iterations 2
smoothSolver:  Solving for Uy, Initial residual = 0.00062616111, Final residual = 2.9076079e-05, No Iterations 2
smoothSolver:  Solving for Uz, Initial residual = 0.00061054412, Final residual = 4.7192143e-05, No Iterations 2
GAMG:  Solving for p, Initial residual = 8.9906961e-05, Final residual = 4.5084127e-07, No Iterations 3
GAMG:  Solving for p, Initial residual = 6.2990679e-06, Final residual = 4.5403547e-08, No Iterations 3
smoothSolver:  Solving for omega, Initial residual = 5.8720934e-31, Final residual = 5.8720934e-31, No Iterations 0
smoothSolver:  Solving for k, Initial residual = 8.9331251e-09, Final residual = 8.9331251e-09, No Iterations 0
smoothSolver:  Solving for Ux, Initial residual = 0.00020549929, Final residual = 1.9153697e-05, No Iterations 2
smoothSolver:  Solving for Uy, Initial residual = 0.00060384809, Final residual = 2.9563251e-05, No Iterations 2
smoothSolver:  Solving for Uz, Initial residual = 0.00058781624, Final residual = 3.3034386e-05, No Iterations 2
GAMG:  Solving for p, Initial residual = 9.1884302e-05, Final residual = 3.9102113e-07, No Iterations 3
GAMG:  Solving for p, Initial residual = 6.3810649e-06, Final residual = 3.9326503e-08, No Iterations 3
smoothSolver:  Solving for omega, Initial residual = 5.8720934e-31, Final residual = 5.8720934e-31, No Iterations 0
smoothSolver:  Solving for k, Initial residual = 8.9331251e-09, Final residual = 8.9331251e-09, No Iterations 0
smoothSolver:  Solving for Ux, Initial residual = 0.00019984937, Final residual = 1.2679107e-05, No Iterations 2
smoothSolver:  Solving for Uy, Initial residual = 0.00062900894, Final residual = 2.8598342e-05, No Iterations 2
smoothSolver:  Solving for Uz, Initial residual = 0.00059533792, Final residual = 4.2802109e-05, No Iterations 2
GAMG:  Solving for p, Initial residual = 9.5996478e-05, Final residual = 5.6250241e-07, No Iterations 3
GAMG:  Solving for p, Initial residual = 6.6077355e-06, Final residual = 6.4596016e-08, No Iterations 3
smoothSolver:  Solving for omega, Initial residual = 5.8720934e-31, Final residual = 5.8720934e-31, No Iterations 0
smoothSolver:  Solving for k, Initial residual = 8.9331251e-09, Final residual = 8.9331251e-09, No Iterations 0
smoothSolver:  Solving for Ux, Initial residual = 0.00020363723, Final residual = 9.920393e-06, No Iterations 3
smoothSolver:  Solving for Uy, Initial residual = 0.00060708865, Final residual = 3.2900775e-05, No Iterations 2
smoothSolver:  Solving for Uz, Initial residual = 0.00062077092, Final residual = 4.314293e-05, No Iterations 2
GAMG:  Solving for p, Initial residual = 9.0423311e-05, Final residual = 5.236975e-07, No Iterations 3
GAMG:  Solving for p, Initial residual = 6.5213493e-06, Final residual = 5.102112e-08, No Iterations 3
smoothSolver:  Solving for omega, Initial residual = 5.8720934e-31, Final residual = 5.8720934e-31, No Iterations 0
smoothSolver:  Solving for k, Initial residual = 8.9331251e-09, Final residual = 8.9331251e-09, No Iterations 0
smoothSolver:  Solving for Ux, Initial residual = 0.00019425919, Final residual = 1.2252682e-05, No Iterations 2
smoothSolver:  Solving for Uy, Initial residual = 0.00060570063, Final residual = 3.1434897e-05, No Iterations 2
smoothSolver:  Solving for Uz, Initial residual = 0.00058540294, Final residual = 3.8339926e-05, No Iterations 2
GAMG:  Solving for p, Initial residual = 9.0125863e-05, Final residual = 5.0362153e-07, No Iterations 3
GAMG:  Solving for p, Initial residual = 5.7919202e-06, Final residual = 4.1626836e-08, No Iterations 3
smoothSolver:  Solving for omega, Initial residual = 5.8720934e-31, Final residual = 5.8720934e-31, No Iterations 0
smoothSolver:  Solving for k, Initial residual = 8.9331251e-09, Final residual = 8.9331251e-09, No Iterations 0
smoothSolver:  Solving for Ux, Initial residual = 0.00020301058, Final residual = 1.9205036e-05, No Iterations 2
smoothSolver:  Solving for Uy, Initial residual = 0.00058683175, Final residual = 3.1550966e-05, No Iterations 2
smoothSolver:  Solving for Uz, Initial residual = 0.00061677212, Final residual = 4.9403235e-05, No Iterations 2
GAMG:  Solving for p, Initial residual = 9.1796734e-05, Final residual = 3.7646861e-07, No Iterations 3
GAMG:  Solving for p, Initial residual = 6.7770833e-06, Final residual = 8.8324761e-08, No Iterations 2
smoothSolver:  Solving for omega, Initial residual = 5.8720934e-31, Final residual = 5.8720934e-31, No Iterations 0
smoothSolver:  Solving for k, Initial residual = 8.9331251e-09, Final residual = 8.9331251e-09, No Iterations 0
smoothSolver:  Solving for Ux, Initial residual = 0.00020202163, Final residual = 1.5459109e-05, No Iterations 2
smoothSolver:  Solving for Uy, Initial residual = 0.00061701993, Final residual = 3.3974143e-05, No Iterations 2
smoothSolver:  Solving for Uz, Initial residual = 0.00058164703, Final residual = 3.2262772e-05, No Iterations 2
GAMG:  Solving for p, Initial residual = 9.326158e-05, Final residual = 4.6548506e-07, No Iterations 3
GAMG:  Solving for p, Initial residual = 5.8396079e-06, Final residual = 3.4214175e-08, No Iterations 3
smoothSolver:  Solving for omega, Initial residual = 5.8720934e-31, Final residual = 5.8720934e-31, No Iterations 0
smoothSolver:  Solving for k, Initial residual = 8.9331251e-09, Final residual = 8.9331251e-09, No Iterations 0
smoothSolver:  Solving for Ux, Initial residual = 0.00020972011, Final residual = 1.8759309e-05, No Iterations 2
smoothSolver:  Solving for Uy, Initial residual = 0.00061848125, Final residual = 3.475918e-05, No Iterations 2
smoothSolver:  Solving for Uz, Initial residual = 0.00064178103, Final residual = 5.4979337e-05, No Iterations 2
GAMG:  Solving for p, Initial residual = 9.1887496e-05, Final residual = 3.6601599e-07, No Iterations 3
GAMG:  Solving for p, Initial residual = 6.6910819e-06, Final residual = 4.5057771e-08, No Iterations 3
smoothSolver:  Solving for omega, Initial residual = 5.8720934e-31, Final residual = 5.8720934e-31, No Iterations 0
smoothSolver:  Solving for k, Initial residual = 8.9331251e-09, Final residual = 8.9331251e-09, No Iterations 0
smoothSolver:  Solving for Ux, Initial residual = 0.00020433419, Final residual = 1.7299972e-05, No Iterations 2
smoothSolver:  Solving for Uy, Initial residual = 0.0006187264, Final residual = 3.3970734e-05, No Iterations 2
smoothSolver:  Solving for Uz, Initial residual = 0.00059474555, Final residual = 2.9336685e-05, No Iterations 2
GAMG:  Solving for p, Initial residual = 9.1772494e-05, Final residual = 4.7138389e-07, No Iterations 3
GAMG:  Solving for p, Initial residual = 6.0584786e-06, Final residual = 4.9407581e-08, No Iterations 3
smoothSolver:  Solving for omega, Initial residual = 5.8720934e-31, Final residual = 5.8720934e-31, No Iterations 0
smoothSolver:  Solving for k, Initial residual = 8.9331251e-09, Final residual = 8.9331251e-09, No Iterations 0
smoothSolver:  Solving for Ux, Initial residual = 0.0002100107, Final residual = 1.6393503e-05, No Iterations 2
smoothSolver:  Solving for Uy, Initial residual = 0.00063543553, Final residual = 3.2537517e-05, No Iterations 2
smoothSolver:  Solving for Uz, Initial residual = 0.00063818117, Final residual = 5.3346699e-05, No Iterations 2
GAMG:  Solving for p, Initial residual = 8.9804977e-05, Final residual = 4.5542008e-07, No Iterations 3
GAMG:  Solving for p, Initial residual = 6.4529652e-06, Final residual = 4.8389548e-08, No Iterations 3
smoothSolver:  Solving for omega, Initial residual = 5.8720934e-31, Final residual = 5.8720934e-31, No Iterations 0
smoothSolver:  Solving for k, Initial residual = 8.9331251e-09, Final residual = 8.9331251e-09, No Iterations 0
smoothSolver:  Solving for Ux, Initial residual = 0.00021172704, Final residual = 2.0493662e-05, No Iterations 2
smoothSolver:  Solving for Uy, Initial residual = 0.00060691141, Final residual = 3.020774e-05, No Iterations 2
smoothSolver:  Solving for Uz, Initial residual = 0.00060215157, Final residual = 3.4987057e-05, No Iterations 2
GAMG:  Solving for p, Initial residual = 9.1791867e-05, Final residual = 4.538794e-07, No Iterations 3
GAMG:  Solving for p, Initial residual = 6.3250538e-06, Final residual = 4.2912917e-08, No Iterations 3
smoothSolver:  Solving for omega, Initial residual = 5.8720934e-31, Final residual = 5.8720934e-31, No Iterations 0
smoothSolver:  Solving for k, Initial residual = 8.9331251e-09, Final residual = 8.9331251e-09, No Iterations 0
smoothSolver:  Solving for Ux, Initial residual = 0.00019835585, Final residual = 1.3197291e-05, No Iterations 2
smoothSolver:  Solving for Uy, Initial residual = 0.00062248013, Final residual = 3.0187807e-05, No Iterations 2
smoothSolver:  Solving for Uz, Initial residual = 0.00060940982, Final residual = 4.4508073e-05, No Iterations 2
GAMG:  Solving for p, Initial residual = 0.00010271225, Final residual = 5.8809075e-07, No Iterations 3
GAMG:  Solving for p, Initial residual = 7.2939337e-06, Final residual = 7.0941309e-08, No Iterations 3
smoothSolver:  Solving for omega, Initial residual = 5.8720934e-31, Final residual = 5.8720934e-31, No Iterations 0
smoothSolver:  Solving for k, Initial residual = 8.9331251e-09, Final residual = 8.9331251e-09, No Iterations 0
smoothSolver:  Solving for Ux, Initial residual = 0.0002071934, Final residual = 9.9191429e-06, No Iterations 3
smoothSolver:  Solving for Uy, Initial residual = 0.00062262261, Final residual = 3.2683673e-05, No Iterations 2
smoothSolver:  Solving for Uz, Initial residual = 0.00063862853, Final residual = 4.2506538e-05, No Iterations 2
GAMG:  Solving for p, Initial residual = 9.37189e-05, Final residual = 5.1320873e-07, No Iterations 3
GAMG:  Solving for p, Initial residual = 6.6760847e-06, Final residual = 4.6690438e-08, No Iterations 3
smoothSolver:  Solving for omega, Initial residual = 5.8720934e-31, Final residual = 5.8720934e-31, No Iterations 0
smoothSolver:  Solving for k, Initial residual = 8.9331251e-09, Final residual = 8.9331251e-09, No Iterations 0
smoothSolver:  Solving for Ux, Initial residual = 0.00019928132, Final residual = 1.2971328e-05, No Iterations 2
smoothSolver:  Solving for Uy, Initial residual = 0.00061684471, Final residual = 3.1363609e-05, No Iterations 2
smoothSolver:  Solving for Uz, Initial residual = 0.00058533592, Final residual = 3.7678898e-05, No Iterations 2
GAMG:  Solving for p, Initial residual = 9.1748925e-05, Final residual = 4.8308648e-07, No Iterations 3
GAMG:  Solving for p, Initial residual = 5.8780323e-06, Final residual = 3.2295345e-08, No Iterations 3
smoothSolver:  Solving for omega, Initial residual = 5.8720934e-31, Final residual = 5.8720934e-31, No Iterations 0
smoothSolver:  Solving for k, Initial residual = 8.9331251e-09, Final residual = 8.9331251e-09, No Iterations 0
smoothSolver:  Solving for Ux, Initial residual = 0.00020390791, Final residual = 1.9187782e-05, No Iterations 2
smoothSolver:  Solving for Uy, Initial residual = 0.00059537047, Final residual = 3.4315291e-05, No Iterations 2
smoothSolver:  Solving for Uz, Initial residual = 0.0006240411, Final residual = 4.9071197e-05, No Iterations 2
GAMG:  Solving for p, Initial residual = 9.2812947e-05, Final residual = 3.6308347e-07, No Iterations 3
GAMG:  Solving for p, Initial residual = 6.7009096e-06, Final residual = 9.030716e-08, No Iterations 2
smoothSolver:  Solving for omega, Initial residual = 5.8720934e-31, Final residual = 5.8720934e-31, No Iterations 0
smoothSolver:  Solving for k, Initial residual = 8.9331251e-09, Final residual = 8.9331251e-09, No Iterations 0
smoothSolver:  Solving for Ux, Initial residual = 0.00019911686, Final residual = 1.5199699e-05, No Iterations 2
smoothSolver:  Solving for Uy, Initial residual = 0.00061287138, Final residual = 3.4283658e-05, No Iterations 2
smoothSolver:  Solving for Uz, Initial residual = 0.00057462078, Final residual = 3.0899753e-05, No Iterations 2
GAMG:  Solving for p, Initial residual = 9.2671076e-05, Final residual = 4.7966617e-07, No Iterations 3
GAMG:  Solving for p, Initial residual = 5.637366e-06, Final residual = 4.2059054e-08, No Iterations 3
smoothSolver:  Solving for omega, Initial residual = 5.8720934e-31, Final residual = 5.8720934e-31, No Iterations 0
smoothSolver:  Solving for k, Initial residual = 8.9331251e-09, Final residual = 8.9331251e-09, No Iterations 0
smoothSolver:  Solving for Ux, Initial residual = 0.000207125, Final residual = 1.8070705e-05, No Iterations 2
smoothSolver:  Solving for Uy, Initial residual = 0.00061100133, Final residual = 3.5041542e-05, No Iterations 2
smoothSolver:  Solving for Uz, Initial residual = 0.00063924039, Final residual = 5.3121379e-05, No Iterations 2
GAMG:  Solving for p, Initial residual = 9.0940095e-05, Final residual = 3.7182971e-07, No Iterations 3
GAMG:  Solving for p, Initial residual = 6.6749266e-06, Final residual = 4.5389503e-08, No Iterations 3
smoothSolver:  Solving for omega, Initial residual = 5.8720934e-31, Final residual = 5.8720934e-31, No Iterations 0
smoothSolver:  Solving for k, Initial residual = 8.9331251e-09, Final residual = 8.9331251e-09, No Iterations 0
smoothSolver:  Solving for Ux, Initial residual = 0.00020629432, Final residual = 1.7876591e-05, No Iterations 2
smoothSolver:  Solving for Uy, Initial residual = 0.00061074619, Final residual = 3.249944e-05, No Iterations 2
smoothSolver:  Solving for Uz, Initial residual = 0.00058311847, Final residual = 2.7978992e-05, No Iterations 2
GAMG:  Solving for p, Initial residual = 9.2314745e-05, Final residual = 5.2010805e-07, No Iterations 3
GAMG:  Solving for p, Initial residual = 6.0821875e-06, Final residual = 5.5261376e-08, No Iterations 3
smoothSolver:  Solving for omega, Initial residual = 5.8720934e-31, Final residual = 5.8720934e-31, No Iterations 0
smoothSolver:  Solving for k, Initial residual = 8.9331251e-09, Final residual = 8.9331251e-09, No Iterations 0
smoothSolver:  Solving for Ux, Initial residual = 0.00021302727, Final residual = 1.6789715e-05, No Iterations 2
smoothSolver:  Solving for Uy, Initial residual = 0.00064760221, Final residual = 3.2211524e-05, No Iterations 2
smoothSolver:  Solving for Uz, Initial residual = 0.00064304748, Final residual = 5.0557142e-05, No Iterations 2
GAMG:  Solving for p, Initial residual = 9.0690647e-05, Final residual = 4.4866193e-07, No Iterations 3
GAMG:  Solving for p, Initial residual = 6.7339958e-06, Final residual = 4.6458375e-08, No Iterations 3
smoothSolver:  Solving for omega, Initial residual = 5.8720934e-31, Final residual = 5.8720934e-31, No Iterations 0
smoothSolver:  Solving for k, Initial residual = 8.9331251e-09, Final residual = 8.9331251e-09, No Iterations 0
smoothSolver:  Solving for Ux, Initial residual = 0.00021268007, Final residual = 2.0379323e-05, No Iterations 2
smoothSolver:  Solving for Uy, Initial residual = 0.00062436704, Final residual = 2.9872651e-05, No Iterations 2
smoothSolver:  Solving for Uz, Initial residual = 0.00061523967, Final residual = 3.6004128e-05, No Iterations 2
GAMG:  Solving for p, Initial residual = 9.0636527e-05, Final residual = 4.3720148e-07, No Iterations 3
GAMG:  Solving for p, Initial residual = 6.2645592e-06, Final residual = 4.2957063e-08, No Iterations 3
smoothSolver:  Solving for omega, Initial residual = 5.8720934e-31, Final residual = 5.8720934e-31, No Iterations 0
smoothSolver:  Solving for k, Initial residual = 8.9331251e-09, Final residual = 8.9331251e-09, No Iterations 0
smoothSolver:  Solving for Ux, Initial residual = 0.0001975838, Final residual = 1.2861003e-05, No Iterations 2
smoothSolver:  Solving for Uy, Initial residual = 0.00062143337, Final residual = 2.9212374e-05, No Iterations 2
smoothSolver:  Solving for Uz, Initial residual = 0.00059982157, Final residual = 4.1508482e-05, No Iterations 2
GAMG:  Solving for p, Initial residual = 9.9637686e-05, Final residual = 5.7554646e-07, No Iterations 3
GAMG:  Solving for p, Initial residual = 7.2055205e-06, Final residual = 6.9437662e-08, No Iterations 3
smoothSolver:  Solving for omega, Initial residual = 5.8720934e-31, Final residual = 5.8720934e-31, No Iterations 0
smoothSolver:  Solving for k, Initial residual = 8.9331251e-09, Final residual = 8.9331251e-09, No Iterations 0
smoothSolver:  Solving for Ux, Initial residual = 0.00020534158, Final residual = 2.0391745e-05, No Iterations 2
smoothSolver:  Solving for Uy, Initial residual = 0.00060850603, Final residual = 3.1508553e-05, No Iterations 2
smoothSolver:  Solving for Uz, Initial residual = 0.00062819392, Final residual = 4.1879947e-05, No Iterations 2
GAMG:  Solving for p, Initial residual = 9.0346712e-05, Final residual = 4.3895939e-07, No Iterations 3
GAMG:  Solving for p, Initial residual = 6.3142823e-06, Final residual = 3.9780747e-08, No Iterations 3
smoothSolver:  Solving for omega, Initial residual = 5.8720934e-31, Final residual = 5.8720934e-31, No Iterations 0
smoothSolver:  Solving for k, Initial residual = 8.9331251e-09, Final residual = 8.9331251e-09, No Iterations 0
smoothSolver:  Solving for Ux, Initial residual = 0.00019894736, Final residual = 1.1127918e-05, No Iterations 2
smoothSolver:  Solving for Uy, Initial residual = 0.00061406764, Final residual = 2.7923455e-05, No Iterations 2
smoothSolver:  Solving for Uz, Initial residual = 0.00057029062, Final residual = 3.4811574e-05, No Iterations 2
GAMG:  Solving for p, Initial residual = 8.8564398e-05, Final residual = 4.6894389e-07, No Iterations 3
GAMG:  Solving for p, Initial residual = 5.9215909e-06, Final residual = 3.2932944e-08, No Iterations 3
smoothSolver:  Solving for omega, Initial residual = 5.8720934e-31, Final residual = 5.8720934e-31, No Iterations 0
smoothSolver:  Solving for k, Initial residual = 8.9331251e-09, Final residual = 8.9331251e-09, No Iterations 0
smoothSolver:  Solving for Ux, Initial residual = 0.00020561513, Final residual = 1.8596781e-05, No Iterations 2
smoothSolver:  Solving for Uy, Initial residual = 0.00058177459, Final residual = 3.1721149e-05, No Iterations 2
smoothSolver:  Solving for Uz, Initial residual = 0.00060868841, Final residual = 4.5239413e-05, No Iterations 2
GAMG:  Solving for p, Initial residual = 8.8946411e-05, Final residual = 3.432592e-07, No Iterations 3
GAMG:  Solving for p, Initial residual = 6.606107e-06, Final residual = 9.4259619e-08, No Iterations 2
smoothSolver:  Solving for omega, Initial residual = 5.8720934e-31, Final residual = 5.8720934e-31, No Iterations 0
smoothSolver:  Solving for k, Initial residual = 8.9331251e-09, Final residual = 8.9331251e-09, No Iterations 0
smoothSolver:  Solving for Ux, Initial residual = 0.00019412075, Final residual = 1.3585307e-05, No Iterations 2
smoothSolver:  Solving for Uy, Initial residual = 0.00060244704, Final residual = 3.0960632e-05, No Iterations 2
smoothSolver:  Solving for Uz, Initial residual = 0.0005668173, Final residual = 3.0315284e-05, No Iterations 2
GAMG:  Solving for p, Initial residual = 8.604449e-05, Final residual = 4.712734e-07, No Iterations 3
GAMG:  Solving for p, Initial residual = 5.5055439e-06, Final residual = 4.392424e-08, No Iterations 3
smoothSolver:  Solving for omega, Initial residual = 5.8720934e-31, Final residual = 5.8720934e-31, No Iterations 0
smoothSolver:  Solving for k, Initial residual = 8.9331251e-09, Final residual = 8.9331251e-09, No Iterations 0
smoothSolver:  Solving for Ux, Initial residual = 0.00020014961, Final residual = 1.7631045e-05, No Iterations 2
smoothSolver:  Solving for Uy, Initial residual = 0.00058012499, Final residual = 3.139137e-05, No Iterations 2
smoothSolver:  Solving for Uz, Initial residual = 0.00061117847, Final residual = 5.0558211e-05, No Iterations 2
GAMG:  Solving for p, Initial residual = 8.4835222e-05, Final residual = 3.5705557e-07, No Iterations 3
GAMG:  Solving for p, Initial residual = 6.42272e-06, Final residual = 9.853202e-08, No Iterations 2
smoothSolver:  Solving for omega, Initial residual = 5.8720934e-31, Final residual = 5.8720934e-31, No Iterations 0
smoothSolver:  Solving for k, Initial residual = 8.9331251e-09, Final residual = 8.9331251e-09, No Iterations 0
smoothSolver:  Solving for Ux, Initial residual = 0.00019435254, Final residual = 1.665135e-05, No Iterations 2
smoothSolver:  Solving for Uy, Initial residual = 0.00058032936, Final residual = 2.9665351e-05, No Iterations 2
smoothSolver:  Solving for Uz, Initial residual = 0.0005643534, Final residual = 2.7702365e-05, No Iterations 2
GAMG:  Solving for p, Initial residual = 8.6932385e-05, Final residual = 4.6199067e-07, No Iterations 3
GAMG:  Solving for p, Initial residual = 5.7838787e-06, Final residual = 5.3103893e-08, No Iterations 3
smoothSolver:  Solving for omega, Initial residual = 5.8720934e-31, Final residual = 5.8720934e-31, No Iterations 0
smoothSolver:  Solving for k, Initial residual = 8.9331251e-09, Final residual = 8.9331251e-09, No Iterations 0
smoothSolver:  Solving for Ux, Initial residual = 0.00020544379, Final residual = 1.6605285e-05, No Iterations 2
smoothSolver:  Solving for Uy, Initial residual = 0.00060900422, Final residual = 2.8932184e-05, No Iterations 2
smoothSolver:  Solving for Uz, Initial residual = 0.00061747973, Final residual = 4.866365e-05, No Iterations 2
GAMG:  Solving for p, Initial residual = 8.6136214e-05, Final residual = 4.4957712e-07, No Iterations 3
GAMG:  Solving for p, Initial residual = 6.7925427e-06, Final residual = 4.5428761e-08, No Iterations 3
smoothSolver:  Solving for omega, Initial residual = 5.8720934e-31, Final residual = 5.8720934e-31, No Iterations 0
smoothSolver:  Solving for k, Initial residual = 8.9331251e-09, Final residual = 8.9331251e-09, No Iterations 0
smoothSolver:  Solving for Ux, Initial residual = 0.00020763055, Final residual = 1.9788034e-05, No Iterations 2
smoothSolver:  Solving for Uy, Initial residual = 0.00061579052, Final residual = 3.2063005e-05, No Iterations 2
smoothSolver:  Solving for Uz, Initial residual = 0.0006057055, Final residual = 3.581388e-05, No Iterations 2
GAMG:  Solving for p, Initial residual = 8.6985638e-05, Final residual = 4.1888879e-07, No Iterations 3
GAMG:  Solving for p, Initial residual = 6.1288683e-06, Final residual = 4.2122495e-08, No Iterations 3
smoothSolver:  Solving for omega, Initial residual = 5.8720934e-31, Final residual = 5.8720934e-31, No Iterations 0
smoothSolver:  Solving for k, Initial residual = 8.9331251e-09, Final residual = 8.9331251e-09, No Iterations 0
smoothSolver:  Solving for Ux, Initial residual = 0.00019574001, Final residual = 1.3187405e-05, No Iterations 2
smoothSolver:  Solving for Uy, Initial residual = 0.00061759393, Final residual = 2.7732058e-05, No Iterations 2
smoothSolver:  Solving for Uz, Initial residual = 0.00059457445, Final residual = 4.1879543e-05, No Iterations 2
GAMG:  Solving for p, Initial residual = 8.7140051e-05, Final residual = 5.1131677e-07, No Iterations 3
GAMG:  Solving for p, Initial residual = 6.2015236e-06, Final residual = 5.0225557e-08, No Iterations 3
smoothSolver:  Solving for omega, Initial residual = 5.8720934e-31, Final residual = 5.8720934e-31, No Iterations 0
smoothSolver:  Solving for k, Initial residual = 8.9331251e-09, Final residual = 8.9331251e-09, No Iterations 0
smoothSolver:  Solving for Ux, Initial residual = 0.00019673779, Final residual = 1.9333717e-05, No Iterations 2
smoothSolver:  Solving for Uy, Initial residual = 0.00057765713, Final residual = 3.0911414e-05, No Iterations 2
smoothSolver:  Solving for Uz, Initial residual = 0.00059672471, Final residual = 4.0036957e-05, No Iterations 2
GAMG:  Solving for p, Initial residual = 8.7196218e-05, Final residual = 4.169725e-07, No Iterations 3
GAMG:  Solving for p, Initial residual = 5.9227919e-06, Final residual = 3.8170163e-08, No Iterations 3
smoothSolver:  Solving for omega, Initial residual = 5.8720934e-31, Final residual = 5.8720934e-31, No Iterations 0
smoothSolver:  Solving for k, Initial residual = 8.9331251e-09, Final residual = 8.9331251e-09, No Iterations 0
smoothSolver:  Solving for Ux, Initial residual = 0.0001899813, Final residual = 1.0383688e-05, No Iterations 2
smoothSolver:  Solving for Uy, Initial residual = 0.00059185313, Final residual = 2.7169225e-05, No Iterations 2
smoothSolver:  Solving for Uz, Initial residual = 0.00056443615, Final residual = 3.4998005e-05, No Iterations 2
GAMG:  Solving for p, Initial residual = 9.1347008e-05, Final residual = 5.0586254e-07, No Iterations 3
GAMG:  Solving for p, Initial residual = 6.2686746e-06, Final residual = 3.9178579e-08, No Iterations 3
smoothSolver:  Solving for omega, Initial residual = 5.8720934e-31, Final residual = 5.8720934e-31, No Iterations 0
smoothSolver:  Solving for k, Initial residual = 8.9331251e-09, Final residual = 8.9331251e-09, No Iterations 0
smoothSolver:  Solving for Ux, Initial residual = 0.00019969943, Final residual = 1.8618265e-05, No Iterations 2
smoothSolver:  Solving for Uy, Initial residual = 0.00058044349, Final residual = 3.3214768e-05, No Iterations 2
smoothSolver:  Solving for Uz, Initial residual = 0.00060706797, Final residual = 4.261467e-05, No Iterations 2
GAMG:  Solving for p, Initial residual = 9.135441e-05, Final residual = 3.5098653e-07, No Iterations 3
GAMG:  Solving for p, Initial residual = 6.6060662e-06, Final residual = 8.8764813e-08, No Iterations 2
smoothSolver:  Solving for omega, Initial residual = 5.8720934e-31, Final residual = 5.8720934e-31, No Iterations 0
smoothSolver:  Solving for k, Initial residual = 8.9331251e-09, Final residual = 8.9331251e-09, No Iterations 0
smoothSolver:  Solving for Ux, Initial residual = 0.0001958865, Final residual = 1.2563961e-05, No Iterations 2
smoothSolver:  Solving for Uy, Initial residual = 0.00060786995, Final residual = 2.9729249e-05, No Iterations 2
smoothSolver:  Solving for Uz, Initial residual = 0.00057695417, Final residual = 3.3649011e-05, No Iterations 2
GAMG:  Solving for p, Initial residual = 8.8047449e-05, Final residual = 4.7757264e-07, No Iterations 3
GAMG:  Solving for p, Initial residual = 5.703192e-06, Final residual = 3.7557253e-08, No Iterations 3
smoothSolver:  Solving for omega, Initial residual = 5.8720934e-31, Final residual = 5.8720934e-31, No Iterations 0
smoothSolver:  Solving for k, Initial residual = 8.9331251e-09, Final residual = 8.9331251e-09, No Iterations 0
smoothSolver:  Solving for Ux, Initial residual = 0.00020751125, Final residual = 1.851787e-05, No Iterations 2
smoothSolver:  Solving for Uy, Initial residual = 0.00057514331, Final residual = 3.2160236e-05, No Iterations 2
smoothSolver:  Solving for Uz, Initial residual = 0.00061781795, Final residual = 4.7242166e-05, No Iterations 2
GAMG:  Solving for p, Initial residual = 8.9320595e-05, Final residual = 3.3977852e-07, No Iterations 3
GAMG:  Solving for p, Initial residual = 6.5742207e-06, Final residual = 8.5312569e-08, No Iterations 2
smoothSolver:  Solving for omega, Initial residual = 5.8720934e-31, Final residual = 5.8720934e-31, No Iterations 0
smoothSolver:  Solving for k, Initial residual = 8.9331251e-09, Final residual = 8.9331251e-09, No Iterations 0
smoothSolver:  Solving for Ux, Initial residual = 0.00019692947, Final residual = 1.5708161e-05, No Iterations 2
smoothSolver:  Solving for Uy, Initial residual = 0.00059581091, Final residual = 3.1596957e-05, No Iterations 2
smoothSolver:  Solving for Uz, Initial residual = 0.00057131507, Final residual = 2.7325907e-05, No Iterations 2
GAMG:  Solving for p, Initial residual = 8.8937498e-05, Final residual = 3.9914106e-07, No Iterations 3
GAMG:  Solving for p, Initial residual = 5.7696935e-06, Final residual = 4.2936929e-08, No Iterations 3
smoothSolver:  Solving for omega, Initial residual = 5.8720934e-31, Final residual = 5.8720934e-31, No Iterations 0
smoothSolver:  Solving for k, Initial residual = 8.9331251e-09, Final residual = 8.9331251e-09, No Iterations 0
smoothSolver:  Solving for Ux, Initial residual = 0.00019985136, Final residual = 1.5558903e-05, No Iterations 2
smoothSolver:  Solving for Uy, Initial residual = 0.00058253808, Final residual = 3.0228143e-05, No Iterations 2
smoothSolver:  Solving for Uz, Initial residual = 0.00059603127, Final residual = 4.8691218e-05, No Iterations 2
GAMG:  Solving for p, Initial residual = 8.54082e-05, Final residual = 3.4722884e-07, No Iterations 3
GAMG:  Solving for p, Initial residual = 6.3888266e-06, Final residual = 9.7409382e-08, No Iterations 2
smoothSolver:  Solving for omega, Initial residual = 5.8720934e-31, Final residual = 5.8720934e-31, No Iterations 0
smoothSolver:  Solving for k, Initial residual = 8.9331251e-09, Final residual = 8.9331251e-09, No Iterations 0
smoothSolver:  Solving for Ux, Initial residual = 0.00019891774, Final residual = 1.7468019e-05, No Iterations 2
smoothSolver:  Solving for Uy, Initial residual = 0.00057945882, Final residual = 2.9569881e-05, No Iterations 2
smoothSolver:  Solving for Uz, Initial residual = 0.00057613088, Final residual = 2.9029647e-05, No Iterations 2
GAMG:  Solving for p, Initial residual = 8.5423527e-05, Final residual = 3.4913486e-07, No Iterations 3
GAMG:  Solving for p, Initial residual = 5.8110239e-06, Final residual = 9.9406363e-08, No Iterations 2
smoothSolver:  Solving for omega, Initial residual = 5.8720934e-31, Final residual = 5.8720934e-31, No Iterations 0
smoothSolver:  Solving for k, Initial residual = 8.9331251e-09, Final residual = 8.9331251e-09, No Iterations 0
smoothSolver:  Solving for Ux, Initial residual = 0.00019422118, Final residual = 1.3927171e-05, No Iterations 2
smoothSolver:  Solving for Uy, Initial residual = 0.00058498635, Final residual = 2.7221539e-05, No Iterations 2
smoothSolver:  Solving for Uz, Initial residual = 0.00058359718, Final residual = 4.2773529e-05, No Iterations 2
GAMG:  Solving for p, Initial residual = 8.4032327e-05, Final residual = 5.1767664e-07, No Iterations 3
GAMG:  Solving for p, Initial residual = 6.2029904e-06, Final residual = 5.3832917e-08, No Iterations 3
smoothSolver:  Solving for omega, Initial residual = 5.8720934e-31, Final residual = 5.8720934e-31, No Iterations 0
smoothSolver:  Solving for k, Initial residual = 8.9331251e-09, Final residual = 8.9331251e-09, No Iterations 0
smoothSolver:  Solving for Ux, Initial residual = 0.00019699152, Final residual = 1.9380304e-05, No Iterations 2
smoothSolver:  Solving for Uy, Initial residual = 0.00057274933, Final residual = 3.1029725e-05, No Iterations 2
smoothSolver:  Solving for Uz, Initial residual = 0.00057245234, Final residual = 3.7505675e-05, No Iterations 2
GAMG:  Solving for p, Initial residual = 8.6549375e-05, Final residual = 4.5721309e-07, No Iterations 3
GAMG:  Solving for p, Initial residual = 6.115392e-06, Final residual = 4.5275708e-08, No Iterations 3
smoothSolver:  Solving for omega, Initial residual = 5.8720934e-31, Final residual = 5.8720934e-31, No Iterations 0
smoothSolver:  Solving for k, Initial residual = 8.9331251e-09, Final residual = 8.9331251e-09, No Iterations 0
smoothSolver:  Solving for Ux, Initial residual = 0.00019537756, Final residual = 1.1453064e-05, No Iterations 2
smoothSolver:  Solving for Uy, Initial residual = 0.00059705187, Final residual = 2.8019478e-05, No Iterations 2
smoothSolver:  Solving for Uz, Initial residual = 0.00056412818, Final residual = 3.7750492e-05, No Iterations 2
GAMG:  Solving for p, Initial residual = 9.2900324e-05, Final residual = 4.9790538e-07, No Iterations 3
GAMG:  Solving for p, Initial residual = 6.5765028e-06, Final residual = 5.354299e-08, No Iterations 3
smoothSolver:  Solving for omega, Initial residual = 5.8720934e-31, Final residual = 5.8720934e-31, No Iterations 0
smoothSolver:  Solving for k, Initial residual = 8.9331251e-09, Final residual = 8.9331251e-09, No Iterations 0
smoothSolver:  Solving for Ux, Initial residual = 0.00020055508, Final residual = 1.9376746e-05, No Iterations 2
smoothSolver:  Solving for Uy, Initial residual = 0.00057056884, Final residual = 3.1451947e-05, No Iterations 2
smoothSolver:  Solving for Uz, Initial residual = 0.00060377695, Final residual = 4.0153275e-05, No Iterations 2
GAMG:  Solving for p, Initial residual = 8.8218309e-05, Final residual = 4.2543472e-07, No Iterations 3
GAMG:  Solving for p, Initial residual = 6.5631917e-06, Final residual = 3.6227737e-08, No Iterations 3
smoothSolver:  Solving for omega, Initial residual = 5.8720934e-31, Final residual = 5.8720934e-31, No Iterations 0
smoothSolver:  Solving for k, Initial residual = 8.9331251e-09, Final residual = 8.9331251e-09, No Iterations 0
smoothSolver:  Solving for Ux, Initial residual = 0.00019706624, Final residual = 1.2288596e-05, No Iterations 2
smoothSolver:  Solving for Uy, Initial residual = 0.00058532716, Final residual = 2.9624751e-05, No Iterations 2
smoothSolver:  Solving for Uz, Initial residual = 0.00056581427, Final residual = 3.653323e-05, No Iterations 2
GAMG:  Solving for p, Initial residual = 8.6238363e-05, Final residual = 4.9115909e-07, No Iterations 3
GAMG:  Solving for p, Initial residual = 5.7325701e-06, Final residual = 4.1306395e-08, No Iterations 3
smoothSolver:  Solving for omega, Initial residual = 5.8720934e-31, Final residual = 5.8720934e-31, No Iterations 0
smoothSolver:  Solving for k, Initial residual = 8.9331251e-09, Final residual = 8.9331251e-09, No Iterations 0
smoothSolver:  Solving for Ux, Initial residual = 0.00020703179, Final residual = 1.9048794e-05, No Iterations 2
smoothSolver:  Solving for Uy, Initial residual = 0.00056748035, Final residual = 3.3161381e-05, No Iterations 2
smoothSolver:  Solving for Uz, Initial residual = 0.00061551283, Final residual = 4.8854775e-05, No Iterations 2
GAMG:  Solving for p, Initial residual = 8.8916324e-05, Final residual = 3.455485e-07, No Iterations 3
GAMG:  Solving for p, Initial residual = 6.8004512e-06, Final residual = 9.7369547e-08, No Iterations 2
smoothSolver:  Solving for omega, Initial residual = 5.8720934e-31, Final residual = 5.8720934e-31, No Iterations 0
smoothSolver:  Solving for k, Initial residual = 8.9331251e-09, Final residual = 8.9331251e-09, No Iterations 0
smoothSolver:  Solving for Ux, Initial residual = 0.00020114509, Final residual = 1.6240867e-05, No Iterations 2
smoothSolver:  Solving for Uy, Initial residual = 0.00060884048, Final residual = 3.4027222e-05, No Iterations 2
smoothSolver:  Solving for Uz, Initial residual = 0.0005730507, Final residual = 2.8583053e-05, No Iterations 2
GAMG:  Solving for p, Initial residual = 8.8267079e-05, Final residual = 3.9233521e-07, No Iterations 3
GAMG:  Solving for p, Initial residual = 5.8017617e-06, Final residual = 4.335946e-08, No Iterations 3
smoothSolver:  Solving for omega, Initial residual = 5.8720934e-31, Final residual = 5.8720934e-31, No Iterations 0
smoothSolver:  Solving for k, Initial residual = 8.9331251e-09, Final residual = 8.9331251e-09, No Iterations 0
smoothSolver:  Solving for Ux, Initial residual = 0.00020618985, Final residual = 1.7060575e-05, No Iterations 2
smoothSolver:  Solving for Uy, Initial residual = 0.00059623916, Final residual = 3.2326488e-05, No Iterations 2
smoothSolver:  Solving for Uz, Initial residual = 0.00061864926, Final residual = 5.2455156e-05, No Iterations 2
GAMG:  Solving for p, Initial residual = 8.5778057e-05, Final residual = 3.3837199e-07, No Iterations 3
GAMG:  Solving for p, Initial residual = 6.4497465e-06, Final residual = 4.0459161e-08, No Iterations 3
smoothSolver:  Solving for omega, Initial residual = 5.8720934e-31, Final residual = 5.8720934e-31, No Iterations 0
smoothSolver:  Solving for k, Initial residual = 8.9331251e-09, Final residual = 8.9331251e-09, No Iterations 0
smoothSolver:  Solving for Ux, Initial residual = 0.00020347543, Final residual = 1.7835946e-05, No Iterations 2
smoothSolver:  Solving for Uy, Initial residual = 0.00058469722, Final residual = 2.9916231e-05, No Iterations 2
smoothSolver:  Solving for Uz, Initial residual = 0.00057478304, Final residual = 2.8013897e-05, No Iterations 2
GAMG:  Solving for p, Initial residual = 8.6918367e-05, Final residual = 3.6285275e-07, No Iterations 3
GAMG:  Solving for p, Initial residual = 5.9847564e-06, Final residual = 4.0172244e-08, No Iterations 3
smoothSolver:  Solving for omega, Initial residual = 5.8720934e-31, Final residual = 5.8720934e-31, No Iterations 0
smoothSolver:  Solving for k, Initial residual = 8.9331251e-09, Final residual = 8.9331251e-09, No Iterations 0
smoothSolver:  Solving for Ux, Initial residual = 0.00020524935, Final residual = 1.5127772e-05, No Iterations 2
smoothSolver:  Solving for Uy, Initial residual = 0.0006046836, Final residual = 2.9632105e-05, No Iterations 2
smoothSolver:  Solving for Uz, Initial residual = 0.00060838676, Final residual = 4.7973386e-05, No Iterations 2
GAMG:  Solving for p, Initial residual = 8.5413917e-05, Final residual = 5.6474472e-07, No Iterations 3
GAMG:  Solving for p, Initial residual = 6.4622314e-06, Final residual = 6.0590954e-08, No Iterations 3
smoothSolver:  Solving for omega, Initial residual = 5.8720934e-31, Final residual = 5.8720934e-31, No Iterations 0
smoothSolver:  Solving for k, Initial residual = 8.9331251e-09, Final residual = 8.9331251e-09, No Iterations 0
smoothSolver:  Solving for Ux, Initial residual = 0.00020533256, Final residual = 9.4430777e-06, No Iterations 3
smoothSolver:  Solving for Uy, Initial residual = 0.00059204189, Final residual = 3.0250371e-05, No Iterations 2
smoothSolver:  Solving for Uz, Initial residual = 0.00058671466, Final residual = 3.732975e-05, No Iterations 2
GAMG:  Solving for p, Initial residual = 8.6682912e-05, Final residual = 5.2735995e-07, No Iterations 3
GAMG:  Solving for p, Initial residual = 6.3191595e-06, Final residual = 5.1230543e-08, No Iterations 3
smoothSolver:  Solving for omega, Initial residual = 5.8720934e-31, Final residual = 5.8720934e-31, No Iterations 0
smoothSolver:  Solving for k, Initial residual = 8.9331251e-09, Final residual = 8.9331251e-09, No Iterations 0
smoothSolver:  Solving for Ux, Initial residual = 0.0001980392, Final residual = 1.3309149e-05, No Iterations 2
smoothSolver:  Solving for Uy, Initial residual = 0.00060959679, Final residual = 2.8786388e-05, No Iterations 2
smoothSolver:  Solving for Uz, Initial residual = 0.00058643295, Final residual = 4.0746794e-05, No Iterations 2
GAMG:  Solving for p, Initial residual = 9.6204166e-05, Final residual = 5.4002453e-07, No Iterations 3
GAMG:  Solving for p, Initial residual = 7.0473242e-06, Final residual = 6.4031694e-08, No Iterations 3
smoothSolver:  Solving for omega, Initial residual = 5.8720934e-31, Final residual = 5.8720934e-31, No Iterations 0
smoothSolver:  Solving for k, Initial residual = 8.9331251e-09, Final residual = 8.9331251e-09, No Iterations 0
smoothSolver:  Solving for Ux, Initial residual = 0.00020560006, Final residual = 2.0445096e-05, No Iterations 2
smoothSolver:  Solving for Uy, Initial residual = 0.00060159323, Final residual = 3.2083525e-05, No Iterations 2
smoothSolver:  Solving for Uz, Initial residual = 0.00061860355, Final residual = 4.1520783e-05, No Iterations 2
GAMG:  Solving for p, Initial residual = 9.0421112e-05, Final residual = 4.5653115e-07, No Iterations 3
GAMG:  Solving for p, Initial residual = 6.7888849e-06, Final residual = 4.2359755e-08, No Iterations 3
smoothSolver:  Solving for omega, Initial residual = 5.8720934e-31, Final residual = 5.8720934e-31, No Iterations 0
smoothSolver:  Solving for k, Initial residual = 8.9331251e-09, Final residual = 8.9331251e-09, No Iterations 0
smoothSolver:  Solving for Ux, Initial residual = 0.00019934481, Final residual = 1.294783e-05, No Iterations 2
smoothSolver:  Solving for Uy, Initial residual = 0.00059975323, Final residual = 3.1580795e-05, No Iterations 2
smoothSolver:  Solving for Uz, Initial residual = 0.00056836935, Final residual = 3.7900296e-05, No Iterations 2
GAMG:  Solving for p, Initial residual = 8.7533329e-05, Final residual = 5.1271931e-07, No Iterations 3
GAMG:  Solving for p, Initial residual = 5.6806589e-06, Final residual = 4.7547782e-08, No Iterations 3
smoothSolver:  Solving for omega, Initial residual = 5.8720934e-31, Final residual = 5.8720934e-31, No Iterations 0
smoothSolver:  Solving for k, Initial residual = 8.9331251e-09, Final residual = 8.9331251e-09, No Iterations 0
smoothSolver:  Solving for Ux, Initial residual = 0.00020582702, Final residual = 1.9910533e-05, No Iterations 2
smoothSolver:  Solving for Uy, Initial residual = 0.00056857683, Final residual = 3.4314449e-05, No Iterations 2
smoothSolver:  Solving for Uz, Initial residual = 0.00062108385, Final residual = 5.1497731e-05, No Iterations 2
GAMG:  Solving for p, Initial residual = 8.9123594e-05, Final residual = 3.365117e-07, No Iterations 3
GAMG:  Solving for p, Initial residual = 6.6697518e-06, Final residual = 8.84961e-08, No Iterations 2
smoothSolver:  Solving for omega, Initial residual = 5.8720934e-31, Final residual = 5.8720934e-31, No Iterations 0
smoothSolver:  Solving for k, Initial residual = 8.9331251e-09, Final residual = 8.9331251e-09, No Iterations 0
smoothSolver:  Solving for Ux, Initial residual = 0.00020217508, Final residual = 1.6218032e-05, No Iterations 2
smoothSolver:  Solving for Uy, Initial residual = 0.00059855581, Final residual = 3.3998553e-05, No Iterations 2
smoothSolver:  Solving for Uz, Initial residual = 0.00057314127, Final residual = 2.7974967e-05, No Iterations 2
GAMG:  Solving for p, Initial residual = 8.9468728e-05, Final residual = 3.889134e-07, No Iterations 3
GAMG:  Solving for p, Initial residual = 5.7516314e-06, Final residual = 4.5547225e-08, No Iterations 3
smoothSolver:  Solving for omega, Initial residual = 5.8720934e-31, Final residual = 5.8720934e-31, No Iterations 0
smoothSolver:  Solving for k, Initial residual = 8.9331251e-09, Final residual = 8.9331251e-09, No Iterations 0
smoothSolver:  Solving for Ux, Initial residual = 0.00020760817, Final residual = 1.7373116e-05, No Iterations 2
smoothSolver:  Solving for Uy, Initial residual = 0.00060240097, Final residual = 3.3115105e-05, No Iterations 2
smoothSolver:  Solving for Uz, Initial residual = 0.0006299763, Final residual = 5.4566868e-05, No Iterations 2
GAMG:  Solving for p, Initial residual = 8.7716128e-05, Final residual = 3.6894266e-07, No Iterations 3
GAMG:  Solving for p, Initial residual = 6.6601566e-06, Final residual = 4.1500656e-08, No Iterations 3
smoothSolver:  Solving for omega, Initial residual = 5.8720934e-31, Final residual = 5.8720934e-31, No Iterations 0
smoothSolver:  Solving for k, Initial residual = 8.9331251e-09, Final residual = 8.9331251e-09, No Iterations 0
smoothSolver:  Solving for Ux, Initial residual = 0.00020754394, Final residual = 1.8083678e-05, No Iterations 2
smoothSolver:  Solving for Uy, Initial residual = 0.00059932065, Final residual = 2.9694105e-05, No Iterations 2
smoothSolver:  Solving for Uz, Initial residual = 0.0005825556, Final residual = 2.8607497e-05, No Iterations 2
GAMG:  Solving for p, Initial residual = 9.0011784e-05, Final residual = 4.3048188e-07, No Iterations 3
GAMG:  Solving for p, Initial residual = 6.0149569e-06, Final residual = 4.4333632e-08, No Iterations 3
smoothSolver:  Solving for omega, Initial residual = 5.8720934e-31, Final residual = 5.8720934e-31, No Iterations 0
smoothSolver:  Solving for k, Initial residual = 8.9331251e-09, Final residual = 8.9331251e-09, No Iterations 0
smoothSolver:  Solving for Ux, Initial residual = 0.00020917257, Final residual = 1.5805171e-05, No Iterations 2
smoothSolver:  Solving for Uy, Initial residual = 0.00061858566, Final residual = 3.0356634e-05, No Iterations 2
smoothSolver:  Solving for Uz, Initial residual = 0.0006217031, Final residual = 4.8735411e-05, No Iterations 2
GAMG:  Solving for p, Initial residual = 8.7097784e-05, Final residual = 5.3575053e-07, No Iterations 3
GAMG:  Solving for p, Initial residual = 6.5020358e-06, Final residual = 5.7928254e-08, No Iterations 3
smoothSolver:  Solving for omega, Initial residual = 5.8720934e-31, Final residual = 5.8720934e-31, No Iterations 0
smoothSolver:  Solving for k, Initial residual = 8.9331251e-09, Final residual = 8.9331251e-09, No Iterations 0
smoothSolver:  Solving for Ux, Initial residual = 0.00020663882, Final residual = 2.0504049e-05, No Iterations 2
smoothSolver:  Solving for Uy, Initial residual = 0.00059777933, Final residual = 2.9900101e-05, No Iterations 2
smoothSolver:  Solving for Uz, Initial residual = 0.00059579848, Final residual = 3.747206e-05, No Iterations 2
GAMG:  Solving for p, Initial residual = 8.7519432e-05, Final residual = 5.0538372e-07, No Iterations 3
GAMG:  Solving for p, Initial residual = 6.1977406e-06, Final residual = 4.752657e-08, No Iterations 3
smoothSolver:  Solving for omega, Initial residual = 5.8720934e-31, Final residual = 5.8720934e-31, No Iterations 0
smoothSolver:  Solving for k, Initial residual = 8.9331251e-09, Final residual = 8.9331251e-09, No Iterations 0
Time = 200

smoothSolver:  Solving for Ux, Initial residual = 0.00019791863, Final residual = 1.304145e-05, No Iterations 2
smoothSolver:  Solving for Uy, Initial residual = 0.00060176285, Final residual = 2.7843561e-05, No Iterations 2
smoothSolver:  Solving for Uz, Initial residual = 0.00058480616, Final residual = 3.8220924e-05, No Iterations 2
U0 initRes: 0.00019791863 finalRes: 1.304145e-05 nIters: 2
U1 initRes: 0.00060176285 finalRes: 2.7843561e-05 nIters: 2
U2 initRes: 0.00058480616 finalRes: 3.8220924e-05 nIters: 2
GAMG:  Solving for p, Initial residual = 9.3638576e-05, Final residual = 5.1890591e-07, No Iterations 3
p initRes: 9.3638576e-05 finalRes: 5.1890591e-07 nIters: 3
GAMG:  Solving for p, Initial residual = 6.7944599e-06, Final residual = 5.2774297e-08, No Iterations 3
p initRes: 6.7944599e-06 finalRes: 5.2774297e-08 nIters: 3
Time step continuity errors : sum local = 8.7450017e-07
                                 global = 8.0850176e-08
                             cumulative = 1.4794259e-05
smoothSolver:  Solving for omega, Initial residual = 5.8720934e-31, Final residual = 5.8720934e-31, No Iterations 0
omega initRes: 5.8720934e-31 finalRes: 5.8720934e-31 nIters: 0
Bounding omega<1e+16
Bounding omega>1e-16
smoothSolver:  Solving for k, Initial residual = 8.9331251e-09, Final residual = 8.9331251e-09, No Iterations 0
k initRes: 8.9331251e-09 finalRes: 8.9331251e-09 nIters: 0
Bounding k>1e-16
CD: 0.069999623 final: 0.069999623
CL: 0.10491758 final: 0.10491758
yPlus min: 11.565396 max: 525.7273 mean: 205.72407
ExecutionTime = 8.92 s  ClockTime = 9 s

smoothSolver:  Solving for Ux, Initial residual = 0.00020423553, Final residual = 2.015155e-05, No Iterations 2
smoothSolver:  Solving for Uy, Initial residual = 0.00059191904, Final residual = 3.0664024e-05, No Iterations 2
smoothSolver:  Solving for Uz, Initial residual = 0.00060455196, Final residual = 4.0159699e-05, No Iterations 2
GAMG:  Solving for p, Initial residual = 8.9223857e-05, Final residual = 4.0180726e-07, No Iterations 3
GAMG:  Solving for p, Initial residual = 6.6049055e-06, Final residual = 3.7677486e-08, No Iterations 3
smoothSolver:  Solving for omega, Initial residual = 5.8720934e-31, Final residual = 5.8720934e-31, No Iterations 0
smoothSolver:  Solving for k, Initial residual = 8.9331251e-09, Final residual = 8.9331251e-09, No Iterations 0
smoothSolver:  Solving for Ux, Initial residual = 0.00019592262, Final residual = 1.2042419e-05, No Iterations 2
smoothSolver:  Solving for Uy, Initial residual = 0.00059551467, Final residual = 2.9010246e-05, No Iterations 2
smoothSolver:  Solving for Uz, Initial residual = 0.00055760603, Final residual = 3.4789987e-05, No Iterations 2
GAMG:  Solving for p, Initial residual = 8.6306891e-05, Final residual = 4.874364e-07, No Iterations 3
GAMG:  Solving for p, Initial residual = 5.6494192e-06, Final residual = 4.4492785e-08, No Iterations 3
smoothSolver:  Solving for omega, Initial residual = 5.8720934e-31, Final residual = 5.8720934e-31, No Iterations 0
smoothSolver:  Solving for k, Initial residual = 8.9331251e-09, Final residual = 8.9331251e-09, No Iterations 0
smoothSolver:  Solving for Ux, Initial residual = 0.00020389807, Final residual = 1.9252291e-05, No Iterations 2
smoothSolver:  Solving for Uy, Initial residual = 0.00055717803, Final residual = 3.3105026e-05, No Iterations 2
smoothSolver:  Solving for Uz, Initial residual = 0.00060360192, Final residual = 4.7934352e-05, No Iterations 2
GAMG:  Solving for p, Initial residual = 8.6858896e-05, Final residual = 3.2617393e-07, No Iterations 3
GAMG:  Solving for p, Initial residual = 6.4781474e-06, Final residual = 7.6911381e-08, No Iterations 2
smoothSolver:  Solving for omega, Initial residual = 5.8720934e-31, Final residual = 5.8720934e-31, No Iterations 0
smoothSolver:  Solving for k, Initial residual = 8.9331251e-09, Final residual = 8.9331251e-09, No Iterations 0
smoothSolver:  Solving for Ux, Initial residual = 0.00019529147, Final residual = 1.4762712e-05, No Iterations 2
smoothSolver:  Solving for Uy, Initial residual = 0.00057703728, Final residual = 3.1068058e-05, No Iterations 2
smoothSolver:  Solving for Uz, Initial residual = 0.00055313609, Final residual = 2.7071982e-05, No Iterations 2
GAMG:  Solving for p, Initial residual = 8.597165e-05, Final residual = 3.9950396e-07, No Iterations 3
GAMG:  Solving for p, Initial residual = 5.6831192e-06, Final residual = 4.8177101e-08, No Iterations 3
smoothSolver:  Solving for omega, Initial residual = 5.8720934e-31, Final residual = 5.8720934e-31, No Iterations 0
smoothSolver:  Solving for k, Initial residual = 8.9331251e-09, Final residual = 8.9331251e-09, No Iterations 0
smoothSolver:  Solving for Ux, Initial residual = 0.00020013981, Final residual = 1.7036644e-05, No Iterations 2
smoothSolver:  Solving for Uy, Initial residual = 0.00057866157, Final residual = 3.1177227e-05, No Iterations 2
smoothSolver:  Solving for Uz, Initial residual = 0.0006027351, Final residual = 5.1557902e-05, No Iterations 2
GAMG:  Solving for p, Initial residual = 8.5034757e-05, Final residual = 3.5947935e-07, No Iterations 3
GAMG:  Solving for p, Initial residual = 6.6672487e-06, Final residual = 3.8443913e-08, No Iterations 3
smoothSolver:  Solving for omega, Initial residual = 5.8720934e-31, Final residual = 5.8720934e-31, No Iterations 0
smoothSolver:  Solving for k, Initial residual = 8.9331251e-09, Final residual = 8.9331251e-09, No Iterations 0
smoothSolver:  Solving for Ux, Initial residual = 0.00020163436, Final residual = 1.7638145e-05, No Iterations 2
smoothSolver:  Solving for Uy, Initial residual = 0.00059061582, Final residual = 3.0100796e-05, No Iterations 2
smoothSolver:  Solving for Uz, Initial residual = 0.0005722165, Final residual = 2.892008e-05, No Iterations 2
GAMG:  Solving for p, Initial residual = 8.616074e-05, Final residual = 4.3524253e-07, No Iterations 3
GAMG:  Solving for p, Initial residual = 5.8391932e-06, Final residual = 4.6049657e-08, No Iterations 3
smoothSolver:  Solving for omega, Initial residual = 5.8720934e-31, Final residual = 5.8720934e-31, No Iterations 0
smoothSolver:  Solving for k, Initial residual = 8.9331251e-09, Final residual = 8.9331251e-09, No Iterations 0
smoothSolver:  Solving for Ux, Initial residual = 0.00020365061, Final residual = 1.5906208e-05, No Iterations 2
smoothSolver:  Solving for Uy, Initial residual = 0.00060302204, Final residual = 2.9177155e-05, No Iterations 2
smoothSolver:  Solving for Uz, Initial residual = 0.0006130687, Final residual = 4.6988874e-05, No Iterations 2
GAMG:  Solving for p, Initial residual = 8.3656579e-05, Final residual = 4.9023851e-07, No Iterations 3
GAMG:  Solving for p, Initial residual = 6.5305863e-06, Final residual = 5.4544306e-08, No Iterations 3
smoothSolver:  Solving for omega, Initial residual = 5.8720934e-31, Final residual = 5.8720934e-31, No Iterations 0
smoothSolver:  Solving for k, Initial residual = 8.9331251e-09, Final residual = 8.9331251e-09, No Iterations 0
smoothSolver:  Solving for Ux, Initial residual = 0.00020212851, Final residual = 1.9685804e-05, No Iterations 2
smoothSolver:  Solving for Uy, Initial residual = 0.00059564076, Final residual = 3.0845583e-05, No Iterations 2
smoothSolver:  Solving for Uz, Initial residual = 0.00058794703, Final residual = 3.7195617e-05, No Iterations 2
GAMG:  Solving for p, Initial residual = 8.5054476e-05, Final residual = 4.6994273e-07, No Iterations 3
GAMG:  Solving for p, Initial residual = 6.0007833e-06, Final residual = 4.6567524e-08, No Iterations 3
smoothSolver:  Solving for omega, Initial residual = 5.8720934e-31, Final residual = 5.8720934e-31, No Iterations 0
smoothSolver:  Solving for k, Initial residual = 8.9331251e-09, Final residual = 8.9331251e-09, No Iterations 0
smoothSolver:  Solving for Ux, Initial residual = 0.00019448119, Final residual = 1.2770745e-05, No Iterations 2
smoothSolver:  Solving for Uy, Initial residual = 0.00060229939, Final residual = 2.6943047e-05, No Iterations 2
smoothSolver:  Solving for Uz, Initial residual = 0.00058165529, Final residual = 3.8274883e-05, No Iterations 2
GAMG:  Solving for p, Initial residual = 8.9536153e-05, Final residual = 4.7906072e-07, No Iterations 3
GAMG:  Solving for p, Initial residual = 6.5738315e-06, Final residual = 4.4162032e-08, No Iterations 3
smoothSolver:  Solving for omega, Initial residual = 5.8720934e-31, Final residual = 5.8720934e-31, No Iterations 0
smoothSolver:  Solving for k, Initial residual = 8.9331251e-09, Final residual = 8.9331251e-09, No Iterations 0
smoothSolver:  Solving for Ux, Initial residual = 0.00020042948, Final residual = 1.9634879e-05, No Iterations 2
smoothSolver:  Solving for Uy, Initial residual = 0.00057989554, Final residual = 3.0837957e-05, No Iterations 2
smoothSolver:  Solving for Uz, Initial residual = 0.00059770062, Final residual = 3.8957431e-05, No Iterations 2
GAMG:  Solving for p, Initial residual = 8.6750282e-05, Final residual = 3.6431635e-07, No Iterations 3
GAMG:  Solving for p, Initial residual = 6.2618125e-06, Final residual = 3.5449612e-08, No Iterations 3
smoothSolver:  Solving for omega, Initial residual = 5.8720934e-31, Final residual = 5.8720934e-31, No Iterations 0
smoothSolver:  Solving for k, Initial residual = 8.9331251e-09, Final residual = 8.9331251e-09, No Iterations 0
smoothSolver:  Solving for Ux, Initial residual = 0.0001934953, Final residual = 1.1126176e-05, No Iterations 2
smoothSolver:  Solving for Uy, Initial residual = 0.00059423116, Final residual = 2.7698716e-05, No Iterations 2
smoothSolver:  Solving for Uz, Initial residual = 0.00056275708, Final residual = 3.5810559e-05, No Iterations 2
GAMG:  Solving for p, Initial residual = 8.8415977e-05, Final residual = 5.1990666e-07, No Iterations 3
GAMG:  Solving for p, Initial residual = 5.9835169e-06, Final residual = 5.0153332e-08, No Iterations 3
smoothSolver:  Solving for omega, Initial residual = 5.8720934e-31, Final residual = 5.8720934e-31, No Iterations 0
smoothSolver:  Solving for k, Initial residual = 8.9331251e-09, Final residual = 8.9331251e-09, No Iterations 0
smoothSolver:  Solving for Ux, Initial residual = 0.00020273834, Final residual = 1.8892251e-05, No Iterations 2
smoothSolver:  Solving for Uy, Initial residual = 0.00055624937, Final residual = 3.2520303e-05, No Iterations 2
smoothSolver:  Solving for Uz, Initial residual = 0.0005987317, Final residual = 4.4775395e-05, No Iterations 2
GAMG:  Solving for p, Initial residual = 8.857393e-05, Final residual = 3.509854e-07, No Iterations 3
GAMG:  Solving for p, Initial residual = 6.5693782e-06, Final residual = 7.2891631e-08, No Iterations 2
smoothSolver:  Solving for omega, Initial residual = 5.8720934e-31, Final residual = 5.8720934e-31, No Iterations 0
smoothSolver:  Solving for k, Initial residual = 8.9331251e-09, Final residual = 8.9331251e-09, No Iterations 0
smoothSolver:  Solving for Ux, Initial residual = 0.00019458766, Final residual = 1.3268089e-05, No Iterations 2
smoothSolver:  Solving for Uy, Initial residual = 0.00059122731, Final residual = 3.0873666e-05, No Iterations 2
smoothSolver:  Solving for Uz, Initial residual = 0.00056475485, Final residual = 3.038804e-05, No Iterations 2
GAMG:  Solving for p, Initial residual = 8.6223306e-05, Final residual = 4.2349621e-07, No Iterations 3
GAMG:  Solving for p, Initial residual = 5.7619712e-06, Final residual = 4.042552e-08, No Iterations 3
smoothSolver:  Solving for omega, Initial residual = 5.8720934e-31, Final residual = 5.8720934e-31, No Iterations 0
smoothSolver:  Solving for k, Initial residual = 8.9331251e-09, Final residual = 8.9331251e-09, No Iterations 0
smoothSolver:  Solving for Ux, Initial residual = 0.00020078193, Final residual = 1.7643265e-05, No Iterations 2
smoothSolver:  Solving for Uy, Initial residual = 0.00056729131, Final residual = 3.1132772e-05, No Iterations 2
smoothSolver:  Solving for Uz, Initial residual = 0.00060038937, Final residual = 4.9522225e-05, No Iterations 2
GAMG:  Solving for p, Initial residual = 8.5194849e-05, Final residual = 3.3365874e-07, No Iterations 3
GAMG:  Solving for p, Initial residual = 6.5307623e-06, Final residual = 9.1586497e-08, No Iterations 2
smoothSolver:  Solving for omega, Initial residual = 5.8720934e-31, Final residual = 5.8720934e-31, No Iterations 0
smoothSolver:  Solving for k, Initial residual = 8.9331251e-09, Final residual = 8.9331251e-09, No Iterations 0
smoothSolver:  Solving for Ux, Initial residual = 0.00019677939, Final residual = 1.6577325e-05, No Iterations 2
smoothSolver:  Solving for Uy, Initial residual = 0.00058678707, Final residual = 3.0270959e-05, No Iterations 2
smoothSolver:  Solving for Uz, Initial residual = 0.00056689199, Final residual = 2.611577e-05, No Iterations 2
GAMG:  Solving for p, Initial residual = 8.6183997e-05, Final residual = 3.9438205e-07, No Iterations 3
GAMG:  Solving for p, Initial residual = 5.7112727e-06, Final residual = 4.2356433e-08, No Iterations 3
smoothSolver:  Solving for omega, Initial residual = 5.8720934e-31, Final residual = 5.8720934e-31, No Iterations 0
smoothSolver:  Solving for k, Initial residual = 8.9331251e-09, Final residual = 8.9331251e-09, No Iterations 0
smoothSolver:  Solving for Ux, Initial residual = 0.00020347393, Final residual = 1.5992127e-05, No Iterations 2
smoothSolver:  Solving for Uy, Initial residual = 0.00059039603, Final residual = 2.8889041e-05, No Iterations 2
smoothSolver:  Solving for Uz, Initial residual = 0.00060373251, Final residual = 4.706379e-05, No Iterations 2
GAMG:  Solving for p, Initial residual = 8.3274744e-05, Final residual = 4.6775077e-07, No Iterations 3
GAMG:  Solving for p, Initial residual = 6.4617892e-06, Final residual = 5.3010904e-08, No Iterations 3
smoothSolver:  Solving for omega, Initial residual = 5.8720934e-31, Final residual = 5.8720934e-31, No Iterations 0
smoothSolver:  Solving for k, Initial residual = 8.9331251e-09, Final residual = 8.9331251e-09, No Iterations 0
smoothSolver:  Solving for Ux, Initial residual = 0.00020083349, Final residual = 1.8878594e-05, No Iterations 2
smoothSolver:  Solving for Uy, Initial residual = 0.00058639199, Final residual = 3.0899688e-05, No Iterations 2
smoothSolver:  Solving for Uz, Initial residual = 0.00056789962, Final residual = 3.3418358e-05, No Iterations 2
GAMG:  Solving for p, Initial residual = 8.4368179e-05, Final residual = 4.7508256e-07, No Iterations 3
GAMG:  Solving for p, Initial residual = 5.9887829e-06, Final residual = 4.8366936e-08, No Iterations 3
smoothSolver:  Solving for omega, Initial residual = 5.8720934e-31, Final residual = 5.8720934e-31, No Iterations 0
smoothSolver:  Solving for k, Initial residual = 8.9331251e-09, Final residual = 8.9331251e-09, No Iterations 0
smoothSolver:  Solving for Ux, Initial residual = 0.00019644105, Final residual = 1.3689226e-05, No Iterations 2
smoothSolver:  Solving for Uy, Initial residual = 0.00059849466, Final residual = 2.7583557e-05, No Iterations 2
smoothSolver:  Solving for Uz, Initial residual = 0.000580252, Final residual = 4.1141296e-05, No Iterations 2
GAMG:  Solving for p, Initial residual = 8.4562964e-05, Final residual = 4.7042042e-07, No Iterations 3
GAMG:  Solving for p, Initial residual = 6.1917513e-06, Final residual = 4.1054369e-08, No Iterations 3
smoothSolver:  Solving for omega, Initial residual = 5.8720934e-31, Final residual = 5.8720934e-31, No Iterations 0
smoothSolver:  Solving for k, Initial residual = 8.9331251e-09, Final residual = 8.9331251e-09, No Iterations 0
smoothSolver:  Solving for Ux, Initial residual = 0.00019584215, Final residual = 1.9329103e-05, No Iterations 2
smoothSolver:  Solving for Uy, Initial residual = 0.00055910062, Final residual = 3.0270684e-05, No Iterations 2
smoothSolver:  Solving for Uz, Initial residual = 0.00058147165, Final residual = 3.6655504e-05, No Iterations 2
GAMG:  Solving for p, Initial residual = 8.4520984e-05, Final residual = 3.4679249e-07, No Iterations 3
GAMG:  Solving for p, Initial residual = 6.04716e-06, Final residual = 9.4648242e-08, No Iterations 2
smoothSolver:  Solving for omega, Initial residual = 5.8720934e-31, Final residual = 5.8720934e-31, No Iterations 0
smoothSolver:  Solving for k, Initial residual = 8.9331251e-09, Final residual = 8.9331251e-09, No Iterations 0
smoothSolver:  Solving for Ux, Initial residual = 0.00018730455, Final residual = 1.0951631e-05, No Iterations 2
smoothSolver:  Solving for Uy, Initial residual = 0.00056744241, Final residual = 2.6770947e-05, No Iterations 2
smoothSolver:  Solving for Uz, Initial residual = 0.0005475852, Final residual = 3.5740669e-05, No Iterations 2
GAMG:  Solving for p, Initial residual = 8.8165795e-05, Final residual = 5.5608267e-07, No Iterations 3
GAMG:  Solving for p, Initial residual = 6.2199932e-06, Final residual = 5.9455324e-08, No Iterations 3
smoothSolver:  Solving for omega, Initial residual = 5.8720934e-31, Final residual = 5.8720934e-31, No Iterations 0
smoothSolver:  Solving for k, Initial residual = 8.9331251e-09, Final residual = 8.9331251e-09, No Iterations 0
smoothSolver:  Solving for Ux, Initial residual = 0.00019673853, Final residual = 1.9062618e-05, No Iterations 2
smoothSolver:  Solving for Uy, Initial residual = 0.00054903877, Final residual = 3.3049809e-05, No Iterations 2
smoothSolver:  Solving for Uz, Initial residual = 0.00058494025, Final residual = 4.3443688e-05, No Iterations 2
GAMG:  Solving for p, Initial residual = 8.7007793e-05, Final residual = 4.0058377e-07, No Iterations 3
GAMG:  Solving for p, Initial residual = 6.55814e-06, Final residual = 8.8462583e-08, No Iterations 2
smoothSolver:  Solving for omega, Initial residual = 5.8720934e-31, Final residual = 5.8720934e-31, No Iterations 0
smoothSolver:  Solving for k, Initial residual = 8.9331251e-09, Final residual = 8.9331251e-09, No Iterations 0
smoothSolver:  Solving for Ux, Initial residual = 0.00019202961, Final residual = 1.2452966e-05, No Iterations 2
smoothSolver:  Solving for Uy, Initial residual = 0.00058336865, Final residual = 2.9679454e-05, No Iterations 2
smoothSolver:  Solving for Uz, Initial residual = 0.00055687289, Final residual = 3.2866755e-05, No Iterations 2
GAMG:  Solving for p, Initial residual = 8.5113002e-05, Final residual = 4.5557124e-07, No Iterations 3
GAMG:  Solving for p, Initial residual = 5.7177286e-06, Final residual = 3.7914188e-08, No Iterations 3
smoothSolver:  Solving for omega, Initial residual = 5.8720934e-31, Final residual = 5.8720934e-31, No Iterations 0
smoothSolver:  Solving for k, Initial residual = 8.9331251e-09, Final residual = 8.9331251e-09, No Iterations 0
smoothSolver:  Solving for Ux, Initial residual = 0.00020520651, Final residual = 1.8461787e-05, No Iterations 2
smoothSolver:  Solving for Uy, Initial residual = 0.00055844506, Final residual = 3.0808738e-05, No Iterations 2
smoothSolver:  Solving for Uz, Initial residual = 0.00059778096, Final residual = 4.7711139e-05, No Iterations 2
GAMG:  Solving for p, Initial residual = 8.6125645e-05, Final residual = 3.1284616e-07, No Iterations 3
GAMG:  Solving for p, Initial residual = 6.6536104e-06, Final residual = 8.4545467e-08, No Iterations 2
smoothSolver:  Solving for omega, Initial residual = 5.8720934e-31, Final residual = 5.8720934e-31, No Iterations 0
smoothSolver:  Solving for k, Initial residual = 8.9331251e-09, Final residual = 8.9331251e-09, No Iterations 0
smoothSolver:  Solving for Ux, Initial residual = 0.00019879691, Final residual = 1.6560766e-05, No Iterations 2
smoothSolver:  Solving for Uy, Initial residual = 0.00058554158, Final residual = 3.1979831e-05, No Iterations 2
smoothSolver:  Solving for Uz, Initial residual = 0.00056335026, Final residual = 2.8028583e-05, No Iterations 2
GAMG:  Solving for p, Initial residual = 8.737425e-05, Final residual = 3.8647136e-07, No Iterations 3
GAMG:  Solving for p, Initial residual = 5.7657813e-06, Final residual = 9.8417229e-08, No Iterations 2
smoothSolver:  Solving for omega, Initial residual = 5.8720934e-31, Final residual = 5.8720934e-31, No Iterations 0
smoothSolver:  Solving for k, Initial residual = 8.9331251e-09, Final residual = 8.9331251e-09, No Iterations 0
smoothSolver:  Solving for Ux, Initial residual = 0.00020546608, Final residual = 1.6206095e-05, No Iterations 2
smoothSolver:  Solving for Uy, Initial residual = 0.00058388525, Final residual = 3.0932288e-05, No Iterations 2
smoothSolver:  Solving for Uz, Initial residual = 0.00060208731, Final residual = 4.9193555e-05, No Iterations 2
GAMG:  Solving for p, Initial residual = 8.3757343e-05, Final residual = 4.3522621e-07, No Iterations 3
GAMG:  Solving for p, Initial residual = 6.5281268e-06, Final residual = 5.1742656e-08, No Iterations 3
smoothSolver:  Solving for omega, Initial residual = 5.8720934e-31, Final residual = 5.8720934e-31, No Iterations 0
smoothSolver:  Solving for k, Initial residual = 8.9331251e-09, Final residual = 8.9331251e-09, No Iterations 0
smoothSolver:  Solving for Ux, Initial residual = 0.0002024723, Final residual = 1.8335258e-05, No Iterations 2
smoothSolver:  Solving for Uy, Initial residual = 0.00058511579, Final residual = 3.1242425e-05, No Iterations 2
smoothSolver:  Solving for Uz, Initial residual = 0.00056365452, Final residual = 3.0974954e-05, No Iterations 2
GAMG:  Solving for p, Initial residual = 8.3440394e-05, Final residual = 4.9424202e-07, No Iterations 3
GAMG:  Solving for p, Initial residual = 6.0011466e-06, Final residual = 5.1300561e-08, No Iterations 3
smoothSolver:  Solving for omega, Initial residual = 5.8720934e-31, Final residual = 5.8720934e-31, No Iterations 0
smoothSolver:  Solving for k, Initial residual = 8.9331251e-09, Final residual = 8.9331251e-09, No Iterations 0
smoothSolver:  Solving for Ux, Initial residual = 0.00020598463, Final residual = 1.5167343e-05, No Iterations 2
smoothSolver:  Solving for Uy, Initial residual = 0.00061596862, Final residual = 2.9115541e-05, No Iterations 2
smoothSolver:  Solving for Uz, Initial residual = 0.00059918175, Final residual = 4.4787433e-05, No Iterations 2
GAMG:  Solving for p, Initial residual = 8.383215e-05, Final residual = 4.9378469e-07, No Iterations 3
GAMG:  Solving for p, Initial residual = 6.4759003e-06, Final residual = 5.1084709e-08, No Iterations 3
smoothSolver:  Solving for omega, Initial residual = 5.8720934e-31, Final residual = 5.8720934e-31, No Iterations 0
smoothSolver:  Solving for k, Initial residual = 8.9331251e-09, Final residual = 8.9331251e-09, No Iterations 0
smoothSolver:  Solving for Ux, Initial residual = 0.00020349251, Final residual = 2.0292901e-05, No Iterations 2
smoothSolver:  Solving for Uy, Initial residual = 0.00058702808, Final residual = 3.0355147e-05, No Iterations 2
smoothSolver:  Solving for Uz, Initial residual = 0.00058058574, Final residual = 3.6373243e-05, No Iterations 2
GAMG:  Solving for p, Initial residual = 8.743802e-05, Final residual = 3.9637491e-07, No Iterations 3
GAMG:  Solving for p, Initial residual = 6.4976611e-06, Final residual = 4.4729301e-08, No Iterations 3
smoothSolver:  Solving for omega, Initial residual = 5.8720934e-31, Final residual = 5.8720934e-31, No Iterations 0
smoothSolver:  Solving for k, Initial residual = 8.9331251e-09, Final residual = 8.9331251e-09, No Iterations 0
smoothSolver:  Solving for Ux, Initial residual = 0.00019940993, Final residual = 1.202136e-05, No Iterations 2
smoothSolver:  Solving for Uy, Initial residual = 0.00060787511, Final residual = 2.904299e-05, No Iterations 2
smoothSolver:  Solving for Uz, Initial residual = 0.0005776256, Final residual = 4.0430232e-05, No Iterations 2
GAMG:  Solving for p, Initial residual = 9.4955603e-05, Final residual = 5.988096e-07, No Iterations 3
GAMG:  Solving for p, Initial residual = 6.9568223e-06, Final residual = 7.2458038e-08, No Iterations 3
smoothSolver:  Solving for omega, Initial residual = 5.8720934e-31, Final residual = 5.8720934e-31, No Iterations 0
smoothSolver:  Solving for k, Initial residual = 8.9331251e-09, Final residual = 8.9331251e-09, No Iterations 0
smoothSolver:  Solving for Ux, Initial residual = 0.00020518044, Final residual = 2.043157e-05, No Iterations 2
smoothSolver:  Solving for Uy, Initial residual = 0.00058106901, Final residual = 3.3178303e-05, No Iterations 2
smoothSolver:  Solving for Uz, Initial residual = 0.00061527318, Final residual = 4.3849652e-05, No Iterations 2
GAMG:  Solving for p, Initial residual = 8.8316703e-05, Final residual = 4.7785e-07, No Iterations 3
GAMG:  Solving for p, Initial residual = 6.7121677e-06, Final residual = 4.5818167e-08, No Iterations 3
smoothSolver:  Solving for omega, Initial residual = 5.8720934e-31, Final residual = 5.8720934e-31, No Iterations 0
smoothSolver:  Solving for k, Initial residual = 8.9331251e-09, Final residual = 8.9331251e-09, No Iterations 0
smoothSolver:  Solving for Ux, Initial residual = 0.00020156495, Final residual = 1.2893078e-05, No Iterations 2
smoothSolver:  Solving for Uy, Initial residual = 0.00060263406, Final residual = 3.1881405e-05, No Iterations 2
smoothSolver:  Solving for Uz, Initial residual = 0.00057291142, Final residual = 3.6535613e-05, No Iterations 2
GAMG:  Solving for p, Initial residual = 8.5592592e-05, Final residual = 5.1198186e-07, No Iterations 3
GAMG:  Solving for p, Initial residual = 5.8779063e-06, Final residual = 3.936604e-08, No Iterations 3
smoothSolver:  Solving for omega, Initial residual = 5.8720934e-31, Final residual = 5.8720934e-31, No Iterations 0
smoothSolver:  Solving for k, Initial residual = 8.9331251e-09, Final residual = 8.9331251e-09, No Iterations 0
smoothSolver:  Solving for Ux, Initial residual = 0.00020728054, Final residual = 1.9527668e-05, No Iterations 2
smoothSolver:  Solving for Uy, Initial residual = 0.00057794029, Final residual = 3.2577293e-05, No Iterations 2
smoothSolver:  Solving for Uz, Initial residual = 0.00061515528, Final residual = 5.0872657e-05, No Iterations 2
GAMG:  Solving for p, Initial residual = 8.7670255e-05, Final residual = 3.2442008e-07, No Iterations 3
GAMG:  Solving for p, Initial residual = 6.769499e-06, Final residual = 8.4733905e-08, No Iterations 2
smoothSolver:  Solving for omega, Initial residual = 5.8720934e-31, Final residual = 5.8720934e-31, No Iterations 0
smoothSolver:  Solving for k, Initial residual = 8.9331251e-09, Final residual = 8.9331251e-09, No Iterations 0
smoothSolver:  Solving for Ux, Initial residual = 0.00020196142, Final residual = 1.6340188e-05, No Iterations 2
smoothSolver:  Solving for Uy, Initial residual = 0.00060398168, Final residual = 3.3395116e-05, No Iterations 2
smoothSolver:  Solving for Uz, Initial residual = 0.00056799219, Final residual = 2.8727368e-05, No Iterations 2
GAMG:  Solving for p, Initial residual = 8.8925499e-05, Final residual = 4.0660477e-07, No Iterations 3
GAMG:  Solving for p, Initial residual = 5.7678361e-06, Final residual = 9.5059491e-08, No Iterations 2
smoothSolver:  Solving for omega, Initial residual = 5.8720934e-31, Final residual = 5.8720934e-31, No Iterations 0
smoothSolver:  Solving for k, Initial residual = 8.9331251e-09, Final residual = 8.9331251e-09, No Iterations 0
smoothSolver:  Solving for Ux, Initial residual = 0.00020769656, Final residual = 1.7277851e-05, No Iterations 2
smoothSolver:  Solving for Uy, Initial residual = 0.00059583203, Final residual = 3.2578699e-05, No Iterations 2
smoothSolver:  Solving for Uz, Initial residual = 0.0006257215, Final residual = 5.3778567e-05, No Iterations 2
GAMG:  Solving for p, Initial residual = 8.5172544e-05, Final residual = 3.9905569e-07, No Iterations 3
GAMG:  Solving for p, Initial residual = 6.533278e-06, Final residual = 4.9192461e-08, No Iterations 3
smoothSolver:  Solving for omega, Initial residual = 5.8720934e-31, Final residual = 5.8720934e-31, No Iterations 0
smoothSolver:  Solving for k, Initial residual = 8.9331251e-09, Final residual = 8.9331251e-09, No Iterations 0
smoothSolver:  Solving for Ux, Initial residual = 0.00020391035, Final residual = 1.7893735e-05, No Iterations 2
smoothSolver:  Solving for Uy, Initial residual = 0.00058814472, Final residual = 3.0103671e-05, No Iterations 2
smoothSolver:  Solving for Uz, Initial residual = 0.00057749469, Final residual = 3.0465904e-05, No Iterations 2
GAMG:  Solving for p, Initial residual = 8.6224349e-05, Final residual = 4.7347143e-07, No Iterations 3
GAMG:  Solving for p, Initial residual = 5.9741263e-06, Final residual = 4.8874404e-08, No Iterations 3
smoothSolver:  Solving for omega, Initial residual = 5.8720934e-31, Final residual = 5.8720934e-31, No Iterations 0
smoothSolver:  Solving for k, Initial residual = 8.9331251e-09, Final residual = 8.9331251e-09, No Iterations 0
smoothSolver:  Solving for Ux, Initial residual = 0.00020788273, Final residual = 1.5902486e-05, No Iterations 2
smoothSolver:  Solving for Uy, Initial residual = 0.00061242972, Final residual = 2.911737e-05, No Iterations 2
smoothSolver:  Solving for Uz, Initial residual = 0.00060998506, Final residual = 4.6482182e-05, No Iterations 2
GAMG:  Solving for p, Initial residual = 8.5599207e-05, Final residual = 4.8618282e-07, No Iterations 3
GAMG:  Solving for p, Initial residual = 6.5860195e-06, Final residual = 5.1465647e-08, No Iterations 3
smoothSolver:  Solving for omega, Initial residual = 5.8720934e-31, Final residual = 5.8720934e-31, No Iterations 0
smoothSolver:  Solving for k, Initial residual = 8.9331251e-09, Final residual = 8.9331251e-09, No Iterations 0
smoothSolver:  Solving for Ux, Initial residual = 0.00020934556, Final residual = 2.0879307e-05, No Iterations 2
smoothSolver:  Solving for Uy, Initial residual = 0.00059772277, Final residual = 2.9561381e-05, No Iterations 2
smoothSolver:  Solving for Uz, Initial residual = 0.00059266279, Final residual = 3.7595751e-05, No Iterations 2
GAMG:  Solving for p, Initial residual = 8.7294612e-05, Final residual = 4.6167883e-07, No Iterations 3
GAMG:  Solving for p, Initial residual = 6.4984555e-06, Final residual = 4.6234695e-08, No Iterations 3
smoothSolver:  Solving for omega, Initial residual = 5.8720934e-31, Final residual = 5.8720934e-31, No Iterations 0
smoothSolver:  Solving for k, Initial residual = 8.9331251e-09, Final residual = 8.9331251e-09, No Iterations 0
smoothSolver:  Solving for Ux, Initial residual = 0.00019825135, Final residual = 1.2673107e-05, No Iterations 2
smoothSolver:  Solving for Uy, Initial residual = 0.00060869271, Final residual = 2.803358e-05, No Iterations 2
smoothSolver:  Solving for Uz, Initial residual = 0.00058325615, Final residual = 3.9945218e-05, No Iterations 2
GAMG:  Solving for p, Initial residual = 9.7474126e-05, Final residual = 5.6160668e-07, No Iterations 3
GAMG:  Solving for p, Initial residual = 7.0424783e-06, Final residual = 6.81653e-08, No Iterations 3
smoothSolver:  Solving for omega, Initial residual = 5.8720934e-31, Final residual = 5.8720934e-31, No Iterations 0
smoothSolver:  Solving for k, Initial residual = 8.9331251e-09, Final residual = 8.9331251e-09, No Iterations 0
smoothSolver:  Solving for Ux, Initial residual = 0.00020605848, Final residual = 9.7928325e-06, No Iterations 3
smoothSolver:  Solving for Uy, Initial residual = 0.0005874207, Final residual = 3.2476848e-05, No Iterations 2
smoothSolver:  Solving for Uz, Initial residual = 0.00061630162, Final residual = 4.2629615e-05, No Iterations 2
GAMG:  Solving for p, Initial residual = 8.8554323e-05, Final residual = 4.5018136e-07, No Iterations 3
GAMG:  Solving for p, Initial residual = 6.6802607e-06, Final residual = 3.9608019e-08, No Iterations 3
smoothSolver:  Solving for omega, Initial residual = 5.8720934e-31, Final residual = 5.8720934e-31, No Iterations 0
smoothSolver:  Solving for k, Initial residual = 8.9331251e-09, Final residual = 8.9331251e-09, No Iterations 0
smoothSolver:  Solving for Ux, Initial residual = 0.00019298632, Final residual = 1.303666e-05, No Iterations 2
smoothSolver:  Solving for Uy, Initial residual = 0.00058783621, Final residual = 3.0466143e-05, No Iterations 2
smoothSolver:  Solving for Uz, Initial residual = 0.0005607553, Final residual = 3.4362456e-05, No Iterations 2
GAMG:  Solving for p, Initial residual = 8.5719049e-05, Final residual = 4.7560881e-07, No Iterations 3
GAMG:  Solving for p, Initial residual = 5.7486022e-06, Final residual = 3.554443e-08, No Iterations 3
smoothSolver:  Solving for omega, Initial residual = 5.8720934e-31, Final residual = 5.8720934e-31, No Iterations 0
smoothSolver:  Solving for k, Initial residual = 8.9331251e-09, Final residual = 8.9331251e-09, No Iterations 0
smoothSolver:  Solving for Ux, Initial residual = 0.00020040877, Final residual = 1.9127103e-05, No Iterations 2
smoothSolver:  Solving for Uy, Initial residual = 0.00056665078, Final residual = 3.3589438e-05, No Iterations 2
smoothSolver:  Solving for Uz, Initial residual = 0.00059814251, Final residual = 5.055618e-05, No Iterations 2
GAMG:  Solving for p, Initial residual = 8.6962053e-05, Final residual = 3.3207429e-07, No Iterations 3
GAMG:  Solving for p, Initial residual = 6.6600192e-06, Final residual = 8.5894091e-08, No Iterations 2
smoothSolver:  Solving for omega, Initial residual = 5.8720934e-31, Final residual = 5.8720934e-31, No Iterations 0
smoothSolver:  Solving for k, Initial residual = 8.9331251e-09, Final residual = 8.9331251e-09, No Iterations 0
smoothSolver:  Solving for Ux, Initial residual = 0.00019806874, Final residual = 1.6294213e-05, No Iterations 2
smoothSolver:  Solving for Uy, Initial residual = 0.00059286771, Final residual = 3.3138709e-05, No Iterations 2
smoothSolver:  Solving for Uz, Initial residual = 0.00055766777, Final residual = 2.8593814e-05, No Iterations 2
GAMG:  Solving for p, Initial residual = 8.8167988e-05, Final residual = 4.4526409e-07, No Iterations 3
GAMG:  Solving for p, Initial residual = 5.7153431e-06, Final residual = 4.5095781e-08, No Iterations 3
smoothSolver:  Solving for omega, Initial residual = 5.8720934e-31, Final residual = 5.8720934e-31, No Iterations 0
smoothSolver:  Solving for k, Initial residual = 8.9331251e-09, Final residual = 8.9331251e-09, No Iterations 0
smoothSolver:  Solving for Ux, Initial residual = 0.00020880556, Final residual = 1.7569376e-05, No Iterations 2
smoothSolver:  Solving for Uy, Initial residual = 0.00059555372, Final residual = 3.3247614e-05, No Iterations 2
smoothSolver:  Solving for Uz, Initial residual = 0.00062960208, Final residual = 5.3063496e-05, No Iterations 2
GAMG:  Solving for p, Initial residual = 8.6608829e-05, Final residual = 4.2318503e-07, No Iterations 3
GAMG:  Solving for p, Initial residual = 6.8108647e-06, Final residual = 5.1959899e-08, No Iterations 3
smoothSolver:  Solving for omega, Initial residual = 5.8720934e-31, Final residual = 5.8720934e-31, No Iterations 0
smoothSolver:  Solving for k, Initial residual = 8.9331251e-09, Final residual = 8.9331251e-09, No Iterations 0
smoothSolver:  Solving for Ux, Initial residual = 0.00020853794, Final residual = 1.8611035e-05, No Iterations 2
smoothSolver:  Solving for Uy, Initial residual = 0.00060470164, Final residual = 3.2091471e-05, No Iterations 2
smoothSolver:  Solving for Uz, Initial residual = 0.00057676321, Final residual = 3.0562069e-05, No Iterations 2
GAMG:  Solving for p, Initial residual = 8.9121862e-05, Final residual = 5.2795689e-07, No Iterations 3
GAMG:  Solving for p, Initial residual = 6.1991718e-06, Final residual = 5.4846665e-08, No Iterations 3
smoothSolver:  Solving for omega, Initial residual = 5.8720934e-31, Final residual = 5.8720934e-31, No Iterations 0
smoothSolver:  Solving for k, Initial residual = 8.9331251e-09, Final residual = 8.9331251e-09, No Iterations 0
smoothSolver:  Solving for Ux, Initial residual = 0.0002132549, Final residual = 1.6327444e-05, No Iterations 2
smoothSolver:  Solving for Uy, Initial residual = 0.00063628596, Final residual = 3.1169575e-05, No Iterations 2
smoothSolver:  Solving for Uz, Initial residual = 0.00062390126, Final residual = 4.8605788e-05, No Iterations 2
GAMG:  Solving for p, Initial residual = 8.6793097e-05, Final residual = 4.6219873e-07, No Iterations 3
GAMG:  Solving for p, Initial residual = 6.5648488e-06, Final residual = 4.8246846e-08, No Iterations 3
smoothSolver:  Solving for omega, Initial residual = 5.8720934e-31, Final residual = 5.8720934e-31, No Iterations 0
smoothSolver:  Solving for k, Initial residual = 8.9331251e-09, Final residual = 8.9331251e-09, No Iterations 0
smoothSolver:  Solving for Ux, Initial residual = 0.00020915223, Final residual = 2.0441206e-05, No Iterations 2
smoothSolver:  Solving for Uy, Initial residual = 0.00060257302, Final residual = 2.9071034e-05, No Iterations 2
smoothSolver:  Solving for Uz, Initial residual = 0.0006027376, Final residual = 3.6937467e-05, No Iterations 2
GAMG:  Solving for p, Initial residual = 8.6761715e-05, Final residual = 4.1615843e-07, No Iterations 3
GAMG:  Solving for p, Initial residual = 6.2112764e-06, Final residual = 4.153654e-08, No Iterations 3
smoothSolver:  Solving for omega, Initial residual = 5.8720934e-31, Final residual = 5.8720934e-31, No Iterations 0
smoothSolver:  Solving for k, Initial residual = 8.9331251e-09, Final residual = 8.9331251e-09, No Iterations 0
smoothSolver:  Solving for Ux, Initial residual = 0.00019419042, Final residual = 1.2239136e-05, No Iterations 2
smoothSolver:  Solving for Uy, Initial residual = 0.00059846137, Final residual = 2.7478239e-05, No Iterations 2
smoothSolver:  Solving for Uz, Initial residual = 0.00057577205, Final residual = 3.8649366e-05, No Iterations 2
GAMG:  Solving for p, Initial residual = 9.5205051e-05, Final residual = 6.04304e-07, No Iterations 3
GAMG:  Solving for p, Initial residual = 7.079548e-06, Final residual = 7.1871486e-08, No Iterations 3
smoothSolver:  Solving for omega, Initial residual = 5.8720934e-31, Final residual = 5.8720934e-31, No Iterations 0
smoothSolver:  Solving for k, Initial residual = 8.9331251e-09, Final residual = 8.9331251e-09, No Iterations 0
smoothSolver:  Solving for Ux, Initial residual = 0.00020342285, Final residual = 9.4738603e-06, No Iterations 3
smoothSolver:  Solving for Uy, Initial residual = 0.00058710446, Final residual = 3.2366893e-05, No Iterations 2
smoothSolver:  Solving for Uz, Initial residual = 0.00060990907, Final residual = 4.2864781e-05, No Iterations 2
GAMG:  Solving for p, Initial residual = 8.7174025e-05, Final residual = 4.1959931e-07, No Iterations 3
GAMG:  Solving for p, Initial residual = 6.4495598e-06, Final residual = 9.9925148e-08, No Iterations 2
smoothSolver:  Solving for omega, Initial residual = 5.8720934e-31, Final residual = 5.8720934e-31, No Iterations 0
smoothSolver:  Solving for k, Initial residual = 8.9331251e-09, Final residual = 8.9331251e-09, No Iterations 0
smoothSolver:  Solving for Ux, Initial residual = 0.00019004748, Final residual = 1.1824196e-05, No Iterations 2
smoothSolver:  Solving for Uy, Initial residual = 0.00059186687, Final residual = 2.8228801e-05, No Iterations 2
smoothSolver:  Solving for Uz, Initial residual = 0.00055074479, Final residual = 3.3168718e-05, No Iterations 2
GAMG:  Solving for p, Initial residual = 8.4799743e-05, Final residual = 4.61312e-07, No Iterations 3
GAMG:  Solving for p, Initial residual = 5.7533244e-06, Final residual = 3.2354786e-08, No Iterations 3
smoothSolver:  Solving for omega, Initial residual = 5.8720934e-31, Final residual = 5.8720934e-31, No Iterations 0
smoothSolver:  Solving for k, Initial residual = 8.9331251e-09, Final residual = 8.9331251e-09, No Iterations 0
smoothSolver:  Solving for Ux, Initial residual = 0.00019949905, Final residual = 1.8741705e-05, No Iterations 2
smoothSolver:  Solving for Uy, Initial residual = 0.00055835089, Final residual = 3.1962825e-05, No Iterations 2
smoothSolver:  Solving for Uz, Initial residual = 0.00059317224, Final residual = 4.7669773e-05, No Iterations 2
GAMG:  Solving for p, Initial residual = 8.5329525e-05, Final residual = 3.3469179e-07, No Iterations 3
GAMG:  Solving for p, Initial residual = 6.5538378e-06, Final residual = 9.0875584e-08, No Iterations 2
smoothSolver:  Solving for omega, Initial residual = 5.8720934e-31, Final residual = 5.8720934e-31, No Iterations 0
smoothSolver:  Solving for k, Initial residual = 8.9331251e-09, Final residual = 8.9331251e-09, No Iterations 0
smoothSolver:  Solving for Ux, Initial residual = 0.00019146979, Final residual = 1.4796518e-05, No Iterations 2
smoothSolver:  Solving for Uy, Initial residual = 0.00057828937, Final residual = 3.1420363e-05, No Iterations 2
smoothSolver:  Solving for Uz, Initial residual = 0.00055039137, Final residual = 2.8299508e-05, No Iterations 2
GAMG:  Solving for p, Initial residual = 8.4633789e-05, Final residual = 4.3934055e-07, No Iterations 3
GAMG:  Solving for p, Initial residual = 5.5007967e-06, Final residual = 4.2410574e-08, No Iterations 3
smoothSolver:  Solving for omega, Initial residual = 5.8720934e-31, Final residual = 5.8720934e-31, No Iterations 0
smoothSolver:  Solving for k, Initial residual = 8.9331251e-09, Final residual = 8.9331251e-09, No Iterations 0
smoothSolver:  Solving for Ux, Initial residual = 0.0001997622, Final residual = 1.7054637e-05, No Iterations 2
smoothSolver:  Solving for Uy, Initial residual = 0.00056477923, Final residual = 3.0963864e-05, No Iterations 2
smoothSolver:  Solving for Uz, Initial residual = 0.00059729464, Final residual = 5.0697277e-05, No Iterations 2
GAMG:  Solving for p, Initial residual = 8.2324899e-05, Final residual = 3.7126306e-07, No Iterations 3
GAMG:  Solving for p, Initial residual = 6.4435739e-06, Final residual = 4.6278514e-08, No Iterations 3
smoothSolver:  Solving for omega, Initial residual = 5.8720934e-31, Final residual = 5.8720934e-31, No Iterations 0
smoothSolver:  Solving for k, Initial residual = 8.9331251e-09, Final residual = 8.9331251e-09, No Iterations 0
smoothSolver:  Solving for Ux, Initial residual = 0.00019700705, Final residual = 1.7421696e-05, No Iterations 2
smoothSolver:  Solving for Uy, Initial residual = 0.00057099051, Final residual = 2.9751179e-05, No Iterations 2
smoothSolver:  Solving for Uz, Initial residual = 0.00055484473, Final residual = 2.9247679e-05, No Iterations 2
GAMG:  Solving for p, Initial residual = 8.4517428e-05, Final residual = 4.7630083e-07, No Iterations 3
GAMG:  Solving for p, Initial residual = 5.8476642e-06, Final residual = 5.1866207e-08, No Iterations 3
smoothSolver:  Solving for omega, Initial residual = 5.8720934e-31, Final residual = 5.8720934e-31, No Iterations 0
smoothSolver:  Solving for k, Initial residual = 8.9331251e-09, Final residual = 8.9331251e-09, No Iterations 0
smoothSolver:  Solving for Ux, Initial residual = 0.00020559468, Final residual = 1.6152571e-05, No Iterations 2
smoothSolver:  Solving for Uy, Initial residual = 0.00060777918, Final residual = 2.8224217e-05, No Iterations 2
smoothSolver:  Solving for Uz, Initial residual = 0.00060450729, Final residual = 4.6468196e-05, No Iterations 2
GAMG:  Solving for p, Initial residual = 8.4382076e-05, Final residual = 4.5140266e-07, No Iterations 3
GAMG:  Solving for p, Initial residual = 6.7009107e-06, Final residual = 4.7403667e-08, No Iterations 3
smoothSolver:  Solving for omega, Initial residual = 5.8720934e-31, Final residual = 5.8720934e-31, No Iterations 0
smoothSolver:  Solving for k, Initial residual = 8.9331251e-09, Final residual = 8.9331251e-09, No Iterations 0
smoothSolver:  Solving for Ux, Initial residual = 0.00020656728, Final residual = 2.0195074e-05, No Iterations 2
smoothSolver:  Solving for Uy, Initial residual = 0.00060136412, Final residual = 3.1391084e-05, No Iterations 2
smoothSolver:  Solving for Uz, Initial residual = 0.00059518192, Final residual = 3.6517193e-05, No Iterations 2
GAMG:  Solving for p, Initial residual = 8.5762191e-05, Final residual = 4.026195e-07, No Iterations 3
GAMG:  Solving for p, Initial residual = 6.2327372e-06, Final residual = 4.2457654e-08, No Iterations 3
smoothSolver:  Solving for omega, Initial residual = 5.8720934e-31, Final residual = 5.8720934e-31, No Iterations 0
smoothSolver:  Solving for k, Initial residual = 8.9331251e-09, Final residual = 8.9331251e-09, No Iterations 0
smoothSolver:  Solving for Ux, Initial residual = 0.00019435848, Final residual = 1.2070241e-05, No Iterations 2
smoothSolver:  Solving for Uy, Initial residual = 0.00060766205, Final residual = 2.7481816e-05, No Iterations 2
smoothSolver:  Solving for Uz, Initial residual = 0.00057744587, Final residual = 3.9470638e-05, No Iterations 2
GAMG:  Solving for p, Initial residual = 9.0552323e-05, Final residual = 5.5421442e-07, No Iterations 3
GAMG:  Solving for p, Initial residual = 6.5975966e-06, Final residual = 6.0190044e-08, No Iterations 3
smoothSolver:  Solving for omega, Initial residual = 5.8720934e-31, Final residual = 5.8720934e-31, No Iterations 0
smoothSolver:  Solving for k, Initial residual = 8.9331251e-09, Final residual = 8.9331251e-09, No Iterations 0
smoothSolver:  Solving for Ux, Initial residual = 0.00019751534, Final residual = 9.1247828e-06, No Iterations 3
smoothSolver:  Solving for Uy, Initial residual = 0.00056772825, Final residual = 3.0749199e-05, No Iterations 2
smoothSolver:  Solving for Uz, Initial residual = 0.0005956223, Final residual = 4.019177e-05, No Iterations 2
GAMG:  Solving for p, Initial residual = 8.5584241e-05, Final residual = 4.2036554e-07, No Iterations 3
GAMG:  Solving for p, Initial residual = 6.1520081e-06, Final residual = 3.8654261e-08, No Iterations 3
smoothSolver:  Solving for omega, Initial residual = 5.8720934e-31, Final residual = 5.8720934e-31, No Iterations 0
smoothSolver:  Solving for k, Initial residual = 8.9331251e-09, Final residual = 8.9331251e-09, No Iterations 0
smoothSolver:  Solving for Ux, Initial residual = 0.00018785567, Final residual = 1.0819667e-05, No Iterations 2
smoothSolver:  Solving for Uy, Initial residual = 0.00057999331, Final residual = 2.7228948e-05, No Iterations 2
smoothSolver:  Solving for Uz, Initial residual = 0.00055295016, Final residual = 3.4043308e-05, No Iterations 2
GAMG:  Solving for p, Initial residual = 8.743999e-05, Final residual = 5.0405739e-07, No Iterations 3
GAMG:  Solving for p, Initial residual = 6.0739853e-06, Final residual = 4.1168122e-08, No Iterations 3
smoothSolver:  Solving for omega, Initial residual = 5.8720934e-31, Final residual = 5.8720934e-31, No Iterations 0
smoothSolver:  Solving for k, Initial residual = 8.9331251e-09, Final residual = 8.9331251e-09, No Iterations 0
smoothSolver:  Solving for Ux, Initial residual = 0.00019975025, Final residual = 1.8521747e-05, No Iterations 2
smoothSolver:  Solving for Uy, Initial residual = 0.00056201666, Final residual = 3.295837e-05, No Iterations 2
smoothSolver:  Solving for Uz, Initial residual = 0.00059310538, Final residual = 4.5148433e-05, No Iterations 2
GAMG:  Solving for p, Initial residual = 8.7669954e-05, Final residual = 3.3017042e-07, No Iterations 3
GAMG:  Solving for p, Initial residual = 6.5895736e-06, Final residual = 8.6477612e-08, No Iterations 2
smoothSolver:  Solving for omega, Initial residual = 5.8720934e-31, Final residual = 5.8720934e-31, No Iterations 0
smoothSolver:  Solving for k, Initial residual = 8.9331251e-09, Final residual = 8.9331251e-09, No Iterations 0
smoothSolver:  Solving for Ux, Initial residual = 0.00019163313, Final residual = 1.3524457e-05, No Iterations 2
smoothSolver:  Solving for Uy, Initial residual = 0.000591612, Final residual = 3.0955745e-05, No Iterations 2
smoothSolver:  Solving for Uz, Initial residual = 0.00055879738, Final residual = 3.0734309e-05, No Iterations 2
GAMG:  Solving for p, Initial residual = 8.5185279e-05, Final residual = 4.3237009e-07, No Iterations 3
GAMG:  Solving for p, Initial residual = 5.6414725e-06, Final residual = 9.760315e-08, No Iterations 2
smoothSolver:  Solving for omega, Initial residual = 5.8720934e-31, Final residual = 5.8720934e-31, No Iterations 0
smoothSolver:  Solving for k, Initial residual = 8.9331251e-09, Final residual = 8.9331251e-09, No Iterations 0
smoothSolver:  Solving for Ux, Initial residual = 0.00020258189, Final residual = 1.7947184e-05, No Iterations 2
smoothSolver:  Solving for Uy, Initial residual = 0.00056543584, Final residual = 3.0452788e-05, No Iterations 2
smoothSolver:  Solving for Uz, Initial residual = 0.00060028742, Final residual = 4.9246464e-05, No Iterations 2
GAMG:  Solving for p, Initial residual = 8.3639014e-05, Final residual = 3.508321e-07, No Iterations 3
GAMG:  Solving for p, Initial residual = 6.5333599e-06, Final residual = 4.2575238e-08, No Iterations 3
smoothSolver:  Solving for omega, Initial residual = 5.8720934e-31, Final residual = 5.8720934e-31, No Iterations 0
smoothSolver:  Solving for k, Initial residual = 8.9331251e-09, Final residual = 8.9331251e-09, No Iterations 0
smoothSolver:  Solving for Ux, Initial residual = 0.00019660253, Final residual = 1.7105367e-05, No Iterations 2
smoothSolver:  Solving for Uy, Initial residual = 0.00057738619, Final residual = 3.1000869e-05, No Iterations 2
smoothSolver:  Solving for Uz, Initial residual = 0.00055376577, Final residual = 2.5678489e-05, No Iterations 2
GAMG:  Solving for p, Initial residual = 8.4774128e-05, Final residual = 4.2792207e-07, No Iterations 3
GAMG:  Solving for p, Initial residual = 5.8495402e-06, Final residual = 4.8970376e-08, No Iterations 3
smoothSolver:  Solving for omega, Initial residual = 5.8720934e-31, Final residual = 5.8720934e-31, No Iterations 0
smoothSolver:  Solving for k, Initial residual = 8.9331251e-09, Final residual = 8.9331251e-09, No Iterations 0
smoothSolver:  Solving for Ux, Initial residual = 0.00020258733, Final residual = 1.5633779e-05, No Iterations 2
smoothSolver:  Solving for Uy, Initial residual = 0.00058663882, Final residual = 2.8519417e-05, No Iterations 2
smoothSolver:  Solving for Uz, Initial residual = 0.00058871101, Final residual = 4.8025997e-05, No Iterations 2
GAMG:  Solving for p, Initial residual = 8.2685752e-05, Final residual = 4.139368e-07, No Iterations 3
GAMG:  Solving for p, Initial residual = 6.3578755e-06, Final residual = 4.3937113e-08, No Iterations 3
smoothSolver:  Solving for omega, Initial residual = 5.8720934e-31, Final residual = 5.8720934e-31, No Iterations 0
smoothSolver:  Solving for k, Initial residual = 8.9331251e-09, Final residual = 8.9331251e-09, No Iterations 0
smoothSolver:  Solving for Ux, Initial residual = 0.00020091426, Final residual = 1.881236e-05, No Iterations 2
smoothSolver:  Solving for Uy, Initial residual = 0.00057113634, Final residual = 2.8704557e-05, No Iterations 2
smoothSolver:  Solving for Uz, Initial residual = 0.00057066539, Final residual = 3.2287358e-05, No Iterations 2
GAMG:  Solving for p, Initial residual = 8.3205031e-05, Final residual = 3.7129767e-07, No Iterations 3
GAMG:  Solving for p, Initial residual = 5.9950166e-06, Final residual = 3.913395e-08, No Iterations 3
smoothSolver:  Solving for omega, Initial residual = 5.8720934e-31, Final residual = 5.8720934e-31, No Iterations 0
smoothSolver:  Solving for k, Initial residual = 8.9331251e-09, Final residual = 8.9331251e-09, No Iterations 0
smoothSolver:  Solving for Ux, Initial residual = 0.00019183694, Final residual = 1.316263e-05, No Iterations 2
smoothSolver:  Solving for Uy, Initial residual = 0.00058351207, Final residual = 2.6803793e-05, No Iterations 2
smoothSolver:  Solving for Uz, Initial residual = 0.00056734302, Final residual = 3.9677231e-05, No Iterations 2
GAMG:  Solving for p, Initial residual = 8.3916294e-05, Final residual = 5.6561836e-07, No Iterations 3
GAMG:  Solving for p, Initial residual = 6.3883551e-06, Final residual = 6.0084702e-08, No Iterations 3
smoothSolver:  Solving for omega, Initial residual = 5.8720934e-31, Final residual = 5.8720934e-31, No Iterations 0
smoothSolver:  Solving for k, Initial residual = 8.9331251e-09, Final residual = 8.9331251e-09, No Iterations 0
smoothSolver:  Solving for Ux, Initial residual = 0.00019478009, Final residual = 9.2785438e-06, No Iterations 3
smoothSolver:  Solving for Uy, Initial residual = 0.00056522264, Final residual = 3.1870115e-05, No Iterations 2
smoothSolver:  Solving for Uz, Initial residual = 0.0005735497, Final residual = 4.0195436e-05, No Iterations 2
GAMG:  Solving for p, Initial residual = 8.2750838e-05, Final residual = 4.5066244e-07, No Iterations 3
GAMG:  Solving for p, Initial residual = 6.0990646e-06, Final residual = 4.3141624e-08, No Iterations 3
smoothSolver:  Solving for omega, Initial residual = 5.8720934e-31, Final residual = 5.8720934e-31, No Iterations 0
smoothSolver:  Solving for k, Initial residual = 8.9331251e-09, Final residual = 8.9331251e-09, No Iterations 0
smoothSolver:  Solving for Ux, Initial residual = 0.00018411628, Final residual = 1.0573887e-05, No Iterations 2
smoothSolver:  Solving for Uy, Initial residual = 0.00057160553, Final residual = 2.6879275e-05, No Iterations 2
smoothSolver:  Solving for Uz, Initial residual = 0.0005393353, Final residual = 3.5010561e-05, No Iterations 2
GAMG:  Solving for p, Initial residual = 8.678286e-05, Final residual = 4.7630471e-07, No Iterations 3
GAMG:  Solving for p, Initial residual = 6.0041242e-06, Final residual = 3.8747608e-08, No Iterations 3
smoothSolver:  Solving for omega, Initial residual = 5.8720934e-31, Final residual = 5.8720934e-31, No Iterations 0
smoothSolver:  Solving for k, Initial residual = 8.9331251e-09, Final residual = 8.9331251e-09, No Iterations 0
smoothSolver:  Solving for Ux, Initial residual = 0.00019469233, Final residual = 1.864377e-05, No Iterations 2
smoothSolver:  Solving for Uy, Initial residual = 0.00053959912, Final residual = 3.0203571e-05, No Iterations 2
smoothSolver:  Solving for Uz, Initial residual = 0.00057343763, Final residual = 4.2411382e-05, No Iterations 2
GAMG:  Solving for p, Initial residual = 8.5539758e-05, Final residual = 3.3970569e-07, No Iterations 3
GAMG:  Solving for p, Initial residual = 6.4993624e-06, Final residual = 8.3109136e-08, No Iterations 2
smoothSolver:  Solving for omega, Initial residual = 5.8720934e-31, Final residual = 5.8720934e-31, No Iterations 0
smoothSolver:  Solving for k, Initial residual = 8.9331251e-09, Final residual = 8.9331251e-09, No Iterations 0
smoothSolver:  Solving for Ux, Initial residual = 0.00018933854, Final residual = 1.3152364e-05, No Iterations 2
smoothSolver:  Solving for Uy, Initial residual = 0.0005650168, Final residual = 2.9825491e-05, No Iterations 2
smoothSolver:  Solving for Uz, Initial residual = 0.00054765041, Final residual = 3.2094112e-05, No Iterations 2
GAMG:  Solving for p, Initial residual = 8.3144902e-05, Final residual = 4.5553179e-07, No Iterations 3
GAMG:  Solving for p, Initial residual = 5.6556663e-06, Final residual = 3.7033647e-08, No Iterations 3
smoothSolver:  Solving for omega, Initial residual = 5.8720934e-31, Final residual = 5.8720934e-31, No Iterations 0
smoothSolver:  Solving for k, Initial residual = 8.9331251e-09, Final residual = 8.9331251e-09, No Iterations 0
smoothSolver:  Solving for Ux, Initial residual = 0.0002014093, Final residual = 1.8356223e-05, No Iterations 2
smoothSolver:  Solving for Uy, Initial residual = 0.00054975559, Final residual = 3.1264027e-05, No Iterations 2
smoothSolver:  Solving for Uz, Initial residual = 0.00058969373, Final residual = 4.8920442e-05, No Iterations 2
GAMG:  Solving for p, Initial residual = 8.4521585e-05, Final residual = 3.1663345e-07, No Iterations 3
GAMG:  Solving for p, Initial residual = 6.5448079e-06, Final residual = 9.1563065e-08, No Iterations 2
smoothSolver:  Solving for omega, Initial residual = 5.8720934e-31, Final residual = 5.8720934e-31, No Iterations 0
smoothSolver:  Solving for k, Initial residual = 8.9331251e-09, Final residual = 8.9331251e-09, No Iterations 0
smoothSolver:  Solving for Ux, Initial residual = 0.00019306151, Final residual = 1.6069916e-05, No Iterations 2
smoothSolver:  Solving for Uy, Initial residual = 0.00056963884, Final residual = 3.0507035e-05, No Iterations 2
smoothSolver:  Solving for Uz, Initial residual = 0.00055055421, Final residual = 2.6063854e-05, No Iterations 2
GAMG:  Solving for p, Initial residual = 8.5168448e-05, Final residual = 3.9811729e-07, No Iterations 3
GAMG:  Solving for p, Initial residual = 5.7718589e-06, Final residual = 4.6889548e-08, No Iterations 3
smoothSolver:  Solving for omega, Initial residual = 5.8720934e-31, Final residual = 5.8720934e-31, No Iterations 0
smoothSolver:  Solving for k, Initial residual = 8.9331251e-09, Final residual = 8.9331251e-09, No Iterations 0
smoothSolver:  Solving for Ux, Initial residual = 0.00020501274, Final residual = 1.5850264e-05, No Iterations 2
smoothSolver:  Solving for Uy, Initial residual = 0.00058517382, Final residual = 2.9594443e-05, No Iterations 2
smoothSolver:  Solving for Uz, Initial residual = 0.00059765782, Final residual = 4.9378982e-05, No Iterations 2
GAMG:  Solving for p, Initial residual = 8.2889926e-05, Final residual = 4.1434618e-07, No Iterations 3
GAMG:  Solving for p, Initial residual = 6.6820524e-06, Final residual = 4.6946857e-08, No Iterations 3
smoothSolver:  Solving for omega, Initial residual = 5.8720934e-31, Final residual = 5.8720934e-31, No Iterations 0
smoothSolver:  Solving for k, Initial residual = 8.9331251e-09, Final residual = 8.9331251e-09, No Iterations 0
smoothSolver:  Solving for Ux, Initial residual = 0.0002058753, Final residual = 1.9649704e-05, No Iterations 2
smoothSolver:  Solving for Uy, Initial residual = 0.00059048403, Final residual = 3.1905375e-05, No Iterations 2
smoothSolver:  Solving for Uz, Initial residual = 0.00057261952, Final residual = 3.1188939e-05, No Iterations 2
GAMG:  Solving for p, Initial residual = 8.4184782e-05, Final residual = 4.1348483e-07, No Iterations 3
GAMG:  Solving for p, Initial residual = 6.1784104e-06, Final residual = 4.4929977e-08, No Iterations 3
smoothSolver:  Solving for omega, Initial residual = 5.8720934e-31, Final residual = 5.8720934e-31, No Iterations 0
smoothSolver:  Solving for k, Initial residual = 8.9331251e-09, Final residual = 8.9331251e-09, No Iterations 0
smoothSolver:  Solving for Ux, Initial residual = 0.000201861, Final residual = 1.386886e-05, No Iterations 2
smoothSolver:  Solving for Uy, Initial residual = 0.00060621654, Final residual = 2.9833947e-05, No Iterations 2
smoothSolver:  Solving for Uz, Initial residual = 0.00059243646, Final residual = 4.4552383e-05, No Iterations 2
GAMG:  Solving for p, Initial residual = 8.4651837e-05, Final residual = 5.3960282e-07, No Iterations 3
GAMG:  Solving for p, Initial residual = 6.3772586e-06, Final residual = 5.7165078e-08, No Iterations 3
smoothSolver:  Solving for omega, Initial residual = 5.8720934e-31, Final residual = 5.8720934e-31, No Iterations 0
smoothSolver:  Solving for k, Initial residual = 8.9331251e-09, Final residual = 8.9331251e-09, No Iterations 0
smoothSolver:  Solving for Ux, Initial residual = 0.00020193287, Final residual = 9.430361e-06, No Iterations 3
smoothSolver:  Solving for Uy, Initial residual = 0.00057102668, Final residual = 2.9562579e-05, No Iterations 2
smoothSolver:  Solving for Uz, Initial residual = 0.00058019954, Final residual = 3.8074904e-05, No Iterations 2
GAMG:  Solving for p, Initial residual = 8.4409162e-05, Final residual = 4.8890496e-07, No Iterations 3
GAMG:  Solving for p, Initial residual = 6.2322126e-06, Final residual = 4.7566683e-08, No Iterations 3
smoothSolver:  Solving for omega, Initial residual = 5.8720934e-31, Final residual = 5.8720934e-31, No Iterations 0
smoothSolver:  Solving for k, Initial residual = 8.9331251e-09, Final residual = 8.9331251e-09, No Iterations 0
smoothSolver:  Solving for Ux, Initial residual = 0.00019387881, Final residual = 1.2220773e-05, No Iterations 2
smoothSolver:  Solving for Uy, Initial residual = 0.00057990946, Final residual = 2.7957429e-05, No Iterations 2
smoothSolver:  Solving for Uz, Initial residual = 0.00055724334, Final residual = 3.8075343e-05, No Iterations 2
GAMG:  Solving for p, Initial residual = 8.7723808e-05, Final residual = 5.2480552e-07, No Iterations 3
GAMG:  Solving for p, Initial residual = 6.3810871e-06, Final residual = 5.4321653e-08, No Iterations 3
smoothSolver:  Solving for omega, Initial residual = 5.8720934e-31, Final residual = 5.8720934e-31, No Iterations 0
smoothSolver:  Solving for k, Initial residual = 8.9331251e-09, Final residual = 8.9331251e-09, No Iterations 0
smoothSolver:  Solving for Ux, Initial residual = 0.00019954223, Final residual = 1.9685282e-05, No Iterations 2
smoothSolver:  Solving for Uy, Initial residual = 0.00056840952, Final residual = 3.2325274e-05, No Iterations 2
smoothSolver:  Solving for Uz, Initial residual = 0.00059160018, Final residual = 4.3385962e-05, No Iterations 2
GAMG:  Solving for p, Initial residual = 8.6442004e-05, Final residual = 3.9111141e-07, No Iterations 3
GAMG:  Solving for p, Initial residual = 6.6960153e-06, Final residual = 9.7175457e-08, No Iterations 2
smoothSolver:  Solving for omega, Initial residual = 5.8720934e-31, Final residual = 5.8720934e-31, No Iterations 0
smoothSolver:  Solving for k, Initial residual = 8.9331251e-09, Final residual = 8.9331251e-09, No Iterations 0
smoothSolver:  Solving for Ux, Initial residual = 0.00019453116, Final residual = 1.3064771e-05, No Iterations 2
smoothSolver:  Solving for Uy, Initial residual = 0.00058720772, Final residual = 3.116988e-05, No Iterations 2
smoothSolver:  Solving for Uz, Initial residual = 0.0005538814, Final residual = 3.4541456e-05, No Iterations 2
GAMG:  Solving for p, Initial residual = 8.4391089e-05, Final residual = 4.6213686e-07, No Iterations 3
GAMG:  Solving for p, Initial residual = 5.6968683e-06, Final residual = 3.5579222e-08, No Iterations 3
smoothSolver:  Solving for omega, Initial residual = 5.8720934e-31, Final residual = 5.8720934e-31, No Iterations 0
smoothSolver:  Solving for k, Initial residual = 8.9331251e-09, Final residual = 8.9331251e-09, No Iterations 0
smoothSolver:  Solving for Ux, Initial residual = 0.00020517144, Final residual = 1.9217401e-05, No Iterations 2
smoothSolver:  Solving for Uy, Initial residual = 0.00056533234, Final residual = 3.2283832e-05, No Iterations 2
smoothSolver:  Solving for Uz, Initial residual = 0.00061389493, Final residual = 5.0351912e-05, No Iterations 2
GAMG:  Solving for p, Initial residual = 8.5871309e-05, Final residual = 3.2610389e-07, No Iterations 3
GAMG:  Solving for p, Initial residual = 6.7030422e-06, Final residual = 3.9565777e-08, No Iterations 3
smoothSolver:  Solving for omega, Initial residual = 5.8720934e-31, Final residual = 5.8720934e-31, No Iterations 0
smoothSolver:  Solving for k, Initial residual = 8.9331251e-09, Final residual = 8.9331251e-09, No Iterations 0
smoothSolver:  Solving for Ux, Initial residual = 0.00020033216, Final residual = 1.7005193e-05, No Iterations 2
smoothSolver:  Solving for Uy, Initial residual = 0.00059265661, Final residual = 3.2915479e-05, No Iterations 2
smoothSolver:  Solving for Uz, Initial residual = 0.00056285624, Final residual = 2.5797991e-05, No Iterations 2
GAMG:  Solving for p, Initial residual = 8.7093007e-05, Final residual = 4.0006102e-07, No Iterations 3
GAMG:  Solving for p, Initial residual = 5.8538226e-06, Final residual = 4.7967124e-08, No Iterations 3
smoothSolver:  Solving for omega, Initial residual = 5.8720934e-31, Final residual = 5.8720934e-31, No Iterations 0
smoothSolver:  Solving for k, Initial residual = 8.9331251e-09, Final residual = 8.9331251e-09, No Iterations 0
smoothSolver:  Solving for Ux, Initial residual = 0.00020763377, Final residual = 1.6198065e-05, No Iterations 2
smoothSolver:  Solving for Uy, Initial residual = 0.00059510114, Final residual = 3.2437686e-05, No Iterations 2
smoothSolver:  Solving for Uz, Initial residual = 0.00061409694, Final residual = 5.3373187e-05, No Iterations 2
GAMG:  Solving for p, Initial residual = 8.4176402e-05, Final residual = 3.6841735e-07, No Iterations 3
GAMG:  Solving for p, Initial residual = 6.4860936e-06, Final residual = 4.2189358e-08, No Iterations 3
smoothSolver:  Solving for omega, Initial residual = 5.8720934e-31, Final residual = 5.8720934e-31, No Iterations 0
smoothSolver:  Solving for k, Initial residual = 8.9331251e-09, Final residual = 8.9331251e-09, No Iterations 0
smoothSolver:  Solving for Ux, Initial residual = 0.00020414458, Final residual = 1.8348161e-05, No Iterations 2
smoothSolver:  Solving for Uy, Initial residual = 0.0005769771, Final residual = 2.8199238e-05, No Iterations 2
smoothSolver:  Solving for Uz, Initial residual = 0.00057302329, Final residual = 2.8907548e-05, No Iterations 2
GAMG:  Solving for p, Initial residual = 8.4859078e-05, Final residual = 3.9779696e-07, No Iterations 3
GAMG:  Solving for p, Initial residual = 5.8697976e-06, Final residual = 4.0665263e-08, No Iterations 3
smoothSolver:  Solving for omega, Initial residual = 5.8720934e-31, Final residual = 5.8720934e-31, No Iterations 0
smoothSolver:  Solving for k, Initial residual = 8.9331251e-09, Final residual = 8.9331251e-09, No Iterations 0
smoothSolver:  Solving for Ux, Initial residual = 0.00019971005, Final residual = 1.4771797e-05, No Iterations 2
smoothSolver:  Solving for Uy, Initial residual = 0.00059123449, Final residual = 2.8217898e-05, No Iterations 2
smoothSolver:  Solving for Uz, Initial residual = 0.00058934759, Final residual = 4.4193045e-05, No Iterations 2
GAMG:  Solving for p, Initial residual = 8.4963341e-05, Final residual = 5.8275675e-07, No Iterations 3
GAMG:  Solving for p, Initial residual = 6.6620639e-06, Final residual = 6.3144576e-08, No Iterations 3
smoothSolver:  Solving for omega, Initial residual = 5.8720934e-31, Final residual = 5.8720934e-31, No Iterations 0
smoothSolver:  Solving for k, Initial residual = 8.9331251e-09, Final residual = 8.9331251e-09, No Iterations 0
smoothSolver:  Solving for Ux, Initial residual = 0.00020315908, Final residual = 9.423722e-06, No Iterations 3
smoothSolver:  Solving for Uy, Initial residual = 0.0005938988, Final residual = 3.052354e-05, No Iterations 2
smoothSolver:  Solving for Uz, Initial residual = 0.00059010323, Final residual = 3.970421e-05, No Iterations 2
GAMG:  Solving for p, Initial residual = 8.4926331e-05, Final residual = 4.8932246e-07, No Iterations 3
GAMG:  Solving for p, Initial residual = 6.1959293e-06, Final residual = 4.57263e-08, No Iterations 3
smoothSolver:  Solving for omega, Initial residual = 5.8720934e-31, Final residual = 5.8720934e-31, No Iterations 0
smoothSolver:  Solving for k, Initial residual = 8.9331251e-09, Final residual = 8.9331251e-09, No Iterations 0
smoothSolver:  Solving for Ux, Initial residual = 0.00019066961, Final residual = 1.2197864e-05, No Iterations 2
smoothSolver:  Solving for Uy, Initial residual = 0.00058642018, Final residual = 2.7336166e-05, No Iterations 2
smoothSolver:  Solving for Uz, Initial residual = 0.00055599552, Final residual = 3.690379e-05, No Iterations 2
GAMG:  Solving for p, Initial residual = 9.0058224e-05, Final residual = 4.7196536e-07, No Iterations 3
GAMG:  Solving for p, Initial residual = 6.4445124e-06, Final residual = 4.49251e-08, No Iterations 3
smoothSolver:  Solving for omega, Initial residual = 5.8720934e-31, Final residual = 5.8720934e-31, No Iterations 0
smoothSolver:  Solving for k, Initial residual = 8.9331251e-09, Final residual = 8.9331251e-09, No Iterations 0
smoothSolver:  Solving for Ux, Initial residual = 0.00019830507, Final residual = 1.9379382e-05, No Iterations 2
smoothSolver:  Solving for Uy, Initial residual = 0.0005645748, Final residual = 3.0084652e-05, No Iterations 2
smoothSolver:  Solving for Uz, Initial residual = 0.00058898391, Final residual = 4.0835932e-05, No Iterations 2
GAMG:  Solving for p, Initial residual = 8.5607401e-05, Final residual = 3.7704435e-07, No Iterations 3
GAMG:  Solving for p, Initial residual = 6.5107269e-06, Final residual = 9.73119e-08, No Iterations 2
smoothSolver:  Solving for omega, Initial residual = 5.8720934e-31, Final residual = 5.8720934e-31, No Iterations 0
smoothSolver:  Solving for k, Initial residual = 8.9331251e-09, Final residual = 8.9331251e-09, No Iterations 0
smoothSolver:  Solving for Ux, Initial residual = 0.00018866071, Final residual = 1.2501142e-05, No Iterations 2
smoothSolver:  Solving for Uy, Initial residual = 0.00056455815, Final residual = 2.912075e-05, No Iterations 2
smoothSolver:  Solving for Uz, Initial residual = 0.0005399437, Final residual = 3.3188863e-05, No Iterations 2
GAMG:  Solving for p, Initial residual = 8.3227225e-05, Final residual = 4.7494806e-07, No Iterations 3
GAMG:  Solving for p, Initial residual = 5.4735477e-06, Final residual = 4.2567945e-08, No Iterations 3
smoothSolver:  Solving for omega, Initial residual = 5.8720934e-31, Final residual = 5.8720934e-31, No Iterations 0
smoothSolver:  Solving for k, Initial residual = 8.9331251e-09, Final residual = 8.9331251e-09, No Iterations 0
smoothSolver:  Solving for Ux, Initial residual = 0.00019926587, Final residual = 1.8895173e-05, No Iterations 2
smoothSolver:  Solving for Uy, Initial residual = 0.00053977757, Final residual = 3.1737463e-05, No Iterations 2
smoothSolver:  Solving for Uz, Initial residual = 0.00058668762, Final residual = 4.8404611e-05, No Iterations 2
GAMG:  Solving for p, Initial residual = 8.4706729e-05, Final residual = 3.1926752e-07, No Iterations 3
GAMG:  Solving for p, Initial residual = 6.52039e-06, Final residual = 8.2658361e-08, No Iterations 2
smoothSolver:  Solving for omega, Initial residual = 5.8720934e-31, Final residual = 5.8720934e-31, No Iterations 0
smoothSolver:  Solving for k, Initial residual = 8.9331251e-09, Final residual = 8.9331251e-09, No Iterations 0
smoothSolver:  Solving for Ux, Initial residual = 0.00019330317, Final residual = 1.5738536e-05, No Iterations 2
smoothSolver:  Solving for Uy, Initial residual = 0.00056819933, Final residual = 3.0386749e-05, No Iterations 2
smoothSolver:  Solving for Uz, Initial residual = 0.00054549065, Final residual = 2.6015926e-05, No Iterations 2
GAMG:  Solving for p, Initial residual = 8.5186473e-05, Final residual = 4.0008671e-07, No Iterations 3
GAMG:  Solving for p, Initial residual = 5.6742925e-06, Final residual = 5.0027422e-08, No Iterations 3
smoothSolver:  Solving for omega, Initial residual = 5.8720934e-31, Final residual = 5.8720934e-31, No Iterations 0
smoothSolver:  Solving for k, Initial residual = 8.9331251e-09, Final residual = 8.9331251e-09, No Iterations 0
smoothSolver:  Solving for Ux, Initial residual = 0.00020422785, Final residual = 1.6709018e-05, No Iterations 2
smoothSolver:  Solving for Uy, Initial residual = 0.00058640813, Final residual = 3.0540472e-05, No Iterations 2
smoothSolver:  Solving for Uz, Initial residual = 0.00060879539, Final residual = 5.1181566e-05, No Iterations 2
GAMG:  Solving for p, Initial residual = 8.3715971e-05, Final residual = 3.8040854e-07, No Iterations 3
GAMG:  Solving for p, Initial residual = 6.812031e-06, Final residual = 4.2858136e-08, No Iterations 3
smoothSolver:  Solving for omega, Initial residual = 5.8720934e-31, Final residual = 5.8720934e-31, No Iterations 0
smoothSolver:  Solving for k, Initial residual = 8.9331251e-09, Final residual = 8.9331251e-09, No Iterations 0
smoothSolver:  Solving for Ux, Initial residual = 0.00020608626, Final residual = 1.883172e-05, No Iterations 2
smoothSolver:  Solving for Uy, Initial residual = 0.00059599079, Final residual = 3.1756759e-05, No Iterations 2
smoothSolver:  Solving for Uz, Initial residual = 0.00057799497, Final residual = 3.0568963e-05, No Iterations 2
GAMG:  Solving for p, Initial residual = 8.5760414e-05, Final residual = 4.3199876e-07, No Iterations 3
GAMG:  Solving for p, Initial residual = 6.0430773e-06, Final residual = 4.6199525e-08, No Iterations 3
smoothSolver:  Solving for omega, Initial residual = 5.8720934e-31, Final residual = 5.8720934e-31, No Iterations 0
smoothSolver:  Solving for k, Initial residual = 8.9331251e-09, Final residual = 8.9331251e-09, No Iterations 0
smoothSolver:  Solving for Ux, Initial residual = 0.00020416677, Final residual = 1.5004641e-05, No Iterations 2
smoothSolver:  Solving for Uy, Initial residual = 0.00060535267, Final residual = 2.97712e-05, No Iterations 2
smoothSolver:  Solving for Uz, Initial residual = 0.0005991948, Final residual = 4.6159034e-05, No Iterations 2
GAMG:  Solving for p, Initial residual = 8.3623048e-05, Final residual = 4.9877813e-07, No Iterations 3
GAMG:  Solving for p, Initial residual = 6.3536186e-06, Final residual = 5.3702221e-08, No Iterations 3
smoothSolver:  Solving for omega, Initial residual = 5.8720934e-31, Final residual = 5.8720934e-31, No Iterations 0
smoothSolver:  Solving for k, Initial residual = 8.9331251e-09, Final residual = 8.9331251e-09, No Iterations 0
smoothSolver:  Solving for Ux, Initial residual = 0.00020126802, Final residual = 1.9652211e-05, No Iterations 2
smoothSolver:  Solving for Uy, Initial residual = 0.00057915591, Final residual = 2.880801e-05, No Iterations 2
smoothSolver:  Solving for Uz, Initial residual = 0.00057875273, Final residual = 3.6968947e-05, No Iterations 2
GAMG:  Solving for p, Initial residual = 8.4354662e-05, Final residual = 4.6935009e-07, No Iterations 3
GAMG:  Solving for p, Initial residual = 6.0132477e-06, Final residual = 4.6009433e-08, No Iterations 3
smoothSolver:  Solving for omega, Initial residual = 5.8720934e-31, Final residual = 5.8720934e-31, No Iterations 0
smoothSolver:  Solving for k, Initial residual = 8.9331251e-09, Final residual = 8.9331251e-09, No Iterations 0
smoothSolver:  Solving for Ux, Initial residual = 0.00019359704, Final residual = 1.233217e-05, No Iterations 2
smoothSolver:  Solving for Uy, Initial residual = 0.00058966196, Final residual = 2.6468109e-05, No Iterations 2
smoothSolver:  Solving for Uz, Initial residual = 0.00057140366, Final residual = 3.6620052e-05, No Iterations 2
GAMG:  Solving for p, Initial residual = 9.0849849e-05, Final residual = 5.2197796e-07, No Iterations 3
GAMG:  Solving for p, Initial residual = 6.8621294e-06, Final residual = 5.2748718e-08, No Iterations 3
smoothSolver:  Solving for omega, Initial residual = 5.8720934e-31, Final residual = 5.8720934e-31, No Iterations 0
smoothSolver:  Solving for k, Initial residual = 8.9331251e-09, Final residual = 8.9331251e-09, No Iterations 0
smoothSolver:  Solving for Ux, Initial residual = 0.00020154053, Final residual = 2.0051824e-05, No Iterations 2
smoothSolver:  Solving for Uy, Initial residual = 0.00058572968, Final residual = 3.2680124e-05, No Iterations 2
smoothSolver:  Solving for Uz, Initial residual = 0.00060276381, Final residual = 4.041122e-05, No Iterations 2
GAMG:  Solving for p, Initial residual = 8.7607725e-05, Final residual = 3.7906387e-07, No Iterations 3
GAMG:  Solving for p, Initial residual = 6.5959399e-06, Final residual = 3.7546957e-08, No Iterations 3
smoothSolver:  Solving for omega, Initial residual = 5.8720934e-31, Final residual = 5.8720934e-31, No Iterations 0
smoothSolver:  Solving for k, Initial residual = 8.9331251e-09, Final residual = 8.9331251e-09, No Iterations 0
smoothSolver:  Solving for Ux, Initial residual = 0.00019593297, Final residual = 1.1639168e-05, No Iterations 2
smoothSolver:  Solving for Uy, Initial residual = 0.00059822845, Final residual = 2.9557002e-05, No Iterations 2
smoothSolver:  Solving for Uz, Initial residual = 0.00055942695, Final residual = 3.5245721e-05, No Iterations 2
GAMG:  Solving for p, Initial residual = 8.4732628e-05, Final residual = 4.7678649e-07, No Iterations 3
GAMG:  Solving for p, Initial residual = 5.6757557e-06, Final residual = 4.2244895e-08, No Iterations 3
smoothSolver:  Solving for omega, Initial residual = 5.8720934e-31, Final residual = 5.8720934e-31, No Iterations 0
smoothSolver:  Solving for k, Initial residual = 8.9331251e-09, Final residual = 8.9331251e-09, No Iterations 0
smoothSolver:  Solving for Ux, Initial residual = 0.00020423877, Final residual = 1.8979262e-05, No Iterations 2
smoothSolver:  Solving for Uy, Initial residual = 0.00055082117, Final residual = 3.2415645e-05, No Iterations 2
smoothSolver:  Solving for Uz, Initial residual = 0.00059814194, Final residual = 4.6822152e-05, No Iterations 2
GAMG:  Solving for p, Initial residual = 8.5134769e-05, Final residual = 3.2714988e-07, No Iterations 3
GAMG:  Solving for p, Initial residual = 6.5002297e-06, Final residual = 7.862817e-08, No Iterations 2
smoothSolver:  Solving for omega, Initial residual = 5.8720934e-31, Final residual = 5.8720934e-31, No Iterations 0
smoothSolver:  Solving for k, Initial residual = 8.9331251e-09, Final residual = 8.9331251e-09, No Iterations 0
smoothSolver:  Solving for Ux, Initial residual = 0.0001939026, Final residual = 1.4845784e-05, No Iterations 2
smoothSolver:  Solving for Uy, Initial residual = 0.00057722225, Final residual = 3.1174417e-05, No Iterations 2
smoothSolver:  Solving for Uz, Initial residual = 0.00055146631, Final residual = 2.7554368e-05, No Iterations 2
GAMG:  Solving for p, Initial residual = 8.5400067e-05, Final residual = 3.9283098e-07, No Iterations 3
GAMG:  Solving for p, Initial residual = 5.6547995e-06, Final residual = 4.5548665e-08, No Iterations 3
smoothSolver:  Solving for omega, Initial residual = 5.8720934e-31, Final residual = 5.8720934e-31, No Iterations 0
smoothSolver:  Solving for k, Initial residual = 8.9331251e-09, Final residual = 8.9331251e-09, No Iterations 0
smoothSolver:  Solving for Ux, Initial residual = 0.0001987656, Final residual = 1.6826288e-05, No Iterations 2
smoothSolver:  Solving for Uy, Initial residual = 0.00056873318, Final residual = 3.0443686e-05, No Iterations 2
smoothSolver:  Solving for Uz, Initial residual = 0.00059373852, Final residual = 5.0456234e-05, No Iterations 2
GAMG:  Solving for p, Initial residual = 8.3910082e-05, Final residual = 3.3432292e-07, No Iterations 3
GAMG:  Solving for p, Initial residual = 6.5756069e-06, Final residual = 9.7890319e-08, No Iterations 2
smoothSolver:  Solving for omega, Initial residual = 5.8720934e-31, Final residual = 5.8720934e-31, No Iterations 0
smoothSolver:  Solving for k, Initial residual = 8.9331251e-09, Final residual = 8.9331251e-09, No Iterations 0
Time = 300

smoothSolver:  Solving for Ux, Initial residual = 0.00019938398, Final residual = 1.7449733e-05, No Iterations 2
smoothSolver:  Solving for Uy, Initial residual = 0.00057473699, Final residual = 2.9188785e-05, No Iterations 2
smoothSolver:  Solving for Uz, Initial residual = 0.00056585226, Final residual = 2.7621826e-05, No Iterations 2
U0 initRes: 0.00019938398 finalRes: 1.7449733e-05 nIters: 2
U1 initRes: 0.00057473699 finalRes: 2.9188785e-05 nIters: 2
U2 initRes: 0.00056585226 finalRes: 2.7621826e-05 nIters: 2
GAMG:  Solving for p, Initial residual = 8.5444211e-05, Final residual = 3.8435823e-07, No Iterations 3
p initRes: 8.5444211e-05 finalRes: 3.8435823e-07 nIters: 3
GAMG:  Solving for p, Initial residual = 5.777465e-06, Final residual = 4.2256043e-08, No Iterations 3
p initRes: 5.777465e-06 finalRes: 4.2256043e-08 nIters: 3
Time step continuity errors : sum local = 7.0018286e-07
                                 global = -8.5696936e-08
                             cumulative = 1.4708562e-05
smoothSolver:  Solving for omega, Initial residual = 5.8720934e-31, Final residual = 5.8720934e-31, No Iterations 0
omega initRes: 5.8720934e-31 finalRes: 5.8720934e-31 nIters: 0
Bounding omega<1e+16
Bounding omega>1e-16
smoothSolver:  Solving for k, Initial residual = 8.9331251e-09, Final residual = 8.9331251e-09, No Iterations 0
k initRes: 8.9331251e-09 finalRes: 8.9331251e-09 nIters: 0
Bounding k>1e-16
CD: 0.069967371 final: 0.069967371
CL: 0.10486422 final: 0.10486422
yPlus min: 11.565396 max: 525.7273 mean: 205.72602
ExecutionTime = 11.99 s  ClockTime = 12 s

smoothSolver:  Solving for Ux, Initial residual = 0.0002030149, Final residual = 1.5846332e-05, No Iterations 2
smoothSolver:  Solving for Uy, Initial residual = 0.00059096052, Final residual = 2.8032498e-05, No Iterations 2
smoothSolver:  Solving for Uz, Initial residual = 0.00059656417, Final residual = 4.6027392e-05, No Iterations 2
GAMG:  Solving for p, Initial residual = 8.2413392e-05, Final residual = 5.2114504e-07, No Iterations 3
GAMG:  Solving for p, Initial residual = 6.5446464e-06, Final residual = 5.7409227e-08, No Iterations 3
smoothSolver:  Solving for omega, Initial residual = 5.8720934e-31, Final residual = 5.8720934e-31, No Iterations 0
smoothSolver:  Solving for k, Initial residual = 8.9331251e-09, Final residual = 8.9331251e-09, No Iterations 0
smoothSolver:  Solving for Ux, Initial residual = 0.00020185469, Final residual = 1.9674857e-05, No Iterations 2
smoothSolver:  Solving for Uy, Initial residual = 0.00059328559, Final residual = 3.1218533e-05, No Iterations 2
smoothSolver:  Solving for Uz, Initial residual = 0.00057489918, Final residual = 3.6750543e-05, No Iterations 2
GAMG:  Solving for p, Initial residual = 8.4064747e-05, Final residual = 4.7796886e-07, No Iterations 3
GAMG:  Solving for p, Initial residual = 6.0508721e-06, Final residual = 4.8025517e-08, No Iterations 3
smoothSolver:  Solving for omega, Initial residual = 5.8720934e-31, Final residual = 5.8720934e-31, No Iterations 0
smoothSolver:  Solving for k, Initial residual = 8.9331251e-09, Final residual = 8.9331251e-09, No Iterations 0
smoothSolver:  Solving for Ux, Initial residual = 0.00019576126, Final residual = 1.2808118e-05, No Iterations 2
smoothSolver:  Solving for Uy, Initial residual = 0.00060070719, Final residual = 2.7151479e-05, No Iterations 2
smoothSolver:  Solving for Uz, Initial residual = 0.00057429169, Final residual = 3.8543164e-05, No Iterations 2
GAMG:  Solving for p, Initial residual = 8.6716165e-05, Final residual = 4.8520732e-07, No Iterations 3
GAMG:  Solving for p, Initial residual = 6.3606741e-06, Final residual = 4.6052368e-08, No Iterations 3
smoothSolver:  Solving for omega, Initial residual = 5.8720934e-31, Final residual = 5.8720934e-31, No Iterations 0
smoothSolver:  Solving for k, Initial residual = 8.9331251e-09, Final residual = 8.9331251e-09, No Iterations 0
smoothSolver:  Solving for Ux, Initial residual = 0.0001973624, Final residual = 1.9568715e-05, No Iterations 2
smoothSolver:  Solving for Uy, Initial residual = 0.00056065929, Final residual = 3.0428973e-05, No Iterations 2
smoothSolver:  Solving for Uz, Initial residual = 0.00058258877, Final residual = 3.825562e-05, No Iterations 2
GAMG:  Solving for p, Initial residual = 8.4960511e-05, Final residual = 3.7640206e-07, No Iterations 3
GAMG:  Solving for p, Initial residual = 6.2641848e-06, Final residual = 3.5767708e-08, No Iterations 3
smoothSolver:  Solving for omega, Initial residual = 5.8720934e-31, Final residual = 5.8720934e-31, No Iterations 0
smoothSolver:  Solving for k, Initial residual = 8.9331251e-09, Final residual = 8.9331251e-09, No Iterations 0
smoothSolver:  Solving for Ux, Initial residual = 0.00019098616, Final residual = 1.1086581e-05, No Iterations 2
smoothSolver:  Solving for Uy, Initial residual = 0.00057415032, Final residual = 2.7541976e-05, No Iterations 2
smoothSolver:  Solving for Uz, Initial residual = 0.00055214437, Final residual = 3.5344865e-05, No Iterations 2
GAMG:  Solving for p, Initial residual = 8.6232967e-05, Final residual = 5.1884474e-07, No Iterations 3
GAMG:  Solving for p, Initial residual = 5.9437986e-06, Final residual = 5.2437645e-08, No Iterations 3
smoothSolver:  Solving for omega, Initial residual = 5.8720934e-31, Final residual = 5.8720934e-31, No Iterations 0
smoothSolver:  Solving for k, Initial residual = 8.9331251e-09, Final residual = 8.9331251e-09, No Iterations 0
smoothSolver:  Solving for Ux, Initial residual = 0.00020038667, Final residual = 1.8922544e-05, No Iterations 2
smoothSolver:  Solving for Uy, Initial residual = 0.00054622261, Final residual = 3.2592479e-05, No Iterations 2
smoothSolver:  Solving for Uz, Initial residual = 0.00058865791, Final residual = 4.5200978e-05, No Iterations 2
GAMG:  Solving for p, Initial residual = 8.5949915e-05, Final residual = 3.5709616e-07, No Iterations 3
GAMG:  Solving for p, Initial residual = 6.5424587e-06, Final residual = 7.6069713e-08, No Iterations 2
smoothSolver:  Solving for omega, Initial residual = 5.8720934e-31, Final residual = 5.8720934e-31, No Iterations 0
smoothSolver:  Solving for k, Initial residual = 8.9331251e-09, Final residual = 8.9331251e-09, No Iterations 0
smoothSolver:  Solving for Ux, Initial residual = 0.00019138564, Final residual = 1.3456066e-05, No Iterations 2
smoothSolver:  Solving for Uy, Initial residual = 0.00058128717, Final residual = 3.0409639e-05, No Iterations 2
smoothSolver:  Solving for Uz, Initial residual = 0.00055207477, Final residual = 3.0314367e-05, No Iterations 2
GAMG:  Solving for p, Initial residual = 8.4098643e-05, Final residual = 4.0725452e-07, No Iterations 3
GAMG:  Solving for p, Initial residual = 5.6792597e-06, Final residual = 9.9560018e-08, No Iterations 2
smoothSolver:  Solving for omega, Initial residual = 5.8720934e-31, Final residual = 5.8720934e-31, No Iterations 0
smoothSolver:  Solving for k, Initial residual = 8.9331251e-09, Final residual = 8.9331251e-09, No Iterations 0
smoothSolver:  Solving for Ux, Initial residual = 0.00019868831, Final residual = 1.7743813e-05, No Iterations 2
smoothSolver:  Solving for Uy, Initial residual = 0.00055738373, Final residual = 3.0074255e-05, No Iterations 2
smoothSolver:  Solving for Uz, Initial residual = 0.0005921518, Final residual = 4.9206542e-05, No Iterations 2
GAMG:  Solving for p, Initial residual = 8.3147027e-05, Final residual = 3.1518708e-07, No Iterations 3
GAMG:  Solving for p, Initial residual = 6.5389873e-06, Final residual = 9.0788431e-08, No Iterations 2
smoothSolver:  Solving for omega, Initial residual = 5.8720934e-31, Final residual = 5.8720934e-31, No Iterations 0
smoothSolver:  Solving for k, Initial residual = 8.9331251e-09, Final residual = 8.9331251e-09, No Iterations 0
smoothSolver:  Solving for Ux, Initial residual = 0.00019570352, Final residual = 1.6847377e-05, No Iterations 2
smoothSolver:  Solving for Uy, Initial residual = 0.00057342831, Final residual = 3.024243e-05, No Iterations 2
smoothSolver:  Solving for Uz, Initial residual = 0.00055779774, Final residual = 2.5983647e-05, No Iterations 2
GAMG:  Solving for p, Initial residual = 8.5050598e-05, Final residual = 3.7400887e-07, No Iterations 3
GAMG:  Solving for p, Initial residual = 5.7362888e-06, Final residual = 4.0016835e-08, No Iterations 3
smoothSolver:  Solving for omega, Initial residual = 5.8720934e-31, Final residual = 5.8720934e-31, No Iterations 0
smoothSolver:  Solving for k, Initial residual = 8.9331251e-09, Final residual = 8.9331251e-09, No Iterations 0
smoothSolver:  Solving for Ux, Initial residual = 0.0002017924, Final residual = 1.5609986e-05, No Iterations 2
smoothSolver:  Solving for Uy, Initial residual = 0.00057774662, Final residual = 2.8514604e-05, No Iterations 2
smoothSolver:  Solving for Uz, Initial residual = 0.00059462951, Final residual = 4.7196199e-05, No Iterations 2
GAMG:  Solving for p, Initial residual = 8.1113014e-05, Final residual = 4.7508708e-07, No Iterations 3
GAMG:  Solving for p, Initial residual = 6.4354536e-06, Final residual = 5.4013901e-08, No Iterations 3
smoothSolver:  Solving for omega, Initial residual = 5.8720934e-31, Final residual = 5.8720934e-31, No Iterations 0
smoothSolver:  Solving for k, Initial residual = 8.9331251e-09, Final residual = 8.9331251e-09, No Iterations 0
smoothSolver:  Solving for Ux, Initial residual = 0.0002000179, Final residual = 1.8900007e-05, No Iterations 2
smoothSolver:  Solving for Uy, Initial residual = 0.00057742951, Final residual = 3.0167717e-05, No Iterations 2
smoothSolver:  Solving for Uz, Initial residual = 0.00055933485, Final residual = 3.375343e-05, No Iterations 2
GAMG:  Solving for p, Initial residual = 8.2105946e-05, Final residual = 4.900547e-07, No Iterations 3
GAMG:  Solving for p, Initial residual = 5.9851448e-06, Final residual = 5.0054202e-08, No Iterations 3
smoothSolver:  Solving for omega, Initial residual = 5.8720934e-31, Final residual = 5.8720934e-31, No Iterations 0
smoothSolver:  Solving for k, Initial residual = 8.9331251e-09, Final residual = 8.9331251e-09, No Iterations 0
smoothSolver:  Solving for Ux, Initial residual = 0.00019793537, Final residual = 1.3967939e-05, No Iterations 2
smoothSolver:  Solving for Uy, Initial residual = 0.0005991381, Final residual = 2.7533908e-05, No Iterations 2
smoothSolver:  Solving for Uz, Initial residual = 0.00057755328, Final residual = 4.0302742e-05, No Iterations 2
GAMG:  Solving for p, Initial residual = 8.3701569e-05, Final residual = 4.8390474e-07, No Iterations 3
GAMG:  Solving for p, Initial residual = 6.3342977e-06, Final residual = 4.6942247e-08, No Iterations 3
smoothSolver:  Solving for omega, Initial residual = 5.8720934e-31, Final residual = 5.8720934e-31, No Iterations 0
smoothSolver:  Solving for k, Initial residual = 8.9331251e-09, Final residual = 8.9331251e-09, No Iterations 0
smoothSolver:  Solving for Ux, Initial residual = 0.00019726684, Final residual = 1.958903e-05, No Iterations 2
smoothSolver:  Solving for Uy, Initial residual = 0.00056262783, Final residual = 2.960415e-05, No Iterations 2
smoothSolver:  Solving for Uz, Initial residual = 0.00057461535, Final residual = 3.6793304e-05, No Iterations 2
GAMG:  Solving for p, Initial residual = 8.4580084e-05, Final residual = 3.754819e-07, No Iterations 3
GAMG:  Solving for p, Initial residual = 6.2838304e-06, Final residual = 3.8773111e-08, No Iterations 3
smoothSolver:  Solving for omega, Initial residual = 5.8720934e-31, Final residual = 5.8720934e-31, No Iterations 0
smoothSolver:  Solving for k, Initial residual = 8.9331251e-09, Final residual = 8.9331251e-09, No Iterations 0
smoothSolver:  Solving for Ux, Initial residual = 0.00019138866, Final residual = 1.1122519e-05, No Iterations 2
smoothSolver:  Solving for Uy, Initial residual = 0.00057742912, Final residual = 2.7532962e-05, No Iterations 2
smoothSolver:  Solving for Uz, Initial residual = 0.00054900107, Final residual = 3.655287e-05, No Iterations 2
GAMG:  Solving for p, Initial residual = 8.7855419e-05, Final residual = 5.483544e-07, No Iterations 3
GAMG:  Solving for p, Initial residual = 6.2288166e-06, Final residual = 6.0711241e-08, No Iterations 3
smoothSolver:  Solving for omega, Initial residual = 5.8720934e-31, Final residual = 5.8720934e-31, No Iterations 0
smoothSolver:  Solving for k, Initial residual = 8.9331251e-09, Final residual = 8.9331251e-09, No Iterations 0
smoothSolver:  Solving for Ux, Initial residual = 0.00019953357, Final residual = 1.9211052e-05, No Iterations 2
smoothSolver:  Solving for Uy, Initial residual = 0.00054989179, Final residual = 3.2649961e-05, No Iterations 2
smoothSolver:  Solving for Uz, Initial residual = 0.00058768783, Final residual = 4.3835471e-05, No Iterations 2
GAMG:  Solving for p, Initial residual = 8.5170133e-05, Final residual = 3.8673959e-07, No Iterations 3
GAMG:  Solving for p, Initial residual = 6.5462631e-06, Final residual = 8.5851663e-08, No Iterations 2
smoothSolver:  Solving for omega, Initial residual = 5.8720934e-31, Final residual = 5.8720934e-31, No Iterations 0
smoothSolver:  Solving for k, Initial residual = 8.9331251e-09, Final residual = 8.9331251e-09, No Iterations 0
smoothSolver:  Solving for Ux, Initial residual = 0.00019298357, Final residual = 1.2959783e-05, No Iterations 2
smoothSolver:  Solving for Uy, Initial residual = 0.00058180822, Final residual = 3.0532975e-05, No Iterations 2
smoothSolver:  Solving for Uz, Initial residual = 0.0005506119, Final residual = 3.2358136e-05, No Iterations 2
GAMG:  Solving for p, Initial residual = 8.3385631e-05, Final residual = 4.3905504e-07, No Iterations 3
GAMG:  Solving for p, Initial residual = 5.7427371e-06, Final residual = 3.8854806e-08, No Iterations 3
smoothSolver:  Solving for omega, Initial residual = 5.8720934e-31, Final residual = 5.8720934e-31, No Iterations 0
smoothSolver:  Solving for k, Initial residual = 8.9331251e-09, Final residual = 8.9331251e-09, No Iterations 0
smoothSolver:  Solving for Ux, Initial residual = 0.0002026635, Final residual = 1.8481175e-05, No Iterations 2
smoothSolver:  Solving for Uy, Initial residual = 0.00055606627, Final residual = 3.0681636e-05, No Iterations 2
smoothSolver:  Solving for Uz, Initial residual = 0.0005944093, Final residual = 4.9020899e-05, No Iterations 2
GAMG:  Solving for p, Initial residual = 8.4529095e-05, Final residual = 3.1197906e-07, No Iterations 3
GAMG:  Solving for p, Initial residual = 6.6333465e-06, Final residual = 8.5485041e-08, No Iterations 2
smoothSolver:  Solving for omega, Initial residual = 5.8720934e-31, Final residual = 5.8720934e-31, No Iterations 0
smoothSolver:  Solving for k, Initial residual = 8.9331251e-09, Final residual = 8.9331251e-09, No Iterations 0
smoothSolver:  Solving for Ux, Initial residual = 0.00019785451, Final residual = 1.6508215e-05, No Iterations 2
smoothSolver:  Solving for Uy, Initial residual = 0.00058195367, Final residual = 3.1421007e-05, No Iterations 2
smoothSolver:  Solving for Uz, Initial residual = 0.0005564973, Final residual = 2.6649549e-05, No Iterations 2
GAMG:  Solving for p, Initial residual = 8.6159689e-05, Final residual = 3.8329513e-07, No Iterations 3
GAMG:  Solving for p, Initial residual = 5.7450435e-06, Final residual = 9.9358517e-08, No Iterations 2
smoothSolver:  Solving for omega, Initial residual = 5.8720934e-31, Final residual = 5.8720934e-31, No Iterations 0
smoothSolver:  Solving for k, Initial residual = 8.9331251e-09, Final residual = 8.9331251e-09, No Iterations 0
smoothSolver:  Solving for Ux, Initial residual = 0.00020204302, Final residual = 1.6011098e-05, No Iterations 2
smoothSolver:  Solving for Uy, Initial residual = 0.00057785097, Final residual = 3.0213642e-05, No Iterations 2
smoothSolver:  Solving for Uz, Initial residual = 0.00059963983, Final residual = 4.9742795e-05, No Iterations 2
GAMG:  Solving for p, Initial residual = 8.1721563e-05, Final residual = 4.223894e-07, No Iterations 3
GAMG:  Solving for p, Initial residual = 6.4188019e-06, Final residual = 5.0240309e-08, No Iterations 3
smoothSolver:  Solving for omega, Initial residual = 5.8720934e-31, Final residual = 5.8720934e-31, No Iterations 0
smoothSolver:  Solving for k, Initial residual = 8.9331251e-09, Final residual = 8.9331251e-09, No Iterations 0
smoothSolver:  Solving for Ux, Initial residual = 0.00019922117, Final residual = 1.8131299e-05, No Iterations 2
smoothSolver:  Solving for Uy, Initial residual = 0.0005752534, Final residual = 3.0045474e-05, No Iterations 2
smoothSolver:  Solving for Uz, Initial residual = 0.00056008615, Final residual = 3.1737639e-05, No Iterations 2
GAMG:  Solving for p, Initial residual = 8.1996068e-05, Final residual = 4.7247703e-07, No Iterations 3
GAMG:  Solving for p, Initial residual = 5.9092228e-06, Final residual = 4.8918544e-08, No Iterations 3
smoothSolver:  Solving for omega, Initial residual = 5.8720934e-31, Final residual = 5.8720934e-31, No Iterations 0
smoothSolver:  Solving for k, Initial residual = 8.9331251e-09, Final residual = 8.9331251e-09, No Iterations 0
smoothSolver:  Solving for Ux, Initial residual = 0.00019882266, Final residual = 1.4717908e-05, No Iterations 2
smoothSolver:  Solving for Uy, Initial residual = 0.00059569162, Final residual = 2.7901771e-05, No Iterations 2
smoothSolver:  Solving for Uz, Initial residual = 0.00058242039, Final residual = 4.269265e-05, No Iterations 2
GAMG:  Solving for p, Initial residual = 8.2684902e-05, Final residual = 4.7256089e-07, No Iterations 3
GAMG:  Solving for p, Initial residual = 6.4015209e-06, Final residual = 4.8475057e-08, No Iterations 3
smoothSolver:  Solving for omega, Initial residual = 5.8720934e-31, Final residual = 5.8720934e-31, No Iterations 0
smoothSolver:  Solving for k, Initial residual = 8.9331251e-09, Final residual = 8.9331251e-09, No Iterations 0
smoothSolver:  Solving for Ux, Initial residual = 0.00020115631, Final residual = 2.0079818e-05, No Iterations 2
smoothSolver:  Solving for Uy, Initial residual = 0.00057007458, Final residual = 2.9154794e-05, No Iterations 2
smoothSolver:  Solving for Uz, Initial residual = 0.00057569267, Final residual = 3.7338448e-05, No Iterations 2
GAMG:  Solving for p, Initial residual = 8.4861652e-05, Final residual = 4.0777397e-07, No Iterations 3
GAMG:  Solving for p, Initial residual = 6.3812894e-06, Final residual = 4.2861162e-08, No Iterations 3
smoothSolver:  Solving for omega, Initial residual = 5.8720934e-31, Final residual = 5.8720934e-31, No Iterations 0
smoothSolver:  Solving for k, Initial residual = 8.9331251e-09, Final residual = 8.9331251e-09, No Iterations 0
smoothSolver:  Solving for Ux, Initial residual = 0.00019423605, Final residual = 1.1840152e-05, No Iterations 2
smoothSolver:  Solving for Uy, Initial residual = 0.00058960154, Final residual = 2.7552619e-05, No Iterations 2
smoothSolver:  Solving for Uz, Initial residual = 0.00056089796, Final residual = 3.8352978e-05, No Iterations 2
GAMG:  Solving for p, Initial residual = 9.0281094e-05, Final residual = 5.3588495e-07, No Iterations 3
GAMG:  Solving for p, Initial residual = 6.4827717e-06, Final residual = 6.2931166e-08, No Iterations 3
smoothSolver:  Solving for omega, Initial residual = 5.8720934e-31, Final residual = 5.8720934e-31, No Iterations 0
smoothSolver:  Solving for k, Initial residual = 8.9331251e-09, Final residual = 8.9331251e-09, No Iterations 0
smoothSolver:  Solving for Ux, Initial residual = 0.00020027634, Final residual = 1.972675e-05, No Iterations 2
smoothSolver:  Solving for Uy, Initial residual = 0.00055280025, Final residual = 3.2062671e-05, No Iterations 2
smoothSolver:  Solving for Uz, Initial residual = 0.00059348424, Final residual = 4.3003077e-05, No Iterations 2
GAMG:  Solving for p, Initial residual = 8.5224108e-05, Final residual = 4.2763595e-07, No Iterations 3
GAMG:  Solving for p, Initial residual = 6.5738471e-06, Final residual = 3.8333477e-08, No Iterations 3
smoothSolver:  Solving for omega, Initial residual = 5.8720934e-31, Final residual = 5.8720934e-31, No Iterations 0
smoothSolver:  Solving for k, Initial residual = 8.9331251e-09, Final residual = 8.9331251e-09, No Iterations 0
smoothSolver:  Solving for Ux, Initial residual = 0.00019429345, Final residual = 1.2896598e-05, No Iterations 2
smoothSolver:  Solving for Uy, Initial residual = 0.00057525441, Final residual = 3.0300449e-05, No Iterations 2
smoothSolver:  Solving for Uz, Initial residual = 0.00055203319, Final residual = 3.3365036e-05, No Iterations 2
GAMG:  Solving for p, Initial residual = 8.2745982e-05, Final residual = 4.6487018e-07, No Iterations 3
GAMG:  Solving for p, Initial residual = 5.6969952e-06, Final residual = 3.9612783e-08, No Iterations 3
smoothSolver:  Solving for omega, Initial residual = 5.8720934e-31, Final residual = 5.8720934e-31, No Iterations 0
smoothSolver:  Solving for k, Initial residual = 8.9331251e-09, Final residual = 8.9331251e-09, No Iterations 0
smoothSolver:  Solving for Ux, Initial residual = 0.00020234636, Final residual = 1.8841795e-05, No Iterations 2
smoothSolver:  Solving for Uy, Initial residual = 0.00055661159, Final residual = 3.1540435e-05, No Iterations 2
smoothSolver:  Solving for Uz, Initial residual = 0.00059179069, Final residual = 4.9593028e-05, No Iterations 2
GAMG:  Solving for p, Initial residual = 8.4334121e-05, Final residual = 3.1117726e-07, No Iterations 3
GAMG:  Solving for p, Initial residual = 6.6516806e-06, Final residual = 8.4799495e-08, No Iterations 2
smoothSolver:  Solving for omega, Initial residual = 5.8720934e-31, Final residual = 5.8720934e-31, No Iterations 0
smoothSolver:  Solving for k, Initial residual = 8.9331251e-09, Final residual = 8.9331251e-09, No Iterations 0
smoothSolver:  Solving for Ux, Initial residual = 0.00019728764, Final residual = 1.6454567e-05, No Iterations 2
smoothSolver:  Solving for Uy, Initial residual = 0.00058173617, Final residual = 3.1773421e-05, No Iterations 2
smoothSolver:  Solving for Uz, Initial residual = 0.00055207055, Final residual = 2.7584075e-05, No Iterations 2
GAMG:  Solving for p, Initial residual = 8.6039928e-05, Final residual = 4.079839e-07, No Iterations 3
GAMG:  Solving for p, Initial residual = 5.7098457e-06, Final residual = 4.1139463e-08, No Iterations 3
smoothSolver:  Solving for omega, Initial residual = 5.8720934e-31, Final residual = 5.8720934e-31, No Iterations 0
smoothSolver:  Solving for k, Initial residual = 8.9331251e-09, Final residual = 8.9331251e-09, No Iterations 0
smoothSolver:  Solving for Ux, Initial residual = 0.00020627749, Final residual = 1.6745938e-05, No Iterations 2
smoothSolver:  Solving for Uy, Initial residual = 0.00058589536, Final residual = 3.2073854e-05, No Iterations 2
smoothSolver:  Solving for Uz, Initial residual = 0.00061487019, Final residual = 5.1282831e-05, No Iterations 2
GAMG:  Solving for p, Initial residual = 8.3297273e-05, Final residual = 4.3483828e-07, No Iterations 3
GAMG:  Solving for p, Initial residual = 6.6718793e-06, Final residual = 5.2303875e-08, No Iterations 3
smoothSolver:  Solving for omega, Initial residual = 5.8720934e-31, Final residual = 5.8720934e-31, No Iterations 0
smoothSolver:  Solving for k, Initial residual = 8.9331251e-09, Final residual = 8.9331251e-09, No Iterations 0
smoothSolver:  Solving for Ux, Initial residual = 0.00020431052, Final residual = 1.850429e-05, No Iterations 2
smoothSolver:  Solving for Uy, Initial residual = 0.00058870116, Final residual = 3.1524131e-05, No Iterations 2
smoothSolver:  Solving for Uz, Initial residual = 0.00056641076, Final residual = 3.1345054e-05, No Iterations 2
GAMG:  Solving for p, Initial residual = 8.4428463e-05, Final residual = 5.1262282e-07, No Iterations 3
GAMG:  Solving for p, Initial residual = 6.0750851e-06, Final residual = 5.320544e-08, No Iterations 3
smoothSolver:  Solving for omega, Initial residual = 5.8720934e-31, Final residual = 5.8720934e-31, No Iterations 0
smoothSolver:  Solving for k, Initial residual = 8.9331251e-09, Final residual = 8.9331251e-09, No Iterations 0
smoothSolver:  Solving for Ux, Initial residual = 0.00020797799, Final residual = 1.5566714e-05, No Iterations 2
smoothSolver:  Solving for Uy, Initial residual = 0.00061841985, Final residual = 2.989453e-05, No Iterations 2
smoothSolver:  Solving for Uz, Initial residual = 0.00060545049, Final residual = 4.5877957e-05, No Iterations 2
GAMG:  Solving for p, Initial residual = 8.4579739e-05, Final residual = 4.7055705e-07, No Iterations 3
GAMG:  Solving for p, Initial residual = 6.511842e-06, Final residual = 4.9010703e-08, No Iterations 3
smoothSolver:  Solving for omega, Initial residual = 5.8720934e-31, Final residual = 5.8720934e-31, No Iterations 0
smoothSolver:  Solving for k, Initial residual = 8.9331251e-09, Final residual = 8.9331251e-09, No Iterations 0
smoothSolver:  Solving for Ux, Initial residual = 0.00020550902, Final residual = 2.0444159e-05, No Iterations 2
smoothSolver:  Solving for Uy, Initial residual = 0.00058549576, Final residual = 2.8990514e-05, No Iterations 2
smoothSolver:  Solving for Uz, Initial residual = 0.00058692121, Final residual = 3.66486e-05, No Iterations 2
GAMG:  Solving for p, Initial residual = 8.6025096e-05, Final residual = 4.090061e-07, No Iterations 3
GAMG:  Solving for p, Initial residual = 6.3464985e-06, Final residual = 4.2569063e-08, No Iterations 3
smoothSolver:  Solving for omega, Initial residual = 5.8720934e-31, Final residual = 5.8720934e-31, No Iterations 0
smoothSolver:  Solving for k, Initial residual = 8.9331251e-09, Final residual = 8.9331251e-09, No Iterations 0
smoothSolver:  Solving for Ux, Initial residual = 0.00019698673, Final residual = 1.2063023e-05, No Iterations 2
smoothSolver:  Solving for Uy, Initial residual = 0.00060089298, Final residual = 2.7920297e-05, No Iterations 2
smoothSolver:  Solving for Uz, Initial residual = 0.00057397922, Final residual = 3.8935395e-05, No Iterations 2
GAMG:  Solving for p, Initial residual = 9.43696e-05, Final residual = 5.9088e-07, No Iterations 3
GAMG:  Solving for p, Initial residual = 7.0611707e-06, Final residual = 7.2001174e-08, No Iterations 3
smoothSolver:  Solving for omega, Initial residual = 5.8720934e-31, Final residual = 5.8720934e-31, No Iterations 0
smoothSolver:  Solving for k, Initial residual = 8.9331251e-09, Final residual = 8.9331251e-09, No Iterations 0
smoothSolver:  Solving for Ux, Initial residual = 0.00020427565, Final residual = 2.022271e-05, No Iterations 2
smoothSolver:  Solving for Uy, Initial residual = 0.00058255249, Final residual = 3.2846624e-05, No Iterations 2
smoothSolver:  Solving for Uz, Initial residual = 0.00060925293, Final residual = 4.298951e-05, No Iterations 2
GAMG:  Solving for p, Initial residual = 8.7233005e-05, Final residual = 4.2365326e-07, No Iterations 3
GAMG:  Solving for p, Initial residual = 6.6381267e-06, Final residual = 3.8914283e-08, No Iterations 3
smoothSolver:  Solving for omega, Initial residual = 5.8720934e-31, Final residual = 5.8720934e-31, No Iterations 0
smoothSolver:  Solving for k, Initial residual = 8.9331251e-09, Final residual = 8.9331251e-09, No Iterations 0
smoothSolver:  Solving for Ux, Initial residual = 0.00019883186, Final residual = 1.2247955e-05, No Iterations 2
smoothSolver:  Solving for Uy, Initial residual = 0.00059536641, Final residual = 3.0408994e-05, No Iterations 2
smoothSolver:  Solving for Uz, Initial residual = 0.00055597882, Final residual = 3.4403059e-05, No Iterations 2
GAMG:  Solving for p, Initial residual = 8.3514631e-05, Final residual = 4.7052892e-07, No Iterations 3
GAMG:  Solving for p, Initial residual = 5.7835573e-06, Final residual = 3.3924757e-08, No Iterations 3
smoothSolver:  Solving for omega, Initial residual = 5.8720934e-31, Final residual = 5.8720934e-31, No Iterations 0
smoothSolver:  Solving for k, Initial residual = 8.9331251e-09, Final residual = 8.9331251e-09, No Iterations 0
smoothSolver:  Solving for Ux, Initial residual = 0.00020421568, Final residual = 1.9143472e-05, No Iterations 2
smoothSolver:  Solving for Uy, Initial residual = 0.00056204611, Final residual = 3.2000421e-05, No Iterations 2
smoothSolver:  Solving for Uz, Initial residual = 0.00059757125, Final residual = 4.8993205e-05, No Iterations 2
GAMG:  Solving for p, Initial residual = 8.4802538e-05, Final residual = 3.2110336e-07, No Iterations 3
GAMG:  Solving for p, Initial residual = 6.6079667e-06, Final residual = 8.4355578e-08, No Iterations 2
smoothSolver:  Solving for omega, Initial residual = 5.8720934e-31, Final residual = 5.8720934e-31, No Iterations 0
smoothSolver:  Solving for k, Initial residual = 8.9331251e-09, Final residual = 8.9331251e-09, No Iterations 0
smoothSolver:  Solving for Ux, Initial residual = 0.0001973679, Final residual = 1.5652117e-05, No Iterations 2
smoothSolver:  Solving for Uy, Initial residual = 0.00058552487, Final residual = 3.2013384e-05, No Iterations 2
smoothSolver:  Solving for Uz, Initial residual = 0.00055249261, Final residual = 2.7795709e-05, No Iterations 2
GAMG:  Solving for p, Initial residual = 8.5323061e-05, Final residual = 4.3281249e-07, No Iterations 3
GAMG:  Solving for p, Initial residual = 5.6514139e-06, Final residual = 3.973991e-08, No Iterations 3
smoothSolver:  Solving for omega, Initial residual = 5.8720934e-31, Final residual = 5.8720934e-31, No Iterations 0
smoothSolver:  Solving for k, Initial residual = 8.9331251e-09, Final residual = 8.9331251e-09, No Iterations 0
smoothSolver:  Solving for Ux, Initial residual = 0.00020288224, Final residual = 1.698044e-05, No Iterations 2
smoothSolver:  Solving for Uy, Initial residual = 0.0005786673, Final residual = 3.137472e-05, No Iterations 2
smoothSolver:  Solving for Uz, Initial residual = 0.00060761413, Final residual = 5.1654924e-05, No Iterations 2
GAMG:  Solving for p, Initial residual = 8.2710727e-05, Final residual = 3.7467343e-07, No Iterations 3
GAMG:  Solving for p, Initial residual = 6.5164887e-06, Final residual = 4.6894421e-08, No Iterations 3
smoothSolver:  Solving for omega, Initial residual = 5.8720934e-31, Final residual = 5.8720934e-31, No Iterations 0
smoothSolver:  Solving for k, Initial residual = 8.9331251e-09, Final residual = 8.9331251e-09, No Iterations 0
smoothSolver:  Solving for Ux, Initial residual = 0.00019967087, Final residual = 1.7461984e-05, No Iterations 2
smoothSolver:  Solving for Uy, Initial residual = 0.00057621307, Final residual = 2.9686321e-05, No Iterations 2
smoothSolver:  Solving for Uz, Initial residual = 0.00056259433, Final residual = 2.9544154e-05, No Iterations 2
GAMG:  Solving for p, Initial residual = 8.4192075e-05, Final residual = 4.7101586e-07, No Iterations 3
GAMG:  Solving for p, Initial residual = 5.8914786e-06, Final residual = 5.054798e-08, No Iterations 3
smoothSolver:  Solving for omega, Initial residual = 5.8720934e-31, Final residual = 5.8720934e-31, No Iterations 0
smoothSolver:  Solving for k, Initial residual = 8.9331251e-09, Final residual = 8.9331251e-09, No Iterations 0
smoothSolver:  Solving for Ux, Initial residual = 0.00020449937, Final residual = 1.5996163e-05, No Iterations 2
smoothSolver:  Solving for Uy, Initial residual = 0.00060320348, Final residual = 2.8505941e-05, No Iterations 2
smoothSolver:  Solving for Uz, Initial residual = 0.00059933947, Final residual = 4.5593121e-05, No Iterations 2
GAMG:  Solving for p, Initial residual = 8.3144e-05, Final residual = 4.5783592e-07, No Iterations 3
GAMG:  Solving for p, Initial residual = 6.5951425e-06, Final residual = 4.8042303e-08, No Iterations 3
smoothSolver:  Solving for omega, Initial residual = 5.8720934e-31, Final residual = 5.8720934e-31, No Iterations 0
smoothSolver:  Solving for k, Initial residual = 8.9331251e-09, Final residual = 8.9331251e-09, No Iterations 0
smoothSolver:  Solving for Ux, Initial residual = 0.0002066149, Final residual = 2.0346671e-05, No Iterations 2
smoothSolver:  Solving for Uy, Initial residual = 0.0005941993, Final residual = 3.0594061e-05, No Iterations 2
smoothSolver:  Solving for Uz, Initial residual = 0.00058984959, Final residual = 3.7558568e-05, No Iterations 2
GAMG:  Solving for p, Initial residual = 8.4296245e-05, Final residual = 4.2186208e-07, No Iterations 3
GAMG:  Solving for p, Initial residual = 6.2585722e-06, Final residual = 4.231031e-08, No Iterations 3
smoothSolver:  Solving for omega, Initial residual = 5.8720934e-31, Final residual = 5.8720934e-31, No Iterations 0
smoothSolver:  Solving for k, Initial residual = 8.9331251e-09, Final residual = 8.9331251e-09, No Iterations 0
smoothSolver:  Solving for Ux, Initial residual = 0.00019243463, Final residual = 1.1840356e-05, No Iterations 2
smoothSolver:  Solving for Uy, Initial residual = 0.00059821208, Final residual = 2.7188399e-05, No Iterations 2
smoothSolver:  Solving for Uz, Initial residual = 0.00056950656, Final residual = 3.8384856e-05, No Iterations 2
GAMG:  Solving for p, Initial residual = 9.6006216e-05, Final residual = 5.5075941e-07, No Iterations 3
GAMG:  Solving for p, Initial residual = 7.1258579e-06, Final residual = 6.8506934e-08, No Iterations 3
smoothSolver:  Solving for omega, Initial residual = 5.8720934e-31, Final residual = 5.8720934e-31, No Iterations 0
smoothSolver:  Solving for k, Initial residual = 8.9331251e-09, Final residual = 8.9331251e-09, No Iterations 0
smoothSolver:  Solving for Ux, Initial residual = 0.00019992268, Final residual = 9.3439463e-06, No Iterations 3
smoothSolver:  Solving for Uy, Initial residual = 0.00056929236, Final residual = 3.0998771e-05, No Iterations 2
smoothSolver:  Solving for Uz, Initial residual = 0.00060245099, Final residual = 4.0845041e-05, No Iterations 2
GAMG:  Solving for p, Initial residual = 8.5562404e-05, Final residual = 4.2450422e-07, No Iterations 3
GAMG:  Solving for p, Initial residual = 6.4133369e-06, Final residual = 3.92613e-08, No Iterations 3
smoothSolver:  Solving for omega, Initial residual = 5.8720934e-31, Final residual = 5.8720934e-31, No Iterations 0
smoothSolver:  Solving for k, Initial residual = 8.9331251e-09, Final residual = 8.9331251e-09, No Iterations 0
smoothSolver:  Solving for Ux, Initial residual = 0.00018920735, Final residual = 1.1796592e-05, No Iterations 2
smoothSolver:  Solving for Uy, Initial residual = 0.00057612287, Final residual = 2.7913731e-05, No Iterations 2
smoothSolver:  Solving for Uz, Initial residual = 0.00054989238, Final residual = 3.3272939e-05, No Iterations 2
GAMG:  Solving for p, Initial residual = 8.4420259e-05, Final residual = 4.8126322e-07, No Iterations 3
GAMG:  Solving for p, Initial residual = 5.8334604e-06, Final residual = 3.5740582e-08, No Iterations 3
smoothSolver:  Solving for omega, Initial residual = 5.8720934e-31, Final residual = 5.8720934e-31, No Iterations 0
smoothSolver:  Solving for k, Initial residual = 8.9331251e-09, Final residual = 8.9331251e-09, No Iterations 0
smoothSolver:  Solving for Ux, Initial residual = 0.00019973888, Final residual = 1.8543058e-05, No Iterations 2
smoothSolver:  Solving for Uy, Initial residual = 0.00055692054, Final residual = 3.2864721e-05, No Iterations 2
smoothSolver:  Solving for Uz, Initial residual = 0.00058879394, Final residual = 4.7432338e-05, No Iterations 2
GAMG:  Solving for p, Initial residual = 8.5563769e-05, Final residual = 3.2848449e-07, No Iterations 3
GAMG:  Solving for p, Initial residual = 6.5941635e-06, Final residual = 8.7216057e-08, No Iterations 2
smoothSolver:  Solving for omega, Initial residual = 5.8720934e-31, Final residual = 5.8720934e-31, No Iterations 0
smoothSolver:  Solving for k, Initial residual = 8.9331251e-09, Final residual = 8.9331251e-09, No Iterations 0
smoothSolver:  Solving for Ux, Initial residual = 0.00019359709, Final residual = 1.4868977e-05, No Iterations 2
smoothSolver:  Solving for Uy, Initial residual = 0.00058383725, Final residual = 3.1508645e-05, No Iterations 2
smoothSolver:  Solving for Uz, Initial residual = 0.00054949686, Final residual = 2.9134495e-05, No Iterations 2
GAMG:  Solving for p, Initial residual = 8.4277953e-05, Final residual = 4.398106e-07, No Iterations 3
GAMG:  Solving for p, Initial residual = 5.5774068e-06, Final residual = 4.0678487e-08, No Iterations 3
smoothSolver:  Solving for omega, Initial residual = 5.8720934e-31, Final residual = 5.8720934e-31, No Iterations 0
smoothSolver:  Solving for k, Initial residual = 8.9331251e-09, Final residual = 8.9331251e-09, No Iterations 0
smoothSolver:  Solving for Ux, Initial residual = 0.00020317724, Final residual = 1.7355359e-05, No Iterations 2
smoothSolver:  Solving for Uy, Initial residual = 0.00057371868, Final residual = 3.106432e-05, No Iterations 2
smoothSolver:  Solving for Uz, Initial residual = 0.000604312, Final residual = 4.9662149e-05, No Iterations 2
GAMG:  Solving for p, Initial residual = 8.3347718e-05, Final residual = 3.8740519e-07, No Iterations 3
GAMG:  Solving for p, Initial residual = 6.6594429e-06, Final residual = 4.8638026e-08, No Iterations 3
smoothSolver:  Solving for omega, Initial residual = 5.8720934e-31, Final residual = 5.8720934e-31, No Iterations 0
smoothSolver:  Solving for k, Initial residual = 8.9331251e-09, Final residual = 8.9331251e-09, No Iterations 0
smoothSolver:  Solving for Ux, Initial residual = 0.00020196512, Final residual = 1.8142905e-05, No Iterations 2
smoothSolver:  Solving for Uy, Initial residual = 0.00058784099, Final residual = 3.204565e-05, No Iterations 2
smoothSolver:  Solving for Uz, Initial residual = 0.00055916722, Final residual = 2.8445748e-05, No Iterations 2
GAMG:  Solving for p, Initial residual = 8.467067e-05, Final residual = 4.8395589e-07, No Iterations 3
GAMG:  Solving for p, Initial residual = 6.0359299e-06, Final residual = 5.2977471e-08, No Iterations 3
smoothSolver:  Solving for omega, Initial residual = 5.8720934e-31, Final residual = 5.8720934e-31, No Iterations 0
smoothSolver:  Solving for k, Initial residual = 8.9331251e-09, Final residual = 8.9331251e-09, No Iterations 0
smoothSolver:  Solving for Ux, Initial residual = 0.00020694223, Final residual = 1.5837497e-05, No Iterations 2
smoothSolver:  Solving for Uy, Initial residual = 0.00060898462, Final residual = 2.9895927e-05, No Iterations 2
smoothSolver:  Solving for Uz, Initial residual = 0.00060253659, Final residual = 4.8344172e-05, No Iterations 2
GAMG:  Solving for p, Initial residual = 8.3388082e-05, Final residual = 4.3345057e-07, No Iterations 3
GAMG:  Solving for p, Initial residual = 6.4295086e-06, Final residual = 4.4374974e-08, No Iterations 3
smoothSolver:  Solving for omega, Initial residual = 5.8720934e-31, Final residual = 5.8720934e-31, No Iterations 0
smoothSolver:  Solving for k, Initial residual = 8.9331251e-09, Final residual = 8.9331251e-09, No Iterations 0
smoothSolver:  Solving for Ux, Initial residual = 0.00020470407, Final residual = 1.9843509e-05, No Iterations 2
smoothSolver:  Solving for Uy, Initial residual = 0.00058144091, Final residual = 2.9113681e-05, No Iterations 2
smoothSolver:  Solving for Uz, Initial residual = 0.00058531783, Final residual = 3.463776e-05, No Iterations 2
GAMG:  Solving for p, Initial residual = 8.3875716e-05, Final residual = 3.6758117e-07, No Iterations 3
GAMG:  Solving for p, Initial residual = 6.1090344e-06, Final residual = 3.8206566e-08, No Iterations 3
smoothSolver:  Solving for omega, Initial residual = 5.8720934e-31, Final residual = 5.8720934e-31, No Iterations 0
smoothSolver:  Solving for k, Initial residual = 8.9331251e-09, Final residual = 8.9331251e-09, No Iterations 0
smoothSolver:  Solving for Ux, Initial residual = 0.00019135769, Final residual = 1.2147779e-05, No Iterations 2
smoothSolver:  Solving for Uy, Initial residual = 0.00058516741, Final residual = 2.6742616e-05, No Iterations 2
smoothSolver:  Solving for Uz, Initial residual = 0.00056632405, Final residual = 3.9007664e-05, No Iterations 2
GAMG:  Solving for p, Initial residual = 9.1335363e-05, Final residual = 6.0209628e-07, No Iterations 3
GAMG:  Solving for p, Initial residual = 7.0052615e-06, Final residual = 7.0763857e-08, No Iterations 3
smoothSolver:  Solving for omega, Initial residual = 5.8720934e-31, Final residual = 5.8720934e-31, No Iterations 0
smoothSolver:  Solving for k, Initial residual = 8.9331251e-09, Final residual = 8.9331251e-09, No Iterations 0
smoothSolver:  Solving for Ux, Initial residual = 0.00019907955, Final residual = 9.5137111e-06, No Iterations 3
smoothSolver:  Solving for Uy, Initial residual = 0.0005768505, Final residual = 3.2639543e-05, No Iterations 2
smoothSolver:  Solving for Uz, Initial residual = 0.00059724708, Final residual = 4.183388e-05, No Iterations 2
GAMG:  Solving for p, Initial residual = 8.4254839e-05, Final residual = 4.599472e-07, No Iterations 3
GAMG:  Solving for p, Initial residual = 6.3331689e-06, Final residual = 4.3651808e-08, No Iterations 3
smoothSolver:  Solving for omega, Initial residual = 5.8720934e-31, Final residual = 5.8720934e-31, No Iterations 0
smoothSolver:  Solving for k, Initial residual = 8.9331251e-09, Final residual = 8.9331251e-09, No Iterations 0
smoothSolver:  Solving for Ux, Initial residual = 0.0001901187, Final residual = 1.1190275e-05, No Iterations 2
smoothSolver:  Solving for Uy, Initial residual = 0.00058727901, Final residual = 2.7572377e-05, No Iterations 2
smoothSolver:  Solving for Uz, Initial residual = 0.00054858464, Final residual = 3.4849852e-05, No Iterations 2
GAMG:  Solving for p, Initial residual = 8.4650663e-05, Final residual = 4.7478462e-07, No Iterations 3
GAMG:  Solving for p, Initial residual = 5.8465753e-06, Final residual = 3.4120112e-08, No Iterations 3
smoothSolver:  Solving for omega, Initial residual = 5.8720934e-31, Final residual = 5.8720934e-31, No Iterations 0
smoothSolver:  Solving for k, Initial residual = 8.9331251e-09, Final residual = 8.9331251e-09, No Iterations 0
smoothSolver:  Solving for Ux, Initial residual = 0.0001998885, Final residual = 1.8730132e-05, No Iterations 2
smoothSolver:  Solving for Uy, Initial residual = 0.00055049441, Final residual = 3.0979641e-05, No Iterations 2
smoothSolver:  Solving for Uz, Initial residual = 0.00058637175, Final residual = 4.5055399e-05, No Iterations 2
GAMG:  Solving for p, Initial residual = 8.4832392e-05, Final residual = 3.1085912e-07, No Iterations 3
GAMG:  Solving for p, Initial residual = 6.5588543e-06, Final residual = 7.8685879e-08, No Iterations 2
smoothSolver:  Solving for omega, Initial residual = 5.8720934e-31, Final residual = 5.8720934e-31, No Iterations 0
smoothSolver:  Solving for k, Initial residual = 8.9331251e-09, Final residual = 8.9331251e-09, No Iterations 0
smoothSolver:  Solving for Ux, Initial residual = 0.00019135336, Final residual = 1.4322113e-05, No Iterations 2
smoothSolver:  Solving for Uy, Initial residual = 0.00057523256, Final residual = 3.1182889e-05, No Iterations 2
smoothSolver:  Solving for Uz, Initial residual = 0.00054765749, Final residual = 2.9871006e-05, No Iterations 2
GAMG:  Solving for p, Initial residual = 8.3303229e-05, Final residual = 4.3350525e-07, No Iterations 3
GAMG:  Solving for p, Initial residual = 5.536095e-06, Final residual = 9.8525698e-08, No Iterations 2
smoothSolver:  Solving for omega, Initial residual = 5.8720934e-31, Final residual = 5.8720934e-31, No Iterations 0
smoothSolver:  Solving for k, Initial residual = 8.9331251e-09, Final residual = 8.9331251e-09, No Iterations 0
smoothSolver:  Solving for Ux, Initial residual = 0.00019696521, Final residual = 1.73614e-05, No Iterations 2
smoothSolver:  Solving for Uy, Initial residual = 0.00055143544, Final residual = 3.0739114e-05, No Iterations 2
smoothSolver:  Solving for Uz, Initial residual = 0.00058261518, Final residual = 4.9617135e-05, No Iterations 2
GAMG:  Solving for p, Initial residual = 8.22929e-05, Final residual = 3.281917e-07, No Iterations 3
GAMG:  Solving for p, Initial residual = 6.3611081e-06, Final residual = 4.1732553e-08, No Iterations 3
smoothSolver:  Solving for omega, Initial residual = 5.8720934e-31, Final residual = 5.8720934e-31, No Iterations 0
smoothSolver:  Solving for k, Initial residual = 8.9331251e-09, Final residual = 8.9331251e-09, No Iterations 0
smoothSolver:  Solving for Ux, Initial residual = 0.00019236002, Final residual = 1.6603149e-05, No Iterations 2
smoothSolver:  Solving for Uy, Initial residual = 0.00055763455, Final residual = 2.8761888e-05, No Iterations 2
smoothSolver:  Solving for Uz, Initial residual = 0.00054542707, Final residual = 2.6116588e-05, No Iterations 2
GAMG:  Solving for p, Initial residual = 8.2853295e-05, Final residual = 4.4471305e-07, No Iterations 3
GAMG:  Solving for p, Initial residual = 5.7370989e-06, Final residual = 5.0396276e-08, No Iterations 3
smoothSolver:  Solving for omega, Initial residual = 5.8720934e-31, Final residual = 5.8720934e-31, No Iterations 0
smoothSolver:  Solving for k, Initial residual = 8.9331251e-09, Final residual = 8.9331251e-09, No Iterations 0
smoothSolver:  Solving for Ux, Initial residual = 0.00020388497, Final residual = 1.6408091e-05, No Iterations 2
smoothSolver:  Solving for Uy, Initial residual = 0.00058939363, Final residual = 2.824397e-05, No Iterations 2
smoothSolver:  Solving for Uz, Initial residual = 0.00059430324, Final residual = 4.658775e-05, No Iterations 2
GAMG:  Solving for p, Initial residual = 8.2088367e-05, Final residual = 4.5842044e-07, No Iterations 3
GAMG:  Solving for p, Initial residual = 6.6982485e-06, Final residual = 4.9362675e-08, No Iterations 3
smoothSolver:  Solving for omega, Initial residual = 5.8720934e-31, Final residual = 5.8720934e-31, No Iterations 0
smoothSolver:  Solving for k, Initial residual = 8.9331251e-09, Final residual = 8.9331251e-09, No Iterations 0
smoothSolver:  Solving for Ux, Initial residual = 0.00020547328, Final residual = 2.0175514e-05, No Iterations 2
smoothSolver:  Solving for Uy, Initial residual = 0.00059541821, Final residual = 3.1404173e-05, No Iterations 2
smoothSolver:  Solving for Uz, Initial residual = 0.00057710766, Final residual = 3.4736327e-05, No Iterations 2
GAMG:  Solving for p, Initial residual = 8.4390027e-05, Final residual = 4.1429298e-07, No Iterations 3
GAMG:  Solving for p, Initial residual = 6.2990991e-06, Final residual = 4.394174e-08, No Iterations 3
smoothSolver:  Solving for omega, Initial residual = 5.8720934e-31, Final residual = 5.8720934e-31, No Iterations 0
smoothSolver:  Solving for k, Initial residual = 8.9331251e-09, Final residual = 8.9331251e-09, No Iterations 0
smoothSolver:  Solving for Ux, Initial residual = 0.00019522579, Final residual = 1.2541424e-05, No Iterations 2
smoothSolver:  Solving for Uy, Initial residual = 0.00060171108, Final residual = 2.8426919e-05, No Iterations 2
smoothSolver:  Solving for Uz, Initial residual = 0.00057461013, Final residual = 4.0766301e-05, No Iterations 2
GAMG:  Solving for p, Initial residual = 8.569916e-05, Final residual = 5.264771e-07, No Iterations 3
GAMG:  Solving for p, Initial residual = 6.3277847e-06, Final residual = 5.5654828e-08, No Iterations 3
smoothSolver:  Solving for omega, Initial residual = 5.8720934e-31, Final residual = 5.8720934e-31, No Iterations 0
smoothSolver:  Solving for k, Initial residual = 8.9331251e-09, Final residual = 8.9331251e-09, No Iterations 0
smoothSolver:  Solving for Ux, Initial residual = 0.00019574067, Final residual = 9.2429588e-06, No Iterations 3
smoothSolver:  Solving for Uy, Initial residual = 0.00055754636, Final residual = 3.0085896e-05, No Iterations 2
smoothSolver:  Solving for Uz, Initial residual = 0.00057500075, Final residual = 3.9238022e-05, No Iterations 2
GAMG:  Solving for p, Initial residual = 8.241209e-05, Final residual = 4.3262437e-07, No Iterations 3
GAMG:  Solving for p, Initial residual = 6.0632502e-06, Final residual = 4.1634622e-08, No Iterations 3
smoothSolver:  Solving for omega, Initial residual = 5.8720934e-31, Final residual = 5.8720934e-31, No Iterations 0
smoothSolver:  Solving for k, Initial residual = 8.9331251e-09, Final residual = 8.9331251e-09, No Iterations 0
smoothSolver:  Solving for Ux, Initial residual = 0.00018468748, Final residual = 1.0838467e-05, No Iterations 2
smoothSolver:  Solving for Uy, Initial residual = 0.00055875852, Final residual = 2.7079373e-05, No Iterations 2
smoothSolver:  Solving for Uz, Initial residual = 0.00053901354, Final residual = 3.4868235e-05, No Iterations 2
GAMG:  Solving for p, Initial residual = 8.5815574e-05, Final residual = 5.0520931e-07, No Iterations 3
GAMG:  Solving for p, Initial residual = 6.0923751e-06, Final residual = 4.4470228e-08, No Iterations 3
smoothSolver:  Solving for omega, Initial residual = 5.8720934e-31, Final residual = 5.8720934e-31, No Iterations 0
smoothSolver:  Solving for k, Initial residual = 8.9331251e-09, Final residual = 8.9331251e-09, No Iterations 0
smoothSolver:  Solving for Ux, Initial residual = 0.00019557729, Final residual = 1.8600222e-05, No Iterations 2
smoothSolver:  Solving for Uy, Initial residual = 0.00054844378, Final residual = 3.1837056e-05, No Iterations 2
smoothSolver:  Solving for Uz, Initial residual = 0.00057623568, Final residual = 4.3833716e-05, No Iterations 2
GAMG:  Solving for p, Initial residual = 8.6077915e-05, Final residual = 3.3508206e-07, No Iterations 3
GAMG:  Solving for p, Initial residual = 6.6316286e-06, Final residual = 8.5475716e-08, No Iterations 2
smoothSolver:  Solving for omega, Initial residual = 5.8720934e-31, Final residual = 5.8720934e-31, No Iterations 0
smoothSolver:  Solving for k, Initial residual = 8.9331251e-09, Final residual = 8.9331251e-09, No Iterations 0
smoothSolver:  Solving for Ux, Initial residual = 0.00019013765, Final residual = 1.3314826e-05, No Iterations 2
smoothSolver:  Solving for Uy, Initial residual = 0.00057843675, Final residual = 3.0426387e-05, No Iterations 2
smoothSolver:  Solving for Uz, Initial residual = 0.00054555832, Final residual = 3.1768683e-05, No Iterations 2
GAMG:  Solving for p, Initial residual = 8.3539352e-05, Final residual = 4.373942e-07, No Iterations 3
GAMG:  Solving for p, Initial residual = 5.7053553e-06, Final residual = 9.7945383e-08, No Iterations 2
smoothSolver:  Solving for omega, Initial residual = 5.8720934e-31, Final residual = 5.8720934e-31, No Iterations 0
smoothSolver:  Solving for k, Initial residual = 8.9331251e-09, Final residual = 8.9331251e-09, No Iterations 0
smoothSolver:  Solving for Ux, Initial residual = 0.00020372825, Final residual = 1.8577046e-05, No Iterations 2
smoothSolver:  Solving for Uy, Initial residual = 0.00056142514, Final residual = 3.1457067e-05, No Iterations 2
smoothSolver:  Solving for Uz, Initial residual = 0.00060123447, Final residual = 4.9063532e-05, No Iterations 2
GAMG:  Solving for p, Initial residual = 8.3896871e-05, Final residual = 3.3519342e-07, No Iterations 3
GAMG:  Solving for p, Initial residual = 6.6936331e-06, Final residual = 4.2594926e-08, No Iterations 3
smoothSolver:  Solving for omega, Initial residual = 5.8720934e-31, Final residual = 5.8720934e-31, No Iterations 0
smoothSolver:  Solving for k, Initial residual = 8.9331251e-09, Final residual = 8.9331251e-09, No Iterations 0
smoothSolver:  Solving for Ux, Initial residual = 0.00019856338, Final residual = 1.7122823e-05, No Iterations 2
smoothSolver:  Solving for Uy, Initial residual = 0.00058850126, Final residual = 3.2799517e-05, No Iterations 2
smoothSolver:  Solving for Uz, Initial residual = 0.0005553038, Final residual = 2.5794315e-05, No Iterations 2
GAMG:  Solving for p, Initial residual = 8.5479853e-05, Final residual = 4.2003174e-07, No Iterations 3
GAMG:  Solving for p, Initial residual = 5.8997567e-06, Final residual = 4.9868323e-08, No Iterations 3
smoothSolver:  Solving for omega, Initial residual = 5.8720934e-31, Final residual = 5.8720934e-31, No Iterations 0
smoothSolver:  Solving for k, Initial residual = 8.9331251e-09, Final residual = 8.9331251e-09, No Iterations 0
smoothSolver:  Solving for Ux, Initial residual = 0.00020746148, Final residual = 1.5797002e-05, No Iterations 2
smoothSolver:  Solving for Uy, Initial residual = 0.00059531, Final residual = 3.0735896e-05, No Iterations 2
smoothSolver:  Solving for Uz, Initial residual = 0.00059960677, Final residual = 5.0759251e-05, No Iterations 2
GAMG:  Solving for p, Initial residual = 8.2737813e-05, Final residual = 3.9526024e-07, No Iterations 3
GAMG:  Solving for p, Initial residual = 6.4337538e-06, Final residual = 4.4771557e-08, No Iterations 3
smoothSolver:  Solving for omega, Initial residual = 5.8720934e-31, Final residual = 5.8720934e-31, No Iterations 0
smoothSolver:  Solving for k, Initial residual = 8.9331251e-09, Final residual = 8.9331251e-09, No Iterations 0
smoothSolver:  Solving for Ux, Initial residual = 0.00020396182, Final residual = 1.9171826e-05, No Iterations 2
smoothSolver:  Solving for Uy, Initial residual = 0.0005772275, Final residual = 2.8699703e-05, No Iterations 2
smoothSolver:  Solving for Uz, Initial residual = 0.00057013429, Final residual = 3.0831292e-05, No Iterations 2
GAMG:  Solving for p, Initial residual = 8.3620713e-05, Final residual = 3.9591766e-07, No Iterations 3
GAMG:  Solving for p, Initial residual = 6.0065436e-06, Final residual = 4.2338462e-08, No Iterations 3
smoothSolver:  Solving for omega, Initial residual = 5.8720934e-31, Final residual = 5.8720934e-31, No Iterations 0
smoothSolver:  Solving for k, Initial residual = 8.9331251e-09, Final residual = 8.9331251e-09, No Iterations 0
smoothSolver:  Solving for Ux, Initial residual = 0.00019814169, Final residual = 1.388455e-05, No Iterations 2
smoothSolver:  Solving for Uy, Initial residual = 0.00059405173, Final residual = 2.7777714e-05, No Iterations 2
smoothSolver:  Solving for Uz, Initial residual = 0.00058245709, Final residual = 4.2504285e-05, No Iterations 2
GAMG:  Solving for p, Initial residual = 8.5358204e-05, Final residual = 5.9184792e-07, No Iterations 3
GAMG:  Solving for p, Initial residual = 6.7276285e-06, Final residual = 6.4273927e-08, No Iterations 3
smoothSolver:  Solving for omega, Initial residual = 5.8720934e-31, Final residual = 5.8720934e-31, No Iterations 0
smoothSolver:  Solving for k, Initial residual = 8.9331251e-09, Final residual = 8.9331251e-09, No Iterations 0
smoothSolver:  Solving for Ux, Initial residual = 0.0002021521, Final residual = 9.6083076e-06, No Iterations 3
smoothSolver:  Solving for Uy, Initial residual = 0.00058940038, Final residual = 3.159217e-05, No Iterations 2
smoothSolver:  Solving for Uz, Initial residual = 0.0005887508, Final residual = 4.0617499e-05, No Iterations 2
GAMG:  Solving for p, Initial residual = 8.4586651e-05, Final residual = 4.8652234e-07, No Iterations 3
GAMG:  Solving for p, Initial residual = 6.3132859e-06, Final residual = 4.6933893e-08, No Iterations 3
smoothSolver:  Solving for omega, Initial residual = 5.8720934e-31, Final residual = 5.8720934e-31, No Iterations 0
smoothSolver:  Solving for k, Initial residual = 8.9331251e-09, Final residual = 8.9331251e-09, No Iterations 0
smoothSolver:  Solving for Ux, Initial residual = 0.00019315795, Final residual = 1.1682335e-05, No Iterations 2
smoothSolver:  Solving for Uy, Initial residual = 0.00059460896, Final residual = 2.7720283e-05, No Iterations 2
smoothSolver:  Solving for Uz, Initial residual = 0.0005529278, Final residual = 3.7392823e-05, No Iterations 2
GAMG:  Solving for p, Initial residual = 8.7272194e-05, Final residual = 4.8451587e-07, No Iterations 3
GAMG:  Solving for p, Initial residual = 6.2060532e-06, Final residual = 4.4661455e-08, No Iterations 3
smoothSolver:  Solving for omega, Initial residual = 5.8720934e-31, Final residual = 5.8720934e-31, No Iterations 0
smoothSolver:  Solving for k, Initial residual = 8.9331251e-09, Final residual = 8.9331251e-09, No Iterations 0
smoothSolver:  Solving for Ux, Initial residual = 0.00019850278, Final residual = 1.9110941e-05, No Iterations 2
smoothSolver:  Solving for Uy, Initial residual = 0.00055549352, Final residual = 3.0315629e-05, No Iterations 2
smoothSolver:  Solving for Uz, Initial residual = 0.00058570808, Final residual = 4.2684131e-05, No Iterations 2
GAMG:  Solving for p, Initial residual = 8.4689243e-05, Final residual = 3.5501615e-07, No Iterations 3
GAMG:  Solving for p, Initial residual = 6.5108195e-06, Final residual = 8.9807971e-08, No Iterations 2
smoothSolver:  Solving for omega, Initial residual = 5.8720934e-31, Final residual = 5.8720934e-31, No Iterations 0
smoothSolver:  Solving for k, Initial residual = 8.9331251e-09, Final residual = 8.9331251e-09, No Iterations 0
smoothSolver:  Solving for Ux, Initial residual = 0.00019010591, Final residual = 1.2866093e-05, No Iterations 2
smoothSolver:  Solving for Uy, Initial residual = 0.00056678841, Final residual = 3.013454e-05, No Iterations 2
smoothSolver:  Solving for Uz, Initial residual = 0.00054280774, Final residual = 3.2452907e-05, No Iterations 2
GAMG:  Solving for p, Initial residual = 8.2935753e-05, Final residual = 4.6280721e-07, No Iterations 3
GAMG:  Solving for p, Initial residual = 5.5995361e-06, Final residual = 4.0052341e-08, No Iterations 3
smoothSolver:  Solving for omega, Initial residual = 5.8720934e-31, Final residual = 5.8720934e-31, No Iterations 0
smoothSolver:  Solving for k, Initial residual = 8.9331251e-09, Final residual = 8.9331251e-09, No Iterations 0
smoothSolver:  Solving for Ux, Initial residual = 0.00019903462, Final residual = 1.8612152e-05, No Iterations 2
smoothSolver:  Solving for Uy, Initial residual = 0.00054481942, Final residual = 3.0996813e-05, No Iterations 2
smoothSolver:  Solving for Uz, Initial residual = 0.00059007888, Final residual = 4.9712962e-05, No Iterations 2
GAMG:  Solving for p, Initial residual = 8.3560222e-05, Final residual = 3.0586082e-07, No Iterations 3
GAMG:  Solving for p, Initial residual = 6.4945982e-06, Final residual = 8.7124073e-08, No Iterations 2
smoothSolver:  Solving for omega, Initial residual = 5.8720934e-31, Final residual = 5.8720934e-31, No Iterations 0
smoothSolver:  Solving for k, Initial residual = 8.9331251e-09, Final residual = 8.9331251e-09, No Iterations 0
smoothSolver:  Solving for Ux, Initial residual = 0.00019257811, Final residual = 1.6070708e-05, No Iterations 2
smoothSolver:  Solving for Uy, Initial residual = 0.00056704877, Final residual = 3.000859e-05, No Iterations 2
smoothSolver:  Solving for Uz, Initial residual = 0.00054539881, Final residual = 2.4923761e-05, No Iterations 2
GAMG:  Solving for p, Initial residual = 8.4782968e-05, Final residual = 3.9613511e-07, No Iterations 3
GAMG:  Solving for p, Initial residual = 5.7345683e-06, Final residual = 4.8364859e-08, No Iterations 3
smoothSolver:  Solving for omega, Initial residual = 5.8720934e-31, Final residual = 5.8720934e-31, No Iterations 0
smoothSolver:  Solving for k, Initial residual = 8.9331251e-09, Final residual = 8.9331251e-09, No Iterations 0
smoothSolver:  Solving for Ux, Initial residual = 0.00020601958, Final residual = 1.6543091e-05, No Iterations 2
smoothSolver:  Solving for Uy, Initial residual = 0.00058850335, Final residual = 3.0029472e-05, No Iterations 2
smoothSolver:  Solving for Uz, Initial residual = 0.00060752822, Final residual = 5.0981644e-05, No Iterations 2
GAMG:  Solving for p, Initial residual = 8.2451085e-05, Final residual = 4.0312028e-07, No Iterations 3
GAMG:  Solving for p, Initial residual = 6.7244973e-06, Final residual = 4.5783681e-08, No Iterations 3
smoothSolver:  Solving for omega, Initial residual = 5.8720934e-31, Final residual = 5.8720934e-31, No Iterations 0
smoothSolver:  Solving for k, Initial residual = 8.9331251e-09, Final residual = 8.9331251e-09, No Iterations 0
smoothSolver:  Solving for Ux, Initial residual = 0.000206456, Final residual = 1.9353225e-05, No Iterations 2
smoothSolver:  Solving for Uy, Initial residual = 0.00058879314, Final residual = 3.0845349e-05, No Iterations 2
smoothSolver:  Solving for Uz, Initial residual = 0.00057346208, Final residual = 3.0627165e-05, No Iterations 2
GAMG:  Solving for p, Initial residual = 8.4013055e-05, Final residual = 4.1891714e-07, No Iterations 3
GAMG:  Solving for p, Initial residual = 6.0563209e-06, Final residual = 4.3889891e-08, No Iterations 3
smoothSolver:  Solving for omega, Initial residual = 5.8720934e-31, Final residual = 5.8720934e-31, No Iterations 0
smoothSolver:  Solving for k, Initial residual = 8.9331251e-09, Final residual = 8.9331251e-09, No Iterations 0
smoothSolver:  Solving for Ux, Initial residual = 0.00020126774, Final residual = 1.4208299e-05, No Iterations 2
smoothSolver:  Solving for Uy, Initial residual = 0.00060003892, Final residual = 2.9465575e-05, No Iterations 2
smoothSolver:  Solving for Uz, Initial residual = 0.00058950379, Final residual = 4.4428141e-05, No Iterations 2
GAMG:  Solving for p, Initial residual = 8.4212932e-05, Final residual = 5.2933454e-07, No Iterations 3
GAMG:  Solving for p, Initial residual = 6.4148634e-06, Final residual = 5.6706978e-08, No Iterations 3
smoothSolver:  Solving for omega, Initial residual = 5.8720934e-31, Final residual = 5.8720934e-31, No Iterations 0
smoothSolver:  Solving for k, Initial residual = 8.9331251e-09, Final residual = 8.9331251e-09, No Iterations 0
smoothSolver:  Solving for Ux, Initial residual = 0.0002005328, Final residual = 9.2237694e-06, No Iterations 3
smoothSolver:  Solving for Uy, Initial residual = 0.00057089993, Final residual = 2.8572321e-05, No Iterations 2
smoothSolver:  Solving for Uz, Initial residual = 0.00057738905, Final residual = 3.7734495e-05, No Iterations 2
GAMG:  Solving for p, Initial residual = 8.3568715e-05, Final residual = 4.7023839e-07, No Iterations 3
GAMG:  Solving for p, Initial residual = 6.067637e-06, Final residual = 4.4884235e-08, No Iterations 3
smoothSolver:  Solving for omega, Initial residual = 5.8720934e-31, Final residual = 5.8720934e-31, No Iterations 0
smoothSolver:  Solving for k, Initial residual = 8.9331251e-09, Final residual = 8.9331251e-09, No Iterations 0
smoothSolver:  Solving for Ux, Initial residual = 0.00019028046, Final residual = 1.2154068e-05, No Iterations 2
smoothSolver:  Solving for Uy, Initial residual = 0.00057302977, Final residual = 2.6777601e-05, No Iterations 2
smoothSolver:  Solving for Uz, Initial residual = 0.00055256766, Final residual = 3.6729714e-05, No Iterations 2
GAMG:  Solving for p, Initial residual = 8.8540917e-05, Final residual = 5.056174e-07, No Iterations 3
GAMG:  Solving for p, Initial residual = 6.5641343e-06, Final residual = 5.1114317e-08, No Iterations 3
smoothSolver:  Solving for omega, Initial residual = 5.8720934e-31, Final residual = 5.8720934e-31, No Iterations 0
smoothSolver:  Solving for k, Initial residual = 8.9331251e-09, Final residual = 8.9331251e-09, No Iterations 0
smoothSolver:  Solving for Ux, Initial residual = 0.00019868564, Final residual = 1.9538829e-05, No Iterations 2
smoothSolver:  Solving for Uy, Initial residual = 0.00056856148, Final residual = 3.1903759e-05, No Iterations 2
smoothSolver:  Solving for Uz, Initial residual = 0.00058828459, Final residual = 4.1744129e-05, No Iterations 2
GAMG:  Solving for p, Initial residual = 8.5851557e-05, Final residual = 3.7105302e-07, No Iterations 3
GAMG:  Solving for p, Initial residual = 6.6216148e-06, Final residual = 9.8070859e-08, No Iterations 2
smoothSolver:  Solving for omega, Initial residual = 5.8720934e-31, Final residual = 5.8720934e-31, No Iterations 0
smoothSolver:  Solving for k, Initial residual = 8.9331251e-09, Final residual = 8.9331251e-09, No Iterations 0
smoothSolver:  Solving for Ux, Initial residual = 0.00019190254, Final residual = 1.238785e-05, No Iterations 2
smoothSolver:  Solving for Uy, Initial residual = 0.00058104685, Final residual = 3.0189806e-05, No Iterations 2
smoothSolver:  Solving for Uz, Initial residual = 0.00054423486, Final residual = 3.4076388e-05, No Iterations 2
GAMG:  Solving for p, Initial residual = 8.2584214e-05, Final residual = 4.5900679e-07, No Iterations 3
GAMG:  Solving for p, Initial residual = 5.5550825e-06, Final residual = 3.9744642e-08, No Iterations 3
smoothSolver:  Solving for omega, Initial residual = 5.8720934e-31, Final residual = 5.8720934e-31, No Iterations 0
smoothSolver:  Solving for k, Initial residual = 8.9331251e-09, Final residual = 8.9331251e-09, No Iterations 0
smoothSolver:  Solving for Ux, Initial residual = 0.00020175579, Final residual = 1.9023419e-05, No Iterations 2
smoothSolver:  Solving for Uy, Initial residual = 0.000545503, Final residual = 3.1686075e-05, No Iterations 2
smoothSolver:  Solving for Uz, Initial residual = 0.00059672744, Final residual = 4.8551961e-05, No Iterations 2
GAMG:  Solving for p, Initial residual = 8.3455847e-05, Final residual = 3.0744018e-07, No Iterations 3
GAMG:  Solving for p, Initial residual = 6.5354334e-06, Final residual = 8.623414e-08, No Iterations 2
smoothSolver:  Solving for omega, Initial residual = 5.8720934e-31, Final residual = 5.8720934e-31, No Iterations 0
smoothSolver:  Solving for k, Initial residual = 8.9331251e-09, Final residual = 8.9331251e-09, No Iterations 0
smoothSolver:  Solving for Ux, Initial residual = 0.00019557916, Final residual = 1.6134567e-05, No Iterations 2
smoothSolver:  Solving for Uy, Initial residual = 0.00057277594, Final residual = 3.1472872e-05, No Iterations 2
smoothSolver:  Solving for Uz, Initial residual = 0.00054564114, Final residual = 2.5614086e-05, No Iterations 2
GAMG:  Solving for p, Initial residual = 8.4661053e-05, Final residual = 3.8652032e-07, No Iterations 3
GAMG:  Solving for p, Initial residual = 5.7144376e-06, Final residual = 4.7955638e-08, No Iterations 3
smoothSolver:  Solving for omega, Initial residual = 5.8720934e-31, Final residual = 5.8720934e-31, No Iterations 0
smoothSolver:  Solving for k, Initial residual = 8.9331251e-09, Final residual = 8.9331251e-09, No Iterations 0
smoothSolver:  Solving for Ux, Initial residual = 0.00020210398, Final residual = 1.6362827e-05, No Iterations 2
smoothSolver:  Solving for Uy, Initial residual = 0.00057590847, Final residual = 3.1216672e-05, No Iterations 2
smoothSolver:  Solving for Uz, Initial residual = 0.00059848464, Final residual = 5.1901441e-05, No Iterations 2
GAMG:  Solving for p, Initial residual = 8.2470663e-05, Final residual = 3.5198965e-07, No Iterations 3
GAMG:  Solving for p, Initial residual = 6.5539366e-06, Final residual = 3.9714354e-08, No Iterations 3
smoothSolver:  Solving for omega, Initial residual = 5.8720934e-31, Final residual = 5.8720934e-31, No Iterations 0
smoothSolver:  Solving for k, Initial residual = 8.9331251e-09, Final residual = 8.9331251e-09, No Iterations 0
smoothSolver:  Solving for Ux, Initial residual = 0.00020144557, Final residual = 1.7920283e-05, No Iterations 2
smoothSolver:  Solving for Uy, Initial residual = 0.000571753, Final residual = 2.8578667e-05, No Iterations 2
smoothSolver:  Solving for Uz, Initial residual = 0.00056683626, Final residual = 2.8941573e-05, No Iterations 2
GAMG:  Solving for p, Initial residual = 8.3866339e-05, Final residual = 3.9273601e-07, No Iterations 3
GAMG:  Solving for p, Initial residual = 5.8386487e-06, Final residual = 4.2211746e-08, No Iterations 3
smoothSolver:  Solving for omega, Initial residual = 5.8720934e-31, Final residual = 5.8720934e-31, No Iterations 0
smoothSolver:  Solving for k, Initial residual = 8.9331251e-09, Final residual = 8.9331251e-09, No Iterations 0
smoothSolver:  Solving for Ux, Initial residual = 0.00019979016, Final residual = 1.5186243e-05, No Iterations 2
smoothSolver:  Solving for Uy, Initial residual = 0.00058606417, Final residual = 2.7767512e-05, No Iterations 2
smoothSolver:  Solving for Uz, Initial residual = 0.00058706209, Final residual = 4.4594088e-05, No Iterations 2
GAMG:  Solving for p, Initial residual = 8.1751074e-05, Final residual = 5.3916219e-07, No Iterations 3
GAMG:  Solving for p, Initial residual = 6.5070888e-06, Final residual = 5.8978217e-08, No Iterations 3
smoothSolver:  Solving for omega, Initial residual = 5.8720934e-31, Final residual = 5.8720934e-31, No Iterations 0
smoothSolver:  Solving for k, Initial residual = 8.9331251e-09, Final residual = 8.9331251e-09, No Iterations 0
smoothSolver:  Solving for Ux, Initial residual = 0.00020044581, Final residual = 8.9943989e-06, No Iterations 3
smoothSolver:  Solving for Uy, Initial residual = 0.00058574586, Final residual = 3.0423048e-05, No Iterations 2
smoothSolver:  Solving for Uz, Initial residual = 0.00057552833, Final residual = 3.8288352e-05, No Iterations 2
GAMG:  Solving for p, Initial residual = 8.2423642e-05, Final residual = 4.7741051e-07, No Iterations 3
GAMG:  Solving for p, Initial residual = 6.0147495e-06, Final residual = 4.6165998e-08, No Iterations 3
smoothSolver:  Solving for omega, Initial residual = 5.8720934e-31, Final residual = 5.8720934e-31, No Iterations 0
smoothSolver:  Solving for k, Initial residual = 8.9331251e-09, Final residual = 8.9331251e-09, No Iterations 0
smoothSolver:  Solving for Ux, Initial residual = 0.00018708074, Final residual = 1.2090411e-05, No Iterations 2
smoothSolver:  Solving for Uy, Initial residual = 0.00058450127, Final residual = 2.6507702e-05, No Iterations 2
smoothSolver:  Solving for Uz, Initial residual = 0.00055785395, Final residual = 3.657782e-05, No Iterations 2
GAMG:  Solving for p, Initial residual = 8.9844622e-05, Final residual = 4.7969694e-07, No Iterations 3
GAMG:  Solving for p, Initial residual = 6.6117814e-06, Final residual = 4.6875156e-08, No Iterations 3
smoothSolver:  Solving for omega, Initial residual = 5.8720934e-31, Final residual = 5.8720934e-31, No Iterations 0
smoothSolver:  Solving for k, Initial residual = 8.9331251e-09, Final residual = 8.9331251e-09, No Iterations 0
smoothSolver:  Solving for Ux, Initial residual = 0.00019625403, Final residual = 1.9461925e-05, No Iterations 2
smoothSolver:  Solving for Uy, Initial residual = 0.00055900467, Final residual = 3.0038371e-05, No Iterations 2
smoothSolver:  Solving for Uz, Initial residual = 0.00058646832, Final residual = 3.9301742e-05, No Iterations 2
GAMG:  Solving for p, Initial residual = 8.4392295e-05, Final residual = 3.6694834e-07, No Iterations 3
GAMG:  Solving for p, Initial residual = 6.3983285e-06, Final residual = 9.8025327e-08, No Iterations 2
smoothSolver:  Solving for omega, Initial residual = 5.8720934e-31, Final residual = 5.8720934e-31, No Iterations 0
smoothSolver:  Solving for k, Initial residual = 8.9331251e-09, Final residual = 8.9331251e-09, No Iterations 0
smoothSolver:  Solving for Ux, Initial residual = 0.00018861599, Final residual = 1.1737445e-05, No Iterations 2
smoothSolver:  Solving for Uy, Initial residual = 0.00056433784, Final residual = 2.8042439e-05, No Iterations 2
smoothSolver:  Solving for Uz, Initial residual = 0.0005399998, Final residual = 3.4052788e-05, No Iterations 2
GAMG:  Solving for p, Initial residual = 8.2617898e-05, Final residual = 4.8794266e-07, No Iterations 3
GAMG:  Solving for p, Initial residual = 5.5825076e-06, Final residual = 4.5261712e-08, No Iterations 3
smoothSolver:  Solving for omega, Initial residual = 5.8720934e-31, Final residual = 5.8720934e-31, No Iterations 0
smoothSolver:  Solving for k, Initial residual = 8.9331251e-09, Final residual = 8.9331251e-09, No Iterations 0
smoothSolver:  Solving for Ux, Initial residual = 0.00019833172, Final residual = 1.8781834e-05, No Iterations 2
smoothSolver:  Solving for Uy, Initial residual = 0.00053198148, Final residual = 3.2051024e-05, No Iterations 2
smoothSolver:  Solving for Uz, Initial residual = 0.00057923199, Final residual = 4.6741757e-05, No Iterations 2
GAMG:  Solving for p, Initial residual = 8.3687616e-05, Final residual = 3.2651191e-07, No Iterations 3
GAMG:  Solving for p, Initial residual = 6.4781468e-06, Final residual = 7.6900065e-08, No Iterations 2
smoothSolver:  Solving for omega, Initial residual = 5.8720934e-31, Final residual = 5.8720934e-31, No Iterations 0
smoothSolver:  Solving for k, Initial residual = 8.9331251e-09, Final residual = 8.9331251e-09, No Iterations 0
smoothSolver:  Solving for Ux, Initial residual = 0.00018984842, Final residual = 1.4569155e-05, No Iterations 2
smoothSolver:  Solving for Uy, Initial residual = 0.00056711871, Final residual = 2.9913731e-05, No Iterations 2
smoothSolver:  Solving for Uz, Initial residual = 0.0005421328, Final residual = 2.7346997e-05, No Iterations 2
GAMG:  Solving for p, Initial residual = 8.3301313e-05, Final residual = 3.8409661e-07, No Iterations 3
GAMG:  Solving for p, Initial residual = 5.564352e-06, Final residual = 4.6795047e-08, No Iterations 3
smoothSolver:  Solving for omega, Initial residual = 5.8720934e-31, Final residual = 5.8720934e-31, No Iterations 0
smoothSolver:  Solving for k, Initial residual = 8.9331251e-09, Final residual = 8.9331251e-09, No Iterations 0
smoothSolver:  Solving for Ux, Initial residual = 0.00019861552, Final residual = 1.6967334e-05, No Iterations 2
smoothSolver:  Solving for Uy, Initial residual = 0.00056642416, Final residual = 2.9881207e-05, No Iterations 2
smoothSolver:  Solving for Uz, Initial residual = 0.00059347692, Final residual = 4.9780285e-05, No Iterations 2
GAMG:  Solving for p, Initial residual = 8.1682729e-05, Final residual = 3.4862821e-07, No Iterations 3
GAMG:  Solving for p, Initial residual = 6.6708561e-06, Final residual = 3.985371e-08, No Iterations 3
smoothSolver:  Solving for omega, Initial residual = 5.8720934e-31, Final residual = 5.8720934e-31, No Iterations 0
smoothSolver:  Solving for k, Initial residual = 8.9331251e-09, Final residual = 8.9331251e-09, No Iterations 0
smoothSolver:  Solving for Ux, Initial residual = 0.00020103792, Final residual = 1.8252194e-05, No Iterations 2
smoothSolver:  Solving for Uy, Initial residual = 0.00057821249, Final residual = 3.1265338e-05, No Iterations 2
smoothSolver:  Solving for Uz, Initial residual = 0.00056575837, Final residual = 2.8662559e-05, No Iterations 2
GAMG:  Solving for p, Initial residual = 8.4254409e-05, Final residual = 4.0277013e-07, No Iterations 3
GAMG:  Solving for p, Initial residual = 5.897485e-06, Final residual = 4.3817231e-08, No Iterations 3
smoothSolver:  Solving for omega, Initial residual = 5.8720934e-31, Final residual = 5.8720934e-31, No Iterations 0
smoothSolver:  Solving for k, Initial residual = 8.9331251e-09, Final residual = 8.9331251e-09, No Iterations 0
smoothSolver:  Solving for Ux, Initial residual = 0.00020357475, Final residual = 1.5318357e-05, No Iterations 2
smoothSolver:  Solving for Uy, Initial residual = 0.00059328016, Final residual = 2.904307e-05, No Iterations 2
smoothSolver:  Solving for Uz, Initial residual = 0.00059457138, Final residual = 4.6897481e-05, No Iterations 2
GAMG:  Solving for p, Initial residual = 8.1668382e-05, Final residual = 4.9695737e-07, No Iterations 3
GAMG:  Solving for p, Initial residual = 6.3681727e-06, Final residual = 5.4154853e-08, No Iterations 3
smoothSolver:  Solving for omega, Initial residual = 5.8720934e-31, Final residual = 5.8720934e-31, No Iterations 0
smoothSolver:  Solving for k, Initial residual = 8.9331251e-09, Final residual = 8.9331251e-09, No Iterations 0
smoothSolver:  Solving for Ux, Initial residual = 0.00020054704, Final residual = 1.9428894e-05, No Iterations 2
smoothSolver:  Solving for Uy, Initial residual = 0.00057621932, Final residual = 2.9474491e-05, No Iterations 2
smoothSolver:  Solving for Uz, Initial residual = 0.00056770623, Final residual = 3.5870447e-05, No Iterations 2
GAMG:  Solving for p, Initial residual = 8.2639459e-05, Final residual = 4.7962202e-07, No Iterations 3
GAMG:  Solving for p, Initial residual = 5.9825101e-06, Final residual = 4.7915213e-08, No Iterations 3
smoothSolver:  Solving for omega, Initial residual = 5.8720934e-31, Final residual = 5.8720934e-31, No Iterations 0
smoothSolver:  Solving for k, Initial residual = 8.9331251e-09, Final residual = 8.9331251e-09, No Iterations 0
smoothSolver:  Solving for Ux, Initial residual = 0.00019401568, Final residual = 1.2944239e-05, No Iterations 2
smoothSolver:  Solving for Uy, Initial residual = 0.00059229478, Final residual = 2.6632137e-05, No Iterations 2
smoothSolver:  Solving for Uz, Initial residual = 0.00057167795, Final residual = 3.795151e-05, No Iterations 2
GAMG:  Solving for p, Initial residual = 8.7846104e-05, Final residual = 5.1507294e-07, No Iterations 3
GAMG:  Solving for p, Initial residual = 6.7005038e-06, Final residual = 5.1524523e-08, No Iterations 3
smoothSolver:  Solving for omega, Initial residual = 5.8720934e-31, Final residual = 5.8720934e-31, No Iterations 0
smoothSolver:  Solving for k, Initial residual = 8.9331251e-09, Final residual = 8.9331251e-09, No Iterations 0
smoothSolver:  Solving for Ux, Initial residual = 0.00019934658, Final residual = 9.7757561e-06, No Iterations 3
smoothSolver:  Solving for Uy, Initial residual = 0.00057538595, Final residual = 3.1549449e-05, No Iterations 2
smoothSolver:  Solving for Uz, Initial residual = 0.00058973055, Final residual = 3.9291412e-05, No Iterations 2
GAMG:  Solving for p, Initial residual = 8.5112215e-05, Final residual = 3.7622795e-07, No Iterations 3
GAMG:  Solving for p, Initial residual = 6.3690333e-06, Final residual = 3.7778444e-08, No Iterations 3
smoothSolver:  Solving for omega, Initial residual = 5.8720934e-31, Final residual = 5.8720934e-31, No Iterations 0
smoothSolver:  Solving for k, Initial residual = 8.9331251e-09, Final residual = 8.9331251e-09, No Iterations 0
smoothSolver:  Solving for Ux, Initial residual = 0.00018951402, Final residual = 1.1375562e-05, No Iterations 2
smoothSolver:  Solving for Uy, Initial residual = 0.000586828, Final residual = 2.8584018e-05, No Iterations 2
smoothSolver:  Solving for Uz, Initial residual = 0.00055321147, Final residual = 3.5894596e-05, No Iterations 2
GAMG:  Solving for p, Initial residual = 8.4641615e-05, Final residual = 5.0946872e-07, No Iterations 3
GAMG:  Solving for p, Initial residual = 5.8437886e-06, Final residual = 5.2461511e-08, No Iterations 3
smoothSolver:  Solving for omega, Initial residual = 5.8720934e-31, Final residual = 5.8720934e-31, No Iterations 0
smoothSolver:  Solving for k, Initial residual = 8.9331251e-09, Final residual = 8.9331251e-09, No Iterations 0
Time = 400

smoothSolver:  Solving for Ux, Initial residual = 0.00019797367, Final residual = 1.883007e-05, No Iterations 2
smoothSolver:  Solving for Uy, Initial residual = 0.00054430432, Final residual = 3.2725036e-05, No Iterations 2
smoothSolver:  Solving for Uz, Initial residual = 0.00058724165, Final residual = 4.5812576e-05, No Iterations 2
U0 initRes: 0.00019797367 finalRes: 1.883007e-05 nIters: 2
U1 initRes: 0.00054430432 finalRes: 3.2725036e-05 nIters: 2
U2 initRes: 0.00058724165 finalRes: 4.5812576e-05 nIters: 2
GAMG:  Solving for p, Initial residual = 8.4387761e-05, Final residual = 3.3865948e-07, No Iterations 3
p initRes: 8.4387761e-05 finalRes: 3.3865948e-07 nIters: 3
GAMG:  Solving for p, Initial residual = 6.4654647e-06, Final residual = 7.4561331e-08, No Iterations 2
p initRes: 6.4654647e-06 finalRes: 7.4561331e-08 nIters: 2
Time step continuity errors : sum local = 1.2353915e-06
                                 global = 1.4446322e-09
                             cumulative = 1.4710007e-05
smoothSolver:  Solving for omega, Initial residual = 5.8720934e-31, Final residual = 5.8720934e-31, No Iterations 0
omega initRes: 5.8720934e-31 finalRes: 5.8720934e-31 nIters: 0
Bounding omega<1e+16
Bounding omega>1e-16
smoothSolver:  Solving for k, Initial residual = 8.9331251e-09, Final residual = 8.9331251e-09, No Iterations 0
k initRes: 8.9331251e-09 finalRes: 8.9331251e-09 nIters: 0
Bounding k>1e-16
CD: 0.069980517 final: 0.069980517
CL: 0.10488995 final: 0.10488995
yPlus min: 11.565396 max: 525.7273 mean: 205.72368
ExecutionTime = 15.12 s  ClockTime = 15 s

smoothSolver:  Solving for Ux, Initial residual = 0.00018820948, Final residual = 1.3709073e-05, No Iterations 2
smoothSolver:  Solving for Uy, Initial residual = 0.00057054593, Final residual = 3.0445691e-05, No Iterations 2
smoothSolver:  Solving for Uz, Initial residual = 0.00054790915, Final residual = 2.9456162e-05, No Iterations 2
GAMG:  Solving for p, Initial residual = 8.3762713e-05, Final residual = 3.9812092e-07, No Iterations 3
GAMG:  Solving for p, Initial residual = 5.6086558e-06, Final residual = 4.2106971e-08, No Iterations 3
smoothSolver:  Solving for omega, Initial residual = 5.8720934e-31, Final residual = 5.8720934e-31, No Iterations 0
smoothSolver:  Solving for k, Initial residual = 8.9331251e-09, Final residual = 8.9331251e-09, No Iterations 0
smoothSolver:  Solving for Ux, Initial residual = 0.00019588822, Final residual = 1.7416159e-05, No Iterations 2
smoothSolver:  Solving for Uy, Initial residual = 0.00055384748, Final residual = 2.9743182e-05, No Iterations 2
smoothSolver:  Solving for Uz, Initial residual = 0.00058909315, Final residual = 4.987431e-05, No Iterations 2
GAMG:  Solving for p, Initial residual = 8.2741839e-05, Final residual = 3.2378556e-07, No Iterations 3
GAMG:  Solving for p, Initial residual = 6.5376809e-06, Final residual = 9.5847931e-08, No Iterations 2
smoothSolver:  Solving for omega, Initial residual = 5.8720934e-31, Final residual = 5.8720934e-31, No Iterations 0
smoothSolver:  Solving for k, Initial residual = 8.9331251e-09, Final residual = 8.9331251e-09, No Iterations 0
smoothSolver:  Solving for Ux, Initial residual = 0.00019560408, Final residual = 1.6909875e-05, No Iterations 2
smoothSolver:  Solving for Uy, Initial residual = 0.00056936428, Final residual = 2.9257877e-05, No Iterations 2
smoothSolver:  Solving for Uz, Initial residual = 0.0005567963, Final residual = 2.6290648e-05, No Iterations 2
GAMG:  Solving for p, Initial residual = 8.4579119e-05, Final residual = 3.7641036e-07, No Iterations 3
GAMG:  Solving for p, Initial residual = 5.7429676e-06, Final residual = 4.0857582e-08, No Iterations 3
smoothSolver:  Solving for omega, Initial residual = 5.8720934e-31, Final residual = 5.8720934e-31, No Iterations 0
smoothSolver:  Solving for k, Initial residual = 8.9331251e-09, Final residual = 8.9331251e-09, No Iterations 0
smoothSolver:  Solving for Ux, Initial residual = 0.00020239365, Final residual = 1.5831685e-05, No Iterations 2
smoothSolver:  Solving for Uy, Initial residual = 0.00058187575, Final residual = 2.7913635e-05, No Iterations 2
smoothSolver:  Solving for Uz, Initial residual = 0.00059391447, Final residual = 4.6411427e-05, No Iterations 2
GAMG:  Solving for p, Initial residual = 8.0335184e-05, Final residual = 4.9196077e-07, No Iterations 3
GAMG:  Solving for p, Initial residual = 6.4588206e-06, Final residual = 5.5249362e-08, No Iterations 3
smoothSolver:  Solving for omega, Initial residual = 5.8720934e-31, Final residual = 5.8720934e-31, No Iterations 0
smoothSolver:  Solving for k, Initial residual = 8.9331251e-09, Final residual = 8.9331251e-09, No Iterations 0
smoothSolver:  Solving for Ux, Initial residual = 0.00020011258, Final residual = 1.9076662e-05, No Iterations 2
smoothSolver:  Solving for Uy, Initial residual = 0.00058281849, Final residual = 3.0485842e-05, No Iterations 2
smoothSolver:  Solving for Uz, Initial residual = 0.00056182447, Final residual = 3.4842394e-05, No Iterations 2
GAMG:  Solving for p, Initial residual = 8.172556e-05, Final residual = 4.8644767e-07, No Iterations 3
GAMG:  Solving for p, Initial residual = 5.9850837e-06, Final residual = 4.9487148e-08, No Iterations 3
smoothSolver:  Solving for omega, Initial residual = 5.8720934e-31, Final residual = 5.8720934e-31, No Iterations 0
smoothSolver:  Solving for k, Initial residual = 8.9331251e-09, Final residual = 8.9331251e-09, No Iterations 0
smoothSolver:  Solving for Ux, Initial residual = 0.00019542937, Final residual = 1.3552491e-05, No Iterations 2
smoothSolver:  Solving for Uy, Initial residual = 0.00059255344, Final residual = 2.7053919e-05, No Iterations 2
smoothSolver:  Solving for Uz, Initial residual = 0.0005696678, Final residual = 3.9258894e-05, No Iterations 2
GAMG:  Solving for p, Initial residual = 8.3712355e-05, Final residual = 4.7337786e-07, No Iterations 3
GAMG:  Solving for p, Initial residual = 6.2284295e-06, Final residual = 4.4672859e-08, No Iterations 3
smoothSolver:  Solving for omega, Initial residual = 5.8720934e-31, Final residual = 5.8720934e-31, No Iterations 0
smoothSolver:  Solving for k, Initial residual = 8.9331251e-09, Final residual = 8.9331251e-09, No Iterations 0
smoothSolver:  Solving for Ux, Initial residual = 0.00019542927, Final residual = 1.9474807e-05, No Iterations 2
smoothSolver:  Solving for Uy, Initial residual = 0.00055435519, Final residual = 2.9505764e-05, No Iterations 2
smoothSolver:  Solving for Uz, Initial residual = 0.00057168003, Final residual = 3.7049856e-05, No Iterations 2
GAMG:  Solving for p, Initial residual = 8.3556595e-05, Final residual = 3.7513179e-07, No Iterations 3
GAMG:  Solving for p, Initial residual = 6.2259986e-06, Final residual = 3.7577599e-08, No Iterations 3
smoothSolver:  Solving for omega, Initial residual = 5.8720934e-31, Final residual = 5.8720934e-31, No Iterations 0
smoothSolver:  Solving for k, Initial residual = 8.9331251e-09, Final residual = 8.9331251e-09, No Iterations 0
smoothSolver:  Solving for Ux, Initial residual = 0.00018893732, Final residual = 1.1022831e-05, No Iterations 2
smoothSolver:  Solving for Uy, Initial residual = 0.00056951759, Final residual = 2.7154376e-05, No Iterations 2
smoothSolver:  Solving for Uz, Initial residual = 0.00054609936, Final residual = 3.5345357e-05, No Iterations 2
GAMG:  Solving for p, Initial residual = 8.6651487e-05, Final residual = 5.3359305e-07, No Iterations 3
GAMG:  Solving for p, Initial residual = 6.1435585e-06, Final residual = 5.7779296e-08, No Iterations 3
smoothSolver:  Solving for omega, Initial residual = 5.8720934e-31, Final residual = 5.8720934e-31, No Iterations 0
smoothSolver:  Solving for k, Initial residual = 8.9331251e-09, Final residual = 8.9331251e-09, No Iterations 0
smoothSolver:  Solving for Ux, Initial residual = 0.00019819632, Final residual = 1.9091028e-05, No Iterations 2
smoothSolver:  Solving for Uy, Initial residual = 0.00054738814, Final residual = 3.3008911e-05, No Iterations 2
smoothSolver:  Solving for Uz, Initial residual = 0.00058140532, Final residual = 4.4206438e-05, No Iterations 2
GAMG:  Solving for p, Initial residual = 8.4901474e-05, Final residual = 3.7488623e-07, No Iterations 3
GAMG:  Solving for p, Initial residual = 6.5412724e-06, Final residual = 8.0336029e-08, No Iterations 2
smoothSolver:  Solving for omega, Initial residual = 5.8720934e-31, Final residual = 5.8720934e-31, No Iterations 0
smoothSolver:  Solving for k, Initial residual = 8.9331251e-09, Final residual = 8.9331251e-09, No Iterations 0
smoothSolver:  Solving for Ux, Initial residual = 0.00019116625, Final residual = 1.2891905e-05, No Iterations 2
smoothSolver:  Solving for Uy, Initial residual = 0.0005787941, Final residual = 3.0087421e-05, No Iterations 2
smoothSolver:  Solving for Uz, Initial residual = 0.0005480747, Final residual = 3.1929999e-05, No Iterations 2
GAMG:  Solving for p, Initial residual = 8.2933658e-05, Final residual = 4.2004988e-07, No Iterations 3
GAMG:  Solving for p, Initial residual = 5.6952434e-06, Final residual = 4.1381918e-08, No Iterations 3
smoothSolver:  Solving for omega, Initial residual = 5.8720934e-31, Final residual = 5.8720934e-31, No Iterations 0
smoothSolver:  Solving for k, Initial residual = 8.9331251e-09, Final residual = 8.9331251e-09, No Iterations 0
smoothSolver:  Solving for Ux, Initial residual = 0.0002019716, Final residual = 1.8303003e-05, No Iterations 2
smoothSolver:  Solving for Uy, Initial residual = 0.00055366316, Final residual = 3.0155567e-05, No Iterations 2
smoothSolver:  Solving for Uz, Initial residual = 0.00059047249, Final residual = 4.8733287e-05, No Iterations 2
GAMG:  Solving for p, Initial residual = 8.3262109e-05, Final residual = 3.0929615e-07, No Iterations 3
GAMG:  Solving for p, Initial residual = 6.618123e-06, Final residual = 8.8553035e-08, No Iterations 2
smoothSolver:  Solving for omega, Initial residual = 5.8720934e-31, Final residual = 5.8720934e-31, No Iterations 0
smoothSolver:  Solving for k, Initial residual = 8.9331251e-09, Final residual = 8.9331251e-09, No Iterations 0
smoothSolver:  Solving for Ux, Initial residual = 0.00019788242, Final residual = 1.6854756e-05, No Iterations 2
smoothSolver:  Solving for Uy, Initial residual = 0.00057884381, Final residual = 3.1656456e-05, No Iterations 2
smoothSolver:  Solving for Uz, Initial residual = 0.00055416781, Final residual = 2.6458554e-05, No Iterations 2
GAMG:  Solving for p, Initial residual = 8.5156947e-05, Final residual = 3.8348784e-07, No Iterations 3
GAMG:  Solving for p, Initial residual = 5.7616036e-06, Final residual = 3.8287109e-08, No Iterations 3
smoothSolver:  Solving for omega, Initial residual = 5.8720934e-31, Final residual = 5.8720934e-31, No Iterations 0
smoothSolver:  Solving for k, Initial residual = 8.9331251e-09, Final residual = 8.9331251e-09, No Iterations 0
smoothSolver:  Solving for Ux, Initial residual = 0.00020149189, Final residual = 1.5754509e-05, No Iterations 2
smoothSolver:  Solving for Uy, Initial residual = 0.00057764689, Final residual = 3.0072297e-05, No Iterations 2
smoothSolver:  Solving for Uz, Initial residual = 0.00059435789, Final residual = 4.9109158e-05, No Iterations 2
GAMG:  Solving for p, Initial residual = 8.1432183e-05, Final residual = 4.227894e-07, No Iterations 3
GAMG:  Solving for p, Initial residual = 6.4373338e-06, Final residual = 4.9946879e-08, No Iterations 3
smoothSolver:  Solving for omega, Initial residual = 5.8720934e-31, Final residual = 5.8720934e-31, No Iterations 0
smoothSolver:  Solving for k, Initial residual = 8.9331251e-09, Final residual = 8.9331251e-09, No Iterations 0
smoothSolver:  Solving for Ux, Initial residual = 0.00019829324, Final residual = 1.8083926e-05, No Iterations 2
smoothSolver:  Solving for Uy, Initial residual = 0.00057370878, Final residual = 2.9471483e-05, No Iterations 2
smoothSolver:  Solving for Uz, Initial residual = 0.00055593747, Final residual = 3.1567651e-05, No Iterations 2
GAMG:  Solving for p, Initial residual = 8.1525618e-05, Final residual = 4.7182967e-07, No Iterations 3
GAMG:  Solving for p, Initial residual = 5.9014136e-06, Final residual = 4.9181733e-08, No Iterations 3
smoothSolver:  Solving for omega, Initial residual = 5.8720934e-31, Final residual = 5.8720934e-31, No Iterations 0
smoothSolver:  Solving for k, Initial residual = 8.9331251e-09, Final residual = 8.9331251e-09, No Iterations 0
smoothSolver:  Solving for Ux, Initial residual = 0.00019764364, Final residual = 1.4711162e-05, No Iterations 2
smoothSolver:  Solving for Uy, Initial residual = 0.00059438529, Final residual = 2.7946585e-05, No Iterations 2
smoothSolver:  Solving for Uz, Initial residual = 0.0005775899, Final residual = 4.2028298e-05, No Iterations 2
GAMG:  Solving for p, Initial residual = 8.2163355e-05, Final residual = 4.7717748e-07, No Iterations 3
GAMG:  Solving for p, Initial residual = 6.4539145e-06, Final residual = 4.890251e-08, No Iterations 3
smoothSolver:  Solving for omega, Initial residual = 5.8720934e-31, Final residual = 5.8720934e-31, No Iterations 0
smoothSolver:  Solving for k, Initial residual = 8.9331251e-09, Final residual = 8.9331251e-09, No Iterations 0
smoothSolver:  Solving for Ux, Initial residual = 0.00020003794, Final residual = 1.9966821e-05, No Iterations 2
smoothSolver:  Solving for Uy, Initial residual = 0.00057184683, Final residual = 2.9973379e-05, No Iterations 2
smoothSolver:  Solving for Uz, Initial residual = 0.0005761603, Final residual = 3.7712662e-05, No Iterations 2
GAMG:  Solving for p, Initial residual = 8.4350374e-05, Final residual = 3.8860775e-07, No Iterations 3
GAMG:  Solving for p, Initial residual = 6.3111688e-06, Final residual = 4.1139134e-08, No Iterations 3
smoothSolver:  Solving for omega, Initial residual = 5.8720934e-31, Final residual = 5.8720934e-31, No Iterations 0
smoothSolver:  Solving for k, Initial residual = 8.9331251e-09, Final residual = 8.9331251e-09, No Iterations 0
smoothSolver:  Solving for Ux, Initial residual = 0.00019270192, Final residual = 1.1259256e-05, No Iterations 2
smoothSolver:  Solving for Uy, Initial residual = 0.00058749427, Final residual = 2.7651106e-05, No Iterations 2
smoothSolver:  Solving for Uz, Initial residual = 0.0005570849, Final residual = 3.7991367e-05, No Iterations 2
GAMG:  Solving for p, Initial residual = 8.8728475e-05, Final residual = 5.3519552e-07, No Iterations 3
GAMG:  Solving for p, Initial residual = 6.3675745e-06, Final residual = 6.1477099e-08, No Iterations 3
smoothSolver:  Solving for omega, Initial residual = 5.8720934e-31, Final residual = 5.8720934e-31, No Iterations 0
smoothSolver:  Solving for k, Initial residual = 8.9331251e-09, Final residual = 8.9331251e-09, No Iterations 0
smoothSolver:  Solving for Ux, Initial residual = 0.00019837452, Final residual = 1.949009e-05, No Iterations 2
smoothSolver:  Solving for Uy, Initial residual = 0.00054743177, Final residual = 3.1842487e-05, No Iterations 2
smoothSolver:  Solving for Uz, Initial residual = 0.00058749404, Final residual = 4.261712e-05, No Iterations 2
GAMG:  Solving for p, Initial residual = 8.4656585e-05, Final residual = 4.1744587e-07, No Iterations 3
GAMG:  Solving for p, Initial residual = 6.5131662e-06, Final residual = 9.8354107e-08, No Iterations 2
smoothSolver:  Solving for omega, Initial residual = 5.8720934e-31, Final residual = 5.8720934e-31, No Iterations 0
smoothSolver:  Solving for k, Initial residual = 8.9331251e-09, Final residual = 8.9331251e-09, No Iterations 0
smoothSolver:  Solving for Ux, Initial residual = 0.00019234466, Final residual = 1.2712917e-05, No Iterations 2
smoothSolver:  Solving for Uy, Initial residual = 0.00057158532, Final residual = 2.9910703e-05, No Iterations 2
smoothSolver:  Solving for Uz, Initial residual = 0.00054923301, Final residual = 3.2984254e-05, No Iterations 2
GAMG:  Solving for p, Initial residual = 8.2262183e-05, Final residual = 4.6487561e-07, No Iterations 3
GAMG:  Solving for p, Initial residual = 5.6756588e-06, Final residual = 3.8114877e-08, No Iterations 3
smoothSolver:  Solving for omega, Initial residual = 5.8720934e-31, Final residual = 5.8720934e-31, No Iterations 0
smoothSolver:  Solving for k, Initial residual = 8.9331251e-09, Final residual = 8.9331251e-09, No Iterations 0
smoothSolver:  Solving for Ux, Initial residual = 0.00020175121, Final residual = 1.8607779e-05, No Iterations 2
smoothSolver:  Solving for Uy, Initial residual = 0.00055317653, Final residual = 3.1290167e-05, No Iterations 2
smoothSolver:  Solving for Uz, Initial residual = 0.00058904744, Final residual = 4.892485e-05, No Iterations 2
GAMG:  Solving for p, Initial residual = 8.383022e-05, Final residual = 3.0914548e-07, No Iterations 3
GAMG:  Solving for p, Initial residual = 6.6310916e-06, Final residual = 8.3333022e-08, No Iterations 2
smoothSolver:  Solving for omega, Initial residual = 5.8720934e-31, Final residual = 5.8720934e-31, No Iterations 0
smoothSolver:  Solving for k, Initial residual = 8.9331251e-09, Final residual = 8.9331251e-09, No Iterations 0
smoothSolver:  Solving for Ux, Initial residual = 0.00019588594, Final residual = 1.6178793e-05, No Iterations 2
smoothSolver:  Solving for Uy, Initial residual = 0.00057708025, Final residual = 3.1230614e-05, No Iterations 2
smoothSolver:  Solving for Uz, Initial residual = 0.00055018027, Final residual = 2.7477008e-05, No Iterations 2
GAMG:  Solving for p, Initial residual = 8.5582223e-05, Final residual = 4.067436e-07, No Iterations 3
GAMG:  Solving for p, Initial residual = 5.680906e-06, Final residual = 3.964139e-08, No Iterations 3
smoothSolver:  Solving for omega, Initial residual = 5.8720934e-31, Final residual = 5.8720934e-31, No Iterations 0
smoothSolver:  Solving for k, Initial residual = 8.9331251e-09, Final residual = 8.9331251e-09, No Iterations 0
smoothSolver:  Solving for Ux, Initial residual = 0.00020472683, Final residual = 1.6556678e-05, No Iterations 2
smoothSolver:  Solving for Uy, Initial residual = 0.00058032947, Final residual = 3.1221375e-05, No Iterations 2
smoothSolver:  Solving for Uz, Initial residual = 0.00060730231, Final residual = 5.0032576e-05, No Iterations 2
GAMG:  Solving for p, Initial residual = 8.270288e-05, Final residual = 4.409602e-07, No Iterations 3
GAMG:  Solving for p, Initial residual = 6.6667442e-06, Final residual = 5.2648531e-08, No Iterations 3
smoothSolver:  Solving for omega, Initial residual = 5.8720934e-31, Final residual = 5.8720934e-31, No Iterations 0
smoothSolver:  Solving for k, Initial residual = 8.9331251e-09, Final residual = 8.9331251e-09, No Iterations 0
smoothSolver:  Solving for Ux, Initial residual = 0.00020314284, Final residual = 1.848473e-05, No Iterations 2
smoothSolver:  Solving for Uy, Initial residual = 0.00058836571, Final residual = 3.1897158e-05, No Iterations 2
smoothSolver:  Solving for Uz, Initial residual = 0.00056344003, Final residual = 3.1409875e-05, No Iterations 2
GAMG:  Solving for p, Initial residual = 8.3424024e-05, Final residual = 5.0473824e-07, No Iterations 3
GAMG:  Solving for p, Initial residual = 6.0517517e-06, Final residual = 5.256824e-08, No Iterations 3
smoothSolver:  Solving for omega, Initial residual = 5.8720934e-31, Final residual = 5.8720934e-31, No Iterations 0
smoothSolver:  Solving for k, Initial residual = 8.9331251e-09, Final residual = 8.9331251e-09, No Iterations 0
smoothSolver:  Solving for Ux, Initial residual = 0.00020643446, Final residual = 1.5407286e-05, No Iterations 2
smoothSolver:  Solving for Uy, Initial residual = 0.00061460433, Final residual = 2.9658991e-05, No Iterations 2
smoothSolver:  Solving for Uz, Initial residual = 0.00059957749, Final residual = 4.551231e-05, No Iterations 2
GAMG:  Solving for p, Initial residual = 8.3608317e-05, Final residual = 4.6638962e-07, No Iterations 3
GAMG:  Solving for p, Initial residual = 6.4301557e-06, Final residual = 4.8240519e-08, No Iterations 3
smoothSolver:  Solving for omega, Initial residual = 5.8720934e-31, Final residual = 5.8720934e-31, No Iterations 0
smoothSolver:  Solving for k, Initial residual = 8.9331251e-09, Final residual = 8.9331251e-09, No Iterations 0
smoothSolver:  Solving for Ux, Initial residual = 0.00020389088, Final residual = 2.0212209e-05, No Iterations 2
smoothSolver:  Solving for Uy, Initial residual = 0.00057889259, Final residual = 2.905181e-05, No Iterations 2
smoothSolver:  Solving for Uz, Initial residual = 0.00058102015, Final residual = 3.611064e-05, No Iterations 2
GAMG:  Solving for p, Initial residual = 8.557047e-05, Final residual = 4.0206067e-07, No Iterations 3
GAMG:  Solving for p, Initial residual = 6.34763e-06, Final residual = 4.2672689e-08, No Iterations 3
smoothSolver:  Solving for omega, Initial residual = 5.8720934e-31, Final residual = 5.8720934e-31, No Iterations 0
smoothSolver:  Solving for k, Initial residual = 8.9331251e-09, Final residual = 8.9331251e-09, No Iterations 0
smoothSolver:  Solving for Ux, Initial residual = 0.00019595382, Final residual = 1.192514e-05, No Iterations 2
smoothSolver:  Solving for Uy, Initial residual = 0.00059623272, Final residual = 2.7860139e-05, No Iterations 2
smoothSolver:  Solving for Uz, Initial residual = 0.00057081788, Final residual = 3.9076736e-05, No Iterations 2
GAMG:  Solving for p, Initial residual = 9.3504381e-05, Final residual = 5.9181412e-07, No Iterations 3
GAMG:  Solving for p, Initial residual = 7.0055093e-06, Final residual = 7.2125985e-08, No Iterations 3
smoothSolver:  Solving for omega, Initial residual = 5.8720934e-31, Final residual = 5.8720934e-31, No Iterations 0
smoothSolver:  Solving for k, Initial residual = 8.9331251e-09, Final residual = 8.9331251e-09, No Iterations 0
smoothSolver:  Solving for Ux, Initial residual = 0.0002035805, Final residual = 2.0324087e-05, No Iterations 2
smoothSolver:  Solving for Uy, Initial residual = 0.00057795407, Final residual = 3.2887814e-05, No Iterations 2
smoothSolver:  Solving for Uz, Initial residual = 0.00060653194, Final residual = 4.3024416e-05, No Iterations 2
GAMG:  Solving for p, Initial residual = 8.6783095e-05, Final residual = 4.404723e-07, No Iterations 3
GAMG:  Solving for p, Initial residual = 6.6536977e-06, Final residual = 4.1065024e-08, No Iterations 3
smoothSolver:  Solving for omega, Initial residual = 5.8720934e-31, Final residual = 5.8720934e-31, No Iterations 0
smoothSolver:  Solving for k, Initial residual = 8.9331251e-09, Final residual = 8.9331251e-09, No Iterations 0
smoothSolver:  Solving for Ux, Initial residual = 0.00019943223, Final residual = 1.2395442e-05, No Iterations 2
smoothSolver:  Solving for Uy, Initial residual = 0.00059667337, Final residual = 3.0624851e-05, No Iterations 2
smoothSolver:  Solving for Uz, Initial residual = 0.00055794432, Final residual = 3.5019095e-05, No Iterations 2
GAMG:  Solving for p, Initial residual = 8.3498425e-05, Final residual = 4.7790945e-07, No Iterations 3
GAMG:  Solving for p, Initial residual = 5.7975385e-06, Final residual = 3.4658474e-08, No Iterations 3
smoothSolver:  Solving for omega, Initial residual = 5.8720934e-31, Final residual = 5.8720934e-31, No Iterations 0
smoothSolver:  Solving for k, Initial residual = 8.9331251e-09, Final residual = 8.9331251e-09, No Iterations 0
smoothSolver:  Solving for Ux, Initial residual = 0.00020488491, Final residual = 1.9228556e-05, No Iterations 2
smoothSolver:  Solving for Uy, Initial residual = 0.00056411035, Final residual = 3.190024e-05, No Iterations 2
smoothSolver:  Solving for Uz, Initial residual = 0.0006003864, Final residual = 4.9032942e-05, No Iterations 2
GAMG:  Solving for p, Initial residual = 8.4947359e-05, Final residual = 3.2042641e-07, No Iterations 3
GAMG:  Solving for p, Initial residual = 6.6576456e-06, Final residual = 8.3547633e-08, No Iterations 2
smoothSolver:  Solving for omega, Initial residual = 5.8720934e-31, Final residual = 5.8720934e-31, No Iterations 0
smoothSolver:  Solving for k, Initial residual = 8.9331251e-09, Final residual = 8.9331251e-09, No Iterations 0
smoothSolver:  Solving for Ux, Initial residual = 0.00019795534, Final residual = 1.5824275e-05, No Iterations 2
smoothSolver:  Solving for Uy, Initial residual = 0.00058631134, Final residual = 3.2271925e-05, No Iterations 2
smoothSolver:  Solving for Uz, Initial residual = 0.00055375733, Final residual = 2.7922205e-05, No Iterations 2
GAMG:  Solving for p, Initial residual = 8.561467e-05, Final residual = 4.2613656e-07, No Iterations 3
GAMG:  Solving for p, Initial residual = 5.6587788e-06, Final residual = 3.8084855e-08, No Iterations 3
smoothSolver:  Solving for omega, Initial residual = 5.8720934e-31, Final residual = 5.8720934e-31, No Iterations 0
smoothSolver:  Solving for k, Initial residual = 8.9331251e-09, Final residual = 8.9331251e-09, No Iterations 0
smoothSolver:  Solving for Ux, Initial residual = 0.00020245432, Final residual = 1.6935985e-05, No Iterations 2
smoothSolver:  Solving for Uy, Initial residual = 0.00057644269, Final residual = 3.1504226e-05, No Iterations 2
smoothSolver:  Solving for Uz, Initial residual = 0.0006066103, Final residual = 5.1984223e-05, No Iterations 2
GAMG:  Solving for p, Initial residual = 8.2566711e-05, Final residual = 3.73374e-07, No Iterations 3
GAMG:  Solving for p, Initial residual = 6.4671339e-06, Final residual = 4.6749952e-08, No Iterations 3
smoothSolver:  Solving for omega, Initial residual = 5.8720934e-31, Final residual = 5.8720934e-31, No Iterations 0
smoothSolver:  Solving for k, Initial residual = 8.9331251e-09, Final residual = 8.9331251e-09, No Iterations 0
smoothSolver:  Solving for Ux, Initial residual = 0.00019931227, Final residual = 1.7464379e-05, No Iterations 2
smoothSolver:  Solving for Uy, Initial residual = 0.00057336386, Final residual = 2.9541759e-05, No Iterations 2
smoothSolver:  Solving for Uz, Initial residual = 0.00056141463, Final residual = 2.9705356e-05, No Iterations 2
GAMG:  Solving for p, Initial residual = 8.3585002e-05, Final residual = 4.7066941e-07, No Iterations 3
GAMG:  Solving for p, Initial residual = 5.8515399e-06, Final residual = 5.0288003e-08, No Iterations 3
smoothSolver:  Solving for omega, Initial residual = 5.8720934e-31, Final residual = 5.8720934e-31, No Iterations 0
smoothSolver:  Solving for k, Initial residual = 8.9331251e-09, Final residual = 8.9331251e-09, No Iterations 0
smoothSolver:  Solving for Ux, Initial residual = 0.00020315196, Final residual = 1.5881626e-05, No Iterations 2
smoothSolver:  Solving for Uy, Initial residual = 0.00059881048, Final residual = 2.8302643e-05, No Iterations 2
smoothSolver:  Solving for Uz, Initial residual = 0.00059628513, Final residual = 4.5248219e-05, No Iterations 2
GAMG:  Solving for p, Initial residual = 8.2789976e-05, Final residual = 4.6076377e-07, No Iterations 3
GAMG:  Solving for p, Initial residual = 6.555985e-06, Final residual = 4.8140432e-08, No Iterations 3
smoothSolver:  Solving for omega, Initial residual = 5.8720934e-31, Final residual = 5.8720934e-31, No Iterations 0
smoothSolver:  Solving for k, Initial residual = 8.9331251e-09, Final residual = 8.9331251e-09, No Iterations 0
smoothSolver:  Solving for Ux, Initial residual = 0.00020524136, Final residual = 2.0344938e-05, No Iterations 2
smoothSolver:  Solving for Uy, Initial residual = 0.00058843603, Final residual = 2.990985e-05, No Iterations 2
smoothSolver:  Solving for Uz, Initial residual = 0.00058419645, Final residual = 3.7191266e-05, No Iterations 2
GAMG:  Solving for p, Initial residual = 8.4588977e-05, Final residual = 4.2542631e-07, No Iterations 3
GAMG:  Solving for p, Initial residual = 6.3259039e-06, Final residual = 4.3008138e-08, No Iterations 3
smoothSolver:  Solving for omega, Initial residual = 5.8720934e-31, Final residual = 5.8720934e-31, No Iterations 0
smoothSolver:  Solving for k, Initial residual = 8.9331251e-09, Final residual = 8.9331251e-09, No Iterations 0
smoothSolver:  Solving for Ux, Initial residual = 0.00019263917, Final residual = 1.2009643e-05, No Iterations 2
smoothSolver:  Solving for Uy, Initial residual = 0.000597138, Final residual = 2.7401064e-05, No Iterations 2
smoothSolver:  Solving for Uz, Initial residual = 0.00056929543, Final residual = 3.8643356e-05, No Iterations 2
GAMG:  Solving for p, Initial residual = 9.6326388e-05, Final residual = 5.467202e-07, No Iterations 3
GAMG:  Solving for p, Initial residual = 7.1519314e-06, Final residual = 6.9195705e-08, No Iterations 3
smoothSolver:  Solving for omega, Initial residual = 5.8720934e-31, Final residual = 5.8720934e-31, No Iterations 0
smoothSolver:  Solving for k, Initial residual = 8.9331251e-09, Final residual = 8.9331251e-09, No Iterations 0
smoothSolver:  Solving for Ux, Initial residual = 0.00020038292, Final residual = 9.4570342e-06, No Iterations 3
smoothSolver:  Solving for Uy, Initial residual = 0.00056953315, Final residual = 3.1430728e-05, No Iterations 2
smoothSolver:  Solving for Uz, Initial residual = 0.00060194346, Final residual = 4.1141398e-05, No Iterations 2
GAMG:  Solving for p, Initial residual = 8.4931454e-05, Final residual = 4.2948758e-07, No Iterations 3
GAMG:  Solving for p, Initial residual = 6.4129948e-06, Final residual = 3.9956308e-08, No Iterations 3
smoothSolver:  Solving for omega, Initial residual = 5.8720934e-31, Final residual = 5.8720934e-31, No Iterations 0
smoothSolver:  Solving for k, Initial residual = 8.9331251e-09, Final residual = 8.9331251e-09, No Iterations 0
smoothSolver:  Solving for Ux, Initial residual = 0.00018789346, Final residual = 1.2057526e-05, No Iterations 2
smoothSolver:  Solving for Uy, Initial residual = 0.00057090776, Final residual = 2.8248536e-05, No Iterations 2
smoothSolver:  Solving for Uz, Initial residual = 0.00054619356, Final residual = 3.3536618e-05, No Iterations 2
GAMG:  Solving for p, Initial residual = 8.3317475e-05, Final residual = 4.7809466e-07, No Iterations 3
GAMG:  Solving for p, Initial residual = 5.7253865e-06, Final residual = 3.5557029e-08, No Iterations 3
smoothSolver:  Solving for omega, Initial residual = 5.8720934e-31, Final residual = 5.8720934e-31, No Iterations 0
smoothSolver:  Solving for k, Initial residual = 8.9331251e-09, Final residual = 8.9331251e-09, No Iterations 0
smoothSolver:  Solving for Ux, Initial residual = 0.00019793274, Final residual = 1.8671246e-05, No Iterations 2
smoothSolver:  Solving for Uy, Initial residual = 0.00055180069, Final residual = 3.2258893e-05, No Iterations 2
smoothSolver:  Solving for Uz, Initial residual = 0.0005843204, Final residual = 4.7930191e-05, No Iterations 2
GAMG:  Solving for p, Initial residual = 8.4977813e-05, Final residual = 3.2364735e-07, No Iterations 3
GAMG:  Solving for p, Initial residual = 6.6181004e-06, Final residual = 8.5715618e-08, No Iterations 2
smoothSolver:  Solving for omega, Initial residual = 5.8720934e-31, Final residual = 5.8720934e-31, No Iterations 0
smoothSolver:  Solving for k, Initial residual = 8.9331251e-09, Final residual = 8.9331251e-09, No Iterations 0
smoothSolver:  Solving for Ux, Initial residual = 0.00019285726, Final residual = 1.5271121e-05, No Iterations 2
smoothSolver:  Solving for Uy, Initial residual = 0.00058108871, Final residual = 3.1777629e-05, No Iterations 2
smoothSolver:  Solving for Uz, Initial residual = 0.00054500406, Final residual = 2.8587217e-05, No Iterations 2
GAMG:  Solving for p, Initial residual = 8.4373456e-05, Final residual = 4.3888805e-07, No Iterations 3
GAMG:  Solving for p, Initial residual = 5.5964855e-06, Final residual = 4.1751847e-08, No Iterations 3
smoothSolver:  Solving for omega, Initial residual = 5.8720934e-31, Final residual = 5.8720934e-31, No Iterations 0
smoothSolver:  Solving for k, Initial residual = 8.9331251e-09, Final residual = 8.9331251e-09, No Iterations 0
smoothSolver:  Solving for Ux, Initial residual = 0.00020397095, Final residual = 1.7324977e-05, No Iterations 2
smoothSolver:  Solving for Uy, Initial residual = 0.00057657282, Final residual = 3.1875795e-05, No Iterations 2
smoothSolver:  Solving for Uz, Initial residual = 0.00060796379, Final residual = 5.0478364e-05, No Iterations 2
GAMG:  Solving for p, Initial residual = 8.3374343e-05, Final residual = 3.941178e-07, No Iterations 3
GAMG:  Solving for p, Initial residual = 6.6940553e-06, Final residual = 4.9463897e-08, No Iterations 3
smoothSolver:  Solving for omega, Initial residual = 5.8720934e-31, Final residual = 5.8720934e-31, No Iterations 0
smoothSolver:  Solving for k, Initial residual = 8.9331251e-09, Final residual = 8.9331251e-09, No Iterations 0
smoothSolver:  Solving for Ux, Initial residual = 0.00020281907, Final residual = 1.8163289e-05, No Iterations 2
smoothSolver:  Solving for Uy, Initial residual = 0.00058923233, Final residual = 3.2055772e-05, No Iterations 2
smoothSolver:  Solving for Uz, Initial residual = 0.00056260709, Final residual = 2.922144e-05, No Iterations 2
GAMG:  Solving for p, Initial residual = 8.5090485e-05, Final residual = 5.0632972e-07, No Iterations 3
GAMG:  Solving for p, Initial residual = 6.0683853e-06, Final residual = 5.480106e-08, No Iterations 3
smoothSolver:  Solving for omega, Initial residual = 5.8720934e-31, Final residual = 5.8720934e-31, No Iterations 0
smoothSolver:  Solving for k, Initial residual = 8.9331251e-09, Final residual = 8.9331251e-09, No Iterations 0
smoothSolver:  Solving for Ux, Initial residual = 0.00021017092, Final residual = 1.5996849e-05, No Iterations 2
smoothSolver:  Solving for Uy, Initial residual = 0.00061979246, Final residual = 3.0237394e-05, No Iterations 2
smoothSolver:  Solving for Uz, Initial residual = 0.00061139308, Final residual = 4.8431027e-05, No Iterations 2
GAMG:  Solving for p, Initial residual = 8.3872416e-05, Final residual = 4.4398193e-07, No Iterations 3
GAMG:  Solving for p, Initial residual = 6.5132618e-06, Final residual = 4.7092605e-08, No Iterations 3
smoothSolver:  Solving for omega, Initial residual = 5.8720934e-31, Final residual = 5.8720934e-31, No Iterations 0
smoothSolver:  Solving for k, Initial residual = 8.9331251e-09, Final residual = 8.9331251e-09, No Iterations 0
smoothSolver:  Solving for Ux, Initial residual = 0.00020721136, Final residual = 2.0378398e-05, No Iterations 2
smoothSolver:  Solving for Uy, Initial residual = 0.00059026987, Final residual = 2.937399e-05, No Iterations 2
smoothSolver:  Solving for Uz, Initial residual = 0.00058964908, Final residual = 3.5627842e-05, No Iterations 2
GAMG:  Solving for p, Initial residual = 8.4789592e-05, Final residual = 3.9761935e-07, No Iterations 3
GAMG:  Solving for p, Initial residual = 6.2045258e-06, Final residual = 4.1884679e-08, No Iterations 3
smoothSolver:  Solving for omega, Initial residual = 5.8720934e-31, Final residual = 5.8720934e-31, No Iterations 0
smoothSolver:  Solving for k, Initial residual = 8.9331251e-09, Final residual = 8.9331251e-09, No Iterations 0
smoothSolver:  Solving for Ux, Initial residual = 0.00019528714, Final residual = 1.2163312e-05, No Iterations 2
smoothSolver:  Solving for Uy, Initial residual = 0.00059997981, Final residual = 2.7405466e-05, No Iterations 2
smoothSolver:  Solving for Uz, Initial residual = 0.00057741157, Final residual = 3.9673971e-05, No Iterations 2
GAMG:  Solving for p, Initial residual = 9.6612823e-05, Final residual = 6.1421636e-07, No Iterations 3
GAMG:  Solving for p, Initial residual = 7.4402361e-06, Final residual = 7.6565249e-08, No Iterations 3
smoothSolver:  Solving for omega, Initial residual = 5.8720934e-31, Final residual = 5.8720934e-31, No Iterations 0
smoothSolver:  Solving for k, Initial residual = 8.9331251e-09, Final residual = 8.9331251e-09, No Iterations 0
smoothSolver:  Solving for Ux, Initial residual = 0.00020289075, Final residual = 9.5154338e-06, No Iterations 3
smoothSolver:  Solving for Uy, Initial residual = 0.0005914732, Final residual = 3.2623335e-05, No Iterations 2
smoothSolver:  Solving for Uz, Initial residual = 0.00061333796, Final residual = 4.1920078e-05, No Iterations 2
GAMG:  Solving for p, Initial residual = 8.582941e-05, Final residual = 4.5989792e-07, No Iterations 3
GAMG:  Solving for p, Initial residual = 6.4295424e-06, Final residual = 4.4086057e-08, No Iterations 3
smoothSolver:  Solving for omega, Initial residual = 5.8720934e-31, Final residual = 5.8720934e-31, No Iterations 0
smoothSolver:  Solving for k, Initial residual = 8.9331251e-09, Final residual = 8.9331251e-09, No Iterations 0
smoothSolver:  Solving for Ux, Initial residual = 0.00019348759, Final residual = 1.1515455e-05, No Iterations 2
smoothSolver:  Solving for Uy, Initial residual = 0.00059867925, Final residual = 2.8406852e-05, No Iterations 2
smoothSolver:  Solving for Uz, Initial residual = 0.00055459604, Final residual = 3.5073123e-05, No Iterations 2
GAMG:  Solving for p, Initial residual = 8.4620484e-05, Final residual = 4.9041287e-07, No Iterations 3
GAMG:  Solving for p, Initial residual = 5.8960559e-06, Final residual = 3.7320221e-08, No Iterations 3
smoothSolver:  Solving for omega, Initial residual = 5.8720934e-31, Final residual = 5.8720934e-31, No Iterations 0
smoothSolver:  Solving for k, Initial residual = 8.9331251e-09, Final residual = 8.9331251e-09, No Iterations 0
smoothSolver:  Solving for Ux, Initial residual = 0.00020067019, Final residual = 1.8721619e-05, No Iterations 2
smoothSolver:  Solving for Uy, Initial residual = 0.00055721644, Final residual = 3.2082199e-05, No Iterations 2
smoothSolver:  Solving for Uz, Initial residual = 0.00059266313, Final residual = 4.6663415e-05, No Iterations 2
GAMG:  Solving for p, Initial residual = 8.4953087e-05, Final residual = 3.1092379e-07, No Iterations 3
GAMG:  Solving for p, Initial residual = 6.5097759e-06, Final residual = 8.1808027e-08, No Iterations 2
smoothSolver:  Solving for omega, Initial residual = 5.8720934e-31, Final residual = 5.8720934e-31, No Iterations 0
smoothSolver:  Solving for k, Initial residual = 8.9331251e-09, Final residual = 8.9331251e-09, No Iterations 0
smoothSolver:  Solving for Ux, Initial residual = 0.00019119935, Final residual = 1.4139527e-05, No Iterations 2
smoothSolver:  Solving for Uy, Initial residual = 0.00057746582, Final residual = 3.1338168e-05, No Iterations 2
smoothSolver:  Solving for Uz, Initial residual = 0.00054637391, Final residual = 2.9212123e-05, No Iterations 2
GAMG:  Solving for p, Initial residual = 8.3402843e-05, Final residual = 4.3828909e-07, No Iterations 3
GAMG:  Solving for p, Initial residual = 5.5031126e-06, Final residual = 3.7873067e-08, No Iterations 3
smoothSolver:  Solving for omega, Initial residual = 5.8720934e-31, Final residual = 5.8720934e-31, No Iterations 0
smoothSolver:  Solving for k, Initial residual = 8.9331251e-09, Final residual = 8.9331251e-09, No Iterations 0
smoothSolver:  Solving for Ux, Initial residual = 0.00019709283, Final residual = 1.7239564e-05, No Iterations 2
smoothSolver:  Solving for Uy, Initial residual = 0.00055634921, Final residual = 3.0251377e-05, No Iterations 2
smoothSolver:  Solving for Uz, Initial residual = 0.00059060037, Final residual = 5.0043618e-05, No Iterations 2
GAMG:  Solving for p, Initial residual = 8.1883205e-05, Final residual = 3.3695315e-07, No Iterations 3
GAMG:  Solving for p, Initial residual = 6.3675646e-06, Final residual = 4.3096248e-08, No Iterations 3
smoothSolver:  Solving for omega, Initial residual = 5.8720934e-31, Final residual = 5.8720934e-31, No Iterations 0
smoothSolver:  Solving for k, Initial residual = 8.9331251e-09, Final residual = 8.9331251e-09, No Iterations 0
smoothSolver:  Solving for Ux, Initial residual = 0.00019353224, Final residual = 1.6802089e-05, No Iterations 2
smoothSolver:  Solving for Uy, Initial residual = 0.0005611064, Final residual = 2.9090696e-05, No Iterations 2
smoothSolver:  Solving for Uz, Initial residual = 0.00054739883, Final residual = 2.6702825e-05, No Iterations 2
GAMG:  Solving for p, Initial residual = 8.3127767e-05, Final residual = 4.4099753e-07, No Iterations 3
GAMG:  Solving for p, Initial residual = 5.7681854e-06, Final residual = 4.9568501e-08, No Iterations 3
smoothSolver:  Solving for omega, Initial residual = 5.8720934e-31, Final residual = 5.8720934e-31, No Iterations 0
smoothSolver:  Solving for k, Initial residual = 8.9331251e-09, Final residual = 8.9331251e-09, No Iterations 0
smoothSolver:  Solving for Ux, Initial residual = 0.00020341706, Final residual = 1.6269045e-05, No Iterations 2
smoothSolver:  Solving for Uy, Initial residual = 0.00059320903, Final residual = 2.8299429e-05, No Iterations 2
smoothSolver:  Solving for Uz, Initial residual = 0.00059606303, Final residual = 4.7069095e-05, No Iterations 2
GAMG:  Solving for p, Initial residual = 8.1590545e-05, Final residual = 4.4611165e-07, No Iterations 3
GAMG:  Solving for p, Initial residual = 6.5802829e-06, Final residual = 4.7685339e-08, No Iterations 3
smoothSolver:  Solving for omega, Initial residual = 5.8720934e-31, Final residual = 5.8720934e-31, No Iterations 0
smoothSolver:  Solving for k, Initial residual = 8.9331251e-09, Final residual = 8.9331251e-09, No Iterations 0
smoothSolver:  Solving for Ux, Initial residual = 0.00020508369, Final residual = 2.0041193e-05, No Iterations 2
smoothSolver:  Solving for Uy, Initial residual = 0.00058755356, Final residual = 2.9922805e-05, No Iterations 2
smoothSolver:  Solving for Uz, Initial residual = 0.00057983571, Final residual = 3.5302454e-05, No Iterations 2
GAMG:  Solving for p, Initial residual = 8.3179396e-05, Final residual = 4.0616817e-07, No Iterations 3
GAMG:  Solving for p, Initial residual = 6.1903603e-06, Final residual = 4.1273336e-08, No Iterations 3
smoothSolver:  Solving for omega, Initial residual = 5.8720934e-31, Final residual = 5.8720934e-31, No Iterations 0
smoothSolver:  Solving for k, Initial residual = 8.9331251e-09, Final residual = 8.9331251e-09, No Iterations 0
smoothSolver:  Solving for Ux, Initial residual = 0.00019199344, Final residual = 1.2283513e-05, No Iterations 2
smoothSolver:  Solving for Uy, Initial residual = 0.00059189955, Final residual = 2.7170035e-05, No Iterations 2
smoothSolver:  Solving for Uz, Initial residual = 0.00056831977, Final residual = 3.9654225e-05, No Iterations 2
GAMG:  Solving for p, Initial residual = 8.7633874e-05, Final residual = 5.3155958e-07, No Iterations 3
GAMG:  Solving for p, Initial residual = 6.4744812e-06, Final residual = 5.8159472e-08, No Iterations 3
smoothSolver:  Solving for omega, Initial residual = 5.8720934e-31, Final residual = 5.8720934e-31, No Iterations 0
smoothSolver:  Solving for k, Initial residual = 8.9331251e-09, Final residual = 8.9331251e-09, No Iterations 0
smoothSolver:  Solving for Ux, Initial residual = 0.00019494783, Final residual = 9.2706716e-06, No Iterations 3
smoothSolver:  Solving for Uy, Initial residual = 0.00055476821, Final residual = 2.9893009e-05, No Iterations 2
smoothSolver:  Solving for Uz, Initial residual = 0.00057774019, Final residual = 3.9471783e-05, No Iterations 2
GAMG:  Solving for p, Initial residual = 8.2530913e-05, Final residual = 4.3551389e-07, No Iterations 3
GAMG:  Solving for p, Initial residual = 6.1205866e-06, Final residual = 4.1418423e-08, No Iterations 3
smoothSolver:  Solving for omega, Initial residual = 5.8720934e-31, Final residual = 5.8720934e-31, No Iterations 0
smoothSolver:  Solving for k, Initial residual = 8.9331251e-09, Final residual = 8.9331251e-09, No Iterations 0
smoothSolver:  Solving for Ux, Initial residual = 0.0001855134, Final residual = 1.0906929e-05, No Iterations 2
smoothSolver:  Solving for Uy, Initial residual = 0.00056384831, Final residual = 2.672558e-05, No Iterations 2
smoothSolver:  Solving for Uz, Initial residual = 0.00054061848, Final residual = 3.4328531e-05, No Iterations 2
GAMG:  Solving for p, Initial residual = 8.5364363e-05, Final residual = 4.9575054e-07, No Iterations 3
GAMG:  Solving for p, Initial residual = 6.0333572e-06, Final residual = 4.1748023e-08, No Iterations 3
smoothSolver:  Solving for omega, Initial residual = 5.8720934e-31, Final residual = 5.8720934e-31, No Iterations 0
smoothSolver:  Solving for k, Initial residual = 8.9331251e-09, Final residual = 8.9331251e-09, No Iterations 0
smoothSolver:  Solving for Ux, Initial residual = 0.00019608557, Final residual = 1.84292e-05, No Iterations 2
smoothSolver:  Solving for Uy, Initial residual = 0.00054824403, Final residual = 3.1890022e-05, No Iterations 2
smoothSolver:  Solving for Uz, Initial residual = 0.00057822798, Final residual = 4.4233673e-05, No Iterations 2
GAMG:  Solving for p, Initial residual = 8.5611301e-05, Final residual = 3.3030602e-07, No Iterations 3
GAMG:  Solving for p, Initial residual = 6.5910473e-06, Final residual = 8.5517193e-08, No Iterations 2
smoothSolver:  Solving for omega, Initial residual = 5.8720934e-31, Final residual = 5.8720934e-31, No Iterations 0
smoothSolver:  Solving for k, Initial residual = 8.9331251e-09, Final residual = 8.9331251e-09, No Iterations 0
smoothSolver:  Solving for Ux, Initial residual = 0.00018967588, Final residual = 1.3397073e-05, No Iterations 2
smoothSolver:  Solving for Uy, Initial residual = 0.00057789329, Final residual = 3.0516702e-05, No Iterations 2
smoothSolver:  Solving for Uz, Initial residual = 0.00054573477, Final residual = 3.102505e-05, No Iterations 2
GAMG:  Solving for p, Initial residual = 8.3336585e-05, Final residual = 4.3314854e-07, No Iterations 3
GAMG:  Solving for p, Initial residual = 5.6523496e-06, Final residual = 9.7946649e-08, No Iterations 2
smoothSolver:  Solving for omega, Initial residual = 5.8720934e-31, Final residual = 5.8720934e-31, No Iterations 0
smoothSolver:  Solving for k, Initial residual = 8.9331251e-09, Final residual = 8.9331251e-09, No Iterations 0
smoothSolver:  Solving for Ux, Initial residual = 0.00020160102, Final residual = 1.8226901e-05, No Iterations 2
smoothSolver:  Solving for Uy, Initial residual = 0.00055562467, Final residual = 3.074204e-05, No Iterations 2
smoothSolver:  Solving for Uz, Initial residual = 0.00059560265, Final residual = 4.9121576e-05, No Iterations 2
GAMG:  Solving for p, Initial residual = 8.2802989e-05, Final residual = 3.4119336e-07, No Iterations 3
GAMG:  Solving for p, Initial residual = 6.6091592e-06, Final residual = 4.3312074e-08, No Iterations 3
smoothSolver:  Solving for omega, Initial residual = 5.8720934e-31, Final residual = 5.8720934e-31, No Iterations 0
smoothSolver:  Solving for k, Initial residual = 8.9331251e-09, Final residual = 8.9331251e-09, No Iterations 0
smoothSolver:  Solving for Ux, Initial residual = 0.00019723662, Final residual = 1.7183376e-05, No Iterations 2
smoothSolver:  Solving for Uy, Initial residual = 0.00057987532, Final residual = 3.169285e-05, No Iterations 2
smoothSolver:  Solving for Uz, Initial residual = 0.00055082801, Final residual = 2.5276542e-05, No Iterations 2
GAMG:  Solving for p, Initial residual = 8.4132763e-05, Final residual = 4.3658974e-07, No Iterations 3
GAMG:  Solving for p, Initial residual = 5.8851931e-06, Final residual = 5.0901565e-08, No Iterations 3
smoothSolver:  Solving for omega, Initial residual = 5.8720934e-31, Final residual = 5.8720934e-31, No Iterations 0
smoothSolver:  Solving for k, Initial residual = 8.9331251e-09, Final residual = 8.9331251e-09, No Iterations 0
smoothSolver:  Solving for Ux, Initial residual = 0.00020596679, Final residual = 1.598904e-05, No Iterations 2
smoothSolver:  Solving for Uy, Initial residual = 0.00059303102, Final residual = 2.9920858e-05, No Iterations 2
smoothSolver:  Solving for Uz, Initial residual = 0.00059737705, Final residual = 4.9605609e-05, No Iterations 2
GAMG:  Solving for p, Initial residual = 8.2138456e-05, Final residual = 4.0501798e-07, No Iterations 3
GAMG:  Solving for p, Initial residual = 6.4602841e-06, Final residual = 4.4669839e-08, No Iterations 3
smoothSolver:  Solving for omega, Initial residual = 5.8720934e-31, Final residual = 5.8720934e-31, No Iterations 0
smoothSolver:  Solving for k, Initial residual = 8.9331251e-09, Final residual = 8.9331251e-09, No Iterations 0
smoothSolver:  Solving for Ux, Initial residual = 0.00020345676, Final residual = 1.911406e-05, No Iterations 2
smoothSolver:  Solving for Uy, Initial residual = 0.00057585755, Final residual = 2.8166836e-05, No Iterations 2
smoothSolver:  Solving for Uz, Initial residual = 0.00057162054, Final residual = 3.1683599e-05, No Iterations 2
GAMG:  Solving for p, Initial residual = 8.3233204e-05, Final residual = 3.8596566e-07, No Iterations 3
GAMG:  Solving for p, Initial residual = 6.040617e-06, Final residual = 4.1399565e-08, No Iterations 3
smoothSolver:  Solving for omega, Initial residual = 5.8720934e-31, Final residual = 5.8720934e-31, No Iterations 0
smoothSolver:  Solving for k, Initial residual = 8.9331251e-09, Final residual = 8.9331251e-09, No Iterations 0
smoothSolver:  Solving for Ux, Initial residual = 0.0001952472, Final residual = 1.3555268e-05, No Iterations 2
smoothSolver:  Solving for Uy, Initial residual = 0.00058731616, Final residual = 2.7167309e-05, No Iterations 2
smoothSolver:  Solving for Uz, Initial residual = 0.0005744634, Final residual = 4.1133582e-05, No Iterations 2
GAMG:  Solving for p, Initial residual = 8.414251e-05, Final residual = 5.815053e-07, No Iterations 3
GAMG:  Solving for p, Initial residual = 6.5863062e-06, Final residual = 6.2984194e-08, No Iterations 3
smoothSolver:  Solving for omega, Initial residual = 5.8720934e-31, Final residual = 5.8720934e-31, No Iterations 0
smoothSolver:  Solving for k, Initial residual = 8.9331251e-09, Final residual = 8.9331251e-09, No Iterations 0
smoothSolver:  Solving for Ux, Initial residual = 0.00019922675, Final residual = 9.4723454e-06, No Iterations 3
smoothSolver:  Solving for Uy, Initial residual = 0.00057748564, Final residual = 3.1588114e-05, No Iterations 2
smoothSolver:  Solving for Uz, Initial residual = 0.00058064929, Final residual = 4.0574281e-05, No Iterations 2
GAMG:  Solving for p, Initial residual = 8.2908032e-05, Final residual = 4.6782955e-07, No Iterations 3
GAMG:  Solving for p, Initial residual = 6.2063819e-06, Final residual = 4.4888014e-08, No Iterations 3
smoothSolver:  Solving for omega, Initial residual = 5.8720934e-31, Final residual = 5.8720934e-31, No Iterations 0
smoothSolver:  Solving for k, Initial residual = 8.9331251e-09, Final residual = 8.9331251e-09, No Iterations 0
smoothSolver:  Solving for Ux, Initial residual = 0.00018920549, Final residual = 1.1223633e-05, No Iterations 2
smoothSolver:  Solving for Uy, Initial residual = 0.00058444873, Final residual = 2.714833e-05, No Iterations 2
smoothSolver:  Solving for Uz, Initial residual = 0.00054670828, Final residual = 3.6176664e-05, No Iterations 2
GAMG:  Solving for p, Initial residual = 8.672308e-05, Final residual = 4.7837416e-07, No Iterations 3
GAMG:  Solving for p, Initial residual = 6.1316709e-06, Final residual = 3.9804467e-08, No Iterations 3
smoothSolver:  Solving for omega, Initial residual = 5.8720934e-31, Final residual = 5.8720934e-31, No Iterations 0
smoothSolver:  Solving for k, Initial residual = 8.9331251e-09, Final residual = 8.9331251e-09, No Iterations 0
smoothSolver:  Solving for Ux, Initial residual = 0.00019756655, Final residual = 1.892954e-05, No Iterations 2
smoothSolver:  Solving for Uy, Initial residual = 0.00054791798, Final residual = 3.0137994e-05, No Iterations 2
smoothSolver:  Solving for Uz, Initial residual = 0.00057995414, Final residual = 4.2327422e-05, No Iterations 2
GAMG:  Solving for p, Initial residual = 8.459478e-05, Final residual = 3.4491647e-07, No Iterations 3
GAMG:  Solving for p, Initial residual = 6.5490152e-06, Final residual = 8.7111453e-08, No Iterations 2
smoothSolver:  Solving for omega, Initial residual = 5.8720934e-31, Final residual = 5.8720934e-31, No Iterations 0
smoothSolver:  Solving for k, Initial residual = 8.9331251e-09, Final residual = 8.9331251e-09, No Iterations 0
smoothSolver:  Solving for Ux, Initial residual = 0.00019074866, Final residual = 1.310934e-05, No Iterations 2
smoothSolver:  Solving for Uy, Initial residual = 0.00056712545, Final residual = 3.0115159e-05, No Iterations 2
smoothSolver:  Solving for Uz, Initial residual = 0.00054322274, Final residual = 3.2332411e-05, No Iterations 2
GAMG:  Solving for p, Initial residual = 8.248104e-05, Final residual = 4.5728167e-07, No Iterations 3
GAMG:  Solving for p, Initial residual = 5.6267441e-06, Final residual = 3.8531534e-08, No Iterations 3
smoothSolver:  Solving for omega, Initial residual = 5.8720934e-31, Final residual = 5.8720934e-31, No Iterations 0
smoothSolver:  Solving for k, Initial residual = 8.9331251e-09, Final residual = 8.9331251e-09, No Iterations 0
smoothSolver:  Solving for Ux, Initial residual = 0.0002003225, Final residual = 1.8568633e-05, No Iterations 2
smoothSolver:  Solving for Uy, Initial residual = 0.00054456748, Final residual = 3.1117459e-05, No Iterations 2
smoothSolver:  Solving for Uz, Initial residual = 0.00058737245, Final residual = 4.9516633e-05, No Iterations 2
GAMG:  Solving for p, Initial residual = 8.2957484e-05, Final residual = 3.0862702e-07, No Iterations 3
GAMG:  Solving for p, Initial residual = 6.4803705e-06, Final residual = 8.743761e-08, No Iterations 2
smoothSolver:  Solving for omega, Initial residual = 5.8720934e-31, Final residual = 5.8720934e-31, No Iterations 0
smoothSolver:  Solving for k, Initial residual = 8.9331251e-09, Final residual = 8.9331251e-09, No Iterations 0
smoothSolver:  Solving for Ux, Initial residual = 0.00019231242, Final residual = 1.6037954e-05, No Iterations 2
smoothSolver:  Solving for Uy, Initial residual = 0.0005640678, Final residual = 3.0028246e-05, No Iterations 2
smoothSolver:  Solving for Uz, Initial residual = 0.00054553388, Final residual = 2.531943e-05, No Iterations 2
GAMG:  Solving for p, Initial residual = 8.3995102e-05, Final residual = 4.0395569e-07, No Iterations 3
GAMG:  Solving for p, Initial residual = 5.7406935e-06, Final residual = 4.8852868e-08, No Iterations 3
smoothSolver:  Solving for omega, Initial residual = 5.8720934e-31, Final residual = 5.8720934e-31, No Iterations 0
smoothSolver:  Solving for k, Initial residual = 8.9331251e-09, Final residual = 8.9331251e-09, No Iterations 0
smoothSolver:  Solving for Ux, Initial residual = 0.00020511113, Final residual = 1.6333789e-05, No Iterations 2
smoothSolver:  Solving for Uy, Initial residual = 0.00058345778, Final residual = 2.977281e-05, No Iterations 2
smoothSolver:  Solving for Uz, Initial residual = 0.00060211392, Final residual = 5.0292833e-05, No Iterations 2
GAMG:  Solving for p, Initial residual = 8.2044488e-05, Final residual = 4.1107346e-07, No Iterations 3
GAMG:  Solving for p, Initial residual = 6.7622002e-06, Final residual = 4.6629224e-08, No Iterations 3
smoothSolver:  Solving for omega, Initial residual = 5.8720934e-31, Final residual = 5.8720934e-31, No Iterations 0
smoothSolver:  Solving for k, Initial residual = 8.9331251e-09, Final residual = 8.9331251e-09, No Iterations 0
smoothSolver:  Solving for Ux, Initial residual = 0.00020611484, Final residual = 1.960682e-05, No Iterations 2
smoothSolver:  Solving for Uy, Initial residual = 0.00059053536, Final residual = 3.160246e-05, No Iterations 2
smoothSolver:  Solving for Uz, Initial residual = 0.00057298426, Final residual = 3.1076015e-05, No Iterations 2
GAMG:  Solving for p, Initial residual = 8.4041914e-05, Final residual = 4.1679705e-07, No Iterations 3
GAMG:  Solving for p, Initial residual = 6.1521673e-06, Final residual = 4.4801976e-08, No Iterations 3
smoothSolver:  Solving for omega, Initial residual = 5.8720934e-31, Final residual = 5.8720934e-31, No Iterations 0
smoothSolver:  Solving for k, Initial residual = 8.9331251e-09, Final residual = 8.9331251e-09, No Iterations 0
smoothSolver:  Solving for Ux, Initial residual = 0.00020233122, Final residual = 1.4190759e-05, No Iterations 2
smoothSolver:  Solving for Uy, Initial residual = 0.00060547239, Final residual = 2.9805238e-05, No Iterations 2
smoothSolver:  Solving for Uz, Initial residual = 0.00059266874, Final residual = 4.4674586e-05, No Iterations 2
GAMG:  Solving for p, Initial residual = 8.3787991e-05, Final residual = 5.3216319e-07, No Iterations 3
GAMG:  Solving for p, Initial residual = 6.4018432e-06, Final residual = 5.6711121e-08, No Iterations 3
smoothSolver:  Solving for omega, Initial residual = 5.8720934e-31, Final residual = 5.8720934e-31, No Iterations 0
smoothSolver:  Solving for k, Initial residual = 8.9331251e-09, Final residual = 8.9331251e-09, No Iterations 0
smoothSolver:  Solving for Ux, Initial residual = 0.00020130232, Final residual = 9.3105083e-06, No Iterations 3
smoothSolver:  Solving for Uy, Initial residual = 0.00057057764, Final residual = 2.9202104e-05, No Iterations 2
smoothSolver:  Solving for Uz, Initial residual = 0.00057835275, Final residual = 3.8071084e-05, No Iterations 2
GAMG:  Solving for p, Initial residual = 8.2849899e-05, Final residual = 4.7232951e-07, No Iterations 3
GAMG:  Solving for p, Initial residual = 6.0626992e-06, Final residual = 4.5739951e-08, No Iterations 3
smoothSolver:  Solving for omega, Initial residual = 5.8720934e-31, Final residual = 5.8720934e-31, No Iterations 0
smoothSolver:  Solving for k, Initial residual = 8.9331251e-09, Final residual = 8.9331251e-09, No Iterations 0
smoothSolver:  Solving for Ux, Initial residual = 0.00018997118, Final residual = 1.205654e-05, No Iterations 2
smoothSolver:  Solving for Uy, Initial residual = 0.00057138977, Final residual = 2.7011918e-05, No Iterations 2
smoothSolver:  Solving for Uz, Initial residual = 0.00055014907, Final residual = 3.7148406e-05, No Iterations 2
GAMG:  Solving for p, Initial residual = 8.699833e-05, Final residual = 5.1538885e-07, No Iterations 3
GAMG:  Solving for p, Initial residual = 6.4191808e-06, Final residual = 5.1414198e-08, No Iterations 3
smoothSolver:  Solving for omega, Initial residual = 5.8720934e-31, Final residual = 5.8720934e-31, No Iterations 0
smoothSolver:  Solving for k, Initial residual = 8.9331251e-09, Final residual = 8.9331251e-09, No Iterations 0
smoothSolver:  Solving for Ux, Initial residual = 0.00019758374, Final residual = 1.9476696e-05, No Iterations 2
smoothSolver:  Solving for Uy, Initial residual = 0.00056183581, Final residual = 3.162711e-05, No Iterations 2
smoothSolver:  Solving for Uz, Initial residual = 0.00058373972, Final residual = 4.2186761e-05, No Iterations 2
GAMG:  Solving for p, Initial residual = 8.5266588e-05, Final residual = 3.657867e-07, No Iterations 3
GAMG:  Solving for p, Initial residual = 6.6271388e-06, Final residual = 9.4422777e-08, No Iterations 2
smoothSolver:  Solving for omega, Initial residual = 5.8720934e-31, Final residual = 5.8720934e-31, No Iterations 0
smoothSolver:  Solving for k, Initial residual = 8.9331251e-09, Final residual = 8.9331251e-09, No Iterations 0
smoothSolver:  Solving for Ux, Initial residual = 0.00019178359, Final residual = 1.2638526e-05, No Iterations 2
smoothSolver:  Solving for Uy, Initial residual = 0.00058019218, Final residual = 3.0083473e-05, No Iterations 2
smoothSolver:  Solving for Uz, Initial residual = 0.00054412881, Final residual = 3.3851446e-05, No Iterations 2
GAMG:  Solving for p, Initial residual = 8.2441514e-05, Final residual = 4.6330144e-07, No Iterations 3
GAMG:  Solving for p, Initial residual = 5.6218406e-06, Final residual = 3.9572523e-08, No Iterations 3
smoothSolver:  Solving for omega, Initial residual = 5.8720934e-31, Final residual = 5.8720934e-31, No Iterations 0
smoothSolver:  Solving for k, Initial residual = 8.9331251e-09, Final residual = 8.9331251e-09, No Iterations 0
smoothSolver:  Solving for Ux, Initial residual = 0.00020218508, Final residual = 1.9012522e-05, No Iterations 2
smoothSolver:  Solving for Uy, Initial residual = 0.00055201293, Final residual = 3.2014455e-05, No Iterations 2
smoothSolver:  Solving for Uz, Initial residual = 0.00060062693, Final residual = 4.9240399e-05, No Iterations 2
GAMG:  Solving for p, Initial residual = 8.3439563e-05, Final residual = 3.0970114e-07, No Iterations 3
GAMG:  Solving for p, Initial residual = 6.5792586e-06, Final residual = 8.9921015e-08, No Iterations 2
smoothSolver:  Solving for omega, Initial residual = 5.8720934e-31, Final residual = 5.8720934e-31, No Iterations 0
smoothSolver:  Solving for k, Initial residual = 8.9331251e-09, Final residual = 8.9331251e-09, No Iterations 0
smoothSolver:  Solving for Ux, Initial residual = 0.00019540356, Final residual = 1.6182859e-05, No Iterations 2
smoothSolver:  Solving for Uy, Initial residual = 0.00057625961, Final residual = 3.1756114e-05, No Iterations 2
smoothSolver:  Solving for Uz, Initial residual = 0.00054896906, Final residual = 2.5637761e-05, No Iterations 2
GAMG:  Solving for p, Initial residual = 8.4623539e-05, Final residual = 3.8509966e-07, No Iterations 3
GAMG:  Solving for p, Initial residual = 5.7171108e-06, Final residual = 4.7946083e-08, No Iterations 3
smoothSolver:  Solving for omega, Initial residual = 5.8720934e-31, Final residual = 5.8720934e-31, No Iterations 0
smoothSolver:  Solving for k, Initial residual = 8.9331251e-09, Final residual = 8.9331251e-09, No Iterations 0
smoothSolver:  Solving for Ux, Initial residual = 0.00020248642, Final residual = 1.6252679e-05, No Iterations 2
smoothSolver:  Solving for Uy, Initial residual = 0.00057598332, Final residual = 3.1304384e-05, No Iterations 2
smoothSolver:  Solving for Uz, Initial residual = 0.00059951258, Final residual = 5.2108785e-05, No Iterations 2
GAMG:  Solving for p, Initial residual = 8.2428395e-05, Final residual = 3.58945e-07, No Iterations 3
GAMG:  Solving for p, Initial residual = 6.5213114e-06, Final residual = 4.0989943e-08, No Iterations 3
smoothSolver:  Solving for omega, Initial residual = 5.8720934e-31, Final residual = 5.8720934e-31, No Iterations 0
smoothSolver:  Solving for k, Initial residual = 8.9331251e-09, Final residual = 8.9331251e-09, No Iterations 0
smoothSolver:  Solving for Ux, Initial residual = 0.00020209504, Final residual = 1.81443e-05, No Iterations 2
smoothSolver:  Solving for Uy, Initial residual = 0.00057028101, Final residual = 2.8474565e-05, No Iterations 2
smoothSolver:  Solving for Uz, Initial residual = 0.00056781256, Final residual = 2.9263987e-05, No Iterations 2
GAMG:  Solving for p, Initial residual = 8.3256991e-05, Final residual = 3.934135e-07, No Iterations 3
GAMG:  Solving for p, Initial residual = 5.8173281e-06, Final residual = 4.1256426e-08, No Iterations 3
smoothSolver:  Solving for omega, Initial residual = 5.8720934e-31, Final residual = 5.8720934e-31, No Iterations 0
smoothSolver:  Solving for k, Initial residual = 8.9331251e-09, Final residual = 8.9331251e-09, No Iterations 0
smoothSolver:  Solving for Ux, Initial residual = 0.00019881594, Final residual = 1.5027727e-05, No Iterations 2
smoothSolver:  Solving for Uy, Initial residual = 0.00058407336, Final residual = 2.7566612e-05, No Iterations 2
smoothSolver:  Solving for Uz, Initial residual = 0.00058376408, Final residual = 4.4184322e-05, No Iterations 2
GAMG:  Solving for p, Initial residual = 8.1672261e-05, Final residual = 5.4425096e-07, No Iterations 3
GAMG:  Solving for p, Initial residual = 6.5186225e-06, Final residual = 5.92299e-08, No Iterations 3
smoothSolver:  Solving for omega, Initial residual = 5.8720934e-31, Final residual = 5.8720934e-31, No Iterations 0
smoothSolver:  Solving for k, Initial residual = 8.9331251e-09, Final residual = 8.9331251e-09, No Iterations 0
smoothSolver:  Solving for Ux, Initial residual = 0.00020031094, Final residual = 9.0877319e-06, No Iterations 3
smoothSolver:  Solving for Uy, Initial residual = 0.00058623759, Final residual = 3.0457872e-05, No Iterations 2
smoothSolver:  Solving for Uz, Initial residual = 0.00057523567, Final residual = 3.8451478e-05, No Iterations 2
GAMG:  Solving for p, Initial residual = 8.29224e-05, Final residual = 4.803972e-07, No Iterations 3
GAMG:  Solving for p, Initial residual = 6.093011e-06, Final residual = 4.5953064e-08, No Iterations 3
smoothSolver:  Solving for omega, Initial residual = 5.8720934e-31, Final residual = 5.8720934e-31, No Iterations 0
smoothSolver:  Solving for k, Initial residual = 8.9331251e-09, Final residual = 8.9331251e-09, No Iterations 0
smoothSolver:  Solving for Ux, Initial residual = 0.00018646879, Final residual = 1.2184804e-05, No Iterations 2
smoothSolver:  Solving for Uy, Initial residual = 0.00058053523, Final residual = 2.6687684e-05, No Iterations 2
smoothSolver:  Solving for Uz, Initial residual = 0.00055357863, Final residual = 3.6405626e-05, No Iterations 2
GAMG:  Solving for p, Initial residual = 8.9065582e-05, Final residual = 4.6929061e-07, No Iterations 3
GAMG:  Solving for p, Initial residual = 6.5053236e-06, Final residual = 4.420701e-08, No Iterations 3
smoothSolver:  Solving for omega, Initial residual = 5.8720934e-31, Final residual = 5.8720934e-31, No Iterations 0
smoothSolver:  Solving for k, Initial residual = 8.9331251e-09, Final residual = 8.9331251e-09, No Iterations 0
smoothSolver:  Solving for Ux, Initial residual = 0.00019665954, Final residual = 1.9417189e-05, No Iterations 2
smoothSolver:  Solving for Uy, Initial residual = 0.00055789491, Final residual = 2.9971503e-05, No Iterations 2
smoothSolver:  Solving for Uz, Initial residual = 0.00058448495, Final residual = 3.95802e-05, No Iterations 2
GAMG:  Solving for p, Initial residual = 8.4269751e-05, Final residual = 3.7278485e-07, No Iterations 3
GAMG:  Solving for p, Initial residual = 6.4466758e-06, Final residual = 9.7476037e-08, No Iterations 2
smoothSolver:  Solving for omega, Initial residual = 5.8720934e-31, Final residual = 5.8720934e-31, No Iterations 0
smoothSolver:  Solving for k, Initial residual = 8.9331251e-09, Final residual = 8.9331251e-09, No Iterations 0
smoothSolver:  Solving for Ux, Initial residual = 0.00018828842, Final residual = 1.217653e-05, No Iterations 2
smoothSolver:  Solving for Uy, Initial residual = 0.00056271813, Final residual = 2.8471314e-05, No Iterations 2
smoothSolver:  Solving for Uz, Initial residual = 0.00053936497, Final residual = 3.3864803e-05, No Iterations 2
GAMG:  Solving for p, Initial residual = 8.2509832e-05, Final residual = 4.7927889e-07, No Iterations 3
GAMG:  Solving for p, Initial residual = 5.5380615e-06, Final residual = 4.2931546e-08, No Iterations 3
smoothSolver:  Solving for omega, Initial residual = 5.8720934e-31, Final residual = 5.8720934e-31, No Iterations 0
smoothSolver:  Solving for k, Initial residual = 8.9331251e-09, Final residual = 8.9331251e-09, No Iterations 0
smoothSolver:  Solving for Ux, Initial residual = 0.00019869521, Final residual = 1.8926569e-05, No Iterations 2
smoothSolver:  Solving for Uy, Initial residual = 0.00053275212, Final residual = 3.206523e-05, No Iterations 2
smoothSolver:  Solving for Uz, Initial residual = 0.00057991165, Final residual = 4.7209566e-05, No Iterations 2
GAMG:  Solving for p, Initial residual = 8.4189426e-05, Final residual = 3.2523569e-07, No Iterations 3
GAMG:  Solving for p, Initial residual = 6.5545238e-06, Final residual = 7.9576834e-08, No Iterations 2
smoothSolver:  Solving for omega, Initial residual = 5.8720934e-31, Final residual = 5.8720934e-31, No Iterations 0
smoothSolver:  Solving for k, Initial residual = 8.9331251e-09, Final residual = 8.9331251e-09, No Iterations 0
smoothSolver:  Solving for Ux, Initial residual = 0.00019124762, Final residual = 1.5042786e-05, No Iterations 2
smoothSolver:  Solving for Uy, Initial residual = 0.00056742992, Final residual = 3.0139271e-05, No Iterations 2
smoothSolver:  Solving for Uz, Initial residual = 0.00054385899, Final residual = 2.6906762e-05, No Iterations 2
GAMG:  Solving for p, Initial residual = 8.3756802e-05, Final residual = 3.9106225e-07, No Iterations 3
GAMG:  Solving for p, Initial residual = 5.6272951e-06, Final residual = 4.893835e-08, No Iterations 3
smoothSolver:  Solving for omega, Initial residual = 5.8720934e-31, Final residual = 5.8720934e-31, No Iterations 0
smoothSolver:  Solving for k, Initial residual = 8.9331251e-09, Final residual = 8.9331251e-09, No Iterations 0
smoothSolver:  Solving for Ux, Initial residual = 0.00020255947, Final residual = 1.7059035e-05, No Iterations 2
smoothSolver:  Solving for Uy, Initial residual = 0.00057610605, Final residual = 3.0509936e-05, No Iterations 2
smoothSolver:  Solving for Uz, Initial residual = 0.00060213233, Final residual = 5.0516667e-05, No Iterations 2
GAMG:  Solving for p, Initial residual = 8.2650065e-05, Final residual = 3.6494945e-07, No Iterations 3
GAMG:  Solving for p, Initial residual = 6.8056317e-06, Final residual = 4.21585e-08, No Iterations 3
smoothSolver:  Solving for omega, Initial residual = 5.8720934e-31, Final residual = 5.8720934e-31, No Iterations 0
smoothSolver:  Solving for k, Initial residual = 8.9331251e-09, Final residual = 8.9331251e-09, No Iterations 0
smoothSolver:  Solving for Ux, Initial residual = 0.00020530203, Final residual = 1.8804437e-05, No Iterations 2
smoothSolver:  Solving for Uy, Initial residual = 0.00059193239, Final residual = 3.2660487e-05, No Iterations 2
smoothSolver:  Solving for Uz, Initial residual = 0.00057402897, Final residual = 2.9710642e-05, No Iterations 2
GAMG:  Solving for p, Initial residual = 8.4905249e-05, Final residual = 4.2037429e-07, No Iterations 3
GAMG:  Solving for p, Initial residual = 5.9797481e-06, Final residual = 4.5739844e-08, No Iterations 3
smoothSolver:  Solving for omega, Initial residual = 5.8720934e-31, Final residual = 5.8720934e-31, No Iterations 0
smoothSolver:  Solving for k, Initial residual = 8.9331251e-09, Final residual = 8.9331251e-09, No Iterations 0
smoothSolver:  Solving for Ux, Initial residual = 0.00020593811, Final residual = 1.5142807e-05, No Iterations 2
smoothSolver:  Solving for Uy, Initial residual = 0.00060227956, Final residual = 3.0107632e-05, No Iterations 2
smoothSolver:  Solving for Uz, Initial residual = 0.00059971496, Final residual = 4.6992698e-05, No Iterations 2
GAMG:  Solving for p, Initial residual = 8.2663144e-05, Final residual = 4.9880768e-07, No Iterations 3
GAMG:  Solving for p, Initial residual = 6.3664086e-06, Final residual = 5.3901856e-08, No Iterations 3
smoothSolver:  Solving for omega, Initial residual = 5.8720934e-31, Final residual = 5.8720934e-31, No Iterations 0
smoothSolver:  Solving for k, Initial residual = 8.9331251e-09, Final residual = 8.9331251e-09, No Iterations 0
smoothSolver:  Solving for Ux, Initial residual = 0.0002018204, Final residual = 1.9543369e-05, No Iterations 2
smoothSolver:  Solving for Uy, Initial residual = 0.0005798432, Final residual = 2.9025034e-05, No Iterations 2
smoothSolver:  Solving for Uz, Initial residual = 0.00057215033, Final residual = 3.5796113e-05, No Iterations 2
GAMG:  Solving for p, Initial residual = 8.3954334e-05, Final residual = 4.7960326e-07, No Iterations 3
GAMG:  Solving for p, Initial residual = 6.0357189e-06, Final residual = 4.7637373e-08, No Iterations 3
smoothSolver:  Solving for omega, Initial residual = 5.8720934e-31, Final residual = 5.8720934e-31, No Iterations 0
smoothSolver:  Solving for k, Initial residual = 8.9331251e-09, Final residual = 8.9331251e-09, No Iterations 0
smoothSolver:  Solving for Ux, Initial residual = 0.00019628308, Final residual = 1.2946585e-05, No Iterations 2
smoothSolver:  Solving for Uy, Initial residual = 0.00059545263, Final residual = 2.6980562e-05, No Iterations 2
smoothSolver:  Solving for Uz, Initial residual = 0.00057637328, Final residual = 3.7712229e-05, No Iterations 2
GAMG:  Solving for p, Initial residual = 9.0295148e-05, Final residual = 5.2476961e-07, No Iterations 3
GAMG:  Solving for p, Initial residual = 6.9569935e-06, Final residual = 5.4952011e-08, No Iterations 3
smoothSolver:  Solving for omega, Initial residual = 5.8720934e-31, Final residual = 5.8720934e-31, No Iterations 0
smoothSolver:  Solving for k, Initial residual = 8.9331251e-09, Final residual = 8.9331251e-09, No Iterations 0
smoothSolver:  Solving for Ux, Initial residual = 0.00020242211, Final residual = 9.9645864e-06, No Iterations 3
smoothSolver:  Solving for Uy, Initial residual = 0.00058919189, Final residual = 3.2888157e-05, No Iterations 2
smoothSolver:  Solving for Uz, Initial residual = 0.00060291051, Final residual = 3.996959e-05, No Iterations 2
GAMG:  Solving for p, Initial residual = 8.6019791e-05, Final residual = 3.8680686e-07, No Iterations 3
GAMG:  Solving for p, Initial residual = 6.4647551e-06, Final residual = 3.8902788e-08, No Iterations 3
smoothSolver:  Solving for omega, Initial residual = 5.8720934e-31, Final residual = 5.8720934e-31, No Iterations 0
smoothSolver:  Solving for k, Initial residual = 8.9331251e-09, Final residual = 8.9331251e-09, No Iterations 0
smoothSolver:  Solving for Ux, Initial residual = 0.00019197347, Final residual = 1.1528534e-05, No Iterations 2
smoothSolver:  Solving for Uy, Initial residual = 0.00059370378, Final residual = 2.9327687e-05, No Iterations 2
smoothSolver:  Solving for Uz, Initial residual = 0.00055670928, Final residual = 3.6321707e-05, No Iterations 2
GAMG:  Solving for p, Initial residual = 8.4310904e-05, Final residual = 4.9869901e-07, No Iterations 3
GAMG:  Solving for p, Initial residual = 5.7449904e-06, Final residual = 4.8961053e-08, No Iterations 3
smoothSolver:  Solving for omega, Initial residual = 5.8720934e-31, Final residual = 5.8720934e-31, No Iterations 0
smoothSolver:  Solving for k, Initial residual = 8.9331251e-09, Final residual = 8.9331251e-09, No Iterations 0
smoothSolver:  Solving for Ux, Initial residual = 0.0002001193, Final residual = 1.9044119e-05, No Iterations 2
smoothSolver:  Solving for Uy, Initial residual = 0.00054749189, Final residual = 3.2666645e-05, No Iterations 2
smoothSolver:  Solving for Uz, Initial residual = 0.00059245508, Final residual = 4.6342308e-05, No Iterations 2
GAMG:  Solving for p, Initial residual = 8.463718e-05, Final residual = 3.2669251e-07, No Iterations 3
GAMG:  Solving for p, Initial residual = 6.4857002e-06, Final residual = 7.6820893e-08, No Iterations 2
smoothSolver:  Solving for omega, Initial residual = 5.8720934e-31, Final residual = 5.8720934e-31, No Iterations 0
smoothSolver:  Solving for k, Initial residual = 8.9331251e-09, Final residual = 8.9331251e-09, No Iterations 0
smoothSolver:  Solving for Ux, Initial residual = 0.0001911267, Final residual = 1.4442036e-05, No Iterations 2
smoothSolver:  Solving for Uy, Initial residual = 0.00057372297, Final residual = 3.1111798e-05, No Iterations 2
smoothSolver:  Solving for Uz, Initial residual = 0.00055063929, Final residual = 2.8874213e-05, No Iterations 2
GAMG:  Solving for p, Initial residual = 8.4363604e-05, Final residual = 3.8775176e-07, No Iterations 3
GAMG:  Solving for p, Initial residual = 5.6234558e-06, Final residual = 4.2249948e-08, No Iterations 3
smoothSolver:  Solving for omega, Initial residual = 5.8720934e-31, Final residual = 5.8720934e-31, No Iterations 0
smoothSolver:  Solving for k, Initial residual = 8.9331251e-09, Final residual = 8.9331251e-09, No Iterations 0
smoothSolver:  Solving for Ux, Initial residual = 0.00019711462, Final residual = 1.7175793e-05, No Iterations 2
smoothSolver:  Solving for Uy, Initial residual = 0.00056089751, Final residual = 3.029616e-05, No Iterations 2
smoothSolver:  Solving for Uz, Initial residual = 0.00059186324, Final residual = 5.0346641e-05, No Iterations 2
GAMG:  Solving for p, Initial residual = 8.3149208e-05, Final residual = 3.2415349e-07, No Iterations 3
GAMG:  Solving for p, Initial residual = 6.527581e-06, Final residual = 9.5700662e-08, No Iterations 2
smoothSolver:  Solving for omega, Initial residual = 5.8720934e-31, Final residual = 5.8720934e-31, No Iterations 0
smoothSolver:  Solving for k, Initial residual = 8.9331251e-09, Final residual = 8.9331251e-09, No Iterations 0
smoothSolver:  Solving for Ux, Initial residual = 0.0001972407, Final residual = 1.7022925e-05, No Iterations 2
smoothSolver:  Solving for Uy, Initial residual = 0.00057054478, Final residual = 2.8949975e-05, No Iterations 2
smoothSolver:  Solving for Uz, Initial residual = 0.00055955823, Final residual = 2.6781834e-05, No Iterations 2
GAMG:  Solving for p, Initial residual = 8.4478703e-05, Final residual = 3.813341e-07, No Iterations 3
GAMG:  Solving for p, Initial residual = 5.7232828e-06, Final residual = 4.1642969e-08, No Iterations 3
smoothSolver:  Solving for omega, Initial residual = 5.8720934e-31, Final residual = 5.8720934e-31, No Iterations 0
smoothSolver:  Solving for k, Initial residual = 8.9331251e-09, Final residual = 8.9331251e-09, No Iterations 0
smoothSolver:  Solving for Ux, Initial residual = 0.00020249042, Final residual = 1.5802938e-05, No Iterations 2
smoothSolver:  Solving for Uy, Initial residual = 0.00058459352, Final residual = 2.7941849e-05, No Iterations 2
smoothSolver:  Solving for Uz, Initial residual = 0.00059337343, Final residual = 4.6097074e-05, No Iterations 2
GAMG:  Solving for p, Initial residual = 8.0732053e-05, Final residual = 5.0750787e-07, No Iterations 3
GAMG:  Solving for p, Initial residual = 6.4779808e-06, Final residual = 5.6558221e-08, No Iterations 3
smoothSolver:  Solving for omega, Initial residual = 5.8720934e-31, Final residual = 5.8720934e-31, No Iterations 0
smoothSolver:  Solving for k, Initial residual = 8.9331251e-09, Final residual = 8.9331251e-09, No Iterations 0
smoothSolver:  Solving for Ux, Initial residual = 0.00020056522, Final residual = 1.9518409e-05, No Iterations 2
smoothSolver:  Solving for Uy, Initial residual = 0.00058453012, Final residual = 3.0647382e-05, No Iterations 2
smoothSolver:  Solving for Uz, Initial residual = 0.0005651466, Final residual = 3.5550633e-05, No Iterations 2
GAMG:  Solving for p, Initial residual = 8.2484105e-05, Final residual = 4.8702069e-07, No Iterations 3
GAMG:  Solving for p, Initial residual = 6.0205959e-06, Final residual = 4.905159e-08, No Iterations 3
smoothSolver:  Solving for omega, Initial residual = 5.8720934e-31, Final residual = 5.8720934e-31, No Iterations 0
smoothSolver:  Solving for k, Initial residual = 8.9331251e-09, Final residual = 8.9331251e-09, No Iterations 0
Time = 500

smoothSolver:  Solving for Ux, Initial residual = 0.00019640048, Final residual = 1.3353083e-05, No Iterations 2
smoothSolver:  Solving for Uy, Initial residual = 0.00059718692, Final residual = 2.723078e-05, No Iterations 2
smoothSolver:  Solving for Uz, Initial residual = 0.00057376414, Final residual = 3.9099527e-05, No Iterations 2
U0 initRes: 0.00019640048 finalRes: 1.3353083e-05 nIters: 2
U1 initRes: 0.00059718692 finalRes: 2.723078e-05 nIters: 2
U2 initRes: 0.00057376414 finalRes: 3.9099527e-05 nIters: 2
GAMG:  Solving for p, Initial residual = 8.4991841e-05, Final residual = 4.7870744e-07, No Iterations 3
p initRes: 8.4991841e-05 finalRes: 4.7870744e-07 nIters: 3
GAMG:  Solving for p, Initial residual = 6.3407587e-06, Final residual = 4.6639215e-08, No Iterations 3
p initRes: 6.3407587e-06 finalRes: 4.6639215e-08 nIters: 3
Time step continuity errors : sum local = 7.727605e-07
                                 global = 7.5139656e-08
                             cumulative = 1.4785146e-05
smoothSolver:  Solving for omega, Initial residual = 5.8720934e-31, Final residual = 5.8720934e-31, No Iterations 0
omega initRes: 5.8720934e-31 finalRes: 5.8720934e-31 nIters: 0
Bounding omega<1e+16
Bounding omega>1e-16
smoothSolver:  Solving for k, Initial residual = 8.9331251e-09, Final residual = 8.9331251e-09, No Iterations 0
k initRes: 8.9331251e-09 finalRes: 8.9331251e-09 nIters: 0
Bounding k>1e-16
CD: 0.069983384 final: 0.069983384
CL: 0.10488657 final: 0.10488657
yPlus min: 11.565396 max: 525.7273 mean: 205.72353
ExecutionTime = 18.35 s  ClockTime = 18 s

End

Printing Primal Residual Statistics.
U Residual Norm2: (6876.645 2350.9396 5064.8993)
U Residual Mean: (2.1000411 1.0194396 1.4993705)
U Residual Max: (2547.7237 622.32525 2575.8856)
p Residual Norm2: 701.77652
p Residual Mean: 0.21619945
p Residual Max: 221.00888
omega Residual Norm2: 1.1347097e+35
omega Residual Mean: 1.0783893e+31
omega Residual Max: 5.6270146e+34
k Residual Norm2: 1.4648128e+08
k Residual Mean: 249639.98
k Residual Max: 3120637.8
phi Residual Norm2: 18.937782
phi Residual Mean: 0.002649243
phi Residual Max: 3.9309178
Total Residual Norm2: 1.1347097e+35
 
 
CD: [0.06998338]
Finalising parallel run
Finalising parallel run
