WARNING 7: VSPAERO Viewer Not Found. 
	Expected here: /home/dafoamuser/dafoam/packages/miniconda3/lib/python3.10/site-packages/openvsp/vspviewer
WARNING 7: VSPAERO Viewer Not Found. 
	Expected here: /home/dafoamuser/dafoam/packages/miniconda3/lib/python3.10/site-packages/openvsp/vspviewer
WARNING 7: VSPAERO Viewer Not Found. 
	Expected here: /home/dafoamuser/dafoam/packages/miniconda3/lib/python3.10/site-packages/openvsp/vspviewer
WARNING 7: VSPAERO Viewer Not Found. 
	Expected here: /home/dafoamuser/dafoam/packages/miniconda3/lib/python3.10/site-packages/openvsp/vspviewer
 
-------------------------------------------------------------------------------
|                               DAFoam v5.0.0                                 |
-------------------------------------------------------------------------------
 
/*---------------------------------------------------------------------------*\
| =========                 |                                                 |
| \\      /  F ield         | OpenFOAM: The Open Source CFD Toolbox           |
|  \\    /   O peration     | Version:  2506                                  |
|   \\  /    A nd           | Website:  www.openfoam.com                      |
|    \\/     M anipulation  |                                                 |
\*---------------------------------------------------------------------------*/
Build  : _615aae61d7-20250627 OPENFOAM=2506 version=v2506
Arch   : "LSB;label=32;scalar=64"
Exec   : decomposePar
Date   : Jul 28 2026
Time   : 00:54:50
Host   : ip-172-31-43-247
PID    : 405
I/O    : uncollated
Case   : /home/dafoamuser/mount/A5_ubend_pressureloss
nProcs : 1
trapFpe: Floating point exception trapping enabled (FOAM_SIGFPE).
fileModificationChecking : Monitoring run-time modified files using timeStampMaster (fileModificationSkew 5, maxFileModificationPolls 20)
allowSystemOperations : Allowing user-supplied system call operations

// * * * * * * * * * * * * * * * * * * * * * * * * * * * * * * * * * * * * * //
Create time

Overriding DebugSwitches according to controlDict
    SolverPerformance 0;



Decomposing mesh

Create mesh

Calculating distribution of cells
Decomposition method scotch [4] (region region0)

Finished decomposition in 0 s

Calculating original mesh data

Distributing cells to processors

Distributing faces to processors

Distributing points to processors

Constructing processor meshes
Overriding DebugSwitches according to controlDict
    SolverPerformance 0;


Processor 0
    Number of cells = 1200
    Number of points = 1584
    Number of faces shared with processor 1 = 104
    Number of faces shared with processor 2 = 96
    Number of processor patches = 2
    Number of processor faces = 200
    Number of boundary faces = 500
Overriding DebugSwitches according to controlDict
    SolverPerformance 0;


Processor 1
    Number of cells = 1200
    Number of points = 1584
    Number of faces shared with processor 0 = 104
    Number of processor patches = 1
    Number of processor faces = 104
    Number of boundary faces = 596
Overriding DebugSwitches according to controlDict
    SolverPerformance 0;


Processor 2
    Number of cells = 1200
    Number of points = 1584
    Number of faces shared with processor 0 = 96
    Number of faces shared with processor 3 = 104
    Number of processor patches = 2
    Number of processor faces = 200
    Number of boundary faces = 500
Overriding DebugSwitches according to controlDict
    SolverPerformance 0;


Processor 3
    Number of cells = 1200
    Number of points = 1584
    Number of faces shared with processor 2 = 104
    Number of processor patches = 1
    Number of processor faces = 104
    Number of boundary faces = 596

Number of processor faces = 304
Max number of cells = 1200 (0% above average 1200)
Max number of processor patches = 2 (33.33333333333334% above average 1.5)
Max number of faces between processors = 200 (31.57894736842105% above average 152)

Time = 0

Processor 0: field transfer
Overriding DebugSwitches according to controlDict
    SolverPerformance 0;

Processor 1: field transfer
Overriding DebugSwitches according to controlDict
    SolverPerformance 0;

Processor 2: field transfer
Overriding DebugSwitches according to controlDict
    SolverPerformance 0;

Processor 3: field transfer
Overriding DebugSwitches according to controlDict
    SolverPerformance 0;


End

I/O    : uncollated
Case   : /home/dafoamuser/mount/A5_ubend_pressureloss
nProcs : 4
Hosts  :
(
    (ip-172-31-43-247 4)
)
Pstream initialized with:
    node communication : off [type=host] (4 ranks, 1 nodes)
    topology controls  : none
    consensus exchange : 0 (tuning: 0)
    exchange algorithm : 0
    commsType          : nonBlocking
    polling iterations : 0
Initializing mesh and runtime for DASolver
Create time

Overriding DebugSwitches according to controlDict
    SolverPerformance 0;

Create mesh for time = 0
Replacing wallDist.method meshWave -> meshWaveFrozen
DAOption created. DASolver initialized.
I/O    : uncollated
[3] UPstream::init : could not attach buffer
[2] UPstream::init : could not attach buffer
[0] UPstream::init : could not attach buffer
[1] UPstream::init : could not attach buffer
Case   : /home/dafoamuser/mount/A5_ubend_pressureloss
nProcs : 4
Hosts  :
(
    (ip-172-31-43-247 4)
)
Pstream initialized with:
    node communication : off [type=host] (4 ranks, 1 nodes)
    topology controls  : none
    consensus exchange : 0 (tuning: 0)
    exchange algorithm : 0
    commsType          : nonBlocking
    polling iterations : 0
Initializing mesh and runtime for DASolver
Create time

Overriding DebugSwitches according to controlDict
    SolverPerformance 0;

Create mesh for time = 0
Replacing wallDist.method meshWave -> meshWaveFrozen
DAOption created. DASolver initialized.
Initializing fields for DASimpleFoam
Create simpleControl.

SIMPLE: no convergence criteria found. Calculations will run for 1000 steps.

Reading field p

Reading field U

Reading/calculating face flux field phi

Creating source term. 
Selecting incompressible transport model Newtonian
Selecting turbulence model type RAS
Selecting RAS turbulence model SpalartAllmaras
Selecting patchDistMethod meshWaveFrozen
ft2 term: inactive
No MRF models present

Reading field T

Reading field alphat

Turbulence model is incompressible
Adjoint States: 
5
(
U volVectorState
nuTilda modelState
phi surfaceScalarState
p volScalarState
T volScalarState
)
Global Cells: 4800
Global Faces: 15800
Global Xv: 19008
Undecomposed points: 5967
Global Adjoint States: 44600

SIMPLE: no convergence criteria found. Calculations will run for 1000 steps.

DACheckMesh Thresholds: 
maxNonOrth: 70
maxSkewness: 4
maxAspectRatio: 1000
maxIncorrectlyOrientedFaces: 0
    Adding all faces of patches: (inlet) ...
    Found matching patch inlet with 96 faces
    Adding all faces of patches: (outlet) ...
    Found matching patch outlet with 96 faces
    Adding all faces of patches: (ubend) ...
    Found matching patch ubend with 1232 faces
Initializing fields for DASimpleFoam
Create simpleControl.

SIMPLE: no convergence criteria found. Calculations will run for 1000 steps.

Reading field p

Reading field U

Reading/calculating face flux field phi

Creating source term. 
Selecting incompressible transport model Newtonian
Selecting turbulence model type RAS
Selecting RAS turbulence model SpalartAllmaras
Selecting patchDistMethod meshWaveFrozen
ft2 term: inactive
No MRF models present

Reading field T

Reading field alphat

Turbulence model is incompressible
Adjoint States: 
5
(
U volVectorState
nuTilda modelState
phi surfaceScalarState
p volScalarState
T volScalarState
)
Global Cells: 4800
Global Faces: 15800
Global Xv: 19008
Undecomposed points: 5967
Global Adjoint States: 44600

SIMPLE: no convergence criteria found. Calculations will run for 1000 steps.

DACheckMesh Thresholds: 
maxNonOrth: 70
maxSkewness: 4
maxAspectRatio: 1000
maxIncorrectlyOrientedFaces: 0
    Adding all faces of patches: (inlet) ...
    Found matching patch inlet with 96 faces
    Adding all faces of patches: (outlet) ...
    Found matching patch outlet with 96 faces
    Adding all faces of patches: (ubend) ...
    Found matching patch ubend with 1232 faces
Init solver done! ElapsedClockTime 0.000000 s
Init solver done! ElapsedCpuTime 0.300000 s
initState: 
7
(
nuTilda 0.001500000000000011
phi 0
U1 0
U2 0
p 0
T 293.1500000000029
U0 8.399999999999814
)
Setting up primal boundary conditions based on pyOptions: 
Setting nut wall BC for ubend. BCType=nutUSpaldingWallFunction
Setting nut wall BC for ubendup. BCType=nutUSpaldingWallFunction
Setting alphat wall BC for ubendBCType=incompressible::alphatWallFunction. Default Prt=0.85
Setting alphat wall BC for ubendupBCType=incompressible::alphatWallFunction. Default Prt=0.85
Reading OpenFOAM mesh information...
I/O    : uncollated
Case   : /home/dafoamuser/mount/A5_ubend_pressureloss
nProcs : 4
Hosts  :
(
    (ip-172-31-43-247 4)
)
Pstream initialized with:
    node communication : off [type=host] (4 ranks, 1 nodes)
    topology controls  : none
    consensus exchange : 0 (tuning: 0)
    exchange algorithm : 0
    commsType          : nonBlocking
    polling iterations : 0
Reading the OpenFOAM mesh..
Overriding DebugSwitches according to controlDict
    SolverPerformance 0;

Checking if we need to compress the mesh files
Checking if we need to compress the mesh files
Finalising parallel run
I/O    : uncollated
DAFoam option dictionary: 
{
    solverName      DASimpleFoam;
    primalMinResTol 1e-08;
    primalFuncStdTol
    {
        stdTol          -1;
        slopeTol        -1;
        funcNames       1 ( CD );
        nStepsFrac      0.2;
    }
    primalBC
    {
        useWallFunction 1;
    }
    primalInitCondition
    {
    }
    normalizeStates
    {
        U               8.4;
        p               35.28;
        nuTilda         0.001;
        phi             1;
        T               300;
    }
    function
    {
        TP1
        {
            type            totalPressure;
            source          patchToFace;
            patches         1 ( inlet );
            scale           1;
            addToAdjoint    1;
        }
        TP2
        {
            type            totalPressure;
            source          patchToFace;
            patches         1 ( outlet );
            scale           1;
            addToAdjoint    1;
        }
        HFX
        {
            type            wallHeatFlux;
            source          patchToFace;
            patches         1 ( ubend );
            scale           1;
            addToAdjoint    0;
        }
    }
    inputInfo
    {
        aero_vol_coords
        {
            type            volCoord;
            components      2 ( solver function );
        }
    }
    outputInfo
    {
        q_convect
        {
            type            thermalCouplingOutput;
            patches         1 ( ubend );
            components      1 ( thermalCoupling );
        }
    }
    designSurfaces  1 ( ubend );
    fvSource
    {
    }
    prepareCaseOnly 0;
    adjEqnSolMethod Krylov;
    dynamicMesh
    {
        active          0;
        mode            rotation;
        center          3 ( 0.25 0 0 );
        axis            z;
        omega           0.1;
        s               2;
        t0              0.35;
    }
    primalVarBounds
    {
        UMax            1000;
        UMin            -1000;
        pMax            50000;
        pMin            -50000;
        p_rghMax        50000;
        p_rghMin        -50000;
        eMax            55000;
        eMin            -220000;
        TMax            1000;
        TMin            100;
        hMax            200000;
        hMin            -200000;
        DMax            1e+16;
        DMin            -1e+16;
        rhoMax          5;
        rhoMin          0.2;
        nuTildaMax      1e+16;
        nuTildaMin      1e-16;
        kMax            1e+16;
        kMin            1e-16;
        omegaMax        1e+16;
        omegaMin        1e-16;
        epsilonMax      1e+16;
        epsilonMin      1e-16;
        ReThetatMax     1e+16;
        ReThetatMin     1e-16;
        gammaIntMax     1e+16;
        gammaIntMin     1e-16;
    }
    discipline      aero;
    adjPartDerivFDStep
    {
        State           1e-06;
    }
    transonicPCOption -1;
    unsteadyAdjoint
    {
        mode            None;
        PCMatPrecomputeInterval 100;
        PCMatUpdateInterval 1;
        reduceIO        1;
        additionalOutput 1 ( None );
        additionalOldTime 1 ( None );
        readZeroFields  1;
    }
    adjPCLag        10000;
    useAD
    {
        mode            reverse;
        dvName          None;
        seedIndex       -9999;
    }
    useConstrainHbyA 1;
    forceMeshWaveFrozen 1;
    useDdtCorr      0;
    regressionModel
    {
        active          0;
    }
    useMeanStates   0;
    solveLinearFunctionName None;
    printDAOptions  1;
    debug           0;
    writeJacobians  1 ( None );
    printInterval   100;
    printIntervalUnsteady 1;
    primalMinResTolDiff 10000000;
    adjUseColoring  1;
    adjEqnOption
    {
        globalPCIters   0;
        asmOverlap      1;
        localPCIters    1;
        jacMatReOrdering natural;
        pcFillLevel     2;
        gmresMaxIters   3000;
        gmresRestart    3000;
        gmresRelTol     1e-05;
        gmresAbsTol     1e-14;
        gmresTolDiff    10000;
        useNonZeroInitGuess 0;
        useMGSO         0;
        printInfo       1;
        fpMaxIters      1000;
        fpRelTol        1e-06;
        fpMinResTolDiff 100;
        fpPCUpwind      0;
        dynAdjustTol    0;
        KSPCalcEigen    0;
        KSPCalcSingularVal 0;
        readPCMat       0;
    }
    normalizeResiduals 11 ( URes pRes p_rghRes nuTildaRes phiRes TRes DRes kRes omegaRes epsilonRes alpha.waterRes );
    maxResConLv4JacPCMat
    {
        pRes            2;
        phiRes          1;
        URes            2;
        TRes            2;
        nuTildaRes      2;
        kRes            2;
        epsilonRes      2;
        omegaRes        2;
        p_rghRes        2;
        DRes            2;
        gammaIntRes     2;
        ReThetatRes     2;
        alpha.waterRes  2;
    }
    jacLowerBounds
    {
        dRdW            1e-30;
        dRdWPC          1e-30;
    }
    maxTractionBCIters 100;
    decomposeParDict
    {
        method          scotch;
        simpleCoeffs
        {
            n               3 ( 2 2 1 );
            delta           0.001;
        }
        kahipCoeffs
        {
            config          fast;
            imbalance       0.01;
        }
        preservePatches 1 ( None );
        singleProcessorFaceSets 1 ( None );
        args            1 ( None );
    }
    adjStateOrdering cell;
    checkMeshThreshold
    {
        maxAspectRatio  1000;
        maxNonOrth      70;
        maxSkewness     4;
        maxIncorrectlyOrientedFaces 0;
    }
    writeDeformedFFDs 0;
    writeDeformedConstraints 0;
    writeAdjointFields 0;
    maxCorrectBCCalls 2;
    writeMinorIterations 1;
    primalMinIters  1;
    tensorflow
    {
        active          0;
    }
    wallDistanceMethod daCustom;
    unsteadyCompOutput
    {
    }
}

pyDAFoam initialization done!
+----------------------------------------+
|          All IDWarp Options:           |
+----------------------------------------+
{'LdefFact': 1.0,
 'aExp': 3.0,
 'alpha': 0.25,
 'bExp': 5.0,
 'bucketSize': 8,
 'cornerAngle': 30.0,
 'errTol': 0.0005,
 'evalMode': 'fast',
 'fileType': 'OpenFOAM',
 'gridFile': '/home/dafoamuser/mount/A5_ubend_pressureloss',
 'restartFile': None,
 'specifiedSurfaces': None,
 'symmTol': 1e-06,
 'symmetryPlanes': [],
 'symmetrySurfaces': None,
 'useRotations': True,
 'zeroCornerRotations': True}
I/O    : uncollated
Case   : /home/dafoamuser/mount/A5_ubend_pressureloss
nProcs : 4
Hosts  :
(
    (ip-172-31-43-247 4)
)
Pstream initialized with:
    node communication : off [type=host] (4 ranks, 1 nodes)
    topology controls  : none
    consensus exchange : 0 (tuning: 0)
    exchange algorithm : 0
    commsType          : nonBlocking
    polling iterations : 0
Reading the OpenFOAM mesh..
Overriding DebugSwitches according to controlDict
    SolverPerformance 0;

Checking if we need to compress the mesh files
Checking if we need to compress the mesh files
#------------------------------#
 Total Volume Nodes :      6336 
#------------------------------#
Finalising parallel run
I/O    : uncollated
+-------------------- Symmetry Planes -------------------+
|           Point                        Normal          |
+--------------------------------------------------------+
#--------------------------------#
 Unique Surface Nodes :      1479 
#--------------------------------#
 Computing Denominator Estimate...
 Load Balancing...
 Finished Mesh Initialization.
OrderedDict([('inlet', [0]), ('outlet', [1]), ('procBoundary0to1', [2]), ('procBoundary0to2', [3]), ('sym', [4]), ('ubend', [5]), ('ubendup', [6]), ('allSurfaces', [0, 1, 2, 3, 4, 5, 6]), ('allWalls', [5, 6]), ('designSurfaces', [5])])
dRdWT Jacobian Free created!
/home/dafoamuser/dafoam/packages/miniconda3/lib/python3.10/site-packages/openmdao/core/component.py:140: OMDeprecationWarning:'scenario.aero_post.functionals' <class DAFoamFunctions>: It appears this component mixes distributed/non-distributed inputs and outputs, so it may break starting with OpenMDAO 3.25, where the convention used when passing data between distributed and non-distributed inputs and outputs within a matrix free component will change. See https://github.com/OpenMDAO/POEMs/blob/master/POEM_075.md for details.
/home/dafoamuser/dafoam/packages/miniconda3/lib/python3.10/site-packages/openmdao/core/component.py:140: OMDeprecationWarning:'scenario.aero_post.functionals' <class DAFoamFunctions>: It appears this component mixes distributed/non-distributed inputs and outputs, so it may break starting with OpenMDAO 3.25, where the convention used when passing data between distributed and non-distributed inputs and outputs within a matrix free component will change. See https://github.com/OpenMDAO/POEMs/blob/master/POEM_075.md for details.
/home/dafoamuser/dafoam/packages/miniconda3/lib/python3.10/site-packages/openmdao/core/component.py:140: OMDeprecationWarning:'scenario.aero_post.functionals' <class DAFoamFunctions>: It appears this component mixes distributed/non-distributed inputs and outputs, so it may break starting with OpenMDAO 3.25, where the convention used when passing data between distributed and non-distributed inputs and outputs within a matrix free component will change. See https://github.com/OpenMDAO/POEMs/blob/master/POEM_075.md for details.
/home/dafoamuser/dafoam/packages/miniconda3/lib/python3.10/site-packages/openmdao/core/component.py:140: OMDeprecationWarning:'scenario.aero_post.functionals' <class DAFoamFunctions>: It appears this component mixes distributed/non-distributed inputs and outputs, so it may break starting with OpenMDAO 3.25, where the convention used when passing data between distributed and non-distributed inputs and outputs within a matrix free component will change. See https://github.com/OpenMDAO/POEMs/blob/master/POEM_075.md for details.
DAInputVolCoord. 
Setting volume coordinates. 
Checking mesh quality for time = 0
    Overall domain bounding box (-1.338980954506319e-16 -0.09450000000000007 -3.272939177209413e-24) (0.8445000000000003 0.09450000000000008 0.03750000000000003)
    Mesh has 3 geometric (non-empty/wedge) directions (1 1 1)
    Mesh has 3 solution (non-empty) directions (1 1 1)
    Boundary openness (2.977902039679631e-18 -7.23690792612526e-18 2.512263050029231e-17) OK.
    Max cell openness = 3.581744559210832e-16 OK.
    Max aspect ratio = 69.08288552235946 OK.
    Minimum face area = 1.673117705410074e-06. Maximum face area = 0.001155837989117209.  Face area magnitudes OK.
    Min volume = 5.879985003004503e-09. Max volume = 1.30921460452209e-05.  Total volume = 0.004719833522667712.  Cell volumes OK.
    Mesh non-orthogonality Max: 3.51228284500386 average: 0.2800796231392331
    Non-orthogonality check OK.
    Face pyramids OK.
    Max skewness = 0.2181261527754675 OK.
    Coupled point location match (average 0) OK.

Mesh OK.

Running Primal Solver 001
Previous solution time -1e+10 not found and nothing deleted.
No finite volume options present

Starting time loop

Time = 1

U0 initRes: 0.999999999993625 finalRes: 0.06362093334606861 nIters: 4
U1 initRes: 1 finalRes: 0.07970846647818423 nIters: 1
U2 initRes: 1 finalRes: 0.07778807586327692 nIters: 3
p initRes: 1 finalRes: 0.08125324488434013 nIters: 26
Time step continuity errors : sum local = 1.278416044056911
                                 global = -0.1058401961208021
                             cumulative = -0.1058401961208021
T initRes: 0.9999999999276367 finalRes: 0.08208472175239952 nIters: 4
nuTilda initRes: 0.9999999999999765 finalRes: 0.05246326469319715 nIters: 1
TP1: 2869.524210823638 final: 2869.524210823638
TP2: 9.245003703993847 final: 9.245003703993847
HFX: 586.9417812202216 final: 586.9417812202216
yPlus min: 16.56446624375926 max: 36.88048803161515 mean: 25.38868016197397
ExecutionTime = 0.59 s  ClockTime = 0 s

Time = 100

U0 initRes: 9.202406875140982e-05 finalRes: 5.118957825958172e-06 nIters: 3
U1 initRes: 0.0001104587169681974 finalRes: 1.016124908971287e-05 nIters: 2
U2 initRes: 0.0004803222946248761 finalRes: 3.735669121473671e-05 nIters: 2
p initRes: 0.002132588946461159 finalRes: 0.000196369875688997 nIters: 2
Time step continuity errors : sum local = 0.003338043460226558
                                 global = 8.368757273744304e-05
                             cumulative = -0.1057565085480646
T initRes: 9.182674040726427e-05 finalRes: 5.721791150073213e-06 nIters: 3
nuTilda initRes: 0.0005025345537435747 finalRes: 3.606414657115051e-05 nIters: 2
TP1: 87.96005291968729 final: 87.96005291968729
TP2: 35.76444728119155 final: 35.76444728119155
HFX: 301.935514872785 final: 301.935514872785
yPlus min: 1.812237921143724 max: 55.34338712371321 mean: 23.67127602532325
ExecutionTime = 0.99 s  ClockTime = 1 s

Time = 200

U0 initRes: 8.895385050041853e-06 finalRes: 4.374465029914776e-07 nIters: 3
U1 initRes: 1.456248979632535e-05 finalRes: 7.3117164343603e-07 nIters: 3
U2 initRes: 5.326097242390036e-05 finalRes: 4.469657004065023e-06 nIters: 2
p initRes: 0.000352038146181074 finalRes: 2.01232503689339e-05 nIters: 2
Time step continuity errors : sum local = 0.0003424152326368483
                                 global = -5.185925626398346e-05
                             cumulative = -0.1058083678043286
T initRes: 2.339662990767521e-05 finalRes: 1.102657266093558e-06 nIters: 3
nuTilda initRes: 0.0002718152289599632 finalRes: 6.845334101130683e-06 nIters: 2
TP1: 88.12054694259008 final: 88.12054694259008
TP2: 35.77317367564675 final: 35.77317367564675
HFX: 301.80611068812 final: 301.80611068812
yPlus min: 1.848379726254269 max: 55.32355128126009 mean: 23.67080151289197
ExecutionTime = 1.34 s  ClockTime = 1 s

Time = 300

U0 initRes: 2.284824087884024e-06 finalRes: 1.172526178479813e-07 nIters: 3
U1 initRes: 5.772105408515241e-06 finalRes: 4.076127192946038e-07 nIters: 3
U2 initRes: 1.464665292615421e-05 finalRes: 1.245347677000796e-06 nIters: 2
p initRes: 0.0002373166802199214 finalRes: 1.681126725239221e-05 nIters: 1
Time step continuity errors : sum local = 0.0002859934261226287
                                 global = 1.385098542370665e-06
                             cumulative = -0.1058069827057863
T initRes: 1.62651222320315e-05 finalRes: 7.501361545174709e-07 nIters: 3
nuTilda initRes: 0.0002635516347566878 finalRes: 6.171253693454599e-06 nIters: 2
TP1: 88.11972134832153 final: 88.11972134832153
TP2: 35.77322393951975 final: 35.77322393951975
HFX: 301.8114737151074 final: 301.8114737151074
yPlus min: 1.846160241157321 max: 55.32496747883081 mean: 23.66985138579821
ExecutionTime = 1.68 s  ClockTime = 2 s

Time = 400

U0 initRes: 1.818263646134402e-06 finalRes: 9.492073070690592e-08 nIters: 3
U1 initRes: 5.080215130318044e-06 finalRes: 3.874165486712762e-07 nIters: 3
U2 initRes: 1.21890763551502e-05 finalRes: 1.112123572404705e-06 nIters: 2
p initRes: 0.0002265543086670557 finalRes: 1.347212170075161e-05 nIters: 1
Time step continuity errors : sum local = 0.0002291893303739499
                                 global = -1.318567197601618e-06
                             cumulative = -0.1058083012729839
T initRes: 1.584291513459084e-05 finalRes: 7.402640205711119e-07 nIters: 3
nuTilda initRes: 0.0002616108032925071 finalRes: 5.937713874841769e-06 nIters: 2
TP1: 88.11849246103276 final: 88.11849246103276
TP2: 35.77314575494255 final: 35.77314575494255
HFX: 301.8117605956641 final: 301.8117605956641
yPlus min: 1.846001126260245 max: 55.32504509228563 mean: 23.66988071008018
ExecutionTime = 2.01 s  ClockTime = 2 s

Time = 500

U0 initRes: 1.793665717834189e-06 finalRes: 9.383676426756468e-08 nIters: 3
U1 initRes: 5.040038560887625e-06 finalRes: 3.862613871798739e-07 nIters: 3
U2 initRes: 1.2030253586499e-05 finalRes: 1.108031101533168e-06 nIters: 2
p initRes: 0.0002258586403239825 finalRes: 1.318083618457838e-05 nIters: 1
Time step continuity errors : sum local = 0.0002242342796308374
                                 global = -2.064100808508062e-07
                             cumulative = -0.1058085076830647
T initRes: 1.58123070825863e-05 finalRes: 7.376724460673657e-07 nIters: 3
nuTilda initRes: 0.0002615715285587637 finalRes: 5.933776978917983e-06 nIters: 2
TP1: 88.11837268204582 final: 88.11837268204582
TP2: 35.77316326197865 final: 35.77316326197865
HFX: 301.8117360363483 final: 301.8117360363483
yPlus min: 1.845979500113432 max: 55.32504094584836 mean: 23.66988649805791
ExecutionTime = 2.34 s  ClockTime = 2 s

Time = 600

U0 initRes: 1.7934356777388e-06 finalRes: 9.380814361798418e-08 nIters: 3
U1 initRes: 5.039984968591228e-06 finalRes: 3.863185185088319e-07 nIters: 3
U2 initRes: 1.20305599407626e-05 finalRes: 1.107935309146154e-06 nIters: 2
p initRes: 0.000225766329062711 finalRes: 1.311836804061344e-05 nIters: 1
Time step continuity errors : sum local = 0.0002231715645951435
                                 global = -9.113882184464681e-08
                             cumulative = -0.1058085988218866
T initRes: 1.581223832995784e-05 finalRes: 7.375849841658637e-07 nIters: 3
nuTilda initRes: 0.0002615670650240055 finalRes: 5.933627887816844e-06 nIters: 2
TP1: 88.11838177212337 final: 88.11838177212337
TP2: 35.77316531829783 final: 35.77316531829783
HFX: 301.8117299854046 final: 301.8117299854046
yPlus min: 1.845981088966779 max: 55.32503896979964 mean: 23.66988593655861
ExecutionTime = 2.7 s  ClockTime = 3 s

Time = 700

U0 initRes: 1.793277521991261e-06 finalRes: 9.380192043687983e-08 nIters: 3
U1 initRes: 5.04000112916517e-06 finalRes: 3.863166360062916e-07 nIters: 3
U2 initRes: 1.203045119813533e-05 finalRes: 1.107926190221626e-06 nIters: 2
p initRes: 0.0002257628799284889 finalRes: 1.311454547264705e-05 nIters: 1
Time step continuity errors : sum local = 0.0002231065382420022
                                 global = -8.161968755899715e-09
                             cumulative = -0.1058086069838553
T initRes: 1.581222144792834e-05 finalRes: 7.37584969526843e-07 nIters: 3
nuTilda initRes: 0.0002615670410407442 finalRes: 5.93362005765603e-06 nIters: 2
TP1: 88.11838299467681 final: 88.11838299467681
TP2: 35.77316648953093 final: 35.77316648953093
HFX: 301.8117334698114 final: 301.8117334698114
yPlus min: 1.845980795770895 max: 55.32503992542955 mean: 23.66988631348844
ExecutionTime = 3.07 s  ClockTime = 3 s

Time = 800

U0 initRes: 1.793277222349885e-06 finalRes: 9.380197238958308e-08 nIters: 3
U1 initRes: 5.040003171068864e-06 finalRes: 3.863168011247159e-07 nIters: 3
U2 initRes: 1.20304519802597e-05 finalRes: 1.107925250289462e-06 nIters: 2
p initRes: 0.0002257625021210026 finalRes: 1.311469167878494e-05 nIters: 1
Time step continuity errors : sum local = 0.0002231090249741281
                                 global = -1.895002566006485e-08
                             cumulative = -0.105808625933881
T initRes: 1.581222049780872e-05 finalRes: 7.375848520433196e-07 nIters: 3
nuTilda initRes: 0.0002615670399124383 finalRes: 5.933619703782803e-06 nIters: 2
TP1: 88.11838265242606 final: 88.11838265242606
TP2: 35.77316633668674 final: 35.77316633668674
HFX: 301.8117331171117 final: 301.8117331171117
yPlus min: 1.845980775135639 max: 55.32503982877616 mean: 23.66988627638515
ExecutionTime = 3.38 s  ClockTime = 3 s

Time = 900

U0 initRes: 1.793280047352216e-06 finalRes: 9.380208511518969e-08 nIters: 3
U1 initRes: 5.040002487593085e-06 finalRes: 3.863168184349313e-07 nIters: 3
U2 initRes: 1.203045320789477e-05 finalRes: 1.107925386775479e-06 nIters: 2
p initRes: 0.0002257624939542488 finalRes: 1.31146789379517e-05 nIters: 1
Time step continuity errors : sum local = 0.00022310880819328
                                 global = -1.956148488836441e-08
                             cumulative = -0.1058086454953659
T initRes: 1.581222046810843e-05 finalRes: 7.375849009343347e-07 nIters: 3
nuTilda initRes: 0.0002615670400664444 finalRes: 5.933619848944701e-06 nIters: 2
TP1: 88.11838266580405 final: 88.11838266580405
TP2: 35.77316632783899 final: 35.77316632783899
HFX: 301.8117330861851 final: 301.8117330861851
yPlus min: 1.845980783947179 max: 55.32503982044285 mean: 23.6698862728373
ExecutionTime = 3.71 s  ClockTime = 4 s

Time = 1000

U0 initRes: 1.793279729957123e-06 finalRes: 9.380207119754897e-08 nIters: 3
U1 initRes: 5.040002539321696e-06 finalRes: 3.863168143646596e-07 nIters: 3
U2 initRes: 1.20304530859809e-05 finalRes: 1.107925388782497e-06 nIters: 2
p initRes: 0.0002257624979593885 finalRes: 1.311467703738508e-05 nIters: 1
Time step continuity errors : sum local = 0.0002231087758678128
                                 global = -1.92720766206034e-08
                             cumulative = -0.1058086647674425
T initRes: 1.581222048510997e-05 finalRes: 7.37584899132873e-07 nIters: 3
nuTilda initRes: 0.000261567040078234 finalRes: 5.933619839648875e-06 nIters: 2
TP1: 88.11838267130871 final: 88.11838267130871
TP2: 35.7731663319629 final: 35.7731663319629
HFX: 301.811733096976 final: 301.811733096976
yPlus min: 1.845980783374323 max: 55.32503982334294 mean: 23.66988627398884
ExecutionTime = 4.04 s  ClockTime = 4 s

End

Moving time 1000 to 0.0001
Printing Primal Residual Statistics.
U Residual Norm2: (25.54914316209002 24.01010118363137 10.6247357571583)
U Residual Mean: (0.0305982602510938 0.02710979989381347 0.01096015241611929)
U Residual Max: (13.5840298277946 10.92561166839826 8.384136200058247)
p Residual Norm2: 8.616351311810934
p Residual Mean: 0.01332241902811043
p Residual Max: 3.161353608889938
T Residual Norm2: 41.1602352533002
T Residual Mean: 0.04547675587352831
T Residual Max: 21.39096725123535
nuTilda Residual Norm2: 0.6515608000463243
nuTilda Residual Mean: 0.0004285544075757519
nuTilda Residual Max: 0.5281822862671789
phi Residual Norm2: 0.06463130889333896
phi Residual Mean: 2.56591531922521e-05
phi Residual Max: 0.04469088502305991
Total Residual Norm2: 55.7760151838802
 
 
Computing d[TP1]/d[aero_states]^T * psi 3.86 s
Computing d[TP1]/d[aero_vol_coords]^T * psi 3.88 s
Computing d[TP2]/d[aero_states]^T * psi 3.98 s
Computing d[TP2]/d[aero_vol_coords]^T * psi 3.99 s
Checking if Coloring file exists..
dRdWColoring_4.bin exists.
Computing dRdWTPC 4.34 s
Initializing dRdWCon. 4.34 s
dRdWCon Created. 5.32 s
Reading Coloring dRdWColoring_4
Validating Coloring...
No Conflicting Colors Found!
Partial derivative matrix created. 5.35 s
dRdWTPC: 0 of 884, ExecutionTime: 5.36 s
dRdWTPC: 100 of 884, ExecutionTime: 6.1 s
dRdWTPC: 200 of 884, ExecutionTime: 6.82 s
dRdWTPC: 300 of 884, ExecutionTime: 7.56 s
dRdWTPC: 400 of 884, ExecutionTime: 8.41 s
dRdWTPC: 500 of 884, ExecutionTime: 9.15 s
dRdWTPC: 600 of 884, ExecutionTime: 9.859999999999999 s
dRdWTPC: 700 of 884, ExecutionTime: 10.72 s
dRdWTPC: 800 of 884, ExecutionTime: 11.45 s
dRdWTPC: 883 of 884, ExecutionTime: 12.01 s
Solver Type: gmres
GMRES Restart: 3000
ASM Overlap: 1
Global PC Iters: 0
Local PC Iters: 1
Mat ReOrdering: natural
ILU PC Fill Level: 2
GMRES Max Iterations: 3000
GMRES Relative Tolerance: 1e-05
GMRES Absolute Tolerance: 1e-14
Solving Linear Equation... 11.87 s
Main iteration 0 KSP Residual norm 1.243721539281e+01 14.37 s. 
Main iteration 86 KSP Residual norm 1.084852511275e-04 17.31 s 
**Completed**! Total iterations: 86. PetscConvergedReason: 2. 17.31 s
Residual tolerance satisfied, solution finished!
Computing d[aero_residuals]/d[aero_vol_coords]^T * psi 17.34 s
DAInputVolCoord. 
Setting volume coordinates. 
Checking mesh quality for time = 1000
    Overall domain bounding box (8.917198278961011e-39 -0.09450000000000007 -2.752527315348913e-08) (0.8445000000000003 0.09450000000000008 0.03750000000000003)
    Mesh has 3 geometric (non-empty/wedge) directions (1 1 1)
    Mesh has 3 solution (non-empty) directions (1 1 1)
    Boundary openness (9.315797549333348e-19 -2.880379703465109e-18 -8.395110118389274e-17) OK.
    Max cell openness = 3.988437573256173e-16 OK.
    Max aspect ratio = 69.08288552240532 OK.
    Minimum face area = 1.673117694429413e-06. Maximum face area = 0.001155838053996298.  Face area magnitudes OK.
    Min volume = 5.879984880404635e-09. Max volume = 1.309214665129115e-05.  Total volume = 0.00471983358979221.  Cell volumes OK.
    Mesh non-orthogonality Max: 3.51232932889511 average: 0.2800800467233993
    Non-orthogonality check OK.
    Face pyramids OK.
    Max skewness = 0.2181261550882858 OK.
    Coupled point location match (average 0) OK.

Mesh OK.

Running Primal Solver 002
Previous solution time 1000 not found and nothing deleted.
No finite volume options present

Starting time loop

Time = 1

U0 initRes: 1.779862200557321e-06 finalRes: 9.476842254323066e-08 nIters: 3
U1 initRes: 5.189378635533572e-06 finalRes: 3.893437190852946e-07 nIters: 3
U2 initRes: 1.413837358862705e-05 finalRes: 1.283232822131944e-06 nIters: 2
p initRes: 0.0002332765700950936 finalRes: 1.492309718472291e-05 nIters: 1
Time step continuity errors : sum local = 0.0002538777877165863
                                 global = -3.807143000637442e-07
                             cumulative = -0.1058090454817425
T initRes: 1.567685020195228e-05 finalRes: 7.435132781420752e-07 nIters: 3
nuTilda initRes: 0.0002063156428184807 finalRes: 6.534317303893113e-06 nIters: 2
TP1: 88.11838260426377 final: 88.11838260426377
TP2: 35.77316534824428 final: 35.77316534824428
HFX: 301.8112256250418 final: 301.8112256250418
yPlus min: 1.85434876363267 max: 55.32499026535453 mean: 23.67052467845386
ExecutionTime = 17.85 s  ClockTime = 18 s

Time = 100

U0 initRes: 1.794933485389527e-06 finalRes: 9.328425190355268e-08 nIters: 3
U1 initRes: 5.01860605018731e-06 finalRes: 3.842954468480365e-07 nIters: 3
U2 initRes: 1.21488295870231e-05 finalRes: 1.124250488345612e-06 nIters: 2
p initRes: 0.0002260222221173765 finalRes: 1.320953731302233e-05 nIters: 1
Time step continuity errors : sum local = 0.0002247215877672554
                                 global = 1.464324765374651e-06
                             cumulative = -0.1058075811569772
T initRes: 1.582573074050085e-05 finalRes: 7.371810182747338e-07 nIters: 3
nuTilda initRes: 0.0002618963638270644 finalRes: 5.938414348204946e-06 nIters: 2
TP1: 88.11840478512133 final: 88.11840478512133
TP2: 35.77318570710879 final: 35.77318570710879
HFX: 301.8111116247588 final: 301.8111116247588
yPlus min: 1.845483203911031 max: 55.32501741680107 mean: 23.66985458598121
ExecutionTime = 18.2 s  ClockTime = 19 s

Time = 200

U0 initRes: 1.792177545475574e-06 finalRes: 9.32243376726058e-08 nIters: 3
U1 initRes: 5.017695088844653e-06 finalRes: 3.844959123235618e-07 nIters: 3
U2 initRes: 1.213153810623032e-05 finalRes: 1.122701539987341e-06 nIters: 2
p initRes: 0.0002258670036202814 finalRes: 1.311919345850782e-05 nIters: 1
Time step continuity errors : sum local = 0.0002231845878948977
                                 global = 4.720084983512727e-07
                             cumulative = -0.1058071091484788
T initRes: 1.582251435344741e-05 finalRes: 7.37018957504457e-07 nIters: 3
nuTilda initRes: 0.0002618790944295131 finalRes: 5.937627810878117e-06 nIters: 2
TP1: 88.11839910802033 final: 88.11839910802033
TP2: 35.77317387531021 final: 35.77317387531021
HFX: 301.8110884648926 final: 301.8110884648926
yPlus min: 1.845487130361561 max: 55.32501371366116 mean: 23.66985249010506
ExecutionTime = 18.56 s  ClockTime = 19 s

Time = 300

U0 initRes: 1.791987627631146e-06 finalRes: 9.321122666565412e-08 nIters: 3
U1 initRes: 5.017495311681192e-06 finalRes: 3.844841855433742e-07 nIters: 3
U2 initRes: 1.213114699555174e-05 finalRes: 1.122688124940585e-06 nIters: 2
p initRes: 0.0002258589334284569 finalRes: 1.312072783419311e-05 nIters: 1
Time step continuity errors : sum local = 0.0002232106870758196
                                 global = 4.147883867574034e-07
                             cumulative = -0.105806694360092
T initRes: 1.58224441513994e-05 finalRes: 7.370420976667728e-07 nIters: 3
nuTilda initRes: 0.0002618788673911058 finalRes: 5.93758883394515e-06 nIters: 2
TP1: 88.11839895938688 final: 88.11839895938688
TP2: 35.77317304550829 final: 35.77317304550829
HFX: 301.8110888765109 final: 301.8110888765109
yPlus min: 1.845487624198368 max: 55.32501421274925 mean: 23.66985256369291
ExecutionTime = 18.94 s  ClockTime = 19 s

Time = 400

U0 initRes: 1.791993897796123e-06 finalRes: 9.321078643745748e-08 nIters: 3
U1 initRes: 5.017431801155037e-06 finalRes: 3.844814634835031e-07 nIters: 3
U2 initRes: 1.21311398312759e-05 finalRes: 1.122690738941037e-06 nIters: 2
p initRes: 0.0002258583772663156 finalRes: 1.312114163066387e-05 nIters: 1
Time step continuity errors : sum local = 0.000223217726658937
                                 global = 4.143273893569125e-07
                             cumulative = -0.1058062800327027
T initRes: 1.582244002329755e-05 finalRes: 7.37043689191489e-07 nIters: 3
nuTilda initRes: 0.0002618788548964728 finalRes: 5.937588283463605e-06 nIters: 2
TP1: 88.11839930006695 final: 88.11839930006695
TP2: 35.77317301757753 final: 35.77317301757753
HFX: 301.8110890195372 final: 301.8110890195372
yPlus min: 1.845487805057786 max: 55.32501424374126 mean: 23.66985257567585
ExecutionTime = 19.28 s  ClockTime = 20 s

Time = 500

U0 initRes: 1.791996305925886e-06 finalRes: 9.321086242588524e-08 nIters: 3
U1 initRes: 5.01742683090326e-06 finalRes: 3.844812354409293e-07 nIters: 3
U2 initRes: 1.213114315069659e-05 finalRes: 1.122690872571457e-06 nIters: 2
p initRes: 0.0002258583631085497 finalRes: 1.312120586524231e-05 nIters: 1
Time step continuity errors : sum local = 0.0002232188192941258
                                 global = 4.128338634222857e-07
                             cumulative = -0.1058058671988393
T initRes: 1.582243990749115e-05 finalRes: 7.370437039344474e-07 nIters: 3
nuTilda initRes: 0.0002618788535610961 finalRes: 5.937588091520518e-06 nIters: 2
TP1: 88.11839928453121 final: 88.11839928453121
TP2: 35.77317299238833 final: 35.77317299238833
HFX: 301.8110889810159 final: 301.8110889810159
yPlus min: 1.845487815612706 max: 55.32501422864745 mean: 23.66985257134297
ExecutionTime = 19.62 s  ClockTime = 20 s

Time = 600

U0 initRes: 1.791996582671272e-06 finalRes: 9.321087020123624e-08 nIters: 3
U1 initRes: 5.017426907478266e-06 finalRes: 3.844812311065324e-07 nIters: 3
U2 initRes: 1.213114350080873e-05 finalRes: 1.122690856299454e-06 nIters: 2
p initRes: 0.0002258583718524868 finalRes: 1.312120357977738e-05 nIters: 1
Time step continuity errors : sum local = 0.0002232187804459336
                                 global = 4.129126145978809e-07
                             cumulative = -0.1058054542862247
T initRes: 1.582243981316379e-05 finalRes: 7.370437202008741e-07 nIters: 3
nuTilda initRes: 0.0002618788534327548 finalRes: 5.937588099360181e-06 nIters: 2
TP1: 88.1183992836616 final: 88.1183992836616
TP2: 35.77317299303449 final: 35.77317299303449
HFX: 301.8110889837859 final: 301.8110889837859
yPlus min: 1.845487814717 max: 55.32501422842219 mean: 23.66985257139127
ExecutionTime = 19.97 s  ClockTime = 20 s

Time = 700

U0 initRes: 1.791996591763533e-06 finalRes: 9.321087356201506e-08 nIters: 3
U1 initRes: 5.017426944113911e-06 finalRes: 3.844812349881453e-07 nIters: 3
U2 initRes: 1.21311434689107e-05 finalRes: 1.122690844081284e-06 nIters: 2
p initRes: 0.0002258583732997067 finalRes: 1.312120243934189e-05 nIters: 1
Time step continuity errors : sum local = 0.0002232187610478769
                                 global = 4.129218836667388e-07
                             cumulative = -0.105805041364341
T initRes: 1.582243980049783e-05 finalRes: 7.370437211042854e-07 nIters: 3
nuTilda initRes: 0.000261878853428496 finalRes: 5.937588103572988e-06 nIters: 2
TP1: 88.11839928383343 final: 88.11839928383343
TP2: 35.77317299314944 final: 35.77317299314944
HFX: 301.8110889836659 final: 301.8110889836659
yPlus min: 1.845487814553115 max: 55.32501422825798 mean: 23.6698525713363
ExecutionTime = 20.31 s  ClockTime = 21 s

Time = 800

U0 initRes: 1.791996589188713e-06 finalRes: 9.321087370406288e-08 nIters: 3
U1 initRes: 5.017426961831797e-06 finalRes: 3.844812357270491e-07 nIters: 3
U2 initRes: 1.213114346928349e-05 finalRes: 1.122690843423386e-06 nIters: 2
p initRes: 0.0002258583734779429 finalRes: 1.312120224637481e-05 nIters: 1
Time step continuity errors : sum local = 0.000223218757803857
                                 global = 4.129221266339488e-07
                             cumulative = -0.1058046284422144
T initRes: 1.582243980115718e-05 finalRes: 7.37043720530042e-07 nIters: 3
nuTilda initRes: 0.000261878853430315 finalRes: 5.937588103847302e-06 nIters: 2
TP1: 88.11839928372208 final: 88.11839928372208
TP2: 35.77317299315838 final: 35.77317299315838
HFX: 301.8110889836086 final: 301.8110889836086
yPlus min: 1.845487814487687 max: 55.32501422824093 mean: 23.66985257132977
ExecutionTime = 20.65 s  ClockTime = 21 s

Time = 900

U0 initRes: 1.791996588504248e-06 finalRes: 9.32108736878505e-08 nIters: 3
U1 initRes: 5.017426964252812e-06 finalRes: 3.844812358218361e-07 nIters: 3
U2 initRes: 1.213114346862025e-05 finalRes: 1.12269084341228e-06 nIters: 2
p initRes: 0.0002258583734951323 finalRes: 1.312120222053811e-05 nIters: 1
Time step continuity errors : sum local = 0.0002232187573510186
                                 global = 4.129227489611654e-07
                             cumulative = -0.1058042155194654
T initRes: 1.582243980002708e-05 finalRes: 7.37043720058033e-07 nIters: 3
nuTilda initRes: 0.0002618788534307327 finalRes: 5.937588103897681e-06 nIters: 2
TP1: 88.11839928372432 final: 88.11839928372432
TP2: 35.77317299316871 final: 35.77317299316871
HFX: 301.8110889836228 final: 301.8110889836228
yPlus min: 1.845487814482518 max: 55.32501422824591 mean: 23.66985257133127
ExecutionTime = 21.1 s  ClockTime = 22 s

Time = 1000

U0 initRes: 1.791996588313137e-06 finalRes: 9.321087368136976e-08 nIters: 3
U1 initRes: 5.017426964275389e-06 finalRes: 3.844812358363062e-07 nIters: 3
U2 initRes: 1.213114346901217e-05 finalRes: 1.122690843441365e-06 nIters: 2
p initRes: 0.0002258583734920083 finalRes: 1.312120222074161e-05 nIters: 1
Time step continuity errors : sum local = 0.0002232187573232799
                                 global = 4.129227483558192e-07
                             cumulative = -0.105803802596717
T initRes: 1.582243980074242e-05 finalRes: 7.370437216755977e-07 nIters: 3
nuTilda initRes: 0.0002618788534307498 finalRes: 5.937588103897106e-06 nIters: 2
TP1: 88.11839928372459 final: 88.11839928372459
TP2: 35.7731729931689 final: 35.7731729931689
HFX: 301.8110889836216 final: 301.8110889836216
yPlus min: 1.845487814481686 max: 55.32501422824609 mean: 23.66985257133129
ExecutionTime = 21.42 s  ClockTime = 22 s

End

Moving time 1000 to 0.0002
Printing Primal Residual Statistics.
U Residual Norm2: (25.52935146892228 24.02763960370743 10.58785140485461)
U Residual Mean: (0.03067601726181596 0.02708303114835992 0.01097881997459899)
U Residual Max: (13.58695714934509 10.93817998665322 8.335370419430117)
p Residual Norm2: 8.626240421732829
p Residual Mean: 0.0133282900125815
p Residual Max: 3.164401360401744
T Residual Norm2: 41.18365417866698
T Residual Mean: 0.04551406968606776
T Residual Max: 21.3753939456609
nuTilda Residual Norm2: 0.6516081529337862
nuTilda Residual Mean: 0.0004286145631762134
nuTilda Residual Max: 0.5281189488484633
phi Residual Norm2: 0.06462319570964487
phi Residual Mean: 2.571746571736368e-05
phi Residual Max: 0.04467115695597944
Total Residual Norm2: 55.78630668349232
 
 
DAInputVolCoord. 
Setting volume coordinates. 
Checking mesh quality for time = 1000
    Overall domain bounding box (-4.445109586403764e-10 -0.09450000000000007 -3.504050197321361e-09) (0.8445000000000003 0.09450000000000008 0.03750000000000003)
    Mesh has 3 geometric (non-empty/wedge) directions (1 1 1)
    Mesh has 3 solution (non-empty) directions (1 1 1)
    Boundary openness (6.087175710908525e-18 -2.586650961909238e-18 -1.46281403062478e-16) OK.
    Max cell openness = 3.406273143861826e-16 OK.
    Max aspect ratio = 69.08288552239415 OK.
    Minimum face area = 1.673117660776228e-06. Maximum face area = 0.001155837991031482.  Face area magnitudes OK.
    Min volume = 5.879984991386832e-09. Max volume = 1.309214606086955e-05.  Total volume = 0.004719833455541323.  Cell volumes OK.
    Mesh non-orthogonality Max: 3.512317823875902 average: 0.280089307637498
    Non-orthogonality check OK.
    Face pyramids OK.
    Max skewness = 0.2181296714805641 OK.
    Coupled point location match (average 0) OK.

Mesh OK.

Running Primal Solver 003
Previous solution time 1000 not found and nothing deleted.
No finite volume options present

Starting time loop

Time = 1

U0 initRes: 1.786728620368719e-06 finalRes: 9.427252742746798e-08 nIters: 3
U1 initRes: 5.390830898175909e-06 finalRes: 3.891147847810258e-07 nIters: 3
U2 initRes: 1.612759486441948e-05 finalRes: 1.468579410751722e-06 nIters: 2
p initRes: 0.000239511066251311 finalRes: 1.860792364037862e-05 nIters: 1
Time step continuity errors : sum local = 0.000316563884636563
                                 global = 2.266284271599112e-07
                             cumulative = -0.1058035759682899
T initRes: 1.584950590530856e-05 finalRes: 7.487652856530715e-07 nIters: 3
nuTilda initRes: 0.0002063711898022742 finalRes: 6.537670860243946e-06 nIters: 2
TP1: 88.11842404934089 final: 88.11842404934089
TP2: 35.77317434882725 final: 35.77317434882725
HFX: 301.8105321917907 final: 301.8105321917907
yPlus min: 1.853826999412097 max: 55.32511412232176 mean: 23.67049329690004
ExecutionTime = 21.54 s  ClockTime = 22 s

Time = 100

U0 initRes: 1.807759457793648e-06 finalRes: 9.459489671742734e-08 nIters: 3
U1 initRes: 5.056522669747653e-06 finalRes: 3.873024223386538e-07 nIters: 3
U2 initRes: 1.209650833851827e-05 finalRes: 1.10874386343847e-06 nIters: 2
p initRes: 0.0002262178396981234 finalRes: 1.335713839546991e-05 nIters: 1
Time step continuity errors : sum local = 0.0002272345912829989
                                 global = 2.859521876346504e-06
                             cumulative = -0.1058007164464135
T initRes: 1.582205651550811e-05 finalRes: 7.373419003580447e-07 nIters: 3
nuTilda initRes: 0.0002616010707684957 finalRes: 5.940680975073507e-06 nIters: 2
TP1: 88.11851039799869 final: 88.11851039799869
TP2: 35.77320832395382 final: 35.77320832395382
HFX: 301.8123840108382 final: 301.8123840108382
yPlus min: 1.846485874279625 max: 55.32506602183298 mean: 23.6699195628352
ExecutionTime = 21.9 s  ClockTime = 22 s

Time = 200

U0 initRes: 1.793507380982137e-06 finalRes: 9.380302833665064e-08 nIters: 3
U1 initRes: 5.040234634897037e-06 finalRes: 3.863279407041977e-07 nIters: 3
U2 initRes: 1.202906813101116e-05 finalRes: 1.107842090786503e-06 nIters: 2
p initRes: 0.0002258154693745126 finalRes: 1.320320290627208e-05 nIters: 1
Time step continuity errors : sum local = 0.0002246158596111412
                                 global = 2.627003908711278e-07
                             cumulative = -0.1058004537460227
T initRes: 1.581350422468125e-05 finalRes: 7.375706061596333e-07 nIters: 3
nuTilda initRes: 0.0002615543870421394 finalRes: 5.933541204930879e-06 nIters: 2
TP1: 88.11835699157017 final: 88.11835699157017
TP2: 35.77316477930457 final: 35.77316477930457
HFX: 301.8123847257951 final: 301.8123847257951
yPlus min: 1.846464814447279 max: 55.3250703573895 mean: 23.66992147999471
ExecutionTime = 22.25 s  ClockTime = 23 s

Time = 300

U0 initRes: 1.79417616994988e-06 finalRes: 9.381025454601935e-08 nIters: 3
U1 initRes: 5.039108014292498e-06 finalRes: 3.863292970772491e-07 nIters: 3
U2 initRes: 1.202768496405833e-05 finalRes: 1.107771417083969e-06 nIters: 2
p initRes: 0.0002257662594450825 finalRes: 1.317921653903108e-05 nIters: 1
Time step continuity errors : sum local = 0.0002242077743223972
                                 global = -2.470790560636926e-07
                             cumulative = -0.1058007008250787
T initRes: 1.581329305519021e-05 finalRes: 7.375784460777967e-07 nIters: 3
nuTilda initRes: 0.0002615538765580287 finalRes: 5.933558535737868e-06 nIters: 2
TP1: 88.11836141576681 final: 88.11836141576681
TP2: 35.77315730829225 final: 35.77315730829225
HFX: 301.8123624710212 final: 301.8123624710212
yPlus min: 1.846471233267797 max: 55.32506393177558 mean: 23.66991893759676
ExecutionTime = 22.61 s  ClockTime = 23 s

Time = 400

U0 initRes: 1.793937721861738e-06 finalRes: 9.380021025172999e-08 nIters: 3
U1 initRes: 5.039031901134165e-06 finalRes: 3.863226860412954e-07 nIters: 3
U2 initRes: 1.202774519795263e-05 finalRes: 1.107775601718521e-06 nIters: 2
p initRes: 0.0002257610239789653 finalRes: 1.317647266345823e-05 nIters: 1
Time step continuity errors : sum local = 0.0002241611033232991
                                 global = -6.529021534739325e-08
                             cumulative = -0.1058007661152941
T initRes: 1.581329334344253e-05 finalRes: 7.375754237725263e-07 nIters: 3
nuTilda initRes: 0.000261553872743567 finalRes: 5.933550295458677e-06 nIters: 2
TP1: 88.11836444605758 final: 88.11836444605758
TP2: 35.77315990561186 final: 35.77315990561186
HFX: 301.8123687888864 final: 301.8123687888864
yPlus min: 1.846470806496153 max: 55.32506562549212 mean: 23.66991962397683
ExecutionTime = 22.96 s  ClockTime = 23 s

Time = 500

U0 initRes: 1.793939117732794e-06 finalRes: 9.380042229798075e-08 nIters: 3
U1 initRes: 5.039035038549168e-06 finalRes: 3.86322979159851e-07 nIters: 3
U2 initRes: 1.20277538997016e-05 finalRes: 1.107774480920808e-06 nIters: 2
p initRes: 0.0002257608125844912 finalRes: 1.317639660498844e-05 nIters: 1
Time step continuity errors : sum local = 0.0002241598083978831
                                 global = -8.558853616806176e-08
                             cumulative = -0.1058008517038302
T initRes: 1.581329040262425e-05 finalRes: 7.375750652814163e-07 nIters: 3
nuTilda initRes: 0.0002615538705135977 finalRes: 5.933549457350276e-06 nIters: 2
TP1: 88.11836383740781 final: 88.11836383740781
TP2: 35.77315961670248 final: 35.77315961670248
HFX: 301.8123681167509 final: 301.8123681167509
yPlus min: 1.846470767998701 max: 55.32506545207882 mean: 23.6699195576455
ExecutionTime = 23.31 s  ClockTime = 24 s

Time = 600

U0 initRes: 1.793942600099644e-06 finalRes: 9.380055531844648e-08 nIters: 3
U1 initRes: 5.0390360204512e-06 finalRes: 3.86323085425586e-07 nIters: 3
U2 initRes: 1.202775220827855e-05 finalRes: 1.107774425666192e-06 nIters: 2
p initRes: 0.0002257608059306254 finalRes: 1.317640442342747e-05 nIters: 1
Time step continuity errors : sum local = 0.0002241599414781113
                                 global = -8.53071075383401e-08
                             cumulative = -0.1058009370109378
T initRes: 1.581329085255335e-05 finalRes: 7.375751229479079e-07 nIters: 3
nuTilda initRes: 0.0002615538707064556 finalRes: 5.933549735786865e-06 nIters: 2
TP1: 88.11836388472916 final: 88.11836388472916
TP2: 35.77315962052032 final: 35.77315962052032
HFX: 301.8123681168152 final: 301.8123681168152
yPlus min: 1.846470781997053 max: 55.32506545016815 mean: 23.66991955650527
ExecutionTime = 23.67 s  ClockTime = 24 s

Time = 700

U0 initRes: 1.793941953529725e-06 finalRes: 9.380052660695217e-08 nIters: 3
U1 initRes: 5.039035829212086e-06 finalRes: 3.863230635847635e-07 nIters: 3
U2 initRes: 1.202775237005636e-05 finalRes: 1.107774444878774e-06 nIters: 2
p initRes: 0.0002257608010636152 finalRes: 1.317640352408147e-05 nIters: 1
Time step continuity errors : sum local = 0.0002241599261321384
                                 global = -8.498716320259142e-08
                             cumulative = -0.105801021998101
T initRes: 1.581329080271373e-05 finalRes: 7.375751179760191e-07 nIters: 3
nuTilda initRes: 0.0002615538706954471 finalRes: 5.933549701853059e-06 nIters: 2
TP1: 88.11836388747901 final: 88.11836388747901
TP2: 35.77315962508401 final: 35.77315962508401
HFX: 301.8123681292555 final: 301.8123681292555
yPlus min: 1.846470780330019 max: 55.3250654537249 mean: 23.66991955793003
ExecutionTime = 24.03 s  ClockTime = 24 s

Time = 800

U0 initRes: 1.793942004654898e-06 finalRes: 9.380052906821649e-08 nIters: 3
U1 initRes: 5.039035845622771e-06 finalRes: 3.863230654969024e-07 nIters: 3
U2 initRes: 1.202775236977841e-05 finalRes: 1.107774441906135e-06 nIters: 2
p initRes: 0.0002257608019327978 finalRes: 1.317640335846418e-05 nIters: 1
Time step continuity errors : sum local = 0.0002241599233683095
                                 global = -8.505011507536222e-08
                             cumulative = -0.105801107048216
T initRes: 1.581329079916002e-05 finalRes: 7.375751178909152e-07 nIters: 3
nuTilda initRes: 0.0002615538706929922 finalRes: 5.933549702676185e-06 nIters: 2
TP1: 88.11836388608714 final: 88.11836388608714
TP2: 35.77315962418833 final: 35.77315962418833
HFX: 301.8123681270608 final: 301.8123681270608
yPlus min: 1.846470780365512 max: 55.32506545313768 mean: 23.66991955769959
ExecutionTime = 24.39 s  ClockTime = 25 s

Time = 900

U0 initRes: 1.793942008582284e-06 finalRes: 9.380052919360672e-08 nIters: 3
U1 initRes: 5.039035846296313e-06 finalRes: 3.863230655651502e-07 nIters: 3
U2 initRes: 1.202775236594302e-05 finalRes: 1.1077744420857e-06 nIters: 2
p initRes: 0.0002257608018997987 finalRes: 1.317640337702857e-05 nIters: 1
Time step continuity errors : sum local = 0.0002241599236366878
                                 global = -8.504542347528917e-08
                             cumulative = -0.1058011920936395
T initRes: 1.581329080185848e-05 finalRes: 7.375751159048735e-07 nIters: 3
nuTilda initRes: 0.0002615538706937712 finalRes: 5.933549703179482e-06 nIters: 2
TP1: 88.11836388627765 final: 88.11836388627765
TP2: 35.7731596242547 final: 35.7731596242547
HFX: 301.8123681272066 final: 301.8123681272066
yPlus min: 1.846470780391186 max: 55.32506545317291 mean: 23.66991955771258
ExecutionTime = 24.73 s  ClockTime = 25 s

Time = 1000

U0 initRes: 1.793942007012819e-06 finalRes: 9.380052911528063e-08 nIters: 3
U1 initRes: 5.039035845842563e-06 finalRes: 3.863230655399347e-07 nIters: 3
U2 initRes: 1.202775236645849e-05 finalRes: 1.107774442085561e-06 nIters: 2
p initRes: 0.0002257608018945079 finalRes: 1.317640337287022e-05 nIters: 1
Time step continuity errors : sum local = 0.0002241599235811499
                                 global = -8.504506606629784e-08
                             cumulative = -0.1058012771387056
T initRes: 1.581329080315338e-05 finalRes: 7.375751181423383e-07 nIters: 3
nuTilda initRes: 0.0002615538706937485 finalRes: 5.933549703083052e-06 nIters: 2
TP1: 88.11836388627093 final: 88.11836388627093
TP2: 35.77315962425988 final: 35.77315962425988
HFX: 301.8123681272225 final: 301.8123681272225
yPlus min: 1.84647078038658 max: 55.32506545317763 mean: 23.66991955771459
ExecutionTime = 25.22 s  ClockTime = 26 s

End

Moving time 1000 to 0.0003
Printing Primal Residual Statistics.
U Residual Norm2: (25.54765935163472 24.00932371732452 10.62307667984691)
U Residual Mean: (0.03060705162275944 0.02711019058039085 0.01095920765454549)
U Residual Max: (13.58415978322308 10.92524367586708 8.382544384134668)
p Residual Norm2: 8.616175858867052
p Residual Mean: 0.01332209442914149
p Residual Max: 3.161455062232276
T Residual Norm2: 41.1563888473836
T Residual Mean: 0.0454759890808076
T Residual Max: 21.38647650903059
nuTilda Residual Norm2: 0.6514348846376081
nuTilda Residual Mean: 0.0004285359027760422
nuTilda Residual Max: 0.5280328806324323
phi Residual Norm2: 0.06462933090565402
phi Residual Mean: 2.56705916694926e-05
phi Residual Max: 0.04469027101024424
Total Residual Norm2: 55.77181775416378
 
 
DAInputVolCoord. 
Setting volume coordinates. 
Checking mesh quality for time = 1000
    Overall domain bounding box (1.220899043714975e-38 -0.09450000000000007 -2.764121808435583e-09) (0.8445000000000003 0.09450000000000008 0.03750000000000003)
    Mesh has 3 geometric (non-empty/wedge) directions (1 1 1)
    Mesh has 3 solution (non-empty) directions (1 1 1)
    Boundary openness (3.759413360175505e-18 -8.846240931135952e-19 -1.348082141260326e-16) OK.
    Max cell openness = 5.098260104669871e-16 OK.
    Max aspect ratio = 69.0828855224245 OK.
    Minimum face area = 1.673117493170331e-06. Maximum face area = 0.001155838074552817.  Face area magnitudes OK.
    Min volume = 5.879974572258218e-09. Max volume = 1.309214683779155e-05.  Total volume = 0.004719833538701357.  Cell volumes OK.
    Mesh non-orthogonality Max: 3.51231867231481 average: 0.2800718446883048
    Non-orthogonality check OK.
    Face pyramids OK.
    Max skewness = 0.2181261541938336 OK.
    Coupled point location match (average 0) OK.

Mesh OK.

Running Primal Solver 004
Previous solution time 1000 not found and nothing deleted.
No finite volume options present

Starting time loop

Time = 1

U0 initRes: 1.788229384090697e-06 finalRes: 9.482572589271711e-08 nIters: 3
U1 initRes: 5.430596052656001e-06 finalRes: 3.945601497593299e-07 nIters: 3
U2 initRes: 1.465157941561485e-05 finalRes: 1.344325484691917e-06 nIters: 2
p initRes: 0.0002384934595044158 finalRes: 1.694937146164896e-05 nIters: 1
Time step continuity errors : sum local = 0.0002883508825962549
                                 global = -1.067138830495659e-06
                             cumulative = -0.1058023442775361
T initRes: 1.579347466573187e-05 finalRes: 7.449083962718978e-07 nIters: 3
nuTilda initRes: 0.0002063254342738583 finalRes: 6.535214562699116e-06 nIters: 2
TP1: 88.11836054762203 final: 88.11836054762203
TP2: 35.77315687223902 final: 35.77315687223902
HFX: 301.8118788192064 final: 301.8118788192064
yPlus min: 1.854847875053107 max: 55.32499801751399 mean: 23.67055741302785
ExecutionTime = 25.35 s  ClockTime = 26 s

Time = 100

U0 initRes: 1.792488480240055e-06 finalRes: 9.327128749866072e-08 nIters: 3
U1 initRes: 5.016663691791138e-06 finalRes: 3.844033213475687e-07 nIters: 3
U2 initRes: 1.213336967806601e-05 finalRes: 1.122845293620824e-06 nIters: 2
p initRes: 0.0002259019125621956 finalRes: 1.313803022426334e-05 nIters: 1
Time step continuity errors : sum local = 0.0002235069522113548
                                 global = 3.056873614084084e-09
                             cumulative = -0.1058023412206625
T initRes: 1.582088713921819e-05 finalRes: 7.370517986238542e-07 nIters: 3
nuTilda initRes: 0.0002618494671187578 finalRes: 5.937243900274263e-06 nIters: 2
TP1: 88.11832253654067 final: 88.11832253654067
TP2: 35.7731531392301 final: 35.7731531392301
HFX: 301.8122966586487 final: 301.8122966586487
yPlus min: 1.846446701482972 max: 55.32495811757769 mean: 23.6699051165996
ExecutionTime = 25.68 s  ClockTime = 26 s

Time = 200

U0 initRes: 1.791556541624471e-06 finalRes: 9.323294430701366e-08 nIters: 3
U1 initRes: 5.017157106413677e-06 finalRes: 3.844699778518814e-07 nIters: 3
U2 initRes: 1.212815220903986e-05 finalRes: 1.122461224859882e-06 nIters: 2
p initRes: 0.0002258334477018233 finalRes: 1.310538764624773e-05 nIters: 1
Time step continuity errors : sum local = 0.0002229516483407545
                                 global = 4.413034229380564e-07
                             cumulative = -0.1058018999172395
T initRes: 1.582012349609765e-05 finalRes: 7.369832623570341e-07 nIters: 3
nuTilda initRes: 0.00026184577364061 finalRes: 5.937130578986971e-06 nIters: 2
TP1: 88.11832788749848 final: 88.11832788749848
TP2: 35.77316010848112 final: 35.77316010848112
HFX: 301.8123145697473 final: 301.8123145697473
yPlus min: 1.846445898110207 max: 55.32496363174673 mean: 23.66990693550827
ExecutionTime = 26.03 s  ClockTime = 27 s

Time = 300

U0 initRes: 1.791500089029473e-06 finalRes: 9.32335797209447e-08 nIters: 3
U1 initRes: 5.016991031396301e-06 finalRes: 3.844671746518667e-07 nIters: 3
U2 initRes: 1.212799736483335e-05 finalRes: 1.122445625116744e-06 nIters: 2
p initRes: 0.0002258282537281956 finalRes: 1.310494145279544e-05 nIters: 1
Time step continuity errors : sum local = 0.0002229440528910503
                                 global = 3.430158441288891e-07
                             cumulative = -0.1058015569013954
T initRes: 1.582010178858588e-05 finalRes: 7.369890405416618e-07 nIters: 3
nuTilda initRes: 0.000261845726936759 finalRes: 5.937126903441505e-06 nIters: 2
TP1: 88.11832723246216 final: 88.11832723246216
TP2: 35.77315869932949 final: 35.77315869932949
HFX: 301.8123116720471 final: 301.8123116720471
yPlus min: 1.846446417275252 max: 55.32496296570055 mean: 23.66990664633147
ExecutionTime = 26.36 s  ClockTime = 27 s

Time = 400

U0 initRes: 1.79150616635314e-06 finalRes: 9.323291796648737e-08 nIters: 3
U1 initRes: 5.016987189337478e-06 finalRes: 3.844662766758744e-07 nIters: 3
U2 initRes: 1.212800476343363e-05 finalRes: 1.122447113074174e-06 nIters: 2
p initRes: 0.0002258282841849201 finalRes: 1.310488061255275e-05 nIters: 1
Time step continuity errors : sum local = 0.0002229430183329086
                                 global = 3.504228032346343e-07
                             cumulative = -0.1058012064785922
T initRes: 1.582009887334442e-05 finalRes: 7.369897847944083e-07 nIters: 3
nuTilda initRes: 0.0002618457209863217 finalRes: 5.937126528932732e-06 nIters: 2
TP1: 88.11832734037593 final: 88.11832734037593
TP2: 35.77315879604151 final: 35.77315879604151
HFX: 301.8123120288954 final: 301.8123120288954
yPlus min: 1.846446425808398 max: 55.32496305485775 mean: 23.66990668128397
ExecutionTime = 26.69 s  ClockTime = 27 s

Time = 500

U0 initRes: 1.791507267303906e-06 finalRes: 9.323301857974536e-08 nIters: 3
U1 initRes: 5.016984825763415e-06 finalRes: 3.844662749547226e-07 nIters: 3
U2 initRes: 1.212800444243504e-05 finalRes: 1.122446842307736e-06 nIters: 2
p initRes: 0.0002258283136264135 finalRes: 1.310485937386601e-05 nIters: 1
Time step continuity errors : sum local = 0.0002229426568803986
                                 global = 3.492522786803147e-07
                             cumulative = -0.1058008572263135
T initRes: 1.582009876385326e-05 finalRes: 7.369898308603463e-07 nIters: 3
nuTilda initRes: 0.0002618457201668983 finalRes: 5.937126523463014e-06 nIters: 2
TP1: 88.11832732279272 final: 88.11832732279272
TP2: 35.77315877836274 final: 35.77315877836274
HFX: 301.8123119788393 final: 301.8123119788393
yPlus min: 1.846446428615746 max: 55.32496303847883 mean: 23.66990667535635
ExecutionTime = 26.95 s  ClockTime = 28 s

Time = 600

U0 initRes: 1.791507343042766e-06 finalRes: 9.323302022838069e-08 nIters: 3
U1 initRes: 5.016985233732846e-06 finalRes: 3.844662902684153e-07 nIters: 3
U2 initRes: 1.212800458883902e-05 finalRes: 1.122446838282889e-06 nIters: 2
p initRes: 0.0002258283133012826 finalRes: 1.310485870968144e-05 nIters: 1
Time step continuity errors : sum local = 0.0002229426455996456
                                 global = 3.494903134078817e-07
                             cumulative = -0.1058005077360001
T initRes: 1.582009878499257e-05 finalRes: 7.369898347112848e-07 nIters: 3
nuTilda initRes: 0.0002618457202522489 finalRes: 5.937126538943689e-06 nIters: 2
TP1: 88.11832732372272 final: 88.11832732372272
TP2: 35.77315878175847 final: 35.77315878175847
HFX: 301.8123119855601 final: 301.8123119855601
yPlus min: 1.846446426669493 max: 55.32496303983644 mean: 23.6699066759164
ExecutionTime = 27.23 s  ClockTime = 28 s

Time = 700

U0 initRes: 1.79150731470399e-06 finalRes: 9.323302201728687e-08 nIters: 3
U1 initRes: 5.016985265449336e-06 finalRes: 3.844662935690585e-07 nIters: 3
U2 initRes: 1.212800455991434e-05 finalRes: 1.122446834617212e-06 nIters: 2
p initRes: 0.0002258283129831633 finalRes: 1.310485849502492e-05 nIters: 1
Time step continuity errors : sum local = 0.0002229426419119453
                                 global = 3.494788968732995e-07
                             cumulative = -0.1058001582571032
T initRes: 1.582009879668684e-05 finalRes: 7.369898340436088e-07 nIters: 3
nuTilda initRes: 0.0002618457202759856 finalRes: 5.937126541310535e-06 nIters: 2
TP1: 88.11832732348913 final: 88.11832732348913
TP2: 35.77315878162975 final: 35.77315878162975
HFX: 301.8123119847526 final: 301.8123119847526
yPlus min: 1.846446426546068 max: 55.32496303963445 mean: 23.66990667583412
ExecutionTime = 27.5 s  ClockTime = 28 s

Time = 800

U0 initRes: 1.791507309300372e-06 finalRes: 9.32330217059867e-08 nIters: 3
U1 initRes: 5.01698527492848e-06 finalRes: 3.844662936459125e-07 nIters: 3
U2 initRes: 1.212800456086989e-05 finalRes: 1.122446835672423e-06 nIters: 2
p initRes: 0.0002258283128283305 finalRes: 1.31048585562165e-05 nIters: 1
Time step continuity errors : sum local = 0.000222942642954975
                                 global = 3.494820158158108e-07
                             cumulative = -0.1057998087750874
T initRes: 1.582009879635959e-05 finalRes: 7.369898321361786e-07 nIters: 3
nuTilda initRes: 0.000261845720279822 finalRes: 5.937126541359919e-06 nIters: 2
TP1: 88.11832732353427 final: 88.11832732353427
TP2: 35.7731587816795 final: 35.7731587816795
HFX: 301.8123119848806 final: 301.8123119848806
yPlus min: 1.846446426533616 max: 55.32496303968144 mean: 23.66990667585079
ExecutionTime = 27.78 s  ClockTime = 28 s

Time = 900

U0 initRes: 1.791507308811926e-06 finalRes: 9.323302168858084e-08 nIters: 3
U1 initRes: 5.016985273816201e-06 finalRes: 3.844662935941805e-07 nIters: 3
U2 initRes: 1.212800456021316e-05 finalRes: 1.122446835758013e-06 nIters: 2
p initRes: 0.0002258283128221902 finalRes: 1.310485855793864e-05 nIters: 1
Time step continuity errors : sum local = 0.0002229426430254345
                                 global = 3.494813278534949e-07
                             cumulative = -0.1057994592937595
T initRes: 1.582009879514495e-05 finalRes: 7.369898323732048e-07 nIters: 3
nuTilda initRes: 0.0002618457202796155 finalRes: 5.937126541299936e-06 nIters: 2
TP1: 88.11832732353477 final: 88.11832732353477
TP2: 35.77315878166985 final: 35.77315878166985
HFX: 301.8123119848635 final: 301.8123119848635
yPlus min: 1.846446426540376 max: 55.3249630396793 mean: 23.66990667584978
ExecutionTime = 28.05 s  ClockTime = 29 s

Time = 1000

U0 initRes: 1.791507308980913e-06 finalRes: 9.323302167562741e-08 nIters: 3
U1 initRes: 5.016985273614777e-06 finalRes: 3.84466293570799e-07 nIters: 3
U2 initRes: 1.212800456046009e-05 finalRes: 1.122446835766728e-06 nIters: 2
p initRes: 0.0002258283128213704 finalRes: 1.31048585583925e-05 nIters: 1
Time step continuity errors : sum local = 0.0002229426429638183
                                 global = 3.494813232475119e-07
                             cumulative = -0.1057991098124363
T initRes: 1.5820098796978e-05 finalRes: 7.369898317100279e-07 nIters: 3
nuTilda initRes: 0.0002618457202794985 finalRes: 5.937126541287063e-06 nIters: 2
TP1: 88.11832732353488 final: 88.11832732353488
TP2: 35.77315878166966 final: 35.77315878166966
HFX: 301.8123119848649 final: 301.8123119848649
yPlus min: 1.846446426539901 max: 55.32496303967982 mean: 23.66990667584997
ExecutionTime = 28.32 s  ClockTime = 29 s

End

Moving time 1000 to 0.0004
Printing Primal Residual Statistics.
U Residual Norm2: (25.52587924483776 24.0260831520198 10.58457459055158)
U Residual Mean: (0.03067642956853486 0.02708544513642273 0.01097856558640354)
U Residual Max: (13.58712785020876 10.9373321156004 8.332167658748741)
p Residual Norm2: 8.625727763703802
p Residual Mean: 0.01332771271388832
p Residual Max: 3.164708814911007
T Residual Norm2: 41.17588959501264
T Residual Mean: 0.04551010225366145
T Residual Max: 21.36688715461398
nuTilda Residual Norm2: 0.6513661159895681
nuTilda Residual Mean: 0.0004285749366242973
nuTilda Residual Max: 0.5278337454345903
phi Residual Norm2: 0.06461912885922304
phi Residual Mean: 2.571508520743882e-05
phi Residual Max: 0.04467030777984973
Total Residual Norm2: 55.77761126971855
 
 
DAInputVolCoord. 
Setting volume coordinates. 
Checking mesh quality for time = 1000
    Overall domain bounding box (-6.084569366460821e-10 -0.09450000000000007 -1.948830891481357e-08) (0.8445000000000003 0.09450000000000008 0.03750000000000003)
    Mesh has 3 geometric (non-empty/wedge) directions (1 1 1)
    Mesh has 3 solution (non-empty) directions (1 1 1)
    Boundary openness (1.321705628024903e-18 1.821203122368471e-17 -1.159247070447916e-16) OK.
    Max cell openness = 5.469788892451062e-16 OK.
    Max aspect ratio = 69.08288552239887 OK.
    Minimum face area = 1.673116558009775e-06. Maximum face area = 0.001155837991775425.  Face area magnitudes OK.
    Min volume = 5.879984981844379e-09. Max volume = 1.309214606817361e-05.  Total volume = 0.004719833506633402.  Cell volumes OK.
    Mesh non-orthogonality Max: 3.513393086937336 average: 0.2801028151844596
    Non-orthogonality check OK.
    Face pyramids OK.
    Max skewness = 0.2181286518135911 OK.
    Coupled point location match (average 0) OK.

Mesh OK.

Running Primal Solver 005
Previous solution time 1000 not found and nothing deleted.
No finite volume options present

Starting time loop

Time = 1

U0 initRes: 1.788048467999806e-06 finalRes: 9.444473668010839e-08 nIters: 3
U1 initRes: 5.439621785396523e-06 finalRes: 3.935353515068665e-07 nIters: 3
U2 initRes: 1.561945791360916e-05 finalRes: 1.465197073463432e-06 nIters: 2
p initRes: 0.0002412722873632019 finalRes: 1.889045527541138e-05 nIters: 1
Time step continuity errors : sum local = 0.0003213734465120052
                                 global = 2.59294117731195e-07
                             cumulative = -0.1057988505183186
T initRes: 1.583778936929311e-05 finalRes: 7.498865278594781e-07 nIters: 3
nuTilda initRes: 0.0002063325442327851 finalRes: 6.537755832971541e-06 nIters: 2
TP1: 88.11833229771815 final: 88.11833229771815
TP2: 35.77316010177004 final: 35.77316010177004
HFX: 301.8117381200681 final: 301.8117381200681
yPlus min: 1.85477062760991 max: 55.32499888469613 mean: 23.67054763014134
ExecutionTime = 28.44 s  ClockTime = 29 s

Time = 100

U0 initRes: 1.799387983582899e-06 finalRes: 9.396539005748157e-08 nIters: 3
U1 initRes: 5.045577956241754e-06 finalRes: 3.861690718089267e-07 nIters: 3
U2 initRes: 1.20864648464419e-05 finalRes: 1.111768928749706e-06 nIters: 2
p initRes: 0.0002261172792359093 finalRes: 1.327165849665731e-05 nIters: 1
Time step continuity errors : sum local = 0.0002257786700149019
                                 global = 1.402065517984324e-06
                             cumulative = -0.1057974484528006
T initRes: 1.582098736304667e-05 finalRes: 7.376826838567265e-07 nIters: 3
nuTilda initRes: 0.0002616066039115347 finalRes: 5.935307656364037e-06 nIters: 2
TP1: 88.11843011414804 final: 88.11843011414804
TP2: 35.77319444554303 final: 35.77319444554303
HFX: 301.8111947774107 final: 301.8111947774107
yPlus min: 1.845510649231075 max: 55.32512956993668 mean: 23.66987288237573
ExecutionTime = 28.7 s  ClockTime = 29 s

Time = 200

U0 initRes: 1.793655206795784e-06 finalRes: 9.381893871394475e-08 nIters: 3
U1 initRes: 5.03848024361833e-06 finalRes: 3.863427624756061e-07 nIters: 3
U2 initRes: 1.202925152449735e-05 finalRes: 1.107945728799329e-06 nIters: 2
p initRes: 0.000225795089123492 finalRes: 1.315061952713881e-05 nIters: 1
Time step continuity errors : sum local = 0.0002237193419619482
                                 global = -2.57648485783047e-07
                             cumulative = -0.1057977061012864
T initRes: 1.581279014590343e-05 finalRes: 7.37593155431172e-07 nIters: 3
nuTilda initRes: 0.0002615853120526561 finalRes: 5.93397793344073e-06 nIters: 2
TP1: 88.11843427682768 final: 88.11843427682768
TP2: 35.77317130135931 final: 35.77317130135931
HFX: 301.8111367309441 final: 301.8111367309441
yPlus min: 1.845513887123014 max: 55.3251139731553 mean: 23.66986462133239
ExecutionTime = 28.98 s  ClockTime = 30 s

Time = 300

U0 initRes: 1.793110899481456e-06 finalRes: 9.379887062080188e-08 nIters: 3
U1 initRes: 5.038246528994931e-06 finalRes: 3.86322514690846e-07 nIters: 3
U2 initRes: 1.202856443643636e-05 finalRes: 1.107935202791859e-06 nIters: 2
p initRes: 0.0002257684842810761 finalRes: 1.312889171479949e-05 nIters: 1
Time step continuity errors : sum local = 0.0002233497170227081
                                 global = -6.059281801612521e-08
                             cumulative = -0.1057977666941044
T initRes: 1.581273223691016e-05 finalRes: 7.376036710562441e-07 nIters: 3
nuTilda initRes: 0.000261585108118208 finalRes: 5.933936997306184e-06 nIters: 2
TP1: 88.118436140648 final: 88.118436140648
TP2: 35.77317415490808 final: 35.77317415490808
HFX: 301.811146088719 final: 301.811146088719
yPlus min: 1.845512375074577 max: 55.32511678381411 mean: 23.66986554502878
ExecutionTime = 29.28 s  ClockTime = 30 s

Time = 400

U0 initRes: 1.793169622192738e-06 finalRes: 9.380149609781662e-08 nIters: 3
U1 initRes: 5.038242030227076e-06 finalRes: 3.863229512666869e-07 nIters: 3
U2 initRes: 1.202850931367615e-05 finalRes: 1.107934012940547e-06 nIters: 2
p initRes: 0.000225767597548986 finalRes: 1.312802913694376e-05 nIters: 1
Time step continuity errors : sum local = 0.0002233350411034166
                                 global = -9.900587618501185e-08
                             cumulative = -0.1057978656999806
T initRes: 1.581272454837938e-05 finalRes: 7.376057277264114e-07 nIters: 3
nuTilda initRes: 0.000261585096000737 finalRes: 5.93393737622824e-06 nIters: 2
TP1: 88.11843572017361 final: 88.11843572017361
TP2: 35.77317360255896 final: 35.77317360255896
HFX: 301.8111448887871 final: 301.8111448887871
yPlus min: 1.845512508523285 max: 55.32511646907287 mean: 23.66986541437449
ExecutionTime = 29.56 s  ClockTime = 30 s

Time = 500

U0 initRes: 1.793164593935263e-06 finalRes: 9.380120888346395e-08 nIters: 3
U1 initRes: 5.038240270628068e-06 finalRes: 3.863227248926616e-07 nIters: 3
U2 initRes: 1.20285093926348e-05 finalRes: 1.107934498294177e-06 nIters: 2
p initRes: 0.0002257675058361782 finalRes: 1.31279958356268e-05 nIters: 1
Time step continuity errors : sum local = 0.0002233344748354596
                                 global = -9.398488070772291e-08
                             cumulative = -0.1057979596848613
T initRes: 1.581272445664624e-05 finalRes: 7.376058308267467e-07 nIters: 3
nuTilda initRes: 0.0002615850949838453 finalRes: 5.933937218534038e-06 nIters: 2
TP1: 88.1184358124279 final: 88.1184358124279
TP2: 35.77317367432454 final: 35.77317367432454
HFX: 301.8111450610578 final: 301.8111450610578
yPlus min: 1.845512501655211 max: 55.32511651438493 mean: 23.66986543216067
ExecutionTime = 29.83 s  ClockTime = 30 s

Time = 600

U0 initRes: 1.793164898761364e-06 finalRes: 9.380122729278882e-08 nIters: 3
U1 initRes: 5.038240359803262e-06 finalRes: 3.863227384058968e-07 nIters: 3
U2 initRes: 1.202850970210993e-05 finalRes: 1.107934472416806e-06 nIters: 2
p initRes: 0.0002257675092053069 finalRes: 1.31279909173705e-05 nIters: 1
Time step continuity errors : sum local = 0.0002233343911224418
                                 global = -9.456782944015305e-08
                             cumulative = -0.1057980542526907
T initRes: 1.581272444415369e-05 finalRes: 7.376058117708069e-07 nIters: 3
nuTilda initRes: 0.0002615850950124969 finalRes: 5.933937208330733e-06 nIters: 2
TP1: 88.11843579704443 final: 88.11843579704443
TP2: 35.77317366610004 final: 35.77317366610004
HFX: 301.8111450402178 final: 301.8111450402178
yPlus min: 1.845512501093614 max: 55.32511650891484 mean: 23.66986543011337
ExecutionTime = 30.1 s  ClockTime = 31 s

Time = 700

U0 initRes: 1.793164902041729e-06 finalRes: 9.380122677802822e-08 nIters: 3
U1 initRes: 5.038240352574342e-06 finalRes: 3.863227380492537e-07 nIters: 3
U2 initRes: 1.202850967322639e-05 finalRes: 1.107934476597809e-06 nIters: 2
p initRes: 0.0002257675081691294 finalRes: 1.312799159254341e-05 nIters: 1
Time step continuity errors : sum local = 0.0002233344026393662
                                 global = -9.449771190920077e-08
                             cumulative = -0.1057981487504026
T initRes: 1.581272445133363e-05 finalRes: 7.376058130231246e-07 nIters: 3
nuTilda initRes: 0.0002615850950163115 finalRes: 5.933937212378074e-06 nIters: 2
TP1: 88.11843579919746 final: 88.11843579919746
TP2: 35.77317366709066 final: 35.77317366709066
HFX: 301.8111450424474 final: 301.8111450424474
yPlus min: 1.845512501274248 max: 55.32511650947778 mean: 23.66986543032684
ExecutionTime = 30.37 s  ClockTime = 31 s

Time = 800

U0 initRes: 1.793164896524901e-06 finalRes: 9.380122658489381e-08 nIters: 3
U1 initRes: 5.038240352733991e-06 finalRes: 3.863227379535061e-07 nIters: 3
U2 initRes: 1.202850967892984e-05 finalRes: 1.10793447615204e-06 nIters: 2
p initRes: 0.0002257675082830284 finalRes: 1.312799150681939e-05 nIters: 1
Time step continuity errors : sum local = 0.0002233344011220552
                                 global = -9.45044594917662e-08
                             cumulative = -0.1057982432548621
T initRes: 1.581272445203854e-05 finalRes: 7.376058132804017e-07 nIters: 3
nuTilda initRes: 0.0002615850950155885 finalRes: 5.933937211593331e-06 nIters: 2
TP1: 88.11843579892658 final: 88.11843579892658
TP2: 35.77317366699491 final: 35.77317366699491
HFX: 301.8111450422505 final: 301.8111450422505
yPlus min: 1.845512501237075 max: 55.32511650943064 mean: 23.66986543030984
ExecutionTime = 30.64 s  ClockTime = 31 s

Time = 900

U0 initRes: 1.793164897850668e-06 finalRes: 9.380122664760143e-08 nIters: 3
U1 initRes: 5.038240352878339e-06 finalRes: 3.863227379759944e-07 nIters: 3
U2 initRes: 1.202850967823079e-05 finalRes: 1.107934476190563e-06 nIters: 2
p initRes: 0.0002257675082683167 finalRes: 1.312799152369341e-05 nIters: 1
Time step continuity errors : sum local = 0.0002233344013318489
                                 global = -9.450403182577777e-08
                             cumulative = -0.105798337758894
T initRes: 1.581272445273147e-05 finalRes: 7.376058126808961e-07 nIters: 3
nuTilda initRes: 0.0002615850950156457 finalRes: 5.933937211725212e-06 nIters: 2
TP1: 88.11843579895651 final: 88.11843579895651
TP2: 35.77317366700098 final: 35.77317366700098
HFX: 301.811145042261 final: 301.811145042261
yPlus min: 1.845512501243262 max: 55.32511650943245 mean: 23.66986543031033
ExecutionTime = 30.91 s  ClockTime = 32 s

Time = 1000

U0 initRes: 1.793164897621675e-06 finalRes: 9.380122663794065e-08 nIters: 3
U1 initRes: 5.038240352873666e-06 finalRes: 3.863227379839063e-07 nIters: 3
U2 initRes: 1.20285096779643e-05 finalRes: 1.107934476162113e-06 nIters: 2
p initRes: 0.0002257675082707768 finalRes: 1.312799151989405e-05 nIters: 1
Time step continuity errors : sum local = 0.0002233344012486967
                                 global = -9.450402414576876e-08
                             cumulative = -0.1057984322629181
T initRes: 1.581272445010365e-05 finalRes: 7.376058120925159e-07 nIters: 3
nuTilda initRes: 0.0002615850950156096 finalRes: 5.933937211710619e-06 nIters: 2
TP1: 88.11843579895402 final: 88.11843579895402
TP2: 35.7731736670011 final: 35.7731736670011
HFX: 301.8111450422628 final: 301.8111450422628
yPlus min: 1.845512501242679 max: 55.32511650943285 mean: 23.66986543031052
ExecutionTime = 31.21 s  ClockTime = 32 s

End

Moving time 1000 to 0.0005
Printing Primal Residual Statistics.
U Residual Norm2: (25.55088384805348 24.01084179785601 10.62635352483482)
U Residual Mean: (0.0306024127999833 0.02710962563283356 0.01095884220449847)
U Residual Max: (13.58381279781563 10.92605933224264 8.385731536022337)
p Residual Norm2: 8.616658524183856
p Residual Mean: 0.01332218808185204
p Residual Max: 3.161138609788892
T Residual Norm2: 41.16407855028423
T Residual Mean: 0.04547888789275138
T Residual Max: 21.39496332673119
nuTilda Residual Norm2: 0.6516762076439498
nuTilda Residual Mean: 0.0004285750319303554
nuTilda Residual Max: 0.5283175321444612
phi Residual Norm2: 0.06463380456415316
phi Residual Mean: 2.566464868493709e-05
phi Residual Max: 0.04469271398666114
Total Residual Norm2: 55.7803245322024
 
 
DAInputVolCoord. 
Setting volume coordinates. 
Checking mesh quality for time = 1000
    Overall domain bounding box (1.224633438489443e-37 -0.09450000000000007 -8.700830433957673e-10) (0.8445000000000003 0.09450000000000008 0.03750000000000003)
    Mesh has 3 geometric (non-empty/wedge) directions (1 1 1)
    Mesh has 3 solution (non-empty) directions (1 1 1)
    Boundary openness (2.977071214555377e-19 1.847814540403369e-18 -2.994498994845839e-17) OK.
    Max cell openness = 2.719225126896013e-16 OK.
    Max aspect ratio = 69.08288552297762 OK.
    Minimum face area = 1.673088071932384e-06. Maximum face area = 0.001155838884208817.  Face area magnitudes OK.
    Min volume = 5.879673613757329e-09. Max volume = 1.309215429588256e-05.  Total volume = 0.00471983352183338.  Cell volumes OK.
    Mesh non-orthogonality Max: 3.530759215946325 average: 0.2806673341169813
    Non-orthogonality check OK.
    Face pyramids OK.
    Max skewness = 0.2181261554565978 OK.
    Coupled point location match (average 0) OK.

Mesh OK.

Running Primal Solver 006
Previous solution time 1000 not found and nothing deleted.
No finite volume options present

Starting time loop

Time = 1

U0 initRes: 1.886030972869572e-06 finalRes: 9.78358454089569e-08 nIters: 3
U1 initRes: 8.758789320761111e-06 finalRes: 4.91162162953451e-07 nIters: 3
U2 initRes: 2.687159048848768e-05 finalRes: 2.41102862598606e-06 nIters: 2
p initRes: 0.0003204837925908924 finalRes: 1.402545488088388e-05 nIters: 2
Time step continuity errors : sum local = 0.0002386072986850248
                                 global = 1.919909650714031e-06
                             cumulative = -0.1057965123532674
T initRes: 1.652504342836578e-05 finalRes: 7.68004194797343e-07 nIters: 3
nuTilda initRes: 0.0002066777883534416 finalRes: 6.578375719287966e-06 nIters: 2
TP1: 88.11531716345362 final: 88.11531716345362
TP2: 35.77317771942273 final: 35.77317771942273
HFX: 301.8107221191777 final: 301.8107221191777
yPlus min: 1.854283198536546 max: 55.32504343613172 mean: 23.6705109332317
ExecutionTime = 31.34 s  ClockTime = 32 s

Time = 100

U0 initRes: 1.866521415937598e-06 finalRes: 9.684470001148171e-08 nIters: 3
U1 initRes: 5.130046886204829e-06 finalRes: 3.868109452520871e-07 nIters: 3
U2 initRes: 1.245957534425551e-05 finalRes: 1.140151245254253e-06 nIters: 2
p initRes: 0.0002288294847165083 finalRes: 1.413825855111528e-05 nIters: 1
Time step continuity errors : sum local = 0.0002405228004956778
                                 global = 2.12045566303933e-06
                             cumulative = -0.1057943918976043
T initRes: 1.58766788831513e-05 finalRes: 7.386631843747956e-07 nIters: 3
nuTilda initRes: 0.0002619624492908082 finalRes: 5.949686669786547e-06 nIters: 2
TP1: 88.11833643609569 final: 88.11833643609569
TP2: 35.77319356517856 final: 35.77319356517856
HFX: 301.8121041695586 final: 301.8121041695586
yPlus min: 1.846092970021293 max: 55.32494260377842 mean: 23.66985732749587
ExecutionTime = 31.6 s  ClockTime = 32 s

Time = 200

U0 initRes: 1.792004184163642e-06 finalRes: 9.3266031120991e-08 nIters: 3
U1 initRes: 5.019404582412414e-06 finalRes: 3.845317899483665e-07 nIters: 3
U2 initRes: 1.213742459944619e-05 finalRes: 1.122497336774525e-06 nIters: 2
p initRes: 0.0002258957549639625 finalRes: 1.311677625720299e-05 nIters: 1
Time step continuity errors : sum local = 0.0002231451965698543
                                 global = 8.472924678362662e-08
                             cumulative = -0.1057943071683576
T initRes: 1.58212009193197e-05 finalRes: 7.370253625012925e-07 nIters: 3
nuTilda initRes: 0.0002618493381411608 finalRes: 5.937342701102269e-06 nIters: 2
TP1: 88.11832674158806 final: 88.11832674158806
TP2: 35.7731538398518 final: 35.7731538398518
HFX: 301.8121012145825 final: 301.8121012145825
yPlus min: 1.846169972411011 max: 55.3249719527209 mean: 23.66986174990166
ExecutionTime = 31.84 s  ClockTime = 33 s

Time = 300

U0 initRes: 1.791605852473231e-06 finalRes: 9.323391557424107e-08 nIters: 3
U1 initRes: 5.017213236965203e-06 finalRes: 3.844711794579523e-07 nIters: 3
U2 initRes: 1.212837090603932e-05 finalRes: 1.122482254990052e-06 nIters: 2
p initRes: 0.0002258348949462906 finalRes: 1.3104316563485e-05 nIters: 1
Time step continuity errors : sum local = 0.000222933257134093
                                 global = 3.682005579379492e-07
                             cumulative = -0.1057939389677996
T initRes: 1.582041233743521e-05 finalRes: 7.370022071373227e-07 nIters: 3
nuTilda initRes: 0.0002618478822311266 finalRes: 5.937195166030723e-06 nIters: 2
TP1: 88.11833088490164 final: 88.11833088490164
TP2: 35.77315773884423 final: 35.77315773884423
HFX: 301.8121108900008 final: 301.8121108900008
yPlus min: 1.846171178817477 max: 55.32497419918985 mean: 23.66986287079101
ExecutionTime = 32.11 s  ClockTime = 33 s

Time = 400

U0 initRes: 1.79163156158654e-06 finalRes: 9.323618599018866e-08 nIters: 3
U1 initRes: 5.017119639691041e-06 finalRes: 3.844698966081404e-07 nIters: 3
U2 initRes: 1.212840309258272e-05 finalRes: 1.122476820966007e-06 nIters: 2
p initRes: 0.0002258334239949373 finalRes: 1.310446911871406e-05 nIters: 1
Time step continuity errors : sum local = 0.0002229358514388057
                                 global = 3.486554657842394e-07
                             cumulative = -0.1057935903123338
T initRes: 1.582041590802077e-05 finalRes: 7.369995924918875e-07 nIters: 3
nuTilda initRes: 0.0002618478565355034 finalRes: 5.937192182108283e-06 nIters: 2
TP1: 88.11833125721449 final: 88.11833125721449
TP2: 35.7731574279717 final: 35.7731574279717
HFX: 301.8121102464764 final: 301.8121102464764
yPlus min: 1.84617151310482 max: 55.32497394544489 mean: 23.66986280001706
ExecutionTime = 32.37 s  ClockTime = 33 s

Time = 500

U0 initRes: 1.791634721173048e-06 finalRes: 9.323622061135901e-08 nIters: 3
U1 initRes: 5.017120368665399e-06 finalRes: 3.844698241578384e-07 nIters: 3
U2 initRes: 1.212841141625219e-05 finalRes: 1.122476516886743e-06 nIters: 2
p initRes: 0.0002258334667695134 finalRes: 1.310449829108126e-05 nIters: 1
Time step continuity errors : sum local = 0.0002229363476747825
                                 global = 3.465915704517589e-07
                             cumulative = -0.1057932437207634
T initRes: 1.5820415483373e-05 finalRes: 7.369997179140802e-07 nIters: 3
nuTilda initRes: 0.0002618478545022334 finalRes: 5.937191781584155e-06 nIters: 2
TP1: 88.11833114277496 final: 88.11833114277496
TP2: 35.77315739327499 final: 35.77315739327499
HFX: 301.8121101990497 final: 301.8121101990497
yPlus min: 1.846171489078653 max: 55.3249739258071 mean: 23.66986279434202
ExecutionTime = 32.64 s  ClockTime = 33 s

Time = 600

U0 initRes: 1.791634779120311e-06 finalRes: 9.323624599197487e-08 nIters: 3
U1 initRes: 5.017120321441303e-06 finalRes: 3.844698599104455e-07 nIters: 3
U2 initRes: 1.212841069849968e-05 finalRes: 1.122476388182229e-06 nIters: 2
p initRes: 0.0002258334866842168 finalRes: 1.31044794657151e-05 nIters: 1
Time step continuity errors : sum local = 0.0002229360273465419
                                 global = 3.471535673234485e-07
                             cumulative = -0.1057928965671961
T initRes: 1.582041527878708e-05 finalRes: 7.369997781259335e-07 nIters: 3
nuTilda initRes: 0.0002618478543951404 finalRes: 5.937191871988004e-06 nIters: 2
TP1: 88.11833115486999 final: 88.11833115486999
TP2: 35.77315740095489 final: 35.77315740095489
HFX: 301.8121102133805 final: 301.8121102133805
yPlus min: 1.846171487618463 max: 55.32497392777267 mean: 23.66986279506768
ExecutionTime = 32.9 s  ClockTime = 34 s

Time = 700

U0 initRes: 1.791634737749364e-06 finalRes: 9.323625131429824e-08 nIters: 3
U1 initRes: 5.017120443063637e-06 finalRes: 3.84469870055157e-07 nIters: 3
U2 initRes: 1.212841064451676e-05 finalRes: 1.122476371826611e-06 nIters: 2
p initRes: 0.0002258334880589921 finalRes: 1.310447788308905e-05 nIters: 1
Time step continuity errors : sum local = 0.0002229360004635194
                                 global = 3.4711529090815e-07
                             cumulative = -0.1057925494519051
T initRes: 1.582041529046632e-05 finalRes: 7.369997729836043e-07 nIters: 3
nuTilda initRes: 0.0002618478544248887 finalRes: 5.937191874734231e-06 nIters: 2
TP1: 88.11833115344272 final: 88.11833115344272
TP2: 35.77315740047999 final: 35.77315740047999
HFX: 301.8121102109672 final: 301.8121102109672
yPlus min: 1.846171487048065 max: 55.32497392707504 mean: 23.66986279480714
ExecutionTime = 33.17 s  ClockTime = 34 s

Time = 800

U0 initRes: 1.791634728230234e-06 finalRes: 9.323625055261088e-08 nIters: 3
U1 initRes: 5.017120485477277e-06 finalRes: 3.84469871095815e-07 nIters: 3
U2 initRes: 1.21284106460401e-05 finalRes: 1.122476373628255e-06 nIters: 2
p initRes: 0.0002258334882426546 finalRes: 1.310447754267552e-05 nIters: 1
Time step continuity errors : sum local = 0.0002229359946837899
                                 global = 3.471239457616515e-07
                             cumulative = -0.1057922023279594
T initRes: 1.582041529273509e-05 finalRes: 7.369997734176009e-07 nIters: 3
nuTilda initRes: 0.0002618478544335105 finalRes: 5.937191875353692e-06 nIters: 2
TP1: 88.11833115332044 final: 88.11833115332044
TP2: 35.7731574006203 final: 35.7731574006203
HFX: 301.8121102111996 final: 301.8121102111996
yPlus min: 1.846171486928478 max: 55.32497392716436 mean: 23.6698627948371
ExecutionTime = 33.43 s  ClockTime = 34 s

Time = 900

U0 initRes: 1.791634726795665e-06 finalRes: 9.32362505224842e-08 nIters: 3
U1 initRes: 5.017120485514189e-06 finalRes: 3.844698711498706e-07 nIters: 3
U2 initRes: 1.212841064260707e-05 finalRes: 1.122476373612515e-06 nIters: 2
p initRes: 0.0002258334882096829 finalRes: 1.310447754041932e-05 nIters: 1
Time step continuity errors : sum local = 0.0002229359946652674
                                 global = 3.471243851019485e-07
                             cumulative = -0.1057918552035743
T initRes: 1.582041528984829e-05 finalRes: 7.369997717627602e-07 nIters: 3
nuTilda initRes: 0.0002618478544344661 finalRes: 5.937191875442504e-06 nIters: 2
TP1: 88.11833115335733 final: 88.11833115335733
TP2: 35.77315740062882 final: 35.77315740062882
HFX: 301.8121102112115 final: 301.8121102112115
yPlus min: 1.846171486936851 max: 55.32497392717119 mean: 23.66986279483886
ExecutionTime = 33.7 s  ClockTime = 34 s

Time = 1000

U0 initRes: 1.791634726739262e-06 finalRes: 9.323625051299915e-08 nIters: 3
U1 initRes: 5.017120485439373e-06 finalRes: 3.844698711376868e-07 nIters: 3
U2 initRes: 1.212841064269997e-05 finalRes: 1.122476373655427e-06 nIters: 2
p initRes: 0.0002258334882002081 finalRes: 1.310447755110192e-05 nIters: 1
Time step continuity errors : sum local = 0.0002229359947526606
                                 global = 3.471241741929473e-07
                             cumulative = -0.1057915080794001
T initRes: 1.582041529318857e-05 finalRes: 7.36999772946195e-07 nIters: 3
nuTilda initRes: 0.00026184785443446 finalRes: 5.937191875399037e-06 nIters: 2
TP1: 88.11833115335449 final: 88.11833115335449
TP2: 35.77315740062589 final: 35.77315740062589
HFX: 301.8121102112061 final: 301.8121102112061
yPlus min: 1.846171486939105 max: 55.32497392717073 mean: 23.66986279483868
ExecutionTime = 33.96 s  ClockTime = 35 s

End

Moving time 1000 to 0.0006
Printing Primal Residual Statistics.
U Residual Norm2: (25.52703068262689 24.02624218104451 10.58527193854915)
U Residual Mean: (0.03067666181551446 0.02708596276675534 0.01097832218907248)
U Residual Max: (13.59047447764389 10.93738494683905 8.332926392402074)
p Residual Norm2: 8.625786522329303
p Residual Mean: 0.01332740926127613
p Residual Max: 3.16468019976766
T Residual Norm2: 41.17817667450372
T Residual Mean: 0.04550989602248762
T Residual Max: 21.36898140323204
nuTilda Residual Norm2: 0.6514202745512054
nuTilda Residual Mean: 0.0004285811719427466
nuTilda Residual Max: 0.5278970248106952
phi Residual Norm2: 0.0646216290835409
phi Residual Mean: 2.571609555151666e-05
phi Residual Max: 0.04467057555354122
Total Residual Norm2: 55.78003713266509
 
 
DAInputVolCoord. 
Setting volume coordinates. 
Checking mesh quality for time = 1000
    Overall domain bounding box (-6.101785186471935e-09 -0.09450000000000007 -1.084580051153268e-08) (0.8445000000000003 0.09450000000000008 0.03750000000000003)
    Mesh has 3 geometric (non-empty/wedge) directions (1 1 1)
    Mesh has 3 solution (non-empty) directions (1 1 1)
    Boundary openness (-6.768730957104154e-18 -8.926567635313653e-18 -6.607429206703564e-17) OK.
    Max cell openness = 4.407785503290639e-16 OK.
    Max aspect ratio = 69.0828855225636 OK.
    Minimum face area = 1.673097948681287e-06. Maximum face area = 0.001155838007244714.  Face area magnitudes OK.
    Min volume = 5.87998460868253e-09. Max volume = 1.309214621471219e-05.  Total volume = 0.004719833523504394.  Cell volumes OK.
    Mesh non-orthogonality Max: 3.512288409788412 average: 0.280116586235521
    Non-orthogonality check OK.
    Face pyramids OK.
    Max skewness = 0.2181323657363377 OK.
    Coupled point location match (average 0) OK.

Mesh OK.

Running Primal Solver 007
Previous solution time 1000 not found and nothing deleted.
No finite volume options present

Starting time loop

Time = 1

U0 initRes: 1.993036033921792e-06 finalRes: 1.016282328286796e-07 nIters: 3
U1 initRes: 1.249754561102321e-05 finalRes: 5.857864416409466e-07 nIters: 3
U2 initRes: 4.053837274427e-05 finalRes: 3.750830961992312e-06 nIters: 2
p initRes: 0.0004189443411518048 finalRes: 3.126728515598183e-05 nIters: 2
Time step continuity errors : sum local = 0.00053192634428643
                                 global = -2.739325270398995e-05
                             cumulative = -0.1058189013321041
T initRes: 1.757713636738788e-05 finalRes: 7.929032074151036e-07 nIters: 3
nuTilda initRes: 0.0002071302670968854 finalRes: 6.602977099549009e-06 nIters: 2
TP1: 88.11966921318533 final: 88.11966921318533
TP2: 35.77309224374353 final: 35.77309224374353
HFX: 301.8110539608394 final: 301.8110539608394
yPlus min: 1.853722069070257 max: 55.32506995942157 mean: 23.67047522714055
ExecutionTime = 34.09 s  ClockTime = 35 s

Time = 100

U0 initRes: 1.833500138176581e-06 finalRes: 9.568258214978118e-08 nIters: 3
U1 initRes: 5.084365021171574e-06 finalRes: 3.865186693565337e-07 nIters: 3
U2 initRes: 1.226293923674828e-05 finalRes: 1.117292595876864e-06 nIters: 2
p initRes: 0.0002272818005394319 finalRes: 1.373842491704244e-05 nIters: 1
Time step continuity errors : sum local = 0.0002337191274362044
                                 global = -4.031288759167316e-06
                             cumulative = -0.1058229326208632
T initRes: 1.584587765831314e-05 finalRes: 7.406326768449704e-07 nIters: 3
nuTilda initRes: 0.0002617406846959122 finalRes: 5.945106422936964e-06 nIters: 2
TP1: 88.11831987895754 final: 88.11831987895754
TP2: 35.77311634261759 final: 35.77311634261759
HFX: 301.8113087070894 final: 301.8113087070894
yPlus min: 1.845745992449127 max: 55.32510186549242 mean: 23.66990088296011
ExecutionTime = 34.36 s  ClockTime = 35 s

Time = 200

U0 initRes: 1.79588938504692e-06 finalRes: 9.38518737847699e-08 nIters: 3
U1 initRes: 5.039208431721854e-06 finalRes: 3.862777197192179e-07 nIters: 3
U2 initRes: 1.203569677004751e-05 finalRes: 1.108285991135065e-06 nIters: 2
p initRes: 0.0002258486919400662 finalRes: 1.319286718566504e-05 nIters: 1
Time step continuity errors : sum local = 0.0002244382814772422
                                 global = 1.917553605486445e-07
                             cumulative = -0.1058227408655027
T initRes: 1.581432831923415e-05 finalRes: 7.375159070604032e-07 nIters: 3
nuTilda initRes: 0.000261584363141003 finalRes: 5.933967378076055e-06 nIters: 2
TP1: 88.11844397287148 final: 88.11844397287148
TP2: 35.77317916951868 final: 35.77317916951868
HFX: 301.8113453994896 final: 301.8113453994896
yPlus min: 1.845789522465611 max: 55.32510461041274 mean: 23.6699091400225
ExecutionTime = 34.62 s  ClockTime = 35 s

Time = 300

U0 initRes: 1.793703225501629e-06 finalRes: 9.380135246866514e-08 nIters: 3
U1 initRes: 5.039172732013647e-06 finalRes: 3.862802881847778e-07 nIters: 3
U2 initRes: 1.203312465208435e-05 finalRes: 1.107982458897621e-06 nIters: 2
p initRes: 0.0002257811691594028 finalRes: 1.315355730027701e-05 nIters: 1
Time step continuity errors : sum local = 0.0002237695126355482
                                 global = -2.252015556172705e-08
                             cumulative = -0.1058227633856582
T initRes: 1.581337539703409e-05 finalRes: 7.375379273572276e-07 nIters: 3
nuTilda initRes: 0.0002615830940616912 finalRes: 5.933818245415323e-06 nIters: 2
TP1: 88.11843147802371 final: 88.11843147802371
TP2: 35.77317612320123 final: 35.77317612320123
HFX: 301.8113495292635 final: 301.8113495292635
yPlus min: 1.845786303361658 max: 55.32510638277063 mean: 23.66990957733493
ExecutionTime = 34.89 s  ClockTime = 36 s

Time = 400

U0 initRes: 1.793897726291186e-06 finalRes: 9.380879929102311e-08 nIters: 3
U1 initRes: 5.039210091029596e-06 finalRes: 3.862837110827679e-07 nIters: 3
U2 initRes: 1.203300514058237e-05 finalRes: 1.107979276922523e-06 nIters: 2
p initRes: 0.0002257778462321519 finalRes: 1.315139163334782e-05 nIters: 1
Time step continuity errors : sum local = 0.0002237326653101435
                                 global = -1.019762352773132e-07
                             cumulative = -0.1058228653618935
T initRes: 1.581336011852226e-05 finalRes: 7.375452129566231e-07 nIters: 3
nuTilda initRes: 0.0002615830695699304 finalRes: 5.933823325586977e-06 nIters: 2
TP1: 88.11843136453093 final: 88.11843136453093
TP2: 35.77317496458819 final: 35.77317496458819
HFX: 301.8113466778882 final: 301.8113466778882
yPlus min: 1.845786912195764 max: 55.32510558008959 mean: 23.66990923535231
ExecutionTime = 35.16 s  ClockTime = 36 s

Time = 500

U0 initRes: 1.793879012267679e-06 finalRes: 9.380773976777856e-08 nIters: 3
U1 initRes: 5.039204403290392e-06 finalRes: 3.862829697547182e-07 nIters: 3
U2 initRes: 1.203299703968621e-05 finalRes: 1.107979969153246e-06 nIters: 2
p initRes: 0.0002257776372875881 finalRes: 1.315140529498753e-05 nIters: 1
Time step continuity errors : sum local = 0.0002237328984416619
                                 global = -8.608324481374407e-08
                             cumulative = -0.1058229514451383
T initRes: 1.581336034128988e-05 finalRes: 7.375451244859497e-07 nIters: 3
nuTilda initRes: 0.0002615830678902948 finalRes: 5.933822615900621e-06 nIters: 2
TP1: 88.11843159771993 final: 88.11843159771993
TP2: 35.77317519067955 final: 35.77317519067955
HFX: 301.8113472673178 final: 301.8113472673178
yPlus min: 1.84578687450472 max: 55.32510573155206 mean: 23.66990929626435
ExecutionTime = 35.43 s  ClockTime = 36 s

Time = 600

U0 initRes: 1.793880657615755e-06 finalRes: 9.380782351717376e-08 nIters: 3
U1 initRes: 5.039205115895905e-06 finalRes: 3.862830302487746e-07 nIters: 3
U2 initRes: 1.203299675339875e-05 finalRes: 1.107979834224121e-06 nIters: 2
p initRes: 0.0002257776618636607 finalRes: 1.315138666998502e-05 nIters: 1
Time step continuity errors : sum local = 0.0002237325815163749
                                 global = -8.830475597731749e-08
                             cumulative = -0.1058230397498943
T initRes: 1.581336033915743e-05 finalRes: 7.375450966167638e-07 nIters: 3
nuTilda initRes: 0.0002615830678058979 finalRes: 5.933822611797178e-06 nIters: 2
TP1: 88.11843154500366 final: 88.11843154500366
TP2: 35.77317515910996 final: 35.77317515910996
HFX: 301.8113471893851 final: 301.8113471893851
yPlus min: 1.845786874409045 max: 55.32510571084645 mean: 23.6699092882656
ExecutionTime = 35.74 s  ClockTime = 36 s

Time = 700

U0 initRes: 1.793880720486434e-06 finalRes: 9.380782389780922e-08 nIters: 3
U1 initRes: 5.039205110154678e-06 finalRes: 3.86283029630984e-07 nIters: 3
U2 initRes: 1.203299676931959e-05 finalRes: 1.107979857483556e-06 nIters: 2
p initRes: 0.0002257776600449313 finalRes: 1.315138903028717e-05 nIters: 1
Time step continuity errors : sum local = 0.0002237326217216507
                                 global = -8.806880456219137e-08
                             cumulative = -0.1058231278186989
T initRes: 1.581336035517265e-05 finalRes: 7.3754510279098e-07 nIters: 3
nuTilda initRes: 0.0002615830678247343 finalRes: 5.933822628794586e-06 nIters: 2
TP1: 88.11843155298767 final: 88.11843155298767
TP2: 35.77317516245813 final: 35.77317516245813
HFX: 301.8113471970574 final: 301.8113471970574
yPlus min: 1.845786875209924 max: 55.32510571274371 mean: 23.66990928898329
ExecutionTime = 36.03 s  ClockTime = 37 s

Time = 800

U0 initRes: 1.793880682840888e-06 finalRes: 9.380782237267932e-08 nIters: 3
U1 initRes: 5.039205102966346e-06 finalRes: 3.862830285932e-07 nIters: 3
U2 initRes: 1.203299675187823e-05 finalRes: 1.107979854674364e-06 nIters: 2
p initRes: 0.0002257776601586294 finalRes: 1.315138871044661e-05 nIters: 1
Time step continuity errors : sum local = 0.0002237326163075018
                                 global = -8.808171424646545e-08
                             cumulative = -0.1058232159004131
T initRes: 1.581336035112219e-05 finalRes: 7.375451017202839e-07 nIters: 3
nuTilda initRes: 0.0002615830678195343 finalRes: 5.933822625207455e-06 nIters: 2
TP1: 88.11843155212202 final: 88.11843155212202
TP2: 35.77317516227598 final: 35.77317516227598
HFX: 301.811347196772 final: 301.811347196772
yPlus min: 1.845786875027909 max: 55.32510571268708 mean: 23.66990928896644
ExecutionTime = 36.31 s  ClockTime = 37 s

Time = 900

U0 initRes: 1.793880691087386e-06 finalRes: 9.380782274338504e-08 nIters: 3
U1 initRes: 5.039205105143015e-06 finalRes: 3.862830288427674e-07 nIters: 3
U2 initRes: 1.203299675420497e-05 finalRes: 1.107979854900645e-06 nIters: 2
p initRes: 0.0002257776601698137 finalRes: 1.315138873523281e-05 nIters: 1
Time step continuity errors : sum local = 0.0002237326166246836
                                 global = -8.80832045259032e-08
                             cumulative = -0.1058233039836176
T initRes: 1.581336035193883e-05 finalRes: 7.375451017831218e-07 nIters: 3
nuTilda initRes: 0.0002615830678201181 finalRes: 5.933822625737806e-06 nIters: 2
TP1: 88.11843155217448 final: 88.11843155217448
TP2: 35.77317516225454 final: 35.77317516225454
HFX: 301.8113471966961 final: 301.8113471966961
yPlus min: 1.845786875055527 max: 55.32510571266432 mean: 23.66990928895685
ExecutionTime = 36.62 s  ClockTime = 37 s

Time = 1000

U0 initRes: 1.79388068985481e-06 finalRes: 9.380782268637979e-08 nIters: 3
U1 initRes: 5.039205104828533e-06 finalRes: 3.862830288062337e-07 nIters: 3
U2 initRes: 1.203299675367438e-05 finalRes: 1.107979854870046e-06 nIters: 2
p initRes: 0.000225777660166758 finalRes: 1.315138872990986e-05 nIters: 1
Time step continuity errors : sum local = 0.000223732616536533
                                 global = -8.808261542302737e-08
                             cumulative = -0.1058233920662331
T initRes: 1.581336035354692e-05 finalRes: 7.375451035023174e-07 nIters: 3
nuTilda initRes: 0.0002615830678200529 finalRes: 5.933822625684523e-06 nIters: 2
TP1: 88.11843155217872 final: 88.11843155217872
TP2: 35.77317516226294 final: 35.77317516226294
HFX: 301.8113471967188 final: 301.8113471967188
yPlus min: 1.845786875053704 max: 55.32510571267083 mean: 23.66990928895943
ExecutionTime = 36.92 s  ClockTime = 38 s

End

Moving time 1000 to 0.0007
Printing Primal Residual Statistics.
U Residual Norm2: (25.54999832768194 24.0107546333716 10.62567967521213)
U Residual Mean: (0.03060672733398068 0.02711312462181096 0.01096163206237208)
U Residual Max: (13.58031601398617 10.92600298619818 8.384962252090647)
p Residual Norm2: 8.616737825457683
p Residual Mean: 0.01332315474449724
p Residual Max: 3.161170784345313
T Residual Norm2: 41.16195203780347
T Residual Mean: 0.04547892874422847
T Residual Max: 21.39287756626842
nuTilda Residual Norm2: 0.65162218268679
nuTilda Residual Mean: 0.0004285683769595234
nuTilda Residual Max: 0.5282545019983496
phi Residual Norm2: 0.06463342090281517
phi Residual Mean: 2.566745937377183e-05
phi Residual Max: 0.04469524974469247
Total Residual Norm2: 55.77819534936493
 
 
DAInputVolCoord. 
Setting volume coordinates. 
Checking mesh quality for time = 1000
    Overall domain bounding box (3.271629803834171e-39 -0.09450000000000007 -3.243971349708594e-07) (0.8445000000000003 0.09450000000000008 0.03750000000000003)
    Mesh has 3 geometric (non-empty/wedge) directions (1 1 1)
    Mesh has 3 solution (non-empty) directions (1 1 1)
    Boundary openness (-4.352769772195527e-19 1.680785268151388e-18 -8.038169182646009e-18) OK.
    Max cell openness = 4.193436464407808e-16 OK.
    Max aspect ratio = 69.08288552241922 OK.
    Minimum face area = 1.67311738033414e-06. Maximum face area = 0.001155838028156694.  Face area magnitudes OK.
    Min volume = 5.879983473646715e-09. Max volume = 1.309214665958173e-05.  Total volume = 0.00471983458977763.  Cell volumes OK.
    Mesh non-orthogonality Max: 3.512396037981414 average: 0.2800474370644591
    Non-orthogonality check OK.
    Face pyramids OK.
    Max skewness = 0.2181390275617234 OK.
    Coupled point location match (average 0) OK.

Mesh OK.

Running Primal Solver 008
Previous solution time 1000 not found and nothing deleted.
No finite volume options present

Starting time loop

Time = 1

U0 initRes: 1.911669522161776e-06 finalRes: 9.776288802634559e-08 nIters: 3
U1 initRes: 9.114504635385118e-06 finalRes: 4.9218415429333e-07 nIters: 3
U2 initRes: 2.812397788170964e-05 finalRes: 2.419896067099614e-06 nIters: 2
p initRes: 0.0003254658765497887 finalRes: 1.346683468380725e-05 nIters: 2
Time step continuity errors : sum local = 0.0002291038044156903
                                 global = 3.819023614875886e-05
                             cumulative = -0.1057852018300843
T initRes: 1.66534805503475e-05 finalRes: 7.692226537431008e-07 nIters: 3
nuTilda initRes: 0.0002067714667139214 finalRes: 6.581569493589122e-06 nIters: 2
TP1: 88.1173078439511 final: 88.1173078439511
TP2: 35.77326990159111 final: 35.77326990159111
HFX: 301.8109401459992 final: 301.8109401459992
yPlus min: 1.854809177279875 max: 55.32437350781412 mean: 23.67055647459366
ExecutionTime = 37.04 s  ClockTime = 38 s

Time = 100

U0 initRes: 1.848238890134606e-06 finalRes: 9.523326696295213e-08 nIters: 3
U1 initRes: 5.095023767439764e-06 finalRes: 3.872909985187267e-07 nIters: 3
U2 initRes: 1.237893307707727e-05 finalRes: 1.137335377134677e-06 nIters: 2
p initRes: 0.000228076907132482 finalRes: 1.404747359767307e-05 nIters: 1
Time step continuity errors : sum local = 0.0002389756646705719
                                 global = -1.327186957861446e-07
                             cumulative = -0.1057853345487801
T initRes: 1.586413103019885e-05 finalRes: 7.37225567853604e-07 nIters: 3
nuTilda initRes: 0.000261957197212848 finalRes: 5.942788036857303e-06 nIters: 2
TP1: 88.11848703117003 final: 88.11848703117003
TP2: 35.77316433198288 final: 35.77316433198288
HFX: 301.8105430733729 final: 301.8105430733729
yPlus min: 1.845278043437406 max: 55.32489701040105 mean: 23.66983387296748
ExecutionTime = 37.32 s  ClockTime = 38 s

Time = 200

U0 initRes: 1.793251180836272e-06 finalRes: 9.322959091430388e-08 nIters: 3
U1 initRes: 5.020368348415151e-06 finalRes: 3.845613251467061e-07 nIters: 3
U2 initRes: 1.21364036137005e-05 finalRes: 1.122821026008211e-06 nIters: 2
p initRes: 0.0002259117313467927 finalRes: 1.315592076763202e-05 nIters: 1
Time step continuity errors : sum local = 0.0002238084222943384
                                 global = 1.625151965134258e-07
                             cumulative = -0.1057851720335836
T initRes: 1.582432751975602e-05 finalRes: 7.370186226114171e-07 nIters: 3
nuTilda initRes: 0.0002618980347953392 finalRes: 5.938027759192111e-06 nIters: 2
TP1: 88.11845327176103 final: 88.11845327176103
TP2: 35.77317658089273 final: 35.77317658089273
HFX: 301.8105688996189 final: 301.8105688996189
yPlus min: 1.845260161772971 max: 55.32491510000094 mean: 23.66983081907913
ExecutionTime = 37.59 s  ClockTime = 38 s

Time = 300

U0 initRes: 1.792531985708789e-06 finalRes: 9.322748190934449e-08 nIters: 3
U1 initRes: 5.018444108879774e-06 finalRes: 3.845073379153095e-07 nIters: 3
U2 initRes: 1.213250706150863e-05 finalRes: 1.122778375940701e-06 nIters: 2
p initRes: 0.000225874711162625 finalRes: 1.313189271528428e-05 nIters: 1
Time step continuity errors : sum local = 0.0002233996734917886
                                 global = 5.15023804921984e-07
                             cumulative = -0.1057846570097787
T initRes: 1.582372873402567e-05 finalRes: 7.370784002715314e-07 nIters: 3
nuTilda initRes: 0.0002618963145742049 finalRes: 5.937818800892394e-06 nIters: 2
TP1: 88.11846634027546 final: 88.11846634027546
TP2: 35.77318157898707 final: 35.77318157898707
HFX: 301.8105811233725 final: 301.8105811233725
yPlus min: 1.845262192958437 max: 55.32491794132509 mean: 23.66983190510796
ExecutionTime = 37.86 s  ClockTime = 39 s

Time = 400

U0 initRes: 1.792516499394045e-06 finalRes: 9.323010300543297e-08 nIters: 3
U1 initRes: 5.018366087151699e-06 finalRes: 3.845087258142879e-07 nIters: 3
U2 initRes: 1.213249164917908e-05 finalRes: 1.122772734128074e-06 nIters: 2
p initRes: 0.0002258727069746601 finalRes: 1.313132012637337e-05 nIters: 1
Time step continuity errors : sum local = 0.0002233899315532205
                                 global = 4.914498673105804e-07
                             cumulative = -0.1057841655599113
T initRes: 1.582373791072209e-05 finalRes: 7.37073491278659e-07 nIters: 3
nuTilda initRes: 0.0002618963086662297 finalRes: 5.937818087852917e-06 nIters: 2
TP1: 88.11846699603026 final: 88.11846699603026
TP2: 35.7731812682423 final: 35.7731812682423
HFX: 301.8105798012667 final: 301.8105798012667
yPlus min: 1.845262560189389 max: 55.32491760638946 mean: 23.66983179029808
ExecutionTime = 38.13 s  ClockTime = 39 s

Time = 500

U0 initRes: 1.792518177384732e-06 finalRes: 9.322996077187707e-08 nIters: 3
U1 initRes: 5.018376038091244e-06 finalRes: 3.845086475427586e-07 nIters: 3
U2 initRes: 1.213250385313309e-05 finalRes: 1.122773611542054e-06 nIters: 2
p initRes: 0.0002258727452589972 finalRes: 1.313119388683691e-05 nIters: 1
Time step continuity errors : sum local = 0.0002233877838219404
                                 global = 4.853268151483704e-07
                             cumulative = -0.1057836802330962
T initRes: 1.582373948389908e-05 finalRes: 7.370727019917601e-07 nIters: 3
nuTilda initRes: 0.0002618963099554769 finalRes: 5.937817049686028e-06 nIters: 2
TP1: 88.11846673320365 final: 88.11846673320365
TP2: 35.77318118307633 final: 35.77318118307633
HFX: 301.810579619688 final: 301.810579619688
yPlus min: 1.845262518624195 max: 55.32491756480635 mean: 23.66983177668708
ExecutionTime = 38.4 s  ClockTime = 39 s

Time = 600

U0 initRes: 1.792518414034839e-06 finalRes: 9.322987921114271e-08 nIters: 3
U1 initRes: 5.018377616323381e-06 finalRes: 3.845086288941253e-07 nIters: 3
U2 initRes: 1.213250448234336e-05 finalRes: 1.122773813392725e-06 nIters: 2
p initRes: 0.0002258727221227483 finalRes: 1.313120372373168e-05 nIters: 1
Time step continuity errors : sum local = 0.0002233879512010944
                                 global = 4.861212676167928e-07
                             cumulative = -0.1057831941118286
T initRes: 1.582373931371764e-05 finalRes: 7.37072750891235e-07 nIters: 3
nuTilda initRes: 0.00026189630990521 finalRes: 5.93781709996242e-06 nIters: 2
TP1: 88.11846672851435 final: 88.11846672851435
TP2: 35.77318119432729 final: 35.77318119432729
HFX: 301.8105796541237 final: 301.8105796541237
yPlus min: 1.845262512912376 max: 55.32491757397451 mean: 23.66983177993911
ExecutionTime = 38.67 s  ClockTime = 39 s

Time = 700

U0 initRes: 1.792518346018359e-06 finalRes: 9.322988387616284e-08 nIters: 3
U1 initRes: 5.018377401145312e-06 finalRes: 3.845086332902957e-07 nIters: 3
U2 initRes: 1.213250420813565e-05 finalRes: 1.122773786014635e-06 nIters: 2
p initRes: 0.0002258727177779888 finalRes: 1.313120578208725e-05 nIters: 1
Time step continuity errors : sum local = 0.0002233879862752228
                                 global = 4.862167735100953e-07
                             cumulative = -0.1057827078950551
T initRes: 1.582373929065423e-05 finalRes: 7.37072762018393e-07 nIters: 3
nuTilda initRes: 0.000261896309889767 finalRes: 5.937817117631901e-06 nIters: 2
TP1: 88.11846673385388 final: 88.11846673385388
TP2: 35.7731811957004 final: 35.7731811957004
HFX: 301.8105796566676 final: 301.8105796566676
yPlus min: 1.845262513931085 max: 55.32491757457047 mean: 23.66983178012286
ExecutionTime = 38.94 s  ClockTime = 40 s

Time = 800

U0 initRes: 1.792518339452181e-06 finalRes: 9.322988516986379e-08 nIters: 3
U1 initRes: 5.018377378033037e-06 finalRes: 3.845086336105127e-07 nIters: 3
U2 initRes: 1.213250420130266e-05 finalRes: 1.122773782676558e-06 nIters: 2
p initRes: 0.000225872718155389 finalRes: 1.313120552955805e-05 nIters: 1
Time step continuity errors : sum local = 0.0002233879819647209
                                 global = 4.861974129849382e-07
                             cumulative = -0.1057822216976421
T initRes: 1.582373929533367e-05 finalRes: 7.370727612567536e-07 nIters: 3
nuTilda initRes: 0.0002618963098917887 finalRes: 5.937817115981849e-06 nIters: 2
TP1: 88.11846673377408 final: 88.11846673377408
TP2: 35.77318119543023 final: 35.77318119543023
HFX: 301.8105796558937 final: 301.8105796558937
yPlus min: 1.845262514015597 max: 55.32491757437361 mean: 23.66983178005231
ExecutionTime = 39.2 s  ClockTime = 40 s

Time = 900

U0 initRes: 1.792518340694312e-06 finalRes: 9.32298850129113e-08 nIters: 3
U1 initRes: 5.018377383181732e-06 finalRes: 3.845086334957463e-07 nIters: 3
U2 initRes: 1.213250420676441e-05 finalRes: 1.12277378337919e-06 nIters: 2
p initRes: 0.000225872718216714 finalRes: 1.313120550654793e-05 nIters: 1
Time step continuity errors : sum local = 0.0002233879814771783
                                 global = 4.861961358130109e-07
                             cumulative = -0.1057817355015063
T initRes: 1.582373929810283e-05 finalRes: 7.370727599550947e-07 nIters: 3
nuTilda initRes: 0.000261896309892178 finalRes: 5.937817115665065e-06 nIters: 2
TP1: 88.11846673366972 final: 88.11846673366972
TP2: 35.77318119541205 final: 35.77318119541205
HFX: 301.8105796558675 final: 301.8105796558675
yPlus min: 1.845262513990308 max: 55.32491757436879 mean: 23.6698317800511
ExecutionTime = 39.53 s  ClockTime = 40 s

Time = 1000

U0 initRes: 1.792518340783259e-06 finalRes: 9.322988499144497e-08 nIters: 3
U1 initRes: 5.018377383431794e-06 finalRes: 3.845086334925696e-07 nIters: 3
U2 initRes: 1.213250420659262e-05 finalRes: 1.122773783395335e-06 nIters: 2
p initRes: 0.0002258727182001287 finalRes: 1.313120551384641e-05 nIters: 1
Time step continuity errors : sum local = 0.0002233879816426176
                                 global = 4.861965730598694e-07
                             cumulative = -0.1057812493049332
T initRes: 1.582373929847555e-05 finalRes: 7.370727620885404e-07 nIters: 3
nuTilda initRes: 0.0002618963098920438 finalRes: 5.937817115708835e-06 nIters: 2
TP1: 88.11846673367508 final: 88.11846673367508
TP2: 35.77318119541825 final: 35.77318119541825
HFX: 301.8105796558849 final: 301.8105796558849
yPlus min: 1.845262513990496 max: 55.32491757437306 mean: 23.6698317800526
ExecutionTime = 39.79 s  ClockTime = 41 s

End

Moving time 1000 to 0.0008
Printing Primal Residual Statistics.
U Residual Norm2: (25.53098096516136 24.0284740760253 10.5892187401363)
U Residual Mean: (0.03068005179671067 0.02708705928402309 0.01097908031838207)
U Residual Max: (13.58699651514926 10.93862881432517 8.336685732597713)
p Residual Norm2: 8.626455930641884
p Residual Mean: 0.01332863949350422
p Residual Max: 3.164251513550015
T Residual Norm2: 41.18698642743235
T Residual Mean: 0.04551577609289729
T Residual Max: 21.37897476937002
nuTilda Residual Norm2: 0.6517119257312537
nuTilda Residual Mean: 0.0004286332454015503
nuTilda Residual Max: 0.5282387119741164
phi Residual Norm2: 0.06462460269339212
phi Residual Mean: 2.572140205576709e-05
phi Residual Max: 0.04467125054524998
Total Residual Norm2: 55.79016585978502
 
 
DAInputVolCoord. 
Setting volume coordinates. 
Checking mesh quality for time = 1000
    Overall domain bounding box (-1.705509634749152e-10 -0.09450000000000007 -1.141978851980945e-07) (0.8445000000000003 0.09450000000000008 0.03750000000000003)
    Mesh has 3 geometric (non-empty/wedge) directions (1 1 1)
    Mesh has 3 solution (non-empty) directions (1 1 1)
    Boundary openness (1.187627127054676e-17 2.017679299818164e-17 -8.802260637089006e-17) OK.
    Max cell openness = 3.56214309305739e-16 OK.
    Max aspect ratio = 69.08288552274338 OK.
    Minimum face area = 1.673117199606094e-06. Maximum face area = 0.001155838013968199.  Face area magnitudes OK.
    Min volume = 5.879984983359411e-09. Max volume = 1.309214607327398e-05.  Total volume = 0.004719832455597938.  Cell volumes OK.
    Mesh non-orthogonality Max: 3.512355880789903 average: 0.2801195037924926
    Non-orthogonality check OK.
    Face pyramids OK.
    Max skewness = 0.2181378429714637 OK.
    Coupled point location match (average 0) OK.

Mesh OK.

Running Primal Solver 009
Previous solution time 1000 not found and nothing deleted.
No finite volume options present

Starting time loop

Time = 1

U0 initRes: 1.899790851180258e-06 finalRes: 9.462393296178291e-08 nIters: 3
U1 initRes: 6.41065629682672e-06 finalRes: 3.904109591416892e-07 nIters: 3
U2 initRes: 2.026892748894871e-05 finalRes: 1.513278704203263e-06 nIters: 2
p initRes: 0.0002640671090900214 finalRes: 1.027365440473937e-05 nIters: 2
Time step continuity errors : sum local = 0.0001747783299778824
                                 global = 2.176338604387523e-06
                             cumulative = -0.1057790729663288
T initRes: 1.612443870122136e-05 finalRes: 7.456493006555528e-07 nIters: 3
nuTilda initRes: 0.0002065541233971948 finalRes: 6.561597359744138e-06 nIters: 2
TP1: 88.11849590820428 final: 88.11849590820428
TP2: 35.77318734317378 final: 35.77318734317378
HFX: 301.8100070628373 final: 301.8100070628373
yPlus min: 1.853413978508442 max: 55.32628560015807 mean: 23.6704779666203
ExecutionTime = 39.9 s  ClockTime = 41 s

Time = 100

U0 initRes: 1.814715573854874e-06 finalRes: 9.464777864054908e-08 nIters: 3
U1 initRes: 5.0760717984754e-06 finalRes: 3.877379468248575e-07 nIters: 3
U2 initRes: 1.215287943493162e-05 finalRes: 1.109973746884608e-06 nIters: 2
p initRes: 0.0002268019165549321 finalRes: 1.368292888278151e-05 nIters: 1
Time step continuity errors : sum local = 0.0002327777523121053
                                 global = -1.455928723074099e-06
                             cumulative = -0.1057805288950519
T initRes: 1.583640413962061e-05 finalRes: 7.383892267817455e-07 nIters: 3
nuTilda initRes: 0.0002615946492867312 finalRes: 5.942148286988459e-06 nIters: 2
TP1: 88.11835127421298 final: 88.11835127421298
TP2: 35.77312962132195 final: 35.77312962132195
HFX: 301.8128231128193 final: 301.8128231128193
yPlus min: 1.846719466497862 max: 55.32514597173167 mean: 23.66993147284815
ExecutionTime = 40.14 s  ClockTime = 41 s

Time = 200

U0 initRes: 1.793080848603462e-06 finalRes: 9.381539439271248e-08 nIters: 3
U1 initRes: 5.040031450153811e-06 finalRes: 3.862954405752094e-07 nIters: 3
U2 initRes: 1.202908861150728e-05 finalRes: 1.107743486751294e-06 nIters: 2
p initRes: 0.0002258472683226355 finalRes: 1.324401567241315e-05 nIters: 1
Time step continuity errors : sum local = 0.0002253111232506641
                                 global = 1.358238845560321e-07
                             cumulative = -0.1057803930711673
T initRes: 1.581337685575297e-05 finalRes: 7.375782021815706e-07 nIters: 3
nuTilda initRes: 0.0002615335521195669 finalRes: 5.933203502132892e-06 nIters: 2
TP1: 88.11829606294567 final: 88.11829606294567
TP2: 35.77315253757288 final: 35.77315253757288
HFX: 301.8128901217218 final: 301.8128901217218
yPlus min: 1.84669566249353 max: 55.32516606489509 mean: 23.66994189218251
ExecutionTime = 40.37 s  ClockTime = 41 s

Time = 300

U0 initRes: 1.792852745477212e-06 finalRes: 9.379116621745194e-08 nIters: 3
U1 initRes: 5.039333949222317e-06 finalRes: 3.863011556828479e-07 nIters: 3
U2 initRes: 1.202893547167417e-05 finalRes: 1.107769017945896e-06 nIters: 2
p initRes: 0.0002257542709485992 finalRes: 1.317415029228054e-05 nIters: 1
Time step continuity errors : sum local = 0.0002241225440746241
                                 global = -9.48009115577139e-08
                             cumulative = -0.1057804878720789
T initRes: 1.581319202217071e-05 finalRes: 7.375485856863391e-07 nIters: 3
nuTilda initRes: 0.0002615325980826099 finalRes: 5.933184085647377e-06 nIters: 2
TP1: 88.11829503043718 final: 88.11829503043718
TP2: 35.7731501539141 final: 35.7731501539141
HFX: 301.8128743010823 final: 301.8128743010823
yPlus min: 1.846696747277699 max: 55.32516085076245 mean: 23.66994002747322
ExecutionTime = 40.59 s  ClockTime = 41 s

Time = 400

U0 initRes: 1.79273422267293e-06 finalRes: 9.37859662911881e-08 nIters: 3
U1 initRes: 5.03931556031181e-06 finalRes: 3.862960346802109e-07 nIters: 3
U2 initRes: 1.202885493723906e-05 finalRes: 1.107773230016359e-06 nIters: 2
p initRes: 0.0002257493958025268 finalRes: 1.316924264783282e-05 nIters: 1
Time step continuity errors : sum local = 0.0002240390585948226
                                 global = 1.099224259281983e-08
                             cumulative = -0.1057804768798363
T initRes: 1.581318591911767e-05 finalRes: 7.37547293561941e-07 nIters: 3
nuTilda initRes: 0.0002615324783391639 finalRes: 5.933175910050769e-06 nIters: 2
TP1: 88.11829634262095 final: 88.11829634262095
TP2: 35.773151686604 final: 35.773151686604
HFX: 301.8128774571544 final: 301.8128774571544
yPlus min: 1.84669637590096 max: 55.32516174287638 mean: 23.66994040004782
ExecutionTime = 40.83 s  ClockTime = 42 s

Time = 500

U0 initRes: 1.792739240503133e-06 finalRes: 9.378609382621851e-08 nIters: 3
U1 initRes: 5.03931295694322e-06 finalRes: 3.862962084044397e-07 nIters: 3
U2 initRes: 1.202886395554792e-05 finalRes: 1.107772718890155e-06 nIters: 2
p initRes: 0.0002257493349525543 finalRes: 1.316935616496474e-05 nIters: 1
Time step continuity errors : sum local = 0.000224040989069689
                                 global = -1.79737635485451e-09
                             cumulative = -0.1057804786772127
T initRes: 1.58131867055832e-05 finalRes: 7.375466282432649e-07 nIters: 3
nuTilda initRes: 0.0002615324762926712 finalRes: 5.933175460484996e-06 nIters: 2
TP1: 88.11829600870081 final: 88.11829600870081
TP2: 35.77315150685478 final: 35.77315150685478
HFX: 301.8128769657525 final: 301.8128769657525
yPlus min: 1.846696372832269 max: 55.32516160198864 mean: 23.66994034960207
ExecutionTime = 41.06 s  ClockTime = 42 s

Time = 600

U0 initRes: 1.792739605566375e-06 finalRes: 9.378609753378192e-08 nIters: 3
U1 initRes: 5.039312384080418e-06 finalRes: 3.862961982394621e-07 nIters: 3
U2 initRes: 1.202886438432311e-05 finalRes: 1.107772851861198e-06 nIters: 2
p initRes: 0.0002257493377682253 finalRes: 1.316930054405e-05 nIters: 1
Time step continuity errors : sum local = 0.0002240400429068408
                                 global = -6.908973703360638e-11
                             cumulative = -0.1057804787463024
T initRes: 1.58131867865825e-05 finalRes: 7.375466294529835e-07 nIters: 3
nuTilda initRes: 0.0002615324764450089 finalRes: 5.933175503551688e-06 nIters: 2
TP1: 88.1182960595826 final: 88.1182960595826
TP2: 35.77315153125495 final: 35.77315153125495
HFX: 301.812877015144 final: 301.812877015144
yPlus min: 1.846696376746929 max: 55.32516161430964 mean: 23.66994035453933
ExecutionTime = 41.29 s  ClockTime = 42 s

Time = 700

U0 initRes: 1.792739486547995e-06 finalRes: 9.378609386022837e-08 nIters: 3
U1 initRes: 5.039312523969664e-06 finalRes: 3.86296197780103e-07 nIters: 3
U2 initRes: 1.202886449582895e-05 finalRes: 1.107772830260128e-06 nIters: 2
p initRes: 0.0002257493365121197 finalRes: 1.31693049805602e-05 nIters: 1
Time step continuity errors : sum local = 0.0002240401184030645
                                 global = -1.719255183315081e-10
                             cumulative = -0.1057804789182279
T initRes: 1.58131868207725e-05 finalRes: 7.37546617260317e-07 nIters: 3
nuTilda initRes: 0.0002615324764084316 finalRes: 5.933175486204457e-06 nIters: 2
TP1: 88.11829605339599 final: 88.11829605339599
TP2: 35.77315152976388 final: 35.77315152976388
HFX: 301.8128770118707 final: 301.8128770118707
yPlus min: 1.846696375597793 max: 55.32516161354536 mean: 23.66994035431573
ExecutionTime = 41.52 s  ClockTime = 42 s

Time = 800

U0 initRes: 1.792739518574243e-06 finalRes: 9.378609490046954e-08 nIters: 3
U1 initRes: 5.03931249831731e-06 finalRes: 3.862961986241173e-07 nIters: 3
U2 initRes: 1.202886450971909e-05 finalRes: 1.107772831685203e-06 nIters: 2
p initRes: 0.0002257493366451298 finalRes: 1.316930459337207e-05 nIters: 1
Time step continuity errors : sum local = 0.0002240401118365779
                                 global = -1.772606418059113e-10
                             cumulative = -0.1057804790954885
T initRes: 1.581318682026266e-05 finalRes: 7.375466177442699e-07 nIters: 3
nuTilda initRes: 0.0002615324764233403 finalRes: 5.933175487759631e-06 nIters: 2
TP1: 88.11829605383984 final: 88.11829605383984
TP2: 35.77315152968059 final: 35.77315152968059
HFX: 301.812877011555 final: 301.812877011555
yPlus min: 1.84669637579954 max: 55.3251616134214 mean: 23.66994035426606
ExecutionTime = 41.77 s  ClockTime = 43 s

Time = 900

U0 initRes: 1.792739514498851e-06 finalRes: 9.378609475798744e-08 nIters: 3
U1 initRes: 5.039312501806287e-06 finalRes: 3.862961985232256e-07 nIters: 3
U2 initRes: 1.202886450973912e-05 finalRes: 1.107772831541125e-06 nIters: 2
p initRes: 0.0002257493366062293 finalRes: 1.316930458277025e-05 nIters: 1
Time step continuity errors : sum local = 0.0002240401116946226
                                 global = -1.737623167162476e-10
                             cumulative = -0.1057804792692509
T initRes: 1.581318682067772e-05 finalRes: 7.375466198460787e-07 nIters: 3
nuTilda initRes: 0.000261532476422711 finalRes: 5.933175487552305e-06 nIters: 2
TP1: 88.11829605385027 final: 88.11829605385027
TP2: 35.7731515297297 final: 35.7731515297297
HFX: 301.8128770116832 final: 301.8128770116832
yPlus min: 1.846696375775266 max: 55.32516161346 mean: 23.66994035428172
ExecutionTime = 41.99 s  ClockTime = 43 s

Time = 1000

U0 initRes: 1.792739515045059e-06 finalRes: 9.378609477560946e-08 nIters: 3
U1 initRes: 5.039312501567198e-06 finalRes: 3.862961985532073e-07 nIters: 3
U2 initRes: 1.202886451019259e-05 finalRes: 1.107772831539294e-06 nIters: 2
p initRes: 0.0002257493366071901 finalRes: 1.316930459810632e-05 nIters: 1
Time step continuity errors : sum local = 0.0002240401119048958
                                 global = -1.74531751277742e-10
                             cumulative = -0.1057804794437826
T initRes: 1.581318681921322e-05 finalRes: 7.37546617397543e-07 nIters: 3
nuTilda initRes: 0.0002615324764229615 finalRes: 5.933175487543952e-06 nIters: 2
TP1: 88.11829605383819 final: 88.11829605383819
TP2: 35.77315152971866 final: 35.77315152971866
HFX: 301.8128770116573 final: 301.8128770116573
yPlus min: 1.846696375780598 max: 55.32516161345237 mean: 23.66994035427878
ExecutionTime = 42.23 s  ClockTime = 43 s

End

Moving time 1000 to 0.0009
Printing Primal Residual Statistics.
U Residual Norm2: (25.54598380789952 24.00831282946931 10.62153088841493)
U Residual Mean: (0.03059387155338612 0.02710353641371671 0.01095869475135818)
U Residual Max: (13.5841390503582 10.92471562769333 8.381085684413007)
p Residual Norm2: 8.6157201719644
p Residual Mean: 0.01332211068915316
p Residual Max: 3.161667298004703
T Residual Norm2: 41.15265400646643
T Residual Mean: 0.04547447332479954
T Residual Max: 21.38287197584316
nuTilda Residual Norm2: 0.651329103175518
nuTilda Residual Mean: 0.0004285148785809484
nuTilda Residual Max: 0.5279118824501028
phi Residual Norm2: 0.06462796931499279
phi Residual Mean: 2.565923135803481e-05
phi Residual Max: 0.04468990258400495
Total Residual Norm2: 55.76749289933402
 
 
DAInputVolCoord. 
Setting volume coordinates. 
Checking mesh quality for time = 1000
    Overall domain bounding box (4.642065547493551e-39 -0.09450000000000007 -8.561815256368091e-08) (0.8445000000000003 0.09450000000000008 0.03750000000000003)
    Mesh has 3 geometric (non-empty/wedge) directions (1 1 1)
    Mesh has 3 solution (non-empty) directions (1 1 1)
    Boundary openness (-5.11622953434689e-18 6.685931383493684e-18 -9.816117319814258e-17) OK.
    Max cell openness = 4.085099520216827e-16 OK.
    Max aspect ratio = 69.08288552252039 OK.
    Minimum face area = 1.673111837594529e-06. Maximum face area = 0.001155838044481377.  Face area magnitudes OK.
    Min volume = 5.87991739184036e-09. Max volume = 1.309214664395118e-05.  Total volume = 0.004719833796828861.  Cell volumes OK.
    Mesh non-orthogonality Max: 3.512307455197495 average: 0.2800011751485001
    Non-orthogonality check OK.
    Face pyramids OK.
    Max skewness = 0.218135305046313 OK.
    Coupled point location match (average 0) OK.

Mesh OK.

Running Primal Solver 010
Previous solution time 1000 not found and nothing deleted.
No finite volume options present

Starting time loop

Time = 1

U0 initRes: 1.888481526292224e-06 finalRes: 9.520609125187095e-08 nIters: 3
U1 initRes: 6.467318855836001e-06 finalRes: 3.996824677303394e-07 nIters: 3
U2 initRes: 1.643363815713056e-05 finalRes: 1.407020327439852e-06 nIters: 2
p initRes: 0.0002585940714360725 finalRes: 2.194817996000098e-05 nIters: 1
Time step continuity errors : sum local = 0.0003733940164222893
                                 global = -2.952293470515938e-07
                             cumulative = -0.1057807746731297
T initRes: 1.617476882536905e-05 finalRes: 7.47317445045323e-07 nIters: 3
nuTilda initRes: 0.0002064047837738798 finalRes: 6.537423523577906e-06 nIters: 2
TP1: 88.11829524831406 final: 88.11829524831406
TP2: 35.77315082455281 final: 35.77315082455281
HFX: 301.8123314542877 final: 301.8123314542877
yPlus min: 1.85513035148498 max: 55.32427100498764 mean: 23.67056699489408
ExecutionTime = 42.36 s  ClockTime = 43 s

Time = 100

U0 initRes: 1.79732982219459e-06 finalRes: 9.329230729500675e-08 nIters: 3
U1 initRes: 5.024994580154608e-06 finalRes: 3.84741758941424e-07 nIters: 3
U2 initRes: 1.216033621790749e-05 finalRes: 1.12463221997424e-06 nIters: 2
p initRes: 0.0002262061940112865 finalRes: 1.324697833680261e-05 nIters: 1
Time step continuity errors : sum local = 0.0002253612221747482
                                 global = 1.128462969861437e-06
                             cumulative = -0.1057796462101598
T initRes: 1.582460785885833e-05 finalRes: 7.369592612089017e-07 nIters: 3
nuTilda initRes: 0.000261854359877341 finalRes: 5.937600092867027e-06 nIters: 2
TP1: 88.11833760693003 final: 88.11833760693003
TP2: 35.77316428244708 final: 35.77316428244708
HFX: 301.8127226964637 final: 301.8127226964637
yPlus min: 1.846900347468161 max: 55.32479519961123 mean: 23.66993638780655
ExecutionTime = 42.6 s  ClockTime = 43 s

Time = 200

U0 initRes: 1.791861930100579e-06 finalRes: 9.325124245313643e-08 nIters: 3
U1 initRes: 5.017660774909101e-06 finalRes: 3.844887136101785e-07 nIters: 3
U2 initRes: 1.212795686178131e-05 finalRes: 1.122447290206888e-06 nIters: 2
p initRes: 0.0002258312495738117 finalRes: 1.311768263525249e-05 nIters: 1
Time step continuity errors : sum local = 0.0002231615695947255
                                 global = 4.006249854654237e-07
                             cumulative = -0.1057792455851743
T initRes: 1.582023223770231e-05 finalRes: 7.369900946828712e-07 nIters: 3
nuTilda initRes: 0.0002618469971826513 finalRes: 5.937156512934645e-06 nIters: 2
TP1: 88.11832486920258 final: 88.11832486920258
TP2: 35.77315239623471 final: 35.77315239623471
HFX: 301.8127051012898 final: 301.8127051012898
yPlus min: 1.846897256443477 max: 55.32478894312987 mean: 23.66993354294577
ExecutionTime = 42.84 s  ClockTime = 44 s

Time = 300

U0 initRes: 1.791844393565464e-06 finalRes: 9.3243244701017e-08 nIters: 3
U1 initRes: 5.017700138522414e-06 finalRes: 3.844855655358e-07 nIters: 3
U2 initRes: 1.212804911555702e-05 finalRes: 1.12245402745835e-06 nIters: 2
p initRes: 0.000225829807635531 finalRes: 1.311431391716799e-05 nIters: 1
Time step continuity errors : sum local = 0.0002231042614971127
                                 global = 4.433504732203792e-07
                             cumulative = -0.1057788022347011
T initRes: 1.582019504425069e-05 finalRes: 7.369969925890347e-07 nIters: 3
nuTilda initRes: 0.0002618469337779667 finalRes: 5.937153026577292e-06 nIters: 2
TP1: 88.11832439160196 final: 88.11832439160196
TP2: 35.77315298426072 final: 35.77315298426072
HFX: 301.8127065858899 final: 301.8127065858899
yPlus min: 1.846896781500726 max: 55.32478932678528 mean: 23.66993368030022
ExecutionTime = 43.08 s  ClockTime = 44 s

Time = 400

U0 initRes: 1.791846162193141e-06 finalRes: 9.324363547371163e-08 nIters: 3
U1 initRes: 5.017692418799658e-06 finalRes: 3.844857422300275e-07 nIters: 3
U2 initRes: 1.21280358097416e-05 finalRes: 1.122453432403312e-06 nIters: 2
p initRes: 0.000225829668731363 finalRes: 1.311420067071457e-05 nIters: 1
Time step continuity errors : sum local = 0.0002231023351712047
                                 global = 4.504340613041768e-07
                             cumulative = -0.1057783518006398
T initRes: 1.582019475939749e-05 finalRes: 7.36997285803856e-07 nIters: 3
nuTilda initRes: 0.0002618469332829506 finalRes: 5.937154165595408e-06 nIters: 2
TP1: 88.11832466296637 final: 88.11832466296637
TP2: 35.77315308210139 final: 35.77315308210139
HFX: 301.8127067614751 final: 301.8127067614751
yPlus min: 1.846896817252429 max: 55.32478936229131 mean: 23.66993369367263
ExecutionTime = 43.31 s  ClockTime = 44 s

Time = 500

U0 initRes: 1.791846098106855e-06 finalRes: 9.324372720736012e-08 nIters: 3
U1 initRes: 5.017691508451848e-06 finalRes: 3.844857874530881e-07 nIters: 3
U2 initRes: 1.212803563199142e-05 finalRes: 1.122453208566368e-06 nIters: 2
p initRes: 0.000225829688833091 finalRes: 1.311416714077424e-05 nIters: 1
Time step continuity errors : sum local = 0.0002231017646723167
                                 global = 4.494904985977969e-07
                             cumulative = -0.1057779023101412
T initRes: 1.582019495618025e-05 finalRes: 7.369972129979893e-07 nIters: 3
nuTilda initRes: 0.0002618469334059102 finalRes: 5.937154107586726e-06 nIters: 2
TP1: 88.11832465856692 final: 88.11832465856692
TP2: 35.77315306865918 final: 35.77315306865918
HFX: 301.8127067208642 final: 301.8127067208642
yPlus min: 1.846896820242698 max: 55.32478935129374 mean: 23.6699336897981
ExecutionTime = 43.54 s  ClockTime = 44 s

Time = 600

U0 initRes: 1.791846184352204e-06 finalRes: 9.32437215848838e-08 nIters: 3
U1 initRes: 5.01769178891489e-06 finalRes: 3.844857852668423e-07 nIters: 3
U2 initRes: 1.212803597626037e-05 finalRes: 1.122453239241202e-06 nIters: 2
p initRes: 0.0002258296924899445 finalRes: 1.311416439443957e-05 nIters: 1
Time step continuity errors : sum local = 0.0002231017179671952
                                 global = 4.49435110835352e-07
                             cumulative = -0.1057774528750304
T initRes: 1.582019496361671e-05 finalRes: 7.369972044789654e-07 nIters: 3
nuTilda initRes: 0.0002618469334109802 finalRes: 5.937154093722161e-06 nIters: 2
TP1: 88.11832465323756 final: 88.11832465323756
TP2: 35.77315306784067 final: 35.77315306784067
HFX: 301.812706719732 final: 301.812706719732
yPlus min: 1.846896818884034 max: 55.32478935103994 mean: 23.669933689733
ExecutionTime = 43.78 s  ClockTime = 45 s

Time = 700

U0 initRes: 1.79184618854953e-06 finalRes: 9.324372079632345e-08 nIters: 3
U1 initRes: 5.017691799592885e-06 finalRes: 3.844857853324224e-07 nIters: 3
U2 initRes: 1.21280359637386e-05 finalRes: 1.122453240529398e-06 nIters: 2
p initRes: 0.0002258296920371254 finalRes: 1.311416460798913e-05 nIters: 1
Time step continuity errors : sum local = 0.0002231017215993453
                                 global = 4.494585829823103e-07
                             cumulative = -0.1057770034164474
T initRes: 1.582019496087845e-05 finalRes: 7.369972068199016e-07 nIters: 3
nuTilda initRes: 0.0002618469334101341 finalRes: 5.937154096353711e-06 nIters: 2
TP1: 88.11832465359574 final: 88.11832465359574
TP2: 35.77315306816896 final: 35.77315306816896
HFX: 301.8127067205759 final: 301.8127067205759
yPlus min: 1.846896818847567 max: 55.32478935124824 mean: 23.66993368980672
ExecutionTime = 44.01 s  ClockTime = 45 s

Time = 800

U0 initRes: 1.791846187068724e-06 finalRes: 9.324372101502564e-08 nIters: 3
U1 initRes: 5.017691794055993e-06 finalRes: 3.844857854494045e-07 nIters: 3
U2 initRes: 1.212803595766282e-05 finalRes: 1.122453239717451e-06 nIters: 2
p initRes: 0.0002258296920341733 finalRes: 1.311416460405704e-05 nIters: 1
Time step continuity errors : sum local = 0.0002231017215213937
                                 global = 4.494584853064649e-07
                             cumulative = -0.1057765539579621
T initRes: 1.582019495896287e-05 finalRes: 7.36997205139033e-07 nIters: 3
nuTilda initRes: 0.0002618469334101965 finalRes: 5.937154096546511e-06 nIters: 2
TP1: 88.11832465367877 final: 88.11832465367877
TP2: 35.77315306816773 final: 35.77315306816773
HFX: 301.8127067205476 final: 301.8127067205476
yPlus min: 1.84689681886916 max: 55.3247893512391 mean: 23.66993368980305
ExecutionTime = 44.25 s  ClockTime = 45 s

Time = 900

U0 initRes: 1.791846187159869e-06 finalRes: 9.324372101412878e-08 nIters: 3
U1 initRes: 5.017691794313954e-06 finalRes: 3.844857854466506e-07 nIters: 3
U2 initRes: 1.212803595804752e-05 finalRes: 1.122453239717002e-06 nIters: 2
p initRes: 0.0002258296920448909 finalRes: 1.311416459354522e-05 nIters: 1
Time step continuity errors : sum local = 0.0002231017213730735
                                 global = 4.494580309098139e-07
                             cumulative = -0.1057761044999312
T initRes: 1.582019495938875e-05 finalRes: 7.369972080476518e-07 nIters: 3
nuTilda initRes: 0.0002618469334102083 finalRes: 5.937154096480684e-06 nIters: 2
TP1: 88.11832465366589 final: 88.11832465366589
TP2: 35.77315306816133 final: 35.77315306816133
HFX: 301.8127067205303 final: 301.8127067205303
yPlus min: 1.846896818868208 max: 55.32478935123513 mean: 23.66993368980167
ExecutionTime = 44.49 s  ClockTime = 45 s

Time = 1000

U0 initRes: 1.791846187185566e-06 finalRes: 9.324372101526204e-08 nIters: 3
U1 initRes: 5.017691794374485e-06 finalRes: 3.844857854517738e-07 nIters: 3
U2 initRes: 1.212803595832575e-05 finalRes: 1.122453239730672e-06 nIters: 2
p initRes: 0.0002258296920470204 finalRes: 1.311416459677972e-05 nIters: 1
Time step continuity errors : sum local = 0.0002231017213308555
                                 global = 4.494580562500821e-07
                             cumulative = -0.1057756550418749
T initRes: 1.582019496103103e-05 finalRes: 7.369972062247499e-07 nIters: 3
nuTilda initRes: 0.0002618469334102017 finalRes: 5.937154096473837e-06 nIters: 2
TP1: 88.11832465366417 final: 88.11832465366417
TP2: 35.77315306816165 final: 35.77315306816165
HFX: 301.8127067205321 final: 301.8127067205321
yPlus min: 1.846896818867508 max: 55.32478935123549 mean: 23.66993368980178
ExecutionTime = 44.72 s  ClockTime = 46 s

End

Moving time 1000 to 0.001
Printing Primal Residual Statistics.
U Residual Norm2: (25.5256734955173 24.02622655821551 10.58397224111)
U Residual Mean: (0.03067960051924245 0.02708887545358494 0.01097876438164753)
U Residual Max: (13.58705231956787 10.93737551333669 8.331559170111742)
p Residual Norm2: 8.625697449137011
p Residual Mean: 0.01332774453234806
p Residual Max: 3.164758352835463
T Residual Norm2: 41.17471918138684
T Residual Mean: 0.04550977489790026
T Residual Max: 21.3652872862057
nuTilda Residual Norm2: 0.651324266508047
nuTilda Residual Mean: 0.0004285719827460819
nuTilda Residual Max: 0.5277790848695249
phi Residual Norm2: 0.0646193188012894
phi Residual Mean: 2.571916406267464e-05
phi Residual Max: 0.04467090752536032
Total Residual Norm2: 55.77659539209668
 
 
DAInputVolCoord. 
Setting volume coordinates. 
Checking mesh quality for time = 1000
    Overall domain bounding box (-2.356574066012391e-10 -0.09450000000000007 -2.117327715198646e-07) (0.8445000000000003 0.09450000000000008 0.03750000000000003)
    Mesh has 3 geometric (non-empty/wedge) directions (1 1 1)
    Mesh has 3 solution (non-empty) directions (1 1 1)
    Boundary openness (1.72932834448233e-17 -9.48188281594558e-18 -6.865914317504218e-17) OK.
    Max cell openness = 3.312370410221679e-16 OK.
    Max aspect ratio = 69.08288552271979 OK.
    Minimum face area = 1.673105643755863e-06. Maximum face area = 0.001155838025035126.  Face area magnitudes OK.
    Min volume = 5.87998496673159e-09. Max volume = 1.309214619197102e-05.  Total volume = 0.004719833248502172.  Cell volumes OK.
    Mesh non-orthogonality Max: 3.516836698716856 average: 0.2801694335358269
    Non-orthogonality check OK.
    Face pyramids OK.
    Max skewness = 0.2181344583913463 OK.
    Coupled point location match (average 0) OK.

Mesh OK.

Running Primal Solver 011
Previous solution time 1000 not found and nothing deleted.
No finite volume options present

Starting time loop

Time = 1

U0 initRes: 1.889381908123462e-06 finalRes: 9.47531336745472e-08 nIters: 3
U1 initRes: 6.553464648396138e-06 finalRes: 4.05367121618016e-07 nIters: 3
U2 initRes: 1.897700216532277e-05 finalRes: 1.5559640229209e-06 nIters: 2
p initRes: 0.0002609844528390112 finalRes: 2.459388305750452e-05 nIters: 1
Time step continuity errors : sum local = 0.0004184046740389051
                                 global = 4.706053335098662e-08
                             cumulative = -0.1057756079813416
T initRes: 1.621548642016147e-05 finalRes: 7.537450039250961e-07 nIters: 3
nuTilda initRes: 0.0002064468076619262 finalRes: 6.540905762046276e-06 nIters: 2
TP1: 88.11833554663262 final: 88.11833554663262
TP2: 35.77315407153146 final: 35.77315407153146
HFX: 301.8121874245275 final: 301.8121874245275
yPlus min: 1.855133824256387 max: 55.32526735414987 mean: 23.67058807838502
ExecutionTime = 44.84 s  ClockTime = 46 s

Time = 100

U0 initRes: 1.807604968313619e-06 finalRes: 9.433552962631727e-08 nIters: 3
U1 initRes: 5.058725023047714e-06 finalRes: 3.861637656477213e-07 nIters: 3
U2 initRes: 1.214530172092318e-05 finalRes: 1.115571733431599e-06 nIters: 2
p initRes: 0.000226475431983948 finalRes: 1.335708421390663e-05 nIters: 1
Time step continuity errors : sum local = 0.0002272311130974019
                                 global = -2.159017220503466e-06
                             cumulative = -0.1057777669985621
T initRes: 1.583064541705436e-05 finalRes: 7.380197762158311e-07 nIters: 3
nuTilda initRes: 0.0002616343976265613 finalRes: 5.936963804559573e-06 nIters: 2
TP1: 88.118287647221 final: 88.118287647221
TP2: 35.77314910891545 final: 35.77314910891545
HFX: 301.8107142487656 final: 301.8107142487656
yPlus min: 1.845050534479199 max: 55.32528589720264 mean: 23.66983910604494
ExecutionTime = 45.17 s  ClockTime = 46 s

Time = 200

U0 initRes: 1.792575094978226e-06 finalRes: 9.37817715574678e-08 nIters: 3
U1 initRes: 5.039559110951687e-06 finalRes: 3.863099119325801e-07 nIters: 3
U2 initRes: 1.203299816689474e-05 finalRes: 1.108252959465654e-06 nIters: 2
p initRes: 0.0002258698569736555 finalRes: 1.316664074776769e-05 nIters: 1
Time step continuity errors : sum local = 0.0002239911971458412
                                 global = 1.086038556012732e-06
                             cumulative = -0.1057766809600061
T initRes: 1.581282791179785e-05 finalRes: 7.37596079506622e-07 nIters: 3
nuTilda initRes: 0.0002615816470843881 finalRes: 5.933838816920309e-06 nIters: 2
TP1: 88.11845633583557 final: 88.11845633583557
TP2: 35.77319676864935 final: 35.77319676864935
HFX: 301.810782319956 final: 301.810782319956
yPlus min: 1.845059400273267 max: 55.32529851258681 mean: 23.66984191458867
ExecutionTime = 45.41 s  ClockTime = 46 s

Time = 300

U0 initRes: 1.792599462893719e-06 finalRes: 9.379402537510053e-08 nIters: 3
U1 initRes: 5.038682365269365e-06 finalRes: 3.863011003968111e-07 nIters: 3
U2 initRes: 1.203142446395427e-05 finalRes: 1.108117827546335e-06 nIters: 2
p initRes: 0.0002257701646384801 finalRes: 1.310035517726428e-05 nIters: 1
Time step continuity errors : sum local = 0.0002228634854325495
                                 global = -1.537397051730912e-07
                             cumulative = -0.1057768346997113
T initRes: 1.581233992442222e-05 finalRes: 7.376021280272002e-07 nIters: 3
nuTilda initRes: 0.0002615809757782321 finalRes: 5.933798401820424e-06 nIters: 2
TP1: 88.1184360878251 final: 88.1184360878251
TP2: 35.77317823173738 final: 35.77317823173738
HFX: 301.8107470319781 final: 301.8107470319781
yPlus min: 1.845062297920238 max: 55.32528910917555 mean: 23.66983808034909
ExecutionTime = 45.75 s  ClockTime = 47 s

Time = 400

U0 initRes: 1.792608180447049e-06 finalRes: 9.37929476235785e-08 nIters: 3
U1 initRes: 5.038688310886132e-06 finalRes: 3.863016651383856e-07 nIters: 3
U2 initRes: 1.203134289721137e-05 finalRes: 1.108120466212181e-06 nIters: 2
p initRes: 0.0002257678274386667 finalRes: 1.309725452790172e-05 nIters: 1
Time step continuity errors : sum local = 0.0002228107427798189
                                 global = -3.834362702240683e-08
                             cumulative = -0.1057768730433383
T initRes: 1.581233999218081e-05 finalRes: 7.376021769158922e-07 nIters: 3
nuTilda initRes: 0.00026158098705511 finalRes: 5.933803920465963e-06 nIters: 2
TP1: 88.11843963283034 final: 88.11843963283034
TP2: 35.77317985027174 final: 35.77317985027174
HFX: 301.8107509318112 final: 301.8107509318112
yPlus min: 1.84506255307352 max: 55.32529016439121 mean: 23.66983846457802
ExecutionTime = 46.1 s  ClockTime = 47 s

Time = 500

U0 initRes: 1.79259868920476e-06 finalRes: 9.379252038289961e-08 nIters: 3
U1 initRes: 5.038696160777628e-06 finalRes: 3.863016039369147e-07 nIters: 3
U2 initRes: 1.203133609141469e-05 finalRes: 1.108118879078448e-06 nIters: 2
p initRes: 0.0002257676981333211 finalRes: 1.309722648008587e-05 nIters: 1
Time step continuity errors : sum local = 0.0002228102651915568
                                 global = -4.969775896002237e-08
                             cumulative = -0.1057769227410972
T initRes: 1.581233856112797e-05 finalRes: 7.376020720724754e-07 nIters: 3
nuTilda initRes: 0.0002615809863692606 finalRes: 5.933802905398262e-06 nIters: 2
TP1: 88.11843921266015 final: 88.11843921266015
TP2: 35.77317968678013 final: 35.77317968678013
HFX: 301.8107506435114 final: 301.8107506435114
yPlus min: 1.845062498583135 max: 55.32529010078853 mean: 23.66983843954762
ExecutionTime = 46.43 s  ClockTime = 47 s

Time = 600

U0 initRes: 1.792601513321037e-06 finalRes: 9.379266555232473e-08 nIters: 3
U1 initRes: 5.038694791430858e-06 finalRes: 3.863016574754998e-07 nIters: 3
U2 initRes: 1.203133540974211e-05 finalRes: 1.108118976563896e-06 nIters: 2
p initRes: 0.0002257676843732571 finalRes: 1.309723599580211e-05 nIters: 1
Time step continuity errors : sum local = 0.0002228104270869659
                                 global = -4.974010286553934e-08
                             cumulative = -0.1057769724812001
T initRes: 1.581233867195279e-05 finalRes: 7.376021585096095e-07 nIters: 3
nuTilda initRes: 0.0002615809865972795 finalRes: 5.933803101801928e-06 nIters: 2
TP1: 88.11843925041471 final: 88.11843925041471
TP2: 35.77317968608163 final: 35.77317968608163
HFX: 301.8107506403285 final: 301.8107506403285
yPlus min: 1.8450625112132 max: 55.32529009812213 mean: 23.6698384379682
ExecutionTime = 46.78 s  ClockTime = 48 s

Time = 700

U0 initRes: 1.79260109853312e-06 finalRes: 9.379264225191333e-08 nIters: 3
U1 initRes: 5.038694983920735e-06 finalRes: 3.863016467515666e-07 nIters: 3
U2 initRes: 1.2031335314026e-05 finalRes: 1.108118974749577e-06 nIters: 2
p initRes: 0.0002257676907748456 finalRes: 1.309723011874494e-05 nIters: 1
Time step continuity errors : sum local = 0.0002228103270986687
                                 global = -4.957930420452565e-08
                             cumulative = -0.1057770220605043
T initRes: 1.581233866206662e-05 finalRes: 7.376021573566656e-07 nIters: 3
nuTilda initRes: 0.00026158098655225 finalRes: 5.933803081107385e-06 nIters: 2
TP1: 88.11843924989098 final: 88.11843924989098
TP2: 35.77317968840264 final: 35.77317968840264
HFX: 301.8107506467436 final: 301.8107506467436
yPlus min: 1.845062509643273 max: 55.32529010021486 mean: 23.66983843878036
ExecutionTime = 47.13 s  ClockTime = 48 s

Time = 800

U0 initRes: 1.792601149875951e-06 finalRes: 9.379264520496642e-08 nIters: 3
U1 initRes: 5.038694964628952e-06 finalRes: 3.863016480047978e-07 nIters: 3
U2 initRes: 1.20313353085718e-05 finalRes: 1.108118973510777e-06 nIters: 2
p initRes: 0.0002257676898905514 finalRes: 1.309723095239955e-05 nIters: 1
Time step continuity errors : sum local = 0.0002228103412767229
                                 global = -4.961872897174231e-08
                             cumulative = -0.1057770716792333
T initRes: 1.581233866187333e-05 finalRes: 7.376021577848919e-07 nIters: 3
nuTilda initRes: 0.0002615809865563461 finalRes: 5.933803083106788e-06 nIters: 2
TP1: 88.11843924940015 final: 88.11843924940015
TP2: 35.77317968784524 final: 35.77317968784524
HFX: 301.8107506454029 final: 301.8107506454029
yPlus min: 1.845062509787711 max: 55.32529009982391 mean: 23.66983843862538
ExecutionTime = 47.49 s  ClockTime = 48 s

Time = 900

U0 initRes: 1.7926011457718e-06 finalRes: 9.379264495398267e-08 nIters: 3
U1 initRes: 5.038694965355728e-06 finalRes: 3.863016478522415e-07 nIters: 3
U2 initRes: 1.203133530738767e-05 finalRes: 1.108118973884409e-06 nIters: 2
p initRes: 0.0002257676900035045 finalRes: 1.309723083372873e-05 nIters: 1
Time step continuity errors : sum local = 0.0002228103391893435
                                 global = -4.961263809290887e-08
                             cumulative = -0.1057771212918714
T initRes: 1.581233866463068e-05 finalRes: 7.376021571897522e-07 nIters: 3
nuTilda initRes: 0.0002615809865556314 finalRes: 5.933803083073296e-06 nIters: 2
TP1: 88.1184392495295 final: 88.1184392495295
TP2: 35.77317968793236 final: 35.77317968793236
HFX: 301.8107506456071 final: 301.8107506456071
yPlus min: 1.845062509781971 max: 55.3252900998813 mean: 23.6698384386472
ExecutionTime = 47.85 s  ClockTime = 49 s

Time = 1000

U0 initRes: 1.792601145848135e-06 finalRes: 9.379264496155777e-08 nIters: 3
U1 initRes: 5.038694965539939e-06 finalRes: 3.863016478732874e-07 nIters: 3
U2 initRes: 1.203133530723886e-05 finalRes: 1.108118973809541e-06 nIters: 2
p initRes: 0.0002257676899940967 finalRes: 1.30972308432428e-05 nIters: 1
Time step continuity errors : sum local = 0.0002228103394053127
                                 global = -4.961333839932248e-08
                             cumulative = -0.1057771709052098
T initRes: 1.58123386637939e-05 finalRes: 7.376021579797268e-07 nIters: 3
nuTilda initRes: 0.0002615809865556446 finalRes: 5.933803083060479e-06 nIters: 2
TP1: 88.11843924950946 final: 88.11843924950946
TP2: 35.77317968792246 final: 35.77317968792246
HFX: 301.8107506455846 final: 301.8107506455846
yPlus min: 1.84506250977869 max: 55.32529009987552 mean: 23.66983843864503
ExecutionTime = 48.2 s  ClockTime = 49 s

End

Moving time 1000 to 0.0011
Printing Primal Residual Statistics.
U Residual Norm2: (25.55106645347625 24.01063129501026 10.62690479207414)
U Residual Mean: (0.03059526628556689 0.02710900635639615 0.01095992325274635)
U Residual Max: (13.58382310008268 10.9259486647281 8.386238020989691)
p Residual Norm2: 8.616637945457036
p Residual Mean: 0.01332235501306715
p Residual Max: 3.161146595855996
T Residual Norm2: 41.16501228154736
T Residual Mean: 0.04547930856217999
T Residual Max: 21.39655403502606
nuTilda Residual Norm2: 0.6517167011247702
nuTilda Residual Mean: 0.0004285762774733526
nuTilda Residual Max: 0.5283715305922413
phi Residual Norm2: 0.06463373984142171
phi Residual Mean: 2.565499735150828e-05
phi Residual Max: 0.0446927679988986
Total Residual Norm2: 55.78110894699548
 
 
DAInputVolCoord. 
Setting volume coordinates. 
Checking mesh quality for time = 1000
    Overall domain bounding box (4.595958883109363e-38 -0.09450000000000007 -2.860057869282475e-08) (0.8445000000000003 0.09450000000000008 0.03750000000000003)
    Mesh has 3 geometric (non-empty/wedge) directions (1 1 1)
    Mesh has 3 solution (non-empty) directions (1 1 1)
    Boundary openness (9.833007723309736e-18 1.660268618632567e-17 -9.563938798353747e-17) OK.
    Max cell openness = 3.926535408060663e-16 OK.
    Max aspect ratio = 69.08288552329167 OK.
    Minimum face area = 1.672664896778189e-06. Maximum face area = 0.001155838203021552.  Face area magnitudes OK.
    Min volume = 5.879623034135623e-09. Max volume = 1.309214767445441e-05.  Total volume = 0.004719833559914944.  Cell volumes OK.
    Mesh non-orthogonality Max: 3.588794165157268 average: 0.2812934735562143
    Non-orthogonality check OK.
    Face pyramids OK.
    Max skewness = 0.2181493285641712 OK.
    Coupled point location match (average 0) OK.

Mesh OK.

Running Primal Solver 012
Previous solution time 1000 not found and nothing deleted.
No finite volume options present

Starting time loop

Time = 1

U0 initRes: 2.091667957443673e-06 finalRes: 1.046313565046155e-07 nIters: 3
U1 initRes: 1.385666079826334e-05 finalRes: 6.41921663402738e-07 nIters: 3
U2 initRes: 4.093873900281319e-05 finalRes: 2.961149579089486e-06 nIters: 2
p initRes: 0.0003755877373814342 finalRes: 2.701093982351272e-05 nIters: 2
Time step continuity errors : sum local = 0.0004595149972151293
                                 global = 4.401493662698245e-05
                             cumulative = -0.1057331559685828
T initRes: 1.811238493283965e-05 finalRes: 8.12170110309059e-07 nIters: 3
nuTilda initRes: 0.0002074864106480944 finalRes: 6.630584151016087e-06 nIters: 2
TP1: 88.11652675560491 final: 88.11652675560491
TP2: 35.77329030684822 final: 35.77329030684822
HFX: 301.8102188759443 final: 301.8102188759443
yPlus min: 1.856403510548364 max: 55.32486017615935 mean: 23.67051573359552
ExecutionTime = 48.33 s  ClockTime = 49 s

Time = 100

U0 initRes: 1.917858288646545e-06 finalRes: 9.828073701114514e-08 nIters: 3
U1 initRes: 5.190440628592363e-06 finalRes: 3.883381503724363e-07 nIters: 3
U2 initRes: 1.283623043218265e-05 finalRes: 1.148899153048107e-06 nIters: 2
p initRes: 0.0002287100527167626 finalRes: 1.392900999915353e-05 nIters: 1
Time step continuity errors : sum local = 0.0002369618143857594
                                 global = -2.2501423302519e-06
                             cumulative = -0.1057354061109131
T initRes: 1.592803821798799e-05 finalRes: 7.386362790218275e-07 nIters: 3
nuTilda initRes: 0.000262280839649301 finalRes: 5.988999414908655e-06 nIters: 2
TP1: 88.11854856047502 final: 88.11854856047502
TP2: 35.77314444385837 final: 35.77314444385837
HFX: 301.8116981823127 final: 301.8116981823127
yPlus min: 1.846295821807555 max: 55.32493525716013 mean: 23.66987976577409
ExecutionTime = 48.84 s  ClockTime = 50 s

Time = 200

U0 initRes: 1.796409627213491e-06 finalRes: 9.341405874310488e-08 nIters: 3
U1 initRes: 5.020793365833024e-06 finalRes: 3.846676982209349e-07 nIters: 3
U2 initRes: 1.214226977007148e-05 finalRes: 1.121731466512624e-06 nIters: 2
p initRes: 0.0002260184621429712 finalRes: 1.321997020506738e-05 nIters: 1
Time step continuity errors : sum local = 0.000224899468886094
                                 global = -2.612852190200237e-06
                             cumulative = -0.1057380189631033
T initRes: 1.582584125271757e-05 finalRes: 7.373295737824201e-07 nIters: 3
nuTilda initRes: 0.0002618765524446993 finalRes: 5.938832962081682e-06 nIters: 2
TP1: 88.11823231449448 final: 88.11823231449448
TP2: 35.77312993304362 final: 35.77312993304362
HFX: 301.8118112852099 final: 301.8118112852099
yPlus min: 1.846306782798115 max: 55.32497676612446 mean: 23.66988497953771
ExecutionTime = 49.23 s  ClockTime = 50 s

Time = 300

U0 initRes: 1.791686088616328e-06 finalRes: 9.316647129081629e-08 nIters: 3
U1 initRes: 5.015566180313034e-06 finalRes: 3.844349006514517e-07 nIters: 3
U2 initRes: 1.212548464389591e-05 finalRes: 1.122289338898995e-06 nIters: 2
p initRes: 0.0002258389559959659 finalRes: 1.308430322060378e-05 nIters: 1
Time step continuity errors : sum local = 0.0002225916480071597
                                 global = 1.734663080181933e-07
                             cumulative = -0.1057378454967953
T initRes: 1.582046008218581e-05 finalRes: 7.370579789993991e-07 nIters: 3
nuTilda initRes: 0.0002618663589133578 finalRes: 5.937328866465725e-06 nIters: 2
TP1: 88.11826845218171 final: 88.11826845218171
TP2: 35.77317044732958 final: 35.77317044732958
HFX: 301.8118960619009 final: 301.8118960619009
yPlus min: 1.846299983757962 max: 55.32499724527081 mean: 23.66989393391697
ExecutionTime = 49.62 s  ClockTime = 51 s

Time = 400

U0 initRes: 1.791695872923053e-06 finalRes: 9.316748638176949e-08 nIters: 3
U1 initRes: 5.015730947683606e-06 finalRes: 3.844414135415385e-07 nIters: 3
U2 initRes: 1.212573012860355e-05 finalRes: 1.122298133992575e-06 nIters: 2
p initRes: 0.0002258324966435057 finalRes: 1.307777303731841e-05 nIters: 1
Time step continuity errors : sum local = 0.0002224805488962801
                                 global = -1.044123863178177e-08
                             cumulative = -0.1057378559380339
T initRes: 1.582049438132025e-05 finalRes: 7.370289968656059e-07 nIters: 3
nuTilda initRes: 0.0002618662723052451 finalRes: 5.937311809034965e-06 nIters: 2
TP1: 88.11826163606105 final: 88.11826163606105
TP2: 35.7731678736441 final: 35.7731678736441
HFX: 301.8118884389837 final: 301.8118884389837
yPlus min: 1.846299225796771 max: 55.32499526860463 mean: 23.66989325137154
ExecutionTime = 50 s  ClockTime = 51 s

Time = 500

U0 initRes: 1.79168919925884e-06 finalRes: 9.316743757258701e-08 nIters: 3
U1 initRes: 5.015697302362309e-06 finalRes: 3.844416533502102e-07 nIters: 3
U2 initRes: 1.212569445148087e-05 finalRes: 1.122294988690939e-06 nIters: 2
p initRes: 0.0002258319831874081 finalRes: 1.307776205224455e-05 nIters: 1
Time step continuity errors : sum local = 0.00022248036209694
                                 global = -1.023079690231969e-08
                             cumulative = -0.1057378661688308
T initRes: 1.582049287270437e-05 finalRes: 7.370296241423673e-07 nIters: 3
nuTilda initRes: 0.0002618662673665495 finalRes: 5.937314540143629e-06 nIters: 2
TP1: 88.11826218869248 final: 88.11826218869248
TP2: 35.773167874295 final: 35.773167874295
HFX: 301.8118883475853 final: 301.8118883475853
yPlus min: 1.846299413908954 max: 55.32499523558579 mean: 23.66989323430046
ExecutionTime = 50.39 s  ClockTime = 51 s

Time = 600

U0 initRes: 1.791690083605767e-06 finalRes: 9.316742298326873e-08 nIters: 3
U1 initRes: 5.015701797864642e-06 finalRes: 3.844416100042627e-07 nIters: 3
U2 initRes: 1.212569787073728e-05 finalRes: 1.122295244312686e-06 nIters: 2
p initRes: 0.0002258319126419338 finalRes: 1.307778579325541e-05 nIters: 1
Time step continuity errors : sum local = 0.0002224807660994652
                                 global = -6.598170413631824e-09
                             cumulative = -0.1057378727670012
T initRes: 1.582049255629867e-05 finalRes: 7.370296332670462e-07 nIters: 3
nuTilda initRes: 0.0002618662678682034 finalRes: 5.937314142045158e-06 nIters: 2
TP1: 88.11826221596549 final: 88.11826221596549
TP2: 35.77316792607191 final: 35.77316792607191
HFX: 301.8118885037056 final: 301.8118885037056
yPlus min: 1.846299395913405 max: 55.3249952764759 mean: 23.66989325058142
ExecutionTime = 50.77 s  ClockTime = 52 s

Time = 700

U0 initRes: 1.791690051368677e-06 finalRes: 9.316742909873623e-08 nIters: 3
U1 initRes: 5.015701548895581e-06 finalRes: 3.844416202289875e-07 nIters: 3
U2 initRes: 1.212569770739025e-05 finalRes: 1.122295197554232e-06 nIters: 2
p initRes: 0.0002258319200730713 finalRes: 1.30777664542871e-05 nIters: 1
Time step continuity errors : sum local = 0.0002224804370491143
                                 global = -7.302740846041175e-09
                             cumulative = -0.1057378800697421
T initRes: 1.582049259708289e-05 finalRes: 7.370296303613273e-07 nIters: 3
nuTilda initRes: 0.0002618662677982486 finalRes: 5.937314153599947e-06 nIters: 2
TP1: 88.11826220010713 final: 88.11826220010713
TP2: 35.77316791607927 final: 35.77316791607927
HFX: 301.8118884766916 final: 301.8118884766916
yPlus min: 1.846299395833456 max: 55.32499526956775 mean: 23.6698932478653
ExecutionTime = 51.17 s  ClockTime = 52 s

Time = 800

U0 initRes: 1.791690041630657e-06 finalRes: 9.316742850091531e-08 nIters: 3
U1 initRes: 5.015701506157318e-06 finalRes: 3.844416197736381e-07 nIters: 3
U2 initRes: 1.212569765834989e-05 finalRes: 1.122295198878197e-06 nIters: 2
p initRes: 0.0002258319186020275 finalRes: 1.307776775052454e-05 nIters: 1
Time step continuity errors : sum local = 0.0002224804591343081
                                 global = -7.244414533382804e-09
                             cumulative = -0.1057378873141566
T initRes: 1.582049259474586e-05 finalRes: 7.370296309920581e-07 nIters: 3
nuTilda initRes: 0.0002618662678047945 finalRes: 5.937314160091089e-06 nIters: 2
TP1: 88.11826220241056 final: 88.11826220241056
TP2: 35.77316791690362 final: 35.77316791690362
HFX: 301.8118884785602 final: 301.8118884785602
yPlus min: 1.846299396144232 max: 55.32499527001652 mean: 23.66989324803471
ExecutionTime = 51.57 s  ClockTime = 52 s

Time = 900

U0 initRes: 1.791690042884049e-06 finalRes: 9.31674284522557e-08 nIters: 3
U1 initRes: 5.015701518902082e-06 finalRes: 3.84441619623199e-07 nIters: 3
U2 initRes: 1.212569767070445e-05 finalRes: 1.12229519976777e-06 nIters: 2
p initRes: 0.0002258319185364487 finalRes: 1.307776785597322e-05 nIters: 1
Time step continuity errors : sum local = 0.000222480460935146
                                 global = -7.241432624161508e-09
                             cumulative = -0.1057378945555892
T initRes: 1.582049259492695e-05 finalRes: 7.370296309907298e-07 nIters: 3
nuTilda initRes: 0.0002618662678057856 finalRes: 5.937314158741484e-06 nIters: 2
TP1: 88.11826220230509 final: 88.11826220230509
TP2: 35.77316791694631 final: 35.77316791694631
HFX: 301.8118884787402 final: 301.8118884787402
yPlus min: 1.846299396087997 max: 55.32499527006891 mean: 23.66989324805657
ExecutionTime = 51.96 s  ClockTime = 53 s

Time = 1000

U0 initRes: 1.791690042830629e-06 finalRes: 9.316742847029458e-08 nIters: 3
U1 initRes: 5.015701517380894e-06 finalRes: 3.844416196480875e-07 nIters: 3
U2 initRes: 1.212569766933033e-05 finalRes: 1.122295199609275e-06 nIters: 2
p initRes: 0.0002258319185773812 finalRes: 1.307776781592703e-05 nIters: 1
Time step continuity errors : sum local = 0.0002224804601875228
                                 global = -7.243114850286403e-09
                             cumulative = -0.105737901798704
T initRes: 1.582049259454705e-05 finalRes: 7.370296313884724e-07 nIters: 3
nuTilda initRes: 0.0002618662678053174 finalRes: 5.937314158841213e-06 nIters: 2
TP1: 88.11826220228068 final: 88.11826220228068
TP2: 35.77316791692239 final: 35.77316791692239
HFX: 301.8118884786725 final: 301.8118884786725
yPlus min: 1.846299396095246 max: 55.32499527005122 mean: 23.66989324804952
ExecutionTime = 52.35 s  ClockTime = 53 s

End

Moving time 1000 to 0.0012
Printing Primal Residual Statistics.
U Residual Norm2: (25.52885439950644 24.02726497550637 10.585193463936)
U Residual Mean: (0.03067754866219787 0.02707904054923555 0.01097784293795287)
U Residual Max: (13.58583287434258 10.93785196799243 8.332643197031857)
p Residual Norm2: 8.626019808410735
p Residual Mean: 0.01332823738992013
p Residual Max: 3.164605102967723
T Residual Norm2: 41.17829081329205
T Residual Mean: 0.04551270047932011
T Residual Max: 21.36805004096289
nuTilda Residual Norm2: 0.6514101533227971
nuTilda Residual Mean: 0.0004285954281947782
nuTilda Residual Max: 0.5278745727073685
phi Residual Norm2: 0.06463226689975236
phi Residual Mean: 2.571259153721502e-05
phi Residual Max: 0.04468230511637817
Total Residual Norm2: 55.78141764405304
 
 
DAInputVolCoord. 
Setting volume coordinates. 
Checking mesh quality for time = 1000
    Overall domain bounding box (-2.279569215913113e-09 -0.09450000000000007 -1.387237645938767e-07) (0.8445000000000003 0.09450000000000008 0.03750000000000003)
    Mesh has 3 geometric (non-empty/wedge) directions (1 1 1)
    Mesh has 3 solution (non-empty) directions (1 1 1)
    Boundary openness (7.442642459787942e-18 -1.228044168009695e-18 -7.01710997356051e-17) OK.
    Max cell openness = 4.917787965562811e-16 OK.
    Max aspect ratio = 69.08288552269123 OK.
    Minimum face area = 1.672668870318596e-06. Maximum face area = 0.001155838023550144.  Face area magnitudes OK.
    Min volume = 5.879941475950759e-09. Max volume = 1.309214646360851e-05.  Total volume = 0.004719833485409391.  Cell volumes OK.
    Mesh non-orthogonality Max: 3.512290115176801 average: 0.2796066515310728
    Non-orthogonality check OK.
    Face pyramids OK.
    Max skewness = 0.2181478580716823 OK.
    Coupled point location match (average 0) OK.

Mesh OK.

Running Primal Solver 013
Previous solution time 1000 not found and nothing deleted.
No finite volume options present

Starting time loop

Time = 1

U0 initRes: 2.332091259431452e-06 finalRes: 1.136384363649746e-07 nIters: 3
U1 initRes: 2.203196508512414e-05 finalRes: 8.832457930077992e-07 nIters: 3
U2 initRes: 6.830584935235962e-05 finalRes: 4.940673526397236e-06 nIters: 2
p initRes: 0.0005240877660044617 finalRes: 3.759740240724629e-05 nIters: 3
Time step continuity errors : sum local = 0.0006396279876504051
                                 global = 8.927923688778431e-05
                             cumulative = -0.1056486225618163
T initRes: 2.026877436721426e-05 finalRes: 8.835708083715027e-07 nIters: 3
nuTilda initRes: 0.0002085883506819414 finalRes: 6.702814844278055e-06 nIters: 2
TP1: 88.12574337188985 final: 88.12574337188985
TP2: 35.77334139715667 final: 35.77334139715667
HFX: 301.8111787734798 final: 301.8111787734798
yPlus min: 1.850420494882331 max: 55.3253770830965 mean: 23.67045266299271
ExecutionTime = 52.47 s  ClockTime = 53 s

Time = 100

U0 initRes: 1.961674993068851e-06 finalRes: 1.029793875151004e-07 nIters: 3
U1 initRes: 5.279400648754216e-06 finalRes: 3.886209115033325e-07 nIters: 3
U2 initRes: 1.317585546946808e-05 finalRes: 1.166703641052801e-06 nIters: 2
p initRes: 0.0002311444866246753 finalRes: 1.471629585344055e-05 nIters: 1
Time step continuity errors : sum local = 0.0002503566002485312
                                 global = 3.636240343918282e-06
                             cumulative = -0.1056449863214723
T initRes: 1.595829968692633e-05 finalRes: 7.498140223364814e-07 nIters: 3
nuTilda initRes: 0.0002622249057003656 finalRes: 5.989579801250813e-06 nIters: 2
TP1: 88.11801242115058 final: 88.11801242115058
TP2: 35.77318416902647 final: 35.77318416902647
HFX: 301.8117873845425 final: 301.8117873845425
yPlus min: 1.845585506920434 max: 55.32515336041474 mean: 23.66989281441541
ExecutionTime = 52.83 s  ClockTime = 54 s

Time = 200

U0 initRes: 1.799715158098255e-06 finalRes: 9.393562167476129e-08 nIters: 3
U1 initRes: 5.047902797767717e-06 finalRes: 3.862188312815595e-07 nIters: 3
U2 initRes: 1.207946018038719e-05 finalRes: 1.110831581872548e-06 nIters: 2
p initRes: 0.0002261402280871269 finalRes: 1.337551235329557e-05 nIters: 1
Time step continuity errors : sum local = 0.0002275470135579967
                                 global = 3.611997067495428e-06
                             cumulative = -0.1056413743244048
T initRes: 1.582221249838629e-05 finalRes: 7.374964820580722e-07 nIters: 3
nuTilda initRes: 0.0002615794558425753 finalRes: 5.93434892521976e-06 nIters: 2
TP1: 88.118550324815 final: 88.118550324815
TP2: 35.7732133217881 final: 35.7732133217881
HFX: 301.8116715881357 final: 301.8116715881357
yPlus min: 1.845651864254119 max: 55.32511188758477 mean: 23.66989098344962
ExecutionTime = 53.15 s  ClockTime = 54 s

Time = 300

U0 initRes: 1.793379876912685e-06 finalRes: 9.380021750334055e-08 nIters: 3
U1 initRes: 5.040704560988567e-06 finalRes: 3.862624694148064e-07 nIters: 3
U2 initRes: 1.203681931800554e-05 finalRes: 1.108082733592608e-06 nIters: 2
p initRes: 0.0002257953069397222 finalRes: 1.31754126517366e-05 nIters: 1
Time step continuity errors : sum local = 0.0002241426249931114
                                 global = -2.019542803146959e-07
                             cumulative = -0.1056415762786852
T initRes: 1.581383457085421e-05 finalRes: 7.374900350229348e-07 nIters: 3
nuTilda initRes: 0.0002615662380360898 finalRes: 5.933860651431633e-06 nIters: 2
TP1: 88.11849592360953 final: 88.11849592360953
TP2: 35.77316054271851 final: 35.77316054271851
HFX: 301.8115582468806 final: 301.8115582468806
yPlus min: 1.845658147984204 max: 55.32508104365789 mean: 23.66987761735066
ExecutionTime = 53.47 s  ClockTime = 54 s

Time = 400

U0 initRes: 1.793090566271926e-06 finalRes: 9.378616352524508e-08 nIters: 3
U1 initRes: 5.040703785978731e-06 finalRes: 3.862359288551234e-07 nIters: 3
U2 initRes: 1.203553377184161e-05 finalRes: 1.108102064612966e-06 nIters: 2
p initRes: 0.0002257687776821962 finalRes: 1.315108275742016e-05 nIters: 1
Time step continuity errors : sum local = 0.0002237287354971666
                                 global = 1.270954903373668e-07
                             cumulative = -0.1056414491831948
T initRes: 1.581362850765761e-05 finalRes: 7.375223889435818e-07 nIters: 3
nuTilda initRes: 0.0002615653321560394 finalRes: 5.933692023720958e-06 nIters: 2
TP1: 88.11850204858423 final: 88.11850204858423
TP2: 35.77316507819006 final: 35.77316507819006
HFX: 301.8115717058006 final: 301.8115717058006
yPlus min: 1.845657769854727 max: 55.32508471615305 mean: 23.66987894204794
ExecutionTime = 53.77 s  ClockTime = 55 s

Time = 500

U0 initRes: 1.793116245366264e-06 finalRes: 9.378577916939847e-08 nIters: 3
U1 initRes: 5.040672886191252e-06 finalRes: 3.862359022385309e-07 nIters: 3
U2 initRes: 1.203555086071953e-05 finalRes: 1.10810290405047e-06 nIters: 2
p initRes: 0.000225767548741616 finalRes: 1.315015494894385e-05 nIters: 1
Time step continuity errors : sum local = 0.0002237129496256542
                                 global = 7.81577491413253e-08
                             cumulative = -0.1056413710254457
T initRes: 1.581362282149169e-05 finalRes: 7.37519837650485e-07 nIters: 3
nuTilda initRes: 0.0002615653210172412 finalRes: 5.933692232106108e-06 nIters: 2
TP1: 88.11850116315033 final: 88.11850116315033
TP2: 35.77316437744715 final: 35.77316437744715
HFX: 301.811569812353 final: 301.811569812353
yPlus min: 1.845657891982322 max: 55.32508421998995 mean: 23.66987875686772
ExecutionTime = 54.08 s  ClockTime = 55 s

Time = 600

U0 initRes: 1.793114907081274e-06 finalRes: 9.378578867034947e-08 nIters: 3
U1 initRes: 5.040675602108033e-06 finalRes: 3.862358796053974e-07 nIters: 3
U2 initRes: 1.203554969195367e-05 finalRes: 1.108103325240232e-06 nIters: 2
p initRes: 0.0002257675470335293 finalRes: 1.314989224969834e-05 nIters: 1
Time step continuity errors : sum local = 0.000223708480783447
                                 global = 8.469459205423239e-08
                             cumulative = -0.1056412863308536
T initRes: 1.581362393072478e-05 finalRes: 7.375198815265578e-07 nIters: 3
nuTilda initRes: 0.0002615653223130419 finalRes: 5.933692249628241e-06 nIters: 2
TP1: 88.11850128782139 final: 88.11850128782139
TP2: 35.77316447070253 final: 35.77316447070253
HFX: 301.8115700540263 final: 301.8115700540263
yPlus min: 1.845657883952251 max: 55.32508428284664 mean: 23.66987878112889
ExecutionTime = 54.39 s  ClockTime = 55 s

Time = 700

U0 initRes: 1.793115050652369e-06 finalRes: 9.378578549437309e-08 nIters: 3
U1 initRes: 5.040675128138695e-06 finalRes: 3.862358828416107e-07 nIters: 3
U2 initRes: 1.203554976669181e-05 finalRes: 1.108103268466581e-06 nIters: 2
p initRes: 0.0002257675564748094 finalRes: 1.31499137928688e-05 nIters: 1
Time step continuity errors : sum local = 0.0002237088473130719
                                 global = 8.378823168269573e-08
                             cumulative = -0.1056412025426219
T initRes: 1.581362385294688e-05 finalRes: 7.375198781133976e-07 nIters: 3
nuTilda initRes: 0.0002615653222378929 finalRes: 5.933692254755508e-06 nIters: 2
TP1: 88.11850127100512 final: 88.11850127100512
TP2: 35.77316445780888 final: 35.77316445780888
HFX: 301.8115700208532 final: 301.8115700208532
yPlus min: 1.845657885108871 max: 55.32508427423283 mean: 23.66987877779178
ExecutionTime = 54.71 s  ClockTime = 56 s

Time = 800

U0 initRes: 1.793115028056172e-06 finalRes: 9.378578590351771e-08 nIters: 3
U1 initRes: 5.040675160423153e-06 finalRes: 3.862358813946538e-07 nIters: 3
U2 initRes: 1.203554973299267e-05 finalRes: 1.108103277318889e-06 nIters: 2
p initRes: 0.0002257675558383985 finalRes: 1.314990967079911e-05 nIters: 1
Time step continuity errors : sum local = 0.0002237087771604552
                                 global = 8.390925972288388e-08
                             cumulative = -0.1056411186333622
T initRes: 1.581362386774444e-05 finalRes: 7.375198802752537e-07 nIters: 3
nuTilda initRes: 0.0002615653222456198 finalRes: 5.933692253776387e-06 nIters: 2
TP1: 88.1185012734111 final: 88.1185012734111
TP2: 35.77316445952889 final: 35.77316445952889
HFX: 301.8115700252548 final: 301.8115700252548
yPlus min: 1.845657884991556 max: 55.32508427537947 mean: 23.66987877823394
ExecutionTime = 55.03 s  ClockTime = 56 s

Time = 900

U0 initRes: 1.793115030758994e-06 finalRes: 9.378578584703623e-08 nIters: 3
U1 initRes: 5.04067515434564e-06 finalRes: 3.862358815382484e-07 nIters: 3
U2 initRes: 1.203554973761314e-05 finalRes: 1.108103276239028e-06 nIters: 2
p initRes: 0.0002257675560096519 finalRes: 1.31499101181452e-05 nIters: 1
Time step continuity errors : sum local = 0.0002237087847359563
                                 global = 8.389331734050701e-08
                             cumulative = -0.1056410347400449
T initRes: 1.581362386656762e-05 finalRes: 7.375198795348209e-07 nIters: 3
nuTilda initRes: 0.000261565322244789 finalRes: 5.933692253822323e-06 nIters: 2
TP1: 88.1185012730875 final: 88.1185012730875
TP2: 35.77316445930238 final: 35.77316445930238
HFX: 301.8115700246698 final: 301.8115700246698
yPlus min: 1.845657885007055 max: 55.3250842752274 mean: 23.66987877817578
ExecutionTime = 55.36 s  ClockTime = 56 s

Time = 1000

U0 initRes: 1.793115030395066e-06 finalRes: 9.378578584659748e-08 nIters: 3
U1 initRes: 5.040675154994744e-06 finalRes: 3.862358815191464e-07 nIters: 3
U2 initRes: 1.203554973718701e-05 finalRes: 1.108103276362737e-06 nIters: 2
p initRes: 0.0002257675560005589 finalRes: 1.314991005197158e-05 nIters: 1
Time step continuity errors : sum local = 0.0002237087837051486
                                 global = 8.38954771995907e-08
                             cumulative = -0.1056409508445677
T initRes: 1.581362386617726e-05 finalRes: 7.375198805071284e-07 nIters: 3
nuTilda initRes: 0.0002615653222450049 finalRes: 5.933692253841777e-06 nIters: 2
TP1: 88.11850127313289 final: 88.11850127313289
TP2: 35.7731644593331 final: 35.7731644593331
HFX: 301.811570024748 final: 301.811570024748
yPlus min: 1.845657885004943 max: 55.32508427524775 mean: 23.66987877818357
ExecutionTime = 55.68 s  ClockTime = 57 s

End

Moving time 1000 to 0.0013
Printing Primal Residual Statistics.
U Residual Norm2: (25.54817909343299 24.00971381127604 10.62570630210045)
U Residual Mean: (0.03059338308563494 0.02711053527057233 0.0109612809982094)
U Residual Max: (13.58495768941018 10.9255221139626 8.385157399362967)
p Residual Norm2: 8.616503614831995
p Residual Mean: 0.0133225564823748
p Residual Max: 3.161267733543646
T Residual Norm2: 41.16177845957506
T Residual Mean: 0.04547606999553021
T Residual Max: 21.39379411127553
nuTilda Residual Norm2: 0.6516317826565445
nuTilda Residual Mean: 0.0004285536092787222
nuTilda Residual Max: 0.5282765487698837
phi Residual Norm2: 0.0646229364290075
phi Residual Mean: 2.565738280494687e-05
phi Residual Max: 0.04468365431017127
Total Residual Norm2: 55.77675490122776
 
 
DAInputVolCoord. 
Setting volume coordinates. 
Checking mesh quality for time = 1000
    Overall domain bounding box (-1.476187867128126e-11 -0.09450000000000007 -9.253463357996541e-07) (0.8445000000000003 0.09450000000000008 0.03750000000000003)
    Mesh has 3 geometric (non-empty/wedge) directions (1 1 1)
    Mesh has 3 solution (non-empty) directions (1 1 1)
    Boundary openness (7.18011853631106e-18 2.36712939822269e-19 -6.041098658975673e-17) OK.
    Max cell openness = 3.610063410186086e-16 OK.
    Max aspect ratio = 69.08288552229804 OK.
    Minimum face area = 1.673116716031851e-06. Maximum face area = 0.001155838046671265.  Face area magnitudes OK.
    Min volume = 5.879981431172819e-09. Max volume = 1.309214801274107e-05.  Total volume = 0.004719837210301035.  Cell volumes OK.
    Mesh non-orthogonality Max: 3.51230330228181 average: 0.280073238476695
    Non-orthogonality check OK.
    Face pyramids OK.
    Max skewness = 0.2181543294197012 OK.
    Coupled point location match (average 0) OK.

Mesh OK.

Running Primal Solver 014
Previous solution time 1000 not found and nothing deleted.
No finite volume options present

Starting time loop

Time = 1

U0 initRes: 2.08635979037919e-06 finalRes: 1.043603210293042e-07 nIters: 3
U1 initRes: 1.417574044728087e-05 finalRes: 6.40597503266009e-07 nIters: 3
U2 initRes: 4.149563523853308e-05 finalRes: 3.049363692526282e-06 nIters: 2
p initRes: 0.0003828603467041013 finalRes: 2.928927815883203e-05 nIters: 2
Time step continuity errors : sum local = 0.0004982812091466097
                                 global = 8.955767292265416e-05
                             cumulative = -0.105551393171645
T initRes: 1.816751004658356e-05 finalRes: 8.097741641431152e-07 nIters: 3
nuTilda initRes: 0.0002074978779857822 finalRes: 6.629911370044347e-06 nIters: 2
TP1: 88.11548660611642 final: 88.11548660611642
TP2: 35.77338891733911 final: 35.77338891733911
HFX: 301.8110135536754 final: 301.8110135536754
yPlus min: 1.85700629651975 max: 55.32605816733377 mean: 23.67055538757814
ExecutionTime = 55.81 s  ClockTime = 57 s

Time = 100

U0 initRes: 1.938241239514342e-06 finalRes: 9.617707758928068e-08 nIters: 3
U1 initRes: 5.222515966293388e-06 finalRes: 3.895817429178327e-07 nIters: 3
U2 initRes: 1.288060462202069e-05 finalRes: 1.166051051216826e-06 nIters: 2
p initRes: 0.0002301497070923051 finalRes: 1.477507795939726e-05 nIters: 1
Time step continuity errors : sum local = 0.0002513535887114035
                                 global = -2.748673440405325e-06
                             cumulative = -0.1055541418450854
T initRes: 1.594487655844488e-05 finalRes: 7.391560128317994e-07 nIters: 3
nuTilda initRes: 0.0002621953542707104 finalRes: 5.97772401695508e-06 nIters: 2
TP1: 88.11862456082343 final: 88.11862456082343
TP2: 35.77313998868367 final: 35.77313998868367
HFX: 301.8110825818281 final: 301.8110825818281
yPlus min: 1.845820557477922 max: 55.32917930619917 mean: 23.66983148571659
ExecutionTime = 56.12 s  ClockTime = 57 s

Time = 200

U0 initRes: 1.806947168207317e-06 finalRes: 9.407137261177302e-08 nIters: 3
U1 initRes: 5.037380715786384e-06 finalRes: 3.853890537565709e-07 nIters: 3
U2 initRes: 1.218172726637085e-05 finalRes: 1.122705916052738e-06 nIters: 2
p initRes: 0.00022648453875337 finalRes: 1.344656637264301e-05 nIters: 1
Time step continuity errors : sum local = 0.000228752867463498
                                 global = 1.349749474547782e-06
                             cumulative = -0.1055527920956109
T initRes: 1.583444847680445e-05 finalRes: 7.375165821390004e-07 nIters: 3
nuTilda initRes: 0.0002619097320404459 finalRes: 5.940485304887872e-06 nIters: 2
TP1: 88.11859214244907 final: 88.11859214244907
TP2: 35.77318278482013 final: 35.77318278482013
HFX: 301.8112257425062 final: 301.8112257425062
yPlus min: 1.845783571273123 max: 55.32918725520788 mean: 23.66984064885846
ExecutionTime = 56.43 s  ClockTime = 58 s

Time = 300

U0 initRes: 1.792660307712926e-06 finalRes: 9.326454258944912e-08 nIters: 3
U1 initRes: 5.019089981221269e-06 finalRes: 3.845539923273542e-07 nIters: 3
U2 initRes: 1.213552399514332e-05 finalRes: 1.122770782467894e-06 nIters: 2
p initRes: 0.0002259102229214801 finalRes: 1.313432424624654e-05 nIters: 1
Time step continuity errors : sum local = 0.0002234410032142169
                                 global = 2.158243745605231e-07
                             cumulative = -0.1055525762712363
T initRes: 1.582315293635322e-05 finalRes: 7.370821359505619e-07 nIters: 3
nuTilda initRes: 0.0002618889774747844 finalRes: 5.937793153007242e-06 nIters: 2
TP1: 88.11853141381123 final: 88.11853141381123
TP2: 35.77317157853779 final: 35.77317157853779
HFX: 301.8111807220842 final: 301.8111807220842
yPlus min: 1.845765182801916 max: 55.32918719542469 mean: 23.66983748245773
ExecutionTime = 56.74 s  ClockTime = 58 s

Time = 400

U0 initRes: 1.792268109348453e-06 finalRes: 9.323633001711255e-08 nIters: 3
U1 initRes: 5.017707827417667e-06 finalRes: 3.845007653982017e-07 nIters: 3
U2 initRes: 1.213110758540698e-05 finalRes: 1.122666088558714e-06 nIters: 2
p initRes: 0.000225862231697544 finalRes: 1.312229225561943e-05 nIters: 1
Time step continuity errors : sum local = 0.0002232363304007921
                                 global = 4.034425400952289e-07
                             cumulative = -0.1055521728286962
T initRes: 1.582294666357105e-05 finalRes: 7.370702701106857e-07 nIters: 3
nuTilda initRes: 0.0002618883058261675 finalRes: 5.937750397544155e-06 nIters: 2
TP1: 88.11852626133725 final: 88.11852626133725
TP2: 35.773174112625 final: 35.773174112625
HFX: 301.811186017664 final: 301.811186017664
yPlus min: 1.845764370409803 max: 55.32918790913185 mean: 23.66983795902538
ExecutionTime = 57.06 s  ClockTime = 58 s

Time = 500

U0 initRes: 1.792251432017873e-06 finalRes: 9.323530096966862e-08 nIters: 3
U1 initRes: 5.017727585281139e-06 finalRes: 3.845028109170457e-07 nIters: 3
U2 initRes: 1.213111035897051e-05 finalRes: 1.12266329591375e-06 nIters: 2
p initRes: 0.0002258627185536199 finalRes: 1.312108307927171e-05 nIters: 1
Time step continuity errors : sum local = 0.0002232157609270851
                                 global = 4.376234652153617e-07
                             cumulative = -0.105551735205231
T initRes: 1.582293199146273e-05 finalRes: 7.370719873474436e-07 nIters: 3
nuTilda initRes: 0.0002618883001121045 finalRes: 5.937755310575613e-06 nIters: 2
TP1: 88.11852719551311 final: 88.11852719551311
TP2: 35.7731746072841 final: 35.7731746072841
HFX: 301.8111870405678 final: 301.8111870405678
yPlus min: 1.845764429491455 max: 55.32918815465605 mean: 23.66983804271295
ExecutionTime = 57.38 s  ClockTime = 59 s

Time = 600

U0 initRes: 1.792250306540027e-06 finalRes: 9.323570782513901e-08 nIters: 3
U1 initRes: 5.017721630995729e-06 finalRes: 3.845030692638122e-07 nIters: 3
U2 initRes: 1.213110348063131e-05 finalRes: 1.122662041820146e-06 nIters: 2
p initRes: 0.0002258626570104633 finalRes: 1.312109285743822e-05 nIters: 1
Time step continuity errors : sum local = 0.0002232159271477159
                                 global = 4.357587211308136e-07
                             cumulative = -0.1055512994465099
T initRes: 1.582293221664988e-05 finalRes: 7.370719680906694e-07 nIters: 3
nuTilda initRes: 0.0002618883003146665 finalRes: 5.937755330993124e-06 nIters: 2
TP1: 88.11852726501183 final: 88.11852726501183
TP2: 35.77317458182571 final: 35.77317458182571
HFX: 301.8111869462227 final: 301.8111869462227
yPlus min: 1.845764454999099 max: 55.32918812594938 mean: 23.66983803208804
ExecutionTime = 57.7 s  ClockTime = 59 s

Time = 700

U0 initRes: 1.792250356014106e-06 finalRes: 9.323570737567657e-08 nIters: 3
U1 initRes: 5.017722226529136e-06 finalRes: 3.845030641704078e-07 nIters: 3
U2 initRes: 1.213110427259514e-05 finalRes: 1.12266207039411e-06 nIters: 2
p initRes: 0.0002258626559400383 finalRes: 1.312109980185523e-05 nIters: 1
Time step continuity errors : sum local = 0.0002232160452307907
                                 global = 4.352064124634495e-07
                             cumulative = -0.1055508642400974
T initRes: 1.582293238329454e-05 finalRes: 7.370719161176704e-07 nIters: 3
nuTilda initRes: 0.0002618883004120476 finalRes: 5.937755253306904e-06 nIters: 2
TP1: 88.11852724542412 final: 88.11852724542412
TP2: 35.7731745740362 final: 35.7731745740362
HFX: 301.8111869273678 final: 301.8111869273678
yPlus min: 1.845764451747313 max: 55.3291881213966 mean: 23.66983803057571
ExecutionTime = 58.01 s  ClockTime = 59 s

Time = 800

U0 initRes: 1.792250373593518e-06 finalRes: 9.323570057035468e-08 nIters: 3
U1 initRes: 5.017722394412022e-06 finalRes: 3.845030623705064e-07 nIters: 3
U2 initRes: 1.213110438471125e-05 finalRes: 1.122662090437121e-06 nIters: 2
p initRes: 0.0002258626574861226 finalRes: 1.312109874219184e-05 nIters: 1
Time step continuity errors : sum local = 0.0002232160272704771
                                 global = 4.352505076947703e-07
                             cumulative = -0.1055504289895897
T initRes: 1.582293237487869e-05 finalRes: 7.370719160655604e-07 nIters: 3
nuTilda initRes: 0.0002618883004065086 finalRes: 5.937755254736608e-06 nIters: 2
TP1: 88.11852724408642 final: 88.11852724408642
TP2: 35.77317457465033 final: 35.77317457465033
HFX: 301.8111869292135 final: 301.8111869292135
yPlus min: 1.845764451102253 max: 55.32918812194489 mean: 23.66983803077186
ExecutionTime = 58.32 s  ClockTime = 59 s

Time = 900

U0 initRes: 1.792250372429591e-06 finalRes: 9.323570069396714e-08 nIters: 3
U1 initRes: 5.017722387461103e-06 finalRes: 3.845030627462235e-07 nIters: 3
U2 initRes: 1.213110436904414e-05 finalRes: 1.122662089605607e-06 nIters: 2
p initRes: 0.0002258626575859657 finalRes: 1.312109852731636e-05 nIters: 1
Time step continuity errors : sum local = 0.0002232160236694212
                                 global = 4.352613157029867e-07
                             cumulative = -0.105549993728274
T initRes: 1.582293237148331e-05 finalRes: 7.370719167957524e-07 nIters: 3
nuTilda initRes: 0.0002618883004048786 finalRes: 5.937755256357118e-06 nIters: 2
TP1: 88.11852724444944 final: 88.11852724444944
TP2: 35.77317457480357 final: 35.77317457480357
HFX: 301.811186929554 final: 301.811186929554
yPlus min: 1.84576445115126 max: 55.32918812202479 mean: 23.66983803079794
ExecutionTime = 58.64 s  ClockTime = 60 s

Time = 1000

U0 initRes: 1.792250372179173e-06 finalRes: 9.323570082708781e-08 nIters: 3
U1 initRes: 5.017722384782592e-06 finalRes: 3.84503062788702e-07 nIters: 3
U2 initRes: 1.213110436704562e-05 finalRes: 1.122662089247051e-06 nIters: 2
p initRes: 0.0002258626575609529 finalRes: 1.31210985379123e-05 nIters: 1
Time step continuity errors : sum local = 0.0002232160238136548
                                 global = 4.352604663415101e-07
                             cumulative = -0.1055495584678077
T initRes: 1.582293237180953e-05 finalRes: 7.370719179147652e-07 nIters: 3
nuTilda initRes: 0.0002618883004050018 finalRes: 5.937755256340949e-06 nIters: 2
TP1: 88.11852724447057 final: 88.11852724447057
TP2: 35.77317457479172 final: 35.77317457479172
HFX: 301.8111869295157 final: 301.8111869295157
yPlus min: 1.84576445116049 max: 55.32918812201369 mean: 23.66983803079396
ExecutionTime = 58.97 s  ClockTime = 60 s

End

Moving time 1000 to 0.0014
Printing Primal Residual Statistics.
U Residual Norm2: (25.53010232353833 24.02829133723099 10.58811139591952)
U Residual Mean: (0.03067874898158082 0.02708530292410411 0.01097818792321797)
U Residual Max: (13.58694248261277 10.93854874082069 8.33568739455813)
p Residual Norm2: 8.626286450726917
p Residual Mean: 0.01332825139351549
p Residual Max: 3.164384662749313
T Residual Norm2: 41.18452024383854
T Residual Mean: 0.0455140333441905
T Residual Max: 21.37651175449986
nuTilda Residual Norm2: 0.6516369026132385
nuTilda Residual Mean: 0.0004286184213475332
nuTilda Residual Max: 0.5281456787909273
phi Residual Norm2: 0.06462383175197692
phi Residual Mean: 2.571857012493814e-05
phi Residual Max: 0.0446714333862983
Total Residual Norm2: 55.78762716505523
 
 
DAInputVolCoord. 
Setting volume coordinates. 
Checking mesh quality for time = 1000
    Overall domain bounding box (-1.057719717809932e-10 -0.09450000000000007 -3.866094578222212e-07) (0.8445000000000003 0.09450000000000008 0.03750000000000003)
    Mesh has 3 geometric (non-empty/wedge) directions (1 1 1)
    Mesh has 3 solution (non-empty) directions (1 1 1)
    Boundary openness (-2.902856270352244e-18 1.12752908090908e-17 -1.150953314414998e-16) OK.
    Max cell openness = 4.198331785793153e-16 OK.
    Max aspect ratio = 69.08288552368603 OK.
    Minimum face area = 1.673116305108117e-06. Maximum face area = 0.001155838040968327.  Face area magnitudes OK.
    Min volume = 5.879984968721253e-09. Max volume = 1.309214586205377e-05.  Total volume = 0.00471982983513016.  Cell volumes OK.
    Mesh non-orthogonality Max: 3.512316123423137 average: 0.2800882252987181
    Non-orthogonality check OK.
    Face pyramids OK.
    Max skewness = 0.2181468419684923 OK.
    Coupled point location match (average 0) OK.

Mesh OK.

Running Primal Solver 015
Previous solution time 1000 not found and nothing deleted.
No finite volume options present

Starting time loop

Time = 1

U0 initRes: 2.094245691240994e-06 finalRes: 9.678969036246998e-08 nIters: 3
U1 initRes: 6.695981324967664e-06 finalRes: 3.933199268293835e-07 nIters: 3
U2 initRes: 2.343413085304777e-05 finalRes: 1.415041683114038e-06 nIters: 2
p initRes: 0.0002803428744664915 finalRes: 1.212447444412691e-05 nIters: 2
Time step continuity errors : sum local = 0.0002062633878933034
                                 global = 7.41453140095283e-07
                             cumulative = -0.1055488170146676
T initRes: 1.650849561376108e-05 finalRes: 7.496696436400649e-07 nIters: 3
nuTilda initRes: 0.0002066819259267614 finalRes: 6.568131309406802e-06 nIters: 2
TP1: 88.11853029713433 final: 88.11853029713433
TP2: 35.77317701620559 final: 35.77317701620559
HFX: 301.8106179683074 final: 301.8106179683074
yPlus min: 1.853672899697519 max: 55.32687627216541 mean: 23.67048586074673
ExecutionTime = 59.11 s  ClockTime = 60 s

Time = 100

U0 initRes: 1.829478095373391e-06 finalRes: 9.580243487601906e-08 nIters: 3
U1 initRes: 5.085608405072669e-06 finalRes: 3.878338733087773e-07 nIters: 3
U2 initRes: 1.22275830005223e-05 finalRes: 1.113729954600996e-06 nIters: 2
p initRes: 0.0002270515964831617 finalRes: 1.371127232447633e-05 nIters: 1
Time step continuity errors : sum local = 0.0002332601328517156
                                 global = 2.232690186387239e-06
                             cumulative = -0.1055465843244812
T initRes: 1.583508056560827e-05 finalRes: 7.373112650986458e-07 nIters: 3
nuTilda initRes: 0.0002616602340259333 finalRes: 5.950122054417468e-06 nIters: 2
TP1: 88.11842409812704 final: 88.11842409812704
TP2: 35.77319280983936 final: 35.77319280983936
HFX: 301.8122193857504 final: 301.8122193857504
yPlus min: 1.846234473533546 max: 55.32087606934243 mean: 23.66993432454279
ExecutionTime = 59.43 s  ClockTime = 61 s

Time = 200

U0 initRes: 1.793165779484256e-06 finalRes: 9.381158450488133e-08 nIters: 3
U1 initRes: 5.037714687013102e-06 finalRes: 3.862653728281253e-07 nIters: 3
U2 initRes: 1.203072954905185e-05 finalRes: 1.107390642148051e-06 nIters: 2
p initRes: 0.0002258755083998536 finalRes: 1.316647901592183e-05 nIters: 1
Time step continuity errors : sum local = 0.0002239919755491267
                                 global = -1.106442475804501e-06
                             cumulative = -0.105547690766957
T initRes: 1.580755876585319e-05 finalRes: 7.37518921234748e-07 nIters: 3
nuTilda initRes: 0.0002615438321478495 finalRes: 5.933763766808489e-06 nIters: 2
TP1: 88.11821374443073 final: 88.11821374443073
TP2: 35.77313964504014 final: 35.77313964504014
HFX: 301.8122319230537 final: 301.8122319230537
yPlus min: 1.846197634922101 max: 55.32088012703222 mean: 23.6699299415186
ExecutionTime = 59.73 s  ClockTime = 61 s

Time = 300

U0 initRes: 1.79176778976985e-06 finalRes: 9.375909689354566e-08 nIters: 3
U1 initRes: 5.036573753130658e-06 finalRes: 3.861855605640706e-07 nIters: 3
U2 initRes: 1.202722340744745e-05 finalRes: 1.107663378361741e-06 nIters: 2
p initRes: 0.0002257389627872149 finalRes: 1.304945122602418e-05 nIters: 1
Time step continuity errors : sum local = 0.0002220011519613327
                                 global = 2.387515008377057e-07
                             cumulative = -0.1055474520154562
T initRes: 1.580664284744086e-05 finalRes: 7.374758085706505e-07 nIters: 3
nuTilda initRes: 0.0002615399679890717 finalRes: 5.93317242128045e-06 nIters: 2
TP1: 88.11824215535529 final: 88.11824215535529
TP2: 35.77316022062448 final: 35.77316022062448
HFX: 301.8122752064988 final: 301.8122752064988
yPlus min: 1.846195984652919 max: 55.32089219861695 mean: 23.66993467901475
ExecutionTime = 60.05 s  ClockTime = 61 s

Time = 400

U0 initRes: 1.791720271988343e-06 finalRes: 9.375313839838733e-08 nIters: 3
U1 initRes: 5.036545779190381e-06 finalRes: 3.861864916312495e-07 nIters: 3
U2 initRes: 1.202720313569059e-05 finalRes: 1.107652225475856e-06 nIters: 2
p initRes: 0.0002257242879687652 finalRes: 1.30401993504221e-05 nIters: 1
Time step continuity errors : sum local = 0.000221843750133045
                                 global = 7.242889928351448e-08
                             cumulative = -0.1055473795865569
T initRes: 1.580662859893076e-05 finalRes: 7.374660849628297e-07 nIters: 3
nuTilda initRes: 0.0002615399199846997 finalRes: 5.933165730514589e-06 nIters: 2
TP1: 88.1182377171959 final: 88.1182377171959
TP2: 35.77315796450642 final: 35.77315796450642
HFX: 301.8122688306916 final: 301.8122688306916
yPlus min: 1.846195818111332 max: 55.32089055212311 mean: 23.66993408098183
ExecutionTime = 60.37 s  ClockTime = 62 s

Time = 500

U0 initRes: 1.791720903296781e-06 finalRes: 9.375314580903659e-08 nIters: 3
U1 initRes: 5.036540568599064e-06 finalRes: 3.861860796427679e-07 nIters: 3
U2 initRes: 1.202719756047506e-05 finalRes: 1.107655128472238e-06 nIters: 2
p initRes: 0.0002257241157477958 finalRes: 1.304031738539311e-05 nIters: 1
Time step continuity errors : sum local = 0.0002218457592313141
                                 global = 9.304054417060688e-08
                             cumulative = -0.1055472865460127
T initRes: 1.580662943556422e-05 finalRes: 7.374662327811414e-07 nIters: 3
nuTilda initRes: 0.0002615399166666157 finalRes: 5.933166327999097e-06 nIters: 2
TP1: 88.11823831492615 final: 88.11823831492615
TP2: 35.77315825941635 final: 35.77315825941635
HFX: 301.8122694866997 final: 301.8122694866997
yPlus min: 1.846195864675253 max: 55.32089072728267 mean: 23.66993414768253
ExecutionTime = 60.7 s  ClockTime = 62 s

Time = 600

U0 initRes: 1.791721063024811e-06 finalRes: 9.375314945902022e-08 nIters: 3
U1 initRes: 5.036542860113742e-06 finalRes: 3.861861091557306e-07 nIters: 3
U2 initRes: 1.202719591613229e-05 finalRes: 1.107654825910784e-06 nIters: 2
p initRes: 0.0002257240891157716 finalRes: 1.304025314711676e-05 nIters: 1
Time step continuity errors : sum local = 0.0002218446661994681
                                 global = 9.064294821981914e-08
                             cumulative = -0.1055471959030645
T initRes: 1.580662938607994e-05 finalRes: 7.37466104259786e-07 nIters: 3
nuTilda initRes: 0.0002615399163325945 finalRes: 5.933166088256791e-06 nIters: 2
TP1: 88.11823821852047 final: 88.11823821852047
TP2: 35.77315822545125 final: 35.77315822545125
HFX: 301.812269408341 final: 301.812269408341
yPlus min: 1.846195853427925 max: 55.32089070704152 mean: 23.66993414047774
ExecutionTime = 61.07 s  ClockTime = 62 s

Time = 700

U0 initRes: 1.791721082822095e-06 finalRes: 9.375314618624016e-08 nIters: 3
U1 initRes: 5.036542497949093e-06 finalRes: 3.861861049304863e-07 nIters: 3
U2 initRes: 1.202719622427511e-05 finalRes: 1.107654875998293e-06 nIters: 2
p initRes: 0.0002257240960356526 finalRes: 1.304025453892297e-05 nIters: 1
Time step continuity errors : sum local = 0.0002218446898955677
                                 global = 9.091576502796342e-08
                             cumulative = -0.1055471049872995
T initRes: 1.580662939562436e-05 finalRes: 7.374661167909269e-07 nIters: 3
nuTilda initRes: 0.0002615399163050195 finalRes: 5.933166125275169e-06 nIters: 2
TP1: 88.11823823113144 final: 88.11823823113144
TP2: 35.77315822929726 final: 35.77315822929726
HFX: 301.8122694167297 final: 301.8122694167297
yPlus min: 1.846195855451114 max: 55.32089070898254 mean: 23.66993414116526
ExecutionTime = 61.46 s  ClockTime = 63 s

Time = 800

U0 initRes: 1.791721080956417e-06 finalRes: 9.375314730505644e-08 nIters: 3
U1 initRes: 5.036542564584202e-06 finalRes: 3.861861058514858e-07 nIters: 3
U2 initRes: 1.202719619163605e-05 finalRes: 1.107654868653004e-06 nIters: 2
p initRes: 0.0002257240969843675 finalRes: 1.304025414707244e-05 nIters: 1
Time step continuity errors : sum local = 0.0002218446832289543
                                 global = 9.089565961255994e-08
                             cumulative = -0.1055470140916399
T initRes: 1.580662939477374e-05 finalRes: 7.374661170286771e-07 nIters: 3
nuTilda initRes: 0.0002615399163104356 finalRes: 5.933166119604797e-06 nIters: 2
TP1: 88.1182382296119 final: 88.1182382296119
TP2: 35.77315822901083 final: 35.77315822901083
HFX: 301.8122694162412 final: 301.8122694162412
yPlus min: 1.846195855105432 max: 55.32089070887873 mean: 23.66993414113762
ExecutionTime = 61.84 s  ClockTime = 63 s

Time = 900

U0 initRes: 1.79172108144864e-06 finalRes: 9.375314708144511e-08 nIters: 3
U1 initRes: 5.036542552791427e-06 finalRes: 3.861861057729783e-07 nIters: 3
U2 initRes: 1.202719619959208e-05 finalRes: 1.107654869372221e-06 nIters: 2
p initRes: 0.0002257240967985185 finalRes: 1.304025411198839e-05 nIters: 1
Time step continuity errors : sum local = 0.0002218446827087937
                                 global = 9.089615864456977e-08
                             cumulative = -0.1055469231954812
T initRes: 1.580662939510701e-05 finalRes: 7.374661151630309e-07 nIters: 3
nuTilda initRes: 0.0002615399163105667 finalRes: 5.933166120530111e-06 nIters: 2
TP1: 88.11823822979487 final: 88.11823822979487
TP2: 35.77315822901743 final: 35.77315822901743
HFX: 301.8122694162238 final: 301.8122694162238
yPlus min: 1.846195855158766 max: 55.32089070886853 mean: 23.66993414113223
ExecutionTime = 62.23 s  ClockTime = 64 s

Time = 1000

U0 initRes: 1.791721081357986e-06 finalRes: 9.375314711611608e-08 nIters: 3
U1 initRes: 5.036542554429901e-06 finalRes: 3.861861057846367e-07 nIters: 3
U2 initRes: 1.202719619862563e-05 finalRes: 1.107654869273066e-06 nIters: 2
p initRes: 0.0002257240968300826 finalRes: 1.30402541286471e-05 nIters: 1
Time step continuity errors : sum local = 0.0002218446829324149
                                 global = 9.089640835396782e-08
                             cumulative = -0.1055468322990729
T initRes: 1.580662939399878e-05 finalRes: 7.374661155935636e-07 nIters: 3
nuTilda initRes: 0.0002615399163107076 finalRes: 5.933166120386916e-06 nIters: 2
TP1: 88.11823822977692 final: 88.11823822977692
TP2: 35.77315822902099 final: 35.77315822902099
HFX: 301.8122694162364 final: 301.8122694162364
yPlus min: 1.846195855152438 max: 55.32089070887304 mean: 23.66993414113416
ExecutionTime = 62.62 s  ClockTime = 64 s

End

Moving time 1000 to 0.0015
Printing Primal Residual Statistics.
U Residual Norm2: (25.54668080802137 24.0085401318495 10.62263320579887)
U Residual Mean: (0.03059516887096502 0.02710504856737833 0.01095950184064722)
U Residual Max: (13.58376578599801 10.92481348928274 8.382071521910376)
p Residual Norm2: 8.615932255298949
p Residual Mean: 0.01332177248675317
p Residual Max: 3.161538413047262
T Residual Norm2: 41.15521986578111
T Residual Mean: 0.04547400602337892
T Residual Max: 21.38536791467072
nuTilda Residual Norm2: 0.6514052162953489
nuTilda Residual Mean: 0.0004285294943164536
nuTilda Residual Max: 0.5280060882216123
phi Residual Norm2: 0.0646307391133709
phi Residual Mean: 2.565352487482015e-05
phi Residual Max: 0.04469476579744935
Total Residual Norm2: 55.77004709081243
 
 
DAInputVolCoord. 
Setting volume coordinates. 
Checking mesh quality for time = 1000
    Overall domain bounding box (-5.343354346737524e-12 -0.09450000000000007 -2.901640322857831e-07) (0.8445000000000003 0.09450000000000008 0.03750000000000003)
    Mesh has 3 geometric (non-empty/wedge) directions (1 1 1)
    Mesh has 3 solution (non-empty) directions (1 1 1)
    Boundary openness (9.207624781042875e-18 -8.35744743302876e-19 2.342163104849533e-17) OK.
    Max cell openness = 4.936063629564807e-16 OK.
    Max aspect ratio = 69.0828855223982 OK.
    Minimum face area = 1.673100404158471e-06. Maximum face area = 0.001155838074384399.  Face area magnitudes OK.
    Min volume = 5.879890394923346e-09. Max volume = 1.309214757530394e-05.  Total volume = 0.0047198344983886.  Cell volumes OK.
    Mesh non-orthogonality Max: 3.51229621913232 average: 0.2800622583566954
    Non-orthogonality check OK.
    Face pyramids OK.
    Max skewness = 0.2181461963449292 OK.
    Coupled point location match (average 0) OK.

Mesh OK.

Running Primal Solver 016
Previous solution time 1000 not found and nothing deleted.
No finite volume options present

Starting time loop

Time = 1

U0 initRes: 2.039440881355472e-06 finalRes: 9.680774205183105e-08 nIters: 3
U1 initRes: 6.803589837297203e-06 finalRes: 4.04805029099963e-07 nIters: 3
U2 initRes: 1.755229880983605e-05 finalRes: 1.384043266748589e-06 nIters: 2
p initRes: 0.0002700383584077995 finalRes: 2.597247781711031e-05 nIters: 1
Time step continuity errors : sum local = 0.0004418606004262144
                                 global = -1.21548258333141e-07
                             cumulative = -0.1055469538473312
T initRes: 1.647684832927932e-05 finalRes: 7.512652474040262e-07 nIters: 3
nuTilda initRes: 0.0002065387316875709 finalRes: 6.54160748729202e-06 nIters: 2
TP1: 88.11823722731909 final: 88.11823722731909
TP2: 35.77315819364297 final: 35.77315819364297
HFX: 301.8117344673223 final: 301.8117344673223
yPlus min: 1.854944435698991 max: 55.32219670506716 mean: 23.67055864698127
ExecutionTime = 62.82 s  ClockTime = 64 s

Time = 100

U0 initRes: 1.833080100053503e-06 finalRes: 9.462731018727662e-08 nIters: 3
U1 initRes: 5.090081729589919e-06 finalRes: 3.860643734818869e-07 nIters: 3
U2 initRes: 1.236590908917334e-05 finalRes: 1.133808030643572e-06 nIters: 2
p initRes: 0.0002274618708897817 finalRes: 1.383518245712033e-05 nIters: 1
Time step continuity errors : sum local = 0.0002353661958829109
                                 global = -2.569504412667802e-06
                             cumulative = -0.1055495233517439
T initRes: 1.585559984297951e-05 finalRes: 7.394295598607127e-07 nIters: 3
nuTilda initRes: 0.000261976351388085 finalRes: 5.943455684601866e-06 nIters: 2
TP1: 88.11836536192786 final: 88.11836536192786
TP2: 35.77312273698497 final: 35.77312273698497
HFX: 301.8119147747828 final: 301.8119147747828
yPlus min: 1.847628727866724 max: 55.3264395551203 mean: 23.6698976894946
ExecutionTime = 63.19 s  ClockTime = 65 s

Time = 200

U0 initRes: 1.792764277790208e-06 finalRes: 9.322024187774952e-08 nIters: 3
U1 initRes: 5.017863892710105e-06 finalRes: 3.844371332680263e-07 nIters: 3
U2 initRes: 1.213588931539083e-05 finalRes: 1.123206896160166e-06 nIters: 2
p initRes: 0.0002259089313716319 finalRes: 1.313665648316639e-05 nIters: 1
Time step continuity errors : sum local = 0.0002234828231379313
                                 global = 7.187787165564168e-07
                             cumulative = -0.1055488045730273
T initRes: 1.582336050187623e-05 finalRes: 7.370021329058709e-07 nIters: 3
nuTilda initRes: 0.0002618946174291277 finalRes: 5.937916644658923e-06 nIters: 2
TP1: 88.11851451877799 final: 88.11851451877799
TP2: 35.77317280271849 final: 35.77317280271849
HFX: 301.8119366095831 final: 301.8119366095831
yPlus min: 1.847667262988982 max: 55.32645566961865 mean: 23.66990498140766
ExecutionTime = 63.58 s  ClockTime = 65 s

Time = 300

U0 initRes: 1.791727550068804e-06 finalRes: 9.326040388827958e-08 nIters: 3
U1 initRes: 5.016514848110156e-06 finalRes: 3.844891542932957e-07 nIters: 3
U2 initRes: 1.212895265028574e-05 finalRes: 1.122649771718769e-06 nIters: 2
p initRes: 0.0002258546706835621 finalRes: 1.311213948874789e-05 nIters: 1
Time step continuity errors : sum local = 0.0002230656954510897
                                 global = 2.344752860670735e-07
                             cumulative = -0.1055485700977413
T initRes: 1.582219812600064e-05 finalRes: 7.370488430835297e-07 nIters: 3
nuTilda initRes: 0.0002618894361774083 finalRes: 5.93773406593822e-06 nIters: 2
TP1: 88.11851587486966 final: 88.11851587486966
TP2: 35.7731659950505 final: 35.7731659950505
HFX: 301.8119196593693 final: 301.8119196593693
yPlus min: 1.847669428925101 max: 55.32645099146275 mean: 23.66990284969959
ExecutionTime = 63.96 s  ClockTime = 66 s

Time = 400

U0 initRes: 1.791692815529283e-06 finalRes: 9.325700425144022e-08 nIters: 3
U1 initRes: 5.016598505383384e-06 finalRes: 3.844879074418432e-07 nIters: 3
U2 initRes: 1.212893952039951e-05 finalRes: 1.122654681210247e-06 nIters: 2
p initRes: 0.0002258536319412523 finalRes: 1.310977158135477e-05 nIters: 1
Time step continuity errors : sum local = 0.000223025412125815
                                 global = 2.44724395601244e-07
                             cumulative = -0.1055483253733457
T initRes: 1.582218724172166e-05 finalRes: 7.370529858188486e-07 nIters: 3
nuTilda initRes: 0.0002618894217822352 finalRes: 5.937730091910526e-06 nIters: 2
TP1: 88.11851471030052 final: 88.11851471030052
TP2: 35.77316612963907 final: 35.77316612963907
HFX: 301.8119203999011 final: 301.8119203999011
yPlus min: 1.847668837602996 max: 55.32645122644262 mean: 23.66990292421827
ExecutionTime = 64.37 s  ClockTime = 66 s

Time = 500

U0 initRes: 1.791689682981384e-06 finalRes: 9.325723308318481e-08 nIters: 3
U1 initRes: 5.016587039130797e-06 finalRes: 3.844880237818868e-07 nIters: 3
U2 initRes: 1.212892647366933e-05 finalRes: 1.122653820396314e-06 nIters: 2
p initRes: 0.00022585333175599 finalRes: 1.31097082330433e-05 nIters: 1
Time step continuity errors : sum local = 0.0002230243346622579
                                 global = 2.481646353294841e-07
                             cumulative = -0.1055480772087103
T initRes: 1.582218679066442e-05 finalRes: 7.370532955201391e-07 nIters: 3
nuTilda initRes: 0.0002618894218641677 finalRes: 5.93773112024933e-06 nIters: 2
TP1: 88.1185149586038 final: 88.1185149586038
TP2: 35.77316617910032 final: 35.77316617910032
HFX: 301.8119204455068 final: 301.8119204455068
yPlus min: 1.847668885027423 max: 55.32645123513414 mean: 23.66990292582284
ExecutionTime = 64.75 s  ClockTime = 66 s

Time = 600

U0 initRes: 1.791689435333336e-06 finalRes: 9.32572013981233e-08 nIters: 3
U1 initRes: 5.016588643237e-06 finalRes: 3.84488011242364e-07 nIters: 3
U2 initRes: 1.212892836064919e-05 finalRes: 1.122654008480809e-06 nIters: 2
p initRes: 0.0002258533403646406 finalRes: 1.310969018923542e-05 nIters: 1
Time step continuity errors : sum local = 0.0002230240277086318
                                 global = 2.473810628564408e-07
                             cumulative = -0.1055478298276475
T initRes: 1.582218695685051e-05 finalRes: 7.370531972218616e-07 nIters: 3
nuTilda initRes: 0.0002618894220496134 finalRes: 5.937730989335487e-06 nIters: 2
TP1: 88.11851491916143 final: 88.11851491916143
TP2: 35.77316616827533 final: 35.77316616827533
HFX: 301.8119204222769 final: 301.8119204222769
yPlus min: 1.847668877896893 max: 55.32645123054995 mean: 23.66990292424041
ExecutionTime = 65.14 s  ClockTime = 67 s

Time = 700

U0 initRes: 1.791689387692533e-06 finalRes: 9.325719844629581e-08 nIters: 3
U1 initRes: 5.01658853851007e-06 finalRes: 3.844880106751122e-07 nIters: 3
U2 initRes: 1.212892820926144e-05 finalRes: 1.122654004804616e-06 nIters: 2
p initRes: 0.0002258533342467988 finalRes: 1.310969404041241e-05 nIters: 1
Time step continuity errors : sum local = 0.0002230240931289957
                                 global = 2.475392794174747e-07
                             cumulative = -0.1055475822883681
T initRes: 1.582218694056155e-05 finalRes: 7.370532064316781e-07 nIters: 3
nuTilda initRes: 0.0002618894220552518 finalRes: 5.937731004849581e-06 nIters: 2
TP1: 88.11851492449286 final: 88.11851492449286
TP2: 35.77316617054057 final: 35.77316617054057
HFX: 301.8119204278207 final: 301.8119204278207
yPlus min: 1.847668878607452 max: 55.32645123196082 mean: 23.66990292474962
ExecutionTime = 65.63 s  ClockTime = 67 s

Time = 800

U0 initRes: 1.791689387610441e-06 finalRes: 9.32571989011948e-08 nIters: 3
U1 initRes: 5.016588531979468e-06 finalRes: 3.844880105988899e-07 nIters: 3
U2 initRes: 1.212892821145704e-05 finalRes: 1.122654003801019e-06 nIters: 2
p initRes: 0.0002258533346934797 finalRes: 1.3109693729298e-05 nIters: 1
Time step continuity errors : sum local = 0.0002230240879042279
                                 global = 2.47511261645374e-07
                             cumulative = -0.1055473347771064
T initRes: 1.582218694303633e-05 finalRes: 7.370532049832712e-07 nIters: 3
nuTilda initRes: 0.0002618894220530705 finalRes: 5.937731002655034e-06 nIters: 2
TP1: 88.11851492390218 final: 88.11851492390218
TP2: 35.77316617014511 final: 35.77316617014511
HFX: 301.811920426885 final: 301.811920426885
yPlus min: 1.847668878620055 max: 55.32645123173488 mean: 23.66990292466466
ExecutionTime = 66.01000000000001 s  ClockTime = 68 s

Time = 900

U0 initRes: 1.791689387853266e-06 finalRes: 9.32571987639813e-08 nIters: 3
U1 initRes: 5.016588533215814e-06 finalRes: 3.844880105120893e-07 nIters: 3
U2 initRes: 1.212892821165073e-05 finalRes: 1.122654004112142e-06 nIters: 2
p initRes: 0.000225853334638616 finalRes: 1.31096938054675e-05 nIters: 1
Time step continuity errors : sum local = 0.0002230240892418165
                                 global = 2.475145873905325e-07
                             cumulative = -0.105547087262519
T initRes: 1.582218693999536e-05 finalRes: 7.370532058517468e-07 nIters: 3
nuTilda initRes: 0.0002618894220527751 finalRes: 5.937731002751262e-06 nIters: 2
TP1: 88.11851492395274 final: 88.11851492395274
TP2: 35.77316617019193 final: 35.77316617019193
HFX: 301.8119204270166 final: 301.8119204270166
yPlus min: 1.847668878615938 max: 55.32645123176796 mean: 23.66990292467722
ExecutionTime = 66.43000000000001 s  ClockTime = 68 s

Time = 1000

U0 initRes: 1.791689387901283e-06 finalRes: 9.325719878289198e-08 nIters: 3
U1 initRes: 5.016588532633057e-06 finalRes: 3.844880105175578e-07 nIters: 3
U2 initRes: 1.212892821158215e-05 finalRes: 1.122654004106773e-06 nIters: 2
p initRes: 0.0002258533346461678 finalRes: 1.310969380451878e-05 nIters: 1
Time step continuity errors : sum local = 0.0002230240891666664
                                 global = 2.475142404602673e-07
                             cumulative = -0.1055468397482786
T initRes: 1.582218694057713e-05 finalRes: 7.37053206722348e-07 nIters: 3
nuTilda initRes: 0.0002618894220527904 finalRes: 5.937731002752863e-06 nIters: 2
TP1: 88.11851492395252 final: 88.11851492395252
TP2: 35.77316617018695 final: 35.77316617018695
HFX: 301.8119204270021 final: 301.8119204270021
yPlus min: 1.847668878617546 max: 55.32645123176405 mean: 23.66990292467573
ExecutionTime = 66.84 s  ClockTime = 69 s

End

Moving time 1000 to 0.0016
Printing Primal Residual Statistics.
U Residual Norm2: (25.529426237565 24.02852410457127 10.58673296435274)
U Residual Mean: (0.030672588177289 0.0270794006887442 0.01097730294678071)
U Residual Max: (13.58680504148319 10.93854718651058 8.334198092778927)
p Residual Norm2: 8.62624629354859
p Residual Mean: 0.01332817771246097
p Residual Max: 3.164474375701593
T Residual Norm2: 41.18169263881431
T Residual Mean: 0.04551283932343395
T Residual Max: 21.37227146380764
nuTilda Residual Norm2: 0.6515352887165085
nuTilda Residual Mean: 0.0004286208799340199
nuTilda Residual Max: 0.5280151566146221
phi Residual Norm2: 0.06462392097446208
phi Residual Mean: 2.571121558766838e-05
phi Residual Max: 0.04467203621133554
Total Residual Norm2: 55.78506160003847
 
 
DAInputVolCoord. 
Setting volume coordinates. 
Checking mesh quality for time = 1000
    Overall domain bounding box (-1.72406321680587e-10 -0.09450000000000007 -5.781459270117716e-07) (0.8445000000000003 0.09450000000000008 0.03750000000000003)
    Mesh has 3 geometric (non-empty/wedge) directions (1 1 1)
    Mesh has 3 solution (non-empty) directions (1 1 1)
    Boundary openness (1.629957032175586e-17 1.471847379660092e-18 -8.819103209937003e-17) OK.
    Max cell openness = 3.308249534789715e-16 OK.
    Max aspect ratio = 69.08288552336961 OK.
    Minimum face area = 1.673085504090042e-06. Maximum face area = 0.001155838063797819.  Face area magnitudes OK.
    Min volume = 5.879952234128893e-09. Max volume = 1.30921460494596e-05.  Total volume = 0.004719832546942202.  Cell volumes OK.
    Mesh non-orthogonality Max: 3.51343009473492 average: 0.2801001913114567
    Non-orthogonality check OK.
    Face pyramids OK.
    Max skewness = 0.2181408597967844 OK.
    Coupled point location match (average 0) OK.

Mesh OK.

Running Primal Solver 017
Previous solution time 1000 not found and nothing deleted.
No finite volume options present

Starting time loop

Time = 1

U0 initRes: 2.070522316250727e-06 finalRes: 9.607826691509507e-08 nIters: 3
U1 initRes: 7.075666928527656e-06 finalRes: 4.154695841724264e-07 nIters: 3
U2 initRes: 2.051343486692654e-05 finalRes: 1.521809397112309e-06 nIters: 2
p initRes: 0.0002734129330805559 finalRes: 9.568429768525711e-06 nIters: 2
Time step continuity errors : sum local = 0.0001627812300152091
                                 global = -5.056662238723478e-06
                             cumulative = -0.1055518964105173
T initRes: 1.636892472635068e-05 finalRes: 7.494475107752992e-07 nIters: 3
nuTilda initRes: 0.0002066517979939723 finalRes: 6.567248990353045e-06 nIters: 2
TP1: 88.11740242883774 final: 88.11740242883774
TP2: 35.77315715025942 final: 35.77315715025942
HFX: 301.8113096431551 final: 301.8113096431551
yPlus min: 1.855113402839381 max: 55.32558007523801 mean: 23.67055191451882
ExecutionTime = 66.97 s  ClockTime = 69 s

Time = 100

U0 initRes: 1.818392162948366e-06 finalRes: 9.513569542687699e-08 nIters: 3
U1 initRes: 5.063867229995971e-06 finalRes: 3.87084866066097e-07 nIters: 3
U2 initRes: 1.215987768386332e-05 finalRes: 1.114967622480624e-06 nIters: 2
p initRes: 0.0002268541481635165 finalRes: 1.347641968719592e-05 nIters: 1
Time step continuity errors : sum local = 0.0002292627499801429
                                 global = -1.18251105147088e-06
                             cumulative = -0.1055530789215687
T initRes: 1.58226909030191e-05 finalRes: 7.372493147427518e-07 nIters: 3
nuTilda initRes: 0.0002615845266715851 finalRes: 5.938750849643621e-06 nIters: 2
TP1: 88.11834608457288 final: 88.11834608457288
TP2: 35.77315069104576 final: 35.77315069104576
HFX: 301.811438401714 final: 301.811438401714
yPlus min: 1.844298944786293 max: 55.3236019148373 mean: 23.66986408662498
ExecutionTime = 67.33 s  ClockTime = 69 s

Time = 200

U0 initRes: 1.791926068482898e-06 finalRes: 9.378636197944497e-08 nIters: 3
U1 initRes: 5.037640596872247e-06 finalRes: 3.862475608473357e-07 nIters: 3
U2 initRes: 1.203180022029553e-05 finalRes: 1.107856197730051e-06 nIters: 2
p initRes: 0.0002258071687431308 finalRes: 1.307637470197742e-05 nIters: 1
Time step continuity errors : sum local = 0.0002224571040840479
                                 global = 2.101881067466059e-07
                             cumulative = -0.105552868733462
T initRes: 1.580715208321513e-05 finalRes: 7.374344975004751e-07 nIters: 3
nuTilda initRes: 0.0002615375352894713 finalRes: 5.933182875209637e-06 nIters: 2
TP1: 88.11824223971217 final: 88.11824223971217
TP2: 35.77316906579681 final: 35.77316906579681
HFX: 301.8115428564026 final: 301.8115428564026
yPlus min: 1.84428392016001 max: 55.32362974202997 mean: 23.66987023268982
ExecutionTime = 67.73 s  ClockTime = 69 s

Time = 300

U0 initRes: 1.791603657520007e-06 finalRes: 9.37721073918343e-08 nIters: 3
U1 initRes: 5.036644136383529e-06 finalRes: 3.862237647864459e-07 nIters: 3
U2 initRes: 1.203029667828673e-05 finalRes: 1.107849957455653e-06 nIters: 2
p initRes: 0.0002257333956739438 finalRes: 1.302783514118398e-05 nIters: 1
Time step continuity errors : sum local = 0.0002216313352677138
                                 global = -5.885633295539117e-08
                             cumulative = -0.105552927589795
T initRes: 1.58067245370869e-05 finalRes: 7.374695766249442e-07 nIters: 3
nuTilda initRes: 0.000261536680838513 finalRes: 5.93317432199997e-06 nIters: 2
TP1: 88.11824949866981 final: 88.11824949866981
TP2: 35.77316541664958 final: 35.77316541664958
HFX: 301.8115342616297 final: 301.8115342616297
yPlus min: 1.8442879405531 max: 55.32362715560664 mean: 23.66986888868207
ExecutionTime = 68.15000000000001 s  ClockTime = 70 s

Time = 400

U0 initRes: 1.791477080648892e-06 finalRes: 9.37696473670197e-08 nIters: 3
U1 initRes: 5.036646236493225e-06 finalRes: 3.862201030251295e-07 nIters: 3
U2 initRes: 1.203017272311413e-05 finalRes: 1.107852333105985e-06 nIters: 2
p initRes: 0.0002257269110212029 finalRes: 1.302516835314835e-05 nIters: 1
Time step continuity errors : sum local = 0.0002215859718065976
                                 global = 2.261495528240441e-08
                             cumulative = -0.1055529049748397
T initRes: 1.580671553600437e-05 finalRes: 7.3746952705946e-07 nIters: 3
nuTilda initRes: 0.0002615365941457934 finalRes: 5.933163619279485e-06 nIters: 2
TP1: 88.11824973985541 final: 88.11824973985541
TP2: 35.77316661879141 final: 35.77316661879141
HFX: 301.8115372606521 final: 301.8115372606521
yPlus min: 1.844287349722935 max: 55.32362808113631 mean: 23.66986924487304
ExecutionTime = 68.7 s  ClockTime = 70 s

Time = 500

U0 initRes: 1.791482846920294e-06 finalRes: 9.376952978749529e-08 nIters: 3
U1 initRes: 5.036642066972866e-06 finalRes: 3.862201753285185e-07 nIters: 3
U2 initRes: 1.203017469049091e-05 finalRes: 1.107852324098552e-06 nIters: 2
p initRes: 0.0002257265977036487 finalRes: 1.302521998172843e-05 nIters: 1
Time step continuity errors : sum local = 0.0002215868494164314
                                 global = 8.189360535273195e-09
                             cumulative = -0.1055528967854791
T initRes: 1.580671471353223e-05 finalRes: 7.374697265883049e-07 nIters: 3
nuTilda initRes: 0.0002615365912739099 finalRes: 5.933164005150678e-06 nIters: 2
TP1: 88.11824953180366 final: 88.11824953180366
TP2: 35.77316641758352 final: 35.77316641758352
HFX: 301.8115367643904 final: 301.8115367643904
yPlus min: 1.844287391644462 max: 55.32362793633416 mean: 23.66986918800049
ExecutionTime = 69.05 s  ClockTime = 71 s

Time = 600

U0 initRes: 1.791482037316696e-06 finalRes: 9.376953073712849e-08 nIters: 3
U1 initRes: 5.036641973637174e-06 finalRes: 3.862201352825001e-07 nIters: 3
U2 initRes: 1.203017424463068e-05 finalRes: 1.107852476393746e-06 nIters: 2
p initRes: 0.0002257266253350444 finalRes: 1.302520636884873e-05 nIters: 1
Time step continuity errors : sum local = 0.0002215866179196651
                                 global = 1.039945191518029e-08
                             cumulative = -0.1055528863860272
T initRes: 1.580671473283548e-05 finalRes: 7.374697623816649e-07 nIters: 3
nuTilda initRes: 0.000261536591018724 finalRes: 5.933164025818474e-06 nIters: 2
TP1: 88.11824957904814 final: 88.11824957904814
TP2: 35.77316644939283 final: 35.77316644939283
HFX: 301.8115368368923 final: 301.8115368368923
yPlus min: 1.844287389191846 max: 55.32362795664012 mean: 23.66986919574691
ExecutionTime = 69.40000000000001 s  ClockTime = 71 s

Time = 700

U0 initRes: 1.791482041011264e-06 finalRes: 9.376953056851384e-08 nIters: 3
U1 initRes: 5.036642012724881e-06 finalRes: 3.862201369105383e-07 nIters: 3
U2 initRes: 1.203017416701945e-05 finalRes: 1.107852455038752e-06 nIters: 2
p initRes: 0.0002257266222705092 finalRes: 1.302520730806547e-05 nIters: 1
Time step continuity errors : sum local = 0.000221586633890355
                                 global = 1.015086937038605e-08
                             cumulative = -0.1055528762351579
T initRes: 1.580671474394246e-05 finalRes: 7.374697564834198e-07 nIters: 3
nuTilda initRes: 0.0002615365909783143 finalRes: 5.933164014298119e-06 nIters: 2
TP1: 88.11824957146281 final: 88.11824957146281
TP2: 35.77316644589941 final: 35.77316644589941
HFX: 301.8115368286916 final: 301.8115368286916
yPlus min: 1.844287388659036 max: 55.32362795446819 mean: 23.66986919494317
ExecutionTime = 69.77 s  ClockTime = 71 s

Time = 800

U0 initRes: 1.791482051409069e-06 finalRes: 9.376953037928783e-08 nIters: 3
U1 initRes: 5.03664199955175e-06 finalRes: 3.862201366984161e-07 nIters: 3
U2 initRes: 1.203017418279375e-05 finalRes: 1.107852458818398e-06 nIters: 2
p initRes: 0.0002257266225946964 finalRes: 1.302520733735511e-05 nIters: 1
Time step continuity errors : sum local = 0.0002215866343546057
                                 global = 1.017314987451473e-08
                             cumulative = -0.105552866062008
T initRes: 1.580671474153544e-05 finalRes: 7.374697580990695e-07 nIters: 3
nuTilda initRes: 0.0002615365909798025 finalRes: 5.933164016527506e-06 nIters: 2
TP1: 88.11824957241167 final: 88.11824957241167
TP2: 35.77316644621705 final: 35.77316644621705
HFX: 301.8115368293384 final: 301.8115368293384
yPlus min: 1.844287388797416 max: 55.32362795462002 mean: 23.66986919499758
ExecutionTime = 70.12 s  ClockTime = 72 s

Time = 900

U0 initRes: 1.791482048848034e-06 finalRes: 9.376953041315743e-08 nIters: 3
U1 initRes: 5.036642001646771e-06 finalRes: 3.862201366809886e-07 nIters: 3
U2 initRes: 1.203017417989451e-05 finalRes: 1.107852458442667e-06 nIters: 2
p initRes: 0.0002257266226139754 finalRes: 1.302520730025055e-05 nIters: 1
Time step continuity errors : sum local = 0.0002215866337876547
                                 global = 1.017264368052711e-08
                             cumulative = -0.1055528558893643
T initRes: 1.580671474054883e-05 finalRes: 7.374697574079937e-07 nIters: 3
nuTilda initRes: 0.0002615365909791209 finalRes: 5.933164016166491e-06 nIters: 2
TP1: 88.11824957231948 final: 88.11824957231948
TP2: 35.77316644621011 final: 35.77316644621011
HFX: 301.8115368293312 final: 301.8115368293312
yPlus min: 1.844287388771904 max: 55.32362795462248 mean: 23.66986919499939
ExecutionTime = 70.75 s  ClockTime = 73 s

Time = 1000

U0 initRes: 1.791482049261581e-06 finalRes: 9.376953040751151e-08 nIters: 3
U1 initRes: 5.03664200133882e-06 finalRes: 3.862201366841883e-07 nIters: 3
U2 initRes: 1.203017418037873e-05 finalRes: 1.107852458456913e-06 nIters: 2
p initRes: 0.0002257266226034631 finalRes: 1.302520731421767e-05 nIters: 1
Time step continuity errors : sum local = 0.0002215866339365455
                                 global = 1.017238156939758e-08
                             cumulative = -0.1055528457169827
T initRes: 1.580671474197088e-05 finalRes: 7.374697574050662e-07 nIters: 3
nuTilda initRes: 0.0002615365909792205 finalRes: 5.933164016203851e-06 nIters: 2
TP1: 88.11824957232497 final: 88.11824957232497
TP2: 35.77316644620645 final: 35.77316644620645
HFX: 301.8115368293213 final: 301.8115368293213
yPlus min: 1.844287388775229 max: 55.32362795461891 mean: 23.66986919499793
ExecutionTime = 71.09999999999999 s  ClockTime = 73 s

End

Moving time 1000 to 0.0017
Printing Primal Residual Statistics.
U Residual Norm2: (25.54740822102853 24.00837963454357 10.62416210085364)
U Residual Mean: (0.03059266410484328 0.02710450392211615 0.01096106261687116)
U Residual Max: (13.58388705208228 10.9247660249774 8.383617750441694)
p Residual Norm2: 8.616184996596942
p Residual Mean: 0.0133217512464219
p Residual Max: 3.161445165219027
T Residual Norm2: 41.15815714281345
T Residual Mean: 0.04547452966560256
T Residual Max: 21.38962051035552
nuTilda Residual Norm2: 0.6515065838474168
nuTilda Residual Mean: 0.0004285266319086808
nuTilda Residual Max: 0.5281368403632748
phi Residual Norm2: 0.06463183959757601
phi Residual Mean: 2.564817483784208e-05
phi Residual Max: 0.04469454125178186
Total Residual Norm2: 55.77281023245155
 
 
DAInputVolCoord. 
Setting volume coordinates. 
Checking mesh quality for time = 1000
    Overall domain bounding box (2.283420072953744e-38 -0.09450000000000007 -9.649076602389322e-08) (0.8445000000000003 0.09450000000000008 0.03750000000000003)
    Mesh has 3 geometric (non-empty/wedge) directions (1 1 1)
    Mesh has 3 solution (non-empty) directions (1 1 1)
    Boundary openness (-6.802959565781735e-18 -4.14663537365397e-18 -6.990539224814956e-17) OK.
    Max cell openness = 4.614126014533814e-16 OK.
    Max aspect ratio = 69.08288552492692 OK.
    Minimum face area = 1.671794995337264e-06. Maximum face area = 0.001155838184908555.  Face area magnitudes OK.
    Min volume = 5.879984972805282e-09. Max volume = 1.30921460934424e-05.  Total volume = 0.004719833556330492.  Cell volumes OK.
    Mesh non-orthogonality Max: 3.531979211748728 average: 0.2805071513067586
    Non-orthogonality check OK.
    Face pyramids OK.
    Max skewness = 0.2181784307596825 OK.
    Coupled point location match (average 0) OK.

Mesh OK.

Running Primal Solver 018
Previous solution time 1000 not found and nothing deleted.
No finite volume options present

Starting time loop

Time = 1

U0 initRes: 2.352103268652705e-06 finalRes: 1.098630408540443e-07 nIters: 3
U1 initRes: 1.745774817464058e-05 finalRes: 7.892673912186924e-07 nIters: 3
U2 initRes: 5.453265879137977e-05 finalRes: 3.447254379063269e-06 nIters: 2
p initRes: 0.000403161689808903 finalRes: 3.29010325827657e-05 nIters: 2
Time step continuity errors : sum local = 0.0005597148791078496
                                 global = 8.591787319330798e-05
                             cumulative = -0.1054669278437894
T initRes: 1.979295704135601e-05 finalRes: 8.916530932585329e-07 nIters: 3
nuTilda initRes: 0.0002085356550040125 finalRes: 6.721135856887045e-06 nIters: 2
TP1: 88.11631631585099 final: 88.11631631585099
TP2: 35.77337758176635 final: 35.77337758176635
HFX: 301.8109767432582 final: 301.8109767432582
yPlus min: 1.859055159431054 max: 55.32412977336696 mean: 23.67056273527487
ExecutionTime = 71.23 s  ClockTime = 73 s

Time = 100

U0 initRes: 1.9520671365269e-06 finalRes: 9.696951111512184e-08 nIters: 3
U1 initRes: 5.298253089086472e-06 finalRes: 3.924709836877302e-07 nIters: 3
U2 initRes: 1.315715020234634e-05 finalRes: 1.16324996368453e-06 nIters: 2
p initRes: 0.000230550543159814 finalRes: 1.489906755984436e-05 nIters: 1
Time step continuity errors : sum local = 0.0002534561451328423
                                 global = -4.687072622696355e-06
                             cumulative = -0.1054716149164121
T initRes: 1.597733427454349e-05 finalRes: 7.388936891026995e-07 nIters: 3
nuTilda initRes: 0.0002623625890597423 finalRes: 5.988980903793059e-06 nIters: 2
TP1: 88.11860615537449 final: 88.11860615537449
TP2: 35.77312909881694 final: 35.77312909881694
HFX: 301.8101696984652 final: 301.8101696984652
yPlus min: 1.846612816862679 max: 55.32598421391324 mean: 23.66985381031905
ExecutionTime = 71.65000000000001 s  ClockTime = 73 s

Time = 200

U0 initRes: 1.800769753491038e-06 finalRes: 9.364420491118252e-08 nIters: 3
U1 initRes: 5.030402285989159e-06 finalRes: 3.851024747747003e-07 nIters: 3
U2 initRes: 1.216849513347672e-05 finalRes: 1.121363925048569e-06 nIters: 2
p initRes: 0.0002261808182254162 finalRes: 1.316045899094708e-05 nIters: 1
Time step continuity errors : sum local = 0.0002238800362920019
                                 global = 1.606517708091108e-06
                             cumulative = -0.105470008398704
T initRes: 1.583425220308195e-05 finalRes: 7.379434597251116e-07 nIters: 3
nuTilda initRes: 0.0002619332245254268 finalRes: 5.942028713469517e-06 nIters: 2
TP1: 88.11860909604742 final: 88.11860909604742
TP2: 35.77325108120508 final: 35.77325108120508
HFX: 301.8104060356389 final: 301.8104060356389
yPlus min: 1.846529970735635 max: 55.3259745802018 mean: 23.66986237494439
ExecutionTime = 72.01000000000001 s  ClockTime = 74 s

Time = 300

U0 initRes: 1.792396155287428e-06 finalRes: 9.318903451745984e-08 nIters: 3
U1 initRes: 5.016624794663508e-06 finalRes: 3.844609605884757e-07 nIters: 3
U2 initRes: 1.21290258562601e-05 finalRes: 1.122606733305891e-06 nIters: 2
p initRes: 0.0002258840309272001 finalRes: 1.309736884731725e-05 nIters: 1
Time step continuity errors : sum local = 0.0002228068315036951
                                 global = 1.198559428892822e-07
                             cumulative = -0.1054698885427611
T initRes: 1.582268734942403e-05 finalRes: 7.371180594131076e-07 nIters: 3
nuTilda initRes: 0.0002619081753934434 finalRes: 5.937742901283448e-06 nIters: 2
TP1: 88.11851721680982 final: 88.11851721680982
TP2: 35.77322906437477 final: 35.77322906437477
HFX: 301.8103770872405 final: 301.8103770872405
yPlus min: 1.846511072447387 max: 55.32597342119016 mean: 23.66986169156571
ExecutionTime = 72.39 s  ClockTime = 74 s

Time = 400

U0 initRes: 1.792047868672481e-06 finalRes: 9.317034385853133e-08 nIters: 3
U1 initRes: 5.016036494557067e-06 finalRes: 3.844641916227664e-07 nIters: 3
U2 initRes: 1.212835713045653e-05 finalRes: 1.122551140300978e-06 nIters: 2
p initRes: 0.000225850772394937 finalRes: 1.308247954687761e-05 nIters: 1
Time step continuity errors : sum local = 0.0002225535375529947
                                 global = -7.823890125114294e-08
                             cumulative = -0.1054699667816624
T initRes: 1.582258031675638e-05 finalRes: 7.37091905281717e-07 nIters: 3
nuTilda initRes: 0.0002619076579811216 finalRes: 5.937742113829644e-06 nIters: 2
TP1: 88.11852044281397 final: 88.11852044281397
TP2: 35.77322624881579 final: 35.77322624881579
HFX: 301.8103661574957 final: 301.8103661574957
yPlus min: 1.846513932250274 max: 55.32597044848194 mean: 23.669860574834
ExecutionTime = 72.76000000000001 s  ClockTime = 75 s

Time = 500

U0 initRes: 1.792037163537591e-06 finalRes: 9.317071968718943e-08 nIters: 3
U1 initRes: 5.016087782281875e-06 finalRes: 3.844633289889145e-07 nIters: 3
U2 initRes: 1.212838319739371e-05 finalRes: 1.1225535001923e-06 nIters: 2
p initRes: 0.0002258487789189421 finalRes: 1.308139441083328e-05 nIters: 1
Time step continuity errors : sum local = 0.000222535081170413
                                 global = -1.422950647389316e-09
                             cumulative = -0.105469968204613
T initRes: 1.582256697720787e-05 finalRes: 7.370919203438069e-07 nIters: 3
nuTilda initRes: 0.000261907631866093 finalRes: 5.937736151189759e-06 nIters: 2
TP1: 88.11852172656202 final: 88.11852172656202
TP2: 35.77322733939991 final: 35.77322733939991
HFX: 301.8103693143752 final: 301.8103693143752
yPlus min: 1.846513816013894 max: 55.32597126475211 mean: 23.66986089772798
ExecutionTime = 73.14 s  ClockTime = 75 s

Time = 600

U0 initRes: 1.792038249815036e-06 finalRes: 9.317081553689387e-08 nIters: 3
U1 initRes: 5.016088588879214e-06 finalRes: 3.844635039959055e-07 nIters: 3
U2 initRes: 1.212838423763566e-05 finalRes: 1.122552778857592e-06 nIters: 2
p initRes: 0.0002258488150716365 finalRes: 1.308112036604946e-05 nIters: 1
Time step continuity errors : sum local = 0.0002225304187901513
                                 global = -1.130165429864348e-08
                             cumulative = -0.1054699795062673
T initRes: 1.582256736984852e-05 finalRes: 7.37091905317817e-07 nIters: 3
nuTilda initRes: 0.0002619076324327364 finalRes: 5.93773585463088e-06 nIters: 2
TP1: 88.1185214307598 final: 88.1185214307598
TP2: 35.77322719964678 final: 35.77322719964678
HFX: 301.8103689567346 final: 301.8103689567346
yPlus min: 1.846513791515012 max: 55.32597117430407 mean: 23.66986086250052
ExecutionTime = 73.48 s  ClockTime = 75 s

Time = 700

U0 initRes: 1.792037890453708e-06 finalRes: 9.317079730410031e-08 nIters: 3
U1 initRes: 5.016087359087292e-06 finalRes: 3.844635103223212e-07 nIters: 3
U2 initRes: 1.212838301571723e-05 finalRes: 1.122552738248512e-06 nIters: 2
p initRes: 0.0002258487950815346 finalRes: 1.308112093619567e-05 nIters: 1
Time step continuity errors : sum local = 0.0002225304285158014
                                 global = -1.102063432242951e-08
                             cumulative = -0.1054699905269016
T initRes: 1.582256744929288e-05 finalRes: 7.3709193050043e-07 nIters: 3
nuTilda initRes: 0.0002619076328629124 finalRes: 5.937735996633208e-06 nIters: 2
TP1: 88.11852145744115 final: 88.11852145744115
TP2: 35.77322720359775 final: 35.77322720359775
HFX: 301.8103689595355 final: 301.8103689595355
yPlus min: 1.846513797712231 max: 55.32597117434749 mean: 23.66986086237375
ExecutionTime = 73.78 s  ClockTime = 76 s

Time = 800

U0 initRes: 1.7920379229377e-06 finalRes: 9.317079843226709e-08 nIters: 3
U1 initRes: 5.016087570128978e-06 finalRes: 3.84463506968397e-07 nIters: 3
U2 initRes: 1.212838321371665e-05 finalRes: 1.122552759392874e-06 nIters: 2
p initRes: 0.0002258487912505791 finalRes: 1.308112471993967e-05 nIters: 1
Time step continuity errors : sum local = 0.0002225304928328939
                                 global = -1.087729069366177e-08
                             cumulative = -0.1054700014041923
T initRes: 1.582256744108953e-05 finalRes: 7.370919271150603e-07 nIters: 3
nuTilda initRes: 0.0002619076328170809 finalRes: 5.937735980295933e-06 nIters: 2
TP1: 88.11852145838374 final: 88.11852145838374
TP2: 35.77322720563689 final: 35.77322720563689
HFX: 301.8103689658444 final: 301.8103689658444
yPlus min: 1.846513796952522 max: 55.32597117605022 mean: 23.66986086306027
ExecutionTime = 74.18000000000001 s  ClockTime = 76 s

Time = 900

U0 initRes: 1.792037920344035e-06 finalRes: 9.317079844165857e-08 nIters: 3
U1 initRes: 5.016087555630477e-06 finalRes: 3.844635072613248e-07 nIters: 3
U2 initRes: 1.212838320235275e-05 finalRes: 1.122552757045424e-06 nIters: 2
p initRes: 0.0002258487920504275 finalRes: 1.308112400376155e-05 nIters: 1
Time step continuity errors : sum local = 0.000222530480659575
                                 global = -1.090865660158603e-08
                             cumulative = -0.1054700123128489
T initRes: 1.582256744179356e-05 finalRes: 7.370919260830331e-07 nIters: 3
nuTilda initRes: 0.0002619076328131708 finalRes: 5.937735980302984e-06 nIters: 2
TP1: 88.11852145772265 final: 88.11852145772265
TP2: 35.77322720519081 final: 35.77322720519081
HFX: 301.8103689646721 final: 301.8103689646721
yPlus min: 1.846513796978577 max: 55.32597117575212 mean: 23.66986086294258
ExecutionTime = 74.5 s  ClockTime = 76 s

Time = 1000

U0 initRes: 1.792037920297874e-06 finalRes: 9.317079843107259e-08 nIters: 3
U1 initRes: 5.016087553975512e-06 finalRes: 3.844635072494094e-07 nIters: 3
U2 initRes: 1.212838320035427e-05 finalRes: 1.122552757044361e-06 nIters: 2
p initRes: 0.0002258487919875211 finalRes: 1.308112405732813e-05 nIters: 1
Time step continuity errors : sum local = 0.0002225304816104334
                                 global = -1.090588276306695e-08
                             cumulative = -0.1054700232187317
T initRes: 1.582256744076778e-05 finalRes: 7.37091926552605e-07 nIters: 3
nuTilda initRes: 0.0002619076328141729 finalRes: 5.937735980589199e-06 nIters: 2
TP1: 88.11852145782109 final: 88.11852145782109
TP2: 35.77322720523017 final: 35.77322720523017
HFX: 301.8103689647605 final: 301.8103689647605
yPlus min: 1.846513796990098 max: 55.32597117577269 mean: 23.66986086295042
ExecutionTime = 74.84999999999999 s  ClockTime = 77 s

End

Moving time 1000 to 0.0018
Printing Primal Residual Statistics.
U Residual Norm2: (25.53054642671071 24.02891570868213 10.58620991596387)
U Residual Mean: (0.03068176779894119 0.02708101627624229 0.01098075441541168)
U Residual Max: (13.58632356776272 10.93887314322589 8.333019140440385)
p Residual Norm2: 8.626300466474973
p Residual Mean: 0.01332985828768883
p Residual Max: 3.164210390450132
T Residual Norm2: 41.18092007805501
T Residual Mean: 0.04551941225379919
T Residual Max: 21.36911430433186
nuTilda Residual Norm2: 0.6514969349346983
nuTilda Residual Mean: 0.0004286577545491246
nuTilda Residual Max: 0.5279613222386864
phi Residual Norm2: 0.06462570284716576
phi Residual Mean: 2.571494598589498e-05
phi Residual Max: 0.04467359785477217
Total Residual Norm2: 55.78508128807372
 
 
DAInputVolCoord. 
Setting volume coordinates. 
Checking mesh quality for time = 1000
    Overall domain bounding box (-1.065199633770109e-09 -0.09450000000000007 -4.239988212506996e-07) (0.8445000000000003 0.09450000000000008 0.03750000000000003)
    Mesh has 3 geometric (non-empty/wedge) directions (1 1 1)
    Mesh has 3 solution (non-empty) directions (1 1 1)
    Boundary openness (1.620658034067939e-17 2.406286657759091e-17 -1.189309964169333e-16) OK.
    Max cell openness = 2.786986888559882e-16 OK.
    Max aspect ratio = 69.08288552235793 OK.
    Minimum face area = 1.671770916784439e-06. Maximum face area = 0.001155838088807379.  Face area magnitudes OK.
    Min volume = 5.875928173418608e-09. Max volume = 1.309214920312081e-05.  Total volume = 0.004719833489050369.  Cell volumes OK.
    Mesh non-orthogonality Max: 3.512282790613519 average: 0.2801729006904063
    Non-orthogonality check OK.
    Face pyramids OK.
    Max skewness = 0.21816393616513 OK.
    Coupled point location match (average 0) OK.

Mesh OK.

Running Primal Solver 019
Previous solution time 1000 not found and nothing deleted.
No finite volume options present

Starting time loop

Time = 1

U0 initRes: 2.745994213289582e-06 finalRes: 1.238613325784583e-07 nIters: 3
U1 initRes: 2.805305746086065e-05 finalRes: 1.160391701611514e-06 nIters: 3
U2 initRes: 9.528289812175442e-05 finalRes: 5.991663386435145e-06 nIters: 2
p initRes: 0.000562826789358891 finalRes: 4.620443443476517e-05 nIters: 3
Time step continuity errors : sum local = 0.0007860583958230033
                                 global = 0.0001360652747534276
                             cumulative = -0.1053339579439783
T initRes: 2.353227190746482e-05 finalRes: 1.057828937943538e-06 nIters: 3
nuTilda initRes: 0.000210703286953885 finalRes: 6.880574244790435e-06 nIters: 2
TP1: 88.13137186024571 final: 88.13137186024571
TP2: 35.77349095213084 final: 35.77349095213084
HFX: 301.8098573054934 final: 301.8098573054934
yPlus min: 1.847564028033652 max: 55.32587083374816 mean: 23.67040736843227
ExecutionTime = 74.98 s  ClockTime = 77 s

Time = 100

U0 initRes: 2.042342796306196e-06 finalRes: 1.058637603326022e-07 nIters: 3
U1 initRes: 5.42879529168059e-06 finalRes: 3.913477855882778e-07 nIters: 3
U2 initRes: 1.364769195839257e-05 finalRes: 1.195132426385102e-06 nIters: 2
p initRes: 0.0002338663065923644 finalRes: 1.639616011730022e-05 nIters: 1
Time step continuity errors : sum local = 0.0002789445998065438
                                 global = -7.638481352593685e-07
                             cumulative = -0.1053347217921135
T initRes: 1.607192741418113e-05 finalRes: 7.516716534510521e-07 nIters: 3
nuTilda initRes: 0.0002624942227878464 finalRes: 6.021668226163293e-06 nIters: 2
TP1: 88.11741797914561 final: 88.11741797914561
TP2: 35.77309259191372 final: 35.77309259191372
HFX: 301.8131356611306 final: 301.8131356611306
yPlus min: 1.845272458414074 max: 55.32414768843624 mean: 23.66992791970157
ExecutionTime = 75.34999999999999 s  ClockTime = 77 s

Time = 200

U0 initRes: 1.81057185861849e-06 finalRes: 9.440536679057828e-08 nIters: 3
U1 initRes: 5.056696062196594e-06 finalRes: 3.865531031823457e-07 nIters: 3
U2 initRes: 1.210801788595659e-05 finalRes: 1.112790733722307e-06 nIters: 2
p initRes: 0.0002266462220514519 finalRes: 1.363506856391765e-05 nIters: 1
Time step continuity errors : sum local = 0.0002319697055508708
                                 global = -7.21467045704403e-07
                             cumulative = -0.1053354432591592
T initRes: 1.582188165708545e-05 finalRes: 7.373562971030363e-07 nIters: 3
nuTilda initRes: 0.0002615446219295958 finalRes: 5.93400206030608e-06 nIters: 2
TP1: 88.11805471978786 final: 88.11805471978786
TP2: 35.77308822204142 final: 35.77308822204142
HFX: 301.8130645401814 final: 301.8130645401814
yPlus min: 1.845410921637304 max: 55.32409659244678 mean: 23.66991028835207
ExecutionTime = 75.70999999999999 s  ClockTime = 78 s

Time = 300

U0 initRes: 1.794330581936011e-06 finalRes: 9.387853930865254e-08 nIters: 3
U1 initRes: 5.040323933725447e-06 finalRes: 3.862525531453681e-07 nIters: 3
U2 initRes: 1.20366338781955e-05 finalRes: 1.108123114375252e-06 nIters: 2
p initRes: 0.0002259825766041176 finalRes: 1.325542806204214e-05 nIters: 1
Time step continuity errors : sum local = 0.0002255108321515874
                                 global = -1.941614359951734e-06
                             cumulative = -0.1053373848735192
T initRes: 1.580902293003532e-05 finalRes: 7.375423116628508e-07 nIters: 3
nuTilda initRes: 0.0002615299625265833 finalRes: 5.933346293552232e-06 nIters: 2
TP1: 88.11816221249138 final: 88.11816221249138
TP2: 35.77308048113578 final: 35.77308048113578
HFX: 301.8130299014765 final: 301.8130299014765
yPlus min: 1.845429791963014 max: 55.32409371464883 mean: 23.66990572257031
ExecutionTime = 76.15000000000001 s  ClockTime = 78 s

Time = 400

U0 initRes: 1.792009901856435e-06 finalRes: 9.378799178007643e-08 nIters: 3
U1 initRes: 5.037325659087107e-06 finalRes: 3.861889210977771e-07 nIters: 3
U2 initRes: 1.20271245838969e-05 finalRes: 1.107615707412187e-06 nIters: 2
p initRes: 0.0002257570630278838 finalRes: 1.307503727469905e-05 nIters: 1
Time step continuity errors : sum local = 0.0002224419404500801
                                 global = -1.257667557061292e-07
                             cumulative = -0.1053375106402749
T initRes: 1.580696886813364e-05 finalRes: 7.374598563616043e-07 nIters: 3
nuTilda initRes: 0.0002615229834575861 finalRes: 5.933238176180887e-06 nIters: 2
TP1: 88.11824536224469 final: 88.11824536224469
TP2: 35.773103826042 final: 35.773103826042
HFX: 301.8130808683266 final: 301.8130808683266
yPlus min: 1.845445242073928 max: 55.32410642995419 mean: 23.66991028796621
ExecutionTime = 76.5 s  ClockTime = 78 s

Time = 500

U0 initRes: 1.791377712378382e-06 finalRes: 9.376118094831724e-08 nIters: 3
U1 initRes: 5.037128488388838e-06 finalRes: 3.861788062392243e-07 nIters: 3
U2 initRes: 1.202681280903365e-05 finalRes: 1.107588041090558e-06 nIters: 2
p initRes: 0.0002257265767322606 finalRes: 1.305704197993879e-05 nIters: 1
Time step continuity errors : sum local = 0.0002221358033987566
                                 global = 2.41843758658789e-08
                             cumulative = -0.105337486455899
T initRes: 1.580682675819292e-05 finalRes: 7.374295805443397e-07 nIters: 3
nuTilda initRes: 0.0002615229114288197 finalRes: 5.933212531749802e-06 nIters: 2
TP1: 88.11824363769703 final: 88.11824363769703
TP2: 35.77310618151964 final: 35.77310618151964
HFX: 301.8130885232076 final: 301.8130885232076
yPlus min: 1.845442844999035 max: 55.32410904153102 mean: 23.66991131510367
ExecutionTime = 76.84999999999999 s  ClockTime = 79 s

Time = 600

U0 initRes: 1.791423109381742e-06 finalRes: 9.37644851299135e-08 nIters: 3
U1 initRes: 5.037089379331293e-06 finalRes: 3.861791051128401e-07 nIters: 3
U2 initRes: 1.202681091469793e-05 finalRes: 1.107584351749066e-06 nIters: 2
p initRes: 0.0002257246847958513 finalRes: 1.305508416345203e-05 nIters: 1
Time step continuity errors : sum local = 0.0002221024917153154
                                 global = -4.853814401535998e-08
                             cumulative = -0.105337534994043
T initRes: 1.580682779193973e-05 finalRes: 7.374330339453208e-07 nIters: 3
nuTilda initRes: 0.0002615229178878713 finalRes: 5.933213830077353e-06 nIters: 2
TP1: 88.11824249327303 final: 88.11824249327303
TP2: 35.77310513630213 final: 35.77310513630213
HFX: 301.8130858337839 final: 301.8130858337839
yPlus min: 1.84544299317576 max: 55.32410831877282 mean: 23.66991102464377
ExecutionTime = 77.20999999999999 s  ClockTime = 79 s

Time = 700

U0 initRes: 1.791423395457504e-06 finalRes: 9.376446400910547e-08 nIters: 3
U1 initRes: 5.037086895931572e-06 finalRes: 3.86179001547127e-07 nIters: 3
U2 initRes: 1.202681058045397e-05 finalRes: 1.107585097128045e-06 nIters: 2
p initRes: 0.0002257245460738622 finalRes: 1.305510188778712e-05 nIters: 1
Time step continuity errors : sum local = 0.000222102793669381
                                 global = -4.025353874808315e-08
                             cumulative = -0.1053375752475818
T initRes: 1.580682889976646e-05 finalRes: 7.374331479227277e-07 nIters: 3
nuTilda initRes: 0.0002615229178656744 finalRes: 5.933214153527619e-06 nIters: 2
TP1: 88.11824274255213 final: 88.11824274255213
TP2: 35.77310525516247 final: 35.77310525516247
HFX: 301.8130861027149 final: 301.8130861027149
yPlus min: 1.84544300619721 max: 55.32410838707057 mean: 23.66991105166495
ExecutionTime = 77.58 s  ClockTime = 79 s

Time = 800

U0 initRes: 1.791421672628552e-06 finalRes: 9.376440833527423e-08 nIters: 3
U1 initRes: 5.037087455383969e-06 finalRes: 3.861789954732729e-07 nIters: 3
U2 initRes: 1.20268107638508e-05 finalRes: 1.1075849890431e-06 nIters: 2
p initRes: 0.0002257245357978447 finalRes: 1.305510809904258e-05 nIters: 1
Time step continuity errors : sum local = 0.0002221028993856092
                                 global = -4.00279645002586e-08
                             cumulative = -0.1053376152755463
T initRes: 1.580682878331289e-05 finalRes: 7.37433139498382e-07 nIters: 3
nuTilda initRes: 0.0002615229174461872 finalRes: 5.933214045129761e-06 nIters: 2
TP1: 88.11824272871694 final: 88.11824272871694
TP2: 35.77310525831349 final: 35.77310525831349
HFX: 301.813086113615 final: 301.813086113615
yPlus min: 1.845443000000125 max: 55.324108389865 mean: 23.66991105304131
ExecutionTime = 77.94 s  ClockTime = 80 s

Time = 900

U0 initRes: 1.791421887393074e-06 finalRes: 9.376441667456564e-08 nIters: 3
U1 initRes: 5.037087435757543e-06 finalRes: 3.861789991602882e-07 nIters: 3
U2 initRes: 1.202681079539602e-05 finalRes: 1.107584989035634e-06 nIters: 2
p initRes: 0.0002257245342995269 finalRes: 1.305510847950748e-05 nIters: 1
Time step continuity errors : sum local = 0.0002221029058043067
                                 global = -4.01813464864675e-08
                             cumulative = -0.1053376554568928
T initRes: 1.580682878643453e-05 finalRes: 7.374331374316635e-07 nIters: 3
nuTilda initRes: 0.000261522917466414 finalRes: 5.933214052800521e-06 nIters: 2
TP1: 88.11824272627858 final: 88.11824272627858
TP2: 35.77310525613091 final: 35.77310525613091
HFX: 301.8130861077975 final: 301.8130861077975
yPlus min: 1.845443000580945 max: 55.32410838825604 mean: 23.6699110524028
ExecutionTime = 78.3 s  ClockTime = 80 s

Time = 1000

U0 initRes: 1.791421879149073e-06 finalRes: 9.376441611028376e-08 nIters: 3
U1 initRes: 5.037087438403923e-06 finalRes: 3.861789990553783e-07 nIters: 3
U2 initRes: 1.202681079710332e-05 finalRes: 1.107584990032846e-06 nIters: 2
p initRes: 0.0002257245340248163 finalRes: 1.305510871428926e-05 nIters: 1
Time step continuity errors : sum local = 0.0002221029097586496
                                 global = -4.015923337886102e-08
                             cumulative = -0.1053376956161262
T initRes: 1.580682878398519e-05 finalRes: 7.374331361240741e-07 nIters: 3
nuTilda initRes: 0.0002615229174681052 finalRes: 5.933214052909999e-06 nIters: 2
TP1: 88.11824272684827 final: 88.11824272684827
TP2: 35.77310525644518 final: 35.77310525644518
HFX: 301.8130861085809 final: 301.8130861085809
yPlus min: 1.845443000606752 max: 55.32410838845303 mean: 23.66991105247881
ExecutionTime = 78.66 s  ClockTime = 81 s

End

Moving time 1000 to 0.0019
Printing Primal Residual Statistics.
U Residual Norm2: (25.54633966691861 24.00798993401844 10.62465541892742)
U Residual Mean: (0.03058386376811702 0.02710269909882164 0.01095537216179817)
U Residual Max: (13.58439169464574 10.92450068651753 8.38480131196523)
p Residual Norm2: 8.616064541312651
p Residual Mean: 0.0133199277558555
p Residual Max: 3.161655909166701
T Residual Norm2: 41.15903882737733
T Residual Mean: 0.04546838893860532
T Residual Max: 21.39276681707065
nuTilda Residual Norm2: 0.651546212555798
nuTilda Residual Mean: 0.0004284916781474348
nuTilda Residual Max: 0.5281912249821327
phi Residual Norm2: 0.06462921753497115
phi Residual Mean: 2.56433112998776e-05
phi Residual Max: 0.04469274360027368
Total Residual Norm2: 55.77287950784797
 
 
DAInputVolCoord. 
Setting volume coordinates. 
Checking mesh quality for time = 1000
    Overall domain bounding box (-1.688384844780121e-12 -0.09450000000000007 -1.455245233113586e-06) (0.8445010112832462 0.09450000000000008 0.03750000000000003)
    Mesh has 3 geometric (non-empty/wedge) directions (1 1 1)
    Mesh has 3 solution (non-empty) directions (1 1 1)
    Boundary openness (2.635748843919273e-17 8.511067915012197e-19 -1.058534407700553e-16) OK.
    Max cell openness = 3.589626358456504e-16 OK.
    Max aspect ratio = 69.08288552221026 OK.
    Minimum face area = 1.673116168517344e-06. Maximum face area = 0.001155838028528422.  Face area magnitudes OK.
    Min volume = 5.879979604744043e-09. Max volume = 1.309214939240153e-05.  Total volume = 0.00471983978094406.  Cell volumes OK.
    Mesh non-orthogonality Max: 3.51228379217163 average: 0.2800811554227399
    Non-orthogonality check OK.
    Face pyramids OK.
    Max skewness = 0.2181789809372892 OK.
    Coupled point location match (average 0) OK.

Mesh OK.

Running Primal Solver 020
Previous solution time 1000 not found and nothing deleted.
No finite volume options present

Starting time loop

Time = 1

U0 initRes: 2.243879817615748e-06 finalRes: 1.091692805347686e-07 nIters: 3
U1 initRes: 1.717434644127945e-05 finalRes: 7.777539852284391e-07 nIters: 3
U2 initRes: 5.354066779476786e-05 finalRes: 3.419376465920096e-06 nIters: 2
p initRes: 0.000409233426216561 finalRes: 2.889753732824093e-05 nIters: 2
Time step continuity errors : sum local = 0.0004916274487185715
                                 global = -6.094949826155383e-07
                             cumulative = -0.1053383051111088
T initRes: 1.971270253524947e-05 finalRes: 8.876315690966517e-07 nIters: 3
nuTilda initRes: 0.0002082855296647803 finalRes: 6.704855889984468e-06 nIters: 2
TP1: 88.1035363332704 final: 88.1035363332704
TP2: 35.77310425413107 final: 35.77310425413107
HFX: 301.8123213430236 final: 301.8123213430236
yPlus min: 1.857036810409905 max: 55.32407645355239 mean: 23.67058414618276
ExecutionTime = 78.79000000000001 s  ClockTime = 81 s

Time = 100

U0 initRes: 1.924487048615335e-06 finalRes: 9.820589087518222e-08 nIters: 3
U1 initRes: 5.184488889751139e-06 finalRes: 3.881101197778545e-07 nIters: 3
U2 initRes: 1.271853948444729e-05 finalRes: 1.144166691801591e-06 nIters: 2
p initRes: 0.0002297333672317145 finalRes: 1.456781396328636e-05 nIters: 1
Time step continuity errors : sum local = 0.0002478256847359471
                                 global = -1.129599544575791e-06
                             cumulative = -0.1053394347106533
T initRes: 1.592169281392766e-05 finalRes: 7.381278257609632e-07 nIters: 3
nuTilda initRes: 0.0002623350640978249 finalRes: 5.971038972684215e-06 nIters: 2
TP1: 88.11976520997813 final: 88.11976520997813
TP2: 35.77320364143429 final: 35.77320364143429
HFX: 301.8104148319334 final: 301.8104148319334
yPlus min: 1.846015134073417 max: 55.32143945875194 mean: 23.66986095140506
ExecutionTime = 79.14 s  ClockTime = 81 s

Time = 200

U0 initRes: 1.800022537495419e-06 finalRes: 9.356762356327284e-08 nIters: 3
U1 initRes: 5.025431908221911e-06 finalRes: 3.849564794480151e-07 nIters: 3
U2 initRes: 1.215756314824676e-05 finalRes: 1.123777057581375e-06 nIters: 2
p initRes: 0.0002261534946172902 finalRes: 1.323509934048342e-05 nIters: 1
Time step continuity errors : sum local = 0.0002251535207798889
                                 global = 1.100567849536632e-06
                             cumulative = -0.1053383341428038
T initRes: 1.583923226589517e-05 finalRes: 7.378538427962639e-07 nIters: 3
nuTilda initRes: 0.0002620871695401187 finalRes: 5.942867196123107e-06 nIters: 2
TP1: 88.11964840162751 final: 88.11964840162751
TP2: 35.77322015261549 final: 35.77322015261549
HFX: 301.8104377431657 final: 301.8104377431657
yPlus min: 1.845938818714286 max: 55.32144671866295 mean: 23.66986299308314
ExecutionTime = 79.55 s  ClockTime = 81 s

Time = 300

U0 initRes: 1.793890608504678e-06 finalRes: 9.334552018812146e-08 nIters: 3
U1 initRes: 5.019557475319681e-06 finalRes: 3.84716503095238e-07 nIters: 3
U2 initRes: 1.213812974081559e-05 finalRes: 1.123420490885696e-06 nIters: 2
p initRes: 0.0002259693469027064 finalRes: 1.313238726529694e-05 nIters: 1
Time step continuity errors : sum local = 0.0002234062236885997
                                 global = 2.746877035352873e-07
                             cumulative = -0.1053380594551003
T initRes: 1.583231980319817e-05 finalRes: 7.37382779585171e-07 nIters: 3
nuTilda initRes: 0.000262075652518261 finalRes: 5.940379253992242e-06 nIters: 2
TP1: 88.11959537830423 final: 88.11959537830423
TP2: 35.77320789095273 final: 35.77320789095273
HFX: 301.8104039397382 final: 301.8104039397382
yPlus min: 1.845925269804713 max: 55.32143508494286 mean: 23.6698602212226
ExecutionTime = 79.92 s  ClockTime = 82 s

Time = 400

U0 initRes: 1.793765478117765e-06 finalRes: 9.331539512296583e-08 nIters: 3
U1 initRes: 5.020072853756472e-06 finalRes: 3.846967294146096e-07 nIters: 3
U2 initRes: 1.213934093674388e-05 finalRes: 1.123437098650538e-06 nIters: 2
p initRes: 0.0002259641299261049 finalRes: 1.312610436113685e-05 nIters: 1
Time step continuity errors : sum local = 0.0002232993497195965
                                 global = 4.195895613637839e-07
                             cumulative = -0.1053376398655389
T initRes: 1.583217926935221e-05 finalRes: 7.373688859030704e-07 nIters: 3
nuTilda initRes: 0.0002620754237486095 finalRes: 5.940358505221253e-06 nIters: 2
TP1: 88.11959271557377 final: 88.11959271557377
TP2: 35.77320984554549 final: 35.77320984554549
HFX: 301.8104087918095 final: 301.8104087918095
yPlus min: 1.845923731002991 max: 55.32143629197704 mean: 23.66986071237581
ExecutionTime = 80.3 s  ClockTime = 82 s

Time = 500

U0 initRes: 1.793766880093844e-06 finalRes: 9.331635220970022e-08 nIters: 3
U1 initRes: 5.020051298689159e-06 finalRes: 3.84697818757941e-07 nIters: 3
U2 initRes: 1.21392912594531e-05 finalRes: 1.123431445035551e-06 nIters: 2
p initRes: 0.000225964316794568 finalRes: 1.312562223139593e-05 nIters: 1
Time step continuity errors : sum local = 0.0002232911483879699
                                 global = 4.41994171779887e-07
                             cumulative = -0.1053371978713671
T initRes: 1.583217082016458e-05 finalRes: 7.37371284254096e-07 nIters: 3
nuTilda initRes: 0.0002620754148167901 finalRes: 5.940362178691492e-06 nIters: 2
TP1: 88.11959358131212 final: 88.11959358131212
TP2: 35.77321015170498 final: 35.77321015170498
HFX: 301.8104095045543 final: 301.8104095045543
yPlus min: 1.845923859597422 max: 55.3214364393974 mean: 23.66986076143106
ExecutionTime = 80.7 s  ClockTime = 83 s

Time = 600

U0 initRes: 1.793766547435091e-06 finalRes: 9.331669939516667e-08 nIters: 3
U1 initRes: 5.020045054407045e-06 finalRes: 3.846979307261896e-07 nIters: 3
U2 initRes: 1.213928699345852e-05 finalRes: 1.123430414419273e-06 nIters: 2
p initRes: 0.0002259642624282624 finalRes: 1.312565949881874e-05 nIters: 1
Time step continuity errors : sum local = 0.0002232917822437966
                                 global = 4.396028703622355e-07
                             cumulative = -0.1053367582684968
T initRes: 1.583217123902176e-05 finalRes: 7.373712452388112e-07 nIters: 3
nuTilda initRes: 0.0002620754147099166 finalRes: 5.940362086678647e-06 nIters: 2
TP1: 88.11959362002875 final: 88.11959362002875
TP2: 35.77321011704544 final: 35.77321011704544
HFX: 301.8104094064015 final: 301.8104094064015
yPlus min: 1.84592388181442 max: 55.32143640923577 mean: 23.66986075082318
ExecutionTime = 81.09 s  ClockTime = 83 s

Time = 700

U0 initRes: 1.793766671100739e-06 finalRes: 9.331669381831625e-08 nIters: 3
U1 initRes: 5.020045510978362e-06 finalRes: 3.846979151295282e-07 nIters: 3
U2 initRes: 1.213928788754509e-05 finalRes: 1.123430468323284e-06 nIters: 2
p initRes: 0.0002259642626854352 finalRes: 1.312566612731295e-05 nIters: 1
Time step continuity errors : sum local = 0.0002232918948909484
                                 global = 4.391816045222392e-07
                             cumulative = -0.1053363190868922
T initRes: 1.583217134866589e-05 finalRes: 7.373712057810564e-07 nIters: 3
nuTilda initRes: 0.0002620754147428446 finalRes: 5.940362022401333e-06 nIters: 2
TP1: 88.11959360316271 final: 88.11959360316271
TP2: 35.77321011093101 final: 35.77321011093101
HFX: 301.810409393234 final: 301.810409393234
yPlus min: 1.845923878990259 max: 55.32143640603186 mean: 23.66986074980613
ExecutionTime = 81.58 s  ClockTime = 83 s

Time = 800

U0 initRes: 1.793766688881891e-06 finalRes: 9.331668868470568e-08 nIters: 3
U1 initRes: 5.020045614423588e-06 finalRes: 3.846979130603693e-07 nIters: 3
U2 initRes: 1.213928796736478e-05 finalRes: 1.123430483277393e-06 nIters: 2
p initRes: 0.0002259642639203878 finalRes: 1.312566527298775e-05 nIters: 1
Time step continuity errors : sum local = 0.0002232918804372207
                                 global = 4.392265753979358e-07
                             cumulative = -0.1053358798603168
T initRes: 1.583217133314979e-05 finalRes: 7.373712073906445e-07 nIters: 3
nuTilda initRes: 0.0002620754147320365 finalRes: 5.940362025117261e-06 nIters: 2
TP1: 88.11959360255619 final: 88.11959360255619
TP2: 35.77321011154311 final: 35.77321011154311
HFX: 301.8104093951024 final: 301.8104093951024
yPlus min: 1.845923878583507 max: 55.32143640655028 mean: 23.66986074999127
ExecutionTime = 82.04000000000001 s  ClockTime = 84 s

Time = 900

U0 initRes: 1.793766687911158e-06 finalRes: 9.331668895775968e-08 nIters: 3
U1 initRes: 5.020045603740141e-06 finalRes: 3.846979133178635e-07 nIters: 3
U2 initRes: 1.21392879513464e-05 finalRes: 1.123430481901547e-06 nIters: 2
p initRes: 0.0002259642639465089 finalRes: 1.312566515014115e-05 nIters: 1
Time step continuity errors : sum local = 0.0002232918783043963
                                 global = 4.392339166595225e-07
                             cumulative = -0.1053354406264002
T initRes: 1.583217133206288e-05 finalRes: 7.373712074349855e-07 nIters: 3
nuTilda initRes: 0.0002620754147304074 finalRes: 5.940362026340874e-06 nIters: 2
TP1: 88.11959360287527 final: 88.11959360287527
TP2: 35.77321011164575 final: 35.77321011164575
HFX: 301.8104093953301 final: 301.8104093953301
yPlus min: 1.845923878636585 max: 55.32143640659921 mean: 23.66986075000706
ExecutionTime = 82.45 s  ClockTime = 84 s

Time = 1000

U0 initRes: 1.793766687812939e-06 finalRes: 9.331668906965717e-08 nIters: 3
U1 initRes: 5.020045601666346e-06 finalRes: 3.846979133363064e-07 nIters: 3
U2 initRes: 1.213928795013076e-05 finalRes: 1.123430481634821e-06 nIters: 2
p initRes: 0.0002259642639296076 finalRes: 1.31256651594196e-05 nIters: 1
Time step continuity errors : sum local = 0.0002232918785570669
                                 global = 4.392329985467186e-07
                             cumulative = -0.1053350013934016
T initRes: 1.583217133317599e-05 finalRes: 7.373712076123966e-07 nIters: 3
nuTilda initRes: 0.0002620754147304763 finalRes: 5.940362026307924e-06 nIters: 2
TP1: 88.11959360288381 final: 88.11959360288381
TP2: 35.77321011163279 final: 35.77321011163279
HFX: 301.8104093952911 final: 301.8104093952911
yPlus min: 1.845923878643809 max: 55.32143640658862 mean: 23.66986075000332
ExecutionTime = 82.81 s  ClockTime = 85 s

End

Moving time 1000 to 0.002
Printing Primal Residual Statistics.
U Residual Norm2: (25.54525761875447 24.03884657420904 10.59848489151509)
U Residual Mean: (0.03068813143789757 0.02709543983655632 0.01097854821055138)
U Residual Max: (13.5868984417445 10.94418372999684 8.345733692460881)
p Residual Norm2: 8.62841178756814
p Residual Mean: 0.01333030495002916
p Residual Max: 3.163391294281891
T Residual Norm2: 41.21153174220139
T Residual Mean: 0.0455259528489233
T Residual Max: 21.40366202787728
nuTilda Residual Norm2: 0.6524512477062729
nuTilda Residual Mean: 0.0004287918451226455
nuTilda Residual Max: 0.5290324859183085
phi Residual Norm2: 0.06463617730903067
phi Residual Mean: 2.572480874968325e-05
phi Residual Max: 0.0446720281120659
Total Residual Norm2: 55.82135722465853
 
 
DAInputVolCoord. 
Setting volume coordinates. 
Checking mesh quality for time = 1000
    Overall domain bounding box (-1.271399135872711e-10 -0.09450000000000007 -6.090859272812618e-07) (0.8444999999189153 0.09450000000000008 0.03750000000000003)
    Mesh has 3 geometric (non-empty/wedge) directions (1 1 1)
    Mesh has 3 solution (non-empty) directions (1 1 1)
    Boundary openness (-8.40466107379848e-18 1.010769696273226e-17 -2.954903087782314e-17) OK.
    Max cell openness = 3.264205993091928e-16 OK.
    Max aspect ratio = 69.08288552462936 OK.
    Minimum face area = 1.673115521548878e-06. Maximum face area = 0.001155838018177633.  Face area magnitudes OK.
    Min volume = 5.879984958659897e-09. Max volume = 1.309214538892463e-05.  Total volume = 0.004719827264620594.  Cell volumes OK.
    Mesh non-orthogonality Max: 3.512283109362823 average: 0.2800795955726016
    Non-orthogonality check OK.
    Face pyramids OK.
    Max skewness = 0.2181525356529878 OK.
    Coupled point location match (average 0) OK.

Mesh OK.

Running Primal Solver 021
Previous solution time 1000 not found and nothing deleted.
No finite volume options present

Starting time loop

Time = 1

U0 initRes: 2.326337764355471e-06 finalRes: 1.003011567810271e-07 nIters: 3
U1 initRes: 7.241868927725332e-06 finalRes: 3.938759001738077e-07 nIters: 3
U2 initRes: 2.927666232224575e-05 finalRes: 1.741232043893502e-06 nIters: 2
p initRes: 0.000296525576705693 finalRes: 1.779714036482138e-05 nIters: 2
Time step continuity errors : sum local = 0.000302760844429294
                                 global = -1.035738648985483e-05
                             cumulative = -0.1053453587798915
T initRes: 1.712111083250634e-05 finalRes: 7.58716042981554e-07 nIters: 3
nuTilda initRes: 0.0002071215912746883 finalRes: 6.587402894431682e-06 nIters: 2
TP1: 88.11970616479543 final: 88.11970616479543
TP2: 35.77318586073648 final: 35.77318586073648
HFX: 301.8098019384416 final: 301.8098019384416
yPlus min: 1.855910218911731 max: 55.32158162145073 mean: 23.67049225598658
ExecutionTime = 82.94 s  ClockTime = 85 s

Time = 100

U0 initRes: 1.938151475293947e-06 finalRes: 9.998655652575494e-08 nIters: 3
U1 initRes: 5.230219283567994e-06 finalRes: 3.927016781915353e-07 nIters: 3
U2 initRes: 1.273948906011788e-05 finalRes: 1.1324308067742e-06 nIters: 2
p initRes: 0.0002297001021454399 finalRes: 1.489022337842448e-05 nIters: 1
Time step continuity errors : sum local = 0.0002533181476783446
                                 global = -1.742690561568354e-07
                             cumulative = -0.1053455330489477
T initRes: 1.590228869169186e-05 finalRes: 7.375093050566415e-07 nIters: 3
nuTilda initRes: 0.0002618211455664942 finalRes: 5.991066339727003e-06 nIters: 2
TP1: 88.11756184128228 final: 88.11756184128228
TP2: 35.77311831254625 final: 35.77311831254625
HFX: 301.81276989036 final: 301.81276989036
yPlus min: 1.846092761019068 max: 55.32855710389094 mean: 23.66990313535867
ExecutionTime = 83.29000000000001 s  ClockTime = 85 s

Time = 200

U0 initRes: 1.799440583909426e-06 finalRes: 9.41290531052238e-08 nIters: 3
U1 initRes: 5.048705090013244e-06 finalRes: 3.865367108626536e-07 nIters: 3
U2 initRes: 1.205239653196279e-05 finalRes: 1.107157938717474e-06 nIters: 2
p initRes: 0.0002259927428185462 finalRes: 1.333864234424078e-05 nIters: 1
Time step continuity errors : sum local = 0.0002269226712943263
                                 global = 1.093051463602768e-06
                             cumulative = -0.1053444399974841
T initRes: 1.580994643759272e-05 finalRes: 7.37857530348267e-07 nIters: 3
nuTilda initRes: 0.0002613760854655884 finalRes: 5.933858328812059e-06 nIters: 2
TP1: 88.11729158829804 final: 88.11729158829804
TP2: 35.77313514971807 final: 35.77313514971807
HFX: 301.8130694353908 final: 301.8130694353908
yPlus min: 1.846067036332151 max: 55.32864121741041 mean: 23.66991431096087
ExecutionTime = 83.55 s  ClockTime = 85 s

Time = 300

U0 initRes: 1.79165004266398e-06 finalRes: 9.374904915583827e-08 nIters: 3
U1 initRes: 5.038347563905674e-06 finalRes: 3.860884382437263e-07 nIters: 3
U2 initRes: 1.202142780522874e-05 finalRes: 1.107028360062345e-06 nIters: 2
p initRes: 0.0002257192460928515 finalRes: 1.316803703399302e-05 nIters: 1
Time step continuity errors : sum local = 0.0002240203461893988
                                 global = 4.027075613408919e-07
                             cumulative = -0.1053440372899227
T initRes: 1.580173741313739e-05 finalRes: 7.372339316434582e-07 nIters: 3
nuTilda initRes: 0.0002613580064347542 finalRes: 5.930654472809564e-06 nIters: 2
TP1: 88.11719569092635 final: 88.11719569092635
TP2: 35.77312874508757 final: 35.77312874508757
HFX: 301.8130475225563 final: 301.8130475225563
yPlus min: 1.846041820178012 max: 55.32863864901155 mean: 23.66991444705742
ExecutionTime = 83.8 s  ClockTime = 86 s

Time = 400

U0 initRes: 1.791615467292031e-06 finalRes: 9.372653340628968e-08 nIters: 3
U1 initRes: 5.037844399539019e-06 finalRes: 3.861001654712083e-07 nIters: 3
U2 initRes: 1.202140707408124e-05 finalRes: 1.10702364168678e-06 nIters: 2
p initRes: 0.0002256499259070134 finalRes: 1.310903220083385e-05 nIters: 1
Time step continuity errors : sum local = 0.0002230165091499858
                                 global = -1.181634575445015e-07
                             cumulative = -0.1053441554533803
T initRes: 1.580161909425e-05 finalRes: 7.372341709088467e-07 nIters: 3
nuTilda initRes: 0.0002613570993622962 finalRes: 5.930638720990522e-06 nIters: 2
TP1: 88.1171907511152 final: 88.1171907511152
TP2: 35.77312174898604 final: 35.77312174898604
HFX: 301.8130247924417 final: 301.8130247924417
yPlus min: 1.846044175828055 max: 55.32863179338155 mean: 23.66991179813839
ExecutionTime = 84.05 s  ClockTime = 86 s

Time = 500

U0 initRes: 1.79155696411014e-06 finalRes: 9.372369714424043e-08 nIters: 3
U1 initRes: 5.037799636790931e-06 finalRes: 3.860960988452115e-07 nIters: 3
U2 initRes: 1.202135279962368e-05 finalRes: 1.107029486590727e-06 nIters: 2
p initRes: 0.0002256466760118193 finalRes: 1.310637055485048e-05 nIters: 1
Time step continuity errors : sum local = 0.0002229712337543896
                                 global = 2.804066223492963e-09
                             cumulative = -0.105344152649314
T initRes: 1.580161824922197e-05 finalRes: 7.372343033875754e-07 nIters: 3
nuTilda initRes: 0.0002613570526916347 finalRes: 5.930636990317757e-06 nIters: 2
TP1: 88.11719351253922 final: 88.11719351253922
TP2: 35.77312348397201 final: 35.77312348397201
HFX: 301.8130287003009 final: 301.8130287003009
yPlus min: 1.846044116763907 max: 55.32863286898073 mean: 23.66991222706744
ExecutionTime = 84.36 s  ClockTime = 86 s

Time = 600

U0 initRes: 1.791548765064962e-06 finalRes: 9.372349795437701e-08 nIters: 3
U1 initRes: 5.037798008013889e-06 finalRes: 3.860957564513147e-07 nIters: 3
U2 initRes: 1.202134827934592e-05 finalRes: 1.107028456931835e-06 nIters: 2
p initRes: 0.0002256464653925722 finalRes: 1.310657193019951e-05 nIters: 1
Time step continuity errors : sum local = 0.0002229746594770388
                                 global = -7.094201847590146e-10
                             cumulative = -0.1053441533587342
T initRes: 1.58016182055717e-05 finalRes: 7.372337764142405e-07 nIters: 3
nuTilda initRes: 0.0002613570466367619 finalRes: 5.930636121978898e-06 nIters: 2
TP1: 88.11719322252321 final: 88.11719322252321
TP2: 35.77312343607645 final: 35.77312343607645
HFX: 301.8130285878132 final: 301.8130285878132
yPlus min: 1.84604405417014 max: 55.32863284343976 mean: 23.66991222057497
ExecutionTime = 84.61 s  ClockTime = 87 s

Time = 700

U0 initRes: 1.791550764209198e-06 finalRes: 9.372355040978683e-08 nIters: 3
U1 initRes: 5.037798563883957e-06 finalRes: 3.860958477198825e-07 nIters: 3
U2 initRes: 1.202134938581236e-05 finalRes: 1.107028536660657e-06 nIters: 2
p initRes: 0.0002256464714517441 finalRes: 1.310654443638833e-05 nIters: 1
Time step continuity errors : sum local = 0.0002229741916048261
                                 global = -2.3705023911417e-09
                             cumulative = -0.1053441557292366
T initRes: 1.580161825590601e-05 finalRes: 7.37233786321925e-07 nIters: 3
nuTilda initRes: 0.0002613570469823835 finalRes: 5.930636195247131e-06 nIters: 2
TP1: 88.11719320515316 final: 88.11719320515316
TP2: 35.77312341229932 final: 35.77312341229932
HFX: 301.8130285231474 final: 301.8130285231474
yPlus min: 1.846044062563482 max: 55.32863282422647 mean: 23.66991221301311
ExecutionTime = 84.86 s  ClockTime = 87 s

Time = 800

U0 initRes: 1.791550681178843e-06 finalRes: 9.372354720810439e-08 nIters: 3
U1 initRes: 5.037798497078679e-06 finalRes: 3.860958415299365e-07 nIters: 3
U2 initRes: 1.202134937863581e-05 finalRes: 1.107028547984653e-06 nIters: 2
p initRes: 0.0002256464764208052 finalRes: 1.310654161860971e-05 nIters: 1
Time step continuity errors : sum local = 0.0002229741437258375
                                 global = -2.045615700708776e-09
                             cumulative = -0.1053441577748523
T initRes: 1.580161827179682e-05 finalRes: 7.372337871995324e-07 nIters: 3
nuTilda initRes: 0.0002613570470092012 finalRes: 5.930636196848848e-06 nIters: 2
TP1: 88.1171932132019 final: 88.1171932132019
TP2: 35.77312341690885 final: 35.77312341690885
HFX: 301.8130285339745 final: 301.8130285339745
yPlus min: 1.846044062585128 max: 55.3286328271578 mean: 23.66991221417009
ExecutionTime = 85.09 s  ClockTime = 87 s

Time = 900

U0 initRes: 1.791550657064414e-06 finalRes: 9.372354672810603e-08 nIters: 3
U1 initRes: 5.037798493884338e-06 finalRes: 3.860958407366481e-07 nIters: 3
U2 initRes: 1.202134936768545e-05 finalRes: 1.107028544347782e-06 nIters: 2
p initRes: 0.0002256464759345897 finalRes: 1.310654224539703e-05 nIters: 1
Time step continuity errors : sum local = 0.0002229741544105195
                                 global = -2.054843925667638e-09
                             cumulative = -0.1053441598296962
T initRes: 1.580161827216533e-05 finalRes: 7.372337872720581e-07 nIters: 3
nuTilda initRes: 0.0002613570470001856 finalRes: 5.930636194565918e-06 nIters: 2
TP1: 88.11719321245134 final: 88.11719321245134
TP2: 35.77312341677747 final: 35.77312341677747
HFX: 301.8130285337475 final: 301.8130285337475
yPlus min: 1.846044062416198 max: 55.32863282711646 mean: 23.66991221416097
ExecutionTime = 85.34 s  ClockTime = 87 s

Time = 1000

U0 initRes: 1.791550662513016e-06 finalRes: 9.372354688061466e-08 nIters: 3
U1 initRes: 5.03779849562893e-06 finalRes: 3.860958410103167e-07 nIters: 3
U2 initRes: 1.202134937016977e-05 finalRes: 1.107028544529561e-06 nIters: 2
p initRes: 0.0002256464759241574 finalRes: 1.310654220327868e-05 nIters: 1
Time step continuity errors : sum local = 0.0002229741535439406
                                 global = -2.059929506871374e-09
                             cumulative = -0.1053441618896257
T initRes: 1.580161827423056e-05 finalRes: 7.372337874801999e-07 nIters: 3
nuTilda initRes: 0.0002613570470015332 finalRes: 5.930636194776436e-06 nIters: 2
TP1: 88.11719321239197 final: 88.11719321239197
TP2: 35.77312341670441 final: 35.77312341670441
HFX: 301.8130285335588 final: 301.8130285335588
yPlus min: 1.846044062441017 max: 55.3286328270614 mean: 23.66991221413899
ExecutionTime = 85.59 s  ClockTime = 88 s

End

Moving time 1000 to 0.0021
Printing Primal Residual Statistics.
U Residual Norm2: (25.5316951622186 23.99812126143763 10.61237285218853)
U Residual Mean: (0.03059046450300047 0.02709933639221414 0.01096005503856069)
U Residual Max: (13.58415425747867 10.91923435653469 8.371991285181899)
p Residual Norm2: 8.613911827523419
p Residual Mean: 0.01332054376353139
p Residual Max: 3.162455198046158
T Residual Norm2: 41.12843852802464
T Residual Mean: 0.04546317680280706
T Residual Max: 21.35825271449843
nuTilda Residual Norm2: 0.6505928682108033
nuTilda Residual Mean: 0.0004283633626796625
nuTilda Residual Max: 0.5271188512554905
phi Residual Norm2: 0.06461663737652792
phi Residual Mean: 2.56543564159852e-05
phi Residual Max: 0.04468976705027249
Total Residual Norm2: 55.73665866021062
 
 
DAInputVolCoord. 
Setting volume coordinates. 
Checking mesh quality for time = 1000
    Overall domain bounding box (3.31239057381581e-39 -0.09450000000000007 -4.593068282718373e-07) (0.8445004903003319 0.09450000000000008 0.03750000000000003)
    Mesh has 3 geometric (non-empty/wedge) directions (1 1 1)
    Mesh has 3 solution (non-empty) directions (1 1 1)
    Boundary openness (1.663350393938958e-17 -1.795628823828148e-18 2.504262810801431e-17) OK.
    Max cell openness = 4.096477814863552e-16 OK.
    Max aspect ratio = 69.08288552227482 OK.
    Minimum face area = 1.673090993868117e-06. Maximum face area = 0.001155838050207194.  Face area magnitudes OK.
    Min volume = 5.879883099492825e-09. Max volume = 1.309214825685904e-05.  Total volume = 0.004719835179555107.  Cell volumes OK.
    Mesh non-orthogonality Max: 3.512283472403158 average: 0.2800812258536282
    Non-orthogonality check OK.
    Face pyramids OK.
    Max skewness = 0.2181637113555618 OK.
    Coupled point location match (average 0) OK.

Mesh OK.

Running Primal Solver 022
Previous solution time 1000 not found and nothing deleted.
No finite volume options present

Starting time loop

Time = 1

U0 initRes: 2.183999032098909e-06 finalRes: 9.900320216670577e-08 nIters: 3
U1 initRes: 7.502786578224364e-06 finalRes: 4.062345686837589e-07 nIters: 3
U2 initRes: 2.114756274046016e-05 finalRes: 1.739600611230267e-06 nIters: 2
p initRes: 0.0002832840193105729 finalRes: 9.041286070009329e-06 nIters: 2
Time step continuity errors : sum local = 0.0001538188598584561
                                 global = 3.065325110517427e-07
                             cumulative = -0.1053438553571147
T initRes: 1.678097964502695e-05 finalRes: 7.541516011754317e-07 nIters: 3
nuTilda initRes: 0.0002065477156085956 finalRes: 6.564833000896894e-06 nIters: 2
TP1: 88.11719016671152 final: 88.11719016671152
TP2: 35.7731244016171 final: 35.7731244016171
HFX: 301.8125052411111 final: 301.8125052411111
yPlus min: 1.853341765855236 max: 55.32858162349236 mean: 23.67056016747123
ExecutionTime = 85.73 s  ClockTime = 88 s

Time = 100

U0 initRes: 1.896490890046681e-06 finalRes: 9.78847823391705e-08 nIters: 3
U1 initRes: 5.204040341525073e-06 finalRes: 3.87406197562554e-07 nIters: 3
U2 initRes: 1.283263006561146e-05 finalRes: 1.156277186083569e-06 nIters: 2
p initRes: 0.0002290622783701137 finalRes: 1.421558854242123e-05 nIters: 1
Time step continuity errors : sum local = 0.000241837725291918
                                 global = 3.033891300790159e-06
                             cumulative = -0.1053408214658139
T initRes: 1.591169240947908e-05 finalRes: 7.435207097968287e-07 nIters: 3
nuTilda initRes: 0.0002622976083635378 finalRes: 5.966249076455906e-06 nIters: 2
TP1: 88.11880677556523 final: 88.11880677556523
TP2: 35.77320940830443 final: 35.77320940830443
HFX: 301.8115459451245 final: 301.8115459451245
yPlus min: 1.850669782259813 max: 55.32422069283128 mean: 23.66989651691483
ExecutionTime = 86.06999999999999 s  ClockTime = 88 s

Time = 200

U0 initRes: 1.799684037379459e-06 finalRes: 9.336828137374159e-08 nIters: 3
U1 initRes: 5.025912338311242e-06 finalRes: 3.844971223911046e-07 nIters: 3
U2 initRes: 1.216490477872994e-05 finalRes: 1.125389531780193e-06 nIters: 2
p initRes: 0.0002262272823724445 finalRes: 1.324277247008207e-05 nIters: 1
Time step continuity errors : sum local = 0.0002252877281147614
                                 global = 1.952198047011212e-08
                             cumulative = -0.1053408019438334
T initRes: 1.583144816853545e-05 finalRes: 7.372197532675266e-07 nIters: 3
nuTilda initRes: 0.0002619775763859591 finalRes: 5.939591469759782e-06 nIters: 2
TP1: 88.11906412168345 final: 88.11906412168345
TP2: 35.77317837116463 final: 35.77317837116463
HFX: 301.8113041870027 final: 301.8113041870027
yPlus min: 1.850797900332873 max: 55.32418061176458 mean: 23.66989492594467
ExecutionTime = 86.43000000000001 s  ClockTime = 88 s

Time = 300

U0 initRes: 1.793048990936364e-06 finalRes: 9.323806691616547e-08 nIters: 3
U1 initRes: 5.019212135102083e-06 finalRes: 3.845801185058454e-07 nIters: 3
U2 initRes: 1.213479967438269e-05 finalRes: 1.123038443348624e-06 nIters: 2
p initRes: 0.0002259136856096904 finalRes: 1.312010244408587e-05 nIters: 1
Time step continuity errors : sum local = 0.0002232008187532647
                                 global = 6.467030587417028e-07
                             cumulative = -0.1053401552407747
T initRes: 1.582610719066767e-05 finalRes: 7.371603540128593e-07 nIters: 3
nuTilda initRes: 0.0002619557272805088 finalRes: 5.938746568986776e-06 nIters: 2
TP1: 88.11913180862481 final: 88.11913180862481
TP2: 35.77318928166299 final: 35.77318928166299
HFX: 301.8113363941362 final: 301.8113363941362
yPlus min: 1.850816831538714 max: 55.32418985290255 mean: 23.66989743729116
ExecutionTime = 86.79000000000001 s  ClockTime = 89 s

Time = 400

U0 initRes: 1.792759273940911e-06 finalRes: 9.324742980210524e-08 nIters: 3
U1 initRes: 5.018749780624033e-06 finalRes: 3.845790117813298e-07 nIters: 3
U2 initRes: 1.213428632745554e-05 finalRes: 1.122994999548426e-06 nIters: 2
p initRes: 0.0002258983649748761 finalRes: 1.312199939170332e-05 nIters: 1
Time step continuity errors : sum local = 0.0002232330719742584
                                 global = 3.305507909470538e-07
                             cumulative = -0.1053398246899837
T initRes: 1.582608654295973e-05 finalRes: 7.371755050019994e-07 nIters: 3
nuTilda initRes: 0.0002619556612355073 finalRes: 5.938725622424877e-06 nIters: 2
TP1: 88.11913016057869 final: 88.11913016057869
TP2: 35.77318484162021 final: 35.77318484162021
HFX: 301.8113271211481 final: 301.8113271211481
yPlus min: 1.850818086712699 max: 55.32418756732721 mean: 23.66989650562195
ExecutionTime = 87.15000000000001 s  ClockTime = 89 s

Time = 500

U0 initRes: 1.792753235941948e-06 finalRes: 9.324439343226016e-08 nIters: 3
U1 initRes: 5.018782529707044e-06 finalRes: 3.845765858297503e-07 nIters: 3
U2 initRes: 1.213431774630825e-05 finalRes: 1.123004293311008e-06 nIters: 2
p initRes: 0.0002258984769800027 finalRes: 1.312187400567638e-05 nIters: 1
Time step continuity errors : sum local = 0.0002232309396220393
                                 global = 3.360278734235294e-07
                             cumulative = -0.1053394886621103
T initRes: 1.582608379736235e-05 finalRes: 7.37175840394752e-07 nIters: 3
nuTilda initRes: 0.0002619556572368857 finalRes: 5.938722644903529e-06 nIters: 2
TP1: 88.11912961978294 final: 88.11912961978294
TP2: 35.77318492040562 final: 35.77318492040562
HFX: 301.811327586038 final: 301.811327586038
yPlus min: 1.850817921320896 max: 55.32418774539961 mean: 23.66989657037422
ExecutionTime = 87.5 s  ClockTime = 90 s

Time = 600

U0 initRes: 1.792753051197101e-06 finalRes: 9.324447037061297e-08 nIters: 3
U1 initRes: 5.018773797591046e-06 finalRes: 3.845765190722819e-07 nIters: 3
U2 initRes: 1.213431197894301e-05 finalRes: 1.123004084219164e-06 nIters: 2
p initRes: 0.0002258984498929852 finalRes: 1.312185619470716e-05 nIters: 1
Time step continuity errors : sum local = 0.0002232306367173871
                                 global = 3.38615489766427e-07
                             cumulative = -0.1053391500466205
T initRes: 1.582608337444362e-05 finalRes: 7.371760435650214e-07 nIters: 3
nuTilda initRes: 0.000261955656608697 finalRes: 5.93872305867762e-06 nIters: 2
TP1: 88.11912977053082 final: 88.11912977053082
TP2: 35.77318495737395 final: 35.77318495737395
HFX: 301.8113276716184 final: 301.8113276716184
yPlus min: 1.850817956430836 max: 55.32418776483472 mean: 23.66989657699475
ExecutionTime = 87.81999999999999 s  ClockTime = 90 s

Time = 700

U0 initRes: 1.792753100952807e-06 finalRes: 9.324448369770275e-08 nIters: 3
U1 initRes: 5.018773453351424e-06 finalRes: 3.845765080260421e-07 nIters: 3
U2 initRes: 1.213431222635471e-05 finalRes: 1.1230040731253e-06 nIters: 2
p initRes: 0.0002258984404951945 finalRes: 1.312186988923252e-05 nIters: 1
Time step continuity errors : sum local = 0.0002232308696117078
                                 global = 3.379142200706422e-07
                             cumulative = -0.1053388121324005
T initRes: 1.582608351062958e-05 finalRes: 7.371760065787199e-07 nIters: 3
nuTilda initRes: 0.0002619556566331947 finalRes: 5.938722992473672e-06 nIters: 2
TP1: 88.11912975700555 final: 88.11912975700555
TP2: 35.773184947471 final: 35.773184947471
HFX: 301.8113276491748 final: 301.8113276491748
yPlus min: 1.850817956813242 max: 55.32418775925942 mean: 23.66989657502153
ExecutionTime = 88.16 s  ClockTime = 90 s

Time = 800

U0 initRes: 1.792753111259563e-06 finalRes: 9.324447808117019e-08 nIters: 3
U1 initRes: 5.018773538612186e-06 finalRes: 3.845765046773726e-07 nIters: 3
U2 initRes: 1.213431230102453e-05 finalRes: 1.123004089504507e-06 nIters: 2
p initRes: 0.0002258984412733601 finalRes: 1.312186933227943e-05 nIters: 1
Time step continuity errors : sum local = 0.00022323086020055
                                 global = 3.379707502997953e-07
                             cumulative = -0.1053384741616502
T initRes: 1.582608350059374e-05 finalRes: 7.371760077626636e-07 nIters: 3
nuTilda initRes: 0.0002619556566336096 finalRes: 5.938722992186827e-06 nIters: 2
TP1: 88.11912975696002 final: 88.11912975696002
TP2: 35.77318494826253 final: 35.77318494826253
HFX: 301.8113276515969 final: 301.8113276515969
yPlus min: 1.850817956539927 max: 55.32418775995555 mean: 23.66989657527969
ExecutionTime = 88.5 s  ClockTime = 91 s

Time = 900

U0 initRes: 1.792753111152082e-06 finalRes: 9.324447867533737e-08 nIters: 3
U1 initRes: 5.018773514211929e-06 finalRes: 3.845765047372964e-07 nIters: 3
U2 initRes: 1.213431228404129e-05 finalRes: 1.123004087572456e-06 nIters: 2
p initRes: 0.0002258984411552129 finalRes: 1.312186937541605e-05 nIters: 1
Time step continuity errors : sum local = 0.0002232308609196003
                                 global = 3.37970712879571e-07
                             cumulative = -0.1053381361909373
T initRes: 1.582608349945716e-05 finalRes: 7.371760078284121e-07 nIters: 3
nuTilda initRes: 0.0002619556566318232 finalRes: 5.938722992948292e-06 nIters: 2
TP1: 88.11912975724803 final: 88.11912975724803
TP2: 35.77318494826132 final: 35.77318494826132
HFX: 301.8113276515743 final: 301.8113276515743
yPlus min: 1.850817956633799 max: 55.32418775993737 mean: 23.66989657527181
ExecutionTime = 88.81999999999999 s  ClockTime = 91 s

Time = 1000

U0 initRes: 1.792753111366561e-06 finalRes: 9.324447866929453e-08 nIters: 3
U1 initRes: 5.01877351492738e-06 finalRes: 3.845765047089434e-07 nIters: 3
U2 initRes: 1.213431228571118e-05 finalRes: 1.123004087690465e-06 nIters: 2
p initRes: 0.0002258984411429871 finalRes: 1.312186939948585e-05 nIters: 1
Time step continuity errors : sum local = 0.0002232308613566843
                                 global = 3.379693477131464e-07
                             cumulative = -0.1053377982215896
T initRes: 1.582608349987893e-05 finalRes: 7.371760071755934e-07 nIters: 3
nuTilda initRes: 0.0002619556566318941 finalRes: 5.938722992769235e-06 nIters: 2
TP1: 88.11912975720251 final: 88.11912975720251
TP2: 35.77318494824186 final: 35.77318494824186
HFX: 301.8113276515325 final: 301.8113276515325
yPlus min: 1.850817956629971 max: 55.32418775992782 mean: 23.66989657526853
ExecutionTime = 89.15000000000001 s  ClockTime = 91 s

End

Moving time 1000 to 0.0022
Printing Primal Residual Statistics.
U Residual Norm2: (25.53544773725603 24.03228450286701 10.59163796569711)
U Residual Mean: (0.03068083657587937 0.02708822356534076 0.01097868718388828)
U Residual Max: (13.58685780220621 10.94063899180125 8.339156087160742)
p Residual Norm2: 8.627001698387907
p Residual Mean: 0.01332885714391262
p Residual Max: 3.164069676286134
T Residual Norm2: 41.19373645572426
T Residual Mean: 0.04551748306833253
T Residual Max: 21.38575210280197
nuTilda Residual Norm2: 0.6519200976540458
nuTilda Residual Mean: 0.0004286864342920372
nuTilda Residual Max: 0.528448700989655
phi Residual Norm2: 0.06462848445032209
phi Residual Mean: 2.572016865714319e-05
phi Residual Max: 0.04467203273263544
Total Residual Norm2: 55.79938030576731
 
 
DAInputVolCoord. 
Setting volume coordinates. 
Checking mesh quality for time = 1000
    Overall domain bounding box (-2.278388326732364e-10 -0.09450000000000007 -8.978820261648041e-07) (0.8444999999989887 0.09450000000000008 0.03750000000000003)
    Mesh has 3 geometric (non-empty/wedge) directions (1 1 1)
    Mesh has 3 solution (non-empty) directions (1 1 1)
    Boundary openness (1.856603348451096e-17 -9.327782211298427e-18 -1.55754830617995e-16) OK.
    Max cell openness = 3.854413878984227e-16 OK.
    Max aspect ratio = 69.0828855238278 OK.
    Minimum face area = 1.673067336388419e-06. Maximum face area = 0.001155838030419995.  Face area magnitudes OK.
    Min volume = 5.879968098724498e-09. Max volume = 1.309214573228025e-05.  Total volume = 0.004719831865765295.  Cell volumes OK.
    Mesh non-orthogonality Max: 3.512283132760691 average: 0.280080586408076
    Non-orthogonality check OK.
    Face pyramids OK.
    Max skewness = 0.218144902080493 OK.
    Coupled point location match (average 0) OK.

Mesh OK.

Running Primal Solver 023
Previous solution time 1000 not found and nothing deleted.
No finite volume options present

Starting time loop

Time = 1

U0 initRes: 2.264857848093979e-06 finalRes: 9.858697068602066e-08 nIters: 3
U1 initRes: 7.855555936369797e-06 finalRes: 4.187272135715594e-07 nIters: 3
U2 initRes: 2.485585292333778e-05 finalRes: 1.994105278907267e-06 nIters: 2
p initRes: 0.0002919027351185193 finalRes: 1.234891516360563e-05 nIters: 2
Time step continuity errors : sum local = 0.0002100824984865782
                                 global = 1.021513602273472e-05
                             cumulative = -0.1053275830855668
T initRes: 1.684195979553064e-05 finalRes: 7.584133431013685e-07 nIters: 3
nuTilda initRes: 0.0002068826930012496 finalRes: 6.575970218729008e-06 nIters: 2
TP1: 88.11908914359886 final: 88.11908914359886
TP2: 35.77321027012388 final: 35.77321027012388
HFX: 301.8106560109752 final: 301.8106560109752
yPlus min: 1.859549024885419 max: 55.32417287255674 mean: 23.67052620046008
ExecutionTime = 89.3 s  ClockTime = 92 s

Time = 100

U0 initRes: 1.895555093278227e-06 finalRes: 9.782432654723045e-08 nIters: 3
U1 initRes: 5.196049217824857e-06 finalRes: 3.909185650557717e-07 nIters: 3
U2 initRes: 1.258866497330246e-05 finalRes: 1.128736128038796e-06 nIters: 2
p initRes: 0.0002288708286915152 finalRes: 1.453497345269279e-05 nIters: 1
Time step continuity errors : sum local = 0.0002472710298888626
                                 global = 5.792857118554035e-07
                             cumulative = -0.105327003799855
T initRes: 1.588272665286473e-05 finalRes: 7.375993758352536e-07 nIters: 3
nuTilda initRes: 0.0002617853171443745 finalRes: 5.972179318534578e-06 nIters: 2
TP1: 88.11790911934511 final: 88.11790911934511
TP2: 35.77317308257516 final: 35.77317308257516
HFX: 301.811970360344 final: 301.811970360344
yPlus min: 1.841240284801148 max: 55.32584113835063 mean: 23.66987120593486
ExecutionTime = 89.65000000000001 s  ClockTime = 92 s

Time = 200

U0 initRes: 1.796020206347439e-06 finalRes: 9.391343670105992e-08 nIters: 3
U1 initRes: 5.044405091767311e-06 finalRes: 3.864708156472853e-07 nIters: 3
U2 initRes: 1.204101994967718e-05 finalRes: 1.107361646688947e-06 nIters: 2
p initRes: 0.0002259989344615398 finalRes: 1.334900150094431e-05 nIters: 1
Time step continuity errors : sum local = 0.0002270952524450497
                                 global = -2.079242785762599e-06
                             cumulative = -0.1053290830426407
T initRes: 1.580993732309477e-05 finalRes: 7.375413146046527e-07 nIters: 3
nuTilda initRes: 0.0002614829734737967 finalRes: 5.933606502365968e-06 nIters: 2
TP1: 88.11759516629445 final: 88.11759516629445
TP2: 35.77311492955871 final: 35.77311492955871
HFX: 301.8120592545295 final: 301.8120592545295
yPlus min: 1.841128200332021 max: 55.32587135163449 mean: 23.66986786422803
ExecutionTime = 90 s  ClockTime = 92 s

Time = 300

U0 initRes: 1.79289675370112e-06 finalRes: 9.378382190321208e-08 nIters: 3
U1 initRes: 5.039460974999664e-06 finalRes: 3.862520440234738e-07 nIters: 3
U2 initRes: 1.202664928455783e-05 finalRes: 1.10757381774978e-06 nIters: 2
p initRes: 0.000225737326957335 finalRes: 1.313153626909696e-05 nIters: 1
Time step continuity errors : sum local = 0.0002233958661193338
                                 global = 3.288596493345963e-08
                             cumulative = -0.1053290501566758
T initRes: 1.580752026909931e-05 finalRes: 7.3744709351686e-07 nIters: 3
nuTilda initRes: 0.0002614734230197562 finalRes: 5.932281318035031e-06 nIters: 2
TP1: 88.1176436444194 final: 88.1176436444194
TP2: 35.77314798078881 final: 35.77314798078881
HFX: 301.8121289392171 final: 301.8121289392171
yPlus min: 1.841127697416411 max: 55.32589051587895 mean: 23.66987583969185
ExecutionTime = 90.34999999999999 s  ClockTime = 93 s

Time = 400

U0 initRes: 1.792605917128937e-06 finalRes: 9.377630028753193e-08 nIters: 3
U1 initRes: 5.039352702776225e-06 finalRes: 3.862429222104144e-07 nIters: 3
U2 initRes: 1.202648277561365e-05 finalRes: 1.10756229396513e-06 nIters: 2
p initRes: 0.0002257145893626028 finalRes: 1.311617594271293e-05 nIters: 1
Time step continuity errors : sum local = 0.0002231345534792522
                                 global = 2.079416870595672e-08
                             cumulative = -0.1053290293625071
T initRes: 1.580741715674951e-05 finalRes: 7.374318473356728e-07 nIters: 3
nuTilda initRes: 0.0002614732205691429 finalRes: 5.932253585658306e-06 nIters: 2
TP1: 88.11763887125009 final: 88.11763887125009
TP2: 35.77314809780964 final: 35.77314809780964
HFX: 301.8121273274757 final: 301.8121273274757
yPlus min: 1.841126140707575 max: 55.32589012325472 mean: 23.66987577832267
ExecutionTime = 90.69 s  ClockTime = 93 s

Time = 500

U0 initRes: 1.792630924576772e-06 finalRes: 9.377653426392601e-08 nIters: 3
U1 initRes: 5.039342004066316e-06 finalRes: 3.862433696763111e-07 nIters: 3
U2 initRes: 1.202647995502255e-05 finalRes: 1.10756461381327e-06 nIters: 2
p initRes: 0.0002257136494906714 finalRes: 1.311542768399122e-05 nIters: 1
Time step continuity errors : sum local = 0.0002231218228001152
                                 global = -6.011766429825454e-09
                             cumulative = -0.1053290353742735
T initRes: 1.580741473038162e-05 finalRes: 7.374320904511194e-07 nIters: 3
nuTilda initRes: 0.0002614732034036319 finalRes: 5.932254512508149e-06 nIters: 2
TP1: 88.11763851457857 final: 88.11763851457857
TP2: 35.77314772237084 final: 35.77314772237084
HFX: 301.8121262117763 final: 301.8121262117763
yPlus min: 1.841126262940072 max: 55.32588979356047 mean: 23.66987565125944
ExecutionTime = 91.05 s  ClockTime = 93 s

Time = 600

U0 initRes: 1.792629826371215e-06 finalRes: 9.377648115443795e-08 nIters: 3
U1 initRes: 5.03934099197866e-06 finalRes: 3.862432485369162e-07 nIters: 3
U2 initRes: 1.202647994639092e-05 finalRes: 1.107564924328101e-06 nIters: 2
p initRes: 0.0002257137483264939 finalRes: 1.311534430378945e-05 nIters: 1
Time step continuity errors : sum local = 0.0002231204045426863
                                 global = -2.28924396149901e-10
                             cumulative = -0.1053290356031979
T initRes: 1.580741520918614e-05 finalRes: 7.374320481126657e-07 nIters: 3
nuTilda initRes: 0.0002614732028440318 finalRes: 5.932254522505064e-06 nIters: 2
TP1: 88.1176386504554 final: 88.1176386504554
TP2: 35.77314780537755 final: 35.77314780537755
HFX: 301.8121263920405 final: 301.8121263920405
yPlus min: 1.841126261788018 max: 55.32588984089979 mean: 23.66987567055535
ExecutionTime = 91.39 s  ClockTime = 94 s

Time = 700

U0 initRes: 1.792629467434821e-06 finalRes: 9.377647622837289e-08 nIters: 3
U1 initRes: 5.03934105358639e-06 finalRes: 3.862432376675521e-07 nIters: 3
U2 initRes: 1.202647975616487e-05 finalRes: 1.107564860685006e-06 nIters: 2
p initRes: 0.0002257137464460781 finalRes: 1.311535043645108e-05 nIters: 1
Time step continuity errors : sum local = 0.0002231205088856581
                                 global = -3.501382563331293e-10
                             cumulative = -0.1053290359533362
T initRes: 1.58074152587841e-05 finalRes: 7.374320232092501e-07 nIters: 3
nuTilda initRes: 0.0002614732026577744 finalRes: 5.932254477748069e-06 nIters: 2
TP1: 88.11763863805517 final: 88.11763863805517
TP2: 35.77314780368727 final: 35.77314780368727
HFX: 301.8121263881264 final: 301.8121263881264
yPlus min: 1.84112625881903 max: 55.32588984002962 mean: 23.66987567041102
ExecutionTime = 91.73 s  ClockTime = 94 s

Time = 800

U0 initRes: 1.792629561423684e-06 finalRes: 9.377647809479269e-08 nIters: 3
U1 initRes: 5.039341047335365e-06 finalRes: 3.862432414807992e-07 nIters: 3
U2 initRes: 1.202647981892145e-05 finalRes: 1.107564863847512e-06 nIters: 2
p initRes: 0.0002257137464794221 finalRes: 1.311534944184146e-05 nIters: 1
Time step continuity errors : sum local = 0.0002231204919689277
                                 global = -4.331158967435013e-10
                             cumulative = -0.1053290363864521
T initRes: 1.580741526002867e-05 finalRes: 7.374320219998798e-07 nIters: 3
nuTilda initRes: 0.0002614732026772136 finalRes: 5.932254480968369e-06 nIters: 2
TP1: 88.11763863706778 final: 88.11763863706778
TP2: 35.77314780249247 final: 35.77314780249247
HFX: 301.8121263849141 final: 301.8121263849141
yPlus min: 1.841126259211484 max: 55.32588983909172 mean: 23.66987567004383
ExecutionTime = 92.08 s  ClockTime = 94 s

Time = 900

U0 initRes: 1.792629558348435e-06 finalRes: 9.377647798517453e-08 nIters: 3
U1 initRes: 5.039341045977451e-06 finalRes: 3.862432412660876e-07 nIters: 3
U2 initRes: 1.202647981917238e-05 finalRes: 1.107564864401742e-06 nIters: 2
p initRes: 0.0002257137467008727 finalRes: 1.311534932470108e-05 nIters: 1
Time step continuity errors : sum local = 0.0002231204899396482
                                 global = -4.181023196872428e-10
                             cumulative = -0.1053290368045544
T initRes: 1.580741526046267e-05 finalRes: 7.374320241167467e-07 nIters: 3
nuTilda initRes: 0.0002614732026790853 finalRes: 5.932254481030588e-06 nIters: 2
TP1: 88.11763863744468 final: 88.11763863744468
TP2: 35.77314780270466 final: 35.77314780270466
HFX: 301.8121263854138 final: 301.8121263854138
yPlus min: 1.841126259217099 max: 55.32588983922624 mean: 23.66987567009687
ExecutionTime = 92.59 s  ClockTime = 95 s

Time = 1000

U0 initRes: 1.79262955721922e-06 finalRes: 9.377647796892822e-08 nIters: 3
U1 initRes: 5.039341046247989e-06 finalRes: 3.862432412296245e-07 nIters: 3
U2 initRes: 1.202647981838791e-05 finalRes: 1.107564864205146e-06 nIters: 2
p initRes: 0.0002257137466859231 finalRes: 1.311534935193714e-05 nIters: 1
Time step continuity errors : sum local = 0.0002231204903964128
                                 global = -4.184959135228764e-10
                             cumulative = -0.1053290372230503
T initRes: 1.580741525980578e-05 finalRes: 7.374320229869208e-07 nIters: 3
nuTilda initRes: 0.0002614732026787618 finalRes: 5.932254480938956e-06 nIters: 2
TP1: 88.11763863741024 final: 88.11763863741024
TP2: 35.77314780269899 final: 35.77314780269899
HFX: 301.8121263854057 final: 301.8121263854057
yPlus min: 1.84112625920917 max: 55.32588983922469 mean: 23.66987567009661
ExecutionTime = 92.93000000000001 s  ClockTime = 95 s

End

Moving time 1000 to 0.0023
Printing Primal Residual Statistics.
U Residual Norm2: (25.54131185711028 24.00461041457078 10.6191773383657)
U Residual Mean: (0.0305968987117119 0.02710448770605323 0.01095986963914035)
U Residual Max: (13.58419715804977 10.92272386440237 8.378621462529487)
p Residual Norm2: 8.615292688701022
p Residual Mean: 0.0133219437277571
p Residual Max: 3.161840275815732
T Residual Norm2: 41.14606760179936
T Residual Mean: 0.04547121477357087
T Residual Max: 21.37613623076071
nuTilda Residual Norm2: 0.6511222649897337
nuTilda Residual Mean: 0.0004284631428966648
nuTilda Residual Max: 0.5277029573595793
phi Residual Norm2: 0.06462453426740744
phi Residual Mean: 2.565936825932806e-05
phi Residual Max: 0.04468973560804609
Total Residual Norm2: 55.7583818238959
 
 
DAInputVolCoord. 
Setting volume coordinates. 
Checking mesh quality for time = 1000
    Overall domain bounding box (2.213518721647026e-38 -0.09450000000000007 -1.497963925309203e-07) (0.8445009932545711 0.09450000000000008 0.03750000000000003)
    Mesh has 3 geometric (non-empty/wedge) directions (1 1 1)
    Mesh has 3 solution (non-empty) directions (1 1 1)
    Boundary openness (-6.266162299930851e-18 -4.073181513901153e-18 -2.47912990176214e-17) OK.
    Max cell openness = 3.91425123577188e-16 OK.
    Max aspect ratio = 69.08288552629143 OK.
    Minimum face area = 1.671047996294314e-06. Maximum face area = 0.00115583812021953.  Face area magnitudes OK.
    Min volume = 5.879984947286308e-09. Max volume = 1.309214517269931e-05.  Total volume = 0.004719833480148134.  Cell volumes OK.
    Mesh non-orthogonality Max: 3.512288765724018 average: 0.2802963056490865
    Non-orthogonality check OK.
    Face pyramids OK.
    Max skewness = 0.2182223442389034 OK.
    Coupled point location match (average 0) OK.

Mesh OK.

Running Primal Solver 024
Previous solution time 1000 not found and nothing deleted.
No finite volume options present

Starting time loop

Time = 1

U0 initRes: 2.670171026626668e-06 finalRes: 1.184945511526504e-07 nIters: 3
U1 initRes: 2.06193169438406e-05 finalRes: 9.496242814884801e-07 nIters: 3
U2 initRes: 8.712035005941833e-05 finalRes: 7.45525570730103e-06 nIters: 2
p initRes: 0.0004501925269363107 finalRes: 3.950145064603658e-05 nIters: 2
Time step continuity errors : sum local = 0.0006720072221374021
                                 global = 2.668195856359278e-06
                             cumulative = -0.1053263690271939
T initRes: 2.174301737075005e-05 finalRes: 1.001341453646161e-06 nIters: 3
nuTilda initRes: 0.0002093104317018426 finalRes: 6.79387097995195e-06 nIters: 2
TP1: 88.09921611545994 final: 88.09921611545994
TP2: 35.77315365340615 final: 35.77315365340615
HFX: 301.8120190903297 final: 301.8120190903297
yPlus min: 1.841027913221841 max: 55.32580133367324 mean: 23.67053049086121
ExecutionTime = 93.06999999999999 s  ClockTime = 95 s

Time = 100

U0 initRes: 1.933054662782417e-06 finalRes: 9.701265679947373e-08 nIters: 3
U1 initRes: 5.281697424711222e-06 finalRes: 3.910631654093196e-07 nIters: 3
U2 initRes: 1.285397700714373e-05 finalRes: 1.154472930643113e-06 nIters: 2
p initRes: 0.0002312308917895297 finalRes: 1.538042367390405e-05 nIters: 1
Time step continuity errors : sum local = 0.0002616428470009991
                                 global = -3.32478700712769e-06
                             cumulative = -0.1053296938142011
T initRes: 1.592796228124473e-05 finalRes: 7.382794274835894e-07 nIters: 3
nuTilda initRes: 0.0002620985033843638 finalRes: 5.948276863000915e-06 nIters: 2
TP1: 88.11938805620501 final: 88.11938805620501
TP2: 35.77315917606719 final: 35.77315917606719
HFX: 301.8097292084142 final: 301.8097292084142
yPlus min: 1.834598029235207 max: 55.32520729022737 mean: 23.66975616695191
ExecutionTime = 93.39 s  ClockTime = 96 s

Time = 200

U0 initRes: 1.795287693162079e-06 finalRes: 9.332616856668516e-08 nIters: 3
U1 initRes: 5.019633015895935e-06 finalRes: 3.84559656508635e-07 nIters: 3
U2 initRes: 1.214400800607254e-05 finalRes: 1.12319944542711e-06 nIters: 2
p initRes: 0.000226068701417577 finalRes: 1.317734668193692e-05 nIters: 1
Time step continuity errors : sum local = 0.0002241652309704773
                                 global = -1.521364511668722e-06
                             cumulative = -0.1053312151787127
T initRes: 1.582720727531294e-05 finalRes: 7.372569932338887e-07 nIters: 3
nuTilda initRes: 0.0002619507640241472 finalRes: 5.938371575581707e-06 nIters: 2
TP1: 88.1192406315872 final: 88.1192406315872
TP2: 35.77322159385051 final: 35.77322159385051
HFX: 301.8097066949442 final: 301.8097066949442
yPlus min: 1.834509271939895 max: 55.32515218822799 mean: 23.66974736089975
ExecutionTime = 93.68000000000001 s  ClockTime = 96 s

Time = 300

U0 initRes: 1.792487904389335e-06 finalRes: 9.318879920323277e-08 nIters: 3
U1 initRes: 5.016647643313276e-06 finalRes: 3.845162646965904e-07 nIters: 3
U2 initRes: 1.213168301603102e-05 finalRes: 1.122787622967671e-06 nIters: 2
p initRes: 0.0002258789066304356 finalRes: 1.308498370332571e-05 nIters: 1
Time step continuity errors : sum local = 0.0002225940720233537
                                 global = 4.481727679020982e-08
                             cumulative = -0.105331170361436
T initRes: 1.582502953597495e-05 finalRes: 7.371397695452358e-07 nIters: 3
nuTilda initRes: 0.0002619489238666514 finalRes: 5.938357821237871e-06 nIters: 2
TP1: 88.11928006439652 final: 88.11928006439652
TP2: 35.77324424823653 final: 35.77324424823653
HFX: 301.8097536814855 final: 301.8097536814855
yPlus min: 1.834513492315168 max: 55.32516375185838 mean: 23.66975219084742
ExecutionTime = 93.98 s  ClockTime = 96 s

Time = 400

U0 initRes: 1.792433996723331e-06 finalRes: 9.318872153663616e-08 nIters: 3
U1 initRes: 5.016794159819114e-06 finalRes: 3.845114239926921e-07 nIters: 3
U2 initRes: 1.213179033943975e-05 finalRes: 1.122798361500261e-06 nIters: 2
p initRes: 0.0002258736398237113 finalRes: 1.308409103193082e-05 nIters: 1
Time step continuity errors : sum local = 0.000222578886425663
                                 global = 1.09761848319893e-08
                             cumulative = -0.1053311593852511
T initRes: 1.582499759134069e-05 finalRes: 7.371331907747031e-07 nIters: 3
nuTilda initRes: 0.0002619487712088229 finalRes: 5.938319357556819e-06 nIters: 2
TP1: 88.11927706470435 final: 88.11927706470435
TP2: 35.77324374860452 final: 35.77324374860452
HFX: 301.8097538712028 final: 301.8097538712028
yPlus min: 1.834512878994366 max: 55.32516395188847 mean: 23.66975229618691
ExecutionTime = 94.28 s  ClockTime = 97 s

Time = 500

U0 initRes: 1.792432429108963e-06 finalRes: 9.318878988891383e-08 nIters: 3
U1 initRes: 5.016767219271603e-06 finalRes: 3.845120744624518e-07 nIters: 3
U2 initRes: 1.213176074819871e-05 finalRes: 1.122794151017848e-06 nIters: 2
p initRes: 0.0002258736584233502 finalRes: 1.308335190057897e-05 nIters: 1
Time step continuity errors : sum local = 0.0002225663116890269
                                 global = -9.267969110772594e-09
                             cumulative = -0.1053311686532202
T initRes: 1.582499576681362e-05 finalRes: 7.371341090002048e-07 nIters: 3
nuTilda initRes: 0.0002619487708189501 finalRes: 5.938321002393111e-06 nIters: 2
TP1: 88.11927684645164 final: 88.11927684645164
TP2: 35.77324346149189 final: 35.77324346149189
HFX: 301.8097529761091 final: 301.8097529761091
yPlus min: 1.834512962761021 max: 55.32516370406165 mean: 23.66975219659073
ExecutionTime = 94.61 s  ClockTime = 97 s

Time = 600

U0 initRes: 1.792432339949072e-06 finalRes: 9.318876217212914e-08 nIters: 3
U1 initRes: 5.01676912151037e-06 finalRes: 3.845120645202216e-07 nIters: 3
U2 initRes: 1.213176224036719e-05 finalRes: 1.122794497260953e-06 nIters: 2
p initRes: 0.0002258735216269402 finalRes: 1.308340700443071e-05 nIters: 1
Time step continuity errors : sum local = 0.0002225672492802419
                                 global = -5.064940693764055e-09
                             cumulative = -0.1053311737181609
T initRes: 1.582499626202328e-05 finalRes: 7.371340468135638e-07 nIters: 3
nuTilda initRes: 0.0002619487723773009 finalRes: 5.938321113387295e-06 nIters: 2
TP1: 88.11927693984418 final: 88.11927693984418
TP2: 35.77324352152503 final: 35.77324352152503
HFX: 301.8097531276871 final: 301.8097531276871
yPlus min: 1.834512959386328 max: 55.32516374281587 mean: 23.66975221185236
ExecutionTime = 94.95 s  ClockTime = 97 s

Time = 700

U0 initRes: 1.792432351164799e-06 finalRes: 9.318876487731954e-08 nIters: 3
U1 initRes: 5.016769298420799e-06 finalRes: 3.845120566524097e-07 nIters: 3
U2 initRes: 1.213176250973589e-05 finalRes: 1.122794509782166e-06 nIters: 2
p initRes: 0.0002258735298592976 finalRes: 1.308340239671569e-05 nIters: 1
Time step continuity errors : sum local = 0.000222567170855472
                                 global = -5.414801080673868e-09
                             cumulative = -0.105331179132962
T initRes: 1.582499620833518e-05 finalRes: 7.371340397617316e-07 nIters: 3
nuTilda initRes: 0.0002619487720992228 finalRes: 5.938321061660272e-06 nIters: 2
TP1: 88.11927692765452 final: 88.11927692765452
TP2: 35.77324351650266 final: 35.77324351650266
HFX: 301.809753118043 final: 301.809753118043
yPlus min: 1.834512958263154 max: 55.32516374070704 mean: 23.66975221105481
ExecutionTime = 95.42 s  ClockTime = 98 s

Time = 800

U0 initRes: 1.792432347807768e-06 finalRes: 9.318876482688297e-08 nIters: 3
U1 initRes: 5.016769228742928e-06 finalRes: 3.845120579427495e-07 nIters: 3
U2 initRes: 1.213176243232319e-05 finalRes: 1.122794501338667e-06 nIters: 2
p initRes: 0.0002258735308651936 finalRes: 1.308340143927861e-05 nIters: 1
Time step continuity errors : sum local = 0.0002225671545376847
                                 global = -5.434771985958442e-09
                             cumulative = -0.105331184567734
T initRes: 1.582499620808231e-05 finalRes: 7.371340420809838e-07 nIters: 3
nuTilda initRes: 0.0002619487721119115 finalRes: 5.93832106814414e-06 nIters: 2
TP1: 88.11927692803292 final: 88.11927692803292
TP2: 35.77324351621996 final: 35.77324351621996
HFX: 301.8097531168542 final: 301.8097531168542
yPlus min: 1.834512958542772 max: 55.32516374034747 mean: 23.66975221090661
ExecutionTime = 95.77 s  ClockTime = 98 s

Time = 900

U0 initRes: 1.792432348537934e-06 finalRes: 9.318876480662297e-08 nIters: 3
U1 initRes: 5.016769237401285e-06 finalRes: 3.845120578560653e-07 nIters: 3
U2 initRes: 1.213176244055397e-05 finalRes: 1.122794502530512e-06 nIters: 2
p initRes: 0.0002258735305373548 finalRes: 1.308340168073868e-05 nIters: 1
Time step continuity errors : sum local = 0.0002225671587314521
                                 global = -5.424629199638506e-09
                             cumulative = -0.1053311899923632
T initRes: 1.582499621064304e-05 finalRes: 7.371340422616441e-07 nIters: 3
nuTilda initRes: 0.0002619487721145738 finalRes: 5.938321067968374e-06 nIters: 2
TP1: 88.11927692819498 final: 88.11927692819498
TP2: 35.77324351636484 final: 35.77324351636484
HFX: 301.8097531172446 final: 301.8097531172446
yPlus min: 1.834512958514077 max: 55.32516374044961 mean: 23.66975221094735
ExecutionTime = 96.12 s  ClockTime = 98 s

Time = 1000

U0 initRes: 1.792432348474101e-06 finalRes: 9.318876481391171e-08 nIters: 3
U1 initRes: 5.016769237367931e-06 finalRes: 3.845120578586764e-07 nIters: 3
U2 initRes: 1.213176244049699e-05 finalRes: 1.122794502483416e-06 nIters: 2
p initRes: 0.0002258735305685109 finalRes: 1.308340166072301e-05 nIters: 1
Time step continuity errors : sum local = 0.0002225671583365553
                                 global = -5.42601114597419e-09
                             cumulative = -0.1053311954183743
T initRes: 1.5824996209575e-05 finalRes: 7.371340402272873e-07 nIters: 3
nuTilda initRes: 0.0002619487721139998 finalRes: 5.938321067878452e-06 nIters: 2
TP1: 88.11927692815959 final: 88.11927692815959
TP2: 35.77324351634503 final: 35.77324351634503
HFX: 301.8097531171993 final: 301.8097531171993
yPlus min: 1.834512958514567 max: 55.32516374043857 mean: 23.66975221094306
ExecutionTime = 96.48 s  ClockTime = 99 s

End

Moving time 1000 to 0.0024
Printing Primal Residual Statistics.
U Residual Norm2: (25.53454217461587 24.03131603976282 10.58966848561651)
U Residual Mean: (0.03068377815168154 0.027082988124741 0.010981203269001)
U Residual Max: (13.58643533637637 10.94050208945112 8.336385080553843)
p Residual Norm2: 8.626704392635796
p Residual Mean: 0.01333036874033875
p Residual Max: 3.163866382082706
T Residual Norm2: 41.18871646033537
T Residual Mean: 0.04552242626325374
T Residual Max: 21.378297498326
nuTilda Residual Norm2: 0.6517793842503854
nuTilda Residual Mean: 0.0004287285612438696
nuTilda Residual Max: 0.5282840319378586
phi Residual Norm2: 0.06462725037961194
phi Residual Mean: 2.571557848045878e-05
phi Residual Max: 0.04467194492796898
Total Residual Norm2: 55.79442139390377
 
 
DAInputVolCoord. 
Setting volume coordinates. 
Checking mesh quality for time = 1000
    Overall domain bounding box (-9.294839380741783e-10 -0.09450000000000007 -6.80128001145311e-07) (0.8445 0.09450000000000008 0.03750000000000003)
    Mesh has 3 geometric (non-empty/wedge) directions (1 1 1)
    Mesh has 3 solution (non-empty) directions (1 1 1)
    Boundary openness (1.908794345293535e-17 1.410649952197181e-17 -9.113413631115193e-17) OK.
    Max cell openness = 3.759421612435292e-16 OK.
    Max aspect ratio = 69.08288552213155 OK.
    Minimum face area = 1.671011182209783e-06. Maximum face area = 0.001155838031280747.  Face area magnitudes OK.
    Min volume = 5.872906608277457e-09. Max volume = 1.309215104985603e-05.  Total volume = 0.004719833565313235.  Cell volumes OK.
    Mesh non-orthogonality Max: 3.51228932950216 average: 0.2803001874149523
    Non-orthogonality check OK.
    Face pyramids OK.
    Max skewness = 0.2181743592331637 OK.
    Coupled point location match (average 0) OK.

Mesh OK.

Running Primal Solver 025
Previous solution time 1000 not found and nothing deleted.
No finite volume options present

Starting time loop

Time = 1

U0 initRes: 3.292842165409412e-06 finalRes: 1.415917877791054e-07 nIters: 3
U1 initRes: 3.352489906757308e-05 finalRes: 1.480213517415357e-06 nIters: 3
U2 initRes: 0.0001603792379409053 finalRes: 1.419561604351654e-05 nIters: 2
p initRes: 0.0006291590949565298 finalRes: 6.018263527410372e-05 nIters: 3
Time step continuity errors : sum local = 0.001023845474835811
                                 global = -2.930630778060277e-05
                             cumulative = -0.1053605017261549
T initRes: 2.68421526373027e-05 finalRes: 1.285915824096536e-06 nIters: 3
nuTilda initRes: 0.000212581261075188 finalRes: 7.036946558182643e-06 nIters: 2
TP1: 88.14701353922605 final: 88.14701353922605
TP2: 35.77317443324934 final: 35.77317443324934
HFX: 301.8079860004273 final: 301.8079860004273
yPlus min: 1.856161348898708 max: 55.32538779141815 mean: 23.67033830850166
ExecutionTime = 96.59999999999999 s  ClockTime = 99 s

Time = 100

U0 initRes: 1.943649827370774e-06 finalRes: 1.001256040769641e-07 nIters: 3
U1 initRes: 5.291318512530527e-06 finalRes: 3.88836654050699e-07 nIters: 3
U2 initRes: 1.299552144613453e-05 finalRes: 1.158551917039196e-06 nIters: 2
p initRes: 0.0002317863767571491 finalRes: 1.605677944950231e-05 nIters: 1
Time step continuity errors : sum local = 0.0002731732813891247
                                 global = 3.109234046991621e-06
                             cumulative = -0.1053573924921079
T initRes: 1.598566870606954e-05 finalRes: 7.450808758041906e-07 nIters: 3
nuTilda initRes: 0.0002620389483031656 finalRes: 5.979880126323667e-06 nIters: 2
TP1: 88.11722559477292 final: 88.11722559477292
TP2: 35.77313627123645 final: 35.77313627123645
HFX: 301.8137577705982 final: 301.8137577705982
yPlus min: 1.857223919451366 max: 55.32496869818235 mean: 23.67004582658878
ExecutionTime = 96.98 s  ClockTime = 99 s

Time = 200

U0 initRes: 1.798136840999523e-06 finalRes: 9.385925047534867e-08 nIters: 3
U1 initRes: 5.042913219175123e-06 finalRes: 3.863091299834788e-07 nIters: 3
U2 initRes: 1.206150293946529e-05 finalRes: 1.109488909383495e-06 nIters: 2
p initRes: 0.000226201506770174 finalRes: 1.348745211024152e-05 nIters: 1
Time step continuity errors : sum local = 0.0002294606357376128
                                 global = 4.621511994147871e-06
                             cumulative = -0.1053527709801138
T initRes: 1.5813752374622e-05 finalRes: 7.37195404910164e-07 nIters: 3
nuTilda initRes: 0.0002614900799688937 finalRes: 5.933260553401181e-06 nIters: 2
TP1: 88.11757412347873 final: 88.11757412347873
TP2: 35.77315284668379 final: 35.77315284668379
HFX: 301.8138131078599 final: 301.8138131078599
yPlus min: 1.857361820976298 max: 55.32493980910408 mean: 23.67003154991955
ExecutionTime = 97.34 s  ClockTime = 100 s

Time = 300

U0 initRes: 1.792299461297019e-06 finalRes: 9.375782103156038e-08 nIters: 3
U1 initRes: 5.03902340913107e-06 finalRes: 3.862179178697882e-07 nIters: 3
U2 initRes: 1.20274132874359e-05 finalRes: 1.107534607546172e-06 nIters: 2
p initRes: 0.0002257564899259548 finalRes: 1.315033016806374e-05 nIters: 1
Time step continuity errors : sum local = 0.0002237249819853607
                                 global = 3.525424126168043e-08
                             cumulative = -0.1053527357258725
T initRes: 1.580723807133924e-05 finalRes: 7.373783494494021e-07 nIters: 3
nuTilda initRes: 0.0002614831661288883 finalRes: 5.932660903695356e-06 nIters: 2
TP1: 88.11748416596932 final: 88.11748416596932
TP2: 35.7730899579557 final: 35.7730899579557
HFX: 301.8137051377983 final: 301.8137051377983
yPlus min: 1.857362520670015 max: 55.3249166123215 mean: 23.67001947179131
ExecutionTime = 97.72 s  ClockTime = 100 s

Time = 400

U0 initRes: 1.792141193794717e-06 finalRes: 9.375725566419117e-08 nIters: 3
U1 initRes: 5.038762100284189e-06 finalRes: 3.862089123093106e-07 nIters: 3
U2 initRes: 1.202593046073799e-05 finalRes: 1.107498580766101e-06 nIters: 2
p initRes: 0.0002257220556318301 finalRes: 1.313268230984583e-05 nIters: 1
Time step continuity errors : sum local = 0.0002234247336603517
                                 global = -1.088292856695588e-07
                             cumulative = -0.1053528445551582
T initRes: 1.580705686984532e-05 finalRes: 7.374106368363756e-07 nIters: 3
nuTilda initRes: 0.0002614826973270534 finalRes: 5.93266230039022e-06 nIters: 2
TP1: 88.11748580489743 final: 88.11748580489743
TP2: 35.77308795733986 final: 35.77308795733986
HFX: 301.8136981046966 final: 301.8136981046966
yPlus min: 1.857363627643567 max: 55.32491454121296 mean: 23.67001848688904
ExecutionTime = 98.22 s  ClockTime = 101 s

Time = 500

U0 initRes: 1.792101320809124e-06 finalRes: 9.375404878422159e-08 nIters: 3
U1 initRes: 5.038716603030559e-06 finalRes: 3.862051398497438e-07 nIters: 3
U2 initRes: 1.202587534878456e-05 finalRes: 1.107504682863366e-06 nIters: 2
p initRes: 0.0002257211917653145 finalRes: 1.313236474461953e-05 nIters: 1
Time step continuity errors : sum local = 0.0002234193344652669
                                 global = -4.064406060646253e-08
                             cumulative = -0.1053528851992188
T initRes: 1.580705213614816e-05 finalRes: 7.374111711144424e-07 nIters: 3
nuTilda initRes: 0.0002614826092477134 finalRes: 5.932656528732519e-06 nIters: 2
TP1: 88.11748726838658 final: 88.11748726838658
TP2: 35.7730888972835 final: 35.7730888972835
HFX: 301.8137006048466 final: 301.8137006048466
yPlus min: 1.857363610600315 max: 55.32491523922361 mean: 23.67001876583553
ExecutionTime = 98.58 s  ClockTime = 101 s

Time = 600

U0 initRes: 1.792096243960259e-06 finalRes: 9.375391201033668e-08 nIters: 3
U1 initRes: 5.038715685705952e-06 finalRes: 3.86205118991968e-07 nIters: 3
U2 initRes: 1.202587842424723e-05 finalRes: 1.107504282717533e-06 nIters: 2
p initRes: 0.0002257211841947153 finalRes: 1.31324032459705e-05 nIters: 1
Time step continuity errors : sum local = 0.0002234199894002684
                                 global = -4.26758249525759e-08
                             cumulative = -0.1053529278750437
T initRes: 1.580705306130033e-05 finalRes: 7.374106320505034e-07 nIters: 3
nuTilda initRes: 0.0002614826114417122 finalRes: 5.932656232793646e-06 nIters: 2
TP1: 88.11748711592591 final: 88.11748711592591
TP2: 35.77308886952473 final: 35.77308886952473
HFX: 301.8137005224876 final: 301.8137005224876
yPlus min: 1.857363576257413 max: 55.32491522041968 mean: 23.67001876035742
ExecutionTime = 98.93000000000001 s  ClockTime = 101 s

Time = 700

U0 initRes: 1.792097586478642e-06 finalRes: 9.375396486773373e-08 nIters: 3
U1 initRes: 5.038715973807159e-06 finalRes: 3.86205157077398e-07 nIters: 3
U2 initRes: 1.202587863857491e-05 finalRes: 1.107504306845198e-06 nIters: 2
p initRes: 0.0002257211743406984 finalRes: 1.313240952552256e-05 nIters: 1
Time step continuity errors : sum local = 0.000223420096258939
                                 global = -4.387398506434734e-08
                             cumulative = -0.1053529717490288
T initRes: 1.580705307477429e-05 finalRes: 7.37410648974823e-07 nIters: 3
nuTilda initRes: 0.0002614826116661235 finalRes: 5.932656287704006e-06 nIters: 2
TP1: 88.11748709977402 final: 88.11748709977402
TP2: 35.7730888522344 final: 35.7730888522344
HFX: 301.8137004801663 final: 301.8137004801663
yPlus min: 1.857363581247205 max: 55.32491520875641 mean: 23.67001875565023
ExecutionTime = 99.31 s  ClockTime = 102 s

Time = 800

U0 initRes: 1.792097563879901e-06 finalRes: 9.375396439530863e-08 nIters: 3
U1 initRes: 5.038715955038137e-06 finalRes: 3.862051567975161e-07 nIters: 3
U2 initRes: 1.202587863388364e-05 finalRes: 1.107504314843372e-06 nIters: 2
p initRes: 0.0002257211732067793 finalRes: 1.313241104113904e-05 nIters: 1
Time step continuity errors : sum local = 0.0002234201220723662
                                 global = -4.373582395663646e-08
                             cumulative = -0.1053530154848528
T initRes: 1.580705308049015e-05 finalRes: 7.374106482981144e-07 nIters: 3
nuTilda initRes: 0.0002614826117425146 finalRes: 5.932656293390608e-06 nIters: 2
TP1: 88.11748710394689 final: 88.11748710394689
TP2: 35.77308885423083 final: 35.77308885423083
HFX: 301.8137004846049 final: 301.8137004846049
yPlus min: 1.857363581429178 max: 55.32491520992138 mean: 23.67001875609991
ExecutionTime = 99.66 s  ClockTime = 102 s

Time = 900

U0 initRes: 1.792097537761058e-06 finalRes: 9.375396343561038e-08 nIters: 3
U1 initRes: 5.038715949121119e-06 finalRes: 3.862051560854465e-07 nIters: 3
U2 initRes: 1.202587863201186e-05 finalRes: 1.107504313846543e-06 nIters: 2
p initRes: 0.0002257211730548577 finalRes: 1.313241100577442e-05 nIters: 1
Time step continuity errors : sum local = 0.0002234201213656578
                                 global = -4.372629205112824e-08
                             cumulative = -0.1053530592111448
T initRes: 1.580705307986391e-05 finalRes: 7.374106495085365e-07 nIters: 3
nuTilda initRes: 0.0002614826117320108 finalRes: 5.932656291691421e-06 nIters: 2
TP1: 88.11748710394019 final: 88.11748710394019
TP2: 35.77308885436555 final: 35.77308885436555
HFX: 301.8137004850238 final: 301.8137004850238
yPlus min: 1.857363581343683 max: 55.32491521004964 mean: 23.67001875615196
ExecutionTime = 100.08 s  ClockTime = 102 s

Time = 1000

U0 initRes: 1.792097539875928e-06 finalRes: 9.375396354051883e-08 nIters: 3
U1 initRes: 5.038715949613388e-06 finalRes: 3.862051561477307e-07 nIters: 3
U2 initRes: 1.202587863259316e-05 finalRes: 1.107504313773618e-06 nIters: 2
p initRes: 0.0002257211730422998 finalRes: 1.313241101622894e-05 nIters: 1
Time step continuity errors : sum local = 0.000223420121635023
                                 global = -4.372959825748238e-08
                             cumulative = -0.1053531029407431
T initRes: 1.580705307890803e-05 finalRes: 7.374106491180895e-07 nIters: 3
nuTilda initRes: 0.0002614826117325049 finalRes: 5.932656291762028e-06 nIters: 2
TP1: 88.11748710386452 final: 88.11748710386452
TP2: 35.77308885431867 final: 35.77308885431867
HFX: 301.813700484903 final: 301.813700484903
yPlus min: 1.857363581344966 max: 55.32491521001734 mean: 23.67001875613922
ExecutionTime = 100.46 s  ClockTime = 103 s

End

Moving time 1000 to 0.0025
Printing Primal Residual Statistics.
U Residual Norm2: (25.54241775788788 24.00563889049046 10.62117524897854)
U Residual Mean: (0.03058409944543703 0.02710328503411373 0.01095508756543127)
U Residual Max: (13.58431076628742 10.92288670695338 8.381420250892177)
p Residual Norm2: 8.615674347484461
p Residual Mean: 0.01332002763596014
p Residual Max: 3.161996447605369
T Residual Norm2: 41.15134054858859
T Residual Mean: 0.04546539771318618
T Residual Max: 21.38361580754227
nuTilda Residual Norm2: 0.6512646106768979
nuTilda Residual Mean: 0.0004284200264375353
nuTilda Residual Max: 0.5278694176598648
phi Residual Norm2: 0.06462894826780059
phi Residual Mean: 2.564828012957453e-05
phi Residual Max: 0.04469428898883967
Total Residual Norm2: 55.76366346493472
 
 
DAInputVolCoord. 
Setting volume coordinates. 
Checking mesh quality for time = 1000
    Overall domain bounding box (-7.827391060555611e-15 -0.09450000000000007 -1.665428055625221e-06) (0.8445040451325123 0.09450000000000008 0.03750000000000003)
    Mesh has 3 geometric (non-empty/wedge) directions (1 1 1)
    Mesh has 3 solution (non-empty) directions (1 1 1)
    Boundary openness (9.244284232711933e-18 1.523924354173502e-18 -8.015334797841891e-17) OK.
    Max cell openness = 3.576217613347647e-16 OK.
    Max aspect ratio = 69.08288552215959 OK.
    Minimum face area = 1.673115955193596e-06. Maximum face area = 0.001155837995533057.  Face area magnitudes OK.
    Min volume = 5.879979247416085e-09. Max volume = 1.309214964295336e-05.  Total volume = 0.004719840785759647.  Cell volumes OK.
    Mesh non-orthogonality Max: 3.512282868662249 average: 0.2800806001952472
    Non-orthogonality check OK.
    Face pyramids OK.
    Max skewness = 0.2181850219635165 OK.
    Coupled point location match (average 0) OK.

Mesh OK.

Running Primal Solver 026
Previous solution time 1000 not found and nothing deleted.
No finite volume options present

Starting time loop

Time = 1

U0 initRes: 2.46026036876577e-06 finalRes: 1.162792088593584e-07 nIters: 3
U1 initRes: 1.979711478548865e-05 finalRes: 9.391614420269583e-07 nIters: 3
U2 initRes: 8.385758986146636e-05 finalRes: 7.400217860285563e-06 nIters: 2
p initRes: 0.0004410329579141822 finalRes: 1.81535924802271e-05 nIters: 3
Time step continuity errors : sum local = 0.0003088457056461611
                                 global = 4.004565907010253e-05
                             cumulative = -0.105313057281673
T initRes: 2.111971439337226e-05 finalRes: 9.932107169470963e-07 nIters: 3
nuTilda initRes: 0.0002092196175381599 finalRes: 6.785170322947292e-06 nIters: 2
TP1: 88.09692717795816 final: 88.09692717795816
TP2: 35.7731792466424 final: 35.7731792466424
HFX: 301.8136195572087 final: 301.8136195572087
yPlus min: 1.855925145721636 max: 55.32432710871832 mean: 23.67067014370446
ExecutionTime = 100.62 s  ClockTime = 103 s

Time = 100

U0 initRes: 1.899863875633276e-06 finalRes: 9.829279570478169e-08 nIters: 3
U1 initRes: 5.176999000844319e-06 finalRes: 3.88372103906663e-07 nIters: 3
U2 initRes: 1.268990152516912e-05 finalRes: 1.141789845359311e-06 nIters: 2
p initRes: 0.0002295576867248205 finalRes: 1.461176311431373e-05 nIters: 1
Time step continuity errors : sum local = 0.0002485784998874969
                                 global = -1.169030932714154e-06
                             cumulative = -0.1053142263126057
T initRes: 1.59025034502674e-05 finalRes: 7.378470687024103e-07 nIters: 3
nuTilda initRes: 0.0002620764569072718 finalRes: 5.968085912039675e-06 nIters: 2
TP1: 88.11741435645359 final: 88.11741435645359
TP2: 35.77313397794662 final: 35.77313397794662
HFX: 301.8114834809184 final: 301.8114834809184
yPlus min: 1.844300833806565 max: 55.32288654621459 mean: 23.66981176959003
ExecutionTime = 100.99 s  ClockTime = 103 s

Time = 200

U0 initRes: 1.796355032836405e-06 finalRes: 9.347900883289364e-08 nIters: 3
U1 initRes: 5.020914267391925e-06 finalRes: 3.846889256790045e-07 nIters: 3
U2 initRes: 1.214197889052867e-05 finalRes: 1.12194890750849e-06 nIters: 2
p initRes: 0.0002259859620022238 finalRes: 1.319764929660443e-05 nIters: 1
Time step continuity errors : sum local = 0.0002245214436965571
                                 global = 1.756060386375674e-06
                             cumulative = -0.1053124702522193
T initRes: 1.582106728459884e-05 finalRes: 7.371330248527692e-07 nIters: 3
nuTilda initRes: 0.0002618108461190336 finalRes: 5.938919617299089e-06 nIters: 2
TP1: 88.11742860978774 final: 88.11742860978774
TP2: 35.77317374228508 final: 35.77317374228508
HFX: 301.8116095213715 final: 301.8116095213715
yPlus min: 1.844336169188705 max: 55.32294820860443 mean: 23.66982144769393
ExecutionTime = 101.36 s  ClockTime = 104 s

Time = 300

U0 initRes: 1.791687652159657e-06 finalRes: 9.32377343330174e-08 nIters: 3
U1 initRes: 5.01620316741409e-06 finalRes: 3.84437212737544e-07 nIters: 3
U2 initRes: 1.21256875982684e-05 finalRes: 1.122155673767574e-06 nIters: 2
p initRes: 0.0002258127908363711 finalRes: 1.313202546440397e-05 nIters: 1
Time step continuity errors : sum local = 0.0002234050262809849
                                 global = 2.04889233668521e-07
                             cumulative = -0.1053122653629856
T initRes: 1.581752447771255e-05 finalRes: 7.36948934719386e-07 nIters: 3
nuTilda initRes: 0.0002617989819543487 finalRes: 5.93662208804429e-06 nIters: 2
TP1: 88.11734606530339 final: 88.11734606530339
TP2: 35.77315213749875 final: 35.77315213749875
HFX: 301.8115621884021 final: 301.8115621884021
yPlus min: 1.844316794002127 max: 55.32293628333956 mean: 23.66981694719689
ExecutionTime = 101.72 s  ClockTime = 104 s

Time = 400

U0 initRes: 1.791479578491764e-06 finalRes: 9.319371556078895e-08 nIters: 3
U1 initRes: 5.016724506248284e-06 finalRes: 3.844271256470197e-07 nIters: 3
U2 initRes: 1.212625733145309e-05 finalRes: 1.122273220169234e-06 nIters: 2
p initRes: 0.0002258032573882953 finalRes: 1.311950225852235e-05 nIters: 1
Time step continuity errors : sum local = 0.0002231919952590805
                                 global = 4.456746982014581e-07
                             cumulative = -0.1053118196882874
T initRes: 1.581734632373497e-05 finalRes: 7.369339471098422e-07 nIters: 3
nuTilda initRes: 0.0002617983884908102 finalRes: 5.93654729884728e-06 nIters: 2
TP1: 88.11734192030738 final: 88.11734192030738
TP2: 35.77315564331485 final: 35.77315564331485
HFX: 301.8115706232095 final: 301.8115706232095
yPlus min: 1.844314284015649 max: 55.32293877707452 mean: 23.66981786532645
ExecutionTime = 102.1 s  ClockTime = 104 s

Time = 500

U0 initRes: 1.79147356013154e-06 finalRes: 9.319423647838044e-08 nIters: 3
U1 initRes: 5.016713571357357e-06 finalRes: 3.844294829255656e-07 nIters: 3
U2 initRes: 1.212616001250724e-05 finalRes: 1.122265090279417e-06 nIters: 2
p initRes: 0.0002258030967667209 finalRes: 1.311861295687794e-05 nIters: 1
Time step continuity errors : sum local = 0.0002231768674324458
                                 global = 4.86612739524912e-07
                             cumulative = -0.1053113330755479
T initRes: 1.581733436782227e-05 finalRes: 7.36936842791104e-07 nIters: 3
nuTilda initRes: 0.0002617983789176916 finalRes: 5.936553021916568e-06 nIters: 2
TP1: 88.11734325305456 final: 88.11734325305456
TP2: 35.77315623858717 final: 35.77315623858717
HFX: 301.8115718706258 final: 301.8115718706258
yPlus min: 1.844314445109618 max: 55.32293907903833 mean: 23.66981796350368
ExecutionTime = 102.45 s  ClockTime = 105 s

Time = 600

U0 initRes: 1.791471446117164e-06 finalRes: 9.31947195240893e-08 nIters: 3
U1 initRes: 5.016705163279312e-06 finalRes: 3.844297666217857e-07 nIters: 3
U2 initRes: 1.212614951020308e-05 finalRes: 1.122263389911481e-06 nIters: 2
p initRes: 0.0002258029858254291 finalRes: 1.311865004774249e-05 nIters: 1
Time step continuity errors : sum local = 0.0002231774982612753
                                 global = 4.838348482823098e-07
                             cumulative = -0.1053108492406996
T initRes: 1.581733518997226e-05 finalRes: 7.369367452940714e-07 nIters: 3
nuTilda initRes: 0.0002617983786995392 finalRes: 5.936552960719348e-06 nIters: 2
TP1: 88.11734334261409 final: 88.11734334261409
TP2: 35.77315620162275 final: 35.77315620162275
HFX: 301.8115717416111 final: 301.8115717416111
yPlus min: 1.844314482382452 max: 55.3229390416399 mean: 23.6698179497987
ExecutionTime = 102.92 s  ClockTime = 105 s

Time = 700

U0 initRes: 1.791471478437189e-06 finalRes: 9.319471433290292e-08 nIters: 3
U1 initRes: 5.016705756113334e-06 finalRes: 3.844297527290996e-07 nIters: 3
U2 initRes: 1.212615073261931e-05 finalRes: 1.122263480189391e-06 nIters: 2
p initRes: 0.0002258029810561196 finalRes: 1.311866193160213e-05 nIters: 1
Time step continuity errors : sum local = 0.0002231777004070816
                                 global = 4.830881393902852e-07
                             cumulative = -0.1053103661525602
T initRes: 1.581733540020638e-05 finalRes: 7.369366712998792e-07 nIters: 3
nuTilda initRes: 0.000261798378853182 finalRes: 5.936552851345528e-06 nIters: 2
TP1: 88.11734331783566 final: 88.11734331783566
TP2: 35.77315619119315 final: 35.77315619119315
HFX: 301.8115717167117 final: 301.8115717167117
yPlus min: 1.844314478810938 max: 55.3229390357873 mean: 23.66981794786195
ExecutionTime = 103.27 s  ClockTime = 106 s

Time = 800

U0 initRes: 1.791471503764325e-06 finalRes: 9.31947045887459e-08 nIters: 3
U1 initRes: 5.016705961325994e-06 finalRes: 3.84429749248489e-07 nIters: 3
U2 initRes: 1.212615092280056e-05 finalRes: 1.122263511392898e-06 nIters: 2
p initRes: 0.0002258029827018271 finalRes: 1.311866111512518e-05 nIters: 1
Time step continuity errors : sum local = 0.0002231776864982981
                                 global = 4.831320371177542e-07
                             cumulative = -0.1053098830205231
T initRes: 1.5817335388421e-05 finalRes: 7.369366713905538e-07 nIters: 3
nuTilda initRes: 0.0002617983788574971 finalRes: 5.936552850611734e-06 nIters: 2
TP1: 88.11734331572373 final: 88.11734331572373
TP2: 35.77315619181042 final: 35.77315619181042
HFX: 301.8115717187571 final: 301.8115717187571
yPlus min: 1.844314477973067 max: 55.32293903643421 mean: 23.66981794809315
ExecutionTime = 103.61 s  ClockTime = 106 s

Time = 900

U0 initRes: 1.791471502138294e-06 finalRes: 9.319470446942238e-08 nIters: 3
U1 initRes: 5.016705955738489e-06 finalRes: 3.844297495704941e-07 nIters: 3
U2 initRes: 1.212615090130118e-05 finalRes: 1.122263510270347e-06 nIters: 2
p initRes: 0.0002258029828178965 finalRes: 1.311866085676908e-05 nIters: 1
Time step continuity errors : sum local = 0.0002231776821577777
                                 global = 4.831470006793668e-07
                             cumulative = -0.1053093998735224
T initRes: 1.581733538205875e-05 finalRes: 7.36936675401012e-07 nIters: 3
nuTilda initRes: 0.0002617983788552825 finalRes: 5.936552852637025e-06 nIters: 2
TP1: 88.11734331615159 final: 88.11734331615159
TP2: 35.77315619202314 final: 35.77315619202314
HFX: 301.8115717192548 final: 301.8115717192548
yPlus min: 1.844314478020655 max: 55.32293903655733 mean: 23.66981794813357
ExecutionTime = 104.06 s  ClockTime = 107 s

Time = 1000

U0 initRes: 1.791471501482888e-06 finalRes: 9.319470464015152e-08 nIters: 3
U1 initRes: 5.016705952191166e-06 finalRes: 3.844297496476759e-07 nIters: 3
U2 initRes: 1.212615089690412e-05 finalRes: 1.122263509639401e-06 nIters: 2
p initRes: 0.0002258029827892764 finalRes: 1.311866087145996e-05 nIters: 1
Time step continuity errors : sum local = 0.0002231776823573258
                                 global = 4.831464252626961e-07
                             cumulative = -0.1053089167270972
T initRes: 1.581733538469071e-05 finalRes: 7.369366739507039e-07 nIters: 3
nuTilda initRes: 0.0002617983788552406 finalRes: 5.936552852684671e-06 nIters: 2
TP1: 88.11734331619685 final: 88.11734331619685
TP2: 35.77315619201543 final: 35.77315619201543
HFX: 301.8115717192242 final: 301.8115717192242
yPlus min: 1.844314478038686 max: 55.32293903654742 mean: 23.66981794812995
ExecutionTime = 104.43 s  ClockTime = 107 s

End

Moving time 1000 to 0.0026
Printing Primal Residual Statistics.
U Residual Norm2: (25.52214295930712 24.02345714731464 10.58071086397056)
U Residual Mean: (0.03067417951435129 0.02708009226121541 0.01097767931885498)
U Residual Max: (13.58707318261174 10.93608049083849 8.328499673068356)
p Residual Norm2: 8.625014425858939
p Residual Mean: 0.01332664561756136
p Residual Max: 3.164992884600657
T Residual Norm2: 41.16718967278058
T Residual Mean: 0.04550596472751688
T Residual Max: 21.3575134870629
nuTilda Residual Norm2: 0.6510813279447584
nuTilda Residual Mean: 0.0004285127718539151
nuTilda Residual Max: 0.5275085627908201
phi Residual Norm2: 0.06461709153207797
phi Residual Mean: 2.571575655289771e-05
phi Residual Max: 0.04467179488571407
Total Residual Norm2: 55.76750109693101
 
 
DAInputVolCoord. 
Setting volume coordinates. 
Checking mesh quality for time = 1000
    Overall domain bounding box (-1.207925755118933e-10 -0.09450000000000007 -6.957836027072102e-07) (0.8444999996756601 0.09450000000000008 0.03750000000000003)
    Mesh has 3 geometric (non-empty/wedge) directions (1 1 1)
    Mesh has 3 solution (non-empty) directions (1 1 1)
    Boundary openness (1.026622411837748e-17 -4.63173758876169e-18 -6.334570410464646e-17) OK.
    Max cell openness = 3.564590155337179e-16 OK.
    Max aspect ratio = 69.08288552496076 OK.
    Minimum face area = 1.673115214977738e-06. Maximum face area = 0.001155837989521639.  Face area magnitudes OK.
    Min volume = 5.879984962640403e-09. Max volume = 1.309214510374931e-05.  Total volume = 0.00471982625986422.  Cell volumes OK.
    Mesh non-orthogonality Max: 3.512282936472151 average: 0.2800799276472676
    Non-orthogonality check OK.
    Face pyramids OK.
    Max skewness = 0.2181529192556377 OK.
    Coupled point location match (average 0) OK.

Mesh OK.

Running Primal Solver 027
Previous solution time 1000 not found and nothing deleted.
No finite volume options present

Starting time loop

Time = 1

U0 initRes: 2.413406152019335e-06 finalRes: 2.391224591000447e-07 nIters: 2
U1 initRes: 7.077726049047834e-06 finalRes: 3.938318876162812e-07 nIters: 3
U2 initRes: 2.915734377517695e-05 finalRes: 1.695034178994559e-06 nIters: 2
p initRes: 0.0003030293776869606 finalRes: 2.067942182613329e-05 nIters: 2
Time step continuity errors : sum local = 0.0003518053640634043
                                 global = 2.282053766450729e-06
                             cumulative = -0.1053066346733307
T initRes: 1.712195105703048e-05 finalRes: 7.570902645049454e-07 nIters: 3
nuTilda initRes: 0.0002070557040791664 finalRes: 6.594412153289232e-06 nIters: 2
TP1: 88.12090523260623 final: 88.12090523260623
TP2: 35.77316155343439 final: 35.77316155343439
HFX: 301.8110083962351 final: 301.8110083962351
yPlus min: 1.855186498200414 max: 55.3238312693211 mean: 23.67045145027621
ExecutionTime = 104.57 s  ClockTime = 107 s

Time = 100

U0 initRes: 1.822571249407536e-06 finalRes: 9.553476065370336e-08 nIters: 3
U1 initRes: 5.088499719494488e-06 finalRes: 3.875928630246532e-07 nIters: 3
U2 initRes: 1.224285312802366e-05 finalRes: 1.117299545125403e-06 nIters: 2
p initRes: 0.0002268971334145301 finalRes: 1.346547674622929e-05 nIters: 1
Time step continuity errors : sum local = 0.0002290752538901158
                                 global = 1.349424448931801e-06
                             cumulative = -0.1053052852488818
T initRes: 1.585707458127769e-05 finalRes: 7.404863621323241e-07 nIters: 3
nuTilda initRes: 0.0002616777737324646 finalRes: 5.940109098928408e-06 nIters: 2
TP1: 88.11946156679991 final: 88.11946156679991
TP2: 35.77319493777506 final: 35.77319493777506
HFX: 301.8120197430093 final: 301.8120197430093
yPlus min: 1.847621903854646 max: 55.32717141346851 mean: 23.66995215128466
ExecutionTime = 105.07 s  ClockTime = 108 s

Time = 200

U0 initRes: 1.794046310868036e-06 finalRes: 9.385295490848893e-08 nIters: 3
U1 initRes: 5.040162527372669e-06 finalRes: 3.8627361888327e-07 nIters: 3
U2 initRes: 1.203381521052256e-05 finalRes: 1.108444331685911e-06 nIters: 2
p initRes: 0.0002259030941836922 finalRes: 1.318372062731691e-05 nIters: 1
Time step continuity errors : sum local = 0.000224282187269754
                                 global = -9.834089953441151e-07
                             cumulative = -0.1053062686578772
T initRes: 1.581580240241194e-05 finalRes: 7.37771562172389e-07 nIters: 3
nuTilda initRes: 0.0002616361111739374 finalRes: 5.934661712922657e-06 nIters: 2
TP1: 88.11940307456213 final: 88.11940307456213
TP2: 35.77316232985842 final: 35.77316232985842
HFX: 301.8118536164358 final: 301.8118536164358
yPlus min: 1.847648122124227 max: 55.32713093789604 mean: 23.66995100592425
ExecutionTime = 105.35 s  ClockTime = 108 s

Time = 300

U0 initRes: 1.79258993086556e-06 finalRes: 9.380458132695677e-08 nIters: 3
U1 initRes: 5.040068239363966e-06 finalRes: 3.863223410040062e-07 nIters: 3
U2 initRes: 1.203325984647358e-05 finalRes: 1.108299262482032e-06 nIters: 2
p initRes: 0.0002257996768683232 finalRes: 1.309590605466915e-05 nIters: 1
Time step continuity errors : sum local = 0.0002227883207298221
                                 global = 6.157670472060439e-08
                             cumulative = -0.1053062070811724
T initRes: 1.581532626731542e-05 finalRes: 7.376611915105581e-07 nIters: 3
nuTilda initRes: 0.0002616309548405231 finalRes: 5.934456473420462e-06 nIters: 2
TP1: 88.11942766649955 final: 88.11942766649955
TP2: 35.77317771471358 final: 35.77317771471358
HFX: 301.8118845389328 final: 301.8118845389328
yPlus min: 1.847646977010951 max: 55.32713893369438 mean: 23.66995452287565
ExecutionTime = 105.58 s  ClockTime = 108 s

Time = 400

U0 initRes: 1.792516973105819e-06 finalRes: 9.380383545637981e-08 nIters: 3
U1 initRes: 5.040141328645915e-06 finalRes: 3.863240509519258e-07 nIters: 3
U2 initRes: 1.203317137849874e-05 finalRes: 1.108279319214124e-06 nIters: 2
p initRes: 0.0002257924983141783 finalRes: 1.308908480308816e-05 nIters: 1
Time step continuity errors : sum local = 0.000222672272868832
                                 global = -2.063551905037922e-08
                             cumulative = -0.1053062277166915
T initRes: 1.581530095082693e-05 finalRes: 7.376597653098518e-07 nIters: 3
nuTilda initRes: 0.0002616309584428874 finalRes: 5.934448057384022e-06 nIters: 2
TP1: 88.11942452323905 final: 88.11942452323905
TP2: 35.77317654825581 final: 35.77317654825581
HFX: 301.8118819772963 final: 301.8118819772963
yPlus min: 1.847646498262385 max: 55.32713836865819 mean: 23.66995430126421
ExecutionTime = 105.81 s  ClockTime = 108 s

Time = 500

U0 initRes: 1.792527180183585e-06 finalRes: 9.380391982965765e-08 nIters: 3
U1 initRes: 5.040125213887932e-06 finalRes: 3.863240439013303e-07 nIters: 3
U2 initRes: 1.203317766301719e-05 finalRes: 1.108280389956994e-06 nIters: 2
p initRes: 0.0002257919163549419 finalRes: 1.3088830468621e-05 nIters: 1
Time step continuity errors : sum local = 0.0002226679458968203
                                 global = -2.67825252244015e-08
                             cumulative = -0.1053062544992167
T initRes: 1.581530009440017e-05 finalRes: 7.376602927322321e-07 nIters: 3
nuTilda initRes: 0.0002616309579044721 finalRes: 5.934449134498407e-06 nIters: 2
TP1: 88.11942461712954 final: 88.11942461712954
TP2: 35.77317645861076 final: 35.77317645861076
HFX: 301.8118817237 final: 301.8118817237
yPlus min: 1.847646583426832 max: 55.32713829154414 mean: 23.66995426799382
ExecutionTime = 106.04 s  ClockTime = 109 s

Time = 600

U0 initRes: 1.792525765022169e-06 finalRes: 9.380391207449387e-08 nIters: 3
U1 initRes: 5.040126713631433e-06 finalRes: 3.863240168981349e-07 nIters: 3
U2 initRes: 1.203317653374826e-05 finalRes: 1.108280401374963e-06 nIters: 2
p initRes: 0.0002257918493962439 finalRes: 1.308880834861981e-05 nIters: 1
Time step continuity errors : sum local = 0.0002226675697657721
                                 global = -2.434192149040032e-08
                             cumulative = -0.1053062788411382
T initRes: 1.581530016340028e-05 finalRes: 7.376602912988228e-07 nIters: 3
nuTilda initRes: 0.0002616309577405719 finalRes: 5.934449061797302e-06 nIters: 2
TP1: 88.11942465611506 final: 88.11942465611506
TP2: 35.77317649339946 final: 35.77317649339946
HFX: 301.8118818157416 final: 301.8118818157416
yPlus min: 1.847646576529839 max: 55.32713831583601 mean: 23.66995427772085
ExecutionTime = 106.27 s  ClockTime = 109 s

Time = 700

U0 initRes: 1.792525827249079e-06 finalRes: 9.380391194381e-08 nIters: 3
U1 initRes: 5.040126708461471e-06 finalRes: 3.863240201168839e-07 nIters: 3
U2 initRes: 1.20331765160565e-05 finalRes: 1.108280379132538e-06 nIters: 2
p initRes: 0.000225791852733311 finalRes: 1.308880449611711e-05 nIters: 1
Time step continuity errors : sum local = 0.0002226675041809899
                                 global = -2.467482739030553e-08
                             cumulative = -0.1053063035159656
T initRes: 1.581530016192566e-05 finalRes: 7.376602879112015e-07 nIters: 3
nuTilda initRes: 0.000261630957714033 finalRes: 5.934449055417508e-06 nIters: 2
TP1: 88.11942464729557 final: 88.11942464729557
TP2: 35.77317648867268 final: 35.77317648867268
HFX: 301.8118818039843 final: 301.8118818039843
yPlus min: 1.847646576261164 max: 55.32713831285392 mean: 23.66995427656256
ExecutionTime = 106.49 s  ClockTime = 109 s

Time = 800

U0 initRes: 1.792525843864415e-06 finalRes: 9.380391206168202e-08 nIters: 3
U1 initRes: 5.040126680616703e-06 finalRes: 3.863240200008785e-07 nIters: 3
U2 initRes: 1.203317653755176e-05 finalRes: 1.10828038319364e-06 nIters: 2
p initRes: 0.0002257918521796023 finalRes: 1.308880499341829e-05 nIters: 1
Time step continuity errors : sum local = 0.0002226675125949538
                                 global = -2.465942713872638e-08
                             cumulative = -0.1053063281753927
T initRes: 1.581530016084914e-05 finalRes: 7.376602881397112e-07 nIters: 3
nuTilda initRes: 0.0002616309577207512 finalRes: 5.934449057989672e-06 nIters: 2
TP1: 88.11942464821297 final: 88.11942464821297
TP2: 35.77317648888876 final: 35.77317648888876
HFX: 301.811881804398 final: 301.811881804398
yPlus min: 1.847646576445016 max: 55.32713831294435 mean: 23.66995427659224
ExecutionTime = 106.72 s  ClockTime = 109 s

Time = 900

U0 initRes: 1.792525839379115e-06 finalRes: 9.380391203311268e-08 nIters: 3
U1 initRes: 5.040126686078816e-06 finalRes: 3.863240199543261e-07 nIters: 3
U2 initRes: 1.203317653366711e-05 finalRes: 1.108280382823853e-06 nIters: 2
p initRes: 0.0002257918521556041 finalRes: 1.308880495404278e-05 nIters: 1
Time step continuity errors : sum local = 0.0002226675119273593
                                 global = -2.465605423734473e-08
                             cumulative = -0.105306352831447
T initRes: 1.581530016179503e-05 finalRes: 7.376602871619056e-07 nIters: 3
nuTilda initRes: 0.0002616309577198999 finalRes: 5.934449057623648e-06 nIters: 2
TP1: 88.11942464820612 final: 88.11942464820612
TP2: 35.77317648893707 final: 35.77317648893707
HFX: 301.8118818045423 final: 301.8118818045423
yPlus min: 1.847646576416751 max: 55.3271383129837 mean: 23.66995427660855
ExecutionTime = 106.94 s  ClockTime = 110 s

Time = 1000

U0 initRes: 1.792525839919787e-06 finalRes: 9.380391203199365e-08 nIters: 3
U1 initRes: 5.040126685603e-06 finalRes: 3.863240199745404e-07 nIters: 3
U2 initRes: 1.2033176534241e-05 finalRes: 1.108280382863178e-06 nIters: 2
p initRes: 0.0002257918521757104 finalRes: 1.308880495664222e-05 nIters: 1
Time step continuity errors : sum local = 0.0002226675119243828
                                 global = -2.465697501535754e-08
                             cumulative = -0.105306377488422
T initRes: 1.58153001626908e-05 finalRes: 7.376602886826574e-07 nIters: 3
nuTilda initRes: 0.0002616309577199715 finalRes: 5.934449057654652e-06 nIters: 2
TP1: 88.11942464818998 final: 88.11942464818998
TP2: 35.77317648892397 final: 35.77317648892397
HFX: 301.8118818045061 final: 301.8118818045061
yPlus min: 1.847646576417454 max: 55.32713831297471 mean: 23.66995427660495
ExecutionTime = 107.16 s  ClockTime = 110 s

End

Moving time 1000 to 0.0027
Printing Primal Residual Statistics.
U Residual Norm2: (25.55473669608485 24.01345549302393 10.63020923082531)
U Residual Mean: (0.03059761608969225 0.02711509532082277 0.01096067674570402)
U Residual Max: (13.58386902509194 10.92730229235653 8.38934983961199)
p Residual Norm2: 8.617339171698353
p Residual Mean: 0.01332361178398165
p Residual Max: 3.16090362933186
T Residual Norm2: 41.17266175020163
T Residual Mean: 0.04548289706070208
T Residual Max: 21.40435498105219
nuTilda Residual Norm2: 0.6519609695104959
nuTilda Residual Mean: 0.0004286364687009316
nuTilda Residual Max: 0.528642638237337
phi Residual Norm2: 0.06463549283521725
phi Residual Mean: 2.565897116353465e-05
phi Residual Max: 0.04469123505513319
Total Residual Norm2: 55.79039165897738
 
 
DAInputVolCoord. 
Setting volume coordinates. 
Checking mesh quality for time = 1000
    Overall domain bounding box (3.030274615329605e-39 -0.09450000000000007 -5.249163304969855e-07) (0.8445019612010987 0.09450000000000008 0.03750000000000003)
    Mesh has 3 geometric (non-empty/wedge) directions (1 1 1)
    Mesh has 3 solution (non-empty) directions (1 1 1)
    Boundary openness (1.542009321154628e-17 9.812197785477693e-18 -5.814161206345606e-17) OK.
    Max cell openness = 4.732749853626314e-16 OK.
    Max aspect ratio = 69.0828855222446 OK.
    Minimum face area = 1.673087871459235e-06. Maximum face area = 0.001155838001399286.  Face area magnitudes OK.
    Min volume = 5.879889098125388e-09. Max volume = 1.309214816330277e-05.  Total volume = 0.004719835433071464.  Cell volumes OK.
    Mesh non-orthogonality Max: 3.512282956115501 average: 0.2800808885818521
    Non-orthogonality check OK.
    Face pyramids OK.
    Max skewness = 0.2181680069898381 OK.
    Coupled point location match (average 0) OK.

Mesh OK.

Running Primal Solver 028
Previous solution time 1000 not found and nothing deleted.
No finite volume options present

Starting time loop

Time = 1

U0 initRes: 2.191713299616228e-06 finalRes: 9.966714525502071e-08 nIters: 3
U1 initRes: 7.333751408416059e-06 finalRes: 4.100330489994428e-07 nIters: 3
U2 initRes: 2.18662214658825e-05 finalRes: 1.751107289646073e-06 nIters: 2
p initRes: 0.0002857561060814558 finalRes: 7.51830178652294e-06 nIters: 2
Time step continuity errors : sum local = 0.0001279039487260787
                                 global = 5.202032201339447e-08
                             cumulative = -0.1053063254681
T initRes: 1.681440577363721e-05 finalRes: 7.546755035373735e-07 nIters: 3
nuTilda initRes: 0.000206881559983788 finalRes: 6.572861790609375e-06 nIters: 2
TP1: 88.11767194361278 final: 88.11767194361278
TP2: 35.77317685792402 final: 35.77317685792402
HFX: 301.8113263311265 final: 301.8113263311265
yPlus min: 1.854085866884241 max: 55.32656813801437 mean: 23.67059876199846
ExecutionTime = 107.29 s  ClockTime = 110 s

Time = 100

U0 initRes: 1.824175072151705e-06 finalRes: 9.397381484432859e-08 nIters: 3
U1 initRes: 5.087254536405555e-06 finalRes: 3.856158058603119e-07 nIters: 3
U2 initRes: 1.243369176520987e-05 finalRes: 1.139356243902137e-06 nIters: 2
p initRes: 0.0002276627965906246 finalRes: 1.380815563698045e-05 nIters: 1
Time step continuity errors : sum local = 0.0002349088401496138
                                 global = 1.824807412787657e-06
                             cumulative = -0.1053045006606872
T initRes: 1.586011280059884e-05 finalRes: 7.378351410487962e-07 nIters: 3
nuTilda initRes: 0.0002619232611857095 finalRes: 5.942394205225024e-06 nIters: 2
TP1: 88.11814183415608 final: 88.11814183415608
TP2: 35.77318241045859 final: 35.77318241045859
HFX: 301.8118996657371 final: 301.8118996657371
yPlus min: 1.847235228726301 max: 55.32458577113357 mean: 23.66990479498349
ExecutionTime = 107.51 s  ClockTime = 110 s

Time = 200

U0 initRes: 1.797606021385421e-06 finalRes: 9.349134343560705e-08 nIters: 3
U1 initRes: 5.019780259599481e-06 finalRes: 3.845650125845392e-07 nIters: 3
U2 initRes: 1.214487417921573e-05 finalRes: 1.123510026457001e-06 nIters: 2
p initRes: 0.0002260279315942462 finalRes: 1.324064330704652e-05 nIters: 1
Time step continuity errors : sum local = 0.0002252538423176392
                                 global = -1.172506629598687e-06
                             cumulative = -0.1053056731673168
T initRes: 1.582344570007561e-05 finalRes: 7.368950943020848e-07 nIters: 3
nuTilda initRes: 0.000261841099352825 finalRes: 5.937170087325187e-06 nIters: 2
TP1: 88.11822331110396 final: 88.11822331110396
TP2: 35.77313760442097 final: 35.77313760442097
HFX: 301.8118775073925 final: 301.8118775073925
yPlus min: 1.847265483934096 max: 55.32457092053398 mean: 23.66989326670079
ExecutionTime = 107.74 s  ClockTime = 110 s

Time = 300

U0 initRes: 1.791915546121164e-06 finalRes: 9.318185075750806e-08 nIters: 3
U1 initRes: 5.018174742584721e-06 finalRes: 3.844793324958774e-07 nIters: 3
U2 initRes: 1.212929012925849e-05 finalRes: 1.122577415525238e-06 nIters: 2
p initRes: 0.0002258443048632501 finalRes: 1.31194574776062e-05 nIters: 1
Time step continuity errors : sum local = 0.000223192230581035
                                 global = 4.207277699608713e-07
                             cumulative = -0.1053052524395468
T initRes: 1.581965811572082e-05 finalRes: 7.369766733307913e-07 nIters: 3
nuTilda initRes: 0.0002618341366178887 finalRes: 5.937028705487785e-06 nIters: 2
TP1: 88.11824527427655 final: 88.11824527427655
TP2: 35.77316367882177 final: 35.77316367882177
HFX: 301.8119477972546 final: 301.8119477972546
yPlus min: 1.847261562269815 max: 55.32459170825865 mean: 23.66989951149951
ExecutionTime = 107.98 s  ClockTime = 111 s

Time = 400

U0 initRes: 1.791648568318728e-06 finalRes: 9.319152156553444e-08 nIters: 3
U1 initRes: 5.017127392452732e-06 finalRes: 3.84460284516036e-07 nIters: 3
U2 initRes: 1.212790729867585e-05 finalRes: 1.122439906093425e-06 nIters: 2
p initRes: 0.0002258280556783113 finalRes: 1.311704962914874e-05 nIters: 1
Time step continuity errors : sum local = 0.000223151265863226
                                 global = 3.920570022794673e-07
                             cumulative = -0.1053048603825445
T initRes: 1.581950715046016e-05 finalRes: 7.369847860569844e-07 nIters: 3
nuTilda initRes: 0.0002618339389704364 finalRes: 5.937041721217653e-06 nIters: 2
TP1: 88.11825396928761 final: 88.11825396928761
TP2: 35.77316315280817 final: 35.77316315280817
HFX: 301.8119495732427 final: 301.8119495732427
yPlus min: 1.847264354967544 max: 55.32459232352554 mean: 23.66989956038753
ExecutionTime = 108.29 s  ClockTime = 111 s

Time = 500

U0 initRes: 1.791646632143402e-06 finalRes: 9.319110701234652e-08 nIters: 3
U1 initRes: 5.017119217095026e-06 finalRes: 3.844587175931283e-07 nIters: 3
U2 initRes: 1.21279252683185e-05 finalRes: 1.122441900735986e-06 nIters: 2
p initRes: 0.0002258271017331297 finalRes: 1.311773680489384e-05 nIters: 1
Time step continuity errors : sum local = 0.0002231629548163036
                                 global = 3.520712546604535e-07
                             cumulative = -0.1053045083112899
T initRes: 1.581950999519319e-05 finalRes: 7.369831947797427e-07 nIters: 3
nuTilda initRes: 0.0002618339389256918 finalRes: 5.937036676051134e-06 nIters: 2
TP1: 88.11825293878171 final: 88.11825293878171
TP2: 35.77316258707403 final: 35.77316258707403
HFX: 301.8119484042676 final: 301.8119484042676
yPlus min: 1.8472643034507 max: 55.32459206301324 mean: 23.66989946624379
ExecutionTime = 108.67 s  ClockTime = 111 s

Time = 600

U0 initRes: 1.79164739317875e-06 finalRes: 9.319081429274539e-08 nIters: 3
U1 initRes: 5.017120763045285e-06 finalRes: 3.844584853830021e-07 nIters: 3
U2 initRes: 1.212792741567821e-05 finalRes: 1.122442823058545e-06 nIters: 2
p initRes: 0.0002258271378362418 finalRes: 1.311767718750832e-05 nIters: 1
Time step continuity errors : sum local = 0.0002231619407934747
                                 global = 3.566031433822198e-07
                             cumulative = -0.1053041517081465
T initRes: 1.581950932554081e-05 finalRes: 7.369833647059526e-07 nIters: 3
nuTilda initRes: 0.0002618339391515417 finalRes: 5.93703685672104e-06 nIters: 2
TP1: 88.11825299649362 final: 88.11825299649362
TP2: 35.7731626502222 final: 35.7731626502222
HFX: 301.8119485840418 final: 301.8119485840418
yPlus min: 1.847264300465086 max: 55.32459211230725 mean: 23.66989948431748
ExecutionTime = 109.17 s  ClockTime = 112 s

Time = 700

U0 initRes: 1.791647387430147e-06 finalRes: 9.319085841461992e-08 nIters: 3
U1 initRes: 5.017119272596038e-06 finalRes: 3.844584886546174e-07 nIters: 3
U2 initRes: 1.212792654800399e-05 finalRes: 1.122442696546573e-06 nIters: 2
p initRes: 0.0002258271272823151 finalRes: 1.311768405202772e-05 nIters: 1
Time step continuity errors : sum local = 0.0002231620575568074
                                 global = 3.563327443904369e-07
                             cumulative = -0.1053037953754021
T initRes: 1.581950932500696e-05 finalRes: 7.369833775709379e-07 nIters: 3
nuTilda initRes: 0.0002618339389827668 finalRes: 5.937036875360091e-06 nIters: 2
TP1: 88.11825300783282 final: 88.11825300783282
TP2: 35.7731626462803 final: 35.7731626462803
HFX: 301.8119485735016 final: 301.8119485735016
yPlus min: 1.8472643058867 max: 55.32459210879135 mean: 23.66989948300738
ExecutionTime = 109.64 s  ClockTime = 112 s

Time = 800

U0 initRes: 1.791647410267432e-06 finalRes: 9.319085574112606e-08 nIters: 3
U1 initRes: 5.017119364955097e-06 finalRes: 3.8445848555004e-07 nIters: 3
U2 initRes: 1.212792668336348e-05 finalRes: 1.122442707685892e-06 nIters: 2
p initRes: 0.000225827127174293 finalRes: 1.311768514976509e-05 nIters: 1
Time step continuity errors : sum local = 0.0002231620762633459
                                 global = 3.562786407524183e-07
                             cumulative = -0.1053034390967613
T initRes: 1.581950933353589e-05 finalRes: 7.369833737411675e-07 nIters: 3
nuTilda initRes: 0.0002618339389919192 finalRes: 5.937036865175323e-06 nIters: 2
TP1: 88.11825300509575 final: 88.11825300509575
TP2: 35.77316264549045 final: 35.77316264549045
HFX: 301.8119485720782 final: 301.8119485720782
yPlus min: 1.847264305406624 max: 55.32459210849391 mean: 23.66989948291522
ExecutionTime = 110.12 s  ClockTime = 113 s

Time = 900

U0 initRes: 1.791647411529586e-06 finalRes: 9.319085554288538e-08 nIters: 3
U1 initRes: 5.017119362191086e-06 finalRes: 3.844584854275983e-07 nIters: 3
U2 initRes: 1.212792667816262e-05 finalRes: 1.122442707996504e-06 nIters: 2
p initRes: 0.0002258271272741999 finalRes: 1.311768495985908e-05 nIters: 1
Time step continuity errors : sum local = 0.0002231620730729117
                                 global = 3.562908147678211e-07
                             cumulative = -0.1053030828059466
T initRes: 1.581950933219814e-05 finalRes: 7.369833742331341e-07 nIters: 3
nuTilda initRes: 0.0002618339389905934 finalRes: 5.937036866354156e-06 nIters: 2
TP1: 88.11825300539441 final: 88.11825300539441
TP2: 35.7731626456598 final: 35.7731626456598
HFX: 301.8119485725016 final: 301.8119485725016
yPlus min: 1.847264305429869 max: 55.32459210859655 mean: 23.66989948295218
ExecutionTime = 110.62 s  ClockTime = 113 s

Time = 1000

U0 initRes: 1.79164741160858e-06 finalRes: 9.319085564820478e-08 nIters: 3
U1 initRes: 5.017119359992276e-06 finalRes: 3.844584854561739e-07 nIters: 3
U2 initRes: 1.212792667712267e-05 finalRes: 1.12244270772842e-06 nIters: 2
p initRes: 0.000225827127260308 finalRes: 1.31176849870403e-05 nIters: 1
Time step continuity errors : sum local = 0.0002231620734447473
                                 global = 3.562894845436368e-07
                             cumulative = -0.105302726516462
T initRes: 1.581950933203549e-05 finalRes: 7.369833730475509e-07 nIters: 3
nuTilda initRes: 0.0002618339389903114 finalRes: 5.937036866306275e-06 nIters: 2
TP1: 88.1182530053908 final: 88.1182530053908
TP2: 35.7731626456408 final: 35.7731626456408
HFX: 301.8119485724499 final: 301.8119485724499
yPlus min: 1.847264305438342 max: 55.32459210858196 mean: 23.66989948294684
ExecutionTime = 111.15 s  ClockTime = 114 s

End

Moving time 1000 to 0.0028
Printing Primal Residual Statistics.
U Residual Norm2: (25.5251945855063 24.02520534734402 10.58397054435725)
U Residual Mean: (0.03067191213114883 0.02707946116907073 0.01097695129683443)
U Residual Max: (13.58702088714405 10.93716208603165 8.332005737486069)
p Residual Norm2: 8.625271564336543
p Residual Mean: 0.01332642754132741
p Residual Max: 3.164780446682478
T Residual Norm2: 41.17381767367797
T Residual Mean: 0.04550555726528392
T Residual Max: 21.3665574851607
nuTilda Residual Norm2: 0.6513382365619618
nuTilda Residual Mean: 0.000428547908668107
nuTilda Residual Max: 0.5278043909901745
phi Residual Norm2: 0.06461873872998598
phi Residual Mean: 2.571329161978246e-05
phi Residual Max: 0.04467162766296151
Total Residual Norm2: 55.77520480964155
 
 
DAInputVolCoord. 
Setting volume coordinates. 
Checking mesh quality for time = 1000
    Overall domain bounding box (-2.314705413108625e-10 -0.09450000000000007 -1.026369754761308e-06) (0.8444999999959549 0.09450000000000008 0.03750000000000003)
    Mesh has 3 geometric (non-empty/wedge) directions (1 1 1)
    Mesh has 3 solution (non-empty) directions (1 1 1)
    Boundary openness (1.062332814505315e-17 -7.096812690491521e-18 -8.108393474679051e-17) OK.
    Max cell openness = 3.980460277751875e-16 OK.
    Max aspect ratio = 69.08288552383797 OK.
    Minimum face area = 1.673060793748628e-06. Maximum face area = 0.001155837989892188.  Face area magnitudes OK.
    Min volume = 5.879982038957816e-09. Max volume = 1.309214550625991e-05.  Total volume = 0.004719831612246951.  Cell volumes OK.
    Mesh non-orthogonality Max: 3.512282833361098 average: 0.2800807849953271
    Non-orthogonality check OK.
    Face pyramids OK.
    Max skewness = 0.2181451815458041 OK.
    Coupled point location match (average 0) OK.

Mesh OK.

Running Primal Solver 029
Previous solution time 1000 not found and nothing deleted.
No finite volume options present

Starting time loop

Time = 1

U0 initRes: 2.279611184733351e-06 finalRes: 9.878191801265513e-08 nIters: 3
U1 initRes: 7.592731226411061e-06 finalRes: 4.22551227229228e-07 nIters: 3
U2 initRes: 2.50818037686933e-05 finalRes: 2.03617215178686e-06 nIters: 2
p initRes: 0.0002957670127225731 finalRes: 1.134032860811389e-05 nIters: 2
Time step continuity errors : sum local = 0.0001929291192926583
                                 global = 6.20930598712229e-07
                             cumulative = -0.1053021055858633
T initRes: 1.688009465056436e-05 finalRes: 7.545027745577723e-07 nIters: 3
nuTilda initRes: 0.0002068133409745878 finalRes: 6.575368094168619e-06 nIters: 2
TP1: 88.11825832963979 final: 88.11825832963979
TP2: 35.773164698369 final: 35.773164698369
HFX: 301.8112609778742 final: 301.8112609778742
yPlus min: 1.856731300322959 max: 55.32484111560576 mean: 23.67052471161215
ExecutionTime = 111.29 s  ClockTime = 114 s

Time = 100

U0 initRes: 1.814906813899604e-06 finalRes: 9.522740408525582e-08 nIters: 3
U1 initRes: 5.080902776798344e-06 finalRes: 3.876111902455951e-07 nIters: 3
U2 initRes: 1.216414352806519e-05 finalRes: 1.1104971661318e-06 nIters: 2
p initRes: 0.0002266402666974702 finalRes: 1.345530834185161e-05 nIters: 1
Time step continuity errors : sum local = 0.0002289012338978037
                                 global = 1.29887021444951e-06
                             cumulative = -0.1053008067156489
T initRes: 1.584081535210998e-05 finalRes: 7.391091274600584e-07 nIters: 3
nuTilda initRes: 0.0002616816624297738 finalRes: 5.946470474794721e-06 nIters: 2
TP1: 88.11872231617595 final: 88.11872231617595
TP2: 35.77318661897379 final: 35.77318661897379
HFX: 301.811560706225 final: 301.811560706225
yPlus min: 1.844717381120883 max: 55.32549690459539 mean: 23.66987218567502
ExecutionTime = 111.78 s  ClockTime = 115 s

Time = 200

U0 initRes: 1.793561339446127e-06 finalRes: 9.383697916508597e-08 nIters: 3
U1 initRes: 5.040659898327376e-06 finalRes: 3.863190376716944e-07 nIters: 3
U2 initRes: 1.203103330472438e-05 finalRes: 1.107889795922998e-06 nIters: 2
p initRes: 0.0002258823905266158 finalRes: 1.319031883505217e-05 nIters: 1
Time step continuity errors : sum local = 0.0002243934306569446
                                 global = -8.711625578253248e-07
                             cumulative = -0.1053016778782067
T initRes: 1.58137070423284e-05 finalRes: 7.377512625284515e-07 nIters: 3
nuTilda initRes: 0.0002615970750082789 finalRes: 5.934018088305357e-06 nIters: 2
TP1: 88.11848904497644 final: 88.11848904497644
TP2: 35.77315718916302 final: 35.77315718916302
HFX: 301.8114840114332 final: 301.8114840114332
yPlus min: 1.84469310042899 max: 55.32548050861401 mean: 23.66986952459281
ExecutionTime = 112.27 s  ClockTime = 115 s

Time = 300

U0 initRes: 1.792780144227048e-06 finalRes: 9.379579666685204e-08 nIters: 3
U1 initRes: 5.040102598543603e-06 finalRes: 3.863237240164625e-07 nIters: 3
U2 initRes: 1.203080323244913e-05 finalRes: 1.107968325715526e-06 nIters: 2
p initRes: 0.0002257986716906804 finalRes: 1.312077511610623e-05 nIters: 1
Time step continuity errors : sum local = 0.0002232104080373271
                                 global = 6.40528374862754e-08
                             cumulative = -0.1053016138253692
T initRes: 1.58133798330786e-05 finalRes: 7.376247405860409e-07 nIters: 3
nuTilda initRes: 0.0002615948121319594 finalRes: 5.933956908402444e-06 nIters: 2
TP1: 88.11851316771688 final: 88.11851316771688
TP2: 35.77317066316421 final: 35.77317066316421
HFX: 301.8115098726246 final: 301.8115098726246
yPlus min: 1.844694799825133 max: 55.32548756008495 mean: 23.66987269693562
ExecutionTime = 112.83 s  ClockTime = 116 s

Time = 400

U0 initRes: 1.792567686701925e-06 finalRes: 9.379742763045711e-08 nIters: 3
U1 initRes: 5.039710997145245e-06 finalRes: 3.863224115875879e-07 nIters: 3
U2 initRes: 1.203094719358738e-05 finalRes: 1.107975977304332e-06 nIters: 2
p initRes: 0.0002257789139486723 finalRes: 1.309848441769013e-05 nIters: 1
Time step continuity errors : sum local = 0.0002228311997160815
                                 global = 1.695061964178825e-10
                             cumulative = -0.105301613655863
T initRes: 1.581310762145779e-05 finalRes: 7.376166471376065e-07 nIters: 3
nuTilda initRes: 0.0002615945338411872 finalRes: 5.933949403604577e-06 nIters: 2
TP1: 88.11851202142786 final: 88.11851202142786
TP2: 35.77317028101881 final: 35.77317028101881
HFX: 301.8115088249633 final: 301.8115088249633
yPlus min: 1.8446939138491 max: 55.32548744188625 mean: 23.66987265058351
ExecutionTime = 113.13 s  ClockTime = 116 s

Time = 500

U0 initRes: 1.792929321211114e-06 finalRes: 9.378999442789387e-08 nIters: 3
U1 initRes: 5.040423836052467e-06 finalRes: 3.863218083754978e-07 nIters: 3
U2 initRes: 1.203124822240378e-05 finalRes: 1.107974813332077e-06 nIters: 2
p initRes: 0.0002257787991165805 finalRes: 1.310769057680121e-05 nIters: 1
Time step continuity errors : sum local = 0.000222987814531892
                                 global = 2.674446519111433e-08
                             cumulative = -0.1053015869113978
T initRes: 1.581343426478118e-05 finalRes: 7.376178365978287e-07 nIters: 3
nuTilda initRes: 0.0002615949709391901 finalRes: 5.933946776739371e-06 nIters: 2
TP1: 88.11851173997242 final: 88.11851173997242
TP2: 35.77317013526536 final: 35.77317013526536
HFX: 301.8115085290264 final: 301.8115085290264
yPlus min: 1.844693938252634 max: 55.32548736917002 mean: 23.66987262395039
ExecutionTime = 113.48 s  ClockTime = 116 s

Time = 600

U0 initRes: 1.792698149082661e-06 finalRes: 9.379500773538179e-08 nIters: 3
U1 initRes: 5.039865564264373e-06 finalRes: 3.863177510046845e-07 nIters: 3
U2 initRes: 1.203079383151577e-05 finalRes: 1.107956380067664e-06 nIters: 2
p initRes: 0.0002257766697829627 finalRes: 1.309742179649906e-05 nIters: 1
Time step continuity errors : sum local = 0.0002228131224974412
                                 global = -5.697711439825669e-09
                             cumulative = -0.1053015926091092
T initRes: 1.581311541460343e-05 finalRes: 7.376173975460832e-07 nIters: 3
nuTilda initRes: 0.0002615944991918989 finalRes: 5.933950778322881e-06 nIters: 2
TP1: 88.11851185692412 final: 88.11851185692412
TP2: 35.77317019869831 final: 35.77317019869831
HFX: 301.8115086283717 final: 301.8115086283717
yPlus min: 1.84469375779612 max: 55.32548739481462 mean: 23.66987262781674
ExecutionTime = 113.88 s  ClockTime = 117 s

Time = 700

U0 initRes: 1.793042254484507e-06 finalRes: 9.378878538359626e-08 nIters: 3
U1 initRes: 5.04082480896126e-06 finalRes: 3.863247760579536e-07 nIters: 3
U2 initRes: 1.203129919418302e-05 finalRes: 1.107995459939729e-06 nIters: 2
p initRes: 0.0002257799573434327 finalRes: 1.310726766501113e-05 nIters: 1
Time step continuity errors : sum local = 0.0002229806202367004
                                 global = 2.62436008543054e-08
                             cumulative = -0.1053015663655084
T initRes: 1.58134247000127e-05 finalRes: 7.376182033474776e-07 nIters: 3
nuTilda initRes: 0.0002615949466260063 finalRes: 5.933946107848253e-06 nIters: 2
TP1: 88.11851179950683 final: 88.11851179950683
TP2: 35.77317013321284 final: 35.77317013321284
HFX: 301.8115086066696 final: 301.8115086066696
yPlus min: 1.844693896692625 max: 55.32548737813495 mean: 23.66987263128323
ExecutionTime = 114.25 s  ClockTime = 117 s

Time = 800

U0 initRes: 1.792734187779549e-06 finalRes: 9.379402779115047e-08 nIters: 3
U1 initRes: 5.040119170414829e-06 finalRes: 3.863224075191337e-07 nIters: 3
U2 initRes: 1.203088565247587e-05 finalRes: 1.107978323943856e-06 nIters: 2
p initRes: 0.0002257780141300657 finalRes: 1.309745313971385e-05 nIters: 1
Time step continuity errors : sum local = 0.0002228136556652667
                                 global = -7.82694744048653e-09
                             cumulative = -0.1053015741924558
T initRes: 1.581310192833962e-05 finalRes: 7.376174831922279e-07 nIters: 3
nuTilda initRes: 0.0002615944660941936 finalRes: 5.933950180959821e-06 nIters: 2
TP1: 88.11851186868256 final: 88.11851186868256
TP2: 35.7731701812526 final: 35.7731701812526
HFX: 301.8115086089165 final: 301.8115086089165
yPlus min: 1.844693574666718 max: 55.3254873936209 mean: 23.66987262690144
ExecutionTime = 114.62 s  ClockTime = 117 s

Time = 900

U0 initRes: 1.793051793767799e-06 finalRes: 9.378974501767601e-08 nIters: 3
U1 initRes: 5.040959764239828e-06 finalRes: 3.863297130180249e-07 nIters: 3
U2 initRes: 1.203131812077375e-05 finalRes: 1.107998548447839e-06 nIters: 2
p initRes: 0.000225782438696192 finalRes: 1.310710993870002e-05 nIters: 1
Time step continuity errors : sum local = 0.0002229779365342108
                                 global = 2.352679544239145e-08
                             cumulative = -0.1053015506656604
T initRes: 1.581340474780162e-05 finalRes: 7.376180889451521e-07 nIters: 3
nuTilda initRes: 0.0002615949438092722 finalRes: 5.93394699251252e-06 nIters: 2
TP1: 88.11851180861029 final: 88.11851180861029
TP2: 35.77317009625315 final: 35.77317009625315
HFX: 301.8115085968237 final: 301.8115085968237
yPlus min: 1.844693705144847 max: 55.32548736973114 mean: 23.6698726284532
ExecutionTime = 114.97 s  ClockTime = 118 s

Time = 1000

U0 initRes: 1.79270901288346e-06 finalRes: 9.379486286615481e-08 nIters: 3
U1 initRes: 5.040103866894898e-06 finalRes: 3.863227457439116e-07 nIters: 3
U2 initRes: 1.203085023045258e-05 finalRes: 1.107967104876537e-06 nIters: 2
p initRes: 0.0002257792308019503 finalRes: 1.310833893048952e-05 nIters: 1
Time step continuity errors : sum local = 0.0002229988440510069
                                 global = 3.42797258341981e-08
                             cumulative = -0.1053015163859346
T initRes: 1.581337265570705e-05 finalRes: 7.376180275689139e-07 nIters: 3
nuTilda initRes: 0.0002615948462190048 finalRes: 5.933947393337439e-06 nIters: 2
TP1: 88.1185117547152 final: 88.1185117547152
TP2: 35.77317025410685 final: 35.77317025410685
HFX: 301.8115086435296 final: 301.8115086435296
yPlus min: 1.844694594342048 max: 55.32548740325547 mean: 23.66987263417455
ExecutionTime = 115.37 s  ClockTime = 118 s

End

Moving time 1000 to 0.0029
Printing Primal Residual Statistics.
U Residual Norm2: (25.55155218876296 24.01164927132855 10.62685735364696)
U Residual Mean: (0.03060405593522721 0.02711628355293534 0.01096179736385436)
U Residual Max: (13.58392049607732 10.92620327625816 8.385826616255443)
p Residual Norm2: 8.61696510624715
p Residual Mean: 0.01332391193856624
p Residual Max: 3.161136480769922
T Residual Norm2: 41.1659110117737
T Residual Mean: 0.04548333873398806
T Residual Max: 21.39531606227329
nuTilda Residual Norm2: 0.6517037305012235
nuTilda Residual Mean: 0.0004286005495218908
nuTilda Residual Max: 0.5283470755155244
phi Residual Norm2: 0.06463410239415748
phi Residual Mean: 2.566301315998516e-05
phi Residual Max: 0.04469138937514447
Total Residual Norm2: 55.78247421538618
 
 
DAInputVolCoord. 
Setting volume coordinates. 
Checking mesh quality for time = 1000
    Overall domain bounding box (2.144260689291742e-38 -0.09450000000000007 -1.708839256854527e-07) (0.8445039730178197 0.09450000000000008 0.03750000000000003)
    Mesh has 3 geometric (non-empty/wedge) directions (1 1 1)
    Mesh has 3 solution (non-empty) directions (1 1 1)
    Boundary openness (-6.027384041515617e-18 -7.307787747714303e-18 -1.810099026825707e-17) OK.
    Max cell openness = 4.551280502035629e-16 OK.
    Max aspect ratio = 69.08288552648774 OK.
    Minimum face area = 1.67072477277327e-06. Maximum face area = 0.001155838033953233.  Face area magnitudes OK.
    Min volume = 5.87998496805527e-09. Max volume = 1.309214460143736e-05.  Total volume = 0.004719833397765503.  Cell volumes OK.
    Mesh non-orthogonality Max: 3.512284091520886 average: 0.2802792706707786
    Non-orthogonality check OK.
    Face pyramids OK.
    Max skewness = 0.2182341440933957 OK.
    Coupled point location match (average 0) OK.

Mesh OK.

Running Primal Solver 030
Previous solution time 1000 not found and nothing deleted.
No finite volume options present

Starting time loop

Time = 1

U0 initRes: 2.82860130226491e-06 finalRes: 1.224614660145339e-07 nIters: 3
U1 initRes: 2.237122607300637e-05 finalRes: 1.031941205405291e-06 nIters: 3
U2 initRes: 0.0001153650559505916 finalRes: 8.947866354473612e-06 nIters: 2
p initRes: 0.0004829413157050875 finalRes: 1.989305081913786e-05 nIters: 2
Time step continuity errors : sum local = 0.0003384234999528822
                                 global = 5.222441802047626e-07
                             cumulative = -0.1053009941417544
T initRes: 2.255832389792502e-05 finalRes: 9.777981377652914e-07 nIters: 3
nuTilda initRes: 0.0002096213154876615 finalRes: 6.783533812105442e-06 nIters: 2
TP1: 88.09385381032658 final: 88.09385381032658
TP2: 35.77317139317931 final: 35.77317139317931
HFX: 301.8121888348442 final: 301.8121888348442
yPlus min: 1.840633442325895 max: 55.32522327694596 mean: 23.67046853282203
ExecutionTime = 115.6 s  ClockTime = 118 s

Time = 100

U0 initRes: 1.991860939029272e-06 finalRes: 1.021626677616004e-07 nIters: 3
U1 initRes: 5.299118401978107e-06 finalRes: 3.917542088369442e-07 nIters: 3
U2 initRes: 1.294098380100639e-05 finalRes: 1.163769520086892e-06 nIters: 2
p initRes: 0.0002321263141368937 finalRes: 1.540386677546531e-05 nIters: 1
Time step continuity errors : sum local = 0.0002620487184192831
                                 global = 2.410562497112579e-06
                             cumulative = -0.1052985835792572
T initRes: 1.598077589909561e-05 finalRes: 7.402788266458725e-07 nIters: 3
nuTilda initRes: 0.0002622081457155529 finalRes: 5.966305831943805e-06 nIters: 2
TP1: 88.11896724767632 final: 88.11896724767632
TP2: 35.77328382501766 final: 35.77328382501766
HFX: 301.8101926194003 final: 301.8101926194003
yPlus min: 1.827731749178835 max: 55.32494568296092 mean: 23.6696479530599
ExecutionTime = 115.94 s  ClockTime = 119 s

Time = 200

U0 initRes: 1.80280013428295e-06 finalRes: 9.358193894283363e-08 nIters: 3
U1 initRes: 5.028456656850053e-06 finalRes: 3.846816412835435e-07 nIters: 3
U2 initRes: 1.217430595315998e-05 finalRes: 1.124457006971025e-06 nIters: 2
p initRes: 0.0002263414752659355 finalRes: 1.329865343238417e-05 nIters: 1
Time step continuity errors : sum local = 0.0002262346773885235
                                 global = -1.918847342143827e-06
                             cumulative = -0.1053005024265994
T initRes: 1.583052035263844e-05 finalRes: 7.370342768492902e-07 nIters: 3
nuTilda initRes: 0.0002619269869415857 finalRes: 5.939800320059278e-06 nIters: 2
TP1: 88.1188419016504 final: 88.1188419016504
TP2: 35.77316829843766 final: 35.77316829843766
HFX: 301.810190059584 final: 301.810190059584
yPlus min: 1.827715291680259 max: 55.3250027803721 mean: 23.66964007154532
ExecutionTime = 116.25 s  ClockTime = 119 s

Time = 300

U0 initRes: 1.79211389678084e-06 finalRes: 9.31420196099759e-08 nIters: 3
U1 initRes: 5.016419423704655e-06 finalRes: 3.844918623099081e-07 nIters: 3
U2 initRes: 1.21283817975002e-05 finalRes: 1.122152491246931e-06 nIters: 2
p initRes: 0.0002258691693090724 finalRes: 1.310625659141681e-05 nIters: 1
Time step continuity errors : sum local = 0.000222961755621693
                                 global = -6.27869514190033e-09
                             cumulative = -0.1053005087052945
T initRes: 1.582289176713892e-05 finalRes: 7.370264128621234e-07 nIters: 3
nuTilda initRes: 0.000261912621756647 finalRes: 5.937782352099596e-06 nIters: 2
TP1: 88.11888367082274 final: 88.11888367082274
TP2: 35.77319629359058 final: 35.77319629359058
HFX: 301.810237359596 final: 301.810237359596
yPlus min: 1.82772220303949 max: 55.32501141308128 mean: 23.669645430666
ExecutionTime = 116.59 s  ClockTime = 119 s

Time = 400

U0 initRes: 1.792082235593222e-06 finalRes: 9.314302549768306e-08 nIters: 3
U1 initRes: 5.016557274676074e-06 finalRes: 3.844932007600996e-07 nIters: 3
U2 initRes: 1.21283995632158e-05 finalRes: 1.122160618962597e-06 nIters: 2
p initRes: 0.0002258614468679331 finalRes: 1.309615870043411e-05 nIters: 1
Time step continuity errors : sum local = 0.0002227899715894436
                                 global = 1.127487449808748e-08
                             cumulative = -0.10530049743042
T initRes: 1.582289896462863e-05 finalRes: 7.370082082454559e-07 nIters: 3
nuTilda initRes: 0.0002619125391267902 finalRes: 5.937763927274024e-06 nIters: 2
TP1: 88.11887997436639 final: 88.11887997436639
TP2: 35.77319660163565 final: 35.77319660163565
HFX: 301.8102373250902 final: 301.8102373250902
yPlus min: 1.827720936365888 max: 55.32501138994254 mean: 23.66964548549802
ExecutionTime = 116.94 s  ClockTime = 120 s

Time = 500

U0 initRes: 1.792070999266295e-06 finalRes: 9.314254999258903e-08 nIters: 3
U1 initRes: 5.016530928300879e-06 finalRes: 3.844934763550082e-07 nIters: 3
U2 initRes: 1.212838285706625e-05 finalRes: 1.122157826945002e-06 nIters: 2
p initRes: 0.000225859785342861 finalRes: 1.309552114277988e-05 nIters: 1
Time step continuity errors : sum local = 0.0002227791248545356
                                 global = -8.386605199477191e-09
                             cumulative = -0.1053005058170252
T initRes: 1.582289696328812e-05 finalRes: 7.370077606585246e-07 nIters: 3
nuTilda initRes: 0.0002619125368298901 finalRes: 5.937765455987903e-06 nIters: 2
TP1: 88.11887993790369 final: 88.11887993790369
TP2: 35.77319632008063 final: 35.77319632008063
HFX: 301.8102365257815 final: 301.8102365257815
yPlus min: 1.827721083907824 max: 55.32501118369567 mean: 23.66964540284026
ExecutionTime = 117.29 s  ClockTime = 120 s

Time = 600

U0 initRes: 1.792072094552593e-06 finalRes: 9.314259827653449e-08 nIters: 3
U1 initRes: 5.016532953835893e-06 finalRes: 3.84493460932524e-07 nIters: 3
U2 initRes: 1.212838356075264e-05 finalRes: 1.122157946228263e-06 nIters: 2
p initRes: 0.0002258596902477153 finalRes: 1.309549580914406e-05 nIters: 1
Time step continuity errors : sum local = 0.0002227786940349443
                                 global = -4.063660402413163e-09
                             cumulative = -0.1053005098806856
T initRes: 1.582289687971975e-05 finalRes: 7.370078468673365e-07 nIters: 3
nuTilda initRes: 0.0002619125372713286 finalRes: 5.937765408630404e-06 nIters: 2
TP1: 88.11888001376899 final: 88.11888001376899
TP2: 35.77319638164658 final: 35.77319638164658
HFX: 301.8102366879414 final: 301.8102366879414
yPlus min: 1.827721076594532 max: 55.32501122419093 mean: 23.66964541879496
ExecutionTime = 117.64 s  ClockTime = 121 s

Time = 700

U0 initRes: 1.792072009991709e-06 finalRes: 9.314259606390621e-08 nIters: 3
U1 initRes: 5.016533063393503e-06 finalRes: 3.844934616629502e-07 nIters: 3
U2 initRes: 1.212838376731382e-05 finalRes: 1.122157962406414e-06 nIters: 2
p initRes: 0.0002258596945122283 finalRes: 1.309548575143594e-05 nIters: 1
Time step continuity errors : sum local = 0.0002227785228919862
                                 global = -4.566717962218683e-09
                             cumulative = -0.1053005144474036
T initRes: 1.58228969202288e-05 finalRes: 7.370078257897606e-07 nIters: 3
nuTilda initRes: 0.0002619125372544599 finalRes: 5.937765383848144e-06 nIters: 2
TP1: 88.11887999931675 final: 88.11887999931675
TP2: 35.77319637451088 final: 35.77319637451088
HFX: 301.8102366707439 final: 301.8102366707439
yPlus min: 1.827721075415063 max: 55.32501122009823 mean: 23.6696454172141
ExecutionTime = 118.09 s  ClockTime = 121 s

Time = 800

U0 initRes: 1.792072007080459e-06 finalRes: 9.314259595750288e-08 nIters: 3
U1 initRes: 5.016533003375131e-06 finalRes: 3.844934623045253e-07 nIters: 3
U2 initRes: 1.212838369176673e-05 finalRes: 1.122157953505768e-06 nIters: 2
p initRes: 0.0002258596943057107 finalRes: 1.309548616073248e-05 nIters: 1
Time step continuity errors : sum local = 0.0002227785298833522
                                 global = -4.551512526905064e-09
                             cumulative = -0.1053005189989161
T initRes: 1.582289691227079e-05 finalRes: 7.370078298229676e-07 nIters: 3
nuTilda initRes: 0.0002619125372524695 finalRes: 5.937765389785666e-06 nIters: 2
TP1: 88.11888000069567 final: 88.11888000069567
TP2: 35.77319637472202 final: 35.77319637472202
HFX: 301.8102366710105 final: 301.8102366710105
yPlus min: 1.827721075782666 max: 55.32501122011779 mean: 23.66964541721329
ExecutionTime = 118.53 s  ClockTime = 121 s

Time = 900

U0 initRes: 1.792072008530216e-06 finalRes: 9.314259599153964e-08 nIters: 3
U1 initRes: 5.016533013019619e-06 finalRes: 3.844934621520987e-07 nIters: 3
U2 initRes: 1.212838370354961e-05 finalRes: 1.122157955091303e-06 nIters: 2
p initRes: 0.0002258596941603332 finalRes: 1.309548623306557e-05 nIters: 1
Time step continuity errors : sum local = 0.0002227785311244428
                                 global = -4.54491662123143e-09
                             cumulative = -0.1053005235438328
T initRes: 1.58228969130378e-05 finalRes: 7.370078303551162e-07 nIters: 3
nuTilda initRes: 0.0002619125372531205 finalRes: 5.937765389114747e-06 nIters: 2
TP1: 88.11888000070392 final: 88.11888000070392
TP2: 35.77319637481645 final: 35.77319637481645
HFX: 301.810236671286 final: 301.810236671286
yPlus min: 1.827721075732301 max: 55.32501122019323 mean: 23.66964541724399
ExecutionTime = 118.88 s  ClockTime = 122 s

Time = 1000

U0 initRes: 1.792072008367316e-06 finalRes: 9.314259598791229e-08 nIters: 3
U1 initRes: 5.016533012248049e-06 finalRes: 3.844934621701144e-07 nIters: 3
U2 initRes: 1.212838370243768e-05 finalRes: 1.122157954923449e-06 nIters: 2
p initRes: 0.0002258596941993026 finalRes: 1.309548621328062e-05 nIters: 1
Time step continuity errors : sum local = 0.0002227785307619924
                                 global = -4.546529994497045e-09
                             cumulative = -0.1053005280903628
T initRes: 1.582289691308398e-05 finalRes: 7.370078296411161e-07 nIters: 3
nuTilda initRes: 0.0002619125372529509 finalRes: 5.937765389126758e-06 nIters: 2
TP1: 88.11888000067499 final: 88.11888000067499
TP2: 35.77319637479346 final: 35.77319637479346
HFX: 301.8102366712263 final: 301.8102366712263
yPlus min: 1.827721075733672 max: 55.32501122017788 mean: 23.66964541723786
ExecutionTime = 119.24 s  ClockTime = 122 s

End

Moving time 1000 to 0.003
Printing Primal Residual Statistics.
U Residual Norm2: (25.53188763738535 24.02945968648106 10.58855693853404)
U Residual Mean: (0.03067496370120579 0.02707324207773262 0.01097529486347369)
U Residual Max: (13.58641764251963 10.93981975220008 8.336627479258391)
p Residual Norm2: 8.625972282028172
p Residual Mean: 0.01332725708464067
p Residual Max: 3.164270649138361
T Residual Norm2: 41.18503984673762
T Residual Mean: 0.04550753875968686
T Residual Max: 21.37862323308378
nuTilda Residual Norm2: 0.6517287823497565
nuTilda Residual Mean: 0.0004286112164449553
nuTilda Residual Max: 0.5282521907581533
phi Residual Norm2: 0.06462563800696011
phi Residual Mean: 2.571147222024751e-05
phi Residual Max: 0.0446719046448262
Total Residual Norm2: 55.78936806470728
 
 
DAInputVolCoord. 
Setting volume coordinates. 
Checking mesh quality for time = 1000
    Overall domain bounding box (-8.454637571221867e-10 -0.09450000000000007 -7.814679647522523e-07) (0.8445 0.09450000000000008 0.03750000000000003)
    Mesh has 3 geometric (non-empty/wedge) directions (1 1 1)
    Mesh has 3 solution (non-empty) directions (1 1 1)
    Boundary openness (4.732572505040391e-18 2.204373958107373e-18 -1.173563217770026e-16) OK.
    Max cell openness = 3.721307195970501e-16 OK.
    Max aspect ratio = 69.08288552204924 OK.
    Minimum face area = 1.670682263605425e-06. Maximum face area = 0.001155837991948239.  Face area magnitudes OK.
    Min volume = 5.871925045020249e-09. Max volume = 1.309215119118799e-05.  Total volume = 0.00471983364776185.  Cell volumes OK.
    Mesh non-orthogonality Max: 3.512282683653661 average: 0.2802833702652353
    Non-orthogonality check OK.
    Face pyramids OK.
    Max skewness = 0.2181746900903801 OK.
    Coupled point location match (average 0) OK.

Mesh OK.

Running Primal Solver 031
Previous solution time 1000 not found and nothing deleted.
No finite volume options present

Starting time loop

Time = 1

U0 initRes: 3.659186067443466e-06 finalRes: 1.500554058086959e-07 nIters: 3
U1 initRes: 3.728754400098872e-05 finalRes: 1.635436154939709e-06 nIters: 3
U2 initRes: 0.0002179444921066255 finalRes: 1.710547638274803e-05 nIters: 2
p initRes: 0.0006995724872174527 finalRes: 4.999113582819333e-05 nIters: 3
Time step continuity errors : sum local = 0.0008504607573945778
                                 global = -1.630097400198283e-06
                             cumulative = -0.105302158187763
T initRes: 2.892568698123653e-05 finalRes: 1.234521746319808e-06 nIters: 3
nuTilda initRes: 0.0002130127404280806 finalRes: 7.030729845635221e-06 nIters: 2
TP1: 88.17860736420874 final: 88.17860736420874
TP2: 35.77319317695066 final: 35.77319317695066
HFX: 301.8072388478014 final: 301.8072388478014
yPlus min: 1.858542150431555 max: 55.32535413881397 mean: 23.67040876603956
ExecutionTime = 119.37 s  ClockTime = 122 s

Time = 100

U0 initRes: 1.975077704471401e-06 finalRes: 1.035022695756645e-07 nIters: 3
U1 initRes: 5.31198682712644e-06 finalRes: 3.887816558066999e-07 nIters: 3
U2 initRes: 1.317595788296084e-05 finalRes: 1.176317331964173e-06 nIters: 2
p initRes: 0.0002317326847767081 finalRes: 1.533481407278868e-05 nIters: 1
Time step continuity errors : sum local = 0.0002608827251875696
                                 global = 1.477037051349467e-06
                             cumulative = -0.1053006811507116
T initRes: 1.596378652852411e-05 finalRes: 7.494782586518747e-07 nIters: 3
nuTilda initRes: 0.0002621638276263282 finalRes: 5.98734919145238e-06 nIters: 2
TP1: 88.11731503614848 final: 88.11731503614848
TP2: 35.77314421534438 final: 35.77314421534438
HFX: 301.8134165931242 final: 301.8134165931242
yPlus min: 1.863821370179864 max: 55.3251399064376 mean: 23.67014054152506
ExecutionTime = 119.75 s  ClockTime = 123 s

Time = 200

U0 initRes: 1.805859273393404e-06 finalRes: 9.410739106417382e-08 nIters: 3
U1 initRes: 5.053681870799082e-06 finalRes: 3.862702348616754e-07 nIters: 3
U2 initRes: 1.211925426295986e-05 finalRes: 1.112903555519039e-06 nIters: 2
p initRes: 0.0002262353763541585 finalRes: 1.339460055603236e-05 nIters: 1
Time step continuity errors : sum local = 0.0002278750627115179
                                 global = 2.293437495210441e-06
                             cumulative = -0.1052983877132164
T initRes: 1.582529463196418e-05 finalRes: 7.375168501572779e-07 nIters: 3
nuTilda initRes: 0.0002615438812702015 finalRes: 5.933514120726104e-06 nIters: 2
TP1: 88.11786256294467 final: 88.11786256294467
TP2: 35.77316890166394 final: 35.77316890166394
HFX: 301.8132632233873 final: 301.8132632233873
yPlus min: 1.864021226594361 max: 55.32507614232237 mean: 23.67013588619756
ExecutionTime = 120.13 s  ClockTime = 123 s

Time = 300

U0 initRes: 1.792856668463733e-06 finalRes: 9.379555090432031e-08 nIters: 3
U1 initRes: 5.038309108595789e-06 finalRes: 3.862521201907388e-07 nIters: 3
U2 initRes: 1.202988758319829e-05 finalRes: 1.107561757738259e-06 nIters: 2
p initRes: 0.0002257931352152468 finalRes: 1.316819632292678e-05 nIters: 1
Time step continuity errors : sum local = 0.0002240230996383926
                                 global = -4.351274526500549e-07
                             cumulative = -0.1052988228406691
T initRes: 1.580988104120746e-05 finalRes: 7.37507648081084e-07 nIters: 3
nuTilda initRes: 0.0002615231437116739 finalRes: 5.933889686183659e-06 nIters: 2
TP1: 88.11788276599763 final: 88.11788276599763
TP2: 35.77313035447433 final: 35.77313035447433
HFX: 301.8132030940275 final: 301.8132030940275
yPlus min: 1.864038370230659 max: 55.32506243455023 mean: 23.67012466463223
ExecutionTime = 120.54 s  ClockTime = 123 s

Time = 400

U0 initRes: 1.792051948885122e-06 finalRes: 9.375976114112794e-08 nIters: 3
U1 initRes: 5.037455066706833e-06 finalRes: 3.861738233579956e-07 nIters: 3
U2 initRes: 1.202592358956319e-05 finalRes: 1.107665852428278e-06 nIters: 2
p initRes: 0.0002257365435808209 finalRes: 1.312026152570514e-05 nIters: 1
Time step continuity errors : sum local = 0.0002232076435196207
                                 global = 8.486652189556345e-09
                             cumulative = -0.1052988143540169
T initRes: 1.580940226661869e-05 finalRes: 7.375374268593505e-07 nIters: 3
nuTilda initRes: 0.0002615196786153059 finalRes: 5.933218278913704e-06 nIters: 2
TP1: 88.11789167425302 final: 88.11789167425302
TP2: 35.77313641547859 final: 35.77313641547859
HFX: 301.8132224141291 final: 301.8132224141291
yPlus min: 1.864037424915271 max: 55.32506861387238 mean: 23.67012685724771
ExecutionTime = 120.89 s  ClockTime = 124 s

Time = 500

U0 initRes: 1.792020540720041e-06 finalRes: 9.375801195107416e-08 nIters: 3
U1 initRes: 5.037476450262457e-06 finalRes: 3.861760019806171e-07 nIters: 3
U2 initRes: 1.202598415687819e-05 finalRes: 1.107665156199419e-06 nIters: 2
p initRes: 0.0002257325383041109 finalRes: 1.31211159308238e-05 nIters: 1
Time step continuity errors : sum local = 0.000223222179046309
                                 global = -1.86189132275499e-08
                             cumulative = -0.1052988329729301
T initRes: 1.580941921903975e-05 finalRes: 7.375273423185843e-07 nIters: 3
nuTilda initRes: 0.0002615196847261579 finalRes: 5.933215365121213e-06 nIters: 2
TP1: 88.11789028844872 final: 88.11789028844872
TP2: 35.77313603312292 final: 35.77313603312292
HFX: 301.8132210883053 final: 301.8132210883053
yPlus min: 1.864037281572647 max: 55.32506825036769 mean: 23.67012676307017
ExecutionTime = 121.18 s  ClockTime = 124 s

Time = 600

U0 initRes: 1.792027779410684e-06 finalRes: 9.375849371813442e-08 nIters: 3
U1 initRes: 5.037469646017107e-06 finalRes: 3.861761951541349e-07 nIters: 3
U2 initRes: 1.202598656490923e-05 finalRes: 1.107664904121482e-06 nIters: 2
p initRes: 0.0002257322927223802 finalRes: 1.312127591357227e-05 nIters: 1
Time step continuity errors : sum local = 0.0002232249004504868
                                 global = -2.657318003181002e-08
                             cumulative = -0.1052988595461101
T initRes: 1.580941930475672e-05 finalRes: 7.375276040933113e-07 nIters: 3
nuTilda initRes: 0.0002615196895038818 finalRes: 5.933216359279249e-06 nIters: 2
TP1: 88.11789022283509 final: 88.11789022283509
TP2: 35.77313592041135 final: 35.77313592041135
HFX: 301.8132208098321 final: 301.8132208098321
yPlus min: 1.864037319044322 max: 55.3250681765025 mean: 23.67012673048195
ExecutionTime = 121.53 s  ClockTime = 124 s

Time = 700

U0 initRes: 1.792027368505414e-06 finalRes: 9.375847879092407e-08 nIters: 3
U1 initRes: 5.03746912266113e-06 finalRes: 3.861761487337909e-07 nIters: 3
U2 initRes: 1.202598566948637e-05 finalRes: 1.107665051114155e-06 nIters: 2
p initRes: 0.0002257322693094826 finalRes: 1.312129364521178e-05 nIters: 1
Time step continuity errors : sum local = 0.0002232252021104281
                                 global = -2.557028404127071e-08
                             cumulative = -0.1052988851163942
T initRes: 1.58094193145653e-05 finalRes: 7.375276415573319e-07 nIters: 3
nuTilda initRes: 0.0002615196893670752 finalRes: 5.933216313087025e-06 nIters: 2
TP1: 88.11789025213142 final: 88.11789025213142
TP2: 35.77313593455265 final: 35.77313593455265
HFX: 301.8132208456357 final: 301.8132208456357
yPlus min: 1.864037320096211 max: 55.32506818679796 mean: 23.67012673432112
ExecutionTime = 121.9 s  ClockTime = 125 s

Time = 800

U0 initRes: 1.792027202578535e-06 finalRes: 9.375847359579904e-08 nIters: 3
U1 initRes: 5.037469197347125e-06 finalRes: 3.861761498177794e-07 nIters: 3
U2 initRes: 1.202598568419524e-05 finalRes: 1.107665041850068e-06 nIters: 2
p initRes: 0.0002257322657451589 finalRes: 1.312129609493719e-05 nIters: 1
Time step continuity errors : sum local = 0.0002232252438272431
                                 global = -2.553884595213988e-08
                             cumulative = -0.1052989106552401
T initRes: 1.580941932994912e-05 finalRes: 7.375276342206606e-07 nIters: 3
nuTilda initRes: 0.0002615196893966128 finalRes: 5.933216305224094e-06 nIters: 2
TP1: 88.11789025124159 final: 88.11789025124159
TP2: 35.77313593501492 final: 35.77313593501492
HFX: 301.81322084666 final: 301.81322084666
yPlus min: 1.864037319458208 max: 55.32506818716912 mean: 23.67012673452155
ExecutionTime = 122.25 s  ClockTime = 125 s

Time = 900

U0 initRes: 1.792027216220267e-06 finalRes: 9.375847449976325e-08 nIters: 3
U1 initRes: 5.037469183966392e-06 finalRes: 3.861761501000193e-07 nIters: 3
U2 initRes: 1.202598569942607e-05 finalRes: 1.107665041427385e-06 nIters: 2
p initRes: 0.0002257322652088041 finalRes: 1.312129642633008e-05 nIters: 1
Time step continuity errors : sum local = 0.0002232252494386324
                                 global = -2.556111068721546e-08
                             cumulative = -0.1052989362163508
T initRes: 1.580941933379862e-05 finalRes: 7.375276342756362e-07 nIters: 3
nuTilda initRes: 0.000261519689400533 finalRes: 5.933216306312536e-06 nIters: 2
TP1: 88.11789025085376 final: 88.11789025085376
TP2: 35.77313593469805 final: 35.77313593469805
HFX: 301.8132208458699 final: 301.8132208458699
yPlus min: 1.864037319503087 max: 55.32506818695775 mean: 23.67012673443636
ExecutionTime = 122.61 s  ClockTime = 125 s

Time = 1000

U0 initRes: 1.792027216866228e-06 finalRes: 9.37584745547727e-08 nIters: 3
U1 initRes: 5.037469182313345e-06 finalRes: 3.861761500783968e-07 nIters: 3
U2 initRes: 1.202598570125989e-05 finalRes: 1.107665041661657e-06 nIters: 2
p initRes: 0.0002257322651344782 finalRes: 1.312129646646197e-05 nIters: 1
Time step continuity errors : sum local = 0.0002232252501531885
                                 global = -2.555988223034989e-08
                             cumulative = -0.105298961776233
T initRes: 1.580941933107993e-05 finalRes: 7.375276338619546e-07 nIters: 3
nuTilda initRes: 0.0002615196894012751 finalRes: 5.933216306411816e-06 nIters: 2
TP1: 88.11789025090908 final: 88.11789025090908
TP2: 35.77313593471543 final: 35.77313593471543
HFX: 301.8132208459049 final: 301.8132208459049
yPlus min: 1.86403731950951 max: 55.32506818696633 mean: 23.67012673443944
ExecutionTime = 122.97 s  ClockTime = 126 s

End

Moving time 1000 to 0.0031
Printing Primal Residual Statistics.
U Residual Norm2: (25.54495083112878 24.00741024123256 10.62207140962574)
U Residual Mean: (0.03058125617444384 0.02710109505675275 0.01095335104368201)
U Residual Max: (13.58433264957184 10.92360690324304 8.381210381141896)
p Residual Norm2: 8.616294957518525
p Residual Mean: 0.01332240626210071
p Residual Max: 3.161603160518028
T Residual Norm2: 41.15492679682334
T Residual Mean: 0.04547930630001181
T Residual Max: 21.38329630063343
nuTilda Residual Norm2: 0.651315990719772
nuTilda Residual Mean: 0.00042853618541736
nuTilda Residual Max: 0.5279021176657256
phi Residual Norm2: 0.06462942290978083
phi Residual Mean: 2.564749536158579e-05
phi Residual Max: 0.04469428064546222
Total Residual Norm2: 55.76849996562337
 
 
DAInputVolCoord. 
Setting volume coordinates. 
Checking mesh quality for time = 1000
    Overall domain bounding box (-1.692011092049113e-12 -0.09450000000000007 -1.456000352893399e-06) (0.84450101128301 0.09450000000000008 0.03750000000000003)
    Mesh has 3 geometric (non-empty/wedge) directions (1 1 1)
    Mesh has 3 solution (non-empty) directions (1 1 1)
    Boundary openness (1.962521821911391e-17 -1.270709743098439e-17 -4.815458932989241e-17) OK.
    Max cell openness = 4.102313698730125e-16 OK.
    Max aspect ratio = 69.08288552221029 OK.
    Minimum face area = 1.673116169792397e-06. Maximum face area = 0.001155838028266039.  Face area magnitudes OK.
    Min volume = 5.879979607135711e-09. Max volume = 1.309214940334089e-05.  Total volume = 0.00471983981933935.  Cell volumes OK.
    Mesh non-orthogonality Max: 3.512283798081528 average: 0.2800811357771983
    Non-orthogonality check OK.
    Face pyramids OK.
    Max skewness = 0.2181789809796701 OK.
    Coupled point location match (average 0) OK.

Mesh OK.

Running Primal Solver 032
Previous solution time 1000 not found and nothing deleted.
No finite volume options present

Starting time loop

Time = 1

U0 initRes: 2.647519109828124e-06 finalRes: 1.214167581698601e-07 nIters: 3
U1 initRes: 2.167334380653029e-05 finalRes: 1.018357549316122e-06 nIters: 3
U2 initRes: 0.0001129414557420435 finalRes: 8.997139705284563e-06 nIters: 2
p initRes: 0.0004715098744169384 finalRes: 1.939112031863678e-05 nIters: 2
Time step continuity errors : sum local = 0.0003298954786161866
                                 global = 3.176374302382403e-07
                             cumulative = -0.1052986441388028
T initRes: 2.212963559184463e-05 finalRes: 9.746297232880404e-07 nIters: 3
nuTilda initRes: 0.0002093648798159468 finalRes: 6.771339580481404e-06 nIters: 2
TP1: 88.08995253303036 final: 88.08995253303036
TP2: 35.77313665341342 final: 35.77313665341342
HFX: 301.813788208317 final: 301.813788208317
yPlus min: 1.860660885159269 max: 55.32484164371355 mean: 23.67070046439069
ExecutionTime = 123.1 s  ClockTime = 126 s

Time = 100

U0 initRes: 2.025474322925124e-06 finalRes: 9.884122747408121e-08 nIters: 3
U1 initRes: 5.322149998282746e-06 finalRes: 3.930377503740846e-07 nIters: 3
U2 initRes: 1.28689104390819e-05 finalRes: 1.160327474603628e-06 nIters: 2
p initRes: 0.0002315380934465623 finalRes: 1.498530331145581e-05 nIters: 1
Time step continuity errors : sum local = 0.0002549366777884773
                                 global = 1.887433182772378e-06
                             cumulative = -0.10529675670562
T initRes: 1.596573739316344e-05 finalRes: 7.395318778683246e-07 nIters: 3
nuTilda initRes: 0.0002620866271054048 finalRes: 5.996150515647184e-06 nIters: 2
TP1: 88.11627167786556 final: 88.11627167786556
TP2: 35.77317377721994 final: 35.77317377721994
HFX: 301.8125421496048 final: 301.8125421496048
yPlus min: 1.845413668660631 max: 55.32526170189409 mean: 23.66974700039088
ExecutionTime = 123.57 s  ClockTime = 126 s

Time = 200

U0 initRes: 1.805358834143165e-06 finalRes: 9.395395953651749e-08 nIters: 3
U1 initRes: 5.036423665658912e-06 finalRes: 3.850798337456123e-07 nIters: 3
U2 initRes: 1.217862414029532e-05 finalRes: 1.121562808304376e-06 nIters: 2
p initRes: 0.0002263402361016207 finalRes: 1.343638575241508e-05 nIters: 1
Time step continuity errors : sum local = 0.0002285859967451354
                                 global = -1.369370782092128e-08
                             cumulative = -0.1052967703993279
T initRes: 1.582007934876073e-05 finalRes: 7.373465398507061e-07 nIters: 3
nuTilda initRes: 0.0002616223040054251 finalRes: 5.935845839118528e-06 nIters: 2
TP1: 88.11595754414219 final: 88.11595754414219
TP2: 35.77310063221248 final: 35.77310063221248
HFX: 301.8126601275432 final: 301.8126601275432
yPlus min: 1.845492733516285 max: 55.32529316459618 mean: 23.66975346958329
ExecutionTime = 123.95 s  ClockTime = 127 s

Time = 300

U0 initRes: 1.790355634594419e-06 finalRes: 9.308881986284859e-08 nIters: 3
U1 initRes: 5.015527956671684e-06 finalRes: 3.842301634545886e-07 nIters: 3
U2 initRes: 1.212245910343083e-05 finalRes: 1.121667129784756e-06 nIters: 2
p initRes: 0.0002257535198100241 finalRes: 1.312582980889501e-05 nIters: 1
Time step continuity errors : sum local = 0.0002233027464129078
                                 global = 2.016185161912328e-07
                             cumulative = -0.1052965687808117
T initRes: 1.580748726074899e-05 finalRes: 7.366778386026598e-07 nIters: 3
nuTilda initRes: 0.0002616039201232791 finalRes: 5.933957522885432e-06 nIters: 2
TP1: 88.11591436695278 final: 88.11591436695278
TP2: 35.77310826282486 final: 35.77310826282486
HFX: 301.8126479963169 final: 301.8126479963169
yPlus min: 1.845474548862301 max: 55.32530074768228 mean: 23.66975426943808
ExecutionTime = 124.31 s  ClockTime = 127 s

Time = 400

U0 initRes: 1.789988465645584e-06 finalRes: 9.309362258860656e-08 nIters: 3
U1 initRes: 5.013858455267401e-06 finalRes: 3.841999680061181e-07 nIters: 3
U2 initRes: 1.211599335037537e-05 finalRes: 1.121417072265895e-06 nIters: 2
p initRes: 0.000225697177409529 finalRes: 1.312608267272667e-05 nIters: 1
Time step continuity errors : sum local = 0.0002233070590491164
                                 global = 3.849065236712058e-07
                             cumulative = -0.105296183874288
T initRes: 1.580745746481252e-05 finalRes: 7.36656984296838e-07 nIters: 3
nuTilda initRes: 0.0002616036000016414 finalRes: 5.933927241303285e-06 nIters: 2
TP1: 88.11591012040758 final: 88.11591012040758
TP2: 35.77310951279178 final: 35.77310951279178
HFX: 301.8126519115362 final: 301.8126519115362
yPlus min: 1.845474362054002 max: 55.32530085095178 mean: 23.66975451476955
ExecutionTime = 124.66 s  ClockTime = 128 s

Time = 500

U0 initRes: 1.789933760422652e-06 finalRes: 9.308914482949798e-08 nIters: 3
U1 initRes: 5.013919888543413e-06 finalRes: 3.842021858627661e-07 nIters: 3
U2 initRes: 1.211612249082922e-05 finalRes: 1.121420686615468e-06 nIters: 2
p initRes: 0.0002256976100560869 finalRes: 1.312500436535761e-05 nIters: 1
Time step continuity errors : sum local = 0.000223288714852716
                                 global = 4.08769738669785e-07
                             cumulative = -0.1052957751045493
T initRes: 1.580743041268649e-05 finalRes: 7.366587132959222e-07 nIters: 3
nuTilda initRes: 0.0002616035790229198 finalRes: 5.933930351773046e-06 nIters: 2
TP1: 88.11591074792162 final: 88.11591074792162
TP2: 35.77310989319084 final: 35.77310989319084
HFX: 301.8126526123721 final: 301.8126526123721
yPlus min: 1.845474362674423 max: 55.32530107377219 mean: 23.66975458056017
ExecutionTime = 125.06 s  ClockTime = 128 s

Time = 600

U0 initRes: 1.789934148270125e-06 finalRes: 9.308945826101387e-08 nIters: 3
U1 initRes: 5.013913055136333e-06 finalRes: 3.8420226292761e-07 nIters: 3
U2 initRes: 1.21161150890577e-05 finalRes: 1.121420087719553e-06 nIters: 2
p initRes: 0.0002256975269626174 finalRes: 1.312504042532202e-05 nIters: 1
Time step continuity errors : sum local = 0.0002232893282701441
                                 global = 4.083189422258002e-07
                             cumulative = -0.1052953667856071
T initRes: 1.580743070902803e-05 finalRes: 7.36658767143907e-07 nIters: 3
nuTilda initRes: 0.0002616035795085565 finalRes: 5.933930325381441e-06 nIters: 2
TP1: 88.11591082663035 final: 88.11591082663035
TP2: 35.77310988809582 final: 35.77310988809582
HFX: 301.8126525825496 final: 301.8126525825496
yPlus min: 1.845474390126929 max: 55.32530106549444 mean: 23.66975457710682
ExecutionTime = 125.46 s  ClockTime = 128 s

Time = 700

U0 initRes: 1.789934184950089e-06 finalRes: 9.308946561695551e-08 nIters: 3
U1 initRes: 5.013912765343946e-06 finalRes: 3.842022460370424e-07 nIters: 3
U2 initRes: 1.21161154205264e-05 finalRes: 1.121420082964644e-06 nIters: 2
p initRes: 0.0002256975173580862 finalRes: 1.312505172435802e-05 nIters: 1
Time step continuity errors : sum local = 0.0002232895205288216
                                 global = 4.07883224109455e-07
                             cumulative = -0.105294958902383
T initRes: 1.580743087943827e-05 finalRes: 7.366587218178477e-07 nIters: 3
nuTilda initRes: 0.0002616035796405796 finalRes: 5.933930263847405e-06 nIters: 2
TP1: 88.11591081917729 final: 88.11591081917729
TP2: 35.773109881922 final: 35.773109881922
HFX: 301.8126525681166 final: 301.8126525681166
yPlus min: 1.845474390721202 max: 55.32530106199378 mean: 23.66975457596344
ExecutionTime = 125.84 s  ClockTime = 129 s

Time = 800

U0 initRes: 1.789934190697319e-06 finalRes: 9.308946083499741e-08 nIters: 3
U1 initRes: 5.013912825858005e-06 finalRes: 3.842022416410548e-07 nIters: 3
U2 initRes: 1.211611548280471e-05 finalRes: 1.121420094392498e-06 nIters: 2
p initRes: 0.0002256975175022924 finalRes: 1.312505228242146e-05 nIters: 1
Time step continuity errors : sum local = 0.0002232895299294698
                                 global = 4.078692997973017e-07
                             cumulative = -0.1052945510330832
T initRes: 1.580743088647435e-05 finalRes: 7.366587198021265e-07 nIters: 3
nuTilda initRes: 0.0002616035796414795 finalRes: 5.93393026002682e-06 nIters: 2
TP1: 88.11591081748658 final: 88.11591081748658
TP2: 35.77310988168981 final: 35.77310988168981
HFX: 301.8126525681036 final: 301.8126525681036
yPlus min: 1.845474390369561 max: 55.32530106203535 mean: 23.66975457598978
ExecutionTime = 126.21 s  ClockTime = 129 s

Time = 900

U0 initRes: 1.789934191124664e-06 finalRes: 9.308946042479614e-08 nIters: 3
U1 initRes: 5.013912827961193e-06 finalRes: 3.842022414619141e-07 nIters: 3
U2 initRes: 1.211611547802177e-05 finalRes: 1.121420095077149e-06 nIters: 2
p initRes: 0.0002256975176252827 finalRes: 1.312505214852055e-05 nIters: 1
Time step continuity errors : sum local = 0.0002232895276489433
                                 global = 4.078764245537859e-07
                             cumulative = -0.1052941431566587
T initRes: 1.580743088527114e-05 finalRes: 7.366587202879405e-07 nIters: 3
nuTilda initRes: 0.0002616035796386288 finalRes: 5.93393026092174e-06 nIters: 2
TP1: 88.11591081757457 final: 88.11591081757457
TP2: 35.77310988178586 final: 35.77310988178586
HFX: 301.8126525683782 final: 301.8126525683782
yPlus min: 1.845474390360728 max: 55.32530106210272 mean: 23.66975457601298
ExecutionTime = 126.56 s  ClockTime = 130 s

Time = 1000

U0 initRes: 1.789934191242889e-06 finalRes: 9.308946050166119e-08 nIters: 3
U1 initRes: 5.013912826504091e-06 finalRes: 3.842022415160053e-07 nIters: 3
U2 initRes: 1.211611547652128e-05 finalRes: 1.121420094819729e-06 nIters: 2
p initRes: 0.0002256975176347637 finalRes: 1.31250521392249e-05 nIters: 1
Time step continuity errors : sum local = 0.0002232895275121059
                                 global = 4.078769156976599e-07
                             cumulative = -0.105293735279743
T initRes: 1.580743088570007e-05 finalRes: 7.366587207170441e-07 nIters: 3
nuTilda initRes: 0.0002616035796383396 finalRes: 5.933930261010975e-06 nIters: 2
TP1: 88.11591081761259 final: 88.11591081761259
TP2: 35.77310988179274 final: 35.77310988179274
HFX: 301.8126525683892 final: 301.8126525683892
yPlus min: 1.845474390367794 max: 55.32530106210402 mean: 23.66975457601326
ExecutionTime = 126.93 s  ClockTime = 130 s

End

Moving time 1000 to 0.0032
Printing Primal Residual Statistics.
U Residual Norm2: (25.50595524998789 24.01283973353181 10.56889603173285)
U Residual Mean: (0.03066509719172725 0.02706824999660144 0.01097821806681632)
U Residual Max: (13.58718620677682 10.9301669703311 8.31665473100062)
p Residual Norm2: 8.623050980003004
p Residual Mean: 0.01332527705377218
p Residual Max: 3.166084703326613
T Residual Norm2: 41.1376185084434
T Residual Mean: 0.04549646132955856
T Residual Max: 21.32530403408862
nuTilda Residual Norm2: 0.6501251524948695
nuTilda Residual Mean: 0.0004283342704654588
nuTilda Residual Max: 0.5264453162426167
phi Residual Norm2: 0.0646044008997918
phi Residual Mean: 2.571042479554596e-05
phi Residual Max: 0.04467132525942905
Total Residual Norm2: 55.73113393611083
 
 
DAInputVolCoord. 
Setting volume coordinates. 
Checking mesh quality for time = 1000
    Overall domain bounding box (-1.271493253200587e-10 -0.09450000000000007 -6.075404750389809e-07) (0.8444999999189153 0.09450000000000008 0.03750000000000003)
    Mesh has 3 geometric (non-empty/wedge) directions (1 1 1)
    Mesh has 3 solution (non-empty) directions (1 1 1)
    Boundary openness (8.848924524755127e-18 -4.331978463910826e-18 -2.560390881372462e-17) OK.
    Max cell openness = 4.966928244666377e-16 OK.
    Max aspect ratio = 69.08288552462595 OK.
    Minimum face area = 1.67311552163178e-06. Maximum face area = 0.001155838018443531.  Face area magnitudes OK.
    Min volume = 5.879984957403279e-09. Max volume = 1.309214539048436e-05.  Total volume = 0.004719827226214643.  Cell volumes OK.
    Mesh non-orthogonality Max: 3.512283083347516 average: 0.2800796151258593
    Non-orthogonality check OK.
    Face pyramids OK.
    Max skewness = 0.2181525357484026 OK.
    Coupled point location match (average 0) OK.

Mesh OK.

Running Primal Solver 033
Previous solution time 1000 not found and nothing deleted.
No finite volume options present

Starting time loop

Time = 1

U0 initRes: 2.32070562092026e-06 finalRes: 2.310536701440886e-07 nIters: 2
U1 initRes: 6.571490113963937e-06 finalRes: 3.916110644002212e-07 nIters: 3
U2 initRes: 2.674773558965795e-05 finalRes: 1.386318629266126e-06 nIters: 2
p initRes: 0.0002999979176575849 finalRes: 2.402680145196508e-05 nIters: 2
Time step continuity errors : sum local = 0.0004087587074635029
                                 global = 3.094339538683771e-05
                             cumulative = -0.1052627918843561
T initRes: 1.688251477865517e-05 finalRes: 7.524392006388678e-07 nIters: 3
nuTilda initRes: 0.0002069106199303671 finalRes: 6.592540648414381e-06 nIters: 2
TP1: 88.12123474241341 final: 88.12123474241341
TP2: 35.77317792157289 final: 35.77317792157289
HFX: 301.812170461077 final: 301.812170461077
yPlus min: 1.853378373698461 max: 55.32545769102218 mean: 23.67041414451792
ExecutionTime = 127.07 s  ClockTime = 130 s

Time = 100

U0 initRes: 1.868165144817034e-06 finalRes: 9.753507491024008e-08 nIters: 3
U1 initRes: 5.136534067856179e-06 finalRes: 3.875527745677543e-07 nIters: 3
U2 initRes: 1.249800429864054e-05 finalRes: 1.135025361546662e-06 nIters: 2
p initRes: 0.000228403062688154 finalRes: 1.39854724979371e-05 nIters: 1
Time step continuity errors : sum local = 0.0002379187984438916
                                 global = 1.202573833279977e-06
                             cumulative = -0.1052615893105228
T initRes: 1.588133426681648e-05 finalRes: 7.410875412895475e-07 nIters: 3
nuTilda initRes: 0.00026203558261918 finalRes: 5.953248118319296e-06 nIters: 2
TP1: 88.12061567902924 final: 88.12061567902924
TP2: 35.77322912753635 final: 35.77322912753635
HFX: 301.8109607660214 final: 301.8109607660214
yPlus min: 1.846487275504948 max: 55.32480460576654 mean: 23.67001859983115
ExecutionTime = 127.43 s  ClockTime = 130 s

Time = 200

U0 initRes: 1.798349747170804e-06 finalRes: 9.399183913079785e-08 nIters: 3
U1 initRes: 5.044474651278273e-06 finalRes: 3.864892465621169e-07 nIters: 3
U2 initRes: 1.206306119919183e-05 finalRes: 1.110657050525372e-06 nIters: 2
p initRes: 0.0002260583462267756 finalRes: 1.318867739807011e-05 nIters: 1
Time step continuity errors : sum local = 0.0002243633442240761
                                 global = -1.125166945571237e-06
                             cumulative = -0.1052627144774684
T initRes: 1.583055143468251e-05 finalRes: 7.379113723817978e-07 nIters: 3
nuTilda initRes: 0.0002618437763015149 finalRes: 5.937421582674058e-06 nIters: 2
TP1: 88.12080621415166 final: 88.12080621415166
TP2: 35.77320812032536 final: 35.77320812032536
HFX: 301.8107349689232 final: 301.8107349689232
yPlus min: 1.846484921739061 max: 55.32475394915419 mean: 23.67001480400429
ExecutionTime = 127.79 s  ClockTime = 131 s

Time = 300

U0 initRes: 1.794813210586655e-06 finalRes: 9.391634980565805e-08 nIters: 3
U1 initRes: 5.041463447687189e-06 finalRes: 3.86558573310518e-07 nIters: 3
U2 initRes: 1.204230817889413e-05 finalRes: 1.109125889087587e-06 nIters: 2
p initRes: 0.0002259149962760695 finalRes: 1.311046000550632e-05 nIters: 1
Time step continuity errors : sum local = 0.0002230327336901997
                                 global = 6.948893907995153e-08
                             cumulative = -0.1052626449885293
T initRes: 1.582579443447131e-05 finalRes: 7.379565422599242e-07 nIters: 3
nuTilda initRes: 0.0002618331953934703 finalRes: 5.937302865343449e-06 nIters: 2
TP1: 88.12088654893105 final: 88.12088654893105
TP2: 35.77322531171029 final: 35.77322531171029
HFX: 301.8107833772232 final: 301.8107833772232
yPlus min: 1.84649844328726 max: 55.32476669036846 mean: 23.67001867124364
ExecutionTime = 128.17 s  ClockTime = 131 s

Time = 400

U0 initRes: 1.794327701531227e-06 finalRes: 9.389886066869034e-08 nIters: 3
U1 initRes: 5.041433341926133e-06 finalRes: 3.865408827518709e-07 nIters: 3
U2 initRes: 1.20416070098554e-05 finalRes: 1.109079240688045e-06 nIters: 2
p initRes: 0.0002259007252620722 finalRes: 1.309934366606023e-05 nIters: 1
Time step continuity errors : sum local = 0.0002228436199722452
                                 global = -3.009849337629155e-08
                             cumulative = -0.1052626750870227
T initRes: 1.582561529773371e-05 finalRes: 7.379679883244845e-07 nIters: 3
nuTilda initRes: 0.0002618326273833981 finalRes: 5.937175441289404e-06 nIters: 2
TP1: 88.1208787329828 final: 88.1208787329828
TP2: 35.7732238888512 final: 35.7732238888512
HFX: 301.8107825689146 final: 301.8107825689146
yPlus min: 1.846496497993493 max: 55.32476686965834 mean: 23.67001871041547
ExecutionTime = 128.52 s  ClockTime = 132 s

Time = 500

U0 initRes: 1.794358533247648e-06 finalRes: 9.389922677332111e-08 nIters: 3
U1 initRes: 5.041382613668559e-06 finalRes: 3.865413773852613e-07 nIters: 3
U2 initRes: 1.204160183063618e-05 finalRes: 1.109081780210638e-06 nIters: 2
p initRes: 0.0002258996074472387 finalRes: 1.309880880204682e-05 nIters: 1
Time step continuity errors : sum local = 0.0002228345198531767
                                 global = -5.10427329173452e-08
                             cumulative = -0.1052627261297556
T initRes: 1.582561430788224e-05 finalRes: 7.379695770049946e-07 nIters: 3
nuTilda initRes: 0.0002618326259329102 finalRes: 5.937178842639858e-06 nIters: 2
TP1: 88.12087910143806 final: 88.12087910143806
TP2: 35.77322358354006 final: 35.77322358354006
HFX: 301.8107816680636 final: 301.8107816680636
yPlus min: 1.84649679685183 max: 55.3247666048153 mean: 23.67001860083982
ExecutionTime = 128.89 s  ClockTime = 132 s

Time = 600

U0 initRes: 1.794353373663091e-06 finalRes: 9.389913447976537e-08 nIters: 3
U1 initRes: 5.041385000891038e-06 finalRes: 3.865411983378865e-07 nIters: 3
U2 initRes: 1.204160200569965e-05 finalRes: 1.109081937987287e-06 nIters: 2
p initRes: 0.0002258994541108318 finalRes: 1.309864856666394e-05 nIters: 1
Time step continuity errors : sum local = 0.0002228317942475177
                                 global = -4.53619696737756e-08
                             cumulative = -0.1052627714917253
T initRes: 1.582561425561495e-05 finalRes: 7.379694159804413e-07 nIters: 3
nuTilda initRes: 0.0002618326245598719 finalRes: 5.937178321858907e-06 nIters: 2
TP1: 88.12087914706679 final: 88.12087914706679
TP2: 35.77322366485896 final: 35.77322366485896
HFX: 301.81078188257 final: 301.81078188257
yPlus min: 1.846496769063344 max: 55.32476666508101 mean: 23.67001862506693
ExecutionTime = 129.24 s  ClockTime = 132 s

Time = 700

U0 initRes: 1.794353849365643e-06 finalRes: 9.389914406725185e-08 nIters: 3
U1 initRes: 5.041384839085991e-06 finalRes: 3.86541222359939e-07 nIters: 3
U2 initRes: 1.204160211884654e-05 finalRes: 1.109081878877777e-06 nIters: 2
p initRes: 0.0002258994595425296 finalRes: 1.309865052948733e-05 nIters: 1
Time step continuity errors : sum local = 0.0002228318276887923
                                 global = -4.628988887029366e-08
                             cumulative = -0.1052628177816142
T initRes: 1.58256142646577e-05 finalRes: 7.37969415854236e-07 nIters: 3
nuTilda initRes: 0.0002618326247575627 finalRes: 5.937178350250993e-06 nIters: 2
TP1: 88.12087913082051 final: 88.12087913082051
TP2: 35.77322365162222 final: 35.77322365162222
HFX: 301.8107818489562 final: 301.8107818489562
yPlus min: 1.846496770987393 max: 55.32476665603247 mean: 23.67001862153196
ExecutionTime = 129.62 s  ClockTime = 133 s

Time = 800

U0 initRes: 1.794353824100353e-06 finalRes: 9.38991434505301e-08 nIters: 3
U1 initRes: 5.041384837529948e-06 finalRes: 3.865412206718901e-07 nIters: 3
U2 initRes: 1.204160211944208e-05 finalRes: 1.109081888276498e-06 nIters: 2
p initRes: 0.0002258994568641662 finalRes: 1.309864997623205e-05 nIters: 1
Time step continuity errors : sum local = 0.0002228318182970669
                                 global = -4.61748336807875e-08
                             cumulative = -0.1052628639564478
T initRes: 1.582561426564498e-05 finalRes: 7.379694166483778e-07 nIters: 3
nuTilda initRes: 0.0002618326247597807 finalRes: 5.937178351675197e-06 nIters: 2
TP1: 88.12087913370952 final: 88.12087913370952
TP2: 35.77322365325911 final: 35.77322365325911
HFX: 301.8107818529412 final: 301.8107818529412
yPlus min: 1.846496771034111 max: 55.32476665707204 mean: 23.67001862192954
ExecutionTime = 129.96 s  ClockTime = 133 s

Time = 900

U0 initRes: 1.794353822063355e-06 finalRes: 9.389914344615437e-08 nIters: 3
U1 initRes: 5.041384841337929e-06 finalRes: 3.86541220709042e-07 nIters: 3
U2 initRes: 1.204160211875679e-05 finalRes: 1.109081886999175e-06 nIters: 2
p initRes: 0.0002258994570973447 finalRes: 1.30986499503294e-05 nIters: 1
Time step continuity errors : sum local = 0.0002228318177798559
                                 global = -4.618560120973107e-08
                             cumulative = -0.1052629101420491
T initRes: 1.582561426480824e-05 finalRes: 7.379694179729916e-07 nIters: 3
nuTilda initRes: 0.0002618326247578678 finalRes: 5.937178350865145e-06 nIters: 2
TP1: 88.12087913332314 final: 88.12087913332314
TP2: 35.77322365310636 final: 35.77322365310636
HFX: 301.8107818525912 final: 301.8107818525912
yPlus min: 1.846496770995453 max: 55.32476665698496 mean: 23.6700186218973
ExecutionTime = 130.32 s  ClockTime = 133 s

Time = 1000

U0 initRes: 1.79435382288109e-06 finalRes: 9.389914345710809e-08 nIters: 3
U1 initRes: 5.041384840490204e-06 finalRes: 3.865412207309165e-07 nIters: 3
U2 initRes: 1.204160211893987e-05 finalRes: 1.109081887153583e-06 nIters: 2
p initRes: 0.0002258994570846092 finalRes: 1.309864996906353e-05 nIters: 1
Time step continuity errors : sum local = 0.0002228318180751709
                                 global = -4.618506922994417e-08
                             cumulative = -0.1052629563271183
T initRes: 1.582561426475214e-05 finalRes: 7.379694177255172e-07 nIters: 3
nuTilda initRes: 0.0002618326247583794 finalRes: 5.937178351014611e-06 nIters: 2
TP1: 88.1208791333618 final: 88.1208791333618
TP2: 35.7732236531138 final: 35.7732236531138
HFX: 301.8107818526033 final: 301.8107818526033
yPlus min: 1.846496771002829 max: 55.32476665698726 mean: 23.67001862189789
ExecutionTime = 130.69 s  ClockTime = 134 s

End

Moving time 1000 to 0.0033
Printing Primal Residual Statistics.
U Residual Norm2: (25.57140099916134 24.02400201388305 10.64208278503534)
U Residual Mean: (0.03060599704982369 0.02711821420577159 0.01095929201344758)
U Residual Max: (13.58376449105241 10.93333627903674 8.401221888932305)
p Residual Norm2: 8.619113301843891
p Residual Mean: 0.01332473589466038
p Residual Max: 3.159671521795684
T Residual Norm2: 41.20212512160973
T Residual Mean: 0.04549323983771252
T Residual Max: 21.43616135240535
nuTilda Residual Norm2: 0.6529081707074222
nuTilda Residual Mean: 0.00042882413497054
nuTilda Residual Max: 0.5296895140263721
phi Residual Norm2: 0.06464902128371447
phi Residual Mean: 2.566145814202097e-05
phi Residual Max: 0.04469160578596614
Total Residual Norm2: 55.82685594808871
 
 
DAInputVolCoord. 
Setting volume coordinates. 
Checking mesh quality for time = 1000
    Overall domain bounding box (1.502564277894145e-39 -0.09450000000000007 -4.597489806863289e-07) (0.8445004903002175 0.09450000000000008 0.03750000000000003)
    Mesh has 3 geometric (non-empty/wedge) directions (1 1 1)
    Mesh has 3 solution (non-empty) directions (1 1 1)
    Boundary openness (3.357630456478412e-18 -5.920127190149766e-18 5.490255695935076e-17) OK.
    Max cell openness = 5.729644671206027e-16 OK.
    Max aspect ratio = 69.08288552227486 OK.
    Minimum face area = 1.673090988189495e-06. Maximum face area = 0.001155838049816729.  Face area magnitudes OK.
    Min volume = 5.879883059653683e-09. Max volume = 1.309214826366245e-05.  Total volume = 0.004719835190614368.  Cell volumes OK.
    Mesh non-orthogonality Max: 3.512283476804352 average: 0.2800812335364288
    Non-orthogonality check OK.
    Face pyramids OK.
    Max skewness = 0.2181637113594896 OK.
    Coupled point location match (average 0) OK.

Mesh OK.

Running Primal Solver 034
Previous solution time 1000 not found and nothing deleted.
No finite volume options present

Starting time loop

Time = 1

U0 initRes: 2.102662289351213e-06 finalRes: 9.847272259731719e-08 nIters: 3
U1 initRes: 6.762001504082713e-06 finalRes: 4.04945224089056e-07 nIters: 3
U2 initRes: 2.156442637313452e-05 finalRes: 1.469026711674e-06 nIters: 2
p initRes: 0.0002810811688541174 finalRes: 1.234752862211535e-05 nIters: 2
Time step continuity errors : sum local = 0.0002100571093572576
                                 global = -2.672917565953541e-05
                             cumulative = -0.1052896855027778
T initRes: 1.664012137104696e-05 finalRes: 7.488257816909227e-07 nIters: 3
nuTilda initRes: 0.000207053601929446 finalRes: 6.573242506877396e-06 nIters: 2
TP1: 88.11764066094339 final: 88.11764066094339
TP2: 35.77316914066233 final: 35.77316914066233
HFX: 301.8101481944894 final: 301.8101481944894
yPlus min: 1.855360798537284 max: 55.32467173089576 mean: 23.67063988338629
ExecutionTime = 130.83 s  ClockTime = 134 s

Time = 100

U0 initRes: 1.901098816966347e-06 finalRes: 9.573830379477726e-08 nIters: 3
U1 initRes: 5.18975115530496e-06 finalRes: 3.896859921072585e-07 nIters: 3
U2 initRes: 1.272659018817242e-05 finalRes: 1.148227022031901e-06 nIters: 2
p initRes: 0.0002283113750800329 finalRes: 1.386163267431733e-05 nIters: 1
Time step continuity errors : sum local = 0.000235818259581145
                                 global = 1.060718102533925e-06
                             cumulative = -0.1052886247846753
T initRes: 1.590733429191472e-05 finalRes: 7.375637743104893e-07 nIters: 3
nuTilda initRes: 0.0002620542758315666 finalRes: 5.973293683873859e-06 nIters: 2
TP1: 88.11800694793307 final: 88.11800694793307
TP2: 35.77316530786413 final: 35.77316530786413
HFX: 301.8123731685203 final: 301.8123731685203
yPlus min: 1.846465172119177 max: 55.32514982771007 mean: 23.66989805376415
ExecutionTime = 131.18 s  ClockTime = 134 s

Time = 200

U0 initRes: 1.792798496815747e-06 finalRes: 9.335147484977531e-08 nIters: 3
U1 initRes: 5.018312163422231e-06 finalRes: 3.84448236303207e-07 nIters: 3
U2 initRes: 1.213337571643277e-05 finalRes: 1.12150942809341e-06 nIters: 2
p initRes: 0.0002258811365150278 finalRes: 1.316462829491956e-05 nIters: 1
Time step continuity errors : sum local = 0.0002239608625158326
                                 global = -9.785486746399709e-07
                             cumulative = -0.1052896033333499
T initRes: 1.58189957158468e-05 finalRes: 7.371363393400675e-07 nIters: 3
nuTilda initRes: 0.0002617621601488762 finalRes: 5.936707202192542e-06 nIters: 2
TP1: 88.11784996262192 final: 88.11784996262192
TP2: 35.77312403767055 final: 35.77312403767055
HFX: 301.812468678469 final: 301.812468678469
yPlus min: 1.846390437086707 max: 55.32516666220031 mean: 23.66989489224257
ExecutionTime = 131.52 s  ClockTime = 135 s

Time = 300

U0 initRes: 1.791759297412094e-06 finalRes: 9.316976737255619e-08 nIters: 3
U1 initRes: 5.017000145804528e-06 finalRes: 3.843490860760261e-07 nIters: 3
U2 initRes: 1.212873579188614e-05 finalRes: 1.122415667806485e-06 nIters: 2
p initRes: 0.0002258141571578921 finalRes: 1.312041449395516e-05 nIters: 1
Time step continuity errors : sum local = 0.0002232087726133762
                                 global = 2.338347248032074e-07
                             cumulative = -0.1052893694986251
T initRes: 1.581589878516046e-05 finalRes: 7.36902645808495e-07 nIters: 3
nuTilda initRes: 0.0002617566975650277 finalRes: 5.93603701309339e-06 nIters: 2
TP1: 88.1178533504326 final: 88.1178533504326
TP2: 35.77314177941856 final: 35.77314177941856
HFX: 301.8124963744105 final: 301.8124963744105
yPlus min: 1.846388020054516 max: 55.32517439458932 mean: 23.66989818661342
ExecutionTime = 131.96 s  ClockTime = 135 s

Time = 400

U0 initRes: 1.790973421076767e-06 finalRes: 9.312671747688647e-08 nIters: 3
U1 initRes: 5.015466826787546e-06 finalRes: 3.843704858525968e-07 nIters: 3
U2 initRes: 1.212363675357108e-05 finalRes: 1.122297511896251e-06 nIters: 2
p initRes: 0.00022579335293815 finalRes: 1.313229454660379e-05 nIters: 1
Time step continuity errors : sum local = 0.0002234108843366389
                                 global = 3.58556336303363e-07
                             cumulative = -0.1052890109422888
T initRes: 1.581599860319371e-05 finalRes: 7.369007784130338e-07 nIters: 3
nuTilda initRes: 0.0002617563845135728 finalRes: 5.936106238291167e-06 nIters: 2
TP1: 88.11785439558327 final: 88.11785439558327
TP2: 35.77314399085238 final: 35.77314399085238
HFX: 301.8124976629609 final: 301.8124976629609
yPlus min: 1.84639185726218 max: 55.32517434436958 mean: 23.66989828445092
ExecutionTime = 132.32 s  ClockTime = 135 s

Time = 500

U0 initRes: 1.791758224245181e-06 finalRes: 9.317910224562689e-08 nIters: 3
U1 initRes: 5.017054189939257e-06 finalRes: 3.843587481114473e-07 nIters: 3
U2 initRes: 1.212880722544793e-05 finalRes: 1.122341658803379e-06 nIters: 2
p initRes: 0.0002258100630272815 finalRes: 1.311889004516153e-05 nIters: 1
Time step continuity errors : sum local = 0.0002231828415319615
                                 global = 2.996345552947661e-07
                             cumulative = -0.1052887113077335
T initRes: 1.58159739465657e-05 finalRes: 7.368877407166338e-07 nIters: 3
nuTilda initRes: 0.0002617564559685065 finalRes: 5.936006742839951e-06 nIters: 2
TP1: 88.11785470553802 final: 88.11785470553802
TP2: 35.77314285298362 final: 35.77314285298362
HFX: 301.8124973687425 final: 301.8124973687425
yPlus min: 1.846388109281357 max: 55.32517445892814 mean: 23.66989826257406
ExecutionTime = 132.66 s  ClockTime = 136 s

Time = 600

U0 initRes: 1.791139310973283e-06 finalRes: 9.315841311391869e-08 nIters: 3
U1 initRes: 5.014743788187698e-06 finalRes: 3.843173796972919e-07 nIters: 3
U2 initRes: 1.212258141340233e-05 finalRes: 1.121846093828272e-06 nIters: 2
p initRes: 0.0002257913007262865 finalRes: 1.312808170382018e-05 nIters: 1
Time step continuity errors : sum local = 0.0002233392134662507
                                 global = 4.097315719880731e-07
                             cumulative = -0.1052883015761615
T initRes: 1.581616078418611e-05 finalRes: 7.3687101411819e-07 nIters: 3
nuTilda initRes: 0.0002617567380211618 finalRes: 5.936055697376472e-06 nIters: 2
TP1: 88.11785455914311 final: 88.11785455914311
TP2: 35.77314349454297 final: 35.77314349454297
HFX: 301.8124975636408 final: 301.8124975636408
yPlus min: 1.84639054840425 max: 55.3251743998509 mean: 23.66989825640471
ExecutionTime = 133 s  ClockTime = 136 s

Time = 700

U0 initRes: 1.791070060052533e-06 finalRes: 9.313377820262571e-08 nIters: 3
U1 initRes: 5.016210543999264e-06 finalRes: 3.843858997828002e-07 nIters: 3
U2 initRes: 1.212511725070067e-05 finalRes: 1.12242717006045e-06 nIters: 2
p initRes: 0.0002258047984415893 finalRes: 1.31310081200394e-05 nIters: 1
Time step continuity errors : sum local = 0.0002233889985164715
                                 global = 3.288759908369345e-07
                             cumulative = -0.1052879727001707
T initRes: 1.581597037306117e-05 finalRes: 7.36908341067686e-07 nIters: 3
nuTilda initRes: 0.0002617563897064851 finalRes: 5.936097474169939e-06 nIters: 2
TP1: 88.11785461904516 final: 88.11785461904516
TP2: 35.77314348902029 final: 35.77314348902029
HFX: 301.8124975817399 final: 301.8124975817399
yPlus min: 1.846391440093957 max: 55.32517442442455 mean: 23.6698983157229
ExecutionTime = 133.34 s  ClockTime = 137 s

Time = 800

U0 initRes: 1.791555256578545e-06 finalRes: 9.318016862111389e-08 nIters: 3
U1 initRes: 5.015959768597625e-06 finalRes: 3.843118765744741e-07 nIters: 3
U2 initRes: 1.212688280800514e-05 finalRes: 1.122078307223142e-06 nIters: 2
p initRes: 0.0002258054166072929 finalRes: 1.312386447115835e-05 nIters: 1
Time step continuity errors : sum local = 0.0002232674684722739
                                 global = 3.811476575376236e-07
                             cumulative = -0.1052875915525132
T initRes: 1.58161579885887e-05 finalRes: 7.368809028838229e-07 nIters: 3
nuTilda initRes: 0.000261756600044694 finalRes: 5.935995953954358e-06 nIters: 2
TP1: 88.11785460402777 final: 88.11785460402777
TP2: 35.77314294990377 final: 35.77314294990377
HFX: 301.812497489509 final: 301.812497489509
yPlus min: 1.84638862834563 max: 55.32517442582454 mean: 23.66989826953393
ExecutionTime = 133.67 s  ClockTime = 137 s

Time = 900

U0 initRes: 1.790900876075421e-06 finalRes: 9.3134883168574e-08 nIters: 3
U1 initRes: 5.014816783711444e-06 finalRes: 3.843499401634294e-07 nIters: 3
U2 initRes: 1.212276817099656e-05 finalRes: 1.12207565144711e-06 nIters: 2
p initRes: 0.0002257880572386913 finalRes: 1.312919779201881e-05 nIters: 1
Time step continuity errors : sum local = 0.0002233582011550467
                                 global = 3.514213813752552e-07
                             cumulative = -0.1052872401311318
T initRes: 1.581603626575756e-05 finalRes: 7.368820998639783e-07 nIters: 3
nuTilda initRes: 0.0002617565484307813 finalRes: 5.936102281785991e-06 nIters: 2
TP1: 88.1178543546125 final: 88.1178543546125
TP2: 35.77314389401472 final: 35.77314389401472
HFX: 301.8124975551135 final: 301.8124975551135
yPlus min: 1.846391407348332 max: 55.32517454768055 mean: 23.66989829701056
ExecutionTime = 134.05 s  ClockTime = 137 s

Time = 1000

U0 initRes: 1.791487081767823e-06 finalRes: 9.316644578671254e-08 nIters: 3
U1 initRes: 5.016999147545804e-06 finalRes: 3.843825956191655e-07 nIters: 3
U2 initRes: 1.212778048158256e-05 finalRes: 1.122481083625124e-06 nIters: 2
p initRes: 0.0002258101927491363 finalRes: 1.312357300745352e-05 nIters: 1
Time step continuity errors : sum local = 0.0002232625092477057
                                 global = 2.986873067232852e-07
                             cumulative = -0.1052869414438251
T initRes: 1.58159194152031e-05 finalRes: 7.368933499539214e-07 nIters: 3
nuTilda initRes: 0.000261756429020101 finalRes: 5.936050063226132e-06 nIters: 2
TP1: 88.1178544890702 final: 88.1178544890702
TP2: 35.77314285714962 final: 35.77314285714962
HFX: 301.8124974821318 final: 301.8124974821318
yPlus min: 1.846389174288824 max: 55.32517449440245 mean: 23.66989829596399
ExecutionTime = 134.42 s  ClockTime = 138 s

End

Moving time 1000 to 0.0034
Printing Primal Residual Statistics.
U Residual Norm2: (25.5187698156428 24.02095390460239 10.57981334069499)
U Residual Mean: (0.03066840043207471 0.02707308469856629 0.01097808599454119)
U Residual Max: (13.58708901089184 10.93487284655576 8.327808411973056)
p Residual Norm2: 8.624611358682635
p Residual Mean: 0.01332731233266029
p Residual Max: 3.165205971106247
T Residual Norm2: 41.16314649299817
T Residual Mean: 0.04550326359835558
T Residual Max: 21.35503397219452
nuTilda Residual Norm2: 0.6509973785716199
nuTilda Residual Mean: 0.0004284900338902296
nuTilda Residual Max: 0.5274330338290614
phi Residual Norm2: 0.06461442892865804
phi Residual Mean: 2.571310998412181e-05
phi Residual Max: 0.04467134253202242
Total Residual Norm2: 55.7616607770825
 
 
DAInputVolCoord. 
Setting volume coordinates. 
Checking mesh quality for time = 1000
    Overall domain bounding box (-2.278536707381184e-10 -0.09450000000000007 -8.978830015825206e-07) (0.8444999999989887 0.09450000000000008 0.03750000000000003)
    Mesh has 3 geometric (non-empty/wedge) directions (1 1 1)
    Mesh has 3 solution (non-empty) directions (1 1 1)
    Boundary openness (1.395920817577776e-17 -1.003255437787411e-17 -7.877244572142937e-17) OK.
    Max cell openness = 4.372629603038908e-16 OK.
    Max aspect ratio = 69.08288552382443 OK.
    Minimum face area = 1.673067336746103e-06. Maximum face area = 0.001155838030817332.  Face area magnitudes OK.
    Min volume = 5.879968092322171e-09. Max volume = 1.309214573294009e-05.  Total volume = 0.00471983185470951.  Cell volumes OK.
    Mesh non-orthogonality Max: 3.512283126450411 average: 0.2800805799888105
    Non-orthogonality check OK.
    Face pyramids OK.
    Max skewness = 0.2181449020822691 OK.
    Coupled point location match (average 0) OK.

Mesh OK.

Running Primal Solver 035
Previous solution time 1000 not found and nothing deleted.
No finite volume options present

Starting time loop

Time = 1

U0 initRes: 2.174451620475359e-06 finalRes: 9.725272277737796e-08 nIters: 3
U1 initRes: 7.013223797921615e-06 finalRes: 4.114860871002803e-07 nIters: 3
U2 initRes: 2.384420790717756e-05 finalRes: 1.660141205565766e-06 nIters: 2
p initRes: 0.0002871382805476739 finalRes: 1.04750126083874e-05 nIters: 2
Time step continuity errors : sum local = 0.0001782081452952733
                                 global = -2.323835907565325e-08
                             cumulative = -0.1052869646821841
T initRes: 1.66739876930014e-05 finalRes: 7.487679800187074e-07 nIters: 3
nuTilda initRes: 0.0002067033284339837 finalRes: 6.56835737614244e-06 nIters: 2
TP1: 88.11787923682671 final: 88.11787923682671
TP2: 35.77314316381678 final: 35.77314316381678
HFX: 301.8118491557715 final: 301.8118491557715
yPlus min: 1.854237972999532 max: 55.32521238162323 mean: 23.67054108426397
ExecutionTime = 134.55 s  ClockTime = 138 s

Time = 100

U0 initRes: 1.855251492986559e-06 finalRes: 9.744876992046484e-08 nIters: 3
U1 initRes: 5.122644575084895e-06 finalRes: 3.867391392308184e-07 nIters: 3
U2 initRes: 1.24038902922436e-05 finalRes: 1.128168278875813e-06 nIters: 2
p initRes: 0.0002279269773044412 finalRes: 1.389905567574199e-05 nIters: 1
Time step continuity errors : sum local = 0.0002364504204802279
                                 global = 1.049523733124568e-06
                             cumulative = -0.105285915158451
T initRes: 1.586364519068694e-05 finalRes: 7.41675097652809e-07 nIters: 3
nuTilda initRes: 0.0002618966107097567 finalRes: 5.951470367944697e-06 nIters: 2
TP1: 88.11882099226708 final: 88.11882099226708
TP2: 35.7732016303238 final: 35.7732016303238
HFX: 301.8111228622616 final: 301.8111228622616
yPlus min: 1.8455000665079 max: 55.32495578094614 mean: 23.6698820478419
ExecutionTime = 134.88 s  ClockTime = 138 s

Time = 200

U0 initRes: 1.796448999325486e-06 finalRes: 9.394612988932074e-08 nIters: 3
U1 initRes: 5.04264582404351e-06 finalRes: 3.863232193307633e-07 nIters: 3
U2 initRes: 1.205782297913718e-05 finalRes: 1.110389361496009e-06 nIters: 2
p initRes: 0.0002261046753400871 finalRes: 1.332293342059317e-05 nIters: 1
Time step continuity errors : sum local = 0.0002266491673227478
                                 global = -3.389146441192018e-06
                             cumulative = -0.1052893043048922
T initRes: 1.582041409549503e-05 finalRes: 7.379486815703734e-07 nIters: 3
nuTilda initRes: 0.0002616941062096105 finalRes: 5.936008138232373e-06 nIters: 2
TP1: 88.11878109720057 final: 88.11878109720057
TP2: 35.77314599409497 final: 35.77314599409497
HFX: 301.8108811530868 final: 301.8108811530868
yPlus min: 1.845549639779889 max: 55.32488361660948 mean: 23.66986637509117
ExecutionTime = 135.2 s  ClockTime = 138 s

Time = 300

U0 initRes: 1.796301693727488e-06 finalRes: 9.392156074863001e-08 nIters: 3
U1 initRes: 5.045419988683064e-06 finalRes: 3.865280133845723e-07 nIters: 3
U2 initRes: 1.205173723666458e-05 finalRes: 1.109211509987443e-06 nIters: 2
p initRes: 0.0002261395375451378 finalRes: 1.331869391196006e-05 nIters: 1
Time step continuity errors : sum local = 0.0002265770318965961
                                 global = -3.402036185234494e-06
                             cumulative = -0.1052927063410774
T initRes: 1.582142729612907e-05 finalRes: 7.379255982854727e-07 nIters: 3
nuTilda initRes: 0.0002616807292467344 finalRes: 5.935746702793582e-06 nIters: 2
TP1: 88.11878159794672 final: 88.11878159794672
TP2: 35.77314680775918 final: 35.77314680775918
HFX: 301.81089556237 final: 301.81089556237
yPlus min: 1.845542866330068 max: 55.32489048544677 mean: 23.66986731488138
ExecutionTime = 135.53 s  ClockTime = 139 s

Time = 400

U0 initRes: 1.797303079268917e-06 finalRes: 9.404750687118064e-08 nIters: 3
U1 initRes: 5.050274977442227e-06 finalRes: 3.866125212237096e-07 nIters: 3
U2 initRes: 1.2048540270319e-05 finalRes: 1.108653993630924e-06 nIters: 2
p initRes: 0.0002261704976143665 finalRes: 1.333141103939034e-05 nIters: 1
Time step continuity errors : sum local = 0.0002267933666862029
                                 global = -3.584533403580983e-06
                             cumulative = -0.105296290874481
T initRes: 1.58223953756878e-05 finalRes: 7.380247361134538e-07 nIters: 3
nuTilda initRes: 0.0002616828084297985 finalRes: 5.935873424019491e-06 nIters: 2
TP1: 88.11875695219982 final: 88.11875695219982
TP2: 35.77314374522363 final: 35.77314374522363
HFX: 301.8108969075736 final: 301.8108969075736
yPlus min: 1.84554148799726 max: 55.32489112960015 mean: 23.66986711940144
ExecutionTime = 135.86 s  ClockTime = 139 s

Time = 500

U0 initRes: 1.797196186365812e-06 finalRes: 9.405073328542281e-08 nIters: 3
U1 initRes: 5.049002625404026e-06 finalRes: 3.865942603085516e-07 nIters: 3
U2 initRes: 1.204946032710246e-05 finalRes: 1.10879454434474e-06 nIters: 2
p initRes: 0.0002261630038311232 finalRes: 1.332062632852921e-05 nIters: 1
Time step continuity errors : sum local = 0.0002266099087567952
                                 global = -3.309750020997459e-06
                             cumulative = -0.105299600624502
T initRes: 1.582246029261332e-05 finalRes: 7.380361869050826e-07 nIters: 3
nuTilda initRes: 0.0002616828382491059 finalRes: 5.935928658407196e-06 nIters: 2
TP1: 88.11876951702104 final: 88.11876951702104
TP2: 35.77314751293971 final: 35.77314751293971
HFX: 301.8109051246208 final: 301.8109051246208
yPlus min: 1.845544086264339 max: 55.32489331808498 mean: 23.66986806245344
ExecutionTime = 136.2 s  ClockTime = 139 s

Time = 600

U0 initRes: 1.798264663312202e-06 finalRes: 9.412631441075664e-08 nIters: 3
U1 initRes: 5.050358993737882e-06 finalRes: 3.867122911098335e-07 nIters: 3
U2 initRes: 1.204736367662506e-05 finalRes: 1.108789934957599e-06 nIters: 2
p initRes: 0.0002261645663543395 finalRes: 1.332392035684579e-05 nIters: 1
Time step continuity errors : sum local = 0.0002266659501972288
                                 global = -3.21117977587628e-06
                             cumulative = -0.1053028118042779
T initRes: 1.582278958636569e-05 finalRes: 7.380385091581323e-07 nIters: 3
nuTilda initRes: 0.000261683989437226 finalRes: 5.93590653540563e-06 nIters: 2
TP1: 88.11876154128147 final: 88.11876154128147
TP2: 35.77314848620827 final: 35.77314848620827
HFX: 301.8109092018344 final: 301.8109092018344
yPlus min: 1.845544569774034 max: 55.32489406135631 mean: 23.66986838446607
ExecutionTime = 136.55 s  ClockTime = 140 s

Time = 700

U0 initRes: 1.802113592779685e-06 finalRes: 9.437581590517902e-08 nIters: 3
U1 initRes: 5.049673046693486e-06 finalRes: 3.86766542426005e-07 nIters: 3
U2 initRes: 1.20558138440294e-05 finalRes: 1.109229882276935e-06 nIters: 2
p initRes: 0.0002261282209909701 finalRes: 1.330906696645028e-05 nIters: 1
Time step continuity errors : sum local = 0.000226413274555187
                                 global = -3.032270631645616e-06
                             cumulative = -0.1053058440749095
T initRes: 1.582451639281781e-05 finalRes: 7.380186218380674e-07 nIters: 3
nuTilda initRes: 0.0002616884048295579 finalRes: 5.936270580661171e-06 nIters: 2
TP1: 88.11874144274245 final: 88.11874144274245
TP2: 35.77315008946491 final: 35.77315008946491
HFX: 301.810920013497 final: 301.810920013497
yPlus min: 1.845544591367314 max: 55.3248968982893 mean: 23.6698692990052
ExecutionTime = 136.9 s  ClockTime = 140 s

Time = 800

U0 initRes: 1.804178968747494e-06 finalRes: 9.447218724620278e-08 nIters: 3
U1 initRes: 5.050841554427057e-06 finalRes: 3.867744456609215e-07 nIters: 3
U2 initRes: 1.20552203686992e-05 finalRes: 1.108685847198107e-06 nIters: 2
p initRes: 0.0002261380017615896 finalRes: 1.331151770719918e-05 nIters: 1
Time step continuity errors : sum local = 0.0002264549711426189
                                 global = -2.637694810873471e-06
                             cumulative = -0.1053084817697204
T initRes: 1.582540966475495e-05 finalRes: 7.380216262978974e-07 nIters: 3
nuTilda initRes: 0.0002616892575128836 finalRes: 5.936412252423102e-06 nIters: 2
TP1: 88.11874077425033 final: 88.11874077425033
TP2: 35.7731548981026 final: 35.7731548981026
HFX: 301.810931546003 final: 301.810931546003
yPlus min: 1.845538388658463 max: 55.32490046956043 mean: 23.66987049552344
ExecutionTime = 137.28 s  ClockTime = 141 s

Time = 900

U0 initRes: 1.80640339784337e-06 finalRes: 9.457196561595541e-08 nIters: 3
U1 initRes: 5.054970891710137e-06 finalRes: 3.868645918945593e-07 nIters: 3
U2 initRes: 1.20529162186645e-05 finalRes: 1.108859255370451e-06 nIters: 2
p initRes: 0.0002261818164083848 finalRes: 1.331571246217429e-05 nIters: 1
Time step continuity errors : sum local = 0.0002265263323557372
                                 global = -2.131869724669428e-06
                             cumulative = -0.1053106136394451
T initRes: 1.582682355624602e-05 finalRes: 7.380241621431108e-07 nIters: 3
nuTilda initRes: 0.0002616906166372809 finalRes: 5.936421619740292e-06 nIters: 2
TP1: 88.11874168454193 final: 88.11874168454193
TP2: 35.77316187405469 final: 35.77316187405469
HFX: 301.8109436510473 final: 301.8109436510473
yPlus min: 1.84552808235299 max: 55.32490481672536 mean: 23.66987185087535
ExecutionTime = 137.66 s  ClockTime = 141 s

Time = 1000

U0 initRes: 1.808158489555131e-06 finalRes: 9.467281311829043e-08 nIters: 3
U1 initRes: 5.057195638938907e-06 finalRes: 3.869261700255427e-07 nIters: 3
U2 initRes: 1.205979939220728e-05 finalRes: 1.110039445697886e-06 nIters: 2
p initRes: 0.0002261865838746168 finalRes: 1.330776566304818e-05 nIters: 1
Time step continuity errors : sum local = 0.0002263911427658489
                                 global = -1.33666356330356e-06
                             cumulative = -0.1053119503030084
T initRes: 1.582747057842082e-05 finalRes: 7.380268456991275e-07 nIters: 3
nuTilda initRes: 0.0002616922462767342 finalRes: 5.93645374948406e-06 nIters: 2
TP1: 88.11874337407333 final: 88.11874337407333
TP2: 35.77317114956021 final: 35.77317114956021
HFX: 301.8109576172491 final: 301.8109576172491
yPlus min: 1.845520246981071 max: 55.32490992245223 mean: 23.66987349643183
ExecutionTime = 137.99 s  ClockTime = 141 s

End

Moving time 1000 to 0.0035
Printing Primal Residual Statistics.
U Residual Norm2: (25.55775444237984 24.01601464177877 10.63129578604336)
U Residual Mean: (0.03077226020941812 0.02725701305714117 0.01099956571508674)
U Residual Max: (13.58382196884276 10.92858094939696 8.39038982905266)
p Residual Norm2: 8.617619401482939
p Residual Mean: 0.01334996222368925
p Residual Max: 3.160753916493185
T Residual Norm2: 41.17673785161193
T Residual Mean: 0.04551932072125065
T Residual Max: 21.40676294498338
nuTilda Residual Norm2: 0.6520432607892479
nuTilda Residual Mean: 0.000428669341736687
nuTilda Residual Max: 0.5287153110292575
phi Residual Norm2: 0.06463812970991976
phi Residual Mean: 2.56994033135219e-05
phi Residual Max: 0.04469154353731625
Total Residual Norm2: 55.79613485047509
 
 
DAInputVolCoord. 
Setting volume coordinates. 
Checking mesh quality for time = 1000
    Overall domain bounding box (1.822912416753591e-38 -0.09450000000000007 -1.478088636557878e-07) (0.8445009932543392 0.09450000000000008 0.03750000000000003)
    Mesh has 3 geometric (non-empty/wedge) directions (1 1 1)
    Mesh has 3 solution (non-empty) directions (1 1 1)
    Boundary openness (1.382594132282015e-17 -4.759941072137169e-18 1.058353748475302e-16) OK.
    Max cell openness = 4.370647510880635e-16 OK.
    Max aspect ratio = 69.08288552628782 OK.
    Minimum face area = 1.671047997816622e-06. Maximum face area = 0.001155838119563385.  Face area magnitudes OK.
    Min volume = 5.879984949353571e-09. Max volume = 1.309214517014587e-05.  Total volume = 0.004719833430685792.  Cell volumes OK.
    Mesh non-orthogonality Max: 3.512288671956382 average: 0.2802957497061176
    Non-orthogonality check OK.
    Face pyramids OK.
    Max skewness = 0.2182223446156229 OK.
    Coupled point location match (average 0) OK.

Mesh OK.

Running Primal Solver 036
Previous solution time 1000 not found and nothing deleted.
No finite volume options present

Starting time loop

Time = 1

U0 initRes: 2.751314000113034e-06 finalRes: 2.669876124233712e-07 nIters: 2
U1 initRes: 2.32019195629657e-05 finalRes: 2.306371653573896e-06 nIters: 2
U2 initRes: 0.0001188646638207213 finalRes: 5.248211337056432e-06 nIters: 2
p initRes: 0.0004791994378108892 finalRes: 2.097095725353084e-05 nIters: 3
Time step continuity errors : sum local = 0.0003567589958045812
                                 global = 7.491024095620291e-05
                             cumulative = -0.1052370400620522
T initRes: 2.214956702127305e-05 finalRes: 2.168944096887807e-06 nIters: 2
nuTilda initRes: 0.0002099725692019248 finalRes: 6.73143030066888e-06 nIters: 2
TP1: 88.09487220614305 final: 88.09487220614305
TP2: 35.77335045430486 final: 35.77335045430486
HFX: 301.8119182274538 final: 301.8119182274538
yPlus min: 1.853279401492022 max: 55.32481446552819 mean: 23.67043616581505
ExecutionTime = 138.13 s  ClockTime = 141 s

Time = 100

U0 initRes: 2.002198950557055e-06 finalRes: 1.023122847783247e-07 nIters: 3
U1 initRes: 5.295376564084675e-06 finalRes: 3.911124452328446e-07 nIters: 3
U2 initRes: 1.318059884827085e-05 finalRes: 1.163769811077221e-06 nIters: 2
p initRes: 0.0002307840327805232 finalRes: 1.462275286173469e-05 nIters: 1
Time step continuity errors : sum local = 0.0002487648961745529
                                 global = 2.963689182313213e-06
                             cumulative = -0.1052340763728699
T initRes: 1.595704092488522e-05 finalRes: 7.387162965576415e-07 nIters: 3
nuTilda initRes: 0.0002623011059662585 finalRes: 5.993781000896287e-06 nIters: 2
TP1: 88.11918940358282 final: 88.11918940358282
TP2: 35.77318504567515 final: 35.77318504567515
HFX: 301.8104731591546 final: 301.8104731591546
yPlus min: 1.84696203467467 max: 55.32510006367566 mean: 23.6696731967163
ExecutionTime = 138.48 s  ClockTime = 142 s

Time = 200

U0 initRes: 1.805853107418532e-06 finalRes: 9.43521909137126e-08 nIters: 3
U1 initRes: 5.027753506617845e-06 finalRes: 3.84950372586678e-07 nIters: 3
U2 initRes: 1.215327033718154e-05 finalRes: 1.122082714528808e-06 nIters: 2
p initRes: 0.0002261304282173003 finalRes: 1.325462367736217e-05 nIters: 1
Time step continuity errors : sum local = 0.0002254899188549833
                                 global = 2.300366047548592e-07
                             cumulative = -0.1052338463362651
T initRes: 1.582858445251351e-05 finalRes: 7.373498978803569e-07 nIters: 3
nuTilda initRes: 0.0002618281154969287 finalRes: 5.941272712065002e-06 nIters: 2
TP1: 88.11878302139112 final: 88.11878302139112
TP2: 35.77316298996413 final: 35.77316298996413
HFX: 301.8106422167452 final: 301.8106422167452
yPlus min: 1.846817390491479 max: 55.32510549195719 mean: 23.66966248107256
ExecutionTime = 138.82 s  ClockTime = 142 s

Time = 300

U0 initRes: 1.79163988862091e-06 finalRes: 9.313538870174829e-08 nIters: 3
U1 initRes: 5.016322832274283e-06 finalRes: 3.843795615985388e-07 nIters: 3
U2 initRes: 1.212565386086034e-05 finalRes: 1.1220000542333e-06 nIters: 2
p initRes: 0.0002258480552604742 finalRes: 1.312111720843706e-05 nIters: 1
Time step continuity errors : sum local = 0.0002232187905846436
                                 global = 4.35074989150473e-07
                             cumulative = -0.105233411261276
T initRes: 1.581864568022463e-05 finalRes: 7.369318758264248e-07 nIters: 3
nuTilda initRes: 0.0002617964570858642 finalRes: 5.936588961758469e-06 nIters: 2
TP1: 88.11866789368887 final: 88.11866789368887
TP2: 35.77316622566079 final: 35.77316622566079
HFX: 301.8106491715681 final: 301.8106491715681
yPlus min: 1.846801491909198 max: 55.32510914695008 mean: 23.66966433848888
ExecutionTime = 139.2 s  ClockTime = 143 s

Time = 400

U0 initRes: 1.79129933415192e-06 finalRes: 9.311011171142284e-08 nIters: 3
U1 initRes: 5.015213113776851e-06 finalRes: 3.84396235992742e-07 nIters: 3
U2 initRes: 1.212417300194136e-05 finalRes: 1.121832497097326e-06 nIters: 2
p initRes: 0.0002258216873402432 finalRes: 1.309607477270677e-05 nIters: 1
Time step continuity errors : sum local = 0.0002227927363494694
                                 global = -1.364335573577197e-07
                             cumulative = -0.1052335476948333
T initRes: 1.581854097273864e-05 finalRes: 7.369233572634968e-07 nIters: 3
nuTilda initRes: 0.0002617948349252873 finalRes: 5.936575521505905e-06 nIters: 2
TP1: 88.11866537699976 final: 88.11866537699976
TP2: 35.77315815249123 final: 35.77315815249123
HFX: 301.8106218647555 final: 301.8106218647555
yPlus min: 1.846805084094922 max: 55.32510152190732 mean: 23.66966137012189
ExecutionTime = 139.53 s  ClockTime = 143 s

Time = 500

U0 initRes: 1.791278151991506e-06 finalRes: 9.310929342192448e-08 nIters: 3
U1 initRes: 5.015259747676864e-06 finalRes: 3.843937987149692e-07 nIters: 3
U2 initRes: 1.212425706902159e-05 finalRes: 1.121845814774652e-06 nIters: 2
p initRes: 0.0002258160869306226 finalRes: 1.309309074762892e-05 nIters: 1
Time step continuity errors : sum local = 0.000222741978351489
                                 global = 8.224562293891771e-09
                             cumulative = -0.105233539470271
T initRes: 1.581853909904448e-05 finalRes: 7.36921499294141e-07 nIters: 3
nuTilda initRes: 0.000261794828457271 finalRes: 5.936571502571064e-06 nIters: 2
TP1: 88.11866813612207 final: 88.11866813612207
TP2: 35.77316020836811 final: 35.77316020836811
HFX: 301.8106273320483 final: 301.8106273320483
yPlus min: 1.846804917268831 max: 55.32510293539648 mean: 23.66966192803633
ExecutionTime = 139.87 s  ClockTime = 143 s

Time = 600

U0 initRes: 1.791278761763397e-06 finalRes: 9.310942818556984e-08 nIters: 3
U1 initRes: 5.015264280566877e-06 finalRes: 3.843939406253616e-07 nIters: 3
U2 initRes: 1.212425855010084e-05 finalRes: 1.121845444757034e-06 nIters: 2
p initRes: 0.0002258161067117286 finalRes: 1.30927744678221e-05 nIters: 1
Time step continuity errors : sum local = 0.0002227365969617365
                                 global = -8.19564730611118e-09
                             cumulative = -0.1052335476659183
T initRes: 1.581853937207827e-05 finalRes: 7.369212918840313e-07 nIters: 3
nuTilda initRes: 0.0002617948268525496 finalRes: 5.936570512976335e-06 nIters: 2
TP1: 88.11866763180598 final: 88.11866763180598
TP2: 35.77315997558755 final: 35.77315997558755
HFX: 301.81062677659 final: 301.81062677659
yPlus min: 1.84680487372057 max: 55.3251027985522 mean: 23.66966187532869
ExecutionTime = 140.22 s  ClockTime = 144 s

Time = 700

U0 initRes: 1.791278295694606e-06 finalRes: 9.310940515006284e-08 nIters: 3
U1 initRes: 5.015262266991799e-06 finalRes: 3.843939623904496e-07 nIters: 3
U2 initRes: 1.212425650403563e-05 finalRes: 1.121845208176147e-06 nIters: 2
p initRes: 0.0002258160769662726 finalRes: 1.309277668950551e-05 nIters: 1
Time step continuity errors : sum local = 0.000222736634830466
                                 global = -7.75571696414459e-09
                             cumulative = -0.1052335554216353
T initRes: 1.58185392815861e-05 finalRes: 7.369213534738728e-07 nIters: 3
nuTilda initRes: 0.0002617948271483548 finalRes: 5.93657075220706e-06 nIters: 2
TP1: 88.11866767871958 final: 88.11866767871958
TP2: 35.77315998172137 final: 35.77315998172137
HFX: 301.8106267811343 final: 301.8106267811343
yPlus min: 1.84680488579371 max: 55.32510279851124 mean: 23.66966187504043
ExecutionTime = 140.57 s  ClockTime = 144 s

Time = 800

U0 initRes: 1.791278374760989e-06 finalRes: 9.310940757424355e-08 nIters: 3
U1 initRes: 5.015262576938535e-06 finalRes: 3.843939559401964e-07 nIters: 3
U2 initRes: 1.21242568491675e-05 finalRes: 1.12184525598267e-06 nIters: 2
p initRes: 0.0002258160706155532 finalRes: 1.309277943110699e-05 nIters: 1
Time step continuity errors : sum local = 0.0002227366814981966
                                 global = -7.530276922937375e-09
                             cumulative = -0.1052335629519122
T initRes: 1.581853928933711e-05 finalRes: 7.369213484517031e-07 nIters: 3
nuTilda initRes: 0.0002617948271121512 finalRes: 5.936570723447448e-06 nIters: 2
TP1: 88.11866767905408 final: 88.11866767905408
TP2: 35.77315998493797 final: 35.77315998493797
HFX: 301.8106267908624 final: 301.8106267908624
yPlus min: 1.846804884228282 max: 55.32510280113192 mean: 23.66966187609947
ExecutionTime = 140.91 s  ClockTime = 144 s

Time = 900

U0 initRes: 1.791278366841691e-06 finalRes: 9.310940749531616e-08 nIters: 3
U1 initRes: 5.015262553157967e-06 finalRes: 3.84393956749607e-07 nIters: 3
U2 initRes: 1.212425681998253e-05 finalRes: 1.121845251176695e-06 nIters: 2
p initRes: 0.0002258160717267372 finalRes: 1.309277866433297e-05 nIters: 1
Time step continuity errors : sum local = 0.0002227366683429925
                                 global = -7.583517816494068e-09
                             cumulative = -0.10523357053543
T initRes: 1.581853928772503e-05 finalRes: 7.369213474565901e-07 nIters: 3
nuTilda initRes: 0.0002617948271127097 finalRes: 5.936570724524515e-06 nIters: 2
TP1: 88.11866767809298 final: 88.11866767809298
TP2: 35.77315998418096 final: 35.77315998418096
HFX: 301.810626788843 final: 301.810626788843
yPlus min: 1.846804884307457 max: 55.32510280061366 mean: 23.66966187589508
ExecutionTime = 141.26 s  ClockTime = 145 s

Time = 1000

U0 initRes: 1.791278366974649e-06 finalRes: 9.310940746577509e-08 nIters: 3
U1 initRes: 5.015262551809855e-06 finalRes: 3.843939567113092e-07 nIters: 3
U2 initRes: 1.212425681941917e-05 finalRes: 1.121845251215011e-06 nIters: 2
p initRes: 0.0002258160715751388 finalRes: 1.309277876065186e-05 nIters: 1
Time step continuity errors : sum local = 0.0002227366699906565
                                 global = -7.577261991270088e-09
                             cumulative = -0.105233578112692
T initRes: 1.581853928914741e-05 finalRes: 7.369213476625829e-07 nIters: 3
nuTilda initRes: 0.0002617948271131326 finalRes: 5.936570724883225e-06 nIters: 2
TP1: 88.11866767827705 final: 88.11866767827705
TP2: 35.77315998426966 final: 35.77315998426966
HFX: 301.8106267890588 final: 301.8106267890588
yPlus min: 1.846804884319904 max: 55.32510280066639 mean: 23.66966187591536
ExecutionTime = 141.61 s  ClockTime = 145 s

End

Moving time 1000 to 0.0036
Printing Primal Residual Statistics.
U Residual Norm2: (25.52464565936862 24.02423635074647 10.58589416286214)
U Residual Mean: (0.03067191669976758 0.02707299177936674 0.01097555552202322)
U Residual Max: (13.58658252166103 10.93650040392812 8.333726544587021)
p Residual Norm2: 8.625767692382022
p Residual Mean: 0.01332733865697543
p Residual Max: 3.164810581516594
T Residual Norm2: 41.17832927357222
T Residual Mean: 0.04550947901494369
T Residual Max: 21.37166487267865
nuTilda Residual Norm2: 0.6514430809188558
nuTilda Residual Mean: 0.0004285385539790843
nuTilda Residual Max: 0.5279682507819047
phi Residual Norm2: 0.06462158446426632
phi Residual Mean: 2.571114131610341e-05
phi Residual Max: 0.04467148877684142
Total Residual Norm2: 55.7783098308178
 
 
DAInputVolCoord. 
Setting volume coordinates. 
Checking mesh quality for time = 1000
    Overall domain bounding box (-9.29544495967616e-10 -0.09450000000000007 -6.807600795509203e-07) (0.8445 0.09450000000000008 0.03750000000000003)
    Mesh has 3 geometric (non-empty/wedge) directions (1 1 1)
    Mesh has 3 solution (non-empty) directions (1 1 1)
    Boundary openness (-7.601577407789786e-19 -1.872725512701182e-17 -1.131122736767633e-16) OK.
    Max cell openness = 4.270840854496738e-16 OK.
    Max aspect ratio = 69.08288552213159 OK.
    Minimum face area = 1.67101109591137e-06. Maximum face area = 0.001155838031967623.  Face area magnitudes OK.
    Min volume = 5.872906399881517e-09. Max volume = 1.309215107586547e-05.  Total volume = 0.004719833614768243.  Cell volumes OK.
    Mesh non-orthogonality Max: 3.512289342671355 average: 0.2803006853792516
    Non-orthogonality check OK.
    Face pyramids OK.
    Max skewness = 0.2181743593805112 OK.
    Coupled point location match (average 0) OK.

Mesh OK.

Running Primal Solver 037
Previous solution time 1000 not found and nothing deleted.
No finite volume options present

Starting time loop

Time = 1

U0 initRes: 3.542717463245962e-06 finalRes: 3.171237534990483e-07 nIters: 2
U1 initRes: 3.958742095178946e-05 finalRes: 3.68765718497079e-06 nIters: 2
U2 initRes: 0.00022615155339767 finalRes: 9.706266107860795e-06 nIters: 2
p initRes: 0.0007136808928491151 finalRes: 4.812103102329716e-05 nIters: 3
Time step continuity errors : sum local = 0.0008186616457969714
                                 global = -6.58345530485825e-06
                             cumulative = -0.1052401615679969
T initRes: 2.830939541293075e-05 finalRes: 2.589995662056789e-06 nIters: 2
nuTilda initRes: 0.0002134715535389606 finalRes: 6.956460742125889e-06 nIters: 2
TP1: 88.17914005260542 final: 88.17914005260542
TP2: 35.77314593238857 final: 35.77314593238857
HFX: 301.8071315707056 final: 301.8071315707056
yPlus min: 1.857882613747182 max: 55.32527902444635 mean: 23.67043859435648
ExecutionTime = 141.74 s  ClockTime = 145 s

Time = 100

U0 initRes: 2.028215650497779e-06 finalRes: 1.053898882914022e-07 nIters: 3
U1 initRes: 5.383310644543165e-06 finalRes: 3.901806545204414e-07 nIters: 3
U2 initRes: 1.344907588568743e-05 finalRes: 1.18618578135306e-06 nIters: 2
p initRes: 0.0002334440076342008 finalRes: 1.576922217827629e-05 nIters: 1
Time step continuity errors : sum local = 0.0002682687155401274
                                 global = 2.867705278531452e-06
                             cumulative = -0.1052372938627184
T initRes: 1.603126238164653e-05 finalRes: 7.51973839940398e-07 nIters: 3
nuTilda initRes: 0.0002625536988018681 finalRes: 6.015729740513566e-06 nIters: 2
TP1: 88.11761893546799 final: 88.11761893546799
TP2: 35.77316461906604 final: 35.77316461906604
HFX: 301.8130239044107 final: 301.8130239044107
yPlus min: 1.845028538831734 max: 55.32505148203908 mean: 23.67012572607866
ExecutionTime = 142.1 s  ClockTime = 145 s

Time = 200

U0 initRes: 1.809160656464261e-06 finalRes: 9.412445592428712e-08 nIters: 3
U1 initRes: 5.054785643173252e-06 finalRes: 3.865229879945076e-07 nIters: 3
U2 initRes: 1.212991409747448e-05 finalRes: 1.113170498779567e-06 nIters: 2
p initRes: 0.0002261685041815038 finalRes: 1.324416154197875e-05 nIters: 1
Time step continuity errors : sum local = 0.0002253113848744831
                                 global = -3.97319983386818e-08
                             cumulative = -0.1052373335947167
T initRes: 1.58297511569158e-05 finalRes: 7.375160512131505e-07 nIters: 3
nuTilda initRes: 0.0002616562314370417 finalRes: 5.93484468682563e-06 nIters: 2
TP1: 88.118013908449 final: 88.118013908449
TP2: 35.77316336033306 final: 35.77316336033306
HFX: 301.8128028827662 final: 301.8128028827662
yPlus min: 1.845151376096613 max: 55.32496614871286 mean: 23.67011069495145
ExecutionTime = 142.46 s  ClockTime = 146 s

Time = 300

U0 initRes: 1.793509202911046e-06 finalRes: 9.379392918250245e-08 nIters: 3
U1 initRes: 5.038604979709985e-06 finalRes: 3.863478575211566e-07 nIters: 3
U2 initRes: 1.20304116592003e-05 finalRes: 1.108046961099076e-06 nIters: 2
p initRes: 0.0002257938568404502 finalRes: 1.310914234215001e-05 nIters: 1
Time step continuity errors : sum local = 0.0002230142618725443
                                 global = 5.096335949435604e-07
                             cumulative = -0.1052368239611217
T initRes: 1.581200405229935e-05 finalRes: 7.375768715014788e-07 nIters: 3
nuTilda initRes: 0.0002616376562548376 finalRes: 5.934437424142551e-06 nIters: 2
TP1: 88.11808455222426 final: 88.11808455222426
TP2: 35.77317197074849 final: 35.77317197074849
HFX: 301.812839299683 final: 301.812839299683
yPlus min: 1.845151834183855 max: 55.32497739409194 mean: 23.67010994939573
ExecutionTime = 142.83 s  ClockTime = 146 s

Time = 400

U0 initRes: 1.792905220935196e-06 finalRes: 9.378892966733119e-08 nIters: 3
U1 initRes: 5.037291730368034e-06 finalRes: 3.863122034084416e-07 nIters: 3
U2 initRes: 1.202937682523621e-05 finalRes: 1.108027216793779e-06 nIters: 2
p initRes: 0.0002257681997773232 finalRes: 1.309423689401598e-05 nIters: 1
Time step continuity errors : sum local = 0.0002227606841518573
                                 global = 5.808492994143632e-07
                             cumulative = -0.1052362431118223
T initRes: 1.581174844164423e-05 finalRes: 7.376109820478212e-07 nIters: 3
nuTilda initRes: 0.0002616372305460744 finalRes: 5.934402864716142e-06 nIters: 2
TP1: 88.11809895242492 final: 88.11809895242492
TP2: 35.77317282214823 final: 35.77317282214823
HFX: 301.8128387509439 final: 301.8128387509439
yPlus min: 1.845155994891564 max: 55.32497707571942 mean: 23.67010975051467
ExecutionTime = 143.19 s  ClockTime = 147 s

Time = 500

U0 initRes: 1.792911218602857e-06 finalRes: 9.378991436510528e-08 nIters: 3
U1 initRes: 5.037248952013915e-06 finalRes: 3.863148447657104e-07 nIters: 3
U2 initRes: 1.202946467957071e-05 finalRes: 1.108020318800523e-06 nIters: 2
p initRes: 0.000225766036801784 finalRes: 1.309306334010419e-05 nIters: 1
Time step continuity errors : sum local = 0.0002227407184063169
                                 global = 5.47166054162223e-07
                             cumulative = -0.1052356959457682
T initRes: 1.58117558029789e-05 finalRes: 7.376033822328718e-07 nIters: 3
nuTilda initRes: 0.0002616372068682644 finalRes: 5.934400728901386e-06 nIters: 2
TP1: 88.11809912733031 final: 88.11809912733031
TP2: 35.77317235402452 final: 35.77317235402452
HFX: 301.8128372867921 final: 301.8128372867921
yPlus min: 1.845156274646472 max: 55.32497667675878 mean: 23.67010962820991
ExecutionTime = 143.55 s  ClockTime = 147 s

Time = 600

U0 initRes: 1.792912850726184e-06 finalRes: 9.378987045374745e-08 nIters: 3
U1 initRes: 5.037255221512049e-06 finalRes: 3.863149667062599e-07 nIters: 3
U2 initRes: 1.202946387874129e-05 finalRes: 1.108019289046767e-06 nIters: 2
p initRes: 0.0002257660678625447 finalRes: 1.309287352819936e-05 nIters: 1
Time step continuity errors : sum local = 0.0002227374891083162
                                 global = 5.415346584166302e-07
                             cumulative = -0.1052351544111098
T initRes: 1.581175544552381e-05 finalRes: 7.376027374185526e-07 nIters: 3
nuTilda initRes: 0.0002616372049947784 finalRes: 5.934400041492889e-06 nIters: 2
TP1: 88.11809893203439 final: 88.11809893203439
TP2: 35.77317227473583 final: 35.77317227473583
HFX: 301.8128371102889 final: 301.8128371102889
yPlus min: 1.845156248102773 max: 55.32497663246327 mean: 23.67010961403267
ExecutionTime = 143.94 s  ClockTime = 147 s

Time = 700

U0 initRes: 1.79291301479299e-06 finalRes: 9.378984156555906e-08 nIters: 3
U1 initRes: 5.037256344133735e-06 finalRes: 3.863149319774254e-07 nIters: 3
U2 initRes: 1.202946298406028e-05 finalRes: 1.108019359634144e-06 nIters: 2
p initRes: 0.0002257660920920389 finalRes: 1.309287103812848e-05 nIters: 1
Time step continuity errors : sum local = 0.0002227374468473917
                                 global = 5.414972650381153e-07
                             cumulative = -0.1052346129138447
T initRes: 1.581175529895144e-05 finalRes: 7.37602730102936e-07 nIters: 3
nuTilda initRes: 0.0002616372046931561 finalRes: 5.93439996281813e-06 nIters: 2
TP1: 88.11809890819052 final: 88.11809890819052
TP2: 35.7731722740626 final: 35.7731722740626
HFX: 301.8128371137364 final: 301.8128371137364
yPlus min: 1.845156241378871 max: 55.3249766338897 mean: 23.67010961462053
ExecutionTime = 144.39 s  ClockTime = 148 s

Time = 800

U0 initRes: 1.792913015880705e-06 finalRes: 9.378983932461219e-08 nIters: 3
U1 initRes: 5.037256404173229e-06 finalRes: 3.863149285818345e-07 nIters: 3
U2 initRes: 1.202946294140921e-05 finalRes: 1.108019379967536e-06 nIters: 2
p initRes: 0.0002257660932689641 finalRes: 1.309287324429444e-05 nIters: 1
Time step continuity errors : sum local = 0.0002227374842582011
                                 global = 5.415820635071873e-07
                             cumulative = -0.1052340713317812
T initRes: 1.581175529396707e-05 finalRes: 7.376027364545034e-07 nIters: 3
nuTilda initRes: 0.0002616372046890551 finalRes: 5.934399966453113e-06 nIters: 2
TP1: 88.1180989084455 final: 88.1180989084455
TP2: 35.77317227525246 final: 35.77317227525246
HFX: 301.8128371169652 final: 301.8128371169652
yPlus min: 1.845156240963381 max: 55.32497663475998 mean: 23.67010961491599
ExecutionTime = 144.94 s  ClockTime = 149 s

Time = 900

U0 initRes: 1.792913012816939e-06 finalRes: 9.378983951405178e-08 nIters: 3
U1 initRes: 5.03725639377005e-06 finalRes: 3.863149286950365e-07 nIters: 3
U2 initRes: 1.202946294526266e-05 finalRes: 1.108019380987384e-06 nIters: 2
p initRes: 0.0002257660930748564 finalRes: 1.309287349762109e-05 nIters: 1
Time step continuity errors : sum local = 0.0002227374885847121
                                 global = 5.415921979291942e-07
                             cumulative = -0.1052335297395833
T initRes: 1.58117552945496e-05 finalRes: 7.376027372958028e-07 nIters: 3
nuTilda initRes: 0.0002616372046929343 finalRes: 5.93439996799678e-06 nIters: 2
TP1: 88.11809890884501 final: 88.11809890884501
TP2: 35.77317227539677 final: 35.77317227539677
HFX: 301.8128371172825 final: 301.8128371172825
yPlus min: 1.845156241021757 max: 55.32497663483756 mean: 23.67010961493992
ExecutionTime = 145.28 s  ClockTime = 149 s

Time = 1000

U0 initRes: 1.792913012422638e-06 finalRes: 9.37898395701225e-08 nIters: 3
U1 initRes: 5.037256391566255e-06 finalRes: 3.863149287633342e-07 nIters: 3
U2 initRes: 1.202946294670305e-05 finalRes: 1.108019380828261e-06 nIters: 2
p initRes: 0.0002257660930305427 finalRes: 1.30928734909036e-05 nIters: 1
Time step continuity errors : sum local = 0.000222737488594959
                                 global = 5.415920453516492e-07
                             cumulative = -0.1052329881475379
T initRes: 1.581175529425592e-05 finalRes: 7.376027391764123e-07 nIters: 3
nuTilda initRes: 0.0002616372046934063 finalRes: 5.934399968096875e-06 nIters: 2
TP1: 88.1180989088878 final: 88.1180989088878
TP2: 35.77317227539481 final: 35.77317227539481
HFX: 301.8128371172692 final: 301.8128371172692
yPlus min: 1.845156241033938 max: 55.32497663483295 mean: 23.67010961493807
ExecutionTime = 145.64 s  ClockTime = 149 s

End

Moving time 1000 to 0.0037
Printing Primal Residual Statistics.
U Residual Norm2: (25.55217972568648 24.01270185039902 10.62489400212852)
U Residual Mean: (0.03060218207572377 0.02710701102097941 0.01096158655858462)
U Residual Max: (13.58413209661224 10.92694144716243 8.384145525377882)
p Residual Norm2: 8.616536729328558
p Residual Mean: 0.01332233471573437
p Residual Max: 3.161065606793394
T Residual Norm2: 41.16170232095845
T Residual Mean: 0.04547861979487944
T Residual Max: 21.39025587066289
nuTilda Residual Norm2: 0.651600963837742
nuTilda Residual Mean: 0.0004286100389069488
nuTilda Residual Max: 0.5281846844234772
phi Residual Norm2: 0.06463343507372959
phi Residual Mean: 2.566583900873425e-05
phi Residual Max: 0.04469478111653923
Total Residual Norm2: 55.77966758515574
 
 
DAInputVolCoord. 
Setting volume coordinates. 
Checking mesh quality for time = 1000
    Overall domain bounding box (-1.469459970941894e-11 -0.09450000000000007 -9.250319689969398e-07) (0.8445000000000003 0.09450000000000008 0.03750000000000003)
    Mesh has 3 geometric (non-empty/wedge) directions (1 1 1)
    Mesh has 3 solution (non-empty) directions (1 1 1)
    Boundary openness (4.274744166162053e-18 -6.435050078761133e-18 -4.370004779151145e-17) OK.
    Max cell openness = 4.078422436716448e-16 OK.
    Max aspect ratio = 69.08288552229807 OK.
    Minimum face area = 1.673116716946795e-06. Maximum face area = 0.001155838046254641.  Face area magnitudes OK.
    Min volume = 5.879981433385499e-09. Max volume = 1.309214801881389e-05.  Total volume = 0.004719837223028104.  Cell volumes OK.
    Mesh non-orthogonality Max: 3.512303295853819 average: 0.2800732395567944
    Non-orthogonality check OK.
    Face pyramids OK.
    Max skewness = 0.2181543294293335 OK.
    Coupled point location match (average 0) OK.

Mesh OK.

Running Primal Solver 038
Previous solution time 1000 not found and nothing deleted.
No finite volume options present

Starting time loop

Time = 1

U0 initRes: 2.621288403876453e-06 finalRes: 1.098985387613132e-07 nIters: 3
U1 initRes: 2.254574492765037e-05 finalRes: 9.143194457773669e-07 nIters: 3
U2 initRes: 0.0001184334332328486 finalRes: 5.271446448441263e-06 nIters: 2
p initRes: 0.0004738600840472597 finalRes: 2.967163681829345e-05 nIters: 3
Time step continuity errors : sum local = 0.000504785314753062
                                 global = 8.217357253612161e-05
                             cumulative = -0.1051508145750018
T initRes: 2.201575908447975e-05 finalRes: 2.166920273583311e-06 nIters: 2
nuTilda initRes: 0.0002097657945771479 finalRes: 6.722310066706491e-06 nIters: 2
TP1: 88.09231619730481 final: 88.09231619730481
TP2: 35.77334911207792 final: 35.77334911207792
HFX: 301.8137794982947 final: 301.8137794982947
yPlus min: 1.852718755784687 max: 55.32489076195925 mean: 23.67068144610388
ExecutionTime = 145.77 s  ClockTime = 149 s

Time = 100

U0 initRes: 2.004592589945234e-06 finalRes: 1.007481068936968e-07 nIters: 3
U1 initRes: 5.313174949293269e-06 finalRes: 3.927977484731662e-07 nIters: 3
U2 initRes: 1.293232336294252e-05 finalRes: 1.155561736413551e-06 nIters: 2
p initRes: 0.0002327452868883385 finalRes: 1.555743773974177e-05 nIters: 1
Time step continuity errors : sum local = 0.0002646656509080756
                                 global = -1.6300819877503e-06
                             cumulative = -0.1051524446569896
T initRes: 1.596663042133968e-05 finalRes: 7.397766529889487e-07 nIters: 3
nuTilda initRes: 0.0002623233359511671 finalRes: 5.992848085446332e-06 nIters: 2
TP1: 88.11721486663464 final: 88.11721486663464
TP2: 35.7731832908832 final: 35.7731832908832
HFX: 301.8111820730139 final: 301.8111820730139
yPlus min: 1.845915666467422 max: 55.32490209137152 mean: 23.66978379666763
ExecutionTime = 146.13 s  ClockTime = 150 s

Time = 200

U0 initRes: 1.819661546026477e-06 finalRes: 9.379083168398975e-08 nIters: 3
U1 initRes: 5.058033252067238e-06 finalRes: 3.853708877725431e-07 nIters: 3
U2 initRes: 1.222579035087115e-05 finalRes: 1.124394389763075e-06 nIters: 2
p initRes: 0.0002267004903346846 finalRes: 1.343302325751897e-05 nIters: 1
Time step continuity errors : sum local = 0.0002285254594682659
                                 global = 3.280473593374206e-07
                             cumulative = -0.1051521166096302
T initRes: 1.583770328582514e-05 finalRes: 7.373030443855986e-07 nIters: 3
nuTilda initRes: 0.0002618766569684678 finalRes: 5.938535708083691e-06 nIters: 2
TP1: 88.11758162676854 final: 88.11758162676854
TP2: 35.77315868309609 final: 35.77315868309609
HFX: 301.8113525610071 final: 301.8113525610071
yPlus min: 1.846110831780843 max: 55.32500369472938 mean: 23.66980640866977
ExecutionTime = 146.48 s  ClockTime = 150 s

Time = 300

U0 initRes: 1.792406668821798e-06 finalRes: 9.323734150710427e-08 nIters: 3
U1 initRes: 5.016029172107451e-06 finalRes: 3.844250336817227e-07 nIters: 3
U2 initRes: 1.212678784385452e-05 finalRes: 1.122359793672985e-06 nIters: 2
p initRes: 0.0002258541661113872 finalRes: 1.31444645997543e-05 nIters: 1
Time step continuity errors : sum local = 0.000223616450060257
                                 global = 3.054371325430583e-07
                             cumulative = -0.1051518111724977
T initRes: 1.582036934022782e-05 finalRes: 7.37082828141342e-07 nIters: 3
nuTilda initRes: 0.0002618494645588498 finalRes: 5.937291355159662e-06 nIters: 2
TP1: 88.11755117660219 final: 88.11755117660219
TP2: 35.77316110170084 final: 35.77316110170084
HFX: 301.811317400415 final: 301.811317400415
yPlus min: 1.846081470515751 max: 55.32498932544479 mean: 23.66980209879668
ExecutionTime = 146.83 s  ClockTime = 150 s

Time = 400

U0 initRes: 1.791629989332871e-06 finalRes: 9.320028440008492e-08 nIters: 3
U1 initRes: 5.016368946677982e-06 finalRes: 3.844228516161323e-07 nIters: 3
U2 initRes: 1.212722988484682e-05 finalRes: 1.122401782442827e-06 nIters: 2
p initRes: 0.0002258337352687407 finalRes: 1.312360989434221e-05 nIters: 1
Time step continuity errors : sum local = 0.0002232616747425975
                                 global = 3.531366491612809e-07
                             cumulative = -0.1051514580358485
T initRes: 1.58199975513788e-05 finalRes: 7.37025275337573e-07 nIters: 3
nuTilda initRes: 0.000261849016553748 finalRes: 5.937248172121584e-06 nIters: 2
TP1: 88.11754492521864 final: 88.11754492521864
TP2: 35.77316236697327 final: 35.77316236697327
HFX: 301.8113178454635 final: 301.8113178454635
yPlus min: 1.846078789091394 max: 55.32498999182939 mean: 23.66980247502488
ExecutionTime = 147.19 s  ClockTime = 151 s

Time = 500

U0 initRes: 1.791618623060158e-06 finalRes: 9.319892698534792e-08 nIters: 3
U1 initRes: 5.016397172536944e-06 finalRes: 3.84424063969946e-07 nIters: 3
U2 initRes: 1.212715784192178e-05 finalRes: 1.122400438836701e-06 nIters: 2
p initRes: 0.0002258327979014697 finalRes: 1.312329759479969e-05 nIters: 1
Time step continuity errors : sum local = 0.0002232563629392102
                                 global = 3.775763752982174e-07
                             cumulative = -0.1051510804594732
T initRes: 1.581999644112154e-05 finalRes: 7.370264348835439e-07 nIters: 3
nuTilda initRes: 0.0002618490217520622 finalRes: 5.937250579463182e-06 nIters: 2
TP1: 88.11754519229571 final: 88.11754519229571
TP2: 35.7731627370673 final: 35.7731627370673
HFX: 301.8113187569621 final: 301.8113187569621
yPlus min: 1.846078771503182 max: 55.32499028334676 mean: 23.66980256725007
ExecutionTime = 147.55 s  ClockTime = 151 s

Time = 600

U0 initRes: 1.791617302110117e-06 finalRes: 9.31990115177254e-08 nIters: 3
U1 initRes: 5.016388136114129e-06 finalRes: 3.844240183024982e-07 nIters: 3
U2 initRes: 1.21271492158252e-05 finalRes: 1.122399792728343e-06 nIters: 2
p initRes: 0.0002258326688581267 finalRes: 1.31233513899714e-05 nIters: 1
Time step continuity errors : sum local = 0.0002232572780195118
                                 global = 3.782854654335862e-07
                             cumulative = -0.1051507021740078
T initRes: 1.581999626314815e-05 finalRes: 7.370266939560485e-07 nIters: 3
nuTilda initRes: 0.0002618490219724851 finalRes: 5.937250673181109e-06 nIters: 2
TP1: 88.11754532088659 final: 88.11754532088659
TP2: 35.77316274767956 final: 35.77316274767956
HFX: 301.8113187838129 final: 301.8113187838129
yPlus min: 1.846078813823212 max: 55.32499029210075 mean: 23.66980256920937
ExecutionTime = 147.91 s  ClockTime = 152 s

Time = 700

U0 initRes: 1.791617480045848e-06 finalRes: 9.31990364559221e-08 nIters: 3
U1 initRes: 5.016386948496596e-06 finalRes: 3.844239836419969e-07 nIters: 3
U2 initRes: 1.212714903635442e-05 finalRes: 1.122399761422569e-06 nIters: 2
p initRes: 0.0002258326530374534 finalRes: 1.312336846766384e-05 nIters: 1
Time step continuity errors : sum local = 0.000223257568614164
                                 global = 3.777542828712348e-07
                             cumulative = -0.1051503244197249
T initRes: 1.581999639617674e-05 finalRes: 7.370266671880818e-07 nIters: 3
nuTilda initRes: 0.0002618490220126313 finalRes: 5.937250597272203e-06 nIters: 2
TP1: 88.11754531971347 final: 88.11754531971347
TP2: 35.77316273976457 final: 35.77316273976457
HFX: 301.8113187675709 final: 301.8113187675709
yPlus min: 1.84607881748635 max: 55.32499028766726 mean: 23.66980256776642
ExecutionTime = 148.27 s  ClockTime = 152 s

Time = 800

U0 initRes: 1.79161751274505e-06 finalRes: 9.31990337238679e-08 nIters: 3
U1 initRes: 5.016386970292931e-06 finalRes: 3.844239777263844e-07 nIters: 3
U2 initRes: 1.212714916112473e-05 finalRes: 1.122399774375651e-06 nIters: 2
p initRes: 0.0002258326532997539 finalRes: 1.312336939840779e-05 nIters: 1
Time step continuity errors : sum local = 0.0002232575844083004
                                 global = 3.777141960066138e-07
                             cumulative = -0.1051499467055289
T initRes: 1.581999639816755e-05 finalRes: 7.370266671952526e-07 nIters: 3
nuTilda initRes: 0.0002618490220030352 finalRes: 5.93725058986837e-06 nIters: 2
TP1: 88.11754531769556 final: 88.11754531769556
TP2: 35.77316273911227 final: 35.77316273911227
HFX: 301.8113187667707 final: 301.8113187667707
yPlus min: 1.846078817175305 max: 55.32499028742927 mean: 23.66980256770799
ExecutionTime = 148.68 s  ClockTime = 152 s

Time = 900

U0 initRes: 1.79161751454975e-06 finalRes: 9.319903334099312e-08 nIters: 3
U1 initRes: 5.016386978494638e-06 finalRes: 3.844239775977632e-07 nIters: 3
U2 initRes: 1.212714916729511e-05 finalRes: 1.12239977499061e-06 nIters: 2
p initRes: 0.000225832653573963 finalRes: 1.312336918941559e-05 nIters: 1
Time step continuity errors : sum local = 0.000223257580793268
                                 global = 3.77721503305334e-07
                             cumulative = -0.1051495689840256
T initRes: 1.581999639725655e-05 finalRes: 7.370266658101679e-07 nIters: 3
nuTilda initRes: 0.0002618490219992593 finalRes: 5.937250590866037e-06 nIters: 2
TP1: 88.11754531771723 final: 88.11754531771723
TP2: 35.77316273920838 final: 35.77316273920838
HFX: 301.8113187670487 final: 301.8113187670487
yPlus min: 1.846078817132913 max: 55.32499028749035 mean: 23.66980256772992
ExecutionTime = 149.05 s  ClockTime = 153 s

Time = 1000

U0 initRes: 1.791617514520379e-06 finalRes: 9.319903342246873e-08 nIters: 3
U1 initRes: 5.01638697792697e-06 finalRes: 3.844239776976446e-07 nIters: 3
U2 initRes: 1.212714916626993e-05 finalRes: 1.122399774678537e-06 nIters: 2
p initRes: 0.0002258326535941533 finalRes: 1.312336915169691e-05 nIters: 1
Time step continuity errors : sum local = 0.0002232575802117854
                                 global = 3.777223260026913e-07
                             cumulative = -0.1051491912616996
T initRes: 1.581999639608375e-05 finalRes: 7.370266666693503e-07 nIters: 3
nuTilda initRes: 0.0002618490219988981 finalRes: 5.937250591028047e-06 nIters: 2
TP1: 88.11754531775533 final: 88.11754531775533
TP2: 35.77316273922035 final: 35.77316273922035
HFX: 301.8113187670675 final: 301.8113187670675
yPlus min: 1.846078817137352 max: 55.32499028749304 mean: 23.66980256773067
ExecutionTime = 149.48 s  ClockTime = 153 s

End

Moving time 1000 to 0.0038
Printing Primal Residual Statistics.
U Residual Norm2: (25.52588192199627 24.02636898814597 10.58365542358764)
U Residual Mean: (0.03067431757101251 0.02707945450200929 0.01097824651794195)
U Residual Max: (13.58710501342282 10.93722277471784 8.331115273419254)
p Residual Norm2: 8.625913354981478
p Residual Mean: 0.01332798447262873
p Residual Max: 3.164780365153354
T Residual Norm2: 41.17501501809626
T Residual Mean: 0.04551194501103067
T Residual Max: 21.36387116255347
nuTilda Residual Norm2: 0.6512821043661893
nuTilda Residual Mean: 0.0004285651295237645
nuTilda Residual Max: 0.5277263239039812
phi Residual Norm2: 0.06462028806272525
phi Residual Mean: 2.571524332043928e-05
phi Residual Max: 0.04467132983844291
Total Residual Norm2: 55.77694329993955
 
 
DAInputVolCoord. 
Setting volume coordinates. 
Checking mesh quality for time = 1000
    Overall domain bounding box (-1.058470854017702e-10 -0.09450000000000007 -3.86004129160998e-07) (0.8445000000000003 0.09450000000000008 0.03750000000000003)
    Mesh has 3 geometric (non-empty/wedge) directions (1 1 1)
    Mesh has 3 solution (non-empty) directions (1 1 1)
    Boundary openness (-2.396614855257124e-18 -1.146022408405191e-17 -1.593800150825904e-16) OK.
    Max cell openness = 4.840056009380939e-16 OK.
    Max aspect ratio = 69.08288552368337 OK.
    Minimum face area = 1.673116304976476e-06. Maximum face area = 0.001155838041389286.  Face area magnitudes OK.
    Min volume = 5.879984968524595e-09. Max volume = 1.30921458623454e-05.  Total volume = 0.004719829822403183.  Cell volumes OK.
    Mesh non-orthogonality Max: 3.512316114523641 average: 0.2800882242655217
    Non-orthogonality check OK.
    Face pyramids OK.
    Max skewness = 0.218146841993007 OK.
    Coupled point location match (average 0) OK.

Mesh OK.

Running Primal Solver 039
Previous solution time 1000 not found and nothing deleted.
No finite volume options present

Starting time loop

Time = 1

U0 initRes: 2.096247991981859e-06 finalRes: 9.583385798186294e-08 nIters: 3
U1 initRes: 5.949331984889224e-06 finalRes: 3.865834518705876e-07 nIters: 3
U2 initRes: 2.662534398143266e-05 finalRes: 1.556397230258683e-06 nIters: 2
p initRes: 0.000280515502894948 finalRes: 1.93737972846329e-05 nIters: 2
Time step continuity errors : sum local = 0.0003295929848070648
                                 global = 3.290751101923089e-05
                             cumulative = -0.1051162837506804
T initRes: 1.634858987006713e-05 finalRes: 7.472928852052367e-07 nIters: 3
nuTilda initRes: 0.0002069416815850518 finalRes: 6.575568876319216e-06 nIters: 2
TP1: 88.1227354854495 final: 88.1227354854495
TP2: 35.77323545085604 final: 35.77323545085604
HFX: 301.8107681611709 final: 301.8107681611709
yPlus min: 1.854083940085945 max: 55.32502432397302 mean: 23.67046505949171
ExecutionTime = 149.61 s  ClockTime = 153 s

Time = 100

U0 initRes: 1.811283336675623e-06 finalRes: 9.413067564623116e-08 nIters: 3
U1 initRes: 5.066479571683542e-06 finalRes: 3.866489418464762e-07 nIters: 3
U2 initRes: 1.213627917105048e-05 finalRes: 1.11281122689787e-06 nIters: 2
p initRes: 0.0002263909278033294 finalRes: 1.332077722207544e-05 nIters: 1
Time step continuity errors : sum local = 0.0002266142076698401
                                 global = -1.701305407098591e-06
                             cumulative = -0.1051179850560875
T initRes: 1.58347048786576e-05 finalRes: 7.375632973587831e-07 nIters: 3
nuTilda initRes: 0.0002616269555303633 finalRes: 5.935873038582411e-06 nIters: 2
TP1: 88.11906040063315 final: 88.11906040063315
TP2: 35.77314317937285 final: 35.77314317937285
HFX: 301.8120712078659 final: 301.8120712078659
yPlus min: 1.845833277490665 max: 55.32507114794868 mean: 23.66996564561097
ExecutionTime = 150.1 s  ClockTime = 154 s

Time = 200

U0 initRes: 1.792964723871907e-06 finalRes: 9.379267366561829e-08 nIters: 3
U1 initRes: 5.039699785307153e-06 finalRes: 3.863469141651715e-07 nIters: 3
U2 initRes: 1.202962120575478e-05 finalRes: 1.107553303419214e-06 nIters: 2
p initRes: 0.0002258390443311258 finalRes: 1.314749165869352e-05 nIters: 1
Time step continuity errors : sum local = 0.0002236661654078753
                                 global = 1.119552986513984e-06
                             cumulative = -0.105116865503101
T initRes: 1.581334540342958e-05 finalRes: 7.375200365944089e-07 nIters: 3
nuTilda initRes: 0.0002615834733836739 finalRes: 5.933777086773802e-06 nIters: 2
TP1: 88.11923522501267 final: 88.11923522501267
TP2: 35.77318601691242 final: 35.77318601691242
HFX: 301.8121771434803 final: 301.8121771434803
yPlus min: 1.845878848267278 max: 55.32509963977853 mean: 23.6699738675396
ExecutionTime = 150.45 s  ClockTime = 154 s

Time = 300

U0 initRes: 1.792183923346728e-06 finalRes: 9.378733268723765e-08 nIters: 3
U1 initRes: 5.038633269172356e-06 finalRes: 3.863421961490577e-07 nIters: 3
U2 initRes: 1.202726779554601e-05 finalRes: 1.107345070958094e-06 nIters: 2
p initRes: 0.0002257699802321126 finalRes: 1.310087380741114e-05 nIters: 1
Time step continuity errors : sum local = 0.0002228730341288013
                                 global = -1.501585929420565e-07
                             cumulative = -0.1051170156616939
T initRes: 1.581271728553232e-05 finalRes: 7.375645685219755e-07 nIters: 3
nuTilda initRes: 0.0002615827678173368 finalRes: 5.933778813658278e-06 nIters: 2
TP1: 88.11921432173665 final: 88.11921432173665
TP2: 35.77316786036828 final: 35.77316786036828
HFX: 301.8121337378267 final: 301.8121337378267
yPlus min: 1.84588063036121 max: 55.32508805824433 mean: 23.66996906316083
ExecutionTime = 150.8 s  ClockTime = 155 s

Time = 400

U0 initRes: 1.792137643535772e-06 finalRes: 9.378431517907747e-08 nIters: 3
U1 initRes: 5.03859576688721e-06 finalRes: 3.863375434731508e-07 nIters: 3
U2 initRes: 1.202717468409272e-05 finalRes: 1.107361132716528e-06 nIters: 2
p initRes: 0.0002257651279180638 finalRes: 1.309551578354382e-05 nIters: 1
Time step continuity errors : sum local = 0.0002227818905327595
                                 global = -5.569961994999847e-09
                             cumulative = -0.1051170212316559
T initRes: 1.581270431808878e-05 finalRes: 7.375668285136563e-07 nIters: 3
nuTilda initRes: 0.0002615826828144797 finalRes: 5.933780044463058e-06 nIters: 2
TP1: 88.11921816326957 final: 88.11921816326957
TP2: 35.77316991072627 final: 35.77316991072627
HFX: 301.8121386812913 final: 301.8121386812913
yPlus min: 1.845880705072756 max: 55.32508936522551 mean: 23.66996955934208
ExecutionTime = 151.13 s  ClockTime = 155 s

Time = 500

U0 initRes: 1.792133505303619e-06 finalRes: 9.378416700925825e-08 nIters: 3
U1 initRes: 5.038601568072173e-06 finalRes: 3.863374909020557e-07 nIters: 3
U2 initRes: 1.202717000755504e-05 finalRes: 1.107359694928118e-06 nIters: 2
p initRes: 0.0002257647117061103 finalRes: 1.309521286313733e-05 nIters: 1
Time step continuity errors : sum local = 0.0002227767367126311
                                 global = -1.657978054138982e-08
                             cumulative = -0.1051170378114364
T initRes: 1.581270554515159e-05 finalRes: 7.375661868214531e-07 nIters: 3
nuTilda initRes: 0.0002615826782135159 finalRes: 5.933778914516948e-06 nIters: 2
TP1: 88.1192177024393 final: 88.1192177024393
TP2: 35.77316975519914 final: 35.77316975519914
HFX: 301.8121383529665 final: 301.8121383529665
yPlus min: 1.845880640874229 max: 55.32508929078772 mean: 23.66996953293648
ExecutionTime = 151.47 s  ClockTime = 155 s

Time = 600

U0 initRes: 1.792134582872434e-06 finalRes: 9.378422546801029e-08 nIters: 3
U1 initRes: 5.038600186318834e-06 finalRes: 3.863375285652133e-07 nIters: 3
U2 initRes: 1.202717010018085e-05 finalRes: 1.107359804235034e-06 nIters: 2
p initRes: 0.0002257646900463166 finalRes: 1.309520582641372e-05 nIters: 1
Time step continuity errors : sum local = 0.0002227766169969192
                                 global = -1.675050410704086e-08
                             cumulative = -0.1051170545619406
T initRes: 1.581270525290203e-05 finalRes: 7.375662695809415e-07 nIters: 3
nuTilda initRes: 0.0002615826785569815 finalRes: 5.933779063860459e-06 nIters: 2
TP1: 88.11921773821362 final: 88.11921773821362
TP2: 35.77316975260305 final: 35.77316975260305
HFX: 301.81213834137 final: 301.81213834137
yPlus min: 1.845880654645148 max: 55.32508928641582 mean: 23.66996953089523
ExecutionTime = 151.81 s  ClockTime = 156 s

Time = 700

U0 initRes: 1.792134432343288e-06 finalRes: 9.378421451048534e-08 nIters: 3
U1 initRes: 5.038600343435225e-06 finalRes: 3.863375209928208e-07 nIters: 3
U2 initRes: 1.202717006075697e-05 finalRes: 1.107359799517869e-06 nIters: 2
p initRes: 0.0002257646843850974 finalRes: 1.309520153845612e-05 nIters: 1
Time step continuity errors : sum local = 0.0002227765441019356
                                 global = -1.655286861533827e-08
                             cumulative = -0.1051170711148092
T initRes: 1.581270526910577e-05 finalRes: 7.375662676829245e-07 nIters: 3
nuTilda initRes: 0.0002615826785170246 finalRes: 5.933779041754583e-06 nIters: 2
TP1: 88.11921773850393 final: 88.11921773850393
TP2: 35.7731697554372 final: 35.7731697554372
HFX: 301.8121383494232 final: 301.8121383494232
yPlus min: 1.845880653226923 max: 55.32508928876307 mean: 23.66996953183668
ExecutionTime = 152.14 s  ClockTime = 156 s

Time = 800

U0 initRes: 1.792134450490021e-06 finalRes: 9.378421584283409e-08 nIters: 3
U1 initRes: 5.038600330474834e-06 finalRes: 3.863375220818403e-07 nIters: 3
U2 initRes: 1.202717007062964e-05 finalRes: 1.107359797592229e-06 nIters: 2
p initRes: 0.0002257646853872456 finalRes: 1.309520210490478e-05 nIters: 1
Time step continuity errors : sum local = 0.000222776553689818
                                 global = -1.659512537076628e-08
                             cumulative = -0.1051170877099345
T initRes: 1.581270526650451e-05 finalRes: 7.375662690028914e-07 nIters: 3
nuTilda initRes: 0.0002615826785227829 finalRes: 5.933779042436462e-06 nIters: 2
TP1: 88.1192177378244 final: 88.1192177378244
TP2: 35.77316975483322 final: 35.77316975483322
HFX: 301.8121383478635 final: 301.8121383478635
yPlus min: 1.845880653342734 max: 55.32508928833519 mean: 23.66996953166875
ExecutionTime = 152.48 s  ClockTime = 156 s

Time = 900

U0 initRes: 1.792134449353273e-06 finalRes: 9.378421573769858e-08 nIters: 3
U1 initRes: 5.038600330672832e-06 finalRes: 3.863375219997683e-07 nIters: 3
U2 initRes: 1.20271700712707e-05 finalRes: 1.107359798047265e-06 nIters: 2
p initRes: 0.0002257646852659903 finalRes: 1.309520206614099e-05 nIters: 1
Time step continuity errors : sum local = 0.0002227765530646194
                                 global = -1.658938189994594e-08
                             cumulative = -0.1051171042993164
T initRes: 1.581270526584044e-05 finalRes: 7.375662680505966e-07 nIters: 3
nuTilda initRes: 0.0002615826785232092 finalRes: 5.933779042552738e-06 nIters: 2
TP1: 88.11921773796247 final: 88.11921773796247
TP2: 35.77316975491494 final: 35.77316975491494
HFX: 301.8121383480563 final: 301.8121383480563
yPlus min: 1.845880653343256 max: 55.32508928838537 mean: 23.66996953168814
ExecutionTime = 152.82 s  ClockTime = 157 s

Time = 1000

U0 initRes: 1.792134449256165e-06 finalRes: 9.378421573536788e-08 nIters: 3
U1 initRes: 5.03860033085097e-06 finalRes: 3.863375219991823e-07 nIters: 3
U2 initRes: 1.202717007120851e-05 finalRes: 1.107359797965707e-06 nIters: 2
p initRes: 0.0002257646852706352 finalRes: 1.309520206592772e-05 nIters: 1
Time step continuity errors : sum local = 0.0002227765530310333
                                 global = -1.658986269123923e-08
                             cumulative = -0.1051171208891791
T initRes: 1.58127052656498e-05 finalRes: 7.375662683592344e-07 nIters: 3
nuTilda initRes: 0.0002615826785231258 finalRes: 5.933779042518845e-06 nIters: 2
TP1: 88.11921773794404 final: 88.11921773794404
TP2: 35.77316975490814 final: 35.77316975490814
HFX: 301.8121383480414 final: 301.8121383480414
yPlus min: 1.845880653341156 max: 55.32508928838153 mean: 23.66996953168674
ExecutionTime = 153.17 s  ClockTime = 157 s

End

Moving time 1000 to 0.0039
Printing Primal Residual Statistics.
U Residual Norm2: (25.55085999818638 24.01050452025113 10.6271419010452)
U Residual Mean: (0.03059266729330205 0.02710409791676948 0.01095799961135878)
U Residual Max: (13.58384143800854 10.92620197844701 8.386745283448334)
p Residual Norm2: 8.61632523223189
p Residual Mean: 0.01332199019643776
p Residual Max: 3.16110095242989
T Residual Norm2: 41.16489470209115
T Residual Mean: 0.04547703662861898
T Residual Max: 21.39796645874094
nuTilda Residual Norm2: 0.6517598513127408
nuTilda Residual Mean: 0.000428583690652556
nuTilda Residual Max: 0.5284242269673424
phi Residual Norm2: 0.06463275655168371
phi Residual Mean: 2.565237901095033e-05
phi Residual Max: 0.04469164065729218
Total Residual Norm2: 55.78087040901855
 
 
DAInputVolCoord. 
Setting volume coordinates. 
Checking mesh quality for time = 1000
    Overall domain bounding box (-5.296276592370104e-12 -0.09450000000000007 -2.901335624231151e-07) (0.8445000000000003 0.09450000000000008 0.03750000000000003)
    Mesh has 3 geometric (non-empty/wedge) directions (1 1 1)
    Mesh has 3 solution (non-empty) directions (1 1 1)
    Boundary openness (1.62618034003536e-18 -1.81152625699571e-17 -1.242528231560117e-16) OK.
    Max cell openness = 5.356037721525764e-16 OK.
    Max aspect ratio = 69.08288552240244 OK.
    Minimum face area = 1.673100416643685e-06. Maximum face area = 0.001155838073778268.  Face area magnitudes OK.
    Min volume = 5.879890417787943e-09. Max volume = 1.309214757964112e-05.  Total volume = 0.004719834498975495.  Cell volumes OK.
    Mesh non-orthogonality Max: 3.512296220632295 average: 0.2800622697007857
    Non-orthogonality check OK.
    Face pyramids OK.
    Max skewness = 0.2181461962851396 OK.
    Coupled point location match (average 0) OK.

Mesh OK.

Running Primal Solver 040
Previous solution time 1000 not found and nothing deleted.
No finite volume options present

Starting time loop

Time = 1

U0 initRes: 1.980556974483974e-06 finalRes: 9.651215735955134e-08 nIters: 3
U1 initRes: 6.173193542334277e-06 finalRes: 4.004672253916418e-07 nIters: 3
U2 initRes: 2.139522709774228e-05 finalRes: 1.490500321425586e-06 nIters: 2
p initRes: 0.0002666988177076644 finalRes: 2.508032827341509e-05 nIters: 1
Time step continuity errors : sum local = 0.0004266766405136155
                                 global = 1.915195402593354e-05
                             cumulative = -0.1050979689351532
T initRes: 1.623251861287311e-05 finalRes: 7.465163523581217e-07 nIters: 3
nuTilda initRes: 0.0002067317018279587 finalRes: 6.547833218505873e-06 nIters: 2
TP1: 88.11921049640273 final: 88.11921049640273
TP2: 35.77321669768514 final: 35.77321669768514
HFX: 301.8116676097557 final: 301.8116676097557
yPlus min: 1.85442084506097 max: 55.32508208067365 mean: 23.67060043258682
ExecutionTime = 153.3 s  ClockTime = 157 s

Time = 100

U0 initRes: 1.844676108166663e-06 finalRes: 9.52939841216029e-08 nIters: 3
U1 initRes: 5.097835195426857e-06 finalRes: 3.864031043097102e-07 nIters: 3
U2 initRes: 1.235387575799284e-05 finalRes: 1.128784465344418e-06 nIters: 2
p initRes: 0.0002279444122035193 finalRes: 1.396506478546535e-05 nIters: 1
Time step continuity errors : sum local = 0.0002375769228860327
                                 global = 1.756404106777004e-06
                             cumulative = -0.1050962125310464
T initRes: 1.586978099689403e-05 finalRes: 7.396998910006341e-07 nIters: 3
nuTilda initRes: 0.0002619136515761764 finalRes: 5.948219119840939e-06 nIters: 2
TP1: 88.11819097386523 final: 88.11819097386523
TP2: 35.77315944026041 final: 35.77315944026041
HFX: 301.812483380008 final: 301.812483380008
yPlus min: 1.845995631366349 max: 55.32503900289802 mean: 23.66988666859021
ExecutionTime = 153.64 s  ClockTime = 157 s

Time = 200

U0 initRes: 1.792207827503704e-06 finalRes: 9.323896766394199e-08 nIters: 3
U1 initRes: 5.017974486228959e-06 finalRes: 3.844355459600485e-07 nIters: 3
U2 initRes: 1.213863269488441e-05 finalRes: 1.122625570844389e-06 nIters: 2
p initRes: 0.0002258991369987885 finalRes: 1.312803291369073e-05 nIters: 1
Time step continuity errors : sum local = 0.0002233375214645954
                                 global = 1.111189287303845e-06
                             cumulative = -0.1050951013417591
T initRes: 1.582080265460162e-05 finalRes: 7.372075580792194e-07 nIters: 3
nuTilda initRes: 0.0002618256595922844 finalRes: 5.937090551868296e-06 nIters: 2
TP1: 88.11834585516097 final: 88.11834585516097
TP2: 35.77315270303813 final: 35.77315270303813
HFX: 301.8124663210887 final: 301.8124663210887
yPlus min: 1.84607750978569 max: 55.3250557131453 mean: 23.6698924586571
ExecutionTime = 154.01 s  ClockTime = 158 s

Time = 300

U0 initRes: 1.791905438064279e-06 finalRes: 9.32563178536956e-08 nIters: 3
U1 initRes: 5.016789162302774e-06 finalRes: 3.844398779845785e-07 nIters: 3
U2 initRes: 1.212800419041354e-05 finalRes: 1.122407247348219e-06 nIters: 2
p initRes: 0.0002258321628588154 finalRes: 1.312907304077914e-05 nIters: 1
Time step continuity errors : sum local = 0.0002233552245005522
                                 global = 6.933789971927024e-07
                             cumulative = -0.1050944079627619
T initRes: 1.582004242960134e-05 finalRes: 7.369651407910886e-07 nIters: 3
nuTilda initRes: 0.0002618216436052051 finalRes: 5.936879751271438e-06 nIters: 2
TP1: 88.11832834651264 final: 88.11832834651264
TP2: 35.77314669086022 final: 35.77314669086022
HFX: 301.8124494783995 final: 301.8124494783995
yPlus min: 1.84607709117262 max: 55.32505139346119 mean: 23.66989153493146
ExecutionTime = 154.31 s  ClockTime = 158 s

Time = 400

U0 initRes: 1.791855964529743e-06 finalRes: 9.324778971481916e-08 nIters: 3
U1 initRes: 5.016958082194293e-06 finalRes: 3.844418049866567e-07 nIters: 3
U2 initRes: 1.212808491762643e-05 finalRes: 1.122410618469187e-06 nIters: 2
p initRes: 0.0002258306963852356 finalRes: 1.312889564867157e-05 nIters: 1
Time step continuity errors : sum local = 0.0002233522075295565
                                 global = 7.074585712741137e-07
                             cumulative = -0.1050937005041906
T initRes: 1.582003631986837e-05 finalRes: 7.369663428129348e-07 nIters: 3
nuTilda initRes: 0.0002618216468958309 finalRes: 5.936878105205198e-06 nIters: 2
TP1: 88.11832661812326 final: 88.11832661812326
TP2: 35.77314691412312 final: 35.77314691412312
HFX: 301.8124505524356 final: 301.8124505524356
yPlus min: 1.846076496117098 max: 55.32505180769111 mean: 23.66989166599952
ExecutionTime = 154.64 s  ClockTime = 158 s

Time = 500

U0 initRes: 1.791852025579813e-06 finalRes: 9.32474811762575e-08 nIters: 3
U1 initRes: 5.016945737440094e-06 finalRes: 3.844415971537255e-07 nIters: 3
U2 initRes: 1.212806025503715e-05 finalRes: 1.122409807306285e-06 nIters: 2
p initRes: 0.0002258306553291232 finalRes: 1.312881307578632e-05 nIters: 1
Time step continuity errors : sum local = 0.0002233508030878792
                                 global = 7.172554764285305e-07
                             cumulative = -0.1050929832487142
T initRes: 1.582003244157717e-05 finalRes: 7.36967973102929e-07 nIters: 3
nuTilda initRes: 0.000261821644333929 finalRes: 5.936879444782271e-06 nIters: 2
TP1: 88.1183269385055 final: 88.1183269385055
TP2: 35.77314705095747 final: 35.77314705095747
HFX: 301.8124508991347 final: 301.8124508991347
yPlus min: 1.846076543222334 max: 55.32505189652145 mean: 23.66989169363326
ExecutionTime = 154.99 s  ClockTime = 159 s

Time = 600

U0 initRes: 1.791851930890438e-06 finalRes: 9.324759817388598e-08 nIters: 3
U1 initRes: 5.016942642877231e-06 finalRes: 3.844416013687395e-07 nIters: 3
U2 initRes: 1.212805845985702e-05 finalRes: 1.122409528290846e-06 nIters: 2
p initRes: 0.0002258306316914845 finalRes: 1.312882915754612e-05 nIters: 1
Time step continuity errors : sum local = 0.0002233510766456213
                                 global = 7.167298970738361e-07
                             cumulative = -0.1050922665188171
T initRes: 1.582003255443454e-05 finalRes: 7.369679513857684e-07 nIters: 3
nuTilda initRes: 0.000261821644317829 finalRes: 5.936879415722799e-06 nIters: 2
TP1: 88.11832696749364 final: 88.11832696749364
TP2: 35.77314704334702 final: 35.77314704334702
HFX: 301.8124508744605 final: 301.8124508744605
yPlus min: 1.846076555533253 max: 55.32505188877363 mean: 23.66989169091233
ExecutionTime = 155.44 s  ClockTime = 159 s

Time = 700

U0 initRes: 1.791851974599711e-06 finalRes: 9.324759988640094e-08 nIters: 3
U1 initRes: 5.016942739918469e-06 finalRes: 3.844415969710152e-07 nIters: 3
U2 initRes: 1.212805880346023e-05 finalRes: 1.122409544342947e-06 nIters: 2
p initRes: 0.0002258306304439183 finalRes: 1.312883277016031e-05 nIters: 1
Time step continuity errors : sum local = 0.0002233511380381381
                                 global = 7.165420349324248e-07
                             cumulative = -0.1050915499767822
T initRes: 1.582003260991833e-05 finalRes: 7.369679315120724e-07 nIters: 3
nuTilda initRes: 0.0002618216443362238 finalRes: 5.936879387298816e-06 nIters: 2
TP1: 88.11832696180461 final: 88.11832696180461
TP2: 35.77314704064433 final: 35.77314704064433
HFX: 301.8124508683557 final: 301.8124508683557
yPlus min: 1.846076554935494 max: 55.32505188725736 mean: 23.66989169042326
ExecutionTime = 155.87 s  ClockTime = 160 s

Time = 800

U0 initRes: 1.79185197970899e-06 finalRes: 9.324759772800355e-08 nIters: 3
U1 initRes: 5.016942781607956e-06 finalRes: 3.844415960654625e-07 nIters: 3
U2 initRes: 1.212805883659207e-05 finalRes: 1.122409550423743e-06 nIters: 2
p initRes: 0.0002258306308468153 finalRes: 1.312883254845038e-05 nIters: 1
Time step continuity errors : sum local = 0.0002233511342352555
                                 global = 7.165529612779769e-07
                             cumulative = -0.1050908334238209
T initRes: 1.582003260791362e-05 finalRes: 7.369679324516962e-07 nIters: 3
nuTilda initRes: 0.0002618216443338396 finalRes: 5.936879387683484e-06 nIters: 2
TP1: 88.11832696136621 final: 88.11832696136621
TP2: 35.77314704079032 final: 35.77314704079032
HFX: 301.8124508688774 final: 301.8124508688774
yPlus min: 1.846076554754835 max: 55.32505188740968 mean: 23.66989169047899
ExecutionTime = 156.32 s  ClockTime = 160 s

Time = 900

U0 initRes: 1.791851979455064e-06 finalRes: 9.324759774056003e-08 nIters: 3
U1 initRes: 5.016942778727453e-06 finalRes: 3.844415961271439e-07 nIters: 3
U2 initRes: 1.212805883082308e-05 finalRes: 1.122409550051587e-06 nIters: 2
p initRes: 0.0002258306308830128 finalRes: 1.312883248436124e-05 nIters: 1
Time step continuity errors : sum local = 0.0002233511331861674
                                 global = 7.165561801223258e-07
                             cumulative = -0.1050901168676408
T initRes: 1.582003260633462e-05 finalRes: 7.36967933165259e-07 nIters: 3
nuTilda initRes: 0.0002618216443334078 finalRes: 5.936879388170976e-06 nIters: 2
TP1: 88.1183269614754 final: 88.1183269614754
TP2: 35.77314704083555 final: 35.77314704083555
HFX: 301.8124508689829 final: 301.8124508689829
yPlus min: 1.846076554770219 max: 55.32505188743479 mean: 23.66989169048725
ExecutionTime = 156.76 s  ClockTime = 161 s

Time = 1000

U0 initRes: 1.791851979312294e-06 finalRes: 9.324759779070344e-08 nIters: 3
U1 initRes: 5.016942777856769e-06 finalRes: 3.844415961346973e-07 nIters: 3
U2 initRes: 1.212805883004367e-05 finalRes: 1.122409549889014e-06 nIters: 2
p initRes: 0.0002258306308730147 finalRes: 1.312883248781711e-05 nIters: 1
Time step continuity errors : sum local = 0.0002233511332133084
                                 global = 7.165559384591273e-07
                             cumulative = -0.1050894003117023
T initRes: 1.582003260697329e-05 finalRes: 7.369679348136181e-07 nIters: 3
nuTilda initRes: 0.0002618216443333519 finalRes: 5.936879388157035e-06 nIters: 2
TP1: 88.11832696148296 final: 88.11832696148296
TP2: 35.77314704083215 final: 35.77314704083215
HFX: 301.8124508689714 final: 301.8124508689714
yPlus min: 1.846076554771681 max: 55.32505188743146 mean: 23.66989169048611
ExecutionTime = 157.17 s  ClockTime = 161 s

End

Moving time 1000 to 0.004
Printing Primal Residual Statistics.
U Residual Norm2: (25.52503677912214 24.02483831109546 10.58487698253052)
U Residual Mean: (0.03067428793073108 0.02708271234419982 0.01097707244941299)
U Residual Max: (13.5870350397495 10.93668415516298 8.332730160989515)
p Residual Norm2: 8.625588335511555
p Residual Mean: 0.01332729065354216
p Residual Max: 3.164762466067767
T Residual Norm2: 41.17632986084694
T Residual Mean: 0.04550930052559894
T Residual Max: 21.3685083998404
nuTilda Residual Norm2: 0.6513825830594979
nuTilda Residual Mean: 0.0004285522693534495
nuTilda Residual Max: 0.5278694985035219
phi Residual Norm2: 0.06462006410867785
phi Residual Mean: 2.571772123586768e-05
phi Residual Max: 0.04467147477673485
Total Residual Norm2: 55.77705055979843
 
 
DAInputVolCoord. 
Setting volume coordinates. 
Checking mesh quality for time = 1000
    Overall domain bounding box (-1.725486915801323e-10 -0.09450000000000007 -5.781106649212594e-07) (0.8445000000000003 0.09450000000000008 0.03750000000000003)
    Mesh has 3 geometric (non-empty/wedge) directions (1 1 1)
    Mesh has 3 solution (non-empty) directions (1 1 1)
    Boundary openness (1.077080158868175e-17 -8.086456972250125e-18 -1.483445763764297e-16) OK.
    Max cell openness = 3.616520443294375e-16 OK.
    Max aspect ratio = 69.08288552336633 OK.
    Minimum face area = 1.673085504359481e-06. Maximum face area = 0.001155838064412034.  Face area magnitudes OK.
    Min volume = 5.87995223184294e-09. Max volume = 1.309214604989952e-05.  Total volume = 0.004719832546356709.  Cell volumes OK.
    Mesh non-orthogonality Max: 3.513430079264914 average: 0.2801001800053359
    Non-orthogonality check OK.
    Face pyramids OK.
    Max skewness = 0.2181408598049113 OK.
    Coupled point location match (average 0) OK.

Mesh OK.

Running Primal Solver 041
Previous solution time 1000 not found and nothing deleted.
No finite volume options present

Starting time loop

Time = 1

U0 initRes: 2.020132788994376e-06 finalRes: 9.551156350438696e-08 nIters: 3
U1 initRes: 6.55362913055698e-06 finalRes: 3.971327847428712e-07 nIters: 3
U2 initRes: 2.379675738307397e-05 finalRes: 1.626844721435168e-06 nIters: 2
p initRes: 0.0002726001387070814 finalRes: 2.708984073641274e-05 nIters: 1
Time step continuity errors : sum local = 0.0004608671353827511
                                 global = 5.088425287978947e-08
                             cumulative = -0.1050893494274495
T initRes: 1.630769028219311e-05 finalRes: 7.501758387950075e-07 nIters: 3
nuTilda initRes: 0.0002066693256443472 finalRes: 6.543721599486833e-06 nIters: 2
TP1: 88.11832740823323 final: 88.11832740823323
TP2: 35.77314849683363 final: 35.77314849683363
HFX: 301.8118252075683 final: 301.8118252075683
yPlus min: 1.85432419354179 max: 55.32506048755602 mean: 23.67053919566276
ExecutionTime = 157.3 s  ClockTime = 161 s

Time = 100

U0 initRes: 1.815216547004776e-06 finalRes: 9.428970016548143e-08 nIters: 3
U1 initRes: 5.065120853799931e-06 finalRes: 3.86608387199303e-07 nIters: 3
U2 initRes: 1.216156035849195e-05 finalRes: 1.114478389559903e-06 nIters: 2
p initRes: 0.0002263059672100904 finalRes: 1.331221983283542e-05 nIters: 1
Time step continuity errors : sum local = 0.0002264681013484942
                                 global = 9.037283934649969e-07
                             cumulative = -0.105088445699056
T initRes: 1.583801229125683e-05 finalRes: 7.376568669613119e-07 nIters: 3
nuTilda initRes: 0.0002616406057303863 finalRes: 5.935172197004061e-06 nIters: 2
TP1: 88.11835275046765 final: 88.11835275046765
TP2: 35.77319797162601 final: 35.77319797162601
HFX: 301.8109829867007 final: 301.8109829867007
yPlus min: 1.845881394798641 max: 55.32502142024356 mean: 23.66988208102742
ExecutionTime = 157.67 s  ClockTime = 162 s

Time = 200

U0 initRes: 1.793890518549684e-06 finalRes: 9.381270013651228e-08 nIters: 3
U1 initRes: 5.040918953648476e-06 finalRes: 3.864021520771279e-07 nIters: 3
U2 initRes: 1.203274125275785e-05 finalRes: 1.108170456483259e-06 nIters: 2
p initRes: 0.0002258138181144493 finalRes: 1.315495250689801e-05 nIters: 1
Time step continuity errors : sum local = 0.0002237924418874754
                                 global = 5.014783960298832e-07
                             cumulative = -0.10508794422066
T initRes: 1.581450782498939e-05 finalRes: 7.376021900342295e-07 nIters: 3
nuTilda initRes: 0.0002616113769138832 finalRes: 5.93435970702808e-06 nIters: 2
TP1: 88.11843760201585 final: 88.11843760201585
TP2: 35.77319071271985 final: 35.77319071271985
HFX: 301.811019244259 final: 301.811019244259
yPlus min: 1.845881346729495 max: 55.32503095083368 mean: 23.66988171424002
ExecutionTime = 158.09 s  ClockTime = 162 s

Time = 300

U0 initRes: 1.793413359580033e-06 finalRes: 9.38173740316496e-08 nIters: 3
U1 initRes: 5.039842402983935e-06 finalRes: 3.863604003531697e-07 nIters: 3
U2 initRes: 1.203114236365996e-05 finalRes: 1.10814896757656e-06 nIters: 2
p initRes: 0.0002257772393457722 finalRes: 1.313450015849887e-05 nIters: 1
Time step continuity errors : sum local = 0.0002234444859228854
                                 global = 1.550228375576331e-07
                             cumulative = -0.1050877891978224
T initRes: 1.581406566902142e-05 finalRes: 7.376356384756737e-07 nIters: 3
nuTilda initRes: 0.0002616104322211949 finalRes: 5.93416041070404e-06 nIters: 2
TP1: 88.11843774491739 final: 88.11843774491739
TP2: 35.77318553054936 final: 35.77318553054936
HFX: 301.8110064772344 final: 301.8110064772344
yPlus min: 1.845884011395058 max: 55.32502761677163 mean: 23.66988036700288
ExecutionTime = 158.58 s  ClockTime = 163 s

Time = 400

U0 initRes: 1.793406772019948e-06 finalRes: 9.381470279802759e-08 nIters: 3
U1 initRes: 5.039899731920416e-06 finalRes: 3.863591179296382e-07 nIters: 3
U2 initRes: 1.203116293939024e-05 finalRes: 1.10815330452407e-06 nIters: 2
p initRes: 0.0002257766540888817 finalRes: 1.31332040290391e-05 nIters: 1
Time step continuity errors : sum local = 0.0002234224374017479
                                 global = 1.551117524994362e-07
                             cumulative = -0.1050876340860699
T initRes: 1.581406350358707e-05 finalRes: 7.376299393280172e-07 nIters: 3
nuTilda initRes: 0.0002616104063755508 finalRes: 5.934153965220479e-06 nIters: 2
TP1: 88.11843639246166 final: 88.11843639246166
TP2: 35.77318553795692 final: 35.77318553795692
HFX: 301.8110065577177 final: 301.8110065577177
yPlus min: 1.845883648603232 max: 55.32502768642973 mean: 23.66988041455967
ExecutionTime = 159.06 s  ClockTime = 163 s

Time = 500

U0 initRes: 1.793406735945404e-06 finalRes: 9.381471770899214e-08 nIters: 3
U1 initRes: 5.039898829675632e-06 finalRes: 3.863592071473353e-07 nIters: 3
U2 initRes: 1.203116684846456e-05 finalRes: 1.10815397711547e-06 nIters: 2
p initRes: 0.0002257764403990069 finalRes: 1.313311885474403e-05 nIters: 1
Time step continuity errors : sum local = 0.0002234209885654399
                                 global = 1.611884924061992e-07
                             cumulative = -0.1050874728975775
T initRes: 1.581406409962407e-05 finalRes: 7.376302010884877e-07 nIters: 3
nuTilda initRes: 0.0002616104073123134 finalRes: 5.93415459728367e-06 nIters: 2
TP1: 88.11843657285347 final: 88.11843657285347
TP2: 35.77318562482915 final: 35.77318562482915
HFX: 301.8110067608704 final: 301.8110067608704
yPlus min: 1.845883661038194 max: 55.32502773663692 mean: 23.66988043230391
ExecutionTime = 159.54 s  ClockTime = 164 s

Time = 600

U0 initRes: 1.793406840280003e-06 finalRes: 9.381475216105501e-08 nIters: 3
U1 initRes: 5.039898104819473e-06 finalRes: 3.863592300077374e-07 nIters: 3
U2 initRes: 1.20311667174205e-05 finalRes: 1.108153845414216e-06 nIters: 2
p initRes: 0.0002257764438245406 finalRes: 1.313312708769488e-05 nIters: 1
Time step continuity errors : sum local = 0.0002234211287220643
                                 global = 1.605025671676379e-07
                             cumulative = -0.1050873123950103
T initRes: 1.581406410647493e-05 finalRes: 7.376301976007489e-07 nIters: 3
nuTilda initRes: 0.0002616104075516556 finalRes: 5.93415460840679e-06 nIters: 2
TP1: 88.11843657127559 final: 88.11843657127559
TP2: 35.77318561508068 final: 35.77318561508068
HFX: 301.8110067344069 final: 301.8110067344069
yPlus min: 1.845883664937402 max: 55.32502772941466 mean: 23.66988042958073
ExecutionTime = 160.05 s  ClockTime = 164 s

Time = 700

U0 initRes: 1.793406829351361e-06 finalRes: 9.381474784844175e-08 nIters: 3
U1 initRes: 5.039898232392097e-06 finalRes: 3.863592276776837e-07 nIters: 3
U2 initRes: 1.203116668794758e-05 finalRes: 1.10815384660586e-06 nIters: 2
p initRes: 0.0002257764451140758 finalRes: 1.31331252308462e-05 nIters: 1
Time step continuity errors : sum local = 0.0002234210970390271
                                 global = 1.604905006863022e-07
                             cumulative = -0.1050871519045097
T initRes: 1.581406409850424e-05 finalRes: 7.376301942390722e-07 nIters: 3
nuTilda initRes: 0.0002616104075193355 finalRes: 5.934154597734383e-06 nIters: 2
TP1: 88.11843656857342 final: 88.11843656857342
TP2: 35.77318561490971 final: 35.77318561490971
HFX: 301.8110067344696 final: 301.8110067344696
yPlus min: 1.845883664218618 max: 55.32502772951361 mean: 23.66988042963565
ExecutionTime = 160.5 s  ClockTime = 165 s

Time = 800

U0 initRes: 1.793406828396654e-06 finalRes: 9.381474784277698e-08 nIters: 3
U1 initRes: 5.039898227251056e-06 finalRes: 3.863592275580021e-07 nIters: 3
U2 initRes: 1.20311666907701e-05 finalRes: 1.108153848427371e-06 nIters: 2
p initRes: 0.0002257764448168059 finalRes: 1.313312530997064e-05 nIters: 1
Time step continuity errors : sum local = 0.0002234210984575656
                                 global = 1.605025812400906e-07
                             cumulative = -0.1050869914019284
T initRes: 1.581406409787307e-05 finalRes: 7.376301939677834e-07 nIters: 3
nuTilda initRes: 0.0002616104075194722 finalRes: 5.934154598895831e-06 nIters: 2
TP1: 88.11843656893937 final: 88.11843656893937
TP2: 35.77318561508085 final: 35.77318561508085
HFX: 301.8110067348767 final: 301.8110067348767
yPlus min: 1.845883664248019 max: 55.3250277296145 mean: 23.66988042967083
ExecutionTime = 160.99 s  ClockTime = 165 s

Time = 900

U0 initRes: 1.793406828707584e-06 finalRes: 9.381474790846788e-08 nIters: 3
U1 initRes: 5.039898225924208e-06 finalRes: 3.863592276071572e-07 nIters: 3
U2 initRes: 1.203116669080956e-05 finalRes: 1.108153848196467e-06 nIters: 2
p initRes: 0.000225776444838518 finalRes: 1.313312532769905e-05 nIters: 1
Time step continuity errors : sum local = 0.0002234210987259497
                                 global = 1.605012174485781e-07
                             cumulative = -0.105086830900711
T initRes: 1.581406409820477e-05 finalRes: 7.376301939238304e-07 nIters: 3
nuTilda initRes: 0.0002616104075199351 finalRes: 5.9341545989081e-06 nIters: 2
TP1: 88.11843656893465 final: 88.11843656893465
TP2: 35.7731856150615 final: 35.7731856150615
HFX: 301.8110067348246 final: 301.8110067348246
yPlus min: 1.845883664256273 max: 55.32502772959991 mean: 23.66988042966544
ExecutionTime = 161.46 s  ClockTime = 166 s

Time = 1000

U0 initRes: 1.793406828704907e-06 finalRes: 9.381474790973478e-08 nIters: 3
U1 initRes: 5.039898226158242e-06 finalRes: 3.863592275986047e-07 nIters: 3
U2 initRes: 1.203116669072043e-05 finalRes: 1.108153848186485e-06 nIters: 2
p initRes: 0.0002257764448383289 finalRes: 1.313312532893415e-05 nIters: 1
Time step continuity errors : sum local = 0.0002234210987066897
                                 global = 1.60501197470084e-07
                             cumulative = -0.1050866703995135
T initRes: 1.581406409887816e-05 finalRes: 7.376301927016858e-07 nIters: 3
nuTilda initRes: 0.0002616104075198353 finalRes: 5.93415459888063e-06 nIters: 2
TP1: 88.11843656892981 final: 88.11843656892981
TP2: 35.77318561506122 final: 35.77318561506122
HFX: 301.8110067348237 final: 301.8110067348237
yPlus min: 1.845883664256656 max: 55.3250277296002 mean: 23.66988042966559
ExecutionTime = 161.94 s  ClockTime = 166 s

End

Moving time 1000 to 0.0041
Printing Primal Residual Statistics.
U Residual Norm2: (25.55171813754296 24.01208100004224 10.62601352461842)
U Residual Mean: (0.03060413497137328 0.02711204171472478 0.01096165521981283)
U Residual Max: (13.58389379583383 10.92669541884183 8.385121997962981)
p Residual Norm2: 8.616820347348977
p Residual Mean: 0.01332302546996198
p Residual Max: 3.161101866605166
T Residual Norm2: 41.1636140590159
T Residual Mean: 0.04547983715168048
T Residual Max: 21.39334978104686
nuTilda Residual Norm2: 0.6516596113864744
nuTilda Residual Mean: 0.0004285970000164346
nuTilda Residual Max: 0.5282818965226378
phi Residual Norm2: 0.06463251923389404
phi Residual Mean: 2.566999625058311e-05
phi Residual Max: 0.04469168011622984
Total Residual Norm2: 55.78085738018159
 
 
DAInputVolCoord. 
Setting volume coordinates. 
Checking mesh quality for time = 1000
    Overall domain bounding box (1.605444926760567e-38 -0.09450000000000007 -9.591594494346524e-08) (0.8445000000000003 0.09450000000000008 0.03750000000000003)
    Mesh has 3 geometric (non-empty/wedge) directions (1 1 1)
    Mesh has 3 solution (non-empty) directions (1 1 1)
    Boundary openness (3.614738075489712e-18 1.418388786738781e-17 -7.381256800063819e-17) OK.
    Max cell openness = 5.4518935454885e-16 OK.
    Max aspect ratio = 69.08288552492557 OK.
    Minimum face area = 1.67179499533452e-06. Maximum face area = 0.001155838183813861.  Face area magnitudes OK.
    Min volume = 5.87998497607849e-09. Max volume = 1.309214609409797e-05.  Total volume = 0.004719833543013975.  Cell volumes OK.
    Mesh non-orthogonality Max: 3.531979273431392 average: 0.2805065026234287
    Non-orthogonality check OK.
    Face pyramids OK.
    Max skewness = 0.2181784312450215 OK.
    Coupled point location match (average 0) OK.

Mesh OK.

Running Primal Solver 042
Previous solution time 1000 not found and nothing deleted.
No finite volume options present

Starting time loop

Time = 1

U0 initRes: 2.52008851019872e-06 finalRes: 1.090685281473956e-07 nIters: 3
U1 initRes: 2.280457152597679e-05 finalRes: 2.058610717082675e-06 nIters: 2
U2 initRes: 0.0001066544010763817 finalRes: 4.845068333170002e-06 nIters: 2
p initRes: 0.0004636270290486985 finalRes: 3.338935100655352e-05 nIters: 2
Time step continuity errors : sum local = 0.0005680020843756198
                                 global = -9.576857934877766e-06
                             cumulative = -0.1050962472574484
T initRes: 2.115232731273152e-05 finalRes: 1.971378464650529e-06 nIters: 2
nuTilda initRes: 0.0002105462524695076 finalRes: 6.733555933416565e-06 nIters: 2
TP1: 88.09574487896344 final: 88.09574487896344
TP2: 35.77316599891547 final: 35.77316599891547
HFX: 301.8117167889797 final: 301.8117167889797
yPlus min: 1.854559400651518 max: 55.3249801181878 mean: 23.67046502569699
ExecutionTime = 162.08 s  ClockTime = 166 s

Time = 100

U0 initRes: 1.816162724933061e-06 finalRes: 9.457451767670375e-08 nIters: 3
U1 initRes: 5.057690026031936e-06 finalRes: 3.860990339134324e-07 nIters: 3
U2 initRes: 1.223984659254088e-05 finalRes: 1.124686504319239e-06 nIters: 2
p initRes: 0.0002264282986687405 finalRes: 1.321845691254853e-05 nIters: 1
Time step continuity errors : sum local = 0.0002248745505202473
                                 global = 2.382123883817534e-06
                             cumulative = -0.1050938651335646
T initRes: 1.584073037842326e-05 finalRes: 7.380541152814016e-07 nIters: 3
nuTilda initRes: 0.0002617686392973162 finalRes: 5.946096735560206e-06 nIters: 2
TP1: 88.1190549368835 final: 88.1190549368835
TP2: 35.77320537513831 final: 35.77320537513831
HFX: 301.8114308836019 final: 301.8114308836019
yPlus min: 1.846640701446071 max: 55.32505537497011 mean: 23.66976156876282
ExecutionTime = 162.52 s  ClockTime = 167 s

Time = 200

U0 initRes: 1.792253934788316e-06 finalRes: 9.321802426000086e-08 nIters: 3
U1 initRes: 5.0141371635994e-06 finalRes: 3.843392246994087e-07 nIters: 3
U2 initRes: 1.211940755772021e-05 finalRes: 1.121569527124116e-06 nIters: 2
p initRes: 0.0002258017114309664 finalRes: 1.312363185848855e-05 nIters: 1
Time step continuity errors : sum local = 0.0002232616070038773
                                 global = -1.394857895265067e-06
                             cumulative = -0.1050952599914598
T initRes: 1.581367821645167e-05 finalRes: 7.368869773920354e-07 nIters: 3
nuTilda initRes: 0.0002616934910174029 finalRes: 5.935308292838968e-06 nIters: 2
TP1: 88.11885108012733 final: 88.11885108012733
TP2: 35.77314706049213 final: 35.77314706049213
HFX: 301.8113780796598 final: 301.8113780796598
yPlus min: 1.846630767627958 max: 55.3250444905592 mean: 23.66976021699894
ExecutionTime = 162.94 s  ClockTime = 167 s

Time = 300

U0 initRes: 1.790533494264086e-06 finalRes: 9.31029793289304e-08 nIters: 3
U1 initRes: 5.014038979824568e-06 finalRes: 3.842794613670176e-07 nIters: 3
U2 initRes: 1.211986386973114e-05 finalRes: 1.121766388407788e-06 nIters: 2
p initRes: 0.0002257616056701256 finalRes: 1.307891086194585e-05 nIters: 1
Time step continuity errors : sum local = 0.00022250088767788
                                 global = 1.558061635033497e-07
                             cumulative = -0.1050951041852963
T initRes: 1.581326492511223e-05 finalRes: 7.367970323049113e-07 nIters: 3
nuTilda initRes: 0.0002616925038898909 finalRes: 5.935206158663905e-06 nIters: 2
TP1: 88.11886853085325 final: 88.11886853085325
TP2: 35.77316913823969 final: 35.77316913823969
HFX: 301.8114299227985 final: 301.8114299227985
yPlus min: 1.846627166536566 max: 55.32505746068111 mean: 23.66976557928535
ExecutionTime = 163.36 s  ClockTime = 168 s

Time = 400

U0 initRes: 1.790520620229149e-06 finalRes: 9.310249100477573e-08 nIters: 3
U1 initRes: 5.01396459192087e-06 finalRes: 3.842845094632588e-07 nIters: 3
U2 initRes: 1.211987763514654e-05 finalRes: 1.121745687495515e-06 nIters: 2
p initRes: 0.0002257561599652021 finalRes: 1.307589243778577e-05 nIters: 1
Time step continuity errors : sum local = 0.0002224495285192861
                                 global = -3.180712915737866e-08
                             cumulative = -0.1050951359924255
T initRes: 1.581327101754698e-05 finalRes: 7.367921510174482e-07 nIters: 3
nuTilda initRes: 0.0002616924459895888 finalRes: 5.935201296138617e-06 nIters: 2
TP1: 88.1188649556546 final: 88.1188649556546
TP2: 35.77316649392237 final: 35.77316649392237
HFX: 301.8114229121554 final: 301.8114229121554
yPlus min: 1.846627289082824 max: 55.32505559718033 mean: 23.66976487386143
ExecutionTime = 163.79 s  ClockTime = 168 s

Time = 500

U0 initRes: 1.79052418796912e-06 finalRes: 9.310254435144613e-08 nIters: 3
U1 initRes: 5.013971931029125e-06 finalRes: 3.842844201398646e-07 nIters: 3
U2 initRes: 1.211987571916312e-05 finalRes: 1.121746776534714e-06 nIters: 2
p initRes: 0.0002257558858921391 finalRes: 1.307575551223872e-05 nIters: 1
Time step continuity errors : sum local = 0.0002224472003277983
                                 global = -5.784802257751897e-09
                             cumulative = -0.1050951417772277
T initRes: 1.581326952764545e-05 finalRes: 7.367925632477641e-07 nIters: 3
nuTilda initRes: 0.0002616924465212775 finalRes: 5.935202051312905e-06 nIters: 2
TP1: 88.11886549961122 final: 88.11886549961122
TP2: 35.77316686388657 final: 35.77316686388657
HFX: 301.8114238118055 final: 301.8114238118055
yPlus min: 1.846627286127591 max: 55.32505582633135 mean: 23.66976496096371
ExecutionTime = 164.23 s  ClockTime = 168 s

Time = 600

U0 initRes: 1.790523878177545e-06 finalRes: 9.310254513632082e-08 nIters: 3
U1 initRes: 5.013971935199505e-06 finalRes: 3.842844496288226e-07 nIters: 3
U2 initRes: 1.211987652383949e-05 finalRes: 1.121746616999978e-06 nIters: 2
p initRes: 0.0002257559027681672 finalRes: 1.307573274232732e-05 nIters: 1
Time step continuity errors : sum local = 0.0002224468128222925
                                 global = -9.088246068741438e-09
                             cumulative = -0.1050951508654738
T initRes: 1.581326974260596e-05 finalRes: 7.367925061227145e-07 nIters: 3
nuTilda initRes: 0.0002616924466882902 finalRes: 5.935201916286526e-06 nIters: 2
TP1: 88.11886541651891 final: 88.11886541651891
TP2: 35.77316681708691 final: 35.77316681708691
HFX: 301.8114236994566 final: 301.8114236994566
yPlus min: 1.846627281482218 max: 55.3250557982059 mean: 23.66976495024889
ExecutionTime = 164.66 s  ClockTime = 169 s

Time = 700

U0 initRes: 1.790523895130417e-06 finalRes: 9.310254476092447e-08 nIters: 3
U1 initRes: 5.013971826499187e-06 finalRes: 3.84284447973668e-07 nIters: 3
U2 initRes: 1.211987630146198e-05 finalRes: 1.121746625855164e-06 nIters: 2
p initRes: 0.000225755898961105 finalRes: 1.30757350237419e-05 nIters: 1
Time step continuity errors : sum local = 0.000222446851601832
                                 global = -8.684945359583908e-09
                             cumulative = -0.1050951595504192
T initRes: 1.581326971467293e-05 finalRes: 7.367925179647293e-07 nIters: 3
nuTilda initRes: 0.0002616924466702101 finalRes: 5.935201943258998e-06 nIters: 2
TP1: 88.11886542823842 final: 88.11886542823842
TP2: 35.77316682280701 final: 35.77316682280701
HFX: 301.8114237126301 final: 301.8114237126301
yPlus min: 1.84662728251246 max: 55.32505580141869 mean: 23.6697649514569
ExecutionTime = 165.08 s  ClockTime = 169 s

Time = 800

U0 initRes: 1.790523895922189e-06 finalRes: 9.310254484191687e-08 nIters: 3
U1 initRes: 5.013971856612671e-06 finalRes: 3.842844479856696e-07 nIters: 3
U2 initRes: 1.211987634210019e-05 finalRes: 1.121746626351122e-06 nIters: 2
p initRes: 0.000225755899390359 finalRes: 1.307573475624159e-05 nIters: 1
Time step continuity errors : sum local = 0.0002224468469848447
                                 global = -8.730071296518553e-09
                             cumulative = -0.1050951682804905
T initRes: 1.581326971833459e-05 finalRes: 7.367925171330399e-07 nIters: 3
nuTilda initRes: 0.0002616924466713584 finalRes: 5.935201938828731e-06 nIters: 2
TP1: 88.11886542666268 final: 88.11886542666268
TP2: 35.77316682216749 final: 35.77316682216749
HFX: 301.8114237112121 final: 301.8114237112121
yPlus min: 1.846627282311408 max: 55.32505580108607 mean: 23.66976495133345
ExecutionTime = 165.49 s  ClockTime = 170 s

Time = 900

U0 initRes: 1.790523895396295e-06 finalRes: 9.310254481614752e-08 nIters: 3
U1 initRes: 5.013971850883212e-06 finalRes: 3.842844480218103e-07 nIters: 3
U2 initRes: 1.211987633576487e-05 finalRes: 1.121746626102929e-06 nIters: 2
p initRes: 0.000225755899345733 finalRes: 1.307573477823104e-05 nIters: 1
Time step continuity errors : sum local = 0.0002224468474612978
                                 global = -8.725421295110915e-09
                             cumulative = -0.1050951770059118
T initRes: 1.581326971946536e-05 finalRes: 7.367925165811648e-07 nIters: 3
nuTilda initRes: 0.0002616924466714834 finalRes: 5.935201939505025e-06 nIters: 2
TP1: 88.11886542686432 final: 88.11886542686432
TP2: 35.77316682223337 final: 35.77316682223337
HFX: 301.8114237113487 final: 301.8114237113487
yPlus min: 1.846627282346186 max: 55.32505580111577 mean: 23.6697649513442
ExecutionTime = 165.92 s  ClockTime = 170 s

Time = 1000

U0 initRes: 1.790523895611643e-06 finalRes: 9.310254482645333e-08 nIters: 3
U1 initRes: 5.013971851908316e-06 finalRes: 3.842844480051232e-07 nIters: 3
U2 initRes: 1.211987633673024e-05 finalRes: 1.121746626190749e-06 nIters: 2
p initRes: 0.0002257558993517335 finalRes: 1.307573477938628e-05 nIters: 1
Time step continuity errors : sum local = 0.000222446847405223
                                 global = -8.725817245014909e-09
                             cumulative = -0.105095185731729
T initRes: 1.581326971727724e-05 finalRes: 7.367925171282677e-07 nIters: 3
nuTilda initRes: 0.000261692446671494 finalRes: 5.935201939410415e-06 nIters: 2
TP1: 88.11886542683909 final: 88.11886542683909
TP2: 35.77316682222779 final: 35.77316682222779
HFX: 301.8114237113384 final: 301.8114237113384
yPlus min: 1.846627282340453 max: 55.32505580111388 mean: 23.66976495134361
ExecutionTime = 166.24 s  ClockTime = 170 s

End

Moving time 1000 to 0.0042
Printing Primal Residual Statistics.
U Residual Norm2: (25.51742123931811 24.01834597165738 10.57994321350821)
U Residual Mean: (0.03066469902830889 0.02707129419999235 0.0109740648236328)
U Residual Max: (13.58677237973391 10.93380235984965 8.328414610598271)
p Residual Norm2: 8.623938454724753
p Residual Mean: 0.01332444054690969
p Residual Max: 3.164999950047459
T Residual Norm2: 41.16360267971056
T Residual Mean: 0.04550013740515167
T Residual Max: 21.35804613857504
nuTilda Residual Norm2: 0.6510109799008617
nuTilda Residual Mean: 0.0004284178632286229
nuTilda Residual Max: 0.5274874515492119
phi Residual Norm2: 0.06461428943419503
phi Residual Mean: 2.570490506000989e-05
phi Residual Max: 0.0446713621613128
Total Residual Norm2: 55.76017771372683
 
 
DAInputVolCoord. 
Setting volume coordinates. 
Checking mesh quality for time = 1000
    Overall domain bounding box (-1.06565673615246e-09 -0.09450000000000007 -4.247263683747141e-07) (0.8445000000000003 0.09450000000000008 0.03750000000000003)
    Mesh has 3 geometric (non-empty/wedge) directions (1 1 1)
    Mesh has 3 solution (non-empty) directions (1 1 1)
    Boundary openness (2.433316221260257e-17 -6.615285417735369e-18 -1.003506406328294e-16) OK.
    Max cell openness = 3.426750167050627e-16 OK.
    Max aspect ratio = 69.08288552235869 OK.
    Minimum face area = 1.671770982867856e-06. Maximum face area = 0.001155838089951551.  Face area magnitudes OK.
    Min volume = 5.875928155773828e-09. Max volume = 1.30921492210678e-05.  Total volume = 0.00471983350236584.  Cell volumes OK.
    Mesh non-orthogonality Max: 3.512282788479945 average: 0.2801735202966125
    Non-orthogonality check OK.
    Face pyramids OK.
    Max skewness = 0.218163936271291 OK.
    Coupled point location match (average 0) OK.

Mesh OK.

Running Primal Solver 043
Previous solution time 1000 not found and nothing deleted.
No finite volume options present

Starting time loop

Time = 1

U0 initRes: 3.189385421971998e-06 finalRes: 2.994499942077216e-07 nIters: 2
U1 initRes: 3.961851841969142e-05 finalRes: 3.200169823464002e-06 nIters: 2
U2 initRes: 0.000201705151796314 finalRes: 8.943140450558282e-06 nIters: 2
p initRes: 0.0006995400511930453 finalRes: 5.424375319692748e-05 nIters: 3
Time step continuity errors : sum local = 0.0009228982333393972
                                 global = -0.0001631154496402227
                             cumulative = -0.1052583011813692
T initRes: 2.633575693844872e-05 finalRes: 2.247354273791806e-06 nIters: 2
nuTilda initRes: 0.0002149431900709422 finalRes: 6.98299545995166e-06 nIters: 2
TP1: 88.15758641504989 final: 88.15758641504989
TP2: 35.77282190766683 final: 35.77282190766683
HFX: 301.8081123201619 final: 301.8081123201619
yPlus min: 1.854072880787249 max: 55.32513771909952 mean: 23.67046371212914
ExecutionTime = 166.37 s  ClockTime = 171 s

Time = 100

U0 initRes: 1.835317554072786e-06 finalRes: 9.508422437434028e-08 nIters: 3
U1 initRes: 5.108301915390523e-06 finalRes: 3.867240552867321e-07 nIters: 3
U2 initRes: 1.23771680581313e-05 finalRes: 1.127699711223028e-06 nIters: 2
p initRes: 0.0002276099062331166 finalRes: 1.382162189407079e-05 nIters: 1
Time step continuity errors : sum local = 0.0002351352788056481
                                 global = -1.667351366804676e-06
                             cumulative = -0.105259968532736
T initRes: 1.586424679049003e-05 finalRes: 7.398026973425572e-07 nIters: 3
nuTilda initRes: 0.0002618760866078298 finalRes: 5.946194332771715e-06 nIters: 2
TP1: 88.11770064699556 final: 88.11770064699556
TP2: 35.77314615406333 final: 35.77314615406333
HFX: 301.8119941457985 final: 301.8119941457985
yPlus min: 1.845283612505497 max: 55.3250141165326 mean: 23.67000573415753
ExecutionTime = 166.75 s  ClockTime = 171 s

Time = 200

U0 initRes: 1.795081157167884e-06 finalRes: 9.384570225062118e-08 nIters: 3
U1 initRes: 5.041889791027837e-06 finalRes: 3.865125715244574e-07 nIters: 3
U2 initRes: 1.204596805872333e-05 finalRes: 1.109020218006604e-06 nIters: 2
p initRes: 0.0002259395746882623 finalRes: 1.314610275878597e-05 nIters: 1
Time step continuity errors : sum local = 0.0002236429476832493
                                 global = 1.589246422511072e-06
                             cumulative = -0.1052583792863135
T initRes: 1.5817955132522e-05 finalRes: 7.375689808086002e-07 nIters: 3
nuTilda initRes: 0.0002617398242284675 finalRes: 5.93593124189953e-06 nIters: 2
TP1: 88.11792046402448 final: 88.11792046402448
TP2: 35.77318888551047 final: 35.77318888551047
HFX: 301.8120755109898 final: 301.8120755109898
yPlus min: 1.845326961135032 max: 55.32503438172903 mean: 23.67001213909801
ExecutionTime = 167.12 s  ClockTime = 171 s

Time = 300

U0 initRes: 1.793343409927222e-06 finalRes: 9.38334894530067e-08 nIters: 3
U1 initRes: 5.039706239396317e-06 finalRes: 3.864517774357835e-07 nIters: 3
U2 initRes: 1.203648406283308e-05 finalRes: 1.108498468809739e-06 nIters: 2
p initRes: 0.0002258293152952941 finalRes: 1.306699426911177e-05 nIters: 1
Time step continuity errors : sum local = 0.0002222970437483975
                                 global = -1.307386732428943e-07
                             cumulative = -0.1052585100249868
T initRes: 1.581581160216829e-05 finalRes: 7.377110147382637e-07 nIters: 3
nuTilda initRes: 0.0002617370436858488 finalRes: 5.935703062100452e-06 nIters: 2
TP1: 88.11789596501559 final: 88.11789596501559
TP2: 35.77316380148424 final: 35.77316380148424
HFX: 301.8120295281572 final: 301.8120295281572
yPlus min: 1.845330852614456 max: 55.32502256414379 mean: 23.67000668350586
ExecutionTime = 167.52 s  ClockTime = 172 s

Time = 400

U0 initRes: 1.793307957850454e-06 finalRes: 9.383170656377638e-08 nIters: 3
U1 initRes: 5.039635328486346e-06 finalRes: 3.86447974491396e-07 nIters: 3
U2 initRes: 1.20366076973596e-05 finalRes: 1.1085243522135e-06 nIters: 2
p initRes: 0.0002258209283940502 finalRes: 1.306439027858132e-05 nIters: 1
Time step continuity errors : sum local = 0.0002222527501637749
                                 global = -6.532568297969353e-09
                             cumulative = -0.1052585165575551
T initRes: 1.581578585753926e-05 finalRes: 7.377168221174687e-07 nIters: 3
nuTilda initRes: 0.000261736996393271 finalRes: 5.9357052775851e-06 nIters: 2
TP1: 88.11789988788701 final: 88.11789988788701
TP2: 35.77316554581753 final: 35.77316554581753
HFX: 301.8120334967 final: 301.8120334967
yPlus min: 1.845331141839935 max: 55.32502357693406 mean: 23.67000706292691
ExecutionTime = 167.95 s  ClockTime = 172 s

Time = 500

U0 initRes: 1.793303805501411e-06 finalRes: 9.383147575890582e-08 nIters: 3
U1 initRes: 5.039645932117786e-06 finalRes: 3.864478704506981e-07 nIters: 3
U2 initRes: 1.203659931625003e-05 finalRes: 1.108523203707654e-06 nIters: 2
p initRes: 0.0002258209915386187 finalRes: 1.306405155009226e-05 nIters: 1
Time step continuity errors : sum local = 0.0002222469876707546
                                 global = -7.188642971793419e-09
                             cumulative = -0.105258523746198
T initRes: 1.581578549344479e-05 finalRes: 7.37716169471852e-07 nIters: 3
nuTilda initRes: 0.0002617369952696401 finalRes: 5.935703891020514e-06 nIters: 2
TP1: 88.11789957860063 final: 88.11789957860063
TP2: 35.77316553800404 final: 35.77316553800404
HFX: 301.8120334648838 final: 301.8120334648838
yPlus min: 1.845331040451156 max: 55.32502357928855 mean: 23.67000706728542
ExecutionTime = 168.4 s  ClockTime = 173 s

Time = 600

U0 initRes: 1.793304940671325e-06 finalRes: 9.383152564520154e-08 nIters: 3
U1 initRes: 5.039644757268947e-06 finalRes: 3.864479101724731e-07 nIters: 3
U2 initRes: 1.203660110640125e-05 finalRes: 1.10852332932055e-06 nIters: 2
p initRes: 0.0002258209763452955 finalRes: 1.306407970213429e-05 nIters: 1
Time step continuity errors : sum local = 0.0002222474664952076
                                 global = -8.552923957433436e-09
                             cumulative = -0.105258532299122
T initRes: 1.581578563667205e-05 finalRes: 7.3771614864147e-07 nIters: 3
nuTilda initRes: 0.0002617369951223422 finalRes: 5.935704056768272e-06 nIters: 2
TP1: 88.11789957485158 final: 88.11789957485158
TP2: 35.77316551850654 final: 35.77316551850654
HFX: 301.812033408128 final: 301.812033408128
yPlus min: 1.845331050864054 max: 55.32502356210726 mean: 23.6700070605182
ExecutionTime = 168.82 s  ClockTime = 173 s

Time = 700

U0 initRes: 1.793304813644871e-06 finalRes: 9.383151890722491e-08 nIters: 3
U1 initRes: 5.039644849819592e-06 finalRes: 3.864479057106706e-07 nIters: 3
U2 initRes: 1.203660099787454e-05 finalRes: 1.108523337181336e-06 nIters: 2
p initRes: 0.0002258209737296592 finalRes: 1.306408032088431e-05 nIters: 1
Time step continuity errors : sum local = 0.0002222474770713772
                                 global = -8.234733963596521e-09
                             cumulative = -0.1052585405338559
T initRes: 1.581578564260427e-05 finalRes: 7.377161486571588e-07 nIters: 3
nuTilda initRes: 0.0002617369951660558 finalRes: 5.935704052067761e-06 nIters: 2
TP1: 88.11789958067149 final: 88.11789958067149
TP2: 35.77316552304558 final: 35.77316552304558
HFX: 301.812033419513 final: 301.812033419513
yPlus min: 1.845331050173624 max: 55.32502356524941 mean: 23.67000706174565
ExecutionTime = 169.23 s  ClockTime = 173 s

Time = 800

U0 initRes: 1.793304815162085e-06 finalRes: 9.383151919317341e-08 nIters: 3
U1 initRes: 5.03964485528837e-06 finalRes: 3.86447905982985e-07 nIters: 3
U2 initRes: 1.203660098089585e-05 finalRes: 1.108523333697927e-06 nIters: 2
p initRes: 0.0002258209741527083 finalRes: 1.306407999855513e-05 nIters: 1
Time step continuity errors : sum local = 0.0002222474715686046
                                 global = -8.270421141777103e-09
                             cumulative = -0.1052585488042771
T initRes: 1.581578564304597e-05 finalRes: 7.377161474517677e-07 nIters: 3
nuTilda initRes: 0.0002617369951603461 finalRes: 5.935704050834029e-06 nIters: 2
TP1: 88.11789957964818 final: 88.11789957964818
TP2: 35.77316552253831 final: 35.77316552253831
HFX: 301.8120334183391 final: 301.8120334183391
yPlus min: 1.845331050114582 max: 55.32502356495043 mean: 23.67000706163073
ExecutionTime = 169.61 s  ClockTime = 174 s

Time = 900

U0 initRes: 1.793304816585228e-06 finalRes: 9.383151924459026e-08 nIters: 3
U1 initRes: 5.039644852519801e-06 finalRes: 3.864479059988897e-07 nIters: 3
U2 initRes: 1.203660098381865e-05 finalRes: 1.108523334142821e-06 nIters: 2
p initRes: 0.0002258209741079537 finalRes: 1.306408004939386e-05 nIters: 1
Time step continuity errors : sum local = 0.0002222474724062921
                                 global = -8.269237603908892e-09
                             cumulative = -0.1052585570735147
T initRes: 1.581578564155954e-05 finalRes: 7.377161481547521e-07 nIters: 3
nuTilda initRes: 0.0002617369951604893 finalRes: 5.93570405118756e-06 nIters: 2
TP1: 88.11789957974192 final: 88.11789957974192
TP2: 35.77316552255485 final: 35.77316552255485
HFX: 301.8120334183682 final: 301.8120334183682
yPlus min: 1.845331050137614 max: 55.32502356495453 mean: 23.67000706163177
ExecutionTime = 170.06 s  ClockTime = 174 s

Time = 1000

U0 initRes: 1.793304816304045e-06 finalRes: 9.383151922712083e-08 nIters: 3
U1 initRes: 5.039644852928162e-06 finalRes: 3.864479059833467e-07 nIters: 3
U2 initRes: 1.203660098335152e-05 finalRes: 1.108523334106164e-06 nIters: 2
p initRes: 0.000225820974112069 finalRes: 1.306408004398284e-05 nIters: 1
Time step continuity errors : sum local = 0.0002222474723069633
                                 global = -8.268877920051073e-09
                             cumulative = -0.1052585653423926
T initRes: 1.581578564234279e-05 finalRes: 7.377161498498784e-07 nIters: 3
nuTilda initRes: 0.0002617369951605357 finalRes: 5.93570405113481e-06 nIters: 2
TP1: 88.11789957974162 final: 88.11789957974162
TP2: 35.77316552256002 final: 35.77316552256002
HFX: 301.8120334183819 final: 301.8120334183819
yPlus min: 1.845331050134365 max: 55.3250235649588 mean: 23.67000706163349
ExecutionTime = 170.37 s  ClockTime = 175 s

End

Moving time 1000 to 0.0043
Printing Primal Residual Statistics.
U Residual Norm2: (25.55949314190977 24.01862254328857 10.63099815345301)
U Residual Mean: (0.03060799460317291 0.02711616842604669 0.0109649496613037)
U Residual Max: (13.58393338293671 10.92958941938821 8.389446744594991)
p Residual Norm2: 8.618557638778212
p Residual Mean: 0.01332532034888263
p Residual Max: 3.160836948143226
T Residual Norm2: 41.17647027448179
T Residual Mean: 0.04548770346207542
T Residual Max: 21.40373002225477
nuTilda Residual Norm2: 0.6520293945370251
nuTilda Residual Mean: 0.0004287311505455349
nuTilda Residual Max: 0.5286613902709721
phi Residual Norm2: 0.06464136191366839
phi Residual Mean: 2.566515325502018e-05
phi Residual Max: 0.04469501060938572
Total Residual Norm2: 55.79794441699675
 
 
DAInputVolCoord. 
Setting volume coordinates. 
Checking mesh quality for time = 1000
    Overall domain bounding box (2.121176986256691e-39 -0.09450000000000007 -3.242891148499375e-07) (0.8445000000000003 0.09450000000000008 0.03750000000000003)
    Mesh has 3 geometric (non-empty/wedge) directions (1 1 1)
    Mesh has 3 solution (non-empty) directions (1 1 1)
    Boundary openness (2.278572232298173e-17 4.494209188724112e-18 -4.727055054064238e-17) OK.
    Max cell openness = 3.761918103054481e-16 OK.
    Max aspect ratio = 69.08288552241777 OK.
    Minimum face area = 1.673117380316579e-06. Maximum face area = 0.001155838028773849.  Face area magnitudes OK.
    Min volume = 5.879983474036692e-09. Max volume = 1.309214666479696e-05.  Total volume = 0.004719834592414117.  Cell volumes OK.
    Mesh non-orthogonality Max: 3.512396054202716 average: 0.2800474835064989
    Non-orthogonality check OK.
    Face pyramids OK.
    Max skewness = 0.2181390275762276 OK.
    Coupled point location match (average 0) OK.

Mesh OK.

Running Primal Solver 044
Previous solution time 1000 not found and nothing deleted.
No finite volume options present

Starting time loop

Time = 1

U0 initRes: 2.474753534728124e-06 finalRes: 1.087861725475636e-07 nIters: 3
U1 initRes: 2.20266222418105e-05 finalRes: 2.005805653373886e-06 nIters: 2
U2 initRes: 0.0001074271100040311 finalRes: 4.902530691153966e-06 nIters: 2
p initRes: 0.0004657175203767976 finalRes: 3.996130948932846e-05 nIters: 2
Time step continuity errors : sum local = 0.000679805090032086
                                 global = -5.28855811642808e-05
                             cumulative = -0.1053114509235569
T initRes: 2.112086543978021e-05 finalRes: 1.975711096702779e-06 nIters: 2
nuTilda initRes: 0.0002105700586030013 finalRes: 6.736951647916285e-06 nIters: 2
TP1: 88.09236788619047 final: 88.09236788619047
TP2: 35.77304958859763 final: 35.77304958859763
HFX: 301.8126937619205 final: 301.8126937619205
yPlus min: 1.854010225746744 max: 55.32497952549529 mean: 23.67059098120026
ExecutionTime = 170.53 s  ClockTime = 175 s

Time = 100

U0 initRes: 1.831349552279181e-06 finalRes: 9.432993015485149e-08 nIters: 3
U1 initRes: 5.096244962052252e-06 finalRes: 3.873959425997016e-07 nIters: 3
U2 initRes: 1.230095621979399e-05 finalRes: 1.131092339950013e-06 nIters: 2
p initRes: 0.0002270959347354273 finalRes: 1.354718855946239e-05 nIters: 1
Time step continuity errors : sum local = 0.0002304655005991804
                                 global = 1.745494015372175e-07
                             cumulative = -0.1053112763741553
T initRes: 1.586067924038188e-05 finalRes: 7.376994017992172e-07 nIters: 3
nuTilda initRes: 0.0002619860360336643 finalRes: 5.949156562126597e-06 nIters: 2
TP1: 88.11814844703758 final: 88.11814844703758
TP2: 35.77319563485401 final: 35.77319563485401
HFX: 301.8106472298608 final: 301.8106472298608
yPlus min: 1.846010403613688 max: 55.3250238810528 mean: 23.6698434271449
ExecutionTime = 170.88 s  ClockTime = 175 s

Time = 200

U0 initRes: 1.792147784471744e-06 finalRes: 9.314984054505485e-08 nIters: 3
U1 initRes: 5.015973261752291e-06 finalRes: 3.844682906467126e-07 nIters: 3
U2 initRes: 1.212849802628034e-05 finalRes: 1.12238280378924e-06 nIters: 2
p initRes: 0.0002258753561948407 finalRes: 1.310596376881024e-05 nIters: 1
Time step continuity errors : sum local = 0.0002229596296044703
                                 global = -4.821914337436786e-07
                             cumulative = -0.1053117585655891
T initRes: 1.582188643676588e-05 finalRes: 7.371871061717282e-07 nIters: 3
nuTilda initRes: 0.000261903381661328 finalRes: 5.937799263181965e-06 nIters: 2
TP1: 88.1180920763468 final: 88.1180920763468
TP2: 35.77318107409541 final: 35.77318107409541
HFX: 301.8106548058523 final: 301.8106548058523
yPlus min: 1.846001498316527 max: 55.32501350459727 mean: 23.66984594681643
ExecutionTime = 171.23 s  ClockTime = 176 s

Time = 300

U0 initRes: 1.791767600619612e-06 finalRes: 9.313067537983693e-08 nIters: 3
U1 initRes: 5.015837260678619e-06 finalRes: 3.844651338391261e-07 nIters: 3
U2 initRes: 1.212822186687221e-05 finalRes: 1.122497618414914e-06 nIters: 2
p initRes: 0.0002258483539593152 finalRes: 1.308037728722159e-05 nIters: 1
Time step continuity errors : sum local = 0.0002225243758861516
                                 global = -8.272658081428684e-09
                             cumulative = -0.1053117668382472
T initRes: 1.582167352167746e-05 finalRes: 7.370675748467131e-07 nIters: 3
nuTilda initRes: 0.0002619012137034002 finalRes: 5.937758746128011e-06 nIters: 2
TP1: 88.11809602459428 final: 88.11809602459428
TP2: 35.77318802354703 final: 35.77318802354703
HFX: 301.8106620136415 final: 301.8106620136415
yPlus min: 1.846000758821695 max: 55.32501446759026 mean: 23.6698467017314
ExecutionTime = 171.59 s  ClockTime = 176 s

Time = 400

U0 initRes: 1.791747778314745e-06 finalRes: 9.312992113627531e-08 nIters: 3
U1 initRes: 5.015902348463463e-06 finalRes: 3.8446811011391e-07 nIters: 3
U2 initRes: 1.212826029939496e-05 finalRes: 1.12249735475558e-06 nIters: 2
p initRes: 0.0002258470541284522 finalRes: 1.308015888747712e-05 nIters: 1
Time step continuity errors : sum local = 0.0002225206609761406
                                 global = -1.092307128972265e-09
                             cumulative = -0.1053117679305543
T initRes: 1.582169405648743e-05 finalRes: 7.370600838439254e-07 nIters: 3
nuTilda initRes: 0.0002619012521557641 finalRes: 5.937757875055486e-06 nIters: 2
TP1: 88.11809562277142 final: 88.11809562277142
TP2: 35.77318814652401 final: 35.77318814652401
HFX: 301.810662048706 final: 301.810662048706
yPlus min: 1.846000546399449 max: 55.32501450248358 mean: 23.66984672893492
ExecutionTime = 171.94 s  ClockTime = 176 s

Time = 500

U0 initRes: 1.791746750531516e-06 finalRes: 9.312989113458994e-08 nIters: 3
U1 initRes: 5.015894458107448e-06 finalRes: 3.844679859728603e-07 nIters: 3
U2 initRes: 1.212825408578068e-05 finalRes: 1.122496826464599e-06 nIters: 2
p initRes: 0.0002258469042098461 finalRes: 1.308015325435654e-05 nIters: 1
Time step continuity errors : sum local = 0.0002225205648164864
                                 global = -5.870360584062899e-09
                             cumulative = -0.1053117738009149
T initRes: 1.582169298254278e-05 finalRes: 7.370602861175578e-07 nIters: 3
nuTilda initRes: 0.0002619012489879615 finalRes: 5.937757716215654e-06 nIters: 2
TP1: 88.11809562867492 final: 88.11809562867492
TP2: 35.77318807629 final: 35.77318807629
HFX: 301.8106619320225 final: 301.8106619320225
yPlus min: 1.846000585338593 max: 55.32501447573348 mean: 23.66984671724703
ExecutionTime = 172.28 s  ClockTime = 177 s

Time = 600

U0 initRes: 1.791747281148031e-06 finalRes: 9.312991168729175e-08 nIters: 3
U1 initRes: 5.015894612398874e-06 finalRes: 3.844679714014422e-07 nIters: 3
U2 initRes: 1.212825408766855e-05 finalRes: 1.122496818285347e-06 nIters: 2
p initRes: 0.0002258469127988043 finalRes: 1.308014694223915e-05 nIters: 1
Time step continuity errors : sum local = 0.0002225204575074433
                                 global = -5.422902117803796e-09
                             cumulative = -0.105311779223817
T initRes: 1.582169276965262e-05 finalRes: 7.370603495859793e-07 nIters: 3
nuTilda initRes: 0.0002619012486104158 finalRes: 5.937757691594807e-06 nIters: 2
TP1: 88.11809563599461 final: 88.11809563599461
TP2: 35.7731880825098 final: 35.7731880825098
HFX: 301.8106619501979 final: 301.8106619501979
yPlus min: 1.846000584903871 max: 55.32501448026905 mean: 23.66984671897156
ExecutionTime = 172.74 s  ClockTime = 177 s

Time = 700

U0 initRes: 1.791747262969139e-06 finalRes: 9.312991168221893e-08 nIters: 3
U1 initRes: 5.0158946902199e-06 finalRes: 3.844679764967471e-07 nIters: 3
U2 initRes: 1.21282540892788e-05 finalRes: 1.122496809532932e-06 nIters: 2
p initRes: 0.0002258469115949939 finalRes: 1.308014732558128e-05 nIters: 1
Time step continuity errors : sum local = 0.0002225204640678436
                                 global = -5.461568355865347e-09
                             cumulative = -0.1053117846853854
T initRes: 1.582169278972379e-05 finalRes: 7.370603474559052e-07 nIters: 3
nuTilda initRes: 0.0002619012486837704 finalRes: 5.937757696858929e-06 nIters: 2
TP1: 88.1180956339728 final: 88.1180956339728
TP2: 35.77318808200097 final: 35.77318808200097
HFX: 301.8106619480889 final: 301.8106619480889
yPlus min: 1.846000584406399 max: 55.32501447965139 mean: 23.66984671874074
ExecutionTime = 173.17 s  ClockTime = 178 s

Time = 800

U0 initRes: 1.791747254344624e-06 finalRes: 9.312991130540911e-08 nIters: 3
U1 initRes: 5.015894682237349e-06 finalRes: 3.844679764353634e-07 nIters: 3
U2 initRes: 1.212825408633996e-05 finalRes: 1.122496810050963e-06 nIters: 2
p initRes: 0.0002258469115160336 finalRes: 1.308014729759107e-05 nIters: 1
Time step continuity errors : sum local = 0.0002225204635999068
                                 global = -5.457202049435337e-09
                             cumulative = -0.1053117901425874
T initRes: 1.582169279094221e-05 finalRes: 7.370603474651812e-07 nIters: 3
nuTilda initRes: 0.000261901248685838 finalRes: 5.937757697541254e-06 nIters: 2
TP1: 88.11809563423023 final: 88.11809563423023
TP2: 35.77318808206324 final: 35.77318808206324
HFX: 301.810661948222 final: 301.810661948222
yPlus min: 1.846000584457343 max: 55.32501447969013 mean: 23.66984671875457
ExecutionTime = 173.55 s  ClockTime = 178 s

Time = 900

U0 initRes: 1.791747254987904e-06 finalRes: 9.312991132542717e-08 nIters: 3
U1 initRes: 5.015894682468858e-06 finalRes: 3.844679763501226e-07 nIters: 3
U2 initRes: 1.212825408731146e-05 finalRes: 1.122496810277667e-06 nIters: 2
p initRes: 0.0002258469115340401 finalRes: 1.308014729836482e-05 nIters: 1
Time step continuity errors : sum local = 0.0002225204636324431
                                 global = -5.457262329581404e-09
                             cumulative = -0.1053117955998497
T initRes: 1.582169279115769e-05 finalRes: 7.370603462477651e-07 nIters: 3
nuTilda initRes: 0.0002619012486843116 finalRes: 5.937757697304049e-06 nIters: 2
TP1: 88.11809563422177 final: 88.11809563422177
TP2: 35.77318808206175 final: 35.77318808206175
HFX: 301.8106619482388 final: 301.8106619482388
yPlus min: 1.846000584456373 max: 55.32501447969631 mean: 23.66984671875701
ExecutionTime = 173.93 s  ClockTime = 178 s

Time = 1000

U0 initRes: 1.791747255062983e-06 finalRes: 9.312991132784452e-08 nIters: 3
U1 initRes: 5.015894682332894e-06 finalRes: 3.844679763564082e-07 nIters: 3
U2 initRes: 1.212825408702294e-05 finalRes: 1.12249681021208e-06 nIters: 2
p initRes: 0.0002258469115295304 finalRes: 1.308014729941309e-05 nIters: 1
Time step continuity errors : sum local = 0.0002225204635815062
                                 global = -5.457414600243462e-09
                             cumulative = -0.1053118010572643
T initRes: 1.582169278931995e-05 finalRes: 7.370603467267733e-07 nIters: 3
nuTilda initRes: 0.0002619012486843337 finalRes: 5.937757697323959e-06 nIters: 2
TP1: 88.11809563421829 final: 88.11809563421829
TP2: 35.7731880820596 final: 35.7731880820596
HFX: 301.8106619482311 final: 301.8106619482311
yPlus min: 1.846000584455245 max: 55.3250144796942 mean: 23.6698467187562
ExecutionTime = 174.3 s  ClockTime = 179 s

End

Moving time 1000 to 0.0044
Printing Primal Residual Statistics.
U Residual Norm2: (25.52941085365608 24.0286002676176 10.58618561941593)
U Residual Mean: (0.03067419144356899 0.02707527065489157 0.01097856099519508)
U Residual Max: (13.5870277738887 10.93845744593057 8.333413013223421)
p Residual Norm2: 8.626362803878493
p Residual Mean: 0.0133284104247619
p Residual Max: 3.164443718921013
T Residual Norm2: 41.18098845081614
T Residual Mean: 0.04551365224463084
T Residual Max: 21.37009170979309
nuTilda Residual Norm2: 0.6514845634652116
nuTilda Residual Mean: 0.0004286137988928717
nuTilda Residual Max: 0.52795042591095
phi Residual Norm2: 0.06462297058439917
phi Residual Mean: 2.57097560445199e-05
phi Residual Max: 0.04467125073144372
Total Residual Norm2: 55.78448107314082
 
 
DAInputVolCoord. 
Setting volume coordinates. 
Checking mesh quality for time = 1000
    Overall domain bounding box (-1.801721207678371e-10 -0.09450000000000007 -1.139667230838203e-07) (0.8445000000000003 0.09450000000000008 0.03750000000000003)
    Mesh has 3 geometric (non-empty/wedge) directions (1 1 1)
    Mesh has 3 solution (non-empty) directions (1 1 1)
    Boundary openness (1.390098988219946e-17 -2.010712730014018e-17 -9.739068883296837e-17) OK.
    Max cell openness = 4.312985034105053e-16 OK.
    Max aspect ratio = 69.08288552273999 OK.
    Minimum face area = 1.673117199454974e-06. Maximum face area = 0.001155838013782884.  Face area magnitudes OK.
    Min volume = 5.87998498207849e-09. Max volume = 1.309214607369186e-05.  Total volume = 0.004719832452955737.  Cell volumes OK.
    Mesh non-orthogonality Max: 3.5123559283117 average: 0.2801194556891659
    Non-orthogonality check OK.
    Face pyramids OK.
    Max skewness = 0.2181378429576209 OK.
    Coupled point location match (average 0) OK.

Mesh OK.

Running Primal Solver 045
Previous solution time 1000 not found and nothing deleted.
No finite volume options present

Starting time loop

Time = 1

U0 initRes: 1.893355794234544e-06 finalRes: 9.438689478884318e-08 nIters: 3
U1 initRes: 6.668063688949436e-06 finalRes: 4.018362175922142e-07 nIters: 3
U2 initRes: 3.017585825638933e-05 finalRes: 2.180887451549114e-06 nIters: 2
p initRes: 0.0002687040629822297 finalRes: 1.507715807545007e-05 nIters: 2
Time step continuity errors : sum local = 0.0002564969099089077
                                 global = 3.02354515111736e-05
                             cumulative = -0.1052815656057532
T initRes: 1.591444595943533e-05 finalRes: 7.455754186735378e-07 nIters: 3
nuTilda initRes: 0.0002066840514744077 finalRes: 6.568353003307832e-06 nIters: 2
TP1: 88.12019786709041 final: 88.12019786709041
TP2: 35.77325477425024 final: 35.77325477425024
HFX: 301.8100383630203 final: 301.8100383630203
yPlus min: 1.854258336789728 max: 55.32501946678014 mean: 23.67049430456789
ExecutionTime = 174.43 s  ClockTime = 179 s

Time = 100

U0 initRes: 1.801334194616067e-06 finalRes: 9.39173635708312e-08 nIters: 3
U1 initRes: 5.044619422403824e-06 finalRes: 3.864380388808215e-07 nIters: 3
U2 initRes: 1.206592476439742e-05 finalRes: 1.10948959625991e-06 nIters: 2
p initRes: 0.0002261799453158594 finalRes: 1.326489234707497e-05 nIters: 1
Time step continuity errors : sum local = 0.000225665355963242
                                 global = 2.990657812331742e-06
                             cumulative = -0.1052785749479408
T initRes: 1.58185415021549e-05 finalRes: 7.373047334509954e-07 nIters: 3
nuTilda initRes: 0.0002615374181465714 finalRes: 5.933819282780823e-06 nIters: 2
TP1: 88.11869309223795 final: 88.11869309223795
TP2: 35.77318640050019 final: 35.77318640050019
HFX: 301.8128543287219 final: 301.8128543287219
yPlus min: 1.845963713285036 max: 55.32507765869173 mean: 23.66993286733586
ExecutionTime = 174.79 s  ClockTime = 179 s

Time = 200

U0 initRes: 1.792206276788715e-06 finalRes: 9.377389241838821e-08 nIters: 3
U1 initRes: 5.035583304077571e-06 finalRes: 3.862177658719868e-07 nIters: 3
U2 initRes: 1.202708884866174e-05 finalRes: 1.107556413849312e-06 nIters: 2
p initRes: 0.0002257297581483951 finalRes: 1.305598891488011e-05 nIters: 1
Time step continuity errors : sum local = 0.0002221112650414088
                                 global = -3.020213986200072e-07
                             cumulative = -0.1052788769693395
T initRes: 1.580898983390754e-05 finalRes: 7.374991450971203e-07 nIters: 3
nuTilda initRes: 0.0002615233577673855 finalRes: 5.933120059538486e-06 nIters: 2
TP1: 88.11866316515335 final: 88.11866316515335
TP2: 35.77314103982309 final: 35.77314103982309
HFX: 301.8127898505711 final: 301.8127898505711
yPlus min: 1.845958315652397 max: 55.32506385381955 mean: 23.66992497319852
ExecutionTime = 175.15 s  ClockTime = 180 s

Time = 300

U0 initRes: 1.791829502476056e-06 finalRes: 9.377176651778423e-08 nIters: 3
U1 initRes: 5.035480457475501e-06 finalRes: 3.862125593987028e-07 nIters: 3
U2 initRes: 1.202647313795348e-05 finalRes: 1.107541532062978e-06 nIters: 2
p initRes: 0.0002257040847419191 finalRes: 1.303966138321871e-05 nIters: 1
Time step continuity errors : sum local = 0.0002218335003346384
                                 global = -7.05642670283166e-08
                             cumulative = -0.1052789475336065
T initRes: 1.580886637527509e-05 finalRes: 7.375287941622965e-07 nIters: 3
nuTilda initRes: 0.0002615230545035012 finalRes: 5.933099251920921e-06 nIters: 2
TP1: 88.11866772409336 final: 88.11866772409336
TP2: 35.7731442356297 final: 35.7731442356297
HFX: 301.8127952608349 final: 301.8127952608349
yPlus min: 1.845957509703199 max: 55.3250650335074 mean: 23.66992535422072
ExecutionTime = 175.51 s  ClockTime = 180 s

Time = 400

U0 initRes: 1.791843411181837e-06 finalRes: 9.37709117953609e-08 nIters: 3
U1 initRes: 5.035490799929143e-06 finalRes: 3.862115132026817e-07 nIters: 3
U2 initRes: 1.202646322420831e-05 finalRes: 1.107548005687024e-06 nIters: 2
p initRes: 0.0002257010406025119 finalRes: 1.303673180003163e-05 nIters: 1
Time step continuity errors : sum local = 0.0002217836628111058
                                 global = -7.793419900285423e-08
                             cumulative = -0.1052790254678055
T initRes: 1.580886516895063e-05 finalRes: 7.375233286110704e-07 nIters: 3
nuTilda initRes: 0.000261523015745384 finalRes: 5.933098159734287e-06 nIters: 2
TP1: 88.11866730463518 final: 88.11866730463518
TP2: 35.77314414389655 final: 35.77314414389655
HFX: 301.8127951747007 final: 301.8127951747007
yPlus min: 1.845957410718511 max: 55.32506507637479 mean: 23.66992537507339
ExecutionTime = 175.86 s  ClockTime = 181 s

Time = 500

U0 initRes: 1.791844342063581e-06 finalRes: 9.377105941590128e-08 nIters: 3
U1 initRes: 5.035482471102812e-06 finalRes: 3.862112873172811e-07 nIters: 3
U2 initRes: 1.202645402528758e-05 finalRes: 1.107547052173018e-06 nIters: 2
p initRes: 0.0002257009030634386 finalRes: 1.303657894539272e-05 nIters: 1
Time step continuity errors : sum local = 0.00022178106220624
                                 global = -8.065696062197627e-08
                             cumulative = -0.1052791061247661
T initRes: 1.580886146560416e-05 finalRes: 7.375240260032672e-07 nIters: 3
nuTilda initRes: 0.0002615230091542134 finalRes: 5.933097580750733e-06 nIters: 2
TP1: 88.11866732818696 final: 88.11866732818696
TP2: 35.77314409941506 final: 35.77314409941506
HFX: 301.8127951138429 final: 301.8127951138429
yPlus min: 1.845957454508749 max: 55.32506505629234 mean: 23.66992536728388
ExecutionTime = 176.19 s  ClockTime = 181 s

Time = 600

U0 initRes: 1.791843288880178e-06 finalRes: 9.377103035899517e-08 nIters: 3
U1 initRes: 5.035484009051811e-06 finalRes: 3.862113594146819e-07 nIters: 3
U2 initRes: 1.202645627309526e-05 finalRes: 1.107547118947466e-06 nIters: 2
p initRes: 0.0002257008542928289 finalRes: 1.303660907921585e-05 nIters: 1
Time step continuity errors : sum local = 0.0002217815748809309
                                 global = -7.989222317214564e-08
                             cumulative = -0.1052791860169893
T initRes: 1.580886202106994e-05 finalRes: 7.375239620958217e-07 nIters: 3
nuTilda initRes: 0.0002615230109307651 finalRes: 5.933097680528527e-06 nIters: 2
TP1: 88.11866732944257 final: 88.11866732944257
TP2: 35.77314411111508 final: 35.77314411111508
HFX: 301.8127951266965 final: 301.8127951266965
yPlus min: 1.84595744689397 max: 55.32506505889482 mean: 23.66992536840582
ExecutionTime = 176.56 s  ClockTime = 181 s

Time = 700

U0 initRes: 1.791843489571691e-06 finalRes: 9.377103219875216e-08 nIters: 3
U1 initRes: 5.03548388155471e-06 finalRes: 3.862113513122297e-07 nIters: 3
U2 initRes: 1.202645608185957e-05 finalRes: 1.107547130417034e-06 nIters: 2
p initRes: 0.0002257008592827666 finalRes: 1.303660433323659e-05 nIters: 1
Time step continuity errors : sum local = 0.0002217814941628355
                                 global = -7.998569121616232e-08
                             cumulative = -0.1052792660026805
T initRes: 1.580886199714125e-05 finalRes: 7.375239552399399e-07 nIters: 3
nuTilda initRes: 0.0002615230107625796 finalRes: 5.933097678731371e-06 nIters: 2
TP1: 88.11866732883109 final: 88.11866732883109
TP2: 35.77314410977154 final: 35.77314410977154
HFX: 301.8127951252139 final: 301.8127951252139
yPlus min: 1.8459574474844 max: 55.32506505874259 mean: 23.66992536832788
ExecutionTime = 176.91 s  ClockTime = 182 s

Time = 800

U0 initRes: 1.791843470499207e-06 finalRes: 9.377103253477924e-08 nIters: 3
U1 initRes: 5.035483872509591e-06 finalRes: 3.862113511782725e-07 nIters: 3
U2 initRes: 1.202645606189975e-05 finalRes: 1.107547126055992e-06 nIters: 2
p initRes: 0.0002257008593181921 finalRes: 1.303660445355033e-05 nIters: 1
Time step continuity errors : sum local = 0.0002217814961713677
                                 global = -7.998311815634394e-08
                             cumulative = -0.1052793459857986
T initRes: 1.580886199007159e-05 finalRes: 7.375239586330259e-07 nIters: 3
nuTilda initRes: 0.0002615230107519839 finalRes: 5.933097676295738e-06 nIters: 2
TP1: 88.118667328954 final: 88.118667328954
TP2: 35.77314410979064 final: 35.77314410979064
HFX: 301.8127951253047 final: 301.8127951253047
yPlus min: 1.845957447544211 max: 55.3250650587389 mean: 23.66992536832753
ExecutionTime = 177.28 s  ClockTime = 182 s

Time = 900

U0 initRes: 1.791843469539834e-06 finalRes: 9.377103242835357e-08 nIters: 3
U1 initRes: 5.035483877370842e-06 finalRes: 3.862113514266465e-07 nIters: 3
U2 initRes: 1.20264560707596e-05 finalRes: 1.10754712665181e-06 nIters: 2
p initRes: 0.000225700859188859 finalRes: 1.303660455127071e-05 nIters: 1
Time step continuity errors : sum local = 0.0002217814977692242
                                 global = -7.998176434183329e-08
                             cumulative = -0.105279425967563
T initRes: 1.580886199304939e-05 finalRes: 7.375239563872056e-07 nIters: 3
nuTilda initRes: 0.0002615230107585651 finalRes: 5.933097676851614e-06 nIters: 2
TP1: 88.11866732893382 final: 88.11866732893382
TP2: 35.77314410981386 final: 35.77314410981386
HFX: 301.8127951253068 final: 301.8127951253068
yPlus min: 1.845957447516942 max: 55.32506505873866 mean: 23.66992536832772
ExecutionTime = 177.64 s  ClockTime = 182 s

Time = 1000

U0 initRes: 1.791843470260984e-06 finalRes: 9.377103243847392e-08 nIters: 3
U1 initRes: 5.035483876605738e-06 finalRes: 3.862113513758415e-07 nIters: 3
U2 initRes: 1.202645606932568e-05 finalRes: 1.107547126613697e-06 nIters: 2
p initRes: 0.0002257008592118125 finalRes: 1.303660452473563e-05 nIters: 1
Time step continuity errors : sum local = 0.0002217814973727377
                                 global = -7.998207144223761e-08
                             cumulative = -0.1052795059496344
T initRes: 1.580886199159648e-05 finalRes: 7.375239577931481e-07 nIters: 3
nuTilda initRes: 0.0002615230107574912 finalRes: 5.933097676807393e-06 nIters: 2
TP1: 88.11866732893603 final: 88.11866732893603
TP2: 35.77314410980912 final: 35.77314410980912
HFX: 301.8127951253038 final: 301.8127951253038
yPlus min: 1.845957447520071 max: 55.32506505873913 mean: 23.6699253683278
ExecutionTime = 178.15 s  ClockTime = 183 s

End

Moving time 1000 to 0.0045
Printing Primal Residual Statistics.
U Residual Norm2: (25.54721028267907 24.00815878675581 10.62447360953887)
U Residual Mean: (0.03059171334840338 0.0270976614503416 0.01095563614854477)
U Residual Max: (13.58392172833308 10.9248386454515 8.384144041881239)
p Residual Norm2: 8.615921103135991
p Residual Mean: 0.01332142116746563
p Residual Max: 3.161500586515059
T Residual Norm2: 41.15868210160108
T Residual Mean: 0.04547334516204796
T Residual Max: 21.39171776337579
nuTilda Residual Norm2: 0.6515554297648305
nuTilda Residual Mean: 0.0004285307081752847
nuTilda Residual Max: 0.5281996640787712
phi Residual Norm2: 0.06463017166351281
phi Residual Mean: 2.564955320449413e-05
phi Residual Max: 0.04469170177187069
Total Residual Norm2: 55.77303103983643
 
 
DAInputVolCoord. 
Setting volume coordinates. 
Checking mesh quality for time = 1000
    Overall domain bounding box (3.133670182942392e-39 -0.09450000000000007 -8.554867474481912e-08) (0.8445000000000003 0.09450000000000008 0.03750000000000003)
    Mesh has 3 geometric (non-empty/wedge) directions (1 1 1)
    Mesh has 3 solution (non-empty) directions (1 1 1)
    Boundary openness (2.0896783990337e-18 -7.190613894255906e-18 -2.198913467993751e-16) OK.
    Max cell openness = 4.943975615574104e-16 OK.
    Max aspect ratio = 69.08288552251888 OK.
    Minimum face area = 1.673111838054468e-06. Maximum face area = 0.001155838045580046.  Face area magnitudes OK.
    Min volume = 5.879917391541642e-09. Max volume = 1.309214665160992e-05.  Total volume = 0.004719833795021916.  Cell volumes OK.
    Mesh non-orthogonality Max: 3.512307402135142 average: 0.2800012416645908
    Non-orthogonality check OK.
    Face pyramids OK.
    Max skewness = 0.2181353050587995 OK.
    Coupled point location match (average 0) OK.

Mesh OK.

Running Primal Solver 046
Previous solution time 1000 not found and nothing deleted.
No finite volume options present

Starting time loop

Time = 1

U0 initRes: 1.866651138438094e-06 finalRes: 9.585887790680188e-08 nIters: 3
U1 initRes: 6.86519592013698e-06 finalRes: 4.069737439659533e-07 nIters: 3
U2 initRes: 2.311585540468091e-05 finalRes: 1.936921838645239e-06 nIters: 2
p initRes: 0.0002620453189905767 finalRes: 2.227612663514835e-05 nIters: 1
Time step continuity errors : sum local = 0.0003789717596941979
                                 global = 3.086732206284787e-07
                             cumulative = -0.1052791972764138
T initRes: 1.591184620553501e-05 finalRes: 7.46737704875214e-07 nIters: 3
nuTilda initRes: 0.0002065656087473032 finalRes: 6.539249636849906e-06 nIters: 2
TP1: 88.11866723223322 final: 88.11866723223322
TP2: 35.77314491142868 final: 35.77314491142868
HFX: 301.8123472418606 final: 301.8123472418606
yPlus min: 1.854378814344602 max: 55.32506328634832 mean: 23.67055976990866
ExecutionTime = 178.28 s  ClockTime = 183 s

Time = 100

U0 initRes: 1.817605303302401e-06 finalRes: 9.410378116708537e-08 nIters: 3
U1 initRes: 5.056521542771579e-06 finalRes: 3.854898941807157e-07 nIters: 3
U2 initRes: 1.224746839987602e-05 finalRes: 1.124713436980706e-06 nIters: 2
p initRes: 0.0002267198517859773 finalRes: 1.350329698485247e-05 nIters: 1
Time step continuity errors : sum local = 0.0002297201738766071
                                 global = -2.563487073896112e-07
                             cumulative = -0.1052794536251212
T initRes: 1.584142920352832e-05 finalRes: 7.383413218609303e-07 nIters: 3
nuTilda initRes: 0.0002619031630729066 finalRes: 5.93989941842634e-06 nIters: 2
TP1: 88.11826536656324 final: 88.11826536656324
TP2: 35.7731451704809 final: 35.7731451704809
HFX: 301.8124371126668 final: 301.8124371126668
yPlus min: 1.845969162714845 max: 55.32505510461728 mean: 23.66988123106033
ExecutionTime = 178.65 s  ClockTime = 183 s

Time = 200

U0 initRes: 1.792445587836794e-06 finalRes: 9.321869038065844e-08 nIters: 3
U1 initRes: 5.016347612334083e-06 finalRes: 3.844227615313097e-07 nIters: 3
U2 initRes: 1.212890911132202e-05 finalRes: 1.122304148682062e-06 nIters: 2
p initRes: 0.0002258631022585918 finalRes: 1.314728162647946e-05 nIters: 1
Time step continuity errors : sum local = 0.0002236637202653678
                                 global = 5.07511617377904e-07
                             cumulative = -0.1052789461135038
T initRes: 1.582128074814175e-05 finalRes: 7.370669565182248e-07 nIters: 3
nuTilda initRes: 0.000261863412203775 finalRes: 5.937361809573027e-06 nIters: 2
TP1: 88.11827953341113 final: 88.11827953341113
TP2: 35.77315050065607 final: 35.77315050065607
HFX: 301.8123997323321 final: 301.8123997323321
yPlus min: 1.845989402495854 max: 55.32503219388479 mean: 23.66988022881899
ExecutionTime = 179 s  ClockTime = 184 s

Time = 300

U0 initRes: 1.791648426320494e-06 finalRes: 9.321532719733106e-08 nIters: 3
U1 initRes: 5.016830258063041e-06 finalRes: 3.844608892007349e-07 nIters: 3
U2 initRes: 1.212753701511173e-05 finalRes: 1.12217665654345e-06 nIters: 2
p initRes: 0.0002258411258432755 finalRes: 1.312086784051395e-05 nIters: 1
Time step continuity errors : sum local = 0.0002232143638887111
                                 global = 4.601924108476466e-07
                             cumulative = -0.105278485921093
T initRes: 1.582103687256208e-05 finalRes: 7.369933116356631e-07 nIters: 3
nuTilda initRes: 0.0002618596065349399 finalRes: 5.937209889420499e-06 nIters: 2
TP1: 88.11827018724959 final: 88.11827018724959
TP2: 35.77314978118215 final: 35.77314978118215
HFX: 301.8123979832409 final: 301.8123979832409
yPlus min: 1.845986193915889 max: 55.32503110165147 mean: 23.66988010789181
ExecutionTime = 179.36 s  ClockTime = 184 s

Time = 400

U0 initRes: 1.791626273565152e-06 finalRes: 9.321723801986018e-08 nIters: 3
U1 initRes: 5.016860897933981e-06 finalRes: 3.844659039387383e-07 nIters: 3
U2 initRes: 1.212734141247104e-05 finalRes: 1.122150465685279e-06 nIters: 2
p initRes: 0.0002258415270193468 finalRes: 1.311959543525564e-05 nIters: 1
Time step continuity errors : sum local = 0.000223192717482991
                                 global = 4.849789892326228e-07
                             cumulative = -0.1052780009421037
T initRes: 1.582101250652025e-05 finalRes: 7.36999779501983e-07 nIters: 3
nuTilda initRes: 0.0002618595853636953 finalRes: 5.937216073142428e-06 nIters: 2
TP1: 88.11827115359385 final: 88.11827115359385
TP2: 35.77315014195583 final: 35.77315014195583
HFX: 301.8123986964184 final: 301.8123986964184
yPlus min: 1.845986153250456 max: 55.32503120618478 mean: 23.6698801262302
ExecutionTime = 179.71 s  ClockTime = 184 s

Time = 500

U0 initRes: 1.791623516328018e-06 finalRes: 9.32173788520638e-08 nIters: 3
U1 initRes: 5.016867728358979e-06 finalRes: 3.844662146722044e-07 nIters: 3
U2 initRes: 1.212733962560706e-05 finalRes: 1.122149878325612e-06 nIters: 2
p initRes: 0.0002258415643338787 finalRes: 1.311955707960999e-05 nIters: 1
Time step continuity errors : sum local = 0.0002231920647741853
                                 global = 4.807720396003888e-07
                             cumulative = -0.1052775201700641
T initRes: 1.582101258888118e-05 finalRes: 7.369997498360141e-07 nIters: 3
nuTilda initRes: 0.0002618595854055771 finalRes: 5.937215962752323e-06 nIters: 2
TP1: 88.11827101573925 final: 88.11827101573925
TP2: 35.77315008658967 final: 35.77315008658967
HFX: 301.8123985140169 final: 301.8123985140169
yPlus min: 1.845986117458248 max: 55.32503115742612 mean: 23.66988010757771
ExecutionTime = 180.05 s  ClockTime = 185 s

Time = 600

U0 initRes: 1.791623125323204e-06 finalRes: 9.321733361670552e-08 nIters: 3
U1 initRes: 5.016869583709896e-06 finalRes: 3.844662407724938e-07 nIters: 3
U2 initRes: 1.212734038306519e-05 finalRes: 1.122150013408385e-06 nIters: 2
p initRes: 0.0002258415797637379 finalRes: 1.311953291396709e-05 nIters: 1
Time step continuity errors : sum local = 0.0002231916536737068
                                 global = 4.815919713467406e-07
                             cumulative = -0.1052770385780928
T initRes: 1.58210125292469e-05 finalRes: 7.369997383090368e-07 nIters: 3
nuTilda initRes: 0.0002618595855764282 finalRes: 5.93721600904302e-06 nIters: 2
TP1: 88.11827101827571 final: 88.11827101827571
TP2: 35.77315009898484 final: 35.77315009898484
HFX: 301.8123985379929 final: 301.8123985379929
yPlus min: 1.84598611184338 max: 55.32503116426295 mean: 23.66988011005719
ExecutionTime = 180.77 s  ClockTime = 186 s

Time = 700

U0 initRes: 1.791623066363076e-06 finalRes: 9.321733730893398e-08 nIters: 3
U1 initRes: 5.016869549879923e-06 finalRes: 3.844662479096068e-07 nIters: 3
U2 initRes: 1.212734020588073e-05 finalRes: 1.122149993260265e-06 nIters: 2
p initRes: 0.0002258415786010197 finalRes: 1.311953261306238e-05 nIters: 1
Time step continuity errors : sum local = 0.0002231916486406633
                                 global = 4.815770541049305e-07
                             cumulative = -0.1052765570010387
T initRes: 1.582101253504028e-05 finalRes: 7.369997334287424e-07 nIters: 3
nuTilda initRes: 0.0002618595855987176 finalRes: 5.937216014049737e-06 nIters: 2
TP1: 88.11827101937543 final: 88.11827101937543
TP2: 35.77315009888968 final: 35.77315009888968
HFX: 301.8123985365718 final: 301.8123985365718
yPlus min: 1.845986112120162 max: 55.32503116390313 mean: 23.66988010990098
ExecutionTime = 181.13 s  ClockTime = 186 s

Time = 800

U0 initRes: 1.791623059976204e-06 finalRes: 9.321733647493363e-08 nIters: 3
U1 initRes: 5.016869576877328e-06 finalRes: 3.844662479558509e-07 nIters: 3
U2 initRes: 1.212734022721894e-05 finalRes: 1.122149996196303e-06 nIters: 2
p initRes: 0.0002258415785036558 finalRes: 1.311953265125402e-05 nIters: 1
Time step continuity errors : sum local = 0.0002231916492508279
                                 global = 4.815747415712699e-07
                             cumulative = -0.1052760754262971
T initRes: 1.582101253823806e-05 finalRes: 7.369997351443559e-07 nIters: 3
nuTilda initRes: 0.0002618595856035702 finalRes: 5.937216012933557e-06 nIters: 2
TP1: 88.11827101903884 final: 88.11827101903884
TP2: 35.77315009886863 final: 35.77315009886863
HFX: 301.8123985365004 final: 301.8123985365004
yPlus min: 1.845986112028377 max: 55.32503116391516 mean: 23.6698801099045
ExecutionTime = 181.48 s  ClockTime = 186 s

Time = 900

U0 initRes: 1.791623059136532e-06 finalRes: 9.32173364254497e-08 nIters: 3
U1 initRes: 5.016869575618441e-06 finalRes: 3.844662479484512e-07 nIters: 3
U2 initRes: 1.212734022586322e-05 finalRes: 1.122149996253757e-06 nIters: 2
p initRes: 0.0002258415784806435 finalRes: 1.31195326364197e-05 nIters: 1
Time step continuity errors : sum local = 0.0002231916490216458
                                 global = 4.815762304392845e-07
                             cumulative = -0.1052755938500667
T initRes: 1.582101253636863e-05 finalRes: 7.369997333838583e-07 nIters: 3
nuTilda initRes: 0.0002618595856037595 finalRes: 5.937216013064854e-06 nIters: 2
TP1: 88.11827101908978 final: 88.11827101908978
TP2: 35.77315009889058 final: 35.77315009889058
HFX: 301.8123985365489 final: 301.8123985365489
yPlus min: 1.845986112035332 max: 55.3250311639291 mean: 23.66988010990917
ExecutionTime = 181.82 s  ClockTime = 187 s

Time = 1000

U0 initRes: 1.791623059110322e-06 finalRes: 9.321733643227917e-08 nIters: 3
U1 initRes: 5.016869575438268e-06 finalRes: 3.84466247952344e-07 nIters: 3
U2 initRes: 1.212734022514331e-05 finalRes: 1.122149996172395e-06 nIters: 2
p initRes: 0.0002258415784838487 finalRes: 1.311953264856955e-05 nIters: 1
Time step continuity errors : sum local = 0.0002231916491867645
                                 global = 4.815759800929308e-07
                             cumulative = -0.1052751122740866
T initRes: 1.582101253673358e-05 finalRes: 7.369997326443701e-07 nIters: 3
nuTilda initRes: 0.0002618595856038135 finalRes: 5.937216013036175e-06 nIters: 2
TP1: 88.11827101908582 final: 88.11827101908582
TP2: 35.77315009888712 final: 35.77315009888712
HFX: 301.8123985365397 final: 301.8123985365397
yPlus min: 1.845986112035449 max: 55.32503116392716 mean: 23.66988010990841
ExecutionTime = 182.28 s  ClockTime = 187 s

End

Moving time 1000 to 0.0046
Printing Primal Residual Statistics.
U Residual Norm2: (25.52730822678461 24.02648806712343 10.58553048496544)
U Residual Mean: (0.03067288590457681 0.02707948436017365 0.01097686811790154)
U Residual Max: (13.58700237955529 10.93763356097369 8.333253086674514)
p Residual Norm2: 8.625943221325398
p Residual Mean: 0.0133279611652835
p Residual Max: 3.16459749363958
T Residual Norm2: 41.17858824173708
T Residual Mean: 0.04551065060994675
T Residual Max: 21.36953585977873
nuTilda Residual Norm2: 0.651442769026586
nuTilda Residual Mean: 0.0004285811363499613
nuTilda Residual Max: 0.5279243858924083
phi Residual Norm2: 0.06462146604539371
phi Residual Mean: 2.571556517197259e-05
phi Residual Max: 0.04467132565044785
Total Residual Norm2: 55.78064744558161
 
 
DAInputVolCoord. 
Setting volume coordinates. 
Checking mesh quality for time = 1000
    Overall domain bounding box (-2.541573666708034e-10 -0.09450000000000007 -2.118947067335717e-07) (0.8445000000000003 0.09450000000000008 0.03750000000000003)
    Mesh has 3 geometric (non-empty/wedge) directions (1 1 1)
    Mesh has 3 solution (non-empty) directions (1 1 1)
    Boundary openness (7.890379198016876e-18 -1.267227018832062e-18 -2.306923178272106e-17) OK.
    Max cell openness = 5.227396746137535e-16 OK.
    Max aspect ratio = 69.08288552271628 OK.
    Minimum face area = 1.673105643710276e-06. Maximum face area = 0.001155838024661563.  Face area magnitudes OK.
    Min volume = 5.879984965330133e-09. Max volume = 1.309214617879536e-05.  Total volume = 0.004719833250309352.  Cell volumes OK.
    Mesh non-orthogonality Max: 3.516836726386952 average: 0.2801693665380148
    Non-orthogonality check OK.
    Face pyramids OK.
    Max skewness = 0.2181344583983437 OK.
    Coupled point location match (average 0) OK.

Mesh OK.

Running Primal Solver 047
Previous solution time 1000 not found and nothing deleted.
No finite volume options present

Starting time loop

Time = 1

U0 initRes: 1.873895633123489e-06 finalRes: 9.474288304083546e-08 nIters: 3
U1 initRes: 7.233453380158854e-06 finalRes: 4.1353112695327e-07 nIters: 3
U2 initRes: 2.721620329417122e-05 finalRes: 2.223434453770925e-06 nIters: 2
p initRes: 0.0002704135296613745 finalRes: 9.18058895540124e-06 nIters: 2
Time step continuity errors : sum local = 0.000156184683312984
                                 global = 1.00948889136081e-05
                             cumulative = -0.105265017385173
T initRes: 1.588425017748225e-05 finalRes: 7.460099384160121e-07 nIters: 3
nuTilda initRes: 0.0002066196683076083 finalRes: 6.56448406098204e-06 nIters: 2
TP1: 88.11893864951189 final: 88.11893864951189
TP2: 35.7731729807392 final: 35.7731729807392
HFX: 301.811720180561 final: 301.811720180561
yPlus min: 1.854277948447887 max: 55.32503619881597 mean: 23.6705263944081
ExecutionTime = 182.54 s  ClockTime = 187 s

Time = 100

U0 initRes: 1.817388399528091e-06 finalRes: 9.435248371925734e-08 nIters: 3
U1 initRes: 5.068184375728308e-06 finalRes: 3.872214700855281e-07 nIters: 3
U2 initRes: 1.216522901239193e-05 finalRes: 1.112920218294202e-06 nIters: 2
p initRes: 0.0002264524213235794 finalRes: 1.332754650360933e-05 nIters: 1
Time step continuity errors : sum local = 0.0002267300735085415
                                 global = 4.554024105656996e-07
                             cumulative = -0.1052645619827624
T initRes: 1.58341923430279e-05 finalRes: 7.371024447548749e-07 nIters: 3
nuTilda initRes: 0.0002616023828614461 finalRes: 5.936960136346214e-06 nIters: 2
TP1: 88.11838735120558 final: 88.11838735120558
TP2: 35.77318913716819 final: 35.77318913716819
HFX: 301.8110041850995 final: 301.8110041850995
yPlus min: 1.845944739767526 max: 55.32502958266703 mean: 23.66989034850116
ExecutionTime = 182.89 s  ClockTime = 188 s

Time = 200

U0 initRes: 1.793334118977161e-06 finalRes: 9.381357615517778e-08 nIters: 3
U1 initRes: 5.037767915753531e-06 finalRes: 3.862661462643424e-07 nIters: 3
U2 initRes: 1.203111008630861e-05 finalRes: 1.107919498780287e-06 nIters: 2
p initRes: 0.0002258282970335042 finalRes: 1.31234497584524e-05 nIters: 1
Time step continuity errors : sum local = 0.0002232577692138117
                                 global = -1.718076675510219e-07
                             cumulative = -0.10526473379043
T initRes: 1.581091477924123e-05 finalRes: 7.376091634110955e-07 nIters: 3
nuTilda initRes: 0.0002615671185461581 finalRes: 5.933874100236299e-06 nIters: 2
TP1: 88.118501055197 final: 88.118501055197
TP2: 35.77317969722207 final: 35.77317969722207
HFX: 301.8110577478582 final: 301.8110577478582
yPlus min: 1.845978770512167 max: 55.32504803929323 mean: 23.66989185792537
ExecutionTime = 183.24 s  ClockTime = 188 s

Time = 300

U0 initRes: 1.792100167696407e-06 finalRes: 9.378166361082661e-08 nIters: 3
U1 initRes: 5.03761251068125e-06 finalRes: 3.86256170162384e-07 nIters: 3
U2 initRes: 1.20300545231252e-05 finalRes: 1.107883320653204e-06 nIters: 2
p initRes: 0.0002257310509337606 finalRes: 1.304724942944584e-05 nIters: 1
Time step continuity errors : sum local = 0.0002219614395462293
                                 global = 4.375188809741982e-08
                             cumulative = -0.1052646900385419
T initRes: 1.581034683117283e-05 finalRes: 7.375954338821162e-07 nIters: 3
nuTilda initRes: 0.0002615660682869642 finalRes: 5.933705171619027e-06 nIters: 2
TP1: 88.11849157379476 final: 88.11849157379476
TP2: 35.77318304858536 final: 35.77318304858536
HFX: 301.8110600354897 final: 301.8110600354897
yPlus min: 1.845972320667262 max: 55.32504866624389 mean: 23.66989208909182
ExecutionTime = 183.58 s  ClockTime = 188 s

Time = 400

U0 initRes: 1.792067836476936e-06 finalRes: 9.377850689647142e-08 nIters: 3
U1 initRes: 5.037488783007522e-06 finalRes: 3.862506131292446e-07 nIters: 3
U2 initRes: 1.202999931855043e-05 finalRes: 1.107896370570838e-06 nIters: 2
p initRes: 0.0002257229933822781 finalRes: 1.304212552462983e-05 nIters: 1
Time step continuity errors : sum local = 0.0002218742712914556
                                 global = -1.25186996070714e-08
                             cumulative = -0.1052647025572415
T initRes: 1.581028460048165e-05 finalRes: 7.375887760502557e-07 nIters: 3
nuTilda initRes: 0.0002615659268712872 finalRes: 5.933704487532677e-06 nIters: 2
TP1: 88.11849176119019 final: 88.11849176119019
TP2: 35.77318222715726 final: 35.77318222715726
HFX: 301.8110583907628 final: 301.8110583907628
yPlus min: 1.845972879479714 max: 55.32504831529892 mean: 23.66989194799039
ExecutionTime = 183.93 s  ClockTime = 189 s

Time = 500

U0 initRes: 1.792067024224812e-06 finalRes: 9.377895527323424e-08 nIters: 3
U1 initRes: 5.037487339409479e-06 finalRes: 3.862505056334158e-07 nIters: 3
U2 initRes: 1.20299911980988e-05 finalRes: 1.107894943445391e-06 nIters: 2
p initRes: 0.0002257225469070288 finalRes: 1.304149313529434e-05 nIters: 1
Time step continuity errors : sum local = 0.0002218635132569924
                                 global = -3.834931896108831e-09
                             cumulative = -0.1052647063921734
T initRes: 1.581028366540967e-05 finalRes: 7.375899018602601e-07 nIters: 3
nuTilda initRes: 0.0002615659261157146 finalRes: 5.933703540410657e-06 nIters: 2
TP1: 88.11849190443664 final: 88.11849190443664
TP2: 35.77318234363685 final: 35.77318234363685
HFX: 301.8110587129602 final: 301.8110587129602
yPlus min: 1.845972878563821 max: 55.32504839139254 mean: 23.66989197962354
ExecutionTime = 184.27 s  ClockTime = 189 s

Time = 600

U0 initRes: 1.792066621959703e-06 finalRes: 9.377888758254832e-08 nIters: 3
U1 initRes: 5.037489499726573e-06 finalRes: 3.862506371476322e-07 nIters: 3
U2 initRes: 1.202999351330123e-05 finalRes: 1.107894929663436e-06 nIters: 2
p initRes: 0.0002257224925361529 finalRes: 1.304150653324248e-05 nIters: 1
Time step continuity errors : sum local = 0.0002218637411353067
                                 global = -4.48568524188749e-09
                             cumulative = -0.1052647108778586
T initRes: 1.581028414865457e-05 finalRes: 7.37589694802048e-07 nIters: 3
nuTilda initRes: 0.0002615659274003524 finalRes: 5.933703616540718e-06 nIters: 2
TP1: 88.11849186999787 final: 88.11849186999787
TP2: 35.77318233596541 final: 35.77318233596541
HFX: 301.8110586717135 final: 301.8110586717135
yPlus min: 1.845972868763816 max: 55.32504838013001 mean: 23.66989197534653
ExecutionTime = 184.62 s  ClockTime = 189 s

Time = 700

U0 initRes: 1.792066625557466e-06 finalRes: 9.377888974523713e-08 nIters: 3
U1 initRes: 5.037489162574072e-06 finalRes: 3.862506170451271e-07 nIters: 3
U2 initRes: 1.202999321623573e-05 finalRes: 1.107894955098679e-06 nIters: 2
p initRes: 0.0002257224932460164 finalRes: 1.304150579170097e-05 nIters: 1
Time step continuity errors : sum local = 0.0002218637285376392
                                 global = -4.476299872148562e-09
                             cumulative = -0.1052647153541585
T initRes: 1.58102840778082e-05 finalRes: 7.375897069767416e-07 nIters: 3
nuTilda initRes: 0.0002615659271749665 finalRes: 5.933703618608297e-06 nIters: 2
TP1: 88.11849187482784 final: 88.11849187482784
TP2: 35.77318233595704 final: 35.77318233595704
HFX: 301.8110586749998 final: 301.8110586749998
yPlus min: 1.845972870575779 max: 55.32504838123781 mean: 23.66989197573105
ExecutionTime = 184.97 s  ClockTime = 190 s

Time = 800

U0 initRes: 1.792066631166495e-06 finalRes: 9.377889075565479e-08 nIters: 3
U1 initRes: 5.037489183703723e-06 finalRes: 3.862506182899676e-07 nIters: 3
U2 initRes: 1.202999322163902e-05 finalRes: 1.107894949564768e-06 nIters: 2
p initRes: 0.0002257224934690752 finalRes: 1.304150531779315e-05 nIters: 1
Time step continuity errors : sum local = 0.0002218637204404773
                                 global = -4.471869991147901e-09
                             cumulative = -0.1052647198260285
T initRes: 1.58102840787093e-05 finalRes: 7.375897087694969e-07 nIters: 3
nuTilda initRes: 0.0002615659271928137 finalRes: 5.933703616442418e-06 nIters: 2
TP1: 88.11849187441759 final: 88.11849187441759
TP2: 35.77318233601544 final: 35.77318233601544
HFX: 301.8110586750068 final: 301.8110586750068
yPlus min: 1.845972870419265 max: 55.32504838120408 mean: 23.66989197572407
ExecutionTime = 185.33 s  ClockTime = 190 s

Time = 900

U0 initRes: 1.792066629869586e-06 finalRes: 9.377889052489534e-08 nIters: 3
U1 initRes: 5.037489185707309e-06 finalRes: 3.862506184540547e-07 nIters: 3
U2 initRes: 1.202999322544409e-05 finalRes: 1.107894950021217e-06 nIters: 2
p initRes: 0.0002257224933996375 finalRes: 1.304150542288785e-05 nIters: 1
Time step continuity errors : sum local = 0.0002218637222450573
                                 global = -4.472629796231591e-09
                             cumulative = -0.1052647242986583
T initRes: 1.581028408150207e-05 finalRes: 7.375897072166235e-07 nIters: 3
nuTilda initRes: 0.0002615659271937979 finalRes: 5.933703616861454e-06 nIters: 2
TP1: 88.11849187441661 final: 88.11849187441661
TP2: 35.77318233600835 final: 35.77318233600835
HFX: 301.811058674946 final: 301.811058674946
yPlus min: 1.845972870417421 max: 55.32504838118926 mean: 23.66989197571791
ExecutionTime = 185.69 s  ClockTime = 191 s

Time = 1000

U0 initRes: 1.792066629983399e-06 finalRes: 9.377889054937345e-08 nIters: 3
U1 initRes: 5.037489185002973e-06 finalRes: 3.862506184038641e-07 nIters: 3
U2 initRes: 1.20299932248571e-05 finalRes: 1.107894950056664e-06 nIters: 2
p initRes: 0.0002257224934082249 finalRes: 1.304150541495697e-05 nIters: 1
Time step continuity errors : sum local = 0.0002218637220451981
                                 global = -4.472519363323654e-09
                             cumulative = -0.1052647287711776
T initRes: 1.581028408152771e-05 finalRes: 7.375897066830102e-07 nIters: 3
nuTilda initRes: 0.0002615659271932513 finalRes: 5.933703616812059e-06 nIters: 2
TP1: 88.11849187442481 final: 88.11849187442481
TP2: 35.77318233600932 final: 35.77318233600932
HFX: 301.8110586749587 final: 301.8110586749587
yPlus min: 1.845972870421149 max: 55.32504838119341 mean: 23.66989197571952
ExecutionTime = 186.01 s  ClockTime = 191 s

End

Moving time 1000 to 0.0047
Printing Primal Residual Statistics.
U Residual Norm2: (25.54935588473958 24.01033149258695 10.6251178893676)
U Residual Mean: (0.03059664993445132 0.02710512497941462 0.01095785101729139)
U Residual Max: (13.58393830337774 10.92568076875094 8.384332908506007)
p Residual Norm2: 8.616433157549123
p Residual Mean: 0.01332233349972621
p Residual Max: 3.161357274576775
T Residual Norm2: 41.16116023195355
T Residual Mean: 0.04547637769766824
T Residual Max: 21.39228475010899
nuTilda Residual Norm2: 0.6515973399670697
nuTilda Residual Mean: 0.000428563061232721
nuTilda Residual Max: 0.5282256929784016
phi Residual Norm2: 0.06463118437933695
phi Residual Mean: 2.565641975085441e-05
phi Residual Max: 0.044691712632886
Total Residual Norm2: 55.77698022441214
 
 
DAInputVolCoord. 
Setting volume coordinates. 
Checking mesh quality for time = 1000
    Overall domain bounding box (4.299217813903958e-38 -0.09450000000000007 -2.843897113417205e-08) (0.8445000000000003 0.09450000000000008 0.03750000000000003)
    Mesh has 3 geometric (non-empty/wedge) directions (1 1 1)
    Mesh has 3 solution (non-empty) directions (1 1 1)
    Boundary openness (1.501713142872661e-17 -2.337837331456602e-17 -3.458980600751993e-17) OK.
    Max cell openness = 5.127648061906928e-16 OK.
    Max aspect ratio = 69.08288552329047 OK.
    Minimum face area = 1.67266489689242e-06. Maximum face area = 0.00115583820915459.  Face area magnitudes OK.
    Min volume = 5.879623074059284e-09. Max volume = 1.309214773150657e-05.  Total volume = 0.00471983355899764.  Cell volumes OK.
    Mesh non-orthogonality Max: 3.588794234591929 average: 0.281292897477089
    Non-orthogonality check OK.
    Face pyramids OK.
    Max skewness = 0.2181493285839477 OK.
    Coupled point location match (average 0) OK.

Mesh OK.

Running Primal Solver 048
Previous solution time 1000 not found and nothing deleted.
No finite volume options present

Starting time loop

Time = 1

U0 initRes: 2.337794686288996e-06 finalRes: 1.175233300531037e-07 nIters: 3
U1 initRes: 2.010757131043936e-05 finalRes: 8.603877174187365e-07 nIters: 3
U2 initRes: 8.87969064126684e-05 finalRes: 6.345197939500783e-06 nIters: 2
p initRes: 0.0004237421011268127 finalRes: 2.947251115758589e-05 nIters: 2
Time step continuity errors : sum local = 0.00050136393790195
                                 global = -0.0001625585917048794
                             cumulative = -0.1054272873628825
T initRes: 1.912105340363061e-05 finalRes: 1.895144497959798e-06 nIters: 2
nuTilda initRes: 0.0002113411195914469 finalRes: 6.888723195405255e-06 nIters: 2
TP1: 88.10774990614989 final: 88.10774990614989
TP2: 35.7728302903748 final: 35.7728302903748
HFX: 301.8109311907504 final: 301.8109311907504
yPlus min: 1.854754613702981 max: 55.32502830832465 mean: 23.67052129463885
ExecutionTime = 186.36 s  ClockTime = 191 s

Time = 100

U0 initRes: 1.863006258074732e-06 finalRes: 9.640056731868631e-08 nIters: 3
U1 initRes: 5.116989402157435e-06 finalRes: 3.877752095154865e-07 nIters: 3
U2 initRes: 1.235669739035003e-05 finalRes: 1.13657502265656e-06 nIters: 2
p initRes: 0.000227751594695007 finalRes: 1.387083504003621e-05 nIters: 1
Time step continuity errors : sum local = 0.0002359678197240699
                                 global = -8.980462415407978e-07
                             cumulative = -0.105428185409124
T initRes: 1.587543138193761e-05 finalRes: 7.391655780831588e-07 nIters: 3
nuTilda initRes: 0.0002618486197933506 finalRes: 5.941376700517313e-06 nIters: 2
TP1: 88.11822845860965 final: 88.11822845860965
TP2: 35.77312785022445 final: 35.77312785022445
HFX: 301.8126701555363 final: 301.8126701555363
yPlus min: 1.846085616711257 max: 55.32506223040762 mean: 23.66986151612563
ExecutionTime = 186.76 s  ClockTime = 192 s

Time = 200

U0 initRes: 1.791542737927768e-06 finalRes: 9.320384976119244e-08 nIters: 3
U1 initRes: 5.015835552617876e-06 finalRes: 3.843920915352513e-07 nIters: 3
U2 initRes: 1.212646855270048e-05 finalRes: 1.121875428980788e-06 nIters: 2
p initRes: 0.0002258611622599601 finalRes: 1.313924249204512e-05 nIters: 1
Time step continuity errors : sum local = 0.0002235223763592671
                                 global = 6.200300157983328e-07
                             cumulative = -0.1054275653791082
T initRes: 1.58153842439226e-05 finalRes: 7.370701401191828e-07 nIters: 3
nuTilda initRes: 0.0002617638034679069 finalRes: 5.935881414172503e-06 nIters: 2
TP1: 88.11824286763988 final: 88.11824286763988
TP2: 35.77315333824503 final: 35.77315333824503
HFX: 301.8126588246113 final: 301.8126588246113
yPlus min: 1.846038833478387 max: 55.32504681922148 mean: 23.66986584344793
ExecutionTime = 187.18 s  ClockTime = 192 s

Time = 300

U0 initRes: 1.791035383649991e-06 finalRes: 9.317382767675894e-08 nIters: 3
U1 initRes: 5.015516384868787e-06 finalRes: 3.843747696301286e-07 nIters: 3
U2 initRes: 1.212168129823819e-05 finalRes: 1.121752520202538e-06 nIters: 2
p initRes: 0.0002257929614174741 finalRes: 1.312044252553508e-05 nIters: 1
Time step continuity errors : sum local = 0.000223202561022484
                                 global = 4.407239928365074e-07
                             cumulative = -0.1054271246551154
T initRes: 1.581486540725534e-05 finalRes: 7.368716874758495e-07 nIters: 3
nuTilda initRes: 0.0002617620954621374 finalRes: 5.935784487262432e-06 nIters: 2
TP1: 88.11823049248804 final: 88.11823049248804
TP2: 35.77315158472148 final: 35.77315158472148
HFX: 301.8126510430779 final: 301.8126510430779
yPlus min: 1.846035581846943 max: 55.3250467814613 mean: 23.66986579076218
ExecutionTime = 187.59 s  ClockTime = 193 s

Time = 400

U0 initRes: 1.790938451186631e-06 finalRes: 9.316725771986782e-08 nIters: 3
U1 initRes: 5.015717990830546e-06 finalRes: 3.843832277877717e-07 nIters: 3
U2 initRes: 1.212144420506557e-05 finalRes: 1.121740313351312e-06 nIters: 2
p initRes: 0.0002257845576327272 finalRes: 1.311675768057018e-05 nIters: 1
Time step continuity errors : sum local = 0.0002231398777452081
                                 global = 4.936075379297544e-07
                             cumulative = -0.1054266310475775
T initRes: 1.581484112433404e-05 finalRes: 7.368657079384165e-07 nIters: 3
nuTilda initRes: 0.0002617621095611074 finalRes: 5.935779128436526e-06 nIters: 2
TP1: 88.11823094233762 final: 88.11823094233762
TP2: 35.77315256850667 final: 35.77315256850667
HFX: 301.8126520902151 final: 301.8126520902151
yPlus min: 1.846035352658385 max: 55.32504736528868 mean: 23.66986595530223
ExecutionTime = 188.04 s  ClockTime = 193 s

Time = 500

U0 initRes: 1.790927607501914e-06 finalRes: 9.316666158873957e-08 nIters: 3
U1 initRes: 5.01571431927774e-06 finalRes: 3.843831467394894e-07 nIters: 3
U2 initRes: 1.212142799120917e-05 finalRes: 1.121741264365488e-06 nIters: 2
p initRes: 0.0002257839774269702 finalRes: 1.31169653848555e-05 nIters: 1
Time step continuity errors : sum local = 0.0002231434110926136
                                 global = 4.915311745337334e-07
                             cumulative = -0.1054261395164029
T initRes: 1.581484282696633e-05 finalRes: 7.368652328398005e-07 nIters: 3
nuTilda initRes: 0.0002617621143226502 finalRes: 5.935778471915428e-06 nIters: 2
TP1: 88.11823097380736 final: 88.11823097380736
TP2: 35.77315255424563 final: 35.77315255424563
HFX: 301.8126520178593 final: 301.8126520178593
yPlus min: 1.846035389933179 max: 55.32504738307185 mean: 23.66986595680821
ExecutionTime = 188.41 s  ClockTime = 194 s

Time = 600

U0 initRes: 1.790927111528241e-06 finalRes: 9.316655728239634e-08 nIters: 3
U1 initRes: 5.015713339858853e-06 finalRes: 3.843830362260279e-07 nIters: 3
U2 initRes: 1.212142727833881e-05 finalRes: 1.121741581574911e-06 nIters: 2
p initRes: 0.0002257839245214048 finalRes: 1.311700087039464e-05 nIters: 1
Time step continuity errors : sum local = 0.0002231440148328028
                                 global = 4.914808816587492e-07
                             cumulative = -0.1054256480355213
T initRes: 1.581484297389931e-05 finalRes: 7.368651908120084e-07 nIters: 3
nuTilda initRes: 0.0002617621147427498 finalRes: 5.935778334666407e-06 nIters: 2
TP1: 88.11823097402001 final: 88.11823097402001
TP2: 35.77315255396926 final: 35.77315255396926
HFX: 301.8126520259956 final: 301.8126520259956
yPlus min: 1.846035395131619 max: 55.32504738959257 mean: 23.66986595891268
ExecutionTime = 188.79 s  ClockTime = 194 s

Time = 700

U0 initRes: 1.790927148841907e-06 finalRes: 9.316655307295337e-08 nIters: 3
U1 initRes: 5.015712896507597e-06 finalRes: 3.843830190690404e-07 nIters: 3
U2 initRes: 1.212142707756769e-05 finalRes: 1.121741599229774e-06 nIters: 2
p initRes: 0.0002257839182804855 finalRes: 1.311700621871499e-05 nIters: 1
Time step continuity errors : sum local = 0.0002231441057859947
                                 global = 4.914592743087669e-07
                             cumulative = -0.105425156576247
T initRes: 1.581484297432142e-05 finalRes: 7.368651927114766e-07 nIters: 3
nuTilda initRes: 0.0002617621147430573 finalRes: 5.93577832508238e-06 nIters: 2
TP1: 88.11823097668868 final: 88.11823097668868
TP2: 35.77315255355008 final: 35.77315255355008
HFX: 301.8126520267743 final: 301.8126520267743
yPlus min: 1.846035396841201 max: 55.3250473900311 mean: 23.66986595905773
ExecutionTime = 189.17 s  ClockTime = 194 s

Time = 800

U0 initRes: 1.790927164398011e-06 finalRes: 9.316655290626348e-08 nIters: 3
U1 initRes: 5.015712847865706e-06 finalRes: 3.843830166053796e-07 nIters: 3
U2 initRes: 1.212142707550372e-05 finalRes: 1.121741601021486e-06 nIters: 2
p initRes: 0.0002257839177409626 finalRes: 1.311700699773465e-05 nIters: 1
Time step continuity errors : sum local = 0.0002231441190733048
                                 global = 4.914447727524361e-07
                             cumulative = -0.1054246651314742
T initRes: 1.581484297214773e-05 finalRes: 7.368651923957626e-07 nIters: 3
nuTilda initRes: 0.0002617621147394037 finalRes: 5.935778322556311e-06 nIters: 2
TP1: 88.11823097657697 final: 88.11823097657697
TP2: 35.77315255331423 final: 35.77315255331423
HFX: 301.8126520265335 final: 301.8126520265335
yPlus min: 1.846035396987415 max: 55.32504738997996 mean: 23.66986595904224
ExecutionTime = 189.54 s  ClockTime = 195 s

Time = 900

U0 initRes: 1.790927167078503e-06 finalRes: 9.316655292474464e-08 nIters: 3
U1 initRes: 5.015712842101838e-06 finalRes: 3.843830163208876e-07 nIters: 3
U2 initRes: 1.212142707595417e-05 finalRes: 1.121741601180466e-06 nIters: 2
p initRes: 0.0002257839177376147 finalRes: 1.311700704470777e-05 nIters: 1
Time step continuity errors : sum local = 0.0002231441198885167
                                 global = 4.914448820693772e-07
                             cumulative = -0.1054241736865921
T initRes: 1.581484297317256e-05 finalRes: 7.368651921088526e-07 nIters: 3
nuTilda initRes: 0.0002617621147383859 finalRes: 5.935778322460832e-06 nIters: 2
TP1: 88.11823097660518 final: 88.11823097660518
TP2: 35.77315255331082 final: 35.77315255331082
HFX: 301.8126520265673 final: 301.8126520265673
yPlus min: 1.846035397006842 max: 55.32504738998607 mean: 23.66986595904516
ExecutionTime = 189.91 s  ClockTime = 195 s

Time = 1000

U0 initRes: 1.790927167373463e-06 finalRes: 9.316655293939272e-08 nIters: 3
U1 initRes: 5.015712841308978e-06 finalRes: 3.843830163080923e-07 nIters: 3
U2 initRes: 1.21214270759472e-05 finalRes: 1.121741601159021e-06 nIters: 2
p initRes: 0.0002257839177349543 finalRes: 1.311700705075796e-05 nIters: 1
Time step continuity errors : sum local = 0.0002231441199798115
                                 global = 4.914446678465618e-07
                             cumulative = -0.1054236822419243
T initRes: 1.581484297172513e-05 finalRes: 7.368651933698402e-07 nIters: 3
nuTilda initRes: 0.0002617621147382452 finalRes: 5.935778322459565e-06 nIters: 2
TP1: 88.11823097660509 final: 88.11823097660509
TP2: 35.77315255330716 final: 35.77315255330716
HFX: 301.8126520265619 final: 301.8126520265619
yPlus min: 1.846035397008229 max: 55.32504738998406 mean: 23.66986595904452
ExecutionTime = 190.3 s  ClockTime = 196 s

End

Moving time 1000 to 0.0048
Printing Primal Residual Statistics.
U Residual Norm2: (25.52007031755263 24.02218872661684 10.5781691110009)
U Residual Mean: (0.03066868938254658 0.02707551632816553 0.01097585633286969)
U Residual Max: (13.58693402961805 10.93522838010401 8.325961013268747)
p Residual Norm2: 8.624340633383847
p Residual Mean: 0.01332623681817873
p Residual Max: 3.16490981881876
T Residual Norm2: 41.15987276558317
T Residual Mean: 0.04550215571984088
T Residual Max: 21.34865042804583
nuTilda Residual Norm2: 0.6508582470396035
nuTilda Residual Mean: 0.0004284516414452541
nuTilda Residual Max: 0.5272531766377982
phi Residual Norm2: 0.06461459035110702
phi Residual Mean: 2.571326500554751e-05
phi Residual Max: 0.04467129110574364
Total Residual Norm2: 55.76001587978269
 
 
DAInputVolCoord. 
Setting volume coordinates. 
Checking mesh quality for time = 1000
    Overall domain bounding box (-2.334008305331711e-09 -0.09450000000000007 -1.386828268541974e-07) (0.8445000000000003 0.09450000000000008 0.03750000000000003)
    Mesh has 3 geometric (non-empty/wedge) directions (1 1 1)
    Mesh has 3 solution (non-empty) directions (1 1 1)
    Boundary openness (1.255654819472487e-17 -3.714433211638065e-17 -1.884357888839776e-16) OK.
    Max cell openness = 3.436267864100206e-16 OK.
    Max aspect ratio = 69.08288552269001 OK.
    Minimum face area = 1.672668859984391e-06. Maximum face area = 0.001155838023686373.  Face area magnitudes OK.
    Min volume = 5.879941476126128e-09. Max volume = 1.309214646525432e-05.  Total volume = 0.004719833486326283.  Cell volumes OK.
    Mesh non-orthogonality Max: 3.512290325058707 average: 0.2796074133961033
    Non-orthogonality check OK.
    Face pyramids OK.
    Max skewness = 0.2181478581620846 OK.
    Coupled point location match (average 0) OK.

Mesh OK.

Running Primal Solver 049
Previous solution time 1000 not found and nothing deleted.
No finite volume options present

Starting time loop

Time = 1

U0 initRes: 2.871784362982314e-06 finalRes: 1.327871467181739e-07 nIters: 3
U1 initRes: 3.549797882323799e-05 finalRes: 3.159604475385611e-06 nIters: 2
U2 initRes: 0.0001677550048146641 finalRes: 1.223618928322764e-05 nIters: 2
p initRes: 0.0006390442496073503 finalRes: 5.480058654768414e-05 nIters: 2
Time step continuity errors : sum local = 0.0009323903750778953
                                 global = -1.830140750039157e-07
                             cumulative = -0.1054238652559993
T initRes: 2.208999606404966e-05 finalRes: 2.125276776804859e-06 nIters: 2
nuTilda initRes: 0.0002164940358558026 finalRes: 7.20008082448349e-06 nIters: 2
TP1: 88.13661396239723 final: 88.13661396239723
TP2: 35.773152621147 final: 35.773152621147
HFX: 301.8111679824557 final: 301.8111679824557
yPlus min: 1.85344909618311 max: 55.32509607643977 mean: 23.67051195575524
ExecutionTime = 190.44 s  ClockTime = 196 s

Time = 100

U0 initRes: 1.833242066689221e-06 finalRes: 9.624170027632482e-08 nIters: 3
U1 initRes: 5.077010238400729e-06 finalRes: 3.872944215706404e-07 nIters: 3
U2 initRes: 1.221849295014918e-05 finalRes: 1.120196613380031e-06 nIters: 2
p initRes: 0.0002269269676355695 finalRes: 1.374568292300977e-05 nIters: 1
Time step continuity errors : sum local = 0.0002338484638867772
                                 global = 1.409870812523092e-06
                             cumulative = -0.1054224553851868
T initRes: 1.585509111626398e-05 finalRes: 7.380534935551432e-07 nIters: 3
nuTilda initRes: 0.0002617109136607414 finalRes: 5.93912653273519e-06 nIters: 2
TP1: 88.11870423809394 final: 88.11870423809394
TP2: 35.77322159739023 final: 35.77322159739023
HFX: 301.8108070661488 final: 301.8108070661488
yPlus min: 1.845940214890833 max: 55.32503537408059 mean: 23.66991161850867
ExecutionTime = 190.83 s  ClockTime = 196 s

Time = 200

U0 initRes: 1.797671365949667e-06 finalRes: 9.400091537300898e-08 nIters: 3
U1 initRes: 5.041506811205866e-06 finalRes: 3.865202943869527e-07 nIters: 3
U2 initRes: 1.204820367350326e-05 finalRes: 1.108508248778812e-06 nIters: 2
p initRes: 0.0002259813744532292 finalRes: 1.326247895957421e-05 nIters: 1
Time step continuity errors : sum local = 0.0002256274412812242
                                 global = -2.592853885229067e-06
                             cumulative = -0.105425048239072
T initRes: 1.581973776571074e-05 finalRes: 7.374919912150822e-07 nIters: 3
nuTilda initRes: 0.0002616770830320689 finalRes: 5.936280528841942e-06 nIters: 2
TP1: 88.11846348458364 final: 88.11846348458364
TP2: 35.77314431419402 final: 35.77314431419402
HFX: 301.810701713094 final: 301.810701713094
yPlus min: 1.84592173138024 max: 55.32500363694465 mean: 23.66989568340407
ExecutionTime = 191.29 s  ClockTime = 197 s

Time = 300

U0 initRes: 1.794901364895447e-06 finalRes: 9.386191204306608e-08 nIters: 3
U1 initRes: 5.039741833065088e-06 finalRes: 3.863892813594916e-07 nIters: 3
U2 initRes: 1.203796223156978e-05 finalRes: 1.108398170545788e-06 nIters: 2
p initRes: 0.0002258413748086241 finalRes: 1.314525543516735e-05 nIters: 1
Time step continuity errors : sum local = 0.0002236332935573784
                                 global = 9.103637765263609e-09
                             cumulative = -0.1054250391354342
T initRes: 1.581834799308963e-05 finalRes: 7.376900638712939e-07 nIters: 3
nuTilda initRes: 0.0002616706992307339 finalRes: 5.9352947686476e-06 nIters: 2
TP1: 88.11853923217632 final: 88.11853923217632
TP2: 35.77318079523339 final: 35.77318079523339
HFX: 301.8108044366236 final: 301.8108044366236
yPlus min: 1.84592426277792 max: 55.32503204354932 mean: 23.66990611879024
ExecutionTime = 191.65 s  ClockTime = 197 s

Time = 400

U0 initRes: 1.794504132483815e-06 finalRes: 9.384634935615003e-08 nIters: 3
U1 initRes: 5.039587598686818e-06 finalRes: 3.863779009510648e-07 nIters: 3
U2 initRes: 1.203771770958041e-05 finalRes: 1.10837584911416e-06 nIters: 2
p initRes: 0.0002258284540027453 finalRes: 1.314007042336776e-05 nIters: 1
Time step continuity errors : sum local = 0.0002235450831664956
                                 global = 1.125041753669018e-08
                             cumulative = -0.1054250278850167
T initRes: 1.58182812115195e-05 finalRes: 7.37678974235512e-07 nIters: 3
nuTilda initRes: 0.0002616706211159831 finalRes: 5.93525045263695e-06 nIters: 2
TP1: 88.11853422564994 final: 88.11853422564994
TP2: 35.77318084355296 final: 35.77318084355296
HFX: 301.8108049556066 final: 301.8108049556066
yPlus min: 1.845922530811108 max: 55.32503230905478 mean: 23.66990629518988
ExecutionTime = 192.02 s  ClockTime = 197 s

Time = 500

U0 initRes: 1.794569343157447e-06 finalRes: 9.384963861551051e-08 nIters: 3
U1 initRes: 5.039603627123314e-06 finalRes: 3.8638016228226e-07 nIters: 3
U2 initRes: 1.203775806941029e-05 finalRes: 1.108376842720098e-06 nIters: 2
p initRes: 0.0002258270359449556 finalRes: 1.314004333610528e-05 nIters: 1
Time step continuity errors : sum local = 0.0002235446198305005
                                 global = -4.12800891188515e-08
                             cumulative = -0.1054250691651058
T initRes: 1.581828231582237e-05 finalRes: 7.376791841568686e-07 nIters: 3
nuTilda initRes: 0.000261670614629 finalRes: 5.93525386665589e-06 nIters: 2
TP1: 88.11853341863849 final: 88.11853341863849
TP2: 35.77318009462812 final: 35.77318009462812
HFX: 301.8108029571524 final: 301.8108029571524
yPlus min: 1.84592267703895 max: 55.32503174850682 mean: 23.66990607249775
ExecutionTime = 192.54 s  ClockTime = 198 s

Time = 600

U0 initRes: 1.794567872997308e-06 finalRes: 9.384960310719624e-08 nIters: 3
U1 initRes: 5.039602972387525e-06 finalRes: 3.863801357750355e-07 nIters: 3
U2 initRes: 1.203776144637113e-05 finalRes: 1.108377252037113e-06 nIters: 2
p initRes: 0.0002258267681408579 finalRes: 1.314012540907472e-05 nIters: 1
Time step continuity errors : sum local = 0.0002235460163593845
                                 global = -3.450876930865288e-08
                             cumulative = -0.1054251036738751
T initRes: 1.581828228565486e-05 finalRes: 7.376793771796495e-07 nIters: 3
nuTilda initRes: 0.0002616706156512768 finalRes: 5.935254133735436e-06 nIters: 2
TP1: 88.11853362827297 final: 88.11853362827297
TP2: 35.77318019109907 final: 35.77318019109907
HFX: 301.8108031823476 final: 301.8108031823476
yPlus min: 1.845922688875175 max: 55.32503180549548 mean: 23.66990609456104
ExecutionTime = 192.96 s  ClockTime = 198 s

Time = 700

U0 initRes: 1.794566279939313e-06 finalRes: 9.384954694940228e-08 nIters: 3
U1 initRes: 5.039602627256783e-06 finalRes: 3.8638010336724e-07 nIters: 3
U2 initRes: 1.203776124091414e-05 finalRes: 1.108377157787001e-06 nIters: 2
p initRes: 0.0002258267398198454 finalRes: 1.31401361248313e-05 nIters: 1
Time step continuity errors : sum local = 0.0002235461986547461
                                 global = -3.401336414552527e-08
                             cumulative = -0.1054251376872393
T initRes: 1.581828213985628e-05 finalRes: 7.376793803817507e-07 nIters: 3
nuTilda initRes: 0.0002616706156199608 finalRes: 5.935254038205953e-06 nIters: 2
TP1: 88.11853362580686 final: 88.11853362580686
TP2: 35.77318019825553 final: 35.77318019825553
HFX: 301.8108032030516 final: 301.8108032030516
yPlus min: 1.845922683568843 max: 55.32503181126881 mean: 23.66990609696914
ExecutionTime = 193.36 s  ClockTime = 199 s

Time = 800

U0 initRes: 1.794566386553245e-06 finalRes: 9.384955280147756e-08 nIters: 3
U1 initRes: 5.039602690953243e-06 finalRes: 3.86380108387304e-07 nIters: 3
U2 initRes: 1.20377613282755e-05 finalRes: 1.108377152070486e-06 nIters: 2
p initRes: 0.000225826736107167 finalRes: 1.314013866890772e-05 nIters: 1
Time step continuity errors : sum local = 0.0002235462419042265
                                 global = -3.416033911804536e-08
                             cumulative = -0.1054251718475784
T initRes: 1.581828211493929e-05 finalRes: 7.376793826073294e-07 nIters: 3
nuTilda initRes: 0.0002616706155834644 finalRes: 5.935254041996916e-06 nIters: 2
TP1: 88.11853362245573 final: 88.11853362245573
TP2: 35.77318019616252 final: 35.77318019616252
HFX: 301.8108031977533 final: 301.8108031977533
yPlus min: 1.845922683662418 max: 55.32503180975874 mean: 23.66990609637119
ExecutionTime = 193.74 s  ClockTime = 199 s

Time = 900

U0 initRes: 1.794566390071298e-06 finalRes: 9.384955275699203e-08 nIters: 3
U1 initRes: 5.039602696079838e-06 finalRes: 3.863801085217585e-07 nIters: 3
U2 initRes: 1.20377613377542e-05 finalRes: 1.108377153003898e-06 nIters: 2
p initRes: 0.0002258267353593413 finalRes: 1.314013900419533e-05 nIters: 1
Time step continuity errors : sum local = 0.0002235462476745606
                                 global = -3.414678868417574e-08
                             cumulative = -0.1054252059943671
T initRes: 1.5818282112376e-05 finalRes: 7.376793839929951e-07 nIters: 3
nuTilda initRes: 0.0002616706155791089 finalRes: 5.935254042887199e-06 nIters: 2
TP1: 88.11853362287766 final: 88.11853362287766
TP2: 35.77318019635492 final: 35.77318019635492
HFX: 301.8108031981832 final: 301.8108031981832
yPlus min: 1.845922683705686 max: 55.32503180985049 mean: 23.66990609640536
ExecutionTime = 194.12 s  ClockTime = 200 s

Time = 1000

U0 initRes: 1.794566385115964e-06 finalRes: 9.384955248484506e-08 nIters: 3
U1 initRes: 5.039602695755398e-06 finalRes: 3.863801083802662e-07 nIters: 3
U2 initRes: 1.203776133511637e-05 finalRes: 1.108377152707663e-06 nIters: 2
p initRes: 0.0002258267353080708 finalRes: 1.314013898723412e-05 nIters: 1
Time step continuity errors : sum local = 0.0002235462473351679
                                 global = -3.41440486594598e-08
                             cumulative = -0.1054252401384157
T initRes: 1.581828210909543e-05 finalRes: 7.376793833559166e-07 nIters: 3
nuTilda initRes: 0.0002616706155777066 finalRes: 5.935254042562414e-06 nIters: 2
TP1: 88.11853362288447 final: 88.11853362288447
TP2: 35.77318019639412 final: 35.77318019639412
HFX: 301.8108031982928 final: 301.8108031982928
yPlus min: 1.845922683689006 max: 55.32503180987826 mean: 23.6699060964165
ExecutionTime = 194.51 s  ClockTime = 200 s

End

Moving time 1000 to 0.0049
Printing Primal Residual Statistics.
U Residual Norm2: (25.55705955012501 24.01475518207945 10.6327419324625)
U Residual Mean: (0.03061043111013938 0.02711427591971763 0.01096277671037148)
U Residual Max: (13.583857396382 10.92820568666239 8.391935833735765)
p Residual Norm2: 8.618169645984242
p Residual Mean: 0.01332447574097625
p Residual Max: 3.160912959228019
T Residual Norm2: 41.18019448278406
T Residual Mean: 0.04548598263870228
T Residual Max: 21.41298552812408
nuTilda Residual Norm2: 0.6521783395003899
nuTilda Residual Mean: 0.0004286972571122014
nuTilda Residual Max: 0.5288901169369433
phi Residual Norm2: 0.0646405401759175
phi Residual Mean: 2.566972094076614e-05
phi Residual Max: 0.04469457622873187
Total Residual Norm2: 55.79818761374804
 
 
DAInputVolCoord. 
Setting volume coordinates. 
Checking mesh quality for time = 1000
    Overall domain bounding box (9.19389154550334e-39 -0.09450000000000007 -2.754073811564475e-08) (0.8445000000000003 0.09450000000000008 0.03750000000000003)
    Mesh has 3 geometric (non-empty/wedge) directions (1 1 1)
    Mesh has 3 solution (non-empty) directions (1 1 1)
    Boundary openness (1.691831506804574e-17 -6.876664404614271e-18 -8.755495432022985e-17) OK.
    Max cell openness = 4.029192110495436e-16 OK.
    Max aspect ratio = 69.08288552241274 OK.
    Minimum face area = 1.673117694269354e-06. Maximum face area = 0.001155838060677276.  Face area magnitudes OK.
    Min volume = 5.879984878482019e-09. Max volume = 1.309214670219782e-05.  Total volume = 0.004719833589875044.  Cell volumes OK.
    Mesh non-orthogonality Max: 3.512329333236545 average: 0.2800801791442329
    Non-orthogonality check OK.
    Face pyramids OK.
    Max skewness = 0.2181261550868932 OK.
    Coupled point location match (average 0) OK.

Mesh OK.

Running Primal Solver 050
Previous solution time 1000 not found and nothing deleted.
No finite volume options present

Starting time loop

Time = 1

U0 initRes: 2.320769770391315e-06 finalRes: 1.164459591383049e-07 nIters: 3
U1 initRes: 1.998805607372363e-05 finalRes: 8.577792270574869e-07 nIters: 3
U2 initRes: 8.791614973341496e-05 finalRes: 6.331852374456417e-06 nIters: 2
p initRes: 0.0004286817645240756 finalRes: 1.866728804284038e-05 nIters: 2
Time step continuity errors : sum local = 0.0003175594629799016
                                 global = -8.200287239780829e-06
                             cumulative = -0.1054334404256555
T initRes: 1.889324185008737e-05 finalRes: 1.888271570127127e-06 nIters: 2
nuTilda initRes: 0.0002113351599904227 finalRes: 6.893211836055422e-06 nIters: 2
TP1: 88.10746038076445 final: 88.10746038076445
TP2: 35.77316026459248 final: 35.77316026459248
HFX: 301.810605360846 final: 301.810605360846
yPlus min: 1.854518888029034 max: 55.32500620054583 mean: 23.67053788895298
ExecutionTime = 194.64 s  ClockTime = 200 s

Time = 100

U0 initRes: 1.836684770364182e-06 finalRes: 9.50251961272601e-08 nIters: 3
U1 initRes: 5.063423369098332e-06 finalRes: 3.853727232162394e-07 nIters: 3
U2 initRes: 1.227368012447126e-05 finalRes: 1.132947296233643e-06 nIters: 2
p initRes: 0.0002271102881434555 finalRes: 1.350003307220465e-05 nIters: 1
Time step continuity errors : sum local = 0.000229663237863599
                                 global = 2.322751831460464e-06
                             cumulative = -0.1054311176738241
T initRes: 1.585610096900354e-05 finalRes: 7.385244956326375e-07 nIters: 3
nuTilda initRes: 0.0002619589206636608 finalRes: 5.946572756843216e-06 nIters: 2
TP1: 88.11838968134933 final: 88.11838968134933
TP2: 35.77321795530106 final: 35.77321795530106
HFX: 301.8114257745182 final: 301.8114257745182
yPlus min: 1.845941083580898 max: 55.32505320601258 mean: 23.6698738914973
ExecutionTime = 195.01 s  ClockTime = 201 s

Time = 200

U0 initRes: 1.792996901417785e-06 finalRes: 9.315938666300189e-08 nIters: 3
U1 initRes: 5.016057905837407e-06 finalRes: 3.844484216766302e-07 nIters: 3
U2 initRes: 1.212917745654747e-05 finalRes: 1.122631951315996e-06 nIters: 2
p initRes: 0.0002259009445966042 finalRes: 1.312768821153448e-05 nIters: 1
Time step continuity errors : sum local = 0.0002233290124411637
                                 global = -7.790403379350153e-07
                             cumulative = -0.105431896714162
T initRes: 1.58218845711455e-05 finalRes: 7.370669890981495e-07 nIters: 3
nuTilda initRes: 0.0002618935203681277 finalRes: 5.937691936164401e-06 nIters: 2
TP1: 88.11827388920307 final: 88.11827388920307
TP2: 35.77316181101876 final: 35.77316181101876
HFX: 301.8113674473406 final: 301.8113674473406
yPlus min: 1.845960319509067 max: 55.32504931693578 mean: 23.66987389134788
ExecutionTime = 195.39 s  ClockTime = 201 s

Time = 300

U0 initRes: 1.791799502409548e-06 finalRes: 9.312786395741124e-08 nIters: 3
U1 initRes: 5.015827757216902e-06 finalRes: 3.844594439265309e-07 nIters: 3
U2 initRes: 1.212811349132913e-05 finalRes: 1.122538983426655e-06 nIters: 2
p initRes: 0.0002258504908560949 finalRes: 1.308653961868533e-05 nIters: 1
Time step continuity errors : sum local = 0.000222629016206833
                                 global = 8.6878322165478e-09
                             cumulative = -0.1054318880263298
T initRes: 1.582143292769855e-05 finalRes: 7.370460757155426e-07 nIters: 3
nuTilda initRes: 0.0002618908294428467 finalRes: 5.937653429571796e-06 nIters: 2
TP1: 88.11828401020944 final: 88.11828401020944
TP2: 35.77317310249792 final: 35.77317310249792
HFX: 301.8113871495316 final: 301.8113871495316
yPlus min: 1.845958768749076 max: 55.32505311138176 mean: 23.66987558702568
ExecutionTime = 195.77 s  ClockTime = 201 s

Time = 400

U0 initRes: 1.791736191232273e-06 finalRes: 9.312821480916259e-08 nIters: 3
U1 initRes: 5.015944262249795e-06 finalRes: 3.844658394533043e-07 nIters: 3
U2 initRes: 1.212813487608449e-05 finalRes: 1.122530671142492e-06 nIters: 2
p initRes: 0.0002258461726885945 finalRes: 1.308467776773026e-05 nIters: 1
Time step continuity errors : sum local = 0.0002225973404312694
                                 global = -3.984950925664116e-09
                             cumulative = -0.1054318920112807
T initRes: 1.582144838470346e-05 finalRes: 7.370380631785368e-07 nIters: 3
nuTilda initRes: 0.0002618908474593763 finalRes: 5.937654462494907e-06 nIters: 2
TP1: 88.11828211091385 final: 88.11828211091385
TP2: 35.77317296033917 final: 35.77317296033917
HFX: 301.8113857393755 final: 301.8113857393755
yPlus min: 1.84595806143548 max: 55.32505265452465 mean: 23.66987543298747
ExecutionTime = 196.13 s  ClockTime = 202 s

Time = 500

U0 initRes: 1.791721507334478e-06 finalRes: 9.312795688574705e-08 nIters: 3
U1 initRes: 5.015936361270703e-06 finalRes: 3.844660165546404e-07 nIters: 3
U2 initRes: 1.212812221826721e-05 finalRes: 1.122529900358751e-06 nIters: 2
p initRes: 0.0002258456563977267 finalRes: 1.308457582405559e-05 nIters: 1
Time step continuity errors : sum local = 0.0002225956063311904
                                 global = -2.545862856967181e-09
                             cumulative = -0.1054318945571436
T initRes: 1.582145056530268e-05 finalRes: 7.370373377974431e-07 nIters: 3
nuTilda initRes: 0.0002618908501514729 finalRes: 5.937655384164395e-06 nIters: 2
TP1: 88.118282314003 final: 88.118282314003
TP2: 35.7731729814853 final: 35.7731729814853
HFX: 301.8113857361439 final: 301.8113857361439
yPlus min: 1.845958100591964 max: 55.32505265509328 mean: 23.66987543157532
ExecutionTime = 196.53 s  ClockTime = 202 s

Time = 600

U0 initRes: 1.791721038053036e-06 finalRes: 9.312790694381293e-08 nIters: 3
U1 initRes: 5.015936240358614e-06 finalRes: 3.844658922457917e-07 nIters: 3
U2 initRes: 1.212812318297793e-05 finalRes: 1.12253029724095e-06 nIters: 2
p initRes: 0.0002258456851752474 finalRes: 1.308455764659227e-05 nIters: 1
Time step continuity errors : sum local = 0.0002225952970921099
                                 global = -2.215561781378233e-09
                             cumulative = -0.1054318967727053
T initRes: 1.582145039057261e-05 finalRes: 7.370373052731719e-07 nIters: 3
nuTilda initRes: 0.0002618908496216881 finalRes: 5.937655105202258e-06 nIters: 2
TP1: 88.11828232262447 final: 88.11828232262447
TP2: 35.77317298568609 final: 35.77317298568609
HFX: 301.811385769678 final: 301.811385769678
yPlus min: 1.845958102723239 max: 55.32505266793357 mean: 23.66987543637788
ExecutionTime = 196.94 s  ClockTime = 203 s

Time = 700

U0 initRes: 1.791721277504348e-06 finalRes: 9.312791222307998e-08 nIters: 3
U1 initRes: 5.015935969292596e-06 finalRes: 3.844658856684358e-07 nIters: 3
U2 initRes: 1.212812304542448e-05 finalRes: 1.122530282587326e-06 nIters: 2
p initRes: 0.000225845689408234 finalRes: 1.308455829820367e-05 nIters: 1
Time step continuity errors : sum local = 0.0002225953082626087
                                 global = -2.484619386962197e-09
                             cumulative = -0.1054318992573247
T initRes: 1.582145031327275e-05 finalRes: 7.370373244080201e-07 nIters: 3
nuTilda initRes: 0.0002618908493940774 finalRes: 5.937655091135052e-06 nIters: 2
TP1: 88.118282318623 final: 88.118282318623
TP2: 35.77317298179364 final: 35.77317298179364
HFX: 301.8113857620826 final: 301.8113857620826
yPlus min: 1.845958103796845 max: 55.32505266593916 mean: 23.66987543558977
ExecutionTime = 197.41 s  ClockTime = 203 s

Time = 800

U0 initRes: 1.791721306425988e-06 finalRes: 9.312791302494032e-08 nIters: 3
U1 initRes: 5.01593598191129e-06 finalRes: 3.844658866552899e-07 nIters: 3
U2 initRes: 1.212812304354094e-05 finalRes: 1.122530279015062e-06 nIters: 2
p initRes: 0.0002258456892441639 finalRes: 1.30845582931339e-05 nIters: 1
Time step continuity errors : sum local = 0.0002225953081064071
                                 global = -2.456711391755069e-09
                             cumulative = -0.1054319017140361
T initRes: 1.582145031040258e-05 finalRes: 7.37037327769098e-07 nIters: 3
nuTilda initRes: 0.0002618908493956453 finalRes: 5.937655094168941e-06 nIters: 2
TP1: 88.1182823191205 final: 88.1182823191205
TP2: 35.7731729821941 final: 35.7731729821941
HFX: 301.8113857628551 final: 301.8113857628551
yPlus min: 1.845958103769591 max: 55.32505266608428 mean: 23.66987543564818
ExecutionTime = 197.84 s  ClockTime = 203 s

Time = 900

U0 initRes: 1.791721304001496e-06 finalRes: 9.312791303552295e-08 nIters: 3
U1 initRes: 5.015935988603668e-06 finalRes: 3.84465886919407e-07 nIters: 3
U2 initRes: 1.212812304706292e-05 finalRes: 1.122530278910567e-06 nIters: 2
p initRes: 0.0002258456891348225 finalRes: 1.308455833180106e-05 nIters: 1
Time step continuity errors : sum local = 0.0002225953088115527
                                 global = -2.456341979198215e-09
                             cumulative = -0.1054319041703781
T initRes: 1.58214503106398e-05 finalRes: 7.370373262624235e-07 nIters: 3
nuTilda initRes: 0.0002618908493995315 finalRes: 5.937655094371823e-06 nIters: 2
TP1: 88.11828231904381 final: 88.11828231904381
TP2: 35.77317298220115 final: 35.77317298220115
HFX: 301.8113857628251 final: 301.8113857628251
yPlus min: 1.845958103733496 max: 55.32505266607331 mean: 23.66987543564482
ExecutionTime = 198.27 s  ClockTime = 204 s

Time = 1000

U0 initRes: 1.791721303280577e-06 finalRes: 9.312791301899952e-08 nIters: 3
U1 initRes: 5.015935988183518e-06 finalRes: 3.844658869289454e-07 nIters: 3
U2 initRes: 1.212812304664953e-05 finalRes: 1.122530278917886e-06 nIters: 2
p initRes: 0.0002258456891242108 finalRes: 1.30845583315889e-05 nIters: 1
Time step continuity errors : sum local = 0.0002225953087825039
                                 global = -2.456412485151545e-09
                             cumulative = -0.1054319066267906
T initRes: 1.582145031149165e-05 finalRes: 7.370373267874374e-07 nIters: 3
nuTilda initRes: 0.0002618908493996552 finalRes: 5.937655094426114e-06 nIters: 2
TP1: 88.11828231905064 final: 88.11828231905064
TP2: 35.77317298220019 final: 35.77317298220019
HFX: 301.8113857628194 final: 301.8113857628194
yPlus min: 1.845958103735864 max: 55.32505266607213 mean: 23.66987543564432
ExecutionTime = 198.71 s  ClockTime = 204 s

End

Moving time 1000 to 0.005
Printing Primal Residual Statistics.
U Residual Norm2: (25.52846328004473 24.02841650570176 10.58619485715358)
U Residual Mean: (0.0306730896193963 0.02707532132959033 0.01097888920672166)
U Residual Max: (13.58699802918828 10.93856199689721 8.333318529840522)
p Residual Norm2: 8.62628215287099
p Residual Mean: 0.013328475026303
p Residual Max: 3.164335605129209
T Residual Norm2: 41.1804202886649
T Residual Mean: 0.04551314815406794
T Residual Max: 21.36987954483624
nuTilda Residual Norm2: 0.6514730753963013
nuTilda Residual Mean: 0.0004286081206297442
nuTilda Residual Max: 0.5279412440786609
phi Residual Norm2: 0.06462233051766825
phi Residual Mean: 2.570936806511638e-05
phi Residual Max: 0.04467122114381288
Total Residual Norm2: 55.78353799205721
 
 
DAInputVolCoord. 
Setting volume coordinates. 
Checking mesh quality for time = 1000
    Overall domain bounding box (-4.639913633018215e-10 -0.09450000000000007 -3.486575872194408e-09) (0.8445000000000003 0.09450000000000008 0.03750000000000003)
    Mesh has 3 geometric (non-empty/wedge) directions (1 1 1)
    Mesh has 3 solution (non-empty) directions (1 1 1)
    Boundary openness (1.77211695026389e-17 -2.827029939349125e-17 -1.493549293376896e-16) OK.
    Max cell openness = 3.977928207040672e-16 OK.
    Max aspect ratio = 69.08288552239185 OK.
    Minimum face area = 1.673117660747962e-06. Maximum face area = 0.001155837991084463.  Face area magnitudes OK.
    Min volume = 5.879984992152169e-09. Max volume = 1.309214606132584e-05.  Total volume = 0.004719833455457297.  Cell volumes OK.
    Mesh non-orthogonality Max: 3.512317851629837 average: 0.2800891757766141
    Non-orthogonality check OK.
    Face pyramids OK.
    Max skewness = 0.2181296714837008 OK.
    Coupled point location match (average 0) OK.

Mesh OK.

Running Primal Solver 051
Previous solution time 1000 not found and nothing deleted.
No finite volume options present

Starting time loop

Time = 1

U0 initRes: 1.812820955080537e-06 finalRes: 9.509561725976403e-08 nIters: 3
U1 initRes: 6.299275252850157e-06 finalRes: 4.08076673981035e-07 nIters: 3
U2 initRes: 2.405128030745636e-05 finalRes: 1.906816152127676e-06 nIters: 2
p initRes: 0.0002491553739348159 finalRes: 2.24523794101232e-05 nIters: 1
Time step continuity errors : sum local = 0.0003819701363711113
                                 global = -8.004370232634005e-08
                             cumulative = -0.1054319866704929
T initRes: 1.576784205368745e-05 finalRes: 7.486042266279716e-07 nIters: 3
nuTilda initRes: 0.0002066185778072417 finalRes: 6.559894733752821e-06 nIters: 2
TP1: 88.11828423471817 final: 88.11828423471817
TP2: 35.77317285446231 final: 35.77317285446231
HFX: 301.8109502684431 final: 301.8109502684431
yPlus min: 1.854302316592662 max: 55.32505272192625 mean: 23.67051515023302
ExecutionTime = 198.86 s  ClockTime = 204 s

Time = 100

U0 initRes: 1.808423601383782e-06 finalRes: 9.436267122070515e-08 nIters: 3
U1 initRes: 5.055109571727846e-06 finalRes: 3.864077505960701e-07 nIters: 3
U2 initRes: 1.213541712752872e-05 finalRes: 1.112759802422981e-06 nIters: 2
p initRes: 0.0002265484307348796 finalRes: 1.345298378268995e-05 nIters: 1
Time step continuity errors : sum local = 0.0002288652351455085
                                 global = 3.908831304160127e-07
                             cumulative = -0.1054315957873625
T initRes: 1.583356069642851e-05 finalRes: 7.38212231947548e-07 nIters: 3
nuTilda initRes: 0.0002615639389643014 finalRes: 5.934745737496977e-06 nIters: 2
TP1: 88.1185289056459 final: 88.1185289056459
TP2: 35.77316514194911 final: 35.77316514194911
HFX: 301.8120378067077 final: 301.8120378067077
yPlus min: 1.846005093323104 max: 55.32501562762322 mean: 23.669894140744
ExecutionTime = 199.63 s  ClockTime = 205 s

Time = 200

U0 initRes: 1.793521392984804e-06 finalRes: 9.377287164014504e-08 nIters: 3
U1 initRes: 5.038005019472678e-06 finalRes: 3.861532495963343e-07 nIters: 3
U2 initRes: 1.203325988247743e-05 finalRes: 1.107908213321829e-06 nIters: 2
p initRes: 0.0002258311471362836 finalRes: 1.31366050701893e-05 nIters: 1
Time step continuity errors : sum local = 0.0002234829882906559
                                 global = 1.088255006983058e-06
                             cumulative = -0.1054305075323555
T initRes: 1.581142054615004e-05 finalRes: 7.374465296808537e-07 nIters: 3
nuTilda initRes: 0.0002615371992746824 finalRes: 5.933242708757989e-06 nIters: 2
TP1: 88.11849732403648 final: 88.11849732403648
TP2: 35.77317522117938 final: 35.77317522117938
HFX: 301.8121094598558 final: 301.8121094598558
yPlus min: 1.845997579720723 max: 55.325036658905 mean: 23.6699008434252
ExecutionTime = 199.89 s  ClockTime = 206 s

Time = 300

U0 initRes: 1.792799103134689e-06 finalRes: 9.376742997209055e-08 nIters: 3
U1 initRes: 5.036537973867172e-06 finalRes: 3.861382191024005e-07 nIters: 3
U2 initRes: 1.203042350891844e-05 finalRes: 1.107617002250677e-06 nIters: 2
p initRes: 0.0002257338053344962 finalRes: 1.309387987908e-05 nIters: 1
Time step continuity errors : sum local = 0.000222756070796168
                                 global = -1.207351834522087e-07
                             cumulative = -0.105430628267539
T initRes: 1.581107714909312e-05 finalRes: 7.375003983271714e-07 nIters: 3
nuTilda initRes: 0.0002615365431791511 finalRes: 5.933233249858296e-06 nIters: 2
TP1: 88.11847743620433 final: 88.11847743620433
TP2: 35.77315800744859 final: 35.77315800744859
HFX: 301.8120682513718 final: 301.8120682513718
yPlus min: 1.846000001029941 max: 55.32502617664088 mean: 23.66989638129244
ExecutionTime = 200.11 s  ClockTime = 206 s

Time = 400

U0 initRes: 1.79281429200902e-06 finalRes: 9.376805635694399e-08 nIters: 3
U1 initRes: 5.036489529111982e-06 finalRes: 3.861350612534188e-07 nIters: 3
U2 initRes: 1.203036336678745e-05 finalRes: 1.107619814031443e-06 nIters: 2
p initRes: 0.000225727825313576 finalRes: 1.309307462641944e-05 nIters: 1
Time step continuity errors : sum local = 0.00022274237497261
                                 global = -3.226805690375558e-08
                             cumulative = -0.1054306605355959
T initRes: 1.581106589471935e-05 finalRes: 7.375068739684031e-07 nIters: 3
nuTilda initRes: 0.00026153650248952 finalRes: 5.933235999338372e-06 nIters: 2
TP1: 88.11848065094388 final: 88.11848065094388
TP2: 35.77315925224936 final: 35.77315925224936
HFX: 301.812071166975 final: 301.812071166975
yPlus min: 1.846000316639849 max: 55.32502690561771 mean: 23.66989665022598
ExecutionTime = 200.35 s  ClockTime = 206 s

Time = 500

U0 initRes: 1.79279650701726e-06 finalRes: 9.376707432116341e-08 nIters: 3
U1 initRes: 5.036508211379689e-06 finalRes: 3.861351963171716e-07 nIters: 3
U2 initRes: 1.2030377333423e-05 finalRes: 1.107620717221553e-06 nIters: 2
p initRes: 0.0002257274970854669 finalRes: 1.309300103814024e-05 nIters: 1
Time step continuity errors : sum local = 0.000222741123569087
                                 global = -2.159352255895118e-08
                             cumulative = -0.1054306821291184
T initRes: 1.581106233585209e-05 finalRes: 7.375062530607356e-07 nIters: 3
nuTilda initRes: 0.0002615365047762133 finalRes: 5.93323455474462e-06 nIters: 2
TP1: 88.11848063744216 final: 88.11848063744216
TP2: 35.77315940520026 final: 35.77315940520026
HFX: 301.8120715976226 final: 301.8120715976226
yPlus min: 1.846000230311667 max: 55.32502702523427 mean: 23.66989670038627
ExecutionTime = 200.57 s  ClockTime = 206 s

Time = 600

U0 initRes: 1.792798734040664e-06 finalRes: 9.376715466064733e-08 nIters: 3
U1 initRes: 5.03650762991509e-06 finalRes: 3.861352150046899e-07 nIters: 3
U2 initRes: 1.203037678149745e-05 finalRes: 1.107620611953121e-06 nIters: 2
p initRes: 0.0002257275656183862 finalRes: 1.309297214729009e-05 nIters: 1
Time step continuity errors : sum local = 0.0002227406319893556
                                 global = -2.438402248088797e-08
                             cumulative = -0.1054307065131409
T initRes: 1.58110622308328e-05 finalRes: 7.375062097328024e-07 nIters: 3
nuTilda initRes: 0.0002615365041289609 finalRes: 5.933234600679023e-06 nIters: 2
TP1: 88.11848057556789 final: 88.11848057556789
TP2: 35.77315936540466 final: 35.77315936540466
HFX: 301.8120714966689 final: 301.8120714966689
yPlus min: 1.846000233814649 max: 55.32502699830518 mean: 23.66989668976274
ExecutionTime = 200.8 s  ClockTime = 207 s

Time = 700

U0 initRes: 1.792798915367778e-06 finalRes: 9.376716084539597e-08 nIters: 3
U1 initRes: 5.036507456959246e-06 finalRes: 3.861352119847666e-07 nIters: 3
U2 initRes: 1.203037654523495e-05 finalRes: 1.107620618566023e-06 nIters: 2
p initRes: 0.0002257275726973473 finalRes: 1.309296608676565e-05 nIters: 1
Time step continuity errors : sum local = 0.000222740528822391
                                 global = -2.424455240591056e-08
                             cumulative = -0.1054307307576933
T initRes: 1.581106227036111e-05 finalRes: 7.375062110858875e-07 nIters: 3
nuTilda initRes: 0.0002615365040812961 finalRes: 5.933234619787017e-06 nIters: 2
TP1: 88.11848058269412 final: 88.11848058269412
TP2: 35.77315936737131 final: 35.77315936737131
HFX: 301.812071500881 final: 301.812071500881
yPlus min: 1.846000235137129 max: 55.32502699928106 mean: 23.66989669011964
ExecutionTime = 201.02 s  ClockTime = 207 s

Time = 800

U0 initRes: 1.792798861055372e-06 finalRes: 9.376715876376455e-08 nIters: 3
U1 initRes: 5.03650748307772e-06 finalRes: 3.861352120908107e-07 nIters: 3
U2 initRes: 1.203037656042547e-05 finalRes: 1.107620620087505e-06 nIters: 2
p initRes: 0.0002257275727334286 finalRes: 1.309296581063919e-05 nIters: 1
Time step continuity errors : sum local = 0.0002227405242009328
                                 global = -2.42133425157218e-08
                             cumulative = -0.1054307549710358
T initRes: 1.581106227462308e-05 finalRes: 7.375062106327351e-07 nIters: 3
nuTilda initRes: 0.0002615365041003854 finalRes: 5.933234616801897e-06 nIters: 2
TP1: 88.11848058295672 final: 88.11848058295672
TP2: 35.77315936781887 final: 35.77315936781887
HFX: 301.8120715021249 final: 301.8120715021249
yPlus min: 1.846000234950907 max: 55.3250269996323 mean: 23.66989669026303
ExecutionTime = 201.25 s  ClockTime = 207 s

Time = 900

U0 initRes: 1.792798863213866e-06 finalRes: 9.376715895852251e-08 nIters: 3
U1 initRes: 5.036507480123016e-06 finalRes: 3.861352121108672e-07 nIters: 3
U2 initRes: 1.203037656135294e-05 finalRes: 1.107620619613234e-06 nIters: 2
p initRes: 0.0002257275726094043 finalRes: 1.309296596747964e-05 nIters: 1
Time step continuity errors : sum local = 0.0002227405267785286
                                 global = -2.422005788622036e-08
                             cumulative = -0.1054307791910937
T initRes: 1.581106227484685e-05 finalRes: 7.375062110359125e-07 nIters: 3
nuTilda initRes: 0.0002615365041002731 finalRes: 5.933234616854215e-06 nIters: 2
TP1: 88.11848058280434 final: 88.11848058280434
TP2: 35.77315936772332 final: 35.77315936772332
HFX: 301.8120715018809 final: 301.8120715018809
yPlus min: 1.846000234951686 max: 55.32502699956865 mean: 23.6698966902378
ExecutionTime = 201.51 s  ClockTime = 207 s

Time = 1000

U0 initRes: 1.792798863608607e-06 finalRes: 9.376715897833862e-08 nIters: 3
U1 initRes: 5.036507479781282e-06 finalRes: 3.861352120927855e-07 nIters: 3
U2 initRes: 1.203037656122356e-05 finalRes: 1.107620619611209e-06 nIters: 2
p initRes: 0.0002257275725787807 finalRes: 1.309296598266661e-05 nIters: 1
Time step continuity errors : sum local = 0.0002227405270984455
                                 global = -2.421978038689351e-08
                             cumulative = -0.1054308034108741
T initRes: 1.581106227472924e-05 finalRes: 7.375062113306666e-07 nIters: 3
nuTilda initRes: 0.0002615365041000894 finalRes: 5.933234616922595e-06 nIters: 2
TP1: 88.11848058282006 final: 88.11848058282006
TP2: 35.7731593677272 final: 35.7731593677272
HFX: 301.8120715018887 final: 301.8120715018887
yPlus min: 1.846000234955025 max: 55.32502699957022 mean: 23.66989669023829
ExecutionTime = 201.76 s  ClockTime = 208 s

End

Moving time 1000 to 0.0051
Printing Primal Residual Statistics.
U Residual Norm2: (25.54847251442898 24.00845661206085 10.62453592029814)
U Residual Mean: (0.03059383937457362 0.02709934054330924 0.01095774400877359)
U Residual Max: (13.58379986441926 10.92478628851265 8.38427808407455)
p Residual Norm2: 8.616134942506385
p Residual Mean: 0.01332169185289639
p Residual Max: 3.161585744468822
T Residual Norm2: 41.15949343236046
T Residual Mean: 0.04547459968672916
T Residual Max: 21.39192065221962
nuTilda Residual Norm2: 0.651567580793961
nuTilda Residual Mean: 0.0004285381215835239
nuTilda Residual Max: 0.5282089511819423
phi Residual Norm2: 0.06463255467885293
phi Residual Mean: 2.56534495282614e-05
phi Residual Max: 0.04469460182717067
Total Residual Norm2: 55.77438120562985
 
 
DAInputVolCoord. 
Setting volume coordinates. 
Checking mesh quality for time = 1000
    Overall domain bounding box (1.280083932612486e-38 -0.09450000000000007 -2.755576768935883e-09) (0.8445000000000003 0.09450000000000008 0.03750000000000003)
    Mesh has 3 geometric (non-empty/wedge) directions (1 1 1)
    Mesh has 3 solution (non-empty) directions (1 1 1)
    Boundary openness (1.632663885230763e-17 -1.113834270036607e-17 -1.38761780470176e-16) OK.
    Max cell openness = 5.881627496273592e-16 OK.
    Max aspect ratio = 69.08288552242711 OK.
    Minimum face area = 1.673117492989639e-06. Maximum face area = 0.001155838073237805.  Face area magnitudes OK.
    Min volume = 5.879974571786619e-09. Max volume = 1.309214681460369e-05.  Total volume = 0.004719833538601399.  Cell volumes OK.
    Mesh non-orthogonality Max: 3.512318637850598 average: 0.2800719781241501
    Non-orthogonality check OK.
    Face pyramids OK.
    Max skewness = 0.2181261541996351 OK.
    Coupled point location match (average 0) OK.

Mesh OK.

Running Primal Solver 052
Previous solution time 1000 not found and nothing deleted.
No finite volume options present

Starting time loop

Time = 1

U0 initRes: 1.800652424039123e-06 finalRes: 9.515962276607172e-08 nIters: 3
U1 initRes: 6.293353527900041e-06 finalRes: 4.00320345790943e-07 nIters: 3
U2 initRes: 1.963019783387111e-05 finalRes: 1.714823514205676e-06 nIters: 2
p initRes: 0.0002476500045941134 finalRes: 1.854477779165755e-05 nIters: 1
Time step continuity errors : sum local = 0.0003154915104283579
                                 global = 1.905485226022772e-08
                             cumulative = -0.1054307843560218
T initRes: 1.573455218257496e-05 finalRes: 7.449681390539872e-07 nIters: 3
nuTilda initRes: 0.0002065407733318586 finalRes: 6.538689857394425e-06 nIters: 2
TP1: 88.11848058402849 final: 88.11848058402849
TP2: 35.77315937181829 final: 35.77315937181829
HFX: 301.811436320051 final: 301.811436320051
yPlus min: 1.854375918376892 max: 55.32502687574941 mean: 23.67053616695868
ExecutionTime = 201.9 s  ClockTime = 208 s

Time = 100

U0 initRes: 1.792481378440682e-06 finalRes: 9.322233189310375e-08 nIters: 3
U1 initRes: 5.019598784046536e-06 finalRes: 3.84503617605129e-07 nIters: 3
U2 initRes: 1.213640836695835e-05 finalRes: 1.122751292041147e-06 nIters: 2
p initRes: 0.0002259116459902232 finalRes: 1.312463175345959e-05 nIters: 1
Time step continuity errors : sum local = 0.0002232787384574034
                                 global = 3.849010377928133e-07
                             cumulative = -0.105430399454984
T initRes: 1.582179308769869e-05 finalRes: 7.369763196640768e-07 nIters: 3
nuTilda initRes: 0.0002618474465753967 finalRes: 5.93719147272647e-06 nIters: 2
TP1: 88.11844754778581 final: 88.11844754778581
TP2: 35.77316291235447 final: 35.77316291235447
HFX: 301.8119344121457 final: 301.8119344121457
yPlus min: 1.845991003747769 max: 55.32502515354031 mean: 23.66988756301911
ExecutionTime = 202.15 s  ClockTime = 208 s

Time = 200

U0 initRes: 1.791727656476332e-06 finalRes: 9.320039748446164e-08 nIters: 3
U1 initRes: 5.017063383743518e-06 finalRes: 3.84450260732924e-07 nIters: 3
U2 initRes: 1.212971695673669e-05 finalRes: 1.122519990747756e-06 nIters: 2
p initRes: 0.0002258431050046229 finalRes: 1.312055075685051e-05 nIters: 1
Time step continuity errors : sum local = 0.0002232093205750112
                                 global = 4.032455920420098e-07
                             cumulative = -0.105429996209392
T initRes: 1.582107157518934e-05 finalRes: 7.369969561881319e-07 nIters: 3
nuTilda initRes: 0.0002618461280154891 finalRes: 5.937127674681965e-06 nIters: 2
TP1: 88.11845479666232 final: 88.11845479666232
TP2: 35.77316268900627 final: 35.77316268900627
HFX: 301.8119380666691 final: 301.8119380666691
yPlus min: 1.845995578303468 max: 55.32502576562161 mean: 23.66988785747597
ExecutionTime = 202.42 s  ClockTime = 208 s

Time = 300

U0 initRes: 1.791764279136133e-06 finalRes: 9.319998742103878e-08 nIters: 3
U1 initRes: 5.016991462732875e-06 finalRes: 3.844468493853866e-07 nIters: 3
U2 initRes: 1.212967201412594e-05 finalRes: 1.122510035300749e-06 nIters: 2
p initRes: 0.0002258407787643497 finalRes: 1.311877315181961e-05 nIters: 1
Time step continuity errors : sum local = 0.0002231790779920862
                                 global = 3.767859997307088e-07
                             cumulative = -0.1054296194233923
T initRes: 1.582105079978204e-05 finalRes: 7.36998894322166e-07 nIters: 3
nuTilda initRes: 0.0002618460540579041 finalRes: 5.937120937235016e-06 nIters: 2
TP1: 88.11845389801147 final: 88.11845389801147
TP2: 35.77316223160043 final: 35.77316223160043
HFX: 301.8119373831336 final: 301.8119373831336
yPlus min: 1.845995648206933 max: 55.32502545757529 mean: 23.66988777011577
ExecutionTime = 202.68 s  ClockTime = 209 s

Time = 400

U0 initRes: 1.791773618091639e-06 finalRes: 9.320055824675158e-08 nIters: 3
U1 initRes: 5.016994381324801e-06 finalRes: 3.844472889596497e-07 nIters: 3
U2 initRes: 1.212966899801402e-05 finalRes: 1.122508078131247e-06 nIters: 2
p initRes: 0.0002258409233735912 finalRes: 1.311855392479068e-05 nIters: 1
Time step continuity errors : sum local = 0.0002231753484515384
                                 global = 3.811827962211961e-07
                             cumulative = -0.1054292382405961
T initRes: 1.582104893423918e-05 finalRes: 7.369995690641483e-07 nIters: 3
nuTilda initRes: 0.0002618460507896456 finalRes: 5.937121687343626e-06 nIters: 2
TP1: 88.11845395360774 final: 88.11845395360774
TP2: 35.77316228631203 final: 35.77316228631203
HFX: 301.8119374594019 final: 301.8119374594019
yPlus min: 1.845995622577536 max: 55.32502544383421 mean: 23.66988776735511
ExecutionTime = 202.91 s  ClockTime = 209 s

Time = 500

U0 initRes: 1.79177371105338e-06 finalRes: 9.32006363908575e-08 nIters: 3
U1 initRes: 5.016998019052076e-06 finalRes: 3.844474636474866e-07 nIters: 3
U2 initRes: 1.212966921563934e-05 finalRes: 1.122507836371278e-06 nIters: 2
p initRes: 0.000225840933283326 finalRes: 1.311853062087614e-05 nIters: 1
Time step continuity errors : sum local = 0.0002231749519014023
                                 global = 3.814686117831899e-07
                             cumulative = -0.1054288567719843
T initRes: 1.582104911295238e-05 finalRes: 7.369995484059737e-07 nIters: 3
nuTilda initRes: 0.0002618460513363777 finalRes: 5.937121796549267e-06 nIters: 2
TP1: 88.11845393288311 final: 88.11845393288311
TP2: 35.77316229098268 final: 35.77316229098268
HFX: 301.8119374487567 final: 301.8119374487567
yPlus min: 1.84599560704832 max: 55.32502543828524 mean: 23.66988776543524
ExecutionTime = 203.14 s  ClockTime = 209 s

Time = 600

U0 initRes: 1.791773453229164e-06 finalRes: 9.320063928768498e-08 nIters: 3
U1 initRes: 5.016998538981824e-06 finalRes: 3.844474903721362e-07 nIters: 3
U2 initRes: 1.212966911359519e-05 finalRes: 1.122507827559302e-06 nIters: 2
p initRes: 0.0002258409278383496 finalRes: 1.31185298009549e-05 nIters: 1
Time step continuity errors : sum local = 0.0002231749380324692
                                 global = 3.81622494081629e-07
                             cumulative = -0.1054284751494902
T initRes: 1.582104916867914e-05 finalRes: 7.369995355037388e-07 nIters: 3
nuTilda initRes: 0.0002618460515261379 finalRes: 5.937121820765885e-06 nIters: 2
TP1: 88.11845393459895 final: 88.11845393459895
TP2: 35.77316229349789 final: 35.77316229349789
HFX: 301.8119374513097 final: 301.8119374513097
yPlus min: 1.845995605423464 max: 55.32502543909811 mean: 23.66988776569258
ExecutionTime = 203.37 s  ClockTime = 209 s

Time = 700

U0 initRes: 1.791773396956118e-06 finalRes: 9.320063781501695e-08 nIters: 3
U1 initRes: 5.016998573399565e-06 finalRes: 3.84447491514233e-07 nIters: 3
U2 initRes: 1.212966910808318e-05 finalRes: 1.12250783240163e-06 nIters: 2
p initRes: 0.0002258409266853974 finalRes: 1.311853009763778e-05 nIters: 1
Time step continuity errors : sum local = 0.0002231749430615468
                                 global = 3.816169845617197e-07
                             cumulative = -0.1054280935325056
T initRes: 1.582104918008321e-05 finalRes: 7.369995311917028e-07 nIters: 3
nuTilda initRes: 0.0002618460515519742 finalRes: 5.93712182007231e-06 nIters: 2
TP1: 88.11845393449406 final: 88.11845393449406
TP2: 35.77316229347581 final: 35.77316229347581
HFX: 301.8119374511202 final: 301.8119374511202
yPlus min: 1.845995605372255 max: 55.32502543917519 mean: 23.66988776570901
ExecutionTime = 203.59 s  ClockTime = 209 s

Time = 800

U0 initRes: 1.791773391598352e-06 finalRes: 9.320063739248933e-08 nIters: 3
U1 initRes: 5.016998564711657e-06 finalRes: 3.844474910206674e-07 nIters: 3
U2 initRes: 1.212966910706458e-05 finalRes: 1.122507833689377e-06 nIters: 2
p initRes: 0.00022584092653525 finalRes: 1.31185301956836e-05 nIters: 1
Time step continuity errors : sum local = 0.0002231749448360108
                                 global = 3.816160181504268e-07
                             cumulative = -0.1054277119164875
T initRes: 1.582104918032778e-05 finalRes: 7.369995321337024e-07 nIters: 3
nuTilda initRes: 0.0002618460515525404 finalRes: 5.93712181966031e-06 nIters: 2
TP1: 88.11845393456237 final: 88.11845393456237
TP2: 35.773162293465 final: 35.773162293465
HFX: 301.811937451159 final: 301.811937451159
yPlus min: 1.845995605418925 max: 55.32502543920599 mean: 23.66988776571886
ExecutionTime = 203.82 s  ClockTime = 210 s

Time = 900

U0 initRes: 1.791773391936951e-06 finalRes: 9.320063734983504e-08 nIters: 3
U1 initRes: 5.016998562023138e-06 finalRes: 3.844474908850494e-07 nIters: 3
U2 initRes: 1.212966910715979e-05 finalRes: 1.122507833819157e-06 nIters: 2
p initRes: 0.0002258409265395298 finalRes: 1.311853020602515e-05 nIters: 1
Time step continuity errors : sum local = 0.0002231749449395256
                                 global = 3.816153342571808e-07
                             cumulative = -0.1054273303011532
T initRes: 1.582104918082247e-05 finalRes: 7.369995306096303e-07 nIters: 3
nuTilda initRes: 0.0002618460515518727 finalRes: 5.937121819543888e-06 nIters: 2
TP1: 88.11845393456176 final: 88.11845393456176
TP2: 35.77316229345448 final: 35.77316229345448
HFX: 301.8119374511506 final: 301.8119374511506
yPlus min: 1.845995605427297 max: 55.32502543920538 mean: 23.66988776571861
ExecutionTime = 204.17 s  ClockTime = 210 s

Time = 1000

U0 initRes: 1.791773392123367e-06 finalRes: 9.320063734526694e-08 nIters: 3
U1 initRes: 5.016998561601885e-06 finalRes: 3.844474908663595e-07 nIters: 3
U2 initRes: 1.212966910699909e-05 finalRes: 1.122507833791092e-06 nIters: 2
p initRes: 0.0002258409265454988 finalRes: 1.311853020736942e-05 nIters: 1
Time step continuity errors : sum local = 0.000223174944980851
                                 global = 3.816153058637386e-07
                             cumulative = -0.1054269486858473
T initRes: 1.58210491786108e-05 finalRes: 7.369995318873854e-07 nIters: 3
nuTilda initRes: 0.0002618460515516748 finalRes: 5.937121819526952e-06 nIters: 2
TP1: 88.11845393456234 final: 88.11845393456234
TP2: 35.77316229345383 final: 35.77316229345383
HFX: 301.8119374511499 final: 301.8119374511499
yPlus min: 1.845995605427932 max: 55.32502543920513 mean: 23.66988776571855
ExecutionTime = 204.46 s  ClockTime = 210 s

End

Moving time 1000 to 0.0052
Printing Primal Residual Statistics.
U Residual Norm2: (25.52750420828473 24.02594015701418 10.58680200103539)
U Residual Mean: (0.03067400006297438 0.02708079531190372 0.01097802888657977)
U Residual Max: (13.58698822166027 10.93748540463348 8.334716124520689)
p Residual Norm2: 8.625876392177222
p Residual Mean: 0.01332764944628848
p Residual Max: 3.164601727631724
T Residual Norm2: 41.18040872238888
T Residual Mean: 0.0455111916450076
T Residual Max: 21.37331066818881
nuTilda Residual Norm2: 0.6515344103744578
nuTilda Residual Mean: 0.0004285872629166774
nuTilda Residual Max: 0.5280485565482103
phi Residual Norm2: 0.06462191351629624
phi Residual Mean: 2.571595501792426e-05
phi Residual Max: 0.04467130030296525
Total Residual Norm2: 55.78207711530003
 
 
DAInputVolCoord. 
Setting volume coordinates. 
Checking mesh quality for time = 1000
    Overall domain bounding box (-6.45911287098631e-10 -0.09450000000000007 -1.949538019919796e-08) (0.8445000000000003 0.09450000000000008 0.03750000000000003)
    Mesh has 3 geometric (non-empty/wedge) directions (1 1 1)
    Mesh has 3 solution (non-empty) directions (1 1 1)
    Boundary openness (1.421442472351161e-17 -1.549610687238166e-17 -7.446525958432003e-17) OK.
    Max cell openness = 4.878449832789917e-16 OK.
    Max aspect ratio = 69.08288552239898 OK.
    Minimum face area = 1.673116557976782e-06. Maximum face area = 0.001155837991873489.  Face area magnitudes OK.
    Min volume = 5.879984982609179e-09. Max volume = 1.30921460690586e-05.  Total volume = 0.004719833506733872.  Cell volumes OK.
    Mesh non-orthogonality Max: 3.513393132216309 average: 0.2801026841809112
    Non-orthogonality check OK.
    Face pyramids OK.
    Max skewness = 0.2181286518111503 OK.
    Coupled point location match (average 0) OK.

Mesh OK.

Running Primal Solver 053
Previous solution time 1000 not found and nothing deleted.
No finite volume options present

Starting time loop

Time = 1

U0 initRes: 1.825817478388896e-06 finalRes: 9.549814429459266e-08 nIters: 3
U1 initRes: 6.471670695510145e-06 finalRes: 4.161118452386119e-07 nIters: 3
U2 initRes: 2.219565093271297e-05 finalRes: 1.927964792761933e-06 nIters: 2
p initRes: 0.0002529785191543935 finalRes: 2.123802302850195e-05 nIters: 1
Time step continuity errors : sum local = 0.0003613108059420172
                                 global = -1.278110213669564e-06
                             cumulative = -0.105428226796061
T initRes: 1.5790691686303e-05 finalRes: 7.49050559107839e-07 nIters: 3
nuTilda initRes: 0.0002065722007250499 finalRes: 6.557756827527153e-06 nIters: 2
TP1: 88.11845635893555 final: 88.11845635893555
TP2: 35.77316000070275 final: 35.77316000070275
HFX: 301.8115227861739 final: 301.8115227861739
yPlus min: 1.854338525245113 max: 55.32502579776096 mean: 23.67052674796539
ExecutionTime = 204.59 s  ClockTime = 210 s

Time = 100

U0 initRes: 1.79444724668254e-06 finalRes: 9.386233638970969e-08 nIters: 3
U1 initRes: 5.040546621523011e-06 finalRes: 3.862826020303654e-07 nIters: 3
U2 initRes: 1.204783026964705e-05 finalRes: 1.108977200538177e-06 nIters: 2
p initRes: 0.000225878752488826 finalRes: 1.311799980087061e-05 nIters: 1
Time step continuity errors : sum local = 0.0002231647033984258
                                 global = 4.29710374016735e-07
                             cumulative = -0.105427797085687
T initRes: 1.581568908967971e-05 finalRes: 7.37563845188601e-07 nIters: 3
nuTilda initRes: 0.0002615867096665274 finalRes: 5.93414019483168e-06 nIters: 2
TP1: 88.11831183635442 final: 88.11831183635442
TP2: 35.77317765338604 final: 35.77317765338604
HFX: 301.8115318841076 final: 301.8115318841076
yPlus min: 1.845963521887708 max: 55.32505960080645 mean: 23.66988621334196
ExecutionTime = 204.82 s  ClockTime = 211 s

Time = 200

U0 initRes: 1.792721487376262e-06 finalRes: 9.377083960018534e-08 nIters: 3
U1 initRes: 5.036608949495118e-06 finalRes: 3.861958769241682e-07 nIters: 3
U2 initRes: 1.203192419404983e-05 finalRes: 1.107994165045322e-06 nIters: 2
p initRes: 0.0002257411605980931 finalRes: 1.307141906491119e-05 nIters: 1
Time step continuity errors : sum local = 0.0002223722655728678
                                 global = -1.381311746379268e-07
                             cumulative = -0.1054279352168616
T initRes: 1.581187360287494e-05 finalRes: 7.3755574574544e-07 nIters: 3
nuTilda initRes: 0.0002615804444074077 finalRes: 5.933732455703835e-06 nIters: 2
TP1: 88.11830708809957 final: 88.11830708809957
TP2: 35.77316893912581 final: 35.77316893912581
HFX: 301.8115173649384 final: 301.8115173649384
yPlus min: 1.845963885034949 max: 55.3250535406551 mean: 23.66988407025838
ExecutionTime = 205.14 s  ClockTime = 211 s

Time = 300

U0 initRes: 1.79269912587801e-06 finalRes: 9.376870684860817e-08 nIters: 3
U1 initRes: 5.03662905568506e-06 finalRes: 3.861961734770611e-07 nIters: 3
U2 initRes: 1.203203014552576e-05 finalRes: 1.108006238669295e-06 nIters: 2
p initRes: 0.0002257365333970241 finalRes: 1.307139776785419e-05 nIters: 1
Time step continuity errors : sum local = 0.0002223719078433641
                                 global = -4.72120579317651e-08
                             cumulative = -0.1054279824289196
T initRes: 1.581187503295908e-05 finalRes: 7.375484552508634e-07 nIters: 3
nuTilda initRes: 0.000261580443874762 finalRes: 5.93373484463424e-06 nIters: 2
TP1: 88.11830917120871 final: 88.11830917120871
TP2: 35.7731702495123 final: 35.7731702495123
HFX: 301.8115200805887 final: 301.8115200805887
yPlus min: 1.845963849511441 max: 55.32505422303613 mean: 23.66988436306425
ExecutionTime = 205.37 s  ClockTime = 211 s

Time = 400

U0 initRes: 1.792689681706312e-06 finalRes: 9.376863266158179e-08 nIters: 3
U1 initRes: 5.036639196174361e-06 finalRes: 3.861964817448698e-07 nIters: 3
U2 initRes: 1.203203984582003e-05 finalRes: 1.108005041409426e-06 nIters: 2
p initRes: 0.0002257359742820053 finalRes: 1.307169529645599e-05 nIters: 1
Time step continuity errors : sum local = 0.0002223769694232426
                                 global = -4.635938333339174e-08
                             cumulative = -0.1054280287883029
T initRes: 1.581187419782493e-05 finalRes: 7.375484346665262e-07 nIters: 3
nuTilda initRes: 0.0002615804445306784 finalRes: 5.933734081798063e-06 nIters: 2
TP1: 88.1183090504659 final: 88.1183090504659
TP2: 35.77317026315264 final: 35.77317026315264
HFX: 301.8115201447737 final: 301.8115201447737
yPlus min: 1.845963797472863 max: 55.325054242531 mean: 23.66988437173328
ExecutionTime = 205.59 s  ClockTime = 212 s

Time = 500

U0 initRes: 1.792691199398979e-06 finalRes: 9.376865836711109e-08 nIters: 3
U1 initRes: 5.036638791272887e-06 finalRes: 3.861964772355084e-07 nIters: 3
U2 initRes: 1.203203960940865e-05 finalRes: 1.108005040176612e-06 nIters: 2
p initRes: 0.0002257359836699317 finalRes: 1.307169454320545e-05 nIters: 1
Time step continuity errors : sum local = 0.0002223769564703517
                                 global = -4.773743958283927e-08
                             cumulative = -0.1054280765257425
T initRes: 1.581187383563457e-05 finalRes: 7.375484548649711e-07 nIters: 3
nuTilda initRes: 0.0002615804439919469 finalRes: 5.933734133015532e-06 nIters: 2
TP1: 88.11830902413999 final: 88.11830902413999
TP2: 35.77317024339735 final: 35.77317024339735
HFX: 301.8115200950372 final: 301.8115200950372
yPlus min: 1.845963800962988 max: 55.32505422886694 mean: 23.66988436617052
ExecutionTime = 205.82 s  ClockTime = 212 s

Time = 600

U0 initRes: 1.792691305630766e-06 finalRes: 9.376865699652489e-08 nIters: 3
U1 initRes: 5.036638832324805e-06 finalRes: 3.861964756490463e-07 nIters: 3
U2 initRes: 1.203203945656242e-05 finalRes: 1.108005058289472e-06 nIters: 2
p initRes: 0.0002257359962509933 finalRes: 1.30716844728621e-05 nIters: 1
Time step continuity errors : sum local = 0.0002223767852115173
                                 global = -4.759528946012238e-08
                             cumulative = -0.1054281241210319
T initRes: 1.581187381134702e-05 finalRes: 7.375484472246157e-07 nIters: 3
nuTilda initRes: 0.0002615804439559323 finalRes: 5.933734138212518e-06 nIters: 2
TP1: 88.11830902841022 final: 88.11830902841022
TP2: 35.77317024540247 final: 35.77317024540247
HFX: 301.8115201000097 final: 301.8115201000097
yPlus min: 1.845963801496199 max: 55.32505423010739 mean: 23.66988436666095
ExecutionTime = 206.05 s  ClockTime = 212 s

Time = 700

U0 initRes: 1.792691290698679e-06 finalRes: 9.376865650612083e-08 nIters: 3
U1 initRes: 5.036638848051987e-06 finalRes: 3.861964758606833e-07 nIters: 3
U2 initRes: 1.203203943920045e-05 finalRes: 1.108005057264182e-06 nIters: 2
p initRes: 0.0002257359981385782 finalRes: 1.307168316252795e-05 nIters: 1
Time step continuity errors : sum local = 0.00022237676294935
                                 global = -4.75892682768776e-08
                             cumulative = -0.1054281717103002
T initRes: 1.581187381557387e-05 finalRes: 7.375484461079853e-07 nIters: 3
nuTilda initRes: 0.0002615804439584827 finalRes: 5.93373413663027e-06 nIters: 2
TP1: 88.11830902829665 final: 88.11830902829665
TP2: 35.77317024548896 final: 35.77317024548896
HFX: 301.8115201003061 final: 301.8115201003061
yPlus min: 1.845963801417592 max: 55.32505423020139 mean: 23.66988436670242
ExecutionTime = 206.27 s  ClockTime = 212 s

Time = 800

U0 initRes: 1.792691291585934e-06 finalRes: 9.376865656413157e-08 nIters: 3
U1 initRes: 5.036638843163717e-06 finalRes: 3.861964758513816e-07 nIters: 3
U2 initRes: 1.203203943869372e-05 finalRes: 1.108005057163722e-06 nIters: 2
p initRes: 0.0002257359981068551 finalRes: 1.307168324128464e-05 nIters: 1
Time step continuity errors : sum local = 0.0002223767641380534
                                 global = -4.75933411591076e-08
                             cumulative = -0.1054282193036414
T initRes: 1.581187381670527e-05 finalRes: 7.37548447965219e-07 nIters: 3
nuTilda initRes: 0.0002615804439597813 finalRes: 5.933734136862038e-06 nIters: 2
TP1: 88.11830902823235 final: 88.11830902823235
TP2: 35.77317024543105 final: 35.77317024543105
HFX: 301.8115201001518 final: 301.8115201001518
yPlus min: 1.845963801426355 max: 55.32505423016148 mean: 23.66988436668647
ExecutionTime = 206.5 s  ClockTime = 212 s

Time = 900

U0 initRes: 1.792691291346589e-06 finalRes: 9.376865656620593e-08 nIters: 3
U1 initRes: 5.036638842753722e-06 finalRes: 3.861964758397292e-07 nIters: 3
U2 initRes: 1.203203943901133e-05 finalRes: 1.108005057171977e-06 nIters: 2
p initRes: 0.0002257359980536103 finalRes: 1.307168326617775e-05 nIters: 1
Time step continuity errors : sum local = 0.0002223767647019483
                                 global = -4.759301626968114e-08
                             cumulative = -0.1054282668966576
T initRes: 1.581187381816355e-05 finalRes: 7.375484464507159e-07 nIters: 3
nuTilda initRes: 0.0002615804439599961 finalRes: 5.933734136898794e-06 nIters: 2
TP1: 88.11830902824572 final: 88.11830902824572
TP2: 35.77317024543568 final: 35.77317024543568
HFX: 301.8115201001623 final: 301.8115201001623
yPlus min: 1.845963801427164 max: 55.3250542301639 mean: 23.66988436668738
ExecutionTime = 206.72 s  ClockTime = 213 s

Time = 1000

U0 initRes: 1.792691291305972e-06 finalRes: 9.376865657177305e-08 nIters: 3
U1 initRes: 5.03663884287106e-06 finalRes: 3.861964758415136e-07 nIters: 3
U2 initRes: 1.203203943913479e-05 finalRes: 1.108005057167655e-06 nIters: 2
p initRes: 0.0002257359980457873 finalRes: 1.30716832722887e-05 nIters: 1
Time step continuity errors : sum local = 0.00022237676477286
                                 global = -4.759293999748774e-08
                             cumulative = -0.1054283144895976
T initRes: 1.581187381863794e-05 finalRes: 7.375484474320965e-07 nIters: 3
nuTilda initRes: 0.0002615804439600194 finalRes: 5.933734136884966e-06 nIters: 2
TP1: 88.1183090282462 final: 88.1183090282462
TP2: 35.77317024543675 final: 35.77317024543675
HFX: 301.8115201001654 final: 301.8115201001654
yPlus min: 1.845963801425925 max: 55.32505423016465 mean: 23.66988436668765
ExecutionTime = 206.95 s  ClockTime = 213 s

End

Moving time 1000 to 0.0053
Printing Primal Residual Statistics.
U Residual Norm2: (25.54938483403007 24.01088276304247 10.62389403085769)
U Residual Mean: (0.03059509124079701 0.02710211292373104 0.0109590431467938)
U Residual Max: (13.58380399874421 10.9258235088417 8.38287094508779)
p Residual Norm2: 8.616513479620968
p Residual Mean: 0.01332266038847187
p Residual Max: 3.16135235097686
T Residual Norm2: 41.15937338732918
T Residual Mean: 0.04547648744268744
T Residual Max: 21.38851290192931
nuTilda Residual Norm2: 0.6515058237188277
nuTilda Residual Mean: 0.0004285581443620631
nuTilda Residual Max: 0.5281016561253906
phi Residual Norm2: 0.06463287471362969
phi Residual Mean: 2.565387832287234e-05
phi Residual Max: 0.04469458321233127
Total Residual Norm2: 55.77569040599797
 
 
DAInputVolCoord. 
Setting volume coordinates. 
Checking mesh quality for time = 1000
    Overall domain bounding box (1.243191784319188e-37 -0.09450000000000007 -8.698730825826681e-10) (0.8445000000000003 0.09450000000000008 0.03750000000000003)
    Mesh has 3 geometric (non-empty/wedge) directions (1 1 1)
    Mesh has 3 solution (non-empty) directions (1 1 1)
    Boundary openness (-1.306229949765939e-17 -1.872269817304444e-17 -4.370984366436882e-17) OK.
    Max cell openness = 3.939289518238237e-16 OK.
    Max aspect ratio = 69.082885523016 OK.
    Minimum face area = 1.673088071930634e-06. Maximum face area = 0.001155838922971935.  Face area magnitudes OK.
    Min volume = 5.87967361052481e-09. Max volume = 1.309215469784457e-05.  Total volume = 0.004719833521685613.  Cell volumes OK.
    Mesh non-orthogonality Max: 3.530759005096735 average: 0.2806664079156023
    Non-orthogonality check OK.
    Face pyramids OK.
    Max skewness = 0.2181261556326461 OK.
    Coupled point location match (average 0) OK.

Mesh OK.

Running Primal Solver 054
Previous solution time 1000 not found and nothing deleted.
No finite volume options present

Starting time loop

Time = 1

U0 initRes: 2.288006581338045e-06 finalRes: 1.318636687062657e-07 nIters: 3
U1 initRes: 1.456536966364923e-05 finalRes: 9.754198350635297e-07 nIters: 3
U2 initRes: 5.929366882644918e-05 finalRes: 2.82881426527912e-06 nIters: 3
p initRes: 0.0003750223965391833 finalRes: 9.594315693843459e-06 nIters: 2
Time step continuity errors : sum local = 0.0001632224102966227
                                 global = -2.093554647458724e-06
                             cumulative = -0.1054304080442451
T initRes: 1.704182003262055e-05 finalRes: 7.684179506303485e-07 nIters: 3
nuTilda initRes: 0.0002096625509229699 finalRes: 6.866697434575938e-06 nIters: 2
TP1: 88.11830900748588 final: 88.11830900748588
TP2: 35.77316500158418 final: 35.77316500158418
HFX: 301.8099820323486 final: 301.8099820323486
yPlus min: 1.854417960326552 max: 55.32504709036057 mean: 23.67053636240164
ExecutionTime = 207.07 s  ClockTime = 213 s

Time = 100

U0 initRes: 1.838891019016714e-06 finalRes: 9.464586574123647e-08 nIters: 3
U1 initRes: 5.072775083982521e-06 finalRes: 3.860407203176755e-07 nIters: 3
U2 initRes: 1.230039775462322e-05 finalRes: 1.128430920586974e-06 nIters: 2
p initRes: 0.0002273319663730827 finalRes: 1.368111826701434e-05 nIters: 1
Time step continuity errors : sum local = 0.0002327466385669641
                                 global = 2.025289611188873e-06
                             cumulative = -0.1054283827546339
T initRes: 1.58555878099666e-05 finalRes: 7.373790910116436e-07 nIters: 3
nuTilda initRes: 0.0002619628277866435 finalRes: 5.940326723669823e-06 nIters: 2
TP1: 88.11824906967711 final: 88.11824906967711
TP2: 35.77317114092886 final: 35.77317114092886
HFX: 301.8122514151781 final: 301.8122514151781
yPlus min: 1.845979683216203 max: 55.32504883102342 mean: 23.66991253312169
ExecutionTime = 207.4 s  ClockTime = 213 s

Time = 200

U0 initRes: 1.792850229569044e-06 finalRes: 9.327741093841429e-08 nIters: 3
U1 initRes: 5.019682167877168e-06 finalRes: 3.845972847599052e-07 nIters: 3
U2 initRes: 1.213150653829006e-05 finalRes: 1.12241445428081e-06 nIters: 2
p initRes: 0.0002258886084958351 finalRes: 1.313783346437271e-05 nIters: 1
Time step continuity errors : sum local = 0.0002235040879124393
                                 global = 9.557308075089716e-08
                             cumulative = -0.1054282871815531
T initRes: 1.582268583195228e-05 finalRes: 7.370344344602234e-07 nIters: 3
nuTilda initRes: 0.00026190907274444 finalRes: 5.938017390914101e-06 nIters: 2
TP1: 88.11816604782649 final: 88.11816604782649
TP2: 35.77314912219759 final: 35.77314912219759
HFX: 301.8122152483257 final: 301.8122152483257
yPlus min: 1.845947300653924 max: 55.32504415579983 mean: 23.66990592590403
ExecutionTime = 207.65 s  ClockTime = 214 s

Time = 300

U0 initRes: 1.791808053975431e-06 finalRes: 9.321521245187572e-08 nIters: 3
U1 initRes: 5.017680458477682e-06 finalRes: 3.845163405690124e-07 nIters: 3
U2 initRes: 1.212821517283082e-05 finalRes: 1.122317899686847e-06 nIters: 2
p initRes: 0.0002258615107250973 finalRes: 1.311940406066652e-05 nIters: 1
Time step continuity errors : sum local = 0.0002231905779397074
                                 global = 3.907552515814002e-07
                             cumulative = -0.1054278964263016
T initRes: 1.582206581969216e-05 finalRes: 7.370667091189457e-07 nIters: 3
nuTilda initRes: 0.0002619075177197792 finalRes: 5.937837878084885e-06 nIters: 2
TP1: 88.11817851144548 final: 88.11817851144548
TP2: 35.77315269409054 final: 35.77315269409054
HFX: 301.8122280137344 final: 301.8122280137344
yPlus min: 1.84595111812333 max: 55.32504666682444 mean: 23.66990707993792
ExecutionTime = 207.88 s  ClockTime = 214 s

Time = 400

U0 initRes: 1.79185656596179e-06 finalRes: 9.321703458738214e-08 nIters: 3
U1 initRes: 5.017665566271334e-06 finalRes: 3.845162315318519e-07 nIters: 3
U2 initRes: 1.212821051049137e-05 finalRes: 1.12229913866827e-06 nIters: 2
p initRes: 0.0002258574342230796 finalRes: 1.311508854475228e-05 nIters: 1
Time step continuity errors : sum local = 0.0002231171581119268
                                 global = 3.530805139352776e-07
                             cumulative = -0.1054275433457876
T initRes: 1.582204022902775e-05 finalRes: 7.370684077439996e-07 nIters: 3
nuTilda initRes: 0.0002619074183723594 finalRes: 5.937829318079862e-06 nIters: 2
TP1: 88.11817672414996 final: 88.11817672414996
TP2: 35.77315207016786 final: 35.77315207016786
HFX: 301.8122263813219 final: 301.8122263813219
yPlus min: 1.845950884395334 max: 55.32504600117498 mean: 23.66990686561806
ExecutionTime = 208.11 s  ClockTime = 214 s

Time = 500

U0 initRes: 1.791859212795583e-06 finalRes: 9.321786718112258e-08 nIters: 3
U1 initRes: 5.017687727679534e-06 finalRes: 3.845177090753668e-07 nIters: 3
U2 initRes: 1.212821529988653e-05 finalRes: 1.122296899510574e-06 nIters: 2
p initRes: 0.0002258573217440025 finalRes: 1.311447653337125e-05 nIters: 1
Time step continuity errors : sum local = 0.0002231067467207798
                                 global = 3.649603473014261e-07
                             cumulative = -0.1054271783854403
T initRes: 1.58220413122377e-05 finalRes: 7.370687013103756e-07 nIters: 3
nuTilda initRes: 0.0002619074213256404 finalRes: 5.93783092164236e-06 nIters: 2
TP1: 88.11817685319672 final: 88.11817685319672
TP2: 35.77315224144189 final: 35.77315224144189
HFX: 301.8122265936687 final: 301.8122265936687
yPlus min: 1.845950787323465 max: 55.32504601880247 mean: 23.6699068739947
ExecutionTime = 208.34 s  ClockTime = 214 s

Time = 600

U0 initRes: 1.791856338589386e-06 finalRes: 9.321790518495162e-08 nIters: 3
U1 initRes: 5.017693280519009e-06 finalRes: 3.845179392579476e-07 nIters: 3
U2 initRes: 1.212821695343501e-05 finalRes: 1.12229695466542e-06 nIters: 2
p initRes: 0.000225857249515676 finalRes: 1.311446970976276e-05 nIters: 1
Time step continuity errors : sum local = 0.0002231066306249092
                                 global = 3.650487988264881e-07
                             cumulative = -0.1054268133366415
T initRes: 1.582204203423866e-05 finalRes: 7.370684994309641e-07 nIters: 3
nuTilda initRes: 0.0002619074232810061 finalRes: 5.937831017335286e-06 nIters: 2
TP1: 88.11817682862218 final: 88.11817682862218
TP2: 35.77315224572925 final: 35.77315224572925
HFX: 301.8122265753121 final: 301.8122265753121
yPlus min: 1.845950768726456 max: 55.32504601673809 mean: 23.66990687286699
ExecutionTime = 208.56 s  ClockTime = 215 s

Time = 700

U0 initRes: 1.791855784649724e-06 finalRes: 9.321788768251729e-08 nIters: 3
U1 initRes: 5.017693241129253e-06 finalRes: 3.845179333927235e-07 nIters: 3
U2 initRes: 1.212821678452904e-05 finalRes: 1.122297025055808e-06 nIters: 2
p initRes: 0.0002258572375993278 finalRes: 1.311447325685642e-05 nIters: 1
Time step continuity errors : sum local = 0.0002231066909131442
                                 global = 3.650996596410635e-07
                             cumulative = -0.1054264482369818
T initRes: 1.58220420621473e-05 finalRes: 7.370684732244488e-07 nIters: 3
nuTilda initRes: 0.0002619074234611293 finalRes: 5.937831018341841e-06 nIters: 2
TP1: 88.11817683408077 final: 88.11817683408077
TP2: 35.77315224683313 final: 35.77315224683313
HFX: 301.8122265789198 final: 301.8122265789198
yPlus min: 1.845950770184487 max: 55.32504601890913 mean: 23.66990687355842
ExecutionTime = 208.79 s  ClockTime = 215 s

Time = 800

U0 initRes: 1.791855784326297e-06 finalRes: 9.321788366252619e-08 nIters: 3
U1 initRes: 5.017693120511502e-06 finalRes: 3.845179260834015e-07 nIters: 3
U2 initRes: 1.212821674269044e-05 finalRes: 1.122297033802814e-06 nIters: 2
p initRes: 0.0002258572378285054 finalRes: 1.311447366633344e-05 nIters: 1
Time step continuity errors : sum local = 0.0002231066978010911
                                 global = 3.650566381696413e-07
                             cumulative = -0.1054260831803437
T initRes: 1.582204204708424e-05 finalRes: 7.370684733091694e-07 nIters: 3
nuTilda initRes: 0.0002619074234331251 finalRes: 5.937831010710637e-06 nIters: 2
TP1: 88.11817683386761 final: 88.11817683386761
TP2: 35.7731522461979 final: 35.7731522461979
HFX: 301.812226578414 final: 301.812226578414
yPlus min: 1.845950770705275 max: 55.32504601892736 mean: 23.66990687355952
ExecutionTime = 209.02 s  ClockTime = 215 s

Time = 900

U0 initRes: 1.791855799260226e-06 finalRes: 9.3217883601221e-08 nIters: 3
U1 initRes: 5.017693096152949e-06 finalRes: 3.845179251076847e-07 nIters: 3
U2 initRes: 1.212821673554724e-05 finalRes: 1.122297033096661e-06 nIters: 2
p initRes: 0.0002258572381028693 finalRes: 1.311447363767456e-05 nIters: 1
Time step continuity errors : sum local = 0.0002231066973724967
                                 global = 3.650546189818083e-07
                             cumulative = -0.1054257181257247
T initRes: 1.582204204481584e-05 finalRes: 7.370684744407806e-07 nIters: 3
nuTilda initRes: 0.0002619074234233689 finalRes: 5.937831010182758e-06 nIters: 2
TP1: 88.11817683391685 final: 88.11817683391685
TP2: 35.7731522461542 final: 35.7731522461542
HFX: 301.8122265784302 final: 301.8122265784302
yPlus min: 1.845950770779892 max: 55.32504601891496 mean: 23.66990687355684
ExecutionTime = 209.25 s  ClockTime = 215 s

Time = 1000

U0 initRes: 1.791855801651355e-06 finalRes: 9.321788368876501e-08 nIters: 3
U1 initRes: 5.017693096833615e-06 finalRes: 3.845179251584494e-07 nIters: 3
U2 initRes: 1.212821673648615e-05 finalRes: 1.122297032782436e-06 nIters: 2
p initRes: 0.0002258572381515494 finalRes: 1.311447362045049e-05 nIters: 1
Time step continuity errors : sum local = 0.0002231066971139393
                                 global = 3.650547592457819e-07
                             cumulative = -0.1054253530709655
T initRes: 1.582204204567363e-05 finalRes: 7.370684725511919e-07 nIters: 3
nuTilda initRes: 0.0002619074234227284 finalRes: 5.937831010226579e-06 nIters: 2
TP1: 88.11817683389812 final: 88.11817683389812
TP2: 35.77315224615462 final: 35.77315224615462
HFX: 301.812226578423 final: 301.812226578423
yPlus min: 1.845950770771049 max: 55.32504601890684 mean: 23.66990687355434
ExecutionTime = 209.47 s  ClockTime = 215 s

End

Moving time 1000 to 0.0054
Printing Primal Residual Statistics.
U Residual Norm2: (25.52996694214449 24.02995049765619 10.58650629914339)
U Residual Mean: (0.0306780371664664 0.02708437478585063 0.01097869201225319)
U Residual Max: (13.5869880543717 10.93883663885825 8.333595635093213)
p Residual Norm2: 8.626406323428727
p Residual Mean: 0.01332918168094469
p Residual Max: 3.164626735309512
T Residual Norm2: 41.17977211119914
T Residual Mean: 0.04551375722116634
T Residual Max: 21.36790948630403
nuTilda Residual Norm2: 0.651473537892043
nuTilda Residual Mean: 0.000428621638666206
nuTilda Residual Max: 0.5279307834186389
phi Residual Norm2: 0.06462266079542588
phi Residual Mean: 2.571781432885188e-05
phi Residual Max: 0.04467127306710383
Total Residual Norm2: 55.78448672932868
 
 
DAInputVolCoord. 
Setting volume coordinates. 
Checking mesh quality for time = 1000
    Overall domain bounding box (-6.212067540516361e-09 -0.09450000000000007 -1.085971621720445e-08) (0.8445000000000003 0.09450000000000008 0.03750000000000003)
    Mesh has 3 geometric (non-empty/wedge) directions (1 1 1)
    Mesh has 3 solution (non-empty) directions (1 1 1)
    Boundary openness (1.558368019149948e-17 1.144224194114588e-17 -1.089042200009812e-16) OK.
    Max cell openness = 4.023386506500552e-16 OK.
    Max aspect ratio = 69.08288552256562 OK.
    Minimum face area = 1.673097952757695e-06. Maximum face area = 0.001155838007549239.  Face area magnitudes OK.
    Min volume = 5.879984616913183e-09. Max volume = 1.30921462176125e-05.  Total volume = 0.004719833523651223.  Cell volumes OK.
    Mesh non-orthogonality Max: 3.512288651577612 average: 0.280117660392582
    Non-orthogonality check OK.
    Face pyramids OK.
    Max skewness = 0.2181323657373377 OK.
    Coupled point location match (average 0) OK.

Mesh OK.

Running Primal Solver 055
Previous solution time 1000 not found and nothing deleted.
No finite volume options present

Starting time loop

Time = 1

U0 initRes: 2.773869066279977e-06 finalRes: 1.597595421610933e-07 nIters: 3
U1 initRes: 2.442185148425523e-05 finalRes: 1.468635457984757e-06 nIters: 3
U2 initRes: 0.0001088105393360747 finalRes: 5.608397301495441e-06 nIters: 3
p initRes: 0.0005728800366517087 finalRes: 4.251247673095627e-05 nIters: 2
Time step continuity errors : sum local = 0.0007232396347764137
                                 global = 9.441361923051214e-06
                             cumulative = -0.1054159117090424
T initRes: 1.85005258960705e-05 finalRes: 8.836949065955297e-07 nIters: 3
nuTilda initRes: 0.0002136491101883201 finalRes: 7.088797478420518e-06 nIters: 2
TP1: 88.11818025034805 final: 88.11818025034805
TP2: 35.77318052585852 final: 35.77318052585852
HFX: 301.8134438115903 final: 301.8134438115903
yPlus min: 1.85428510971499 max: 55.3250638271309 mean: 23.67052341466665
ExecutionTime = 209.61 s  ClockTime = 216 s

Time = 100

U0 initRes: 1.811779477488341e-06 finalRes: 9.481551766696624e-08 nIters: 3
U1 initRes: 5.064622605727864e-06 finalRes: 3.862424731567163e-07 nIters: 3
U2 initRes: 1.218923775905285e-05 finalRes: 1.117374800271433e-06 nIters: 2
p initRes: 0.0002268571067586041 finalRes: 1.370852114383446e-05 nIters: 1
Time step continuity errors : sum local = 0.0002332099197173604
                                 global = -1.949903578123066e-06
                             cumulative = -0.1054178616126205
T initRes: 1.583146151744354e-05 finalRes: 7.390826467170295e-07 nIters: 3
nuTilda initRes: 0.0002615701371598301 finalRes: 5.936024087299169e-06 nIters: 2
TP1: 88.11855640491892 final: 88.11855640491892
TP2: 35.77314636263281 final: 35.77314636263281
HFX: 301.8112159189632 final: 301.8112159189632
yPlus min: 1.846032949162028 max: 55.32503248709292 mean: 23.66986444258384
ExecutionTime = 209.84 s  ClockTime = 216 s

Time = 200

U0 initRes: 1.793470420020607e-06 finalRes: 9.375816163093613e-08 nIters: 3
U1 initRes: 5.036433238577954e-06 finalRes: 3.861466676301698e-07 nIters: 3
U2 initRes: 1.203404181842697e-05 finalRes: 1.10784696547922e-06 nIters: 2
p initRes: 0.0002258355309846783 finalRes: 1.31511285535843e-05 nIters: 1
Time step continuity errors : sum local = 0.0002237275343368908
                                 global = 1.814541134490834e-07
                             cumulative = -0.1054176801585071
T initRes: 1.581200913713912e-05 finalRes: 7.374028350731009e-07 nIters: 3
nuTilda initRes: 0.000261523705739038 finalRes: 5.933550553524597e-06 nIters: 2
TP1: 88.11858748247029 final: 88.11858748247029
TP2: 35.7731833077212 final: 35.7731833077212
HFX: 301.8112240130367 final: 301.8112240130367
yPlus min: 1.846008137705901 max: 55.32503075326498 mean: 23.6698645387387
ExecutionTime = 210.07 s  ClockTime = 216 s

Time = 300

U0 initRes: 1.792483185188152e-06 finalRes: 9.374910560211756e-08 nIters: 3
U1 initRes: 5.036296611952283e-06 finalRes: 3.861187777657295e-07 nIters: 3
U2 initRes: 1.203067987981569e-05 finalRes: 1.107670476111135e-06 nIters: 2
p initRes: 0.0002257262450643132 finalRes: 1.309477614023722e-05 nIters: 1
Time step continuity errors : sum local = 0.0002227688623961342
                                 global = 1.932647030780095e-08
                             cumulative = -0.1054176608320368
T initRes: 1.581086738084432e-05 finalRes: 7.374809051183392e-07 nIters: 3
nuTilda initRes: 0.0002615205555046959 finalRes: 5.933118653229468e-06 nIters: 2
TP1: 88.11858680210732 final: 88.11858680210732
TP2: 35.77318078658488 final: 35.77318078658488
HFX: 301.811231369558 final: 301.811231369558
yPlus min: 1.846008297152118 max: 55.3250339864839 mean: 23.66986534285322
ExecutionTime = 210.4 s  ClockTime = 216 s

Time = 400

U0 initRes: 1.792530376546861e-06 finalRes: 9.374846465034625e-08 nIters: 3
U1 initRes: 5.036302046297722e-06 finalRes: 3.861182143415781e-07 nIters: 3
U2 initRes: 1.203060327176292e-05 finalRes: 1.107673985226082e-06 nIters: 2
p initRes: 0.0002257234982239915 finalRes: 1.308911774764105e-05 nIters: 1
Time step continuity errors : sum local = 0.0002226726014797792
                                 global = -1.546006117242715e-08
                             cumulative = -0.1054176762920979
T initRes: 1.581085748466392e-05 finalRes: 7.374773745204889e-07 nIters: 3
nuTilda initRes: 0.0002615205314315861 finalRes: 5.933114232368037e-06 nIters: 2
TP1: 88.11858593602996 final: 88.11858593602996
TP2: 35.77318028577582 final: 35.77318028577582
HFX: 301.811230142627 final: 301.811230142627
yPlus min: 1.84600846143734 max: 55.32503366951207 mean: 23.66986522609901
ExecutionTime = 210.64 s  ClockTime = 217 s

Time = 500

U0 initRes: 1.792532023878122e-06 finalRes: 9.374855994411887e-08 nIters: 3
U1 initRes: 5.036293683818414e-06 finalRes: 3.861182176040496e-07 nIters: 3
U2 initRes: 1.203059674046339e-05 finalRes: 1.107674247018432e-06 nIters: 2
p initRes: 0.0002257237956412629 finalRes: 1.30887907878398e-05 nIters: 1
Time step continuity errors : sum local = 0.0002226670392947274
                                 global = -1.543803608827881e-08
                             cumulative = -0.105417691730134
T initRes: 1.581086262809601e-05 finalRes: 7.37477068206482e-07 nIters: 3
nuTilda initRes: 0.0002615205397320835 finalRes: 5.933114600717319e-06 nIters: 2
TP1: 88.11858601206399 final: 88.11858601206399
TP2: 35.77318028614059 final: 35.77318028614059
HFX: 301.8112301057656 final: 301.8112301057656
yPlus min: 1.846008485598791 max: 55.32503365712623 mean: 23.66986522192007
ExecutionTime = 210.89 s  ClockTime = 217 s

Time = 600

U0 initRes: 1.792530656719276e-06 finalRes: 9.374855919355643e-08 nIters: 3
U1 initRes: 5.036292988612375e-06 finalRes: 3.861182092242973e-07 nIters: 3
U2 initRes: 1.203059707686579e-05 finalRes: 1.107674193348282e-06 nIters: 2
p initRes: 0.0002257237169405832 finalRes: 1.308883995398923e-05 nIters: 1
Time step continuity errors : sum local = 0.0002226678757041009
                                 global = -1.499401618062135e-08
                             cumulative = -0.1054177067241502
T initRes: 1.581086322221777e-05 finalRes: 7.374771234012641e-07 nIters: 3
nuTilda initRes: 0.0002615205405018729 finalRes: 5.933114595991419e-06 nIters: 2
TP1: 88.11858602419298 final: 88.11858602419298
TP2: 35.7731802925444 final: 35.7731802925444
HFX: 301.811230121935 final: 301.811230121935
yPlus min: 1.846008483345884 max: 55.32503366199006 mean: 23.66986522378195
ExecutionTime = 211.15 s  ClockTime = 217 s

Time = 700

U0 initRes: 1.79253054506653e-06 finalRes: 9.37485607391216e-08 nIters: 3
U1 initRes: 5.036292955395949e-06 finalRes: 3.861182091773435e-07 nIters: 3
U2 initRes: 1.203059728996421e-05 finalRes: 1.107674183005036e-06 nIters: 2
p initRes: 0.0002257236965286716 finalRes: 1.308885435820979e-05 nIters: 1
Time step continuity errors : sum local = 0.0002226681207503937
                                 global = -1.503635262249905e-08
                             cumulative = -0.1054177217605028
T initRes: 1.581086321710521e-05 finalRes: 7.374771335554675e-07 nIters: 3
nuTilda initRes: 0.0002615205404759827 finalRes: 5.933114594335618e-06 nIters: 2
TP1: 88.11858602286242 final: 88.11858602286242
TP2: 35.77318029195329 final: 35.77318029195329
HFX: 301.8112301203641 final: 301.8112301203641
yPlus min: 1.846008482950826 max: 55.32503366161499 mean: 23.66986522361911
ExecutionTime = 211.37 s  ClockTime = 217 s

Time = 800

U0 initRes: 1.792530552875291e-06 finalRes: 9.37485607964789e-08 nIters: 3
U1 initRes: 5.03629296687086e-06 finalRes: 3.861182092552808e-07 nIters: 3
U2 initRes: 1.203059731172902e-05 finalRes: 1.107674183409535e-06 nIters: 2
p initRes: 0.0002257236949977168 finalRes: 1.308885539405189e-05 nIters: 1
Time step continuity errors : sum local = 0.0002226681383737639
                                 global = -1.503385682639726e-08
                             cumulative = -0.1054177367943597
T initRes: 1.581086320120214e-05 finalRes: 7.374771354554614e-07 nIters: 3
nuTilda initRes: 0.0002615205404568461 finalRes: 5.933114594691108e-06 nIters: 2
TP1: 88.11858602290235 final: 88.11858602290235
TP2: 35.77318029198857 final: 35.77318029198857
HFX: 301.8112301204252 final: 301.8112301204252
yPlus min: 1.846008482952077 max: 55.32503366161966 mean: 23.66986522361934
ExecutionTime = 211.6 s  ClockTime = 218 s

Time = 900

U0 initRes: 1.792530554536368e-06 finalRes: 9.374856069354407e-08 nIters: 3
U1 initRes: 5.036292971456864e-06 finalRes: 3.861182092819753e-07 nIters: 3
U2 initRes: 1.203059731075217e-05 finalRes: 1.107674183525226e-06 nIters: 2
p initRes: 0.0002257236952193704 finalRes: 1.308885522023575e-05 nIters: 1
Time step continuity errors : sum local = 0.0002226681353986351
                                 global = -1.503242334014496e-08
                             cumulative = -0.105417751826783
T initRes: 1.581086319830895e-05 finalRes: 7.374771354764098e-07 nIters: 3
nuTilda initRes: 0.0002615205404541324 finalRes: 5.933114594581952e-06 nIters: 2
TP1: 88.1185860229085 final: 88.1185860229085
TP2: 35.77318029200877 final: 35.77318029200877
HFX: 301.8112301204828 final: 301.8112301204828
yPlus min: 1.846008482949923 max: 55.3250336616339 mean: 23.66986522362528
ExecutionTime = 211.83 s  ClockTime = 218 s

Time = 1000

U0 initRes: 1.792530554956277e-06 finalRes: 9.374856069289292e-08 nIters: 3
U1 initRes: 5.036292971497951e-06 finalRes: 3.861182092865404e-07 nIters: 3
U2 initRes: 1.203059731019242e-05 finalRes: 1.107674183541898e-06 nIters: 2
p initRes: 0.0002257236952842298 finalRes: 1.308885517740163e-05 nIters: 1
Time step continuity errors : sum local = 0.0002226681347065798
                                 global = -1.503262922217536e-08
                             cumulative = -0.1054177668594122
T initRes: 1.581086320030797e-05 finalRes: 7.374771359689628e-07 nIters: 3
nuTilda initRes: 0.0002615205404541937 finalRes: 5.933114594578556e-06 nIters: 2
TP1: 88.11858602290287 final: 88.11858602290287
TP2: 35.77318029200581 final: 35.77318029200581
HFX: 301.8112301204776 final: 301.8112301204776
yPlus min: 1.846008482950861 max: 55.32503366163223 mean: 23.66986522362469
ExecutionTime = 212.12 s  ClockTime = 218 s

End

Moving time 1000 to 0.0055
Printing Primal Residual Statistics.
U Residual Norm2: (25.54699843521054 24.0069289745786 10.62418127227554)
U Residual Mean: (0.03059135710955553 0.02709795098750045 0.01095759341557368)
U Residual Max: (13.58380222049279 10.92452387862032 8.384019067158924)
p Residual Norm2: 8.616026863860558
p Residual Mean: 0.01332133963936613
p Residual Max: 3.161304768340525
T Residual Norm2: 41.16015392693062
T Residual Mean: 0.04547389761583221
T Residual Max: 21.39388888806376
nuTilda Residual Norm2: 0.6515669672685388
nuTilda Residual Mean: 0.0004285241414507687
nuTilda Residual Max: 0.528219119798368
phi Residual Norm2: 0.06463201169511977
phi Residual Mean: 2.565328550446679e-05
phi Residual Max: 0.04469462574933634
Total Residual Norm2: 55.77345159269275
 
 
-----------------
Total Derivatives
-----------------

  Full Model: 'OBJ.val' wrt 'shapexUpper'
    Analytic Magnitude: 1.938364e+01
          Fd Magnitude: 3.340851e+01 (fd:central)
    Absolute Error (Jan - Jfd) : 1.558097e+01 *

    Relative Error (Jan - Jfd) / Jfd : 4.663773e-01 *

    MPI Rank 0

    Raw Analytic Derivative (Jfor)
[[  0.23711358  -0.43555559  -0.41765751   1.96883727  -0.10505221
   -1.3953011    1.61077383   0.90578111  -0.84337258   7.81935558
    4.80044882   3.90871135  -4.43512493  -0.91203487   0.55598334
  -13.86041673  -3.77483865  -0.62881205  -4.33825856  -0.94864214
    1.90894278  -1.78264732  -1.17260622  -2.25173312  -0.96908608
    0.74690602  -1.95653977]]

    Raw FD Derivative (Jfd)
[[  0.11014272  -0.46795044  -0.41318594   0.70507069  -0.43988042
   -1.21264221   1.36334461   1.32813824   0.78391094  11.56847782
    7.26987125   8.17581134 -10.30517542  -1.25570429   4.64654844
  -24.27272214  -4.30296296   2.90530257  -8.3270225   -0.35516609
    4.82273715  -3.07833484  -0.94309108  -1.37501596  -1.05939121
    0.7642915   -1.90571577]]
 - - - - - - - - - - - - - - - - - - - - - - - - - - - - - -
-----------------
Total Derivatives
-----------------

  Full Model: 'OBJ.val' wrt 'shapexUpper'
    Analytic Magnitude: 1.938364e+01
          Fd Magnitude: 3.340851e+01 (fd:central)
    Absolute Error (Jan - Jfd) : 1.558097e+01 *

    Relative Error (Jan - Jfd) / Jfd : 4.663773e-01 *

    MPI Rank 1

    Raw Analytic Derivative (Jfor)
[[  0.23711358  -0.43555559  -0.41765751   1.96883727  -0.10505221
   -1.3953011    1.61077383   0.90578111  -0.84337258   7.81935558
    4.80044882   3.90871135  -4.43512493  -0.91203487   0.55598334
  -13.86041673  -3.77483865  -0.62881205  -4.33825856  -0.94864214
    1.90894278  -1.78264732  -1.17260622  -2.25173312  -0.96908608
    0.74690602  -1.95653977]]

    Raw FD Derivative (Jfd)
[[  0.11014272  -0.46795044  -0.41318594   0.70507069  -0.43988042
   -1.21264221   1.36334461   1.32813824   0.78391094  11.56847782
    7.26987125   8.17581134 -10.30517542  -1.25570429   4.64654844
  -24.27272214  -4.30296296   2.90530257  -8.3270225   -0.35516609
    4.82273715  -3.07833484  -0.94309108  -1.37501596  -1.05939121
    0.7642915   -1.90571577]]
 - - - - - - - - - - - - - - - - - - - - - - - - - - - - - -
-----------------
Total Derivatives
-----------------

  Full Model: 'OBJ.val' wrt 'shapexUpper'
    Analytic Magnitude: 1.938364e+01
          Fd Magnitude: 3.340851e+01 (fd:central)
    Absolute Error (Jan - Jfd) : 1.558097e+01 *

    Relative Error (Jan - Jfd) / Jfd : 4.663773e-01 *

    MPI Rank 2

    Raw Analytic Derivative (Jfor)
[[  0.23711358  -0.43555559  -0.41765751   1.96883727  -0.10505221
   -1.3953011    1.61077383   0.90578111  -0.84337258   7.81935558
    4.80044882   3.90871135  -4.43512493  -0.91203487   0.55598334
  -13.86041673  -3.77483865  -0.62881205  -4.33825856  -0.94864214
    1.90894278  -1.78264732  -1.17260622  -2.25173312  -0.96908608
    0.74690602  -1.95653977]]

    Raw FD Derivative (Jfd)
[[  0.11014272  -0.46795044  -0.41318594   0.70507069  -0.43988042
   -1.21264221   1.36334461   1.32813824   0.78391094  11.56847782
    7.26987125   8.17581134 -10.30517542  -1.25570429   4.64654844
  -24.27272214  -4.30296296   2.90530257  -8.3270225   -0.35516609
    4.82273715  -3.07833484  -0.94309108  -1.37501596  -1.05939121
    0.7642915   -1.90571577]]
 - - - - - - - - - - - - - - - - - - - - - - - - - - - - - -
-----------------
Total Derivatives
-----------------

  Full Model: 'OBJ.val' wrt 'shapexUpper'
    Analytic Magnitude: 1.938364e+01
          Fd Magnitude: 3.340851e+01 (fd:central)
    Absolute Error (Jan - Jfd) : 1.558097e+01 *

    Relative Error (Jan - Jfd) / Jfd : 4.663773e-01 *

    MPI Rank 3

    Raw Analytic Derivative (Jfor)
[[  0.23711358  -0.43555559  -0.41765751   1.96883727  -0.10505221
   -1.3953011    1.61077383   0.90578111  -0.84337258   7.81935558
    4.80044882   3.90871135  -4.43512493  -0.91203487   0.55598334
  -13.86041673  -3.77483865  -0.62881205  -4.33825856  -0.94864214
    1.90894278  -1.78264732  -1.17260622  -2.25173312  -0.96908608
    0.74690602  -1.95653977]]

    Raw FD Derivative (Jfd)
[[  0.11014272  -0.46795044  -0.41318594   0.70507069  -0.43988042
   -1.21264221   1.36334461   1.32813824   0.78391094  11.56847782
    7.26987125   8.17581134 -10.30517542  -1.25570429   4.64654844
  -24.27272214  -4.30296296   2.90530257  -8.3270225   -0.35516609
    4.82273715  -3.07833484  -0.94309108  -1.37501596  -1.05939121
    0.7642915   -1.90571577]]
 - - - - - - - - - - - - - - - - - - - - - - - - - - - - - -
Finalising parallel run
Finalising parallel run
