/*--------------------------------*- C++ -*----------------------------------*\
| =========                 |                                                 |
| \\      /  F ield         | OpenFOAM: The Open Source CFD Toolbox           |
|  \\    /   O peration     | Version:  2606                                  |
|   \\  /    A nd           | Website:  www.openfoam.com                      |
|    \\/     M anipulation  |                                                 |
\*---------------------------------------------------------------------------*/
FoamFile
{
    version     2.0;
    format      ascii;
    arch        "LSB;label=32;scalar=64";
    class       volScalarField;
    location    "3600";
    object      omega;
}
// * * * * * * * * * * * * * * * * * * * * * * * * * * * * * * * * * * * * * //

dimensions      [0 0 -1 0 0 0 0];

internalField   nonuniform List<scalar> 
51626
(
4.03627e+06
5.4418e+06
6.71709e+06
6.55182e+06
4.51576e+06
4.98155e+06
6.48249e+06
6.06491e+06
6.67635e+06
7.0511e+06
6.46286e+06
4.24447e+06
5.83422e+06
6.99496e+06
6.46201e+06
6.75035e+06
6.89581e+06
5.68582e+06
6.05568e+06
7.04863e+06
8.22232e+06
7.41053e+06
6.61737e+06
6.99855e+06
8.02239e+06
7.98924e+06
7.59231e+06
5.99695e+06
7.71973e+06
8.64392e+06
8.12183e+06
9.46038e+06
8.65487e+06
7.38452e+06
8.73375e+06
7.71824e+06
7.57089e+06
8.12317e+06
1.00669e+07
9.27289e+06
8.5056e+06
8.26239e+06
9.19367e+06
8.69939e+06
8.88634e+06
9.69181e+06
9.22468e+06
1.08879e+07
9.29486e+06
9.44027e+06
9.77946e+06
1.03072e+07
1.04295e+07
1.02268e+07
1.04978e+07
8.94812e+06
7.79664e+06
9.83251e+06
1.00773e+07
1.123e+07
9.64684e+06
9.29497e+06
1.06312e+07
1.048e+07
9.96864e+06
7.82831e+06
1.0046e+07
9.97086e+06
7.37503e+06
9.18613e+06
1.01593e+07
9.71274e+06
1.10066e+07
1.06018e+07
9.96651e+06
9.9265e+06
1.04211e+07
9.6082e+06
9.92913e+06
9.53318e+06
1.01158e+07
1.12068e+07
1.10966e+07
9.48461e+06
1.0788e+07
1.16922e+07
1.24556e+07
1.16049e+07
1.12385e+07
1.10375e+07
9.47974e+06
1.0997e+07
8.70003e+06
9.92652e+06
1.2634e+07
1.16137e+07
1.06363e+07
1.01917e+07
1.05485e+07
1.07513e+07
1.07309e+07
1.02868e+07
9.60769e+06
9.35828e+06
1.01829e+07
1.07607e+07
1.02533e+07
1.09305e+07
1.09491e+07
1.01082e+07
1.03495e+07
1.0735e+07
1.15475e+07
1.03002e+07
9.69829e+06
1.13566e+07
1.24185e+07
1.11122e+07
9.61927e+06
9.91188e+06
1.03897e+07
8.55161e+06
1.04028e+07
1.12848e+07
9.94431e+06
1.0012e+07
1.00118e+07
1.13832e+07
1.13187e+07
1.05075e+07
1.09437e+07
1.20505e+07
1.06536e+07
1.18729e+07
1.13347e+07
9.27527e+06
9.37095e+06
1.00183e+07
1.01875e+07
9.4683e+06
1.02374e+07
9.66303e+06
1.06679e+07
1.06528e+07
1.01308e+07
9.71075e+06
9.23927e+06
1.07936e+07
9.85144e+06
8.77838e+06
9.70004e+06
1.14207e+07
1.12849e+07
1.16912e+07
1.02648e+07
1.05163e+07
1.19624e+07
1.0145e+07
1.03192e+07
9.90444e+06
9.85306e+06
9.61139e+06
9.85467e+06
9.22583e+06
1.12289e+07
1.12745e+07
8.61921e+06
9.07386e+06
1.06203e+07
1.03749e+07
1.03645e+07
1.01718e+07
9.45504e+06
1.15326e+07
9.71332e+06
9.17841e+06
1.06428e+07
1.0106e+07
1.12292e+07
1.13096e+07
1.05358e+07
1.02605e+07
9.39942e+06
9.20536e+06
1.03002e+07
9.8986e+06
9.76969e+06
9.55679e+06
1.08649e+07
1.04764e+07
9.12892e+06
8.59245e+06
9.29246e+06
1.03074e+07
1.00401e+07
8.84723e+06
9.03931e+06
9.99433e+06
9.42219e+06
8.79078e+06
9.40751e+06
1.02924e+07
1.02606e+07
9.31247e+06
9.54183e+06
1.03421e+07
9.60617e+06
8.34355e+06
8.5916e+06
1.05712e+07
1.05939e+07
8.51299e+06
1.05855e+07
1.01983e+07
9.92111e+06
1.04025e+07
1.06565e+07
9.98072e+06
1.01913e+07
9.42022e+06
1.08995e+07
1.11374e+07
1.07855e+07
1.06517e+07
9.57732e+06
9.89501e+06
9.56781e+06
8.67089e+06
1.0201e+07
1.02498e+07
1.05226e+07
9.5357e+06
9.44688e+06
1.35303e+07
9.57914e+06
8.0333e+06
1.04641e+07
1.16136e+07
9.69989e+06
9.80809e+06
1.19647e+07
1.13141e+07
9.61632e+06
9.2785e+06
1.09101e+07
1.13153e+07
9.25673e+06
9.71617e+06
1.17303e+07
1.11795e+07
1.00659e+07
8.94245e+06
9.73536e+06
1.15325e+07
1.09116e+07
1.02903e+07
1.01801e+07
1.05763e+07
1.35988e+07
1.10312e+07
1.01896e+07
1.04949e+07
9.79351e+06
9.51088e+06
9.51481e+06
1.10247e+07
1.08849e+07
1.01164e+07
1.00728e+07
9.81662e+06
9.71276e+06
1.08043e+07
1.11347e+07
9.85347e+06
9.27106e+06
9.63737e+06
9.81437e+06
9.83352e+06
1.07881e+07
9.49996e+06
1.00392e+07
1.02875e+07
8.92087e+06
1.00254e+07
1.22516e+07
1.13721e+07
8.59198e+06
9.73149e+06
1.27655e+07
1.21229e+07
1.05268e+07
9.41454e+06
1.0048e+07
1.25785e+07
1.22505e+07
1.13722e+07
1.15684e+07
1.09476e+07
1.1092e+07
9.71163e+06
9.79729e+06
1.10704e+07
1.05369e+07
1.0833e+07
1.1105e+07
1.00994e+07
8.1789e+06
9.93706e+06
9.45118e+06
1.00243e+07
9.3462e+06
8.57929e+06
1.00385e+07
1.10837e+07
1.06288e+07
1.0352e+07
1.17049e+07
1.18007e+07
9.79862e+06
1.08335e+07
1.22563e+07
1.06667e+07
9.90145e+06
1.0343e+07
1.04855e+07
1.20738e+07
8.77931e+06
9.17182e+06
1.12382e+07
9.86035e+06
7.42791e+06
8.49639e+06
9.85551e+06
8.93301e+06
8.3127e+06
7.50766e+06
7.80861e+06
9.08217e+06
8.02704e+06
9.53909e+06
9.20458e+06
9.53674e+06
8.48316e+06
8.56248e+06
8.38254e+06
8.49858e+06
9.00276e+06
1.00117e+07
9.9966e+06
1.14593e+07
1.24816e+07
1.27718e+07
1.25858e+07
1.17854e+07
1.16495e+07
1.16303e+07
1.28854e+07
1.15489e+07
1.09422e+07
1.2754e+07
1.24016e+07
1.20683e+07
1.21575e+07
1.18236e+07
1.28006e+07
1.25263e+07
1.20152e+07
1.11271e+07
9.70229e+06
9.90105e+06
9.56166e+06
9.55798e+06
1.07807e+07
1.03842e+07
1.09092e+07
1.10234e+07
1.02233e+07
1.13649e+07
1.01216e+07
9.68722e+06
1.08169e+07
1.02635e+07
9.86568e+06
1.07888e+07
9.38683e+06
1.14819e+07
9.98877e+06
9.41248e+06
9.5737e+06
1.01875e+07
8.19396e+06
1.0765e+07
1.17135e+07
1.1979e+07
1.19507e+07
1.191e+07
1.10344e+07
9.49343e+06
1.06921e+07
1.14541e+07
1.13816e+07
1.18965e+07
1.01388e+07
8.45577e+06
1.0049e+07
1.08105e+07
1.02069e+07
9.65837e+06
1.23712e+07
1.05481e+07
1.00079e+07
9.03786e+06
9.49835e+06
1.02009e+07
1.12208e+07
1.00334e+07
1.15383e+07
1.08625e+07
8.12545e+06
9.85515e+06
1.07332e+07
1.12271e+07
1.12238e+07
1.16636e+07
8.96881e+06
8.49102e+06
8.14914e+06
9.18581e+06
1.11278e+07
9.79811e+06
9.52877e+06
1.17263e+07
9.94586e+06
1.0604e+07
9.79921e+06
9.3175e+06
8.91246e+06
1.12971e+07
1.3198e+07
1.21496e+07
1.02672e+07
1.04452e+07
9.52141e+06
1.03868e+07
1.12627e+07
1.07701e+07
1.02059e+07
1.12994e+07
1.13464e+07
9.69573e+06
1.14847e+07
9.47186e+06
1.20198e+07
1.08103e+07
1.11283e+07
1.00485e+07
1.11148e+07
9.82196e+06
1.06238e+07
1.11648e+07
1.05785e+07
1.21318e+07
1.26537e+07
1.22021e+07
1.29716e+07
1.37931e+07
1.14042e+07
1.28701e+07
1.22692e+07
1.09306e+07
1.00262e+07
1.19681e+07
1.18378e+07
9.61555e+06
9.78048e+06
8.58687e+06
8.97004e+06
8.7192e+06
9.11947e+06
9.12212e+06
8.97319e+06
7.95097e+06
7.86587e+06
7.16761e+06
1.01355e+07
9.75881e+06
7.81567e+06
8.03497e+06
7.85014e+06
7.49858e+06
8.27325e+06
7.59586e+06
8.51723e+06
8.65299e+06
7.74988e+06
9.83223e+06
1.02878e+07
8.28999e+06
8.10745e+06
1.0368e+07
8.67616e+06
7.28414e+06
8.8641e+06
8.78033e+06
8.76807e+06
6.83203e+06
6.75979e+06
7.94105e+06
6.90484e+06
9.47314e+06
8.21223e+06
7.96355e+06
8.24983e+06
9.1489e+06
9.68067e+06
6.76901e+06
9.1385e+06
1.06122e+07
9.36422e+06
9.49359e+06
1.17477e+07
9.52721e+06
9.22526e+06
1.07119e+07
9.76517e+06
9.80121e+06
9.28884e+06
1.04435e+07
9.87843e+06
8.64437e+06
9.60812e+06
1.04271e+07
1.05448e+07
1.02912e+07
9.73639e+06
1.05317e+07
1.00458e+07
1.14783e+07
1.24023e+07
8.83178e+06
9.96653e+06
9.25013e+06
9.61553e+06
8.85069e+06
9.76623e+06
9.43827e+06
9.08087e+06
9.60963e+06
9.25882e+06
9.98923e+06
8.22376e+06
8.18152e+06
8.9928e+06
1.02867e+07
1.18373e+07
9.39176e+06
1.08379e+07
1.03247e+07
1.1304e+07
1.08309e+07
9.20104e+06
9.56424e+06
8.98413e+06
1.07077e+07
1.01716e+07
1.01175e+07
9.87757e+06
9.67461e+06
1.13475e+07
8.47137e+06
9.25953e+06
9.09633e+06
1.01222e+07
7.7165e+06
9.45945e+06
8.77184e+06
1.07906e+07
9.87544e+06
1.08345e+07
9.13637e+06
9.75583e+06
8.7621e+06
9.35147e+06
9.83345e+06
8.62902e+06
8.78633e+06
1.06603e+07
9.99596e+06
1.1248e+07
1.00409e+07
9.11702e+06
1.00954e+07
9.85925e+06
8.62286e+06
7.81898e+06
9.90607e+06
9.01794e+06
1.16893e+07
9.9604e+06
9.46204e+06
9.30761e+06
9.63284e+06
1.03136e+07
8.55728e+06
9.64489e+06
1.0528e+07
1.14419e+07
1.01561e+07
1.14719e+07
1.06564e+07
1.05452e+07
1.00045e+07
9.09142e+06
1.00653e+07
9.53725e+06
9.05597e+06
9.20404e+06
9.6879e+06
9.06321e+06
9.70302e+06
1.05173e+07
1.11163e+07
2.14515e+06
2.56167e+06
3.88055e+06
2.9254e+06
1.98369e+06
2.21781e+06
3.48655e+06
2.76372e+06
3.4726e+06
3.06565e+06
3.41897e+06
1.71631e+06
3.34467e+06
2.9858e+06
2.71694e+06
3.47932e+06
3.10187e+06
3.02892e+06
2.65438e+06
3.32744e+06
3.85561e+06
2.91332e+06
2.87442e+06
3.14834e+06
3.62119e+06
3.30046e+06
3.64525e+06
3.11553e+06
3.36305e+06
3.89641e+06
3.24194e+06
3.55788e+06
3.88204e+06
3.05023e+06
3.86029e+06
3.19728e+06
3.10042e+06
3.71111e+06
3.82202e+06
3.98327e+06
3.41026e+06
3.77168e+06
3.59432e+06
3.52136e+06
3.52122e+06
4.0961e+06
3.72685e+06
4.08152e+06
3.58956e+06
3.51513e+06
3.71535e+06
4.27111e+06
3.94999e+06
4.23599e+06
4.31794e+06
3.41591e+06
3.16277e+06
4.12645e+06
3.93843e+06
4.12818e+06
4.08314e+06
3.62636e+06
4.29613e+06
4.01537e+06
3.76204e+06
3.28374e+06
4.46695e+06
3.80281e+06
2.84753e+06
3.96376e+06
3.82516e+06
4.19811e+06
4.35138e+06
3.84879e+06
4.17661e+06
3.87113e+06
4.23141e+06
3.67819e+06
4.14406e+06
3.94507e+06
4.32348e+06
4.41835e+06
4.15831e+06
4.12454e+06
4.80285e+06
4.22278e+06
4.88977e+06
4.33698e+06
4.50456e+06
4.76016e+06
3.73606e+06
4.58198e+06
3.27449e+06
3.78071e+06
5.02479e+06
4.22055e+06
3.97308e+06
4.31466e+06
4.52771e+06
4.15133e+06
4.19529e+06
4.34165e+06
3.74862e+06
4.0391e+06
3.89171e+06
4.34844e+06
3.93332e+06
4.36314e+06
4.10142e+06
3.92428e+06
3.82741e+06
4.35789e+06
4.22993e+06
4.22407e+06
3.6228e+06
4.64768e+06
4.92973e+06
4.39775e+06
3.70433e+06
4.20948e+06
3.97215e+06
3.71583e+06
4.47642e+06
4.34752e+06
3.81333e+06
3.77479e+06
4.20087e+06
4.34049e+06
4.18754e+06
4.27369e+06
4.60306e+06
4.73131e+06
4.30396e+06
4.49569e+06
4.23542e+06
3.64483e+06
3.60412e+06
4.02595e+06
4.00883e+06
3.62068e+06
4.26136e+06
4.08233e+06
4.16161e+06
4.2263e+06
4.19586e+06
4.07557e+06
3.67983e+06
4.3185e+06
3.6135e+06
3.62724e+06
4.08992e+06
4.57272e+06
4.3451e+06
4.50181e+06
4.68384e+06
4.03997e+06
4.59591e+06
4.17242e+06
4.14578e+06
3.98275e+06
3.89914e+06
4.15509e+06
4.16357e+06
3.82252e+06
4.78418e+06
4.0568e+06
3.35623e+06
4.39463e+06
4.01076e+06
4.03734e+06
4.29635e+06
3.76468e+06
3.63648e+06
4.58283e+06
3.63526e+06
3.98905e+06
4.73028e+06
4.16631e+06
4.54535e+06
4.46717e+06
4.25297e+06
3.89604e+06
3.5394e+06
3.6516e+06
4.22261e+06
3.83874e+06
4.10099e+06
3.70143e+06
4.37052e+06
4.15764e+06
3.54464e+06
3.96186e+06
3.59952e+06
3.82755e+06
4.1289e+06
3.43293e+06
3.99552e+06
3.85806e+06
3.59062e+06
3.96521e+06
3.61561e+06
4.34754e+06
4.73087e+06
4.02677e+06
3.78813e+06
4.12344e+06
3.55936e+06
3.40917e+06
3.65835e+06
4.01417e+06
3.88538e+06
3.40349e+06
4.48308e+06
4.11871e+06
3.84315e+06
4.22024e+06
3.9553e+06
4.22988e+06
3.99003e+06
3.78096e+06
4.67062e+06
4.12795e+06
3.95913e+06
4.3352e+06
3.75462e+06
3.75874e+06
4.0097e+06
3.65294e+06
4.16864e+06
3.80146e+06
3.94426e+06
4.19292e+06
3.49139e+06
5.32748e+06
3.49932e+06
3.74399e+06
3.86813e+06
4.66738e+06
4.69685e+06
3.3869e+06
4.90636e+06
4.79267e+06
3.71478e+06
4.12526e+06
4.73514e+06
4.46226e+06
3.48305e+06
4.14356e+06
4.63388e+06
3.92891e+06
4.23941e+06
3.78924e+06
4.10388e+06
4.2945e+06
4.4508e+06
3.92424e+06
4.28464e+06
4.03579e+06
5.19901e+06
4.58103e+06
4.00616e+06
4.35329e+06
3.8128e+06
4.17013e+06
3.85073e+06
4.49576e+06
4.14913e+06
4.32534e+06
3.90413e+06
4.26779e+06
3.81568e+06
4.52618e+06
4.31518e+06
3.74785e+06
3.68629e+06
3.87064e+06
4.41049e+06
3.84012e+06
4.51218e+06
3.71797e+06
4.36358e+06
4.0146e+06
4.13543e+06
3.95168e+06
4.91975e+06
4.34164e+06
4.49625e+06
4.36954e+06
5.12742e+06
4.57895e+06
4.36365e+06
3.66026e+06
4.02842e+06
5.19275e+06
4.67295e+06
4.9121e+06
4.74987e+06
4.52426e+06
4.55639e+06
3.94178e+06
3.74338e+06
4.23925e+06
4.59381e+06
4.40063e+06
4.12483e+06
4.09556e+06
3.05232e+06
4.30861e+06
3.62074e+06
3.788e+06
3.80494e+06
3.48196e+06
4.49808e+06
4.41096e+06
4.03593e+06
4.46995e+06
5.01684e+06
5.05331e+06
4.16023e+06
5.04011e+06
4.76708e+06
4.12255e+06
4.42484e+06
4.66149e+06
4.74482e+06
4.90021e+06
3.43598e+06
4.1883e+06
4.94303e+06
3.88299e+06
2.99942e+06
4.33758e+06
4.05321e+06
4.19225e+06
3.89273e+06
3.53983e+06
3.74154e+06
4.33515e+06
3.17805e+06
4.42232e+06
4.36223e+06
4.15298e+06
4.14012e+06
4.68107e+06
3.7288e+06
3.64629e+06
4.10266e+06
4.93226e+06
4.23451e+06
4.96315e+06
4.86749e+06
5.0146e+06
5.20346e+06
5.53032e+06
5.76654e+06
4.84721e+06
5.97653e+06
4.61217e+06
4.13828e+06
5.59486e+06
5.54986e+06
4.4679e+06
4.70473e+06
4.84643e+06
5.36479e+06
5.04684e+06
5.10124e+06
5.11383e+06
4.72707e+06
5.27321e+06
3.56925e+06
4.62477e+06
5.22651e+06
4.15559e+06
4.98603e+06
5.23772e+06
4.77266e+06
5.28491e+06
3.86802e+06
4.44667e+06
4.8715e+06
4.32097e+06
4.30446e+06
4.36168e+06
4.47209e+06
5.29046e+06
4.12826e+06
4.52741e+06
4.40623e+06
4.64248e+06
3.59401e+06
5.22491e+06
5.23933e+06
5.18022e+06
5.21884e+06
5.03757e+06
5.16623e+06
4.08338e+06
4.6929e+06
4.87234e+06
4.97435e+06
5.06501e+06
4.65472e+06
3.70984e+06
4.44729e+06
4.53445e+06
4.41943e+06
4.95899e+06
5.83509e+06
4.41731e+06
4.25808e+06
3.57622e+06
4.13278e+06
5.1153e+06
4.84874e+06
4.15722e+06
5.52305e+06
4.50234e+06
3.15748e+06
4.94524e+06
4.61904e+06
5.26917e+06
4.63946e+06
4.90543e+06
3.42263e+06
3.73748e+06
4.00024e+06
4.53913e+06
5.30667e+06
4.91171e+06
4.90349e+06
5.55948e+06
3.99469e+06
5.56215e+06
3.83055e+06
3.66131e+06
4.44077e+06
5.37946e+06
5.62751e+06
5.54528e+06
4.42122e+06
4.76923e+06
4.15086e+06
5.29915e+06
4.65655e+06
5.21764e+06
4.41902e+06
4.67074e+06
5.33897e+06
4.09186e+06
5.28315e+06
4.07365e+06
5.69331e+06
4.4695e+06
5.21043e+06
4.51391e+06
5.64674e+06
5.53482e+06
5.79219e+06
4.99754e+06
4.65451e+06
5.67326e+06
5.67154e+06
5.66015e+06
6.5697e+06
5.57889e+06
4.42078e+06
6.34799e+06
5.11563e+06
5.02274e+06
4.57479e+06
4.96455e+06
5.20356e+06
4.37871e+06
4.69333e+06
5.30666e+06
3.72825e+06
3.46921e+06
4.63143e+06
3.81728e+06
4.36238e+06
3.23543e+06
3.43271e+06
3.09323e+06
3.92778e+06
3.75175e+06
3.51138e+06
4.91001e+06
3.96173e+06
2.7732e+06
3.57581e+06
4.14448e+06
4.15011e+06
3.66321e+06
3.58292e+06
5.04096e+06
4.59279e+06
4.00712e+06
3.47452e+06
4.77869e+06
3.64408e+06
3.33323e+06
4.48094e+06
3.64646e+06
4.39192e+06
3.66062e+06
2.75147e+06
4.0098e+06
3.77873e+06
4.46741e+06
3.44403e+06
4.25466e+06
3.80763e+06
3.83084e+06
4.73291e+06
3.00329e+06
4.37507e+06
4.8522e+06
4.95837e+06
4.10682e+06
4.621e+06
4.6747e+06
4.42473e+06
4.98853e+06
4.03301e+06
4.93779e+06
3.6794e+06
4.52267e+06
4.76569e+06
4.03696e+06
3.93257e+06
4.99961e+06
4.93402e+06
4.26438e+06
4.49598e+06
4.49696e+06
4.7653e+06
4.6499e+06
5.66547e+06
4.36258e+06
4.93023e+06
4.23319e+06
4.68118e+06
4.29638e+06
4.38841e+06
4.78505e+06
4.10228e+06
4.4109e+06
3.92527e+06
4.6163e+06
3.59135e+06
3.65299e+06
4.64447e+06
4.19984e+06
5.48076e+06
3.7993e+06
4.69332e+06
4.56698e+06
5.01098e+06
5.07545e+06
4.57271e+06
3.66614e+06
4.24456e+06
4.68156e+06
4.5066e+06
4.59857e+06
3.87151e+06
3.86487e+06
4.86304e+06
4.50311e+06
4.57428e+06
4.23023e+06
4.66488e+06
3.43874e+06
4.38365e+06
3.96595e+06
4.90045e+06
4.095e+06
4.91218e+06
3.88318e+06
4.548e+06
3.19314e+06
4.32801e+06
5.20992e+06
4.21858e+06
4.39052e+06
4.66641e+06
4.31329e+06
5.02468e+06
4.00218e+06
3.58634e+06
4.42837e+06
4.00127e+06
4.35731e+06
3.0512e+06
5.04916e+06
3.95588e+06
4.84901e+06
4.23039e+06
4.55061e+06
4.29239e+06
4.60184e+06
4.43611e+06
3.62083e+06
4.73257e+06
4.76379e+06
4.57136e+06
4.28701e+06
5.05169e+06
4.58105e+06
4.33501e+06
4.67575e+06
4.2617e+06
4.76128e+06
4.00941e+06
4.45898e+06
4.80208e+06
4.34734e+06
4.41705e+06
4.31119e+06
4.56507e+06
4.94317e+06
1.15648e+06
1.6248e+06
2.23628e+06
2.72388e+06
1.39356e+06
2.59652e+06
2.2826e+06
1.95111e+06
2.20726e+06
2.72008e+06
2.44596e+06
996319
1.80487e+06
2.67751e+06
2.62161e+06
2.19194e+06
2.61492e+06
1.62586e+06
2.62549e+06
2.16991e+06
2.64675e+06
2.0687e+06
2.80619e+06
2.73421e+06
2.6899e+06
2.66588e+06
2.6883e+06
1.82876e+06
2.29632e+06
2.41273e+06
2.28518e+06
2.15545e+06
2.58476e+06
2.6504e+06
2.58349e+06
2.51642e+06
2.12686e+06
2.1126e+06
2.91188e+06
2.60343e+06
2.74067e+06
2.29578e+06
2.77167e+06
2.88318e+06
2.80809e+06
2.74608e+06
2.87896e+06
3.03741e+06
2.81853e+06
2.7055e+06
2.86189e+06
2.63757e+06
2.91233e+06
2.86976e+06
3.11089e+06
2.77712e+06
2.64882e+06
2.55473e+06
2.89573e+06
3.04216e+06
2.80761e+06
2.78864e+06
2.66691e+06
2.95102e+06
2.81078e+06
2.74101e+06
2.7942e+06
2.52172e+06
1.90113e+06
2.61309e+06
2.823e+06
2.49798e+06
3.05958e+06
2.46122e+06
2.56614e+06
2.81876e+06
2.82512e+06
2.8248e+06
2.52636e+06
2.34039e+06
2.77227e+06
2.60815e+06
2.70182e+06
2.84949e+06
3.02028e+06
3.01878e+06
3.3333e+06
3.14163e+06
2.8927e+06
3.40624e+06
2.77501e+06
2.92402e+06
2.3898e+06
2.75789e+06
3.06571e+06
3.01349e+06
2.91888e+06
2.86692e+06
2.90343e+06
2.94576e+06
3.07506e+06
2.81282e+06
2.84539e+06
2.38513e+06
2.80157e+06
2.83705e+06
2.915e+06
2.67408e+06
2.9695e+06
2.93917e+06
2.87946e+06
2.87833e+06
3.02598e+06
2.78196e+06
2.78421e+06
3.12455e+06
3.19275e+06
2.77673e+06
2.83943e+06
2.58381e+06
2.65173e+06
2.82373e+06
2.86951e+06
2.58775e+06
2.7996e+06
2.79055e+06
2.69182e+06
3.14746e+06
3.00996e+06
2.81786e+06
3.13865e+06
3.06904e+06
2.72741e+06
3.21205e+06
3.10485e+06
2.79791e+06
2.79951e+06
2.90982e+06
3.00476e+06
2.74856e+06
2.78668e+06
2.88779e+06
2.76561e+06
2.95745e+06
2.7599e+06
2.55177e+06
2.76383e+06
2.65485e+06
2.59656e+06
2.90912e+06
3.03536e+06
2.96122e+06
2.57471e+06
2.86989e+06
2.9173e+06
2.92721e+06
3.27511e+06
2.71073e+06
2.5698e+06
2.81959e+06
2.30316e+06
2.66514e+06
2.86964e+06
2.35778e+06
3.00168e+06
2.65216e+06
2.85646e+06
2.68788e+06
2.94819e+06
2.60933e+06
2.81627e+06
2.84629e+06
2.80292e+06
3.13068e+06
2.78379e+06
2.82736e+06
3.43342e+06
2.63984e+06
2.97263e+06
2.92765e+06
2.85808e+06
2.90955e+06
2.82256e+06
2.80108e+06
2.59897e+06
2.84217e+06
2.48804e+06
2.84411e+06
2.85925e+06
3.04368e+06
2.81505e+06
2.5357e+06
2.33073e+06
2.7452e+06
2.89868e+06
2.66572e+06
2.64638e+06
2.83782e+06
2.74531e+06
2.54129e+06
2.77124e+06
2.65971e+06
2.83431e+06
2.39428e+06
2.52535e+06
2.33845e+06
2.57744e+06
2.10242e+06
2.82091e+06
2.922e+06
2.90473e+06
2.90005e+06
2.92868e+06
2.42028e+06
2.93424e+06
2.53607e+06
2.77652e+06
3.04272e+06
2.91093e+06
2.87574e+06
2.95521e+06
2.99943e+06
2.95338e+06
2.81341e+06
2.78716e+06
2.80513e+06
2.81495e+06
2.0783e+06
2.56172e+06
2.7761e+06
2.93904e+06
2.88116e+06
2.1752e+06
3.60823e+06
2.07544e+06
2.03681e+06
2.54098e+06
3.18169e+06
2.96751e+06
2.24786e+06
3.06819e+06
3.42222e+06
2.87075e+06
2.51048e+06
2.92899e+06
2.65302e+06
2.71435e+06
2.70805e+06
2.88645e+06
2.56937e+06
2.85538e+06
2.58542e+06
2.45459e+06
3.10639e+06
2.97192e+06
2.99695e+06
2.81506e+06
3.06048e+06
3.48656e+06
2.97986e+06
2.94977e+06
2.70298e+06
2.97543e+06
2.98492e+06
2.93109e+06
2.81868e+06
3.1158e+06
3.06818e+06
3.07135e+06
2.86389e+06
3.07456e+06
2.84471e+06
3.22028e+06
2.90558e+06
3.0393e+06
3.07679e+06
2.96405e+06
2.99478e+06
2.93009e+06
3.03122e+06
3.10721e+06
3.15517e+06
2.97412e+06
3.11829e+06
3.1052e+06
3.30252e+06
2.61908e+06
2.73149e+06
3.57676e+06
3.4572e+06
2.92634e+06
2.59546e+06
3.25144e+06
3.62424e+06
3.56869e+06
3.32544e+06
3.59092e+06
2.93517e+06
3.42638e+06
3.3163e+06
2.75308e+06
3.36184e+06
3.00409e+06
3.35424e+06
2.92313e+06
3.23118e+06
2.10099e+06
2.5882e+06
2.65257e+06
2.81806e+06
3.29019e+06
2.63928e+06
3.08995e+06
3.41678e+06
2.98864e+06
3.55411e+06
3.49007e+06
3.45181e+06
3.3771e+06
3.23226e+06
3.6637e+06
2.96651e+06
2.87114e+06
3.06973e+06
3.28822e+06
3.47351e+06
2.47111e+06
3.00263e+06
3.33793e+06
2.71519e+06
2.1987e+06
3.10483e+06
3.43607e+06
2.32025e+06
2.74766e+06
3.40703e+06
2.40549e+06
3.05209e+06
2.52556e+06
2.94855e+06
2.59799e+06
3.07737e+06
3.87639e+06
2.76499e+06
2.24506e+06
2.99194e+06
3.71016e+06
3.73168e+06
3.80765e+06
4.4849e+06
3.87884e+06
3.87981e+06
3.74752e+06
3.45243e+06
3.51463e+06
3.5709e+06
3.77209e+06
3.1521e+06
3.09236e+06
3.52462e+06
3.46068e+06
3.30943e+06
3.75552e+06
3.79813e+06
4.1404e+06
3.91029e+06
4.04045e+06
4.02419e+06
4.28142e+06
3.17493e+06
2.6915e+06
4.30433e+06
3.27353e+06
3.33001e+06
4.32887e+06
3.19504e+06
4.27938e+06
3.31367e+06
2.74602e+06
4.09203e+06
4.27853e+06
4.18357e+06
3.94184e+06
3.52313e+06
4.09581e+06
3.25812e+06
3.92229e+06
4.187e+06
3.84033e+06
3.02911e+06
4.19792e+06
3.67246e+06
4.36571e+06
4.22023e+06
4.25657e+06
4.33793e+06
3.84661e+06
4.08144e+06
4.27167e+06
4.23716e+06
4.18785e+06
4.32543e+06
3.58867e+06
4.04056e+06
4.21058e+06
4.36672e+06
4.09626e+06
3.35607e+06
4.32441e+06
4.17388e+06
3.94796e+06
3.20779e+06
3.91571e+06
3.7893e+06
4.26949e+06
4.01992e+06
3.9018e+06
4.08324e+06
2.54765e+06
3.31472e+06
4.25083e+06
3.47716e+06
4.23557e+06
4.1809e+06
2.20223e+06
3.95439e+06
4.08981e+06
3.98957e+06
3.72887e+06
4.11652e+06
4.5746e+06
4.14166e+06
2.81952e+06
3.72378e+06
2.96926e+06
2.90789e+06
2.78167e+06
3.99362e+06
4.10096e+06
3.82596e+06
4.12272e+06
4.24938e+06
3.91085e+06
3.12206e+06
4.08514e+06
3.71582e+06
4.1012e+06
4.04691e+06
4.09512e+06
3.93329e+06
3.54981e+06
4.07991e+06
4.85461e+06
4.19289e+06
3.6704e+06
3.98849e+06
3.54369e+06
3.21478e+06
3.55846e+06
5.04064e+06
3.87655e+06
5.58855e+06
5.54634e+06
5.65687e+06
3.84672e+06
4.49435e+06
3.45039e+06
3.59095e+06
4.34259e+06
5.16953e+06
5.05092e+06
3.97169e+06
4.98841e+06
4.70393e+06
4.19462e+06
3.03921e+06
3.16672e+06
2.83953e+06
3.01712e+06
2.59836e+06
4.18395e+06
2.98985e+06
3.58245e+06
2.45001e+06
2.90718e+06
3.12892e+06
3.11658e+06
3.30705e+06
3.93133e+06
1.83441e+06
3.64075e+06
2.61116e+06
2.26023e+06
3.65444e+06
2.78557e+06
3.37106e+06
3.02094e+06
2.69379e+06
3.03952e+06
3.40592e+06
3.60274e+06
2.57844e+06
3.01341e+06
3.41674e+06
3.1188e+06
2.37672e+06
2.00309e+06
2.58842e+06
2.36917e+06
3.02479e+06
3.18787e+06
2.71703e+06
3.5037e+06
2.71664e+06
3.52527e+06
3.07775e+06
2.9372e+06
3.39211e+06
3.35535e+06
3.62747e+06
3.69602e+06
3.53138e+06
3.19947e+06
3.51251e+06
3.50684e+06
3.31692e+06
2.3814e+06
3.14523e+06
3.52163e+06
2.70429e+06
2.7323e+06
3.40898e+06
3.49107e+06
3.65912e+06
2.76104e+06
3.18112e+06
3.26712e+06
3.85805e+06
3.85843e+06
2.47616e+06
3.32909e+06
3.53928e+06
3.29779e+06
3.66613e+06
3.21838e+06
2.97703e+06
3.45366e+06
2.6032e+06
3.52384e+06
2.97145e+06
3.39354e+06
3.05096e+06
2.91767e+06
3.12098e+06
3.75973e+06
2.89264e+06
2.93708e+06
3.04244e+06
3.51573e+06
3.52402e+06
3.45901e+06
2.92431e+06
2.30285e+06
3.72768e+06
3.0719e+06
2.90841e+06
3.08844e+06
2.7465e+06
4.11953e+06
2.9397e+06
3.39424e+06
2.87278e+06
2.87541e+06
2.21581e+06
3.14824e+06
3.47195e+06
3.19629e+06
2.80536e+06
3.22143e+06
2.68812e+06
2.96193e+06
2.1285e+06
3.7268e+06
3.48729e+06
2.4743e+06
2.66249e+06
3.121e+06
3.54007e+06
3.26747e+06
2.77962e+06
2.84111e+06
2.96277e+06
2.81108e+06
2.60094e+06
2.56825e+06
3.45093e+06
2.67306e+06
3.86145e+06
3.10651e+06
3.03402e+06
2.83645e+06
2.82499e+06
3.26402e+06
2.68327e+06
3.29022e+06
3.16545e+06
3.30646e+06
2.93381e+06
3.52071e+06
3.57692e+06
3.63543e+06
3.38165e+06
3.64963e+06
3.34038e+06
3.35246e+06
3.11944e+06
2.98473e+06
3.15577e+06
2.89942e+06
3.4074e+06
2.64357e+06
3.46127e+06
854431
1.57866e+06
2.2509e+06
2.01489e+06
1.44757e+06
1.59446e+06
1.7787e+06
2.18885e+06
1.57876e+06
1.96157e+06
1.48112e+06
763550
1.31751e+06
2.35962e+06
2.20358e+06
1.57065e+06
1.85849e+06
1.18874e+06
1.86247e+06
1.98071e+06
1.97287e+06
2.04044e+06
1.9751e+06
2.17813e+06
1.86965e+06
2.29519e+06
1.80056e+06
1.60724e+06
2.231e+06
1.91503e+06
2.26441e+06
1.65106e+06
1.80168e+06
1.74622e+06
1.84044e+06
2.12422e+06
2.03291e+06
1.57784e+06
2.24834e+06
1.80382e+06
2.26144e+06
1.69358e+06
2.02344e+06
2.11842e+06
2.15486e+06
1.99212e+06
2.2007e+06
2.47729e+06
2.31283e+06
2.38276e+06
2.23357e+06
1.95862e+06
2.19337e+06
2.05655e+06
2.29926e+06
2.05342e+06
2.28271e+06
1.90814e+06
2.13763e+06
2.46582e+06
1.98196e+06
2.03679e+06
1.95323e+06
2.28677e+06
2.40358e+06
2.19933e+06
2.34657e+06
2.2542e+06
1.66432e+06
1.87385e+06
2.01246e+06
1.85971e+06
2.28885e+06
2.0193e+06
1.88774e+06
1.93366e+06
2.02304e+06
2.33024e+06
1.85906e+06
1.77328e+06
2.31684e+06
1.94764e+06
2.26362e+06
2.00177e+06
2.47246e+06
2.29467e+06
2.51887e+06
2.46101e+06
2.11654e+06
2.42617e+06
1.98345e+06
2.42046e+06
2.19616e+06
2.34121e+06
2.40919e+06
2.49263e+06
2.16635e+06
2.03998e+06
2.44767e+06
2.36275e+06
2.31299e+06
2.01951e+06
2.22151e+06
1.78257e+06
1.94006e+06
2.04674e+06
2.20952e+06
1.9242e+06
2.44868e+06
2.28017e+06
2.17824e+06
2.09684e+06
2.50919e+06
1.99549e+06
2.34218e+06
2.35426e+06
2.64101e+06
2.01941e+06
2.12974e+06
1.89185e+06
2.2954e+06
1.99125e+06
2.40785e+06
1.83929e+06
2.40216e+06
1.9932e+06
1.90685e+06
2.4536e+06
2.24727e+06
2.01962e+06
2.37481e+06
2.55734e+06
1.9502e+06
2.49772e+06
2.48983e+06
2.03219e+06
2.08266e+06
2.09423e+06
2.27831e+06
2.14285e+06
2.05467e+06
2.06654e+06
2.37361e+06
2.11359e+06
2.3835e+06
1.85731e+06
1.87531e+06
1.93607e+06
2.2381e+06
2.16249e+06
2.48064e+06
2.51439e+06
1.84401e+06
2.19391e+06
2.38912e+06
2.15261e+06
2.62561e+06
2.12424e+06
1.79206e+06
1.96066e+06
1.7585e+06
2.03622e+06
2.18226e+06
1.94293e+06
2.52775e+06
2.21834e+06
2.01752e+06
2.37378e+06
2.22715e+06
2.24126e+06
1.99819e+06
2.07888e+06
2.21071e+06
2.39696e+06
2.38021e+06
2.01151e+06
2.49431e+06
2.28072e+06
2.31426e+06
2.4908e+06
2.03685e+06
2.18913e+06
2.12037e+06
2.0513e+06
1.91187e+06
2.07937e+06
1.8416e+06
2.20129e+06
2.06136e+06
2.26623e+06
2.38669e+06
1.66891e+06
1.79425e+06
1.90191e+06
2.06632e+06
2.29928e+06
1.91381e+06
2.06325e+06
2.24943e+06
1.76943e+06
1.96233e+06
1.8895e+06
2.11643e+06
1.87477e+06
2.25068e+06
1.67496e+06
2.25551e+06
1.72017e+06
1.8964e+06
2.17569e+06
2.34229e+06
2.04087e+06
2.50955e+06
1.73398e+06
2.41345e+06
1.83664e+06
2.29569e+06
2.28393e+06
2.13141e+06
2.19345e+06
2.44141e+06
2.33672e+06
2.4554e+06
1.99169e+06
2.49547e+06
1.99144e+06
1.94327e+06
1.5113e+06
1.7648e+06
1.92795e+06
2.35384e+06
2.12358e+06
1.67057e+06
2.60077e+06
1.47663e+06
1.46928e+06
2.19874e+06
2.36792e+06
2.44558e+06
1.93295e+06
2.57359e+06
2.46239e+06
2.32734e+06
1.86007e+06
2.38072e+06
2.00584e+06
2.32684e+06
2.29889e+06
2.1529e+06
2.16354e+06
2.0388e+06
2.38249e+06
1.81571e+06
2.37793e+06
2.15403e+06
2.33585e+06
2.02524e+06
2.43361e+06
2.69029e+06
2.15344e+06
2.12678e+06
2.00933e+06
2.46511e+06
2.14194e+06
2.02871e+06
2.10048e+06
2.50513e+06
2.22706e+06
2.41099e+06
2.09824e+06
2.40682e+06
2.17287e+06
2.51051e+06
2.61579e+06
2.50128e+06
2.35414e+06
2.6754e+06
2.16579e+06
2.17131e+06
2.59098e+06
2.29146e+06
2.57911e+06
2.14515e+06
2.28833e+06
2.38456e+06
2.70435e+06
2.1607e+06
1.98511e+06
2.738e+06
2.65788e+06
2.5988e+06
2.45267e+06
2.66907e+06
2.88935e+06
2.91916e+06
2.96026e+06
2.99572e+06
2.43375e+06
2.71379e+06
2.8277e+06
2.72457e+06
2.67923e+06
2.16609e+06
2.49732e+06
2.67372e+06
2.81622e+06
1.8423e+06
1.85588e+06
2.57517e+06
2.82877e+06
2.76077e+06
2.81869e+06
2.94929e+06
2.57242e+06
2.9573e+06
3.16648e+06
3.20933e+06
2.87191e+06
2.40947e+06
2.81412e+06
2.89638e+06
2.78405e+06
2.49217e+06
2.39654e+06
2.74408e+06
3.21961e+06
2.27935e+06
2.96467e+06
2.60458e+06
2.48968e+06
2.12159e+06
2.36723e+06
2.64777e+06
1.66061e+06
2.93353e+06
2.46161e+06
2.12166e+06
3.03894e+06
2.72756e+06
2.68653e+06
1.97154e+06
3.14955e+06
2.77908e+06
2.27773e+06
1.80793e+06
3.24768e+06
2.93446e+06
2.67123e+06
3.08198e+06
3.26256e+06
2.92709e+06
3.27318e+06
3.48272e+06
3.02821e+06
3.0193e+06
3.43842e+06
3.2721e+06
2.8277e+06
2.99485e+06
2.8423e+06
2.93255e+06
3.16381e+06
3.48399e+06
3.8176e+06
3.32195e+06
3.82111e+06
3.23433e+06
2.91158e+06
3.1274e+06
2.7055e+06
2.64594e+06
3.11948e+06
2.78657e+06
3.45722e+06
3.22546e+06
2.71076e+06
3.27853e+06
2.78519e+06
2.60013e+06
3.05743e+06
3.1747e+06
3.05157e+06
2.8349e+06
3.73125e+06
2.9611e+06
2.71942e+06
2.77269e+06
3.67323e+06
2.74942e+06
2.64548e+06
2.8277e+06
2.74551e+06
3.48654e+06
3.1912e+06
3.15442e+06
3.65283e+06
2.83762e+06
2.77901e+06
3.74598e+06
3.49067e+06
3.17249e+06
3.53772e+06
2.9169e+06
2.79169e+06
3.54869e+06
3.48522e+06
3.54846e+06
2.66394e+06
3.54551e+06
3.36785e+06
3.76981e+06
2.94007e+06
3.61212e+06
2.96595e+06
3.49609e+06
3.01124e+06
3.03705e+06
3.14237e+06
2.74553e+06
2.69705e+06
3.63245e+06
2.80474e+06
3.29257e+06
3.89971e+06
1.71914e+06
3.10132e+06
2.89356e+06
2.93685e+06
2.92893e+06
3.02799e+06
3.24051e+06
3.42507e+06
2.51933e+06
3.80817e+06
3.21926e+06
3.23112e+06
2.45936e+06
3.25221e+06
3.91865e+06
2.97001e+06
3.81563e+06
3.44664e+06
3.82521e+06
2.48682e+06
3.26601e+06
2.80802e+06
3.44947e+06
3.33635e+06
3.08097e+06
3.614e+06
2.56238e+06
3.02135e+06
3.74072e+06
3.23216e+06
2.78456e+06
3.41344e+06
3.11031e+06
2.93443e+06
2.96828e+06
3.35365e+06
4.70973e+06
3.79536e+06
3.90053e+06
3.97727e+06
2.86776e+06
3.8942e+06
3.60374e+06
2.81975e+06
3.38417e+06
3.53532e+06
3.37128e+06
3.93078e+06
3.7834e+06
3.16439e+06
3.27427e+06
2.88185e+06
3.54707e+06
3.1201e+06
2.54523e+06
2.36915e+06
2.81694e+06
3.60308e+06
2.6498e+06
1.91598e+06
2.86822e+06
2.8146e+06
3.31727e+06
3.53846e+06
2.63082e+06
1.5198e+06
2.45102e+06
2.4006e+06
1.7471e+06
2.689e+06
3.27195e+06
3.27816e+06
2.68517e+06
2.49718e+06
3.28753e+06
2.89983e+06
2.64966e+06
2.82846e+06
2.71598e+06
2.62309e+06
2.31837e+06
2.24147e+06
1.90279e+06
2.16136e+06
2.19136e+06
2.67739e+06
3.21772e+06
2.20145e+06
2.50071e+06
2.52028e+06
2.72083e+06
1.95883e+06
2.38723e+06
3.21756e+06
3.21677e+06
2.96625e+06
3.04059e+06
2.92664e+06
3.28381e+06
2.97376e+06
2.76866e+06
3.20791e+06
2.01525e+06
2.93337e+06
2.89744e+06
2.45408e+06
2.53353e+06
3.17298e+06
2.67051e+06
2.9413e+06
2.18136e+06
3.00188e+06
2.56287e+06
3.39364e+06
3.45555e+06
1.87103e+06
3.23139e+06
2.50311e+06
3.20035e+06
3.05509e+06
3.24416e+06
2.62803e+06
2.53788e+06
1.94506e+06
2.8032e+06
2.41506e+06
2.36878e+06
2.82888e+06
2.67071e+06
3.15943e+06
3.4417e+06
2.99061e+06
2.16984e+06
2.6781e+06
3.34631e+06
3.00408e+06
2.59355e+06
2.79734e+06
1.61686e+06
2.93863e+06
2.80326e+06
2.37756e+06
2.9032e+06
2.59417e+06
3.3029e+06
2.32557e+06
2.77716e+06
2.67252e+06
2.39268e+06
1.9682e+06
3.13387e+06
2.57488e+06
2.55619e+06
2.54854e+06
2.58683e+06
2.48287e+06
2.42518e+06
1.81989e+06
3.07247e+06
3.23467e+06
1.73373e+06
2.1389e+06
2.65546e+06
2.71871e+06
2.62179e+06
2.51976e+06
2.86068e+06
2.59459e+06
2.55518e+06
2.20014e+06
2.76093e+06
3.29894e+06
2.41519e+06
3.08103e+06
3.10277e+06
2.18724e+06
2.47727e+06
2.33786e+06
3.29141e+06
1.83412e+06
3.25321e+06
2.54646e+06
3.11976e+06
2.64496e+06
3.20491e+06
2.66199e+06
3.01581e+06
2.60949e+06
3.15094e+06
3.28654e+06
2.3487e+06
2.31628e+06
2.6701e+06
3.10358e+06
2.30461e+06
2.41435e+06
1.97138e+06
3.16914e+06
762336
1.23168e+06
1.68794e+06
1.6057e+06
1.95508e+06
1.17612e+06
1.93699e+06
2.08539e+06
1.43897e+06
1.63916e+06
1.26784e+06
648580
1.19672e+06
1.76983e+06
1.53082e+06
1.43956e+06
1.44893e+06
1.05964e+06
1.38419e+06
1.95747e+06
1.89299e+06
1.88342e+06
2.02825e+06
1.56902e+06
1.68106e+06
1.69929e+06
1.58962e+06
1.7816e+06
1.83503e+06
1.84614e+06
1.92476e+06
1.35898e+06
1.56455e+06
1.35473e+06
1.61621e+06
1.43972e+06
2.02698e+06
1.37075e+06
1.82041e+06
1.49469e+06
1.6927e+06
1.49587e+06
1.61387e+06
1.97036e+06
1.66051e+06
1.74894e+06
1.71753e+06
2.00542e+06
1.75791e+06
1.88121e+06
1.72655e+06
1.70326e+06
1.68328e+06
1.74424e+06
2.05726e+06
1.73167e+06
1.67936e+06
1.67884e+06
1.69951e+06
1.96386e+06
1.69525e+06
1.62865e+06
1.65977e+06
1.75771e+06
1.88604e+06
1.60548e+06
1.74253e+06
1.99191e+06
1.77918e+06
1.63132e+06
1.6401e+06
1.62947e+06
1.92157e+06
1.94228e+06
1.62522e+06
1.55457e+06
1.72713e+06
1.77834e+06
1.60066e+06
1.54229e+06
1.69542e+06
1.68255e+06
2.01174e+06
1.68296e+06
1.88026e+06
1.77246e+06
2.23382e+06
2.00276e+06
1.78579e+06
2.04712e+06
1.59359e+06
1.82723e+06
1.61687e+06
1.78969e+06
1.89364e+06
1.98321e+06
1.64997e+06
1.72624e+06
1.99975e+06
1.79389e+06
2.10058e+06
1.7132e+06
1.68503e+06
1.56207e+06
1.53305e+06
1.72626e+06
1.69327e+06
1.58492e+06
1.92961e+06
1.74531e+06
1.68231e+06
1.79031e+06
2.08721e+06
1.69899e+06
1.79859e+06
2.09326e+06
2.21461e+06
1.70096e+06
1.66789e+06
1.62464e+06
1.90751e+06
1.72058e+06
1.86886e+06
1.4908e+06
1.89113e+06
1.50122e+06
1.57019e+06
2.00424e+06
1.70299e+06
1.69526e+06
2.1569e+06
2.21075e+06
1.60203e+06
2.06663e+06
2.01236e+06
1.60565e+06
1.61181e+06
1.82315e+06
2.08713e+06
1.55207e+06
1.79746e+06
1.65751e+06
1.99877e+06
1.80391e+06
2.02097e+06
1.59306e+06
1.47588e+06
1.63318e+06
1.75612e+06
1.99817e+06
1.97118e+06
2.17579e+06
1.47348e+06
1.95074e+06
1.78746e+06
1.61451e+06
2.1342e+06
1.99075e+06
1.42233e+06
1.5516e+06
1.46456e+06
1.8933e+06
2.00134e+06
1.94281e+06
2.16561e+06
2.06031e+06
1.77992e+06
1.93446e+06
1.83319e+06
2.06812e+06
1.69149e+06
1.74788e+06
1.65681e+06
2.17771e+06
1.8712e+06
1.73406e+06
2.19395e+06
2.09661e+06
2.12066e+06
2.12836e+06
1.71656e+06
1.88464e+06
1.79707e+06
1.61559e+06
1.63853e+06
1.65547e+06
1.59575e+06
1.68275e+06
1.73748e+06
2.00147e+06
1.89228e+06
1.29635e+06
1.47119e+06
1.50241e+06
1.78583e+06
1.73334e+06
1.67722e+06
1.65776e+06
1.64377e+06
1.46799e+06
1.58796e+06
1.55174e+06
1.5854e+06
1.74678e+06
1.79382e+06
1.3546e+06
1.75335e+06
1.52196e+06
1.52371e+06
1.75733e+06
1.79785e+06
1.78394e+06
2.1106e+06
1.42067e+06
1.951e+06
1.53918e+06
1.87238e+06
2.08429e+06
1.7291e+06
1.66046e+06
1.90908e+06
1.80353e+06
1.95719e+06
1.64538e+06
2.05686e+06
1.59936e+06
1.63605e+06
1.27148e+06
1.3835e+06
1.59091e+06
1.89625e+06
1.90209e+06
1.42889e+06
2.18673e+06
1.17854e+06
1.26722e+06
1.8252e+06
2.04772e+06
1.89981e+06
1.67681e+06
2.14044e+06
2.13751e+06
1.77335e+06
1.62229e+06
1.83898e+06
1.74663e+06
1.76662e+06
2.04459e+06
1.85364e+06
1.9907e+06
1.74007e+06
2.02966e+06
1.54733e+06
1.84854e+06
1.83559e+06
1.81741e+06
1.72715e+06
1.90023e+06
2.38795e+06
1.8321e+06
1.67847e+06
1.73538e+06
1.90066e+06
1.88511e+06
1.61938e+06
1.80931e+06
1.94111e+06
1.96604e+06
1.88959e+06
1.85188e+06
1.86932e+06
1.93627e+06
1.9734e+06
2.08219e+06
1.93423e+06
2.16808e+06
2.22123e+06
1.77266e+06
1.8786e+06
1.99849e+06
2.05592e+06
2.29565e+06
1.93022e+06
1.90867e+06
2.10451e+06
2.12016e+06
2.20721e+06
1.71912e+06
2.43745e+06
2.31202e+06
2.46862e+06
2.42114e+06
2.11644e+06
2.68806e+06
2.48664e+06
2.64876e+06
2.49656e+06
2.27499e+06
2.13604e+06
2.32933e+06
2.16198e+06
2.15253e+06
1.8215e+06
2.08847e+06
2.08674e+06
2.17778e+06
1.89643e+06
1.5037e+06
1.97763e+06
2.36401e+06
2.17305e+06
2.30012e+06
2.57157e+06
2.1634e+06
2.57784e+06
2.66253e+06
2.86331e+06
2.80443e+06
2.02922e+06
2.16177e+06
2.5367e+06
2.17732e+06
2.4592e+06
2.21218e+06
2.80416e+06
2.81e+06
2.46348e+06
2.34718e+06
2.39113e+06
2.41212e+06
2.52971e+06
2.27756e+06
2.24372e+06
1.33279e+06
2.37912e+06
2.06716e+06
2.30614e+06
2.70718e+06
1.98592e+06
2.64864e+06
1.73698e+06
2.56429e+06
2.57273e+06
2.30712e+06
1.69121e+06
2.81274e+06
2.34727e+06
2.33701e+06
2.65249e+06
2.9081e+06
2.39408e+06
2.43712e+06
3.25147e+06
3.19822e+06
3.12387e+06
3.14713e+06
3.30366e+06
2.93699e+06
2.95032e+06
2.64407e+06
2.91308e+06
3.13153e+06
2.71922e+06
3.04251e+06
2.7255e+06
3.10273e+06
2.60008e+06
2.58142e+06
2.87687e+06
2.85222e+06
3.08162e+06
2.82234e+06
2.85498e+06
2.66498e+06
2.90788e+06
2.73103e+06
2.9506e+06
2.77327e+06
2.89134e+06
2.78771e+06
2.89917e+06
2.81656e+06
2.52571e+06
3.36305e+06
2.11683e+06
2.69768e+06
2.45796e+06
3.1088e+06
2.59398e+06
2.742e+06
2.66873e+06
2.4872e+06
3.08945e+06
2.70467e+06
2.71836e+06
3.14173e+06
2.61895e+06
2.41403e+06
3.17445e+06
2.84801e+06
2.69359e+06
3.13617e+06
2.96017e+06
2.42571e+06
3.13385e+06
3.55993e+06
2.84833e+06
2.64102e+06
3.61692e+06
3.09904e+06
3.10925e+06
2.19498e+06
2.75977e+06
2.9604e+06
3.1433e+06
2.61966e+06
2.87152e+06
2.98439e+06
3.35273e+06
2.69702e+06
3.20062e+06
2.71027e+06
3.07202e+06
3.34236e+06
1.33275e+06
2.60921e+06
2.85781e+06
2.82687e+06
2.83884e+06
2.95432e+06
3.04591e+06
3.6359e+06
2.13884e+06
3.05038e+06
2.34536e+06
2.84546e+06
2.7509e+06
3.3442e+06
3.68696e+06
2.76299e+06
3.16541e+06
3.65892e+06
3.23228e+06
2.33932e+06
2.79761e+06
2.62383e+06
2.82352e+06
2.65492e+06
2.85277e+06
2.80075e+06
2.19685e+06
2.63009e+06
3.6365e+06
2.9906e+06
2.51587e+06
2.658e+06
3.26937e+06
3.32908e+06
3.34112e+06
3.01339e+06
3.10199e+06
3.44555e+06
3.49469e+06
3.77112e+06
2.5581e+06
3.13249e+06
3.38665e+06
2.62952e+06
2.38582e+06
3.03219e+06
2.94538e+06
3.20416e+06
3.90809e+06
2.81852e+06
2.51935e+06
3.88269e+06
3.18726e+06
2.98731e+06
2.65516e+06
2.46951e+06
2.42338e+06
2.68516e+06
2.11764e+06
1.82545e+06
2.76451e+06
2.32108e+06
2.4e+06
2.63938e+06
2.41265e+06
1.42944e+06
2.17389e+06
2.70446e+06
1.58356e+06
2.55161e+06
2.60085e+06
2.63565e+06
2.91716e+06
1.71674e+06
2.74003e+06
3.06944e+06
2.50117e+06
3.02592e+06
3.1596e+06
2.47979e+06
2.11319e+06
2.72193e+06
1.82737e+06
2.24048e+06
2.62177e+06
2.92187e+06
2.63809e+06
2.19364e+06
2.15506e+06
2.58148e+06
2.60923e+06
1.499e+06
2.35658e+06
2.67741e+06
2.48756e+06
2.65649e+06
2.77752e+06
3.09072e+06
2.91515e+06
3.07404e+06
2.45614e+06
2.65854e+06
1.91127e+06
2.3233e+06
3.03976e+06
2.65873e+06
2.12376e+06
2.45961e+06
2.44633e+06
2.65412e+06
2.0196e+06
2.32898e+06
2.39857e+06
2.90834e+06
2.89594e+06
1.62344e+06
2.6469e+06
2.0708e+06
2.50317e+06
2.42163e+06
2.81655e+06
2.72999e+06
2.20832e+06
1.66053e+06
2.53718e+06
2.3034e+06
2.05577e+06
2.05641e+06
2.64128e+06
2.80461e+06
2.92037e+06
2.45233e+06
1.85429e+06
2.69921e+06
2.88338e+06
3.11493e+06
2.40285e+06
2.15229e+06
1.26645e+06
2.57784e+06
2.65553e+06
2.25582e+06
2.23427e+06
2.61322e+06
3.1522e+06
2.22325e+06
2.99267e+06
2.65011e+06
2.32353e+06
2.03104e+06
2.71889e+06
2.21278e+06
2.41146e+06
2.76279e+06
2.44056e+06
2.77349e+06
2.36119e+06
1.76435e+06
3.19496e+06
3.0906e+06
1.37831e+06
2.07415e+06
2.70008e+06
2.05463e+06
2.45523e+06
2.5847e+06
2.20927e+06
2.64629e+06
2.53693e+06
2.2072e+06
2.08812e+06
2.71944e+06
2.61046e+06
2.78304e+06
2.68143e+06
1.84722e+06
2.52123e+06
2.26294e+06
3.05055e+06
1.46688e+06
2.93538e+06
2.40024e+06
3.00841e+06
2.59676e+06
2.54646e+06
2.19649e+06
2.44186e+06
2.4517e+06
2.51792e+06
2.86402e+06
1.92316e+06
2.08662e+06
2.55759e+06
3.08963e+06
2.1954e+06
2.01011e+06
1.64166e+06
2.52309e+06
637377
1.24656e+06
1.40059e+06
1.71375e+06
1.17452e+06
1.06668e+06
1.7758e+06
1.59917e+06
1.77919e+06
1.78263e+06
1.40582e+06
582681
1.43509e+06
1.78123e+06
1.37886e+06
1.68605e+06
1.3915e+06
1.10887e+06
1.26833e+06
1.49034e+06
1.69919e+06
1.38057e+06
1.44944e+06
1.42198e+06
1.64995e+06
1.55402e+06
1.5567e+06
1.22429e+06
1.34167e+06
1.75234e+06
1.44384e+06
1.21618e+06
1.54743e+06
1.2016e+06
1.61926e+06
1.17038e+06
1.64074e+06
1.35687e+06
1.68955e+06
1.40161e+06
1.5274e+06
1.58898e+06
1.4566e+06
1.51864e+06
1.48605e+06
1.615e+06
1.54313e+06
1.8844e+06
1.5775e+06
1.74683e+06
1.53463e+06
1.68627e+06
1.47228e+06
1.59123e+06
1.70461e+06
1.67152e+06
1.48035e+06
1.71385e+06
1.50663e+06
1.78423e+06
1.5763e+06
1.46182e+06
1.54191e+06
1.54027e+06
1.73778e+06
1.39731e+06
1.36643e+06
1.61307e+06
1.46126e+06
1.58881e+06
1.4905e+06
1.63402e+06
1.83742e+06
1.62565e+06
1.5877e+06
1.39047e+06
1.55049e+06
1.58477e+06
1.55467e+06
1.25816e+06
1.36967e+06
1.59746e+06
1.60959e+06
1.58803e+06
1.59011e+06
1.5295e+06
1.95118e+06
1.83056e+06
1.65917e+06
1.56372e+06
1.41108e+06
1.57617e+06
1.37824e+06
1.57028e+06
1.58247e+06
1.76998e+06
1.40616e+06
1.56179e+06
1.58493e+06
1.56345e+06
1.76859e+06
1.58319e+06
1.47952e+06
1.57635e+06
1.33234e+06
1.58989e+06
1.47957e+06
1.42176e+06
1.72338e+06
1.52561e+06
1.47139e+06
1.69367e+06
1.95503e+06
1.56617e+06
1.61142e+06
1.97163e+06
1.85694e+06
1.5832e+06
1.48901e+06
1.54694e+06
1.48012e+06
1.76812e+06
1.57396e+06
1.30949e+06
1.72705e+06
1.25333e+06
1.42827e+06
1.84017e+06
1.44891e+06
1.53051e+06
1.87976e+06
1.84867e+06
1.44858e+06
1.90366e+06
1.863e+06
1.4277e+06
1.42473e+06
1.69923e+06
1.76468e+06
1.28904e+06
1.66279e+06
1.49577e+06
1.5879e+06
1.60685e+06
1.58381e+06
1.57511e+06
1.28762e+06
1.49435e+06
1.56167e+06
1.55012e+06
1.83306e+06
1.81802e+06
1.27071e+06
1.77728e+06
1.39163e+06
1.34397e+06
1.94526e+06
1.7421e+06
1.19923e+06
1.36324e+06
1.26628e+06
1.8442e+06
1.59286e+06
1.57135e+06
1.80049e+06
1.70407e+06
1.61426e+06
1.446e+06
1.68247e+06
1.69957e+06
1.57084e+06
1.63891e+06
1.40355e+06
1.90521e+06
1.7284e+06
1.65319e+06
1.81661e+06
1.70352e+06
1.91461e+06
1.75877e+06
1.55451e+06
1.66969e+06
1.7316e+06
1.42764e+06
1.5709e+06
1.47237e+06
1.57037e+06
1.4932e+06
1.61366e+06
1.57541e+06
1.7995e+06
1.12958e+06
1.33496e+06
1.30445e+06
1.66918e+06
1.56559e+06
1.61519e+06
1.4907e+06
1.40848e+06
1.39575e+06
1.42906e+06
1.40929e+06
1.2979e+06
1.74362e+06
1.5516e+06
1.20183e+06
1.56322e+06
1.51039e+06
1.36897e+06
1.5898e+06
1.60412e+06
1.6895e+06
1.76394e+06
1.28566e+06
1.86974e+06
1.43233e+06
1.69358e+06
1.73593e+06
1.57484e+06
1.44797e+06
1.44051e+06
1.57528e+06
1.80634e+06
1.51381e+06
2.01415e+06
1.42807e+06
1.46435e+06
1.13575e+06
1.16076e+06
1.45425e+06
1.75861e+06
1.71054e+06
1.31921e+06
1.80366e+06
1.00374e+06
1.24182e+06
1.38361e+06
1.60382e+06
1.67612e+06
1.40999e+06
1.79906e+06
1.74187e+06
1.58704e+06
1.62272e+06
1.55764e+06
1.60823e+06
1.58307e+06
1.74649e+06
1.77136e+06
1.63587e+06
1.58694e+06
1.59102e+06
1.47181e+06
1.61802e+06
1.67183e+06
1.61624e+06
1.6477e+06
1.68459e+06
2.09219e+06
1.67964e+06
1.45678e+06
1.64067e+06
1.72241e+06
1.77094e+06
1.43029e+06
1.70567e+06
1.72721e+06
1.80689e+06
1.7082e+06
1.80558e+06
1.68077e+06
1.97041e+06
1.75768e+06
1.94951e+06
1.75151e+06
2.18624e+06
1.73025e+06
1.61517e+06
1.77615e+06
1.81752e+06
1.932e+06
2.10889e+06
1.99834e+06
1.76962e+06
2.04013e+06
1.89789e+06
1.70098e+06
1.68069e+06
1.93835e+06
2.21627e+06
2.07557e+06
2.04638e+06
1.93285e+06
2.419e+06
2.38288e+06
2.24057e+06
2.38617e+06
1.7823e+06
1.91208e+06
2.28764e+06
1.97499e+06
1.95746e+06
1.68555e+06
1.9318e+06
1.83537e+06
1.9773e+06
1.70503e+06
1.32795e+06
1.72345e+06
2.15987e+06
2.01004e+06
2.09955e+06
2.09788e+06
2.01515e+06
2.40261e+06
2.66245e+06
2.50101e+06
2.57741e+06
1.91688e+06
1.8064e+06
2.47404e+06
1.93768e+06
1.96476e+06
2.25046e+06
2.48536e+06
2.49169e+06
1.97242e+06
1.84526e+06
2.37413e+06
1.86102e+06
1.97627e+06
2.474e+06
2.14085e+06
1.15129e+06
2.2209e+06
2.08335e+06
2.08946e+06
2.01178e+06
1.60039e+06
2.04149e+06
1.59847e+06
2.21217e+06
2.92272e+06
2.57462e+06
1.74063e+06
2.23605e+06
2.17497e+06
2.33686e+06
2.64407e+06
2.96937e+06
2.16727e+06
2.06057e+06
2.72469e+06
2.96807e+06
3.23428e+06
2.59741e+06
3.0464e+06
3.04626e+06
2.56491e+06
2.54643e+06
2.87922e+06
2.51755e+06
2.45119e+06
2.77991e+06
2.49009e+06
2.83595e+06
2.3627e+06
2.6219e+06
3.13458e+06
2.8894e+06
2.55385e+06
3.03881e+06
2.92318e+06
2.35012e+06
3.01516e+06
2.82618e+06
3.15523e+06
2.75085e+06
2.32342e+06
3.02966e+06
3.07191e+06
2.97968e+06
2.569e+06
2.9042e+06
1.75287e+06
2.80139e+06
2.45341e+06
3.25287e+06
2.90935e+06
1.95942e+06
3.09525e+06
2.59139e+06
3.1592e+06
2.57664e+06
2.61509e+06
3.14807e+06
2.85863e+06
2.36949e+06
3.23425e+06
2.70957e+06
2.58424e+06
3.23117e+06
2.17254e+06
2.46267e+06
3.40381e+06
3.01875e+06
2.73909e+06
2.84694e+06
3.15484e+06
3.34807e+06
3.21735e+06
1.88532e+06
2.56009e+06
3.03477e+06
3.35898e+06
2.61746e+06
3.00931e+06
3.23273e+06
2.63893e+06
2.93717e+06
3.42078e+06
2.97876e+06
3.25512e+06
3.44764e+06
1.13697e+06
2.85164e+06
3.21712e+06
3.10294e+06
3.02124e+06
2.9641e+06
3.18946e+06
3.2688e+06
2.02562e+06
2.7271e+06
1.94186e+06
2.62439e+06
2.46976e+06
2.62623e+06
3.23925e+06
2.86348e+06
3.25198e+06
3.15672e+06
3.50073e+06
2.53264e+06
2.75109e+06
2.85966e+06
2.76648e+06
2.41792e+06
2.89433e+06
2.65206e+06
2.10344e+06
2.65283e+06
3.48645e+06
3.23486e+06
2.60501e+06
2.4124e+06
2.92888e+06
3.38398e+06
3.37041e+06
3.14892e+06
2.3669e+06
3.73895e+06
3.65494e+06
4.42019e+06
2.56847e+06
2.94299e+06
2.38732e+06
2.7273e+06
1.9251e+06
3.07095e+06
3.21924e+06
2.59971e+06
3.23627e+06
3.01219e+06
2.28289e+06
3.0348e+06
2.54985e+06
2.30352e+06
3.40421e+06
2.37659e+06
2.45626e+06
2.66725e+06
1.98492e+06
1.77368e+06
2.17954e+06
2.25236e+06
2.1437e+06
2.42825e+06
2.73211e+06
1.46027e+06
2.19008e+06
2.08582e+06
1.57448e+06
2.90155e+06
2.4124e+06
2.23365e+06
2.35399e+06
1.35469e+06
2.83376e+06
2.53719e+06
2.75471e+06
2.59948e+06
2.93807e+06
2.78784e+06
2.26805e+06
1.99379e+06
2.02895e+06
2.70666e+06
1.8901e+06
2.44433e+06
2.79672e+06
2.69295e+06
2.13062e+06
1.98143e+06
2.49508e+06
1.27417e+06
2.50085e+06
2.4141e+06
1.92761e+06
2.82484e+06
2.83265e+06
2.7379e+06
2.60006e+06
2.93255e+06
2.47029e+06
2.2475e+06
1.8682e+06
2.05023e+06
2.63226e+06
2.15342e+06
1.73378e+06
2.14179e+06
2.30274e+06
2.73827e+06
2.05016e+06
2.04253e+06
2.44653e+06
2.85269e+06
2.63291e+06
1.52282e+06
2.20895e+06
1.91796e+06
2.1524e+06
2.29537e+06
2.31877e+06
2.22736e+06
2.14821e+06
1.55383e+06
2.71936e+06
2.33011e+06
2.02807e+06
1.84122e+06
1.90818e+06
2.30402e+06
2.6139e+06
2.30245e+06
1.67522e+06
2.17359e+06
2.6056e+06
2.91487e+06
2.48101e+06
1.91442e+06
1.06849e+06
2.58202e+06
2.02553e+06
2.43284e+06
2.01875e+06
2.08647e+06
2.68418e+06
2.51643e+06
2.46029e+06
1.98674e+06
2.57015e+06
2.51905e+06
2.45027e+06
2.17042e+06
2.50119e+06
2.3508e+06
2.54115e+06
2.34584e+06
2.43107e+06
1.84718e+06
2.97061e+06
2.67375e+06
1.16652e+06
2.25213e+06
2.59341e+06
1.75529e+06
2.52972e+06
2.10256e+06
1.96433e+06
2.15199e+06
2.21011e+06
2.65323e+06
1.87999e+06
2.25069e+06
2.08024e+06
2.82219e+06
2.26794e+06
1.66607e+06
2.02019e+06
2.52331e+06
2.64277e+06
1.27533e+06
2.44322e+06
2.45653e+06
2.60439e+06
2.02708e+06
2.11306e+06
2.00224e+06
2.2642e+06
2.40448e+06
2.39362e+06
2.35634e+06
1.74438e+06
2.18999e+06
1.89753e+06
2.65362e+06
2.38242e+06
1.84369e+06
1.46568e+06
1.96821e+06
514093
1.5852e+06
1.41107e+06
1.67369e+06
949290
1.27917e+06
1.14146e+06
1.6854e+06
1.37642e+06
1.67743e+06
1.21221e+06
548386
1.26447e+06
1.28278e+06
1.52956e+06
1.22708e+06
1.42041e+06
1.39576e+06
1.53484e+06
1.39974e+06
1.42868e+06
1.24969e+06
1.00368e+06
1.47122e+06
1.19585e+06
1.46624e+06
1.09883e+06
1.03824e+06
1.1277e+06
1.38022e+06
1.27843e+06
1.11694e+06
1.13515e+06
1.21328e+06
1.25871e+06
1.01379e+06
1.62939e+06
1.22345e+06
1.46916e+06
1.14523e+06
1.4443e+06
1.19494e+06
1.44911e+06
1.23144e+06
1.45505e+06
1.22491e+06
1.46784e+06
1.66039e+06
1.50664e+06
1.38257e+06
1.49331e+06
1.4239e+06
1.36529e+06
1.21832e+06
1.29317e+06
1.33428e+06
1.41708e+06
1.44885e+06
1.42949e+06
1.46039e+06
1.19238e+06
1.39413e+06
1.2048e+06
1.3943e+06
1.39712e+06
1.35736e+06
1.17963e+06
1.46865e+06
1.21318e+06
1.26401e+06
1.48342e+06
1.33793e+06
1.65928e+06
1.45909e+06
1.28357e+06
1.3524e+06
1.16555e+06
1.44302e+06
1.24088e+06
1.07503e+06
1.1955e+06
1.30157e+06
1.44983e+06
1.24687e+06
1.4706e+06
1.381e+06
1.66732e+06
1.57328e+06
1.33055e+06
1.24343e+06
1.35583e+06
1.46596e+06
1.27722e+06
1.36394e+06
1.42346e+06
1.41945e+06
1.28541e+06
1.19317e+06
1.41513e+06
1.44063e+06
1.44754e+06
1.22089e+06
1.36787e+06
1.24589e+06
1.24799e+06
1.23858e+06
1.3796e+06
1.16285e+06
1.35303e+06
1.41223e+06
1.34849e+06
1.35807e+06
1.6465e+06
1.20491e+06
1.44544e+06
1.71759e+06
1.70782e+06
1.2433e+06
1.42867e+06
1.21617e+06
1.29045e+06
1.46174e+06
1.45836e+06
1.12708e+06
1.36707e+06
1.13314e+06
1.15168e+06
1.56787e+06
1.31976e+06
1.1559e+06
1.59344e+06
1.71905e+06
1.20418e+06
1.6906e+06
1.57211e+06
1.40976e+06
1.33805e+06
1.34214e+06
1.4977e+06
1.15941e+06
1.36779e+06
1.50213e+06
1.42243e+06
1.25558e+06
1.40029e+06
1.22942e+06
1.22377e+06
1.14657e+06
1.18145e+06
1.17149e+06
1.5065e+06
1.69332e+06
1.14353e+06
1.46181e+06
1.18126e+06
1.1737e+06
1.71018e+06
1.37785e+06
1.07276e+06
1.27793e+06
1.09568e+06
1.54935e+06
1.32955e+06
1.41843e+06
1.67472e+06
1.56896e+06
1.21861e+06
1.23248e+06
1.47523e+06
1.57533e+06
1.21087e+06
1.51407e+06
1.29862e+06
1.61441e+06
1.34997e+06
1.25633e+06
1.56733e+06
1.58585e+06
1.63236e+06
1.6242e+06
1.18251e+06
1.2422e+06
1.47353e+06
1.38265e+06
1.24859e+06
1.43548e+06
1.24198e+06
1.41528e+06
1.26122e+06
1.235e+06
1.54479e+06
1.05204e+06
1.32064e+06
1.21671e+06
1.31745e+06
1.47875e+06
1.23248e+06
1.4637e+06
1.30532e+06
1.17039e+06
1.38805e+06
1.18467e+06
1.02368e+06
1.41233e+06
1.50136e+06
1.1168e+06
1.1697e+06
1.26975e+06
1.38582e+06
1.46238e+06
1.44712e+06
1.31194e+06
1.66572e+06
1.19072e+06
1.67443e+06
1.25779e+06
1.32494e+06
1.34362e+06
1.46909e+06
1.372e+06
1.2009e+06
1.39655e+06
1.56999e+06
1.30469e+06
1.65109e+06
1.38912e+06
1.08418e+06
1.0539e+06
1.03319e+06
1.46811e+06
1.43348e+06
1.31559e+06
1.32215e+06
1.58523e+06
873939
1.3948e+06
1.158e+06
1.23398e+06
1.38381e+06
1.29796e+06
1.68525e+06
1.51889e+06
1.45693e+06
1.2871e+06
1.43056e+06
1.35789e+06
1.46114e+06
1.66998e+06
1.48988e+06
1.46208e+06
1.18809e+06
1.43587e+06
1.29212e+06
1.45422e+06
1.29848e+06
1.50339e+06
1.28496e+06
1.54833e+06
1.80226e+06
1.3174e+06
1.35791e+06
1.27331e+06
1.57556e+06
1.35569e+06
1.37253e+06
1.34868e+06
1.56634e+06
1.38525e+06
1.67089e+06
1.42606e+06
1.57251e+06
1.70831e+06
1.60747e+06
1.50131e+06
1.65204e+06
1.85013e+06
1.54029e+06
1.58575e+06
1.37155e+06
1.64455e+06
1.49081e+06
1.73289e+06
1.56156e+06
1.80336e+06
1.74016e+06
1.74188e+06
1.50665e+06
1.466e+06
1.58068e+06
2.04812e+06
1.96607e+06
1.99772e+06
1.88692e+06
2.09858e+06
2.17436e+06
2.14858e+06
2.08803e+06
1.55887e+06
1.75359e+06
1.89826e+06
1.98622e+06
1.8574e+06
1.42723e+06
1.92945e+06
1.72886e+06
1.867e+06
1.39128e+06
1.22498e+06
1.6112e+06
2.16986e+06
1.94873e+06
2.18637e+06
1.93126e+06
2.01226e+06
2.46778e+06
2.43392e+06
2.41094e+06
2.19801e+06
2.0337e+06
1.62749e+06
2.35612e+06
1.8505e+06
1.72558e+06
1.83985e+06
2.00719e+06
2.44249e+06
1.721e+06
1.60386e+06
1.99103e+06
1.60557e+06
1.64753e+06
1.90031e+06
2.14977e+06
1.03829e+06
2.38324e+06
2.33272e+06
1.67512e+06
1.71173e+06
1.37683e+06
1.79998e+06
1.52752e+06
2.12379e+06
2.35189e+06
2.09521e+06
1.89786e+06
2.02858e+06
2.27987e+06
2.38658e+06
3.07646e+06
2.44582e+06
2.0994e+06
1.84663e+06
2.52497e+06
2.40711e+06
2.61776e+06
2.39502e+06
2.54436e+06
2.63951e+06
2.22544e+06
2.3486e+06
2.33807e+06
2.28246e+06
2.3666e+06
2.75437e+06
2.44726e+06
2.79472e+06
2.34016e+06
2.21099e+06
2.81076e+06
2.20424e+06
2.40361e+06
2.67552e+06
2.34378e+06
2.25759e+06
2.53671e+06
2.27928e+06
2.60726e+06
2.17722e+06
2.05544e+06
2.77074e+06
2.6591e+06
2.66338e+06
2.20814e+06
2.84767e+06
1.5659e+06
2.3431e+06
2.40354e+06
2.53107e+06
2.74633e+06
1.58376e+06
2.81063e+06
2.50489e+06
2.5755e+06
2.49719e+06
2.4596e+06
2.58672e+06
2.22874e+06
2.43028e+06
2.51131e+06
2.66381e+06
2.54308e+06
2.74728e+06
1.75057e+06
2.57057e+06
2.90605e+06
2.69669e+06
2.6612e+06
2.0148e+06
2.66618e+06
2.9553e+06
2.51588e+06
1.76896e+06
2.55493e+06
2.30215e+06
3.08899e+06
2.71035e+06
2.5086e+06
3.02217e+06
2.50825e+06
2.19695e+06
3.15281e+06
2.47504e+06
3.03026e+06
3.08138e+06
1.00415e+06
1.97598e+06
2.35435e+06
2.36949e+06
2.43474e+06
2.0397e+06
2.35022e+06
2.81218e+06
1.80423e+06
2.80363e+06
1.70878e+06
2.59685e+06
1.96014e+06
2.24648e+06
3.18671e+06
2.35908e+06
2.38136e+06
2.74951e+06
3.07489e+06
2.37331e+06
2.65068e+06
2.16657e+06
2.74665e+06
2.42744e+06
2.16736e+06
2.81699e+06
2.03117e+06
2.59097e+06
2.87189e+06
2.75359e+06
2.25038e+06
2.46025e+06
2.21685e+06
2.54938e+06
2.62011e+06
2.70873e+06
1.97216e+06
3.27922e+06
3.21414e+06
3.22837e+06
2.83485e+06
3.01076e+06
1.93637e+06
2.79214e+06
1.65719e+06
2.57871e+06
3.04601e+06
2.38614e+06
2.97637e+06
2.93102e+06
2.39353e+06
2.7789e+06
2.37866e+06
2.1096e+06
2.53807e+06
2.00802e+06
2.64022e+06
3.13988e+06
2.15838e+06
1.8853e+06
1.98747e+06
2.43416e+06
2.2636e+06
2.74182e+06
2.66938e+06
1.62643e+06
2.37381e+06
1.93795e+06
1.68941e+06
2.53924e+06
2.59367e+06
2.0972e+06
2.19645e+06
1.14361e+06
2.39913e+06
2.2679e+06
2.46454e+06
2.72821e+06
2.49495e+06
2.68503e+06
2.08592e+06
1.62055e+06
2.36459e+06
2.1475e+06
1.52858e+06
2.03818e+06
2.13502e+06
2.22774e+06
2.42731e+06
1.71355e+06
1.86123e+06
1.10666e+06
1.91365e+06
2.39595e+06
1.64736e+06
2.52946e+06
2.58429e+06
2.16375e+06
2.639e+06
2.52729e+06
2.55987e+06
2.12253e+06
1.67204e+06
1.97483e+06
2.15032e+06
1.90327e+06
1.56378e+06
2.03516e+06
2.08731e+06
2.67769e+06
2.30268e+06
1.92921e+06
1.94906e+06
2.44014e+06
2.60812e+06
1.51432e+06
2.08496e+06
1.95725e+06
2.05343e+06
2.40671e+06
2.17609e+06
2.05088e+06
2.2312e+06
1.51939e+06
2.48473e+06
1.8412e+06
2.27703e+06
1.83274e+06
1.57924e+06
2.11647e+06
2.56892e+06
2.35622e+06
1.6082e+06
1.97372e+06
2.60552e+06
2.53156e+06
1.96166e+06
1.82878e+06
935398
2.54941e+06
1.75701e+06
2.08104e+06
1.97178e+06
1.86753e+06
2.39214e+06
2.09152e+06
1.99617e+06
1.71265e+06
2.23404e+06
2.14319e+06
2.5174e+06
2.27328e+06
2.16333e+06
2.16284e+06
2.21184e+06
2.15565e+06
1.92456e+06
2.02573e+06
2.50503e+06
2.6545e+06
1.02414e+06
1.76648e+06
2.13695e+06
1.59482e+06
2.17153e+06
1.8622e+06
1.88583e+06
1.90921e+06
2.11444e+06
2.31401e+06
1.85838e+06
2.10302e+06
1.86525e+06
2.59023e+06
2.14935e+06
1.59639e+06
1.80209e+06
2.1123e+06
2.59829e+06
1.1578e+06
2.29759e+06
2.02015e+06
2.49068e+06
1.76163e+06
1.90672e+06
1.96636e+06
2.17031e+06
1.82975e+06
2.35195e+06
2.20103e+06
1.70123e+06
1.87684e+06
1.63945e+06
2.64358e+06
1.90281e+06
1.80752e+06
1.36475e+06
1.65747e+06
438262
1.54956e+06
1.57637e+06
1.21025e+06
947046
1.20403e+06
916138
1.42999e+06
1.17388e+06
1.29633e+06
924950
527903
852847
956946
1.11326e+06
1.02373e+06
1.06475e+06
1.5009e+06
1.18623e+06
1.37455e+06
1.42034e+06
1.26664e+06
777924
1.04976e+06
1.02876e+06
1.09225e+06
864497
996210
1.04136e+06
1.26792e+06
1.34294e+06
1.10107e+06
935937
1.02242e+06
1.10915e+06
922234
1.37222e+06
992467
1.1337e+06
908614
1.10612e+06
950095
1.18443e+06
1.09871e+06
1.15591e+06
1.04857e+06
1.15739e+06
1.4163e+06
1.18368e+06
1.141e+06
1.2538e+06
1.29855e+06
1.07755e+06
1.021e+06
1.08647e+06
1.03067e+06
1.02313e+06
1.30794e+06
1.1357e+06
1.16399e+06
988895
1.09387e+06
1.01166e+06
1.08235e+06
1.09416e+06
1.02058e+06
1.10113e+06
1.13478e+06
1.11818e+06
1.0935e+06
1.25737e+06
1.17557e+06
1.42473e+06
1.40463e+06
1.1159e+06
1.10231e+06
971266
1.11879e+06
1.03894e+06
939484
1.11913e+06
1.14012e+06
1.29966e+06
1.03523e+06
1.31196e+06
1.11499e+06
1.56017e+06
1.27284e+06
1.15789e+06
1.04577e+06
1.08044e+06
1.12152e+06
1.09297e+06
1.22272e+06
1.36972e+06
1.15094e+06
1.08041e+06
996164
1.31472e+06
1.15192e+06
1.31514e+06
1.03485e+06
1.06009e+06
1.01376e+06
1.08175e+06
1.05539e+06
1.10543e+06
959165
1.09103e+06
1.10376e+06
1.03799e+06
1.21825e+06
1.52743e+06
994081
1.09967e+06
1.64782e+06
1.47207e+06
1.05012e+06
1.14782e+06
1.02604e+06
1.17859e+06
1.33936e+06
1.3272e+06
975167
1.09495e+06
1.04494e+06
921221
1.29697e+06
1.11879e+06
955505
1.51373e+06
1.55879e+06
977776
1.44675e+06
1.43578e+06
1.13011e+06
1.01595e+06
1.20142e+06
1.40918e+06
1.11395e+06
1.23262e+06
1.2745e+06
1.31786e+06
1.08219e+06
1.27409e+06
1.02865e+06
1.06529e+06
965934
974424
962361
1.22688e+06
1.47864e+06
1.05905e+06
1.30629e+06
1.03452e+06
1.05159e+06
1.47124e+06
1.23553e+06
983389
1.0032e+06
914990
1.48426e+06
1.22434e+06
1.39615e+06
1.43165e+06
1.29266e+06
1.03535e+06
1.15183e+06
1.14779e+06
1.28505e+06
1.01128e+06
1.24288e+06
1.10231e+06
1.51437e+06
1.07998e+06
1.09053e+06
1.50022e+06
1.26677e+06
1.54092e+06
1.41152e+06
999786
1.03448e+06
1.14377e+06
1.10418e+06
1.05924e+06
1.17704e+06
1.05227e+06
1.12125e+06
1.07754e+06
1.04835e+06
1.19876e+06
997279
1.04796e+06
1.01246e+06
1.17527e+06
1.16778e+06
1.04336e+06
1.21977e+06
1.11613e+06
930463
1.0816e+06
981675
865734
1.30078e+06
1.47328e+06
1.07667e+06
958117
1.18503e+06
1.10279e+06
1.19614e+06
1.12266e+06
1.16018e+06
1.5365e+06
1.1073e+06
1.4139e+06
1.07956e+06
1.15465e+06
1.13765e+06
1.17091e+06
1.07394e+06
1.05006e+06
1.07758e+06
1.2628e+06
1.12703e+06
1.5295e+06
1.12e+06
894590
1.0352e+06
951817
1.28044e+06
1.08763e+06
1.11192e+06
1.08445e+06
1.48256e+06
775745
1.2258e+06
1.03488e+06
1.03227e+06
1.224e+06
1.28623e+06
1.48455e+06
1.42258e+06
1.1049e+06
1.08144e+06
1.34983e+06
1.23597e+06
1.07734e+06
1.39045e+06
1.3496e+06
1.16034e+06
964887
1.42546e+06
1.08602e+06
1.15679e+06
1.09708e+06
1.18579e+06
1.08055e+06
1.23526e+06
1.67684e+06
1.11732e+06
1.15679e+06
1.06278e+06
1.21424e+06
1.15378e+06
1.21505e+06
1.14347e+06
1.23296e+06
1.18004e+06
1.39387e+06
1.23926e+06
1.21426e+06
1.55169e+06
1.26792e+06
1.17142e+06
1.24962e+06
1.77479e+06
1.47803e+06
1.24615e+06
1.13716e+06
1.19097e+06
1.29033e+06
1.61968e+06
1.35567e+06
1.54462e+06
1.58844e+06
1.37797e+06
1.44756e+06
1.21165e+06
1.37096e+06
1.76046e+06
1.59999e+06
1.60214e+06
1.54362e+06
1.97798e+06
1.86769e+06
1.85415e+06
1.75776e+06
1.44048e+06
1.37154e+06
1.39574e+06
1.91011e+06
1.49743e+06
1.20156e+06
1.63899e+06
1.70156e+06
1.45673e+06
1.21717e+06
1.1456e+06
1.51793e+06
1.94646e+06
1.48063e+06
1.99933e+06
1.93291e+06
1.72535e+06
2.07265e+06
2.03959e+06
2.16735e+06
2.04977e+06
1.69826e+06
1.55488e+06
2.02329e+06
1.85915e+06
1.60388e+06
1.59548e+06
1.77807e+06
2.22579e+06
1.61701e+06
1.4868e+06
1.79567e+06
1.46888e+06
1.48465e+06
1.61722e+06
1.77187e+06
958663
1.86361e+06
1.768e+06
1.49665e+06
1.48818e+06
1.22627e+06
1.71058e+06
1.54172e+06
2.29953e+06
1.84178e+06
1.9284e+06
1.8951e+06
2.03857e+06
2.05034e+06
2.15035e+06
2.31177e+06
2.01993e+06
2.17856e+06
1.71686e+06
2.4596e+06
2.14733e+06
2.42469e+06
2.36949e+06
2.30659e+06
2.42664e+06
2.07672e+06
2.00722e+06
2.09302e+06
2.17444e+06
2.2531e+06
2.39557e+06
2.20865e+06
2.33311e+06
1.94712e+06
1.79536e+06
2.26323e+06
1.9375e+06
2.46542e+06
1.94067e+06
2.12601e+06
2.12836e+06
1.90411e+06
2.01287e+06
1.88802e+06
1.9299e+06
1.94585e+06
1.95991e+06
1.97387e+06
1.9885e+06
1.69785e+06
2.25044e+06
1.4253e+06
2.1155e+06
1.77117e+06
1.86554e+06
1.93896e+06
1.32912e+06
1.92333e+06
2.13831e+06
1.9409e+06
1.92583e+06
1.87959e+06
1.9245e+06
1.76362e+06
1.79968e+06
1.87703e+06
2.10829e+06
1.96524e+06
2.07468e+06
1.45803e+06
1.92899e+06
2.20241e+06
2.64929e+06
1.9907e+06
1.49679e+06
2.53238e+06
2.3724e+06
2.03024e+06
1.78739e+06
1.82926e+06
1.92467e+06
2.49542e+06
2.15656e+06
2.22381e+06
2.52326e+06
2.51349e+06
1.84682e+06
2.54879e+06
2.08828e+06
2.5116e+06
2.50965e+06
894274
1.56289e+06
1.95491e+06
1.95228e+06
2.15254e+06
1.57049e+06
1.98315e+06
2.76921e+06
1.65449e+06
2.73686e+06
1.49043e+06
1.93165e+06
1.74864e+06
2.09493e+06
2.86749e+06
2.102e+06
1.7446e+06
2.73895e+06
2.36959e+06
1.95549e+06
2.05444e+06
1.69152e+06
2.07591e+06
2.11604e+06
1.7734e+06
2.0818e+06
1.81942e+06
1.87286e+06
2.70743e+06
2.23188e+06
1.74677e+06
2.05147e+06
1.86392e+06
2.20527e+06
2.44189e+06
2.03845e+06
1.77957e+06
2.47434e+06
2.58674e+06
2.76905e+06
2.59768e+06
2.64974e+06
1.63255e+06
2.44747e+06
1.47595e+06
1.88754e+06
2.12089e+06
2.36008e+06
3.11975e+06
2.28752e+06
2.26466e+06
3.17687e+06
2.54362e+06
2.16368e+06
2.35089e+06
1.88578e+06
2.12101e+06
2.2409e+06
2.19355e+06
2.38844e+06
1.95545e+06
2.31522e+06
1.92594e+06
2.03127e+06
2.02672e+06
1.63204e+06
1.96077e+06
2.00185e+06
1.36267e+06
2.14411e+06
2.36295e+06
2.17723e+06
2.20671e+06
1.00407e+06
2.00304e+06
2.22982e+06
1.92629e+06
2.25597e+06
2.50257e+06
2.16806e+06
1.6903e+06
1.40259e+06
1.57148e+06
1.92075e+06
1.31074e+06
1.88429e+06
1.74672e+06
1.91887e+06
2.05254e+06
1.56864e+06
1.57007e+06
992109
1.59195e+06
2.34509e+06
1.49425e+06
1.97688e+06
2.17589e+06
1.93111e+06
2.28362e+06
2.45112e+06
2.11421e+06
2.06838e+06
1.39736e+06
2.00574e+06
1.95811e+06
1.80048e+06
1.47643e+06
2.11123e+06
2.04373e+06
2.24561e+06
1.97999e+06
1.92617e+06
1.70402e+06
1.99178e+06
2.36182e+06
1.54686e+06
2.02907e+06
1.68739e+06
2.16691e+06
1.96746e+06
2.06222e+06
2.05395e+06
1.81743e+06
1.5013e+06
1.95336e+06
1.53493e+06
1.80393e+06
2.07959e+06
1.38236e+06
1.98835e+06
2.21318e+06
2.16636e+06
1.57682e+06
1.92955e+06
2.42865e+06
2.43146e+06
1.69161e+06
1.86564e+06
830599
2.17661e+06
1.60193e+06
1.91599e+06
2.10821e+06
1.77922e+06
2.28143e+06
1.90809e+06
1.82382e+06
1.56863e+06
2.01899e+06
1.78683e+06
2.46627e+06
1.81612e+06
1.97535e+06
2.13701e+06
2.02225e+06
2.15267e+06
1.66381e+06
1.65806e+06
2.39897e+06
2.16309e+06
910917
1.50224e+06
1.95773e+06
1.50911e+06
1.9629e+06
1.7429e+06
1.95522e+06
1.78831e+06
1.7477e+06
2.02794e+06
1.93096e+06
2.02751e+06
1.78057e+06
2.27929e+06
2.12955e+06
1.57882e+06
1.70281e+06
1.80268e+06
2.20299e+06
1.00469e+06
2.26261e+06
1.74801e+06
1.9972e+06
1.60593e+06
1.81076e+06
1.69801e+06
1.69911e+06
1.47733e+06
1.76861e+06
2.10756e+06
1.53252e+06
1.47526e+06
1.50294e+06
2.14155e+06
1.65964e+06
1.86014e+06
1.30126e+06
1.38023e+06
380178
1.15986e+06
1.23317e+06
1.10392e+06
1.24576e+06
912794
784042
1.08793e+06
1.20119e+06
1.2671e+06
841888
542950
727626
807642
929128
984005
969332
1.18983e+06
955606
993585
1.10192e+06
942299
659074
863055
978710
937569
714148
1.10479e+06
914733
1.23182e+06
1.06444e+06
1.11309e+06
823136
791639
1.06924e+06
849113
1.06422e+06
861707
969896
781791
967432
801749
1.0742e+06
1.06719e+06
1.01455e+06
956012
1.02206e+06
1.33889e+06
1.0437e+06
1.01423e+06
1.13966e+06
1.271e+06
916630
896218
941720
860688
821891
1.27407e+06
981579
1.00895e+06
853644
942133
883806
921340
930901
828303
1.07744e+06
937121
1.11748e+06
1.01556e+06
1.16296e+06
1.09933e+06
1.33883e+06
1.27783e+06
1.02306e+06
955243
843980
956864
922344
860346
948410
1.05259e+06
1.03114e+06
904931
1.03109e+06
977756
1.40807e+06
1.10663e+06
1.04133e+06
908078
911616
949824
923705
1.07667e+06
1.26453e+06
991028
909369
864588
1.05092e+06
1.02704e+06
1.22505e+06
912268
894877
875908
922311
940084
938239
846371
935170
927832
865967
1.17135e+06
1.33204e+06
843926
944243
1.40298e+06
1.23866e+06
917396
1.00944e+06
902786
1.00688e+06
1.35562e+06
1.03572e+06
841349
935054
953714
799946
1.173e+06
950792
825248
1.38139e+06
1.342e+06
851555
1.35842e+06
1.405e+06
956256
841508
1.16868e+06
1.34861e+06
976498
1.04975e+06
1.16985e+06
1.07806e+06
980954
996965
902545
891604
847660
842826
823182
1.10087e+06
1.2846e+06
1.02062e+06
1.09332e+06
922750
965492
1.37305e+06
1.1911e+06
951543
865308
815135
1.26875e+06
1.21212e+06
1.1829e+06
1.18588e+06
1.1012e+06
935087
1.16163e+06
987805
1.04219e+06
883714
1.10692e+06
921921
1.3262e+06
906454
1.02114e+06
1.38296e+06
1.05762e+06
1.40077e+06
1.13152e+06
878379
899670
964636
933665
942201
1.03249e+06
936764
980115
944936
901599
1.0121e+06
900110
884944
833499
1.12726e+06
1.03495e+06
945526
1.11e+06
947502
809169
932696
872613
754650
1.20995e+06
1.26825e+06
1.1013e+06
824296
1.19003e+06
954095
1.06088e+06
974279
1.10724e+06
1.32234e+06
977110
1.34685e+06
990110
1.07685e+06
993545
1.02207e+06
912588
949659
917355
1.09103e+06
1.05143e+06
1.29269e+06
950304
770977
1.08184e+06
904725
1.16501e+06
904531
959641
935130
1.32398e+06
700605
1.18768e+06
972455
906658
1.16727e+06
1.17465e+06
1.26441e+06
1.21525e+06
922598
958672
1.14422e+06
1.04006e+06
893417
1.29166e+06
1.29532e+06
964406
808505
1.17546e+06
987491
996150
962944
1.02222e+06
936732
1.08741e+06
1.49725e+06
971135
963114
923516
1.05329e+06
1.04191e+06
1.03579e+06
1.00908e+06
1.06063e+06
1.05866e+06
1.27174e+06
1.14338e+06
1.02186e+06
1.51431e+06
1.07761e+06
979834
1.05628e+06
1.61817e+06
1.14e+06
1.04121e+06
972933
962201
1.20031e+06
1.58306e+06
1.27213e+06
1.41139e+06
1.52394e+06
1.18515e+06
1.46355e+06
1.09089e+06
1.2311e+06
1.63209e+06
1.30171e+06
1.38902e+06
1.38817e+06
1.7688e+06
1.74415e+06
1.56062e+06
1.61955e+06
1.4038e+06
1.17381e+06
1.13238e+06
1.63863e+06
1.28415e+06
1.01127e+06
1.47795e+06
1.46981e+06
1.21544e+06
1.11955e+06
1.11899e+06
1.18175e+06
1.61307e+06
1.21587e+06
1.59179e+06
1.60695e+06
1.5523e+06
1.93512e+06
1.91374e+06
1.81917e+06
1.78776e+06
1.43125e+06
1.57742e+06
1.89227e+06
1.59954e+06
1.5569e+06
1.46005e+06
1.68686e+06
1.87936e+06
1.59294e+06
1.38387e+06
1.73649e+06
1.42777e+06
1.45054e+06
1.50142e+06
1.61578e+06
910673
1.72361e+06
1.413e+06
1.44185e+06
1.35405e+06
1.11497e+06
1.77539e+06
1.68559e+06
1.81484e+06
1.63839e+06
1.96629e+06
1.45881e+06
1.96525e+06
1.67563e+06
1.75564e+06
2.00955e+06
1.80635e+06
1.93973e+06
1.66181e+06
2.13546e+06
2.05487e+06
2.46812e+06
2.2185e+06
2.22295e+06
2.39687e+06
2.09578e+06
1.84671e+06
1.97066e+06
1.94014e+06
1.86139e+06
1.91852e+06
1.81691e+06
1.8489e+06
1.5437e+06
1.55943e+06
2.04754e+06
1.83687e+06
2.09036e+06
1.51444e+06
2.07468e+06
1.60775e+06
1.54559e+06
1.90476e+06
1.47394e+06
1.82386e+06
1.86645e+06
1.53896e+06
1.60191e+06
1.6147e+06
1.42628e+06
1.87558e+06
1.30454e+06
2.05558e+06
1.45142e+06
1.48817e+06
1.57275e+06
1.16125e+06
1.45685e+06
2.00418e+06
1.57585e+06
1.60415e+06
1.55469e+06
1.56583e+06
1.47441e+06
1.37667e+06
1.50318e+06
1.79751e+06
1.61597e+06
1.71995e+06
1.25953e+06
1.54878e+06
1.92583e+06
2.3812e+06
1.55257e+06
1.15965e+06
2.45977e+06
2.14985e+06
1.76274e+06
1.95292e+06
1.45707e+06
1.77911e+06
2.31036e+06
1.88308e+06
2.15177e+06
2.36683e+06
1.74623e+06
1.71029e+06
2.39036e+06
1.92938e+06
2.33982e+06
2.29149e+06
795110
1.37088e+06
1.88759e+06
1.79068e+06
2.09015e+06
1.25259e+06
1.902e+06
2.43402e+06
1.58316e+06
2.05836e+06
1.36762e+06
1.64588e+06
1.68672e+06
2.05939e+06
2.33916e+06
1.99811e+06
1.36657e+06
2.40624e+06
2.0589e+06
1.78752e+06
1.75512e+06
1.40409e+06
1.74824e+06
1.74199e+06
1.50446e+06
1.65898e+06
1.40995e+06
1.50865e+06
2.42117e+06
1.97854e+06
1.47234e+06
1.5163e+06
1.65961e+06
2.18804e+06
2.73799e+06
1.69522e+06
1.74939e+06
2.165e+06
2.31259e+06
2.62499e+06
2.09578e+06
2.0562e+06
1.40325e+06
2.03371e+06
1.37005e+06
1.45974e+06
1.69116e+06
2.0595e+06
2.27237e+06
2.0295e+06
1.83316e+06
2.22196e+06
1.94554e+06
2.2913e+06
2.59006e+06
1.93772e+06
1.8708e+06
1.86336e+06
1.69028e+06
1.75998e+06
1.88605e+06
1.82845e+06
1.40859e+06
1.67737e+06
1.82106e+06
1.42541e+06
1.72897e+06
2.01403e+06
1.14131e+06
2.06006e+06
1.83623e+06
1.78475e+06
2.05425e+06
915296
1.89179e+06
2.15608e+06
1.70082e+06
1.72105e+06
2.12296e+06
2.01122e+06
1.53722e+06
1.22855e+06
1.17316e+06
1.99111e+06
1.1933e+06
1.90952e+06
1.58368e+06
1.8728e+06
1.79351e+06
1.53113e+06
1.3965e+06
921385
1.44986e+06
1.92301e+06
1.43336e+06
1.73958e+06
1.99378e+06
1.89156e+06
1.72982e+06
2.14785e+06
1.97563e+06
1.55672e+06
1.25399e+06
1.66107e+06
1.97189e+06
1.86081e+06
1.4691e+06
1.79008e+06
1.81791e+06
2.11075e+06
1.75274e+06
1.55112e+06
1.57436e+06
1.75617e+06
1.95062e+06
1.48893e+06
1.52534e+06
1.33381e+06
1.78434e+06
1.69413e+06
1.53307e+06
1.93079e+06
1.55467e+06
1.36531e+06
1.71902e+06
1.3384e+06
1.46503e+06
1.72553e+06
1.28438e+06
1.53086e+06
1.72925e+06
1.67315e+06
1.62487e+06
1.99184e+06
1.98962e+06
2.15651e+06
1.55498e+06
1.52325e+06
741932
2.05298e+06
1.54045e+06
1.88059e+06
1.8045e+06
1.83434e+06
2.14035e+06
1.93541e+06
1.85397e+06
1.53649e+06
1.98171e+06
1.65457e+06
1.96938e+06
1.53779e+06
1.91939e+06
2.03747e+06
1.98424e+06
1.93644e+06
1.54464e+06
1.46126e+06
2.17127e+06
1.65748e+06
826665
1.3309e+06
1.80155e+06
1.34763e+06
1.87119e+06
1.69289e+06
1.54021e+06
1.70443e+06
1.48329e+06
1.98721e+06
1.47275e+06
1.50273e+06
1.8044e+06
2.16199e+06
1.7039e+06
1.67364e+06
1.7091e+06
1.65286e+06
1.59782e+06
909280
1.94975e+06
1.59908e+06
1.62733e+06
1.53788e+06
1.5303e+06
1.39225e+06
1.39554e+06
1.22656e+06
1.47372e+06
1.61173e+06
1.32145e+06
1.28827e+06
1.47579e+06
1.71383e+06
1.54113e+06
1.54589e+06
1.27781e+06
1.18239e+06
323686
1.22802e+06
1.28942e+06
845286
902075
871019
761068
1.07207e+06
1.27832e+06
1.29355e+06
841446
609847
752983
770578
888969
1.09135e+06
1.00463e+06
1.21531e+06
897371
858949
995637
824024
591678
799608
1.0607e+06
871656
609811
862174
789963
979371
888949
947487
756142
679464
1.06698e+06
843778
951459
794741
849075
696763
919272
687454
1.06247e+06
982734
952274
929258
968938
1.25724e+06
976097
963668
1.11292e+06
1.17279e+06
805310
814507
851538
745864
694094
1.08701e+06
886624
902518
762700
857050
786546
814435
798229
695734
890319
806626
917848
1.00153e+06
1.14527e+06
1.09746e+06
1.17087e+06
1.11546e+06
970105
867952
758004
862599
828167
821517
783667
980649
897885
811070
886309
894203
1.23719e+06
1.01053e+06
918497
809780
802884
833101
839784
1.00676e+06
1.0971e+06
876442
815406
772645
926344
965853
1.0425e+06
839393
788766
768745
845013
858711
831443
772668
826553
810004
748664
1.16062e+06
1.13728e+06
742977
856960
1.29632e+06
1.12136e+06
816870
941947
809812
864223
1.10431e+06
876038
767127
825896
824516
720641
1.1243e+06
853498
740825
1.19355e+06
1.22786e+06
764307
1.26859e+06
1.17837e+06
842551
730511
1.1782e+06
1.16359e+06
833787
950261
1.15651e+06
964039
935829
844037
812660
796896
762272
760064
734489
1.0711e+06
1.19917e+06
1.01968e+06
963870
842958
899931
1.26847e+06
976459
914924
778677
746201
1.04462e+06
1.03155e+06
1.08571e+06
1.07152e+06
984730
899369
1.0125e+06
863948
908648
799418
954753
829161
1.1547e+06
798719
1.03149e+06
1.19055e+06
938295
1.21261e+06
988579
796386
813799
843905
823479
855714
940264
849426
911852
803620
803176
889894
781158
779402
740378
1.09419e+06
976947
918601
1.0771e+06
864458
737451
826102
806188
677243
939146
1.2054e+06
1.0267e+06
736857
982251
874176
913643
890131
1.13497e+06
1.24665e+06
930547
1.19245e+06
948868
1.07619e+06
904922
903479
811777
877561
813643
925501
1.03804e+06
1.0629e+06
833662
694754
964721
816586
1.11911e+06
787870
865707
848310
1.15062e+06
643595
1.02373e+06
952227
833231
1.16122e+06
951717
1.1577e+06
1.0179e+06
801793
866924
1.04146e+06
911727
778202
1.16375e+06
1.21846e+06
832809
693354
1.06357e+06
942474
891850
869072
920554
802408
1.01411e+06
1.30787e+06
874947
853923
822988
977275
999667
945912
904587
955132
997976
1.25372e+06
1.09003e+06
903945
1.23561e+06
944249
843434
941504
1.37028e+06
950357
906835
833790
808779
1.21903e+06
1.3102e+06
1.26847e+06
1.38578e+06
1.399e+06
1.05436e+06
1.22537e+06
1.03598e+06
1.08553e+06
1.38793e+06
1.12817e+06
1.29709e+06
1.32997e+06
1.51559e+06
1.53401e+06
1.44738e+06
1.55539e+06
1.17046e+06
1.04459e+06
948341
1.56382e+06
1.13426e+06
891607
1.41738e+06
1.33924e+06
1.05559e+06
1.0936e+06
1.14514e+06
1.00315e+06
1.47736e+06
1.03486e+06
1.45677e+06
1.42838e+06
1.48692e+06
1.68156e+06
1.63257e+06
1.6461e+06
1.39534e+06
1.29591e+06
1.34821e+06
1.61488e+06
1.44924e+06
1.2533e+06
1.37636e+06
1.29078e+06
1.74614e+06
1.23364e+06
1.25872e+06
1.65797e+06
1.20947e+06
1.17404e+06
1.58398e+06
1.61274e+06
895278
1.69349e+06
1.23195e+06
1.56001e+06
1.26591e+06
1.03982e+06
1.43379e+06
1.57955e+06
1.58343e+06
1.63144e+06
1.64165e+06
1.26855e+06
1.55255e+06
1.43874e+06
1.58831e+06
1.89976e+06
1.69703e+06
1.62543e+06
1.65872e+06
1.73634e+06
1.75532e+06
1.74153e+06
1.82017e+06
1.75136e+06
1.71765e+06
1.73068e+06
1.77512e+06
1.79963e+06
1.55736e+06
1.53355e+06
1.65656e+06
1.62787e+06
1.56872e+06
1.28909e+06
1.44101e+06
2.10947e+06
1.72629e+06
1.63118e+06
1.23892e+06
1.78865e+06
1.33345e+06
1.31727e+06
1.78001e+06
1.19826e+06
1.73871e+06
1.43534e+06
1.27087e+06
1.33971e+06
1.33933e+06
1.23786e+06
1.66278e+06
1.21162e+06
1.62741e+06
1.23973e+06
1.2641e+06
1.32832e+06
1.0236e+06
1.1975e+06
2.06677e+06
1.33039e+06
1.38707e+06
1.33339e+06
1.32862e+06
1.21748e+06
1.11956e+06
1.26768e+06
1.59795e+06
1.38198e+06
1.46195e+06
1.12273e+06
1.35142e+06
1.98071e+06
1.82503e+06
1.24457e+06
940811
1.95772e+06
2.08619e+06
1.65263e+06
1.45789e+06
1.23002e+06
1.94843e+06
2.19538e+06
1.79951e+06
2.10884e+06
2.08466e+06
1.31811e+06
1.80659e+06
2.16215e+06
1.97819e+06
2.19455e+06
2.03647e+06
699679
1.37456e+06
2.10771e+06
1.94288e+06
1.97161e+06
1.03693e+06
2.01261e+06
1.8178e+06
1.55313e+06
1.77993e+06
1.29509e+06
1.53007e+06
1.85977e+06
1.57672e+06
2.11804e+06
1.94234e+06
1.11916e+06
1.72509e+06
2.09664e+06
1.77168e+06
1.60404e+06
1.15895e+06
1.63482e+06
1.57716e+06
1.3071e+06
1.41373e+06
1.19398e+06
1.29447e+06
1.78024e+06
1.92584e+06
1.27637e+06
1.22784e+06
1.57846e+06
1.80258e+06
1.94935e+06
1.47966e+06
1.94389e+06
2.15287e+06
2.23328e+06
2.27841e+06
1.75179e+06
1.78625e+06
1.24214e+06
1.83349e+06
1.34113e+06
1.18233e+06
1.44995e+06
1.63307e+06
1.92893e+06
1.96456e+06
1.5253e+06
1.86321e+06
1.39154e+06
1.73143e+06
1.85729e+06
1.84252e+06
1.8445e+06
1.76991e+06
1.52233e+06
1.57435e+06
1.42943e+06
1.60799e+06
1.14697e+06
1.55734e+06
1.73039e+06
1.15973e+06
1.68363e+06
1.5341e+06
1.0208e+06
1.71607e+06
1.59294e+06
1.47739e+06
1.69946e+06
843620
1.87081e+06
1.74112e+06
1.63037e+06
1.48582e+06
1.552e+06
1.83438e+06
1.5086e+06
1.13761e+06
953525
1.73147e+06
1.14837e+06
1.4729e+06
1.67351e+06
1.87101e+06
1.76817e+06
1.30519e+06
1.32123e+06
900140
1.47539e+06
1.76452e+06
1.43252e+06
1.66642e+06
1.76897e+06
1.42631e+06
1.44154e+06
1.70825e+06
1.56741e+06
1.27931e+06
1.1664e+06
1.44861e+06
1.5892e+06
1.53014e+06
1.35043e+06
1.58653e+06
1.76045e+06
1.7389e+06
1.69281e+06
1.34939e+06
1.54859e+06
1.60129e+06
1.76849e+06
1.19819e+06
1.22431e+06
1.15131e+06
1.54463e+06
1.6134e+06
1.25674e+06
1.496e+06
1.42654e+06
1.13849e+06
1.62536e+06
1.22222e+06
1.28892e+06
1.40638e+06
1.21522e+06
1.29074e+06
1.47385e+06
1.43831e+06
1.64386e+06
1.68829e+06
1.81266e+06
1.7325e+06
1.51621e+06
1.36355e+06
671456
1.86515e+06
1.36289e+06
1.57652e+06
1.60358e+06
1.52634e+06
1.7879e+06
1.70929e+06
1.41244e+06
1.31287e+06
1.74197e+06
1.61526e+06
1.81255e+06
1.40004e+06
1.77387e+06
1.67698e+06
1.76936e+06
1.46236e+06
1.58033e+06
1.36886e+06
1.63443e+06
1.41547e+06
768099
1.24326e+06
1.35692e+06
1.15657e+06
1.52992e+06
1.32588e+06
1.26233e+06
1.35999e+06
1.32787e+06
1.62285e+06
1.19419e+06
1.19048e+06
1.47541e+06
1.7817e+06
1.47463e+06
1.63689e+06
1.35035e+06
1.5468e+06
1.28148e+06
838658
1.86736e+06
1.52982e+06
1.40056e+06
1.33733e+06
1.25355e+06
1.23766e+06
1.18868e+06
1.03275e+06
1.32221e+06
1.32386e+06
1.11058e+06
1.19917e+06
1.30478e+06
1.51057e+06
1.57552e+06
1.33688e+06
1.33274e+06
1.00178e+06
260065
962816
1.10296e+06
777342
751106
999321
787256
1.12539e+06
1.01198e+06
1.0407e+06
819594
739923
987164
784970
985968
839344
1.02735e+06
1.07881e+06
974479
828880
1.00859e+06
788564
563850
847554
870919
882136
536783
712456
660531
882612
797514
887790
724723
615721
888521
839227
917769
776319
771612
648331
964325
607333
952460
868467
943774
858874
1.00102e+06
1.10181e+06
970705
865812
1.07602e+06
1.0073e+06
730800
768307
788964
667682
613534
1.00674e+06
843265
837475
702894
820506
720124
741535
705697
607923
795342
727223
816056
840587
1.07601e+06
1.05501e+06
969529
1.04291e+06
886595
825707
702478
814735
775604
813089
693427
819433
811976
760254
790772
843676
1.16011e+06
942203
850505
740905
723025
756635
801228
995497
1.00753e+06
794171
757403
711320
862282
962588
949905
794114
722589
697037
809133
811918
769677
730891
752954
735063
670563
1.03998e+06
1.05128e+06
680036
821314
1.12942e+06
1.05286e+06
745510
917471
749450
793756
1.00549e+06
770302
723236
754437
762892
674866
976712
791717
683626
1.11844e+06
1.05826e+06
706639
1.12315e+06
1.07029e+06
774987
666213
1.03873e+06
1.08888e+06
757246
817260
1.09221e+06
904616
942493
737710
760894
746154
706292
713605
675472
884015
1.1044e+06
908285
815710
779222
873318
1.1129e+06
851134
748014
714164
705907
940210
947307
1.07314e+06
1.01074e+06
876782
933527
927404
784702
816451
740855
866019
776895
1.08454e+06
740172
919407
1.12788e+06
877367
1.13452e+06
915716
744824
761375
766211
740491
807762
827507
801663
878122
710472
723569
816806
725434
700119
678510
923630
985150
829347
1.05086e+06
823696
705971
760892
777139
621916
818059
1.11958e+06
865878
679208
893236
852690
829391
853503
971157
1.14101e+06
930618
984841
938779
957600
844851
827916
754574
846906
752602
815438
1.04602e+06
950385
768645
646363
911021
744236
959692
712582
794415
790734
1.06459e+06
608541
884794
813694
787083
1.01419e+06
827086
997366
921240
732003
819716
933671
828244
707391
938196
1.07186e+06
739045
607829
1.05201e+06
934682
821193
809561
857916
712900
968114
1.22011e+06
804756
780302
757728
972480
914539
903872
837974
878698
870723
1.19442e+06
942279
840513
1.11013e+06
862184
744954
876583
1.28028e+06
823001
802389
737717
709640
1.02633e+06
1.20479e+06
1.07487e+06
1.2864e+06
1.2063e+06
946204
1.13431e+06
1.04446e+06
999705
1.16402e+06
1.02878e+06
1.27e+06
1.31081e+06
1.39675e+06
1.27746e+06
1.34631e+06
1.35328e+06
1.02199e+06
960531
814905
1.40644e+06
1.02102e+06
811038
1.33419e+06
1.2745e+06
948808
1.14233e+06
939644
889149
1.40226e+06
903744
1.42886e+06
1.36046e+06
1.39949e+06
1.42939e+06
1.29054e+06
1.37351e+06
1.18468e+06
1.25916e+06
1.2338e+06
1.44422e+06
1.37648e+06
1.06708e+06
1.09846e+06
1.04856e+06
1.54174e+06
1.01081e+06
1.03657e+06
1.3927e+06
971481
963911
1.26389e+06
1.45978e+06
900956
1.20732e+06
1.22709e+06
1.29954e+06
1.26838e+06
1.01924e+06
1.28215e+06
1.23265e+06
1.51993e+06
1.53902e+06
1.26598e+06
1.18022e+06
1.41009e+06
1.36057e+06
1.60281e+06
1.65935e+06
1.50136e+06
1.46786e+06
1.42219e+06
1.52298e+06
1.38897e+06
1.38357e+06
1.63807e+06
1.41336e+06
1.34652e+06
1.3865e+06
1.594e+06
1.44473e+06
1.31871e+06
1.34836e+06
1.49801e+06
1.51349e+06
1.38914e+06
1.10911e+06
1.44573e+06
1.6223e+06
1.24373e+06
1.41301e+06
1.05369e+06
1.32936e+06
1.1544e+06
1.12963e+06
1.39175e+06
1.00888e+06
1.3889e+06
1.24438e+06
1.12419e+06
1.1672e+06
1.14344e+06
1.08732e+06
1.60538e+06
1.19954e+06
1.29339e+06
1.10807e+06
1.10549e+06
1.19164e+06
922815
1.06031e+06
1.58955e+06
1.13747e+06
1.21256e+06
1.18716e+06
1.16507e+06
1.04032e+06
946325
1.127e+06
1.33092e+06
1.19733e+06
1.30366e+06
1.04049e+06
1.31837e+06
1.39686e+06
1.57015e+06
1.05191e+06
789152
1.78446e+06
1.56586e+06
1.31603e+06
1.16346e+06
1.08105e+06
1.6325e+06
1.72446e+06
1.80031e+06
1.71741e+06
1.57981e+06
1.03709e+06
1.77632e+06
1.6143e+06
1.80109e+06
1.78127e+06
1.51519e+06
623203
1.55719e+06
1.52494e+06
1.55723e+06
1.46614e+06
892056
1.51687e+06
1.569e+06
1.30161e+06
1.69634e+06
1.29968e+06
1.59917e+06
1.58084e+06
1.3104e+06
1.93618e+06
1.57846e+06
941723
1.40069e+06
1.63306e+06
1.76278e+06
1.60774e+06
987716
1.7163e+06
1.52744e+06
1.18227e+06
1.32358e+06
1.04311e+06
1.19485e+06
1.48164e+06
1.44763e+06
1.12431e+06
1.02901e+06
1.28323e+06
1.26651e+06
1.70962e+06
1.38725e+06
1.69663e+06
1.82016e+06
1.95716e+06
1.71254e+06
1.56691e+06
1.68106e+06
1.13505e+06
1.76175e+06
1.34972e+06
1.00983e+06
1.24712e+06
1.34176e+06
1.77708e+06
1.74875e+06
1.38504e+06
2.00637e+06
1.11286e+06
1.53062e+06
1.5847e+06
1.473e+06
1.57599e+06
1.33847e+06
1.53512e+06
1.70198e+06
1.23996e+06
1.48835e+06
977614
1.46178e+06
1.27885e+06
1.05147e+06
1.30254e+06
1.34096e+06
918816
1.25242e+06
1.57667e+06
1.33203e+06
1.55769e+06
791319
1.5139e+06
1.60862e+06
1.25849e+06
1.48588e+06
1.31953e+06
1.35959e+06
1.44371e+06
1.09031e+06
855405
1.25754e+06
1.22509e+06
1.29185e+06
1.26219e+06
1.50054e+06
1.54271e+06
1.04518e+06
1.11741e+06
929981
1.10807e+06
1.40863e+06
1.10547e+06
1.269e+06
1.52497e+06
1.17784e+06
1.29073e+06
1.5415e+06
1.3057e+06
1.11676e+06
1.03393e+06
1.36856e+06
1.38913e+06
1.34577e+06
1.16899e+06
1.51163e+06
1.53371e+06
1.35651e+06
1.45264e+06
1.22195e+06
1.23042e+06
1.38096e+06
1.45691e+06
1.05526e+06
1.03162e+06
1.03842e+06
1.44765e+06
1.47288e+06
1.09481e+06
1.30745e+06
1.32345e+06
1.02805e+06
1.22823e+06
1.07873e+06
1.20163e+06
1.29007e+06
1.11804e+06
1.13876e+06
1.32101e+06
1.2817e+06
1.41042e+06
1.58828e+06
1.66482e+06
1.55775e+06
1.17467e+06
1.28792e+06
613884
1.5131e+06
1.14511e+06
1.29533e+06
1.54751e+06
1.34607e+06
1.6453e+06
1.30331e+06
1.16212e+06
1.05711e+06
1.40485e+06
1.20562e+06
1.40817e+06
1.3681e+06
1.46742e+06
1.53655e+06
1.44111e+06
1.20858e+06
1.29305e+06
1.38486e+06
1.39372e+06
1.30423e+06
736438
1.0635e+06
1.12035e+06
950173
1.18893e+06
1.10368e+06
1.09011e+06
1.17269e+06
1.22023e+06
1.1815e+06
1.01555e+06
977971
1.30704e+06
1.62005e+06
1.36006e+06
1.2894e+06
1.11563e+06
1.20008e+06
1.08528e+06
784109
1.55369e+06
1.22049e+06
1.2538e+06
1.10195e+06
1.10736e+06
1.15637e+06
1.02926e+06
898063
1.30763e+06
1.14192e+06
998754
1.21262e+06
1.07552e+06
1.49185e+06
1.28923e+06
1.23196e+06
1.14573e+06
862927
196180
713408
883810
647094
782185
1.02381e+06
958706
850495
985154
1.06049e+06
691794
813318
864833
787065
787503
717876
787606
706124
747711
903239
800002
821022
567977
703240
753623
756556
475758
646238
598087
868929
775502
894482
719503
583691
815823
631524
720738
782405
712333
625312
838058
538759
877154
825674
805958
765904
893466
1.047e+06
823176
753263
939783
941429
691291
749339
763167
612387
551769
869897
824290
798757
662636
720922
669287
695326
639249
543618
752631
685434
768955
758268
943979
923818
871514
943777
850674
796720
669315
718491
736054
737178
631440
727954
755480
731390
733477
783556
1.0451e+06
862596
787139
703494
674924
708548
809741
848184
854115
736532
726727
671621
848391
846253
793925
764029
687970
640761
796814
786550
736493
703515
704026
692643
619479
989112
988241
645012
749694
997970
921420
692775
776562
706654
761646
961036
695170
708644
709576
734330
649252
904281
758674
645652
1.00088e+06
965232
675103
1.05282e+06
877688
742175
632391
987499
962202
710614
742947
960181
885492
843818
654892
733566
729023
667893
695912
645140
787790
953565
858959
724808
750189
892968
1.04052e+06
778493
659703
676580
687103
920733
923314
940405
858358
816830
821850
902155
719490
762343
700305
776729
762154
1.01087e+06
718359
875073
990770
753623
1.0126e+06
875964
715837
742769
718051
688180
779803
764386
774069
719859
621011
679025
781912
704066
648544
644873
852356
852607
707224
924883
830241
697171
710131
758395
580840
757206
940786
788302
643506
878453
839476
756946
783189
902921
975294
923062
889871
821952
868056
823023
766845
733185
839881
706513
706449
933739
885851
740977
621904
908027
696741
828891
661208
763772
761780
915100
591054
823193
726044
753815
957793
740223
791160
844981
688347
793353
871455
784608
671149
817774
1.00569e+06
667073
541639
970276
794527
772912
776031
784149
632230
807042
1.10889e+06
762014
726290
714301
810593
798953
900317
788497
755961
791556
1.04593e+06
872088
822295
1.04255e+06
805575
673955
794699
1.0965e+06
730868
733537
663634
637358
895350
944898
1.0013e+06
1.10936e+06
1.12039e+06
857121
1.06786e+06
870552
898134
1.04665e+06
984365
1.04083e+06
1.13534e+06
1.2321e+06
1.14817e+06
1.1259e+06
1.28155e+06
921123
867355
716709
1.19792e+06
940630
766878
1.15021e+06
1.14996e+06
889075
973091
829118
825576
1.17466e+06
794422
1.17201e+06
1.14307e+06
1.20276e+06
1.3259e+06
1.12784e+06
1.09573e+06
1.05239e+06
1.23822e+06
1.19972e+06
1.28735e+06
1.26479e+06
933816
931396
891863
1.28921e+06
854459
945173
1.29813e+06
830386
817861
1.09352e+06
1.21067e+06
950210
983762
1.01423e+06
1.15906e+06
1.23061e+06
1.07398e+06
1.24949e+06
1.06786e+06
1.34867e+06
1.11865e+06
1.07041e+06
1.14838e+06
1.42297e+06
1.47331e+06
1.28178e+06
1.31817e+06
1.20599e+06
1.39693e+06
1.14043e+06
1.40526e+06
1.19224e+06
1.17231e+06
1.60885e+06
1.20402e+06
1.10729e+06
1.20107e+06
1.29926e+06
1.27779e+06
1.16706e+06
1.24021e+06
1.27352e+06
1.23591e+06
1.26391e+06
994872
1.21713e+06
1.38539e+06
1.01512e+06
1.33271e+06
931872
1.0996e+06
1.05268e+06
1.00597e+06
1.23245e+06
884675
1.22674e+06
1.15175e+06
1.06021e+06
1.05892e+06
1.00555e+06
985448
1.41992e+06
1.28827e+06
1.12374e+06
1.04681e+06
999748
1.15516e+06
865933
1.02096e+06
1.42006e+06
998016
1.10417e+06
1.11086e+06
1.06193e+06
920864
826486
1.07358e+06
1.1907e+06
1.08578e+06
1.22072e+06
1.0166e+06
1.18082e+06
1.09564e+06
1.47814e+06
920329
690640
1.38454e+06
1.38523e+06
1.17132e+06
980367
952151
1.28498e+06
1.57411e+06
1.46263e+06
1.59959e+06
1.36905e+06
862189
1.43351e+06
1.40626e+06
1.49261e+06
1.63367e+06
1.29339e+06
567918
1.22798e+06
1.34154e+06
1.14371e+06
1.26812e+06
769836
1.3194e+06
1.42774e+06
1.18824e+06
1.21415e+06
1.26959e+06
1.38651e+06
1.37158e+06
1.15818e+06
1.58741e+06
1.41727e+06
825614
1.25166e+06
1.38969e+06
1.46351e+06
1.28637e+06
849564
1.37194e+06
1.48294e+06
1.11194e+06
1.38529e+06
920302
1.18306e+06
1.34183e+06
1.22962e+06
1.01869e+06
890061
1.03422e+06
992632
1.80466e+06
1.41094e+06
1.38795e+06
1.41821e+06
1.54726e+06
1.47644e+06
1.52287e+06
1.66039e+06
1.07714e+06
1.49294e+06
1.18071e+06
887434
1.12269e+06
1.13737e+06
1.49635e+06
1.36335e+06
1.39461e+06
1.39022e+06
963630
1.5873e+06
1.53814e+06
1.29704e+06
1.24275e+06
1.05386e+06
1.36875e+06
1.25919e+06
1.16177e+06
1.23301e+06
885811
1.09841e+06
1.12204e+06
1.0289e+06
1.02726e+06
1.2367e+06
832188
1.00907e+06
1.18964e+06
1.31189e+06
1.28815e+06
763811
1.39692e+06
1.37242e+06
1.03386e+06
1.13485e+06
1.31317e+06
1.16333e+06
1.1186e+06
1.14706e+06
835653
1.0806e+06
1.17686e+06
1.25273e+06
1.09691e+06
1.41504e+06
1.21112e+06
912681
913701
1.09599e+06
875741
1.15547e+06
910421
1.05563e+06
1.41179e+06
1.05454e+06
1.04521e+06
1.39813e+06
1.15808e+06
1.04361e+06
887685
1.32982e+06
1.33341e+06
1.28786e+06
1.06899e+06
1.29122e+06
1.28063e+06
1.15941e+06
1.10773e+06
1.0493e+06
1.0615e+06
1.26226e+06
1.14732e+06
986777
925091
986169
1.11896e+06
1.08603e+06
1.01973e+06
1.16989e+06
1.02116e+06
979037
994624
953825
977890
1.19335e+06
912886
1.05735e+06
1.11412e+06
1.05758e+06
1.32416e+06
1.35103e+06
1.3601e+06
1.43585e+06
985546
1.01273e+06
573890
1.38347e+06
1.02153e+06
1.15512e+06
1.38645e+06
1.26959e+06
1.42565e+06
1.11696e+06
1.04028e+06
925872
1.26929e+06
998128
1.07456e+06
1.0651e+06
1.34305e+06
1.32177e+06
1.30305e+06
1.02255e+06
1.14546e+06
1.1497e+06
1.29719e+06
970235
729197
921570
976278
828449
1.00203e+06
946106
957985
1.06618e+06
1.01735e+06
937417
913856
847308
1.25992e+06
1.44644e+06
1.34218e+06
1.13624e+06
977973
1.02381e+06
961329
757473
1.43108e+06
1.07128e+06
1.05193e+06
971046
1.02737e+06
1.15441e+06
918033
799762
1.00674e+06
1.03786e+06
941780
957948
944430
1.22304e+06
1.11213e+06
1.14302e+06
1.04191e+06
758473
139947
498454
903116
633060
884125
820856
831975
751149
951474
829923
687989
625402
709263
670988
679583
677432
709431
534676
633633
754973
691017
669779
627605
620407
703839
666218
435602
657087
571401
846204
815302
884313
750809
579592
762936
528772
636166
651508
689857
627211
760251
491371
817144
843174
738214
725059
801196
940487
753089
690811
871298
897558
676115
763695
761165
576818
504856
773316
723587
790079
643000
620574
642153
667482
599714
492410
729889
673464
779498
714906
885631
865720
799750
792628
784996
683486
657850
616729
722769
701489
593755
666984
650556
730425
710080
756422
913137
826132
756898
690411
643725
688626
725470
775582
747104
704270
661454
653603
739094
765886
698266
764167
677981
608351
697632
792248
712891
666915
679640
663422
583354
866077
871052
630448
661791
930053
847136
660661
692938
692365
773560
804614
633723
724091
691137
725881
645683
874519
753277
623386
839091
858424
664055
927804
716159
739326
625708
846003
818297
665542
710588
910437
780807
777142
585201
743071
721541
650325
710443
641509
736094
871638
848221
662843
767275
799805
919921
743377
600959
654728
693279
770964
838008
892063
783750
767224
719382
865763
683468
735504
686987
726886
727702
879398
728823
780260
841529
637245
852779
742496
709040
766883
697711
652079
791525
699269
783393
620362
561357
664550
792859
719218
610957
633510
795337
798291
631780
874116
697479
678269
691077
659201
554160
745747
863041
727717
629058
840349
705444
710445
699433
827274
896023
805749
842401
766243
819706
774468
738882
734355
739635
651809
634718
890074
731015
704271
613885
872265
671749
761895
626879
746136
763542
792420
587427
828765
668470
746565
859574
675554
677655
682641
660074
811482
794619
770250
656429
727900
883686
611492
490978
806290
709508
742611
772481
746035
570601
706235
978668
739302
694686
695498
732934
728464
788059
759787
674400
693965
997976
761293
772797
885779
768152
627726
757418
898261
666249
682063
615901
584504
825424
752747
830446
1.03321e+06
1.03627e+06
791100
847516
766926
830938
964224
851857
935454
1.0662e+06
1.02761e+06
1.00024e+06
1.02027e+06
1.08518e+06
833302
817655
653866
1.10281e+06
888792
738213
1.07293e+06
994671
872877
889300
761056
802403
1.07377e+06
710314
1.06805e+06
931381
1.11726e+06
1.17932e+06
1.07433e+06
948477
933059
1.0794e+06
1.115e+06
1.02779e+06
1.08167e+06
847575
821141
780768
1.18436e+06
750593
929557
1.12263e+06
724092
738478
1.07357e+06
1.12438e+06
1.00293e+06
822306
790223
1.14044e+06
1.01693e+06
903039
1.11415e+06
987430
1.07339e+06
931827
989878
886819
1.01083e+06
1.09901e+06
1.06559e+06
1.1524e+06
1.05467e+06
1.14127e+06
976837
1.22006e+06
1.07535e+06
1.03799e+06
1.24242e+06
1.07599e+06
969722
1.09243e+06
1.13665e+06
1.16901e+06
1.0818e+06
1.06715e+06
1.01555e+06
1.08701e+06
1.13643e+06
931371
1.01769e+06
1.30984e+06
876023
1.08875e+06
867213
973168
1.00764e+06
935930
1.17539e+06
806917
1.1649e+06
1.11516e+06
1.09294e+06
1.01154e+06
923224
944479
1.24799e+06
974363
1.04019e+06
1.04413e+06
955512
1.05334e+06
857952
1.12605e+06
1.29055e+06
917003
1.03575e+06
1.09306e+06
1.01962e+06
852836
744291
1.11885e+06
1.03986e+06
1.01727e+06
1.23837e+06
1.08484e+06
944090
920789
1.13822e+06
835182
632793
1.0647e+06
1.23519e+06
943861
859706
862313
1.14563e+06
1.21884e+06
1.35675e+06
1.31243e+06
1.29315e+06
757989
1.34187e+06
1.30953e+06
1.40201e+06
1.3623e+06
1.13661e+06
532849
1.11689e+06
1.28928e+06
947249
1.12925e+06
681257
1.2954e+06
1.03109e+06
974949
960163
957904
1.19957e+06
1.34197e+06
1.0987e+06
1.4393e+06
1.10549e+06
744447
1.0032e+06
1.33334e+06
1.38683e+06
1.16305e+06
762397
1.27259e+06
1.24203e+06
1.11147e+06
1.08806e+06
834140
992607
1.14082e+06
1.11922e+06
976718
801942
857248
806450
1.31683e+06
1.34208e+06
1.28881e+06
1.26372e+06
1.35178e+06
1.40821e+06
1.37467e+06
1.35148e+06
1.06713e+06
1.13843e+06
981238
805950
1.10894e+06
1.02071e+06
1.14573e+06
1.15973e+06
1.23622e+06
1.22639e+06
867303
1.13135e+06
1.11744e+06
1.24272e+06
1.08207e+06
914927
1.07855e+06
1.08433e+06
1.11263e+06
1.15045e+06
851297
954096
1.10332e+06
1.08168e+06
872692
905623
706098
875289
1.03583e+06
1.08299e+06
1.02347e+06
787863
1.27764e+06
1.02699e+06
919636
924114
1.00011e+06
1.09956e+06
994706
906680
933581
1.0662e+06
962347
1.17144e+06
1.06596e+06
1.175e+06
1.10945e+06
834114
813389
906569
728548
1.02123e+06
784942
942984
1.16236e+06
1.02886e+06
851707
1.13771e+06
1.13096e+06
905766
789448
1.13507e+06
1.19202e+06
1.10321e+06
1.03323e+06
1.04263e+06
1.17835e+06
1.06803e+06
915505
900483
967100
1.08732e+06
970626
982312
841133
857390
844447
897008
871056
885921
860756
1.00369e+06
850559
819797
790622
888047
811060
935024
938937
878981
1.12468e+06
1.14542e+06
1.24111e+06
1.19024e+06
867633
828300
545136
1.23658e+06
948247
1.11015e+06
1.16454e+06
1.04912e+06
1.17022e+06
1.04632e+06
991497
860113
1.14505e+06
881322
907115
909466
1.21048e+06
1.02811e+06
1.18527e+06
900739
1.10394e+06
1.03329e+06
963793
793975
728632
805464
898428
746895
887251
827267
877676
1.00649e+06
902097
793279
787778
770385
1.12409e+06
1.20577e+06
1.09521e+06
1.03343e+06
902371
924377
897960
771222
1.25164e+06
998034
871620
892152
1.01144e+06
976370
838416
742935
818324
869530
950588
825549
871897
1.04637e+06
1.02777e+06
915997
988894
684629
90981.2
340714
848939
754790
669511
843158
710352
791608
712303
806877
555790
568314
684543
645259
646944
719233
649748
440281
586357
693435
648004
602700
580436
543951
668601
624191
411075
615855
571983
711752
703169
784069
643722
602471
597533
456856
599494
595599
706769
666446
737744
458469
689449
788409
711603
717807
756792
817133
728148
657020
728605
793123
680564
765788
661992
558832
477639
734733
664583
755717
635958
562897
629249
662122
579521
457207
622638
682519
668322
690751
783572
726671
650869
714058
759107
626482
671503
554435
618546
637095
572707
615551
583872
728137
696589
720528
854147
766973
756488
701703
633698
705486
669338
743052
682485
692774
587145
659044
681976
715795
637229
743104
701975
597961
637021
743870
610509
600469
678433
631289
550737
772913
811577
625711
610048
813411
806666
635940
642530
668532
683268
735203
594715
654522
708639
631293
600350
823613
683863
611287
764136
776212
674933
823898
618473
637256
647694
753540
747559
588950
717959
795476
730187
744613
530374
737936
632048
636707
626178
679639
722763
727061
785496
616080
676773
743255
828763
735417
565999
657030
688029
680949
697217
768070
748908
696784
665875
754933
649127
744159
677386
713504
666335
816667
627218
710369
775015
571009
777354
623607
717383
697124
713930
639751
731021
656968
707831
551775
514874
687484
735684
624969
595978
638561
666111
697604
583162
756923
614538
600246
673451
598275
527338
654445
794063
610780
641738
707821
634887
631205
653102
678059
739263
753575
689704
743742
699264
657800
717661
647733
693275
582515
584042
777142
650019
599978
630063
778808
616313
716154
612586
650834
696543
728214
596070
737038
634968
719044
699264
627008
602607
593494
660496
752582
752352
683099
680846
658678
787152
575097
449476
725967
660385
739627
768402
696124
526533
636257
905962
740032
680266
708669
690979
691371
733120
635725
570840
614817
887307
692198
696658
809582
755606
604775
711772
800499
616947
658838
588389
553217
795413
636337
727199
952216
901423
733656
741098
701313
737946
825613
785676
843633
913167
925059
788341
819456
992110
778597
762798
616752
942961
875813
725251
995825
916579
819111
862536
731920
741243
884257
654531
857410
813264
969993
996481
863744
837327
833527
1.02604e+06
968574
889515
1.00106e+06
787034
740605
715768
1.03127e+06
669171
958167
929696
645774
711591
982867
954550
876109
735849
676386
1.02236e+06
958768
830464
885312
828891
976530
851214
817676
740135
808278
972675
986436
1.09371e+06
951336
970444
870197
1.06239e+06
999002
945940
1.08584e+06
982554
899376
980691
1.04287e+06
954641
956616
865942
868623
919176
967027
917770
902509
980381
801989
925957
815647
923800
926059
922834
1.06123e+06
760938
1.01977e+06
891615
904319
1.05128e+06
892293
962104
1.19357e+06
838148
880971
1.02418e+06
998890
781953
911776
973333
1.02505e+06
887424
1.02829e+06
1.07806e+06
1.05261e+06
827692
693518
896492
966404
1.01506e+06
994609
960018
821623
835440
1.01202e+06
792666
600802
903018
915293
826330
798834
811290
1.06309e+06
905301
1.08752e+06
1.04853e+06
1.01386e+06
695789
1.22444e+06
962513
1.18809e+06
1.0667e+06
824508
507419
1.01528e+06
891303
854112
805087
628866
955882
853682
854104
811858
823000
1.14383e+06
1.22273e+06
953097
1.20703e+06
905550
684209
820683
1.04627e+06
1.26491e+06
1.14036e+06
718546
1.02182e+06
1.15579e+06
1.02383e+06
931127
789266
911448
932412
965720
985181
750804
736809
693310
1.17489e+06
1.1097e+06
1.31736e+06
1.26531e+06
1.27932e+06
1.1938e+06
1.12231e+06
1.21066e+06
1.04736e+06
954635
855016
750370
1.26785e+06
978948
977900
1.0593e+06
966890
1.29814e+06
830663
975750
956668
1.00503e+06
1.0296e+06
864432
938465
1.02905e+06
900000
928133
888931
915353
1.03403e+06
890102
803474
755822
639376
765861
983737
960768
900448
729452
1.03176e+06
864745
854053
832902
806817
851262
918429
719678
699768
795152
891059
962388
818137
891053
1.03678e+06
737217
765085
824805
648472
973323
714456
904622
1.03915e+06
792300
757452
1.02426e+06
903881
754355
647294
1.08935e+06
963799
888034
871295
923298
1.01347e+06
807410
776868
800689
936693
1.0059e+06
868586
806129
759719
717585
698448
808488
709412
740334
762156
868185
772527
754480
692322
758481
764425
817211
852006
782309
971743
1.06226e+06
1.05248e+06
1.08593e+06
801466
704536
527136
1.00262e+06
917305
946646
1.07116e+06
841214
1.05507e+06
1.02219e+06
753651
847883
915138
842626
836588
822214
1.00184e+06
872382
963597
823181
959539
996106
804158
688717
703636
751939
777674
698242
825706
746716
830629
892512
749467
697484
675045
742036
915709
1.09812e+06
997437
777425
845049
889610
769187
710857
1.01532e+06
938757
755297
845219
868479
856095
804111
725247
703618
710592
782263
750152
809942
969912
938092
805766
825759
617040
50773.3
228136
646744
576567
575101
738340
754127
582654
649228
654212
506604
585548
701036
696109
697596
563715
470914
379432
589320
707166
637122
583687
450606
492862
519668
497904
392044
513025
612959
659190
631875
762570
541534
511148
503817
405011
612130
571979
640087
613181
645604
424001
637377
677040
670776
627604
622935
764321
696082
640250
621772
752340
618531
698777
612323
481981
466077
719878
631609
677288
550835
525160
553976
647918
579927
434287
563788
611129
589300
591059
649250
609514
565142
638750
664734
592625
609978
509807
548392
597708
510071
509086
527121
655196
618057
716584
804382
738113
703608
643540
642031
644518
639220
736815
624655
622644
544881
591802
641485
594548
598353
667809
634254
601505
598053
670817
545338
566707
607882
575662
502172
730630
713755
546346
577881
681785
722977
570708
610528
576409
617250
704046
570975
611959
642028
574257
538847
737866
643482
620240
723038
725424
689961
774997
545396
547850
568838
705548
681282
539027
691584
678747
707163
654986
491287
654785
581150
560333
570573
619670
691337
628228
703803
582846
616741
709930
784440
641691
548110
576062
608014
628028
623264
662792
695795
667191
624229
707066
545501
710566
590669
696535
631063
693431
565168
682776
725296
526610
722481
556138
652454
650167
637317
625071
635688
640083
641954
506729
472181
632968
619595
562505
585924
569579
602056
633576
556118
666878
568525
565198
575954
563833
475332
598792
634358
551219
560221
639972
597540
578288
627520
601303
607398
612522
605646
703395
625075
598398
626872
595180
673791
543949
544802
693875
598428
549745
562640
740756
569173
618544
621807
599277
621370
685767
600544
668174
599522
640389
598591
597195
551057
532384
660643
653328
639224
629678
600802
599868
736718
549557
408920
679987
622083
676461
692793
673373
495151
593188
803794
666445
693318
647144
679504
647543
715445
548757
503356
566747
775404
653882
666416
773833
724725
604887
714451
744902
591660
637737
579846
540623
673971
550737
677211
815853
828222
697310
684393
669583
658310
757355
690597
645102
775165
821246
667914
713442
853937
733423
743902
603399
783612
795048
748919
864653
800987
699373
833443
727979
661979
751383
626699
732456
747413
830402
913398
752824
761222
756789
922194
913520
801053
876145
747856
692113
692780
867100
604380
833324
838373
582773
750729
788178
751004
853000
688696
618707
833888
786605
822332
781349
681598
928745
724332
626238
646756
697370
967687
1.02478e+06
923098
825871
871896
788564
995453
873686
910711
998496
873817
877709
845928
913222
846632
789921
746355
770209
796793
892565
894618
838118
844176
781636
855110
739545
841802
783983
833279
861186
727368
823325
791373
768081
870147
835735
899723
1.05285e+06
771191
741516
864234
843890
648842
811760
812435
924836
819815
900908
940959
916212
847970
667829
776200
967864
944071
894585
831580
769994
822594
972035
780069
590788
842716
766879
783027
783157
820911
775997
737220
863439
931659
910287
667020
971311
815471
1.00193e+06
921433
666633
491854
744713
686950
698109
659254
607503
805937
761901
799308
739444
759719
918514
990833
807082
1.01578e+06
781130
647073
679555
849657
1.04931e+06
1.04028e+06
716123
841603
977443
918429
858825
785622
737537
834906
756267
974657
731425
657085
625862
1.23771e+06
1.00798e+06
1.12966e+06
1.12412e+06
1.16385e+06
917381
1.01389e+06
1.0591e+06
923395
840939
781819
737479
999721
999970
854120
900917
859215
971267
889707
953229
917735
847586
837629
887604
906179
868770
824857
858968
757232
914288
815489
814364
752314
691480
609581
658146
859728
921398
786431
607977
941307
777784
680278
802806
722484
717145
684123
633669
564890
658328
860078
894458
692672
768168
820376
674398
754418
817748
596011
804835
648837
756401
891316
650063
718974
837985
811512
680195
570804
901735
856011
777123
721221
881391
796855
673421
661749
736588
801705
862553
813775
716309
643957
652195
608293
784107
620227
656080
719475
788677
735002
732931
637653
704053
785841
760129
818439
733698
912995
928506
830252
924486
780234
621922
524508
894217
786583
842512
925754
729189
924409
849384
622252
692179
817417
780006
726498
796537
904183
785506
850630
800222
771708
774204
721434
628204
620634
747843
667132
682739
745175
692309
831021
842646
653767
635093
566477
752166
800997
942580
820917
655678
695723
715833
650110
604779
920066
771309
676528
697261
770843
784911
817517
741974
634826
617037
666231
696940
625672
760135
763010
743361
722970
575411
25852.1
110190
490472
478501
620282
567720
638572
443857
671674
558138
533331
652605
525956
677497
599791
478041
394759
342021
639074
607313
503563
450509
386696
432033
443077
423724
378356
452309
540754
633571
598088
704584
492713
463665
439242
366367
510972
564794
588054
582866
515361
403219
623897
624301
621696
519603
530014
721910
596480
558083
559842
685063
588790
677180
591313
404022
473627
652809
617508
641917
503613
505612
509710
576075
511701
422805
527643
577577
542045
538898
574145
541435
505308
526769
575307
550165
578514
481687
505587
575463
437123
442039
440972
620150
582432
674965
717751
667374
633696
609112
587645
604009
609626
660574
529291
588542
518870
543489
546378
504445
521111
633207
586714
538232
567759
637955
498735
545740
564634
552322
471951
711705
650924
502736
553585
600881
646518
528817
511441
532491
582948
621926
508667
586828
597364
542107
507714
698484
620559
560171
619458
633667
640654
724088
490581
497227
531775
630683
549394
469457
610256
612511
634667
572383
465074
620200
556082
513044
538296
587284
599100
563962
664842
558086
581807
646960
725744
595505
488079
495485
569344
601674
565427
607013
602431
637428
518279
602782
492691
638715
539969
617116
621621
591882
526892
649310
620910
497307
613888
510848
619806
633174
587616
544558
589457
594520
610452
475440
439573
591098
557561
528780
513463
527056
567808
601551
525249
614071
524071
551477
526544
547314
442090
500477
541263
515009
506977
599580
592635
547562
566649
554259
523038
500488
554768
619767
578958
560908
588874
565677
650182
522434
483709
653753
569917
519856
526093
690350
543445
559606
561976
571218
583127
595717
534375
636657
510089
594908
518848
502591
515633
490746
585538
603085
555860
594014
544867
558426
664245
503546
373068
549978
531074
626357
658463
617544
465400
563227
713473
627859
674604
609348
587769
532250
685173
497581
453437
544323
728981
645809
665273
706823
643911
578329
693644
617719
592127
542285
545401
548046
610739
492281
684115
753971
713946
627031
671645
618886
601963
722926
610671
540232
703756
667241
564630
655897
761287
714980
693820
549385
703015
719992
703511
803551
727610
643683
729550
637232
623813
676717
627594
663758
657013
767670
777699
691950
707736
674072
793752
846768
690598
748068
741232
666898
710205
799454
558447
795285
741558
538910
694238
703221
648034
752662
713515
619786
756788
666987
790585
728825
601509
758842
582853
535007
571777
614422
806740
817717
793076
746214
825036
723892
979949
802808
811488
853536
757682
794610
720617
775073
763417
697192
666300
691679
718900
854517
771262
725681
781160
831070
860154
626248
731824
720045
738782
767654
671005
715189
742896
699893
788845
729901
766781
920413
756609
677509
800666
764621
563593
726125
740795
907150
723191
769056
890019
827567
740880
677442
706443
871855
795921
846360
789853
762134
614305
900323
803782
607413
782719
685518
814253
834537
832277
622757
651148
769287
877610
873631
672338
891137
756434
952196
836993
556909
488975
615317
559096
570786
579785
623500
771305
734943
813507
709958
750487
800884
903417
747755
942304
703243
643767
601658
773324
983506
894514
761664
763008
859794
889890
845270
797874
633083
804482
654763
865853
669840
593943
592930
968644
993298
987999
951500
950203
780336
979821
955253
816313
765769
755232
776410
843044
923853
744442
743778
840874
829167
803368
826267
802421
776595
710336
756266
740141
670785
813570
835559
639489
777853
711034
848835
658723
696800
538296
570401
680869
832602
624312
549850
847543
668314
592134
635051
720472
653041
571281
609317
488371
605115
691600
733315
637006
770238
726576
614748
644078
645874
560986
720542
583807
694370
808266
560771
734679
722505
792886
645270
519615
821825
724307
712703
641893
737485
673604
598717
574711
670560
726561
753806
758329
669517
590053
626177
562422
634585
565675
622095
686005
764053
749062
727770
620130
723624
683076
746921
784444
730882
820736
753995
716601
787342
655928
554109
546340
849053
724670
784457
760295
670450
757741
799988
543070
588903
722527
599373
590942
653012
736908
691545
677667
796899
672602
673497
698029
606910
590444
730209
598643
643272
669617
670753
765088
748686
590032
610980
507151
651982
734256
792809
690045
576277
618363
628449
595422
554553
855039
685655
615488
615269
703684
633038
765711
629827
604454
557022
597659
548773
527647
641652
687211
725846
660028
536765
13506
53822.5
394696
434339
454697
496390
510775
353741
534704
579016
524903
511965
446961
564596
545930
428111
348544
326581
552985
483488
423230
379220
346525
397520
394890
374494
374911
416495
490653
533167
584169
619164
472284
438283
399224
338895
453480
480151
569063
577493
447062
375025
562068
607234
582819
457814
472940
635022
543532
518135
516228
608359
577316
628019
512756
361138
454545
625945
548401
572599
474768
499849
480184
535430
476863
426451
508241
567694
518765
509145
522539
496442
466609
463654
523613
452606
570178
457258
466245
490889
385246
389774
390271
543079
564674
615240
677959
611465
595051
594269
559688
585837
559222
626144
475288
570983
503306
517055
481385
450048
451763
571208
564136
502026
490457
557963
464985
491212
535948
548962
430722
640490
619107
474961
465796
530141
597643
458634
445341
505986
550718
526332
449953
500906
575666
530200
489820
649005
554895
502837
561608
568380
621164
638786
451973
463825
507539
512857
476308
421227
567772
571609
545046
526673
445566
581144
555008
483782
497586
584605
555006
518719
617301
549507
565660
594250
648782
575393
430243
447120
533389
504931
465729
564647
556935
558176
450798
530446
454422
612282
508067
575468
591550
538885
490747
560997
570132
460072
563869
477104
548291
560258
567072
503221
554174
506568
552211
454794
414228
569746
517634
509482
471970
502513
561140
590859
469459
509105
426190
465578
497998
481577
388650
424398
474357
496172
474029
484830
511999
535194
507899
528777
459773
432039
531055
576576
550735
494456
573803
557657
584657
505976
443238
627531
521888
506203
502514
602547
529334
524586
530185
567951
566344
515109
499135
613044
456943
503135
457389
436504
447584
466302
552092
582606
503596
507683
513570
538793
580105
462006
342135
472078
484686
597831
577006
542886
438510
537044
666175
608452
620652
595873
542080
466966
615436
465747
416007
509464
644776
561814
615507
619871
603869
536315
615691
551612
597110
492471
496257
482821
572793
449123
605402
677768
633109
574964
574283
558661
564569
648877
560331
468479
652949
578394
490785
638419
711816
645244
606399
471198
659269
688061
642013
700035
681362
612021
690611
593821
607102
641301
530490
639918
576879
666456
637812
667116
686272
641583
739970
745531
609509
695238
681479
671062
706393
728537
530187
758412
665319
505618
647411
696296
594271
636234
620591
480595
592764
603729
697899
601338
558074
702212
509739
484023
519813
566115
738012
742868
736924
678053
778302
686308
813910
752417
703170
712086
706734
686193
645645
698989
703948
633039
617223
636318
643336
746317
723242
627012
738191
704175
673709
573726
689631
695113
700304
728035
597586
652619
669415
672660
750290
690599
695938
870307
818862
653186
754828
740598
511557
701295
736861
833000
687975
694772
772942
788775
688818
639487
676082
743634
723619
674896
760154
618695
519553
780471
733347
685454
691739
659119
711393
779083
695632
520486
631072
747037
711761
721554
706090
892627
774212
837545
647199
481465
502101
554989
481120
463462
543687
677807
841260
651442
687381
682299
775763
757044
874296
737143
878346
627665
656625
568278
813174
872019
837997
670871
750517
810037
772922
719159
704760
567556
807997
586832
837657
645020
546292
591464
829321
804566
965173
910804
860890
692324
926145
894954
763021
719605
775556
776844
746032
800633
690150
629102
869562
812716
704384
693276
678665
770687
657052
677530
606587
570218
753230
693548
574926
735492
672122
667130
553346
574724
458472
513879
606128
715645
544572
515824
662993
614669
509363
553404
546690
619933
494929
546837
443634
627054
626594
602247
643929
602087
695248
524844
599343
566622
546441
682399
503543
671421
753196
510900
641267
661467
711388
648369
489200
678689
556516
562611
598693
668353
587010
564272
521533
628801
698781
703154
646766
670007
569053
638111
547856
550707
540924
624022
627994
667737
672197
625858
578016
628958
607680
720373
694081
666609
691642
666732
640288
731670
605380
514771
556483
737505
702274
663910
684460
649843
682649
691282
503898
522987
566401
520160
521486
580791
618083
543750
559940
709920
622736
587824
617719
620387
586380
629487
562726
592877
628039
652689
682959
704646
554386
638660
465757
601884
581530
727668
606797
533477
575548
564112
574339
522511
721741
606024
578415
561185
586243
532856
687804
572256
550566
523830
542683
467844
464778
583321
655210
631165
616046
516095
8639.55
28920.2
313426
519578
423923
537174
488179
294983
452383
456281
358049
451815
422648
548041
543821
390486
317403
329099
563609
417490
367859
332752
322319
382844
367959
341753
386813
399776
469210
483973
485601
585799
474308
425307
377153
320690
428187
439504
542968
522622
398786
359770
538331
521530
514103
413050
434793
597362
511715
497462
472226
566101
546497
554023
444232
330631
402802
591658
514307
525445
461859
442573
445898
448487
455502
403075
482843
508687
477167
492712
491026
468138
436337
418691
476797
398295
522132
427950
394121
415045
343623
349993
349488
492943
534680
584758
624382
579878
521282
518183
549201
524055
534935
554304
432936
528778
446537
493648
433406
407588
407706
487772
502643
485115
446168
491696
443710
417269
454028
500680
403998
601192
583821
453373
409314
472637
514870
405690
396991
498508
477441
480086
416524
431523
504142
472026
482359
578372
501041
469900
523805
506942
564336
596817
426722
431873
420277
450291
424110
384695
474890
469761
496621
486665
400864
493643
493004
454068
416109
542227
505632
460319
544893
497321
505351
538007
609527
528862
399392
413089
458664
445505
408926
478848
514285
510114
400328
492925
428370
549550
485839
482273
523741
499019
430471
518410
545662
424393
535696
421115
499783
505684
555390
479295
478920
459671
453066
448199
394087
497157
448456
439485
448045
481099
502632
502212
433881
409712
368851
400316
490474
449806
351597
375705
426265
461610
436868
413905
460539
471771
471816
445891
407841
381041
449344
484063
478306
426460
534355
498837
556149
447951
391461
554642
466791
442730
468274
555345
470335
488256
515337
519784
540921
472948
459675
538528
418183
438091
406363
394223
392601
453804
521247
511158
471103
453065
493829
525266
530116
432601
316936
423680
456098
531982
522216
509364
415329
525018
607587
551761
601972
536189
517605
418756
587572
437091
384369
458076
543079
526211
539466
569641
520071
518350
585807
514092
540733
461314
477050
440078
498018
417528
569856
564199
582707
517522
508091
522766
520942
580837
522395
418402
549899
505532
427119
555751
643273
591592
568766
425823
559120
618424
616605
616129
594280
516619
603682
578014
529980
557432
477171
532944
537124
573106
566162
579774
621201
623826
690545
700351
563698
656113
629702
649884
651295
623838
526174
672171
602266
489168
650460
590548
566568
588685
514262
409405
472762
589237
672582
545772
545666
711072
462646
461826
481124
526991
740392
720238
742960
645873
697697
675235
731144
704189
643469
642610
696592
639020
604084
664812
676980
594926
587608
603025
592787
652422
708676
568294
629481
650570
585878
550508
681824
677376
700024
598878
568869
608170
568669
579072
628154
686720
662503
756768
724531
668851
609817
616532
481298
662658
604681
732810
688700
655786
638899
677655
676355
577842
677597
688805
703550
599578
621678
518240
458293
741075
624039
636081
654246
649866
659866
657532
641267
462723
584420
742101
636803
666352
683863
762633
651361
684930
555594
434594
550216
537321
431442
403080
544203
667864
726644
566353
618507
598442
677176
767142
732661
745975
759107
561112
547319
575438
729756
716738
717592
597477
636853
689449
727427
677923
674140
525615
710570
540170
749891
610981
516023
542130
766767
723266
765168
977361
795946
615515
804305
774072
745766
702922
783516
694221
674927
757286
612827
562123
759049
797833
686288
647124
618750
698490
656289
661108
532957
521482
661718
646972
541704
710611
547757
597826
495909
478243
386597
498434
584461
673525
490389
509649
573726
558405
459083
520753
470438
487380
447705
455751
422803
518810
562336
542220
558560
516018
575780
478480
593018
524129
571057
609429
460842
578085
667231
479614
609798
657335
604778
583207
472193
600393
473408
487485
539872
643620
528413
532829
496455
623061
675505
676513
591332
584666
571294
592230
571847
505608
473935
542564
586478
586289
628131
587007
520746
565637
572978
649371
663781
621570
630250
611429
537605
638334
592477
499600
535115
691265
668715
560606
657360
557976
621960
558697
488516
489910
493035
477033
491033
543134
546343
456472
486675
690107
560926
461017
503020
565256
572164
592954
544116
570427
614784
588015
650667
653932
539415
597198
438079
577676
503999
677679
537856
517697
552581
524405
524840
508411
667770
555682
554654
529097
515723
470444
669946
530927
472902
488385
440614
413112
419601
575311
554415
573234
537295
502857
6559.2
16039.3
241956
448500
473497
420847
408196
252708
440934
355259
290016
464856
453090
556585
531972
370001
300502
357867
555738
375844
330649
302661
310688
387536
358035
320907
433264
402530
472565
461938
444463
511456
406904
363870
369295
309088
438204
418681
480709
462759
359068
355968
471591
475818
477532
377777
412524
530234
429363
446361
433514
481045
494267
516788
399299
308636
372637
524293
496947
501059
440378
408986
378106
390128
388455
360935
410553
448253
428279
436631
473682
423309
377646
389042
396640
351923
456839
385029
350009
372019
310679
320634
318669
465291
475964
525716
558385
525107
442091
475372
519803
469245
485611
494239
401464
473234
406970
439845
397609
371604
375462
428826
459285
472629
416584
452377
433699
375892
388825
470687
383661
534627
526276
395867
366542
424990
452449
364273
360405
445794
439702
448979
395250
390330
447021
434166
424223
540899
470708
439354
464461
463550
502556
528616
402494
362783
354827
408704
388955
359533
406490
402996
452883
417200
367347
447070
460084
387275
368346
474031
427072
403982
500412
452396
470392
481508
542879
462779
378916
384573
421017
403518
367026
433292
440778
430842
362544
480520
403532
473821
419038
418298
493029
413096
378896
475680
465629
386036
464888
372055
472368
474549
510547
474216
435238
423151
392984
381687
347949
448581
379549
398787
440904
425818
463414
457797
377848
354091
324931
356068
427512
425120
323575
342095
395394
389170
364758
361099
431281
430977
401916
384879
363859
342607
393443
405985
435423
381732
473356
463191
521739
419918
359721
514726
438052
399301
398411
481963
430019
418315
451381
480395
491756
427026
384188
499890
385625
398113
365312
363942
361752
432354
452477
457821
446847
417128
427524
459757
441742
361876
296483
398167
444284
473723
488426
483740
390804
512756
545574
495390
554317
479078
460444
384599
526246
398713
358366
425884
488054
503148
501049
477731
455061
517572
550119
485795
522184
445664
475731
410928
442202
401549
495579
497992
511875
438704
464251
501757
491476
544903
462769
382453
495012
455283
381881
504115
551700
565252
517304
393576
504140
543622
548151
574106
506121
463742
533004
556412
479566
521537
445934
481933
523867
520756
520051
540797
576895
565390
597120
627510
541837
581854
611846
596986
636353
566997
528992
659763
516606
477493
605803
529368
477862
584152
449464
363060
412736
488831
653284
523966
541754
624978
437422
461662
463529
518268
597033
643855
634740
644860
668857
654857
685572
696765
615211
610632
692610
623147
588409
658083
637229
575777
541893
586365
542845
603718
643781
536018
585677
636134
531689
550105
641209
604001
655960
515880
566550
571234
521652
499086
545834
666181
601415
662452
698754
599336
547575
541003
457323
561620
544160
698562
663949
603271
570930
606930
602548
555108
594775
623229
606862
560050
559622
451303
406104
635415
584332
576570
668389
603959
655588
610083
627145
431574
506919
640760
608595
655872
630838
742681
589481
622534
509611
401345
483952
566608
400865
366076
511204
597199
716674
531324
594339
562389
649086
663723
684651
673368
718349
496333
493276
558385
658608
650522
603257
569752
567622
640233
683009
678859
564471
493758
686101
487113
689015
602254
499185
510865
667549
648833
671314
797612
720198
560874
785680
720875
685993
721308
679223
669714
627556
768654
572903
528322
718507
685630
739037
669818
606228
631529
563096
628040
497658
502961
629898
665581
521759
602866
455979
584893
449379
427189
343306
523994
575660
648810
450650
459269
535171
536822
392197
536881
427162
427909
419241
405836
420969
477150
420602
516407
517034
472169
523683
443762
525836
515600
501207
529981
436070
497877
640027
462535
533470
578437
555231
557285
464511
568692
417354
440228
475160
574869
485688
444313
491098
611856
607694
603868
538249
533495
501097
519981
512955
493747
412991
496877
579838
548539
617285
549937
490234
541444
557079
625127
591697
612234
606065
489336
454495
533204
585300
507589
522558
602377
602116
497924
560117
509132
518488
486722
498704
477409
449858
461501
493090
462167
493105
390381
420214
630052
490845
399492
447055
487537
487199
565303
466847
574699
554477
554480
611697
579804
549173
600361
423552
498158
455487
593234
493464
534886
478528
493245
427838
447600
558867
504794
552219
475832
469310
425729
626565
506871
428751
402421
383836
379491
382632
487021
487415
540297
494378
438452
5539.55
9457
189530
340618
369604
358150
341821
233235
386065
286645
244135
348847
403030
488245
454873
360064
293261
424283
469414
355791
307006
286164
310658
314928
355024
301151
403067
430819
429412
455749
425786
428753
370321
330014
372942
303843
382484
411437
451938
433619
330844
358671
443976
450385
397206
350031
407953
474894
381066
376721
387745
418697
469508
470473
362882
293491
349759
493113
479446
479770
407275
388185
341223
349815
338359
336703
372311
417837
401651
408181
417351
371681
344720
359016
341967
315458
421985
357770
315517
342326
285611
299526
295310
460982
444381
474929
520701
480896
393922
436312
471840
439292
456860
459526
373831
439185
374770
411626
363120
340207
352863
368897
432453
418650
386292
423889
387794
342120
348269
458732
368078
461571
494937
361180
334206
385507
406038
329065
332333
414975
413918
380469
370770
361419
413521
409782
388522
488333
450453
375427
385615
418062
467179
473122
343754
316092
313764
384026
367925
341976
360655
355977
379285
373268
321331
420470
440695
348304
333286
440849
386686
364156
427714
424503
452526
442265
480030
423753
363237
323947
396062
374580
334256
401892
401938
381645
336300
456460
339310
431994
374081
378377
470807
360233
349413
403588
423266
362934
397807
343454
436406
459849
491277
427070
407116
366121
343536
332447
314750
379215
332650
372179
431157
397560
441677
425639
341260
314516
293260
323981
398212
362362
301624
320815
377778
344292
326090
323884
411286
404691
356902
347956
332610
313449
351326
356713
397868
347104
446272
440907
466048
394364
334999
448379
424407
370475
360410
394240
402785
380274
385413
460739
460116
357095
337761
457116
345701
358357
332795
341851
339814
377892
414376
422935
391555
394712
389423
429066
376210
316979
280472
390507
387899
439702
470448
421404
376904
470576
509598
462553
502123
445347
389374
360866
449480
374253
337156
404757
443392
434684
478403
408338
414994
479109
476198
418411
457593
415353
432744
390874
391272
396464
449139
451911
433980
392217
436161
438555
478340
499329
427379
358127
463683
419012
347137
473117
507102
501314
442275
372093
473781
508310
490364
552944
460651
431312
498869
495710
452232
511540
433661
455854
519403
481689
426123
533460
559799
543557
553622
562265
524918
539416
562825
580940
573725
479883
475690
573476
481352
429208
542996
500172
440864
556512
402573
333976
380750
436398
597289
531499
503633
608252
432469
481533
463950
537233
521850
561925
588800
555811
665472
598559
610771
662320
602075
608036
632461
589565
553493
596322
629790
584961
503249
509911
520693
581345
583072
525597
567530
573912
495549
546094
569915
578690
594735
464501
569987
529249
496805
457172
502316
602503
541590
618419
609985
538674
517168
497387
447558
521469
516859
601719
592791
555971
534864
570233
561576
555780
554821
518492
555255
551523
529637
405757
370989
565233
580577
556913
610883
550187
549216
590182
542229
415889
472755
605327
624519
558831
620365
653005
573830
611009
490722
378034
440507
494225
375639
346607
453738
567821
631357
523636
575522
557415
630609
630764
655274
661073
622873
469949
465553
499808
647700
644314
554435
552547
536644
606774
589271
628360
471222
469238
661790
458900
684286
590876
499667
504395
582810
617665
619353
732924
685805
494470
757475
715337
622100
676263
640311
682418
613709
667948
555683
509187
764784
663771
608618
594819
598760
615490
494323
553706
489953
516385
642121
568333
502398
568080
400339
584129
422636
394602
313478
481507
519344
575759
411485
388160
466880
453696
353405
467002
407045
397589
402987
374991
435055
481985
348984
411369
519212
462120
517417
424372
470906
441260
462747
500324
424257
461859
602989
462367
489509
533656
529649
564683
466469
557128
376664
410072
442028
520367
463317
400151
431953
565780
578191
576700
511935
513415
470363
492403
473802
474870
381363
471009
519799
536981
554750
464010
480940
545864
478433
563334
538743
562798
532160
426160
408782
482902
533221
488377
533908
517712
573159
444793
518358
478989
470176
438789
509961
487939
428620
448318
413187
378352
390890
342228
372706
553843
454276
357794
412497
448479
447615
476648
421137
533474
504231
482817
536089
546434
546016
547063
422345
435364
428066
556608
468292
485088
442742
481460
376825
397116
465035
480559
510618
429751
438113
387624
564020
492971
400704
353986
345205
354704
354544
427923
443833
468294
432471
401779
4694.61
7983.05
147835
263758
304927
367149
289023
237042
296818
237661
216685
293794
378156
477125
433949
364071
295962
383745
444834
336664
293884
282028
334029
272731
315104
283327
398446
376282
393614
405587
430118
386874
348724
309365
338274
305300
338929
353562
385905
406247
306990
317547
408712
406938
338959
327345
398933
447572
345889
339525
361211
381532
427753
406174
337731
284064
336788
434883
437618
429790
390263
372729
313087
314827
305114
321674
348799
403949
387460
393493
368233
339190
323070
303918
298201
283597
376614
335273
286964
322891
266645
279126
275784
417679
420192
445872
463626
432908
358336
399784
445639
419958
421823
410516
325477
388541
351526
396227
333989
315744
332577
326516
403715
389341
333225
369386
349391
317565
317216
406327
335770
420601
440342
332984
309863
354922
330928
297204
305711
398905
374799
334511
315630
334370
394862
384848
363637
438957
402892
334858
340318
362606
421951
435557
305866
278215
281091
372355
354165
333510
326998
320594
337178
341295
292913
394468
384313
317514
308396
426353
360438
333365
375721
365823
426657
394609
444141
389003
312723
287422
350117
351689
307986
372553
372539
346371
317778
407174
299077
374316
340422
353302
414450
318561
331583
363445
399617
347799
360903
321742
384790
410203
448366
395023
389210
314976
303169
300933
292443
336380
295888
357459
389348
378813
384138
362333
316750
287115
271140
301061
377470
319617
284462
305858
348142
301482
297914
297213
356298
387401
324755
322562
311711
291321
319714
319974
334328
321436
415267
411556
434618
333655
319135
395050
398543
338957
334010
343468
378578
353215
349913
425766
387641
315841
302690
382998
315727
315165
308157
325585
326245
348490
392242
396311
358497
383085
363037
410683
336471
286605
265311
344113
341242
401580
427077
389083
369745
453405
455733
437536
477547
415393
350725
342560
404839
341125
323243
384286
360758
404062
423252
362102
385106
434066
437589
378489
409132
376668
387031
342909
324308
360931
423352
423449
393228
357812
391209
382923
464698
439622
373606
342559
451015
394687
319131
431985
481270
446497
401526
357707
462051
478331
455522
493564
415344
411774
493130
470548
437575
462148
403731
445345
468352
400951
371251
489809
513503
480350
536347
534777
477183
460328
514125
539475
542123
424516
453943
530934
471557
406357
527560
502668
424527
501971
374235
318517
366420
400653
585846
498359
491454
548960
412140
398892
452567
499524
482949
530951
579985
516529
600662
582912
534985
601390
570889
582416
614735
533181
502191
542024
574984
550444
471741
459612
516768
561075
556363
540802
543892
508556
473498
493041
543014
578890
575005
428801
503565
517913
485067
434141
482873
581496
513984
560998
522720
513769
511768
476246
453024
514071
518253
536061
564985
540451
519915
560527
541887
545991
541683
465545
537242
559931
525458
370069
341410
539312
487306
553327
523526
535219
450237
490810
504865
415674
456783
599708
556536
525446
519617
513102
563546
512709
424062
364311
419977
456485
363104
338009
425845
449781
526911
537007
490266
566502
555888
588413
547879
580751
546686
463058
461006
467872
559758
548384
524307
460537
533830
511692
547661
574314
418869
453688
587259
420674
584927
513614
524831
473048
524547
620301
567201
720282
593528
459537
691172
663344
600746
617996
629018
610260
628078
636158
543181
508300
661814
722424
567643
526283
505472
614894
457219
533865
495888
533568
574809
536434
459032
517621
360490
521741
403575
380381
293441
442269
501060
551503
380302
346020
397071
410571
327066
427889
399651
386779
402289
357159
376052
415702
303756
344288
455711
428466
535411
411883
444875
386332
453462
489173
428009
448034
552696
438044
470436
519496
470149
534391
489065
491369
348770
394137
425164
495313
458666
370460
400420
551758
510823
514896
490542
499298
460889
477536
459222
444288
360713
460623
461288
468783
530930
419053
464617
481553
441706
530747
516161
502655
498289
382180
383909
459904
516624
423852
524685
471054
522459
407505
508287
432171
446760
412322
475149
450159
421792
380648
352153
334907
337085
305713
329834
528603
430307
327464
394216
419467
429928
435822
390981
517232
482006
436165
502972
475689
513243
525893
444132
404216
410526
477343
461153
450903
423187
412907
339092
374034
412959
477001
489038
405567
413755
360926
544857
504809
387362
318549
314010
341635
334277
390128
422336
421942
399747
377819
4069.06
7290.26
111675
230232
260397
274307
204386
252706
243322
207599
200226
264583
328773
431103
365285
300932
315791
364462
385892
291782
290582
292126
293198
248500
295810
264860
371625
350029
383467
386187
380130
363546
337611
298051
323390
323509
312550
318233
330444
355377
291165
290527
336167
333745
301533
315409
360153
421733
319860
314422
343574
357317
394295
373415
319928
279727
328252
385572
414769
401378
385368
331382
293254
277116
277887
314157
328326
377699
378231
380353
339079
316158
310380
272212
263305
257805
314298
305587
261549
307617
253302
247638
260894
392912
370194
400463
406277
375366
329207
373344
397893
386765
363235
355371
296972
352162
336301
369748
311769
297641
286072
285577
349090
357040
301183
334356
326248
299868
291417
376951
302480
390507
384161
312612
291924
328467
280077
273621
285359
353442
316599
297678
285924
289703
375592
344219
349731
413102
360691
302103
306040
330585
367499
374044
276562
247922
254963
324844
319878
326385
300991
294272
305343
309361
270731
340641
330560
294682
291829
385212
344331
305327
341219
322197
381173
363635
388346
326443
278368
261136
297940
299005
282617
315409
314632
312618
305439
377485
269128
308947
317005
339822
379623
286541
324850
339376
384819
340219
334049
306289
356034
380151
404212
374439
343156
280692
269842
277220
274563
305252
267817
324709
368831
337818
323020
323247
300235
260194
256054
286622
336267
295004
269105
283900
313577
269175
279018
278599
323912
340604
302400
300689
295370
275462
297146
293475
301133
302804
365075
358172
379856
288939
298813
364527
349628
291135
307694
302624
328879
324339
325707
376753
345073
284456
275373
335990
280702
284422
285639
311512
319718
321484
369172
337539
335618
352511
346700
372325
308034
264335
251454
312169
312133
368762
399490
369761
339662
409689
407596
386497
438028
385632
317345
304220
368829
315882
313232
333937
317310
385836
393997
327358
345239
414076
412428
351520
383800
354169
363685
300631
288178
316588
412380
411106
366517
331394
349206
352026
424006
408128
336607
334936
403100
372946
297850
363704
422654
416379
373373
350552
443270
426953
431139
462708
349850
381842
452676
446363
383329
406390
364528
393138
444178
355650
332387
431118
466769
429321
474003
484695
455733
409419
494932
487352
488691
384307
438898
505588
411759
359661
521115
440152
411884
485330
357082
314358
368700
378654
506594
443874
454672
480675
373585
363018
401030
446191
466562
533803
530897
492884
570835
556692
492067
578816
521961
530395
623277
487438
464364
517321
525440
515485
452797
432274
449297
525361
553207
505639
475818
476706
467993
462461
539327
543456
561838
404481
478392
527350
445304
426715
460534
565685
499873
477402
479217
514769
462456
453806
480387
536734
514473
503279
559204
543797
517184
505220
546322
484598
552927
429565
554061
516763
537382
340820
323773
547798
431773
459443
484503
512061
392443
448109
497710
429851
463903
527199
535617
515466
442504
434034
476937
460742
380571
361178
415462
440743
362629
338934
414860
379292
474125
474551
451784
505582
531684
505340
503063
551517
507800
475434
408381
455825
504013
499102
459418
411700
539138
471210
531149
552403
382919
457437
564743
398117
546451
482208
483015
456943
494137
578348
544281
615245
541743
440997
689541
606736
600981
594251
563532
545103
580551
633616
505866
525368
641855
612643
561728
501369
468365
530285
440411
547300
492797
486779
557331
526684
445849
432811
333361
508690
395152
379903
278667
423967
504931
484169
349031
318754
363557
389047
308393
414028
379252
389739
416047
351547
343519
351994
273347
298234
368474
363890
490368
412196
374192
353311
457577
438581
417889
454897
538146
401652
471862
448366
439897
497807
466177
464570
331044
387026
408294
425975
397076
353804
376956
536125
458528
478292
487731
443540
469286
425427
439964
433223
345474
413580
432695
441834
486490
386821
400740
455528
424818
527682
505939
474981
485641
351977
374774
415802
454948
393124
478677
444871
475142
377014
511725
405320
440730
400650
469078
436921
365581
337919
317148
304685
300193
278396
301017
475719
415278
304452
387201
361867
422401
414424
367063
511930
475261
396527
491405
436223
507893
512627
394995
384611
403449
417077
469052
437229
407137
356868
312854
366561
379409
465406
480456
389169
401113
338965
536911
486376
381977
291569
286496
334684
323057
366638
410714
394087
378652
363362
3708.16
5324
89773.8
194430
263253
224621
180141
190347
208281
188804
191556
251671
276826
351002
322432
258227
276939
357928
307291
268677
292046
306431
266568
232469
288375
255166
314445
344802
344976
327511
356102
301511
293603
295704
319490
300664
296956
295901
296844
324008
284045
269104
291677
291534
276188
312237
338388
374742
304398
289208
301968
342978
374339
346009
306220
277857
282438
355196
361681
354200
364496
305104
276171
252547
254694
303155
291777
338918
336668
346082
322111
301943
304515
247537
236320
236785
277635
257234
239725
271496
244271
230450
249976
347360
342531
348461
370832
341552
291379
337726
355334
340968
324903
324885
273868
304839
315774
329267
294706
282299
256300
258986
319317
310346
276050
309119
304347
283859
270356
328047
282065
339854
344397
295037
279502
282559
249283
252498
265134
308158
284311
269486
263621
263684
334613
316951
334450
364698
334979
277450
279939
307150
336600
330423
254863
224468
233429
297028
305223
300851
282023
275056
281918
268916
254406
308422
299615
274784
279593
360584
299811
279221
314579
289271
353850
332517
329881
287558
250352
240593
268970
266859
259944
279465
270216
262408
286455
319957
246092
272383
292387
321964
325862
263470
286292
325230
345795
302866
294192
290249
327625
357068
377923
350350
315489
252864
243220
260661
260692
277705
246405
304347
319986
288162
286858
295262
288814
223902
242869
278026
313349
271368
234438
254152
291330
241229
265177
265917
300765
313026
285348
262618
252242
264967
281479
270495
276499
289559
336997
327196
341975
261716
265764
345944
322326
263744
259685
270357
294609
277895
305594
347697
307740
260508
254227
300311
257832
250090
265216
304647
307164
277311
324451
300377
317299
326260
339875
343252
283354
248653
239745
289159
290480
337779
383565
360121
319982
360270
379650
355381
391056
365643
293466
270099
306294
270102
278225
302849
285862
337654
377243
302731
317756
390915
357643
334897
371158
339643
347861
272199
261224
292110
369587
395694
342463
311446
322092
332497
403819
381820
311143
337351
380075
329390
280462
325911
361671
392681
354211
351351
404399
397933
368487
404032
311044
355095
423258
394216
352628
375536
343424
367910
378780
321286
302537
403900
447013
401807
446806
459986
406494
375796
469506
461754
447254
351503
390679
426674
383392
330876
476276
395685
362627
425486
349282
320361
378814
372896
468637
417212
437290
450157
335523
340893
379931
420922
458390
486654
487145
469846
559058
527216
463377
523341
504336
508963
538589
457735
445562
510393
499493
500647
444668
416666
417345
496857
511374
465292
441751
462928
478222
448925
473700
496691
488630
390070
479786
505480
425802
432685
416076
498491
460269
434142
459487
454814
436097
427030
483166
488170
474700
491776
512935
524368
468069
463846
498362
452334
515509
402359
511707
500147
470467
310535
315136
492941
392131
415332
471199
425795
352469
432698
517307
473086
448673
503080
541858
469950
391047
378686
436164
432148
353104
368074
416496
411283
371812
348593
407051
332338
453505
438359
433244
484339
533694
467650
487554
554217
490808
419909
350930
429341
478743
477210
406090
377055
480475
449905
493381
478233
355865
486909
540630
379448
512286
466927
466392
457769
488451
573189
519377
533928
513318
435472
645695
582779
557798
589690
481241
509955
528487
561541
473242
582021
659344
572772
501957
505348
457457
502433
440702
455753
460320
470996
529568
465338
447662
394263
315897
473850
401244
394668
266042
426565
487978
433958
315071
301562
348724
383024
294344
423848
368082
359008
388021
354463
324863
318864
251388
266231
321244
326047
484205
363453
314387
326128
410307
416591
390243
417585
494585
387156
425594
386648
377566
488515
448750
468138
314091
389255
359386
378161
366062
344511
360027
495384
424659
460665
454700
417549
431524
397994
383549
440012
336020
393924
421033
431944
459562
364985
371205
452960
423933
503982
461987
458791
444901
330734
358019
373617
413369
373505
460430
424850
445555
356733
472650
371570
383581
402074
489756
436645
332593
306793
292076
283441
274675
258806
280110
402855
355759
287268
344664
330460
372426
405150
345959
465700
429028
366842
436833
411571
473203
468050
347492
349612
408533
383839
433726
432003
355836
323345
291461
372819
359009
419579
435538
381617
386567
318519
491445
450073
356695
269091
264938
337235
318467
353723
341637
356157
364897
351031
3463.69
4257.46
65608.9
158885
257086
213885
182610
169845
193883
177743
190854
223533
262087
323341
303313
239465
237908
281257
260717
259661
259419
271699
249218
223710
244548
252318
285830
337297
295501
286468
325448
268503
255837
259640
287026
287872
291950
283672
274300
279393
279599
250199
261190
263283
260190
283271
322962
354848
295480
252196
271359
302163
336670
304975
298506
250902
249161
313440
330577
323856
332083
285977
239530
232867
235918
268499
268612
316958
314066
328905
310327
294529
276619
228841
215726
219842
249031
229915
221584
248784
237749
218490
240338
311808
322557
316810
333175
301561
256523
314117
328345
312469
296613
304180
255936
263400
286244
305371
269876
247169
231878
237585
298647
280264
256528
286459
269261
252576
253949
294015
266240
304480
291594
263738
266581
249986
224855
236554
249764
280521
261097
249079
247398
240760
307295
279814
296814
318575
304187
259474
259792
290122
309122
304815
240206
206397
216391
281009
297520
288421
264527
261688
259651
247603
240671
284423
277405
246147
265483
321190
270444
256257
272100
261311
304838
296705
295964
258955
228258
224712
247391
243136
240736
251137
243048
235557
244205
268248
227465
244905
252943
282648
287786
245167
258679
303727
324107
278169
260832
256566
281314
309717
334503
316332
295369
230489
223037
250435
245065
238902
228648
279132
286655
261053
260925
275639
249514
203660
214665
265192
290378
234678
214698
232794
275372
219704
231202
257967
283971
293603
248008
243445
222270
253592
268789
230607
249574
274197
307869
300618
317445
240116
242777
303484
305686
243164
232790
244539
272089
249106
264653
312671
262707
240684
237399
273634
237842
231008
245175
289698
277599
253147
302796
270926
278430
309825
314858
320321
246612
234202
230935
272224
270158
300766
350816
330608
301343
325104
342318
331701
360344
337309
272072
247483
266029
240531
247455
279520
261744
310827
355481
281800
283713
345059
323721
323602
329862
320666
301061
247690
240761
274266
340835
357677
305997
297182
305031
319922
371173
335458
292416
309712
368671
301822
265823
298611
327135
342626
337083
316627
387219
340265
329293
335269
280143
329599
407420
371020
331833
356254
330199
354377
322841
292611
280247
393980
424309
383963
438626
446245
375269
354062
423161
439543
424792
322638
363544
382534
365522
308327
461580
369374
334193
386047
347200
344167
333016
376519
435604
403713
436494
441014
313289
322053
370622
397128
407001
445456
466182
457855
518024
517021
440439
492262
477867
496463
500103
444211
439713
480903
485745
498879
445558
410199
392636
484688
479151
445377
422871
448260
487617
449021
444237
472427
454055
386546
444020
457348
400609
371447
374499
463571
424932
406557
460267
424731
421165
393731
438488
465577
456635
453135
478168
479716
444154
439226
468684
432241
482791
381669
495102
501023
440515
289338
314010
468454
362131
391806
475055
379833
324195
441322
480694
457642
406586
506239
523838
400000
351531
339759
420465
420478
334804
390660
359477
337787
392675
375134
344481
299146
469144
418817
431611
486122
530331
446875
504324
518608
490423
380899
318347
352965
478727
476108
375546
352021
459371
443703
450066
431789
335949
501966
467798
365724
433829
445078
459160
480213
510186
527648
513989
487475
501761
441230
585730
578260
496317
515952
425465
496424
501040
537896
455805
548814
593133
577638
423955
453684
463855
496692
430603
407143
454050
473359
461466
437380
449383
371571
306606
392423
372973
345126
254784
361319
438072
406499
291097
289247
350643
345873
284196
374185
368444
323406
376912
358396
314098
298189
235254
243895
289255
300280
427427
308824
282564
305956
376621
409867
380639
389945
458325
382114
406547
347909
343101
470676
446346
429266
296668
342029
332262
351950
348810
339269
349459
480871
401084
455091
435476
404359
413797
382648
348662
429446
330941
388290
427643
436628
451182
346269
354565
445183
402850
458847
439468
405792
385223
316591
328911
344937
391181
353381
436828
399944
387496
342608
457755
347710
338159
409731
458028
391451
310200
284182
273854
268426
257024
244808
264201
362553
325885
274504
308884
308121
343592
355498
324086
441200
387825
333934
403398
384539
421271
440123
318776
320203
398197
360851
416300
386806
324104
297995
275881
362450
346250
397375
399128
382932
381466
300582
470696
434385
301983
248369
242346
332127
320513
346964
297638
301852
338475
307777
3319.2
3781.97
34906.6
120279
195990
191349
210832
164803
204335
174546
220257
174602
255136
318613
305816
232278
219066
231120
227538
261814
248546
255684
242112
221820
217849
220277
271206
303740
270775
262359
279375
245570
236248
238992
256045
285410
266387
262870
251653
255259
246610
236967
242384
246791
252119
254350
288017
317508
262700
233348
253579
278042
303465
284357
266230
230311
227250
269738
291301
301129
313680
259747
216696
214460
219742
247494
250985
274578
294528
300621
281717
272713
249523
214964
200592
206290
227206
209087
207298
231500
224358
206971
216359
288050
284010
286252
278959
258454
235021
273213
292547
274660
278003
290130
242562
238387
264501
271753
235225
223559
212129
219948
283066
260125
240553
251499
248219
233377
241237
272600
253763
277645
256210
231062
231795
223116
205588
226501
238805
260722
240870
234846
235676
220975
261872
251697
273943
289515
270709
245484
243285
268466
267671
284248
227486
192606
201941
275452
281010
260387
247878
252452
222544
233248
229610
267417
252647
216873
231677
270708
246622
231403
237333
238797
269287
274924
271311
238672
211698
212587
232027
226394
225972
228071
222078
215067
218862
234259
211564
224413
230730
260537
259344
230587
240102
263850
288537
264466
241156
236696
253889
271664
292420
292598
265022
213794
207515
244623
225943
218134
214732
257730
265812
241620
242998
261116
222508
187661
197977
230004
245039
214630
199216
213274
245187
203664
207632
247315
267866
260678
219170
230713
203451
219106
232137
205988
215421
236235
260187
263467
276892
224419
224358
280743
292469
227710
212544
224513
257065
227418
236716
263303
235497
216990
223309
254055
213733
216077
232136
260163
261030
232792
289985
249992
250180
271832
295533
279516
224075
209675
224816
257155
232578
280221
317583
303748
287862
297318
304015
301891
311015
319137
257784
229742
234030
219675
229146
262640
241611
292942
321553
266263
260540
321134
302188
291399
306398
280348
262096
227702
224643
261546
322779
339170
284450
285426
294889
312394
328330
310566
275264
280336
346594
284684
256014
279821
303313
303289
315893
294062
352449
296050
298725
294468
255826
284749
362317
360563
319480
341063
323421
327927
287488
269963
261786
359903
380296
336595
416389
391911
355349
339271
398715
390508
386513
298700
351731
355098
345258
290687
422449
334717
315755
361142
293740
326878
300813
335949
380583
395178
409908
384964
299740
309987
372442
359300
384018
424085
462994
454482
477516
474329
422525
477083
443570
452106
469769
445420
447361
447155
456828
471202
442532
414225
370895
486906
465374
435698
415316
400154
449184
470923
427527
457473
426120
383132
395014
434590
358500
337063
345616
421501
390020
392262
423866
400555
368424
377382
417685
430723
457193
406268
462723
461103
432221
423052
452561
406415
469683
367201
495262
491508
417315
272580
321147
463876
343769
383516
423570
345066
304175
397021
428607
434690
386691
469106
466859
365642
321783
311086
428815
418401
322826
406133
318974
302463
349214
344758
305614
275448
424375
413114
414420
475495
475879
443093
457440
449519
436682
352777
292367
312320
416097
483466
353746
335696
460111
454825
430603
402602
318185
470677
434992
355466
389607
388758
407692
470583
514504
486074
532167
455898
499996
446109
567410
546736
463356
449769
386077
487123
494570
533513
451656
540776
572260
513956
388513
395945
444759
463735
372754
372964
466200
447613
432270
416767
402702
339869
305201
353225
327952
306004
246693
311408
420867
381953
270506
270906
335120
307147
280137
348059
359990
304379
378434
329836
289681
288338
223415
228992
269296
282504
370523
274498
259454
290534
355894
399962
382527
367984
443444
385586
401348
320043
319492
432647
413077
392546
282536
312853
313664
335849
339308
343364
342667
441778
383055
416580
428991
405121
409156
365925
322324
399229
332305
393679
395685
426851
425927
331419
347604
398558
374264
438396
432333
376973
354194
309130
308558
322246
377585
308914
373245
377453
354962
334361
406245
332371
312752
363446
449458
366283
295796
268965
260907
258639
244675
235426
252668
334873
307086
266331
287709
292289
324014
327787
300356
384468
366939
306792
382026
328497
387787
381190
297056
304259
356172
343470
413685
357125
302350
279588
264763
319483
326500
384767
373630
365839
365149
284927
414385
376027
272301
231469
227466
286278
318432
301535
269337
271901
286162
278569
3256.44
3533.41
16890
89645.3
156410
164765
227116
162977
221802
177170
217856
158785
212679
265468
285065
239554
207368
200185
203839
259002
247428
248844
246074
226673
201709
199549
258608
284553
246425
246487
255434
230086
223751
224851
240141
270284
235529
223410
215804
241221
228569
228967
229232
236007
251191
235999
265560
277730
241018
220143
242039
260179
281926
268014
236740
213752
211410
246627
250123
270119
276942
231693
201564
197370
207130
228861
236289
240873
263941
263697
254120
245993
233742
204487
190150
195934
210739
194201
196909
219123
201825
186716
200859
268155
250451
243568
245913
232588
217662
236063
246254
236908
261705
262650
231504
218725
233911
238448
215937
204720
196905
205599
253172
246360
225141
231848
233034
219824
227912
256900
243159
253673
231598
212049
209698
201466
190522
218501
230967
246388
211641
220416
226709
204840
229158
231520
255874
261133
247229
228134
227586
235088
243361
245783
201749
181659
191086
260190
251715
241470
235827
226125
203202
222079
221922
248521
220488
200252
210642
237032
227053
215097
217218
220567
245742
257096
254396
222065
199465
204053
221965
215723
214471
209321
205936
199495
199046
208593
198269
208574
213067
241046
239133
219298
226203
240880
263980
256702
227865
221658
233865
247596
269207
249190
231377
200752
195614
224766
211244
203557
202619
244576
251707
222310
223455
229433
199254
174825
184340
206353
216560
198106
186984
193714
209151
189378
192868
217089
229901
222439
200899
220720
187387
196741
206361
188975
196571
211552
229572
233695
247125
211462
209220
258401
268226
218027
197860
209452
247435
211402
214369
231306
213971
195183
212834
236252
192974
197886
223337
241692
243373
215537
258657
235008
231762
241428
283703
249657
206096
190299
216831
228229
212363
259840
297632
288483
272730
274293
277344
262588
271599
284034
248610
216780
209240
202564
213983
243006
223324
280586
301886
252542
241017
305232
288910
271508
293855
258030
239806
212217
212137
251757
314622
320479
267268
252017
283083
284693
302014
290273
240907
258384
309507
270209
249692
268207
285897
280066
295855
277494
312581
265424
275118
264446
236178
257481
322297
344961
311028
306453
307508
279057
260226
251063
247578
328827
355897
303946
374941
358399
340704
333103
369548
363424
331585
276682
343072
332580
301978
278210
366082
299793
294432
295897
261072
315348
276944
295429
355116
357483
360909
349442
293729
300275
377328
341617
375628
417465
423800
449589
457929
435419
414219
417796
422544
396297
400134
441180
443111
430722
419123
440931
408010
381009
353660
439764
464280
394507
403980
375443
437030
445070
419233
406861
367349
334958
361630
412999
336206
311703
321332
348430
343427
381659
379581
331875
338283
369903
403744
387823
408508
380400
457505
457949
415610
384895
399156
382954
425504
359394
464993
449099
354479
259095
348854
452117
333941
389907
390404
322619
289786
367597
402662
433560
380496
426047
440961
338957
301193
291690
375268
367342
317826
366086
285060
277659
328435
323066
275398
256773
375292
409493
381250
415689
451103
404153
412080
416062
414305
334109
272343
282447
380507
428734
341083
326241
460196
422739
423136
378116
305357
457476
408583
353923
356705
357458
360634
419214
476116
464961
476688
422787
459016
420687
597345
487072
439098
410809
356030
437360
469676
479947
464506
474112
501479
448130
368007
366937
392430
415326
347173
346543
393503
396337
421359
351070
380571
301866
313205
330714
306580
286683
241683
280908
403839
321756
253985
258659
306663
286121
282024
340526
360854
291865
348569
320456
275990
289751
214854
219959
259156
270298
340366
247405
243226
280340
340123
359188
369337
319620
422605
394158
379746
298259
303662
417392
391942
371766
270756
296846
301911
327448
307393
347323
340807
410046
369620
394821
407436
374964
395166
320594
298197
388390
330218
378969
375900
387701
382680
318979
322320
377211
356322
421148
414348
361160
334363
294711
294250
306518
325131
282481
337191
341686
313604
331555
359939
324336
294774
336137
412575
352888
282603
260069
252750
253838
232319
229665
244908
316905
293884
262707
273890
278855
312145
310277
284481
343786
348712
284999
356881
296006
329408
335182
279145
293365
336376
332556
398324
339920
287438
267171
257647
297968
302244
340407
315678
334780
331878
272400
358543
325498
249787
217713
215272
261795
276178
269421
247096
248086
256458
254099
3196.6
3495.78
9996.46
68277.1
130973
147897
179534
173105
170213
201407
187623
147076
193224
238235
238885
194199
173575
183799
189931
233880
229597
214242
234671
203405
192491
184482
218247
242455
209205
215017
240591
220232
217227
212957
229538
243920
214198
200888
197504
231583
214942
227632
203866
209633
230953
220947
251479
254632
223797
211126
235122
239341
249322
241209
217765
201335
201076
231768
226169
231049
237631
214057
190015
185667
196987
209443
205692
221356
242608
241758
237925
230986
220794
190333
182290
188730
198900
183511
188143
208958
186234
172351
188739
231540
225685
219372
220655
211731
203822
211078
216700
214531
232047
234509
208989
201446
210650
217957
200715
190249
185590
194796
236364
229580
199576
218093
222563
205368
204558
238217
222788
220416
213057
197060
192121
184548
178513
195396
219299
227658
193194
196953
208956
191568
209293
216559
237398
226603
216136
203124
211943
214216
226725
220842
184790
173827
183125
235113
233282
227481
225674
209293
188869
199869
214302
219142
202257
187235
193947
211533
211562
202252
200523
206203
228715
233583
238484
199029
188864
198492
215913
208016
200882
195116
193472
187656
184459
190336
187360
196739
199790
211833
219106
210837
216742
224743
244267
233951
213084
206470
219287
230556
247240
221169
212584
191405
186545
208796
195985
192754
193998
237002
232104
196542
196010
199780
179982
164205
173158
187189
194612
184942
177358
179235
187494
177343
181050
197156
205225
199270
186008
194693
174427
178554
184893
175196
181611
191293
205560
212710
227057
202621
196438
223583
255497
212322
185836
197258
226981
199661
197408
206698
197517
182175
204531
213459
179776
178707
212685
227993
216693
201325
233740
225669
214394
222999
257521
224730
191721
178452
193532
206474
197144
228712
266373
261842
263792
257855
243807
239289
247984
256350
233710
204469
190516
188703
200538
211286
207827
248995
268756
239515
225329
271225
257437
257441
286833
242845
223688
201015
201543
242980
285747
284522
239313
224222
249187
264941
274818
253337
220048
236193
282396
236057
236076
261860
269586
255684
267473
264379
288783
240898
257791
244006
219646
236908
299192
312218
285490
289863
268456
251695
239868
236465
237084
309280
308772
277338
348232
304461
302494
319459
321627
346377
300301
259788
303291
309994
275362
267796
336711
272045
247019
251697
234805
279392
255337
273403
341781
341329
335314
330632
295545
299034
341794
328157
378349
382857
391484
459773
446977
413063
412954
377288
370495
363268
363550
411998
421394
420354
399041
426188
394020
353760
341371
420775
418395
370698
367413
358312
427883
427231
380649
362401
335012
310654
337121
369188
320897
292380
304133
308934
317546
337443
351929
292862
318108
369340
358267
356524
366177
362271
412199
413800
376809
352095
365087
359281
398800
357906
423323
426864
318701
248897
329198
409800
328372
360013
370923
310418
280988
351828
364298
383041
387497
405227
411188
293207
289337
279686
347696
342422
318261
348246
257996
260340
317716
310553
252188
242660
346566
365249
358813
382595
385161
385160
387990
389517
406841
324413
256048
259618
356647
408575
335040
324266
424302
401753
386497
339649
297046
404557
346732
360903
327665
336792
336463
388453
450701
410396
448436
400697
398984
383407
527546
457493
414599
384701
336169
380042
413844
455448
436951
442831
440965
408240
359460
354344
369307
395094
328432
328770
358543
366651
378586
316013
357451
269459
279416
319163
295477
276127
240717
260083
341205
290671
242269
243783
279489
274150
291420
353083
328574
285460
324820
323695
250186
296434
208838
212883
255448
263728
323773
227109
232554
277147
280478
336669
331844
288274
381607
367228
343411
275718
296468
396652
370047
364128
253587
281372
296733
297544
265675
317481
345111
394534
364963
382965
372109
348505
357800
295642
278922
364783
298106
348825
365496
368369
356494
309860
302162
352846
348121
374681
378587
355272
313695
268439
285043
294740
300116
261497
310749
319520
270343
301304
332450
318996
282908
317743
376529
309359
249338
256181
248591
254788
207437
224714
240951
305773
265583
263295
265389
260835
306313
297963
274059
316810
312909
266664
309423
271153
290904
299484
265117
287442
323918
328635
365063
331292
274977
259495
254418
284337
277839
302370
276426
313053
312501
262708
325182
296239
233790
207077
205482
242634
249612
243029
229326
229154
232831
234300
3037.63
3198.68
6779.52
50632.4
116364
142400
173235
180613
150667
181857
162787
138089
179102
228442
218842
166262
146403
180291
185507
229725
198964
191427
206677
192654
189642
171519
191538
205975
189266
194929
217942
215166
210539
187610
204479
227928
196217
184012
184786
208231
204441
200582
181623
190351
207802
207853
234022
238370
210535
205943
211835
211267
219519
212668
205151
193137
194755
223369
206965
208013
212164
199822
181500
176298
181225
192352
185800
209310
229477
225067
226056
215620
193940
172506
172178
183784
191141
173641
173944
190472
172627
162671
178260
206550
206372
201133
199848
194979
193445
191956
193553
196918
214245
214816
193617
188291
193440
202087
189178
179893
177666
186975
221480
202649
184177
208175
210778
187081
190531
208442
198035
198982
198054
185621
178973
171587
168826
182817
197160
200700
180185
183532
189020
180552
195683
205449
209013
205879
198671
188699
195145
199035
214817
199227
171886
168307
177389
219400
206028
206950
216716
195991
178198
183757
192562
197994
187844
177240
181572
193245
199747
192779
182444
190132
214383
216080
207218
180679
178200
193657
209159
190033
186324
184924
184202
179014
173955
178305
179290
188449
188002
194804
190878
200153
209439
211918
214288
205484
189078
183215
202724
211046
216144
198676
200154
183038
180146
198130
180287
181392
188589
226208
206394
181978
180413
179341
164480
155237
164041
172505
178702
174592
169894
167902
170769
167387
171684
181460
186187
181687
173888
179917
163924
164206
167933
163926
169755
175360
187692
196943
212092
195430
185587
203910
229897
192391
172814
186054
211832
190090
185189
188762
185050
172271
187133
193445
169120
167030
189639
213528
199112
189862
217664
215506
189950
205337
231674
204998
179998
168862
178806
188039
184801
210042
229678
229567
245302
239749
222158
222191
230503
237035
206478
181808
176168
177534
188145
194105
195081
226438
238617
215010
212654
244968
232591
239693
261618
233300
209738
193230
193768
219111
250941
261270
211911
206747
226814
249638
246261
226130
204082
216849
242309
214079
211035
237238
234795
223284
251572
252424
249189
221300
245373
227023
204768
221775
286549
294472
271305
272788
246915
231678
225836
227224
230601
294831
279128
255344
292805
267666
267960
285333
291345
304955
278276
246119
282726
281859
260214
232141
309550
245942
221809
226135
214014
246974
238733
259338
334708
335818
319662
318514
263779
301430
328378
317432
343943
352205
376845
418605
419881
402249
374171
351099
342280
341952
339641
405051
411555
378984
384139
392990
390193
338733
332405
410076
396848
355311
350923
345189
376336
430267
347539
336355
312284
293316
321615
349355
311326
278009
294081
279094
299739
312600
331660
262822
307635
334089
334441
337631
342077
344649
394749
393588
353807
333814
342679
347933
381858
366706
405300
369511
290547
240971
306679
389473
315798
338941
316388
304321
277383
345580
298151
323244
391049
396397
348369
260130
284051
274056
333324
328757
275853
314514
236516
249618
316349
306004
234629
232790
329936
342429
345305
356898
341489
363874
362202
322857
371782
321248
242625
242806
343710
344476
295644
332234
409028
396381
356322
313500
293697
359404
312932
334591
304598
326610
321890
368274
443233
366450
436871
390043
370750
355234
489485
442794
399348
370311
325849
346598
378344
430779
403613
429623
404037
384855
363747
358551
357743
382143
315813
321924
337664
346770
349729
287476
306445
250293
248999
321251
292171
270057
245785
246613
309371
270349
233964
234290
262050
266461
269308
325688
314119
286255
313771
290340
230265
265404
206597
199144
221805
263586
280367
209259
227146
259742
250027
287867
306191
261986
359125
355383
324877
259676
300500
363058
333841
334366
241360
248073
276038
259675
242633
302460
319017
367581
339224
345849
355599
334570
339742
279861
265144
321650
280992
332848
327705
324452
306225
289708
272207
302244
332826
349661
358698
329489
277413
251670
279952
276368
285317
244562
291910
281279
246334
268739
316190
294263
276182
302499
356659
274868
230338
245571
248001
228914
193097
203139
240990
268270
233343
236781
260449
244677
266547
257488
268021
297234
292900
251044
280846
251634
264649
273000
254746
286837
299528
298842
346440
313382
244656
254644
255210
278325
261476
276780
249697
268695
276955
256162
302755
276340
223134
199621
197808
228031
229881
222006
214808
213931
214563
219053
2814.68
2900.34
4969.34
38261.5
113688
143469
192672
149725
140099
160833
146175
131532
170954
189701
185486
145196
134137
184599
185468
213574
180535
177452
194044
186873
167981
159725
172022
179912
174128
182370
191067
203861
185131
171994
183289
200398
182065
172377
176244
196975
191183
178937
168888
178662
195130
197241
214864
207715
192479
198576
193136
195120
203074
195849
194632
186896
190860
211695
191733
191068
193587
188943
175724
165720
167631
173420
170429
198535
212353
203699
210330
191987
177612
162084
158911
175651
181677
159429
159878
170913
160504
154669
169186
187124
192276
187895
183440
181455
185962
178148
176316
183101
200555
200223
183139
176616
180097
190137
180937
170896
170300
180530
203223
184187
171882
187824
187611
175205
179027
188610
181789
182504
185991
177232
169607
162046
161020
172733
181800
182818
169793
172851
175526
171605
184957
195101
190270
189809
185624
177479
183343
188137
193151
181205
161150
165453
173845
203402
185319
186308
192839
186264
169544
174086
179513
180959
176492
169590
171133
180469
190758
182329
165003
171080
185757
191542
186539
167751
170825
184554
191962
174887
177646
176124
177419
172472
164072
169451
173758
182011
168918
183405
174887
178194
189007
188762
191294
186285
174056
170037
180958
189001
197233
181148
191567
176636
175726
188063
168690
167759
181925
209678
187914
170362
168325
163454
152143
147541
156616
161794
167562
166935
164632
159836
158472
159322
164335
170023
172259
168026
164163
168636
155662
153111
154727
154534
160163
163073
174787
186224
198614
179323
173732
190131
206992
178566
160844
177148
202162
182604
174491
176232
175796
164653
171340
175652
159767
157608
173754
187288
177567
181910
206145
191691
173224
183305
213655
187798
170116
161054
166993
173524
174804
195073
207027
209865
219012
213762
205814
208515
217619
221237
188741
168730
165358
168659
178522
181681
185342
211378
221041
201201
202138
228342
212702
210342
247466
223874
189554
186767
189025
203771
232380
227034
195541
192488
207766
227621
222933
207697
191325
198786
215631
198898
197238
212976
212077
204864
234853
226481
217859
204735
233389
201667
194919
210482
266746
284066
262504
244490
231722
218183
216671
223073
228407
263389
261421
237715
248535
243223
247577
266692
265945
272477
255660
236704
270004
266116
246728
211417
253609
216434
202460
206900
198563
227856
225754
253829
304521
319891
290971
280977
243346
268305
325630
292057
302163
340634
370938
400602
388911
382427
343066
335986
324368
327531
322503
409764
380753
342644
354153
361500
355968
330497
303532
370744
381419
348073
341865
313810
355047
403477
327661
319692
297192
281708
313621
332555
308377
266040
287873
256152
289686
292977
278459
240364
286732
313754
321738
329907
328403
334829
387400
382313
338108
323177
328655
343661
342630
345290
394927
330336
270663
235560
294422
337319
274296
294853
271602
280200
280918
308446
263297
293194
358260
356895
310943
238308
263657
274545
329654
301889
248394
259248
218672
244295
329859
284023
221509
225857
323692
327399
317502
293303
316888
321761
308269
283535
349216
282684
232446
230387
294074
298587
272054
319699
391058
370447
331991
279363
295149
335308
286531
303683
282349
327444
315907
356751
360495
338120
397443
379889
356280
331775
468407
412541
378156
365627
323935
324260
355275
369859
388257
391206
385174
366218
360150
343274
332260
327884
310600
289590
291572
320139
334386
264831
271832
235193
231394
295501
291033
237900
220267
238255
290303
253653
227077
229717
250279
237762
257510
309183
311168
258272
273565
250416
215656
249123
209004
178271
197755
231207
236167
195260
228140
231773
227639
251899
259288
240132
312177
317831
295549
243531
273815
347025
314392
306955
231754
227707
246704
236571
224688
286822
299798
338364
316173
300526
321430
321859
296873
269209
257401
297735
266633
295100
281889
282256
264714
252533
249698
273228
293570
308319
322638
290082
258998
239034
252752
241050
275996
229794
276474
250945
228086
248924
306405
277714
255352
267898
332961
247873
215857
216062
220659
208413
181915
190893
217721
241093
215768
215360
230783
222069
238223
230739
250279
273330
276365
237336
259161
236714
245377
255015
248335
287230
265832
280117
320386
273759
225959
232907
260230
280479
249887
258156
228193
241607
240495
243076
286050
264060
214674
195030
192266
217182
216069
205808
203022
201602
200816
207926
2633.96
2679.15
3930.93
29714.4
111955
150032
148237
131476
133205
150421
138849
126221
166789
155167
145282
129360
126584
164549
176553
181329
167409
168427
186763
172005
153873
150109
159167
161983
162958
174322
176147
178213
167802
160538
170630
179720
170416
163914
171487
190369
176320
165243
159280
170244
186944
188836
204766
186443
173459
178824
180051
182934
190967
182195
178158
171903
175203
195867
180659
176421
179833
180354
170046
151543
158079
158620
158883
176910
187450
185021
186506
175787
164366
153731
151259
161698
164951
151074
150966
157302
150496
147953
161757
172531
179898
177625
169444
169578
179361
166143
164228
172083
189904
188325
173699
168454
170207
180830
174405
158507
157952
169697
188778
169031
162067
171897
173218
165337
169265
173064
168731
170357
177254
170527
161287
154022
154826
165001
169820
169078
161547
164442
165189
161483
167732
173598
174852
177593
175104
166536
174019
179797
171352
165439
152732
165022
173067
182696
172244
173991
177671
179302
162210
167127
169876
168052
167685
162907
158691
169857
179395
165150
154265
159199
167063
175926
169858
155526
159169
178630
178681
163431
163877
164294
171381
163488
149662
159002
168887
167664
156498
172488
161606
163539
169670
169501
177001
171172
161704
159718
168409
173079
180207
167742
175000
167761
170454
171636
159670
159453
169985
199211
173531
161366
159160
151901
142660
141044
150826
153973
157848
161049
160788
152723
150219
153571
159044
162182
162784
157880
156442
160073
149720
144642
144644
146726
152480
154306
163875
177798
183405
166755
159653
178859
193395
166332
152045
164790
188223
172151
161211
167483
169062
158733
161020
160779
151917
149952
160683
170068
164320
175302
189537
174988
161354
170441
187239
173905
161973
154707
158081
162658
166718
183524
190381
195384
202201
195397
184657
192077
205221
196695
173566
158352
157765
161560
171701
171820
178019
200057
200786
187716
194492
218288
196208
194228
223895
198580
176226
174935
186860
193986
220258
203469
182215
181021
191069
201402
199423
193112
181311
184308
194969
186640
186277
195923
193915
190743
210332
206358
198271
190425
208180
185545
186306
202279
246706
257893
254618
228263
221814
207567
209126
222907
231695
242546
246660
224267
220723
225068
231850
251741
239424
253253
222842
230101
263927
256169
213018
194589
219056
195077
187277
192270
187557
215506
216963
260153
291918
299825
261918
254727
229082
252381
293337
276569
280952
341593
350078
395098
374321
357405
324803
328478
311353
303298
313518
377844
353511
318353
318383
343639
329078
310432
283848
348431
336693
320623
327247
291589
345289
371020
313318
300640
288883
275569
284773
300246
285433
256121
254588
238911
287782
273483
248435
222928
257836
301647
316839
326179
326170
326195
348768
356783
328775
316587
322561
313665
317358
335238
354704
305884
258314
233110
287815
308550
251703
261218
245251
241457
248296
261693
236751
273476
344882
338962
281843
221259
235312
278050
301048
255927
231705
230465
204761
244238
308065
251266
209301
222498
320206
276925
262256
256824
302652
298791
270336
254097
320898
259154
225905
222169
261104
270435
256913
291589
349138
331782
290223
257339
268835
321021
264628
289059
266185
311739
316529
320239
317421
317531
361989
381365
342454
317180
400698
367040
371188
365974
330291
307290
345775
337709
386678
357035
351176
338113
321564
310450
292182
299147
312804
255254
258329
287432
293335
245597
247063
223688
218004
254982
251410
215047
201453
234754
276995
221738
201473
229078
242158
211192
249323
301004
284372
241162
239457
225054
203418
241103
217890
168631
183970
208243
208190
182838
226148
213435
210858
229690
229629
222867
272973
278027
255753
231574
252271
311049
290282
293475
220810
213262
231021
218750
210987
252778
290807
325156
302697
271107
299481
289633
263428
237314
254488
285033
257061
271914
253149
255431
240937
232554
232407
253780
273359
282057
282206
265934
245953
229498
231221
221403
248868
217073
247276
230598
214500
230560
275658
247859
237526
249764
294419
223608
205436
199904
201016
191697
173057
181752
202576
218752
201962
202242
212065
206794
217923
214005
226409
250880
240926
226783
243477
225605
227689
243413
246192
269262
248069
267740
288958
247416
211332
221902
239541
264244
242043
241758
211650
220298
220039
219768
269259
253102
196803
191537
188850
209969
206137
193740
193691
191906
190681
200538
2457.05
2476.7
3321.08
26130.4
100719
122138
98802.2
113462
129370
147539
136903
122340
143797
134629
126835
118974
121445
158436
162375
164861
159332
163930
179213
155560
145355
143284
149410
150596
154827
169729
165871
164920
154485
151803
161107
167054
162829
159226
170970
174280
162143
156204
152123
164675
166474
170508
182588
173238
161070
167416
169823
173637
175702
163295
159845
156886
163678
187672
170272
158683
165452
170250
157709
141782
144830
145847
148901
164280
172668
172375
172699
162994
153615
147024
145165
151608
153110
144060
143801
146336
142538
142221
155720
160967
161611
165756
157986
158870
161669
150889
156038
163586
178633
170247
163976
162461
162914
171341
162693
148770
148743
158056
175581
156811
153888
161497
162095
157492
161647
161622
158879
161923
169460
161012
148752
144484
150119
159213
161278
159108
155053
157814
157655
149082
155896
160422
162837
168311
161771
152368
162752
167307
158276
153208
145685
153068
160916
167666
161966
164936
165108
167689
154448
161987
161507
158622
161178
153616
146505
155201
162724
153190
145538
149769
152093
163200
155329
146122
153266
167508
162925
151264
150130
149974
156790
149134
140300
146237
155767
155718
147929
156659
150953
151393
155605
156983
166353
160035
152129
151777
158760
159966
159063
156036
165774
153084
156147
159438
152375
153022
161200
182194
162683
154422
152576
143861
135937
135223
146361
145827
143852
155697
154881
141259
144926
149887
155163
155687
155650
150243
150729
154053
145160
137389
137120
140614
146695
148145
150737
163825
171186
155807
150615
164084
180785
155434
144979
156259
171180
158990
150962
158364
162982
153303
151812
148805
145291
143685
150464
156527
153870
160335
169873
161068
152026
160149
167899
161958
155460
149731
151636
155015
160700
174967
178481
183458
190144
179544
168797
172912
180547
175983
160688
149191
152097
156645
166449
160135
169017
189408
180202
171112
183749
204403
182020
181885
200400
182430
166823
167938
185698
188589
197338
184544
171364
171656
177400
187182
183678
181773
173427
173281
179554
176960
177859
182979
180165
179852
195417
189907
183221
178571
190463
173120
175253
196982
234229
239539
233857
216302
215064
191177
193268
210082
215227
225348
219206
206446
200495
212295
218604
221040
218048
240278
202711
208541
242153
224685
195185
180876
192803
177683
175191
181201
180432
206663
212367
244292
280767
283307
244213
236461
218811
240789
274384
269224
269335
312938
329997
351184
365161
344434
315033
315549
282249
271399
312591
354399
335936
300050
296514
316912
312041
290797
269091
335607
314107
294056
300913
277782
308189
353654
295061
274604
288989
274740
259641
284470
259950
246890
234917
226498
266647
256665
225424
208896
240213
286717
290034
296188
305063
324791
330438
327443
298591
295378
298682
284615
300365
301670
331290
275232
248441
233474
287361
289735
235172
234852
225289
221585
226192
232743
216819
263616
335538
332125
258660
208195
220411
247079
254619
229785
220651
209452
194020
252254
295221
231109
199755
224117
300845
245736
232518
230739
277524
278086
239399
231285
294331
245728
223203
218660
239483
250344
247073
277012
327245
312041
265182
240408
251510
285343
245834
277037
254518
285449
292015
281389
286191
305958
344966
400154
335499
313485
337603
329378
371884
351292
349698
293524
335243
314649
345244
344204
303562
302836
304156
291114
271536
279902
283796
238687
237870
263158
260704
230584
229793
215526
208378
230888
226019
201165
190193
230444
238302
203144
187019
221303
217223
195054
241537
265813
264540
230365
220117
205864
193088
238908
199392
161720
173594
189278
186423
172222
205450
198640
198490
213093
210851
209263
248509
255576
235039
224163
236240
264401
249473
267501
210136
202492
221099
204337
200697
233286
284716
294367
275095
247964
287319
271428
238914
216484
233818
274331
250903
256989
230842
234305
223233
218585
220417
242456
260756
263042
259355
248931
237715
223897
215964
205875
228265
207212
224303
214333
204853
210245
256326
225583
224991
237426
270073
202239
198734
186772
184529
178015
165861
174650
190052
201347
191195
191887
197481
194787
202498
201045
212312
231019
222205
218748
232689
218109
202036
230896
244626
262174
233961
260850
270656
225964
199504
214482
227739
246645
236385
212378
199151
204017
203998
205891
236327
221601
181142
175629
187402
205276
197407
185571
186893
184694
180796
194461
2259.78
2258.44
2884.47
23315.2
86954.5
84466.1
79018.3
96321.3
136933
115425
127651
122343
130752
122590
115962
112922
117936
159021
152018
153506
152417
166666
161836
146276
139298
138224
135713
142388
149278
160081
149468
155020
145267
145466
154472
157477
156384
157154
168298
162957
153171
150230
146740
155251
154409
157784
171196
164062
151951
155072
157243
164591
156168
148596
149097
148007
153550
173068
154550
146881
150449
153004
148924
133326
131501
135294
140842
153927
162380
162516
160232
153180
145401
141739
140405
143719
143793
138537
138112
137907
136580
137346
150103
149026
149683
151077
148917
150428
149958
141348
148386
157493
165693
159682
157390
155836
155126
160942
152549
142119
142493
148851
158593
146812
146666
153060
154090
151341
155760
153212
149461
154016
158443
148915
140477
135577
144759
153506
153921
152314
150544
152708
149297
141750
148134
150244
153415
159675
148785
142099
149718
152496
148159
143748
140086
146272
152624
155865
153942
158740
156306
154470
148090
153772
148121
152206
154715
144786
139133
146346
150251
143422
138398
142534
140603
145771
143202
137688
148553
160090
152175
140991
142454
140707
143892
138587
133266
138896
146111
145496
141085
147761
142782
141941
144703
146982
151315
151074
144711
145788
151553
150002
146730
146120
152521
144648
146365
149377
146563
148499
154267
164832
154501
149330
147662
137023
129879
130481
139042
133865
134591
142774
142423
133226
140108
147583
150270
144951
147787
144853
146925
147855
134965
129363
132106
136526
142568
142000
140766
150391
157135
146449
143442
153193
159537
146101
139306
149238
158491
149780
144048
148016
150749
143371
139971
139401
140019
138641
142870
146577
145785
151295
155869
149850
144462
151886
156421
152426
150244
145688
145615
149737
156471
167824
167033
167124
178768
166486
158005
161458
164722
160858
149874
142253
149098
153510
154885
147929
156417
170696
166053
160479
170355
181505
170453
172360
187090
169777
159834
162916
174534
183680
179509
169867
162392
164261
166891
174829
171567
172900
167822
165123
168884
169869
171580
173903
170277
171543
183933
177199
170802
169270
175793
163070
162227
189909
222205
225539
221932
208070
196410
174500
181885
201162
205845
209527
202417
184143
184589
204692
205556
196051
198123
214955
187341
189431
210037
198302
181208
169741
173668
164358
165379
173478
174422
181984
212861
230672
252516
252735
232605
225142
212087
232691
260885
266766
263182
303568
319390
326304
325271
337281
310488
283698
255038
255647
300806
342897
309448
282865
281552
286932
301632
279032
258337
308599
298990
276657
289885
268537
289723
304105
263954
255878
275238
266431
243471
271534
243163
232871
222103
216278
251506
240954
207830
197955
226645
257161
273752
280491
281417
302656
319279
314103
279217
283707
281300
263934
269217
273222
296764
239719
220993
238209
277081
255626
222665
215437
210338
206904
208608
210876
202684
265871
307438
305319
239226
198176
209343
226447
225542
208911
211220
194575
185742
236601
285965
214263
189569
235285
296038
221730
209599
211400
236082
233734
214239
212658
280757
234445
224055
219693
227355
236868
241609
265256
317741
298915
246068
227689
239724
263467
230346
252966
244400
271918
279321
255221
259513
298521
341655
369002
320835
322605
304793
302273
343401
326682
331063
286813
299812
292993
323765
333526
278533
279346
293446
282321
257411
270151
257522
227103
223413
247284
242471
220528
218657
210819
202198
214827
207049
190666
181345
204597
212677
189105
175358
194095
196828
180835
214800
237029
254652
223845
206812
192783
184301
220106
186442
156060
165879
174826
169965
162995
195821
187969
189461
201539
197423
200407
231078
240775
215874
219601
223349
237208
225485
233648
201093
194461
212871
190552
194281
221433
261906
262824
242549
231417
267701
256268
219061
202219
216070
248542
236191
227035
213299
218259
210425
206634
213618
238249
254731
249681
239376
237388
233735
222781
205219
192505
217055
200047
208310
201308
198905
195826
217783
206288
218615
229986
230766
186933
195436
176064
171422
167249
159989
169291
180469
188496
182799
183973
186910
186231
190978
191230
201196
217313
203161
208396
224563
208321
186419
208869
229404
238331
223303
259616
257614
209322
189947
210481
219420
236772
213928
193990
188517
191608
191477
194086
212981
200489
171057
163653
185405
197998
176305
180551
182653
179785
164787
180329
2106.52
2076.46
2507.45
17639.9
74864.6
67800.6
66437.4
83436.5
121310
103845
112106
126972
127229
115587
108344
110510
115923
153900
146308
138414
139547
151852
150623
139798
135703
128732
123992
131280
145602
145947
137689
138331
139098
141407
149552
146012
143982
148312
158148
155085
147402
146570
142161
140800
146288
150113
159127
156860
144049
141543
141826
146271
142867
138263
140958
141334
144504
152939
143429
138464
141144
140981
138785
126316
123923
127377
134092
145558
153926
150188
144525
144156
139099
137909
136752
137956
136922
134149
133699
131707
131256
133608
139387
137949
141794
142864
141670
142883
140669
133814
139017
152026
155433
151535
153640
147789
146606
151346
144284
136781
137891
141128
147576
139109
138196
141999
146593
146546
150228
145026
138720
141374
150070
139871
134199
129734
136078
143554
142578
147537
147813
148233
139906
136022
142669
142927
142401
145364
138943
134449
141352
142274
140687
136954
135745
141362
146060
147264
147656
154484
149392
146825
142968
143143
139520
146860
144851
138094
133304
139493
140108
135766
132361
137110
132268
131077
132190
130700
137241
146117
142033
133321
137283
132861
133633
129762
127560
133459
138577
137763
135658
141377
136466
134970
136629
139690
140414
140556
139552
141630
146301
142401
137113
137403
142839
138256
138653
142013
142142
144774
147950
155578
147964
145639
141089
127443
122473
127218
129062
126802
128215
133979
133361
127602
131778
138947
141547
138539
140629
140289
143274
139386
128345
123222
129474
134362
136990
132723
133931
141233
147280
139274
137809
145118
147194
138866
134627
143758
149030
142821
138914
141964
141921
134035
129472
132277
135786
134889
137676
139797
139495
144133
144958
141201
138152
145322
146633
142427
144832
140252
136446
144643
153264
157628
152798
154850
160535
154799
149524
152755
152629
148998
140520
136429
146773
149809
145106
140359
148310
157832
154851
151857
161497
168274
161894
165628
177224
160749
154836
159633
168662
173240
167635
159366
155015
158427
157389
159836
161081
166146
163701
157510
160910
164642
166769
166287
163715
165699
175763
168231
158049
162061
163373
154937
154578
174372
201692
200924
204331
199311
181277
164389
172952
195861
196376
194595
187420
171342
173895
199875
193586
181076
184014
196142
175728
176129
188962
180862
170084
160571
160003
154766
157590
168590
158575
166845
191695
219498
235530
233795
222475
217708
208468
226979
236778
238504
263492
297496
315515
309990
306835
300968
286120
258798
237827
245934
282445
302546
276958
259153
266790
269547
278577
271676
250836
280159
275365
263453
284610
263554
276644
277728
248289
243767
257996
248619
231312
238365
231367
223942
208084
210119
242001
226684
194932
189691
215847
238482
262723
271728
264907
284827
292674
296500
265570
261655
269719
241039
249981
256203
257880
218536
201222
217325
252543
230949
202412
201402
199301
196196
195829
195148
191970
247236
294980
275293
224152
190311
201781
211298
203618
191811
184306
184165
179372
224883
246812
200448
182587
221677
284899
203269
192791
196806
213822
208419
194636
197497
254135
207708
218633
227086
221640
228952
230126
229375
292101
269014
231224
218672
231850
250234
218934
237153
236019
264174
270006
236423
239528
283354
337326
354688
312894
304236
287019
285067
308575
313796
324905
282572
284492
276470
314240
297767
264202
264693
265197
279394
245827
254000
244768
219726
213110
237044
225223
212216
212505
210202
199603
205601
194297
183027
174863
189439
192716
178149
166214
177031
179160
169144
201109
220255
245694
214859
194608
184676
178401
208494
175240
151300
160388
164644
157733
154708
188954
181265
183406
194290
185067
193539
219590
224456
191320
197248
214035
218691
207862
213990
192815
188821
193403
181828
190876
214290
247438
241116
224112
218246
239633
227945
202531
191409
204550
230734
213490
205152
200023
206387
199612
184218
208225
212742
236304
232561
210708
222831
226968
219578
198536
180833
199476
192499
197371
190203
193191
181054
192120
191408
217675
204828
201455
174950
189007
166470
161422
159082
155249
165584
173858
179711
176520
178413
180076
180708
183062
183893
192567
205975
184586
189297
206823
188782
175565
196767
218711
221590
215479
248195
233534
196391
181915
209328
214811
227376
197602
180559
174485
182510
181554
184288
194285
183216
162885
156455
169593
178103
163391
177557
180105
174428
154596
163977
1955.82
1903.5
2124.73
11467.9
61359.7
59228.3
62791.7
79539.7
101350
94954.3
107924
124022
133533
111618
104893
112069
116447
143042
145143
127617
132446
143196
143941
135878
133257
120717
117739
122629
130788
136612
127634
126546
135693
139457
139401
133676
135710
139505
152551
149050
143481
136573
133543
132198
141748
144451
143661
140837
131013
133142
132495
134304
132236
130358
134914
136732
137648
142005
134463
131867
134097
131332
128266
120207
118169
121195
129058
139401
140198
136089
134271
134814
133607
135014
133578
133207
132163
131211
130757
127398
125053
129763
130108
129833
134949
135946
135592
137482
133216
128117
133662
142570
147267
145343
146836
143588
140343
143195
137983
132489
134498
135203
139258
132233
132083
134065
136561
141645
141200
136110
131240
133147
137629
131665
129583
124884
129821
135561
135701
142965
147701
142292
133943
131721
138705
135781
130635
132873
130820
127976
134593
134471
133803
131664
132105
137243
140184
141184
142726
146798
138463
138211
138394
137527
133028
137112
136489
132437
128574
134424
132260
129317
127070
132362
125388
122490
123359
124903
130609
135492
133676
127146
133389
125579
125781
122922
122863
129442
133115
132150
131614
136760
131290
128545
130104
134486
132854
132008
135904
139005
142023
135046
128696
130656
136949
133531
133088
136139
138635
136465
136563
147643
137364
141976
131442
121403
117565
124787
121665
120683
123345
127079
126161
123394
127019
132144
135497
133688
136362
132480
134980
132035
122878
118992
127471
132670
129965
127278
128824
134366
139976
133668
133163
139353
138318
132890
130515
138862
140972
137463
135093
137897
134949
127147
122681
127520
130925
132095
133326
135018
134675
139019
137041
134900
132915
139614
134398
131902
134957
132298
130018
136748
144624
148025
144731
146828
149527
145476
142724
146555
144070
139909
133053
131512
137451
140489
137247
134285
141777
147683
146738
144977
154467
157833
154640
160593
160407
154189
151454
157807
162073
165615
159073
151638
149227
153132
145763
148748
150442
161234
156175
145516
152204
160687
161921
154179
158308
161865
170234
160305
147135
152950
153214
148360
148420
163426
186138
185542
187463
184182
167702
155989
167271
183928
179137
180689
171321
161711
165307
184327
179269
169811
172934
183666
167271
165827
172816
167528
160894
153115
151083
148768
151820
164872
146605
157113
176445
200592
222474
205194
198005
195332
209011
216503
209452
219469
247995
279341
288110
290267
292160
280465
257283
239603
225943
240700
271329
278015
259235
233563
246358
255020
258186
261205
245799
263932
246247
237534
263981
261275
266567
259026
236898
233781
247994
240915
223498
220139
222416
213254
188919
206657
234641
217036
186494
183708
208199
225431
232844
250259
254129
274374
274768
267474
249476
244869
251706
223919
235184
239998
230006
201931
189330
202986
237589
211878
185012
192877
191618
188856
187428
184511
183988
230804
284304
260123
213974
184287
197319
201755
187984
177633
169180
173975
173902
216206
226556
190694
177339
213217
253015
188738
180677
185508
196990
189900
179780
185409
220135
192138
200130
223853
222502
222475
201461
204429
262544
249597
221345
212638
227473
241959
210630
230623
231636
253903
239139
221575
222702
262404
311696
360641
321174
270730
278514
277087
290974
304356
331424
271861
269684
261199
278901
281688
256418
260298
232145
250236
236731
227874
235632
215688
206647
212086
197108
194382
208190
215268
200641
198954
186439
177994
170313
179179
178378
169764
159077
163887
164730
159421
195037
211655
219972
190529
172395
176876
175184
204493
165098
147372
157055
158425
148913
146820
166178
178100
179823
187704
167361
178578
208855
198205
177097
183495
207111
204069
195551
200866
184292
182326
185480
174229
186048
209395
229108
209894
209744
208173
224701
210123
189919
183540
195243
219115
199662
191238
189085
197452
184848
168344
189215
195577
206924
203553
192643
201896
206578
205252
193971
170589
178061
176134
190150
180254
175440
169867
176005
179835
202279
185468
180326
164066
171799
158482
154461
153405
151613
163644
169680
174500
172582
174911
175149
176160
178265
178753
186222
185557
173386
178065
188678
176064
166941
187241
210430
198113
202178
232075
217176
186058
175004
199536
211781
207918
183531
170076
162953
175467
173334
176367
180411
169725
156278
150812
159163
164406
154199
160429
168425
160369
147693
155092
1837.6
1784.51
2027.49
6999.55
40342.8
52328.4
66382.9
70839.9
85967.4
87137.2
107643
110343
126393
107877
103098
119228
122143
143622
132495
120523
127713
137274
140850
133915
126533
114867
113231
116752
120867
129965
119579
119461
124881
132006
129945
126166
130279
133277
139129
136998
134086
130326
127317
125688
128836
131084
134018
129338
122541
127496
125074
124909
124080
124879
130706
132735
130933
133435
127686
126787
129065
124172
119399
114486
113878
116927
124976
134060
131719
127361
126583
129145
125438
130857
129480
126590
129343
129537
128964
123928
119820
122102
122916
122669
125560
128201
128258
132370
127773
123528
129297
136415
141189
141011
143758
141124
135694
136656
133346
128882
132132
130497
131279
126245
126198
128041
130033
132495
133083
130284
125835
126464
128810
125206
125760
120863
124839
129172
130533
136637
140605
136735
130113
128718
130435
125068
123012
123471
123987
122129
128438
127705
125811
126093
129000
131672
129577
135541
137961
138410
131260
129400
131294
133676
127295
131185
129196
127302
124397
129983
125383
122390
122701
124168
116723
114865
116397
120135
125271
127256
126825
121774
125044
119270
118087
117741
118945
126059
128418
128295
128825
131613
122382
120373
123207
125644
126823
126718
128223
137080
135492
128983
124170
125818
132686
129716
128478
128753
134223
129981
129641
136859
129601
130078
123449
116224
113733
116052
115341
115605
119519
122157
120722
120179
123617
126911
131302
130275
134834
128578
128249
125977
118638
115618
121041
126557
124649
122989
124912
128756
133969
129830
129543
135135
131505
126456
126739
131276
129750
130929
131961
135187
129053
121358
117545
123851
125505
128909
127221
130126
131073
134970
130719
129311
128817
129119
126188
125712
127174
126501
125415
132198
138251
140843
138610
141155
141433
138520
137209
141379
136410
132454
127328
127601
132311
134000
130952
129322
136665
139645
139756
139185
147978
145958
144935
149899
150587
148864
149984
148039
149530
160155
151083
144210
144803
144137
137296
142352
141832
155038
145338
137659
141197
148534
150076
145039
149254
159847
161916
149340
139644
142280
144031
143001
143559
154655
173192
174275
177581
176025
156404
148811
163841
167413
164059
168647
160361
155012
158412
175558
169921
160813
164193
174625
161979
158754
161384
156897
153158
147944
143775
143623
148495
151511
139389
149986
163628
185777
194742
182156
181766
181035
194097
194471
194162
209300
235358
267066
276655
265326
268747
267318
240502
227285
218926
239661
263350
260155
247239
217609
225393
232022
247289
242357
233822
250506
226205
221053
251749
242024
249646
234385
212248
213452
233105
237339
218470
206069
210590
191429
177024
195340
218940
197437
181027
180113
202475
214647
207906
221717
227699
245099
262606
251606
234431
233354
222742
207984
210240
209797
207331
189050
180419
191563
228097
196326
174081
189726
186931
184194
180932
177968
178112
219905
253215
234608
205931
179808
195185
195716
177189
165259
157645
160091
170023
208738
210183
184235
173497
205801
231716
177994
172206
176903
184701
176872
169325
176252
200473
178729
190654
208886
200553
200365
183358
187415
245755
234941
213627
208774
218917
218120
205989
232082
232401
233076
224510
210662
210977
246362
297852
322485
294014
253663
274919
274763
282754
278762
293049
264391
255335
252276
262903
273611
255901
242990
215958
238555
226310
214189
215247
212650
205457
186970
178412
175943
190741
214592
199407
179737
179830
175411
167816
172994
168862
163619
153638
154430
153606
151808
187969
205903
206014
174281
158433
159398
174186
187451
156063
144496
156045
155020
142871
140890
153948
174526
176087
168968
155567
165214
186206
180282
165787
171732
190805
180489
183107
191043
174402
166199
181097
168373
171197
188970
199893
187853
193017
200851
213660
195430
181196
178145
188080
201933
188323
176144
175090
186329
168765
158200
179537
182149
187756
184974
178882
190357
194155
196461
176365
161472
166176
166489
181445
172122
164586
162774
164531
170125
184081
171823
163619
155090
161399
152697
150191
149956
149208
163453
166397
171312
170376
173451
166380
164758
174753
175762
182625
172644
165005
169167
174803
166093
160032
179717
189796
180128
185953
222862
206296
175873
168407
187142
198780
197599
171990
161579
155598
164014
165139
170294
170748
159373
151003
146277
150430
153065
146813
151628
156482
150846
142158
148433
1742.63
1706.01
1806.81
6727.49
31596.6
51163.2
65711.6
69699.4
74957.1
81046.6
105755
102928
111534
104763
102453
115493
118543
134348
122553
114565
125066
129658
133400
134894
121951
111046
110023
112440
112853
117642
112705
114162
119311
123448
122422
120144
126920
127818
128031
125793
124500
126293
118929
120040
121853
122362
125941
119866
115820
123385
119253
118344
117672
120755
127096
124249
120405
123886
122484
123219
125202
118401
114259
109043
109917
113804
120879
128461
126163
121029
120288
125732
119702
123065
122624
120874
127842
129325
124426
118595
115990
117140
117140
116463
118090
121199
121726
123641
122547
119312
125440
130549
133714
132964
136324
132734
129828
129224
129360
126258
128639
125189
123611
121535
120786
122976
124595
126345
126804
126012
121569
121432
122780
119961
121271
117322
120996
124558
126459
132068
134763
132573
127809
127126
121596
118532
116786
115456
116085
116984
120599
118574
120810
118749
120390
121397
121277
126627
128793
133180
125331
123860
125623
125740
122164
125756
123172
120247
120447
121703
117228
115272
118968
117070
110857
108516
111361
116692
121408
120943
120970
117001
119872
113863
110657
113189
116125
120159
119787
125689
127585
124210
115890
113649
114476
116208
121652
122691
123356
130524
129749
125409
120732
121048
127849
125615
122211
122151
125128
124350
124129
129916
123804
122669
116836
112199
108990
109974
110139
110799
115498
118397
116974
117977
121140
122982
128563
128066
127479
126182
122411
121001
115761
112522
116979
121717
120566
119558
121493
121769
126066
126968
126875
128850
124133
119801
120518
122827
122912
122918
126513
130153
121448
116570
113717
117940
120304
124309
123254
124593
127588
127996
123704
121518
125422
122160
120295
120741
121012
121901
121778
128796
133290
136029
133962
136588
134280
133087
132764
132535
126023
124959
123307
124657
128738
128973
126149
125176
132593
131343
130520
133728
136348
132566
133611
137432
141878
139290
146806
140662
141270
148094
141770
135812
138904
135320
130013
137718
135924
143856
136557
131033
134647
140292
141589
138850
142548
150852
150856
142593
133850
135373
136488
138884
139781
148083
159860
166394
170206
164221
147000
142714
155425
158447
155029
155675
149861
150743
153563
169636
159643
152072
157414
166447
158307
152775
153881
148983
146999
144909
134388
133305
147256
141785
133820
145058
152840
167972
173424
168421
171637
169851
178021
181314
183902
203191
226746
262007
270126
250022
247107
244963
227659
220049
215611
238275
243245
240706
224847
205132
209990
215270
239629
232859
217010
225118
210661
208493
245874
229917
227624
210899
192001
194727
210465
219433
216740
195091
193560
178076
169620
189257
200331
182112
177054
179296
197710
191124
193976
204642
210547
219848
233476
240767
220714
214758
203478
194715
194539
191928
189987
179008
174020
182360
213218
183222
165830
188574
185276
181945
165435
173265
174137
210253
232051
217920
185960
177392
187966
173143
169269
155341
149023
151650
168268
196821
185346
178914
170892
199898
203885
169080
166898
170751
176588
166459
162742
169921
187662
167459
183905
203442
187929
185929
168654
172993
223538
212715
199978
204224
199133
205434
204852
217534
219956
220918
209941
201414
203400
233910
290227
298422
271877
241106
258285
270189
283959
250482
276032
257661
245211
248983
256055
267813
246557
218868
204243
236582
219531
207023
194584
192528
186833
171412
166493
164830
178616
205510
183668
168515
166076
175543
167257
168277
162820
159683
150011
148023
145466
145944
169003
186136
190982
160118
148533
148581
160704
177332
148573
142744
158623
151036
138196
135506
145157
156939
161007
156221
147417
156364
170622
166379
156914
162476
170017
164378
165154
173211
165114
156715
170761
163044
161730
175346
179465
172880
173399
189204
196423
174543
174388
174737
183217
179247
169197
158292
158575
167518
156800
149925
173483
172068
173264
170962
168081
182131
184262
177538
161809
153296
157233
158941
164978
165047
155540
155093
155457
162918
173547
161513
150846
147310
153042
148896
146782
147301
148229
160981
155791
163841
169907
163881
155763
155884
161314
174407
172072
163078
158869
162385
164018
158757
154357
169997
169105
167973
175506
198413
192243
167753
162522
181732
191119
186184
162675
155005
149833
152728
158362
164715
162566
151827
147024
142699
143584
144082
140745
144665
147351
142970
137568
143609
1650.13
1641
2571.32
15235.6
43295.8
56592.8
59191.5
63115
66150.7
77607.7
98225.1
97628
103389
103450
102796
111373
115267
125074
114933
110033
115771
119587
126352
127151
118125
108795
107840
109544
106960
107644
107092
110078
114836
117424
116610
115203
120338
116924
122098
118981
117637
115069
111955
115290
116822
115603
117072
112666
110648
116655
115237
114223
112525
114950
121962
117760
114531
117752
118330
120798
119114
112809
111606
104904
104869
110058
115615
125840
122544
116320
114720
118696
115539
117236
117710
116857
122650
124041
119052
115122
113301
113182
112537
111692
113012
116430
117099
117956
118177
115603
117584
121435
126642
125678
126805
123689
121495
121886
122492
123911
122488
118894
119567
118081
116760
118988
119912
120855
121960
122911
117718
116685
117897
115559
116631
114126
117216
121177
123630
124506
125803
128490
121423
119532
115149
113154
111748
108761
107106
111749
112750
112343
117922
113110
114093
114209
115359
120932
121933
129027
120678
119678
122485
120186
116844
117043
116116
112639
113392
113451
111300
110075
110148
111645
105895
103940
108253
114316
118449
115344
114595
112524
114300
109256
106140
105953
113917
113128
113978
118275
118969
117791
110077
108715
108954
109495
115473
115218
118813
125380
125750
123636
116267
117283
121082
118701
116377
117613
118695
119482
119448
125854
118915
116611
111270
109279
105385
104431
106191
106356
108754
112160
114612
116769
119404
119980
123223
125932
120096
119103
118874
116597
112889
108980
113673
117961
117575
116778
114925
114548
120480
120905
124934
122782
119758
115818
115845
116363
117373
117223
119261
121572
116292
112753
110684
114195
115030
120831
120113
121129
121616
119675
116795
114974
116826
116184
115728
116728
116035
118092
118710
125666
129157
133053
130396
128121
124720
127170
128676
125497
119944
119188
119955
122287
125919
124529
122884
122027
126698
123400
123069
124686
126198
124397
126754
128477
133174
131750
136378
135037
135590
140762
135668
130250
130608
127984
123383
128629
131410
136927
128827
125527
129683
133964
135116
134220
137753
144919
142437
137471
129474
128809
130129
135538
136798
142681
149107
157734
160527
149507
139048
138142
149024
150055
148324
146526
141802
147544
150212
162633
148807
145211
152079
157541
147318
143921
148402
143207
142547
139025
125619
125429
134879
133605
129163
141392
144475
155968
159135
157922
164751
162093
168036
172512
177517
200887
223018
239298
244774
237659
234618
223478
209255
214961
215343
224936
227399
222606
206139
196152
198515
205421
222075
227203
205710
207922
199291
198192
220409
221613
214975
194202
178422
184409
198850
204260
194226
185520
179791
167484
164586
182279
186531
172069
167333
181032
183894
176010
185206
192943
197446
203771
218880
220305
203502
193691
187722
184021
182957
178609
177519
171525
169765
175327
191265
173244
159769
171517
182885
167587
154639
162600
172200
201229
202003
207226
173214
176090
170436
157895
158355
146412
142545
146604
167570
180484
170989
167821
169969
187679
185075
161490
164557
166973
171363
153091
157710
166515
179196
157080
177557
199523
180633
175874
157281
161025
194238
200867
183511
197109
185387
198954
206699
211568
208831
206907
193378
195518
199031
225018
247319
286503
256058
233698
239147
250656
259085
234436
264321
259331
230524
239383
250262
251337
230972
207549
195464
212831
218474
203996
183514
175683
168393
159073
157518
155865
168082
201868
172619
160463
157460
166093
168095
154784
156605
157267
148235
143167
140173
141405
157941
166363
164983
148571
141003
140830
149343
167668
142431
142423
152467
141742
132959
131872
138339
147257
149603
145783
140949
149471
158649
156438
150007
155559
156242
153930
155292
157475
153489
148822
159825
149969
152430
164872
163262
161208
161908
169135
172618
160321
161938
170729
171058
164878
155882
148004
148383
153673
146788
142933
169351
164775
163333
161194
159519
175789
171215
163332
153252
146771
150601
153236
155771
159584
147403
142241
145133
157260
165520
152006
141608
140786
146113
146957
136885
138925
148104
151176
149115
154602
159566
156245
149715
150471
153549
165417
164173
156640
154537
157586
156017
152461
150223
154320
155547
158323
166809
178750
175895
160045
157289
178621
183485
171286
155038
149900
145465
146414
151491
155095
147374
146443
144460
140187
138391
137027
135708
139214
140020
136657
133728
140274
1563.43
1641.54
4453.76
26374.8
51721.4
62383.1
60216.5
59231.1
62512.4
75482.4
94393.5
93627
95779.2
103172
104558
110436
112949
114654
110269
107237
110988
114156
122168
121179
115270
107464
106822
107919
102144
102168
103178
107260
110887
112199
112125
111461
111299
110726
117497
113567
112315
109273
107181
111218
112811
110036
108695
107684
106756
109751
112621
112132
108211
110550
117648
111937
109790
114969
112131
117805
113007
108669
109704
101683
101853
107551
111656
117749
114654
112681
110441
112986
112085
112671
113805
113132
118872
118794
114550
112617
110555
109326
109068
107911
109564
112631
113894
113848
113801
112581
112752
116048
121945
119981
120774
118210
116158
117154
118622
118621
117597
114386
114927
115116
113714
115550
113954
114239
118536
119042
112971
111042
113229
111715
113208
110822
111459
117200
121307
118052
118190
121080
115397
113845
109828
108867
107577
103671
102309
103754
106106
107599
112768
107152
108410
108383
110330
116074
116135
119657
116622
116713
120781
116038
110178
110914
110854
107790
107681
106991
105959
106258
104243
107589
101706
100540
106147
111604
113343
109480
108687
107986
108507
104236
101388
101421
107709
107775
109305
113906
113028
112013
105138
104349
104727
103803
107184
107465
110420
116824
120612
115186
109995
112434
116756
113650
112453
114294
113791
114925
115403
119694
112338
108886
106909
107396
102306
100331
102864
102994
104495
108630
113791
117344
117690
115687
117974
118908
114968
113696
115960
109452
107096
106147
110333
112251
114631
114556
110703
110027
117248
117273
118679
118305
116695
112142
111367
110574
112811
112026
114040
115717
112234
110272
107618
110394
110523
114427
114377
114395
117209
113124
111491
110192
111241
111452
112107
113478
112146
113918
116349
118946
121854
127524
127186
121294
118176
118892
120327
119618
115023
116510
113973
119096
120924
117033
120814
120177
120453
117957
118788
118483
117921
117653
121300
120655
124089
126166
129186
130551
131449
136315
130089
125896
125225
122054
117613
120752
127352
131735
122074
120690
125902
129470
130684
130697
133428
139620
135493
133985
125439
121748
124656
129917
133156
134255
140368
144585
144904
140440
133018
134119
146592
137801
141662
137410
135659
139300
145977
153816
141433
140954
144211
148938
140394
136459
140087
138431
138948
131110
120574
120362
126874
127252
125230
136399
137802
146697
148897
149783
160290
157112
161569
167744
174572
201857
211042
229418
231735
222543
224294
207143
196950
203549
214979
218144
217653
207182
193881
190260
190827
198575
206412
206206
197374
196198
191926
190833
207762
206181
204291
180039
167621
178756
191631
196236
182655
175432
168650
159217
161086
168997
175750
164370
162442
170757
172415
166364
178477
186165
187428
189625
206023
207575
193212
181605
175769
175872
174530
168277
169223
166483
167011
170546
180558
166839
155083
162907
168121
157142
147547
154004
172331
184061
182318
188315
164787
160237
156903
147451
145715
139656
137624
142822
155400
166225
160058
157801
170430
174313
171040
155976
163217
165931
160578
142031
146955
166676
164257
147987
159936
181418
176550
167817
148490
152105
177735
190754
173448
187216
175071
197580
196889
205501
203044
190352
181660
192298
196350
219029
222729
255392
245560
231274
228650
239625
238077
223341
240895
244006
223336
225212
235341
245084
219557
200752
191480
203072
209271
205938
177676
165939
155782
149711
150265
148889
159207
184430
163374
155065
151192
155944
155940
146463
144504
153356
148211
136833
135961
138311
149622
153343
149140
139154
134909
134869
139826
147811
137587
143819
149809
136684
129807
129567
133274
139703
140246
137733
135768
144318
150391
149938
144721
148412
144994
146410
148170
147356
144651
141882
155319
142032
144451
155969
150994
152174
152915
155997
156526
149854
151077
156329
163197
154488
144975
139685
140124
142327
138964
136846
157628
157786
155566
152599
152688
160461
157292
155450
145625
141449
146000
149551
149330
149653
140545
134934
135372
149711
155840
138473
135313
135700
139509
135348
129118
132834
139514
144922
144325
149552
152967
149949
145194
147103
147696
159101
158824
152309
150800
153898
149472
144282
146463
144543
145649
150860
159960
167752
165221
153915
153656
169331
169532
162569
149332
146266
142269
140925
145247
144372
137810
141263
142865
138562
134172
131967
131598
135069
134441
131739
130536
138317
1479.22
1629.84
6947.47
34405.7
54133.4
64600.4
62629.7
59541.6
63186.2
73079.7
90326.8
87383.1
92425.8
99683.6
105080
112002
105443
103785
108950
106726
110931
111806
112218
110638
114183
107467
107012
102814
97847.8
98309.6
100640
104902
106172
104563
107821
108887
106172
106066
110240
109444
107886
105153
103555
107134
108013
103581
103354
104064
103608
105503
106614
108218
104328
107199
115156
107196
106230
112815
108148
112069
108127
105372
108164
99239.7
99606.8
106373
108379
109863
110144
108933
107495
109928
109499
109187
110704
110069
111842
110976
111504
111091
106522
104503
106083
105345
107696
110521
111482
110201
108179
107471
109185
111483
115312
113170
115072
113759
112265
113637
114665
115004
114022
111167
110925
110438
110872
113309
109878
109962
114013
114396
108634
106837
109379
106986
110009
106999
106484
112037
114277
112931
112743
115554
111290
108179
105282
105027
103693
99586.9
98276.8
97995.2
100610
103127
105651
102600
103714
103929
106367
110648
111134
113997
113222
114398
115126
108890
105718
106248
105585
103359
102647
101761
101034
101886
100134
101988
98227.3
98046.3
102362
106418
108360
105787
105324
104039
102761
100045
97808.7
97915.9
102142
103501
105708
110719
108415
104000
101035
101192
101183
99417.8
101489
102308
104022
109886
113028
108380
105963
107935
110308
108790
109272
111375
108892
109101
110233
114423
107702
104241
104084
104072
99599.7
97752.5
98824.2
99371.9
101641
106695
109847
113757
112242
110726
114458
113834
110385
109551
110167
105088
103688
102978
103945
105140
107352
106968
106798
106016
109165
110248
114832
115161
114984
106322
104209
106086
107782
107302
109360
111576
109457
106383
105120
106032
105961
107781
107982
107389
108488
107219
107192
106432
107027
107897
109670
111160
108605
109109
112393
113366
115374
120355
119090
115327
112885
113691
114199
114796
111051
114875
109774
112774
113538
112192
118500
118934
116075
113568
114147
113252
111032
111855
116841
114598
117480
119620
119306
125908
124153
128870
125337
122400
121291
116165
112827
115480
123033
120870
115795
116338
122651
125619
127426
127877
126053
127085
130067
131127
118571
115227
118534
123049
126611
125865
132481
137034
135855
133117
127693
130129
135415
129920
130281
130301
130602
134837
137727
148288
134980
132033
138914
141413
135260
131947
132212
130950
133772
125005
116898
116777
120436
122550
122160
130947
132278
138304
141036
143201
156118
154043
156390
165144
175046
194103
199822
222826
219824
205391
204999
194117
188449
197472
205412
215653
210208
194811
185527
186739
185094
190673
196302
194432
191533
187539
185960
186082
197745
197115
185805
168415
159682
177238
187877
190131
172664
160208
160231
152584
153486
162949
169382
158633
159141
163954
163541
159923
168536
182750
179061
176517
184868
198798
181116
171016
167046
169996
167428
157390
163202
163599
164102
166311
172961
162369
151407
156367
158291
148318
142070
149390
159706
167624
167599
177599
159681
151106
145508
138866
139241
134355
133927
139549
148424
154287
151807
151978
159190
163717
161135
150216
152950
159776
149732
135555
139389
153961
154573
140045
149195
172538
172043
151210
140973
145646
166816
173807
165692
168285
167272
181278
182356
189883
187067
179924
169211
187725
193001
204217
209523
241255
239574
236376
224722
237038
228583
218210
220949
233999
217028
217484
227069
246239
212894
197887
191384
200350
200472
199331
176754
159622
146189
142770
144450
143613
152547
165370
156298
151713
147094
149614
147276
140654
137780
141312
137916
127858
128408
136148
144047
144119
137860
131462
130099
130262
132585
136304
132771
137281
150432
133198
128552
127905
129982
134250
133249
131821
131569
140715
144089
145104
141276
138490
135919
141422
143592
140178
137618
135712
146490
136418
137455
142585
141521
145358
146069
145935
143808
141551
143968
146734
158047
145814
136635
132986
133304
133373
132580
131904
146546
145300
143117
139426
146879
149201
148605
149245
135915
135959
142523
147172
144645
140747
134021
129386
129424
137138
141005
129777
129854
131638
133523
127326
123613
129155
133174
140673
140937
146395
148399
145542
141851
145352
142948
154975
155444
145931
144605
147464
140080
135241
135318
136630
138211
145058
154516
158603
153534
148551
151120
163185
159950
154484
144874
143813
138660
135013
136477
135310
130490
131332
138116
136717
128659
128487
128817
132246
130425
128174
127807
137480
1401.76
1618.59
9241.7
39409.3
55806.2
64332.6
65583.4
61633.5
63829.9
69710.4
82769.2
83662.7
90432.9
99120.8
102877
111582
100843
98877.9
107337
102648
107411
111805
106124
104813
107910
103903
107254
98785.7
94609.3
96326
98073.2
101042
100557
99583.8
102055
103061
102531
102446
105685
103163
102310
101498
100754
103473
102257
98895.4
100573
99835.7
101371
101974
102388
106946
100569
104500
106460
102977
103468
108360
104637
107736
104254
102779
103751
97285.1
97458.7
101110
104354
104955
105422
105307
105015
108036
107310
106083
105921
106535
106142
105279
109543
108114
103628
100595
102836
102647
104192
108427
105600
104187
105274
102665
105884
108513
109070
108205
111414
109027
109134
111162
108655
110089
111430
108589
108526
107464
108515
111530
106399
106408
111129
110586
104667
103634
107419
103022
103745
103275
102251
107639
108179
108076
107779
109791
106815
103380
101787
100601
99514.7
95340.6
93747.7
94060.8
96581
99578.3
101887
98882.2
98843.9
100632
103269
105283
105503
108660
109110
109432
113140
104446
101795
102498
100227
98362.6
97189.2
97451.8
97088
97279.5
96621.2
96370.4
94782.9
95408.5
99659.6
101610
103918
102768
101627
100289
98188.8
96635.6
94882.6
94808.7
98290.9
100470
103085
105793
102171
99297
97766.5
98649.4
98198.8
96028.3
97401.3
98230.5
99751.1
104351
107507
104140
101573
102964
104828
106045
107445
105606
104096
105965
106302
111465
104200
100649
101638
99432.8
97780.3
95846.4
95649.7
97255.6
99943.1
104245
106946
109221
107344
107004
108260
107572
107146
105982
105817
101611
99309.9
98242.6
99043.6
100521
102614
101162
102773
102905
102168
103088
109597
108561
107818
102217
100225
102658
102423
102123
104033
108255
107809
103560
101394
101825
102080
103552
103353
102689
102329
102819
103705
103097
103261
105242
108304
107646
105358
106027
109237
108376
110497
114682
113089
109234
108404
109762
109157
110923
107673
109538
106243
108006
108024
108201
112818
112908
112765
110184
108657
106618
105119
107019
110220
109639
111867
110436
111751
118469
119384
119413
120473
117431
114532
109469
108533
111685
116087
114917
110840
111868
115875
117853
121312
123824
117983
118685
125536
124862
113516
110354
114145
117547
122255
120743
126981
131399
128972
126291
122606
125182
129692
124240
123121
124463
126926
132078
131687
142933
129524
125444
132813
136043
132077
128872
128166
125676
128509
120184
114048
113926
115603
119475
119993
127179
127104
128463
132675
138368
147918
143329
147634
158751
177172
185885
193745
204055
200372
194868
191109
186194
183701
195298
196554
196642
194471
186311
180957
184271
177468
178064
189388
186199
187484
177201
175109
184636
188046
181862
170797
159174
154168
172191
184147
175494
158874
151468
155081
147128
146179
158345
167393
154085
157705
159380
157733
155691
163089
168686
170199
164908
174809
179298
165879
157743
159268
164008
156644
146730
155119
161188
154458
152010
159853
157922
148711
151861
151353
141634
137885
146524
152343
154330
155724
171092
154391
144454
136277
131684
134753
130421
131428
137090
143379
144937
145574
147855
153192
155629
155003
146508
148211
150662
141267
130661
134696
142431
141651
132718
142105
166768
156072
141406
134539
141296
159754
162165
157196
158186
160976
172824
173935
180931
177744
166883
159831
174215
183452
193120
200843
236973
239732
242952
226012
234271
226448
220668
210641
221752
209343
216155
223502
221727
209047
193824
185676
202974
197709
192194
177593
155293
139295
137872
139992
139711
147615
155287
151309
149906
145005
146246
141837
136732
132617
133217
129938
122498
122550
131990
140264
136530
129929
125776
126611
127093
126339
128536
128864
133554
140195
131026
125395
121590
128325
130355
127691
127581
128280
138402
135998
137529
139864
131655
129335
138408
140413
134409
132651
130583
136261
132227
132092
135407
135321
140575
140480
137039
134421
134962
138801
138620
147920
139093
129611
127604
127767
126408
126212
128183
140318
135852
131309
129754
133877
140333
141892
136178
126696
127640
135724
139931
132702
135300
128529
125151
124013
128191
130209
122875
122251
128258
127022
120578
118809
127078
126457
136357
138820
144630
145146
142480
139403
137234
134632
145566
147130
137501
140568
137363
132477
129615
129010
130621
132954
141054
148710
144832
147707
140073
147875
155009
149384
146111
140774
140718
132199
127940
130866
127476
124568
125375
128923
126199
120684
125994
126958
130076
127035
124924
125723
133325
1308.12
1612.83
11240.3
42539.4
56810.6
63411.2
69725.3
64516.4
63596.2
67592.1
79678
82630.6
86573.4
100303
100484
103143
96819.4
95811.7
104839
98746
100159
104867
101139
100407
104875
102088
100252
95197.6
92622.1
96082.8
96036.7
98613.9
96023.6
95597.9
99154.3
96461.3
98754.2
100163
100805
98564.7
99672.3
97436.2
97228.2
102624
97867.5
95155.7
99912.1
96174
96739.6
98705.4
99253.9
99694.9
97749.7
101720
101979
100058
101580
103620
101580
103662
101099
100853
100656
95717.8
95566.6
98006.9
101062
100615
102078
102185
101934
106588
103214
101860
100809
100131
101456
100617
103296
100662
99597.9
97774.9
101149
99573
100142
104637
101253
100414
103071
99199.3
100938
106292
104241
104362
110614
104691
104889
109937
104483
104557
105665
102733
104397
105452
106562
105962
103703
103467
106398
103432
101000
101004
104199
99817.1
99052.7
99325.9
98574.5
100852
101855
104053
104250
106028
104258
100292
98914.7
97368.3
95408.3
91918.3
90101
90687.2
93516.1
96600.4
99075.7
95952.2
95779.4
98266.9
100906
101285
101334
103482
104383
103365
106121
100734
98537
98306.9
96401.1
94733.2
93219.8
94212.4
93868.4
94225.2
93359.3
93399.1
92128.9
92823
96660.1
97858.5
100612
100659
96699.1
94827.8
94331.7
93115.7
91566.1
91893.8
96222
98279.7
101847
103867
98484.5
95779.4
95373.2
95690.9
95372.4
93127.6
93919.3
95061.7
96777.3
100765
102999
99990.8
98055.8
99416.7
101889
104835
104941
101843
100249
103008
103280
104956
101273
97826.9
97844.7
96644.6
94257.6
92691.4
94317.4
95791.5
98935.1
103260
102110
102547
104295
104844
105320
103883
103944
102368
101978
97971.7
95142.2
95040.4
95049.8
96856.6
98524.3
96864.4
96717.6
98214.1
97787.7
98365.8
102547
104287
102544
98635.6
96917.3
99209.6
98827.9
98172.3
99637.4
103597
102247
101523
98551.8
99343
98820.5
98564.8
98047.5
98318.9
98510
99840.1
100515
99222.4
99467.2
102181
104429
104547
102917
101518
102616
103962
106500
107975
105725
104141
104476
106664
105357
108002
105061
106598
102928
103932
103618
104773
109138
109473
109039
107885
105661
101548
100886
103336
104559
104757
106043
104850
106369
113180
115772
113645
112645
111520
106526
104932
105158
109422
112535
110105
106529
107915
110033
112675
113343
115402
111273
112630
117927
115970
108688
106618
110516
112879
118704
117136
123362
126657
122560
119584
117396
121520
125771
119059
117727
119959
124228
130600
127445
131233
124838
120378
125891
130518
129777
126752
125717
122047
123996
116284
111852
111609
111942
117197
118345
122424
119075
119639
123800
132042
142024
135780
137408
151134
165101
182535
191995
190233
188383
188581
182363
182035
181986
195555
191396
188178
184947
182301
179109
176543
168354
170097
178129
180722
176855
166488
166467
173254
179063
173375
161432
152869
149852
164153
168592
160294
149017
145961
152083
143346
141519
150148
155433
150871
157841
156622
154610
153198
159601
161043
160666
155675
166630
167765
155028
147115
148826
153896
147584
139650
146266
150775
146070
143798
148647
150259
146114
148360
146206
136845
134783
144681
145776
143748
146572
156064
141885
136987
128796
125461
124525
128334
130269
134971
139277
137824
141295
144580
147516
150099
152383
143769
145310
144672
134690
126674
130906
134927
132183
126887
137612
150451
144808
133272
130172
139583
155372
150109
145873
151731
156847
166669
165504
175018
172219
157922
152756
165034
175416
185154
195850
221175
232966
232855
231233
215164
227307
223767
206322
211732
202971
200151
204728
212065
190817
179271
176980
193479
202629
192387
166351
147395
134140
135646
136729
137648
138357
145723
147649
149892
144477
144781
138222
134377
129174
127380
123485
118408
119210
124832
134566
126073
124453
122052
124444
124998
118952
123088
125692
130902
133375
130531
123309
116743
124923
126746
121695
123474
126142
130824
127549
129060
130187
125764
124685
133879
131211
126858
129029
126960
131056
129590
127746
129999
130762
137051
134270
126208
127637
129827
135221
132774
137253
132434
124522
123313
123589
121257
119945
125100
137732
127938
123623
123518
125030
132699
136557
127109
120666
122940
127982
134095
125650
126700
123437
122100
119370
120723
121525
117383
116905
119656
119934
115296
114384
124181
121648
126541
136351
136229
134768
137767
136374
129185
126296
133862
136059
131557
132785
129543
126642
125627
124223
126584
129929
136560
138881
137016
143775
134362
139815
144009
141464
140805
133633
133879
127798
121978
125167
120899
119632
120263
122319
118347
115402
118807
124289
124097
120081
119437
124413
127757
1218.52
1670.93
12218.3
43064.4
57157.4
64484.6
72767.9
67391.2
64167.6
66872
79487.4
82431.1
85232
92432.6
96850.3
96825.5
93929.7
93790
98499
95907
95610.4
99311.9
97123.2
96937.2
97702.1
95193
95508.6
93080.8
91719.6
95673.2
94698.7
95685.1
92008.9
92402
97213.1
92505.6
93328
98296.6
96112.4
95172.2
99124.8
94044.7
94361.9
101247
94199.4
92384.6
97266.4
93574.8
93644.5
96732.6
96886.7
95309.3
94612.3
97991.7
97912
97947.5
100879
100018
98071.2
101107
98560.9
99971.8
98291.7
93840.8
94176.7
95377.6
97568.3
97386.5
99548.6
99686.9
99465
106167
99569
98486.1
96883.8
96128.9
96020.2
96879.7
98347.4
96151.5
94563
94857.1
96867.3
97783.9
96895.6
98941.3
97502.8
97157
98604.5
96326.1
98009.7
101568
100096
101593
108210
101216
101834
107357
100881
100984
102052
99035.1
100559
102718
103372
102789
101032
100569
100804
99313.6
98882.3
99034
98991.9
97011.5
95489.9
94538.3
95292.9
96583.3
97918.7
101447
101412
103759
103697
97738.9
95967.5
95321.1
92301.3
89499.8
87821.8
88375.2
91177.5
93994.6
96009.8
93054.7
93463.2
95922.7
96895.1
97965.5
98574.1
99903
100611
98865.3
98971.6
96940
95738.8
95275
92902.3
91335.1
90216
90848.8
91129.6
91714
90874.7
90778.9
89906.1
90649.8
92478.4
94339
95782.3
96794.9
93312.2
91292.5
90638.1
89977
88849.1
89418
95854.4
95418
97300
104572
95656.1
92867.2
93125.7
92086.6
92277.1
90239.5
91067.4
93005.5
94623.4
98587.5
99970.5
96895.4
95140.1
97561
99918.5
100346
100792
98687.9
96532.9
97544.9
100949
99611.8
98162.8
95733.9
94903.6
93741.9
91825.2
90917
94150.7
93680.9
95961.1
102283
98081.2
98419.8
102113
100968
104357
101221
101487
99979.6
97059.8
95364.6
92453.4
92083.4
92213.5
94070.1
94989.8
93569.7
92375.8
93237.8
94369.6
94832.2
98455.4
100422
96956.8
95421.4
94469.5
96232.6
96288.7
95104.2
96732.6
101064
98645.1
98646.4
96279.3
97695.4
97087.2
95219.1
94645.1
96147.9
96067.7
97755.9
98511.3
96547.9
96674.9
101223
101165
102712
101501
97672.4
97973
100578
102772
103931
102300
101238
101779
101054
100714
105023
100394
100901
100090
100723
100087
101669
105829
106813
103547
101837
101253
98317.1
98043.9
100078
99922.6
98890.4
98687.6
99727.6
102235
105517
108119
108562
106471
106928
101675
100372
102868
104839
105940
103658
102216
105017
105698
108885
107591
109577
105003
107424
112879
109281
104573
103517
107282
109182
114372
114117
121558
118698
115127
116077
112819
118096
120250
113380
112449
116571
120691
124308
124496
123637
120664
116553
119746
122621
120765
121837
121651
119514
120720
113304
110301
109594
109605
110740
114390
117339
113586
114143
118468
124010
138656
129638
130706
145957
157353
167081
174970
180024
181421
183497
175915
177845
183194
189737
189395
184069
180399
179461
177449
168383
161375
165595
167799
174379
165729
158727
161228
164657
169323
165215
153957
146684
146310
158712
157222
149168
142105
141332
142503
140091
138170
145781
148445
150103
148880
148113
153748
152248
156717
156977
152465
146719
151722
158451
146393
140049
143429
144826
140690
133800
141314
142928
138963
138157
142445
147705
140975
142578
133762
133632
132866
132912
132645
135586
139949
147964
134193
125975
122344
119868
117969
126771
130363
127226
128330
132501
139015
135364
136755
145961
146309
142109
144159
140289
129747
123429
127886
129247
125987
122480
134313
141285
135030
127050
125980
140445
147039
140933
138228
149197
154202
156579
152965
166226
166799
150627
147009
159571
167219
181412
195869
218855
221180
225654
213530
204498
212978
210674
206888
207535
192371
192359
197112
210092
180183
171485
171087
188395
189634
179462
159041
141357
131040
135387
133963
135510
132015
135632
139085
147876
143425
138493
133948
133059
127146
123355
118748
115490
116588
119697
123690
119004
121191
119279
122739
118449
112404
117989
123431
128483
123594
128454
122185
113174
119632
119331
115375
117634
125080
124267
122153
124026
124752
121070
121419
125792
122891
119543
124044
124464
128194
128052
122203
123941
124342
130975
125083
118437
122416
126014
132422
128035
130582
128074
120575
120398
121025
117484
115743
118726
130838
120824
117232
118907
117042
122252
128082
119355
115524
118981
121949
130068
119604
117264
118183
120227
115186
114837
114735
112823
112698
113848
114637
110507
110159
116392
117314
120792
126795
125987
125985
127995
126675
123313
120837
127241
130213
126672
125807
123186
121831
122469
120079
123759
128250
129818
131886
131635
135446
129689
133459
135573
134933
137077
129577
128327
124144
117360
117997
115179
115498
115877
117059
112053
110980
114865
118239
118150
115872
115491
121236
123129
1123.65
1801.78
11563.6
38810.4
54986.2
66306.7
74041.5
71265.5
68095.4
68845.6
75946.6
77744.9
85608
88550.1
91903.6
93918.7
89361.2
92397.5
95034
92344
91032.8
97603.4
93780.3
96201.6
94789.6
91009.7
90254.4
92462.8
91709
92941.2
93495.5
90550.4
88804.6
90117.1
92726.8
89822.1
90361.5
92615.4
92352.6
92670.3
97102.4
91249.8
91560.1
96963.7
91065.4
89690.6
93018.4
91597.7
91376.5
92435.3
95105.8
92030.1
91184.5
97852.3
94143.2
95377.6
101561
96977.5
95222
99826.8
95311.6
96058.3
96851.6
91910.3
91938.9
93865.6
95856.9
95330
96927.1
97741.5
96534
98472.7
95843.1
95694.4
93755
92832.2
91753.9
93968.9
93478.1
92436.8
91409
91971.1
94184.9
95398
94263.4
94986.8
94493.6
94550.5
94758.6
93678.9
95165.5
96156.4
96783.1
99315.5
102201
98172.8
98986.5
100413
97763.6
98536.3
98786.4
96367.9
97653.8
97874.2
99060.2
98556.1
96996.3
98757.3
96706.2
96769.1
97885.8
97043.3
95268.9
93148.3
92243.8
91448.3
91859
93395.1
94778.4
101126
98433.6
99038.9
101186
95622.1
93725.1
91902.4
90060
87532.1
86047.3
86824.9
88702
91647.2
94424.1
90510.6
90307.9
94498
94293.3
94644.7
96053.6
97894.5
98035.6
95283
95118.9
93412.6
92147.5
94077.7
89951.9
88240.1
88279.5
89462.8
89187.5
89424.8
88768.4
87849.3
87782.3
88606.3
89237.3
90411
90681
90246.8
89658.5
88263.9
88163.2
87709.9
86647.4
87393.4
93481.9
93078.3
93612.9
96934.8
92880
90635.8
90744.7
89741.4
89047.9
87796.7
89059.6
92889.7
92783.8
95609.1
98507.8
94692.5
92932.6
96429.6
97182
96439.6
96980.9
95965.5
93918.1
94451.9
96918.1
96414.7
93967.7
94491.9
93331.3
91532.3
89944.2
89956.1
92845
92118.3
93348.4
97248.7
94796
95264
98250.1
96624.5
97680.6
98703
96735.3
95059.9
93823.3
92699
90179.9
90504.9
90171.3
92191.5
91436.3
89696.3
89600.1
90583.4
91849.7
92046
95604.4
96084.6
93787.4
93497.6
92679.2
95407.6
94424.5
92955.2
94710
96592.7
95251.1
97126
93844.9
95153.2
96674.9
92899.2
92169.5
96541
93958.5
94998.6
98947.3
94539
94286.5
99747.4
99267.6
99016.1
97773.3
94763
94653.8
97020.7
98340.6
101250
100141
99217.3
99738
97440.3
97316.9
104338
97282.4
97399
97842.4
96152.2
97196.9
99845.4
100987
101528
100476
97916.4
96257.2
95209
95346.2
96717.3
95758.6
94373.5
94501.7
95699.6
99359.7
101299
104097
103986
101480
99848.6
98053.4
96866.8
100135
102027
101729
99561.2
98096.6
100582
102872
106865
103217
102052
100262
102428
107149
103347
100346
100825
104537
105945
110142
109780
117714
112569
109875
114523
108974
111965
117021
108985
108061
111800
115365
121261
116248
114831
115563
113593
115963
116603
113240
114031
113721
111710
112589
111379
109713
108421
108050
106223
108980
114353
109178
109868
114670
117679
127399
124372
126192
140052
151678
159058
165719
171138
178185
172761
168789
173844
185632
182805
179977
177577
178858
170921
169978
162752
156880
163455
161591
162243
158116
153600
158324
158761
161966
150375
142581
138683
144073
150847
149322
141116
137495
137730
136968
138568
135999
142540
144084
145245
143364
143469
152317
153295
146908
147092
145521
138362
142266
144940
139372
134856
138859
136952
135435
128620
137527
136507
133145
135021
139147
138683
137072
130785
125402
131465
132880
124252
121174
130464
134795
143910
127495
117994
116176
114189
113538
117990
123868
121097
120116
129220
135543
128700
129296
136162
135426
138069
136249
128892
126403
120562
125761
123432
120787
118868
130813
133066
124689
122899
123270
133544
139743
133330
132843
141998
150898
146436
144187
154824
156281
144907
142402
155215
159850
172583
184050
210591
217398
228644
206337
198422
201175
204384
199902
190117
185207
189621
194522
187945
174850
167959
166376
184956
182391
173444
152565
136748
128552
128117
129332
129667
128870
129351
133558
143914
137089
132830
127046
130134
126964
120289
115881
113434
114661
115664
115587
113635
119851
113830
118336
113010
108711
110183
114745
120408
117972
120742
114667
110386
116141
113177
110929
112913
117949
119337
117992
120522
119743
117790
119113
121456
116573
114665
117776
121934
127438
122200
116075
118993
120369
124647
118254
112913
115065
121511
126740
119988
120775
123076
117191
118543
117670
112547
113022
114468
121953
114151
111693
115238
111295
114360
122448
112608
111075
115915
116372
119395
114383
111635
115162
114933
110923
110470
109602
109080
109616
109427
110692
106734
106834
112424
112768
116056
120664
118956
119896
121997
120302
118487
116544
122106
125179
121316
120830
118312
118078
116036
114940
120645
123440
125267
126887
127891
130158
124725
127983
128635
129392
127244
126573
123786
120701
113834
111559
110500
111820
111993
111724
106756
107295
111381
114067
113483
112369
112657
117446
120030
1054.72
1333.31
8532.73
33758.8
51089.7
66305.6
78568.2
70972.6
73376.4
72766.6
73912.5
76336.3
81661
87723.7
89411.4
93971.2
87284.5
88765.7
95114.1
89331
87827.8
99195.8
90067.7
91170.4
93657.2
88334.5
87847.6
90668.7
89257.6
90588
91352.1
88029
87237.2
88643.7
89497.6
87615.5
88042.3
89073.9
89535.8
90860.4
92068.4
88762.7
88765.1
90453.7
88120
87669
89522.3
89323.5
90066.4
89811.3
91874.1
89075.5
88794.3
93974.9
91211.8
93391.4
100889
93953.3
92965.9
97604.1
92323.1
92070.7
94916.1
90266.4
89345.8
93511.9
94099.9
94500.7
96192.1
93636.6
91921.6
93249.3
92897.6
92645.4
91170.6
88707.1
88828.3
90063.4
89808.2
89212.5
89031.9
90038.1
92321.1
92490.5
91801.6
92625.3
92467.4
92840.4
92090
91199.7
92750.6
93676.9
94421.6
97387.3
98084.8
95536.3
96404.5
96183.4
95209.7
96775.5
95446.3
93651.1
94438.2
95310.6
96496.5
95624.3
94175.7
93622.1
93916.5
94670.2
93611.1
93807.6
92540.6
90153.3
89584.9
89433.3
89475.7
91338.1
92051.7
96663
96354.8
95469.9
95629.9
94019.1
91469.8
90294.1
89036.1
86355.4
85107.5
86250.7
86827.8
89037.1
94761.2
88310.4
87373.8
90483.4
91529
91060.1
91594.6
96036.9
94259.7
91279.2
91850
90239.5
89189.7
92221.3
87390.6
85462
86558.9
90027.4
86575.6
87427.2
87133.9
85304.5
86443
86371
85968.7
87023.1
86568.1
86577.2
86028.2
86025.9
86218.7
85381.1
85373.7
86016.5
89328.4
90922.9
90533.5
91728.3
90541.3
89046.7
89018.3
87729.6
86696.1
86179.6
87606.8
93725.6
91446.8
92810.5
95613.9
93105.4
91504.7
94133
95447.8
93867.6
93019.7
93460.7
91960.9
92600.5
94567.6
95158.1
92359.3
92441.7
93147.1
90281.6
89046.5
89424.3
89859.1
90508.7
90770.3
92348.2
92031.1
92514.1
94594.1
93382.8
93391.6
93656.7
93846.7
92453.7
91864.7
90282.8
89140.4
88292.3
88083.4
91409.9
88880
86662.7
86301.9
88291.3
90128.2
89242.5
91799.5
93361.2
90837.5
93542.8
90625.8
92096.8
92353.8
91782.6
94266.6
92865.7
92227.2
96819.1
91741.2
92207.5
96434.4
91112.7
90369
95318.4
92282.4
92640.7
97820.5
92983.2
92096.8
95174.2
98462.4
95027.1
94314.3
92311.3
92147.5
94606.2
95139.3
98131.2
95882
95789.3
99638.7
94310.1
94123.9
99124.7
94560.9
94387.6
93322
92743.5
94423
98213.1
98107.5
98607.5
98229.1
94976.4
94239.4
92055.4
92016.1
95334.5
92280.2
90748.7
91380.3
93706.7
97377.7
98606.2
101627
100738
97664.5
95355.2
94764.7
94110.9
96273.2
98735.4
98170.8
95207.3
95166.4
97049.9
101282
100389
99646.6
98241.5
96910.3
98139.8
100779
99256
97823.3
99000.4
102116
102463
105563
106301
115541
106998
105332
111319
105994
107308
113560
105341
104702
108408
110767
118393
111318
109749
112232
110695
113194
110768
108544
109243
108090
106354
108287
111238
110612
105597
103273
103110
104862
112972
105719
106408
111572
112954
118946
120648
122813
135599
143807
152185
158327
160235
164635
165055
161794
173361
177145
178835
174995
171110
174992
166601
162345
159632
153857
162445
157143
154243
153735
150343
156750
155003
149012
139898
133995
131305
136255
139517
136262
135833
134874
135447
133117
137300
134675
138464
138880
137195
139790
140515
147396
145011
138993
135409
134430
131521
136633
137815
134676
130798
134772
131190
130782
123795
128945
127083
129286
133756
135491
129040
125335
121962
119134
123443
122761
116569
114319
127029
127816
132268
121915
112169
111722
109381
109718
113156
116696
115705
115077
124587
127156
123235
124036
130810
129147
128203
124374
121096
123359
118538
115832
113258
113993
115388
124484
122534
118301
120565
120980
129514
134195
127629
129040
138518
144336
138545
137170
147967
149987
141020
139349
150928
155171
163415
175408
194191
214758
209353
203799
198212
195745
200641
184455
182747
181724
180671
178636
178973
171190
159867
157308
170551
177913
168090
148491
133883
128699
122839
123981
125780
122052
125039
128840
141700
131748
130023
122215
122806
119802
114348
114046
112115
112383
112871
109626
109729
117881
110217
112875
107881
104880
105393
108152
114464
112751
116290
110970
107258
113539
108092
107227
109077
113486
115607
115139
114986
113354
115909
118034
117777
111639
110988
114131
116040
125060
116439
111538
116162
117377
120202
112194
108861
110844
114475
120957
114176
113557
117895
113858
116780
113497
109201
111238
110649
115919
108260
106392
108033
106549
108348
112379
106837
107273
113204
111940
113065
109640
107431
110004
110713
107711
107424
105907
106204
107335
106168
107216
103293
103954
109917
109820
109913
113117
112750
114906
117493
114975
114456
113320
118484
117362
113650
115434
114300
115742
112076
110539
115599
118584
120518
123788
125817
122069
116392
118939
122902
124094
120067
119284
116368
113338
110444
107622
107181
107825
107991
104516
102277
104189
108514
110680
109891
109625
109729
114203
118024
969.04
1251.45
6098.65
28939.2
48021.2
64048.5
84700.1
70964.6
74080.1
80487.5
73875.9
74432.3
79579.1
82567
87754.5
88587.4
86245.3
85385.4
88439.3
85920.1
85043.2
93120.1
86609.8
87900.4
89301.5
85894.9
86460.4
87845.8
86887.5
89191.5
86074.3
86451.3
86348.9
87820.4
88248.2
85777.7
85782.6
87820.9
87683.4
89404.6
89367.7
87131.6
86743.3
88396.3
86118.4
86412.2
88356.5
86580.9
86165.2
87880
89114.8
86810.1
86828.9
88780.5
88640.9
90580.4
93512.6
90983
90868.9
91583.5
89584.7
88665.1
89506.3
88746.1
87849.7
90609.7
91667.5
91793.7
96430.1
91259.7
89371.9
91258.5
90209.3
89824.6
89285.7
85761
85237.8
86297.7
86659.7
86859.4
86865.5
87983.3
89187.4
89454.2
89797.2
91159.3
90065.1
91000.2
89721
89070
92098.4
91943.3
92556.2
96338.2
94963.2
92856.2
94864.5
93233
93053.7
96353.3
93071.6
91488.2
92965.2
93522.8
93412
93835.6
90803.5
90481.6
92144.9
90876.9
90187.1
91082.2
89385.5
87843.9
87734.8
87892
88193.4
89790.7
90135.5
93230.8
94594.2
92808.7
92590.5
92206.3
89987.8
89933.7
89012.9
85790.8
84761.8
85643.2
85440.5
86238.9
88168.7
85724.4
84922.9
86538
89411.2
88896.3
88325.9
90481.3
91497.3
87990
88011.7
87623
86442.7
87578.2
84964
83463.8
84748.8
87686.3
84719.5
84860.4
85298.6
83638
83185.8
83245.7
83417.5
83672.8
83658.5
84172.6
83193.8
84477.3
84736.9
83937.9
85135.7
85389
87505.4
88276.3
87791.8
89384.7
88509.1
87901
88588.1
86257.1
84992
85527
86864.8
90387.4
90186
90777.2
91149.8
91795.3
90695.2
91727.1
94388.4
91385.6
90789.9
92460.4
90823.9
91960
94339.4
92201
91794.3
92455.2
90505.2
89964.3
89126.8
87528.8
87978.3
88825.7
88113
89627.5
90366.7
90566.1
92093.7
90426.3
90183.2
91358.4
90395.3
90529.1
90957.1
88347.7
88036.6
87294.3
86547.1
90598.2
87502
84553.1
84081.4
86349.8
89988.4
86475.6
87569.3
91115.4
87965.5
87753.4
88455.3
89412.9
89457.3
88418.1
90203.4
89949
89027.8
93587.2
89879
89287.2
92984.7
89423.4
88532.4
92448
90790.9
90337.1
92690.3
91544.5
90655.1
92955.3
94858
92685.6
91304.7
90408.1
90226.8
91453.6
92190
93943.3
92227.1
93157.3
94421.5
91400.5
91545.8
93532.3
92043.3
90413
89037.1
90547.6
92698
92518.2
95964.5
96965.3
93851
91882.5
93946.2
89538.7
89358.3
93400.7
89430.5
87863.1
88629.4
92353.2
95737.2
96762.9
100197
97760.8
94600.6
92512.6
91195.7
91924.5
93359.7
94851.6
94671.9
92801.2
92618
94445.2
96865.7
96581.5
95929.5
95278.8
94514.7
95143.4
96775.6
96275.8
95507.4
97521.6
98572.6
99817.5
102741
102709
106731
101876
101214
106256
103586
103374
105975
102005
101785
105602
106166
109710
106901
105668
111370
106643
107461
107122
104789
104943
102857
102329
105501
106174
107123
102386
100355
100882
101244
108113
102428
103991
109050
109470
114349
118116
120861
129464
133570
139196
144728
153713
153316
157885
157036
173973
173350
174657
173244
167784
164374
164257
157304
156168
151991
154109
151859
149965
151090
148456
148574
144247
139981
131001
127556
126429
128575
130889
129504
133720
133975
133217
129524
129310
134777
131549
130735
132357
137721
139094
144760
138735
131580
127217
126420
125822
132421
132883
131024
127766
128049
125356
120326
119327
118952
117931
125487
125724
123576
122176
118447
114845
113469
119000
116084
109729
108781
119149
119098
117964
115856
107306
105740
104829
106753
109382
110619
111371
111175
119935
121631
119148
120432
127123
123657
121622
115935
114680
114860
117345
109403
107479
107160
109525
121101
114421
112710
118020
118943
126239
122373
123151
126191
135867
140217
132307
131390
138334
137523
138399
138035
145290
151551
158455
168991
183922
194875
199612
202654
193385
193302
181739
177689
178856
178585
171018
169349
172770
160658
151663
150159
164654
164821
158235
144385
132046
131429
120129
120109
122206
116560
118981
120148
128564
128680
128867
118256
118132
113897
110083
110075
111562
111957
110121
105515
106871
114239
107332
109135
103531
101568
101920
102209
109414
108735
106647
102613
102866
106431
103404
104242
106009
109946
112149
113427
109615
108808
114853
117629
113583
107660
108076
111621
111687
115390
110737
107560
110310
110796
113059
106645
105461
106788
109174
117335
109256
108574
116803
109807
112439
110109
106547
107423
105916
107013
102695
101864
102932
102675
103644
103799
102065
104196
108145
108059
108761
105569
104431
107014
108352
105626
104186
103586
104247
105168
103250
102317
100482
102037
105136
107114
106600
107254
108181
111406
113785
110046
110137
110397
115752
111621
108676
110254
109834
114611
109080
107454
112391
115514
115866
117639
120025
116959
110459
112058
116956
115756
114191
110904
109638
108057
104263
104052
104557
104390
104747
100920
99105.7
101761
106006
106914
107249
107709
106966
109585
116467
855.532
1134.45
6442.3
28210.6
47146.8
61555
80815.1
70263
72553.4
82354.8
72498.4
71888.8
77557.3
79546.7
85045.7
83773.3
83467.2
84078.4
82061.5
82968.2
81899.2
85047.2
83391
84912.8
84961.6
84123.5
85853.1
86288.7
85429.4
84634.4
84191.3
87283.7
84288.2
86010.1
88269.4
84267.6
84305.6
89009.9
86487
87898
88428.4
85310.8
85306.7
89524.5
84282.9
84650.4
89714
84891
83531
84712.6
86003.8
85406
85575.2
86112.3
86131
87599
89468.8
88570.4
88910.9
89326.3
87096.9
86018.2
87360.8
86929.7
86883
88877.3
90192.5
89327.4
91188.4
88985.3
87405.1
89545.4
87516.4
86623.2
85563.9
83244.4
83532.8
83758.8
84851.7
84966.8
85078.6
85910.6
87990.6
87598.4
88405.7
88804.9
88383.2
89766.5
87108.9
87393.3
93783
89583.4
90909.8
96772
91536.4
90358.6
94289.1
90118.6
90992.1
95564.4
90875.8
90190.9
93111.4
90704.4
90869.5
92339.3
88405
87836.5
89040.3
88147.2
87522.2
87993
87426.5
86258.5
86379.3
86435.4
87247
88973
89123.9
91760.6
93232.3
90782.2
90606.7
91842.3
88443.6
88501.2
91043.2
85229.7
83272.7
83897.2
83799.3
83804
84185
83248.4
83149.6
84174.5
85466.2
86092.5
85665.6
86833.1
87025.6
85333.2
85247.9
85839.1
84088.3
83311.7
82820.1
82023.6
83364.9
85152.5
83304.8
82592.9
82792.9
82644.3
81941.5
81521.7
81474.2
81105.7
81385.7
81078.4
81756.5
83352.2
82903.9
82757.6
86402.8
85220.6
87076.7
85953.7
85447.6
88280.3
86514.2
86826.4
90548.4
85402.9
84118.8
86577.8
86654.4
87886.3
89543.8
88218.3
88393.1
92504.3
89126.3
89944.5
95938.2
89631.9
89084.8
94481.5
89887.6
90561.2
96657.4
90486.2
89689.1
94118.5
88851.5
87837.6
90173
86383.7
85604.9
85555.9
86219.6
87883
87589.8
88684.6
91521.9
87922
87653.9
91652.8
88117.3
88366.6
91633
86673.4
85708.7
86508.3
84854.9
86906.9
86499.3
83133.9
82282.4
84897.9
86556.6
83957.1
83965.9
84751.1
84580.2
83506.9
84339.8
86129.9
86482
85641.3
87058.8
86950.6
86445.9
88170.6
87672.5
86614.1
88141.2
87747.6
87090.1
89160.3
89206.7
88375.1
89518.8
90460.3
89641
92173.2
94088.9
90683
89160.9
89113.9
88888.2
89359.6
90269.5
91388.5
89847.9
90291.3
90462.7
89127.9
89523.9
90181.3
89852.9
87405
86542
88657.4
91468.3
89498.6
91490.3
96379.2
90995.8
89433.7
93935.2
87576.8
86661.9
89216.7
87315.9
85825.5
86588
91705.6
93700.6
94801.8
99921.5
95010.2
92073.3
90869.8
89428
90053
91321.9
91720.5
92447.3
90763.7
91171.1
92289
94184.3
94031.4
93311.7
93797
92890.1
93292.7
94306.2
94511.5
94486.1
95055.8
96796.7
97990.3
97744.9
98088.1
99275.4
97847.2
98209.3
101248
101545
100210
101485
99487.3
99004.2
102383
102260
103883
103472
102339
105111
104097
104037
104211
101212
100552
99455.4
99594.5
103583
103274
103273
99545.7
97865.7
99189.2
98262.9
101044
99504.7
102286
107122
106695
110497
114127
121149
125425
127420
131074
136253
147332
146150
146890
155359
163433
169919
164743
162315
165447
159417
156338
153776
147594
151516
148554
145228
148046
144199
146886
142922
136687
130672
123805
122780
122385
122913
124470
125282
130178
133808
127639
122592
123824
127586
126703
125869
130076
129703
137688
136202
130188
122941
121099
121277
121342
124030
126461
125706
125585
120957
117386
113677
113286
111541
111680
117024
120429
115999
114218
112465
109203
108505
115154
110319
103556
103758
113918
112569
109542
106646
103308
101172
100869
104214
106538
105649
107394
107700
116661
116361
116592
118269
122110
115630
111809
108541
108841
109459
107557
103342
102473
102291
104083
112775
106106
107903
110492
113907
119268
115345
118611
123944
128036
129532
127949
126892
127714
129992
135539
137367
141034
150003
149739
156989
166845
180279
195764
189229
184470
182145
173300
174879
172236
169636
167138
164222
159853
150456
146225
146712
162955
157855
154498
140224
130582
126625
118533
118352
117599
111873
110179
112079
121907
127255
124517
115906
114659
108578
107492
106255
108921
112298
105017
102524
105380
108101
105617
106798
99817.9
98966.7
99475.4
97741.9
100803
106877
100727
96758.6
96825.8
99403.9
100082
102051
103174
105914
107599
109180
105843
105116
111051
112811
110225
104928
106062
110285
108475
109423
105608
104841
106507
107324
105580
102277
102718
103900
104137
108340
104783
103939
112223
107172
108582
107381
104720
105032
101479
100036
98652.6
98590.7
98905
99181.3
99751.1
99429.3
98893.9
101770
103641
103069
103860
101692
101875
105060
105735
102114
101013
102529
103011
100755
98227.6
99432.7
98599.6
100751
102534
102604
104203
104690
105423
108476
107597
105146
106403
105897
112033
106419
104229
106855
106064
111077
106836
104721
109352
111823
111950
109872
110368
109883
105431
107337
111308
109670
108076
105594
104842
104685
99574.5
99312.4
102094
100831
102140
98052.4
96719.9
100246
100067
100150
105423
105663
103320
104003
110659
742.589
1245.47
10811.7
32620.1
48066.1
59166.4
71676.6
68379.4
68444.8
69353.3
68647.6
69699.1
73303.4
75245.7
79051.5
78931
78991.1
80949.7
79411.9
77567.8
79144.4
80528.8
80414.3
82293.3
83755.7
83072.1
85281.2
85677.8
83574.4
82493.8
83854.2
84131.4
82654.2
83961.8
84712.1
82919.6
83445.7
87729.4
85256.5
85968
87549.9
83197.6
84220.2
88508.2
82467.6
82793.6
86564
83618.3
81833.9
82972
85971.1
84981.6
85367.6
84794.8
84128.5
86248.1
88786.1
86078.2
86868.6
89358.5
84859.7
84012.2
87958.7
85043.9
85172.8
87836.8
88118.3
87135.8
88300.5
87022.1
85884.1
86796.4
85665.3
84596.8
82975.3
81791.1
82653.2
82289
83918.5
84070.9
83936
83975.5
87956.5
85526.9
84745.8
85765.6
85990.8
85004.3
84449.5
85798.7
89234.9
87291.9
89045.6
90146.6
88397.7
88141.2
88840.5
87710
88490.8
89558.3
88589.3
89061.5
89416.1
88676.7
88471.6
87897.5
86481.4
85911.8
86497.6
86032.6
85022.3
85773.1
86451.3
85183
86351.5
85474.5
86213.6
89162.3
88090.9
90293.7
95051.4
88962.8
88283.6
92635.3
87187.2
86307.5
88633.6
84226.6
82167
82206.4
82305.9
81948.8
82053.6
81619.8
81796.9
82470
83020.9
83796.2
83413.6
83990.9
83656.1
83086.1
83463.7
83371.3
82074.7
81552.9
81768.1
81279.1
82310.9
83260
81880.9
81165.1
81675.2
81109.2
81629.2
80532
79973.1
79648.6
79934.7
79209.4
79672.2
80942.6
80922.6
81871
86473.2
83486.6
84978.7
83757.1
83659
86660.6
84700.4
85826.9
90477
84607.5
83678.6
86563.3
85150.2
86018.9
88927
86316.9
86654.1
91690.2
87831.6
87767.5
91466.6
87657.9
87305.3
92294.9
89088.3
88764.7
91931.6
88761
87828.6
91971.3
87677
85863
86920
85405.3
83681.5
83822.3
86028.6
87472.5
85084.2
86965.1
90139.5
85549.5
84962.7
88646.6
86058.5
86588.3
90160.3
84974.5
84114.5
84546.5
83474.6
84383.6
83873.4
81805.7
80975.9
83094.4
82974.2
81620.7
81045.9
80687.9
80154.9
80536.4
81342.3
83213.8
84232
83339.4
83930.6
83922.7
84198.4
84931.9
84727.3
84314
85425.7
86002.4
85791.7
87267.9
87500.8
86644.8
87857.3
90719.5
88609.2
90642.2
95677.7
89085.7
87590.9
89909
87037.2
88288.7
89237.6
88993.2
87666.3
88016.8
88180
87295.8
87533.8
87721
87894.1
85539.8
84613.5
86533.8
88605.3
87018
88605.6
92160.3
87955
86942.8
90227.4
85931.7
84141.8
85250.3
85557.7
84064
85325.2
93131.8
91203.7
93014.1
100073
92627.3
90143.8
88893.2
87968
88826.3
89465.4
90047
89992.6
89397.2
89310.2
91009.4
92189.8
91114.1
91601.8
93677.8
90617.2
91763.3
92794
92254.8
94627.8
94227.4
96189.9
97726.3
94712
93774.9
95954.9
95345.6
96318.2
98153.2
97763.7
96770
99190.6
97290.8
96921.3
99901.9
98223.7
98730.6
101803
100098
101857
100569
102190
101184
97418.8
98868.3
97384.1
97543.6
101715
100876
100586
96766.3
95953.1
98265.6
95968
97212.1
97130.7
100582
104298
103126
107101
110345
116206
123664
123687
126555
131160
136610
137575
140739
149254
156689
159296
160078
155782
153423
155830
148243
144593
142282
142472
144076
141064
143762
138931
137053
137373
131072
124399
118773
116947
118137
117859
120062
123026
126781
127605
120498
116690
120188
122769
123383
122693
127865
125602
129444
128957
122767
118399
116959
117880
118079
119510
120504
120933
118643
114463
110622
108947
105139
105352
106252
111630
110743
107436
107323
106197
104309
104399
107976
102704
96961.6
99186.5
106257
106748
102979
100012
100070
98147.4
98165
101146
103982
100732
101273
104290
110128
109612
114018
118049
116396
110545
105513
102854
103112
103139
101805
97997.5
97888.3
97857.5
98492
100558
99307.7
103250
105958
108515
109962
109975
113410
117872
121588
125409
126053
122032
121135
124884
131238
135235
140253
141393
141756
147452
156266
172092
188204
180583
180762
171962
167844
172697
164790
163818
165860
154372
149366
144107
143408
146616
153236
154544
146685
138353
130724
123683
118537
118103
114014
108404
105181
106885
118911
119746
119408
112029
107746
105985
106328
103701
105637
107677
102863
101299
105207
105315
101966
99989.1
97292.7
97079.6
97584
94799.8
95945
97547.6
95010
92164
93633.7
96536.7
98307.8
99538.3
98904.6
100643
102057
101815
102102
101650
108316
107871
106900
102762
104668
106778
102883
102027
102242
103906
104892
103870
101489
98841.5
99716.9
101567
100311
102016
100799
100354
105594
104748
105456
105124
103586
102650
98019.4
96427.8
95733.4
96084.3
95311.2
94766.9
94973
96472.5
96637.2
100502
100352
99482.3
99764.3
99124.6
99069.3
104222
103153
99647.6
99152.8
98787.4
99720.7
97266.9
95236
97922.6
97271.8
100524
100067
99572.6
103550
103114
103468
106082
103336
101506
102364
102045
109874
101910
100478
104768
102916
104229
105127
102634
103265
105768
107137
104640
104351
103162
101184
103351
107166
104697
102191
101404
100349
100882
96369.2
96321.8
99693.8
97994.9
96672.6
95356.5
94604.2
98463.5
96232.5
96172.1
99576.3
99797.9
100050
99723.1
106648
624.241
1808.09
17920.1
36470.7
47834.3
56481.6
64118.7
64673.8
63490.6
64052.6
65594.1
66945.6
69384.8
70741.4
73435.2
75670.3
76489.5
77119.9
77470.3
75416.2
77196.7
77576.1
78085.2
81636
84341.5
82389.8
84558
85389.3
82488.4
81542.1
83015.6
83091.4
82156.3
82068.4
83834.2
82870.1
82943.7
84046.2
84514.2
84566.6
82665
81414.9
83593.7
83738.3
80692.2
80914.4
82384.4
82013.7
80979
82519.8
88736.1
83910.3
84306.7
83441.7
82598.7
85805.8
85374
83992.3
84850.5
85481.8
82281.8
81928.9
85364.5
83537.4
83780
87087.2
85920.1
85467.4
87782.2
85480.9
84481.9
85363.5
83761.1
82560.9
81641.1
80841.6
81724.1
81173
82709.1
84212
83345.1
82507.1
84421.3
83962.8
82551.4
82899.2
82873.5
82559
82744.2
84330.5
85659.7
85355.2
87007.7
87006
86215.2
86477.5
86294.4
85442
85832.4
86733.7
87070.3
87531
87878.2
87153.7
85636.2
86182.8
84891.4
84430.5
85590.4
83882.1
82690.1
83910
84973.2
83804.2
87495.5
85001.2
85163.7
90923.9
87065.7
87241.8
90249.5
86823.2
86098.2
89788.5
86032.3
84199.6
84088.5
82695.8
81243.5
81578.8
81553.6
80686.1
80625.4
80807.3
80858.1
82078
81741.9
81734.8
81611.5
81951.7
82262.8
81838
82987.3
82862.3
80725.1
80553
81919.7
80792.9
81669.7
83219.4
80949.7
80248.7
80814
80795.9
81475.4
80073.5
79243.9
79108.3
78728.5
78281.8
79285.5
79769.6
80048
81380.5
82858.4
82024.4
83139.9
81949.9
81840.8
83099.1
83238.1
84446.9
85842
83570.8
83232.7
84150.8
84017.7
84242.7
85304.8
84820.1
85121.6
87602.4
86369.1
85462.8
86565.9
85756.1
85828.4
88465
87828.5
86925.1
88215.6
86987.2
86276.5
87983.8
86192.4
84284.1
84494.8
83500.1
82349.3
82976.2
85125.7
84128.9
83433
84981
85095
83069.1
82839.3
84248.2
84217.5
84546.7
85301.2
83316.9
82949
82863.5
82189.1
82786.3
82390.2
80910.3
80333.7
80741.1
80683.5
79941.3
78455.2
77591.2
77519.6
78323
79273.5
80641.8
82056.4
81402.7
81746.5
81844.3
81981.9
82902.6
82434.2
82159
83623.6
85215.6
84706.6
86205.7
86677.8
85240.8
86022.5
91957.8
87349.7
88333
91795.2
87401.5
86208
89334.2
86060.8
86201.4
89248.4
86875.3
85765.6
87075.2
86371.3
85654.3
86062.8
86648.9
86549.7
84359.5
83300.7
84677.9
85309.7
84523.9
85594.6
86184.6
85325.2
84621.4
85850.6
84587.1
82060.6
82607.4
83792.9
82704
84397.3
89054.1
88513.5
90688.8
92591.2
90212.9
88823
87329.2
86967.6
87971.7
88262.3
89426.4
89415.9
87992
88743.4
89102.3
89479.6
88970.8
90040.7
93067.8
89193
90844
91547.2
90788
95730.4
92609.1
94168.1
97932
92470
91328.5
95046
93886.1
95276.8
96507.9
94898.2
94248.6
98673.9
94264.8
94322.9
98561.5
94904.9
95083
101275
96238
96853.6
98402.7
100734
95866.4
94243.6
98570
94555.3
95022.2
100295
98433.6
95859.1
95259.6
94637
95879.6
93181.6
95179.2
94917.7
98106.2
102614
100503
102294
107639
113797
117876
119553
122928
127794
129057
130087
137695
140990
152394
153936
154139
151118
146011
145375
141219
137388
138186
137301
141151
138403
136623
135028
131612
125839
120785
119172
114587
112523
112134
113210
116936
122093
124221
122411
114470
111802
117058
120198
121282
120591
121531
122355
123425
122575
117769
114958
113493
112919
115103
116807
116436
118173
114491
109181
105077
102025
100554
100712
101858
105521
104448
101584
103211
101298
99895.4
101231
103513
97208.1
92986
95062.3
99852.9
99272.5
96405.9
96258.4
97279.8
96072.8
96309
98604.4
98211.3
96013.4
96909.7
99767.2
103762
104850
108949
112415
111529
107081
100856
98753.1
97785.2
96654.5
95015
93574.4
94086.3
94037.1
92974
93084.7
93810.9
96923.2
101149
103300
102645
105119
109441
113755
117004
123990
118654
119250
116440
121684
127776
132491
135733
134697
137145
142703
150325
171032
175159
176273
170893
166304
165499
167572
161394
159943
154209
147560
144587
140120
142231
143259
147529
146195
140836
137248
129771
123849
119899
114983
112245
105606
101720
103311
111869
115450
117197
107163
103782
104768
104927
101134
103345
103436
101864
101077
103286
104154
98772
96160.1
95810.3
95284.7
94443.1
92021.8
91993.4
90343.5
89274.9
88519.5
92372.1
96019.9
97268
97275
95859.9
96933
97841.4
97162.2
98964.5
98731.4
102727
102561
104454
100767
102587
105211
99288.2
97689.4
100772
99736.1
98902.7
98174.8
98166.6
96225.6
97368
98911.3
97161.8
97789.7
97129.7
97691.6
102597
102874
102330
101591
98185.7
96630.6
94835.5
93662.3
93526.9
94077
93033
91529.2
91610
94981.8
94212.4
96499.9
97609.8
97040.3
97161.6
97850.8
97030
100493
99391.3
97918.3
97984.1
96380.3
97314.2
94120.5
92592.9
95428.6
94651.3
100683
97410.2
97101.8
103179
99430.3
100474
106421
99990.3
98468.8
99309.3
98399.1
101409
97519.4
96837.2
100768
100496
101132
100346
100959
100049
102560
103770
100700
99736.3
98830.8
97834.2
99885.5
102466
100317
97992
97827.4
96835.6
97085.9
93822.2
94203.1
99331.1
94899.5
93106.7
92688.7
91562.1
95726
92687.8
92636.5
95298.2
94773.6
95150.3
95799.7
101860
510.107
2485.4
17352.2
36047.7
46304
53982.2
59781.5
61844.8
61604.7
62643.4
64760.8
64868.1
67640.9
69448.6
72361.9
75272.6
75837.6
76419.6
75160.8
74547.5
74887.3
75303.8
76873.9
83011
81338.5
81728.1
83525.5
81674.6
81857.4
81547.5
81903.4
83492.7
80740.3
80582.2
85507.1
81546.4
80576.9
82321
84407.2
81252.8
79874.3
80072.1
80589.8
80671.5
79152.7
79308.3
79922.1
80366.1
80360.4
82627.1
84874.8
82690.8
83535
82534
81494.3
84173.3
83417.2
82775.4
82542.7
81582.4
80287.5
80128.4
81474.6
82322.5
82175.3
84131.6
83420.6
84053
89212.8
83721.1
83277.9
85702.1
82063.8
81315.9
81011.6
79461.1
80850
80182.5
80803
81757.6
81597.1
81195.8
82438.5
81954.5
80628.9
80852.4
81795.8
81308.2
81625.1
83454.6
83710.9
83714.4
86525.1
85403.5
84687.7
85839
84589.6
83544.1
84683.4
85891.9
84968.9
85940.7
86534.5
84041.1
83892.6
85511.9
82783.4
83058.6
86558.5
82017.7
80882.9
82561.3
83170.1
82042.8
83346.1
84245.2
83842.9
85883
85225.2
84460.3
84905.8
84551.4
84179.1
85791.5
84427.5
82475.1
82176.6
82297.1
80552.8
80738.5
82015.4
80198.7
79341.8
80894.1
80750.6
80829.4
80598.2
80699
80910.9
80424.3
82821.9
80959.1
80969.9
83770.2
79767.5
79449.7
83867.8
80255.3
80280.9
82647.4
80368.4
79863.8
79318.6
80323.7
82306.6
79787.4
79618.9
79931.6
78365.2
78338.1
80411.3
80210.2
79962.3
81420.2
81113.1
80367
80833.7
80789.9
80836.6
81333.5
81601.3
82581.6
84133.6
82727
83053.8
83532.2
82700
82762.6
84957.4
84216.5
84160.5
86022.1
84387.7
83621.4
85387.3
84755.9
84776.8
86902.5
85727.6
85344.2
87629.9
85937.7
84988.7
85929.5
84503.1
83159.7
83734.9
82364
81214.8
81882.2
82340.3
81784.3
81895.9
82841.1
82387.3
81261.4
81277.2
81783.7
81891.1
82347.5
83059
81928.8
82874.8
82747.3
81059.7
81180.3
82085.7
79550.9
79548
79957.2
78912.9
77845.7
76813.9
75951.5
75820.5
77048.6
77820.4
78921.4
81293.8
79838.9
79682.2
80399.8
80139.5
80144.4
80210.6
80281.4
81395.8
83958.9
83696.9
84272.3
86103
84314.5
84379.6
86838.4
85749.3
86130.5
87529
85865.7
84988.3
85896.7
85160.3
84417.9
86316.4
84815
84374
86811.5
84403
84622.6
85418.6
84837.3
86628.6
83408
82207.7
83949
83314.7
82365.7
82870.7
83687.3
83443.2
82940.9
83467
83166
80773.7
80890.7
81558.2
81683.2
83538.2
85710.8
86316.2
88136.5
89591.4
88275.1
87872.3
86189.2
86000.7
88260.3
86998
89031.1
90770.4
86807.2
87003.3
87847.9
87837.1
87513
88027
90505.7
87675
89761.5
89537.5
89366.2
95737.6
91483.2
91741.5
94961.7
90027.1
89668.7
95980.3
92260.7
93362.6
96016.5
92444.5
92557
99507.5
91759.4
91779.3
97202.2
91826.2
91790.9
96740.7
93454.2
93236.9
96611.7
95867.2
91895.3
91610.9
96794.5
91335.8
92478.4
99249.5
94818.9
93415.8
95725.5
94305.5
94315.4
90800.7
92199
92705.8
95453.1
103668
98794
98386.1
104391
111565
112627
113450
117970
125162
123642
125619
135708
136317
140994
151575
146994
143008
140829
138149
136973
133422
134220
133897
134691
137380
131708
128612
128698
119563
114729
112674
111220
108662
107763
110373
114799
120681
118708
114248
109015
108038
111487
117261
119158
119867
117508
115486
116848
117906
114747
112382
110909
109709
111790
112333
114263
112062
109010
103967
100511
97066
96048.6
97140.1
98633.7
101128
99923.6
96765.8
96181
96209.2
96469.4
97730.2
100301
92880.2
89685.3
91726.2
94671.7
94029
91619.5
91646
94950.8
94346.6
94618.3
96829.4
94163.8
92096.7
94478.2
95681.4
99468.4
99817
105440
109017
108043
102645
97573
95272.4
93797.6
91959.9
90109.2
90137.4
90647.3
90316
88410.6
87792.9
89247.4
91970.4
94550.7
95668.1
97660.4
101046
103353
107022
115010
115997
113822
113142
113040
119583
125023
130371
128595
130928
135264
141866
149039
159057
167278
168306
161904
163260
162053
158906
160058
150221
147245
143733
142099
137222
136115
137883
147926
140906
138095
132306
126844
125829
116935
114627
112550
101788
99157.8
100331
105927
111283
108692
103620
101182
101805
101013
99856.5
101564
100799
99783
96760.3
99157.9
102330
96824.6
94019.3
94471.7
92761.6
91312.1
88278.8
87464.8
86620.4
85527.6
85855.9
91074.1
92517.1
92619.5
95397.2
93600.2
92854.1
94665.9
93442
93952.3
95668.9
96899.7
98347.9
103431
97488
98799.1
106737
96257
94172.6
97486.3
97328.4
95217.1
95113.6
95150
94060.4
95824.1
96289.7
93876.4
94004
95161
95243.2
99706.1
99030.5
97547.5
97938.8
95057.7
93132.7
92323.5
90679.7
91044.7
92906.6
91188.9
89113
89146.8
94668.6
92566.5
93898.8
95124.2
95231.2
95257.4
94632.3
95192.3
97682.8
96764.8
96136.7
95290.9
94739.9
95195.5
90627.3
90332.9
93588.4
92107.8
97144.8
95085.2
94994.7
99224.3
96541
98104.1
103221
96897.1
96054.5
97165.4
95015.5
94427.4
94077.1
93594.9
95562.7
96685.1
98832.1
96298.2
96371.7
97265.9
100462
99554.1
96256.9
95455.1
96727.2
95291.3
97200.5
99490.9
96593.9
95519.9
94377.8
94052.1
94814.8
91563.7
91491.9
94568.7
90672.5
89561.1
88605.8
88850.6
94714.6
89337.8
89010.5
91007.4
90640.8
89616.7
91692.7
95468.2
453.154
2359.06
16061.2
35083.3
46054.1
52383.7
56949.2
61184.2
62344
62733.3
63810
64563.1
66526.6
70788.8
74375.5
74235
75413.4
78950.6
74013.7
73049.1
74301
74255.2
76257.8
79523.1
79963.8
80082.8
79617
79466.9
82696.8
79523.8
80243.8
84836
79894.3
79450.6
83400.3
80932
79155.8
80727.6
81411.1
79470.8
78652.1
79231.4
78793.4
79151.4
77938.6
78008.6
79195.4
79901.5
79852.1
81707.5
82493.2
81362
81991.5
81467.3
81002.6
81923.5
81559.9
80543
80117.3
79869.5
79164.7
79104.7
79676
79409.3
79890
81241.2
81545
82746
84572.3
82006.5
81859.7
82427.4
80053.9
80420.2
78404.4
77781.5
79256.9
79580.6
79801
81050.2
79861.2
79931
82687.6
80345.3
78917.9
79548.5
82691.5
80289.2
80995.5
84202
82334.2
82257.6
87359.3
83508.6
83434.6
87224.8
83309.9
82301.5
85140.2
83690.8
83453.2
85856.9
83369.1
82108.6
83340.9
82188.5
80838.1
81502
82105.2
80014.5
79432.1
80315.7
81140.9
80496.3
81310.6
82171.9
82467.4
83175.4
82802.8
82313
82656.9
82892.8
82468.7
83473
82889.5
81117.9
80991.1
83891.9
80159.5
79056.9
80740.8
80556.1
78521.2
78410.6
80487.3
80230.8
79515.3
80062.3
81091
79318.2
79570.4
80332.5
79080.8
79164.4
78435.9
78332.2
80689.2
79705.3
78578.3
78797.1
79098.1
80943
78569.7
79345.4
83944.1
79608.5
79432.6
83076.9
78556.4
78644
82587
79661.8
79998.2
83662.4
80295.8
79123.4
80285.9
81154.2
80764
81050.7
80705.2
81695.9
84841.5
82051.6
82445.2
85269.1
81912.6
81876.7
87015.1
83039.7
83365.1
87398.4
83264.5
82221.6
86258.4
83414.2
83986.8
88068.7
84495.8
84122.5
89197.7
84308.9
83836.7
85991.2
83192
82203.9
84714.9
81330.2
80291.1
81567.9
81475.2
80268.6
80316.3
82392.6
81179.9
80029
80892.3
80909.4
80096.3
80750.3
82280.2
80453.6
82014.1
83839.5
80240.7
80001.7
83290.5
79103.8
78742.8
80106.3
77522.9
76485.3
76326.3
75495.5
74987.1
76331.8
76276.4
77239.7
78511.6
78901.2
78770.1
77931.6
77164.3
77582.6
78394.3
79381.4
80198.9
80981.2
81832.8
82693.7
83884.7
82796.9
83130.5
84388.9
83787.8
84179.9
86675.1
84776.8
83948.5
83983.6
82415.1
82120.9
83743.5
83418.2
83380
83853.1
82802.1
83572.8
83234.4
83086
87677.6
81918
81035.2
84192.5
81874.6
80474.7
81249.3
83165
82246
81672.1
82287.4
81422.8
79736.2
79838.5
80808
80944
82924.2
84257.2
84323.7
85654.2
89187.1
85826.1
86147.3
84735.7
85029.7
90045.9
86012.8
86746.1
91243
85555.7
85113.7
88095.5
86357.2
87018.6
87002.5
86941.3
86138.4
88173.8
88260.6
88168.2
91622.8
90193.5
89518.4
89965.3
88119.4
88243.6
95718.8
90982
91570.4
94452.8
90157.8
90877.7
95278.1
89541.9
89282.8
91820.9
88684.9
88708.2
91738.5
90878.8
89955.6
91387.1
90334.3
88533.8
88996.9
93116.7
88739.7
89957.8
95759.5
90617.4
91521
92207.7
91643.9
92964.7
88691
90429.4
90270
91967
96962.3
97899.1
95914.7
98565.3
104209
110248
110470
114560
119792
120073
123005
130656
132739
135553
142276
141419
136897
136891
133941
134191
131037
129436
130001
130325
129281
127926
122921
121092
114997
110575
107683
108037
105515
104702
108556
112268
113305
115472
109628
105673
105699
109640
112837
115134
113880
113570
111224
111091
114046
109857
109665
107688
106179
108981
106323
107396
106420
103058
100157
96314.9
93454.7
92925.7
94813.1
95963
98998.3
95852.1
93305.6
91460.5
91799.6
94127
93283.2
92813.4
88709.8
86335.5
88713
89487.6
90039.4
87769.6
88094.7
95826.7
91262.7
91286.8
94960.6
90520.7
88148
91056.9
94011
96946.6
96576.1
97388
103417
101687
95435.1
94556.7
92304.2
90213.1
88402.1
87242.6
87521.2
87469
86198.8
84114.7
83296
85409.8
88060.4
90278
91395.6
93354.2
96149.2
99824.3
103744
110631
110514
109565
109869
111145
117875
121024
121726
125142
129566
136451
137012
142390
152883
166026
158145
157278
157784
153845
154652
150952
144480
143986
141773
132671
129668
129477
134361
136073
138150
137415
128655
125638
119107
114970
112692
104992
98579.3
95335.7
97771.1
102798
104480
105548
101715
100072
99354.4
98389.8
99845.4
98168.4
98670.6
93978.4
93709.1
95037.7
95483.3
95039.9
92808.7
90650.8
92279.8
88324.5
85124.2
84023.7
83911.4
83185.2
83570.2
87407.2
91002.8
89218.5
89259.8
90389
90413.9
90263.6
89959.6
92348.5
93032.3
93535.4
94707.7
100568
94700.9
94597.3
98043.6
92851
91418.8
93680.9
94538.6
92521.8
92655.7
93545.8
91865
94134.9
95099.5
91190.9
90695.1
95851.9
92559.4
95560.3
96250.6
94467.7
96440.8
93198.9
90204.4
91491.2
88857.4
89380.8
91710.9
89897.6
87526.8
86847.8
91098.1
91276.2
92308.7
90329.9
90329.3
93765.4
91077.8
91455.5
93676.7
94064.8
91229.7
90956.7
93409.1
89996.9
87590.4
88180.6
92521.8
89901.5
90867.3
93015.7
93241.8
93824.8
93962.7
95370.8
96514.2
94161.1
94239.4
94467.1
91778.7
91138.4
91877.1
91569.9
93194.9
94470.5
94229
94122.8
93075.2
93537.3
99088.5
96237.8
92687.7
92466.3
96990.5
92380.6
93360.1
98534.4
93391.3
91786.2
93180
91724.3
91955.9
88741.9
87475
88163.2
86856.6
86177.4
85688.5
85852.5
88061.7
85666.1
86021.4
87103.1
86876.7
86029.3
87546.1
90404.2
473.625
5055.07
21959.4
38971.7
46392.3
51998.2
56908.9
63145.5
65513.1
63817
64927.4
65173.9
66487.7
74197.1
72480
72491.2
75608.2
76364.1
73139.8
72322.3
75565.9
74027.7
74514
76786
79588.6
77508.5
76805.5
78021.3
80699.5
78072.6
78146.5
79209
78267.9
78152.7
79905.2
79558.2
78011.6
78724.8
79379.6
78549.6
77963.9
79092
78286.3
77763.1
77000.2
77371.8
79931.7
79885.1
79578.5
81896.9
81335.6
80428.3
82389.3
81023.4
80664.3
81534
80070.1
79044.8
79452.8
79766.9
78942.2
79114.5
79773.7
78061.9
78488.8
80516
80437.3
81700.3
82286.6
80517.5
80334.3
79656.4
78106.6
77633.6
76734.2
76328.6
76911.7
77005.5
77993.6
80725.8
78508.6
78597.7
80340.9
78552.7
77435.3
78737.9
80843.5
78755.8
80230.6
85547.5
80895.3
80832.5
84112.7
81593
81841.4
84961.6
81912.5
81265.7
84200.5
82612.2
81960
82519.4
81367.5
80910
80948.6
79776.3
79250.4
79441.7
79517.4
78252.7
78228.6
79154.5
79516.9
78724.1
79883
81087.8
80344.2
82142.2
81599.2
80494.2
80987.1
82615.7
81242.8
82531.7
82825.1
79866.1
79373
82038.2
79634
77870.9
78425.9
79588.5
78121.1
77396.4
78383.1
80081.9
78456.2
78090.9
78849.8
78348.6
78011.9
78036.7
77703.2
77491.5
77011.9
77163.2
77947.2
78207.2
77464.5
77453.8
77997.9
80120.2
78070.1
78211.5
82399.9
79352.4
78666
81046.5
77980.9
78352.8
82515.1
79188.2
79618.6
83612.6
79409.2
78159
80288.8
80191.5
79651.3
82873.1
80538.9
80815.8
85654.2
81141.8
81124.9
83761.9
80655.1
80918.7
84834.2
81624.1
82115.3
86397
81900.6
80887.4
84086.9
81994.1
82836.7
87444.4
83016
82899.7
86328.7
82710.4
82616.5
85920.6
81816.9
81255.8
85053
79957.7
79287
82186.9
82014.9
79161.1
79252.2
83802.8
79993.7
79187.6
81058.2
80936.5
78737.6
78989.4
80177.4
78811.5
80641.9
81501.7
79106.4
79033.9
80227
78573.1
77784.2
77062.4
76176.4
75642.5
76999.2
75190.4
74541.6
74964.4
75401.5
75932.1
76109.4
78305.9
77350
76889.8
75636
75522
76832.8
76935.5
79244.6
78977.8
79123.1
80625.6
82718.6
80464.3
81145.3
84157.1
82143.1
82651.5
88010.1
82875.2
82203.8
84128
81122.7
80485.8
82500.8
83172.8
82739.5
82700.1
80702.7
80093.2
80137.1
81188.1
84275.9
80097.7
79581.3
81699.6
80650.7
78940.6
79902.2
84559.4
80708.8
80411.9
82632.6
80691.9
78728.1
78978.2
81259
80653.6
82223.1
83915.9
82828.7
83732.5
85850.2
84243.1
84995.6
83438.6
83523
87918.4
85101
84515.5
86105.9
83872.1
83637.3
87710.4
84706
83982.2
85960.6
84147.1
84264.2
87550.8
87133
87230.3
89023.4
88000.2
87119.2
87895.6
86845
87023.9
90943.1
89389.7
89895.7
89486
88330.4
89470.3
90920.9
87543.8
86657.5
86405.8
85997.1
85945.5
87468.6
87336.1
87088.6
87436.6
87020.8
86044.4
86812.8
88021.9
86381.6
87185.1
88916.8
87532.4
90001.1
89917.9
89452.8
87142.6
87132.4
89289.3
88219.1
89128.2
91990.8
92704.4
93479.2
95767.7
100977
106105
107666
112212
114381
117805
121784
125325
128791
131408
133719
136936
132462
129906
130656
129433
130677
126505
124772
127087
123857
121502
118590
115275
110694
108171
104568
103658
103631
102853
106558
110362
108831
109201
106546
103136
103655
109608
109684
111733
109741
108661
108638
107045
110713
105944
103264
106201
103357
103755
102063
102228
102116
99691
96568.7
93122.6
90880.8
91368.3
92293.3
92461.3
93527.4
91974.7
90463.6
88394.4
88962.6
90266.4
90130.7
88288.3
85170.5
83427.9
84731.5
85395.7
86257
84908.9
85254.5
93534.4
89201.2
88218.8
92334.1
87232.9
84929.7
86738.5
94379.7
92009.1
95202.3
92592.5
95541.3
96158.4
91007
88931.8
90054.5
87378.5
86025.9
85715
84952.3
84611.2
83050
81069.6
80495.7
82334.9
84701
87402.6
88154.5
89813.6
92240.7
97946.3
101866
105648
106473
103264
107275
107166
113638
114858
117218
124068
127500
132220
134579
137765
149092
151441
153895
155499
149646
149693
154335
142865
141071
137923
132891
128430
125360
124801
130528
131705
132229
131581
128341
120629
116183
115377
108310
101932
96465.2
92588.1
96103.3
97146.7
99806
105425
99567.9
97982.7
98959.2
96894.3
94063.9
95613.7
93157.4
91238.2
92277.2
90505.4
90547.6
94353.2
88598.2
87239.1
88949.4
86690.6
82980.3
82021.5
83027.2
81967.2
81964.5
85136.6
87452.3
86918
85404.7
85932.3
89423.8
86957.8
87281.9
92671.7
90274.1
91287.3
91851.1
93660.5
91660.8
90505.5
90823.1
90102
89326.9
90867.8
91949.2
90102.9
90173.9
94073.3
89698
90681.8
95357.5
88976.4
87907.2
93935.9
89773
90731.4
92859.2
91472.4
91704.1
88808.4
87222.3
89457.7
87700.6
88165.6
87404.2
87456.3
86879.8
85189.5
85479.6
87301.8
89558.7
87559.2
86740.1
88497.1
87708.9
87266.3
89214.5
89740.5
87828.7
87503.2
87637.1
87159.9
85348.9
86359.8
88164.3
87967.8
87544.5
89243.1
93037.4
90731.3
90203.5
91992.2
93330.7
91841.9
92842.1
93077.2
89601
89128.3
91174.4
90205.3
92372.3
93475.7
91126.3
90899.3
90753.1
90277.8
93988
93869.1
89689.5
89848.5
95489.6
89639.4
89942.2
94384.3
90686.1
89078.4
93409
89608.5
89098.7
86247.4
84011.8
83789.3
83624.7
83270.7
82828.3
83025
83672.8
82891.6
83587.3
83940.9
83773.5
83590.1
84045.9
86671
1999.59
12336.3
34932.9
46715.1
49977.4
53140.8
57865.3
65994.8
66804.1
64709.2
68681.8
66920.7
67138.3
73701.7
71733.7
71171.6
72244.1
73032.3
72473.3
72157.9
74348.4
72940.6
73037
74856.6
75861.8
76068.2
75507.8
76335.4
77329.6
76544
76125.7
77253.5
77007.8
77038
78640.3
78045.5
76912.2
77627.3
79463.2
77832.9
77764.2
80131.3
78487.5
76784.4
76910.9
77588.4
79502.7
78146.7
79285.7
83164
79729.4
79626.7
84879.6
80110.2
80135.4
83771.5
79353.5
78150.8
80046.6
78636.4
77182.2
78135.7
80468.1
77167.8
77399.7
81729.5
79428.2
80344
82057.7
79302.5
78735.6
79142.6
76548.9
75618
75227.1
74704.9
75239.4
75725.3
76925.1
78176.4
77278.6
77054.4
76803.3
76367.2
76471.2
77854.9
77647.7
77122.4
78679.7
80220.1
79048
79448.3
80469.9
79789.3
80063.4
81101.2
80423.8
80304.7
81657.2
81366.8
80655.9
80551.6
80042.9
79455.4
79646.3
78520.2
77951.8
78591.3
78524.4
76761.3
76954.1
78431.5
79037.2
77234.3
78332
82081.2
79082.4
79634.2
81900.8
79378.9
79447
83524.4
80233.6
80336.1
83193
78742.7
77844
78840.4
77996.3
76860.9
76844.9
77312.7
77445.8
76846.5
77492.8
77979.5
77471.9
76787.1
77057.9
76751.6
76928.6
76610.3
76743.1
77520.1
76033.4
75967.2
77073.8
76304.5
75981.3
76385.9
76877.1
77225
77012.2
77215.3
79143.3
78459.9
77597
77981.8
77096.7
77633.7
79618.2
78456.5
78469
79234.7
78023.4
77218.4
78208.1
79786.4
78709.6
80176.2
80455.1
79781.8
81155.2
79858.4
79683.1
80212.9
79370.3
79890.6
81244.9
80157.9
80347.2
81459.3
80299.2
79809
80963.8
80679.9
81186.6
82489.5
81313.2
81610.9
82563.9
81168.1
80992.1
81783.2
80002.1
79876.6
81304.5
78590.3
78114.6
80240.9
79964.6
77809.2
78116
81544.9
78588.9
78370.1
80955.8
78799.5
77423.9
77752.7
78387.4
77605.8
78705.9
79013.5
78206.5
78410.2
79014.9
77540.4
76402.4
75945
75329.2
75014.7
77454.2
74878.5
73990.7
74915.4
75418.4
73983.7
74278.4
77024.9
74788.9
74232.4
74380
74116.8
74634.6
75125
76179.7
77309.1
77619.6
79073.8
79950.1
79049.4
79484
81576.5
80453.5
81227.4
84410.1
81203.5
80831.8
82372.4
79676.4
79230.8
82842.9
81407.7
80831.4
82403.3
79206.8
78201.8
78402.5
78979.8
79975.1
78280.4
78074.8
78162.5
78489.3
77605.4
78687.4
82754.6
79420.3
78936
81152.8
80905
77861.5
77929.6
82380.3
80266
80606.8
83832.5
82000.6
82229.6
83501.3
82616.2
82983.6
82409.9
82223.7
84348.4
83470
82390.7
82905
82444
82237.8
84277.5
83146.5
81617.8
81352.8
81440.5
82497.1
88935.7
85155.6
85887.9
89473.7
86172.1
85314.6
88107.6
85650.5
85902.9
88197.5
87196.5
86563.3
87664.3
87075.9
88450.1
89278.2
85643.3
84137.4
84612.8
84220.9
83997.8
84823.5
85174.1
84598.5
84670.6
85141.8
84041.8
85245.4
85046.8
84431.3
85141.2
85969.3
85331.6
87163.5
88686.9
85529.8
83885.4
86206
85430.5
86185.6
86618.9
88715.1
89822.1
91212.7
94223.3
99813.7
102291
103821
110323
112154
113624
121494
122531
123218
126644
130066
127680
129552
125294
124484
126718
124157
125828
121920
120857
119157
115945
117017
111589
107483
107594
102565
101383
103038
101995
103879
106037
104863
105011
102792
101636
100500
102378
107378
104836
103466
103872
101816
103723
102923
102864
99047.3
98583.9
101038
98794.5
96672.3
97238.3
97261.5
97391.2
94484.8
91117.9
89508.6
90545.7
89937.8
89365.1
89196.9
87872.2
87787.1
86358
87029.4
87458.5
87135.5
84969.4
81949.5
80755.1
80878.4
81664
82052.1
82508.8
82785.2
87308.5
87079.1
84856.6
86340.6
83586.5
82354.9
83729.1
89434.3
88064.3
89146.8
88773.3
91367.2
92912.7
88013.7
85837.4
86443.2
85073.9
84797
84792
83261
82633.2
80240.4
78924.2
78481
80052.8
82693.8
84396.9
85094.5
85420.9
88314.7
98177.7
97441.9
101300
99766.7
98162
100154
103275
108864
108498
114153
118963
123568
129715
135769
130609
136169
143994
154057
147093
146710
148224
141287
138699
138345
130614
127765
126953
124539
123443
120685
125982
123276
126693
120833
116111
114193
110922
107116
101230
94562
90810.9
91490.7
93118
97166.2
100531
95406.1
96202.4
100495
92970.5
91250.9
95288.3
89448.2
89625.7
86678.5
85385.7
87061.9
92481.8
86107.9
84159.4
85235.4
85698.4
81523.1
81011.4
83874.9
80690.2
80835.8
83714.2
84320.8
84649.2
82742.9
82750.2
84393.2
83528.8
84885.1
93483
87219.1
87334
90689.3
89054.8
88255
86917.9
87336.7
88504.4
87595.9
89616.7
91775.9
88171.4
87752.8
93579.6
87973.8
86936.4
89074.6
86086.9
85198.3
87135.8
86805
87067.4
88859.8
88995.5
89213.9
85982.1
84466.1
84653.2
84653.5
86707.9
84770.4
83672.5
84164
84272.9
82335.1
82457.3
83876.5
84755.8
83546.4
84043.3
84782.6
84761.4
86542.3
86625.7
85129
83712.3
84984.2
85100.8
83379.5
85053.6
84883.7
84491.3
85034.1
86704.8
90892.3
87862.6
87646.9
89771.2
92110.4
88836.4
89910.2
92639.7
87730.6
87227
91930.4
88571.6
89984.4
92624.4
88573.1
87749.7
89440.7
87428.2
88988
90272.6
87048.7
87653.6
90876.7
86955.2
86585.5
87942.8
87014
86596.2
88940.7
87741.7
86342.8
83865.1
81903.3
81010
81221.6
80495.5
79915.5
80016
81320.8
80582.7
81750.7
81824.3
81453.4
81161.2
81524
83847.7
5331.34
20949.7
44268.8
52687.9
52220
55068.8
57936.1
64391.2
63785.7
64709.4
70583.7
68154.3
67719.2
71133.3
71376.4
69939.3
70878.6
73111.1
72602
72249.4
73779.7
73150.4
72920.9
73291.3
74627.6
76067.9
74736.7
75469.6
76190.5
75209.1
75049.1
77724.1
76640.9
76477.1
79631.3
77871.8
75704.9
76526
82091.9
77086.9
77717.4
83602.6
77611.4
76288.1
78699.7
77342
76748.2
77368.9
79253.6
79398.3
77787.2
78555.3
82153.9
78868.7
79169.3
82467.7
78479.3
77472.8
79870.1
77295.1
76011.9
77095.2
78016.7
75937.1
76389.4
80295.6
78321.7
78763.3
81952.2
78087.2
77187.3
78863.3
75533.6
74085.8
73778.7
73683
74168.5
74704.4
76527.4
77436.2
76118.8
75220.5
74878.9
74782.3
75296.6
75462.1
75370
75482
76642.4
77538
77387.4
78574.5
78987
78345
78740.9
80423.8
79560.2
79752
80909.1
80239.6
79963.3
80987.1
79066.4
78858.2
79773.8
77673.9
77178.1
79230.5
77459.9
75383.9
75900.2
77496.6
76803.6
75936.1
76864.7
79478.5
77663
78070.7
79964.2
77972.3
77804.9
80443.6
78868
77951.8
78232.1
77152
76594.1
76622.3
76478.8
76011.7
75959.6
76757.4
77044
76549.7
77221
77291.9
76515.7
75684.2
76135.1
75977.3
76068.4
75945.3
76224.6
76935.5
75490.4
75579.3
76254.8
75662.4
75513.9
75200.2
75584.2
76671.2
76326.4
76377.5
77670
77055
76660.5
77273.9
76883
77320.1
78901.6
77800.5
77679
78562.8
77163.6
76852.1
77442.8
77611.7
77665.4
78566.2
78619.1
78717.4
79007.2
78353.5
78165.7
79321.7
78531.6
79456.4
80253.1
78921.5
79067.2
80539
79200
79223.8
79973.2
79095.5
79624.4
81169.5
79910.1
80894
81171.2
79898.5
79432
79237.1
78620.4
78671
78774
77401.2
76890.8
77313.5
77607.8
76779.1
77072.2
78178.3
77315
77172.4
77896.5
77438.9
76731.8
76967.9
77113.4
76472.4
77050.7
78340.1
77409.9
77630.9
79725.7
77030.8
75280.7
75555.6
75154.8
74106.4
74351.5
73022.2
73256.6
75842.6
74199.3
72427.9
72743.8
73830.1
73120.4
72542.4
72288.3
73291.4
73150.5
73782.3
75491.3
75852.5
76370.5
78417.2
78679
77797.2
78102.3
78894.4
79078
79922.4
81047.9
79590.4
79120.8
78919.9
78040.1
78073.4
80030.9
80070
79075.3
78799.7
77982.4
77165.8
77290.3
77294.2
77584
76627.2
76678.7
76628
77046.8
76659.2
77607.5
79029.8
78302.4
77632.4
77931.9
79779.3
77076.5
76695.1
79578
79973.9
79037.7
79709.4
80642.7
81584.3
81240.1
80868.4
82800.4
81665.8
80932.7
82627.5
81404.5
80613.3
81857.1
81535.2
80804.4
82468.6
80833.1
79259
78860.6
79198.6
80863.2
85790.2
82765
84362.9
89283.4
84256
83721.1
87169.3
84248.7
84784.5
87862.4
85310.4
84501.6
87928.4
85182.3
86445.8
90155.2
83696.1
82015.8
84197.9
83169.2
82209.2
84041.4
84706.2
82776.6
82792
84948
82553.4
83260.9
84020.7
82683.5
83261.1
84467.9
82580.2
84128.5
89426.6
83009.9
81174
82551.7
82813.4
84060.8
84007.5
86284.1
88848.9
89351.5
92839.9
99997.2
100781
101337
105124
112641
111507
114340
122347
120287
120334
125726
121976
120516
120676
119604
125329
121110
117355
118225
115733
113318
112780
111218
108683
105204
104792
101854
100114
100374
102874
103611
102548
101453
105451
101323
98804.8
97522.5
97303.6
99394.2
99484.9
98609.4
101495
98062.9
97625.1
97607.1
96469.2
95792.3
94761.5
96977.7
94330.1
92586.4
93776.3
94598.9
93122.1
93435.9
90240
88103.2
89479.9
88520.4
86886.1
85237.4
85486.9
85417.8
84962.2
86352.9
85435.2
83760.5
82454.9
79816.5
78089
78298.9
78805.5
79574
79902.9
80810.7
83781.4
84342.3
81811.5
81471.3
80762
80262.4
81408
83656.6
83527.5
84580.8
85929.5
88409.9
88590.7
85223.8
83603.9
83735.2
83604.7
84379.5
83052
81807.9
79828.3
78005.1
77491.1
77260.4
78805.8
81371.2
81756.7
82096.9
82350.7
85339.8
91769
93474.7
96814.6
93314.1
93790.1
95011.6
96713.4
99664.6
104317
112725
115066
120757
131020
127959
127310
131290
140222
142875
143059
147041
138822
137185
134669
130315
127194
125638
121497
116233
115095
115438
116926
118033
117157
114645
112725
109070
107662
107395
97654.5
92140.4
89658.1
88890.8
90443
93296.1
94609
92812.2
94862.3
93077.7
89050
88836.7
88840.1
86794.3
85670.8
83402.3
82329.5
83555.5
87871.3
84225.5
81767.4
82151.4
83549.6
80008.9
80354.9
85042.6
79455.6
79572.8
82957.4
83338.1
81713.8
80370.5
80143.3
80187.1
80662.8
82665.1
88724.6
84604.2
84670
86818.8
85735.4
84636.5
83933.4
85367.1
88647.9
86194.1
88172.6
93506.1
86664.3
85374.4
89523.3
86355.5
83861.9
82917.8
82232.9
82769.7
83236.9
83225.1
84049.5
85888.4
84576.9
86760.1
84201.7
82537.5
81537.7
81782
85460.6
83288.8
81196.1
81622.1
81156.8
79588.6
79466.5
80679.2
81484.9
80795.2
81538.2
82718.6
82774.5
84863.9
84349.7
82363.8
81492.9
84385.8
83067
81042.1
82775.8
82556
82191.4
82551.9
84019.3
85693
85275.8
85915.5
88237.1
87980.3
86345.4
86760.5
87516.6
85945.4
85371
88952.2
86960.7
87022.8
88968.5
85941.5
85518.2
86446.6
85390.8
85925.2
86181.3
85023.9
85869
86692
84602.9
84086.1
85166.5
84185.6
84539.3
86253.7
85110.4
83305.3
82300.4
80415.7
78807.5
79089.5
78316.7
77592.1
77823.3
80906.9
78468.4
78609.9
80670.3
79888.6
78810.6
79382.7
81736.2
9994.96
27793.9
48819.4
54894.9
52209.6
54991
57620.2
60652
61746.3
63388.8
66818.6
67350.5
68597.8
71342
70707.1
69047.7
70907.9
76017.8
72918.6
72772.8
75113.7
74487.3
72425.6
72209
74506
78200.2
74497.1
75561.1
77932.6
74442.2
74071.5
79597.1
76114.7
75520.2
79794.6
77824.4
74586.8
74853.2
79326.3
76013.6
76715.2
78020.6
76252.7
76076
77818.3
76097
75641.5
76883.8
76976.9
76432.2
76346.5
77424
78456.1
77416.5
77585.4
78385.8
77264.5
76671.8
77555.7
76540.1
75195.4
75435.2
75098.1
74657
75093.3
76797.6
76889
76736.6
77374.7
76738.4
75837.3
75921.5
74481.4
73112.3
72296.1
73698.3
73781.4
73720.7
75766.6
77992.4
75350.8
73944.6
73675.1
73737.5
74093.8
74242.6
74173.4
73974.9
75260.5
76828.5
76281.2
77575.6
79102.8
77207
77691.7
82249.1
78919.5
79472.9
82459.9
79603.2
79284.2
83215.5
78231.1
78279.5
81064.1
76824
76170.8
78837.4
75794.9
74202.3
74771.3
75230.1
74494.1
74873.3
75669.3
76562.4
76042.5
76393.9
76709.4
76360
76350.9
77636.7
77446.4
76311.4
76037.7
75960.1
75638
75826
76141.6
75488.2
75669.7
77432.9
77120.8
76227.5
77440.5
78169.9
75543.4
74671.8
75847.9
76462
75066.6
75922.1
75968.8
75325.7
75425.3
75857.5
75120.3
75450.7
76170.8
74651.4
74962.4
77786.8
75795.2
75897
77920.7
76290.1
75870.5
78034.5
76533.9
77044.4
80555.4
77453.2
77228.7
80337.9
76864.3
76404.2
78581.5
77147.6
76171
77197.7
77720.8
77118.2
78218.1
77126.5
77082
80401.4
77416
78264.3
81254.9
77833.6
78065.6
82469.5
78346
78552
80846.4
78195
78814.4
82302.7
78983.5
79847
81290.6
78721.8
78026.4
78726.6
77669.5
78023.5
77868.4
76614.3
76044.7
76285.9
76801.5
76326.7
76590.9
77018.3
76319.8
76192.4
77252.8
76890.2
76393.3
77227.5
76383
75352.9
76328.6
79559.1
76366.2
76437.1
79241.7
77081.6
74095
74064.9
75494.9
73023.5
72368.4
71763.8
72257.9
73859
72364.8
71294.4
71420.5
71918.8
71779.9
71519.2
71295.7
71861.5
71907.2
72403.9
74823.8
75127
75208.8
78286.2
78402.6
76517.1
76728
78353.3
78179.8
79202.8
80239.6
78378.4
77846.8
78292.3
77125.2
77258.1
79051.1
78758.5
77421
77277.1
77749.7
76481.4
76667.7
76506.7
75992.4
75204
75194.8
75857.7
76566.2
75884.6
77000.5
77425.7
76607.9
77216.5
76346.2
76134.9
76053.2
75657.8
76471.8
77961.4
77994
77668.5
78537.1
81178.7
79454.7
79421.7
83749.6
79910.7
79569.9
82809.5
79424.9
78734.7
81990.8
79991.7
79434.8
83422.2
79220.1
77341.2
77498.9
77593.3
79150
80981.7
80456.4
81709.5
83534.5
82058.7
82154.3
83934.9
82348.2
83519.1
88457.6
83516.6
82883.1
86059.4
83332.7
83645.1
85953
81222.3
79581.4
81626.2
83640.7
80744.5
82118
85346.4
81353.4
81122.9
86001.6
81259.4
81628.9
84540.3
80874.4
80933.4
83154.3
79884.1
80536
82275.7
79604.4
78609.5
78778.9
79732.7
81100.5
82122.7
84835.7
87781.3
88084.2
90979.6
96029.7
101945
100356
102114
107689
109085
109980
112143
118305
116830
115990
117256
115774
114674
116175
116996
117520
112268
111239
111495
108633
110445
108212
108102
103823
102079
100870
99858.5
98864.1
100026
106163
100448
98958.7
99562.3
101490
96939
94778
93764.6
93998.6
94501.4
94188.6
95039.7
95368.4
93865.4
93202.9
91080.1
90223.1
91542.9
91239.1
90696.9
89587
91522.4
94274.8
89488
88992
91714.4
87172.4
86811.1
86068.4
83684.5
82265
84311.5
82798.6
82760.7
87102.3
83614.6
81561.1
80429.8
79019
76831.4
76508.4
76258.6
77502.5
77306.6
78814.1
81795.8
80785.6
78795.5
78682.1
79017.6
78877.5
80012.2
80334.3
80621.8
82848.7
83877.6
85671
86383.3
82541.1
81398.9
83016.2
82752.6
81799.3
81442.6
80890.1
77734.1
76326.1
77086.1
76779.9
77862.9
79577.2
80130.6
79464.1
80346
82964.4
86678.4
87864
88430.6
89310.4
90029.8
91107
91968
94964
101935
106441
111894
118257
121244
124922
125979
129534
135333
138300
141122
135543
135055
137534
128064
126325
125547
122461
117623
113549
111050
110846
112085
111026
111314
110517
107014
106462
105608
99337.4
94540.8
90964
89873.5
88272.4
87969.1
89472.3
90963.6
90529.5
90341.2
88188.1
86138.7
86677
86275.4
84444.5
82739
81222.1
80336.7
81083.7
83174.9
81929.5
79852.9
80028.3
79813.6
78404.6
79236.6
81387.8
77735.8
78026.5
82196.5
82902.5
79604.1
78479.4
78769.5
78107.1
78608.2
80834.1
83462.4
82217.8
82296.5
82566.4
83300.8
82092.7
81617.4
83763.1
87659.1
84413.4
85257.5
88394.5
84557.5
83337.1
84838.7
84177
81703.3
79947
79423.8
80116.5
81249
80554.6
81596.6
85395.1
81691.8
81666.4
82050.5
81552.3
79453.6
79894.9
81311.2
80716.4
79055.9
79155.8
77932.1
77020.4
77348.5
78167.2
78425.4
78228
79965.4
82136.6
81134.1
83525.3
83633.6
80219.3
79643
82819.3
82560.9
79054.4
79517.3
81204.4
80714
80233.3
81205.8
83862.1
83518
84820.9
86413
86067.4
84787.2
84165.2
85763.3
84416.5
83567.8
84967.8
85140.9
84339.4
84383.7
83715.6
83817.4
84211.3
82917.9
82891.9
84207
83413.3
84679
85241.7
82782.7
81923.4
84836.1
81913.3
82268.7
85715
82423.2
80926.8
82453.7
78219.1
76712.5
77217.8
77172.9
75168.6
75633.2
81616.6
76509.3
75718.3
78188.3
79062.2
76641.8
77096.7
78434.8
11986.3
30485.2
49915.5
55863.8
52125.2
54411.3
58609
59334.4
60331.8
62160.7
66784.2
67741.4
69610.1
76468.9
70769.4
68626.8
72028.4
75587.9
72009.3
72906
78265.5
76554.3
71820.3
71735.5
75537.7
77330.1
73687.8
75672.8
78611.1
73298.2
72560
76017.2
74959.2
73897.9
75562.3
75278.6
73176.6
73244.3
74988.8
74542.6
75041.1
75621.5
74845.1
75041.2
75661.3
75280
74636.5
75611.7
75547.9
75024.6
75419.2
76853.2
77009.7
76037.9
76265.4
77680.4
76524.6
76219.8
76903.6
75826.9
74569.4
74571.6
74586.6
73892
74151.1
75199.9
75146.5
75337.4
76085.5
75760.7
74528.7
74721.4
73847.8
72005.9
71232.4
72537.4
73960.5
72930.5
73999.8
76999.5
74996
73101.1
73069.9
73639
73648
74061.9
72749.6
72388.5
74027.2
77122.1
75131.7
76076.6
78960.6
76003.5
76415.1
79984.2
77807.6
78842
82667.9
78723.5
78280
79984.7
76944.1
76572.7
77893.9
75636.4
74951
76047.7
74720.8
73400.8
73686.9
73580.5
73308.9
73953.2
74916.5
75435.5
74696.2
74998.4
76096.3
75390.3
75431
76526.2
75987.8
75270.1
75509.1
75765.2
75076.2
75747
77214
75522.5
75524.7
78991.1
76716.5
75789.6
78267
77309.3
74475.9
73909.3
75730
75921.6
74193.8
75183.7
77305.3
74823.3
74629.2
77513.8
74623.3
74592.9
77541
74234.2
74275.1
77976.5
74738
75147.6
78935.2
75391
75114.2
78372
76033.7
76388.5
80093.1
76755.7
76215.7
79580.1
76548.9
75449.7
77641.8
77345.9
75182.2
75903.4
78783.2
75718.8
75980
76309.8
75759.4
77986.7
75887.3
76358.1
79065.5
76279.2
76688.6
80121.3
77166.4
77845.8
80551.2
77273.1
77846.9
82341.6
77695.9
78203.5
81587.9
77720.1
77142.4
79830.1
76964.3
77248.6
77860.1
76220.8
75377.9
75969.5
77184
76007.9
76314.9
77547.8
75773
75676.1
78513.8
76809.7
76455.8
79536.8
76065.6
74697.8
76046
77232.2
75230
74839.6
75426.5
74309.9
72857.9
72688.5
73331.3
72294
71263
70573.1
70790.6
71076.2
71293.9
70608.9
70699.7
71280.2
70939
70251.6
70164.1
70524.6
70577.2
71312.1
74849.4
73703.4
73643.7
76195.2
78301.6
75340.1
75751
79731.7
77544.7
78237.1
81136.3
77256.9
76893
79734.9
76671.5
76622.3
80358.6
78166.2
76010.4
76251.9
79139.1
76032.9
75670.6
76357.7
75357.2
74498.2
74067.1
75433.8
77231.3
75417.1
75985
76966
75474.1
74844.3
74803.4
74810.2
74719.7
74597.6
74892.3
76036
76976.3
76247.2
76778.5
77645.7
77380.3
77826.5
79360.7
77803.5
77658.3
79401.8
76730.1
76791.9
80905.2
78169.2
77221.1
80556.2
76983.8
75560.1
77214.1
76684.5
77979.2
79571.9
78690.6
78870.9
80686.6
80140.1
80672
80909.7
80725.7
81627
82609.2
81085.5
80930.4
81736.8
81359.4
80781.9
80366.9
78747.5
77633.6
78652.6
82209.6
79506.6
79992.2
82781.3
79208.4
79325.4
82129.8
79672.6
79737
79576.5
78413.9
78790.9
79311.6
77202.5
77021
76582
75812.1
75877.7
76287.9
77148.6
79712.1
82330.1
83485.6
85215
86879.6
90187.3
94534.5
96945.2
98682.3
100762
102795
104098
107050
108113
108805
112411
109364
108868
113878
109527
111451
111916
110424
109409
107747
107254
105114
104279
106307
104673
104274
101301
99000.2
99386.9
98435.1
98487.4
99223.1
97353.5
97425.8
97198
95978.1
93295.9
91018.1
90124
90770.1
91097.8
90970.7
91805.3
90703.2
89897.8
87241.9
86147.5
86173
88543.6
86587.3
87895.1
87443.8
88689.2
91460.7
86942.9
86375.7
86418.4
85811.7
85000.2
83393.8
81417.3
80097.5
81295.7
81082.3
81145.2
82672.3
82106.5
80748.8
79713
78033.2
76279.6
75097.9
74393.3
75371.7
75470.5
76379.4
81687.6
78133.2
76047.3
76822.4
78129.5
78063.8
79837
78480.9
78565.6
82591.7
81058.4
81920.9
84221.4
80263.9
79386
84169.3
80723.5
79967.6
80248.8
78238.4
75989.1
75034
75643.5
76128.7
76663.4
79337.7
77861.2
77650.1
79335.5
81649.4
83960.2
84068.8
84212.5
86468.8
86702.6
88169.4
89135.8
92377.2
99242
102946
108335
109519
115342
123408
126362
126469
131383
138134
132266
130721
132007
131293
125112
124081
124245
119146
117389
113507
110735
107883
107842
106879
108664
102658
102121
105111
98458.7
95837.7
92744.5
90288.2
87724.2
86173.5
86790.4
87515.6
88851.1
87722.6
88548.1
85520
83906.9
85369.8
85304
82135.2
81496.4
80625.9
79144.1
79323.6
80965.4
79777.2
78446.7
78830.9
79397.8
76972.5
77560.1
77677.5
76030.3
76121.7
78570.2
81233.9
77649.6
77108
79114.1
76742.9
77063.6
79785.5
81290.6
80327.3
80155.5
81696.4
80720.5
80637.3
80054.9
80809.7
82661.6
82192.4
82285.8
83176.2
82351.3
81480.3
82798.9
82750.5
80046.1
78453.7
78374.1
77645.4
79275.4
78539.7
79746.8
81147.4
79612.2
78947.5
79089.3
79090.1
78124.7
78447.6
78671.5
78162.1
77549
78514.6
76658.6
75448.6
76047.1
76944
76387
76174.3
79276.3
82160.4
79277.6
80939.3
82996
78354.3
77532.8
79989.5
80183.1
77362.1
77340.2
78900
80406.2
78438.2
79573.4
84836.4
82179
82659.1
85670.7
84884.2
81944.1
82087.2
86872.9
82730
81877.7
83978.7
82882.3
82003.6
82835.2
82079.8
82154.6
83568.3
81016.5
81008.9
84632.7
82069.9
83018.9
86414.3
80984.4
79630.6
82391.5
79312.6
79908.5
83516.9
79395
78510.5
81018.9
75814.8
74876.9
75923.2
74278.1
72642
73065.4
76689.3
74013.9
73221.4
74484.4
75772.9
74718.7
75287.1
75749.8
11196.4
29610.7
48159.8
55353.4
52333.3
53877
57628.8
58948.3
59316.6
61274.1
67624.4
67678
69290.2
76065.8
70160.9
68301.2
71811
72955.2
70900.1
72208.3
76078.7
73244
70826.4
71435
74946.1
73851.7
72528.2
74078.6
73977.5
71465.3
70953.2
72342.6
72866.6
72262
72885.8
72886
71985.8
71965.3
72752.8
72986.5
73916.5
75067.6
73980.4
74408.3
75162.3
74652
73848.3
74872
75897
74441.5
74819.2
76749.6
76697.6
74661
75441.8
79207.1
76203.1
76129.4
78553.2
75419.2
73916.5
74382.1
75588.8
73444.2
73711
75329.3
74243.6
74309.4
76392.5
74617.9
73488.4
74463.4
74032.1
70904.9
70067.1
71170
72749.1
72365.9
72477.8
74019.7
73077.3
72318.9
73041.6
72267.2
72714.6
74161.8
71351.8
71170.1
73544.6
74849.2
73486.6
74228.2
75083.5
74329.4
75034.6
76594.5
76379.7
77385.4
78646.9
77414
77156.1
77184.1
75545.7
74831.1
74796.4
74406.8
73860.3
74072.1
73579.6
72593.7
72776.1
73135.2
72878.1
73103
74354
75075.9
73396.6
73964.9
77272.5
74884.9
74599.1
77023.3
75371.4
74066.4
74387.3
76960.3
74898.3
75222
78927.4
75587.1
75087.5
77955.6
75959.2
75120.4
76979.3
75061.2
73451.6
73235.8
74664.3
73953.9
73091.2
74460.9
76604.7
73961.8
73817.3
76847.7
74164.5
73409.2
74701.8
73142.9
73197.5
75082.3
73505.4
73880.9
75584.6
74084.3
73922.7
75545.1
75009.3
74881.5
76056.2
75294.5
75127.3
76694.2
76004
74518.3
75572.9
76649.4
74302.2
74786.1
77265.6
74550.8
74201.4
74649.8
74380.3
74324.1
74000.1
74165.8
74877.9
74507.5
75259.7
76265.7
75675.9
76501.9
76961.8
75990.2
76722.5
77853
75899.4
75709.9
77337.9
76177
76205.8
80058
76004.8
75454.4
77521.3
76630.1
74687
75464.8
79219
75932.4
76064.8
79188.7
75463.4
75083.1
78475.6
76500.7
75795.4
79202.4
75659.4
74145.8
74959.9
74598.9
73954.6
73260.8
73462.4
72911.2
71828
71762
72482.8
71408.1
70102.6
69458.5
69527.1
70291.7
70800.1
69916.6
70260.5
71816.7
71255.1
69410.2
68642.6
68836.1
69503.1
70384
71685.1
71836.8
72065.2
73478.4
74139.8
73915.1
74640.9
79088
76617.9
76590.1
78623.2
75714.6
75691.9
79820.4
75961.9
75356.2
78147.4
78076.6
74745.6
75018.3
79528.8
75275.9
73758.4
73811.2
74431.8
74972.1
73343.3
74220
78901.3
75009.6
74030.1
75691.9
75331.4
73646
72919.4
73655.9
74032.5
73543
74119.6
75277.4
76235.3
75306.2
75528.4
76722.8
76225.6
76397
76548.1
76010.3
74975.8
74713.4
74120
74643.3
76890.8
76070.1
74626.5
74744.1
74669.5
73999.3
75177.7
75407.1
76449.6
78695.7
76940.7
77210.5
81101.4
78862.3
79322.4
80192.8
79277.7
79262.8
79580.1
79171.8
79377.5
79288.4
79194.6
78446.6
78217.7
76893.7
76030.9
76756.8
78046.5
77478.7
77792.6
78176.5
77417
77615.8
77958
77684.3
76377.6
76021
76680.6
77224.7
76997.4
75295.5
73771
73764.5
73636.4
73340.8
74479.6
75674.2
78587.8
79073.1
80802.7
84567.5
84275.2
86148.9
92869.4
94874.9
94967.1
98690.8
100504
100310
100905
105647
104887
104266
103570
104012
108952
104631
104798
109887
106003
104269
105717
102603
103423
101158
101805
102844
99937.9
101781
98039
95922.4
95144.9
96710
96310.3
93030.7
93253.5
97770.2
93577.3
90100
87894.2
87741.5
89435.5
89030.9
89494.5
90638.3
88012.5
85332.8
83191.3
82390.1
82927.2
85211
83285.3
83970.2
86494.1
87341.8
86860.6
84774.8
84413.5
84165.2
83336.1
84123.3
81978.7
80252.5
78498.9
78105.1
78182.4
79814.2
82137.2
80882.8
80954.7
80901.3
77321.7
75844.2
73990.3
72907.1
72806.4
73897.6
74529.6
79074.9
75186.6
73650.6
75641.8
78559.9
75954.2
77046.3
77128.8
76650.2
79283.7
79350.9
78734.8
78515.4
77846.5
77595.8
80684.6
79389.1
78475
77141.2
76299.7
74933.5
74187
74002.1
74868.2
75423.8
76935.9
75867.5
76677.7
79642.6
81768.5
83701.6
81360.5
81141.3
82742.6
83428.5
85191.3
87641.3
91288.6
96705.4
100942
103006
105074
111330
119517
121302
123616
130032
128592
127253
128424
128801
124529
123496
118736
118119
118281
119431
110539
107605
106570
104232
105586
102558
99395.8
98746.8
95200.7
94138.3
94014.1
89485.8
85023.1
84368.4
85087
86120.4
87046.3
85123.6
85514.4
88818.1
81330.2
81466.9
85813.5
81552.5
80285.8
81453.7
80240
77582.9
78199.9
81382.1
78427
77112.2
78871.1
81294.4
75491.1
76035.4
75527.2
74097.8
74714.6
76504.7
76863
75904.3
75920.4
77643.2
76225.5
75788.5
78457.1
81621.6
78784.1
78431.7
83279.9
79341.8
78011.2
79636
79541.2
79557.9
79659.1
79444.5
81497.5
82013.1
79977.3
81644.5
83839.3
78510.2
76704.6
77839.4
76369.6
76454.8
76923.4
78506.3
79052.8
77751.7
77182.7
77626
77850.6
77283
77897.8
77883.2
76532.4
76127.3
79867.9
75766.4
74362.3
75722
78032.8
74929.1
74737.3
77986.8
77822
76739.1
77827.4
78335.2
75930.6
75833
76784.2
77024.7
75722.3
75526.4
76269.4
78753.6
76916.9
77918
83848.9
80728.9
80616.1
83159
81341
79599.2
80167.8
83248.4
80291.5
80273.3
83565.3
80501.1
80125.9
83219.7
80151.2
80044
82072.6
79078.1
79167
84208.6
80362.9
80343.5
82605.1
78732
77273.1
77531.9
76710.5
76930.6
77073
76185.5
75700.4
76104.3
73446.9
73032.3
74026
71322.7
70170
70722
71843.4
71431
70799.1
71567.9
72247.8
73051.5
73296.3
73805.1
9567.32
27778.7
44013.9
51138.9
51414.6
52199.1
54877.7
57103.7
58694.6
60921.7
64681.1
67169
67612
69921.1
68359.7
67758.7
69625.9
70500.6
69443.4
70789.1
71999.3
71141.3
70023.8
71008.1
71836.4
71525
71116.5
71647.3
71111.1
69915
69586.7
70243.8
70831.6
70857
71342.8
71730.3
70856
71122.5
72174.8
71641.1
72190.6
74857
73177.2
73169.3
75924.6
74384.8
72938.6
74083.4
77438.6
73457.3
74118.6
76886.2
74934.3
73289.9
74661.2
79072.8
75257.6
75821.2
79209.9
74558.7
73543.2
75031.8
74524.9
72684.9
73353
76204
73395.9
73429.4
76553.5
73086.6
72381.6
74105.1
72429.6
69716.1
68996
69800
70868.8
71514.9
71261.2
72369.5
72475.2
71509.8
71004.2
71403.6
71839.6
70915.5
69708
69942
72117.9
72370.7
71995.5
72498
72861.5
72756.7
73887.1
75305.4
75124.3
75595.2
77198.1
76216.5
76322.2
76281.7
74426.6
73683.9
73950.3
73398.3
72880.4
73353.2
72439.8
71748.9
72665.6
73516.4
71788
72448.7
73953.5
73111.6
71944.4
72811.2
76887.7
74190.3
73250.9
75350.1
75243.7
73018.7
73171.8
76339.8
74304.7
74147.3
75524.5
74967.8
74419.3
75542.2
75034
74039.2
74459.6
73684.3
72633.5
72552.1
72588.4
72183.3
71729
72562.7
73376.3
72759.2
72933.5
73829.9
72942.3
72130.3
72375.6
71897
71978.6
72696.4
72229.2
72318.3
72793.1
72784.8
72891.2
73538.7
73881.3
73685.8
75058.6
74135.5
74187.8
75150.3
74818.6
73849.7
74474.5
74305.9
73339.7
73881.5
74492.4
73230.3
72747.5
72285.8
73180.1
72300.8
72001.3
72774.3
72669
72976.8
74349
74342.3
74358.8
75244.3
75489.1
74924.1
75529.5
75704.4
74330.9
74115.1
75010.5
74858.8
74848.8
75877.3
74936.7
74031.4
74864.9
76079
74056.9
74612.1
79350.1
75572.5
75116.5
76497.6
74564.4
74159.4
76024.7
75839.5
74353.5
75419.5
74849.5
73574.3
73665.9
73300.7
72421.1
71755.2
72669.6
72676.2
70833
71105.9
73561.1
70737.4
69333.3
68505.9
68636.7
70363
71001.9
69260
69472
71515.8
71281.1
68935.9
67856
68015.8
68942.9
69567.2
70442.1
70333.6
70632.6
71766.3
72010.9
72529.9
73406
75685.5
75243.1
74769.5
74711.9
74013.1
74297.8
76638.9
74848.4
73840.5
74717.3
74473.9
73198.8
73409.7
75377.3
74535
72611.5
72149.5
72889.2
74277.5
72647.7
72959
75825.8
74342.5
72585.9
73062.4
74225.8
73253.7
71501.6
72032.2
73387
73069.4
73079.1
74905.7
77523.8
74375.4
74394.5
77985.5
75682.9
74508.2
74954.2
74541.3
72512.6
72194.5
72086.8
72855.9
73567.5
73595.5
72539.9
72218.4
71922.2
72816.7
73699.4
74478.3
74836
75676.3
75428
75708.5
77953.2
77416
77779
80934.5
77840.4
78418.5
77956.2
77558.4
78533.1
77653.1
77035.4
77240.5
77993.8
75626.4
74720.8
75653
76517.7
75771.4
75545.5
76766.9
76344.9
76191.9
75945.7
75934.9
74537.9
74205.7
75410.1
75591.7
75999.2
73394.7
71671
72191
72722
72364.1
72728.9
74146.7
75526.1
76361.7
77933.6
80053.7
82131.2
84076.6
88010.1
93298.2
92412.3
94720.9
99828.5
97543.6
97421.7
99299.9
101544
100128
99661.7
99522.2
100420
100092
100152
103016
101865
100447
101852
99677.7
99444.3
98559.4
98898.7
101162
96861.7
96200.1
96932.8
94318.9
92081.2
92226.7
95970.4
90482.5
89740.4
90155.4
91004.5
87681.1
85932.6
86081.6
88430.2
86271.1
84919.8
87315.9
86925.3
82082.6
80042.3
79586.9
79946
80503.7
81085.3
81717.8
82499.9
87060
84621.5
81719.6
81373.2
83139.8
81602.1
80791.2
81038.2
79361
77700.5
76604.5
75942.7
77449.6
84187.4
79884.1
79916.5
83150.1
76734.7
74119.1
73179.9
71492.4
71081.1
71944.1
72158.3
73208.6
72362.6
71531.1
73088
75783.5
74284.8
75014.8
76336.2
75306.9
76118.1
76455.6
76181.2
75816.3
74967.6
75997.8
76958.9
76809.7
76002.8
76162.7
76031.1
74551.8
74386.4
73390
72586.1
72729.4
73242.3
74274.6
76505.6
77496.7
79332.1
83734.2
79495
78738.6
79853.7
81158.4
83955.3
87205.5
89328.9
95060.2
99324.1
99640
102408
108218
112849
117269
122188
122054
123174
124224
125558
123447
121222
119962
114743
115169
120116
113064
109147
108012
102754
101783
100011
99007.6
96338.9
91775.5
90930.9
91737.2
89225.8
84978.5
82400.2
81760.3
83297.6
81877.6
81209.3
82323.8
85440.7
81325.6
78776.7
78909.3
80066.9
79638.5
79143.3
77902.8
77112.8
76459.9
77077.4
78628
76000.9
75988
79814.3
75862.8
73909.3
74348.1
73005.2
71754.6
72620.9
76554.3
74980.3
74636.7
74764.4
74574.1
76455
74873.6
75602.6
80452.2
77243.6
76183.7
79467.3
78396.6
75734.2
75945.4
78165.2
78634.7
77132
76872.8
80344.3
80205.7
77861.2
78373.7
81117
76528.1
74684.7
75719.7
76447.2
75474.2
75430.9
77943
79182.7
76097.5
75624.1
77434.1
78035.8
76092.6
77994.1
79277.5
75105.5
74567.4
77849.1
73995.7
73322.2
75368.6
75535.6
73199.5
73225.4
75361.3
74689.1
74290.3
74702.5
74765.3
74094.7
74482.9
75062.5
75226.2
74321.8
74152.4
74984.9
75398.5
75178.8
76106.5
78748.3
78703.4
78204.7
78843.4
78337.1
77666.2
78200
79003
77927.4
77819.2
78349.6
77849.8
78061.8
78828.9
78160.6
77546
77354.2
76815.4
77175.9
78880.6
78141
77646.1
77748.6
76422.3
75395.3
74777
74117.7
73853.4
74420.6
73669.4
72777.9
72022.3
70878.1
70478.3
70758.2
68717.5
68368.4
68652.1
68999.3
69276.4
68983.5
68985.4
70113.5
72134
71033.7
71610.7
12035.7
30425.8
41916.1
47050.1
49463.9
50536
53718.6
57647.7
60397.7
61670.1
63979
65255.4
66197.6
69062.1
67465
67217.8
68724.5
68714.5
68118.6
69505.4
71544.4
70179.7
69101
70348.8
70604.9
70237.2
69799.6
70534.6
70225.9
68690.3
68623.9
69317.3
70100.2
69534.2
70158.2
72120.3
70145.4
70376.7
73143
70629.1
69846.7
72162.8
73356.2
71680.3
71968.6
74182.1
72189.3
72065
74891.4
72142.8
73167.8
75187
72685.2
72096.1
74149.5
75296.2
73958.6
74773.3
74673.6
73219.8
73461.1
73996.2
72597.6
72160
72721.6
73520.8
72043.1
72250.2
74676.6
71618.3
70992.3
72392.4
70346.3
68571.6
68178.4
68927.5
69566.8
70380.8
70153.3
71632.2
72907.4
70642
69975
71452.3
70031.2
68804.4
68300.6
68715.8
69666.5
70481.8
70459.1
71065
71943.5
71651.9
72713.3
75493.8
74078
74528.7
77873.8
75289.8
75176.3
76776.8
73371
72743.1
74567.4
72539.7
72142.3
73606.6
71510.6
70943.4
73016.6
71409.6
70615.9
72378.4
72418.3
70975.1
70583.2
71631.2
73854.6
73048.1
71820.3
72688.1
73865.9
71913.9
71892.3
73625.2
73065.5
72872.5
73932.2
73709.1
73601.6
74568.1
73757.6
73183.5
73793.9
73002.5
71783.7
71943.9
71628.3
70953.9
70496
71342.9
72372.5
71682.7
72192.2
72519.8
71639.9
71220.4
71759.5
71206.5
71015.9
71824
71249
71285.4
72155.9
71969.8
72031.1
72854.2
72452.2
72737.2
76068.3
73230.9
73313.3
74992.6
73821.7
73072.3
74107.7
73220.8
72301
73611.9
73573.5
72000.7
71219.1
71074.5
70969.3
70567.8
70608
71494.8
71119.3
71719.7
74787.9
73181.7
73203.6
75256.4
75156.3
73873
75022.4
75226.6
73019.7
73008.8
74666.7
73845.1
73422.7
73556.1
73316.7
72659.9
73020
73425.3
73109.2
73597.5
75624.5
74702.7
73853.1
74145.8
73558.7
73217.9
73931.9
73990
73034.6
73762.2
73798.7
72813.4
73148.3
72833.2
71287.7
70385.7
72052.1
71170.7
69751.1
69862.9
71544.4
70138.3
69273.4
68096.5
68028.7
70074.2
70791.1
68436
68342
69376.5
69290.9
67776.9
67304.7
67541.2
68388.7
69040.4
70223.1
69096.3
69259.6
70549.2
71007.1
71191.9
72114.7
73906.7
73521.8
73106
73097
72700.4
72832.3
73784.1
73318.7
72302.1
72603.3
72990.4
71825.2
72061.7
73259.6
72749
71640.4
70948.4
71672
71936.5
71652.3
71886
72934.6
72486.3
71129.2
71151.9
71369.8
70957.7
70216.6
70732.8
71843.6
73206.7
71900.9
72775.8
75731.8
73045.8
73000.8
76427.6
75797.8
73129.7
72305.3
71391
70530.7
70620.5
70515
71606.8
71868.8
71421.7
70722.6
71180.2
70694.2
71671.6
73207.9
72823.4
73162.5
74805.3
74154.9
74262
75614.3
76038.5
75780.5
76002.5
76442.4
78990.3
75891.5
76421.8
79989.5
76275.3
75252.5
77375.1
78151.8
74195
73665.6
75403.7
77444.6
74589.6
74276
77460.2
74817.1
74271.4
75300.8
73276.7
73254.6
72748.7
73298.2
74196.5
76258.5
71631.4
69743.7
70082.8
71554.6
72837.2
71487.5
72901
74273.7
74427.1
75340.1
78145.3
80196.5
82756.1
85631.4
87707.8
90682.3
92334.1
93442.3
95495.4
95258.1
95629.3
95915.1
97956.2
95278.7
95006.8
94985.9
95427.1
96054
96459.8
98222.5
97753.8
97567.4
98084.1
95688.2
96000.4
96957.3
96610.9
94299.7
93002.4
91458.5
91578.4
89689.7
89471.3
90015.9
87636
87371.9
86737.7
86001.2
85975.9
84637.2
84124.2
85074.4
83499
81352.7
81410.4
80702.1
79294.1
77780.5
77730.2
77522.8
77517.5
77883.8
80238.9
79167.9
80628.2
83199
78806.3
77522.8
79607.4
81104.5
78041.5
76422.9
76091.7
76289.4
75812.2
74470.6
75533.6
81179.6
78805.4
76919.7
77340.7
75906.7
73137.4
71704.5
70370.2
69663.8
70032.2
69861.7
69710.7
70103.4
69752.6
70818.6
72470.7
72633.3
73013.6
72908.8
74489.9
73961.3
73996.2
74499.7
74316.3
73786.8
74400
75276.9
74734
74368.4
76263.6
77577.3
73474.2
73365.9
74122
71532.4
70866.4
71383.5
74020
75626.9
75796.2
76774.2
79051
77094.6
76691.4
77442.4
79145.6
84383.3
83845.2
87031
94835.5
94840.8
97522
101689
104962
108285
112741
113241
115933
120489
120128
119720
120531
122418
115015
112344
113548
113205
111387
109822
105507
101742
98505.7
97498.3
99512.5
91185.6
87994.7
87932.1
87766.5
84695.2
82364.9
79932.9
78515.9
78315.9
78702.4
78740.5
79940.9
80130.5
78331.7
76504.6
75531.4
76838.8
78316.7
76156.7
75529.9
75772.3
75791.3
73988.1
73987.8
74451.3
74892.3
75416.3
74032.2
72237.9
70602
69972
69814.3
71036.7
75975
73088.1
72883.7
76055.1
72666.6
72607.2
74691.5
73325.7
74355.4
74814.3
74060.9
75026.7
74959.1
73689.3
73120.9
74150.3
77133.5
74802.9
74815.2
77229.5
76426
75628
74947.7
75091.6
74111.8
73202.6
73147.3
74505.7
75206.5
73417.2
75106.9
76557
74308.2
74112.2
78015.3
76266.3
74582.5
77486.4
75464.5
73216.3
72860.1
73520.2
72343.3
71920.4
72453.2
72679.7
71677.1
71768.7
72482.4
72867.7
72429
72855.8
73680.4
73293.3
73764.6
74558.2
74982.9
73065.1
72832.2
74751.6
74579.7
74075.8
74927.1
76593.9
76443.9
76388.2
77485
77263.4
76104
77222.3
77551.6
76205.8
75744
76590.9
75879.7
76438
76893.7
75764.6
75381.8
75733
75078.5
75724.2
76857.3
75985.5
75704.9
76556.5
74832.7
73837.8
73527.7
72459.5
72197.8
73998
71800.9
70347.3
69316.5
68319
67496.7
66879.7
66645.5
67268.8
66887.7
67297.7
67682.6
67829.2
67738.2
68266.2
69369
69350.9
69586.7
18110.4
35279.9
41322.7
44609.5
47494.4
50226.6
54880.9
58366.8
58637.2
61211.2
65891
64456.9
65054
70836.8
66355.7
66862.6
70314
67640.2
66711
69160.9
73346.6
68573.7
68108.9
70315.3
70631.4
68868.9
68394
70624
70449.8
67822.7
67848.1
69082.6
69610
68251.4
69008.8
73361.4
69093.3
69009.7
71953.6
69521.2
68072.1
68763.5
70990.9
70335.7
69568.4
69827.4
70505
70666.8
71359.6
70379.1
71091.1
71484.6
70933.9
71068.5
72426.4
73044.9
72658.7
73069.6
72709.1
72088.8
72656.3
72413.8
71470.3
71838.1
70991
70576.1
70635.4
70915.9
71260.8
70140.1
69437.7
69801.8
68469.4
67462.4
67331.4
68142
68793.2
70329.2
68820.8
69605.7
73632.9
69859
68859.4
69998.7
68092.6
67372.7
67085.4
67610.1
68182.7
69008.7
69054.1
69921.8
72036.1
70498.4
71285.8
75192.1
72909.9
73059.2
77240.3
74077.2
73359.5
74818.5
71841.9
71520.4
74031.1
71157.2
70986.2
73659.5
70589.1
69766.4
70269.4
69992.9
69369.7
70493.4
70353.3
69662.8
69683.7
70554.4
71260.9
71282.9
70446.8
70888.6
71045.1
70512.6
70653.1
71247.2
71334.2
71647
73666.7
72647.3
72806.6
75225.5
72828
72264.6
74349.8
72126.2
70923.5
71699.6
71390.8
69672.7
69288.5
70824.4
72591.4
70844.1
71579.1
72650.7
70795.6
70409.9
72258.6
70348.2
70140.1
72387.1
70497.4
70398
73024
71258.3
71055.1
73398.8
71247
71448.8
74974.8
71796.1
72112
75839.3
72373.3
71941.3
75263.5
72301.9
71242.1
73365.6
73476.1
70702.7
69953.6
70499.6
69674.6
69418.3
69519.2
69725.8
69854.8
70551.2
74055.9
71828.3
72186.2
76414.7
73111.2
72812.5
75398.7
73404.2
71316.5
71931.5
75838.2
72447.9
72189.1
72768.4
71837
71279.7
71888
72748.9
72309.8
72778.8
73963.2
73270.8
72810.5
73525.8
72843
72163
73161.2
72356.9
71591.6
72894.2
73811.7
72038.7
72570.9
73611
70224.5
69091.3
69898.6
69128.7
68913.3
69054.7
68916.7
69088.1
69944.1
67767.4
67458.5
69296.9
68789.3
67574.1
67321.6
67737.1
67506.8
67038.9
66603.9
66340.2
66895
68770
69249.3
68072.3
68207.8
69092.9
70993.4
69920.4
70507.9
73554.4
72118.9
71627.6
72780.2
71646.4
71650.3
72294.4
71900.7
70655.2
71545.2
73286.5
70646.5
70887.2
72722.9
71868.9
70397.7
69941.4
70759.2
71347.5
70871.6
70932.5
71776.7
70884.3
69831.5
69649.8
70209.4
69835.3
69052
70271.3
70323.8
70419.6
70503.8
70651.1
71341.4
71403.1
71658
73257
73083.1
72108.7
70351
69540.3
69313.1
69508.6
69308
70157.5
71603.6
69892.5
69031.1
69044
69395.5
70461.3
73070.7
71383
71902.8
75313.5
72694.9
72927.2
75338.6
74628.7
73402.4
74209.3
75350.5
74675.9
73781.1
74578
76980.2
74150.7
73588
75474.4
75368.9
72539.3
72415.8
75193.2
75608.7
72788.5
73113.8
76451.3
73327.3
72301.7
72683.9
71923
72005.9
70568.3
71057.7
72919.1
71792.1
69593.1
68226.3
68466.4
70798.4
71295.4
70019.8
71524.9
75124.5
72816.4
73918.4
79719.1
78830.5
80757.8
85300.1
85267.1
85968.3
90481.3
90812.2
90741.9
92376.7
93486.4
93059.9
92332.9
91681.3
91371.8
91144.3
91487.1
93455.4
94058
94622
96786.1
96058.2
96603.4
93790.5
93381.4
97304.9
93986.4
91226.1
90893.7
88870.8
87936.1
88242.2
87858.4
86537.2
84788.8
85068.9
85770.1
83481.3
82523.6
85082.2
83069.9
81645.4
79865.7
78427.7
78299.8
78057.5
76840.6
75851.6
76227.9
75930.7
75376.7
74738.4
75674.1
76288.2
76938.9
76708.6
75886
74895.1
75625.4
77326.4
75780.4
73710.7
73012.4
73016
73879.4
73219.3
74112.2
76143.9
76068.2
74403
73913.7
73191.8
72289.3
71159.3
69994.3
69114.9
68568.5
68177.4
68137.2
68542.9
68671.9
69577
71001.2
71323.3
71321.5
71755.3
72879
72763.2
73033.6
73636.5
72990.4
72957.6
73362.1
74114.2
73552.3
72995.8
75047.7
74551.5
71905.5
72208.8
71980.6
70904.5
69829.1
70484.8
72868.9
72812.7
73794.4
73844.4
74267.8
74643.5
75066
76026.8
77725.6
79892.5
80965
84378.9
88344.5
92530
97207.3
99597.6
102570
106299
106058
108343
112503
115928
114806
116542
121214
114810
112025
111053
112033
110493
110123
104997
103642
104178
95744.3
94111.9
91853.8
87688.1
85263.8
84545.9
83819.3
83011.4
81312.3
78137.6
76777.8
76757.1
77179.1
76858.5
77282.2
76906.7
76680.5
74113
73422.5
75075
74458.2
74099.7
73628.2
73482
72955.9
72381
72212.2
73564.9
72830.7
72852.4
73257.7
70517.2
69085.1
68481
68552.9
69506.6
71169.5
70988.8
70548.9
70822.1
70828.4
70469.2
71058.1
71517
72287.2
71645.3
71757.3
72615.1
72049.9
71304.8
71329.6
71765.3
72664.6
72568.5
72826.1
73583.4
73987.4
72875.3
72300.2
73117.9
72635.3
72013.9
71826.5
72305
72297
71728.2
72380.3
72706.9
72354
72640.8
74225.9
73773.4
72581.8
72887.2
72295.1
71656.9
71601
71914.3
71024.4
70769.1
71728.2
71343.9
70264.8
70693.5
71368.2
71271.2
71196.6
72615.8
74695.5
72672.2
72994.2
75600.3
75108
71907.4
71570
74808.6
75193.2
73115.3
74352.3
77532.9
75177.9
74871.1
78243.5
76693.9
74896.7
76625.2
78094.1
74745.7
74323.4
77698.2
74230.8
73845
76341.8
74012.5
73462.6
75715.2
73396.9
74207.2
77995.1
74342.3
74025.7
77168.8
72899.9
72037.1
74004.6
71339
70504.9
71945.6
70175.8
68842.6
67603.1
66458.4
65576.1
65132.5
65248.8
65571.6
65468.2
65637.9
66387
67787.9
67114.3
67152
67921.2
68132.6
67767.9
21341.4
37219
40958.9
43628.6
46061.1
50359.3
52865.7
55024.1
56172.2
57738
60782.6
62829
63617.1
68171.6
64516.8
65774.4
70967.6
66000.3
65201.9
68883.1
70465.3
66683.6
66401.8
69365.2
71021.7
67413.9
66986
70375.1
70678.3
66806.7
67120.1
69387.1
67900.4
66464.9
67410.8
70454.3
67366.6
66838
67735.9
66901.7
66355.5
66655.1
67546.7
67889.3
67302.7
66770.1
67095.8
69222.5
68574.8
68340
69274.6
70280.8
69606
69817.3
71308.2
71461.2
71408.9
72998.5
72335.6
71163.9
71895.2
71421.2
70258.1
70093.8
69291.4
68926.9
69288
69460.6
69292.5
68814.3
68055.4
68148
67532.9
66592.2
65791.2
66502
68221.9
69016.9
67364.2
67627.1
69523.8
68716.7
67327.5
67074.2
66325.2
66146.4
65881.6
66635.3
67243.3
68086.2
67635.6
68244.2
70127.8
68806.6
68967
70345.3
70833.7
71235.9
72883.5
72257.6
71312
71004
70058
69884.5
71221.6
69678.1
69450.5
70627.9
68972.4
68264.2
68263.1
68478.1
68149.8
68776.1
68962.4
68745.4
68832.3
69746
69967.1
69595.8
69023.7
69589.1
70045.2
69297.4
69555.5
70262.9
69821.5
70275
73504
71042.7
71411
74406.1
71347.6
71099.4
74037.1
70257.3
69714.3
71504.6
69444.1
67680
68067.5
70436.6
71428.6
69433.8
70678
72910.6
69522.7
69339.6
72273
69077.3
68790.7
72147.8
69247
69029.7
72639.2
70101.7
69209.9
70985
69722
69834.2
70606.8
69859.4
70160.7
71576.3
70283.9
70430.2
73283.5
70113.7
69513.5
71621.2
72130.6
69218.8
68657.5
71063.8
68909
68320.7
68832.5
68889.5
68241.4
68742.5
70166.2
70104.9
70673
71799.8
70756.5
71447.7
72587.6
70409.1
69573
70523.3
72896.2
70701.4
70831.3
73132.6
70626.9
69819
71071.8
73604.7
71077.3
71901.3
74273.4
72068.2
71640.9
74025.7
71771.2
71061.5
73649.8
71037.2
69642.9
70640.3
74130.6
70876.8
70282.5
71373
68912.5
67834.1
67543
67251.7
67879.1
69216.9
67767.8
67799.8
69451.9
67187
66586.5
67649.8
66899.2
66475.6
66143.9
66285.6
66821.1
66152.2
65212.6
65364.2
65721.3
66441.7
66729.3
66731.2
67530.3
67856.6
68313
68325.7
68248.9
70199.3
69890.1
70071
73355.3
70208.8
70579.5
72296.6
70187.2
69193.3
70922.3
71383.1
69050.2
69476
72277.2
71668.2
69228.8
68806.6
70332.6
72198.6
69747.4
70206.9
72356.1
69826.2
68556.6
68935.4
70514.8
68981.1
67284.9
68371.3
69759.8
68444.7
68280.5
68634.2
69581.8
70440.9
70327.7
71489.7
71762.7
70774
68825.4
68072.4
68474.2
69070
68270.5
68368.1
70120.7
68756
67662.1
67043.6
66978.2
67937.3
69080.3
69575.6
70391.8
71527
71047.2
71073
72010.4
72137.4
71679.6
73845.9
72441
71982.3
71771.1
71937.5
72386.3
71811.9
71744.2
72235.2
72209.4
70584.8
70368.9
71140.7
71502.8
70804.9
71250.7
72026.7
71597.2
70450.6
69888.9
71644.5
69579.6
68247.2
68643.6
69238.9
68822.9
67776.9
66900.6
67131.6
68242.3
68463.5
68121.6
69692
70726.6
70227.6
72140.9
77839.7
76960.1
78201.1
82203.7
84375.7
83429.3
85445
91165.7
87943
86903.6
86747
87996.3
90442.7
89813.9
89257.3
88658.5
88801.1
91208.4
94047.8
92808.4
93016.7
96311.6
92833.2
92805.5
90916.2
91256.1
90249.8
88215.1
88845.6
88583.4
86058.3
85719.7
88007.4
84382.8
81998.5
81366.1
82923.6
81698.1
79944.8
80671.7
83025.5
79805
77159.1
75677.5
76050.1
77993.6
75222.7
74027.8
75032.1
75916.9
74044
72462.3
72270.2
72847.5
74389
72904.2
72784.8
72886.7
73240.4
73358.8
72650
71563.3
71263.3
71473.8
71851.9
71745.2
73105.2
74034.7
73439.9
72397.8
72239.2
72750.3
71748.8
71062.1
70918
69557.3
67968.5
67253.4
67728.2
68229.1
67929.4
69076.9
71456.1
70954.9
70159.9
71126.5
72850.8
72267.3
73255.2
75313.3
72025.5
71643.7
74328.5
72497.4
73112.1
72062.3
72478.7
72345.1
70345.8
70142.8
69571.6
69607.5
69161.4
69532.2
70550.9
71150.2
71699
71522.7
72098.8
73521.1
74161.6
75687.9
77150.7
77849
78048.6
79903.1
84664.8
92666.8
93490.5
97446.1
104528
102072
102244
105188
108832
109254
111006
114283
112509
112132
110191
109217
108854
111427
106493
103516
102289
97121
93728.1
91012.6
87287.4
85498.5
82648.3
81011.5
81460.6
82851.7
79193.9
76276.7
75866.3
77561.3
77299.1
75199.1
75181.9
75967.3
74910.5
72956.7
72144.3
72978.7
72952.6
72780.2
72214.7
72192.6
72806.4
72016.5
71367.4
71419.8
71757.3
72507.5
70908.9
69995
68911.5
67551
67497.8
68825.7
69570.7
68990.3
69150.4
68984.7
68885.3
69162.4
68935.5
69478
72000.9
70258.5
69857.5
71652
70619
69799.6
69500.5
69911.9
71165.8
70938.6
71056.9
71634.3
73242.8
70671.3
70159.8
72740.6
71602.7
70395.5
71136.5
71528.8
70694.8
70157
71233.6
71771.7
71003.6
71303.5
72356
71506
70781.2
71239.7
71187.6
70391.2
70862.3
72752.6
70092.2
69684.8
72968.9
71192.5
69399.5
70333.6
72602.5
70544
70348.4
73158.1
74043.6
71520.4
71497
73319.4
72440.5
70332.4
70110.6
72000.8
73404.7
71734.2
72893.3
76166.5
73386.1
73033.2
76231.7
74787.4
72933
73924.3
75832
72853.7
72264.7
74081
72155.9
70818.8
70718.8
71203.1
71008.4
71351.6
71403.3
71980.1
72626.3
72037.9
72086.8
72281.5
70952.2
69989.8
69948.5
69869.6
68938.2
68913.6
68105.5
67005.4
65714.5
64598.9
64253.3
64489.7
64527.9
64783.2
64692
64871.1
65480
67139.2
66251.5
66158.6
67863
67901.8
66579
18875.5
36227.8
41073.1
42515.1
45170.1
48440.5
50185
52371
53523.2
54584.6
56750.9
58910
60558.3
62637.3
62087.7
62707
63600
62968.9
63201.2
65227.7
65901.1
64608.2
64198
65270.5
67337.7
65313
65264.9
67619.2
68455.4
65242.9
65471.7
68529
65510.2
64737.7
65716.7
65977.6
65058.9
64591.6
64485.4
64498.8
64662.2
64911.1
65166.2
65414.5
65085.1
64711.9
64664.1
65690.8
65702
66094.4
68107.5
70940.9
68137.8
68753.8
71798.9
69717.6
69802.5
73830.5
70233.4
70197.4
73050.8
70749.4
69124.6
69211.8
68708.1
67788.5
67550.2
68159.9
68229.2
67245.2
66962.8
67759.6
67228
65430.3
64533.9
65106.4
66487.1
66228.6
65657.5
65796.4
66387.9
66345.1
65737.3
65417.7
64974.7
64824.6
64800
65165.6
66538.9
67908.7
66485.9
65986.4
66512.2
66677
66935.7
67921.9
68097.9
69371.9
70536.9
69805.6
69248.3
69132.4
68336.4
68339.4
68504.7
68014.6
67721.2
67755.9
67290.1
66971.6
66944.4
66801.1
66833.9
67890.9
68573.1
67908.8
67780.5
69210.2
69855.6
67895.4
67347.9
68493.2
70596
67867.1
67971.5
70398.8
68360.6
68747.9
69535.7
69132.7
69353.6
69868.9
69387.1
69229.4
69557.9
67987.8
67865
68437.7
66380.4
65873.2
66786.9
68216.6
67956.9
67447.8
68584.5
68658.7
67522.7
67633.2
69298.5
67123.9
66352.3
66696.8
66720.2
67139
68458.7
68425.7
67148
67311.1
67783.9
68163.5
68300.9
67796.9
67967.3
68078.7
68211.4
68544.3
68916.1
67780.3
67356
67890.4
68192.2
67320.6
67008
68296.7
67564.9
66681.4
67501.3
68816.7
66874.4
67062
68092.2
68388.1
68698.1
68853.1
68552.6
68799
68677.2
68165.4
67870.2
68474.3
69068.2
68661.6
68810
69935.4
68577.6
68300.7
70097.1
70015.8
68986.9
70227.9
72974.4
70159.4
70152
73179.2
69464.9
69022.2
72064.6
68918.8
67535.3
68081.8
70340.8
69272.5
68027.3
67255.9
66777.7
66896.8
66221.8
65671.8
65940.2
66828.4
66716.4
66540.3
66649.3
66183.5
65721.5
65895.9
65466.9
64933.5
64389.6
65468.8
67855
64509
63868.9
64745.5
64863.9
65359.3
64854.3
64680.4
66041.4
67184.4
65813.2
65636.4
65982.8
66944.7
67340.8
67871.7
68542.1
67953.6
68823
69307.8
67300.1
67622.9
68844.3
67813.6
66995.6
67477.8
68841.7
69108.2
67578.2
67681.8
70231.1
69119.7
67716.8
68690.9
71392.3
68057.8
67261.5
68540.6
68182.4
66250
65511.4
65786.9
66443.3
66441.5
66010
66539.1
68688.1
70741.1
69026.1
69816.5
72133.6
69702.9
67128.1
66031.2
66471.7
67592.7
67924.4
66608.6
66344
66834.8
67108.1
65872.9
65465.7
66182.4
67582.5
68318.9
69176.8
69783.6
69089.1
69276.3
69923.6
70120.9
70240
71121.5
71036.7
70577.2
69900.9
70516.9
70748.4
69961.6
70381.6
70971.6
70790
68842.1
68086.1
68699.1
69361.6
69217.1
69733.8
70319.2
70535.7
68588
67809.3
68750.9
67197.5
66344.1
66174.1
66823.6
68235.6
66407.9
65963.8
66548.4
66839.3
66947.1
66585.3
66471.8
67071.8
67992.2
70185.4
72873.3
74472.8
75509.3
77502.7
80673
81028.5
82177.2
84196.1
84802.5
83478.1
83720.5
84794.8
86152.2
88920.6
90090.3
87729.1
86992.5
87737.7
90670.7
90496.7
89161.7
89832.4
89413.8
88057.1
88291.6
87538.3
87694.8
85946.7
85744.8
86438.9
84315
82882.2
82180.9
81676.5
80071.7
79021.5
78531.5
78131.1
78108.6
77623
77809.4
78171.6
74791.3
73225.7
73930.4
75063.9
74009.4
72312
72668
74654.9
71912.2
70477
69781.2
70154.2
72112.6
70829.2
70570.1
71001.5
71942.9
71599.1
70751.8
69812.6
69615.8
71183.2
71800.7
70697.2
71815
74371.6
72183
70391.6
70491.9
74357.6
72029.6
70837.4
74060.7
71174.3
67806.1
66937.6
68505.3
68603.5
67239.4
68203.8
70404.6
71135.8
69192.2
70065.6
75217.9
71764.9
72057.4
74915.8
70764.9
70316
73926.7
71481.8
70641.6
72097.4
71607.4
70228.8
68866.1
68466.1
68789.7
69378.2
68826.6
69260.7
69757.4
69860.4
69733.9
69932.8
71191.6
73922.2
73028.1
74472.5
77069.4
76611.4
75397.4
76950.4
82171.8
86243.3
89161.3
93915.5
95660.5
98097
99926.5
102637
104079
105996
108642
107453
108821
110970
104669
104113
106606
104093
103549
102607
98378.3
95053
92434.9
88349.2
86255.1
84782.3
79938.8
78686.3
79253
78830.1
76301.7
74542.7
75635.1
79743.2
74975.1
73496.6
74024.8
74539
73045.5
72801.9
71940.7
71968.7
73455.6
71938.7
70815.6
72032.3
75621.3
71771.1
70915.8
71663.6
72298
70577.7
70158.5
70632.6
68631.3
66448.8
66857.1
69811.2
70427.3
68051.4
68347.5
69074.1
67939.8
68651.9
67624.1
67889.3
68606
69321.9
68449.5
68487.1
69804.1
69651.8
68004
68742.9
72597.7
69823.8
69294.4
70734
70035
68059.5
68011.7
70191.1
71190.2
69000.6
69482.3
72840.4
69744.5
68784
70369
72021.5
69427.9
69893.6
73529.4
70014.2
69106.6
71370.3
71498.5
68926
69592.8
71471.9
68602.6
67977.5
69602
70808.5
68298.5
69296
72050.4
69428.8
69350.4
71714.1
70656.5
69761.8
69427.3
69648.6
69136.2
68604.8
68699.6
69339.7
69937.9
69746.7
70324.4
70978
70813.2
70952.8
72199.4
72174
70956.2
70721.5
70964.9
70472.3
70145.7
70143.9
69465.9
68367.5
67834.7
67881.3
69416.4
69010.2
69628.8
70763.2
70339.8
69881.7
70530.2
70261.3
69287
68630.6
68693.5
68399.4
67643.5
67475.2
67176.8
66083.2
64397.9
63343
63529.4
64555.3
64218.2
63982.6
64288.7
65100.6
65189.4
65107.5
65662.2
65291.6
65433.9
66031.3
65453.6
18648.6
34664
38901.6
41074.9
43645.8
46069.9
47890.4
49327.6
50734.1
51887.4
54047.9
56993.8
57624.5
58930.7
59199.6
59490.9
60710.7
60749.8
61312.6
62728.9
62696.3
62154.9
62419.6
62459
62826.5
62880.3
63260.8
64059.3
64301.2
63045.8
62855.5
63381.9
63209.2
63181.7
63541.7
63453.4
63261.6
63005.6
63009
63277.4
63092.3
63370.9
63457.9
63812.6
63042.5
62436
62228.8
62422.4
63107.8
64049.8
67131.6
66785.6
65647.2
66383.3
67648.9
66823.4
67447.8
68366.5
67454.9
68262.8
70289.1
68006.7
67487.1
69344.6
68652
66235.8
66010.4
68023.8
67852.3
65635.7
65482.4
67578.2
66942.8
64012.6
63358
63859.2
63865.2
64110
64035.1
64027.7
64690.9
64850
64330.5
63932.6
64247
64224.5
63846.1
63465.3
63968.5
65021.9
64811.1
64204.4
64083.1
64153.6
64784.2
67419.6
66302.4
67000
70076.3
67764.4
67458.6
68539.6
66980.1
66985.7
67248.7
66529.9
66599.8
67143.1
66345.2
65880.6
66455.4
65826.5
65445.3
66957.7
69291.9
66578.1
66298.1
68691.9
67829.5
65862
65624.1
67384.3
67448.1
65996.2
66004.3
66233.9
66341.5
67435.1
67916.8
67314.5
67358.9
68158.7
67697.2
67174
66991.8
65875.3
65235
64569.7
64107.9
64138.7
64821.5
65096.6
65248.3
65194.7
65251.9
65333.1
65447.6
65578.4
65661.1
64769.3
64070.1
63943.2
64119.8
65087.7
65980.7
66078.3
65425.6
65458
65674.1
67018.3
67048.7
66021.4
65802.3
66574.2
66540.4
66820.6
67002.1
65777.7
65331.3
66018.8
65889.7
65414.7
65278.1
65870.3
65922.6
65052.5
65009.3
65199.9
65320.7
65754.6
67637.1
66698.5
67271
67434.8
66756.3
67130.4
67126.1
66418.1
66209.6
67006.6
66950.4
66612.3
66470.8
66479.3
66553.9
66657.2
67117.1
66978.4
66635.9
67255.5
67961
67684.2
67899.5
68174.7
66579.2
66082.3
66223.3
65777.6
65353.8
65712
66357.6
66374.9
65863.2
65017.4
64720.8
65847.7
64867.4
64354.3
64840.6
65348.4
65371.5
65404
65918
65286.1
64760.2
65084.3
64572.6
63562.6
62903.9
64578.3
64874
62758
62348.7
63504.4
63524.3
63556.5
63460.6
62691.1
63187.9
64689.7
63715
63131.6
63266.9
64451.3
65485.6
65424.4
65144.4
65392.5
65732.2
65103.8
64919.6
65836.7
65465.6
65162.2
64853.2
65160.7
65462.3
65930.9
65838.2
66203.4
66741.9
66093.6
65602.5
66013.8
66351
65678.5
65722.1
65943
64986.4
64050.8
63443.3
63164.2
63169.4
63588
63874.9
64493.5
66440.5
68468.6
66905.9
66649.3
67352.7
67153.2
65517.9
64425.1
64285.1
65176.2
65891.4
65172.2
64389.1
64624.6
65764.5
64822.1
64365
65383.2
67876.9
66863.4
67919.8
69287
67466.6
67895.3
69511.7
69504.3
68809.1
69561.1
70532
69129.1
68747.7
70688.9
70313.3
68506.3
68888.1
71116
70121.8
67002.1
66284.1
67584.7
69394.3
67976.5
67809.6
69942
70711.2
66700.3
65441.5
64835.4
64172.3
63647.7
63556.6
64869.4
68289.2
65302.4
64994.6
66725.7
67567.9
65951.1
65218.9
65348.4
65773.5
66918.1
68897.2
70632.8
71440.4
73886.5
76187.9
77288
78203.9
79783.4
80308.5
79593.2
80381.1
82067.6
83458.8
84066.5
85174.3
85939.1
86466.5
85786.7
85805.6
85915.3
85806.5
86005.3
85271.5
86728.5
85364.6
85384.3
86562.3
85435.5
84887.4
84422.5
83214.9
82024.6
81471.9
79440.1
77649
77381.6
77839.8
76316.3
74889.6
74145.1
74708.1
74604.1
74260.1
72464.5
70947.5
70700.3
70991.7
71475.1
70951.8
70130.4
70242
69858.6
68788.5
68057.5
68212.5
69216.3
70150
68970
69117.8
71278.4
71307.7
69975.9
68510.5
68301.4
70576.3
73334.7
69822.1
69894.2
72926.1
70983.8
68533.2
68487.8
71715.6
72237.1
69335.9
70215.5
71182.5
67520.1
66554.9
69016.6
68235.6
66589.9
66808.2
68256.8
68186.6
68065.1
68715.9
70717.3
70348.1
69872.5
69945.4
68856.7
68596
69839.4
70303.9
68689.1
69869.6
73089.4
68814.7
67405.2
67801.1
69226.7
70042.4
68432.4
69375.5
70920.5
68899.1
68171.1
69056.8
70922.8
70996.6
71655.3
72667.4
72417
72676.9
73108.2
74794.6
78523.6
81405.1
84440.9
86078.8
90109.8
95440
96685.1
98697.2
101299
104172
102737
104084
108067
103098
101161
99921.6
101123
100990
100553
98050.1
96134.7
93781.3
88930.6
86740
87079.6
81873.1
78358
77218.5
76276.4
74877.5
73861
73166.4
75186.7
74864.6
73740.8
72919
72305
71984.6
72845.4
74387.4
70718.5
71595.9
75288.7
70819
69994.5
72987.6
73097.2
70005
70236.7
73006.2
69584
69073
70965
68890.4
65918.7
65157.2
65391.5
66293
67730.1
66769.1
67479.1
68991.1
66904.2
65838.3
66240.5
67045.2
67111.1
66998.5
67966.2
66295.5
66121.3
67888.6
66408.2
67014.7
70521.2
68041.9
67068.5
67142.4
66047
65524.8
65979.9
66862.6
67477.2
67190.5
67185.8
67797.5
67709.9
67389.6
67759.3
68153.9
67477.9
67380.8
67774
67215.5
67200.5
68667.9
67600.2
66958.4
67660.5
66957.2
66326
66218.3
66685.5
67099.1
66698.1
67186
67929.6
67756.3
68057.9
68882.6
69082.5
68391.6
67788.9
68584
68183.3
67547
67492.7
68204.4
68294.6
68202.6
68801.2
69872.8
69327.8
69410.5
70539.4
70584.6
69601.8
69202
69491.3
68680.6
68222.1
68147.1
67117.2
66226.5
66082
65568.5
65973.9
66590.6
67776.7
71856.2
69203.1
68295.6
70401.7
69899.7
67647.6
67305
68959.5
68254.5
66823.6
66637.3
67724.5
66241.3
63448.7
62422.5
62893.8
64211.8
64571.8
63256.9
63818.7
66612.3
66325.3
64369.5
64261.5
64893.3
64557.8
64547.2
64539.9
35159.8
39191.3
39635.9
40096
41519.6
43354.4
45244.4
46996.9
48874.6
49848.2
51439.8
54791.5
55081.3
55785.2
56027.5
57617
61094.2
59317.5
59462.6
62352.7
60606.3
59880.5
59741
60246.6
61265
61241
61689
62002.5
61857.3
60970.4
60940.5
61542.6
61308.7
61434
62150
61901.5
61800.3
62015.1
62644.6
62947.5
61682
62212.3
62559.7
61878.9
61266.9
60822.9
60700.8
60631
61055.5
61977
62918.5
63010.1
62940.7
63374.6
63544
63971.8
64604.2
64771.8
64784.4
64862.5
65178.1
65106.8
65556
67347.6
67331.3
64449.9
64123.4
65348.5
64681.5
63539.8
63653.4
64791.6
63183
62461.9
61979.2
61720.8
62169.3
63370.9
62392.7
62361.5
63742.6
64245.2
62935.2
62058.1
62468.8
63534.1
63311
61825.5
61386
61351.9
61371.8
62264.4
62441.4
62000.3
62351.4
63333.3
63917.2
64005.7
64650.8
64921.8
65531.2
67282.8
65070.3
65479.2
67567.1
65347.2
65373.8
68118.4
65619.1
64465.9
65828.7
65057.8
63910.7
64122
65514.1
64457.1
63988.4
64260
64075.1
63581.7
63619.3
63927.1
64024.9
63910.7
64404.3
63965.9
64222.3
66175.8
67943.3
65648.6
65673.8
68445.2
65901.6
65345.3
66212
63873.7
62890.8
62406.9
62228.4
62427.7
62672
62787.9
63071.2
63002.2
62935.3
63600.8
63657.8
63973
63946.3
62922.5
62319.3
62564.6
62166.3
63153.1
65412.6
64141.7
63185
64098.3
64199.2
64251.7
65797.1
64099.5
63864.9
66716.5
64798.5
64792.4
66567.8
63812.3
63282.7
64924.6
65058.2
63592
63538.9
64835.5
64675.3
63543.1
63076.6
63406.1
64120.9
64727.6
64597.5
65100.8
66450.6
65253.1
64953.6
66710.1
66901.2
64610.5
64665.9
66816.4
65658.4
64435.6
64429.6
65025.1
64946.4
64992.9
65379.1
65251.5
64602.3
65296.4
65676.5
65385.3
65394.5
65261.4
64216.7
63609.6
63529.7
63262.2
63153.9
63584.9
63934.2
64082.9
63710.6
63699.7
63135.5
63188.6
63297.9
63300
64186.9
65534.4
64412.8
64202.2
66856.8
64840.3
63770.9
65193.5
64638.3
61981.1
61127.9
61590
61199.6
60529.3
60301.4
60669.6
62589.7
61148.5
60554
60793.8
61052.1
60889.1
60976.1
61199.7
61261.3
62033.7
64484.7
62935.8
62888.9
63128.5
62908.2
62837.8
62959.9
63328.7
63143.2
63093.9
62928.7
63036.8
63814.5
64302.8
64367.1
64949.2
65151.9
64369.4
63724.3
64119.6
64258.2
63715
63861.2
63644.4
63321.4
62436.7
61146
61351.4
61744.6
61606.4
62092.2
62861.7
63421.4
64158.6
64172.2
63746.2
63584.5
63666.1
63436.9
62983.6
62834.3
63139.9
63234.2
63218.9
62772.6
63007.9
63358.3
63352
63478.3
64420.1
65399.7
65538.9
66730.4
66746.9
65666.9
66589.6
70284.3
67758
67440.3
70004.3
69552.1
67296.8
67429
69843.8
68539.6
66541.2
66345.2
67257.6
66708.1
64792.4
64225.2
65306.6
68277.9
66347.3
65346.5
65313.4
64936.6
64163.1
63412.3
62752.7
62336.5
61823.3
61930.6
62629.5
63634.6
63597.1
63579.6
64926.5
66670.1
64427.8
64126.5
65361.2
66234
65543.2
67513.3
70627.3
69849.9
71780.3
77441.2
75797.4
76174.5
79258.6
78329.4
76434.8
76290.2
77158.4
78637.2
81830.4
84732.9
83704.3
83262.8
84309.4
84872.8
83598
82680.7
82951.2
82914.9
82628.7
83060.6
83101.4
86622.7
83435.5
82369.3
84825.3
81362.7
79197.1
78409.6
78928.6
75413.8
74425.4
74594.7
74376.2
72509.3
71763.2
72436.4
73248.1
71534.6
70371.9
69088.8
68794.4
68407.3
68139.6
68125.6
68223.5
68930.3
68559.4
67622.7
66985.6
66903.5
67234.4
68363.3
67924.5
67881.7
68593.1
70729.7
70114.1
67551.3
67014.2
68613.2
70213.6
68029.3
66951.6
67385.4
67808.9
66613.2
66515
67486.8
67978.9
67236.1
67246
67082.4
66311.4
65862.5
66798.5
66635.8
65823.6
65890.9
66410.7
67477
67274.1
67616.9
68525
68227.3
67924.1
68434
67512.5
66851.3
67399.6
67206.5
67046.7
67722.2
68801.9
66684.4
66068.5
67596.7
69810.9
67661.2
67748.4
69824.3
69061.1
67218
67088.4
68652.7
68336
68815.2
69811.5
68790.9
69623.7
70915.8
71850.6
73380
76115
78387.6
79529.6
81292
86118
90103.5
91420
94990.8
100834
99092.7
99730.1
101341
100406
100179
99649.3
97238.7
96162.9
96075.7
93858.2
95223.1
96104.4
89213.9
85767.8
84816.3
84837.7
80526.6
77811.3
75329.4
73914.1
73514.6
72981
72675.3
72282.5
72550.3
73064.4
70343.2
69484.2
70618.1
74358.1
71232.9
69248.4
69437.1
69379.2
68483.3
68418.2
69427.6
69081.9
67914.4
67826.1
67894.5
67447.5
67343.8
67283.2
65832.3
64218
63765.3
63930.2
64465.1
64532.1
64939
65812
65906.6
65973.5
64482.1
64739.1
67289.4
67768
65268.9
64537.3
64641
64170.6
64114.5
64321.1
64997.2
66073.7
65637.6
65221.2
64801.5
64367.7
63879.9
64167.3
65039.3
65539.8
65099.3
65676.7
66582.3
66121
66092.4
66529.6
66369.7
65958.3
65678.5
65910.5
65251.8
65072.3
65434
65543.9
65340.3
64987.8
65410
64839.3
64652.6
65241.9
65354.5
65276.5
65839.5
67021
66782.2
67127.9
67929.4
69438.4
67134.2
66424.3
68463.7
68587
66405
66696.1
68674.5
67820.7
66780.9
67800.2
71532.4
68799.3
68276.5
70420
71197.3
68324
67912.3
70288.7
67792.8
66384
67644.4
65608.9
64325.5
63716.7
63287.5
63350.5
64298.6
65394
67686.9
66143.9
65800.5
67339
67822
65762.5
65457
67207.5
68321.6
65634.9
65202.6
66403
64884.3
62443.7
61454.9
61515.2
62790.9
63143.1
62002.2
62354.6
63914.6
64535.8
63186.6
62675.8
63504.2
64657.6
64331
63853.8
24056.4
35456.3
37229.1
38197.6
39853.1
41432
43526.1
45204.7
48046.7
48027.8
48893.7
51063.3
52293.1
52885.8
53239.8
55623.1
57695.6
57105.2
56523.9
56954.7
58005
58258.5
57565.1
58687.4
62116.5
60269.9
60175.5
61722
61063.4
59370.4
59429.7
61836.8
60065.7
60272.4
62695.4
60709.3
60079.2
61458.3
62986.1
60621.2
60030.7
61354.9
60873.6
59678.7
59427.3
60059.1
60453.9
59247.4
59444.9
60468.1
60954.7
60791.6
60802.8
61149.4
61273.6
61585.3
62042.9
62759.8
62659.4
62519.1
62732.9
62722.7
63221.3
63488.4
63251.8
62270.9
61725.6
61421.6
61140.8
60919.7
61183.2
61205.3
61149.7
61303
59739.5
59558.5
60468.3
62019.4
60506.5
60017.6
60969.1
62905.7
61379
60050.6
59924.2
60966.8
60768.2
59766.5
59170.1
58954.7
58888.7
59248
60283.5
60196.9
60456.1
60897.2
61204.2
61383.1
62080.9
62461.6
62671.9
62800.6
62507.1
62921.4
63896.4
63031.7
63172.4
65019
63709.5
62294.4
62050.7
61675
61939.1
61987.1
62089.9
62192.5
61878
61951
61307.9
61295.2
61897
62188.3
62045
62114.4
64170.8
61882.5
61664.3
62552.9
62970
62977.2
63171.4
63804.8
63401.7
62786.6
62233.1
61399
61164.5
61178.4
60787.8
60753.9
61097.3
60964.7
60972
60865.7
61349.4
63102.6
61997.3
62723.2
63880.3
61091.1
60137
60810.7
59992.2
60544.8
62753.2
61142.2
60502.7
60953.5
62837.4
61757.5
61102.1
61171.7
61302
62035
61991.2
61786
61299.6
60895.2
60697.6
61103
62772.5
61217.7
60836.2
62618.9
65013.2
61986.8
61192.9
62170.5
63977.2
62431.2
62357.7
64169.6
64137.7
62683.6
62827.8
64842.1
64292.5
62322.2
62062.3
63411.5
63921
62199
62471.6
64944.3
63022.7
63199.6
65146.2
63212.4
62923.4
64934
64453.7
63380.3
63761.8
64094.4
62045.4
61570
62448.3
61739.4
61290.6
61512.6
62311.4
62955.6
62351.8
61880
61927.7
62570.5
62599.9
62257.6
63403.1
65237.1
63216.2
62199.6
62707.8
63309.7
61604.1
61726.9
62632.1
59976
59061.3
58767.1
58651.8
58295.9
58470.4
58191.2
58654.6
58800.9
58316.3
58511
59550.1
59114.7
58722.7
59461.1
59781.7
59777.2
60609.4
60653.1
60803.1
61032.1
61675.3
61258.4
60855.4
61326.9
61373.2
60989.8
60805.9
61521.5
63696.8
63729.1
63137.3
64242
65658.3
62899
62127.2
63742.3
63513.7
61903.3
61919
62509.1
62065.9
59955.7
59210.2
60134.6
61643.2
60195.7
59892.2
61337.9
61763.2
61933.5
61742.4
61589.7
61915.2
62496.3
62019.8
61634.4
61578
61980.3
61827.1
61510
61455.2
62037.6
62963.4
62713.5
62864.2
63733.7
64287.9
64011.3
63875.3
63782.5
63898.2
64948.8
65723.6
65198.6
65247.4
65523.2
65541.5
65173.6
65415.4
65857.7
65302.1
64385.6
63527.2
63188.8
62718.6
62441.2
62371.3
62977.4
63742.9
63536.4
63294.7
62725.9
62131.5
61990.5
61743.5
61254.6
61321.2
60978.6
60768.4
61093.2
61306.8
61119.5
61328
61966.3
62390.5
62438.9
63158.5
65177.6
63886.4
63706.1
65504.1
68460.1
67758.1
69053.9
74036.4
72515.8
72746.4
75073.6
74852.2
73405.4
73514.9
74683
76717.4
78705.1
81964.6
83815.2
81506.4
81011.7
82246.9
82645.7
80573.3
80312
81851
80328.2
80812.5
80804.5
81051.8
81241
79529.6
79264.8
79597.5
76725.3
75122.5
74497.2
73798.8
72388.4
71413.9
71723.6
70817
70335.3
71101
72165.1
69450
68136.4
68237.5
68157.7
67275.3
66552.8
66019.3
66257.7
69155.9
67880
66339.7
66709
66719.8
66354.3
66028.7
66385.2
66922.6
66282.9
66464
67117
66248.6
65892.1
66443.7
66499.4
65842.4
64776.7
64588.9
64657.8
64875.7
64909.5
64849.2
64976.2
65185.7
65578.8
65875.9
65170.9
64993.6
65717.9
65466.4
64724.2
64682.6
66051.5
69022.9
66413.3
66833.4
69212.6
66948.3
66005.1
67527
65691.6
65091.3
67161.8
65551.4
65497
66296.4
65201.8
64498.4
64565.1
66839.2
66821.4
66091.1
67537
67182.7
66198.5
66083.7
66263
66449.1
66633.1
67059.5
66280.5
66447.6
68256.5
71159
71602.1
72075.2
75428
76735.3
76030.5
77397.8
81115.3
84328.9
86363.3
89586.4
90494.7
93192.8
95873.9
95872.2
96406.1
96497.7
94110.3
94561
92925.9
90903.3
89867.4
87191.8
85876.3
84649.1
83391.5
82989.8
81454
80061.5
76947.9
73819
73154.3
74321.2
72623.7
70311.4
70679.2
71870.7
68738.8
67705
67858.3
69240.7
69857.8
69187.7
68238.4
67801.1
67889.3
66798.1
66775.1
67588.6
67097.5
66330.2
66107.1
66279.8
65882.9
65163
65106.7
64652.6
62969.8
61967.3
62605.8
65034.9
63188.1
63254.5
65834
64294.7
63394.8
63662.3
63080.5
63306.2
64692.5
63481.3
62492
62594.3
63556.9
63116.6
62728.9
63164.4
63875.7
63820.4
64232.6
64821.2
64233.8
62893.9
63337.9
65120.1
64429
63314.7
64156.5
67731.8
65597
65106.2
67082.7
65963.3
64699.1
64711.5
66844.3
64189.2
63742.7
64243.2
64465.5
63400.3
63932.4
65798.5
63577.5
63600.6
65413.5
64871.6
64060
65089.2
68899.1
65879.5
65781.7
67375.2
67774.6
65225.9
64719.2
65653.6
66177.6
64711
65061.7
66721.5
65329.1
65007.9
66143.4
68739.5
66923.4
66190.4
67345.9
68470
66199.6
65737.5
66769.9
67011.6
64430.3
63849.4
64152.3
62975.9
61834
61269.6
61332.2
62129.7
62789.1
63403.3
63207.5
63290.4
63552.4
63753.9
63587.7
63450.8
64141.1
64686.3
63718.2
63035.2
62724.7
61900.3
61052
60460.4
60204.2
60288.2
60440.8
60128.4
60438.9
60784.1
61011.9
61246.4
61297.9
62139.3
64476.4
64990.4
63234.9
53905.4
45040.1
37792.1
37249.7
38401.8
40082.3
41824.5
43772.9
45644.4
45766
46950.1
48480.5
49935.4
50309.2
50830.1
52585.2
53666.8
53710.9
53478
53378
54182.2
55955.4
55403.3
56783.4
60224.2
58080.8
57912.8
59266.3
58049.9
56906
56960.5
58711.8
57426.7
57412.5
59035.8
58031.1
57843.3
59122.7
59449.2
58113.2
57829.2
58489.9
57646.4
57409.1
58079.8
60209.7
58997.1
57509.7
57866.5
60208.6
60523.5
58838.2
58923.6
60392.6
59586.8
59671.2
60604.7
60547.8
60145.2
61059.1
61822.9
61106.3
61091.6
61527.7
61155.3
60415
59895.4
59611.2
58898.7
58818.8
59004.7
59224.7
59419.7
58250.3
57650.4
57616.4
57879.7
58133.6
58013
57826.8
58020.3
58259.6
58127.8
57919.5
57910.8
58045.3
57892.8
57676.5
57293.9
57004
57362.8
57759.8
58022.6
58228.5
58923.2
59690.6
59201.5
59237.7
61022
60511.3
59827.1
59898.3
59737
59721.3
59857.2
60180.8
60538.2
60879
60744
60043.1
59635.8
59403.7
59553
60631.3
60309.1
59956.1
60098.2
61699.1
59723.6
59448.9
60881.6
61870.2
60062.2
59570
59511
59184.2
59196
59868.8
60513.1
60573.1
60886.6
61330.5
61183
60404.2
59624.2
59664.7
60178.4
60648.2
59363.1
59320.8
60619.7
59527.9
59044.3
59359.9
59818.3
59416.9
59549
60673.2
59935.3
58292.5
57518.7
57165.5
57151.4
57422.8
57757.9
57889.9
57994.7
58394.6
58854.5
59311.5
58460.4
58159.9
58815.4
59279.3
59130.2
59056.2
58614.5
58171.3
58245.1
58304
58364.7
58077.2
57979.9
58592.5
59089
58988.2
59043.1
59790.1
60067.7
59917.4
59794.5
59737.5
59819.6
59929.2
60162.3
60409.6
60361.8
59667.2
59089.1
58945.8
59100.3
59273.4
59822.8
60246.6
60197.4
60326.1
60299.7
60264.5
60793.7
62528.5
61012.3
60862.5
61684.4
60180.1
59032.8
59000.3
59876.5
60387.5
59696.1
59551.9
60619.2
62002.7
61589.9
59953.4
60144
62821.2
62077.4
60220
60015.3
59890.5
59294.7
59308.6
59516.2
59551.3
58820.8
58076.9
57715.7
57159
56813.4
56680.3
56882.2
56216.9
55637.4
55462.4
55196.1
55900.4
55916
56209.7
57689.8
58150.6
56651.5
56580.8
57003.7
57558.6
58189.5
58340.3
58536.1
59249
61420.1
59484.3
59161.6
60612.1
60557.3
59146.2
58985
60134.3
61435.9
60430.6
61018
62801.1
61499.7
59984.1
59894.2
61740.9
60494.1
59062.6
59166.4
59450.5
57963.7
57141.3
57028.6
58288.3
59191.7
58441.4
57723.6
58289.7
59883.4
60721.8
59888.2
59642.7
60549.4
63430.9
61225.8
59932.3
60459.6
61945
61753.1
60253.5
59920
61044.5
64444.8
61494.3
61645.8
64264.5
64101.4
62574.6
62742.5
62333.3
62422
63008.4
63317
63239.7
63299.9
63706.7
63955.8
63532.8
63976.2
64078.4
63460.9
62231.3
61280.9
61133.1
61047.4
61088.8
60853.5
61415.8
61896.6
61928.2
61522.9
60959.8
61103.6
61538.8
61264.9
60071.3
59088.8
59086.3
59840.4
60725.4
60427
59536.5
59796.9
60664.3
60932.6
60706.8
61183.7
61729.2
61881.8
61752.4
62274.2
63189.4
64468.5
65769.8
67521.1
68177.6
68876.4
69376.4
70497.6
71037.9
72200.7
73941.6
76500.2
77602.1
78711.6
79125.2
79138.7
78012.3
77346.8
77945.3
78321.2
78141.4
79723.8
78707.4
78331.5
79581.9
78781
78044.3
77515.5
76475
75218.2
74253.6
72468.8
71587.9
71290.8
71100.2
70252.1
69920.9
70024.5
69366.5
68798.7
68976.2
68234.3
66876.1
66257.8
66934.3
66438.3
65789.9
64336.2
64430.5
66758.5
67888.1
65205.5
64651.4
65946.8
66290.3
64728.5
63970.7
63996.1
64256.4
64893.8
65357.5
65166.8
64943.3
65325.1
64836.5
63934.3
63156.9
63082.2
63542.1
63657.6
63590.1
63431.7
63384.9
63349.6
64026
66775.8
63999.6
63837
66703.1
66352.4
63706.9
63295.6
65853.5
67208.1
64726.7
65044
67720.5
65002.7
63744.2
63767.9
63443.4
62689.5
63016.5
62924
63835.2
67553.7
63339.3
62543.4
63016.4
63576.5
64269.4
64292.1
64772.4
64816.7
64814.7
65500.1
65203.9
64679.2
65208.4
64564.4
64351
64928.7
66669.6
70394.4
69808.1
70298.1
73416.5
74189.4
73531.1
74707.5
77160.1
79144.2
81478.8
83402.8
84556.9
87827
90183.7
92908.3
94037.1
92161.6
90699.6
89777
88483.9
87409.9
83837.9
82997.9
82680.4
81812.4
80543.4
79537.3
79746.1
79597.4
74718.7
72559
72539.1
73143.7
69760.9
68228.3
68636.7
66839.9
66123.5
66060.6
66411.9
67510.7
68128.2
67931.1
66713.6
67174.5
69743.4
65874
65780.9
68863.8
65864.6
64555.7
65560.8
66673
64085.7
63748.2
65480.7
64810.6
61628.8
60529.1
61169.2
62170.2
61338.9
60576.6
61724.2
63859
61830.4
61089
61763.2
61706.6
61482.5
61293.3
61189.3
61653.9
63732.2
63680.6
61530.4
61890.5
63966.8
62610.1
63038.6
66322.7
62590.6
61590.7
63165
64021.8
62303.8
61395.2
62129.1
64895.6
65012.7
63344.5
63895.9
65380.1
63337.7
62700.6
63680.1
62296.8
61940.2
61938.7
61222.5
61471.4
63425.1
63807
61915.9
61937.6
63364.3
62525
62462.1
63280.4
64112.3
63706.9
63602.2
63532.4
63215.3
62900
62767.5
62814.4
62893.9
62581.1
62730.4
62910.9
62884.4
63144.1
63866.7
64334.9
63859.9
63452.5
63684.7
63586.6
63468.7
63557.9
63695.9
63624.2
62911.1
61739.9
61230.4
61523.6
60729.4
59986.8
60235.1
60544.9
60935.2
61508.2
61412.5
61496.1
62089.4
62225.2
62037.4
61828.9
62112.6
62233.1
61857.9
61481
61528.4
60871.3
60072.1
59442.9
59316.1
58983.7
58809.4
58595
58684.2
59435.2
59580.6
59758.5
60407.5
61058.8
61958.7
63017.3
62364.8
20366.9
34312.9
35412.5
36164.3
37373.8
38702.4
40505.2
42406.7
43394.3
44195.5
45883.2
47257
49033.8
49010.9
49204
49972.8
50339.8
50658.2
50797.7
50963.3
51393.1
52215.3
53045.4
54248.4
55114.6
54996.9
54592.7
53955.6
53863.2
54119
54209.7
54436.3
54558.8
54367.6
54526.4
54796.7
55237.2
55625.7
55696.9
55520.8
54995.1
54724
54706.9
55102.2
55487.1
55911.5
55785.1
55134.7
54901.3
55378.7
55760.2
56008.2
56935.8
56508.8
56188.3
57084.7
59468.4
57584.4
57390.3
58705.9
60165
58721.1
58843.5
60583.1
60384.1
58601.1
58233.9
59609.5
57041.2
56537.1
57178.1
57587.2
56777.8
56429.4
55895.3
55732.3
56087.8
56206.2
56001
55861
56162.6
56573.5
56394.9
56062.9
56008.4
56274.3
56276.8
55842.2
55067.4
55006.8
55965.8
57419
56939.5
56565.1
57477.7
58536.2
57164.1
56789.5
57353.9
57197.9
57288.9
57333.6
57306.8
57511
57846.8
58001.8
58366
58851.5
58976
58144.5
57770.7
57862.4
57668.5
57857.8
58931
57894.6
57681.3
57672.5
57539.6
57069.7
57213.3
57650.1
57465.7
56950.8
56631.8
56668.9
56890.7
58390.4
60067
58592.5
58679.8
60409.5
60028.1
58018.4
57500.7
57915.8
57943.6
57955.5
57005.5
56652.6
57240.7
57369.5
56838.6
57165.1
56553.4
56443.9
56455.3
55962.1
55414.1
55233.7
54996.2
54777
54887.9
55166.1
55588
55726.6
55748.2
56392.6
56657
56327
56758.6
56018.2
56341.3
58215.8
56861.4
56636.6
57248.5
56083
55933.4
56139.3
56011.8
55619.7
55563.5
55995.9
56418.4
56625.2
56608.7
57329.4
57862.4
57703.5
57390.6
57187.8
57507.3
57572.6
57642.9
57834.8
58040.6
57322.7
57051.6
56700.9
56201.7
56604
57373.5
57619
57563
57614.6
57769.2
57950.6
58154.4
58129.2
57990.5
57667.2
56715.7
56214.8
56093.1
56140.2
56614.3
57579.6
57651.8
57202.1
57324.7
57338.4
57243.9
57292.6
57705.7
58420.1
58100.4
57645.8
57070
56939.8
56576.8
56504
57862.1
57339.9
56330.6
55667.5
55518.3
55383.5
54785.9
54818.4
55322.6
54496.8
53302.2
52916.2
52802.1
52879.1
53652.2
53789.5
54028.3
54332.9
54374.1
54717.2
55046.3
55507.3
56990.7
56489.1
56337.4
57333
57030.6
56481.1
56299.4
56648.5
56827.9
56967.9
57280.1
57230.8
57470.9
57424.7
57692.8
57267.2
56906.1
56938.9
57424.5
57687.6
57128.1
56304.5
55676.2
55232.9
54972.3
54823.7
55045.4
55749.6
56086.6
56054.9
55797.3
55816.1
56544.9
58133
57477.5
57570.9
58235
58640
58295.4
57977.1
58450.4
60068.6
59869
58442.7
58308.6
59104.9
59638.5
59107.1
58921.6
59303.6
59870
60520.5
62444.6
60850.6
60927.2
62104.4
62919.3
61239.6
61228
63233.6
64070.2
62175.5
62812.4
64831.9
62856.7
60514.9
59393.9
59827.7
60637.8
60489.1
59685.4
59832
61209.5
61724.3
60466.3
59450.1
59910.7
62440.9
62396.5
59064.2
57805.7
57557.2
57958.2
59229.5
59169.3
58189
58495.3
60945.5
61210
59614.8
59759.7
60390.1
60999
60553.4
60562.8
60971.7
62341.4
62845.5
64067.6
64953.9
66218.4
67255.9
68205.2
69789.7
71318.2
74012.8
74930.5
77764.7
77427.9
76020.7
75214.2
75786.8
74881.9
74671.3
75850
76200.6
76341
78690.9
76741.4
76568.6
78941.1
76246
74936.5
75882.1
72636.5
71651.9
70732
69964.5
69247.1
69634
70924.4
68899.2
68523.2
69662
67688.2
66822.1
66622.4
66530.9
64827.7
64479.4
65066.3
63696.6
62612.4
62448.4
63072.2
63583
63570.6
62743.7
63008.9
64368.7
63850.3
62491.5
61957.6
62372.5
64303.4
65822.9
64230.2
64373.5
65869.8
64707.1
62638.2
61443.8
61682.2
63931.4
62676.3
61957.6
62877.3
62851.7
62171.6
61712.5
63164.3
61727.7
61183.9
62879.9
63987.6
61975.2
61650.3
62372.8
62863.9
62194.5
62139.1
62151.3
62027
61592.2
60904.3
60317
59799.8
59574.7
60387.4
61746.6
63907.8
60557.1
60188.9
62135.7
62259.2
62308.9
62663.3
63435.9
64361.4
64363.4
63945
64174.2
63898.1
63124.5
62889.2
63234.3
63968.1
65378.3
66917.3
67598.3
67603.9
68544.5
69662.6
71140.7
73181.5
74591.1
75816.3
77766.8
78602.6
79745.9
82041
85943.7
87151
89113.1
91403.9
87965.6
86202.7
85602.9
81789.8
80279
80692.3
82353
79961.9
77459.1
77237.4
77815.4
73898.6
72104.5
71044.8
70303
69326.5
67958.7
66397.2
64468.6
64118.1
64729.9
65076.2
65260.6
66588.6
69632.1
66541
65054.4
65617.7
64958
63546
63035.7
63365
62983.6
62522.8
62991.1
62246.9
61806.2
61390.1
61186.7
60452.5
59537
58756.3
58525.2
58478.7
58421.3
58291
58554.4
59367
59505.2
59255.2
60051.3
61546.5
60414.3
60002.6
60128
60501.2
60730
60993.9
59718.8
59605.6
60678.5
60579.2
60716.5
61033.4
60043.2
59512.8
59564.5
59537.4
59431.6
59469.7
60013.8
60969.2
61572.4
61320.7
61300.9
61439.4
61462.8
60985
60594.6
60126.3
59592.5
58995.9
59154.7
59496.7
59932.3
60319
59875.4
60004.4
60310.8
60571.4
60924.3
61188.6
61700.2
61771.4
61336.6
61290.9
61488.7
61201.7
60991.8
61281.2
61245.8
61063.9
61199.4
61767.8
61754.9
61682.5
62302.1
62672.8
61841.1
61424.9
61917.4
61999.5
61795.5
61724.5
62076.5
61734
61011.7
60641.2
59628.1
59075.6
58954.3
58848
59289.8
59406.6
59785.7
60974.2
60027.6
60141.1
61996
62492.4
60872.7
60832
61642.3
61725.7
60673.3
60156.5
61459
60982.6
59272.7
58893
59183.9
58691.1
57862.8
57176.3
57155.2
58378
59570.8
59490
59495.7
60051.8
61000.5
61250.4
61338.9
30333.4
37003.7
35857.3
35346.1
36060
37470.8
39500.1
40918.8
41620.4
43780.7
45422.8
46457.1
48114.3
47453.5
47667.5
48360.4
48636.7
48722
48781.5
49136.5
49701.7
50542.7
51359.8
51891.9
52393.6
52651.5
52010.3
50929.8
50691.4
51765.1
51622.6
51785.4
52674.8
52391
52437.9
52644.6
53247.1
53670.1
53855.7
53602.9
53287.8
53241
53150.8
52934.4
53262.9
53656
53643.7
52965.9
52508.1
52728
53182.5
53061.1
52872.3
52742.5
52552.2
52472
52745.9
53221.3
53916.1
54544.1
55097
55343.7
55281.2
55216.1
55269.6
55362.6
54998.1
54631.3
54020.2
53779.1
54228.9
54353.9
54826.8
55901.1
54295.7
54078.9
55140.2
55838.7
54344.8
53821.4
54177
56064.4
55678.8
54182.5
53866.3
54749.6
55298.5
54124.2
52880.2
52740.3
53221.2
54400.7
55057.8
53805.7
53319.8
53134.9
53209.5
53598.6
54237
54709
54744
54616.3
54791.6
55915.5
56968
56008.8
56267.8
57785.4
57747.2
56011
55625.5
56393.1
56037.3
55402.2
55225.3
55344.8
55490.4
55470.7
55208.3
55122.6
55157.5
54833.5
54882
54860.6
54560.3
54342.2
54615.5
55601.1
55850
55798.2
55400.1
55423.2
55379.4
55175.6
55080.8
55002.8
54764.6
54561.8
54249.2
54000.2
53818.1
54418.2
54554.8
54210.7
54085.5
54019
53786.5
53454.7
52826.4
52872
53273.1
52771.3
52920.3
53667.4
55175.6
54176.8
53761.4
54509.2
55672.2
54054.3
53450.4
53658.1
53348.1
53330.4
53935.4
54050
54977.4
53962
53762.1
54891.3
54667.7
53494
53292.6
54507.2
55408.4
54290.9
54185.1
55163.1
57361.7
55805.8
54973
55313.5
56878.1
55426
55105.9
55641.5
56199.2
54778.4
54600.1
55170.1
54403.4
54377.5
56115.6
55929.8
55223.7
55158.2
56061.5
56651.9
55551.1
55555
55880.6
54432.6
53917.4
53572
53570.5
53864.4
54031.4
54138
54284.1
54454.8
54421.5
54717.6
54815.4
54891.8
55236.2
55641
55590.9
55192.9
54898.4
55257.2
54835.7
53877.1
54299.2
55671
53858
53286.4
53708.2
54078.7
52768.9
52542.6
51865.4
51441.1
51002.1
50637.8
50911
51054
51530.6
51400.4
51800.9
51949.1
52197.8
53260.4
53718
52830.8
53035.7
54256.2
53866.9
53527.8
53459.8
53403.8
53387.5
53478.7
54270.9
54781
54462.4
54774.4
55105.8
54801.3
54340.7
54490.6
54416.2
54441.3
54890.9
55102.4
54849.3
54123.2
53574
53399.3
53231.3
53169.2
53399.3
53968.6
54091.8
53917.8
53940.8
53849.2
54131.5
54768.1
55328.9
55742.8
55802.5
55766.3
55494.7
55355.9
55663.6
55951.4
56284.8
56351.8
56586.3
56931.7
57241.5
57025.4
56614.6
56884.7
57548.6
58069.3
58120.8
57981
58690.5
60474
58754.7
58230.8
58653.9
60408
59927.2
59267.7
59252.8
59547.8
60097.8
58235
57266.9
57545.2
58793
59550.5
58054.2
57893.1
58624.5
59346.3
58722.3
57757.1
58082.5
59654.2
58594
57471.9
56529.6
56176.5
56057.1
56277.5
56683.1
56682.7
57105
58155.7
59179.1
58086.3
58015.2
59058.2
60704.9
59093.7
58780.5
59515.6
59552.4
60151.1
61361.7
62175.1
64227.7
66804.3
67109
69287.5
71087.1
72216.1
73587.4
73718
75487
73181.5
71917.4
72453.8
73768
72321.4
72351
75561
74900.6
74603.5
74560.4
73258.7
72188.9
71961.1
71472.3
73213.9
70394.8
69078.7
70219.5
69657.7
67729
67507.8
69734
67208.7
66659.6
68243
67530.6
65128.6
63907.2
63400.2
63536.3
62816.2
62163.6
61846.5
61142
60687.6
60563.2
60621
60505.4
61193.9
60886.7
60640.7
61011.8
60892.4
60468
60770.4
62533.2
65395.9
62889.8
62757.8
64894.2
64360.3
61156.9
59841.6
60385
61967.1
62436.7
60571.6
60718.4
62422.8
61539.5
59799.7
59059.8
58508.6
58534.1
59081.5
59776.1
59908.8
59877.4
60133
60500.7
59944.2
59838.6
60107.4
59360.8
59376.2
59228.4
58431.5
57527.9
57383.7
57723.9
58018.8
58396.5
57700.8
57782.6
59573.6
62019.8
60725.5
61146.8
63224.9
65742.3
63472.5
63582.4
65254.9
62698.7
61891.1
62370.2
63101.6
63321.9
64615.3
65715.8
65995.6
65603.9
66217.4
68045.4
69996.4
71546.7
72854
74260.9
74873.2
75297.5
76130.6
77676.1
80248
83636.3
86862.8
85464.5
84803
84552.7
81294.8
78384.2
77102.2
77783.5
78962.4
76448.1
75396.3
74943.7
72474.4
71399.8
70344.6
69086.6
68302.2
67795.7
66805.1
63809.5
62279.7
62393
63640.1
64290.4
63015
63708.1
64676.2
63949.4
63638.2
62481.6
62282.1
61787.9
60667.9
60948.4
61407.9
60417.7
60261.6
60411.8
60710.3
59312.3
58887.9
58862.6
57971.3
57118.9
56798.9
56595.9
56361.4
56430.8
56497.8
56804.3
57415.9
57824.5
58626.5
60380.7
60525.1
59036.1
59400.1
60242.4
59191.8
58391.1
58053.2
57827.6
57824.6
58586.8
59214
58853.8
58181.5
57762.5
57914.1
57493.2
57194
57467.2
58263.3
59253.9
59944.1
59696.5
59851.3
60214.1
59789.1
59739.6
59312.1
58878.4
57933.7
57394.8
57753.2
57934.5
58019
58642.3
58348.7
58452.1
59302.8
60381.3
59436.6
60088.9
61781.6
60386.2
59987.2
60772.2
61971.5
60035.7
59673.2
61006.1
60592.8
59611.2
60083.7
62821.2
60928.4
60803.6
63112.9
62381.2
60334.7
59658.2
60586.7
62070
60842
60186.2
61692.3
61176.5
59604
58717.8
58352.2
58493.3
58883.2
58575.2
57748.5
58268.2
59429
59389
58206.9
58297.1
59824.7
61446.5
59510.5
59568.4
61679.3
61509.6
59234
58643.3
59663.9
59786.1
58080
57666.2
58430.6
57768.7
56608.7
55786.2
55677.5
56447.8
58271.5
59945.3
58593.6
59067.3
61937
60674.4
59927.8
23126.9
32665.8
33638.9
33957
34636.9
36094.4
37824
38942.4
40491.6
42029.2
42934.3
43943.2
45320.3
45512.9
46130
48064.3
49143.9
47916.3
47446.9
47668.5
48923.8
51110.1
50127.7
50391.8
51963.1
51062.3
49208.8
48598.2
48513.5
49128.8
48836.2
49254.6
50343.6
51417.7
51231.8
51118.1
51795.2
53363.1
53529.8
52033.3
51812.4
53032.5
52731.7
51245.6
51586
53089.8
51765.5
50252.7
50168.1
51236.9
51468.2
50179.5
49817.1
49668.6
49330.1
49108.2
49414
50099.5
51207.9
51545.6
51931.4
52190.2
52356.4
52284.7
52126.6
52114.2
52067
51752
51339.9
50961.8
51024.3
51434
52020.3
52166.8
52016.2
51499.5
51375.7
51393.3
51389.7
51470
51600.1
51777.5
51731.3
51547.1
50764.8
50621.9
50577.9
50332.4
50262.8
50385.3
50501.6
50620.3
50652.7
50467.1
50260.4
50258.3
50575.8
51051.3
52459.5
53502.7
52223.7
52049.6
52316.2
52411.4
52633
52732.6
52683.9
52425.1
52434.3
52661.6
53026.6
53043.3
53360.3
53371.8
52937.9
53084.2
54066.2
54437.1
53304.1
53378.7
54580.3
53378.5
53182.1
53987
52606.6
52170
52447.4
52516.7
52691.1
52782.7
52928.9
53043
52965.7
52728.9
52585.5
52669.3
52602.8
52369.9
52037.6
52146.4
51669.8
51647.6
52794.1
52165.3
51787.7
51510.4
51396
51536.9
50595.8
50442.2
50878
50564.3
50757.6
51595
51205.5
51051.2
51185
50773.5
50634.7
51171.3
50516.3
50400.5
50844.3
50540.4
50853.5
50971.2
50885.2
51143.9
50795.9
50645.1
50684.5
50688
50770.4
50961.5
51107.1
51065.2
51071.1
51148.6
51441.6
51886
52168
52608.3
52558.1
52137.9
51938.6
51894.9
51416.5
51543.8
51846.2
51674.7
52006.1
51616.4
51686.1
52120.6
52431.3
52540
52522.9
52588.6
52657.3
52946.5
52278.4
52067.2
52148.2
51782.2
51628.1
51944.7
52247.6
52325.5
52283.7
52281.8
52553
53705.1
54348.7
53198.1
53259.7
54608.6
54418.4
52593.5
51885.1
51442.2
51320.6
50852.7
50500.6
50478.5
50588.3
50343.9
50239.4
50051.2
49975.9
50052.5
49902.8
49439
49043.3
48922.7
48890.8
49393.4
49094.3
49197.2
49959.2
49549.6
49654
49925.1
49995.2
50287.7
50014.7
50008.7
51093.5
50776.1
50786.2
51030.3
51202.6
51571.2
52158.9
52053.4
52280.8
53247
53430.5
52343.7
52327.3
53139.9
53422.3
52479.4
52606.5
53844.1
53321.4
52117.1
51984.8
52558.7
52600.9
52223.3
52167.6
53724.6
53479.8
52276.7
51773.5
52003.9
52544.4
53201.5
53842.9
53988.7
54231.2
54772
53786.1
53457.1
53799.6
54318
54643.8
54780.9
55079.3
55796.7
56277.3
54999.5
54548.8
55125.6
56047.1
54862
54783.1
54850.7
54915.7
54873.3
54934.4
55201.7
55623.5
55986.1
56129.5
56198.8
55725.3
55510.8
55339.5
55436.7
54948.6
55010.4
55606.1
55850.6
55884.2
55568.6
55751.4
55822.8
56036.2
55970.1
56340.3
56601.5
56422.3
55981.2
55379.4
54915.2
55106.3
55311.4
55412.2
55272.9
55791.7
56082.5
56067.4
56109.7
56061.3
56248.5
56922.5
57898
57464.9
57031.6
57262.5
57955.7
58894.3
60149.8
62285.4
64102
65167.8
67141.8
71623
70666.9
70230.8
70997.2
69936.3
69411.1
68241
67854.6
69728.9
69862.9
69905.6
71279.7
73935.1
71567.1
69901.8
69883
68672.3
68063.2
67981.3
67796.5
68603.3
66884
66129.5
66975.6
65762.2
65184.6
65143.6
64814.6
64496.8
64053.6
63883.4
63008.9
61887.6
61335
61206.3
61235.2
61231.1
60610.1
59660
59227
58911.7
58940.3
58512.4
58295
58655.2
59018.8
58883
59070
59236.1
59370.9
59959.8
60718.7
60406.9
60191.4
60052.2
60697
59238.6
58210
58502.3
59246.6
59668.4
58734.5
58482.4
58915.3
58780.3
57613.8
56608.2
56210.6
56435.6
56963.6
57848.3
57990.6
58265.2
58700.6
59112
57424.5
57379.7
59818.3
57138.4
56716.1
58412.2
56829.4
55486
55381.9
55285
55046.9
55151.6
54993.5
55397.5
56243.9
58109.8
58399.6
59645
63431.9
62457.6
61939.3
63654.8
63006.6
60553
60430.5
63131.6
64281
63087.9
64117
67116.9
64900.8
63478.4
64208.7
67763.9
71108.4
70225.1
71827.2
74437.7
74029.6
73661.6
74192.8
75669
77722
80758.5
80661.9
81224
81902.8
79517.3
77389.3
75645.3
74678
74533.2
73922.3
73709.6
73157.2
69727.3
69306.1
70344
69934.2
67014
66670.3
67784.7
64640.2
61119.2
59653.1
59472.8
60128.5
61212.3
60240.5
60125.3
60612.3
62484.4
60911.6
60426.7
61600.9
58630.1
58375.9
60470.9
60351.2
58543.9
58603
59862.3
58711.8
57226.1
57346.7
59654.7
57032.3
55544.8
55657.2
55928.3
55111.2
54901.2
55378.1
56264.8
56393
57000.4
57530.6
57890.8
58717
57650
57985
59964.9
59115.2
56856.5
56173.9
56926
55913.6
56574.5
59013
57699.2
56501.9
56443.5
57641.2
57119.8
56308.8
56151.4
57153
59144.7
59407
58099.7
58289.9
61005.4
58804.9
57960.5
59285.7
58559.6
56815.9
56287.5
56610.2
56717.4
56922.2
57231.1
56650.4
57323.1
59284.3
57947.6
57905.4
59494.1
59071.1
58129.2
58192.7
59791.8
60396.9
58138.5
57170
57930.7
58566
57645.3
57748.8
58715.7
58539.5
58633.3
58979.2
59648.1
58291.4
57693.2
58314.6
59318.7
58792.8
57758.4
58090
58858
58445.4
57072.1
56938.6
58378.5
60818.8
57518.9
56406.4
56968.4
57213.5
56352.2
56064.7
56348.8
56897.4
57372.4
57306.9
57087.4
57226.7
57723.8
57151.7
56783.9
56828.9
56830.2
56574.1
56086.5
55727.6
55765.9
54835.8
54310.4
54414
54977
55884.5
56419.2
56464.3
56583.1
56900
57330.3
57224
37234.7
37645.1
34395.6
32744.8
33302.6
34581.3
36266.4
38339.5
39539.5
39747
40586.4
41439.1
42275.4
43357.1
43327.6
43814.7
44829.5
45907
45541.3
45741.5
46635.4
46892.8
46715.5
46889.1
46238.4
45856.1
45831.6
45965.2
46382.2
46175.8
46086.4
46379.4
47029.6
48406.7
48211.7
47802.7
47726.5
47589.5
47743.7
48315
48472.1
48265.7
47864.6
47403.5
47045.7
46678.8
46475.4
46609.8
47031.3
47152.2
47122.3
47009.3
46952.4
46924.5
46224.1
46157.9
46620.2
47386.6
47562.1
48070.6
48271.2
48714.7
49151.8
49436.2
49482.8
49679.6
50291.5
49487.5
49105.1
49000.9
48910
49354.8
49395.2
49547.2
49700.1
49461.5
49417.6
49300.6
49190.2
49214.8
49348.5
49298
49100.6
48678.5
48426.9
48305.3
48218.8
48196.3
48119.8
48140.6
48327.8
48349.4
48292.8
48115.8
47868.2
47891.7
48344.8
48340.7
48356.2
48717.7
49045
49237.9
49438.7
49726.5
49911.8
49961.5
50013.1
49798.2
49689.8
49864.9
50400
50381.2
50403.3
50550.8
50693
50427.5
50399.5
50516.9
50672.2
51076.2
51412.6
51615.8
51024.3
50720
50469
50397.8
50437.8
50579
50874.8
50605.1
50885.4
51907.7
52834.5
51315.1
50679.5
50842.1
51719.2
50584.7
49726.6
49439.3
49412.4
49227.8
49363.1
49741.8
49708.7
49440.2
49156.8
49109
48431
47982.7
47861.5
48068.9
48099.3
48002.2
47966.8
47939.4
47625.5
47338.3
47054
47116.1
47404.2
47326.1
47187.8
47405.2
47357.4
47796.5
47986
48220.5
48559.5
48304.5
47941.9
48086.9
48385.7
48414.4
48408.7
48366
48509.2
48527
48739.8
49054.2
49504.6
49555.6
49655
49647.9
49396.7
49218.4
48562
48242.4
48771
48758.2
48984.9
49203.1
49287.1
49380.7
49555.1
49704.5
49959
50032.6
50015.4
50014.8
49933
50535.9
50600
50315
49776
50160.9
51538.5
51907.8
50572.9
50137.3
50068.2
50070.5
50190.8
50275.3
49890.8
49669.9
49495.4
49372.9
49079.3
48764
48498.5
48307.8
48110.8
47771.2
47541.2
47579.3
47678.3
47572.2
47606
47907.1
48974.4
48760.9
47617.4
47216.5
47023.5
47038.4
47180.4
47295.1
47569.7
47419.5
47498.8
47463.8
47389.5
47413.9
47488.7
47195.9
47390.9
48056.7
48044.1
48428.8
49346.5
50568.8
49705.2
49705.6
49950.9
49622.7
49267.4
49366.7
49660.2
49824.1
49916.2
50030.7
49790.8
49533
49497.2
49494.4
49849.6
49895.6
49653.9
49509.5
49556.6
49538.1
50041.5
50239.6
49725.3
50103.3
51478
53004
52123.7
52397.5
53470.8
52578.4
51544.9
51378.1
51967.5
53970.9
54296.9
52983.1
52922.8
53834.8
53723.4
52637.8
51836.1
51932.3
52377.3
52008
52045.8
52240.5
52627.1
52513.1
52319.7
52412.7
53044.5
53341.1
53714.6
53732.3
53325.3
53295.1
52971.5
52731.7
52784.8
52680.1
53023
53545
54023.6
53901.3
54057.3
54513
54743.3
54703.8
55037.5
55413.1
55530.7
54586
53756.8
53907.3
54943.3
56007.3
54795.3
54146.8
55008.5
55917.4
54519.3
54061.4
54124.6
54084.5
54211.4
54488.8
54957.7
55449.5
55900.6
56462.5
57403.3
58627.4
59822.8
61133.8
62800.1
64386.6
65807.6
68803.6
67115.6
66075.1
66267.3
64764.8
64377.9
64235.3
64554.8
65588
67275.9
67354.3
68022.4
67468.4
66300.9
65800.8
66503.4
65164.9
65581.1
65175.6
64712.6
65353.3
63766.6
62782.7
62679.7
62901.2
62499.9
62403.1
63013
62193.3
61252.2
60933.7
60601.1
60188.5
59450.1
59651.6
62059.2
60238.2
58305.7
57795.6
57874.5
57671.7
56892.8
56075.2
56356.2
58643.7
57710.6
57342.3
57621.8
58237.3
58427
58418
57924.9
58002.2
57878.4
57372.5
57116.1
56680.8
56497.5
56557.2
56647.7
56270.8
56166.1
55617.4
55415.2
55174.8
54679.9
54453.3
54849.6
55847.9
57745.2
56189.6
56598.4
57399.7
55912.9
54541
54301.6
55059.8
54461.5
53865.2
53993.8
54759.9
53462.2
53095.4
52842
52659
52627.9
52650
52878.5
53494.7
54759.9
56113.8
57602.4
58901.7
59176.1
59016.9
58584.1
58096
57862.3
58199.3
59906.1
62903.2
61153.3
61299.4
62731.2
62048.9
61037.4
61790.2
64695.1
68397.6
68392.4
69778.9
72769.6
72685.6
72264.2
73019.4
75449.3
77033.6
76084.5
76982.3
78298.7
76736.8
75530.7
74864.8
73927.7
73011.6
71057.7
70595.5
70518.6
67514.8
65457
65375.8
67184.8
66743.5
64229.7
62884.4
61135.6
59566.5
58215.8
57227.3
57008.6
57371.2
57355.4
57009.1
56538.9
57619.8
59599
57748.1
57063.3
56165.4
55486.5
55621.2
56928
56287
55898.5
55450.7
54930.4
54457.5
54442.6
54783.7
56079.6
56087
53668.7
52959.2
53567.4
54416.6
53674.3
54415.6
57766.8
55860.5
56258.2
58043.1
56723.2
56059.5
55697.6
55671.4
55256
55042.7
54220.5
53625.3
53349.6
53518.2
53906.9
54532.8
54509.9
54487.6
54604.7
54847.2
55473
55838.9
55023
55044.5
56604.8
56497.1
55873.4
55970.5
56738.3
57028.8
56012.5
55905.8
55674.9
55406.8
55254.9
55583.1
56073.4
56731.3
55584.2
55148.7
56158.9
55928.9
55684.1
55813.5
55605
55564.1
55698.5
55903.7
56065.2
56062.3
55624.8
54672.3
54428.5
54460.9
54841.4
55340.9
55577.7
55888.1
55859.6
55854.4
55859.3
55949.4
55782
55885.7
55910.8
55807.3
55375.7
55137.1
55076.8
55107
55281
55285.9
56101.2
56120.1
55213.8
54534.7
54363.8
54179.1
54116.5
54183.8
54599.7
54739.4
54922
55234.2
55249.5
55223
55069.2
54982.3
55142.5
54972.7
54930.5
54973.3
54903.3
54320.9
53684.6
53355.9
53058.5
53305.5
53815.1
54261.9
54601.9
54530.9
54527.1
54422
53992.2
53976.8
21185
29192.9
30799.3
30777.6
31503.4
32603.2
34077.5
35411.8
36481.8
37429.8
38449.6
39298.4
39588.6
40009.6
40788.2
41138.5
41567.8
42143.1
42822.4
43291.3
43350.9
43415.9
43535.3
43438.6
43101.3
42880.6
42722.5
43039.3
43636.3
43470.8
43473.5
43425.7
43764.7
43817.2
43837.4
43728.9
43633.2
43582.6
43749.9
44390.2
45148.1
44459.3
44203
43980
43665.7
43308.7
43171.2
43340.1
44228.7
44249.5
44237.4
44213
44184.6
44077.1
43743.6
43730.1
44170.6
44371.5
44796.8
45009.9
45558.3
46027.6
46120.9
46361.2
46889.7
46839.7
46713.3
46871.1
47108.3
47429.5
47360.8
47516.4
47757.4
48437.4
47890.7
47933.2
48773.1
49059.6
47929.6
47608.7
48121.4
48429.4
47546.7
46726.2
46577.9
46812.1
47603.5
47638.3
46611.9
46247.1
46547.9
47075.6
46951.8
46271.5
45400.4
45181.4
45303.5
45932.8
46038.6
46209.6
46709.7
46691.8
47134.2
48098.3
48270
47846.3
47424.4
47655
48200
48443.6
48923.9
48962.2
48731.4
48774.9
48869.7
48843.5
48563.5
48394.1
48488.2
49178.1
49315.5
49464.3
49482.9
49224.1
48900.2
48701.5
48701.1
49154.5
48792.4
48255.8
48503.6
48769.7
48388.1
47926.8
47485.2
46911.3
46656.5
46652.7
46888
46601.3
46769.6
47259.5
47273.2
47497.6
47523.5
47319.9
47284.2
47301.6
46892.6
46367.6
46133.6
46600.1
46186.1
46015
45904.5
45627
45370.9
45531.3
44755.8
44256.1
44230.8
44561.8
44454.2
44538.4
44653
44671.9
45001.3
45213.3
45627.6
46546.1
45914.4
46003.3
46937.3
47369.6
46593.8
46200.3
46112.9
46489.6
47447.9
47902.1
47266
47602.3
48667.3
47623.9
46838.1
46345.5
46266.2
45555.3
45314.7
45797.5
46278.2
46797.2
48281.4
48011.6
47478.6
47738.9
48588.7
48262.2
47431.2
47342.9
47366.4
47092.1
46993.7
47012.8
47124.8
47124.2
47220.5
47428.2
47686.9
47777.5
47736.1
47815.4
47833.7
47780.9
47666.4
47378.4
47110.7
47052
47223.7
47042.6
46560.4
46497.9
46792.4
46627.9
45739
45280.8
45217.5
45433.4
45368.5
45469.4
45681.2
45853.8
45982.4
45252.1
45136.3
45253.4
45417
45514.4
45566.7
45531.1
45924.5
45590.2
45151.9
45188.4
44474.3
44420.6
44562.9
44915.2
45323.2
45785.4
46090.5
46461.6
46809.7
47274.6
47179.4
46928.4
46895.9
46896.8
47104.9
47291.3
47650.4
47757.9
48017.8
47571.7
46912.1
46938.2
47020.6
46843.3
46715.1
46636
46414.4
46187.1
46132.3
46472
46987.2
47786.5
48232.9
48691.4
49128.7
49446.2
48982.8
48761
48820
49141
49527.8
49934.6
50109.5
50070.4
49870.1
49483.2
49082.6
48882.9
48886.6
49068.5
48833.7
48894.3
49003.6
49254
50822.6
51169.3
50105.5
50098.3
51023.8
51369.2
51961.3
51187.3
50665.6
50864.4
52151.8
51051
51075.2
50631.9
50977.3
52051.8
52829.6
52090.5
52683.7
55019.7
54857
53893.1
54328.9
55744.7
55222.8
52849.5
52133
52479.1
53364.8
53692.1
52664
52050.2
52351.9
53257.5
53267.3
52577.8
52273.6
52370.8
52611.4
53283.7
53830.4
54276.5
54634.8
55504
56427.8
57580.6
58137.2
58615.5
59678.5
61798.6
62129.7
62060
62886.1
62525.9
61555.1
60885.6
60565.9
60694.1
61104.4
61346.8
62999.2
64437.3
63036
62722
63138.6
62572.9
63255
62356.2
62095.8
63271.7
62003.3
61222.5
62032.6
60258.4
60014.9
62418
60457
59775.7
61144.7
61476.3
59076
58586.3
60139.6
59666.1
57789.8
57553.3
59164.8
59579.3
56489.6
55938.3
57235.2
55542.9
54076
53805
54101.8
55849.8
57087.5
55804.1
55823.2
57499
57815.7
56828
55766.3
55864.4
56655.8
55730.6
55274.9
55261.5
54865.6
54715.8
54680
54471.8
54278.4
53946.5
53305.1
53159.1
53131.9
52945.9
53491.8
55035.8
54404.9
53916.9
54588.2
53812.2
52351.6
51894.8
51620.3
51411.1
51303.5
51326.1
51370.2
51278.2
51302.1
51101.1
50673.4
50515.5
50500.3
50509.5
50824.6
51667.5
53070.7
54283.3
55166.4
56098.7
56619.4
56340.4
55959.6
55435.9
55449
55984
56839.2
57797.9
57975
57629.7
57626.2
57689.6
58265.1
59388.8
61427.8
63610.1
65391.7
66816.4
67189.7
68189.3
69479.2
71767.2
73056.5
73110.4
73555.4
74000.4
74053.6
72615.5
72773.9
73425
71420.7
68636
68178.2
68759
66163.7
63055.4
61444.7
61125.6
61417.1
61316.7
60528.1
59270.5
58444.4
57344.8
56136.6
55236
54875.6
55279.8
55523.8
54454
53426.7
53804.3
54439.3
54337.4
54089.7
53476.6
53070.4
53114.5
53606.3
53870
53593.7
53150.9
52795.9
52076.8
51971.7
52288
52373.8
52147.5
51523.4
50807
50677.3
51071.8
51750.9
52638.2
53518.1
53669.2
54162.7
55601.8
56543.7
54719.9
54066.6
54204.8
52898.9
52088.1
51932.2
51541.3
51321.4
51498
51870.1
52434.3
52731.5
52879.6
53214.4
53340.5
53412.7
54168.6
53813.7
52780.4
52667.7
52564.9
52911.3
53496.2
54013
54097.6
54193.8
54334.9
54534.8
54444.1
54223
54634.9
56536.4
55957.9
53611.4
53291
53170
53184.4
53343.2
53544
53471.1
53621.4
53678.8
53852.6
53864.7
53521
52919.9
52868.1
52516.6
52345.1
52499.8
53635.8
53878.4
53863.2
54051.1
54341.3
54337.5
54068.8
54056.5
54069
53957.4
53681.1
53500.8
53374.6
53333.3
53195.7
53221.6
53118.9
53584.6
53818
53590.6
52905.7
52772.8
53067.5
53012.1
52951.1
53140.9
53480.1
53543.3
53449.6
53763.5
54325
54084.6
53612.7
53473.8
53794.7
53959.8
53597.6
53303.1
53446
53061.7
52846.7
52396
52378.4
53039.2
53816.3
53985.6
53002
52757
53095.4
52250
51706.1
57590.4
43003.9
33866.6
31142.7
30772.1
31214.9
32157.8
33226.6
34202.1
35327
36062.3
36506.8
37208.2
37810.9
38643
39758.7
40897.8
41289.1
41987.4
42112
41769.1
41795.4
41709.2
41575.2
42247.5
41904.3
40874.7
40825.1
41487.8
41843.8
41656.8
41231.7
40988.8
40997.3
41004.1
40696.2
40554
40586.9
40822.4
40713.1
41132.1
40938.4
40849.6
40792.2
40695.5
40872.6
40818.9
40743.4
41035.1
41546.4
42115.8
42116.8
42030.9
42216.1
42263.4
42188
42436.8
43040.2
42972.8
43121.2
43473.1
43543.4
43843.7
44272.9
44546.5
44438.6
44620.8
45088.6
45199.7
45448.7
45953.2
46140.6
45665.4
45513.6
45512.1
45650
45454.6
45259.4
45061.4
44737.2
44385.3
44152.2
43962.2
44025.6
44183.7
43935.1
43735.3
43588.1
43439.7
43272
42893.9
42713.8
42579
42491.4
42580.6
42783.4
43245.4
43295.9
43389.2
43732.7
43751.6
43922
44320.4
44361.1
44323.3
44525.9
44898.5
45661.8
46078.4
46331.8
46862.9
47410.5
47241.1
47376.8
47177.1
46896.9
46746.6
46863.7
46649.2
46565.1
46818.9
47201.2
47193.8
46567.5
46086.3
45770.1
45425.2
45152.9
45077.2
45230.4
45461.4
45202.3
45005.7
44856.6
44577.8
43918.1
43535.1
43391.3
43560.4
43881.2
44423.9
45201.1
45406.5
45690.8
46056.7
45630.8
45409.1
45028.3
44835.1
45005.6
44349.2
43910.6
43912
44096.7
43982
43487.9
43077.8
42974.8
42666.9
42203
41971.2
42112.9
42261.3
42491.6
42838.5
42661.4
42463.7
42409.8
42511
42631.1
42922.2
42817.1
42806.9
43006.3
43297.9
43619.3
43470.3
43408.1
43522.5
43697.4
43827.1
44060.4
43502.3
43361.9
43391.2
42989.8
42892.9
42786.6
42783.7
42911.7
43444.9
43706.8
43876
44060.6
44352.2
44580.8
44194.1
44191.1
44469.2
44886.2
44724.6
44750.6
44698.2
44817.8
44887.7
45014.7
45049.3
45237.8
45829.3
45716.4
45966.7
46872.9
46266.7
45451.8
45221.6
45142.3
45366.7
44913.3
44263.7
44125.4
44290.7
44522.5
44325.6
44556.1
44019.7
43475.4
43367.1
43546.3
43503.9
43375.8
43382.2
43570.5
43879.8
43419.6
43166.8
42892.3
42857.3
43188.1
42984.1
42923.3
42839.7
42894.8
42371
42147
42191.9
42416
42943.2
43126.1
43215.5
43336.2
43631.3
43935
44231.7
44522.1
44555.1
45156
45708.7
45091.8
44820
45073.1
45598.1
45339.4
45378.9
45739.8
44712.1
44742.9
44942.9
45021.2
44574.2
44308.6
44264.5
44073.8
43984
44072.4
44533.5
45339.2
45478.5
45976
46510.2
46761.9
46797.3
46611.9
46714.6
47034.5
47179.3
47358.9
47528
47580.2
47469.7
47221.8
46899.2
46569.8
46353
46369.8
46238.7
46006.5
45963.3
46105.9
46298.8
46571.9
46742.6
46935
47553.6
47601.8
47585.5
47538.3
47781.9
47810.8
47941.3
48285
47964.5
48189.3
48590.9
49356.2
49353.1
49755.6
50448.6
50882
51053.7
50944.5
51179.9
50578.5
50100.1
49810.7
49899.9
49659.1
49537.5
49485.5
49409.8
49246.1
49160.2
49442.6
50546.5
51185.8
50450.1
50333.3
50955.8
52780.7
54101.1
53564.2
53436.5
54566.1
56315.2
57152.2
56271.6
55967.6
56182.8
57408.1
58509.9
57911.3
57656.6
58033.9
57604
57355.8
57327.7
57180.9
57525.2
58005.1
58749.4
60672
59245.7
58608.6
59287.2
58966.9
58518.4
58867.8
57840.5
57873.6
59469.8
57959.8
57494.4
57582.2
56752.6
56834.8
56967.7
56322.4
56138.6
56334.9
55879.6
55161.3
54873.4
54572.2
54651.8
54722.3
54627.8
54271.9
53410.5
52732.2
52240.6
51562.3
51302.9
51520.8
51627.3
51977.1
52584.4
53017.8
53177.1
53660
53670.6
53709.3
53351.3
53262.8
54518.9
54924.6
53425.5
52710.9
53465.1
53482.6
53415.2
52598.6
52442.5
53117.3
51884.2
51369
51588.1
51206.3
51152.5
51644.1
51328.8
51193.4
50810.9
49856.3
49460.4
49423.5
48966.5
48735.5
48716.5
48937.7
49435.3
49519.1
49342.5
49058.7
48719.9
48721.7
48929.6
48860
48978.7
50078.5
52736.2
52361.6
52860.9
54579.7
53645.2
53538.6
54316.4
53649.1
53246.3
53531.2
54166.7
54606.3
54757.9
54782
54840.6
55244.6
55963.2
57000.3
58448.6
60360.4
62453.5
63492.7
63982.6
65124.4
66567
68387.2
68950.2
69742.9
71002.3
70743.8
69386.1
69307.3
69595.7
67554.3
65983.9
65047.7
64412.5
62941.4
60632.7
59042.4
57619.2
57059.3
57006.9
57304.5
56755.6
56076.6
56432.7
56553.9
54694
53568.5
52417
52777.8
53332.7
51055.6
50081.5
49852.7
50159.2
50502.2
50685.9
51032.9
51222.4
50926.7
51309.6
52201.6
51443.8
51165.5
51766.4
50219.7
49647
50252.9
50103.2
49792.2
49308.5
49338.2
48789
48807
49629.3
51096.4
50943.3
50909.5
50796.7
50706.4
51082.9
51649.3
51688.6
52813
51192.4
49742
49758.2
49908.4
49476.1
49755.2
50618.8
52283.8
51543.6
51522
52649.8
52716.9
51641.7
51161.3
50882.3
50492
50028.1
50123.3
50689.9
51398.7
52534.4
52442.1
52532.2
53298.2
54854.4
53408.9
51889.4
51745.5
51739.5
50568.4
50274.3
50475.9
50461.9
50770.7
50760.3
51001.8
51790.5
52535.8
51875.5
51947.9
52463.4
51917.4
50842.1
50572.1
50735.2
50895.8
50751.9
51286
52857.3
52010.6
51844.4
52477.6
54324.7
52610.1
52475.4
52931.8
52915.7
51752.5
51221.5
51586.3
52464.4
52172.4
51397.4
50869.2
51644.3
53155.1
52566.8
51268.6
51445.9
53166.6
52711.6
51722.6
51845.3
53034.8
52697
51844.8
51909.2
53198.8
54096.7
52384
51957.6
52803.3
53550.3
52367
51433.5
51640.2
53460.2
53105.2
51349.6
51171
52449.1
52814.6
51409.9
50974
50963.3
51372
51069.4
50181.5
32000.9
34905.5
30604.9
29632.7
29561.6
30172.1
31146.1
32336.6
32849.8
33748.2
34647.2
35237.1
36409.8
37204.8
37545.5
38531.6
39373.6
39772.6
40401.6
40120.2
40204.8
40534
40104.5
39632.3
39401.2
39473
38947.5
38675.5
38734.5
39155.1
39410.3
39172.4
39163.7
38991.4
38677
38351.7
38336.5
38188.8
38290.1
38072
38042
38508.4
38320.7
38276.4
38406.3
38578.4
38700
38916.2
39164.8
39659.5
40300
40375.7
40661.4
41021.3
41157.6
41206.5
41464.7
42023
41527.4
41532
41603.3
41835.4
42333.8
42917.2
43372.4
43424.6
43921.2
44245.9
43879.5
43835.7
43871.8
44078.5
43591
43340.1
43360.9
43611
43230.8
43128.6
43163.6
43115.4
42511.1
42013.6
41674.2
41467.2
41651.9
41278.7
41082.9
40948.5
40820.8
40777.8
40555.4
40384
40427
40612
40907.7
41294.7
41841.9
41509.5
41400.7
41311.8
41404.2
41700.6
42102.9
42167
42289.5
42541
42927
43713.3
43832.7
44158.1
44575.9
45138.7
45212.9
45514.8
45458.2
45120.4
45047.8
45079.2
45086.2
44748.5
44516.4
44562.3
44549.7
44044.3
43848.1
43701.7
43327.7
43014.5
42915.5
43119.1
43164.4
43038.5
43129.8
42406.5
41691.9
41406
41309.2
41304.2
41353.2
41665.9
42148.2
42118.7
42304.3
42783.5
42329.3
42422.4
42849.2
42548.1
42585.8
42654.2
42185.9
41839
41655.1
41753.1
41501.9
41072.2
40900.7
40859.1
40866.2
40698.9
40384.2
40310.5
40419.7
40713.8
41051.9
40678.7
40469.1
40328.4
40323.5
40394.6
40520.1
40710.5
40609.2
40666.6
40942.3
40990.2
40935.8
40966.3
40873.4
40837.4
40918.1
41084.2
40437
39989.9
39773
39708.6
39831.9
40058.6
40335.1
40813.5
40990.2
41000.3
41115.9
41331.3
41620.6
41618.5
41502.9
41709.7
42607.5
42463.5
42751.6
43537.4
42883.7
42787.6
42973.5
43094.5
42821
42650.5
42595.4
42815.5
42872.7
42288.9
42033.6
42011.8
42135.9
42013.9
41863.3
41820.3
41831.8
41638.9
41719.3
42282.7
41890.7
41642.2
41490.9
41474.7
41263.4
40964.8
40941.1
41058.2
41332
41768.8
41807.3
41662.7
41686
41938
41205.9
41039.4
41264.1
41547
41178.5
41223
41086.8
40748.3
40625.9
40785.8
41358.8
41201
41411.7
41727
42510.6
42454.1
41975.9
41976.6
42004
41736.4
41610.4
41612.4
41748.6
41760.5
42429.3
42513.5
42179.4
42068.2
41441.7
41137.1
41179.1
41402.7
41665.2
41495.3
41338.7
41427.9
41861.3
41995.9
41842.7
42227.1
42738.4
43574.6
43964
44401.1
45773.2
45199
45216
45321.1
45404.2
46212.2
45792.4
44916.4
44708.5
44856
45587.9
45481.1
44466.2
44171.6
44130.1
43605.7
43317.1
43203.5
43296.6
43502.1
43679.4
43604
43796.9
44024.9
44289.9
44273.8
44679.2
44633.1
44701.3
44735
44859.8
45152
45812.1
46326
46751
47575.6
48203.4
47992.3
47973.2
47980.8
48077.6
47398.7
47043.6
46896
47299.7
46953
46755.9
46671.7
46559.3
46631.2
46759.3
46434
46428
46795.6
47418.6
47852.9
48074
48379.6
49017.8
49577.6
50061.6
50403.7
50677
50991.6
51774.3
52117.9
52395.9
52652
53048.6
53270.6
53931.6
53321.9
53431.7
54024.3
53744.8
53730.7
54490
54619.4
54813
55373.5
56267.3
54929.3
54652.5
56022.9
54635.6
53855.1
53730.5
52758.4
53166.8
53121.6
52290.5
52334.4
52500.8
52127
52544.4
52288.4
52190.4
51881.6
51608.5
51846.6
51150.4
50794
51116.1
51990.9
50994.6
50474.1
49970.2
49581.2
49033.2
49037.3
48656.5
48789.1
48838.1
48900.2
49227
49377.9
49596.7
49714.9
49824.6
49758.1
50250
50225.3
50211.3
50366.6
50828.6
49735.2
49953.7
51649.4
51003.8
49880.6
49700.9
50493.9
51146.8
49219.1
48666.5
49514.4
48809.3
48364.4
48344
48292.5
47871
47214.6
46763
46649.9
46386.1
46168.3
46111.4
46467.1
47546.4
49093.1
47963.2
47358.9
46897.6
46841.4
47761.8
47234.4
46663.3
47101.7
47616
48183.4
48884
48874
49411.8
50202.9
51708.7
51889
50755
51026.2
51958.9
52183.4
51665.1
51705.8
52310.8
54070.8
54218.3
54376
55325.3
58057.1
58793.9
59353.2
60846.7
63040.5
64873.4
64416
65454.3
66812.3
65664.2
65165.9
65386.1
66607.9
63872.4
62812.9
61931.3
61284.5
59712.3
58143.2
57343.6
55664.7
53847.8
53057.5
52882.4
52948.1
53022.4
51874.8
50963.9
50356.9
49652.8
48962.9
48715.1
47171.1
46511.7
46169.3
45996.7
46251
46875.2
46904
46978.2
47201.8
47630
47280.4
47446.1
48300.9
48327.4
47874.5
47548.7
47486.1
46778
47093.5
48139.6
46980.8
46283.3
45882.8
45900.3
46182.3
46510.9
47854
48853.3
48246.3
48097.6
47439.2
47411.9
48283.4
48201
48045.5
47940
46900.4
46600.5
46764.7
47174.8
47669.6
47924
48141.6
48345.8
48828
48405.1
48387.3
48684.3
48074
47799.6
47877.4
47490.4
47796.7
48629.8
48184.6
48295.7
48480.9
49056.9
49537.3
49165.2
48609.7
48177.3
47734.1
47111.7
46706.2
46675
47177.8
47608.5
48153.1
47844
47771.5
47932.6
48096.4
48175.3
48563.3
48195
48087.1
47706.5
47682.6
47948.1
48923.4
48333.7
47786.3
47637.4
48088.4
48748.1
48931.8
49222.4
49302.7
48614.1
48332.9
48426
48683.3
48136.7
47744.6
47773.1
47783.9
47379.2
47344.9
47234.6
47267
47439.9
47839.9
48503.1
48696.5
48762.4
48933.7
48602.3
48637.7
48798.6
49075.2
49238.9
49122.2
49001.9
48697.5
48531.5
48273.6
48130.3
48098.2
48332.9
48790.7
48840.8
48642.3
48362.9
48202.7
47983.9
47911.1
48080.7
48431.2
48560
48962.2
49336.5
48735.9
83616.7
51667.8
36084.2
30912.1
29534.9
29622.2
30226.2
30884.2
31603.2
32706.6
33278.1
34129.3
35309.3
35684.9
36357.5
37322.8
37644.3
38244.3
38993.7
38858.7
39213.9
38981.4
38269.6
38003
37964.1
38150.5
38330.9
37951.1
37821.5
38020.5
37976.3
38135.6
37745.3
37161.3
36881
36551.2
36525.9
36364.8
36168
36231.3
36291.7
36467.3
36514.7
36706.7
36820.2
37008.8
37239.7
37931.2
38300.5
38737.7
39094.9
39128
39532.6
39181.4
38917.5
38912.8
39123.9
39591.9
40215
39855.8
39882.7
40193
40780.7
40930.6
41026.3
41333.1
41985
42591.3
42381.8
42446.5
42493.6
42057.2
41828.3
41813
41618.9
40924.5
40758.7
40877.4
41285.7
41151.9
40689.1
40353.9
40296.1
39359.9
39045.3
39067.2
39412.8
39371.1
38968.8
38831.8
38722.8
38925.8
39000.3
39177.1
39521.5
40150.5
39759.8
39475.6
39403.9
39486.8
39749.5
40057.6
40169
40299.8
40625.5
41333.4
41447.6
41452.2
41799.2
42351.5
42990.9
43270.7
43485.6
44034.9
44105.8
43707.4
43721.9
43720.1
43368.8
43134.6
43200.4
42565.3
41939.1
41685.1
41576
41610.4
41219.3
40789.6
40568.5
40474.4
40572.2
40380.1
39633.7
39238
39038
39077.6
39354.1
39491.6
39280.1
39160.7
39044.1
39131.3
39324.1
39586
39350.2
39389.7
39725.1
40046.4
40549.6
40418.8
40234.9
40255.1
40150.7
39303.4
38999.7
38846.2
38833.3
38938.6
38689.7
38395.6
38295.5
38410
38685.6
39149.7
38716.6
38323.4
38087.8
38008.8
38127.4
38411.4
38668.7
38501.6
38405.1
38460
38603.3
38897.2
39426.7
38883.2
38656.4
38622.7
38654.3
38331
38358
38142.7
37731.6
37566.7
37560
37798.4
37897.9
38004.3
38218.2
38552.6
38758
38450.7
38504.3
38512.6
38473.4
38666
38900.4
39340.5
39999.3
40334.8
40217.5
40351.8
40812.1
41034.1
40388.1
40092.6
39967.2
39984.3
39982.7
39702.3
39614.1
39831.6
40253.9
39897.7
39858.6
39976.7
40279.1
40418.5
40397.2
40704
40619.6
39979.2
39754.5
39658.6
39529.9
39214.1
39099
39184.4
39511.8
39960.5
39571.3
39490.1
39558.8
39719.7
39437.9
39087.7
38837.9
38766.2
38886.9
39080.3
39395.4
38947.6
38663.5
38597.9
38682.1
39033.5
39642
39194
39037
39118.9
39381.3
39621.5
39252.7
39009.9
38856.5
38595.3
38546.2
38611.3
38601.8
39029.3
38844.5
38822
38755.3
38514.4
38433.5
38617.6
38868.1
38636.3
38677.7
38871.7
39150.9
39113.3
39213.6
39473.5
40018.6
40506.9
40598.5
40728
40905.5
41261.2
41471
41237.7
40837.5
40581.9
40548.8
40769.9
41246.4
41205.8
41080.5
41091.9
41219.4
41361.1
40831
40503.6
40401.6
40434
40629.2
40949.1
40934.6
40854.8
40982.4
41285.8
41878.5
41491
41262.1
41424.4
41697.8
42057.3
42276.2
42161.5
42240.7
42606.6
43274.2
44337.4
45085
45042.7
45494
45535.6
45090
44684.1
44569.1
44247
43897.9
44030.4
44173.7
44495.7
44276.8
44050.2
44071.4
43963.8
43900.1
44039.1
44608.1
44678.1
44678
44874.2
45092.1
45571.6
46177.8
46786
46827.3
47031.3
47445.8
48611.6
49527.4
49043.1
48837.1
48721.7
48811.1
49181.1
50208.7
49963.1
49735.7
50009.2
51274.1
50820
50505.7
50199.3
50035.9
50386
49961.5
50410.1
50120.7
49203.2
48653.6
47460.4
47013
47472.7
47354.7
47128.6
47113.9
47434.6
48237.8
48277.8
48183
48571.5
48036.9
47540
47419.7
47620.8
46954.4
47009
46855.5
46651.2
46141.4
45755.5
45810.4
46652.9
45943
45252.4
45409.4
45664.5
46370.7
46305.3
46259
46442.9
47289.4
46863.3
46489.9
47167.3
46866.1
46214.8
45810.1
45669.9
45456.3
45097.2
45047.3
45336.8
45813
45722.4
45631.6
45730.5
44918.2
44574.5
44681.7
44928.6
44853.5
44493.1
44192.2
44325.4
44174.2
43232.8
43114.6
43162.7
43503.5
43822
43755.7
43720.8
43695.4
43615.5
43650.8
42840.5
42375.4
42137.5
42370.1
43174.1
43458.6
44024.2
44390.9
44523.7
45025.9
45307.1
45501.7
45693.1
45987.4
45679.3
45920.7
46326.8
47058.4
47885.1
48147
48349.2
48731.1
49454.9
49717.5
50456.5
51808.3
53614.5
56096.5
57543.2
58534.8
59756.7
61310.4
60458.9
60436.6
60864.4
60400.7
59730.9
59455.3
59393.1
56798.9
55373.5
54549.9
53647.9
52236.1
51248.2
50219.3
49361.1
49131
49324.6
47817.5
46729.6
45884.4
45086.4
44480.6
44143.2
43899.8
42630.4
42047.9
41798.5
41816.2
42084.5
43110.2
43054.3
43140.5
43252.9
43501.5
43147.5
43061.8
43747
43905.7
43741.5
43862.5
43885
43235.2
42853.6
42518.5
42567.5
42347.3
42153.3
42273.8
42416
42592.7
42748.5
43268.5
43693.4
44199.8
44094.2
44400.6
44554.5
44458
44711.6
45031.4
44661.7
44227.6
44179.1
44502.3
45009.4
44789.9
44925.9
45291.9
45408.6
45061.5
44880.8
45061.9
44746.1
44547.8
44216.8
43834
43745.3
43769.8
44093.3
44461.5
44397.3
44786.6
45045.3
44761.1
44572.4
44454.1
44364.3
44141.7
43812.7
43660
43807.3
44253.8
44950.6
44520.8
44432.5
44297.8
44338.9
44523.3
44909.2
44362.5
44055.2
44102.6
44142.9
43996
43745.1
43681.2
43542.3
43275.2
43400.5
44260.4
44323.1
44563.6
45065.5
44542.3
44153.2
44155.5
44638.4
44030.7
43749.7
43446.4
43239.1
43387.5
43749.2
43707.2
43781.7
44040.7
44579.9
45226.9
45133.3
45262.5
45473.3
45682.3
45460.6
45410.3
45820.7
46075.9
45682.2
45572.6
45614.5
45703.6
45285.2
45072.1
45064
45317.4
45687.5
45406.7
45380.9
45495.4
45586.6
45281.3
45170.8
45356.7
46053.6
46034.3
46345.8
46951.4
46840.5
32748
37418.7
30813.1
28811.5
28075
28183.7
28666.9
29344
30227.4
31448.7
32100.3
33026.7
33809.8
34613.5
35912.7
36251.5
36561.3
37341.9
37489.8
37443.9
37713.6
37674.1
37048.2
36926
37057.2
36736
36314.6
36179.4
36357.5
35904.9
35199.2
34831.9
34637.9
34620.1
34777.4
34514.5
34310.4
34278
34481.6
34905.3
35713.5
35419.4
35117.5
35134.7
35398.3
36053.2
36237.9
36509.6
37128.9
37595.2
37129.1
37204.2
37482.6
36816.7
36560.4
36444.6
36571.5
36843.6
37255.2
37290.2
37470.8
37984.3
38772.7
38563.5
38629.9
38879.9
39312.9
39572.8
39552.3
39861.6
39943
39331.9
39053.2
38892.1
38771.1
38173.2
37857.3
37830.4
38212.3
38094.2
37837.1
37682.1
37637.6
36990.9
36616.6
36354.3
36309.7
36420.8
36648.4
37058.5
36914.8
36754.4
36728.2
36831.6
37035.5
37396.7
37511.8
37367.8
37411.3
37662.5
38232.3
38745.6
38452.6
38462.4
38674
39128.8
39390.8
39511.4
39776.5
40410.1
41069.6
40968.8
41156.7
41521
41722.1
41479.3
41501.8
41551.2
40984.9
40787.9
40698.1
40324.9
39753.6
39444
39396.4
39515.7
38720.3
38326.1
38034.6
37936.3
37951.6
37859.9
37350.5
37039.6
36945.9
37034.4
37327.6
37597.1
37100.2
36875.9
36783.9
36864.1
37051.5
37174.5
37299.9
37436.4
37717.9
38368.7
38652.6
38367.2
38314.8
38307.3
38198.6
37583.8
37250.2
37111.6
37169.9
37243.4
36547.8
36255.2
36072
36025.1
36143.7
36398.4
36501
36209.6
36098.5
36197.7
36459.5
37011.3
36895.9
36506.7
36314.1
36224.7
36315.3
36507.9
36824.2
36398.3
36118.3
35951.5
35881.1
35980
36173.7
36478
35963.6
35671.3
35561.4
35616.4
35877.4
35942.3
35301.9
34996.9
34918.7
35112.8
35521.9
35287.8
35294.8
35416.9
35677.1
36157
36339.7
36909.7
37244.4
37726.6
38461.8
38255.3
37682.4
37458.4
37229.4
37156.2
37125.9
37128
37362.2
37748.3
37606.2
37528.2
37639
37900.8
38271.8
38403.7
38449.7
38740.9
38346.2
37970
37871.3
37892.2
37639.8
37375.5
37354
37550.3
38092.4
37654
37467
37532.4
37775.4
37960.5
37663.5
37443.1
37487.9
37364
36793
36663.1
36896.7
36399.9
36205
36139.5
36253.8
36506.8
36871.4
36730.3
36794.1
37101.8
37850
37789.8
37522.2
37591.3
37054.8
36102.9
35696.1
35487.1
35466.1
35423.2
35442.9
35510.6
35652.1
36049.2
36215.1
35671.1
35627
35751.4
36022.5
36404.3
36528.5
36547.5
36741.7
37167
37814.7
37639.1
37946.9
38240.3
37910.9
37948.7
38123.1
37751
37478.4
37393.8
37477.5
37735.8
38346.5
37879.9
37717.3
37699.5
37850.8
38094.5
37971.8
37735.5
37720.6
37928.4
38412.1
38840.3
38275.8
38118.2
38110.2
38334
38717.5
38700.1
38521.6
38586.8
38926
39745.4
39557.6
39136.1
38989.5
39045.9
39338.9
39823.5
39984.3
40110.6
40685.5
41348.7
41139.5
41219.6
41415.2
41285.9
40986.7
40972.6
41433.5
42028.2
41926.6
42407.6
41744.3
41625
41805.6
41684.2
41717.5
42094.7
42722.6
42124.6
42082.2
42399.7
43052.9
43417.9
43565.9
43885.6
44477
45731.8
45349.6
44750
44516.8
44627.1
45402
45971.3
45639.5
45363.8
45416.6
45717.4
46478.5
46322.4
45763.8
45559.8
45342.8
44533.9
44064.5
43626
43389.7
43376.3
42830.7
42533.8
42586.1
43329.6
43109.4
42597.8
42386.6
42448.7
42779
43127.1
42927.7
43281.2
43561.6
43264.8
43367
43468.8
43023.1
42594.5
42752
42619.7
41922.4
41581.9
41436.1
41470.6
41576
41314.8
41254.5
41549.7
42572.3
42719.1
42565.3
42644.2
42854.8
43044.8
42493.1
42266.9
42451.9
42195.7
41811.8
41464.7
41324.7
41621.5
41260.7
41464.6
41872.7
41547.2
41547.8
41618.5
41407.1
40898.8
40689.7
41049.7
40903.6
40471.7
40326.3
40328.3
40332.7
40022.7
39889.3
40073.9
40851.2
40648.4
40094.1
39769.8
39499.3
39334.9
39273.6
39170.6
38844.4
38706.8
38790.1
39195.3
39740.6
40374.7
41077.8
41101.2
40824.4
40893.2
41150.6
41377.4
41708.7
41627.4
41776.9
42121.1
42852.8
43736.9
43594.3
43835.1
44318.3
44952.5
45314
45987.3
47094.5
48848.2
50865.4
51658.2
52901.2
54545.5
54956
55295.1
56332.2
55823.5
54587.9
54118.9
53693.6
51543
50315.2
49455.4
48741.4
48286.2
48054.4
47195.5
46276.9
45644.2
45191.8
44885
44293
42356.2
41284.2
40324.6
39613.4
39111.3
38798.4
38665
38642.6
38757.4
39236.9
39008.5
39190.1
39907.8
40405.1
39827.2
39659.3
39817
39219.4
38807.3
38995.6
39341.9
39953
39940.8
39975.8
40324.5
39280.7
38498.8
38268.7
38294.3
38601.5
39191.3
39764.2
39799.8
39976.5
40403.7
41328
41553.6
40861.5
40819.3
41097.8
41740.6
41809.8
41597.5
41674.9
42177.4
41724.3
41376.2
41452.1
41758.8
42357
42387.6
42156.1
42098.1
42410.2
41732.6
40860.8
40442.2
40356.8
40557.6
40760.8
40611.8
40553.2
40734
41067.5
41723.3
41287.4
40850
40687.9
40759
41067.9
41132.6
41040.2
41080.9
41276.3
41728.8
41487.7
41300.5
41362.3
41647.7
41948.1
42006.1
42269.6
41515.4
41280.2
40861.1
40341.9
40169.9
40124.6
40129.6
40003
39786.6
39929.8
40364.7
40322.1
40201.2
40230.2
40461.9
40558.8
39699.7
39449.4
39301.8
39360.8
39583
39966
40182.9
40376.6
40719.1
41364.8
41935.1
41680.3
41849.6
42203.1
42629.5
42583.3
42548.4
42741.2
42965.1
42476
42416.6
42524.4
42793.9
42705
42444.4
42421.1
42695.6
42726.1
42071.7
41940.8
42042.4
42427.5
42575.3
42308.1
42206.3
42311.3
42608.1
43116.3
43881.7
44030.2
43672.5
67027.9
45085
33304.6
29098.7
27378
26877.4
27111.2
27716.8
28570.2
29521.6
30448.4
31502.4
32333.8
33393.3
34556.4
34777
35439.5
35529.4
35161.6
35198.1
35407.2
35596.4
35240.4
35230.4
35188.4
34610.9
34415
34390.6
34543
34607.3
34030.2
33747.6
33678
33863
34047.3
33219.7
32821.5
32600.3
32559.9
32724
33049.1
33398.9
33243.6
33331.9
33681.2
34545.7
34565.3
34579.1
34792.2
35012.2
34529.4
34601.9
34354.2
34345.9
34182.1
34060.3
34158.5
34321.1
34539.1
34740.6
35011
35418.1
36156.6
36439.2
36523.2
36838.1
37016
36884
36936.2
37290.6
37070.7
36601.2
36402.4
36332.7
35917.6
35828.8
35839.2
35728
35809.9
36267.7
36283.9
35859.3
35686.7
35620.4
35433.3
35110.8
35020.7
35155.2
35593.6
36351.2
36196.2
36429
35811.7
35479.7
35420.8
35545.5
35637.7
35651.2
35788.1
36076.2
36706.9
36620
36457.3
36510.7
36726.9
37158.2
37369
37497.6
37777.8
38448
38516.9
38412.2
38604
39063
39242.8
39047.6
39019.5
39035.9
38492.7
38295.6
38282.3
38007.4
37588.4
37335.9
37251
37230.6
36511.5
36117.8
35870
35782.9
35832.3
35573.1
35229.1
35061.9
35072.7
35243.7
35665.1
35161.1
34751.9
34551.3
34503
34626
34929.6
35467.2
35904
36063.9
36297.8
36817.8
37201.5
36873.5
36819.1
36833.6
36300.8
35919.8
35708
35686.1
35894.3
35253
34702.4
34398.4
34223.7
34200.5
34326.1
34593.4
34711.1
34548.1
34466.8
34547
34780.2
35253.2
35221.6
34735.3
34526.6
34482.9
34614.7
34916.4
34899.5
34677.5
34629.6
34849.9
34320.9
33924.9
33896
34101.4
33503.2
33188
32986.7
32926.3
32944.7
32947.9
32452.1
32195.1
32036.1
32041.1
32190.9
32390.1
32671.6
33142.4
33217.7
33114.3
33139.9
33241.2
33475.4
33792.6
34215
34219.3
33877.2
33772.6
33912.3
34130.7
34398.9
34530.9
34681.9
34939.3
35496.1
35461.4
35454
35738
35995.6
35735.4
35723.4
36003.1
35632
35426.1
35470.8
35617.9
35055
34840.4
34799.3
34936.5
35146.2
34995.9
34980
35106.1
35582.1
35533
35103.4
34923.7
34877.1
35031.5
34895.8
34350.5
34089
33952
33894.7
33963.1
34110.5
34293.8
34302.5
34195.3
34214.7
34329.5
34546.1
34692.1
33905
33425.7
33058.2
32812.2
32714.7
32808.8
33021.3
32741.9
32680.4
32723.6
32888.2
33069.9
33096.7
33111.8
33220.8
33477
34024.7
33908.5
33672.7
33636.3
33688.3
33874.9
34205.8
34127.2
33999.4
34075.2
34232.7
34446.1
34629.6
34612.7
34675.6
34851.6
35247.7
34892.7
34493.3
34419.8
34436.7
34589.7
34867.2
35272
35468.9
35435.9
35580
35903.2
36576.5
36239.5
35735.4
35535.2
35514.1
35694.1
36052.2
36096.3
35933.1
35968.8
36181.9
36639.7
36848.2
36028.7
35661
35488
35506.7
35589.7
35712.2
35827.1
36041.2
36402.8
37147
37382.4
37417.3
37948
37824.6
37922.6
38312.6
38639
38067.1
37958.6
38180.7
38522.3
38197.7
38071.4
38159.8
38389.8
38862.2
38682.7
38758.9
39124.8
40097
40171.5
39804.1
39720.4
39841.9
40098
40610.2
40301.7
40159
40268.7
40800.9
41710.2
41121.2
40810.6
40662.5
40698.6
40816
41230
40515.4
39973.3
39678.7
39588.9
39715
39413.5
38898.7
38427.5
38174.3
38149.6
38425.3
38841.8
38085
37802.1
37700.5
37894.5
38417.8
38656.3
38764.6
39138.7
39317.3
39187.6
39370.9
39152.7
38730.4
38517.9
38573
38836
38012.4
37615.9
37481.1
37651.3
37740.9
37656.2
37693.6
37925.1
38474.2
39230.1
38826.4
38733.4
38987
38759.1
39050.3
38660.6
38322.9
38497.7
38490
38105
37995.1
37928.8
38010.9
37783.8
37529
37558.3
37707.6
37557.4
37279.8
37164.3
37261.7
37469.4
36810.6
36583.5
36547.1
36697.6
36759.8
36685.1
36638.1
36702.5
36958
37178.9
36660.7
36398.2
36249.9
36186.6
36055.9
35984.3
36035.7
36406.1
36724.9
36648.6
36849.6
37476.9
38302.8
37770
37676.8
37775.2
37954.6
37909.1
37904.9
38334.6
39310.2
39600.9
40193.6
39907.3
39668
39819.4
40237.3
41005.7
41995.8
42735
43587.7
45004.3
46434.2
46585.1
47247.7
48276.2
48841.9
48630.7
48747.2
49135.8
49669.2
48448.8
47151.3
46357.5
45696
45287.7
45226.9
44402.7
42910.1
42166.1
41543.5
41143.1
40957.2
40718.3
39632.5
38389.7
37462.1
36744.3
36151.4
35765.4
35597
35732.2
36098.7
36528
36373
36158.4
36180.9
36419.9
37034.4
36240.8
35379.3
34883.4
34645.2
34701
35042.1
35400.4
35265
35338
35603.6
35904.8
35670.5
35193.7
35009.2
35129.6
35517.4
36345.6
37115.4
36702.4
36657.1
36853.5
37282.7
37771.7
37587.9
37671
38151.3
38695.3
38155.2
38057.8
38183.7
38590.7
38601
38303.5
38269.2
38624.3
38966.3
38318
38096.9
38076.6
38225
37984.7
37463.3
37268.6
37360.5
37841.4
38198.4
37460
37143.4
37031.1
37147.5
37420.6
37640.3
37373.9
37365.8
37611.1
38307.9
38666.1
38277.6
38212.5
38362.6
38763.7
38589.3
38429.9
38543.3
39083.3
39626.5
39194.4
39179
38542.2
37376.7
36867.1
36607.3
36564.9
36719.3
36647.4
36375.8
36205.5
36055.8
35928.3
35845.1
35846.5
35941.8
36129.1
36223.1
35938.3
35797.4
35881.1
36197.7
36868.4
37624.7
37309.8
37357.8
37616
38142.1
38640.4
38646.3
38813.2
39394.8
39937.8
39582.2
39596.9
39774.5
39888.4
39576.7
39495.7
39779.6
39924.9
39209
38939.4
38865
38964.4
38976.4
38562.8
38434
38570.5
39151.3
39043.2
38503.4
38268
38224.5
38371.7
38153.1
38081.7
38551
38674.8
30756.7
33626.7
28423.1
26404.6
25774
25849.6
26181.1
26643.8
27412.2
28285.8
29358.4
30764.2
31297.6
32344.9
32893.3
33226.3
33880.5
34244
33757.1
33705.9
33856
33446.4
33293.6
33339.4
33708.1
34134
33604.2
33507.3
33664.7
33609.4
33013.6
32721.7
32633.8
32772.3
32737.1
31992.9
31628.5
31328
31119.4
31027.3
31110.7
31136.7
30921.7
30809.1
30825.4
30949.4
31206.4
31570.2
30941
30592.7
30372.2
30293.5
30377.4
30582.2
30950.7
31610.9
31991.2
31981.5
32051.5
32285.6
32693.5
33443.5
33792.2
33759
34089.7
33848.4
33566.1
33516.8
33576.5
33695.8
33574.4
33415.2
33297.2
33298.5
33440.7
33674.2
33781.7
33756.7
33829.7
34012.2
34480.6
34436.9
34052.3
33897.5
33791.5
33492.4
33306.6
33227.7
33269.6
33409.6
33735.8
33410.1
33017.4
32834.1
32832.8
33012.7
33524.2
33666.4
33701.8
33906.9
34269.2
34483.6
34396.8
34441.4
34738.4
35072.5
34746.8
34701.1
34800.2
35066.5
35247.3
35168.8
35238.7
35670
35667.2
35457.7
35430.8
35538.5
35106.2
34836.9
34857
35104.1
34864.6
34703.1
34710.5
34937.3
34547.4
34056.3
33848.4
33858.4
34037.5
33268.8
32899.6
32643.5
32521.3
32525.9
32626.7
32718.7
32520.1
32414.4
32462.5
32695.3
33086.8
33782
34584.1
34519.9
34654.6
34973.8
35193.1
34906.1
34893.8
34826.6
34163
33823.1
33566.2
33372.6
33305
33334.3
33339.9
32965.5
32796.3
32787.9
32909.9
33311.8
33280.5
32784.9
32564.1
32483.4
32559.8
32766.7
32828
32534.7
32410.9
32447.6
32714.6
32977.8
32388.9
32126.4
31979.8
31923.9
31872.8
31428.6
31141.7
30974.4
30857.8
30787.6
30765.6
30768
30651.7
30520.2
30525.8
30704.3
30530.7
30415.6
30438.6
30596.7
30998.4
31136.7
30780.5
30668.7
30667.5
30786.4
31005.5
31220.9
31216.2
31205.8
31307
31529.2
31861.7
32431.8
32931.2
32936.1
33117.8
33510.8
33790.7
33528
33524.6
33584.1
33209.7
33016.2
32945.4
32946.2
33101.2
32983.5
32627.2
32383.2
32269.8
32215.2
32278.7
32470.9
32513.7
32437
32441.7
32552.8
32832.9
33085.4
32769.4
32679
32721.2
32846.8
32617.4
32566.5
32703.5
32429.3
32390.7
32526.6
32981.4
32615
32175.5
31959.2
31842.2
31846.8
31908.2
31851.1
31360.5
31047.4
30841.4
30752.2
30618
30566
30526.3
30581.7
30723.3
30958.7
31284.4
31184.2
31079
31114.8
31305.4
31625.5
32192.9
32461
31833.4
31563
31447.3
31461.2
31595.3
31588.9
31757.2
31960.1
32196.2
31972.8
31905.8
31931.3
32006.7
32165.6
32352.1
32414.3
32371.8
32350.3
32439.7
32664.1
33162.1
33356.6
32958.6
32834.8
32841.6
33009.7
33321.6
33371.9
33084
32985
33072.1
33435.9
33772.6
33143
32882.5
32758.7
32796.6
32939.1
32904.7
32422.1
32138.4
31964.8
31961.6
32201.4
32517.8
32186
32002.8
31922.8
31906.2
32033.4
32196
32496
33031.3
33575.9
33261.9
33260.8
33549.5
34225.9
34797.6
34942.9
35393.4
35371.4
35257.3
35519.3
35882.5
35695.4
35779.8
36102
36869.2
36790.5
36280.6
36154.5
36286.9
36837
36812.1
36485.5
36313.2
36353.2
36562.4
37088.8
37793.5
37282.4
37045.9
36998.3
37226.3
37641
37643.9
37972.9
37581.5
37389.9
37598.6
36576.2
35668.8
35062.7
34612.4
34310.9
34005.9
33839.8
33919.5
33981.9
33989.6
34155.1
34777.1
35461.6
35646.2
36167.5
35703.7
35608.2
34999.9
34355.8
33974
33737
33665.1
33790.4
33874.6
33577.2
33515.1
33810.8
34354
33829.9
33591
33513.8
33573.8
33844.4
33918.4
33644.5
33637.8
33969.9
34311
34449.1
34851.3
34735.8
34904
35544.6
35907.2
35601.1
35631
35895.9
35273.8
35104.3
35119.7
34397.8
34075.1
33946.8
34001.1
33988.2
33735.5
33607.9
33663.9
34028.6
34315.6
33871
33703.4
33685.5
33789.3
33915.2
33881.8
33772.4
33917.9
34109.3
33883.3
33911.4
33828.5
33730.9
33951.2
33971.7
34155.1
34639.6
34305.8
34019.2
33977.4
34110.1
34514.6
34983.6
35029.3
35039.5
35214
35578.6
35696.7
35759.6
35931.3
36325.6
37244.5
38362.8
38442.4
38905.9
39863.7
40513.1
40612.4
41175.3
42181.8
42220.4
42313.8
42715.9
43270.5
43771.1
43291.1
43208.6
43361.7
43508
42844.8
42250.8
41973.2
41599.7
39919.5
38960.6
38241.6
37785.3
37578.3
37425.4
36926.7
36366.1
36116.9
35820.4
35147.6
34656.5
34426.4
34473.4
34896
35161.6
34208.1
33789.3
33588.8
33608
33791.2
33332.1
32771.3
32318.5
32079.2
32034.8
32153.2
32142.3
32359.3
32325.7
32503
32625.7
32338.8
32215.6
32266.3
32515.5
32942.6
33787.1
33352.5
33109.8
33109.5
33323.3
33750.5
34587.5
34801.6
35050.4
35608.1
35571.2
35134.4
35026.1
35139.1
35543.9
35810
35622.2
35598.8
35846.2
35309.5
34896.5
34719.7
34704.4
34790.5
34558.5
34348.2
34316.3
34464.2
34920.6
34624.6
34128
33917.3
33871.1
34014.4
34398.4
34683.5
34676.3
34788
35066.7
35665.4
36101.4
35893.9
35973.9
36294.6
36123.3
35659.4
35443.8
35397.8
35561
35183.6
34637.3
34243.7
33881
33641.4
33526.4
33581.3
33819
34384.9
33874.2
33723.2
33762.6
34034.4
34060.9
33509.9
33287.9
33248.2
33379.9
33514.6
33464.1
33478.5
33678.5
34064.4
34886.2
34770.7
34573.5
34637
34913.2
35499.7
36144.1
36291.1
36543.3
37196.3
37229.1
36937
36970.9
37228.2
37466.4
37269.9
37248.4
37540.6
37025.9
36363.7
36058.6
35960.9
36089.9
35951.4
35564.2
35361.3
35314.8
35471.1
35368.7
34616.1
34170.5
33806.7
33460.7
33176.2
32863
32637.2
32478
72665
45349.3
32722.7
27580.1
25720.4
25153.7
24849.5
25058.2
25346
25667.3
26196.1
26861.3
27588.7
28320.8
29148.2
30040.7
31185.6
31582
31574.8
31983.3
31377.7
30902.1
30730.2
30771.9
31033.4
31634.4
31860
31765.3
32012.9
31908.2
31224.2
30913.7
30792.5
30831.8
30688.3
30069.6
29707.3
29529
29509.1
29691.5
29316.6
28844.4
28574
28404.6
28282.9
28215
28213.6
28295.8
28435.1
28115.2
27978.4
27973
28108.7
28377.9
28770.7
29442.6
29958.4
29812.7
29809.9
29915.2
30121.2
30407.8
30835.2
30558.3
30421.5
30445.6
30584.2
30843
31261.7
31715.3
31838.3
32038.6
32570.1
32472.7
32246
32278.4
32565.3
32338.8
32161.2
32155.3
32309.5
32636.8
32372.3
32085.7
32032.1
32146.7
32520.8
32458.6
32053.3
31821.9
31691.6
31601.4
31499.9
31261.1
31114.6
31060.2
31106.2
31230.1
31424.4
31697.5
32152
32250.1
32288.9
32402.8
32736.8
32722.9
32249.3
32028.2
31932.2
31949.4
32054.7
31874.8
31780
31711.9
31770.2
31945.6
32218.4
31759.3
31548.4
31507.7
31641.4
31838.6
31657.5
31575.1
31562
31413.7
31400
31403.4
31408.1
31505.7
31801
31247
30807
30538.4
30381.5
30349.2
30435.8
30640.3
30814.1
30858.8
30978.5
31217.8
31585.3
32289.8
32363.4
32358.7
32558.7
32630.9
32294.8
32229.8
32318.7
32069.5
32065.2
32289.3
32523.8
32341.6
32372.8
32703.5
32568.6
32558.9
32444.7
31990.5
31750.2
31664
31605.5
31042.3
30764.6
30621.7
30632.6
30800.3
30826
30645.1
30577.3
30624.8
30870.5
30524.6
30059
29830.5
29715.6
29708.7
29611.1
29485
29499.8
29586.5
29461.1
29437
29590.5
29792.8
29520
29417.3
29304.8
29226.3
29183.6
29208.1
29319.3
29604.1
29567.3
29134.1
28950.7
28860.9
28876
29007.4
29275.9
29567.5
29614.4
29699.3
29903
30254.4
30903.5
31505.7
31318.6
31420.1
31625.5
31260
31159.7
31214.5
30861.4
30663.8
30643.2
30756.3
30975.8
31024.2
31002.4
31200.8
31311.4
30807.6
30573.7
30535.8
30640.8
30673.8
30393.7
30243.3
30192.8
30221.8
30327.1
30486.6
30457.1
30430.7
30497.6
30747.9
31070.2
30853.6
30784.9
30802.9
30891.9
31044.8
31388.3
31245.7
30888.6
30704.1
30606.4
30593
30457.8
30159.9
29979.7
29899.3
29909.3
30045.9
30300.2
29955.5
29809.7
29770.3
29862.4
30209.9
29735.2
29407.4
29220.6
29132.2
29158.1
29301.4
29578.3
29668.1
29410
29297.1
29315.8
29473.8
29733.1
30138.2
30918.6
31142.8
31216.3
31464.8
32000.2
31980.8
32211.2
32511.6
32482.1
32748.2
32629.4
32739.4
32781.4
32390.9
32308.7
32295.3
31661
31341.2
31162.4
31141
31247.1
31239
31053.5
30979.5
31026
31272.4
31301.7
30769.6
30517.8
30399.4
30419.1
30596
30603.5
30407.1
30384.5
30433.7
30031.9
29858.3
29883.3
30137.6
29554.7
29134.2
28861
28694.8
28644.4
28687
28787.1
28955.5
29001.6
29024.4
29179.1
29476
30095.6
30609.9
30414.9
30331.8
30368.3
30418.2
30543.8
30749.5
31056.4
31443.7
31968.7
31954
31970.5
32121.6
32484.9
33062.3
32777.5
32589.8
32553.4
32623.9
32824.1
33139.2
33858
33876.7
33526.8
33427.4
33532.6
33792.4
34376.9
34110.4
33947.7
33983.4
33977.6
33052.7
32538
32156.6
31885.1
31709.8
31565.9
31319.7
30983.9
30687.2
30492
30408.5
30417.9
30498.4
30665.3
30887.2
31339.8
30710.5
30300.7
30024.4
29825.9
29738.9
29759.8
29877.2
29925.8
29961.9
30072
30269.6
30724.5
30613.3
30384.1
30317.6
30324.7
30323.6
30304.7
30283
30324.8
30506.3
30816.9
31411.3
32128
32090.6
32295.6
32820.2
32700.2
32730.5
33022.6
33005.9
32230.9
31800.6
31562.7
31421.5
31391
31525.7
31811.6
31790.5
31716.3
31832
32149
32891.4
32808.7
32245
32018.7
31994.9
32201.5
32522.9
32557
32739.1
33348.7
32957.2
32666.1
32683.3
32320.4
31594
31242
31035.9
30990.3
31052.5
31191.8
31217.2
31322.8
31602.6
32226.7
33080.9
33111.1
33374.3
34074.4
33856.4
33561.7
33525.9
33735.1
34120.1
34564.1
34576.1
34719.6
35027.2
35393.7
35956.9
36030.8
36105.6
36276.3
36429.3
36614.6
36885.3
37352.1
37952
38173.2
38423.7
38844.8
38852.8
38839.3
38751.8
38394.7
38296.1
37940.8
36952.3
36416.2
36148.4
35983.7
35530.9
35337.2
34898.9
34650.7
34669
34596.8
34048.3
33790.9
33735.4
33988.4
33787.7
32944.1
32507.6
32247.3
32162.3
32172.7
31955.8
31802
31810.7
32115.2
31467.2
30919
30680.8
30658.1
30817.2
30063.5
29612.3
29324.5
29158.1
29131.6
29248
29510.6
29782.9
29715
29720.3
29861.2
30164.6
30659.9
31404.6
31592.1
31761.1
32045.4
32570.2
32334.1
32308.5
32526.8
33109.4
33087.8
33034.5
33190
33382.9
32858.4
32602.6
32553.6
32689.6
32189.7
31726.8
31472.8
31346.1
31363.8
31490.7
31663.2
31605.8
31535.8
31617.1
31893.3
32497.8
32979.5
32824.1
32866
33043.9
33359.9
33359.8
33410.1
33720
33811.7
33401.7
33261.1
33259
33363.1
33112.1
32848.8
32802.5
32847.9
32601.4
32276.4
32124.9
32109.9
32284.3
32121.9
31587.1
31301.2
31114.1
31021.1
30960
30995
31007.5
31112.2
31464
31424.8
31136.6
31048.6
31095.3
31281.8
31605.1
31799.9
31842.7
32001.4
32333.5
33069.1
33345.7
33277.8
33406.8
33687.1
33928.5
33855.4
33948.3
34356.4
34587.2
34185.3
34063.6
34073.5
33939.8
33597.4
33370.2
33310.8
33481.7
33010.6
32700.5
32552.8
32528.8
32626.3
32427.7
32128.2
32007.2
32101.7
31773.8
31104.7
30704.2
30444.3
30297.2
36159.3
33136.9
27665.9
25269
24000.7
23319.5
23035.5
22986.9
23217.7
23542.7
24024.5
24572.3
25265.9
26071.5
26997.1
27438.3
27743.9
28459.1
28388.7
28375.3
28630.7
28593.6
28206.2
28135.8
28272.4
28676.4
28945.1
28851.5
28889.4
29152.1
29256.4
28953.8
28877.8
28940.4
28859.4
28746.3
28808.7
28625.6
28573.5
28667.5
28857
28517
28414.5
28444.1
28122.2
27701.9
27478.7
27228.3
26906.8
26695
26575.5
26558.9
26642.9
26821.9
27096
27457.9
27963.5
28607
28647.4
28799.6
29167.4
29125.4
29072.7
29149.3
29035.1
29056
29203.8
29496.3
30003.7
29934.8
30020.3
30252.7
30712.2
30946.8
30802.6
30839.3
31121.8
31257.1
30846.7
30705.4
30711.5
30910.2
30903.3
30673.1
30642.5
30773.7
31166.9
31536.4
31313.8
31329.8
31558.9
31519.8
31333.2
31370.1
31086
30964.1
30992.2
31118.6
30768.8
30681.5
30817.2
30993.5
30583.5
30419.6
30363.3
30438.1
30136.8
29886.9
29769.2
29792.2
29970.8
29589.1
29385.6
29280.9
29270.1
29361.6
29599.3
29663.6
29424.9
29340
29359.8
29501.8
29788.3
29555.5
29387
29308.7
29267.2
29240.4
29283.3
29317.4
29405.2
29624.4
29414.1
29188
29083.1
29088.2
29175
29383.3
29839.9
29990.3
29742.7
29671.6
29696.7
29817.5
29352.5
28937.9
28686.9
28532.4
28477.2
28500.8
28609
28795.7
29051.1
29167.5
29304.4
29535.6
30018.3
30079.3
29954.8
30015.7
29638.4
29263.6
29053.1
28930.3
28913.9
28940.1
28821.2
28759.4
28831
29131.8
28950.4
28739.7
28684.7
28732.1
28238.3
27839.2
27600.2
27449.9
27407.1
27449
27619.8
27879.5
27823.8
27764
27813.7
27986.8
28278.4
28765.6
29503.2
29427.2
29556.6
29606.5
29121
28924
28846.9
28711.2
28262.5
28005.7
27815.9
27737.4
27777.3
27924.9
27942.5
27729.4
27606.7
27571
27633.7
27777.1
28083.6
27805.9
27537.6
27381
27321.8
27323.7
27389.1
27529.8
27778.3
27811.8
27704.1
27679.7
27705.3
27811.6
27996.6
28226.5
28634.6
28611.3
28602.3
28730.7
29113
29130.3
29264.8
29418.7
29146
29080.4
29164.4
29298.9
29396.4
29426.7
29522.7
29763.5
30222.6
30281.9
30421.7
30837.8
31033.6
30961.7
31066.4
31132.5
30808.7
30684.3
30740.1
30451.7
30122.5
29997.1
29993.9
30123.6
30091.4
30069.5
30225.8
30092.6
29858
29785
29683
29120.3
28799.7
28571
28356.4
28194.4
28074.3
28038.9
28079.2
28125.9
28106.1
28083
28135.1
28284.1
28594
28983
28773
28761.6
28864.6
29070.4
29474.8
29791.4
29684.5
29726
29887.7
30187.8
30161
29978.8
30000.5
30250.6
30393
30331.1
30432.1
30434.5
30177.9
30104.6
30227
29880.3
29493
29294.1
29197.6
29194.5
29219.9
28940.5
28706.6
28600.6
28616.8
28590.1
28120.1
27828.7
27596.6
27427.7
27311.4
27270.9
27303.7
27437.7
27720.7
27255.4
26958.6
26756.8
26633.1
26597.2
26650.9
26780.1
26993.8
26866.2
26812
26792
26842.4
26987.4
27212.4
27527.8
27932.1
28607
28799.2
28909.6
29151
29594.8
29820.2
29864.2
30012.8
30449.9
30361.7
30010.2
29844.1
29777.3
29777
29839.5
29916.2
30025.4
30201.4
30464.7
30846.4
31502.2
32229.6
32134.2
32141.5
32332.3
32489.2
32230.4
32105.6
32160.1
32211.9
31675.4
31386.5
31288
31424.1
30803.8
30089.5
29648.3
29330.5
29151.6
29102.1
29158.8
29085
29175.9
29156.5
29186.4
29240.6
28924.7
28805.5
28732.6
28772
28864.9
29133.4
29417.6
29205.9
29177.3
29319.9
29515.5
29450.6
29298.2
29340.7
29671.1
29350.2
28922.6
28716.2
28638.9
28710.1
28700.6
28726.5
28822
29131.9
29254.9
29375.2
29722.8
30017.4
30013.7
30101.7
30408.2
30785.6
30527.4
30538.7
30859.5
30425.6
30120.8
30018.4
30059.2
30272
30783.4
30781.2
30443.3
30314.1
30386.5
30693.9
30283.6
29974.5
29808.9
29740.8
29768.1
29955.5
30019.8
29307.5
28943.3
28711.9
28578.8
28540.2
28648.8
28864.9
29183.2
29444.1
29523.3
29702.9
30053.8
30578.1
31417.4
32110.6
32041.8
32193.2
32581.8
33381.7
33841.2
34108.7
34703.9
34753.3
34844.2
35179.2
35737.3
35899.4
36098.7
36575
37015.7
36717.8
36723.9
36930.9
36502.6
36278.5
36254.3
36323
35648
35034
34706.2
34539.1
34518.1
34636.8
34391.9
34110.9
34023.1
34130.9
33657.3
33217.5
33044.5
33080.3
33209.4
32674.2
32404.5
32318.3
32392.2
32625.9
32534
32217.4
32170.4
32429.6
32013.1
31426.8
31148
30938.3
30508.9
30254.4
29871.1
29576
29445.3
29070.2
28301.2
27868.5
27546.9
27331.2
27218.5
27211.3
27300.7
27464.6
27659.5
27839.4
28008.3
28250.6
28626.7
29258.5
29470.5
29845.3
30182.6
30060.4
30117.7
30158.1
29956.6
29851.8
29871.5
30000.5
30228.3
30675.7
30942
30956.8
31129
30907.5
30693.5
30605.6
30412.4
30265.4
30157
30126
30210
30372.1
30440.5
30450
30552.6
30774.6
31235.4
31647.7
31509.5
31548.9
31739.9
31950.3
31883.2
31937.5
32188.4
32066.2
32067.8
32188.8
32002.8
31996
32047.5
31783.5
31648.2
31674.3
31833.2
31610
31378
31323.2
31408.1
31231.2
30714.6
30423.9
30289.4
30237.2
30044.5
29725.1
29573.5
29523.8
29593.1
29831.6
29495.4
29357.8
29366.2
29498.1
29843.9
30309.1
30198.5
30242.1
30469.3
30817.8
30645.6
30599.6
30707.1
30974.1
30887.4
30662.8
30602.3
30673.5
30848.1
30967
31033.6
31137.1
31357.3
31885.1
32049.1
31883.7
31935.9
31641.1
31096.8
30800.8
30585.8
30439.2
30361.6
30365.5
30525.8
30250.1
29781.8
29511.3
29304.1
29163
29116.1
87462
47939.6
32638.4
27019.3
24082.9
22308.1
21367.8
20866
20637.9
20582.3
20546.9
20641.3
20772.4
20923.5
21147.3
21460.5
21839
22286.5
22824.7
23509.8
24069.3
24271
24433.2
24707.9
25114.1
25730.2
26058.3
26088
26220.9
26474.5
26901.8
27154.3
27052.5
27102.6
27300.3
27643.1
27580.7
27439.7
27450.7
27606
27869.3
27626.9
27480.6
27471.5
27541
27148.9
26737.3
26521.7
26392.2
26319.7
26304.5
26387.5
26489.5
26676.6
27045.5
27226.2
27308.7
27511.7
27624.7
27767.1
27928.5
27967.8
28161.6
28355.1
28207.8
28167.5
28256.4
28413.4
28079.7
27969.8
27974.4
28088.5
28389.6
28404.3
28319.7
28331.7
28475.1
28371.3
28133.3
28042.2
28034.5
28116.4
28278.3
28298.5
28355.4
28491.9
28826
28668.9
28528.4
28495.2
28523.3
28639.8
28452.6
28332.7
28280.6
28298.3
28357.4
28217.3
27989
27810.5
27682.7
27621.3
27620.4
27670.6
27784.7
27952.9
28132.4
28051.5
28059.5
28106
28227.3
28536
28367.8
28145
28046.2
28026.3
28085.6
28245.4
28276.8
28374.6
28562.9
28850.8
29359
29911.9
29945
30102.2
30262.6
30103.4
30114
30045.6
29743.2
29606.7
29446
29185.8
29045.3
29002.3
29094.7
29214.2
28985
28949.8
29012.9
28651.2
28390.7
28266.3
28191.4
27744.9
27328.7
27076.4
26920.1
26861.2
26891
27018.5
27266.5
27021.8
26879
26814.5
26814
26882.8
27089.1
27024.8
26708.6
26548.7
26457.5
26433.8
26491.4
26662.5
26806.3
26433
26242.2
26132.9
26062.8
26056
26118.9
26309.6
26367.6
26050.8
25896.1
25835.5
25863.9
25990.9
26321.2
26023.3
25805.8
25693.5
25647.2
25673.6
25770.9
25935.3
26190.7
26555.2
26525.7
26555
26657.1
26828.3
27148.7
27237.4
27195
27257.1
27406.6
27150.7
27002.2
26963.4
27029.1
26753.2
26357.4
26122.2
25955.5
25864.6
25847.9
25913.6
26116
26002
25897.5
25871.3
25922.9
26063.4
26313.9
26683.7
26570.9
26571.3
26663.7
26853
26694.9
26550.6
26503.6
26485.6
26542.7
26619.4
26772.2
27015.3
27209.3
27336.1
27473.3
27686
28094.6
28355.3
28258.8
28272.8
28364.9
28469.1
28424.2
28431.7
28526.4
28758
28709.6
28757.5
28946.4
29175.9
29165.5
29295.8
29165.1
29023.5
29026
29131.9
29146.9
29056.3
29084.8
29293.2
29228.2
29039.3
28986.3
28910.5
28627.6
28478.1
28415.7
28460
28627.6
28488.5
28299.5
28262.1
28357.5
28452.5
28126.7
27951.1
27875.3
27890.1
28008
28131.8
27996.3
27921.5
27938.3
28048.2
28265.5
28058.4
27904.4
27838.5
27819.3
27788
27713.1
27603
27534
27532.6
27616.6
27775.9
27938.3
27935.8
27965.7
28073.4
28282.3
28632.1
28552
28560
28681.8
28882.9
28678.5
28630.7
28645.6
28298.4
28065.3
27955.9
27959.7
27876.8
27311.7
26974.8
26726.7
26563.9
26483.8
26466
26497.3
26588
26790.3
27016
26953.5
26993.1
27126.1
27368
27802.7
27791.2
27860.4
28051.1
28429.7
28391.7
28435
28645.7
28895.2
28707.7
28646.6
28710.6
28863.9
28727.2
28508
28439.3
28455
28535.5
28506.3
28461.5
28458.8
28541.7
28715.3
28899.2
29137.2
29411.7
29863.3
30408.1
30559.6
30806.9
31066
30966.1
30985.4
30866.6
30423.9
30191.6
29993.6
29692
29388.8
29170.1
29043.8
29016.6
29131.9
29076.2
28526.8
28224.5
28012.6
27901.5
27895.2
27996.5
28195.3
28382.1
28457.6
28578.7
28850.2
28953.3
28782.4
28759.1
28911.3
29058.6
28866.2
28790.5
28828
28560.4
28454.6
28347.7
28109.4
27981.4
27960.4
28053.3
27615.1
27311
27109.4
26989.5
26961.9
27017.6
27115.9
27113.7
27021.4
26993.6
27047
27181.1
27392.9
27722.7
28158.4
28310.4
28581.5
28635
28725.1
28857.2
28508.1
28350.4
28275.7
28269.6
28306.2
28353.4
28426
28551.2
28791.9
29295.6
29555.2
29557.8
29719
29825.7
29588.5
29547.8
29299.9
28853
28657.2
28529.6
28358
28123.1
28019.8
28044.7
28196.6
28585.2
28830.2
28638.5
28625.9
28733.9
28967
29406.4
29780.8
29906
30104.4
30513.6
30915
30833.7
30878.1
31051.9
31348.2
31738
31905
32013.7
32228.6
32536.2
33019.5
33051.2
32896.6
32903.7
33020.9
33226
33308.6
33178.2
33197.1
33348.2
33125.4
32478.6
32136.4
31922.2
31796.5
31709.9
31555.9
31338.3
31189
31135.4
31204.7
31388.6
31063.9
30925.9
30937.5
31075.9
31430.4
31459.1
31196.6
31103.7
30477.2
29941
29566.7
29274.8
29042.6
28894.2
28843.5
28821.3
28498.8
28142.4
27929.5
27750.1
27607.6
27514.5
27499.2
27474.9
27249.2
27161.7
27149.4
27231.5
27434.1
27758.2
27560.6
27514.4
27568.8
27697.3
27911.8
27828.5
27806.7
27867
28017.3
28259.1
28530.2
28609.2
28716.6
28923.4
29261.1
29748.9
29855.5
29944.2
30200.1
30375.7
30116.8
30035.8
30072.9
30193.5
30286.3
30270.3
30285.2
30424.3
30790.3
30867.2
30694.5
30676.4
30759.5
30977
30861.5
30783
30833.9
30992.6
30815.9
30723.2
30746
30861.6
30654.6
30498.7
30481.3
30576.2
30376
30301.8
30357.2
30466
30379.1
30366.8
30520.4
30264.1
30152.3
30109.6
29636.4
29269.8
29051
28876.6
28673.3
28460.6
28272.1
28141
28092.2
28115.9
28119
27816.5
27622
27478.7
27402.4
27344.6
27355
27439.5
27581.2
27787.8
28009
28091.5
28224.1
28413.7
28678.5
29095.4
29132.5
29215.9
29392.1
29717.3
29783
29657.2
29658.2
29764.5
29954.3
29783.5
29647.5
29600.1
29637.7
29741.7
29941.2
30310.9
30276.2
30280.2
30384.1
30675.2
30544.6
30498.2
30561.5
30764.7
30707.8
30533.9
54517.7
42025.9
33438.9
29863.3
27065.1
25190.1
23939.8
22953.4
22354.8
21882.3
21534.9
21404
21316.1
21299.6
21366.6
21537.9
21829.2
22193.6
22651.3
22962.5
23152.4
23413.4
23744.6
24174.3
24766.9
25443.3
25575.8
25810
26131.9
26045.8
26070.7
26217.8
26441.2
26467.1
26531.4
26684.5
27012.6
27289.6
27132.5
27109.7
27192.8
27039.3
26955.6
26962.2
27080.1
26890.8
26812.6
26827.7
26924.2
26987.3
26874.8
26836.6
26892.9
27070.6
27095.8
27092.8
27197
27163
27016.2
26984.2
26986.6
26911.1
26891.1
26869.8
26694.1
26623.5
26521.1
26256.8
26117.1
26002.5
25951
25906.3
25906.7
25985.3
26113
26229.8
26285.3
26354.1
26497.9
26763.9
26780.2
26815.5
26937.7
27140.1
27296.9
27405.5
27565.5
27818.1
28290
28587
28662.1
28870.2
29059.8
28923.3
28927.8
29072.1
29183.2
29045.3
29072.4
29159.6
29073.9
29078.4
29227.8
29350.2
29159
29137.8
29275.2
29282.3
28913.8
28761.8
28719.2
28768.9
28576.8
28304.9
28163.7
28115.6
28157.4
28307.7
28209.4
28201.5
28285.9
28467.6
28863
28995.3
28984.7
29095.7
29094.1
28811.3
28687.1
28600.3
28212.7
27946.7
27803.9
27694.5
27319.9
26941.5
26708.3
26545
26391.5
26235.5
26138.2
26097.1
25934.5
25860
25859.8
25938.3
25962
25898
25886.9
25942.8
26085.1
26398
26325.9
26171.2
26134.6
26174.8
26296.2
26289.4
26195.2
26171
26227
26334
26070.4
25936.1
25876.8
25859.5
25640.8
25510
25220.2
25026.4
24889.9
24811.3
24792.4
24827.2
24894.8
24792.3
24765.8
24794.5
24880.1
25032.4
25313.9
25228
25193.5
25218.7
25288.4
25419.4
25599.4
25857.4
26284.4
26543.5
26710.3
27041.4
27145.8
27180.5
27349.6
27249.6
27243.1
27070.7
26762.4
26609.8
26496.2
26147.3
25936.3
25800.3
25742
25730.8
25460.5
25321.2
25258
25266.6
25357.4
25497.9
25557
25605.7
25723
25976.2
26205.4
26166.8
26217.7
26368.7
26333.4
26328.1
26408.8
26525.4
26478.2
26478.8
26562
26698.6
26890.6
27096.5
27454.2
27861.1
27838
27914.7
28142.6
28286.1
28157.5
28135.7
28214.7
27962.4
27710.3
27588.2
27518.2
27447.6
27247.1
27047.7
26951.4
26927.8
26951.8
26922.2
26846.2
26819.9
26857.5
26980.5
27150.3
27071.3
27052.1
27111.3
27182.6
27054.9
27004.7
27025.1
27127.8
27288.6
27197.2
27147
27162.9
27235.7
27385.9
27623.1
27982.5
28097.2
28230.2
28507.3
28555.4
28529.1
28599
28741.8
28736.6
28702.1
28758.3
28946.1
28897.6
28801.5
28805.1
28754.1
28599.6
28541.9
28243.7
28079.2
27956.7
27766.3
27507.5
27342
27231
27178.1
27119.7
27126.7
27148.7
27230
27418.2
27542.2
27305.1
27195.7
27153.6
27153.5
27173.6
27158.8
27069.9
27016
27021.8
27095.6
27235.9
27026.3
26903.8
26841.4
26834.3
26886.3
27013
27170.4
27076.8
27043.1
27078.9
27172
27314.8
27596.1
27846.9
27819.1
27869.5
27986.8
28054.2
28012.8
27986.2
28035.4
28172.7
28391
28331.5
28323
28382.3
28475.3
28651.1
28867.1
29179.5
29726.6
30297.1
30405.4
30619.9
30764
30555.5
30494.3
30506.9
30556.9
30374.6
30136
30003.4
29926.1
29725.5
29294.5
29005.4
28777.7
28601.4
28404.8
28123.9
27846.2
27637.5
27495.8
27424.5
27406.1
27444.1
27569.5
27669.5
27458.2
27331.8
27280
27313.3
27428
27677.2
27727.3
27538.5
27478
27496.7
27559.1
27516.8
27306.1
27203.6
27176.2
27226
27347.6
27374.7
27131.9
26984.8
26894.8
26865.6
26899.9
27003.1
27228.2
27513.3
27418.9
27321.2
27312.8
27401.6
27588.3
27941.6
27943.6
27965.7
28097.5
28403.6
28397.2
28305
28337.6
28442.3
28525.8
28488.1
28511.6
28639.6
28949.6
28959.9
28719.1
28631.5
28650.7
28629.6
28225.8
28010.9
27879.8
27741.5
27615.7
27560.5
27472.4
27467.2
27481.9
27240.5
27079.5
26991.4
26983.9
27051.9
27048
26922
26898.6
26960.3
27085.2
27225.7
27423.4
27659.7
28091.7
28338.4
28578.7
29035.2
29497.8
29539.2
29697.1
29968.2
29944.8
30035.7
30202.9
30155.3
30159.7
30265
30464.1
30334.5
30282.2
30295.6
30364.9
30514.7
30679.9
30580
30537.7
30538.7
30609.3
30710.6
30391.4
30199.6
30057.9
29960.6
29905.5
29908.9
29950.1
29991.1
29970.1
29896
29859.3
29901.9
30034
30302.9
30262.6
30122.6
30084.1
30139.6
30320.7
30114
29996.1
29981.4
30072
29818.3
29567.6
29460.6
29460.4
29557.2
29585.1
29522.9
29555.9
29751.9
29751.7
29404.6
29252.1
29207.5
29138.6
28745.1
28501.8
28354.1
28303.7
28327.3
28471.7
28676.4
28462.4
28395.5
28424.6
28539.5
28806.4
28828
28874.8
29019
29345.7
29409.5
29487.5
29741.2
29751.8
29863.9
30048.9
29937.6
29964.6
30106.4
30021.6
29935.1
29968.3
30057.9
29864.7
29774.9
29784.7
29907
30027.1
30103.5
30252
30576.1
30800
30766.5
30868.5
30893.8
30664.9
30589.4
30513.8
30203
30038.1
29970
29911.9
29565
29355.6
29232.5
29153.5
28736.7
28384.6
28170.4
28031.8
27964.4
27970.9
28035.9
28076
28066.5
28069.5
28135.6
28284.8
28492.8
28529.2
28499.1
28558.3
28665.8
28489.9
28391.6
28382.6
28430.4
28430
28367.7
28357.3
28432
28582.9
28645.7
28751.8
28939.4
29302.9
29736.5
29790.2
29953.7
30077.2
29906
29890.9
30011.5
30172.7
30040.6
30051.8
30184.9
30086.6
30071.6
30204.1
30123.6
30007.8
30015.8
30094.8
30098.3
30164.7
30324.9
30646.7
31134.9
31253.5
31523.7
31555.2
31502.8
31594.7
31577.2
31315.2
31227.2
31248.5
31027.8
30899.7
201958
84904
51555.8
39445.8
33642.5
30514.4
28253.2
26436.7
25087.4
24166.7
23550.3
23123.8
22820.3
22574.4
22368.4
22266.9
22296.2
22396.3
22465.4
22422.1
22425.1
22517.8
22703.3
22952.2
23248.2
23592
23999.8
24572
24886.6
24931.1
25068
25313.8
25735.2
25902.1
25911
26021.9
26226.8
26583.7
26747.2
26852.5
27048.8
27381.1
27485.4
27578.4
27818
27974.3
28084.1
28201.7
28175.6
28252.5
28404.5
28364.4
28393.9
28561.8
28663.5
28533.2
28525.6
28374.7
28069.5
27913
27734
27376
27157.2
26999.4
26767.7
26332.1
26071.9
25851.9
25691.9
25566.9
25494.3
25489
25545.5
25438.4
25390.7
25406.7
25488
25642.8
25641.6
25653.6
25727.3
25889.9
25847
25856.6
25930.6
26074.8
26063.1
26074.7
26165.4
26099.1
25919
25829.2
25791.4
25778.4
25610.2
25504.7
25447.1
25418.1
25417.7
25441.2
25518.1
25644.3
25756.2
25801.1
25866.9
25971.8
26130.9
26350.5
26615.1
27042.7
27499.9
27572.7
27687.7
27948.8
28124.1
28030.6
28037.8
27749.9
27520.6
27396
27325.3
27250.9
27070.4
26950.1
26860.2
26577.5
26225.9
26003.4
25822
25681.3
25585.6
25511.1
25321.6
25126.8
25004.8
24927.1
24863
24828.9
24814.8
24856.2
24854.6
24575.1
24399.2
24260
24153.6
24070.9
24021.7
23970.3
23950.7
23956.5
23977.6
24018.9
24081.5
24168.3
24279.7
24424.2
24605.1
24838.6
25225.3
25623
25721
25869
26009
25927.4
25913.6
25973.4
25983.8
25731.3
25604.3
25531.4
25502
25523.7
25592.4
25729.3
25966.9
25960.1
25996.1
26105.8
26329.4
26442.5
26439.1
26505.5
26632.1
26616.7
26562.7
26580.1
26698.9
26610.1
26578.8
26547.9
26477.4
26368.5
26102.1
25953.4
25848.5
25786.3
25771.6
25795.7
25608.9
25417.2
25311.6
25263.2
25255.4
25207.3
25004.3
24885.7
24821.5
24798.4
24809.8
24845.2
24917
25050.2
25332
25407.4
25328.9
25329.8
25394.6
25494.2
25524.7
25537.7
25582.2
25673.5
25826.6
26054.6
26395.5
26642.8
26740.3
26886
27166.8
27511.9
27459.8
27496.9
27618.9
27819.2
27802.1
27799.2
27880.1
27864.3
27659.5
27583.2
27552.4
27318.5
27164.6
27094.9
27071.1
27008.7
26888
26833.5
26849.8
26972.6
26944.9
26952.1
26948.3
26806.6
26763.3
26754.5
26574.9
26464.2
26419.4
26438.7
26479.5
26563.1
26683
26861.7
27151.7
27298.6
27425.8
27692.2
27831.8
27934
28071.9
28009.9
28024.8
28118.8
28053
28022.2
28053.3
28171.8
28086.5
28031.1
28043.2
28108.6
28236.1
28264
28267
28333.1
28508.4
28618.5
28446.2
28383.8
28386.4
28461.5
28303.8
28191
28160.3
28199.6
28306.4
28432.7
28410
28429.1
28516.2
28682.8
28724.5
28729.5
28793.3
28939.1
29175.1
29216.9
29290.1
29483.5
29601.8
29510.5
29520.6
29594.8
29553.5
29492.5
29515.9
29620.7
29852.1
29935.4
29994.1
30171.2
30337.7
30315.2
30399.3
30435.7
30317.9
30308.2
30398.1
30534.4
30501
30537.6
30720.6
30778.9
30687.6
30716.2
30714.4
30545.8
30505.3
30567.3
30410.4
30198.7
30107.3
30097.2
30104.4
30178.3
30273.2
30494.4
30458.1
30467
30569.2
30420.6
30356.3
29919.9
29551.1
29316.5
29126.6
28966.6
28770.5
28422.9
28117.8
27916.9
27773.3
27678.4
27638
27656.1
27641.1
27364.9
27201
27098
27042.2
27044.7
27081.7
27148
27213
27306.3
27468.4
27784.3
27981
27944.5
27997.5
28150.5
28182.8
28156.2
28218.2
28366.6
28689.4
29008.6
29050.5
29231.6
29093.2
28938.6
28737.2
28281.5
28040.4
27882
27805.6
27780.6
27700.1
27606
27572.7
27621.5
27764.4
28010.8
27949.6
27969.5
28078.2
28265.5
28589.5
28810.8
28869.6
29012.7
29329.7
29676.4
29675.4
29788.3
29776.3
29645.1
29631.3
29336.3
29069.8
28957.3
28915.8
28806.3
28636.8
28582.4
28650.7
28376.3
28077
27932.3
27859.4
27814
27697.9
27572.9
27559.3
27673.5
27435.2
27192.8
27083.3
27039.8
27053.6
27094
27163
27269.1
27427.1
27663.8
28103.7
28449.9
28529.4
28667
28926.8
29134.9
29370.7
29753.1
30037.3
30445.7
30789.1
30961.8
31243
31538.3
31545
31624.6
31777.1
32048.5
32090.7
32141.5
32278.9
32522.8
32498.6
32547
32655
32469.6
32418.1
32415.9
32261.1
32214
32275.9
32352.6
32143.3
32092.8
32140.8
31969.6
31892.8
31917.8
31694.2
31441.8
31302.4
30894.1
30454
30204.2
30039.3
29949.3
29834.2
29672.1
29613.4
29650.8
29529.7
29248
29128.4
29059.2
28928.2
28824.2
28777.4
28792.4
28889.2
29129
29164.4
29110.5
29165.5
28936.8
28824.2
28718.8
28337.3
28081.4
27910.8
27803
27730.4
27645.9
27565.2
27508.8
27496.4
27547.1
27692.4
27537.5
27412.4
27369.9
27370.3
27389.5
27465.4
27548.3
27675.9
27911.6
27892.9
27883.3
27935.3
28081.2
28230.4
28087.8
28036.5
28053.5
28127.1
28113.8
28031.1
27983.5
27997.7
28072.4
28213
28157.9
28034.1
27993.3
28013.4
28069.9
28083.4
27972.8
27936.6
27961.3
28029.9
27878.5
27720.3
27641.4
27559
27537.4
27534.8
27573.6
27681
27929.5
27998.6
28092.1
28116.6
28033.1
28039.2
28110.5
28276.6
28227.5
28132.9
28127.2
28194.7
28335
28458
28445.1
28511.1
28719.1
28742.9
28622.2
28607.7
28666.4
28508.8
28350.4
28280.2
28198.9
27875
27682.8
27548.6
27438.7
27197
26980.6
26818.3
26702.4
26634.9
26605.3
26613.4
26618.1
26615.1
26612.9
26650.9
26736.3
26871.8
27071.2
27245.9
27404.1
27666.1
27853
28121.8
28233.5
28263.4
28361.9
28458.2
28346.1
28315.3
28176.4
28024.1
27956.5
89291.5
60807.3
44293
38654.7
34187.9
30660.1
28241.5
26581.2
25301.9
24263
23373.1
22585.6
21967.6
21513.7
21103
20745.1
20460.5
20244.2
20105.9
20013
19962.8
19969.2
20035.6
20153.5
20317.5
20526.4
20766.9
21043.1
21427.9
21702.1
21731.5
21807.8
21949.9
22094.5
22255.5
22437.7
22637.9
22890
23184
23554.5
23957.1
24127.2
24303.6
24552.7
24881.4
24891.9
24898
24971.2
25133.7
25229.3
25216.8
25225.5
25295
25448.1
25630.6
25535
25496.5
25521.2
25607.2
25661.3
25605.1
25593
25641
25758.4
25593.9
25417
25340.1
25328.6
25369.6
25375.3
25280.9
25213.6
25213.5
25277.7
25440
25426.8
25385.3
25416
25517.3
25691.2
25665.9
25686.6
25772.2
25923.5
25909.6
25942.9
26058.8
26092.4
25933.9
25873.4
25828.7
25634.1
25524.5
25469.8
25459.6
25497
25562.4
25648.6
25741.1
25868.9
26112.7
26256.9
26402.2
26590.8
26612.5
26693.7
26894.3
27007.5
27002.7
27078.6
27026.1
26925.3
26902.5
26919.9
26941.4
27035.3
27104.8
27243.8
27382.4
27346.8
27381.5
27514.5
27532.1
27430.1
27415
27479.4
27367.3
27163.7
27067.4
27031.8
27029.8
26853
26746
26702.2
26714.4
26771.8
26868.1
27079.6
27243.8
27286.3
27411.3
27433.3
27384.7
27411.6
27362.6
27193.8
27130.8
27096.6
26890.4
26757.2
26696
26670.8
26584.8
26443.1
26381.4
26376.1
26415.9
26323.3
26297
26297.4
26162.7
26114.7
26104.8
25955.2
25829.5
25772.4
25766.3
25791.8
25802.2
25751.4
25731.1
25761
25838.1
25845.2
25912.6
25928.8
25969.5
26087.5
26144.1
26247.8
26391.9
26463.8
26576.7
26773.7
26809.2
26881.6
27046.4
27247.7
27249.1
27336.1
27260.2
27182.5
27182.3
27223.2
27070.7
27020.2
27008.8
26801
26666.5
26255.6
25908.1
25684.7
25500.8
25338.2
25172.6
25014.7
24893.6
24805.4
24759.9
24760.1
24807.1
24898.2
25047.5
25276.5
25303.6
25347.2
25439.5
25604.7
25713.8
25733.3
25770.2
25857.7
25997.8
26230.8
26252.5
26209.2
26221.7
26269
26348.8
26455.4
26665.7
26757.4
26729.7
26760.2
26615
26308.4
26131.5
26000.1
25912.3
25848.8
25780.4
25684.4
25602.3
25549.7
25538.2
25570.3
25657.1
25681.9
25617.9
25592.9
25612.2
25676.2
25802.6
25811.2
25745.4
25731
25762.3
25840.6
25960.3
26179.6
26273.7
26272.9
26319.7
26418.2
26565.6
26810.1
27141
27192.8
27274.7
27414.3
27638.6
27884
27997.9
28148.2
28442.9
28630.7
28700.5
28817.7
29029.4
29056.8
29148.6
29340.6
29334.6
29411.9
29399
29264.5
29227
29222.2
29090.9
29043.5
29060.7
29144.8
29304.7
29482.6
29569.9
29691.3
29941.9
30191.3
30248.6
30384.2
30516.8
30501.7
30583.8
30494.2
30459.3
30444.1
30282.8
30229.8
30231.2
30089.5
30024.6
30031
30115.4
30092.1
30087.8
30177
30203.6
30165.8
30221.6
30095
29950.3
29905.1
29895.6
29688.7
29552.9
29486.3
29408.1
29144.8
28988
28895.6
28839
28732
28572.1
28499.3
28489.3
28541.4
28436.6
28327.4
28304.1
28359.9
28430.5
28280.5
28205
28188.2
28206.1
27951.5
27752.5
27637.3
27571.8
27551.5
27559.2
27585.5
27606.4
27633.6
27700.7
27813.9
28043.2
28265.8
28181.9
28176.1
28226.2
28050.9
27977.3
27946.8
27715.8
27578.8
27354.3
27020.3
26818.6
26661.3
26557.2
26502.5
26475.6
26303.7
26210.3
26171.8
26194.2
26190.2
26045.6
25959.9
25923.5
25933.2
25996.7
26124
26318.7
26316.1
26335.6
26410
26524.6
26575.8
26585.8
26610.7
26684.9
26834.1
27048.4
27044.8
26994
27011.1
27099.7
27226.3
27119.1
27087.1
27111.9
27217
27322
27264.3
27239.9
27277.1
27389.2
27559.5
27471.6
27456.6
27502.3
27482.4
27200.5
27048.9
26953
26881.1
26679.5
26483.2
26335.2
26233
26168
26085
26019.3
25987.7
25914.1
25889.4
25895.2
25805.8
25696.4
25617.9
25583
25596.1
25643.8
25719.7
25826.2
25944.1
26051
26172.1
26344
26613.9
26973.7
27139.8
27371.9
27541.3
27690
27915.5
28240.7
28359
28497.4
28758.7
29013.8
28989.8
29039.9
29147.3
29085.3
29070.6
29115.9
29176.1
29028
28954.6
28916.8
28916.8
28943.8
28969.9
28917.9
28843.8
28798.7
28789.3
28819.7
28882.2
28881
28764.7
28697.6
28668.4
28654.9
28678.2
28713.6
28791.7
28944.3
29129.5
29050.8
29030
29066.5
29146.8
29060.1
29014.5
29022.5
28753.9
28473.6
28315
28176.3
27998.9
27825.6
27681.1
27573.3
27517.1
27514.2
27532.4
27334.7
27178.2
27084.7
27029.8
27011.5
27040
27075.7
26937.4
26862
26836.3
26828.7
26856.3
26914.1
27061.5
27123.6
27059.1
27065
27122.3
27028.5
26982.5
26967.5
27002.6
27063.8
27159.3
27331.1
27571.2
27631.5
27707.1
27874.7
28047.4
28003
28022.5
27939.1
27712.1
27591.8
27523.6
27492.7
27484.7
27480.2
27462.5
27470.8
27534.2
27654.7
27865.5
27959.7
28032.4
28193
28351.2
28322.6
28371.4
28277.4
28126.6
28072.3
28057.6
27884
27768.4
27630.9
27337.7
27179.8
27049.8
26889.1
26737.5
26619.2
26542.5
26514.4
26522.7
26556.6
26619.5
26709.3
26908.8
26948.4
26904.9
26921.6
26996.8
26834.2
26715
26664
26665.2
26709.1
26524.4
26352.1
26268.1
26240.5
26265.2
26344.1
26508.5
26531.4
26525.7
26574.1
26694.7
26873.4
26864.8
26907.1
27040.6
27176.9
27121.5
27131.5
27199.9
27345.7
27321.8
27335.2
27412.1
27563.8
27550.1
27589.1
27715.3
27720.4
27615.3
27569.5
27293.5
27039
26891.5
26756.8
26564.7
26366.5
26235.2
26147.2
26101.8
26095.6
26102.2
26061.7
26000.1
244613
96234.5
57516.7
43441.8
36488.4
32653.6
30014.7
28105.1
26663
25416.3
24478.5
23683.9
22964
22409.7
21896.8
21406.4
21021.2
20704.2
20368.2
20035.2
19710.4
19437.8
19229.9
19079
18982.9
18935.7
18925
18947
18993.4
19064.1
19157.7
19278.1
19429.2
19615.4
19843.1
20167.1
20379.8
20556.8
20765.2
21034.2
21300.9
21550.3
21835.7
22226.3
22541.8
22718.5
22972.4
23133.2
23086.7
23093.8
23149.4
23233.9
23339.4
23464
23555.8
23659.8
23859.5
23940.2
23855.9
23827.1
23680.6
23409.3
23242.3
23112.8
23018.2
22964.7
22915.5
22798.7
22656.5
22573.1
22525.8
22506.6
22517.6
22557.2
22634.8
22738.5
22872.2
23028.4
23121.6
23211
23340.4
23501.8
23750.6
23879.9
23967.7
24121.6
24209.7
24310.5
24482
24575.8
24679.7
24830.7
25089
25251.6
25328.7
25474.3
25495.9
25387.2
25337.6
25238.6
25156.3
25061.1
24923.7
24854.4
24827.9
24831.1
24853.9
24872.8
24845
24855.6
24916.3
24962.3
25051.6
25167.7
25373.5
25544.8
25656.1
25800.8
26027
26166.2
26255
26415.7
26453.6
26406.5
26413.2
26462.5
26481.3
26444.5
26450.7
26512
26586.7
26503.2
26465
26473.7
26519.8
26559.5
26540.4
26567.6
26651.8
26762.5
26739.2
26751
26810.1
26920.1
26917.9
26910.1
26956.4
27005.5
26926.9
26892.2
26904.1
26956.7
26912.1
26861.2
26865.2
26703.6
26538.7
26453.3
26393.6
26296.3
26177.3
26085.4
26040.4
26041
26085
26110.1
26059.8
26056.2
26099.2
26187.9
26173.1
26147.8
26179.6
26042.9
25840
25732.4
25667.7
25615.1
25561.8
25499.5
25474.1
25491.5
25562.6
25649.4
25564.9
25514.9
25506
25489.6
25319.6
25213.7
25147.2
25102.9
24976.3
24860.9
24781.7
24739.7
24736.3
24766.3
24819.3
24895.2
24981.6
25063.8
25163.3
25307.1
25503.1
25798.1
26010.9
26131
26325.2
26450.7
26527.4
26635.2
26662
26738.4
26842
26810.7
26818.7
26877.5
26988.4
27066.1
27096.4
27165.5
27313.1
27440.4
27428.1
27471.4
27470.2
27377.1
27345.6
27300.1
27303.5
27307.6
27329.2
27397.4
27522.2
27534.7
27549.6
27629.9
27592.6
27450.7
27387.1
27330.2
27149.8
27032.7
26966.3
26943.3
26957
26855.4
26771.4
26744.6
26764.4
26841.7
26913.7
26933.6
26993.5
27104.9
27309.9
27413.3
27425.9
27503.1
27469.9
27336
27268.6
27131.9
26925.9
26799.4
26720
26687.1
26675.2
26636.5
26548
26514.6
26523.2
26509.4
26365.7
26290.4
26248.8
26199.1
26170.2
26175.3
26196.1
26254.5
26355.2
26484.8
26645.7
26831.8
26972.2
27116.7
27306.8
27623.6
27897.8
27989.1
28132.4
28229.5
28186.3
28196.9
28215.5
28106
28046.2
28032.3
28043.7
27988.2
27941.2
27937.8
27902.5
27912.5
27899.7
27862.4
27878.6
27716.8
27538.7
27440.1
27374.3
27322.6
27258.9
27166
27125.2
27125.1
27141.9
27193.3
27280.2
27348.1
27486.4
27506.6
27448
27445
27297.9
27057.5
26919.3
26746.4
26304.3
25955.6
25706.9
25494.6
25312
25155.4
25020.2
24898.8
24789.4
24698.9
24629.3
24594.7
24594.4
24626.4
24702.2
24746.9
24719.9
24723.4
24755.3
24819.2
24910.2
25029.2
25175.7
25392.6
25723.7
25754.2
25800.4
25879.3
26023.2
25949.8
25847.1
25801.7
25794.6
25812.7
25709.4
25523.2
25407
25330.2
25291.5
25292.9
25347
25320.7
25253.4
25217.4
25224.8
25277
25395.3
25300.2
25240.6
25230.4
25265.4
25347.8
25500.7
25647
25784.5
25937.9
26136.9
26391.4
26795.4
27278.6
27451.7
27684.8
27829.5
27826.6
27883.3
27994.7
27981.6
27975.8
28041.3
27924.2
27716.4
27617.3
27567.1
27554
27566.1
27594.6
27642.1
27735.4
27934.6
28117
28094.3
28146.8
28111.2
27945.5
27872.8
27809.9
27608.3
27494.1
27436.8
27414.3
27438.6
27502.4
27658.9
27801.8
27737.2
27748.7
27641.9
27405.7
27286.1
27226.3
27212.9
27183.4
27126.1
27090
27114.6
27200.4
27341.6
27514.8
27630.9
27734.5
27890.8
28171
28505.2
28592.6
28751.8
28792.7
28740.5
28761.7
28822
28735.2
28676.7
28683.1
28699
28563.6
28487.9
28469.4
28498.4
28556.5
28623.9
28627.7
28668.9
28747.8
28893.2
28864.1
28834.3
28845.6
28890.2
28958.1
29041.6
29117.7
29196.1
29300.6
29451.6
29702.1
29833.8
29909.5
30063.2
30149.9
30192.1
30234.1
30179.3
30196
30194.3
30081.8
30043.7
29852.4
29660.1
29558.7
29460.5
29333.7
29267.3
29169.4
29125
29140.3
29205.3
29148.1
29144.9
29211.3
29136.7
29022.6
28988.7
29001.8
28888.7
28818.5
28803.5
28597.8
28349.2
28181.9
27950.2
27759.5
27576.3
27338.9
27192
27094.7
27012.8
26889.9
26715.2
26582.9
26508.5
26479.7
26491.3
26520.2
26564
26624.6
26714.1
26840.4
27064.5
27309.7
27343.6
27412.8
27549
27582.1
27601.4
27689.8
27675
27528.9
27468.7
27439
27350.6
27251
27188.2
27169.4
27196.5
27257.1
27203.8
27134.7
27116.2
26898.9
26654.9
26511.4
26366.6
26112.1
25877.5
25697
25553.6
25445.7
25355
25241
25128.9
25030
24970
24947.5
24964.3
24987.3
24912.5
24883.6
24872.2
24763.9
24718.1
24687
24549.3
24405
24304.5
24234
24197.5
24187.8
24105.7
23984
23914.5
23867
23800.3
23771.8
23762.1
23781
23842.1
23816.6
23827.3
23854.4
23871.2
23893.6
23937.5
24017
24131.7
24292.5
24490
24719.4
24851.9
24991.9
25185.8
25472.7
25581.3
25678.2
25816.7
25999.6
26283.3
26440.9
26535.8
26705
26722.9
26633.7
26607.6
26598.2
26399.3
26258.2
26173.8
26104.6
25849.7
25627.5
25484.1
25381.8
25316
25287.1
)
;

boundaryField
{
    inlet
    {
        type            fixedValue;
        value           nonuniform List<scalar> 
83
(
6.59624e+06
1.88352e+06
789868
312777
143064
80815.2
53458.3
38752.2
29912.3
24130.2
19950.3
16882.2
14474.6
12572.9
10990.7
9659.59
8556.28
7453.55
6422.54
5517
4756.27
4154.69
3718.36
3440.94
3298.27
3241.12
3185.29
3018.6
2792.58
2613.09
2438.82
2243.11
2088.9
1939.62
1823.46
1728.6
1637.11
1549.87
1468.89
1395.3
1301.85
1219.91
1144.96
1063.19
971.268
863.098
764.017
653.791
543.761
437.17
336.491
244.333
163.354
96.1694
45.2533
12.8419
0.593685
0.122536
0.122536
0.122536
0.122536
0.122536
0.122536
0.122536
0.122536
0.122536
0.122536
0.122536
0.122536
0.122536
0.122536
0.122536
0.122536
0.122536
0.122536
0.122536
0.122536
0.122536
0.122536
0.122536
0.122536
0.122536
0.122536
)
;
    }
    bottom
    {
        type            omegaWallFunction;
        blending        binomial;
        n               2;
        value           nonuniform List<scalar> 
622
(
4.03627e+06
5.4418e+06
6.71709e+06
6.55182e+06
4.51576e+06
4.98155e+06
6.48249e+06
6.06491e+06
6.67635e+06
7.0511e+06
6.46286e+06
4.24447e+06
5.83422e+06
6.99496e+06
6.46201e+06
6.75035e+06
6.89581e+06
5.68582e+06
6.05568e+06
7.04863e+06
8.22232e+06
7.41053e+06
6.61737e+06
6.99855e+06
8.02239e+06
7.98924e+06
7.59231e+06
5.99695e+06
7.71973e+06
8.64392e+06
8.12183e+06
9.46038e+06
8.65487e+06
7.38452e+06
8.73375e+06
7.71824e+06
7.57089e+06
8.12317e+06
1.00669e+07
9.27289e+06
8.5056e+06
8.26239e+06
9.19367e+06
8.69939e+06
8.88634e+06
9.69181e+06
9.22468e+06
1.08879e+07
9.29486e+06
9.44027e+06
9.77946e+06
1.03072e+07
1.04295e+07
1.02268e+07
1.04978e+07
8.94812e+06
7.79664e+06
9.83251e+06
1.00773e+07
1.123e+07
9.64684e+06
9.29497e+06
1.06312e+07
1.048e+07
9.96864e+06
7.82831e+06
1.0046e+07
9.97086e+06
7.37503e+06
9.18613e+06
1.01593e+07
9.71274e+06
1.10066e+07
1.06018e+07
9.96651e+06
9.9265e+06
1.04211e+07
9.6082e+06
9.92913e+06
9.53318e+06
1.01158e+07
1.12068e+07
1.10966e+07
9.48461e+06
1.0788e+07
1.16922e+07
1.24556e+07
1.16049e+07
1.12385e+07
1.10375e+07
9.47974e+06
1.0997e+07
8.70003e+06
9.92652e+06
1.2634e+07
1.16137e+07
1.06363e+07
1.01917e+07
1.05485e+07
1.07513e+07
1.07309e+07
1.02868e+07
9.60769e+06
9.35828e+06
1.01829e+07
1.07607e+07
1.02533e+07
1.09305e+07
1.09491e+07
1.01082e+07
1.03495e+07
1.0735e+07
1.15475e+07
1.03002e+07
9.69829e+06
1.13566e+07
1.24185e+07
1.11122e+07
9.61927e+06
9.91188e+06
1.03897e+07
8.55161e+06
1.04028e+07
1.12848e+07
9.94431e+06
1.0012e+07
1.00118e+07
1.13832e+07
1.13187e+07
1.05075e+07
1.09437e+07
1.20505e+07
1.06536e+07
1.18729e+07
1.13347e+07
9.27527e+06
9.37095e+06
1.00183e+07
1.01875e+07
9.4683e+06
1.02374e+07
9.66303e+06
1.06679e+07
1.06528e+07
1.01308e+07
9.71075e+06
9.23927e+06
1.07936e+07
9.85144e+06
8.77838e+06
9.70004e+06
1.14207e+07
1.12849e+07
1.16912e+07
1.02648e+07
1.05163e+07
1.19624e+07
1.0145e+07
1.03192e+07
9.90444e+06
9.85306e+06
9.61139e+06
9.85467e+06
9.22583e+06
1.12289e+07
1.12745e+07
8.61921e+06
9.07386e+06
1.06203e+07
1.03749e+07
1.03645e+07
1.01718e+07
9.45504e+06
1.15326e+07
9.71332e+06
9.17841e+06
1.06428e+07
1.0106e+07
1.12292e+07
1.13096e+07
1.05358e+07
1.02605e+07
9.39942e+06
9.20536e+06
1.03002e+07
9.8986e+06
9.76969e+06
9.55679e+06
1.08649e+07
1.04764e+07
9.12892e+06
8.59245e+06
9.29246e+06
1.03074e+07
1.00401e+07
8.84723e+06
9.03931e+06
9.99433e+06
9.42219e+06
8.79078e+06
9.40751e+06
1.02924e+07
1.02606e+07
9.31247e+06
9.54183e+06
1.03421e+07
9.60617e+06
8.34355e+06
8.5916e+06
1.05712e+07
1.05939e+07
8.51299e+06
1.05855e+07
1.01983e+07
9.92111e+06
1.04025e+07
1.06565e+07
9.98072e+06
1.01913e+07
9.42022e+06
1.08995e+07
1.11374e+07
1.07855e+07
1.06517e+07
9.57732e+06
9.89501e+06
9.56781e+06
8.67089e+06
1.0201e+07
1.02498e+07
1.05226e+07
9.5357e+06
9.44688e+06
1.35303e+07
9.57914e+06
8.0333e+06
1.04641e+07
1.16136e+07
9.69989e+06
9.80809e+06
1.19647e+07
1.13141e+07
9.61632e+06
9.2785e+06
1.09101e+07
1.13153e+07
9.25673e+06
9.71617e+06
1.17303e+07
1.11795e+07
1.00659e+07
8.94245e+06
9.73536e+06
1.15325e+07
1.09116e+07
1.02903e+07
1.01801e+07
1.05763e+07
1.35988e+07
1.10312e+07
1.01896e+07
1.04949e+07
9.79351e+06
9.51088e+06
9.51481e+06
1.10247e+07
1.08849e+07
1.01164e+07
1.00728e+07
9.81662e+06
9.71276e+06
1.08043e+07
1.11347e+07
9.85347e+06
9.27106e+06
9.63737e+06
9.81437e+06
9.83352e+06
1.07881e+07
9.49996e+06
1.00392e+07
1.02875e+07
8.92087e+06
1.00254e+07
1.22516e+07
1.13721e+07
8.59198e+06
9.73149e+06
1.27655e+07
1.21229e+07
1.05268e+07
9.41454e+06
1.0048e+07
1.25785e+07
1.22505e+07
1.13722e+07
1.15684e+07
1.09476e+07
1.1092e+07
9.71163e+06
9.79729e+06
1.10704e+07
1.05369e+07
1.0833e+07
1.1105e+07
1.00994e+07
8.1789e+06
9.93706e+06
9.45118e+06
1.00243e+07
9.3462e+06
8.57929e+06
1.00385e+07
1.10837e+07
1.06288e+07
1.0352e+07
1.17049e+07
1.18007e+07
9.79862e+06
1.08335e+07
1.22563e+07
1.06667e+07
9.90145e+06
1.0343e+07
1.04855e+07
1.20738e+07
8.77931e+06
9.17182e+06
1.12382e+07
9.86035e+06
7.42791e+06
8.49639e+06
9.85551e+06
8.93301e+06
8.3127e+06
7.50766e+06
7.80861e+06
9.08217e+06
8.02704e+06
9.53909e+06
9.20458e+06
9.53674e+06
8.48316e+06
8.56248e+06
8.38254e+06
8.49858e+06
9.00276e+06
1.00117e+07
9.9966e+06
1.14593e+07
1.24816e+07
1.27718e+07
1.25858e+07
1.17854e+07
1.16495e+07
1.16303e+07
1.28854e+07
1.15489e+07
1.09422e+07
1.2754e+07
1.24016e+07
1.20683e+07
1.21575e+07
1.18236e+07
1.28006e+07
1.25263e+07
1.20152e+07
1.11271e+07
9.70229e+06
9.90105e+06
9.56166e+06
9.55798e+06
1.07807e+07
1.03842e+07
1.09092e+07
1.10234e+07
1.02233e+07
1.13649e+07
1.01216e+07
9.68722e+06
1.08169e+07
1.02635e+07
9.86568e+06
1.07888e+07
9.38683e+06
1.14819e+07
9.98877e+06
9.41248e+06
9.5737e+06
1.01875e+07
8.19396e+06
1.0765e+07
1.17135e+07
1.1979e+07
1.19507e+07
1.191e+07
1.10344e+07
9.49343e+06
1.06921e+07
1.14541e+07
1.13816e+07
1.18965e+07
1.01388e+07
8.45577e+06
1.0049e+07
1.08105e+07
1.02069e+07
9.65837e+06
1.23712e+07
1.05481e+07
1.00079e+07
9.03786e+06
9.49835e+06
1.02009e+07
1.12208e+07
1.00334e+07
1.15383e+07
1.08625e+07
8.12545e+06
9.85515e+06
1.07332e+07
1.12271e+07
1.12238e+07
1.16636e+07
8.96881e+06
8.49102e+06
8.14914e+06
9.18581e+06
1.11278e+07
9.79811e+06
9.52877e+06
1.17263e+07
9.94586e+06
1.0604e+07
9.79921e+06
9.3175e+06
8.91246e+06
1.12971e+07
1.3198e+07
1.21496e+07
1.02672e+07
1.04452e+07
9.52141e+06
1.03868e+07
1.12627e+07
1.07701e+07
1.02059e+07
1.12994e+07
1.13464e+07
9.69573e+06
1.14847e+07
9.47186e+06
1.20198e+07
1.08103e+07
1.11283e+07
1.00485e+07
1.11148e+07
9.82196e+06
1.06238e+07
1.11648e+07
1.05785e+07
1.21318e+07
1.26537e+07
1.22021e+07
1.29716e+07
1.37931e+07
1.14042e+07
1.28701e+07
1.22692e+07
1.09306e+07
1.00262e+07
1.19681e+07
1.18378e+07
9.61555e+06
9.78048e+06
8.58687e+06
8.97004e+06
8.7192e+06
9.11947e+06
9.12212e+06
8.97319e+06
7.95097e+06
7.86587e+06
7.16761e+06
1.01355e+07
9.75881e+06
7.81567e+06
8.03497e+06
7.85014e+06
7.49858e+06
8.27325e+06
7.59586e+06
8.51723e+06
8.65299e+06
7.74988e+06
9.83223e+06
1.02878e+07
8.28999e+06
8.10745e+06
1.0368e+07
8.67616e+06
7.28414e+06
8.8641e+06
8.78033e+06
8.76807e+06
6.83203e+06
6.75979e+06
7.94105e+06
6.90484e+06
9.47314e+06
8.21223e+06
7.96355e+06
8.24983e+06
9.1489e+06
9.68067e+06
6.76901e+06
9.1385e+06
1.06122e+07
9.36422e+06
9.49359e+06
1.17477e+07
9.52721e+06
9.22526e+06
1.07119e+07
9.76517e+06
9.80121e+06
9.28884e+06
1.04435e+07
9.87843e+06
8.64437e+06
9.60812e+06
1.04271e+07
1.05448e+07
1.02912e+07
9.73639e+06
1.05317e+07
1.00458e+07
1.14783e+07
1.24023e+07
8.83178e+06
9.96653e+06
9.25013e+06
9.61553e+06
8.85069e+06
9.76623e+06
9.43827e+06
9.08087e+06
9.60963e+06
9.25882e+06
9.98923e+06
8.22376e+06
8.18152e+06
8.9928e+06
1.02867e+07
1.18373e+07
9.39176e+06
1.08379e+07
1.03247e+07
1.1304e+07
1.08309e+07
9.20104e+06
9.56424e+06
8.98413e+06
1.07077e+07
1.01716e+07
1.01175e+07
9.87757e+06
9.67461e+06
1.13475e+07
8.47137e+06
9.25953e+06
9.09633e+06
1.01222e+07
7.7165e+06
9.45945e+06
8.77184e+06
1.07906e+07
9.87544e+06
1.08345e+07
9.13637e+06
9.75583e+06
8.7621e+06
9.35147e+06
9.83345e+06
8.62902e+06
8.78633e+06
1.06603e+07
9.99596e+06
1.1248e+07
1.00409e+07
9.11702e+06
1.00954e+07
9.85925e+06
8.62286e+06
7.81898e+06
9.90607e+06
9.01794e+06
1.16893e+07
9.9604e+06
9.46204e+06
9.30761e+06
9.63284e+06
1.03136e+07
8.55728e+06
9.64489e+06
1.0528e+07
1.14419e+07
1.01561e+07
1.14719e+07
1.06564e+07
1.05452e+07
1.00045e+07
9.09142e+06
1.00653e+07
9.53725e+06
9.05597e+06
9.20404e+06
9.6879e+06
9.06321e+06
9.70302e+06
1.05173e+07
1.11163e+07
)
;
    }
    sides
    {
        type            empty;
    }
    outlet
    {
        type            zeroGradient;
    }
    top
    {
        type            symmetry;
    }
}


// ************************************************************************* //
