/*--------------------------------*- C++ -*----------------------------------*\
| =========                 |                                                 |
| \\      /  F ield         | OpenFOAM: The Open Source CFD Toolbox           |
|  \\    /   O peration     | Version:  2606                                  |
|   \\  /    A nd           | Website:  www.openfoam.com                      |
|    \\/     M anipulation  |                                                 |
\*---------------------------------------------------------------------------*/
FoamFile
{
    version     2.0;
    format      ascii;
    arch        "LSB;label=32;scalar=64";
    class       volVectorField;
    location    "8000";
    object      U;
}
// * * * * * * * * * * * * * * * * * * * * * * * * * * * * * * * * * * * * * //

dimensions      [0 1 -1 0 0 0 0];

internalField   nonuniform List<vector> 
2304
(
(-0.0001048425912348769 0.0001026243101642198 0)
(-0.0004524945380852281 9.79760525576892e-05 0)
(-0.000752808841271711 5.819485011535217e-05 0)
(-0.0009347903973619987 2.008665267806865e-05 0)
(-0.00099744748464594 -5.266022543964531e-06 0)
(-0.0009801984315897046 -1.885635327674833e-05 0)
(-0.0009200941939654666 -2.384637572193392e-05 -4.263245527837566e-27)
(-0.0008435424841767892 -2.36393813642457e-05 -1.123225419486211e-27)
(-0.0007665142298637111 -2.089408486066934e-05 0)
(-0.0006971024839260632 -1.730148441675783e-05 0)
(-0.000638386706126864 -1.377124620560697e-05 0)
(-0.0005907006652534925 -1.06975664661079e-05 0)
(-0.0005531197729142056 -8.179877344397189e-06 0)
(-0.0005243172568017043 -6.177925106986208e-06 0)
(-0.0005030116217254668 -4.595436610579693e-06 0)
(-0.0004881508737767362 -3.324704679827873e-06 0)
(-0.0004789615046994787 -2.269986621510519e-06 0)
(-0.0004749457022028954 -1.352578376343115e-06 0)
(-0.0004758379671306087 -5.087287160969957e-07 0)
(-0.0004815622600226969 3.086396463512634e-07 1.97212046029592e-27)
(-0.0004921914504185581 1.140808606729814e-06 2.619820273927248e-27)
(-0.0005079049449269417 2.017797432761359e-06 0)
(-0.0005289580126450737 2.963439079359938e-06 0)
(-0.000555639123110545 4.000015691248015e-06 0)
(-0.0005882319529153213 5.139441086272714e-06 0)
(-0.000626963416292369 6.389520770052071e-06 0)
(-0.0006719424737159062 7.746275351589989e-06 0)
(-0.0007230812791926909 9.191221137368893e-06 0)
(-0.000779998068325198 1.068437713411279e-05 0)
(-0.0008419045628563866 1.215853188702339e-05 0)
(-0.0009074745720301338 1.350998549286022e-05 0)
(-0.0009747197947519697 1.459198395146426e-05 5.480458565570245e-27)
(-0.001040872489970011 1.521381064250427e-05 4.125170581400323e-27)
(-0.001102313812347339 1.514453525462873e-05 0)
(-0.001154588888912224 1.412836217138633e-05 0)
(-0.001192539189846485 1.191601978802108e-05 0)
(-0.001210600689407479 8.316299111661766e-06 0)
(-0.001203299706688661 3.260484551982204e-06 0)
(-0.00116594391872081 -3.12904960509829e-06 0)
(-0.001095469610647631 -1.04755757336328e-05 0)
(-0.0009913327792843371 -1.812571424917219e-05 0)
(-0.0008563020031055084 -2.518931856320103e-05 0)
(-0.0006969582880767172 -3.064439417964919e-05 0)
(-0.0005237118244085769 -3.349687675403705e-05 0)
(-0.0003502355121756663 -3.296405894687565e-05 0)
(-0.0001928422228313529 -2.855879275629248e-05 0)
(-7.196288244540764e-05 -1.94957225088919e-05 0)
(-6.281779223788258e-06 -6.539378153577379e-06 0)
(-0.0001296349573029274 0.000475121337938573 0)
(-0.0007424187325901881 0.0006264445651886361 0)
(-0.001340678921013335 0.0004655054072591854 0)
(-0.001762917049980329 0.0002420647938308346 0)
(-0.001975565726640136 6.019695090288496e-05 0)
(-0.002030055320740288 -5.56699792076052e-05 0)
(-0.001986482321743326 -0.0001143541940410283 -1.510522438574786e-26)
(-0.001892969181851446 -0.0001337615049703439 -8.574903180798213e-27)
(-0.001781909849103516 -0.0001303020156550521 0)
(-0.001672313637194572 -0.0001157128319797925 0)
(-0.001573825118010919 -9.719413826208144e-05 0)
(-0.001490357732780773 -7.858446731770623e-05 0)
(-0.001422719009094536 -6.157871720911274e-05 0)
(-0.001370274973241971 -4.664957920916738e-05 0)
(-0.001331916007334883 -3.365784119761424e-05 -2.008449478137488e-28)
(-0.00130656380199139 -2.220555064465943e-05 4.717450159218342e-28)
(-0.001293394571428275 -1.182894762034554e-05 0)
(-0.001291912921399941 -2.091138300013102e-06 0)
(-0.001301945212457391 7.38269725524148e-06 0)
(-0.00132358979241415 1.689218751714339e-05 5.750759200980419e-27)
(-0.001357156445421003 2.666874957152864e-05 7.16455096960876e-27)
(-0.001403093376264814 3.687257607616168e-05 0)
(-0.001461902429114985 4.75917689796329e-05 0)
(-0.001534051198599985 5.8842248896718e-05 0)
(-0.001619858722226755 7.054234608220931e-05 0)
(-0.001719358078562213 8.250569082438753e-05 0)
(-0.001832144062679751 9.439982715721859e-05 0)
(-0.001957181089456955 0.000105725911478917 0)
(-0.002092588952092325 0.0001157810455579117 0)
(-0.002235420647900098 0.0001236347117535422 0)
(-0.002381446526432821 0.0001281178926430399 0)
(-0.002524979835855723 0.000127846107919925 7.070235228163952e-27)
(-0.00265879243537422 0.0001212872851494018 2.626727237493367e-27)
(-0.002774174470307114 0.0001068916182139369 0)
(-0.00286119160280043 8.328390698324091e-05 0)
(-0.002909187855437117 4.954701804299917e-05 0)
(-0.00290756991507812 5.539946546931273e-06 0)
(-0.002846866595473116 -4.775346717566484e-05 0)
(-0.002720003329553722 -0.0001079390955599271 0)
(-0.002523704838750592 -0.0001710542456984564 0)
(-0.002259852490033624 -0.0002316388054752127 0)
(-0.001936591041612638 -0.0002831168400451743 0)
(-0.001568957508171486 -0.0003184650214997129 0)
(-0.001178789823834651 -0.0003310897775968795 0)
(-0.0007937305523368057 -0.0003156025990987861 0)
(-0.0004461055261196703 -0.0002680148713123578 0)
(-0.0001754361838757146 -0.0001854732412329926 0)
(-1.704625406976792e-05 -7.039216641895526e-05 0)
(-0.000115321898908443 0.0009066733036616273 0)
(-0.0007733677722741306 0.001303312319806773 0)
(-0.00147985745300492 0.001053663337268436 0)
(-0.002034231754801039 0.0006279949658012659 0)
(-0.002369595856516411 0.0002494047385515208 0)
(-0.002522037809143138 -1.168849991608468e-05 0)
(-0.002548879331872761 -0.0001595367252557614 0)
(-0.002501894685865576 -0.000223995635551223 0)
(-0.002419141540329376 -0.0002362170594654092 0)
(-0.002325132698717778 -0.0002200185345072558 0)
(-0.002234078164387813 -0.0001908908083693707 0)
(-0.002153405740226545 -0.000157732684951149 0)
(-0.002086507917796671 -0.0001250051868507001 0)
(-0.002034610580740922 -9.449205534772361e-05 0)
(-0.001997933963684174 -6.651289401756025e-05 3.023959532468389e-27)
(-0.001976354126016402 -4.067980797883975e-05 3.192498314530054e-27)
(-0.001969749462064283 -1.632916949394001e-05 0)
(-0.00197815817058371 7.24976711072669e-06 0)
(-0.002001821008788789 3.06931718352957e-05 0)
(-0.00204116028829643 5.452367381723586e-05 0)
(-0.002096717155709306 7.91156508847255e-05 0)
(-0.002169071131647653 0.0001046875049401377 0)
(-0.002258731427326128 0.0001312759001975584 0)
(-0.002366001711256707 0.000158715342191666 0)
(-0.0024908230873574 0.0001865938158776166 0)
(-0.002632585326292822 0.0002142057986838118 0)
(-0.002789916533965852 0.000240491523734258 0)
(-0.002960444519455793 0.0002639881640547435 0)
(-0.00314056329610337 0.0002827851285035555 0)
(-0.003325217662275469 0.000294517268045073 0)
(-0.003507734863112445 0.0002964074425654653 0)
(-0.003679763589913145 0.0002853939842801089 0)
(-0.003831349949452108 0.0002583471647782932 0)
(-0.003951212445182218 0.0002124129656040258 0)
(-0.004027222035732793 0.0001454493414736473 0)
(-0.004047122981564668 5.657520647781617e-05 0)
(-0.003999487550328818 -5.325664943776907e-05 0)
(-0.003874853220293174 -0.0001807068259998557 0)
(-0.003667013403309273 -0.0003196452234750951 0)
(-0.003374367110742383 -0.000460991714265893 0)
(-0.003001227431856097 -0.0005929554883454694 0)
(-0.002558928693069888 -0.000701770879482519 0)
(-0.002066543735378721 -0.0007729327297473626 0)
(-0.00155094027477128 -0.0007928076018745917 0)
(-0.00104585833094493 -0.0007501436532416115 0)
(-0.0005908048369982632 -0.0006367466615850243 0)
(-0.0002347770345975748 -0.0004468839601636367 0)
(-2.235454972818561e-05 -0.000177866395041916 0)
(-9.240897567182621e-05 0.0013210835664769 0)
(-0.0007086595600082955 0.002009142856348141 4.313287341553434e-25)
(-0.001428137566689669 0.001721857748250609 2.428432444113463e-25)
(-0.002041746319434064 0.001118025990997467 -1.143209484654049e-25)
(-0.002460853354247216 0.0005416945955203632 -3.664873314074338e-26)
(-0.002700881132202502 0.0001206365295878751 0)
(-0.002807064311913258 -0.0001352996536980841 0)
(-0.00282639088864418 -0.0002626838187986896 -5.618982683820637e-26)
(-0.002796425124333917 -0.000305328568617625 -5.491118573563148e-26)
(-0.002743207621400474 -0.0002987038584375329 0)
(-0.002683216029345425 -0.0002668807449952363 0)
(-0.002626225918731843 -0.0002243368563747992 0)
(-0.002577772460281126 -0.0001788474884199413 0)
(-0.002540904111068823 -0.0001339930134687709 1.378243965427774e-26)
(-0.002517325238100404 -9.095803563433944e-05 1.280547937450987e-26)
(-0.002508087872348402 -4.967718776333094e-05 0)
(-0.002513969231083255 -9.528286728583531e-06 0)
(-0.002535683304456023 3.027820982876904e-05 0)
(-0.002573947184207526 7.049400851705855e-05 0)
(-0.00262948412172168 0.000111717306319324 0)
(-0.00270297785485243 0.0001543283913441203 0)
(-0.002794985191040336 0.0001984477967036018 0)
(-0.002905812252446833 0.0002438818736055525 0)
(-0.003035363934961924 0.0002900709813862193 0)
(-0.003182976629348109 0.000336020977354314 0)
(-0.003347210443310286 0.0003802256458983905 0)
(-0.003525644763805641 0.0004205961602286885 0)
(-0.003714669411654277 0.0004544077958607995 0)
(-0.003909300969957384 0.0004782801886014776 0)
(-0.004103059675341456 0.0004882368175947839 0)
(-0.004287928207757048 0.0004798425897964748 0)
(-0.004454434311199927 0.0004484713212077326 0)
(-0.004591869073046098 0.0003896998815054966 0)
(-0.004688677219790437 0.0002998361091368693 0)
(-0.004732991688373386 0.0001765696154353533 0)
(-0.004713309386166931 1.968484533475412e-05 0)
(-0.004619311252062111 -0.0001681864940610363 0)
(-0.004442801364307862 -0.0003808970062132709 0)
(-0.004178763730586806 -0.0006082768475880989 0)
(-0.003826541282935755 -0.0008359430090791648 -9.943167183006166e-26)
(-0.003391109452778134 -0.001045593425479191 -9.092398520366668e-26)
(-0.002884326694756664 -0.00121594283820705 0)
(-0.002326001210499546 -0.001324396780462791 0)
(-0.00174439928618977 -0.001349336080353507 0)
(-0.001175733518023197 -0.001272454016422008 0)
(-0.0006633623370303248 -0.001080064441967078 1.660410247387829e-27)
(-0.0002623328273598594 -0.0007620259944234648 4.741537568045607e-26)
(-2.372213800408023e-05 -0.0003077831535885107 3.784809100802654e-26)
(-7.106764954741755e-05 0.001680181887792996 0)
(-0.0006154098036261314 0.002670840725393058 5.495669320254624e-25)
(-0.001302347501569218 0.002396369174748563 3.369366153883721e-25)
(-0.001930976213661906 0.001658023991721174 -1.816016537533651e-25)
(-0.002401358497596132 0.0009074774526374772 -8.008598930927344e-26)
(-0.00270985153700967 0.000332242756285999 0)
(-0.002887342134700942 -3.678294948766579e-05 0)
(-0.002972757070158984 -0.0002369412877263152 -4.715723747668559e-26)
(-0.003000237306086007 -0.0003210239712544303 -5.576696001863749e-26)
(-0.002995126358339539 -0.0003342646637269994 0)
(-0.002974576762938475 -0.0003084873279289222 -1.53997814457444e-25)
(-0.002949626986740625 -0.0002635086926805062 -1.394813706417517e-25)
(-0.002927237692200761 -0.0002104771749759017 0)
(-0.002911829489245043 -0.0001549681007086636 1.938977638017637e-26)
(-0.002906317094871607 -9.928085015912997e-05 1.822736110615486e-26)
(-0.002912746576168571 -4.393487655849946e-05 0)
(-0.002932681636210619 1.140761927822406e-05 0)
(-0.002967403206690363 6.739643478441998e-05 0)
(-0.003018001621873477 0.0001246921245656229 0)
(-0.003085393903341369 0.0001837803471349824 0)
(-0.003170271750088847 0.0002448660665312134 0)
(-0.003273031533708537 0.0003077858433322706 0)
(-0.003393656366595722 0.0003719310615471335 0)
(-0.003531571257702659 0.0004361576308143217 0)
(-0.003685491551811219 0.0004987063480860566 0)
(-0.003853254143631813 0.0005571149387094356 0)
(-0.004031656556889739 0.0006081494862815033 0)
(-0.004216328263746291 0.0006477850311027984 0)
(-0.004401644685578062 0.0006712427548859429 0)
(-0.004580714958014344 0.0006731256075227918 0)
(-0.004745459180374985 0.0006476742943073477 0)
(-0.004886773216101079 0.0005891447025935897 0)
(-0.004994793926249293 0.0004923356590062104 0)
(-0.005059241034541991 0.0003532234884003662 0)
(-0.005069824049386 0.0001697160178433194 0)
(-0.005016697502242122 -5.75443451054667e-05 0)
(-0.004890993907566608 -0.0003243390162661268 0)
(-0.004685470307471236 -0.0006220793687358514 0)
(-0.004395335184737313 -0.0009371364433375505 0)
(-0.004019343050213553 -0.001250470336191023 -1.298728522143395e-25)
(-0.003561174887944291 -0.001537761900825982 -1.177054698447215e-25)
(-0.003031046890887667 -0.001770327124805561 0)
(-0.00244734125654894 -0.001917061516328567 0)
(-0.001837782226891653 -0.001947350937547576 0)
(-0.001239506150616266 -0.001834392763248209 0)
(-0.0006985866245380701 -0.001557417321737947 1.086061274971227e-26)
(-0.0002747415090092188 -0.001100534062521966 8.218351787989149e-26)
(-2.399823657196227e-05 -0.0004456920960356525 5.77971416707736e-26)
(-5.32323876290952e-05 0.001981415829650107 0)
(-0.0005211734080336138 0.003267658854181495 0)
(-0.001156130928883576 0.003045648744836328 0)
(-0.001774344531336972 0.002216530735553215 0)
(-0.002271947705714144 0.001321754108827935 0)
(-0.002629811047675244 0.0006062270170648959 0)
(-0.002865142055356649 0.0001262430581405123 0)
(-0.003008037918454376 -0.0001511384553466281 0)
(-0.003088088630961635 -0.0002839474726230101 0)
(-0.003128867972265107 -0.0003249939925238464 0)
(-0.003147288994186243 -0.0003127408702851757 -1.607630673144776e-25)
(-0.003154893813287386 -0.0002718527893297865 -1.539977873394322e-25)
(-0.003159444286505238 -0.0002166987892247039 0)
(-0.003166230386646404 -0.0001548895231947547 0)
(-0.003178975928240606 -8.996332718742034e-05 0)
(-0.003200411666466486 -2.319807196430046e-05 0)
(-0.003232630488232881 4.526710683599365e-05 0)
(-0.003277282543686179 0.0001157558569743703 0)
(-0.003335666084699243 0.0001886497262310214 0)
(-0.003408743787205884 0.0002641529770180545 0)
(-0.003497116384100263 0.0003421293186518146 0)
(-0.003600957664975936 0.0004219807252782592 0)
(-0.003719918484998091 0.0005025460122395622 0)
(-0.003853019733235298 0.000581996154270228 0)
(-0.003998537862595013 0.0006577426704199372 0)
(-0.004153901591959604 0.0007263645972675562 0)
(-0.004315606477605439 0.0007835666333434703 0)
(-0.004479177583240058 0.0008242054643419564 0)
(-0.004639180814169516 0.0008423928330314364 0)
(-0.004789286623437286 0.0008317014121459367 0)
(-0.004922404502908827 0.0007854965306800379 0)
(-0.005030853414329207 0.0006973834373263693 0)
(-0.005106547712371139 0.0005617714637720607 0)
(-0.005141187361505194 0.0003745408727025708 0)
(-0.005126433923080044 0.0001338039733704122 0)
(-0.005054079810391618 -0.0001592513707612655 0)
(-0.004916280656988477 -0.0004994359198247444 0)
(-0.004705942561850605 -0.0008765774681492203 0)
(-0.004417392230048197 -0.001274573479639707 0)
(-0.004047476451657573 -0.00167062510713483 0)
(-0.003597152165631541 -0.002034987827106987 0)
(-0.003073548953008255 -0.002331638772562162 0)
(-0.002492259297112006 -0.002520309928701774 0)
(-0.001879292727151156 -0.002560035953047988 0)
(-0.001271839594884727 -0.002413668927889002 0)
(-0.0007181579054190207 -0.002051512526347755 0)
(-0.0002821492981804127 -0.001450835880645541 0)
(-2.431997491262185e-05 -0.0005873115767698583 0)
(-3.915776811169373e-05 0.002230780550680869 0)
(-0.0004363111766787818 0.003796605637511681 0)
(-0.00101314558721813 0.003655650096693091 0)
(-0.001606801265181592 0.00277408175470446 0)
(-0.002114343585994325 0.00176502269756122 0)
(-0.002504961756590636 0.0009259434851749644 0)
(-0.002783944864346868 0.0003407882579401599 1.403108234502732e-25)
(-0.002972924490725312 -1.487041154137895e-05 -4.065176651046547e-26)
(-0.003096687833258817 -0.0002008938182915416 0)
(-0.003176608940832133 -0.000275531820291516 1.374151767142888e-25)
(-0.003228900048067539 -0.000282747287575871 0)
(-0.003265144961008935 -0.0002515117751856109 0)
(-0.003293465326092028 -0.0001992084621386654 0)
(-0.00331960419589799 -0.000135444987087673 0)
(-0.00334772502496322 -6.506700447241108e-05 0)
(-0.003380927589569186 9.786426652831221e-06 1.447284216770509e-25)
(-0.003421574267340265 8.83698863962503e-05 1.435126612319823e-25)
(-0.003471471410735439 0.0001705381783805198 0)
(-0.003531963681293161 0.0002562640593961111 0)
(-0.003603960544597722 0.0003453415202071564 0)
(-0.003687919745604509 0.0004371830243594637 0)
(-0.003783807807276675 0.0005306728023386059 1.152112981978429e-25)
(-0.003891038348373013 0.0006240481545179459 9.721098148672304e-26)
(-0.00400841281679562 0.0007147929631726876 0)
(-0.004134062980386271 0.0007995506240997937 0)
(-0.004265413067046279 0.0008740823830260287 0)
(-0.004399171924659769 0.0009332572096579217 6.101138156411017e-26)
(-0.004531371163832139 0.0009711203139918921 1.281813171806686e-25)
(-0.004657436970017029 0.0009810516540507475 0)
(-0.004772290602283115 0.0009560121849598739 0)
(-0.004870466025544887 0.0008888945219688636 0)
(-0.004946208092653925 0.0007729715607146178 0)
(-0.004993528391070327 0.0006024298865256207 0)
(-0.005006194996640828 0.0003729941757933438 -7.53054610277178e-25)
(-0.004977669884984636 8.26515803163076e-05 -8.691096146758286e-25)
(-0.004901012075976434 -0.0002674773153344236 0)
(-0.004768857577128751 -0.0006720999893992023 0)
(-0.004573622478964058 -0.00112050545155941 0)
(-0.004308060111606973 -0.001595197026395655 1.127224147408929e-24)
(-0.003966386800476374 -0.002070573015734226 1.091552981359997e-24)
(-0.003546086178560537 -0.002512072926947447 -9.995539992532893e-25)
(-0.003050383237191454 -0.002876378112043282 -8.496111111599222e-25)
(-0.002491184455262684 -0.003113352188019804 0)
(-0.001891849758303387 -0.003170164595358827 0)
(-0.001288768919703943 -0.002997207956872586 0)
(-0.0007317904658835731 -0.002553692476112653 0)
(-0.0002888026913109459 -0.001808692712798752 0)
(-2.506415632965785e-05 -0.0007320886178101551 0)
(-2.835591514643711e-05 0.002435957536804105 0)
(-0.0003634309172481026 0.004261174186023551 4.450063885247747e-24)
(-0.000882349192480894 0.004220637121129333 3.055194622849137e-24)
(-0.001443858327098179 0.003318297668252815 0)
(-0.001949020127184254 0.002222325200248198 0)
(-0.00235870792981579 0.001276771472567211 0)
(-0.002668313239078093 0.0005939146224865065 2.433602918680405e-25)
(-0.002891813449608613 0.0001609456681207375 1.070175188678649e-25)
(-0.003049343130091093 -8.086507250274805e-05 0)
(-0.003159973147951619 -0.0001932291304197004 1.023785762090692e-25)
(-0.003239014894911703 -0.0002245182296347953 0)
(-0.003297848179876545 -0.0002075037581101498 0)
(-0.003344680613899502 -0.0001623816994007662 0)
(-0.003385426765565316 -0.0001007144115338226 0)
(-0.003424409653213566 -2.868272231576193e-05 1.495654587700443e-25)
(-0.003464842463088771 5.064229026946878e-05 3.015579131004014e-25)
(-0.003509143016835873 0.000135830037928503 1.514680638111785e-25)
(-0.003559109069878384 0.0002261850865514185 0)
(-0.003616016560478543 0.0003211900475904955 -1.489150979655882e-25)
(-0.003680660323875489 0.0004201642333667334 -1.439142170843054e-25)
(-0.003753364127013542 0.0005220279963824609 0)
(-0.003833963807570513 0.0006251438046846972 1.208915985920092e-25)
(-0.003921786555981899 0.0007271791081590026 1.003458430036238e-25)
(-0.004015641710118128 0.0008250227863630086 0)
(-0.004113811117584011 0.0009147063552139755 0)
(-0.004214077247458488 0.0009913949022711879 0)
(-0.004313780100010745 0.001049408502000403 7.220069243245991e-26)
(-0.004409883386628827 0.00108232202139895 1.432310556121773e-25)
(-0.004499073570606246 0.001083142880775591 0)
(-0.004577852891505311 0.001044560462284959 0)
(-0.004642595054141566 0.0009592720671595476 0)
(-0.004689546894900897 0.0008203654373281711 0)
(-0.004714731617102485 0.000621778731615053 0)
(-0.004713766759309388 0.0003588401478799476 -7.933992347022088e-25)
(-0.004681595768869447 2.894093776371641e-05 -9.169379316797995e-25)
(-0.004612193446522759 -0.0003675587514743609 0)
(-0.004498364130833341 -0.0008261451004611006 0)
(-0.004331783524728757 -0.00133658342150661 0)
(-0.004103467378706537 -0.001881032602340671 1.216929314179158e-24)
(-0.003804874365060933 -0.002432047859013931 1.188105369299323e-24)
(-0.003429823404783133 -0.00295094936783506 -1.096446336010279e-24)
(-0.00297728430081427 -0.00338731963933181 -9.374043026510894e-25)
(-0.002454862912207731 -0.003680628467663831 0)
(-0.001882389603899189 -0.003764768201554143 0)
(-0.001294444263966706 -0.003575460458641645 0)
(-0.0007415978747776404 -0.003058284169814538 2.09910967916173e-25)
(-0.0002953744340266381 -0.002172119658703202 1.081845076514499e-24)
(-2.618964492037471e-05 -0.0008803573865948174 6.913610706294833e-25)
(-2.009629886287835e-05 0.00260432251313657 0)
(-0.0003018545850392627 0.004667213264463735 4.628900656307764e-24)
(-0.0007657572634081425 0.004739215839920868 3.244066379212741e-24)
(-0.001291261460109452 0.003841350136242449 0)
(-0.001785257042925277 0.002682324912559522 0)
(-0.002203057386918593 0.001646439373533053 0)
(-0.002532063328900336 0.000873884263798851 0)
(-0.002779526103159033 0.0003656909347207803 0)
(-0.002961248081774601 6.675890155221289e-05 0)
(-0.003094039633419572 -8.627820542698754e-05 0)
(-0.003192253751684073 -0.0001451925759913838 0)
(-0.003266964915978942 -0.0001460895280330715 0)
(-0.003326327640656966 -0.0001118133823006278 0)
(-0.003376260225923157 -5.585313555759258e-05 0)
(-0.003421071632775874 1.425198931091423e-05 1.438608603794869e-25)
(-0.003463921697781299 9.445570508151318e-05 1.481823291072473e-25)
(-0.003507132878293683 0.0001825971539867196 0)
(-0.00355238344482478 0.0002773922554576352 0)
(-0.003600817713480468 0.000377811568850167 -1.509640386355714e-25)
(-0.003653105250115927 0.0004826951787846721 -1.462516340905807e-25)
(-0.003709470774904149 0.0005904950322906922 0)
(-0.003769718646293864 0.0006991031011356712 0)
(-0.003833242866890863 0.0008057244712717784 0)
(-0.003899054146119369 0.0009068007361612224 0)
(-0.003965824987798541 0.0009979560703340842 0)
(-0.004031949499313145 0.001074004440241147 0)
(-0.004095633405579151 0.001128998221180439 0)
(-0.004154977200673616 0.001156343383793789 0)
(-0.004208063203499729 0.001148957671458973 0)
(-0.004253006022660413 0.001099495770687899 0)
(-0.004287944291198188 0.001000597956764794 0)
(-0.004310939782510483 0.0008451946251830046 0)
(-0.004319764941758367 0.0006268473347626294 0)
(-0.004311587696088456 0.0003401957245304615 0)
(-0.004282560891161307 -1.841534406990369e-05 0)
(-0.004227395511186016 -0.0004500067388581904 0)
(-0.004139024027408531 -0.000951605107939153 0)
(-0.004008500318469185 -0.001514336470111303 0)
(-0.003825336707347764 -0.002120989756017502 0)
(-0.003578515967442515 -0.002743254937834476 0)
(-0.003258395905812528 -0.003339170016002898 0)
(-0.002859661979717815 -0.00385170218197322 0)
(-0.002385246514239391 -0.00420974290852367 0)
(-0.001850670711735301 -0.004332806672563771 0)
(-0.001287610411179566 -0.004139814577695955 0)
(-0.0007462341563852854 -0.003559888139769988 2.820505223598448e-25)
(-0.0003009845441089526 -0.002538969336351424 1.320738362691906e-24)
(-2.750626601663506e-05 -0.001032134370847018 8.237037249104773e-25)
(-1.369309848602099e-05 0.002742110543452015 0)
(-0.0002497592921343396 0.005020879046910158 0)
(-0.0006623963498124689 0.005212084297681851 -3.379498801909671e-24)
(-0.00115013238846555 0.004338311491707466 -2.247860331217896e-24)
(-0.001626697640746154 0.003136490584047847 0)
(-0.002043994517681043 0.002024941060895779 0)
(-0.002383095212651553 0.001170607956279111 0)
(-0.002645435192928632 0.0005898414456154375 0)
(-0.002842845979736072 0.0002332430921577718 0)
(-0.002989978352299951 3.740746806639341e-05 0)
(-0.003100243844173241 -5.189322107398755e-05 0)
(-0.003184388659020696 -7.366932385983193e-05 0)
(-0.003250468429761191 -5.327801125016944e-05 0)
(-0.003304339078274713 -6.126538930763306e-06 0)
(-0.003350209871965217 5.885253820164159e-05 0)
(-0.003391097175124932 0.0001366057350717645 0)
(-0.003429152797876067 0.0002242172685401087 0)
(-0.003465878061340925 0.0003198123701713921 0)
(-0.003502257474641209 0.0004218687305520673 -1.466176135765156e-25)
(-0.003538841917444767 0.0005287866170430461 -1.427903903289964e-25)
(-0.003575814087728805 0.0006386215532716558 0)
(-0.003613029050203797 0.0007488963146624291 0)
(-0.003650056641363761 0.0008564953456443608 0)
(-0.00368624806021773 0.0009575798284585176 0)
(-0.003720799421149646 0.001047577032494676 0)
(-0.003752834664894391 0.001121177899409891 0)
(-0.003781500380169578 0.001172410085519877 0)
(-0.003806047399029595 0.001194733266312316 0)
(-0.003825884231026452 0.00118117373230552 0)
(-0.003840587375447389 0.001124481395874827 0)
(-0.003849828099194687 0.001017301861813303 3.999114737312482e-25)
(-0.003853195438731989 0.0008523646168049473 5.094290046758759e-25)
(-0.003849913810568527 0.0006227159959032357 0)
(-0.003838436644109347 0.0003220647099342218 0)
(-0.003815963736565398 -5.464338459853397e-05 0)
(-0.003777928489297887 -0.0005102717078297257 0)
(-0.003717540993278257 -0.001043977191450427 0)
(-0.003625555775527052 -0.001648982660823862 0)
(-0.003490440415680893 -0.00230958903802273 0)
(-0.003299202450016047 -0.002997620703192147 0)
(-0.003039174945531724 -0.003668830509771645 0)
(-0.002700987843567452 -0.004260352755613634 -9.912220432782687e-25)
(-0.002282773283238995 -0.004690744053887424 -1.493954754289794e-24)
(-0.001795173216601772 -0.004864464964562079 -4.248885674028987e-25)
(-0.00126594964992366 -0.004681783857752564 4.301846273315749e-26)
(-0.0007436179949046968 -0.004052429439887096 -3.728858493991572e-25)
(-0.0003044333467928016 -0.00290608063739748 0)
(-2.88119646207635e-05 -0.001186740599969652 0)
(-8.605005816026093e-06 0.002854229696074853 0)
(-0.0002051697747596997 0.005327706149821925 0)
(-0.0005702699025742743 0.005640781472096741 -3.471186362094867e-24)
(-0.00101963380906984 0.004806080410656775 -2.349779742246844e-24)
(-0.001474313460594043 0.003578430482881401 0)
(-0.001884435789116893 0.002404300943970262 0)
(-0.002226134614861438 0.001475745424539255 0)
(-0.002495854092519312 0.000825317620531549 0)
(-0.002701815832633918 0.0004110065335042724 0)
(-0.002856624229751106 0.000170816171344382 0)
(-0.002972778926538313 4.895237128875265e-05 0)
(-0.00306072058743469 3.914167337887521e-06 0)
(-0.003128420281178932 7.952829119995789e-06 0)
(-0.003181671844990498 4.373282152727351e-05 0)
(-0.003224574231732636 0.0001008796678092287 0)
(-0.003259980837321022 0.0001732922301565971 0)
(-0.003289847786388812 0.0002572900900999304 0)
(-0.003315481109004324 0.000350423387576276 0)
(-0.0033377051217581 0.0004507182212256004 -1.373465231338261e-25)
(-0.003356974048516471 0.0005562076700763134 -1.347653009870915e-25)
(-0.00337345866839747 0.0006646449637555739 0)
(-0.003387116719039805 0.000773312690406041 0)
(-0.003397762894164681 0.0008789183117040922 0)
(-0.003405136792750754 0.0009775196355488135 0)
(-0.003408993643364692 0.001064522156976821 0)
(-0.003409190932068506 0.001134689972315364 0)
(-0.003405765035904826 0.001182203491055739 0)
(-0.003399001304597825 0.001200732788483743 0)
(-0.003389457964089926 0.001183529549089584 0)
(-0.003377930460063044 0.001123510196161658 0)
(-0.003365337845882913 0.001013334754332634 3.578812991480438e-25)
(-0.003352506942702443 0.0008454871497350957 4.5893618802185e-25)
(-0.003339841330646733 0.0006123987838662182 0)
(-0.003326889857590544 0.0003066957135796858 0)
(-0.003311820806808832 -7.829117336111169e-05 0)
(-0.003290850206440475 -0.0005475685252404251 0)
(-0.00325770135249919 -0.001102840153383533 0)
(-0.00320321834826096 -0.001740009597942811 0)
(-0.003115336592907441 -0.002445681874778583 0)
(-0.002979676715630618 -0.003192801349565816 0)
(-0.002781115886544504 -0.003935953310764593 0)
(-0.002506654261618347 -0.004607473314866582 -9.543252149700633e-25)
(-0.002149766883685158 -0.005116230986241803 -1.416698749170575e-24)
(-0.00171593379197411 -0.005351441083665534 -3.739687578296876e-25)
(-0.001228216551409062 -0.005193292141923157 -3.228630080565619e-26)
(-0.0007322701888963535 -0.00452933802533934 -4.834493902939202e-25)
(-0.0003047769147655602 -0.003269358733159224 0)
(-2.994371095062878e-05 -0.001342862849332948 0)
(-4.438444778570698e-06 0.002944415080380115 0)
(-0.0001663635210975491 0.005592332059555816 0)
(-0.0004872865440867452 0.00602707855677069 0)
(-0.0008983121002125113 0.005242730129773024 0)
(-0.001327962127772742 0.004003404575447134 0)
(-0.001725821456321876 0.002778290599331179 0)
(-0.00206423756735088 0.001782617209426973 0)
(-0.002335382615416426 0.001065554920174333 0)
(-0.002544191506602372 0.0005938238730442616 0)
(-0.002701327849499212 0.0003081341271987346 0)
(-0.002818407849243847 0.0001519772604438387 0)
(-0.002905591275187017 8.177445929093176e-05 0)
(-0.00297081014353647 6.750728589214446e-05 0)
(-0.003019846083618675 8.989020354148667e-05 0)
(-0.003056727783645079 0.0001370475874271068 0)
(-0.003084170785956179 0.0002017829754185473 0)
(-0.003103952772066608 0.0002796378413293236 0)
(-0.003117199119418203 0.0003676037651722346 0)
(-0.003124584968186113 0.0004633063991859008 0)
(-0.003126478889629905 0.0005644960177833262 0)
(-0.00312306038412638 0.000668727401978092 0)
(-0.003114402616592381 0.0007731679545759587 0)
(-0.0031005633505857 0.0008744860402627874 0)
(-0.00308166961466688 0.0009687893160090835 0)
(-0.003057990291503768 0.00105161145109007 0)
(-0.003030027083926395 0.001117934760654986 0)
(-0.002998584777314366 0.00116221404339362 0)
(-0.002964802720821611 0.001178433320780672 0)
(-0.002930157910414615 0.00116013152768183 0)
(-0.002896409514122797 0.001100425982996589 0)
(-0.002865451430968177 0.0009919919777551347 0)
(-0.002839081847141967 0.000827048627855416 0)
(-0.002818665897794941 0.0005973721965935656 0)
(-0.002804700415141948 0.0002944468150528205 0)
(-0.002796282713557181 -9.010392827396811e-05 0)
(-0.002790492028764697 -0.0005635779800317751 0)
(-0.002781775139840036 -0.00113050089386661 0)
(-0.002761425411342583 -0.001789900491665415 0)
(-0.002717333627921777 -0.002531362625147767 0)
(-0.002634322623377708 -0.003329888277538352 0)
(-0.002495444304288278 -0.00414004342603324 0)
(-0.002284649463286598 -0.004890577549913533 0)
(-0.001991140164510657 -0.005481643759791074 0)
(-0.001615250650855976 -0.005787497306070254 0)
(-0.00117485926855405 -0.005667345838285385 0)
(-0.0007117348284724369 -0.004984182079640974 0)
(-0.0003014996481376896 -0.003624250188146588 0)
(-3.078223715182622e-05 -0.001498782111397509 0)
(-9.252699254949962e-07 0.003015481814244837 0)
(-0.0001319954723438325 0.00581853217804878 0)
(-0.000411643260490922 0.006372720946213925 0)
(-0.0007847089008094838 0.005647115111601057 0)
(-0.001187159015969052 0.004407945618346218 1.614477753508234e-24)
(-0.001568954526193228 0.003142151410645064 1.00510690901411e-24)
(-0.001899597860306373 0.002086039147483485 0)
(-0.002167616328753982 0.001305441794648617 0)
(-0.002374943620492704 0.0007768588103029524 0)
(-0.002530380417639942 0.0004448519393136429 -8.005214913556362e-26)
(-0.002644670289901781 0.0002530279643344034 -2.008536928764464e-26)
(-0.002727713248826189 0.0001561516046513682 0)
(-0.002787450756831559 0.0001220732899329849 4.497351019861564e-26)
(-0.00282971853833191 0.0001295419241157693 6.443321391461626e-26)
(-0.002858543686187747 0.0001651158611724586 0)
(-0.002876564167510764 0.0002204443780503651 9.145873698986184e-26)
(-0.002885426938739535 0.0002902583671618313 1.006884368891366e-25)
(-0.002886108171032367 0.0003710041971856851 0)
(-0.002879152499003338 0.0004599538171481055 1.10693013480244e-25)
(-0.002864853394233463 0.0005546458980412561 1.108021335622484e-25)
(-0.00284339223657687 0.0006525380418467259 0)
(-0.002814942159023382 0.0007507940291646035 0)
(-0.00277976889183422 0.00084616209453521 0)
(-0.002738314460243678 0.0009349225840988302 0)
(-0.002691271626385515 0.001012858591765415 4.331692517331611e-26)
(-0.00263966243159768 0.001075265583211852 1.275242610633926e-26)
(-0.002584885991366973 0.001116960235534015 0)
(-0.00252873643070416 0.001132298382347337 0)
(-0.002473383782618331 0.001115144513472938 0)
(-0.002421301531808331 0.001058833357151449 0)
(-0.002375115810974369 0.000956069947523825 0)
(-0.00233737441494982 0.0007988162651713271 0)
(-0.002310224995754178 0.0005782113479177554 0)
(-0.002294993040152308 0.0002846159036345013 0)
(-0.002291652395224999 -9.204444463964024e-05 0)
(-0.002298196824895277 -0.0005613978918166632 0)
(-0.002309959544080282 -0.001130932641307188 0)
(-0.002318959853997052 -0.001803114472558962 9.105743797963291e-25)
(-0.0023134619721048 -0.002571057658528365 9.666278761005276e-25)
(-0.002278041916322427 -0.003412657288896024 0)
(-0.002194575098962451 -0.004283571108324023 0)
(-0.002044633627035353 -0.005110249256259495 0)
(-0.001813709671349994 -0.005785329656922826 0)
(-0.001497273574827046 -0.006168818772309076 0)
(-0.001107850321853099 -0.006098613814213663 0)
(-0.0006825521083092774 -0.005411305102818316 0)
(-0.0002945243719723552 -0.003966271159281196 0)
(-3.125712720709093e-05 -0.001652609296806383 0)
(2.109921190463912e-06 0.00306957311136518 0)
(-0.0001010770608233504 0.006009367723174403 0)
(-0.0003419380434084837 0.006679333144879352 0)
(-0.0006776302961692612 0.006018623294384876 0)
(-0.001051435617447781 0.004789567845552349 1.641562248362368e-24)
(-0.00141439716577912 0.003492335435103475 1.03299053116905e-24)
(-0.001733949831268062 0.002382126707890969 0)
(-0.001995512047896073 0.001541187373251592 3.576466823749621e-25)
(-0.002198268115365915 0.0009565813682131632 0)
(-0.00234920899194959 0.0005777358227217671 -1.913734560130767e-25)
(-0.00245819008998769 0.0003491634004387698 -3.488575994231399e-26)
(-0.002534850637076469 0.0002244236921532333 0)
(-0.002587174385500649 0.0001694065568802495 3.016165595936712e-26)
(-0.002621115705571938 0.0001609007160818999 4.93109569556833e-26)
(-0.002640782176167551 0.0001838291446292173 6.413109188158317e-26)
(-0.002648816193551277 0.0002286186679338253 1.518200543003596e-25)
(-0.002646797221839192 0.0002891436589516969 8.518069400130958e-26)
(-0.002635597588465154 0.0003612967470408029 0)
(-0.002615660407892903 0.0004420252149983703 9.614378346263192e-26)
(-0.002587206384101236 0.0005287126301236439 9.734447227689164e-26)
(-0.002550403419360285 0.000618796514789603 0)
(-0.002505487762102668 0.0007095285956222167 8.932223507122253e-26)
(-0.002452864616607357 0.0007978380366465086 7.933832800893586e-26)
(-0.002393200905834695 0.0008802688271027643 0)
(-0.00232749382565016 0.0009529364328643808 4.534593194257097e-26)
(-0.002257134052122696 0.001011521016855164 2.052057904588428e-26)
(-0.002183938792927154 0.001051256285813439 1.015087975737966e-26)
(-0.002110157402189613 0.001066898852233305 4.718655266498043e-26)
(-0.002038439606487773 0.001052670514348964 0)
(-0.001971757573642408 0.001002140396513461 0)
(-0.001913261455805034 0.0009080660302963221 0)
(-0.001866060431182505 0.000762191244620808 0)
(-0.001832926287267991 0.000555078578100073 3.486081998369375e-25)
(-0.00181589475764772 0.000276042595985915 4.340130031186488e-25)
(-0.001815754742220261 -8.660711526586304e-05 0)
(-0.001831417173221297 -0.0005447888316583109 0)
(-0.001859191112837837 -0.001108984554957761 0)
(-0.001892029167827803 -0.001785278522882715 7.893117561668813e-25)
(-0.001918907519407182 -0.002570725373218132 1.683431553555505e-24)
(-0.001924641286566633 -0.003446813118671246 8.510004155949325e-25)
(-0.001890555876543612 -0.004371306635731299 0)
(-0.001796546248208656 -0.00526963890004599 0)
(-0.001625064393585777 -0.006028283149956295 0)
(-0.001367194231228802 -0.006494048159284118 0)
(-0.001030189470444442 -0.006483726819040662 0)
(-0.0006460191180224732 -0.005806291573017663 0)
(-0.0002841378055917315 -0.004291448005262128 0)
(-3.133751842790946e-05 -0.001802491437616657 0)
(4.777230457755009e-06 0.003108366630076424 0)
(-7.292305060446758e-05 0.006167354863228674 0)
(-0.000277155640523911 0.006948411244016673 0)
(-0.0005761932982502279 0.006357028353138171 0)
(-0.0009204675878361223 0.005146560113980725 0)
(-0.00126264704894998 0.003826290150589252 0)
(-0.001568750122846809 0.002668093374799568 0)
(-0.001821558914308458 0.001770144810983717 3.651399906635317e-25)
(-0.002017722406912353 0.001130620913545654 7.919652063491399e-40)
(-0.002162456842073776 0.0007047007380265063 -1.01587732634681e-25)
(-0.002264687569915025 0.0004385576551514419 0)
(-0.002333754664922974 0.000285027721526561 0)
(-0.002377691185027079 0.0002082507842568625 0)
(-0.002402626507610554 0.0001830870726639027 0)
(-0.002412821549183544 0.0001927721861397199 5.178030374206808e-26)
(-0.00241100621717912 0.0002264290733793884 6.254948656520395e-26)
(-0.002398773353553342 0.0002770200454964376 0)
(-0.002376947609291129 0.0003398530706927123 0)
(-0.002345903114866483 0.0004115539919588227 0)
(-0.002305801024803097 0.0004893854231823867 0)
(-0.002256774596859863 0.0005708129605807555 0)
(-0.00219907316513354 0.0006532438124546352 7.945169648137804e-26)
(-0.002133170951485975 0.0007338603129688373 7.219823925131356e-26)
(-0.002059856789595222 0.000809531440121459 0)
(-0.001980304554511715 0.0008767643527314281 0)
(-0.001896120603050927 0.0009316726722413269 0)
(-0.001809371246010465 0.0009699361338649915 -1.964071949311889e-27)
(-0.001722576309927059 0.0009867430029862913 2.808910219777196e-26)
(-0.00163867493693386 0.0009766859678712676 0)
(-0.001560950798290742 0.0009335929904051163 0)
(-0.001492897996806385 0.0008503112987140629 0)
(-0.001438021810866161 0.0007184314580653316 0)
(-0.001399572696356041 0.0005280228227988728 2.828900101582746e-25)
(-0.001380180156476172 0.0002674721435530103 3.573283492658024e-25)
(-0.001381365608468075 -7.640338416109964e-05 0)
(-0.001402923395293186 -0.0005176939595588464 0)
(-0.001442169258633167 -0.001069820763031773 0)
(-0.001493122826935196 -0.001742556173150949 0)
(-0.001545743106075942 -0.00253715309890135 7.188292431844692e-25)
(-0.001585502201132257 -0.003439236892020385 7.242312722029835e-25)
(-0.001593745947324624 -0.004409570082941764 0)
(-0.001549374516223326 -0.005373785941882555 0)
(-0.00143250181891743 -0.00621362691408542 0)
(-0.001230405310928613 -0.006764003876489536 0)
(-0.0009453365778566878 -0.006821266651536042 0)
(-0.0006038888676242117 -0.006166186512148565 0)
(-0.0002708875436721117 -0.004596615375983593 0)
(-3.103097230374075e-05 -0.001946786310687791 0)
(7.142075336679197e-06 0.003133223615563074 0)
(-4.707124189245214e-05 0.006294625730921682 0)
(-0.0002165868699027724 0.007181358955040247 0)
(-0.0004797909283874497 0.006662398575847607 0)
(-0.0007940777611902503 0.005477816422744633 0)
(-0.001114183488655976 0.004142258943861762 0)
(-0.001405260037566727 0.002942053317477876 0)
(-0.00164786324798396 0.001990625097186811 0)
(-0.001836299779026673 0.001297601795420935 0)
(-0.001974028535616488 0.0008246620308834491 0)
(-0.00206898050144682 0.0005203677715095638 0)
(-0.002130127160730378 0.0003373333844214416 0)
(-0.002165524524127996 0.0002382006664512406 0)
(-0.002181496665110315 0.0001959773766442329 0)
(-0.002182524984462089 0.0001921799446447319 0)
(-0.002171503630440277 0.0002145537088035326 0)
(-0.002150114713361688 0.0002550789660648659 0)
(-0.00211920488881238 0.0003084299213791037 0)
(-0.002079125100294889 0.00037088483551313 0)
(-0.002029992932922634 0.0004395920897130231 0)
(-0.001971896158905709 0.0005120734999323439 0)
(-0.001905054647461265 0.0005859225803205723 0)
(-0.001829943074221184 0.0006586134804096248 0)
(-0.001747379560794553 0.000727386142769584 0)
(-0.001658587551181568 0.0007891720486050218 0)
(-0.00156525138716203 0.0008405443475771052 0)
(-0.001469530579927902 0.0008776513712681775 0)
(-0.00137405275461338 0.0008961309542493246 0)
(-0.001281882684869677 0.0008909634747264702 0)
(-0.001196448239905491 0.0008562676180043235 0)
(-0.0011214270508532 0.0007850255252959214 0)
(-0.001060575624216743 0.0006687511301964348 0)
(-0.00101748860717797 0.0004971251895074851 0)
(-0.0009952679292630899 0.0002577428735790614 0)
(-0.0009960699279835364 -6.39075493676679e-05 0)
(-0.001020509944446503 -0.0004839238404428772 0)
(-0.001066914711478373 -0.001018531587098553 0)
(-0.001130450799385691 -0.001681149285583117 0)
(-0.001202258152024064 -0.002477355822506826 0)
(-0.001268819022267462 -0.003397301152655976 0)
(-0.00131199335028103 -0.004405490662654333 0)
(-0.001310312652865916 -0.00542889093704206 0)
(-0.001242227705680368 -0.006345957228316302 0)
(-0.001091809612540012 -0.00698118526459876 1.402582823324531e-25)
(-0.0008566932192009546 -0.00711151167686554 4.604654905811255e-25)
(-0.0005580693611013373 -0.006489479892995315 0)
(-0.0002554758021217528 -0.004879550160479603 0)
(-3.037910433142459e-05 -0.002084164413962545 0)
(9.249659976740434e-06 0.003145295214709948 0)
(-2.320792488743006e-05 0.006393052367631628 0)
(-0.0001597473085536074 0.00737952409277776 0)
(-0.0003880185943370606 0.006935035868807517 0)
(-0.0006722011693024503 0.005782706635247589 0)
(-0.000969453149595404 0.004439116219914964 0)
(-0.001244537397964316 0.003202842559161299 0)
(-0.001476154518743434 0.002201715432966724 -2.303499087825829e-25)
(-0.001656443133855826 0.001456961721438619 -1.216645262925229e-25)
(-0.001787107884075311 0.0009373699558314875 0)
(-0.00187499862758034 0.0005945738289910851 0)
(-0.001928622826290574 0.0003814837618911125 0)
(-0.001955994639195249 0.0002595484574884465 0)
(-0.001963622031861155 0.000200039319562411 0)
(-0.001956241872174449 0.0001827542498435581 0)
(-0.001936976630533196 0.0001940106480272819 0)
(-0.001907673929654504 0.0002247268834235561 0)
(-0.001869276061508377 0.0002688803780085805 0)
(-0.001822162911015626 0.0003223593608238145 0)
(-0.001766436370583079 0.0003821707641743599 0)
(-0.001702146254975497 0.0004458881048914788 0)
(-0.00162946177047236 0.0005112997767518507 0)
(-0.001548799594352756 0.000576183532624627 0)
(-0.001460925269338303 0.0006381640931022623 0)
(-0.001367017006424678 0.0006946132860996065 0)
(-0.001268711635035982 0.0007425756202692906 0)
(-0.001168129007749028 0.000778678017131478 0)
(-0.001067862281063132 0.0007990174856483846 0)
(-0.0009709543142297306 0.0007989843731406055 0)
(-0.0008808369829464417 0.0007730205601234196 0)
(-0.0008012306149087524 0.0007142990937671065 0)
(-0.0007360069303828032 0.0006143336796382892 0)
(-0.0006889786539188765 0.0004625404908604772 0)
(-0.0006636017021151043 0.0002458722306439901 0)
(-0.0006625664081517765 -5.132400425045021e-05 0)
(-0.0006872359367613079 -0.0004469501720547576 0)
(-0.0007369194259266958 -0.00095984190953242 0)
(-0.0008079807447663766 -0.001606918111813652 0)
(-0.0008928878378378055 -0.002398093042064089 0)
(-0.0009794076989944399 -0.003328286747282162 3.316025656797257e-25)
(-0.001050332542151334 -0.004366347859512087 2.861010787591988e-25)
(-0.001084360564325432 -0.005441618500182275 0)
(-0.001058888843440977 -0.006430682518306438 0)
(-0.0009553649177272197 -0.007149214454938973 2.337579757510953e-25)
(-0.0007672266464913496 -0.007356048940118435 5.643455630951493e-25)
(-0.0005103686799308895 -0.006775926645001339 0)
(-0.0002386436629897532 -0.00513897142629764 0)
(-2.944714072201239e-05 -0.002213661529397391 0)
(1.113432530149842e-05 0.003145592608729529 6.037160263563587e-24)
(-1.104025274011862e-06 0.006464315246475394 5.954438573605325e-24)
(-0.0001062842426973366 0.007544217984394112 0)
(-0.0003005882966999908 0.007175420809666769 0)
(-0.0005548108899184682 0.006060970013572069 0)
(-0.0008288261748962633 0.004716236758007087 0)
(-0.001087427779059829 0.003449865317757984 0)
(-0.001307795118390974 0.002403111807630457 -2.145396598587434e-25)
(-0.001480062071961444 0.001608770687222347 -1.072382599812734e-25)
(-0.001604176990174914 0.001043229042927547 0)
(-0.001685807349380988 0.0006618086521401454 0)
(-0.00173287308690345 0.0004182398947351996 0)
(-0.00175325157184142 0.0002731287280834109 0)
(-0.001753586224382882 0.0001961769370908168 0)
(-0.001738870402990054 0.0001655097178590367 0)
(-0.00171250155360787 0.0001659819162571612 0)
(-0.001676556656538541 0.0001873887135201146 0)
(-0.001632140565711441 0.0002229376151599834 0)
(-0.00157972892039214 0.0002680702501342191 0)
(-0.001519455303630908 0.0003196004379592394 0)
(-0.001451352337095607 0.0003751190198320896 0)
(-0.001375533622211496 0.0004325902570724526 0)
(-0.001292332308026129 0.0004900834853489304 0)
(-0.00120240717983682 0.000545597874405299 0)
(-0.001106809298063979 0.0005969406198480417 0)
(-0.001007038483836228 0.0006416220370548861 0)
(-0.0009050642423341005 0.000676749343943068 0)
(-0.0008033273663116647 0.0006988830096366424 0)
(-0.0007047267229121234 0.000703840306796147 0)
(-0.0006125706068804457 0.0006864216731619586 0)
(-0.0005304988198161702 0.0006400499664293107 0)
(-0.0004623745202844659 0.0005563216271679163 0)
(-0.0004121095154006136 0.000424511497502989 0)
(-0.0003834014640738244 0.0002310975166487836 0)
(-0.0003793754477472536 -4.051295700767599e-05 0)
(-0.0004020674961783416 -0.0004097843179434431 0)
(-0.0004517264393510327 -0.0008979122986249883 0)
(-0.0005259344358412603 -0.00152510392223403 0)
(-0.0006185915305743613 -0.002305501230819902 0)
(-0.0007189563547120787 -0.003238926270107932 2.699955438613209e-25)
(-0.000811088804191804 -0.004299048878705266 2.183989904418827e-25)
(-0.0008742977124885434 -0.005418517901151511 0)
(-0.0008854399686087533 -0.006473429882989224 0)
(-0.0008238625717765987 -0.00727228701552804 0)
(-0.0006792236288235891 -0.007557324445941373 0)
(-0.0004623049646332948 -0.00702625961208581 0)
(-0.000221078205659593 -0.005374428250833259 0)
(-2.830960880011444e-05 -0.002334685040311253 0)
(1.282191560381438e-05 0.003135016846771599 2.935534862239914e-24)
(1.942376985670163e-05 0.006509959523615532 2.897823362384279e-24)
(-5.590912545922474e-05 0.007676721257499576 0)
(-0.0002172502617161194 0.007384171615692177 -1.535826190282869e-24)
(-0.000441843502960788 0.006312627967452737 -1.021506920688063e-24)
(-0.000692534761583569 0.004973370087060423 0)
(-0.00093451555606119 0.003682954818046293 0)
(-0.001143752691194337 0.0025949685079668 0)
(-0.001308525423607901 0.00175358341309439 0)
(-0.001427021787112994 0.001143140934147048 0)
(-0.001503624335448349 0.0007232007330856163 0)
(-0.001545518585312162 0.0004488363666573179 0)
(-0.001560318810165228 0.0002801838400984994 0)
(-0.001554723791961098 0.0001856045795746679 0)
(-0.001533952633991515 0.0001416415028753199 2.433461010118702e-26)
(-0.00150169182537604 0.0001316894394778981 2.428941222576179e-26)
(-0.001460298257003739 0.0001443759190937508 0)
(-0.001411105209026432 0.000172072441409159 0)
(-0.001354750175198319 0.0002097016207520602 0)
(-0.001291459912110416 0.0002538233940600374 0)
(-0.001221289362855193 0.0003019922645431045 0)
(-0.001144318295742477 0.0003522988923280811 0)
(-0.001060794840869529 0.0004030673189899733 0)
(-0.0009712440484245744 0.0004526409054357855 0)
(-0.0008765484707264737 0.0004992344978691895 0)
(-0.0007780027011967466 0.00054080372779395 0)
(-0.0006773471645673278 0.0005749239945163924 0)
(-0.000576778792217786 0.0005986174553958873 0)
(-0.000478950055897617 0.0006081390309335738 0)
(-0.0003869406634159848 0.0005986792766448657 0)
(-0.0003042031347588992 0.0005639667838623086 0)
(-0.0002344820106332636 0.0004957728784870977 0)
(-0.0001816733053248239 0.0003833562169227651 7.99089286529317e-26)
(-0.0001496148129764299 0.0002128915141902362 1.087881521366084e-25)
(-0.000141773042762544 -3.293462312199814e-05 0)
(-0.0001607776415080543 -0.0003748818335071152 0)
(-0.0002077700756157708 -0.0008362087913908127 2.04812439652342e-25)
(-0.0002815488461811369 -0.001440138266415023 2.282967883331418e-25)
(-0.0003775153127958468 -0.002204852793616661 0)
(-0.0004865673685462062 -0.00313510243421799 2.18229371038373e-25)
(-0.0005942775342544479 -0.004209752877600893 1.600029905005243e-25)
(-0.0006809164091394798 -0.005365597066057355 0)
(-0.0007232277159745347 -0.006479576004479597 0)
(-0.0006989031548774533 -0.007354690316161372 0)
(-0.0005941987004358151 -0.007718207449767366 0)
(-0.0004150019742953416 -0.007241860593748333 0)
(-0.0002033472489808205 -0.005586114432660807 -5.062520958001135e-24)
(-2.704390655693024e-05 -0.002446967367201597 -5.28547410161949e-24)
(1.434304980730616e-05 0.003114369122101716 -2.847021244265836e-24)
(3.85543269017555e-05 0.006531402364114601 -2.811506936134112e-24)
(-8.331923207279706e-06 0.007778274884049073 0)
(-0.0001377156780745803 0.007561994756216404 -1.487926108026892e-24)
(-0.0003331317616151649 0.006537903743502423 -9.850529195814005e-25)
(-0.0005606128662264003 0.005210537169954307 0)
(-0.0007860840577470339 0.003902252295647167 0)
(-0.0009845715628044658 0.002777768768451448 0)
(-0.001142646001363476 0.001892298070492973 0)
(-0.001256737273737079 0.001238359309162235 0)
(-0.001329831361939695 0.0007802327108297778 0)
(-0.001368229650340741 0.0004748372235958704 0)
(-0.001379132056462366 0.0002822448049068629 0)
(-0.001369175116985368 0.0001697456345712278 0)
(-0.001343746451723783 0.0001124397555793455 2.656101373442611e-26)
(-0.00130681117179332 9.23130906011314e-05 2.398123109725755e-26)
(-0.001261033151231434 9.680717723284877e-05 0)
(-0.001208030024529317 0.0001174087241526947 0)
(-0.00114866547930316 0.0001484488908106704 -6.301623628355096e-26)
(-0.00108332422304972 0.0001861653406306681 -1.716128751833942e-40)
(-0.001012146844418563 0.0002280038415430886 6.534866676345773e-26)
(-0.0009352219208875374 0.0002721183690543908 0)
(-0.0008527368698797754 0.0003170236219679353 0)
(-0.0007650916423157898 0.0003613576349528839 0)
(-0.0006729837044147592 0.0004036958905910709 0)
(-0.000577470281582182 0.000442403864108709 0)
(-0.000480012949989767 0.0004754929767690158 0)
(-0.0003825043869147208 0.0005004365805132538 -2.327084282347625e-26)
(-0.000287275538811904 0.0005139313909575617 3.572006298706809e-27)
(-0.0001970907958120555 0.0005115802290728464 3.531667187291437e-26)
(-0.0001151241558467315 0.0004874682900306388 7.869592817407006e-26)
(-4.490471685662478e-05 0.0004336365660402376 2.663336177302925e-25)
(9.782696304703461e-06 0.0003394507867305394 2.656553889241371e-25)
(4.505701533086612e-05 0.0001909610812143099 9.211462610006923e-26)
(5.720249129720104e-05 -2.963202466221758e-05 0)
(4.307335085578347e-05 -0.00034409738865581 0)
(6.85870968780755e-07 -0.0007774320284469911 1.76959902133718e-25)
(-6.995428502811339e-05 -0.001355546640080253 1.959851667933147e-25)
(-0.0001657750695310582 -0.00210042020952524 0)
(-0.0002794129858133941 -0.003021671878803836 1.751852531075747e-25)
(-0.0003981310190044291 -0.004103652928140243 1.102658675316549e-25)
(-0.0005034203384820064 -0.005288048154010852 3.55389975105749e-26)
(-0.0005722461849879528 -0.006453922410420462 6.218214441292652e-25)
(-0.0005810130339870042 -0.007400443783910044 0)
(-0.0005129116040873852 -0.00784162698757177 -2.575938327459532e-24)
(-0.0003691524647154907 -0.007424436257971714 -3.92817880353969e-24)
(-0.0001858565501694432 -0.005774655192109376 -5.458498355185206e-24)
(-2.571749278835811e-05 -0.002550496504974482 -5.656744013714915e-24)
(1.572792237424283e-05 0.003084353215335805 0)
(5.647935153040546e-05 0.006529919126040926 5.438515248292462e-24)
(3.677679185841521e-05 0.007850046921292455 4.071707467434168e-24)
(-6.16038590689882e-05 0.007709628044432191 -1.434834803875853e-24)
(-0.0002283426398377455 0.006737142410322264 -9.442320191880077e-25)
(-0.0004328418243924446 0.005427938233690848 5.733740615117134e-25)
(-0.0006420542339488699 0.004108098473566001 3.135310396314628e-25)
(-0.0008303268906966545 0.002952202935531236 0)
(-0.0009826552021700906 0.002026022212599752 -8.830295267071729e-26)
(-0.001093708357753067 0.001330360170739343 2.001405414498795e-26)
(-0.001164974549007427 0.0008346146867658976 0)
(-0.001201712992419804 0.0004980248340163544 0)
(-0.001210544610781257 0.0002810266993383084 -1.230399066573321e-25)
(-0.001197912524236129 0.0001501447298982161 -2.15787473833358e-25)
(-0.001169281260690502 7.922926204717086e-05 -9.028712939446359e-26)
(-0.001128853898221464 4.895127130456258e-05 4.97343823230442e-26)
(-0.001079608395715161 4.558867558594462e-05 4.177610377688694e-26)
(-0.001023486501982227 5.971393620993682e-05 0)
(-0.0009616399082921428 8.50135835673683e-05 -5.054622456784926e-26)
(-0.0008946802755459901 0.0001173279657651779 0)
(-0.0008229013856753529 0.0001539138762772477 -3.568201255267741e-40)
(-0.0007464666313446343 0.0001929111470485044 -8.392274082160639e-26)
(-0.0006655500777247184 0.0002329528771547798 -3.42343094345499e-26)
(-0.0005804565715348013 0.0002728957231582044 0)
(-0.0004917202261736882 0.0003116127951761733 3.297494340623531e-26)
(-0.0004001612348769664 0.0003478263193355526 2.98092045759938e-26)
(-0.0003069450013185272 0.0003799382355335545 0)
(-0.000213624041667823 0.0004058430961670953 -2.244795012105332e-26)
(-0.000122161656945843 0.0004226714330967228 -4.758930364504177e-27)
(-3.495037945712135e-05 0.0004264543963849244 2.550318827743574e-26)
(4.519068598383809e-05 0.0004116802179128648 1.043222221942278e-25)
(0.0001150263077345834 0.0003707354436205029 2.936405641154688e-25)
(0.0001709666919339505 0.0002932258243305605 1.686159732570175e-25)
(0.000209178448264989 0.0001652557759821485 0)
(0.0002257804804317878 -3.121809425368035e-05 0)
(0.000217188612533468 -0.0003186710629928273 0)
(0.0001806388991171204 -0.0007234929695452322 0)
(0.0001149811351474696 -0.00127391912238489 3.39170980672018e-25)
(2.176453777489575e-05 -0.001995431604639707 6.729921736578024e-25)
(-9.343540248386292e-05 -0.002902402104433462 2.782503651711851e-25)
(-0.0002196782825043232 -0.003984874571060593 0)
(-0.0003398661868813271 -0.005190108022952567 1.866766020075105e-25)
(-0.0004314525135121994 -0.006400504211155791 8.029176349283817e-25)
(-0.0004698491616206876 -0.007413055064956047 0)
(-0.0004354679125153606 -0.007930292246114586 -2.840975055790527e-24)
(-0.0003250415377427635 -0.007575746446239666 -4.248521499862594e-24)
(-0.000168841391681138 -0.005940894815876996 0)
(-2.438340222858208e-05 -0.002645434062245068 0)
(1.701040672640911e-05 0.003045558736652723 0)
(7.341739017626026e-05 0.006506618996065896 5.243718507636784e-24)
(7.981527343443553e-05 0.007893084248947945 3.92073286732911e-24)
(1.159617553303072e-05 0.007827775310524081 1.146838273376744e-39)
(-0.0001269305435372782 0.006910728737312593 1.139420147952906e-39)
(-0.0003086971103834996 0.005625857046258901 5.375415239706636e-25)
(-0.0005019456334288465 0.004300934934102265 2.829710031832673e-25)
(-0.0006805803193361132 0.003119057904213554 0)
(-0.0008281501705854714 0.002155959210414113 -3.979569385379622e-26)
(-0.0009375685984306727 0.001420711946147331 6.269164659823867e-26)
(-0.001008730238267502 0.0008881521713071155 0)
(-0.001045691730582655 0.0005202833200703895 0)
(-0.001054326470807373 0.0002783298072899986 -1.562677226807222e-25)
(-0.001040737778029913 0.0001283934330689045 -2.61830169838229e-25)
(-0.001010355168494729 4.332221396198618e-05 -1.039638944100836e-25)
(-0.0009675592207674577 2.607071667207779e-06 5.346010323382138e-26)
(-0.0009156283922756844 -8.574644077854838e-06 4.104309258981007e-26)
(-0.0008568458028627772 -5.602419814999534e-07 0)
(-0.0007927012621103113 1.965392593867855e-05 0)
(-0.0007241027767674673 4.744581380832021e-05 0)
(-0.0006515700641627377 7.981008088149041e-05 -3.440432716252642e-26)
(-0.0005754079221759713 0.0001147823761010602 -5.794815849372007e-26)
(-0.0004958496109597998 0.0001510285692000163 -2.391857363833796e-26)
(-0.0004131669569902196 0.0001875387734771359 0)
(-0.0003277658939667597 0.0002234024095449292 2.43290483106999e-26)
(-0.0002402634028423326 0.0002576258022389239 2.269106853432121e-26)
(-0.0001515436953714317 0.0002889462923537347 0)
(-6.281491378406354e-05 0.0003156317363520286 0)
(2.434549807783019e-05 0.0003352202169497116 0)
(0.0001079536243396181 0.0003441735114627866 0)
(0.0001855874946581119 0.0003374185196979972 3.471420393435671e-26)
(0.0002543708897243085 0.0003077570250278229 6.223599663849315e-26)
(0.0003109834906096347 0.000245158781788858 0)
(0.0003517146122542063 0.0001359595415207357 0)
(0.0003726036528335716 -3.788097241175756e-05 0)
(0.0003697053449417179 -0.0002992403363423379 0)
(0.0003395513934774456 -0.0006755310009441642 0)
(0.0002798953465343324 -0.001196934739271971 2.943488902396476e-25)
(0.0001907985262157128 -0.001892100682985759 5.677493472929941e-25)
(7.604892012482361e-05 -0.002779990637002359 2.162704851865588e-25)
(-5.527606627624396e-05 -0.003856483909891893 0)
(-0.0001876172345100312 -0.005075028399682159 0)
(-0.0002991113334638102 -0.006322515699699193 0)
(-0.0003644334821627773 -0.007395392746666295 0)
(-0.0003614563806176258 -0.007986507580808759 0)
(-0.0002826064424280967 -0.007697393845890168 0)
(-0.0001523790711601727 -0.006085716861034051 0)
(-2.307866632402159e-05 -0.00273202849732057 0)
(1.822754393260316e-05 0.002998450086633422 -2.555971876661924e-24)
(8.961844280790782e-05 0.006462400848067002 -2.519845863582599e-24)
(0.0001212671721347892 0.007908254763363173 1.880377917880945e-24)
(8.255559126936824e-05 0.007917024905049691 2.631589103092056e-24)
(-2.81028538197752e-05 0.007058993526682092 8.522511337919856e-25)
(-0.0001873082036821702 0.005804557273121377 0)
(-0.0003648273304289032 0.004481195376270207 0)
(-0.0005343359353717359 0.003279107829565643 0)
(-0.0006780588816190169 0.002283292765553134 0)
(-0.0007871615506667081 0.001510962301541919 5.299578183566022e-26)
(-0.0008598569783501179 0.0009426355351604633 1.116877289743387e-40)
(-0.0008988549251805651 0.0005434838286305881 -7.203613925918387e-26)
(-0.0009091148251339279 0.0002759444729645751 0)
(-0.0008962394257669113 0.0001060700578161838 0)
(-0.0008655069972122394 5.982842133530274e-06 0)
(-0.000821397749130803 -4.581678385257576e-05 2.942355749014921e-26)
(-0.0007674482923846232 -6.514767334799473e-05 2.096198146882605e-26)
(-0.0007062915498239502 -6.322045686457747e-05 0)
(-0.0006397887833293002 -4.772608466909349e-05 0)
(-0.000569196154682413 -2.379491636514094e-05 -8.105236825947104e-27)
(-0.0004953314327710357 5.231477627076912e-06 7.552344759909113e-42)
(-0.0004187237064702302 3.720392953471873e-05 6.633326120778819e-27)
(-0.0003397367529456267 7.072314477842049e-05 -6.87519107345989e-27)
(-0.000258681143770736 0.0001048221614592266 -7.282646604186598e-27)
(-0.0001759061262568452 0.0001387156997454707 0)
(-9.187272492018164e-05 0.0001716029202925461 7.282484847857215e-27)
(-7.227644800018477e-06 0.0002024853263268343 2.571434208242382e-40)
(7.713660754315092e-05 0.0002299435162522227 3.197618105037519e-40)
(0.0001600195672443967 0.0002518812467716217 -2.435679609665952e-28)
(0.0002398528837732822 0.0002651763826934105 0)
(0.0003146396080180743 0.0002652093681996238 -1.524910067050607e-26)
(0.0003819011760052966 0.0002452608919823082 -5.413661677261687e-26)
(0.0004386415232988386 0.0001957700065452781 -4.210503197481195e-26)
(0.0004813461508479364 0.0001034789971660808 -6.019045763465839e-26)
(0.0005060500739756912 -4.94140378798356e-05 -8.049239430745756e-26)
(0.0005085350956462552 -0.0002858754191545705 0)
(0.0004847179692815404 -0.000633970444089068 0)
(0.0004313358151155331 -0.001125427560270137 0)
(0.0003470264855527301 -0.00179170826872325 0)
(0.0002338237385455783 -0.002656153946304489 0)
(9.893157822030638e-05 -0.003720570302613955 -1.939450125872089e-27)
(-4.371989613869895e-05 -0.004945131759386303 -1.465128863058102e-25)
(-0.0001731122837111091 -0.006222319387415092 0)
(-0.0002633885586125089 -0.007349635399324849 0)
(-0.0002901008321459946 -0.008012069274467515 1.107937942125984e-24)
(-0.0002415198930437894 -0.007790670580948564 3.230853617701007e-24)
(-0.0001364060948760653 -0.006209887665285223 2.189585837733531e-24)
(-2.181736938587817e-05 -0.002810537045864668 0)
(1.941435156301961e-05 0.00294335205130227 -2.451994666614465e-24)
(0.0001053536945275366 0.006397914936224739 -2.413533129114574e-24)
(0.0001616902861068863 0.007896179484819309 1.796148998171752e-24)
(0.0001520977537890915 0.007977769607624545 1.250479604750017e-24)
(6.918599255519702e-05 0.007182118959262352 0)
(-6.743873794182829e-05 0.005964180753376611 0)
(-0.0002292836123496151 0.004649191390456859 0)
(-0.0003899906098834082 0.00343299947322638 0)
(-0.0005305798595954614 0.002409067779083444 0)
(-0.0006404828881998522 0.001602522025113353 7.462860180862336e-26)
(-0.0007161513583557505 0.0009997259216111608 0)
(-0.0007588153838762081 0.0005693843552996773 -8.733683694409355e-26)
(-0.0007723631370640328 0.0002755686101292665 0)
(-0.0007617484598381742 8.46704195770557e-05 0)
(-0.0007319716676061363 -3.160296984251144e-05 0)
(-0.0006875197902250755 -9.550669612819203e-05 3.287310483381992e-26)
(-0.0006321389112520669 -0.0001237162142744733 2.218125029003691e-26)
(-0.000568793289007557 -0.0001282405032632099 0)
(-0.0004997317575545944 -0.0001174506385836452 0)
(-0.0004266037116708312 -9.701107049379254e-05 2.606967528240839e-41)
(-0.0003505826423133649 -7.065842104559489e-05 2.809622382989846e-27)
(-0.0002724921846972309 -4.080785227821003e-05 1.978387390387507e-27)
(-0.000192908723312627 -9.007250648383021e-06 -1.913381815908108e-27)
(-0.0001122620765547509 2.371412429657196e-05 -2.269239159738331e-27)
(-3.092161719203478e-05 5.659965167569009e-05 0)
(5.073370397541598e-05 8.895089376637954e-05 2.818536199378888e-27)
(0.0001322349993365501 0.0001199363140664981 6.929399451468625e-70)
(0.0002129534188700572 0.0001483784657077252 -1.146032899854218e-40)
(0.0002920304694609216 0.0001724893449024157 -2.172239616951167e-27)
(0.0003682944206324622 0.0001895300939610585 0)
(0.00044017143324328 0.0001953317492494105 -1.4231443296331e-26)
(0.0005056003575260775 0.0001836960012062288 -4.831593225985555e-26)
(0.0005619504387381425 0.0001456258582713995 -3.703526439651161e-26)
(0.0006059594363758535 6.842370751328185e-05 -5.270787060040738e-26)
(0.0006337374128817688 -6.524751994626688e-05 -7.036978999931303e-26)
(0.0006408848401443866 -0.0002781349764089589 0)
(0.0006228025332576702 -0.0005985929578908701 0)
(0.0005753166217907918 -0.00105948917571378 0)
(0.0004957357010437311 -0.001694720481347192 0)
(0.0003844060539109126 -0.002531758286605821 0)
(0.0002466702013389041 -0.003578369392089887 -3.240998888856706e-26)
(9.477724981391401e-05 -0.004801926644780203 -1.832206656800607e-25)
(-5.122750158831054e-05 -0.006101526480357694 0)
(-0.0001651502255369964 -0.007277300038112224 0)
(-0.0002204162914350681 -0.008008231275360414 1.181278239141372e-24)
(-0.0002012708014667092 -0.007856476337791608 3.416268237981173e-24)
(-0.000120758482292389 -0.006313952586396024 2.304206937238718e-24)
(-2.059955171505165e-05 -0.002881161894084807 0)
(2.06031742069251e-05 0.00288044135043638 0)
(0.0001209068646135474 0.006313525808878041 0)
(0.0002017046498932429 0.007857164506096531 0)
(0.0002211870171263032 0.008010112104111381 0)
(0.0001662193893225858 0.007280028152699657 0)
(5.250080015021776e-05 0.00610463133414654 0)
(-9.341366721807298e-05 0.004804997688854661 -1.833506896852657e-25)
(-0.0002453246822894448 0.003581130306826556 -3.24623371614226e-26)
(-0.0003831608537510726 0.002534067268883795 0)
(-0.0004946403342995456 0.001696534217447431 0)
(-0.0005743926745725432 0.001060831584728978 0)
(-0.0006220520741300666 0.0005995190532233348 0)
(-0.000640296797254026 0.0002787141636181089 0)
(-0.0006332908648880719 6.554564523136378e-05 0)
(-0.0006056294201196881 -6.834818788699155e-05 0)
(-0.0005617148079162794 -0.0001457229670683524 0)
(-0.000505438147919687 -0.0001839265954879901 0)
(-0.0004400621903686554 -0.0001956622080791342 0)
(-0.0003682220394859595 -0.0001899371999314943 0)
(-0.0002919815066187332 -0.0001729543794562252 2.175593922915634e-27)
(-0.0002129176027964497 -0.0001488838205923458 -7.991243931811725e-28)
(-0.0001322047890295985 -0.0001204727407059845 0)
(-5.07047703543622e-05 -8.950619252971043e-05 0)
(3.095222046212563e-05 -5.716425107753512e-05 0)
(0.0001122997758065407 -2.427959597668922e-05 0)
(0.0001929564576118606 8.451009954127291e-06 0)
(0.0002725516233896412 4.026605518828295e-05 0)
(0.0003506560844882444 7.014415935425955e-05 0)
(0.0004266959852629183 9.653267202836677e-05 0)
(0.0004998502246329892 0.0001170212094533242 0)
(0.0005689472927919106 0.0001278758652410188 0)
(0.000632343520930587 0.0001234377926214697 0)
(0.0006877897112377474 9.534142400294522e-05 0)
(0.0007323245153166511 3.158576067434897e-05 0)
(0.0007622057037272273 -8.449258242850936e-05 0)
(0.0007729454184133659 -0.0002751389619502365 0)
(0.0007595434730167455 -0.0005686358767638129 0)
(0.0007170396925143808 -0.0009985857936343804 0)
(0.0006415327696850768 -0.001600922722266428 0)
(0.0005317729231646181 -0.002406968941616034 0)
(0.0003912845945777011 -0.003430417307262942 0)
(0.0002306046315211339 -0.004646240494009616 0)
(6.8684532151575e-05 -0.005961109224484564 0)
(-6.812987576416705e-05 -0.007179322293692034 0)
(-0.000151329878824169 -0.007975730081138695 0)
(-0.0001612534891510615 -0.007895289320260511 0)
(-0.0001052017573169426 -0.006398170388314635 0)
(-1.940943663124417e-05 -0.002944003458790126 0)
(2.18197840425812e-05 0.002809749267342346 0)
(0.0001365501269719115 0.006209287132894773 -4.376753494272957e-24)
(0.0002419491382947295 0.007791146130590681 -3.229884843059249e-24)
(0.0002908758316773151 0.008013773107827436 1.10788408753362e-24)
(0.0002644783613721403 0.007352271447231387 6.90299080859666e-25)
(0.0001744239387055871 0.006225436866253871 0)
(4.513800751684367e-05 0.004948308906729545 -1.466401957912245e-25)
(-9.751815898829068e-05 0.003723502396318727 -1.983848635434453e-27)
(-0.000232503486042069 0.002658671548484447 0)
(-0.0003458556697994956 0.001793742574016229 0)
(-0.0004303431458126934 0.001126982897283621 0)
(-0.000483908840170154 0.0006350889949688285 0)
(-0.0005079005156459866 0.000286618833288436 2.023766602428971e-25)
(-0.0005055712740374997 4.984610335416374e-05 1.611587893470948e-25)
(-0.0004809986176094114 -0.0001032986788688357 0)
(-0.000438400619265554 -0.0001957897784619393 0)
(-0.0003817428420488458 -0.0002454364087832052 0)
(-0.0003145415992630558 -0.000265505084369333 0)
(-0.0002397950331901098 -0.000265564900651697 0)
(-0.0001599850003403369 -0.0002523391459548417 0)
(-7.711216340331325e-05 -0.0002304514605268805 0)
(7.25180783353011e-06 -0.0002030305143800054 0)
(9.19048303398946e-05 -0.0001721723826802897 0)
(0.0001759511142969648 -0.0001392958548850897 0)
(0.0002587439166126614 -0.0001054031562504372 0)
(0.0003398200013001458 -7.129727807844651e-05 0)
(0.0004188312378839652 -3.776350386358375e-05 0)
(0.000495464564855597 -5.766898553553536e-06 0)
(0.0005693548084655973 2.329316716384015e-05 0)
(0.0006399788394856714 4.726848943516182e-05 0)
(0.0007065204133709879 6.282015133987347e-05 0)
(0.0007677245879421657 6.48226796897774e-05 0)
(0.0008217324365171046 4.558851095129976e-05 0)
(0.0008659148638666107 -6.082149958792015e-06 0)
(0.000896738981435827 -0.0001060003572552647 0)
(0.000909724400661301 -0.0002756498915087125 0)
(0.0008995934872037655 -0.0005428970730190403 0)
(0.0008607396105220044 -0.0009416818876666038 0)
(0.0007881905597565977 -0.001509566720434733 0)
(0.0006792224012111758 -0.002281397863516283 0)
(0.0005355967168541291 -0.003276705451790182 0)
(0.0003661170477334837 -0.004478372927646295 0)
(0.0001885299431066404 -0.00580153390290738 0)
(2.914659035084753e-05 -0.007056147203436341 0)
(-8.178815136052693e-05 -0.007914844219427414 0)
(-0.0001208254157016823 -0.007907173349723967 0)
(-8.946161395604113e-05 -0.006462485850697052 0)
(-1.822125461694534e-05 -0.0029990317705199 0)
(2.307955534045299e-05 0.002731174116530745 0)
(0.0001525187529665268 0.006084939425064203 -4.138790438489129e-24)
(0.0002830327983489007 0.007697644993942398 0)
(0.0003622349004385005 0.007988014330506062 1.029880928948608e-24)
(0.0003655443759145348 0.007397913619443094 -6.28368344905032e-25)
(0.0003004679264774561 0.006325619632855093 0)
(0.0001891015363173797 0.005078288763809891 0)
(5.677643592423696e-05 0.003859574320677084 -6.190804076940787e-26)
(-7.46260084936172e-05 0.002782710999094065 -2.163266603393668e-25)
(-0.0001895193063075386 0.001894357167783537 2.840176682482846e-25)
(-0.0002787940787649758 0.001198708929214258 2.945528833085856e-25)
(-0.0003386399913677972 0.0006768527677302728 0)
(-0.0003689797344393516 0.0003001606760423312 2.303446730500422e-25)
(-0.000372046579593952 3.845988323404939e-05 1.836125460186851e-25)
(-0.0003513009283343238 -0.0001356628431320635 0)
(-0.0003106886827096627 -0.0002450898490475134 0)
(-0.0002541699163280837 -0.000307870281845567 0)
(-0.0001854565595750675 -0.000337674801042321 -3.481289996776361e-26)
(-0.0001078705354870653 -0.0003445427971565766 -3.441693847738905e-26)
(-2.428930001444237e-05 -0.0003356746544270883 2.36787435912655e-27)
(6.285902874303959e-05 -0.0003161496721305586 -1.214769568233292e-26)
(0.0001515890459705365 -0.0002895094054073982 -4.72258631105672e-26)
(0.0002403231803246583 -0.000258218866379366 -1.135009538058943e-26)
(0.0003278477242941619 -0.0002240129982198069 2.43349687079595e-26)
(0.0004132745873964564 -0.0001881522164830783 0)
(0.0004959871693663232 -0.000151635798236651 0)
(0.0005755795779867933 -0.0001153744149060153 0)
(0.000651776749766702 -8.037829175435216e-05 2.299011688107466e-26)
(0.0007243454111860126 -4.798182431630781e-05 5.986271673547277e-26)
(0.0007929815906235294 -2.014782567318626e-05 4.020072936785148e-26)
(0.0008571667105069468 1.195142731728526e-07 4.844046347187563e-26)
(0.0009159966870454106 8.200521262710617e-06 6.156797448065867e-26)
(0.0009679821731272757 -2.895538669615952e-06 5.343318400210659e-26)
(0.001010841142141466 -4.349726580754897e-05 6.924941887410051e-26)
(0.001041303034196953 -0.0001284172863891024 0)
(0.00105498860127419 -0.0002781530735461789 1.560943017222092e-25)
(0.001046464900383113 -0.0005198407297074049 1.705762701904174e-25)
(0.00100962855662363 -0.0008873672865092554 0)
(0.0009385982129390405 -0.001419504515238929 -9.389914237327447e-26)
(0.0008293018617707846 -0.002154259609410952 5.972177881386206e-26)
(0.0006818211321225437 -0.003116836033749526 -2.354101686784614e-25)
(0.0005032142833869891 -0.00429824974555747 -1.131223788340438e-24)
(0.0003099033103789216 -0.005622897234256352 -1.074554762289013e-24)
(0.0001279658152128294 -0.006907849982770479 0)
(-1.082978042808971e-05 -0.007825469045064164 0)
(-7.936865707572393e-05 -0.007891821651322998 0)
(-7.325692827598282e-05 -0.006506539085623686 0)
(-1.70040012253322e-05 -0.003046069331020149 0)
(2.438416647565019e-05 0.002644516086775509 4.008307083430315e-24)
(0.0001689759381203032 0.005939937478098642 3.891981945940939e-24)
(0.0003254619415784183 0.007575760053700632 2.831157702766893e-24)
(0.0004362514877418508 0.007931578540487887 7.236600598123465e-40)
(0.0004709832136534189 0.007415430693147664 -1.12253754152955e-24)
(0.0004328578287752552 0.006403564318691385 -2.677416526551219e-25)
(0.0003414287484062035 0.005193424258145854 1.245930422809865e-25)
(0.0002212827911354066 0.003988102339036546 -5.42486929837894e-25)
(9.498420304472334e-05 0.002905313971589325 -4.175125079147977e-25)
(-2.034426538411229e-05 0.001997905629708208 6.733593312628653e-25)
(-0.000113733252172111 0.001275914362216428 5.091295342059886e-25)
(-0.000179581350381724 0.0007250234373033498 1.545517448079087e-25)
(-0.0002163221529874182 0.0003197776871504177 -1.310942149966559e-25)
(-0.0002250919816132373 3.195672747941374e-05 -1.048493256753387e-25)
(-0.0002086446356789572 -0.0001648285615552609 1.585781329742188e-25)
(-0.0001705646221245205 -0.0002930559401102984 1.126160017404582e-25)
(-0.0001147309811999715 -0.0003707759000362759 0)
(-4.497863658313048e-05 -0.0004118897090364995 -4.187399843708382e-26)
(3.510423766121031e-05 -0.0004267977660544137 -4.276727963093017e-26)
(0.000122282402522876 -0.0004231200596018075 2.262459534047413e-27)
(0.0002137280899927565 -0.000406372237720133 -1.489533405238578e-26)
(0.0003070483749177668 -0.0003805232402364705 -8.417396240792733e-26)
(0.0004002776807880873 -0.0003484501321124022 -5.96155195246764e-26)
(0.0004918609183897927 -0.00031226087091673 1.648478179726237e-26)
(0.0005806297786408359 -0.0002735521733597872 0)
(0.0006657597349870112 -0.0002336050304608313 0)
(0.0007467187764159107 -0.0001935480314509326 5.043387498582864e-26)
(0.0008231972581967123 -0.0001545272733288962 8.224323032056502e-26)
(0.0008950180759800282 -0.0001179082785983616 8.180220723296967e-26)
(0.0009620210486705446 -8.555272501088458e-05 5.059438419292647e-26)
(0.001023912673374349 -6.020064736488791e-05 5.486337908023838e-26)
(0.001080081811103497 -4.601222388938799e-05 6.269190155855129e-26)
(0.001129378331901546 -4.929624241770398e-05 9.94458424834165e-26)
(0.001169863808816002 -7.947172753280643e-05 6.014919313871962e-26)
(0.001198563551714158 -0.0001502493003219777 -7.189027291994649e-26)
(0.001211276103019903 -0.0002809521507423308 1.228971065527555e-25)
(0.001202538831422998 -0.0004977089780407257 1.266977521435272e-25)
(0.001165906858264269 -0.0008339819817948828 0)
(0.001094751577059441 -0.001329325653807291 -9.962912366118993e-27)
(0.0009838058957264432 -0.002024506259505866 4.415757588456972e-26)
(0.0008315569816885655 -0.002950158148763917 5.795489840603236e-39)
(0.0006433065023422904 -0.004105553581255333 -6.267122926949576e-25)
(0.0004340344038857827 -0.005425053302223511 -1.146189656017663e-24)
(0.0002293712332932419 -0.006734248415448458 0)
(6.237104487756591e-05 -0.007707211924396745 0)
(-3.63253578841012e-05 -0.007848612774993909 0)
(-5.631379034968764e-05 -0.00652967747358173 0)
(-1.571920847917162e-05 -0.003084792011784671 0)
(2.571443395185375e-05 0.002549518207037699 3.767572617068329e-24)
(0.0001859808086851949 0.005773516687673664 3.636336738424671e-24)
(0.000369563802394392 0.007424202382679107 0)
(0.0005136949299784396 0.007842669627758658 0)
(0.0005821679525622271 0.007402640138808376 0)
(0.0005737025251525929 0.006456900512698822 -6.220028730106928e-25)
(0.0005050673184808025 0.005291384983876379 -2.376268671045315e-26)
(0.0003998549583512719 0.004106988186256193 -6.617546342637581e-25)
(0.000281109857129391 0.003024753957112951 -8.763108350473308e-25)
(0.0001673642980159974 0.002103099060073951 -3.984095322740542e-25)
(7.138644867631867e-05 0.001357759297452751 -1.961408142562015e-25)
(5.615897680267938e-07 0.0007791746594364516 1.771248260020541e-25)
(-4.20173221509069e-05 0.0003453994866979637 -1.50189655683789e-25)
(-5.632950412772652e-05 3.054248193470403e-05 -1.207676587803624e-25)
(-4.434893501015994e-05 -0.0001903896049594868 1.845124617380983e-25)
(-9.218679163547278e-06 -0.0003391661622599966 1.330825406132548e-25)
(4.53480499953801e-05 -0.0004335908139588351 0)
(0.0001154728668438152 -0.0004876189853753101 0)
(0.0001973683790574165 -0.0005118893023817199 0)
(0.0002875068886339292 -0.0005143665137996987 0)
(0.000382711694652469 -0.0005009702019059739 0)
(0.0004802129498718368 -0.0004760993098353652 -2.746339124187567e-26)
(0.0005776778327302534 -0.0004430617672023458 -5.349560069066039e-26)
(0.0006732137456415993 -0.0004043845911875375 -2.041758022692845e-26)
(0.0007653550071216955 -0.0003620626387737574 0)
(0.0008530399611486823 -0.0003177276841521755 0)
(0.0009355701411756911 -0.0002728090010933276 6.670528303857418e-26)
(0.001012542487553694 -0.0002286713118648671 6.540648739439366e-26)
(0.001083767480965538 -0.0001867984550644672 4.262152078288494e-26)
(0.001149157039160853 -0.0001490378137351626 8.412633362836149e-26)
(0.001208569131451391 -0.0001179446650550951 8.496562987854666e-26)
(0.001261619390627271 -9.72805023293718e-05 4.436524173491354e-26)
(0.001307446179797554 -9.270997423227468e-05 4.798570872729541e-26)
(0.001344433741656411 -0.0001127410805205797 0)
(0.001369919761262933 -0.0001699227857233254 -5.864467892172582e-26)
(0.00137994196633421 -0.0002822582066913139 0)
(0.001369116721424008 -0.0004746288827599993 0)
(0.001330806511843674 -0.0007797335220313513 0)
(0.001257806771136793 -0.001237480466877729 -2.094578680669856e-26)
(0.001143805162481517 -0.001890951318137632 -1.3478441882943e-25)
(0.0009857963407962226 -0.002775892725268503 4.544920582870155e-39)
(0.0007873248236458226 -0.003899848034087547 -6.840589273310434e-25)
(0.0005617927971084081 -0.005207734510776958 -2.424945126234942e-24)
(0.0003341518455238135 -0.006535006338833811 -1.969348104140597e-24)
(0.0001384815447946577 -0.007559481903463905 0)
(8.787590029350142e-06 -0.007776678873815642 0)
(-3.838462538836177e-05 -0.006531000196021256 0)
(-1.433338588776968e-05 -0.003114735485993197 0)
(2.703813729693391e-05 0.00244593377379093 1.760040195888026e-24)
(0.0002034604465476971 0.005584801603715828 1.686178439280806e-24)
(0.0004153977600266655 0.007241371640699328 0)
(0.0005949719944818823 0.007718983798122641 7.647401389104276e-25)
(0.0007000690163538862 0.007356672552773111 4.091751432939038e-25)
(0.0007247280801750047 0.006482431316499173 -2.799944624481793e-25)
(0.0006826479671031536 0.005368912316297056 1.375228367621457e-25)
(0.0005961264661433408 0.004213159377811236 -1.600691826834996e-25)
(0.0004884259717738952 0.003138323861863001 -8.734300413880938e-25)
(0.0003792965978434036 0.002207717144824435 -1.18284301695284e-24)
(0.0002831947113467612 0.001442557581881687 -6.854946550280177e-25)
(0.0002092453297723004 0.0008381609506586534 0)
(0.0001620673344027153 0.0003763837422653281 0)
(0.0001428785133766735 3.402418281172798e-05 0)
(0.0001505487620252466 -0.0002121659829088822 0)
(0.0001824523199342278 -0.000382945213939307 0)
(0.0002351275865312097 -0.000495627042665218 0)
(0.0003047391029629812 -0.0005640434443437746 0)
(0.0003873919344066825 -0.0005989413095913302 0)
(0.0004793430110274727 -0.0006085492991375739 0)
(0.0005771338553348254 -0.0005991465688406953 0)
(0.000677683617200907 -0.00057554521961402 0)
(0.0007783399548949774 -0.0005414920231500016 0)
(0.0008769000412636767 -0.0004999658594998004 0)
(0.0009716234930830914 -0.0004533966257128217 0)
(0.001061212037312134 -0.0004038288922632193 0)
(0.001144779228043163 -0.0003530494089439338 0)
(0.001221798980027776 -0.0003027191452119452 0)
(0.001292019102976373 -0.0002545142833896864 5.373116684387845e-26)
(0.001355359191789164 -0.000210345122440463 1.038686367842856e-25)
(0.001411761329522743 -0.0001726613151021886 1.004841726659092e-25)
(0.001460999805892387 -0.0001449000226781072 4.905731565805639e-26)
(0.001502439009113778 -0.0001321373541950177 0)
(0.001534745135752965 -0.0001419965545379572 0)
(0.001555565024838141 -0.0001858437360587815 0)
(0.001561214825987361 -0.0002802711423300151 0)
(0.001546473512048308 -0.00044872028332827 0)
(0.001504647554257751 -0.0007228131899437436 0)
(0.001428119632040786 -0.001142397548427512 0)
(0.001309694326625358 -0.001752390848660438 0)
(0.001144975120466323 -0.002593250462179485 -3.882989763306801e-25)
(0.0009357459931016071 -0.003680689896632486 -1.471888111492317e-24)
(0.0006937018484754094 -0.004970656466139698 -2.543588641893935e-24)
(0.000442854634699839 -0.006309740319635873 -2.042171947792211e-24)
(0.0002180128442685834 -0.00738157703332681 0)
(5.636632322955851e-05 -0.007674975066747631 0)
(-1.925032237725093e-05 -0.006509402245362557 0)
(-1.281070039087675e-05 -0.003135308914437129 0)
(2.830052716167406e-05 0.002333603453536909 1.63322481976136e-24)
(0.0002211744392680024 0.005372947957032048 1.550578872524636e-24)
(0.000462674429489814 0.007025511539753346 0)
(0.0006799736531879274 0.007557812957087919 6.662342294023598e-25)
(0.0008250253201537804 0.007274019905662501 3.239876593232422e-25)
(0.0008869702830150079 0.006476117016212804 0)
(0.0008761022260308468 0.005421764452134455 -1.117430224652642e-25)
(0.0008130580518241781 0.004302482193102986 -2.18505782245141e-25)
(0.000720980353678284 0.003242251353523767 0)
(0.0006205761654663883 0.002308522994851758 -2.823535856751121e-25)
(0.0005278124436442505 0.001527712540191831 -2.68742482474227e-25)
(0.0004534557393433957 0.0009000642811055047 0)
(0.0004036231056894074 0.0004114835909491609 0)
(0.0003807493167177466 4.178499231019364e-05 0)
(0.0003846009081405916 -0.0002302097944948812 0)
(0.0004131483167588786 -0.0004239620132053703 0)
(0.0004632702631807154 -0.0005560624807031511 0)
(0.0005312704120566204 -0.0006400387945762963 0)
(0.0006132425958100592 -0.0006866191940356928 0)
(0.0007053252062744918 -0.0007042113770752646 0)
(0.0008038727920723104 -0.0006993959414202329 0)
(0.0009055771505271896 -0.0006773733661951147 0)
(0.001007539309385816 -0.0006423300571045599 0)
(0.001107315229467595 -0.0005977081946674415 0)
(0.001202931272245905 -0.0005463989723158331 0)
(0.001292887372093192 -0.0004908997494486199 0)
(0.001376127135063126 -0.0004334000126252587 0)
(0.001451988994632011 -0.0003759076602661699 0)
(0.001520139216546951 -0.0003203518517288064 0)
(0.001580459562044313 -0.0002687730695490601 0)
(0.001632914949969816 -0.0002235825189005055 0)
(0.001677373056893736 -0.0001879648279670971 0)
(0.001713359898861007 -0.0001664793197467176 0)
(0.001739767800910978 -0.0001659141088447902 0)
(0.001754522184519421 -0.0001964686832925646 0)
(0.00175422879969582 -0.000273277064537144 0)
(0.001733895653955267 -0.0004182007556506627 0)
(0.001686880716990935 -0.0006615168511034197 0)
(0.001605304428273379 -0.001042603034965073 0)
(0.001481242361100278 -0.001607714182254758 0)
(0.001309013765445571 -0.002401539169647002 0)
(0.001088646317293049 -0.003447734841644564 0)
(0.0008299786213948517 -0.004713615831398382 0)
(0.0005558090942338578 -0.006058104719261126 2.104148792978054e-24)
(0.0003013441202209422 -0.007172761524611757 3.154153431104282e-24)
(0.0001067414364818986 -0.007542333916514338 0)
(1.280798444673941e-06 -0.006463606044469963 -5.955622723273174e-24)
(-1.112099856046744e-05 -0.003145809917876353 -6.039976290187877e-24)
(2.94351216430735e-05 0.002212539812563655 0)
(0.0002387185573133345 0.005137332948492284 2.824715301148884e-24)
(0.00051069821985927 0.00677491840940427 1.928253280073733e-24)
(0.0007679346031337853 0.007356234130295359 0)
(0.0009565005702899286 0.007150663582838735 0)
(0.001060424092922413 0.006433154287263256 0)
(0.001086216654413663 0.005444745730315953 0)
(0.00105240313738592 0.004369757618665454 0)
(0.0009815826775920779 0.003331671342095679 0)
(0.0008950707766590745 0.002401235861556292 0)
(0.0008100937170497794 0.001609689132689972 0)
(0.0007389108479293836 0.0009621785951922174 0)
(0.0006890725997849984 0.0004488394035944114 0)
(0.000664231566733509 5.278145165441846e-05 -4.001585312872394e-25)
(0.0006650956044913735 -0.0002448124991209258 -3.180073268026146e-25)
(0.0006903089394550873 -0.0004618374688040677 0)
(0.0007371869780200631 -0.0006139453281330245 0)
(0.0008022763504957895 -0.000714184576605824 0)
(0.0008817694373013367 -0.0007731382785035174 0)
(0.0009717961924275424 -0.0007992997399186739 0)
(0.001068635823756694 -0.000799498282180985 0)
(0.001168855397718091 -0.0007792908084421501 0)
(0.001269410165546709 -0.0007432906711836437 0)
(0.001367706259617372 -0.0006954035159329159 0)
(0.001461620265148018 -0.00063900192612539 0)
(0.001549512842255464 -0.0005770455366727687 0)
(0.001630202762847392 -0.0005121635554141604 0)
(0.001702923119334274 -0.0004467343191127187 0)
(0.001767253137607979 -0.0003829815162352352 0)
(0.001823018414759539 -0.0003231197371417724 0)
(0.001870170080793553 -0.0002695780615689066 0)
(0.001908604509456875 -0.000225352722907397 0)
(0.001937941447607312 -0.0001945530768701652 0)
(0.001957237035693341 -0.0001832014448602791 0)
(0.001964646739439368 -0.0002003746234822298 0)
(0.001957049272781316 -0.0002597460632691476 0)
(0.001929707362041982 -0.000381503525053657 0)
(0.001876117584543278 -0.000594360416406256 0)
(0.001788263753303023 -0.0009368431731399811 0)
(0.001657633715976818 -0.001456026311239543 0)
(0.001477367655967678 -0.002200276627433819 0)
(0.001245740452157529 -0.003200842023393234 0)
(0.00097058493623651 -0.004436594264358963 0)
(0.0006731794440257463 -0.005779876883299354 2.152699769442239e-24)
(0.0003887612512729619 -0.00693232805463724 3.222445249939365e-24)
(0.0001602013270869673 -0.007377516595609831 4.55774896490695e-24)
(2.338737063378765e-05 -0.006392198860474632 6.097906019805547e-24)
(-9.23482842224668e-06 -0.003145437310122925 4.051260349550779e-38)
(3.036423753079781e-05 0.00208301391231387 0)
(0.0002555239979629231 0.004877770231437857 2.545957260799039e-24)
(0.0005583472095728333 0.00648821999720085 1.690241692421288e-24)
(0.0008573352861957508 0.007111381812138982 0)
(0.001092884809753736 0.006982319226409897 0)
(0.001243732047945203 0.006348168973502597 0)
(0.001312182475747077 0.005431843665715747 0)
(0.001314129730215525 0.004408818605876076 0)
(0.00127111327424428 0.003400692560377594 0)
(0.001204611376610159 0.002480576385008552 0)
(0.001132781549304664 0.001684048303369228 0)
(0.001069159654916884 0.001021029894614944 0)
(0.001022624882908397 0.0004859880209419727 0)
(0.0009980303756228907 6.554513386330499e-05 -4.835964705949415e-25)
(0.0009970654355259459 -0.0002565096812716593 -3.895995362431108e-25)
(0.001019124526481139 -0.0004962626619980123 0)
(0.001062056491769253 -0.0006682217550176987 0)
(0.001122765696127692 -0.0007847922121844237 0)
(0.001197663984434697 -0.0008562898335857362 0)
(0.001282994242357174 -0.0008912063235446073 0)
(0.001375081295877892 -0.0008965613506294732 0)
(0.001470497045757295 -0.0008782365789959452 0)
(0.001566174473192352 -0.0008412512918929666 0)
(0.001659485273148636 -0.0007899706790449309 0)
(0.001748266975527229 -0.0007282479280627311 0)
(0.001830834126980403 -0.0006595108788224076 0)
(0.001905959181175206 -0.0005868298187168452 0)
(0.001972823421490185 -0.0005129671977847216 0)
(0.002030948831807271 -0.0004404531184339583 0)
(0.002080110125953199 -0.0003716965643363446 0)
(0.002120217039561702 -0.0003091758476272436 0)
(0.002151153495171829 -0.0002557488944448762 0)
(0.002172568353877171 -0.0002151353027261649 0)
(0.002183611031387002 -0.0001926623472335474 0)
(0.002182601046552984 -0.0001963472840357856 0)
(0.002166646568774915 -0.0002384358964492852 0)
(0.002131265394797563 -0.0003373994905672029 0)
(0.002070136392482486 -0.000520214390011005 0)
(0.001975205095807932 -0.0008242162661024937 0)
(0.001837494253815844 -0.00129677219690791 0)
(0.001649064754228038 -0.001989309419961124 0)
(0.001406440245170935 -0.002940178851629169 0)
(0.001115288575635818 -0.004139840699959658 -1.384248167699897e-24)
(0.0007950319427153767 -0.005475035807384661 -2.184896256682901e-24)
(0.0004805169403888295 -0.006659659356324866 0)
(0.0002170338619776058 -0.00717924435065571 4.638727890247927e-24)
(4.725133367943874e-05 -0.006293640756382904 1.244215605351729e-23)
(-7.124871596044011e-06 -0.003133293710284894 6.330971201155948e-24)
(3.101190747939435e-05 0.001945623301240875 -2.484569408917821e-24)
(0.0002709031731662074 0.004594720946232156 -2.2686872359127e-24)
(0.0006040984682114645 0.006164694102577413 0)
(0.0009458852894148039 0.006820821431105808 0)
(0.001231384029688817 0.006764801790976886 9.294320781374832e-26)
(0.001433928441390735 0.006215537253619915 -3.821349692648985e-25)
(0.001551203910546776 0.005376508990660019 0)
(0.001595893480739741 0.004412758238754484 8.914196965000864e-25)
(0.00158786521249867 0.003442577903403017 9.661219696269167e-25)
(0.001548219212876442 0.002540401556858668 0)
(0.001495626072244837 0.001745545078773722 0)
(0.00144462891625187 0.001072450268876317 0)
(0.001405287624178023 0.0005199173044974067 0)
(0.001383600760784205 7.820989409745812e-05 0)
(0.001382266182641491 -0.0002660699281136502 0)
(0.001401504178773807 -0.0005270006043120839 0)
(0.001439800724290525 -0.0007177559624389013 0)
(0.001494533138812909 -0.0008499474799635225 0)
(0.001562456026711131 -0.0009335057142609267 0)
(0.001640065822848078 -0.0009768409376631293 0)
(0.001723871336152548 -0.0009871074091515491 0)
(0.001810590538246434 -0.0009704744950487546 0)
(0.00189728340049595 -0.0009323538917963825 0)
(0.001981426119660094 -0.0008775547292522192 0)
(0.002060951682944848 -0.000810400252451695 0)
(0.002134252716155706 -0.0007347762719049557 0)
(0.002200152784151533 -0.0006541798228377107 0)
(0.002257861580704254 -0.0005717411605756207 0)
(0.002306899111921365 -0.0004902834883260872 0)
(0.002347015142182911 -0.0004124034083481693 0)
(0.002378075812342327 -0.0003406372077407057 0)
(0.002399915972246066 -0.000277723427597053 0)
(0.002412162448771065 -0.0002270409637989883 0)
(0.002413986928041951 -0.0001932824679002781 0)
(0.002403798576018295 -0.0001834813820661807 0)
(0.002378869120195677 -0.0002085123296295318 0)
(0.002334934857317301 -0.0002851269899109678 0)
(0.002265870979322031 -0.0004384485493001212 0)
(0.002163644342266044 -0.0007043188670070855 0)
(0.002018912649710078 -0.001129879006350094 -2.676271020854542e-25)
(0.001822743393838692 -0.00176893912765765 -4.865068628514602e-25)
(0.001569902226705797 -0.002666339435917888 0)
(0.00126371817832257 -0.003823979577052337 3.555537582276942e-39)
(0.0009213902557710493 -0.005143840866252174 -4.145362304236193e-39)
(0.0005768958706975063 -0.006354276685811519 0)
(0.0002775896452543539 -0.006946208431108676 0)
(7.310016771580145e-05 -0.006166248774150352 0)
(-4.759065085099517e-06 -0.003108368779976464 0)
(3.131454720421105e-05 0.001801333600846987 -8.983873976934505e-40)
(0.0002841164395413421 0.004289473940096226 1.106877435843108e-39)
(0.0006461487648454684 0.005804597304947342 0)
(0.001030621158268662 0.006482980908763165 0)
(0.00136803464103905 0.006494499113780419 -8.748928967989394e-26)
(0.001626356988114363 0.006029859305752375 -5.554379910159449e-25)
(0.001798270354383679 0.005272083551715518 0)
(0.001892643052154634 0.004374299764404418 2.124990977883076e-24)
(0.001926998133472026 0.003450046210193051 2.270157862876942e-24)
(0.001921435090241901 0.002573948543087459 -1.122914187988586e-24)
(0.001894637919459944 0.001788310609890087 -1.053189755714027e-24)
(0.001861805298360825 0.001111710365199555 0)
(0.001833974530167031 0.0005471435421309512 0)
(0.001818211310338281 8.856465516601941e-05 0)
(0.001818225165019207 -0.0002744811020853101 0)
(0.001835118374497992 -0.0005538976136531546 0)
(0.00186811089179906 -0.0007613661643236601 0)
(0.001915172396408535 -0.000907567199042439 0)
(0.001973537776948882 -0.001001935693106292 0)
(0.002040100989584206 -0.001052727282036731 0)
(0.002111717055963285 -0.001067184519110858 0)
(0.002185412831507019 -0.001051733992023183 0)
(0.002258538706846427 -0.001012158884409809 0)
(0.002328842968695911 -0.0009537012000154272 0)
(0.002394507810743773 -0.0008811260336533613 0)
(0.002454141777057331 -0.000798754540516361 0)
(0.002506744200169718 -0.0007104727403973487 0)
(0.00255165003111104 -0.0006197417457510532 0)
(0.002588447014203631 -0.0005296333783630725 0)
(0.002616897006866101 -0.0004428964624845924 0)
(0.002636833723166246 -0.0003621031478211722 0)
(0.002648032828886399 -0.0002898680141230414 0)
(0.002650049914184549 -0.0002292495103250106 0)
(0.002642013375160697 -0.0001843565793356905 0)
(0.002622340482801149 -0.0001613100662786549 0)
(0.002588391357197523 -0.0001696830419181833 0)
(0.002536059862426637 -0.0002245441256787171 0)
(0.002459388142496236 -0.0003490876164510957 0)
(0.002350396504679012 -0.0005774056370559188 0)
(0.002199444391944669 -0.0009559127870344471 -5.188322785997194e-25)
(0.001996668551584431 -0.001540080605723493 -9.529357656948691e-25)
(0.001735063529641535 -0.0023804873943465 0)
(0.001415426804776612 -0.003490135088941855 1.376330197363789e-24)
(0.001052319875634658 -0.004786922650953419 2.18739840491985e-24)
(0.0006783029405822692 -0.006015880334493066 0)
(0.0003423546985865179 -0.006677065054687695 0)
(0.0001012474784783239 -0.006008156366802722 0)
(-2.091650794774815e-06 -0.003069511038296074 0)
(3.123080346682648e-05 0.001651474645433421 3.946711301792334e-24)
(0.0002944646055985604 0.003964257622655063 3.473448261649204e-24)
(0.000682589486177525 0.005409452566596045 0)
(0.001108137285433174 0.006097594146434303 0)
(0.001497934109219173 0.00616892561555163 0)
(0.0018148099343658 0.005786551719268229 0)
(0.002046179982490766 0.005112378243774626 0)
(0.002196519531938059 0.004286317769109085 1.226939862506352e-24)
(0.002280303098816353 0.003415726615432328 1.302244525570291e-24)
(0.002315948531241024 0.002574201286618798 -1.289329165858686e-24)
(0.002321583734386097 0.001806139751513892 -1.214805228066211e-24)
(0.002312639220200247 0.001133710868302205 0)
(0.002300865393876836 0.0005638469610733316 0)
(0.002294260377748054 9.412504296085224e-05 0)
(0.002297505089145642 -0.0002829152090160875 0)
(0.002312621433636467 -0.0005768858819343928 0)
(0.002339645244020337 -0.0007978499898217493 0)
(0.002377260123090524 -0.0009554389010669455 0)
(0.002423323091682002 -0.001058509915948447 0)
(0.002475288656269129 -0.00111509748814856 0)
(0.002530538451505844 -0.001132495540951983 0)
(0.00258659880078759 -0.00111736957723148 0)
(0.00264129531915265 -0.001075848274558651 0)
(0.002692836207349838 -0.001013582825583645 0)
(0.00273982460281072 -0.0009357503132568615 0)
(0.002781234807283949 -0.0008470606141511788 0)
(0.002816369557320525 -0.0007517280335264448 0)
(0.002844789657380027 -0.0006534806841096382 0)
(0.002866227290778499 -0.0005555693279414513 0)
(0.002880503349693574 -0.0004608333008228644 0)
(0.002887440489299497 -0.0003718188985205974 0)
(0.00288674223780791 -0.0002909915965151029 0)
(0.002877859796291218 -0.0002210828029840006 0)
(0.00285982069551293 -0.0001656477096745323 0)
(0.00283097853216726 -0.0001299564341364836 0)
(0.002788690763724919 -0.0001223552778621202 0)
(0.002728930868645796 -0.000156284501846069 0)
(0.002645866431875841 -0.0002529747411433798 0)
(0.002531555652580707 -0.0004445598665162341 0)
(0.002376095154023814 -0.0007762526125098823 -2.36003022792537e-25)
(0.002168737165058173 -0.001304423704267186 -4.488614174841145e-25)
(0.001900667705764402 -0.002084509786187519 0)
(0.001569934317208264 -0.003140063364245155 0)
(0.001187995570660829 -0.004405386413049518 0)
(0.0007853432125118611 -0.005644402518303805 0)
(0.0004120358732769599 -0.006370413082896932 0)
(0.0001321575725615528 -0.005817234590613572 0)
(9.441790925772701e-07 -0.003015360143008345 0)
(3.075371645931575e-05 0.001497691325697761 1.731280096950051e-24)
(0.0003014015542882892 0.003622242521861004 1.49135090700754e-24)
(0.0007116746504257159 0.004982226114277829 0)
(0.001174983697618277 0.005666098283211133 0)
(0.001615696324507615 0.005787285274956709 0)
(0.001991997037403695 0.005482509972258871 0)
(0.0022859464999009 0.00489236560143726 0)
(0.002497156970076643 0.004142500802009574 0)
(0.00263639016422587 0.003332742634256904 0)
(0.002719675071952954 0.002534370408809408 0)
(0.002763956166883518 0.001792865704487965 0)
(0.002784415513059154 0.001133280958254495 0)
(0.002793170788340805 0.0005660792021549729 0)
(0.002798945270585853 9.227241692272813e-05 0)
(0.002807306145784791 -0.0002926370465521477 0)
(0.002821187158835737 -0.000595925686220062 0)
(0.002841504350091808 -0.0008259572383034808 -1.062022529442948e-24)
(0.002867768773242098 -0.0009912388620476841 -8.200983971472413e-25)
(0.002898619537646669 -0.001099988840650215 3.021302305198815e-25)
(0.002932262741042925 -0.001159983285345403 2.071861722696124e-25)
(0.002966808761233861 -0.001178541110766305 0)
(0.003000502550740954 -0.001162546195316514 0)
(0.003031863111935507 -0.001118454530645249 0)
(0.003059750960425623 -0.001052283294163504 0)
(0.003083364446515548 -0.0009695737408721329 0)
(0.003102199914024717 -0.0008753506395379289 0)
(0.003115984122206802 -0.0007740773821289666 0)
(0.003124592340467001 -0.0006696486525374491 0)
(0.003127966500815658 -0.0005654023397846494 0)
(0.003126030869631331 -0.0004641735065056159 0)
(0.003118608954496302 -0.0003684086745979418 0)
(0.003105326158883004 -0.0002803642222658739 0)
(0.003085507869736712 -0.0002024154999844314 0)
(0.003058031911019122 -0.0001375724638526815 0)
(0.003021118249922717 -9.029823747724087e-05 0)
(0.002972048957118353 -6.778626015407776e-05 0)
(0.00290679876982886 -8.190609012538403e-05 0)
(0.002819586188317769 -0.0001519311614827412 0)
(0.002702474800713746 -0.0003078657514449927 0)
(0.002545304695694967 -0.0005932670991100589 0)
(0.002336456150358783 -0.001064615560976741 0)
(0.002065252513111813 -0.001781193774911877 0)
(0.001726744361252772 -0.002776320231093375 0)
(0.001328743753366343 -0.004000948432004114 0)
(0.0008988986923238701 -0.005240072465190801 0)
(0.0004876492480542827 -0.00602475699205355 0)
(0.0001665166133830412 -0.005590971356502426 0)
(4.459171831052277e-06 -0.002944244706681502 0)
(2.9912508594818e-05 0.001341832974474988 0)
(0.0003046437354449239 0.003267403529299563 0)
(0.0007321132266401568 0.004527339926122718 0)
(0.001228169273939427 0.005191877155052976 0)
(0.001716140760914091 0.005350955387736032 0)
(0.002150334943698584 0.005116760408263077 0)
(0.002507636613381141 0.004608913313573498 0)
(0.002782516043936322 0.003938094388249118 0)
(0.002981454885605476 0.003195398805676453 0)
(0.003117426351518065 0.002448501913698828 0)
(0.003205544680117002 0.001742859401934808 1.500174285477535e-24)
(0.003260187388430733 0.001105568497704643 1.382623799450321e-24)
(0.003293427404069209 0.0005500709465683341 1.236753983075111e-24)
(0.003314432247630507 8.050310769343117e-05 1.077615914253515e-24)
(0.003329490992583867 -0.0003048142892232976 9.161408269341835e-25)
(0.003342400666974495 -0.0006108630227916074 7.596640957938276e-25)
(0.00335500191644757 -0.0008442980336453222 -1.225508698080316e-24)
(0.003367755744603689 -0.001012483142987073 -9.559806275026407e-25)
(0.003380263704025088 -0.001122977746115334 3.565926495236359e-25)
(0.00339170469859193 -0.001183291614469523 2.489836670381197e-25)
(0.003401163618739152 -0.001200758823439573 0)
(0.003407844544442502 -0.001182459529001698 0)
(0.003411189084879827 -0.001135142413709118 0)
(0.003410915170756603 -0.001065132041791762 0)
(0.003406983013626523 -0.0009782510924505575 0)
(0.003399536567959572 -0.0008797343227302228 0)
(0.003388823819015971 -0.0007741796995745034 0)
(0.003375099368415324 -0.0006655276179185559 0)
(0.003358550167269333 -0.0005570800340915497 0)
(0.003339220284752336 -0.0004515536668743174 0)
(0.003316939540812582 -0.000351201040821754 0)
(0.003291251836261576 -0.0002579905478589476 0)
(0.003261334057659098 -0.0001739001094820504 1.662484024436813e-25)
(0.003225878377452581 -0.000101384187566931 1.534879539610616e-25)
(0.003182930573992681 -4.412143558182104e-05 0)
(0.003129637360107631 -8.214620553871936e-06 0)
(0.003061898548242525 -4.033233604678811e-06 0)
(0.002973919199788416 -4.890630243207557e-05 0)
(0.002857723784194675 -0.0001705662422636966 0)
(0.002702873522653195 -0.0004104906968186771 0)
(0.002496866653533904 -0.0008244501151457616 0)
(0.002227084603963352 -0.001474423881198426 0)
(0.001885291342499145 -0.002402450030091953 0)
(0.001475031926402809 -0.003576089870635187 0)
(0.001020168811208388 -0.004803501411506332 0)
(0.000570596073977318 -0.005638475032899451 4.626583062750586e-24)
(0.0002053067226517314 -0.005326307893658811 6.412943116003203e-24)
(8.626092719073947e-06 -0.002854021702340174 0)
(2.87799323085585e-05 0.001185787433824581 0)
(0.0003042714470826313 0.002904224574208066 0)
(0.0007433737774158514 0.004050452288635365 4.969506392123672e-25)
(0.001265736079142499 0.004680270752353223 -5.672980051116309e-26)
(0.001795133425439608 0.004863763829986851 0)
(0.002283027895650229 0.0046909750435075 0)
(0.002701613066014194 0.004261459342511051 -1.320283885418481e-24)
(0.003040198457700641 0.003670646453538896 7.070452258806032e-39)
(0.003300607850764 0.002999930797014271 1.638219808630126e-24)
(0.003492183358541592 0.0023121801340807 1.650469060777325e-24)
(0.003627573214196151 0.001651665943734076 3.180162971890208e-24)
(0.003719764498014217 0.001046600673331253 2.95606405220246e-24)
(0.003780296473495045 0.0005127237686963536 2.666314652901109e-24)
(0.00381841891099336 5.684692618553104e-05 1.170904548307645e-24)
(0.003840930836901475 -0.0003201582136353883 1.002932986665252e-24)
(0.003852413387091099 -0.0006211339190245433 1.674979196040837e-24)
(0.003855674240995979 -0.0008511177494169635 6.800567369293616e-25)
(0.003852267130602272 -0.001016384367100384 -5.340136999570995e-25)
(0.003842974835392931 -0.001123879824731878 -4.013638363526075e-25)
(0.003828210427591612 -0.001180866153909998 2.830837825032273e-25)
(0.003808306920763959 -0.001194691439565103 1.795023275248173e-25)
(0.003783688655158342 -0.001172600889366661 0)
(0.00375494743225065 -0.001121565745244673 1.562771782946877e-26)
(0.003722834694817979 -0.001048123290135999 -4.586181165004452e-26)
(0.003688203216595223 -0.0009582510345280131 0)
(0.003651930418295941 -0.0008572507176902798 -1.325483429128345e-25)
(0.003614821331137873 -0.0007497036264774326 -1.601402291197607e-25)
(0.003577524388681111 -0.0006394485520320758 0)
(0.003540470386633028 -0.000529605779795561 0)
(0.003503807365730247 -0.0004226537039139009 -1.954280630726917e-25)
(0.003467354640389403 -0.0003205425417248096 -1.956271501491589e-25)
(0.003430557681388397 -0.0002248735872675755 1.919016618076906e-25)
(0.003392433505820274 -0.00013717352502043 3.700715809367888e-25)
(0.003351484651518251 -5.932158121661186e-05 -4.096742147567019e-56)
(0.003305558281160706 5.769482900460364e-06 -1.629093668196287e-25)
(0.003251635337832991 5.304191626239685e-05 1.462299272468963e-25)
(0.003185507712998603 7.356654508975275e-05 1.224613855234377e-25)
(0.003101320005270338 5.194299154225859e-05 0)
(0.002991012352507968 -3.717207446013978e-05 -2.470470563296402e-26)
(0.002843834695412053 -0.0002327654571775967 -9.468760602412458e-40)
(0.002646374389325811 -0.0005890406171009067 0)
(0.002383971768531442 -0.001169385962991379 5.676529058356668e-25)
(0.002044777198976615 -0.002023214937914429 1.072107389256863e-24)
(0.001627343903485516 -0.00313427934778846 1.85740543912271e-24)
(0.001150605999174126 -0.004335836582799235 2.995143164039694e-24)
(0.0006626802008278794 -0.005209828369426147 9.008377900465253e-24)
(0.0002498776661797919 -0.005019472283126119 -7.970991058531961e-38)
(1.371472881934259e-05 -0.002741877356466152 -6.65222674672663e-24)
(2.747451318696648e-05 0.001031271768193241 0)
(0.0003007992873041053 0.002537251739621861 0)
(0.0007459147288770105 0.003557997884159512 -3.760095786539755e-25)
(0.001287247981197978 0.004138277736803971 1.24316820983065e-25)
(0.0018503965411783 0.004331960028530611 0)
(0.00238518796977754 0.004209730208290414 0)
(0.002859912707322532 0.003852506941788938 -1.312894856181704e-24)
(0.003259005749393929 0.003340665890835687 0)
(0.003579494180233744 0.002745261221639067 1.644554418807216e-24)
(0.003826660855102452 0.002123317134293608 1.670535866549217e-24)
(0.00401012526924513 0.001516806359842937 1.623403569617533e-24)
(0.004140895472497705 0.0009540696131728626 1.52178107126979e-24)
(0.004229458407684257 0.0004523495703409676 1.383473327561821e-24)
(0.004284762907554336 2.055143904692208e-05 0)
(0.004313883434557135 -0.0003383218978249547 0)
(0.004322116961301635 -0.0006252710178037939 8.850879283676624e-25)
(0.004313319101996179 -0.0008439348914754121 7.216210922589725e-25)
(0.004290328545849326 -0.0009996540344535012 -5.684446862694854e-25)
(0.004255374838425459 -0.001098858824231994 -1.285155581774555e-24)
(0.004210401489151651 -0.001148608004183257 -3.030345448292481e-25)
(0.004157272740219831 -0.001156253089267515 1.932007639344721e-25)
(0.004097873419406032 -0.001129136815068125 0)
(0.004034122842981255 -0.001074334219288324 2.011106941077451e-26)
(0.003967920988036452 -0.0009984401510053885 -4.433432836331593e-26)
(0.003901067521519381 -0.0009074036572047393 0)
(0.003835168846115223 -0.0008064098611116042 -1.34480790031201e-25)
(0.003771550975318589 -0.0006998380168831881 -1.630315172502191e-25)
(0.003711206290772282 -0.0005912498045188294 0)
(0.003654743764365654 -0.0004834406430826913 0)
(0.003602361808129393 -0.0003785269683692454 -2.012209688310316e-25)
(0.003553837038855897 -0.0002780557728156417 2.030536251951947e-25)
(0.003508499671245151 -0.000183193524365034 1.007738778536139e-24)
(0.003465207116147957 -9.497029239552306e-05 5.929833032054247e-25)
(0.003422284062665806 -1.467310872159782e-05 -1.919393838167586e-25)
(0.003377407346723908 5.553410189993085e-05 -1.843355479704911e-25)
(0.003327415075591623 0.0001116061642706951 1.738430653902293e-25)
(0.0032680002011924 0.0001460051145250145 1.577630394750535e-25)
(0.003193242914565283 0.0001452493003917394 0)
(0.003094985686255159 8.650387945506004e-05 -8.161155244192273e-26)
(0.00296215192561838 -6.631584387331067e-05 1.287627256001415e-39)
(0.002780380679965147 -0.0003649560960590594 -1.95523542778762e-67)
(0.00253285508360538 -0.0008727629012733832 1.358168394269302e-24)
(0.002203757482348416 -0.001644846466269534 2.791093721165459e-24)
(0.001785825710476825 -0.002680261796173154 1.690064098792994e-24)
(0.001291667935976948 -0.003839006293733231 -2.811704541362022e-24)
(0.0007659944684739106 -0.004737046975009178 -4.323521066272206e-24)
(0.0003019525919701783 -0.004665832057478439 -6.171141923047018e-24)
(2.011710737053299e-05 -0.002604081431362912 -6.564563310543752e-24)
(2.615923262525199e-05 0.0008795931293843388 0)
(0.0002951768193889402 0.002170569184117413 0)
(0.000741223054429822 0.003056535882958827 -5.598968008221242e-25)
(0.001293958144452256 0.003573971262020864 3.221558031475141e-25)
(0.001881909737766219 0.003763850803064848 0)
(0.002454514307286199 0.003680436755172515 0)
(0.002977170343444353 0.003387867799191677 0)
(0.003430014043521127 0.002952146453256482 0)
(0.003805403202534304 0.002433748426710339 0)
(0.004104334921628494 0.001883071856234028 0)
(0.004332964881533856 0.001338799702149053 3.178411944819438e-24)
(0.004499820661709278 0.0008283981735225625 3.003097115645598e-24)
(0.004613882035418559 0.0003697329543627024 0)
(0.004683473684725108 -2.693414088158974e-05 0)
(0.004715792835689801 -0.0003570606239203066 0)
(0.004716865794488797 -0.000620269412621556 0)
(0.00469175881013149 -0.0008191469282254359 0)
(0.004644858086937659 -0.0009583507563601602 0)
(0.004580140370930012 -0.001043929928911519 -8.598066748198839e-25)
(0.004501363723618141 -0.001082783262703477 -6.05446673495426e-25)
(0.004412153686547358 -0.001082207614021777 0)
(0.004316012406238945 -0.001049509593568846 0)
(0.004216254083137614 -0.0009916757169339653 0)
(0.004115914021086481 -0.0009151295462945148 0)
(0.004017658723533346 -0.0008255528973464754 0)
(0.003923707965903181 -0.0007277856406876596 0)
(0.003835780504612973 -0.0006257958316185488 0)
(0.003755073131196786 -0.0005226969024913061 0)
(0.003682257952942644 -0.0004208246562493782 0)
(0.003617505127167453 -0.0003218214590953099 0)
(0.003560495474230324 -0.0002267695015478014 4.029513793414012e-25)
(0.003510430604100367 -0.0001363541731182523 1.211952782569669e-24)
(0.003466037724808166 -5.109280896786763e-05 8.044464361729541e-25)
(0.003425521222081512 2.831638687079002e-05 0)
(0.003386466619937972 0.0001004403084802901 0)
(0.003345658143818351 0.0001622074553646523 0)
(0.003298772302476625 0.0002074403133678316 3.737068087280261e-25)
(0.003239894090615984 0.0002245810882730989 3.421072709384311e-25)
(0.003160811625942412 0.000193443177368108 0)
(0.003050141459314361 8.127177985285539e-05 0)
(0.002892567363258047 -0.0001602800136539128 0)
(0.002669009856179409 -0.0005928989790611995 6.474116759755654e-25)
(0.002359317819391156 -0.001275320771185445 1.529114457820247e-24)
(0.001949506430923666 -0.00222042594335637 0)
(0.001444193159295196 -0.003316112980950529 -5.148336620167301e-24)
(0.0008825351276780137 -0.004218590932019557 -8.1432388415407e-24)
(0.0003635070531937197 -0.004259856885963474 0)
(2.837675529757689e-05 -0.002435726468835481 0)
(2.503448558639755e-05 0.0007314260023165257 -7.599525164177253e-25)
(0.0002885979253009851 0.001807333124508955 0)
(0.000731377650557013 0.002552129370020481 2.04944452248643e-25)
(0.001288187083121066 0.002995832952928053 0)
(0.001891198783318638 0.003169252819769354 0)
(0.002490582720474434 0.003113053466639158 -1.720500752896533e-24)
(0.003049937262324906 0.002876723703111325 -2.261902878334689e-24)
(0.00354587973012962 0.002513006168297993 0)
(0.00396647491109533 0.002071979212434421 1.45381083686122e-24)
(0.004308464926490547 0.001596937266765375 1.501675168980381e-24)
(0.004574342025973488 0.001122437930967028 2.966324210598449e-24)
(0.004769871960803302 0.0006740952153700342 2.821464665101147e-24)
(0.004902290292110633 0.0002694259081926335 -3.894563473189258e-24)
(0.004979181577129211 -8.083703297658953e-05 -6.952732486770347e-24)
(0.005007903523631161 -0.0003713757012119105 -3.012760126605615e-24)
(0.004995396441852152 -0.0006010512972197656 8.443486066151032e-25)
(0.004948203269021695 -0.0007718547819371578 6.86749077258615e-25)
(0.004872555538150564 -0.0008880479505177318 0)
(0.004774443650202212 -0.0009554286878245154 0)
(0.004659623411785909 -0.000980716602018153 0)
(0.004533561260428796 -0.0009710068696644035 -5.144073520499909e-25)
(0.004401337961038319 -0.0009333362979528392 -3.275014291051224e-25)
(0.004267532211625829 -0.000874320811465739 -8.306632210706002e-27)
(0.004136112469681917 -0.0007999154856457815 0)
(0.004010372173405319 -0.0007152508006579351 -9.560149208142491e-26)
(0.003892893590591355 -0.0006245705483319997 -1.29323619584474e-25)
(0.00378555041127464 -0.0005312314706679455 0)
(0.003689544749065981 -0.0004377544978329138 0)
(0.003605465307139273 -0.0003459053760966658 0)
(0.003533350048188121 -0.0002568002613667115 0)
(0.003472743203169955 -0.0001710334426448895 1.894530714080242e-25)
(0.00342273875798152 -8.881110154517839e-05 5.741501456163536e-25)
(0.003381993348511141 -1.016473946413927e-05 3.860469027253392e-25)
(0.003348702431993379 6.476120057255887e-05 0)
(0.003320506234205362 0.000135219821169907 0)
(0.003294303801052573 0.0001990700796115378 0)
(0.003265932184894539 0.0002514690991612997 4.08817948945068e-25)
(0.003229645352540768 0.0002828127799580709 6.033882097100049e-25)
(0.003177317119626795 0.0002757273165939885 3.669166603042125e-25)
(0.003097361906633311 0.0002012553794909172 1.351164030446608e-25)
(0.002973562515189833 1.54616528514526e-05 0)
(0.00278453338487517 -0.0003398856666931785 0)
(0.002505473850495514 -0.0009246450791271016 0)
(0.002114743893926888 -0.001763306879998658 0)
(0.001607062661518792 -0.002772089329387713 0)
(0.001013278843080619 -0.003653766641895189 0)
(0.0004363639095763554 -0.003795392001263854 0)
(3.917886818761845e-05 -0.002230580485023751 0)
(2.429368882747986e-05 0.0005867511062176606 -1.219949846261927e-24)
(0.0002819432786697524 0.001449680963533569 -4.530913882776046e-25)
(0.0007177199265808877 0.002050169055690412 1.442406569470345e-25)
(0.001271187337087528 0.002412459182597364 0)
(0.001878503695102681 0.002559193683515902 0)
(0.002491439752954693 0.002519968308712671 -1.478696355930678e-24)
(0.003072808592378307 0.002331839502807537 -1.946348480001064e-24)
(0.00359658534308534 0.00203569641634105 0)
(0.004047152978112458 0.001671755174842027 1.266610951205714e-24)
(0.004417355841477748 0.001276011418993182 1.317204851796494e-24)
(0.004706211001732137 0.000878202199588897 0)
(0.004916854192039974 0.0005011324093937191 0)
(0.005054943377332045 0.0001609209348291009 -3.458002413368916e-24)
(0.005127567018983645 -0.0001322411405115102 -6.171626640636941e-24)
(0.005142561745101483 -0.0003731463353747391 -2.666262035751088e-24)
(0.005108127424721785 -0.0005605830965549723 7.426507859544162e-25)
(0.005032604155231964 -0.0006964246265523915 5.982051010072772e-25)
(0.004924288835464378 -0.0007847735559535977 0)
(0.004791264643796574 -0.0008312075629149554 0)
(0.004641216556729136 -0.0008421111898672547 0)
(0.004481234608263695 -0.0008241137790952519 -3.95922060909133e-25)
(0.004317649004019049 -0.0007836368844913367 -2.1456914529766e-25)
(0.004155900503845439 -0.0007265666026120046 9.438026775914426e-27)
(0.004000466438910872 -0.000658048149137654 0)
(0.003854855582405151 -0.0005823765275955788 -9.562034042937179e-26)
(0.00372164657398689 -0.0005029759705005342 -1.223779887260724e-25)
(0.003602566575665929 -0.0004224370442572727 0)
(0.003498600030966228 -0.0003425936546126308 0)
(0.003410100873726789 -0.0002646079496393736 0)
(0.00333689825004036 -0.0001890810857947201 0)
(0.003278396287930906 -0.0001161525692552949 1.670351086011015e-25)
(0.00323363215480181 -4.561965202928308e-05 1.693203641266555e-25)
(0.003201310145916718 2.28979782626986e-05 0)
(0.003179786487453188 8.972248938962365e-05 0)
(0.003166966832946543 0.000154713344290618 0)
(0.003160117696599747 0.0002165939966496846 0)
(0.003155518399739049 0.0002718247972119144 0)
(0.003147876678603166 0.0003128002660176046 2.144736261109286e-25)
(0.003129424957856985 0.0003251605443619544 4.284752369480013e-25)
(0.003088621534228087 0.0002842555638991598 1.905389956117355e-25)
(0.003008545023029755 0.0001516431546233971 0)
(0.002865609899894215 -0.0001254663779881306 0)
(0.002630213837487786 -0.0006050976897612137 0)
(0.002272253663700774 -0.001320245355558355 0)
(0.001774533947622388 -0.002214763047480666 0)
(0.001156216929225483 -0.003043970866917149 0)
(0.0005212067448193363 -0.003266589103136764 -5.085708468583112e-24)
(5.325469231022057e-05 -0.0019812682468913 -5.737999641888596e-24)
(2.397223124771176e-05 0.0004452357429473798 -1.497005915773806e-39)
(0.0002745308146261028 0.001099595045420863 2.540647449060346e-39)
(0.0006981228219255061 0.0015563192589279 0)
(0.00123878877070829 0.001833388017397532 0)
(0.001836871876001031 0.00194662712156544 0)
(0.002446334509126557 0.001916731980085116 0)
(0.003030050296985914 0.001770434175694412 0)
(0.003560287024861789 0.001538283895415852 0)
(0.00401865032375981 0.001251345198867407 0)
(0.004394898761610551 0.0009382723384462214 0)
(0.004685326869862803 0.0006233770837704956 0)
(0.004891161559290409 0.0003257038379299093 0)
(0.005017175726995636 5.888989441414688e-05 0)
(0.005070600672140104 -0.0001684563815804234 0)
(0.005060293057749813 -0.0003521041995804371 0)
(0.004996086600883983 -0.0004913895913059718 0)
(0.004888267612526278 -0.0005883895012936425 -4.643769592049982e-25)
(0.004747113846152421 -0.000647112329392589 -3.476306522345763e-25)
(0.004582486324226503 -0.0006727505361410699 0)
(0.004403486847268028 -0.0006710364730133427 0)
(0.004218197608088937 -0.0006477280758535861 0)
(0.004033515591637111 -0.0006082175150852174 0)
(0.003855069915107761 -0.0005572832394299358 0)
(0.00368723454194049 -0.0004989507797721858 0)
(0.003533217683861635 -0.0004364557774430831 0)
(0.003395191523584667 -0.0003722624752553011 0)
(0.00327444522334994 -0.000308135876636073 0)
(0.003171557630467132 -0.0002452191203329935 0)
(0.003086552775265393 -0.0001841243678932194 0)
(0.003019036510283459 -0.0001250165298881315 0)
(0.002968317745649516 -6.769500100282581e-05 0)
(0.002933486296886898 -1.167137096925568e-05 0)
(0.002913452215378259 4.371166832419293e-05 0)
(0.002906936475745576 9.910321149514159e-05 0)
(0.002912377734818979 0.0001548395140481237 0)
(0.002927726765345204 0.000210400537792757 0)
(0.002950071468479102 0.0002634904674579507 0)
(0.002974989913693457 0.0003085345467110563 0)
(0.00299551720879505 0.0003343949829319736 0)
(0.003000611998295813 0.0003212672969103588 0)
(0.002973115510869435 0.0002373454502782442 0)
(0.002887674610999761 3.741587944273023e-05 0)
(0.002710136035383527 -0.0003313069811625407 0)
(0.002401569311197107 -0.0009062063173303103 0)
(0.001931096750617337 -0.001656519129120738 0)
(0.001302393169038686 -0.002394941610962094 0)
(0.0006154311217132299 -0.002669954373860013 -4.395915401870235e-24)
(7.109270691343782e-05 -0.001680105035356211 -5.147367951085177e-24)
(2.369614715481795e-05 0.0003074340484074919 3.021082134749738e-25)
(0.000262112228562572 0.0007613148268869913 1.892825030426597e-25)
(0.0006628672176600935 0.001079232965755144 0)
(0.001174952289641522 0.001271687785535292 0)
(0.001743380990461 0.001348773338286199 0)
(0.002324833207997569 0.001324125828825774 0)
(0.002883113899305264 0.001215997037851809 0)
(0.003389958084918164 0.001045960903911811 0)
(0.00382554587380446 0.0008365782348296491 0)
(0.004177999192842555 0.0006091096842469279 0)
(0.004442321704301686 0.0003818532360871082 0)
(0.004619145399960955 0.000169191669325486 0)
(0.004713467577882271 -1.869700465071962e-05 0)
(0.004733466940781516 -0.0001756520662539136 0)
(0.004689444874571364 -0.0002990294218351748 0)
(0.004592893970791836 -0.0003890291230812686 0)
(0.004455675412471581 -0.0004479453597983572 -2.949473171974011e-25)
(0.004289337722779973 -0.0004794609571709016 -2.042184641435473e-25)
(0.004104587078722865 -0.0004879901148693935 1.250043288994149e-25)
(0.003910898288611088 -0.0004781561269416906 5.871009200369768e-26)
(0.003716290384702213 -0.0004543877601198515 0)
(0.00352725136019076 -0.0004206608254016482 -3.551705322251687e-26)
(0.003348770220250967 -0.0003803565498611943 -6.549745236432359e-26)
(0.003184460956732358 -0.0003362015658829551 0)
(0.003036753207074475 -0.0002902856636960355 0)
(0.002907091074365957 -0.0002441155304902197 0)
(0.002796145273091707 -0.0001986914976735653 0)
(0.002704016416119784 -0.0001545717585150334 0)
(0.002630401388350449 -0.0001119527215616948 0)
(0.002574746264921612 -7.071501603803863e-05 0)
(0.002536372621835667 -3.047929252911045e-05 0)
(0.002514557823745078 9.35197257625711e-06 0)
(0.002508584209989967 4.952773943218185e-05 0)
(0.002517744072087118 9.083794501674328e-05 0)
(0.00254125693575493 0.0001339067857965558 0)
(0.002578072099604148 0.0001787949152940154 0)
(0.002626485571792301 0.0002243224895232159 0)
(0.00268344756718485 0.0002669114851876396 0)
(0.002743420967129721 0.0002987921878645958 0)
(0.002796627674868264 0.0003054976531090555 0)
(0.002826585225445201 0.0002629755663894178 0)
(0.002807243834856213 0.0001357710858390102 0)
(0.002701035288406057 -0.0001199189955297073 0)
(0.00246096652628328 -0.0005406982392836432 0)
(0.002041807944776419 -0.001116831250019878 0)
(0.001428163644337009 -0.001720725440083594 0)
(0.0007086876122404172 -0.002008471256259489 0)
(9.244044054708287e-05 -0.001321087042384635 0)
(2.232552178906614e-05 0.0001776334552067687 -1.192038404715172e-25)
(0.0002345458214740646 0.0004464158509391694 -9.260955311450314e-27)
(0.0005902875346425786 0.0006362024369433093 0)
(0.001045037873311736 0.0007496414937285952 0)
(0.001549860687660462 0.0007924367924492637 0)
(0.002065285926622162 0.0007727505344898186 0)
(0.002557595027390884 0.0007018000430422989 0)
(0.002999925888239999 0.0005931885375388994 0)
(0.003373196871217861 0.0004613972965435745 0)
(0.003666057846263619 0.0003201781785884577 1.16277434998341e-24)
(0.003874173025158534 0.0001813139525114879 5.464246429643015e-25)
(0.003999115598692067 5.38880324745215e-05 -4.89242359312489e-25)
(0.004047070077486347 -5.596148712323131e-05 0)
(0.004027477387811007 -0.0001448895699663712 3.34818928630508e-25)
(0.003951749704761342 -0.0002119288591491535 2.512734284792175e-25)
(0.003832132521366045 -0.0002579542993945453 1.713477456404423e-25)
(0.003680745908983117 -0.0002850946740672329 9.918488211071005e-26)
(0.003508867692156999 -0.000296199913821597 0)
(0.00332645124001961 -0.0002943912699452245 -1.283016633071778e-26)
(0.003141850535973837 -0.0002827316451973999 -5.14031878060271e-26)
(0.002961743768365845 -0.0002639929770517302 -7.91319002459486e-26)
(0.002791193458366614 -0.0002405430969906912 -1.945957922279074e-25)
(0.002633811420225308 -0.0002142925252880594 -1.074715069854086e-25)
(0.002491975203630196 -0.0001867084504415684 0)
(0.002367064893829589 -0.000158846686293831 0)
(0.002259694800968849 -0.0001314157662459563 0)
(0.002169929060140747 -0.0001048301417919205 9.851426923472151e-26)
(0.002097468879434853 -7.925595563750142e-05 0)
(0.002041809041514964 -5.465706792086247e-05 -8.106839986166479e-26)
(0.002002370770079333 -3.081727534909865e-05 0)
(0.00197861291225169 -7.360138186593867e-06 0)
(0.00197011721182428 1.623134070823761e-05 0)
(0.001976644256810791 4.059717199441066e-05 0)
(0.001998159852792383 6.644589398840006e-05 -4.842121652176039e-26)
(0.002034781328380498 9.444159270332473e-05 -4.936300235897348e-26)
(0.00208663188011654 0.000124971752973903 0)
(0.002153495450096877 0.0001577201549720367 0)
(0.002234142062961884 0.0001909027069896596 1.759828075978946e-25)
(0.002325177032497716 0.0002200626881515176 2.344700080973829e-25)
(0.00241917438317008 0.0002363109982716154 0)
(0.002501919517719834 0.0002241690320069291 0)
(0.002548898463588642 0.0001598343976354478 0)
(0.002522053909311763 1.216269344582527e-05 0)
(0.002369608378145009 -0.0002487245664904776 0)
(0.002034247359531101 -0.0006271608847947802 0)
(0.001479891442953261 -0.001052871263764256 1.987869199561755e-24)
(0.000773429344574555 -0.001302875397495708 4.330423097760093e-24)
(0.0001153661525457757 -0.0009067500194256939 0)
(1.701602651706934e-05 7.027654464508701e-05 2.036765757227245e-25)
(0.0001752196370282836 0.0001852477027894518 3.535074386784033e-25)
(0.0004456292799552771 0.0002677548779052794 -5.615382285627646e-25)
(0.0007929783512349018 0.0003153648478494181 0)
(0.001177800474608841 0.0003309159748524634 8.770878881372089e-25)
(0.001567802667431829 0.0003183818368077518 9.571167704193153e-25)
(0.001935362995666074 0.0002831367718099973 0)
(0.002258650108654561 0.0002317560767291523 0)
(0.002522617862852801 0.0001712512094487001 9.012893810151126e-25)
(0.002719103451809839 0.0001081941535649059 1.593818759004265e-24)
(0.002846205194276925 4.803691328668845e-05 3.315432187693461e-25)
(0.002907174026773344 -5.25355830286503e-06 -2.556635471616638e-25)
(0.002909059976200563 -4.92764219428379e-05 0)
(0.002861317996462291 -8.304501155446183e-05 1.006120222485036e-25)
(0.002774526005652833 -0.0001066916154791867 3.139287676333484e-26)
(0.002659331469376933 -0.0001211308184214673 -5.550501851082413e-26)
(0.002525665986725367 -0.0001277324961915116 -2.255161472155066e-25)
(0.002382237581653709 -0.0001280439152827451 -1.105324639219331e-25)
(0.002236275948205886 -0.0001235951157017054 0)
(0.002093472190656625 -0.0001157715804491895 0)
(0.001958061759280786 -0.000105737918275648 -1.53349929033525e-25)
(0.001832996572980492 -9.442893774176333e-05 -1.516931435255283e-25)
(0.001720163323855131 -8.254742818828114e-05 -1.448710370015332e-25)
(0.001620602979346393 -7.059452542086398e-05 -1.34346388774397e-25)
(0.001534727704482417 -5.88984359740492e-05 0)
(0.001462502977993248 -4.765141326549322e-05 0)
(0.001403615113952961 -3.692937947969472e-05 9.180602210559009e-26)
(0.001357602436423292 -2.672482046568077e-05 7.649031434619133e-26)
(0.001323960475452525 -1.694469139074569e-05 1.808458033821229e-39)
(0.00130224448201596 -7.431007301372483e-06 0)
(0.001292145709589854 2.046052902859524e-06 0)
(0.001293564940415576 1.178942224875527e-05 0)
(0.001306679802169457 2.217195764189419e-05 0)
(0.001331985622929637 3.363080171532126e-05 1.270416266325573e-26)
(0.001370303542474681 4.662870822188636e-05 4.779011191473463e-26)
(0.001422713800539187 6.156239502233573e-05 0)
(0.001490324148420604 7.857527919646118e-05 0)
(0.001573765390595107 9.71930818776063e-05 9.362359902717372e-39)
(0.00167223311378234 0.0001157238956224543 1.123064915467447e-38)
(0.001781812664814579 0.000130333218669966 0)
(0.001892858040920078 0.0001338297760855791 0)
(0.001986365534422969 0.000114486221994854 0)
(0.002029948181309991 5.589719432296942e-05 0)
(0.001975491176764768 -5.985280169386203e-05 0)
(0.001762902690844126 -0.0002416255893601826 0)
(0.001340742736469562 -0.0004650828129689939 8.914006118235957e-26)
(0.0007425370334556349 -0.0006262355127315371 1.444443394409452e-24)
(0.0001296983780752182 -0.0004752346759267081 0)
(6.261761487010077e-06 6.518754569404361e-06 1.529684548003573e-25)
(7.184180840696949e-05 1.946356272160633e-05 1.033565009005065e-25)
(0.0001925786851985541 2.852451771461799e-05 -2.851151473500896e-25)
(0.0003498222929822174 3.293498418863133e-05 0)
(0.0005231717323357471 3.347871364461938e-05 3.889080399632835e-25)
(0.0006963327113178182 3.063983529915788e-05 4.024769063505366e-25)
(0.0008556423213256389 2.520133511060676e-05 0)
(0.0009906927571838239 1.815085329658849e-05 0)
(0.001094898836434271 1.050983262730841e-05 3.170216382440052e-25)
(0.001165478516421438 3.169510846372366e-06 2.587145613751105e-25)
(0.00120296159981596 -3.218717614488921e-06 0)
(0.001210398923117623 -8.278036402071727e-06 0)
(0.001192469224610116 -1.188203513894772e-05 0)
(0.001154638028002102 -1.410081092780355e-05 0)
(0.001102463666454661 -1.512407946333472e-05 0)
(0.001041102185492176 -1.519895049952013e-05 -4.387919943522628e-26)
(0.0009750083593269165 -1.45818679940673e-05 -1.167216564933266e-25)
(0.0009078005988547885 -1.350429381803928e-05 -6.780593680671652e-26)
(0.000842248885101476 -1.215630941013496e-05 0)
(0.0007803468401189715 -1.068578604216462e-05 -7.405537209166839e-26)
(0.0007234220510635653 -9.194003821356958e-06 -7.236811941976279e-26)
(0.0006722643830405779 -7.750004470587248e-06 0)
(0.000627261287985323 -6.394546894312102e-06 -6.304218147147287e-26)
(0.0005885013045522459 -5.144635613862852e-06 -5.660902150102318e-26)
(0.0005558763286496589 -4.004688080044225e-06 0)
(0.0005291628373805379 -2.969403759361407e-06 0)
(0.0005080766692022365 -2.021430992173253e-06 0)
(0.0004923302964335926 -1.145149164187767e-06 2.797948989709657e-26)
(0.0004816713682877315 -3.130622378639064e-07 2.106326624856764e-26)
(0.0004759171492202181 5.052043838676836e-07 0)
(0.0004749983330398097 1.348076128506021e-06 0)
(0.0004789892934055322 2.266256871747663e-06 0)
(0.0004881560550141359 3.321377904164876e-06 0)
(0.0005029994584757426 4.592563657879861e-06 3.01930493038073e-26)
(0.0005242862322839263 6.177568924657104e-06 4.624648199046791e-26)
(0.0005530710649094135 8.179402927069948e-06 0)
(0.0005906380084326234 1.069660743554413e-05 0)
(0.0006383081373316359 1.377219185104494e-05 4.736700940230673e-26)
(0.0006970066542463792 1.730477346410644e-05 3.955151582191338e-26)
(0.000766401395766241 2.090114663603972e-05 0)
(0.0008434147927160057 2.365410255193267e-05 0)
(0.0009199579639694413 2.387568870367465e-05 0)
(0.0009800702784960075 1.890796872675635e-05 0)
(0.0009973564989755467 5.346214207436403e-06 0)
(0.0009347712305461059 -1.998191603495736e-05 0)
(0.0007528820732243839 -5.809136790447722e-05 0)
(0.0004526264877609627 -9.792398623599179e-05 0)
(0.0001049107517307656 -0.0001026745771616552 0)
)
;

boundaryField
{
    hotWall
    {
        type            noSlip;
    }
    coldWall
    {
        type            noSlip;
    }
    adiabaticWalls
    {
        type            noSlip;
    }
    frontAndBack
    {
        type            empty;
    }
}


// ************************************************************************* //
