/*--------------------------------*- C++ -*----------------------------------*\
| =========                 |                                                 |
| \\      /  F ield         | OpenFOAM: The Open Source CFD Toolbox           |
|  \\    /   O peration     | Version:  2606                                  |
|   \\  /    A nd           | Website:  www.openfoam.com                      |
|    \\/     M anipulation  |                                                 |
\*---------------------------------------------------------------------------*/
FoamFile
{
    version     2.0;
    format      ascii;
    arch        "LSB;label=32;scalar=64";
    class       volVectorField;
    location    "0.575";
    object      U;
}
// * * * * * * * * * * * * * * * * * * * * * * * * * * * * * * * * * * * * * //

dimensions      [0 1 -1 0 0 0 0];

internalField   nonuniform List<vector> 
4800
(
(0.0018897101 0.00015947721 0)
(0.0068396718 0.0009556443 0)
(0.011237862 -0.0010180102 0)
(0.018814486 -0.0040192785 0)
(0.027675997 -0.0059993533 0)
(0.037293545 -0.0070230169 0)
(0.047379444 -0.0072976395 0)
(0.057658591 -0.0070457912 0)
(0.067818745 -0.0063875472 0)
(0.077560448 -0.0055203315 0)
(0.08667159 -0.0045604314 0)
(0.095011676 -0.0036335116 0)
(0.10257961 -0.0028992387 0)
(0.10954313 -0.0024695631 0)
(0.11616152 -0.0022957858 0)
(0.12262719 -0.0022914022 0)
(0.12905945 -0.002376092 0)
(0.13552665 -0.0024837855 0)
(0.14204523 -0.0025772896 0)
(0.14859927 -0.0026496105 0)
(0.15518082 -0.0027089065 0)
(0.16178863 -0.0027645186 0)
(0.16843746 -0.0028262045 0)
(0.17515311 -0.0028933331 0)
(0.18196175 -0.0029596324 0)
(0.18888192 -0.0030141977 0)
(0.19592163 -0.0030503907 0)
(0.20308793 -0.0030658907 0)
(0.21038572 -0.0030612542 0)
(0.21781191 -0.0030396014 0)
(0.22535367 -0.0030074081 0)
(0.23299811 -0.002975969 0)
(0.24073779 -0.0029533605 0)
(0.24856739 -0.0029492537 0)
(0.25648557 -0.0029653518 0)
(0.26449611 -0.0030040725 0)
(0.27259932 -0.0030580309 0)
(0.28078847 -0.0031118554 0)
(0.28903673 -0.003149433 0)
(0.29730303 -0.0031603103 0)
(0.30554527 -0.0031406302 0)
(0.31372689 -0.0030935928 0)
(0.32182151 -0.0030287544 0)
(0.32981466 -0.0029596137 0)
(0.33770865 -0.0028982095 0)
(0.34551442 -0.0028510997 0)
(0.35324834 -0.0028195379 0)
(0.36092649 -0.0028004323 0)
(0.36856007 -0.0027882702 0)
(0.37615484 -0.0027774492 0)
(0.38371208 -0.002763365 0)
(0.3912301 -0.0027425716 0)
(0.39870519 -0.0027131663 0)
(0.40613541 -0.0026749236 0)
(0.4135182 -0.0026303972 0)
(0.42086124 -0.0025849788 0)
(0.42817422 -0.0025447463 0)
(0.43547427 -0.0025156018 0)
(0.44278168 -0.0025014456 0)
(0.4501143 -0.0025023407 0)
(0.45748492 -0.0025148473 0)
(0.46489757 -0.0025324043 0)
(0.47234343 -0.0025462511 0)
(0.47980083 -0.0025468604 0)
(0.48723908 -0.0025269063 0)
(0.49462324 -0.0024828699 0)
(0.50192025 -0.0024158981 0)
(0.509105 -0.0023320469 0)
(0.51616475 -0.0022417166 0)
(0.52310136 -0.0021594913 0)
(0.52993256 -0.0020995238 0)
(0.53668873 -0.0020713319 0)
(0.54340759 -0.0020772761 0)
(0.55012543 -0.0021143114 0)
(0.55686831 -0.0021717244 0)
(0.56364949 -0.0022344034 0)
(0.57045249 -0.002278298 0)
(0.57722496 -0.0022912996 0)
(0.58393489 -0.0023159429 0)
(0.5906494 -0.0023926095 0)
(0.59741005 -0.0024424291 0)
(0.60403735 -0.0023485187 0)
(0.61030916 -0.0021715949 0)
(0.61620323 -0.0019995924 0)
(0.62188933 -0.0019457975 0)
(0.62767055 -0.0020643473 0)
(0.6337537 -0.0022409405 0)
(0.64014227 -0.0024101481 0)
(0.64680124 -0.0025485368 0)
(0.65370031 -0.0026319428 0)
(0.6607575 -0.0026369016 0)
(0.66784208 -0.0025620237 0)
(0.67484621 -0.0024557349 0)
(0.68177066 -0.0024040346 0)
(0.68874159 -0.002473572 0)
(0.69592826 -0.0026657113 0)
(0.70343556 -0.0029238103 0)
(0.71125494 -0.0031737079 0)
(0.7192773 -0.0033538221 0)
(0.72732634 -0.0034284267 0)
(0.73521337 -0.0034021839 0)
(0.74282141 -0.0033145398 0)
(0.75011455 -0.0031838692 0)
(0.75701593 -0.0029799743 0)
(0.76336679 -0.0027067571 0)
(0.76914528 -0.002450622 0)
(0.77455501 -0.0022542368 0)
(0.77972722 -0.0020555147 0)
(0.78457892 -0.0018201946 0)
(0.78905375 -0.0015724479 0)
(0.79316603 -0.0012916681 0)
(0.79686414 -0.00097477033 0)
(0.80015565 -0.00069760194 0)
(0.80336036 -0.00059164969 0)
(0.80694955 -0.00064197537 0)
(0.81106792 -0.00071352851 0)
(0.81558575 -0.00077048596 0)
(0.82042674 -0.00081709837 0)
(0.82559608 -0.00086698125 0)
(0.83108543 -0.00090492089 0)
(0.83679097 -0.0008930426 0)
(0.84252515 -0.00082357826 0)
(0.84815649 -0.00074638759 0)
(0.85372302 -0.00071716629 0)
(0.85934519 -0.00073042546 0)
(0.86504083 -0.00073451222 0)
(0.87068762 -0.00070390268 0)
(0.8761805 -0.00068658015 0)
(0.88162437 -0.00078737838 0)
(0.88739775 -0.0011024019 0)
(0.89403672 -0.0016493511 0)
(0.90198378 -0.0023367228 0)
(0.91130748 -0.0029952729 0)
(0.92157801 -0.003471256 0)
(0.93200764 -0.0037087332 0)
(0.94168041 -0.0037383707 0)
(0.94973589 -0.0036319687 0)
(0.95570835 -0.0034883557 0)
(0.95988065 -0.0033882351 0)
(0.96296564 -0.0033390653 0)
(0.96549802 -0.003312762 0)
(0.96764351 -0.0032729511 0)
(0.96935965 -0.0032080637 0)
(0.97088548 -0.0031663758 0)
(0.97277485 -0.0031703347 0)
(0.97527917 -0.0031894398 0)
(0.9783037 -0.0032163877 0)
(0.98182261 -0.0032559589 0)
(0.98588303 -0.0032964131 0)
(0.99044244 -0.0033220694 0)
(0.99536503 -0.0033225674 0)
(1.0004764 -0.0032946154 0)
(1.005602 -0.003239989 0)
(1.0105999 -0.0031600855 0)
(1.0154471 -0.0030532381 0)
(1.0202607 -0.0029304183 0)
(1.0249929 -0.0028281859 0)
(1.0293092 -0.0027339233 0)
(1.0333391 -0.0025537581 0)
(1.0376974 -0.0022906582 0)
(1.0425588 -0.0019792758 0)
(1.0475729 -0.0016438011 0)
(1.0520799 -0.0012858626 0)
(1.0559986 -0.00091048457 0)
(1.0602266 -0.00054187003 0)
(1.0657418 -0.0002054976 0)
(1.0729347 8.4660673e-05 0)
(1.0814241 0.00032761842 0)
(1.0891582 0.00055142454 0)
(1.0937019 0.00079682598 0)
(1.0961908 0.0010306261 0)
(1.1002147 0.0011721502 0)
(1.1066253 0.0012054445 0)
(1.1144763 0.0011531798 0)
(1.1229096 0.0010304269 0)
(1.1314294 0.00084431502 0)
(1.139667 0.00060321423 0)
(1.1469536 0.00032542583 0)
(1.151308 5.3506736e-05 0)
(1.1520668 -0.0002335866 0)
(1.1530509 -0.00059472666 0)
(1.1573542 -0.001036233 0)
(1.1641322 -0.0015254653 0)
(1.1720167 -0.0020490428 0)
(1.179942 -0.0026207808 0)
(1.1867422 -0.0032458437 0)
(1.1924451 -0.0039291592 0)
(1.1982042 -0.0046423142 0)
(1.204453 -0.0053402878 0)
(1.2108792 -0.0059782579 0)
(1.2172576 -0.0065099007 0)
(1.2235698 -0.0069028369 0)
(1.2298052 -0.0071477835 0)
(1.2355223 -0.0072603768 0)
(1.2389514 -0.0072465666 0)
(1.2395905 -0.0071420686 0)
(1.2408356 -0.0070462655 0)
(1.2449398 -0.0069919397 0)
(1.2510073 -0.0069555231 0)
(1.2582253 -0.006942975 0)
(1.2664143 -0.0069899222 0)
(1.2755347 -0.0071355768 0)
(1.2852906 -0.0073787913 0)
(1.2955148 -0.0076623495 0)
(1.3061682 -0.0078698824 0)
(1.3169288 -0.0078593494 0)
(1.3269884 -0.0075140042 0)
(1.3348526 -0.0068454245 0)
(1.3408642 -0.006068952 0)
(1.3478908 -0.0054605085 0)
(1.3581499 -0.0049680232 0)
(1.3730517 -0.0041388345 0)
(1.3961268 -0.0026626191 0)
(1.4218214 -0.00051043964 0)
(1.4267064 0.012035317 0)
(1.3944501 0.08510014 0)
(1.2865895 0.17115094 0)
(1.0181899 0.12953241 0)
(0.7501037 0.048197799 0)
(0.61460905 0.027863498 0)
(0.51739133 0.031474716 0)
(0.43161188 0.032172532 0)
(0.35913079 0.029267889 0)
(0.29850381 0.025373795 0)
(0.24809873 0.021523283 0)
(0.20638285 0.018059002 0)
(0.17185938 0.015084303 0)
(0.14322815 0.012594257 0)
(0.1193986 0.010538746 0)
(0.099470697 0.0088547773 0)
(0.082708744 0.0074812408 0)
(0.068513007 0.0063646383 0)
(0.056393493 0.0054605649 0)
(0.045947355 0.0047332336 0)
(0.036839917 0.0041542265 0)
(0.028789294 0.0037012822 0)
(0.021554317 0.0033573094 0)
(0.01492413 0.0031094487 0)
(0.0087220825 0.0029463135 0)
(0.0028062592 0.0028147784 0)
(0.0052379684 -0.0086425363 0)
(0.016824024 -0.010270116 0)
(0.027800319 -0.010948064 0)
(0.037404405 -0.012346046 0)
(0.045126103 -0.013408227 0)
(0.051050246 -0.014024392 0)
(0.055646446 -0.014336898 0)
(0.05970056 -0.014524967 0)
(0.063966565 -0.014460786 0)
(0.068685477 -0.014169106 0)
(0.073856062 -0.013612354 0)
(0.079396564 -0.012871894 0)
(0.08518435 -0.012160615 0)
(0.091562743 -0.011641529 0)
(0.098444992 -0.011318191 0)
(0.10579144 -0.011139842 0)
(0.11350738 -0.011057429 0)
(0.12149798 -0.011019878 0)
(0.12966415 -0.01099192 0)
(0.13792935 -0.010964429 0)
(0.14622992 -0.010944094 0)
(0.15453061 -0.010942407 0)
(0.16281777 -0.010979684 0)
(0.17107452 -0.011064677 0)
(0.17928082 -0.01119639 0)
(0.18743159 -0.011368443 0)
(0.19552509 -0.011578062 0)
(0.20354976 -0.01182298 0)
(0.21148784 -0.012092668 0)
(0.21932506 -0.012365031 0)
(0.22706006 -0.01262003 0)
(0.23470286 -0.012852117 0)
(0.24226329 -0.013059142 0)
(0.24978956 -0.013246155 0)
(0.25735585 -0.013403664 0)
(0.26492796 -0.013544127 0)
(0.27252715 -0.013668989 0)
(0.28017811 -0.013764853 0)
(0.28787142 -0.013815427 0)
(0.29555183 -0.013813692 0)
(0.30314999 -0.013761613 0)
(0.31060807 -0.013666706 0)
(0.31789065 -0.013540992 0)
(0.32498917 -0.013399923 0)
(0.33191359 -0.01325838 0)
(0.33868941 -0.013127319 0)
(0.34534283 -0.013012552 0)
(0.35189727 -0.012914697 0)
(0.35837436 -0.012830712 0)
(0.36479194 -0.012756332 0)
(0.3711623 -0.012687797 0)
(0.37749215 -0.012622502 0)
(0.38378542 -0.012559858 0)
(0.39004483 -0.012501359 0)
(0.39628597 -0.012451422 0)
(0.40252487 -0.012416915 0)
(0.4087964 -0.01240406 0)
(0.41513827 -0.012417352 0)
(0.42158291 -0.012457028 0)
(0.42815188 -0.012517386 0)
(0.43484833 -0.012587512 0)
(0.44166005 -0.012652223 0)
(0.44856979 -0.01269443 0)
(0.45556367 -0.012698555 0)
(0.46263659 -0.012655677 0)
(0.46979655 -0.012565568 0)
(0.47706657 -0.012435961 0)
(0.48447975 -0.012280571 0)
(0.49206643 -0.012115782 0)
(0.49983307 -0.01195528 0)
(0.50773595 -0.011813578 0)
(0.51567925 -0.011703851 0)
(0.523537 -0.011630807 0)
(0.53118318 -0.011587779 0)
(0.53853826 -0.011574343 0)
(0.54560803 -0.011571944 0)
(0.55243736 -0.011526958 0)
(0.55896921 -0.011418199 0)
(0.56514454 -0.011334495 0)
(0.57115483 -0.011336796 0)
(0.57723487 -0.011244636 0)
(0.58315861 -0.01085262 0)
(0.58861783 -0.010325579 0)
(0.59355445 -0.0098657986 0)
(0.59808658 -0.0097008208 0)
(0.60262908 -0.0099162385 0)
(0.60744308 -0.010277051 0)
(0.61252626 -0.010669251 0)
(0.61798415 -0.01105527 0)
(0.62397971 -0.011379859 0)
(0.6305313 -0.011578215 0)
(0.63743758 -0.011627377 0)
(0.64438099 -0.011601156 0)
(0.6511468 -0.011641222 0)
(0.65775388 -0.011848132 0)
(0.66438375 -0.012203139 0)
(0.6712087 -0.012592362 0)
(0.67829643 -0.012882186 0)
(0.68560727 -0.012966059 0)
(0.69298861 -0.012790424 0)
(0.70022624 -0.012398367 0)
(0.70724672 -0.01190727 0)
(0.71419846 -0.011345915 0)
(0.72102825 -0.010606879 0)
(0.72731599 -0.0097320218 0)
(0.73294926 -0.0090254931 0)
(0.73844135 -0.0085987668 0)
(0.74405956 -0.0082040436 0)
(0.74951549 -0.0077230845 0)
(0.75476408 -0.0072466482 0)
(0.75989633 -0.0067214662 0)
(0.76461712 -0.006170606 0)
(0.76858661 -0.0058642351 0)
(0.77230383 -0.0061899829 0)
(0.77674491 -0.0070048618 0)
(0.7820069 -0.0078248349 0)
(0.78766298 -0.0085407489 0)
(0.79354865 -0.0091793187 0)
(0.79973096 -0.009788192 0)
(0.80631875 -0.010312607 0)
(0.81317261 -0.010620954 0)
(0.81986533 -0.010676724 0)
(0.82606536 -0.010630779 0)
(0.83189619 -0.010660229 0)
(0.83771532 -0.010744494 0)
(0.84353717 -0.010713212 0)
(0.84883426 -0.010493327 0)
(0.85290322 -0.010265102 0)
(0.85542796 -0.010399421 0)
(0.8568476 -0.011235948 0)
(0.858318 -0.012845058 0)
(0.86126761 -0.014885425 0)
(0.86672298 -0.016667311 0)
(0.87477791 -0.017460379 0)
(0.88444334 -0.01680013 0)
(0.89351744 -0.014538538 0)
(0.89869421 -0.01096487 0)
(0.89794301 -0.007108447 0)
(0.89357123 -0.0042141191 0)
(0.88918526 -0.0024842268 0)
(0.88581783 -0.0014782193 0)
(0.88347798 -0.00069586404 0)
(0.88262479 -8.853595e-05 0)
(0.88335882 -0.00027036387 0)
(0.88521755 -0.0011978735 0)
(0.88655689 -0.0022218152 0)
(0.88572015 -0.0032061514 0)
(0.8831176 -0.004238382 0)
(0.88050083 -0.0052591867 0)
(0.87895711 -0.0061346027 0)
(0.87860347 -0.0067427799 0)
(0.87920389 -0.0070231141 0)
(0.88027522 -0.0069843502 0)
(0.88114017 -0.0067755239 0)
(0.88198671 -0.0067404425 0)
(0.88374222 -0.0069302478 0)
(0.88234085 -0.0061009212 0)
(0.86537551 -0.0025385852 0)
(0.82393636 -0.00092667913 0)
(0.8470638 -0.0087747275 0)
(0.90670308 -0.011826471 0)
(0.9644737 -0.010431926 0)
(1.0169782 -0.0075356673 0)
(1.0628955 -0.006003898 0)
(1.1004498 -0.0066805958 0)
(1.1293454 -0.0084837416 0)
(1.1494617 -0.010456515 0)
(1.1606174 -0.011086729 0)
(1.163869 -0.0079885125 0)
(1.1614375 -0.0037843246 0)
(1.1550192 -0.0049016369 0)
(1.1480104 -0.0096286961 0)
(1.1467033 -0.016132037 0)
(1.1576882 -0.021035488 0)
(1.1851717 -0.023772258 0)
(1.2310027 -0.024682944 0)
(1.2962376 -0.023726017 0)
(1.3808482 -0.019644133 0)
(1.4847592 -0.010642443 0)
(1.6043663 -0.0066612672 0)
(1.7314529 -0.010580311 0)
(1.8600968 -0.014883308 0)
(1.9840544 -0.015190919 0)
(2.0948336 -0.011308154 0)
(2.1831763 -0.0058457412 0)
(2.2422743 0.00043870668 0)
(2.2678342 0.0068260928 0)
(2.2497311 0.010622194 0)
(2.1801253 0.013205862 0)
(2.0590587 0.014765516 0)
(1.8948112 0.014009087 0)
(1.703967 0.010456478 0)
(1.510045 0.006388123 0)
(1.3361456 0.0040010409 0)
(1.1966832 0.0057904156 0)
(1.0955632 0.0059623473 0)
(1.0327746 0.0012946591 0)
(1.0102409 -0.0039798685 0)
(1.0267914 -0.0084819626 0)
(1.0735159 -0.010741276 0)
(1.1364594 -0.010476219 0)
(1.1979002 -0.0090705655 0)
(1.242506 -0.0074252641 0)
(1.2623587 -0.0067853684 0)
(1.2603076 -0.0086032248 0)
(1.2516624 -0.013399329 0)
(1.2592881 -0.015774771 0)
(1.3015181 -0.014082537 0)
(1.3790795 -0.016587312 0)
(1.469995 -0.018090078 0)
(1.5442319 -0.022033645 0)
(1.5849092 -0.042410305 0)
(1.6943126 -0.073920381 0)
(1.8020051 -0.071994006 0)
(1.8538845 -0.025204736 0)
(1.8893691 0.07642169 0)
(1.8597241 0.30299572 0)
(1.5948454 0.39881235 0)
(1.1988862 0.33764074 0)
(0.89142077 0.23799271 0)
(0.68366145 0.17658893 0)
(0.53430694 0.14079998 0)
(0.42396983 0.11404414 0)
(0.34033315 0.092285731 0)
(0.27567338 0.074797086 0)
(0.22495264 0.060858667 0)
(0.18462391 0.049766717 0)
(0.15217216 0.040934169 0)
(0.12577629 0.033886414 0)
(0.1040894 0.02824772 0)
(0.086097759 0.023725456 0)
(0.071025738 0.020093967 0)
(0.058269993 0.01718019 0)
(0.047352851 0.014851661 0)
(0.037889015 0.013007104 0)
(0.029561713 0.011569574 0)
(0.022104997 0.010481366 0)
(0.015288343 0.0096999168 0)
(0.0089274571 0.0091891719 0)
(0.0028229066 0.0086302203 0)
(-0.021197218 -0.013395732 0)
(-0.039912737 -0.016516885 0)
(-0.030139013 -0.024048228 0)
(-0.024691085 -0.022262923 0)
(-0.015065006 -0.020053228 0)
(-0.0053234725 -0.017257112 0)
(0.00097303934 -0.01488605 0)
(0.0041658622 -0.01410756 0)
(0.0060987813 -0.014106248 0)
(0.0074663495 -0.01428427 0)
(0.0069794005 -0.014063923 0)
(0.0038588102 -0.013234668 0)
(-0.0075383838 -0.013350069 0)
(0.002326743 -0.017244432 0)
(-0.00020089765 -0.017611268 0)
(0.0060092108 -0.01851237 0)
(0.01619635 -0.019337831 0)
(0.029379348 -0.019912761 0)
(0.044666982 -0.020210466 0)
(0.062543766 -0.020220004 0)
(0.080954239 -0.020017539 0)
(0.099283036 -0.019745748 0)
(0.1164249 -0.019426656 0)
(0.13149107 -0.019009229 0)
(0.14388942 -0.018436712 0)
(0.15294377 -0.017799875 0)
(0.15845583 -0.017101377 0)
(0.16024378 -0.016451824 0)
(0.15871438 -0.01584136 0)
(0.15487605 -0.015212764 0)
(0.14997372 -0.014864303 0)
(0.14477135 -0.015098128 0)
(0.1398755 -0.015905551 0)
(0.13759629 -0.01733675 0)
(0.13999912 -0.018189998 0)
(0.14447879 -0.01886775 0)
(0.15036557 -0.019478053 0)
(0.15745414 -0.01974926 0)
(0.16454462 -0.0195709 0)
(0.17073125 -0.019233038 0)
(0.17518319 -0.018974949 0)
(0.17772006 -0.018775201 0)
(0.17871766 -0.01850816 0)
(0.17906873 -0.018140756 0)
(0.17889344 -0.017746325 0)
(0.1786382 -0.017434007 0)
(0.17836067 -0.017217836 0)
(0.17809142 -0.017065847 0)
(0.17805462 -0.016946449 0)
(0.17844032 -0.016831163 0)
(0.17932669 -0.016704093 0)
(0.18074685 -0.016571441 0)
(0.1828327 -0.016473929 0)
(0.18572542 -0.016470677 0)
(0.19014301 -0.016576602 0)
(0.19572199 -0.01675389 0)
(0.203244 -0.016964737 0)
(0.21231674 -0.0171628 0)
(0.22266143 -0.017301705 0)
(0.23395756 -0.01736159 0)
(0.24562056 -0.017309965 0)
(0.25743444 -0.017134744 0)
(0.26968997 -0.016861327 0)
(0.28294497 -0.016554306 0)
(0.29799692 -0.016321025 0)
(0.31600103 -0.016296258 0)
(0.33839678 -0.016537505 0)
(0.36621144 -0.016937274 0)
(0.39893418 -0.017090869 0)
(0.43333388 -0.016293932 0)
(0.46305855 -0.01480791 0)
(0.48188208 -0.013485564 0)
(0.48634241 -0.012995313 0)
(0.47733598 -0.013412994 0)
(0.46084576 -0.015735322 0)
(0.4454069 -0.018783826 0)
(0.43645156 -0.020306746 0)
(0.43153405 -0.019899669 0)
(0.42841289 -0.018233615 0)
(0.4262843 -0.016396675 0)
(0.42628455 -0.014229086 0)
(0.42769513 -0.012251538 0)
(0.42951955 -0.010978185 0)
(0.43208037 -0.009924075 0)
(0.43556136 -0.0096432428 0)
(0.43968908 -0.010301678 0)
(0.44418855 -0.010980638 0)
(0.44895605 -0.011851191 0)
(0.45391943 -0.012933116 0)
(0.45896357 -0.014091155 0)
(0.46410792 -0.014973538 0)
(0.46930694 -0.015274053 0)
(0.47449264 -0.015038169 0)
(0.47958831 -0.014671918 0)
(0.48448377 -0.014600788 0)
(0.48915002 -0.01494171 0)
(0.49350802 -0.015553437 0)
(0.49764254 -0.01618088 0)
(0.50174285 -0.016576265 0)
(0.50602217 -0.016554593 0)
(0.51064037 -0.016214689 0)
(0.51566031 -0.015945249 0)
(0.52109899 -0.015737548 0)
(0.52712837 -0.014944922 0)
(0.53381896 -0.013619012 0)
(0.54095562 -0.012880136 0)
(0.54832448 -0.01288631 0)
(0.55593878 -0.012619253 0)
(0.56380387 -0.012054281 0)
(0.57169889 -0.011688094 0)
(0.57956462 -0.010864845 0)
(0.58751648 -0.0094220176 0)
(0.59553654 -0.00818996 0)
(0.60338208 -0.0086956652 0)
(0.61088354 -0.010219679 0)
(0.61835871 -0.011227554 0)
(0.62617186 -0.012080718 0)
(0.63440954 -0.012929785 0)
(0.64302684 -0.014006951 0)
(0.65190273 -0.015071611 0)
(0.66082061 -0.015522494 0)
(0.66937531 -0.015145037 0)
(0.67710354 -0.014538316 0)
(0.68335069 -0.014382649 0)
(0.68723242 -0.01439172 0)
(0.68800116 -0.01353083 0)
(0.68509333 -0.011114672 0)
(0.67880395 -0.0075733019 0)
(0.66959613 -0.0048519743 0)
(0.65829693 -0.004080019 0)
(0.64517899 -0.0057208374 0)
(0.62982032 -0.009408577 0)
(0.6120165 -0.013679751 0)
(0.59211912 -0.016756217 0)
(0.57044693 -0.017065965 0)
(0.54758473 -0.01284064 0)
(0.52501833 -0.0042903953 0)
(0.50479083 0.0029978644 0)
(0.48736613 0.0052197603 0)
(0.46931075 0.0046028191 0)
(0.45154902 0.0027730162 0)
(0.43491425 0.0006643788 0)
(0.41904267 -0.001567477 0)
(0.4041338 -0.0037916744 0)
(0.39042741 -0.0040803253 0)
(0.37836538 -0.0010660355 0)
(0.36897555 0.0020940793 0)
(0.36308274 0.0033775417 0)
(0.36085358 0.0026936565 0)
(0.36143301 0.00065638893 0)
(0.36518866 -0.0014881633 0)
(0.37277162 -0.0029730455 0)
(0.38425628 -0.0034302921 0)
(0.39910817 -0.0038140094 0)
(0.41622785 -0.0055473872 0)
(0.43488087 -0.0034046351 0)
(0.45591609 0.019177581 0)
(0.47933902 0.0434762 0)
(0.51442681 -0.001157396 0)
(0.55097455 -0.069056819 0)
(0.58294124 -0.10286379 0)
(0.61917641 -0.10512252 0)
(0.66243807 -0.096211418 0)
(0.70921335 -0.085580725 0)
(0.75576324 -0.073882958 0)
(0.79928203 -0.060287289 0)
(0.83735347 -0.044719195 0)
(0.86838505 -0.027641907 0)
(0.8923408 -0.010456327 0)
(0.91060311 0.0033626115 0)
(0.92401567 0.0090211781 0)
(0.93269075 0.0050655851 0)
(0.93796338 -0.0070583826 0)
(0.94386715 -0.025726826 0)
(0.95722052 -0.050919351 0)
(0.9870719 -0.081976121 0)
(1.0421139 -0.11727121 0)
(1.1266186 -0.15379195 0)
(1.2391888 -0.18676706 0)
(1.3740561 -0.21205687 0)
(1.5226829 -0.22708142 0)
(1.6757066 -0.23006364 0)
(1.8254046 -0.22022126 0)
(1.9662165 -0.19724762 0)
(2.0944252 -0.16095468 0)
(2.2061547 -0.11073733 0)
(2.2955526 -0.04504948 0)
(2.3592638 0.03282304 0)
(2.3877746 0.11821713 0)
(2.370692 0.20291011 0)
(2.2980555 0.27285222 0)
(2.1679049 0.31258045 0)
(1.9927171 0.31240369 0)
(1.7996474 0.27470762 0)
(1.6225042 0.21333546 0)
(1.4888274 0.14245798 0)
(1.4102404 0.068356024 0)
(1.3841156 -0.0056457787 0)
(1.400994 -0.070609118 0)
(1.4439493 -0.11308671 0)
(1.4954989 -0.12711483 0)
(1.5432194 -0.1132293 0)
(1.5777251 -0.078516889 0)
(1.5900953 -0.036786474 0)
(1.5743333 -0.0051881092 0)
(1.5323933 -0.0055887029 0)
(1.4776871 -0.045687298 0)
(1.4383634 -0.10494688 0)
(1.4372804 -0.15475331 0)
(1.4874559 -0.16101751 0)
(1.5621289 -0.12428473 0)
(1.6239548 -0.11880533 0)
(1.6277841 -0.19485643 0)
(1.7055276 -0.17068355 0)
(1.7687997 -0.078252817 0)
(1.7987643 0.060259185 0)
(1.7446092 0.43612337 0)
(1.4046746 0.68816643 0)
(1.0348308 0.67325356 0)
(0.78691992 0.50981432 0)
(0.60447953 0.36379946 0)
(0.47062935 0.27079012 0)
(0.37389016 0.20862099 0)
(0.30143201 0.16338998 0)
(0.24567278 0.12955568 0)
(0.20187121 0.10386062 0)
(0.16684083 0.084085862 0)
(0.13842103 0.068697138 0)
(0.11509144 0.056609294 0)
(0.095745321 0.047041388 0)
(0.07955356 0.039424284 0)
(0.065879341 0.033338897 0)
(0.054222419 0.028473733 0)
(0.044181496 0.024595455 0)
(0.035428374 0.021528648 0)
(0.027689541 0.01914179 0)
(0.020732269 0.017337134 0)
(0.014352208 0.016043384 0)
(0.0083892375 0.015203042 0)
(0.0026531108 0.01427092 0)
(0.0061456968 0.028889255 0)
(0.02436704 -0.0040037029 0)
(0.039022353 -0.022840412 0)
(0.031519267 -0.024455719 0)
(0.018671903 -0.027716545 0)
(0.0052501093 -0.026153751 0)
(-0.011727197 -0.020914551 0)
(-0.025681713 -0.016539484 0)
(-0.03629132 -0.015527849 0)
(-0.042840479 -0.013589008 0)
(-0.04480801 -0.009749743 0)
(-0.04103321 -0.00520966 0)
(-0.033653559 -0.0062392929 0)
(-0.026904516 -0.011793458 0)
(-0.019795047 -0.016197363 0)
(-0.010802293 -0.0220724 0)
(-0.00042083847 -0.027815753 0)
(0.011965511 -0.033552279 0)
(0.026595956 -0.038627057 0)
(0.043247934 -0.042032661 0)
(0.061138999 -0.043390643 0)
(0.079030122 -0.043012871 0)
(0.09580597 -0.040957151 0)
(0.11109485 -0.037580952 0)
(0.12480556 -0.033317314 0)
(0.13639713 -0.028248737 0)
(0.14479764 -0.02228796 0)
(0.14907635 -0.016363666 0)
(0.14957005 -0.011919903 0)
(0.14681671 -0.0098688601 0)
(0.14168843 -0.0089863293 0)
(0.13581837 -0.0085224035 0)
(0.13198805 -0.0096387144 0)
(0.13247904 -0.013922489 0)
(0.13684156 -0.017369229 0)
(0.14186902 -0.019996732 0)
(0.14536672 -0.022241262 0)
(0.14580297 -0.024256672 0)
(0.1440639 -0.024218513 0)
(0.14014852 -0.021637692 0)
(0.13486844 -0.017243456 0)
(0.12943834 -0.013075477 0)
(0.12484208 -0.010541574 0)
(0.12126031 -0.0093393906 0)
(0.11820394 -0.0087792074 0)
(0.11510281 -0.0084206108 0)
(0.11178444 -0.0081856536 0)
(0.10845845 -0.0082248992 0)
(0.10530164 -0.0086382758 0)
(0.10245045 -0.0093550952 0)
(0.099903425 -0.010283395 0)
(0.097513614 -0.011409868 0)
(0.095131845 -0.012808536 0)
(0.092449841 -0.014573069 0)
(0.089242677 -0.016525887 0)
(0.085272069 -0.018811578 0)
(0.080482872 -0.021263941 0)
(0.07476284 -0.023858725 0)
(0.068092714 -0.026298989 0)
(0.060845933 -0.028079855 0)
(0.053529407 -0.02933566 0)
(0.046767601 -0.030817011 0)
(0.041699606 -0.033078051 0)
(0.039717939 -0.036503245 0)
(0.042530188 -0.041718584 0)
(0.052209424 -0.049551538 0)
(0.070448423 -0.060140435 0)
(0.097522181 -0.071720213 0)
(0.13199215 -0.080288963 0)
(0.17039024 -0.079940746 0)
(0.20582451 -0.0671314 0)
(0.22981948 -0.043179441 0)
(0.23598736 -0.013273219 0)
(0.21715019 0.010384295 0)
(0.17314378 0.019221786 0)
(0.1111131 0.015782687 0)
(0.044379555 0.012715746 0)
(-0.027342023 0.0094755604 0)
(-0.066969467 0.0049131903 0)
(-0.096560818 -0.0029055187 0)
(-0.11005054 -0.0095652502 0)
(-0.11690494 -0.014151152 0)
(-0.11984934 -0.016859862 0)
(-0.1200802 -0.018539815 0)
(-0.11875648 -0.01980893 0)
(-0.11662476 -0.020867068 0)
(-0.11408079 -0.021736113 0)
(-0.11127901 -0.022489918 0)
(-0.10828867 -0.023151245 0)
(-0.1051684 -0.023736208 0)
(-0.10187113 -0.024035273 0)
(-0.098365783 -0.024051661 0)
(-0.094563828 -0.02388164 0)
(-0.090441977 -0.023687335 0)
(-0.086103648 -0.023583054 0)
(-0.081542255 -0.023522143 0)
(-0.076869793 -0.023657806 0)
(-0.072221435 -0.023922886 0)
(-0.067553583 -0.024204474 0)
(-0.062727078 -0.024433672 0)
(-0.057749185 -0.024597955 0)
(-0.052667024 -0.024761222 0)
(-0.047626075 -0.024914882 0)
(-0.042521289 -0.024823299 0)
(-0.037338455 -0.024515292 0)
(-0.032229109 -0.024217118 0)
(-0.027342762 -0.02398319 0)
(-0.022644839 -0.023648021 0)
(-0.017942486 -0.023039703 0)
(-0.013582191 -0.022438177 0)
(-0.0091425618 -0.02173529 0)
(-0.0046032841 -0.02108284 0)
(0.00041071032 -0.020752891 0)
(0.0057672107 -0.021003936 0)
(0.010855699 -0.02192944 0)
(0.016266156 -0.022986121 0)
(0.021727865 -0.024013243 0)
(0.027091503 -0.024937593 0)
(0.032098807 -0.025596476 0)
(0.037046398 -0.025597716 0)
(0.041773812 -0.024546 0)
(0.045831914 -0.02251098 0)
(0.049637716 -0.019424488 0)
(0.05290327 -0.01536907 0)
(0.055159847 -0.010615543 0)
(0.057121605 -0.0051795594 0)
(0.058226737 0.0001132833 0)
(0.059350374 0.0049387045 0)
(0.060500839 0.0088255778 0)
(0.061291856 0.011740999 0)
(0.061089638 0.013569916 0)
(0.059212006 0.014786635 0)
(0.05569198 0.016005596 0)
(0.050451824 0.017446947 0)
(0.043778089 0.019180191 0)
(0.037727756 0.021702819 0)
(0.032329037 0.024706011 0)
(0.027332651 0.027484009 0)
(0.022426684 0.029648485 0)
(0.017334777 0.03057415 0)
(0.012628301 0.02999675 0)
(0.0085696959 0.028130052 0)
(0.005533016 0.025313054 0)
(0.0037767276 0.021413479 0)
(0.0037984267 0.01658473 0)
(0.0059228454 0.011158757 0)
(0.010095656 0.0053729535 0)
(0.016166111 -0.00082129283 0)
(0.0237353 -0.0080845413 0)
(0.032059472 -0.015592888 0)
(0.041145574 -0.022595181 0)
(0.050671 -0.029214409 0)
(0.061086092 -0.034734782 0)
(0.07211422 -0.038942482 0)
(0.083601297 -0.041841392 0)
(0.097289167 -0.043160423 0)
(0.11903932 -0.043340045 0)
(0.15001472 -0.048082619 0)
(0.17957573 -0.063481237 0)
(0.19808682 -0.083846925 0)
(0.21045211 -0.098955193 0)
(0.22455962 -0.10722497 0)
(0.24373024 -0.10966159 0)
(0.26638937 -0.10677268 0)
(0.28943784 -0.099307812 0)
(0.31067385 -0.088006898 0)
(0.32832511 -0.073863851 0)
(0.3410391 -0.058184024 0)
(0.3477306 -0.042632033 0)
(0.34843514 -0.028933404 0)
(0.34409215 -0.018099846 0)
(0.34010427 -0.012704629 0)
(0.34425852 -0.018529622 0)
(0.36710336 -0.04033563 0)
(0.41803316 -0.08166868 0)
(0.49867995 -0.13767247 0)
(0.60346265 -0.19950736 0)
(0.72491378 -0.25781986 0)
(0.85701551 -0.3052012 0)
(0.99450627 -0.3381941 0)
(1.1331341 -0.35504674 0)
(1.2694512 -0.35459665 0)
(1.4002043 -0.33679561 0)
(1.5233057 -0.30255922 0)
(1.6369799 -0.25331859 0)
(1.7379964 -0.192078 0)
(1.8228257 -0.1221585 0)
(1.8939785 -0.040944415 0)
(1.9589478 0.05466431 0)
(2.0136943 0.16420189 0)
(2.0468596 0.27662314 0)
(2.0443912 0.36913685 0)
(1.998954 0.41622997 0)
(1.9200117 0.40465485 0)
(1.8313792 0.34018509 0)
(1.7583271 0.24071802 0)
(1.715368 0.12653649 0)
(1.6988085 0.017850908 0)
(1.6958109 -0.065717154 0)
(1.6958028 -0.11361288 0)
(1.6906288 -0.12461892 0)
(1.678591 -0.10328514 0)
(1.6600328 -0.054774443 0)
(1.6278069 0.0065269582 0)
(1.5641322 0.064235111 0)
(1.4566192 0.097368546 0)
(1.3492078 0.078087422 0)
(1.2737413 0.0046403631 0)
(1.2239928 -0.084920051 0)
(1.2023552 -0.14550983 0)
(1.2188796 -0.16147406 0)
(1.2740104 -0.1584749 0)
(1.292145 -0.20592457 0)
(1.3274005 -0.1740556 0)
(1.3855751 -0.067106739 0)
(1.3835629 0.15173938 0)
(1.1352805 0.72316573 0)
(0.76573192 1.0244442 0)
(0.61281765 0.92921526 0)
(0.52447011 0.68684381 0)
(0.43689773 0.49308266 0)
(0.36018421 0.36734858 0)
(0.29800453 0.28135205 0)
(0.24762588 0.21942423 0)
(0.20653254 0.17371899 0)
(0.17274408 0.13930112 0)
(0.14475039 0.11293249 0)
(0.12140404 0.092443575 0)
(0.1018166 0.076341909 0)
(0.085288337 0.063576279 0)
(0.0712595 0.053391407 0)
(0.059275925 0.045235509 0)
(0.048964043 0.038699849 0)
(0.04001265 0.033478666 0)
(0.032159321 0.029342204 0)
(0.025179654 0.026117939 0)
(0.018878462 0.023677237 0)
(0.013081246 0.021925985 0)
(0.0076515619 0.020787556 0)
(0.0024201439 0.019509955 0)
(0.017768025 -0.02838919 0)
(0.043793058 -0.040220036 0)
(0.047197989 -0.025760672 0)
(0.02680333 -0.007506812 0)
(-0.011224501 -4.3754184e-05 0)
(-0.040574698 0.0086146176 0)
(-0.067181726 0.01016463 0)
(-0.08519415 0.0058303756 0)
(-0.095991537 -0.0011409362 0)
(-0.10014256 -0.0086602689 0)
(-0.098849806 -0.015407331 0)
(-0.093427332 -0.020970566 0)
(-0.085347508 -0.026289765 0)
(-0.076784871 -0.031024879 0)
(-0.068801778 -0.034565447 0)
(-0.061018056 -0.038857872 0)
(-0.053038878 -0.044406717 0)
(-0.04481138 -0.050922518 0)
(-0.036882952 -0.056870964 0)
(-0.02997779 -0.060501466 0)
(-0.024428389 -0.060811281 0)
(-0.020318504 -0.058272463 0)
(-0.017371835 -0.054220313 0)
(-0.014543954 -0.049753349 0)
(-0.011042721 -0.044655214 0)
(-0.0066780285 -0.037967778 0)
(-0.0028040698 -0.029233742 0)
(-0.0017560704 -0.019408241 0)
(-0.0054666762 -0.010075247 0)
(-0.0138776 -0.001454364 0)
(-0.019371528 0.0032794163 0)
(-0.018446752 -0.00071494513 0)
(-0.011158065 -0.013454826 0)
(-0.00046733239 -0.026605417 0)
(0.0071018612 -0.032524461 0)
(0.0058002684 -0.030870349 0)
(-0.0068576063 -0.025609008 0)
(-0.033239621 -0.017398949 0)
(-0.062097713 -0.0092963064 0)
(-0.086526143 -0.0068049815 0)
(-0.10076992 -0.008991701 0)
(-0.10683008 -0.012158042 0)
(-0.10895288 -0.014094703 0)
(-0.10962157 -0.014871356 0)
(-0.10927664 -0.014998772 0)
(-0.10825539 -0.014883608 0)
(-0.10660933 -0.014931591 0)
(-0.10450689 -0.015301373 0)
(-0.10224039 -0.015917268 0)
(-0.10010936 -0.016551763 0)
(-0.098417139 -0.016976766 0)
(-0.097373356 -0.017142343 0)
(-0.096940653 -0.017134612 0)
(-0.096954742 -0.017038896 0)
(-0.097152094 -0.016884604 0)
(-0.097306533 -0.016607753 0)
(-0.097384318 -0.016097423 0)
(-0.097654302 -0.015255867 0)
(-0.098309308 -0.014236736 0)
(-0.099220057 -0.013472391 0)
(-0.10005357 -0.013512093 0)
(-0.10036998 -0.015071494 0)
(-0.099658015 -0.018911005 0)
(-0.097273484 -0.025963093 0)
(-0.092397797 -0.037271101 0)
(-0.084422946 -0.053172095 0)
(-0.073405228 -0.072209189 0)
(-0.060024104 -0.090228412 0)
(-0.044794518 -0.10066525 0)
(-0.028793674 -0.096476881 0)
(-0.013775127 -0.073794265 0)
(-0.0070143109 -0.035814067 0)
(-0.014313873 0.0076934982 0)
(-0.02984889 0.047195743 0)
(-0.059817885 0.077829952 0)
(-0.098109414 0.094092241 0)
(-0.12758534 0.089771532 0)
(-0.13890951 0.065375234 0)
(-0.13531866 0.038081123 0)
(-0.13455836 0.017437261 0)
(-0.1373533 0.0036373157 0)
(-0.14118423 -0.0041409882 0)
(-0.14439515 -0.0085038801 0)
(-0.14728432 -0.011340806 0)
(-0.14976974 -0.0134578 0)
(-0.15189875 -0.015222631 0)
(-0.15376979 -0.016761268 0)
(-0.1554611 -0.018147284 0)
(-0.15704973 -0.019445964 0)
(-0.15862025 -0.020637694 0)
(-0.16017121 -0.021552792 0)
(-0.16161994 -0.022157731 0)
(-0.16289437 -0.022529775 0)
(-0.16397318 -0.022818955 0)
(-0.16487086 -0.023116316 0)
(-0.16559837 -0.023437684 0)
(-0.16625195 -0.023841324 0)
(-0.16693669 -0.02424432 0)
(-0.16765051 -0.024580802 0)
(-0.16832852 -0.024835023 0)
(-0.16891714 -0.025022615 0)
(-0.16945823 -0.025143874 0)
(-0.17002385 -0.025062046 0)
(-0.1705563 -0.024683305 0)
(-0.17094015 -0.024201075 0)
(-0.17115176 -0.023843574 0)
(-0.1712528 -0.023623761 0)
(-0.17126598 -0.023315242 0)
(-0.17114369 -0.022849415 0)
(-0.17090264 -0.022404147 0)
(-0.17051045 -0.021962266 0)
(-0.16988121 -0.021662992 0)
(-0.16896918 -0.021849224 0)
(-0.16796677 -0.02274694 0)
(-0.1671947 -0.023956457 0)
(-0.16681249 -0.025074361 0)
(-0.16685135 -0.026048292 0)
(-0.16733982 -0.027018596 0)
(-0.16825508 -0.027821603 0)
(-0.16953806 -0.028222305 0)
(-0.17108478 -0.027903742 0)
(-0.17281428 -0.026826771 0)
(-0.17458919 -0.024948069 0)
(-0.17622621 -0.022370391 0)
(-0.17756992 -0.0193056 0)
(-0.17837699 -0.015722319 0)
(-0.17851443 -0.011814829 0)
(-0.17781621 -0.0079128518 0)
(-0.17651151 -0.0044833602 0)
(-0.17520337 -0.0023800137 0)
(-0.17425493 -0.0011122372 0)
(-0.1737218 -0.00014122769 0)
(-0.17384277 0.001083254 0)
(-0.17468994 0.0032135211 0)
(-0.17600801 0.0066563325 0)
(-0.17703164 0.011067912 0)
(-0.17689341 0.015210339 0)
(-0.17520106 0.018076926 0)
(-0.17229929 0.019368117 0)
(-0.16873468 0.018983937 0)
(-0.16487811 0.017188816 0)
(-0.16099223 0.01435781 0)
(-0.15722488 0.010919813 0)
(-0.15369012 0.0073853113 0)
(-0.15039223 0.0041558176 0)
(-0.14705325 0.0012607405 0)
(-0.14368521 -0.0019346007 0)
(-0.14106057 -0.0054209823 0)
(-0.13875287 -0.0096014813 0)
(-0.13597012 -0.014558684 0)
(-0.13301689 -0.020023503 0)
(-0.1302873 -0.025099096 0)
(-0.12759323 -0.029117953 0)
(-0.12482365 -0.032534548 0)
(-0.12153396 -0.035534106 0)
(-0.11652091 -0.038404032 0)
(-0.10795677 -0.043231057 0)
(-0.096099897 -0.055466727 0)
(-0.084454844 -0.07639233 0)
(-0.078343123 -0.098502551 0)
(-0.078300901 -0.11524058 0)
(-0.080907951 -0.1236454 0)
(-0.083769213 -0.12415107 0)
(-0.086434352 -0.11781788 0)
(-0.089506008 -0.10507788 0)
(-0.093605054 -0.086085396 0)
(-0.098926537 -0.061877028 0)
(-0.10438152 -0.03480548 0)
(-0.10693918 -0.009629227 0)
(-0.10037613 0.0071614308 0)
(-0.079743293 0.0085351146 0)
(-0.04183159 -0.012288077 0)
(0.015610666 -0.056052131 0)
(0.087787348 -0.11744176 0)
(0.1678668 -0.18902434 0)
(0.25296405 -0.26302095 0)
(0.34075814 -0.33352213 0)
(0.43054181 -0.39483494 0)
(0.52301035 -0.44196598 0)
(0.61719779 -0.47297899 0)
(0.71165478 -0.48687412 0)
(0.8083307 -0.48251309 0)
(0.90494961 -0.46033815 0)
(1.0006528 -0.42152953 0)
(1.0941985 -0.36634058 0)
(1.1832295 -0.29569269 0)
(1.2647965 -0.21085762 0)
(1.3373609 -0.1134698 0)
(1.4018857 -0.0068031029 0)
(1.4626045 0.10812679 0)
(1.5225894 0.2294934 0)
(1.5789288 0.34172947 0)
(1.6208289 0.41599638 0)
(1.642709 0.4281907 0)
(1.6497862 0.37356661 0)
(1.6520618 0.26771505 0)
(1.6540268 0.13889529 0)
(1.6505866 0.020511479 0)
(1.6310892 -0.059217021 0)
(1.5930722 -0.094340987 0)
(1.5461661 -0.094403951 0)
(1.4996849 -0.068240963 0)
(1.4619695 -0.020084288 0)
(1.4237935 0.049488909 0)
(1.3633286 0.14374469 0)
(1.286399 0.18954746 0)
(1.2215533 0.11234474 0)
(1.1862699 0.020141846 0)
(1.1472405 -0.071352316 0)
(1.0922868 -0.14086987 0)
(1.0408327 -0.1758641 0)
(1.0181029 -0.17877412 0)
(0.94712104 -0.2166087 0)
(0.69000924 -0.21067725 0)
(0.66096054 -0.026273971 0)
(0.51237873 0.42973437 0)
(0.22107693 0.98703977 0)
(0.13750456 1.1597514 0)
(0.22156126 0.96675652 0)
(0.26538048 0.72398446 0)
(0.26423878 0.54295328 0)
(0.24290673 0.41602632 0)
(0.21569908 0.32414243 0)
(0.18813567 0.25614968 0)
(0.16238972 0.20496763 0)
(0.13926491 0.16580465 0)
(0.11891087 0.13540263 0)
(0.10118492 0.11151722 0)
(0.085827647 0.092570043 0)
(0.072546622 0.077428797 0)
(0.061054682 0.065267061 0)
(0.051085487 0.055472475 0)
(0.042398538 0.047585831 0)
(0.034779518 0.0412601 0)
(0.0280382 0.03623218 0)
(0.022005068 0.032302772 0)
(0.01652776 0.029322152 0)
(0.011466536 0.027180139 0)
(0.0067119587 0.025785497 0)
(0.0021223717 0.02420266 0)
(0.021438554 -0.049793315 0)
(0.034850066 -0.046638651 0)
(0.019924187 -0.0084955225 0)
(-0.016893596 0.033160121 0)
(-0.053500964 0.036347711 0)
(-0.077966612 0.033727392 0)
(-0.096824587 0.025859939 0)
(-0.10836337 0.014571904 0)
(-0.11397585 0.0027749904 0)
(-0.11442512 -0.0078566953 0)
(-0.11017646 -0.016792689 0)
(-0.10238227 -0.023693186 0)
(-0.092922351 -0.028829474 0)
(-0.083542447 -0.033175268 0)
(-0.075313757 -0.037301718 0)
(-0.068771392 -0.041833592 0)
(-0.064394678 -0.046789811 0)
(-0.062798845 -0.05148836 0)
(-0.064430064 -0.054689107 0)
(-0.069076361 -0.055129314 0)
(-0.075674175 -0.0525936 0)
(-0.082894483 -0.04845095 0)
(-0.089785148 -0.04459583 0)
(-0.095912907 -0.041727778 0)
(-0.10100205 -0.038270792 0)
(-0.10486893 -0.03196919 0)
(-0.10718165 -0.021889613 0)
(-0.10734569 -0.0096873374 0)
(-0.1046537 -0.00033700785 0)
(-0.098145524 0.00072417588 0)
(-0.087262868 -0.0079923262 0)
(-0.074877979 -0.020764231 0)
(-0.067409794 -0.030036299 0)
(-0.06855331 -0.03027017 0)
(-0.077679376 -0.019705578 0)
(-0.09231568 -0.00082548133 0)
(-0.10743036 0.01698807 0)
(-0.11667519 0.023892147 0)
(-0.11783325 0.020062955 0)
(-0.11273644 0.010373305 0)
(-0.10589631 0.00039409824 0)
(-0.10239514 -0.0056789634 0)
(-0.10198653 -0.00825896 0)
(-0.10227235 -0.0095295377 0)
(-0.10331423 -0.01029067 0)
(-0.10471886 -0.010862208 0)
(-0.10638527 -0.011400868 0)
(-0.108342 -0.011871196 0)
(-0.11066543 -0.012143671 0)
(-0.11339731 -0.01210881 0)
(-0.11641625 -0.01183465 0)
(-0.11943359 -0.011564792 0)
(-0.12211447 -0.011532707 0)
(-0.12422306 -0.011808095 0)
(-0.12574784 -0.012313553 0)
(-0.12692004 -0.012934828 0)
(-0.12794347 -0.013661878 0)
(-0.12879101 -0.01450941 0)
(-0.12926442 -0.015551983 0)
(-0.12912855 -0.017005022 0)
(-0.12824695 -0.019220213 0)
(-0.1266966 -0.022684756 0)
(-0.12477236 -0.027962796 0)
(-0.12294156 -0.035755732 0)
(-0.1219106 -0.046859721 0)
(-0.12268305 -0.061615296 0)
(-0.12640113 -0.078935759 0)
(-0.13379001 -0.095270109 0)
(-0.14423381 -0.10431371 0)
(-0.15539881 -0.098635975 0)
(-0.16398287 -0.07297871 0)
(-0.1688322 -0.029284284 0)
(-0.17278592 0.022328965 0)
(-0.17626681 0.068837566 0)
(-0.17674645 0.096623626 0)
(-0.16941391 0.097101981 0)
(-0.15200267 0.071885621 0)
(-0.132901 0.038709272 0)
(-0.12428349 0.017858299 0)
(-0.12320897 0.0071347709 0)
(-0.12525957 0.00041227486 0)
(-0.12856669 -0.0042199399 0)
(-0.13224236 -0.0079743174 0)
(-0.1357902 -0.010799063 0)
(-0.13903712 -0.012913821 0)
(-0.14203286 -0.014558295 0)
(-0.14488475 -0.015895179 0)
(-0.14767291 -0.017020039 0)
(-0.15045819 -0.017996766 0)
(-0.15328605 -0.018844312 0)
(-0.15615129 -0.019527395 0)
(-0.15899736 -0.020033357 0)
(-0.16176785 -0.020400745 0)
(-0.16444702 -0.020705523 0)
(-0.16704801 -0.020992556 0)
(-0.16958979 -0.021285467 0)
(-0.1721055 -0.021615875 0)
(-0.17462748 -0.021969571 0)
(-0.17716783 -0.022307541 0)
(-0.17972791 -0.022593335 0)
(-0.18231557 -0.022810752 0)
(-0.18494693 -0.022947183 0)
(-0.1875849 -0.022932351 0)
(-0.19012061 -0.022740306 0)
(-0.19247889 -0.022467709 0)
(-0.19467896 -0.022210311 0)
(-0.1967759 -0.021963105 0)
(-0.19877144 -0.021611258 0)
(-0.20062197 -0.021121709 0)
(-0.20232397 -0.020581855 0)
(-0.20388298 -0.020022022 0)
(-0.20528812 -0.019540992 0)
(-0.20662395 -0.019311246 0)
(-0.20809339 -0.019415198 0)
(-0.20982866 -0.019677759 0)
(-0.21181621 -0.019956797 0)
(-0.21403322 -0.020210824 0)
(-0.21653806 -0.020443696 0)
(-0.21938999 -0.020484195 0)
(-0.22256484 -0.020140459 0)
(-0.22592564 -0.019223068 0)
(-0.22927427 -0.017717951 0)
(-0.23240607 -0.015623892 0)
(-0.23513448 -0.012990942 0)
(-0.23736596 -0.0099479954 0)
(-0.23902846 -0.0065472873 0)
(-0.2400456 -0.0029779823 0)
(-0.24042777 0.00043345061 0)
(-0.24049354 0.0032960755 0)
(-0.24015109 0.0056678694 0)
(-0.23947308 0.0075988696 0)
(-0.23891923 0.0090935398 0)
(-0.23842829 0.010224578 0)
(-0.23778162 0.011246871 0)
(-0.23672836 0.012477284 0)
(-0.23511151 0.014127994 0)
(-0.23282304 0.016039833 0)
(-0.22978578 0.017681308 0)
(-0.22609837 0.01849502 0)
(-0.22208849 0.018196012 0)
(-0.21812627 0.016846214 0)
(-0.21448206 0.014599192 0)
(-0.2113095 0.011620469 0)
(-0.20863804 0.0081140872 0)
(-0.20640076 0.0042706814 0)
(-0.20451438 0.00012251747 0)
(-0.20267023 -0.0046458413 0)
(-0.20081017 -0.010070548 0)
(-0.199395 -0.015496937 0)
(-0.19871028 -0.020836937 0)
(-0.19882263 -0.026054279 0)
(-0.19957464 -0.030871593 0)
(-0.20064556 -0.035074349 0)
(-0.20176052 -0.038723511 0)
(-0.20246705 -0.042155697 0)
(-0.20214653 -0.046151561 0)
(-0.20078409 -0.052032507 0)
(-0.1996255 -0.061378364 0)
(-0.20086306 -0.07436521 0)
(-0.20655296 -0.088544698 0)
(-0.21719625 -0.1003061 0)
(-0.23119885 -0.10669957 0)
(-0.24652282 -0.10703694 0)
(-0.26132941 -0.10165824 0)
(-0.27374066 -0.091414198 0)
(-0.28149767 -0.077870241 0)
(-0.28224643 -0.063663125 0)
(-0.27405488 -0.052207381 0)
(-0.2557157 -0.046890503 0)
(-0.22724033 -0.050652758 0)
(-0.19027317 -0.066031567 0)
(-0.14747067 -0.094338898 0)
(-0.10081985 -0.13562284 0)
(-0.053115071 -0.19109084 0)
(-0.0062485654 -0.25622561 0)
(0.03862991 -0.32587219 0)
(0.081480491 -0.3939243 0)
(0.12442208 -0.45483657 0)
(0.16979026 -0.50333348 0)
(0.21877227 -0.53667939 0)
(0.27047377 -0.55375818 0)
(0.32835518 -0.55254029 0)
(0.39104351 -0.5331626 0)
(0.45779127 -0.49589244 0)
(0.52494677 -0.43878419 0)
(0.59227144 -0.36522832 0)
(0.65767298 -0.27784957 0)
(0.72368605 -0.17869832 0)
(0.78720223 -0.069332826 0)
(0.84761847 0.047744503 0)
(0.90983271 0.16793069 0)
(0.97860801 0.27860505 0)
(1.0520554 0.35533326 0)
(1.1232355 0.37351577 0)
(1.186294 0.32608395 0)
(1.2366083 0.23125054 0)
(1.2697482 0.12367931 0)
(1.2867794 0.035221423 0)
(1.2891697 -0.019606563 0)
(1.2695231 -0.043996276 0)
(1.2317603 -0.052070667 0)
(1.1978635 -0.03365543 0)
(1.1606221 0.021331977 0)
(1.1201909 0.11358391 0)
(1.095744 0.2068015 0)
(1.1203955 0.2346107 0)
(1.1782243 0.17072177 0)
(1.211867 0.07777307 0)
(1.1775418 -0.00051465376 0)
(1.0636916 -0.045035532 0)
(0.89062803 -0.063238449 0)
(0.69495388 -0.059407106 0)
(0.47450982 -0.043444511 0)
(0.1981176 0.019871577 0)
(-0.10990021 0.2459731 0)
(-0.3020874 0.67256184 0)
(-0.35389815 1.0115982 0)
(-0.19422851 1.0130188 0)
(-0.021334524 0.84424263 0)
(0.077650623 0.67307084 0)
(0.12282913 0.53403876 0)
(0.13748212 0.42517014 0)
(0.13657877 0.34070465 0)
(0.12799811 0.27503791 0)
(0.11608735 0.22371942 0)
(0.10318031 0.18330919 0)
(0.090486544 0.15122825 0)
(0.07859382 0.12557805 0)
(0.067744189 0.10494549 0)
(0.05799543 0.088271135 0)
(0.049308962 0.074754649 0)
(0.041597754 0.063786582 0)
(0.034753156 0.054900016 0)
(0.028659651 0.047735862 0)
(0.023202233 0.042017946 0)
(0.018269682 0.037534485 0)
(0.013756021 0.034124817 0)
(0.0095597624 0.03166979 0)
(0.0056011628 0.030068459 0)
(0.0017702427 0.028227155 0)
(0.008243082 -0.076233767 0)
(-0.0023614795 -0.030244635 0)
(-0.03678706 0.031430011 0)
(-0.061802648 0.063063487 0)
(-0.084636552 0.06038065 0)
(-0.1005531 0.051597479 0)
(-0.11368209 0.038231874 0)
(-0.12229608 0.02197325 0)
(-0.12580513 0.004699023 0)
(-0.12310439 -0.011957674 0)
(-0.11462856 -0.025789706 0)
(-0.1024771 -0.035638516 0)
(-0.089426359 -0.041439116 0)
(-0.077635975 -0.04427425 0)
(-0.068265854 -0.04557207 0)
(-0.062160157 -0.046530412 0)
(-0.059750264 -0.047536892 0)
(-0.061167072 -0.048348203 0)
(-0.066180941 -0.04844002 0)
(-0.073670147 -0.047259528 0)
(-0.081667384 -0.044876709 0)
(-0.088285966 -0.04222885 0)
(-0.092779273 -0.040266998 0)
(-0.095750426 -0.0388832 0)
(-0.098242136 -0.036824503 0)
(-0.10047046 -0.033111318 0)
(-0.10137079 -0.027804547 0)
(-0.099461909 -0.021919537 0)
(-0.094518339 -0.017339496 0)
(-0.088540942 -0.015640444 0)
(-0.084793068 -0.016811883 0)
(-0.085702176 -0.019458337 0)
(-0.091990255 -0.020393614 0)
(-0.10247447 -0.016228952 0)
(-0.11295497 -0.0080233198 0)
(-0.11773327 -1.7712954e-05 0)
(-0.11491428 0.0035146393 0)
(-0.10544633 -0.0005147532 0)
(-0.092268185 -0.009161882 0)
(-0.081952939 -0.015163721 0)
(-0.077841596 -0.015175876 0)
(-0.077729685 -0.012778493 0)
(-0.078636666 -0.01141633 0)
(-0.079935832 -0.010694596 0)
(-0.081528992 -0.010037331 0)
(-0.083370405 -0.0095769303 0)
(-0.085564306 -0.0093000348 0)
(-0.088173637 -0.009147456 0)
(-0.091130207 -0.0090697092 0)
(-0.09421136 -0.0090689071 0)
(-0.097105564 -0.0092557915 0)
(-0.099545772 -0.0098171489 0)
(-0.10140585 -0.010862887 0)
(-0.10271199 -0.012316012 0)
(-0.10358978 -0.013970737 0)
(-0.10416251 -0.015557297 0)
(-0.10446201 -0.016866071 0)
(-0.10444167 -0.017861313 0)
(-0.10407396 -0.018693356 0)
(-0.10342206 -0.019646397 0)
(-0.10262135 -0.021079188 0)
(-0.1018767 -0.02339569 0)
(-0.1015225 -0.027021867 0)
(-0.10214873 -0.032434594 0)
(-0.10473204 -0.040148327 0)
(-0.11068455 -0.050498177 0)
(-0.121685 -0.063041401 0)
(-0.13901268 -0.075579539 0)
(-0.16222067 -0.083320901 0)
(-0.18782143 -0.079639241 0)
(-0.20935697 -0.059384276 0)
(-0.22055405 -0.023765672 0)
(-0.21949686 0.018185498 0)
(-0.20769635 0.053566715 0)
(-0.18599247 0.07045409 0)
(-0.15740834 0.065002544 0)
(-0.13107692 0.047133822 0)
(-0.11633614 0.031995205 0)
(-0.11136636 0.022527839 0)
(-0.10949862 0.014198752 0)
(-0.10941182 0.0069472302 0)
(-0.11048181 0.0010447714 0)
(-0.11204299 -0.0033170325 0)
(-0.11381085 -0.006549969 0)
(-0.1158745 -0.0090068415 0)
(-0.11815232 -0.010928075 0)
(-0.12055754 -0.012482337 0)
(-0.12303798 -0.013779926 0)
(-0.12557619 -0.014887468 0)
(-0.12817123 -0.015831207 0)
(-0.13081394 -0.016609458 0)
(-0.13347605 -0.017230623 0)
(-0.13612542 -0.017732913 0)
(-0.13874447 -0.018172321 0)
(-0.14133061 -0.018588548 0)
(-0.14389613 -0.018999281 0)
(-0.14647282 -0.019402612 0)
(-0.14909739 -0.019776514 0)
(-0.15179234 -0.020099491 0)
(-0.15456396 -0.020360832 0)
(-0.15741046 -0.020562011 0)
(-0.16031698 -0.020703522 0)
(-0.16322924 -0.020772156 0)
(-0.16606132 -0.02078189 0)
(-0.16875546 -0.020788155 0)
(-0.17131493 -0.020827725 0)
(-0.17377404 -0.020874251 0)
(-0.17615307 -0.02086067 0)
(-0.17845144 -0.020758013 0)
(-0.18066455 -0.020598797 0)
(-0.18277965 -0.02044062 0)
(-0.18479411 -0.020376262 0)
(-0.18677263 -0.020505156 0)
(-0.18884209 -0.020840778 0)
(-0.19110332 -0.021263915 0)
(-0.19359089 -0.02164082 0)
(-0.19632047 -0.021902863 0)
(-0.19931529 -0.022029314 0)
(-0.20256993 -0.0219659 0)
(-0.20602033 -0.021623689 0)
(-0.20954437 -0.020899254 0)
(-0.21298914 -0.019734563 0)
(-0.21619863 -0.01811377 0)
(-0.2190321 -0.016073172 0)
(-0.22138508 -0.013687966 0)
(-0.22316446 -0.011038521 0)
(-0.2242769 -0.0082565134 0)
(-0.22468736 -0.0055097694 0)
(-0.22438092 -0.0029554739 0)
(-0.22386805 -0.00059001315 0)
(-0.22348665 0.0015156785 0)
(-0.22302562 0.0035083687 0)
(-0.22246851 0.0054577363 0)
(-0.22174301 0.0073970404 0)
(-0.22064146 0.0092824793 0)
(-0.21896483 0.011014595 0)
(-0.21664832 0.012488008 0)
(-0.21372857 0.013549581 0)
(-0.21033088 0.013986936 0)
(-0.20668016 0.01365444 0)
(-0.20302603 0.012542813 0)
(-0.19957744 0.010725623 0)
(-0.19648938 0.0083433502 0)
(-0.19384977 0.00557497 0)
(-0.19168585 0.0025743323 0)
(-0.19000288 -0.00058978121 0)
(-0.18875244 -0.0039555434 0)
(-0.18790482 -0.0078194149 0)
(-0.18760501 -0.012182979 0)
(-0.1880053 -0.01682693 0)
(-0.18912373 -0.021516824 0)
(-0.19081462 -0.026004256 0)
(-0.19282444 -0.030195965 0)
(-0.19485002 -0.034211241 0)
(-0.19656406 -0.038344672 0)
(-0.19784568 -0.043194832 0)
(-0.19920529 -0.049621986 0)
(-0.20181186 -0.058216845 0)
(-0.20689889 -0.068604134 0)
(-0.21520504 -0.079362216 0)
(-0.22664947 -0.088570707 0)
(-0.2401472 -0.09456857 0)
(-0.25404355 -0.096639478 0)
(-0.26671314 -0.09477428 0)
(-0.27663379 -0.089364135 0)
(-0.2822904 -0.081332049 0)
(-0.28226856 -0.072466999 0)
(-0.27562561 -0.065516766 0)
(-0.26236939 -0.063806376 0)
(-0.24351469 -0.070699367 0)
(-0.22083003 -0.088884824 0)
(-0.19655034 -0.1196107 0)
(-0.17292751 -0.16271091 0)
(-0.1524012 -0.2174922 0)
(-0.13685358 -0.28072257 0)
(-0.12705178 -0.34877486 0)
(-0.12229479 -0.41597857 0)
(-0.12035534 -0.4773922 0)
(-0.1183597 -0.52850243 0)
(-0.11360967 -0.56594772 0)
(-0.10498178 -0.58824982 0)
(-0.08950174 -0.59306841 0)
(-0.067586043 -0.57914325 0)
(-0.039407111 -0.54521214 0)
(-0.0088021766 -0.48918904 0)
(0.029041636 -0.41504039 0)
(0.069323848 -0.32648542 0)
(0.11286627 -0.22481035 0)
(0.15661062 -0.11315439 0)
(0.20832635 0.0052572059 0)
(0.27008434 0.12048135 0)
(0.34510147 0.21635125 0)
(0.43680846 0.2758728 0)
(0.54164543 0.2828926 0)
(0.65293341 0.23602575 0)
(0.75664838 0.1541171 0)
(0.83372842 0.065716325 0)
(0.86948396 -0.0033773018 0)
(0.86838184 -0.035437233 0)
(0.84614176 -0.031738109 0)
(0.80432179 -0.013539016 0)
(0.74500775 0.018464174 0)
(0.69469915 0.071874337 0)
(0.65986176 0.13078387 0)
(0.63582894 0.15859004 0)
(0.61708203 0.12685442 0)
(0.56903481 0.074650277 0)
(0.47008462 0.069993397 0)
(0.33210521 0.10437652 0)
(0.18173296 0.13850914 0)
(0.026599903 0.16539453 0)
(-0.1347774 0.19857412 0)
(-0.29989526 0.24886485 0)
(-0.46625803 0.33482501 0)
(-0.59439015 0.48236297 0)
(-0.61588378 0.68449482 0)
(-0.49670666 0.81009888 0)
(-0.3017008 0.78678512 0)
(-0.14347475 0.69572049 0)
(-0.041258648 0.59235665 0)
(0.018319067 0.49437621 0)
(0.050795422 0.40940714 0)
(0.066421507 0.33812028 0)
(0.071668507 0.27933383 0)
(0.070950793 0.23138004 0)
(0.066931007 0.1923518 0)
(0.061263963 0.16052909 0)
(0.054946722 0.13455488 0)
(0.04854382 0.11331603 0)
(0.042367332 0.095922557 0)
(0.036575605 0.081669975 0)
(0.031233235 0.070001741 0)
(0.026348694 0.060479129 0)
(0.021897637 0.052756232 0)
(0.017836733 0.046562462 0)
(0.01411176 0.041687177 0)
(0.010663146 0.03796855 0)
(0.0074283941 0.035285259 0)
(0.0043581582 0.033531393 0)
(0.0013762566 0.031483752 0)
(-0.010721652 -0.057383626 0)
(-0.041615788 0.0043379565 0)
(-0.069038455 0.05736036 0)
(-0.085782446 0.079445737 0)
(-0.10048526 0.075489617 0)
(-0.11426752 0.064986933 0)
(-0.12815026 0.049144695 0)
(-0.13898829 0.028600865 0)
(-0.14362603 0.0050898945 0)
(-0.13955712 -0.018115287 0)
(-0.12647608 -0.037381146 0)
(-0.10785509 -0.04987448 0)
(-0.089011649 -0.055264574 0)
(-0.073864204 -0.055778736 0)
(-0.062664889 -0.053769699 0)
(-0.054969073 -0.050915979 0)
(-0.051213185 -0.04812168 0)
(-0.050694472 -0.045631374 0)
(-0.05279038 -0.043387043 0)
(-0.056531765 -0.041470665 0)
(-0.060606321 -0.040048112 0)
(-0.063936917 -0.039322545 0)
(-0.06629784 -0.039016316 0)
(-0.068232656 -0.038187478 0)
(-0.070276477 -0.035742074 0)
(-0.072305396 -0.031311645 0)
(-0.073648049 -0.025445254 0)
(-0.073659572 -0.019288079 0)
(-0.072407275 -0.014486064 0)
(-0.070903854 -0.012383099 0)
(-0.070696675 -0.012813061 0)
(-0.073159513 -0.014088195 0)
(-0.078341671 -0.014076607 0)
(-0.084184645 -0.010859948 0)
(-0.087610936 -0.004646609 0)
(-0.086728652 0.00066814672 0)
(-0.081427381 0.00065419575 0)
(-0.073752669 -0.0034274329 0)
(-0.06861003 -0.0070872946 0)
(-0.067556867 -0.0080820311 0)
(-0.068156737 -0.0081638635 0)
(-0.06838685 -0.0085887553 0)
(-0.068375466 -0.0090017796 0)
(-0.068613275 -0.0090441705 0)
(-0.069088297 -0.0087909118 0)
(-0.069753679 -0.008373709 0)
(-0.070599334 -0.007908103 0)
(-0.071611538 -0.0074999212 0)
(-0.072764434 -0.0072358572 0)
(-0.073983878 -0.0072059643 0)
(-0.075157979 -0.0075049784 0)
(-0.076192726 -0.0081983321 0)
(-0.077054882 -0.0092664357 0)
(-0.07777223 -0.010576591 0)
(-0.078400331 -0.011916774 0)
(-0.078983397 -0.013090602 0)
(-0.079531708 -0.014037882 0)
(-0.080012089 -0.014883572 0)
(-0.080366806 -0.015882855 0)
(-0.080569294 -0.017295675 0)
(-0.080673694 -0.019305978 0)
(-0.080867362 -0.02203354 0)
(-0.081491774 -0.02558071 0)
(-0.083014774 -0.030062114 0)
(-0.086106196 -0.035559972 0)
(-0.091766607 -0.042053139 0)
(-0.10129237 -0.049213591 0)
(-0.11592063 -0.05594244 0)
(-0.13588779 -0.059789192 0)
(-0.1589807 -0.05699944 0)
(-0.17980364 -0.044067244 0)
(-0.19161966 -0.021136075 0)
(-0.19027501 0.0060441809 0)
(-0.17611742 0.028529654 0)
(-0.15347125 0.038972762 0)
(-0.12992663 0.036938302 0)
(-0.11305431 0.029056352 0)
(-0.10393942 0.021157452 0)
(-0.098721506 0.014138878 0)
(-0.095782501 0.0081059163 0)
(-0.094762427 0.0034348979 0)
(-0.094932353 -0.00018493253 0)
(-0.096031935 -0.002984368 0)
(-0.097706506 -0.0053127189 0)
(-0.099525344 -0.0072457451 0)
(-0.10137988 -0.0088580081 0)
(-0.10327517 -0.010202491 0)
(-0.10521683 -0.011328497 0)
(-0.10720292 -0.012275877 0)
(-0.10922921 -0.013069745 0)
(-0.11128429 -0.013725543 0)
(-0.11334788 -0.0142634 0)
(-0.11540135 -0.014713908 0)
(-0.1174389 -0.01510705 0)
(-0.11946752 -0.015459212 0)
(-0.12150251 -0.015776223 0)
(-0.12356285 -0.016056119 0)
(-0.12566294 -0.016290699 0)
(-0.12780718 -0.016474514 0)
(-0.12999114 -0.016610852 0)
(-0.13220599 -0.016711092 0)
(-0.13443638 -0.016783472 0)
(-0.13665236 -0.016826947 0)
(-0.13881928 -0.016844375 0)
(-0.14092533 -0.016841328 0)
(-0.14298894 -0.016806206 0)
(-0.14503518 -0.016708187 0)
(-0.14707106 -0.016522992 0)
(-0.14908337 -0.016260852 0)
(-0.15105059 -0.015963571 0)
(-0.15295509 -0.015684047 0)
(-0.15480395 -0.015477397 0)
(-0.15665191 -0.015382848 0)
(-0.15858583 -0.015389042 0)
(-0.16067246 -0.015435979 0)
(-0.16293169 -0.015464691 0)
(-0.16535695 -0.015438789 0)
(-0.16793771 -0.015322938 0)
(-0.17065277 -0.015061427 0)
(-0.17345836 -0.014588452 0)
(-0.17628103 -0.013843452 0)
(-0.17902307 -0.01278889 0)
(-0.18158044 -0.011408389 0)
(-0.18385772 -0.0097198298 0)
(-0.18577756 -0.0077731703 0)
(-0.18727804 -0.0056446417 0)
(-0.18832068 -0.0034485182 0)
(-0.18892433 -0.0013328644 0)
(-0.18925582 0.0005530724 0)
(-0.18915526 0.0020717162 0)
(-0.18854832 0.0033656662 0)
(-0.18776221 0.0045093112 0)
(-0.18687812 0.005596393 0)
(-0.18584094 0.0067229028 0)
(-0.18454475 0.0079035212 0)
(-0.18288251 0.0090309301 0)
(-0.18080246 0.0099436706 0)
(-0.17832054 0.010491794 0)
(-0.17552096 0.01054633 0)
(-0.17255396 0.010031662 0)
(-0.1695931 0.0089384876 0)
(-0.16679473 0.0073055126 0)
(-0.1642837 0.0052132849 0)
(-0.16213286 0.0027707359 0)
(-0.16034592 6.5622197e-05 0)
(-0.15895962 -0.0028360535 0)
(-0.15799665 -0.0059207177 0)
(-0.15747816 -0.0092326484 0)
(-0.15748052 -0.012798484 0)
(-0.15806943 -0.016570925 0)
(-0.15923372 -0.020448394 0)
(-0.16085948 -0.024318795 0)
(-0.16277449 -0.028136198 0)
(-0.16479204 -0.031958527 0)
(-0.16676448 -0.035988356 0)
(-0.16875614 -0.040622024 0)
(-0.17121977 -0.046329231 0)
(-0.17489286 -0.053291801 0)
(-0.18047676 -0.061148034 0)
(-0.18838432 -0.069058264 0)
(-0.19852112 -0.07588024 0)
(-0.2101625 -0.080557361 0)
(-0.22214242 -0.082590383 0)
(-0.23314634 -0.082077742 0)
(-0.24187551 -0.079585434 0)
(-0.24717259 -0.076078196 0)
(-0.24820331 -0.072954643 0)
(-0.24468494 -0.072073621 0)
(-0.23709832 -0.075617561 0)
(-0.22670864 -0.08571669 0)
(-0.21535791 -0.10425126 0)
(-0.20521936 -0.1325591 0)
(-0.1986175 -0.17118376 0)
(-0.1978863 -0.21968841 0)
(-0.20491091 -0.27609994 0)
(-0.22061002 -0.33734287 0)
(-0.24455618 -0.39930892 0)
(-0.27501466 -0.45777265 0)
(-0.30937982 -0.50881742 0)
(-0.34468179 -0.54913639 0)
(-0.37820546 -0.57613753 0)
(-0.40759311 -0.58717318 0)
(-0.43092608 -0.57961638 0)
(-0.44697572 -0.55152411 0)
(-0.45372525 -0.50297005 0)
(-0.44937654 -0.43547358 0)
(-0.43485465 -0.35193392 0)
(-0.4112253 -0.25678841 0)
(-0.37749158 -0.15521487 0)
(-0.33227684 -0.05348552 0)
(-0.27672069 0.040742942 0)
(-0.20785513 0.11258848 0)
(-0.12778374 0.15097365 0)
(-0.047264312 0.150395 0)
(0.017397889 0.11780087 0)
(0.053048121 0.072269064 0)
(0.061586929 0.032095365 0)
(0.054683808 0.0068761701 0)
(0.03869684 -0.00011314897 0)
(0.014046062 0.011039807 0)
(-0.0062298542 0.033424292 0)
(-0.031899812 0.066124529 0)
(-0.059967539 0.11154 0)
(-0.091215584 0.16303152 0)
(-0.1234606 0.20258167 0)
(-0.16883588 0.22371874 0)
(-0.23221538 0.23499368 0)
(-0.30812589 0.24524326 0)
(-0.38526238 0.25649114 0)
(-0.45836471 0.26904145 0)
(-0.52836995 0.28431931 0)
(-0.59461697 0.30806038 0)
(-0.65245085 0.34492255 0)
(-0.68975712 0.40069006 0)
(-0.68263146 0.47887993 0)
(-0.60661518 0.5664252 0)
(-0.4694362 0.62107584 0)
(-0.32312974 0.61780998 0)
(-0.20423408 0.57494502 0)
(-0.11688896 0.51234202 0)
(-0.056665013 0.44486767 0)
(-0.016969758 0.38072458 0)
(0.0074194311 0.32293282 0)
(0.021721625 0.27276461 0)
(0.029339561 0.2300316 0)
(0.032449005 0.19410151 0)
(0.032751694 0.16390824 0)
(0.031412999 0.13874011 0)
(0.029128188 0.11779971 0)
(0.026357281 0.10040277 0)
(0.023391726 0.085978513 0)
(0.020408314 0.074054665 0)
(0.017508025 0.064246249 0)
(0.01474291 0.056238239 0)
(0.01213294 0.049781325 0)
(0.0096754915 0.044677602 0)
(0.0073541652 0.040772261 0)
(0.0051437013 0.037947634 0)
(0.0030239682 0.036097113 0)
(0.00095336921 0.033898766 0)
(-0.017267404 -0.026486269 0)
(-0.052652429 0.032921285 0)
(-0.076399593 0.076378244 0)
(-0.091457939 0.091947202 0)
(-0.10697578 0.0896007 0)
(-0.12598479 0.080555441 0)
(-0.14697553 0.064073916 0)
(-0.16486279 0.038989956 0)
(-0.17355184 0.0069166718 0)
(-0.16912559 -0.026898659 0)
(-0.15052615 -0.055512029 0)
(-0.12202597 -0.072015719 0)
(-0.092159149 -0.075057822 0)
(-0.070113055 -0.070336824 0)
(-0.05760574 -0.064209775 0)
(-0.049132317 -0.057794171 0)
(-0.044269623 -0.051509787 0)
(-0.042365798 -0.046561996 0)
(-0.042269275 -0.042533824 0)
(-0.043406496 -0.039476986 0)
(-0.045234176 -0.037389786 0)
(-0.047436062 -0.036201836 0)
(-0.049974353 -0.03550599 0)
(-0.052918699 -0.034467054 0)
(-0.056095181 -0.032307974 0)
(-0.058967617 -0.028966648 0)
(-0.060928156 -0.025015928 0)
(-0.061655669 -0.021113861 0)
(-0.061293994 -0.017731455 0)
(-0.060496816 -0.015062212 0)
(-0.060176121 -0.013091715 0)
(-0.061053506 -0.011627621 0)
(-0.063240536 -0.010152699 0)
(-0.065658895 -0.0081050161 0)
(-0.066364636 -0.0058618899 0)
(-0.064390908 -0.0052115312 0)
(-0.061005904 -0.0072324865 0)
(-0.058654126 -0.010461969 0)
(-0.058476263 -0.012243942 0)
(-0.059406719 -0.012150842 0)
(-0.060307653 -0.011135443 0)
(-0.061160212 -0.010074191 0)
(-0.062119654 -0.0092721006 0)
(-0.063043701 -0.0086473476 0)
(-0.063817319 -0.0081212329 0)
(-0.064438621 -0.0076474056 0)
(-0.064930645 -0.0072059851 0)
(-0.06531151 -0.0068249756 0)
(-0.065598911 -0.0065797704 0)
(-0.06581832 -0.0065854218 0)
(-0.066009903 -0.0069656713 0)
(-0.066233929 -0.0077898647 0)
(-0.066564197 -0.009013171 0)
(-0.067059488 -0.010475917 0)
(-0.067734578 -0.0119716 0)
(-0.06855072 -0.01334304 0)
(-0.069425901 -0.014545778 0)
(-0.070270241 -0.015646558 0)
(-0.071035839 -0.016785519 0)
(-0.07175183 -0.018128511 0)
(-0.072518756 -0.019831809 0)
(-0.073497692 -0.02203039 0)
(-0.074915155 -0.024803827 0)
(-0.07706484 -0.028154534 0)
(-0.080328155 -0.031998295 0)
(-0.08520944 -0.036081411 0)
(-0.092309919 -0.039862237 0)
(-0.10212999 -0.042403864 0)
(-0.11465159 -0.042323311 0)
(-0.12869123 -0.038004256 0)
(-0.14143771 -0.028361203 0)
(-0.14910562 -0.014116083 0)
(-0.14877848 0.001581367 0)
(-0.14015848 0.0144206 0)
(-0.12641967 0.021462625 0)
(-0.11326505 0.022490825 0)
(-0.10393694 0.02006611 0)
(-0.098008751 0.016459327 0)
(-0.094277979 0.012540157 0)
(-0.092287465 0.0086088431 0)
(-0.09153726 0.0049000277 0)
(-0.09162347 0.0015233727 0)
(-0.092184464 -0.0014887314 0)
(-0.093059061 -0.0039545928 0)
(-0.094237236 -0.0059396795 0)
(-0.095623617 -0.0075633996 0)
(-0.097116587 -0.00891893 0)
(-0.098670369 -0.010066536 0)
(-0.10026451 -0.011045435 0)
(-0.10188672 -0.011880773 0)
(-0.10352535 -0.012590685 0)
(-0.10516826 -0.0131946 0)
(-0.10680756 -0.013716187 0)
(-0.10844306 -0.014177392 0)
(-0.11008013 -0.014591237 0)
(-0.11172599 -0.014961161 0)
(-0.11338614 -0.015283428 0)
(-0.11506127 -0.015552298 0)
(-0.11674736 -0.015766582 0)
(-0.11843908 -0.015932672 0)
(-0.12013352 -0.016063051 0)
(-0.1218295 -0.016170218 0)
(-0.1235237 -0.016263491 0)
(-0.12521277 -0.016351014 0)
(-0.12689938 -0.016434283 0)
(-0.12858939 -0.016498821 0)
(-0.13028157 -0.016518663 0)
(-0.13196291 -0.016476137 0)
(-0.1336145 -0.016378366 0)
(-0.13522167 -0.016255236 0)
(-0.13678208 -0.016144654 0)
(-0.13831231 -0.01607786 0)
(-0.13985012 -0.01606483 0)
(-0.14144165 -0.016082151 0)
(-0.14311983 -0.016082822 0)
(-0.14489661 -0.016023872 0)
(-0.14677144 -0.015880011 0)
(-0.14873765 -0.015633141 0)
(-0.15077749 -0.015257189 0)
(-0.15285822 -0.014716614 0)
(-0.15493206 -0.013970966 0)
(-0.15693763 -0.01299094 0)
(-0.1588069 -0.011766071 0)
(-0.1604717 -0.01031208 0)
(-0.1618702 -0.0086671896 0)
(-0.16294917 -0.0068868247 0)
(-0.16367244 -0.0050384545 0)
(-0.16403504 -0.0031893538 0)
(-0.16400543 -0.0013813274 0)
(-0.16380906 0.00044216696 0)
(-0.16355609 0.0020831057 0)
(-0.1630684 0.0034786815 0)
(-0.162342 0.0046825166 0)
(-0.16140681 0.0057577363 0)
(-0.1602531 0.0067274031 0)
(-0.15885339 0.0075547483 0)
(-0.15719786 0.0081592555 0)
(-0.15531401 0.0084501289 0)
(-0.15327393 0.0083489249 0)
(-0.1511754 0.0078099262 0)
(-0.14912196 0.0068278551 0)
(-0.14721683 0.0054281108 0)
(-0.14554242 0.0036594641 0)
(-0.14415079 0.0015902291 0)
(-0.14304218 -0.00073391858 0)
(-0.14222089 -0.0033254287 0)
(-0.14171944 -0.006139215 0)
(-0.14155731 -0.0091589306 0)
(-0.14177598 -0.012365387 0)
(-0.14241714 -0.01572357 0)
(-0.1434848 -0.019179152 0)
(-0.14493284 -0.022687756 0)
(-0.14668589 -0.02625188 0)
(-0.14866066 -0.029931665 0)
(-0.15080985 -0.033862882 0)
(-0.15322052 -0.038259213 0)
(-0.15617557 -0.043311364 0)
(-0.16006778 -0.049015422 0)
(-0.16524223 -0.055104572 0)
(-0.17186766 -0.061102779 0)
(-0.17980216 -0.066416945 0)
(-0.18853982 -0.070511593 0)
(-0.19733156 -0.073072288 0)
(-0.20534851 -0.074072436 0)
(-0.21178466 -0.073824184 0)
(-0.21594338 -0.07302901 0)
(-0.21736944 -0.072788835 0)
(-0.21601237 -0.074545871 0)
(-0.21235364 -0.079945327 0)
(-0.20744001 -0.090611603 0)
(-0.20282079 -0.10794613 0)
(-0.20043602 -0.13296352 0)
(-0.20248827 -0.16613159 0)
(-0.21124742 -0.20716472 0)
(-0.22869312 -0.25478203 0)
(-0.25611194 -0.30675932 0)
(-0.29380555 -0.36011916 0)
(-0.34103592 -0.41160317 0)
(-0.39619837 -0.45802021 0)
(-0.45705353 -0.49643698 0)
(-0.52104667 -0.52413784 0)
(-0.58548741 -0.53852188 0)
(-0.64740645 -0.53748051 0)
(-0.70370104 -0.51937029 0)
(-0.75155688 -0.48279441 0)
(-0.78879048 -0.4274705 0)
(-0.81332594 -0.35585874 0)
(-0.82393159 -0.27159557 0)
(-0.81972138 -0.18070251 0)
(-0.80019544 -0.090431814 0)
(-0.76667773 -0.0094607931 0)
(-0.72285989 0.054381811 0)
(-0.67418166 0.093646392 0)
(-0.62898851 0.10605263 0)
(-0.5946041 0.095399366 0)
(-0.57454391 0.069290296 0)
(-0.56891287 0.039968964 0)
(-0.57500404 0.019915695 0)
(-0.58922338 0.017377631 0)
(-0.6085681 0.03361472 0)
(-0.62966004 0.066528488 0)
(-0.64974577 0.11000384 0)
(-0.6653167 0.15929372 0)
(-0.6743114 0.20802643 0)
(-0.67825433 0.24603141 0)
(-0.68157197 0.26784403 0)
(-0.68635444 0.27601248 0)
(-0.69127098 0.27845485 0)
(-0.69421429 0.27987071 0)
(-0.69503068 0.28243708 0)
(-0.69427797 0.28824991 0)
(-0.69085628 0.30118429 0)
(-0.680937 0.32522469 0)
(-0.65669432 0.36355207 0)
(-0.60817663 0.41470716 0)
(-0.52950016 0.46792797 0)
(-0.43006011 0.50264923 0)
(-0.3291261 0.50558494 0)
(-0.23977542 0.48218067 0)
(-0.16688861 0.44220633 0)
(-0.11094529 0.39515878 0)
(-0.069878987 0.34668489 0)
(-0.040874821 0.30067227 0)
(-0.020875925 0.25893946 0)
(-0.0075198319 0.22197127 0)
(0.00091391607 0.18982018 0)
(0.0059605152 0.16219485 0)
(0.0088697757 0.13865344 0)
(0.01022303 0.11870735 0)
(0.010554493 0.10188571 0)
(0.010231588 0.087768322 0)
(0.0095027673 0.075978484 0)
(0.0085329382 0.066202553 0)
(0.0074328329 0.058160916 0)
(0.0062759782 0.051640431 0)
(0.0051024718 0.046464416 0)
(0.0039333209 0.042490637 0)
(0.0027769698 0.039609653 0)
(0.0016393488 0.037718285 0)
(0.0005141022 0.035424743 0)
(-0.014006424 0.0062938346 0)
(-0.049371775 0.061787896 0)
(-0.070921105 0.095461837 0)
(-0.087972611 0.10798774 0)
(-0.10920211 0.10960412 0)
(-0.13692133 0.10438084 0)
(-0.16754115 0.087787784 0)
(-0.19348354 0.055932762 0)
(-0.20631734 0.01038211 0)
(-0.20188579 -0.040437467 0)
(-0.1800183 -0.084145757 0)
(-0.1434301 -0.10857065 0)
(-0.10020289 -0.10800387 0)
(-0.064463273 -0.09028926 0)
(-0.04792509 -0.074523664 0)
(-0.041762283 -0.064493012 0)
(-0.03742807 -0.054773725 0)
(-0.036403876 -0.047594567 0)
(-0.036686151 -0.042292597 0)
(-0.037780336 -0.038440758 0)
(-0.039327572 -0.035851678 0)
(-0.041288766 -0.034262633 0)
(-0.043754246 -0.033115571 0)
(-0.046708651 -0.031679687 0)
(-0.04981823 -0.029468873 0)
(-0.052557224 -0.026503719 0)
(-0.05455735 -0.023151478 0)
(-0.055762085 -0.01983884 0)
(-0.056329892 -0.016925404 0)
(-0.056516936 -0.014632707 0)
(-0.056604588 -0.012875262 0)
(-0.056839889 -0.011337495 0)
(-0.057284698 -0.0096884177 0)
(-0.05757469 -0.0077979504 0)
(-0.057111467 -0.0060873183 0)
(-0.055868657 -0.005409693 0)
(-0.054766997 -0.0061315588 0)
(-0.054830006 -0.0074624006 0)
(-0.05604101 -0.0082657818 0)
(-0.057534329 -0.0084043379 0)
(-0.058723181 -0.0083351508 0)
(-0.059608048 -0.0082513491 0)
(-0.060363702 -0.0080880492 0)
(-0.061074173 -0.0078292371 0)
(-0.061738801 -0.0075192502 0)
(-0.062332884 -0.0072044552 0)
(-0.062825913 -0.0069214831 0)
(-0.06319214 -0.0067053744 0)
(-0.063423924 -0.0066031333 0)
(-0.063542682 -0.0066793302 0)
(-0.063610192 -0.0070045535 0)
(-0.063726197 -0.0076248905 0)
(-0.064001276 -0.0085253759 0)
(-0.064513928 -0.0096194959 0)
(-0.065276773 -0.010786383 0)
(-0.0662349 -0.011929596 0)
(-0.067297436 -0.013020902 0)
(-0.068384115 -0.014107958 0)
(-0.069461498 -0.015286628 0)
(-0.070557941 -0.016660358 0)
(-0.071759708 -0.018307824 0)
(-0.073202148 -0.020279807 0)
(-0.075061094 -0.022588525 0)
(-0.077546354 -0.025192338 0)
(-0.080903013 -0.027970796 0)
(-0.085402687 -0.030678088 0)
(-0.091286201 -0.032874766 0)
(-0.098614893 -0.033876345 0)
(-0.10703352 -0.03279515 0)
(-0.11555889 -0.028757593 0)
(-0.12261385 -0.021411478 0)
(-0.12649202 -0.01152138 0)
(-0.12614382 -0.001048468 0)
(-0.12165302 0.0075877785 0)
(-0.11459871 0.012794435 0)
(-0.10748322 0.014494766 0)
(-0.10173507 0.01375234 0)
(-0.097510783 0.011728254 0)
(-0.094605397 0.0090924652 0)
(-0.092812485 0.0062815314 0)
(-0.091903579 0.0035823513 0)
(-0.091685071 0.0011389612 0)
(-0.092023072 -0.00098765705 0)
(-0.092756877 -0.0028807107 0)
(-0.093725518 -0.004550638 0)
(-0.094857803 -0.0059844001 0)
(-0.096107802 -0.0072061975 0)
(-0.097439037 -0.0082481792 0)
(-0.098826838 -0.0091378813 0)
(-0.10025423 -0.0098969449 0)
(-0.10170777 -0.010543517 0)
(-0.10317653 -0.011095349 0)
(-0.10465385 -0.011570237 0)
(-0.10613857 -0.011983132 0)
(-0.10763336 -0.012343808 0)
(-0.10914156 -0.012657236 0)
(-0.11066384 -0.012925081 0)
(-0.11219646 -0.013148165 0)
(-0.11373235 -0.013329106 0)
(-0.11526444 -0.013473529 0)
(-0.11678864 -0.013589123 0)
(-0.11830434 -0.013682588 0)
(-0.11981347 -0.013757543 0)
(-0.12132089 -0.013814088 0)
(-0.1228343 -0.013846753 0)
(-0.12435922 -0.01384366 0)
(-0.12589238 -0.013792476 0)
(-0.12742067 -0.013690522 0)
(-0.12892764 -0.013550241 0)
(-0.130403 -0.013395303 0)
(-0.13184929 -0.013250744 0)
(-0.13328335 -0.013133399 0)
(-0.13473185 -0.013044985 0)
(-0.13622019 -0.012969936 0)
(-0.13776113 -0.012882612 0)
(-0.13935294 -0.012758436 0)
(-0.14098698 -0.012577188 0)
(-0.14265415 -0.012317734 0)
(-0.14434344 -0.011953071 0)
(-0.14603635 -0.011453635 0)
(-0.14770388 -0.010790212 0)
(-0.1493049 -0.0099440423 0)
(-0.15079107 -0.0089102786 0)
(-0.15211362 -0.0077035326 0)
(-0.1532291 -0.006356588 0)
(-0.15410426 -0.0049160651 0)
(-0.15472125 -0.0034385641 0)
(-0.15508047 -0.0019844746 0)
(-0.15521613 -0.00060973753 0)
(-0.15509057 0.00058360033 0)
(-0.15474199 0.0017340527 0)
(-0.15426538 0.0028343782 0)
(-0.15364276 0.0038413359 0)
(-0.15286161 0.0047379261 0)
(-0.1519131 0.0055093308 0)
(-0.15079133 0.006119716 0)
(-0.14950751 0.0065154585 0)
(-0.14809425 0.0066379222 0)
(-0.14660178 0.0064411664 0)
(-0.14509551 0.0059020042 0)
(-0.14364715 0.0050109622 0)
(-0.1423217 0.0037751745 0)
(-0.14116582 0.0022250044 0)
(-0.14021319 0.0003946061 0)
(-0.13950852 -0.0016721497 0)
(-0.13906917 -0.0039698146 0)
(-0.13888943 -0.0064749559 0)
(-0.138988 -0.0091661999 0)
(-0.13938686 -0.01202053 0)
(-0.14010368 -0.015010099 0)
(-0.1411361 -0.018106264 0)
(-0.14246032 -0.021294804 0)
(-0.14404468 -0.024589178 0)
(-0.14586356 -0.028038777 0)
(-0.14792657 -0.031737303 0)
(-0.15032824 -0.035801942 0)
(-0.15326172 -0.040298335 0)
(-0.15695655 -0.045161785 0)
(-0.16159057 -0.050185847 0)
(-0.16721952 -0.055056262 0)
(-0.17371574 -0.059409427 0)
(-0.18074753 -0.062948162 0)
(-0.18782356 -0.065549151 0)
(-0.19436683 -0.067305753 0)
(-0.19979731 -0.068536858 0)
(-0.20362895 -0.069796179 0)
(-0.20557816 -0.071874973 0)
(-0.20566848 -0.075766619 0)
(-0.20430847 -0.082581431 0)
(-0.20232201 -0.09342238 0)
(-0.20093632 -0.10925371 0)
(-0.20173686 -0.13078036 0)
(-0.20658017 -0.15832881 0)
(-0.21743559 -0.19169746 0)
(-0.23613555 -0.23001263 0)
(-0.2640914 -0.27171069 0)
(-0.30206884 -0.3146706 0)
(-0.35010508 -0.35647978 0)
(-0.4075772 -0.39466319 0)
(-0.4732786 -0.42682309 0)
(-0.54545727 -0.45068262 0)
(-0.6219064 -0.46401421 0)
(-0.70003773 -0.4646581 0)
(-0.77680213 -0.45085154 0)
(-0.84866375 -0.42164083 0)
(-0.91203623 -0.37711078 0)
(-0.96363529 -0.3185623 0)
(-1.000461 -0.24897973 0)
(-1.0201524 -0.17315842 0)
(-1.0218546 -0.097538128 0)
(-1.0065495 -0.029353444 0)
(-0.97718244 0.02531169 0)
(-0.93960286 0.060954601 0)
(-0.90104334 0.075821764 0)
(-0.86867089 0.072893854 0)
(-0.8478979 0.059009131 0)
(-0.84078237 0.043103068 0)
(-0.84542184 0.033003448 0)
(-0.85740087 0.033690164 0)
(-0.87165808 0.047183162 0)
(-0.88376837 0.072890832 0)
(-0.88979057 0.10821525 0)
(-0.88614744 0.14816002 0)
(-0.87109694 0.18598041 0)
(-0.84636913 0.21518918 0)
(-0.81618341 0.2332781 0)
(-0.78462004 0.24262555 0)
(-0.75382835 0.24760868 0)
(-0.72446134 0.25111851 0)
(-0.69690832 0.25517394 0)
(-0.6713219 0.26217149 0)
(-0.64664686 0.27506605 0)
(-0.61988176 0.29641674 0)
(-0.5862447 0.32708672 0)
(-0.54062277 0.36401149 0)
(-0.48044041 0.39889828 0)
(-0.40885793 0.42059038 0)
(-0.3337461 0.4229894 0)
(-0.26301413 0.40833183 0)
(-0.20145223 0.38144967 0)
(-0.15077613 0.3477445 0)
(-0.11066931 0.31120109 0)
(-0.07986433 0.27492252 0)
(-0.056709542 0.24059437 0)
(-0.039627624 0.20919243 0)
(-0.027238962 0.1810502 0)
(-0.01836418 0.1564088 0)
(-0.012045538 0.13496429 0)
(-0.0076237184 0.11647545 0)
(-0.0045732874 0.10065625 0)
(-0.0025112008 0.087216178 0)
(-0.00115554 0.075878291 0)
(-0.00030874827 0.06639386 0)
(0.00018100932 0.058544833 0)
(0.00043639313 0.052145998 0)
(0.00052550157 0.047043015 0)
(0.00049962797 0.043111255 0)
(0.00039728181 0.040253454 0)
(0.00024231348 0.038373448 0)
(6.8609336e-05 0.036043923 0)
(-0.0094074278 0.034333401 0)
(-0.039882316 0.088367902 0)
(-0.059236955 0.11581761 0)
(-0.078788198 0.12938903 0)
(-0.10512915 0.13698898 0)
(-0.13865767 0.13598526 0)
(-0.17376441 0.11745073 0)
(-0.2013047 0.075569754 0)
(-0.21337086 0.013523805 0)
(-0.20836179 -0.056327965 0)
(-0.18827464 -0.11797487 0)
(-0.1530825 -0.15609746 0)
(-0.10627118 -0.15787697 0)
(-0.059315053 -0.12406492 0)
(-0.031590683 -0.085679504 0)
(-0.029725218 -0.068453372 0)
(-0.028505041 -0.056427478 0)
(-0.029619245 -0.04715435 0)
(-0.031593279 -0.041019707 0)
(-0.033853317 -0.036787809 0)
(-0.036153448 -0.033846657 0)
(-0.038531906 -0.031752315 0)
(-0.041106945 -0.030088822 0)
(-0.043869058 -0.028413818 0)
(-0.046602836 -0.026402723 0)
(-0.049013997 -0.024001109 0)
(-0.050902861 -0.02138317 0)
(-0.052226926 -0.018783021 0)
(-0.053074792 -0.016385441 0)
(-0.053614606 -0.014295711 0)
(-0.054021491 -0.012524335 0)
(-0.054413583 -0.010999627 0)
(-0.054787591 -0.0095973032 0)
(-0.054960218 -0.0082698825 0)
(-0.054714897 -0.0072402622 0)
(-0.054158276 -0.0069004356 0)
(-0.053794144 -0.0073180945 0)
(-0.054057182 -0.0080318695 0)
(-0.054870703 -0.0084647336 0)
(-0.055870425 -0.0084529319 0)
(-0.056856048 -0.0081687852 0)
(-0.057806435 -0.0078014748 0)
(-0.058711496 -0.0074444871 0)
(-0.059545093 -0.0071196571 0)
(-0.060293212 -0.0068312805 0)
(-0.060953567 -0.0065862215 0)
(-0.061527469 -0.0063968136 0)
(-0.062014789 -0.0062876953 0)
(-0.062418325 -0.0062949762 0)
(-0.062754352 -0.0064615599 0)
(-0.063062386 -0.0068264086 0)
(-0.063406389 -0.0074069024 0)
(-0.063860235 -0.0081840054 0)
(-0.064480967 -0.0091028498 0)
(-0.065286224 -0.01009353 0)
(-0.066251545 -0.011101808 0)
(-0.067329377 -0.012111255 0)
(-0.068478932 -0.013146361 0)
(-0.069689771 -0.014258187 0)
(-0.070990289 -0.015505331 0)
(-0.072447191 -0.016933608 0)
(-0.074159535 -0.018564686 0)
(-0.076251341 -0.020381711 0)
(-0.078864011 -0.022318254 0)
(-0.08214681 -0.024241302 0)
(-0.086238604 -0.025924797 0)
(-0.091218345 -0.027022998 0)
(-0.097008023 -0.027069732 0)
(-0.10325144 -0.02554755 0)
(-0.10923648 -0.022065032 0)
(-0.11397496 -0.016614875 0)
(-0.11653224 -0.009776469 0)
(-0.11642927 -0.0026603692 0)
(-0.11383266 0.0034839391 0)
(-0.10971782 0.0076125883 0)
(-0.10525995 0.0095256214 0)
(-0.10125841 0.0097071488 0)
(-0.09804434 0.0087846161 0)
(-0.095678463 0.0072058874 0)
(-0.094109801 0.0052920528 0)
(-0.093234078 0.0032650544 0)
(-0.092927951 0.0012639801 0)
(-0.093066506 -0.00061875488 0)
(-0.093555407 -0.0023035541 0)
(-0.094312338 -0.0037884853 0)
(-0.095258887 -0.0050917968 0)
(-0.096343623 -0.0062305587 0)
(-0.0975298 -0.0072229784 0)
(-0.098790943 -0.0080864889 0)
(-0.1001074 -0.0088366586 0)
(-0.10146401 -0.0094876246 0)
(-0.1028493 -0.01005302 0)
(-0.10425575 -0.010545888 0)
(-0.10567954 -0.010977326 0)
(-0.10711918 -0.011355378 0)
(-0.10857366 -0.011685042 0)
(-0.11004096 -0.011969119 0)
(-0.11151743 -0.0122097 0)
(-0.11299845 -0.012409579 0)
(-0.11448009 -0.012572825 0)
(-0.11596058 -0.012704369 0)
(-0.1174407 -0.01280899 0)
(-0.11892293 -0.012890681 0)
(-0.12041066 -0.012952024 0)
(-0.12190651 -0.012992595 0)
(-0.12340932 -0.013008269 0)
(-0.12491188 -0.012993879 0)
(-0.12640266 -0.012947862 0)
(-0.12787114 -0.012875169 0)
(-0.12931338 -0.012786209 0)
(-0.13073472 -0.012692575 0)
(-0.13214858 -0.012601769 0)
(-0.13357186 -0.012512585 0)
(-0.13501869 -0.012413332 0)
(-0.13649591 -0.012285238 0)
(-0.13800337 -0.012108627 0)
(-0.13953683 -0.011866412 0)
(-0.14108925 -0.011543052 0)
(-0.14264971 -0.011121762 0)
(-0.14420007 -0.010585716 0)
(-0.14571546 -0.0099182147 0)
(-0.14716311 -0.0091098439 0)
(-0.14850424 -0.0081607286 0)
(-0.14970105 -0.0070835197 0)
(-0.15072036 -0.0059021927 0)
(-0.15153806 -0.0046497657 0)
(-0.15214213 -0.0033646467 0)
(-0.15253266 -0.0020834327 0)
(-0.15271481 -0.0008382268 0)
(-0.15271175 0.00036466641 0)
(-0.15253884 0.0014409 0)
(-0.15220435 0.002409791 0)
(-0.15172479 0.003276201 0)
(-0.15110341 0.0040310593 0)
(-0.15034106 0.0046564654 0)
(-0.14944039 0.0051220602 0)
(-0.14841477 0.0053896931 0)
(-0.14729206 0.0054231794 0)
(-0.14611275 0.0051923517 0)
(-0.14492689 0.0046752237 0)
(-0.14378662 0.0038627798 0)
(-0.14273952 0.0027603156 0)
(-0.14183372 0.001381538 0)
(-0.14110346 -0.00025552059 0)
(-0.14057549 -0.0021294848 0)
(-0.14028186 -0.004200236 0)
(-0.14024361 -0.0064532707 0)
(-0.14047589 -0.0088727701 0)
(-0.14099425 -0.011441597 0)
(-0.14180921 -0.014141059 0)
(-0.14292166 -0.016954693 0)
(-0.14432554 -0.019876724 0)
(-0.14601476 -0.02291762 0)
(-0.14799231 -0.026106182 0)
(-0.15028888 -0.029489695 0)
(-0.15298322 -0.033118731 0)
(-0.15619561 -0.037008967 0)
(-0.16004878 -0.041105875 0)
(-0.16462211 -0.045280698 0)
(-0.16991194 -0.049350203 0)
(-0.17579885 -0.053115628 0)
(-0.18204245 -0.056424935 0)
(-0.18831059 -0.05923253 0)
(-0.19422453 -0.061640176 0)
(-0.19941037 -0.063922569 0)
(-0.20356158 -0.066534668 0)
(-0.20651222 -0.07009259 0)
(-0.20830992 -0.075326176 0)
(-0.20927149 -0.083006753 0)
(-0.21000811 -0.093863562 0)
(-0.21142243 -0.10850389 0)
(-0.21468537 -0.12733575 0)
(-0.22118223 -0.15048728 0)
(-0.23240609 -0.17771616 0)
(-0.24979253 -0.20833164 0)
(-0.2745247 -0.24118108 0)
(-0.3073705 -0.27472606 0)
(-0.34860671 -0.30719444 0)
(-0.39802995 -0.33673518 0)
(-0.45497562 -0.36151442 0)
(-0.51834923 -0.37977176 0)
(-0.58663311 -0.38986381 0)
(-0.65781038 -0.39028353 0)
(-0.72931695 -0.37974097 0)
(-0.79808835 -0.35743435 0)
(-0.8607725 -0.32340802 0)
(-0.91400342 -0.27864993 0)
(-0.9546805 -0.2252785 0)
(-0.98043423 -0.16677529 0)
(-0.99014231 -0.10777082 0)
(-0.98449751 -0.053281386 0)
(-0.96670083 -0.0080352246 0)
(-0.94110307 0.024276003 0)
(-0.91337495 0.042375779 0)
(-0.88921683 0.048123266 0)
(-0.87274238 0.045786406 0)
(-0.8653944 0.040831901 0)
(-0.8659579 0.038409881 0)
(-0.87130231 0.042165818 0)
(-0.87732827 0.053760964 0)
(-0.87995653 0.07297415 0)
(-0.87582 0.098238771 0)
(-0.86273385 0.12658601 0)
(-0.8403963 0.15397556 0)
(-0.81078731 0.17676906 0)
(-0.77734061 0.19347248 0)
(-0.74333644 0.20495622 0)
(-0.71083532 0.21328425 0)
(-0.68071858 0.22044907 0)
(-0.65318796 0.22816031 0)
(-0.62783624 0.23815932 0)
(-0.60323983 0.25213304 0)
(-0.5767715 0.27109331 0)
(-0.54503209 0.29461776 0)
(-0.50490567 0.31999948 0)
(-0.45514554 0.3421799 0)
(-0.39770933 0.35554316 0)
(-0.33730967 0.3569991 0)
(-0.27892963 0.34712005 0)
(-0.226027 0.32831001 0)
(-0.18030744 0.30368122 0)
(-0.14215882 0.2759599 0)
(-0.11114601 0.24738205 0)
(-0.086405372 0.21945813 0)
(-0.066944863 0.19318701 0)
(-0.051798564 0.16910319 0)
(-0.040082355 0.14748727 0)
(-0.031039583 0.12834256 0)
(-0.024072107 0.11158099 0)
(-0.018697833 0.097049742 0)
(-0.014543165 0.084558921 0)
(-0.011318166 0.073920646 0)
(-0.0087999593 0.06494498 0)
(-0.0068147899 0.057474567 0)
(-0.005225805 0.051351996 0)
(-0.0039323571 0.046446958 0)
(-0.0028558511 0.042654142 0)
(-0.0019331409 0.039891067 0)
(-0.0011283255 0.038088387 0)
(-0.00036898098 0.035742855 0)
(-0.0037258321 0.054688956 0)
(-0.027012713 0.11057019 0)
(-0.042703066 0.13591004 0)
(-0.061641862 0.1531112 0)
(-0.087141092 0.16668469 0)
(-0.11763141 0.16814972 0)
(-0.14671418 0.14551238 0)
(-0.16647472 0.093058562 0)
(-0.17231333 0.016956315 0)
(-0.16650317 -0.067119964 0)
(-0.15175786 -0.14288032 0)
(-0.1263637 -0.19603009 0)
(-0.089774382 -0.20860601 0)
(-0.048488841 -0.16920631 0)
(-0.012183701 -0.10138223 0)
(-0.011185583 -0.067119725 0)
(-0.017734921 -0.054264946 0)
(-0.022070043 -0.044248609 0)
(-0.02639526 -0.03791705 0)
(-0.030115578 -0.033834709 0)
(-0.033367906 -0.031124565 0)
(-0.036249438 -0.029179286 0)
(-0.038930485 -0.027570371 0)
(-0.041501683 -0.025960897 0)
(-0.043919395 -0.024144324 0)
(-0.04606269 -0.02208342 0)
(-0.04783751 -0.019872288 0)
(-0.049225385 -0.017656338 0)
(-0.050272021 -0.015571105 0)
(-0.051059257 -0.013701892 0)
(-0.051675075 -0.012064985 0)
(-0.052188548 -0.010623863 0)
(-0.052616979 -0.009319886 0)
(-0.052895622 -0.0081372644 0)
(-0.052951211 -0.0071858366 0)
(-0.052874847 -0.006651626 0)
(-0.05294712 -0.0065766057 0)
(-0.053394519 -0.0067501274 0)
(-0.054177985 -0.0068962848 0)
(-0.055095473 -0.0069153774 0)
(-0.056000377 -0.0068413791 0)
(-0.056855018 -0.0067086613 0)
(-0.057666738 -0.0065324942 0)
(-0.058442511 -0.0063325009 0)
(-0.059179331 -0.006133567 0)
(-0.059867603 -0.0059624413 0)
(-0.060499627 -0.0058436177 0)
(-0.061074769 -0.0058002982 0)
(-0.061600239 -0.0058574249 0)
(-0.06209374 -0.0060409824 0)
(-0.062586377 -0.0063729135 0)
(-0.063120873 -0.0068626727 0)
(-0.063742548 -0.0074999386 0)
(-0.064485734 -0.0082549905 0)
(-0.065363613 -0.0090892913 0)
(-0.066368173 -0.0099711761 0)
(-0.067480428 -0.010888161 0)
(-0.068685735 -0.011849683 0)
(-0.069987566 -0.012879241 0)
(-0.071412724 -0.014003576 0)
(-0.073012187 -0.015239992 0)
(-0.074857156 -0.016586216 0)
(-0.077032453 -0.018010546 0)
(-0.079628772 -0.019442384 0)
(-0.082730731 -0.020762055 0)
(-0.08639778 -0.021789072 0)
(-0.090626287 -0.022274182 0)
(-0.09528996 -0.021912998 0)
(-0.10008329 -0.020404804 0)
(-0.10451232 -0.017564796 0)
(-0.1079754 -0.013466498 0)
(-0.10994346 -0.0085337389 0)
(-0.11014941 -0.0034639369 0)
(-0.10870598 0.00098583861 0)
(-0.10615958 0.0041886281 0)
(-0.10320983 0.0059848494 0)
(-0.10037858 0.0065654575 0)
(-0.097960562 0.0062518874 0)
(-0.096077984 0.0053377512 0)
(-0.094753158 0.0040651487 0)
(-0.093951566 0.0026188471 0)
(-0.093611427 0.0011293727 0)
(-0.093660959 -0.00031898577 0)
(-0.094023267 -0.0016822884 0)
(-0.094631306 -0.0029274585 0)
(-0.095433117 -0.0040462773 0)
(-0.096384331 -0.0050411945 0)
(-0.097450716 -0.0059199329 0)
(-0.098606029 -0.0066923419 0)
(-0.099829941 -0.0073688292 0)
(-0.10110653 -0.0079598048 0)
(-0.10242357 -0.0084755404 0)
(-0.10377223 -0.0089257661 0)
(-0.10514664 -0.0093189448 0)
(-0.10654298 -0.0096618059 0)
(-0.10795833 -0.0099594116 0)
(-0.10938974 -0.010215607 0)
(-0.1108339 -0.010433662 0)
(-0.11228745 -0.010616816 0)
(-0.11374759 -0.010768507 0)
(-0.11521245 -0.010892192 0)
(-0.11668117 -0.01099083 0)
(-0.11815364 -0.01106643 0)
(-0.11963024 -0.011119687 0)
(-0.12111113 -0.011149543 0)
(-0.12259499 -0.011153554 0)
(-0.12407791 -0.011129806 0)
(-0.12555398 -0.011079299 0)
(-0.12701748 -0.011006906 0)
(-0.12846581 -0.010920143 0)
(-0.12990124 -0.010826398 0)
(-0.13133068 -0.01072988 0)
(-0.13276336 -0.010629254 0)
(-0.13420737 -0.010516953 0)
(-0.13566651 -0.010380788 0)
(-0.13713957 -0.010206518 0)
(-0.13862161 -0.0099793833 0)
(-0.14010484 -0.0096843871 0)
(-0.14157938 -0.0093064478 0)
(-0.1430297 -0.0088323608 0)
(-0.14443584 -0.0082509172 0)
(-0.14577313 -0.0075565704 0)
(-0.14701213 -0.0067512886 0)
(-0.14812473 -0.0058460679 0)
(-0.1490865 -0.0048601113 0)
(-0.14988014 -0.0038187379 0)
(-0.15049428 -0.0027511047 0)
(-0.15092518 -0.0016866532 0)
(-0.15117675 -0.00065205463 0)
(-0.15126224 0.00032602662 0)
(-0.15119343 0.0012402202 0)
(-0.15097851 0.0020700769 0)
(-0.15062801 0.002804278 0)
(-0.15014809 0.0034284475 0)
(-0.14954424 0.0039250626 0)
(-0.14882599 0.0042713765 0)
(-0.14801048 0.0044405721 0)
(-0.14712377 0.0044053768 0)
(-0.14619942 0.0041419067 0)
(-0.14527532 0.0036351636 0)
(-0.14439145 0.0028812367 0)
(-0.14359211 0.0018835353 0)
(-0.14291869 0.00065351183 0)
(-0.14240509 -0.00079029468 0)
(-0.14207998 -0.0024338742 0)
(-0.14196798 -0.004261336 0)
(-0.14209134 -0.0062545118 0)
(-0.14246808 -0.0083983256 0)
(-0.14311408 -0.010678518 0)
(-0.14404169 -0.013081114 0)
(-0.14525894 -0.015595509 0)
(-0.14677209 -0.018219441 0)
(-0.1485897 -0.020961354 0)
(-0.15072775 -0.023840043 0)
(-0.15321906 -0.026880874 0)
(-0.15612093 -0.030102713 0)
(-0.15950821 -0.033497062 0)
(-0.1634507 -0.03701419 0)
(-0.16798643 -0.040565885 0)
(-0.17309703 -0.044041077 0)
(-0.17869031 -0.047334314 0)
(-0.18460004 -0.050385283 0)
(-0.19060433 -0.053215245 0)
(-0.1964563 -0.055951727 0)
(-0.20192367 -0.058841654 0)
(-0.20683516 -0.062252245 0)
(-0.21112924 -0.066654366 0)
(-0.21489829 -0.072585251 0)
(-0.21841948 -0.080592195 0)
(-0.22216726 -0.091168072 0)
(-0.22680873 -0.10469015 0)
(-0.23318507 -0.12136473 0)
(-0.24227391 -0.14117244 0)
(-0.25511938 -0.16381653 0)
(-0.27272665 -0.18868631 0)
(-0.29593674 -0.21485761 0)
(-0.32531466 -0.2411432 0)
(-0.36108242 -0.26618652 0)
(-0.40310248 -0.28856204 0)
(-0.45087453 -0.30684652 0)
(-0.50355416 -0.31969515 0)
(-0.55995906 -0.32587522 0)
(-0.61853209 -0.3243298 0)
(-0.67730898 -0.31428181 0)
(-0.73395991 -0.29537295 0)
(-0.78592855 -0.26783223 0)
(-0.83061272 -0.23259047 0)
(-0.86564168 -0.19136374 0)
(-0.88926419 -0.14668544 0)
(-0.90073101 -0.10174704 0)
(-0.90069891 -0.060076417 0)
(-0.89146404 -0.024904611 0)
(-0.87641364 0.0018884009 0)
(-0.85914208 0.019712871 0)
(-0.84329494 0.029534468 0)
(-0.83140323 0.033829291 0)
(-0.82445098 0.035852522 0)
(-0.82183396 0.038774996 0)
(-0.82173705 0.045001934 0)
(-0.8216684 0.055792821 0)
(-0.81902281 0.071158622 0)
(-0.81166064 0.090095171 0)
(-0.79841635 0.11081994 0)
(-0.77941524 0.13112834 0)
(-0.75598806 0.14910529 0)
(-0.73009169 0.16384875 0)
(-0.70354708 0.17561945 0)
(-0.67756179 0.18541298 0)
(-0.6526622 0.19441416 0)
(-0.62879754 0.20376138 0)
(-0.60535172 0.21454145 0)
(-0.58105335 0.22763421 0)
(-0.55405674 0.24332771 0)
(-0.52234067 0.26092374 0)
(-0.48440652 0.27846219 0)
(-0.44010375 0.29296871 0)
(-0.39104053 0.3014295 0)
(-0.3400945 0.30209481 0)
(-0.29027909 0.29499912 0)
(-0.24394031 0.28138077 0)
(-0.20250558 0.26305321 0)
(-0.16656844 0.24184056 0)
(-0.13611464 0.21934519 0)
(-0.1107491 0.19679437 0)
(-0.089888136 0.17506572 0)
(-0.072882382 0.15472469 0)
(-0.059091363 0.1361052 0)
(-0.047932698 0.11934336 0)
(-0.038905673 0.10445904 0)
(-0.031589093 0.09139528 0)
(-0.025636895 0.080048471 0)
(-0.020767537 0.070296876 0)
(-0.016753711 0.062009773 0)
(-0.013411307 0.055063847 0)
(-0.010590882 0.049340825 0)
(-0.0081722607 0.044737013 0)
(-0.0060568512 0.041165426 0)
(-0.0041619015 0.038558781 0)
(-0.0024368335 0.036880587 0)
(-0.00078362071 0.034562775 0)
(0.0023797614 0.065889114 0)
(-0.011516349 0.12609732 0)
(-0.020742454 0.15246917 0)
(-0.034265218 0.17308394 0)
(-0.051700665 0.19030071 0)
(-0.070815839 0.19159634 0)
(-0.086484807 0.16393868 0)
(-0.093842512 0.1031482 0)
(-0.091102415 0.018408868 0)
(-0.084462665 -0.073025351 0)
(-0.075538873 -0.15513332 0)
(-0.061785702 -0.21811712 0)
(-0.04084366 -0.24127979 0)
(-0.018640044 -0.20591562 0)
(0.0068885637 -0.12091132 0)
(0.011117154 -0.060585369 0)
(-0.0057169151 -0.045413339 0)
(-0.015162258 -0.037866028 0)
(-0.022208945 -0.032831935 0)
(-0.027280233 -0.029741901 0)
(-0.031199592 -0.027733159 0)
(-0.034354691 -0.026223776 0)
(-0.037058546 -0.024866125 0)
(-0.039489486 -0.023447674 0)
(-0.041702438 -0.021860456 0)
(-0.043673038 -0.020098542 0)
(-0.045365539 -0.018231216 0)
(-0.046773273 -0.016355146 0)
(-0.047924006 -0.014558906 0)
(-0.048866857 -0.012904851 0)
(-0.049654677 -0.011422867 0)
(-0.050330171 -0.010115688 0)
(-0.050909679 -0.0089697209 0)
(-0.051370766 -0.0079846307 0)
(-0.051691191 -0.0072114465 0)
(-0.051929688 -0.006727085 0)
(-0.052231464 -0.0065307427 0)
(-0.052718059 -0.0064948253 0)
(-0.053395724 -0.006459052 0)
(-0.054191737 -0.006347649 0)
(-0.0550368 -0.0061713688 0)
(-0.055888821 -0.0059663552 0)
(-0.056721604 -0.0057602265 0)
(-0.057520766 -0.0055691832 0)
(-0.058282036 -0.0054037312 0)
(-0.059005191 -0.0052752749 0)
(-0.059690783 -0.0051996256 0)
(-0.060341809 -0.0051951579 0)
(-0.060966164 -0.0052808543 0)
(-0.061578543 -0.0054743097 0)
(-0.062201534 -0.0057881329 0)
(-0.06286419 -0.0062255868 0)
(-0.063596926 -0.0067777301 0)
(-0.064424245 -0.0074248722 0)
(-0.065359316 -0.0081429491 0)
(-0.066403979 -0.0089118985 0)
(-0.06755429 -0.0097220131 0)
(-0.068808559 -0.010575467 0)
(-0.070175754 -0.011481791 0)
(-0.071678525 -0.012450408 0)
(-0.07335386 -0.013482658 0)
(-0.075250485 -0.01456387 0)
(-0.077422644 -0.015656539 0)
(-0.0799232 -0.016693957 0)
(-0.082792622 -0.017574843 0)
(-0.086043206 -0.01815978 0)
(-0.089633036 -0.018273398 0)
(-0.093433065 -0.017722503 0)
(-0.097204712 -0.016341258 0)
(-0.10060962 -0.01406003 0)
(-0.10326968 -0.010974796 0)
(-0.10487217 -0.007376825 0)
(-0.10526827 -0.0037018263 0)
(-0.10454461 -0.00042851176 0)
(-0.10301524 0.0020522533 0)
(-0.10109498 0.0036204442 0)
(-0.099140361 0.0043385421 0)
(-0.097383139 0.0043692843 0)
(-0.09595195 0.0038934535 0)
(-0.09490079 0.0030775966 0)
(-0.094233774 0.0020594092 0)
(-0.093926101 0.00094587819 0)
(-0.093938022 -0.00018515859 0)
(-0.094223583 -0.0012829243 0)
(-0.094736253 -0.0023170859 0)
(-0.095433707 -0.003270839 0)
(-0.096280774 -0.0041376402 0)
(-0.097248158 -0.004917565 0)
(-0.098311829 -0.0056144043 0)
(-0.099452254 -0.0062338275 0)
(-0.10065369 -0.0067823495 0)
(-0.10190366 -0.0072667878 0)
(-0.1031926 -0.0076938282 0)
(-0.10451334 -0.0080695616 0)
(-0.10586052 -0.0083991329 0)
(-0.10722988 -0.0086866309 0)
(-0.10861779 -0.0089352558 0)
(-0.11002101 -0.0091476909 0)
(-0.11143675 -0.0093264626 0)
(-0.11286278 -0.0094741421 0)
(-0.11429751 -0.0095933653 0)
(-0.11573991 -0.0096867131 0)
(-0.11718929 -0.0097565147 0)
(-0.11864501 -0.0098045529 0)
(-0.12010594 -0.009831748 0)
(-0.12156969 -0.0098382003 0)
(-0.1230324 -0.0098238306 0)
(-0.12448947 -0.0097893005 0)
(-0.12593693 -0.0097365645 0)
(-0.12737287 -0.0096685438 0)
(-0.12879826 -0.0095879337 0)
(-0.13021676 -0.0094956379 0)
(-0.13163325 -0.0093893737 0)
(-0.13305187 -0.0092630629 0)
(-0.13447446 -0.0091075562 0)
(-0.13589992 -0.0089122253 0)
(-0.1373242 -0.0086662375 0)
(-0.13873994 -0.0083591826 0)
(-0.14013758 -0.00798137 0)
(-0.14150253 -0.0075244893 0)
(-0.14281765 -0.0069828506 0)
(-0.14406374 -0.0063546999 0)
(-0.14521886 -0.0056437526 0)
(-0.14626244 -0.0048590639 0)
(-0.14717505 -0.004015461 0)
(-0.14794181 -0.0031317923 0)
(-0.14855415 -0.002228803 0)
(-0.1490097 -0.001329184 0)
(-0.14931144 -0.00045483001 0)
(-0.14946368 0.00037373529 0)
(-0.14947431 0.0011444411 0)
(-0.14935387 0.0018424528 0)
(-0.14911109 0.0024540824 0)
(-0.14875454 0.0029642112 0)
(-0.14829373 0.0033556431 0)
(-0.14774126 0.0036090578 0)
(-0.14711458 0.0037037251 0)
(-0.14643723 0.0036204664 0)
(-0.14573692 0.0033433998 0)
(-0.14504539 0.0028611512 0)
(-0.14439903 0.0021685295 0)
(-0.1438319 0.0012664995 0)
(-0.14337663 0.0001646776 0)
(-0.1430636 -0.0011244306 0)
(-0.14291993 -0.0025857621 0)
(-0.14297203 -0.0042055846 0)
(-0.14324214 -0.0059689476 0)
(-0.1437505 -0.0078623179 0)
(-0.14451543 -0.0098738696 0)
(-0.14555231 -0.011993502 0)
(-0.14687334 -0.014214143 0)
(-0.1484901 -0.016533611 0)
(-0.15041724 -0.018955394 0)
(-0.15267613 -0.021488106 0)
(-0.15529889 -0.024142435 0)
(-0.15832965 -0.026923238 0)
(-0.16181784 -0.029819179 0)
(-0.16580444 -0.03279703 0)
(-0.17030648 -0.035804463 0)
(-0.17530329 -0.038780947 0)
(-0.18072826 -0.04167739 0)
(-0.18647101 -0.044481508 0)
(-0.19239111 -0.047241435 0)
(-0.19834054 -0.050082872 0)
(-0.2041926 -0.053217426 0)
(-0.20987495 -0.056939853 0)
(-0.21540304 -0.061612213 0)
(-0.22090823 -0.067633951 0)
(-0.22665472 -0.075399914 0)
(-0.23304237 -0.085252049 0)
(-0.24059642 -0.097431004 0)
(-0.24994676 -0.11203115 0)
(-0.26179499 -0.12896012 0)
(-0.27686406 -0.14790725 0)
(-0.29582963 -0.16833042 0)
(-0.31924029 -0.1894693 0)
(-0.34744564 -0.21038532 0)
(-0.38054762 -0.23002289 0)
(-0.41837339 -0.24727466 0)
(-0.4604706 -0.26103242 0)
(-0.50610915 -0.27026592 0)
(-0.55427996 -0.2740453 0)
(-0.60369992 -0.27161393 0)
(-0.6528124 -0.26246983 0)
(-0.69983801 -0.24647173 0)
(-0.74288804 -0.22392876 0)
(-0.7801032 -0.19567094 0)
(-0.80983998 -0.16310158 0)
(-0.83094615 -0.12815675 0)
(-0.84303792 -0.093145974 0)
(-0.84666084 -0.060513416 0)
(-0.84332305 -0.032386423 0)
(-0.83525651 -0.010011194 0)
(-0.82496963 0.0062913372 0)
(-0.8147207 0.017239291 0)
(-0.80612726 0.024413319 0)
(-0.79990214 0.029835654 0)
(-0.79579857 0.035496822 0)
(-0.79281537 0.042949441 0)
(-0.78951887 0.053073142 0)
(-0.784388 0.065977672 0)
(-0.77615903 0.08106341 0)
(-0.76412952 0.09722198 0)
(-0.74831544 0.11316103 0)
(-0.72936836 0.12780925 0)
(-0.70827171 0.14063045 0)
(-0.68597885 0.15168775 0)
(-0.66316496 0.16146747 0)
(-0.64013506 0.17065196 0)
(-0.61681626 0.17996854 0)
(-0.59275412 0.19008402 0)
(-0.56712038 0.2014431 0)
(-0.5388369 0.21403486 0)
(-0.50686385 0.22720048 0)
(-0.4705982 0.23957873 0)
(-0.43024663 0.24935113 0)
(-0.38693972 0.25479473 0)
(-0.34245598 0.25488375 0)
(-0.29870786 0.24953001 0)
(-0.25731489 0.23938693 0)
(-0.21940027 0.22554156 0)
(-0.18556921 0.20920114 0)
(-0.15599937 0.19150149 0)
(-0.1305614 0.17339068 0)
(-0.10893761 0.1555997 0)
(-0.090711816 0.13864835 0)
(-0.075435058 0.12287538 0)
(-0.062668733 0.10847042 0)
(-0.052010146 0.095515994 0)
(-0.043102613 0.084019418 0)
(-0.035638192 0.07393884 0)
(-0.029354935 0.065203828 0)
(-0.024031865 0.057729146 0)
(-0.019483122 0.051425829 0)
(-0.015552339 0.046206538 0)
(-0.012107711 0.041991303 0)
(-0.0090365629 0.038710984 0)
(-0.0062411606 0.036313333 0)
(-0.0036552439 0.034791148 0)
(-0.0011670087 0.032560171 0)
(0.0094377896 0.066168622 0)
(0.006693198 0.13312289 0)
(0.0061211925 0.16150371 0)
(0.0011124095 0.18380492 0)
(-0.0036128837 0.20181639 0)
(-0.0072363038 0.20142523 0)
(-0.0069749366 0.16961587 0)
(-0.0020537029 0.10344947 0)
(0.0061701597 0.014745118 0)
(0.01208713 -0.076310502 0)
(0.01616289 -0.15931031 0)
(0.02064633 -0.226002 0)
(0.027130232 -0.25325472 0)
(0.028718133 -0.22011004 0)
(0.029364442 -0.13264256 0)
(0.028819191 -0.051050544 0)
(0.0059823238 -0.02828227 0)
(-0.010258236 -0.027014754 0)
(-0.020059866 -0.02555705 0)
(-0.026318499 -0.024699251 0)
(-0.030522939 -0.024059365 0)
(-0.033545328 -0.023346235 0)
(-0.035954553 -0.022435396 0)
(-0.038054864 -0.021288191 0)
(-0.039973349 -0.019912844 0)
(-0.041733646 -0.018359319 0)
(-0.043321673 -0.016707003 0)
(-0.044725112 -0.015042818 0)
(-0.045947168 -0.013441783 0)
(-0.047005247 -0.011955876 0)
(-0.047923958 -0.010612205 0)
(-0.048728004 -0.0094182038 0)
(-0.049433065 -0.008369789 0)
(-0.050039348 -0.0074674994 0)
(-0.050549882 -0.0067351277 0)
(-0.05100817 -0.0062061915 0)
(-0.051499548 -0.005876527 0)
(-0.052094002 -0.0056838841 0)
(-0.052798515 -0.0055469825 0)
(-0.05357511 -0.0054142998 0)
(-0.054384891 -0.0052683241 0)
(-0.055205058 -0.0051082259 0)
(-0.056022494 -0.004942045 0)
(-0.056827251 -0.0047839237 0)
(-0.05761173 -0.0046493704 0)
(-0.058371934 -0.0045524991 0)
(-0.059107818 -0.0045067918 0)
(-0.059823013 -0.0045258291 0)
(-0.060525333 -0.0046227083 0)
(-0.0612275 -0.0048087626 0)
(-0.061947201 -0.005091572 0)
(-0.062705659 -0.0054726607 0)
(-0.063524533 -0.005946041 0)
(-0.064422132 -0.0064990559 0)
(-0.065410764 -0.0071159551 0)
(-0.066496823 -0.0077826417 0)
(-0.067683857 -0.0084901637 0)
(-0.068976648 -0.009235661 0)
(-0.070385785 -0.010019875 0)
(-0.07192929 -0.010841528 0)
(-0.073633102 -0.011692761 0)
(-0.075528643 -0.012553343 0)
(-0.077647606 -0.013385964 0)
(-0.080016458 -0.014132659 0)
(-0.082647156 -0.014712534 0)
(-0.085525727 -0.015022117 0)
(-0.088596106 -0.014941057 0)
(-0.091743364 -0.014348879 0)
(-0.094787223 -0.013156486 0)
(-0.097496442 -0.011346486 0)
(-0.099629997 -0.0090081384 0)
(-0.10099719 -0.0063447868 0)
(-0.10151655 -0.0036396095 0)
(-0.10125231 -0.0011987112 0)
(-0.10038755 0.00073843731 0)
(-0.099177329 0.0020666794 0)
(-0.097867414 0.0027945458 0)
(-0.096632198 0.0030043732 0)
(-0.095587175 0.0028054665 0)
(-0.094796258 0.002309588 0)
(-0.094283798 0.0016168946 0)
(-0.094047829 0.00080986489 0)
(-0.094073156 -4.8179286e-05 0)
(-0.094330654 -0.00090899334 0)
(-0.094788013 -0.001742544 0)
(-0.09541697 -0.0025289576 0)
(-0.096189542 -0.0032576458 0)
(-0.097081246 -0.0039243598 0)
(-0.098070965 -0.0045287691 0)
(-0.099140835 -0.0050728928 0)
(-0.10027596 -0.0055600863 0)
(-0.10146413 -0.0059943668 0)
(-0.10269557 -0.0063799527 0)
(-0.1039626 -0.0067209042 0)
(-0.10525923 -0.0070208715 0)
(-0.10658072 -0.0072829745 0)
(-0.10792317 -0.0075098329 0)
(-0.10928342 -0.0077037421 0)
(-0.11065887 -0.0078669021 0)
(-0.11204744 -0.0080015745 0)
(-0.11344747 -0.0081100853 0)
(-0.11485757 -0.008194693 0)
(-0.11627649 -0.0082573958 0)
(-0.11770291 -0.0082997268 0)
(-0.11913521 -0.0083226554 0)
(-0.12057105 -0.0083267968 0)
(-0.12200727 -0.0083128967 0)
(-0.12344018 -0.0082822209 0)
(-0.12486634 -0.0082365512 0)
(-0.12628345 -0.0081777534 0)
(-0.1276909 -0.0081069819 0)
(-0.1290897 -0.0080237108 0)
(-0.13048167 -0.0079250122 0)
(-0.13186836 -0.007805482 0)
(-0.13324999 -0.007657831 0)
(-0.13462473 -0.0074737205 0)
(-0.13598842 -0.0072444103 0)
(-0.13733431 -0.0069614111 0)
(-0.13865414 -0.0066173764 0)
(-0.139936 -0.0062064929 0)
(-0.14116658 -0.0057262832 0)
(-0.14233109 -0.0051768987 0)
(-0.14341164 -0.0045630077 0)
(-0.14439197 -0.0038927443 0)
(-0.14525772 -0.003178411 0)
(-0.14599735 -0.0024353067 0)
(-0.14660295 -0.0016794127 0)
(-0.14707161 -0.00092790948 0)
(-0.14740526 -0.00019787578 0)
(-0.14760758 0.00049573876 0)
(-0.14768393 0.0011391767 0)
(-0.14764301 0.0017190753 0)
(-0.14749484 0.0022216903 0)
(-0.14724929 0.0026328605 0)
(-0.14691701 0.0029370772 0)
(-0.14651181 0.0031178318 0)
(-0.1460502 0.003158824 0)
(-0.14555206 0.0030448824 0)
(-0.1450424 0.0027644976 0)
(-0.14454885 0.002310264 0)
(-0.14409978 0.0016787523 0)
(-0.14372485 0.00087284162 0)
(-0.14345342 -0.00010123681 0)
(-0.14331403 -0.0012318747 0)
(-0.14333402 -0.0025100264 0)
(-0.14353823 -0.0039247287 0)
(-0.14394806 -0.0054646808 0)
(-0.14458272 -0.0071188061 0)
(-0.14546002 -0.0088765914 0)
(-0.14659677 -0.0107287 0)
(-0.14800896 -0.012668325 0)
(-0.14971278 -0.01469232 0)
(-0.15172638 -0.016801068 0)
(-0.15407218 -0.018997262 0)
(-0.15677883 -0.02128332 0)
(-0.1598807 -0.023656873 0)
(-0.16341302 -0.026106123 0)
(-0.16740362 -0.028608536 0)
(-0.1718638 -0.031134489 0)
(-0.17678054 -0.033655798 0)
(-0.1821128 -0.036159063 0)
(-0.18779454 -0.038661559 0)
(-0.19374502 -0.041225777 0)
(-0.19988518 -0.043969596 0)
(-0.20615814 -0.047070136 0)
(-0.21255238 -0.050759712 0)
(-0.21912464 -0.055312608 0)
(-0.22601837 -0.0610224 0)
(-0.23347419 -0.068171241 0)
(-0.24183014 -0.076994207 0)
(-0.25151172 -0.087642314 0)
(-0.26301226 -0.10014727 0)
(-0.27686216 -0.11439067 0)
(-0.2935859 -0.13008274 0)
(-0.31365038 -0.14675769 0)
(-0.33741012 -0.16378934 0)
(-0.36506148 -0.18042561 0)
(-0.39660934 -0.19583534 0)
(-0.43183988 -0.20915589 0)
(-0.47032648 -0.21953484 0)
(-0.51141657 -0.2261946 0)
(-0.55423196 -0.22844959 0)
(-0.5976957 -0.22577366 0)
(-0.64054033 -0.21785191 0)
(-0.68136658 -0.20465493 0)
(-0.71873012 -0.18649829 0)
(-0.75125911 -0.16407687 0)
(-0.77780084 -0.13847898 0)
(-0.79758745 -0.11115173 0)
(-0.81040126 -0.083761874 0)
(-0.81667514 -0.057979883 0)
(-0.81744934 -0.03523063 0)
(-0.81420003 -0.016413408 0)
(-0.80859833 -0.0017510313 0)
(-0.80215174 0.0092305849 0)
(-0.79595212 0.017513493 0)
(-0.79055268 0.024397948 0)
(-0.78588713 0.031177042 0)
(-0.78139925 0.0388823 0)
(-0.77623839 0.048123906 0)
(-0.76948355 0.059027604 0)
(-0.76035863 0.071262051 0)
(-0.74840758 0.084167118 0)
(-0.73357961 0.096969183 0)
(-0.71619015 0.10902258 0)
(-0.69676607 0.11997953 0)
(-0.67585431 0.12983077 0)
(-0.65387585 0.13883076 0)
(-0.63104135 0.14738122 0)
(-0.60731809 0.15592684 0)
(-0.58242863 0.1648513 0)
(-0.5558815 0.17435279 0)
(-0.52707613 0.18430526 0)
(-0.49549293 0.19417254 0)
(-0.4609205 0.20303095 0)
(-0.42363602 0.20974978 0)
(-0.38444203 0.21329953 0)
(-0.3445153 0.21305052 0)
(-0.30514085 0.20890298 0)
(-0.26746825 0.20121885 0)
(-0.23236777 0.19066779 0)
(-0.20038687 0.17805144 0)
(-0.17177687 0.16417149 0)
(-0.14655379 0.14974063 0)
(-0.12456826 0.13534289 0)
(-0.10556753 0.12142223 0)
(-0.089245141 0.10829189 0)
(-0.075277435 0.096152319 0)
(-0.063347917 0.085115 0)
(-0.053161096 0.075224729 0)
(-0.044449471 0.066479251 0)
(-0.036975507 0.058845615 0)
(-0.030530757 0.052272447 0)
(-0.024933438 0.046699532 0)
(-0.020025234 0.042064341 0)
(-0.015667865 0.038307242 0)
(-0.011739251 0.035375113 0)
(-0.0081305382 0.03322946 0)
(-0.0047613774 0.031885862 0)
(-0.001513587 0.029801961 0)
(0.017435689 0.051958823 0)
(0.027595722 0.12937982 0)
(0.035540283 0.16175073 0)
(0.039873681 0.1831248 0)
(0.048014831 0.19851887 0)
(0.059834237 0.19572312 0)
(0.074581525 0.16240196 0)
(0.089346636 0.096744654 0)
(0.10047088 0.0099223081 0)
(0.10594807 -0.078393389 0)
(0.10462653 -0.15885939 0)
(0.1018343 -0.22384115 0)
(0.094633871 -0.24893183 0)
(0.07607387 -0.21297191 0)
(0.053529084 -0.12427584 0)
(0.038168367 -0.034501111 0)
(0.012603776 -0.0059252621 0)
(-0.0079575965 -0.012084142 0)
(-0.019907129 -0.016431721 0)
(-0.02696217 -0.019147865 0)
(-0.031187464 -0.020559771 0)
(-0.033837486 -0.020885251 0)
(-0.035757847 -0.020440822 0)
(-0.037393466 -0.019491541 0)
(-0.038934019 -0.018225983 0)
(-0.040427883 -0.016779028 0)
(-0.041862437 -0.015253825 0)
(-0.043211385 -0.013731996 0)
(-0.044454919 -0.012275493 0)
(-0.045584702 -0.01092626 0)
(-0.046602382 -0.0097078747 0)
(-0.047515883 -0.0086291572 0)
(-0.048333816 -0.0076891867 0)
(-0.049062034 -0.0068859893 0)
(-0.049712147 -0.0062258728 0)
(-0.050317304 -0.0057174268 0)
(-0.05093022 -0.0053492068 0)
(-0.051596268 -0.0050801878 0)
(-0.052330346 -0.0048613293 0)
(-0.053120432 -0.0046614239 0)
(-0.053945196 -0.004470696 0)
(-0.054785708 -0.0042901065 0)
(-0.05562859 -0.0041237949 0)
(-0.056465086 -0.0039777019 0)
(-0.057289434 -0.0038599692 0)
(-0.058098469 -0.0037806691 0)
(-0.058892023 -0.0037505038 0)
(-0.059673316 -0.0037799027 0)
(-0.060449197 -0.003878202 0)
(-0.061230286 -0.004052677 0)
(-0.062030694 -0.0043073435 0)
(-0.062866945 -0.0046417986 0)
(-0.063756005 -0.0050507703 0)
(-0.064713076 -0.0055248849 0)
(-0.065750058 -0.0060528018 0)
(-0.066875403 -0.0066239456 0)
(-0.068095882 -0.0072303025 0)
(-0.069418826 -0.007866747 0)
(-0.070854117 -0.0085295208 0)
(-0.072415018 -0.0092121498 0)
(-0.07411856 -0.0099028452 0)
(-0.07598284 -0.010580123 0)
(-0.078023217 -0.011210343 0)
(-0.080248166 -0.011745572 0)
(-0.082652369 -0.012123267 0)
(-0.085209067 -0.012268462 0)
(-0.08786049 -0.012099984 0)
(-0.090510633 -0.011543698 0)
(-0.093026172 -0.010553517 0)
(-0.095249442 -0.0091349531 0)
(-0.097025154 -0.0073620683 0)
(-0.098236133 -0.0053767405 0)
(-0.098837342 -0.0033673188 0)
(-0.098872181 -0.0015293252 0)
(-0.098456013 -1.5278694e-05 0)
(-0.097755468 0.0010824319 0)
(-0.096937949 0.0017584723 0)
(-0.096132264 0.0020503136 0)
(-0.095435641 0.0020219183 0)
(-0.09490954 0.0017459262 0)
(-0.094586159 0.0012925772 0)
(-0.094476799 0.00072318974 0)
(-0.094575318 8.886639e-05 0)
(-0.094868316 -0.0005676098 0)
(-0.095335887 -0.0012230017 0)
(-0.095954178 -0.001856766 0)
(-0.096702754 -0.0024567264 0)
(-0.097561989 -0.0030163591 0)
(-0.098513988 -0.0035325305 0)
(-0.099543189 -0.0040043537 0)
(-0.10063631 -0.0044325914 0)
(-0.10178219 -0.0048189245 0)
(-0.10297159 -0.0051654711 0)
(-0.10419708 -0.0054744812 0)
(-0.10545275 -0.0057481253 0)
(-0.10673393 -0.0059883537 0)
(-0.10803688 -0.006196847 0)
(-0.10935865 -0.0063750963 0)
(-0.11069691 -0.0065246007 0)
(-0.1120499 -0.0066470619 0)
(-0.11341629 -0.0067444417 0)
(-0.11479496 -0.006818875 0)
(-0.11618478 -0.0068725287 0)
(-0.11758433 -0.0069074478 0)
(-0.1189916 -0.0069254178 0)
(-0.12040383 -0.0069279176 0)
(-0.12181762 -0.0069162071 0)
(-0.12322924 -0.0068914176 0)
(-0.12463525 -0.0068544934 0)
(-0.12603306 -0.0068059476 0)
(-0.12742116 -0.0067454628 0)
(-0.128799 -0.0066714723 0)
(-0.13016651 -0.0065808627 0)
(-0.13152354 -0.006468908 0)
(-0.13286919 -0.0063296118 0)
(-0.1342012 -0.0061564244 0)
(-0.13551563 -0.0059427956 0)
(-0.13680665 -0.0056825875 0)
(-0.13806738 -0.0053708549 0)
(-0.13928814 -0.0050038085 0)
(-0.14045792 -0.004580912 0)
(-0.14156519 -0.0041033478 0)
(-0.14259637 -0.003575729 0)
(-0.14353923 -0.0030058416 0)
(-0.14438203 -0.0024043222 0)
(-0.14511383 -0.0017831938 0)
(-0.14572807 -0.0011543977 0)
(-0.14622334 -0.00052984969 0)
(-0.1466 7.4642262e-05 0)
(-0.14685843 0.00064848629 0)
(-0.14700368 0.0011800959 0)
(-0.14704519 0.0016571989 0)
(-0.14699168 0.0020671649 0)
(-0.14685313 0.0023967007 0)
(-0.14664134 0.0026314774 0)
(-0.1463696 0.0027569848 0)
(-0.14605344 0.0027597549 0)
(-0.1457108 0.0026280689 0)
(-0.14536111 0.0023526796 0)
(-0.1450278 0.0019278862 0)
(-0.14473717 0.0013527876 0)
(-0.14451362 0.00063140386 0)
(-0.14438094 -0.00023055361 0)
(-0.14436614 -0.0012239364 0)
(-0.14449677 -0.002339516 0)
(-0.14479732 -0.0035676486 0)
(-0.14529048 -0.0048982808 0)
(-0.14599764 -0.0063219094 0)
(-0.14693883 -0.007830143 0)
(-0.14813274 -0.009415847 0)
(-0.14959731 -0.011073321 0)
(-0.15135108 -0.012798498 0)
(-0.15341466 -0.014588813 0)
(-0.15581188 -0.016442643 0)
(-0.15857018 -0.018357833 0)
(-0.16171973 -0.020329298 0)
(-0.16529022 -0.022347287 0)
(-0.16930593 -0.024397909 0)
(-0.17378039 -0.026466488 0)
(-0.17871238 -0.028543944 0)
(-0.18408462 -0.030636097 0)
(-0.18986637 -0.032774272 0)
(-0.19602035 -0.035024671 0)
(-0.20251333 -0.037494357 0)
(-0.20932954 -0.040332532 0)
(-0.21648575 -0.043725699 0)
(-0.22404638 -0.047885782 0)
(-0.23213625 -0.053031469 0)
(-0.24094887 -0.059364055 0)
(-0.25074927 -0.067040014 0)
(-0.26187038 -0.07614364 0)
(-0.27470048 -0.086662111 0)
(-0.28965853 -0.098465173 0)
(-0.30715691 -0.11129321 0)
(-0.32755526 -0.12475751 0)
(-0.35111227 -0.13835363 0)
(-0.37794779 -0.15148769 0)
(-0.40801442 -0.16351074 0)
(-0.44107407 -0.17375424 0)
(-0.47671769 -0.18156707 0)
(-0.51434591 -0.18636147 0)
(-0.55318249 -0.18763722 0)
(-0.59231203 -0.1850318 0)
(-0.63068175 -0.17835821 0)
(-0.66716612 -0.16765051 0)
(-0.7006366 -0.15320056 0)
(-0.73004877 -0.1355783 0)
(-0.75455013 -0.11562235 0)
(-0.7735976 -0.094393043 0)
(-0.78705226 -0.073078406 0)
(-0.79522316 -0.052841951 0)
(-0.79883072 -0.034644792 0)
(-0.79888277 -0.019102455 0)
(-0.79649076 -0.0063850252 0)
(-0.79269805 0.0038090714 0)
(-0.78828293 0.012069786 0)
(-0.78364563 0.019228383 0)
(-0.77881721 0.026122115 0)
(-0.77349902 0.033436077 0)
(-0.76718715 0.041592346 0)
(-0.75932027 0.050705387 0)
(-0.74941992 0.060601739 0)
(-0.73719741 0.070902967 0)
(-0.72260349 0.081155994 0)
(-0.70580843 0.090971035 0)
(-0.68711676 0.10012177 0)
(-0.66685964 0.1085762 0)
(-0.64530728 0.11646575 0)
(-0.62260366 0.12401929 0)
(-0.59873617 0.13149 0)
(-0.57354147 0.13907719 0)
(-0.54673915 0.14684216 0)
(-0.518012 0.15462987 0)
(-0.48712905 0.16203476 0)
(-0.45407565 0.16843737 0)
(-0.41914368 0.17312452 0)
(-0.3829386 0.17546279 0)
(-0.34629017 0.17505727 0)
(-0.31010563 0.17182657 0)
(-0.27522731 0.16598125 0)
(-0.24233486 0.1579441 0)
(-0.21190225 0.14825141 0)
(-0.1841985 0.13746633 0)
(-0.15931541 0.12611499 0)
(-0.1372073 0.11464957 0)
(-0.11773177 0.10343202 0)
(-0.10068565 0.092733024 0)
(-0.08583388 0.082739886 0)
(-0.072930786 0.073569958 0)
(-0.061734361 0.065285195 0)
(-0.052015079 0.057906168 0)
(-0.043560557 0.051424435 0)
(-0.036177382 0.04581261 0)
(-0.029691037 0.041032463 0)
(-0.023944651 0.037041058 0)
(-0.018797094 0.033795432 0)
(-0.014120421 0.03125608 0)
(-0.0097977782 0.02939621 0)
(-0.0057369434 0.028246521 0)
(-0.0018182954 0.026368778 0)
(0.018184741 0.023329235 0)
(0.044281199 0.11101909 0)
(0.062580326 0.1531284 0)
(0.07583566 0.17189213 0)
(0.09375539 0.18113173 0)
(0.11741601 0.1747171 0)
(0.14323531 0.14224761 0)
(0.16563237 0.082110634 0)
(0.18001215 0.0040414447 0)
(0.18383389 -0.077128691 0)
(0.1785788 -0.15282515 0)
(0.16875272 -0.21234399 0)
(0.14647942 -0.22903144 0)
(0.10683625 -0.18586658 0)
(0.065564092 -0.096982134 0)
(0.038159551 -0.0085013944 0)
(0.012219404 0.018230295 0)
(-0.0070239483 0.0047081095 0)
(-0.019207537 -0.00636432 0)
(-0.026151466 -0.013492918 0)
(-0.030376559 -0.01742605 0)
(-0.03302622 -0.018958848 0)
(-0.034918004 -0.018979713 0)
(-0.036488947 -0.018146954 0)
(-0.037954456 -0.016877221 0)
(-0.039392268 -0.015414822 0)
(-0.040809023 -0.013904882 0)
(-0.042183609 -0.012435966 0)
(-0.043489873 -0.011061568 0)
(-0.044707359 -0.0098106738 0)
(-0.045824938 -0.008695571 0)
(-0.046840602 -0.0077165744 0)
(-0.047759037 -0.006866588 0)
(-0.048589784 -0.0061372194 0)
(-0.049350474 -0.0055243634 0)
(-0.05007182 -0.0050257763 0)
(-0.050793346 -0.0046309641 0)
(-0.051548015 -0.0043165416 0)
(-0.052350195 -0.0040544904 0)
(-0.053197423 -0.0038238392 0)
(-0.054078993 -0.0036146686 0)
(-0.054981944 -0.0034254628 0)
(-0.055893899 -0.0032589457 0)
(-0.056804718 -0.0031197747 0)
(-0.057707237 -0.0030138763 0)
(-0.058597387 -0.0029483022 0)
(-0.05947435 -0.0029303385 0)
(-0.060340847 -0.0029667812 0)
(-0.061203173 -0.0030633564 0)
(-0.062070921 -0.0032241109 0)
(-0.062956348 -0.0034506857 0)
(-0.063873478 -0.0037416675 0)
(-0.06483683 -0.0040925356 0)
(-0.065860007 -0.0044960565 0)
(-0.066954687 -0.0049434722 0)
(-0.068130269 -0.0054262889 0)
(-0.069394757 -0.0059373474 0)
(-0.070755902 -0.0064707696 0)
(-0.072221688 -0.0070209529 0)
(-0.073800778 -0.0075798668 0)
(-0.075502409 -0.0081352448 0)
(-0.077334158 -0.0086670612 0)
(-0.079299368 -0.0091468607 0)
(-0.081394093 -0.0095362999 0)
(-0.083602706 -0.0097879936 0)
(-0.085893416 -0.0098479908 0)
(-0.088213265 -0.0096614599 0)
(-0.090485588 -0.0091827166 0)
(-0.092613229 -0.0083885214 0)
(-0.094489445 -0.0072918228 0)
(-0.096015858 -0.0059500152 0)
(-0.097123596 -0.004462085 0)
(-0.097791497 -0.0029538601 0)
(-0.098052894 -0.0015534484 0)
(-0.097990436 -0.00036643734 0)
(-0.097711538 0.00053647396 0)
(-0.097323661 0.0011455838 0)
(-0.096927289 0.0014736206 0)
(-0.0965968 0.0015561308 0)
(-0.096384164 0.001438648 0)
(-0.096320849 0.001168184 0)
(-0.096420786 0.00078853689 0)
(-0.096684504 0.00033861109 0)
(-0.09710833 -0.00015156466 0)
(-0.097678966 -0.0006556451 0)
(-0.098375 -0.0011574995 0)
(-0.099181399 -0.0016434832 0)
(-0.10008262 -0.0021068346 0)
(-0.10106394 -0.002542289 0)
(-0.1021127 -0.0029463871 0)
(-0.10321812 -0.0033181674 0)
(-0.10437079 -0.0036576336 0)
(-0.10556278 -0.0039651603 0)
(-0.1067877 -0.0042414017 0)
(-0.10804052 -0.0044871797 0)
(-0.10931732 -0.0047033547 0)
(-0.11061496 -0.0048907544 0)
(-0.11193101 -0.0050501824 0)
(-0.11326369 -0.0051825863 0)
(-0.11461179 -0.0052892694 0)
(-0.11597449 -0.0053719567 0)
(-0.11735108 -0.005432742 0)
(-0.11874065 -0.0054740299 0)
(-0.1201418 -0.0054983899 0)
(-0.12155244 -0.0055083277 0)
(-0.12296978 -0.0055060684 0)
(-0.12439039 -0.0054934336 0)
(-0.1258105 -0.0054716862 0)
(-0.1272264 -0.0054412993 0)
(-0.12863499 -0.0054018521 0)
(-0.1300341 -0.0053520113 0)
(-0.13142235 -0.0052894934 0)
(-0.13279863 -0.0052109666 0)
(-0.13416159 -0.0051119755 0)
(-0.1355095 -0.0049871609 0)
(-0.13683992 -0.0048309653 0)
(-0.13814925 -0.0046381587 0)
(-0.13943247 -0.0044040724 0)
(-0.14068368 -0.0041253619 0)
(-0.14189538 -0.0037998159 0)
(-0.14305933 -0.0034282555 0)
(-0.14416612 -0.0030132777 0)
(-0.14520484 -0.0025603751 0)
(-0.14616562 -0.0020770741 0)
(-0.14703885 -0.0015722326 0)
(-0.14781476 -0.0010573666 0)
(-0.14848556 -0.0005409655 0)
(-0.14905184 -3.4244238e-05 0)
(-0.1495121 0.0004568673 0)
(-0.14986368 0.00092338011 0)
(-0.15011142 0.0013539478 0)
(-0.15026262 0.0017384335 0)
(-0.15032594 0.0020655909 0)
(-0.15031096 0.0023225386 0)
(-0.15022807 0.0024959973 0)
(-0.15008915 0.002573389 0)
(-0.14990705 0.0025427344 0)
(-0.14969677 0.0023946477 0)
(-0.14947702 0.0021226019 0)
(-0.14926695 0.0017226149 0)
(-0.149086 0.001196039 0)
(-0.14895829 0.00054784121 0)
(-0.14890904 -0.00021532941 0)
(-0.14896143 -0.0010781339 0)
(-0.14914294 -0.0020376076 0)
(-0.14947932 -0.0030885155 0)
(-0.14999439 -0.0042220118 0)
(-0.15071198 -0.0054288507 0)
(-0.15165586 -0.0067006469 0)
(-0.15284963 -0.0080302276 0)
(-0.15431679 -0.0094115768 0)
(-0.15608152 -0.01083961 0)
(-0.15816985 -0.012309655 0)
(-0.16061054 -0.013817225 0)
(-0.16343489 -0.015357474 0)
(-0.16667568 -0.016923918 0)
(-0.17036526 -0.018508168 0)
(-0.17453255 -0.020101532 0)
(-0.17919975 -0.021698233 0)
(-0.18437989 -0.023300247 0)
(-0.19007613 -0.024924025 0)
(-0.19628287 -0.026608325 0)
(-0.2029887 -0.028420932 0)
(-0.21018146 -0.030461895 0)
(-0.2178552 -0.03286283 0)
(-0.22601882 -0.035780926 0)
(-0.23470639 -0.039387033 0)
(-0.24398798 -0.0438492 0)
(-0.25397983 -0.049311998 0)
(-0.26485347 -0.055872884 0)
(-0.27684192 -0.063560912 0)
(-0.2902384 -0.072320331 0)
(-0.30538281 -0.082001485 0)
(-0.32263287 -0.092360806 0)
(-0.34232115 -0.10306951 0)
(-0.36470454 -0.11372816 0)
(-0.38991976 -0.12388529 0)
(-0.41794552 -0.13305835 0)
(-0.44857511 -0.14075589 0)
(-0.48143867 -0.14650532 0)
(-0.51598401 -0.14987661 0)
(-0.5515032 -0.15051771 0)
(-0.5871816 -0.14817821 0)
(-0.62210641 -0.14274601 0)
(-0.65533019 -0.13427813 0)
(-0.68592939 -0.12302146 0)
(-0.71307463 -0.1094204 0)
(-0.73610673 -0.094105254 0)
(-0.75461372 -0.077849647 0)
(-0.7684876 -0.061495015 0)
(-0.77793971 -0.045848806 0)
(-0.7834664 -0.031569122 0)
(-0.78575526 -0.019071756 0)
(-0.78556107 -0.0084842666 0)
(-0.78362249 0.00034540187 0)
(-0.78050103 0.0078147076 0)
(-0.77650514 0.014439674 0)
(-0.77171508 0.020759003 0)
(-0.76598679 0.027222982 0)
(-0.75903454 0.034120203 0)
(-0.75052583 0.041546644 0)
(-0.74017173 0.049418688 0)
(-0.72779364 0.057524647 0)
(-0.71335468 0.065602978 0)
(-0.69695096 0.073421133 0)
(-0.67876247 0.080834959 0)
(-0.65899054 0.087810146 0)
(-0.63780638 0.094409702 0)
(-0.61530779 0.10075671 0)
(-0.59149738 0.10698431 0)
(-0.56629218 0.11318261 0)
(-0.53955321 0.11934588 0)
(-0.51114177 0.12532909 0)
(-0.48099686 0.13083747 0)
(-0.44920928 0.13545911 0)
(-0.41606626 0.13874067 0)
(-0.38204835 0.14028685 0)
(-0.34777538 0.13984831 0)
(-0.31392102 0.13736646 0)
(-0.28112603 0.13296835 0)
(-0.24993228 0.12692559 0)
(-0.22074649 0.11959771 0)
(-0.19383117 0.11137697 0)
(-0.16931503 0.10264419 0)
(-0.14721476 0.093739226 0)
(-0.12746087 0.084945014 0)
(-0.10992302 0.076482437 0)
(-0.094432091 0.068512651 0)
(-0.080797902 0.061144076 0)
(-0.068822429 0.054441502 0)
(-0.05830908 0.048435654 0)
(-0.049068643 0.043132147 0)
(-0.040922708 0.038519284 0)
(-0.033705187 0.034574554 0)
(-0.027262543 0.031269801 0)
(-0.021453129 0.028575215 0)
(-0.016145668 0.026462446 0)
(-0.011217715 0.024914025 0)
(-0.0065673823 0.023967989 0)
(-0.0020769493 0.022351464 0)
(0.0057562377 -0.0085461852 0)
(0.044510654 0.077836711 0)
(0.076638221 0.13215007 0)
(0.10140149 0.15216837 0)
(0.12754027 0.15497191 0)
(0.15838247 0.1437111 0)
(0.19041768 0.11303049 0)
(0.21701332 0.061431648 0)
(0.23329121 -0.0044968656 0)
(0.23647026 -0.074953037 0)
(0.22912118 -0.14240113 0)
(0.20999653 -0.18988165 0)
(0.16775816 -0.19093151 0)
(0.10759291 -0.13940005 0)
(0.056268585 -0.055396435 0)
(0.026814016 0.021033837 0)
(0.0075458984 0.037910264 0)
(-0.0037013029 0.018392133 0)
(-0.012429467 0.0024496236 0)
(-0.017118808 -0.0083937459 0)
(-0.021007905 -0.014261865 0)
(-0.02454138 -0.016615814 0)
(-0.027802239 -0.016998845 0)
(-0.030741969 -0.016353611 0)
(-0.033371494 -0.015189385 0)
(-0.035729731 -0.013797338 0)
(-0.037861892 -0.012351761 0)
(-0.039800659 -0.010959112 0)
(-0.041564109 -0.0096793828 0)
(-0.043161735 -0.008537331 0)
(-0.044601103 -0.0075383264 0)
(-0.045891047 -0.0066742024 0)
(-0.047044227 -0.0059288762 0)
(-0.048078922 -0.0052846172 0)
(-0.049021473 -0.0047277407 0)
(-0.049907058 -0.0042493101 0)
(-0.050774389 -0.0038404831 0)
(-0.051655556 -0.0034892465 0)
(-0.052568801 -0.0031831117 0)
(-0.05351871 -0.0029133196 0)
(-0.054500533 -0.0026761507 0)
(-0.055504339 -0.002471599 0)
(-0.056518742 -0.0023009052 0)
(-0.05753384 -0.0021659851 0)
(-0.058542405 -0.0020700755 0)
(-0.059540032 -0.0020173554 0)
(-0.060525534 -0.0020112171 0)
(-0.061501574 -0.0020548156 0)
(-0.062474347 -0.0021508532 0)
(-0.06345273 -0.0023006629 0)
(-0.064447537 -0.0025039962 0)
(-0.065471127 -0.0027586709 0)
(-0.066536622 -0.0030602232 0)
(-0.067656816 -0.0034024635 0)
(-0.068843487 -0.0037784947 0)
(-0.070106852 -0.0041815932 0)
(-0.07145561 -0.0046058398 0)
(-0.072897413 -0.0050456643 0)
(-0.074438664 -0.0054954113 0)
(-0.076084569 -0.0059478391 0)
(-0.077838252 -0.0063921544 0)
(-0.07969958 -0.0068113937 0)
(-0.081663396 -0.0071828224 0)
(-0.083717252 -0.0074766617 0)
(-0.08583903 -0.0076572342 0)
(-0.087994558 -0.0076851493 0)
(-0.090135766 -0.007522394 0)
(-0.092200596 -0.0071399257 0)
(-0.094117289 -0.0065250175 0)
(-0.095813629 -0.0056893796 0)
(-0.09722896 -0.0046737197 0)
(-0.098326207 -0.0035461735 0)
(-0.099100778 -0.0023928494 0)
(-0.099583911 -0.0013027793 0)
(-0.099836391 -0.00035140971 0)
(-0.099927703 0.00041249558 0)
(-0.099924735 0.0009650852 0)
(-0.099906385 0.0013089145 0)
(-0.099929181 0.0014618895 0)
(-0.10003401 0.0014524795 0)
(-0.10024741 0.0013129728 0)
(-0.10058412 0.0010744605 0)
(-0.10104866 0.00076448298 0)
(-0.10163831 0.00040627016 0)
(-0.10234687 2.2808754e-05 0)
(-0.10316534 -0.00037125681 0)
(-0.10408224 -0.00076515192 0)
(-0.10508137 -0.0011487119 0)
(-0.10614972 -0.0015156742 0)
(-0.10727817 -0.0018605758 0)
(-0.10845912 -0.0021826613 0)
(-0.10968466 -0.0024809743 0)
(-0.11094785 -0.0027543566 0)
(-0.11224317 -0.0030021084 0)
(-0.1135663 -0.00322398 0)
(-0.11491391 -0.0034198368 0)
(-0.11628337 -0.0035898007 0)
(-0.11767264 -0.0037340558 0)
(-0.11908028 -0.003852874 0)
(-0.12050532 -0.0039469596 0)
(-0.12194693 -0.0040177056 0)
(-0.12340429 -0.0040671833 0)
(-0.12487635 -0.0040980721 0)
(-0.12636154 -0.0041134379 0)
(-0.12785757 -0.0041163792 0)
(-0.12936158 -0.0041096991 0)
(-0.13087029 -0.0040957128 0)
(-0.13237993 -0.0040759758 0)
(-0.13388665 -0.0040508173 0)
(-0.13538709 -0.0040193223 0)
(-0.13687865 -0.0039796639 0)
(-0.13835932 -0.0039293071 0)
(-0.13982717 -0.0038648379 0)
(-0.14128003 -0.0037818083 0)
(-0.14271562 -0.003675167 0)
(-0.14413147 -0.0035401776 0)
(-0.14552424 -0.003372828 0)
(-0.14688938 -0.0031694848 0)
(-0.14822141 -0.0029278454 0)
(-0.14951367 -0.0026469569 0)
(-0.15075908 -0.0023285698 0)
(-0.15194968 -0.0019760795 0)
(-0.15307669 -0.0015954427 0)
(-0.15413116 -0.0011931415 0)
(-0.15510558 -0.00077674581 0)
(-0.15598897 -0.0003525395 0)
(-0.15677146 6.6962692e-05 0)
(-0.15744917 0.00047208904 0)
(-0.15802098 0.00086026943 0)
(-0.15849103 0.0012247482 0)
(-0.15886265 0.0015578228 0)
(-0.15914133 0.001850741 0)
(-0.15933458 0.002093613 0)
(-0.15945115 0.002275729 0)
(-0.15950047 0.0023852441 0)
(-0.15949325 0.0024105488 0)
(-0.15944141 0.0023419582 0)
(-0.15935762 0.0021717252 0)
(-0.15925686 0.0018953024 0)
(-0.15915644 0.0015126618 0)
(-0.1590762 0.0010265919 0)
(-0.15903798 0.00044325006 0)
(-0.15905841 -0.00022627112 0)
(-0.15916586 -0.00096649048 0)
(-0.1593999 -0.0017884488 0)
(-0.15978336 -0.0026831644 0)
(-0.16033984 -0.0036373809 0)
(-0.16109688 -0.0046390454 0)
(-0.16208329 -0.005678948 0)
(-0.16332821 -0.0067499568 0)
(-0.16486135 -0.0078453302 0)
(-0.16671389 -0.0089581597 0)
(-0.1689197 -0.010081092 0)
(-0.17151612 -0.011206864 0)
(-0.17454277 -0.01232863 0)
(-0.17804001 -0.013438955 0)
(-0.18204787 -0.014530075 0)
(-0.18660405 -0.01559645 0)
(-0.19174111 -0.016638109 0)
(-0.19748477 -0.017664524 0)
(-0.20385346 -0.018700326 0)
(-0.2108581 -0.019793128 0)
(-0.21850101 -0.021019018 0)
(-0.22677567 -0.022482967 0)
(-0.23566861 -0.024316773 0)
(-0.24516308 -0.026671317 0)
(-0.25524644 -0.029700672 0)
(-0.26592008 -0.033544931 0)
(-0.27720953 -0.038309189 0)
(-0.28917743 -0.044036598 0)
(-0.3019384 -0.050690834 0)
(-0.31566933 -0.058149444 0)
(-0.33061012 -0.066210034 0)
(-0.34705027 -0.074608081 0)
(-0.36529753 -0.083040573 0)
(-0.3856317 -0.09118789 0)
(-0.40825537 -0.098726456 0)
(-0.43324463 -0.1053355 0)
(-0.46051041 -0.1107028 0)
(-0.48980343 -0.11453679 0)
(-0.52069199 -0.11656607 0)
(-0.55258458 -0.11657966 0)
(-0.58477294 -0.11442757 0)
(-0.61645309 -0.11005345 0)
(-0.64678916 -0.10351483 0)
(-0.67497024 -0.094998924 0)
(-0.70027393 -0.084827429 0)
(-0.72212942 -0.073446014 0)
(-0.74017225 -0.061392859 0)
(-0.75427798 -0.049244171 0)
(-0.76456277 -0.037546633 0)
(-0.7713525 -0.026746359 0)
(-0.77512558 -0.017126623 0)
(-0.77642703 -0.0087847934 0)
(-0.77577661 -0.0016423987 0)
(-0.77358601 0.0045598927 0)
(-0.77011308 0.010134978 0)
(-0.76545609 0.01543033 0)
(-0.75956622 0.02073525 0)
(-0.75229298 0.02624244 0)
(-0.74344679 0.032027522 0)
(-0.73285716 0.038055362 0)
(-0.72041568 0.044210917 0)
(-0.7060972 0.050345098 0)
(-0.68995805 0.056321196 0)
(-0.67210684 0.062049393 0)
(-0.65266906 0.067500853 0)
(-0.63175739 0.072702456 0)
(-0.60944419 0.077716048 0)
(-0.5857482 0.082605661 0)
(-0.56064406 0.087403383 0)
(-0.53408596 0.092078004 0)
(-0.5060456 0.09651163 0)
(-0.47655999 0.10049823 0)
(-0.44577432 0.10376816 0)
(-0.4139643 0.10603459 0)
(-0.38153011 0.10705086 0)
(-0.34896193 0.10666045 0)
(-0.31678721 0.10482422 0)
(-0.2855152 0.10162055 0)
(-0.25559136 0.097224034 0)
(-0.22736842 0.091872796 0)
(-0.20109438 0.085834256 0)
(-0.17691424 0.079375585 0)
(-0.15488121 0.072742157 0)
(-0.1349729 0.066144364 0)
(-0.11710887 0.059751729 0)
(-0.10116735 0.053692552 0)
(-0.08699967 0.048057244 0)
(-0.074442038 0.042903756 0)
(-0.063324502 0.038263811 0)
(-0.053477389 0.034149118 0)
(-0.044735598 0.030557047 0)
(-0.036941178 0.027475516 0)
(-0.029944576 0.024887013 0)
(-0.023604916 0.022771757 0)
(-0.017789237 0.021110285 0)
(-0.01237126 0.019892054 0)
(-0.007241485 0.019155254 0)
(-0.0022862838 0.017848801 0)
(-0.0074435111 -0.02600004 0)
(0.026207515 0.039758047 0)
(0.067354402 0.096183925 0)
(0.10606699 0.12072403 0)
(0.14325658 0.12245099 0)
(0.18074555 0.10903542 0)
(0.2162055 0.081212313 0)
(0.24425572 0.039220756 0)
(0.25966937 -0.013029771 0)
(0.26198948 -0.07082953 0)
(0.24930341 -0.12423344 0)
(0.21127885 -0.15073866 0)
(0.14486249 -0.13221204 0)
(0.072391562 -0.078288896 0)
(0.026397508 -0.010181027 0)
(0.010189579 0.041256627 0)
(0.0084878461 0.046513197 0)
(0.0097333403 0.02505801 0)
(0.0085045595 0.0069455829 0)
(0.0076887269 -0.0046542431 0)
(0.0048223113 -0.010141437 0)
(-0.00013537734 -0.0121156 0)
(-0.0060225899 -0.012611377 0)
(-0.011800663 -0.012377905 0)
(-0.017037064 -0.011691723 0)
(-0.021643769 -0.010745271 0)
(-0.025656322 -0.0096798401 0)
(-0.029144705 -0.0086074142 0)
(-0.032178875 -0.007607076 0)
(-0.034823955 -0.0067073063 0)
(-0.037139443 -0.0059234286 0)
(-0.039173707 -0.0052508403 0)
(-0.040966769 -0.0046718427 0)
(-0.042553922 -0.0041633719 0)
(-0.043969696 -0.0037049489 0)
(-0.045250558 -0.003283317 0)
(-0.046433922 -0.0028920016 0)
(-0.047553941 -0.0025285339 0)
(-0.048636647 -0.002192903 0)
(-0.04969827 -0.0018868902 0)
(-0.050746694 -0.0016146673 0)
(-0.051782916 -0.001384973 0)
(-0.052805793 -0.0012049069 0)
(-0.053815793 -0.0010738265 0)
(-0.054814215 -0.00098892545 0)
(-0.055802335 -0.00095017204 0)
(-0.056783666 -0.00095724168 0)
(-0.057765525 -0.0010099404 0)
(-0.058756446 -0.0011070745 0)
(-0.059766153 -0.0012489175 0)
(-0.060805362 -0.0014356629 0)
(-0.061885668 -0.0016651193 0)
(-0.063019556 -0.0019308671 0)
(-0.064219025 -0.0022247486 0)
(-0.065495801 -0.0025397014 0)
(-0.066860764 -0.0028693727 0)
(-0.068323108 -0.0032090529 0)
(-0.069891201 -0.0035545913 0)
(-0.071571955 -0.0039021512 0)
(-0.073369073 -0.0042479579 0)
(-0.07528278 -0.0045848225 0)
(-0.077309329 -0.004900455 0)
(-0.079439054 -0.0051787948 0)
(-0.081654184 -0.0053977222 0)
(-0.083926969 -0.0055309192 0)
(-0.086218561 -0.0055500458 0)
(-0.088479346 -0.005428944 0)
(-0.090649727 -0.0051494288 0)
(-0.092666095 -0.0047008513 0)
(-0.094469316 -0.0040877004 0)
(-0.096011818 -0.00333493 0)
(-0.097264791 -0.0024884375 0)
(-0.098224379 -0.0016085352 0)
(-0.098911711 -0.00075804182 0)
(-0.099367816 9.7936103e-06 0)
(-0.099636619 0.00064979492 0)
(-0.09979111 0.0011394372 0)
(-0.099891953 0.00147675 0)
(-0.099993161 0.0016697888 0)
(-0.10013719 0.0017347923 0)
(-0.10035377 0.0016925792 0)
(-0.1006611 0.0015644437 0)
(-0.10106976 0.0013696717 0)
(-0.1015848 0.0011250824 0)
(-0.10220636 0.0008465454 0)
(-0.10293229 0.00055032987 0)
(-0.103756 0.00024623417 0)
(-0.10467501 -5.6756848e-05 0)
(-0.10568187 -0.00035424867 0)
(-0.10677128 -0.00064434899 0)
(-0.10793562 -0.00092088815 0)
(-0.10916566 -0.0011794562 0)
(-0.1104538 -0.0014175664 0)
(-0.11179396 -0.0016335744 0)
(-0.11318075 -0.0018262349 0)
(-0.11460934 -0.0019936752 0)
(-0.11607532 -0.0021356473 0)
(-0.11757477 -0.0022522879 0)
(-0.11910434 -0.0023439311 0)
(-0.12066101 -0.0024114171 0)
(-0.12224153 -0.002456525 0)
(-0.12384246 -0.0024817678 0)
(-0.12546014 -0.0024902974 0)
(-0.12709052 -0.0024860002 0)
(-0.12872916 -0.0024729321 0)
(-0.13037199 -0.0024545775 0)
(-0.13201572 -0.0024334261 0)
(-0.13365749 -0.0024111513 0)
(-0.1352947 -0.0023878639 0)
(-0.13692518 -0.0023616572 0)
(-0.138547 -0.0023294188 0)
(-0.14015782 -0.0022877217 0)
(-0.14175444 -0.0022330996 0)
(-0.14333329 -0.0021615611 0)
(-0.14489118 -0.0020687741 0)
(-0.14642459 -0.0019503485 0)
(-0.1479279 -0.0018032629 0)
(-0.1493938 -0.001625299 0)
(-0.15081434 -0.0014154631 0)
(-0.15218097 -0.0011736518 0)
(-0.15348498 -0.00090268532 0)
(-0.15471658 -0.00060708229 0)
(-0.15586501 -0.00029315974 0)
(-0.15691922 3.1141314e-05 0)
(-0.15787064 0.00035944642 0)
(-0.15871757 0.00068785797 0)
(-0.15946267 0.0010076492 0)
(-0.16010061 0.0013142554 0)
(-0.16063104 0.0016006612 0)
(-0.16105833 0.0018636916 0)
(-0.16138857 0.0020994633 0)
(-0.16162901 0.0023017479 0)
(-0.16178803 0.0024620039 0)
(-0.16187611 0.0025702141 0)
(-0.16190547 0.0026152602 0)
(-0.16188877 0.0025859465 0)
(-0.16183986 0.0024730936 0)
(-0.16177498 0.0022705182 0)
(-0.16171223 0.0019756329 0)
(-0.16167132 0.0015899353 0)
(-0.16167345 0.0011179074 0)
(-0.16174207 0.00056571458 0)
(-0.16189964 -5.9754379e-05 0)
(-0.16220373 -0.00077278433 0)
(-0.16269134 -0.0015395441 0)
(-0.16336691 -0.0023331428 0)
(-0.16425276 -0.0031319529 0)
(-0.16537761 -0.0039286798 0)
(-0.16677116 -0.004720433 0)
(-0.16846117 -0.0055043964 0)
(-0.17047408 -0.006274566 0)
(-0.17283701 -0.0070236928 0)
(-0.17558018 -0.0077438605 0)
(-0.17873808 -0.0084250727 0)
(-0.18234642 -0.0090581013 0)
(-0.18644013 -0.0096352711 0)
(-0.19105387 -0.010149033 0)
(-0.19622034 -0.010596776 0)
(-0.20196778 -0.010984814 0)
(-0.20831947 -0.011332005 0)
(-0.21529683 -0.01167267 0)
(-0.22292028 -0.012066304 0)
(-0.23120573 -0.01259714 0)
(-0.24016433 -0.013382648 0)
(-0.24980573 -0.014571612 0)
(-0.26013908 -0.016331737 0)
(-0.27117957 -0.018817891 0)
(-0.28295671 -0.022153276 0)
(-0.29551091 -0.02641348 0)
(-0.30889368 -0.031586502 0)
(-0.32317418 -0.037565664 0)
(-0.33844103 -0.044155965 0)
(-0.35480228 -0.051095881 0)
(-0.37238246 -0.058089204 0)
(-0.39131306 -0.064836998 0)
(-0.41171219 -0.07106198 0)
(-0.43366104 -0.076525127 0)
(-0.4571772 -0.081027132 0)
(-0.48218994 -0.084403312 0)
(-0.50853338 -0.086522034 0)
(-0.53592336 -0.087264756 0)
(-0.56396179 -0.086558005 0)
(-0.5921523 -0.084358085 0)
(-0.61991302 -0.080675237 0)
(-0.64661708 -0.075585397 0)
(-0.67163531 -0.069239477 0)
(-0.69438651 -0.061865279 0)
(-0.71438745 -0.053759804 0)
(-0.73129796 -0.045268969 0)
(-0.74495345 -0.036754171 0)
(-0.755373 -0.02855227 0)
(-0.76273622 -0.020937474 0)
(-0.7673404 -0.014088052 0)
(-0.76954763 -0.0080642498 0)
(-0.76971827 -0.0028104922 0)
(-0.76816643 0.0018202045 0)
(-0.76508675 0.0060232503 0)
(-0.76057592 0.010018755 0)
(-0.75464538 0.013970941 0)
(-0.74722337 0.018001044 0)
(-0.73820576 0.02216499 0)
(-0.72749467 0.026452639 0)
(-0.71502597 0.0308054 0)
(-0.70078438 0.035141139 0)
(-0.68480634 0.039381709 0)
(-0.66716312 0.04347315 0)
(-0.64793852 0.047394414 0)
(-0.62721252 0.051154907 0)
(-0.60504465 0.054783012 0)
(-0.58146722 0.058305996 0)
(-0.55649332 0.06172945 0)
(-0.53013498 0.065019608 0)
(-0.50242936 0.068091628 0)
(-0.4734687 0.070810527 0)
(-0.44342558 0.073007441 0)
(-0.41256426 0.074507215 0)
(-0.38123399 0.075160894 0)
(-0.34984535 0.074873923 0)
(-0.31883521 0.073622168 0)
(-0.28862893 0.071453274 0)
(-0.25960748 0.068475658 0)
(-0.23208421 0.064840132 0)
(-0.20629256 0.060719475 0)
(-0.18238365 0.056289838 0)
(-0.16043148 0.051716333 0)
(-0.14044307 0.047143523 0)
(-0.12237076 0.042690504 0)
(-0.10612511 0.038449696 0)
(-0.091586715 0.03448825 0)
(-0.078616634 0.030851063 0)
(-0.067064793 0.027564612 0)
(-0.056776534 0.024640973 0)
(-0.047597356 0.022081625 0)
(-0.039376127 0.019880812 0)
(-0.03196701 0.018028376 0)
(-0.025230363 0.016512035 0)
(-0.0190325 0.015319301 0)
(-0.013244489 0.014444317 0)
(-0.0077507173 0.013919346 0)
(-0.0024437331 0.012964991 0)
(-0.014195793 -0.026087112 0)
(-0.0016362433 0.0069638106 0)
(0.034667311 0.051670459 0)
(0.081909106 0.075152737 0)
(0.13062771 0.079505352 0)
(0.17681986 0.069911081 0)
(0.216894 0.049337627 0)
(0.24471775 0.01909592 0)
(0.25946958 -0.018669119 0)
(0.25523399 -0.059736839 0)
(0.22021293 -0.090369383 0)
(0.15302539 -0.089801798 0)
(0.075339344 -0.058364977 0)
(0.01414845 -0.01868528 0)
(-0.0047262073 0.015137981 0)
(0.00048078016 0.040334838 0)
(0.01992109 0.038751061 0)
(0.035206067 0.021579722 0)
(0.04307941 0.0053854768 0)
(0.044811765 -0.0037784454 0)
(0.041509175 -0.0059705984 0)
(0.035770931 -0.005447124 0)
(0.029005784 -0.0051184452 0)
(0.022052605 -0.0052421184 0)
(0.015465817 -0.0052815521 0)
(0.0094685171 -0.005084714 0)
(0.0041118767 -0.0047302298 0)
(-0.00063353083 -0.004300862 0)
(-0.0047938316 -0.0038554263 0)
(-0.0084241517 -0.0034329145 0)
(-0.011608758 -0.0030534471 0)
(-0.014416241 -0.0027219713 0)
(-0.016905245 -0.0024318149 0)
(-0.019121583 -0.0021686851 0)
(-0.021097639 -0.0019177985 0)
(-0.022856206 -0.0016696061 0)
(-0.024414751 -0.0014216997 0)
(-0.025789426 -0.0011768515 0)
(-0.026997107 -0.00094163033 0)
(-0.028052999 -0.00072574106 0)
(-0.028973426 -0.00053851953 0)
(-0.029771179 -0.00038392984 0)
(-0.030470947 -0.00025850408 0)
(-0.031103932 -0.00016134808 0)
(-0.031694442 -9.6562068e-05 0)
(-0.032267186 -6.5808481e-05 0)
(-0.032841559 -7.1092639e-05 0)
(-0.03343498 -0.00011337514 0)
(-0.034064489 -0.00019202213 0)
(-0.034743086 -0.00030406555 0)
(-0.035478279 -0.00044578785 0)
(-0.036283726 -0.00061090698 0)
(-0.037188609 -0.00079335011 0)
(-0.038205058 -0.0009889868 0)
(-0.039344096 -0.001193018 0)
(-0.040617776 -0.0014005093 0)
(-0.042033329 -0.001610541 0)
(-0.043595711 -0.0018211522 0)
(-0.045313143 -0.0020300568 0)
(-0.047184513 -0.0022378514 0)
(-0.049207859 -0.0024394092 0)
(-0.051379474 -0.0026274325 0)
(-0.053685959 -0.0027949587 0)
(-0.056106377 -0.002929064 0)
(-0.058607768 -0.0030157046 0)
(-0.061143292 -0.0030380829 0)
(-0.063656844 -0.0029756423 0)
(-0.066077947 -0.002820118 0)
(-0.068334163 -0.0025560688 0)
(-0.070355914 -0.0021856641 0)
(-0.072077915 -0.0017246951 0)
(-0.073448387 -0.0012004242 0)
(-0.07443737 -0.00064641772 0)
(-0.075041524 -9.609722e-05 0)
(-0.075298915 0.00041750305 0)
(-0.075302996 0.00087330176 0)
(-0.075106096 0.0012444377 0)
(-0.074771133 0.0015208173 0)
(-0.074358205 0.0017031361 0)
(-0.073919752 0.0017976281 0)
(-0.073500263 0.0018135391 0)
(-0.073136064 0.0017618825 0)
(-0.072853939 0.0016564756 0)
(-0.072673546 0.0015128048 0)
(-0.072607951 0.0013405864 0)
(-0.07266778 0.0011520551 0)
(-0.072857073 0.00095648344 0)
(-0.073174631 0.00075756122 0)
(-0.073619098 0.00055886821 0)
(-0.074182348 0.00036187768 0)
(-0.074855997 0.00017258522 0)
(-0.075635976 -4.6241258e-06 0)
(-0.076515674 -0.0001672235 0)
(-0.077486903 -0.00031294471 0)
(-0.078540281 -0.00043902985 0)
(-0.079672985 -0.00054591148 0)
(-0.080876288 -0.00063512012 0)
(-0.082139882 -0.00070692328 0)
(-0.083452208 -0.00076164256 0)
(-0.084802149 -0.00079987212 0)
(-0.086178252 -0.00082346406 0)
(-0.087570583 -0.00083445793 0)
(-0.088971537 -0.0008358974 0)
(-0.090374214 -0.00083206621 0)
(-0.091773323 -0.00082596066 0)
(-0.093165012 -0.00081884575 0)
(-0.094548434 -0.00081066115 0)
(-0.095922358 -0.00080249773 0)
(-0.097285375 -0.00079347504 0)
(-0.09863674 -0.00078082092 0)
(-0.099974465 -0.00076299543 0)
(-0.10129558 -0.00073910723 0)
(-0.10259477 -0.0007079053 0)
(-0.10386716 -0.00066454878 0)
(-0.10510473 -0.00060478333 0)
(-0.10629886 -0.00052471677 0)
(-0.10743677 -0.00042423398 0)
(-0.10850811 -0.00030434044 0)
(-0.10950487 -0.0001623745 0)
(-0.11041504 8.5532515e-07 0)
(-0.11122803 0.0001821445 0)
(-0.11193365 0.00037650511 0)
(-0.11252379 0.00057816808 0)
(-0.11299479 0.00078146506 0)
(-0.1133415 0.00098385227 0)
(-0.11356397 0.0011813516 0)
(-0.11366494 0.0013745912 0)
(-0.11364608 0.0015589804 0)
(-0.11351309 0.0017295656 0)
(-0.11327358 0.0018853592 0)
(-0.11293793 0.0020231493 0)
(-0.11251832 0.0021365003 0)
(-0.11203001 0.0022183509 0)
(-0.1114909 0.0022602236 0)
(-0.11092247 0.0022531324 0)
(-0.11034965 0.0021894478 0)
(-0.1097999 0.0020634214 0)
(-0.1093033 0.0018723895 0)
(-0.10889203 0.0016179294 0)
(-0.10859983 0.0013050597 0)
(-0.10846225 0.00094105507 0)
(-0.10851569 0.00053356503 0)
(-0.10880886 8.9010096e-05 0)
(-0.10935154 -0.00039047943 0)
(-0.11014384 -0.00086217724 0)
(-0.11124235 -0.0013181476 0)
(-0.11267816 -0.0017658457 0)
(-0.1144778 -0.0022054364 0)
(-0.11665277 -0.0026305208 0)
(-0.11920652 -0.0030297018 0)
(-0.12214044 -0.0033930184 0)
(-0.12545486 -0.0037131622 0)
(-0.12914577 -0.0039813418 0)
(-0.13321216 -0.0041851182 0)
(-0.13764888 -0.0043199433 0)
(-0.14244132 -0.0043855042 0)
(-0.14757861 -0.004375344 0)
(-0.15304423 -0.0042961966 0)
(-0.15881774 -0.0041653801 0)
(-0.16487274 -0.0040128952 0)
(-0.17119429 -0.0038686463 0)
(-0.17777153 -0.003801206 0)
(-0.18461868 -0.0038840566 0)
(-0.19179082 -0.0042167951 0)
(-0.19939081 -0.0049180011 0)
(-0.20756515 -0.0061270543 0)
(-0.21652406 -0.0079445228 0)
(-0.22655912 -0.010445035 0)
(-0.23800898 -0.013703007 0)
(-0.25122092 -0.01769716 0)
(-0.26653062 -0.02233367 0)
(-0.28421286 -0.027450517 0)
(-0.30443712 -0.03283368 0)
(-0.32723566 -0.038240795 0)
(-0.35249125 -0.043425885 0)
(-0.37995271 -0.048161502 0)
(-0.4092657 -0.052257866 0)
(-0.43999851 -0.055568563 0)
(-0.4716688 -0.057989008 0)
(-0.50376613 -0.059454428 0)
(-0.53576696 -0.059915004 0)
(-0.56714563 -0.059355341 0)
(-0.59738315 -0.057773582 0)
(-0.62598383 -0.055200647 0)
(-0.6524949 -0.051706555 0)
(-0.67652622 -0.04740652 0)
(-0.69777211 -0.042460919 0)
(-0.71602963 -0.037068872 0)
(-0.73120978 -0.031454574 0)
(-0.74334019 -0.025846724 0)
(-0.75255766 -0.020453212 0)
(-0.75908805 -0.015437979 0)
(-0.763215 -0.010906978 0)
(-0.76524207 -0.0069009393 0)
(-0.76545892 -0.0033972437 0)
(-0.76410166 -0.00032309094 0)
(-0.76134315 0.0024348911 0)
(-0.757053 0.0049785691 0)
(-0.7512302 0.0074447338 0)
(-0.74383417 0.0099234659 0)
(-0.73480711 0.01245689 0)
(-0.72409356 0.015046024 0)
(-0.7116576 0.017663776 0)
(-0.69749456 0.0202693 0)
(-0.6816331 0.022822669 0)
(-0.66412553 0.025295308 0)
(-0.64503451 0.027674244 0)
(-0.62442454 0.029961789 0)
(-0.60235084 0.032169646 0)
(-0.57885574 0.034307713 0)
(-0.55397615 0.036373406 0)
(-0.52775815 0.038342714 0)
(-0.50027613 0.040165043 0)
(-0.47165269 0.041764183 0)
(-0.44207443 0.04304737 0)
(-0.41179787 0.043920018 0)
(-0.38114285 0.044302389 0)
(-0.3504746 0.044143992 0)
(-0.32017794 0.043431926 0)
(-0.29062906 0.042192018 0)
(-0.2621698 0.040483585 0)
(-0.23508829 0.038390062 0)
(-0.2096071 0.036008199 0)
(-0.18587892 0.033437883 0)
(-0.16398865 0.030773951 0)
(-0.14395997 0.028100558 0)
(-0.12576463 0.025488027 0)
(-0.10933278 0.022991809 0)
(-0.094563272 0.020652973 0)
(-0.081332902 0.018499693 0)
(-0.06950445 0.016549288 0)
(-0.05893314 0.014810456 0)
(-0.049471611 0.013285426 0)
(-0.040973474 0.01197191 0)
(-0.03329562 0.01086477 0)
(-0.026299491 0.0099573821 0)
(-0.01985121 0.0092427503 0)
(-0.013819901 0.0087174341 0)
(-0.0080831256 0.0084010437 0)
(-0.002545259 0.0078237986 0)
(-0.013963261 -0.01050698 0)
(-0.026846744 -0.004243137 0)
(-0.0066787352 0.012851062 0)
(0.035774634 0.021846289 0)
(0.085853619 0.023948982 0)
(0.13421036 0.019925727 0)
(0.17262799 0.011211455 0)
(0.1957508 -0.0022672545 0)
(0.1929489 -0.019150699 0)
(0.15918155 -0.034842748 0)
(0.097886017 -0.03712029 0)
(0.032128767 -0.016205791 0)
(-0.0030125527 0.0015764015 0)
(-0.020909658 0.00088231311 0)
(-0.019334143 0.0072674217 0)
(0.0014320855 0.015270268 0)
(0.03022374 0.012803465 0)
(0.049876422 0.0054030577 0)
(0.057452153 -0.0009544641 0)
(0.054725371 -0.0031704187 0)
(0.049463687 -0.0020857423 0)
(0.045940783 -0.000294217 0)
(0.043759614 0.00066473101 0)
(0.041711695 0.0007232752 0)
(0.039453417 0.00040784369 0)
(0.037085135 0.00010345291 0)
(0.034744924 -9.6695391e-05 0)
(0.032527949 -0.00021198863 0)
(0.030486683 -0.00026339568 0)
(0.028638124 -0.0002819487 0)
(0.026975535 -0.0002804876 0)
(0.025482997 -0.00026671003 0)
(0.024141987 -0.00024675228 0)
(0.022938449 -0.0002242221 0)
(0.021865613 -0.0002000088 0)
(0.020923071 -0.00017268479 0)
(0.02011229 -0.00014022463 0)
(0.019438164 -0.00010227954 0)
(0.018900499 -5.7850059e-05 0)
(0.018493206 -1.1403996e-05 0)
(0.018206934 3.2470663e-05 0)
(0.018017962 7.075555e-05 0)
(0.017909192 0.00010541337 0)
(0.017873506 0.0001412888 0)
(0.017896901 0.00017804321 0)
(0.017958629 0.00021096901 0)
(0.018037574 0.00023403003 0)
(0.018111675 0.00024504693 0)
(0.018159032 0.00024073624 0)
(0.01815234 0.00022215228 0)
(0.018063924 0.00019076511 0)
(0.017870236 0.00015327493 0)
(0.017568662 0.00011222908 0)
(0.017145286 6.6279939e-05 0)
(0.016591684 1.1060988e-05 0)
(0.015909407 -5.1535261e-05 0)
(0.015089019 -0.0001184872 0)
(0.014134245 -0.00019286927 0)
(0.013048649 -0.00026790087 0)
(0.011823878 -0.0003436713 0)
(0.010469562 -0.00042105347 0)
(0.0089909076 -0.00049438198 0)
(0.0073933408 -0.00056417912 0)
(0.0056949815 -0.00062723952 0)
(0.0039159129 -0.00067991996 0)
(0.0020964098 -0.00071976233 0)
(0.0002751953 -0.00073597769 0)
(-0.0014898775 -0.00072952382 0)
(-0.0031270012 -0.00068690645 0)
(-0.0045780418 -0.00060330968 0)
(-0.0057689021 -0.00048090714 0)
(-0.0066496315 -0.00032866316 0)
(-0.0071862762 -0.0001561645 0)
(-0.0073789225 2.9229728e-05 0)
(-0.0072279995 0.00021494466 0)
(-0.0067304559 0.00040878082 0)
(-0.0059482195 0.00058679336 0)
(-0.0049316106 0.00073611776 0)
(-0.0037413981 0.00085130506 0)
(-0.0024387091 0.00093151647 0)
(-0.0010804782 0.00097932422 0)
(0.000280665 0.00099929929 0)
(0.0016101175 0.00099320325 0)
(0.0028718462 0.00096819897 0)
(0.0040367157 0.00092571192 0)
(0.0050827705 0.00087508996 0)
(0.0060101025 0.00082235884 0)
(0.0068144038 0.00076770801 0)
(0.0074920165 0.00071140229 0)
(0.0080437124 0.00065612621 0)
(0.0084744006 0.00060060145 0)
(0.0087893275 0.00054564739 0)
(0.0089955195 0.00049329144 0)
(0.0091002464 0.00044561999 0)
(0.0091174171 0.00040360927 0)
(0.0090619364 0.00036894357 0)
(0.0089434696 0.00033945903 0)
(0.008772693 0.00031504771 0)
(0.00856164 0.00029459049 0)
(0.0083221734 0.00027880286 0)
(0.008062691 0.00026728971 0)
(0.0077936579 0.0002593202 0)
(0.0075202158 0.0002564679 0)
(0.0072448276 0.00025735019 0)
(0.0069704937 0.00026102084 0)
(0.0067037177 0.00026516833 0)
(0.0064472284 0.00027126028 0)
(0.0061951441 0.00027799248 0)
(0.0059480755 0.00028238068 0)
(0.0057077178 0.00028578934 0)
(0.0054747915 0.00028834993 0)
(0.005249686 0.00029262674 0)
(0.005040404 0.00029799282 0)
(0.0048557828 0.00030893086 0)
(0.0047045785 0.00032531319 0)
(0.004586684 0.00035038584 0)
(0.0045327144 0.00038020491 0)
(0.0045570508 0.00042224601 0)
(0.0046692062 0.00047856732 0)
(0.0048829348 0.00054570516 0)
(0.0052183464 0.00062245004 0)
(0.0056831467 0.0007102942 0)
(0.0062942702 0.00080358333 0)
(0.0070499778 0.00090367576 0)
(0.0079513074 0.0010029407 0)
(0.0090030984 0.0010980791 0)
(0.010186173 0.0011914809 0)
(0.011511804 0.0012762504 0)
(0.012966633 0.0013601769 0)
(0.014534722 0.001438515 0)
(0.016210472 0.0015100289 0)
(0.017982316 0.0015756528 0)
(0.019831312 0.0016334746 0)
(0.021734098 0.0016795926 0)
(0.023663031 0.0017091776 0)
(0.025583047 0.0017165949 0)
(0.027451672 0.0016957951 0)
(0.029221471 0.0016423853 0)
(0.030843667 0.0015555172 0)
(0.03227152 0.0014383311 0)
(0.033463196 0.0012969743 0)
(0.034384417 0.0011408582 0)
(0.035007857 0.00098423117 0)
(0.035333698 0.00085079614 0)
(0.03536082 0.0007415784 0)
(0.035084324 0.00063845959 0)
(0.034513362 0.00051533994 0)
(0.033667874 0.00037291367 0)
(0.032564666 0.00022264411 0)
(0.03121789 7.896744e-05 0)
(0.029644578 -4.9653574e-05 0)
(0.027861243 -0.00015577468 0)
(0.025905239 -0.00023721373 0)
(0.023833113 -0.00028207015 0)
(0.021677481 -0.00027832118 0)
(0.019498843 -0.0002306875 0)
(0.017372231 -0.00012738379 0)
(0.015349423 3.326396e-05 0)
(0.013473126 0.00024803402 0)
(0.011804892 0.00050004276 0)
(0.010361744 0.00079043758 0)
(0.0091143955 0.0010852986 0)
(0.0080097545 0.0013527081 0)
(0.0069158874 0.0015470536 0)
(0.0056115371 0.0016168452 0)
(0.0038291769 0.0014897441 0)
(0.001223831 0.0011185642 0)
(-0.0027255726 0.00045178165 0)
(-0.0085633736 -0.00059503321 0)
(-0.016804341 -0.0020593583 0)
(-0.027978699 -0.0039476521 0)
(-0.042552622 -0.006223466 0)
(-0.060879888 -0.0088018309 0)
(-0.083160785 -0.011554756 0)
(-0.1094183 -0.014329419 0)
(-0.13949751 -0.016973051 0)
(-0.17308563 -0.019353004 0)
(-0.20973866 -0.021368202 0)
(-0.24890441 -0.022951257 0)
(-0.28994248 -0.024066652 0)
(-0.33214874 -0.024695677 0)
(-0.37476879 -0.024835273 0)
(-0.4170217 -0.024488234 0)
(-0.45813101 -0.023672347 0)
(-0.49734742 -0.022422801 0)
(-0.53398361 -0.020795079 0)
(-0.56745148 -0.018865272 0)
(-0.59729807 -0.016726487 0)
(-0.6232332 -0.014481227 0)
(-0.6451426 -0.012231487 0)
(-0.66308246 -0.010068226 0)
(-0.6772551 -0.0080618056 0)
(-0.68796835 -0.0062563573 0)
(-0.69558592 -0.0046692636 0)
(-0.70047019 -0.003296515 0)
(-0.70294573 -0.0021124199 0)
(-0.70326581 -0.0010791224 0)
(-0.70180258 -0.00018013166 0)
(-0.69863466 0.00067078973 0)
(-0.69378389 0.0015201493 0)
(-0.68723105 0.0023874568 0)
(-0.67894292 0.0032747685 0)
(-0.66889343 0.004173633 0)
(-0.65707819 0.0050713211 0)
(-0.64352025 0.0059556416 0)
(-0.6282639 0.0068176928 0)
(-0.61136272 0.0076527238 0)
(-0.59287295 0.0084607881 0)
(-0.57284694 0.0092451422 0)
(-0.55133105 0.010008337 0)
(-0.52837202 0.010748735 0)
(-0.50402955 0.011457709 0)
(-0.47839249 0.012118268 0)
(-0.4515947 0.012705422 0)
(-0.42382682 0.013189052 0)
(-0.39533982 0.013538612 0)
(-0.3664387 0.013728311 0)
(-0.33746697 0.013741582 0)
(-0.30878496 0.013573722 0)
(-0.28074566 0.013232334 0)
(-0.25367251 0.012735776 0)
(-0.22784177 0.012110286 0)
(-0.20347124 0.011386601 0)
(-0.18071525 0.010596722 0)
(-0.15966543 0.0097712758 0)
(-0.14035572 0.0089376572 0)
(-0.12277023 0.0081189539 0)
(-0.1068523 0.0073335497 0)
(-0.092513838 0.0065952313 0)
(-0.079644046 0.005913632 0)
(-0.068117016 0.0052948576 0)
(-0.057798064 0.0047421791 0)
(-0.048548676 0.0042567144 0)
(-0.040230109 0.0038380536 0)
(-0.032705821 0.0034848007 0)
(-0.025842931 0.003195011 0)
(-0.019512905 0.0029664977 0)
(-0.013590035 0.0027977761 0)
(-0.0079510092 0.0026967014 0)
(-0.0025471809 0.0025559228 0)
)
;

boundaryField
{
    leftWall
    {
        type            noSlip;
    }
    rightWall
    {
        type            noSlip;
    }
    lowerWall
    {
        type            noSlip;
    }
    atmosphere
    {
        type            noSlip;
    }
    defaultFaces
    {
        type            empty;
    }
}


// ************************************************************************* //
