time_s,DP_module_m2_s2
0.0059312,28.064201648
0.0118694,28.018398866
0.0178006,27.99375297
0.0237248,27.981611612
0.0296489,27.975486807
0.035566,27.973931572
0.0414831,27.972825552
0.0474002,27.972418309
0.0533173,27.97233807
0.0592273,27.973058056
0.0651373,27.972817236
0.0710473,27.972831585
0.0769573,27.972820557
0.0828673,27.972874637
0.0887773,27.973005503
0.0946874,27.973137614
0.100597,27.973068107
0.106507,27.973252928
0.112417,27.973294885
0.118327,27.973184794
0.124237,27.973146305
0.130147,27.973396521
0.136057,27.973421996
0.141967,27.973532473
0.147877,27.973535627
0.153788,27.973525125
0.159698,27.97361082
0.165608,27.973612704
0.171518,27.973647574
0.177428,27.973738248
0.183338,27.973781478
0.189248,27.973708434
0.195158,27.97390311
0.201068,27.973828411
0.206978,27.973864648
0.212888,27.973831023
0.218798,27.973860411
0.224708,27.973828656
0.230618,27.973959083
0.236528,27.973835706
0.242438,27.97388311
0.248348,27.973870945
0.254258,27.973977159
0.260168,27.973679955
0.266078,27.973880185
0.271988,27.97379478
0.277898,27.973880479
0.283808,27.97369026
0.289718,27.973774767
0.295628,27.97359881
0.301538,27.973726984
0.307448,27.973530622
0.313358,27.973536782
0.319268,27.973383729
0.325178,27.973526062
0.331088,27.973285509
0.336998,27.973370671
0.342908,27.973278366
0.348818,27.973372228
0.354728,27.973187306
0.360638,27.973275406
0.366548,27.973085
0.372458,27.973249032
0.378368,27.973158699
0.384278,27.973224482
0.390188,27.973109692
0.396098,27.97326922
0.402008,27.97315436
0.407918,27.973244709
0.413828,27.97321754
0.419738,27.973279049
0.425648,27.973219914
0.431558,27.973320585
0.437468,27.973206499
0.443378,27.973477269
0.449288,27.973370439
0.455198,27.973438666
0.461108,27.973456222
0.467018,27.973586856
0.472928,27.9734354
0.478838,27.973601806
0.484748,27.973498601
0.490658,27.973582912
0.496568,27.973489555
0.502478,27.973650552
0.508388,27.973520654
0.514298,27.973737648
0.520208,27.973574395
0.526118,27.973730339
0.532028,27.973659827
0.537939,27.973681798
0.543849,27.973570284
0.549759,27.973778996
0.555669,27.973674916
0.561579,27.973743937
0.567489,27.973617473
0.573399,27.973805878
0.579309,27.973697839
0.585219,27.973860328
0.591129,27.973728137
0.597039,27.973770916
0.602949,27.973674042
0.608859,27.973821624
0.614769,27.973627149
0.620679,27.973764329
0.626589,27.973682873
0.632499,27.973802022
0.638409,27.973802477
0.644319,27.973987295
0.650229,27.97395107
0.656139,27.974185778
0.662049,27.974148544
0.667959,27.974259329
0.673869,27.974311509
0.679779,27.97449966
0.685689,27.974415703
0.691599,27.974682454
0.697509,27.974630758
0.703419,27.974752935
0.709329,27.97483582
0.715239,27.974998596
0.721149,27.974926567
0.727059,27.975036518
0.732969,27.975019375
0.738879,27.97516538
0.744789,27.975121497
0.750699,27.975283081
0.756609,27.975145184
0.762519,27.975350581
0.768429,27.97524606
0.774339,27.97532892
0.780249,27.975307187
0.786159,27.97545647
0.792069,27.975301574
0.797979,27.97545989
0.803889,27.975406597
0.809799,27.975448551
0.815709,27.975453024
0.821619,27.975585312
0.827529,27.975421044
0.833439,27.975524531
0.839349,27.975388066
0.845259,27.975524306
0.851169,27.975362593
0.857079,27.97552287
0.862989,27.97536407
0.868899,27.975541997
0.874809,27.975513509
0.880719,27.975717628
0.886629,27.975701044
0.892539,27.97590399
0.898449,27.975964529
0.904359,27.976114014
0.910269,27.976035608
0.916179,27.976141601
0.922089,27.976090306
0.928,27.976293192
0.93391,27.976038579
0.93982,27.976354405
0.94573,27.976287714
0.95164,27.976432086
0.95755,27.976474368
0.96346,27.97669883
0.96937,27.976538556
0.97528,27.976779159
0.98119,27.976706828
0.9871,27.976879854
0.99301,27.976907282
0.99892,27.977078723
1.00483,27.977071912
1.01074,27.977329998
1.01665,27.977274753
1.02256,27.977432544
1.02847,27.977399761
1.03438,27.977622642
1.04029,27.977550625
1.0462,27.977746339
1.05211,27.977664536
1.05802,27.977781162
1.06393,27.97778323
1.06984,27.977940699
1.07575,27.977780249
1.08166,27.978002589
1.08757,27.977930005
1.09348,27.978041082
1.09939,27.97796643
1.1053,27.978081635
1.11121,27.977927762
1.11712,27.978084573
1.12303,27.978003526
1.12894,27.978087416
1.13485,27.978007735
1.14076,27.978019749
1.14667,27.977793172
1.15258,27.977983957
1.15849,27.977834315
1.1644,27.977877769
1.17031,27.977783041
1.17622,27.978050549
1.18213,27.977877794
1.18804,27.978199651
1.19395,27.978134638
1.19986,27.978273825
1.20577,27.978229169
1.21168,27.978391985
1.21759,27.978393074
1.2235,27.978612807
1.22941,27.978558611
1.23532,27.978733775
1.24123,27.978747667
1.24714,27.978953882
1.25305,27.978858452
1.25896,27.979162529
1.26487,27.979028405
1.27078,27.979219287
1.27669,27.979226594
1.2826,27.97930366
1.28851,27.979246431
1.29442,27.979409236
1.30033,27.979344628
1.30624,27.979430762
1.31215,27.979407278
1.31806,27.979602016
1.32397,27.979486031
1.32988,27.979694525
1.33579,27.979642296
1.3417,27.97971521
1.34761,27.979650267
1.35352,27.979738826
1.35943,27.979604876
1.36534,27.979770163
1.37125,27.979679193
1.37716,27.979715967
1.38307,27.979618111
1.38898,27.979712953
1.39489,27.979541423
1.4008,27.979618028
1.40671,27.97946321
1.41262,27.979450564
1.41853,27.979286983
1.42444,27.979278039
1.43035,27.97917549
1.43626,27.979335967
1.44217,27.979235589
1.44808,27.979381052
1.45399,27.979283617
1.4599,27.979546084
1.46581,27.979524864
1.47172,27.979677176
1.47763,27.979715398
1.48354,27.979828712
1.48945,27.979786392
1.49536,27.979989799
1.50127,27.979909905
1.50718,27.980204357
1.51309,27.980057513
1.519,27.980268828
1.52491,27.980190675
1.53082,27.980379425
1.53673,27.980146252
1.54264,27.980315892
1.54855,27.980129539
1.55446,27.980295828
1.56037,27.980132417
1.56628,27.98034502
1.57219,27.980231634
1.5781,27.980436126
1.58401,27.980223088
1.58992,27.980337091
1.59583,27.980311051
1.60174,27.98042638
1.60765,27.980194665
1.61356,27.980308118
1.61947,27.980282124
1.62538,27.980411953
1.63129,27.980186351
1.6372,27.980331193
1.64311,27.980187988
1.64902,27.980290681
1.65493,27.980130977
1.66084,27.980009065
1.66675,27.979872448
1.67266,27.97986701
1.67857,27.979630485
1.68448,27.979740097
1.69039,27.979669597
1.6963,27.979756084
1.70221,27.979729626
1.70812,27.979911991
1.71403,27.979830974
1.71994,27.980074434
1.72585,27.980007212
1.73176,27.980111018
1.73767,27.980080849
1.74358,27.980341623
1.74949,27.980170742
1.7554,27.98039432
1.76131,27.98039337
1.76722,27.980493477
1.77313,27.98046292
1.77904,27.98053189
1.78495,27.980450341
1.79086,27.980622068
1.79677,27.980466575
1.80268,27.980561998
1.80859,27.980511634
1.8145,27.980612198
1.82041,27.98045268
1.82632,27.980625236
1.83223,27.980540184
1.83814,27.980646846
1.84405,27.980549526
1.84996,27.980647255
1.85587,27.980541924
1.86178,27.980663057
1.86769,27.980512306
1.8736,27.980527875
1.87951,27.980458316
1.88542,27.98059094
1.89133,27.980447064
1.89724,27.980536507
1.90315,27.980454526
1.90906,27.980500915
1.91497,27.980354469
1.92088,27.980423608
1.92679,27.980175669
1.9327,27.980260526
1.93861,27.980030489
1.94452,27.980008509
1.95043,27.979886253
1.95634,27.979940546
1.96225,27.979736389
1.96816,27.979925096
1.97407,27.979883592
1.97998,27.980004587
1.98589,27.979927836
1.9918,27.98008897
1.99771,27.980006509
2.00362,27.980230739
2.00953,27.980116176
2.01544,27.98014277
2.02135,27.980151443
2.02726,27.98029535
2.03317,27.980143749
2.03908,27.980335493
2.04499,27.980327271
2.0509,27.980435433
2.05681,27.980346226
2.06272,27.98040515
2.06863,27.980302755
2.07454,27.980447047
2.08045,27.980272842
2.08636,27.980386012
2.09227,27.980377517
2.09818,27.980567883
2.10409,27.980346879
2.11,27.980471225
2.11591,27.980474246
2.12182,27.980579795
2.12773,27.980475409
2.13364,27.980523714
2.13955,27.980416513
2.14546,27.980598517
2.15137,27.980372222
2.15728,27.980445776
2.16319,27.98040366
2.1691,27.980531971
2.17501,27.980289526
2.18092,27.980378677
2.18683,27.980341035
2.19274,27.980367056
2.19865,27.980189795
2.20456,27.980259563
2.21047,27.980101573
2.21638,27.980222647
2.22229,27.979937354
2.2282,27.979907885
2.23411,27.979869168
2.24002,27.979894771
2.24593,27.979673677
2.25184,27.979785877
2.25775,27.979674961
2.26366,27.97973922
2.26957,27.979582378
2.27548,27.979834411
2.28139,27.97977143
2.2873,27.979955138
2.29321,27.979805354
2.29912,27.979872406
2.30503,27.979873413
2.31094,27.979978729
2.31685,27.979780032
2.32276,27.979973992
2.32867,27.979895075
2.33458,27.980008251
2.34049,27.979838596
2.3464,27.979943903
2.35231,27.979911554
2.35822,27.980082307
2.36413,27.979988409
2.37004,27.980056349
2.37595,27.980004724
2.38186,27.980193717
2.38777,27.979990217
2.39368,27.980197018
2.39959,27.980191282
2.4055,27.980231264
2.41141,27.980139424
2.41732,27.980177584
2.42323,27.980108769
2.42914,27.980321903
2.43505,27.980148981
2.44096,27.980207896
2.44687,27.980205655
2.45278,27.980325103
2.45869,27.9800399
2.4646,27.980160616
2.47051,27.980116493
2.47642,27.980120326
2.48233,27.97999204
2.48824,27.980005512
2.49415,27.979834478
2.50006,27.980075488
2.50597,27.979893437
2.51188,27.97997057
2.51779,27.979939527
2.5237,27.979965978
2.52961,27.979712415
2.53552,27.979768808
2.54143,27.979652061
2.54734,27.979652202
2.55325,27.97942145
2.55916,27.979522563
2.56507,27.979381083
2.57098,27.979567384
2.57689,27.979324807
2.5828,27.97939002
2.58871,27.979492566
2.59462,27.979678837
2.60053,27.979466469
2.60644,27.979636837
2.61235,27.979561264
2.61826,27.979656015
2.62417,27.979494085
2.63008,27.979619755
2.63599,27.979502632
2.6419,27.97969705
2.64781,27.979539553
2.65372,27.979586578
2.65963,27.979575451
2.66554,27.979680215
2.67145,27.979457681
2.67736,27.979605057
2.68327,27.979587925
2.68918,27.979638336
2.69509,27.979463815
2.701,27.979616758
2.70691,27.979653222
2.71282,27.979871382
2.71873,27.979773914
2.72464,27.979781848
2.73055,27.979762791
2.73646,27.979900163
2.74237,27.97971861
2.74828,27.979931813
2.75419,27.979899568
2.7601,27.979960187
2.76601,27.979817814
2.77192,27.979915997
2.77783,27.979776059
2.78374,27.979940439
2.78965,27.979764865
2.79556,27.979801853
2.80147,27.979841956
2.80738,27.979914642
2.81329,27.97967263
2.8192,27.979810045
2.82511,27.979814544
2.83102,27.979812127
2.83693,27.979658818
2.84284,27.979691588
2.84875,27.97954266
2.85466,27.97964389
2.86057,27.979403507
2.86648,27.979457884
2.87239,27.97943289
2.8783,27.979552534
2.88421,27.979300918
2.89012,27.979410982
2.89603,27.979295161
2.90194,27.979394982
2.90785,27.979282255
2.91376,27.979394297
2.91967,27.979324186
2.92558,27.979509475
2.93149,27.979343674
2.9374,27.979415005
2.94331,27.979391649
2.94922,27.979495703
2.95513,27.979328038
2.96104,27.979490454
2.96695,27.979376922
2.97286,27.979535104
2.97877,27.979411003
2.98468,27.979577538
2.99059,27.979390817
2.9965,27.979579201
3.00241,27.979409805
3.00832,27.979401897
3.01423,27.979386397
3.02014,27.979473168
3.02605,27.979271605
3.03196,27.979392648
3.03787,27.979346391
3.04378,27.979435419
3.04969,27.979302423
3.0556,27.979381738
3.06152,27.979240665
3.06743,27.97941851
3.07334,27.979316571
3.07925,27.979326713
3.08516,27.979323702
3.09107,27.979445856
3.09698,27.979270975
3.10289,27.979405338
3.1088,27.97931864
3.11471,27.979473363
3.12062,27.979379769
3.12653,27.979535406
3.13244,27.979405919
3.13835,27.979586091
3.14426,27.979452858
3.15017,27.979501312
3.15608,27.979525803
3.16199,27.979589647
3.1679,27.979440982
3.17381,27.979533647
3.17972,27.979534729
3.18563,27.979556618
3.19154,27.979501734
3.19745,27.979504227
3.20336,27.979507191
3.20927,27.979539586
3.21518,27.979502043
3.22109,27.979469842
3.227,27.979526909
3.23291,27.979494898
3.23882,27.979350804
3.24473,27.97942964
3.25064,27.979496042
3.25655,27.979478722
3.26246,27.979454227
3.26837,27.979381107
3.27428,27.979410528
3.28019,27.97941135
3.2861,27.97936691
3.29201,27.979253684
3.29792,27.979390033
3.30383,27.979320258
3.30974,27.979257275
3.31565,27.979191953
3.32156,27.979310971
3.32747,27.979199005
3.33338,27.979205603
3.33929,27.979146442
3.3452,27.979219037
3.35111,27.979334044
3.35702,27.979384634
3.36293,27.979262109
3.36884,27.979387957
3.37475,27.979326824
3.38066,27.979288819
3.38657,27.979305887
3.39248,27.979377077
3.39839,27.979359727
3.4043,27.979336908
3.41021,27.979301779
3.41612,27.979275504
3.42203,27.979357259
3.42794,27.979385784
3.43385,27.979264444
3.43976,27.979367781
3.44567,27.979330365
3.45158,27.979247828
3.45749,27.979278429
3.4634,27.979356961
3.46931,27.979322125
3.47522,27.979336348
3.48113,27.979361267
3.48704,27.979400905
3.49295,27.97941532
3.49886,27.979501867
3.50477,27.979403908
3.51068,27.979519044
3.51659,27.979510513
3.5225,27.979483307
3.52841,27.979505671
3.53432,27.979580531
3.54023,27.979534725
3.54614,27.979553473
3.55205,27.979487169
3.55796,27.97954726
3.56387,27.979571174
3.56978,27.979573722
3.57569,27.97946822
3.5816,27.979559979
3.58751,27.97952316
3.59342,27.97943007
3.59933,27.979512854
3.60524,27.979607853
3.61115,27.979487728
3.61706,27.97952491
3.62297,27.979425554
3.62888,27.979433634
3.63479,27.979470074
3.6407,27.979480785
3.64661,27.979426746
3.65252,27.979514895
3.65843,27.979494607
3.66434,27.97944197
3.67025,27.979438751
3.67616,27.979543484
3.68207,27.979443247
3.68798,27.979419292
3.69389,27.979344241
3.6998,27.97933529
3.70571,27.979363627
3.71162,27.979323219
3.71753,27.979201807
3.72344,27.979280577
3.72935,27.979286908
3.73526,27.979241018
3.74117,27.979253968
3.74708,27.97935447
3.75299,27.979320207
3.7589,27.979340782
3.76481,27.979328112
3.77072,27.97935709
3.77663,27.979412049
3.78254,27.979418934
3.78845,27.979296305
3.79436,27.979459215
3.80027,27.979441786
3.80618,27.979456308
3.81209,27.979462863
3.818,27.979541669
3.82391,27.979517797
3.82982,27.979503788
3.83573,27.979472835
3.84164,27.979523904
3.84755,27.979498737
3.85346,27.979511912
3.85937,27.979350493
3.86528,27.979476341
3.87119,27.979480123
3.8771,27.979436558
3.88301,27.979393767
3.88892,27.979468604
3.89483,27.979400783
3.90074,27.979431202
3.90665,27.979409061
3.91256,27.979437311
3.91847,27.979434386
3.92438,27.97948948
3.93029,27.979392958
3.9362,27.979448348
3.94211,27.97945788
3.94802,27.979424042
3.95393,27.979417817
3.95984,27.979481932
3.96575,27.979346994
3.97166,27.979403539
3.97757,27.979356906
3.98348,27.979420665
3.98939,27.979455823
3.9953,27.97951513
4.00121,27.97936816
4.00712,27.9793959
4.01303,27.979463818
4.01894,27.979391622
4.02485,27.979395603
4.03076,27.979516894
4.03667,27.979406777
4.04258,27.979443281
4.04849,27.97940558
4.0544,27.979425643
4.06031,27.979455526
4.06622,27.979451179
4.07213,27.979352604
4.07804,27.97949942
4.08395,27.979474466
4.08986,27.979453725
4.09577,27.979447533
4.10168,27.979495544
4.10759,27.979481644
4.1135,27.979526378
4.11941,27.979500057
4.12532,27.979509241
4.13123,27.979512283
4.13714,27.979526797
4.14305,27.979417207
4.14896,27.979542264
4.15487,27.979519452
4.16078,27.979494069
4.16669,27.979434401
4.1726,27.979454935
4.17851,27.979416745
4.18442,27.979456386
4.19033,27.979415077
4.19624,27.979413077
4.20215,27.979432414
4.20806,27.979434539
4.21397,27.979315366
4.21988,27.979416684
4.22579,27.979465252
4.2317,27.979473275
4.23761,27.979441869
4.24352,27.979495518
4.24943,27.97947405
4.25534,27.97948661
4.26125,27.979425659
4.26716,27.979479886
4.27307,27.979477279
4.27898,27.979461064
4.28489,27.979376329
4.2908,27.979436053
4.29671,27.979485191
4.30262,27.979423648
4.30853,27.979358113
4.31444,27.979449924
4.32035,27.979423134
4.32626,27.979469006
4.33217,27.97942544
4.33808,27.97941709
4.34399,27.979488907
4.3499,27.979500939
4.35581,27.979408729
4.36172,27.979465837
4.36763,27.97953353
4.37354,27.979506358
4.37945,27.979520659
4.38536,27.979561264
4.39127,27.979532392
4.39718,27.979576098
4.40309,27.979531141
4.409,27.9795632
4.41491,27.979609488
4.42082,27.9795698
4.42673,27.979541976
4.43264,27.979604429
4.43855,27.979647325
4.44446,27.979618862
4.45037,27.97955956
4.45628,27.97966581
4.46219,27.979630411
4.4681,27.979614513
4.47401,27.979609105
4.47992,27.979612833
4.48583,27.979689101
4.49174,27.979696023
4.49765,27.97956753
4.50356,27.979614767
4.50947,27.979632575
4.51538,27.97953169
4.52129,27.979534464
4.5272,27.979538155
4.53311,27.97951865
4.53902,27.979497959
4.54493,27.97948539
4.55084,27.979484007
4.55675,27.979534666
4.56266,27.979481688
4.56857,27.979356883
4.57448,27.97940569
4.58039,27.979448509
4.5863,27.979376779
4.59221,27.979388299
4.59812,27.979394896
4.60403,27.979392865
4.60994,27.979366981
4.61585,27.979374761
4.62176,27.979364052
4.62767,27.979438489
4.63358,27.979458296
4.63949,27.979401138
4.6454,27.979460934
4.65131,27.979567223
4.65722,27.979394061
4.66313,27.97947115
4.66904,27.979521684
4.67495,27.979512098
4.68086,27.979490583
4.68677,27.979470036
4.69268,27.979461855
4.69859,27.979573053
4.7045,27.9795267
4.71041,27.979487389
4.71632,27.979496425
4.72223,27.979580233
4.72814,27.979460787
4.73405,27.979487901
4.73996,27.979527931
4.74587,27.979514108
4.75178,27.979512638
4.75769,27.979515548
4.7636,27.979443016
4.76951,27.979550689
4.77542,27.979493805
4.78133,27.979471552
4.78724,27.979501776
4.79315,27.979545784
4.79906,27.979460376
4.80497,27.979464709
4.81088,27.979501497
4.81679,27.97954698
4.8227,27.979492222
4.82861,27.979589919
4.83452,27.979521748
4.84043,27.979656259
4.84634,27.979644965
4.85225,27.979512928
4.85816,27.979588728
4.86407,27.979630854
4.86998,27.979610018
4.87589,27.979646934
4.8818,27.979688604
4.88771,27.979694227
4.89362,27.979650946
4.89953,27.979693156
4.90544,27.979679213
4.91135,27.979751602
4.91726,27.979741369
4.92317,27.979658014
4.92908,27.979683855
4.93499,27.979744067
4.9409,27.979650818
4.94681,27.979741033
4.95272,27.979766617
4.95863,27.979761942
4.96454,27.9797274
4.97045,27.979730684
4.97636,27.979690256
4.98227,27.97982199
4.98818,27.97977418
4.99409,27.979687178
5.0,27.979780671
5.00591,27.979858833
5.01182,27.979705952
5.01773,27.979770015
5.02364,27.97977797
5.02955,27.979820896
5.03546,27.979807979
5.04137,27.979756413
5.04728,27.979722828
5.05319,27.979774633
5.0591,27.979690766
5.06501,27.97965175
5.07092,27.979628328
5.07683,27.979731798
5.08274,27.979670063
5.08865,27.979675648
5.09456,27.979632564
5.10047,27.979600856
5.10638,27.979563063
5.11229,27.979564584
5.1182,27.979452128
5.12411,27.979504912
5.13002,27.979500755
5.13593,27.979416316
5.14184,27.979400117
5.14775,27.979513959
5.15366,27.979496533
5.15957,27.979466828
5.16548,27.97952856
5.17139,27.979534308
5.1773,27.979484074
5.18322,27.979533214
5.18913,27.97944943
5.19504,27.979579774
5.20095,27.97959572
5.20686,27.979523724
5.21277,27.979506546
5.21868,27.979524402
5.22459,27.97942
5.2305,27.979466336
5.23641,27.979481434
5.24232,27.979549849
5.24823,27.979490646
5.25414,27.979544787
5.26005,27.979465067
5.26596,27.979518244
5.27187,27.979555818
5.27778,27.979516543
5.28369,27.979555914
5.2896,27.97966482
5.29551,27.979520214
5.30142,27.979643335
5.30733,27.979584758
5.31324,27.979614003
5.31915,27.979598783
5.32506,27.979650953
5.33097,27.979604111
5.33688,27.979667409
5.34279,27.97965029
5.3487,27.979623994
5.35461,27.979614282
5.36052,27.979711879
5.36643,27.979553898
5.37234,27.97959103
5.37825,27.979557239
5.38416,27.979597245
5.39007,27.979531743
5.39598,27.979506492
5.40189,27.979444763
5.4078,27.97954471
5.41371,27.979497765
5.41962,27.979484445
5.42553,27.97941087
5.43144,27.979455667
5.43735,27.979326222
5.44326,27.979383695
5.44917,27.979330464
5.45508,27.979296026
5.46099,27.979257863
5.4669,27.979283104
5.47281,27.979160762
5.47872,27.979227485
5.48463,27.979157578
5.49054,27.979207119
5.49645,27.97923464
5.50236,27.97923065
5.50827,27.979176813
5.51418,27.979260634
5.52009,27.979270596
5.526,27.979341009
5.53191,27.979251878
5.53783,27.979355214
5.54374,27.979284245
5.54965,27.979425078
5.55556,27.979380987
5.56147,27.979351107
5.56738,27.979384243
5.57329,27.979421945
5.5792,27.979382052
5.58511,27.979478262
5.59102,27.979389857
5.59693,27.979493998
5.60284,27.979442121
5.60875,27.979535035
5.61466,27.979400722
5.62057,27.979596171
5.62648,27.979559605
5.63239,27.97951418
5.6383,27.979448575
5.64421,27.979527859
5.65012,27.979467165
5.65603,27.979549611
5.66194,27.9794022
5.66785,27.979456806
5.67376,27.979374086
5.67967,27.979421575
5.68558,27.979420009
5.69149,27.979509019
5.6974,27.979515616
5.70331,27.979501681
5.70922,27.979417559
5.71513,27.979486536
5.72104,27.979396538
5.72695,27.979468842
5.73286,27.979303836
5.73877,27.979387498
5.74468,27.979319277
5.75059,27.979337829
5.7565,27.979244744
5.76241,27.979405117
5.76832,27.979354279
5.77423,27.979375103
5.78014,27.979385035
5.78605,27.979535271
5.79196,27.979449994
5.79787,27.979623083
5.80378,27.979557356
5.80969,27.979666321
5.8156,27.979604259
5.82151,27.979796424
5.82742,27.979585918
5.83333,27.979820135
5.83924,27.979762104
5.84515,27.979853446
5.85106,27.979685111
5.85697,27.979908552
5.86288,27.979758472
5.86879,27.979918442
5.8747,27.979818762
5.88061,27.979867336
5.88652,27.979863898
5.89243,27.979968021
5.89835,27.979827865
5.90426,27.980073331
5.91017,27.979971766
5.91608,27.980036177
5.92199,27.979970104
5.9279,27.980119655
5.93381,27.979950061
5.93972,27.980114884
5.94563,27.979952287
5.95154,27.980022098
5.95745,27.979946992
5.96336,27.980068021
5.96927,27.979791684
5.97518,27.979989097
5.98109,27.979957897
5.987,27.97994881
5.99291,27.979840462
5.99882,27.979944796
6.00473,27.979713141
6.01064,27.979857941
6.01655,27.97961032
6.02246,27.979690353
6.02837,27.979567728
6.03428,27.979627962
6.04019,27.979452945
6.0461,27.979673548
6.05201,27.979635883
6.05792,27.979683804
6.06383,27.97965616
6.06974,27.979847579
6.07565,27.979756443
6.08156,27.980024139
6.08747,27.979830588
6.09338,27.979973594
6.09929,27.980010266
6.1052,27.980119415
6.11111,27.979909995
6.11702,27.980150528
6.12293,27.980095638
6.12884,27.980141344
6.13475,27.980082446
6.14066,27.98025424
6.14657,27.980134295
6.15248,27.980317706
6.15839,27.980151338
6.1643,27.980250756
6.17021,27.980267377
6.17612,27.98038774
6.18203,27.980177783
6.18794,27.980373969
6.19385,27.98033526
6.19976,27.98035076
6.20567,27.980156203
6.21158,27.980333841
6.21749,27.980224723
6.2234,27.98032871
6.22931,27.980186265
6.23522,27.980294248
6.24113,27.980240398
6.24704,27.980301946
6.25296,27.980128801
6.25887,27.980356541
6.26478,27.980232448
6.27069,27.980258687
6.2766,27.980119619
6.28251,27.980269494
6.28842,27.980108174
6.29433,27.980185228
6.30024,27.980036749
6.30615,27.980125806
6.31206,27.980145295
6.31797,27.980273483
6.32388,27.980089893
6.32979,27.980290021
6.3357,27.980253574
6.34161,27.980319497
6.34752,27.98022198
6.35343,27.980422616
6.35934,27.980324046
6.36525,27.980561795
6.37116,27.980439459
6.37707,27.980539852
6.38298,27.980480974
6.38889,27.980613436
6.3948,27.980417611
6.40071,27.980592355
6.40662,27.980516942
6.41253,27.980538979
6.41844,27.980462374
6.42435,27.980616565
6.43026,27.980474754
6.43617,27.980582033
6.44208,27.980462782
6.44799,27.980590326
6.4539,27.980538569
6.45981,27.980643137
6.46572,27.980451745
6.47163,27.980680761
6.47754,27.980565111
6.48345,27.980566474
6.48936,27.980434894
6.49527,27.980613176
6.50118,27.980383209
6.50709,27.980480522
6.513,27.980313004
6.51891,27.98038269
6.52482,27.980351639
6.53073,27.980466621
6.53664,27.980117789
6.54255,27.980286668
6.54846,27.980176002
6.55437,27.980158122
6.56028,27.980015047
6.56619,27.980084113
6.5721,27.979910373
6.57801,27.980104401
6.58392,27.979866522
6.58983,27.979962322
6.59574,27.979885886
6.60165,27.980074946
6.60757,27.979829182
6.61348,27.980025902
6.61939,27.980030846
6.6253,27.980075073
6.63121,27.97999263
6.63712,27.980221772
6.64303,27.980061556
6.64894,27.980265678
6.65485,27.980126175
6.66076,27.980226574
6.66667,27.980132644
6.67258,27.980279118
6.67849,27.980036468
6.6844,27.980222573
6.69031,27.980106511
6.69622,27.980131895
6.70213,27.980037244
6.70804,27.980277451
6.71395,27.980107322
6.71986,27.980272792
6.72577,27.980147668
6.73168,27.980207887
6.73759,27.980150549
6.7435,27.980198196
6.74941,27.980011324
6.75532,27.980160564
6.76123,27.980002066
6.76714,27.980017034
6.77305,27.979914652
6.77896,27.980095799
6.78487,27.979953667
6.79078,27.980096289
6.79669,27.979878423
6.8026,27.979950319
6.80851,27.979825304
6.81442,27.979850367
6.82033,27.979631491
6.82624,27.979831928
6.83215,27.979625645
6.83806,27.979667986
6.84397,27.979597756
6.84988,27.979939207
6.85579,27.979699109
6.8617,27.979915721
6.86761,27.979783814
6.87352,27.979987482
6.87943,27.97990325
6.88534,27.98006146
6.89125,27.97989
6.89716,27.980070834
6.90307,27.98000969
6.90898,27.980047074
6.91489,27.97992121
6.9208,27.980094156
6.92671,27.979933929
6.93262,27.980041399
6.93853,27.979934775
6.94444,27.979986616
6.95035,27.979943549
6.95626,27.980028693
6.96217,27.979873469
6.96809,27.980069392
6.974,27.979893001
6.97991,27.979970936
6.98582,27.979813158
6.99173,27.980035298
6.99764,27.979835835
7.00355,27.979928374
7.00946,27.979722489
7.01537,27.979798646
7.02128,27.979771627
7.02719,27.97989532
7.0331,27.979644944
7.03901,27.979821392
7.04492,27.979681719
7.05083,27.979688772
7.05674,27.979426997
7.06265,27.979582989
7.06856,27.979259592
7.07447,27.979338751
7.08038,27.979116451
7.08629,27.979259008
7.0922,27.979228873
7.09811,27.979352176
7.10402,27.979212809
7.10993,27.979450019
7.11584,27.979396769
7.12175,27.979489516
7.12766,27.979397496
7.13357,27.979608578
7.13948,27.979525214
7.14539,27.979693044
7.1513,27.979543988
7.15721,27.979684321
7.16312,27.979606971
7.16903,27.979764668
7.17494,27.979574666
7.18085,27.979793898
7.18676,27.979642631
7.19267,27.979728045
7.19858,27.979564797
7.20449,27.979751944
7.2104,27.979567929
7.21631,27.979767238
7.22222,27.9796317
7.22813,27.979691087
7.23404,27.979629897
7.23995,27.979779195
7.24586,27.979557274
7.25177,27.979694192
7.25768,27.979652306
7.26359,27.979690421
7.2695,27.979595255
7.27541,27.979735982
7.28132,27.979656522
7.28723,27.979779118
7.29314,27.979590974
7.29905,27.979724413
7.30496,27.979601738
7.31087,27.979746245
7.31678,27.979481703
7.3227,27.979604512
7.32861,27.979514635
7.33452,27.979531294
7.34043,27.979408657
7.34634,27.979536839
7.35225,27.979442306
7.35816,27.979655122
7.36407,27.979508769
7.36998,27.979632763
7.37589,27.979541645
7.3818,27.979713686
7.38771,27.979544557
7.39362,27.979764975
7.39953,27.979721685
7.40544,27.979752085
7.41135,27.979709086
7.41726,27.979865118
7.42317,27.979732477
7.42908,27.979925436
7.43499,27.979864172
7.4409,27.979934813
7.44681,27.979868976
7.45272,27.979955475
7.45863,27.979725918
7.46454,27.979957184
7.47045,27.979826267
7.47636,27.979906958
7.48227,27.979709206
7.48818,27.979908218
7.49409,27.979784808
7.5,27.979959695
7.50591,27.979795508
7.51182,27.979888786
7.51773,27.979714979
7.52364,27.97983899
7.52955,27.979556504
7.53546,27.979731663
7.54137,27.979568073
7.54728,27.97966587
7.55319,27.979459882
7.5591,27.979631877
7.56501,27.979460424
7.57092,27.979589386
7.57683,27.979434751
7.58274,27.979532087
7.58865,27.979425315
7.59456,27.979514821
7.60047,27.979304989
7.60638,27.979561435
7.61229,27.979459278
7.6182,27.979621067
7.62411,27.979443756
7.63002,27.97969058
7.63593,27.979525212
7.64184,27.979795526
7.64775,27.979607627
7.65366,27.979795335
7.65957,27.979670885
7.66548,27.979837583
7.67139,27.97965979
7.6773,27.979898291
7.68322,27.979773886
7.68913,27.97988777
7.69504,27.979746955
7.70095,27.979900087
7.70686,27.97976086
7.71277,27.97990764
7.71868,27.979749289
7.72459,27.979859652
7.7305,27.979790401
7.73641,27.979976422
7.74232,27.979898412
7.74823,27.980049803
7.75414,27.979996387
7.76005,27.980091778
7.76596,27.979935546
7.77187,27.98010303
7.77778,27.979968809
7.78369,27.980150393
7.7896,27.979976961
7.79551,27.980112379
7.80142,27.979993374
7.80733,27.980159746
7.81324,27.979969887
7.81915,27.980157281
7.82506,27.979994632
7.83097,27.979999328
7.83688,27.979848803
7.84279,27.979964375
7.8487,27.9798516
7.85461,27.979944186
7.86052,27.979767609
7.86643,27.979846588
7.87234,27.979708175
7.87825,27.979914315
7.88416,27.979718045
7.89007,27.979945259
7.89598,27.979903943
7.90189,27.979944161
7.9078,27.979857775
7.91371,27.980052464
7.91962,27.979936364
7.92553,27.980137542
7.93144,27.979927871
7.93735,27.980096448
7.94326,27.979980168
7.94917,27.980135926
7.95508,27.979971593
7.96099,27.980182915
7.9669,27.980093365
7.97281,27.980097191
7.97872,27.979893284
7.98463,27.980120627
7.99054,27.979950242
7.99645,27.980100029
8.00236,27.979866177
8.00827,27.979998493
8.01418,27.979914512
8.02009,27.980043165
8.026,27.979853592
8.03191,27.980053438
8.03783,27.979905409
8.04374,27.979981875
8.04965,27.979809647
8.05556,27.980054209
8.06147,27.979875579
8.06738,27.980051499
8.07329,27.979843508
8.0792,27.97995672
8.08511,27.979887516
8.09102,27.980020936
8.09693,27.979804018
8.10284,27.979972566
8.10875,27.9798253
8.11466,27.979862358
8.12057,27.979678841
8.12648,27.979805095
8.13239,27.979680327
8.1383,27.979828281
8.14421,27.979650063
8.15012,27.979788753
8.15603,27.979725804
8.16194,27.979957291
8.16785,27.979769792
8.17376,27.98004106
8.17967,27.979965046
8.18558,27.980121941
8.19149,27.979998053
8.1974,27.98023363
8.20331,27.980170759
8.20922,27.980318241
8.21513,27.980152014
8.22104,27.980245054
8.22695,27.980204797
8.23286,27.980278555
8.23877,27.980095059
8.24468,27.980248399
8.25059,27.980162007
8.2565,27.980291934
8.26241,27.980145129
8.26832,27.980377675
8.27423,27.980204166
8.28014,27.980370152
8.28605,27.980147552
8.29196,27.980242804
8.29787,27.980108089
8.30378,27.980181351
8.30969,27.979945843
8.3156,27.980092012
8.32151,27.980021848
8.32742,27.98007585
8.33333,27.979927437
8.33924,27.980112341
8.34515,27.979930687
8.35106,27.979994271
8.35697,27.979731583
8.36288,27.979736748
8.36879,27.979572689
8.3747,27.979706927
8.38061,27.979434996
8.38652,27.97965411
8.39243,27.979484206
8.39835,27.979598652
8.40426,27.979485042
8.41017,27.97967333
8.41608,27.979608888
8.42199,27.979814838
8.4279,27.979715076
8.43381,27.979780697
8.43972,27.979841093
8.44563,27.980021228
8.45154,27.97972343
8.45745,27.979988394
8.46336,27.979880653
8.46927,27.979978284
8.47518,27.979831565
8.48109,27.980009791
8.487,27.979820971
8.49291,27.979965174
8.49882,27.979736415
8.50473,27.979867067
8.51064,27.97983914
8.51655,27.980025373
8.52246,27.979803491
8.52837,27.980017746
8.53428,27.979933636
8.54019,27.97996613
8.5461,27.979810529
8.55201,27.980001348
8.55792,27.979859595
8.56383,27.980069898
8.56974,27.9798411
8.57565,27.979997081
8.58156,27.979945347
8.58747,27.980123684
8.59338,27.979855726
8.59929,27.980009697
8.6052,27.979886062
8.61111,27.979936513
8.61702,27.979697352
8.62293,27.979878043
8.62884,27.979665724
8.63475,27.979780901
8.64066,27.979633496
8.64657,27.979741363
8.65248,27.979789234
8.65839,27.979898494
8.6643,27.979720836
8.67021,27.979960208
8.67612,27.979891969
8.68203,27.980004444
8.68794,27.979884859
8.69385,27.980105185
8.69976,27.980011443
8.70567,27.980192503
8.71158,27.980035162
8.71749,27.98012513
8.7234,27.98007623
8.72931,27.98021491
8.73522,27.980005663
8.74113,27.980135668
8.74704,27.980059761
8.75296,27.980035151
8.75887,27.979881383
8.76478,27.980111369
8.77069,27.979993136
8.7766,27.980177427
8.78251,27.979954146
8.78842,27.980121049
8.79433,27.979970863
8.80024,27.98013266
8.80615,27.979789836
8.81206,27.979945343
8.81797,27.979870707
8.82388,27.979833163
8.82979,27.979705481
8.8357,27.979817587
8.84161,27.979675331
8.84752,27.979826718
8.85343,27.97959464
8.85934,27.979647926
8.86525,27.979527709
8.87116,27.979671792
8.87707,27.979442052
8.88298,27.979652648
8.88889,27.979591281
8.8948,27.97962384
8.90071,27.979499554
8.90662,27.97975104
8.91253,27.979632183
8.91844,27.979870718
8.92435,27.97968655
8.93026,27.979829519
8.93617,27.979845845
8.94208,27.980027408
8.94799,27.979814364
8.9539,27.980032293
8.95981,27.979884863
8.96572,27.9799777
8.97163,27.97980464
8.97754,27.980059724
8.98345,27.979844737
8.98936,27.98003478
8.99527,27.979847027
9.00118,27.979972375
9.00709,27.979916356
9.013,27.980152408
9.01891,27.979921664
9.02482,27.980136326
9.03073,27.98005377
9.03664,27.980163994
9.04255,27.979989705
9.04846,27.980199426
9.05437,27.980013659
9.06028,27.980211523
9.06619,27.979982929
9.0721,27.980117949
9.07801,27.98003427
9.08392,27.98019206
9.08983,27.979978604
9.09574,27.980104431
9.10165,27.980017129
9.10757,27.980008985
9.11348,27.979767685
9.11939,27.979946662
9.1253,27.979757796
9.13121,27.979899598
9.13712,27.979641671
9.14303,27.979817981
9.14894,27.979790238
9.15485,27.979960124
9.16076,27.979805814
9.16667,27.9799997
9.17258,27.979928426
9.17849,27.979973372
9.1844,27.979854393
9.19031,27.980052304
9.19622,27.979925318
9.20213,27.980141765
9.20804,27.979955831
9.21395,27.980082128
9.21986,27.980037874
9.22577,27.980214515
9.23168,27.980021463
9.23759,27.980177311
9.2435,27.980074852
9.24941,27.980067423
9.25532,27.979932569
9.26123,27.980084096
9.26714,27.979972788
9.27305,27.980070672
9.27896,27.979907754
9.28487,27.979986948
9.29078,27.979906892
9.29669,27.980033957
9.3026,27.979796118
9.30851,27.979967461
9.31442,27.979829549
9.32033,27.979924681
9.32624,27.979834894
9.33215,27.980061624
9.33806,27.979957394
9.34397,27.980102189
9.34988,27.979987823
9.35579,27.980018758
9.3617,27.979919744
9.36761,27.980063548
9.37352,27.97982939
9.37943,27.979955862
9.38534,27.979868239
9.39125,27.979864602
9.39716,27.979718639
9.40307,27.979849818
9.40898,27.979759781
9.41489,27.979933262
9.4208,27.979741402
9.42671,27.979861923
9.43262,27.979811242
9.43853,27.97999807
9.44444,27.979791198
9.45035,27.980019416
9.45626,27.979970021
9.46217,27.980053336
9.46809,27.979918214
9.474,27.980134599
9.47991,27.980015008
9.48582,27.980213806
9.49173,27.98001584
9.49764,27.980103239
9.50355,27.980048211
9.50946,27.98019635
9.51537,27.979978402
9.52128,27.980169442
9.52719,27.980079092
9.5331,27.980232175
9.53901,27.980013323
9.54492,27.980244699
9.55083,27.980099788
9.55674,27.980287264
9.56265,27.980122124
9.56856,27.980164026
9.57447,27.980116775
9.58038,27.980239335
9.58629,27.980025113
9.5922,27.980229849
9.59811,27.980094762
9.60402,27.98017373
9.60993,27.980027696
9.61584,27.980202801
9.62175,27.980083421
9.62766,27.980173812
9.63357,27.979972244
9.63948,27.98002618
9.64539,27.979904566
9.6513,27.980044852
9.65721,27.979745206
9.66312,27.979925183
9.66903,27.979814772
9.67494,27.979873822
9.68085,27.979811887
9.68676,27.980016115
9.69267,27.979928677
9.69858,27.980088752
9.70449,27.979941448
9.7104,27.980114508
9.71631,27.980033
9.72222,27.980298574
9.72813,27.980049916
9.73404,27.980298033
9.73995,27.980247119
9.74586,27.980326391
9.75177,27.980195127
9.75768,27.980352346
9.76359,27.98017809
9.7695,27.980404332
9.77541,27.980166069
9.78132,27.980255883
9.78723,27.980172838
9.79314,27.980319088
9.79905,27.980176208
9.80496,27.980345663
9.81087,27.98030435
9.81678,27.980348563
9.8227,27.980167091
9.82861,27.980382428
9.83452,27.980235948
9.84043,27.980403988
9.84634,27.980167463
9.85225,27.980259741
9.85816,27.980243172
9.86407,27.980378609
9.86998,27.980172713
9.87589,27.980302974
9.8818,27.980177096
9.88771,27.980233084
9.89362,27.980013742
9.89953,27.980150686
9.90544,27.979956763
9.91135,27.980075761
9.91726,27.979891821
9.92317,27.979962819
9.92908,27.979954681
9.93499,27.980112967
9.9409,27.97992724
9.94681,27.980144905
9.95272,27.980087007
9.95863,27.980174197
9.96454,27.980059796
9.97045,27.980275247
9.97636,27.980234543
9.98227,27.980391352
9.98818,27.980289047
9.99409,27.980363911
10.0,27.980282503
10.0059,27.980500532
10.0118,27.980273655
10.0177,27.980481043
10.0236,27.980323542
10.0296,27.980414869
10.0355,27.980305948
10.0414,27.980478819
10.0473,27.980398364
10.0532,27.980533796
10.0591,27.980357752
10.065,27.980469752
10.0709,27.980347688
10.0768,27.980479633
10.0827,27.980237438
10.0887,27.980432805
10.0946,27.980350184
10.1005,27.980390252
10.1064,27.980274404
10.1123,27.980471283
10.1182,27.980351315
10.1241,27.980501312
10.13,27.980304829
10.1359,27.980363672
10.1418,27.98028412
10.1478,27.980392369
10.1537,27.980136892
10.1596,27.980327126
10.1655,27.980110624
10.1714,27.980159318
10.1773,27.98006043
10.1832,27.980234436
10.1891,27.980102807
10.195,27.980298838
10.2009,27.980176218
10.2069,27.980299645
10.2128,27.980241844
10.2187,27.980406765
10.2246,27.980221503
10.2305,27.980471306
10.2364,27.980363719
10.2423,27.980499428
10.2482,27.980380234
10.2541,27.980541057
10.26,27.980409464
10.266,27.980625247
10.2719,27.980438091
10.2778,27.980524939
10.2837,27.980431541
10.2896,27.980630182
10.2955,27.98039697
10.3014,27.980591215
10.3073,27.980474417
10.3132,27.980618631
10.3191,27.980456542
10.3251,27.980633981
10.331,27.980506001
10.3369,27.980751465
10.3428,27.980525918
10.3487,27.980583195
10.3546,27.980485071
10.3605,27.980633059
10.3664,27.980430688
10.3723,27.980598632
10.3783,27.980511498
10.3842,27.9805598
10.3901,27.980455735
10.396,27.980633434
10.4019,27.980496815
10.4078,27.980593673
10.4137,27.980411731
10.4196,27.980473287
10.4255,27.980354475
10.4314,27.980455638
10.4374,27.980215936
10.4433,27.980360782
10.4492,27.980268652
10.4551,27.980290816
10.461,27.980161558
10.4669,27.980376644
10.4728,27.98026201
10.4787,27.980467492
10.4846,27.98028964
10.4905,27.980419303
10.4965,27.980363719
10.5024,27.980600762
10.5083,27.980397599
10.5142,27.980583149
10.5201,27.980541271
10.526,27.980611416
10.5319,27.980552662
10.5378,27.980691144
10.5437,27.980550277
10.5496,27.980693549
10.5556,27.980535505
10.5615,27.980592092
10.5674,27.980551612
10.5733,27.980692631
10.5792,27.980534763
10.5851,27.980708027
10.591,27.980624533
10.5969,27.980750174
10.6028,27.980633112
10.6087,27.980779689
10.6147,27.980645958
10.6206,27.980804822
10.6265,27.980602915
10.6324,27.980621817
10.6383,27.980571503
10.6442,27.980726999
10.6501,27.980560881
10.656,27.980689111
10.6619,27.980585962
10.6678,27.980619704
10.6738,27.980475031
10.6797,27.980531582
10.6856,27.980381857
10.6915,27.980486096
10.6974,27.980258346
10.7033,27.980289996
10.7092,27.98020568
10.7151,27.980401237
10.721,27.980224878
10.727,27.980453
10.7329,27.980399142
10.7388,27.98049769
10.7447,27.980399507
10.7506,27.980587837
10.7565,27.98051921
10.7624,27.98069591
10.7683,27.980612697
10.7742,27.980659587
10.7801,27.980685187
10.7861,27.980802704
10.792,27.980669457
10.7979,27.980795778
10.8038,27.980658439
10.8097,27.980773776
10.8156,27.980611147
10.8215,27.980777297
10.8274,27.980595799
10.8333,27.98081414
10.8392,27.980658657
10.8452,27.980724559
10.8511,27.980697174
10.857,27.980901478
10.8629,27.980698071
10.8688,27.980830422
10.8747,27.980756218
10.8806,27.980763551
10.8865,27.980634188
10.8924,27.980774285
10.8983,27.980604326
10.9043,27.980811261
10.9102,27.980638042
10.9161,27.980716317
10.922,27.980621821
10.9279,27.98071228
10.9338,27.980518705
10.9397,27.980577813
10.9456,27.980459859
10.9515,27.98046297
10.9574,27.980297412
10.9634,27.980441217
10.9693,27.980325668
10.9752,27.980554619
10.9811,27.980361938
10.987,27.980472298
10.9929,27.980464607
10.9988,27.9806114
11.0047,27.980488614
11.0106,27.980605577
11.0165,27.980588842
11.0225,27.98067371
11.0284,27.980656189
11.0343,27.980760877
11.0402,27.980675507
11.0461,27.980866649
11.052,27.98076815
11.0579,27.980813242
11.0638,27.980729573
11.0697,27.980862845
11.0757,27.98066397
11.0816,27.980837408
11.0875,27.980707247
11.0934,27.980813328
11.0993,27.980692664
11.1052,27.98087701
11.1111,27.98073348
11.117,27.980910352
11.1229,27.980701944
11.1288,27.980740355
11.1348,27.98067791
11.1407,27.980821885
11.1466,27.980647371
11.1525,27.980806059
11.1584,27.980703751
11.1643,27.980791576
11.1702,27.980659699
11.1761,27.980788833
11.182,27.980641668
11.1879,27.980762259
11.1939,27.980550781
11.1998,27.98055983
11.2057,27.980438093
11.2116,27.980567577
11.2175,27.980332855
11.2234,27.980462125
11.2293,27.980405061
11.2352,27.980491664
11.2411,27.980409473
11.247,27.980595414
11.253,27.980450995
11.2589,27.980630107
11.2648,27.980541332
11.2707,27.980635567
11.2766,27.980616917
11.2825,27.980792586
11.2884,27.980672434
11.2943,27.980843646
11.3002,27.980746393
11.3061,27.980829922
11.3121,27.980774027
11.318,27.980937057
11.3239,27.980761026
11.3298,27.980886214
11.3357,27.980738639
11.3416,27.980774801
11.3475,27.980770687
11.3534,27.980907903
11.3593,27.980744663
11.3652,27.980925476
11.3712,27.980820459
11.3771,27.980898133
11.383,27.980763329
11.3889,27.980996233
11.3948,27.980789652
11.4007,27.980946704
11.4066,27.980755409
11.4125,27.980790639
11.4184,27.980722171
11.4243,27.980813297
11.4303,27.980628131
11.4362,27.980818808
11.4421,27.980682236
11.448,27.980739103
11.4539,27.980549553
11.4598,27.980685252
11.4657,27.980455709
11.4716,27.980624489
11.4775,27.980399046
11.4835,27.980493751
11.4894,27.980435421
11.4953,27.980576088
11.5012,27.980407983
11.5071,27.980586969
11.513,27.98048675
11.5189,27.98059852
11.5248,27.980555125
11.5307,27.980724468
11.5366,27.98059459
11.5426,27.980804304
11.5485,27.980619567
11.5544,27.980741795
11.5603,27.980709177
11.5662,27.980881002
11.5721,27.980685517
11.578,27.980844795
11.5839,27.980744678
11.5898,27.980785271
11.5957,27.980671692
11.6017,27.980874809
11.6076,27.980682566
11.6135,27.980891913
11.6194,27.980713103
11.6253,27.980802374
11.6312,27.980767626
11.6371,27.980954251
11.643,27.980748924
11.6489,27.980911959
11.6548,27.980764339
11.6608,27.98084901
11.6667,27.980696232
11.6726,27.980849868
11.6785,27.980716819
11.6844,27.980899402
11.6903,27.980728788
11.6962,27.980864716
11.7021,27.980730121
11.708,27.980874446
11.7139,27.98064773
11.7199,27.98082828
11.7258,27.980614212
11.7317,27.9806489
11.7376,27.980501375
11.7435,27.980625823
11.7494,27.980420783
11.7553,27.980565557
11.7612,27.980412052
11.7671,27.980499339
11.773,27.980462643
11.779,27.980570826
11.7849,27.980474985
11.7908,27.980719847
11.7967,27.980580646
11.8026,27.980637637
11.8085,27.980627787
11.8144,27.980787149
11.8203,27.980640641
11.8262,27.980859082
11.8322,27.980676046
11.8381,27.980746892
11.844,27.980715137
11.8499,27.980877685
11.8558,27.98071068
11.8617,27.980842719
11.8676,27.980724691
11.8735,27.980819508
11.8794,27.980710707
11.8853,27.980932444
11.8913,27.980729367
11.8972,27.98092001
11.9031,27.980760733
11.909,27.980846252
11.9149,27.980753425
11.9208,27.980889111
11.9267,27.980695056
11.9326,27.980860877
11.9385,27.980731019
11.9444,27.98081966
11.9504,27.980748379
11.9563,27.980899696
11.9622,27.980707789
11.9681,27.980871591
11.974,27.980742636
11.9799,27.980824844
11.9858,27.98067559
11.9917,27.980788007
11.9976,27.980553514
12.0035,27.980662348
12.0095,27.980538177
12.0154,27.980516489
12.0213,27.980421969
12.0272,27.980535674
12.0331,27.980383191
12.039,27.9805381
12.0449,27.980421669
12.0508,27.98051959
12.0567,27.980453537
12.0626,27.980623724
12.0686,27.980474327
12.0745,27.980705975
12.0804,27.980573844
12.0863,27.980631458
12.0922,27.980617005
12.0981,27.980823642
12.104,27.980649426
12.1099,27.980833763
12.1158,27.980742202
12.1217,27.980884842
12.1277,27.980757776
12.1336,27.98086034
12.1395,27.980740222
12.1454,27.980940739
12.1513,27.980795663
12.1572,27.980834025
12.1631,27.980745053
12.169,27.980942851
12.1749,27.980773302
12.1809,27.980927548
12.1868,27.980761949
12.1927,27.980817442
12.1986,27.980743439
12.2045,27.98087083
12.2104,27.980675928
12.2163,27.980857516
12.2222,27.980729283
12.2281,27.980802378
12.234,27.980724525
12.24,27.980865206
12.2459,27.980722587
12.2518,27.980775862
12.2577,27.980592306
12.2636,27.980655287
12.2695,27.98050106
12.2754,27.980590181
12.2813,27.980375463
12.2872,27.980532023
12.2931,27.980340928
12.2991,27.980479211
12.305,27.980355914
12.3109,27.980578891
12.3168,27.980427163
12.3227,27.980641294
12.3286,27.980511965
12.3345,27.980632209
12.3404,27.980563512
12.3463,27.980720984
12.3522,27.980626141
12.3582,27.9807975
12.3641,27.980673135
12.37,27.980753074
12.3759,27.980654954
12.3818,27.980895831
12.3877,27.98072993
12.3936,27.980863322
12.3995,27.980717961
12.4054,27.98079124
12.4113,27.980717805
12.4173,27.980823735
12.4232,27.980697102
12.4291,27.980876862
12.435,27.98075705
12.4409,27.980788007
12.4468,27.980704846
12.4527,27.980868753
12.4586,27.980699261
12.4645,27.980877762
12.4704,27.980702507
12.4764,27.980849372
12.4823,27.980719314
12.4882,27.980847805
12.4941,27.980713414
12.5,27.980846127
12.5059,27.980757806
12.5118,27.980799683
12.5177,27.980707558
12.5236,27.980821544
12.5296,27.980675793
12.5355,27.980694637
12.5414,27.980457285
12.5473,27.980547067
12.5532,27.980384414
12.5591,27.980525049
12.565,27.980315189
12.5709,27.980543249
12.5768,27.980404073
12.5827,27.980480519
12.5887,27.98041599
12.5946,27.980647559
12.6005,27.980491205
12.6064,27.980667966
12.6123,27.980511747
12.6182,27.980660559
12.6241,27.98060923
12.63,27.980767644
12.6359,27.980639948
12.6418,27.980792011
12.6478,27.980690039
12.6537,27.980781006
12.6596,27.980693625
12.6655,27.980805756
12.6714,27.980711141
12.6773,27.980837104
12.6832,27.980666058
12.6891,27.980769157
12.695,27.980744764
12.7009,27.98088076
12.7069,27.980723891
12.7128,27.980898297
12.7187,27.980769765
12.7246,27.980912113
12.7305,27.980698407
12.7364,27.980924185
12.7423,27.980736082
12.7482,27.980873824
12.7541,27.980680302
12.76,27.980785978
12.766,27.980682373
12.7719,27.980831713
12.7778,27.980601556
12.7837,27.980810947
12.7896,27.980598659
12.7955,27.980641066
12.8014,27.980449706
12.8073,27.980670882
12.8132,27.980390372
12.8191,27.98057285
12.8251,27.980353346
12.831,27.980460857
12.8369,27.980409169
12.8428,27.98053415
12.8487,27.980409483
12.8546,27.980562115
12.8605,27.98046604
12.8664,27.980575922
12.8723,27.980495767
12.8783,27.98074876
12.8842,27.980534261
12.8901,27.980738878
12.896,27.980568774
12.9019,27.980680955
12.9078,27.98062816
12.9137,27.980779353
12.9196,27.980643556
12.9255,27.980815887
12.9314,27.980633306
12.9374,27.980712251
12.9433,27.980565472
12.9492,27.980793714
12.9551,27.98062129
12.961,27.980818554
12.9669,27.980605393
12.9728,27.980773634
12.9787,27.98062893
12.9846,27.980917021
12.9905,27.980658005
12.9965,27.980895199
13.0024,27.980689744
13.0083,27.980785609
13.0142,27.980689664
13.0201,27.980824517
13.026,27.980607607
13.0319,27.980762145
13.0378,27.980625395
13.0437,27.980764119
13.0496,27.980628277
13.0556,27.980784206
13.0615,27.98063508
13.0674,27.980772034
13.0733,27.980606241
13.0792,27.980631416
13.0851,27.980456114
13.091,27.980559265
13.0969,27.980359904
13.1028,27.98048839
13.1087,27.980272223
13.1147,27.980419161
13.1206,27.980319968
13.1265,27.980554309
13.1324,27.980400038
13.1383,27.980541058
13.1442,27.98047815
13.1501,27.980558681
13.156,27.980479897
13.1619,27.980642982
13.1678,27.980541025
13.1738,27.980735333
13.1797,27.980611631
13.1856,27.980719031
13.1915,27.980670061
13.1974,27.980880861
13.2033,27.980685303
13.2092,27.98084057
13.2151,27.980718793
13.221,27.980779082
13.227,27.98071592
13.2329,27.980862523
13.2388,27.980698458
13.2447,27.980848999
13.2506,27.980741564
13.2565,27.980836029
13.2624,27.980722043
13.2683,27.980882366
13.2742,27.980710926
13.2801,27.980819964
13.2861,27.980660376
13.292,27.98068851
13.2979,27.980597052
13.3038,27.980808273
13.3097,27.980645658
13.3156,27.980786868
13.3215,27.980646698
13.3274,27.98068427
13.3333,27.980568208
13.3392,27.980638806
13.3452,27.980480961
13.3511,27.980604447
13.357,27.980399309
13.3629,27.980430129
13.3688,27.980319972
13.3747,27.980495534
13.3806,27.980327126
13.3865,27.980430923
13.3924,27.980388666
13.3983,27.980426029
13.4043,27.98031737
13.4102,27.980547036
13.4161,27.980445037
13.422,27.980577932
13.4279,27.980484157
13.4338,27.980601431
13.4397,27.980546633
13.4456,27.980658598
13.4515,27.980558207
13.4574,27.980686092
13.4634,27.980545409
13.4693,27.980671587
13.4752,27.980554963
13.4811,27.980711844
13.487,27.980552789
13.4929,27.980729922
13.4988,27.980629454
13.5047,27.980712701
13.5106,27.980667461
13.5165,27.980812572
13.5225,27.980679421
13.5284,27.980876516
13.5343,27.980721252
13.5402,27.980820466
13.5461,27.980798032
13.552,27.980970234
13.5579,27.98075826
13.5638,27.980879929
13.5697,27.98074672
13.5757,27.980781916
13.5816,27.980635866
13.5875,27.980798109
13.5934,27.980638619
13.5993,27.980789128
13.6052,27.980635618
13.6111,27.980709187
13.617,27.980616648
13.6229,27.9807295
13.6288,27.980462759
13.6348,27.980550687
13.6407,27.980430809
13.6466,27.980519532
13.6525,27.980337216
13.6584,27.980481419
13.6643,27.980329532
13.6702,27.980449163
13.6761,27.980317861
13.682,27.980415834
13.6879,27.980391782
13.6939,27.980516207
13.6998,27.980368796
13.7057,27.980565361
13.7116,27.980493465
13.7175,27.980530869
13.7234,27.980526058
13.7293,27.98069958
13.7352,27.980549383
13.7411,27.980688233
13.747,27.980549005
13.753,27.980652237
13.7589,27.980563392
13.7648,27.98073507
13.7707,27.980520508
13.7766,27.980747838
13.7825,27.980685678
13.7884,27.980747118
13.7943,27.980635853
13.8002,27.980809512
13.8061,27.980653128
13.8121,27.980827768
13.818,27.980613384
13.8239,27.980769665
13.8298,27.980723741
13.8357,27.980858282
13.8416,27.980663418
13.8475,27.980785611
13.8534,27.980650056
13.8593,27.980719871
13.8652,27.980631575
13.8712,27.980824151
13.8771,27.980668942
13.883,27.980803453
13.8889,27.98056945
13.8948,27.980670788
13.9007,27.980565857
13.9066,27.9806921
13.9125,27.980441227
13.9184,27.980562392
13.9243,27.980428795
13.9303,27.980467186
13.9362,27.980255758
13.9421,27.980430856
13.948,27.980262798
13.9539,27.98045519
13.9598,27.980282582
13.9657,27.980417866
13.9716,27.980358487
13.9775,27.98052346
13.9835,27.980325933
13.9894,27.980525403
13.9953,27.98046708
14.0012,27.980563276
14.0071,27.980414106
14.013,27.980598605
14.0189,27.980495206
14.0248,27.980668711
14.0307,27.98050994
14.0366,27.980604661
14.0426,27.980532817
14.0485,27.980685958
14.0544,27.980475553
14.0603,27.980673927
14.0662,27.980646855
14.0721,27.980751179
14.078,27.980649772
14.0839,27.980779422
14.0898,27.980659937
14.0957,27.980849961
14.1017,27.9806563
14.1076,27.980767813
14.1135,27.980708946
14.1194,27.980868233
14.1253,27.980612736
14.1312,27.980789548
14.1371,27.980655507
14.143,27.980729214
14.1489,27.980589894
14.1548,27.98069527
14.1608,27.980583525
14.1667,27.980707171
14.1726,27.980531909
14.1785,27.980698326
14.1844,27.980555748
14.1903,27.980626003
14.1962,27.980340075
14.2021,27.9804788
14.208,27.980381741
14.2139,27.980451228
14.2199,27.980299275
14.2258,27.980448334
14.2317,27.980318752
14.2376,27.980472733
14.2435,27.980271762
14.2494,27.980446952
14.2553,27.98041691
14.2612,27.980581757
14.2671,27.980397679
14.273,27.980554451
14.279,27.980516452
14.2849,27.980695734
14.2908,27.980532773
14.2967,27.980738539
14.3026,27.980599577
14.3085,27.980790284
14.3144,27.980654359
14.3203,27.980773659
14.3262,27.980746867
14.3322,27.980874689
14.3381,27.980663964
14.344,27.980825939
14.3499,27.980765425
14.3558,27.980899037
14.3617,27.980772873
14.3676,27.980925251
14.3735,27.980806178
14.3794,27.980977457
14.3853,27.980867882
14.3913,27.980969878
14.3972,27.980869712
14.4031,27.981008426
14.409,27.980758158
14.4149,27.98087025
14.4208,27.980728398
14.4267,27.980851063
14.4326,27.980705737
14.4385,27.980840759
14.4444,27.980698983
14.4504,27.980844472
14.4563,27.980675344
14.4622,27.980718621
14.4681,27.980568303
14.474,27.980632713
14.4799,27.980331391
14.4858,27.980412503
14.4917,27.980231776
14.4976,27.980279062
14.5035,27.980148304
14.5095,27.980238208
14.5154,27.980064981
14.5213,27.980279566
14.5272,27.980164498
14.5331,27.980361196
14.539,27.980301497
14.5449,27.98044249
14.5508,27.980282301
14.5567,27.980479086
14.5626,27.98035336
14.5686,27.980480131
14.5745,27.980432948
14.5804,27.980622545
14.5863,27.980497246
14.5922,27.980683332
14.5981,27.980582006
14.604,27.980662717
14.6099,27.980594996
14.6158,27.980744928
14.6217,27.980618484
14.6277,27.980731524
14.6336,27.980630703
14.6395,27.980736521
14.6454,27.98070729
14.6513,27.980841529
14.6572,27.980694683
14.6631,27.980911305
14.669,27.980806384
14.6749,27.980887873
14.6809,27.980813146
14.6868,27.980925453
14.6927,27.980778452
14.6986,27.980855917
14.7045,27.980775488
14.7104,27.980865581
14.7163,27.980785899
14.7222,27.980897014
14.7281,27.980765197
14.734,27.980919369
14.74,27.980759771
14.7459,27.980770748
14.7518,27.980649004
14.7577,27.980774222
14.7636,27.98061314
14.7695,27.98070777
14.7754,27.980546358
14.7813,27.980520576
14.7872,27.980376753
14.7931,27.980514369
14.7991,27.980303838
14.805,27.980397284
14.8109,27.980301908
14.8168,27.980360466
14.8227,27.980325869
14.8286,27.980392349
14.8345,27.980251997
14.8404,27.980374066
14.8463,27.98020682
14.8522,27.980347179
14.8582,27.980197944
14.8641,27.980416165
14.87,27.980298686
14.8759,27.980423006
14.8818,27.980373727
14.8877,27.980555478
14.8936,27.980499864
14.8995,27.980647523
14.9054,27.980495398
14.9113,27.980651777
14.9173,27.980573326
14.9232,27.980682977
14.9291,27.980673523
14.935,27.980869842
14.9409,27.980755725
14.9468,27.980877087
14.9527,27.980811038
14.9586,27.980893308
14.9645,27.980832879
14.9704,27.980938125
14.9764,27.980765849
14.9823,27.980907401
14.9882,27.980773955
14.9941,27.980836083
15.0,27.98075873
15.0059,27.980913723
15.0118,27.980743932
15.0177,27.980839702
15.0236,27.980707584
15.0296,27.980798278
15.0355,27.980632133
15.0414,27.980731925
15.0473,27.980500342
15.0532,27.980591749
15.0591,27.98042097
15.065,27.980480001
15.0709,27.980427972
15.0768,27.980580534
15.0827,27.980359644
15.0887,27.98046826
15.0946,27.98032327
15.1005,27.980430163
15.1064,27.980322467
15.1123,27.980372537
15.1182,27.980239421
15.1241,27.980359315
15.13,27.980261707
15.1359,27.980361431
15.1418,27.980311576
15.1478,27.980469459
15.1537,27.98033908
15.1596,27.980471146
15.1655,27.980388598
15.1714,27.980536117
15.1773,27.980461403
15.1832,27.98063238
15.1891,27.980535718
15.195,27.980667971
15.2009,27.980555728
15.2069,27.980670325
15.2128,27.980658314
15.2187,27.980846589
15.2246,27.980690882
15.2305,27.980827687
15.2364,27.980780177
15.2423,27.980916034
15.2482,27.980819484
15.2541,27.980938888
15.26,27.980776026
15.266,27.980887205
15.2719,27.980750111
15.2778,27.980833986
15.2837,27.980777249
15.2896,27.980896566
15.2955,27.980754277
15.3014,27.980845659
15.3073,27.980742066
15.3132,27.980840603
15.3191,27.980715327
15.3251,27.980758234
15.331,27.980652597
15.3369,27.980723099
15.3428,27.980516038
15.3487,27.980559019
15.3546,27.980505116
15.3605,27.980564226
15.3664,27.980384908
15.3723,27.980507014
15.3783,27.980362897
15.3842,27.980399148
15.3901,27.980359811
15.396,27.980366714
15.4019,27.980232808
15.4078,27.980387872
15.4137,27.980202203
15.4196,27.98031391
15.4255,27.98027619
15.4314,27.980386716
15.4374,27.980278203
15.4433,27.980463384
15.4492,27.980333647
15.4551,27.980473057
15.461,27.980397237
15.4669,27.98054083
15.4728,27.980495396
15.4787,27.980629266
15.4846,27.980534628
15.4905,27.98066975
15.4965,27.98067107
15.5024,27.980694969
15.5083,27.980652546
15.5142,27.980875374
15.5201,27.980704748
15.526,27.980871001
15.5319,27.980823144
15.5378,27.980964173
15.5437,27.980755425
15.5496,27.980937594
15.5556,27.980729738
15.5615,27.980867393
15.5674,27.980733386
15.5733,27.980817081
15.5792,27.980713949
15.5851,27.980921573
15.591,27.980808578
15.5969,27.980902358
15.6028,27.980753765
15.6087,27.980760962
15.6147,27.980624343
15.6206,27.980718493
15.6265,27.980543036
15.6324,27.980560655
15.6383,27.98043158
15.6442,27.980561789
15.6501,27.980367925
15.656,27.980502914
15.6619,27.980371535
15.6678,27.980388792
15.6738,27.980252339
15.6797,27.980336048
15.6856,27.980194175
15.6915,27.980369368
15.6974,27.980208889
15.7033,27.980282054
15.7092,27.980288975
15.7151,27.980406678
15.721,27.980237388
15.727,27.980431279
15.7329,27.980408367
15.7388,27.980534428
15.7447,27.980517765
15.7506,27.980636379
15.7565,27.980469408
15.7624,27.980691501
15.7683,27.980572609
15.7742,27.980702887
15.7801,27.980684331
15.7861,27.98075461
15.792,27.980732191
15.7979,27.980912949
15.8038,27.980755584
15.8097,27.980937396
15.8156,27.980822674
15.8215,27.980929688
15.8274,27.980762626
15.8333,27.980921971
15.8392,27.980808033
15.8452,27.980869204
15.8511,27.980802197
15.857,27.98086491
15.8629,27.980845392
15.8688,27.980949796
15.8747,27.980776615
15.8806,27.980867618
15.8865,27.980802425
15.8924,27.980798183
15.8983,27.980615221
15.9043,27.980747016
15.9102,27.980573416
15.9161,27.980613864
15.922,27.980478786
15.9279,27.980516862
15.9338,27.980315827
15.9397,27.980495502
15.9456,27.980318558
15.9515,27.980434429
15.9574,27.980297717
15.9634,27.980390984
15.9693,27.980213651
15.9752,27.980362578
15.9811,27.98021531
15.987,27.98030107
15.9929,27.980183965
15.9988,27.980338665
16.0047,27.98018343
16.0106,27.980447625
16.0165,27.980328846
16.0225,27.980588906
16.0284,27.980484379
16.0343,27.980561035
16.0402,27.980488345
16.0461,27.980737785
16.052,27.980508617
16.0579,27.980661199
16.0638,27.980629365
16.0697,27.980798819
16.0757,27.980678309
16.0816,27.980902313
16.0875,27.980734566
16.0934,27.980920673
16.0993,27.980880788
16.1052,27.980934309
16.1111,27.980751362
16.117,27.980950877
16.1229,27.980748056
16.1288,27.980824171
16.1348,27.980768864
16.1407,27.980893517
16.1466,27.980745064
16.1525,27.98089874
16.1584,27.980845849
16.1643,27.980877795
16.1702,27.980754519
16.1761,27.9808555
16.182,27.980649342
16.1879,27.980810579
16.1939,27.980575139
16.1998,27.980646784
16.2057,27.980589903
16.2116,27.980582073
16.2175,27.980416052
16.2234,27.980566407
16.2293,27.980341611
16.2352,27.980408403
16.2411,27.980198948
16.247,27.98026252
16.253,27.980119174
16.2589,27.980269546
16.2648,27.980088234
16.2707,27.980200297
16.2766,27.980164135
16.2825,27.980243751
16.2884,27.980191191
16.2943,27.980434069
16.3002,27.980371252
16.3061,27.980472871
16.3121,27.980431775
16.318,27.980495806
16.3239,27.980483442
16.3298,27.980679818
16.3357,27.980588346
16.3416,27.980658993
16.3475,27.980570717
16.3534,27.980760401
16.3593,27.980682306
16.3652,27.980903058
16.3712,27.980756848
16.3771,27.980888683
16.383,27.980834587
16.3889,27.980879566
16.3948,27.98078943
16.4007,27.980934147
16.4066,27.980788344
16.4125,27.98093967
16.4184,27.980834362
16.4243,27.980973522
16.4303,27.980786303
16.4362,27.980923766
16.4421,27.980735523
16.448,27.980853298
16.4539,27.980711988
16.4598,27.980772474
16.4657,27.980687773
16.4716,27.980836565
16.4775,27.980695819
16.4835,27.980751984
16.4894,27.98064488
16.4953,27.980671002
16.5012,27.98050312
16.5071,27.98055476
16.513,27.980320607
16.5189,27.980370763
16.5248,27.980176405
16.5307,27.980185304
16.5366,27.980026466
16.5426,27.980240969
16.5485,27.980082874
16.5544,27.980211252
16.5603,27.980216407
16.5662,27.980326928
16.5721,27.980264095
16.578,27.980488893
16.5839,27.980361722
16.5898,27.980477811
16.5957,27.980388924
16.6017,27.980485194
16.6076,27.980440691
16.6135,27.980664992
16.6194,27.98053408
16.6253,27.980658209
16.6312,27.980598832
16.6371,27.980726813
16.643,27.980680249
16.6489,27.980788654
16.6548,27.980660285
16.6608,27.980782767
16.6667,27.980728899
16.6726,27.980779605
16.6785,27.980711274
16.6844,27.980926613
16.6903,27.98081105
16.6962,27.980884583
16.7021,27.980793919
16.708,27.980877445
16.7139,27.980814151
16.7199,27.980929696
16.7258,27.980736036
16.7317,27.980804378
16.7376,27.980731887
16.7435,27.980751658
16.7494,27.980624781
16.7553,27.980778876
16.7612,27.980642246
16.7671,27.980705652
16.773,27.980570596
16.779,27.98059727
16.7849,27.980461849
16.7908,27.980521937
16.7967,27.980288525
16.8026,27.980334994
16.8085,27.980271631
16.8144,27.980273402
16.8203,27.980188558
16.8262,27.9803548
16.8322,27.980244855
16.8381,27.980343975
16.844,27.980269567
16.8499,27.980385839
16.8558,27.980323122
16.8617,27.980464474
16.8676,27.980350961
16.8735,27.980528855
16.8794,27.980476323
16.8853,27.980630799
16.8913,27.980550375
16.8972,27.980736344
16.9031,27.980662406
16.909,27.980678656
16.9149,27.980627067
16.9208,27.980713954
16.9267,27.980607548
16.9326,27.980721784
16.9385,27.980573979
16.9444,27.980673707
16.9504,27.98060876
16.9563,27.980642737
16.9622,27.980575876
16.9681,27.98075548
16.974,27.980610952
16.9799,27.980698735
16.9858,27.980662849
16.9917,27.980781469
16.9976,27.980654868
17.0035,27.980815709
17.0095,27.980713815
17.0154,27.98077743
17.0213,27.980688763
17.0272,27.980780409
17.0331,27.980633696
17.039,27.980742356
17.0449,27.980496105
17.0508,27.980540528
17.0567,27.980409749
17.0626,27.980439526
17.0686,27.98033657
17.0745,27.980455342
17.0804,27.980321594
17.0863,27.980467686
17.0922,27.980415278
17.0981,27.980531389
17.104,27.980450756
17.1099,27.980668895
17.1158,27.980513533
17.1217,27.980590458
17.1277,27.980506723
17.1336,27.980513094
17.1395,27.980453389
17.1454,27.980553009
17.1513,27.980455054
17.1572,27.980567255
17.1631,27.980462465
17.169,27.980545202
17.1749,27.980445698
17.1809,27.980675314
17.1868,27.98056595
17.1927,27.980554075
17.1986,27.980561383
17.2045,27.980705254
17.2104,27.980484868
17.2163,27.980639398
17.2222,27.980525346
17.2281,27.980657822
17.234,27.980545349
17.24,27.980667487
17.2459,27.980502831
17.2518,27.980654348
17.2577,27.980480989
17.2636,27.980536566
17.2695,27.980535904
17.2754,27.980616772
17.2813,27.980526379
17.2872,27.98069001
17.2931,27.980438736
17.2991,27.980571439
17.305,27.980447875
17.3109,27.980471731
17.3168,27.980360195
17.3227,27.980508037
17.3286,27.980344048
17.3345,27.980454947
17.3404,27.980424444
17.3463,27.980556196
17.3522,27.980476915
17.3582,27.980652199
17.3641,27.980536224
17.37,27.980675628
17.3759,27.980638495
17.3818,27.980758154
17.3877,27.98057708
17.3936,27.980811366
17.3995,27.980663682
17.4054,27.980738811
17.4113,27.980739812
17.4173,27.980827315
17.4232,27.980675222
17.4291,27.980895528
17.435,27.980689276
17.4409,27.980736867
17.4468,27.980704811
17.4527,27.980712048
17.4586,27.980571859
17.4645,27.98075037
17.4704,27.98057299
17.4764,27.980715856
17.4823,27.980587901
17.4882,27.980654786
17.4941,27.980455268
17.5,27.980687319
17.5059,27.980452435
17.5118,27.98050247
17.5177,27.980440855
17.5236,27.980587973
17.5296,27.980457449
17.5355,27.980697217
17.5414,27.98049083
17.5473,27.980598424
17.5532,27.98048481
17.5591,27.980523529
17.565,27.980350961
17.5709,27.980428729
17.5768,27.980313103
17.5827,27.980328163
17.5887,27.980253317
17.5946,27.980301197
17.6005,27.980151837
17.6064,27.980396082
17.6123,27.980257405
17.6182,27.980397237
17.6241,27.980401362
17.63,27.98048123
17.6359,27.980405129
17.6418,27.98067151
17.6478,27.980472923
17.6537,27.98058865
17.6596,27.980590322
17.6655,27.980673506
17.6714,27.980587247
17.6773,27.980742221
17.6832,27.980655061
17.6891,27.980670156
17.695,27.98061813
17.7009,27.98072799
17.7069,27.980570883
17.7128,27.980763056
17.7187,27.980608173
17.7246,27.98065654
17.7305,27.980651322
17.7364,27.980725326
17.7423,27.980542338
17.7482,27.980719217
17.7541,27.980551006
17.76,27.980595789
17.766,27.9805973
17.7719,27.980660108
17.7778,27.980492206
17.7837,27.980700212
17.7896,27.980559705
17.7955,27.980594776
17.8014,27.980552656
17.8073,27.980563294
17.8132,27.980388611
17.8191,27.980562379
17.8251,27.980326048
17.831,27.980341372
17.8369,27.980232321
17.8428,27.980310641
17.8487,27.980135522
17.8546,27.980376197
17.8605,27.9802491
17.8664,27.980365135
17.8723,27.980361915
17.8783,27.980455163
17.8842,27.980366906
17.8901,27.980569703
17.896,27.980445904
17.9019,27.980512405
17.9078,27.980488747
17.9137,27.980609814
17.9196,27.980488135
17.9255,27.980677929
17.9314,27.980588635
17.9374,27.980615675
17.9433,27.980600189
17.9492,27.980664063
17.9551,27.980569733
17.961,27.980729553
17.9669,27.980635436
17.9728,27.980677658
17.9787,27.980651041
17.9846,27.980689764
17.9905,27.980596221
17.9965,27.98077396
18.0024,27.980639615
18.0083,27.98067106
18.0142,27.980590218
18.0201,27.980653308
18.026,27.980507594
18.0319,27.980635867
18.0378,27.980547274
18.0437,27.980639361
18.0496,27.980564227
18.0556,27.980612434
18.0615,27.980511014
18.0674,27.980584655
18.0733,27.980441761
18.0792,27.980432931
18.0851,27.980351043
18.091,27.980331585
18.0969,27.980169676
18.1028,27.980325671
18.1087,27.980223656
18.1147,27.98027163
18.1206,27.98026653
18.1265,27.980389901
18.1324,27.980331391
18.1383,27.980499591
18.1442,27.98039196
18.1501,27.980478252
18.156,27.980479735
18.1619,27.980568322
18.1678,27.980457137
18.1738,27.980665552
18.1797,27.980576863
18.1856,27.980653777
18.1915,27.980569947
18.1974,27.980706991
18.2033,27.980559898
18.2092,27.980747448
18.2151,27.98059192
18.221,27.980632714
18.227,27.980612167
18.2329,27.980677482
18.2388,27.980560329
18.2447,27.980717585
18.2506,27.980665392
18.2565,27.980692925
18.2624,27.980605947
18.2683,27.980644741
18.2742,27.98053869
18.2801,27.980716204
18.2861,27.980558875
18.292,27.980648324
18.2979,27.980589848
18.3038,27.980680469
18.3097,27.98051349
18.3156,27.980655765
18.3215,27.980496484
18.3274,27.980506764
18.3333,27.980400532
18.3392,27.980410261
18.3452,27.980252301
18.3511,27.980337485
18.357,27.980216295
18.3629,27.980242892
18.3688,27.980268899
18.3747,27.980380412
18.3806,27.980241554
18.3865,27.980483108
18.3924,27.980424336
18.3983,27.98051884
18.4043,27.980408311
18.4102,27.980595004
18.4161,27.980460461
18.422,27.980676992
18.4279,27.980567029
18.4338,27.980656975
18.4397,27.980601535
18.4456,27.980709928
18.4515,27.980591683
18.4574,27.980716801
18.4634,27.980641051
18.4693,27.980687083
18.4752,27.98061064
18.4811,27.980692132
18.487,27.980535983
18.4929,27.980756158
18.4988,27.980628784
18.5047,27.980688193
18.5106,27.980576089
18.5165,27.980733836
18.5225,27.980584428
18.5284,27.980699819
18.5343,27.980584036
18.5402,27.980623141
18.5461,27.980570483
18.552,27.980671637
18.5579,27.980545644
18.5638,27.9806764
18.5697,27.980607373
18.5757,27.980613712
18.5816,27.980494969
18.5875,27.980514192
18.5934,27.980322631
18.5993,27.980453366
18.6052,27.980257958
18.6111,27.980315871
18.617,27.980215784
18.6229,27.980398742
18.6288,27.980261923
18.6348,27.980437802
18.6407,27.980342754
18.6466,27.980420011
18.6525,27.980393771
18.6584,27.980529484
18.6643,27.980441842
18.6702,27.980633273
18.6761,27.980566981
18.682,27.98069396
18.6879,27.980625344
18.6939,27.980735926
18.6998,27.980621184
18.7057,27.980824244
18.7116,27.980668593
18.7175,27.980745186
18.7234,27.980612568
18.7293,27.980752053
18.7352,27.980588247
18.7411,27.980730005
18.747,27.98063032
18.753,27.98071174
18.7589,27.980637233
18.7648,27.980706761
18.7707,27.980611155
18.7766,27.980748339
18.7825,27.980664536
18.7884,27.980660464
18.7943,27.980575926
18.8002,27.980673276
18.8061,27.980547871
18.8121,27.980701994
18.818,27.980560054
18.8239,27.980638025
18.8298,27.980485126
18.8357,27.980555755
18.8416,27.980324775
18.8475,27.980454304
18.8534,27.980311537
18.8593,27.980346489
18.8652,27.98024679
18.8712,27.98038995
18.8771,27.980275758
18.883,27.980508076
18.8889,27.980331037
18.8948,27.980529198
18.9007,27.980362287
18.9066,27.980580323
18.9125,27.980391589
18.9184,27.980731299
18.9243,27.980550283
18.9303,27.980729746
18.9362,27.980576628
18.9421,27.98083807
18.948,27.980588745
18.9539,27.980851277
18.9598,27.980649803
18.9657,27.980807039
18.9716,27.980624924
18.9775,27.980816706
18.9835,27.980591727
18.9894,27.980824207
18.9953,27.980625251
19.0012,27.980783235
19.0071,27.980628434
19.013,27.980809517
19.0189,27.980512844
19.0248,27.980795085
19.0307,27.980571351
19.0366,27.980753377
19.0426,27.980585689
19.0485,27.980822669
19.0544,27.98054529
19.0603,27.98082225
19.0662,27.980539712
19.0721,27.980665241
19.078,27.980494642
19.0839,27.980668257
19.0898,27.980365452
19.0957,27.980532182
19.1017,27.980314572
19.1076,27.980415529
19.1135,27.980188435
19.1194,27.980408322
19.1253,27.980237782
19.1312,27.980590991
19.1371,27.980322985
19.143,27.980570862
19.1489,27.980388478
19.1548,27.980691908
19.1608,27.980452104
19.1667,27.980754314
19.1726,27.980555316
19.1785,27.980770019
19.1844,27.980623738
19.1903,27.980862596
19.1962,27.980667009
19.2021,27.98089177
19.208,27.980691626
19.2139,27.980793206
19.2199,27.980605566
19.2258,27.980820964
19.2317,27.980565435
19.2376,27.980829091
19.2435,27.980640347
19.2494,27.980831752
19.2553,27.980607859
19.2612,27.98087419
19.2671,27.980575759
19.273,27.980834704
19.279,27.980607953
19.2849,27.980744109
19.2908,27.980606116
19.2967,27.980811877
19.3026,27.980589995
19.3085,27.980813899
19.3144,27.980581167
19.3203,27.98071942
19.3262,27.980530676
19.3322,27.980673655
19.3381,27.98037187
19.344,27.980596505
19.3499,27.98027908
19.3558,27.980469282
19.3617,27.980229985
19.3676,27.980508461
19.3735,27.980298519
19.3794,27.980545372
19.3853,27.98031811
19.3913,27.980518557
19.3972,27.980408707
19.4031,27.980617027
19.409,27.980455668
19.4149,27.98073053
19.4208,27.980591797
19.4267,27.980742537
19.4326,27.980576132
19.4385,27.980822933
19.4444,27.980625641
19.4504,27.980894873
19.4563,27.980649745
19.4622,27.980852567
19.4681,27.980615943
19.474,27.980814122
19.4799,27.980556858
19.4858,27.980831026
19.4917,27.9806379
19.4976,27.980809799
19.5035,27.980606672
19.5095,27.980851378
19.5154,27.980607286
19.5213,27.980813237
19.5272,27.980606324
19.5331,27.980786117
19.539,27.980607173
19.5449,27.980807387
19.5508,27.980577133
19.5567,27.980801526
19.5626,27.980619104
19.5686,27.980742423
19.5745,27.980558049
19.5804,27.98072336
19.5863,27.98044222
19.5922,27.980586389
19.5981,27.98036594
19.604,27.980462769
19.6099,27.980259509
19.6158,27.980468052
19.6217,27.980280584
19.6277,27.980537725
19.6336,27.980360299
19.6395,27.98053099
19.6454,27.980358349
19.6513,27.980617508
19.6572,27.980363148
19.6631,27.98065321
19.669,27.980523057
19.6749,27.98073523
19.6809,27.980545865
19.6868,27.980826141
19.6927,27.98060775
19.6986,27.980862216
19.7045,27.980679781
19.7104,27.980813532
19.7163,27.980628534
19.7222,27.980844308
19.7281,27.980560745
19.734,27.980836299
19.74,27.980645404
19.7459,27.980857071
19.7518,27.980613474
19.7577,27.980857689
19.7636,27.98065335
19.7695,27.980861096
19.7754,27.980646342
19.7813,27.980780853
19.7872,27.98059733
19.7931,27.980839398
19.7991,27.980572418
19.805,27.980868234
19.8109,27.980669617
19.8168,27.980819536
19.8227,27.980568097
19.8286,27.980793898
19.8345,27.980482243
19.8404,27.980709263
19.8463,27.980366477
19.8522,27.98051282
19.8582,27.980271048
19.8641,27.980597667
19.87,27.980305286
19.8759,27.980563765
19.8818,27.980367352
19.8877,27.9805898
19.8936,27.980400853
19.8995,27.98067487
19.9054,27.980434346
19.9113,27.980781867
19.9173,27.980601157
19.9232,27.980799325
19.9291,27.980612858
19.935,27.98087723
19.9409,27.980622734
19.9468,27.980926005
19.9527,27.980742534
19.9586,27.980938252
19.9645,27.98061947
19.9704,27.980881319
19.9764,27.980602598
19.9823,27.980893875
19.9882,27.980654165
19.9941,27.980894276
20.0,27.980682994
20.0059,27.980947129
20.0118,27.980638404
20.0177,27.980939094
20.0236,27.980753146
20.0296,27.98088662
20.0355,27.980557624
20.0414,27.980871555
20.0473,27.980661161
20.0532,27.980854986
20.0591,27.980637943
20.065,27.980803166
20.0709,27.980605459
20.0768,27.980808243
20.0827,27.980435766
20.0887,27.980686002
20.0946,27.980464363
20.1005,27.980618305
20.1064,27.98025676
20.1123,27.980519447
20.1182,27.980277669
20.1241,27.980522554
20.13,27.980299786
20.1359,27.980514402
20.1418,27.980374962
20.1478,27.980656944
20.1537,27.980386798
20.1596,27.980662101
20.1655,27.980560916
20.1714,27.980793809
20.1773,27.980560011
20.1832,27.980887531
20.1891,27.980676983
20.195,27.980956775
20.2009,27.980747848
20.2069,27.980958119
20.2128,27.980706217
20.2187,27.980972987
20.2246,27.980672253
20.2305,27.980874262
20.2364,27.980669441
20.2423,27.980870923
20.2482,27.980630686
20.2541,27.980923502
20.26,27.980679223
20.266,27.980940218
20.2719,27.980717041
20.2778,27.980877608
20.2837,27.980594351
20.2896,27.980864905
20.2955,27.980581591
20.3014,27.980891841
20.3073,27.980679638
20.3132,27.980855137
20.3191,27.980568926
20.3251,27.980850285
20.331,27.980530277
20.3369,27.980766178
20.3428,27.98045953
20.3487,27.980629693
20.3546,27.980343773
20.3605,27.98055747
20.3664,27.980241547
20.3723,27.980578877
20.3783,27.980340006
20.3842,27.980569221
20.3901,27.98034536
20.396,27.98066978
20.4019,27.980405278
20.4078,27.980662231
20.4137,27.980501168
20.4196,27.98065398
20.4255,27.980566801
20.4314,27.980813482
20.4374,27.980587278
20.4433,27.98085163
20.4492,27.980673244
20.4551,27.980912443
20.461,27.98062003
20.4669,27.980914486
20.4728,27.980582387
20.4787,27.980870918
20.4846,27.980584568
20.4905,27.980780735
20.4965,27.980560232
20.5024,27.980900995
20.5083,27.980586806
20.5142,27.980932568
20.5201,27.980732551
20.526,27.980959647
20.5319,27.980624292
20.5378,27.980927906
20.5437,27.980659478
20.5496,27.980929173
20.5556,27.980625239
20.5615,27.980874695
20.5674,27.980630928
20.5733,27.980912454
20.5792,27.980518647
20.5851,27.980816825
20.591,27.980562181
20.5969,27.98071804
20.6028,27.980353374
20.6087,27.980600469
20.6147,27.98031001
20.6206,27.980571727
20.6265,27.980209557
20.6324,27.980475038
20.6383,27.980286168
20.6442,27.980574847
20.6501,27.980288759
20.656,27.98060195
20.6619,27.98041439
20.6678,27.98066469
20.6738,27.980385718
20.6797,27.980752956
20.6856,27.980508556
20.6915,27.980842355
20.6974,27.980550139
20.7033,27.980843022
20.7092,27.980627641
20.7151,27.980939506
20.721,27.980590657
20.727,27.980883981
20.7329,27.980635305
20.7388,27.980881957
20.7447,27.980571992
20.7506,27.980894095
20.7565,27.980580273
20.7624,27.980838612
20.7683,27.980622008
20.7742,27.980823786
20.7801,27.980658287
20.7861,27.980873091
20.792,27.980519091
20.7979,27.980811054
20.8038,27.980580345
20.8097,27.980818516
20.8156,27.980537634
20.8215,27.980840994
20.8274,27.98054729
20.8333,27.98078803
20.8392,27.980578628
20.8452,27.980803782
20.8511,27.980538662
20.857,27.98073326
20.8629,27.980356991
20.8688,27.980630465
20.8747,27.980378663
20.8806,27.980594139
20.8865,27.980327665
20.8924,27.980641487
20.8983,27.980319998
20.9043,27.980588542
20.9102,27.98036997
20.9161,27.980639978
20.922,27.980402176
20.9279,27.980703681
20.9338,27.980399786
20.9397,27.980738366
20.9456,27.980540922
20.9515,27.980826626
20.9574,27.980501425
20.9634,27.980871208
20.9693,27.98061453
20.9752,27.980895135
20.9811,27.980616395
20.987,27.980860494
20.9929,27.980600642
20.9988,27.980899574
21.0047,27.980494898
21.0106,27.98082121
21.0165,27.980589943
21.0225,27.980843831
21.0284,27.980566094
21.0343,27.980911089
21.0402,27.980636031
21.0461,27.980930803
21.052,27.980609557
21.0579,27.98082979
21.0638,27.980568335
21.0697,27.980849065
21.0757,27.980532034
21.0816,27.98083654
21.0875,27.980617008
21.0934,27.980855386
21.0993,27.980534941
21.1052,27.980813517
21.1111,27.980503092
21.117,27.980684021
21.1229,27.980405536
21.1288,27.98058
21.1348,27.980363234
21.1407,27.980569757
21.1466,27.980250071
21.1525,27.980593256
21.1584,27.980341679
21.1643,27.980535969
21.1702,27.980303553
21.1761,27.980609401
21.182,27.980357123
21.1879,27.980629729
21.1939,27.980449079
21.1998,27.980752434
21.2057,27.980531515
21.2116,27.980841374
21.2175,27.980516065
21.2234,27.98085923
21.2293,27.980637259
21.2352,27.980817971
21.2411,27.980572546
21.247,27.980862908
21.253,27.980565755
21.2589,27.980801653
21.2648,27.980533148
21.2707,27.980761929
21.2766,27.980572648
21.2825,27.980818588
21.2884,27.980583498
21.2943,27.98083676
21.3002,27.980648668
21.3061,27.98082272
21.3121,27.980593637
21.318,27.980832063
21.3239,27.980623054
21.3298,27.980858192
21.3357,27.980619692
21.3416,27.980815788
21.3475,27.980634957
21.3534,27.980849907
21.3593,27.980550684
21.3652,27.980792947
21.3712,27.980532126
21.3771,27.980661089
21.383,27.980366516
21.3889,27.980613863
21.3948,27.980310418
21.4007,27.980447187
21.4066,27.980243199
21.4125,27.980455947
21.4184,27.980256982
21.4243,27.980570212
21.4303,27.980283432
21.4362,27.980585668
21.4421,27.980414449
21.448,27.980632617
21.4539,27.980424334
21.4598,27.980762997
21.4657,27.980458307
21.4716,27.980776283
21.4775,27.980512905
21.4835,27.980793664
21.4894,27.980569474
21.4953,27.980816529
21.5012,27.980544835
21.5071,27.980785196
21.513,27.980618015
21.5189,27.980745215
21.5248,27.980507397
21.5307,27.980887266
21.5366,27.980605915
21.5426,27.980854499
21.5485,27.980673688
21.5544,27.980913634
21.5603,27.980697251
21.5662,27.981005078
21.5721,27.980653217
21.578,27.980854693
21.5839,27.980717934
21.5898,27.980878233
21.5957,27.98065104
21.6017,27.98093172
21.6076,27.980645595
21.6135,27.980794606
21.6194,27.980495365
21.6253,27.980641095
21.6312,27.980403841
21.6371,27.980592114
21.643,27.980284839
21.6489,27.980519783
21.6548,27.980286334
21.6608,27.98044602
21.6667,27.980217373
21.6726,27.980488734
21.6785,27.980284293
21.6844,27.980535512
21.6903,27.980331801
21.6962,27.980535634
21.7021,27.980382871
21.708,27.980706675
21.7139,27.980440942
21.7199,27.980713241
21.7258,27.980608357
21.7317,27.980777033
21.7376,27.980584156
21.7435,27.980903583
21.7494,27.98066198
21.7553,27.98091309
21.7612,27.980726897
21.7671,27.980882644
21.773,27.980676037
21.779,27.980926234
21.7849,27.980588116
21.7908,27.980856669
21.7967,27.980689468
21.8026,27.980831757
21.8085,27.980552409
21.8144,27.980804102
21.8203,27.980518006
21.8262,27.980769923
21.8322,27.98051759
21.8381,27.980755514
21.844,27.98053242
21.8499,27.980832448
21.8558,27.980449672
21.8617,27.980735546
21.8676,27.980542541
21.8735,27.980651393
21.8794,27.980407132
21.8853,27.980628737
21.8913,27.980336947
21.8972,27.980488738
21.9031,27.980252954
21.909,27.980400998
21.9149,27.98024599
21.9208,27.980560879
21.9267,27.980230674
21.9326,27.980594407
21.9385,27.980485081
21.9444,27.980667396
21.9504,27.980433473
21.9563,27.980751824
21.9622,27.980472295
21.9681,27.980777955
21.974,27.980538369
21.9799,27.980706312
21.9858,27.980510914
21.9917,27.980824162
21.9976,27.980538852
22.0035,27.98078787
22.0095,27.980632485
22.0154,27.980762785
22.0213,27.980526999
22.0272,27.980780944
22.0331,27.980472786
22.039,27.98080356
22.0449,27.980542133
22.0508,27.980787641
22.0567,27.980560076
22.0626,27.980874614
22.0686,27.980520955
22.0745,27.980797932
22.0804,27.980599306
22.0863,27.98076973
22.0922,27.980543198
22.0981,27.98083029
22.104,27.980598145
22.1099,27.980832783
22.1158,27.980653777
22.1217,27.980811473
22.1277,27.980649166
22.1336,27.980872251
22.1395,27.980448046
22.1454,27.980723096
22.1513,27.980476082
22.1572,27.98056272
22.1631,27.980224872
22.169,27.980515604
22.1749,27.980219197
22.1809,27.980519381
22.1868,27.980237285
22.1927,27.980481914
22.1986,27.980310517
22.2045,27.980587246
22.2104,27.980256874
22.2163,27.980601932
22.2222,27.980429526
22.2281,27.980648216
22.234,27.980383474
22.24,27.980734925
22.2459,27.980446812
22.2518,27.980790056
22.2577,27.980530555
22.2636,27.980801286
22.2695,27.980595044
22.2754,27.980929856
22.2813,27.980510621
22.2872,27.980886021
22.2931,27.980708586
22.2991,27.980904407
22.305,27.980667046
22.3109,27.980972485
22.3168,27.980689194
22.3227,27.980947867
22.3286,27.980715172
22.3345,27.980879359
22.3404,27.980632874
22.3463,27.980830908
22.3522,27.98044141
22.3582,27.980755062
22.3641,27.980602432
22.37,27.980770829
22.3759,27.980467678
22.3818,27.980780503
22.3877,27.980448459
22.3936,27.980676974
22.3995,27.980369747
22.4054,27.980551622
22.4113,27.980376422
22.4173,27.980557717
22.4232,27.980248211
22.4291,27.980465747
22.435,27.980298869
22.4409,27.980420088
22.4468,27.980269296
22.4527,27.980583892
22.4586,27.980274978
22.4645,27.980584773
22.4704,27.980334359
22.4764,27.98060834
22.4823,27.980466753
22.4882,27.980737726
22.4941,27.980454139
22.5,27.980781164
22.5059,27.980564896
22.5118,27.98075129
22.5177,27.980552491
22.5236,27.980763066
22.5296,27.980511623
22.5355,27.980786057
22.5414,27.980494678
22.5473,27.98064793
22.5532,27.980544079
22.5591,27.980744793
22.565,27.980456977
22.5709,27.98077958
22.5768,27.980581314
22.5827,27.980798837
22.5887,27.980578016
22.5946,27.980830629
22.6005,27.980545248
22.6064,27.980882976
22.6123,27.980576083
22.6182,27.980729542
22.6241,27.980588981
22.63,27.980788893
22.6359,27.980473604
22.6418,27.980739264
22.6478,27.980622768
22.6537,27.980799696
22.6596,27.980608879
22.6655,27.980808074
22.6714,27.980479391
22.6773,27.980759131
22.6832,27.980419275
22.6891,27.980602723
22.695,27.980387156
22.7009,27.980633108
22.7069,27.980148628
22.7128,27.980451438
22.7187,27.980205024
22.7246,27.980437999
22.7305,27.980270868
22.7364,27.980519858
22.7423,27.980258704
22.7482,27.980553663
22.7541,27.980330428
22.76,27.98048566
22.766,27.9803411
22.7719,27.980608726
22.7778,27.980312646
22.7837,27.980655828
22.7896,27.980474345
22.7955,27.980729252
22.8014,27.980523142
22.8073,27.980816272
22.8132,27.980488624
22.8191,27.980806347
22.8251,27.980527196
22.831,27.980752759
22.8369,27.980662876
22.8428,27.980929964
22.8487,27.980627839
22.8546,27.980881139
22.8605,27.980709039
22.8664,27.980901903
22.8723,27.980679507
22.8783,27.98088732
22.8842,27.980543076
22.8901,27.980796548
22.896,27.980459838
22.9019,27.980676411
22.9078,27.980521326
22.9137,27.980782846
22.9196,27.980430971
22.9255,27.980662913
22.9314,27.980468394
22.9374,27.980664765
22.9433,27.98038454
22.9492,27.980556941
22.9551,27.980212936
22.961,27.980501692
22.9669,27.980184645
22.9728,27.980397674
22.9787,27.980198247
22.9846,27.98048473
22.9905,27.98019037
22.9965,27.980438447
23.0024,27.980362505
23.0083,27.980579493
23.0142,27.980409907
23.0201,27.980700608
23.026,27.980415117
23.0319,27.98072231
23.0378,27.980482074
23.0437,27.980746861
23.0496,27.980573043
23.0556,27.980800364
23.0615,27.980480784
23.0674,27.980788706
23.0733,27.980564299
23.0792,27.980775655
23.0851,27.980584815
23.091,27.980799182
23.0969,27.980503972
23.1028,27.98073514
23.1087,27.98048475
23.1147,27.980737562
23.1206,27.980613052
23.1265,27.980810395
23.1324,27.980460676
23.1383,27.980700506
23.1442,27.980530174
23.1501,27.980691524
23.156,27.980561597
23.1619,27.980779384
23.1678,27.980500963
23.1738,27.980789455
23.1797,27.980519616
23.1856,27.980772401
23.1915,27.980650975
23.1974,27.980808658
23.2033,27.980524015
23.2092,27.980729312
23.2151,27.980457394
23.221,27.980656854
23.227,27.980356493
23.2329,27.980593776
23.2388,27.98022289
23.2447,27.980460034
23.2506,27.980254371
23.2565,27.980444426
23.2624,27.980371633
23.2683,27.980523113
23.2742,27.980273998
23.2801,27.980464741
23.2861,27.980403627
23.292,27.980485053
23.2979,27.980405658
23.3038,27.980653938
23.3097,27.980367971
23.3156,27.980569633
23.3215,27.980474954
23.3274,27.98067734
23.3333,27.980610843
23.3392,27.98074166
23.3452,27.980556265
23.3511,27.980819878
23.357,27.980672301
23.3629,27.980751769
23.3688,27.980696863
23.3747,27.980902834
23.3806,27.980730537
23.3865,27.980845971
23.3924,27.980682388
23.3983,27.980957073
23.4043,27.980682815
23.4102,27.980849926
23.4161,27.980585501
23.422,27.980827987
23.4279,27.980623184
23.4338,27.980717692
23.4397,27.980595437
23.4456,27.980766178
23.4515,27.980507811
23.4574,27.980620878
23.4634,27.980496415
23.4693,27.980652878
23.4752,27.980481663
23.4811,27.980544961
23.487,27.980274534
23.4929,27.980426178
23.4988,27.980185127
23.5047,27.980298341
23.5106,27.980171601
23.5165,27.980421886
23.5225,27.980198118
23.5284,27.980334064
23.5343,27.980321763
23.5402,27.980477148
23.5461,27.980333374
23.552,27.980509426
23.5579,27.980369516
23.5638,27.980619441
23.5697,27.980488104
23.5757,27.980637174
23.5816,27.980587383
23.5875,27.980843664
23.5934,27.98059388
23.5993,27.980786027
23.6052,27.980682524
23.6111,27.980864935
23.617,27.980674555
23.6229,27.980762263
23.6288,27.980569471
23.6348,27.98070678
23.6407,27.980562797
23.6466,27.980650766
23.6525,27.980578207
23.6584,27.980771148
23.6643,27.98053998
23.6702,27.980641916
23.6761,27.980570347
23.682,27.980676308
23.6879,27.980497244
23.6939,27.980625876
23.6998,27.980453238
23.7057,27.98069801
23.7116,27.980587488
23.7175,27.980622094
23.7234,27.980485535
23.7293,27.98070542
23.7352,27.980439214
23.7411,27.980524918
23.747,27.980371082
23.753,27.980540695
23.7589,27.98032617
23.7648,27.980513074
23.7707,27.980172744
23.7766,27.980504444
23.7825,27.980318066
23.7884,27.980452033
23.7943,27.980298014
23.8002,27.980544432
23.8061,27.980270239
23.8121,27.980401934
23.818,27.980293856
23.8239,27.98049352
23.8298,27.980269898
23.8357,27.980492276
23.8416,27.980324244
23.8475,27.980602225
23.8534,27.98048808
23.8593,27.980600058
23.8652,27.980439218
23.8712,27.980702643
23.8771,27.980444934
23.883,27.980676369
23.8889,27.980501104
23.8948,27.980661919
23.9007,27.980449485
23.9066,27.980710773
23.9125,27.980489811
23.9184,27.980691505
23.9243,27.98058864
23.9303,27.980693832
23.9362,27.980530022
23.9421,27.980796419
23.948,27.98049829
23.9539,27.980663538
23.9598,27.980591086
23.9657,27.980779747
23.9716,27.980503668
23.9775,27.980731004
23.9835,27.980488803
23.9894,27.980719329
23.9953,27.980496595
24.0012,27.98059934
24.0071,27.980298955
24.013,27.980549374
24.0189,27.980178631
24.0248,27.98034246
24.0307,27.980167478
24.0366,27.980330216
24.0426,27.980004876
24.0485,27.980318602
24.0544,27.980009347
24.0603,27.980239389
24.0662,27.980151104
24.0721,27.980232491
24.078,27.980152226
24.0839,27.980396153
24.0898,27.980104558
24.0957,27.980406984
24.1017,27.980217649
24.1076,27.980504705
24.1135,27.98035096
24.1194,27.980622037
24.1253,27.980446715
24.1312,27.980674211
24.1371,27.980535948
24.143,27.980707812
24.1489,27.98052008
24.1548,27.980741927
24.1608,27.980543719
24.1667,27.980638458
24.1726,27.980558992
24.1785,27.980616134
24.1844,27.980469431
24.1903,27.980655051
24.1962,27.980398442
24.2021,27.980562053
24.208,27.980430035
24.2139,27.98055055
24.2199,27.980343969
24.2258,27.980584035
24.2317,27.980324864
24.2376,27.98044289
24.2435,27.980347804
24.2494,27.980476349
24.2553,27.980374908
24.2612,27.980546199
24.2671,27.980324769
24.273,27.980432179
24.279,27.98021306
24.2849,27.98036406
24.2908,27.980136693
24.2967,27.980296799
24.3026,27.980072283
24.3085,27.980217658
24.3144,27.980128995
24.3203,27.980268239
24.3262,27.980153394
24.3322,27.980373858
24.3381,27.980131112
24.344,27.980246509
24.3499,27.980128167
24.3558,27.980241542
24.3617,27.980056484
24.3676,27.980301041
24.3735,27.980084525
24.3794,27.980318633
24.3853,27.980156608
24.3913,27.980374729
24.3972,27.980258549
24.4031,27.980407882
24.409,27.980318043
24.4149,27.980430198
24.4208,27.980274114
24.4267,27.980451645
24.4326,27.980251994
24.4385,27.980448744
24.4444,27.980326575
24.4504,27.980400075
24.4563,27.980313954
24.4622,27.980510262
24.4681,27.980304383
24.474,27.980545947
24.4799,27.980306652
24.4858,27.980522495
24.4917,27.980390785
24.4976,27.980548275
24.5035,27.980328219
24.5095,27.980489301
24.5154,27.980322544
24.5213,27.980378329
24.5272,27.980282967
24.5331,27.980335168
24.539,27.980146558
24.5449,27.980315825
24.5508,27.980070438
24.5567,27.980156732
24.5626,27.980043036
24.5686,27.980149729
24.5745,27.979855016
24.5804,27.980085889
24.5863,27.97987879
24.5922,27.979971708
24.5981,27.97993499
24.604,27.980111049
24.6099,27.979906035
24.6158,27.980137225
24.6217,27.979892474
24.6277,27.980017735
24.6336,27.980043647
24.6395,27.980100543
24.6454,27.979961637
24.6513,27.980202173
24.6572,27.979983806
24.6631,27.980251757
24.669,27.980138994
24.6749,27.980317793
24.6809,27.980062623
24.6868,27.980304493
24.6927,27.979959641
24.6986,27.980154766
24.7045,27.980060792
24.7104,27.980212251
24.7163,27.979965751
24.7222,27.980220504
24.7281,27.980009579
24.734,27.980175347
24.74,27.980039329
24.7459,27.980170905
24.7518,27.979968056
24.7577,27.980268032
24.7636,27.979962806
24.7695,27.980100701
24.7754,27.980033119
24.7813,27.980187005
24.7872,27.979995332
24.7931,27.980149641
24.7991,27.980011598
24.805,27.98014453
24.8109,27.979979386
24.8168,27.980104847
24.8227,27.979970938
24.8286,27.98012815
24.8345,27.979887702
24.8404,27.980024609
24.8463,27.97989992
24.8522,27.97994654
24.8582,27.979771392
24.8641,27.979830237
24.87,27.979678073
24.8759,27.979834313
24.8818,27.979703237
24.8877,27.97987514
24.8936,27.979674351
24.8995,27.97985074
24.9054,27.979757311
24.9113,27.979827784
24.9173,27.979817214
24.9232,27.979962579
24.9291,27.979785094
24.935,27.979969444
24.9409,27.979850492
24.9468,27.980000653
24.9527,27.979944266
24.9586,27.980104742
24.9645,27.980009304
24.9704,27.980135728
24.9764,27.979997965
24.9823,27.980121922
24.9882,27.979960856
24.9941,27.980006984
25.0,27.979951713
25.0059,27.980113769
25.0118,27.979952195
25.0177,27.980120244
25.0236,27.980049627
25.0296,27.980112097
25.0355,27.979983488
25.0414,27.980082115
25.0473,27.979888664
25.0532,27.979989607
25.0591,27.979897576
25.065,27.979859101
25.0709,27.979765584
25.0768,27.979812306
25.0827,27.979623212
25.0887,27.979676388
25.0946,27.979616486
25.1005,27.97968427
25.1064,27.979595768
25.1123,27.979695999
25.1182,27.979556596
25.1241,27.979689744
25.13,27.97962656
25.1359,27.979584264
25.1418,27.979559214
25.1478,27.97964606
25.1537,27.979518201
25.1596,27.979600779
25.1655,27.979606516
25.1714,27.979743174
25.1773,27.979720906
25.1832,27.979820732
25.1891,27.979671014
25.195,27.979815249
25.2009,27.97970762
25.2069,27.979753482
25.2128,27.979702873
25.2187,27.979893623
25.2246,27.979731497
25.2305,27.97983708
25.2364,27.979824593
25.2423,27.979922523
25.2482,27.979891931
25.2541,27.979998926
25.26,27.979889786
25.266,27.980070222
25.2719,27.98000887
25.2778,27.980040639
25.2837,27.979974831
25.2896,27.980086535
25.2955,27.980005034
25.3014,27.980106053
25.3073,27.97997521
25.3132,27.98006134
25.3191,27.97996311
25.3251,27.980025122
25.331,27.979896052
25.3369,27.980009144
25.3428,27.97990899
25.3487,27.979979219
25.3546,27.979823037
25.3605,27.979899504
25.3664,27.979719495
25.3723,27.979676843
25.3783,27.979651088
25.3842,27.979688772
25.3901,27.97958077
25.396,27.979672269
25.4019,27.979596995
25.4078,27.979645577
25.4137,27.979582411
25.4196,27.979587832
25.4255,27.979490708
25.4314,27.979569162
25.4374,27.979438446
25.4433,27.979484165
25.4492,27.979430105
25.4551,27.979575505
25.461,27.979528985
25.4669,27.979618034
25.4728,27.979589322
25.4787,27.979742818
25.4846,27.979714111
25.4905,27.979834354
25.4965,27.979794958
25.5024,27.979915902
25.5083,27.979803132
25.5142,27.979887564
25.5201,27.979774521
25.526,27.979894344
25.5319,27.979856027
25.5378,27.979916498
25.5437,27.979863459
25.5496,27.980031584
25.5556,27.979952178
25.5615,27.979878567
25.5674,27.979875236
25.5733,27.979987398
25.5792,27.979917366
25.5851,27.979978221
25.591,27.979962783
25.5969,27.980015957
25.6028,27.979974795
25.6087,27.980047404
25.6147,27.979901685
25.6206,27.979987101
25.6265,27.979857314
25.6324,27.979936174
25.6383,27.979765178
25.6442,27.979798681
25.6501,27.979700907
25.656,27.979638442
25.6619,27.979660714
25.6678,27.979613683
25.6738,27.979594181
25.6797,27.979716338
25.6856,27.979695596
25.6915,27.979676563
25.6974,27.979719725
25.7033,27.979799177
25.7092,27.979803022
25.7151,27.979873067
25.721,27.979840476
25.727,27.979878376
25.7329,27.979899839
25.7388,27.979859971
25.7447,27.979824201
25.7506,27.979996802
25.7565,27.979814077
25.7624,27.979968949
25.7683,27.979838407
25.7742,27.979933779
25.7801,27.979811361
25.7861,27.979922696
25.792,27.979795248
25.7979,27.979866829
25.8038,27.979891309
25.8097,27.979963147
25.8156,27.979828716
25.8215,27.979965187
25.8274,27.979921848
25.8333,27.980019382
25.8392,27.979948135
25.8452,27.979958964
25.8511,27.979880106
25.857,27.9800619
25.8629,27.979924317
25.8688,27.980014114
25.8747,27.979954516
25.8806,27.979996445
25.8865,27.979842942
25.8924,27.979914444
25.8983,27.979782991
25.9043,27.979812362
25.9102,27.979716349
25.9161,27.979671216
25.922,27.979611917
25.9279,27.979640343
25.9338,27.979599573
25.9397,27.97969491
25.9456,27.979744255
25.9515,27.979756139
25.9574,27.979763062
25.9634,27.979830245
25.9693,27.979855123
25.9752,27.979959572
25.9811,27.979995281
25.987,27.980035721
25.9929,27.979944045
25.9988,27.980071394
26.0047,27.980019203
26.0106,27.980173378
26.0165,27.980156812
26.0225,27.980138021
26.0284,27.980099626
26.0343,27.98022411
26.0402,27.980092775
26.0461,27.980177376
26.052,27.980122955
26.0579,27.98016736
26.0638,27.980127489
26.0697,27.980168744
26.0757,27.980094071
26.0816,27.980169869
26.0875,27.980128053
26.0934,27.980166261
26.0993,27.980091871
26.1052,27.980212835
26.1111,27.98003185
26.117,27.980180424
26.1229,27.980148133
26.1288,27.98018012
26.1348,27.980046509
26.1407,27.980182771
26.1466,27.980047593
26.1525,27.980183752
26.1584,27.980020065
26.1643,27.979963218
26.1702,27.979912117
26.1761,27.979924647
26.182,27.979776892
26.1879,27.979821646
26.1939,27.979857362
26.1998,27.979916168
26.2057,27.979877696
26.2116,27.979936933
26.2175,27.979875913
26.2234,27.980009599
26.2293,27.980055693
26.2352,27.980052821
26.2411,27.980117789
26.247,27.980215656
26.253,27.980110845
26.2589,27.980210531
26.2648,27.980213728
26.2707,27.980303503
26.2766,27.980220813
26.2825,27.980329722
26.2884,27.980295936
26.2943,27.980373932
26.3002,27.980363435
26.3061,27.980356362
26.3121,27.980308862
26.318,27.980371
26.3239,27.980321414
26.3298,27.980389644
26.3357,27.980413707
26.3416,27.980477915
26.3475,27.980379327
26.3534,27.980419535
26.3593,27.980358839
26.3652,27.980386539
26.3712,27.980322609
26.3771,27.980336896
26.383,27.980348294
26.3889,27.980412005
26.3948,27.980303388
26.4007,27.980347811
26.4066,27.980334541
26.4125,27.980253931
26.4184,27.980189373
26.4243,27.98021426
26.4303,27.98007464
26.4362,27.980091348
26.4421,27.980026586
26.448,27.979994888
26.4539,27.980004131
26.4598,27.980225876
26.4657,27.980131452
26.4716,27.980167599
26.4775,27.98020702
26.4835,27.980287936
26.4894,27.980279935
26.4953,27.980338061
26.5012,27.980399389
26.5071,27.980426696
26.513,27.980494507
26.5189,27.980417229
26.5248,27.980505054
26.5307,27.980561341
26.5366,27.980557176
26.5426,27.980558868
26.5485,27.980572293
26.5544,27.98059982
26.5603,27.980542144
26.5662,27.980551249
26.5721,27.980525607
26.578,27.98061427
26.5839,27.980548858
26.5898,27.980594322
26.5957,27.980529988
26.6017,27.980600897
26.6076,27.980568202
26.6135,27.980595869
26.6194,27.980534483
26.6253,27.980569347
26.6312,27.980521437
26.6371,27.980565059
26.643,27.980523764
26.6489,27.980627672
26.6548,27.98046846
26.6608,27.980494603
26.6667,27.980379523
26.6726,27.980431322
26.6785,27.980251027
26.6844,27.980247249
26.6903,27.980121094
26.6962,27.98026762
26.7021,27.980204951
26.708,27.980328615
26.7139,27.98030485
26.7199,27.980489909
26.7258,27.980480107
26.7317,27.980521843
26.7376,27.98050784
26.7435,27.980644345
26.7494,27.980626429
26.7553,27.980631705
26.7612,27.980676273
26.7671,27.980769389
26.773,27.980701078
26.779,27.980765149
26.7849,27.980697466
26.7908,27.980843524
26.7967,27.980730318
26.8026,27.980743264
26.8085,27.980647472
26.8144,27.980787889
26.8203,27.980727247
26.8262,27.980719047
26.8322,27.980730608
26.8381,27.980798763
26.844,27.980728916
26.8499,27.980721829
26.8558,27.980718239
26.8617,27.980829924
26.8676,27.980725161
26.8735,27.980728524
26.8794,27.980738442
26.8853,27.980799077
26.8913,27.980729385
26.8972,27.980663738
26.9031,27.98059345
26.909,27.980654263
26.9149,27.980473455
26.9208,27.980441551
26.9267,27.980418471
26.9326,27.98049947
26.9385,27.980465611
26.9444,27.980493954
26.9504,27.980547228
26.9563,27.98061041
26.9622,27.980610224
26.9681,27.980616448
26.974,27.980624092
26.9799,27.980797061
26.9858,27.980712468
26.9917,27.980781541
26.9976,27.980755146
27.0035,27.980885894
27.0095,27.980812492
27.0154,27.980851423
27.0213,27.980843808
27.0272,27.98093844
27.0331,27.980884639
27.039,27.980893427
27.0449,27.980856241
27.0508,27.980923704
27.0567,27.980764424
27.0626,27.980887194
27.0686,27.980833643
27.0745,27.980926917
27.0804,27.980828807
27.0863,27.980926377
27.0922,27.980827207
27.0981,27.980947556
27.104,27.980805759
27.1099,27.980835424
27.1158,27.980856057
27.1217,27.980927217
27.1277,27.980787623
27.1336,27.980821342
27.1395,27.98075868
27.1454,27.980774405
27.1513,27.980683287
27.1572,27.980616628
27.1631,27.980539489
27.169,27.980532795
27.1749,27.980427514
27.1809,27.980515929
27.1868,27.980555772
27.1927,27.98065773
27.1986,27.980642919
27.2045,27.980699601
27.2104,27.980716497
27.2163,27.980780526
27.2222,27.980772498
27.2281,27.980839154
27.234,27.980846273
27.24,27.980908407
27.2459,27.980927815
27.2518,27.980946332
27.2577,27.980908967
27.2636,27.980982423
27.2695,27.980929622
27.2754,27.980963257
27.2813,27.980921014
27.2872,27.980935585
27.2931,27.98092092
27.2991,27.980896566
27.305,27.980867596
27.3109,27.980935304
27.3168,27.9808827
27.3227,27.980937122
27.3286,27.980884998
27.3345,27.980919791
27.3404,27.980860465
27.3463,27.980941702
27.3522,27.980856136
27.3582,27.980927199
27.3641,27.980841646
27.37,27.98088724
27.3759,27.980747837
27.3818,27.980772165
27.3877,27.980650957
27.3936,27.980622827
27.3995,27.980502307
27.4054,27.980600985
27.4113,27.980517223
27.4173,27.980648337
27.4232,27.980694051
27.4291,27.980740683
27.435,27.980743436
27.4409,27.980822974
27.4468,27.980705231
27.4527,27.98089806
27.4586,27.98082474
27.4645,27.980891871
27.4704,27.980867542
27.4764,27.980952764
27.4823,27.98094087
27.4882,27.980984841
27.4941,27.98090541
27.5,27.98104426
27.5059,27.980928471
27.5118,27.980977165
27.5177,27.980921814
27.5236,27.980991338
27.5296,27.980894523
27.5355,27.980920214
27.5414,27.980861127
27.5473,27.980967331
27.5532,27.980906359
27.5591,27.980960801
27.565,27.980852024
27.5709,27.98095585
27.5768,27.980877203
27.5827,27.980946491
27.5887,27.980829613
27.5946,27.980896116
27.6005,27.98080667
27.6064,27.980852971
27.6123,27.980723394
27.6182,27.980686077
27.6241,27.980664357
27.63,27.98062549
27.6359,27.980439588
27.6418,27.980557327
27.6478,27.980520398
27.6537,27.980611544
27.6596,27.980608086
27.6655,27.980698857
27.6714,27.980677287
27.6773,27.98075276
27.6832,27.980706895
27.6891,27.980840118
27.695,27.980773603
27.7009,27.980849851
27.7069,27.980786153
27.7128,27.980880425
27.7187,27.980854262
27.7246,27.980919893
27.7305,27.980865707
27.7364,27.980913694
27.7423,27.98082521
27.7482,27.980915563
27.7541,27.980815863
27.76,27.980873469
27.766,27.980810262
27.7719,27.980855547
27.7778,27.980759764
27.7837,27.980877057
27.7896,27.980794834
27.7955,27.980826515
27.8014,27.980726978
27.8073,27.980880651
27.8132,27.980778811
27.8191,27.980894406
27.8251,27.98072678
27.831,27.98082921
27.8369,27.980633221
27.8428,27.980715796
27.8487,27.980532924
27.8546,27.980591618
27.8605,27.980373093
27.8664,27.980450227
27.8723,27.980316077
27.8783,27.98047417
27.8842,27.98044417
27.8901,27.980483794
27.896,27.980490407
27.9019,27.9806405
27.9078,27.980514299
27.9137,27.980688679
27.9196,27.980573351
27.9255,27.980677882
27.9314,27.980663239
27.9374,27.980731668
27.9433,27.980658977
27.9492,27.980745402
27.9551,27.980610679
27.961,27.98073397
27.9669,27.980587754
27.9728,27.980663206
27.9787,27.980589272
27.9846,27.980759532
27.9905,27.980664757
27.9965,27.980734503
28.0024,27.980645338
28.0083,27.980730184
28.0142,27.980616034
28.0201,27.980728103
28.026,27.980570192
28.0319,27.980664594
28.0378,27.980595468
28.0437,27.980656324
28.0496,27.980553376
28.0556,27.980645375
28.0615,27.980497445
28.0674,27.980544879
28.0733,27.980437365
28.0792,27.980397372
28.0851,27.98026242
28.091,27.980316485
28.0969,27.980203586
28.1028,27.980334773
28.1087,27.980347389
28.1147,27.980419619
28.1206,27.98036108
28.1265,27.980502751
28.1324,27.980413162
28.1383,27.980510608
28.1442,27.980419756
28.1501,27.98048093
28.156,27.980433068
28.1619,27.980632369
28.1678,27.980512345
28.1738,27.980607503
28.1797,27.980603656
28.1856,27.980579151
28.1915,27.980554608
28.1974,27.98061466
28.2033,27.980514356
28.2092,27.98061288
28.2151,27.980507893
28.221,27.980676418
28.227,27.980539735
28.2329,27.98064041
28.2388,27.980512953
28.2447,27.980557049
28.2506,27.980500883
28.2565,27.980569529
28.2624,27.980457245
28.2683,27.980562414
28.2742,27.980468337
28.2801,27.980524232
28.2861,27.980442812
28.292,27.98045822
28.2979,27.980309866
28.3038,27.980369429
28.3097,27.980214724
28.3156,27.980184003
28.3215,27.980053889
28.3274,27.980160697
28.3333,27.980060533
28.3392,27.980179256
28.3452,27.980204567
28.3511,27.980253509
28.357,27.980281602
28.3629,27.980278232
28.3688,27.980231449
28.3747,27.980380645
28.3806,27.980300102
28.3865,27.980433371
28.3924,27.980350507
28.3983,27.980507353
28.4043,27.980455236
28.4102,27.980624805
28.4161,27.980491573
28.422,27.980538923
28.4279,27.980463875
28.4338,27.980502631
28.4397,27.980416235
28.4456,27.980514797
28.4515,27.980390436
28.4574,27.980511125
28.4634,27.980419382
28.4693,27.980538769
28.4752,27.980397958
28.4811,27.980436033
28.487,27.980369968
28.4929,27.980449483
28.4988,27.980291087
28.5047,27.980386037
28.5106,27.980326405
28.5165,27.980408064
28.5225,27.980275557
28.5284,27.980277587
28.5343,27.980172848
28.5402,27.98017333
28.5461,27.980071958
28.552,27.980116708
28.5579,27.979957988
28.5638,27.980058854
28.5697,27.97994685
28.5757,27.980071757
28.5816,27.980062715
28.5875,27.980195947
28.5934,27.980108416
28.5993,27.980137811
28.6052,27.980153404
28.6111,27.980291197
28.617,27.980186601
28.6229,27.980292976
28.6288,27.980200743
28.6348,27.980334118
28.6407,27.980331496
28.6466,27.980420332
28.6525,27.980358082
28.6584,27.980434559
28.6643,27.980284857
28.6702,27.980387732
28.6761,27.980336723
28.682,27.980447823
28.6879,27.980325101
28.6939,27.980456392
28.6998,27.980356195
28.7057,27.980432752
28.7116,27.980261844
28.7175,27.980291931
28.7234,27.980222822
28.7293,27.98035339
28.7352,27.980131529
28.7411,27.98027397
28.747,27.980197582
28.753,27.980314016
28.7589,27.980128201
28.7648,27.980235997
28.7707,27.979996054
28.7766,27.980051388
28.7825,27.979854565
28.7884,27.979999615
28.7943,27.979814449
28.8002,27.979993405
28.8061,27.979761149
28.8121,27.979948504
28.818,27.979957661
28.8239,27.980136524
28.8298,27.979953798
28.8357,27.980131742
28.8416,27.980041522
28.8475,27.980247134
28.8534,27.980096014
28.8593,27.980284521
28.8652,27.980270094
28.8712,27.980474748
28.8771,27.980315704
28.883,27.980492445
28.8889,27.980437107
28.8948,27.980572561
28.9007,27.980486699
28.9066,27.980640326
28.9125,27.980474806
28.9184,27.980601645
28.9243,27.980450887
28.9303,27.980543555
28.9362,27.980510429
28.9421,27.980566751
28.948,27.980312858
28.9539,27.980364123
28.9598,27.980268045
28.9657,27.980380117
28.9716,27.980196119
28.9775,27.980347957
28.9835,27.980222785
28.9894,27.980302434
28.9953,27.980161589
29.0012,27.980192729
29.0071,27.979998159
29.013,27.980089054
29.0189,27.97982622
29.0248,27.979937431
29.0307,27.979715096
29.0366,27.979805913
29.0426,27.979643103
29.0485,27.97983857
29.0544,27.979816093
29.0603,27.979964899
29.0662,27.979788523
29.0721,27.979951498
29.078,27.979864209
29.0839,27.980148966
29.0898,27.9799243
29.0957,27.980120236
29.1017,27.980040767
29.1076,27.9802876
29.1135,27.980214578
29.1194,27.980433263
29.1253,27.980356647
29.1312,27.980534853
29.1371,27.980392618
29.143,27.980555128
29.1489,27.98043126
29.1548,27.980601367
29.1608,27.980428469
29.1667,27.980610335
29.1726,27.980475939
29.1785,27.980582219
29.1844,27.980399622
29.1903,27.98052723
29.1962,27.980393914
29.2021,27.980543711
29.208,27.980284123
29.2139,27.980448965
29.2199,27.980313181
29.2258,27.980469053
29.2317,27.980189662
29.2376,27.980317422
29.2435,27.980163333
29.2494,27.980245227
29.2553,27.980077881
29.2612,27.980293143
29.2671,27.980053128
29.273,27.980180706
29.279,27.979991679
29.2849,27.980227357
29.2908,27.980099795
29.2967,27.98026497
29.3026,27.980014046
29.3085,27.980159812
29.3144,27.979994339
29.3203,27.980172403
29.3262,27.979957336
29.3322,27.980137507
29.3381,27.979999849
29.344,27.980196646
29.3499,27.980012477
29.3558,27.980178228
29.3617,27.980144273
29.3676,27.980265568
29.3735,27.980090904
29.3794,27.980236845
29.3853,27.980186999
29.3913,27.980361389
29.3972,27.980225685
29.4031,27.980488132
29.409,27.980325663
29.4149,27.980515549
29.4208,27.980435064
29.4267,27.980618589
29.4326,27.98054271
29.4385,27.980702812
29.4444,27.980500106
29.4504,27.980664179
29.4563,27.980498019
29.4622,27.980665921
29.4681,27.980466118
29.474,27.980587734
29.4799,27.980377248
29.4858,27.980417037
29.4917,27.980246227
29.4976,27.980398291
29.5035,27.980259929
29.5095,27.980446986
29.5154,27.980209725
29.5213,27.980417959
29.5272,27.980334353
29.5331,27.980529791
29.539,27.980463181
29.5449,27.980564054
29.5508,27.980384806
29.5567,27.980607588
29.5626,27.980376328
29.5686,27.980563614
29.5745,27.980388767
29.5804,27.980516909
29.5863,27.980308499
29.5922,27.98045553
29.5981,27.980314004
29.604,27.980311123
29.6099,27.98020883
29.6158,27.980368197
29.6217,27.980173319
29.6277,27.980330092
29.6336,27.980156047
29.6395,27.980294983
29.6454,27.980228174
29.6513,27.980471318
29.6572,27.980236718
29.6631,27.980409472
29.669,27.980407315
29.6749,27.980562583
29.6809,27.980402735
29.6868,27.980562381
29.6927,27.980475931
29.6986,27.980619449
29.7045,27.980514232
29.7104,27.980547155
29.7163,27.980509755
29.7222,27.980571854
29.7281,27.980465787
29.734,27.980644392
29.74,27.980541939
29.7459,27.980751638
29.7518,27.980596284
29.7577,27.980730306
29.7636,27.980703223
29.7695,27.980745813
29.7754,27.98070267
29.7813,27.980801782
29.7872,27.980715352
29.7931,27.980825401
29.7991,27.980579608
29.805,27.980785368
29.8109,27.980641607
29.8168,27.980799223
29.8227,27.980703398
29.8286,27.980849081
29.8345,27.980738636
29.8404,27.980812961
29.8463,27.98064798
29.8522,27.980744678
29.8582,27.980636413
29.8641,27.980678489
29.87,27.980383283
29.8759,27.980533752
29.8818,27.980436588
29.8877,27.980545773
29.8936,27.980367628
29.8995,27.980547814
29.9054,27.980421458
29.9113,27.980563509
29.9173,27.980360047
29.9232,27.980451905
29.9291,27.980426397
29.935,27.980540372
29.9409,27.980406566
29.9468,27.980497453
29.9527,27.980403031
29.9586,27.980565947
29.9645,27.980559119
29.9704,27.98070511
29.9764,27.980720319
29.9823,27.980837135
29.9882,27.980746389
29.9941,27.980922579
30.0,27.980944292
30.0059,27.98103793
30.0118,27.980927803
30.0177,27.981017593
30.0236,27.980995365
30.0296,27.981075488
30.0355,27.980962819
30.0414,27.98104095
30.0473,27.980964739
30.0532,27.981037695
30.0591,27.981020153
30.065,27.981035547
30.0709,27.981136519
30.0768,27.981086859
30.0827,27.98099639
30.0887,27.981005701
30.0946,27.980903403
30.1005,27.980961514
30.1064,27.980909565
30.1123,27.980959741
30.1182,27.980977796
30.1241,27.980993452
30.13,27.980989565
30.1359,27.980959361
30.1418,27.980930886
30.1478,27.980931328
30.1537,27.980757243
30.1596,27.980769743
30.1655,27.980678408
30.1714,27.980688626
30.1773,27.980522476
30.1832,27.980605423
30.1891,27.980485605
30.195,27.980389302
30.2009,27.980442147
30.2069,27.98056817
30.2128,27.980526257
30.2187,27.980650418
30.2246,27.980622152
30.2305,27.980686705
30.2364,27.980745577
30.2423,27.980884989
30.2482,27.980833914
30.2541,27.980975013
30.26,27.981001358
30.266,27.981088059
30.2719,27.981024497
30.2778,27.981188968
30.2837,27.981091561
30.2896,27.981273291
30.2955,27.981236863
30.3014,27.981290945
30.3073,27.981264077
30.3132,27.981355286
30.3191,27.9812727
30.3251,27.981392427
30.331,27.981267727
30.3369,27.981298129
30.3428,27.98119046
30.3487,27.98127064
30.3546,27.981239423
30.3605,27.981369693
30.3664,27.981240333
30.3723,27.9812668
30.3783,27.981217516
30.3842,27.981259165
30.3901,27.981148919
30.396,27.981239217
30.4019,27.981188678
30.4078,27.981126883
30.4137,27.98105405
30.4196,27.981098801
30.4255,27.981047365
30.4314,27.980961564
30.4374,27.980881635
30.4433,27.980886267
30.4492,27.980842949
30.4551,27.980923933
30.461,27.980820145
30.4669,27.980887471
30.4728,27.980868656
30.4787,27.980895754
30.4846,27.980870471
30.4905,27.980953664
30.4965,27.980983444
30.5024,27.981049929
30.5083,27.981001505
30.5142,27.981070141
30.5201,27.981035664
30.526,27.981174402
30.5319,27.981139787
30.5378,27.981281512
30.5437,27.981277098
30.5496,27.98131267
30.5556,27.98129191
30.5615,27.981472824
30.5674,27.981400475
30.5733,27.981468293
30.5792,27.98140989
30.5851,27.981480858
30.591,27.981511686
30.5969,27.981578912
30.6028,27.981516293
30.6087,27.981607685
30.6147,27.981549955
30.6206,27.981565717
30.6265,27.98147636
30.6324,27.981509315
30.6383,27.981451824
30.6442,27.981479375
30.6501,27.981311902
30.656,27.981316624
30.6619,27.981194
30.6678,27.981278217
30.6738,27.98126716
30.6797,27.981351987
30.6856,27.981363144
30.6915,27.98141774
30.6974,27.981282576
30.7033,27.981422743
30.7092,27.981435074
30.7151,27.981486535
30.721,27.981379751
30.727,27.981455706
30.7329,27.981389741
30.7388,27.981510924
30.7447,27.981329403
30.7506,27.981367119
30.7565,27.981240719
30.7624,27.981296533
30.7683,27.981215298
30.7742,27.981333956
30.7801,27.981242079
30.7861,27.981345126
30.792,27.981207029
30.7979,27.981328544
30.8038,27.981247902
30.8097,27.981296977
30.8156,27.9811913
30.8215,27.981323091
30.8274,27.981292063
30.8333,27.981378647
30.8392,27.981314109
30.8452,27.981483864
30.8511,27.981428483
30.857,27.981583014
30.8629,27.98148468
30.8688,27.981580923
30.8747,27.981553074
30.8806,27.981633137
30.8865,27.981528478
30.8924,27.981618621
30.8983,27.981525263
30.9043,27.981529528
30.9102,27.981508655
30.9161,27.98159609
30.922,27.981513872
30.9279,27.981624342
30.9338,27.981458576
30.9397,27.981646599
30.9456,27.981600463
30.9515,27.981696994
30.9574,27.981587821
30.9634,27.981741492
30.9693,27.981616741
30.9752,27.981740134
30.9811,27.981645286
30.987,27.981719601
30.9929,27.981651948
30.9988,27.981779167
31.0047,27.981643094
31.0106,27.981694687
31.0165,27.981674828
31.0225,27.981727412
31.0284,27.981593776
31.0343,27.981695901
31.0402,27.981626891
31.0461,27.981636058
31.052,27.981498659
31.0579,27.981545786
31.0638,27.981374465
31.0697,27.981412587
31.0757,27.98127487
31.0816,27.981393375
31.0875,27.98131568
31.0934,27.981434493
31.0993,27.981326174
31.1052,27.981426214
31.1111,27.981359307
31.117,27.98144788
31.1229,27.981340885
31.1288,27.981399077
31.1348,27.981300309
31.1407,27.981380707
31.1466,27.981259609
31.1525,27.981380874
31.1584,27.981284309
31.1643,27.981406702
31.1702,27.981318903
31.1761,27.981463315
31.182,27.981351469
31.1879,27.981462028
31.1939,27.981342535
31.1998,27.981502564
31.2057,27.981450294
31.2116,27.981555681
31.2175,27.981391963
31.2234,27.981585971
31.2293,27.981461313
31.2352,27.981590908
31.2411,27.981484457
31.247,27.981617245
31.253,27.98150899
31.2589,27.981624126
31.2648,27.981543775
31.2707,27.981705165
31.2766,27.981663946
31.2825,27.981789004
31.2884,27.981617169
31.2943,27.981797344
31.3002,27.981784855
31.3061,27.981898079
31.3121,27.981689914
31.318,27.981870496
31.3239,27.981710609
31.3298,27.981811113
31.3357,27.981679166
31.3416,27.981894531
31.3475,27.981760019
31.3534,27.982011334
31.3593,27.981764406
31.3652,27.98194285
31.3712,27.981800508
31.3771,27.981928237
31.383,27.981673432
31.3889,27.981805948
31.3948,27.981647918
31.4007,27.981736377
31.4066,27.981500301
31.4125,27.981641874
31.4184,27.981519926
31.4243,27.98173428
31.4303,27.981485898
31.4362,27.98161161
31.4421,27.981512199
31.448,27.981620276
31.4539,27.981409763
31.4598,27.981646146
31.4657,27.981384143
31.4716,27.981547464
31.4775,27.981296427
31.4835,27.981428686
31.4894,27.981352206
31.4953,27.981529415
31.5012,27.981198735
31.5071,27.981460983
31.513,27.98136886
31.5189,27.981493766
31.5248,27.981332976
31.5307,27.981561122
31.5366,27.981370621
31.5426,27.981568311
31.5485,27.981337639
31.5544,27.981521712
31.5603,27.981494488
31.5662,27.981750008
31.5721,27.981412767
31.578,27.981672622
31.5839,27.981563824
31.5898,27.981725447
31.5957,27.981558472
31.6017,27.981772521
31.6076,27.981566338
31.6135,27.981787402
31.6194,27.981581029
31.6253,27.981759522
31.6312,27.981607885
31.6371,27.981751614
31.643,27.981486104
31.6489,27.981712302
31.6548,27.981473823
31.6608,27.98165145
31.6667,27.981439969
31.6726,27.981612326
31.6785,27.981467231
31.6844,27.981675767
31.6903,27.981386168
31.6962,27.98160094
31.7021,27.981486023
31.708,27.981695174
31.7139,27.981452006
31.7199,27.981728432
31.7258,27.981530327
31.7317,27.981657084
31.7376,27.98147144
31.7435,27.98162634
31.7494,27.981422073
31.7553,27.981722326
31.7612,27.981464468
31.7671,27.981676911
31.773,27.981524979
31.779,27.981710408
31.7849,27.981409187
31.7908,27.981563537
31.7967,27.981407035
31.8026,27.981491023
31.8085,27.981230746
31.8144,27.981391488
31.8203,27.981188113
31.8262,27.981447901
31.8322,27.981230611
31.8381,27.981330904
31.844,27.98118903
31.8499,27.981353207
31.8558,27.981112987
31.8617,27.981329147
31.8676,27.981141769
31.8735,27.981317519
31.8794,27.981181332
31.8853,27.981336385
31.8913,27.98116118
31.8972,27.981359952
31.9031,27.981154382
31.909,27.981312907
31.9149,27.981148489
31.9208,27.981250113
31.9267,27.981041153
31.9326,27.981229008
31.9385,27.981014225
31.9444,27.981245598
31.9504,27.981160979
31.9563,27.981343508
31.9622,27.981193324
31.9681,27.981353563
31.974,27.981158915
31.9799,27.981450257
31.9858,27.981373503
31.9917,27.981462387
31.9976,27.981320002
32.0035,27.981545458
32.0095,27.981420534
32.0154,27.981576754
32.0213,27.981408534
32.0272,27.981589292
32.0331,27.981421878
32.039,27.981535124
32.0449,27.981405683
32.0508,27.981592483
32.0567,27.981422967
32.0626,27.981464565
32.0686,27.981257909
32.0745,27.981389111
32.0804,27.981183421
32.0863,27.981288744
32.0922,27.981166243
32.0981,27.981324346
32.104,27.981121568
32.1099,27.981325336
32.1158,27.981142269
32.1217,27.981264504
32.1277,27.981167397
32.1336,27.981213945
32.1395,27.981013688
32.1454,27.9810832
32.1513,27.98091551
32.1572,27.980913325
32.1631,27.98074191
32.169,27.980778922
32.1749,27.98059797
32.1809,27.980678095
32.1868,27.980585895
32.1927,27.980663131
32.1986,27.980541837
32.2045,27.980649389
32.2104,27.980518002
32.2163,27.980727009
32.2222,27.980652849
32.2281,27.980709316
32.234,27.980676467
32.24,27.980895113
32.2459,27.980766881
32.2518,27.980955185
32.2577,27.980849226
32.2636,27.980951988
32.2695,27.98087098
32.2754,27.981000976
32.2813,27.980832706
32.2872,27.981019236
32.2931,27.980878301
32.2991,27.9810026
32.305,27.980810857
32.3109,27.981018366
32.3168,27.980809301
32.3227,27.981002444
32.3286,27.980848302
32.3345,27.981058452
32.3404,27.980929901
32.3463,27.981077966
32.3522,27.980849866
32.3582,27.981093157
32.3641,27.980919602
32.37,27.981066038
32.3759,27.980842937
32.3818,27.981113212
32.3877,27.980834725
32.3936,27.981066299
32.3995,27.980815806
32.4054,27.981021483
32.4113,27.980799001
32.4173,27.981005665
32.4232,27.980726794
32.4291,27.980907552
32.435,27.980694132
32.4409,27.980769855
32.4468,27.98047065
32.4527,27.98070338
32.4586,27.980502599
32.4645,27.980656896
32.4704,27.980501813
32.4764,27.980683986
32.4823,27.980531922
32.4882,27.980726107
32.4941,27.980509261
32.5,27.98076207
32.5059,27.980602649
32.5118,27.980743856
32.5177,27.980478103
32.5236,27.980721974
32.5296,27.980479597
32.5355,27.980643471
32.5414,27.98042975
32.5473,27.980555985
32.5532,27.980388618
32.5591,27.980573627
32.565,27.980363624
32.5709,27.980558574
32.5768,27.980429772
32.5827,27.980566953
32.5887,27.980371574
32.5946,27.980639025
32.6005,27.980453112
32.6064,27.980564892
32.6123,27.980475716
32.6182,27.980674756
32.6241,27.980482249
32.63,27.980685231
32.6359,27.980440295
32.6418,27.980688928
32.6478,27.980519736
32.6537,27.980689582
32.6596,27.980488504
32.6655,27.98066897
32.6714,27.980429671
32.6773,27.980610684
32.6832,27.980327637
32.6891,27.980432778
32.695,27.980235677
32.7009,27.980337447
32.7069,27.980090746
32.7128,27.980245617
32.7187,27.9801173
32.7246,27.980236046
32.7305,27.980038518
32.7364,27.980320548
32.7423,27.980113371
32.7482,27.980295039
32.7541,27.980174265
32.76,27.98029664
32.766,27.980165886
32.7719,27.980427213
32.7778,27.980150692
32.7837,27.980371957
32.7896,27.980258844
32.7955,27.980337616
32.8014,27.980177813
32.8073,27.980434736
32.8132,27.980217826
32.8191,27.9805467
32.8251,27.980243396
32.831,27.980403193
32.8369,27.980320555
32.8428,27.980518685
32.8487,27.980238615
32.8546,27.980544735
32.8605,27.980374283
32.8664,27.980468157
32.8723,27.980234258
32.8783,27.980476206
32.8842,27.980295184
32.8901,27.980574737
32.896,27.980380201
32.9019,27.980502674
32.9078,27.980327918
32.9137,27.980566968
32.9196,27.980170765
32.9255,27.980464769
32.9314,27.980264267
32.9374,27.98035527
32.9433,27.980160914
32.9492,27.980365806
32.9551,27.980109968
32.961,27.98030489
32.9669,27.979974794
32.9728,27.980200725
32.9787,27.980030767
32.9846,27.980249986
32.9905,27.979956403
32.9965,27.980246279
33.0024,27.980024495
33.0083,27.98021964
33.0142,27.980007748
33.0201,27.980241363
33.026,27.980028443
33.0319,27.980394297
33.0378,27.980069376
33.0437,27.980301835
33.0496,27.980204799
33.0556,27.980358765
33.0615,27.980027424
33.0674,27.980190666
33.0733,27.979946531
33.0792,27.980080524
33.0851,27.979953732
33.091,27.980125129
33.0969,27.979947092
33.1028,27.980167069
33.1087,27.979886014
33.1147,27.979997731
33.1206,27.979938555
33.1265,27.980049669
33.1324,27.979891186
33.1383,27.980079272
33.1442,27.979956652
33.1501,27.980101018
33.156,27.979906676
33.1619,27.980112733
33.1678,27.979958957
33.1738,27.980112455
33.1797,27.979950142
33.1856,27.980115152
33.1915,27.980024738
33.1974,27.980146632
33.2033,27.979835768
33.2092,27.98002865
33.2151,27.979859028
33.221,27.979969279
33.227,27.979809369
33.2329,27.980026314
33.2388,27.979922968
33.2447,27.980086564
33.2506,27.97993298
33.2565,27.980009023
33.2624,27.979970842
33.2683,27.980100061
33.2742,27.97988108
33.2801,27.980069034
33.2861,27.979959272
33.292,27.980134567
33.2979,27.979943488
33.3038,27.980178923
33.3097,27.980046456
33.3156,27.980232515
33.3215,27.980002286
33.3274,27.980254646
33.3333,27.980121473
33.3392,27.980203494
33.3452,27.979992632
33.3511,27.980122878
33.357,27.980017315
33.3629,27.980155399
33.3688,27.979961783
33.3747,27.98005599
33.3806,27.979882564
33.3865,27.979970854
33.3924,27.979728675
33.3983,27.979941419
33.4043,27.97985689
33.4102,27.9799932
33.4161,27.979652788
33.422,27.979908875
33.4279,27.979783335
33.4338,27.97998652
33.4397,27.979806908
33.4456,27.980078743
33.4515,27.97986178
33.4574,27.980044517
33.4634,27.979780847
33.4693,27.979904182
33.4752,27.979835604
33.4811,27.98000322
33.487,27.979725361
33.4929,27.979949379
33.4988,27.979820271
33.5047,27.980064973
33.5106,27.979845889
33.5165,27.980138408
33.5225,27.979886784
33.5284,27.980119999
33.5343,27.979821286
33.5402,27.980036987
33.5461,27.980033909
33.552,27.980175759
33.5579,27.979993515
33.5638,27.980174285
33.5697,27.980125205
33.5757,27.980146974
33.5816,27.980018376
33.5875,27.980244618
33.5934,27.980187882
33.5993,27.980297788
33.6052,27.980144958
33.6111,27.980211108
33.617,27.980185337
33.6229,27.980372127
33.6288,27.980121803
33.6348,27.98032378
33.6407,27.980224103
33.6466,27.980225982
33.6525,27.980029488
33.6584,27.980187104
33.6643,27.980087217
33.6702,27.980044005
33.6761,27.979826746
33.682,27.979962648
33.6879,27.97992046
33.6939,27.980114241
33.6998,27.979999017
33.7057,27.980100564
33.7116,27.980158206
33.7175,27.980171464
33.7234,27.980072823
33.7293,27.980281485
33.7352,27.980213781
33.7411,27.980265649
33.747,27.980178054
33.753,27.980208698
33.7589,27.980181217
33.7648,27.980322193
33.7707,27.980134652
33.7766,27.980294605
33.7825,27.980216594
33.7884,27.980191564
33.7943,27.98007217
33.8002,27.980350623
33.8061,27.980196691
33.8121,27.980267468
33.818,27.980180848
33.8239,27.980294234
33.8298,27.980198166
33.8357,27.980442037
33.8416,27.980295829
33.8475,27.98046076
33.8534,27.980341206
33.8593,27.980417582
33.8652,27.980312525
33.8712,27.980620896
33.8771,27.980463328
33.883,27.980640829
33.8889,27.980491624
33.8948,27.980580156
33.9007,27.980453721
33.9066,27.980615579
33.9125,27.980372986
33.9184,27.980475643
33.9243,27.980304184
33.9303,27.980325377
33.9362,27.980132675
33.9421,27.980388477
33.948,27.980206905
33.9539,27.980398548
33.9598,27.980204876
33.9657,27.980410672
33.9716,27.980308089
33.9775,27.98052112
33.9835,27.980334685
33.9894,27.980560576
33.9953,27.980470893
34.0012,27.98059158
34.0071,27.980443069
34.013,27.980709198
34.0189,27.980545005
34.0248,27.980805504
34.0307,27.980535847
34.0366,27.980752093
34.0426,27.980614732
34.0485,27.980806379
34.0544,27.9805059
34.0603,27.980827497
34.0662,27.980617082
34.0721,27.980727371
34.078,27.980509233
34.0839,27.980683659
34.0898,27.98049024
34.0957,27.980651318
34.1017,27.980406529
34.1076,27.98056583
34.1135,27.980493124
34.1194,27.980692
34.1253,27.980426441
34.1312,27.980739308
34.1371,27.980578656
34.143,27.980728842
34.1489,27.980469088
34.1548,27.980700733
34.1608,27.980558554
34.1667,27.980683228
34.1726,27.980455955
34.1785,27.980550564
34.1844,27.980427629
34.1903,27.980528955
34.1962,27.980208139
34.2021,27.980385923
34.208,27.980310565
34.2139,27.980388109
34.2199,27.980288292
34.2258,27.980577926
34.2317,27.980506442
34.2376,27.980741928
34.2435,27.980522072
34.2494,27.980797414
34.2553,27.980764353
34.2612,27.980973251
34.2671,27.980773199
34.273,27.981133043
34.279,27.980898365
34.2849,27.981116156
34.2908,27.980911933
34.2967,27.981230056
34.3026,27.981075831
34.3085,27.981227072
34.3144,27.981088681
34.3203,27.981245931
34.3262,27.981113181
34.3322,27.981235999
34.3381,27.981018212
34.344,27.981197606
34.3499,27.980975621
34.3558,27.981047655
34.3617,27.980962189
34.3676,27.981158344
34.3735,27.980938441
34.3794,27.981106321
34.3853,27.980931883
34.3913,27.981119689
34.3972,27.980983678
34.4031,27.981058769
34.409,27.980897035
34.4149,27.981052745
34.4208,27.980827512
34.4267,27.980895248
34.4326,27.980671174
34.4385,27.980792977
34.4444,27.980534091
34.4504,27.980627459
34.4563,27.980422826
34.4622,27.980660746
34.4681,27.980533314
34.474,27.980840359
34.4799,27.980617481
34.4858,27.980950037
34.4917,27.980749073
34.4976,27.980980494
34.5035,27.980802699
34.5095,27.981177649
34.5154,27.980936018
34.5213,27.981230982
34.5272,27.981023515
34.5331,27.981278503
34.539,27.98107492
34.5449,27.981324054
34.5508,27.98111714
34.5567,27.981387052
34.5626,27.981198677
34.5686,27.98134197
34.5745,27.981107225
34.5804,27.981385091
34.5863,27.981138445
34.5922,27.981322227
34.5981,27.981037762
34.604,27.981321984
34.6099,27.981120798
34.6158,27.981354109
34.6217,27.981056018
34.6277,27.981344409
34.6336,27.981152517
34.6395,27.981288899
34.6454,27.981097446
34.6513,27.981355169
34.6572,27.98110892
34.6631,27.981274882
34.669,27.981051445
34.6749,27.981175719
34.6809,27.980946704
34.6868,27.981020492
34.6927,27.980768458
34.6986,27.980978109
34.7045,27.980793875
34.7104,27.980897746
34.7163,27.980789945
34.7222,27.981189366
34.7281,27.980916936
34.734,27.981134541
34.74,27.980997778
34.7459,27.981254055
34.7518,27.981157239
34.7577,27.98136121
34.7636,27.981199707
34.7695,27.981502999
34.7754,27.981363526
34.7813,27.981495522
34.7872,27.981272797
34.7931,27.981568764
34.7991,27.98134517
34.805,27.981459089
34.8109,27.981279199
34.8168,27.98150345
34.8227,27.981314835
34.8286,27.981478258
34.8345,27.981196698
34.8404,27.981546215
34.8463,27.981290036
34.8522,27.9814516
34.8582,27.981254505
34.8641,27.981483216
34.87,27.981311447
34.8759,27.981404668
34.8818,27.981168927
34.8877,27.981402548
34.8936,27.981203924
34.8995,27.981347529
34.9054,27.981102209
34.9113,27.981309658
34.9173,27.981137291
34.9232,27.981104911
34.9291,27.980839446
34.935,27.981137188
34.9409,27.980961987
34.9468,27.981182076
34.9527,27.981027708
34.9586,27.981234634
34.9645,27.981149613
34.9704,27.981318144
34.9764,27.981120968
34.9823,27.981415152
34.9882,27.981314096
34.9941,27.981395154
35.0,27.981243215
35.0059,27.981538676
35.0118,27.981403396
35.0177,27.98155514
35.0236,27.981320177
35.0296,27.981557442
35.0355,27.981392067
35.0414,27.981572391
35.0473,27.981307848
35.0532,27.981609164
35.0591,27.981457121
35.065,27.98152966
35.0709,27.98121199
35.0768,27.981575102
35.0827,27.981344454
35.0887,27.981532929
35.0946,27.981251809
35.1005,27.981516518
35.1064,27.981330356
35.1123,27.981502286
35.1182,27.981151656
35.1241,27.981488029
35.13,27.98130317
35.1359,27.981376824
35.1418,27.981046859
35.1478,27.981379886
35.1537,27.98102023
35.1596,27.981223651
35.1655,27.980861441
35.1714,27.981135223
35.1773,27.981010938
35.1832,27.981308691
35.1891,27.980940218
35.195,27.981372988
35.2009,27.98118111
35.2069,27.981421153
35.2128,27.981075202
35.2187,27.981501415
35.2246,27.98123622
35.2305,27.981575073
35.2364,27.981248946
35.2423,27.981535877
35.2482,27.981354484
35.2541,27.981610688
35.26,27.981248125
35.266,27.981608986
35.2719,27.981344919
35.2778,27.981516913
35.2837,27.98123289
35.2896,27.98158306
35.2955,27.981292193
35.3014,27.981581398
35.3073,27.981183959
35.3132,27.981513715
35.3191,27.981279391
35.3251,27.981548414
35.331,27.981172928
35.3369,27.981498515
35.3428,27.981236167
35.3487,27.981475236
35.3546,27.981114401
35.3605,27.981446056
35.3664,27.981159206
35.3723,27.981374085
35.3783,27.9809583
35.3842,27.981198687
35.3901,27.980851704
35.396,27.981060274
35.4019,27.980736854
35.4078,27.981085965
35.4137,27.980927746
35.4196,27.981211368
35.4255,27.980927412
35.4314,27.981306329
35.4374,27.981067071
35.4433,27.981331489
35.4492,27.981051918
35.4551,27.981316867
35.461,27.981170821
35.4669,27.981471382
35.4728,27.981161519
35.4787,27.981468821
35.4846,27.98128596
35.4905,27.981435011
35.4965,27.981112715
35.5024,27.981439666
35.5083,27.981203514
35.5142,27.981443084
35.5201,27.981073047
35.526,27.981351039
35.5319,27.981075541
35.5378,27.981334431
35.5437,27.980965138
35.5496,27.981285734
35.5556,27.981093323
35.5615,27.981321038
35.5674,27.980958579
35.5733,27.981289504
35.5792,27.981052018
35.5851,27.981278968
35.591,27.98083877
35.5969,27.981085689
35.6028,27.980829362
35.6087,27.981049447
35.6147,27.980583047
35.6206,27.98088142
35.6265,27.980650844
35.6324,27.980851555
35.6383,27.980591846
35.6442,27.980939378
35.6501,27.980782897
35.656,27.981113264
35.6619,27.980750551
35.6678,27.981059147
35.6738,27.980904117
35.6797,27.981167123
35.6856,27.980791831
35.6915,27.981155704
35.6974,27.980958887
35.7033,27.981248404
35.7092,27.98091375
35.7151,27.981254159
35.721,27.98099182
35.727,27.98123815
35.7329,27.980851756
35.7388,27.981159135
35.7447,27.980938467
35.7506,27.981139922
35.7565,27.980777815
35.7624,27.981158356
35.7683,27.980916678
35.7742,27.981106876
35.7801,27.980741952
35.7861,27.981068716
35.792,27.980802943
35.7979,27.981114872
35.8038,27.980698444
35.8097,27.980965694
35.8156,27.980739896
35.8215,27.980968769
35.8274,27.980509988
35.8333,27.980802519
35.8392,27.98051466
35.8452,27.980677052
35.8511,27.980298449
35.857,27.980625872
35.8629,27.980455121
35.8688,27.980664828
35.8747,27.980386035
35.8806,27.980742378
35.8865,27.98053403
35.8924,27.980816859
35.8983,27.980482603
35.9043,27.980846071
35.9102,27.980557449
35.9161,27.980850357
35.922,27.980506395
35.9279,27.980867496
35.9338,27.980656616
35.9397,27.980918898
35.9456,27.980602274
35.9515,27.980848679
35.9574,27.980612849
35.9634,27.980870224
35.9693,27.980505722
35.9752,27.980842244
35.9811,27.980598789
35.987,27.980753192
35.9929,27.980472896
35.9988,27.980844826
36.0047,27.980509913
36.0106,27.98078128
36.0165,27.980457659
36.0225,27.980689265
36.0284,27.980478556
36.0343,27.980792538
36.0402,27.980311007
36.0461,27.980634156
36.052,27.980382039
36.0579,27.980571853
36.0638,27.980197655
36.0697,27.980433245
36.0757,27.98012653
36.0816,27.980309985
36.0875,27.980054133
36.0934,27.980425886
36.0993,27.980190142
36.1052,27.980492439
36.1111,27.980256381
36.117,27.980568668
36.1229,27.980345455
36.1288,27.980564896
36.1348,27.980269362
36.1407,27.980672618
36.1466,27.980346263
36.1525,27.980666983
36.1584,27.980394958
36.1643,27.9807033
36.1702,27.980429513
36.1761,27.980596971
36.182,27.980268587
36.1879,27.980586202
36.1939,27.98033937
36.1998,27.980605146
36.2057,27.980343547
36.2116,27.980656362
36.2175,27.980257351
36.2234,27.98054419
36.2293,27.980214258
36.2352,27.980512381
36.2411,27.980169158
36.247,27.980478648
36.253,27.980043081
36.2589,27.980430291
36.2648,27.980159652
36.2707,27.980344023
36.2766,27.979978911
36.2825,27.980304817
36.2884,27.979870315
36.2943,27.980047178
36.3002,27.979726362
36.3061,27.979938535
36.3121,27.97970207
36.318,27.980067436
36.3239,27.979764707
36.3298,27.980156295
36.3357,27.979949366
36.3416,27.980202541
36.3475,27.979895221
36.3534,27.980322655
36.3593,27.980012106
36.3652,27.980302659
36.3712,27.980009843
36.3771,27.980409467
36.383,27.980157857
36.3889,27.980411395
36.3948,27.980099335
36.4007,27.980401904
36.4066,27.980157624
36.4125,27.980336072
36.4184,27.980049808
36.4243,27.980263323
36.4303,27.980046893
36.4362,27.9802533
36.4421,27.979967229
36.448,27.980308074
36.4539,27.980091123
36.4598,27.980297814
36.4657,27.979947441
36.4716,27.980251032
36.4775,27.980051156
36.4835,27.980277327
36.4894,27.979917338
36.4953,27.980245216
36.5012,27.980026345
36.5071,27.980129877
36.513,27.97983231
36.5189,27.980034151
36.5248,27.979663052
36.5307,27.979850727
36.5366,27.979543473
36.5426,27.979889586
36.5485,27.979751538
36.5544,27.97999217
36.5603,27.979719437
36.5662,27.980073166
36.5721,27.979876436
36.578,27.980081944
36.5839,27.979814737
36.5898,27.980141388
36.5957,27.979935267
36.6017,27.980149278
36.6076,27.979871466
36.6135,27.980179799
36.6194,27.979969672
36.6253,27.980187394
36.6312,27.979897289
36.6371,27.98018676
36.643,27.979982953
36.6489,27.980125704
36.6548,27.979949526
36.6608,27.980188441
36.6667,27.979899774
36.6726,27.980196816
36.6785,27.979850229
36.6844,27.980207465
36.6903,27.979907162
36.6962,27.980086943
36.7021,27.979812996
36.708,27.980197749
36.7139,27.97982825
36.7199,27.980050733
36.7258,27.979769352
36.7317,27.980047491
36.7376,27.979747975
36.7435,27.979958927
36.7494,27.979550858
36.7553,27.979799982
36.7612,27.979533955
36.7671,27.979842099
36.773,27.979494917
36.779,27.979938648
36.7849,27.979719975
36.7908,27.979991612
36.7967,27.97977438
36.8026,27.980019623
36.8085,27.979783402
36.8144,27.980080762
36.8203,27.979814703
36.8262,27.980194267
36.8322,27.979952721
36.8381,27.980178435
36.844,27.979915034
36.8499,27.98025432
36.8558,27.979953695
36.8617,27.980159498
36.8676,27.979893981
36.8735,27.980158283
36.8794,27.979933954
36.8853,27.980169657
36.8913,27.979953068
36.8972,27.980217326
36.9031,27.979990297
36.909,27.980136976
36.9149,27.979813796
36.9208,27.980150734
36.9267,27.979944489
36.9326,27.980164317
36.9385,27.97992842
36.9444,27.980146358
36.9504,27.979863646
36.9563,27.980063028
36.9622,27.979827943
36.9681,27.980019095
36.974,27.979833397
36.9799,27.979925774
36.9858,27.979557261
36.9917,27.979778628
36.9976,27.979526517
37.0035,27.979897511
37.0095,27.979637401
37.0154,27.979978085
37.0213,27.979678518
37.0272,27.979992634
37.0331,27.979765552
37.039,27.98013411
37.0449,27.979851091
37.0508,27.980089017
37.0567,27.97981045
37.0626,27.980188082
37.0686,27.979962769
37.0745,27.980221052
37.0804,27.979983559
37.0863,27.980303954
37.0922,27.979985686
37.0981,27.980315237
37.104,27.979954639
37.1099,27.980306167
37.1158,27.980132851
37.1217,27.980396932
37.1277,27.980070975
37.1336,27.980438449
37.1395,27.980129536
37.1454,27.980339721
37.1513,27.980033193
37.1572,27.980279578
37.1631,27.979966557
37.169,27.980264952
37.1749,27.979987494
37.1809,27.980348902
37.1868,27.980020183
37.1927,27.980224864
37.1986,27.979901981
37.2045,27.980184106
37.2104,27.979905001
37.2163,27.980069145
37.2222,27.979762716
37.2281,27.979957481
37.234,27.97963795
37.24,27.980070486
37.2459,27.979738926
37.2518,27.980167947
37.2577,27.979912176
37.2636,27.980125254
37.2695,27.979842663
37.2754,27.980211683
37.2813,27.979929129
37.2872,27.980324877
37.2931,27.979941711
37.2991,27.980323827
37.305,27.980042867
37.3109,27.980435691
37.3168,27.980131155
37.3227,27.980485819
37.3286,27.980258396
37.3345,27.980480145
37.3404,27.980146427
37.3463,27.980497283
37.3522,27.980278425
37.3582,27.980582215
37.3641,27.980295338
37.37,27.980618957
37.3759,27.98023614
37.3818,27.980596295
37.3877,27.980242556
37.3936,27.980564968
37.3995,27.980359002
37.4054,27.980544992
37.4113,27.980299947
37.4173,27.980541848
37.4232,27.980254849
37.4291,27.980498383
37.435,27.980145502
37.4409,27.980338725
37.4468,27.980112034
37.4527,27.980351078
37.4586,27.97995599
37.4645,27.980225974
37.4704,27.980019077
37.4764,27.980299895
37.4823,27.97998726
37.4882,27.980369503
37.4941,27.980137558
37.5,27.980501256
37.5059,27.9802756
37.5118,27.980467021
37.5177,27.980214208
37.5236,27.980587923
37.5296,27.980199215
37.5355,27.980626267
37.5414,27.980391795
37.5473,27.980641629
37.5532,27.980354486
37.5591,27.980752559
37.565,27.980482187
37.5709,27.980802162
37.5768,27.980525887
37.5827,27.980751479
37.5887,27.98054339
37.5946,27.98090241
37.6005,27.980577894
37.6064,27.980973252
37.6123,27.980719113
37.6182,27.980927893
37.6241,27.980548478
37.63,27.980883537
37.6359,27.980604438
37.6418,27.980938539
37.6478,27.980601752
37.6537,27.980796741
37.6596,27.980514386
37.6655,27.980821285
37.6714,27.980412719
37.6773,27.98077252
37.6832,27.980401792
37.6891,27.980647412
37.695,27.980187531
37.7009,27.980544014
37.7069,27.980252693
37.7128,27.980646206
37.7187,27.980391638
37.7246,27.980676275
37.7305,27.980475542
37.7364,27.980775373
37.7423,27.980509677
37.7482,27.98088583
37.7541,27.980688577
37.76,27.980924674
37.766,27.980632689
37.7719,27.981030234
37.7778,27.980807544
37.7837,27.981189705
37.7896,27.980901368
37.7955,27.981201525
37.8014,27.980914561
37.8073,27.98130747
37.8132,27.98091458
37.8191,27.981262488
37.8251,27.981005157
37.831,27.98124988
37.8369,27.980856985
37.8428,27.981178479
37.8487,27.980834225
37.8546,27.981221635
37.8605,27.980835186
37.8664,27.981107009
37.8723,27.980880672
37.8783,27.981215627
37.8842,27.980876851
37.8901,27.981207386
37.896,27.980938604
37.9019,27.981120077
37.9078,27.980762704
37.9137,27.981075831
37.9196,27.980757765
37.9255,27.981093708
37.9314,27.980687585
37.9374,27.980929455
37.9433,27.98071715
37.9492,27.981065013
37.9551,27.980801333
37.961,27.981162888
37.9669,27.980995086
37.9728,27.98128901
37.9787,27.980946692
37.9846,27.981339661
37.9905,27.981067122
37.9965,27.981459
38.0024,27.981138478
38.0083,27.981361205
38.0142,27.981089613
38.0201,27.981461044
38.026,27.98115942
38.0319,27.981491534
38.0378,27.981235881
38.0437,27.981476134
38.0496,27.981119354
38.0556,27.98143964
38.0615,27.981237236
38.0674,27.981610231
38.0733,27.98126285
38.0792,27.981519513
38.0851,27.981312865
38.091,27.981629009
38.0969,27.981272531
38.1028,27.981564068
38.1087,27.981332614
38.1147,27.981603286
38.1206,27.981248528
38.1265,27.981619304
38.1324,27.981361472
38.1383,27.981716521
38.1442,27.981372256
38.1501,27.981574559
38.156,27.981332289
38.1619,27.981577269
38.1678,27.981185377
38.1738,27.981462784
38.1797,27.981146701
38.1856,27.981360262
38.1915,27.981080064
38.1974,27.981409622
38.2033,27.981189164
38.2092,27.981597573
38.2151,27.981254374
38.221,27.981591159
38.227,27.981349271
38.2329,27.981611967
38.2388,27.981366581
38.2447,27.98173418
38.2506,27.981457129
38.2565,27.981782939
38.2624,27.981493225
38.2683,27.981840185
38.2742,27.981574394
38.2801,27.981996587
38.2861,27.981567821
38.292,27.981991307
38.2979,27.981650206
38.3038,27.982010143
38.3097,27.981680964
38.3156,27.982073833
38.3215,27.981769556
38.3274,27.982079344
38.3333,27.981747209
38.3392,27.982066616
38.3452,27.981729886
38.3511,27.982170275
38.357,27.981703173
38.3629,27.982037495
38.3688,27.981687475
38.3747,27.981960374
38.3806,27.981578813
38.3865,27.981950376
38.3924,27.981572931
38.3983,27.981859444
38.4043,27.981475116
38.4102,27.981770046
38.4161,27.98140577
38.422,27.981735976
38.4279,27.981386781
38.4338,27.981718577
38.4397,27.981542266
38.4456,27.981806933
38.4515,27.981532995
38.4574,27.981948071
38.4634,27.981685776
38.4693,27.982045202
38.4752,27.981717796
38.4811,27.982085312
38.487,27.981832872
38.4929,27.982246933
38.4988,27.981921172
38.5047,27.982263896
38.5106,27.982017777
38.5165,27.982277889
38.5225,27.981981983
38.5284,27.982388226
38.5343,27.98203783
38.5402,27.982318206
38.5461,27.982060255
38.552,27.982346946
38.5579,27.982022972
38.5638,27.982304032
38.5697,27.982017723
38.5757,27.982215198
38.5816,27.981924516
38.5875,27.982197008
38.5934,27.981932898
38.5993,27.982299869
38.6052,27.98200082
38.6111,27.982300879
38.617,27.981944107
38.6229,27.982210739
38.6288,27.981897375
38.6348,27.982272675
38.6407,27.981833081
38.6466,27.982102131
38.6525,27.98180911
38.6584,27.982027468
38.6643,27.981695401
38.6702,27.982114084
38.6761,27.98180137
38.682,27.982136458
38.6879,27.981930182
38.6939,27.982227283
38.6998,27.981939638
38.7057,27.982335113
38.7116,27.982046084
38.7175,27.982395188
38.7234,27.982139914
38.7293,27.982337491
38.7352,27.98210041
38.7411,27.98244172
38.747,27.982114452
38.753,27.98241343
38.7589,27.982213887
38.7648,27.982420385
38.7707,27.982165421
38.7766,27.982471563
38.7825,27.982223051
38.7884,27.982449129
38.7943,27.982246437
38.8002,27.982455785
38.8061,27.982178587
38.8121,27.982508396
38.818,27.982253777
38.8239,27.982527441
38.8298,27.982260471
38.8357,27.982442822
38.8416,27.982190795
38.8475,27.982512009
38.8534,27.982259535
38.8593,27.982528698
38.8652,27.982316013
38.8712,27.982527629
38.8771,27.982238124
38.883,27.982530563
38.8889,27.982211659
38.8948,27.982455745
38.9007,27.982117411
38.9066,27.982279542
38.9125,27.982008922
38.9184,27.982285222
38.9243,27.98196722
38.9303,27.982244681
38.9362,27.98201741
38.9421,27.982243531
38.948,27.981968437
38.9539,27.982322576
38.9598,27.98207455
38.9657,27.982376866
38.9716,27.982150046
38.9775,27.982458926
38.9835,27.982141937
38.9894,27.982494531
38.9953,27.982234748
39.0012,27.982567592
39.0071,27.982279982
39.013,27.982615096
39.0189,27.982290352
39.0248,27.982671454
39.0307,27.982331949
39.0366,27.982642918
39.0426,27.982423665
39.0485,27.982713005
39.0544,27.982417141
39.0603,27.982854823
39.0662,27.982533936
39.0721,27.982781618
39.078,27.982496085
39.0839,27.982770004
39.0898,27.982415741
39.0957,27.982741289
39.1017,27.982425249
39.1076,27.98271439
39.1135,27.982388501
39.1194,27.982595077
39.1253,27.98223593
39.1312,27.982571465
39.1371,27.982187996
39.143,27.982382027
39.1489,27.982067249
39.1548,27.982302281
39.1608,27.981907976
39.1667,27.982260346
39.1726,27.981999093
39.1785,27.982331577
39.1844,27.982055264
39.1903,27.982350835
39.1962,27.982089875
39.2021,27.982522008
39.208,27.982228622
39.2139,27.982493039
39.2199,27.982306538
39.2258,27.982598188
39.2317,27.982304365
39.2376,27.982647715
39.2435,27.982431493
39.2494,27.98275168
39.2553,27.982496902
39.2612,27.982757494
39.2671,27.982431444
39.273,27.982841032
39.279,27.982481642
39.2849,27.982697957
39.2908,27.982490599
39.2967,27.982760882
39.3026,27.982365255
39.3085,27.982752181
39.3144,27.982376887
39.3203,27.982665733
39.3262,27.982343874
39.3322,27.982576866
39.3381,27.982213919
39.344,27.982680367
39.3499,27.982281661
39.3558,27.982531298
39.3617,27.982241462
39.3676,27.982526476
39.3735,27.982179895
39.3794,27.982460524
39.3853,27.982120756
39.3913,27.982298833
39.3972,27.982004699
39.4031,27.982266381
39.409,27.981926438
39.4149,27.982362135
39.4208,27.982072411
39.4267,27.982331669
39.4326,27.982151403
39.4385,27.982503416
39.4444,27.982162875
39.4504,27.982544634
39.4563,27.982239919
39.4622,27.982528433
39.4681,27.982300378
39.474,27.982533414
39.4799,27.982248163
39.4858,27.982584031
39.4917,27.98233055
39.4976,27.982514527
39.5035,27.982299506
39.5095,27.982525014
39.5154,27.982221214
39.5213,27.982554641
39.5272,27.982280142
39.5331,27.982529622
39.539,27.982257741
39.5449,27.982513277
39.5508,27.982210009
39.5567,27.982576666
39.5626,27.982241208
39.5686,27.982389407
39.5745,27.982218297
39.5804,27.982495616
39.5863,27.982228368
39.5922,27.982501147
39.5981,27.982226665
39.604,27.982451948
39.6099,27.982225187
39.6158,27.982432252
39.6217,27.982140531
39.6277,27.982433442
39.6336,27.982045511
39.6395,27.9821893
39.6454,27.981999543
39.6513,27.982199579
39.6572,27.981845092
39.6631,27.982178785
39.669,27.981872337
39.6749,27.982157525
39.6809,27.981903257
39.6868,27.982082368
39.6927,27.981847503
39.6986,27.982235763
39.7045,27.981938303
39.7104,27.982203192
39.7163,27.982043923
39.7222,27.982224889
39.7281,27.981944376
39.734,27.982358551
39.74,27.982074202
39.7459,27.98235781
39.7518,27.982130053
39.7577,27.982336638
39.7636,27.982062189
39.7695,27.98244712
39.7754,27.982080171
39.7813,27.982309946
39.7872,27.982092682
39.7931,27.982404632
39.7991,27.982107746
39.805,27.982483544
39.8109,27.982142471
39.8168,27.982402448
39.8227,27.982142671
39.8286,27.982295344
39.8345,27.981965044
39.8404,27.982309138
39.8463,27.982035335
39.8522,27.982194886
39.8582,27.981954325
39.8641,27.982121343
39.87,27.98180438
39.8759,27.982084591
39.8818,27.981767622
39.8877,27.981930842
39.8936,27.981708628
39.8995,27.981857221
39.9054,27.981549151
39.9113,27.981739055
39.9173,27.981563536
39.9232,27.981749098
39.9291,27.981541268
39.935,27.981798145
39.9409,27.981548433
39.9468,27.981854395
39.9527,27.981623955
39.9586,27.981795685
39.9645,27.981641369
39.9704,27.981832933
39.9764,27.981659243
39.9823,27.981937271
39.9882,27.981827269
39.9941,27.981995416
40.0,27.981795909
40.0059,27.982100383
40.0118,27.981902785
40.0177,27.982147
40.0236,27.981878684
40.0296,27.982089686
40.0355,27.981828748
40.0414,27.981969641
40.0473,27.981646984
40.0532,27.982047118
40.0591,27.981746493
40.065,27.981903886
40.0709,27.981686817
40.0768,27.981931753
40.0827,27.98165921
40.0887,27.981882773
40.0946,27.981586054
40.1005,27.981825182
40.1064,27.981573193
40.1123,27.981813311
40.1182,27.98150403
40.1241,27.981809942
40.13,27.981588206
40.1359,27.981700282
40.1418,27.981469141
40.1478,27.981694015
40.1537,27.981384827
40.1596,27.98160164
40.1655,27.981303921
40.1714,27.981557813
40.1773,27.981318524
40.1832,27.98142627
40.1891,27.981272572
40.195,27.981568453
40.2009,27.981329252
40.2069,27.981469988
40.2128,27.981244575
40.2187,27.981434585
40.2246,27.981214278
40.2305,27.981438471
40.2364,27.981229182
40.2423,27.981427469
40.2482,27.981309697
40.2541,27.981394722
40.26,27.981354611
40.266,27.981519349
40.2719,27.981353347
40.2778,27.981465237
40.2837,27.981328355
40.2896,27.98155928
40.2955,27.981331222
40.3014,27.981460258
40.3073,27.981336316
40.3132,27.98144416
40.3191,27.981344694
40.3251,27.981474503
40.331,27.981316889
40.3369,27.981551846
40.3428,27.981346667
40.3487,27.981394198
40.3546,27.981334801
40.3605,27.98151391
40.3664,27.981236886
40.3723,27.98145715
40.3783,27.981251274
40.3842,27.981314002
40.3901,27.981122509
40.396,27.981238739
40.4019,27.981056153
40.4078,27.981260739
40.4137,27.980945042
40.4196,27.980993058
40.4255,27.980894044
40.4314,27.980984082
40.4374,27.980695731
40.4433,27.980844803
40.4492,27.980750133
40.4551,27.980841188
40.461,27.980709259
40.4669,27.980855492
40.4728,27.980769224
40.4787,27.980937048
40.4846,27.980717383
40.4905,27.980863432
40.4965,27.98087803
40.5024,27.980960952
40.5083,27.980792102
40.5142,27.981024864
40.5201,27.980947509
40.526,27.981077387
40.5319,27.981036532
40.5378,27.981136117
40.5437,27.981058215
40.5496,27.981289209
40.5556,27.981066325
40.5615,27.98112199
40.5674,27.98098841
40.5733,27.981124393
40.5792,27.980884211
40.5851,27.981119956
40.591,27.980886818
40.5969,27.98102783
40.6028,27.980905367
40.6087,27.980995218
40.6147,27.980767601
40.6206,27.981013264
40.6265,27.98077336
40.6324,27.980920038
40.6383,27.980756877
40.6442,27.98099187
40.6501,27.980769032
40.656,27.980964032
40.6619,27.980706864
40.6678,27.980865499
40.6738,27.980703764
40.6797,27.980793416
40.6856,27.980574011
40.6915,27.980718704
40.6974,27.980496428
40.7033,27.980607541
40.7092,27.980445259
40.7151,27.98052532
40.721,27.980436274
40.727,27.980559418
40.7329,27.980424759
40.7388,27.980515327
40.7447,27.980352409
40.7506,27.980515901
40.7565,27.98037759
40.7624,27.98059989
40.7683,27.980420665
40.7742,27.980614546
40.7801,27.98037651
40.7861,27.980688424
40.792,27.980479883
40.7979,27.980784157
40.8038,27.980688562
40.8097,27.980831805
40.8156,27.980690027
40.8215,27.980872366
40.8274,27.980692594
40.8333,27.980929409
40.8392,27.980748424
40.8452,27.980819323
40.8511,27.980765393
40.857,27.980939299
40.8629,27.980816791
40.8688,27.98089164
40.8747,27.980890565
40.8806,27.980990522
40.8865,27.980769165
40.8924,27.980939688
40.8983,27.980713675
40.9043,27.980874649
40.9102,27.980631879
40.9161,27.980757066
40.922,27.980582044
40.9279,27.980758479
40.9338,27.980564675
40.9397,27.980651705
40.9456,27.980577973
40.9515,27.980682709
40.9574,27.980395074
40.9634,27.980502891
40.9693,27.980296905
40.9752,27.980363022
40.9811,27.980172727
40.987,27.980181768
40.9929,27.979950497
40.9988,27.980128932
41.0047,27.979890157
41.0106,27.980026686
41.0165,27.979946001
41.0225,27.980038746
41.0284,27.979973067
41.0343,27.980171778
41.0402,27.979925435
41.0461,27.980222682
41.052,27.980057288
41.0579,27.980263623
41.0638,27.980052237
41.0697,27.98036067
41.0757,27.980219602
41.0816,27.980458041
41.0875,27.980251688
41.0934,27.980459918
41.0993,27.980244649
41.1052,27.980546282
41.1111,27.980303095
41.117,27.980533185
41.1229,27.980344388
41.1288,27.980550827
41.1348,27.980361212
41.1407,27.9806419
41.1466,27.980369959
41.1525,27.98052513
41.1584,27.980376125
41.1643,27.980569031
41.1702,27.980366567
41.1761,27.980567123
41.182,27.980348771
41.1879,27.980567685
41.1939,27.98036087
41.1998,27.980551399
41.2057,27.980352472
41.2116,27.980592235
41.2175,27.980300463
41.2234,27.980567843
41.2293,27.980330271
41.2352,27.980504443
41.2411,27.980196023
41.247,27.98045401
41.253,27.980127964
41.2589,27.98033162
41.2648,27.98001368
41.2707,27.980197628
41.2766,27.979974043
41.2825,27.980246705
41.2884,27.979961345
41.2943,27.980181303
41.3002,27.979893159
41.3061,27.980079425
41.3121,27.97978223
41.318,27.980077706
41.3239,27.979740105
41.3298,27.980040156
41.3357,27.979764182
41.3416,27.979926537
41.3475,27.979750922
41.3534,27.980049362
41.3593,27.979861466
41.3652,27.980139526
41.3712,27.98004042
41.3771,27.98027816
41.383,27.980076294
41.3889,27.980326396
41.3948,27.980105554
41.4007,27.980480864
41.4066,27.980189694
41.4125,27.980482525
41.4184,27.98032051
41.4243,27.980652136
41.4303,27.980410343
41.4362,27.980692066
41.4421,27.980543246
41.448,27.980727648
41.4539,27.980484746
41.4598,27.980740276
41.4657,27.980435898
41.4716,27.980707424
41.4775,27.980390431
41.4835,27.980589224
41.4894,27.980457469
41.4953,27.980732516
41.5012,27.98036542
41.5071,27.980693313
41.513,27.980446845
41.5189,27.98068117
41.5248,27.980455566
41.5307,27.980685952
41.5366,27.980338776
41.5426,27.980537182
41.5485,27.980222497
41.5544,27.980417505
41.5603,27.980132069
41.5662,27.980391156
41.5721,27.98005926
41.578,27.980275647
41.5839,27.979949267
41.5898,27.980205668
41.5957,27.979868131
41.6017,27.980074502
41.6076,27.979776395
41.6135,27.980124033
41.6194,27.979907614
41.6253,27.980199933
41.6312,27.979988383
41.6371,27.980335164
41.643,27.980108826
41.6489,27.980418613
41.6548,27.980218872
41.6608,27.980443925
41.6667,27.980307332
41.6726,27.980522885
41.6785,27.980396814
41.6844,27.980646992
41.6903,27.980492726
41.6962,27.980704883
41.7021,27.98059446
41.708,27.980824173
41.7139,27.980628651
41.7199,27.980844066
41.7258,27.980688625
41.7317,27.980871058
41.7376,27.980575321
41.7435,27.98087733
41.7494,27.980605016
41.7553,27.980905945
41.7612,27.980675741
41.7671,27.980890643
41.773,27.980644038
41.779,27.980911453
41.7849,27.980645698
41.7908,27.980890365
41.7967,27.980626267
41.8026,27.980827219
41.8085,27.980630679
41.8144,27.980821412
41.8203,27.980614337
41.8262,27.98079276
41.8322,27.980530546
41.8381,27.980608017
41.844,27.980344053
41.8499,27.980516806
41.8558,27.9801639
41.8617,27.980321142
41.8676,27.980019587
41.8735,27.980284117
41.8794,27.980062838
41.8853,27.980354457
41.8913,27.980133525
41.8972,27.980522782
41.9031,27.980212554
41.909,27.980441671
41.9149,27.980289694
41.9208,27.980687009
41.9267,27.980382863
41.9326,27.98073106
41.9385,27.980563507
41.9444,27.980809938
41.9504,27.980624783
41.9563,27.980912209
41.9622,27.98075003
41.9681,27.981063113
41.974,27.980814011
41.9799,27.981069711
41.9858,27.9808306
41.9917,27.981110837
41.9976,27.980849063
42.0035,27.981093359
42.0095,27.980871625
42.0154,27.981039399
42.0213,27.980799325
42.0272,27.981087627
42.0331,27.980904577
42.039,27.981103577
42.0449,27.980877112
42.0508,27.981097353
42.0567,27.980927331
42.0626,27.981188002
42.0686,27.980889618
42.0745,27.981142967
42.0804,27.980886348
42.0863,27.98103033
42.0922,27.980676897
42.0981,27.980858577
42.104,27.980613847
42.1099,27.980743874
42.1158,27.980495003
42.1217,27.980703698
42.1277,27.980552863
42.1336,27.980749607
42.1395,27.980440744
42.1454,27.980718041
42.1513,27.9805138
42.1572,27.980710233
42.1631,27.980539901
42.169,27.980918661
42.1749,27.980737015
42.1809,27.980963987
42.1868,27.980756594
42.1927,27.980921438
42.1986,27.980806696
42.2045,27.981061
42.2104,27.980857736
42.2163,27.981106991
42.2222,27.980953711
42.2281,27.981119498
42.234,27.98096423
42.24,27.981227286
42.2459,27.981030177
42.2518,27.981224185
42.2577,27.981046976
42.2636,27.98120491
42.2695,27.981069891
42.2754,27.981318027
42.2813,27.981041939
42.2872,27.981310594
42.2931,27.981105789
42.2991,27.981289682
42.305,27.981084832
42.3109,27.981332977
42.3168,27.981136342
42.3227,27.981307621
42.3286,27.981084115
42.3345,27.981254511
42.3404,27.981052045
42.3463,27.981194347
42.3522,27.980831106
42.3582,27.981009104
42.3641,27.980842226
42.37,27.981047645
42.3759,27.98086215
42.3818,27.981164776
42.3877,27.98092501
42.3936,27.981176982
42.3995,27.980939666
42.4054,27.981189533
42.4113,27.981051716
42.4173,27.981363605
42.4232,27.981077363
42.4291,27.981298546
42.435,27.981060705
42.4409,27.981296168
42.4468,27.981052605
42.4527,27.981302939
42.4586,27.980992916
42.4645,27.981241965
42.4704,27.981037936
42.4764,27.981139152
42.4823,27.981015548
42.4882,27.981253952
42.4941,27.981026816
42.5,27.981320503
42.5059,27.981167735
42.5118,27.981294577
42.5177,27.98119492
42.5236,27.981332251
42.5296,27.981126889
42.5355,27.981374164
42.5414,27.981155456
42.5473,27.981355364
42.5532,27.981238132
42.5591,27.981434148
42.565,27.981113563
42.5709,27.981303778
42.5768,27.981038665
42.5827,27.981145773
42.5887,27.980883088
42.5946,27.981054439
42.6005,27.980781127
42.6064,27.98104284
42.6123,27.980883937
42.6182,27.981070699
42.6241,27.981028126
42.63,27.981232299
42.6359,27.981004071
42.6418,27.98125756
42.6478,27.981055601
42.6537,27.981278289
42.6596,27.981180586
42.6655,27.981386791
42.6714,27.981186363
42.6773,27.981440498
42.6832,27.981256868
42.6891,27.981433398
42.695,27.981261772
42.7009,27.981544142
42.7069,27.981297736
42.7128,27.981493644
42.7187,27.981214375
42.7246,27.981462828
42.7305,27.981315905
42.7364,27.981513287
42.7423,27.98123724
42.7482,27.98152182
42.7541,27.981263786
42.76,27.981454348
42.766,27.981241713
42.7719,27.98147716
42.7778,27.981222201
42.7837,27.981512927
42.7896,27.981213709
42.7955,27.981437161
42.8014,27.981228807
42.8073,27.981424375
42.8132,27.981079482
42.8191,27.981306711
42.8251,27.980989593
42.831,27.981116994
42.8369,27.980891873
42.8428,27.981134911
42.8487,27.980956551
42.8546,27.981243378
42.8605,27.980940361
42.8664,27.981227336
42.8723,27.981076838
42.8783,27.981339098
42.8842,27.981114054
42.8901,27.981419182
42.896,27.981169832
42.9019,27.981440758
42.9078,27.98128298
42.9137,27.981529782
42.9196,27.981323073
42.9255,27.981576229
42.9314,27.98126277
42.9374,27.981447922
42.9433,27.981288012
42.9492,27.981530806
42.9551,27.981279618
42.961,27.981545205
42.9669,27.981213068
42.9728,27.981444484
42.9787,27.981257224
42.9846,27.981456162
42.9905,27.981201586
42.9965,27.981484892
43.0024,27.981197597
43.0083,27.981435806
43.0142,27.981241287
43.0201,27.981446613
43.026,27.981154469
43.0319,27.981360652
43.0378,27.981065595
43.0437,27.98123339
43.0496,27.980974832
43.0556,27.981173272
43.0615,27.980813424
43.0674,27.981073799
43.0733,27.980857043
43.0792,27.981049039
43.0851,27.980876321
43.091,27.981170593
43.0969,27.980947619
43.1028,27.981254798
43.1087,27.981090861
43.1147,27.981251499
43.1206,27.981099253
43.1265,27.981330005
43.1324,27.981168707
43.1383,27.9813866
43.1442,27.981153198
43.1501,27.981425543
43.156,27.981198633
43.1619,27.981446992
43.1678,27.981161874
43.1738,27.981417415
43.1797,27.981217179
43.1856,27.981351666
43.1915,27.981119979
43.1974,27.981391453
43.2033,27.98104325
43.2092,27.981306234
43.2151,27.981108112
43.221,27.981319612
43.227,27.981100458
43.2329,27.98130855
43.2388,27.981078945
43.2447,27.981264796
43.2506,27.981086474
43.2565,27.981201747
43.2624,27.980965744
43.2683,27.981196536
43.2742,27.980799431
43.2801,27.980967472
43.2861,27.9806711
43.292,27.980895067
43.2979,27.980720137
43.3038,27.980921603
43.3097,27.980723235
43.3156,27.981036756
43.3215,27.98082914
43.3274,27.981078155
43.3333,27.980880177
43.3392,27.981150491
43.3452,27.980917015
43.3511,27.981132567
43.357,27.980999783
43.3629,27.981168103
43.3688,27.981057228
43.3747,27.981206985
43.3806,27.980933293
43.3865,27.981171166
43.3924,27.980989154
43.3983,27.981196161
43.4043,27.980939527
43.4102,27.981114364
43.4161,27.980937579
43.422,27.981090994
43.4279,27.980866368
43.4338,27.981072334
43.4397,27.980869649
43.4456,27.981089007
43.4515,27.980761106
43.4574,27.981021932
43.4634,27.980915977
43.4693,27.980997774
43.4752,27.980774081
43.4811,27.980972553
43.487,27.980691381
43.4929,27.980875069
43.4988,27.980557417
43.5047,27.980728619
43.5106,27.980456275
43.5165,27.980682111
43.5225,27.98033982
43.5284,27.980700541
43.5343,27.980500682
43.5402,27.980621397
43.5461,27.980567965
43.552,27.980790928
43.5579,27.980557492
43.5638,27.98083047
43.5697,27.980548367
43.5757,27.980770138
43.5816,27.98061163
43.5875,27.980809772
43.5934,27.980563119
43.5993,27.980838801
43.6052,27.980594439
43.6111,27.980774314
43.617,27.980608568
43.6229,27.980775022
43.6288,27.980558015
43.6348,27.980833773
43.6407,27.980619079
43.6466,27.980752005
43.6525,27.980591619
43.6584,27.98070774
43.6643,27.980505735
43.6702,27.980731308
43.6761,27.980523808
43.682,27.980705946
43.6879,27.980513498
43.6939,27.980756447
43.6998,27.98040558
43.7057,27.980649972
43.7116,27.98032598
43.7175,27.980470059
43.7234,27.980263001
43.7293,27.980344385
43.7352,27.979998265
43.7411,27.980289186
43.747,27.980103804
43.753,27.980310684
43.7589,27.980091144
43.7648,27.980373798
43.7707,27.980121879
43.7766,27.980303599
43.7825,27.980116166
43.7884,27.980252863
43.7943,27.980076011
43.8002,27.980291018
43.8061,27.980056528
43.8121,27.980292516
43.818,27.980029442
43.8239,27.980221573
43.8298,27.980033
43.8357,27.980194172
43.8416,27.980014563
43.8475,27.980302047
43.8534,27.980060626
43.8593,27.980343269
43.8652,27.980112418
43.8712,27.980339136
43.8771,27.979993583
43.883,27.980358697
43.8889,27.980151029
43.8948,27.980323986
43.9007,27.980143197
43.9066,27.98038225
43.9125,27.980131707
43.9184,27.980456931
43.9243,27.980145911
43.9303,27.980389068
43.9362,27.980097558
43.9421,27.980374677
43.948,27.980069211
43.9539,27.980369205
43.9598,27.980136929
43.9657,27.980304764
43.9716,27.980052118
43.9775,27.980359105
43.9835,27.979975837
43.9894,27.980270778
43.9953,27.979972127
44.0012,27.980224098
44.0071,27.980062221
44.013,27.980227619
44.0189,27.979879954
44.0248,27.980225311
44.0307,27.979910408
44.0366,27.980171632
44.0426,27.979945886
44.0485,27.980185942
44.0544,27.979805996
44.0603,27.980124699
44.0662,27.979764537
44.0721,27.979978752
44.078,27.979794009
44.0839,27.979981342
44.0898,27.9796757
44.0957,27.980051377
44.1017,27.979703406
44.1076,27.979852858
44.1135,27.979587162
44.1194,27.979805152
44.1253,27.979571908
44.1312,27.979795401
44.1371,27.979591868
44.143,27.979802591
44.1489,27.979621994
44.1548,27.979902969
44.1608,27.979560649
44.1667,27.979920171
44.1726,27.979649054
44.1785,27.979857798
44.1844,27.979704155
44.1903,27.979925405
44.1962,27.979682095
44.2021,27.980030469
44.208,27.979734133
44.2139,27.980001043
44.2199,27.979737789
44.2258,27.980002861
44.2317,27.979677107
44.2376,27.980033371
44.2435,27.979821532
44.2494,27.979925132
44.2553,27.979737626
44.2612,27.980032626
44.2671,27.979662226
44.273,27.980023327
44.279,27.979716164
44.2849,27.979932059
44.2908,27.979680214
44.2967,27.979900998
44.3026,27.979538825
44.3085,27.979836048
44.3144,27.979593394
44.3203,27.979788317
44.3262,27.979568814
44.3322,27.979871094
44.3381,27.97951278
44.344,27.979777428
44.3499,27.979490103
44.3558,27.979724171
44.3617,27.979517603
44.3676,27.979639995
44.3735,27.979364572
44.3794,27.979683647
44.3853,27.979382843
44.3913,27.979672907
44.3972,27.979402897
44.4031,27.979670777
44.409,27.979411742
44.4149,27.979768321
44.4208,27.979507399
44.4267,27.979716932
44.4326,27.979553991
44.4385,27.979794786
44.4444,27.979542953
44.4504,27.97987921
44.4563,27.979510388
44.4622,27.979695384
44.4681,27.979498799
44.474,27.979776778
44.4799,27.979546158
44.4858,27.979764353
44.4917,27.979536397
44.4976,27.979772064
44.5035,27.979558367
44.5095,27.979811268
44.5154,27.979512033
44.5213,27.979787809
44.5272,27.979544116
44.5331,27.979725025
44.539,27.979605766
44.5449,27.979762907
44.5508,27.979532239
44.5567,27.979757518
44.5626,27.979518174
44.5686,27.979770122
44.5745,27.979541389
44.5804,27.979755155
44.5863,27.979447831
44.5922,27.97974105
44.5981,27.979541485
44.604,27.979693122
44.6099,27.979533099
44.6158,27.979780456
44.6217,27.979500506
44.6277,27.979786636
44.6336,27.979471206
44.6395,27.97969233
44.6454,27.979485341
44.6513,27.979638604
44.6572,27.979430629
44.6631,27.97958402
44.669,27.979350532
44.6749,27.979531555
44.6809,27.979394085
44.6868,27.979619559
44.6927,27.979310389
44.6986,27.979581671
44.7045,27.979325352
44.7104,27.979656797
44.7163,27.979448053
44.7222,27.979639625
44.7281,27.979388395
44.734,27.979701281
44.74,27.979458148
44.7459,27.979684137
44.7518,27.979515845
44.7577,27.979748874
44.7636,27.979444081
44.7695,27.97972241
44.7754,27.979521297
44.7813,27.979722347
44.7872,27.979523612
44.7931,27.979766539
44.7991,27.97960935
44.805,27.97985597
44.8109,27.979625401
44.8168,27.979793385
44.8227,27.97961105
44.8286,27.979919189
44.8345,27.979656765
44.8404,27.979819557
44.8463,27.979635947
44.8522,27.979878436
44.8582,27.979699984
44.8641,27.979987765
44.87,27.97965947
44.8759,27.979916173
44.8818,27.979635535
44.8877,27.979806043
44.8936,27.979596974
44.8995,27.97981393
44.9054,27.979503015
44.9113,27.979761667
44.9173,27.979417177
44.9232,27.979680794
44.9291,27.979314316
44.935,27.979614063
44.9409,27.97931856
44.9468,27.979648435
44.9527,27.979370119
44.9586,27.979569388
44.9645,27.979388398
44.9704,27.979742147
44.9764,27.979432025
44.9823,27.97976947
44.9882,27.979572993
44.9941,27.97980883
45.0,27.979589619
45.0059,27.979874745
45.0118,27.979618495
45.0177,27.979937746
45.0236,27.979682284
45.0296,27.97995286
45.0355,27.979770618
45.0414,27.980074595
45.0473,27.97979839
45.0532,27.980085065
45.0591,27.97978448
45.065,27.980048519
45.0709,27.979802788
45.0768,27.979970124
45.0827,27.979728258
45.0887,27.98001258
45.0946,27.979766886
45.1005,27.979990768
45.1064,27.979769281
45.1123,27.980000075
45.1182,27.979700195
45.1241,27.97993036
45.13,27.979794536
45.1359,27.979945774
45.1418,27.97975139
45.1478,27.980004985
45.1537,27.979726324
45.1596,27.980064258
45.1655,27.979803155
45.1714,27.980023976
45.1773,27.979773204
45.1832,27.980029201
45.1891,27.97970275
45.195,27.979937677
45.2009,27.979659385
45.2069,27.979957837
45.2128,27.979745922
45.2187,27.98008818
45.2246,27.979789544
45.2305,27.980064864
45.2364,27.979724889
45.2423,27.980022622
45.2482,27.979808811
45.2541,27.980060307
45.26,27.979743332
45.266,27.980039617
45.2719,27.97982621
45.2778,27.980138919
45.2837,27.979893632
45.2896,27.980205156
45.2955,27.979866116
45.3014,27.980206546
45.3073,27.97992832
45.3132,27.980145407
45.3191,27.980008267
45.3251,27.980251937
45.331,27.980019327
45.3369,27.980262732
45.3428,27.980010416
45.3487,27.980328311
45.3546,27.980054403
45.3605,27.980347748
45.3664,27.980075426
45.3723,27.980321767
45.3783,27.980111221
45.3842,27.98033717
45.3901,27.980186184
45.396,27.980479317
45.4019,27.980193233
45.4078,27.980464698
45.4137,27.98025141
45.4196,27.980475106
45.4255,27.980246966
45.4314,27.980459943
45.4374,27.980109307
45.4433,27.980307466
45.4492,27.980058874
45.4551,27.980283482
45.461,27.980048645
45.4669,27.980295197
45.4728,27.979960662
45.4787,27.980186883
45.4846,27.979919121
45.4905,27.980222633
45.4965,27.97999732
45.5024,27.980259218
45.5083,27.979959304
45.5142,27.980322823
45.5201,27.9799932
45.526,27.980272707
45.5319,27.980110789
45.5378,27.980428596
45.5437,27.980219207
45.5496,27.980459718
45.5556,27.980255864
45.5615,27.980543509
45.5674,27.980413505
45.5733,27.980739241
45.5792,27.980452786
45.5851,27.980805954
45.591,27.980547997
45.5969,27.980848292
45.6028,27.980704716
45.6087,27.980955932
45.6147,27.980700414
45.6206,27.980897077
45.6265,27.980647116
45.6324,27.980939691
45.6383,27.98074073
45.6442,27.980946808
45.6501,27.980710553
45.656,27.980959495
45.6619,27.980777449
45.6678,27.980868564
45.6738,27.980704201
45.6797,27.980944271
45.6856,27.98075085
45.6915,27.980940108
45.6974,27.980732971
45.7033,27.981018318
45.7092,27.980725182
45.7151,27.980914184
45.721,27.980607118
45.727,27.980829726
45.7329,27.980685161
45.7388,27.980787821
45.7447,27.980645991
45.7506,27.980866399
45.7565,27.980635415
45.7624,27.980786735
45.7683,27.980540586
45.7742,27.980758905
45.7801,27.980552796
45.7861,27.980743588
45.792,27.980556529
45.7979,27.980792748
45.8038,27.980635181
45.8097,27.980808779
45.8156,27.980641781
45.8215,27.980945356
45.8274,27.980717411
45.8333,27.980901102
45.8392,27.980727992
45.8452,27.980985628
45.8511,27.980809613
45.857,27.981100482
45.8629,27.980813751
45.8688,27.981120478
45.8747,27.98091304
45.8806,27.981196655
45.8865,27.981045953
45.8924,27.98135046
45.8983,27.981133604
45.9043,27.981417745
45.9102,27.981199539
45.9161,27.981471488
45.922,27.981310821
45.9279,27.981564166
45.9338,27.98132541
45.9397,27.981594909
45.9456,27.981324304
45.9515,27.981568445
45.9574,27.98135898
45.9634,27.981600953
45.9693,27.981353188
45.9752,27.981565508
45.9811,27.98144945
45.987,27.981648561
45.9929,27.981420466
45.9988,27.981659334
46.0047,27.981347483
46.0106,27.981596863
46.0165,27.981359052
46.0225,27.981524331
46.0284,27.981422756
46.0343,27.981623175
46.0402,27.981420083
46.0461,27.981659409
46.052,27.981377229
46.0579,27.981606499
46.0638,27.981420903
46.0697,27.981547302
46.0757,27.981374545
46.0816,27.981535597
46.0875,27.981300139
46.0934,27.981429304
46.0993,27.981231828
46.1052,27.981470068
46.1111,27.981288561
46.117,27.981445364
46.1229,27.981289724
46.1288,27.981465228
46.1348,27.981350511
46.1407,27.981495965
46.1466,27.981324567
46.1525,27.981538784
46.1584,27.981423174
46.1643,27.981631255
46.1702,27.981578119
46.1761,27.981778439
46.182,27.981575793
46.1879,27.981724517
46.1939,27.98156469
46.1998,27.981789284
46.2057,27.981747921
46.2116,27.981977746
46.2175,27.981733668
46.2234,27.982017966
46.2293,27.981820706
46.2352,27.982049031
46.2411,27.98183197
46.247,27.982102397
46.253,27.981836768
46.2589,27.982050149
46.2648,27.981795516
46.2707,27.982099247
46.2766,27.981914333
46.2825,27.982162697
46.2884,27.981842109
46.2943,27.982116858
46.3002,27.981886293
46.3061,27.982130683
46.3121,27.981935956
46.318,27.982236877
46.3239,27.981928576
46.3298,27.982121354
46.3357,27.981884882
46.3416,27.982120909
46.3475,27.981948507
46.3534,27.982225794
46.3593,27.981916239
46.3652,27.982183533
46.3712,27.981967077
46.3771,27.982115128
46.383,27.981905459
46.3889,27.98217976
46.3948,27.98185134
46.4007,27.982022747
46.4066,27.981782977
46.4125,27.981916049
46.4184,27.981717716
46.4243,27.981975438
46.4303,27.981723785
46.4362,27.982017193
46.4421,27.981798395
46.448,27.981973315
46.4539,27.981803518
46.4598,27.982038985
46.4657,27.981874265
46.4716,27.982096049
46.4775,27.981908664
46.4835,27.982131119
46.4894,27.981919546
46.4953,27.982207015
46.5012,27.982057995
46.5071,27.982251992
46.513,27.982073847
46.5189,27.982281385
46.5248,27.98214874
46.5307,27.982370605
46.5366,27.982146143
46.5426,27.982368981
46.5485,27.982264183
46.5544,27.982459474
46.5603,27.982300613
46.5662,27.982528911
46.5721,27.982312385
46.578,27.98252964
46.5839,27.982412474
46.5898,27.982533813
46.5957,27.982429224
46.6017,27.982631955
46.6076,27.982420941
46.6135,27.982628876
46.6194,27.982494664
46.6253,27.982614952
46.6312,27.982431979
46.6371,27.98267012
46.643,27.982438617
46.6489,27.982614988
46.6548,27.98239263
46.6608,27.982497033
46.6667,27.982326043
46.6726,27.982552018
46.6785,27.98228089
46.6844,27.982541056
46.6903,27.982362084
46.6962,27.982488527
46.7021,27.982340466
46.708,27.982596743
46.7139,27.982320199
46.7199,27.982515674
46.7258,27.982320647
46.7317,27.98243299
46.7376,27.982247767
46.7435,27.98244127
46.7494,27.982170438
46.7553,27.982312726
46.7612,27.982165261
46.7671,27.982285272
46.773,27.982175834
46.779,27.982398963
46.7849,27.982182356
46.7908,27.982359155
46.7967,27.982207119
46.8026,27.982388661
46.8085,27.982285812
46.8144,27.982464394
46.8203,27.982246978
46.8262,27.982449737
46.8322,27.982311553
46.8381,27.982500079
46.844,27.982404338
46.8499,27.98269612
46.8558,27.982414798
46.8617,27.982600473
46.8676,27.982444564
46.8735,27.982695902
46.8794,27.982551112
46.8853,27.98279817
46.8913,27.98256102
46.8972,27.982735223
46.9031,27.982619649
46.909,27.982722626
46.9149,27.98259354
46.9208,27.982834476
46.9267,27.982630832
46.9326,27.982765252
46.9385,27.982684704
46.9444,27.982795047
46.9504,27.982653303
46.9563,27.982872579
46.9622,27.982603292
46.9681,27.982816463
46.974,27.982723355
46.9799,27.982795018
46.9858,27.982635209
46.9917,27.982874399
46.9976,27.982613074
47.0035,27.982778663
47.0095,27.982676671
47.0154,27.982793187
47.0213,27.982638709
47.0272,27.982832175
47.0331,27.982530552
47.039,27.982689115
47.0449,27.982584004
47.0508,27.98268399
47.0567,27.982526346
47.0626,27.982680808
47.0686,27.982441277
47.0745,27.982491254
47.0804,27.982354104
47.0863,27.982357937
47.0922,27.982293368
47.0981,27.982415543
47.104,27.982280183
47.1099,27.982429976
47.1158,27.982376628
47.1217,27.982424785
47.1277,27.982290843
47.1336,27.982487687
47.1395,27.98236575
47.1454,27.982464077
47.1513,27.982460344
47.1572,27.98256902
47.1631,27.982548305
47.169,27.982674066
47.1749,27.982515961
47.1809,27.982672381
47.1868,27.98267274
47.1927,27.982726639
47.1986,27.982608964
47.2045,27.982784943
47.2104,27.982689489
47.2163,27.98275986
47.2222,27.982713351
47.2281,27.982809721
47.234,27.982754499
47.24,27.982873567
47.2459,27.982715188
47.2518,27.9828066
47.2577,27.98283953
47.2636,27.982893114
47.2695,27.98274691
47.2754,27.982905881
47.2813,27.982673756
47.2872,27.982746038
47.2931,27.982727832
47.2991,27.982779323
47.305,27.982660545
47.3109,27.982796416
47.3168,27.982543537
47.3227,27.982643608
47.3286,27.982654655
47.3345,27.982700772
47.3404,27.982594917
47.3463,27.982804839
47.3522,27.982580365
47.3582,27.982616621
47.3641,27.982504585
47.37,27.982611253
47.3759,27.982490657
47.3818,27.982617187
47.3877,27.982402619
47.3936,27.982466838
47.3995,27.982362484
47.4054,27.982392971
47.4113,27.982198214
47.4173,27.982362301
47.4232,27.982214398
47.4291,27.982333755
47.435,27.982259112
47.4409,27.982416638
47.4468,27.982254154
47.4527,27.982461823
47.4586,27.982204828
47.4645,27.982343094
47.4704,27.982332782
47.4764,27.982459097
47.4823,27.982280473
47.4882,27.98253597
47.4941,27.982332268
47.5,27.982441356
47.5059,27.982403265
47.5118,27.982494554
47.5177,27.98239605
47.5236,27.982545029
47.5296,27.982354891
47.5355,27.98245989
47.5414,27.982459405
47.5473,27.982554937
47.5532,27.982395824
47.5591,27.982587602
47.565,27.982398005
47.5709,27.982465097
47.5768,27.982449907
47.5827,27.98252493
47.5887,27.982401326
47.5946,27.982588963
47.6005,27.982416009
47.6064,27.982514837
47.6123,27.982459886
47.6182,27.982585629
47.6241,27.982446196
47.63,27.982589544
47.6359,27.982390918
47.6418,27.982509709
47.6478,27.982408188
47.6537,27.982502654
47.6596,27.982311606
47.6655,27.982488456
47.6714,27.982268102
47.6773,27.982356463
47.6832,27.982256885
47.6891,27.982394385
47.695,27.982205023
47.7009,27.982318241
47.7069,27.98215917
47.7128,27.98227389
47.7187,27.982154642
47.7246,27.982304519
47.7305,27.982069152
47.7364,27.982192494
47.7423,27.981938449
47.7482,27.982023078
47.7541,27.981836587
47.76,27.981935188
47.766,27.981846989
47.7719,27.982008533
47.7778,27.981792762
47.7837,27.982005539
47.7896,27.981886647
47.7955,27.981993865
47.8014,27.981789909
47.8073,27.982001643
47.8132,27.981809926
47.8191,27.982002455
47.8251,27.981871258
47.831,27.982087758
47.8369,27.981937215
47.8428,27.982134812
47.8487,27.98192996
47.8546,27.982115506
47.8605,27.981977134
47.8664,27.982104104
47.8723,27.981900061
47.8783,27.982106786
47.8842,27.981885558
47.8901,27.982051655
47.896,27.981882167
47.9019,27.981996847
47.9078,27.981824637
47.9137,27.981953005
47.9196,27.981693761
47.9255,27.981919033
47.9314,27.98177186
47.9374,27.981884872
47.9433,27.981670908
47.9492,27.981918595
47.9551,27.98170571
47.961,27.981866063
47.9669,27.981676567
47.9728,27.981850785
47.9787,27.981640705
47.9846,27.981811426
47.9905,27.981550757
47.9965,27.981846153
48.0024,27.981654035
48.0083,27.981752086
48.0142,27.981557077
48.0201,27.981787896
48.026,27.981544436
48.0319,27.981785991
48.0378,27.981603973
48.0437,27.981793181
48.0496,27.981605297
48.0556,27.981827291
48.0615,27.981586765
48.0674,27.98180777
48.0733,27.981651828
48.0792,27.981811
48.0851,27.98159836
48.091,27.98187182
48.0969,27.981602955
48.1028,27.981795667
48.1087,27.981574992
48.1147,27.981778691
48.1206,27.981562008
48.1265,27.981735477
48.1324,27.981467759
48.1383,27.981668529
48.1442,27.981477831
48.1501,27.981588366
48.156,27.981313439
48.1619,27.981581137
48.1678,27.981402253
48.1738,27.98156084
48.1797,27.981336031
48.1856,27.981553207
48.1915,27.981309684
48.1974,27.981475859
48.2033,27.981258338
48.2092,27.981480377
48.2151,27.98131565
48.221,27.981465174
48.227,27.981208688
48.2329,27.981513938
48.2388,27.981323644
48.2447,27.981459929
48.2506,27.981262755
48.2565,27.981478603
48.2624,27.981273939
48.2683,27.981503329
48.2742,27.981261785
48.2801,27.981535043
48.2861,27.981306043
48.292,27.981469384
48.2979,27.981202705
48.3038,27.981427876
48.3097,27.981218904
48.3156,27.981375666
48.3215,27.981065549
48.3274,27.981307107
48.3333,27.98109448
48.3392,27.981246496
48.3452,27.981011774
48.3511,27.981200223
48.357,27.981030991
48.3629,27.981184041
48.3688,27.980979362
48.3747,27.981208573
48.3806,27.98095043
48.3865,27.981157732
48.3924,27.980950812
48.3983,27.981155652
48.4043,27.980933889
48.4102,27.981160693
48.4161,27.980970736
48.422,27.981181712
48.4279,27.980978571
48.4338,27.981137963
48.4397,27.980965723
48.4456,27.981262205
48.4515,27.980948262
48.4574,27.981259501
48.4634,27.980947214
48.4693,27.981259789
48.4752,27.980983444
48.4811,27.981249832
48.487,27.980885034
48.4929,27.981217407
48.4988,27.980838495
48.5047,27.98109673
48.5106,27.98075408
48.5165,27.981086437
48.5225,27.980805594
48.5284,27.980957261
48.5343,27.980760083
48.5402,27.980985243
48.5461,27.980709722
48.552,27.980879498
48.5579,27.980626512
48.5638,27.980897407
48.5697,27.980685021
48.5757,27.980832669
48.5816,27.980618939
48.5875,27.980934423
48.5934,27.980680695
48.5993,27.980865572
48.6052,27.980643001
48.6111,27.98093825
48.617,27.980711693
48.6229,27.980876405
48.6288,27.980665365
48.6348,27.980979624
48.6407,27.980780312
48.6466,27.981042001
48.6525,27.980830652
48.6584,27.981085538
48.6643,27.980874818
48.6702,27.980938776
48.6761,27.980766657
48.682,27.980943153
48.6879,27.980699431
48.6939,27.980945754
48.6998,27.980620362
48.7057,27.980960135
48.7116,27.980681598
48.7175,27.980819062
48.7234,27.980662891
48.7293,27.980962058
48.7352,27.980598657
48.7411,27.980875163
48.747,27.980633885
48.753,27.980875265
48.7589,27.980681705
48.7648,27.98085141
48.7707,27.980557349
48.7766,27.980806431
48.7825,27.980569726
48.7884,27.980690285
48.7943,27.980461427
48.8002,27.980706384
48.8061,27.980404602
48.8121,27.980582172
48.818,27.980344557
48.8239,27.980541004
48.8298,27.980289665
48.8357,27.980484814
48.8416,27.980073387
48.8475,27.98036274
48.8534,27.980220654
48.8593,27.980289854
48.8652,27.980192701
48.8712,27.980454581
48.8771,27.980177307
48.883,27.980478805
48.8889,27.98026747
48.8948,27.980491993
48.9007,27.980337196
48.9066,27.980593494
48.9125,27.980315912
48.9184,27.980621859
48.9243,27.980424859
48.9303,27.980644982
48.9362,27.980458481
48.9421,27.98073076
48.948,27.980518058
48.9539,27.980717804
48.9598,27.980543762
48.9657,27.980765736
48.9716,27.980552732
48.9775,27.98079097
48.9835,27.98053564
48.9894,27.980778721
48.9953,27.980534904
49.0012,27.980700094
49.0071,27.980511107
49.013,27.98072706
49.0189,27.980482039
49.0248,27.980583989
49.0307,27.980388092
49.0366,27.980530612
49.0426,27.980382205
49.0485,27.980590979
49.0544,27.980350527
49.0603,27.980533022
49.0662,27.980342292
49.0721,27.980466284
49.078,27.980211671
49.0839,27.980388608
49.0898,27.98012723
49.0957,27.980251992
49.1017,27.980077542
49.1076,27.980075489
49.1135,27.97974498
49.1194,27.979905914
49.1253,27.979645044
49.1312,27.979948345
49.1371,27.979758247
49.143,27.979926962
49.1489,27.979706074
49.1548,27.980021018
49.1608,27.979808321
49.1667,27.979956992
49.1726,27.979884011
49.1785,27.980081423
49.1844,27.979914109
49.1903,27.980168242
49.1962,27.980011809
49.2021,27.980236764
49.208,27.980116889
49.2139,27.980311105
49.2199,27.980163877
49.2258,27.980437654
49.2317,27.980243597
49.2376,27.980478635
49.2435,27.98031172
49.2494,27.980519753
49.2553,27.980318929
49.2612,27.980490597
49.2671,27.980253334
49.273,27.980461072
49.279,27.980287456
49.2849,27.980457573
49.2908,27.980320329
49.2967,27.980587273
49.3026,27.980310334
49.3085,27.980501905
49.3144,27.980323132
49.3203,27.980509737
49.3262,27.980246864
49.3322,27.980427848
49.3381,27.980197572
49.344,27.980434216
49.3499,27.980241893
49.3558,27.980342226
49.3617,27.980115331
49.3676,27.980348127
49.3735,27.98009714
49.3794,27.980123191
49.3853,27.98000729
49.3913,27.980100251
49.3972,27.97984001
49.4031,27.979999671
49.409,27.979876308
49.4149,27.980031348
49.4208,27.980052361
49.4267,27.980108189
49.4326,27.980008464
49.4385,27.980306201
49.4444,27.980118684
49.4504,27.980246589
49.4563,27.980230189
49.4622,27.980345287
49.4681,27.980296244
49.474,27.980406399
49.4799,27.980316718
49.4858,27.980485361
49.4917,27.98043952
49.4976,27.980563826
49.5035,27.980478312
49.5095,27.980644413
49.5154,27.980404005
49.5213,27.980564797
49.5272,27.980507828
49.5331,27.980542643
49.539,27.980425034
49.5449,27.980571401
49.5508,27.9803718
49.5567,27.980604228
49.5626,27.980453484
49.5686,27.980565908
49.5745,27.980404349
49.5804,27.980518197
49.5863,27.980325018
49.5922,27.980415345
49.5981,27.980303268
49.604,27.980416887
49.6099,27.980293295
49.6158,27.980487506
49.6217,27.980152605
49.6277,27.980360011
49.6336,27.980199673
49.6395,27.980277141
49.6454,27.980082515
49.6513,27.980246154
49.6572,27.979944612
49.6631,27.980150422
49.669,27.980030649
49.6749,27.980235948
49.6809,27.980095094
49.6868,27.980359102
49.6927,27.980133338
49.6986,27.980439372
49.7045,27.980324213
49.7104,27.98051432
49.7163,27.980367583
49.7222,27.980696874
49.7281,27.980394142
49.734,27.98070396
49.74,27.980557175
49.7459,27.980831384
49.7518,27.980602384
49.7577,27.980896708
49.7636,27.980587725
49.7695,27.980898459
49.7754,27.980701519
49.7813,27.980911985
49.7872,27.980591614
49.7931,27.980886967
49.7991,27.980571743
49.805,27.980918646
49.8109,27.980739421
49.8168,27.980991017
49.8227,27.980755079
49.8286,27.980978836
49.8345,27.980672833
49.8404,27.98091844
49.8463,27.98066004
49.8522,27.980771023
49.8582,27.980600381
49.8641,27.980841278
49.87,27.980575886
49.8759,27.980814701
49.8818,27.980601817
49.8877,27.980735554
49.8936,27.980446463
49.8995,27.980643983
49.9054,27.980232643
49.9113,27.980375889
49.9173,27.980128362
49.9232,27.980384473
49.9291,27.980146299
49.935,27.980469665
49.9409,27.980225161
49.9468,27.980656724
49.9527,27.980411737
49.9586,27.98076816
49.9645,27.980606768
49.9704,27.980894588
49.9764,27.980686466
49.9823,27.980996556
49.9882,27.980844304
49.9941,27.98111586
50.0,27.980932136
50.0059,27.981186974
50.0118,27.98090294
50.0177,27.98124343
50.0236,27.981011973
50.0296,27.981231951
50.0355,27.981042568
50.0414,27.981309116
50.0473,27.980957852
50.0532,27.981253306
50.0591,27.980956706
50.065,27.981225642
50.0709,27.980902125
50.0768,27.981248542
50.0827,27.980953717
50.0887,27.981153747
50.0946,27.980923099
50.1005,27.981120914
50.1064,27.980804507
50.1123,27.981019753
50.1182,27.980703342
50.1241,27.980905018
50.13,27.980554209
50.1359,27.980657041
50.1418,27.98035088
50.1478,27.980574687
50.1537,27.980170464
50.1596,27.980440618
50.1655,27.980280786
50.1714,27.980620199
50.1773,27.980416785
50.1832,27.980726625
50.1891,27.980455689
50.195,27.98083238
50.2009,27.980618747
50.2069,27.980894108
50.2128,27.980723666
50.2187,27.981179149
50.2246,27.980858965
50.2305,27.981252854
50.2364,27.98098582
50.2423,27.981287663
50.2482,27.981043608
50.2541,27.981411663
50.26,27.981049409
50.266,27.981402119
50.2719,27.981131787
50.2778,27.981344219
50.2837,27.98118391
50.2896,27.981453336
50.2955,27.981193042
50.3014,27.981413013
50.3073,27.981197071
50.3132,27.981376333
50.3191,27.981150772
50.3251,27.981385698
50.331,27.981127978
50.3369,27.98138335
50.3428,27.981152571
50.3487,27.981403088
50.3546,27.981121984
50.3605,27.981430639
50.3664,27.9810067
50.3723,27.981249254
50.3783,27.980956532
50.3842,27.981121658
50.3901,27.980793966
50.396,27.981081128
50.4019,27.980735259
50.4078,27.980981165
50.4137,27.980747517
50.4196,27.981043929
50.4255,27.980781813
50.4314,27.981164444
50.4374,27.980799524
50.4433,27.981187637
50.4492,27.98097058
50.4551,27.981303409
50.461,27.981054765
50.4669,27.981423236
50.4728,27.981134383
50.4787,27.98151871
50.4846,27.981255836
50.4905,27.981480682
50.4965,27.981327514
50.5024,27.981573451
50.5083,27.981317932
50.5142,27.981574498
50.5201,27.981428824
50.526,27.981634279
50.5319,27.98140249
50.5378,27.981624285
50.5437,27.981359551
50.5496,27.981640994
50.5556,27.981371278
50.5615,27.981551183
50.5674,27.981386353
50.5733,27.981662556
50.5792,27.981279704
50.5851,27.981619523
50.591,27.981376072
50.5969,27.981619308
50.6028,27.9813
50.6087,27.981610363
50.6147,27.981180237
50.6206,27.981417805
50.6265,27.981088223
50.6324,27.981271346
50.6383,27.981066612
50.6442,27.98139751
50.6501,27.981035343
50.656,27.981417118
50.6619,27.981107756
50.6678,27.981373429
50.6738,27.981116006
50.6797,27.981439851
50.6856,27.981132327
50.6915,27.981513951
50.6974,27.981200226
50.7033,27.981469494
50.7092,27.981199047
50.7151,27.981525035
50.721,27.981131606
50.727,27.981464501
50.7329,27.981247709
50.7388,27.98148575
50.7447,27.981240375
50.7506,27.981603379
50.7565,27.981356769
50.7624,27.981627444
50.7683,27.981425737
50.7742,27.981698676
50.7801,27.981500688
50.7861,27.98180135
50.792,27.981494731
50.7979,27.981785893
50.8038,27.981568841
50.8097,27.981767744
50.8156,27.981496006
50.8215,27.98183106
50.8274,27.981443762
50.8333,27.981683282
50.8392,27.981366233
50.8452,27.981605761
50.8511,27.981260295
50.857,27.981521905
50.8629,27.981112291
50.8688,27.981433273
50.8747,27.981243244
50.8806,27.981434224
50.8865,27.981242653
50.8924,27.981585973
50.8983,27.981226269
50.9043,27.981579515
50.9102,27.981395741
50.9161,27.981605944
50.922,27.981429942
50.9279,27.981722537
50.9338,27.981372868
50.9397,27.981693791
50.9456,27.981476276
50.9515,27.981671403
50.9574,27.981415027
50.9634,27.981651111
50.9693,27.981323842
50.9752,27.981609166
50.9811,27.981372949
50.987,27.981577631
50.9929,27.981380163
50.9988,27.981721505
51.0047,27.981345469
51.0106,27.981708564
51.0165,27.981512175
51.0225,27.981740981
51.0284,27.981512659
51.0343,27.981838053
51.0402,27.981569248
51.0461,27.98190449
51.052,27.981655713
51.0579,27.981829881
51.0638,27.981621704
51.0697,27.981831949
51.0757,27.981430993
51.0816,27.981759342
51.0875,27.981382464
51.0934,27.981496962
51.0993,27.981194118
51.1052,27.981513041
51.1111,27.981199101
51.117,27.981542828
51.1229,27.981305657
51.1288,27.981661743
51.1348,27.981442493
51.1407,27.98167209
51.1466,27.981373298
51.1525,27.981722039
51.1584,27.981495574
51.1643,27.981721587
51.1702,27.981522776
51.1761,27.981828685
51.182,27.981456376
51.1879,27.981797716
51.1939,27.981406753
51.1998,27.981580919
51.2057,27.981278286
51.2116,27.981555355
51.2175,27.981205231
51.2234,27.981525176
51.2293,27.981230468
51.2352,27.981444569
51.2411,27.981176595
51.247,27.981448332
51.253,27.98115911
51.2589,27.981476931
51.2648,27.981244214
51.2707,27.981371608
51.2766,27.981248293
51.2825,27.981358182
51.2884,27.981091129
51.2943,27.981303377
51.3002,27.981031599
51.3061,27.981050158
51.3121,27.980860231
51.318,27.981021129
51.3239,27.980789768
51.3298,27.980989063
51.3357,27.980902918
51.3416,27.980996893
51.3475,27.980896106
51.3534,27.981128347
51.3593,27.980959047
51.3652,27.98127192
51.3712,27.981144347
51.3771,27.981300194
51.383,27.981211391
51.3889,27.98146496
51.3948,27.981267251
51.4007,27.981586518
51.4066,27.981410764
51.4125,27.981601877
51.4184,27.981468539
51.4243,27.98168506
51.4303,27.981353209
51.4362,27.981642837
51.4421,27.981453371
51.448,27.981528422
51.4539,27.981419016
51.4598,27.981732036
51.4657,27.981392602
51.4716,27.98167822
51.4775,27.981453797
51.4835,27.981662669
51.4894,27.981474809
51.4953,27.981681491
51.5012,27.981344634
51.5071,27.981641067
51.513,27.981397605
51.5189,27.981542321
51.5248,27.9813399
51.5307,27.981534079
51.5366,27.981165062
51.5426,27.981349342
51.5485,27.981150321
51.5544,27.981387357
51.5603,27.981119427
51.5662,27.981323125
51.5721,27.981005806
51.578,27.981244998
51.5839,27.980957383
51.5898,27.981048577
51.5957,27.980895661
51.6017,27.981160983
51.6076,27.980868584
51.6135,27.981008063
51.6194,27.980843425
51.6253,27.98106946
51.6312,27.980915559
51.6371,27.981161499
51.643,27.980904685
51.6489,27.981259822
51.6548,27.981071397
51.6608,27.981206214
51.6667,27.981035522
51.6726,27.981348337
51.6785,27.981015915
51.6844,27.981261774
51.6903,27.981236082
51.6962,27.981371446
51.7021,27.981210651
51.708,27.981504854
51.7139,27.981172309
51.7199,27.981372726
51.7258,27.981165139
51.7317,27.981229167
51.7376,27.981033351
51.7435,27.981238235
51.7494,27.980976234
51.7553,27.981273048
51.7612,27.981066958
51.7671,27.98129736
51.773,27.981013792
51.779,27.981299634
51.7849,27.981034114
51.7908,27.981279643
51.7967,27.981025026
51.8026,27.981095121
51.8085,27.980896491
51.8144,27.981163583
51.8203,27.980772059
51.8262,27.980941392
51.8322,27.980754592
51.8381,27.980924475
51.844,27.980551875
51.8499,27.980756304
51.8558,27.980490727
51.8617,27.980732962
51.8676,27.980425221
51.8735,27.980529539
51.8794,27.980312951
51.8853,27.980566415
51.8913,27.98024407
51.8972,27.980594691
51.9031,27.980402629
51.909,27.980600633
51.9149,27.980438899
51.9208,27.980706142
51.9267,27.980516275
51.9326,27.980848489
51.9385,27.980549762
51.9444,27.980777068
51.9504,27.980571778
51.9563,27.980893935
51.9622,27.980534564
51.9681,27.980855193
51.974,27.98066473
51.9799,27.980813367
51.9858,27.980602
51.9917,27.980836719
51.9976,27.980531089
52.0035,27.980834344
52.0095,27.980573292
52.0154,27.980779078
52.0213,27.980730831
52.0272,27.980943406
52.0331,27.980524892
52.039,27.980765133
52.0449,27.980633924
52.0508,27.980721993
52.0567,27.980450364
52.0626,27.980646981
52.0686,27.980515298
52.0745,27.980812486
52.0804,27.98054669
52.0863,27.980665515
52.0922,27.980544471
52.0981,27.980759031
52.104,27.980388383
52.1099,27.980666839
52.1158,27.980422803
52.1217,27.980532336
52.1277,27.980382227
52.1336,27.980539144
52.1395,27.98023522
52.1454,27.980576468
52.1513,27.980331298
52.1572,27.980504275
52.1631,27.980317957
52.169,27.980623269
52.1749,27.980324189
52.1809,27.980577061
52.1868,27.980484012
52.1927,27.980576079
52.1986,27.980470938
52.2045,27.980609846
52.2104,27.980349072
52.2163,27.980672153
52.2222,27.98049228
52.2281,27.980654022
52.234,27.980577615
52.24,27.980803455
52.2459,27.980506507
52.2518,27.980691221
52.2577,27.980594047
52.2636,27.980686909
52.2695,27.980521258
52.2754,27.98067605
52.2813,27.980470947
52.2872,27.980703208
52.2931,27.980465856
52.2991,27.980566759
52.305,27.980470461
52.3109,27.980571902
52.3168,27.980259229
52.3227,27.98048266
52.3286,27.980417746
52.3345,27.980454614
52.3404,27.98032024
52.3463,27.980525202
52.3522,27.980276397
52.3582,27.980524821
52.3641,27.980195333
52.37,27.980277513
52.3759,27.980203231
52.3818,27.980394002
52.3877,27.980061753
52.3936,27.980154642
52.3995,27.980087754
52.4054,27.980269724
52.4113,27.980130676
52.4173,27.980327902
52.4232,27.980102059
52.4291,27.980426818
52.435,27.980185531
52.4409,27.980293925
52.4468,27.980226729
52.4527,27.98038275
52.4586,27.98015793
52.4645,27.980474632
52.4704,27.980259476
52.4764,27.980470768
52.4823,27.980341927
52.4882,27.98045898
52.4941,27.98024972
52.5,27.980456168
52.5059,27.980226088
52.5118,27.980309311
52.5177,27.980300104
52.5236,27.980568813
52.5296,27.98025827
52.5355,27.980444055
52.5414,27.980360464
52.5473,27.980455479
52.5532,27.980263466
52.5591,27.980391878
52.565,27.980093551
52.5709,27.980411405
52.5768,27.98018661
52.5827,27.980259192
52.5887,27.980102242
52.5946,27.98040367
52.6005,27.979985297
52.6064,27.980255481
52.6123,27.980013091
52.6182,27.980113577
52.6241,27.979921953
52.63,27.980093743
52.6359,27.979834343
52.6418,27.980046178
52.6478,27.979861961
52.6537,27.980007644
52.6596,27.979982539
52.6655,27.980304261
52.6714,27.979974567
52.6773,27.980281601
52.6832,27.980206226
52.6891,27.980336952
52.695,27.980199709
52.7009,27.980476057
52.7069,27.980215503
52.7128,27.980601424
52.7187,27.980456716
52.7246,27.980560237
52.7305,27.980500185
52.7364,27.98075318
52.7423,27.980436863
52.7482,27.980767119
52.7541,27.980477191
52.76,27.980718575
52.766,27.980505239
52.7719,27.980807747
52.7778,27.980453224
52.7837,27.980754158
52.7896,27.980540295
52.7955,27.980613093
52.8014,27.980459677
52.8073,27.980628571
52.8132,27.980367405
52.8191,27.98056127
52.8251,27.98041336
52.831,27.980533825
52.8369,27.980376348
52.8428,27.980535943
52.8487,27.980220103
52.8546,27.980489601
52.8605,27.9802611
52.8664,27.980337872
52.8723,27.980161256
52.8783,27.98032107
52.8842,27.979946568
52.8901,27.980129414
52.896,27.979951259
52.9019,27.980024778
52.9078,27.979900636
52.9137,27.980147005
52.9196,27.979936858
52.9255,27.980241216
52.9314,27.980049142
52.9374,27.980301475
52.9433,27.980236659
52.9492,27.98046943
52.9551,27.980283438
52.961,27.980541406
52.9669,27.980463255
52.9728,27.980570755
52.9787,27.980429186
52.9846,27.98066396
52.9905,27.980449932
52.9965,27.9807234
53.0024,27.980510396
53.0083,27.98059068
53.0142,27.980465673
53.0201,27.980701065
53.026,27.980373241
53.0319,27.980590396
53.0378,27.980480136
53.0437,27.980573987
53.0496,27.980518194
53.0556,27.980676662
53.0615,27.980387488
53.0674,27.980681457
53.0733,27.980438092
53.0792,27.980589909
53.0851,27.980353483
53.091,27.980654727
53.0969,27.980413527
53.1028,27.980639901
53.1087,27.980385604
53.1147,27.980525985
53.1206,27.980295354
53.1265,27.980528948
53.1324,27.980146623
53.1383,27.980464297
53.1442,27.980206395
53.1501,27.980429972
53.156,27.980228001
53.1619,27.980475484
53.1678,27.980282509
53.1738,27.980597443
53.1797,27.980341057
53.1856,27.980549882
53.1915,27.980423129
53.1974,27.980669491
53.2033,27.98041684
53.2092,27.980752276
53.2151,27.980516701
53.221,27.980686959
53.227,27.98059933
53.2329,27.980819919
53.2388,27.980631246
53.2447,27.980829275
53.2506,27.980698075
53.2565,27.980745024
53.2624,27.980621356
53.2683,27.980778717
53.2742,27.980566494
53.2801,27.980835724
53.2861,27.980696823
53.292,27.980823675
53.2979,27.980745456
53.3038,27.980970496
53.3097,27.98064677
53.3156,27.98095049
53.3215,27.980666237
53.3274,27.980836977
53.3333,27.980623756
53.3392,27.980847278
53.3452,27.980599055
53.3511,27.98091677
53.357,27.9805742
53.3629,27.980750866
53.3688,27.980552799
53.3747,27.980794545
53.3806,27.980483095
53.3865,27.98072646
53.3924,27.980527653
53.3983,27.980644397
53.4043,27.980454396
53.4102,27.980759243
53.4161,27.980510559
53.422,27.98078834
53.4279,27.98057397
53.4338,27.980682364
53.4397,27.980553361
53.4456,27.980819924
53.4515,27.980531509
53.4574,27.980835312
53.4634,27.980608355
53.4693,27.980760444
53.4752,27.980596556
53.4811,27.98086907
53.487,27.980612087
53.4929,27.980922875
53.4988,27.980667623
53.5047,27.980850367
53.5106,27.980726724
53.5165,27.981037949
53.5225,27.980820068
53.5284,27.981115094
53.5343,27.980966393
53.5402,27.981110165
53.5461,27.980973248
53.552,27.981263454
53.5579,27.981052256
53.5638,27.981400143
53.5697,27.981170662
53.5757,27.981364179
53.5816,27.981211596
53.5875,27.981475149
53.5934,27.981182163
53.5993,27.981489267
53.6052,27.98130364
53.6111,27.981437206
53.617,27.981193504
53.6229,27.981397519
53.6288,27.981032519
53.6348,27.981355532
53.6407,27.98113089
53.6466,27.981304567
53.6525,27.981087494
53.6584,27.981363129
53.6643,27.981047704
53.6702,27.981382877
53.6761,27.981108036
53.682,27.981220161
53.6879,27.981011923
53.6939,27.981243688
53.6998,27.98087904
53.7057,27.981281137
53.7116,27.981035755
53.7175,27.981204529
53.7234,27.981015167
53.7293,27.981232045
53.7352,27.980892445
53.7411,27.98124954
53.747,27.981016091
53.753,27.981228291
53.7589,27.981094145
53.7648,27.981352709
53.7707,27.981035551
53.7766,27.981460981
53.7825,27.981233535
53.7884,27.981466122
53.7943,27.981266901
53.8002,27.981545673
53.8061,27.981146997
53.8121,27.981593436
53.818,27.98134511
53.8239,27.981549225
53.8298,27.981356842
53.8357,27.981604843
53.8416,27.981267678
53.8475,27.981687418
53.8534,27.981386855
53.8593,27.981564282
53.8652,27.981443401
53.8712,27.981648131
53.8771,27.981281101
53.883,27.981653955
53.8889,27.981467803
53.8948,27.98161725
53.9007,27.981432345
53.9066,27.981663828
53.9125,27.981310964
53.9184,27.981704794
53.9243,27.981433527
53.9303,27.981598174
53.9362,27.981446732
53.9421,27.981722763
53.948,27.981324232
53.9539,27.981682217
53.9598,27.981468094
53.9657,27.981638967
53.9716,27.981456187
53.9775,27.981673136
53.9835,27.981400331
53.9894,27.98182392
53.9953,27.981557146
54.0012,27.981710264
54.0071,27.981574892
54.013,27.981866457
54.0189,27.981548156
54.0248,27.981921058
54.0307,27.98164923
54.0366,27.981831421
54.0426,27.981689039
54.0485,27.981969813
54.0544,27.981626764
54.0603,27.98205431
54.0662,27.981737946
54.0721,27.981906405
54.078,27.981759244
54.0839,27.982017249
54.0898,27.981681391
54.0957,27.982008852
54.1017,27.981676683
54.1076,27.981929954
54.1135,27.981758275
54.1194,27.981967969
54.1253,27.981701678
54.1312,27.98204857
54.1371,27.981721191
54.143,27.981919948
54.1489,27.981715723
54.1548,27.981985568
54.1608,27.981695577
54.1667,27.982012756
54.1726,27.981699831
54.1785,27.981962416
54.1844,27.981755843
54.1903,27.981986275
54.1962,27.981702947
54.2021,27.982047407
54.208,27.981790145
54.2139,27.981991043
54.2199,27.981797157
54.2258,27.982079803
54.2317,27.981832629
54.2376,27.982196137
54.2435,27.981925373
54.2494,27.982184406
54.2553,27.981968181
54.2612,27.982210115
54.2671,27.981908687
54.273,27.982235284
54.279,27.981963499
54.2849,27.982172002
54.2908,27.981949214
54.2967,27.982185155
54.3026,27.981859815
54.3085,27.98222495
54.3144,27.981936267
54.3203,27.98221094
54.3262,27.981927145
54.3322,27.982243161
54.3381,27.981932835
54.344,27.982326788
54.3499,27.981973422
54.3558,27.982225956
54.3617,27.981963249
54.3676,27.982250619
54.3735,27.981890268
54.3794,27.982274406
54.3853,27.982010032
54.3913,27.982284024
54.3972,27.982012924
54.4031,27.982300815
54.409,27.981994763
54.4149,27.982422595
54.4208,27.982090192
54.4267,27.982353933
54.4326,27.982154526
54.4385,27.98245379
54.4444,27.982084557
54.4504,27.982498937
54.4563,27.98214845
54.4622,27.982454253
54.4681,27.9821645
54.474,27.982479755
54.4799,27.982044378
54.4858,27.982465376
54.4917,27.982109472
54.4976,27.982420228
54.5035,27.982107088
54.5095,27.982434208
54.5154,27.982070615
54.5213,27.982489496
54.5272,27.982131677
54.5331,27.982387237
54.539,27.982067335
54.5449,27.982365475
54.5508,27.981941695
54.5567,27.982434221
54.5626,27.982040006
54.5686,27.982411214
54.5745,27.982079339
54.5804,27.982430299
54.5863,27.982050642
54.5922,27.9825316
54.5981,27.982162068
54.604,27.982534165
54.6099,27.982214763
54.6158,27.982536348
54.6217,27.98218671
54.6277,27.982688944
54.6336,27.982270353
54.6395,27.982582032
54.6454,27.982301326
54.6513,27.982652363
54.6572,27.982267873
54.6631,27.982691971
54.669,27.982347097
54.6749,27.982636267
54.6809,27.982357047
54.6868,27.982671787
54.6927,27.982352552
54.6986,27.982769673
54.7045,27.982423255
54.7104,27.982731459
54.7163,27.982413436
54.7222,27.982709907
54.7281,27.982344202
54.734,27.982779691
54.74,27.982398425
54.7459,27.982697648
54.7518,27.982379809
54.7577,27.982642104
54.7636,27.982235042
54.7695,27.982653235
54.7754,27.98231023
54.7813,27.982656443
54.7872,27.982365944
54.7931,27.982687522
54.7991,27.982301996
54.805,27.982737599
54.8109,27.982314765
54.8168,27.982627945
54.8227,27.982315498
54.8286,27.982550669
54.8345,27.982118464
54.8404,27.982506183
54.8463,27.982102002
54.8522,27.982388204
54.8582,27.982062309
54.8641,27.982403047
54.87,27.982044865
54.8759,27.98241208
54.8818,27.982106829
54.8877,27.98237912
54.8936,27.982104479
54.8995,27.982459394
54.9054,27.982100359
54.9113,27.982575877
54.9173,27.982233051
54.9232,27.982534306
54.9291,27.982286448
54.935,27.982619453
54.9409,27.982252875
54.9468,27.982705471
54.9527,27.982356095
54.9586,27.982617839
54.9645,27.982358874
54.9704,27.982709283
54.9764,27.982257392
54.9823,27.982714607
54.9882,27.982308682
54.9941,27.982619116
55.0,27.982277076
55.0059,27.982632173
55.0118,27.982211828
55.0177,27.98268309
55.0236,27.982280157
55.0296,27.982580163
55.0355,27.982242565
55.0414,27.982615201
55.0473,27.98214394
55.0532,27.982625935
55.0591,27.982267281
55.065,27.98258102
55.0709,27.982233308
55.0768,27.982587675
55.0827,27.982186251
55.0887,27.982624252
55.0946,27.982266184
55.1005,27.982605956
55.1064,27.982225888
55.1123,27.982641518
55.1182,27.982196985
55.1241,27.982660528
55.13,27.982349568
55.1359,27.982741533
55.1418,27.982361965
55.1478,27.982747112
55.1537,27.982352403
55.1596,27.982781772
55.1655,27.982426639
55.1714,27.982750262
55.1773,27.982441057
55.1832,27.982802848
55.1891,27.982408169
55.195,27.982825539
55.2009,27.982495209
55.2069,27.982782889
55.2128,27.98242115
55.2187,27.982796946
55.2246,27.982389768
55.2305,27.98279507
55.2364,27.982449687
55.2423,27.98270403
55.2482,27.982449136
55.2541,27.982778335
55.26,27.982395294
55.266,27.982784131
55.2719,27.982476739
55.2778,27.982726232
55.2837,27.982414389
55.2896,27.982725262
55.2955,27.982420916
55.3014,27.982741165
55.3073,27.982431042
55.3132,27.982655485
55.3191,27.982386454
55.3251,27.982679999
55.331,27.982304937
55.3369,27.982619119
55.3428,27.982385319
55.3487,27.982581154
55.3546,27.982308117
55.3605,27.982610172
55.3664,27.982350874
55.3723,27.982723725
55.3783,27.982412153
55.3842,27.982604946
55.3901,27.98235005
55.396,27.982637773
55.4019,27.982283093
55.4078,27.982623832
55.4137,27.9823674
55.4196,27.982541285
55.4255,27.982284321
55.4314,27.982521813
55.4374,27.982260835
55.4433,27.982576075
55.4492,27.982338469
55.4551,27.98253118
55.461,27.982274331
55.4669,27.982592706
55.4728,27.982211429
55.4787,27.982580512
55.4846,27.982310993
55.4905,27.982589339
55.4965,27.982316932
55.5024,27.98262867
55.5083,27.982256984
55.5142,27.982672271
55.5201,27.982361836
55.526,27.982588952
55.5319,27.982364924
55.5378,27.982648429
55.5437,27.982305331
55.5496,27.982590556
55.5556,27.982324438
55.5615,27.982551605
55.5674,27.982231946
55.5733,27.982592291
55.5792,27.982211163
55.5851,27.982600207
55.591,27.982297086
55.5969,27.982564785
55.6028,27.982264878
55.6087,27.982569793
55.6147,27.982153686
55.6206,27.982472263
55.6265,27.982182502
55.6324,27.9823624
55.6383,27.982068863
55.6442,27.982362905
55.6501,27.981964632
55.656,27.982312633
55.6619,27.982020756
55.6678,27.982244677
55.6738,27.981899252
55.6797,27.982281378
55.6856,27.981832507
55.6915,27.982207563
55.6974,27.981889653
55.7033,27.982092153
55.7092,27.98178961
55.7151,27.982165377
55.721,27.981784697
55.727,27.982139806
55.7329,27.981825227
55.7388,27.982069212
55.7447,27.981761578
55.7506,27.982127264
55.7565,27.981765837
55.7624,27.98217069
55.7683,27.981868631
55.7742,27.982121881
55.7801,27.981830231
55.7861,27.982149035
55.792,27.981825498
55.7979,27.98215686
55.8038,27.981864183
55.8097,27.982085766
55.8156,27.981859182
55.8215,27.982171573
55.8274,27.981805559
55.8333,27.982202429
55.8392,27.981869668
55.8452,27.982074218
55.8511,27.981872875
55.857,27.982178871
55.8629,27.981788807
55.8688,27.982194048
55.8747,27.981895903
55.8806,27.982171933
55.8865,27.981929432
55.8924,27.982206383
55.8983,27.981904923
55.9043,27.982236498
55.9102,27.981888306
55.9161,27.982091285
55.922,27.981907339
55.9279,27.982209096
55.9338,27.981756063
55.9397,27.982089409
55.9456,27.981798545
55.9515,27.982085818
55.9574,27.981800971
55.9634,27.982061369
55.9693,27.981698595
55.9752,27.982082488
55.9811,27.981681576
55.987,27.981859702
55.9929,27.981681931
55.9988,27.981951631
56.0047,27.981588881
56.0106,27.981895541
56.0165,27.981633831
56.0225,27.981864786
56.0284,27.981595935
56.0343,27.981788842
56.0402,27.981439539
56.0461,27.981721875
56.052,27.981371619
56.0579,27.981532632
56.0638,27.981310953
56.0697,27.981605921
56.0757,27.981194964
56.0816,27.98147803
56.0875,27.981189416
56.0934,27.981452878
56.0993,27.981336332
56.1052,27.981548329
56.1111,27.981234917
56.117,27.981634858
56.1229,27.981306195
56.1288,27.981573741
56.1348,27.98135381
56.1407,27.981574598
56.1466,27.981328686
56.1525,27.981609175
56.1584,27.981335559
56.1643,27.981540309
56.1702,27.981393623
56.1761,27.981542104
56.182,27.981245425
56.1879,27.981561236
56.1939,27.981254959
56.1998,27.981401362
56.2057,27.981227479
56.2116,27.981435324
56.2175,27.981133598
56.2234,27.981408295
56.2293,27.981158157
56.2352,27.981334871
56.2411,27.981148961
56.247,27.981320888
56.253,27.98103444
56.2589,27.981319336
56.2648,27.981075487
56.2707,27.981197236
56.2766,27.981017209
56.2825,27.981244193
56.2884,27.980957078
56.2943,27.981194662
56.3002,27.981001049
56.3061,27.981158349
56.3121,27.980928803
56.318,27.981140546
56.3239,27.980870821
56.3298,27.981188981
56.3357,27.980920087
56.3416,27.981113719
56.3475,27.980956523
56.3534,27.981200066
56.3593,27.980936428
56.3652,27.981190789
56.3712,27.980932131
56.3771,27.981154553
56.383,27.981047211
56.3889,27.98120182
56.3948,27.980991147
56.4007,27.981243111
56.4066,27.981014479
56.4125,27.981199917
56.4184,27.981033256
56.4243,27.981204356
56.4303,27.980949397
56.4362,27.981190702
56.4421,27.980979205
56.448,27.981201616
56.4539,27.981008598
56.4598,27.981187652
56.4657,27.980946257
56.4716,27.981186852
56.4775,27.980963158
56.4835,27.981120426
56.4894,27.980950042
56.4953,27.98116151
56.5012,27.980888528
56.5071,27.981104868
56.513,27.980977246
56.5189,27.981078369
56.5248,27.980905638
56.5307,27.981105617
56.5366,27.980869055
56.5426,27.981055026
56.5485,27.980836565
56.5544,27.981023397
56.5603,27.980797834
56.5662,27.981037605
56.5721,27.980631802
56.578,27.980912211
56.5839,27.980724576
56.5898,27.980876581
56.5957,27.980673398
56.6017,27.980838954
56.6076,27.980498787
56.6135,27.980695884
56.6194,27.980484199
56.6253,27.980638326
56.6312,27.980364662
56.6371,27.980617528
56.643,27.980313335
56.6489,27.98061915
56.6548,27.980433513
56.6608,27.980534551
56.6667,27.980448909
56.6726,27.980690079
56.6785,27.980448532
56.6844,27.980688604
56.6903,27.980455544
56.6962,27.98068188
56.7021,27.980554591
56.708,27.980737052
56.7139,27.980496186
56.7199,27.980749086
56.7258,27.98052679
56.7317,27.98066418
56.7376,27.980565476
56.7435,27.98075012
56.7494,27.980435639
56.7553,27.980766337
56.7612,27.980520858
56.7671,27.980633928
56.773,27.980420965
56.779,27.980695602
56.7849,27.980470549
56.7908,27.980729854
56.7967,27.980430974
56.8026,27.980659533
56.8085,27.980496368
56.8144,27.98069008
56.8203,27.980470185
56.8262,27.980623748
56.8322,27.98049991
56.8381,27.980528122
56.844,27.980396372
56.8499,27.980672228
56.8558,27.980466863
56.8617,27.98056232
56.8676,27.980448353
56.8735,27.980614785
56.8794,27.980457781
56.8853,27.980649022
56.8913,27.980476237
56.8972,27.980649629
56.9031,27.980527655
56.909,27.980562717
56.9149,27.980440056
56.9208,27.980672888
56.9267,27.980432048
56.9326,27.980626352
56.9385,27.980456931
56.9444,27.9805633
56.9504,27.980363196
56.9563,27.980509654
56.9622,27.98038392
56.9681,27.98053228
56.974,27.980302401
56.9799,27.980449371
56.9858,27.980333524
56.9917,27.980606676
56.9976,27.980320336
57.0035,27.980451877
57.0095,27.980345826
57.0154,27.980480019
57.0213,27.980284601
57.0272,27.980464868
57.0331,27.980337145
57.039,27.98054001
57.0449,27.980341234
57.0508,27.980476042
57.0567,27.980319809
57.0626,27.980523222
57.0686,27.980361163
57.0745,27.980486184
57.0804,27.980397557
57.0863,27.980533409
57.0922,27.9803053
57.0981,27.98054126
57.104,27.980325708
57.1099,27.980546896
57.1158,27.98025894
57.1217,27.98037524
57.1277,27.980257837
57.1336,27.980455477
57.1395,27.980261429
57.1454,27.980366465
57.1513,27.980206563
57.1572,27.980384914
57.1631,27.980199466
57.169,27.980423228
57.1749,27.980172908
57.1809,27.980397375
57.1868,27.98020877
57.1927,27.980377718
57.1986,27.980254937
57.2045,27.980417949
57.2104,27.980301471
57.2163,27.980490332
57.2222,27.980346312
57.2281,27.980510921
57.234,27.980413087
57.24,27.980505144
57.2459,27.98050237
57.2518,27.980607896
57.2577,27.980502401
57.2636,27.98047587
57.2695,27.980421666
57.2754,27.980522077
57.2813,27.980384706
57.2872,27.980491062
57.2931,27.980381583
57.2991,27.980471524
57.305,27.98032622
57.3109,27.980491816
57.3168,27.980356806
57.3227,27.980468463
57.3286,27.98033919
57.3345,27.980429001
57.3404,27.980384892
57.3463,27.980527889
57.3522,27.980290233
57.3582,27.9805288
57.3641,27.980340296
57.37,27.980482284
57.3759,27.980373885
57.3818,27.980546956
57.3877,27.98034735
57.3936,27.980532261
57.3995,27.980396684
57.4054,27.980494215
57.4113,27.980393079
57.4173,27.980560742
57.4232,27.980344093
57.4291,27.980552977
57.435,27.980490105
57.4409,27.980504096
57.4468,27.980494366
57.4527,27.980616628
57.4586,27.980455439
57.4645,27.980589588
57.4704,27.980523043
57.4764,27.980555558
57.4823,27.980504723
57.4882,27.980581819
57.4941,27.980452876
57.5,27.980615028
57.5059,27.980482697
57.5118,27.980538689
57.5177,27.980529165
57.5236,27.980620907
57.5296,27.980467611
57.5355,27.980664415
57.5414,27.980529527
57.5473,27.98061881
57.5532,27.980515445
57.5591,27.980603353
57.565,27.980414721
57.5709,27.980577684
57.5768,27.980464924
57.5827,27.980560022
57.5887,27.980437075
57.5946,27.980479102
57.6005,27.980372818
57.6064,27.980506934
57.6123,27.980401309
57.6182,27.980382428
57.6241,27.980377246
57.63,27.98043948
57.6359,27.980357885
57.6418,27.980474628
57.6478,27.980402298
57.6537,27.980449621
57.6596,27.980439625
57.6655,27.980466708
57.6714,27.980375415
57.6773,27.980522805
57.6832,27.980469225
57.6891,27.980418809
57.695,27.980450465
57.7009,27.980578062
57.7069,27.980471444
57.7128,27.980592523
57.7187,27.980589991
57.7246,27.980571459
57.7305,27.980568813
57.7364,27.980614245
57.7423,27.980563699
57.7482,27.980742561
57.7541,27.980653524
57.76,27.980654861
57.766,27.980674645
57.7719,27.980805851
57.7778,27.98064126
57.7837,27.980817379
57.7896,27.980764288
57.7955,27.980868387
57.8014,27.980880432
57.8073,27.980929992
57.8132,27.980853079
57.8191,27.980999796
57.8251,27.980952802
57.831,27.980941048
57.8369,27.980958921
57.8428,27.981097856
57.8487,27.980959452
57.8546,27.981074793
57.8605,27.980998126
57.8664,27.981016669
57.8723,27.98102532
57.8783,27.981085582
57.8842,27.980960956
57.8901,27.981144577
57.896,27.981001694
57.9019,27.980976547
57.9078,27.980933626
57.9137,27.981022014
57.9196,27.980854424
57.9255,27.981074438
57.9314,27.980887609
57.9374,27.980962106
57.9433,27.980850997
57.9492,27.980952988
57.9551,27.980797914
57.961,27.980952984
57.9669,27.980816592
57.9728,27.980835551
57.9787,27.980734791
57.9846,27.980860779
57.9905,27.98072834
57.9965,27.980864755
58.0024,27.98082408
58.0083,27.980884317
58.0142,27.980854703
58.0201,27.980989667
58.026,27.980835719
58.0319,27.981035573
58.0378,27.980912398
58.0437,27.980984175
58.0496,27.980944264
58.0556,27.981183455
58.0615,27.980939097
58.0674,27.981156867
58.0733,27.981096672
58.0792,27.981245389
58.0851,27.981140136
58.091,27.981272622
58.0969,27.981067813
58.1028,27.981309641
58.1087,27.981192376
58.1147,27.981220801
58.1206,27.981141533
58.1265,27.981328105
58.1324,27.981151094
58.1383,27.981366482
58.1442,27.981216044
58.1501,27.981362514
58.156,27.98123846
58.1619,27.981431611
58.1678,27.981245496
58.1738,27.981427349
58.1797,27.981272437
58.1856,27.98129236
58.1915,27.981129876
58.1974,27.981357026
58.2033,27.981180435
58.2092,27.981334927
58.2151,27.981179983
58.221,27.981291073
58.227,27.981085289
58.2329,27.981195439
58.2388,27.980921699
58.2447,27.981011264
58.2506,27.980869938
58.2565,27.980931784
58.2624,27.98079889
58.2683,27.980915071
58.2742,27.980733286
58.2801,27.980865778
58.2861,27.98078065
58.292,27.980937167
58.2979,27.98084873
58.3038,27.981082599
58.3097,27.980885524
58.3156,27.981189208
58.3215,27.981118126
58.3274,27.981246415
58.3333,27.98107896
58.3392,27.981412288
58.3452,27.98123806
58.3511,27.981500862
58.357,27.981359407
58.3629,27.981597987
58.3688,27.981377659
58.3747,27.981596608
58.3806,27.981345746
58.3865,27.981555647
58.3924,27.981363073
58.3983,27.981610089
58.4043,27.981476891
58.4102,27.981724643
58.4161,27.981412121
58.422,27.981718919
58.4279,27.981484996
58.4338,27.981589022
58.4397,27.981429987
58.4456,27.98168583
58.4515,27.981376846
58.4574,27.981609814
58.4634,27.981455309
58.4693,27.981573699
58.4752,27.981355174
58.4811,27.981473485
58.487,27.981206271
58.4929,27.981355489
58.4988,27.981160101
58.5047,27.981198575
58.5106,27.980984205
58.5165,27.981114189
58.5225,27.98078932
58.5284,27.980984784
58.5343,27.980967842
58.5402,27.981200965
58.5461,27.981089744
58.552,27.981358717
58.5579,27.981257421
58.5638,27.981493792
58.5697,27.98135563
58.5757,27.981498864
58.5816,27.981441695
58.5875,27.98169453
58.5934,27.98148049
58.5993,27.98169714
58.6052,27.981585342
58.6111,27.981763589
58.617,27.981554714
58.6229,27.981710091
58.6288,27.981491656
58.6348,27.981702844
58.6407,27.981492011
58.6466,27.981683947
58.6525,27.981496351
58.6584,27.98179751
58.6643,27.981494608
58.6702,27.981682123
58.6761,27.981513226
58.682,27.981731151
58.6879,27.981474422
58.6939,27.981742035
58.6998,27.981437772
58.7057,27.981683534
58.7116,27.981468348
58.7175,27.981571121
58.7234,27.981358283
58.7293,27.981572082
58.7352,27.98120157
58.7411,27.981427155
58.747,27.981154427
58.753,27.981261781
58.7589,27.981033816
58.7648,27.981243444
58.7707,27.981029818
58.7766,27.98126407
58.7825,27.981115562
58.7884,27.981316125
58.7943,27.981157761
58.8002,27.981449042
58.8061,27.981200131
58.8121,27.981509748
58.818,27.981367757
58.8239,27.981541621
58.8298,27.981317029
58.8357,27.981594254
58.8416,27.981413576
58.8475,27.98164802
58.8534,27.981483034
58.8593,27.981593699
58.8652,27.981456067
58.8712,27.981692395
58.8771,27.981340507
58.883,27.981581597
58.8889,27.981426289
58.8948,27.981521762
58.9007,27.981336274
58.9066,27.981525177
58.9125,27.981343374
58.9184,27.981627031
58.9243,27.981408407
58.9303,27.981483278
58.9362,27.981337245
58.9421,27.981459335
58.948,27.981252318
58.9539,27.981404748
58.9598,27.98125266
58.9657,27.981405249
58.9716,27.981168397
58.9775,27.981315609
58.9835,27.981029123
58.9894,27.981214486
58.9953,27.980964303
59.0012,27.981043136
59.0071,27.98082239
59.013,27.981042826
59.0189,27.980899863
59.0248,27.981149317
59.0307,27.981058574
59.0366,27.981191256
59.0426,27.981004512
59.0485,27.981263728
59.0544,27.981049968
59.0603,27.981322932
59.0662,27.981201783
59.0721,27.981318005
59.078,27.981193927
59.0839,27.981452585
59.0898,27.981163715
59.0957,27.981379383
59.1017,27.981215378
59.1076,27.981382937
59.1135,27.981177027
59.1194,27.981290212
59.1253,27.981083215
59.1312,27.981305509
59.1371,27.98114575
59.143,27.981259097
59.1489,27.981064974
59.1548,27.981391944
59.1608,27.981128951
59.1667,27.981379193
59.1726,27.981118228
59.1785,27.981232813
59.1844,27.981114853
59.1903,27.981226761
59.1962,27.980995693
59.2021,27.981226482
59.208,27.98100748
59.2139,27.981186467
59.2199,27.980960119
59.2258,27.981124231
59.2317,27.98090532
59.2376,27.980988695
59.2435,27.980780915
59.2494,27.980875625
59.2553,27.980633956
59.2612,27.980807298
59.2671,27.980572488
59.273,27.980864465
59.279,27.980733303
59.2849,27.980830585
59.2908,27.980739204
59.2967,27.98094102
59.3026,27.980737004
59.3085,27.980891041
59.3144,27.98076161
59.3203,27.980915843
59.3262,27.98085065
59.3322,27.980982988
59.3381,27.980819754
59.344,27.980987174
59.3499,27.980848702
59.3558,27.980928714
59.3617,27.980746547
59.3676,27.980951324
59.3735,27.980713731
59.3794,27.980914588
59.3853,27.980774081
59.3913,27.980862776
59.3972,27.980817876
59.4031,27.980935773
59.409,27.980712522
59.4149,27.980885651
59.4208,27.980713201
59.4267,27.980839738
59.4326,27.980654557
59.4385,27.980923999
59.4444,27.980572177
59.4504,27.980809004
59.4563,27.980548817
59.4622,27.980765932
59.4681,27.9805709
59.474,27.980758583
59.4799,27.980483209
59.4858,27.980687246
59.4917,27.980559872
59.4976,27.980625938
59.5035,27.980408709
59.5095,27.980563437
59.5154,27.980266182
59.5213,27.980500969
59.5272,27.980292277
59.5331,27.980414804
59.539,27.98023356
59.5449,27.980522664
59.5508,27.980262769
59.5567,27.98052578
59.5626,27.980299473
59.5686,27.980422707
59.5745,27.980238072
59.5804,27.98050488
59.5863,27.980159029
59.5922,27.980412511
59.5981,27.980254454
59.604,27.980421805
59.6099,27.98029644
59.6158,27.980399492
59.6217,27.980248799
59.6277,27.980439082
59.6336,27.980314754
59.6395,27.980398483
59.6454,27.980211452
59.6513,27.980494402
59.6572,27.980254951
59.6631,27.980486413
59.669,27.980302726
59.6749,27.980492649
59.6809,27.980318929
59.6868,27.980525634
59.6927,27.980275184
59.6986,27.980530764
59.7045,27.980303987
59.7104,27.980468033
59.7163,27.980282003
59.7222,27.980527719
59.7281,27.980217844
59.734,27.980405515
59.74,27.980257712
59.7459,27.980399402
59.7518,27.98019777
59.7577,27.980398532
59.7636,27.980081511
59.7695,27.980284591
59.7754,27.980021868
59.7813,27.980049009
59.7872,27.979789267
59.7931,27.979986326
59.7991,27.979759406
59.805,27.979937756
59.8109,27.979801616
59.8168,27.980019611
59.8227,27.979790803
59.8286,27.980015504
59.8345,27.979808133
59.8404,27.980072675
59.8463,27.979887095
59.8522,27.980016058
59.8582,27.979907906
59.8641,27.980114362
59.87,27.979899281
59.8759,27.980161025
59.8818,27.979928397
59.8877,27.980079101
59.8936,27.979938961
59.8995,27.980125744
59.9054,27.97988659
59.9113,27.980099482
59.9173,27.979977468
59.9232,27.980091157
59.9291,27.979951135
59.935,27.980137021
59.9409,27.979920766
59.9468,27.980105459
59.9527,27.979992695
59.9586,27.980123375
59.9645,27.979930167
59.9704,27.980082191
59.9764,27.979796606
59.9823,27.979953723
59.9882,27.979827811
59.9941,27.979886469
60.0,27.979775095
60.0059,27.979974317
60.0118,27.979756028
60.0177,27.979956091
60.0236,27.9797046
60.0296,27.979787897
60.0355,27.979608986
60.0414,27.979765103
60.0473,27.979509434
60.0532,27.979699257
60.0591,27.979486161
60.065,27.979644244
60.0709,27.979527631
60.0768,27.979786688
60.0827,27.979534662
60.0887,27.979745507
60.0946,27.97959462
60.1005,27.979758513
60.1064,27.97964171
60.1123,27.979897899
60.1182,27.979594391
60.1241,27.979958409
60.13,27.979798148
60.1359,27.979911825
60.1418,27.979831399
60.1478,27.979933237
60.1537,27.979751737
60.1596,27.979908549
60.1655,27.979758987
60.1714,27.979811224
60.1773,27.979651869
60.1832,27.979808633
60.1891,27.979616284
60.195,27.979867
60.2009,27.979663653
60.2069,27.97977285
60.2128,27.979621428
60.2187,27.979787861
60.2246,27.979566639
60.2305,27.979755846
60.2364,27.979541013
60.2423,27.979732378
60.2482,27.979585587
60.2541,27.979832824
60.26,27.979469134
60.266,27.979720205
60.2719,27.979543272
60.2778,27.979602023
60.2837,27.979378321
60.2896,27.979578579
60.2955,27.979251972
60.3014,27.97947653
60.3073,27.979231043
60.3132,27.979444166
60.3191,27.97923288
60.3251,27.979481535
60.331,27.979192077
60.3369,27.979528252
60.3428,27.979371097
60.3487,27.979485458
60.3546,27.979309682
60.3605,27.979581469
60.3664,27.979370464
60.3723,27.979651074
60.3783,27.979479515
60.3842,27.979616012
60.3901,27.979537904
60.396,27.979745371
60.4019,27.979472573
60.4078,27.979771689
60.4137,27.979560423
60.4196,27.979714091
60.4255,27.979533007
60.4314,27.979834527
60.4374,27.979558113
60.4433,27.979825684
60.4492,27.979548382
60.4551,27.979736247
60.461,27.979568981
60.4669,27.979738181
60.4728,27.979457381
60.4787,27.979691007
60.4846,27.979456642
60.4905,27.979655407
60.4965,27.979480846
60.5024,27.979684717
60.5083,27.979459657
60.5142,27.979705088
60.5201,27.979418619
60.526,27.979628897
60.5319,27.979409026
60.5378,27.979571221
60.5437,27.979256287
60.5496,27.979570801
60.5556,27.979261229
60.5615,27.979409152
60.5674,27.979284925
60.5733,27.979530347
60.5792,27.979275237
60.5851,27.979570714
60.591,27.979265591
60.5969,27.979496794
60.6028,27.979373561
60.6087,27.979714002
60.6147,27.979358794
60.6206,27.979689094
60.6265,27.97946042
60.6324,27.979593202
60.6383,27.979491025
60.6442,27.979707909
60.6501,27.979486904
60.656,27.979710689
60.6619,27.979509053
60.6678,27.979731508
60.6738,27.979619113
60.6797,27.979740153
60.6856,27.979539782
60.6915,27.979770501
60.6974,27.979599736
60.7033,27.979728172
60.7092,27.979591044
60.7151,27.979775168
60.721,27.97956023
60.727,27.979814762
60.7329,27.979551193
60.7388,27.979694423
60.7447,27.979535867
60.7506,27.979700683
60.7565,27.979510564
60.7624,27.979857762
60.7683,27.979586703
60.7742,27.979752019
60.7801,27.979510167
60.7861,27.97977546
60.792,27.979521306
60.7979,27.979745623
60.8038,27.979462201
60.8097,27.979575527
60.8156,27.979441299
60.8215,27.979662518
60.8274,27.979353632
60.8333,27.979659168
60.8392,27.979440269
60.8452,27.979624081
60.8511,27.979461679
60.857,27.979689717
60.8629,27.979493808
60.8688,27.979753052
60.8747,27.979485191
60.8806,27.979746808
60.8865,27.97959832
60.8924,27.979791492
60.8983,27.97957575
60.9043,27.979859644
60.9102,27.979655962
60.9161,27.979802534
60.922,27.979688271
60.9279,27.979956282
60.9338,27.979713237
60.9397,27.979952304
60.9456,27.979703172
60.9515,27.97987033
60.9574,27.979780659
60.9634,27.980039984
60.9693,27.979724512
60.9752,27.979991197
60.9811,27.979806983
60.987,27.979958481
60.9929,27.979851681
60.9988,27.980038234
61.0047,27.979817077
61.0106,27.980009952
61.0165,27.97975342
61.0225,27.97994294
61.0284,27.979837727
61.0343,27.980063221
61.0402,27.979799957
61.0461,27.98008055
61.052,27.979817614
61.0579,27.980004913
61.0638,27.979721373
61.0697,27.979981787
61.0757,27.979680435
61.0816,27.97995922
61.0875,27.9796478
61.0934,27.979825429
61.0993,27.979702333
61.1052,27.979933944
61.1111,27.979663684
61.117,27.979949421
61.1229,27.97972832
61.1288,27.979958869
61.1348,27.979790452
61.1407,27.98011858
61.1466,27.97985011
61.1525,27.980076541
61.1584,27.97991709
61.1643,27.980149747
61.1702,27.979973424
61.1761,27.98019677
61.182,27.979970913
61.1879,27.980249645
61.1939,27.980057288
61.1998,27.980211548
61.2057,27.980074187
61.2116,27.98030114
61.2175,27.980082312
61.2234,27.980315282
61.2293,27.980044641
61.2352,27.980268588
61.2411,27.98015379
61.247,27.980387483
61.253,27.980085756
61.2589,27.980398095
61.2648,27.980238681
61.2707,27.980330221
61.2766,27.980177751
61.2825,27.980380092
61.2884,27.980123009
61.2943,27.980428894
61.3002,27.980158104
61.3061,27.980403935
61.3121,27.980291675
61.318,27.980495486
61.3239,27.980253934
61.3298,27.980452189
61.3357,27.980259605
61.3416,27.980347313
61.3475,27.980168201
61.3534,27.980338525
61.3593,27.980122158
61.3652,27.980307851
61.3712,27.980160388
61.3771,27.980318169
61.383,27.980231118
61.3889,27.980396121
61.3948,27.98018249
61.4007,27.980398296
61.4066,27.98031275
61.4125,27.980438078
61.4184,27.980361943
61.4243,27.980585702
61.4303,27.980411206
61.4362,27.980605168
61.4421,27.980484789
61.448,27.980594657
61.4539,27.98051285
61.4598,27.980697933
61.4657,27.980468982
61.4716,27.980773209
61.4775,27.980618443
61.4835,27.980744651
61.4894,27.980644533
61.4953,27.980847869
61.5012,27.980682086
61.5071,27.980830804
61.513,27.980716881
61.5189,27.980852313
61.5248,27.980754178
61.5307,27.9809562
61.5366,27.980683109
61.5426,27.98091233
61.5485,27.980741401
61.5544,27.98084387
61.5603,27.980774028
61.5662,27.980951514
61.5721,27.980737239
61.578,27.980974465
61.5839,27.980762051
61.5898,27.980902662
61.5957,27.980745537
61.6017,27.981000926
61.6076,27.980692091
61.6135,27.980972167
61.6194,27.980731762
61.6253,27.98084512
61.6312,27.980737742
61.6371,27.980906373
61.643,27.980653706
61.6489,27.980982646
61.6548,27.98071941
61.6608,27.980896797
61.6667,27.98081789
61.6726,27.981129484
61.6785,27.980831488
61.6844,27.981113206
61.6903,27.980982559
61.6962,27.981095017
61.7021,27.981005681
61.708,27.981263236
61.7139,27.981020015
61.7199,27.981258863
61.7258,27.981122375
61.7317,27.981253042
61.7376,27.981137841
61.7435,27.981307089
61.7494,27.981048411
61.7553,27.981306956
61.7612,27.98112547
61.7671,27.981298848
61.773,27.981175096
61.779,27.981363652
61.7849,27.981199408
61.7908,27.98138584
61.7967,27.981282654
61.8026,27.981382804
61.8085,27.981286258
61.8144,27.981483613
61.8203,27.981206805
61.8262,27.981414371
61.8322,27.981274155
61.8381,27.981502512
61.844,27.981352966
61.8499,27.981606432
61.8558,27.981403372
61.8617,27.981588159
61.8676,27.981429094
61.8735,27.981547508
61.8794,27.98138957
61.8853,27.981578643
61.8913,27.981325331
61.8972,27.981592942
61.9031,27.981497347
61.909,27.981613026
61.9149,27.98145932
61.9208,27.981601935
61.9267,27.98139856
61.9326,27.981535838
61.9385,27.981389892
61.9444,27.981590262
61.9504,27.981393942
61.9563,27.981626403
61.9622,27.981327937
61.9681,27.981616753
61.974,27.981483778
61.9799,27.98158608
61.9858,27.981412308
61.9917,27.981675188
61.9976,27.981411777
62.0035,27.981673819
62.0095,27.981603468
62.0154,27.981699486
62.0213,27.981631254
62.0272,27.981779569
62.0331,27.981577628
62.039,27.981809005
62.0449,27.981702156
62.0508,27.981765649
62.0567,27.98168759
62.0626,27.981863535
62.0686,27.98163366
62.0745,27.981905495
62.0804,27.981796599
62.0863,27.98194151
62.0922,27.981834224
62.0981,27.981991141
62.104,27.981737198
62.1099,27.981972606
62.1158,27.981814037
62.1217,27.981937171
62.1277,27.981841879
62.1336,27.98206514
62.1395,27.98183833
62.1454,27.982086961
62.1513,27.981947989
62.1572,27.982048088
62.1631,27.981927459
62.169,27.982147675
62.1749,27.981894547
62.1809,27.98219626
62.1868,27.981995184
62.1927,27.982126772
62.1986,27.982002073
62.2045,27.982191901
62.2104,27.981930672
62.2163,27.982242002
62.2222,27.982043269
62.2281,27.982218836
62.234,27.982092868
62.24,27.982286954
62.2459,27.982011312
62.2518,27.982290416
62.2577,27.982128137
62.2636,27.982217739
62.2695,27.982106126
62.2754,27.982313157
62.2813,27.982046142
62.2872,27.982312154
62.2931,27.982154991
62.2991,27.9823262
62.305,27.982152163
62.3109,27.98237427
62.3168,27.982122097
62.3227,27.982390282
62.3286,27.982290823
62.3345,27.982376572
62.3404,27.982212057
62.3463,27.982428509
62.3522,27.98220492
62.3582,27.982459782
62.3641,27.982298885
62.37,27.982467553
62.3759,27.982327138
62.3818,27.982493322
62.3877,27.982252666
62.3936,27.982602699
62.3995,27.982352899
62.4054,27.98250726
62.4113,27.9823612
62.4173,27.982571105
62.4232,27.982282755
62.4291,27.982546534
62.435,27.982341224
62.4409,27.98259103
62.4468,27.982404146
62.4527,27.982523294
62.4586,27.982276407
62.4645,27.982587804
62.4704,27.982410056
62.4764,27.982517328
62.4823,27.982403716
62.4882,27.982618735
62.4941,27.982330937
62.5,27.982613816
62.5059,27.982396077
62.5118,27.982602708
62.5177,27.982429251
62.5236,27.982610372
62.5296,27.982414462
62.5355,27.982684536
62.5414,27.982489757
62.5473,27.982671787
62.5532,27.982490483
62.5591,27.982679755
62.565,27.982459682
62.5709,27.982742453
62.5768,27.982495166
62.5827,27.982717659
62.5887,27.982547186
62.5946,27.982753481
62.6005,27.98248694
62.6064,27.982749397
62.6123,27.982569419
62.6182,27.982672036
62.6241,27.982547045
62.63,27.982777292
62.6359,27.9825467
62.6418,27.982742993
62.6478,27.982579946
62.6537,27.982748006
62.6596,27.982536436
62.6655,27.982727882
62.6714,27.982521119
62.6773,27.982793634
62.6832,27.982582692
62.6891,27.982703588
62.695,27.982565206
62.7009,27.982797751
62.7069,27.982533997
62.7128,27.982836295
62.7187,27.982568487
62.7246,27.982760696
62.7305,27.982565294
62.7364,27.982832562
62.7423,27.982556868
62.7482,27.982826531
62.7541,27.982621927
62.76,27.982822609
62.766,27.982591593
62.7719,27.982860254
62.7778,27.982669883
62.7837,27.982894654
62.7896,27.982660491
62.7955,27.982879262
62.8014,27.982622049
62.8073,27.982909804
62.8132,27.982623575
62.8191,27.982900734
62.8251,27.982707652
62.831,27.982858661
62.8369,27.982619998
62.8428,27.982921318
62.8487,27.982651488
62.8546,27.982862047
62.8605,27.98267207
62.8664,27.982930243
62.8723,27.982701775
62.8783,27.982919366
62.8842,27.982654105
62.8901,27.982954963
62.896,27.982715475
62.9019,27.982917957
62.9078,27.982710213
62.9137,27.983023402
62.9196,27.982746524
62.9255,27.98289608
62.9314,27.982703167
62.9374,27.982912652
62.9433,27.982685331
62.9492,27.98292479
62.9551,27.982669761
62.961,27.98299832
62.9669,27.982726321
62.9728,27.982913245
62.9787,27.982705139
62.9846,27.982938771
62.9905,27.982623796
62.9965,27.982879864
63.0024,27.982595958
63.0083,27.982890083
63.0142,27.982590872
63.0201,27.982843675
63.026,27.982569361
63.0319,27.982867931
63.0378,27.982608362
63.0437,27.98285031
63.0496,27.982644812
63.0556,27.982947592
63.0615,27.98261448
63.0674,27.982944873
63.0733,27.98266981
63.0792,27.982941777
63.0851,27.982629119
63.091,27.9829137
63.0969,27.982638071
63.1028,27.982928794
63.1087,27.982646403
63.1147,27.982871146
63.1206,27.982647109
63.1265,27.9829556
63.1324,27.982610781
63.1383,27.98292097
63.1442,27.982669225
63.1501,27.982925709
63.156,27.982667047
63.1619,27.982921714
63.1678,27.982630137
63.1738,27.982872514
63.1797,27.982632199
63.1856,27.982888936
63.1915,27.982624596
63.1974,27.982886945
63.2033,27.982572854
63.2092,27.982786361
63.2151,27.982616295
63.221,27.982845873
63.227,27.98258159
63.2329,27.98285609
63.2388,27.982551757
63.2447,27.982845857
63.2506,27.982559066
63.2565,27.982765243
63.2624,27.982554637
63.2683,27.982868937
63.2742,27.982539476
63.2801,27.982770809
63.2861,27.982510077
63.292,27.982809948
63.2979,27.982483802
63.3038,27.982797
63.3097,27.982487513
63.3156,27.982740971
63.3215,27.982502602
63.3274,27.98271198
63.3333,27.98249104
63.3392,27.982815005
63.3452,27.982471691
63.3511,27.9826972
63.357,27.982494541
63.3629,27.982772553
63.3688,27.982428743
63.3747,27.982769221
63.3806,27.982427286
63.3865,27.9826827
63.3924,27.982426954
63.3983,27.982677866
63.4043,27.982368269
63.4102,27.982691306
63.4161,27.98238211
63.422,27.98258985
63.4279,27.982390426
63.4338,27.982667398
63.4397,27.982333781
63.4456,27.982635818
63.4515,27.982350691
63.4574,27.982593883
63.4634,27.982340239
63.4693,27.982627232
63.4752,27.982313982
63.4811,27.982594197
63.487,27.982317362
63.4929,27.982537487
63.4988,27.982333982
63.5047,27.982585903
63.5106,27.982263898
63.5165,27.982573363
63.5225,27.982255426
63.5284,27.982495736
63.5343,27.982243688
63.5402,27.982465365
63.5461,27.982190224
63.552,27.982428557
63.5579,27.982095036
63.5638,27.982433252
63.5697,27.982143729
63.5757,27.982431345
63.5816,27.982096794
63.5875,27.982461991
63.5934,27.982120773
63.5993,27.982375949
63.6052,27.982100826
63.6111,27.98241515
63.617,27.982065183
63.6229,27.982380202
63.6288,27.982056765
63.6348,27.982334934
63.6407,27.982059916
63.6466,27.982304087
63.6525,27.982054021
63.6584,27.982324048
63.6643,27.982044573
63.6702,27.982260155
63.6761,27.982055913
63.682,27.98229755
63.6879,27.982010642
63.6939,27.982288482
63.6998,27.981973012
63.7057,27.982231288
63.7116,27.981959588
63.7175,27.982219024
63.7234,27.981927805
63.7293,27.98221216
63.7352,27.981925256
63.7411,27.982181029
63.747,27.981883536
63.753,27.982124397
63.7589,27.981864755
63.7648,27.982123276
63.7707,27.981769757
63.7766,27.982042798
63.7825,27.981810013
63.7884,27.982040576
63.7943,27.981712892
63.8002,27.981986621
63.8061,27.981683101
63.8121,27.981975229
63.818,27.981753562
63.8239,27.98195906
63.8298,27.981711078
63.8357,27.981989532
63.8416,27.981726255
63.8475,27.981942334
63.8534,27.981733456
63.8593,27.981968289
63.8652,27.981648256
63.8712,27.981998404
63.8771,27.981667104
63.883,27.981895081
63.8889,27.981687847
63.8948,27.981947718
63.9007,27.981635099
63.9066,27.981927699
63.9125,27.981650559
63.9184,27.98190557
63.9243,27.981686334
63.9303,27.98192369
63.9362,27.981608759
63.9421,27.98191217
63.948,27.981557424
63.9539,27.981743353
63.9598,27.981588212
63.9657,27.981803509
63.9716,27.981486888
63.9775,27.981747039
63.9835,27.981397408
63.9894,27.981640318
63.9953,27.981432604
64.0012,27.981595921
64.0071,27.981343142
64.013,27.981687489
64.0189,27.981323481
64.0248,27.981625556
64.0307,27.981427191
64.0366,27.981642383
64.0426,27.98130213
64.0485,27.981613228
64.0544,27.981291746
64.0603,27.981593822
64.0662,27.981369348
64.0721,27.981611018
64.078,27.981333326
64.0839,27.981625934
64.0898,27.981264569
64.0957,27.981544834
64.1017,27.981355025
64.1076,27.981566625
64.1135,27.981217866
64.1194,27.981587756
64.1253,27.981245996
64.1312,27.981529163
64.1371,27.981318451
64.143,27.981466369
64.1489,27.981262072
64.1548,27.981414813
64.1608,27.9811165
64.1667,27.981385098
64.1726,27.981225453
64.1785,27.981345554
64.1844,27.981089983
64.1903,27.981335217
64.1962,27.981097822
64.2021,27.981357827
64.208,27.981073717
64.2139,27.981331002
64.2199,27.98108109
64.2258,27.981343661
64.2317,27.980938115
64.2376,27.981311409
64.2435,27.981060893
64.2494,27.981294195
64.2553,27.980979807
64.2612,27.981298434
64.2671,27.980935327
64.273,27.981279009
64.279,27.980982864
64.2849,27.98122042
64.2908,27.981003997
64.2967,27.981278146
64.3026,27.980846608
64.3085,27.981263061
64.3144,27.981014667
64.3203,27.981195674
64.3262,27.980889002
64.3322,27.981270416
64.3381,27.980907016
64.344,27.98119658
64.3499,27.980899459
64.3558,27.981095596
64.3617,27.980864818
64.3676,27.981144136
64.3735,27.980768771
64.3794,27.981102549
64.3853,27.980801814
64.3913,27.981079675
64.3972,27.980759442
64.4031,27.98113361
64.409,27.980706044
64.4149,27.981080493
64.4208,27.980824881
64.4267,27.981006203
64.4326,27.98079833
64.4385,27.981068123
64.4444,27.98069442
64.4504,27.98105277
64.4563,27.980720742
64.4622,27.98101815
64.4681,27.98069565
64.474,27.980941947
64.4799,27.980717686
64.4858,27.981038047
64.4917,27.980711979
64.4976,27.980904292
64.5035,27.980710178
64.5095,27.980991859
64.5154,27.98058193
64.5213,27.98090836
64.5272,27.980628135
64.5331,27.980901693
64.539,27.980629284
64.5449,27.980921203
64.5508,27.980529835
64.5567,27.980904069
64.5626,27.980528704
64.5686,27.980732446
64.5745,27.980568326
64.5804,27.980828645
64.5863,27.980450911
64.5922,27.980777292
64.5981,27.980507169
64.604,27.980712412
64.6099,27.980503507
64.6158,27.980687492
64.6217,27.980393626
64.6277,27.980787538
64.6336,27.980464917
64.6395,27.98063891
64.6454,27.980455828
64.6513,27.980744569
64.6572,27.980418292
64.6631,27.980685809
64.669,27.98040664
64.6749,27.980662817
64.6809,27.98041255
64.6868,27.98072496
64.6927,27.980321534
64.6986,27.980700833
64.7045,27.980434794
64.7104,27.980609663
64.7163,27.98040121
64.7222,27.98071427
64.7281,27.980339961
64.734,27.980666825
64.74,27.980341528
64.7459,27.980623101
64.7518,27.980359984
64.7577,27.98061499
64.7636,27.980287321
64.7695,27.980558187
64.7754,27.980295432
64.7813,27.980509217
64.7872,27.98027643
64.7931,27.980573903
64.7991,27.98019945
64.805,27.980558278
64.8109,27.980302289
64.8168,27.980471284
64.8227,27.980282092
64.8286,27.980462729
64.8345,27.980240947
64.8404,27.980509848
64.8463,27.980219682
64.8522,27.980451193
64.8582,27.980224329
64.8641,27.98054171
64.87,27.980205446
64.8759,27.980431558
64.8818,27.980258145
64.8877,27.980448844
64.8936,27.980224024
64.8995,27.980482892
64.9054,27.980192166
64.9113,27.980503165
64.9173,27.980226251
64.9232,27.980432663
64.9291,27.980178236
64.935,27.980441116
64.9409,27.980154099
64.9468,27.98042378
64.9527,27.980222357
64.9586,27.980361811
64.9645,27.980190141
64.9704,27.980358416
64.9764,27.980106868
64.9823,27.980380451
64.9882,27.980134555
64.9941,27.980291504
65.0,27.980165562
65.0059,27.980395823
65.0118,27.980083983
65.0177,27.980360264
65.0236,27.980143329
65.0296,27.980356414
65.0355,27.980083907
65.0414,27.980400606
65.0473,27.980129659
65.0532,27.980356105
65.0591,27.980115972
65.065,27.980305246
65.0709,27.980195332
65.0768,27.980380325
65.0827,27.980061367
65.0887,27.980376547
65.0946,27.980170081
65.1005,27.980354558
65.1064,27.980176412
65.1123,27.980388296
65.1182,27.980116503
65.1241,27.98044423
65.13,27.980145163
65.1359,27.980387647
65.1418,27.980137613
65.1478,27.98044817
65.1537,27.98004411
65.1596,27.980436073
65.1655,27.980108148
65.1714,27.980405261
65.1773,27.980059491
65.1832,27.980446306
65.1891,27.980055638
65.195,27.980435724
65.2009,27.980124329
65.2069,27.980365985
65.2128,27.980154038
65.2187,27.980477664
65.2246,27.980147275
65.2305,27.980401438
65.2364,27.980179591
65.2423,27.980457517
65.2482,27.98013936
65.2541,27.980489568
65.26,27.980157076
65.266,27.980511924
65.2719,27.980125027
65.2778,27.980450667
65.2837,27.980214523
65.2896,27.980537864
65.2955,27.980152216
65.3014,27.980429421
65.3073,27.980249043
65.3132,27.980475588
65.3191,27.980198488
65.3251,27.980495503
65.331,27.980178029
65.3369,27.9804929
65.3428,27.980151344
65.3487,27.980418576
65.3546,27.980266821
65.3605,27.980507352
65.3664,27.980176058
65.3723,27.980546203
65.3783,27.980198339
65.3842,27.980513135
65.3901,27.980215351
65.396,27.980650042
65.4019,27.980215014
65.4078,27.980597402
65.4137,27.980319797
65.4196,27.980559119
65.4255,27.980472861
65.4314,27.980633167
65.4374,27.98035618
65.4433,27.980709365
65.4492,27.980379827
65.4551,27.980646575
65.461,27.980364369
65.4669,27.980635878
65.4728,27.980287588
65.4787,27.980563696
65.4846,27.980329963
65.4905,27.980534814
65.4965,27.980361903
65.5024,27.980600484
65.5083,27.980323327
65.5142,27.98057193
65.5201,27.980251668
65.526,27.980556154
65.5319,27.980320097
65.5378,27.980599446
65.5437,27.980257897
65.5496,27.980697825
65.5556,27.980312033
65.5615,27.980630072
65.5674,27.980358107
65.5733,27.980674694
65.5792,27.980346267
65.5851,27.980661766
65.591,27.980433017
65.5969,27.980765977
65.6028,27.980508475
65.6087,27.980785015
65.6147,27.980476816
65.6206,27.980790821
65.6265,27.980474528
65.6324,27.980822378
65.6383,27.980521838
65.6442,27.980862453
65.6501,27.980448632
65.656,27.980788584
65.6619,27.980377377
65.6678,27.980666343
65.6738,27.980471104
65.6797,27.980807481
65.6856,27.980455808
65.6915,27.98077003
65.6974,27.980475064
65.7033,27.980728291
65.7092,27.980477719
65.7151,27.980797907
65.721,27.980440938
65.727,27.980793627
65.7329,27.980508908
65.7388,27.980834711
65.7447,27.980569547
65.7506,27.980977644
65.7565,27.980514086
65.7624,27.980952815
65.7683,27.980577231
65.7742,27.98088087
65.7801,27.980621914
65.7861,27.980971715
65.792,27.980634911
65.7979,27.981001816
65.8038,27.980656549
65.8097,27.981020208
65.8156,27.980719823
65.8215,27.981077272
65.8274,27.980690896
65.8333,27.981046015
65.8392,27.980700513
65.8452,27.980945852
65.8511,27.980643858
65.857,27.980998669
65.8629,27.980575876
65.8688,27.980964992
65.8747,27.980626568
65.8806,27.980945132
65.8865,27.980713847
65.8924,27.981030183
65.8983,27.980661476
65.9043,27.981002492
65.9102,27.980688717
65.9161,27.98097755
65.922,27.980695721
65.9279,27.981079643
65.9338,27.980729088
65.9397,27.981056487
65.9456,27.980746677
65.9515,27.981063721
65.9574,27.98085184
65.9634,27.9811164
65.9693,27.980795236
65.9752,27.9811488
65.9811,27.980878111
65.987,27.981142676
65.9929,27.980865014
65.9988,27.981249055
66.0047,27.980863872
66.0106,27.98123475
66.0165,27.980848764
66.0225,27.981193404
66.0284,27.980882591
66.0343,27.981244747
66.0402,27.980810897
66.0461,27.981198898
66.052,27.98086385
66.0579,27.981194578
66.0638,27.980831459
66.0697,27.981212961
66.0757,27.980834741
66.0816,27.981134993
66.0875,27.980798916
66.0934,27.981113444
66.0993,27.980846419
66.1052,27.981217656
66.1111,27.980733049
66.117,27.98120092
66.1229,27.98089336
66.1288,27.981146327
66.1348,27.980785682
66.1407,27.981208141
66.1466,27.980808138
66.1525,27.98116598
66.1584,27.980813924
66.1643,27.981153234
66.1702,27.98085372
66.1761,27.981212438
66.182,27.98072605
66.1879,27.981191542
66.1939,27.980881715
66.1998,27.981129061
66.2057,27.980803273
66.2116,27.98118166
66.2175,27.980780734
66.2234,27.981147497
66.2293,27.980932233
66.2352,27.981184137
66.2411,27.980905331
66.247,27.98124641
66.253,27.980857567
66.2589,27.981211794
66.2648,27.980935567
66.2707,27.981190692
66.2766,27.980994318
66.2825,27.981344465
66.2884,27.980932746
66.2943,27.981350969
66.3002,27.981083411
66.3061,27.981326041
66.3121,27.981056763
66.318,27.981326448
66.3239,27.98106296
66.3298,27.981342149
66.3357,27.981102492
66.3416,27.981315229
66.3475,27.981114769
66.3534,27.981375489
66.3593,27.981061447
66.3652,27.98129941
66.3712,27.981111877
66.3771,27.981292049
66.383,27.981033347
66.3889,27.981264734
66.3948,27.981013551
66.4007,27.981404308
66.4066,27.98115175
66.4125,27.981367963
66.4184,27.981176162
66.4243,27.981409674
66.4303,27.981066449
66.4362,27.981377131
66.4421,27.981128069
66.448,27.981342626
66.4539,27.981101986
66.4598,27.981336961
66.4657,27.981117494
66.4716,27.981401443
66.4775,27.98112403
66.4835,27.981397791
66.4894,27.981141172
66.4953,27.981491141
66.5012,27.981120427
66.5071,27.981425995
66.513,27.981215255
66.5189,27.981445475
66.5248,27.981210035
66.5307,27.981499775
66.5366,27.981230595
66.5426,27.981536946
66.5485,27.981273391
66.5544,27.981551635
66.5603,27.981358627
66.5662,27.981664345
66.5721,27.981304569
66.578,27.981633593
66.5839,27.981370458
66.5898,27.981652258
66.5957,27.981431569
66.6017,27.981696443
66.6076,27.981457575
66.6135,27.981694383
66.6194,27.98143729
66.6253,27.981663204
66.6312,27.981475467
66.6371,27.98174052
66.643,27.981369774
66.6489,27.981613662
66.6548,27.981410095
66.6608,27.981616554
66.6667,27.981336628
66.6726,27.981626719
66.6785,27.981199145
66.6844,27.981603865
66.6903,27.981223282
66.6962,27.98147284
66.7021,27.981266117
66.708,27.98154738
66.7139,27.981147965
66.7199,27.981500136
66.7258,27.981159377
66.7317,27.981442487
66.7376,27.981099645
66.7435,27.981325003
66.7494,27.980950555
66.7553,27.98124582
66.7612,27.980881909
66.7671,27.981180617
66.773,27.981003091
66.779,27.981371704
66.7849,27.98102178
66.7908,27.981355716
66.7967,27.981148214
66.8026,27.981439609
66.8085,27.981135161
66.8144,27.981595575
66.8203,27.98125043
66.8262,27.981733444
66.8322,27.981313039
66.8381,27.981677784
66.844,27.981496579
66.8499,27.981799657
66.8558,27.981366969
66.8617,27.981771002
66.8676,27.98143578
66.8735,27.981737883
66.8794,27.981427496
66.8853,27.981711027
66.8913,27.981473096
66.8972,27.981809486
66.9031,27.981498909
66.909,27.981761211
66.9149,27.981445628
66.9208,27.981752785
66.9267,27.981378258
66.9326,27.981664052
66.9385,27.981381605
66.9444,27.981590942
66.9504,27.981360666
66.9563,27.9816469
66.9622,27.981314659
66.9681,27.981644047
66.974,27.981313519
66.9799,27.98151721
66.9858,27.981238949
66.9917,27.981487144
66.9976,27.98111568
67.0035,27.981386316
67.0095,27.981164233
67.0154,27.981438335
67.0213,27.98129309
67.0272,27.981525106
67.0331,27.981340787
67.039,27.981598836
67.0449,27.981376259
67.0508,27.981623863
67.0567,27.981477741
67.0626,27.981764309
67.0686,27.981447815
67.0745,27.981742047
67.0804,27.981546954
67.0863,27.981755537
67.0922,27.981648037
67.0981,27.981851994
67.104,27.981570032
67.1099,27.98183279
67.1158,27.981611827
67.1217,27.981745742
67.1277,27.981556072
67.1336,27.981792934
67.1395,27.981493759
67.1454,27.981787318
67.1513,27.981512593
67.1572,27.981690821
67.1631,27.981546574
67.169,27.981729001
67.1749,27.981410135
67.1809,27.981692854
67.1868,27.981389937
67.1927,27.981594092
67.1986,27.981416453
67.2045,27.981611973
67.2104,27.981214125
67.2163,27.98144754
67.2222,27.981173457
67.2281,27.981226422
67.234,27.981078844
67.24,27.981208255
67.2459,27.980883129
67.2518,27.981153864
67.2577,27.98091346
67.2636,27.981064571
67.2695,27.980965462
67.2754,27.981244375
67.2813,27.981034022
67.2872,27.981281965
67.2931,27.981076393
67.2991,27.981283317
67.305,27.981144179
67.3109,27.981431185
67.3168,27.981166055
67.3227,27.981521518
67.3286,27.981329509
67.3345,27.981469416
67.3404,27.981454948
67.3463,27.981635048
67.3522,27.981336115
67.3582,27.981507299
67.3641,27.981357954
67.37,27.981379576
67.3759,27.981241155
67.3818,27.981435798
67.3877,27.981244057
67.3936,27.981470318
67.3995,27.981252343
67.4054,27.981355893
67.4113,27.981272415
67.4173,27.981398269
67.4232,27.981150622
67.4291,27.981382005
67.435,27.981213771
67.4409,27.981360864
67.4468,27.981200676
67.4527,27.98139267
67.4586,27.981059858
67.4645,27.98134638
67.4704,27.981068483
67.4764,27.981160028
67.4823,27.980913167
67.4882,27.981173184
67.4941,27.980727423
67.5,27.980987677
67.5059,27.980740732
67.5118,27.980954551
67.5177,27.98080615
67.5236,27.981073314
67.5296,27.98082145
67.5355,27.9811062
67.5414,27.980852619
67.5473,27.981098465
67.5532,27.980884374
67.5591,27.981162295
67.565,27.980910203
67.5709,27.981219029
67.5768,27.980994437
67.5827,27.981199814
67.5887,27.981070885
67.5946,27.981255713
67.6005,27.98099294
67.6064,27.981284629
67.6123,27.981005657
67.6182,27.981203383
67.6241,27.980953513
67.63,27.981259711
67.6359,27.98096307
67.6418,27.981180433
67.6478,27.981045659
67.6537,27.98119767
67.6596,27.980974313
67.6655,27.981174791
67.6714,27.98089954
67.6773,27.981185636
67.6832,27.98096569
67.6891,27.981101368
67.695,27.980988016
67.7009,27.981093136
67.7069,27.980869427
67.7128,27.981115647
67.7187,27.980740834
67.7246,27.980969559
67.7305,27.980727578
67.7364,27.980855987
67.7423,27.980573791
67.7482,27.980844605
67.7541,27.980594139
67.76,27.980752691
67.766,27.98060678
67.7719,27.980787618
67.7778,27.980526394
67.7837,27.980869524
67.7896,27.980631085
67.7955,27.980889713
67.8014,27.980689287
67.8073,27.980923633
67.8132,27.980665979
67.8191,27.98095112
67.8251,27.980748986
67.831,27.980957189
67.8369,27.980751733
67.8428,27.98105186
67.8487,27.980731902
67.8546,27.981066854
67.8605,27.980784577
67.8664,27.980991936
67.8723,27.980717053
67.8783,27.980930904
67.8842,27.980721616
67.8901,27.980959572
67.896,27.980668618
67.9019,27.980887979
67.9078,27.980713404
67.9137,27.980920167
67.9196,27.980637556
67.9255,27.980886401
67.9314,27.980738112
67.9374,27.980842653
67.9433,27.980674901
67.9492,27.980820836
67.9551,27.980532924
67.961,27.980878114
67.9669,27.980522878
67.9728,27.980776285
67.9787,27.980557096
67.9846,27.980734871
67.9905,27.980447057
67.9965,27.980569915
68.0024,27.980428773
68.0083,27.980552575
68.0142,27.980337691
68.0201,27.980480048
68.026,27.98028613
68.0319,27.980539009
68.0378,27.980232748
68.0437,27.980455
68.0496,27.980321888
68.0556,27.980521043
68.0615,27.980285779
68.0674,27.980536409
68.0733,27.980374927
68.0792,27.980576326
68.0851,27.980405313
68.091,27.980640726
68.0969,27.980442172
68.1028,27.980655433
68.1087,27.980527979
68.1147,27.980607494
68.1206,27.980532525
68.1265,27.98066454
68.1324,27.980477095
68.1383,27.980683418
68.1442,27.980472605
68.1501,27.980635066
68.156,27.980558059
68.1619,27.980670683
68.1678,27.98057474
68.1738,27.980738049
68.1797,27.980582722
68.1856,27.98063026
68.1915,27.980577518
68.1974,27.980679692
68.2033,27.980438128
68.2092,27.980644227
68.2151,27.980524835
68.221,27.98058351
68.227,27.980375773
68.2329,27.98051088
68.2388,27.980330466
68.2447,27.980549583
68.2506,27.980310478
68.2565,27.980441419
68.2624,27.980263057
68.2683,27.980403828
68.2742,27.980172554
68.2801,27.980322384
68.2861,27.980148753
68.292,27.980279457
68.2979,27.980122178
68.3038,27.980236735
68.3097,27.980027032
68.3156,27.980344838
68.3215,27.980148079
68.3274,27.980316476
68.3333,27.980158709
68.3392,27.980379004
68.3452,27.980180713
68.3511,27.980384931
68.357,27.980256445
68.3629,27.980439762
68.3688,27.980228057
68.3747,27.980547445
68.3806,27.980203821
68.3865,27.980555436
68.3924,27.98026988
68.3983,27.9804938
68.4043,27.980358308
68.4102,27.980462833
68.4161,27.980303198
68.422,27.980513777
68.4279,27.98038385
68.4338,27.98053882
68.4397,27.980419695
68.4456,27.980587442
68.4515,27.980378648
68.4574,27.980626415
68.4634,27.980437564
68.4693,27.980547097
68.4752,27.980407276
68.4811,27.980619989
68.487,27.980358947
68.4929,27.98058275
68.4988,27.98034182
68.5047,27.980574773
68.5106,27.980335137
68.5165,27.980552905
68.5225,27.980265653
68.5284,27.980514515
68.5343,27.980296534
68.5402,27.980410567
68.5461,27.980209278
68.552,27.980403856
68.5579,27.98009825
68.5638,27.980334041
68.5697,27.980119189
68.5757,27.980259018
68.5816,27.980038538
68.5875,27.980195599
68.5934,27.979965311
68.5993,27.980294301
68.6052,27.980150165
68.6111,27.980296293
68.617,27.980107792
68.6229,27.980373032
68.6288,27.980151095
68.6348,27.98028906
68.6407,27.98023153
68.6466,27.980379842
68.6525,27.980346335
68.6584,27.980558877
68.6643,27.980290857
68.6702,27.980608381
68.6761,27.98041063
68.682,27.980566112
68.6879,27.980395118
68.6939,27.98064991
68.6998,27.980370586
68.7057,27.980714981
68.7116,27.980397022
68.7175,27.980667804
68.7234,27.980399977
68.7293,27.980703992
68.7352,27.980402549
68.7411,27.980593232
68.747,27.980461901
68.753,27.980586128
68.7589,27.980344235
68.7648,27.980601393
68.7707,27.98035876
68.7766,27.980544987
68.7825,27.980320707
68.7884,27.980499991
68.7943,27.980346104
68.8002,27.980555993
68.8061,27.98019146
68.8121,27.980475187
68.818,27.980251422
68.8239,27.980370576
68.8298,27.980053826
68.8357,27.980378886
68.8416,27.98007583
68.8475,27.980367526
68.8534,27.980182554
68.8593,27.980428907
68.8652,27.980226603
68.8712,27.980461899
68.8771,27.980273433
68.883,27.980459489
68.8889,27.980374244
68.8948,27.98056284
68.9007,27.980384714
68.9066,27.980611982
68.9125,27.980389805
68.9184,27.980606131
68.9243,27.980437006
68.9303,27.980661065
68.9362,27.980431192
68.9421,27.980752689
68.948,27.980443076
68.9539,27.980716465
68.9598,27.980502375
68.9657,27.980717854
68.9716,27.980486465
68.9775,27.980823109
68.9835,27.980524716
68.9894,27.980859466
68.9953,27.980644956
69.0012,27.980819757
69.0071,27.980591689
69.013,27.980758239
69.0189,27.980583592
69.0248,27.980734819
69.0307,27.980539432
69.0366,27.98070863
69.0426,27.980483789
69.0485,27.980662735
69.0544,27.980419361
69.0603,27.980602346
69.0662,27.980350091
69.0721,27.980520892
69.078,27.980262698
69.0839,27.98053937
69.0898,27.980254232
69.0957,27.980588838
69.1017,27.980352088
69.1076,27.980586737
69.1135,27.980375472
69.1194,27.980621296
69.1253,27.980433581
69.1312,27.980707825
69.1371,27.980447286
69.143,27.980716629
69.1489,27.980546529
69.1548,27.980799199
69.1608,27.980596183
69.1667,27.980900909
69.1726,27.980651691
69.1785,27.980875094
69.1844,27.980673728
69.1903,27.980963511
69.1962,27.98069078
69.2021,27.980995809
69.208,27.980826155
69.2139,27.981037117
69.2199,27.980883561
69.2258,27.981099609
69.2317,27.980838995
69.2376,27.98116046
69.2435,27.980935299
69.2494,27.981017613
69.2553,27.98080409
69.2612,27.980975467
69.2671,27.980763267
69.273,27.981081092
69.279,27.980813216
69.2849,27.980981837
69.2908,27.980777046
69.2967,27.980962459
69.3026,27.980772964
69.3085,27.980961187
69.3144,27.980766709
69.3203,27.980878187
69.3262,27.980718161
69.3322,27.980932485
69.3381,27.980671506
69.344,27.98094095
69.3499,27.980795157
69.3558,27.980942577
69.3617,27.980778786
69.3676,27.981040715
69.3735,27.980868665
69.3794,27.981126136
69.3853,27.980947851
69.3913,27.981076894
69.3972,27.981009991
69.4031,27.981216948
69.409,27.981037216
69.4149,27.981258737
69.4208,27.981071515
69.4267,27.981207856
69.4326,27.981027363
69.4385,27.981203826
69.4444,27.980946076
69.4504,27.981201407
69.4563,27.981043579
69.4622,27.981122186
69.4681,27.981000789
69.474,27.981199975
69.4799,27.981014074
69.4858,27.981248179
69.4917,27.981076414
69.4976,27.981157576
69.5035,27.981012367
69.5095,27.981206923
69.5154,27.981046205
69.5213,27.981291508
69.5272,27.981090655
69.5331,27.981241118
69.539,27.981100035
69.5449,27.981357361
69.5508,27.981111137
69.5567,27.981353401
69.5626,27.98121503
69.5686,27.981368227
69.5745,27.981164591
69.5804,27.981449678
69.5863,27.981217762
69.5922,27.981489214
69.5981,27.98129614
69.604,27.981361577
69.6099,27.98126363
69.6158,27.981413322
69.6217,27.981227351
69.6277,27.981467858
69.6336,27.981258189
69.6395,27.981415943
69.6454,27.981205461
69.6513,27.981461089
69.6572,27.981171403
69.6631,27.981502208
69.669,27.981250334
69.6749,27.981428724
69.6809,27.981277731
69.6868,27.981551493
69.6927,27.981249379
69.6986,27.981603104
69.7045,27.981374427
69.7104,27.981542921
69.7163,27.981303805
69.7222,27.98160321
69.7281,27.981409874
69.734,27.981691525
69.74,27.981457806
69.7459,27.981669024
69.7518,27.981452439
69.7577,27.98178925
69.7636,27.981439022
69.7695,27.981756995
69.7754,27.981517003
69.7813,27.981640323
69.7872,27.98140286
69.7931,27.981663352
69.7991,27.98140387
69.805,27.981713721
69.8109,27.981394651
69.8168,27.981597804
69.8227,27.981431255
69.8286,27.981677554
69.8345,27.981430946
69.8404,27.981676514
69.8463,27.981481449
69.8522,27.981615377
69.8582,27.981494775
69.8641,27.981702949
69.87,27.981518286
69.8759,27.981767469
69.8818,27.981625739
69.8877,27.981752319
69.8936,27.981542651
69.8995,27.981780897
69.9054,27.981657916
69.9113,27.981817727
69.9173,27.981738895
69.9232,27.98187891
69.9291,27.981746831
69.935,27.981919917
69.9409,27.981765431
69.9468,27.981931033
69.9527,27.98182925
69.9586,27.981878574
69.9645,27.981684807
69.9704,27.981883068
69.9764,27.981723746
69.9823,27.981877023
69.9882,27.981743295
69.9941,27.981853873
70.0,27.981647585
70.0059,27.981889331
70.0118,27.981647242
70.0177,27.981857883
70.0236,27.981773132
70.0296,27.981901032
70.0355,27.981665946
70.0414,27.981929456
70.0473,27.981661508
70.0532,27.981940957
70.0591,27.981701198
70.065,27.981925196
70.0709,27.981736706
70.0768,27.981939976
70.0827,27.981743779
70.0887,27.982012002
70.0946,27.981937275
70.1005,27.982095489
70.1064,27.98194482
70.1123,27.982106767
70.1182,27.981938516
70.1241,27.982152148
70.13,27.982025878
70.1359,27.982089445
70.1418,27.981850653
70.1478,27.982082622
70.1537,27.981847791
70.1596,27.982139194
70.1655,27.981912062
70.1714,27.982070027
70.1773,27.981891393
70.1832,27.982113949
70.1891,27.981886716
70.195,27.982183656
70.2009,27.981946345
70.2069,27.982129534
70.2128,27.981864144
70.2187,27.982176081
70.2246,27.981883696
70.2305,27.98218736
70.2364,27.981977156
70.2423,27.982181432
70.2482,27.981926013
70.2541,27.982256901
70.26,27.981969445
70.266,27.982306936
70.2719,27.982055372
70.2778,27.982246721
70.2837,27.98210066
70.2896,27.982306763
70.2955,27.982080413
70.3014,27.982374714
70.3073,27.982070435
70.3132,27.982302422
70.3191,27.982037924
70.3251,27.982227203
70.331,27.982022617
70.3369,27.982252159
70.3428,27.982089656
70.3487,27.982243836
70.3546,27.982103414
70.3605,27.982261204
70.3664,27.982034962
70.3723,27.982314413
70.3783,27.982107837
70.3842,27.982221855
70.3901,27.982113849
70.396,27.982304459
70.4019,27.982045833
70.4078,27.982316166
70.4137,27.982212323
70.4196,27.982332656
70.4255,27.982152382
70.4314,27.982351157
70.4374,27.982173173
70.4433,27.982432041
70.4492,27.982268332
70.4551,27.982431962
70.461,27.98230898
70.4669,27.982511291
70.4728,27.982207147
70.4787,27.982493777
70.4846,27.982306942
70.4905,27.982472546
70.4965,27.982237965
70.5024,27.982410446
70.5083,27.982114029
70.5142,27.982434143
70.5201,27.982174476
70.526,27.98237572
70.5319,27.982147523
70.5378,27.982389408
70.5437,27.982080983
70.5496,27.982335498
70.5556,27.982183995
70.5615,27.982395569
70.5674,27.982154827
70.5733,27.982416936
70.5792,27.982129118
70.5851,27.982480494
70.591,27.982235935
70.5969,27.982451503
70.6028,27.982236712
70.6087,27.982472612
70.6147,27.982171882
70.6206,27.982481623
70.6265,27.982329915
70.6324,27.982554492
70.6383,27.982344615
70.6442,27.982550843
70.6501,27.982311474
70.656,27.982621423
70.6619,27.982403765
70.6678,27.982604771
70.6738,27.982371046
70.6797,27.982618146
70.6856,27.982300625
70.6915,27.982493043
70.6974,27.982327551
70.7033,27.982466619
70.7092,27.982233098
70.7151,27.982500823
70.721,27.982236579
70.727,27.982486684
70.7329,27.982281141
70.7388,27.982459901
70.7447,27.982214351
70.7506,27.982484022
70.7565,27.982200646
70.7624,27.982432347
70.7683,27.982271502
70.7742,27.982479039
70.7801,27.982280544
70.7861,27.982529358
70.792,27.982306335
70.7979,27.982567949
70.8038,27.982407314
70.8097,27.982532279
70.8156,27.982385204
70.8215,27.98267891
70.8274,27.982401879
70.8333,27.982658659
70.8392,27.98249366
70.8452,27.98265368
70.8511,27.982431994
70.857,27.982653726
70.8629,27.982385026
70.8688,27.982627592
70.8747,27.982417709
70.8806,27.982521663
70.8865,27.982341601
70.8924,27.982590478
70.8983,27.982301225
70.9043,27.982511262
70.9102,27.982352504
70.9161,27.982511671
70.922,27.982261783
70.9279,27.982489641
70.9338,27.982268433
70.9397,27.982511578
70.9456,27.982332565
70.9515,27.98247339
70.9574,27.982308194
70.9634,27.982558153
70.9693,27.982233734
70.9752,27.982500223
70.9811,27.982365708
70.987,27.982548923
70.9929,27.982274167
70.9988,27.982567141
71.0047,27.982333962
71.0106,27.982646291
71.0165,27.982427848
71.0225,27.982647414
71.0284,27.982350998
71.0343,27.982693425
71.0402,27.982331174
71.0461,27.982578905
71.052,27.982398486
71.0579,27.982589794
71.0638,27.982287844
71.0697,27.982549014
71.0757,27.982207465
71.0816,27.982548346
71.0875,27.982303448
71.0934,27.982418963
71.0993,27.982245114
71.1052,27.982510581
71.1111,27.982197236
71.117,27.982467402
71.1229,27.982260619
71.1288,27.982448723
71.1348,27.982200134
71.1407,27.982421496
71.1466,27.982229522
71.1525,27.982465478
71.1584,27.982293159
71.1643,27.982454912
71.1702,27.982276383
71.1761,27.982467706
71.182,27.982275308
71.1879,27.98244434
71.1939,27.982329767
71.1998,27.982607988
71.2057,27.982287321
71.2116,27.982553353
71.2175,27.98225856
71.2234,27.98253538
71.2293,27.982316159
71.2352,27.982448071
71.2411,27.98228876
71.247,27.982445339
71.253,27.982193229
71.2589,27.982347953
71.2648,27.982171939
71.2707,27.982422648
71.2766,27.982123591
71.2825,27.982355531
71.2884,27.982107989
71.2943,27.982328837
71.3002,27.982168269
71.3061,27.982293654
71.3121,27.982043788
71.318,27.982300326
71.3239,27.982057161
71.3298,27.982309244
71.3357,27.982105221
71.3416,27.982305928
71.3475,27.982064887
71.3534,27.982318118
71.3593,27.982059219
71.3652,27.982327579
71.3712,27.98214878
71.3771,27.982341519
71.383,27.982116092
71.3889,27.982384822
71.3948,27.982167225
71.4007,27.982354187
71.4066,27.982221499
71.4125,27.982325772
71.4184,27.982084152
71.4243,27.982264762
71.4303,27.982098099
71.4362,27.982230972
71.4421,27.982045512
71.448,27.982185672
71.4539,27.981989855
71.4598,27.982225369
71.4657,27.981925235
71.4716,27.982138568
71.4775,27.981985636
71.4835,27.982106647
71.4894,27.98189549
71.4953,27.982099951
71.5012,27.981871249
71.5071,27.98208679
71.513,27.981937044
71.5189,27.982076271
71.5248,27.981848426
71.5307,27.982128835
71.5366,27.98186742
71.5426,27.982088641
71.5485,27.981910622
71.5544,27.98206991
71.5603,27.981852702
71.5662,27.982153795
71.5721,27.981923606
71.578,27.982142766
71.5839,27.981933049
71.5898,27.982116432
71.5957,27.981921105
71.6017,27.982112422
71.6076,27.981877382
71.6135,27.982045698
71.6194,27.98183274
71.6253,27.982001678
71.6312,27.981724067
71.6371,27.981945421
71.643,27.981750879
71.6489,27.981968653
71.6548,27.981676127
71.6608,27.981870742
71.6667,27.981708626
71.6726,27.981872394
71.6785,27.981630995
71.6844,27.98181368
71.6903,27.981690017
71.6962,27.981836242
71.7021,27.981655315
71.708,27.981800945
71.7139,27.981711736
71.7199,27.981822221
71.7258,27.981675363
71.7317,27.981793772
71.7376,27.981676168
71.7435,27.981877549
71.7494,27.981610789
71.7553,27.981844257
71.7612,27.981728733
71.7671,27.981868627
71.773,27.981713555
71.779,27.981827722
71.7849,27.981640049
71.7908,27.981795359
71.7967,27.98156691
71.8026,27.981688134
71.8085,27.981546642
71.8144,27.981684844
71.8203,27.981442582
71.8262,27.981625871
71.8322,27.981545823
71.8381,27.981579
71.844,27.981459255
71.8499,27.981535421
71.8558,27.981443188
71.8617,27.98158986
71.8676,27.981403229
71.8735,27.98152629
71.8794,27.981450697
71.8853,27.981579785
71.8913,27.981326592
71.8972,27.981534609
71.9031,27.981455518
71.909,27.981564336
71.9149,27.981419048
71.9208,27.981578712
71.9267,27.981392481
71.9326,27.981592463
71.9385,27.981455045
71.9444,27.981559624
71.9504,27.981444417
71.9563,27.98159268
71.9622,27.981342885
71.9681,27.981566896
71.974,27.981376434
71.9799,27.981411234
71.9858,27.981267337
71.9917,27.981382374
71.9976,27.981282726
72.0035,27.981375918
72.0095,27.981203585
72.0154,27.98132751
72.0213,27.981187974
72.0272,27.981317659
72.0331,27.981056333
72.039,27.981258578
72.0449,27.98117331
72.0508,27.981190788
72.0567,27.981073741
72.0626,27.981190747
72.0686,27.981098373
72.0745,27.981191036
72.0804,27.981008059
72.0863,27.98111353
72.0922,27.981057833
72.0981,27.981130078
72.104,27.980924847
72.1099,27.981177757
72.1158,27.981059463
72.1217,27.98116381
72.1277,27.980985643
72.1336,27.981104173
72.1395,27.980973258
72.1454,27.98110112
72.1513,27.980900959
72.1572,27.980975651
72.1631,27.980815802
72.169,27.98104526
72.1749,27.980778432
72.1809,27.981009391
72.1868,27.980966143
72.1927,27.981011118
72.1986,27.980910811
72.2045,27.981073073
72.2104,27.980927234
72.2163,27.981080006
72.2222,27.980957939
72.2281,27.981077759
72.234,27.98095717
72.24,27.981149794
72.2459,27.980962384
72.2518,27.98110164
72.2577,27.98109479
72.2636,27.98114064
72.2695,27.980913516
72.2754,27.98109232
72.2813,27.980907429
72.2872,27.981021189
72.2931,27.980900214
72.2991,27.980983293
72.305,27.980876259
72.3109,27.981033838
72.3168,27.980775963
72.3227,27.980939673
72.3286,27.980851426
72.3345,27.980989799
72.3404,27.98073391
72.3463,27.980864587
72.3522,27.98064744
72.3582,27.980719122
72.3641,27.980610735
72.37,27.980615943
72.3759,27.98054964
72.3818,27.980608101
72.3877,27.980367579
72.3936,27.980475376
72.3995,27.98052259
72.4054,27.980557917
72.4113,27.980361812
72.4173,27.980521287
72.4232,27.980386883
72.4291,27.980559348
72.435,27.980518222
72.4409,27.98053245
72.4468,27.98056666
72.4527,27.980723034
72.4586,27.980592954
72.4645,27.980639952
72.4704,27.980664127
72.4764,27.980728296
72.4823,27.980534605
72.4882,27.980732022
72.4941,27.980678071
72.5,27.980756101
72.5059,27.980721161
72.5118,27.980737411
72.5177,27.980665947
72.5236,27.980854945
72.5296,27.980644658
72.5355,27.980726291
72.5414,27.980733687
72.5473,27.980676329
72.5532,27.980558237
72.5591,27.980751418
72.565,27.980596977
72.5709,27.980725086
72.5768,27.980557803
72.5827,27.980664864
72.5887,27.9805888
72.5946,27.980626503
72.6005,27.980453846
72.6064,27.980611105
72.6123,27.980542046
72.6182,27.980594293
72.6241,27.980464511
72.63,27.980549597
72.6359,27.980504914
72.6418,27.98052173
72.6478,27.980400258
72.6537,27.980467326
72.6596,27.98036009
72.6655,27.980457634
72.6714,27.980173685
72.6773,27.980289984
72.6832,27.980148089
72.6891,27.980100503
72.695,27.980103204
72.7009,27.980100153
72.7069,27.980179978
72.7128,27.980210001
72.7187,27.980124134
72.7246,27.980111064
72.7305,27.980203661
72.7364,27.980278291
72.7423,27.980161871
72.7482,27.980266158
72.7541,27.980244582
72.76,27.980291368
72.766,27.980365569
72.7719,27.980290928
72.7778,27.980270811
72.7837,27.980461252
72.7896,27.980407111
72.7955,27.980392904
72.8014,27.980474862
72.8073,27.980516614
72.8132,27.980426786
72.8191,27.980463836
72.8251,27.98044382
72.831,27.980421494
72.8369,27.980457038
72.8428,27.98041887
72.8487,27.98036226
72.8546,27.980560057
72.8605,27.980329756
72.8664,27.980349347
72.8723,27.98032994
72.8783,27.980472194
72.8842,27.980241779
72.8901,27.980374188
72.896,27.980327129
72.9019,27.980350706
72.9078,27.980345161
72.9137,27.980395987
72.9196,27.980234195
72.9255,27.980369234
72.9314,27.980195001
72.9374,27.980156518
72.9433,27.980186704
72.9492,27.980175518
72.9551,27.979961244
72.961,27.98008984
72.9669,27.979998057
72.9728,27.980019314
72.9787,27.97993045
72.9846,27.980122679
72.9905,27.980014179
72.9965,27.980199964
73.0024,27.98020218
73.0083,27.980154591
73.0142,27.980186485
73.0201,27.980330409
73.026,27.980166801
73.0319,27.980288112
73.0378,27.980331686
73.0437,27.980314027
73.0496,27.980365694
73.0556,27.980467244
73.0615,27.980344001
73.0674,27.980464952
73.0733,27.980396722
73.0792,27.980468175
73.0851,27.980466873
73.091,27.980610691
73.0969,27.980347927
73.1028,27.980455051
73.1087,27.98042764
73.1147,27.980511652
73.1206,27.980432739
73.1265,27.980531488
73.1324,27.980362062
73.1383,27.980516782
73.1442,27.980379064
73.1501,27.980392465
73.156,27.980350406
73.1619,27.980516685
73.1678,27.980230065
73.1738,27.980390474
73.1797,27.9803901
73.1856,27.980425496
73.1915,27.980262397
73.1974,27.980404618
73.2033,27.980174607
73.2092,27.980206605
73.2151,27.980106111
73.221,27.97993666
73.227,27.98004224
73.2329,27.980078897
73.2388,27.979988056
73.2447,27.980101522
73.2506,27.980134774
73.2565,27.98007528
73.2624,27.980049334
73.2683,27.980220017
73.2742,27.980173026
73.2801,27.980288111
73.2861,27.980289348
73.292,27.980367172
73.2979,27.98032203
73.3038,27.980507513
73.3097,27.980372435
73.3156,27.980488803
73.3215,27.980467517
73.3274,27.980536707
73.3333,27.980396008
73.3392,27.980577794
73.3452,27.980425855
73.3511,27.980587936
73.357,27.98043938
73.3629,27.980450621
73.3688,27.980418417
73.3747,27.980575746
73.3806,27.980320099
73.3865,27.980522934
73.3924,27.980493481
73.3983,27.98048345
73.4043,27.980420009
73.4102,27.980515849
73.4161,27.980409497
73.422,27.980545855
73.4279,27.980379718
73.4338,27.980428491
73.4397,27.980398542
73.4456,27.980445737
73.4515,27.98023755
73.4574,27.98029835
73.4634,27.980228601
73.4693,27.980235604
73.4752,27.980114385
73.4811,27.980284115
73.487,27.980144983
73.4929,27.980371404
73.4988,27.980297728
73.5047,27.980383199
73.5106,27.98035776
73.5165,27.980509343
73.5225,27.980459528
73.5284,27.98056959
73.5343,27.980612702
73.5402,27.980778589
73.5461,27.980605824
73.552,27.980727238
73.5579,27.980650732
73.5638,27.98086732
73.5697,27.980698812
73.5757,27.980813631
73.5816,27.980721178
73.5875,27.980874937
73.5934,27.980663022
73.5993,27.980840206
73.6052,27.980698293
73.6111,27.980826815
73.617,27.980697708
73.6229,27.98085727
73.6288,27.980750861
73.6348,27.980948044
73.6407,27.980738838
73.6466,27.980849544
73.6525,27.980816969
73.6584,27.980886611
73.6643,27.980723956
73.6702,27.980825318
73.6761,27.980771402
73.682,27.98083635
73.6879,27.980721839
73.6939,27.980757374
73.6998,27.980574832
73.7057,27.980695291
73.7116,27.980497384
73.7175,27.980579468
73.7234,27.980471783
73.7293,27.980606538
73.7352,27.980450764
73.7411,27.98066365
73.747,27.980599056
73.753,27.980718414
73.7589,27.980609889
73.7648,27.980798526
73.7707,27.980710336
73.7766,27.980876057
73.7825,27.980781481
73.7884,27.980902174
73.7943,27.98090161
73.8002,27.981020686
73.8061,27.980891563
73.8121,27.981042688
73.818,27.980927181
73.8239,27.980948473
73.8298,27.980860262
73.8357,27.981016567
73.8416,27.980858219
73.8475,27.981017347
73.8534,27.980937543
73.8593,27.981090277
73.8652,27.981009345
73.8712,27.981162154
73.8771,27.980975527
73.883,27.981173721
73.8889,27.981055579
73.8948,27.981123603
73.9007,27.981066547
73.9066,27.981134037
73.9125,27.980984753
73.9184,27.981125018
73.9243,27.981020765
73.9303,27.981063384
73.9362,27.98094183
73.9421,27.981011426
73.948,27.980770089
73.9539,27.980857964
73.9598,27.980755627
73.9657,27.980877665
73.9716,27.980947117
73.9775,27.980979081
73.9835,27.980922281
73.9894,27.981093272
73.9953,27.981008514
74.0012,27.981136817
74.0071,27.981166777
74.013,27.981256292
74.0189,27.98114003
74.0248,27.981279268
74.0307,27.981204586
74.0366,27.981203422
74.0426,27.981184413
74.0485,27.981250893
74.0544,27.981141031
74.0603,27.981207158
74.0662,27.981146533
74.0721,27.981154282
74.078,27.981150127
74.0839,27.981151647
74.0898,27.981018348
74.0957,27.981088935
74.1017,27.981097487
74.1076,27.981109884
74.1135,27.981033488
74.1194,27.981024519
74.1253,27.981012482
74.1312,27.981060996
74.1371,27.981042191
74.143,27.981090727
74.1489,27.981175431
74.1548,27.981159422
74.1608,27.981049457
74.1667,27.981139939
74.1726,27.981049827
74.1785,27.981005102
74.1844,27.981014668
74.1903,27.981120111
74.1962,27.981155784
74.2021,27.981271627
74.208,27.981281857
74.2139,27.981266959
74.2199,27.981282619
74.2258,27.981436665
74.2317,27.981212991
74.2376,27.981416832
74.2435,27.981426449
74.2494,27.981494164
74.2553,27.981462896
74.2612,27.981516505
74.2671,27.981425657
74.273,27.981501335
74.279,27.981388567
74.2849,27.981441709
74.2908,27.981386475
74.2967,27.981414403
74.3026,27.981354781
74.3085,27.981419029
74.3144,27.981368685
74.3203,27.981336564
74.3262,27.981316762
74.3322,27.981300064
74.3381,27.981230134
74.344,27.981172793
74.3499,27.981071355
74.3558,27.981018467
74.3617,27.980911192
74.3676,27.980893301
74.3735,27.980790012
74.3794,27.980724901
74.3853,27.980730408
74.3913,27.980656556
74.3972,27.980672045
74.4031,27.98074851
74.409,27.98078201
74.4149,27.980846672
74.4208,27.98090722
74.4267,27.980895541
74.4326,27.980963537
74.4385,27.981089519
74.4444,27.981061682
74.4504,27.981074064
74.4563,27.981170159
74.4622,27.981129006
74.4681,27.981226707
74.474,27.981265439
74.4799,27.98119634
74.4858,27.981271322
74.4917,27.981279122
74.4976,27.98117285
74.5035,27.981215385
74.5095,27.981252084
74.5154,27.981153133
74.5213,27.981217662
74.5272,27.98126754
74.5331,27.981252833
74.539,27.98126301
74.5449,27.981263178
74.5508,27.98120272
74.5567,27.981260101
74.5626,27.981251459
74.5686,27.981250828
74.5745,27.981214248
74.5804,27.981260401
74.5863,27.981100893
74.5922,27.981162216
74.5981,27.981096401
74.604,27.981079337
74.6099,27.980920995
74.6158,27.98092199
74.6217,27.980881258
74.6277,27.981045869
74.6336,27.981020933
74.6395,27.981095637
74.6454,27.98109386
74.6513,27.98119684
74.6572,27.981064249
74.6631,27.981117151
74.669,27.981085408
74.6749,27.981142733
74.6809,27.981165639
74.6868,27.981136169
74.6927,27.981108594
74.6986,27.9811533
74.7045,27.98113567
74.7104,27.981124393
74.7163,27.981101959
74.7222,27.981141542
74.7281,27.981025542
74.734,27.981020048
74.74,27.981090496
74.7459,27.981115599
74.7518,27.981023133
74.7577,27.981049275
74.7636,27.981029745
74.7695,27.981076019
74.7754,27.981039386
74.7813,27.980975775
74.7872,27.981050815
74.7931,27.981055075
74.7991,27.980971735
74.805,27.980992141
74.8109,27.981026073
74.8168,27.98109962
74.8227,27.981058158
74.8286,27.981097818
74.8345,27.981020851
74.8404,27.981170213
74.8463,27.981009665
74.8522,27.980999847
74.8582,27.981057839
74.8641,27.981072678
74.87,27.980880287
74.8759,27.980931145
74.8818,27.980889625
74.8877,27.980942174
74.8936,27.9808543
74.8995,27.98081717
74.9054,27.980828585
74.9113,27.980909086
74.9173,27.98082572
74.9232,27.980810999
74.9291,27.980866301
74.935,27.980891356
74.9409,27.980759187
74.9468,27.980834752
74.9527,27.980781433
74.9586,27.980873994
74.9645,27.98083498
74.9704,27.980844171
74.9764,27.980687244
74.9823,27.980813306
74.9882,27.980646946
74.9941,27.980691584
75.0,27.980577744
75.0059,27.9805746
75.0118,27.980498167
75.0177,27.980536763
75.0236,27.98050781
75.0296,27.98045368
75.0355,27.980482609
75.0414,27.980511531
75.0473,27.9804031
75.0532,27.980444777
75.0591,27.980488353
75.065,27.980452792
75.0709,27.980425429
75.0768,27.980490246
75.0827,27.980447947
75.0887,27.980413716
75.0946,27.980461097
75.1005,27.980332915
75.1064,27.980208107
75.1123,27.980221305
75.1182,27.980115224
75.1241,27.980189947
75.13,27.980116017
75.1359,27.980058821
75.1418,27.980134716
75.1478,27.980306983
75.1537,27.980180457
75.1596,27.980178619
75.1655,27.980181011
75.1714,27.980193498
75.1773,27.980213428
75.1832,27.980351585
75.1891,27.98025285
75.195,27.980438365
75.2009,27.980401067
75.2069,27.980459821
75.2128,27.980475989
75.2187,27.980592117
75.2246,27.980434181
75.2305,27.980562934
75.2364,27.980551863
75.2423,27.980512908
75.2482,27.980531443
75.2541,27.980563507
75.26,27.980482114
75.266,27.980512778
75.2719,27.980498064
75.2778,27.980433148
75.2837,27.980519711
75.2896,27.980583786
75.2955,27.980434894
75.3014,27.980444088
75.3073,27.980395828
75.3132,27.980299896
75.3191,27.980180672
75.3251,27.980212366
75.331,27.980127089
75.3369,27.980220386
75.3428,27.980160428
75.3487,27.980075801
75.3546,27.980005102
75.3605,27.979989012
75.3664,27.979806277
75.3723,27.97987713
75.3783,27.979756234
75.3842,27.97964909
75.3901,27.97961357
75.396,27.979544134
75.4019,27.97954735
75.4078,27.979772233
75.4137,27.979614177
75.4196,27.979616962
75.4255,27.979679981
75.4314,27.979750103
75.4374,27.979731241
75.4433,27.979860185
75.4492,27.979845987
75.4551,27.979909444
75.461,27.979919226
75.4669,27.980003917
75.4728,27.979880789
75.4787,27.980093314
75.4846,27.979966772
75.4905,27.979991746
75.4965,27.980004059
75.5024,27.980028837
75.5083,27.979855806
75.5142,27.980016732
75.5201,27.97998464
75.526,27.979974717
75.5319,27.979909618
75.5378,27.979824914
75.5437,27.979767926
75.5496,27.979839877
75.5556,27.979747644
75.5615,27.979716704
75.5674,27.979772608
75.5733,27.979756058
75.5792,27.979706961
75.5851,27.979857185
75.591,27.979727903
75.5969,27.979746912
75.6028,27.979696647
75.6087,27.979680349
75.6147,27.979636978
75.6206,27.979659689
75.6265,27.97951796
75.6324,27.97943005
75.6383,27.979382147
75.6442,27.979436663
75.6501,27.979324607
75.656,27.979511218
75.6619,27.979458069
75.6678,27.979462414
75.6738,27.979438814
75.6797,27.979454794
75.6856,27.979355694
75.6915,27.97955715
75.6974,27.979449264
75.7033,27.979502887
75.7092,27.979555783
75.7151,27.979604883
75.721,27.979532085
75.727,27.979600055
75.7329,27.979574679
75.7388,27.979573555
75.7447,27.979525529
75.7506,27.979554863
75.7565,27.979566004
75.7624,27.979670827
75.7683,27.979553583
75.7742,27.979509079
75.7801,27.979554781
75.7861,27.979509261
75.792,27.979353738
75.7979,27.979440781
75.8038,27.979376735
75.8097,27.979416024
75.8156,27.97942441
75.8215,27.979406996
75.8274,27.97935672
75.8333,27.979506351
75.8392,27.979395719
75.8452,27.979325044
75.8511,27.979329155
75.857,27.979398307
75.8629,27.979139727
75.8688,27.979243445
75.8747,27.979145372
75.8806,27.979171242
75.8865,27.97906607
75.8924,27.979187502
75.8983,27.979116311
75.9043,27.979253713
75.9102,27.979127561
75.9161,27.979094838
75.922,27.979178669
75.9279,27.979264781
75.9338,27.979073805
75.9397,27.979315935
75.9456,27.979297662
75.9515,27.979283755
75.9574,27.979311212
75.9634,27.979325256
75.9693,27.979273991
75.9752,27.979387451
75.9811,27.979308135
75.987,27.979290198
75.9929,27.979372025
75.9988,27.979368401
76.0047,27.979281515
76.0106,27.979349016
76.0165,27.979319716
76.0225,27.979365356
76.0284,27.979275871
76.0343,27.979218088
76.0402,27.979108057
76.0461,27.97924915
76.052,27.979093615
76.0579,27.979179384
76.0638,27.979156203
76.0697,27.979263029
76.0757,27.979101176
76.0816,27.979269903
76.0875,27.979171219
76.0934,27.979157259
76.0993,27.97900478
76.1052,27.979083135
76.1111,27.978890255
76.117,27.979094634
76.1229,27.978803803
76.1288,27.978844241
76.1348,27.978848146
76.1407,27.979008595
76.1466,27.978888733
76.1525,27.979032173
76.1584,27.978929012
76.1643,27.979074219
76.1702,27.97898573
76.1761,27.979163848
76.182,27.979077219
76.1879,27.97929671
76.1939,27.979172463
76.1998,27.979263812
76.2057,27.979204036
76.2116,27.979389934
76.2175,27.979109752
76.2234,27.979301406
76.2293,27.979189659
76.2352,27.979247829
76.2411,27.979138426
76.247,27.979204898
76.253,27.979078305
76.2589,27.979301061
76.2648,27.979076273
76.2707,27.979142967
76.2766,27.979161536
76.2825,27.979228164
76.2884,27.979015295
76.2943,27.97913656
76.3002,27.979095865
76.3061,27.979196079
76.3121,27.979088055
76.318,27.979229498
76.3239,27.979078789
76.3298,27.979258905
76.3357,27.979085175
76.3416,27.979112714
76.3475,27.979040816
76.3534,27.979111107
76.3593,27.978846159
76.3652,27.979039684
76.3712,27.979025364
76.3771,27.979027328
76.383,27.979076497
76.3889,27.979169823
76.3948,27.979023516
76.4007,27.979195209
76.4066,27.979072878
76.4125,27.97910079
76.4184,27.979047524
76.4243,27.979207803
76.4303,27.979084427
76.4362,27.979176878
76.4421,27.979180661
76.448,27.97917651
76.4539,27.979148586
76.4598,27.97918791
76.4657,27.979093435
76.4716,27.979270918
76.4775,27.97920169
76.4835,27.979158381
76.4894,27.979247607
76.4953,27.979288735
76.5012,27.979165098
76.5071,27.979264431
76.513,27.979289127
76.5189,27.979270061
76.5248,27.979259541
76.5307,27.979312109
76.5366,27.979173188
76.5426,27.979325635
76.5485,27.979325298
76.5544,27.979305065
76.5603,27.9794247
76.5662,27.979449986
76.5721,27.979337988
76.578,27.979320378
76.5839,27.979312268
76.5898,27.979227164
76.5957,27.979136337
76.6017,27.979137446
76.6076,27.979067636
76.6135,27.979067598
76.6194,27.9790761
76.6253,27.979049451
76.6312,27.979098746
76.6371,27.979180131
76.643,27.979039568
76.6489,27.979245702
76.6548,27.979215807
76.6608,27.979273941
76.6667,27.979305856
76.6726,27.979345016
76.6785,27.979308961
76.6844,27.979433908
76.6903,27.979390728
76.6962,27.979367069
76.7021,27.97943239
76.708,27.979590702
76.7139,27.979416647
76.7199,27.97954737
76.7258,27.97956826
76.7317,27.979539674
76.7376,27.979523313
76.7435,27.979598794
76.7494,27.979495464
76.7553,27.979630042
76.7612,27.97953845
76.7671,27.979504589
76.773,27.979451514
76.779,27.979470895
76.7849,27.97939584
76.7908,27.979495834
76.7967,27.97955337
76.8026,27.979526665
76.8085,27.979514955
76.8144,27.979524974
76.8203,27.979441643
76.8262,27.97953998
76.8322,27.979496224
76.8381,27.97943204
76.844,27.979451188
76.8499,27.979514675
76.8558,27.979362452
76.8617,27.97940672
76.8676,27.97937918
76.8735,27.979383725
76.8794,27.979440478
76.8853,27.979583617
76.8913,27.979518407
76.8972,27.979669976
76.9031,27.979674303
76.909,27.979673269
76.9149,27.979703482
76.9208,27.979740772
76.9267,27.979650809
76.9326,27.979748038
76.9385,27.979812164
76.9444,27.979780974
76.9504,27.979753666
76.9563,27.979738775
76.9622,27.979699502
76.9681,27.979759819
76.974,27.979794189
76.9799,27.979797176
76.9858,27.979829697
76.9917,27.979878976
76.9976,27.979802519
77.0035,27.979889618
77.0095,27.979878351
77.0154,27.979853866
77.0213,27.979824569
77.0272,27.979913887
77.0331,27.979886955
77.039,27.979932791
77.0449,27.979968901
77.0508,27.979966329
77.0567,27.979984588
77.0626,27.980071253
77.0686,27.979922258
77.0745,27.980087911
77.0804,27.980007738
77.0863,27.980102504
77.0922,27.97994118
77.0981,27.980005153
77.104,27.979884548
77.1099,27.979941081
77.1158,27.979870731
77.1217,27.979890033
77.1277,27.979928671
77.1336,27.979960238
77.1395,27.979934924
77.1454,27.979987802
77.1513,27.97991193
77.1572,27.980022864
77.1631,27.979986788
77.169,27.980099156
77.1749,27.980021676
77.1809,27.980188601
77.1868,27.980195334
77.1927,27.98018476
77.1986,27.980152742
77.2045,27.980241612
77.2104,27.980207419
77.2163,27.980312821
77.2222,27.980290273
77.2281,27.980391977
77.234,27.980368668
77.24,27.980460857
77.2459,27.980309804
77.2518,27.980457833
77.2577,27.980468332
77.2636,27.980508124
77.2695,27.980582861
77.2754,27.980636895
77.2813,27.980537713
77.2872,27.980595999
77.2931,27.980449724
77.2991,27.980529679
77.305,27.980529667
77.3109,27.980595947
77.3168,27.980492252
77.3227,27.980571835
77.3286,27.980476004
77.3345,27.980496935
77.3404,27.980434679
77.3463,27.980450357
77.3522,27.980411821
77.3582,27.980416566
77.3641,27.980397118
77.37,27.980396459
77.3759,27.980388869
77.3818,27.980421304
77.3877,27.980316594
77.3936,27.980433271
77.3995,27.980451077
77.4054,27.980521852
77.4113,27.980565623
77.4173,27.980661179
77.4232,27.980602656
77.4291,27.980753546
77.435,27.980732513
77.4409,27.980788525
77.4468,27.980754795
77.4527,27.980890099
77.4586,27.980824293
77.4645,27.980998234
77.4704,27.980928949
77.4764,27.981000164
77.4823,27.980919693
77.4882,27.981108464
77.4941,27.98094294
77.5,27.981096359
77.5059,27.980994941
77.5118,27.981073227
77.5177,27.980983667
77.5236,27.981055461
77.5296,27.980909311
77.5355,27.98099758
77.5414,27.980856312
77.5473,27.980996445
77.5532,27.980964036
77.5591,27.981092922
77.565,27.980937296
77.5709,27.98106651
77.5768,27.980956324
77.5827,27.981061443
77.5887,27.980938542
77.5946,27.981103833
77.6005,27.980929029
77.6064,27.981051925
77.6123,27.980893286
77.6182,27.980943097
77.6241,27.980915648
77.63,27.981029774
77.6359,27.980955625
77.6418,27.981142887
77.6478,27.981059434
77.6537,27.981175989
77.6596,27.98121009
77.6655,27.981349433
77.6714,27.981227354
77.6773,27.981409912
77.6832,27.98132769
77.6891,27.981408533
77.695,27.981399839
77.7009,27.981482116
77.7069,27.981411705
77.7128,27.981522413
77.7187,27.981425705
77.7246,27.981439251
77.7305,27.98142176
77.7364,27.981441203
77.7423,27.981421185
77.7482,27.981487087
77.7541,27.981457931
77.76,27.981456299
77.766,27.981547904
77.7719,27.981478858
77.7778,27.981451729
77.7837,27.981461496
77.7896,27.98143566
77.7955,27.981464899
77.8014,27.981512101
77.8073,27.981615262
77.8132,27.981498921
77.8191,27.981635742
77.8251,27.981562363
77.831,27.981635861
77.8369,27.981572437
77.8428,27.981597218
77.8487,27.981529173
77.8546,27.981639285
77.8605,27.981566086
77.8664,27.981584412
77.8723,27.981551088
77.8783,27.981627834
77.8842,27.981593815
77.8901,27.98159613
77.896,27.981600413
77.9019,27.981691744
77.9078,27.981650686
77.9137,27.981767091
77.9196,27.981715248
77.9255,27.981757897
77.9314,27.981724648
77.9374,27.981768913
77.9433,27.981760441
77.9492,27.981833462
77.9551,27.98180314
77.961,27.98186053
77.9669,27.981857619
77.9728,27.98188491
77.9787,27.981921954
77.9846,27.981933733
77.9905,27.98192308
77.9965,27.981986391
78.0024,27.981952449
78.0083,27.981969246
78.0142,27.9820126
78.0201,27.982061352
78.026,27.981980643
78.0319,27.982004572
78.0378,27.98202482
78.0437,27.982064577
78.0496,27.982115736
78.0556,27.982200811
78.0615,27.982104197
78.0674,27.982178248
78.0733,27.982070585
78.0792,27.982109655
78.0851,27.98214767
78.091,27.982148668
78.0969,27.982036722
78.1028,27.982005511
78.1087,27.981984688
78.1147,27.981958349
78.1206,27.981938312
78.1265,27.981972154
78.1324,27.98199025
78.1383,27.982013806
78.1442,27.982063464
78.1501,27.982038466
78.156,27.982048683
78.1619,27.98208409
78.1678,27.982114674
78.1738,27.982107793
78.1797,27.982176044
78.1856,27.982141096
78.1915,27.982243364
78.1974,27.982299424
78.2033,27.982272519
78.2092,27.982292582
78.2151,27.982347086
78.221,27.982331933
78.227,27.982345552
78.2329,27.982387038
78.2388,27.982370263
78.2447,27.982452007
78.2506,27.982496413
78.2565,27.982410536
78.2624,27.982501937
78.2683,27.982501253
78.2742,27.982437143
78.2801,27.98246047
78.2861,27.982512541
78.292,27.982487168
78.2979,27.982478226
78.3038,27.982435861
78.3097,27.982330305
78.3156,27.982449436
78.3215,27.982398391
78.3274,27.982404605
78.3333,27.982372806
78.3392,27.982486163
78.3452,27.982345198
78.3511,27.982448066
78.357,27.982448955
78.3629,27.982477897
78.3688,27.982394843
78.3747,27.982434039
78.3806,27.982412377
78.3865,27.982502113
78.3924,27.982414416
78.3983,27.98248181
78.4043,27.982462372
78.4102,27.982560424
78.4161,27.982460599
78.422,27.982608807
78.4279,27.982591117
78.4338,27.982645058
78.4397,27.982578991
78.4456,27.982656764
78.4515,27.982618634
78.4574,27.98273059
78.4634,27.982692134
78.4693,27.982696089
78.4752,27.98267101
78.4811,27.982766567
78.487,27.982635469
78.4929,27.982707554
78.4988,27.982634361
78.5047,27.982652307
78.5106,27.982567446
78.5165,27.982611792
78.5225,27.982504414
78.5284,27.982566338
78.5343,27.982535574
78.5402,27.98260125
78.5461,27.982549264
78.552,27.982589132
78.5579,27.982514026
78.5638,27.982554021
78.5697,27.982462563
78.5757,27.982472511
78.5816,27.982539675
78.5875,27.982618233
78.5934,27.982531795
78.5993,27.982629754
78.6052,27.982565319
78.6111,27.982550224
78.617,27.982579412
78.6229,27.982638744
78.6288,27.982561054
78.6348,27.982669724
78.6407,27.982644659
78.6466,27.982712024
78.6525,27.982624563
78.6584,27.982736559
78.6643,27.982557528
78.6702,27.982744663
78.6761,27.982579379
78.682,27.98269039
78.6879,27.982566173
78.6939,27.982710462
78.6998,27.98251232
78.7057,27.982608162
78.7116,27.98248869
78.7175,27.982543614
78.7234,27.98248943
78.7293,27.982574469
78.7352,27.982384627
78.7411,27.982538424
78.747,27.982467534
78.753,27.982545362
78.7589,27.982485593
78.7648,27.98261663
78.7707,27.982487517
78.7766,27.982630281
78.7825,27.982432205
78.7884,27.982593132
78.7943,27.982468318
78.8002,27.982577525
78.8061,27.982392644
78.8121,27.982583136
78.818,27.982470096
78.8239,27.982647048
78.8298,27.982577948
78.8357,27.982693028
78.8416,27.98264004
78.8475,27.982671464
78.8534,27.982546674
78.8593,27.982687902
78.8652,27.982515014
78.8712,27.982630634
78.8771,27.982473154
78.883,27.982565276
78.8889,27.982408269
78.8948,27.982493174
78.9007,27.982402186
78.9066,27.982490178
78.9125,27.982396245
78.9184,27.982521078
78.9243,27.982393516
78.9303,27.982516487
78.9362,27.982398205
78.9421,27.982479413
78.948,27.982408121
78.9539,27.982511226
78.9598,27.982376571
78.9657,27.982462951
78.9716,27.982403147
78.9775,27.982520007
78.9835,27.982395407
78.9894,27.982518741
78.9953,27.982421032
79.0012,27.982533655
79.0071,27.982453137
79.013,27.982539663
79.0189,27.982533437
79.0248,27.982626591
79.0307,27.98257034
79.0366,27.982626809
79.0426,27.982609298
79.0485,27.982683429
79.0544,27.982567582
79.0603,27.982669428
79.0662,27.982589015
79.0721,27.982696579
79.078,27.982571284
79.0839,27.982681303
79.0898,27.982575975
79.0957,27.98266617
79.1017,27.982562794
79.1076,27.982648664
79.1135,27.982529701
79.1194,27.982642582
79.1253,27.982544507
79.1312,27.982668321
79.1371,27.982535524
79.143,27.982572174
79.1489,27.982566129
79.1548,27.982668629
79.1608,27.982499679
79.1667,27.982579806
79.1726,27.982518738
79.1785,27.982642574
79.1844,27.982518195
79.1903,27.982578189
79.1962,27.982495981
79.2021,27.982591544
79.208,27.982398784
79.2139,27.982410237
79.2199,27.982398821
79.2258,27.9824302
79.2317,27.982303187
79.2376,27.982404942
79.2435,27.98232387
79.2494,27.982432186
79.2553,27.98231182
79.2612,27.982391017
79.2671,27.982260666
79.273,27.982369866
79.279,27.982218561
79.2849,27.982228989
79.2908,27.98215575
79.2967,27.982204359
79.3026,27.982082801
79.3085,27.982062807
79.3144,27.981981103
79.3203,27.98211566
79.3262,27.981914553
79.3322,27.982014069
79.3381,27.981935534
79.344,27.982024362
79.3499,27.981890584
79.3558,27.981985544
79.3617,27.981957725
79.3676,27.982054749
79.3735,27.981949814
79.3794,27.982060736
79.3853,27.982039349
79.3913,27.982128105
79.3972,27.982014696
79.4031,27.98203469
79.409,27.982031559
79.4149,27.982099949
79.4208,27.982017037
79.4267,27.982073517
79.4326,27.982003541
79.4385,27.982056148
79.4444,27.981919573
79.4504,27.981931922
79.4563,27.981859769
79.4622,27.981963317
79.4681,27.981901468
79.474,27.981887331
79.4799,27.981813377
79.4858,27.981905874
79.4917,27.981740077
79.4976,27.981805081
79.5035,27.981760632
79.5095,27.981843688
79.5154,27.981794268
79.5213,27.981797847
79.5272,27.981720486
79.5331,27.981770176
79.539,27.981670083
79.5449,27.981731989
79.5508,27.981656954
79.5567,27.981742636
79.5626,27.981606462
79.5686,27.98165535
79.5745,27.981584379
79.5804,27.98165679
79.5863,27.981597837
79.5922,27.981650635
79.5981,27.981631285
79.604,27.981709692
79.6099,27.981596029
79.6158,27.981665474
79.6217,27.981641416
79.6277,27.981730382
79.6336,27.981706101
79.6395,27.981651289
79.6454,27.981674723
79.6513,27.981715441
79.6572,27.981659439
79.6631,27.981661462
79.669,27.981630504
79.6749,27.981704612
79.6809,27.981511829
79.6868,27.981544992
79.6927,27.981488832
79.6986,27.981543629
79.7045,27.981392572
79.7104,27.981475915
79.7163,27.98142055
79.7222,27.981444421
79.7281,27.981325312
79.734,27.981440209
79.74,27.981349037
79.7459,27.981391985
79.7518,27.981257455
79.7577,27.9813636
79.7636,27.981287675
79.7695,27.98134661
79.7754,27.981247626
79.7813,27.981406177
79.7872,27.981279454
79.7931,27.98140319
79.7991,27.981261106
79.805,27.98138107
79.8109,27.981278757
79.8168,27.981426716
79.8227,27.981192182
79.8286,27.981425888
79.8345,27.981302536
79.8404,27.981383025
79.8463,27.981285739
79.8522,27.981354628
79.8582,27.981248884
79.8641,27.98128672
79.87,27.981125029
79.8759,27.981234871
79.8818,27.981126124
79.8877,27.981159615
79.8936,27.981004918
79.8995,27.981143742
79.9054,27.981029345
79.9113,27.981086869
79.9173,27.980956441
79.9232,27.981131607
79.9291,27.980908705
79.935,27.981090687
79.9409,27.980907679
79.9468,27.981068084
79.9527,27.980906986
79.9586,27.98097719
79.9645,27.980897431
79.9704,27.981067097
79.9764,27.98090977
79.9823,27.980983707
79.9882,27.98089273
79.9941,27.980981479
80.0,27.980890297
80.0059,27.980987439
80.0118,27.980927435
80.0177,27.981065319
80.0236,27.980940777
80.0296,27.98109831
80.0355,27.980931348
80.0414,27.981162632
80.0473,27.980973408
80.0532,27.981138613
80.0591,27.980840457
80.065,27.981024004
80.0709,27.980827052
80.0768,27.980981973
80.0827,27.980758452
80.0887,27.980977909
80.0946,27.980740607
80.1005,27.980901992
80.1064,27.980746453
80.1123,27.980936545
80.1182,27.980731984
80.1241,27.980919506
80.13,27.980721141
80.1359,27.980914195
80.1418,27.980703478
80.1478,27.980861078
80.1537,27.980677595
80.1596,27.980882646
80.1655,27.98075449
80.1714,27.980826745
80.1773,27.980655012
80.1832,27.980889655
80.1891,27.980695312
80.195,27.980834269
80.2009,27.98060181
80.2069,27.980811793
80.2128,27.980706363
80.2187,27.980832936
80.2246,27.980636295
80.2305,27.980877182
80.2364,27.980650357
80.2423,27.980781374
80.2482,27.980577067
80.2541,27.980730883
80.26,27.98052231
80.266,27.980701267
80.2719,27.980507176
80.2778,27.980620146
80.2837,27.980510018
80.2896,27.980692309
80.2955,27.98037892
80.3014,27.980616813
80.3073,27.9804676
80.3132,27.980608335
80.3191,27.980479673
80.3251,27.980672286
80.331,27.980454285
80.3369,27.98066602
80.3428,27.980457495
80.3487,27.980619552
80.3546,27.980497672
80.3605,27.980672601
80.3664,27.980487391
80.3723,27.980675431
80.3783,27.980549158
80.3842,27.9806884
80.3901,27.98048512
80.396,27.980701431
80.4019,27.980519473
80.4078,27.980652943
80.4137,27.980402959
80.4196,27.98057589
80.4255,27.980377258
80.4314,27.980543196
80.4374,27.98032659
80.4433,27.980496524
80.4492,27.98035412
80.4551,27.980474589
80.461,27.980291278
80.4669,27.980466886
80.4728,27.980353373
80.4787,27.980386025
80.4846,27.980283224
80.4905,27.980386628
80.4965,27.980239443
80.5024,27.980480923
80.5083,27.980212281
80.5142,27.980459948
80.5201,27.980305873
80.526,27.980421735
80.5319,27.98026966
80.5378,27.98043724
80.5437,27.980286114
80.5496,27.980389353
80.5556,27.980216081
80.5615,27.980390222
80.5674,27.980248038
80.5733,27.980429168
80.5792,27.980210221
80.5851,27.98031547
80.591,27.980255873
80.5969,27.980363317
80.6028,27.980149778
80.6087,27.980343317
80.6147,27.980172631
80.6206,27.980261211
80.6265,27.980101329
80.6324,27.980261447
80.6383,27.9800695
80.6442,27.980253973
80.6501,27.98004742
80.656,27.980268124
80.6619,27.980085421
80.6678,27.98022417
80.6738,27.980024957
80.6797,27.980261437
80.6856,27.980098866
80.6915,27.980194108
80.6974,27.979989724
80.7033,27.980221001
80.7092,27.980078485
80.7151,27.980305472
80.721,27.980088206
80.727,27.980259878
80.7329,27.980215565
80.7388,27.98027555
80.7447,27.980124968
80.7506,27.980346701
80.7565,27.980125508
80.7624,27.980279142
80.7683,27.980181453
80.7742,27.980258471
80.7801,27.980163122
80.7861,27.98033537
80.792,27.980122605
80.7979,27.980296087
80.8038,27.980101259
80.8097,27.980241181
80.8156,27.979985733
80.8215,27.980190969
80.8274,27.979998906
80.8333,27.980204118
80.8392,27.980035642
80.8452,27.980142233
80.8511,27.980101204
80.857,27.980242409
80.8629,27.980085413
80.8688,27.980126318
80.8747,27.980109066
80.8806,27.980186606
80.8865,27.980053584
80.8924,27.980222423
80.8983,27.980117432
80.9043,27.980226245
80.9102,27.980102704
80.9161,27.980143278
80.922,27.980115883
80.9279,27.980261767
80.9338,27.980046857
80.9397,27.980174657
80.9456,27.980135638
80.9515,27.980310459
80.9574,27.980130201
80.9634,27.980329994
80.9693,27.980124614
80.9752,27.980251123
80.9811,27.98014001
80.987,27.980335248
80.9929,27.980201869
80.9988,27.980391913
81.0047,27.98018167
81.0106,27.980327175
81.0165,27.980291726
81.0225,27.980408677
81.0284,27.980224975
81.0343,27.980429851
81.0402,27.980145537
81.0461,27.980371221
81.052,27.980218917
81.0579,27.980325975
81.0638,27.980241777
81.0697,27.980375963
81.0757,27.980173643
81.0816,27.980309602
81.0875,27.980214594
81.0934,27.980428799
81.0993,27.980131793
81.1052,27.980371569
81.1111,27.980004472
81.117,27.980210185
81.1229,27.980061679
81.1288,27.980184803
81.1348,27.980030184
81.1407,27.980209177
81.1466,27.979918357
81.1525,27.980199811
81.1584,27.980063922
81.1643,27.98027275
81.1702,27.980171807
81.1761,27.980372526
81.182,27.980208881
81.1879,27.98047327
81.1939,27.980255364
81.1998,27.980415887
81.2057,27.980356247
81.2116,27.980550165
81.2175,27.980238965
81.2234,27.980487906
81.2293,27.980444003
81.2352,27.980473815
81.2411,27.98038688
81.247,27.980599473
81.253,27.980343329
81.2589,27.980477416
81.2648,27.98023491
81.2707,27.980502844
81.2766,27.980387157
81.2825,27.980577674
81.2884,27.980325404
81.2943,27.98056987
81.3002,27.98035375
81.3061,27.980493326
81.3121,27.980327838
81.318,27.980632026
81.3239,27.980337332
81.3298,27.980514041
81.3357,27.9803413
81.3416,27.980470026
81.3475,27.980314124
81.3534,27.980442001
81.3593,27.980189619
81.3652,27.980420661
81.3712,27.980229108
81.3771,27.980403918
81.383,27.980258058
81.3889,27.980446179
81.3948,27.980213166
81.4007,27.980475113
81.4066,27.980261386
81.4125,27.980484012
81.4184,27.980419277
81.4243,27.980665252
81.4303,27.980416823
81.4362,27.98069199
81.4421,27.980570063
81.448,27.980646393
81.4539,27.980533778
81.4598,27.98072517
81.4657,27.980529048
81.4716,27.980733303
81.4775,27.980510327
81.4835,27.980681645
81.4894,27.98059599
81.4953,27.98075553
81.5012,27.980506805
81.5071,27.98075714
81.513,27.980594074
81.5189,27.980711394
81.5248,27.980543432
81.5307,27.980753976
81.5366,27.98054403
81.5426,27.980753471
81.5485,27.980529304
81.5544,27.980735846
81.5603,27.980624883
81.5662,27.980778493
81.5721,27.980596001
81.578,27.9807346
81.5839,27.980698066
81.5898,27.980752554
81.5957,27.980635326
81.6017,27.980803018
81.6076,27.980631812
81.6135,27.980807241
81.6194,27.980630599
81.6253,27.980748794
81.6312,27.980660373
81.6371,27.98078329
81.643,27.98060562
81.6489,27.980806612
81.6548,27.98069656
81.6608,27.980814684
81.6667,27.980689567
81.6726,27.980907974
81.6785,27.980740645
81.6844,27.980852802
81.6903,27.980756106
81.6962,27.980917694
81.7021,27.98082993
81.708,27.980936495
81.7139,27.980759714
81.7199,27.980996873
81.7258,27.980922094
81.7317,27.980963936
81.7376,27.980872348
81.7435,27.98099173
81.7494,27.980713128
81.7553,27.980882761
81.7612,27.980701289
81.7671,27.980855966
81.773,27.98079773
81.779,27.980939294
81.7849,27.980683265
81.7908,27.9808946
81.7967,27.980780272
81.8026,27.980918076
81.8085,27.980675597
81.8144,27.980841683
81.8203,27.980605355
81.8262,27.980686353
81.8322,27.980467609
81.8381,27.980622498
81.844,27.980588393
81.8499,27.980744688
81.8558,27.980511294
81.8617,27.980745033
81.8676,27.98074793
81.8735,27.980903724
81.8794,27.980773724
81.8853,27.981048133
81.8913,27.980866924
81.8972,27.981069712
81.9031,27.980892869
81.909,27.981079021
81.9149,27.98103795
81.9208,27.981160842
81.9267,27.980961026
81.9326,27.981183502
81.9385,27.981060524
81.9444,27.981206465
81.9504,27.981052144
81.9563,27.981189357
81.9622,27.981028401
81.9681,27.981161522
81.974,27.98097524
81.9799,27.98118104
81.9858,27.981099478
81.9917,27.981310647
81.9976,27.981034195
82.0035,27.981241176
82.0095,27.981171338
82.0154,27.981307757
82.0213,27.98116004
82.0272,27.981363669
82.0331,27.981165765
82.039,27.98132966
82.0449,27.981060997
82.0508,27.981277692
82.0567,27.981173743
82.0626,27.981277973
82.0686,27.98101868
82.0745,27.981179914
82.0804,27.98104397
82.0863,27.981166647
82.0922,27.980931845
82.0981,27.981129519
82.104,27.981001826
82.1099,27.981181028
82.1158,27.98097663
82.1217,27.981196693
82.1277,27.981026922
82.1336,27.981210481
82.1395,27.981008885
82.1454,27.981225028
82.1513,27.981112463
82.1572,27.981247446
82.1631,27.981076926
82.169,27.981254158
82.1749,27.981109049
82.1809,27.981317576
82.1868,27.981038296
82.1927,27.981283491
82.1986,27.981061152
82.2045,27.981340717
82.2104,27.981036774
82.2163,27.981331356
82.2222,27.98113776
82.2281,27.981279715
82.234,27.981125801
82.24,27.981392039
82.2459,27.981190836
82.2518,27.981447343
82.2577,27.981177515
82.2636,27.981421449
82.2695,27.981337269
82.2754,27.981528487
82.2813,27.981282528
82.2872,27.981553372
82.2931,27.98134026
82.2991,27.98147408
82.305,27.981319554
82.3109,27.981524975
82.3168,27.981350685
82.3227,27.981494928
82.3286,27.981312582
82.3345,27.981493605
82.3404,27.981348187
82.3463,27.981542537
82.3522,27.981283027
82.3582,27.981500904
82.3641,27.981318954
82.37,27.981385086
82.3759,27.981182375
82.3818,27.981351451
82.3877,27.981070788
82.3936,27.981286004
82.3995,27.981029068
82.4054,27.981325008
82.4113,27.981111074
82.4173,27.981332567
82.4232,27.981085293
82.4291,27.981364777
82.435,27.98126682
82.4409,27.98147097
82.4468,27.981280673
82.4527,27.981588403
82.4586,27.981382448
82.4645,27.981648244
82.4704,27.98141891
82.4764,27.981650813
82.4823,27.981478359
82.4882,27.981653375
82.4941,27.981403273
82.5,27.981705586
82.5059,27.981507073
82.5118,27.981666799
82.5177,27.981431557
82.5236,27.981597188
82.5296,27.981399879
82.5355,27.981639565
82.5414,27.981402325
82.5473,27.981646
82.5532,27.981469076
82.5591,27.981622694
82.565,27.981296321
82.5709,27.981533541
82.5768,27.981327811
82.5827,27.981486799
82.5887,27.981213653
82.5946,27.981395853
82.6005,27.981172173
82.6064,27.981316461
82.6123,27.981001878
82.6182,27.981193406
82.6241,27.981009545
82.63,27.981141817
82.6359,27.980906458
82.6418,27.981143893
82.6478,27.981053648
82.6537,27.981237475
82.6596,27.981064064
82.6655,27.981331764
82.6714,27.981105682
82.6773,27.981328299
82.6832,27.98115739
82.6891,27.981456141
82.695,27.981308027
82.7009,27.981482777
82.7069,27.981324339
82.7128,27.981591479
82.7187,27.981437137
82.7246,27.981558541
82.7305,27.981439027
82.7364,27.981623475
82.7423,27.981408728
82.7482,27.981554117
82.7541,27.981391822
82.76,27.981662418
82.766,27.981482638
82.7719,27.981578886
82.7778,27.981434047
82.7837,27.981644537
82.7896,27.981500867
82.7955,27.981601721
82.8014,27.981505524
82.8073,27.98160482
82.8132,27.981371387
82.8191,27.981559771
82.8251,27.981391644
82.831,27.981587589
82.8369,27.981459846
82.8428,27.981563181
82.8487,27.981387821
82.8546,27.981498813
82.8605,27.981314372
82.8664,27.981332486
82.8723,27.981175914
82.8783,27.981303416
82.8842,27.981122301
82.8901,27.981180915
82.896,27.981093889
82.9019,27.98130756
82.9078,27.981235954
82.9137,27.981377959
82.9196,27.981237819
82.9255,27.981392227
82.9314,27.981338751
82.9374,27.981429032
82.9433,27.98144326
82.9492,27.981563706
82.9551,27.981504102
82.961,27.981626867
82.9669,27.981511527
82.9728,27.981737407
82.9787,27.981653609
82.9846,27.981759011
82.9905,27.981581386
82.9965,27.981721265
83.0024,27.98159782
83.0083,27.981651123
83.0142,27.981554936
83.0201,27.981677283
83.026,27.981613423
83.0319,27.981719931
83.0378,27.981536205
83.0437,27.981749357
83.0496,27.981709694
83.0556,27.981801574
83.0615,27.981604746
83.0674,27.981745365
83.0733,27.981595424
83.0792,27.981620708
83.0851,27.981491645
83.091,27.98164934
83.0969,27.981552406
83.1028,27.981605941
83.1087,27.981386967
83.1147,27.98150324
83.1206,27.981393699
83.1265,27.98142107
83.1324,27.981236894
83.1383,27.981279111
83.1442,27.981155644
83.1501,27.981161873
83.156,27.981051395
83.1619,27.981167367
83.1678,27.981026876
83.1738,27.981158957
83.1797,27.981006406
83.1856,27.981103977
83.1915,27.981117043
83.1974,27.98119034
83.2033,27.981124778
83.2092,27.981268704
83.2151,27.981241696
83.221,27.98128158
83.227,27.981254373
83.2329,27.981384514
83.2388,27.981325808
83.2447,27.981443794
83.2506,27.98130121
83.2565,27.981451664
83.2624,27.98137156
83.2683,27.981396053
83.2742,27.981302472
83.2801,27.981436959
83.2861,27.981398596
83.292,27.981464906
83.2979,27.98134842
83.3038,27.981475792
83.3097,27.981379327
83.3156,27.981428076
83.3215,27.981353102
83.3274,27.981450747
83.3333,27.981362838
83.3392,27.98143015
83.3452,27.981193378
83.3511,27.981317386
83.357,27.981271365
83.3629,27.981318101
83.3688,27.981239305
83.3747,27.981257128
83.3806,27.981140921
83.3865,27.981216419
83.3924,27.981007462
83.3983,27.981104126
83.4043,27.980989086
83.4102,27.981015889
83.4161,27.980793222
83.422,27.980972776
83.4279,27.980850925
83.4338,27.980914688
83.4397,27.980859576
83.4456,27.980993499
83.4515,27.980879951
83.4574,27.981006591
83.4634,27.980915579
83.4693,27.981041566
83.4752,27.980960708
83.4811,27.981126539
83.487,27.980952585
83.4929,27.981123277
83.4988,27.981094269
83.5047,27.981206977
83.5106,27.98107413
83.5165,27.981245781
83.5225,27.981100064
83.5284,27.981206464
83.5343,27.981026012
83.5402,27.981169761
83.5461,27.98112733
83.552,27.981222036
83.5579,27.98106907
83.5638,27.981195328
83.5697,27.981204875
83.5757,27.981255894
83.5816,27.981123292
83.5875,27.981257788
83.5934,27.981176892
83.5993,27.981211831
83.6052,27.981049484
83.6111,27.981144078
83.617,27.981008236
83.6229,27.981103955
83.6288,27.98090924
83.6348,27.981067051
83.6407,27.98101087
83.6466,27.981050119
83.6525,27.980849834
83.6584,27.980977676
83.6643,27.980779612
83.6702,27.980885528
83.6761,27.980688664
83.682,27.980822443
83.6879,27.980682139
83.6939,27.980820932
83.6998,27.980642951
83.7057,27.980805123
83.7116,27.980739983
83.7175,27.980830434
83.7234,27.980731283
83.7293,27.980833704
83.7352,27.980793291
83.7411,27.980947311
83.747,27.980775867
83.753,27.980951381
83.7589,27.980845658
83.7648,27.980995839
83.7707,27.980807687
83.7766,27.980962426
83.7825,27.980900696
83.7884,27.98098476
83.7943,27.980813505
83.8002,27.980965657
83.8061,27.980781278
83.8121,27.980959027
83.818,27.980814129
83.8239,27.98096944
83.8298,27.98086485
83.8357,27.981003325
83.8416,27.980816332
83.8475,27.980965991
83.8534,27.98086819
83.8593,27.981031008
83.8652,27.980842212
83.8712,27.981047142
83.8771,27.980863853
83.883,27.980990016
83.8889,27.980738448
83.8948,27.980854159
83.9007,27.980782758
83.9066,27.980833099
83.9125,27.980675677
83.9184,27.980798798
83.9243,27.980699694
83.9303,27.9807501
83.9362,27.980556355
83.9421,27.980721575
83.948,27.980446659
83.9539,27.980560388
83.9598,27.980442272
83.9657,27.980605157
83.9716,27.980456058
83.9775,27.980617176
83.9835,27.980485804
83.9894,27.980640631
83.9953,27.980470675
84.0012,27.980559572
84.0071,27.980520858
84.013,27.98068024
84.0189,27.980560956
84.0248,27.980657681
84.0307,27.980602151
84.0366,27.980789215
84.0426,27.980660548
84.0485,27.980810254
84.0544,27.980604746
84.0603,27.98087002
84.0662,27.980655029
84.0721,27.980758131
84.078,27.980636983
84.0839,27.980778475
84.0898,27.980692167
84.0957,27.980775345
84.1017,27.980726703
84.1076,27.980890915
84.1135,27.980739914
84.1194,27.980831334
84.1253,27.980742345
84.1312,27.980912885
84.1371,27.980738242
84.143,27.980804925
84.1489,27.980673157
84.1548,27.980865425
84.1608,27.980593405
84.1667,27.980728319
84.1726,27.980538359
84.1785,27.980727573
84.1844,27.980512934
84.1903,27.980653917
84.1962,27.980376095
84.2021,27.980581862
84.208,27.980387975
84.2139,27.980469517
84.2199,27.980313389
84.2258,27.980460356
84.2317,27.980235097
84.2376,27.980364065
84.2435,27.980176098
84.2494,27.980418406
84.2553,27.980311489
84.2612,27.980475472
84.2671,27.980233728
84.273,27.980553901
84.279,27.980376952
84.2849,27.980602967
84.2908,27.980456075
84.2967,27.980690255
84.3026,27.980451946
84.3085,27.980717657
84.3144,27.980531296
84.3203,27.980693857
84.3262,27.980595081
84.3322,27.980719014
84.3381,27.980539202
84.344,27.980735379
84.3499,27.980549237
84.3558,27.980683041
84.3617,27.980576868
84.3676,27.980789159
84.3735,27.980600304
84.3794,27.980788825
84.3853,27.980583529
84.3913,27.980828295
84.3972,27.980665838
84.4031,27.980737757
84.409,27.98050948
84.4149,27.980706283
84.4208,27.980530638
84.4267,27.980647799
84.4326,27.980559714
84.4385,27.980684106
84.4444,27.980522458
84.4504,27.980577087
84.4563,27.980365305
84.4622,27.980528596
84.4681,27.980272058
84.474,27.980468081
84.4799,27.98013372
84.4858,27.98042051
84.4917,27.98018572
84.4976,27.980438578
84.5035,27.980248239
84.5095,27.980497434
84.5154,27.980390826
84.5213,27.98057763
84.5272,27.980445844
84.5331,27.980567311
84.539,27.980517138
84.5449,27.980704137
84.5508,27.980532698
84.5567,27.980758981
84.5626,27.980642709
84.5686,27.980804174
84.5745,27.980572389
84.5804,27.980835852
84.5863,27.980622529
84.5922,27.98077383
84.5981,27.980603166
84.604,27.980800806
84.6099,27.980646617
84.6158,27.980778356
84.6217,27.9805875
84.6277,27.980850372
84.6336,27.980659853
84.6395,27.980788862
84.6454,27.980558127
84.6513,27.980727292
84.6572,27.980570837
84.6631,27.980784072
84.669,27.980576794
84.6749,27.980718398
84.6809,27.980583718
84.6868,27.980711049
84.6927,27.980435574
84.6986,27.980653713
84.7045,27.980421455
84.7104,27.980555925
84.7163,27.980327132
84.7222,27.980537894
84.7281,27.980301613
84.734,27.980525081
84.74,27.980346549
84.7459,27.980598825
84.7518,27.980472999
84.7577,27.980645333
84.7636,27.980477087
84.7695,27.980697312
84.7754,27.98051573
84.7813,27.980661803
84.7872,27.980565467
84.7931,27.980692153
84.7991,27.980530788
84.805,27.980790822
84.8109,27.980578437
84.8168,27.980806707
84.8227,27.980586858
84.8286,27.980833326
84.8345,27.980553497
84.8404,27.98081676
84.8463,27.980634188
84.8522,27.980771877
84.8582,27.980629146
84.8641,27.980834741
84.87,27.98060905
84.8759,27.980849775
84.8818,27.98066258
84.8877,27.980857019
84.8936,27.980706947
84.8995,27.98088374
84.9054,27.980661068
84.9113,27.980908461
84.9173,27.980759194
84.9232,27.980938046
84.9291,27.98082699
84.935,27.981003465
84.9409,27.980856963
84.9468,27.981054221
84.9527,27.980796157
84.9586,27.980944786
84.9645,27.980784913
84.9704,27.981049149
84.9764,27.98073385
84.9823,27.981048831
84.9882,27.980817473
84.9941,27.980995036
85.0,27.980807357
85.0059,27.980997069
85.0118,27.980778612
85.0177,27.981070571
85.0236,27.980875899
85.0296,27.981014371
85.0355,27.980875787
85.0414,27.981053093
85.0473,27.980866465
85.0532,27.981046922
85.0591,27.980835321
85.065,27.980997405
85.0709,27.980897462
85.0768,27.980990027
85.0827,27.98081575
85.0887,27.981014314
85.0946,27.980832401
85.1005,27.980951013
85.1064,27.98078363
85.1123,27.98098974
85.1182,27.980741189
85.1241,27.980972269
85.13,27.98078932
85.1359,27.980955532
85.1418,27.980865828
85.1478,27.981042464
85.1537,27.980856748
85.1596,27.981130666
85.1655,27.980922791
85.1714,27.98110403
85.1773,27.980952696
85.1832,27.98114528
85.1891,27.98086141
85.195,27.981109682
85.2009,27.980849142
85.2069,27.981056153
85.2128,27.980907461
85.2187,27.981098516
85.2246,27.980917388
85.2305,27.981187004
85.2364,27.980985994
85.2423,27.981133033
85.2482,27.980972476
85.2541,27.981127588
85.26,27.980899432
85.266,27.981186105
85.2719,27.981015117
85.2778,27.981195181
85.2837,27.981028521
85.2896,27.981248468
85.2955,27.980948136
85.3014,27.9813224
85.3073,27.98106462
85.3132,27.981304649
85.3191,27.981163981
85.3251,27.981345476
85.331,27.981103652
85.3369,27.981407416
85.3428,27.981218106
85.3487,27.981388117
85.3546,27.981287019
85.3605,27.981455472
85.3664,27.981280856
85.3723,27.981539678
85.3783,27.981276534
85.3842,27.981526117
85.3901,27.981270122
85.396,27.981480883
85.4019,27.98113273
85.4078,27.981463465
85.4137,27.981236436
85.4196,27.981407572
85.4255,27.981258921
85.4314,27.981428499
85.4374,27.981152328
85.4433,27.9814988
85.4492,27.981196636
85.4551,27.981432706
85.461,27.98123777
85.4669,27.981438637
85.4728,27.981189204
85.4787,27.981480934
85.4846,27.981301252
85.4905,27.981430158
85.4965,27.981343768
85.5024,27.981479417
85.5083,27.981255515
85.5142,27.981566164
85.5201,27.981385863
85.526,27.981599332
85.5319,27.981451927
85.5378,27.981715566
85.5437,27.981434328
85.5496,27.981756971
85.5556,27.98150794
85.5615,27.981723075
85.5674,27.981515847
85.5733,27.98169288
85.5792,27.981445922
85.5851,27.98171264
85.591,27.981457162
85.5969,27.981628437
85.6028,27.981513807
85.6087,27.981618787
85.6147,27.981453649
85.6206,27.98169043
85.6265,27.981488504
85.6324,27.981685921
85.6383,27.981510307
85.6442,27.98169632
85.6501,27.981462604
85.656,27.981801909
85.6619,27.981486522
85.6678,27.981689206
85.6738,27.981529632
85.6797,27.981727488
85.6856,27.981468149
85.6915,27.981755132
85.6974,27.981534359
85.7033,27.981733316
85.7092,27.981584681
85.7151,27.981757406
85.721,27.981509432
85.727,27.981747118
85.7329,27.981574481
85.7388,27.981729681
85.7447,27.981541548
85.7506,27.981770639
85.7565,27.981463879
85.7624,27.981766502
85.7683,27.98151996
85.7742,27.981729553
85.7801,27.981573369
85.7861,27.981774762
85.792,27.981573926
85.7979,27.981858477
85.8038,27.98164447
85.8097,27.981819254
85.8156,27.981685571
85.8215,27.981856103
85.8274,27.98163841
85.8333,27.981885421
85.8392,27.981672961
85.8452,27.981895001
85.8511,27.981731689
85.857,27.981899273
85.8629,27.981669398
85.8688,27.981983925
85.8747,27.981812853
85.8806,27.981972096
85.8865,27.981866994
85.8924,27.982069022
85.8983,27.981799085
85.9043,27.982126638
85.9102,27.98191528
85.9161,27.982111135
85.922,27.981831861
85.9279,27.982056412
85.9338,27.981740285
85.9397,27.982003293
85.9456,27.98178614
85.9515,27.98198162
85.9574,27.981754678
85.9634,27.981994618
85.9693,27.98171778
85.9752,27.982027338
85.9811,27.981762519
85.987,27.981959882
85.9929,27.981803563
85.9988,27.981997058
86.0047,27.981718908
86.0106,27.982050635
86.0165,27.981819834
86.0225,27.98200475
86.0284,27.981827516
86.0343,27.982061128
86.0402,27.981857736
86.0461,27.982148301
86.052,27.981941342
86.0579,27.9821309
86.0638,27.98199321
86.0697,27.982258243
86.0757,27.981983344
86.0816,27.982288143
86.0875,27.982031936
86.0934,27.982224492
86.0993,27.982015296
86.1052,27.982296004
86.1111,27.98191761
86.117,27.982204934
86.1229,27.981937243
86.1288,27.982192707
86.1348,27.981932402
86.1407,27.982256919
86.1466,27.981908594
86.1525,27.982204659
86.1584,27.982028668
86.1643,27.98215452
86.1702,27.981925203
86.1761,27.982207709
86.182,27.981855749
86.1879,27.982233576
86.1939,27.981947993
86.1998,27.982255052
86.2057,27.981971235
86.2116,27.982252691
86.2175,27.981959066
86.2234,27.982291473
86.2293,27.982001909
86.2352,27.982350749
86.2411,27.98205482
86.247,27.98236211
86.253,27.982021954
86.2589,27.982441742
86.2648,27.982128241
86.2707,27.982409557
86.2766,27.982103372
86.2825,27.982448264
86.2884,27.982048715
86.2943,27.982396141
86.3002,27.982052207
86.3061,27.982341401
86.3121,27.982037578
86.318,27.982357489
86.3239,27.981996442
86.3298,27.982390335
86.3357,27.982099343
86.3416,27.982340419
86.3475,27.982039857
86.3534,27.982338689
86.3593,27.982017316
86.3652,27.982409879
86.3712,27.982099117
86.3771,27.982370349
86.383,27.982118569
86.3889,27.982398382
86.3948,27.982061042
86.4007,27.982451641
86.4066,27.982174431
86.4125,27.982467971
86.4184,27.982166993
86.4243,27.98254061
86.4303,27.982201851
86.4362,27.982614547
86.4421,27.98227166
86.448,27.9825196
86.4539,27.982204515
86.4598,27.98251878
86.4657,27.982134714
86.4716,27.982483882
86.4775,27.982187812
86.4835,27.982399787
86.4894,27.982133057
86.4953,27.982382623
86.5012,27.982115112
86.5071,27.982438149
86.513,27.982153638
86.5189,27.982421627
86.5248,27.982142401
86.5307,27.982387929
86.5366,27.982115394
86.5426,27.982475538
86.5485,27.98218929
86.5544,27.982417165
86.5603,27.982166598
86.5662,27.982490356
86.5721,27.982174943
86.578,27.982527491
86.5839,27.982238979
86.5898,27.982504749
86.5957,27.982242618
86.6017,27.982543509
86.6076,27.982248087
86.6135,27.982592019
86.6194,27.982353273
86.6253,27.982593275
86.6312,27.982312775
86.6371,27.982588309
86.643,27.982285703
86.6489,27.982614573
86.6548,27.982288123
86.6608,27.982502333
86.6667,27.982209534
86.6726,27.982484511
86.6785,27.982151895
86.6844,27.982514216
86.6903,27.982250304
86.6962,27.982507339
86.7021,27.982188503
86.708,27.982483507
86.7139,27.982168983
86.7199,27.982506403
86.7258,27.982199084
86.7317,27.982439285
86.7376,27.982174562
86.7435,27.982481097
86.7494,27.982169984
86.7553,27.982504669
86.7612,27.982223594
86.7671,27.982522027
86.773,27.982220057
86.779,27.98251528
86.7849,27.982247557
86.7908,27.982591813
86.7967,27.982299056
86.8026,27.982576515
86.8085,27.982322266
86.8144,27.982571656
86.8203,27.982230708
86.8262,27.982573514
86.8322,27.982287908
86.8381,27.982522796
86.844,27.982144702
86.8499,27.982475521
86.8558,27.982169431
86.8617,27.982508125
86.8676,27.982163734
86.8735,27.982444659
86.8794,27.982134389
86.8853,27.982479131
86.8913,27.982053545
86.8972,27.982462018
86.9031,27.982136225
86.909,27.982428288
86.9149,27.98209894
86.9208,27.982427711
86.9267,27.982137612
86.9326,27.982462275
86.9385,27.982142776
86.9444,27.982454047
86.9504,27.982166534
86.9563,27.982476734
86.9622,27.98209427
86.9681,27.982490964
86.974,27.982250658
86.9799,27.982554273
86.9858,27.982214857
86.9917,27.982525902
86.9976,27.982221501
87.0035,27.982555166
87.0095,27.982203573
87.0154,27.982472349
87.0213,27.982096834
87.0272,27.982392617
87.0331,27.982010048
87.039,27.982453477
87.0449,27.982094656
87.0508,27.982449544
87.0567,27.982016593
87.0626,27.982413999
87.0686,27.982008495
87.0745,27.98242498
87.0804,27.982034363
87.0863,27.982370599
87.0922,27.982049637
87.0981,27.982345887
87.104,27.982059025
87.1099,27.982321721
87.1158,27.982117394
87.1217,27.982336569
87.1277,27.982011357
87.1336,27.982411342
87.1395,27.981996374
87.1454,27.982390715
87.1513,27.982120868
87.1572,27.982368941
87.1631,27.982074659
87.169,27.982453363
87.1749,27.982057198
87.1809,27.982435685
87.1868,27.98215006
87.1927,27.982389006
87.1986,27.982040313
87.2045,27.982328969
87.2104,27.981915137
87.2163,27.982286491
87.2222,27.981995376
87.2281,27.982216726
87.234,27.981881027
87.24,27.982313393
87.2459,27.981854144
87.2518,27.982206989
87.2577,27.981943571
87.2636,27.982148837
87.2695,27.981870312
87.2754,27.982204267
87.2813,27.981820387
87.2872,27.982163417
87.2931,27.981925003
87.2991,27.982194282
87.305,27.981877221
87.3109,27.982195116
87.3168,27.981784937
87.3227,27.98219893
87.3286,27.981923858
87.3345,27.982148025
87.3404,27.981866973
87.3463,27.982239321
87.3522,27.981909884
87.3582,27.982209042
87.3641,27.981954425
87.37,27.982145478
87.3759,27.981877042
87.3818,27.982202918
87.3877,27.981782901
87.3936,27.982052836
87.3995,27.981829266
87.4054,27.98201994
87.4113,27.981711742
87.4173,27.982069347
87.4232,27.98167428
87.4291,27.981987924
87.435,27.981718775
87.4409,27.981900841
87.4468,27.981670494
87.4527,27.981965787
87.4586,27.981603535
87.4645,27.981971952
87.4704,27.981682329
87.4764,27.98189681
87.4823,27.98159983
87.4882,27.982008882
87.4941,27.981604384
87.5,27.981997209
87.5059,27.981644542
87.5118,27.98191995
87.5177,27.98165037
87.5236,27.982042623
87.5296,27.981627692
87.5355,27.981967418
87.5414,27.981702683
87.5473,27.982011661
87.5532,27.981628684
87.5591,27.981939466
87.565,27.981520755
87.5709,27.981885211
87.5768,27.981516132
87.5827,27.981813083
87.5887,27.981472419
87.5946,27.981850638
87.6005,27.981415743
87.6064,27.981715301
87.6123,27.981485356
87.6182,27.981774903
87.6241,27.981358939
87.63,27.98167368
87.6359,27.981348008
87.6418,27.98174447
87.6478,27.981401223
87.6537,27.981681571
87.6596,27.981373057
87.6655,27.981767321
87.6714,27.981305308
87.6773,27.981706602
87.6832,27.981434993
87.6891,27.981712211
87.695,27.981359327
87.7009,27.981731613
87.7069,27.981350878
87.7128,27.981735268
87.7187,27.981445894
87.7246,27.981716448
87.7305,27.981358025
87.7364,27.981678601
87.7423,27.98123251
87.7482,27.981561382
87.7541,27.981254947
87.76,27.981507164
87.766,27.981189094
87.7719,27.981478747
87.7778,27.981174247
87.7837,27.981363346
87.7896,27.981174943
87.7955,27.981393178
87.8014,27.981068776
87.8073,27.981424742
87.8132,27.981067758
87.8191,27.98136013
87.8251,27.981175805
87.831,27.981371484
87.8369,27.981120124
87.8428,27.98141761
87.8487,27.981103675
87.8546,27.981309452
87.8605,27.981158122
87.8664,27.981389288
87.8723,27.981112554
87.8783,27.981400276
87.8842,27.981122079
87.8901,27.981376656
87.896,27.981142347
87.9019,27.981373467
87.9078,27.980982187
87.9137,27.981309728
87.9196,27.980870414
87.9255,27.981153768
87.9314,27.980967202
87.9374,27.981145462
87.9433,27.980815376
87.9492,27.981161427
87.9551,27.98083505
87.961,27.98106337
87.9669,27.980868767
87.9728,27.981049065
87.9787,27.980707417
87.9846,27.981053675
87.9905,27.980767894
87.9965,27.981042848
88.0024,27.980789036
88.0083,27.981002491
88.0142,27.98076194
88.0201,27.981078262
88.026,27.980857111
88.0319,27.981067454
88.0378,27.98086905
88.0437,27.981200397
88.0496,27.980976819
88.0556,27.981255619
88.0615,27.980964058
88.0674,27.981217476
88.0733,27.981029767
88.0792,27.981184514
88.0851,27.980964994
88.091,27.981215014
88.0969,27.980881132
88.1028,27.981128809
88.1087,27.980862215
88.1147,27.981132613
88.1206,27.980850049
88.1265,27.981083593
88.1324,27.980707526
88.1383,27.980947582
88.1442,27.980747052
88.1501,27.980949425
88.156,27.980651452
88.1619,27.980899846
88.1678,27.98069909
88.1738,27.980905364
88.1797,27.980650269
88.1856,27.98083294
88.1915,27.980638697
88.1974,27.980766466
88.2033,27.980451721
88.2092,27.9806823
88.2151,27.980458156
88.221,27.980582369
88.227,27.980440463
88.2329,27.98062246
88.2388,27.980380144
88.2447,27.980628737
88.2506,27.980337916
88.2565,27.980538689
88.2624,27.980448616
88.2683,27.980637299
88.2742,27.980395719
88.2801,27.980600916
88.2861,27.980484554
88.292,27.980653581
88.2979,27.980487078
88.3038,27.980760325
88.3097,27.98048611
88.3156,27.980798028
88.3215,27.980509989
88.3274,27.980747026
88.3333,27.980519519
88.3392,27.980791954
88.3452,27.98049373
88.3511,27.980748987
88.357,27.980515571
88.3629,27.980779771
88.3688,27.980553043
88.3747,27.98078038
88.3806,27.980495983
88.3865,27.980744518
88.3924,27.980500396
88.3983,27.980730826
88.4043,27.980516202
88.4102,27.980741328
88.4161,27.980502248
88.422,27.980737387
88.4279,27.980438917
88.4338,27.980644049
88.4397,27.980460956
88.4456,27.980653324
88.4515,27.980315947
88.4574,27.980682629
88.4634,27.980370103
88.4693,27.980640892
88.4752,27.980346064
88.4811,27.980588335
88.487,27.980251863
88.4929,27.980625581
88.4988,27.980306469
88.5047,27.980492574
88.5106,27.980175581
88.5165,27.980400967
88.5225,27.980031262
88.5284,27.980326438
88.5343,27.980044342
88.5402,27.980310442
88.5461,27.980003497
88.552,27.980322725
88.5579,27.98002148
88.5638,27.98039437
88.5697,27.980126767
88.5757,27.980398477
88.5816,27.980098166
88.5875,27.980419429
88.5934,27.98009691
88.5993,27.98045838
88.6052,27.980213675
88.6111,27.980495222
88.617,27.980246275
88.6229,27.980565147
88.6288,27.980308467
88.6348,27.980633207
88.6407,27.98037825
88.6466,27.980611669
88.6525,27.980326161
88.6584,27.980646805
88.6643,27.980318418
88.6702,27.980571711
88.6761,27.980334625
88.682,27.980583194
88.6879,27.980346156
88.6939,27.980619975
88.6998,27.980275651
88.7057,27.980567985
88.7116,27.980343533
88.7175,27.980556922
88.7234,27.980287104
88.7293,27.980594263
88.7352,27.980240421
88.7411,27.980534747
88.747,27.980275311
88.753,27.980487999
88.7589,27.980222365
88.7648,27.980566775
88.7707,27.980206922
88.7766,27.980497175
88.7825,27.98010605
88.7884,27.980326162
88.7943,27.979970222
88.8002,27.980274082
88.8061,27.979908112
88.8121,27.980240503
88.818,27.979965911
88.8239,27.980176573
88.8298,27.980040394
88.8357,27.980323725
88.8416,27.980040496
88.8475,27.980314161
88.8534,27.980184141
88.8593,27.980416183
88.8652,27.980191993
88.8712,27.980440123
88.8771,27.980240618
88.883,27.980534305
88.8889,27.980310521
88.8948,27.980536194
88.9007,27.980356216
88.9066,27.980650258
88.9125,27.980385768
88.9184,27.980622403
88.9243,27.980459299
88.9303,27.980523079
88.9362,27.980271881
88.9421,27.980585663
88.948,27.980276332
88.9539,27.980466714
88.9598,27.980279761
88.9657,27.980466845
88.9716,27.980287988
88.9775,27.980564232
88.9835,27.980283439
88.9894,27.980519391
88.9953,27.980333713
89.0012,27.980480154
89.0071,27.980282355
89.013,27.98053039
89.0189,27.980236115
89.0248,27.980416204
89.0307,27.980231928
89.0366,27.980414198
89.0426,27.980163407
89.0485,27.980323762
89.0544,27.980022048
89.0603,27.980136276
89.0662,27.979993872
89.0721,27.9800794
89.078,27.979953659
89.0839,27.980249232
89.0898,27.980028306
89.0957,27.980285107
89.1017,27.980136457
89.1076,27.980396189
89.1135,27.98016129
89.1194,27.980487357
89.1253,27.980244838
89.1312,27.980508302
89.1371,27.980412421
89.143,27.980584487
89.1489,27.980416425
89.1548,27.980749834
89.1608,27.980406812
89.1667,27.980696529
89.1726,27.980536846
89.1785,27.980716673
89.1844,27.980513946
89.1903,27.98078527
89.1962,27.980547534
89.2021,27.980759184
89.208,27.98054793
89.2139,27.980837576
89.2199,27.980580139
89.2258,27.980824542
89.2317,27.980561106
89.2376,27.980818268
89.2435,27.980609664
89.2494,27.980838551
89.2553,27.980602802
89.2612,27.980880529
89.2671,27.980551777
89.273,27.980810677
89.279,27.980631657
89.2849,27.980860221
89.2908,27.9805979
89.2967,27.980703227
89.3026,27.980459921
89.3085,27.98059474
89.3144,27.98036869
89.3203,27.980554293
89.3262,27.980524851
89.3322,27.980694245
89.3381,27.980465517
89.344,27.980734907
89.3499,27.980602473
89.3558,27.980819008
89.3617,27.980585393
89.3676,27.980851132
89.3735,27.980656041
89.3794,27.980954139
89.3853,27.980801183
89.3913,27.981017237
89.3972,27.980836117
89.4031,27.981066351
89.409,27.980706081
89.4149,27.98089536
89.4208,27.980680331
89.4267,27.98080929
89.4326,27.980575474
89.4385,27.980808527
89.4444,27.980598142
89.4504,27.980852409
89.4563,27.980635977
89.4622,27.980956114
89.4681,27.980673559
89.474,27.981016804
89.4799,27.980704794
89.4858,27.980967753
89.4917,27.980775679
89.4976,27.981010379
89.5035,27.980679206
89.5095,27.980967977
89.5154,27.980682035
89.5213,27.980960671
89.5272,27.980682266
89.5331,27.980924554
89.539,27.980623268
89.5449,27.980870975
89.5508,27.980478398
89.5567,27.980696945
89.5626,27.980442108
89.5686,27.980745057
89.5745,27.980445249
89.5804,27.980783709
89.5863,27.980580069
89.5922,27.980892529
89.5981,27.980654799
89.604,27.980962539
89.6099,27.980649154
89.6158,27.981066509
89.6217,27.980789875
89.6277,27.981116823
89.6336,27.980881195
89.6395,27.981174275
89.6454,27.980923303
89.6513,27.981178191
89.6572,27.980874683
89.6631,27.981247055
89.669,27.980987963
89.6749,27.981233781
89.6809,27.980995117
89.6868,27.981309667
89.6927,27.980976302
89.6986,27.981279445
89.7045,27.98103939
89.7104,27.981298658
89.7163,27.981026962
89.7222,27.981264477
89.7281,27.980972553
89.734,27.981323375
89.74,27.98100891
89.7459,27.981283042
89.7518,27.981042673
89.7577,27.981265228
89.7636,27.981002784
89.7695,27.981250194
89.7754,27.98102011
89.7813,27.981162974
89.7872,27.980811614
89.7931,27.981039034
89.7991,27.980717867
89.805,27.981042276
89.8109,27.98090895
89.8168,27.981219453
89.8227,27.980952028
89.8286,27.981307993
89.8345,27.981060071
89.8404,27.981324869
89.8463,27.981128395
89.8522,27.981432009
89.8582,27.981175162
89.8641,27.98150254
89.87,27.981195561
89.8759,27.981534199
89.8818,27.981315767
89.8877,27.981571419
89.8936,27.981264323
89.8995,27.981528457
89.9054,27.981263941
89.9113,27.981484626
89.9173,27.9812437
89.9232,27.981484005
89.9291,27.981191888
89.935,27.981518851
89.9409,27.981231465
89.9468,27.981425533
89.9527,27.981214569
89.9586,27.981478968
89.9645,27.981155433
89.9704,27.981505328
89.9764,27.981174235
89.9823,27.981392201
89.9882,27.981136772
89.9941,27.981399931
90.0,27.980971617
90.0059,27.981159746
90.0118,27.98081232
90.0177,27.980964219
90.0236,27.980675922
90.0296,27.980921494
90.0355,27.980599095
90.0414,27.980960406
90.0473,27.980679968
90.0532,27.981027024
90.0591,27.980828932
90.065,27.981134623
90.0709,27.980914226
90.0768,27.981269083
90.0827,27.981035243
90.0887,27.98133834
90.0946,27.98120059
90.1005,27.981413011
90.1064,27.981149715
90.1123,27.981455107
90.1182,27.981237085
90.1241,27.981498419
90.13,27.981331171
90.1359,27.981495022
90.1418,27.981340892
90.1478,27.981493873
90.1537,27.981329242
90.1596,27.981537301
90.1655,27.981367183
90.1714,27.981587892
90.1773,27.981428616
90.1832,27.981685039
90.1891,27.981445293
90.195,27.981606997
90.2009,27.981448341
90.2069,27.981679885
90.2128,27.981459189
90.2187,27.981665066
90.2246,27.98138569
90.2305,27.981633422
90.2364,27.981365893
90.2423,27.981506906
90.2482,27.981195044
90.2541,27.981460456
90.26,27.981181957
90.266,27.981368087
90.2719,27.98113822
90.2778,27.981307855
90.2837,27.980986556
90.2896,27.981196703
90.2955,27.980867654
90.3014,27.981024464
90.3073,27.9807762
90.3132,27.980984381
90.3191,27.980734079
90.3251,27.981028628
90.331,27.980795548
90.3369,27.98101591
90.3428,27.980714348
90.3487,27.981041364
90.3546,27.980746866
90.3605,27.981046097
90.3664,27.98081771
90.3723,27.981077396
90.3783,27.980807149
90.3842,27.981031501
90.3901,27.980735351
90.396,27.981028885
90.4019,27.980835781
90.4078,27.981031712
90.4137,27.980903178
90.4196,27.981119272
90.4255,27.980897253
90.4314,27.981045803
90.4374,27.980861963
90.4433,27.981092583
90.4492,27.98082823
90.4551,27.98094557
90.461,27.980832872
90.4669,27.98107255
90.4728,27.980858705
90.4787,27.981079673
90.4846,27.980862818
90.4905,27.981072222
90.4965,27.980825696
90.5024,27.981058525
90.5083,27.980882755
90.5142,27.981182693
90.5201,27.98087606
90.526,27.981091856
90.5319,27.980928028
90.5378,27.981143272
90.5437,27.980944503
90.5496,27.981041218
90.5556,27.980983803
90.5615,27.98111586
90.5674,27.98092463
90.5733,27.981090323
90.5792,27.98096121
90.5851,27.981175924
90.591,27.980924958
90.5969,27.980973678
90.6028,27.980924972
90.6087,27.981045435
90.6147,27.980821416
90.6206,27.980969909
90.6265,27.980934489
90.6324,27.981085868
90.6383,27.980839448
90.6442,27.981000609
90.6501,27.980848533
90.656,27.980988699
90.6619,27.98081518
90.6678,27.980930753
90.6738,27.980803526
90.6797,27.981008101
90.6856,27.980737448
90.6915,27.980915181
90.6974,27.980809709
90.7033,27.980896278
90.7092,27.98070907
90.7151,27.980879725
90.721,27.98060946
90.727,27.980805259
90.7329,27.980580203
90.7388,27.980787211
90.7447,27.980609189
90.7506,27.980714235
90.7565,27.980525594
90.7624,27.980603385
90.7683,27.980436617
90.7742,27.980512079
90.7801,27.980367531
90.7861,27.980580796
90.792,27.980339626
90.7979,27.980461083
90.8038,27.980305362
90.8097,27.980448708
90.8156,27.98030496
90.8215,27.98055176
90.8274,27.980292573
90.8333,27.980468818
90.8392,27.980340479
90.8452,27.980528454
90.8511,27.980323005
90.857,27.980541911
90.8629,27.980466905
90.8688,27.980600377
90.8747,27.980582472
90.8806,27.980613475
90.8865,27.980473258
90.8924,27.980723544
90.8983,27.980533732
90.9043,27.980734407
90.9102,27.98057669
90.9161,27.980617848
90.922,27.980566266
90.9279,27.980687745
90.9338,27.980476653
90.9397,27.980557352
90.9456,27.980494584
90.9515,27.980484842
90.9574,27.980350133
90.9634,27.980585861
90.9693,27.980327078
90.9752,27.980452461
90.9811,27.980338579
90.987,27.980302244
90.9929,27.980187434
90.9988,27.980217529
91.0047,27.979912888
91.0106,27.980024984
91.0165,27.979915785
91.0225,27.980013223
91.0284,27.979868986
91.0343,27.980074367
91.0402,27.979922742
91.0461,27.980026078
91.052,27.979903575
91.0579,27.980082778
91.0638,27.979897403
91.0697,27.980144126
91.0757,27.979986313
91.0816,27.98015182
91.0875,27.980142593
91.0934,27.980186279
91.0993,27.980099278
91.1052,27.980314502
91.1111,27.980188602
91.117,27.980241041
91.1229,27.980150325
91.1288,27.980278675
91.1348,27.980072868
91.1407,27.980318461
91.1466,27.980030363
91.1525,27.980139831
91.1584,27.979998082
91.1643,27.980042933
91.1702,27.979752334
91.1761,27.979960558
91.182,27.979698709
91.1879,27.979821457
91.1939,27.979722996
91.1998,27.979871796
91.2057,27.979679766
91.2116,27.979931227
91.2175,27.979698974
91.2234,27.97986583
91.2293,27.979729579
91.2352,27.97987318
91.2411,27.979641707
91.247,27.97987718
91.253,27.979634718
91.2589,27.979813491
91.2648,27.979572055
91.2707,27.97962671
91.2766,27.979448519
91.2825,27.979742991
91.2884,27.979494927
91.2943,27.979681812
91.3002,27.979538506
91.3061,27.979728422
91.3121,27.979510947
91.318,27.979800082
91.3239,27.979526071
91.3298,27.97965067
91.3357,27.979560266
91.3416,27.979629582
91.3475,27.979488121
91.3534,27.979694324
91.3593,27.979413174
91.3652,27.979578985
91.3712,27.979503082
91.3771,27.979618255
91.383,27.979354018
91.3889,27.979588419
91.3948,27.979333668
91.4007,27.979443223
91.4066,27.979287546
91.4125,27.979378849
91.4184,27.979213158
91.4243,27.979409426
91.4303,27.979177952
91.4362,27.97934538
91.4421,27.979232224
91.448,27.979404951
91.4539,27.979213132
91.4598,27.979458554
91.4657,27.979334932
91.4716,27.979453186
91.4775,27.979281703
91.4835,27.979432615
91.4894,27.979343413
91.4953,27.979630473
91.5012,27.97937816
91.5071,27.979498025
91.513,27.979461174
91.5189,27.979532754
91.5248,27.979359326
91.5307,27.979555578
91.5366,27.979271933
91.5426,27.97932687
91.5485,27.97920796
91.5544,27.979268925
91.5603,27.97908071
91.5662,27.979205833
91.5721,27.979036375
91.578,27.979048432
91.5839,27.97903396
91.5898,27.979134405
91.5957,27.978857609
91.6017,27.979047575
91.6076,27.978857633
91.6135,27.978946244
91.6194,27.978768275
91.6253,27.978857747
91.6312,27.978760764
91.6371,27.978961223
91.643,27.978813682
91.6489,27.978905348
91.6548,27.978870964
91.6608,27.978984896
91.6667,27.978855245
91.6726,27.979105249
91.6785,27.978961587
91.6844,27.979094701
91.6903,27.979044579
91.6962,27.97915163
91.7021,27.9790976
91.708,27.97931199
91.7139,27.979094706
91.7199,27.979242945
91.7258,27.97913083
91.7317,27.979335851
91.7376,27.97909918
91.7435,27.979329893
91.7494,27.979197558
91.7553,27.979312172
91.7612,27.979171935
91.7671,27.979321581
91.773,27.979101841
91.779,27.979372691
91.7849,27.979072931
91.7908,27.97917486
91.7967,27.979062108
91.8026,27.979125323
91.8085,27.978952693
91.8144,27.979134932
91.8203,27.978889897
91.8262,27.979058522
91.8322,27.978781833
91.8381,27.978902152
91.844,27.978692607
91.8499,27.978871457
91.8558,27.97852387
91.8617,27.978566473
91.8676,27.978431648
91.8735,27.978588314
91.8794,27.978424321
91.8853,27.97863717
91.8913,27.978435975
91.8972,27.978636404
91.9031,27.978489605
91.909,27.978738579
91.9149,27.978647673
91.9208,27.978821411
91.9267,27.978727146
91.9326,27.978862739
91.9385,27.978864454
91.9444,27.97901782
91.9504,27.978863967
91.9563,27.9790152
91.9622,27.978848465
91.9681,27.979057924
91.974,27.978922194
91.9799,27.979031794
91.9858,27.978845473
91.9917,27.979040109
91.9976,27.978824939
92.0035,27.978886622
92.0095,27.978786431
92.0154,27.978941242
92.0213,27.978766125
92.0272,27.97897801
92.0331,27.978788611
92.039,27.978834457
92.0449,27.978761311
92.0508,27.978908083
92.0567,27.978750126
92.0626,27.978927706
92.0686,27.978700346
92.0745,27.978880869
92.0804,27.978769787
92.0863,27.97891713
92.0922,27.978649613
92.0981,27.978806635
92.104,27.978568403
92.1099,27.978674492
92.1158,27.978518989
92.1217,27.978586512
92.1277,27.978448421
92.1336,27.978674826
92.1395,27.978525805
92.1454,27.9787328
92.1513,27.978580089
92.1572,27.978780469
92.1631,27.978672955
92.169,27.978949525
92.1749,27.978795285
92.1809,27.978944263
92.1868,27.978893352
92.1927,27.979086548
92.1986,27.97895981
92.2045,27.979260601
92.2104,27.979035987
92.2163,27.979144208
92.2222,27.979026436
92.2281,27.979175469
92.234,27.979052559
92.24,27.979257197
92.2459,27.979013136
92.2518,27.979187701
92.2577,27.97909115
92.2636,27.9792514
92.2695,27.979036029
92.2754,27.979203646
92.2813,27.979011312
92.2872,27.979112334
92.2931,27.97903636
92.2991,27.979183034
92.305,27.978961413
92.3109,27.979161924
92.3168,27.978909433
92.3227,27.97906686
92.3286,27.978942101
92.3345,27.979048704
92.3404,27.978880621
92.3463,27.979061553
92.3522,27.978808005
92.3582,27.978832504
92.3641,27.978699032
92.37,27.97885514
92.3759,27.978714996
92.3818,27.978939942
92.3877,27.978687567
92.3936,27.978776559
92.3995,27.978702237
92.4054,27.97886249
92.4113,27.978753081
92.4173,27.978999371
92.4232,27.978805553
92.4291,27.978963646
92.435,27.978877255
92.4409,27.979091599
92.4468,27.978932398
92.4527,27.979141923
92.4586,27.978954615
92.4645,27.979133787
92.4704,27.979058636
92.4764,27.979227873
92.4823,27.979063943
92.4882,27.979307354
92.4941,27.979121143
92.5,27.979222801
92.5059,27.979118833
92.5118,27.979262782
92.5177,27.979157375
92.5236,27.979357271
92.5296,27.979201806
92.5355,27.979296954
92.5414,27.979204434
92.5473,27.979330631
92.5532,27.979170498
92.5591,27.97943331
92.565,27.97923361
92.5709,27.979311327
92.5768,27.979265412
92.5827,27.979373303
92.5887,27.979208188
92.5946,27.979383701
92.6005,27.979170252
92.6064,27.979323241
92.6123,27.979250816
92.6182,27.979377168
92.6241,27.979219102
92.63,27.979434842
92.6359,27.979272052
92.6418,27.979355936
92.6478,27.979161543
92.6537,27.979290705
92.6596,27.979099044
92.6655,27.979264813
92.6714,27.979089824
92.6773,27.979268035
92.6832,27.979206705
92.6891,27.979364792
92.695,27.979230947
92.7009,27.979488983
92.7069,27.97931884
92.7128,27.979409863
92.7187,27.979398986
92.7246,27.979581712
92.7305,27.979468076
92.7364,27.979758008
92.7423,27.979504746
92.7482,27.9796603
92.7541,27.979657305
92.76,27.979806002
92.766,27.979693323
92.7719,27.97992342
92.7778,27.979703251
92.7837,27.979847369
92.7896,27.979749974
92.7955,27.979978334
92.8014,27.979771547
92.8073,27.979947707
92.8132,27.979819425
92.8191,27.979934612
92.8251,27.979870411
92.831,27.979936474
92.8369,27.979699627
92.8428,27.979920763
92.8487,27.979743812
92.8546,27.979872963
92.8605,27.97981303
92.8664,27.979988219
92.8723,27.979891429
92.8783,27.980007495
92.8842,27.979760204
92.8901,27.97983048
92.896,27.979752241
92.9019,27.979718458
92.9078,27.979588889
92.9137,27.979704855
92.9196,27.979531832
92.9255,27.979554688
92.9314,27.979476308
92.9374,27.979634492
92.9433,27.979618145
92.9492,27.979794284
92.9551,27.979621271
92.961,27.979774038
92.9669,27.979754333
92.9728,27.979935507
92.9787,27.979893016
92.9846,27.980100186
92.9905,27.980022186
92.9965,27.980174366
93.0024,27.980145765
93.0083,27.98025283
93.0142,27.980184928
93.0201,27.980373211
93.026,27.980225681
93.0319,27.980352924
93.0378,27.98022236
93.0437,27.98034939
93.0496,27.980204768
93.0556,27.980443346
93.0615,27.980267342
93.0674,27.98035673
93.0733,27.980260805
93.0792,27.980378419
93.0851,27.98024582
93.091,27.980476656
93.0969,27.980290831
93.1028,27.980425691
93.1087,27.980386735
93.1147,27.980510311
93.1206,27.980283106
93.1265,27.980475665
93.1324,27.980331593
93.1383,27.980436316
93.1442,27.980335153
93.1501,27.980428091
93.156,27.98028448
93.1619,27.980457454
93.1678,27.980211562
93.1738,27.980338402
93.1797,27.980254212
93.1856,27.980447676
93.1915,27.980301145
93.1974,27.980617826
93.2033,27.980473858
93.2092,27.980598965
93.2151,27.980531532
93.221,27.980700919
93.227,27.980641661
93.2329,27.980850386
93.2388,27.980684036
93.2447,27.980830381
93.2506,27.980740099
93.2565,27.980817119
93.2624,27.98063003
93.2683,27.980926199
93.2742,27.980730589
93.2801,27.980791454
93.2861,27.980648408
93.292,27.980919918
93.2979,27.980770701
93.3038,27.980995165
93.3097,27.980709154
93.3156,27.980911628
93.3215,27.980810298
93.3274,27.980985862
93.3333,27.980831618
93.3392,27.981142289
93.3452,27.981022014
93.3511,27.981115827
93.357,27.98105951
93.3629,27.981271811
93.3688,27.981114958
93.3747,27.981346663
93.3806,27.981135612
93.3865,27.981266005
93.3924,27.981153283
93.3983,27.98129464
93.4043,27.981082375
93.4102,27.981281613
93.4161,27.981177454
93.422,27.981299687
93.4279,27.981239077
93.4338,27.981381661
93.4397,27.981218986
93.4456,27.981411888
93.4515,27.981181018
93.4574,27.981327981
93.4634,27.981196365
93.4693,27.981423931
93.4752,27.981209633
93.4811,27.981452298
93.487,27.981261534
93.4929,27.981367478
93.4988,27.981242336
93.5047,27.981298387
93.5106,27.981166448
93.5165,27.981341813
93.5225,27.981186576
93.5284,27.981316066
93.5343,27.981286526
93.5402,27.981399472
93.5461,27.981227887
93.552,27.981471519
93.5579,27.981290408
93.5638,27.981483111
93.5697,27.981356425
93.5757,27.981565735
93.5816,27.981401632
93.5875,27.981647499
93.5934,27.981500807
93.5993,27.981670658
93.6052,27.981634462
93.6111,27.981772971
93.617,27.98161794
93.6229,27.981824766
93.6288,27.98166601
93.6348,27.981696004
93.6407,27.981614424
93.6466,27.981735956
93.6525,27.981519735
93.6584,27.981787168
93.6643,27.981486793
93.6702,27.981743911
93.6761,27.981607589
93.682,27.98173407
93.6879,27.981548951
93.6939,27.981859423
93.6998,27.981615693
93.7057,27.981821597
93.7116,27.98171187
93.7175,27.981848333
93.7234,27.981680166
93.7293,27.98198105
93.7352,27.9817359
93.7411,27.981989484
93.747,27.981803318
93.753,27.982075459
93.7589,27.981818064
93.7648,27.98210417
93.7707,27.981861942
93.7766,27.982046646
93.7825,27.981841542
93.7884,27.982142016
93.7943,27.981853264
93.8002,27.98214684
93.8061,27.981920927
93.8121,27.982212567
93.818,27.981940949
93.8239,27.982209386
93.8298,27.981998022
93.8357,27.982284694
93.8416,27.98199643
93.8475,27.982295777
93.8534,27.982032455
93.8593,27.982319696
93.8652,27.982080953
93.8712,27.982407264
93.8771,27.982121033
93.883,27.982314212
93.8889,27.982217512
93.8948,27.982433451
93.9007,27.98216925
93.9066,27.982487504
93.9125,27.982186424
93.9184,27.982379455
93.9243,27.982193629
93.9303,27.982469965
93.9362,27.982155845
93.9421,27.982457539
93.948,27.982182252
93.9539,27.98242738
93.9598,27.982275052
93.9657,27.982448774
93.9716,27.982176226
93.9775,27.982523362
93.9835,27.982244759
93.9894,27.982522523
93.9953,27.982301797
94.0012,27.982553048
94.0071,27.982263756
94.013,27.98258282
94.0189,27.98227038
94.0248,27.982590211
94.0307,27.982312763
94.0366,27.982534927
94.0426,27.982322831
94.0485,27.982681281
94.0544,27.982298114
94.0603,27.982523582
94.0662,27.982221465
94.0721,27.982455374
94.078,27.982181484
94.0839,27.982404443
94.0898,27.982193525
94.0957,27.982453376
94.1017,27.982173138
94.1076,27.982517274
94.1135,27.982276546
94.1194,27.982608672
94.1253,27.982259665
94.1312,27.982608636
94.1371,27.982407073
94.143,27.982662596
94.1489,27.982437259
94.1548,27.982757681
94.1608,27.982476197
94.1667,27.982739514
94.1726,27.982532541
94.1785,27.982813043
94.1844,27.98255333
94.1903,27.982855715
94.1962,27.982618203
94.2021,27.982888019
94.208,27.982686555
94.2139,27.982895182
94.2199,27.982554265
94.2258,27.982860317
94.2317,27.982631906
94.2376,27.982919788
94.2435,27.982640938
94.2494,27.982912797
94.2553,27.982666295
94.2612,27.982973439
94.2671,27.98269446
94.273,27.982940065
94.279,27.98272908
94.2849,27.982973131
94.2908,27.982681591
94.2967,27.982931597
94.3026,27.982663788
94.3085,27.982861318
94.3144,27.982648042
94.3203,27.982858719
94.3262,27.982613567
94.3322,27.982835626
94.3381,27.982555884
94.344,27.982776091
94.3499,27.982562528
94.3558,27.982770927
94.3617,27.982560511
94.3676,27.982750083
94.3735,27.982503077
94.3794,27.982700934
94.3853,27.982474399
94.3913,27.982692347
94.3972,27.982570604
94.4031,27.982791926
94.409,27.982593725
94.4149,27.982731821
94.4208,27.982659059
94.4267,27.982882328
94.4326,27.982802541
94.4385,27.983011849
94.4444,27.982863052
94.4504,27.983031062
94.4563,27.982967356
94.4622,27.983116522
94.4681,27.982961253
94.474,27.983246173
94.4799,27.983021188
94.4858,27.983217253
94.4917,27.983044701
94.4976,27.983225846
94.5035,27.983036108
94.5095,27.98316937
94.5154,27.982974682
94.5213,27.983043784
94.5272,27.982804342
94.5331,27.983044013
94.539,27.982856072
94.5449,27.98311123
94.5508,27.982865537
94.5567,27.983082277
94.5626,27.982906894
94.5686,27.983053668
94.5745,27.982752721
94.5804,27.982945389
94.5863,27.982688029
94.5922,27.982754421
94.5981,27.98254189
94.604,27.982670587
94.6099,27.982549967
94.6158,27.982836978
94.6217,27.982553976
94.6277,27.98275039
94.6336,27.982608645
94.6395,27.98274291
94.6454,27.982586982
94.6513,27.982789051
94.6572,27.982512658
94.6631,27.982638286
94.669,27.982498155
94.6749,27.982736393
94.6809,27.98254498
94.6868,27.982868789
94.6927,27.982607931
94.6986,27.982754052
94.7045,27.982643066
94.7104,27.982827586
94.7163,27.982636276
94.7222,27.982911023
94.7281,27.982655999
94.734,27.98287897
94.74,27.982674466
94.7459,27.982889976
94.7518,27.982602613
94.7577,27.982900674
94.7636,27.982662388
94.7695,27.982864946
94.7754,27.982696558
94.7813,27.982880801
94.7872,27.982593831
94.7931,27.982874087
94.7991,27.982538671
94.805,27.982730724
94.8109,27.982588452
94.8168,27.982772469
94.8227,27.982555067
94.8286,27.982874173
94.8345,27.982573585
94.8404,27.982770993
94.8463,27.982587607
94.8522,27.982827833
94.8582,27.982609055
94.8641,27.982930183
94.87,27.982615819
94.8759,27.982825513
94.8818,27.982719202
94.8877,27.982968063
94.8936,27.982684187
94.8995,27.982968541
94.9054,27.982748709
94.9113,27.982984
94.9173,27.982811462
94.9232,27.983022919
94.9291,27.982745909
94.935,27.983065872
94.9409,27.982709195
94.9468,27.982858685
94.9527,27.982641083
94.9586,27.982861036
94.9645,27.982562639
94.9704,27.982723094
94.9764,27.982476081
94.9823,27.982607895
94.9882,27.982436902
94.9941,27.982567761
95.0,27.982392231
95.0059,27.98263253
95.0118,27.982348848
95.0177,27.982494573
95.0236,27.982341695
95.0296,27.982432216
95.0355,27.982128523
95.0414,27.98230241
95.0473,27.982149873
95.0532,27.982294913
95.0591,27.982134121
95.065,27.982310209
95.0709,27.982156352
95.0768,27.982433452
95.0827,27.982161509
95.0887,27.982325727
95.0946,27.982236058
95.1005,27.982495772
95.1064,27.982199323
95.1123,27.982510598
95.1182,27.982291066
95.1241,27.982528825
95.13,27.982310994
95.1359,27.982504127
95.1418,27.982357512
95.1478,27.982591113
95.1537,27.982306785
95.1596,27.982442945
95.1655,27.982285433
95.1714,27.982481754
95.1773,27.982215731
95.1832,27.982424656
95.1891,27.9822129
95.195,27.982361973
95.2009,27.982122991
95.2069,27.982239505
95.2128,27.982044325
95.2187,27.982220394
95.2246,27.981980093
95.2305,27.98211936
95.2364,27.982011811
95.2423,27.982153135
95.2482,27.981979398
95.2541,27.982119344
95.26,27.982039577
95.266,27.982157522
95.2719,27.982062314
95.2778,27.982170731
95.2837,27.982007494
95.2896,27.982324714
95.2955,27.982030567
95.3014,27.982239448
95.3073,27.982078181
95.3132,27.982291786
95.3191,27.98201664
95.3251,27.982347451
95.331,27.982091135
95.3369,27.982314161
95.3428,27.982078774
95.3487,27.982306828
95.3546,27.982032008
95.3605,27.982411427
95.3664,27.982075878
95.3723,27.982274558
95.3783,27.982054481
95.3842,27.982254436
95.3901,27.981903057
95.396,27.982171826
95.4019,27.981910846
95.4078,27.982209188
95.4137,27.981828144
95.4196,27.982038094
95.4255,27.981702738
95.4314,27.98197919
95.4374,27.981540016
95.4433,27.981668008
95.4492,27.981467718
95.4551,27.981731837
95.461,27.981417777
95.4669,27.981735974
95.4728,27.981483134
95.4787,27.981690487
95.4846,27.981442858
95.4905,27.981738566
95.4965,27.981426887
95.5024,27.981779164
95.5083,27.981388856
95.5142,27.981782641
95.5201,27.981475478
95.526,27.981791415
95.5319,27.981405654
95.5378,27.981848004
95.5437,27.981543618
95.5496,27.98186915
95.5556,27.981501616
95.5615,27.981866009
95.5674,27.981470959
95.5733,27.981897364
95.5792,27.981484826
95.5851,27.981889399
95.591,27.981564686
95.5969,27.981855331
95.6028,27.981448892
95.6087,27.981842008
95.6147,27.981490372
95.6206,27.981797195
95.6265,27.981502034
95.6324,27.98180909
95.6383,27.98146897
95.6442,27.981779745
95.6501,27.981436013
95.656,27.981739912
95.6619,27.981429456
95.6678,27.981656116
95.6738,27.981304295
95.6797,27.981645542
95.6856,27.981311796
95.6915,27.981626814
95.6974,27.981295659
95.7033,27.981517276
95.7092,27.981190106
95.7151,27.981493448
95.721,27.981113399
95.727,27.981378729
95.7329,27.981045173
95.7388,27.981257789
95.7447,27.980862388
95.7506,27.981180191
95.7565,27.980897803
95.7624,27.981196018
95.7683,27.98086599
95.7742,27.98118336
95.7801,27.98087975
95.7861,27.981184832
95.792,27.980802548
95.7979,27.981182638
95.8038,27.980873148
95.8097,27.981054069
95.8156,27.980826739
95.8215,27.981199509
95.8274,27.980897967
95.8333,27.981191541
95.8392,27.981005017
95.8452,27.981234791
95.8511,27.980992333
95.857,27.981220218
95.8629,27.981006676
95.8688,27.981285743
95.8747,27.981109318
95.8806,27.981242707
95.8865,27.981060175
95.8924,27.981282318
95.8983,27.981027515
95.9043,27.981256759
95.9102,27.981089298
95.9161,27.981237536
95.922,27.980999072
95.9279,27.98122132
95.9338,27.980988585
95.9397,27.981154976
95.9456,27.981017547
95.9515,27.981199703
95.9574,27.980857419
95.9634,27.981154357
95.9693,27.980800651
95.9752,27.981057068
95.9811,27.980784355
95.987,27.980988575
95.9929,27.98078183
95.9988,27.980968612
96.0047,27.980666811
96.0106,27.980859239
96.0165,27.980611366
96.0225,27.980687177
96.0284,27.980469433
96.0343,27.980583772
96.0402,27.98041068
96.0461,27.980553375
96.052,27.980352867
96.0579,27.980541573
96.0638,27.980430356
96.0697,27.98053124
96.0757,27.980310166
96.0816,27.980640524
96.0875,27.98042344
96.0934,27.98065558
96.0993,27.980456583
96.1052,27.980771874
96.1111,27.980486418
96.117,27.980758388
96.1229,27.980470334
96.1288,27.9806829
96.1348,27.980586884
96.1407,27.980754603
96.1466,27.980490975
96.1525,27.980879122
96.1584,27.98061932
96.1643,27.980776932
96.1702,27.980648673
96.1761,27.980913716
96.182,27.980522964
96.1879,27.980752195
96.1939,27.980521542
96.1998,27.980710263
96.2057,27.980506675
96.2116,27.980693652
96.2175,27.980459468
96.2234,27.980663216
96.2293,27.980483301
96.2352,27.980629891
96.2411,27.980438995
96.247,27.980681789
96.253,27.980398064
96.2589,27.980616818
96.2648,27.980374876
96.2707,27.98053899
96.2766,27.980328367
96.2825,27.980579859
96.2884,27.980259574
96.2943,27.980574568
96.3002,27.980327605
96.3061,27.980451635
96.3121,27.980270801
96.318,27.980471853
96.3239,27.980166977
96.3298,27.980394225
96.3357,27.980084015
96.3416,27.980257028
96.3475,27.980109737
96.3534,27.980205782
96.3593,27.98004003
96.3652,27.980243058
96.3712,27.980120098
96.3771,27.980182444
96.383,27.980028822
96.3889,27.980339881
96.3948,27.980095751
96.4007,27.980296539
96.4066,27.980107799
96.4125,27.980226513
96.4184,27.980187201
96.4243,27.980337024
96.4303,27.980027413
96.4362,27.980389963
96.4421,27.980166291
96.448,27.980295932
96.4539,27.980045043
96.4598,27.980382125
96.4657,27.980125568
96.4716,27.980301517
96.4775,27.980147873
96.4835,27.980205471
96.4894,27.980094537
96.4953,27.980254075
96.5012,27.980045956
96.5071,27.98026301
96.513,27.980166531
96.5189,27.980331893
96.5248,27.980082589
96.5307,27.980369115
96.5366,27.980169606
96.5426,27.980368056
96.5485,27.980150857
96.5544,27.980352392
96.5603,27.980185469
96.5662,27.980345239
96.5721,27.980096729
96.578,27.980351012
96.5839,27.980166071
96.5898,27.980254494
96.5957,27.980132605
96.6017,27.980304926
96.6076,27.980181005
96.6135,27.980343721
96.6194,27.980163696
96.6253,27.980298838
96.6312,27.980197508
96.6371,27.980402586
96.643,27.980075853
96.6489,27.980356551
96.6548,27.980207333
96.6608,27.980257935
96.6667,27.980126464
96.6726,27.980349248
96.6785,27.980139184
96.6844,27.980304663
96.6903,27.980042787
96.6962,27.980344255
96.7021,27.980040578
96.708,27.980286496
96.7139,27.979998508
96.7199,27.980282455
96.7258,27.979996507
96.7317,27.980115198
96.7376,27.979959424
96.7435,27.980206365
96.7494,27.9799448
96.7553,27.980253101
96.7612,27.979963749
96.7671,27.980178341
96.773,27.979979426
96.779,27.980142772
96.7849,27.979799976
96.7908,27.980136804
96.7967,27.979782417
96.8026,27.979988704
96.8085,27.979751675
96.8144,27.980141246
96.8203,27.979744194
96.8262,27.980010137
96.8322,27.979765404
96.8381,27.979997609
96.844,27.979876312
96.8499,27.980076341
96.8558,27.979822261
96.8617,27.980086554
96.8676,27.979905628
96.8735,27.980046955
96.8794,27.979967264
96.8853,27.980158336
96.8913,27.980016849
96.8972,27.980201947
96.9031,27.979985181
96.909,27.980184911
96.9149,27.980112902
96.9208,27.980308352
96.9267,27.980114586
96.9326,27.980352805
96.9385,27.980241409
96.9444,27.980281519
96.9504,27.980204657
96.9563,27.980365176
96.9622,27.980149943
96.9681,27.980347576
96.974,27.980110268
96.9799,27.980380067
96.9858,27.980167115
96.9917,27.980441676
96.9976,27.980163702
97.0035,27.980404606
97.0095,27.98023606
97.0154,27.980363605
97.0213,27.980195094
97.0272,27.980409135
97.0331,27.980157117
97.039,27.980491678
97.0449,27.980132336
97.0508,27.980372585
97.0567,27.980179636
97.0626,27.980339895
97.0686,27.980106666
97.0745,27.98037315
97.0804,27.980133733
97.0863,27.980369606
97.0922,27.980116554
97.0981,27.980398729
97.104,27.98017582
97.1099,27.980359366
97.1158,27.980048029
97.1217,27.980304525
97.1277,27.980072621
97.1336,27.98027262
97.1395,27.9799969
97.1454,27.980324566
97.1513,27.980023536
97.1572,27.980187409
97.1631,27.980011921
97.169,27.9801705
97.1749,27.980081526
97.1809,27.980256416
97.1868,27.980040337
97.1927,27.980287014
97.1986,27.980178174
97.2045,27.980288039
97.2104,27.980109353
97.2163,27.980446482
97.2222,27.980242601
97.2281,27.980415621
97.234,27.980348818
97.24,27.980466436
97.2459,27.980439238
97.2518,27.980622608
97.2577,27.980359959
97.2636,27.980660723
97.2695,27.980503423
97.2754,27.980642378
97.2813,27.980382933
97.2872,27.980630275
97.2931,27.980369541
97.2991,27.980650622
97.305,27.980441659
97.3109,27.980650658
97.3168,27.980495773
97.3227,27.980718906
97.3286,27.980388714
97.3345,27.980673347
97.3404,27.980505022
97.3463,27.980688262
97.3522,27.980480106
97.3582,27.980741085
97.3641,27.980527223
97.37,27.980797851
97.3759,27.980441539
97.3818,27.980735835
97.3877,27.980542089
97.3936,27.980712404
97.3995,27.980499426
97.4054,27.980731407
97.4113,27.980594737
97.4173,27.9808132
97.4232,27.980464604
97.4291,27.980815814
97.435,27.98055393
97.4409,27.980787961
97.4468,27.980535823
97.4527,27.980818044
97.4586,27.980632747
97.4645,27.980879191
97.4704,27.980676556
97.4764,27.980822207
97.4823,27.980642093
97.4882,27.980885261
97.4941,27.980627692
97.5,27.980867585
97.5059,27.980595166
97.5118,27.980769177
97.5177,27.980634915
97.5236,27.98080729
97.5296,27.980601181
97.5355,27.980825509
97.5414,27.980556692
97.5473,27.980748302
97.5532,27.980521404
97.5591,27.9808043
97.565,27.980517292
97.5709,27.980804284
97.5768,27.980474079
97.5827,27.980776577
97.5887,27.98055993
97.5946,27.980862475
97.6005,27.980544108
97.6064,27.980921978
97.6123,27.980639392
97.6182,27.980930436
97.6241,27.980702778
97.63,27.981019614
97.6359,27.980779198
97.6418,27.981056069
97.6478,27.980873379
97.6537,27.981093215
97.6596,27.980836808
97.6655,27.981135724
97.6714,27.980863972
97.6773,27.98116345
97.6832,27.980806592
97.6891,27.981070176
97.695,27.980860669
97.7009,27.981111152
97.7069,27.980809821
97.7128,27.981137225
97.7187,27.980890615
97.7246,27.981150774
97.7305,27.980945823
97.7364,27.981199278
97.7423,27.980970031
97.7482,27.981224663
97.7541,27.980956373
97.76,27.981212363
97.766,27.980944615
97.7719,27.981250391
97.7778,27.980976558
97.7837,27.981230677
97.7896,27.981019494
97.7955,27.981197346
97.8014,27.980936817
97.8073,27.981261243
97.8132,27.980996252
97.8191,27.981253327
97.8251,27.981049198
97.831,27.981252567
97.8369,27.981064071
97.8428,27.981294635
97.8487,27.981018365
97.8546,27.981331825
97.8605,27.981073315
97.8664,27.981302752
97.8723,27.981034308
97.8783,27.981299048
97.8842,27.981049717
97.8901,27.981324065
97.896,27.981041656
97.9019,27.981287881
97.9078,27.981133032
97.9137,27.981334453
97.9196,27.981030292
97.9255,27.981332218
97.9314,27.981080471
97.9374,27.981238714
97.9433,27.98100153
97.9492,27.981273186
97.9551,27.981021705
97.961,27.981262023
97.9669,27.981018311
97.9728,27.981271438
97.9787,27.981061338
97.9846,27.981291676
97.9905,27.980938168
97.9965,27.981230311
98.0024,27.980977256
98.0083,27.981172046
98.0142,27.980860268
98.0201,27.981077364
98.026,27.980841401
98.0319,27.981143998
98.0378,27.980973516
98.0437,27.981226062
98.0496,27.981020424
98.0556,27.981202184
98.0615,27.980931186
98.0674,27.981257811
98.0733,27.981069187
98.0792,27.981340152
98.0851,27.981139494
98.091,27.981470337
98.0969,27.981201796
98.1028,27.981519179
98.1087,27.98129566
98.1147,27.981496494
98.1206,27.981393375
98.1265,27.981619302
98.1324,27.981339875
98.1383,27.981558305
98.1442,27.981375809
98.1501,27.981560956
98.156,27.981324087
98.1619,27.981627979
98.1678,27.981317708
98.1738,27.981516742
98.1797,27.981364635
98.1856,27.981576034
98.1915,27.981406097
98.1974,27.981578736
98.2033,27.981324838
98.2092,27.98153108
98.2151,27.981354679
98.221,27.981472885
98.227,27.981280977
98.2329,27.981479859
98.2388,27.981206519
98.2447,27.981327619
98.2506,27.981123598
98.2565,27.981216445
98.2624,27.980947952
98.2683,27.981086344
98.2742,27.980855935
98.2801,27.981089124
98.2861,27.980932996
98.292,27.981048477
98.2979,27.980979052
98.3038,27.981224725
98.3097,27.981046589
98.3156,27.98125351
98.3215,27.981199202
98.3274,27.981354359
98.3333,27.981205863
98.3392,27.981442159
98.3452,27.981237285
98.3511,27.981511836
98.357,27.98137456
98.3629,27.981558479
98.3688,27.981410575
98.3747,27.98159953
98.3806,27.981422739
98.3865,27.981579116
98.3924,27.981406096
98.3983,27.981596274
98.4043,27.981379021
98.4102,27.981605021
98.4161,27.981474837
98.422,27.981705467
98.4279,27.981485391
98.4338,27.981714319
98.4397,27.981519637
98.4456,27.981749333
98.4515,27.981486229
98.4574,27.98170128
98.4634,27.981573916
98.4693,27.981720876
98.4752,27.981573064
98.4811,27.981737541
98.487,27.981532983
98.4929,27.981738037
98.4988,27.981504971
98.5047,27.981676114
98.5106,27.981417673
98.5165,27.981581776
98.5225,27.981302265
98.5284,27.981453854
98.5343,27.981281207
98.5402,27.981480296
98.5461,27.981277325
98.552,27.981518815
98.5579,27.981324081
98.5638,27.981546689
98.5697,27.981414847
98.5757,27.981593397
98.5816,27.981366119
98.5875,27.98158048
98.5934,27.981346483
98.5993,27.981549466
98.6052,27.98147066
98.6111,27.98168793
98.617,27.981558247
98.6229,27.981750079
98.6288,27.98146605
98.6348,27.981780912
98.6407,27.981590632
98.6466,27.981735231
98.6525,27.9814618
98.6584,27.981669741
98.6643,27.9814841
98.6702,27.981641372
98.6761,27.981500105
98.682,27.981680492
98.6879,27.981511581
98.6939,27.981724546
98.6998,27.98143225
98.7057,27.981672582
98.7116,27.981452774
98.7175,27.981627185
98.7234,27.981418496
98.7293,27.981682113
98.7352,27.98143684
98.7411,27.981591912
98.747,27.981335109
98.753,27.981496694
98.7589,27.981264163
98.7648,27.981368092
98.7707,27.981051722
98.7766,27.981300155
98.7825,27.981135932
98.7884,27.981290424
98.7943,27.981104106
98.8002,27.981422748
98.8061,27.981271004
98.8121,27.981416349
98.818,27.981226797
98.8239,27.981525564
98.8298,27.981370504
98.8357,27.981585067
98.8416,27.981313336
98.8475,27.981651217
98.8534,27.981488919
98.8593,27.981677664
98.8652,27.981422705
98.8712,27.981817808
98.8771,27.981551059
98.883,27.981752764
98.8889,27.981496773
98.8948,27.981761308
98.9007,27.981583783
98.9066,27.981751948
98.9125,27.981452589
98.9184,27.981791375
98.9243,27.981619698
98.9303,27.981797067
98.9362,27.981553676
98.9421,27.981866202
98.948,27.981569718
98.9539,27.981721411
98.9598,27.981503102
98.9657,27.981750653
98.9716,27.981616699
98.9775,27.981849883
98.9835,27.981500152
98.9894,27.981815559
98.9953,27.981576942
99.0012,27.981723471
99.0071,27.981328888
99.013,27.981616693
99.0189,27.981318776
99.0248,27.981471797
99.0307,27.981232107
99.0366,27.981485824
99.0426,27.981368421
99.0485,27.981630347
99.0544,27.981319616
99.0603,27.981645566
99.0662,27.981466768
99.0721,27.981711326
99.078,27.981489349
99.0839,27.9818707
99.0898,27.981672854
99.0957,27.981829639
99.1017,27.981649725
99.1076,27.981879688
99.1135,27.98171206
99.1194,27.981845986
99.1253,27.981577334
99.1312,27.981828409
99.1371,27.9816828
99.143,27.981797191
99.1489,27.981545343
99.1548,27.981821336
99.1608,27.981597181
99.1667,27.981724407
99.1726,27.981488536
99.1785,27.981702217
99.1844,27.981492186
99.1903,27.981582337
99.1962,27.981300507
99.2021,27.981530267
99.208,27.981355918
99.2139,27.981493379
99.2199,27.98131659
99.2258,27.981588191
99.2317,27.981355038
99.2376,27.981479026
99.2435,27.981256767
99.2494,27.981415913
99.2553,27.981171764
99.2612,27.981315073
99.2671,27.981036641
99.273,27.981280608
99.279,27.981119179
99.2849,27.981288618
99.2908,27.981099203
99.2967,27.981436257
99.3026,27.981272486
99.3085,27.981425724
99.3144,27.981228626
99.3203,27.981473136
99.3262,27.981381527
99.3322,27.981499833
99.3381,27.981323274
99.344,27.981559684
99.3499,27.981404907
99.3558,27.981537948
99.3617,27.981293551
99.3676,27.981630515
99.3735,27.981371388
99.3794,27.981476723
99.3853,27.981260362
99.3913,27.981473517
99.3972,27.9813371
99.4031,27.981494007
99.409,27.981228337
99.4149,27.981546653
99.4208,27.981376442
99.4267,27.981515193
99.4326,27.981170157
99.4385,27.981538649
99.4444,27.98125784
99.4504,27.981455646
99.4563,27.98123561
99.4622,27.981467379
99.4681,27.981298266
99.474,27.98141388
99.4799,27.9811101
99.4858,27.98132464
99.4917,27.981112915
99.4976,27.981217708
99.5035,27.980895092
99.5095,27.981177154
99.5154,27.980958086
99.5213,27.981118023
99.5272,27.980858532
99.5331,27.981167746
99.539,27.981043638
99.5449,27.981266379
99.5508,27.980925724
99.5567,27.981269133
99.5626,27.981108548
99.5686,27.981324384
99.5745,27.981103389
99.5804,27.981436162
99.5863,27.981231734
99.5922,27.981399504
99.5981,27.981205851
99.604,27.98152044
99.6099,27.981259149
99.6158,27.981429077
99.6217,27.981163345
99.6277,27.981407434
99.6336,27.981211648
99.6395,27.981373257
99.6454,27.981124058
99.6513,27.98146827
99.6572,27.981238863
99.6631,27.981404721
99.669,27.981126562
99.6749,27.981431507
99.6809,27.981207556
99.6868,27.981361208
99.6927,27.981130671
99.6986,27.981328423
99.7045,27.981165606
99.7104,27.98133364
99.7163,27.981030799
99.7222,27.981288841
99.7281,27.981061023
99.734,27.981144888
99.74,27.980868834
99.7459,27.981063924
99.7518,27.980883957
99.7577,27.98094702
99.7636,27.980659696
99.7695,27.980992076
99.7754,27.980715467
99.7813,27.980981153
99.7872,27.980692157
99.7931,27.981038207
99.7991,27.980836649
99.805,27.981034036
99.8109,27.980803982
99.8168,27.981132054
99.8227,27.980935491
99.8286,27.981215581
99.8345,27.980973649
99.8404,27.981275251
99.8463,27.981092965
99.8522,27.981276077
99.8582,27.981011787
99.8641,27.981311407
99.87,27.981061123
99.8759,27.98125589
99.8818,27.980961206
99.8877,27.981255449
99.8936,27.981080505
99.8995,27.981265869
99.9054,27.981030793
99.9113,27.981300593
99.9173,27.981135989
99.9232,27.981276035
99.9291,27.981031984
99.935,27.981319397
99.9409,27.981123489
99.9468,27.981203239
99.9527,27.980957785
99.9586,27.981213292
99.9645,27.980927828
99.9704,27.981134886
99.9764,27.980867087
99.9823,27.981167424
99.9882,27.980901617
99.9941,27.981085892
100.0,27.980667942
100.006,27.981030666
100.012,27.980714737
100.018,27.980924665
100.024,27.980561053
100.03,27.980904482
100.035,27.980684063
100.041,27.980924899
100.047,27.980668237
100.053,27.980995193
100.059,27.980755247
100.065,27.981020823
100.071,27.980735704
100.077,27.981115672
100.083,27.980844763
100.089,27.981067066
100.095,27.980770015
100.1,27.98117799
100.106,27.980886656
100.112,27.981111702
100.118,27.980829223
100.124,27.981165373
100.13,27.980937757
100.136,27.98111109
100.142,27.980760229
100.148,27.981159039
100.154,27.980955609
100.16,27.981156003
100.165,27.98090123
100.171,27.981217336
100.177,27.981033925
100.183,27.981237329
100.189,27.980938345
100.195,27.981216303
100.201,27.980978604
100.207,27.981199555
100.213,27.980799708
100.219,27.981232349
100.225,27.980935456
100.23,27.9811322
100.236,27.980868766
100.242,27.981182513
100.248,27.980948455
100.254,27.981154294
100.26,27.980820411
100.266,27.981138708
100.272,27.980917407
100.278,27.981118728
100.284,27.980767049
100.29,27.981147313
100.296,27.980805861
100.301,27.981009198
100.307,27.980702323
100.313,27.981027797
100.319,27.980816029
100.325,27.981038281
100.331,27.98068682
100.337,27.981072908
100.343,27.9807993
100.349,27.980967771
100.355,27.980652639
100.361,27.981053805
100.366,27.980775903
100.372,27.980950795
100.378,27.980604182
100.384,27.98092163
100.39,27.980665838
100.396,27.980981153
100.402,27.980564945
100.408,27.981029264
100.414,27.980686711
100.42,27.980913246
100.426,27.980575308
100.431,27.981036423
100.437,27.980659591
100.443,27.980926985
100.449,27.980636621
100.455,27.980955238
100.461,27.980753164
100.467,27.980976372
100.473,27.980621524
100.479,27.980944979
100.485,27.980776922
100.491,27.981009963
100.496,27.980679009
100.502,27.981077596
100.508,27.980816983
100.514,27.980993626
100.52,27.980691237
100.526,27.981068605
100.532,27.98085943
100.538,27.981075099
100.544,27.980759727
100.55,27.981118185
100.556,27.980860896
100.561,27.981120756
100.567,27.980780507
100.573,27.981249213
100.579,27.980928208
100.585,27.981197178
100.591,27.980846831
100.597,27.981228448
100.603,27.980980663
100.609,27.981246714
100.615,27.980818948
100.621,27.981203013
100.626,27.980969674
100.632,27.981175496
100.638,27.980865618
100.644,27.981250157
100.65,27.980968619
100.656,27.981199679
100.662,27.980830302
100.668,27.981269008
100.674,27.980999797
100.68,27.981237167
100.686,27.9808906
100.691,27.981285344
100.697,27.980980994
100.703,27.98118971
100.709,27.980880107
100.715,27.981279668
100.721,27.980931271
100.727,27.981207975
100.733,27.980883891
100.739,27.981216045
100.745,27.980989174
100.751,27.981171562
100.757,27.980897017
100.762,27.981200523
100.768,27.980929772
100.774,27.981112809
100.78,27.980801645
100.786,27.981165366
100.792,27.980821371
100.798,27.981041169
100.804,27.980795152
100.81,27.981108338
100.816,27.980908404
100.822,27.981188571
100.827,27.980857598
100.833,27.981209829
100.839,27.980972131
100.845,27.981204498
100.851,27.980867188
100.857,27.981291347
100.863,27.980978722
100.869,27.981253156
100.875,27.98091819
100.881,27.981269966
100.887,27.981049096
100.892,27.981283151
100.898,27.980965195
100.904,27.981326714
100.91,27.981064051
100.916,27.981282163
100.922,27.98101404
100.928,27.981435298
100.934,27.981101652
100.94,27.981339132
100.946,27.980938132
100.952,27.981355681
100.957,27.981058995
100.963,27.98135028
100.969,27.981017208
100.975,27.981340954
100.981,27.98109
100.987,27.981323835
100.993,27.980991937
100.999,27.981376549
101.005,27.981051769
101.011,27.98135129
101.017,27.981009666
101.022,27.981345918
101.028,27.981090742
101.034,27.981410543
101.04,27.981004023
101.046,27.981382234
101.052,27.981079421
101.058,27.981381346
101.064,27.981078702
101.07,27.981467576
101.076,27.981154641
101.082,27.981408001
101.087,27.981043266
101.093,27.981434369
101.099,27.981135271
101.105,27.981474115
101.111,27.981077531
101.117,27.981433566
101.123,27.98117954
101.129,27.981376631
101.135,27.981135406
101.141,27.981472025
101.147,27.981202134
101.152,27.981428111
101.158,27.981156129
101.164,27.981458418
101.17,27.981268979
101.176,27.981522169
101.182,27.981143724
101.188,27.981579078
101.194,27.981244566
101.2,27.981544384
101.206,27.981206097
101.212,27.981639872
101.217,27.981294066
101.223,27.981543992
101.229,27.981251952
101.235,27.981554204
101.241,27.981344356
101.247,27.981620171
101.253,27.981285789
101.259,27.981653534
101.265,27.981325446
101.271,27.981614854
101.277,27.981267641
101.283,27.981676128
101.288,27.981304556
101.294,27.98158565
101.3,27.981217025
101.306,27.98155404
101.312,27.981346507
101.318,27.981633587
101.324,27.981278349
101.33,27.981608716
101.336,27.981390713
101.342,27.981624602
101.348,27.981322885
101.353,27.9817013
101.359,27.981374759
101.365,27.981636579
101.371,27.981343031
101.377,27.981662419
101.383,27.981434086
101.389,27.981730775
101.395,27.981339334
101.401,27.981705618
101.407,27.981440772
101.413,27.981731643
101.418,27.981428025
101.424,27.981791349
101.43,27.981458354
101.436,27.9817836
101.442,27.981465289
101.448,27.981823153
101.454,27.981572319
101.46,27.981861909
101.466,27.981484254
101.472,27.981911979
101.478,27.981569337
101.483,27.981849571
101.489,27.981497074
101.495,27.981811189
101.501,27.981489167
101.507,27.981796194
101.513,27.981493336
101.519,27.981775621
101.525,27.981552021
101.531,27.981845283
101.537,27.981444569
101.543,27.98190161
101.548,27.981541086
101.554,27.981841529
101.56,27.981523313
101.566,27.981943255
101.572,27.98157308
101.578,27.981872482
101.584,27.981543501
101.59,27.981883923
101.596,27.981630119
101.602,27.981887051
101.608,27.981500403
101.613,27.981976744
101.619,27.981670837
101.625,27.981975437
101.631,27.981628338
101.637,27.982048224
101.643,27.981732055
101.649,27.982019892
101.655,27.981691212
101.661,27.981987806
101.667,27.981742424
101.673,27.982022949
101.678,27.981612562
101.684,27.982055425
101.69,27.981697224
101.696,27.981996146
101.702,27.981629691
101.708,27.982010392
101.714,27.981673438
101.72,27.982002228
101.726,27.981628681
101.732,27.981937985
101.738,27.981740519
101.743,27.982030964
101.749,27.981629497
101.755,27.982097449
101.761,27.981764673
101.767,27.982010667
101.773,27.981715958
101.779,27.982048067
101.785,27.981735005
101.791,27.982102125
101.797,27.981822617
101.803,27.982108331
101.809,27.981933946
101.814,27.982193841
101.82,27.981819194
101.826,27.982202116
101.832,27.981940178
101.838,27.982135277
101.844,27.981850991
101.85,27.982147163
101.856,27.981753767
101.862,27.982149536
101.868,27.981825944
101.874,27.982094917
101.879,27.981848143
101.885,27.982176716
101.891,27.981727222
101.897,27.982118773
101.903,27.981843856
101.909,27.982118617
101.915,27.981765712
101.921,27.982142675
101.927,27.98184967
101.933,27.982207407
101.939,27.98185922
101.944,27.982156454
101.95,27.981933013
101.956,27.982214511
101.962,27.981833637
101.968,27.982263786
101.974,27.981997102
101.98,27.982316072
101.986,27.981984774
101.992,27.982343551
101.998,27.982020631
102.004,27.982329841
102.009,27.981969625
102.015,27.982259871
102.021,27.98202987
102.027,27.982243819
102.033,27.981825718
102.039,27.982234025
102.045,27.981965546
102.051,27.982225485
102.057,27.981864985
102.063,27.982249278
102.069,27.981860817
102.074,27.982264221
102.08,27.981897133
102.086,27.982233263
102.092,27.981969458
102.098,27.982299709
102.104,27.981869247
102.11,27.982281187
102.116,27.982096141
102.122,27.9823043
102.128,27.98200713
102.134,27.982340745
102.139,27.982004535
102.145,27.982396232
102.151,27.982106702
102.157,27.982408517
102.163,27.98214529
102.169,27.982483559
102.175,27.98207506
102.181,27.9824257
102.187,27.982125663
102.193,27.982375557
102.199,27.982027601
102.204,27.982337467
102.21,27.981941066
102.216,27.982357092
102.222,27.982008296
102.228,27.982294926
102.234,27.981985774
102.24,27.982350924
102.246,27.98196428
102.252,27.9823341
102.258,27.981987487
102.264,27.982336631
102.27,27.982030266
102.275,27.982358614
102.281,27.981988188
102.287,27.982386067
102.293,27.982078124
102.299,27.982372624
102.305,27.982040829
102.311,27.982449071
102.317,27.982045082
102.323,27.982448042
102.329,27.982147895
102.335,27.982498774
102.34,27.982141233
102.346,27.982538821
102.352,27.982106877
102.358,27.982533461
102.364,27.982128559
102.37,27.982459481
102.376,27.982061121
102.382,27.982414043
102.388,27.982036445
102.394,27.982391322
102.4,27.982023187
102.405,27.982425112
102.411,27.982054634
102.417,27.982413577
102.423,27.981970172
102.429,27.982409233
102.435,27.981994422
102.441,27.982372169
102.447,27.982042701
102.453,27.98243472
102.459,27.982036408
102.465,27.982415808
102.47,27.98207745
102.476,27.982470028
102.482,27.982066896
102.488,27.982436431
102.494,27.982084551
102.5,27.982465757
102.506,27.982141525
102.512,27.982486232
102.518,27.982187884
102.524,27.982558961
102.53,27.982134502
102.535,27.982488135
102.541,27.982216078
102.547,27.982527128
102.553,27.982062308
102.559,27.98243448
102.565,27.982086279
102.571,27.982416636
102.577,27.982078753
102.583,27.982419131
102.589,27.982077374
102.595,27.982449074
102.6,27.98204046
102.606,27.982371606
102.612,27.982086316
102.618,27.982385228
102.624,27.982030603
102.63,27.982440382
102.636,27.982044696
102.642,27.982400426
102.648,27.982106457
102.654,27.982425539
102.66,27.982045094
102.665,27.982455228
102.671,27.98205754
102.677,27.982407793
102.683,27.982193438
102.689,27.982524043
102.695,27.982147186
102.701,27.982508193
102.707,27.982198009
102.713,27.982555012
102.719,27.982192638
102.725,27.982487597
102.73,27.982115079
102.736,27.982403385
102.742,27.982054331
102.748,27.982349102
102.754,27.982125851
102.76,27.982393796
102.766,27.981995304
102.772,27.982393237
102.778,27.981985661
102.784,27.982320403
102.79,27.982036896
102.796,27.982328243
102.801,27.981965073
102.807,27.982357558
102.813,27.981955166
102.819,27.982290933
102.825,27.9820292
102.831,27.982316784
102.837,27.982069649
102.843,27.982347881
102.849,27.98200977
102.855,27.982326131
102.861,27.982156901
102.866,27.982364966
102.872,27.982132604
102.878,27.98242417
102.884,27.982100155
102.89,27.982385361
102.896,27.982153875
102.902,27.982384447
102.908,27.982140371
102.914,27.98232327
102.92,27.982018077
102.926,27.982223362
102.931,27.982061302
102.937,27.982244786
102.943,27.981990811
102.949,27.982253738
102.955,27.981946267
102.961,27.982234851
102.967,27.981969152
102.973,27.982189337
102.979,27.981927391
102.985,27.982169948
102.991,27.981926803
102.996,27.9821946
103.002,27.981951956
103.008,27.982225854
103.014,27.981973356
103.02,27.982210055
103.026,27.981929588
103.032,27.982166989
103.038,27.982037818
103.044,27.982237403
103.05,27.981977327
103.056,27.98230601
103.061,27.981974596
103.067,27.982317803
103.073,27.981999893
103.079,27.982258647
103.085,27.981900475
103.091,27.982238123
103.097,27.981892573
103.103,27.982108468
103.109,27.981873949
103.115,27.982156169
103.121,27.981849362
103.126,27.982138495
103.132,27.981781872
103.138,27.982075525
103.144,27.981797358
103.15,27.982040484
103.156,27.981692222
103.162,27.982093896
103.168,27.981744377
103.174,27.981999233
103.18,27.981783014
103.186,27.98203884
103.191,27.981741857
103.197,27.982074635
103.203,27.981766391
103.209,27.981995829
103.215,27.981833997
103.221,27.982026734
103.227,27.981789103
103.233,27.982135551
103.239,27.981773746
103.245,27.982049164
103.251,27.981852642
103.257,27.982099653
103.262,27.98178065
103.268,27.982079434
103.274,27.981708612
103.28,27.98192805
103.286,27.981708956
103.292,27.981897799
103.298,27.981644568
103.304,27.981951382
103.31,27.981610096
103.316,27.981788161
103.322,27.981636735
103.327,27.981865103
103.333,27.9815274
103.339,27.981829009
103.345,27.981537362
103.351,27.981805309
103.357,27.981613048
103.363,27.981804115
103.369,27.98154551
103.375,27.981868893
103.381,27.981535369
103.387,27.98174817
103.392,27.981582236
103.398,27.981850634
103.404,27.981545759
103.41,27.981802041
103.416,27.981624072
103.422,27.981880878
103.428,27.981654558
103.434,27.981776174
103.44,27.981499105
103.446,27.981839283
103.452,27.981493222
103.457,27.981656986
103.463,27.981438642
103.469,27.981678676
103.475,27.981409939
103.481,27.981628675
103.487,27.981387759
103.493,27.981619952
103.499,27.981382288
103.505,27.981527651
103.511,27.981274447
103.517,27.981594224
103.522,27.981339041
103.528,27.981480921
103.534,27.981322537
103.54,27.981577634
103.546,27.981333212
103.552,27.981495128
103.558,27.981294557
103.564,27.981467729
103.57,27.981321956
103.576,27.981455342
103.582,27.981234869
103.587,27.981596917
103.593,27.981326819
103.599,27.981515616
103.605,27.981303588
103.611,27.98157113
103.617,27.981265217
103.623,27.981463211
103.629,27.981138511
103.635,27.981434492
103.641,27.98119338
103.647,27.981393254
103.652,27.980992815
103.658,27.981422999
103.664,27.981098139
103.67,27.981242931
103.676,27.980973775
103.682,27.981313518
103.688,27.980999921
103.694,27.981215502
103.7,27.980970892
103.706,27.981223723
103.712,27.980959911
103.717,27.981193624
103.723,27.980857653
103.729,27.981232015
103.735,27.980899229
103.741,27.98111786
103.747,27.980868792
103.753,27.981208692
103.759,27.980936245
103.765,27.981207444
103.771,27.980905064
103.777,27.981212776
103.783,27.980962512
103.788,27.981109683
103.794,27.980831036
103.8,27.981107977
103.806,27.980872163
103.812,27.981040716
103.818,27.980809839
103.824,27.981134978
103.83,27.980757403
103.836,27.981106637
103.842,27.980824196
103.848,27.981137921
103.853,27.980890498
103.859,27.981116565
103.865,27.980839654
103.871,27.981185054
103.877,27.980885063
103.883,27.981093
103.889,27.980915425
103.895,27.981199485
103.901,27.980851187
103.907,27.981093983
103.913,27.980924672
103.918,27.981178174
103.924,27.980927903
103.93,27.981185123
103.936,27.980859567
103.942,27.981141611
103.948,27.980871001
103.954,27.981076423
103.96,27.980828223
103.966,27.98107746
103.972,27.980748754
103.978,27.980976079
103.983,27.980813702
103.989,27.980972608
103.995,27.980705426
104.001,27.980887884
104.007,27.98064208
104.013,27.980802322
104.019,27.980559627
104.025,27.980687284
104.031,27.980457579
104.037,27.98066356
104.043,27.980361279
104.048,27.980572658
104.054,27.980399774
104.06,27.980542242
104.066,27.980345451
104.072,27.980524969
104.078,27.980378177
104.084,27.980580527
104.09,27.980489367
104.096,27.980669482
104.102,27.980532163
104.108,27.980712506
104.113,27.980563251
104.119,27.980742571
104.125,27.980641537
104.131,27.980831022
104.137,27.980606849
104.143,27.980750728
104.149,27.980678462
104.155,27.980895729
104.161,27.980597619
104.167,27.98080468
104.173,27.980599844
104.178,27.980820918
104.184,27.980552563
104.19,27.980772316
104.196,27.98053828
104.202,27.980740757
104.208,27.980564061
104.214,27.980715752
104.22,27.980527065
104.226,27.980802546
104.232,27.980523894
104.238,27.980732623
104.243,27.980518431
104.249,27.9806909
104.255,27.980464074
104.261,27.980680366
104.267,27.980466187
104.273,27.980674624
104.279,27.980434653
104.285,27.980579384
104.291,27.980373197
104.297,27.980594802
104.303,27.98034089
104.309,27.980363403
104.314,27.980180346
104.32,27.980288275
104.326,27.980155006
104.332,27.980228077
104.338,27.980119385
104.344,27.980283768
104.35,27.980175795
104.356,27.980297214
104.362,27.980152261
104.368,27.980397806
104.374,27.980198032
104.379,27.980385253
104.385,27.980263391
104.391,27.980500933
104.397,27.980248594
104.403,27.980550982
104.409,27.980318224
104.415,27.98059615
104.421,27.980393558
104.427,27.980613481
104.433,27.980420089
104.439,27.980673627
104.444,27.980431072
104.45,27.980668224
104.456,27.980492071
104.462,27.98067556
104.468,27.980369414
104.474,27.980599456
104.48,27.980406134
104.486,27.980674662
104.492,27.980454125
104.498,27.980667589
104.504,27.980370949
104.509,27.980697784
104.515,27.980359938
104.521,27.980662983
104.527,27.98031197
104.533,27.980556013
104.539,27.980338114
104.545,27.980564414
104.551,27.98021683
104.557,27.980521403
104.563,27.980236717
104.569,27.980395743
104.574,27.980191127
104.58,27.98035046
104.586,27.979978886
104.592,27.980233766
104.598,27.97995128
104.604,27.980139429
104.61,27.979957871
104.616,27.980143313
104.622,27.97988975
104.628,27.980305904
104.634,27.980039433
104.639,27.980227148
104.645,27.980072042
104.651,27.980309754
104.657,27.980080753
104.663,27.980382028
104.669,27.980158793
104.675,27.980389481
104.681,27.980185592
104.687,27.980426027
104.693,27.980277679
104.699,27.980587854
104.704,27.980299439
104.71,27.980574582
104.716,27.980312248
104.722,27.980666798
104.728,27.980348807
104.734,27.980632018
104.74,27.980418094
104.746,27.980690335
104.752,27.980478967
104.758,27.980693792
104.764,27.980465714
104.77,27.980769736
104.775,27.980415993
104.781,27.980698342
104.787,27.980501306
104.793,27.980748719
104.799,27.980514828
104.805,27.980728176
104.811,27.980528684
104.817,27.980748716
104.823,27.980487111
104.829,27.980623154
104.835,27.980372786
104.84,27.980607676
104.846,27.980245768
104.852,27.980442745
104.858,27.980258798
104.864,27.98043164
104.87,27.980246598
104.876,27.980564206
104.882,27.980364676
104.888,27.980582311
104.894,27.980338906
104.9,27.980526074
104.905,27.98042923
104.911,27.980668615
104.917,27.980496067
104.923,27.980693184
104.929,27.980562359
104.935,27.980677661
104.941,27.980567081
104.947,27.980787389
104.953,27.980659051
104.959,27.980828647
104.965,27.980582721
104.97,27.98072296
104.976,27.980584481
104.982,27.980712654
104.988,27.98051485
104.994,27.980763386
105.0,27.980566488
105.006,27.980786992
105.012,27.980532308
105.018,27.980802077
105.024,27.980624637
105.03,27.980880014
105.035,27.980566104
105.041,27.980839421
105.047,27.980654502
105.053,27.980877955
105.059,27.980638088
105.065,27.980883566
105.071,27.980665916
105.077,27.980803688
105.083,27.980558378
105.089,27.980701828
105.095,27.980469985
105.1,27.980562828
105.106,27.98032941
105.112,27.980490804
105.118,27.980331001
105.124,27.980607326
105.13,27.980416006
105.136,27.980577955
105.142,27.980500004
105.148,27.980670855
105.154,27.98052306
105.16,27.980821995
105.165,27.98071113
105.171,27.980933442
105.177,27.980786391
105.183,27.980955599
105.189,27.980810993
105.195,27.981057548
105.201,27.980895848
105.207,27.981054766
105.213,27.980883183
105.219,27.981128343
105.225,27.980843581
105.23,27.98112267
105.236,27.980989255
105.242,27.981172858
105.248,27.980874259
105.254,27.981190069
105.26,27.98100755
105.266,27.981199461
105.272,27.980992215
105.278,27.981128159
105.284,27.980931668
105.29,27.981163826
105.296,27.980920414
105.301,27.981168668
105.307,27.981090457
105.313,27.981201512
105.319,27.980902219
105.325,27.981111058
105.331,27.980906547
105.337,27.981092359
105.343,27.980802457
105.349,27.980943003
105.355,27.980737456
105.361,27.980978822
105.366,27.98073444
105.372,27.980997598
105.378,27.980916627
105.384,27.981090857
105.39,27.980873214
105.396,27.98118399
105.402,27.981015293
105.408,27.981279707
105.414,27.981105823
105.42,27.981343054
105.426,27.981136477
105.431,27.981445996
105.437,27.981227677
105.443,27.981514288
105.449,27.98131988
105.455,27.981514884
105.461,27.981238652
105.467,27.981484338
105.473,27.981249292
105.479,27.981441368
105.485,27.981274569
105.491,27.981474713
105.496,27.981177731
105.502,27.981403342
105.508,27.981203775
105.514,27.981431049
105.52,27.981176867
105.526,27.981378729
105.532,27.981115174
105.538,27.981343907
105.544,27.981200294
105.55,27.981392021
105.556,27.981039734
105.561,27.981240943
105.567,27.980962545
105.573,27.981078759
105.579,27.980782207
105.585,27.980969745
105.591,27.980687458
105.597,27.980964014
105.603,27.980691038
105.609,27.980963049
105.615,27.980839241
105.621,27.98103371
105.626,27.980756852
105.632,27.981162066
105.638,27.980991045
105.644,27.981247549
105.65,27.981127067
105.656,27.98135215
105.662,27.981157464
105.668,27.981489847
105.674,27.981267355
105.68,27.981527074
105.686,27.981328384
105.691,27.981543279
105.697,27.981175426
105.703,27.981504292
105.709,27.981135612
105.715,27.981449388
105.721,27.981280705
105.727,27.981571514
105.733,27.981359541
105.739,27.981695103
105.745,27.981352866
105.751,27.981658615
105.757,27.981445683
105.762,27.981746958
105.768,27.981413759
105.774,27.981715641
105.78,27.981452111
105.786,27.981709351
105.792,27.981388459
105.798,27.981641476
105.804,27.981311619
105.81,27.98156002
105.816,27.981154637
105.822,27.981350032
105.827,27.981149367
105.833,27.981419336
105.839,27.981092066
105.845,27.98137421
105.851,27.981119871
105.857,27.981420899
105.863,27.981096786
105.869,27.981389847
105.875,27.981162091
105.881,27.981421044
105.887,27.981078751
105.892,27.981318766
105.898,27.981181098
105.904,27.981253123
105.91,27.980957624
105.916,27.981250669
105.922,27.980965962
105.928,27.981235435
105.934,27.980965087
105.94,27.981174737
105.946,27.981012304
105.952,27.981179606
105.957,27.980934556
105.963,27.981168739
105.969,27.981061021
105.975,27.981314853
105.981,27.98109511
105.987,27.98138494
105.993,27.981105653
105.999,27.981418446
106.005,27.981119815
106.011,27.981366439
106.017,27.981163936
106.022,27.981406971
106.028,27.981146644
106.034,27.981427261
106.04,27.981125433
106.046,27.981412588
106.052,27.98107135
106.058,27.981266363
106.064,27.980994694
106.07,27.981161776
106.076,27.980891785
106.082,27.981086642
106.087,27.980802889
106.093,27.981083371
106.099,27.980785174
106.105,27.981045534
106.111,27.98080613
106.117,27.981096576
106.123,27.98077288
106.129,27.980885615
106.135,27.9807344
106.141,27.980975978
106.147,27.980803543
106.152,27.981011403
106.158,27.980753571
106.164,27.981018009
106.17,27.980868816
106.176,27.980962861
106.182,27.980760998
106.188,27.981045403
106.194,27.980838361
106.2,27.981118918
106.206,27.980804407
106.212,27.981126553
106.217,27.980879685
106.223,27.981097102
106.229,27.98086929
106.235,27.981139095
106.241,27.980916739
106.247,27.981160103
106.253,27.980931052
106.259,27.981233901
106.265,27.980931661
106.271,27.981211036
106.277,27.980946187
106.283,27.981204885
106.288,27.98090599
106.294,27.981145004
106.3,27.980884637
106.306,27.981120683
106.312,27.980784959
106.318,27.980999222
106.324,27.980692715
106.33,27.980978377
106.336,27.980687866
106.342,27.98090861
106.348,27.980618621
106.353,27.980807092
106.359,27.980480574
106.365,27.980662357
106.371,27.98036248
106.377,27.98059534
106.383,27.980363546
106.389,27.980557753
106.395,27.980330533
106.401,27.980552439
106.407,27.980275098
106.413,27.980525948
106.418,27.980427608
106.424,27.980602439
106.43,27.980304471
106.436,27.98058599
106.442,27.980386427
106.448,27.980673602
106.454,27.980518027
106.46,27.980746613
106.466,27.980463979
106.472,27.980769661
106.478,27.980551223
106.483,27.98079746
106.489,27.980510274
106.495,27.980814889
106.501,27.980550604
106.507,27.980791019
106.513,27.980455693
106.519,27.98072075
106.525,27.980412016
106.531,27.980632473
106.537,27.980454403
106.543,27.980660668
106.548,27.98042855
106.554,27.980656823
106.56,27.980424901
106.566,27.980638368
106.572,27.980454849
106.578,27.980623665
106.584,27.980426901
106.59,27.980629604
106.596,27.980338263
106.602,27.980519189
106.608,27.980278982
106.613,27.980474821
106.619,27.98014853
106.625,27.980336624
106.631,27.979961635
106.637,27.980206451
106.643,27.979953739
106.649,27.980235888
106.655,27.979924834
106.661,27.980231567
106.667,27.979932687
106.673,27.980100247
106.678,27.979993618
106.684,27.980125468
106.69,27.979944042
106.696,27.98012052
106.702,27.979816654
106.708,27.980088485
106.714,27.979838387
106.72,27.979990672
106.726,27.979761111
106.732,27.980042428
106.738,27.979760248
106.743,27.979982868
106.749,27.979732736
106.755,27.980049568
106.761,27.97976877
106.767,27.980046665
106.773,27.979761056
106.779,27.979980188
106.785,27.979700356
106.791,27.979927609
106.797,27.979733622
106.803,27.979952294
106.809,27.979619833
106.814,27.97984837
106.82,27.97973824
106.826,27.979947593
106.832,27.979635689
106.838,27.979863808
106.844,27.979688728
106.85,27.979848095
106.856,27.979677851
106.862,27.979865255
106.868,27.979559184
106.874,27.979837935
106.879,27.979560137
106.885,27.9797798
106.891,27.979609734
106.897,27.97980193
106.903,27.979461639
106.909,27.979724003
106.915,27.979628677
106.921,27.979769261
106.927,27.979538439
106.933,27.979800973
106.939,27.979549653
106.944,27.979831579
106.95,27.97952526
106.956,27.979693873
106.962,27.979435359
106.968,27.979644222
106.974,27.979257281
106.98,27.979444387
106.986,27.979129516
106.992,27.979285364
106.998,27.979060668
107.004,27.979265044
107.009,27.97898835
107.015,27.979251917
107.021,27.978979025
107.027,27.979230061
107.033,27.97906133
107.039,27.979258628
107.045,27.978980661
107.051,27.979297282
107.057,27.979061945
107.063,27.979324784
107.069,27.979061741
107.074,27.979325911
107.08,27.979104573
107.086,27.979383824
107.092,27.979071084
107.098,27.979337066
107.104,27.979121214
107.11,27.979402302
107.116,27.97911056
107.122,27.979391467
107.128,27.979186448
107.134,27.979444457
107.139,27.979151561
107.145,27.979381514
107.151,27.979162892
107.157,27.979324068
107.163,27.978979904
107.169,27.979262652
107.175,27.978907837
107.181,27.979216262
107.187,27.978912959
107.193,27.979112856
107.199,27.978908347
107.204,27.979104761
107.21,27.97879467
107.216,27.979022578
107.222,27.978742664
107.228,27.978937144
107.234,27.978568432
107.24,27.978842351
107.246,27.978594702
107.252,27.9788293
107.258,27.97863977
107.264,27.978831165
107.27,27.978660572
107.275,27.978906486
107.281,27.978592235
107.287,27.978918794
107.293,27.978759799
107.299,27.978894053
107.305,27.97876862
107.311,27.979022978
107.317,27.978814175
107.323,27.979041747
107.329,27.978828659
107.335,27.978967991
107.34,27.978811273
107.346,27.979031028
107.352,27.978726533
107.358,27.978947559
107.364,27.978680524
107.37,27.978857853
107.376,27.978622036
107.382,27.978853208
107.388,27.978559634
107.394,27.978798683
107.4,27.978542068
107.405,27.978726448
107.411,27.978475914
107.417,27.978717999
107.423,27.978401285
107.429,27.978741574
107.435,27.978476973
107.441,27.978698606
107.447,27.97852871
107.453,27.978735562
107.459,27.978446098
107.465,27.978736611
107.47,27.978452146
107.476,27.978685859
107.482,27.978381269
107.488,27.978604576
107.494,27.978342742
107.5,27.978585748
107.506,27.978475685
107.512,27.978547697
107.518,27.978348842
107.524,27.978571293
107.53,27.978372616
107.535,27.97863376
107.541,27.978329395
107.547,27.978502558
107.553,27.978310703
107.559,27.97861577
107.565,27.978257334
107.571,27.978571257
107.577,27.978320976
107.583,27.97856672
107.589,27.978258504
107.595,27.978599982
107.6,27.978335573
107.606,27.978587157
107.612,27.978332891
107.618,27.978560242
107.624,27.978379856
107.63,27.978683304
107.636,27.978350265
107.642,27.978667419
107.648,27.978426079
107.654,27.978695117
107.66,27.978412544
107.665,27.97873586
107.671,27.978483937
107.677,27.97867434
107.683,27.978441045
107.689,27.978694918
107.695,27.978458805
107.701,27.978722664
107.707,27.978441889
107.713,27.978631076
107.719,27.978401075
107.725,27.978544834
107.73,27.978278414
107.736,27.978453248
107.742,27.978120669
107.748,27.978326548
107.754,27.97804383
107.76,27.978243324
107.766,27.978024353
107.772,27.978317585
107.778,27.977983785
107.784,27.978231122
107.79,27.978045873
107.796,27.978265929
107.801,27.97802483
107.807,27.978386341
107.813,27.978133537
107.819,27.978414645
107.825,27.978258498
107.831,27.97848089
107.837,27.978307466
107.843,27.97850651
107.849,27.978331742
107.855,27.978555354
107.861,27.978383636
107.866,27.978650249
107.872,27.978438936
107.878,27.978683427
107.884,27.978460968
107.89,27.978683218
107.896,27.978454209
107.902,27.978700172
107.908,27.978448068
107.914,27.978623598
107.92,27.978370645
107.926,27.978524713
107.931,27.978282339
107.937,27.978472521
107.943,27.978271158
107.949,27.978593264
107.955,27.978340039
107.961,27.978542527
107.967,27.978286943
107.973,27.978500498
107.979,27.978240885
107.985,27.978509606
107.991,27.978200523
107.996,27.978421649
108.002,27.97815134
108.008,27.97836713
108.014,27.978105957
108.02,27.978415123
108.026,27.978171405
108.032,27.978456321
108.038,27.978233149
108.044,27.978590531
108.05,27.978265725
108.056,27.978646364
108.061,27.978398171
108.067,27.978652715
108.073,27.978512896
108.079,27.978751883
108.085,27.978542151
108.091,27.978805967
108.097,27.978569803
108.103,27.97881249
108.109,27.978500731
108.115,27.978800144
108.121,27.978511212
108.126,27.978781772
108.132,27.978452626
108.138,27.978764559
108.144,27.97852584
108.15,27.978778656
108.156,27.978454395
108.162,27.978766883
108.168,27.978483312
108.174,27.978718018
108.18,27.978447349
108.186,27.978724122
108.191,27.978553398
108.197,27.978796689
108.203,27.978558179
108.209,27.978747783
108.215,27.978524209
108.221,27.978832108
108.227,27.978484405
108.233,27.978847559
108.239,27.978546513
108.245,27.978776916
108.251,27.97841769
108.257,27.97874873
108.262,27.978571298
108.268,27.978821072
108.274,27.978570559
108.28,27.978854765
108.286,27.978687136
108.292,27.978961272
108.298,27.978728889
108.304,27.978922166
108.31,27.978772744
108.316,27.978976834
108.322,27.978733883
108.327,27.978956111
108.333,27.978759105
108.339,27.979078904
108.345,27.978738618
108.351,27.979017641
108.357,27.978800875
108.363,27.979109018
108.369,27.978800589
108.375,27.979069053
108.381,27.978910213
108.387,27.979063726
108.392,27.978837322
108.398,27.97911631
108.404,27.978902474
108.41,27.979159222
108.416,27.978878725
108.422,27.97909746
108.428,27.978948104
108.434,27.979232957
108.44,27.979016628
108.446,27.979294306
108.452,27.979064129
108.457,27.979334808
108.463,27.979014614
108.469,27.979369496
108.475,27.979072554
108.481,27.979269566
108.487,27.97901831
108.493,27.979246262
108.499,27.979037044
108.505,27.979266815
108.511,27.97900007
108.517,27.979249099
108.522,27.978961927
108.528,27.979232656
108.534,27.978955833
108.54,27.979251506
108.546,27.9790426
108.552,27.979345239
108.558,27.979100936
108.564,27.979381641
108.57,27.979160262
108.576,27.97947277
108.582,27.979182607
108.587,27.979501338
108.593,27.979299482
108.599,27.979523392
108.605,27.979280581
108.611,27.979612104
108.617,27.979397972
108.623,27.979627049
108.629,27.979402352
108.635,27.979703944
108.641,27.979497117
108.647,27.97982671
108.652,27.979561156
108.658,27.979831375
108.664,27.979678619
108.67,27.979872933
108.676,27.979613368
108.682,27.979930048
108.688,27.97968495
108.694,27.979943432
108.7,27.97972731
108.706,27.979946307
108.712,27.979748722
108.717,27.979943135
108.723,27.979658503
108.729,27.979829505
108.735,27.979747169
108.741,27.979820231
108.747,27.979584013
108.753,27.979787419
108.759,27.979562288
108.765,27.979724357
108.771,27.979573238
108.777,27.979753803
108.783,27.979577847
108.788,27.979837084
108.794,27.979726678
108.8,27.979921413
108.806,27.979770262
108.812,27.979986336
108.818,27.979770177
108.824,27.980095402
108.83,27.979946708
108.836,27.980113985
108.842,27.980007729
108.848,27.980227691
108.853,27.980106874
108.859,27.980344792
108.865,27.980132774
108.871,27.980377013
108.877,27.980320326
108.883,27.980484483
108.889,27.980302469
108.895,27.980549499
108.901,27.980302234
108.907,27.980534206
108.913,27.98038438
108.918,27.980549168
108.924,27.980359288
108.93,27.980566306
108.936,27.980346407
108.942,27.980449549
108.948,27.980400427
108.954,27.980470103
108.96,27.980318083
108.966,27.980547581
108.972,27.980435721
108.978,27.980606136
108.983,27.980422608
108.989,27.980541753
108.995,27.980429879
109.001,27.980489946
109.007,27.980343905
109.013,27.980518854
109.019,27.980398758
109.025,27.980565121
109.031,27.980421664
109.037,27.980572684
109.043,27.980441536
109.048,27.980598405
109.054,27.980500417
109.06,27.980690755
109.066,27.980694476
109.072,27.980774975
109.078,27.980739467
109.084,27.98093345
109.09,27.980866847
109.096,27.980985365
109.102,27.980804313
109.108,27.981068077
109.113,27.98091726
109.119,27.981130484
109.125,27.980887594
109.131,27.98104371
109.137,27.980919867
109.143,27.981092137
109.149,27.980872891
109.155,27.981149817
109.161,27.980964169
109.167,27.981231343
109.173,27.980996233
109.178,27.981179462
109.184,27.981085576
109.19,27.981206158
109.196,27.981002657
109.202,27.981223979
109.208,27.981113087
109.214,27.981359918
109.22,27.981130553
109.226,27.981361538
109.232,27.981256933
109.238,27.981438816
109.243,27.981214251
109.249,27.981432406
109.255,27.981321501
109.261,27.981500232
109.267,27.981338523
109.273,27.981411844
109.279,27.981311587
109.285,27.981408869
109.291,27.981148666
109.297,27.981420952
109.303,27.981276979
109.309,27.981470755
109.314,27.981250077
109.32,27.981468625
109.326,27.981324903
109.332,27.981505449
109.338,27.981314212
109.344,27.981495958
109.35,27.981394656
109.356,27.981565071
109.362,27.981399546
109.368,27.981634789
109.374,27.981559032
109.379,27.981684387
109.385,27.981567912
109.391,27.981683643
109.397,27.981600352
109.403,27.981828528
109.409,27.98174335
109.415,27.981850717
109.421,27.981810671
109.427,27.981924031
109.433,27.981788327
109.439,27.982023523
109.444,27.981912549
109.45,27.982101785
109.456,27.981988736
109.462,27.982076362
109.468,27.981989061
109.474,27.982167604
109.48,27.982021873
109.486,27.982125337
109.492,27.982069514
109.498,27.982174187
109.504,27.981992872
109.509,27.982154727
109.515,27.982070846
109.521,27.982149255
109.527,27.982003794
109.533,27.982139839
109.539,27.982000326
109.545,27.982211883
109.551,27.982048093
109.557,27.982186656
109.563,27.982061384
109.569,27.982214252
109.574,27.981995888
109.58,27.98227056
109.586,27.982126111
109.592,27.982261206
109.598,27.982109234
109.604,27.982277947
109.61,27.98212123
109.616,27.982342994
109.622,27.982245534
109.628,27.982256318
109.634,27.982181124
109.639,27.982381066
109.645,27.98223187
109.651,27.982383697
109.657,27.982298619
109.663,27.982403406
109.669,27.982296421
109.675,27.982423653
109.681,27.982292189
109.687,27.982430604
109.693,27.982341516
109.699,27.982431983
109.704,27.982397025
109.71,27.982502598
109.716,27.982399335
109.722,27.982485731
109.728,27.982480412
109.734,27.982559962
109.74,27.982463966
109.746,27.98256118
109.752,27.982425076
109.758,27.982600832
109.764,27.982503564
109.77,27.982580758
109.775,27.982489763
109.781,27.982687864
109.787,27.98256336
109.793,27.982613304
109.799,27.982563306
109.805,27.982630869
109.811,27.98248929
109.817,27.982644521
109.823,27.982564469
109.829,27.982736732
109.835,27.982644053
109.84,27.982710743
109.846,27.982654821
109.852,27.982853876
109.858,27.982702956
109.864,27.982725251
109.87,27.982673455
109.876,27.982787998
109.882,27.982643387
109.888,27.982723779
109.894,27.98267263
109.9,27.982794267
109.905,27.982729289
109.911,27.982679946
109.917,27.98270061
109.923,27.982784144
109.929,27.982642104
109.935,27.982741576
109.941,27.982742822
109.947,27.982795522
109.953,27.982737578
109.959,27.98288535
109.965,27.98280475
109.97,27.982932411
109.976,27.982881423
109.982,27.982886375
109.988,27.98285653
109.994,27.982986026
110.0,27.982847476
110.006,27.98289622
110.012,27.982903873
110.018,27.982915561
110.024,27.982841274
110.03,27.982930463
110.035,27.982920178
110.041,27.982968074
110.047,27.982925583
110.053,27.982966984
110.059,27.982949622
110.065,27.983028561
110.071,27.982969107
110.077,27.982994382
110.083,27.983007678
110.089,27.983015359
110.095,27.983021434
110.1,27.983112349
110.106,27.983093223
110.112,27.9832005
110.118,27.983099914
110.124,27.983125942
110.13,27.983069987
110.136,27.983172653
110.142,27.983078485
110.148,27.983138648
110.154,27.983169823
110.16,27.983190701
110.165,27.983061505
110.171,27.983138013
110.177,27.983068502
110.183,27.98314014
110.189,27.983086818
110.195,27.983080283
110.201,27.983044668
110.207,27.983115664
110.213,27.983080415
110.219,27.983097947
110.225,27.983112195
110.23,27.98307758
110.236,27.982998329
110.242,27.983001979
110.248,27.983006209
110.254,27.983075892
110.26,27.982996496
110.266,27.983029097
110.272,27.982958881
110.278,27.983055216
110.284,27.982975927
110.29,27.983043555
110.296,27.982981313
110.301,27.983066996
110.307,27.982891203
110.313,27.982975714
110.319,27.982938172
110.325,27.983046998
110.331,27.982963643
110.337,27.983090234
110.343,27.982969338
110.349,27.983113235
110.355,27.983026239
110.361,27.983085921
110.366,27.983008261
110.372,27.983159943
110.378,27.982977375
110.384,27.983113746
110.39,27.98301403
110.396,27.983183933
110.402,27.982986947
110.408,27.983138186
110.414,27.982992924
110.42,27.983088739
110.426,27.982947884
110.431,27.983105915
110.437,27.98293023
110.443,27.98309755
110.449,27.982870439
110.455,27.983008847
110.461,27.982898709
110.467,27.983009492
110.473,27.982831269
110.479,27.982977947
110.485,27.982830127
110.491,27.982942426
110.496,27.98279281
110.502,27.982934228
110.508,27.982797914
110.514,27.982950444
110.52,27.982759599
110.526,27.982885111
110.532,27.982854004
110.538,27.982896728
110.544,27.982805877
110.55,27.982825459
110.556,27.982786931
110.561,27.982808834
110.567,27.982785378
110.573,27.982849976
110.579,27.98281813
110.585,27.982909375
110.591,27.982783552
110.597,27.982854685
110.603,27.982901562
110.609,27.983014983
110.615,27.982818454
110.621,27.982921553
110.626,27.982881717
110.632,27.982938802
110.638,27.982831679
110.644,27.982898909
110.65,27.9829203
110.656,27.982988016
110.662,27.982767889
110.668,27.982808619
110.674,27.9828229
110.68,27.982865011
110.686,27.982714272
110.691,27.982788037
110.697,27.982723857
110.703,27.982753232
110.709,27.98269212
110.715,27.982696727
110.721,27.982663472
110.727,27.982724162
110.733,27.982619162
110.739,27.982597313
110.745,27.982628263
110.751,27.982638386
110.757,27.982535015
110.762,27.98257352
110.768,27.982558694
110.774,27.982593243
110.78,27.982531672
110.786,27.982621497
110.792,27.982558875
110.798,27.982619696
110.804,27.982474139
110.81,27.982568181
110.816,27.982547962
110.822,27.982670174
110.827,27.982536096
110.833,27.982672532
110.839,27.982568307
110.845,27.982629448
110.851,27.982527504
110.857,27.982698798
110.863,27.982543887
110.869,27.982672735
110.875,27.982506197
110.881,27.982584872
110.887,27.982554094
110.892,27.982639638
110.898,27.982445904
110.904,27.982581495
110.91,27.982362966
110.916,27.982411839
110.922,27.982347574
110.928,27.982427991
110.934,27.98227678
110.94,27.982415328
110.946,27.982267481
110.952,27.982243944
110.957,27.982263881
110.963,27.982303043
110.969,27.982171053
110.975,27.982239011
110.981,27.982170338
110.987,27.982164577
110.993,27.98214043
110.999,27.982132264
111.005,27.982052763
111.011,27.982230214
111.017,27.982027906
111.022,27.982122415
111.028,27.98210873
111.034,27.982181952
111.04,27.982051584
111.046,27.982222752
111.052,27.982058948
111.058,27.982126904
111.064,27.982123298
111.07,27.982196375
111.076,27.982049161
111.082,27.982288306
111.087,27.982017666
111.093,27.982133061
111.099,27.982034269
111.105,27.982233944
111.111,27.982007404
111.117,27.982172174
111.123,27.981991564
111.129,27.982114609
111.135,27.981985506
111.141,27.982148815
111.147,27.981900128
111.152,27.982153758
111.158,27.981927514
111.164,27.982047608
111.17,27.981985524
111.176,27.982146322
111.182,27.981941341
111.188,27.982101564
111.194,27.981961606
111.2,27.982027772
111.206,27.981914481
111.212,27.982042573
111.217,27.981885993
111.223,27.982055442
111.229,27.981871644
111.235,27.981958904
111.241,27.981923481
111.247,27.982089427
111.253,27.981856887
111.259,27.982036538
111.265,27.98192363
111.271,27.982046521
111.277,27.981888105
111.283,27.982002806
111.288,27.981809971
111.294,27.981970434
111.3,27.981709002
111.306,27.981780555
111.312,27.981701105
111.318,27.981909964
111.324,27.981697951
111.33,27.981796993
111.336,27.981678234
111.342,27.98176764
111.348,27.981537887
111.353,27.981696245
111.359,27.981497465
111.365,27.981609501
111.371,27.98135781
111.377,27.981471385
111.383,27.981313859
111.389,27.981466982
111.395,27.981201779
111.401,27.981356677
111.407,27.981235366
111.413,27.981390349
111.418,27.981153791
111.424,27.981364849
111.43,27.981244384
111.436,27.981441926
111.442,27.981227251
111.448,27.981382449
111.454,27.98130482
111.46,27.981505891
111.466,27.98132214
111.472,27.98144633
111.478,27.981340632
111.483,27.981506553
111.489,27.981282085
111.495,27.981428384
111.501,27.981283325
111.507,27.981389335
111.513,27.981227601
111.519,27.981302202
111.525,27.981180781
111.531,27.981347639
111.537,27.981118273
111.543,27.981152091
111.548,27.981128809
111.554,27.981218845
111.56,27.981006558
111.566,27.981124165
111.572,27.98110965
111.578,27.981163236
111.584,27.981001874
111.59,27.981134936
111.596,27.981068062
111.602,27.981166226
111.608,27.980959544
111.613,27.980986532
111.619,27.98100882
111.625,27.981071063
111.631,27.980845898
111.637,27.981036206
111.643,27.980994268
111.649,27.981019963
111.655,27.980848056
111.661,27.980987327
111.667,27.981006047
111.673,27.981094627
111.678,27.9808992
111.684,27.981021178
111.69,27.981009854
111.696,27.981069565
111.702,27.980925878
111.708,27.981005052
111.714,27.980949793
111.72,27.981076355
111.726,27.980891576
111.732,27.980998933
111.738,27.980941759
111.743,27.980993608
111.749,27.980803973
111.755,27.980999761
111.761,27.980802502
111.767,27.980840339
111.773,27.98072598
111.779,27.980886469
111.785,27.980733153
111.791,27.980869756
111.797,27.980672279
111.803,27.980799876
111.809,27.980639601
111.814,27.980831032
111.82,27.980619822
111.826,27.980765171
111.832,27.980645916
111.838,27.980738887
111.844,27.980583082
111.85,27.980794799
111.856,27.980585895
111.862,27.980760182
111.868,27.98061881
111.874,27.980720794
111.879,27.980680689
111.885,27.980766049
111.891,27.980593817
111.897,27.98082269
111.903,27.980707934
111.909,27.980767623
111.915,27.980652338
111.921,27.980811522
111.927,27.980696148
111.933,27.980735354
111.939,27.980599635
111.944,27.980540837
111.95,27.980483574
111.956,27.980648065
111.962,27.9803893
111.968,27.980554245
111.974,27.980480966
111.98,27.980506554
111.986,27.980367142
111.992,27.980522989
111.998,27.980405336
