WARNING 7: VSPAERO Viewer Not Found. 
	Expected here: /home/dafoamuser/dafoam/packages/miniconda3/lib/python3.10/site-packages/openvsp/vspviewer
WARNING 7: VSPAERO Viewer Not Found. 
	Expected here: /home/dafoamuser/dafoam/packages/miniconda3/lib/python3.10/site-packages/openvsp/vspviewer
WARNING 7: VSPAERO Viewer Not Found. 
	Expected here: /home/dafoamuser/dafoam/packages/miniconda3/lib/python3.10/site-packages/openvsp/vspviewer
 
-------------------------------------------------------------------------------
|                               DAFoam v5.0.0                                 |
-------------------------------------------------------------------------------
 
/*---------------------------------------------------------------------------*\
| =========                 |                                                 |
| \\      /  F ield         | OpenFOAM: The Open Source CFD Toolbox           |
|  \\    /   O peration     | Version:  2506                                  |
|   \\  /    A nd           | Website:  www.openfoam.com                      |
|    \\/     M anipulation  |                                                 |
\*---------------------------------------------------------------------------*/
Build  : _615aae61d7-20250627 OPENFOAM=2506 version=v2506
Arch   : "LSB;label=32;scalar=64"
Exec   : decomposePar
Date   : Jul 27 2026
Time   : 04:45:45
Host   : 6d8c6507900c
PID    : 367
I/O    : uncollated
Case   : /home/dafoamuser/mount/naca0015_sail_coarse
nProcs : 1
trapFpe: Floating point exception trapping enabled (FOAM_SIGFPE).
fileModificationChecking : Monitoring run-time modified files using timeStampMaster (fileModificationSkew 5, maxFileModificationPolls 20)
allowSystemOperations : Allowing user-supplied system call operations

// * * * * * * * * * * * * * * * * * * * * * * * * * * * * * * * * * * * * * //
Create time

Overriding DebugSwitches according to controlDict
    SolverPerformance 0;



Decomposing mesh



--> FOAM FATAL ERROR: (openfoam-2506)
Case is already decomposed with 3 domains, use the -force option or manually
remove processor directories before decomposing. e.g.,
    rm -rf /home/dafoamuser/mount/naca0015_sail_coarse/processor*


    From decomposePar
    in file decomposePar.C at line 645.

FOAM exiting


Unable to run decomposePar, the domain has been already decomposed?

I/O    : uncollated
Case   : /home/dafoamuser/mount/naca0015_sail_coarse
nProcs : 3
Hosts  :
(
    (6d8c6507900c 3)
)
Pstream initialized with:
    node communication : off [type=host] (3 ranks, 1 nodes)
    topology controls  : none
    consensus exchange : 0 (tuning: 0)
    exchange algorithm : 0
    commsType          : nonBlocking
    polling iterations : 0
Initializing mesh and runtime for DASolver
Create time

Overriding DebugSwitches according to controlDict
    SolverPerformance 0;

Create mesh for time = 0
Replacing wallDist.method meshWave -> meshWaveFrozen
DAOption created. DASolver initialized.
[1] UPstream::init : could not attach buffer
[0] UPstream::init : could not attach buffer
[2] UPstream::init : could not attach buffer
I/O    : uncollated
Case   : /home/dafoamuser/mount/naca0015_sail_coarse
nProcs : 3
Hosts  :
(
    (6d8c6507900c 3)
)
Pstream initialized with:
    node communication : off [type=host] (3 ranks, 1 nodes)
    topology controls  : none
    consensus exchange : 0 (tuning: 0)
    exchange algorithm : 0
    commsType          : nonBlocking
    polling iterations : 0
Initializing mesh and runtime for DASolver
Create time

Overriding DebugSwitches according to controlDict
    SolverPerformance 0;

Create mesh for time = 0
Replacing wallDist.method meshWave -> meshWaveFrozen
DAOption created. DASolver initialized.
Initializing fields for DASimpleFoam
Create simpleControl.

SIMPLE: no convergence criteria found. Calculations will run for 2000 steps.

Reading field p

Reading field U

Reading/calculating face flux field phi

Creating source term. 
Selecting incompressible transport model Newtonian
Selecting turbulence model type RAS
Selecting RAS turbulence model SpalartAllmaras
Selecting patchDistMethod meshWaveFrozen
ft2 term: inactive
No MRF models present

Turbulence model is incompressible
Adjoint States: 
4
(
U volVectorState
nuTilda modelState
phi surfaceScalarState
p volScalarState
)
Global Cells: 63920
Global Faces: 203606
Global Xv: 228669
Undecomposed points: 73635
Global Adjoint States: 523206

SIMPLE: no convergence criteria found. Calculations will run for 2000 steps.

DACheckMesh Thresholds: 
maxNonOrth: 70
maxSkewness: 4
maxAspectRatio: 1000
maxIncorrectlyOrientedFaces: 0
    Adding all faces of patches: (body) ...
    Found matching patch body with 3608 faces
    Adding all faces of patches: (body) ...
    Found matching patch body with 3608 faces
Initializing fields for DASimpleFoam
Create simpleControl.

SIMPLE: no convergence criteria found. Calculations will run for 2000 steps.

Reading field p

Reading field U

Reading/calculating face flux field phi

Creating source term. 
Selecting incompressible transport model Newtonian
Selecting turbulence model type RAS
Selecting RAS turbulence model SpalartAllmaras
Selecting patchDistMethod meshWaveFrozen
ft2 term: inactive
No MRF models present

Turbulence model is incompressible
Adjoint States: 
4
(
U volVectorState
nuTilda modelState
phi surfaceScalarState
p volScalarState
)
Global Cells: 63920
Global Faces: 203606
Global Xv: 228669
Undecomposed points: 73635
Global Adjoint States: 523206

SIMPLE: no convergence criteria found. Calculations will run for 2000 steps.

DACheckMesh Thresholds: 
maxNonOrth: 70
maxSkewness: 4
maxAspectRatio: 1000
maxIncorrectlyOrientedFaces: 0
    Adding all faces of patches: (body) ...
    Found matching patch body with 3608 faces
    Adding all faces of patches: (body) ...
    Found matching patch body with 3608 faces
Init solver done! ElapsedClockTime 1.000000 s
Init solver done! ElapsedCpuTime 0.760000 s
initState: 
6
(
nuTilda 4.499999999998514e-05
phi 0
U1 5.593434048794286
U2 0.006568183814358156
p 0
U0 74.69815396901043
)
Setting up primal boundary conditions based on pyOptions: 
Setting primal boundary conditions...
Setting U = (75 0 0) at farfield
Setting primal boundary conditions...
Setting p = 0 at farfield
Setting primal boundary conditions...
Setting nuTilda = 4.5e-05 at farfield
Setting nut wall BC for body. BCType=nutUSpaldingWallFunction
Reading OpenFOAM mesh information...
I/O    : uncollated
Case   : /home/dafoamuser/mount/naca0015_sail_coarse
nProcs : 3
Hosts  :
(
    (6d8c6507900c 3)
)
Pstream initialized with:
    node communication : off [type=host] (3 ranks, 1 nodes)
    topology controls  : none
    consensus exchange : 0 (tuning: 0)
    exchange algorithm : 0
    commsType          : nonBlocking
    polling iterations : 0
Reading the OpenFOAM mesh..
Overriding DebugSwitches according to controlDict
    SolverPerformance 0;

Finalising parallel run
I/O    : uncollated
DAFoam option dictionary: 
{
    solverName      DASimpleFoam;
    primalMinResTol 1e-08;
    primalFuncStdTol
    {
        stdTol          -1;
        slopeTol        -1;
        funcNames       1 ( CD );
        nStepsFrac      0.2;
    }
    primalBC
    {
        U0
        {
            variable        U;
            patches         1 ( farfield );
            value           3 ( 75 0 0 );
        }
        p0
        {
            variable        p;
            patches         1 ( farfield );
            value           1 ( 0 );
        }
        nuTilda0
        {
            variable        nuTilda;
            patches         1 ( farfield );
            value           1 ( 4.5e-05 );
        }
        useWallFunction 1;
    }
    primalInitCondition
    {
    }
    normalizeStates
    {
        U               75;
        p               2812.5;
        nuTilda         0.00045;
        phi             1;
    }
    function
    {
        CD
        {
            type            force;
            source          patchToFace;
            patches         1 ( body );
            directionMode   parallelToFlow;
            patchVelocityInputName patchV;
            scale           0.0001646090534979424;
        }
        CL
        {
            type            force;
            source          patchToFace;
            patches         1 ( body );
            directionMode   normalToFlow;
            patchVelocityInputName patchV;
            scale           0.0001646090534979424;
        }
    }
    inputInfo
    {
        aero_vol_coords
        {
            type            volCoord;
            components      2 ( solver function );
        }
        patchV
        {
            type            patchVelocity;
            patches         1 ( farfield );
            flowAxis        x;
            normalAxis      y;
            components      2 ( solver function );
        }
    }
    outputInfo
    {
    }
    designSurfaces  1 ( body );
    fvSource
    {
    }
    prepareCaseOnly 0;
    adjEqnSolMethod Krylov;
    dynamicMesh
    {
        active          0;
        mode            rotation;
        center          3 ( 0.25 0 0 );
        axis            z;
        omega           0.1;
        s               2;
        t0              0.35;
    }
    primalVarBounds
    {
        UMax            1000;
        UMin            -1000;
        pMax            50000;
        pMin            -50000;
        p_rghMax        50000;
        p_rghMin        -50000;
        eMax            55000;
        eMin            -220000;
        TMax            1000;
        TMin            100;
        hMax            200000;
        hMin            -200000;
        DMax            1e+16;
        DMin            -1e+16;
        rhoMax          5;
        rhoMin          0.2;
        nuTildaMax      1e+16;
        nuTildaMin      1e-16;
        kMax            1e+16;
        kMin            1e-16;
        omegaMax        1e+16;
        omegaMin        1e-16;
        epsilonMax      1e+16;
        epsilonMin      1e-16;
        ReThetatMax     1e+16;
        ReThetatMin     1e-16;
        gammaIntMax     1e+16;
        gammaIntMin     1e-16;
    }
    discipline      aero;
    adjPartDerivFDStep
    {
        State           1e-06;
    }
    transonicPCOption -1;
    unsteadyAdjoint
    {
        mode            None;
        PCMatPrecomputeInterval 100;
        PCMatUpdateInterval 1;
        reduceIO        1;
        additionalOutput 1 ( None );
        additionalOldTime 1 ( None );
        readZeroFields  1;
    }
    adjPCLag        10000;
    useAD
    {
        mode            reverse;
        dvName          None;
        seedIndex       -9999;
    }
    useConstrainHbyA 1;
    forceMeshWaveFrozen 1;
    useDdtCorr      0;
    regressionModel
    {
        active          0;
    }
    useMeanStates   0;
    solveLinearFunctionName None;
    printDAOptions  1;
    debug           0;
    writeJacobians  1 ( None );
    printInterval   100;
    printIntervalUnsteady 1;
    primalMinResTolDiff 100;
    adjUseColoring  1;
    adjEqnOption
    {
        globalPCIters   0;
        asmOverlap      1;
        localPCIters    1;
        jacMatReOrdering rcm;
        pcFillLevel     1;
        gmresMaxIters   1000;
        gmresRestart    1000;
        gmresRelTol     1e-06;
        gmresAbsTol     1e-14;
        gmresTolDiff    100;
        useNonZeroInitGuess 0;
        useMGSO         0;
        printInfo       1;
        fpMaxIters      1000;
        fpRelTol        1e-06;
        fpMinResTolDiff 100;
        fpPCUpwind      0;
        dynAdjustTol    0;
        KSPCalcEigen    0;
        KSPCalcSingularVal 0;
        readPCMat       0;
    }
    normalizeResiduals 11 ( URes pRes p_rghRes nuTildaRes phiRes TRes DRes kRes omegaRes epsilonRes alpha.waterRes );
    maxResConLv4JacPCMat
    {
        pRes            2;
        phiRes          1;
        URes            2;
        TRes            2;
        nuTildaRes      2;
        kRes            2;
        epsilonRes      2;
        omegaRes        2;
        p_rghRes        2;
        DRes            2;
        gammaIntRes     2;
        ReThetatRes     2;
        alpha.waterRes  2;
    }
    jacLowerBounds
    {
        dRdW            1e-30;
        dRdWPC          1e-30;
    }
    maxTractionBCIters 100;
    decomposeParDict
    {
        method          scotch;
        simpleCoeffs
        {
            n               3 ( 2 2 1 );
            delta           0.001;
        }
        kahipCoeffs
        {
            config          fast;
            imbalance       0.01;
        }
        preservePatches 1 ( None );
        singleProcessorFaceSets 1 ( None );
        args            1 ( None );
    }
    adjStateOrdering state;
    checkMeshThreshold
    {
        maxAspectRatio  1000;
        maxNonOrth      70;
        maxSkewness     4;
        maxIncorrectlyOrientedFaces 0;
    }
    writeDeformedFFDs 0;
    writeDeformedConstraints 0;
    writeAdjointFields 0;
    maxCorrectBCCalls 2;
    writeMinorIterations 0;
    primalMinIters  1;
    tensorflow
    {
        active          0;
    }
    wallDistanceMethod default;
    unsteadyCompOutput
    {
    }
}

pyDAFoam initialization done!
+----------------------------------------+
|          All IDWarp Options:           |
+----------------------------------------+
{'LdefFact': 1.0,
 'aExp': 3.0,
 'alpha': 0.25,
 'bExp': 5.0,
 'bucketSize': 8,
 'cornerAngle': 30.0,
 'errTol': 0.0005,
 'evalMode': 'fast',
 'fileType': 'OpenFOAM',
 'gridFile': '/home/dafoamuser/mount/naca0015_sail_coarse',
 'restartFile': None,
 'specifiedSurfaces': None,
 'symmTol': 1e-06,
 'symmetryPlanes': [],
 'symmetrySurfaces': None,
 'useRotations': True,
 'zeroCornerRotations': True}
I/O    : uncollated
Case   : /home/dafoamuser/mount/naca0015_sail_coarse
nProcs : 3
Hosts  :
(
    (6d8c6507900c 3)
)
Pstream initialized with:
    node communication : off [type=host] (3 ranks, 1 nodes)
    topology controls  : none
    consensus exchange : 0 (tuning: 0)
    exchange algorithm : 0
    commsType          : nonBlocking
    polling iterations : 0
Reading the OpenFOAM mesh..
Overriding DebugSwitches according to controlDict
    SolverPerformance 0;

#------------------------------#
 Total Volume Nodes :     76223 
#------------------------------#
Finalising parallel run
I/O    : uncollated
+-------------------- Symmetry Planes -------------------+
|           Point                        Normal          |
+--------------------------------------------------------+
#--------------------------------#
 Unique Surface Nodes :      3616 
#--------------------------------#
 Computing Denominator Estimate...
 Load Balancing...
 Finished Mesh Initialization.
OrderedDict([('body', [0]), ('farfield', [1]), ('procBoundary0to1', [2]), ('procBoundary0to2', [3]), ('allSurfaces', [0, 1, 2, 3]), ('allWalls', [0]), ('designSurfaces', [0])])
dRdWT Jacobian Free created!
/home/dafoamuser/dafoam/packages/miniconda3/lib/python3.10/site-packages/openmdao/core/component.py:140: OMDeprecationWarning:'scenario1.coupling.solver' <class DAFoamSolver>: It appears this component mixes distributed/non-distributed inputs and outputs, so it may break starting with OpenMDAO 3.25, where the convention used when passing data between distributed and non-distributed inputs and outputs within a matrix free component will change. See https://github.com/OpenMDAO/POEMs/blob/master/POEM_075.md for details.
/home/dafoamuser/dafoam/packages/miniconda3/lib/python3.10/site-packages/openmdao/core/component.py:140: OMDeprecationWarning:'scenario1.coupling.solver' <class DAFoamSolver>: It appears this component mixes distributed/non-distributed inputs and outputs, so it may break starting with OpenMDAO 3.25, where the convention used when passing data between distributed and non-distributed inputs and outputs within a matrix free component will change. See https://github.com/OpenMDAO/POEMs/blob/master/POEM_075.md for details.
/home/dafoamuser/dafoam/packages/miniconda3/lib/python3.10/site-packages/openmdao/core/component.py:140: OMDeprecationWarning:'scenario1.coupling.solver' <class DAFoamSolver>: It appears this component mixes distributed/non-distributed inputs and outputs, so it may break starting with OpenMDAO 3.25, where the convention used when passing data between distributed and non-distributed inputs and outputs within a matrix free component will change. See https://github.com/OpenMDAO/POEMs/blob/master/POEM_075.md for details.
/home/dafoamuser/dafoam/packages/miniconda3/lib/python3.10/site-packages/openmdao/core/component.py:140: OMDeprecationWarning:'scenario1.aero_post.functionals' <class DAFoamFunctions>: It appears this component mixes distributed/non-distributed inputs and outputs, so it may break starting with OpenMDAO 3.25, where the convention used when passing data between distributed and non-distributed inputs and outputs within a matrix free component will change. See https://github.com/OpenMDAO/POEMs/blob/master/POEM_075.md for details.
/home/dafoamuser/dafoam/packages/miniconda3/lib/python3.10/site-packages/openmdao/core/component.py:140: OMDeprecationWarning:'scenario1.aero_post.functionals' <class DAFoamFunctions>: It appears this component mixes distributed/non-distributed inputs and outputs, so it may break starting with OpenMDAO 3.25, where the convention used when passing data between distributed and non-distributed inputs and outputs within a matrix free component will change. See https://github.com/OpenMDAO/POEMs/blob/master/POEM_075.md for details.
/home/dafoamuser/dafoam/packages/miniconda3/lib/python3.10/site-packages/openmdao/core/component.py:140: OMDeprecationWarning:'scenario1.aero_post.functionals' <class DAFoamFunctions>: It appears this component mixes distributed/non-distributed inputs and outputs, so it may break starting with OpenMDAO 3.25, where the convention used when passing data between distributed and non-distributed inputs and outputs within a matrix free component will change. See https://github.com/OpenMDAO/POEMs/blob/master/POEM_075.md for details.
/home/dafoamuser/dafoam/packages/miniconda3/lib/python3.10/site-packages/openmdao/core/problem.py:1011: DerivativesWarning:Inefficient choice of derivative mode.  You chose 'rev' for a problem with 10 design variables and 25 response variables (objectives and nonlinear constraints).
/home/dafoamuser/dafoam/packages/miniconda3/lib/python3.10/site-packages/openmdao/core/problem.py:1011: DerivativesWarning:Inefficient choice of derivative mode.  You chose 'rev' for a problem with 10 design variables and 25 response variables (objectives and nonlinear constraints).
/home/dafoamuser/dafoam/packages/miniconda3/lib/python3.10/site-packages/openmdao/core/problem.py:1011: DerivativesWarning:Inefficient choice of derivative mode.  You chose 'rev' for a problem with 10 design variables and 25 response variables (objectives and nonlinear constraints).
DAInputVolCoord. 
Setting volume coordinates. 
DAInputPatchVelocity. 
Setting UMag = 75 AoA = 5 degs at 1(farfield)
Checking mesh quality for time = 0
    Overall domain bounding box (-3.599999999999987 -3.6 -4.5000002) (8.400000000000031 3.6 6.3000002)
    Mesh has 3 geometric (non-empty/wedge) directions (1 1 1)
    Mesh has 3 solution (non-empty) directions (1 1 1)
    Boundary openness (-1.547431334282339e-16 -3.50017060077425e-17 -9.708097475986028e-17) OK.
    Max cell openness = 3.386147979605947e-16 OK.
    Max aspect ratio = 4.32232004126091 OK.
    Minimum face area = 0.0003034776582891625. Maximum face area = 0.08294439420183272.  Face area magnitudes OK.
    Min volume = 1.574485021790876e-05. Max volume = 0.02361874516497375.  Total volume = 932.8560616561925.  Cell volumes OK.
    Mesh non-orthogonality Max: 34.57384324770877 average: 6.464068516765995
    Non-orthogonality check OK.
    Face pyramids OK.
    Max skewness = 2.59729338313911 OK.
    Coupled point location match (average 0) OK.

Mesh OK.

Running Primal Solver 001
Previous solution time -1e+10 not found and nothing deleted.
No finite volume options present

Starting time loop

Time = 1

U0 initRes: 0.1897021818846948 finalRes: 0.01238400781420293 nIters: 3
U1 initRes: 0.0303815201085479 finalRes: 0.001827040450948179 nIters: 3
U2 initRes: 0.0685545909935122 finalRes: 0.006116993621056787 nIters: 2
p initRes: 1 finalRes: 0.05790939704155491 nIters: 2
Time step continuity errors : sum local = 0.005693952212384312
                                 global = 0.0003186698129858786
                             cumulative = 0.0003186698129858786
nuTilda initRes: 0.9999999990994102 finalRes: 0.09927954089708943 nIters: 3
Bounding nuTilda>1e-16
CD: 0.0471582604888728 final: 0.0471582604888728
CL: 0.1512995248905403 final: 0.1512995248905403
yPlus min: 885.9822132934236 max: 4424.567781884844 mean: 1191.47834451599
ExecutionTime = 3.41 s  ClockTime = 3 s

Time = 100

U0 initRes: 1.893666142162048e-05 finalRes: 9.086724756993723e-07 nIters: 1
U1 initRes: 2.38397940661048e-06 finalRes: 9.519217418442962e-08 nIters: 1
U2 initRes: 1.062056631963091e-05 finalRes: 4.708664009142025e-07 nIters: 1
p initRes: 1.060605780086331e-05 finalRes: 4.201428926125801e-07 nIters: 2
Time step continuity errors : sum local = 8.198953863132193e-07
                                 global = 7.428873826005215e-08
                             cumulative = 0.0003187441017241387
nuTilda initRes: 2.444860714025298e-07 finalRes: 6.499545369053708e-09 nIters: 2
Bounding nuTilda>1e-16
CD: 0.03303008904749918 final: 0.03303008904749918
CL: 0.1809887820776706 final: 0.1809887820776706
yPlus min: 854.8027522094383 max: 5146.16836465901 mean: 2978.773161691919
ExecutionTime = 6.26 s  ClockTime = 6 s

Time = 177
Minimal residual 9.245028697657761e-09 satisfied the prescribed tolerance 1e-08

CD: 0.03303063060774498 final: 0.03303063060774498
CL: 0.1809946607643346 final: 0.1809946607643346
End

Printing Primal Residual Statistics.
U Residual Norm2: (0.009605736269589894 0.007116652883477271 0.006632809339999957)
U Residual Mean: (1.521934339642129e-05 8.571326510702493e-06 9.038031878263722e-06)
U Residual Max: (0.0006189981427269231 0.000735493445404245 0.0004986220874343417)
p Residual Norm2: 0.0001028932937101898
p Residual Mean: 8.626583550829273e-08
p Residual Max: 3.824325966608725e-05
nuTilda Residual Norm2: 8.865699605744261e-07
nuTilda Residual Mean: 3.896609375431466e-10
nuTilda Residual Max: 1.71448667494282e-07
phi Residual Norm2: 5.519613541861694e-06
phi Residual Mean: 4.628876792973824e-09
phi Residual Max: 2.350268623539879e-07
Total Residual Norm2: 0.01367193093778788
 
 
Computing d[CD]/d[aero_states]^T * psi 8.68 s
Computing d[CD]/d[aero_vol_coords]^T * psi 8.84 s
Computing d[CD]/d[patchV]^T * psi 10.35 s
Checking if Coloring file exists..
dRdWColoring_3.bin exists.
Moving time 177 to 0.0001
Driver total derivatives for iteration: 1
---------------------------------------------
Computing dRdWTPC 11.17 s
Initializing dRdWCon. 11.17 s
dRdWCon Created. 22.55 s
Reading Coloring dRdWColoring_3
Validating Coloring...
No Conflicting Colors Found!
Partial derivative matrix created. 23.24 s
dRdWTPC: 0 of 1999, ExecutionTime: 23.33 s
dRdWTPC: 100 of 1999, ExecutionTime: 29.82 s
dRdWTPC: 200 of 1999, ExecutionTime: 36.28 s
dRdWTPC: 300 of 1999, ExecutionTime: 42.75 s
dRdWTPC: 400 of 1999, ExecutionTime: 49.16 s
dRdWTPC: 500 of 1999, ExecutionTime: 55.53 s
dRdWTPC: 600 of 1999, ExecutionTime: 61.87 s
dRdWTPC: 700 of 1999, ExecutionTime: 68.19 s
dRdWTPC: 800 of 1999, ExecutionTime: 74.59 s
dRdWTPC: 900 of 1999, ExecutionTime: 81.01000000000001 s
dRdWTPC: 1000 of 1999, ExecutionTime: 87.36 s
dRdWTPC: 1100 of 1999, ExecutionTime: 93.66 s
dRdWTPC: 1200 of 1999, ExecutionTime: 99.95 s
dRdWTPC: 1300 of 1999, ExecutionTime: 106.23 s
dRdWTPC: 1400 of 1999, ExecutionTime: 112.53 s
dRdWTPC: 1500 of 1999, ExecutionTime: 118.8 s
dRdWTPC: 1600 of 1999, ExecutionTime: 125.03 s
dRdWTPC: 1700 of 1999, ExecutionTime: 131.28 s
dRdWTPC: 1800 of 1999, ExecutionTime: 137.52 s
dRdWTPC: 1900 of 1999, ExecutionTime: 143.75 s
dRdWTPC: 1998 of 1999, ExecutionTime: 149.87 s
Solver Type: gmres
GMRES Restart: 1000
ASM Overlap: 1
Global PC Iters: 0
Local PC Iters: 1
Mat ReOrdering: rcm
ILU PC Fill Level: 1
GMRES Max Iterations: 1000
GMRES Relative Tolerance: 1e-06
GMRES Absolute Tolerance: 1e-14
Solving Linear Equation... 150.25 s
Main iteration 0 KSP Residual norm 7.954347334288e-03 160.14 s. 
Main iteration 60 KSP Residual norm 7.192577920913e-09 177.56 s 
**Completed**! Total iterations: 60. PetscConvergedReason: 2. 177.56 s
Residual tolerance satisfied, solution finished!
Computing d[aero_residuals]/d[aero_vol_coords]^T * psi 177.87 s
Computing d[aero_residuals]/d[patchV]^T * psi 180.17 s
Computing d[CL]/d[aero_states]^T * psi 180.78 s
Computing d[CL]/d[aero_vol_coords]^T * psi 180.88 s
Computing d[CL]/d[patchV]^T * psi 181.7 s
Latest solution time 0.0001 less than 1, not renamed.
Solving Linear Equation... 181.83 s
Main iteration 0 KSP Residual norm 3.475276769519e-02 181.83 s. 
Main iteration 62 KSP Residual norm 2.670057403030e-08 200.54 s 
**Completed**! Total iterations: 62. PetscConvergedReason: 2. 200.54 s
Residual tolerance satisfied, solution finished!
Computing d[aero_residuals]/d[aero_vol_coords]^T * psi 200.83 s
Computing d[aero_residuals]/d[patchV]^T * psi 202.57 s
DAInputVolCoord. 
Setting volume coordinates. 
DAInputPatchVelocity. 
Setting UMag = 75 AoA = 5 degs at 1(farfield)
Checking mesh quality for time = 177
    Overall domain bounding box (-3.600139183835718 -3.600406566101194 -4.50000021361151) (8.400277641159322 3.600380300604754 6.300000212745558)
    Mesh has 3 geometric (non-empty/wedge) directions (1 1 1)
    Mesh has 3 solution (non-empty) directions (1 1 1)
    Boundary openness (1.337085903970014e-18 -4.182281588782542e-17 6.665641623742442e-17) OK.
    Max cell openness = 3.389300051522962e-16 OK.
    Max aspect ratio = 4.322325065371286 OK.
    Minimum face area = 0.0003034674936111171. Maximum face area = 0.08294702392900809.  Face area magnitudes OK.
    Min volume = 1.57448449954693e-05. Max volume = 0.02361933612615669.  Total volume = 932.8562460460514.  Cell volumes OK.
    Mesh non-orthogonality Max: 34.5732341212456 average: 6.463064339568635
    Non-orthogonality check OK.
    Face pyramids OK.
    Max skewness = 2.597375825495896 OK.
    Coupled point location match (average 0) OK.

Mesh OK.

Running Primal Solver 002
Previous solution time 177 found and deleted.
No finite volume options present

Starting time loop

Time = 1

U0 initRes: 6.27295829164447e-05 finalRes: 5.676019443118091e-06 nIters: 3
U1 initRes: 7.432432763456732e-06 finalRes: 6.531394535190445e-07 nIters: 3
U2 initRes: 1.187889224841394e-05 finalRes: 8.083549049325119e-07 nIters: 3
p initRes: 0.0001087252508708873 finalRes: 6.95294520615876e-06 nIters: 3
Time step continuity errors : sum local = 1.356841553521491e-05
                                 global = -2.911717111148515e-06
                             cumulative = 0.0003158323846129902
nuTilda initRes: 5.825414260195467e-06 finalRes: 4.789181782088573e-07 nIters: 2
Bounding nuTilda>1e-16
CD: 0.03261461563789608 final: 0.03261461563789608
CL: 0.1825199589675361 final: 0.1825199589675361
yPlus min: 854.7986461327414 max: 5146.380186224899 mean: 2978.749787382214
ExecutionTime = 203.97 s  ClockTime = 204 s

Time = 100

U0 initRes: 2.145875043248325e-07 finalRes: 6.919244697298957e-09 nIters: 1
U1 initRes: 2.747815981320491e-08 finalRes: 9.099298699441125e-10 nIters: 1
U2 initRes: 1.258982542218304e-07 finalRes: 3.309600020876263e-09 nIters: 1
p initRes: 9.920026861006972e-08 finalRes: 4.685038730021158e-09 nIters: 2
Time step continuity errors : sum local = 9.129240991495446e-09
                                 global = 6.88688789434045e-10
                             cumulative = 0.0003158330733017796
nuTilda initRes: 1.228773694294766e-09 finalRes: 4.093790526967622e-11 nIters: 2
Bounding nuTilda>1e-16
CD: 0.0329953120874386 final: 0.0329953120874386
CL: 0.1813058632749937 final: 0.1813058632749937
yPlus min: 855.1628927091209 max: 5146.432126891607 mean: 2979.468435146918
ExecutionTime = 207.05 s  ClockTime = 207 s

Time = 128
Minimal residual 9.123392096377635e-09 satisfied the prescribed tolerance 1e-08

CD: 0.03299531299560203 final: 0.03299531299560203
CL: 0.1813058876177336 final: 0.1813058876177336
End

Printing Primal Residual Statistics.
U Residual Norm2: (0.003248722974879493 0.001628038289906727 0.001909380399952332)
U Residual Mean: (5.402877806963007e-06 2.413543984581059e-06 2.873343854679792e-06)
U Residual Max: (0.0001900917673083313 0.0001581798917413835 0.0001404537347298174)
p Residual Norm2: 2.576874781162345e-05
p Residual Mean: 2.987771975342735e-08
p Residual Max: 8.731539755776903e-06
nuTilda Residual Norm2: 1.98143626180071e-07
nuTilda Residual Mean: 8.532956592547895e-11
nuTilda Residual Max: 3.7272854926165e-08
phi Residual Norm2: 2.451516800219571e-06
phi Residual Mean: 2.941326528609372e-09
phi Residual Max: 5.781170814708023e-08
Total Residual Norm2: 0.004105010746659954
 
 
DAInputVolCoord. 
Setting volume coordinates. 
DAInputPatchVelocity. 
Setting UMag = 75 AoA = 5 degs at 1(farfield)
Checking mesh quality for time = 128
    Overall domain bounding box (-3.60014486260416 -3.600380857630097 -4.500000210867111) (8.400268850761707 3.600407451104047 6.300000210834742)
    Mesh has 3 geometric (non-empty/wedge) directions (1 1 1)
    Mesh has 3 solution (non-empty) directions (1 1 1)
    Boundary openness (1.670188616537328e-17 2.167014405617874e-16 -3.523765926257993e-16) OK.
    Max cell openness = 2.816770126483699e-16 OK.
    Max aspect ratio = 4.322315089399862 OK.
    Minimum face area = 0.0003034771562791481. Maximum face area = 0.08295170456587239.  Face area magnitudes OK.
    Min volume = 1.574470314766229e-05. Max volume = 0.02362090069980932.  Total volume = 932.8549461605153.  Cell volumes OK.
    Mesh non-orthogonality Max: 34.57448152356768 average: 6.465093435563439
    Non-orthogonality check OK.
    Face pyramids OK.
    Max skewness = 2.597210613725555 OK.
    Coupled point location match (average 0) OK.

Mesh OK.

Running Primal Solver 003
Previous solution time 128 found and deleted.
No finite volume options present

Starting time loop

Time = 1

U0 initRes: 0.0001262151316524048 finalRes: 1.141897388156479e-05 nIters: 3
U1 initRes: 1.479127641838095e-05 finalRes: 1.299120250999675e-06 nIters: 3
U2 initRes: 2.369310363666937e-05 finalRes: 1.611838536095914e-06 nIters: 3
p initRes: 0.0002176963223149492 finalRes: 1.040513947159548e-05 nIters: 3
Time step continuity errors : sum local = 2.027630809335218e-05
                                 global = 4.409043207024378e-06
                             cumulative = 0.0003202421165088039
nuTilda initRes: 1.169263021987537e-05 finalRes: 9.632513082475142e-07 nIters: 2
Bounding nuTilda>1e-16
CD: 0.03384158898752575 final: 0.03384158898752575
CL: 0.1782299230109475 final: 0.1782299230109475
yPlus min: 855.1973851500813 max: 5146.017641665966 mean: 2979.522324369442
ExecutionTime = 208.83 s  ClockTime = 209 s

Time = 100

U0 initRes: 3.161367166062052e-07 finalRes: 1.033797961922944e-08 nIters: 1
U1 initRes: 3.79414485279634e-08 finalRes: 1.509734468539453e-09 nIters: 1
U2 initRes: 2.010130145725841e-07 finalRes: 5.722448591398037e-09 nIters: 1
p initRes: 1.682038935564807e-07 finalRes: 7.842951277864886e-09 nIters: 2
Time step continuity errors : sum local = 1.53284141783657e-08
                                 global = -2.149190781015779e-09
                             cumulative = 0.0003202399673180229
nuTilda initRes: 2.013626606457276e-09 finalRes: 6.724828643392124e-11 nIters: 2
Bounding nuTilda>1e-16
CD: 0.03306648703503887 final: 0.03306648703503887
CL: 0.1806831946182258 final: 0.1806831946182258
yPlus min: 854.4670773915906 max: 5145.897140326349 mean: 2978.075472592305
ExecutionTime = 211.91 s  ClockTime = 212 s

Time = 134
Minimal residual 9.8439229979077e-09 satisfied the prescribed tolerance 1e-08

CD: 0.03306648621964452 final: 0.03306648621964452
CL: 0.1806831572355016 final: 0.1806831572355016
End

Printing Primal Residual Statistics.
U Residual Norm2: (0.003504634828835855 0.001796495590639403 0.002076305352322257)
U Residual Mean: (5.761149264314622e-06 2.61828678759861e-06 3.077094879118271e-06)
U Residual Max: (0.0002075561460515019 0.0001685381500919902 0.000158785609755796)
p Residual Norm2: 2.800104582959752e-05
p Residual Mean: 3.208634290389589e-08
p Residual Max: 9.518968935708473e-06
nuTilda Residual Norm2: 1.913991912488816e-07
nuTilda Residual Mean: 8.681954638949236e-11
nuTilda Residual Max: 3.842668646596093e-08
phi Residual Norm2: 2.561507267497327e-06
phi Residual Mean: 2.923960448145531e-09
phi Residual Max: 6.241931674735752e-08
Total Residual Norm2: 0.004452156361054594
 
 
DAInputVolCoord. 
Setting volume coordinates. 
DAInputPatchVelocity. 
Setting UMag = 75 AoA = 5 degs at 1(farfield)
Checking mesh quality for time = 134
    Overall domain bounding box (-3.600145484744296 -3.600404626849373 -4.500000210495185) (8.400267581237861 3.600381548039049 6.30000021047877)
    Mesh has 3 geometric (non-empty/wedge) directions (1 1 1)
    Mesh has 3 solution (non-empty) directions (1 1 1)
    Boundary openness (-7.773226619533251e-17 5.807971416872737e-17 6.597691304030895e-16) OK.
    Max cell openness = 3.388495933663433e-16 OK.
    Max aspect ratio = 4.322338219772183 OK.
    Minimum face area = 0.0003034808120786464. Maximum face area = 0.0829475641016913.  Face area magnitudes OK.
    Min volume = 1.574479168690441e-05. Max volume = 0.02361943688052126.  Total volume = 932.8549587115804.  Cell volumes OK.
    Mesh non-orthogonality Max: 34.57566104244203 average: 6.46508537230438
    Non-orthogonality check OK.
    Face pyramids OK.
    Max skewness = 2.597385272793325 OK.
    Coupled point location match (average 0) OK.

Mesh OK.

Running Primal Solver 004
Previous solution time 134 found and deleted.
No finite volume options present

Starting time loop

Time = 1

U0 initRes: 0.0001162466679410907 finalRes: 9.784565619499198e-06 nIters: 3
U1 initRes: 1.452627075333267e-05 finalRes: 1.270149330439804e-06 nIters: 3
U2 initRes: 1.697178727165053e-05 finalRes: 1.059315200718302e-06 nIters: 3
p initRes: 0.0002134761122747814 finalRes: 1.099228125443936e-05 nIters: 3
Time step continuity errors : sum local = 2.148294595454104e-05
                                 global = -1.031569774282431e-06
                             cumulative = 0.0003192083975437405
nuTilda initRes: 1.130058100441174e-05 finalRes: 8.327829346220691e-07 nIters: 2
Bounding nuTilda>1e-16
CD: 0.03321155607629218 final: 0.03321155607629218
CL: 0.1835367336459828 final: 0.1835367336459828
yPlus min: 854.4060102967528 max: 5146.608367487841 mean: 2978.144305985212
ExecutionTime = 213.9 s  ClockTime = 214 s

Time = 100

U0 initRes: 3.993853835977895e-07 finalRes: 1.230314562865457e-08 nIters: 1
U1 initRes: 4.664389086434297e-08 finalRes: 1.219078056956554e-09 nIters: 1
U2 initRes: 2.298957049474942e-07 finalRes: 6.243606285312033e-09 nIters: 1
p initRes: 1.97871902550592e-07 finalRes: 8.701399953515904e-09 nIters: 2
Time step continuity errors : sum local = 1.700437192853249e-08
                                 global = -3.464708256639708e-09
                             cumulative = 0.0003192049328354839
nuTilda initRes: 2.777925212045236e-09 finalRes: 9.528004611234454e-11 nIters: 2
Bounding nuTilda>1e-16
CD: 0.03302571241424342 final: 0.03302571241424342
CL: 0.1814098649808373 final: 0.1814098649808373
yPlus min: 855.2237137274169 max: 5146.564280627441 mean: 2979.52911277534
ExecutionTime = 216.94 s  ClockTime = 217 s

Time = 132
Minimal residual 9.141544651742609e-09 satisfied the prescribed tolerance 1e-08

CD: 0.03302571722361804 final: 0.03302571722361804
CL: 0.1814099276101368 final: 0.1814099276101368
End

Printing Primal Residual Statistics.
U Residual Norm2: (0.005629345339835168 0.002823014058879979 0.003285822553693358)
U Residual Mean: (8.971282698265392e-06 3.951156852667427e-06 4.690441935871337e-06)
U Residual Max: (0.0003343407315696822 0.000280440239635027 0.0002471450552548049)
p Residual Norm2: 4.420149539755233e-05
p Residual Mean: 4.683945647154395e-08
p Residual Max: 1.547043243500182e-05
nuTilda Residual Norm2: 3.096131008419302e-07
nuTilda Residual Mean: 1.378211633838698e-10
nuTilda Residual Max: 5.916987540257948e-08
phi Residual Norm2: 3.219879722702042e-06
phi Residual Mean: 3.575671397790672e-09
phi Residual Max: 1.006315519103809e-07
Total Residual Norm2: 0.007103346494561486
 
 
DAInputVolCoord. 
Setting volume coordinates. 
DAInputPatchVelocity. 
Setting UMag = 75 AoA = 5 degs at 1(farfield)
Checking mesh quality for time = 132
    Overall domain bounding box (-3.600139761332881 -3.600381002980565 -4.500000213086023) (8.400276320530089 3.600403691814702 6.300000211281858)
    Mesh has 3 geometric (non-empty/wedge) directions (1 1 1)
    Mesh has 3 solution (non-empty) directions (1 1 1)
    Boundary openness (3.722034671829734e-17 7.671745135288784e-17 -9.724713115933838e-16) OK.
    Max cell openness = 2.961574444779715e-16 OK.
    Max aspect ratio = 4.322301943301499 OK.
    Minimum face area = 0.0003034638379000025. Maximum face area = 0.0829512537699692.  Face area magnitudes OK.
    Min volume = 1.574477952907437e-05. Max volume = 0.02362079814504232.  Total volume = 932.856233223372.  Cell volumes OK.
    Mesh non-orthogonality Max: 34.57205344554091 average: 6.46307245835604
    Non-orthogonality check OK.
    Face pyramids OK.
    Max skewness = 2.597201329211449 OK.
    Coupled point location match (average 0) OK.

Mesh OK.

Running Primal Solver 005
Previous solution time 132 found and deleted.
No finite volume options present

Starting time loop

Time = 1

U0 initRes: 0.0001376799653926734 finalRes: 1.080148687632391e-05 nIters: 3
U1 initRes: 1.526524282054647e-05 finalRes: 1.302634194074939e-06 nIters: 3
U2 initRes: 2.152658283096295e-05 finalRes: 1.647392971344936e-06 nIters: 3
p initRes: 0.0002356406244821702 finalRes: 1.090430608874692e-05 nIters: 3
Time step continuity errors : sum local = 2.130956313975641e-05
                                 global = -2.160262287418896e-06
                             cumulative = 0.000317044670548065
nuTilda initRes: 1.173457095947747e-05 finalRes: 9.743713326197549e-07 nIters: 2
Bounding nuTilda>1e-16
CD: 0.03191082049621947 final: 0.03191082049621947
CL: 0.1787399535463272 final: 0.1787399535463272
yPlus min: 855.3131286052011 max: 5145.562697116147 mean: 2979.338582548377
ExecutionTime = 218.87 s  ClockTime = 219 s

Time = 100

U0 initRes: 3.567089544830687e-07 finalRes: 2.202594060829352e-08 nIters: 1
U1 initRes: 5.088554468476565e-08 finalRes: 2.066433952769626e-09 nIters: 1
U2 initRes: 2.223523788345111e-07 finalRes: 1.066803539121814e-08 nIters: 1
p initRes: 1.997646912508748e-07 finalRes: 7.978780180638131e-09 nIters: 2
Time step continuity errors : sum local = 1.554907374010977e-08
                                 global = 4.071033987261954e-09
                             cumulative = 0.0003170487415820522
nuTilda initRes: 5.790221552892708e-09 finalRes: 1.661325624325643e-10 nIters: 2
Bounding nuTilda>1e-16
CD: 0.03303660124163225 final: 0.03303660124163225
CL: 0.1805781371020571 final: 0.1805781371020571
yPlus min: 854.3954580950248 max: 5145.728162474628 mean: 2978.00920590753
ExecutionTime = 221.92 s  ClockTime = 222 s

Time = 136
Minimal residual 9.371483248050343e-09 satisfied the prescribed tolerance 1e-08

CD: 0.03303659112713046 final: 0.03303659112713046
CL: 0.1805780110986023 final: 0.1805780110986023
End

Printing Primal Residual Statistics.
U Residual Norm2: (0.008087970865201492 0.004070522856468466 0.004766350560343909)
U Residual Mean: (1.272016286766093e-05 5.483305503385242e-06 6.666710244005664e-06)
U Residual Max: (0.0004827632474189159 0.0003990135506910519 0.0003612838904700766)
p Residual Norm2: 6.411275378428991e-05
p Residual Mean: 6.526357574614035e-08
p Residual Max: 2.237389567119669e-05
nuTilda Residual Norm2: 5.041939280416448e-07
nuTilda Residual Mean: 2.125201605430884e-10
nuTilda Residual Max: 9.865281049945226e-08
phi Residual Norm2: 4.210482121204952e-06
phi Residual Mean: 4.14880053041269e-09
phi Residual Max: 1.437491956948232e-07
Total Residual Norm2: 0.01023262699080935
 
 
DAInputVolCoord. 
Setting volume coordinates. 
DAInputPatchVelocity. 
Setting UMag = 75 AoA = 5 degs at 1(farfield)
Checking mesh quality for time = 136
    Overall domain bounding box (-3.600146204815781 -3.600053294308746 -4.500000227330231) (8.400118302490315 3.600207189880253 6.300000229215476)
    Mesh has 3 geometric (non-empty/wedge) directions (1 1 1)
    Mesh has 3 solution (non-empty) directions (1 1 1)
    Boundary openness (2.674606210912711e-17 -1.411924316834598e-17 1.712263564969264e-16) OK.
    Max cell openness = 3.390895145578751e-16 OK.
    Max aspect ratio = 4.322032165938625 OK.
    Minimum face area = 0.0003034286111323574. Maximum face area = 0.08295574861801362.  Face area magnitudes OK.
    Min volume = 1.574438472911326e-05. Max volume = 0.02362179107588681.  Total volume = 932.8564110025434.  Cell volumes OK.
    Mesh non-orthogonality Max: 34.57817222677442 average: 6.463572457238872
    Non-orthogonality check OK.
    Face pyramids OK.
    Max skewness = 2.5970676577259 OK.
    Coupled point location match (average 0) OK.

Mesh OK.

Running Primal Solver 006
Previous solution time 136 found and deleted.
No finite volume options present

Starting time loop

Time = 1

U0 initRes: 9.680040128123922e-05 finalRes: 7.819864847605111e-06 nIters: 3
U1 initRes: 1.145199238707635e-05 finalRes: 9.838691186124034e-07 nIters: 3
U2 initRes: 1.603800757595344e-05 finalRes: 1.008269549038436e-06 nIters: 3
p initRes: 0.0001936229377954027 finalRes: 7.856582433008902e-06 nIters: 3
Time step continuity errors : sum local = 1.531083966035794e-05
                                 global = 7.943281761796481e-07
                             cumulative = 0.0003178430697582319
nuTilda initRes: 8.546445726342146e-06 finalRes: 4.090537135016972e-07 nIters: 3
Bounding nuTilda>1e-16
CD: 0.03332584447386416 final: 0.03332584447386416
CL: 0.1815333642596597 final: 0.1815333642596597
yPlus min: 854.2983429212202 max: 5146.240617293642 mean: 2978.048301816192
ExecutionTime = 223.97 s  ClockTime = 224 s

Time = 100

U0 initRes: 3.186018628606122e-07 finalRes: 1.523434203782525e-08 nIters: 1
U1 initRes: 4.769579068222228e-08 finalRes: 1.506006935596276e-09 nIters: 1
U2 initRes: 1.966409793406298e-07 finalRes: 7.607119850682779e-09 nIters: 1
p initRes: 1.764088055939928e-07 finalRes: 7.487612411353138e-09 nIters: 2
Time step continuity errors : sum local = 1.460009743737089e-08
                                 global = -4.569756621436463e-09
                             cumulative = 0.0003178385000016104
nuTilda initRes: 3.739698981845771e-09 finalRes: 3.730293878024661e-10 nIters: 1
Bounding nuTilda>1e-16
CD: 0.03305617727818106 final: 0.03305617727818106
CL: 0.1814747833092792 final: 0.1814747833092792
yPlus min: 855.0316798401902 max: 5145.949533152625 mean: 2978.795593218041
ExecutionTime = 227.01 s  ClockTime = 227 s

Time = 134
Minimal residual 9.539868092754593e-09 satisfied the prescribed tolerance 1e-08

CD: 0.0330561830067175 final: 0.0330561830067175
CL: 0.1814748595143813 final: 0.1814748595143813
End

Printing Primal Residual Statistics.
U Residual Norm2: (0.006036851835923306 0.003088885872973996 0.003577186658546999)
U Residual Mean: (9.673232752559578e-06 4.311737858853778e-06 5.075469059453809e-06)
U Residual Max: (0.0003560568784450879 0.0002992046411236515 0.000266730774228563)
p Residual Norm2: 4.817853100444811e-05
p Residual Mean: 5.042018730359598e-08
p Residual Max: 1.68383265011938e-05
nuTilda Residual Norm2: 3.305249491275568e-07
nuTilda Residual Mean: 1.505943144006981e-10
nuTilda Residual Max: 6.51896213278896e-08
phi Residual Norm2: 3.355691801277984e-06
phi Residual Mean: 3.656737580243383e-09
phi Residual Max: 1.072516650078743e-07
Total Residual Norm2: 0.007667032865196256
 
 
DAInputVolCoord. 
Setting volume coordinates. 
DAInputPatchVelocity. 
Setting UMag = 75 AoA = 5 degs at 1(farfield)
Checking mesh quality for time = 134
    Overall domain bounding box (-3.600135100425881 -3.600207164976221 -4.500000225092147) (8.400121789702563 3.600052934463241 6.30000022945076)
    Mesh has 3 geometric (non-empty/wedge) directions (1 1 1)
    Mesh has 3 solution (non-empty) directions (1 1 1)
    Boundary openness (2.959159313470113e-17 1.343964761851972e-16 -5.793188929225911e-16) OK.
    Max cell openness = 3.390893102646259e-16 OK.
    Max aspect ratio = 4.322608036550744 OK.
    Minimum face area = 0.0003034848615142994. Maximum face area = 0.0829592201867978.  Face area magnitudes OK.
    Min volume = 1.574400771810671e-05. Max volume = 0.0236228942107526.  Total volume = 932.855159164224.  Cell volumes OK.
    Mesh non-orthogonality Max: 34.56954095128793 average: 6.464576901969705
    Non-orthogonality check OK.
    Face pyramids OK.
    Max skewness = 2.597521023850472 OK.
    Coupled point location match (average 0) OK.

Mesh OK.

Running Primal Solver 007
Previous solution time 134 found and deleted.
No finite volume options present

Starting time loop

Time = 1

U0 initRes: 7.960784967930987e-05 finalRes: 6.644488033579431e-06 nIters: 3
U1 initRes: 1.026256891342807e-05 finalRes: 8.644563636778887e-07 nIters: 3
U2 initRes: 1.750169583414799e-05 finalRes: 1.021530856570558e-06 nIters: 3
p initRes: 0.000199981643280105 finalRes: 8.482744793823127e-06 nIters: 3
Time step continuity errors : sum local = 1.654053884096124e-05
                                 global = 8.778130425438158e-07
                             cumulative = 0.0003187163130441542
nuTilda initRes: 7.379230613190706e-06 finalRes: 6.073771619247615e-07 nIters: 3
Bounding nuTilda>1e-16
CD: 0.03359771825038687 final: 0.03359771825038687
CL: 0.1821382135064616 final: 0.1821382135064616
yPlus min: 855.1405925837972 max: 5145.932923530499 mean: 2978.908339799048
ExecutionTime = 229.02 s  ClockTime = 229 s

Time = 100

U0 initRes: 1.989106178904976e-07 finalRes: 1.690085910166454e-08 nIters: 1
U1 initRes: 2.534610015820731e-08 finalRes: 1.596225037684771e-09 nIters: 1
U2 initRes: 1.2571416972173e-07 finalRes: 8.084759558110254e-09 nIters: 1
p initRes: 8.789235817070252e-08 finalRes: 4.088959630192236e-09 nIters: 2
Time step continuity errors : sum local = 7.986192274521889e-09
                                 global = -1.3977503510081e-09
                             cumulative = 0.0003187149152938032
nuTilda initRes: 4.720489165147497e-09 finalRes: 1.334852204268836e-10 nIters: 2
Bounding nuTilda>1e-16
CD: 0.03300541322193823 final: 0.03300541322193823
CL: 0.1805146803258984 final: 0.1805146803258984
yPlus min: 854.5988077259736 max: 5146.390154482782 mean: 2978.755350605558
ExecutionTime = 232.03 s  ClockTime = 232 s

Time = 130
Minimal residual 9.598640043402395e-09 satisfied the prescribed tolerance 1e-08

CD: 0.03300540609415971 final: 0.03300540609415971
CL: 0.1805145892762775 final: 0.1805145892762775
End

Printing Primal Residual Statistics.
U Residual Norm2: (0.008955520703568885 0.005108692143056448 0.00590550511569648)
U Residual Mean: (1.464135886437918e-05 7.115399462706744e-06 8.273111452754808e-06)
U Residual Max: (0.0004891423798198957 0.000475623904094391 0.0004287410827146232)
p Residual Norm2: 7.745128478768253e-05
p Residual Mean: 7.925940478429918e-08
p Residual Max: 2.689824852990722e-05
nuTilda Residual Norm2: 5.183091934647073e-07
nuTilda Residual Mean: 2.380376870202813e-10
nuTilda Residual Max: 1.026779776857258e-07
phi Residual Norm2: 4.860237544971965e-06
phi Residual Mean: 4.528612175595415e-09
phi Residual Max: 1.677949599584545e-07
Total Residual Norm2: 0.01188196531505473
 
 
DAInputVolCoord. 
Setting volume coordinates. 
DAInputPatchVelocity. 
Setting UMag = 75 AoA = 5 degs at 1(farfield)
Checking mesh quality for time = 130
    Overall domain bounding box (-3.600134358749279 -3.60005416508714 -4.500000231657495) (8.400122266538688 3.600207326750903 6.300000228086946)
    Mesh has 3 geometric (non-empty/wedge) directions (1 1 1)
    Mesh has 3 solution (non-empty) directions (1 1 1)
    Boundary openness (5.218621590487173e-17 -8.168184102217884e-18 -1.95969418751392e-16) OK.
    Max cell openness = 3.361928787206474e-16 OK.
    Max aspect ratio = 4.322183994154896 OK.
    Minimum face area = 0.0003034885171649172. Maximum face area = 0.08295522822156673.  Face area magnitudes OK.
    Min volume = 1.574383948047268e-05. Max volume = 0.02362161254155162.  Total volume = 932.8551694032312.  Cell volumes OK.
    Mesh non-orthogonality Max: 34.57951231508116 average: 6.464561035008378
    Non-orthogonality check OK.
    Face pyramids OK.
    Max skewness = 2.597664825704734 OK.
    Coupled point location match (average 0) OK.

Mesh OK.

Running Primal Solver 008
Previous solution time 130 found and deleted.
No finite volume options present

Starting time loop

Time = 1

U0 initRes: 7.916483349914103e-05 finalRes: 6.227544159362747e-06 nIters: 3
U1 initRes: 1.004271090510712e-05 finalRes: 8.593478486389664e-07 nIters: 3
U2 initRes: 1.364802219297811e-05 finalRes: 6.757337394650727e-07 nIters: 3
p initRes: 0.0001924194618371452 finalRes: 6.994580578114482e-06 nIters: 3
Time step continuity errors : sum local = 1.366107915218678e-05
                                 global = -1.167500512431471e-06
                             cumulative = 0.0003175474147813717
nuTilda initRes: 6.944964810105182e-06 finalRes: 5.424473669697917e-07 nIters: 3
Bounding nuTilda>1e-16
CD: 0.03285675548226834 final: 0.03285675548226834
CL: 0.1797075900698605 final: 0.1797075900698605
yPlus min: 854.4334928614196 max: 5146.218435833052 mean: 2978.764564251825
ExecutionTime = 233.86 s  ClockTime = 234 s

Time = 100

U0 initRes: 2.087537308341036e-07 finalRes: 1.809273567451342e-08 nIters: 1
U1 initRes: 2.824678306142357e-08 finalRes: 1.735129521287418e-09 nIters: 1
U2 initRes: 1.434108450928729e-07 finalRes: 9.453456966242783e-09 nIters: 1
p initRes: 7.513831717686829e-08 finalRes: 3.470697855794e-09 nIters: 2
Time step continuity errors : sum local = 6.78136910788205e-09
                                 global = -5.603233230298197e-10
                             cumulative = 0.0003175468544580487
nuTilda initRes: 5.2977999795787e-09 finalRes: 5.28267886334117e-10 nIters: 1
Bounding nuTilda>1e-16
CD: 0.03305375352228793 final: 0.03305375352228793
CL: 0.1815223264010795 final: 0.1815223264010795
yPlus min: 854.7988627947207 max: 5144.838110912748 mean: 2979.305968421244
ExecutionTime = 236.88 s  ClockTime = 237 s

Time = 130
Minimal residual 9.486136420373412e-09 satisfied the prescribed tolerance 1e-08

CD: 0.0330537618769029 final: 0.0330537618769029
CL: 0.1815224356941066 final: 0.1815224356941066
End

Printing Primal Residual Statistics.
U Residual Norm2: (0.008049137187479528 0.005752196757866395 0.006499117767752701)
U Residual Mean: (1.286328754395767e-05 7.227112817384367e-06 8.958090066813778e-06)
U Residual Max: (0.0004706186341536522 0.0005646019220648668 0.0004331669606472133)
p Residual Norm2: 8.414856454859786e-05
p Residual Mean: 7.383516347091106e-08
p Residual Max: 3.057907555236796e-05
nuTilda Residual Norm2: 6.302473067110378e-07
nuTilda Residual Mean: 2.921885350799848e-10
nuTilda Residual Max: 1.232230166884797e-07
phi Residual Norm2: 4.756453696699214e-06
phi Residual Mean: 4.468530357682214e-09
phi Residual Max: 1.872602209609572e-07
Total Residual Norm2: 0.01183731442368464
 
 
DAInputVolCoord. 
Setting volume coordinates. 
DAInputPatchVelocity. 
Setting UMag = 75 AoA = 5 degs at 1(farfield)
Checking mesh quality for time = 130
    Overall domain bounding box (-3.600144863665722 -3.600207269159872 -4.500000232660678) (8.400118916205216 3.600054293002295 6.300000229762073)
    Mesh has 3 geometric (non-empty/wedge) directions (1 1 1)
    Mesh has 3 solution (non-empty) directions (1 1 1)
    Boundary openness (-1.98090059601755e-18 -7.565891872695489e-17 4.531268669515733e-16) OK.
    Max cell openness = 3.412090377912601e-16 OK.
    Max aspect ratio = 4.322455726716717 OK.
    Minimum face area = 0.0003034249556440191. Maximum face area = 0.08295999545671776.  Face area magnitudes OK.
    Min volume = 1.574456328964989e-05. Max volume = 0.02362311835819898.  Total volume = 932.856400536627.  Cell volumes OK.
    Mesh non-orthogonality Max: 34.56820426497929 average: 6.463588308536536
    Non-orthogonality check OK.
    Face pyramids OK.
    Max skewness = 2.596922849692175 OK.
    Coupled point location match (average 0) OK.

Mesh OK.

Running Primal Solver 009
Previous solution time 130 found and deleted.
No finite volume options present

Starting time loop

Time = 1

U0 initRes: 9.117919873175846e-05 finalRes: 7.143855290744998e-06 nIters: 3
U1 initRes: 1.048288180327272e-05 finalRes: 8.853155466866084e-07 nIters: 3
U2 initRes: 1.561361322378032e-05 finalRes: 9.463964223280631e-07 nIters: 3
p initRes: 0.000203555585336784 finalRes: 7.991130025489704e-06 nIters: 3
Time step continuity errors : sum local = 1.561413459861147e-05
                                 global = -4.273558541473725e-07
                             cumulative = 0.0003171194986039014
nuTilda initRes: 7.496162051189151e-06 finalRes: 6.169216633718499e-07 nIters: 3
Bounding nuTilda>1e-16
CD: 0.03282526210872675 final: 0.03282526210872675
CL: 0.1824605072313898 final: 0.1824605072313898
yPlus min: 855.0222651037537 max: 5145.201809786216 mean: 2979.175185407107
ExecutionTime = 238.74 s  ClockTime = 239 s

Time = 100

U0 initRes: 2.053561789082349e-07 finalRes: 8.119425527867213e-09 nIters: 2
U1 initRes: 3.181091679293314e-08 finalRes: 2.267621905166851e-09 nIters: 1
U2 initRes: 1.393448545069087e-07 finalRes: 1.208225053534292e-08 nIters: 1
p initRes: 7.714758542824034e-08 finalRes: 2.881331381929117e-09 nIters: 2
Time step continuity errors : sum local = 5.616063128957508e-09
                                 global = 1.146884811614126e-09
                             cumulative = 0.000317120645488713
nuTilda initRes: 7.40846438679191e-09 finalRes: 7.334329139610639e-10 nIters: 1
Bounding nuTilda>1e-16
CD: 0.03300790879794337 final: 0.03300790879794337
CL: 0.1804675176631257 final: 0.1804675176631257
yPlus min: 854.8304652687451 max: 5147.464286644874 mean: 2978.244352627768
ExecutionTime = 241.75 s  ClockTime = 242 s

Time = 130
Minimal residual 9.457349853366565e-09 satisfied the prescribed tolerance 1e-08

CD: 0.03300789931176117 final: 0.03300789931176117
CL: 0.1804673962653945 final: 0.1804673962653945
End

Printing Primal Residual Statistics.
U Residual Norm2: (0.009074959572070473 0.006060289036249997 0.00659227563722261)
U Residual Mean: (1.428256133809611e-05 7.818223280704005e-06 8.987518688019367e-06)
U Residual Max: (0.0005521634670913045 0.0006192710501409238 0.0004582057053994504)
p Residual Norm2: 9.519033209397628e-05
p Residual Mean: 8.140518211466237e-08
p Residual Max: 3.522093800953263e-05
nuTilda Residual Norm2: 7.71776080392756e-07
nuTilda Residual Mean: 3.198368435116879e-10
nuTilda Residual Max: 1.600939157436537e-07
phi Residual Norm2: 5.186423019677767e-06
phi Residual Mean: 4.557333532576737e-09
phi Residual Max: 2.122132844866817e-07
Total Residual Norm2: 0.01274947768375907
 
 
DAInputVolCoord. 
Setting volume coordinates. 
DAInputPatchVelocity. 
Setting UMag = 75 AoA = 5 degs at 1(farfield)
Checking mesh quality for time = 130
    Overall domain bounding box (-3.600316748446161 -3.600191704799013 -4.500000309347747) (8.400219390860499 3.60069349052754 6.300000258858621)
    Mesh has 3 geometric (non-empty/wedge) directions (1 1 1)
    Mesh has 3 solution (non-empty) directions (1 1 1)
    Boundary openness (7.79409286594474e-17 1.018579331413845e-16 6.49033599490136e-16) OK.
    Max cell openness = 3.437222124965683e-16 OK.
    Max aspect ratio = 4.320114925931272 OK.
    Minimum face area = 0.0003034394503541951. Maximum face area = 0.08295727300673238.  Face area magnitudes OK.
    Min volume = 1.574222868608593e-05. Max volume = 0.02362218406015593.  Total volume = 932.8560133465112.  Cell volumes OK.
    Mesh non-orthogonality Max: 34.58189686695984 average: 6.464098769481901
    Non-orthogonality check OK.
    Face pyramids OK.
    Max skewness = 2.596436789210915 OK.
    Coupled point location match (average 0) OK.

Mesh OK.

Running Primal Solver 010
Previous solution time 130 found and deleted.
No finite volume options present

Starting time loop

Time = 1

U0 initRes: 6.982719341951197e-05 finalRes: 5.225319621134663e-06 nIters: 3
U1 initRes: 8.953446942025357e-06 finalRes: 7.183840838755949e-07 nIters: 3
U2 initRes: 1.185189158368006e-05 finalRes: 5.851497351569985e-07 nIters: 3
p initRes: 0.0001761030427587548 finalRes: 8.381879666583016e-06 nIters: 3
Time step continuity errors : sum local = 1.633713843180897e-05
                                 global = 6.263588150123132e-07
                             cumulative = 0.0003177470043037253
nuTilda initRes: 9.752009620764632e-06 finalRes: 6.605474956729829e-07 nIters: 3
Bounding nuTilda>1e-16
CD: 0.03289184239792099 final: 0.03289184239792099
CL: 0.1781143126894491 final: 0.1781143126894491
yPlus min: 854.6738550127382 max: 5147.266753345149 mean: 2978.261655605263
ExecutionTime = 243.59 s  ClockTime = 244 s

Time = 100

U0 initRes: 2.284951811310673e-07 finalRes: 9.302007838747853e-09 nIters: 2
U1 initRes: 3.461011624768753e-08 finalRes: 2.898164543932422e-09 nIters: 1
U2 initRes: 1.587014807217477e-07 finalRes: 1.540940216461759e-08 nIters: 1
p initRes: 7.519831316547779e-08 finalRes: 3.188060803342273e-09 nIters: 2
Time step continuity errors : sum local = 6.22026044457287e-09
                                 global = -9.368097500296773e-10
                             cumulative = 0.0003177460674939752
nuTilda initRes: 8.763742824321577e-09 finalRes: 2.516773651806757e-10 nIters: 2
Bounding nuTilda>1e-16
CD: 0.03312036079955182 final: 0.03312036079955182
CL: 0.1822375712079189 final: 0.1822375712079189
yPlus min: 855.9426454107611 max: 5146.176680361437 mean: 2978.792304375254
ExecutionTime = 246.62 s  ClockTime = 247 s

Time = 130
Minimal residual 9.384928753069847e-09 satisfied the prescribed tolerance 1e-08

CD: 0.0331203714352888 final: 0.0331203714352888
CL: 0.1822377047990903 final: 0.1822377047990903
End

Printing Primal Residual Statistics.
U Residual Norm2: (0.009025648046495246 0.006263636250741151 0.006745781342457891)
U Residual Mean: (1.395187541868241e-05 7.662694039954333e-06 8.873652366048297e-06)
U Residual Max: (0.0005768185210399679 0.0006808639101336666 0.0005169318178559479)
p Residual Norm2: 9.730692530896819e-05
p Residual Mean: 7.976166853898437e-08
p Residual Max: 3.728882603273893e-05
nuTilda Residual Norm2: 9.353741162348386e-07
nuTilda Residual Mean: 3.634307780831432e-10
nuTilda Residual Max: 1.970446409677951e-07
phi Residual Norm2: 5.206931950992371e-06
phi Residual Mean: 4.590175892333116e-09
phi Residual Max: 2.289867080226495e-07
Total Residual Norm2: 0.01289226606480929
 
 
DAInputVolCoord. 
Setting volume coordinates. 
DAInputPatchVelocity. 
Setting UMag = 75 AoA = 5 degs at 1(farfield)
Checking mesh quality for time = 130
    Overall domain bounding box (-3.600304489695427 -3.600693956409469 -4.500000300423949) (8.400230693695889 3.600191845710023 6.300000255510916)
    Mesh has 3 geometric (non-empty/wedge) directions (1 1 1)
    Mesh has 3 solution (non-empty) directions (1 1 1)
    Boundary openness (-7.90168846718905e-17 -3.048594318149135e-17 9.959546639526029e-17) OK.
    Max cell openness = 3.360455995917715e-16 OK.
    Max aspect ratio = 4.324526073570302 OK.
    Minimum face area = 0.0003034963129005701. Maximum face area = 0.08296044541081515.  Face area magnitudes OK.
    Min volume = 1.573637584533281e-05. Max volume = 0.02362318894533291.  Total volume = 932.8554083816609.  Cell volumes OK.
    Mesh non-orthogonality Max: 34.56584533988603 average: 6.464053308369716
    Non-orthogonality check OK.
    Face pyramids OK.
    Max skewness = 2.598153158886471 OK.
    Coupled point location match (average 0) OK.

Mesh OK.

Running Primal Solver 011
Previous solution time 130 found and deleted.
No finite volume options present

Starting time loop

Time = 1

U0 initRes: 7.121832786447803e-05 finalRes: 5.667493713808387e-06 nIters: 3
U1 initRes: 9.327485821905585e-06 finalRes: 7.030487769922411e-07 nIters: 3
U2 initRes: 1.221817013830199e-05 finalRes: 6.180233089999006e-07 nIters: 3
p initRes: 0.0002167909550193086 finalRes: 1.047341653182651e-05 nIters: 3
Time step continuity errors : sum local = 2.043502297783057e-05
                                 global = -2.283416281469779e-07
                             cumulative = 0.0003175177258658283
nuTilda initRes: 1.839709534299233e-05 finalRes: 1.099514002615355e-06 nIters: 3
Bounding nuTilda>1e-16
CD: 0.03359915576168083 final: 0.03359915576168083
CL: 0.1860143490825114 final: 0.1860143490825114
yPlus min: 856.0326460884754 max: 5146.207801311586 mean: 2978.889461699671
ExecutionTime = 248.45 s  ClockTime = 248 s

Time = 100

U0 initRes: 1.673994768355854e-07 finalRes: 7.738048589554276e-09 nIters: 2
U1 initRes: 2.873735960808962e-08 finalRes: 2.656541643466296e-09 nIters: 1
U2 initRes: 1.226103907779528e-07 finalRes: 4.437866783855642e-09 nIters: 2
p initRes: 5.894411076501874e-08 finalRes: 2.039795498920189e-09 nIters: 2
Time step continuity errors : sum local = 3.981486924477388e-09
                                 global = -1.137320933002131e-09
                             cumulative = 0.0003175165885448953
nuTilda initRes: 1.009132274399803e-08 finalRes: 2.813722099406959e-10 nIters: 2
Bounding nuTilda>1e-16
CD: 0.03294191660491231 final: 0.03294191660491231
CL: 0.1797524115532586 final: 0.1797524115532586
yPlus min: 853.6867901220005 max: 5146.16712326392 mean: 2978.75905326072
ExecutionTime = 251.49 s  ClockTime = 252 s

Time = 127
Minimal residual 9.515149409054409e-09 satisfied the prescribed tolerance 1e-08

CD: 0.0329419082770706 final: 0.0329419082770706
CL: 0.1797523059771055 final: 0.1797523059771055
End

Printing Primal Residual Statistics.
U Residual Norm2: (0.00873897347094018 0.00650887950290693 0.006747207131512264)
U Residual Mean: (1.362076989030769e-05 7.811344258791235e-06 9.093548046110054e-06)
U Residual Max: (0.0005872709830327949 0.0006994484069764439 0.0005287628714540915)
p Residual Norm2: 9.607311325508944e-05
p Residual Mean: 8.009394842251463e-08
p Residual Max: 3.548794338841914e-05
nuTilda Residual Norm2: 1.175584172358182e-06
nuTilda Residual Mean: 4.331010772665682e-10
nuTilda Residual Max: 2.480188281097649e-07
phi Residual Norm2: 5.211714538591533e-06
phi Residual Mean: 4.541230138229914e-09
phi Residual Max: 2.139300926207321e-07
Total Residual Norm2: 0.01281675592229739
 
 
DAInputVolCoord. 
Setting volume coordinates. 
DAInputPatchVelocity. 
Setting UMag = 75 AoA = 5 degs at 1(farfield)
Checking mesh quality for time = 127
    Overall domain bounding box (-3.600300110852602 -3.600186054011104 -4.500000244110696) (8.400224408762458 3.600681651488799 6.300000265981954)
    Mesh has 3 geometric (non-empty/wedge) directions (1 1 1)
    Mesh has 3 solution (non-empty) directions (1 1 1)
    Boundary openness (4.175807312704484e-17 6.069957377728213e-17 3.730950402756418e-16) OK.
    Max cell openness = 2.933765274405043e-16 OK.
    Max aspect ratio = 4.321674708413805 OK.
    Minimum face area = 0.0003034926574706642. Maximum face area = 0.08295663721596079.  Face area magnitudes OK.
    Min volume = 1.573625721474354e-05. Max volume = 0.02362202111109581.  Total volume = 932.8553770205946.  Cell volumes OK.
    Mesh non-orthogonality Max: 34.58206101301086 average: 6.464037655338915
    Non-orthogonality check OK.
    Face pyramids OK.
    Max skewness = 2.597999158639301 OK.
    Coupled point location match (average 0) OK.

Mesh OK.

Running Primal Solver 012
Previous solution time 127 found and deleted.
No finite volume options present

Starting time loop

Time = 1

U0 initRes: 6.664820738558211e-05 finalRes: 4.651007668478203e-06 nIters: 3
U1 initRes: 9.117574279703877e-06 finalRes: 6.858465760375364e-07 nIters: 3
U2 initRes: 1.008507198042141e-05 finalRes: 1.006542790725778e-06 nIters: 2
p initRes: 0.0002039179908108885 finalRes: 1.144760391634278e-05 nIters: 3
Time step continuity errors : sum local = 2.234439428452001e-05
                                 global = -1.394177257897127e-07
                             cumulative = 0.0003173771708191056
nuTilda initRes: 1.737954076291609e-05 finalRes: 9.667903998422493e-07 nIters: 3
Bounding nuTilda>1e-16
CD: 0.03254325463646489 final: 0.03254325463646489
CL: 0.175948411177434 final: 0.175948411177434
yPlus min: 853.5303428912339 max: 5146.085080470753 mean: 2978.75593006748
ExecutionTime = 253.25 s  ClockTime = 253 s

Time = 100

U0 initRes: 2.033232668132452e-07 finalRes: 8.308656178717668e-09 nIters: 2
U1 initRes: 3.228820591006338e-08 finalRes: 2.750171012484215e-09 nIters: 1
U2 initRes: 1.548972860248924e-07 finalRes: 1.540976947222756e-08 nIters: 1
p initRes: 6.826837582408413e-08 finalRes: 3.244378482049621e-09 nIters: 2
Time step continuity errors : sum local = 6.339793835400176e-09
                                 global = 1.377019534242495e-09
                             cumulative = 0.0003173785478386398
nuTilda initRes: 1.032098410945519e-08 finalRes: 2.834460569050449e-10 nIters: 2
Bounding nuTilda>1e-16
CD: 0.03311941127747176 final: 0.03311941127747176
CL: 0.1821739594485401 final: 0.1821739594485401
yPlus min: 854.9751390715223 max: 5145.86332308692 mean: 2978.989732662614
ExecutionTime = 256.32 s  ClockTime = 256 s

Time = 128
Minimal residual 9.848775102733541e-09 satisfied the prescribed tolerance 1e-08

CD: 0.03311942041943115 final: 0.03311942041943115
CL: 0.1821740703338562 final: 0.1821740703338562
End

Printing Primal Residual Statistics.
U Residual Norm2: (0.008590840229057673 0.006194256869751924 0.00721163260961431)
U Residual Mean: (1.347858802346181e-05 7.521693315057094e-06 9.342705953995065e-06)
U Residual Max: (0.000577084959786589 0.0006736532478726076 0.0006027900583376322)
p Residual Norm2: 9.663696863435793e-05
p Residual Mean: 8.010522362186416e-08
p Residual Max: 3.76248564267816e-05
nuTilda Residual Norm2: 1.1994038456118e-06
nuTilda Residual Mean: 4.355805709060946e-10
nuTilda Residual Max: 2.533257094703606e-07
phi Residual Norm2: 5.204107657916463e-06
phi Residual Mean: 4.518156765916095e-09
phi Residual Max: 2.254657925213395e-07
Total Residual Norm2: 0.01281360082610388
 
 
DAInputVolCoord. 
Setting volume coordinates. 
DAInputPatchVelocity. 
Setting UMag = 75 AoA = 5 degs at 1(farfield)
Checking mesh quality for time = 128
    Overall domain bounding box (-3.600312270148157 -3.600681125871201 -4.500000228740356) (8.400213416100604 3.600185749283339 6.300000261699851)
    Mesh has 3 geometric (non-empty/wedge) directions (1 1 1)
    Mesh has 3 solution (non-empty) directions (1 1 1)
    Boundary openness (-4.417272832689379e-17 8.449246104147726e-17 1.048293822184233e-16) OK.
    Max cell openness = 2.866585769321776e-16 OK.
    Max aspect ratio = 4.322955266313729 OK.
    Minimum face area = 0.0003034431062485092. Maximum face area = 0.08296185813247714.  Face area magnitudes OK.
    Min volume = 1.574234686119859e-05. Max volume = 0.02362354530235778.  Total volume = 932.8560378721118.  Cell volumes OK.
    Mesh non-orthogonality Max: 34.56568575199174 average: 6.464114430523691
    Non-orthogonality check OK.
    Face pyramids OK.
    Max skewness = 2.596592035790586 OK.
    Coupled point location match (average 0) OK.

Mesh OK.

Running Primal Solver 013
Previous solution time 128 found and deleted.
No finite volume options present

Starting time loop

Time = 1

U0 initRes: 7.689449055265192e-05 finalRes: 5.925990284551409e-06 nIters: 3
U1 initRes: 9.399293989898836e-06 finalRes: 7.031213859517751e-07 nIters: 3
U2 initRes: 1.18925689997662e-05 finalRes: 5.787520596365872e-07 nIters: 3
p initRes: 0.0002128172636719467 finalRes: 9.954190342412681e-06 nIters: 3
Time step continuity errors : sum local = 1.945205823937285e-05
                                 global = 2.357925300828034e-07
                             cumulative = 0.0003176143403687227
nuTilda initRes: 1.850720408913025e-05 finalRes: 1.103100094689361e-06 nIters: 3
Bounding nuTilda>1e-16
CD: 0.03345365435561237 final: 0.03345365435561237
CL: 0.1860061614470906 final: 0.1860061614470906
yPlus min: 855.1991434446658 max: 5145.997028968054 mean: 2978.899763005424
ExecutionTime = 258.11 s  ClockTime = 258 s

Time = 100

U0 initRes: 1.555911097601784e-07 finalRes: 6.725999183553542e-09 nIters: 2
U1 initRes: 2.634154617533301e-08 finalRes: 2.293634293791871e-09 nIters: 1
U2 initRes: 1.094054972401918e-07 finalRes: 1.082059514174805e-08 nIters: 1
p initRes: 5.24148180712292e-08 finalRes: 2.018795106807252e-09 nIters: 2
Time step continuity errors : sum local = 3.934491484986049e-09
                                 global = 1.067589479923968e-09
                             cumulative = 0.0003176154079582026
nuTilda initRes: 8.926724047320568e-09 finalRes: 2.430345992814954e-10 nIters: 2
Bounding nuTilda>1e-16
CD: 0.0329428276452767 final: 0.0329428276452767
CL: 0.1798158547314311 final: 0.1798158547314311
yPlus min: 854.6472574772413 max: 5146.470421674263 mean: 2978.561325274389
ExecutionTime = 261.19 s  ClockTime = 261 s

Time = 126
Minimal residual 9.123470170509785e-09 satisfied the prescribed tolerance 1e-08

CD: 0.03294282098867738 final: 0.03294282098867738
CL: 0.1798157619237831 final: 0.1798157619237831
End

Printing Primal Residual Statistics.
U Residual Norm2: (0.008577920832114961 0.006413577636266079 0.006520726561391074)
U Residual Mean: (1.340507140171875e-05 7.791860089498937e-06 8.677723232413245e-06)
U Residual Max: (0.0005841571432938508 0.0006784100067989129 0.0004833233954286698)
p Residual Norm2: 9.500290912639195e-05
p Residual Mean: 7.901556633861021e-08
p Residual Max: 3.570419645795597e-05
nuTilda Residual Norm2: 1.097160163024449e-06
nuTilda Residual Mean: 4.262248784736152e-10
nuTilda Residual Max: 2.236483683707241e-07
phi Residual Norm2: 5.099813436022592e-06
phi Residual Mean: 4.379951937265055e-09
phi Residual Max: 2.133048480655047e-07
Total Residual Norm2: 0.01253968227474186
 
 
DAInputVolCoord. 
Setting volume coordinates. 
DAInputPatchVelocity. 
Setting UMag = 75 AoA = 5 degs at 1(farfield)
Checking mesh quality for time = 126
    Overall domain bounding box (-3.599979839748416 -3.599999311133231 -4.500000206620123) (8.400014978591699 3.600000588631611 6.300000206480664)
    Mesh has 3 geometric (non-empty/wedge) directions (1 1 1)
    Mesh has 3 solution (non-empty) directions (1 1 1)
    Boundary openness (1.403357145733748e-17 5.529391618556896e-17 7.710767537655815e-17) OK.
    Max cell openness = 3.437666171362948e-16 OK.
    Max aspect ratio = 4.322317396391115 OK.
    Minimum face area = 0.0003034776582891625. Maximum face area = 0.08294382666991033.  Face area magnitudes OK.
    Min volume = 1.574485893543018e-05. Max volume = 0.02361858497292427.  Total volume = 932.8554787497164.  Cell volumes OK.
    Mesh non-orthogonality Max: 34.57266512271482 average: 6.464234630352501
    Non-orthogonality check OK.
    Face pyramids OK.
    Max skewness = 2.597314227677643 OK.
    Coupled point location match (average 0) OK.

Mesh OK.

Running Primal Solver 014
Previous solution time 126 found and deleted.
No finite volume options present

Starting time loop

Time = 1

U0 initRes: 0.0001132396531009349 finalRes: 1.024450403721768e-05 nIters: 3
U1 initRes: 7.977335202478952e-06 finalRes: 5.665607917220421e-07 nIters: 3
U2 initRes: 1.431631220992933e-05 finalRes: 9.865539217456855e-07 nIters: 3
p initRes: 0.000233438876708732 finalRes: 9.671025358196807e-06 nIters: 3
Time step continuity errors : sum local = 1.884651914764693e-05
                                 global = -3.754304329550442e-06
                             cumulative = 0.0003138611036286521
nuTilda initRes: 9.265727051325979e-06 finalRes: 5.537919761190646e-07 nIters: 3
Bounding nuTilda>1e-16
CD: 0.0317982666547839 final: 0.0317982666547839
CL: 0.1777709366752021 final: 0.1777709366752021
yPlus min: 854.5415131999029 max: 5145.483988341337 mean: 2978.772761274504
ExecutionTime = 262.93 s  ClockTime = 263 s

Time = 100

U0 initRes: 5.545458671885726e-07 finalRes: 2.289661732636145e-08 nIters: 1
U1 initRes: 7.792265953553124e-08 finalRes: 2.362633050887367e-09 nIters: 1
U2 initRes: 3.085446659044888e-07 finalRes: 1.133850940639273e-08 nIters: 1
p initRes: 3.227090460022002e-07 finalRes: 1.158732452440295e-08 nIters: 2
Time step continuity errors : sum local = 2.256851610624835e-08
                                 global = 4.819050219286418e-10
                             cumulative = 0.000313861585533674
nuTilda initRes: 5.550966138423285e-09 finalRes: 5.526215804967395e-10 nIters: 1
Bounding nuTilda>1e-16
CD: 0.03287800845500487 final: 0.03287800845500487
CL: 0.1811444530286244 final: 0.1811444530286244
yPlus min: 856.4793099188347 max: 5141.50349795739 mean: 2981.180941847079
ExecutionTime = 265.99 s  ClockTime = 266 s

Time = 139
Minimal residual 9.659295420291464e-09 satisfied the prescribed tolerance 1e-08

CD: 0.0328780185585704 final: 0.0328780185585704
CL: 0.1811445679691509 final: 0.1811445679691509
End

Printing Primal Residual Statistics.
U Residual Norm2: (0.005839844533093173 0.002972662344920118 0.003488495051997138)
U Residual Mean: (9.3992483061983e-06 4.138690316827509e-06 4.949427658984896e-06)
U Residual Max: (0.0003415683838738914 0.0002865936611442521 0.0002617782922698098)
p Residual Norm2: 4.615893181403128e-05
p Residual Mean: 4.885484935041397e-08
p Residual Max: 1.612147807124793e-05
nuTilda Residual Norm2: 3.293023900249695e-07
nuTilda Residual Mean: 1.489463245489007e-10
nuTilda Residual Max: 6.205676696327171e-08
phi Residual Norm2: 3.337380358059951e-06
phi Residual Mean: 3.647101229522507e-09
phi Residual Max: 1.020308692299721e-07
Total Residual Norm2: 0.007423762200457842
 
 
DAInputVolCoord. 
Setting volume coordinates. 
DAInputPatchVelocity. 
Setting UMag = 75 AoA = 5 degs at 1(farfield)
Checking mesh quality for time = 139
    Overall domain bounding box (-3.600019728471134 -3.600000579670756 -4.50000022205785) (8.399981333467693 3.599999315912179 6.300000218306403)
    Mesh has 3 geometric (non-empty/wedge) directions (1 1 1)
    Mesh has 3 solution (non-empty) directions (1 1 1)
    Boundary openness (1.955806148757889e-17 -3.448887757960724e-18 6.382802205654245e-17) OK.
    Max cell openness = 3.264339670322218e-16 OK.
    Max aspect ratio = 4.322322771484348 OK.
    Minimum face area = 0.0003034776582891625. Maximum face area = 0.08294488646014594.  Face area magnitudes OK.
    Min volume = 1.574484103854231e-05. Max volume = 0.02361888360349354.  Total volume = 932.855322604395.  Cell volumes OK.
    Mesh non-orthogonality Max: 34.57505617941627 average: 6.463935651646631
    Non-orthogonality check OK.
    Face pyramids OK.
    Max skewness = 2.597272195414682 OK.
    Coupled point location match (average 0) OK.

Mesh OK.

Running Primal Solver 015
Previous solution time 139 found and deleted.
No finite volume options present

Starting time loop

Time = 1

U0 initRes: 0.0001689262237274313 finalRes: 1.668616192954165e-05 nIters: 3
U1 initRes: 8.141953607954649e-06 finalRes: 5.477395808966163e-07 nIters: 3
U2 initRes: 1.992790187772059e-05 finalRes: 1.673413079468609e-06 nIters: 3
p initRes: 0.0002693772567164466 finalRes: 1.350307332387708e-05 nIters: 3
Time step continuity errors : sum local = 2.630367016388754e-05
                                 global = 6.704479958567038e-06
                             cumulative = 0.0003205660654922411
nuTilda initRes: 8.388133245984999e-07 finalRes: 4.939605254292535e-08 nIters: 4
Bounding nuTilda>1e-16
CD: 0.0348603952895673 final: 0.0348603952895673
CL: 0.1814446872431711 final: 0.1814446872431711
yPlus min: 856.4665576968564 max: 5143.340874512091 mean: 2980.847103266638
ExecutionTime = 268.08 s  ClockTime = 268 s

Time = 100

U0 initRes: 8.41219188009265e-07 finalRes: 2.729543893027368e-08 nIters: 1
U1 initRes: 1.419717557042992e-07 finalRes: 3.406874364191748e-09 nIters: 1
U2 initRes: 5.400191663939281e-07 finalRes: 1.364763206732118e-08 nIters: 1
p initRes: 6.199278440206385e-07 finalRes: 2.18965236612251e-08 nIters: 2
Time step continuity errors : sum local = 4.281489331610364e-08
                                 global = -1.750495388602134e-09
                             cumulative = 0.0003205643149968525
nuTilda initRes: 5.736344690165033e-09 finalRes: 1.698690309475523e-10 nIters: 2
Bounding nuTilda>1e-16
CD: 0.03318451306513572 final: 0.03318451306513572
CL: 0.1808426817436588 final: 0.1808426817436588
yPlus min: 853.1384847727974 max: 5150.825668694697 mean: 2976.347319150855
ExecutionTime = 271.18 s  ClockTime = 271 s

Time = 144
Minimal residual 8.732749903339614e-09 satisfied the prescribed tolerance 1e-08

CD: 0.033184505190767 final: 0.033184505190767
CL: 0.1808425753161981 final: 0.1808425753161981
End

Printing Primal Residual Statistics.
U Residual Norm2: (0.003964803222966802 0.002002314036552947 0.002335796786003552)
U Residual Mean: (6.436311576721434e-06 2.837580508006638e-06 3.379542077434974e-06)
U Residual Max: (0.0002327573247384862 0.0001951504066255438 0.0001727282456158719)
p Residual Norm2: 3.119167274212953e-05
p Residual Mean: 3.441747516013243e-08
p Residual Max: 1.05843155361402e-05
nuTilda Residual Norm2: 2.191544717529108e-07
nuTilda Residual Mean: 9.809204155834752e-11
nuTilda Residual Max: 4.425506054121833e-08
phi Residual Norm2: 2.607432618594744e-06
phi Residual Mean: 2.898415754854629e-09
phi Residual Max: 6.923658966560212e-08
Total Residual Norm2: 0.005018550835700623
 
 
DAInputVolCoord. 
Setting volume coordinates. 
DAInputPatchVelocity. 
Setting UMag = 75 AoA = 5 degs at 1(farfield)
Checking mesh quality for time = 144
    Overall domain bounding box (-3.600008911142514 -3.600007068434637 -4.500000553025763) (8.400001347252834 3.600011426939496 6.300000403696968)
    Mesh has 3 geometric (non-empty/wedge) directions (1 1 1)
    Mesh has 3 solution (non-empty) directions (1 1 1)
    Boundary openness (6.428303298637357e-17 1.893330213862778e-16 3.951309786018498e-16) OK.
    Max cell openness = 2.837216145955157e-16 OK.
    Max aspect ratio = 4.318897358595283 OK.
    Minimum face area = 0.0003034883617966226. Maximum face area = 0.08294448626286532.  Face area magnitudes OK.
    Min volume = 1.575821499874632e-05. Max volume = 0.0236187878778952.  Total volume = 932.8560508400953.  Cell volumes OK.
    Mesh non-orthogonality Max: 34.57371049766555 average: 6.464005945505061
    Non-orthogonality check OK.
    Face pyramids OK.
    Max skewness = 2.596945384293831 OK.
    Coupled point location match (average 0) OK.

Mesh OK.

Running Primal Solver 016
Previous solution time 144 found and deleted.
No finite volume options present

Starting time loop

Time = 1

U0 initRes: 8.9471743516399e-05 finalRes: 3.831453521901283e-06 nIters: 4
U1 initRes: 4.507628897560265e-06 finalRes: 3.036976754656692e-07 nIters: 3
U2 initRes: 1.103862426520393e-05 finalRes: 9.214911190461634e-07 nIters: 3
p initRes: 0.0001683117015332683 finalRes: 9.852613383587137e-06 nIters: 3
Time step continuity errors : sum local = 1.926392271146027e-05
                                 global = -4.244685964225449e-06
                             cumulative = 0.000316319629032627
nuTilda initRes: 2.772546988411981e-06 finalRes: 2.483434571421095e-07 nIters: 3
Bounding nuTilda>1e-16
CD: 0.0322528450258472 final: 0.0322528450258472
CL: 0.1806611036841312 final: 0.1806611036841312
yPlus min: 853.0400625707503 max: 5149.930785371364 mean: 2976.481912505356
ExecutionTime = 273.42 s  ClockTime = 273 s

Time = 100

U0 initRes: 5.13515743961822e-07 finalRes: 1.838436433695384e-08 nIters: 1
U1 initRes: 7.811939297912611e-08 finalRes: 2.213909368601487e-09 nIters: 1
U2 initRes: 3.169830958088069e-07 finalRes: 8.94412588889959e-09 nIters: 1
p initRes: 3.078484207143792e-07 finalRes: 1.362831693940727e-08 nIters: 2
Time step continuity errors : sum local = 2.658752864900473e-08
                                 global = 6.549533766283859e-10
                             cumulative = 0.0003163202839860036
nuTilda initRes: 4.098687705943409e-09 finalRes: 1.191871758936546e-10 nIters: 2
Bounding nuTilda>1e-16
CD: 0.03303203970103818 final: 0.03303203970103818
CL: 0.1811192709954806 final: 0.1811192709954806
yPlus min: 854.678403097749 max: 5146.21967744544 mean: 2978.625335497999
ExecutionTime = 276.42 s  ClockTime = 276 s

Time = 138
Minimal residual 9.683131885420492e-09 satisfied the prescribed tolerance 1e-08

CD: 0.03303204486390808 final: 0.03303204486390808
CL: 0.1811193549019462 final: 0.1811193549019462
End

Printing Primal Residual Statistics.
U Residual Norm2: (0.004631947680677399 0.002344015679736549 0.002754258457072659)
U Residual Mean: (7.537303706595784e-06 3.310388328803784e-06 4.00767762270807e-06)
U Residual Max: (0.0002688135778043943 0.00022943319947899 0.0002014771744143218)
p Residual Norm2: 3.669812907608548e-05
p Residual Mean: 3.999808092857904e-08
p Residual Max: 1.279505680291441e-05
nuTilda Residual Norm2: 2.581997074777505e-07
nuTilda Residual Mean: 1.164336047544096e-10
nuTilda Residual Max: 4.82730081652319e-08
phi Residual Norm2: 2.85426273620429e-06
phi Residual Mean: 3.268529598822272e-09
phi Residual Max: 8.404513057985911e-08
Total Residual Norm2: 0.005876788530983596
 
 
DAInputVolCoord. 
Setting volume coordinates. 
DAInputPatchVelocity. 
Setting UMag = 75 AoA = 5 degs at 1(farfield)
Checking mesh quality for time = 138
    Overall domain bounding box (-3.60000155169243 -3.600011421862638 -4.500000552241914) (8.400009757569226 3.600007064474548 6.300000400954668)
    Mesh has 3 geometric (non-empty/wedge) directions (1 1 1)
    Mesh has 3 solution (non-empty) directions (1 1 1)
    Boundary openness (-1.637851215050111e-17 1.093452964585202e-16 2.186874118358681e-16) OK.
    Max cell openness = 3.032308276476485e-16 OK.
    Max aspect ratio = 4.325748300904416 OK.
    Minimum face area = 0.0003034670111207889. Maximum face area = 0.08294428697842847.  Face area magnitudes OK.
    Min volume = 1.573148454666554e-05. Max volume = 0.02361869821260385.  Total volume = 932.8559260032412.  Cell volumes OK.
    Mesh non-orthogonality Max: 34.5739804961641 average: 6.464133674087129
    Non-orthogonality check OK.
    Face pyramids OK.
    Max skewness = 2.597641491017771 OK.
    Coupled point location match (average 0) OK.

Mesh OK.

Running Primal Solver 017
Previous solution time 138 found and deleted.
No finite volume options present

Starting time loop

Time = 1

U0 initRes: 1.759155790273388e-05 finalRes: 1.076432647105923e-06 nIters: 4
U1 initRes: 1.10076985078641e-06 finalRes: 8.194583191297428e-08 nIters: 3
U2 initRes: 2.445060772999113e-06 finalRes: 1.810963799572933e-07 nIters: 3
p initRes: 6.832753198356287e-05 finalRes: 2.993991520204297e-06 nIters: 3
Time step continuity errors : sum local = 5.840894866510192e-06
                                 global = -8.260124470742937e-07
                             cumulative = 0.0003154942715389293
nuTilda initRes: 5.147141466502094e-06 finalRes: 4.616841027362061e-07 nIters: 3
Bounding nuTilda>1e-16
CD: 0.03292724803216131 final: 0.03292724803216131
CL: 0.181191857188007 final: 0.181191857188007
yPlus min: 854.8875592778859 max: 5146.215782265346 mean: 2978.710080502192
ExecutionTime = 278.41 s  ClockTime = 278 s

Time = 100

U0 initRes: 9.187283770154991e-08 finalRes: 4.411051222023903e-09 nIters: 1
U1 initRes: 1.114751971193042e-08 finalRes: 4.268017404026875e-10 nIters: 1
U2 initRes: 4.751710627623995e-08 finalRes: 2.219162536562709e-09 nIters: 1
p initRes: 3.146090565799955e-08 finalRes: 1.395440945904873e-09 nIters: 2
Time step continuity errors : sum local = 2.724051601742326e-09
                                 global = 9.911849527310024e-10
                             cumulative = 0.0003154952627238821
nuTilda initRes: 1.2118996300121e-09 finalRes: 3.388953093163971e-11 nIters: 2
Bounding nuTilda>1e-16
CD: 0.03302930846532399 final: 0.03302930846532399
CL: 0.1808696660118095 final: 0.1808696660118095
yPlus min: 854.9509951637491 max: 5146.12512899309 mean: 2978.928256726867
ExecutionTime = 281.41 s  ClockTime = 281 s

Time = 115
Minimal residual 9.704623514878558e-09 satisfied the prescribed tolerance 1e-08

CD: 0.03302930728296267 final: 0.03302930728296267
CL: 0.1808696478050353 final: 0.1808696478050353
End

Printing Primal Residual Statistics.
U Residual Norm2: (0.007956308592075214 0.0040004390921016 0.004761831502762481)
U Residual Mean: (1.264812555032383e-05 5.462091027566715e-06 6.672799723136535e-06)
U Residual Max: (0.0004613972994320648 0.0003834078112276984 0.0003551789131961414)
p Residual Norm2: 6.227680291746835e-05
p Residual Mean: 6.443315356407976e-08
p Residual Max: 2.128492884041778e-05
nuTilda Residual Norm2: 4.281096117410139e-07
nuTilda Residual Mean: 1.950928263992928e-10
nuTilda Residual Max: 8.507506605820669e-08
phi Residual Norm2: 4.159079140369862e-06
phi Residual Mean: 4.178030461294206e-09
phi Residual Max: 1.363790831354426e-07
Total Residual Norm2: 0.01009877688059522
 
 
DAInputVolCoord. 
Setting volume coordinates. 
DAInputPatchVelocity. 
Setting UMag = 75.001 AoA = 5 degs at 1(farfield)
Checking mesh quality for time = 115
    Overall domain bounding box (-3.599999999999987 -3.6 -4.5000002) (8.400000000000031 3.6 6.3000002)
    Mesh has 3 geometric (non-empty/wedge) directions (1 1 1)
    Mesh has 3 solution (non-empty) directions (1 1 1)
    Boundary openness (-1.547431334282339e-16 -3.50017060077425e-17 -9.708097475986028e-17) OK.
    Max cell openness = 3.386147979605947e-16 OK.
    Max aspect ratio = 4.32232004126091 OK.
    Minimum face area = 0.0003034776582891625. Maximum face area = 0.08294439420183272.  Face area magnitudes OK.
    Min volume = 1.574485021790876e-05. Max volume = 0.02361874516497375.  Total volume = 932.8560616561925.  Cell volumes OK.
    Mesh non-orthogonality Max: 34.57384324770877 average: 6.464068516765995
    Non-orthogonality check OK.
    Face pyramids OK.
    Max skewness = 2.59729338313911 OK.
    Coupled point location match (average 0) OK.

Mesh OK.

Running Primal Solver 018
Previous solution time 115 found and deleted.
No finite volume options present

Starting time loop

Time = 1

U0 initRes: 0.0001914609439481901 finalRes: 4.401804018157761e-06 nIters: 1
U1 initRes: 5.642141486176956e-06 finalRes: 1.860988412358064e-07 nIters: 1
U2 initRes: 1.315407202917866e-05 finalRes: 4.252037869776418e-07 nIters: 1
p initRes: 6.44011222171949e-05 finalRes: 2.589997936020071e-06 nIters: 3
Time step continuity errors : sum local = 5.056068163740959e-06
                                 global = -4.299892041226529e-07
                             cumulative = 0.0003150652735197594
nuTilda initRes: 2.593976688290566e-06 finalRes: 2.287016738245258e-07 nIters: 3
Bounding nuTilda>1e-16
CD: 0.03308302885217898 final: 0.03308302885217898
CL: 0.1808341765507713 final: 0.1808341765507713
yPlus min: 854.8567645479037 max: 5146.127340554787 mean: 2978.891966667371
ExecutionTime = 282.79 s  ClockTime = 283 s

Time = 100

U0 initRes: 5.509081057585769e-08 finalRes: 5.275007753032419e-09 nIters: 1
U1 initRes: 7.75077195960862e-09 finalRes: 5.35867601398849e-10 nIters: 1
U2 initRes: 3.305585395074927e-08 finalRes: 2.587003564678834e-09 nIters: 1
p initRes: 1.693049730990194e-08 finalRes: 6.817938706207505e-10 nIters: 2
Time step continuity errors : sum local = 1.330542030564499e-09
                                 global = -3.288355584981635e-10
                             cumulative = 0.0003150649446842009
nuTilda initRes: 1.37592069717172e-09 finalRes: 3.98950189892047e-11 nIters: 2
Bounding nuTilda>1e-16
CD: 0.03303149386808207 final: 0.03303149386808207
CL: 0.1809994639137192 final: 0.1809994639137192
yPlus min: 854.8257051506414 max: 5146.235616352351 mean: 2978.813281816358
ExecutionTime = 285.83 s  ClockTime = 286 s

Time = 114
Minimal residual 9.699403796397017e-09 satisfied the prescribed tolerance 1e-08

CD: 0.03303149559675662 final: 0.03303149559675662
CL: 0.180999489151568 final: 0.180999489151568
End

Printing Primal Residual Statistics.
U Residual Norm2: (0.01037507278265986 0.006157629258150116 0.006976289433230327)
U Residual Mean: (1.604610866777129e-05 8.317622980084728e-06 9.716309503451881e-06)
U Residual Max: (0.0005563934469137166 0.0006014247026087105 0.0005310104004365712)
p Residual Norm2: 9.890099036068381e-05
p Residual Mean: 8.657929294976262e-08
p Residual Max: 3.559843341696808e-05
nuTilda Residual Norm2: 6.805222044909327e-07
nuTilda Residual Mean: 3.242356306374141e-10
nuTilda Residual Max: 1.256240375820718e-07
phi Residual Norm2: 5.650140273917535e-06
phi Residual Mean: 5.116632956621112e-09
phi Residual Max: 2.267358682821265e-07
Total Residual Norm2: 0.01393689209887222
 
 
DAInputVolCoord. 
Setting volume coordinates. 
DAInputPatchVelocity. 
Setting UMag = 74.999 AoA = 5 degs at 1(farfield)
Checking mesh quality for time = 114
    Overall domain bounding box (-3.599999999999987 -3.6 -4.5000002) (8.400000000000031 3.6 6.3000002)
    Mesh has 3 geometric (non-empty/wedge) directions (1 1 1)
    Mesh has 3 solution (non-empty) directions (1 1 1)
    Boundary openness (-1.547431334282339e-16 -3.50017060077425e-17 -9.708097475986028e-17) OK.
    Max cell openness = 3.386147979605947e-16 OK.
    Max aspect ratio = 4.32232004126091 OK.
    Minimum face area = 0.0003034776582891625. Maximum face area = 0.08294439420183272.  Face area magnitudes OK.
    Min volume = 1.574485021790876e-05. Max volume = 0.02361874516497375.  Total volume = 932.8560616561925.  Cell volumes OK.
    Mesh non-orthogonality Max: 34.57384324770877 average: 6.464068516765995
    Non-orthogonality check OK.
    Face pyramids OK.
    Max skewness = 2.59729338313911 OK.
    Coupled point location match (average 0) OK.

Mesh OK.

Running Primal Solver 019
Previous solution time 114 found and deleted.
No finite volume options present

Starting time loop

Time = 1

U0 initRes: 0.0003903490187772928 finalRes: 6.348887804455944e-07 nIters: 1
U1 initRes: 1.028528405032128e-05 finalRes: 7.532009036431559e-09 nIters: 1
U2 initRes: 2.423419866201384e-05 finalRes: 4.157587376873904e-09 nIters: 1
p initRes: 6.405954188168617e-05 finalRes: 2.666993632344994e-06 nIters: 2
Time step continuity errors : sum local = 5.204610691913766e-06
                                 global = 3.172594390904011e-06
                             cumulative = 0.0003182375390751049
nuTilda initRes: 4.098837213791458e-08 finalRes: 6.418999515253653e-10 nIters: 1
Bounding nuTilda>1e-16
CD: 0.0330307725401489 final: 0.0330307725401489
CL: 0.180999579151908 final: 0.180999579151908
yPlus min: 854.8257449570289 max: 5146.235340880278 mean: 2978.813132952255
ExecutionTime = 287.16 s  ClockTime = 287 s

Time = 100

U0 initRes: 5.25017442574455e-08 finalRes: 2.026791607076438e-09 nIters: 2
U1 initRes: 6.357046498581601e-09 finalRes: 6.116901034176511e-10 nIters: 1
U2 initRes: 2.716625542419477e-08 finalRes: 2.65830912788566e-09 nIters: 1
p initRes: 1.348566749249947e-08 finalRes: 4.471942712312224e-10 nIters: 2
Time step continuity errors : sum local = 8.726903346169212e-10
                                 global = 2.466595134308128e-10
                             cumulative = 0.0003182377857346184
nuTilda initRes: 1.481516754780302e-09 finalRes: 4.696219474692804e-11 nIters: 2
Bounding nuTilda>1e-16
CD: 0.03302976805563658 final: 0.03302976805563658
CL: 0.1809898726971037 final: 0.1809898726971037
yPlus min: 854.805346839236 max: 5146.109973638476 mean: 2978.740624068747
ExecutionTime = 290.07 s  ClockTime = 290 s

Time = 113
Minimal residual 9.563440007097993e-09 satisfied the prescribed tolerance 1e-08

CD: 0.0330297670978552 final: 0.0330297670978552
CL: 0.18098985107523 final: 0.18098985107523
End

Printing Primal Residual Statistics.
U Residual Norm2: (0.01058247996152312 0.006553064373948639 0.00726582154549254)
U Residual Mean: (1.53777389425496e-05 8.125211040212916e-06 9.705925959269981e-06)
U Residual Max: (0.0006501489415313699 0.0006720116197129755 0.000577034794332576)
p Residual Norm2: 0.0001078112781613042
p Residual Mean: 8.661509462907525e-08
p Residual Max: 4.004627803342873e-05
nuTilda Residual Norm2: 8.507903145601355e-07
nuTilda Residual Mean: 4.175477462752535e-10
nuTilda Residual Max: 1.477333093059443e-07
phi Residual Norm2: 5.805503502610801e-06
phi Residual Mean: 4.748194956136887e-09
phi Residual Max: 2.603544159415724e-07
Total Residual Norm2: 0.01441302727588866
 
 
DAInputVolCoord. 
Setting volume coordinates. 
DAInputPatchVelocity. 
Setting UMag = 75 AoA = 5.001 degs at 1(farfield)
Checking mesh quality for time = 113
    Overall domain bounding box (-3.599999999999987 -3.6 -4.5000002) (8.400000000000031 3.6 6.3000002)
    Mesh has 3 geometric (non-empty/wedge) directions (1 1 1)
    Mesh has 3 solution (non-empty) directions (1 1 1)
    Boundary openness (-1.547431334282339e-16 -3.50017060077425e-17 -9.708097475986028e-17) OK.
    Max cell openness = 3.386147979605947e-16 OK.
    Max aspect ratio = 4.32232004126091 OK.
    Minimum face area = 0.0003034776582891625. Maximum face area = 0.08294439420183272.  Face area magnitudes OK.
    Min volume = 1.574485021790876e-05. Max volume = 0.02361874516497375.  Total volume = 932.8560616561925.  Cell volumes OK.
    Mesh non-orthogonality Max: 34.57384324770877 average: 6.464068516765995
    Non-orthogonality check OK.
    Face pyramids OK.
    Max skewness = 2.59729338313911 OK.
    Coupled point location match (average 0) OK.

Mesh OK.

Running Primal Solver 020
Previous solution time 113 found and deleted.
No finite volume options present

Starting time loop

Time = 1

U0 initRes: 0.0001584251630855386 finalRes: 2.842323948634534e-07 nIters: 1
U1 initRes: 5.335719064119539e-05 finalRes: 6.287012458826704e-08 nIters: 1
U2 initRes: 1.555128013570207e-05 finalRes: 2.554900149954207e-09 nIters: 1
p initRes: 3.873319133307845e-05 finalRes: 1.364779210733066e-06 nIters: 2
Time step continuity errors : sum local = 2.663388562667922e-06
                                 global = -1.6499422934571e-06
                             cumulative = 0.0003165878434411613
nuTilda initRes: 4.704302466301025e-08 finalRes: 1.350844193650679e-09 nIters: 1
Bounding nuTilda>1e-16
CD: 0.03303329983947439 final: 0.03303329983947439
CL: 0.1809897959085481 final: 0.1809897959085481
yPlus min: 854.8052695326294 max: 5146.110104350335 mean: 2978.740663950015
ExecutionTime = 291.33 s  ClockTime = 291 s

Time = 100

U0 initRes: 3.0101287128334e-08 finalRes: 1.18074258300669e-09 nIters: 2
U1 initRes: 3.774502047814209e-09 finalRes: 3.694735870199366e-10 nIters: 1
U2 initRes: 1.640346682727232e-08 finalRes: 1.573033766885869e-09 nIters: 1
p initRes: 8.213282728390777e-09 finalRes: 2.939259576987261e-10 nIters: 2
Time step continuity errors : sum local = 5.736045850992254e-10
                                 global = -9.719781442268459e-11
                             cumulative = 0.0003165877462433469
nuTilda initRes: 7.915523832312519e-10 finalRes: 2.474798219713375e-11 nIters: 2
Bounding nuTilda>1e-16
CD: 0.03303507862817068 final: 0.03303507862817068
CL: 0.1810306076018001 final: 0.1810306076018001
yPlus min: 854.7813748928822 max: 5146.20017834086 mean: 2978.762806296483
ExecutionTime = 294.19 s  ClockTime = 294 s

Time = 107
Minimal residual 9.664176937478677e-09 satisfied the prescribed tolerance 1e-08

CD: 0.03303507927165034 final: 0.03303507927165034
CL: 0.1810306172575248 final: 0.1810306172575248
End

Printing Primal Residual Statistics.
U Residual Norm2: (0.0108145170927589 0.006770490069571556 0.006695209651093773)
U Residual Mean: (1.582444183368819e-05 8.99981695467547e-06 9.388377463386963e-06)
U Residual Max: (0.0006060877990421432 0.000656251488635462 0.000494658900606737)
p Residual Norm2: 0.0001087021410627252
p Residual Mean: 8.825364171029713e-08
p Residual Max: 3.971602298235622e-05
nuTilda Residual Norm2: 8.020966806810683e-07
nuTilda Residual Mean: 4.017521064627998e-10
nuTilda Residual Max: 1.334170041817652e-07
phi Residual Norm2: 5.956621821084568e-06
phi Residual Mean: 5.118616060808084e-09
phi Residual Max: 2.686819027079543e-07
Total Residual Norm2: 0.01440940665967946
 
 
DAInputVolCoord. 
Setting volume coordinates. 
DAInputPatchVelocity. 
Setting UMag = 75 AoA = 4.999 degs at 1(farfield)
Checking mesh quality for time = 107
    Overall domain bounding box (-3.599999999999987 -3.6 -4.5000002) (8.400000000000031 3.6 6.3000002)
    Mesh has 3 geometric (non-empty/wedge) directions (1 1 1)
    Mesh has 3 solution (non-empty) directions (1 1 1)
    Boundary openness (-1.547431334282339e-16 -3.50017060077425e-17 -9.708097475986028e-17) OK.
    Max cell openness = 3.386147979605947e-16 OK.
    Max aspect ratio = 4.32232004126091 OK.
    Minimum face area = 0.0003034776582891625. Maximum face area = 0.08294439420183272.  Face area magnitudes OK.
    Min volume = 1.574485021790876e-05. Max volume = 0.02361874516497375.  Total volume = 932.8560616561925.  Cell volumes OK.
    Mesh non-orthogonality Max: 34.57384324770877 average: 6.464068516765995
    Non-orthogonality check OK.
    Face pyramids OK.
    Max skewness = 2.59729338313911 OK.
    Coupled point location match (average 0) OK.

Mesh OK.

Running Primal Solver 021
Previous solution time 107 found and deleted.
No finite volume options present

Starting time loop

Time = 1

U0 initRes: 4.467757758138745e-05 finalRes: 7.464496521480827e-08 nIters: 1
U1 initRes: 9.749783274262413e-05 finalRes: 1.183485264163761e-07 nIters: 1
U2 initRes: 1.522320052739616e-05 finalRes: 1.751831565770723e-09 nIters: 1
p initRes: 3.485392345388355e-05 finalRes: 6.334845103356516e-07 nIters: 2
Time step continuity errors : sum local = 1.236232763799052e-06
                                 global = 2.401636575658396e-07
                             cumulative = 0.0003168279099009127
nuTilda initRes: 6.781816057158309e-08 finalRes: 2.345133350280722e-09 nIters: 1
Bounding nuTilda>1e-16
CD: 0.03302876272061835 final: 0.03302876272061835
CL: 0.1810308447094218 final: 0.1810308447094218
yPlus min: 854.7814347912808 max: 5146.200196796902 mean: 2978.762841051136
ExecutionTime = 295.27 s  ClockTime = 295 s

Time = 91
Minimal residual 8.807527798384265e-09 satisfied the prescribed tolerance 1e-08

CD: 0.03302618380056543 final: 0.03302618380056543
CL: 0.180958715344947 final: 0.180958715344947
End

Printing Primal Residual Statistics.
U Residual Norm2: (0.003606422439588202 0.002051484818604433 0.001507336649598381)
U Residual Mean: (5.231524656977503e-06 3.137635694740449e-06 2.20688736369851e-06)
U Residual Max: (0.0003603094867230539 0.0001699882321872792 0.0001646775981498649)
p Residual Norm2: 4.686644006620114e-05
p Residual Mean: 6.751338387753843e-08
p Residual Max: 4.258552181422882e-06
nuTilda Residual Norm2: 7.63896336841037e-07
nuTilda Residual Mean: 3.386889439562925e-10
nuTilda Residual Max: 9.274998963446801e-08
phi Residual Norm2: 2.733447939312655e-06
phi Residual Mean: 2.862153443951116e-09
phi Residual Max: 1.185692759421662e-07
Total Residual Norm2: 0.004414650729948178
 
 
-----------------
Total Derivatives
-----------------

  Full Model: 'geometry.rcon' wrt 'dvs.patchV'
    Analytic Magnitude: 0.000000e+00
          Fd Magnitude: 0.000000e+00 (fd:central)
    Absolute Error (Jan - Jfd) : 0.000000e+00

    Relative Error (Jan - Jfd) / Jan : nan

    MPI Rank 0

    Raw Analytic Derivative (Jfor)
[[-0. -0.]
 [-0. -0.]]

    Raw FD Derivative (Jfd)
[[0. 0.]
 [0. 0.]]
 - - - - - - - - - - - - - - - - - - - - - - - - - - - - - -
  Full Model: 'geometry.rcon' wrt 'dvs.shape'
    Analytic Magnitude: 2.079150e+01
          Fd Magnitude: 2.079151e+01 (fd:central)
    Absolute Error (Jan - Jfd) : 8.146009e-06 *

    Relative Error (Jan - Jfd) / Jfd : 3.917950e-07

    MPI Rank 0

    Raw Analytic Derivative (Jfor)
[[-8.97966676e-01  2.97381971e-01 -1.62237400e-02 -2.87217257e-04
  -9.04661337e-05 -1.99555932e-05 -1.46790662e+01 -0.00000000e+00]
 [-8.92535841e-01  3.01574129e-01 -1.60830764e-02 -1.63067817e-04
  -8.95432397e-05 -1.91057656e-05 -1.46638550e+01 -0.00000000e+00]]

    Raw FD Derivative (Jfd)
[[-8.97966586e-01  2.97381977e-01 -1.62237400e-02 -2.87217256e-04
  -9.04661338e-05 -1.99555932e-05 -1.46790720e+01  0.00000000e+00]
 [-8.92535751e-01  3.01574134e-01 -1.60830764e-02 -1.63067816e-04
  -8.95432397e-05 -1.91057657e-05 -1.46638607e+01  0.00000000e+00]]
 - - - - - - - - - - - - - - - - - - - - - - - - - - - - - -
  Full Model: 'geometry.thickcon' wrt 'dvs.patchV'
    Analytic Magnitude: 0.000000e+00
          Fd Magnitude: 0.000000e+00 (fd:central)
    Absolute Error (Jan - Jfd) : 0.000000e+00

    Relative Error (Jan - Jfd) / Jan : nan

    MPI Rank 0

    Raw Analytic Derivative (Jfor)
[[-0. -0.]
 [-0. -0.]
 [-0. -0.]
 [-0. -0.]
 [-0. -0.]
 [-0. -0.]
 [-0. -0.]
 [-0. -0.]
 [-0. -0.]
 [-0. -0.]
 [-0. -0.]
 [-0. -0.]
 [-0. -0.]
 [-0. -0.]
 [-0. -0.]
 [-0. -0.]
 [-0. -0.]
 [-0. -0.]
 [-0. -0.]
 [-0. -0.]]

    Raw FD Derivative (Jfd)
[[0. 0.]
 [0. 0.]
 [0. 0.]
 [0. 0.]
 [0. 0.]
 [0. 0.]
 [0. 0.]
 [0. 0.]
 [0. 0.]
 [0. 0.]
 [0. 0.]
 [0. 0.]
 [0. 0.]
 [0. 0.]
 [0. 0.]
 [0. 0.]
 [0. 0.]
 [0. 0.]
 [0. 0.]
 [0. 0.]]
 - - - - - - - - - - - - - - - - - - - - - - - - - - - - - -
  Full Model: 'geometry.thickcon' wrt 'dvs.shape'
    Analytic Magnitude: 2.494378e+01
          Fd Magnitude: 2.494378e+01 (fd:central)
    Absolute Error (Jan - Jfd) : 4.919986e-11

    Relative Error (Jan - Jfd) / Jfd : 1.972430e-12

    MPI Rank 0

    Raw Analytic Derivative (Jfor)
[[-3.41929434e-01  3.41929434e-01 -4.55864172e-03  4.55864172e-03
  -2.01695374e-05  2.01695374e-05 -8.39789260e+00 -0.00000000e+00]
 [-1.86558182e+00  1.86558182e+00 -2.02356845e-01  2.02356845e-01
  -7.06976219e-03  7.06976219e-03 -4.94089225e+00 -0.00000000e+00]
 [-2.64902488e+00  2.64902488e+00 -7.04749712e-01  7.04749712e-01
  -5.77926839e-02  5.77926839e-02 -2.26777454e+00 -0.00000000e+00]
 [-2.54957763e+00  2.54957763e+00 -1.45373484e+00  1.45373484e+00
  -2.38417535e-01  2.38417535e-01 -6.07449076e-01 -0.00000000e+00]
 [-1.66839212e+00  1.66839212e+00 -2.14741788e+00  2.14741788e+00
  -7.16489866e-01  7.16489866e-01 -2.63093457e-02 -0.00000000e+00]
 [-7.22281772e-01  7.22281772e-01 -2.15123183e+00  2.15123183e+00
  -1.65941416e+00  1.65941416e+00 -0.00000000e+00 -2.50535761e-02]
 [-2.40856723e-01  2.40856723e-01 -1.46036991e+00  1.46036991e+00
  -2.54501557e+00  2.54501557e+00 -0.00000000e+00 -5.98424683e-01]
 [-5.85846165e-02  5.85846165e-02 -7.10112512e-01  7.10112512e-01
  -2.65194913e+00  2.65194913e+00 -0.00000000e+00 -2.24961658e+00]
 [-7.23382193e-03  7.23382193e-03 -2.05255012e-01  2.05255012e-01
  -1.87531894e+00  1.87531894e+00 -0.00000000e+00 -4.91529354e+00]
 [-2.31009096e-05  2.31009096e-05 -4.98618550e-03  4.98618550e-03
  -3.57091193e-01  3.57091193e-01 -0.00000000e+00 -8.36670813e+00]
 [-3.41929434e-01  3.41929434e-01 -4.55864172e-03  4.55864172e-03
  -2.01695374e-05  2.01695374e-05 -8.39789260e+00 -0.00000000e+00]
 [-1.86558182e+00  1.86558182e+00 -2.02356845e-01  2.02356845e-01
  -7.06976219e-03  7.06976219e-03 -4.94089225e+00 -0.00000000e+00]
 [-2.64902488e+00  2.64902488e+00 -7.04749712e-01  7.04749712e-01
  -5.77926839e-02  5.77926839e-02 -2.26777454e+00 -0.00000000e+00]
 [-2.54957763e+00  2.54957763e+00 -1.45373484e+00  1.45373484e+00
  -2.38417535e-01  2.38417535e-01 -6.07449076e-01 -0.00000000e+00]
 [-1.66839212e+00  1.66839212e+00 -2.14741788e+00  2.14741788e+00
  -7.16489866e-01  7.16489866e-01 -2.63093457e-02 -0.00000000e+00]
 [-7.22281772e-01  7.22281772e-01 -2.15123183e+00  2.15123183e+00
  -1.65941416e+00  1.65941416e+00 -0.00000000e+00 -2.50535761e-02]
 [-2.40856723e-01  2.40856723e-01 -1.46036991e+00  1.46036991e+00
  -2.54501557e+00  2.54501557e+00 -0.00000000e+00 -5.98424683e-01]
 [-5.85846165e-02  5.85846165e-02 -7.10112512e-01  7.10112512e-01
  -2.65194913e+00  2.65194913e+00 -0.00000000e+00 -2.24961658e+00]
 [-7.23382193e-03  7.23382193e-03 -2.05255012e-01  2.05255012e-01
  -1.87531894e+00  1.87531894e+00 -0.00000000e+00 -4.91529354e+00]
 [-2.31009096e-05  2.31009096e-05 -4.98618550e-03  4.98618550e-03
  -3.57091193e-01  3.57091193e-01 -0.00000000e+00 -8.36670813e+00]]

    Raw FD Derivative (Jfd)
[[-3.41929434e-01  3.41929434e-01 -4.55864172e-03  4.55864172e-03
  -2.01695374e-05  2.01695373e-05 -8.39789260e+00  0.00000000e+00]
 [-1.86558182e+00  1.86558182e+00 -2.02356845e-01  2.02356845e-01
  -7.06976219e-03  7.06976219e-03 -4.94089225e+00  0.00000000e+00]
 [-2.64902488e+00  2.64902488e+00 -7.04749712e-01  7.04749712e-01
  -5.77926839e-02  5.77926839e-02 -2.26777454e+00  0.00000000e+00]
 [-2.54957763e+00  2.54957763e+00 -1.45373484e+00  1.45373484e+00
  -2.38417535e-01  2.38417535e-01 -6.07449076e-01  0.00000000e+00]
 [-1.66839212e+00  1.66839212e+00 -2.14741788e+00  2.14741788e+00
  -7.16489866e-01  7.16489866e-01 -2.63093457e-02  0.00000000e+00]
 [-7.22281772e-01  7.22281772e-01 -2.15123183e+00  2.15123183e+00
  -1.65941416e+00  1.65941416e+00  0.00000000e+00 -2.50535761e-02]
 [-2.40856723e-01  2.40856723e-01 -1.46036991e+00  1.46036991e+00
  -2.54501557e+00  2.54501557e+00  0.00000000e+00 -5.98424683e-01]
 [-5.85846165e-02  5.85846165e-02 -7.10112512e-01  7.10112512e-01
  -2.65194913e+00  2.65194913e+00  0.00000000e+00 -2.24961658e+00]
 [-7.23382193e-03  7.23382193e-03 -2.05255012e-01  2.05255012e-01
  -1.87531894e+00  1.87531894e+00  0.00000000e+00 -4.91529354e+00]
 [-2.31009103e-05  2.31008939e-05 -4.98618552e-03  4.98618549e-03
  -3.57091193e-01  3.57091193e-01  0.00000000e+00 -8.36670813e+00]
 [-3.41929434e-01  3.41929434e-01 -4.55864172e-03  4.55864172e-03
  -2.01695374e-05  2.01695373e-05 -8.39789260e+00  0.00000000e+00]
 [-1.86558182e+00  1.86558182e+00 -2.02356845e-01  2.02356845e-01
  -7.06976219e-03  7.06976219e-03 -4.94089225e+00  0.00000000e+00]
 [-2.64902488e+00  2.64902488e+00 -7.04749712e-01  7.04749712e-01
  -5.77926839e-02  5.77926839e-02 -2.26777454e+00  0.00000000e+00]
 [-2.54957763e+00  2.54957763e+00 -1.45373484e+00  1.45373484e+00
  -2.38417535e-01  2.38417535e-01 -6.07449076e-01  0.00000000e+00]
 [-1.66839212e+00  1.66839212e+00 -2.14741788e+00  2.14741788e+00
  -7.16489866e-01  7.16489866e-01 -2.63093457e-02  0.00000000e+00]
 [-7.22281772e-01  7.22281772e-01 -2.15123183e+00  2.15123183e+00
  -1.65941416e+00  1.65941416e+00  0.00000000e+00 -2.50535761e-02]
 [-2.40856723e-01  2.40856723e-01 -1.46036991e+00  1.46036991e+00
  -2.54501557e+00  2.54501557e+00  0.00000000e+00 -5.98424683e-01]
 [-5.85846165e-02  5.85846165e-02 -7.10112512e-01  7.10112512e-01
  -2.65194913e+00  2.65194913e+00  0.00000000e+00 -2.24961658e+00]
 [-7.23382193e-03  7.23382193e-03 -2.05255012e-01  2.05255012e-01
  -1.87531894e+00  1.87531894e+00  0.00000000e+00 -4.91529354e+00]
 [-2.31009009e-05  2.31009170e-05 -4.98618549e-03  4.98618549e-03
  -3.57091193e-01  3.57091193e-01  0.00000000e+00 -8.36670813e+00]]
 - - - - - - - - - - - - - - - - - - - - - - - - - - - - - -
  Full Model: 'geometry.volcon' wrt 'dvs.patchV'
    Analytic Magnitude: 0.000000e+00
          Fd Magnitude: 0.000000e+00 (fd:central)
    Absolute Error (Jan - Jfd) : 0.000000e+00

    Relative Error (Jan - Jfd) / Jan : nan

    MPI Rank 0

    Raw Analytic Derivative (Jfor)
[[-0. -0.]]

    Raw FD Derivative (Jfd)
[[0. 0.]]
 - - - - - - - ------------------
Total Derivatives
-----------------

  Full Model: 'geometry.rcon' wrt 'dvs.patchV'
    Analytic Magnitude: 0.000000e+00
          Fd Magnitude: 0.000000e+00 (fd:central)
    Absolute Error (Jan - Jfd) : 0.000000e+00

    Relative Error (Jan - Jfd) / Jan : nan

    MPI Rank 1

    Raw Analytic Derivative (Jfor)
[[-0. -0.]
 [-0. -0.]]

    Raw FD Derivative (Jfd)
[[0. 0.]
 [0. 0.]]
 - - - - - - - - - - - - - - - - - - - - - - - - - - - - - -
  Full Model: 'geometry.rcon' wrt 'dvs.shape'
    Analytic Magnitude: 2.079150e+01
          Fd Magnitude: 2.079151e+01 (fd:central)
    Absolute Error (Jan - Jfd) : 8.146009e-06 *

    Relative Error (Jan - Jfd) / Jfd : 3.917950e-07

    MPI Rank 1

    Raw Analytic Derivative (Jfor)
[[-8.97966676e-01  2.97381971e-01 -1.62237400e-02 -2.87217257e-04
  -9.04661337e-05 -1.99555932e-05 -1.46790662e+01 -0.00000000e+00]
 [-8.92535841e-01  3.01574129e-01 -1.60830764e-02 -1.63067817e-04
  -8.95432397e-05 -1.91057656e-05 -1.46638550e+01 -0.00000000e+00]]

    Raw FD Derivative (Jfd)
[[-8.97966586e-01  2.97381977e-01 -1.62237400e-02 -2.87217256e-04
  -9.04661338e-05 -1.99555932e-05 -1.46790720e+01  0.00000000e+00]
 [-8.92535751e-01  3.01574134e-01 -1.60830764e-02 -1.63067816e-04
  -8.95432397e-05 -1.91057657e-05 -1.46638607e+01  0.00000000e+00]]
 - - - - - - - - - - - - - - - - - - - - - - - - - - - - - -
  Full Model: 'geometry.thickcon' wrt 'dvs.patchV'
    Analytic Magnitude: 0.000000e+00
          Fd Magnitude: 0.000000e+00 (fd:central)
    Absolute Error (Jan - Jfd) : 0.000000e+00

    Relative Error (Jan - Jfd) / Jan : nan

    MPI Rank 1

    Raw Analytic Derivative (Jfor)
[[-0. -0.]
 [-0. -0.]
 [-0. -0.]
 [-0. -0.]
 [-0. -0.]
 [-0. -0.]
 [-0. -0.]
 [-0. -0.]
 [-0. -0.]
 [-0. -0.]
 [-0. -0.]
 [-0. -0.]
 [-0. -0.]
 [-0. -0.]
 [-0. -0.]
 [-0. -0.]
 [-0. -0.]
 [-0. -0.]
 [-0. -0.]
 [-0. -0.]]

    Raw FD Derivative (Jfd)
[[0. 0.]
 [0. 0.]
 [0. 0.]
 [0. 0.]
 [0. 0.]
 [0. 0.]
 [0. 0.]
 [0. 0.]
 [0. 0.]
 [0. 0.]
 [0. 0.]
 [0. 0.]
 [0. 0.]
 [0. 0.]
 [0. 0.]
 [0. 0.]
 [0. 0.]
 [0. 0.]
 [0. 0.]
 [0. 0.]]
 - - - - - - - - - - - - - - - - - - - - - - - - - - - - - -
  Full Model: 'geometry.thickcon' wrt 'dvs.shape'
    Analytic Magnitude: 2.494378e+01
          Fd Magnitude: 2.494378e+01 (fd:central)
    Absolute Error (Jan - Jfd) : 4.919986e-11

    Relative Error (Jan - Jfd) / Jfd : 1.972430e-12

    MPI Rank 1

    Raw Analytic Derivative (Jfor)
[[-3.41929434e-01  3.41929434e-01 -4.55864172e-03  4.55864172e-03
  -2.01695374e-05  2.01695374e-05 -8.39789260e+00 -0.00000000e+00]
 [-1.86558182e+00  1.86558182e+00 -2.02356845e-01  2.02356845e-01
  -7.06976219e-03  7.06976219e-03 -4.94089225e+00 -0.00000000e+00]
 [-2.64902488e+00  2.64902488e+00 -7.04749712e-01  7.04749712e-01
  -5.77926839e-02  5.77926839e-02 -2.26777454e+00 -0.00000000e+00]
 [-2.54957763e+00  2.54957763e+00 -1.45373484e+00  1.45373484e+00
  -2.38417535e-01  2.38417535e-01 -6.07449076e-01 -0.00000000e+00]
 [-1.66839212e+00  1.66839212e+00 -2.14741788e+00  2.14741788e+00
  -7.16489866e-01  7.16489866e-01 -2.63093457e-02 -0.00000000e+00]
 [-7.22281772e-01  7.22281772e-01 -2.15123183e+00  2.15123183e+00
  -1.65941416e+00  1.65941416e+00 -0.00000000e+00 -2.50535761e-02]
 [-2.40856723e-01  2.40856723e-01 -1.46036991e+00  1.46036991e+00
  -2.54501557e+00  2.54501557e+00 -0.00000000e+00 -5.98424683e-01]
 [-5.85846165e-02  5.85846165e-02 -7.10112512e-01  7.10112512e-01
  -2.65194913e+00  2.65194913e+00 -0.00000000e+00 -2.24961658e+00]
 [-7.23382193e-03  7.23382193e-03 -2.05255012e-01  2.05255012e-01
  -1.87531894e+00  1.87531894e+00 -0.00000000e+00 -4.91529354e+00]
 [-2.31009096e-05  2.31009096e-05 -4.98618550e-03  4.98618550e-03
  -3.57091193e-01  3.57091193e-01 -0.00000000e+00 -8.36670813e+00]
 [-3.41929434e-01  3.41929434e-01 -4.55864172e-03  4.55864172e-03
  -2.01695374e-05  2.01695374e-05 -8.39789260e+00 -0.00000000e+00]
 [-1.86558182e+00  1.86558182e+00 -2.02356845e-01  2.02356845e-01
  -7.06976219e-03  7.06976219e-03 -4.94089225e+00 -0.00000000e+00]
 [-2.64902488e+00  2.64902488e+00 -7.04749712e-01  7.04749712e-01
-----------------
Total Derivatives
-----------------

  Full Model: 'geometry.rcon' wrt 'dvs.patchV'
    Analytic Magnitude: 0.000000e+00
          Fd Magnitude: 0.000000e+00 (fd:central)
    Absolute Error (Jan - Jfd) : 0.000000e+00

    Relative Error (Jan - Jfd) / Jan : nan

    MPI Rank 2

    Raw Analytic Derivative (Jfor)
[[-0. -0.]
 [-0. -0.]]

    Raw FD Derivative (Jfd)
[[0. 0.]
 [0. 0.]]
 - - - - - - - - - - - - - - - - - - - - - - - - - - - - - -
  Full Model: 'geometry.rcon' wrt 'dvs.shape'
    Analytic Magnitude: 2.079150e+01
          Fd Magnitude: 2.079151e+01 (fd:central)
    Absolute Error (Jan - Jfd) : 8.146009e-06 *

    Relative Error (Jan - Jfd) / Jfd : 3.917950e-07

    MPI Rank 2

    Raw Analytic Derivative (Jfor)
[[-8.97966676e-01  2.97381971e-01 -1.62237400e-02 -2.87217257e-04
  -9.04661337e-05 -1.99555932e-05 -1.46790662e+01 -0.00000000e+00]
 [-8.92535841e-01  3.01574129e-01 -1.60830764e-02 -1.63067817e-04
  -8.95432397e-05 -1.91057656e-05 -1.46638550e+01 -0.00000000e+00]]

    Raw FD Derivative (Jfd)
[[-8.97966586e-01  2.97381977e-01 -1.62237400e-02 -2.87217256e-04
  -9.04661338e-05 -1.99555932e-05 -1.46790720e+01  0.00000000e+00]
 [-8.92535751e-01  3.01574134e-01 -1.60830764e-02 -1.63067816e-04
  -8.95432397e-05 -1.91057657e-05 -1.46638607e+01  0.00000000e+00]]
 - - - - - - - - - - - - - - - - - - - - - - - - - - - - - -
  Full Model: 'geometry.thickcon' wrt 'dvs.patchV'
    Analytic Magnitude: 0.000000e+00
          Fd Magnitude: 0.000000e+00 (fd:central)
    Absolute Error (Jan - Jfd) : 0.000000e+00

    Relative Error (Jan - Jfd) / Jan : nan

    MPI Rank 2

    Raw Analytic Derivative (Jfor)
[[-0. -0.]
 [-0. -0.]
 [-0. -0.]
 [-0. -0.]
 [-0. -0.]
 [-0. -0.]
 [-0. -0.]
 [-0. -0.]
 [-0. -0.]
 [-0. -0.]
 [-0. -0.]
 [-0. -0.]
 [-0. -0.]
 [-0. -0.]
 [-0. -0.]
 [-0. -0.]
 [-0. -0.]
 [-0. -0.]
 [-0. -0.]
 [-0. -0.]]

    Raw FD Derivative (Jfd)
[[0. 0.]
 [0. 0.]
 [0. 0.]
 [0. 0.]
 [0. 0.]
 [0. 0.]
 [0. 0.]
 [0. 0.]
 [0. 0.]
 [0. 0.]
 [0. 0.]
 [0. 0.]
 [0. 0.]
 [0. 0.]
 [0. 0.]
 [0. 0.]
 [0. 0.]
 [0. 0.]
 [0. 0.]
 [0. 0.]]
 - - - - - - - - - - - - - - - - - - - - - - - - - - - - - -
  Full Model: 'geometry.thickcon' wrt 'dvs.shape'
    Analytic Magnitude: 2.494378e+01
          Fd Magnitude: 2.494378e+01 (fd:central)
    Absolute Error (Jan - Jfd) : 4.919986e-11

    Relative Error (Jan - Jfd) / Jfd : 1.972430e-12

    MPI Rank 2

    Raw Analytic Derivative (Jfor)
[[-3.41929434e-01  3.41929434e-01 -4.55864172e-03  4.55864172e-03
  -2.01695374e-05  2.01695374e-05 -8.39789260e+00 -0.00000000e+00]
 [-1.86558182e+00  1.86558182e+00 -2.02356845e-01  2.02356845e-01
  -7.06976219e-03  7.06976219e-03 -4.94089225e+00 -0.00000000e+00]
 [-2.64902488e+00  2.64902488e+00 -7.04749712e-01  7.04749712e-01
  -5.77926839e-02  5.77926839e-02 -2.26777454e+00 -0.00000000e+00]
 [-2.54957763e+00  2.54957763e+00 -1.45373484e+00  1.45373484e+00
  -2.38417535e-01  2.38417535e-01 -6.07449076e-01 -0.00000000e+00]
 [-1.66839212e+00  1.66839212e+00 -2.14741788e+00  2.14741788e+00
  -7.16489866e-01  7.16489866e-01 -2.63093457e-02 -0.00000000e+00]
 [-7.22281772e-01  7.22281772e-01 -2.15123183e+00  2.15123183e+00
  -1.65941416e+00  1.65941416e+00 -0.00000000e+00 -2.50535761e-02]
 [-2.40856723e-01  2.40856723e-01 -1.46036991e+00  1.46036991e+00
  -2.54501557e+00  2.54501557e+00 -0.00000000e+00 -5.98424683e-01]
 [-5.85846165e-02  5.85846165e-02 -7.10112512e-01  7.10112512e-01
  -2.65194913e+00  2.65194913e+00 -0.00000000e+00 -2.24961658e+00]
 [-7.23382193e-03  7.23382193e-03 -2.05255012e-01  2.05255012e-01
  -1.87531894e+00  1.87531894e+00 -0.00000000e+00 -4.91529354e+00]
 [-2.31009096e-05  2.31009096e-05 -4.98618550e-03  4.98618550e-03
  -3.57091193e-01  3.57091193e-01 -0.00000000e+00 -8.36670813e+00]
 [-3.41929434e-01  3.41929434e-01 -4.55864172e-03  4.55864172e-03
  -2.01695374e-05  2.01695374e-05 -8.39789260e+00 -0.00000000e+00]
 [-1.86558182e+00  1.86558182e+00 -2.02356845e-01  2.02356845e-01
  -7.06976219e-03  7.06976219e-03 -4.94089225e+00 -0.00000000e+00]
 [-2.64902488e+00  2.64902488e+00 -7.04749712e-01  7.04749712e-01
 - - - - - - - - - - - - - - - - - - - - - -
  Full Model: 'geometry.volcon' wrt 'dvs.shape'
    Analytic Magnitude: 3.340457e+00
          Fd Magnitude: 3.340457e+00 (fd:central)
    Absolute Error (Jan - Jfd) : 2.491670e-13

    Relative Error (Jan - Jfd) / Jfd : 7.459069e-14

    MPI Rank 0

    Raw Analytic Derivative (Jfor)
[[-1.51542158  1.51542158 -1.25315645  1.25315645 -0.9686381   0.9686381
  -1.15596457 -0.46051225]]

    Raw FD Derivative (Jfd)
[[-1.51542158  1.51542158 -1.25315645  1.25315645 -0.9686381   0.9686381
  -1.15596457 -0.46051225]]
 - - - - - - - - - - - - - - - - - - - - - - - - - - - - - -
  Full Model: 'scenario1.aero_post.functionals.CD' wrt 'dvs.patchV'
    Analytic Magnitude: 4.531390e-03
          Fd Magnitude: 4.530925e-03 (fd:central)
    Absolute Error (Jan - Jfd) : 7.803222e-07

    Relative Error (Jan - Jfd) / Jfd : 1.722214e-04 *

    MPI Rank 0

    Raw Analytic Derivative (Jfor)
[[0.00086495 0.00444807]]

    Raw FD Derivative (Jfd)
[[0.00086425 0.00444774]]
 - - - - - - - - - - - - - - - - - - - - - - - - - - - - - -
  Full Model: 'scenario1.aero_post.functionals.CD' wrt 'dvs.shape'
    Analytic Magnitude: 1.984503e-01
          Fd Magnitude: 2.042324e-01 (fd:central)
    Absolute Error (Jan - Jfd) : 9.237438e-03 *

    Relative Error (Jan - Jfd) / Jfd : 4.523003e-02 *

    MPI Rank 0

    Raw Analytic Derivative (Jfor)
[[-0.03265236 -0.00579449  0.02618009  0.02457198  0.08984872  0.08924249
  -0.14475801  0.00130679]]

    Raw FD Derivative (Jfd)
[[-0.03558661 -0.00543695  0.02538846  0.02293128  0.08923158  0.08829972
  -0.15324332  0.00136879]]
 - - - - - - - - - - - - - - - - - - - - - - - - - - - - - -
  Full Model: 'scenario1.aero_post.functionals.CL' wrt 'dvs.patchV'
    Analytic Magnitude: 3.627940e-02
          Fd Magnitude: 3.627250e-02 (fd:central)
    Absolute Error (Jan - Jfd) : 1.147466e-05 *

    Relative Error (Jan - Jfd) / Jfd : 3.163461e-04 *

    MPI Rank 0

    Raw Analytic Derivative (Jfor)
[[0.00482905 0.03595657]]

    Raw FD Derivative (Jfd)
[[0.00481904 0.03595096]]
 - - - - - - - - - - - - - - - - - - - - - - - - - - - - - -
  Full Model: 'scenario1.aero_post.functionals.CL' wrt 'dvs.shape'
    Analytic Magnitude: 1.939827e+00
          Fd Magnitude: 1.936975e+00 (fd:central)
    Absolute Error (Jan - Jfd) : 1.027082e-02 *

    Relative Error (Jan - Jfd) / Jfd : 5.302506e-03 *

    MPI Rank 0

    Raw Analytic Derivative (Jfor)
[[0.31410529 0.4168716  0.48093831 0.5286137  1.24466872 1.18105573
  0.14162568 0.12490367]]

    Raw FD Derivative (Jfd)
[[0.31136519 0.41595826 0.48013512 0.52751971 1.24269941 1.17915421
  0.15099633 0.12485355]]
 - - - - - - - - - - - - - - - - - - - - - - - - - - - - - -
  -5.77926839e-02  5.77926839e-02 -2.26777454e+00 -0.00000000e+00]
 [-2.54957763e+00  2.54957763e+00 -1.45373484e+00  1.45373484e+00
  -2.38417535e-01  2.38417535e-01 -6.07449076e-01 -0.00000000e+00]
 [-1.66839212e+00  1.66839212e+00 -2.14741788e+00  2.14741788e+00
  -7.16489866e-01  7.16489866e-01 -2.63093457e-02 -0.00000000e+00]
 [-7.22281772e-01  7.22281772e-01 -2.15123183e+00  2.15123183e+00
  -1.65941416e+00  1.65941416e+00 -0.00000000e+00 -2.50535761e-02]
 [-2.40856723e-01  2.40856723e-01 -1.46036991e+00  1.46036991e+00
  -2.54501557e+00  2.54501557e+00 -0.00000000e+00 -5.98424683e-01]
 [-5.85846165e-02  5.85846165e-02 -7.10112512e-01  7.10112512e-01
  -2.65194913e+00  2.65194913e+00 -0.00000000e+00 -2.24961658e+00]
 [-7.23382193e-03  7.23382193e-03 -2.05255012e-01  2.05255012e-01
  -1.87531894e+00  1.87531894e+00 -0.00000000e+00 -4.91529354e+00]
 [-2.31009096e-05  2.31009096e-05 -4.98618550e-03  4.98618550e-03
  -3.57091193e-01  3.57091193e-01 -0.00000000e+00 -8.36670813e+00]]

    Raw FD Derivative (Jfd)
[[-3.41929434e-01  3.41929434e-01 -4.55864172e-03  4.55864172e-03
  -2.01695374e-05  2.01695373e-05 -8.39789260e+00  0.00000000e+00]
 [-1.86558182e+00  1.86558182e+00 -2.02356845e-01  2.02356845e-01
  -7.06976219e-03  7.06976219e-03 -4.94089225e+00  0.00000000e+00]
 [-2.64902488e+00  2.64902488e+00 -7.04749712e-01  7.04749712e-01
  -5.77926839e-02  5.77926839e-02 -2.26777454e+00  0.00000000e+00]
 [-2.54957763e+00  2.54957763e+00 -1.45373484e+00  1.45373484e+00
  -2.38417535e-01  2.38417535e-01 -6.07449076e-01  0.00000000e+00]
 [-1.66839212e+00  1.66839212e+00 -2.14741788e+00  2.14741788e+00
  -7.16489866e-01  7.16489866e-01 -2.63093457e-02  0.00000000e+00]
 [-7.22281772e-01  7.22281772e-01 -2.15123183e+00  2.15123183e+00
  -1.65941416e+00  1.65941416e+00  0.00000000e+00 -2.50535761e-02]
 [-2.40856723e-01  2.40856723e-01 -1.46036991e+00  1.46036991e+00
  -2.54501557e+00  2.54501557e+00  0.00000000e+00 -5.98424683e-01]
 [-5.85846165e-02  5.85846165e-02 -7.10112512e-01  7.10112512e-01
  -2.65194913e+00  2.65194913e+00  0.00000000e+00 -2.24961658e+00]
 [-7.23382193e-03  7.23382193e-03 -2.05255012e-01  2.05255012e-01
  -1.87531894e+00  1.87531894e+00  0.00000000e+00 -4.91529354e+00]
 [-2.31009103e-05  2.31008939e-05 -4.98618552e-03  4.98618549e-03
  -3.57091193e-01  3.57091193e-01  0.00000000e+00 -8.36670813e+00]
 [-3.41929434e-01  3.41929434e-01 -4.55864172e-03  4.55864172e-03
  -2.01695374e-05  2.01695373e-05 -8.39789260e+00  0.00000000e+00]
 [-1.86558182e+00  1.86558182e+00 -2.02356845e-01  2.02356845e-01
  -7.06976219e-03  7.06976219e-03 -4.94089225e+00  0.00000000e+00]
 [-2.64902488e+00  2.64902488e+00 -7.04749712e-01  7.04749712e-01
  -5.77926839e-02  5.77926839e-02 -2.26777454e+00  0.00000000e+00]
 [-2.54957763e+00  2.54957763e+00 -1.45373484e+00  1.45373484e+00
  -2.38417535e-01  2.38417535e-01 -6.07449076e-01  0.00000000e+00]
 [-1.66839212e+00  1.66839212e+00 -2.14741788e+00  2.14741788e+00
  -7.16489866e-01  7.16489866e-01 -2.63093457e-02  0.00000000e+00]
 [-7.22281772e-01  7.22281772e-01 -2.15123183e+00  2.15123183e+00
  -1.65941416e+00  1.65941416e+00  0.00000000e+00 -2.50535761e-02]
 [-2.40856723e-01  2.40856723e-01 -1.46036991e+00  1.46036991e+00
  -2.54501557e+00  2.54501557e+00  0.00000000e+00 -5.98424683e-01]
 [-5.85846165e-02  5.85846165e-02 -7.10112512e-01  7.10112512e-01
  -2.65194913e+00  2.65194913e+00  0.00000000e+00 -2.24961658e+00]
 [-7.23382193e-03  7.23382193e-03 -2.05255012e-01  2.05255012e-01
  -1.87531894e+00  1.87531894e+00  0.00000000e+00 -4.91529354e+00]
 [-2.31009009e-05  2.31009170e-05 -4.98618549e-03  4.98618549e-03
  -3.57091193e-01  3.57091193e-01  0.00000000e+00 -8.36670813e+00]]
 - - - - - - - - - - - - - - - - - - - - - - - - - - - - - -
  Full Model: 'geometry.volcon' wrt 'dvs.patchV'
    Analytic Magnitude: 0.000000e+00
          Fd Magnitude: 0.000000e+00 (fd:central)
    Absolute Error (Jan - Jfd) : 0.000000e+00

    Relative Error (Jan - Jfd) / Jan : nan

    MPI Rank 2

    Raw Analytic Derivative (Jfor)
[[-0. -0.]]

    Raw FD Derivative (Jfd)
[[0. 0.]]
 - - - - - - - -  -5.77926839e-02  5.77926839e-02 -2.26777454e+00 -0.00000000e+00]
 [-2.54957763e+00  2.54957763e+00 -1.45373484e+00  1.45373484e+00
  -2.38417535e-01  2.38417535e-01 -6.07449076e-01 -0.00000000e+00]
 [-1.66839212e+00  1.66839212e+00 -2.14741788e+00  2.14741788e+00
  -7.16489866e-01  7.16489866e-01 -2.63093457e-02 -0.00000000e+00]
 [-7.22281772e-01  7.22281772e-01 -2.15123183e+00  2.15123183e+00
  -1.65941416e+00  1.65941416e+00 -0.00000000e+00 -2.50535761e-02]
 [-2.40856723e-01  2.40856723e-01 -1.46036991e+00  1.46036991e+00
  -2.54501557e+00  2.54501557e+00 -0.00000000e+00 -5.98424683e-01]
 [-5.85846165e-02  5.85846165e-02 -7.10112512e-01  7.10112512e-01
  -2.65194913e+00  2.65194913e+00 -0.00000000e+00 -2.24961658e+00]
 [-7.23382193e-03  7.23382193e-03 -2.05255012e-01  2.05255012e-01
  -1.87531894e+00  1.87531894e+00 -0.00000000e+00 -4.91529354e+00]
 [-2.31009096e-05  2.31009096e-05 -4.98618550e-03  4.98618550e-03
  -3.57091193e-01  3.57091193e-01 -0.00000000e+00 -8.36670813e+00]]

    Raw FD Derivative (Jfd)
[[-3.41929434e-01  3.41929434e-01 -4.55864172e-03  4.55864172e-03
  -2.01695374e-05  2.01695373e-05 -8.39789260e+00  0.00000000e+00]
 [-1.86558182e+00  1.86558182e+00 -2.02356845e-01  2.02356845e-01
  -7.06976219e-03  7.06976219e-03 -4.94089225e+00  0.00000000e+00]
 [-2.64902488e+00  2.64902488e+00 -7.04749712e-01  7.04749712e-01
  -5.77926839e-02  5.77926839e-02 -2.26777454e+00  0.00000000e+00]
 [-2.54957763e+00  2.54957763e+00 -1.45373484e+00  1.45373484e+00
  -2.38417535e-01  2.38417535e-01 -6.07449076e-01  0.00000000e+00]
 [-1.66839212e+00  1.66839212e+00 -2.14741788e+00  2.14741788e+00
  -7.16489866e-01  7.16489866e-01 -2.63093457e-02  0.00000000e+00]
 [-7.22281772e-01  7.22281772e-01 -2.15123183e+00  2.15123183e+00
  -1.65941416e+00  1.65941416e+00  0.00000000e+00 -2.50535761e-02]
 [-2.40856723e-01  2.40856723e-01 -1.46036991e+00  1.46036991e+00
  -2.54501557e+00  2.54501557e+00  0.00000000e+00 -5.98424683e-01]
 [-5.85846165e-02  5.85846165e-02 -7.10112512e-01  7.10112512e-01
  -2.65194913e+00  2.65194913e+00  0.00000000e+00 -2.24961658e+00]
 [-7.23382193e-03  7.23382193e-03 -2.05255012e-01  2.05255012e-01
  -1.87531894e+00  1.87531894e+00  0.00000000e+00 -4.91529354e+00]
 [-2.31009103e-05  2.31008939e-05 -4.98618552e-03  4.98618549e-03
  -3.57091193e-01  3.57091193e-01  0.00000000e+00 -8.36670813e+00]
 [-3.41929434e-01  3.41929434e-01 -4.55864172e-03  4.55864172e-03
  -2.01695374e-05  2.01695373e-05 -8.39789260e+00  0.00000000e+00]
 [-1.86558182e+00  1.86558182e+00 -2.02356845e-01  2.02356845e-01
  -7.06976219e-03  7.06976219e-03 -4.94089225e+00  0.00000000e+00]
 [-2.64902488e+00  2.64902488e+00 -7.04749712e-01  7.04749712e-01
  -5.77926839e-02  5.77926839e-02 -2.26777454e+00  0.00000000e+00]
 [-2.54957763e+00  2.54957763e+00 -1.45373484e+00  1.45373484e+00
  -2.38417535e-01  2.38417535e-01 -6.07449076e-01  0.00000000e+00]
 [-1.66839212e+00  1.66839212e+00 -2.14741788e+00  2.14741788e+00
  -7.16489866e-01  7.16489866e-01 -2.63093457e-02  0.00000000e+00]
 [-7.22281772e-01  7.22281772e-01 -2.15123183e+00  2.15123183e+00
  -1.65941416e+00  1.65941416e+00  0.00000000e+00 -2.50535761e-02]
 [-2.40856723e-01  2.40856723e-01 -1.46036991e+00  1.46036991e+00
  -2.54501557e+00  2.54501557e+00  0.00000000e+00 -5.98424683e-01]
 [-5.85846165e-02  5.85846165e-02 -7.10112512e-01  7.10112512e-01
  -2.65194913e+00  2.65194913e+00  0.00000000e+00 -2.24961658e+00]
 [-7.23382193e-03  7.23382193e-03 -2.05255012e-01  2.05255012e-01
  -1.87531894e+00  1.87531894e+00  0.00000000e+00 -4.91529354e+00]
 [-2.31009009e-05  2.31009170e-05 -4.98618549e-03  4.98618549e-03
  -3.57091193e-01  3.57091193e-01  0.00000000e+00 -8.36670813e+00]]
 - - - - - - - - - - - - - - - - - - - - - - - - - - - - - -
  Full Model: 'geometry.volcon' wrt 'dvs.patchV'
    Analytic Magnitude: 0.000000e+00
          Fd Magnitude: 0.000000e+00 (fd:central)
    Absolute Error (Jan - Jfd) : 0.000000e+00

    Relative Error (Jan - Jfd) / Jan : nan

    MPI Rank 1

    Raw Analytic Derivative (Jfor)
[[-0. -0.]]

    Raw FD Derivative (Jfd)
[[0. 0.]]
 - - - - - - - - - - - - - - - - - - - - - - - - - - - - - -
  Full Model: 'geometry.volcon' wrt 'dvs.shape'
    Analytic Magnitude: 3.340457e+00
          Fd Magnitude: 3.340457e+00 (fd:central)
    Absolute Error (Jan - Jfd) : 2.491670e-13

    Relative Error (Jan - Jfd) / Jfd : 7.459069e-14

    MPI Rank 1

    Raw Analytic Derivative (Jfor)
[[-1.51542158  1.51542158 -1.25315645  1.25315645 -0.9686381   0.9686381
  -1.15596457 -0.46051225]]

    Raw FD Derivative (Jfd)
[[-1.51542158  1.51542158 -1.25315645  1.25315645 -0.9686381   0.9686381
  -1.15596457 -0.46051225]]
 - - - - - - - - - - - - - - - - - - - - - - - - - - - - - -
  Full Model: 'scenario1.aero_post.functionals.CD' wrt 'dvs.patchV'
    Analytic Magnitude: 4.531390e-03
          Fd Magnitude: 4.530925e-03 (fd:central)
    Absolute Error (Jan - Jfd) : 7.803222e-07

    Relative Error (Jan - Jfd) / Jfd : 1.722214e-04 *

    MPI Rank 1

    Raw Analytic Derivative (Jfor)
[[0.00086495 0.00444807]]

    Raw FD Derivative (Jfd)
[[0.00086425 0.00444774]]
 - - - - - - - - - - - - - - - - - - - - - - - - - - - - - -
  Full Model: 'scenario1.aero_post.functionals.CD' wrt 'dvs.shape'
    Analytic Magnitude: 1.984503e-01
          Fd Magnitude: 2.042324e-01 (fd:central)
    Absolute Error (Jan - Jfd) : 9.237438e-03 *

    Relative Error (Jan - Jfd) / Jfd : 4.523003e-02 *

    MPI Rank 1

    Raw Analytic Derivative (Jfor)
[[-0.03265236 -0.00579449  0.02618009  0.02457198  0.08984872  0.08924249
  -0.14475801  0.00130679]]

    Raw FD Derivative (Jfd)
[[-0.03558661 -0.00543695  0.02538846  0.02293128  0.08923158  0.08829972
  -0.15324332  0.00136879]]
 - - - - - - - - - - - - - - - - - - - - - - - - - - - - - -
  Full Model: 'scenario1.aero_post.functionals.CL' wrt 'dvs.patchV'
    Analytic Magnitude: 3.627940e-02
          Fd Magnitude: 3.627250e-02 (fd:central)
    Absolute Error (Jan - Jfd) : 1.147466e-05 *

    Relative Error (Jan - Jfd) / Jfd : 3.163461e-04 *

    MPI Rank 1

    Raw Analytic Derivative (Jfor)
[[0.00482905 0.03595657]]

    Raw FD Derivative (Jfd)
[[0.00481904 0.03595096]]
 - - - - - - - - - - - - - - - - - - - - - - - - - - - - - -
  Full Model: 'scenario1.aero_post.functionals.CL' wrt 'dvs.shape'
    Analytic Magnitude: 1.939827e+00
          Fd Magnitude: 1.936975e+00 (fd:central)
    Absolute Error (Jan - Jfd) : 1.027082e-02 *

    Relative Error (Jan - Jfd) / Jfd : 5.302506e-03 *

    MPI Rank 1

    Raw Analytic Derivative (Jfor)
[[0.31410529 0.4168716  0.48093831 0.5286137  1.24466872 1.18105573
  0.14162568 0.12490367]]

    Raw FD Derivative (Jfd)
[[0.31136519 0.41595826 0.48013512 0.52751971 1.24269941 1.17915421
  0.15099633 0.12485355]]
 - - - - - - - - - - - - - - - - - - - - - - - - - - - - - -
 - - - - - - - - - - - - - - - - - - - - - -
  Full Model: 'geometry.volcon' wrt 'dvs.shape'
    Analytic Magnitude: 3.340457e+00
          Fd Magnitude: 3.340457e+00 (fd:central)
    Absolute Error (Jan - Jfd) : 2.491670e-13

    Relative Error (Jan - Jfd) / Jfd : 7.459069e-14

    MPI Rank 2

    Raw Analytic Derivative (Jfor)
[[-1.51542158  1.51542158 -1.25315645  1.25315645 -0.9686381   0.9686381
  -1.15596457 -0.46051225]]

    Raw FD Derivative (Jfd)
[[-1.51542158  1.51542158 -1.25315645  1.25315645 -0.9686381   0.9686381
  -1.15596457 -0.46051225]]
 - - - - - - - - - - - - - - - - - - - - - - - - - - - - - -
  Full Model: 'scenario1.aero_post.functionals.CD' wrt 'dvs.patchV'
    Analytic Magnitude: 4.531390e-03
          Fd Magnitude: 4.530925e-03 (fd:central)
    Absolute Error (Jan - Jfd) : 7.803222e-07

    Relative Error (Jan - Jfd) / Jfd : 1.722214e-04 *

    MPI Rank 2

    Raw Analytic Derivative (Jfor)
[[0.00086495 0.00444807]]

    Raw FD Derivative (Jfd)
[[0.00086425 0.00444774]]
 - - - - - - - - - - - - - - - - - - - - - - - - - - - - - -
  Full Model: 'scenario1.aero_post.functionals.CD' wrt 'dvs.shape'
    Analytic Magnitude: 1.984503e-01
          Fd Magnitude: 2.042324e-01 (fd:central)
    Absolute Error (Jan - Jfd) : 9.237438e-03 *

    Relative Error (Jan - Jfd) / Jfd : 4.523003e-02 *

    MPI Rank 2

    Raw Analytic Derivative (Jfor)
[[-0.03265236 -0.00579449  0.02618009  0.02457198  0.08984872  0.08924249
  -0.14475801  0.00130679]]

    Raw FD Derivative (Jfd)
[[-0.03558661 -0.00543695  0.02538846  0.02293128  0.08923158  0.08829972
  -0.15324332  0.00136879]]
 - - - - - - - - - - - - - - - - - - - - - - - - - - - - - -
  Full Model: 'scenario1.aero_post.functionals.CL' wrt 'dvs.patchV'
    Analytic Magnitude: 3.627940e-02
          Fd Magnitude: 3.627250e-02 (fd:central)
    Absolute Error (Jan - Jfd) : 1.147466e-05 *

    Relative Error (Jan - Jfd) / Jfd : 3.163461e-04 *

    MPI Rank 2

    Raw Analytic Derivative (Jfor)
[[0.00482905 0.03595657]]

    Raw FD Derivative (Jfd)
[[0.00481904 0.03595096]]
 - - - - - - - - - - - - - - - - - - - - - - - - - - - - - -
  Full Model: 'scenario1.aero_post.functionals.CL' wrt 'dvs.shape'
    Analytic Magnitude: 1.939827e+00
          Fd Magnitude: 1.936975e+00 (fd:central)
    Absolute Error (Jan - Jfd) : 1.027082e-02 *

    Relative Error (Jan - Jfd) / Jfd : 5.302506e-03 *

    MPI Rank 2

    Raw Analytic Derivative (Jfor)
[[0.31410529 0.4168716  0.48093831 0.5286137  1.24466872 1.18105573
  0.14162568 0.12490367]]

    Raw FD Derivative (Jfd)
[[0.31136519 0.41595826 0.48013512 0.52751971 1.24269941 1.17915421
  0.15099633 0.12485355]]
 - - - - - - - - - - - - - - - - - - - - - - - - - - - - - -
Finalising parallel run
Finalising parallel run
