WARNING 7: VSPAERO Viewer Not Found. 
	Expected here: /home/dafoamuser/dafoam/packages/miniconda3/lib/python3.10/site-packages/openvsp/vspviewer
WARNING 7: VSPAERO Viewer Not Found. 
	Expected here: /home/dafoamuser/dafoam/packages/miniconda3/lib/python3.10/site-packages/openvsp/vspviewer
WARNING 7: VSPAERO Viewer Not Found. 
	Expected here: /home/dafoamuser/dafoam/packages/miniconda3/lib/python3.10/site-packages/openvsp/vspviewer
WARNING 7: VSPAERO Viewer Not Found. 
	Expected here: /home/dafoamuser/dafoam/packages/miniconda3/lib/python3.10/site-packages/openvsp/vspviewer
 
-------------------------------------------------------------------------------
|                               DAFoam v5.0.0                                 |
-------------------------------------------------------------------------------
 
/*---------------------------------------------------------------------------*\
| =========                 |                                                 |
| \\      /  F ield         | OpenFOAM: The Open Source CFD Toolbox           |
|  \\    /   O peration     | Version:  2506                                  |
|   \\  /    A nd           | Website:  www.openfoam.com                      |
|    \\/     M anipulation  |                                                 |
\*---------------------------------------------------------------------------*/
Build  : _615aae61d7-20250627 OPENFOAM=2506 version=v2506
Arch   : "LSB;label=32;scalar=64"
Exec   : decomposePar
Date   : Jul 28 2026
Time   : 01:26:02
Host   : ip-172-31-43-247
PID    : 407
I/O    : uncollated
Case   : /home/dafoamuser/mount/A5_ubend_pressureloss
nProcs : 1
trapFpe: Floating point exception trapping enabled (FOAM_SIGFPE).
fileModificationChecking : Monitoring run-time modified files using timeStampMaster (fileModificationSkew 5, maxFileModificationPolls 20)
allowSystemOperations : Allowing user-supplied system call operations

// * * * * * * * * * * * * * * * * * * * * * * * * * * * * * * * * * * * * * //
Create time

Overriding DebugSwitches according to controlDict
    SolverPerformance 0;



Decomposing mesh

Create mesh

Calculating distribution of cells
Decomposition method scotch [4] (region region0)

Finished decomposition in 0.01 s

Calculating original mesh data

Distributing cells to processors

Distributing faces to processors

Distributing points to processors

Constructing processor meshes
Overriding DebugSwitches according to controlDict
    SolverPerformance 0;


Processor 0
    Number of cells = 1200
    Number of points = 1584
    Number of faces shared with processor 1 = 104
    Number of faces shared with processor 2 = 96
    Number of processor patches = 2
    Number of processor faces = 200
    Number of boundary faces = 500
Overriding DebugSwitches according to controlDict
    SolverPerformance 0;


Processor 1
    Number of cells = 1200
    Number of points = 1584
    Number of faces shared with processor 0 = 104
    Number of processor patches = 1
    Number of processor faces = 104
    Number of boundary faces = 596
Overriding DebugSwitches according to controlDict
    SolverPerformance 0;


Processor 2
    Number of cells = 1200
    Number of points = 1584
    Number of faces shared with processor 0 = 96
    Number of faces shared with processor 3 = 104
    Number of processor patches = 2
    Number of processor faces = 200
    Number of boundary faces = 500
Overriding DebugSwitches according to controlDict
    SolverPerformance 0;


Processor 3
    Number of cells = 1200
    Number of points = 1584
    Number of faces shared with processor 2 = 104
    Number of processor patches = 1
    Number of processor faces = 104
    Number of boundary faces = 596

Number of processor faces = 304
Max number of cells = 1200 (0% above average 1200)
Max number of processor patches = 2 (33.33333333333334% above average 1.5)
Max number of faces between processors = 200 (31.57894736842105% above average 152)

Time = 0

Processor 0: field transfer
Overriding DebugSwitches according to controlDict
    SolverPerformance 0;

Processor 1: field transfer
Overriding DebugSwitches according to controlDict
    SolverPerformance 0;

Processor 2: field transfer
Overriding DebugSwitches according to controlDict
    SolverPerformance 0;

Processor 3: field transfer
Overriding DebugSwitches according to controlDict
    SolverPerformance 0;


End

I/O    : uncollated
Case   : /home/dafoamuser/mount/A5_ubend_pressureloss
nProcs : 4
Hosts  :
(
    (ip-172-31-43-247 4)
)
Pstream initialized with:
    node communication : off [type=host] (4 ranks, 1 nodes)
    topology controls  : none
    consensus exchange : 0 (tuning: 0)
    exchange algorithm : 0
    commsType          : nonBlocking
    polling iterations : 0
Initializing mesh and runtime for DASolver
Create time

Overriding DebugSwitches according to controlDict
    SolverPerformance 0;

Create mesh for time = 0
Replacing wallDist.method meshWave -> meshWaveFrozen
DAOption created. DASolver initialized.
[2] UPstream::init : could not attach buffer
[3] UPstream::init : could not attach buffer
[0] [1] UPstream::init : could not attach buffer
UPstream::init : could not attach buffer
I/O    : uncollated
Case   : /home/dafoamuser/mount/A5_ubend_pressureloss
nProcs : 4
Hosts  :
(
    (ip-172-31-43-247 4)
)
Pstream initialized with:
    node communication : off [type=host] (4 ranks, 1 nodes)
    topology controls  : none
    consensus exchange : 0 (tuning: 0)
    exchange algorithm : 0
    commsType          : nonBlocking
    polling iterations : 0
Initializing mesh and runtime for DASolver
Create time

Overriding DebugSwitches according to controlDict
    SolverPerformance 0;

Create mesh for time = 0
Replacing wallDist.method meshWave -> meshWaveFrozen
DAOption created. DASolver initialized.
Initializing fields for DASimpleFoam
Create simpleControl.

SIMPLE: convergence criteria
    field p	 tolerance 1e-08
    field U	 tolerance 1e-08
    field T	 tolerance 1e-08
    field nuTilda	 tolerance 1e-08

Reading field p

Reading field U

Reading/calculating face flux field phi

Creating source term. 
Selecting incompressible transport model Newtonian
Selecting turbulence model type RAS
Selecting RAS turbulence model SpalartAllmaras
Selecting patchDistMethod meshWaveFrozen
ft2 term: inactive
No MRF models present

Reading field T

Reading field alphat

Turbulence model is incompressible
Adjoint States: 
5
(
U volVectorState
nuTilda modelState
phi surfaceScalarState
p volScalarState
T volScalarState
)
Global Cells: 4800
Global Faces: 15800
Global Xv: 19008
Undecomposed points: 5967
Global Adjoint States: 44600

SIMPLE: convergence criteria
    field p	 tolerance 1e-08
    field U	 tolerance 1e-08
    field T	 tolerance 1e-08
    field nuTilda	 tolerance 1e-08

DACheckMesh Thresholds: 
maxNonOrth: 70
maxSkewness: 4
maxAspectRatio: 1000
maxIncorrectlyOrientedFaces: 0
    Adding all faces of patches: (inlet) ...
    Found matching patch inlet with 96 faces
    Adding all faces of patches: (outlet) ...
    Found matching patch outlet with 96 faces
    Adding all faces of patches: (ubend) ...
    Found matching patch ubend with 1232 faces
Initializing fields for DASimpleFoam
Create simpleControl.

SIMPLE: convergence criteria
    field p	 tolerance 1e-08
    field U	 tolerance 1e-08
    field T	 tolerance 1e-08
    field nuTilda	 tolerance 1e-08

Reading field p

Reading field U

Reading/calculating face flux field phi

Creating source term. 
Selecting incompressible transport model Newtonian
Selecting turbulence model type RAS
Selecting RAS turbulence model SpalartAllmaras
Selecting patchDistMethod meshWaveFrozen
ft2 term: inactive
No MRF models present

Reading field T

Reading field alphat

Turbulence model is incompressible
Adjoint States: 
5
(
U volVectorState
nuTilda modelState
phi surfaceScalarState
p volScalarState
T volScalarState
)
Global Cells: 4800
Global Faces: 15800
Global Xv: 19008
Undecomposed points: 5967
Global Adjoint States: 44600

SIMPLE: convergence criteria
    field p	 tolerance 1e-08
    field U	 tolerance 1e-08
    field T	 tolerance 1e-08
    field nuTilda	 tolerance 1e-08

DACheckMesh Thresholds: 
maxNonOrth: 70
maxSkewness: 4
maxAspectRatio: 1000
maxIncorrectlyOrientedFaces: 0
    Adding all faces of patches: (inlet) ...
    Found matching patch inlet with 96 faces
    Adding all faces of patches: (outlet) ...
    Found matching patch outlet with 96 faces
    Adding all faces of patches: (ubend) ...
    Found matching patch ubend with 1232 faces
Init solver done! ElapsedClockTime 0.000000 s
Init solver done! ElapsedCpuTime 0.420000 s
initState: 
7
(
nuTilda 0.001500000000000011
phi 0
U1 0
U2 0
p 0
T 293.1500000000029
U0 8.399999999999814
)
Setting up primal boundary conditions based on pyOptions: 
Setting nut wall BC for ubend. BCType=nutUSpaldingWallFunction
Setting nut wall BC for ubendup. BCType=nutUSpaldingWallFunction
Setting alphat wall BC for ubendBCType=incompressible::alphatWallFunction. Default Prt=0.85
Setting alphat wall BC for ubendupBCType=incompressible::alphatWallFunction. Default Prt=0.85
Reading OpenFOAM mesh information...
I/O    : uncollated
Case   : /home/dafoamuser/mount/A5_ubend_pressureloss
nProcs : 4
Hosts  :
(
    (ip-172-31-43-247 4)
)
Pstream initialized with:
    node communication : off [type=host] (4 ranks, 1 nodes)
    topology controls  : none
    consensus exchange : 0 (tuning: 0)
    exchange algorithm : 0
    commsType          : nonBlocking
    polling iterations : 0
Reading the OpenFOAM mesh..
Overriding DebugSwitches according to controlDict
    SolverPerformance 0;

Checking if we need to compress the mesh files
Checking if we need to compress the mesh files
Finalising parallel run
I/O    : uncollated
DAFoam option dictionary: 
{
    solverName      DASimpleFoam;
    primalMinResTol 1e-08;
    primalFuncStdTol
    {
        stdTol          -1;
        slopeTol        -1;
        funcNames       1 ( CD );
        nStepsFrac      0.2;
    }
    primalBC
    {
        useWallFunction 1;
    }
    primalInitCondition
    {
    }
    normalizeStates
    {
        U               8.4;
        p               35.28;
        nuTilda         0.001;
        phi             1;
        T               300;
    }
    function
    {
        TP1
        {
            type            totalPressure;
            source          patchToFace;
            patches         1 ( inlet );
            scale           1;
            addToAdjoint    1;
        }
        TP2
        {
            type            totalPressure;
            source          patchToFace;
            patches         1 ( outlet );
            scale           1;
            addToAdjoint    1;
        }
        HFX
        {
            type            wallHeatFlux;
            source          patchToFace;
            patches         1 ( ubend );
            scale           1;
            addToAdjoint    0;
        }
    }
    inputInfo
    {
        aero_vol_coords
        {
            type            volCoord;
            components      2 ( solver function );
        }
    }
    outputInfo
    {
        q_convect
        {
            type            thermalCouplingOutput;
            patches         1 ( ubend );
            components      1 ( thermalCoupling );
        }
    }
    designSurfaces  1 ( ubend );
    fvSource
    {
    }
    prepareCaseOnly 0;
    adjEqnSolMethod Krylov;
    dynamicMesh
    {
        active          0;
        mode            rotation;
        center          3 ( 0.25 0 0 );
        axis            z;
        omega           0.1;
        s               2;
        t0              0.35;
    }
    primalVarBounds
    {
        UMax            1000;
        UMin            -1000;
        pMax            50000;
        pMin            -50000;
        p_rghMax        50000;
        p_rghMin        -50000;
        eMax            55000;
        eMin            -220000;
        TMax            1000;
        TMin            100;
        hMax            200000;
        hMin            -200000;
        DMax            1e+16;
        DMin            -1e+16;
        rhoMax          5;
        rhoMin          0.2;
        nuTildaMax      1e+16;
        nuTildaMin      1e-16;
        kMax            1e+16;
        kMin            1e-16;
        omegaMax        1e+16;
        omegaMin        1e-16;
        epsilonMax      1e+16;
        epsilonMin      1e-16;
        ReThetatMax     1e+16;
        ReThetatMin     1e-16;
        gammaIntMax     1e+16;
        gammaIntMin     1e-16;
    }
    discipline      aero;
    adjPartDerivFDStep
    {
        State           1e-06;
    }
    transonicPCOption -1;
    unsteadyAdjoint
    {
        mode            None;
        PCMatPrecomputeInterval 100;
        PCMatUpdateInterval 1;
        reduceIO        1;
        additionalOutput 1 ( None );
        additionalOldTime 1 ( None );
        readZeroFields  1;
    }
    adjPCLag        10000;
    useAD
    {
        mode            reverse;
        dvName          None;
        seedIndex       -9999;
    }
    useConstrainHbyA 1;
    forceMeshWaveFrozen 1;
    useDdtCorr      0;
    regressionModel
    {
        active          0;
    }
    useMeanStates   0;
    solveLinearFunctionName None;
    printDAOptions  1;
    debug           0;
    writeJacobians  1 ( None );
    printInterval   100;
    printIntervalUnsteady 1;
    primalMinResTolDiff 10000000;
    adjUseColoring  1;
    adjEqnOption
    {
        globalPCIters   0;
        asmOverlap      1;
        localPCIters    1;
        jacMatReOrdering natural;
        pcFillLevel     2;
        gmresMaxIters   3000;
        gmresRestart    3000;
        gmresRelTol     1e-05;
        gmresAbsTol     1e-14;
        gmresTolDiff    10000;
        useNonZeroInitGuess 0;
        useMGSO         0;
        printInfo       1;
        fpMaxIters      1000;
        fpRelTol        1e-06;
        fpMinResTolDiff 100;
        fpPCUpwind      0;
        dynAdjustTol    0;
        KSPCalcEigen    0;
        KSPCalcSingularVal 0;
        readPCMat       0;
    }
    normalizeResiduals 11 ( URes pRes p_rghRes nuTildaRes phiRes TRes DRes kRes omegaRes epsilonRes alpha.waterRes );
    maxResConLv4JacPCMat
    {
        pRes            2;
        phiRes          1;
        URes            2;
        TRes            2;
        nuTildaRes      2;
        kRes            2;
        epsilonRes      2;
        omegaRes        2;
        p_rghRes        2;
        DRes            2;
        gammaIntRes     2;
        ReThetatRes     2;
        alpha.waterRes  2;
    }
    jacLowerBounds
    {
        dRdW            1e-30;
        dRdWPC          1e-30;
    }
    maxTractionBCIters 100;
    decomposeParDict
    {
        method          scotch;
        simpleCoeffs
        {
            n               3 ( 2 2 1 );
            delta           0.001;
        }
        kahipCoeffs
        {
            config          fast;
            imbalance       0.01;
        }
        preservePatches 1 ( None );
        singleProcessorFaceSets 1 ( None );
        args            1 ( None );
    }
    adjStateOrdering cell;
    checkMeshThreshold
    {
        maxAspectRatio  1000;
        maxNonOrth      70;
        maxSkewness     4;
        maxIncorrectlyOrientedFaces 0;
    }
    writeDeformedFFDs 0;
    writeDeformedConstraints 0;
    writeAdjointFields 0;
    maxCorrectBCCalls 2;
    writeMinorIterations 1;
    primalMinIters  1;
    tensorflow
    {
        active          0;
    }
    wallDistanceMethod daCustom;
    unsteadyCompOutput
    {
    }
}

pyDAFoam initialization done!
+----------------------------------------+
|          All IDWarp Options:           |
+----------------------------------------+
{'LdefFact': 1.0,
 'aExp': 3.0,
 'alpha': 0.25,
 'bExp': 5.0,
 'bucketSize': 8,
 'cornerAngle': 30.0,
 'errTol': 0.0005,
 'evalMode': 'fast',
 'fileType': 'OpenFOAM',
 'gridFile': '/home/dafoamuser/mount/A5_ubend_pressureloss',
 'restartFile': None,
 'specifiedSurfaces': None,
 'symmTol': 1e-06,
 'symmetryPlanes': [],
 'symmetrySurfaces': None,
 'useRotations': True,
 'zeroCornerRotations': True}
I/O    : uncollated
Case   : /home/dafoamuser/mount/A5_ubend_pressureloss
nProcs : 4
Hosts  :
(
    (ip-172-31-43-247 4)
)
Pstream initialized with:
    node communication : off [type=host] (4 ranks, 1 nodes)
    topology controls  : none
    consensus exchange : 0 (tuning: 0)
    exchange algorithm : 0
    commsType          : nonBlocking
    polling iterations : 0
Reading the OpenFOAM mesh..
Overriding DebugSwitches according to controlDict
    SolverPerformance 0;

Checking if we need to compress the mesh files
Checking if we need to compress the mesh files
#------------------------------#
 Total Volume Nodes :      6336 
#------------------------------#
Finalising parallel run
I/O    : uncollated
+-------------------- Symmetry Planes -------------------+
|           Point                        Normal          |
+--------------------------------------------------------+
#--------------------------------#
 Unique Surface Nodes :      1479 
#--------------------------------#
 Computing Denominator Estimate...
 Load Balancing...
 Finished Mesh Initialization.
OrderedDict([('inlet', [0]), ('outlet', [1]), ('procBoundary0to1', [2]), ('procBoundary0to2', [3]), ('sym', [4]), ('ubend', [5]), ('ubendup', [6]), ('allSurfaces', [0, 1, 2, 3, 4, 5, 6]), ('allWalls', [5, 6]), ('designSurfaces', [5])])
dRdWT Jacobian Free created!
/home/dafoamuser/dafoam/packages/miniconda3/lib/python3.10/site-packages/openmdao/core/component.py:140: OMDeprecationWarning:'scenario.aero_post.functionals' <class DAFoamFunctions>: It appears this component mixes distributed/non-distributed inputs and outputs, so it may break starting with OpenMDAO 3.25, where the convention used when passing data between distributed and non-distributed inputs and outputs within a matrix free component will change. See https://github.com/OpenMDAO/POEMs/blob/master/POEM_075.md for details.
/home/dafoamuser/dafoam/packages/miniconda3/lib/python3.10/site-packages/openmdao/core/component.py:140: OMDeprecationWarning:'scenario.aero_post.functionals' <class DAFoamFunctions>: It appears this component mixes distributed/non-distributed inputs and outputs, so it may break starting with OpenMDAO 3.25, where the convention used when passing data between distributed and non-distributed inputs and outputs within a matrix free component will change. See https://github.com/OpenMDAO/POEMs/blob/master/POEM_075.md for details.
/home/dafoamuser/dafoam/packages/miniconda3/lib/python3.10/site-packages/openmdao/core/component.py:140: OMDeprecationWarning:'scenario.aero_post.functionals' <class DAFoamFunctions>: It appears this component mixes distributed/non-distributed inputs and outputs, so it may break starting with OpenMDAO 3.25, where the convention used when passing data between distributed and non-distributed inputs and outputs within a matrix free component will change. See https://github.com/OpenMDAO/POEMs/blob/master/POEM_075.md for details.
/home/dafoamuser/dafoam/packages/miniconda3/lib/python3.10/site-packages/openmdao/core/component.py:140: OMDeprecationWarning:'scenario.aero_post.functionals' <class DAFoamFunctions>: It appears this component mixes distributed/non-distributed inputs and outputs, so it may break starting with OpenMDAO 3.25, where the convention used when passing data between distributed and non-distributed inputs and outputs within a matrix free component will change. See https://github.com/OpenMDAO/POEMs/blob/master/POEM_075.md for details.
DAInputVolCoord. 
Setting volume coordinates. 
Checking mesh quality for time = 0
    Overall domain bounding box (-1.338980954506319e-16 -0.09450000000000007 -3.272939177209413e-24) (0.8445000000000003 0.09450000000000008 0.03750000000000003)
    Mesh has 3 geometric (non-empty/wedge) directions (1 1 1)
    Mesh has 3 solution (non-empty) directions (1 1 1)
    Boundary openness (2.977902039679631e-18 -7.23690792612526e-18 2.512263050029231e-17) OK.
    Max cell openness = 3.581744559210832e-16 OK.
    Max aspect ratio = 69.08288552235946 OK.
    Minimum face area = 1.673117705410074e-06. Maximum face area = 0.001155837989117209.  Face area magnitudes OK.
    Min volume = 5.879985003004503e-09. Max volume = 1.30921460452209e-05.  Total volume = 0.004719833522667712.  Cell volumes OK.
    Mesh non-orthogonality Max: 3.51228284500386 average: 0.2800796231392331
    Non-orthogonality check OK.
    Face pyramids OK.
    Max skewness = 0.2181261527754675 OK.
    Coupled point location match (average 0) OK.

Mesh OK.

Running Primal Solver 001
Previous solution time -1e+10 not found and nothing deleted.
No finite volume options present

Starting time loop

Time = 1

U0 initRes: 0.999999999993625 finalRes: 0.005503580489130726 nIters: 8
U1 initRes: 1 finalRes: 0.005974512323005046 nIters: 4
U2 initRes: 1 finalRes: 0.002340340813116363 nIters: 8
p initRes: 1 finalRes: 0.00884094193862512 nIters: 42
Time step continuity errors : sum local = 0.1392653657574015
                                 global = -0.0119037485990343
                             cumulative = -0.0119037485990343
T initRes: 0.9999999999276966 finalRes: 0.004546904075155551 nIters: 8
nuTilda initRes: 0.9999999999999769 finalRes: 0.008632007154426108 nIters: 2
TP1: 2892.756136446365 final: 2892.756136446365
TP2: 9.002371811822767 final: 9.002371811822767
HFX: 585.7324704212515 final: 585.7324704212515
yPlus min: 16.54694732050931 max: 36.88161306583751 mean: 25.37154806789179
ExecutionTime = 0.71 s  ClockTime = 1 s

Time = 100

U0 initRes: 6.679812285400481e-05 finalRes: 2.931392973773785e-07 nIters: 6
U1 initRes: 9.045166396532617e-05 finalRes: 2.745130869753085e-07 nIters: 6
U2 initRes: 0.0003988119515958475 finalRes: 8.330431722146947e-07 nIters: 6
p initRes: 0.001665397509711678 finalRes: 1.35255889033747e-05 nIters: 9
Time step continuity errors : sum local = 0.0002300652980546362
                                 global = -1.463677214702923e-05
                             cumulative = -0.01191838537118133
T initRes: 7.336462184997486e-05 finalRes: 3.279928372878275e-07 nIters: 6
nuTilda initRes: 0.0004402227181834692 finalRes: 2.242797770372441e-06 nIters: 4
TP1: 88.05097145297009 final: 88.05097145297009
TP2: 35.7674777938353 final: 35.7674777938353
HFX: 301.9162985110335 final: 301.9162985110335
yPlus min: 1.827967409236919 max: 55.33993316508636 mean: 23.67153346865724
ExecutionTime = 1.45 s  ClockTime = 1 s

Time = 200

U0 initRes: 5.104916382136532e-06 finalRes: 2.02736618499415e-08 nIters: 6
U1 initRes: 9.656071035184762e-06 finalRes: 7.882533758152962e-08 nIters: 6
U2 initRes: 3.183091279272964e-05 finalRes: 1.041309749218707e-07 nIters: 6
p initRes: 0.0002543981482880179 finalRes: 1.598779134253381e-06 nIters: 4
Time step continuity errors : sum local = 2.720087546956419e-05
                                 global = 1.029146600706256e-06
                             cumulative = -0.01191735622458062
T initRes: 2.187756352916814e-05 finalRes: 1.185336024424135e-07 nIters: 6
nuTilda initRes: 0.0003657006613112685 finalRes: 8.301390832533004e-07 nIters: 4
TP1: 88.11748055884928 final: 88.11748055884928
TP2: 35.77312393748679 final: 35.77312393748679
HFX: 301.8116087996357 final: 301.8116087996357
yPlus min: 1.846582417425835 max: 55.3245226314893 mean: 23.67037800548572
ExecutionTime = 2.2 s  ClockTime = 2 s

Time = 300

U0 initRes: 2.371997929815198e-06 finalRes: 1.067717500458064e-08 nIters: 6
U1 initRes: 5.722950666765964e-06 finalRes: 1.700521423535316e-08 nIters: 8
U2 initRes: 1.618257508276351e-05 finalRes: 9.521539744881873e-08 nIters: 6
p initRes: 0.0002078964095998022 finalRes: 1.292075695814735e-06 nIters: 3
Time step continuity errors : sum local = 2.198035447109416e-05
                                 global = -1.374577167948017e-07
                             cumulative = -0.01191749368229741
T initRes: 1.875364938410548e-05 finalRes: 1.063277252102495e-07 nIters: 6
nuTilda initRes: 0.0003626739902412462 finalRes: 8.188611134532293e-07 nIters: 4
TP1: 88.11866337651317 final: 88.11866337651317
TP2: 35.77318550824088 final: 35.77318550824088
HFX: 301.8135339941407 final: 301.8135339941407
yPlus min: 1.845897403710907 max: 55.32503483078728 mean: 23.66997659216579
ExecutionTime = 2.63 s  ClockTime = 3 s

Time = 400

U0 initRes: 2.237257262282848e-06 finalRes: 1.005927135363146e-08 nIters: 6
U1 initRes: 5.520404795337227e-06 finalRes: 1.700408044445468e-08 nIters: 8
U2 initRes: 1.549223106154775e-05 finalRes: 9.458310691105425e-08 nIters: 6
p initRes: 0.0002057227161449769 finalRes: 1.27528773345548e-06 nIters: 3
Time step continuity errors : sum local = 2.16948475091088e-05
                                 global = -1.581527028601761e-07
                             cumulative = -0.01191765183500027
T initRes: 1.863521621473145e-05 finalRes: 1.054226851025611e-07 nIters: 6
nuTilda initRes: 0.0003620196586941149 finalRes: 8.165852841940378e-07 nIters: 4
TP1: 88.11833032633352 final: 88.11833032633352
TP2: 35.77316641709528 final: 35.77316641709528
HFX: 301.8136433868036 final: 301.8136433868036
yPlus min: 1.845862925942634 max: 55.32503729363471 mean: 23.66998958089089
ExecutionTime = 3.07 s  ClockTime = 3 s

Time = 500

U0 initRes: 2.236455983044562e-06 finalRes: 1.005779457811922e-08 nIters: 6
U1 initRes: 5.524649913187904e-06 finalRes: 1.70087563817111e-08 nIters: 8
U2 initRes: 1.548643274173301e-05 finalRes: 9.454975707619833e-08 nIters: 6
p initRes: 0.0002056808232218847 finalRes: 1.265904764365217e-06 nIters: 3
Time step continuity errors : sum local = 2.153523143769989e-05
                                 global = -1.447321927573704e-07
                             cumulative = -0.01191779656719303
T initRes: 1.863018593920821e-05 finalRes: 1.055005014902443e-07 nIters: 6
nuTilda initRes: 0.0003620105026298441 finalRes: 8.160644987333966e-07 nIters: 4
TP1: 88.11834475835944 final: 88.11834475835944
TP2: 35.77316762949725 final: 35.77316762949725
HFX: 301.8136228504655 final: 301.8136228504655
yPlus min: 1.845868490382869 max: 55.32503426241472 mean: 23.6699900922141
ExecutionTime = 3.48 s  ClockTime = 4 s

Time = 600

U0 initRes: 2.236373294459751e-06 finalRes: 1.005581172943499e-08 nIters: 6
U1 initRes: 5.524677271482318e-06 finalRes: 1.700814102334451e-08 nIters: 8
U2 initRes: 1.548649851945424e-05 finalRes: 9.455222070914757e-08 nIters: 6
p initRes: 0.0002056814733723876 finalRes: 1.265833822588343e-06 nIters: 3
Time step continuity errors : sum local = 2.153402405218183e-05
                                 global = -1.45346063692318e-07
                             cumulative = -0.01191794191325672
T initRes: 1.86300823494754e-05 finalRes: 1.054988597874792e-07 nIters: 6
nuTilda initRes: 0.0003620108321677064 finalRes: 8.16058877036137e-07 nIters: 4
TP1: 88.11834525668041 final: 88.11834525668041
TP2: 35.77316763744859 final: 35.77316763744859
HFX: 301.813623493605 final: 301.813623493605
yPlus min: 1.845868333174695 max: 55.32503440682434 mean: 23.6699900182735
ExecutionTime = 3.89 s  ClockTime = 4 s

Time = 700

U0 initRes: 2.236362185859508e-06 finalRes: 1.005586842850095e-08 nIters: 6
U1 initRes: 5.524653006617551e-06 finalRes: 1.700815409129998e-08 nIters: 8
U2 initRes: 1.548646991770329e-05 finalRes: 9.455221695488094e-08 nIters: 6
p initRes: 0.0002056814998200227 finalRes: 1.265859241728707e-06 nIters: 3
Time step continuity errors : sum local = 2.153445644078781e-05
                                 global = -1.45364610777146e-07
                             cumulative = -0.0119180872778675
T initRes: 1.863008977340054e-05 finalRes: 1.054986272375686e-07 nIters: 6
nuTilda initRes: 0.00036201074692029 finalRes: 8.160610992879434e-07 nIters: 4
TP1: 88.11834517709379 final: 88.11834517709379
TP2: 35.77316763251362 final: 35.77316763251362
HFX: 301.8136235369376 final: 301.8136235369376
yPlus min: 1.845868320495804 max: 55.32503441066882 mean: 23.66999002017268
ExecutionTime = 4.32 s  ClockTime = 4 s

Time = 800

U0 initRes: 2.236362843732608e-06 finalRes: 1.005587262501766e-08 nIters: 6
U1 initRes: 5.524654057494672e-06 finalRes: 1.700815572766499e-08 nIters: 8
U2 initRes: 1.548647082952712e-05 finalRes: 9.455220793380084e-08 nIters: 6
p initRes: 0.0002056814951029755 finalRes: 1.265858191227791e-06 nIters: 3
Time step continuity errors : sum local = 2.1534438550912e-05
                                 global = -1.453614342216699e-07
                             cumulative = -0.01191823263930172
T initRes: 1.863008929052638e-05 finalRes: 1.054986449664136e-07 nIters: 6
nuTilda initRes: 0.0003620107495522348 finalRes: 8.160610051540819e-07 nIters: 4
TP1: 88.11834517933733 final: 88.11834517933733
TP2: 35.77316763273956 final: 35.77316763273956
HFX: 301.8136235322887 final: 301.8136235322887
yPlus min: 1.845868321741571 max: 55.32503440992945 mean: 23.66999002035141
ExecutionTime = 4.8 s  ClockTime = 5 s

Time = 900

U0 initRes: 2.2363628504005e-06 finalRes: 1.00558721867579e-08 nIters: 6
U1 initRes: 5.524654094410891e-06 finalRes: 1.700815558913943e-08 nIters: 8
U2 initRes: 1.548647088731935e-05 finalRes: 9.455220841586874e-08 nIters: 6
p initRes: 0.0002056814952429068 finalRes: 1.265858153483746e-06 nIters: 3
Time step continuity errors : sum local = 2.153443793632198e-05
                                 global = -1.453615144895668e-07
                             cumulative = -0.01191837800081621
T initRes: 1.86300892871694e-05 finalRes: 1.054986451605043e-07 nIters: 6
nuTilda initRes: 0.0003620107497222871 finalRes: 8.160610016926344e-07 nIters: 4
TP1: 88.11834517951668 final: 88.11834517951668
TP2: 35.77316763274566 final: 35.77316763274566
HFX: 301.8136235323658 final: 301.8136235323658
yPlus min: 1.845868321720509 max: 55.32503440995296 mean: 23.66999002033481
ExecutionTime = 5.22 s  ClockTime = 6 s

Time = 1000

U0 initRes: 2.236362847850042e-06 finalRes: 1.005587219885276e-08 nIters: 6
U1 initRes: 5.524654088513985e-06 finalRes: 1.700815559942499e-08 nIters: 8
U2 initRes: 1.548647088185151e-05 finalRes: 9.455220842500718e-08 nIters: 6
p initRes: 0.0002056814952601221 finalRes: 1.265858159739917e-06 nIters: 3
Time step continuity errors : sum local = 2.153443803936833e-05
                                 global = -1.453615440716389e-07
                             cumulative = -0.01191852336236028
T initRes: 1.863008928920369e-05 finalRes: 1.054986458392478e-07 nIters: 6
nuTilda initRes: 0.0003620107497036949 finalRes: 8.160610022124183e-07 nIters: 4
TP1: 88.11834517947648 final: 88.11834517947648
TP2: 35.77316763274409 final: 35.77316763274409
HFX: 301.8136235323793 final: 301.8136235323793
yPlus min: 1.845868321717047 max: 55.32503440995477 mean: 23.66999002033509
ExecutionTime = 5.63 s  ClockTime = 6 s

End

Moving time 1000 to 0.0001
Printing Primal Residual Statistics.
U Residual Norm2: (28.35211937936909 24.904504376602 11.6306243824822)
U Residual Mean: (0.04086352736132123 0.03277048929688463 0.0152708783465822)
U Residual Max: (12.97873397390753 11.00957853825641 8.191054470117992)
p Residual Norm2: 8.19651084010559
p Residual Mean: 0.01414693021350839
p Residual Max: 2.84916637101884
T Residual Norm2: 43.50353040787174
T Residual Mean: 0.051413524071668
T Residual Max: 20.59907084725209
nuTilda Residual Norm2: 0.4913723805388732
nuTilda Residual Mean: 0.0004757770440806362
nuTilda Residual Max: 0.2386495399136929
phi Residual Norm2: 0.04816627726458256
phi Residual Mean: 2.604026480026338e-05
phi Residual Max: 0.02972873370674287
Total Residual Norm2: 59.32395932319239
 
 
Computing d[TP1]/d[aero_states]^T * psi 5.33 s
Computing d[TP1]/d[aero_vol_coords]^T * psi 5.35 s
Computing d[TP2]/d[aero_states]^T * psi 5.45 s
Computing d[TP2]/d[aero_vol_coords]^T * psi 5.45 s
Checking if Coloring file exists..
dRdWColoring_4.bin exists.
Computing dRdWTPC 5.92 s
Initializing dRdWCon. 5.92 s
dRdWCon Created. 6.58 s
Reading Coloring dRdWColoring_4
Validating Coloring...
No Conflicting Colors Found!
Partial derivative matrix created. 6.68 s
dRdWTPC: 0 of 884, ExecutionTime: 6.69 s
dRdWTPC: 100 of 884, ExecutionTime: 7.36 s
dRdWTPC: 200 of 884, ExecutionTime: 8 s
dRdWTPC: 300 of 884, ExecutionTime: 8.640000000000001 s
dRdWTPC: 400 of 884, ExecutionTime: 9.300000000000001 s
dRdWTPC: 500 of 884, ExecutionTime: 9.960000000000001 s
dRdWTPC: 600 of 884, ExecutionTime: 10.62 s
dRdWTPC: 700 of 884, ExecutionTime: 11.26 s
dRdWTPC: 800 of 884, ExecutionTime: 11.95 s
dRdWTPC: 883 of 884, ExecutionTime: 12.46 s
Solver Type: gmres
GMRES Restart: 3000
ASM Overlap: 1
Global PC Iters: 0
Local PC Iters: 1
Mat ReOrdering: natural
ILU PC Fill Level: 2
GMRES Max Iterations: 3000
GMRES Relative Tolerance: 1e-05
GMRES Absolute Tolerance: 1e-14
Solving Linear Equation... 12.22 s
Main iteration 0 KSP Residual norm 1.243721315666e+01 14.86 s. 
Main iteration 87 KSP Residual norm 8.754306860498e-05 17.39 s 
**Completed**! Total iterations: 87. PetscConvergedReason: 2. 17.39 s
Residual tolerance satisfied, solution finished!
Computing d[aero_residuals]/d[aero_vol_coords]^T * psi 17.41 s
DAInputVolCoord. 
Setting volume coordinates. 
Checking mesh quality for time = 1000
    Overall domain bounding box (8.917198278961011e-39 -0.09450000000000007 -2.752527315348913e-08) (0.8445000000000003 0.09450000000000008 0.03750000000000003)
    Mesh has 3 geometric (non-empty/wedge) directions (1 1 1)
    Mesh has 3 solution (non-empty) directions (1 1 1)
    Boundary openness (9.315797549333348e-19 -2.880379703465109e-18 -8.395110118389274e-17) OK.
    Max cell openness = 3.988437573256173e-16 OK.
    Max aspect ratio = 69.08288552240532 OK.
    Minimum face area = 1.673117694429413e-06. Maximum face area = 0.001155838053996298.  Face area magnitudes OK.
    Min volume = 5.879984880404635e-09. Max volume = 1.309214665129115e-05.  Total volume = 0.00471983358979221.  Cell volumes OK.
    Mesh non-orthogonality Max: 3.51232932889511 average: 0.2800800467233993
    Non-orthogonality check OK.
    Face pyramids OK.
    Max skewness = 0.2181261550882858 OK.
    Coupled point location match (average 0) OK.

Mesh OK.

Running Primal Solver 002
Previous solution time 1000 not found and nothing deleted.
No finite volume options present

Starting time loop

Time = 1

U0 initRes: 2.1684089254433e-06 finalRes: 1.017615142444002e-08 nIters: 6
U1 initRes: 5.596823015411773e-06 finalRes: 1.715362561376821e-08 nIters: 8
U2 initRes: 1.700593737370274e-05 finalRes: 9.552609832109575e-08 nIters: 6
p initRes: 0.0002148532427807161 finalRes: 1.0101421655766e-06 nIters: 3
Time step continuity errors : sum local = 1.718519895127e-05
                                 global = -8.543094796927068e-07
                             cumulative = -0.01191937767183998
T initRes: 1.786165394753993e-05 finalRes: 1.050728639155252e-07 nIters: 6
nuTilda initRes: 0.0002097782689707558 finalRes: 9.263522164687948e-07 nIters: 4
TP1: 88.11830077545575 final: 88.11830077545575
TP2: 35.77316545831474 final: 35.77316545831474
HFX: 301.8092285032306 final: 301.8092285032306
yPlus min: 1.854445791382285 max: 55.32497544543192 mean: 23.67035550687023
ExecutionTime = 18.02 s  ClockTime = 19 s

Time = 100

U0 initRes: 2.247518409980653e-06 finalRes: 1.006121533816254e-08 nIters: 6
U1 initRes: 5.522571198510255e-06 finalRes: 1.700581978915336e-08 nIters: 8
U2 initRes: 1.550963244175384e-05 finalRes: 9.486044415376583e-08 nIters: 6
p initRes: 0.0002056506546988158 finalRes: 7.508260238838394e-07 nIters: 3
Time step continuity errors : sum local = 1.277279232381669e-05
                                 global = 1.177067129314593e-08
                             cumulative = -0.01191936590116868
T initRes: 1.865495660078285e-05 finalRes: 1.055391069882542e-07 nIters: 6
nuTilda initRes: 0.0003620855655278185 finalRes: 8.160790749205409e-07 nIters: 4
TP1: 88.11838412382158 final: 88.11838412382158
TP2: 35.77317415180531 final: 35.77317415180531
HFX: 301.8129809234225 final: 301.8129809234225
yPlus min: 1.84535554203647 max: 55.3250071666378 mean: 23.66995742619348
ExecutionTime = 18.44 s  ClockTime = 19 s

Time = 200

U0 initRes: 2.245614126880375e-06 finalRes: 1.003308771298549e-08 nIters: 6
U1 initRes: 5.522518184264227e-06 finalRes: 1.699873072548951e-08 nIters: 8
U2 initRes: 1.550790683760914e-05 finalRes: 9.488156581600686e-08 nIters: 6
p initRes: 0.0002056421011109314 finalRes: 7.502243614729944e-07 nIters: 3
Time step continuity errors : sum local = 1.276255359306338e-05
                                 global = 1.221879524970274e-08
                             cumulative = -0.01191935368237343
T initRes: 1.865170924785827e-05 finalRes: 1.055268271642853e-07 nIters: 6
nuTilda initRes: 0.0003620869818078545 finalRes: 8.159912750722357e-07 nIters: 4
TP1: 88.11839014271081 final: 88.11839014271081
TP2: 35.77317433949189 final: 35.77317433949189
HFX: 301.8129873055153 final: 301.8129873055153
yPlus min: 1.845354072560211 max: 55.3250087396109 mean: 23.66995652238148
ExecutionTime = 18.87 s  ClockTime = 20 s

Time = 300

U0 initRes: 2.245501734883158e-06 finalRes: 1.003431688263735e-08 nIters: 6
U1 initRes: 5.522251578645402e-06 finalRes: 1.699882979606285e-08 nIters: 8
U2 initRes: 1.550769998596859e-05 finalRes: 9.488158249581269e-08 nIters: 6
p initRes: 0.0002056425047808341 finalRes: 7.504429426277831e-07 nIters: 3
Time step continuity errors : sum local = 1.276627206607296e-05
                                 global = 1.202304080041066e-08
                             cumulative = -0.01191934165933263
T initRes: 1.865177549942981e-05 finalRes: 1.055237998319232e-07 nIters: 6
nuTilda initRes: 0.0003620857548069498 finalRes: 8.160158724334749e-07 nIters: 4
TP1: 88.1183892670032 final: 88.1183892670032
TP2: 35.77317428308894 final: 35.77317428308894
HFX: 301.8129878652961 final: 301.8129878652961
yPlus min: 1.845353903617319 max: 55.32500880204765 mean: 23.66995653749732
ExecutionTime = 19.28 s  ClockTime = 20 s

Time = 400

U0 initRes: 2.245505147893305e-06 finalRes: 1.003435027442867e-08 nIters: 6
U1 initRes: 5.522261770551534e-06 finalRes: 1.699885056097827e-08 nIters: 8
U2 initRes: 1.550769598455512e-05 finalRes: 9.488149281433988e-08 nIters: 6
p initRes: 0.0002056424656152898 finalRes: 7.504318447054843e-07 nIters: 3
Time step continuity errors : sum local = 1.276608331511072e-05
                                 global = 1.203362489308411e-08
                             cumulative = -0.01191932962570774
T initRes: 1.865176999829604e-05 finalRes: 1.05523982892905e-07 nIters: 6
nuTilda initRes: 0.0003620857690832817 finalRes: 8.160150432187389e-07 nIters: 4
TP1: 88.11838928387795 final: 88.11838928387795
TP2: 35.77317428486415 final: 35.77317428486415
HFX: 301.8129878171235 final: 301.8129878171235
yPlus min: 1.84535391649909 max: 55.32500879390051 mean: 23.66995653984421
ExecutionTime = 19.76 s  ClockTime = 21 s

Time = 500

U0 initRes: 2.245505315021062e-06 finalRes: 1.003434416867231e-08 nIters: 6
U1 initRes: 5.522262232505496e-06 finalRes: 1.699884922342361e-08 nIters: 8
U2 initRes: 1.55076968441896e-05 finalRes: 9.48814970714349e-08 nIters: 6
p initRes: 0.0002056424658527775 finalRes: 7.504316193773462e-07 nIters: 3
Time step continuity errors : sum local = 1.276607948356834e-05
                                 global = 1.203369693246528e-08
                             cumulative = -0.01191931759201081
T initRes: 1.865176992275947e-05 finalRes: 1.055239861425016e-07 nIters: 6
nuTilda initRes: 0.0003620857720163551 finalRes: 8.160149892989134e-07 nIters: 4
TP1: 88.11838928629622 final: 88.11838928629622
TP2: 35.77317428498998 final: 35.77317428498998
HFX: 301.8129878173745 final: 301.8129878173745
yPlus min: 1.845353916512933 max: 55.32500879406383 mean: 23.66995653967648
ExecutionTime = 20.2 s  ClockTime = 21 s

Time = 600

U0 initRes: 2.245505293802605e-06 finalRes: 1.003434433377247e-08 nIters: 6
U1 initRes: 5.522262171875151e-06 finalRes: 1.699884921262495e-08 nIters: 8
U2 initRes: 1.550769681686258e-05 finalRes: 9.488149720427964e-08 nIters: 6
p initRes: 0.0002056424659796547 finalRes: 7.50431674173462e-07 nIters: 3
Time step continuity errors : sum local = 1.276608048445844e-05
                                 global = 1.203366100743877e-08
                             cumulative = -0.0119193055583498
T initRes: 1.86517699481182e-05 finalRes: 1.055239849468586e-07 nIters: 6
nuTilda initRes: 0.0003620857718166055 finalRes: 8.160149949746929e-07 nIters: 4
TP1: 88.1183892861436 final: 88.1183892861436
TP2: 35.77317428497651 final: 35.77317428497651
HFX: 301.8129878175408 final: 301.8129878175408
yPlus min: 1.845353916465046 max: 55.32500879408614 mean: 23.6699565396757
ExecutionTime = 20.63 s  ClockTime = 22 s

Time = 700

U0 initRes: 2.245505293706173e-06 finalRes: 1.003434434486009e-08 nIters: 6
U1 initRes: 5.522262172903916e-06 finalRes: 1.699884921693406e-08 nIters: 8
U2 initRes: 1.550769681539074e-05 finalRes: 9.488149718575339e-08 nIters: 6
p initRes: 0.000205642465969386 finalRes: 7.504316734249866e-07 nIters: 3
Time step continuity errors : sum local = 1.276608045709419e-05
                                 global = 1.203370905401398e-08
                             cumulative = -0.01191929352464074
T initRes: 1.865176994657044e-05 finalRes: 1.055239845138115e-07 nIters: 6
nuTilda initRes: 0.0003620857718152531 finalRes: 8.160149949108234e-07 nIters: 4
TP1: 88.11838928613274 final: 88.11838928613274
TP2: 35.77317428497706 final: 35.77317428497706
HFX: 301.8129878175331 final: 301.8129878175331
yPlus min: 1.845353916466656 max: 55.32500879408479 mean: 23.66995653967646
ExecutionTime = 21.05 s  ClockTime = 22 s

Time = 800

U0 initRes: 2.245505294070824e-06 finalRes: 1.003434435226698e-08 nIters: 6
U1 initRes: 5.522262173347984e-06 finalRes: 1.699884920879955e-08 nIters: 8
U2 initRes: 1.550769681507046e-05 finalRes: 9.488149718048113e-08 nIters: 6
p initRes: 0.0002056424659733885 finalRes: 7.504316695527356e-07 nIters: 3
Time step continuity errors : sum local = 1.276608035075081e-05
                                 global = 1.203364671213717e-08
                             cumulative = -0.01191928149099403
T initRes: 1.86517699467065e-05 finalRes: 1.055239848845362e-07 nIters: 6
nuTilda initRes: 0.0003620857718160244 finalRes: 8.160149948969421e-07 nIters: 4
TP1: 88.11838928612161 final: 88.11838928612161
TP2: 35.77317428497636 final: 35.77317428497636
HFX: 301.8129878175317 final: 301.8129878175317
yPlus min: 1.845353916465219 max: 55.32500879408447 mean: 23.6699565396763
ExecutionTime = 21.48 s  ClockTime = 23 s

Time = 900

U0 initRes: 2.245505294858322e-06 finalRes: 1.003434435793438e-08 nIters: 6
U1 initRes: 5.522262174020186e-06 finalRes: 1.699884920608005e-08 nIters: 8
U2 initRes: 1.550769681563274e-05 finalRes: 9.488149717939527e-08 nIters: 6
p initRes: 0.0002056424659783548 finalRes: 7.504316568142047e-07 nIters: 3
Time step continuity errors : sum local = 1.276608002150631e-05
                                 global = 1.203349253015524e-08
                             cumulative = -0.0119192694575015
T initRes: 1.865176994734089e-05 finalRes: 1.055239853696449e-07 nIters: 6
nuTilda initRes: 0.0003620857718160231 finalRes: 8.160149948856505e-07 nIters: 4
TP1: 88.11838928609973 final: 88.11838928609973
TP2: 35.77317428497661 final: 35.77317428497661
HFX: 301.8129878175334 final: 301.8129878175334
yPlus min: 1.845353916463951 max: 55.32500879408472 mean: 23.66995653967631
ExecutionTime = 21.91 s  ClockTime = 23 s

Time = 1000

U0 initRes: 2.2455052944123e-06 finalRes: 1.003434435267254e-08 nIters: 6
U1 initRes: 5.522262173530784e-06 finalRes: 1.699884921189776e-08 nIters: 8
U2 initRes: 1.55076968155689e-05 finalRes: 9.488149718236585e-08 nIters: 6
p initRes: 0.000205642465977056 finalRes: 7.504316630763339e-07 nIters: 3
Time step continuity errors : sum local = 1.276608019661349e-05
                                 global = 1.203348803909368e-08
                             cumulative = -0.01191925742401346
T initRes: 1.865176994600586e-05 finalRes: 1.05523984795731e-07 nIters: 6
nuTilda initRes: 0.0003620857718158245 finalRes: 8.160149948928618e-07 nIters: 4
TP1: 88.11838928612198 final: 88.11838928612198
TP2: 35.77317428497606 final: 35.77317428497606
HFX: 301.812987817532 final: 301.812987817532
yPlus min: 1.845353916464681 max: 55.32500879408455 mean: 23.66995653967627
ExecutionTime = 22.34 s  ClockTime = 23 s

End

Moving time 1000 to 0.0002
Printing Primal Residual Statistics.
U Residual Norm2: (28.34976036755311 24.90648660119972 11.62361306373573)
U Residual Mean: (0.04089087945678932 0.0327408248147446 0.01525215775168932)
U Residual Max: (12.97970804081825 11.01084853336583 8.186580036861661)
p Residual Norm2: 8.196970913501678
p Residual Mean: 0.01414362406953346
p Residual Max: 2.849540123307016
T Residual Norm2: 43.50845412832769
T Residual Mean: 0.05142907825476284
T Residual Max: 20.6015085414016
nuTilda Residual Norm2: 0.491393078404245
nuTilda Residual Mean: 0.0004757575442998534
nuTilda Residual Max: 0.238661410759176
phi Residual Norm2: 0.04815243055560413
phi Residual Mean: 2.610404672049581e-05
phi Residual Max: 0.02971904535099017
Total Residual Norm2: 59.32596452630614
 
 
DAInputVolCoord. 
Setting volume coordinates. 
Checking mesh quality for time = 1000
    Overall domain bounding box (-4.445109586403764e-10 -0.09450000000000007 -3.504050197321361e-09) (0.8445000000000003 0.09450000000000008 0.03750000000000003)
    Mesh has 3 geometric (non-empty/wedge) directions (1 1 1)
    Mesh has 3 solution (non-empty) directions (1 1 1)
    Boundary openness (6.087175710908525e-18 -2.586650961909238e-18 -1.46281403062478e-16) OK.
    Max cell openness = 3.406273143861826e-16 OK.
    Max aspect ratio = 69.08288552239415 OK.
    Minimum face area = 1.673117660776228e-06. Maximum face area = 0.001155837991031482.  Face area magnitudes OK.
    Min volume = 5.879984991386832e-09. Max volume = 1.309214606086955e-05.  Total volume = 0.004719833455541323.  Cell volumes OK.
    Mesh non-orthogonality Max: 3.512317823875902 average: 0.280089307637498
    Non-orthogonality check OK.
    Face pyramids OK.
    Max skewness = 0.2181296714805641 OK.
    Coupled point location match (average 0) OK.

Mesh OK.

Running Primal Solver 003
Previous solution time 1000 not found and nothing deleted.
No finite volume options present

Starting time loop

Time = 1

U0 initRes: 2.183163491311333e-06 finalRes: 1.015496901536075e-08 nIters: 6
U1 initRes: 5.807746601742406e-06 finalRes: 1.709937801474434e-08 nIters: 8
U2 initRes: 1.882953867828927e-05 finalRes: 9.606401231410421e-08 nIters: 6
p initRes: 0.0002212486835454404 finalRes: 1.722720480868032e-06 nIters: 4
Time step continuity errors : sum local = 2.930789760671818e-05
                                 global = 4.849681275353899e-09
                             cumulative = -0.01191925257433219
T initRes: 1.795945315764683e-05 finalRes: 1.051081772390295e-07 nIters: 6
nuTilda initRes: 0.0002098065382481354 finalRes: 9.266343837344963e-07 nIters: 4
TP1: 88.11911990388704 final: 88.11911990388704
TP2: 35.77317439312051 final: 35.77317439312051
HFX: 301.8085548593019 final: 301.8085548593019
yPlus min: 1.853874244655338 max: 55.32512758027171 mean: 23.67032325306341
ExecutionTime = 22.46 s  ClockTime = 24 s

Time = 100

U0 initRes: 2.240325893473617e-06 finalRes: 1.000786297351069e-08 nIters: 6
U1 initRes: 5.52675232685531e-06 finalRes: 1.698788853923159e-08 nIters: 8
U2 initRes: 1.550013784376352e-05 finalRes: 9.45885665259942e-08 nIters: 6
p initRes: 0.0002057262356537301 finalRes: 1.225728729307929e-06 nIters: 3
Time step continuity errors : sum local = 2.085185750580013e-05
                                 global = 3.164633249363359e-09
                             cumulative = -0.01191924940969894
T initRes: 1.863771978444606e-05 finalRes: 1.054941759736607e-07 nIters: 6
nuTilda initRes: 0.0003620083250364783 finalRes: 8.160003978088983e-07 nIters: 4
TP1: 88.11828286390073 final: 88.11828286390073
TP2: 35.7731615553045 final: 35.7731615553045
HFX: 301.8142724216813 final: 301.8142724216813
yPlus min: 1.846353469025881 max: 55.32506331440558 mean: 23.67002159571381
ExecutionTime = 22.88 s  ClockTime = 24 s

Time = 200

U0 initRes: 2.236577114621287e-06 finalRes: 1.003982181712536e-08 nIters: 6
U1 initRes: 5.52344032860863e-06 finalRes: 1.700099419253733e-08 nIters: 8
U2 initRes: 1.548446708856205e-05 finalRes: 9.453501018124298e-08 nIters: 6
p initRes: 0.0002056683057319539 finalRes: 1.226782448940693e-06 nIters: 3
Time step continuity errors : sum local = 2.086979428769072e-05
                                 global = 2.335417243278228e-09
                             cumulative = -0.01191924707428169
T initRes: 1.863134279574547e-05 finalRes: 1.055043461442691e-07 nIters: 6
nuTilda initRes: 0.0003619857864059785 finalRes: 8.161009680014623e-07 nIters: 4
TP1: 88.11826935748159 final: 88.11826935748159
TP2: 35.77316094299502 final: 35.77316094299502
HFX: 301.8142597883913 final: 301.8142597883913
yPlus min: 1.846356485263598 max: 55.32506015169034 mean: 23.67002342026602
ExecutionTime = 23.32 s  ClockTime = 24 s

Time = 300

U0 initRes: 2.236708795401904e-06 finalRes: 1.004030485520321e-08 nIters: 6
U1 initRes: 5.52391906572034e-06 finalRes: 1.700075809212804e-08 nIters: 8
U2 initRes: 1.548484607837222e-05 finalRes: 9.453474518515068e-08 nIters: 6
p initRes: 0.0002056671110564457 finalRes: 1.22583672982931e-06 nIters: 3
Time step continuity errors : sum local = 2.08537056448339e-05
                                 global = 2.445045827381074e-09
                             cumulative = -0.01191924462923587
T initRes: 1.863101583545733e-05 finalRes: 1.055097869684696e-07 nIters: 6
nuTilda initRes: 0.0003619861423201023 finalRes: 8.160518666082464e-07 nIters: 4
TP1: 88.11827105945102 final: 88.11827105945102
TP2: 35.77316105171073 final: 35.77316105171073
HFX: 301.814258720869 final: 301.814258720869
yPlus min: 1.846356794589934 max: 55.32506004097927 mean: 23.67002338561255
ExecutionTime = 23.75 s  ClockTime = 25 s

Time = 400

U0 initRes: 2.236697693343948e-06 finalRes: 1.004009210491659e-08 nIters: 6
U1 initRes: 5.523899977019093e-06 finalRes: 1.700071999700181e-08 nIters: 8
U2 initRes: 1.54848402196446e-05 finalRes: 9.453494117861523e-08 nIters: 6
p initRes: 0.0002056672048958916 finalRes: 1.225878720123311e-06 nIters: 3
Time step continuity errors : sum local = 2.085441998799601e-05
                                 global = 2.430431929368497e-09
                             cumulative = -0.01191924219880394
T initRes: 1.863102608653733e-05 finalRes: 1.055094116719637e-07 nIters: 6
nuTilda initRes: 0.0003619860825521114 finalRes: 8.160536932804978e-07 nIters: 4
TP1: 88.11827102078345 final: 88.11827102078345
TP2: 35.77316104802176 final: 35.77316104802176
HFX: 301.814258816952 final: 301.814258816952
yPlus min: 1.846356768863763 max: 55.32506005679284 mean: 23.67002338129927
ExecutionTime = 24.2 s  ClockTime = 25 s

Time = 500

U0 initRes: 2.23669716262651e-06 finalRes: 1.004009788077659e-08 nIters: 6
U1 initRes: 5.52389917111573e-06 finalRes: 1.700072276585387e-08 nIters: 8
U2 initRes: 1.548483875743994e-05 finalRes: 9.453493174309623e-08 nIters: 6
p initRes: 0.0002056672030693572 finalRes: 1.225879796325581e-06 nIters: 3
Time step continuity errors : sum local = 2.085443828294692e-05
                                 global = 2.43077473917849e-09
                             cumulative = -0.0119192397680292
T initRes: 1.863102608196222e-05 finalRes: 1.055094117796644e-07 nIters: 6
nuTilda initRes: 0.0003619860785873278 finalRes: 8.16053780281028e-07 nIters: 4
TP1: 88.11827101663565 final: 88.11827101663565
TP2: 35.77316104782069 final: 35.77316104782069
HFX: 301.8142588158184 final: 301.8142588158184
yPlus min: 1.846356769065629 max: 55.32506005637187 mean: 23.67002338164459
ExecutionTime = 24.64 s  ClockTime = 26 s

Time = 600

U0 initRes: 2.236697228232903e-06 finalRes: 1.004009835053211e-08 nIters: 6
U1 initRes: 5.523899282083663e-06 finalRes: 1.700072276144907e-08 nIters: 8
U2 initRes: 1.54848388519056e-05 finalRes: 9.453493150495336e-08 nIters: 6
p initRes: 0.0002056672028226283 finalRes: 1.225879590580665e-06 nIters: 3
Time step continuity errors : sum local = 2.085443477273597e-05
                                 global = 2.430736342943609e-09
                             cumulative = -0.01191923733729286
T initRes: 1.86310260397413e-05 finalRes: 1.055094127343308e-07 nIters: 6
nuTilda initRes: 0.0003619860789743834 finalRes: 8.160537691360102e-07 nIters: 4
TP1: 88.11827101697584 final: 88.11827101697584
TP2: 35.77316104784526 final: 35.77316104784526
HFX: 301.8142588155266 final: 301.8142588155266
yPlus min: 1.846356769148501 max: 55.32506005633591 mean: 23.67002338164268
ExecutionTime = 25.33 s  ClockTime = 26 s

Time = 700

U0 initRes: 2.236697227129355e-06 finalRes: 1.004009831168398e-08 nIters: 6
U1 initRes: 5.52389927952343e-06 finalRes: 1.700072275070908e-08 nIters: 8
U2 initRes: 1.548483885291236e-05 finalRes: 9.4534931550359e-08 nIters: 6
p initRes: 0.0002056672028387978 finalRes: 1.22587959759645e-06 nIters: 3
Time step continuity errors : sum local = 2.08544349076397e-05
                                 global = 2.430735805875587e-09
                             cumulative = -0.01191923490655705
T initRes: 1.863102604155205e-05 finalRes: 1.05509412248199e-07 nIters: 6
nuTilda initRes: 0.0003619860789689418 finalRes: 8.160537693975846e-07 nIters: 4
TP1: 88.11827101697604 final: 88.11827101697604
TP2: 35.77316104784433 final: 35.77316104784433
HFX: 301.8142588155448 final: 301.8142588155448
yPlus min: 1.84635676914433 max: 55.32506005633928 mean: 23.67002338164148
ExecutionTime = 26.1 s  ClockTime = 27 s

Time = 800

U0 initRes: 2.236697227081554e-06 finalRes: 1.00400983060372e-08 nIters: 6
U1 initRes: 5.52389927886189e-06 finalRes: 1.700072275244089e-08 nIters: 8
U2 initRes: 1.548483885186398e-05 finalRes: 9.453493155317259e-08 nIters: 6
p initRes: 0.000205667202843695 finalRes: 1.225879595968799e-06 nIters: 3
Time step continuity errors : sum local = 2.085443488143053e-05
                                 global = 2.430695195524075e-09
                             cumulative = -0.01191923247586186
T initRes: 1.863102604270077e-05 finalRes: 1.055094118905149e-07 nIters: 6
nuTilda initRes: 0.0003619860789679766 finalRes: 8.16053769404414e-07 nIters: 4
TP1: 88.11827101696471 final: 88.11827101696471
TP2: 35.77316104784421 final: 35.77316104784421
HFX: 301.814258815544 final: 301.814258815544
yPlus min: 1.846356769143119 max: 55.32506005633903 mean: 23.67002338164144
ExecutionTime = 26.69 s  ClockTime = 28 s

Time = 900

U0 initRes: 2.236697227358763e-06 finalRes: 1.004009831163473e-08 nIters: 6
U1 initRes: 5.523899279201528e-06 finalRes: 1.700072275039051e-08 nIters: 8
U2 initRes: 1.548483885208318e-05 finalRes: 9.453493155298889e-08 nIters: 6
p initRes: 0.0002056672028430562 finalRes: 1.225879598671461e-06 nIters: 3
Time step continuity errors : sum local = 2.085443497606146e-05
                                 global = 2.430808922457954e-09
                             cumulative = -0.01191923004505293
T initRes: 1.863102604164578e-05 finalRes: 1.055094125063453e-07 nIters: 6
nuTilda initRes: 0.0003619860789680257 finalRes: 8.160537694134387e-07 nIters: 4
TP1: 88.11827101697639 final: 88.11827101697639
TP2: 35.77316104784408 final: 35.77316104784408
HFX: 301.8142588155439 final: 301.8142588155439
yPlus min: 1.846356769142485 max: 55.32506005633878 mean: 23.67002338164135
ExecutionTime = 27.16 s  ClockTime = 29 s

Time = 1000

U0 initRes: 2.236697227054909e-06 finalRes: 1.004009831146051e-08 nIters: 6
U1 initRes: 5.523899279238001e-06 finalRes: 1.700072275021737e-08 nIters: 8
U2 initRes: 1.548483885238355e-05 finalRes: 9.453493155957338e-08 nIters: 6
p initRes: 0.0002056672028388877 finalRes: 1.225879590215925e-06 nIters: 3
Time step continuity errors : sum local = 2.085443480086458e-05
                                 global = 2.430753579309216e-09
                             cumulative = -0.01191922761429935
T initRes: 1.863102604042513e-05 finalRes: 1.055094126755372e-07 nIters: 6
nuTilda initRes: 0.0003619860789679727 finalRes: 8.16053769420266e-07 nIters: 4
TP1: 88.11827101697109 final: 88.11827101697109
TP2: 35.77316104784411 final: 35.77316104784411
HFX: 301.8142588155444 final: 301.8142588155444
yPlus min: 1.8463567691426 max: 55.32506005633898 mean: 23.67002338164145
ExecutionTime = 27.59 s  ClockTime = 29 s

End

Moving time 1000 to 0.0003
Printing Primal Residual Statistics.
U Residual Norm2: (28.35153265990159 24.90396530559695 11.62976294686264)
U Residual Mean: (0.04085880504379664 0.03276275844362713 0.01527371426662268)
U Residual Max: (12.97906117794096 11.00925719429539 8.189580439850177)
p Residual Norm2: 8.196074953416687
p Residual Mean: 0.01414728143149139
p Residual Max: 2.849127346401735
T Residual Norm2: 43.50044237681801
T Residual Mean: 0.051414056390056
T Residual Max: 20.59567095357336
nuTilda Residual Norm2: 0.4913642754028891
nuTilda Residual Mean: 0.0004758043588789411
nuTilda Residual Max: 0.2386460921256454
phi Residual Norm2: 0.04816419746008299
phi Residual Mean: 2.604310066133607e-05
phi Residual Max: 0.02972911679202108
Total Residual Norm2: 59.32095893164581
 
 
DAInputVolCoord. 
Setting volume coordinates. 
Checking mesh quality for time = 1000
    Overall domain bounding box (1.220899043714975e-38 -0.09450000000000007 -2.764121808435583e-09) (0.8445000000000003 0.09450000000000008 0.03750000000000003)
    Mesh has 3 geometric (non-empty/wedge) directions (1 1 1)
    Mesh has 3 solution (non-empty) directions (1 1 1)
    Boundary openness (3.759413360175505e-18 -8.846240931135952e-19 -1.348082141260326e-16) OK.
    Max cell openness = 5.098260104669871e-16 OK.
    Max aspect ratio = 69.0828855224245 OK.
    Minimum face area = 1.673117493170331e-06. Maximum face area = 0.001155838074552817.  Face area magnitudes OK.
    Min volume = 5.879974572258218e-09. Max volume = 1.309214683779155e-05.  Total volume = 0.004719833538701357.  Cell volumes OK.
    Mesh non-orthogonality Max: 3.51231867231481 average: 0.2800718446883048
    Non-orthogonality check OK.
    Face pyramids OK.
    Max skewness = 0.2181261541938336 OK.
    Coupled point location match (average 0) OK.

Mesh OK.

Running Primal Solver 004
Previous solution time 1000 not found and nothing deleted.
No finite volume options present

Starting time loop

Time = 1

U0 initRes: 2.176982178773293e-06 finalRes: 1.016418785663299e-08 nIters: 6
U1 initRes: 5.837022688601639e-06 finalRes: 1.717440612722656e-08 nIters: 8
U2 initRes: 1.750945415955741e-05 finalRes: 9.782245501072943e-08 nIters: 6
p initRes: 0.00022014880692254 finalRes: 1.068043929251494e-06 nIters: 3
Time step continuity errors : sum local = 1.817033988887842e-05
                                 global = 1.188239538164117e-06
                             cumulative = -0.01191803937476119
T initRes: 1.793990469093033e-05 finalRes: 1.051026170280634e-07 nIters: 6
nuTilda initRes: 0.0002098016934742048 finalRes: 9.264725789294591e-07 nIters: 4
TP1: 88.11805619596821 final: 88.11805619596821
TP2: 35.77316374412917 final: 35.77316374412917
HFX: 301.8098858556689 final: 301.8098858556689
yPlus min: 1.854963966159525 max: 55.32497787379247 mean: 23.67038848041486
ExecutionTime = 27.72 s  ClockTime = 29 s

Time = 100

U0 initRes: 2.245526544675262e-06 finalRes: 1.004068942128183e-08 nIters: 6
U1 initRes: 5.522212602138275e-06 finalRes: 1.700043116793246e-08 nIters: 8
U2 initRes: 1.550292221844754e-05 finalRes: 9.48785415142942e-08 nIters: 6
p initRes: 0.0002056227380377216 finalRes: 7.541639958791645e-07 nIters: 3
Time step continuity errors : sum local = 1.282968513742692e-05
                                 global = -6.226300364527721e-08
                             cumulative = -0.01191810163776483
T initRes: 1.865024061100809e-05 finalRes: 1.055203421628522e-07 nIters: 6
nuTilda initRes: 0.0003620351659347567 finalRes: 8.160544073884136e-07 nIters: 4
TP1: 88.11832245357601 final: 88.11832245357601
TP2: 35.77316005224213 final: 35.77316005224213
HFX: 301.8142084579379 final: 301.8142084579379
yPlus min: 1.846313826057639 max: 55.32495712670176 mean: 23.67001093515808
ExecutionTime = 28.14 s  ClockTime = 30 s

Time = 200

U0 initRes: 2.245120576281809e-06 finalRes: 1.003254721755827e-08 nIters: 6
U1 initRes: 5.522320696895118e-06 finalRes: 1.699858682750946e-08 nIters: 8
U2 initRes: 1.550379625936035e-05 finalRes: 9.488605807934152e-08 nIters: 6
p initRes: 0.0002056228845326314 finalRes: 7.536397034355406e-07 nIters: 3
Time step continuity errors : sum local = 1.282076498363854e-05
                                 global = -6.43260675666961e-08
                             cumulative = -0.0119181659638324
T initRes: 1.864954810701192e-05 finalRes: 1.055175108214171e-07 nIters: 6
nuTilda initRes: 0.0003620368543734732 finalRes: 8.160179820990323e-07 nIters: 4
TP1: 88.11832379995326 final: 88.11832379995326
TP2: 35.77316006927541 final: 35.77316006927541
HFX: 301.8142104609322 final: 301.8142104609322
yPlus min: 1.846313393528083 max: 55.32495759077599 mean: 23.67001068046009
ExecutionTime = 28.57 s  ClockTime = 30 s

Time = 300

U0 initRes: 2.24509353635772e-06 finalRes: 1.003292956432859e-08 nIters: 6
U1 initRes: 5.522246179898817e-06 finalRes: 1.699861729505302e-08 nIters: 8
U2 initRes: 1.550374970243493e-05 finalRes: 9.488605627883026e-08 nIters: 6
p initRes: 0.0002056229865524995 finalRes: 7.537338343095732e-07 nIters: 3
Time step continuity errors : sum local = 1.282236636645108e-05
                                 global = -6.469471725190942e-08
                             cumulative = -0.01191823065854965
T initRes: 1.864957261602472e-05 finalRes: 1.05516637226786e-07 nIters: 6
nuTilda initRes: 0.0003620365290793157 finalRes: 8.160251751375289e-07 nIters: 4
TP1: 88.11832353803729 final: 88.11832353803729
TP2: 35.77316004982614 final: 35.77316004982614
HFX: 301.8142106211965 final: 301.8142106211965
yPlus min: 1.84631334484021 max: 55.32495760835663 mean: 23.67001068516093
ExecutionTime = 29 s  ClockTime = 30 s

Time = 400

U0 initRes: 2.245094513560006e-06 finalRes: 1.003293851365596e-08 nIters: 6
U1 initRes: 5.522249164871396e-06 finalRes: 1.699862330093473e-08 nIters: 8
U2 initRes: 1.550374812540932e-05 finalRes: 9.488603007570284e-08 nIters: 6
p initRes: 0.0002056229761700912 finalRes: 7.537291677475102e-07 nIters: 3
Time step continuity errors : sum local = 1.282228694716907e-05
                                 global = -6.467158779874837e-08
                             cumulative = -0.01191829533013745
T initRes: 1.864957094858709e-05 finalRes: 1.055166913373539e-07 nIters: 6
nuTilda initRes: 0.0003620365346034816 finalRes: 8.160249296137035e-07 nIters: 4
TP1: 88.11832354344256 final: 88.11832354344256
TP2: 35.77316005053909 final: 35.77316005053909
HFX: 301.8142106070063 final: 301.8142106070063
yPlus min: 1.846313348646952 max: 55.32495760596647 mean: 23.67001068583719
ExecutionTime = 29.43 s  ClockTime = 31 s

Time = 500

U0 initRes: 2.245094566758369e-06 finalRes: 1.003293672897551e-08 nIters: 6
U1 initRes: 5.522249303402498e-06 finalRes: 1.699862290135862e-08 nIters: 8
U2 initRes: 1.550374835731935e-05 finalRes: 9.488603134082017e-08 nIters: 6
p initRes: 0.000205622976291771 finalRes: 7.537290983935244e-07 nIters: 3
Time step continuity errors : sum local = 1.282228574978707e-05
                                 global = -6.467180508043871e-08
                             cumulative = -0.01191836000194253
T initRes: 1.864957092495088e-05 finalRes: 1.055166934633474e-07 nIters: 6
nuTilda initRes: 0.0003620365354517142 finalRes: 8.160249139005513e-07 nIters: 4
TP1: 88.11832354414859 final: 88.11832354414859
TP2: 35.77316005057527 final: 35.77316005057527
HFX: 301.8142106070854 final: 301.8142106070854
yPlus min: 1.846313348644146 max: 55.32495760601564 mean: 23.67001068578784
ExecutionTime = 29.87 s  ClockTime = 31 s

Time = 600

U0 initRes: 2.24509456057673e-06 finalRes: 1.003293678928949e-08 nIters: 6
U1 initRes: 5.522249286656071e-06 finalRes: 1.6998622910766e-08 nIters: 8
U2 initRes: 1.550374835191554e-05 finalRes: 9.488603137627528e-08 nIters: 6
p initRes: 0.000205622976322585 finalRes: 7.537291281807485e-07 nIters: 3
Time step continuity errors : sum local = 1.282228631159306e-05
                                 global = -6.467170715326624e-08
                             cumulative = -0.01191842467364968
T initRes: 1.86495709335884e-05 finalRes: 1.055166920769815e-07 nIters: 6
nuTilda initRes: 0.000362036535390933 finalRes: 8.160249155543686e-07 nIters: 4
TP1: 88.11832354411628 final: 88.11832354411628
TP2: 35.7731600505719 final: 35.7731600505719
HFX: 301.8142106071349 final: 301.8142106071349
yPlus min: 1.846313348630616 max: 55.32495760602234 mean: 23.67001068578761
ExecutionTime = 30.5 s  ClockTime = 32 s

Time = 700

U0 initRes: 2.245094560548064e-06 finalRes: 1.003293678221738e-08 nIters: 6
U1 initRes: 5.522249286173292e-06 finalRes: 1.699862290869205e-08 nIters: 8
U2 initRes: 1.550374835206304e-05 finalRes: 9.488603136771991e-08 nIters: 6
p initRes: 0.0002056229763270564 finalRes: 7.537291083822345e-07 nIters: 3
Time step continuity errors : sum local = 1.282228592825236e-05
                                 global = -6.46717650253829e-08
                             cumulative = -0.01191848934541471
T initRes: 1.864957093168045e-05 finalRes: 1.055166924650198e-07 nIters: 6
nuTilda initRes: 0.0003620365353903041 finalRes: 8.160249155443227e-07 nIters: 4
TP1: 88.11832354411425 final: 88.11832354411425
TP2: 35.77316005057045 final: 35.77316005057045
HFX: 301.8142106071321 final: 301.8142106071321
yPlus min: 1.846313348632679 max: 55.32495760602172 mean: 23.67001068578783
ExecutionTime = 31.09 s  ClockTime = 33 s

Time = 800

U0 initRes: 2.245094560694166e-06 finalRes: 1.003293679060295e-08 nIters: 6
U1 initRes: 5.522249286505517e-06 finalRes: 1.699862290929399e-08 nIters: 8
U2 initRes: 1.550374835076759e-05 finalRes: 9.488603137512417e-08 nIters: 6
p initRes: 0.0002056229763168471 finalRes: 7.537291293323521e-07 nIters: 3
Time step continuity errors : sum local = 1.282228626955323e-05
                                 global = -6.467179626853508e-08
                             cumulative = -0.01191855401721098
T initRes: 1.864957093305913e-05 finalRes: 1.05516692361244e-07 nIters: 6
nuTilda initRes: 0.000362036535390645 finalRes: 8.16024915524296e-07 nIters: 4
TP1: 88.11832354409667 final: 88.11832354409667
TP2: 35.77316005057023 final: 35.77316005057023
HFX: 301.8142106071306 final: 301.8142106071306
yPlus min: 1.846313348629961 max: 55.32495760602154 mean: 23.67001068578773
ExecutionTime = 31.53 s  ClockTime = 33 s

Time = 900

U0 initRes: 2.245094559965182e-06 finalRes: 1.003293678264028e-08 nIters: 6
U1 initRes: 5.522249285895056e-06 finalRes: 1.699862290868199e-08 nIters: 8
U2 initRes: 1.550374835119259e-05 finalRes: 9.488603136511638e-08 nIters: 6
p initRes: 0.0002056229763141607 finalRes: 7.537291298097218e-07 nIters: 3
Time step continuity errors : sum local = 1.282228628127435e-05
                                 global = -6.467163268583515e-08
                             cumulative = -0.01191861868884366
T initRes: 1.864957093248331e-05 finalRes: 1.055166930756545e-07 nIters: 6
nuTilda initRes: 0.0003620365353904256 finalRes: 8.160249155497186e-07 nIters: 4
TP1: 88.11832354413647 final: 88.11832354413647
TP2: 35.77316005057075 final: 35.77316005057075
HFX: 301.8142106071318 final: 301.8142106071318
yPlus min: 1.846313348633329 max: 55.32495760602165 mean: 23.67001068578789
ExecutionTime = 31.94 s  ClockTime = 34 s

Time = 1000

U0 initRes: 2.245094560856384e-06 finalRes: 1.003293678567286e-08 nIters: 6
U1 initRes: 5.52224928630788e-06 finalRes: 1.699862290235566e-08 nIters: 8
U2 initRes: 1.550374835145097e-05 finalRes: 9.488603136906847e-08 nIters: 6
p initRes: 0.0002056229763211944 finalRes: 7.537291278844532e-07 nIters: 3
Time step continuity errors : sum local = 1.282228616061569e-05
                                 global = -6.467172618724477e-08
                             cumulative = -0.01191868336056985
T initRes: 1.864957093294575e-05 finalRes: 1.055166923498908e-07 nIters: 6
nuTilda initRes: 0.0003620365353906557 finalRes: 8.160249155237017e-07 nIters: 4
TP1: 88.11832354410036 final: 88.11832354410036
TP2: 35.77316005057057 final: 35.77316005057057
HFX: 301.8142106071326 final: 301.8142106071326
yPlus min: 1.846313348632055 max: 55.32495760602165 mean: 23.67001068578783
ExecutionTime = 32.44 s  ClockTime = 34 s

End

Moving time 1000 to 0.0004
Printing Primal Residual Statistics.
U Residual Norm2: (28.34862634166294 24.90568375812311 11.62273287622782)
U Residual Mean: (0.04089087680032468 0.03273835323692205 0.01525294652089888)
U Residual Max: (12.97986939790037 11.0102766776626 8.184086373081437)
p Residual Norm2: 8.196366457974012
p Residual Mean: 0.01414388919643533
p Residual Max: 2.84949495528832
T Residual Norm2: 43.50263041051221
T Residual Mean: 0.05142697955699295
T Residual Max: 20.59512662611475
nuTilda Residual Norm2: 0.4913779864940669
nuTilda Residual Mean: 0.0004758041530305802
nuTilda Residual Max: 0.2386556029924191
phi Residual Norm2: 0.048148630065988
phi Residual Mean: 2.610382729277352e-05
phi Residual Max: 0.02971953725088174
Total Residual Norm2: 59.32055853407165
 
 
DAInputVolCoord. 
Setting volume coordinates. 
Checking mesh quality for time = 1000
    Overall domain bounding box (-6.084569366460821e-10 -0.09450000000000007 -1.948830891481357e-08) (0.8445000000000003 0.09450000000000008 0.03750000000000003)
    Mesh has 3 geometric (non-empty/wedge) directions (1 1 1)
    Mesh has 3 solution (non-empty) directions (1 1 1)
    Boundary openness (1.321705628024903e-18 1.821203122368471e-17 -1.159247070447916e-16) OK.
    Max cell openness = 5.469788892451062e-16 OK.
    Max aspect ratio = 69.08288552239887 OK.
    Minimum face area = 1.673116558009775e-06. Maximum face area = 0.001155837991775425.  Face area magnitudes OK.
    Min volume = 5.879984981844379e-09. Max volume = 1.309214606817361e-05.  Total volume = 0.004719833506633402.  Cell volumes OK.
    Mesh non-orthogonality Max: 3.513393086937336 average: 0.2801028151844596
    Non-orthogonality check OK.
    Face pyramids OK.
    Max skewness = 0.2181286518135911 OK.
    Coupled point location match (average 0) OK.

Mesh OK.

Running Primal Solver 005
Previous solution time 1000 not found and nothing deleted.
No finite volume options present

Starting time loop

Time = 1

U0 initRes: 2.182661921438326e-06 finalRes: 1.015309383702035e-08 nIters: 6
U1 initRes: 5.852266072823296e-06 finalRes: 1.712562041353934e-08 nIters: 8
U2 initRes: 1.830106999936782e-05 finalRes: 9.829007147835391e-08 nIters: 6
p initRes: 0.0002229843098038019 finalRes: 1.294137821148021e-06 nIters: 4
Time step continuity errors : sum local = 2.201681385116759e-05
                                 global = 3.988875248968595e-08
                             cumulative = -0.01191864347181736
T initRes: 1.794931505104448e-05 finalRes: 1.05115436898695e-07 nIters: 6
nuTilda initRes: 0.0002097970325321406 finalRes: 9.26599556177742e-07 nIters: 4
TP1: 88.11910027367877 final: 88.11910027367877
TP2: 35.7731601354051 final: 35.7731601354051
HFX: 301.8097597909233 final: 301.8097597909233
yPlus min: 1.854801326729681 max: 55.32500390394667 mean: 23.67037729646637
ExecutionTime = 32.56 s  ClockTime = 34 s

Time = 100

U0 initRes: 2.239477850412082e-06 finalRes: 1.007934991717451e-08 nIters: 6
U1 initRes: 5.523695166543487e-06 finalRes: 1.701278826721762e-08 nIters: 8
U2 initRes: 1.54938939088631e-05 finalRes: 9.450984402739058e-08 nIters: 6
p initRes: 0.0002056981484802612 finalRes: 1.2303069194342e-06 nIters: 3
Time step continuity errors : sum local = 2.092957845313328e-05
                                 global = 8.192183886471012e-11
                             cumulative = -0.01191864338989552
T initRes: 1.863450166388571e-05 finalRes: 1.055485824604113e-07 nIters: 6
nuTilda initRes: 0.0003620387821315332 finalRes: 8.160584176293197e-07 nIters: 4
TP1: 88.11834102288029 final: 88.11834102288029
TP2: 35.77317488371884 final: 35.77317488371884
HFX: 301.8130252204245 final: 301.8130252204245
yPlus min: 1.845401069084414 max: 55.3251086885698 mean: 23.66997053987395
ExecutionTime = 32.99 s  ClockTime = 35 s

Time = 200

U0 initRes: 2.236012588297853e-06 finalRes: 1.003995554716419e-08 nIters: 6
U1 initRes: 5.52272730712562e-06 finalRes: 1.700209245964072e-08 nIters: 8
U2 initRes: 1.548466904908138e-05 finalRes: 9.454225660274072e-08 nIters: 6
p initRes: 0.0002056776312856823 finalRes: 1.227419963091783e-06 nIters: 3
Time step continuity errors : sum local = 2.08804584786045e-05
                                 global = -7.455100025887278e-10
                             cumulative = -0.01191864413540552
T initRes: 1.862910031413285e-05 finalRes: 1.055163545700084e-07 nIters: 6
nuTilda initRes: 0.000362035803073242 finalRes: 8.160016841760224e-07 nIters: 4
TP1: 88.11834971880508 final: 88.11834971880508
TP2: 35.77317530931625 final: 35.77317530931625
HFX: 301.8130356240152 final: 301.8130356240152
yPlus min: 1.845398457421523 max: 55.32511116688711 mean: 23.66996919511006
ExecutionTime = 33.4 s  ClockTime = 35 s

Time = 300

U0 initRes: 2.235728307956065e-06 finalRes: 1.0038952466824e-08 nIters: 6
U1 initRes: 5.52237400147122e-06 finalRes: 1.700231042621245e-08 nIters: 8
U2 initRes: 1.548425317556417e-05 finalRes: 9.454222651037127e-08 nIters: 6
p initRes: 0.0002056779989936986 finalRes: 1.228009741779372e-06 nIters: 3
Time step continuity errors : sum local = 2.089049168980325e-05
                                 global = -8.43769130670043e-10
                             cumulative = -0.01191864497917466
T initRes: 1.862914293601164e-05 finalRes: 1.055126203327926e-07 nIters: 6
nuTilda initRes: 0.0003620340668212691 finalRes: 8.160362701601091e-07 nIters: 4
TP1: 88.118348500868 final: 88.118348500868
TP2: 35.77317523199226 final: 35.77317523199226
HFX: 301.8130363143999 final: 301.8130363143999
yPlus min: 1.84539826103865 max: 55.32511123275673 mean: 23.66996922551333
ExecutionTime = 33.89 s  ClockTime = 35 s

Time = 400

U0 initRes: 2.235736651305344e-06 finalRes: 1.003910615868817e-08 nIters: 6
U1 initRes: 5.522389279517929e-06 finalRes: 1.700233609104599e-08 nIters: 8
U2 initRes: 1.548425874334011e-05 finalRes: 9.454208930618345e-08 nIters: 6
p initRes: 0.0002056779286666158 finalRes: 1.227978281159411e-06 nIters: 3
Time step continuity errors : sum local = 2.088995658890582e-05
                                 global = -8.301122627823772e-10
                             cumulative = -0.01191864580928692
T initRes: 1.862913322811712e-05 finalRes: 1.055129027359551e-07 nIters: 6
nuTilda initRes: 0.0003620341066630711 finalRes: 8.160347890762373e-07 nIters: 4
TP1: 88.11834853482924 final: 88.11834853482924
TP2: 35.77317523503962 final: 35.77317523503962
HFX: 301.8130362430542 final: 301.8130362430542
yPlus min: 1.845398280281779 max: 55.32511122126794 mean: 23.66996922838606
ExecutionTime = 34.34 s  ClockTime = 36 s

Time = 500

U0 initRes: 2.23573701471813e-06 finalRes: 1.003910127296977e-08 nIters: 6
U1 initRes: 5.522389763461834e-06 finalRes: 1.700233400011923e-08 nIters: 8
U2 initRes: 1.548425974237525e-05 finalRes: 9.45420965495653e-08 nIters: 6
p initRes: 0.0002056779302982693 finalRes: 1.227977653760525e-06 nIters: 3
Time step continuity errors : sum local = 2.08899459592246e-05
                                 global = -8.305446133998346e-10
                             cumulative = -0.01191864663983153
T initRes: 1.862913329992666e-05 finalRes: 1.055129025798141e-07 nIters: 6
nuTilda initRes: 0.0003620341092277653 finalRes: 8.16034735951358e-07 nIters: 4
TP1: 88.11834853753986 final: 88.11834853753986
TP2: 35.77317523516334 final: 35.77317523516334
HFX: 301.8130362442405 final: 301.8130362442405
yPlus min: 1.845398280031556 max: 55.32511122162736 mean: 23.66996922812688
ExecutionTime = 34.77 s  ClockTime = 36 s

Time = 600

U0 initRes: 2.23573696547137e-06 finalRes: 1.003910096623538e-08 nIters: 6
U1 initRes: 5.522389683359081e-06 finalRes: 1.700233401599634e-08 nIters: 8
U2 initRes: 1.548425966877297e-05 finalRes: 9.454209667383102e-08 nIters: 6
p initRes: 0.0002056779304784221 finalRes: 1.227977806887131e-06 nIters: 3
Time step continuity errors : sum local = 2.088994849027919e-05
                                 global = -8.305689352330472e-10
                             cumulative = -0.01191864747040047
T initRes: 1.862913333032311e-05 finalRes: 1.055129028652487e-07 nIters: 6
nuTilda initRes: 0.00036203410894043 finalRes: 8.160347440757641e-07 nIters: 4
TP1: 88.11834853726026 final: 88.11834853726026
TP2: 35.77317523514593 final: 35.77317523514593
HFX: 301.8130362444398 final: 301.8130362444398
yPlus min: 1.84539827997429 max: 55.32511122165116 mean: 23.66996922812982
ExecutionTime = 35.18 s  ClockTime = 37 s

Time = 700

U0 initRes: 2.2357369656057e-06 finalRes: 1.003910099542205e-08 nIters: 6
U1 initRes: 5.52238968507288e-06 finalRes: 1.70023340130498e-08 nIters: 8
U2 initRes: 1.548425966902145e-05 finalRes: 9.454209663506212e-08 nIters: 6
p initRes: 0.0002056779304485924 finalRes: 1.227977802823958e-06 nIters: 3
Time step continuity errors : sum local = 2.08899484679051e-05
                                 global = -8.305664821977475e-10
                             cumulative = -0.01191864830096695
T initRes: 1.862913332929657e-05 finalRes: 1.055129014373948e-07 nIters: 6
nuTilda initRes: 0.0003620341089454121 finalRes: 8.160347438653586e-07 nIters: 4
TP1: 88.11834853729896 final: 88.11834853729896
TP2: 35.77317523514677 final: 35.77317523514677
HFX: 301.8130362444261 final: 301.8130362444261
yPlus min: 1.845398279979074 max: 55.32511122164856 mean: 23.66996922813064
ExecutionTime = 35.61 s  ClockTime = 37 s

Time = 800

U0 initRes: 2.23573696610848e-06 finalRes: 1.003910098357375e-08 nIters: 6
U1 initRes: 5.522389684737029e-06 finalRes: 1.70023340134516e-08 nIters: 8
U2 initRes: 1.548425966834307e-05 finalRes: 9.454209663136858e-08 nIters: 6
p initRes: 0.0002056779304511764 finalRes: 1.227977814874341e-06 nIters: 3
Time step continuity errors : sum local = 2.088994863471482e-05
                                 global = -8.305799662950387e-10
                             cumulative = -0.01191864913154691
T initRes: 1.862913332842136e-05 finalRes: 1.055129015665278e-07 nIters: 6
nuTilda initRes: 0.000362034108946368 finalRes: 8.160347438497915e-07 nIters: 4
TP1: 88.11834853729756 final: 88.11834853729756
TP2: 35.77317523514647 final: 35.77317523514647
HFX: 301.8130362444252 final: 301.8130362444252
yPlus min: 1.845398279979019 max: 55.32511122164861 mean: 23.66996922813052
ExecutionTime = 36.04 s  ClockTime = 38 s

Time = 900

U0 initRes: 2.235736966171349e-06 finalRes: 1.003910099164299e-08 nIters: 6
U1 initRes: 5.522389685675873e-06 finalRes: 1.700233402474794e-08 nIters: 8
U2 initRes: 1.548425967083164e-05 finalRes: 9.454209663344944e-08 nIters: 6
p initRes: 0.0002056779304463186 finalRes: 1.22797780680061e-06 nIters: 3
Time step continuity errors : sum local = 2.088994853171457e-05
                                 global = -8.305609223678711e-10
                             cumulative = -0.01191864996210784
T initRes: 1.862913333039178e-05 finalRes: 1.055129011232997e-07 nIters: 6
nuTilda initRes: 0.0003620341089461993 finalRes: 8.160347438775206e-07 nIters: 4
TP1: 88.11834853731133 final: 88.11834853731133
TP2: 35.77317523514656 final: 35.77317523514656
HFX: 301.8130362444268 final: 301.8130362444268
yPlus min: 1.845398279984075 max: 55.32511122164865 mean: 23.66996922813071
ExecutionTime = 36.47 s  ClockTime = 38 s

Time = 1000

U0 initRes: 2.235736965756382e-06 finalRes: 1.003910099525023e-08 nIters: 6
U1 initRes: 5.52238968504654e-06 finalRes: 1.700233401673174e-08 nIters: 8
U2 initRes: 1.548425966859997e-05 finalRes: 9.454209663926808e-08 nIters: 6
p initRes: 0.0002056779304509583 finalRes: 1.227977813853579e-06 nIters: 3
Time step continuity errors : sum local = 2.088994852197051e-05
                                 global = -8.306483509784543e-10
                             cumulative = -0.01191865079275619
T initRes: 1.862913333065196e-05 finalRes: 1.055129009165216e-07 nIters: 6
nuTilda initRes: 0.0003620341089461069 finalRes: 8.160347438625261e-07 nIters: 4
TP1: 88.11834853729817 final: 88.11834853729817
TP2: 35.77317523514703 final: 35.77317523514703
HFX: 301.8130362444267 final: 301.8130362444267
yPlus min: 1.845398279982352 max: 55.32511122164858 mean: 23.66996922813064
ExecutionTime = 36.91 s  ClockTime = 39 s

End

Moving time 1000 to 0.0005
Printing Primal Residual Statistics.
U Residual Norm2: (28.35231296732642 24.90477819845753 11.63052818337018)
U Residual Mean: (0.0408499049573744 0.03276044541933867 0.01527034137202891)
U Residual Max: (12.97852306669997 11.00981336925649 8.192010711604098)
p Residual Norm2: 8.19668654476526
p Residual Mean: 0.01414639354573657
p Residual Max: 2.849167162169339
T Residual Norm2: 43.50625075397277
T Residual Mean: 0.05141362586703664
T Residual Max: 20.60202507420422
nuTilda Residual Norm2: 0.4913791976108143
nuTilda Residual Mean: 0.0004757564436152937
nuTilda Residual Max: 0.2386518417436834
phi Residual Norm2: 0.04816835405318975
phi Residual Mean: 2.603333739734087e-05
phi Residual Max: 0.02972829993575706
Total Residual Norm2: 59.32616717960657
 
 
DAInputVolCoord. 
Setting volume coordinates. 
Checking mesh quality for time = 1000
    Overall domain bounding box (1.224633438489443e-37 -0.09450000000000007 -8.700830433957673e-10) (0.8445000000000003 0.09450000000000008 0.03750000000000003)
    Mesh has 3 geometric (non-empty/wedge) directions (1 1 1)
    Mesh has 3 solution (non-empty) directions (1 1 1)
    Boundary openness (2.977071214555377e-19 1.847814540403369e-18 -2.994498994845839e-17) OK.
    Max cell openness = 2.719225126896013e-16 OK.
    Max aspect ratio = 69.08288552297762 OK.
    Minimum face area = 1.673088071932384e-06. Maximum face area = 0.001155838884208817.  Face area magnitudes OK.
    Min volume = 5.879673613757329e-09. Max volume = 1.309215429588256e-05.  Total volume = 0.00471983352183338.  Cell volumes OK.
    Mesh non-orthogonality Max: 3.530759215946325 average: 0.2806673341169813
    Non-orthogonality check OK.
    Face pyramids OK.
    Max skewness = 0.2181261554565978 OK.
    Coupled point location match (average 0) OK.

Mesh OK.

Running Primal Solver 006
Previous solution time 1000 not found and nothing deleted.
No finite volume options present

Starting time loop

Time = 1

U0 initRes: 2.27137368517962e-06 finalRes: 1.03529644302544e-08 nIters: 6
U1 initRes: 9.151082696024984e-06 finalRes: 7.030242355549055e-08 nIters: 6
U2 initRes: 2.96611642815374e-05 finalRes: 1.055621688301073e-07 nIters: 6
p initRes: 0.0003032174557135867 finalRes: 2.577416101378404e-06 nIters: 3
Time step continuity errors : sum local = 4.384876706723273e-05
                                 global = 1.09025846702592e-07
                             cumulative = -0.01191854176690948
T initRes: 1.870169169960907e-05 finalRes: 1.05984161222735e-07 nIters: 6
nuTilda initRes: 0.0002101319378106801 finalRes: 9.280878416432959e-07 nIters: 4
TP1: 88.11544119532125 final: 88.11544119532125
TP2: 35.7731754598184 final: 35.7731754598184
HFX: 301.8088373817142 final: 301.8088373817142
yPlus min: 1.854440137464433 max: 55.32503568708788 mean: 23.67034652193206
ExecutionTime = 37.18 s  ClockTime = 39 s

Time = 100

U0 initRes: 2.255089962162845e-06 finalRes: 1.001250043293209e-08 nIters: 6
U1 initRes: 5.536668174331697e-06 finalRes: 1.698835618934678e-08 nIters: 8
U2 initRes: 1.554184760301582e-05 finalRes: 9.493581356549588e-08 nIters: 6
p initRes: 0.0002057312382989111 finalRes: 7.662578746679954e-07 nIters: 3
Time step continuity errors : sum local = 1.303540611467249e-05
                                 global = -2.170104264257249e-07
                             cumulative = -0.01191875877733591
T initRes: 1.865636696460149e-05 finalRes: 1.056142915073158e-07 nIters: 6
nuTilda initRes: 0.0003621194142954389 finalRes: 8.15697646048474e-07 nIters: 4
TP1: 88.11836157992967 final: 88.11836157992967
TP2: 35.77316068486853 final: 35.77316068486853
HFX: 301.8140007978923 final: 301.8140007978923
yPlus min: 1.84604222021629 max: 55.32496852246605 mean: 23.66996526455684
ExecutionTime = 37.64 s  ClockTime = 39 s

Time = 200

U0 initRes: 2.245213176771547e-06 finalRes: 1.003415845166781e-08 nIters: 6
U1 initRes: 5.52165072041213e-06 finalRes: 1.699804940588336e-08 nIters: 8
U2 initRes: 1.550444441569715e-05 finalRes: 9.488798334761499e-08 nIters: 6
p initRes: 0.0002056324037787224 finalRes: 7.695923719147656e-07 nIters: 3
Time step continuity errors : sum local = 1.309213849523922e-05
                                 global = -2.292850181944799e-07
                             cumulative = -0.0119189880623541
T initRes: 1.865055087515089e-05 finalRes: 1.055073997509216e-07 nIters: 6
nuTilda initRes: 0.0003620414324460749 finalRes: 8.16075270064335e-07 nIters: 4
TP1: 88.11832587204096 final: 88.11832587204096
TP2: 35.77315844916436 final: 35.77315844916436
HFX: 301.8140115949387 final: 301.8140115949387
yPlus min: 1.846037697599311 max: 55.32496884717329 mean: 23.66996680132456
ExecutionTime = 38.04 s  ClockTime = 40 s

Time = 300

U0 initRes: 2.245346907242538e-06 finalRes: 1.00335066776269e-08 nIters: 6
U1 initRes: 5.522298340500169e-06 finalRes: 1.699865723195399e-08 nIters: 8
U2 initRes: 1.550430391510991e-05 finalRes: 9.488470507797283e-08 nIters: 6
p initRes: 0.0002056299649157458 finalRes: 7.68601545516898e-07 nIters: 3
Time step continuity errors : sum local = 1.3075282955954e-05
                                 global = -2.248085004733999e-07
                             cumulative = -0.01191921287085458
T initRes: 1.8650118184109e-05 finalRes: 1.055177727388457e-07 nIters: 6
nuTilda initRes: 0.0003620421090409536 finalRes: 8.1601211282564e-07 nIters: 4
TP1: 88.11832771015682 final: 88.11832771015682
TP2: 35.77315862424339 final: 35.77315862424339
HFX: 301.8140091309037 final: 301.8140091309037
yPlus min: 1.846038386959003 max: 55.32496847267317 mean: 23.66996686364925
ExecutionTime = 38.43 s  ClockTime = 40 s

Time = 400

U0 initRes: 2.245349238281867e-06 finalRes: 1.00332489095958e-08 nIters: 6
U1 initRes: 5.522301799633653e-06 finalRes: 1.699858191139064e-08 nIters: 8
U2 initRes: 1.550433975042818e-05 finalRes: 9.488497901038435e-08 nIters: 6
p initRes: 0.0002056300181054656 finalRes: 7.686176514978118e-07 nIters: 3
Time step continuity errors : sum local = 1.307555693950218e-05
                                 global = -2.249709216722707e-07
                             cumulative = -0.01191943784177625
T initRes: 1.865011985517978e-05 finalRes: 1.055176115532762e-07 nIters: 6
nuTilda initRes: 0.0003620421859634 finalRes: 8.160112836315439e-07 nIters: 4
TP1: 88.11832777255511 final: 88.11832777255511
TP2: 35.77315862501298 final: 35.77315862501298
HFX: 301.8140092050156 final: 301.8140092050156
yPlus min: 1.846038369920497 max: 55.32496848955604 mean: 23.66996685453627
ExecutionTime = 38.85 s  ClockTime = 41 s

Time = 500

U0 initRes: 2.245348205270644e-06 finalRes: 1.00332630157094e-08 nIters: 6
U1 initRes: 5.522298989451676e-06 finalRes: 1.699858320633399e-08 nIters: 8
U2 initRes: 1.550433805992277e-05 finalRes: 9.488497799913591e-08 nIters: 6
p initRes: 0.000205630022069377 finalRes: 7.686199817063371e-07 nIters: 3
Time step continuity errors : sum local = 1.307559664363471e-05
                                 global = -2.249773740057472e-07
                             cumulative = -0.01191966281915026
T initRes: 1.865012078720815e-05 finalRes: 1.055175792883058e-07 nIters: 6
nuTilda initRes: 0.0003620421745540643 finalRes: 8.160115557093285e-07 nIters: 4
TP1: 88.11832776280114 final: 88.11832776280114
TP2: 35.77315862433789 final: 35.77315862433789
HFX: 301.8140092107478 final: 301.8140092107478
yPlus min: 1.846038368146774 max: 55.32496849015465 mean: 23.6699668547341
ExecutionTime = 39.28 s  ClockTime = 41 s

Time = 600

U0 initRes: 2.245348243882265e-06 finalRes: 1.003326332061158e-08 nIters: 6
U1 initRes: 5.52229911058912e-06 finalRes: 1.699858342172779e-08 nIters: 8
U2 initRes: 1.550433800469636e-05 finalRes: 9.488497701422961e-08 nIters: 6
p initRes: 0.0002056300216965676 finalRes: 7.686198130013187e-07 nIters: 3
Time step continuity errors : sum local = 1.307559375091665e-05
                                 global = -2.249763036491914e-07
                             cumulative = -0.0119198877954539
T initRes: 1.865012072550244e-05 finalRes: 1.055175806804708e-07 nIters: 6
nuTilda initRes: 0.0003620421748013935 finalRes: 8.160115458775751e-07 nIters: 4
TP1: 88.11832776303019 final: 88.11832776303019
TP2: 35.77315862436675 final: 35.77315862436675
HFX: 301.8140092101962 final: 301.8140092101962
yPlus min: 1.8460383682946 max: 55.32496849006274 mean: 23.66996685475879
ExecutionTime = 39.72 s  ClockTime = 41 s

Time = 700

U0 initRes: 2.245348245311939e-06 finalRes: 1.003326324540896e-08 nIters: 6
U1 initRes: 5.522299114399352e-06 finalRes: 1.699858341701553e-08 nIters: 8
U2 initRes: 1.550433801364252e-05 finalRes: 9.488497706828833e-08 nIters: 6
p initRes: 0.0002056300216840398 finalRes: 7.686198140986137e-07 nIters: 3
Time step continuity errors : sum local = 1.307559381590324e-05
                                 global = -2.249766649217312e-07
                             cumulative = -0.01192011277211883
T initRes: 1.865012072352227e-05 finalRes: 1.055175819339518e-07 nIters: 6
nuTilda initRes: 0.000362042174832291 finalRes: 8.160115453290657e-07 nIters: 4
TP1: 88.11832776304726 final: 88.11832776304726
TP2: 35.77315862436759 final: 35.77315862436759
HFX: 301.8140092102007 final: 301.8140092102007
yPlus min: 1.846038368295254 max: 55.3249684900649 mean: 23.66996685475696
ExecutionTime = 40.15 s  ClockTime = 42 s

Time = 800

U0 initRes: 2.245348245394528e-06 finalRes: 1.003326325068459e-08 nIters: 6
U1 initRes: 5.5222991144903e-06 finalRes: 1.699858341596877e-08 nIters: 8
U2 initRes: 1.550433801274894e-05 finalRes: 9.488497706405577e-08 nIters: 6
p initRes: 0.0002056300216906256 finalRes: 7.686198206260519e-07 nIters: 3
Time step continuity errors : sum local = 1.307559384979194e-05
                                 global = -2.249765008835452e-07
                             cumulative = -0.01192033774861971
T initRes: 1.86501207240994e-05 finalRes: 1.055175822142049e-07 nIters: 6
nuTilda initRes: 0.0003620421748298458 finalRes: 8.160115453976297e-07 nIters: 4
TP1: 88.118327763045 final: 88.118327763045
TP2: 35.77315862436762 final: 35.77315862436762
HFX: 301.814009210204 final: 301.814009210204
yPlus min: 1.846038368293434 max: 55.32496849006512 mean: 23.66996685475698
ExecutionTime = 40.58 s  ClockTime = 42 s

Time = 900

U0 initRes: 2.245348245298079e-06 finalRes: 1.003326325131121e-08 nIters: 6
U1 initRes: 5.522299114557268e-06 finalRes: 1.699858340762909e-08 nIters: 8
U2 initRes: 1.550433801267581e-05 finalRes: 9.488497706251162e-08 nIters: 6
p initRes: 0.0002056300216908437 finalRes: 7.686198261986271e-07 nIters: 3
Time step continuity errors : sum local = 1.307559412936057e-05
                                 global = -2.249765877714876e-07
                             cumulative = -0.01192056272520748
T initRes: 1.865012072357333e-05 finalRes: 1.055175812211994e-07 nIters: 6
nuTilda initRes: 0.0003620421748300028 finalRes: 8.16011545379118e-07 nIters: 4
TP1: 88.11832776302714 final: 88.11832776302714
TP2: 35.77315862436728 final: 35.77315862436728
HFX: 301.8140092102036 final: 301.8140092102036
yPlus min: 1.846038368293668 max: 55.3249684900652 mean: 23.66996685475699
ExecutionTime = 41.01 s  ClockTime = 43 s

Time = 1000

U0 initRes: 2.245348244627252e-06 finalRes: 1.003326325308928e-08 nIters: 6
U1 initRes: 5.522299113201682e-06 finalRes: 1.699858339557793e-08 nIters: 8
U2 initRes: 1.550433801340834e-05 finalRes: 9.488497706555057e-08 nIters: 6
p initRes: 0.0002056300216937801 finalRes: 7.686198115983871e-07 nIters: 3
Time step continuity errors : sum local = 1.307559372287041e-05
                                 global = -2.249767490968855e-07
                             cumulative = -0.01192078770195658
T initRes: 1.865012072096809e-05 finalRes: 1.055175817979644e-07 nIters: 6
nuTilda initRes: 0.0003620421748294688 finalRes: 8.160115454006183e-07 nIters: 4
TP1: 88.11832776302805 final: 88.11832776302805
TP2: 35.77315862436706 final: 35.77315862436706
HFX: 301.8140092102049 final: 301.8140092102049
yPlus min: 1.846038368293851 max: 55.32496849006513 mean: 23.66996685475709
ExecutionTime = 41.52 s  ClockTime = 43 s

End

Moving time 1000 to 0.0006
Printing Primal Residual Statistics.
U Residual Norm2: (28.34868670129798 24.90546159584673 11.62248879691389)
U Residual Mean: (0.04088877080267107 0.03273737779394603 0.01525161605625964)
U Residual Max: (12.98284217460206 11.01026879392545 8.184665628137228)
p Residual Norm2: 8.196433626813009
p Residual Mean: 0.01414317489504908
p Residual Max: 2.849448815226503
T Residual Norm2: 43.50416575502805
T Residual Mean: 0.051425748421247
T Residual Max: 20.59671053924012
nuTilda Residual Norm2: 0.4913740171129599
nuTilda Residual Mean: 0.0004757760409736664
nuTilda Residual Max: 0.2386548221760925
phi Residual Norm2: 0.04815480285537756
phi Residual Mean: 2.610618616506653e-05
phi Residual Max: 0.02972778389258087
Total Residual Norm2: 59.32158148915428
 
 
DAInputVolCoord. 
Setting volume coordinates. 
Checking mesh quality for time = 1000
    Overall domain bounding box (-6.101785186471935e-09 -0.09450000000000007 -1.084580051153268e-08) (0.8445000000000003 0.09450000000000008 0.03750000000000003)
    Mesh has 3 geometric (non-empty/wedge) directions (1 1 1)
    Mesh has 3 solution (non-empty) directions (1 1 1)
    Boundary openness (-6.768730957104154e-18 -8.926567635313653e-18 -6.607429206703564e-17) OK.
    Max cell openness = 4.407785503290639e-16 OK.
    Max aspect ratio = 69.0828855225636 OK.
    Minimum face area = 1.673097948681287e-06. Maximum face area = 0.001155838007244714.  Face area magnitudes OK.
    Min volume = 5.87998460868253e-09. Max volume = 1.309214621471219e-05.  Total volume = 0.004719833523504394.  Cell volumes OK.
    Mesh non-orthogonality Max: 3.512288409788412 average: 0.280116586235521
    Non-orthogonality check OK.
    Face pyramids OK.
    Max skewness = 0.2181323657363377 OK.
    Coupled point location match (average 0) OK.

Mesh OK.

Running Primal Solver 007
Previous solution time 1000 not found and nothing deleted.
No finite volume options present

Starting time loop

Time = 1

U0 initRes: 2.37817072259703e-06 finalRes: 1.060468157914667e-08 nIters: 6
U1 initRes: 1.280571328617282e-05 finalRes: 7.130441374753971e-08 nIters: 6
U2 initRes: 4.303490545443067e-05 finalRes: 1.200467997035171e-07 nIters: 6
p initRes: 0.0004003080031260107 finalRes: 3.53684927041333e-06 nIters: 7
Time step continuity errors : sum local = 6.017058095399424e-05
                                 global = 1.820189262488602e-07
                             cumulative = -0.01192060568303033
T initRes: 1.957833738237453e-05 finalRes: 1.070778853160975e-07 nIters: 6
nuTilda initRes: 0.0002104240807486271 finalRes: 9.286045934643645e-07 nIters: 4
TP1: 88.12507129287505 final: 88.12507129287505
TP2: 35.77315879813389 final: 35.77315879813389
HFX: 301.809233561956 final: 301.809233561956
yPlus min: 1.853791800514383 max: 55.32507541187898 mean: 23.67031462565615
ExecutionTime = 41.63 s  ClockTime = 43 s

Time = 100

U0 initRes: 2.246634876082112e-06 finalRes: 1.014577493219769e-08 nIters: 6
U1 initRes: 5.513746716687477e-06 finalRes: 1.70149936575954e-08 nIters: 8
U2 initRes: 1.556138320504971e-05 finalRes: 9.449317826473231e-08 nIters: 6
p initRes: 0.0002059513441811053 finalRes: 1.290091557018222e-06 nIters: 3
Time step continuity errors : sum local = 2.194663976649864e-05
                                 global = -5.209235040463025e-09
                             cumulative = -0.01192061089226537
T initRes: 1.865565436697437e-05 finalRes: 1.05351461763178e-07 nIters: 6
nuTilda initRes: 0.0003620886152317633 finalRes: 8.181689303337795e-07 nIters: 4
TP1: 88.11827407095613 final: 88.11827407095613
TP2: 35.77317270371072 final: 35.77317270371072
HFX: 301.8132641312115 final: 301.8132641312115
yPlus min: 1.845664809501347 max: 55.32510229201468 mean: 23.670015088685
ExecutionTime = 42.35 s  ClockTime = 44 s

Time = 200

U0 initRes: 2.237280632966778e-06 finalRes: 1.004903408670015e-08 nIters: 6
U1 initRes: 5.523736703170822e-06 finalRes: 1.700349797466426e-08 nIters: 8
U2 initRes: 1.548671985075734e-05 finalRes: 9.453170347515871e-08 nIters: 6
p initRes: 0.0002056755150037051 finalRes: 1.245947464175149e-06 nIters: 3
Time step continuity errors : sum local = 2.119566052132372e-05
                                 global = 4.31805670864097e-10
                             cumulative = -0.0119206104604597
T initRes: 1.862994808225818e-05 finalRes: 1.055297530692589e-07 nIters: 6
nuTilda initRes: 0.0003620332322968202 finalRes: 8.159481020045607e-07 nIters: 4
TP1: 88.11834355581674 final: 88.11834355581674
TP2: 35.77317683239919 final: 35.77317683239919
HFX: 301.8132336667086 final: 301.8132336667086
yPlus min: 1.845674955158011 max: 55.32509968678789 mean: 23.67001314204933
ExecutionTime = 42.83 s  ClockTime = 45 s

Time = 300

U0 initRes: 2.236224255365402e-06 finalRes: 1.003939264234033e-08 nIters: 6
U1 initRes: 5.522618064206809e-06 finalRes: 1.700223084388449e-08 nIters: 8
U2 initRes: 1.548550628535248e-05 finalRes: 9.453889007816776e-08 nIters: 6
p initRes: 0.0002056775350398129 finalRes: 1.246850824299975e-06 nIters: 3
Time step continuity errors : sum local = 2.121102714574413e-05
                                 global = -7.962321427898078e-10
                             cumulative = -0.01192061125669184
T initRes: 1.862998908215638e-05 finalRes: 1.055121748025367e-07 nIters: 6
nuTilda initRes: 0.0003620289213952063 finalRes: 8.160371045615001e-07 nIters: 4
TP1: 88.1183410994181 final: 88.1183410994181
TP2: 35.77317662188044 final: 35.77317662188044
HFX: 301.8132378017081 final: 301.8132378017081
yPlus min: 1.845673825363282 max: 55.32510033741281 mean: 23.67001301092139
ExecutionTime = 43.26 s  ClockTime = 45 s

Time = 400

U0 initRes: 2.236208493744426e-06 finalRes: 1.003970655170723e-08 nIters: 6
U1 initRes: 5.522601294011155e-06 finalRes: 1.700235570126572e-08 nIters: 8
U2 initRes: 1.548545017331881e-05 finalRes: 9.453843297190781e-08 nIters: 6
p initRes: 0.0002056774126401181 finalRes: 1.246884348351449e-06 nIters: 3
Time step continuity errors : sum local = 2.121159758183054e-05
                                 global = -7.692472391685479e-10
                             cumulative = -0.01192061202593908
T initRes: 1.862997095549321e-05 finalRes: 1.055123623248786e-07 nIters: 6
nuTilda initRes: 0.0003620288165195669 finalRes: 8.160392996346158e-07 nIters: 4
TP1: 88.1183409664815 final: 88.1183409664815
TP2: 35.77317661710865 final: 35.77317661710865
HFX: 301.8132377047017 final: 301.8132377047017
yPlus min: 1.845673847237461 max: 55.32510031247163 mean: 23.67001302595161
ExecutionTime = 43.83 s  ClockTime = 46 s

Time = 500

U0 initRes: 2.236211434785556e-06 finalRes: 1.003972428272187e-08 nIters: 6
U1 initRes: 5.522605866563522e-06 finalRes: 1.700235403822335e-08 nIters: 8
U2 initRes: 1.548545431547791e-05 finalRes: 9.453842906390946e-08 nIters: 6
p initRes: 0.000205677401977871 finalRes: 1.24687861435569e-06 nIters: 3
Time step continuity errors : sum local = 2.121150006466571e-05
                                 global = -7.661272239946537e-10
                             cumulative = -0.0119206127920663
T initRes: 1.862996943066437e-05 finalRes: 1.055124169598893e-07 nIters: 6
nuTilda initRes: 0.0003620288313942375 finalRes: 8.160388363885686e-07 nIters: 4
TP1: 88.11834098227962 final: 88.11834098227962
TP2: 35.77317661813191 final: 35.77317661813191
HFX: 301.8132376943364 final: 301.8132376943364
yPlus min: 1.845673850304462 max: 55.32510031133066 mean: 23.67001302567738
ExecutionTime = 44.18 s  ClockTime = 46 s

Time = 600

U0 initRes: 2.23621130788817e-06 finalRes: 1.003972220622408e-08 nIters: 6
U1 initRes: 5.522605695689536e-06 finalRes: 1.700235364719055e-08 nIters: 8
U2 initRes: 1.548545430726778e-05 finalRes: 9.453843094516009e-08 nIters: 6
p initRes: 0.0002056774029351991 finalRes: 1.246878788769441e-06 nIters: 3
Time step continuity errors : sum local = 2.121150295602122e-05
                                 global = -7.662633575783308e-10
                             cumulative = -0.01192061355832966
T initRes: 1.862996954030498e-05 finalRes: 1.055124122672343e-07 nIters: 6
nuTilda initRes: 0.0003620288309587489 finalRes: 8.160388517649079e-07 nIters: 4
TP1: 88.11834098198496 final: 88.11834098198496
TP2: 35.77317661809829 final: 35.77317661809829
HFX: 301.8132376952188 final: 301.8132376952188
yPlus min: 1.845673850066269 max: 55.3251003114806 mean: 23.67001302563552
ExecutionTime = 44.68 s  ClockTime = 47 s

Time = 700

U0 initRes: 2.236211303842837e-06 finalRes: 1.003972225021557e-08 nIters: 6
U1 initRes: 5.522605687734185e-06 finalRes: 1.700235368176056e-08 nIters: 8
U2 initRes: 1.548545429318185e-05 finalRes: 9.453843085937821e-08 nIters: 6
p initRes: 0.0002056774029256755 finalRes: 1.24687879708224e-06 nIters: 3
Time step continuity errors : sum local = 2.121150319768153e-05
                                 global = -7.663747944646583e-10
                             cumulative = -0.01192061432470446
T initRes: 1.862996954171426e-05 finalRes: 1.05512412234807e-07 nIters: 6
nuTilda initRes: 0.0003620288309245893 finalRes: 8.160388527137612e-07 nIters: 4
TP1: 88.11834098192389 final: 88.11834098192389
TP2: 35.77317661809612 final: 35.77317661809612
HFX: 301.8132376952134 final: 301.8132376952134
yPlus min: 1.845673850069375 max: 55.32510031147745 mean: 23.67001302563889
ExecutionTime = 45.13 s  ClockTime = 47 s

Time = 800

U0 initRes: 2.236211304358931e-06 finalRes: 1.00397222585403e-08 nIters: 6
U1 initRes: 5.522605688620502e-06 finalRes: 1.700235368434376e-08 nIters: 8
U2 initRes: 1.548545429367058e-05 finalRes: 9.453843085652981e-08 nIters: 6
p initRes: 0.0002056774029273883 finalRes: 1.246878791663828e-06 nIters: 3
Time step continuity errors : sum local = 2.121150302872071e-05
                                 global = -7.663108178187174e-10
                             cumulative = -0.01192061509101527
T initRes: 1.862996953979927e-05 finalRes: 1.055124123958923e-07 nIters: 6
nuTilda initRes: 0.0003620288309276186 finalRes: 8.160388526108927e-07 nIters: 4
TP1: 88.11834098194228 final: 88.11834098194228
TP2: 35.77317661809625 final: 35.77317661809625
HFX: 301.8132376952091 final: 301.8132376952091
yPlus min: 1.845673850068326 max: 55.32510031147674 mean: 23.67001302563867
ExecutionTime = 45.56 s  ClockTime = 47 s

Time = 900

U0 initRes: 2.236211304502184e-06 finalRes: 1.003972225324891e-08 nIters: 6
U1 initRes: 5.522605688589856e-06 finalRes: 1.70023536696777e-08 nIters: 8
U2 initRes: 1.54854542944224e-05 finalRes: 9.453843086261644e-08 nIters: 6
p initRes: 0.0002056774029269514 finalRes: 1.246878796186137e-06 nIters: 3
Time step continuity errors : sum local = 2.121150313772907e-05
                                 global = -7.663991105149829e-10
                             cumulative = -0.01192061585741439
T initRes: 1.86299695405601e-05 finalRes: 1.055124128952762e-07 nIters: 6
nuTilda initRes: 0.0003620288309278819 finalRes: 8.160388526036362e-07 nIters: 4
TP1: 88.11834098193182 final: 88.11834098193182
TP2: 35.77317661809608 final: 35.77317661809608
HFX: 301.8132376952099 final: 301.8132376952099
yPlus min: 1.845673850068926 max: 55.3251003114769 mean: 23.67001302563875
ExecutionTime = 46 s  ClockTime = 48 s

Time = 1000

U0 initRes: 2.236211304621223e-06 finalRes: 1.00397222565794e-08 nIters: 6
U1 initRes: 5.522605688671068e-06 finalRes: 1.700235366411146e-08 nIters: 8
U2 initRes: 1.548545429435144e-05 finalRes: 9.453843086087428e-08 nIters: 6
p initRes: 0.0002056774029215488 finalRes: 1.246878800827664e-06 nIters: 3
Time step continuity errors : sum local = 2.121150321261585e-05
                                 global = -7.6642435463633e-10
                             cumulative = -0.01192061662383874
T initRes: 1.862996954043561e-05 finalRes: 1.055124118337293e-07 nIters: 6
nuTilda initRes: 0.0003620288309276532 finalRes: 8.16038852604974e-07 nIters: 4
TP1: 88.11834098191655 final: 88.11834098191655
TP2: 35.77317661809609 final: 35.77317661809609
HFX: 301.8132376952099 final: 301.8132376952099
yPlus min: 1.845673850070172 max: 55.32510031147693 mean: 23.67001302563871
ExecutionTime = 46.45 s  ClockTime = 48 s

End

Moving time 1000 to 0.0007
Printing Primal Residual Statistics.
U Residual Norm2: (28.35240490506373 24.90493668913641 11.63068553143201)
U Residual Mean: (0.04085069639827467 0.03275723605253118 0.01527137460131582)
U Residual Max: (12.97562279029588 11.00981942383771 8.19140277843157)
p Residual Norm2: 8.196642455087732
p Residual Mean: 0.01414739466455416
p Residual Max: 2.849213592798241
T Residual Norm2: 43.50470742265053
T Residual Mean: 0.0514148749744236
T Residual Max: 20.60043844644211
nuTilda Residual Norm2: 0.4913830276370773
nuTilda Residual Mean: 0.0004757841357637249
nuTilda Residual Max: 0.2386526002107423
phi Residual Norm2: 0.04816139691825199
phi Residual Mean: 2.603625213409485e-05
phi Residual Max: 0.0297191976912985
Total Residual Norm2: 59.32517065789705
 
 
DAInputVolCoord. 
Setting volume coordinates. 
Checking mesh quality for time = 1000
    Overall domain bounding box (3.271629803834171e-39 -0.09450000000000007 -3.243971349708594e-07) (0.8445000000000003 0.09450000000000008 0.03750000000000003)
    Mesh has 3 geometric (non-empty/wedge) directions (1 1 1)
    Mesh has 3 solution (non-empty) directions (1 1 1)
    Boundary openness (-4.352769772195527e-19 1.680785268151388e-18 -8.038169182646009e-18) OK.
    Max cell openness = 4.193436464407808e-16 OK.
    Max aspect ratio = 69.08288552241922 OK.
    Minimum face area = 1.67311738033414e-06. Maximum face area = 0.001155838028156694.  Face area magnitudes OK.
    Min volume = 5.879983473646715e-09. Max volume = 1.309214665958173e-05.  Total volume = 0.00471983458977763.  Cell volumes OK.
    Mesh non-orthogonality Max: 3.512396037981414 average: 0.2800474370644591
    Non-orthogonality check OK.
    Face pyramids OK.
    Max skewness = 0.2181390275617234 OK.
    Coupled point location match (average 0) OK.

Mesh OK.

Running Primal Solver 008
Previous solution time 1000 not found and nothing deleted.
No finite volume options present

Starting time loop

Time = 1

U0 initRes: 2.297789762540539e-06 finalRes: 1.03539208166891e-08 nIters: 6
U1 initRes: 9.508607120144903e-06 finalRes: 7.032189643006837e-08 nIters: 6
U2 initRes: 3.092049827777078e-05 finalRes: 1.064428082746411e-07 nIters: 6
p initRes: 0.0003083283808766629 finalRes: 1.81057019894202e-06 nIters: 4
Time step continuity errors : sum local = 3.080265773988846e-05
                                 global = -7.336467771232687e-06
                             cumulative = -0.01192795309160997
T initRes: 1.88399952755306e-05 finalRes: 1.059959449485292e-07 nIters: 6
nuTilda initRes: 0.0002101825067127314 finalRes: 9.283317524535717e-07 nIters: 4
TP1: 88.11578460120093 final: 88.11578460120093
TP2: 35.77316123225469 final: 35.77316123225469
HFX: 301.8090157348978 final: 301.8090157348978
yPlus min: 1.854900804339528 max: 55.32436228953846 mean: 23.67038811209462
ExecutionTime = 46.58 s  ClockTime = 48 s

Time = 100

U0 initRes: 2.2555490627465e-06 finalRes: 1.005884256223001e-08 nIters: 6
U1 initRes: 5.537858470031417e-06 finalRes: 1.700410588518237e-08 nIters: 8
U2 initRes: 1.554258836564553e-05 finalRes: 9.489183748561351e-08 nIters: 6
p initRes: 0.0002057108700934931 finalRes: 7.547438553306358e-07 nIters: 3
Time step continuity errors : sum local = 1.283938300945809e-05
                                 global = -7.241631246025064e-08
                             cumulative = -0.01192802550792243
T initRes: 1.86546426748782e-05 finalRes: 1.056713559093377e-07 nIters: 6
nuTilda initRes: 0.0003621738217056135 finalRes: 8.154856601894928e-07 nIters: 4
TP1: 88.11850079439444 final: 88.11850079439444
TP2: 35.77318480624594 final: 35.77318480624594
HFX: 301.8124518596927 final: 301.8124518596927
yPlus min: 1.845136679455687 max: 55.32490841568502 mean: 23.66993589684196
ExecutionTime = 47.01 s  ClockTime = 49 s

Time = 200

U0 initRes: 2.245851637290596e-06 finalRes: 1.003499163917809e-08 nIters: 6
U1 initRes: 5.522876295708498e-06 finalRes: 1.699794776101134e-08 nIters: 8
U2 initRes: 1.550947411232129e-05 finalRes: 9.489063091134004e-08 nIters: 6
p initRes: 0.0002056551780139234 finalRes: 7.566292303823301e-07 nIters: 3
Time step continuity errors : sum local = 1.287145515219822e-05
                                 global = -8.187183941814914e-08
                             cumulative = -0.01192810737976185
T initRes: 1.865320386741395e-05 finalRes: 1.055216771950333e-07 nIters: 6
nuTilda initRes: 0.0003621106269463457 finalRes: 8.160353840112276e-07 nIters: 4
TP1: 88.11846974865696 final: 88.11846974865696
TP2: 35.77318238477964 final: 35.77318238477964
HFX: 301.812480137185 final: 301.812480137185
yPlus min: 1.845128384093645 max: 55.32491243478108 mean: 23.66993561815289
ExecutionTime = 47.45 s  ClockTime = 49 s

Time = 300

U0 initRes: 2.245851582575967e-06 finalRes: 1.003726073406286e-08 nIters: 6
U1 initRes: 5.523042217281339e-06 finalRes: 1.699888514998659e-08 nIters: 8
U2 initRes: 1.550906076387901e-05 finalRes: 9.488690563485417e-08 nIters: 6
p initRes: 0.0002056535498262213 finalRes: 7.562991165570956e-07 nIters: 3
Time step continuity errors : sum local = 1.286583987182573e-05
                                 global = -8.019676344194377e-08
                             cumulative = -0.01192818757652529
T initRes: 1.865293062517786e-05 finalRes: 1.055266434685974e-07 nIters: 6
nuTilda initRes: 0.0003621103388537914 finalRes: 8.160210137196608e-07 nIters: 4
TP1: 88.11846975288852 final: 88.11846975288852
TP2: 35.7731824181485 final: 35.7731824181485
HFX: 301.8124786046042 final: 301.8124786046042
yPlus min: 1.845128776907466 max: 55.32491214784904 mean: 23.66993572672177
ExecutionTime = 48 s  ClockTime = 50 s

Time = 400

U0 initRes: 2.245861214165353e-06 finalRes: 1.003703551532537e-08 nIters: 6
U1 initRes: 5.523070670061996e-06 finalRes: 1.699884728376119e-08 nIters: 8
U2 initRes: 1.550908905326042e-05 finalRes: 9.488700938237753e-08 nIters: 6
p initRes: 0.0002056535307350229 finalRes: 7.562843020543061e-07 nIters: 3
Time step continuity errors : sum local = 1.286558780462877e-05
                                 global = -8.018668513569014e-08
                             cumulative = -0.01192826776321043
T initRes: 1.865292183020416e-05 finalRes: 1.055268936239664e-07 nIters: 6
nuTilda initRes: 0.0003621104706849509 finalRes: 8.160181280363605e-07 nIters: 4
TP1: 88.11846986784684 final: 88.11846986784684
TP2: 35.77318242469741 final: 35.77318242469741
HFX: 301.8124785750783 final: 301.8124785750783
yPlus min: 1.845128787832373 max: 55.32491214795222 mean: 23.66993572171958
ExecutionTime = 48.46 s  ClockTime = 50 s

Time = 500

U0 initRes: 2.2458605114318e-06 finalRes: 1.00370376254994e-08 nIters: 6
U1 initRes: 5.523068575450873e-06 finalRes: 1.699884564090748e-08 nIters: 8
U2 initRes: 1.550908898810046e-05 finalRes: 9.488701817225152e-08 nIters: 6
p initRes: 0.000205653536160715 finalRes: 7.562860880879873e-07 nIters: 3
Time step continuity errors : sum local = 1.286561818559433e-05
                                 global = -8.019324636281846e-08
                             cumulative = -0.01192834795645679
T initRes: 1.865292274359166e-05 finalRes: 1.055268626837182e-07 nIters: 6
nuTilda initRes: 0.0003621104642956728 finalRes: 8.160183163375521e-07 nIters: 4
TP1: 88.11846986245817 final: 88.11846986245817
TP2: 35.77318242426276 final: 35.77318242426276
HFX: 301.8124785822364 final: 301.8124785822364
yPlus min: 1.845128785847645 max: 55.3249121490143 mean: 23.66993572155603
ExecutionTime = 49.07 s  ClockTime = 51 s

Time = 600

U0 initRes: 2.245860507832848e-06 finalRes: 1.003703835575844e-08 nIters: 6
U1 initRes: 5.52306857014577e-06 finalRes: 1.699884586293711e-08 nIters: 8
U2 initRes: 1.550908888686064e-05 finalRes: 9.488701736891181e-08 nIters: 6
p initRes: 0.0002056535359688048 finalRes: 7.562860579391322e-07 nIters: 3
Time step continuity errors : sum local = 1.286561771261687e-05
                                 global = -8.019295930707839e-08
                             cumulative = -0.0119284281494161
T initRes: 1.865292272578662e-05 finalRes: 1.055268637074279e-07 nIters: 6
nuTilda initRes: 0.0003621104640913973 finalRes: 8.16018318041092e-07 nIters: 4
TP1: 88.11846986229131 final: 88.11846986229131
TP2: 35.77318242425908 final: 35.77318242425908
HFX: 301.8124785820058 final: 301.8124785820058
yPlus min: 1.845128785904564 max: 55.32491214896338 mean: 23.6699357215825
ExecutionTime = 49.54 s  ClockTime = 51 s

Time = 700

U0 initRes: 2.245860510922257e-06 finalRes: 1.003703831371969e-08 nIters: 6
U1 initRes: 5.523068578645995e-06 finalRes: 1.699884585451812e-08 nIters: 8
U2 initRes: 1.550908889169992e-05 finalRes: 9.488701737651413e-08 nIters: 6
p initRes: 0.0002056535359566126 finalRes: 7.562860514939216e-07 nIters: 3
Time step continuity errors : sum local = 1.286561760077324e-05
                                 global = -8.019286943783761e-08
                             cumulative = -0.01192850834228554
T initRes: 1.865292272297231e-05 finalRes: 1.055268622409283e-07 nIters: 6
nuTilda initRes: 0.0003621104641250116 finalRes: 8.160183172538655e-07 nIters: 4
TP1: 88.11846986232585 final: 88.11846986232585
TP2: 35.77318242426077 final: 35.77318242426077
HFX: 301.8124785819897 final: 301.8124785819897
yPlus min: 1.845128785907497 max: 55.32491214896188 mean: 23.66993572158182
ExecutionTime = 49.96 s  ClockTime = 52 s

Time = 800

U0 initRes: 2.245860510853199e-06 finalRes: 1.003703831082497e-08 nIters: 6
U1 initRes: 5.523068578175382e-06 finalRes: 1.699884587174625e-08 nIters: 8
U2 initRes: 1.55090888916469e-05 finalRes: 9.488701736282217e-08 nIters: 6
p initRes: 0.0002056535359555217 finalRes: 7.562860570873969e-07 nIters: 3
Time step continuity errors : sum local = 1.28656176369894e-05
                                 global = -8.019293169785185e-08
                             cumulative = -0.01192858853521724
T initRes: 1.865292272391137e-05 finalRes: 1.055268637499435e-07 nIters: 6
nuTilda initRes: 0.0003621104641241913 finalRes: 8.160183172758286e-07 nIters: 4
TP1: 88.11846986234806 final: 88.11846986234806
TP2: 35.77318242426134 final: 35.77318242426134
HFX: 301.8124785819913 final: 301.8124785819913
yPlus min: 1.845128785907498 max: 55.32491214896199 mean: 23.66993572158179
ExecutionTime = 50.39 s  ClockTime = 52 s

Time = 900

U0 initRes: 2.245860511090209e-06 finalRes: 1.003703830612206e-08 nIters: 6
U1 initRes: 5.523068578018766e-06 finalRes: 1.699884586610584e-08 nIters: 8
U2 initRes: 1.55090888918237e-05 finalRes: 9.488701737081022e-08 nIters: 6
p initRes: 0.0002056535359588399 finalRes: 7.562860597093313e-07 nIters: 3
Time step continuity errors : sum local = 1.286561768854928e-05
                                 global = -8.019278217113026e-08
                             cumulative = -0.01192866872799941
T initRes: 1.865292272278913e-05 finalRes: 1.055268627866671e-07 nIters: 6
nuTilda initRes: 0.0003621104641239365 finalRes: 8.160183172961513e-07 nIters: 4
TP1: 88.11846986236561 final: 88.11846986236561
TP2: 35.77318242426168 final: 35.77318242426168
HFX: 301.8124785819907 final: 301.8124785819907
yPlus min: 1.845128785909546 max: 55.32491214896194 mean: 23.6699357215818
ExecutionTime = 50.86 s  ClockTime = 53 s

Time = 1000

U0 initRes: 2.245860512374132e-06 finalRes: 1.00370383234814e-08 nIters: 6
U1 initRes: 5.523068579494532e-06 finalRes: 1.699884585910237e-08 nIters: 8
U2 initRes: 1.550908889038467e-05 finalRes: 9.488701737221401e-08 nIters: 6
p initRes: 0.0002056535359585159 finalRes: 7.562860485668348e-07 nIters: 3
Time step continuity errors : sum local = 1.286561753030855e-05
                                 global = -8.01927115602645e-08
                             cumulative = -0.01192874892071097
T initRes: 1.865292272322034e-05 finalRes: 1.055268645356116e-07 nIters: 6
nuTilda initRes: 0.0003621104641245603 finalRes: 8.16018317272054e-07 nIters: 4
TP1: 88.11846986234474 final: 88.11846986234474
TP2: 35.77318242425998 final: 35.77318242425998
HFX: 301.8124785819906 final: 301.8124785819906
yPlus min: 1.845128785905395 max: 55.32491214896201 mean: 23.66993572158162
ExecutionTime = 51.42 s  ClockTime = 53 s

End

Moving time 1000 to 0.0008
Printing Primal Residual Statistics.
U Residual Norm2: (28.35045209901197 24.90698005056498 11.62402728229067)
U Residual Mean: (0.04088978348491164 0.03273908561270699 0.01525048882754465)
U Residual Max: (12.97974738822496 11.01122777622528 8.187537581066662)
p Residual Norm2: 8.197293306371778
p Residual Mean: 0.01414366105042395
p Residual Max: 2.84959664577582
T Residual Norm2: 43.51098889043205
T Residual Mean: 0.05142960188263494
T Residual Max: 20.60416567895286
nuTilda Residual Norm2: 0.4914017471446617
nuTilda Residual Mean: 0.0004757382047375852
nuTilda Residual Max: 0.2386664187091487
phi Residual Norm2: 0.04815411920775823
phi Residual Mean: 2.610565659662568e-05
phi Residual Max: 0.02971916097074001
Total Residual Norm2: 59.32848696863367
 
 
DAInputVolCoord. 
Setting volume coordinates. 
Checking mesh quality for time = 1000
    Overall domain bounding box (-1.705509634749152e-10 -0.09450000000000007 -1.141978851980945e-07) (0.8445000000000003 0.09450000000000008 0.03750000000000003)
    Mesh has 3 geometric (non-empty/wedge) directions (1 1 1)
    Mesh has 3 solution (non-empty) directions (1 1 1)
    Boundary openness (1.187627127054676e-17 2.017679299818164e-17 -8.802260637089006e-17) OK.
    Max cell openness = 3.56214309305739e-16 OK.
    Max aspect ratio = 69.08288552274338 OK.
    Minimum face area = 1.673117199606094e-06. Maximum face area = 0.001155838013968199.  Face area magnitudes OK.
    Min volume = 5.879984983359411e-09. Max volume = 1.309214607327398e-05.  Total volume = 0.004719832455597938.  Cell volumes OK.
    Mesh non-orthogonality Max: 3.512355880789903 average: 0.2801195037924926
    Non-orthogonality check OK.
    Face pyramids OK.
    Max skewness = 0.2181378429714637 OK.
    Coupled point location match (average 0) OK.

Mesh OK.

Running Primal Solver 009
Previous solution time 1000 not found and nothing deleted.
No finite volume options present

Starting time loop

Time = 1

U0 initRes: 2.29103226632837e-06 finalRes: 1.017356626498318e-08 nIters: 6
U1 initRes: 6.819456478597427e-06 finalRes: 6.559945790731033e-08 nIters: 6
U2 initRes: 2.300970073839371e-05 finalRes: 9.700509691597969e-08 nIters: 6
p initRes: 0.0002456890632455161 finalRes: 1.998824421924107e-06 nIters: 5
Time step continuity errors : sum local = 3.400506256349783e-05
                                 global = 1.928730921717415e-07
                             cumulative = -0.0119285560476188
T initRes: 1.830610819873636e-05 finalRes: 1.051232950496672e-07 nIters: 6
nuTilda initRes: 0.0002099667544699111 finalRes: 9.266757786331716e-07 nIters: 4
TP1: 88.11865836979381 final: 88.11865836979381
TP2: 35.77318286928843 final: 35.77318286928843
HFX: 301.8080763566907 final: 301.8080763566907
yPlus min: 1.853275361407837 max: 55.32628567624983 mean: 23.67030843983689
ExecutionTime = 51.54 s  ClockTime = 54 s

Time = 100

U0 initRes: 2.244829898416223e-06 finalRes: 1.003374748977662e-08 nIters: 6
U1 initRes: 5.530161701737249e-06 finalRes: 1.699503326930978e-08 nIters: 8
U2 initRes: 1.551905296246495e-05 finalRes: 9.467048120568253e-08 nIters: 6
p initRes: 0.0002058092365686676 finalRes: 1.39158091523022e-06 nIters: 3
Time step continuity errors : sum local = 2.367339021360755e-05
                                 global = 4.801081007311851e-07
                             cumulative = -0.01192807593951807
T initRes: 1.864584888642775e-05 finalRes: 1.054225116343516e-07 nIters: 6
nuTilda initRes: 0.0003619831583770169 finalRes: 8.162731370742405e-07 nIters: 4
TP1: 88.11831160007431 final: 88.11831160007431
TP2: 35.7731533654675 final: 35.7731533654675
HFX: 301.8147964151303 final: 301.8147964151303
yPlus min: 1.846576569549901 max: 55.32516197302687 mean: 23.670041636441
ExecutionTime = 51.97 s  ClockTime = 54 s

Time = 200

U0 initRes: 2.240714741141397e-06 finalRes: 1.00952677430351e-08 nIters: 6
U1 initRes: 5.528379598014736e-06 finalRes: 1.701349291643996e-08 nIters: 8
U2 initRes: 1.549134544199343e-05 finalRes: 9.45784590446202e-08 nIters: 6
p initRes: 0.0002056956709434076 finalRes: 1.381768583905685e-06 nIters: 3
Time step continuity errors : sum local = 2.350648243767984e-05
                                 global = 4.552802668272838e-07
                             cumulative = -0.01192762065925124
T initRes: 1.863520403830505e-05 finalRes: 1.054774369603943e-07 nIters: 6
nuTilda initRes: 0.0003619652824267129 finalRes: 8.161332838240313e-07 nIters: 4
TP1: 88.11830162981649 final: 88.11830162981649
TP2: 35.77315288281765 final: 35.77315288281765
HFX: 301.8147680278967 final: 301.8147680278967
yPlus min: 1.846583722952712 max: 55.32515620653221 mean: 23.67004421258238
ExecutionTime = 52.4 s  ClockTime = 54 s

Time = 300

U0 initRes: 2.240822548274017e-06 finalRes: 1.009069603271821e-08 nIters: 6
U1 initRes: 5.529016733921114e-06 finalRes: 1.701282535872603e-08 nIters: 8
U2 initRes: 1.549213028940629e-05 finalRes: 9.457979431695867e-08 nIters: 6
p initRes: 0.000205695796305495 finalRes: 1.380141008180535e-06 nIters: 3
Time step continuity errors : sum local = 2.347879359828882e-05
                                 global = 4.551259936259625e-07
                             cumulative = -0.01192716553325761
T initRes: 1.863482029305505e-05 finalRes: 1.054832304170786e-07 nIters: 6
nuTilda initRes: 0.0003619666058908927 finalRes: 8.160700769311231e-07 nIters: 4
TP1: 88.11830406230591 final: 88.11830406230591
TP2: 35.77315302420588 final: 35.77315302420588
HFX: 301.8147671142038 final: 301.8147671142038
yPlus min: 1.846584005947768 max: 55.32515616554019 mean: 23.6700441197093
ExecutionTime = 52.85 s  ClockTime = 55 s

Time = 400

U0 initRes: 2.240805580816041e-06 finalRes: 1.009070941374024e-08 nIters: 6
U1 initRes: 5.528977167118746e-06 finalRes: 1.701278740722791e-08 nIters: 8
U2 initRes: 1.549208635426372e-05 finalRes: 9.458003490729324e-08 nIters: 6
p initRes: 0.0002056958531569641 finalRes: 1.380272945649829e-06 nIters: 3
Time step continuity errors : sum local = 2.348103809920547e-05
                                 global = 4.551749901408181e-07
                             cumulative = -0.01192671035826747
T initRes: 1.863483854183708e-05 finalRes: 1.054826409035692e-07 nIters: 6
nuTilda initRes: 0.0003619665287628175 finalRes: 8.160737492114863e-07 nIters: 4
TP1: 88.11830396598796 final: 88.11830396598796
TP2: 35.77315301719918 final: 35.77315301719918
HFX: 301.814767261021 final: 301.814767261021
yPlus min: 1.846583966096883 max: 55.32515618746777 mean: 23.67004411577549
ExecutionTime = 53.3 s  ClockTime = 55 s

Time = 500

U0 initRes: 2.240805675176072e-06 finalRes: 1.009072505784333e-08 nIters: 6
U1 initRes: 5.528976832434287e-06 finalRes: 1.701279174504474e-08 nIters: 8
U2 initRes: 1.549208536027894e-05 finalRes: 9.458001744913407e-08 nIters: 6
p initRes: 0.0002056958478929664 finalRes: 1.380272121630029e-06 nIters: 3
Time step continuity errors : sum local = 2.348102408011495e-05
                                 global = 4.551728431772885e-07
                             cumulative = -0.0119262551854243
T initRes: 1.863483850291066e-05 finalRes: 1.054826478736505e-07 nIters: 6
nuTilda initRes: 0.000361966525288692 finalRes: 8.160737954851242e-07 nIters: 4
TP1: 88.11830396211845 final: 88.11830396211845
TP2: 35.77315301704913 final: 35.77315301704913
HFX: 301.8147672567254 final: 301.8147672567254
yPlus min: 1.846583967113433 max: 55.325156186482 mean: 23.67004411631024
ExecutionTime = 53.78 s  ClockTime = 56 s

Time = 600

U0 initRes: 2.240805731378999e-06 finalRes: 1.009072420019892e-08 nIters: 6
U1 initRes: 5.528976995014111e-06 finalRes: 1.701279165991392e-08 nIters: 8
U2 initRes: 1.549208557122303e-05 finalRes: 9.458001746069828e-08 nIters: 6
p initRes: 0.0002056958479423579 finalRes: 1.380271698151943e-06 nIters: 3
Time step continuity errors : sum local = 2.348101689105081e-05
                                 global = 4.551729592114861e-07
                             cumulative = -0.01192580001246508
T initRes: 1.863483843611931e-05 finalRes: 1.054826504055077e-07 nIters: 6
nuTilda initRes: 0.0003619665257494856 finalRes: 8.160737796408664e-07 nIters: 4
TP1: 88.11830396268884 final: 88.11830396268884
TP2: 35.77315301708491 final: 35.77315301708491
HFX: 301.8147672564086 final: 301.8147672564086
yPlus min: 1.846583967208232 max: 55.32515618645264 mean: 23.67004411629741
ExecutionTime = 54.33 s  ClockTime = 56 s

Time = 700

U0 initRes: 2.240805728443769e-06 finalRes: 1.009072419331829e-08 nIters: 6
U1 initRes: 5.528976987981883e-06 finalRes: 1.701279166332664e-08 nIters: 8
U2 initRes: 1.549208556484284e-05 finalRes: 9.458001753527511e-08 nIters: 6
p initRes: 0.0002056958479662838 finalRes: 1.380271712562395e-06 nIters: 3
Time step continuity errors : sum local = 2.348101711881502e-05
                                 global = 4.551729676882907e-07
                             cumulative = -0.0119253448394974
T initRes: 1.863483844030776e-05 finalRes: 1.054826508599637e-07 nIters: 6
nuTilda initRes: 0.0003619665257383684 finalRes: 8.160737802761039e-07 nIters: 4
TP1: 88.11830396266646 final: 88.11830396266646
TP2: 35.77315301708436 final: 35.77315301708436
HFX: 301.8147672564403 final: 301.8147672564403
yPlus min: 1.846583967199154 max: 55.32515618645761 mean: 23.67004411629611
ExecutionTime = 54.79 s  ClockTime = 57 s

Time = 800

U0 initRes: 2.240805730527313e-06 finalRes: 1.009072420120142e-08 nIters: 6
U1 initRes: 5.528976989400894e-06 finalRes: 1.701279165190834e-08 nIters: 8
U2 initRes: 1.549208556481085e-05 finalRes: 9.458001752456707e-08 nIters: 6
p initRes: 0.0002056958479892166 finalRes: 1.380271724102264e-06 nIters: 3
Time step continuity errors : sum local = 2.348101734979087e-05
                                 global = 4.551729763695917e-07
                             cumulative = -0.01192488966652103
T initRes: 1.86348384407193e-05 finalRes: 1.054826507080749e-07 nIters: 6
nuTilda initRes: 0.0003619665257386726 finalRes: 8.160737803012571e-07 nIters: 4
TP1: 88.11830396264736 final: 88.11830396264736
TP2: 35.77315301708393 final: 35.77315301708393
HFX: 301.8147672564391 final: 301.8147672564391
yPlus min: 1.846583967195446 max: 55.32515618645748 mean: 23.67004411629607
ExecutionTime = 55.28 s  ClockTime = 57 s

Time = 900

U0 initRes: 2.24080573128421e-06 finalRes: 1.009072421311237e-08 nIters: 6
U1 initRes: 5.528976989483644e-06 finalRes: 1.701279165113049e-08 nIters: 8
U2 initRes: 1.549208556502527e-05 finalRes: 9.458001753736472e-08 nIters: 6
p initRes: 0.0002056958480049218 finalRes: 1.380271707625216e-06 nIters: 3
Time step continuity errors : sum local = 2.348101700665413e-05
                                 global = 4.551728210567214e-07
                             cumulative = -0.01192443449369997
T initRes: 1.86348384413145e-05 finalRes: 1.054826511333898e-07 nIters: 6
nuTilda initRes: 0.0003619665257390827 finalRes: 8.1607378027258e-07 nIters: 4
TP1: 88.11830396264617 final: 88.11830396264617
TP2: 35.77315301708234 final: 35.77315301708234
HFX: 301.8147672564375 final: 301.8147672564375
yPlus min: 1.846583967193252 max: 55.32515618645724 mean: 23.67004411629585
ExecutionTime = 55.81 s  ClockTime = 58 s

Time = 1000

U0 initRes: 2.240805728902485e-06 finalRes: 1.009072419514262e-08 nIters: 6
U1 initRes: 5.528976987897618e-06 finalRes: 1.701279166230573e-08 nIters: 8
U2 initRes: 1.54920855631352e-05 finalRes: 9.458001752187489e-08 nIters: 6
p initRes: 0.0002056958479678195 finalRes: 1.380271703518201e-06 nIters: 3
Time step continuity errors : sum local = 2.348101698581792e-05
                                 global = 4.55172918947992e-07
                             cumulative = -0.01192397932078102
T initRes: 1.863483843880925e-05 finalRes: 1.054826502054644e-07 nIters: 6
nuTilda initRes: 0.0003619665257375243 finalRes: 8.16073780293454e-07 nIters: 4
TP1: 88.11830396265663 final: 88.11830396265663
TP2: 35.77315301708457 final: 35.77315301708457
HFX: 301.8147672564397 final: 301.8147672564397
yPlus min: 1.84658396719685 max: 55.32515618645751 mean: 23.67004411629614
ExecutionTime = 56.35 s  ClockTime = 58 s

End

Moving time 1000 to 0.0009
Printing Primal Residual Statistics.
U Residual Norm2: (28.35161740645131 24.90367631737476 11.63035072437372)
U Residual Mean: (0.04088753999584421 0.03278180036558501 0.01527504330577633)
U Residual Max: (12.97908208411207 11.00894933736606 8.188960341789738)
p Residual Norm2: 8.19599665711158
p Residual Mean: 0.01414870950407963
p Residual Max: 2.8491233995115
T Residual Norm2: 43.49798636976614
T Residual Mean: 0.05141552043803118
T Residual Max: 20.59304741220527
nuTilda Residual Norm2: 0.4913562641072101
nuTilda Residual Mean: 0.0004758223963667949
nuTilda Residual Max: 0.2386416639892393
phi Residual Norm2: 0.04816190014956569
phi Residual Mean: 2.606722427684425e-05
phi Residual Max: 0.0297287212686288
Total Residual Norm2: 59.31918148144793
 
 
DAInputVolCoord. 
Setting volume coordinates. 
Checking mesh quality for time = 1000
    Overall domain bounding box (4.642065547493551e-39 -0.09450000000000007 -8.561815256368091e-08) (0.8445000000000003 0.09450000000000008 0.03750000000000003)
    Mesh has 3 geometric (non-empty/wedge) directions (1 1 1)
    Mesh has 3 solution (non-empty) directions (1 1 1)
    Boundary openness (-5.11622953434689e-18 6.685931383493684e-18 -9.816117319814258e-17) OK.
    Max cell openness = 4.085099520216827e-16 OK.
    Max aspect ratio = 69.08288552252039 OK.
    Minimum face area = 1.673111837594529e-06. Maximum face area = 0.001155838044481377.  Face area magnitudes OK.
    Min volume = 5.87991739184036e-09. Max volume = 1.309214664395118e-05.  Total volume = 0.004719833796828861.  Cell volumes OK.
    Mesh non-orthogonality Max: 3.512307455197495 average: 0.2800011751485001
    Non-orthogonality check OK.
    Face pyramids OK.
    Max skewness = 0.218135305046313 OK.
    Coupled point location match (average 0) OK.

Mesh OK.

Running Primal Solver 010
Previous solution time 1000 not found and nothing deleted.
No finite volume options present

Starting time loop

Time = 1

U0 initRes: 2.280070769493871e-06 finalRes: 1.023325363129793e-08 nIters: 6
U1 initRes: 6.876425378859773e-06 finalRes: 6.613498032558654e-08 nIters: 6
U2 initRes: 1.932203472653299e-05 finalRes: 1.005616768179358e-07 nIters: 6
p initRes: 0.0002400718861743221 finalRes: 1.400326212562956e-06 nIters: 3
Time step continuity errors : sum local = 2.382342569362297e-05
                                 global = 1.509517810477215e-07
                             cumulative = -0.01192382836899998
T initRes: 1.825490954351387e-05 finalRes: 1.051683525206876e-07 nIters: 6
nuTilda initRes: 0.0002099211020847268 finalRes: 9.266348583672099e-07 nIters: 4
TP1: 88.11877797518167 final: 88.11877797518167
TP2: 35.77315420525138 final: 35.77315420525138
HFX: 301.8103665692288 final: 301.8103665692288
yPlus min: 1.855628268402219 max: 55.32422419850313 mean: 23.67040468313479
ExecutionTime = 56.48 s  ClockTime = 59 s

Time = 100

U0 initRes: 2.246572720965212e-06 finalRes: 1.003496586289334e-08 nIters: 6
U1 initRes: 5.524411963006215e-06 finalRes: 1.700000616699897e-08 nIters: 8
U2 initRes: 1.550390006825546e-05 finalRes: 9.488203684587717e-08 nIters: 6
p initRes: 0.0002056199648354375 finalRes: 7.448126571142824e-07 nIters: 3
Time step continuity errors : sum local = 1.267064505403233e-05
                                 global = 7.722103854817217e-09
                             cumulative = -0.01192382064689612
T initRes: 1.864922321114053e-05 finalRes: 1.055429403637818e-07 nIters: 6
nuTilda initRes: 0.000362042313173274 finalRes: 8.159035464035784e-07 nIters: 4
TP1: 88.11832547676075 final: 88.11832547676075
TP2: 35.77315471451389 final: 35.77315471451389
HFX: 301.8146007765614 final: 301.8146007765614
yPlus min: 1.846765005695237 max: 55.32478324492148 mean: 23.67003787121788
ExecutionTime = 56.99 s  ClockTime = 59 s

Time = 200

U0 initRes: 2.245014062306665e-06 finalRes: 1.003260667523806e-08 nIters: 6
U1 initRes: 5.522240659510451e-06 finalRes: 1.699854752603279e-08 nIters: 8
U2 initRes: 1.550312688190827e-05 finalRes: 9.488696150740603e-08 nIters: 6
p initRes: 0.0002056204088508219 finalRes: 7.454128664251063e-07 nIters: 3
Time step continuity errors : sum local = 1.268085492541027e-05
                                 global = 6.087826874100117e-09
                             cumulative = -0.01192381455906925
T initRes: 1.864919177004834e-05 finalRes: 1.055165032130372e-07 nIters: 6
nuTilda initRes: 0.0003620347761842399 finalRes: 8.160394483724065e-07 nIters: 4
TP1: 88.11832106877509 final: 88.11832106877509
TP2: 35.77315433407777 final: 35.77315433407777
HFX: 301.8146054926687 final: 301.8146054926687
yPlus min: 1.846763369686707 max: 55.32478396326541 mean: 23.67003768392776
ExecutionTime = 57.54 s  ClockTime = 60 s

Time = 300

U0 initRes: 2.245011747537963e-06 finalRes: 1.003319231713742e-08 nIters: 6
U1 initRes: 5.522243299285805e-06 finalRes: 1.699871989735219e-08 nIters: 8
U2 initRes: 1.550305289066176e-05 finalRes: 9.488634989424275e-08 nIters: 6
p initRes: 0.0002056202565142058 finalRes: 7.453865104631411e-07 nIters: 3
Time step continuity errors : sum local = 1.268040660342111e-05
                                 global = 6.121467083375523e-09
                             cumulative = -0.01192380843760216
T initRes: 1.864916449020088e-05 finalRes: 1.055169580295468e-07 nIters: 6
nuTilda initRes: 0.0003620346204365738 finalRes: 8.160400541548076e-07 nIters: 4
TP1: 88.11832094815668 final: 88.11832094815668
TP2: 35.77315433019054 final: 35.77315433019054
HFX: 301.8146053026467 final: 301.8146053026467
yPlus min: 1.846763416633699 max: 55.32478392121671 mean: 23.67003770520247
ExecutionTime = 58.08 s  ClockTime = 60 s

Time = 400

U0 initRes: 2.245013899907423e-06 finalRes: 1.003315828981049e-08 nIters: 6
U1 initRes: 5.52224937617469e-06 finalRes: 1.699871613336179e-08 nIters: 8
U2 initRes: 1.550305697036193e-05 finalRes: 9.488635567114547e-08 nIters: 6
p initRes: 0.0002056202477473617 finalRes: 7.453826094809187e-07 nIters: 3
Time step continuity errors : sum local = 1.268034023874226e-05
                                 global = 6.122824868814644e-09
                             cumulative = -0.01192380231477729
T initRes: 1.8649162387612e-05 finalRes: 1.055170255318614e-07 nIters: 6
nuTilda initRes: 0.0003620346450654054 finalRes: 8.160394559943385e-07 nIters: 4
TP1: 88.11832096983314 final: 88.11832096983314
TP2: 35.7731543315169 final: 35.7731543315169
HFX: 301.8146052912964 final: 301.8146052912964
yPlus min: 1.84676342016202 max: 55.32478392016581 mean: 23.67003770465645
ExecutionTime = 58.6 s  ClockTime = 61 s

Time = 500

U0 initRes: 2.245013799247927e-06 finalRes: 1.003315784040029e-08 nIters: 6
U1 initRes: 5.522249078467351e-06 finalRes: 1.699871566656808e-08 nIters: 8
U2 initRes: 1.550305705490554e-05 finalRes: 9.488635772350425e-08 nIters: 6
p initRes: 0.0002056202487690031 finalRes: 7.453828707329845e-07 nIters: 3
Time step continuity errors : sum local = 1.268034473475331e-05
                                 global = 6.122878597826393e-09
                             cumulative = -0.0119237961918987
T initRes: 1.864916253230175e-05 finalRes: 1.055170199771626e-07 nIters: 6
nuTilda initRes: 0.0003620346444460266 finalRes: 8.160394811205278e-07 nIters: 4
TP1: 88.11832096927067 final: 88.11832096927067
TP2: 35.77315433146531 final: 35.77315433146531
HFX: 301.8146052925464 final: 301.8146052925464
yPlus min: 1.846763419823586 max: 55.32478392036843 mean: 23.6700377046065
ExecutionTime = 59.06 s  ClockTime = 61 s

Time = 600

U0 initRes: 2.245013795384845e-06 finalRes: 1.003315797973817e-08 nIters: 6
U1 initRes: 5.522249069416163e-06 finalRes: 1.699871570091528e-08 nIters: 8
U2 initRes: 1.550305703619605e-05 finalRes: 9.488635761736723e-08 nIters: 6
p initRes: 0.0002056202487498748 finalRes: 7.453828779007191e-07 nIters: 3
Time step continuity errors : sum local = 1.26803448856425e-05
                                 global = 6.122928715347956e-09
                             cumulative = -0.01192379006896998
T initRes: 1.864916253311412e-05 finalRes: 1.055170197223005e-07 nIters: 6
nuTilda initRes: 0.0003620346443823816 finalRes: 8.160394821850239e-07 nIters: 4
TP1: 88.1183209692331 final: 88.1183209692331
TP2: 35.77315433146362 final: 35.77315433146362
HFX: 301.8146052925296 final: 301.8146052925296
yPlus min: 1.846763419827973 max: 55.32478392036266 mean: 23.67003770461097
ExecutionTime = 59.59 s  ClockTime = 62 s

Time = 700

U0 initRes: 2.245013795689868e-06 finalRes: 1.003315797667214e-08 nIters: 6
U1 initRes: 5.522249071743364e-06 finalRes: 1.699871570019652e-08 nIters: 8
U2 initRes: 1.550305703551092e-05 finalRes: 9.488635760653605e-08 nIters: 6
p initRes: 0.0002056202487435457 finalRes: 7.453828698702744e-07 nIters: 3
Time step continuity errors : sum local = 1.26803446699986e-05
                                 global = 6.122906364229179e-09
                             cumulative = -0.01192378394606361
T initRes: 1.864916253516964e-05 finalRes: 1.055170188877169e-07 nIters: 6
nuTilda initRes: 0.000362034644387542 finalRes: 8.160394820339396e-07 nIters: 4
TP1: 88.11832096920719 final: 88.11832096920719
TP2: 35.77315433146475 final: 35.77315433146475
HFX: 301.814605292527 final: 301.814605292527
yPlus min: 1.846763419829433 max: 55.32478392036234 mean: 23.67003770461101
ExecutionTime = 60.08 s  ClockTime = 62 s

Time = 800

U0 initRes: 2.245013796660736e-06 finalRes: 1.003315798096349e-08 nIters: 6
U1 initRes: 5.522249071116415e-06 finalRes: 1.699871569931505e-08 nIters: 8
U2 initRes: 1.550305703618957e-05 finalRes: 9.488635761148671e-08 nIters: 6
p initRes: 0.0002056202487534377 finalRes: 7.453828607770465e-07 nIters: 3
Time step continuity errors : sum local = 1.268034457436575e-05
                                 global = 6.122734054775606e-09
                             cumulative = -0.01192377782332956
T initRes: 1.864916253229628e-05 finalRes: 1.055170211265289e-07 nIters: 6
nuTilda initRes: 0.0003620346443876998 finalRes: 8.160394820310684e-07 nIters: 4
TP1: 88.11832096920155 final: 88.11832096920155
TP2: 35.77315433146328 final: 35.77315433146328
HFX: 301.8146052925251 final: 301.8146052925251
yPlus min: 1.846763419828058 max: 55.32478392036215 mean: 23.6700377046109
ExecutionTime = 60.64 s  ClockTime = 63 s

Time = 900

U0 initRes: 2.245013796319341e-06 finalRes: 1.003315797770424e-08 nIters: 6
U1 initRes: 5.52224907200961e-06 finalRes: 1.69987157018667e-08 nIters: 8
U2 initRes: 1.550305703522822e-05 finalRes: 9.488635761094361e-08 nIters: 6
p initRes: 0.0002056202487496609 finalRes: 7.453828674564973e-07 nIters: 3
Time step continuity errors : sum local = 1.268034466057873e-05
                                 global = 6.122893059431962e-09
                             cumulative = -0.0119237717004365
T initRes: 1.864916253162071e-05 finalRes: 1.055170201582996e-07 nIters: 6
nuTilda initRes: 0.0003620346443874459 finalRes: 8.160394820435341e-07 nIters: 4
TP1: 88.11832096919629 final: 88.11832096919629
TP2: 35.7731543314647 final: 35.7731543314647
HFX: 301.8146052925276 final: 301.8146052925276
yPlus min: 1.84676341982818 max: 55.32478392036236 mean: 23.67003770461109
ExecutionTime = 61.1 s  ClockTime = 63 s

Time = 1000

U0 initRes: 2.245013796538558e-06 finalRes: 1.003315798156142e-08 nIters: 6
U1 initRes: 5.522249072099396e-06 finalRes: 1.699871570192644e-08 nIters: 8
U2 initRes: 1.550305703656899e-05 finalRes: 9.488635761160655e-08 nIters: 6
p initRes: 0.000205620248751126 finalRes: 7.453828722564133e-07 nIters: 3
Time step continuity errors : sum local = 1.268034472641635e-05
                                 global = 6.122927934002001e-09
                             cumulative = -0.01192376557750857
T initRes: 1.864916253182476e-05 finalRes: 1.055170200082863e-07 nIters: 6
nuTilda initRes: 0.0003620346443878222 finalRes: 8.160394820198454e-07 nIters: 4
TP1: 88.11832096922029 final: 88.11832096922029
TP2: 35.77315433146418 final: 35.77315433146418
HFX: 301.8146052925266 final: 301.8146052925266
yPlus min: 1.846763419827008 max: 55.32478392036242 mean: 23.67003770461095
ExecutionTime = 61.61 s  ClockTime = 64 s

End

Moving time 1000 to 0.001
Printing Primal Residual Statistics.
U Residual Norm2: (28.34893019067826 24.90594354691498 11.62260139658839)
U Residual Mean: (0.04089185283428824 0.0327387148920581 0.01525334675434476)
U Residual Max: (12.97979910178434 11.01044352103669 8.183636850767298)
p Residual Norm2: 8.196354377337018
p Residual Mean: 0.01414404548217982
p Residual Max: 2.849560028154181
T Residual Norm2: 43.50187095209409
T Residual Mean: 0.05142684534959736
T Residual Max: 20.59392672351449
nuTilda Residual Norm2: 0.4913805322992651
nuTilda Residual Mean: 0.0004758139264287084
nuTilda Residual Max: 0.2386594035821459
phi Residual Norm2: 0.04814838511291766
phi Residual Mean: 2.610313097880388e-05
phi Residual Max: 0.02971935522265587
Total Residual Norm2: 59.32022846085552
 
 
DAInputVolCoord. 
Setting volume coordinates. 
Checking mesh quality for time = 1000
    Overall domain bounding box (-2.356574066012391e-10 -0.09450000000000007 -2.117327715198646e-07) (0.8445000000000003 0.09450000000000008 0.03750000000000003)
    Mesh has 3 geometric (non-empty/wedge) directions (1 1 1)
    Mesh has 3 solution (non-empty) directions (1 1 1)
    Boundary openness (1.72932834448233e-17 -9.48188281594558e-18 -6.865914317504218e-17) OK.
    Max cell openness = 3.312370410221679e-16 OK.
    Max aspect ratio = 69.08288552271979 OK.
    Minimum face area = 1.673105643755863e-06. Maximum face area = 0.001155838025035126.  Face area magnitudes OK.
    Min volume = 5.87998496673159e-09. Max volume = 1.309214619197102e-05.  Total volume = 0.004719833248502172.  Cell volumes OK.
    Mesh non-orthogonality Max: 3.516836698716856 average: 0.2801694335358269
    Non-orthogonality check OK.
    Face pyramids OK.
    Max skewness = 0.2181344583913463 OK.
    Coupled point location match (average 0) OK.

Mesh OK.

Running Primal Solver 011
Previous solution time 1000 not found and nothing deleted.
No finite volume options present

Starting time loop

Time = 1

U0 initRes: 2.281274547943527e-06 finalRes: 1.017652375339152e-08 nIters: 6
U1 initRes: 6.963670665953241e-06 finalRes: 6.63204358379873e-08 nIters: 6
U2 initRes: 2.168019586469218e-05 finalRes: 1.029480550666359e-07 nIters: 6
p initRes: 0.0002428980571935949 finalRes: 2.158500731361853e-06 nIters: 4
Time step continuity errors : sum local = 3.67221380678864e-05
                                 global = 1.680972114316808e-06
                             cumulative = -0.01192208460539425
T initRes: 1.828058145698121e-05 finalRes: 1.052189657787428e-07 nIters: 6
nuTilda initRes: 0.0002099189563087272 finalRes: 9.26701316580998e-07 nIters: 4
TP1: 88.11799228351445 final: 88.11799228351445
TP2: 35.77315805250279 final: 35.77315805250279
HFX: 301.8101988339999 final: 301.8101988339999
yPlus min: 1.854797535389638 max: 55.3252739149738 mean: 23.67041411746495
ExecutionTime = 61.74 s  ClockTime = 64 s

Time = 100

U0 initRes: 2.242255121064693e-06 finalRes: 1.012240259279415e-08 nIters: 6
U1 initRes: 5.526100488953969e-06 finalRes: 1.702754457436446e-08 nIters: 8
U2 initRes: 1.551126227600886e-05 finalRes: 9.44936093827062e-08 nIters: 6
p initRes: 0.0002057475768336071 finalRes: 1.276773016288359e-06 nIters: 3
Time step continuity errors : sum local = 2.171997346098753e-05
                                 global = 1.013127592572066e-09
                             cumulative = -0.01192208359226666
T initRes: 1.864039380041965e-05 finalRes: 1.055477544738101e-07 nIters: 6
nuTilda initRes: 0.0003620443767079118 finalRes: 8.162391544500719e-07 nIters: 4
TP1: 88.11837837216014 final: 88.11837837216014
TP2: 35.77318023553083 final: 35.77318023553083
HFX: 301.8126256418889 final: 301.8126256418889
yPlus min: 1.844953018380562 max: 55.32528071939416 mean: 23.66994428093216
ExecutionTime = 62.22 s  ClockTime = 65 s

Time = 200

U0 initRes: 2.236598380975484e-06 finalRes: 1.00542195577295e-08 nIters: 6
U1 initRes: 5.525391239447746e-06 finalRes: 1.700948038483003e-08 nIters: 8
U2 initRes: 1.548832719458205e-05 finalRes: 9.454976436111096e-08 nIters: 6
p initRes: 0.0002056928131402879 finalRes: 1.270508858664786e-06 nIters: 3
Time step continuity errors : sum local = 2.161339550288607e-05
                                 global = -3.594393801715021e-10
                             cumulative = -0.01192208395170604
T initRes: 1.862965324465748e-05 finalRes: 1.055077322958008e-07 nIters: 6
nuTilda initRes: 0.0003620380168114604 finalRes: 8.159721384555589e-07 nIters: 4
TP1: 88.11839721479434 final: 88.11839721479434
TP2: 35.77318114473813 final: 35.77318114473813
HFX: 301.8126399741669 final: 301.8126399741669
yPlus min: 1.844949552058043 max: 55.32528450513911 mean: 23.66994209678277
ExecutionTime = 62.7 s  ClockTime = 65 s

Time = 300

U0 initRes: 2.236097746758498e-06 finalRes: 1.005458278353802e-08 nIters: 6
U1 initRes: 5.524684189556331e-06 finalRes: 1.700972889864836e-08 nIters: 8
U2 initRes: 1.548742117801905e-05 finalRes: 9.455024733257184e-08 nIters: 6
p initRes: 0.0002056935364386337 finalRes: 1.271443087275499e-06 nIters: 3
Time step continuity errors : sum local = 2.162928842132384e-05
                                 global = -5.923375949361727e-10
                             cumulative = -0.01192208454404364
T initRes: 1.862977269147508e-05 finalRes: 1.055004753102054e-07 nIters: 6
nuTilda initRes: 0.0003620348820854253 finalRes: 8.160337265738297e-07 nIters: 4
TP1: 88.11839501590849 final: 88.11839501590849
TP2: 35.77318100388387 final: 35.77318100388387
HFX: 301.8126414154578 final: 301.8126414154578
yPlus min: 1.84494913715832 max: 55.32528465661603 mean: 23.669942135591
ExecutionTime = 63.18 s  ClockTime = 66 s

Time = 400

U0 initRes: 2.236113530577096e-06 finalRes: 1.005471800995724e-08 nIters: 6
U1 initRes: 5.524708601098346e-06 finalRes: 1.700977979203654e-08 nIters: 8
U2 initRes: 1.548743908887807e-05 finalRes: 9.454998485230027e-08 nIters: 6
p initRes: 0.0002056934011102473 finalRes: 1.271405634933231e-06 nIters: 3
Time step continuity errors : sum local = 2.162865135740746e-05
                                 global = -5.709554573318813e-10
                             cumulative = -0.01192208511499909
T initRes: 1.862975717896285e-05 finalRes: 1.055009425447811e-07 nIters: 6
nuTilda initRes: 0.0003620349286870985 finalRes: 8.160315172416991e-07 nIters: 4
TP1: 88.11839506065756 final: 88.11839506065756
TP2: 35.77318100849163 final: 35.77318100849163
HFX: 301.8126412914178 final: 301.8126412914178
yPlus min: 1.844949170250753 max: 55.32528463602602 mean: 23.66994214125934
ExecutionTime = 63.66 s  ClockTime = 66 s

Time = 500

U0 initRes: 2.236113750661212e-06 finalRes: 1.005470629412156e-08 nIters: 6
U1 initRes: 5.524709878394087e-06 finalRes: 1.700977626567605e-08 nIters: 8
U2 initRes: 1.548744101834934e-05 finalRes: 9.454999653723629e-08 nIters: 6
p initRes: 0.0002056934039625244 finalRes: 1.271404014721159e-06 nIters: 3
Time step continuity errors : sum local = 2.162862375925464e-05
                                 global = -5.712299809232367e-10
                             cumulative = -0.01192208568622907
T initRes: 1.86297569779794e-05 finalRes: 1.055009434475357e-07 nIters: 6
nuTilda initRes: 0.0003620349341129867 finalRes: 8.160313936601988e-07 nIters: 4
TP1: 88.11839506647452 final: 88.11839506647452
TP2: 35.77318100877484 final: 35.77318100877484
HFX: 301.8126412925107 final: 301.8126412925107
yPlus min: 1.844949170083823 max: 55.3252846365333 mean: 23.6699421408239
ExecutionTime = 64.17 s  ClockTime = 67 s

Time = 600

U0 initRes: 2.236113678404866e-06 finalRes: 1.005470636037274e-08 nIters: 6
U1 initRes: 5.524709721347543e-06 finalRes: 1.700977626399269e-08 nIters: 8
U2 initRes: 1.548744084726012e-05 finalRes: 9.454999692872106e-08 nIters: 6
p initRes: 0.0002056934043078314 finalRes: 1.271404246620557e-06 nIters: 3
Time step continuity errors : sum local = 2.162862767566796e-05
                                 global = -5.7128137396109e-10
                             cumulative = -0.01192208625751045
T initRes: 1.86297570391275e-05 finalRes: 1.055009428209383e-07 nIters: 6
nuTilda initRes: 0.000362034933635627 finalRes: 8.160314082162569e-07 nIters: 4
TP1: 88.11839506602431 final: 88.11839506602431
TP2: 35.77318100874311 final: 35.77318100874311
HFX: 301.8126412929155 final: 301.8126412929155
yPlus min: 1.844949169966164 max: 55.32528463658372 mean: 23.66994214082511
ExecutionTime = 64.65000000000001 s  ClockTime = 67 s

Time = 700

U0 initRes: 2.236113681656515e-06 finalRes: 1.005470639810474e-08 nIters: 6
U1 initRes: 5.524709725241515e-06 finalRes: 1.70097762775995e-08 nIters: 8
U2 initRes: 1.548744085003119e-05 finalRes: 9.454999686737887e-08 nIters: 6
p initRes: 0.0002056934042857664 finalRes: 1.271404235202895e-06 nIters: 3
Time step continuity errors : sum local = 2.16286275742182e-05
                                 global = -5.71271105858576e-10
                             cumulative = -0.01192208682878155
T initRes: 1.862975703514821e-05 finalRes: 1.05500944012799e-07 nIters: 6
nuTilda initRes: 0.000362034933640175 finalRes: 8.160314079317647e-07 nIters: 4
TP1: 88.11839506602571 final: 88.11839506602571
TP2: 35.77318100874373 final: 35.77318100874373
HFX: 301.8126412928909 final: 301.8126412928909
yPlus min: 1.844949169975182 max: 55.32528463657923 mean: 23.66994214082671
ExecutionTime = 65.14 s  ClockTime = 68 s

Time = 800

U0 initRes: 2.236113682115382e-06 finalRes: 1.005470640556076e-08 nIters: 6
U1 initRes: 5.52470972555354e-06 finalRes: 1.700977627009878e-08 nIters: 8
U2 initRes: 1.548744085017322e-05 finalRes: 9.454999686824615e-08 nIters: 6
p initRes: 0.0002056934042862195 finalRes: 1.271404232403087e-06 nIters: 3
Time step continuity errors : sum local = 2.162862742851463e-05
                                 global = -5.713311129675063e-10
                             cumulative = -0.01192208740011267
T initRes: 1.862975703478999e-05 finalRes: 1.055009431556931e-07 nIters: 6
nuTilda initRes: 0.0003620349336416012 finalRes: 8.160314078829226e-07 nIters: 4
TP1: 88.11839506601684 final: 88.11839506601684
TP2: 35.77318100874354 final: 35.77318100874354
HFX: 301.8126412928909 final: 301.8126412928909
yPlus min: 1.844949169973496 max: 55.3252846365793 mean: 23.66994214082661
ExecutionTime = 65.7 s  ClockTime = 68 s

Time = 900

U0 initRes: 2.236113680937796e-06 finalRes: 1.005470639901522e-08 nIters: 6
U1 initRes: 5.524709724108273e-06 finalRes: 1.700977628510988e-08 nIters: 8
U2 initRes: 1.54874408509513e-05 finalRes: 9.454999684944313e-08 nIters: 6
p initRes: 0.0002056934042755409 finalRes: 1.271404232362959e-06 nIters: 3
Time step continuity errors : sum local = 2.162862746475609e-05
                                 global = -5.71187239586446e-10
                             cumulative = -0.01192208797129991
T initRes: 1.862975703665661e-05 finalRes: 1.055009430586575e-07 nIters: 6
nuTilda initRes: 0.0003620349336408818 finalRes: 8.160314079148054e-07 nIters: 4
TP1: 88.11839506604306 final: 88.11839506604306
TP2: 35.7731810087444 final: 35.7731810087444
HFX: 301.8126412928924 final: 301.8126412928924
yPlus min: 1.844949169977422 max: 55.32528463657945 mean: 23.66994214082679
ExecutionTime = 66.17 s  ClockTime = 69 s

Time = 1000

U0 initRes: 2.236113681395741e-06 finalRes: 1.005470640590987e-08 nIters: 6
U1 initRes: 5.524709725115696e-06 finalRes: 1.700977626266448e-08 nIters: 8
U2 initRes: 1.548744085013745e-05 finalRes: 9.454999686623211e-08 nIters: 6
p initRes: 0.0002056934042873447 finalRes: 1.271404227041842e-06 nIters: 3
Time step continuity errors : sum local = 2.162862742302171e-05
                                 global = -5.713834859097639e-10
                             cumulative = -0.01192208854268339
T initRes: 1.862975703512358e-05 finalRes: 1.055009423890392e-07 nIters: 6
nuTilda initRes: 0.0003620349336413762 finalRes: 8.160314078874692e-07 nIters: 4
TP1: 88.1183950660112 final: 88.1183950660112
TP2: 35.77318100874356 final: 35.77318100874356
HFX: 301.8126412928911 final: 301.8126412928911
yPlus min: 1.84494916997284 max: 55.32528463657934 mean: 23.66994214082656
ExecutionTime = 66.66 s  ClockTime = 69 s

End

Moving time 1000 to 0.0011
Printing Primal Residual Statistics.
U Residual Norm2: (28.35231495037762 24.90457027429752 11.63105264522474)
U Residual Mean: (0.04085945884912501 0.03277130974477224 0.0152684009662859)
U Residual Max: (12.97854993176645 11.00965581049624 8.192628376709299)
p Residual Norm2: 8.196799720866448
p Residual Mean: 0.01414644531702402
p Residual Max: 2.849113431641467
T Residual Norm2: 43.50700465492547
T Residual Mean: 0.05141448926151691
T Residual Max: 20.60325769640576
nuTilda Residual Norm2: 0.4913767144194901
nuTilda Residual Mean: 0.0004757452498926098
nuTilda Residual Max: 0.2386482013715845
phi Residual Norm2: 0.04816828096240679
phi Residual Mean: 2.603996184123439e-05
phi Residual Max: 0.02972833459965262
Total Residual Norm2: 59.32675214601998
 
 
DAInputVolCoord. 
Setting volume coordinates. 
Checking mesh quality for time = 1000
    Overall domain bounding box (4.595958883109363e-38 -0.09450000000000007 -2.860057869282475e-08) (0.8445000000000003 0.09450000000000008 0.03750000000000003)
    Mesh has 3 geometric (non-empty/wedge) directions (1 1 1)
    Mesh has 3 solution (non-empty) directions (1 1 1)
    Boundary openness (9.833007723309736e-18 1.660268618632567e-17 -9.563938798353747e-17) OK.
    Max cell openness = 3.926535408060663e-16 OK.
    Max aspect ratio = 69.08288552329167 OK.
    Minimum face area = 1.672664896778189e-06. Maximum face area = 0.001155838203021552.  Face area magnitudes OK.
    Min volume = 5.879623034135623e-09. Max volume = 1.309214767445441e-05.  Total volume = 0.004719833559914944.  Cell volumes OK.
    Mesh non-orthogonality Max: 3.588794165157268 average: 0.2812934735562143
    Non-orthogonality check OK.
    Face pyramids OK.
    Max skewness = 0.2181493285641712 OK.
    Coupled point location match (average 0) OK.

Mesh OK.

Running Primal Solver 012
Previous solution time 1000 not found and nothing deleted.
No finite volume options present

Starting time loop

Time = 1

U0 initRes: 2.470125797102017e-06 finalRes: 1.094276230722315e-08 nIters: 6
U1 initRes: 1.424803056327748e-05 finalRes: 7.950172624730164e-08 nIters: 6
U2 initRes: 4.373967522569094e-05 finalRes: 1.216579028957257e-07 nIters: 6
p initRes: 0.0003584783552104167 finalRes: 3.123043822440255e-06 nIters: 5
Time step continuity errors : sum local = 5.313057091224952e-05
                                 global = -5.276309583112504e-06
                             cumulative = -0.0119273648522665
T initRes: 2.024735884160259e-05 finalRes: 1.082012476605024e-07 nIters: 6
nuTilda initRes: 0.0002108061577150903 finalRes: 9.329033348294206e-07 nIters: 4
TP1: 88.11163318950341 final: 88.11163318950341
TP2: 35.77317088228872 final: 35.77317088228872
HFX: 301.8082749203119 final: 301.8082749203119
yPlus min: 1.856282621443997 max: 55.32483227173632 mean: 23.67034240730284
ExecutionTime = 66.79000000000001 s  ClockTime = 69 s

Time = 100

U0 initRes: 2.300293953278626e-06 finalRes: 1.01932024268193e-08 nIters: 6
U1 initRes: 5.606343844668958e-06 finalRes: 1.696181304160931e-08 nIters: 8
U2 initRes: 1.578975557476881e-05 finalRes: 9.514343835341253e-08 nIters: 6
p initRes: 0.0002064599918728037 finalRes: 7.188415833569006e-07 nIters: 3
Time step continuity errors : sum local = 1.222868593418874e-05
                                 global = 2.766982180002967e-07
                             cumulative = -0.01192708815404851
T initRes: 1.870835273843503e-05 finalRes: 1.058578075697587e-07 nIters: 6
nuTilda initRes: 0.0003623714402859254 finalRes: 8.166072682258826e-07 nIters: 4
TP1: 88.11837689323069 final: 88.11837689323069
TP2: 35.77317733517688 final: 35.77317733517688
HFX: 301.8137631672256 final: 301.8137631672256
yPlus min: 1.84617774876115 max: 55.32499298049784 mean: 23.66999020105418
ExecutionTime = 67.26000000000001 s  ClockTime = 70 s

Time = 200

U0 initRes: 2.24492976654484e-06 finalRes: 1.001022691398475e-08 nIters: 6
U1 initRes: 5.520627089772524e-06 finalRes: 1.699941866577693e-08 nIters: 8
U2 initRes: 1.550534287415981e-05 finalRes: 9.488362817527612e-08 nIters: 6
p initRes: 0.0002056332855634078 finalRes: 7.254536576530041e-07 nIters: 3
Time step continuity errors : sum local = 1.234119759361843e-05
                                 global = 3.198275847271395e-07
                             cumulative = -0.01192676832646378
T initRes: 1.865220512915124e-05 finalRes: 1.054767216693601e-07 nIters: 6
nuTilda initRes: 0.0003620570666326203 finalRes: 8.163090962554284e-07 nIters: 4
TP1: 88.11822216118037 final: 88.11822216118037
TP2: 35.77316896885779 final: 35.77316896885779
HFX: 301.8137971137593 final: 301.8137971137593
yPlus min: 1.846164991196979 max: 55.3249912139548 mean: 23.66999712898042
ExecutionTime = 67.73999999999999 s  ClockTime = 70 s

Time = 300

U0 initRes: 2.245137219231081e-06 finalRes: 1.000748830625816e-08 nIters: 6
U1 initRes: 5.523177536119558e-06 finalRes: 1.70014405700003e-08 nIters: 8
U2 initRes: 1.55031665391915e-05 finalRes: 9.487223223998153e-08 nIters: 6
p initRes: 0.0002056195429294271 finalRes: 7.239439299469709e-07 nIters: 3
Time step continuity errors : sum local = 1.231551557715477e-05
                                 global = 3.198085721001394e-07
                             cumulative = -0.01192644851789168
T initRes: 1.864998093655629e-05 finalRes: 1.055177222561346e-07 nIters: 6
nuTilda initRes: 0.0003620548406088935 finalRes: 8.160360901747761e-07 nIters: 4
TP1: 88.11822998793367 final: 88.11822998793367
TP2: 35.77316952655342 final: 35.77316952655342
HFX: 301.8137869934902 final: 301.8137869934902
yPlus min: 1.846167739337828 max: 55.32498976804994 mean: 23.66999731787269
ExecutionTime = 68.20999999999999 s  ClockTime = 71 s

Time = 400

U0 initRes: 2.245133076876532e-06 finalRes: 1.000647512133025e-08 nIters: 6
U1 initRes: 5.523171581508969e-06 finalRes: 1.700113298030628e-08 nIters: 8
U2 initRes: 1.550330053121259e-05 finalRes: 9.48732996120397e-08 nIters: 6
p initRes: 0.000205619797116387 finalRes: 7.239456559728843e-07 nIters: 3
Time step continuity errors : sum local = 1.231554479743835e-05
                                 global = 3.196633457153191e-07
                             cumulative = -0.01192612885454596
T initRes: 1.864995581362588e-05 finalRes: 1.055168086663201e-07 nIters: 6
nuTilda initRes: 0.0003620550989250942 finalRes: 8.160346528204925e-07 nIters: 4
TP1: 88.11823021131607 final: 88.11823021131607
TP2: 35.77316953113921 final: 35.77316953113921
HFX: 301.813787340856 final: 301.813787340856
yPlus min: 1.846167657102803 max: 55.32498984186635 mean: 23.66999728176283
ExecutionTime = 68.69 s  ClockTime = 71 s

Time = 500

U0 initRes: 2.245129265014128e-06 finalRes: 1.000652776058083e-08 nIters: 6
U1 initRes: 5.523160739309676e-06 finalRes: 1.70011397695595e-08 nIters: 8
U2 initRes: 1.550329405644401e-05 finalRes: 9.487328927918878e-08 nIters: 6
p initRes: 0.0002056198108500664 finalRes: 7.239501786139069e-07 nIters: 3
Time step continuity errors : sum local = 1.231562169271857e-05
                                 global = 3.196705477503821e-07
                             cumulative = -0.01192580918399821
T initRes: 1.864995951109629e-05 finalRes: 1.055166911384415e-07 nIters: 6
nuTilda initRes: 0.0003620550512137102 finalRes: 8.160357124069467e-07 nIters: 4
TP1: 88.11823017194369 final: 88.11823017194369
TP2: 35.77316952887185 final: 35.77316952887185
HFX: 301.8137873619488 final: 301.8137873619488
yPlus min: 1.846167650833604 max: 55.32498984372408 mean: 23.66999728277494
ExecutionTime = 69.20999999999999 s  ClockTime = 72 s

Time = 600

U0 initRes: 2.245129457787783e-06 finalRes: 1.00065290347817e-08 nIters: 6
U1 initRes: 5.52316126837287e-06 finalRes: 1.700114056787626e-08 nIters: 8
U2 initRes: 1.550329384676889e-05 finalRes: 9.487328578034062e-08 nIters: 6
p initRes: 0.0002056198092314078 finalRes: 7.239499571060113e-07 nIters: 3
Time step continuity errors : sum local = 1.231561795330187e-05
                                 global = 3.196705207429451e-07
                             cumulative = -0.01192548951347747
T initRes: 1.864995926660582e-05 finalRes: 1.055166994340407e-07 nIters: 6
nuTilda initRes: 0.0003620550523710679 finalRes: 8.160356680043164e-07 nIters: 4
TP1: 88.11823017298249 final: 88.11823017298249
TP2: 35.77316952895853 final: 35.77316952895853
HFX: 301.8137873596742 final: 301.8137873596742
yPlus min: 1.84616765142836 max: 55.32498984336397 mean: 23.66999728286056
ExecutionTime = 69.72 s  ClockTime = 72 s

Time = 700

U0 initRes: 2.245129461489366e-06 finalRes: 1.000652877627888e-08 nIters: 6
U1 initRes: 5.523161283061838e-06 finalRes: 1.700114050794274e-08 nIters: 8
U2 initRes: 1.550329388253563e-05 finalRes: 9.487328597831014e-08 nIters: 6
p initRes: 0.0002056198092531299 finalRes: 7.239499533365798e-07 nIters: 3
Time step continuity errors : sum local = 1.231561788806003e-05
                                 global = 3.196706257428497e-07
                             cumulative = -0.01192516984285173
T initRes: 1.864995926608706e-05 finalRes: 1.055167003185338e-07 nIters: 6
nuTilda initRes: 0.0003620550524904934 finalRes: 8.160356661909858e-07 nIters: 4
TP1: 88.11823017309125 final: 88.11823017309125
TP2: 35.77316952896346 final: 35.77316952896346
HFX: 301.8137873597047 final: 301.8137873597047
yPlus min: 1.846167651427163 max: 55.32498984337403 mean: 23.66999728285295
ExecutionTime = 70.27 s  ClockTime = 73 s

Time = 800

U0 initRes: 2.245129459413129e-06 finalRes: 1.000652877287056e-08 nIters: 6
U1 initRes: 5.523161278755943e-06 finalRes: 1.700114050503613e-08 nIters: 8
U2 initRes: 1.550329388280602e-05 finalRes: 9.487328599198464e-08 nIters: 6
p initRes: 0.0002056198092479989 finalRes: 7.239499592746475e-07 nIters: 3
Time step continuity errors : sum local = 1.231561794640474e-05
                                 global = 3.19670798049461e-07
                             cumulative = -0.01192485017205368
T initRes: 1.864995926636687e-05 finalRes: 1.055167007376167e-07 nIters: 6
nuTilda initRes: 0.0003620550524801869 finalRes: 8.160356664562476e-07 nIters: 4
TP1: 88.11823017308136 final: 88.11823017308136
TP2: 35.77316952896357 final: 35.77316952896357
HFX: 301.8137873597109 final: 301.8137873597109
yPlus min: 1.846167651427162 max: 55.3249898433749 mean: 23.6699972828531
ExecutionTime = 70.77 s  ClockTime = 73 s

Time = 900

U0 initRes: 2.245129459474821e-06 finalRes: 1.000652877976968e-08 nIters: 6
U1 initRes: 5.523161280014415e-06 finalRes: 1.700114050029614e-08 nIters: 8
U2 initRes: 1.550329388244193e-05 finalRes: 9.487328599318335e-08 nIters: 6
p initRes: 0.000205619809255548 finalRes: 7.239499537770583e-07 nIters: 3
Time step continuity errors : sum local = 1.23156178797102e-05
                                 global = 3.196707231623427e-07
                             cumulative = -0.01192453050133051
T initRes: 1.864995926468467e-05 finalRes: 1.055167000753618e-07 nIters: 6
nuTilda initRes: 0.0003620550524800859 finalRes: 8.160356664332261e-07 nIters: 4
TP1: 88.11823017305261 final: 88.11823017305261
TP2: 35.77316952896524 final: 35.77316952896524
HFX: 301.8137873597112 final: 301.8137873597112
yPlus min: 1.846167651424743 max: 55.32498984337504 mean: 23.66999728285318
ExecutionTime = 71.26000000000001 s  ClockTime = 74 s

Time = 1000

U0 initRes: 2.245129460236991e-06 finalRes: 1.00065287811114e-08 nIters: 6
U1 initRes: 5.523161279561262e-06 finalRes: 1.700114051021624e-08 nIters: 8
U2 initRes: 1.550329388338473e-05 finalRes: 9.487328598391886e-08 nIters: 6
p initRes: 0.000205619809261593 finalRes: 7.23949957219204e-07 nIters: 3
Time step continuity errors : sum local = 1.231561796863493e-05
                                 global = 3.196706767014884e-07
                             cumulative = -0.01192421083065381
T initRes: 1.864995926505979e-05 finalRes: 1.055166986747736e-07 nIters: 6
nuTilda initRes: 0.0003620550524802749 finalRes: 8.160356664386461e-07 nIters: 4
TP1: 88.11823017307569 final: 88.11823017307569
TP2: 35.77316952896277 final: 35.77316952896277
HFX: 301.81378735971 final: 301.81378735971
yPlus min: 1.846167651425138 max: 55.32498984337487 mean: 23.669997282853
ExecutionTime = 71.81 s  ClockTime = 75 s

End

Moving time 1000 to 0.0012
Printing Primal Residual Statistics.
U Residual Norm2: (28.35054214026705 24.90663996519654 11.62277945073351)
U Residual Mean: (0.04089442406080994 0.03274031272017657 0.01525273435213522)
U Residual Max: (12.97856452297878 11.0108632095809 8.18435916203255)
p Residual Norm2: 8.19667512272887
p Residual Mean: 0.01414429722515921
p Residual Max: 2.849594634505821
T Residual Norm2: 43.50454154636522
T Residual Mean: 0.05142732446910873
T Residual Max: 20.59593412662408
nuTilda Residual Norm2: 0.4913978620473506
nuTilda Residual Mean: 0.0004758239067816369
nuTilda Residual Max: 0.238666493401544
phi Residual Norm2: 0.04815126233392255
phi Residual Mean: 2.611040597344086e-05
phi Residual Max: 0.02971610243096399
Total Residual Norm2: 59.32332900970111
 
 
DAInputVolCoord. 
Setting volume coordinates. 
Checking mesh quality for time = 1000
    Overall domain bounding box (-2.279569215913113e-09 -0.09450000000000007 -1.387237645938767e-07) (0.8445000000000003 0.09450000000000008 0.03750000000000003)
    Mesh has 3 geometric (non-empty/wedge) directions (1 1 1)
    Mesh has 3 solution (non-empty) directions (1 1 1)
    Boundary openness (7.442642459787942e-18 -1.228044168009695e-18 -7.01710997356051e-17) OK.
    Max cell openness = 4.917787965562811e-16 OK.
    Max aspect ratio = 69.08288552269123 OK.
    Minimum face area = 1.672668870318596e-06. Maximum face area = 0.001155838023550144.  Face area magnitudes OK.
    Min volume = 5.879941475950759e-09. Max volume = 1.309214646360851e-05.  Total volume = 0.004719833485409391.  Cell volumes OK.
    Mesh non-orthogonality Max: 3.512290115176801 average: 0.2796066515310728
    Non-orthogonality check OK.
    Face pyramids OK.
    Max skewness = 0.2181478580716823 OK.
    Coupled point location match (average 0) OK.

Mesh OK.

Running Primal Solver 013
Previous solution time 1000 not found and nothing deleted.
No finite volume options present

Starting time loop

Time = 1

U0 initRes: 2.722421073956893e-06 finalRes: 1.163794476391604e-08 nIters: 6
U1 initRes: 2.237136361255239e-05 finalRes: 9.050873005621353e-08 nIters: 6
U2 initRes: 7.08300959042746e-05 finalRes: 1.583898456389983e-07 nIters: 6
p initRes: 0.0005068355779156793 finalRes: 3.783271885681215e-06 nIters: 9
Time step continuity errors : sum local = 6.436396599825144e-05
                                 global = 1.060084116055246e-05
                             cumulative = -0.01191360998949326
T initRes: 2.240012015391703e-05 finalRes: 1.124608572434996e-07 nIters: 6
nuTilda initRes: 0.0002117477417611053 finalRes: 9.375386767542149e-07 nIters: 4
TP1: 88.13490253246587 final: 88.13490253246587
TP2: 35.77319352932218 final: 35.77319352932218
HFX: 301.8093186803795 final: 301.8093186803795
yPlus min: 1.850129497155938 max: 55.32541511866174 mean: 23.67029394244394
ExecutionTime = 71.94 s  ClockTime = 75 s

Time = 100

U0 initRes: 2.331389378086521e-06 finalRes: 1.067367825894774e-08 nIters: 6
U1 initRes: 5.624995091702979e-06 finalRes: 1.711399308921116e-08 nIters: 8
U2 initRes: 1.614167394798548e-05 finalRes: 9.447677341327153e-08 nIters: 6
p initRes: 0.0002076832947672046 finalRes: 1.521352171974485e-06 nIters: 3
Time step continuity errors : sum local = 2.588101734264717e-05
                                 global = 3.204227376354625e-07
                             cumulative = -0.01191328956675563
T initRes: 1.878211797978454e-05 finalRes: 1.052736510630637e-07 nIters: 6
nuTilda initRes: 0.000362320467925195 finalRes: 8.234384174415979e-07 nIters: 4
TP1: 88.11826253601757 final: 88.11826253601757
TP2: 35.77315081580577 final: 35.77315081580577
HFX: 301.8135037014778 final: 301.8135037014778
yPlus min: 1.845527598988556 max: 55.32507417238447 mean: 23.66999468709999
ExecutionTime = 72.39 s  ClockTime = 75 s

Time = 200

U0 initRes: 2.243577663730997e-06 finalRes: 1.009589729187423e-08 nIters: 6
U1 initRes: 5.534754945662435e-06 finalRes: 1.701455909503151e-08 nIters: 8
U2 initRes: 1.550526350923738e-05 finalRes: 9.45746248633786e-08 nIters: 6
p initRes: 0.0002057323702329032 finalRes: 1.363059346699325e-06 nIters: 3
Time step continuity errors : sum local = 2.318806081200873e-05
                                 global = 2.815153510035583e-07
                             cumulative = -0.01191300805140462
T initRes: 1.863433784523393e-05 finalRes: 1.05566489109544e-07 nIters: 6
nuTilda initRes: 0.000362042498553118 finalRes: 8.157138986863224e-07 nIters: 4
TP1: 88.11852998985995 final: 88.11852998985995
TP2: 35.77316706238847 final: 35.77316706238847
HFX: 301.8134434168105 final: 301.8134434168105
yPlus min: 1.845549925657463 max: 55.32507646864102 mean: 23.66998273550528
ExecutionTime = 72.81 s  ClockTime = 76 s

Time = 300

U0 initRes: 2.238823797722735e-06 finalRes: 1.008729177421931e-08 nIters: 6
U1 initRes: 5.528449835225306e-06 finalRes: 1.701093650668158e-08 nIters: 8
U2 initRes: 1.549273886213759e-05 finalRes: 9.459829765262265e-08 nIters: 6
p initRes: 0.0002057158993155373 finalRes: 1.376729776113425e-06 nIters: 3
Time step continuity errors : sum local = 2.342061598752966e-05
                                 global = 2.803664867783667e-07
                             cumulative = -0.01191272768491784
T initRes: 1.863456112487208e-05 finalRes: 1.054867864374345e-07 nIters: 6
nuTilda initRes: 0.0003620172326946566 finalRes: 8.160491669048895e-07 nIters: 4
TP1: 88.1185156785978 final: 88.1185156785978
TP2: 35.77316594983494 final: 35.77316594983494
HFX: 301.8134608060011 final: 301.8134608060011
yPlus min: 1.845545083341275 max: 55.32507898401811 mean: 23.66998241783115
ExecutionTime = 73.31 s  ClockTime = 76 s

Time = 400

U0 initRes: 2.23881514487768e-06 finalRes: 1.008899007842939e-08 nIters: 6
U1 initRes: 5.52847280148605e-06 finalRes: 1.701147572152749e-08 nIters: 8
U2 initRes: 1.549263168266573e-05 finalRes: 9.459595245550072e-08 nIters: 6
p initRes: 0.0002057150959388747 finalRes: 1.376516461778832e-06 nIters: 3
Time step continuity errors : sum local = 2.341698759173073e-05
                                 global = 2.810893264325541e-07
                             cumulative = -0.01191244659559141
T initRes: 1.863449389925164e-05 finalRes: 1.054886482646056e-07 nIters: 6
nuTilda initRes: 0.0003620169150044402 finalRes: 8.160490858446597e-07 nIters: 4
TP1: 88.1185154075749 final: 88.1185154075749
TP2: 35.77316595433425 final: 35.77316595433425
HFX: 301.8134601176235 final: 301.8134601176235
yPlus min: 1.845545254472635 max: 55.32507884221661 mean: 23.66998248344266
ExecutionTime = 73.79000000000001 s  ClockTime = 77 s

Time = 500

U0 initRes: 2.238822579116195e-06 finalRes: 1.008887034694463e-08 nIters: 6
U1 initRes: 5.528491278196008e-06 finalRes: 1.701146007650989e-08 nIters: 8
U2 initRes: 1.549265329938575e-05 finalRes: 9.459598220484419e-08 nIters: 6
p initRes: 0.0002057151042388148 finalRes: 1.376474899124188e-06 nIters: 3
Time step continuity errors : sum local = 2.34162804743126e-05
                                 global = 2.810995525461859e-07
                             cumulative = -0.01191216549603887
T initRes: 1.863448590278657e-05 finalRes: 1.054888233893696e-07 nIters: 6
nuTilda initRes: 0.000362016976989199 finalRes: 8.160472405813958e-07 nIters: 4
TP1: 88.11851547453708 final: 88.11851547453708
TP2: 35.77316595843525 final: 35.77316595843525
HFX: 301.8134600888334 final: 301.8134600888334
yPlus min: 1.845545263460435 max: 55.32507884027651 mean: 23.66998248120254
ExecutionTime = 74.33 s  ClockTime = 77 s

Time = 600

U0 initRes: 2.238822155480214e-06 finalRes: 1.00888702162148e-08 nIters: 6
U1 initRes: 5.528490217027829e-06 finalRes: 1.7011458906132e-08 nIters: 8
U2 initRes: 1.54926524622608e-05 finalRes: 9.459598930657874e-08 nIters: 6
p initRes: 0.0002057151063479411 finalRes: 1.376477790814131e-06 nIters: 3
Time step continuity errors : sum local = 2.341632970700898e-05
                                 global = 2.810962344637709e-07
                             cumulative = -0.0119118843998044
T initRes: 1.863448631339858e-05 finalRes: 1.054888096034906e-07 nIters: 6
nuTilda initRes: 0.0003620169747270292 finalRes: 8.160473359153721e-07 nIters: 4
TP1: 88.11851547209049 final: 88.11851547209049
TP2: 35.7731659582061 final: 35.7731659582061
HFX: 301.8134600928561 final: 301.8134600928561
yPlus min: 1.845545262365941 max: 55.32507884089902 mean: 23.66998248107603
ExecutionTime = 74.73 s  ClockTime = 78 s

Time = 700

U0 initRes: 2.23882214929305e-06 finalRes: 1.008887067367908e-08 nIters: 6
U1 initRes: 5.528490202860191e-06 finalRes: 1.701145902725812e-08 nIters: 8
U2 initRes: 1.549265242498009e-05 finalRes: 9.459598882940548e-08 nIters: 6
p initRes: 0.0002057151062136442 finalRes: 1.376477798445719e-06 nIters: 3
Time step continuity errors : sum local = 2.34163298281917e-05
                                 global = 2.810964137545755e-07
                             cumulative = -0.01191160330339065
T initRes: 1.863448631929052e-05 finalRes: 1.054888098128346e-07 nIters: 6
nuTilda initRes: 0.0003620169746074572 finalRes: 8.160473377801855e-07 nIters: 4
TP1: 88.11851547195226 final: 88.11851547195226
TP2: 35.77316595820206 final: 35.77316595820206
HFX: 301.8134600927541 final: 301.8134600927541
yPlus min: 1.845545262389146 max: 55.32507884087382 mean: 23.66998248109068
ExecutionTime = 75.19 s  ClockTime = 78 s

Time = 800

U0 initRes: 2.238822151088318e-06 finalRes: 1.008887064632139e-08 nIters: 6
U1 initRes: 5.528490207592098e-06 finalRes: 1.701145901408146e-08 nIters: 8
U2 initRes: 1.549265243151607e-05 finalRes: 9.459598882185187e-08 nIters: 6
p initRes: 0.0002057151062159423 finalRes: 1.376477778429986e-06 nIters: 3
Time step continuity errors : sum local = 2.341632950135523e-05
                                 global = 2.810961863126781e-07
                             cumulative = -0.01191132220720433
T initRes: 1.863448631808232e-05 finalRes: 1.054888082530158e-07 nIters: 6
nuTilda initRes: 0.0003620169746216744 finalRes: 8.1604733734063e-07 nIters: 4
TP1: 88.11851547197321 final: 88.11851547197321
TP2: 35.77316595820302 final: 35.77316595820302
HFX: 301.8134600927449 final: 301.8134600927449
yPlus min: 1.845545262390971 max: 55.32507884087313 mean: 23.66998248109054
ExecutionTime = 75.67 s  ClockTime = 79 s

Time = 900

U0 initRes: 2.238822149527778e-06 finalRes: 1.008887064219112e-08 nIters: 6
U1 initRes: 5.52849020606762e-06 finalRes: 1.701145901107151e-08 nIters: 8
U2 initRes: 1.549265242995756e-05 finalRes: 9.459598881965945e-08 nIters: 6
p initRes: 0.0002057151061914072 finalRes: 1.376477794532984e-06 nIters: 3
Time step continuity errors : sum local = 2.341632979974254e-05
                                 global = 2.810964629138282e-07
                             cumulative = -0.01191104111074142
T initRes: 1.863448631891346e-05 finalRes: 1.054888092771442e-07 nIters: 6
nuTilda initRes: 0.0003620169746210755 finalRes: 8.160473373747843e-07 nIters: 4
TP1: 88.11851547199244 final: 88.11851547199244
TP2: 35.77316595820415 final: 35.77316595820415
HFX: 301.8134600927464 final: 301.8134600927464
yPlus min: 1.845545262395248 max: 55.32507884087335 mean: 23.66998248109062
ExecutionTime = 76.15000000000001 s  ClockTime = 79 s

Time = 1000

U0 initRes: 2.238822150178251e-06 finalRes: 1.008887063722045e-08 nIters: 6
U1 initRes: 5.528490206033482e-06 finalRes: 1.701145901159778e-08 nIters: 8
U2 initRes: 1.549265242977301e-05 finalRes: 9.459598881872424e-08 nIters: 6
p initRes: 0.000205715106190225 finalRes: 1.376477808968393e-06 nIters: 3
Time step continuity errors : sum local = 2.341633001386675e-05
                                 global = 2.810964539825299e-07
                             cumulative = -0.01191076001428744
T initRes: 1.863448631795932e-05 finalRes: 1.054888086376511e-07 nIters: 6
nuTilda initRes: 0.000362016974621565 finalRes: 8.160473373749155e-07 nIters: 4
TP1: 88.11851547198798 final: 88.11851547198798
TP2: 35.77316595820264 final: 35.77316595820264
HFX: 301.8134600927444 final: 301.8134600927444
yPlus min: 1.845545262394808 max: 55.32507884087305 mean: 23.66998248109049
ExecutionTime = 76.64 s  ClockTime = 79 s

End

Moving time 1000 to 0.0013
Printing Primal Residual Statistics.
U Residual Norm2: (28.35124311990208 24.90409033002478 11.63141145581986)
U Residual Mean: (0.04087478736346525 0.03277823636682135 0.0152714395461851)
U Residual Max: (12.98005247236853 11.009290532393 8.191969575937875)
p Residual Norm2: 8.196603112452928
p Residual Mean: 0.01414779981681785
p Residual Max: 2.849132616591105
T Residual Norm2: 43.50440389296161
T Residual Mean: 0.05141481679537899
T Residual Max: 20.60122762525954
nuTilda Residual Norm2: 0.4913597551392806
nuTilda Residual Mean: 0.0004757350208047541
nuTilda Residual Max: 0.2386414420137389
phi Residual Norm2: 0.04816439174934695
phi Residual Mean: 2.605410540446341e-05
phi Residual Max: 0.02973101548087435
Total Residual Norm2: 59.32417423737996
 
 
DAInputVolCoord. 
Setting volume coordinates. 
Checking mesh quality for time = 1000
    Overall domain bounding box (-1.476187867128126e-11 -0.09450000000000007 -9.253463357996541e-07) (0.8445000000000003 0.09450000000000008 0.03750000000000003)
    Mesh has 3 geometric (non-empty/wedge) directions (1 1 1)
    Mesh has 3 solution (non-empty) directions (1 1 1)
    Boundary openness (7.18011853631106e-18 2.36712939822269e-19 -6.041098658975673e-17) OK.
    Max cell openness = 3.610063410186086e-16 OK.
    Max aspect ratio = 69.08288552229804 OK.
    Minimum face area = 1.673116716031851e-06. Maximum face area = 0.001155838046671265.  Face area magnitudes OK.
    Min volume = 5.879981431172819e-09. Max volume = 1.309214801274107e-05.  Total volume = 0.004719837210301035.  Cell volumes OK.
    Mesh non-orthogonality Max: 3.51230330228181 average: 0.280073238476695
    Non-orthogonality check OK.
    Face pyramids OK.
    Max skewness = 0.2181543294197012 OK.
    Coupled point location match (average 0) OK.

Mesh OK.

Running Primal Solver 014
Previous solution time 1000 not found and nothing deleted.
No finite volume options present

Starting time loop

Time = 1

U0 initRes: 2.472945038792085e-06 finalRes: 1.10016315850644e-08 nIters: 6
U1 initRes: 1.456417105830741e-05 finalRes: 7.947565084059168e-08 nIters: 6
U2 initRes: 4.429591130737584e-05 finalRes: 1.247960756816877e-07 nIters: 6
p initRes: 0.0003658088145968774 finalRes: 2.711922975068276e-06 nIters: 5
Time step continuity errors : sum local = 4.613703770049331e-05
                                 global = 5.154622504694668e-06
                             cumulative = -0.01190560539178274
T initRes: 2.023861048988568e-05 finalRes: 1.081433084206222e-07 nIters: 6
nuTilda initRes: 0.0002107846409522705 finalRes: 9.327273520623007e-07 nIters: 4
TP1: 88.11091318758356 final: 88.11091318758356
TP2: 35.7731768436111 final: 35.7731768436111
HFX: 301.809090219252 final: 301.809090219252
yPlus min: 1.856812646796345 max: 55.32604216313131 mean: 23.67038307363296
ExecutionTime = 76.77 s  ClockTime = 80 s

Time = 100

U0 initRes: 2.287815738903113e-06 finalRes: 1.015954290908848e-08 nIters: 6
U1 initRes: 5.587773267546863e-06 finalRes: 1.697741812225883e-08 nIters: 8
U2 initRes: 1.571675418616841e-05 finalRes: 9.506824501794618e-08 nIters: 6
p initRes: 0.0002062495230312199 finalRes: 7.996092678109673e-07 nIters: 3
Time step continuity errors : sum local = 1.360259100984373e-05
                                 global = -6.796389333577268e-07
                             cumulative = -0.0119062850307161
T initRes: 1.869102835001505e-05 finalRes: 1.058292995311579e-07 nIters: 6
nuTilda initRes: 0.0003623446395255187 finalRes: 8.161053080668542e-07 nIters: 4
TP1: 88.11865583389043 final: 88.11865583389043
TP2: 35.77318134520981 final: 35.77318134520981
HFX: 301.8130657820901 final: 301.8130657820901
yPlus min: 1.845642276740674 max: 55.32918435064793 mean: 23.66993733027108
ExecutionTime = 77.27 s  ClockTime = 80 s

Time = 200

U0 initRes: 2.247005473001067e-06 finalRes: 1.004236492384208e-08 nIters: 6
U1 initRes: 5.524168392371005e-06 finalRes: 1.700121738395479e-08 nIters: 8
U2 initRes: 1.550930342278117e-05 finalRes: 9.489045851354225e-08 nIters: 6
p initRes: 0.00020566492880316 finalRes: 8.016185139029622e-07 nIters: 3
Time step continuity errors : sum local = 1.363679156316794e-05
                                 global = -6.212128960969731e-07
                             cumulative = -0.0119069062436122
T initRes: 1.86549672499984e-05 finalRes: 1.054918224130815e-07 nIters: 6
nuTilda initRes: 0.0003620950592797191 finalRes: 8.16224581381942e-07 nIters: 4
TP1: 88.11854181789593 final: 88.11854181789593
TP2: 35.77317519747439 final: 35.77317519747439
HFX: 301.8130930668145 final: 301.8130930668145
yPlus min: 1.845630361439794 max: 55.32918379841663 mean: 23.66994182396116
ExecutionTime = 77.83 s  ClockTime = 81 s

Time = 300

U0 initRes: 2.247195972349819e-06 finalRes: 1.004063477117797e-08 nIters: 6
U1 initRes: 5.526111708048545e-06 finalRes: 1.700305613220295e-08 nIters: 8
U2 initRes: 1.550794249494175e-05 finalRes: 9.488064964740398e-08 nIters: 6
p initRes: 0.0002056562610168416 finalRes: 7.999418632086621e-07 nIters: 3
Time step continuity errors : sum local = 1.360827017214386e-05
                                 global = -6.158758295972011e-07
                             cumulative = -0.0119075221194418
T initRes: 1.865332477799906e-05 finalRes: 1.055223210690349e-07 nIters: 6
nuTilda initRes: 0.0003620949763511051 finalRes: 8.160315048076521e-07 nIters: 4
TP1: 88.11854720557007 final: 88.11854720557007
TP2: 35.77317564381158 final: 35.77317564381158
HFX: 301.8130855027788 final: 301.8130855027788
yPlus min: 1.845632453448447 max: 55.32918264760146 mean: 23.66994201792225
ExecutionTime = 78.3 s  ClockTime = 81 s

Time = 400

U0 initRes: 2.247190111129428e-06 finalRes: 1.003987549491238e-08 nIters: 6
U1 initRes: 5.526125140125252e-06 finalRes: 1.700282979583155e-08 nIters: 8
U2 initRes: 1.550803747967237e-05 finalRes: 9.488147387083359e-08 nIters: 6
p initRes: 0.0002056564152833332 finalRes: 7.999869981194291e-07 nIters: 3
Time step continuity errors : sum local = 1.360903779407065e-05
                                 global = -6.162184552482644e-07
                             cumulative = -0.01190813833789704
T initRes: 1.865332260659167e-05 finalRes: 1.055218294701028e-07 nIters: 6
nuTilda initRes: 0.0003620951996495667 finalRes: 8.160292118177734e-07 nIters: 4
TP1: 88.11854740196191 final: 88.11854740196191
TP2: 35.77317564786706 final: 35.77317564786706
HFX: 301.8130857262446 final: 301.8130857262446
yPlus min: 1.845632402707244 max: 55.32918269837488 mean: 23.6699419903528
ExecutionTime = 78.77 s  ClockTime = 82 s

Time = 500

U0 initRes: 2.247186836698467e-06 finalRes: 1.00399170922541e-08 nIters: 6
U1 initRes: 5.526116271481634e-06 finalRes: 1.700283359721101e-08 nIters: 8
U2 initRes: 1.550803223792485e-05 finalRes: 9.488147027464248e-08 nIters: 6
p initRes: 0.0002056564251224399 finalRes: 7.999889336865171e-07 nIters: 3
Time step continuity errors : sum local = 1.360907084466063e-05
                                 global = -6.162221507340761e-07
                             cumulative = -0.01190875456004778
T initRes: 1.865332567806414e-05 finalRes: 1.055217333021928e-07 nIters: 6
nuTilda initRes: 0.0003620951643940604 finalRes: 8.160299937537239e-07 nIters: 4
TP1: 88.1185473727551 final: 88.1185473727551
TP2: 35.77317564601492 final: 35.77317564601492
HFX: 301.813085743439 final: 301.813085743439
yPlus min: 1.845632397427399 max: 55.32918270016162 mean: 23.66994199096346
ExecutionTime = 79.27 s  ClockTime = 82 s

Time = 600

U0 initRes: 2.247186997299805e-06 finalRes: 1.003991793138518e-08 nIters: 6
U1 initRes: 5.526116638391324e-06 finalRes: 1.700283426187205e-08 nIters: 8
U2 initRes: 1.55080320725601e-05 finalRes: 9.488146739241099e-08 nIters: 6
p initRes: 0.0002056564240296113 finalRes: 7.999887172301103e-07 nIters: 3
Time step continuity errors : sum local = 1.36090670741681e-05
                                 global = -6.162209600033624e-07
                             cumulative = -0.01190937078100778
T initRes: 1.865332546632374e-05 finalRes: 1.055217391095958e-07 nIters: 6
nuTilda initRes: 0.0003620951651777994 finalRes: 8.160299652466395e-07 nIters: 4
TP1: 88.11854737338064 final: 88.11854737338064
TP2: 35.77317564608738 final: 35.77317564608738
HFX: 301.813085741796 final: 301.813085741796
yPlus min: 1.845632397866156 max: 55.32918269988883 mean: 23.66994199103679
ExecutionTime = 79.72 s  ClockTime = 83 s

Time = 700

U0 initRes: 2.247187002537118e-06 finalRes: 1.003991773249643e-08 nIters: 6
U1 initRes: 5.526116653420651e-06 finalRes: 1.700283421663441e-08 nIters: 8
U2 initRes: 1.550803210172705e-05 finalRes: 9.488146754074042e-08 nIters: 6
p initRes: 0.0002056564240576161 finalRes: 7.999887255809417e-07 nIters: 3
Time step continuity errors : sum local = 1.360906724902956e-05
                                 global = -6.162210519169154e-07
                             cumulative = -0.0119099870020597
T initRes: 1.865332546670029e-05 finalRes: 1.055217392974245e-07 nIters: 6
nuTilda initRes: 0.0003620951652699023 finalRes: 8.160299637112761e-07 nIters: 4
TP1: 88.11854737347777 final: 88.11854737347777
TP2: 35.77317564609101 final: 35.77317564609101
HFX: 301.813085741808 final: 301.813085741808
yPlus min: 1.845632397864124 max: 55.32918269989482 mean: 23.66994199103096
ExecutionTime = 80.17 s  ClockTime = 83 s

Time = 800

U0 initRes: 2.247186999359902e-06 finalRes: 1.003991773164436e-08 nIters: 6
U1 initRes: 5.526116649188373e-06 finalRes: 1.70028341983123e-08 nIters: 8
U2 initRes: 1.550803210041073e-05 finalRes: 9.488146755843351e-08 nIters: 6
p initRes: 0.0002056564240464464 finalRes: 7.999887289291059e-07 nIters: 3
Time step continuity errors : sum local = 1.36090673102596e-05
                                 global = -6.162210190109634e-07
                             cumulative = -0.01191060322307871
T initRes: 1.86533254663462e-05 finalRes: 1.055217398499529e-07 nIters: 6
nuTilda initRes: 0.0003620951652618975 finalRes: 8.16029963915933e-07 nIters: 4
TP1: 88.11854737346525 final: 88.11854737346525
TP2: 35.77317564609109 final: 35.77317564609109
HFX: 301.8130857418158 final: 301.8130857418158
yPlus min: 1.845632397865373 max: 55.32918269989574 mean: 23.66994199103116
ExecutionTime = 80.66 s  ClockTime = 84 s

Time = 900

U0 initRes: 2.24718700224915e-06 finalRes: 1.003991774068489e-08 nIters: 6
U1 initRes: 5.526116653576069e-06 finalRes: 1.700283420836759e-08 nIters: 8
U2 initRes: 1.550803210021484e-05 finalRes: 9.488146755333425e-08 nIters: 6
p initRes: 0.0002056564240495543 finalRes: 7.999887126229312e-07 nIters: 3
Time step continuity errors : sum local = 1.360906695958114e-05
                                 global = -6.162209984042837e-07
                             cumulative = -0.01191121944407711
T initRes: 1.865332546637439e-05 finalRes: 1.055217413277189e-07 nIters: 6
nuTilda initRes: 0.0003620951652627247 finalRes: 8.160299638661438e-07 nIters: 4
TP1: 88.11854737344474 final: 88.11854737344474
TP2: 35.77317564608938 final: 35.77317564608938
HFX: 301.8130857418126 final: 301.8130857418126
yPlus min: 1.845632397861089 max: 55.32918269989555 mean: 23.6699419910309
ExecutionTime = 81.15000000000001 s  ClockTime = 84 s

Time = 1000

U0 initRes: 2.247187001439625e-06 finalRes: 1.003991774682408e-08 nIters: 6
U1 initRes: 5.526116651448432e-06 finalRes: 1.700283421361867e-08 nIters: 8
U2 initRes: 1.550803209945668e-05 finalRes: 9.488146754682203e-08 nIters: 6
p initRes: 0.000205656424049412 finalRes: 7.999887085091174e-07 nIters: 3
Time step continuity errors : sum local = 1.36090669014523e-05
                                 global = -6.162208461733789e-07
                             cumulative = -0.01191183566492329
T initRes: 1.865332546595366e-05 finalRes: 1.055217402943437e-07 nIters: 6
nuTilda initRes: 0.0003620951652627074 finalRes: 8.16029963875887e-07 nIters: 4
TP1: 88.11854737346169 final: 88.11854737346169
TP2: 35.77317564608948 final: 35.77317564608948
HFX: 301.8130857418129 final: 301.8130857418129
yPlus min: 1.845632397860745 max: 55.32918269989541 mean: 23.66994199103089
ExecutionTime = 81.65000000000001 s  ClockTime = 85 s

End

Moving time 1000 to 0.0014
Printing Primal Residual Statistics.
U Residual Norm2: (28.35041712972115 24.90693025467461 11.62382125618633)
U Residual Mean: (0.04090182765677279 0.03274785204363061 0.0152493472059162)
U Residual Max: (12.97970217558133 11.01126363145212 8.186795866772288)
p Residual Norm2: 8.197097241729868
p Residual Mean: 0.01414371081110928
p Residual Max: 2.849656846533532
T Residual Norm2: 43.50898256463377
T Residual Mean: 0.05142836044831336
T Residual Max: 20.60232288702274
nuTilda Residual Norm2: 0.4913989662125797
nuTilda Residual Mean: 0.0004757442420730829
nuTilda Residual Max: 0.2386692885017858
phi Residual Norm2: 0.04815250855095427
phi Residual Mean: 2.611767179230139e-05
phi Residual Max: 0.0297189367054412
Total Residual Norm2: 59.32691046518634
 
 
DAInputVolCoord. 
Setting volume coordinates. 
Checking mesh quality for time = 1000
    Overall domain bounding box (-1.057719717809932e-10 -0.09450000000000007 -3.866094578222212e-07) (0.8445000000000003 0.09450000000000008 0.03750000000000003)
    Mesh has 3 geometric (non-empty/wedge) directions (1 1 1)
    Mesh has 3 solution (non-empty) directions (1 1 1)
    Boundary openness (-2.902856270352244e-18 1.12752908090908e-17 -1.150953314414998e-16) OK.
    Max cell openness = 4.198331785793153e-16 OK.
    Max aspect ratio = 69.08288552368603 OK.
    Minimum face area = 1.673116305108117e-06. Maximum face area = 0.001155838040968327.  Face area magnitudes OK.
    Min volume = 5.879984968721253e-09. Max volume = 1.309214586205377e-05.  Total volume = 0.00471982983513016.  Cell volumes OK.
    Mesh non-orthogonality Max: 3.512316123423137 average: 0.2800882252987181
    Non-orthogonality check OK.
    Face pyramids OK.
    Max skewness = 0.2181468419684923 OK.
    Coupled point location match (average 0) OK.

Mesh OK.

Running Primal Solver 015
Previous solution time 1000 not found and nothing deleted.
No finite volume options present

Starting time loop

Time = 1

U0 initRes: 2.476887152184792e-06 finalRes: 1.029400105889043e-08 nIters: 6
U1 initRes: 7.083556941131059e-06 finalRes: 6.569456262071553e-08 nIters: 6
U2 initRes: 2.62132408725531e-05 finalRes: 9.675957766172084e-08 nIters: 6
p initRes: 0.0002617267210019856 finalRes: 2.318063251501325e-06 nIters: 5
Time step continuity errors : sum local = 3.943581699279562e-05
                                 global = 3.893600132155331e-06
                             cumulative = -0.01190794206479113
T initRes: 1.87232275146916e-05 finalRes: 1.052070613577524e-07 nIters: 6
nuTilda initRes: 0.0002101192208243351 finalRes: 9.271149090619638e-07 nIters: 4
TP1: 88.11909674303985 final: 88.11909674303985
TP2: 35.77318316924836 final: 35.77318316924836
HFX: 301.8086942502295 final: 301.8086942502295
yPlus min: 1.85359062203033 max: 55.32683541085157 mean: 23.67031674930442
ExecutionTime = 81.78 s  ClockTime = 85 s

Time = 100

U0 initRes: 2.250636391762643e-06 finalRes: 1.004619543873873e-08 nIters: 6
U1 initRes: 5.541233933609442e-06 finalRes: 1.698474200402017e-08 nIters: 8
U2 initRes: 1.554787276994668e-05 finalRes: 9.464701776704106e-08 nIters: 6
p initRes: 0.000205857805799085 finalRes: 1.307736568774523e-06 nIters: 3
Time step continuity errors : sum local = 2.224703646896394e-05
                                 global = -5.17556676258184e-09
                             cumulative = -0.01190794724035789
T initRes: 1.864246118264832e-05 finalRes: 1.055462728675343e-07 nIters: 6
nuTilda initRes: 0.0003620601902727714 finalRes: 8.159588418566456e-07 nIters: 4
TP1: 88.11826439717393 final: 88.11826439717393
TP2: 35.77316277288257 final: 35.77316277288257
HFX: 301.8141406013124 final: 301.8141406013124
yPlus min: 1.846085704885781 max: 55.32088409309943 mean: 23.67003534481132
ExecutionTime = 82.20999999999999 s  ClockTime = 85 s

Time = 200

U0 initRes: 2.237748296075164e-06 finalRes: 1.008255931442498e-08 nIters: 6
U1 initRes: 5.524646496395617e-06 finalRes: 1.700888974486269e-08 nIters: 8
U2 initRes: 1.548754116125002e-05 finalRes: 9.456889356876406e-08 nIters: 6
p initRes: 0.0002056856604204603 finalRes: 1.328725235672814e-06 nIters: 3
Time step continuity errors : sum local = 2.260411806781309e-05
                                 global = 8.220132602671109e-08
                             cumulative = -0.01190786503903187
T initRes: 1.863131518580607e-05 finalRes: 1.054769140433369e-07 nIters: 6
nuTilda initRes: 0.0003619791858199037 finalRes: 8.161468403919662e-07 nIters: 4
TP1: 88.11820751947859 final: 88.11820751947859
TP2: 35.77315928865489 final: 35.77315928865489
HFX: 301.8141622240811 final: 301.8141622240811
yPlus min: 1.846080732034307 max: 55.3208856105035 mean: 23.67003787919895
ExecutionTime = 82.63 s  ClockTime = 86 s

Time = 300

U0 initRes: 2.237918426162172e-06 finalRes: 1.008045975526992e-08 nIters: 6
U1 initRes: 5.525639947895559e-06 finalRes: 1.700930709167517e-08 nIters: 8
U2 initRes: 1.548833210772736e-05 finalRes: 9.456503278503672e-08 nIters: 6
p initRes: 0.0002056825405465595 finalRes: 1.326557621271701e-06 nIters: 3
Time step continuity errors : sum local = 2.256724328220172e-05
                                 global = 8.684193396190848e-08
                             cumulative = -0.0119077781970979
T initRes: 1.863071834467872e-05 finalRes: 1.054904432583829e-07 nIters: 6
nuTilda initRes: 0.0003619797597361449 finalRes: 8.160506075795928e-07 nIters: 4
TP1: 88.11821033803623 final: 88.11821033803623
TP2: 35.77315952297267 final: 35.77315952297267
HFX: 301.8141593219745 final: 301.8141593219745
yPlus min: 1.846081521750897 max: 55.32088523615148 mean: 23.67003791045653
ExecutionTime = 83.18000000000001 s  ClockTime = 86 s

Time = 400

U0 initRes: 2.237905652601297e-06 finalRes: 1.008017133934077e-08 nIters: 6
U1 initRes: 5.525628356940669e-06 finalRes: 1.700920929012981e-08 nIters: 8
U2 initRes: 1.548833300435932e-05 finalRes: 9.456546590037107e-08 nIters: 6
p initRes: 0.0002056827470304089 finalRes: 1.326540777469361e-06 nIters: 3
Time step continuity errors : sum local = 2.256695663920597e-05
                                 global = 8.623045124389424e-08
                             cumulative = -0.01190769196664666
T initRes: 1.863072630253021e-05 finalRes: 1.054900062792056e-07 nIters: 6
nuTilda initRes: 0.0003619797800851097 finalRes: 8.160514301619985e-07 nIters: 4
TP1: 88.1182103590713 final: 88.1182103590713
TP2: 35.77315951798005 final: 35.77315951798005
HFX: 301.8141594686732 final: 301.8141594686732
yPlus min: 1.846081486170665 max: 55.3208852632029 mean: 23.67003789858937
ExecutionTime = 83.63 s  ClockTime = 87 s

Time = 500

U0 initRes: 2.237904748270484e-06 finalRes: 1.008019417035396e-08 nIters: 6
U1 initRes: 5.525625014717305e-06 finalRes: 1.700921295495814e-08 nIters: 8
U2 initRes: 1.548832862599946e-05 finalRes: 9.456545742000464e-08 nIters: 6
p initRes: 0.0002056827439999817 finalRes: 1.326549513827497e-06 nIters: 3
Time step continuity errors : sum local = 2.256710529532163e-05
                                 global = 8.624590385256239e-08
                             cumulative = -0.01190760572074281
T initRes: 1.863072744127129e-05 finalRes: 1.054899800352324e-07 nIters: 6
nuTilda initRes: 0.0003619797690644568 finalRes: 8.160517436289674e-07 nIters: 4
TP1: 88.11821034712324 final: 88.11821034712324
TP2: 35.77315951734418 final: 35.77315951734418
HFX: 301.8141594724594 final: 301.8141594724594
yPlus min: 1.846081484983752 max: 55.32088526331296 mean: 23.67003789907844
ExecutionTime = 84.05 s  ClockTime = 87 s

Time = 600

U0 initRes: 2.237904836329638e-06 finalRes: 1.008019406452442e-08 nIters: 6
U1 initRes: 5.52562523401005e-06 finalRes: 1.70092131364831e-08 nIters: 8
U2 initRes: 1.548832883899832e-05 finalRes: 9.456545624121546e-08 nIters: 6
p initRes: 0.0002056827433719142 finalRes: 1.326549124551648e-06 nIters: 3
Time step continuity errors : sum local = 2.256709866612772e-05
                                 global = 8.624759405327657e-08
                             cumulative = -0.01190751947314875
T initRes: 1.863072734116429e-05 finalRes: 1.054899809307756e-07 nIters: 6
nuTilda initRes: 0.0003619797695468193 finalRes: 8.16051724064793e-07 nIters: 4
TP1: 88.11821034766884 final: 88.11821034766884
TP2: 35.77315951739687 final: 35.77315951739687
HFX: 301.8141594717187 final: 301.8141594717187
yPlus min: 1.846081485176126 max: 55.32088526320744 mean: 23.67003789909726
ExecutionTime = 84.53 s  ClockTime = 87 s

Time = 700

U0 initRes: 2.237904835079992e-06 finalRes: 1.008019397991693e-08 nIters: 6
U1 initRes: 5.525625235088624e-06 finalRes: 1.700921311621283e-08 nIters: 8
U2 initRes: 1.5488328844048e-05 finalRes: 9.456545633870779e-08 nIters: 6
p initRes: 0.0002056827434169698 finalRes: 1.3265491306014e-06 nIters: 3
Time step continuity errors : sum local = 2.256709880692549e-05
                                 global = 8.624748224628147e-08
                             cumulative = -0.01190743322566651
T initRes: 1.863072734096279e-05 finalRes: 1.054899804120807e-07 nIters: 6
nuTilda initRes: 0.0003619797695630297 finalRes: 8.160517239048766e-07 nIters: 4
TP1: 88.11821034770824 final: 88.11821034770824
TP2: 35.77315951739561 final: 35.77315951739561
HFX: 301.8141594717411 final: 301.8141594717411
yPlus min: 1.846081485172687 max: 55.32088526321226 mean: 23.67003789909435
ExecutionTime = 85 s  ClockTime = 88 s

Time = 800

U0 initRes: 2.237904835204736e-06 finalRes: 1.008019398866145e-08 nIters: 6
U1 initRes: 5.525625234642282e-06 finalRes: 1.700921311163225e-08 nIters: 8
U2 initRes: 1.548832884297885e-05 finalRes: 9.456545634219833e-08 nIters: 6
p initRes: 0.0002056827434235305 finalRes: 1.326549114080843e-06 nIters: 3
Time step continuity errors : sum local = 2.256709846945661e-05
                                 global = 8.624735456403298e-08
                             cumulative = -0.01190734697831194
T initRes: 1.863072734126591e-05 finalRes: 1.054899806869269e-07 nIters: 6
nuTilda initRes: 0.0003619797695600515 finalRes: 8.160517239862526e-07 nIters: 4
TP1: 88.11821034767912 final: 88.11821034767912
TP2: 35.77315951739552 final: 35.77315951739552
HFX: 301.814159471743 final: 301.814159471743
yPlus min: 1.846081485170066 max: 55.32088526321274 mean: 23.67003789909451
ExecutionTime = 85.47 s  ClockTime = 88 s

Time = 900

U0 initRes: 2.237904834258026e-06 finalRes: 1.008019398145609e-08 nIters: 6
U1 initRes: 5.525625233192963e-06 finalRes: 1.700921311519034e-08 nIters: 8
U2 initRes: 1.548832884205132e-05 finalRes: 9.456545633456732e-08 nIters: 6
p initRes: 0.0002056827434119352 finalRes: 1.32654911725231e-06 nIters: 3
Time step continuity errors : sum local = 2.256709858470273e-05
                                 global = 8.62473844270601e-08
                             cumulative = -0.01190726073092752
T initRes: 1.863072734128353e-05 finalRes: 1.054899816950983e-07 nIters: 6
nuTilda initRes: 0.0003619797695598802 finalRes: 8.160517239824153e-07 nIters: 4
TP1: 88.11821034769802 final: 88.11821034769802
TP2: 35.77315951739615 final: 35.77315951739615
HFX: 301.8141594717433 final: 301.8141594717433
yPlus min: 1.846081485172311 max: 55.32088526321247 mean: 23.67003789909446
ExecutionTime = 86 s  ClockTime = 89 s

Time = 1000

U0 initRes: 2.237904833876254e-06 finalRes: 1.008019397789457e-08 nIters: 6
U1 initRes: 5.525625233406574e-06 finalRes: 1.700921311053991e-08 nIters: 8
U2 initRes: 1.548832884224757e-05 finalRes: 9.456545633504918e-08 nIters: 6
p initRes: 0.0002056827434007466 finalRes: 1.32654912945035e-06 nIters: 3
Time step continuity errors : sum local = 2.256709871810973e-05
                                 global = 8.624745887046296e-08
                             cumulative = -0.01190717448346865
T initRes: 1.86307273420597e-05 finalRes: 1.054899815693853e-07 nIters: 6
nuTilda initRes: 0.0003619797695600457 finalRes: 8.160517239757628e-07 nIters: 4
TP1: 88.11821034770037 final: 88.11821034770037
TP2: 35.77315951739592 final: 35.77315951739592
HFX: 301.8141594717427 final: 301.8141594717427
yPlus min: 1.846081485171443 max: 55.32088526321247 mean: 23.67003789909444
ExecutionTime = 86.48 s  ClockTime = 89 s

End

Moving time 1000 to 0.0015
Printing Primal Residual Statistics.
U Residual Norm2: (28.35147090056139 24.90364667971848 11.63033260702398)
U Residual Mean: (0.04086828246175235 0.03277306567223793 0.01527483492918917)
U Residual Max: (12.97888478666006 11.00885526303868 8.189609007241382)
p Residual Norm2: 8.196142751688448
p Residual Mean: 0.01414783671804668
p Residual Max: 2.849037629424646
T Residual Norm2: 43.49990917753827
T Residual Mean: 0.05141394318098803
T Residual Max: 20.59490940891961
nuTilda Residual Norm2: 0.4913584171402623
nuTilda Residual Mean: 0.0004758153049975137
nuTilda Residual Max: 0.2386384162453608
phi Residual Norm2: 0.04816353102848617
phi Residual Mean: 2.605091125477708e-05
phi Residual Max: 0.02972850585053536
Total Residual Norm2: 59.32052565515234
 
 
DAInputVolCoord. 
Setting volume coordinates. 
Checking mesh quality for time = 1000
    Overall domain bounding box (-5.343354346737524e-12 -0.09450000000000007 -2.901640322857831e-07) (0.8445000000000003 0.09450000000000008 0.03750000000000003)
    Mesh has 3 geometric (non-empty/wedge) directions (1 1 1)
    Mesh has 3 solution (non-empty) directions (1 1 1)
    Boundary openness (9.207624781042875e-18 -8.35744743302876e-19 2.342163104849533e-17) OK.
    Max cell openness = 4.936063629564807e-16 OK.
    Max aspect ratio = 69.0828855223982 OK.
    Minimum face area = 1.673100404158471e-06. Maximum face area = 0.001155838074384399.  Face area magnitudes OK.
    Min volume = 5.879890394923346e-09. Max volume = 1.309214757530394e-05.  Total volume = 0.0047198344983886.  Cell volumes OK.
    Mesh non-orthogonality Max: 3.51229621913232 average: 0.2800622583566954
    Non-orthogonality check OK.
    Face pyramids OK.
    Max skewness = 0.2181461963449292 OK.
    Coupled point location match (average 0) OK.

Mesh OK.

Running Primal Solver 016
Previous solution time 1000 not found and nothing deleted.
No finite volume options present

Starting time loop

Time = 1

U0 initRes: 2.428159353000191e-06 finalRes: 1.02887178434376e-08 nIters: 6
U1 initRes: 7.207413429560306e-06 finalRes: 6.632452228302311e-08 nIters: 6
U2 initRes: 2.038484996735741e-05 finalRes: 1.003159896765471e-07 nIters: 6
p initRes: 0.0002511508213169415 finalRes: 1.92241824279133e-06 nIters: 3
Time step continuity errors : sum local = 3.270588044697535e-05
                                 global = -3.502336846129145e-08
                             cumulative = -0.01190720950683711
T initRes: 1.853888860840335e-05 finalRes: 1.05441017641113e-07 nIters: 6
nuTilda initRes: 0.0002100286869349753 finalRes: 9.268586129067354e-07 nIters: 4
TP1: 88.11925844575286 final: 88.11925844575286
TP2: 35.77315967264952 final: 35.77315967264952
HFX: 301.8097669646777 final: 301.8097669646777
yPlus min: 1.855694633938763 max: 55.32250523539106 mean: 23.67039868859121
ExecutionTime = 86.63 s  ClockTime = 90 s

Time = 100

U0 initRes: 2.252147886791472e-06 finalRes: 1.012604885941459e-08 nIters: 6
U1 initRes: 5.518810017497735e-06 finalRes: 1.701532987689876e-08 nIters: 8
U2 initRes: 1.554187581818356e-05 finalRes: 9.487485612160376e-08 nIters: 6
p initRes: 0.0002057492947587366 finalRes: 7.513162671511331e-07 nIters: 3
Time step continuity errors : sum local = 1.278120099738741e-05
                                 global = 1.361768139299844e-07
                             cumulative = -0.01190707333002318
T initRes: 1.866489860305525e-05 finalRes: 1.054597987342088e-07 nIters: 6
nuTilda initRes: 0.0003621149303940559 finalRes: 8.170511046530592e-07 nIters: 4
TP1: 88.11847719477481 final: 88.11847719477481
TP2: 35.7731641814031 final: 35.7731641814031
HFX: 301.8138508389384 final: 301.8138508389384
yPlus min: 1.84753073910698 max: 55.32644961256114 mean: 23.67000823254642
ExecutionTime = 87.02 s  ClockTime = 90 s

Time = 200

U0 initRes: 2.246890563904155e-06 finalRes: 1.003789855819677e-08 nIters: 6
U1 initRes: 5.526069707627742e-06 finalRes: 1.700120529176436e-08 nIters: 8
U2 initRes: 1.550664613062963e-05 finalRes: 9.489106358982221e-08 nIters: 6
p initRes: 0.0002056408955576248 finalRes: 7.466046399468255e-07 nIters: 3
Time step continuity errors : sum local = 1.270103941433738e-05
                                 global = 1.802906034160203e-07
                             cumulative = -0.01190689303941976
T initRes: 1.86518538266504e-05 finalRes: 1.055346352231902e-07 nIters: 6
nuTilda initRes: 0.0003620957166710925 finalRes: 8.160102184606042e-07 nIters: 4
TP1: 88.11853237299822 final: 88.11853237299822
TP2: 35.77316835688828 final: 35.77316835688828
HFX: 301.8138167908392 final: 301.8138167908392
yPlus min: 1.847538469192239 max: 55.32644542824663 mean: 23.67000695438439
ExecutionTime = 87.3 s  ClockTime = 90 s

Time = 300

U0 initRes: 2.246894286775645e-06 finalRes: 1.003769558016235e-08 nIters: 6
U1 initRes: 5.525270977907722e-06 finalRes: 1.700013315495414e-08 nIters: 8
U2 initRes: 1.550745609402628e-05 finalRes: 9.489439403026e-08 nIters: 6
p initRes: 0.0002056432643813422 finalRes: 7.446976707003796e-07 nIters: 3
Time step continuity errors : sum local = 1.26685982620219e-05
                                 global = 1.372238166902388e-07
                             cumulative = -0.01190675581560307
T initRes: 1.865204582782673e-05 finalRes: 1.055237753339218e-07 nIters: 6
nuTilda initRes: 0.0003620934146377175 finalRes: 8.160678661729224e-07 nIters: 4
TP1: 88.11852684153037 final: 88.11852684153037
TP2: 35.77316752759945 final: 35.77316752759945
HFX: 301.8138193216648 final: 301.8138193216648
yPlus min: 1.847538327152772 max: 55.3264458465698 mean: 23.67000690616812
ExecutionTime = 87.59 s  ClockTime = 91 s

Time = 400

U0 initRes: 2.247183454203404e-06 finalRes: 1.003759320236158e-08 nIters: 6
U1 initRes: 5.525516188451978e-06 finalRes: 1.700014212685362e-08 nIters: 8
U2 initRes: 1.550667104274744e-05 finalRes: 9.489440768449939e-08 nIters: 6
p initRes: 0.0002056492079823302 finalRes: 7.467919864042802e-07 nIters: 3
Time step continuity errors : sum local = 1.270422604755016e-05
                                 global = 1.688875383293045e-07
                             cumulative = -0.01190658692806474
T initRes: 1.86520371097669e-05 finalRes: 1.055237819868896e-07 nIters: 6
nuTilda initRes: 0.0003620933041906592 finalRes: 8.160693421979147e-07 nIters: 4
TP1: 88.11852505271158 final: 88.11852505271158
TP2: 35.77316741365674 final: 35.77316741365674
HFX: 301.8138192268943 final: 301.8138192268943
yPlus min: 1.847538095439133 max: 55.32644580642263 mean: 23.67000690848865
ExecutionTime = 87.87 s  ClockTime = 91 s

Time = 500

U0 initRes: 2.246769765306093e-06 finalRes: 1.003740083951028e-08 nIters: 6
U1 initRes: 5.525596667714626e-06 finalRes: 1.700043389107734e-08 nIters: 8
U2 initRes: 1.550645255218747e-05 finalRes: 9.489473157967193e-08 nIters: 6
p initRes: 0.000205644469180997 finalRes: 7.518077603949227e-07 nIters: 3
Time step continuity errors : sum local = 1.278955309580372e-05
                                 global = 2.53073170444396e-07
                             cumulative = -0.0119063338548943
T initRes: 1.865200409937803e-05 finalRes: 1.055238951240766e-07 nIters: 6
nuTilda initRes: 0.0003620933123881417 finalRes: 8.160681850717147e-07 nIters: 4
TP1: 88.11852737427667 final: 88.11852737427667
TP2: 35.77316825482838 final: 35.77316825482838
HFX: 301.8138190920412 final: 301.8138190920412
yPlus min: 1.847537404322278 max: 55.32644576344725 mean: 23.67000687638857
ExecutionTime = 88.15000000000001 s  ClockTime = 91 s

Time = 600

U0 initRes: 2.246702265441291e-06 finalRes: 1.003795142607624e-08 nIters: 6
U1 initRes: 5.525321948600473e-06 finalRes: 1.700040937054152e-08 nIters: 8
U2 initRes: 1.550708416187447e-05 finalRes: 9.489423917831965e-08 nIters: 6
p initRes: 0.0002056415419258298 finalRes: 7.428698648039142e-07 nIters: 3
Time step continuity errors : sum local = 1.263750408118452e-05
                                 global = 1.086981147621529e-07
                             cumulative = -0.01190622515677954
T initRes: 1.86519908922011e-05 finalRes: 1.055238477101339e-07 nIters: 6
nuTilda initRes: 0.0003620932559206136 finalRes: 8.160679466968188e-07 nIters: 4
TP1: 88.11853040035363 final: 88.11853040035363
TP2: 35.77316802401346 final: 35.77316802401346
HFX: 301.8138192439368 final: 301.8138192439368
yPlus min: 1.847538092778227 max: 55.3264457981709 mean: 23.67000689910606
ExecutionTime = 88.5 s  ClockTime = 92 s

Time = 700

U0 initRes: 2.247151975119149e-06 finalRes: 1.003814577928654e-08 nIters: 6
U1 initRes: 5.525347530215759e-06 finalRes: 1.700009497867496e-08 nIters: 8
U2 initRes: 1.550716053565919e-05 finalRes: 9.489408642005447e-08 nIters: 6
p initRes: 0.0002056482435655215 finalRes: 7.431822598909521e-07 nIters: 3
Time step continuity errors : sum local = 1.264281830900198e-05
                                 global = 1.063550099180511e-07
                             cumulative = -0.01190611880176962
T initRes: 1.865206811208961e-05 finalRes: 1.055238406036928e-07 nIters: 6
nuTilda initRes: 0.0003620933699619998 finalRes: 8.160693620016404e-07 nIters: 4
TP1: 88.11852338600337 final: 88.11852338600337
TP2: 35.77316684747203 final: 35.77316684747203
HFX: 301.8138193444617 final: 301.8138193444617
yPlus min: 1.847538392636611 max: 55.3264458542434 mean: 23.67000693340712
ExecutionTime = 88.95 s  ClockTime = 92 s

Time = 800

U0 initRes: 2.247132838919778e-06 finalRes: 1.003752890868812e-08 nIters: 6
U1 initRes: 5.525656790173167e-06 finalRes: 1.700027151739686e-08 nIters: 8
U2 initRes: 1.550636624036244e-05 finalRes: 9.48945652097014e-08 nIters: 6
p initRes: 0.0002056491283282661 finalRes: 7.52062155291983e-07 nIters: 3
Time step continuity errors : sum local = 1.279388069216927e-05
                                 global = 2.44238515965449e-07
                             cumulative = -0.01190587456325365
T initRes: 1.865204148351362e-05 finalRes: 1.055238621768695e-07 nIters: 6
nuTilda initRes: 0.0003620934103845661 finalRes: 8.160688185078571e-07 nIters: 4
TP1: 88.1185242421834 final: 88.1185242421834
TP2: 35.77316746798071 final: 35.77316746798071
HFX: 301.8138190737077 final: 301.8138190737077
yPlus min: 1.847537605481889 max: 55.3264457781292 mean: 23.67000688257375
ExecutionTime = 89.22 s  ClockTime = 92 s

Time = 900

U0 initRes: 2.246615219128389e-06 finalRes: 1.003800463086772e-08 nIters: 6
U1 initRes: 5.525435986729251e-06 finalRes: 1.700053476462591e-08 nIters: 8
U2 initRes: 1.550658335448794e-05 finalRes: 9.489447176650165e-08 nIters: 6
p initRes: 0.0002056424577614811 finalRes: 7.471603209156846e-07 nIters: 3
Time step continuity errors : sum local = 1.271049208276713e-05
                                 global = 1.777058239598503e-07
                             cumulative = -0.01190569685742969
T initRes: 1.865199114314526e-05 finalRes: 1.055238642873308e-07 nIters: 6
nuTilda initRes: 0.0003620933166008833 finalRes: 8.160677515409647e-07 nIters: 4
TP1: 88.11853014043355 final: 88.11853014043355
TP2: 35.7731681046793 final: 35.7731681046793
HFX: 301.8138190934777 final: 301.8138190934777
yPlus min: 1.847537599877176 max: 55.32644576587397 mean: 23.67000687661322
ExecutionTime = 89.51000000000001 s  ClockTime = 93 s

Time = 1000

U0 initRes: 2.246892959247361e-06 finalRes: 1.0037968943152e-08 nIters: 6
U1 initRes: 5.525260434744767e-06 finalRes: 1.700020602191415e-08 nIters: 8
U2 initRes: 1.550742485197322e-05 finalRes: 9.489414024273215e-08 nIters: 6
p initRes: 0.0002056432103487538 finalRes: 7.44680728761563e-07 nIters: 3
Time step continuity errors : sum local = 1.26683100329061e-05
                                 global = 1.370231056405712e-07
                             cumulative = -0.01190555983432405
T initRes: 1.865204032505816e-05 finalRes: 1.055238806512691e-07 nIters: 6
nuTilda initRes: 0.0003620933204819128 finalRes: 8.160690535495841e-07 nIters: 4
TP1: 88.1185267544036 final: 88.1185267544036
TP2: 35.77316752681013 final: 35.77316752681013
HFX: 301.8138192590385 final: 301.8138192590385
yPlus min: 1.847538341678393 max: 55.32644583138485 mean: 23.67000691568502
ExecutionTime = 89.79000000000001 s  ClockTime = 93 s

End

Moving time 1000 to 0.0016
Printing Primal Residual Statistics.
U Residual Norm2: (28.35122928470768 24.90773419479551 11.62381141534333)
U Residual Mean: (0.04090538532104593 0.03275279473986274 0.01525253776257631)
U Residual Max: (12.97957238930615 11.01153487125458 8.185717973398928)
p Residual Norm2: 8.197097588750585
p Residual Mean: 0.01414412736878272
p Residual Max: 2.849755502777138
T Residual Norm2: 43.50736679918379
T Residual Mean: 0.0514292766315745
T Residual Max: 20.59914908722394
nuTilda Residual Norm2: 0.491408495123945
nuTilda Residual Mean: 0.0004757887492374864
nuTilda Residual Max: 0.2386764600582305
phi Residual Norm2: 0.0481522364748193
phi Residual Mean: 2.611546077935704e-05
phi Residual Max: 0.02971862080198841
Total Residual Norm2: 59.32644934695903
 
 
DAInputVolCoord. 
Setting volume coordinates. 
Checking mesh quality for time = 1000
    Overall domain bounding box (-1.72406321680587e-10 -0.09450000000000007 -5.781459270117716e-07) (0.8445000000000003 0.09450000000000008 0.03750000000000003)
    Mesh has 3 geometric (non-empty/wedge) directions (1 1 1)
    Mesh has 3 solution (non-empty) directions (1 1 1)
    Boundary openness (1.629957032175586e-17 1.471847379660092e-18 -8.819103209937003e-17) OK.
    Max cell openness = 3.308249534789715e-16 OK.
    Max aspect ratio = 69.08288552336961 OK.
    Minimum face area = 1.673085504090042e-06. Maximum face area = 0.001155838063797819.  Face area magnitudes OK.
    Min volume = 5.879952234128893e-09. Max volume = 1.30921460494596e-05.  Total volume = 0.004719832546942202.  Cell volumes OK.
    Mesh non-orthogonality Max: 3.51343009473492 average: 0.2801001913114567
    Non-orthogonality check OK.
    Face pyramids OK.
    Max skewness = 0.2181408597967844 OK.
    Coupled point location match (average 0) OK.

Mesh OK.

Running Primal Solver 017
Previous solution time 1000 not found and nothing deleted.
No finite volume options present

Starting time loop

Time = 1

U0 initRes: 2.456290981709404e-06 finalRes: 1.026265471341638e-08 nIters: 6
U1 initRes: 7.481764587092951e-06 finalRes: 6.665911001229252e-08 nIters: 6
U2 initRes: 2.324966579479257e-05 finalRes: 1.039066949627113e-07 nIters: 6
p initRes: 0.0002549265314587513 finalRes: 1.500667711216093e-06 nIters: 5
Time step continuity errors : sum local = 2.553022440518675e-05
                                 global = -2.782626118758123e-08
                             cumulative = -0.01190558766058524
T initRes: 1.860952336101921e-05 finalRes: 1.055328816073314e-07 nIters: 6
nuTilda initRes: 0.0002100697729543468 finalRes: 9.27079808109783e-07 nIters: 4
TP1: 88.11666045787737 final: 88.11666045787737
TP2: 35.7731675553329 final: 35.7731675553329
HFX: 301.8093849419165 final: 301.8093849419165
yPlus min: 1.854636620402116 max: 55.3255439940049 mean: 23.67038007508317
ExecutionTime = 89.91 s  ClockTime = 93 s

Time = 100

U0 initRes: 2.249129464210228e-06 finalRes: 1.009870076271053e-08 nIters: 6
U1 initRes: 5.539752808129475e-06 finalRes: 1.700418350520018e-08 nIters: 8
U2 initRes: 1.553202569435662e-05 finalRes: 9.456104733757685e-08 nIters: 6
p initRes: 0.0002057803971815378 finalRes: 1.296810606064102e-06 nIters: 3
Time step continuity errors : sum local = 2.206097700212808e-05
                                 global = -1.235527682707825e-07
                             cumulative = -0.01190571121335351
T initRes: 1.86346267476079e-05 finalRes: 1.056042814227809e-07 nIters: 6
nuTilda initRes: 0.0003620449337245564 finalRes: 8.156644546550306e-07 nIters: 4
TP1: 88.11827120471196 final: 88.11827120471196
TP2: 35.77317062858271 final: 35.77317062858271
HFX: 301.8133898518253 final: 301.8133898518253
yPlus min: 1.844183830520927 max: 55.32361746536972 mean: 23.66997253348482
ExecutionTime = 90.19 s  ClockTime = 93 s

Time = 200

U0 initRes: 2.238127622256994e-06 finalRes: 1.007853782903628e-08 nIters: 6
U1 initRes: 5.525652606856936e-06 finalRes: 1.700934649528573e-08 nIters: 8
U2 initRes: 1.548972527002473e-05 finalRes: 9.456531605090043e-08 nIters: 6
p initRes: 0.0002056905820619857 finalRes: 1.32128480736355e-06 nIters: 3
Time step continuity errors : sum local = 2.247733190996081e-05
                                 global = -1.25825502300143e-07
                             cumulative = -0.01190583703885581
T initRes: 1.863337510567355e-05 finalRes: 1.054811343540669e-07 nIters: 6
nuTilda initRes: 0.0003619813620782055 finalRes: 8.160431019439e-07 nIters: 4
TP1: 88.11822823355737 final: 88.11822823355737
TP2: 35.77316765687891 final: 35.77316765687891
HFX: 301.8134289959166 final: 301.8134289959166
yPlus min: 1.844174480276894 max: 55.32362283245775 mean: 23.66997285269143
ExecutionTime = 90.47 s  ClockTime = 93 s

Time = 300

U0 initRes: 2.238225146365771e-06 finalRes: 1.008033072112552e-08 nIters: 6
U1 initRes: 5.526004360429526e-06 finalRes: 1.701028193743701e-08 nIters: 8
U2 initRes: 1.5489886774234e-05 finalRes: 9.456068296084317e-08 nIters: 6
p initRes: 0.000205688764932756 finalRes: 1.320114583833262e-06 nIters: 3
Time step continuity errors : sum local = 2.245742530419461e-05
                                 global = -1.250135540658662e-07
                             cumulative = -0.01190596205240988
T initRes: 1.86330791978606e-05 finalRes: 1.054884750818506e-07 nIters: 6
nuTilda initRes: 0.0003619815715384972 finalRes: 8.16009017335111e-07 nIters: 4
TP1: 88.11822877498639 final: 88.11822877498639
TP2: 35.773167726438 final: 35.773167726438
HFX: 301.8134270631691 final: 301.8134270631691
yPlus min: 1.844175002384477 max: 55.32362250974009 mean: 23.66997295461729
ExecutionTime = 90.75 s  ClockTime = 94 s

Time = 400

U0 initRes: 2.238229074992692e-06 finalRes: 1.008006687499384e-08 nIters: 6
U1 initRes: 5.526029272473598e-06 finalRes: 1.701022511784357e-08 nIters: 8
U2 initRes: 1.548992465401717e-05 finalRes: 9.456087177876481e-08 nIters: 6
p initRes: 0.0002056888267635347 finalRes: 1.320063371459464e-06 nIters: 3
Time step continuity errors : sum local = 2.245655408733954e-05
                                 global = -1.250415095122451e-07
                             cumulative = -0.01190608709391939
T initRes: 1.863306802352999e-05 finalRes: 1.054885791256428e-07 nIters: 6
nuTilda initRes: 0.0003619816722447599 finalRes: 8.160066950493572e-07 nIters: 4
TP1: 88.11822887883461 final: 88.11822887883461
TP2: 35.77316773147 final: 35.77316773147
HFX: 301.813427073366 final: 301.813427073366
yPlus min: 1.844175002039207 max: 55.32362251698308 mean: 23.66997294738961
ExecutionTime = 91.02 s  ClockTime = 94 s

Time = 500

U0 initRes: 2.238228024076396e-06 finalRes: 1.00800739847441e-08 nIters: 6
U1 initRes: 5.526026620566683e-06 finalRes: 1.701022470111107e-08 nIters: 8
U2 initRes: 1.548992156697765e-05 finalRes: 9.456087902331123e-08 nIters: 6
p initRes: 0.000205688829046204 finalRes: 1.320070202186958e-06 nIters: 3
Time step continuity errors : sum local = 2.245667021920709e-05
                                 global = -1.250429784244698e-07
                             cumulative = -0.01190621213689781
T initRes: 1.863306924626424e-05 finalRes: 1.054885481405304e-07 nIters: 6
nuTilda initRes: 0.0003619816642667081 finalRes: 8.160069382766829e-07 nIters: 4
TP1: 88.11822887120474 final: 88.11822887120474
TP2: 35.77316773093268 final: 35.77316773093268
HFX: 301.8134270804641 final: 301.8134270804641
yPlus min: 1.844175000051342 max: 55.32362251789654 mean: 23.66997294737781
ExecutionTime = 91.3 s  ClockTime = 94 s

Time = 600

U0 initRes: 2.238228058677429e-06 finalRes: 1.008007460602166e-08 nIters: 6
U1 initRes: 5.526026665296257e-06 finalRes: 1.701022493303066e-08 nIters: 8
U2 initRes: 1.5489921583952e-05 finalRes: 9.456087794271129e-08 nIters: 6
p initRes: 0.0002056888286843852 finalRes: 1.320070027251685e-06 nIters: 3
Time step continuity errors : sum local = 2.245666725887598e-05
                                 global = -1.250426782947473e-07
                             cumulative = -0.01190633717957611
T initRes: 1.863306921768457e-05 finalRes: 1.054885478818587e-07 nIters: 6
nuTilda initRes: 0.0003619816643034437 finalRes: 8.160069342036047e-07 nIters: 4
TP1: 88.11822887121565 final: 88.11822887121565
TP2: 35.77316773094119 final: 35.77316773094119
HFX: 301.8134270800614 final: 301.8134270800614
yPlus min: 1.844175000156103 max: 55.32362251782293 mean: 23.66997294740494
ExecutionTime = 91.70999999999999 s  ClockTime = 95 s

Time = 700

U0 initRes: 2.238228060552767e-06 finalRes: 1.008007454858164e-08 nIters: 6
U1 initRes: 5.526026672956554e-06 finalRes: 1.701022492334122e-08 nIters: 8
U2 initRes: 1.54899215941442e-05 finalRes: 9.456087797216254e-08 nIters: 6
p initRes: 0.0002056888286873336 finalRes: 1.320070021117218e-06 nIters: 3
Time step continuity errors : sum local = 2.245666719690422e-05
                                 global = -1.2504276401661e-07
                             cumulative = -0.01190646222234013
T initRes: 1.863306921703961e-05 finalRes: 1.054885476838913e-07 nIters: 6
nuTilda initRes: 0.0003619816643310716 finalRes: 8.160069335188609e-07 nIters: 4
TP1: 88.11822887124123 final: 88.11822887124123
TP2: 35.77316773094331 final: 35.77316773094331
HFX: 301.8134270800564 final: 301.8134270800564
yPlus min: 1.844175000158511 max: 55.32362251782349 mean: 23.66997294740361
ExecutionTime = 92.20999999999999 s  ClockTime = 95 s

Time = 800

U0 initRes: 2.238228061031473e-06 finalRes: 1.008007454871243e-08 nIters: 6
U1 initRes: 5.526026672910789e-06 finalRes: 1.701022493124959e-08 nIters: 8
U2 initRes: 1.54899215943853e-05 finalRes: 9.45608779792755e-08 nIters: 6
p initRes: 0.0002056888286973155 finalRes: 1.320070035831197e-06 nIters: 3
Time step continuity errors : sum local = 2.245666745483707e-05
                                 global = -1.250427489783964e-07
                             cumulative = -0.0119065872650891
T initRes: 1.8633069217419e-05 finalRes: 1.054885480710686e-07 nIters: 6
nuTilda initRes: 0.0003619816643301269 finalRes: 8.160069335627296e-07 nIters: 4
TP1: 88.1182288712376 final: 88.1182288712376
TP2: 35.77316773094252 final: 35.77316773094252
HFX: 301.8134270800557 final: 301.8134270800557
yPlus min: 1.844175000155049 max: 55.32362251782357 mean: 23.66997294740346
ExecutionTime = 92.72 s  ClockTime = 96 s

Time = 900

U0 initRes: 2.238228060661688e-06 finalRes: 1.008007454502565e-08 nIters: 6
U1 initRes: 5.526026672834715e-06 finalRes: 1.701022492519062e-08 nIters: 8
U2 initRes: 1.548992159389773e-05 finalRes: 9.456087797631316e-08 nIters: 6
p initRes: 0.0002056888287027043 finalRes: 1.320070027662725e-06 nIters: 3
Time step continuity errors : sum local = 2.245666724531903e-05
                                 global = -1.250427869713693e-07
                             cumulative = -0.01190671230787608
T initRes: 1.863306921702524e-05 finalRes: 1.054885489463669e-07 nIters: 6
nuTilda initRes: 0.0003619816643297589 finalRes: 8.160069335787298e-07 nIters: 4
TP1: 88.11822887123211 final: 88.11822887123211
TP2: 35.77316773094324 final: 35.77316773094324
HFX: 301.813427080058 final: 301.813427080058
yPlus min: 1.844175000157913 max: 55.32362251782389 mean: 23.66997294740368
ExecutionTime = 93.23999999999999 s  ClockTime = 96 s

Time = 1000

U0 initRes: 2.23822806091611e-06 finalRes: 1.008007454111835e-08 nIters: 6
U1 initRes: 5.526026672973602e-06 finalRes: 1.701022492055419e-08 nIters: 8
U2 initRes: 1.548992159411303e-05 finalRes: 9.456087797725254e-08 nIters: 6
p initRes: 0.0002056888287012647 finalRes: 1.320070031722823e-06 nIters: 3
Time step continuity errors : sum local = 2.245666737361233e-05
                                 global = -1.250428154846054e-07
                             cumulative = -0.01190683735069156
T initRes: 1.86330692176463e-05 finalRes: 1.054885493896737e-07 nIters: 6
nuTilda initRes: 0.000361981664329906 finalRes: 8.160069335567983e-07 nIters: 4
TP1: 88.11822887122703 final: 88.11822887122703
TP2: 35.77316773094341 final: 35.77316773094341
HFX: 301.813427080058 final: 301.813427080058
yPlus min: 1.84417500015744 max: 55.32362251782389 mean: 23.6699729474037
ExecutionTime = 93.73 s  ClockTime = 97 s

End

Moving time 1000 to 0.0017
Printing Primal Residual Statistics.
U Residual Norm2: (28.35043951676692 24.90289403322555 11.63028641488326)
U Residual Mean: (0.040866653720993 0.03277286892372417 0.01527246781409488)
U Residual Max: (12.97892989547132 11.0085892602343 8.190787579314611)
p Residual Norm2: 8.196128449151013
p Residual Mean: 0.01414717432817272
p Residual Max: 2.848940604458346
T Residual Norm2: 43.50157767349691
T Residual Mean: 0.05141415779327996
T Residual Max: 20.59811031403645
nuTilda Residual Norm2: 0.4913490649325726
nuTilda Residual Mean: 0.0004757709038628659
nuTilda Residual Max: 0.23863133123617
phi Residual Norm2: 0.04816368232167656
phi Residual Mean: 2.605076296623713e-05
phi Residual Max: 0.0297286668300105
Total Residual Norm2: 59.32092918522358
 
 
DAInputVolCoord. 
Setting volume coordinates. 
Checking mesh quality for time = 1000
    Overall domain bounding box (2.283420072953744e-38 -0.09450000000000007 -9.649076602389322e-08) (0.8445000000000003 0.09450000000000008 0.03750000000000003)
    Mesh has 3 geometric (non-empty/wedge) directions (1 1 1)
    Mesh has 3 solution (non-empty) directions (1 1 1)
    Boundary openness (-6.802959565781735e-18 -4.14663537365397e-18 -6.990539224814956e-17) OK.
    Max cell openness = 4.614126014533814e-16 OK.
    Max aspect ratio = 69.08288552492692 OK.
    Minimum face area = 1.671794995337264e-06. Maximum face area = 0.001155838184908555.  Face area magnitudes OK.
    Min volume = 5.879984972805282e-09. Max volume = 1.30921460934424e-05.  Total volume = 0.004719833556330492.  Cell volumes OK.
    Mesh non-orthogonality Max: 3.531979211748728 average: 0.2805071513067586
    Non-orthogonality check OK.
    Face pyramids OK.
    Max skewness = 0.2181784307596825 OK.
    Coupled point location match (average 0) OK.

Mesh OK.

Running Primal Solver 018
Previous solution time 1000 not found and nothing deleted.
No finite volume options present

Starting time loop

Time = 1

U0 initRes: 2.730851710960468e-06 finalRes: 1.120694760794562e-08 nIters: 6
U1 initRes: 1.783147855045368e-05 finalRes: 9.438357265740594e-08 nIters: 6
U2 initRes: 5.736668539625105e-05 finalRes: 1.526797831290365e-07 nIters: 6
p initRes: 0.0003857525929606375 finalRes: 3.618838936741395e-06 nIters: 5
Time step continuity errors : sum local = 6.156493904662893e-05
                                 global = 2.068021473818622e-06
                             cumulative = -0.01190476932921774
T initRes: 2.178016145326968e-05 finalRes: 1.171500874895121e-07 nIters: 6
nuTilda initRes: 0.0002117597795365 finalRes: 9.42612578157107e-07 nIters: 4
TP1: 88.10680233450745 final: 88.10680233450745
TP2: 35.77317213869536 final: 35.77317213869536
HFX: 301.8089546049724 final: 301.8089546049724
yPlus min: 1.857744853132847 max: 55.32408901084789 mean: 23.67037435008588
ExecutionTime = 93.86 s  ClockTime = 97 s

Time = 100

U0 initRes: 2.310258085998427e-06 finalRes: 1.018155413368779e-08 nIters: 6
U1 initRes: 5.622656912509726e-06 finalRes: 1.694447539019074e-08 nIters: 8
U2 initRes: 1.586306187822279e-05 finalRes: 9.527545319530413e-08 nIters: 6
p initRes: 0.0002067087615283114 finalRes: 7.16646780672717e-07 nIters: 3
Time step continuity errors : sum local = 1.21909502716588e-05
                                 global = 2.347987360809949e-07
                             cumulative = -0.01190453453048166
T initRes: 1.873496751378494e-05 finalRes: 1.058478753748414e-07 nIters: 6
nuTilda initRes: 0.0003624545336013657 finalRes: 8.174400954084409e-07 nIters: 4
TP1: 88.11864859834429 final: 88.11864859834429
TP2: 35.77323632225955 final: 35.77323632225955
HFX: 301.8122780514005 final: 301.8122780514005
yPlus min: 1.846382920567143 max: 55.32597705144362 mean: 23.66995436232286
ExecutionTime = 94.40000000000001 s  ClockTime = 98 s

Time = 200

U0 initRes: 2.245449487723411e-06 finalRes: 1.001623425990428e-08 nIters: 6
U1 initRes: 5.520396170882154e-06 finalRes: 1.700183501217291e-08 nIters: 8
U2 initRes: 1.550896999378814e-05 finalRes: 9.490710430918852e-08 nIters: 6
p initRes: 0.0002056560859992435 finalRes: 7.238166510614482e-07 nIters: 3
Time step continuity errors : sum local = 1.231295829188028e-05
                                 global = 2.947213565224065e-07
                             cumulative = -0.01190423980912514
T initRes: 1.865529333118591e-05 finalRes: 1.054821993434539e-07 nIters: 6
nuTilda initRes: 0.0003621169103011157 finalRes: 8.16476189484409e-07 nIters: 4
TP1: 88.11847704634805 final: 88.11847704634805
TP2: 35.77322805204268 final: 35.77322805204268
HFX: 301.8122793958465 final: 301.8122793958465
yPlus min: 1.846378664192535 max: 55.32596725335338 mean: 23.66996481972216
ExecutionTime = 94.89 s  ClockTime = 98 s

Time = 300

U0 initRes: 2.245558304180296e-06 finalRes: 1.000898376384599e-08 nIters: 6
U1 initRes: 5.523670270969367e-06 finalRes: 1.700326637798133e-08 nIters: 8
U2 initRes: 1.550609876983071e-05 finalRes: 9.489642514973777e-08 nIters: 6
p initRes: 0.0002056376777167659 finalRes: 7.225367320637955e-07 nIters: 3
Time step continuity errors : sum local = 1.229118603108452e-05
                                 global = 2.950424644258892e-07
                             cumulative = -0.01190394476666071
T initRes: 1.865245695361896e-05 finalRes: 1.055318948717956e-07 nIters: 6
nuTilda initRes: 0.0003621135155600046 finalRes: 8.161176992611786e-07 nIters: 4
TP1: 88.11848809210125 final: 88.11848809210125
TP2: 35.7732288074764 final: 35.7732288074764
HFX: 301.8122673860546 final: 301.8122673860546
yPlus min: 1.846381919010835 max: 55.3259656448982 mean: 23.66996492709399
ExecutionTime = 95.38 s  ClockTime = 99 s

Time = 400

U0 initRes: 2.245537531153499e-06 finalRes: 1.000785628096544e-08 nIters: 6
U1 initRes: 5.523619330109462e-06 finalRes: 1.700289156605883e-08 nIters: 8
U2 initRes: 1.550624560266764e-05 finalRes: 9.489775765358988e-08 nIters: 6
p initRes: 0.0002056380377697248 finalRes: 7.225555538574412e-07 nIters: 3
Time step continuity errors : sum local = 1.229150611679078e-05
                                 global = 2.948576456129771e-07
                             cumulative = -0.0119036499090151
T initRes: 1.865244377823058e-05 finalRes: 1.055302601625387e-07 nIters: 6
nuTilda initRes: 0.0003621136609165931 finalRes: 8.161198739726129e-07 nIters: 4
TP1: 88.11848823890641 final: 88.11848823890641
TP2: 35.77322880447066 final: 35.77322880447066
HFX: 301.8122679151029 final: 301.8122679151029
yPlus min: 1.846381789123162 max: 55.32596574725022 mean: 23.66996488431386
ExecutionTime = 95.87 s  ClockTime = 99 s

Time = 500

U0 initRes: 2.245533351548494e-06 finalRes: 1.000792913544653e-08 nIters: 6
U1 initRes: 5.523607340487198e-06 finalRes: 1.700290340581818e-08 nIters: 8
U2 initRes: 1.55062365825919e-05 finalRes: 9.48977312668649e-08 nIters: 6
p initRes: 0.0002056380482711475 finalRes: 7.225587567426438e-07 nIters: 3
Time step continuity errors : sum local = 1.229156053292376e-05
                                 global = 2.948649390772564e-07
                             cumulative = -0.01190335504407602
T initRes: 1.865244667143514e-05 finalRes: 1.055301429313697e-07 nIters: 6
nuTilda initRes: 0.000362113605856529 finalRes: 8.161210735969311e-07 nIters: 4
TP1: 88.11848819140684 final: 88.11848819140684
TP2: 35.77322880184166 final: 35.77322880184166
HFX: 301.8122679342965 final: 301.8122679342965
yPlus min: 1.846381783290595 max: 55.32596574829636 mean: 23.66996488595298
ExecutionTime = 96.45 s  ClockTime = 100 s

Time = 600

U0 initRes: 2.245533621351208e-06 finalRes: 1.000792987540527e-08 nIters: 6
U1 initRes: 5.523608084439466e-06 finalRes: 1.70029042235103e-08 nIters: 8
U2 initRes: 1.550623644046308e-05 finalRes: 9.4897727529624e-08 nIters: 6
p initRes: 0.0002056380463958378 finalRes: 7.225585206442465e-07 nIters: 3
Time step continuity errors : sum local = 1.229155657884961e-05
                                 global = 2.948651492846398e-07
                             cumulative = -0.01190306017892674
T initRes: 1.865244635758978e-05 finalRes: 1.055301528371832e-07 nIters: 6
nuTilda initRes: 0.0003621136076108436 finalRes: 8.161210095404052e-07 nIters: 4
TP1: 88.11848819312398 final: 88.11848819312398
TP2: 35.77322880197451 final: 35.77322880197451
HFX: 301.8122679314454 final: 301.8122679314454
yPlus min: 1.846381784041087 max: 55.32596574786942 mean: 23.66996488603371
ExecutionTime = 96.95 s  ClockTime = 100 s

Time = 700

U0 initRes: 2.245533623206383e-06 finalRes: 1.000792955828634e-08 nIters: 6
U1 initRes: 5.523608093371018e-06 finalRes: 1.700290413827571e-08 nIters: 8
U2 initRes: 1.550623648213291e-05 finalRes: 9.489772780251443e-08 nIters: 6
p initRes: 0.0002056380464427741 finalRes: 7.225585081361291e-07 nIters: 3
Time step continuity errors : sum local = 1.229155632310384e-05
                                 global = 2.948651205601988e-07
                             cumulative = -0.01190276531380618
T initRes: 1.865244636341356e-05 finalRes: 1.055301536474619e-07 nIters: 6
nuTilda initRes: 0.0003621136077243199 finalRes: 8.161210081230365e-07 nIters: 4
TP1: 88.11848819320105 final: 88.11848819320105
TP2: 35.77322880197868 final: 35.77322880197868
HFX: 301.8122679315072 final: 301.8122679315072
yPlus min: 1.846381784026746 max: 55.32596574788564 mean: 23.66996488602392
ExecutionTime = 97.45 s  ClockTime = 101 s

Time = 800

U0 initRes: 2.245533622912555e-06 finalRes: 1.000792958889992e-08 nIters: 6
U1 initRes: 5.523608090996636e-06 finalRes: 1.700290414853063e-08 nIters: 8
U2 initRes: 1.550623648050839e-05 finalRes: 9.489772780525738e-08 nIters: 6
p initRes: 0.0002056380464551613 finalRes: 7.2255851151703e-07 nIters: 3
Time step continuity errors : sum local = 1.229155636564183e-05
                                 global = 2.948650323897283e-07
                             cumulative = -0.01190247044877379
T initRes: 1.865244636226025e-05 finalRes: 1.055301521458692e-07 nIters: 6
nuTilda initRes: 0.0003621136077128388 finalRes: 8.161210083934436e-07 nIters: 4
TP1: 88.11848819316977 final: 88.11848819316977
TP2: 35.77322880197816 final: 35.77322880197816
HFX: 301.8122679315153 final: 301.8122679315153
yPlus min: 1.846381784025165 max: 55.3259657478864 mean: 23.66996488602408
ExecutionTime = 97.94 s  ClockTime = 101 s

Time = 900

U0 initRes: 2.245533625092408e-06 finalRes: 1.000792960687196e-08 nIters: 6
U1 initRes: 5.523608091409932e-06 finalRes: 1.700290414361901e-08 nIters: 8
U2 initRes: 1.550623647966264e-05 finalRes: 9.489772779324687e-08 nIters: 6
p initRes: 0.0002056380464671114 finalRes: 7.225585007131371e-07 nIters: 3
Time step continuity errors : sum local = 1.229155619022159e-05
                                 global = 2.948650398734333e-07
                             cumulative = -0.01190217558373392
T initRes: 1.865244636003833e-05 finalRes: 1.055301526094259e-07 nIters: 6
nuTilda initRes: 0.0003621136077136985 finalRes: 8.161210083542973e-07 nIters: 4
TP1: 88.11848819314558 final: 88.11848819314558
TP2: 35.77322880197826 final: 35.77322880197826
HFX: 301.8122679315125 final: 301.8122679315125
yPlus min: 1.846381784024726 max: 55.32596574788647 mean: 23.66996488602406
ExecutionTime = 98.42 s  ClockTime = 102 s

Time = 1000

U0 initRes: 2.245533621045313e-06 finalRes: 1.00079295840853e-08 nIters: 6
U1 initRes: 5.52360809060114e-06 finalRes: 1.700290414273287e-08 nIters: 8
U2 initRes: 1.550623648052454e-05 finalRes: 9.489772780532819e-08 nIters: 6
p initRes: 0.0002056380464418645 finalRes: 7.225585332222443e-07 nIters: 3
Time step continuity errors : sum local = 1.229155672874908e-05
                                 global = 2.948652727923987e-07
                             cumulative = -0.01190188071846112
T initRes: 1.865244636212252e-05 finalRes: 1.055301522703158e-07 nIters: 6
nuTilda initRes: 0.000362113607712636 finalRes: 8.161210084226665e-07 nIters: 4
TP1: 88.11848819317956 final: 88.11848819317956
TP2: 35.77322880197994 final: 35.77322880197994
HFX: 301.8122679315162 final: 301.8122679315162
yPlus min: 1.846381784028247 max: 55.32596574788661 mean: 23.66996488602437
ExecutionTime = 98.88 s  ClockTime = 102 s

End

Moving time 1000 to 0.0018
Printing Primal Residual Statistics.
U Residual Norm2: (28.35480666915169 24.90918510775498 11.62524335536608)
U Residual Mean: (0.04090513819394093 0.03274543191954676 0.01525785306105785)
U Residual Max: (12.97910689429318 11.01193404881047 8.184541733551587)
p Residual Norm2: 8.197409474824969
p Residual Mean: 0.01414721069209816
p Residual Max: 2.849853469181645
T Residual Norm2: 43.50739329266287
T Residual Mean: 0.05143723081922619
T Residual Max: 20.59660104735223
nuTilda Residual Norm2: 0.4914337050540896
nuTilda Residual Mean: 0.0004759074753108202
nuTilda Residual Max: 0.2386849380006092
phi Residual Norm2: 0.04815355840583433
phi Residual Mean: 2.611454371202707e-05
phi Residual Max: 0.02971757190139964
Total Residual Norm2: 59.32911145568339
 
 
DAInputVolCoord. 
Setting volume coordinates. 
Checking mesh quality for time = 1000
    Overall domain bounding box (-1.065199633770109e-09 -0.09450000000000007 -4.239988212506996e-07) (0.8445000000000003 0.09450000000000008 0.03750000000000003)
    Mesh has 3 geometric (non-empty/wedge) directions (1 1 1)
    Mesh has 3 solution (non-empty) directions (1 1 1)
    Boundary openness (1.620658034067939e-17 2.406286657759091e-17 -1.189309964169333e-16) OK.
    Max cell openness = 2.786986888559882e-16 OK.
    Max aspect ratio = 69.08288552235793 OK.
    Minimum face area = 1.671770916784439e-06. Maximum face area = 0.001155838088807379.  Face area magnitudes OK.
    Min volume = 5.875928173418608e-09. Max volume = 1.309214920312081e-05.  Total volume = 0.004719833489050369.  Cell volumes OK.
    Mesh non-orthogonality Max: 3.512282790613519 average: 0.2801729006904063
    Non-orthogonality check OK.
    Face pyramids OK.
    Max skewness = 0.21816393616513 OK.
    Coupled point location match (average 0) OK.

Mesh OK.

Running Primal Solver 019
Previous solution time 1000 not found and nothing deleted.
No finite volume options present

Starting time loop

Time = 1

U0 initRes: 3.136583038142125e-06 finalRes: 1.212691626964064e-08 nIters: 6
U1 initRes: 2.843445462044691e-05 finalRes: 1.20469339751962e-07 nIters: 6
U2 initRes: 9.790938842683727e-05 finalRes: 9.712632381376621e-07 nIters: 4
p initRes: 0.0005441504517730062 finalRes: 3.483474509716634e-06 nIters: 7
Time step continuity errors : sum local = 5.926368681406862e-05
                                 global = -2.936391502168323e-06
                             cumulative = -0.01190481710996329
T initRes: 2.537185246370671e-05 finalRes: 1.314669722395363e-07 nIters: 6
nuTilda initRes: 0.0002136905381093646 finalRes: 9.606952441104597e-07 nIters: 4
TP1: 88.14707654225062 final: 88.14707654225062
TP2: 35.77322301658179 final: 35.77322301658179
HFX: 301.8080324650556 final: 301.8080324650556
yPlus min: 1.847154978453973 max: 55.32595290034749 mean: 23.67026436729014
ExecutionTime = 99.01000000000001 s  ClockTime = 102 s

Time = 100

U0 initRes: 2.40841475482767e-06 finalRes: 1.094097853263008e-08 nIters: 6
U1 initRes: 5.753160382827421e-06 finalRes: 1.723263405769783e-08 nIters: 8
U2 initRes: 1.659174997242805e-05 finalRes: 9.44689935761676e-08 nIters: 6
p initRes: 0.0002086959803262116 finalRes: 1.462630350512843e-06 nIters: 3
Time step continuity errors : sum local = 2.488293051157608e-05
                                 global = 2.39524763291217e-08
                             cumulative = -0.01190479315748696
T initRes: 1.888530755971412e-05 finalRes: 1.058247121578172e-07 nIters: 6
nuTilda initRes: 0.0003623644354293057 finalRes: 8.22875430362993e-07 nIters: 4
TP1: 88.11790915280604 final: 88.11790915280604
TP2: 35.773089800284 final: 35.773089800284
HFX: 301.8149157282069 final: 301.8149157282069
yPlus min: 1.845339443671185 max: 55.32407317341681 mean: 23.67003892898802
ExecutionTime = 99.55 s  ClockTime = 103 s

Time = 200

U0 initRes: 2.244904456813333e-06 finalRes: 1.010076472508381e-08 nIters: 6
U1 initRes: 5.536408217605711e-06 finalRes: 1.700546721407212e-08 nIters: 8
U2 initRes: 1.550978779622317e-05 finalRes: 9.453633319944092e-08 nIters: 6
p initRes: 0.0002057276743488606 finalRes: 1.26270267302477e-06 nIters: 3
Time step continuity errors : sum local = 2.148148506440188e-05
                                 global = 2.20529207170722e-09
                             cumulative = -0.01190479095219489
T initRes: 1.863100728892417e-05 finalRes: 1.055965930724273e-07 nIters: 6
nuTilda initRes: 0.0003620053089667517 finalRes: 8.155313468390965e-07 nIters: 4
TP1: 88.1182315373559 final: 88.1182315373559
TP2: 35.77310848085412 final: 35.77310848085412
HFX: 301.8149551344151 final: 301.8149551344151
yPlus min: 1.845335428443544 max: 55.32410020400831 mean: 23.67001470025208
ExecutionTime = 100.12 s  ClockTime = 103 s

Time = 300

U0 initRes: 2.235801989513257e-06 finalRes: 1.005645686171646e-08 nIters: 6
U1 initRes: 5.525809177717514e-06 finalRes: 1.700417119480773e-08 nIters: 8
U2 initRes: 1.548537603705356e-05 finalRes: 9.455734411911223e-08 nIters: 6
p initRes: 0.0002056801912047208 finalRes: 1.270294469145263e-06 nIters: 3
Time step continuity errors : sum local = 2.161063812308359e-05
                                 global = -3.038800186529476e-09
                             cumulative = -0.01190479399099508
T initRes: 1.863038353905658e-05 finalRes: 1.054805343566931e-07 nIters: 6
nuTilda initRes: 0.0003619572166643385 finalRes: 8.159652414694746e-07 nIters: 4
TP1: 88.11820591127723 final: 88.11820591127723
TP2: 35.77310664859053 final: 35.77310664859053
HFX: 301.8149780902639 final: 301.8149780902639
yPlus min: 1.845328733795638 max: 55.32410320073319 mean: 23.67001469344124
ExecutionTime = 100.58 s  ClockTime = 104 s

Time = 400

U0 initRes: 2.235844041378025e-06 finalRes: 1.005844402018623e-08 nIters: 6
U1 initRes: 5.52594895824759e-06 finalRes: 1.700494503874006e-08 nIters: 8
U2 initRes: 1.548528816737905e-05 finalRes: 9.455379608404771e-08 nIters: 6
p initRes: 0.0002056784080203663 finalRes: 1.269888292909215e-06 nIters: 3
Time step continuity errors : sum local = 2.160372876487886e-05
                                 global = -2.761575535775791e-09
                             cumulative = -0.01190479675257061
T initRes: 1.863011701739252e-05 finalRes: 1.054851049073586e-07 nIters: 6
nuTilda initRes: 0.0003619570125750832 finalRes: 8.159503721899105e-07 nIters: 4
TP1: 88.11820599678902 final: 88.11820599678902
TP2: 35.77310667988074 final: 35.77310667988074
HFX: 301.8149767250798 final: 301.8149767250798
yPlus min: 1.845329088534141 max: 55.32410294901162 mean: 23.67001478405708
ExecutionTime = 101.04 s  ClockTime = 104 s

Time = 500

U0 initRes: 2.235852358097323e-06 finalRes: 1.005829493614744e-08 nIters: 6
U1 initRes: 5.525972621578983e-06 finalRes: 1.700490888277783e-08 nIters: 8
U2 initRes: 1.548531619926135e-05 finalRes: 9.455389217558225e-08 nIters: 6
p initRes: 0.0002056784098649734 finalRes: 1.269843904245732e-06 nIters: 3
Time step continuity errors : sum local = 2.160297367751745e-05
                                 global = -2.755537063812434e-09
                             cumulative = -0.01190479950810768
T initRes: 1.863010921388121e-05 finalRes: 1.05485262826716e-07 nIters: 6
nuTilda initRes: 0.0003619570944283915 finalRes: 8.159480831522922e-07 nIters: 4
TP1: 88.1182060870123 final: 88.1182060870123
TP2: 35.77310668505962 final: 35.77310668505962
HFX: 301.8149767100402 final: 301.8149767100402
yPlus min: 1.845329094988119 max: 55.3241029508426 mean: 23.67001477941083
ExecutionTime = 101.5 s  ClockTime = 105 s

Time = 600

U0 initRes: 2.235851402354565e-06 finalRes: 1.005829506643296e-08 nIters: 6
U1 initRes: 5.525970806748964e-06 finalRes: 1.700490789078407e-08 nIters: 8
U2 initRes: 1.548531478194174e-05 finalRes: 9.45539002958336e-08 nIters: 6
p initRes: 0.0002056784151555676 finalRes: 1.269847572529455e-06 nIters: 3
Time step continuity errors : sum local = 2.160303605904621e-05
                                 global = -2.756837788912783e-09
                             cumulative = -0.01190480226494547
T initRes: 1.863011005668452e-05 finalRes: 1.054852369574179e-07 nIters: 6
nuTilda initRes: 0.0003619570891774986 finalRes: 8.159482540267492e-07 nIters: 4
TP1: 88.11820608209771 final: 88.11820608209771
TP2: 35.77310668468169 final: 35.77310668468169
HFX: 301.814976715815 final: 301.814976715815
yPlus min: 1.845329093360946 max: 55.32410295167256 mean: 23.67001477931564
ExecutionTime = 101.99 s  ClockTime = 105 s

Time = 700

U0 initRes: 2.235851420081003e-06 finalRes: 1.00582956175248e-08 nIters: 6
U1 initRes: 5.52597081269693e-06 finalRes: 1.700490806584832e-08 nIters: 8
U2 initRes: 1.548531475049817e-05 finalRes: 9.455389952761318e-08 nIters: 6
p initRes: 0.0002056784148818652 finalRes: 1.269847547390626e-06 nIters: 3
Time step continuity errors : sum local = 2.160303562866498e-05
                                 global = -2.756944591457602e-09
                             cumulative = -0.01190480502189006
T initRes: 1.863011003461473e-05 finalRes: 1.054852382112723e-07 nIters: 6
nuTilda initRes: 0.0003619570891162954 finalRes: 8.159482537218903e-07 nIters: 4
TP1: 88.11820608200276 final: 88.11820608200276
TP2: 35.7731066846815 final: 35.7731066846815
HFX: 301.814976715575 final: 301.814976715575
yPlus min: 1.845329093421489 max: 55.32410295162362 mean: 23.67001477933758
ExecutionTime = 102.45 s  ClockTime = 106 s

Time = 800

U0 initRes: 2.235851422897988e-06 finalRes: 1.00582955938121e-08 nIters: 6
U1 initRes: 5.525970818902422e-06 finalRes: 1.70049080611173e-08 nIters: 8
U2 initRes: 1.548531475659823e-05 finalRes: 9.455389953520955e-08 nIters: 6
p initRes: 0.0002056784148851992 finalRes: 1.269847531296168e-06 nIters: 3
Time step continuity errors : sum local = 2.160303540463079e-05
                                 global = -2.756810293145644e-09
                             cumulative = -0.01190480777870035
T initRes: 1.86301100317228e-05 finalRes: 1.05485239389e-07 nIters: 6
nuTilda initRes: 0.0003619570891385415 finalRes: 8.159482530933638e-07 nIters: 4
TP1: 88.11820608202403 final: 88.11820608202403
TP2: 35.77310668468274 final: 35.77310668468274
HFX: 301.8149767155667 final: 301.8149767155667
yPlus min: 1.845329093425145 max: 55.32410295162313 mean: 23.67001477933677
ExecutionTime = 102.89 s  ClockTime = 106 s

Time = 900

U0 initRes: 2.235851421888549e-06 finalRes: 1.005829557334572e-08 nIters: 6
U1 initRes: 5.525970817743567e-06 finalRes: 1.700490806660839e-08 nIters: 8
U2 initRes: 1.54853147566311e-05 finalRes: 9.455389953958343e-08 nIters: 6
p initRes: 0.0002056784148740263 finalRes: 1.26984754035453e-06 nIters: 3
Time step continuity errors : sum local = 2.160303552815851e-05
                                 global = -2.756810240083202e-09
                             cumulative = -0.01190481053551059
T initRes: 1.863011003093511e-05 finalRes: 1.054852384828212e-07 nIters: 6
nuTilda initRes: 0.000361957089137731 finalRes: 8.159482531338308e-07 nIters: 4
TP1: 88.1182060820414 final: 88.1182060820414
TP2: 35.77310668468296 final: 35.77310668468296
HFX: 301.8149767155663 final: 301.8149767155663
yPlus min: 1.845329093423054 max: 55.32410295162306 mean: 23.67001477933662
ExecutionTime = 103.37 s  ClockTime = 107 s

Time = 1000

U0 initRes: 2.235851421980127e-06 finalRes: 1.005829558639876e-08 nIters: 6
U1 initRes: 5.525970817928607e-06 finalRes: 1.700490805232166e-08 nIters: 8
U2 initRes: 1.548531475645869e-05 finalRes: 9.455389953624309e-08 nIters: 6
p initRes: 0.0002056784148814636 finalRes: 1.269847539271699e-06 nIters: 3
Time step continuity errors : sum local = 2.160303551990356e-05
                                 global = -2.756844671974194e-09
                             cumulative = -0.01190481329235527
T initRes: 1.86301100309812e-05 finalRes: 1.054852386773258e-07 nIters: 6
nuTilda initRes: 0.0003619570891375722 finalRes: 8.159482531297885e-07 nIters: 4
TP1: 88.11820608203178 final: 88.11820608203178
TP2: 35.77310668468279 final: 35.77310668468279
HFX: 301.814976715567 final: 301.814976715567
yPlus min: 1.845329093424146 max: 55.32410295162308 mean: 23.67001477933662
ExecutionTime = 103.8 s  ClockTime = 107 s

End

Moving time 1000 to 0.0019
Printing Primal Residual Statistics.
U Residual Norm2: (28.34655804381859 24.90148812794816 11.62844994413102)
U Residual Mean: (0.04085218896620665 0.0327706227960766 0.01526538698132574)
U Residual Max: (12.97937477331487 11.00821638884307 8.191691453112092)
p Residual Norm2: 8.195748847442413
p Residual Mean: 0.01414395826771366
p Residual Max: 2.848855277172097
T Residual Norm2: 43.50158977562695
T Residual Mean: 0.05140501585248484
T Residual Max: 20.60059017789766
nuTilda Residual Norm2: 0.4913244947953533
nuTilda Residual Mean: 0.0004756535060748866
nuTilda Residual Max: 0.2386230213275394
phi Residual Norm2: 0.04816259329674236
phi Residual Mean: 2.604032776323236e-05
phi Residual Max: 0.02972985771852837
Total Residual Norm2: 59.31808024197128
 
 
DAInputVolCoord. 
Setting volume coordinates. 
Checking mesh quality for time = 1000
    Overall domain bounding box (-1.688384844780121e-12 -0.09450000000000007 -1.455245233113586e-06) (0.8445010112832462 0.09450000000000008 0.03750000000000003)
    Mesh has 3 geometric (non-empty/wedge) directions (1 1 1)
    Mesh has 3 solution (non-empty) directions (1 1 1)
    Boundary openness (2.635748843919273e-17 8.511067915012197e-19 -1.058534407700553e-16) OK.
    Max cell openness = 3.589626358456504e-16 OK.
    Max aspect ratio = 69.08288552221026 OK.
    Minimum face area = 1.673116168517344e-06. Maximum face area = 0.001155838028528422.  Face area magnitudes OK.
    Min volume = 5.879979604744043e-09. Max volume = 1.309214939240153e-05.  Total volume = 0.00471983978094406.  Cell volumes OK.
    Mesh non-orthogonality Max: 3.51228379217163 average: 0.2800811554227399
    Non-orthogonality check OK.
    Face pyramids OK.
    Max skewness = 0.2181789809372892 OK.
    Coupled point location match (average 0) OK.

Mesh OK.

Running Primal Solver 020
Previous solution time 1000 not found and nothing deleted.
No finite volume options present

Starting time loop

Time = 1

U0 initRes: 2.630159294243091e-06 finalRes: 1.125038580720137e-08 nIters: 6
U1 initRes: 1.754613662113747e-05 finalRes: 9.391363856377412e-08 nIters: 6
U2 initRes: 5.63512727448748e-05 finalRes: 1.559564188538249e-07 nIters: 6
p initRes: 0.0003913374165877379 finalRes: 2.265459689932299e-06 nIters: 5
Time step continuity errors : sum local = 3.854238192775916e-05
                                 global = -6.257258059855424e-08
                             cumulative = -0.01190487586493586
T initRes: 2.170104582407835e-05 finalRes: 1.173585622806619e-07 nIters: 6
nuTilda initRes: 0.0002116972081306846 finalRes: 9.422874846751028e-07 nIters: 4
TP1: 88.10274304242049 final: 88.10274304242049
TP2: 35.77310661507856 final: 35.77310661507856
HFX: 301.8104805269313 final: 301.8104805269313
yPlus min: 1.856603470318514 max: 55.32403782198819 mean: 23.67041677607899
ExecutionTime = 103.93 s  ClockTime = 107 s

Time = 100

U0 initRes: 2.280702455428593e-06 finalRes: 1.00893679752474e-08 nIters: 6
U1 initRes: 5.576913973020689e-06 finalRes: 1.697660781553097e-08 nIters: 8
U2 initRes: 1.569718426433532e-05 finalRes: 9.513293898795135e-08 nIters: 6
p initRes: 0.000206282873388224 finalRes: 8.003901886498559e-07 nIters: 3
Time step continuity errors : sum local = 1.361576573036487e-05
                                 global = -6.987894173958854e-07
                             cumulative = -0.01190557465435326
T initRes: 1.870657631885894e-05 finalRes: 1.057793747720931e-07 nIters: 6
nuTilda initRes: 0.0003625404582605455 finalRes: 8.165883849926278e-07 nIters: 4
TP1: 88.11967432589573 final: 88.11967432589573
TP2: 35.77321194247109 final: 35.77321194247109
HFX: 301.8123717543392 final: 301.8123717543392
yPlus min: 1.845783141887599 max: 55.3214480531988 mean: 23.66995750613637
ExecutionTime = 104.3 s  ClockTime = 108 s

Time = 200

U0 initRes: 2.248577327012227e-06 finalRes: 1.005324546380497e-08 nIters: 6
U1 initRes: 5.525989579728033e-06 finalRes: 1.701457493292444e-08 nIters: 8
U2 initRes: 1.551714704870763e-05 finalRes: 9.493511661379225e-08 nIters: 6
p initRes: 0.0002057569761366986 finalRes: 8.095226882542275e-07 nIters: 3
Time step continuity errors : sum local = 1.377114107798514e-05
                                 global = -4.725741324670887e-07
                             cumulative = -0.01190604722848573
T initRes: 1.866416289855922e-05 finalRes: 1.055371089356789e-07 nIters: 6
nuTilda initRes: 0.0003623414972754859 finalRes: 8.163921546871859e-07 nIters: 4
TP1: 88.11960688165441 final: 88.11960688165441
TP2: 35.77321147780177 final: 35.77321147780177
HFX: 301.8123158636349 final: 301.8123158636349
yPlus min: 1.845789920274921 max: 55.3214319376325 mean: 23.66996458225714
ExecutionTime = 104.69 s  ClockTime = 108 s

Time = 300

U0 initRes: 2.248393564828628e-06 finalRes: 1.004705226859608e-08 nIters: 6
U1 initRes: 5.528043915848877e-06 finalRes: 1.701525301240438e-08 nIters: 8
U2 initRes: 1.551605167764904e-05 finalRes: 9.492929890300306e-08 nIters: 6
p initRes: 0.0002057549181066699 finalRes: 8.017568921976808e-07 nIters: 3
Time step continuity errors : sum local = 1.363903404629452e-05
                                 global = -4.768052663309503e-07
                             cumulative = -0.01190652403375206
T initRes: 1.866215577366406e-05 finalRes: 1.055662120650246e-07 nIters: 6
nuTilda initRes: 0.0003623416164650472 finalRes: 8.161768198023658e-07 nIters: 4
TP1: 88.11961439441144 final: 88.11961439441144
TP2: 35.77321203448966 final: 35.77321203448966
HFX: 301.8123084972958 final: 301.8123084972958
yPlus min: 1.845791931489796 max: 55.32143091577768 mean: 23.66996463867051
ExecutionTime = 105.15 s  ClockTime = 108 s

Time = 400

U0 initRes: 2.248371500790567e-06 finalRes: 1.004646410706861e-08 nIters: 6
U1 initRes: 5.528011447003278e-06 finalRes: 1.701503108398623e-08 nIters: 8
U2 initRes: 1.551612191644391e-05 finalRes: 9.493015465294892e-08 nIters: 6
p initRes: 0.0002057551677890031 finalRes: 8.018126346546441e-07 nIters: 3
Time step continuity errors : sum local = 1.363998215136571e-05
                                 global = -4.770798396283694e-07
                             cumulative = -0.01190700111359169
T initRes: 1.866217480453695e-05 finalRes: 1.055651652838391e-07 nIters: 6
nuTilda initRes: 0.0003623416616129451 finalRes: 8.161786302805674e-07 nIters: 4
TP1: 88.11961444931777 final: 88.11961444931777
TP2: 35.77321202954437 final: 35.77321202954437
HFX: 301.8123088229967 final: 301.8123088229967
yPlus min: 1.845791849490677 max: 55.32143097863479 mean: 23.66996461255964
ExecutionTime = 105.6 s  ClockTime = 109 s

Time = 500

U0 initRes: 2.248368779956141e-06 finalRes: 1.004651281614594e-08 nIters: 6
U1 initRes: 5.528003900707626e-06 finalRes: 1.701503856247638e-08 nIters: 8
U2 initRes: 1.551611670533218e-05 finalRes: 9.49301359655964e-08 nIters: 6
p initRes: 0.0002057551726983822 finalRes: 8.018137177958421e-07 nIters: 3
Time step continuity errors : sum local = 1.364000054829744e-05
                                 global = -4.770756886452366e-07
                             cumulative = -0.01190747818928033
T initRes: 1.866217695895579e-05 finalRes: 1.055650963030064e-07 nIters: 6
nuTilda initRes: 0.0003623416288343545 finalRes: 8.16179315142123e-07 nIters: 4
TP1: 88.1196144215465 final: 88.1196144215465
TP2: 35.77321202794108 final: 35.77321202794108
HFX: 301.8123088327829 final: 301.8123088327829
yPlus min: 1.845791846126241 max: 55.32143097912947 mean: 23.66996461358702
ExecutionTime = 106.03 s  ClockTime = 109 s

Time = 600

U0 initRes: 2.248368973781309e-06 finalRes: 1.004651274131637e-08 nIters: 6
U1 initRes: 5.528004369139972e-06 finalRes: 1.701503903699111e-08 nIters: 8
U2 initRes: 1.551611667597672e-05 finalRes: 9.493013365471569e-08 nIters: 6
p initRes: 0.0002057551715179731 finalRes: 8.0181344184939e-07 nIters: 3
Time step continuity errors : sum local = 1.363999591358374e-05
                                 global = -4.770746651081698e-07
                             cumulative = -0.01190795526394544
T initRes: 1.86621767261609e-05 finalRes: 1.055651019355249e-07 nIters: 6
nuTilda initRes: 0.0003623416300993097 finalRes: 8.161792769979739e-07 nIters: 4
TP1: 88.11961442265275 final: 88.11961442265275
TP2: 35.77321202803522 final: 35.77321202803522
HFX: 301.8123088311006 final: 301.8123088311006
yPlus min: 1.845791846586052 max: 55.3214309788693 mean: 23.66996461363688
ExecutionTime = 106.5 s  ClockTime = 110 s

Time = 700

U0 initRes: 2.24836897386984e-06 finalRes: 1.00465125529999e-08 nIters: 6
U1 initRes: 5.528004372889606e-06 finalRes: 1.701503899610664e-08 nIters: 8
U2 initRes: 1.55161166986977e-05 finalRes: 9.493013383002439e-08 nIters: 6
p initRes: 0.0002057551715399259 finalRes: 8.018134986420591e-07 nIters: 3
Time step continuity errors : sum local = 1.363999683918662e-05
                                 global = -4.770749566849557e-07
                             cumulative = -0.01190843233890212
T initRes: 1.866217672934058e-05 finalRes: 1.055651037760637e-07 nIters: 6
nuTilda initRes: 0.0003623416301619132 finalRes: 8.161792762300703e-07 nIters: 4
TP1: 88.11961442269389 final: 88.11961442269389
TP2: 35.77321202803809 final: 35.77321202803809
HFX: 301.8123088311442 final: 301.8123088311442
yPlus min: 1.845791846580134 max: 55.3214309788797 mean: 23.66996461363106
ExecutionTime = 106.97 s  ClockTime = 110 s

Time = 800

U0 initRes: 2.248368972957207e-06 finalRes: 1.004651256400237e-08 nIters: 6
U1 initRes: 5.528004371217029e-06 finalRes: 1.701503899851279e-08 nIters: 8
U2 initRes: 1.551611669851617e-05 finalRes: 9.493013384295162e-08 nIters: 6
p initRes: 0.0002057551715408674 finalRes: 8.018134785525098e-07 nIters: 3
Time step continuity errors : sum local = 1.363999654892778e-05
                                 global = -4.770749509288459e-07
                             cumulative = -0.01190890941385305
T initRes: 1.866217672980985e-05 finalRes: 1.05565103029839e-07 nIters: 6
nuTilda initRes: 0.0003623416301543786 finalRes: 8.161792764072082e-07 nIters: 4
TP1: 88.11961442269678 final: 88.11961442269678
TP2: 35.77321202803636 final: 35.77321202803636
HFX: 301.8123088311442 final: 301.8123088311442
yPlus min: 1.845791846576868 max: 55.32143097887969 mean: 23.66996461363076
ExecutionTime = 107.41 s  ClockTime = 111 s

Time = 900

U0 initRes: 2.248368972580484e-06 finalRes: 1.004651255846663e-08 nIters: 6
U1 initRes: 5.528004369441531e-06 finalRes: 1.701503899210657e-08 nIters: 8
U2 initRes: 1.551611669899804e-05 finalRes: 9.493013383138557e-08 nIters: 6
p initRes: 0.0002057551715458976 finalRes: 8.018134938654697e-07 nIters: 3
Time step continuity errors : sum local = 1.363999670723687e-05
                                 global = -4.770749413923573e-07
                             cumulative = -0.01190938648879445
T initRes: 1.866217672961593e-05 finalRes: 1.055651037453781e-07 nIters: 6
nuTilda initRes: 0.0003623416301539742 finalRes: 8.16179276422859e-07 nIters: 4
TP1: 88.11961442270132 final: 88.11961442270132
TP2: 35.77321202803758 final: 35.77321202803758
HFX: 301.8123088311462 final: 301.8123088311462
yPlus min: 1.845791846582824 max: 55.32143097888004 mean: 23.66996461363113
ExecutionTime = 108.05 s  ClockTime = 111 s

Time = 1000

U0 initRes: 2.248368973322606e-06 finalRes: 1.004651255961538e-08 nIters: 6
U1 initRes: 5.528004370688609e-06 finalRes: 1.701503899139311e-08 nIters: 8
U2 initRes: 1.551611669857253e-05 finalRes: 9.493013382645379e-08 nIters: 6
p initRes: 0.0002057551715424847 finalRes: 8.01813474874959e-07 nIters: 3
Time step continuity errors : sum local = 1.363999647116866e-05
                                 global = -4.770748023854094e-07
                             cumulative = -0.01190986356359683
T initRes: 1.866217672983917e-05 finalRes: 1.055651018159037e-07 nIters: 6
nuTilda initRes: 0.000362341630154433 finalRes: 8.161792764166239e-07 nIters: 4
TP1: 88.11961442271824 final: 88.11961442271824
TP2: 35.77321202803778 final: 35.77321202803778
HFX: 301.8123088311455 final: 301.8123088311455
yPlus min: 1.845791846580908 max: 55.32143097887995 mean: 23.66996461363104
ExecutionTime = 108.52 s  ClockTime = 112 s

End

Moving time 1000 to 0.002
Printing Primal Residual Statistics.
U Residual Norm2: (28.35892388970223 24.91489050441576 11.6257225180957)
U Residual Mean: (0.04089376446681479 0.03274860148939985 0.01524102875997384)
U Residual Max: (12.97965442441021 11.01689971377589 8.194381232924782)
p Residual Norm2: 8.199819165705241
p Residual Mean: 0.01414411679084661
p Residual Max: 2.850754436441214
T Residual Norm2: 43.53049625480811
T Residual Mean: 0.05143321367876757
T Residual Max: 20.62256928082601
nuTilda Residual Norm2: 0.4915301775751955
nuTilda Residual Mean: 0.0004756282182597623
nuTilda Residual Max: 0.2387633398529442
phi Residual Norm2: 0.04816750575937442
phi Residual Mean: 2.611722557792195e-05
phi Residual Max: 0.02971881469449121
Total Residual Norm2: 59.35084513013202
 
 
DAInputVolCoord. 
Setting volume coordinates. 
Checking mesh quality for time = 1000
    Overall domain bounding box (-1.271399135872711e-10 -0.09450000000000007 -6.090859272812618e-07) (0.8444999999189153 0.09450000000000008 0.03750000000000003)
    Mesh has 3 geometric (non-empty/wedge) directions (1 1 1)
    Mesh has 3 solution (non-empty) directions (1 1 1)
    Boundary openness (-8.40466107379848e-18 1.010769696273226e-17 -2.954903087782314e-17) OK.
    Max cell openness = 3.264205993091928e-16 OK.
    Max aspect ratio = 69.08288552462936 OK.
    Minimum face area = 1.673115521548878e-06. Maximum face area = 0.001155838018177633.  Face area magnitudes OK.
    Min volume = 5.879984958659897e-09. Max volume = 1.309214538892463e-05.  Total volume = 0.004719827264620594.  Cell volumes OK.
    Mesh non-orthogonality Max: 3.512283109362823 average: 0.2800795955726016
    Non-orthogonality check OK.
    Face pyramids OK.
    Max skewness = 0.2181525356529878 OK.
    Coupled point location match (average 0) OK.

Mesh OK.

Running Primal Solver 021
Previous solution time 1000 not found and nothing deleted.
No finite volume options present

Starting time loop

Time = 1

U0 initRes: 2.701422406133314e-06 finalRes: 1.046135764611234e-08 nIters: 6
U1 initRes: 7.59582562921647e-06 finalRes: 6.573363689610057e-08 nIters: 6
U2 initRes: 3.203812253132794e-05 finalRes: 9.69542304127129e-08 nIters: 6
p initRes: 0.0002780413926410808 finalRes: 1.785516180441665e-06 nIters: 6
Time step continuity errors : sum local = 3.0375239065645e-05
                                 global = -1.020786550501564e-06
                             cumulative = -0.01191088435014733
T initRes: 1.9255701634843e-05 finalRes: 1.050723911180756e-07 nIters: 6
nuTilda initRes: 0.0002103869722172335 finalRes: 9.278724653819205e-07 nIters: 4
TP1: 88.12376501759861 final: 88.12376501759861
TP2: 35.77320840988951 final: 35.77320840988951
HFX: 301.807905160288 final: 301.807905160288
yPlus min: 1.856968134442696 max: 55.32158094464379 mean: 23.67033250088679
ExecutionTime = 108.66 s  ClockTime = 112 s

Time = 100

U0 initRes: 2.308254209950749e-06 finalRes: 1.022258303461776e-08 nIters: 6
U1 initRes: 5.636584700782229e-06 finalRes: 1.694873099643444e-08 nIters: 8
U2 initRes: 1.588025715671011e-05 finalRes: 9.504147222398791e-08 nIters: 6
p initRes: 0.0002068452641456512 finalRes: 1.312785188600385e-06 nIters: 3
Time step continuity errors : sum local = 2.233301773979798e-05
                                 global = 4.929588278435329e-07
                             cumulative = -0.01191039139131949
T initRes: 1.869694352173067e-05 finalRes: 1.0579639615837e-07 nIters: 6
nuTilda initRes: 0.0003621039890262996 finalRes: 8.180941297403611e-07 nIters: 4
TP1: 88.11743640037056 final: 88.11743640037056
TP2: 35.77313799993306 final: 35.77313799993306
HFX: 301.8147982496476 final: 301.8147982496476
yPlus min: 1.845954980916186 max: 55.32861477750281 mean: 23.67000653476271
ExecutionTime = 109.12 s  ClockTime = 113 s

Time = 200

U0 initRes: 2.238584689749894e-06 finalRes: 1.009721619370569e-08 nIters: 6
U1 initRes: 5.52165056981983e-06 finalRes: 1.699838466795472e-08 nIters: 8
U2 initRes: 1.548443338672811e-05 finalRes: 9.455024347484989e-08 nIters: 6
p initRes: 0.0002056208450739361 finalRes: 1.38253342100325e-06 nIters: 3
Time step continuity errors : sum local = 2.351967984148098e-05
                                 global = 5.396960442614075e-07
                             cumulative = -0.01190985169527523
T initRes: 1.862700591374643e-05 finalRes: 1.053821503419076e-07 nIters: 6
nuTilda initRes: 0.0003617442178124159 finalRes: 8.163537613279785e-07 nIters: 4
TP1: 88.11719031130563 final: 88.11719031130563
TP2: 35.7731241836637 final: 35.7731241836637
HFX: 301.8149287053258 final: 301.8149287053258
yPlus min: 1.845929007659997 max: 55.32862881163278 mean: 23.67001603688172
ExecutionTime = 109.58 s  ClockTime = 113 s

Time = 300

U0 initRes: 2.238479089637316e-06 finalRes: 1.008509890236823e-08 nIters: 6
U1 initRes: 5.525812444633314e-06 finalRes: 1.700010106471074e-08 nIters: 8
U2 initRes: 1.548337457275142e-05 finalRes: 9.453646318773475e-08 nIters: 6
p initRes: 0.0002056040415954485 finalRes: 1.367982979541861e-06 nIters: 3
Time step continuity errors : sum local = 2.327214923681856e-05
                                 global = 5.338239977283268e-07
                             cumulative = -0.0119093178712775
T initRes: 1.862387436238213e-05 finalRes: 1.054416475948155e-07 nIters: 6
nuTilda initRes: 0.0003617406670296495 finalRes: 8.159151173864661e-07 nIters: 4
TP1: 88.11720267873413 final: 88.11720267873413
TP2: 35.77312497426956 final: 35.77312497426956
HFX: 301.8149167293324 final: 301.8149167293324
yPlus min: 1.845932506073733 max: 55.32862726765872 mean: 23.67001608854507
ExecutionTime = 110.03 s  ClockTime = 113 s

Time = 400

U0 initRes: 2.238420491659941e-06 finalRes: 1.008399297453156e-08 nIters: 6
U1 initRes: 5.525724159598697e-06 finalRes: 1.699968332682445e-08 nIters: 8
U2 initRes: 1.548327434503701e-05 finalRes: 9.453833608478744e-08 nIters: 6
p initRes: 0.0002056044924952235 finalRes: 1.368398090468591e-06 nIters: 3
Time step continuity errors : sum local = 2.327921072323267e-05
                                 global = 5.339464899400325e-07
                             cumulative = -0.01190878392478756
T initRes: 1.86239057795694e-05 finalRes: 1.054393994097687e-07 nIters: 6
nuTilda initRes: 0.0003617406659600186 finalRes: 8.159221211063942e-07 nIters: 4
TP1: 88.11720269251686 final: 88.11720269251686
TP2: 35.77312496418392 final: 35.77312496418392
HFX: 301.8149174473022 final: 301.8149174473022
yPlus min: 1.845932322068816 max: 55.32862740082846 mean: 23.67001603903549
ExecutionTime = 110.49 s  ClockTime = 114 s

Time = 500

U0 initRes: 2.23841677562707e-06 finalRes: 1.008409653188743e-08 nIters: 6
U1 initRes: 5.525711735295617e-06 finalRes: 1.699970133140465e-08 nIters: 8
U2 initRes: 1.548325663651717e-05 finalRes: 9.453828524356019e-08 nIters: 6
p initRes: 0.0002056044721499892 finalRes: 1.368427744245634e-06 nIters: 3
Time step continuity errors : sum local = 2.327971514394786e-05
                                 global = 5.339591575735877e-07
                             cumulative = -0.01190824996562998
T initRes: 1.862391045083544e-05 finalRes: 1.054393024628342e-07 nIters: 6
nuTilda initRes: 0.0003617406237276375 finalRes: 8.159233746761024e-07 nIters: 4
TP1: 88.1172026427251 final: 88.1172026427251
TP2: 35.77312496154648 final: 35.77312496154648
HFX: 301.8149174582244 final: 301.8149174582244
yPlus min: 1.845932318214382 max: 55.32862740023438 mean: 23.67001604143375
ExecutionTime = 110.92 s  ClockTime = 114 s

Time = 600

U0 initRes: 2.23841715681284e-06 finalRes: 1.008409513551064e-08 nIters: 6
U1 initRes: 5.525712690320112e-06 finalRes: 1.69997019129435e-08 nIters: 8
U2 initRes: 1.548325769827831e-05 finalRes: 9.453828089803532e-08 nIters: 6
p initRes: 0.0002056044711670868 finalRes: 1.368424676805444e-06 nIters: 3
Time step continuity errors : sum local = 2.327966295860663e-05
                                 global = 5.339577807147843e-07
                             cumulative = -0.01190771600784927
T initRes: 1.86239100235872e-05 finalRes: 1.054393153201197e-07 nIters: 6
nuTilda initRes: 0.0003617406257729561 finalRes: 8.159232854659456e-07 nIters: 4
TP1: 88.1172026452136 final: 88.1172026452136
TP2: 35.77312496172141 final: 35.77312496172141
HFX: 301.814917455077 final: 301.814917455077
yPlus min: 1.845932319074007 max: 55.32862739978997 mean: 23.67001604148693
ExecutionTime = 111.34 s  ClockTime = 115 s

Time = 700

U0 initRes: 2.238417149592466e-06 finalRes: 1.008409482017059e-08 nIters: 6
U1 initRes: 5.525712684287745e-06 finalRes: 1.69997018180673e-08 nIters: 8
U2 initRes: 1.548325770759274e-05 finalRes: 9.453828128727485e-08 nIters: 6
p initRes: 0.000205604471270605 finalRes: 1.368424746749203e-06 nIters: 3
Time step continuity errors : sum local = 2.327966413249847e-05
                                 global = 5.339578965867929e-07
                             cumulative = -0.01190718204995268
T initRes: 1.862391002843305e-05 finalRes: 1.054393156440105e-07 nIters: 6
nuTilda initRes: 0.0003617406258215616 finalRes: 8.159232855169892e-07 nIters: 4
TP1: 88.11720264528725 final: 88.11720264528725
TP2: 35.77312496172026 final: 35.77312496172026
HFX: 301.8149174552001 final: 301.8149174552001
yPlus min: 1.845932319044806 max: 55.32862739981488 mean: 23.67001604147539
ExecutionTime = 111.78 s  ClockTime = 115 s

Time = 800

U0 initRes: 2.238417149382711e-06 finalRes: 1.008409485102621e-08 nIters: 6
U1 initRes: 5.525712682576377e-06 finalRes: 1.699970181638314e-08 nIters: 8
U2 initRes: 1.548325770404993e-05 finalRes: 9.453828129384011e-08 nIters: 6
p initRes: 0.0002056044712805881 finalRes: 1.368424760899128e-06 nIters: 3
Time step continuity errors : sum local = 2.327966441239951e-05
                                 global = 5.339580576812602e-07
                             cumulative = -0.011906648091895
T initRes: 1.862391002973998e-05 finalRes: 1.05439314686869e-07 nIters: 6
nuTilda initRes: 0.0003617406258119502 finalRes: 8.159232858452936e-07 nIters: 4
TP1: 88.11720264526744 final: 88.11720264526744
TP2: 35.77312496172213 final: 35.77312496172213
HFX: 301.8149174552071 final: 301.8149174552071
yPlus min: 1.845932319043039 max: 55.32862739981545 mean: 23.67001604147593
ExecutionTime = 112.19 s  ClockTime = 116 s

Time = 900

U0 initRes: 2.238417149738236e-06 finalRes: 1.008409484789607e-08 nIters: 6
U1 initRes: 5.525712683328299e-06 finalRes: 1.699970181794582e-08 nIters: 8
U2 initRes: 1.54832577052093e-05 finalRes: 9.453828129618312e-08 nIters: 6
p initRes: 0.0002056044712851348 finalRes: 1.368424748587042e-06 nIters: 3
Time step continuity errors : sum local = 2.327966425333369e-05
                                 global = 5.339580274592536e-07
                             cumulative = -0.01190611413386754
T initRes: 1.862391002965938e-05 finalRes: 1.054393153190369e-07 nIters: 6
nuTilda initRes: 0.0003617406258123816 finalRes: 8.159232858211026e-07 nIters: 4
TP1: 88.11720264526359 final: 88.11720264526359
TP2: 35.7731249617231 final: 35.7731249617231
HFX: 301.8149174552069 final: 301.8149174552069
yPlus min: 1.845932319044003 max: 55.32862739981561 mean: 23.6700160414761
ExecutionTime = 112.7 s  ClockTime = 116 s

Time = 1000

U0 initRes: 2.238417148541711e-06 finalRes: 1.008409485001756e-08 nIters: 6
U1 initRes: 5.525712682005627e-06 finalRes: 1.699970181974689e-08 nIters: 8
U2 initRes: 1.548325770384567e-05 finalRes: 9.453828129809462e-08 nIters: 6
p initRes: 0.0002056044712863795 finalRes: 1.368424748250559e-06 nIters: 3
Time step continuity errors : sum local = 2.327966422013246e-05
                                 global = 5.339578656965968e-07
                             cumulative = -0.01190558017600185
T initRes: 1.862391003017067e-05 finalRes: 1.05439314928755e-07 nIters: 6
nuTilda initRes: 0.0003617406258115755 finalRes: 8.159232858391428e-07 nIters: 4
TP1: 88.11720264527823 final: 88.11720264527823
TP2: 35.77312496172112 final: 35.77312496172112
HFX: 301.8149174552074 final: 301.8149174552074
yPlus min: 1.845932319046647 max: 55.32862739981555 mean: 23.67001604147614
ExecutionTime = 113.15 s  ClockTime = 117 s

End

Moving time 1000 to 0.0021
Printing Primal Residual Statistics.
U Residual Norm2: (28.34356653810138 24.89581302516698 11.6291066740821)
U Residual Mean: (0.04088946230615061 0.03277974868053127 0.01528355712050349)
U Residual Max: (12.97891400913254 11.00333936482238 8.182131351926236)
p Residual Norm2: 8.193530489610168
p Residual Mean: 0.01414938325150367
p Residual Max: 2.847982600985435
T Residual Norm2: 43.47865210886631
T Residual Mean: 0.05141043471727211
T Residual Max: 20.57468227882958
nuTilda Residual Norm2: 0.491231784511136
nuTilda Residual Mean: 0.00047594147832534
nuTilda Residual Max: 0.2385460420014525
phi Residual Norm2: 0.04814909328617059
phi Residual Mean: 2.60582450227011e-05
phi Residual Max: 0.02972904281068798
Total Residual Norm2: 59.29726933350582
 
 
DAInputVolCoord. 
Setting volume coordinates. 
Checking mesh quality for time = 1000
    Overall domain bounding box (3.31239057381581e-39 -0.09450000000000007 -4.593068282718373e-07) (0.8445004903003319 0.09450000000000008 0.03750000000000003)
    Mesh has 3 geometric (non-empty/wedge) directions (1 1 1)
    Mesh has 3 solution (non-empty) directions (1 1 1)
    Boundary openness (1.663350393938958e-17 -1.795628823828148e-18 2.504262810801431e-17) OK.
    Max cell openness = 4.096477814863552e-16 OK.
    Max aspect ratio = 69.08288552227482 OK.
    Minimum face area = 1.673090993868117e-06. Maximum face area = 0.001155838050207194.  Face area magnitudes OK.
    Min volume = 5.879883099492825e-09. Max volume = 1.309214825685904e-05.  Total volume = 0.004719835179555107.  Cell volumes OK.
    Mesh non-orthogonality Max: 3.512283472403158 average: 0.2800812258536282
    Non-orthogonality check OK.
    Face pyramids OK.
    Max skewness = 0.2181637113555618 OK.
    Coupled point location match (average 0) OK.

Mesh OK.

Running Primal Solver 022
Previous solution time 1000 not found and nothing deleted.
No finite volume options present

Starting time loop

Time = 1

U0 initRes: 2.570980074802338e-06 finalRes: 1.036059352092642e-08 nIters: 6
U1 initRes: 7.895507187452704e-06 finalRes: 6.652996804089141e-08 nIters: 6
U2 initRes: 2.394553880464161e-05 finalRes: 1.003420264744647e-07 nIters: 6
p initRes: 0.0002642674851341031 finalRes: 2.610577764076216e-06 nIters: 3
Time step continuity errors : sum local = 4.44142215699918e-05
                                 global = -1.035970605890081e-06
                             cumulative = -0.01190661614660774
T initRes: 1.898207140943995e-05 finalRes: 1.061113591741585e-07 nIters: 6
nuTilda initRes: 0.0002101284312278009 finalRes: 9.268841639050131e-07 nIters: 4
TP1: 88.11635573126736 final: 88.11635573126736
TP2: 35.77312389877156 final: 35.77312389877156
HFX: 301.8105699575201 final: 301.8105699575201
yPlus min: 1.852885789192086 max: 55.32857055627975 mean: 23.67039114164756
ExecutionTime = 113.28 s  ClockTime = 117 s

Time = 100

U0 initRes: 2.294976431964865e-06 finalRes: 1.040857684252373e-08 nIters: 6
U1 initRes: 5.558920170981116e-06 finalRes: 1.708536116814526e-08 nIters: 8
U2 initRes: 1.583050674708435e-05 finalRes: 9.485518734359874e-08 nIters: 6
p initRes: 0.0002065555145494536 finalRes: 7.974849998698949e-07 nIters: 3
Time step continuity errors : sum local = 1.356662958134685e-05
                                 global = -1.51546455149014e-07
                             cumulative = -0.01190676769306289
T initRes: 1.872816062893675e-05 finalRes: 1.055449211903857e-07 nIters: 6
nuTilda initRes: 0.000362310200339026 finalRes: 8.193456798215416e-07 nIters: 4
TP1: 88.11894176775931 final: 88.11894176775931
TP2: 35.77317516922294 final: 35.77317516922294
HFX: 301.8133229550516 final: 301.8133229550516
yPlus min: 1.850664686834573 max: 55.32419336945222 mean: 23.67000688660183
ExecutionTime = 113.73 s  ClockTime = 117 s

Time = 200

U0 initRes: 2.248954672891883e-06 finalRes: 1.003680177690579e-08 nIters: 6
U1 initRes: 5.527391887435797e-06 finalRes: 1.700610076710512e-08 nIters: 8
U2 initRes: 1.551376406605356e-05 finalRes: 9.489536713471553e-08 nIters: 6
p initRes: 0.000205680534036059 finalRes: 7.741641571124762e-07 nIters: 3
Time step continuity errors : sum local = 1.316985396792342e-05
                                 global = -2.091523162881559e-07
                             cumulative = -0.01190697684537917
T initRes: 1.865538809852097e-05 finalRes: 1.055892272821062e-07 nIters: 6
nuTilda initRes: 0.0003621998245853492 finalRes: 8.158873196013772e-07 nIters: 4
TP1: 88.11913579563571 final: 88.11913579563571
TP2: 35.77318664476415 final: 35.77318664476415
HFX: 301.813217928411 final: 301.813217928411
yPlus min: 1.850688101611729 max: 55.32418106130628 mean: 23.67000067813479
ExecutionTime = 114.17 s  ClockTime = 118 s

Time = 300

U0 initRes: 2.246741007589696e-06 finalRes: 1.003731901748779e-08 nIters: 6
U1 initRes: 5.523941470806848e-06 finalRes: 1.700369612583439e-08 nIters: 8
U2 initRes: 1.55114124124474e-05 finalRes: 9.490669819206076e-08 nIters: 6
p initRes: 0.0002056834419914446 finalRes: 7.749205116262206e-07 nIters: 3
Time step continuity errors : sum local = 1.31827196874156e-05
                                 global = -1.996705101021692e-07
                             cumulative = -0.01190717651588927
T initRes: 1.865579625805196e-05 finalRes: 1.055427732290537e-07 nIters: 6
nuTilda initRes: 0.0003621856329732688 finalRes: 8.160942308563955e-07 nIters: 4
TP1: 88.11912837325268 final: 88.11912837325268
TP2: 35.77318620529398 final: 35.77318620529398
HFX: 301.8132273483704 final: 301.8132273483704
yPlus min: 1.850685394197797 max: 55.32418241557019 mean: 23.67000048704136
ExecutionTime = 114.62 s  ClockTime = 118 s

Time = 400

U0 initRes: 2.246731981984927e-06 finalRes: 1.003833335065663e-08 nIters: 6
U1 initRes: 5.523937846675505e-06 finalRes: 1.700400704885732e-08 nIters: 8
U2 initRes: 1.551125738687485e-05 finalRes: 9.490555673918189e-08 nIters: 6
p initRes: 0.0002056831249170155 finalRes: 7.749057429038572e-07 nIters: 3
Time step continuity errors : sum local = 1.318246859990012e-05
                                 global = -1.998644894855152e-07
                             cumulative = -0.01190737638037876
T initRes: 1.865575126646739e-05 finalRes: 1.055436355653555e-07 nIters: 6
nuTilda initRes: 0.0003621853509096587 finalRes: 8.160959509890786e-07 nIters: 4
TP1: 88.11912815443708 final: 88.11912815443708
TP2: 35.77318619822353 final: 35.77318619822353
HFX: 301.8132269900003 final: 301.8132269900003
yPlus min: 1.850685478539658 max: 55.32418233840649 mean: 23.67000052465155
ExecutionTime = 115.06 s  ClockTime = 119 s

Time = 500

U0 initRes: 2.246736002633643e-06 finalRes: 1.003827102172241e-08 nIters: 6
U1 initRes: 5.523949229013534e-06 finalRes: 1.700400017321773e-08 nIters: 8
U2 initRes: 1.55112649633405e-05 finalRes: 9.490556667176545e-08 nIters: 6
p initRes: 0.0002056831068191611 finalRes: 7.749013763745118e-07 nIters: 3
Time step continuity errors : sum local = 1.318239432204364e-05
                                 global = -1.998909042005407e-07
                             cumulative = -0.01190757627128296
T initRes: 1.865574755949341e-05 finalRes: 1.055437590436144e-07 nIters: 6
nuTilda initRes: 0.0003621853977774071 finalRes: 8.160948612501028e-07 nIters: 4
TP1: 88.1191281942081 final: 88.1191281942081
TP2: 35.77318620035492 final: 35.77318620035492
HFX: 301.8132269688911 final: 301.8132269688911
yPlus min: 1.850685485156824 max: 55.32418233642557 mean: 23.67000052364495
ExecutionTime = 115.51 s  ClockTime = 119 s

Time = 600

U0 initRes: 2.246735832419365e-06 finalRes: 1.003827016692442e-08 nIters: 6
U1 initRes: 5.52394869429496e-06 finalRes: 1.700399934069149e-08 nIters: 8
U2 initRes: 1.551126514428174e-05 finalRes: 9.490557047134233e-08 nIters: 6
p initRes: 0.0002056831087550298 finalRes: 7.749016299120113e-07 nIters: 3
Time step continuity errors : sum local = 1.318239860875005e-05
                                 global = -1.998889081314796e-07
                             cumulative = -0.01190777616019109
T initRes: 1.865574783270427e-05 finalRes: 1.055437492206573e-07 nIters: 6
nuTilda initRes: 0.0003621853964820593 finalRes: 8.160949064216563e-07 nIters: 4
TP1: 88.11912819315303 final: 88.11912819315303
TP2: 35.77318620028094 final: 35.77318620028094
HFX: 301.8132269712017 final: 301.8132269712017
yPlus min: 1.850685484526962 max: 55.32418233680266 mean: 23.67000052355178
ExecutionTime = 116.04 s  ClockTime = 120 s

Time = 700

U0 initRes: 2.246735824437134e-06 finalRes: 1.00382704338337e-08 nIters: 6
U1 initRes: 5.523948674217143e-06 finalRes: 1.700399940080819e-08 nIters: 8
U2 initRes: 1.55112651087481e-05 finalRes: 9.490557025410085e-08 nIters: 6
p initRes: 0.0002056831087284331 finalRes: 7.749016362272956e-07 nIters: 3
Time step continuity errors : sum local = 1.318239875656399e-05
                                 global = -1.998889069496333e-07
                             cumulative = -0.01190797604909804
T initRes: 1.865574783230485e-05 finalRes: 1.055437495124566e-07 nIters: 6
nuTilda initRes: 0.0003621853963621969 finalRes: 8.160949083774424e-07 nIters: 4
TP1: 88.11912819305857 final: 88.11912819305857
TP2: 35.77318620027739 final: 35.77318620027739
HFX: 301.8132269711738 final: 301.8132269711738
yPlus min: 1.850685484535177 max: 55.32418233679222 mean: 23.67000052356009
ExecutionTime = 116.49 s  ClockTime = 120 s

Time = 800

U0 initRes: 2.246735825956952e-06 finalRes: 1.003827042437365e-08 nIters: 6
U1 initRes: 5.523948677821824e-06 finalRes: 1.700399939948014e-08 nIters: 8
U2 initRes: 1.551126511056389e-05 finalRes: 9.490557025768968e-08 nIters: 6
p initRes: 0.0002056831087111063 finalRes: 7.749016113117593e-07 nIters: 3
Time step continuity errors : sum local = 1.318239832770051e-05
                                 global = -1.998887454402505e-07
                             cumulative = -0.01190817593784348
T initRes: 1.865574783287441e-05 finalRes: 1.05543748274021e-07 nIters: 6
nuTilda initRes: 0.0003621853963729091 finalRes: 8.160949080996728e-07 nIters: 4
TP1: 88.11912819308549 final: 88.11912819308549
TP2: 35.77318620027722 final: 35.77318620027722
HFX: 301.813226971166 final: 301.813226971166
yPlus min: 1.850685484537734 max: 55.32418233679135 mean: 23.67000052356008
ExecutionTime = 116.97 s  ClockTime = 120 s

Time = 900

U0 initRes: 2.24673582572639e-06 finalRes: 1.003827042445638e-08 nIters: 6
U1 initRes: 5.523948677597321e-06 finalRes: 1.700399939706114e-08 nIters: 8
U2 initRes: 1.551126510980853e-05 finalRes: 9.490557024463752e-08 nIters: 6
p initRes: 0.0002056831087194198 finalRes: 7.749016271424185e-07 nIters: 3
Time step continuity errors : sum local = 1.318239857632883e-05
                                 global = -1.998888006023968e-07
                             cumulative = -0.01190837582664408
T initRes: 1.865574783379666e-05 finalRes: 1.055437496821092e-07 nIters: 6
nuTilda initRes: 0.0003621853963726379 finalRes: 8.160949081289419e-07 nIters: 4
TP1: 88.11912819308928 final: 88.11912819308928
TP2: 35.77318620027845 final: 35.77318620027845
HFX: 301.8132269711664 final: 301.8132269711664
yPlus min: 1.85068548453693 max: 55.32418233679151 mean: 23.67000052356012
ExecutionTime = 117.44 s  ClockTime = 121 s

Time = 1000

U0 initRes: 2.246735825755345e-06 finalRes: 1.003827042822008e-08 nIters: 6
U1 initRes: 5.523948677982603e-06 finalRes: 1.700399939603282e-08 nIters: 8
U2 initRes: 1.551126510867483e-05 finalRes: 9.490557025072059e-08 nIters: 6
p initRes: 0.0002056831087256657 finalRes: 7.749016494221687e-07 nIters: 3
Time step continuity errors : sum local = 1.318239892217793e-05
                                 global = -1.9988895458282e-07
                             cumulative = -0.01190857571559867
T initRes: 1.865574783286075e-05 finalRes: 1.055437502808735e-07 nIters: 6
nuTilda initRes: 0.000362185396372835 finalRes: 8.160949081105976e-07 nIters: 4
TP1: 88.11912819306251 final: 88.11912819306251
TP2: 35.77318620027742 final: 35.77318620027742
HFX: 301.8132269711658 final: 301.8132269711658
yPlus min: 1.850685484534917 max: 55.32418233679138 mean: 23.67000052355995
ExecutionTime = 117.92 s  ClockTime = 121 s

End

Moving time 1000 to 0.0022
Printing Primal Residual Statistics.
U Residual Norm2: (28.35332448670112 24.90999003133629 11.6240073873598)
U Residual Mean: (0.04088946105981781 0.03273960137814361 0.01524776952058109)
U Residual Max: (12.97961264902773 11.01341756984557 8.189401551235406)
p Residual Norm2: 8.198049427122514
p Residual Mean: 0.01414357673888967
p Residual Max: 2.850078062741342
T Residual Norm2: 43.51657580618068
T Residual Mean: 0.05142959046916194
T Residual Max: 20.60923552509228
nuTilda Residual Norm2: 0.4914519122019704
nuTilda Residual Mean: 0.0004757095797093808
nuTilda Residual Max: 0.2387062129010262
phi Residual Norm2: 0.04815792840277969
phi Residual Mean: 2.610849213779074e-05
phi Residual Max: 0.02971881706906603
Total Residual Norm2: 59.33532159703461
 
 
DAInputVolCoord. 
Setting volume coordinates. 
Checking mesh quality for time = 1000
    Overall domain bounding box (-2.278388326732364e-10 -0.09450000000000007 -8.978820261648041e-07) (0.8444999999989887 0.09450000000000008 0.03750000000000003)
    Mesh has 3 geometric (non-empty/wedge) directions (1 1 1)
    Mesh has 3 solution (non-empty) directions (1 1 1)
    Boundary openness (1.856603348451096e-17 -9.327782211298427e-18 -1.55754830617995e-16) OK.
    Max cell openness = 3.854413878984227e-16 OK.
    Max aspect ratio = 69.0828855238278 OK.
    Minimum face area = 1.673067336388419e-06. Maximum face area = 0.001155838030419995.  Face area magnitudes OK.
    Min volume = 5.879968098724498e-09. Max volume = 1.309214573228025e-05.  Total volume = 0.004719831865765295.  Cell volumes OK.
    Mesh non-orthogonality Max: 3.512283132760691 average: 0.280080586408076
    Non-orthogonality check OK.
    Face pyramids OK.
    Max skewness = 0.218144902080493 OK.
    Coupled point location match (average 0) OK.

Mesh OK.

Running Primal Solver 023
Previous solution time 1000 not found and nothing deleted.
No finite volume options present

Starting time loop

Time = 1

U0 initRes: 2.646372027577504e-06 finalRes: 1.033884446391984e-08 nIters: 6
U1 initRes: 8.228479323278442e-06 finalRes: 6.682630795877392e-08 nIters: 6
U2 initRes: 2.75469727971262e-05 finalRes: 1.067864909931843e-07 nIters: 6
p initRes: 0.0002735158692798262 finalRes: 1.89307008812595e-06 nIters: 5
Time step continuity errors : sum local = 3.220580744547753e-05
                                 global = 2.734917632388401e-06
                             cumulative = -0.01190584079796628
T initRes: 1.907313059275208e-05 finalRes: 1.054619239662875e-07 nIters: 6
nuTilda initRes: 0.000210229328944676 finalRes: 9.278480560660044e-07 nIters: 4
TP1: 88.1183507505543 final: 88.1183507505543
TP2: 35.77319188127125 final: 35.77319188127125
HFX: 301.8087212538619 final: 301.8087212538619
yPlus min: 1.859851714543891 max: 55.32415502132724 mean: 23.67035458485547
ExecutionTime = 118.06 s  ClockTime = 122 s

Time = 100

U0 initRes: 2.288073513492169e-06 finalRes: 1.017423093799054e-08 nIters: 6
U1 initRes: 5.597369877195861e-06 finalRes: 1.695694652397267e-08 nIters: 8
U2 initRes: 1.575850063920857e-05 finalRes: 9.483501875294437e-08 nIters: 6
p initRes: 0.000206469933111085 finalRes: 1.29111620291243e-06 nIters: 3
Time step continuity errors : sum local = 2.196407962485423e-05
                                 global = 5.561469451194443e-08
                             cumulative = -0.01190578518327177
T initRes: 1.867887345623066e-05 finalRes: 1.057210099006292e-07 nIters: 6
nuTilda initRes: 0.0003621612247025303 finalRes: 8.167629462484217e-07 nIters: 4
TP1: 88.11777390939785 final: 88.11777390939785
TP2: 35.77315772599553 final: 35.77315772599553
HFX: 301.8139543019959 final: 301.8139543019959
yPlus min: 1.841026544454654 max: 55.32588013270744 mean: 23.6699727746764
ExecutionTime = 118.58 s  ClockTime = 122 s

Time = 200

U0 initRes: 2.238542876398012e-06 finalRes: 1.00884168292351e-08 nIters: 6
U1 initRes: 5.523127340084194e-06 finalRes: 1.70064862344891e-08 nIters: 8
U2 initRes: 1.548814007825355e-05 finalRes: 9.457160595753654e-08 nIters: 6
p initRes: 0.0002056713189082755 finalRes: 1.365262191809769e-06 nIters: 3
Time step continuity errors : sum local = 2.322549846116535e-05
                                 global = -3.962379248915269e-07
                             cumulative = -0.01190618142119666
T initRes: 1.863081350403489e-05 finalRes: 1.054296148356932e-07 nIters: 6
nuTilda initRes: 0.0003618934725753293 finalRes: 8.162632543716451e-07 nIters: 4
TP1: 88.11760812422605 final: 88.11760812422605
TP2: 35.77314713993628 final: 35.77314713993628
HFX: 301.8140246006983 final: 301.8140246006983
yPlus min: 1.841011141430614 max: 55.32588569041047 mean: 23.66997940363119
ExecutionTime = 119.23 s  ClockTime = 123 s

Time = 300

U0 initRes: 2.238616514408929e-06 finalRes: 1.008429892731991e-08 nIters: 6
U1 initRes: 5.525612269881252e-06 finalRes: 1.700805691773639e-08 nIters: 8
U2 initRes: 1.54886108873132e-05 finalRes: 9.455994417226091e-08 nIters: 6
p initRes: 0.00020565900055634 finalRes: 1.358746246451976e-06 nIters: 3
Time step continuity errors : sum local = 2.311465286622836e-05
                                 global = -3.959281119940692e-07
                             cumulative = -0.01190657734930865
T initRes: 1.862885967155403e-05 finalRes: 1.054683442020283e-07 nIters: 6
nuTilda initRes: 0.0003618932620969041 finalRes: 8.159919982419437e-07 nIters: 4
TP1: 88.11762125749371 final: 88.11762125749371
TP2: 35.77314797844124 final: 35.77314797844124
HFX: 301.8140158198129 final: 301.8140158198129
yPlus min: 1.841014132743888 max: 55.32588441423422 mean: 23.66997950908258
ExecutionTime = 119.68 s  ClockTime = 123 s

Time = 400

U0 initRes: 2.238411726480863e-06 finalRes: 1.008343543512537e-08 nIters: 6
U1 initRes: 5.525207773676805e-06 finalRes: 1.70081455889235e-08 nIters: 8
U2 initRes: 1.548703481232271e-05 finalRes: 9.455971949729105e-08 nIters: 6
p initRes: 0.0002056700164082475 finalRes: 1.363348963623633e-06 nIters: 3
Time step continuity errors : sum local = 2.319295250435894e-05
                                 global = -3.672358985751396e-07
                             cumulative = -0.01190694458520723
T initRes: 1.862897672935797e-05 finalRes: 1.054675625078045e-07 nIters: 6
nuTilda initRes: 0.0003618934262398129 finalRes: 8.159897603296513e-07 nIters: 4
TP1: 88.1176222109556 final: 88.1176222109556
TP2: 35.77315093484744 final: 35.77315093484744
HFX: 301.8140157440941 final: 301.8140157440941
yPlus min: 1.841011779458358 max: 55.32588435481325 mean: 23.6699793960178
ExecutionTime = 120.13 s  ClockTime = 124 s

Time = 500

U0 initRes: 2.23832415695257e-06 finalRes: 1.008194288413516e-08 nIters: 6
U1 initRes: 5.52548017410729e-06 finalRes: 1.7007953946042e-08 nIters: 8
U2 initRes: 1.548796081186376e-05 finalRes: 9.456018530458532e-08 nIters: 6
p initRes: 0.0002056654068732891 finalRes: 1.355540553733021e-06 nIters: 3
Time step continuity errors : sum local = 2.306011817470578e-05
                                 global = -4.036541486000712e-07
                             cumulative = -0.01190734823935582
T initRes: 1.862867218628444e-05 finalRes: 1.054667999685994e-07 nIters: 6
nuTilda initRes: 0.000361892704419724 finalRes: 8.159962714528987e-07 nIters: 4
TP1: 88.11762245311662 final: 88.11762245311662
TP2: 35.77314704848241 final: 35.77314704848241
HFX: 301.8140162690274 final: 301.8140162690274
yPlus min: 1.841014718446807 max: 55.32588448762083 mean: 23.66997949695016
ExecutionTime = 120.58 s  ClockTime = 124 s

Time = 600

U0 initRes: 2.238593864656843e-06 finalRes: 1.00842762817485e-08 nIters: 6
U1 initRes: 5.525400773135283e-06 finalRes: 1.700805857763131e-08 nIters: 8
U2 initRes: 1.548693624235242e-05 finalRes: 9.456020132687751e-08 nIters: 6
p initRes: 0.0002056600773342004 finalRes: 1.338166749845159e-06 nIters: 3
Time step continuity errors : sum local = 2.276455876895366e-05
                                 global = 1.131074886070127e-07
                             cumulative = -0.01190723513186722
T initRes: 1.862847264890903e-05 finalRes: 1.054676035150233e-07 nIters: 6
nuTilda initRes: 0.000361892963605023 finalRes: 8.159899960130809e-07 nIters: 4
TP1: 88.11761700715464 final: 88.11761700715464
TP2: 35.77315015604652 final: 35.77315015604652
HFX: 301.8140160442873 final: 301.8140160442873
yPlus min: 1.841011196844292 max: 55.32588447129429 mean: 23.66997943004165
ExecutionTime = 121.1 s  ClockTime = 125 s

Time = 700

U0 initRes: 2.238632441755059e-06 finalRes: 1.008269001314088e-08 nIters: 6
U1 initRes: 5.525397837819823e-06 finalRes: 1.700807276502129e-08 nIters: 8
U2 initRes: 1.548835327952071e-05 finalRes: 9.455847624056616e-08 nIters: 6
p initRes: 0.0002056658928096074 finalRes: 1.356575136115071e-06 nIters: 3
Time step continuity errors : sum local = 2.307771822004078e-05
                                 global = -3.924645367306353e-07
                             cumulative = -0.01190762759640395
T initRes: 1.862876258797244e-05 finalRes: 1.054665340554979e-07 nIters: 6
nuTilda initRes: 0.0003618927614717426 finalRes: 8.159955322826132e-07 nIters: 4
TP1: 88.11762438209693 final: 88.11762438209693
TP2: 35.77314639454924 final: 35.77314639454924
HFX: 301.8140159202403 final: 301.8140159202403
yPlus min: 1.841015006953692 max: 55.3258844710293 mean: 23.66997947778909
ExecutionTime = 121.57 s  ClockTime = 125 s

Time = 800

U0 initRes: 2.238691337600988e-06 finalRes: 1.008354492442737e-08 nIters: 6
U1 initRes: 5.525617787313144e-06 finalRes: 1.700822127381376e-08 nIters: 8
U2 initRes: 1.548721131160521e-05 finalRes: 9.456151575592343e-08 nIters: 6
p initRes: 0.0002056656019443456 finalRes: 1.360387220913654e-06 nIters: 3
Time step continuity errors : sum local = 2.314256781833981e-05
                                 global = -3.644345691430975e-07
                             cumulative = -0.01190799203097309
T initRes: 1.862893012161846e-05 finalRes: 1.05467223692786e-07 nIters: 6
nuTilda initRes: 0.0003618933949182846 finalRes: 8.159909831687198e-07 nIters: 4
TP1: 88.11761706881016 final: 88.11761706881016
TP2: 35.77314922594343 final: 35.77314922594343
HFX: 301.8140160718882 final: 301.8140160718882
yPlus min: 1.841011347352765 max: 55.32588451084898 mean: 23.66997943777235
ExecutionTime = 122.02 s  ClockTime = 126 s

Time = 900

U0 initRes: 2.238583225917678e-06 finalRes: 1.008353881907743e-08 nIters: 6
U1 initRes: 5.525572620522427e-06 finalRes: 1.700778537933123e-08 nIters: 8
U2 initRes: 1.548859569233321e-05 finalRes: 9.456108389552928e-08 nIters: 6
p initRes: 0.0002056592799424926 finalRes: 1.358833889138198e-06 nIters: 3
Time step continuity errors : sum local = 2.311614356687787e-05
                                 global = -3.960479196982783e-07
                             cumulative = -0.01190838807889279
T initRes: 1.862886190032215e-05 finalRes: 1.054671727240407e-07 nIters: 6
nuTilda initRes: 0.0003618933035541217 finalRes: 8.159939986222489e-07 nIters: 4
TP1: 88.11762134492928 final: 88.11762134492928
TP2: 35.77314797631292 final: 35.77314797631292
HFX: 301.8140162145804 final: 301.8140162145804
yPlus min: 1.841014031699567 max: 55.32588449021076 mean: 23.6699794773241
ExecutionTime = 122.44 s  ClockTime = 126 s

Time = 1000

U0 initRes: 2.23840923690303e-06 finalRes: 1.008349598960695e-08 nIters: 6
U1 initRes: 5.525199555197342e-06 finalRes: 1.70081553385588e-08 nIters: 8
U2 initRes: 1.548702181929178e-05 finalRes: 9.455969737816665e-08 nIters: 6
p initRes: 0.0002056700071915857 finalRes: 1.363369740485389e-06 nIters: 3
Time step continuity errors : sum local = 2.319330599125292e-05
                                 global = -3.672169806519628e-07
                             cumulative = -0.01190875529587344
T initRes: 1.862898105611955e-05 finalRes: 1.054674881165094e-07 nIters: 6
nuTilda initRes: 0.0003618933931588986 finalRes: 8.159906012347515e-07 nIters: 4
TP1: 88.1176221779869 final: 88.1176221779869
TP2: 35.77315093304228 final: 35.77315093304228
HFX: 301.814015754696 final: 301.814015754696
yPlus min: 1.841011776021366 max: 55.32588435506131 mean: 23.66997939732166
ExecutionTime = 122.86 s  ClockTime = 126 s

End

Moving time 1000 to 0.0023
Printing Primal Residual Statistics.
U Residual Norm2: (28.34859386103718 24.90071393313823 11.63022148316313)
U Residual Mean: (0.04088632716698897 0.03278244406767811 0.01527896790163308)
U Residual Max: (12.97894979457523 11.00678876694867 8.187092893010476)
p Residual Norm2: 8.195201670565716
p Residual Mean: 0.01414902432276107
p Residual Max: 2.848652126888686
T Residual Norm2: 43.49250976006644
T Residual Mean: 0.05141369036875159
T Residual Max: 20.58800928957369
nuTilda Residual Norm2: 0.4913073127961272
nuTilda Residual Mean: 0.0004758534480837215
nuTilda Residual Max: 0.2386022805773384
phi Residual Norm2: 0.0481586940341848
phi Residual Mean: 2.605683238309101e-05
phi Residual Max: 0.02972914366265617
Total Residual Norm2: 59.31234119314112
 
 
DAInputVolCoord. 
Setting volume coordinates. 
Checking mesh quality for time = 1000
    Overall domain bounding box (2.213518721647026e-38 -0.09450000000000007 -1.497963925309203e-07) (0.8445009932545711 0.09450000000000008 0.03750000000000003)
    Mesh has 3 geometric (non-empty/wedge) directions (1 1 1)
    Mesh has 3 solution (non-empty) directions (1 1 1)
    Boundary openness (-6.266162299930851e-18 -4.073181513901153e-18 -2.47912990176214e-17) OK.
    Max cell openness = 3.91425123577188e-16 OK.
    Max aspect ratio = 69.08288552629143 OK.
    Minimum face area = 1.671047996294314e-06. Maximum face area = 0.00115583812021953.  Face area magnitudes OK.
    Min volume = 5.879984947286308e-09. Max volume = 1.309214517269931e-05.  Total volume = 0.004719833480148134.  Cell volumes OK.
    Mesh non-orthogonality Max: 3.512288765724018 average: 0.2802963056490865
    Non-orthogonality check OK.
    Face pyramids OK.
    Max skewness = 0.2182223442389034 OK.
    Coupled point location match (average 0) OK.

Mesh OK.

Running Primal Solver 024
Previous solution time 1000 not found and nothing deleted.
No finite volume options present

Starting time loop

Time = 1

U0 initRes: 3.045601980691102e-06 finalRes: 1.130144842431692e-08 nIters: 6
U1 initRes: 2.096731244673686e-05 finalRes: 1.017382525996869e-07 nIters: 6
U2 initRes: 8.993346255845245e-05 finalRes: 2.159225280357661e-07 nIters: 6
p initRes: 0.0004320292568225103 finalRes: 3.690846546189372e-06 nIters: 5
Time step continuity errors : sum local = 6.279055516725481e-05
                                 global = 4.791142077117256e-07
                             cumulative = -0.01190827618166573
T initRes: 2.356342863575738e-05 finalRes: 1.237040378017365e-07 nIters: 6
nuTilda initRes: 0.000212782750967219 finalRes: 9.50198988789816e-07 nIters: 4
TP1: 88.09530297204887 final: 88.09530297204887
TP2: 35.77315053399821 final: 35.77315053399821
HFX: 301.8101678881117 final: 301.8101678881117
yPlus min: 1.840022497484113 max: 55.32572755790593 mean: 23.67036170999013
ExecutionTime = 123 s  ClockTime = 127 s

Time = 100

U0 initRes: 2.254398105092219e-06 finalRes: 9.990763532154232e-09 nIters: 6
U1 initRes: 5.534158964702539e-06 finalRes: 1.698770234434459e-08 nIters: 8
U2 initRes: 1.555483300485477e-05 finalRes: 9.499205818460282e-08 nIters: 6
p initRes: 0.0002058068724154532 finalRes: 7.290633760224045e-07 nIters: 3
Time step continuity errors : sum local = 1.24020903617262e-05
                                 global = 2.847866052959227e-07
                             cumulative = -0.01190799139506043
T initRes: 1.867230562855541e-05 finalRes: 1.055855693489643e-07 nIters: 6
nuTilda initRes: 0.0003622364980886556 finalRes: 8.1606929496361e-07 nIters: 4
TP1: 88.11925289377093 final: 88.11925289377093
TP2: 35.77324437595385 final: 35.77324437595385
HFX: 301.8117036072224 final: 301.8117036072224
yPlus min: 1.834370649892089 max: 55.32516992028779 mean: 23.66985269653773
ExecutionTime = 123.42 s  ClockTime = 127 s

Time = 200

U0 initRes: 2.245730947550515e-06 finalRes: 1.001198577003998e-08 nIters: 6
U1 initRes: 5.523381320500575e-06 finalRes: 1.700638243593168e-08 nIters: 8
U2 initRes: 1.550943092040403e-05 finalRes: 9.491479834827683e-08 nIters: 6
p initRes: 0.0002056652813479182 finalRes: 7.316570861456566e-07 nIters: 3
Time step continuity errors : sum local = 1.244621797231652e-05
                                 global = 3.15083236029504e-07
                             cumulative = -0.0119076763118244
T initRes: 1.86558251243166e-05 finalRes: 1.055297610413397e-07 nIters: 6
nuTilda initRes: 0.0003621772116030811 finalRes: 8.162294239400104e-07 nIters: 4
TP1: 88.1192408930136 final: 88.1192408930136
TP2: 35.77324493140767 final: 35.77324493140767
HFX: 301.8116550294591 final: 301.8116550294591
yPlus min: 1.834379154439441 max: 55.32515862151625 mean: 23.66985618102064
ExecutionTime = 123.9 s  ClockTime = 128 s

Time = 300

U0 initRes: 2.245937383780686e-06 finalRes: 1.000888522801003e-08 nIters: 6
U1 initRes: 5.524320169800242e-06 finalRes: 1.7006210613388e-08 nIters: 8
U2 initRes: 1.550960099509445e-05 finalRes: 9.491404353869531e-08 nIters: 6
p initRes: 0.0002056631296241736 finalRes: 7.311415748249481e-07 nIters: 3
Time step continuity errors : sum local = 1.243744838813244e-05
                                 global = 3.148774544669216e-07
                             cumulative = -0.01190736143436994
T initRes: 1.865526988285417e-05 finalRes: 1.055409682762539e-07 nIters: 6
nuTilda initRes: 0.0003621781725346746 finalRes: 8.161366905572715e-07 nIters: 4
TP1: 88.11924420959828 final: 88.11924420959828
TP2: 35.77324514445053 final: 35.77324514445053
HFX: 301.8116522526331 final: 301.8116522526331
yPlus min: 1.83437990683424 max: 55.32515826972134 mean: 23.66985615923628
ExecutionTime = 124.3 s  ClockTime = 128 s

Time = 400

U0 initRes: 2.245926732720819e-06 finalRes: 1.000867930201312e-08 nIters: 6
U1 initRes: 5.524289854413151e-06 finalRes: 1.700612557580283e-08 nIters: 8
U2 initRes: 1.550962995070211e-05 finalRes: 9.491437297124776e-08 nIters: 6
p initRes: 0.000205663238826383 finalRes: 7.311660036207905e-07 nIters: 3
Time step continuity errors : sum local = 1.243786396962857e-05
                                 global = 3.148374039306587e-07
                             cumulative = -0.01190704659696601
T initRes: 1.8655284661216e-05 finalRes: 1.055403593183013e-07 nIters: 6
nuTilda initRes: 0.0003621781411026272 finalRes: 8.16138993191674e-07 nIters: 4
TP1: 88.11924418417021 final: 88.11924418417021
TP2: 35.77324513989379 final: 35.77324513989379
HFX: 301.8116524199839 final: 301.8116524199839
yPlus min: 1.834379863400336 max: 55.32515829851955 mean: 23.66985614984538
ExecutionTime = 124.66 s  ClockTime = 128 s

Time = 500

U0 initRes: 2.245925882254599e-06 finalRes: 1.00087001615871e-08 nIters: 6
U1 initRes: 5.524287583593364e-06 finalRes: 1.70061299149129e-08 nIters: 8
U2 initRes: 1.550962730553081e-05 finalRes: 9.49143606751502e-08 nIters: 6
p initRes: 0.0002056632388731128 finalRes: 7.311668444637169e-07 nIters: 3
Time step continuity errors : sum local = 1.243787830325851e-05
                                 global = 3.148398025481853e-07
                             cumulative = -0.01190673175716346
T initRes: 1.865528498536698e-05 finalRes: 1.055403445760767e-07 nIters: 6
nuTilda initRes: 0.0003621781289740248 finalRes: 8.161392325643265e-07 nIters: 4
TP1: 88.11924417355263 final: 88.11924417355263
TP2: 35.77324513936745 final: 35.77324513936745
HFX: 301.811652421258 final: 301.811652421258
yPlus min: 1.834379862834918 max: 55.32515829821346 mean: 23.66985615040598
ExecutionTime = 125.07 s  ClockTime = 129 s

Time = 600

U0 initRes: 2.245925960799714e-06 finalRes: 1.000869995878587e-08 nIters: 6
U1 initRes: 5.524287798123897e-06 finalRes: 1.700613000944097e-08 nIters: 8
U2 initRes: 1.550962732120482e-05 finalRes: 9.491436002135121e-08 nIters: 6
p initRes: 0.0002056632384739591 finalRes: 7.311667223461217e-07 nIters: 3
Time step continuity errors : sum local = 1.243787619840665e-05
                                 global = 3.148397852263512e-07
                             cumulative = -0.01190641691737823
T initRes: 1.865528490618175e-05 finalRes: 1.055403454467993e-07 nIters: 6
nuTilda initRes: 0.0003621781296211966 finalRes: 8.161392130625737e-07 nIters: 4
TP1: 88.11924417416984 final: 88.11924417416984
TP2: 35.77324513940862 final: 35.77324513940862
HFX: 301.8116524205653 final: 301.8116524205653
yPlus min: 1.834379863030372 max: 55.32515829811802 mean: 23.66985615041507
ExecutionTime = 125.46 s  ClockTime = 129 s

Time = 700

U0 initRes: 2.245925960139182e-06 finalRes: 1.0008699893694e-08 nIters: 6
U1 initRes: 5.524287796873396e-06 finalRes: 1.70061300016801e-08 nIters: 8
U2 initRes: 1.55096273303024e-05 finalRes: 9.491436010244441e-08 nIters: 6
p initRes: 0.0002056632384813871 finalRes: 7.311667271803284e-07 nIters: 3
Time step continuity errors : sum local = 1.24378761899685e-05
                                 global = 3.148399019655043e-07
                             cumulative = -0.01190610207747626
T initRes: 1.865528490840915e-05 finalRes: 1.055403454911592e-07 nIters: 6
nuTilda initRes: 0.0003621781296364085 finalRes: 8.161392130657727e-07 nIters: 4
TP1: 88.11924417414023 final: 88.11924417414023
TP2: 35.77324513941046 final: 35.77324513941046
HFX: 301.8116524205926 final: 301.8116524205926
yPlus min: 1.834379863020766 max: 55.32515829812364 mean: 23.66985615041264
ExecutionTime = 125.86 s  ClockTime = 130 s

Time = 800

U0 initRes: 2.245925958176402e-06 finalRes: 1.000869989139671e-08 nIters: 6
U1 initRes: 5.524287795971521e-06 finalRes: 1.700612999520014e-08 nIters: 8
U2 initRes: 1.550962733120593e-05 finalRes: 9.491436009804414e-08 nIters: 6
p initRes: 0.0002056632384667262 finalRes: 7.311667461598652e-07 nIters: 3
Time step continuity errors : sum local = 1.243787654020879e-05
                                 global = 3.148399418943694e-07
                             cumulative = -0.01190578723753437
T initRes: 1.865528490826822e-05 finalRes: 1.055403465475676e-07 nIters: 6
nuTilda initRes: 0.0003621781296328752 finalRes: 8.161392131699109e-07 nIters: 4
TP1: 88.11924417417529 final: 88.11924417417529
TP2: 35.77324513940954 final: 35.77324513940954
HFX: 301.8116524205928 final: 301.8116524205928
yPlus min: 1.834379863020653 max: 55.3251582981237 mean: 23.66985615041259
ExecutionTime = 126.27 s  ClockTime = 130 s

Time = 900

U0 initRes: 2.245925957416574e-06 finalRes: 1.000869988330291e-08 nIters: 6
U1 initRes: 5.524287794807898e-06 finalRes: 1.700612999694099e-08 nIters: 8
U2 initRes: 1.550962733134551e-05 finalRes: 9.491436009823632e-08 nIters: 6
p initRes: 0.0002056632384733837 finalRes: 7.311667155484013e-07 nIters: 3
Time step continuity errors : sum local = 1.243787608808211e-05
                                 global = 3.1483983018223e-07
                             cumulative = -0.01190547239770419
T initRes: 1.865528490654303e-05 finalRes: 1.055403469488692e-07 nIters: 6
nuTilda initRes: 0.000362178129632447 finalRes: 8.161392131722527e-07 nIters: 4
TP1: 88.11924417416616 final: 88.11924417416616
TP2: 35.77324513940926 final: 35.77324513940926
HFX: 301.811652420596 final: 301.811652420596
yPlus min: 1.834379863022555 max: 55.32515829812414 mean: 23.66985615041297
ExecutionTime = 126.69 s  ClockTime = 130 s

Time = 1000

U0 initRes: 2.245925958832822e-06 finalRes: 1.000869988805503e-08 nIters: 6
U1 initRes: 5.524287796050776e-06 finalRes: 1.700612999899719e-08 nIters: 8
U2 initRes: 1.550962733102814e-05 finalRes: 9.491436009173053e-08 nIters: 6
p initRes: 0.0002056632384740435 finalRes: 7.31166723612434e-07 nIters: 3
Time step continuity errors : sum local = 1.243787615387011e-05
                                 global = 3.148397488656025e-07
                             cumulative = -0.01190515755795532
T initRes: 1.865528490846623e-05 finalRes: 1.055403470132655e-07 nIters: 6
nuTilda initRes: 0.0003621781296330386 finalRes: 8.161392131440629e-07 nIters: 4
TP1: 88.11924417416415 final: 88.11924417416415
TP2: 35.77324513940785 final: 35.77324513940785
HFX: 301.8116524205932 final: 301.8116524205932
yPlus min: 1.834379863021048 max: 55.32515829812376 mean: 23.66985615041262
ExecutionTime = 127.1 s  ClockTime = 131 s

End

Moving time 1000 to 0.0024
Printing Primal Residual Statistics.
U Residual Norm2: (28.35656233437994 24.91050928054772 11.62574770109525)
U Residual Mean: (0.04090293260160832 0.03274435326627462 0.01525511642874257)
U Residual Max: (12.97922673653652 11.01317583071672 8.187043166172971)
p Residual Norm2: 8.198039984236603
p Residual Mean: 0.01414686051990317
p Residual Max: 2.850060261277872
T Residual Norm2: 43.51323113262175
T Residual Mean: 0.05143950523754227
T Residual Max: 20.60344310029229
nuTilda Residual Norm2: 0.4914659700977584
nuTilda Residual Mean: 0.00047588775848178
nuTilda Residual Max: 0.2387043152978886
phi Residual Norm2: 0.04815720164018944
phi Residual Mean: 2.611580403920726e-05
phi Residual Max: 0.02971788079994681
Total Residual Norm2: 59.33497375704559
 
 
DAInputVolCoord. 
Setting volume coordinates. 
Checking mesh quality for time = 1000
    Overall domain bounding box (-9.294839380741783e-10 -0.09450000000000007 -6.80128001145311e-07) (0.8445 0.09450000000000008 0.03750000000000003)
    Mesh has 3 geometric (non-empty/wedge) directions (1 1 1)
    Mesh has 3 solution (non-empty) directions (1 1 1)
    Boundary openness (1.908794345293535e-17 1.410649952197181e-17 -9.113413631115193e-17) OK.
    Max cell openness = 3.759421612435292e-16 OK.
    Max aspect ratio = 69.08288552213155 OK.
    Minimum face area = 1.671011182209783e-06. Maximum face area = 0.001155838031280747.  Face area magnitudes OK.
    Min volume = 5.872906608277457e-09. Max volume = 1.309215104985603e-05.  Total volume = 0.004719833565313235.  Cell volumes OK.
    Mesh non-orthogonality Max: 3.51228932950216 average: 0.2803001874149523
    Non-orthogonality check OK.
    Face pyramids OK.
    Max skewness = 0.2181743592331637 OK.
    Coupled point location match (average 0) OK.

Mesh OK.

Running Primal Solver 025
Previous solution time 1000 not found and nothing deleted.
No finite volume options present

Starting time loop

Time = 1

U0 initRes: 3.683306014058553e-06 finalRes: 1.225847999209871e-08 nIters: 6
U1 initRes: 3.388975368217664e-05 finalRes: 1.337344568075499e-07 nIters: 6
U2 initRes: 0.0001629970784352594 finalRes: 3.40862914424456e-07 nIters: 6
p initRes: 0.0006115868609348335 finalRes: 5.040943936134764e-06 nIters: 12
Time step continuity errors : sum local = 8.575882404279151e-05
                                 global = 1.986958655836001e-05
                             cumulative = -0.01188528797139696
T initRes: 2.873684305510638e-05 finalRes: 1.455203522882758e-07 nIters: 6
nuTilda initRes: 0.0002157953549469431 finalRes: 9.812432425893022e-07 nIters: 4
TP1: 88.16665677329537 final: 88.16665677329537
TP2: 35.77328651437271 final: 35.77328651437271
HFX: 301.8062263753077 final: 301.8062263753077
yPlus min: 1.86117207318623 max: 55.32550281870583 mean: 23.67020988415285
ExecutionTime = 127.23 s  ClockTime = 131 s

Time = 100

U0 initRes: 2.316032317616264e-06 finalRes: 1.053725700202788e-08 nIters: 6
U1 initRes: 5.618212726964869e-06 finalRes: 1.712849814019176e-08 nIters: 8
U2 initRes: 1.605226939288509e-05 finalRes: 9.439482672016852e-08 nIters: 6
p initRes: 0.0002071063423113541 finalRes: 1.397743381145618e-06 nIters: 3
Time step continuity errors : sum local = 2.377917075282436e-05
                                 global = 2.719528486326282e-08
                             cumulative = -0.0118852607761121
T initRes: 1.875987571928924e-05 finalRes: 1.056545767139987e-07 nIters: 6
nuTilda initRes: 0.0003620986963388068 finalRes: 8.19613806119522e-07 nIters: 4
TP1: 88.11727933443149 final: 88.11727933443149
TP2: 35.77308156137421 final: 35.77308156137421
HFX: 301.8155205977314 final: 301.8155205977314
yPlus min: 1.857264874600191 max: 55.32488631731601 mean: 23.67013693909795
ExecutionTime = 127.68 s  ClockTime = 131 s

Time = 200

U0 initRes: 2.239726378906479e-06 finalRes: 1.007279990431172e-08 nIters: 6
U1 initRes: 5.527799447697217e-06 finalRes: 1.700297527680336e-08 nIters: 8
U2 initRes: 1.549133476620677e-05 finalRes: 9.452456231839363e-08 nIters: 6
p initRes: 0.0002056673314610187 finalRes: 1.275190110737619e-06 nIters: 3
Time step continuity errors : sum local = 2.16941289648357e-05
                                 global = 2.087311114368704e-09
                             cumulative = -0.01188525868880099
T initRes: 1.86255928022507e-05 finalRes: 1.055370407097004e-07 nIters: 6
nuTilda initRes: 0.0003619193174281613 finalRes: 8.156254496268018e-07 nIters: 4
TP1: 88.11744627942223 final: 88.11744627942223
TP2: 35.77309136541763 final: 35.77309136541763
HFX: 301.8155789525897 final: 301.8155789525897
yPlus min: 1.857255117335884 max: 55.3249083306974 mean: 23.67012252608125
ExecutionTime = 128.1 s  ClockTime = 132 s

Time = 300

U0 initRes: 2.234919719047046e-06 finalRes: 1.005550931654855e-08 nIters: 6
U1 initRes: 5.52218265429345e-06 finalRes: 1.700284769505349e-08 nIters: 8
U2 initRes: 1.548088799111731e-05 finalRes: 9.453538319373628e-08 nIters: 6
p initRes: 0.0002056519251839597 finalRes: 1.281075841214896e-06 nIters: 3
Time step continuity errors : sum local = 2.179425964142533e-05
                                 global = -3.418169331765888e-09
                             cumulative = -0.01188526210697032
T initRes: 1.862568610997091e-05 finalRes: 1.054728559338554e-07 nIters: 6
nuTilda initRes: 0.0003618926256262365 finalRes: 8.159377684360189e-07 nIters: 4
TP1: 88.11743120404573 final: 88.11743120404573
TP2: 35.77309029383522 final: 35.77309029383522
HFX: 301.8155918070452 final: 301.8155918070452
yPlus min: 1.857251420234459 max: 55.3249099625374 mean: 23.67012255788115
ExecutionTime = 128.52 s  ClockTime = 132 s

Time = 400

U0 initRes: 2.234974376333771e-06 finalRes: 1.005661191710111e-08 nIters: 6
U1 initRes: 5.522289504332088e-06 finalRes: 1.700328330734775e-08 nIters: 8
U2 initRes: 1.548089194619204e-05 finalRes: 9.453333337039689e-08 nIters: 6
p initRes: 0.0002056509201624364 finalRes: 1.280790593026837e-06 nIters: 3
Time step continuity errors : sum local = 2.178940727103459e-05
                                 global = -3.201857054301246e-09
                             cumulative = -0.01188526530882737
T initRes: 1.862553712938501e-05 finalRes: 1.054756844665752e-07 nIters: 6
nuTilda initRes: 0.0003618925908612648 finalRes: 8.15927593302416e-07 nIters: 4
TP1: 88.11743131388427 final: 88.11743131388427
TP2: 35.77309031624251 final: 35.77309031624251
HFX: 301.8155910001327 final: 301.8155910001327
yPlus min: 1.857251632910893 max: 55.32490981656308 mean: 23.67012260815824
ExecutionTime = 129.08 s  ClockTime = 133 s

Time = 500

U0 initRes: 2.234978605900131e-06 finalRes: 1.005652295774522e-08 nIters: 6
U1 initRes: 5.522301159424788e-06 finalRes: 1.700326100689558e-08 nIters: 8
U2 initRes: 1.548090948470282e-05 finalRes: 9.453339744669699e-08 nIters: 6
p initRes: 0.0002056509254040599 finalRes: 1.280766396122984e-06 nIters: 3
Time step continuity errors : sum local = 2.178899556065902e-05
                                 global = -3.199896295358718e-09
                             cumulative = -0.01188526850872367
T initRes: 1.862553361027382e-05 finalRes: 1.054757629412947e-07 nIters: 6
nuTilda initRes: 0.0003618926382897708 finalRes: 8.159263451947622e-07 nIters: 4
TP1: 88.11743136421015 final: 88.11743136421015
TP2: 35.77309031905631 final: 35.77309031905631
HFX: 301.8155909951224 final: 301.8155909951224
yPlus min: 1.857251635395783 max: 55.32490981830702 mean: 23.67012260536363
ExecutionTime = 129.48 s  ClockTime = 133 s

Time = 600

U0 initRes: 2.234978030786707e-06 finalRes: 1.005652342438685e-08 nIters: 6
U1 initRes: 5.522300125907814e-06 finalRes: 1.70032605485848e-08 nIters: 8
U2 initRes: 1.548090836003985e-05 finalRes: 9.453340172372459e-08 nIters: 6
p initRes: 0.0002056509286451719 finalRes: 1.280768686032697e-06 nIters: 3
Time step continuity errors : sum local = 2.178903450538473e-05
                                 global = -3.200876519220146e-09
                             cumulative = -0.01188527170960019
T initRes: 1.862553410688753e-05 finalRes: 1.054757474726702e-07 nIters: 6
nuTilda initRes: 0.0003618926351284224 finalRes: 8.159264479113525e-07 nIters: 4
TP1: 88.11743136116225 final: 88.11743136116225
TP2: 35.77309031882609 final: 35.77309031882609
HFX: 301.8155909983928 final: 301.8155909983928
yPlus min: 1.857251634475585 max: 55.32490981876037 mean: 23.67012260532244
ExecutionTime = 129.87 s  ClockTime = 134 s

Time = 700

U0 initRes: 2.234978043824591e-06 finalRes: 1.0056523742402e-08 nIters: 6
U1 initRes: 5.522300135949107e-06 finalRes: 1.700326064712187e-08 nIters: 8
U2 initRes: 1.548090835339234e-05 finalRes: 9.453340125570259e-08 nIters: 6
p initRes: 0.0002056509284483972 finalRes: 1.280768660206548e-06 nIters: 3
Time step continuity errors : sum local = 2.178903403949419e-05
                                 global = -3.20082411343951e-09
                             cumulative = -0.0118852749104243
T initRes: 1.862553409112004e-05 finalRes: 1.054757482499971e-07 nIters: 6
nuTilda initRes: 0.0003618926351080494 finalRes: 8.159264472040329e-07 nIters: 4
TP1: 88.11743136114008 final: 88.11743136114008
TP2: 35.77309031882694 final: 35.77309031882694
HFX: 301.8155909982407 final: 301.8155909982407
yPlus min: 1.857251634513997 max: 55.32490981873006 mean: 23.67012260533486
ExecutionTime = 130.3 s  ClockTime = 134 s

Time = 800

U0 initRes: 2.234978045280697e-06 finalRes: 1.005652371115596e-08 nIters: 6
U1 initRes: 5.52230013919869e-06 finalRes: 1.700326064252818e-08 nIters: 8
U2 initRes: 1.54809083568626e-05 finalRes: 9.453340126719861e-08 nIters: 6
p initRes: 0.000205650928443201 finalRes: 1.280768661430934e-06 nIters: 3
Time step continuity errors : sum local = 2.178903412338394e-05
                                 global = -3.200890487246295e-09
                             cumulative = -0.01188527811131478
T initRes: 1.862553409070001e-05 finalRes: 1.054757478162547e-07 nIters: 6
nuTilda initRes: 0.0003618926351209274 finalRes: 8.159264468326121e-07 nIters: 4
TP1: 88.11743136116999 final: 88.11743136116999
TP2: 35.77309031882719 final: 35.77309031882719
HFX: 301.8155909982372 final: 301.8155909982372
yPlus min: 1.857251634514399 max: 55.32490981872989 mean: 23.67012260533431
ExecutionTime = 130.71 s  ClockTime = 134 s

Time = 900

U0 initRes: 2.234978045694874e-06 finalRes: 1.005652371976577e-08 nIters: 6
U1 initRes: 5.52230013949731e-06 finalRes: 1.700326065008103e-08 nIters: 8
U2 initRes: 1.548090835711121e-05 finalRes: 9.453340127769089e-08 nIters: 6
p initRes: 0.0002056509284552527 finalRes: 1.280768650040977e-06 nIters: 3
Time step continuity errors : sum local = 2.178903393822245e-05
                                 global = -3.200889491918e-09
                             cumulative = -0.01188528131220428
T initRes: 1.862553409069683e-05 finalRes: 1.054757477699367e-07 nIters: 6
nuTilda initRes: 0.0003618926351205869 finalRes: 8.159264468538227e-07 nIters: 4
TP1: 88.11743136114225 final: 88.11743136114225
TP2: 35.77309031882869 final: 35.77309031882869
HFX: 301.8155909982388 final: 301.8155909982388
yPlus min: 1.857251634514947 max: 55.32490981873039 mean: 23.67012260533452
ExecutionTime = 131.13 s  ClockTime = 135 s

Time = 1000

U0 initRes: 2.234978045664554e-06 finalRes: 1.005652371275001e-08 nIters: 6
U1 initRes: 5.52230013948331e-06 finalRes: 1.700326064362391e-08 nIters: 8
U2 initRes: 1.548090835885559e-05 finalRes: 9.453340127085432e-08 nIters: 6
p initRes: 0.0002056509284511596 finalRes: 1.280768651696211e-06 nIters: 3
Time step continuity errors : sum local = 2.178903397555711e-05
                                 global = -3.201015081561295e-09
                             cumulative = -0.01188528451321936
T initRes: 1.862553409115767e-05 finalRes: 1.054757491683907e-07 nIters: 6
nuTilda initRes: 0.0003618926351205844 finalRes: 8.159264468643863e-07 nIters: 4
TP1: 88.11743136113851 final: 88.11743136113851
TP2: 35.77309031882759 final: 35.77309031882759
HFX: 301.8155909982391 final: 301.8155909982391
yPlus min: 1.857251634515653 max: 55.32490981873045 mean: 23.67012260533453
ExecutionTime = 131.54 s  ClockTime = 135 s

End

Moving time 1000 to 0.0025
Printing Primal Residual Statistics.
U Residual Norm2: (28.34465024150269 24.90014662545925 11.62767702026409)
U Residual Mean: (0.04085262757306406 0.03276792670158066 0.01526897312795636)
U Residual Max: (12.97924151319889 11.00697637193085 8.189178489175779)
p Residual Norm2: 8.195083082874238
p Residual Mean: 0.01414402460277924
p Residual Max: 2.848644579326323
T Residual Norm2: 43.49576957584095
T Residual Mean: 0.05140208499635688
T Residual Max: 20.59376348160516
nuTilda Residual Norm2: 0.4912920447968881
nuTilda Residual Mean: 0.0004756708966703084
nuTilda Residual Max: 0.238603789237748
phi Residual Norm2: 0.04815906540538987
phi Residual Mean: 2.603456331273597e-05
phi Residual Max: 0.02972929250554594
Total Residual Norm2: 59.31209334586656
 
 
DAInputVolCoord. 
Setting volume coordinates. 
Checking mesh quality for time = 1000
    Overall domain bounding box (-7.827391060555611e-15 -0.09450000000000007 -1.665428055625221e-06) (0.8445040451325123 0.09450000000000008 0.03750000000000003)
    Mesh has 3 geometric (non-empty/wedge) directions (1 1 1)
    Mesh has 3 solution (non-empty) directions (1 1 1)
    Boundary openness (9.244284232711933e-18 1.523924354173502e-18 -8.015334797841891e-17) OK.
    Max cell openness = 3.576217613347647e-16 OK.
    Max aspect ratio = 69.08288552215959 OK.
    Minimum face area = 1.673115955193596e-06. Maximum face area = 0.001155837995533057.  Face area magnitudes OK.
    Min volume = 5.879979247416085e-09. Max volume = 1.309214964295336e-05.  Total volume = 0.004719840785759647.  Cell volumes OK.
    Mesh non-orthogonality Max: 3.512282868662249 average: 0.2800806001952472
    Non-orthogonality check OK.
    Face pyramids OK.
    Max skewness = 0.2181850219635165 OK.
    Coupled point location match (average 0) OK.

Mesh OK.

Running Primal Solver 026
Previous solution time 1000 not found and nothing deleted.
No finite volume options present

Starting time loop

Time = 1

U0 initRes: 2.840112045517808e-06 finalRes: 1.12086709547817e-08 nIters: 6
U1 initRes: 2.01616414625149e-05 finalRes: 1.0119006129404e-07 nIters: 6
U2 initRes: 8.661506517823485e-05 finalRes: 2.193665397583709e-07 nIters: 6
p initRes: 0.0004222549050944724 finalRes: 4.185569605309589e-06 nIters: 4
Time step continuity errors : sum local = 7.121000290147968e-05
                                 global = -2.881376916112092e-07
                             cumulative = -0.01188557265091097
T initRes: 2.32379958706223e-05 finalRes: 1.236204151900863e-07 nIters: 6
nuTilda initRes: 0.0002126414029377306 finalRes: 9.495534892049949e-07 nIters: 4
TP1: 88.09093876509792 final: 88.09093876509792
TP2: 35.77308965727602 final: 35.77308965727602
HFX: 301.8116696267782 final: 301.8116696267782
yPlus min: 1.855050358398382 max: 55.3242748060329 mean: 23.67049174821718
ExecutionTime = 131.68 s  ClockTime = 135 s

Time = 100

U0 initRes: 2.287807906478925e-06 finalRes: 1.01603026535361e-08 nIters: 6
U1 initRes: 5.581989120577455e-06 finalRes: 1.696887097120789e-08 nIters: 8
U2 initRes: 1.569246360642404e-05 finalRes: 9.500347183808793e-08 nIters: 6
p initRes: 0.0002061613900013253 finalRes: 8.205426928330115e-07 nIters: 3
Time step continuity errors : sum local = 1.395889594403522e-05
                                 global = -6.12528035811082e-07
                             cumulative = -0.01188618517894678
T initRes: 1.868293959599124e-05 finalRes: 1.057860840629526e-07 nIters: 6
nuTilda initRes: 0.0003621861860501963 finalRes: 8.163802465040544e-07 nIters: 4
TP1: 88.11747111941246 final: 88.11747111941246
TP2: 35.77316454210833 final: 35.77316454210833
HFX: 301.8134305508679 final: 301.8134305508679
yPlus min: 1.844194150438919 max: 55.32293212335409 mean: 23.66991737751949
ExecutionTime = 132.08 s  ClockTime = 136 s

Time = 200

U0 initRes: 2.246082232078322e-06 finalRes: 1.003936390341061e-08 nIters: 6
U1 initRes: 5.52272427477735e-06 finalRes: 1.699859353374745e-08 nIters: 8
U2 initRes: 1.550350215055796e-05 finalRes: 9.486968101824923e-08 nIters: 6
p initRes: 0.0002056061634941273 finalRes: 7.790382794470849e-07 nIters: 3
Time step continuity errors : sum local = 1.32528527214889e-05
                                 global = -3.967926154056911e-07
                             cumulative = -0.01188658197156219
T initRes: 1.864908737344433e-05 finalRes: 1.054746978488458e-07 nIters: 6
nuTilda initRes: 0.0003619650146452848 finalRes: 8.162052876446556e-07 nIters: 4
TP1: 88.11735371053653 final: 88.11735371053653
TP2: 35.77315693521787 final: 35.77315693521787
HFX: 301.8134766780181 final: 301.8134766780181
yPlus min: 1.844179813622194 max: 55.32293461370057 mean: 23.66992181089373
ExecutionTime = 132.57 s  ClockTime = 136 s

Time = 300

U0 initRes: 2.246308563403385e-06 finalRes: 1.003843586702308e-08 nIters: 6
U1 initRes: 5.524513399611639e-06 finalRes: 1.700044061260799e-08 nIters: 8
U2 initRes: 1.550218678613498e-05 finalRes: 9.485990475990217e-08 nIters: 6
p initRes: 0.0002055971466926317 finalRes: 7.785596726735787e-07 nIters: 3
Time step continuity errors : sum local = 1.32447117553112e-05
                                 global = -3.962582529471164e-07
                             cumulative = -0.01188697822981513
T initRes: 1.864752691239278e-05 finalRes: 1.05503748008493e-07 nIters: 6
nuTilda initRes: 0.000361964863137057 finalRes: 8.160241541902508e-07 nIters: 4
TP1: 88.11735852617076 final: 88.11735852617076
TP2: 35.77315729889713 final: 35.77315729889713
HFX: 301.8134696265201 final: 301.8134696265201
yPlus min: 1.844181777387609 max: 55.32293354294914 mean: 23.6699220081612
ExecutionTime = 132.92 s  ClockTime = 137 s

Time = 400

U0 initRes: 2.246304661621199e-06 finalRes: 1.00376998278519e-08 nIters: 6
U1 initRes: 5.524528356455312e-06 finalRes: 1.700022704214365e-08 nIters: 8
U2 initRes: 1.550228857169237e-05 finalRes: 9.486068052966277e-08 nIters: 6
p initRes: 0.0002055973227735376 finalRes: 7.785375827293647e-07 nIters: 3
Time step continuity errors : sum local = 1.32443359099211e-05
                                 global = -3.961368681539673e-07
                             cumulative = -0.01188737436668329
T initRes: 1.864752328011527e-05 finalRes: 1.055033479534282e-07 nIters: 6
nuTilda initRes: 0.0003619650933796838 finalRes: 8.160215703824625e-07 nIters: 4
TP1: 88.1173587285021 final: 88.1173587285021
TP2: 35.77315730764824 final: 35.77315730764824
HFX: 301.8134698283442 final: 301.8134698283442
yPlus min: 1.844181732332392 max: 55.32293358969427 mean: 23.66992198194296
ExecutionTime = 133.32 s  ClockTime = 137 s

Time = 500

U0 initRes: 2.246301793607791e-06 finalRes: 1.00377381597153e-08 nIters: 6
U1 initRes: 5.524520086835638e-06 finalRes: 1.700023028288715e-08 nIters: 8
U2 initRes: 1.550228367401715e-05 finalRes: 9.48606786592918e-08 nIters: 6
p initRes: 0.000205597333309946 finalRes: 7.785396590206776e-07 nIters: 3
Time step continuity errors : sum local = 1.324437119562436e-05
                                 global = -3.96144823206688e-07
                             cumulative = -0.01188777051150649
T initRes: 1.864752626777239e-05 finalRes: 1.055032524556038e-07 nIters: 6
nuTilda initRes: 0.0003619650605258588 finalRes: 8.160223338676532e-07 nIters: 4
TP1: 88.11735870082481 final: 88.11735870082481
TP2: 35.77315730586565 final: 35.77315730586565
HFX: 301.8134698452269 final: 301.8134698452269
yPlus min: 1.844181727174145 max: 55.32293359148625 mean: 23.66992198247274
ExecutionTime = 133.72 s  ClockTime = 137 s

Time = 600

U0 initRes: 2.246301931495145e-06 finalRes: 1.003773905440145e-08 nIters: 6
U1 initRes: 5.524520421078566e-06 finalRes: 1.70002309092712e-08 nIters: 8
U2 initRes: 1.55022835263018e-05 finalRes: 9.486067587764368e-08 nIters: 6
p initRes: 0.0002055973321261126 finalRes: 7.78539640047924e-07 nIters: 3
Time step continuity errors : sum local = 1.324437086719144e-05
                                 global = -3.961449483991718e-07
                             cumulative = -0.01188816665645489
T initRes: 1.864752608065349e-05 finalRes: 1.055032598664001e-07 nIters: 6
nuTilda initRes: 0.0003619650611964408 finalRes: 8.160223072908025e-07 nIters: 4
TP1: 88.11735870139239 final: 88.11735870139239
TP2: 35.77315730591901 final: 35.77315730591901
HFX: 301.813469843681 final: 301.813469843681
yPlus min: 1.844181727584284 max: 55.32293359122894 mean: 23.66992198254444
ExecutionTime = 134.13 s  ClockTime = 138 s

Time = 700

U0 initRes: 2.246301934127903e-06 finalRes: 1.003773886476809e-08 nIters: 6
U1 initRes: 5.524520433596646e-06 finalRes: 1.700023086704474e-08 nIters: 8
U2 initRes: 1.550228355285755e-05 finalRes: 9.486067601189467e-08 nIters: 6
p initRes: 0.0002055973321252981 finalRes: 7.785396336733863e-07 nIters: 3
Time step continuity errors : sum local = 1.324437075444076e-05
                                 global = -3.961449906115353e-07
                             cumulative = -0.0118885628014455
T initRes: 1.864752607906255e-05 finalRes: 1.055032589085803e-07 nIters: 6
nuTilda initRes: 0.0003619650612853713 finalRes: 8.160223057442271e-07 nIters: 4
TP1: 88.11735870145631 final: 88.11735870145631
TP2: 35.77315730592196 final: 35.77315730592196
HFX: 301.8134698436929 final: 301.8134698436929
yPlus min: 1.844181727584284 max: 55.32293359123459 mean: 23.66992198253918
ExecutionTime = 134.52 s  ClockTime = 138 s

Time = 800

U0 initRes: 2.246301933869475e-06 finalRes: 1.003773886828353e-08 nIters: 6
U1 initRes: 5.524520431036314e-06 finalRes: 1.700023086345861e-08 nIters: 8
U2 initRes: 1.550228355079787e-05 finalRes: 9.486067601832824e-08 nIters: 6
p initRes: 0.0002055973321424515 finalRes: 7.785396447602086e-07 nIters: 3
Time step continuity errors : sum local = 1.324437088966234e-05
                                 global = -3.961448590589713e-07
                             cumulative = -0.01188895894630456
T initRes: 1.864752607971763e-05 finalRes: 1.055032598975801e-07 nIters: 6
nuTilda initRes: 0.0003619650612785543 finalRes: 8.160223059346367e-07 nIters: 4
TP1: 88.11735870145378 final: 88.11735870145378
TP2: 35.77315730592139 final: 35.77315730592139
HFX: 301.8134698436972 final: 301.8134698436972
yPlus min: 1.844181727584702 max: 55.3229335912352 mean: 23.66992198253916
ExecutionTime = 134.92 s  ClockTime = 139 s

Time = 900

U0 initRes: 2.2463019341666e-06 finalRes: 1.00377388754282e-08 nIters: 6
U1 initRes: 5.52452043265912e-06 finalRes: 1.700023087049393e-08 nIters: 8
U2 initRes: 1.550228354944592e-05 finalRes: 9.486067600756622e-08 nIters: 6
p initRes: 0.0002055973321313893 finalRes: 7.785396379264028e-07 nIters: 3
Time step continuity errors : sum local = 1.324437078579477e-05
                                 global = -3.961448576940171e-07
                             cumulative = -0.01188935509116226
T initRes: 1.864752607775421e-05 finalRes: 1.055032587045103e-07 nIters: 6
nuTilda initRes: 0.0003619650612789086 finalRes: 8.160223058871223e-07 nIters: 4
TP1: 88.11735870145887 final: 88.11735870145887
TP2: 35.77315730592152 final: 35.77315730592152
HFX: 301.8134698436967 final: 301.8134698436967
yPlus min: 1.84418172758154 max: 55.32293359123516 mean: 23.6699219825391
ExecutionTime = 135.33 s  ClockTime = 139 s

Time = 1000

U0 initRes: 2.246301934256724e-06 finalRes: 1.003773888128462e-08 nIters: 6
U1 initRes: 5.524520432447956e-06 finalRes: 1.700023086441755e-08 nIters: 8
U2 initRes: 1.550228354987007e-05 finalRes: 9.486067601433079e-08 nIters: 6
p initRes: 0.0002055973321432631 finalRes: 7.78539645887759e-07 nIters: 3
Time step continuity errors : sum local = 1.324437095278689e-05
                                 global = -3.961448220037291e-07
                             cumulative = -0.01188975123598426
T initRes: 1.864752607860816e-05 finalRes: 1.055032604134614e-07 nIters: 6
nuTilda initRes: 0.0003619650612789979 finalRes: 8.160223059002468e-07 nIters: 4
TP1: 88.11735870146188 final: 88.11735870146188
TP2: 35.77315730592156 final: 35.77315730592156
HFX: 301.8134698436962 final: 301.8134698436962
yPlus min: 1.844181727582073 max: 55.32293359123506 mean: 23.66992198253907
ExecutionTime = 135.73 s  ClockTime = 139 s

End

Moving time 1000 to 0.0026
Printing Primal Residual Statistics.
U Residual Norm2: (28.34755443425534 24.90362516102228 11.62184222688326)
U Residual Mean: (0.04090860649465829 0.03274690562174585 0.01525468625954767)
U Residual Max: (12.97981619632681 11.00921669145774 8.181399080434737)
p Residual Norm2: 8.19542518700953
p Residual Mean: 0.01414383051361284
p Residual Max: 2.849387158470731
T Residual Norm2: 43.49572285780236
T Residual Mean: 0.05142525800661385
T Residual Max: 20.58810629718222
nuTilda Residual Norm2: 0.491341954488828
nuTilda Residual Mean: 0.0004758371222791802
nuTilda Residual Max: 0.2386401171925841
phi Residual Norm2: 0.04814439198691647
phi Residual Mean: 2.611431305982215e-05
phi Residual Max: 0.0297192521560176
Total Residual Norm2: 59.31381155369869
 
 
DAInputVolCoord. 
Setting volume coordinates. 
Checking mesh quality for time = 1000
    Overall domain bounding box (-1.207925755118933e-10 -0.09450000000000007 -6.957836027072102e-07) (0.8444999996756601 0.09450000000000008 0.03750000000000003)
    Mesh has 3 geometric (non-empty/wedge) directions (1 1 1)
    Mesh has 3 solution (non-empty) directions (1 1 1)
    Boundary openness (1.026622411837748e-17 -4.63173758876169e-18 -6.334570410464646e-17) OK.
    Max cell openness = 3.564590155337179e-16 OK.
    Max aspect ratio = 69.08288552496076 OK.
    Minimum face area = 1.673115214977738e-06. Maximum face area = 0.001155837989521639.  Face area magnitudes OK.
    Min volume = 5.879984962640403e-09. Max volume = 1.309214510374931e-05.  Total volume = 0.00471982625986422.  Cell volumes OK.
    Mesh non-orthogonality Max: 3.512282936472151 average: 0.2800799276472676
    Non-orthogonality check OK.
    Face pyramids OK.
    Max skewness = 0.2181529192556377 OK.
    Coupled point location match (average 0) OK.

Mesh OK.

Running Primal Solver 027
Previous solution time 1000 not found and nothing deleted.
No finite volume options present

Starting time loop

Time = 1

U0 initRes: 2.786715387085891e-06 finalRes: 1.043662144939891e-08 nIters: 6
U1 initRes: 7.387626827926382e-06 finalRes: 6.54621964113833e-08 nIters: 6
U2 initRes: 3.190531558079853e-05 finalRes: 9.626040727357764e-08 nIters: 6
p initRes: 0.0002847137688065353 finalRes: 2.516144580540433e-06 nIters: 6
Time step continuity errors : sum local = 4.280610881768578e-05
                                 global = -5.452618490796199e-07
                             cumulative = -0.01189029649783334
T initRes: 1.925487411309226e-05 finalRes: 1.048864242788688e-07 nIters: 6
nuTilda initRes: 0.0002104459457587913 finalRes: 9.274564256457097e-07 nIters: 4
TP1: 88.12491366551586 final: 88.12491366551586
TP2: 35.77315514919015 final: 35.77315514919015
HFX: 301.8091310515244 final: 301.8091310515244
yPlus min: 1.856001081961985 max: 55.32386041416127 mean: 23.67030194926936
ExecutionTime = 135.86 s  ClockTime = 140 s

Time = 100

U0 initRes: 2.245873205332653e-06 finalRes: 1.006321896058724e-08 nIters: 6
U1 initRes: 5.523355998966717e-06 finalRes: 1.699767366187228e-08 nIters: 8
U2 initRes: 1.557822337299915e-05 finalRes: 9.475282505173182e-08 nIters: 6
p initRes: 0.0002060326113444726 finalRes: 1.344192071278293e-06 nIters: 3
Time step continuity errors : sum local = 2.286690191291563e-05
                                 global = -7.229644466164184e-08
                             cumulative = -0.011890368794278
T initRes: 1.866220143134673e-05 finalRes: 1.053284495634606e-07 nIters: 6
nuTilda initRes: 0.0003621421735108849 finalRes: 8.172293160104007e-07 nIters: 4
TP1: 88.11936164044531 final: 88.11936164044531
TP2: 35.7731722881759 final: 35.7731722881759
HFX: 301.813889536282 final: 301.813889536282
yPlus min: 1.847506187396882 max: 55.32715304073766 mean: 23.67005415813972
ExecutionTime = 136.27 s  ClockTime = 140 s

Time = 200

U0 initRes: 2.238122818310702e-06 finalRes: 1.008522794030109e-08 nIters: 6
U1 initRes: 5.52711763084854e-06 finalRes: 1.701543908025264e-08 nIters: 8
U2 initRes: 1.549184179143047e-05 finalRes: 9.457725955455278e-08 nIters: 6
p initRes: 0.0002057321971108912 finalRes: 1.312232825839444e-06 nIters: 3
Time step continuity errors : sum local = 2.232323823351201e-05
                                 global = -9.380739336538665e-08
                             cumulative = -0.01189046260167137
T initRes: 1.863682588912914e-05 finalRes: 1.055055498829643e-07 nIters: 6
nuTilda initRes: 0.0003621057014299792 finalRes: 8.161278132546665e-07 nIters: 4
TP1: 88.11940936803911 final: 88.11940936803911
TP2: 35.77317785113238 final: 35.77317785113238
HFX: 301.8137723833707 final: 301.8137723833707
yPlus min: 1.847532298438156 max: 55.32713275391433 mean: 23.67005827264542
ExecutionTime = 136.65 s  ClockTime = 140 s

Time = 300

U0 initRes: 2.237852931634453e-06 finalRes: 1.007534991981601e-08 nIters: 6
U1 initRes: 5.52768178424853e-06 finalRes: 1.701316753532463e-08 nIters: 8
U2 initRes: 1.549244506402957e-05 finalRes: 9.458484607261291e-08 nIters: 6
p initRes: 0.0002057321984798763 finalRes: 1.310554925122171e-06 nIters: 3
Time step continuity errors : sum local = 2.229469221610236e-05
                                 global = -9.409787682736385e-08
                             cumulative = -0.01189055669954819
T initRes: 1.863587812742473e-05 finalRes: 1.055059330864227e-07 nIters: 6
nuTilda initRes: 0.0003621074930634895 finalRes: 8.160578543133474e-07 nIters: 4
TP1: 88.11941312252675 final: 88.11941312252675
TP2: 35.77317802271874 final: 35.77317802271874
HFX: 301.8137727958128 final: 301.8137727958128
yPlus min: 1.847532212322404 max: 55.32713300607377 mean: 23.67005800242864
ExecutionTime = 137.04 s  ClockTime = 141 s

Time = 400

U0 initRes: 2.237814724237361e-06 finalRes: 1.007565315801774e-08 nIters: 6
U1 initRes: 5.527583228009003e-06 finalRes: 1.701316531403623e-08 nIters: 8
U2 initRes: 1.549233267972835e-05 finalRes: 9.458504616261866e-08 nIters: 6
p initRes: 0.0002057322675883048 finalRes: 1.310752343522109e-06 nIters: 3
Time step continuity errors : sum local = 2.229805065365941e-05
                                 global = -9.398833615421988e-08
                             cumulative = -0.01189065068788435
T initRes: 1.863591836886703e-05 finalRes: 1.055047933436187e-07 nIters: 6
nuTilda initRes: 0.0003621071379453272 finalRes: 8.160667976851763e-07 nIters: 4
TP1: 88.11941283469298 final: 88.11941283469298
TP2: 35.77317800522723 final: 35.77317800522723
HFX: 301.8137730405843 final: 301.8137730405843
yPlus min: 1.847532144944724 max: 55.32713303553385 mean: 23.6700580040714
ExecutionTime = 137.44 s  ClockTime = 141 s

Time = 500

U0 initRes: 2.237816045226644e-06 finalRes: 1.007567237934974e-08 nIters: 6
U1 initRes: 5.527585510916467e-06 finalRes: 1.701317337596243e-08 nIters: 8
U2 initRes: 1.54923349764101e-05 finalRes: 9.458500789642478e-08 nIters: 6
p initRes: 0.0002057322528135869 finalRes: 1.310748432225191e-06 nIters: 3
Time step continuity errors : sum local = 2.229798415706664e-05
                                 global = -9.399294444840351e-08
                             cumulative = -0.0118907446808288
T initRes: 1.863591727606945e-05 finalRes: 1.055048472064019e-07 nIters: 6
nuTilda initRes: 0.0003621071412823402 finalRes: 8.160666007719886e-07 nIters: 4
TP1: 88.11941283656364 final: 88.11941283656364
TP2: 35.77317800556283 final: 35.77317800556283
HFX: 301.8137730249272 final: 301.8137730249272
yPlus min: 1.847532148958025 max: 55.32713303279409 mean: 23.67005800499889
ExecutionTime = 137.85 s  ClockTime = 142 s

Time = 600

U0 initRes: 2.237816101409036e-06 finalRes: 1.007567027721762e-08 nIters: 6
U1 initRes: 5.527585754265078e-06 finalRes: 1.701317296656911e-08 nIters: 8
U2 initRes: 1.549233526790417e-05 finalRes: 9.458500913645415e-08 nIters: 6
p initRes: 0.0002057322532875466 finalRes: 1.31074792918113e-06 nIters: 3
Time step continuity errors : sum local = 2.229797558595591e-05
                                 global = -9.399298026755426e-08
                             cumulative = -0.01189083867380906
T initRes: 1.863591717994544e-05 finalRes: 1.05504847957976e-07 nIters: 6
nuTilda initRes: 0.0003621071423302079 finalRes: 8.160665781702206e-07 nIters: 4
TP1: 88.11941283753119 final: 88.11941283753119
TP2: 35.7731780056108 final: 35.7731780056108
HFX: 301.8137730248259 final: 301.8137730248259
yPlus min: 1.847532149003086 max: 55.32713303282495 mean: 23.67005800494558
ExecutionTime = 138.24 s  ClockTime = 142 s

Time = 700

U0 initRes: 2.237816093710406e-06 finalRes: 1.007567031345938e-08 nIters: 6
U1 initRes: 5.527585733531977e-06 finalRes: 1.701317295414029e-08 nIters: 8
U2 initRes: 1.549233524445363e-05 finalRes: 9.458500921756518e-08 nIters: 6
p initRes: 0.0002057322533162177 finalRes: 1.310747957235877e-06 nIters: 3
Time step continuity errors : sum local = 2.229797611294263e-05
                                 global = -9.399299695968037e-08
                             cumulative = -0.01189093266680602
T initRes: 1.863591718410399e-05 finalRes: 1.05504847308326e-07 nIters: 6
nuTilda initRes: 0.0003621071422640943 finalRes: 8.160665800461763e-07 nIters: 4
TP1: 88.11941283746444 final: 88.11941283746444
TP2: 35.77317800560657 final: 35.77317800560657
HFX: 301.813773024888 final: 301.813773024888
yPlus min: 1.847532148987026 max: 55.32713303283331 mean: 23.67005800494489
ExecutionTime = 138.64 s  ClockTime = 143 s

Time = 800

U0 initRes: 2.237816093514348e-06 finalRes: 1.007567032122186e-08 nIters: 6
U1 initRes: 5.527585732477034e-06 finalRes: 1.701317297132083e-08 nIters: 8
U2 initRes: 1.54923352449474e-05 finalRes: 9.458500920327261e-08 nIters: 6
p initRes: 0.0002057322533112417 finalRes: 1.310747963604269e-06 nIters: 3
Time step continuity errors : sum local = 2.229797616754774e-05
                                 global = -9.399302926702241e-08
                             cumulative = -0.01189102665983529
T initRes: 1.86359171853556e-05 finalRes: 1.055048482265414e-07 nIters: 6
nuTilda initRes: 0.0003621071422631768 finalRes: 8.160665800501961e-07 nIters: 4
TP1: 88.11941283747073 final: 88.11941283747073
TP2: 35.77317800560701 final: 35.77317800560701
HFX: 301.8137730248857 final: 301.8137730248857
yPlus min: 1.847532148988671 max: 55.32713303283271 mean: 23.67005800494513
ExecutionTime = 139.09 s  ClockTime = 143 s

Time = 900

U0 initRes: 2.237816093324421e-06 finalRes: 1.007567031770148e-08 nIters: 6
U1 initRes: 5.527585734013007e-06 finalRes: 1.701317296947559e-08 nIters: 8
U2 initRes: 1.549233524619565e-05 finalRes: 9.458500921341785e-08 nIters: 6
p initRes: 0.0002057322533080597 finalRes: 1.310747965504184e-06 nIters: 3
Time step continuity errors : sum local = 2.229797624358154e-05
                                 global = -9.39929838034841e-08
                             cumulative = -0.0118911206528191
T initRes: 1.863591718432095e-05 finalRes: 1.055048490094844e-07 nIters: 6
nuTilda initRes: 0.0003621071422633327 finalRes: 8.160665800418822e-07 nIters: 4
TP1: 88.11941283748335 final: 88.11941283748335
TP2: 35.77317800560734 final: 35.77317800560734
HFX: 301.8137730248862 final: 301.8137730248862
yPlus min: 1.84753214898792 max: 55.32713303283278 mean: 23.67005800494519
ExecutionTime = 139.64 s  ClockTime = 144 s

Time = 1000

U0 initRes: 2.237816093563461e-06 finalRes: 1.007567032040362e-08 nIters: 6
U1 initRes: 5.527585733120195e-06 finalRes: 1.701317296725829e-08 nIters: 8
U2 initRes: 1.549233524390082e-05 finalRes: 9.458500919385502e-08 nIters: 6
p initRes: 0.0002057322533175497 finalRes: 1.310747961168918e-06 nIters: 3
Time step continuity errors : sum local = 2.22979761902858e-05
                                 global = -9.399310314299286e-08
                             cumulative = -0.01189121464592224
T initRes: 1.863591718616753e-05 finalRes: 1.055048469798471e-07 nIters: 6
nuTilda initRes: 0.0003621071422636188 finalRes: 8.160665800240723e-07 nIters: 4
TP1: 88.11941283746343 final: 88.11941283746343
TP2: 35.77317800560671 final: 35.77317800560671
HFX: 301.8137730248845 final: 301.8137730248845
yPlus min: 1.847532148982994 max: 55.32713303283263 mean: 23.67005800494496
ExecutionTime = 140.05 s  ClockTime = 144 s

End

Moving time 1000 to 0.0027
Printing Primal Residual Statistics.
U Residual Norm2: (28.35431811027387 24.90704136313552 11.63259785607605)
U Residual Mean: (0.04086225079940217 0.03277741717092954 0.01526917812085268)
U Residual Max: (12.97867845626838 11.01090913178996 8.195121360674849)
p Residual Norm2: 8.19783014224922
p Residual Mean: 0.01414759605706791
p Residual Max: 2.849314015852129
T Residual Norm2: 43.51317977923698
T Residual Mean: 0.05141696826475248
T Residual Max: 20.60914554401204
nuTilda Residual Norm2: 0.4914156639813158
nuTilda Residual Mean: 0.0004757226881877289
nuTilda Residual Max: 0.2386677419065072
phi Residual Norm2: 0.04817215082227563
phi Residual Mean: 2.604888494637848e-05
phi Residual Max: 0.02972856542503326
Total Residual Norm2: 59.33372094599345
 
 
DAInputVolCoord. 
Setting volume coordinates. 
Checking mesh quality for time = 1000
    Overall domain bounding box (3.030274615329605e-39 -0.09450000000000007 -5.249163304969855e-07) (0.8445019612010987 0.09450000000000008 0.03750000000000003)
    Mesh has 3 geometric (non-empty/wedge) directions (1 1 1)
    Mesh has 3 solution (non-empty) directions (1 1 1)
    Boundary openness (1.542009321154628e-17 9.812197785477693e-18 -5.814161206345606e-17) OK.
    Max cell openness = 4.732749853626314e-16 OK.
    Max aspect ratio = 69.0828855222446 OK.
    Minimum face area = 1.673087871459235e-06. Maximum face area = 0.001155838001399286.  Face area magnitudes OK.
    Min volume = 5.879889098125388e-09. Max volume = 1.309214816330277e-05.  Total volume = 0.004719835433071464.  Cell volumes OK.
    Mesh non-orthogonality Max: 3.512282956115501 average: 0.2800808885818521
    Non-orthogonality check OK.
    Face pyramids OK.
    Max skewness = 0.2181680069898381 OK.
    Coupled point location match (average 0) OK.

Mesh OK.

Running Primal Solver 028
Previous solution time 1000 not found and nothing deleted.
No finite volume options present

Starting time loop

Time = 1

U0 initRes: 2.57086673738305e-06 finalRes: 1.030896457092691e-08 nIters: 6
U1 initRes: 7.713549419629838e-06 finalRes: 6.679426388171672e-08 nIters: 6
U2 initRes: 2.466244494802421e-05 finalRes: 9.842588360713271e-08 nIters: 6
p initRes: 0.0002666609518953903 finalRes: 2.139380756913104e-06 nIters: 3
Time step continuity errors : sum local = 3.63964044523614e-05
                                 global = -5.948723511569305e-08
                             cumulative = -0.01189127413315735
T initRes: 1.899004970239902e-05 finalRes: 1.062244149176262e-07 nIters: 6
nuTilda initRes: 0.0002102300348359029 finalRes: 9.275412564942922e-07 nIters: 4
TP1: 88.11637970794486 final: 88.11637970794486
TP2: 35.77317802918942 final: 35.77317802918942
HFX: 301.8093882386742 final: 301.8093882386742
yPlus min: 1.853490736239195 max: 55.3265367838661 mean: 23.6704268998214
ExecutionTime = 140.17 s  ClockTime = 144 s

Time = 100

U0 initRes: 2.266556574711792e-06 finalRes: 1.015969833085394e-08 nIters: 6
U1 initRes: 5.544470641269659e-06 finalRes: 1.702880982524201e-08 nIters: 8
U2 initRes: 1.560563804854662e-05 finalRes: 9.477524800601736e-08 nIters: 6
p initRes: 0.0002058027083408363 finalRes: 7.553894796574577e-07 nIters: 3
Time step continuity errors : sum local = 1.285061415132808e-05
                                 global = -1.502855953844551e-07
                             cumulative = -0.01189142441875274
T initRes: 1.866751840781519e-05 finalRes: 1.057687355449031e-07 nIters: 6
nuTilda initRes: 0.0003620632574170529 finalRes: 8.154924876414208e-07 nIters: 4
TP1: 88.1182760792112 final: 88.1182760792112
TP2: 35.77316652948274 final: 35.77316652948274
HFX: 301.8137623595493 final: 301.8137623595493
yPlus min: 1.847151838291985 max: 55.32457140871962 mean: 23.67000741228005
ExecutionTime = 140.57 s  ClockTime = 145 s

Time = 200

U0 initRes: 2.246364192098855e-06 finalRes: 1.002659998623401e-08 nIters: 6
U1 initRes: 5.523550938910054e-06 finalRes: 1.699610207612645e-08 nIters: 8
U2 initRes: 1.550645318690022e-05 finalRes: 9.487906032030378e-08 nIters: 6
p initRes: 0.0002056219689064696 finalRes: 7.735724683014384e-07 nIters: 3
Time step continuity errors : sum local = 1.31599282075795e-05
                                 global = -2.178481126053291e-07
                             cumulative = -0.01189164226686534
T initRes: 1.864939111439095e-05 finalRes: 1.055233392495233e-07 nIters: 6
nuTilda initRes: 0.0003620254203729836 finalRes: 8.159391783285869e-07 nIters: 4
TP1: 88.11825527231376 final: 88.11825527231376
TP2: 35.77316406344341 final: 35.77316406344341
HFX: 301.8138470201977 final: 301.8138470201977
yPlus min: 1.847132060181148 max: 55.32458679933055 mean: 23.67000332213608
ExecutionTime = 140.96 s  ClockTime = 145 s

Time = 300

U0 initRes: 2.245754060467321e-06 finalRes: 1.003472850043807e-08 nIters: 6
U1 initRes: 5.522522785677492e-06 finalRes: 1.699781910800562e-08 nIters: 8
U2 initRes: 1.55049453505573e-05 finalRes: 9.487396922950985e-08 nIters: 6
p initRes: 0.0002056210022399498 finalRes: 7.738233268758393e-07 nIters: 3
Time step continuity errors : sum local = 1.3164196727594e-05
                                 global = -2.164027422846824e-07
                             cumulative = -0.01189185866960763
T initRes: 1.86491853187806e-05 finalRes: 1.055171340485656e-07 nIters: 6
nuTilda initRes: 0.0003620194217824181 finalRes: 8.160191550098048e-07 nIters: 4
TP1: 88.1182512985005 final: 88.1182512985005
TP2: 35.77316386585622 final: 35.77316386585622
HFX: 301.8138475359108 final: 301.8138475359108
yPlus min: 1.847131829063767 max: 55.32458670928313 mean: 23.67000353648924
ExecutionTime = 141.36 s  ClockTime = 145 s

Time = 400

U0 initRes: 2.245781954002793e-06 finalRes: 1.00345647514324e-08 nIters: 6
U1 initRes: 5.522605529427393e-06 finalRes: 1.699785894585174e-08 nIters: 8
U2 initRes: 1.550495784903212e-05 finalRes: 9.487371455474714e-08 nIters: 6
p initRes: 0.0002056207862197538 finalRes: 7.737891640509359e-07 nIters: 3
Time step continuity errors : sum local = 1.316361561602609e-05
                                 global = -2.166512821389365e-07
                             cumulative = -0.01189207532088977
T initRes: 1.864914883937065e-05 finalRes: 1.055182890637932e-07 nIters: 6
nuTilda initRes: 0.0003620196540907186 finalRes: 8.160116589334616e-07 nIters: 4
TP1: 88.11825152417104 final: 88.11825152417104
TP2: 35.7731638792937 final: 35.7731638792937
HFX: 301.8138472829893 final: 301.8138472829893
yPlus min: 1.847131900844182 max: 55.32458667349432 mean: 23.6700035398201
ExecutionTime = 141.76 s  ClockTime = 146 s

Time = 500

U0 initRes: 2.245781863033599e-06 finalRes: 1.003454072827513e-08 nIters: 6
U1 initRes: 5.52260485488483e-06 finalRes: 1.69978508661055e-08 nIters: 8
U2 initRes: 1.550496134017828e-05 finalRes: 9.487374511394123e-08 nIters: 6
p initRes: 0.0002056207951379349 finalRes: 7.737897514464643e-07 nIters: 3
Time step continuity errors : sum local = 1.316362558394948e-05
                                 global = -2.166446209143096e-07
                             cumulative = -0.01189229196551068
T initRes: 1.864914981254318e-05 finalRes: 1.055182579796352e-07 nIters: 6
nuTilda initRes: 0.0003620196584934114 finalRes: 8.160116771682211e-07 nIters: 4
TP1: 88.11825152784039 final: 88.11825152784039
TP2: 35.77316387935942 final: 35.77316387935942
HFX: 301.8138472938598 final: 301.8138472938598
yPlus min: 1.847131898186875 max: 55.32458667568051 mean: 23.67000353885488
ExecutionTime = 142.15 s  ClockTime = 146 s

Time = 600

U0 initRes: 2.24578176221308e-06 finalRes: 1.003454247402834e-08 nIters: 6
U1 initRes: 5.522604577251106e-06 finalRes: 1.69978511007101e-08 nIters: 8
U2 initRes: 1.550496112280601e-05 finalRes: 9.487374460242189e-08 nIters: 6
p initRes: 0.0002056207955139467 finalRes: 7.737898545390522e-07 nIters: 3
Time step continuity errors : sum local = 1.316362738502007e-05
                                 global = -2.166440887663488e-07
                             cumulative = -0.01189250860959945
T initRes: 1.864914989274233e-05 finalRes: 1.055182553358078e-07 nIters: 6
nuTilda initRes: 0.0003620196572651588 finalRes: 8.160117041440695e-07 nIters: 4
TP1: 88.1182515268159 final: 88.1182515268159
TP2: 35.7731638793067 final: 35.7731638793067
HFX: 301.8138472942954 final: 301.8138472942954
yPlus min: 1.847131898043344 max: 55.3245866757119 mean: 23.67000353888805
ExecutionTime = 142.56 s  ClockTime = 146 s

Time = 700

U0 initRes: 2.245781767455244e-06 finalRes: 1.003454248614413e-08 nIters: 6
U1 initRes: 5.522604592498473e-06 finalRes: 1.699785110130554e-08 nIters: 8
U2 initRes: 1.550496112044298e-05 finalRes: 9.487374452444861e-08 nIters: 6
p initRes: 0.0002056207954624759 finalRes: 7.737898334186643e-07 nIters: 3
Time step continuity errors : sum local = 1.316362691207435e-05
                                 global = -2.16644103372517e-07
                             cumulative = -0.01189272525370282
T initRes: 1.864914988389225e-05 finalRes: 1.05518254655605e-07 nIters: 6
nuTilda initRes: 0.0003620196573067462 finalRes: 8.160117027991891e-07 nIters: 4
TP1: 88.11825152685039 final: 88.11825152685039
TP2: 35.77316387930809 final: 35.77316387930809
HFX: 301.8138472942339 final: 301.8138472942339
yPlus min: 1.847131898061994 max: 55.32458667570212 mean: 23.67000353888999
ExecutionTime = 143 s  ClockTime = 147 s

Time = 800

U0 initRes: 2.245781767527949e-06 finalRes: 1.003454247193165e-08 nIters: 6
U1 initRes: 5.522604592161279e-06 finalRes: 1.699785111232057e-08 nIters: 8
U2 initRes: 1.550496112272396e-05 finalRes: 9.487374452890771e-08 nIters: 6
p initRes: 0.0002056207954595501 finalRes: 7.737898599081123e-07 nIters: 3
Time step continuity errors : sum local = 1.316362740722825e-05
                                 global = -2.166441361486236e-07
                             cumulative = -0.01189294189783897
T initRes: 1.864914988469386e-05 finalRes: 1.055182547110211e-07 nIters: 6
nuTilda initRes: 0.0003620196573094919 finalRes: 8.160117027690272e-07 nIters: 4
TP1: 88.11825152686343 final: 88.11825152686343
TP2: 35.77316387930829 final: 35.77316387930829
HFX: 301.813847294235 final: 301.813847294235
yPlus min: 1.847131898061392 max: 55.32458667570262 mean: 23.67000353888979
ExecutionTime = 143.38 s  ClockTime = 147 s

Time = 900

U0 initRes: 2.245781767780069e-06 finalRes: 1.00345424769107e-08 nIters: 6
U1 initRes: 5.522604593163949e-06 finalRes: 1.699785110258447e-08 nIters: 8
U2 initRes: 1.550496112067169e-05 finalRes: 9.487374452175957e-08 nIters: 6
p initRes: 0.0002056207954727192 finalRes: 7.737898435687226e-07 nIters: 3
Time step continuity errors : sum local = 1.316362723241876e-05
                                 global = -2.166440482092231e-07
                             cumulative = -0.01189315854188718
T initRes: 1.86491498842058e-05 finalRes: 1.055182552309802e-07 nIters: 6
nuTilda initRes: 0.0003620196573091677 finalRes: 8.160117027818059e-07 nIters: 4
TP1: 88.11825152685664 final: 88.11825152685664
TP2: 35.773163879309 final: 35.773163879309
HFX: 301.8138472942366 final: 301.8138472942366
yPlus min: 1.847131898061075 max: 55.32458667570262 mean: 23.67000353888982
ExecutionTime = 143.78 s  ClockTime = 148 s

Time = 1000

U0 initRes: 2.24578176712849e-06 finalRes: 1.003454247838335e-08 nIters: 6
U1 initRes: 5.522604592444967e-06 finalRes: 1.699785112388106e-08 nIters: 8
U2 initRes: 1.55049611217891e-05 finalRes: 9.487374453195937e-08 nIters: 6
p initRes: 0.0002056207954676769 finalRes: 7.737898622581559e-07 nIters: 3
Time step continuity errors : sum local = 1.316362756503787e-05
                                 global = -2.166441941376957e-07
                             cumulative = -0.01189337518608131
T initRes: 1.864914988566209e-05 finalRes: 1.055182566844188e-07 nIters: 6
nuTilda initRes: 0.0003620196573092257 finalRes: 8.160117027719213e-07 nIters: 4
TP1: 88.11825152684128 final: 88.11825152684128
TP2: 35.77316387930946 final: 35.77316387930946
HFX: 301.8138472942363 final: 301.8138472942363
yPlus min: 1.84713189806074 max: 55.32458667570287 mean: 23.67000353888998
ExecutionTime = 144.14 s  ClockTime = 148 s

End

Moving time 1000 to 0.0028
Printing Primal Residual Statistics.
U Residual Norm2: (28.34751383081186 24.90440308324024 11.62176675997433)
U Residual Mean: (0.04089176753041811 0.03273634183924427 0.01525178556778528)
U Residual Max: (12.97976168154581 11.01010028145538 8.184001607847117)
p Residual Norm2: 8.195879561999874
p Residual Mean: 0.01414248014918352
p Residual Max: 2.849485129700965
T Residual Norm2: 43.50064212839921
T Residual Mean: 0.05142246113165162
T Residual Max: 20.59490965479951
nuTilda Residual Norm2: 0.4913633391506828
nuTilda Residual Mean: 0.0004757627754752464
nuTilda Residual Max: 0.2386527584220227
phi Residual Norm2: 0.04814574532022389
phi Residual Mean: 2.610518699149834e-05
phi Residual Max: 0.02971919707491914
Total Residual Norm2: 59.31777439575377
 
 
DAInputVolCoord. 
Setting volume coordinates. 
Checking mesh quality for time = 1000
    Overall domain bounding box (-2.314705413108625e-10 -0.09450000000000007 -1.026369754761308e-06) (0.8444999999959549 0.09450000000000008 0.03750000000000003)
    Mesh has 3 geometric (non-empty/wedge) directions (1 1 1)
    Mesh has 3 solution (non-empty) directions (1 1 1)
    Boundary openness (1.062332814505315e-17 -7.096812690491521e-18 -8.108393474679051e-17) OK.
    Max cell openness = 3.980460277751875e-16 OK.
    Max aspect ratio = 69.08288552383797 OK.
    Minimum face area = 1.673060793748628e-06. Maximum face area = 0.001155837989892188.  Face area magnitudes OK.
    Min volume = 5.879982038957816e-09. Max volume = 1.309214550625991e-05.  Total volume = 0.004719831612246951.  Cell volumes OK.
    Mesh non-orthogonality Max: 3.512282833361098 average: 0.2800807849953271
    Non-orthogonality check OK.
    Face pyramids OK.
    Max skewness = 0.2181451815458041 OK.
    Coupled point location match (average 0) OK.

Mesh OK.

Running Primal Solver 029
Previous solution time 1000 not found and nothing deleted.
No finite volume options present

Starting time loop

Time = 1

U0 initRes: 2.667086884882223e-06 finalRes: 1.033096805029983e-08 nIters: 6
U1 initRes: 7.933414707237399e-06 finalRes: 6.682609172405847e-08 nIters: 6
U2 initRes: 2.764920101047356e-05 finalRes: 1.054103350903042e-07 nIters: 6
p initRes: 0.0002768829991702389 finalRes: 1.896976516685278e-06 nIters: 5
Time step continuity errors : sum local = 3.227308018451513e-05
                                 global = -2.120224651799657e-06
                             cumulative = -0.01189549541073311
T initRes: 1.913263455312735e-05 finalRes: 1.048873228066533e-07 nIters: 6
nuTilda initRes: 0.0002102658378260917 finalRes: 9.275334245469349e-07 nIters: 4
TP1: 88.1186805153078 final: 88.1186805153078
TP2: 35.7731588055666 final: 35.7731588055666
HFX: 301.8093465839785 final: 301.8093465839785
yPlus min: 1.857508139008662 max: 55.3248570552347 mean: 23.67035832176782
ExecutionTime = 144.26 s  ClockTime = 148 s

Time = 100

U0 initRes: 2.248543116041848e-06 finalRes: 1.000900371383261e-08 nIters: 6
U1 initRes: 5.530453996820255e-06 finalRes: 1.698297979444194e-08 nIters: 8
U2 initRes: 1.556686713494092e-05 finalRes: 9.475454612593994e-08 nIters: 6
p initRes: 0.0002059693691969136 finalRes: 1.345156165819583e-06 nIters: 3
Time step continuity errors : sum local = 2.288318606611017e-05
                                 global = 1.743575237600481e-07
                             cumulative = -0.01189532105320936
T initRes: 1.865928178369482e-05 finalRes: 1.053732386688476e-07 nIters: 6
nuTilda initRes: 0.0003620867013608186 finalRes: 8.166332420891312e-07 nIters: 4
TP1: 88.11849840723677 final: 88.11849840723677
TP2: 35.77316991194076 final: 35.77316991194076
HFX: 301.8134580440522 final: 301.8134580440522
yPlus min: 1.844564598957612 max: 55.32549283196577 mean: 23.66997240550531
ExecutionTime = 144.62 s  ClockTime = 149 s

Time = 200

U0 initRes: 2.238065720483312e-06 finalRes: 1.008401713415246e-08 nIters: 6
U1 initRes: 5.526139197759068e-06 finalRes: 1.701266306297182e-08 nIters: 8
U2 initRes: 1.549165174360531e-05 finalRes: 9.458564950198802e-08 nIters: 6
p initRes: 0.0002057116756305829 finalRes: 1.323457045275049e-06 nIters: 3
Time step continuity errors : sum local = 2.251408109995228e-05
                                 global = 2.248138985164198e-07
                             cumulative = -0.01189509623931084
T initRes: 1.863480730392483e-05 finalRes: 1.054871608874958e-07 nIters: 6
nuTilda initRes: 0.0003620523990671252 finalRes: 8.161781287870142e-07 nIters: 4
TP1: 88.11849634569197 final: 88.11849634569197
TP2: 35.77317126360511 final: 35.77317126360511
HFX: 301.8134000296237 final: 301.8134000296237
yPlus min: 1.844579334173269 max: 55.32548191591675 mean: 23.66997649630406
ExecutionTime = 145 s  ClockTime = 149 s

Time = 300

U0 initRes: 2.238027939973233e-06 finalRes: 1.007571341786374e-08 nIters: 6
U1 initRes: 5.527053488576442e-06 finalRes: 1.701123013391825e-08 nIters: 8
U2 initRes: 1.549252178326676e-05 finalRes: 9.458921875486045e-08 nIters: 6
p initRes: 0.0002057107515415726 finalRes: 1.321047296648469e-06 nIters: 3
Time step continuity errors : sum local = 2.247308621091658e-05
                                 global = 2.232300365851085e-07
                             cumulative = -0.01189487300927425
T initRes: 1.863393680519353e-05 finalRes: 1.05494919974061e-07 nIters: 6
nuTilda initRes: 0.0003620536704279584 finalRes: 8.160756789124747e-07 nIters: 4
TP1: 88.11850045542481 final: 88.11850045542481
TP2: 35.77317147493418 final: 35.77317147493418
HFX: 301.8133989994736 final: 301.8133989994736
yPlus min: 1.844579657161625 max: 55.3254819419543 mean: 23.66997630843327
ExecutionTime = 145.44 s  ClockTime = 149 s

Time = 400

U0 initRes: 2.237995125093185e-06 finalRes: 1.007579686614225e-08 nIters: 6
U1 initRes: 5.526977684066131e-06 finalRes: 1.701117969361011e-08 nIters: 8
U2 initRes: 1.549245071118917e-05 finalRes: 9.458959282769917e-08 nIters: 6
p initRes: 0.0002057108603665565 finalRes: 1.321240835536889e-06 nIters: 3
Time step continuity errors : sum local = 2.247637851860459e-05
                                 global = 2.231364088306868e-07
                             cumulative = -0.01189464987286542
T initRes: 1.863396734505838e-05 finalRes: 1.054938449103508e-07 nIters: 6
nuTilda initRes: 0.0003620534425499127 finalRes: 8.160828061031556e-07 nIters: 4
TP1: 88.11850025257321 final: 88.11850025257321
TP2: 35.77317145939506 final: 35.77317145939506
HFX: 301.8133992570322 final: 301.8133992570322
yPlus min: 1.844579587997477 max: 55.3254819781956 mean: 23.66997630363013
ExecutionTime = 145.87 s  ClockTime = 150 s

Time = 500

U0 initRes: 2.237995499732737e-06 finalRes: 1.007582276431862e-08 nIters: 6
U1 initRes: 5.526978087643026e-06 finalRes: 1.701118756428285e-08 nIters: 8
U2 initRes: 1.549244909318484e-05 finalRes: 9.458956005299797e-08 nIters: 6
p initRes: 0.0002057108508238576 finalRes: 1.321239258507428e-06 nIters: 3
Time step continuity errors : sum local = 2.247635169133282e-05
                                 global = 2.231469939469786e-07
                             cumulative = -0.01189442672587148
T initRes: 1.863396658373313e-05 finalRes: 1.054938708917542e-07 nIters: 6
nuTilda initRes: 0.0003620534378047798 finalRes: 8.160828158238718e-07 nIters: 4
TP1: 88.11850024800877 final: 88.11850024800877
TP2: 35.77317145942789 final: 35.77317145942789
HFX: 301.8133992472934 final: 301.8133992472934
yPlus min: 1.844579590416793 max: 55.32548197619077 mean: 23.66997630457179
ExecutionTime = 146.36 s  ClockTime = 150 s

Time = 600

U0 initRes: 2.237995587587613e-06 finalRes: 1.007582111359152e-08 nIters: 6
U1 initRes: 5.526978345690244e-06 finalRes: 1.701118734237521e-08 nIters: 8
U2 initRes: 1.549244943217779e-05 finalRes: 9.458956037638029e-08 nIters: 6
p initRes: 0.0002057108509251966 finalRes: 1.32123863635827e-06 nIters: 3
Time step continuity errors : sum local = 2.247634111345117e-05
                                 global = 2.231468469325676e-07
                             cumulative = -0.01189420357902454
T initRes: 1.863396650561101e-05 finalRes: 1.054938732296994e-07 nIters: 6
nuTilda initRes: 0.0003620534387336236 finalRes: 8.160827889311656e-07 nIters: 4
TP1: 88.11850024899563 final: 88.11850024899563
TP2: 35.77317145948302 final: 35.77317145948302
HFX: 301.8133992468444 final: 301.8133992468444
yPlus min: 1.84457959054534 max: 55.32548197616041 mean: 23.66997630454037
ExecutionTime = 146.85 s  ClockTime = 151 s

Time = 700

U0 initRes: 2.23799558174565e-06 finalRes: 1.007582109790115e-08 nIters: 6
U1 initRes: 5.526978331299529e-06 finalRes: 1.701118732115135e-08 nIters: 8
U2 initRes: 1.549244942061731e-05 finalRes: 9.458956048171908e-08 nIters: 6
p initRes: 0.0002057108509495015 finalRes: 1.321238685720883e-06 nIters: 3
Time step continuity errors : sum local = 2.247634201292574e-05
                                 global = 2.231469494599377e-07
                             cumulative = -0.01189398043207508
T initRes: 1.863396651307583e-05 finalRes: 1.054938734473642e-07 nIters: 6
nuTilda initRes: 0.0003620534387032315 finalRes: 8.160827902956314e-07 nIters: 4
TP1: 88.11850024897555 final: 88.11850024897555
TP2: 35.77317145948047 final: 35.77317145948047
HFX: 301.8133992469049 final: 301.8133992469049
yPlus min: 1.844579590528568 max: 55.32548197616953 mean: 23.66997630453859
ExecutionTime = 147.3 s  ClockTime = 151 s

Time = 800

U0 initRes: 2.237995581220087e-06 finalRes: 1.007582110381423e-08 nIters: 6
U1 initRes: 5.526978330594913e-06 finalRes: 1.701118732349477e-08 nIters: 8
U2 initRes: 1.54924494193166e-05 finalRes: 9.458956047558708e-08 nIters: 6
p initRes: 0.0002057108509431093 finalRes: 1.321238666709129e-06 nIters: 3
Time step continuity errors : sum local = 2.247634167526402e-05
                                 global = 2.231467856870696e-07
                             cumulative = -0.0118937572852894
T initRes: 1.863396651391329e-05 finalRes: 1.054938740021505e-07 nIters: 6
nuTilda initRes: 0.0003620534387005401 finalRes: 8.160827903208096e-07 nIters: 4
TP1: 88.11850024896356 final: 88.11850024896356
TP2: 35.77317145948043 final: 35.77317145948043
HFX: 301.8133992469042 final: 301.8133992469042
yPlus min: 1.844579590529145 max: 55.32548197616925 mean: 23.66997630453886
ExecutionTime = 147.69 s  ClockTime = 152 s

Time = 900

U0 initRes: 2.237995581991368e-06 finalRes: 1.007582111119268e-08 nIters: 6
U1 initRes: 5.526978331297421e-06 finalRes: 1.701118732179166e-08 nIters: 8
U2 initRes: 1.54924494204888e-05 finalRes: 9.458956047696002e-08 nIters: 6
p initRes: 0.0002057108509526112 finalRes: 1.321238662046981e-06 nIters: 3
Time step continuity errors : sum local = 2.247634158624437e-05
                                 global = 2.231467934764516e-07
                             cumulative = -0.01189353413849592
T initRes: 1.863396651316229e-05 finalRes: 1.054938726901193e-07 nIters: 6
nuTilda initRes: 0.000362053438701254 finalRes: 8.160827903164076e-07 nIters: 4
TP1: 88.11850024895507 final: 88.11850024895507
TP2: 35.77317145948004 final: 35.77317145948004
HFX: 301.8133992469037 final: 301.8133992469037
yPlus min: 1.844579590530262 max: 55.32548197616924 mean: 23.66997630453891
ExecutionTime = 148.08 s  ClockTime = 152 s

Time = 1000

U0 initRes: 2.237995582065568e-06 finalRes: 1.00758211103654e-08 nIters: 6
U1 initRes: 5.526978330573291e-06 finalRes: 1.701118731752274e-08 nIters: 8
U2 initRes: 1.549244941999549e-05 finalRes: 9.458956046751444e-08 nIters: 6
p initRes: 0.0002057108509591972 finalRes: 1.321238666982339e-06 nIters: 3
Time step continuity errors : sum local = 2.247634165610299e-05
                                 global = 2.231468475628687e-07
                             cumulative = -0.01189331099164836
T initRes: 1.863396651360854e-05 finalRes: 1.05493873843785e-07 nIters: 6
nuTilda initRes: 0.0003620534387018684 finalRes: 8.160827903171361e-07 nIters: 4
TP1: 88.11850024895243 final: 88.11850024895243
TP2: 35.77317145947997 final: 35.77317145947997
HFX: 301.8133992469033 final: 301.8133992469033
yPlus min: 1.844579590528352 max: 55.32548197616915 mean: 23.6699763045388
ExecutionTime = 148.47 s  ClockTime = 152 s

End

Moving time 1000 to 0.0029
Printing Primal Residual Statistics.
U Residual Norm2: (28.35422107807011 24.90625036485244 11.63250119014024)
U Residual Mean: (0.04087758477168628 0.03278340535821093 0.0152722193539653)
U Residual Max: (12.97876085380447 11.01005668712735 8.192491088599185)
p Residual Norm2: 8.197365518016809
p Residual Mean: 0.0141490071581788
p Residual Max: 2.849210383015861
T Residual Norm2: 43.50832579772185
T Residual Mean: 0.05142038419888834
T Residual Max: 20.60233155728973
nuTilda Residual Norm2: 0.4913944604688503
nuTilda Residual Mean: 0.0004757971263796344
nuTilda Residual Max: 0.2386551476732519
phi Residual Norm2: 0.04817089463707267
phi Residual Mean: 2.605195045688824e-05
phi Residual Max: 0.02972874720873802
Total Residual Norm2: 59.3296995460701
 
 
DAInputVolCoord. 
Setting volume coordinates. 
Checking mesh quality for time = 1000
    Overall domain bounding box (2.144260689291742e-38 -0.09450000000000007 -1.708839256854527e-07) (0.8445039730178197 0.09450000000000008 0.03750000000000003)
    Mesh has 3 geometric (non-empty/wedge) directions (1 1 1)
    Mesh has 3 solution (non-empty) directions (1 1 1)
    Boundary openness (-6.027384041515617e-18 -7.307787747714303e-18 -1.810099026825707e-17) OK.
    Max cell openness = 4.551280502035629e-16 OK.
    Max aspect ratio = 69.08288552648774 OK.
    Minimum face area = 1.67072477277327e-06. Maximum face area = 0.001155838033953233.  Face area magnitudes OK.
    Min volume = 5.87998496805527e-09. Max volume = 1.309214460143736e-05.  Total volume = 0.004719833397765503.  Cell volumes OK.
    Mesh non-orthogonality Max: 3.512284091520886 average: 0.2802792706707786
    Non-orthogonality check OK.
    Face pyramids OK.
    Max skewness = 0.2182341440933957 OK.
    Coupled point location match (average 0) OK.

Mesh OK.

Running Primal Solver 030
Previous solution time 1000 not found and nothing deleted.
No finite volume options present

Starting time loop

Time = 1

U0 initRes: 3.19413611190547e-06 finalRes: 1.199210765389443e-08 nIters: 6
U1 initRes: 2.271075338183872e-05 finalRes: 1.099615382083947e-07 nIters: 6
U2 initRes: 0.0001180926525437318 finalRes: 1.147961145703166e-06 nIters: 4
p initRes: 0.0004671361926067532 finalRes: 2.39017106567523e-06 nIters: 4
Time step continuity errors : sum local = 4.066263711325528e-05
                                 global = 3.569234623188191e-07
                             cumulative = -0.01189295406818604
T initRes: 2.4678090013852e-05 finalRes: 1.172361927202645e-07 nIters: 6
nuTilda initRes: 0.0002129978748000679 finalRes: 9.463124069582579e-07 nIters: 4
TP1: 88.08654843202233 final: 88.08654843202233
TP2: 35.77317237946287 final: 35.77317237946287
HFX: 301.81023032122 final: 301.81023032122
yPlus min: 1.838618536624473 max: 55.32514951655244 mean: 23.67028957148576
ExecutionTime = 148.6 s  ClockTime = 153 s

Time = 100

U0 initRes: 2.297376437535164e-06 finalRes: 1.031342948684354e-08 nIters: 6
U1 initRes: 5.587563392528364e-06 finalRes: 1.701365973289521e-08 nIters: 8
U2 initRes: 1.572792470496632e-05 finalRes: 9.491125813926761e-08 nIters: 6
p initRes: 0.0002061743983980318 finalRes: 6.978951395122363e-07 nIters: 3
Time step continuity errors : sum local = 1.187220005881725e-05
                                 global = 2.542896118041742e-07
                             cumulative = -0.01189269977857423
T initRes: 1.867581501787747e-05 finalRes: 1.060024508535566e-07 nIters: 6
nuTilda initRes: 0.0003623608665744688 finalRes: 8.15805302490742e-07 nIters: 4
TP1: 88.11894380759057 final: 88.11894380759057
TP2: 35.77320525789944 final: 35.77320525789944
HFX: 301.8120435252988 final: 301.8120435252988
yPlus min: 1.827613989641773 max: 55.32499513949413 mean: 23.66974821489498
ExecutionTime = 149.01 s  ClockTime = 153 s

Time = 200

U0 initRes: 2.245020321274237e-06 finalRes: 9.996931129269365e-09 nIters: 6
U1 initRes: 5.522464932141635e-06 finalRes: 1.700104117388469e-08 nIters: 8
U2 initRes: 1.550852928793419e-05 finalRes: 9.489334480868879e-08 nIters: 6
p initRes: 0.0002056460117181069 finalRes: 7.073821843184216e-07 nIters: 3
Time step continuity errors : sum local = 1.203358977860963e-05
                                 global = 2.52617674983085e-07
                             cumulative = -0.01189244716089925
T initRes: 1.865357799061068e-05 finalRes: 1.055002122230374e-07 nIters: 6
nuTilda initRes: 0.0003621297691515829 finalRes: 8.160963160146158e-07 nIters: 4
TP1: 88.11882796884329 final: 88.11882796884329
TP2: 35.77319778047224 final: 35.77319778047224
HFX: 301.8121425308162 final: 301.8121425308162
yPlus min: 1.827586484925312 max: 55.32500687704725 mean: 23.66974903404149
ExecutionTime = 149.34 s  ClockTime = 153 s

Time = 300

U0 initRes: 2.244936078502361e-06 finalRes: 1.00053120027929e-08 nIters: 6
U1 initRes: 5.523160527802558e-06 finalRes: 1.700431881500672e-08 nIters: 8
U2 initRes: 1.550630009374376e-05 finalRes: 9.488009587082759e-08 nIters: 6
p initRes: 0.000205637577869545 finalRes: 7.067717215011126e-07 nIters: 3
Time step continuity errors : sum local = 1.202320660826207e-05
                                 global = 2.553642777470068e-07
                             cumulative = -0.0118921917966215
T initRes: 1.865201833782789e-05 finalRes: 1.05520746275258e-07 nIters: 6
nuTilda initRes: 0.0003621280886546286 finalRes: 8.160173821256829e-07 nIters: 4
TP1: 88.11882862633142 final: 88.11882862633142
TP2: 35.77319795026003 final: 35.77319795026003
HFX: 301.8121362431573 final: 301.8121362431573
yPlus min: 1.827588112137715 max: 55.32500577220664 mean: 23.6697494079843
ExecutionTime = 149.63 s  ClockTime = 154 s

Time = 400

U0 initRes: 2.244959050908052e-06 finalRes: 1.000452380323736e-08 nIters: 6
U1 initRes: 5.5232574863935e-06 finalRes: 1.700415834007944e-08 nIters: 8
U2 initRes: 1.550640586044835e-05 finalRes: 9.488053702265721e-08 nIters: 6
p initRes: 0.000205637564260412 finalRes: 7.067383971931519e-07 nIters: 3
Time step continuity errors : sum local = 1.20226395798076e-05
                                 global = 2.552384445870697e-07
                             cumulative = -0.01189193655817692
T initRes: 1.865197968687078e-05 finalRes: 1.05521449153823e-07 nIters: 6
nuTilda initRes: 0.0003621284860811342 finalRes: 8.160078960951995e-07 nIters: 4
TP1: 88.11882903864903 final: 88.11882903864903
TP2: 35.77319797085584 final: 35.77319797085584
HFX: 301.8121361748076 final: 301.8121361748076
yPlus min: 1.82758813868815 max: 55.32500578072838 mean: 23.66974938719552
ExecutionTime = 149.92 s  ClockTime = 154 s

Time = 500

U0 initRes: 2.244955962656539e-06 finalRes: 1.000452968091305e-08 nIters: 6
U1 initRes: 5.523249109386973e-06 finalRes: 1.700415362692139e-08 nIters: 8
U2 initRes: 1.550640513721322e-05 finalRes: 9.488056503668752e-08 nIters: 6
p initRes: 0.0002056375817029519 finalRes: 7.067421796279231e-07 nIters: 3
Time step continuity errors : sum local = 1.202270386010781e-05
                                 global = 2.552337845477987e-07
                             cumulative = -0.01189168132439237
T initRes: 1.865198288430653e-05 finalRes: 1.055213339285939e-07 nIters: 6
nuTilda initRes: 0.0003621284614928495 finalRes: 8.160086282618662e-07 nIters: 4
TP1: 88.11882901675698 final: 88.11882901675698
TP2: 35.77319796925073 final: 35.77319796925073
HFX: 301.8121362015692 final: 301.8121362015692
yPlus min: 1.827588131380628 max: 55.32500578445187 mean: 23.66974938679125
ExecutionTime = 150.22 s  ClockTime = 154 s

Time = 600

U0 initRes: 2.244955990196272e-06 finalRes: 1.000453235928196e-08 nIters: 6
U1 initRes: 5.523249136398012e-06 finalRes: 1.700415444259441e-08 nIters: 8
U2 initRes: 1.550640477432405e-05 finalRes: 9.488056208123692e-08 nIters: 6
p initRes: 0.0002056375809330659 finalRes: 7.067421295111789e-07 nIters: 3
Time step continuity errors : sum local = 1.202270301327625e-05
                                 global = 2.552345226643088e-07
                             cumulative = -0.0118914260898697
T initRes: 1.865198278292395e-05 finalRes: 1.055213369538098e-07 nIters: 6
nuTilda initRes: 0.0003621284608518584 finalRes: 8.160086294069501e-07 nIters: 4
TP1: 88.11882901623233 final: 88.11882901623233
TP2: 35.77319796924957 final: 35.77319796924957
HFX: 301.812136200572 final: 301.812136200572
yPlus min: 1.827588131622356 max: 55.32500578424626 mean: 23.66974938688755
ExecutionTime = 150.5 s  ClockTime = 155 s

Time = 700

U0 initRes: 2.244956000077612e-06 finalRes: 1.000453220243679e-08 nIters: 6
U1 initRes: 5.523249166404143e-06 finalRes: 1.700415441798884e-08 nIters: 8
U2 initRes: 1.550640479350592e-05 finalRes: 9.488056212097981e-08 nIters: 6
p initRes: 0.0002056375808934176 finalRes: 7.067421152613937e-07 nIters: 3
Time step continuity errors : sum local = 1.2022702737504e-05
                                 global = 2.552344794462145e-07
                             cumulative = -0.01189117085539026
T initRes: 1.865198277713136e-05 finalRes: 1.055213364319138e-07 nIters: 6
nuTilda initRes: 0.0003621284609704333 finalRes: 8.16008626617954e-07 nIters: 4
TP1: 88.11882901634189 final: 88.11882901634189
TP2: 35.77319796925605 final: 35.77319796925605
HFX: 301.8121362005193 final: 301.8121362005193
yPlus min: 1.827588131638477 max: 55.32500578424214 mean: 23.66974938688467
ExecutionTime = 150.79 s  ClockTime = 155 s

Time = 800

U0 initRes: 2.244955998072418e-06 finalRes: 1.000453219594971e-08 nIters: 6
U1 initRes: 5.523249164108459e-06 finalRes: 1.700415442035778e-08 nIters: 8
U2 initRes: 1.550640479447732e-05 finalRes: 9.488056213361986e-08 nIters: 6
p initRes: 0.0002056375808817041 finalRes: 7.067421195793633e-07 nIters: 3
Time step continuity errors : sum local = 1.202270281503378e-05
                                 global = 2.552345535637194e-07
                             cumulative = -0.01189091562083669
T initRes: 1.865198277900345e-05 finalRes: 1.055213371895856e-07 nIters: 6
nuTilda initRes: 0.0003621284609665876 finalRes: 8.160086267691502e-07 nIters: 4
TP1: 88.11882901633351 final: 88.11882901633351
TP2: 35.77319796925522 final: 35.77319796925522
HFX: 301.812136200526 final: 301.812136200526
yPlus min: 1.827588131637774 max: 55.32500578424309 mean: 23.66974938688455
ExecutionTime = 151.08 s  ClockTime = 155 s

Time = 900

U0 initRes: 2.244955998794383e-06 finalRes: 1.000453219597609e-08 nIters: 6
U1 initRes: 5.523249164944083e-06 finalRes: 1.700415442680395e-08 nIters: 8
U2 initRes: 1.550640479390453e-05 finalRes: 9.488056211543831e-08 nIters: 6
p initRes: 0.0002056375808852485 finalRes: 7.067421299833294e-07 nIters: 3
Time step continuity errors : sum local = 1.202270297820799e-05
                                 global = 2.552344879320557e-07
                             cumulative = -0.01189066038634876
T initRes: 1.865198277828483e-05 finalRes: 1.05521339488788e-07 nIters: 6
nuTilda initRes: 0.00036212846096652 finalRes: 8.160086267725135e-07 nIters: 4
TP1: 88.11882901637055 final: 88.11882901637055
TP2: 35.77319796925432 final: 35.77319796925432
HFX: 301.8121362005238 final: 301.8121362005238
yPlus min: 1.827588131636428 max: 55.32500578424273 mean: 23.66974938688431
ExecutionTime = 151.37 s  ClockTime = 155 s

Time = 1000

U0 initRes: 2.244955999174877e-06 finalRes: 1.000453219670244e-08 nIters: 6
U1 initRes: 5.523249164028441e-06 finalRes: 1.700415441400993e-08 nIters: 8
U2 initRes: 1.550640479397724e-05 finalRes: 9.488056212412602e-08 nIters: 6
p initRes: 0.0002056375808929547 finalRes: 7.067421203755593e-07 nIters: 3
Time step continuity errors : sum local = 1.202270286167348e-05
                                 global = 2.552344750208386e-07
                             cumulative = -0.01189040515187374
T initRes: 1.865198277791064e-05 finalRes: 1.05521336629816e-07 nIters: 6
nuTilda initRes: 0.0003621284609665172 finalRes: 8.160086267645712e-07 nIters: 4
TP1: 88.11882901635747 final: 88.11882901635747
TP2: 35.77319796925497 final: 35.77319796925497
HFX: 301.8121362005244 final: 301.8121362005244
yPlus min: 1.827588131638415 max: 55.3250057842428 mean: 23.66974938688437
ExecutionTime = 151.69 s  ClockTime = 156 s

End

Moving time 1000 to 0.003
Printing Primal Residual Statistics.
U Residual Norm2: (28.35107674004162 24.90702718943579 11.62234961619949)
U Residual Mean: (0.04088370463475007 0.03273049530129062 0.01524729560298984)
U Residual Max: (12.97920873227255 11.01214797852015 8.187407662299293)
p Residual Norm2: 8.196892393246438
p Residual Mean: 0.01414175999335191
p Residual Max: 2.849842532576638
T Residual Norm2: 43.50893689017985
T Residual Mean: 0.05142255891719415
T Residual Max: 20.60388838418676
nuTilda Residual Norm2: 0.491415363012685
nuTilda Residual Mean: 0.0004757203016161759
nuTilda Residual Max: 0.2386839996406518
phi Residual Norm2: 0.04815333110492542
phi Residual Mean: 2.610710594835137e-05
phi Residual Max: 0.02971773822702915
Total Residual Norm2: 59.32691639010586
 
 
DAInputVolCoord. 
Setting volume coordinates. 
Checking mesh quality for time = 1000
    Overall domain bounding box (-8.454637571221867e-10 -0.09450000000000007 -7.814679647522523e-07) (0.8445 0.09450000000000008 0.03750000000000003)
    Mesh has 3 geometric (non-empty/wedge) directions (1 1 1)
    Mesh has 3 solution (non-empty) directions (1 1 1)
    Boundary openness (4.732572505040391e-18 2.204373958107373e-18 -1.173563217770026e-16) OK.
    Max cell openness = 3.721307195970501e-16 OK.
    Max aspect ratio = 69.08288552204924 OK.
    Minimum face area = 1.670682263605425e-06. Maximum face area = 0.001155837991948239.  Face area magnitudes OK.
    Min volume = 5.871925045020249e-09. Max volume = 1.309215119118799e-05.  Total volume = 0.00471983364776185.  Cell volumes OK.
    Mesh non-orthogonality Max: 3.512282683653661 average: 0.2802833702652353
    Non-orthogonality check OK.
    Face pyramids OK.
    Max skewness = 0.2181746900903801 OK.
    Coupled point location match (average 0) OK.

Mesh OK.

Running Primal Solver 031
Previous solution time 1000 not found and nothing deleted.
No finite volume options present

Starting time loop

Time = 1

U0 initRes: 4.042823275008881e-06 finalRes: 1.334240829134467e-08 nIters: 6
U1 initRes: 3.760007421772953e-05 finalRes: 1.470433216785303e-07 nIters: 6
U2 initRes: 0.000220538683565968 finalRes: 1.984324644223039e-06 nIters: 4
p initRes: 0.0006881926120888583 finalRes: 4.877660726635409e-06 nIters: 8
Time step continuity errors : sum local = 8.298059855166413e-05
                                 global = 5.98500345780447e-06
                             cumulative = -0.01188442014841594
T initRes: 3.09891071926253e-05 finalRes: 1.368018883196367e-07 nIters: 6
nuTilda initRes: 0.0002162928213514684 finalRes: 9.715409029873483e-07 nIters: 4
TP1: 88.1859634480773 final: 88.1859634480773
TP2: 35.77321208380165 final: 35.77321208380165
HFX: 301.8053729469393 final: 301.8053729469393
yPlus min: 1.862838287481015 max: 55.32540701053825 mean: 23.67024344068279
ExecutionTime = 151.83 s  ClockTime = 156 s

Time = 100

U0 initRes: 2.3290491123027e-06 finalRes: 1.066624183578807e-08 nIters: 6
U1 initRes: 5.610152749756165e-06 finalRes: 1.70975356205772e-08 nIters: 8
U2 initRes: 1.611309023644185e-05 finalRes: 9.475155057658111e-08 nIters: 6
p initRes: 0.0002078183581835149 finalRes: 1.506518926320184e-06 nIters: 3
Time step continuity errors : sum local = 2.562902713662546e-05
                                 global = -1.59037305386844e-07
                             cumulative = -0.01188457918572132
T initRes: 1.876882625145347e-05 finalRes: 1.050794145649892e-07 nIters: 6
nuTilda initRes: 0.0003622821036146804 finalRes: 8.228709568738355e-07 nIters: 4
TP1: 88.11759130988085 final: 88.11759130988085
TP2: 35.7731215181341 final: 35.7731215181341
HFX: 301.8152035573256 final: 301.8152035573256
yPlus min: 1.863897769421709 max: 55.32506386661399 mean: 23.67024287405927
ExecutionTime = 152.27 s  ClockTime = 156 s

Time = 200

U0 initRes: 2.243013103312529e-06 finalRes: 1.010569708960259e-08 nIters: 6
U1 initRes: 5.532925602698935e-06 finalRes: 1.700882317592473e-08 nIters: 8
U2 initRes: 1.548545014985472e-05 finalRes: 9.454467582768632e-08 nIters: 6
p initRes: 0.0002057148236998829 finalRes: 1.296038573383941e-06 nIters: 3
Time step continuity errors : sum local = 2.204824465148077e-05
                                 global = 2.569689039745485e-07
                             cumulative = -0.01188432221681735
T initRes: 1.862896549139182e-05 finalRes: 1.056070208761347e-07 nIters: 6
nuTilda initRes: 0.0003619807548869002 finalRes: 8.156716289268397e-07 nIters: 4
TP1: 88.11787724007651 final: 88.11787724007651
TP2: 35.7731387758122 final: 35.7731387758122
HFX: 301.8150926957413 final: 301.8150926957413
yPlus min: 1.863930771703739 max: 55.32505989980573 mean: 23.67023190220465
ExecutionTime = 152.7 s  ClockTime = 157 s

Time = 300

U0 initRes: 2.234494168103605e-06 finalRes: 1.006321884896944e-08 nIters: 6
U1 initRes: 5.522552699924617e-06 finalRes: 1.700483053030263e-08 nIters: 8
U2 initRes: 1.546405963758208e-05 finalRes: 9.45768151049528e-08 nIters: 6
p initRes: 0.0002056773944911778 finalRes: 1.298659601882698e-06 nIters: 3
Time step continuity errors : sum local = 2.209283019790619e-05
                                 global = 1.509257084985467e-09
                             cumulative = -0.01188432070756026
T initRes: 1.862878576609431e-05 finalRes: 1.054879908084461e-07 nIters: 6
nuTilda initRes: 0.0003619399087029151 finalRes: 8.160854853132772e-07 nIters: 4
TP1: 88.11785102000265 final: 88.11785102000265
TP2: 35.77313666366735 final: 35.77313666366735
HFX: 301.8151140155604 final: 301.8151140155604
yPlus min: 1.863923527557513 max: 55.32506305363877 mean: 23.67023131543736
ExecutionTime = 153.09 s  ClockTime = 157 s

Time = 400

U0 initRes: 2.234554962092017e-06 finalRes: 1.00655936130716e-08 nIters: 6
U1 initRes: 5.522910099179876e-06 finalRes: 1.700583007499198e-08 nIters: 8
U2 initRes: 1.546376197952372e-05 finalRes: 9.457159170510577e-08 nIters: 6
p initRes: 0.0002056748887585527 finalRes: 1.297456050535086e-06 nIters: 3
Time step continuity errors : sum local = 2.207235632861127e-05
                                 global = 1.917702340245791e-09
                             cumulative = -0.01188431878985792
T initRes: 1.862842942456007e-05 finalRes: 1.054955408190663e-07 nIters: 6
nuTilda initRes: 0.0003619398406646062 finalRes: 8.160446252040788e-07 nIters: 4
TP1: 88.11785191110252 final: 88.11785191110252
TP2: 35.77313671020217 final: 35.77313671020217
HFX: 301.8151122140954 final: 301.8151122140954
yPlus min: 1.863924122784273 max: 55.32506270291385 mean: 23.67023147630725
ExecutionTime = 153.48 s  ClockTime = 158 s

Time = 500

U0 initRes: 2.234555132234139e-06 finalRes: 1.006521884621149e-08 nIters: 6
U1 initRes: 5.522924486159658e-06 finalRes: 1.700573410786501e-08 nIters: 8
U2 initRes: 1.546383869732589e-05 finalRes: 9.457199362264743e-08 nIters: 6
p initRes: 0.0002056750349089446 finalRes: 1.297442852320044e-06 nIters: 3
Time step continuity errors : sum local = 2.20721316693708e-05
                                 global = 1.907386729699943e-09
                             cumulative = -0.01188431688247119
T initRes: 1.862842193857511e-05 finalRes: 1.054954108162178e-07 nIters: 6
nuTilda initRes: 0.0003619399234688625 finalRes: 8.160441804018933e-07 nIters: 4
TP1: 88.11785198284426 final: 88.11785198284426
TP2: 35.7731367139523 final: 35.7731367139523
HFX: 301.8151122808096 final: 301.8151122808096
yPlus min: 1.86392409908719 max: 55.32506272336653 mean: 23.67023146061409
ExecutionTime = 153.88 s  ClockTime = 158 s

Time = 600

U0 initRes: 2.234553291294799e-06 finalRes: 1.006524714301603e-08 nIters: 6
U1 initRes: 5.522919762118571e-06 finalRes: 1.70057386370507e-08 nIters: 8
U2 initRes: 1.54638301380578e-05 finalRes: 9.457198221589316e-08 nIters: 6
p initRes: 0.0002056750320765087 finalRes: 1.297453304841667e-06 nIters: 3
Time step continuity errors : sum local = 2.207230949985163e-05
                                 global = 1.905682662906585e-09
                             cumulative = -0.01188431497678853
T initRes: 1.862842359307869e-05 finalRes: 1.054953687234369e-07 nIters: 6
nuTilda initRes: 0.0003619399084023167 finalRes: 8.160445374807575e-07 nIters: 4
TP1: 88.11785196732964 final: 88.11785196732964
TP2: 35.77313671314165 final: 35.77313671314165
HFX: 301.8151122858578 final: 301.8151122858578
yPlus min: 1.863924097625979 max: 55.32506272342186 mean: 23.67023146137393
ExecutionTime = 154.27 s  ClockTime = 158 s

Time = 700

U0 initRes: 2.234553502958935e-06 finalRes: 1.006524637736124e-08 nIters: 6
U1 initRes: 5.522920242284775e-06 finalRes: 1.700573878729885e-08 nIters: 8
U2 initRes: 1.546383063205861e-05 finalRes: 9.457198065729875e-08 nIters: 6
p initRes: 0.0002056750313447476 finalRes: 1.297452112569691e-06 nIters: 3
Time step continuity errors : sum local = 2.207228923514832e-05
                                 global = 1.90608776945493e-09
                             cumulative = -0.01188431307070076
T initRes: 1.862842340351355e-05 finalRes: 1.054953754308104e-07 nIters: 6
nuTilda initRes: 0.0003619399096400726 finalRes: 8.16044496426559e-07 nIters: 4
TP1: 88.1178519687283 final: 88.1178519687283
TP2: 35.77313671321424 final: 35.77313671321424
HFX: 301.8151122847374 final: 301.8151122847374
yPlus min: 1.863924097982658 max: 55.32506272326354 mean: 23.67023146139554
ExecutionTime = 154.73 s  ClockTime = 159 s

Time = 800

U0 initRes: 2.234553490029127e-06 finalRes: 1.006524626358356e-08 nIters: 6
U1 initRes: 5.522920217789723e-06 finalRes: 1.700573872566624e-08 nIters: 8
U2 initRes: 1.546383063494627e-05 finalRes: 9.457198093723882e-08 nIters: 6
p initRes: 0.0002056750314497912 finalRes: 1.297452158401223e-06 nIters: 3
Time step continuity errors : sum local = 2.207228996074067e-05
                                 global = 1.905924361909806e-09
                             cumulative = -0.0118843111647764
T initRes: 1.862842341499243e-05 finalRes: 1.054953743412548e-07 nIters: 6
nuTilda initRes: 0.0003619399095971791 finalRes: 8.160444988875032e-07 nIters: 4
TP1: 88.11785196865313 final: 88.11785196865313
TP2: 35.7731367132118 final: 35.7731367132118
HFX: 301.8151122848392 final: 301.8151122848392
yPlus min: 1.86392409794958 max: 55.32506272328291 mean: 23.67023146138731
ExecutionTime = 155.13 s  ClockTime = 159 s

Time = 900

U0 initRes: 2.234553490146044e-06 finalRes: 1.006524628736244e-08 nIters: 6
U1 initRes: 5.522920217064061e-06 finalRes: 1.700573873787849e-08 nIters: 8
U2 initRes: 1.546383063104442e-05 finalRes: 9.457198092176623e-08 nIters: 6
p initRes: 0.0002056750314520482 finalRes: 1.297452175520771e-06 nIters: 3
Time step continuity errors : sum local = 2.207229028932187e-05
                                 global = 1.905941403171329e-09
                             cumulative = -0.011884309258835
T initRes: 1.862842341604851e-05 finalRes: 1.054953745515972e-07 nIters: 6
nuTilda initRes: 0.0003619399095937431 finalRes: 8.160444988799198e-07 nIters: 4
TP1: 88.11785196866904 final: 88.11785196866904
TP2: 35.77313671321109 final: 35.77313671321109
HFX: 301.8151122848333 final: 301.8151122848333
yPlus min: 1.863924097951889 max: 55.32506272328155 mean: 23.6702314613881
ExecutionTime = 155.54 s  ClockTime = 160 s

Time = 1000

U0 initRes: 2.234553490452099e-06 finalRes: 1.006524628103085e-08 nIters: 6
U1 initRes: 5.522920216914778e-06 finalRes: 1.700573873785627e-08 nIters: 8
U2 initRes: 1.546383063150095e-05 finalRes: 9.457198091186251e-08 nIters: 6
p initRes: 0.0002056750314410695 finalRes: 1.297452185199947e-06 nIters: 3
Time step continuity errors : sum local = 2.207229043950265e-05
                                 global = 1.90599209443753e-09
                             cumulative = -0.0118843073528429
T initRes: 1.86284234139947e-05 finalRes: 1.054953738666268e-07 nIters: 6
nuTilda initRes: 0.0003619399095948928 finalRes: 8.16044498864359e-07 nIters: 4
TP1: 88.11785196867802 final: 88.11785196867802
TP2: 35.77313671321068 final: 35.77313671321068
HFX: 301.8151122848348 final: 301.8151122848348
yPlus min: 1.863924097950297 max: 55.32506272328168 mean: 23.6702314613881
ExecutionTime = 155.93 s  ClockTime = 160 s

End

Moving time 1000 to 0.0031
Printing Primal Residual Statistics.
U Residual Norm2: (28.29315278475559 24.88013550587366 11.5515796941115)
U Residual Mean: (0.04074826949356773 0.03271799957861935 0.01515906218133286)
U Residual Max: (12.97927913965797 11.00800782693157 8.188884637380173)
p Residual Norm2: 8.193053847516387
p Residual Mean: 0.0141297720120527
p Residual Max: 2.848876388052047
T Residual Norm2: 43.4997242235122
T Residual Mean: 0.0514087133881361
T Residual Max: 20.5933303263
nuTilda Residual Norm2: 0.491338321435456
nuTilda Residual Mean: 0.0004758120051328793
nuTilda Residual Max: 0.2386237242900911
phi Residual Norm2: 0.04814504768054828
phi Residual Mean: 2.600908930067571e-05
phi Residual Max: 0.02972936130310979
Total Residual Norm2: 59.26684149575723
 
 
DAInputVolCoord. 
Setting volume coordinates. 
Checking mesh quality for time = 1000
    Overall domain bounding box (-1.692011092049113e-12 -0.09450000000000007 -1.456000352893399e-06) (0.84450101128301 0.09450000000000008 0.03750000000000003)
    Mesh has 3 geometric (non-empty/wedge) directions (1 1 1)
    Mesh has 3 solution (non-empty) directions (1 1 1)
    Boundary openness (1.962521821911391e-17 -1.270709743098439e-17 -4.815458932989241e-17) OK.
    Max cell openness = 4.102313698730125e-16 OK.
    Max aspect ratio = 69.08288552221029 OK.
    Minimum face area = 1.673116169792397e-06. Maximum face area = 0.001155838028266039.  Face area magnitudes OK.
    Min volume = 5.879979607135711e-09. Max volume = 1.309214940334089e-05.  Total volume = 0.00471983981933935.  Cell volumes OK.
    Mesh non-orthogonality Max: 3.512283798081528 average: 0.2800811357771983
    Non-orthogonality check OK.
    Face pyramids OK.
    Max skewness = 0.2181789809796701 OK.
    Coupled point location match (average 0) OK.

Mesh OK.

Running Primal Solver 032
Previous solution time 1000 not found and nothing deleted.
No finite volume options present

Starting time loop

Time = 1

U0 initRes: 3.009838400451264e-06 finalRes: 1.194908145220276e-08 nIters: 6
U1 initRes: 2.20083728582304e-05 finalRes: 1.092216819936758e-07 nIters: 6
U2 initRes: 0.000115608317459419 finalRes: 2.09886782364387e-07 nIters: 6
p initRes: 0.0004552680429467827 finalRes: 2.99552076118268e-06 nIters: 4
Time step continuity errors : sum local = 5.096280527382217e-05
                                 global = -1.844650535616207e-06
                             cumulative = -0.01188615200337852
T initRes: 2.430358624440124e-05 finalRes: 1.170767618636225e-07 nIters: 6
nuTilda initRes: 0.0002127940663556743 finalRes: 9.45936038850931e-07 nIters: 4
TP1: 88.08085386266811 final: 88.08085386266811
TP2: 35.77313267265843 final: 35.77313267265843
HFX: 301.8118142209054 final: 301.8118142209054
yPlus min: 1.858944860791166 max: 55.32477720432637 mean: 23.67051729621803
ExecutionTime = 156.06 s  ClockTime = 160 s

Time = 100

U0 initRes: 2.313880885849882e-06 finalRes: 1.029301300997092e-08 nIters: 6
U1 initRes: 5.622026173512466e-06 finalRes: 1.695350751161033e-08 nIters: 8
U2 initRes: 1.582530965356222e-05 finalRes: 9.510187090403513e-08 nIters: 6
p initRes: 0.0002064760345738336 finalRes: 7.871895507092932e-07 nIters: 3
Time step continuity errors : sum local = 1.339167263715408e-05
                                 global = -5.571513935082255e-08
                             cumulative = -0.01188620771851787
T initRes: 1.869083352469572e-05 finalRes: 1.059558312141219e-07 nIters: 6
nuTilda initRes: 0.0003620588562762887 finalRes: 8.17523470085832e-07 nIters: 4
TP1: 88.1161088254855 final: 88.1161088254855
TP2: 35.77312211939034 final: 35.77312211939034
HFX: 301.8144417172585 final: 301.8144417172585
yPlus min: 1.845368546748613 max: 55.32528422316116 mean: 23.6698520748526
ExecutionTime = 156.46 s  ClockTime = 161 s

Time = 200

U0 initRes: 2.243579516123932e-06 finalRes: 1.003142690082264e-08 nIters: 6
U1 initRes: 5.515853517969515e-06 finalRes: 1.697540498081575e-08 nIters: 8
U2 initRes: 1.549677073486222e-05 finalRes: 9.4857386202976e-08 nIters: 6
p initRes: 0.0002055177231204967 finalRes: 7.734536130085474e-07 nIters: 3
Time step continuity errors : sum local = 1.315803129282791e-05
                                 global = 7.285859995249954e-09
                             cumulative = -0.01188620043265787
T initRes: 1.863860761013546e-05 finalRes: 1.054266925037556e-07 nIters: 6
nuTilda initRes: 0.0003617080525014078 finalRes: 8.161833296866623e-07 nIters: 4
TP1: 88.11591183716595 final: 88.11591183716595
TP2: 35.77310986196705 final: 35.77310986196705
HFX: 301.8145596879664 final: 301.8145596879664
yPlus min: 1.845338487737029 max: 55.32529718291401 mean: 23.66985842357671
ExecutionTime = 156.85 s  ClockTime = 161 s

Time = 300

U0 initRes: 2.243552479072932e-06 finalRes: 1.003027557789472e-08 nIters: 6
U1 initRes: 5.518395785984793e-06 finalRes: 1.697843034785914e-08 nIters: 8
U2 initRes: 1.549364376133402e-05 finalRes: 9.484139783135935e-08 nIters: 6
p initRes: 0.0002054983361155588 finalRes: 7.69395971634854e-07 nIters: 3
Time step continuity errors : sum local = 1.308900427795764e-05
                                 global = 5.678041963784276e-09
                             cumulative = -0.01188619475461591
T initRes: 1.863603704204937e-05 finalRes: 1.054712619989776e-07 nIters: 6
nuTilda initRes: 0.0003617055649848817 finalRes: 8.15913918642662e-07 nIters: 4
TP1: 88.11591994865223 final: 88.11591994865223
TP2: 35.77311108265886 final: 35.77311108265886
HFX: 301.8145491781827 final: 301.8145491781827
yPlus min: 1.84534148516816 max: 55.32529554553105 mean: 23.66985874510877
ExecutionTime = 157.25 s  ClockTime = 161 s

Time = 400

U0 initRes: 2.243557603768164e-06 finalRes: 1.002909278596129e-08 nIters: 6
U1 initRes: 5.518433369645263e-06 finalRes: 1.697810711166777e-08 nIters: 8
U2 initRes: 1.549377010892537e-05 finalRes: 9.484254675467832e-08 nIters: 6
p initRes: 0.0002054985950135282 finalRes: 7.694198827440109e-07 nIters: 3
Time step continuity errors : sum local = 1.308941078534454e-05
                                 global = 5.584964614888451e-09
                             cumulative = -0.01188618916965129
T initRes: 1.863599807577453e-05 finalRes: 1.054707783953485e-07 nIters: 6
nuTilda initRes: 0.0003617059448169184 finalRes: 8.159088296618844e-07 nIters: 4
TP1: 88.11592027591782 final: 88.11592027591782
TP2: 35.77311109520486 final: 35.77311109520486
HFX: 301.8145494592729 final: 301.8145494592729
yPlus min: 1.845341423746867 max: 55.32529561385072 mean: 23.66985870490545
ExecutionTime = 157.69 s  ClockTime = 162 s

Time = 500

U0 initRes: 2.243553311905404e-06 finalRes: 1.002915073944058e-08 nIters: 6
U1 initRes: 5.518420349353427e-06 finalRes: 1.697811122296524e-08 nIters: 8
U2 initRes: 1.549376426895716e-05 finalRes: 9.484254868901452e-08 nIters: 6
p initRes: 0.0002054986153047034 finalRes: 7.694276613763029e-07 nIters: 3
Time step continuity errors : sum local = 1.308954314402754e-05
                                 global = 5.573638856595336e-09
                             cumulative = -0.01188618359601244
T initRes: 1.863600275391054e-05 finalRes: 1.054706288778955e-07 nIters: 6
nuTilda initRes: 0.0003617058983339026 finalRes: 8.159100408997089e-07 nIters: 4
TP1: 88.1159202347089 final: 88.1159202347089
TP2: 35.77311109247625 final: 35.77311109247625
HFX: 301.8145494857872 final: 301.8145494857872
yPlus min: 1.845341415544569 max: 55.32529561681736 mean: 23.6698587055875
ExecutionTime = 158.09 s  ClockTime = 162 s

Time = 600

U0 initRes: 2.243553463453365e-06 finalRes: 1.002915230562165e-08 nIters: 6
U1 initRes: 5.518420830054698e-06 finalRes: 1.697811222715905e-08 nIters: 8
U2 initRes: 1.549376400251728e-05 finalRes: 9.484254439761648e-08 nIters: 6
p initRes: 0.000205498613297811 finalRes: 7.694272712358529e-07 nIters: 3
Time step continuity errors : sum local = 1.308953653994808e-05
                                 global = 5.574227321631762e-09
                             cumulative = -0.01188617802178512
T initRes: 1.863600253405764e-05 finalRes: 1.054706397123243e-07 nIters: 6
nuTilda initRes: 0.0003617058990627339 finalRes: 8.159100016525372e-07 nIters: 4
TP1: 88.11592023551603 final: 88.11592023551603
TP2: 35.77311109256222 final: 35.77311109256222
HFX: 301.8145494834895 final: 301.8145494834895
yPlus min: 1.845341416159151 max: 55.32529561642772 mean: 23.66985870570123
ExecutionTime = 158.48 s  ClockTime = 163 s

Time = 700

U0 initRes: 2.243553472254291e-06 finalRes: 1.002915201748447e-08 nIters: 6
U1 initRes: 5.518420856532266e-06 finalRes: 1.697811216542538e-08 nIters: 8
U2 initRes: 1.549376403439142e-05 finalRes: 9.484254458983391e-08 nIters: 6
p initRes: 0.0002054986133203838 finalRes: 7.694272643245922e-07 nIters: 3
Time step continuity errors : sum local = 1.308953644715438e-05
                                 global = 5.574246913019643e-09
                             cumulative = -0.0118861724475382
T initRes: 1.863600252685575e-05 finalRes: 1.054706390841457e-07 nIters: 6
nuTilda initRes: 0.0003617058991969605 finalRes: 8.159099990717599e-07 nIters: 4
TP1: 88.11592023563146 final: 88.11592023563146
TP2: 35.77311109256897 final: 35.77311109256897
HFX: 301.8145494835022 final: 301.8145494835022
yPlus min: 1.845341416155536 max: 55.32529561643558 mean: 23.66985870569331
ExecutionTime = 158.87 s  ClockTime = 163 s

Time = 800

U0 initRes: 2.243553471480523e-06 finalRes: 1.002915203528111e-08 nIters: 6
U1 initRes: 5.518420852466122e-06 finalRes: 1.697811217428959e-08 nIters: 8
U2 initRes: 1.549376403424009e-05 finalRes: 9.484254459773998e-08 nIters: 6
p initRes: 0.0002054986133269598 finalRes: 7.694272652622918e-07 nIters: 3
Time step continuity errors : sum local = 1.308953647211608e-05
                                 global = 5.574378207698723e-09
                             cumulative = -0.01188616687316
T initRes: 1.863600252693062e-05 finalRes: 1.054706402909461e-07 nIters: 6
nuTilda initRes: 0.0003617058991878724 finalRes: 8.159099993303151e-07 nIters: 4
TP1: 88.11592023563553 final: 88.11592023563553
TP2: 35.77311109256796 final: 35.77311109256796
HFX: 301.8145494835107 final: 301.8145494835107
yPlus min: 1.84534141615679 max: 55.32529561643629 mean: 23.66985870569313
ExecutionTime = 159.27 s  ClockTime = 163 s

Time = 900

U0 initRes: 2.243553471806515e-06 finalRes: 1.002915203000214e-08 nIters: 6
U1 initRes: 5.518420852733317e-06 finalRes: 1.697811215482983e-08 nIters: 8
U2 initRes: 1.549376403395693e-05 finalRes: 9.48425445967885e-08 nIters: 6
p initRes: 0.0002054986133258071 finalRes: 7.694272657860416e-07 nIters: 3
Time step continuity errors : sum local = 1.308953646148975e-05
                                 global = 5.574292572848983e-09
                             cumulative = -0.01188616129886742
T initRes: 1.863600252892534e-05 finalRes: 1.054706407248735e-07 nIters: 6
nuTilda initRes: 0.0003617058991879523 finalRes: 8.159099993466139e-07 nIters: 4
TP1: 88.11592023563742 final: 88.11592023563742
TP2: 35.77311109256731 final: 35.77311109256731
HFX: 301.8145494835093 final: 301.8145494835093
yPlus min: 1.845341416155905 max: 55.32529561643605 mean: 23.66985870569302
ExecutionTime = 159.67 s  ClockTime = 164 s

Time = 1000

U0 initRes: 2.243553471102107e-06 finalRes: 1.002915202363968e-08 nIters: 6
U1 initRes: 5.518420852576313e-06 finalRes: 1.697811216277077e-08 nIters: 8
U2 initRes: 1.549376403402022e-05 finalRes: 9.484254459807243e-08 nIters: 6
p initRes: 0.0002054986133175402 finalRes: 7.694272586108873e-07 nIters: 3
Time step continuity errors : sum local = 1.308953636285686e-05
                                 global = 5.574180977759166e-09
                             cumulative = -0.01188615572468645
T initRes: 1.863600252710886e-05 finalRes: 1.054706391765928e-07 nIters: 6
nuTilda initRes: 0.0003617058991879165 finalRes: 8.159099993272584e-07 nIters: 4
TP1: 88.11592023561319 final: 88.11592023561319
TP2: 35.77311109256729 final: 35.77311109256729
HFX: 301.814549483509 final: 301.814549483509
yPlus min: 1.845341416155354 max: 55.32529561643633 mean: 23.66985870569317
ExecutionTime = 160.1 s  ClockTime = 164 s

End

Moving time 1000 to 0.0032
Printing Primal Residual Statistics.
U Residual Norm2: (28.33920368112728 24.89581452023216 11.61922401119619)
U Residual Mean: (0.04090153584864999 0.03273158175920359 0.01526665048317432)
U Residual Max: (12.97987638271251 11.00359857641354 8.171866262751617)
p Residual Norm2: 8.192721828074173
p Residual Mean: 0.01414562780856553
p Residual Max: 2.848316194638274
T Residual Norm2: 43.47294288219511
T Residual Mean: 0.05142337944179876
T Residual Max: 20.56395561944003
nuTilda Residual Norm2: 0.4912164631081826
nuTilda Residual Mean: 0.0004760135641575412
nuTilda Residual Max: 0.2385487270932832
phi Residual Norm2: 0.04812976116163629
phi Residual Mean: 2.61017590531829e-05
phi Residual Max: 0.02971978128818781
Total Residual Norm2: 59.28894902430737
 
 
DAInputVolCoord. 
Setting volume coordinates. 
Checking mesh quality for time = 1000
    Overall domain bounding box (-1.271493253200587e-10 -0.09450000000000007 -6.075404750389809e-07) (0.8444999999189153 0.09450000000000008 0.03750000000000003)
    Mesh has 3 geometric (non-empty/wedge) directions (1 1 1)
    Mesh has 3 solution (non-empty) directions (1 1 1)
    Boundary openness (8.848924524755127e-18 -4.331978463910826e-18 -2.560390881372462e-17) OK.
    Max cell openness = 4.966928244666377e-16 OK.
    Max aspect ratio = 69.08288552462595 OK.
    Minimum face area = 1.67311552163178e-06. Maximum face area = 0.001155838018443531.  Face area magnitudes OK.
    Min volume = 5.879984957403279e-09. Max volume = 1.309214539048436e-05.  Total volume = 0.004719827226214643.  Cell volumes OK.
    Mesh non-orthogonality Max: 3.512283083347516 average: 0.2800796151258593
    Non-orthogonality check OK.
    Face pyramids OK.
    Max skewness = 0.2181525357484026 OK.
    Coupled point location match (average 0) OK.

Mesh OK.

Running Primal Solver 033
Previous solution time 1000 not found and nothing deleted.
No finite volume options present

Starting time loop

Time = 1

U0 initRes: 2.704423018874403e-06 finalRes: 1.029750591787698e-08 nIters: 6
U1 initRes: 6.856766714434831e-06 finalRes: 6.523069753227558e-08 nIters: 6
U2 initRes: 2.945469556861998e-05 finalRes: 9.646503631250524e-08 nIters: 6
p initRes: 0.0002815201353312946 finalRes: 2.072709992065149e-06 nIters: 6
Time step continuity errors : sum local = 3.526269834278946e-05
                                 global = -4.385260608928348e-07
                             cumulative = -0.01188659425074734
T initRes: 1.893980835220345e-05 finalRes: 1.04879889930391e-07 nIters: 6
nuTilda initRes: 0.0002103708486945831 finalRes: 9.27099224950389e-07 nIters: 4
TP1: 88.12555727253881 final: 88.12555727253881
TP2: 35.77310996677157 final: 35.77310996677157
HFX: 301.8103125941618 final: 301.8103125941618
yPlus min: 1.853890206723513 max: 55.32546545314084 mean: 23.6702668274291
ExecutionTime = 160.23 s  ClockTime = 164 s

Time = 100

U0 initRes: 2.274797203785222e-06 finalRes: 1.037419700298418e-08 nIters: 6
U1 initRes: 5.547516647083676e-06 finalRes: 1.709824315398265e-08 nIters: 8
U2 initRes: 1.570058417930101e-05 finalRes: 9.461850509599284e-08 nIters: 6
p initRes: 0.0002063687377389036 finalRes: 1.35897814814525e-06 nIters: 3
Time step continuity errors : sum local = 2.311819568345324e-05
                                 global = 2.220955760276138e-07
                             cumulative = -0.01188637215517131
T initRes: 1.869605685744995e-05 finalRes: 1.056548046711537e-07 nIters: 6
nuTilda initRes: 0.0003624471197024595 finalRes: 8.180549322753437e-07 nIters: 4
TP1: 88.12071073693336 final: 88.12071073693336
TP2: 35.77321633862712 final: 35.77321633862712
HFX: 301.8127815292401 final: 301.8127815292401
yPlus min: 1.846364618236771 max: 55.32477685115856 mean: 23.67012639859803
ExecutionTime = 160.63 s  ClockTime = 165 s

Time = 200

U0 initRes: 2.241596644761889e-06 finalRes: 1.008380853009129e-08 nIters: 6
U1 initRes: 5.530428758862387e-06 finalRes: 1.702989367974952e-08 nIters: 8
U2 initRes: 1.550654642954405e-05 finalRes: 9.463080404520095e-08 nIters: 6
p initRes: 0.0002058337530366752 finalRes: 1.334389266094698e-06 nIters: 3
Time step continuity errors : sum local = 2.269982987780574e-05
                                 global = 1.944205226556785e-07
                             cumulative = -0.01188617773464866
T initRes: 1.864644815571346e-05 finalRes: 1.05579749060208e-07 nIters: 6
nuTilda initRes: 0.0003623881050987993 finalRes: 8.160347236568805e-07 nIters: 4
TP1: 88.12087117772832 final: 88.12087117772832
TP2: 35.77322574281704 final: 35.77322574281704
HFX: 301.8126684465726 final: 301.8126684465726
yPlus min: 1.846385606174273 max: 55.32476061374452 mean: 23.67012232377552
ExecutionTime = 161.01 s  ClockTime = 165 s

Time = 300

U0 initRes: 2.239992312918187e-06 finalRes: 1.008388421235314e-08 nIters: 6
U1 initRes: 5.52805170323727e-06 finalRes: 1.702848188576032e-08 nIters: 8
U2 initRes: 1.550314708777552e-05 finalRes: 9.464058679427858e-08 nIters: 6
p initRes: 0.0002058326225469362 finalRes: 1.339239128484076e-06 nIters: 3
Time step continuity errors : sum local = 2.278233131275498e-05
                                 global = 1.908476908932381e-07
                             cumulative = -0.01188598688695776
T initRes: 1.86468821079904e-05 finalRes: 1.055473216711015e-07 nIters: 6
nuTilda initRes: 0.0003623786429519382 finalRes: 8.162075282569669e-07 nIters: 4
TP1: 88.12086565441376 final: 88.12086565441376
TP2: 35.77322530993645 final: 35.77322530993645
HFX: 301.8126746385108 final: 301.8126746385108
yPlus min: 1.846383816823732 max: 55.32476142762191 mean: 23.67012222893702
ExecutionTime = 161.4 s  ClockTime = 166 s

Time = 400

U0 initRes: 2.240001998868527e-06 finalRes: 1.008458207719246e-08 nIters: 6
U1 initRes: 5.528070687786985e-06 finalRes: 1.702869850542192e-08 nIters: 8
U2 initRes: 1.550314385941713e-05 finalRes: 9.463965737473154e-08 nIters: 6
p initRes: 0.0002058322322270247 finalRes: 1.339233418057398e-06 nIters: 3
Time step continuity errors : sum local = 2.278223447947245e-05
                                 global = 1.912158824665417e-07
                             cumulative = -0.0118857956710753
T initRes: 1.864685829783229e-05 finalRes: 1.055480960593695e-07 nIters: 6
nuTilda initRes: 0.0003623785209232224 finalRes: 8.16207376950109e-07 nIters: 4
TP1: 88.12086554822811 final: 88.12086554822811
TP2: 35.77322531277832 final: 35.77322531277832
HFX: 301.8126743447668 final: 301.8126743447668
yPlus min: 1.846383888429642 max: 55.3247613679978 mean: 23.67012225526598
ExecutionTime = 161.77 s  ClockTime = 166 s

Time = 500

U0 initRes: 2.240004621519817e-06 finalRes: 1.008453527382897e-08 nIters: 6
U1 initRes: 5.528077805978607e-06 finalRes: 1.702869206044366e-08 nIters: 8
U2 initRes: 1.55031532825885e-05 finalRes: 9.463966790926446e-08 nIters: 6
p initRes: 0.0002058322379071744 finalRes: 1.339215681100951e-06 nIters: 3
Time step continuity errors : sum local = 2.27819326381688e-05
                                 global = 1.912104232705688e-07
                             cumulative = -0.01188560446065203
T initRes: 1.864685553555106e-05 finalRes: 1.055481671632321e-07 nIters: 6
nuTilda initRes: 0.0003623785489616346 finalRes: 8.162066287469191e-07 nIters: 4
TP1: 88.12086557604704 final: 88.12086557604704
TP2: 35.77322531440491 final: 35.77322531440491
HFX: 301.8126743326671 final: 301.8126743326671
yPlus min: 1.846383892098481 max: 55.32476136719271 mean: 23.67012225437602
ExecutionTime = 162.15 s  ClockTime = 166 s

Time = 600

U0 initRes: 2.240004436203369e-06 finalRes: 1.008453500743102e-08 nIters: 6
U1 initRes: 5.528077373593544e-06 finalRes: 1.702869157101995e-08 nIters: 8
U2 initRes: 1.550315279113302e-05 finalRes: 9.463967085193528e-08 nIters: 6
p initRes: 0.0002058322390774117 finalRes: 1.339216588139618e-06 nIters: 3
Time step continuity errors : sum local = 2.278194808056567e-05
                                 global = 1.912092959471829e-07
                             cumulative = -0.01188541325135608
T initRes: 1.864685572124482e-05 finalRes: 1.055481614181691e-07 nIters: 6
nuTilda initRes: 0.0003623785479593379 finalRes: 8.162066672976176e-07 nIters: 4
TP1: 88.12086557505974 final: 88.12086557505974
TP2: 35.77322531431426 final: 35.77322531431426
HFX: 301.8126743343382 final: 301.8126743343382
yPlus min: 1.846383891650854 max: 55.3247613674489 mean: 23.67012225432326
ExecutionTime = 162.54 s  ClockTime = 167 s

Time = 700

U0 initRes: 2.24000443634584e-06 finalRes: 1.008453520107962e-08 nIters: 6
U1 initRes: 5.528077368710005e-06 finalRes: 1.702869161525417e-08 nIters: 8
U2 initRes: 1.550315278261634e-05 finalRes: 9.463967066735472e-08 nIters: 6
p initRes: 0.0002058322390122978 finalRes: 1.339216607820138e-06 nIters: 3
Time step continuity errors : sum local = 2.278194846000195e-05
                                 global = 1.912092977466765e-07
                             cumulative = -0.01188522204205833
T initRes: 1.864685572051225e-05 finalRes: 1.055481603430124e-07 nIters: 6
nuTilda initRes: 0.0003623785479040323 finalRes: 8.162066681417587e-07 nIters: 4
TP1: 88.12086557498067 final: 88.12086557498067
TP2: 35.77322531431189 final: 35.77322531431189
HFX: 301.812674334299 final: 301.812674334299
yPlus min: 1.846383891660895 max: 55.32476136743912 mean: 23.67012225432923
ExecutionTime = 162.87 s  ClockTime = 167 s

Time = 800

U0 initRes: 2.240004436751902e-06 finalRes: 1.008453518472499e-08 nIters: 6
U1 initRes: 5.528077370895169e-06 finalRes: 1.702869161755425e-08 nIters: 8
U2 initRes: 1.550315278317183e-05 finalRes: 9.463967066241739e-08 nIters: 6
p initRes: 0.0002058322390072558 finalRes: 1.339216593036641e-06 nIters: 3
Time step continuity errors : sum local = 2.27819481951652e-05
                                 global = 1.912092840594778e-07
                             cumulative = -0.01188503083277427
T initRes: 1.864685571942779e-05 finalRes: 1.055481611092462e-07 nIters: 6
nuTilda initRes: 0.0003623785479097506 finalRes: 8.162066679668906e-07 nIters: 4
TP1: 88.1208655749932 final: 88.1208655749932
TP2: 35.77322531431265 final: 35.77322531431265
HFX: 301.8126743342946 final: 301.8126743342946
yPlus min: 1.846383891662086 max: 55.32476136743853 mean: 23.67012225432911
ExecutionTime = 163.23 s  ClockTime = 167 s

Time = 900

U0 initRes: 2.240004435384122e-06 finalRes: 1.008453518282995e-08 nIters: 6
U1 initRes: 5.528077369493487e-06 finalRes: 1.702869162538068e-08 nIters: 8
U2 initRes: 1.550315278096665e-05 finalRes: 9.463967065637003e-08 nIters: 6
p initRes: 0.0002058322389898454 finalRes: 1.33921667347689e-06 nIters: 3
Time step continuity errors : sum local = 2.27819494790392e-05
                                 global = 1.912095531397614e-07
                             cumulative = -0.01188483962322113
T initRes: 1.864685572115051e-05 finalRes: 1.055481606102909e-07 nIters: 6
nuTilda initRes: 0.0003623785479104503 finalRes: 8.16206667979918e-07 nIters: 4
TP1: 88.12086557505539 final: 88.12086557505539
TP2: 35.77322531431287 final: 35.77322531431287
HFX: 301.8126743342931 final: 301.8126743342931
yPlus min: 1.846383891661729 max: 55.32476136743799 mean: 23.67012225432885
ExecutionTime = 163.58 s  ClockTime = 168 s

Time = 1000

U0 initRes: 2.240004435457667e-06 finalRes: 1.008453517995291e-08 nIters: 6
U1 initRes: 5.528077369214843e-06 finalRes: 1.702869162085247e-08 nIters: 8
U2 initRes: 1.550315278157257e-05 finalRes: 9.463967065602454e-08 nIters: 6
p initRes: 0.0002058322389794237 finalRes: 1.339216664536226e-06 nIters: 3
Time step continuity errors : sum local = 2.278194939607574e-05
                                 global = 1.912096084777429e-07
                             cumulative = -0.01188464841361266
T initRes: 1.864685572007844e-05 finalRes: 1.055481620839889e-07 nIters: 6
nuTilda initRes: 0.000362378547911112 finalRes: 8.162066679793026e-07 nIters: 4
TP1: 88.12086557504118 final: 88.12086557504118
TP2: 35.77322531431298 final: 35.77322531431298
HFX: 301.8126743342928 final: 301.8126743342928
yPlus min: 1.846383891663164 max: 55.32476136743817 mean: 23.67012225432892
ExecutionTime = 163.97 s  ClockTime = 168 s

End

Moving time 1000 to 0.0033
Printing Primal Residual Statistics.
U Residual Norm2: (28.36297215267678 24.9147330013452 11.63476362264077)
U Residual Mean: (0.04085667137717245 0.03277385393492316 0.01525917415093861)
U Residual Max: (12.978595208088 11.01670050669449 8.204068477746686)
p Residual Norm2: 8.200535667918539
p Residual Mean: 0.01414704569975838
p Residual Max: 2.850402779656086
T Residual Norm2: 43.53632379286185
T Residual Mean: 0.05141957044269396
T Residual Max: 20.63289320736061
nuTilda Residual Norm2: 0.4915479322633567
nuTilda Residual Mean: 0.0004755651001917248
nuTilda Residual Max: 0.2387615853284506
phi Residual Norm2: 0.04818785601535296
phi Residual Mean: 2.604769900152518e-05
phi Residual Max: 0.02972833357771821
Total Residual Norm2: 59.35885823104633
 
 
DAInputVolCoord. 
Setting volume coordinates. 
Checking mesh quality for time = 1000
    Overall domain bounding box (1.502564277894145e-39 -0.09450000000000007 -4.597489806863289e-07) (0.8445004903002175 0.09450000000000008 0.03750000000000003)
    Mesh has 3 geometric (non-empty/wedge) directions (1 1 1)
    Mesh has 3 solution (non-empty) directions (1 1 1)
    Boundary openness (3.357630456478412e-18 -5.920127190149766e-18 5.490255695935076e-17) OK.
    Max cell openness = 5.729644671206027e-16 OK.
    Max aspect ratio = 69.08288552227486 OK.
    Minimum face area = 1.673090988189495e-06. Maximum face area = 0.001155838049816729.  Face area magnitudes OK.
    Min volume = 5.879883059653683e-09. Max volume = 1.309214826366245e-05.  Total volume = 0.004719835190614368.  Cell volumes OK.
    Mesh non-orthogonality Max: 3.512283476804352 average: 0.2800812335364288
    Non-orthogonality check OK.
    Face pyramids OK.
    Max skewness = 0.2181637113594896 OK.
    Coupled point location match (average 0) OK.

Mesh OK.

Running Primal Solver 034
Previous solution time 1000 not found and nothing deleted.
No finite volume options present

Starting time loop

Time = 1

U0 initRes: 2.465906210586661e-06 finalRes: 1.023760784719783e-08 nIters: 6
U1 initRes: 7.131785866440947e-06 finalRes: 6.68716666652919e-08 nIters: 6
U2 initRes: 2.430215743796667e-05 finalRes: 9.649179567422054e-08 nIters: 6
p initRes: 0.0002598685136536418 finalRes: 2.153196709002641e-06 nIters: 3
Time step continuity errors : sum local = 3.663088260051605e-05
                                 global = -1.854076087579122e-07
                             cumulative = -0.01188483382122141
T initRes: 1.87425762527793e-05 finalRes: 1.05818987621808e-07 nIters: 6
nuTilda initRes: 0.000210228847614547 finalRes: 9.272591585059139e-07 nIters: 4
TP1: 88.11651769940056 final: 88.11651769940056
TP2: 35.77322540654416 final: 35.77322540654416
HFX: 301.8082086456535 final: 301.8082086456535
yPlus min: 1.855323197529736 max: 55.32465108106192 mean: 23.67046792786844
ExecutionTime = 164.1 s  ClockTime = 168 s

Time = 100

U0 initRes: 2.28320676649543e-06 finalRes: 1.005136324787895e-08 nIters: 6
U1 initRes: 5.57762930485248e-06 finalRes: 1.694131569593657e-08 nIters: 8
U2 initRes: 1.569800642643723e-05 finalRes: 9.50700399628387e-08 nIters: 6
p initRes: 0.0002061519790129865 finalRes: 7.761901381992193e-07 nIters: 3
Time step continuity errors : sum local = 1.320443951872044e-05
                                 global = -2.392345766684659e-10
                             cumulative = -0.01188483406045599
T initRes: 1.868452265834994e-05 finalRes: 1.056943219470051e-07 nIters: 6
nuTilda initRes: 0.0003621314757763073 finalRes: 8.165453689510966e-07 nIters: 4
TP1: 88.11799700525204 final: 88.11799700525204
TP2: 35.77315295341801 final: 35.77315295341801
HFX: 301.8143242164711 final: 301.8143242164711
yPlus min: 1.846271409994058 max: 55.32516107092265 mean: 23.66999708962313
ExecutionTime = 164.49 s  ClockTime = 169 s

Time = 200

U0 initRes: 2.244420885956495e-06 finalRes: 1.003780323234258e-08 nIters: 6
U1 initRes: 5.517861748521884e-06 finalRes: 1.698685174048954e-08 nIters: 8
U2 initRes: 1.550304637617599e-05 finalRes: 9.48875960758883e-08 nIters: 6
p initRes: 0.0002055912311502848 finalRes: 7.739142975695598e-07 nIters: 3
Time step continuity errors : sum local = 1.316575927831557e-05
                                 global = 1.91983254772574e-09
                             cumulative = -0.01188483214062344
T initRes: 1.864626879659153e-05 finalRes: 1.054750911523086e-07 nIters: 6
nuTilda initRes: 0.0003619215906924286 finalRes: 8.161826657513405e-07 nIters: 4
TP1: 88.11785682859812 final: 88.11785682859812
TP2: 35.77314414474265 final: 35.77314414474265
HFX: 301.8144020262854 final: 301.8144020262854
yPlus min: 1.846255204455857 max: 55.32516984913452 mean: 23.67000223506378
ExecutionTime = 164.89 s  ClockTime = 169 s

Time = 300

U0 initRes: 2.244599406546358e-06 finalRes: 1.003399617108146e-08 nIters: 6
U1 initRes: 5.519911875963875e-06 finalRes: 1.698829441176289e-08 nIters: 8
U2 initRes: 1.550169101842232e-05 finalRes: 9.4878836729941e-08 nIters: 6
p initRes: 0.0002055807644650234 finalRes: 7.716748577124762e-07 nIters: 3
Time step continuity errors : sum local = 1.312766304459856e-05
                                 global = 4.606323343921609e-09
                             cumulative = -0.0118848275343001
T initRes: 1.864465231504579e-05 finalRes: 1.055076826786191e-07 nIters: 6
nuTilda initRes: 0.0003619208286964246 finalRes: 8.159718160736903e-07 nIters: 4
TP1: 88.11786267274402 final: 88.11786267274402
TP2: 35.77314458566791 final: 35.77314458566791
HFX: 301.8143953129205 final: 301.8143953129205
yPlus min: 1.846257193470381 max: 55.32516888775854 mean: 23.67000236430573
ExecutionTime = 165.32 s  ClockTime = 170 s

Time = 400

U0 initRes: 2.244594912674179e-06 finalRes: 1.003327488190968e-08 nIters: 6
U1 initRes: 5.519905277627318e-06 finalRes: 1.698806632086029e-08 nIters: 8
U2 initRes: 1.55017688983076e-05 finalRes: 9.487968980836896e-08 nIters: 6
p initRes: 0.0002055810151775017 finalRes: 7.716940058161486e-07 nIters: 3
Time step continuity errors : sum local = 1.312798860710445e-05
                                 global = 4.556776976673151e-09
                             cumulative = -0.01188482297752312
T initRes: 1.864464522168963e-05 finalRes: 1.055069315952715e-07 nIters: 6
nuTilda initRes: 0.0003619209901661457 finalRes: 8.159712920206701e-07 nIters: 4
TP1: 88.11786279790775 final: 88.11786279790775
TP2: 35.77314458707113 final: 35.77314458707113
HFX: 301.8143955952979 final: 301.8143955952979
yPlus min: 1.846257125240561 max: 55.32516894668053 mean: 23.67000233654689
ExecutionTime = 165.7 s  ClockTime = 170 s

Time = 500

U0 initRes: 2.244592175845039e-06 finalRes: 1.00333222495639e-08 nIters: 6
U1 initRes: 5.519896930921555e-06 finalRes: 1.698807205729883e-08 nIters: 8
U2 initRes: 1.550176381022202e-05 finalRes: 9.48796796083091e-08 nIters: 6
p initRes: 0.0002055810247798825 finalRes: 7.716982491182317e-07 nIters: 3
Time step continuity errors : sum local = 1.312806081778189e-05
                                 global = 4.551589486184193e-09
                             cumulative = -0.01188481842593364
T initRes: 1.86446480982288e-05 finalRes: 1.055068468969886e-07 nIters: 6
nuTilda initRes: 0.0003619209578146008 finalRes: 8.15972085207227e-07 nIters: 4
TP1: 88.11786276906768 final: 88.11786276906768
TP2: 35.77314458525381 final: 35.77314458525381
HFX: 301.8143956088844 final: 301.8143956088844
yPlus min: 1.846257120810931 max: 55.3251689478383 mean: 23.67000233735682
ExecutionTime = 166.09 s  ClockTime = 170 s

Time = 600

U0 initRes: 2.244592312466324e-06 finalRes: 1.003332265493904e-08 nIters: 6
U1 initRes: 5.519897353773647e-06 finalRes: 1.698807263731198e-08 nIters: 8
U2 initRes: 1.550176370534401e-05 finalRes: 9.487967692967405e-08 nIters: 6
p initRes: 0.0002055810233337987 finalRes: 7.716979474555143e-07 nIters: 3
Time step continuity errors : sum local = 1.312805569210246e-05
                                 global = 4.552211046298121e-09
                             cumulative = -0.01188481387372259
T initRes: 1.864464791406359e-05 finalRes: 1.05506854149376e-07 nIters: 6
nuTilda initRes: 0.0003619209587191746 finalRes: 8.159720489500637e-07 nIters: 4
TP1: 88.11786276998619 final: 88.11786276998619
TP2: 35.77314458533343 final: 35.77314458533343
HFX: 301.8143956072071 final: 301.8143956072071
yPlus min: 1.846257121275639 max: 55.32516894756793 mean: 23.67000233742084
ExecutionTime = 166.49 s  ClockTime = 171 s

Time = 700

U0 initRes: 2.244592316777148e-06 finalRes: 1.003332246761901e-08 nIters: 6
U1 initRes: 5.519897365919729e-06 finalRes: 1.698807258181757e-08 nIters: 8
U2 initRes: 1.550176372829073e-05 finalRes: 9.487967709903223e-08 nIters: 6
p initRes: 0.0002055810233675547 finalRes: 7.716979445884087e-07 nIters: 3
Time step continuity errors : sum local = 1.312805567514225e-05
                                 global = 4.552130467938014e-09
                             cumulative = -0.01188480932159212
T initRes: 1.864464791237999e-05 finalRes: 1.055068543199249e-07 nIters: 6
nuTilda initRes: 0.0003619209587955246 finalRes: 8.159720477143962e-07 nIters: 4
TP1: 88.11786277003623 final: 88.11786277003623
TP2: 35.77314458533566 final: 35.77314458533566
HFX: 301.8143956072369 final: 301.8143956072369
yPlus min: 1.846257121267371 max: 55.32516894757666 mean: 23.67000233741463
ExecutionTime = 166.92 s  ClockTime = 171 s

Time = 800

U0 initRes: 2.244592315006336e-06 finalRes: 1.003332246916258e-08 nIters: 6
U1 initRes: 5.519897362343204e-06 finalRes: 1.698807258448478e-08 nIters: 8
U2 initRes: 1.550176372977539e-05 finalRes: 9.48796771060734e-08 nIters: 6
p initRes: 0.0002055810233642536 finalRes: 7.716979486055582e-07 nIters: 3
Time step continuity errors : sum local = 1.312805578435211e-05
                                 global = 4.552129114314432e-09
                             cumulative = -0.01188480476946301
T initRes: 1.864464791408755e-05 finalRes: 1.055068537822196e-07 nIters: 6
nuTilda initRes: 0.0003619209587879023 finalRes: 8.159720479310409e-07 nIters: 4
TP1: 88.11786277004046 final: 88.11786277004046
TP2: 35.77314458533573 final: 35.77314458533573
HFX: 301.8143956072417 final: 301.8143956072417
yPlus min: 1.846257121267545 max: 55.32516894757732 mean: 23.67000233741478
ExecutionTime = 167.27 s  ClockTime = 172 s

Time = 900

U0 initRes: 2.244592314991966e-06 finalRes: 1.003332246739655e-08 nIters: 6
U1 initRes: 5.519897363081102e-06 finalRes: 1.698807257736284e-08 nIters: 8
U2 initRes: 1.550176372800642e-05 finalRes: 9.487967710159425e-08 nIters: 6
p initRes: 0.0002055810233642698 finalRes: 7.716979401352378e-07 nIters: 3
Time step continuity errors : sum local = 1.312805557845277e-05
                                 global = 4.551952269817173e-09
                             cumulative = -0.01188480021751074
T initRes: 1.864464791172364e-05 finalRes: 1.055068530760401e-07 nIters: 6
nuTilda initRes: 0.0003619209587877948 finalRes: 8.159720479347364e-07 nIters: 4
TP1: 88.11786277000742 final: 88.11786277000742
TP2: 35.77314458533566 final: 35.77314458533566
HFX: 301.8143956072428 final: 301.8143956072428
yPlus min: 1.846257121265416 max: 55.32516894757734 mean: 23.67000233741487
ExecutionTime = 167.66 s  ClockTime = 172 s

Time = 1000

U0 initRes: 2.244592314907785e-06 finalRes: 1.003332246959226e-08 nIters: 6
U1 initRes: 5.519897363106964e-06 finalRes: 1.698807259225153e-08 nIters: 8
U2 initRes: 1.5501763729447e-05 finalRes: 9.487967710365562e-08 nIters: 6
p initRes: 0.0002055810233702927 finalRes: 7.71697947837315e-07 nIters: 3
Time step continuity errors : sum local = 1.312805576683456e-05
                                 global = 4.552111266274749e-09
                             cumulative = -0.01188479566539947
T initRes: 1.864464791220519e-05 finalRes: 1.055068542049539e-07 nIters: 6
nuTilda initRes: 0.0003619209587878139 finalRes: 8.159720479344614e-07 nIters: 4
TP1: 88.11786277002498 final: 88.11786277002498
TP2: 35.77314458533608 final: 35.77314458533608
HFX: 301.8143956072427 final: 301.8143956072427
yPlus min: 1.846257121269274 max: 55.32516894757743 mean: 23.67000233741495
ExecutionTime = 168.04 s  ClockTime = 172 s

End

Moving time 1000 to 0.0034
Printing Primal Residual Statistics.
U Residual Norm2: (28.34429708968869 24.90147079005022 11.62120939237852)
U Residual Mean: (0.04088771117898328 0.03272880129874002 0.01525643401849038)
U Residual Max: (12.97979139435445 11.00769831885894 8.18033356235655)
p Residual Norm2: 8.194964205792072
p Residual Mean: 0.01414352043590626
p Residual Max: 2.849001868561716
T Residual Norm2: 43.49231372060297
T Residual Mean: 0.05142276233265607
T Residual Max: 20.58620053776285
nuTilda Residual Norm2: 0.4913127993839319
nuTilda Residual Mean: 0.0004758407259834094
nuTilda Residual Max: 0.238612750029148
phi Residual Norm2: 0.04814138307744282
phi Residual Mean: 2.609928829466899e-05
phi Residual Max: 0.02971955633387306
Total Residual Norm2: 59.30866234980293
 
 
DAInputVolCoord. 
Setting volume coordinates. 
Checking mesh quality for time = 1000
    Overall domain bounding box (-2.278536707381184e-10 -0.09450000000000007 -8.978830015825206e-07) (0.8444999999989887 0.09450000000000008 0.03750000000000003)
    Mesh has 3 geometric (non-empty/wedge) directions (1 1 1)
    Mesh has 3 solution (non-empty) directions (1 1 1)
    Boundary openness (1.395920817577776e-17 -1.003255437787411e-17 -7.877244572142937e-17) OK.
    Max cell openness = 4.372629603038908e-16 OK.
    Max aspect ratio = 69.08288552382443 OK.
    Minimum face area = 1.673067336746103e-06. Maximum face area = 0.001155838030817332.  Face area magnitudes OK.
    Min volume = 5.879968092322171e-09. Max volume = 1.309214573294009e-05.  Total volume = 0.00471983185470951.  Cell volumes OK.
    Mesh non-orthogonality Max: 3.512283126450411 average: 0.2800805799888105
    Non-orthogonality check OK.
    Face pyramids OK.
    Max skewness = 0.2181449020822691 OK.
    Coupled point location match (average 0) OK.

Mesh OK.

Running Primal Solver 035
Previous solution time 1000 not found and nothing deleted.
No finite volume options present

Starting time loop

Time = 1

U0 initRes: 2.570636200416883e-06 finalRes: 1.02490686137362e-08 nIters: 6
U1 initRes: 7.31993032118829e-06 finalRes: 6.60235001388598e-08 nIters: 6
U2 initRes: 2.635801089560343e-05 finalRes: 1.014154216653707e-07 nIters: 6
p initRes: 0.000268264899364807 finalRes: 1.657037869914708e-06 nIters: 5
Time step continuity errors : sum local = 2.819107886737088e-05
                                 global = -3.01610283126906e-07
                             cumulative = -0.0118850972756826
T initRes: 1.890050082066026e-05 finalRes: 1.050354021913463e-07 nIters: 6
nuTilda initRes: 0.0002101949213367512 finalRes: 9.266651734676404e-07 nIters: 4
TP1: 88.11890733172456 final: 88.11890733172456
TP2: 35.7731438324471 final: 35.7731438324471
HFX: 301.8099551170898 final: 301.8099551170898
yPlus min: 1.854187220362967 max: 55.32522092997806 mean: 23.6703763009075
ExecutionTime = 168.18 s  ClockTime = 172 s

Time = 100

U0 initRes: 2.269659029594712e-06 finalRes: 1.032684259216415e-08 nIters: 6
U1 initRes: 5.533881697528849e-06 finalRes: 1.705970682030963e-08 nIters: 8
U2 initRes: 1.568556309844763e-05 finalRes: 9.456200938212695e-08 nIters: 6
p initRes: 0.0002063137469618804 finalRes: 1.300175655628206e-06 nIters: 3
Time step continuity errors : sum local = 2.211805232082113e-05
                                 global = -1.155957640886541e-08
                             cumulative = -0.01188510883525901
T initRes: 1.868568219646031e-05 finalRes: 1.054566350717782e-07 nIters: 6
nuTilda initRes: 0.0003622612506815063 finalRes: 8.186811456557748e-07 nIters: 4
TP1: 88.11871339949836 final: 88.11871339949836
TP2: 35.7731832909491 final: 35.7731832909491
HFX: 301.8128984317705 final: 301.8128984317705
yPlus min: 1.845446589405094 max: 55.32490155194034 mean: 23.66998329199031
ExecutionTime = 168.57 s  ClockTime = 173 s

Time = 200

U0 initRes: 2.239098597950514e-06 finalRes: 1.006058010383082e-08 nIters: 6
U1 initRes: 5.525646177634175e-06 finalRes: 1.7007564745917e-08 nIters: 8
U2 initRes: 1.549192225499667e-05 finalRes: 9.456330084880141e-08 nIters: 6
p initRes: 0.0002057223339786049 finalRes: 1.237495643452865e-06 nIters: 3
Time step continuity errors : sum local = 2.105172085524463e-05
                                 global = 2.934021268869917e-10
                             cumulative = -0.01188510854185688
T initRes: 1.863376156291271e-05 finalRes: 1.055628062675898e-07 nIters: 6
nuTilda initRes: 0.000362164069626115 finalRes: 8.159366971570286e-07 nIters: 4
TP1: 88.11884928931178 final: 88.11884928931178
TP2: 35.77319123708003 final: 35.77319123708003
HFX: 301.8128429147683 final: 301.8128429147683
yPlus min: 1.845459443507913 max: 55.32489803225365 mean: 23.66997773033976
ExecutionTime = 168.96 s  ClockTime = 173 s

Time = 300

U0 initRes: 2.236842147360216e-06 finalRes: 1.004411254479469e-08 nIters: 6
U1 initRes: 5.523214672491862e-06 finalRes: 1.700602061238445e-08 nIters: 8
U2 initRes: 1.548882998876506e-05 finalRes: 9.457412334045755e-08 nIters: 6
p initRes: 0.0002057229207900956 finalRes: 1.239291440998183e-06 nIters: 3
Time step continuity errors : sum local = 2.108226872634209e-05
                                 global = -1.141991331947033e-09
                             cumulative = -0.01188510968384821
T initRes: 1.863394152510079e-05 finalRes: 1.055285389494195e-07 nIters: 6
nuTilda initRes: 0.0003621537149886603 finalRes: 8.161085223027356e-07 nIters: 4
TP1: 88.11884341967051 final: 88.11884341967051
TP2: 35.77319079494222 final: 35.77319079494222
HFX: 301.8128502582666 final: 301.8128502582666
yPlus min: 1.845457410069176 max: 55.32489906541137 mean: 23.66997759240153
ExecutionTime = 169.36 s  ClockTime = 174 s

Time = 400

U0 initRes: 2.236837525670516e-06 finalRes: 1.004487849365455e-08 nIters: 6
U1 initRes: 5.523208080618894e-06 finalRes: 1.700625433857803e-08 nIters: 8
U2 initRes: 1.548875455491687e-05 finalRes: 9.457320380400124e-08 nIters: 6
p initRes: 0.0002057225693891154 finalRes: 1.239304667780756e-06 nIters: 3
Time step continuity errors : sum local = 2.108249395841088e-05
                                 global = -1.109427369359609e-09
                             cumulative = -0.01188511079327558
T initRes: 1.863389914668436e-05 finalRes: 1.055293289633301e-07 nIters: 6
nuTilda initRes: 0.0003621536042308423 finalRes: 8.161091382089578e-07 nIters: 4
TP1: 88.11884327503488 final: 88.11884327503488
TP2: 35.77319079254635 final: 35.77319079254635
HFX: 301.8128499770719 final: 301.8128499770719
yPlus min: 1.845457479483649 max: 55.32489900624559 mean: 23.66997762024363
ExecutionTime = 169.76 s  ClockTime = 174 s

Time = 500

U0 initRes: 2.236841992467729e-06 finalRes: 1.004488708170108e-08 nIters: 6
U1 initRes: 5.523216366445141e-06 finalRes: 1.700624808605583e-08 nIters: 8
U2 initRes: 1.548876227675939e-05 finalRes: 9.457321014443684e-08 nIters: 6
p initRes: 0.0002057225593267638 finalRes: 1.23929641420603e-06 nIters: 3
Time step continuity errors : sum local = 2.108235360140759e-05
                                 global = -1.107781498152491e-09
                             cumulative = -0.01188511190105708
T initRes: 1.863389612748379e-05 finalRes: 1.055294088713194e-07 nIters: 6
nuTilda initRes: 0.0003621536304947532 finalRes: 8.161083319961644e-07 nIters: 4
TP1: 88.11884330472895 final: 88.11884330472895
TP2: 35.77319079434979 final: 35.77319079434979
HFX: 301.8128499630797 final: 301.8128499630797
yPlus min: 1.845457483684331 max: 55.32489900520584 mean: 23.66997761937629
ExecutionTime = 170.16 s  ClockTime = 174 s

Time = 600

U0 initRes: 2.236841698432753e-06 finalRes: 1.004488375407348e-08 nIters: 6
U1 initRes: 5.52321596202561e-06 finalRes: 1.700624753062534e-08 nIters: 8
U2 initRes: 1.548876213533216e-05 finalRes: 9.457321323663029e-08 nIters: 6
p initRes: 0.0002057225610957411 finalRes: 1.239296768051436e-06 nIters: 3
Time step continuity errors : sum local = 2.108235956954627e-05
                                 global = -1.107845185369423e-09
                             cumulative = -0.01188511300890227
T initRes: 1.863389631306139e-05 finalRes: 1.055294024497755e-07 nIters: 6
nuTilda initRes: 0.0003621536294734539 finalRes: 8.161083706047033e-07 nIters: 4
TP1: 88.11884330377895 final: 88.11884330377895
TP2: 35.77319079426802 final: 35.77319079426802
HFX: 301.8128499648279 final: 301.8128499648279
yPlus min: 1.845457483216208 max: 55.32489900547726 mean: 23.66997761931662
ExecutionTime = 170.58 s  ClockTime = 175 s

Time = 700

U0 initRes: 2.236841695960147e-06 finalRes: 1.00448838968245e-08 nIters: 6
U1 initRes: 5.523215951253603e-06 finalRes: 1.700624759513566e-08 nIters: 8
U2 initRes: 1.548876211259716e-05 finalRes: 9.457321305990793e-08 nIters: 6
p initRes: 0.0002057225610490529 finalRes: 1.239296794762958e-06 nIters: 3
Time step continuity errors : sum local = 2.10823600300822e-05
                                 global = -1.107933717573086e-09
                             cumulative = -0.01188511411683598
T initRes: 1.863389631563327e-05 finalRes: 1.055294016946458e-07 nIters: 6
nuTilda initRes: 0.0003621536294263963 finalRes: 8.161083716429183e-07 nIters: 4
TP1: 88.1188433037064 final: 88.1188433037064
TP2: 35.7731907942662 final: 35.7731907942662
HFX: 301.8128499647925 final: 301.8128499647925
yPlus min: 1.845457483222927 max: 55.32489900546764 mean: 23.66997761932293
ExecutionTime = 171 s  ClockTime = 175 s

Time = 800

U0 initRes: 2.236841696564648e-06 finalRes: 1.004488390140244e-08 nIters: 6
U1 initRes: 5.523215952503523e-06 finalRes: 1.700624758625215e-08 nIters: 8
U2 initRes: 1.548876211543031e-05 finalRes: 9.457321304889158e-08 nIters: 6
p initRes: 0.0002057225610282986 finalRes: 1.239296787368858e-06 nIters: 3
Time step continuity errors : sum local = 2.108235991615738e-05
                                 global = -1.10792170527839e-09
                             cumulative = -0.01188511522475769
T initRes: 1.863389631301733e-05 finalRes: 1.055294014106484e-07 nIters: 6
nuTilda initRes: 0.0003621536294321435 finalRes: 8.161083714601953e-07 nIters: 4
TP1: 88.11884330373205 final: 88.11884330373205
TP2: 35.77319079426552 final: 35.77319079426552
HFX: 301.8128499647868 final: 301.8128499647868
yPlus min: 1.845457483225957 max: 55.3248990054667 mean: 23.66997761932268
ExecutionTime = 171.42 s  ClockTime = 176 s

Time = 900

U0 initRes: 2.236841697045976e-06 finalRes: 1.004488389714534e-08 nIters: 6
U1 initRes: 5.523215952996037e-06 finalRes: 1.70062475941038e-08 nIters: 8
U2 initRes: 1.548876211652325e-05 finalRes: 9.457321305368667e-08 nIters: 6
p initRes: 0.0002057225610272782 finalRes: 1.239296774672619e-06 nIters: 3
Time step continuity errors : sum local = 2.108235973122196e-05
                                 global = -1.107872968542437e-09
                             cumulative = -0.01188511633263066
T initRes: 1.863389631415699e-05 finalRes: 1.055294030393853e-07 nIters: 6
nuTilda initRes: 0.000362153629431725 finalRes: 8.161083714755621e-07 nIters: 4
TP1: 88.11884330374666 final: 88.11884330374666
TP2: 35.77319079426495 final: 35.77319079426495
HFX: 301.8128499647856 final: 301.8128499647856
yPlus min: 1.845457483225361 max: 55.32489900546652 mean: 23.6699776193226
ExecutionTime = 171.83 s  ClockTime = 176 s

Time = 1000

U0 initRes: 2.236841696746848e-06 finalRes: 1.004488390017058e-08 nIters: 6
U1 initRes: 5.523215953213771e-06 finalRes: 1.700624758774513e-08 nIters: 8
U2 initRes: 1.548876211449165e-05 finalRes: 9.457321305370397e-08 nIters: 6
p initRes: 0.0002057225610366726 finalRes: 1.23929678705352e-06 nIters: 3
Time step continuity errors : sum local = 2.108235989886237e-05
                                 global = -1.107920500664532e-09
                             cumulative = -0.01188511744055116
T initRes: 1.863389631338186e-05 finalRes: 1.055294027141752e-07 nIters: 6
nuTilda initRes: 0.0003621536294317852 finalRes: 8.161083714565115e-07 nIters: 4
TP1: 88.11884330370525 final: 88.11884330370525
TP2: 35.77319079426459 final: 35.77319079426459
HFX: 301.8128499647856 final: 301.8128499647856
yPlus min: 1.84545748322322 max: 55.32489900546668 mean: 23.66997761932254
ExecutionTime = 172.31 s  ClockTime = 177 s

End

Moving time 1000 to 0.0035
Printing Primal Residual Statistics.
U Residual Norm2: (28.35688924068004 24.90892957237067 11.6321185988683)
U Residual Mean: (0.04085085579412978 0.03276035684364124 0.01526670788595341)
U Residual Max: (12.97859141960109 11.01245504796869 8.195409126136729)
p Residual Norm2: 8.198171723530857
p Residual Mean: 0.01414703475081107
p Residual Max: 2.849665279628414
T Residual Norm2: 43.51670136123526
T Residual Mean: 0.05141774456827522
T Residual Max: 20.6108333729645
nuTilda Residual Norm2: 0.4914455969543558
nuTilda Residual Mean: 0.0004757225007166044
nuTilda Residual Max: 0.2386953056291465
phi Residual Norm2: 0.04817596333443272
phi Residual Mean: 2.603344531779989e-05
phi Residual Max: 0.02972844861373275
Total Residual Norm2: 59.33827836748636
 
 
DAInputVolCoord. 
Setting volume coordinates. 
Checking mesh quality for time = 1000
    Overall domain bounding box (1.822912416753591e-38 -0.09450000000000007 -1.478088636557878e-07) (0.8445009932543392 0.09450000000000008 0.03750000000000003)
    Mesh has 3 geometric (non-empty/wedge) directions (1 1 1)
    Mesh has 3 solution (non-empty) directions (1 1 1)
    Boundary openness (1.382594132282015e-17 -4.759941072137169e-18 1.058353748475302e-16) OK.
    Max cell openness = 4.370647510880635e-16 OK.
    Max aspect ratio = 69.08288552628782 OK.
    Minimum face area = 1.671047997816622e-06. Maximum face area = 0.001155838119563385.  Face area magnitudes OK.
    Min volume = 5.879984949353571e-09. Max volume = 1.309214517014587e-05.  Total volume = 0.004719833430685792.  Cell volumes OK.
    Mesh non-orthogonality Max: 3.512288671956382 average: 0.2802957497061176
    Non-orthogonality check OK.
    Face pyramids OK.
    Max skewness = 0.2182223446156229 OK.
    Coupled point location match (average 0) OK.

Mesh OK.

Running Primal Solver 036
Previous solution time 1000 not found and nothing deleted.
No finite volume options present

Starting time loop

Time = 1

U0 initRes: 3.091581807384804e-06 finalRes: 1.094529399082802e-08 nIters: 6
U1 initRes: 2.355154897111999e-05 finalRes: 1.027022249147225e-07 nIters: 6
U2 initRes: 0.0001214873663949722 finalRes: 7.349591054794797e-07 nIters: 4
p initRes: 0.0004636885521114164 finalRes: 2.911588306861191e-06 nIters: 4
Time step continuity errors : sum local = 4.953299201940011e-05
                                 global = -3.614399304887102e-07
                             cumulative = -0.01188547888048165
T initRes: 2.433042329691598e-05 finalRes: 1.085643485476876e-07 nIters: 6
nuTilda initRes: 0.0002131022938030532 finalRes: 9.366166025338362e-07 nIters: 4
TP1: 88.08307052961077 final: 88.08307052961077
TP2: 35.77318973829681 final: 35.77318973829681
HFX: 301.8098903814877 final: 301.8098903814877
yPlus min: 1.852764562960004 max: 55.32476972808421 mean: 23.67026492850886
ExecutionTime = 172.44 s  ClockTime = 177 s

Time = 100

U0 initRes: 2.331598378665069e-06 finalRes: 1.039305819538504e-08 nIters: 6
U1 initRes: 5.64845517096439e-06 finalRes: 1.697140743991369e-08 nIters: 8
U2 initRes: 1.592803873591873e-05 finalRes: 9.518473075219836e-08 nIters: 6
p initRes: 0.0002068480173505893 finalRes: 6.999035814310734e-07 nIters: 3
Time step continuity errors : sum local = 1.190655842021353e-05
                                 global = 2.186948139919927e-07
                             cumulative = -0.01188526018566765
T initRes: 1.872099994145442e-05 finalRes: 1.060713376486742e-07 nIters: 6
nuTilda initRes: 0.000362422353814306 finalRes: 8.17318684690287e-07 nIters: 4
TP1: 88.11885321976696 final: 88.11885321976696
TP2: 35.77317499616104 final: 35.77317499616104
HFX: 301.8124246669101 final: 301.8124246669101
yPlus min: 1.846700404092403 max: 55.32509083206646 mean: 23.6697572404918
ExecutionTime = 172.83 s  ClockTime = 177 s

Time = 200

U0 initRes: 2.244182816346693e-06 finalRes: 1.000019332573026e-08 nIters: 6
U1 initRes: 5.519067124064039e-06 finalRes: 1.699460964286022e-08 nIters: 8
U2 initRes: 1.55064663686058e-05 finalRes: 9.486263752772469e-08 nIters: 6
p initRes: 0.0002056180246088055 finalRes: 7.072682356217328e-07 nIters: 3
Time step continuity errors : sum local = 1.203187812161254e-05
                                 global = 2.575033869153824e-07
                             cumulative = -0.01188500268228074
T initRes: 1.865059333912822e-05 finalRes: 1.054516457777233e-07 nIters: 6
nuTilda initRes: 0.0003619802190177724 finalRes: 8.161937873728511e-07 nIters: 4
TP1: 88.11860841738444 final: 88.11860841738444
TP2: 35.77316098990975 final: 35.77316098990975
HFX: 301.8125394047607 final: 301.8125394047607
yPlus min: 1.846669689634596 max: 55.32509934386073 mean: 23.66976549693871
ExecutionTime = 173.31 s  ClockTime = 178 s

Time = 300

U0 initRes: 2.244083702650257e-06 finalRes: 1.000187483097253e-08 nIters: 6
U1 initRes: 5.521981549288322e-06 finalRes: 1.699840817985032e-08 nIters: 8
U2 initRes: 1.550182758920531e-05 finalRes: 9.484304148002625e-08 nIters: 6
p initRes: 0.0002055963660517315 finalRes: 7.059057112428703e-07 nIters: 3
Time step continuity errors : sum local = 1.200870113363689e-05
                                 global = 2.414408038855462e-07
                             cumulative = -0.01188476124147685
T initRes: 1.864729148907973e-05 finalRes: 1.055045231579509e-07 nIters: 6
nuTilda initRes: 0.0003619760912818644 finalRes: 8.158712209528782e-07 nIters: 4
TP1: 88.11861673868586 final: 88.11861673868586
TP2: 35.77316156018163 final: 35.77316156018163
HFX: 301.8125255480709 final: 301.8125255480709
yPlus min: 1.846673353948531 max: 55.3250972773179 mean: 23.6697658752333
ExecutionTime = 173.79 s  ClockTime = 178 s

Time = 400

U0 initRes: 2.244076913015729e-06 finalRes: 1.000039073954298e-08 nIters: 6
U1 initRes: 5.522031680556532e-06 finalRes: 1.699800561093981e-08 nIters: 8
U2 initRes: 1.550202498076109e-05 finalRes: 9.484439950280628e-08 nIters: 6
p initRes: 0.0002055966137433304 finalRes: 7.058913319533467e-07 nIters: 3
Time step continuity errors : sum local = 1.200845626402265e-05
                                 global = 2.411412160993958e-07
                             cumulative = -0.01188452010026075
T initRes: 1.864723683921789e-05 finalRes: 1.055039387470613e-07 nIters: 6
nuTilda initRes: 0.0003619765713221302 finalRes: 8.158646903070293e-07 nIters: 4
TP1: 88.11861719351401 final: 88.11861719351401
TP2: 35.77316157460919 final: 35.77316157460919
HFX: 301.8125258732822 final: 301.8125258732822
yPlus min: 1.846673282138354 max: 55.32509735864662 mean: 23.66976582667619
ExecutionTime = 174.28 s  ClockTime = 179 s

Time = 500

U0 initRes: 2.244071380519591e-06 finalRes: 1.000044852203899e-08 nIters: 6
U1 initRes: 5.522015503080513e-06 finalRes: 1.699801031642145e-08 nIters: 8
U2 initRes: 1.550201722951375e-05 finalRes: 9.484440424136207e-08 nIters: 6
p initRes: 0.0002055966360978129 finalRes: 7.05895191345586e-07 nIters: 3
Time step continuity errors : sum local = 1.200852189565776e-05
                                 global = 2.41145736660826e-07
                             cumulative = -0.01188427895452409
T initRes: 1.86472411456462e-05 finalRes: 1.055037567333049e-07 nIters: 6
nuTilda initRes: 0.0003619765106519463 finalRes: 8.158661689226953e-07 nIters: 4
TP1: 88.11861714100054 final: 88.11861714100054
TP2: 35.77316157141176 final: 35.77316157141176
HFX: 301.8125259096577 final: 301.8125259096577
yPlus min: 1.846673271896105 max: 55.3250973625199 mean: 23.66976582753317
ExecutionTime = 174.74 s  ClockTime = 179 s

Time = 600

U0 initRes: 2.24407159370404e-06 finalRes: 1.000045127501064e-08 nIters: 6
U1 initRes: 5.522016075666792e-06 finalRes: 1.699801157687916e-08 nIters: 8
U2 initRes: 1.550201685789475e-05 finalRes: 9.484439899478618e-08 nIters: 6
p initRes: 0.0002055966340193232 finalRes: 7.058950666509139e-07 nIters: 3
Time step continuity errors : sum local = 1.200851978379827e-05
                                 global = 2.411467300622416e-07
                             cumulative = -0.01188403780779403
T initRes: 1.864724082557471e-05 finalRes: 1.055037669089575e-07 nIters: 6
nuTilda initRes: 0.0003619765114138145 finalRes: 8.15866123357639e-07 nIters: 4
TP1: 88.11861714176896 final: 88.11861714176896
TP2: 35.77316157150928 final: 35.77316157150928
HFX: 301.8125259067616 final: 301.8125259067616
yPlus min: 1.846673272639925 max: 55.32509736204067 mean: 23.6697658276712
ExecutionTime = 175.16 s  ClockTime = 179 s

Time = 700

U0 initRes: 2.244071604868598e-06 finalRes: 1.000045093095824e-08 nIters: 6
U1 initRes: 5.52201610883475e-06 finalRes: 1.699801151146733e-08 nIters: 8
U2 initRes: 1.550201690383703e-05 finalRes: 9.484439921080922e-08 nIters: 6
p initRes: 0.0002055966340391925 finalRes: 7.05895049456636e-07 nIters: 3
Time step continuity errors : sum local = 1.20085194382217e-05
                                 global = 2.411464704978107e-07
                             cumulative = -0.01188379666132353
T initRes: 1.864724082485544e-05 finalRes: 1.055037669808918e-07 nIters: 6
nuTilda initRes: 0.0003619765115950176 finalRes: 8.158661200468558e-07 nIters: 4
TP1: 88.11861714192726 final: 88.11861714192726
TP2: 35.77316157151374 final: 35.77316157151374
HFX: 301.8125259067591 final: 301.8125259067591
yPlus min: 1.84667327263926 max: 55.32509736204837 mean: 23.66976582766109
ExecutionTime = 175.58 s  ClockTime = 180 s

Time = 800

U0 initRes: 2.244071601436173e-06 finalRes: 1.00004509279748e-08 nIters: 6
U1 initRes: 5.522016103927072e-06 finalRes: 1.699801149550693e-08 nIters: 8
U2 initRes: 1.550201690329036e-05 finalRes: 9.484439922679431e-08 nIters: 6
p initRes: 0.000205596634025042 finalRes: 7.058950541651193e-07 nIters: 3
Time step continuity errors : sum local = 1.200851965118063e-05
                                 global = 2.411466708306329e-07
                             cumulative = -0.0118835555146527
T initRes: 1.864724082527369e-05 finalRes: 1.055037671843929e-07 nIters: 6
nuTilda initRes: 0.0003619765115830369 finalRes: 8.158661203867996e-07 nIters: 4
TP1: 88.11861714191993 final: 88.11861714191993
TP2: 35.77316157151571 final: 35.77316157151571
HFX: 301.812525906773 final: 301.812525906773
yPlus min: 1.846673272639616 max: 55.32509736205034 mean: 23.66976582766149
ExecutionTime = 176.03 s  ClockTime = 180 s

Time = 900

U0 initRes: 2.244071602283758e-06 finalRes: 1.000045093284653e-08 nIters: 6
U1 initRes: 5.522016103404326e-06 finalRes: 1.699801150700973e-08 nIters: 8
U2 initRes: 1.550201690361807e-05 finalRes: 9.484439922907784e-08 nIters: 6
p initRes: 0.0002055966340403104 finalRes: 7.058950586528675e-07 nIters: 3
Time step continuity errors : sum local = 1.200851968317186e-05
                                 global = 2.411465440970805e-07
                             cumulative = -0.01188331436810861
T initRes: 1.864724082661184e-05 finalRes: 1.055037669241291e-07 nIters: 6
nuTilda initRes: 0.0003619765115832725 finalRes: 8.158661203930995e-07 nIters: 4
TP1: 88.1186171419434 final: 88.1186171419434
TP2: 35.77316157151248 final: 35.77316157151248
HFX: 301.812525906771 final: 301.812525906771
yPlus min: 1.846673272640061 max: 55.32509736204982 mean: 23.6697658276613
ExecutionTime = 176.46 s  ClockTime = 181 s

Time = 1000

U0 initRes: 2.244071602973965e-06 finalRes: 1.000045093452728e-08 nIters: 6
U1 initRes: 5.522016105152519e-06 finalRes: 1.699801149826312e-08 nIters: 8
U2 initRes: 1.550201690245713e-05 finalRes: 9.484439922824992e-08 nIters: 6
p initRes: 0.0002055966340418372 finalRes: 7.058950462957477e-07 nIters: 3
Time step continuity errors : sum local = 1.200851947961139e-05
                                 global = 2.411465349731664e-07
                             cumulative = -0.01188307322157363
T initRes: 1.864724082438956e-05 finalRes: 1.055037681829363e-07 nIters: 6
nuTilda initRes: 0.0003619765115834935 finalRes: 8.158661203784339e-07 nIters: 4
TP1: 88.1186171419174 final: 88.1186171419174
TP2: 35.77316157151476 final: 35.77316157151476
HFX: 301.8125259067724 final: 301.8125259067724
yPlus min: 1.846673272639663 max: 55.3250973620502 mean: 23.66976582766151
ExecutionTime = 176.94 s  ClockTime = 181 s

End

Moving time 1000 to 0.0036
Printing Primal Residual Statistics.
U Residual Norm2: (28.34367020396918 24.90227185459151 11.62075930913834)
U Residual Mean: (0.04088055141914544 0.03273104032844787 0.01524848483677622)
U Residual Max: (12.97935780048621 11.00837343327522 8.185264160291894)
p Residual Norm2: 8.19601482334161
p Residual Mean: 0.01414185522721925
p Residual Max: 2.849072303055654
T Residual Norm2: 43.50258954749694
T Residual Mean: 0.05142290620235931
T Residual Max: 20.59887202525149
nuTilda Residual Norm2: 0.4913328819929704
nuTilda Residual Mean: 0.0004757290696905665
nuTilda Residual Max: 0.2386170790993377
phi Residual Norm2: 0.04814708984937224
phi Residual Mean: 2.610554560402306e-05
phi Residual Max: 0.02971812263905761
Total Residual Norm2: 59.31629214252936
 
 
DAInputVolCoord. 
Setting volume coordinates. 
Checking mesh quality for time = 1000
    Overall domain bounding box (-9.29544495967616e-10 -0.09450000000000007 -6.807600795509203e-07) (0.8445 0.09450000000000008 0.03750000000000003)
    Mesh has 3 geometric (non-empty/wedge) directions (1 1 1)
    Mesh has 3 solution (non-empty) directions (1 1 1)
    Boundary openness (-7.601577407789786e-19 -1.872725512701182e-17 -1.131122736767633e-16) OK.
    Max cell openness = 4.270840854496738e-16 OK.
    Max aspect ratio = 69.08288552213159 OK.
    Minimum face area = 1.67101109591137e-06. Maximum face area = 0.001155838031967623.  Face area magnitudes OK.
    Min volume = 5.872906399881517e-09. Max volume = 1.309215107586547e-05.  Total volume = 0.004719833614768243.  Cell volumes OK.
    Mesh non-orthogonality Max: 3.512289342671355 average: 0.2803006853792516
    Non-orthogonality check OK.
    Face pyramids OK.
    Max skewness = 0.2181743593805112 OK.
    Coupled point location match (average 0) OK.

Mesh OK.

Running Primal Solver 037
Previous solution time 1000 not found and nothing deleted.
No finite volume options present

Starting time loop

Time = 1

U0 initRes: 3.921517497840146e-06 finalRes: 1.158648190781018e-08 nIters: 6
U1 initRes: 3.980135236407763e-05 finalRes: 1.300266740507454e-07 nIters: 6
U2 initRes: 0.0002286839313572451 finalRes: 1.157723472293196e-06 nIters: 4
p initRes: 0.0007041503360150125 finalRes: 6.872791197179824e-06 nIters: 7
Time step continuity errors : sum local = 0.0001169253598412068
                                 global = -1.086471111797936e-05
                             cumulative = -0.01189393793269161
T initRes: 3.043635035404794e-05 finalRes: 1.238980780535472e-07 nIters: 6
nuTilda initRes: 0.0002165981336951512 finalRes: 9.475650309377522e-07 nIters: 4
TP1: 88.19126832528212 final: 88.19126832528212
TP2: 35.77313878352997 final: 35.77313878352997
HFX: 301.8052797253808 final: 301.8052797253808
yPlus min: 1.858538822438079 max: 55.32530264853962 mean: 23.67028928956631
ExecutionTime = 177.08 s  ClockTime = 181 s

Time = 100

U0 initRes: 2.391050236486479e-06 finalRes: 1.104301749557354e-08 nIters: 6
U1 initRes: 5.69676103441345e-06 finalRes: 1.718280623822078e-08 nIters: 8
U2 initRes: 1.640423630409958e-05 finalRes: 9.477507729710353e-08 nIters: 6
p initRes: 0.0002086167559560724 finalRes: 1.599033682149749e-06 nIters: 3
Time step continuity errors : sum local = 2.720246335444877e-05
                                 global = -9.466358946628818e-09
                             cumulative = -0.01189394739905056
T initRes: 1.884750713007255e-05 finalRes: 1.053279525759108e-07 nIters: 6
nuTilda initRes: 0.0003625431677686916 finalRes: 8.243484141467935e-07 nIters: 4
TP1: 88.11775501027687 final: 88.11775501027687
TP2: 35.7731533743739 final: 35.7731533743739
HFX: 301.8147964754741 final: 301.8147964754741
yPlus min: 1.845025331231378 max: 55.32496145401148 mean: 23.6702359482856
ExecutionTime = 177.58 s  ClockTime = 182 s

Time = 200

U0 initRes: 2.24889801349926e-06 finalRes: 1.011277414335133e-08 nIters: 6
U1 initRes: 5.538944879833858e-06 finalRes: 1.701562262948491e-08 nIters: 8
U2 initRes: 1.552182195952056e-05 finalRes: 9.458566013534379e-08 nIters: 6
p initRes: 0.0002057797239200282 finalRes: 1.369960268036419e-06 nIters: 3
Time step continuity errors : sum local = 2.330535517694893e-05
                                 global = 8.987502070167132e-09
                             cumulative = -0.01189393841154849
T initRes: 1.863640647758293e-05 finalRes: 1.056296592741804e-07 nIters: 6
nuTilda initRes: 0.0003621440313425578 finalRes: 8.158339835447948e-07 nIters: 4
TP1: 88.11812456097319 final: 88.11812456097319
TP2: 35.77317522619765 final: 35.77317522619765
HFX: 301.8147029193515 final: 301.8147029193515
yPlus min: 1.845048358985695 max: 55.32496804879874 mean: 23.67021356539197
ExecutionTime = 178.09 s  ClockTime = 183 s

Time = 300

U0 initRes: 2.239792875522072e-06 finalRes: 1.008783007018487e-08 nIters: 6
U1 initRes: 5.527303781878345e-06 finalRes: 1.701300681143746e-08 nIters: 8
U2 initRes: 1.549584041397201e-05 finalRes: 9.461893918633412e-08 nIters: 6
p initRes: 0.0002057236950453564 finalRes: 1.392815181672571e-06 nIters: 3
Time step continuity errors : sum local = 2.369415376385708e-05
                                 global = 5.452545491836928e-09
                             cumulative = -0.011893932959003
T initRes: 1.863652352569376e-05 finalRes: 1.054999025512402e-07 nIters: 6
nuTilda initRes: 0.0003620961011968341 finalRes: 8.162112280944989e-07 nIters: 4
TP1: 88.11809572570323 final: 88.11809572570323
TP2: 35.77317338097765 final: 35.77317338097765
HFX: 301.8147288635793 final: 301.8147288635793
yPlus min: 1.845040804761495 max: 55.3249714754343 mean: 23.67021330821785
ExecutionTime = 178.55 s  ClockTime = 183 s

Time = 400

U0 initRes: 2.239856321306649e-06 finalRes: 1.008995171569081e-08 nIters: 6
U1 initRes: 5.527503187399466e-06 finalRes: 1.701385479991893e-08 nIters: 8
U2 initRes: 1.549580724527973e-05 finalRes: 9.461499186475436e-08 nIters: 6
p initRes: 0.0002057221586924956 finalRes: 1.392089742422754e-06 nIters: 3
Time step continuity errors : sum local = 2.368181364113046e-05
                                 global = 5.603911277448272e-09
                             cumulative = -0.01189392735509172
T initRes: 1.863633956047433e-05 finalRes: 1.055048350169621e-07 nIters: 6
nuTilda initRes: 0.0003620960362286418 finalRes: 8.161938211314034e-07 nIters: 4
TP1: 88.11809582403589 final: 88.11809582403589
TP2: 35.77317341440441 final: 35.77317341440441
HFX: 301.8147273320877 final: 301.8147273320877
yPlus min: 1.845041203466084 max: 55.32497119792616 mean: 23.6702134069661
ExecutionTime = 179.02 s  ClockTime = 183 s

Time = 500

U0 initRes: 2.239863920119765e-06 finalRes: 1.008973480779093e-08 nIters: 6
U1 initRes: 5.527527393634333e-06 finalRes: 1.701381496565211e-08 nIters: 8
U2 initRes: 1.54958384943553e-05 finalRes: 9.461510325851436e-08 nIters: 6
p initRes: 0.0002057222027062578 finalRes: 1.392038998027811e-06 nIters: 3
Time step continuity errors : sum local = 2.368095043914892e-05
                                 global = 5.609876727789276e-09
                             cumulative = -0.01189392174521499
T initRes: 1.863632909660638e-05 finalRes: 1.055050178803025e-07 nIters: 6
nuTilda initRes: 0.0003620961312561681 finalRes: 8.161912978976374e-07 nIters: 4
TP1: 88.11809592547489 final: 88.11809592547489
TP2: 35.77317342003711 final: 35.77317342003711
HFX: 301.8147273161374 final: 301.8147273161374
yPlus min: 1.845041209990297 max: 55.3249712002008 mean: 23.67021340177235
ExecutionTime = 179.5 s  ClockTime = 184 s

Time = 600

U0 initRes: 2.239863044982568e-06 finalRes: 1.008973802052505e-08 nIters: 6
U1 initRes: 5.527525369851759e-06 finalRes: 1.701381386739727e-08 nIters: 8
U2 initRes: 1.549583677718342e-05 finalRes: 9.461511219110653e-08 nIters: 6
p initRes: 0.0002057222047126371 finalRes: 1.392044251350611e-06 nIters: 3
Time step continuity errors : sum local = 2.368103978337117e-05
                                 global = 5.609167083054937e-09
                             cumulative = -0.01189391613604791
T initRes: 1.863632997392817e-05 finalRes: 1.055049888447237e-07 nIters: 6
nuTilda initRes: 0.0003620961260342179 finalRes: 8.161914898753902e-07 nIters: 4
TP1: 88.11809591990819 final: 88.11809591990819
TP2: 35.77317341962504 final: 35.77317341962504
HFX: 301.8147273226562 final: 301.8147273226562
yPlus min: 1.845041208176349 max: 55.32497120111932 mean: 23.67021340167196
ExecutionTime = 179.98 s  ClockTime = 184 s

Time = 700

U0 initRes: 2.239863060395557e-06 finalRes: 1.00897386621599e-08 nIters: 6
U1 initRes: 5.527525382492656e-06 finalRes: 1.701381406236102e-08 nIters: 8
U2 initRes: 1.549583674694886e-05 finalRes: 9.46151113127453e-08 nIters: 6
p initRes: 0.0002057222044430736 finalRes: 1.392044167665616e-06 nIters: 3
Time step continuity errors : sum local = 2.368103840346017e-05
                                 global = 5.609184525678301e-09
                             cumulative = -0.01189391052686338
T initRes: 1.863632996429364e-05 finalRes: 1.055049910530791e-07 nIters: 6
nuTilda initRes: 0.0003620961259396436 finalRes: 8.161914894453311e-07 nIters: 4
TP1: 88.11809591982143 final: 88.11809591982143
TP2: 35.77317341962594 final: 35.77317341962594
HFX: 301.8147273223846 final: 301.8147273223846
yPlus min: 1.845041208244153 max: 55.32497120106432 mean: 23.67021340169632
ExecutionTime = 180.44 s  ClockTime = 185 s

Time = 800

U0 initRes: 2.239863063128556e-06 finalRes: 1.008973861461135e-08 nIters: 6
U1 initRes: 5.527525389803277e-06 finalRes: 1.701381406218925e-08 nIters: 8
U2 initRes: 1.549583675515481e-05 finalRes: 9.461511133007352e-08 nIters: 6
p initRes: 0.0002057222044438007 finalRes: 1.392044158103358e-06 nIters: 3
Time step continuity errors : sum local = 2.368103821129032e-05
                                 global = 5.609185740835064e-09
                             cumulative = -0.01189390491767764
T initRes: 1.863632996137604e-05 finalRes: 1.055049908714335e-07 nIters: 6
nuTilda initRes: 0.0003620961259637328 finalRes: 8.161914887442904e-07 nIters: 4
TP1: 88.11809591985127 final: 88.11809591985127
TP2: 35.77317341962672 final: 35.77317341962672
HFX: 301.8147273223719 final: 301.8147273223719
yPlus min: 1.845041208245784 max: 55.32497120106344 mean: 23.67021340169524
ExecutionTime = 180.92 s  ClockTime = 185 s

Time = 900

U0 initRes: 2.239863062133093e-06 finalRes: 1.00897386066135e-08 nIters: 6
U1 initRes: 5.52752538899331e-06 finalRes: 1.701381407134198e-08 nIters: 8
U2 initRes: 1.549583675421377e-05 finalRes: 9.461511132775716e-08 nIters: 6
p initRes: 0.0002057222044405707 finalRes: 1.392044146195154e-06 nIters: 3
Time step continuity errors : sum local = 2.368103802780806e-05
                                 global = 5.6091290850728e-09
                             cumulative = -0.01189389930854856
T initRes: 1.863632996332071e-05 finalRes: 1.055049906662052e-07 nIters: 6
nuTilda initRes: 0.0003620961259617453 finalRes: 8.161914887810611e-07 nIters: 4
TP1: 88.11809591983983 final: 88.11809591983983
TP2: 35.77317341962687 final: 35.77317341962687
HFX: 301.814727322374 final: 301.814727322374
yPlus min: 1.84504120824756 max: 55.32497120106379 mean: 23.6702134016954
ExecutionTime = 181.41 s  ClockTime = 186 s

Time = 1000

U0 initRes: 2.23986306310831e-06 finalRes: 1.008973861542327e-08 nIters: 6
U1 initRes: 5.527525389709173e-06 finalRes: 1.701381406298595e-08 nIters: 8
U2 initRes: 1.549583675478345e-05 finalRes: 9.461511133690089e-08 nIters: 6
p initRes: 0.0002057222044442318 finalRes: 1.392044157822494e-06 nIters: 3
Time step continuity errors : sum local = 2.368103816396482e-05
                                 global = 5.609169590537167e-09
                             cumulative = -0.01189389369937897
T initRes: 1.863632996398722e-05 finalRes: 1.055049901751496e-07 nIters: 6
nuTilda initRes: 0.0003620961259630447 finalRes: 8.16191488775325e-07 nIters: 4
TP1: 88.11809591984346 final: 88.11809591984346
TP2: 35.77317341962577 final: 35.77317341962577
HFX: 301.8147273223742 final: 301.8147273223742
yPlus min: 1.845041208246043 max: 55.32497120106354 mean: 23.67021340169517
ExecutionTime = 181.92 s  ClockTime = 186 s

End

Moving time 1000 to 0.0037
Printing Primal Residual Statistics.
U Residual Norm2: (28.35788001283379 24.90839952084112 11.63306162798421)
U Residual Mean: (0.04088032395625343 0.03278278134585322 0.01527815851819462)
U Residual Max: (12.9792018862055 11.0117555744765 8.191111793281074)
p Residual Norm2: 8.197176025751665
p Residual Mean: 0.01414991645093714
p Residual Max: 2.849640690299773
T Residual Norm2: 43.50632694008349
T Residual Mean: 0.05141913005500641
T Residual Max: 20.59833602337386
nuTilda Residual Norm2: 0.4914243938325839
nuTilda Residual Mean: 0.0004758298161928422
nuTilda Residual Max: 0.2386905568057365
phi Residual Norm2: 0.04816894978593424
phi Residual Mean: 2.605320397289495e-05
phi Residual Max: 0.02972930632204438
Total Residual Norm2: 59.33096868541558
 
 
DAInputVolCoord. 
Setting volume coordinates. 
Checking mesh quality for time = 1000
    Overall domain bounding box (-1.469459970941894e-11 -0.09450000000000007 -9.250319689969398e-07) (0.8445000000000003 0.09450000000000008 0.03750000000000003)
    Mesh has 3 geometric (non-empty/wedge) directions (1 1 1)
    Mesh has 3 solution (non-empty) directions (1 1 1)
    Boundary openness (4.274744166162053e-18 -6.435050078761133e-18 -4.370004779151145e-17) OK.
    Max cell openness = 4.078422436716448e-16 OK.
    Max aspect ratio = 69.08288552229807 OK.
    Minimum face area = 1.673116716946795e-06. Maximum face area = 0.001155838046254641.  Face area magnitudes OK.
    Min volume = 5.879981433385499e-09. Max volume = 1.309214801881389e-05.  Total volume = 0.004719837223028104.  Cell volumes OK.
    Mesh non-orthogonality Max: 3.512303295853819 average: 0.2800732395567944
    Non-orthogonality check OK.
    Face pyramids OK.
    Max skewness = 0.2181543294293335 OK.
    Coupled point location match (average 0) OK.

Mesh OK.

Running Primal Solver 038
Previous solution time 1000 not found and nothing deleted.
No finite volume options present

Starting time loop

Time = 1

U0 initRes: 2.984490294475016e-06 finalRes: 1.093920545351124e-08 nIters: 6
U1 initRes: 2.28756902565953e-05 finalRes: 1.02185875971682e-07 nIters: 6
U2 initRes: 0.0001210870695204553 finalRes: 7.392991296350338e-07 nIters: 4
p initRes: 0.000456355146452567 finalRes: 4.122700112002434e-06 nIters: 4
Time step continuity errors : sum local = 7.013804988931068e-05
                                 global = -8.407916749581174e-07
                             cumulative = -0.01189473449105393
T initRes: 2.412791490443902e-05 finalRes: 1.086471327804252e-07 nIters: 6
nuTilda initRes: 0.0002129556427968214 finalRes: 9.365743071405776e-07 nIters: 4
TP1: 88.07876867149621 final: 88.07876867149621
TP2: 35.7731716048231 final: 35.7731716048231
HFX: 301.8117243545607 final: 301.8117243545607
yPlus min: 1.852094354301559 max: 55.32484763932396 mean: 23.67048994198174
ExecutionTime = 182.05 s  ClockTime = 186 s

Time = 100

U0 initRes: 2.302405476649257e-06 finalRes: 1.019890805768506e-08 nIters: 6
U1 initRes: 5.60843557761817e-06 finalRes: 1.695976982314063e-08 nIters: 8
U2 initRes: 1.578252764151273e-05 finalRes: 9.511528426688293e-08 nIters: 6
p initRes: 0.0002064577420528295 finalRes: 7.970958394047722e-07 nIters: 3
Time step continuity errors : sum local = 1.356000022653392e-05
                                 global = -4.498585078168968e-08
                             cumulative = -0.01189477947690471
T initRes: 1.870139165775441e-05 finalRes: 1.058864256907294e-07 nIters: 6
nuTilda initRes: 0.0003623516791502643 finalRes: 8.167360637134672e-07 nIters: 4
TP1: 88.11773128298817 final: 88.11773128298817
TP2: 35.77317226103458 final: 35.77317226103458
HFX: 301.8131728986421 final: 301.8131728986421
yPlus min: 1.845963492028907 max: 55.32498368700505 mean: 23.66989984486273
ExecutionTime = 182.49 s  ClockTime = 187 s

Time = 200

U0 initRes: 2.246658348326574e-06 finalRes: 1.004507932784243e-08 nIters: 6
U1 initRes: 5.521749844774239e-06 finalRes: 1.69938163137721e-08 nIters: 8
U2 initRes: 1.550628147716651e-05 finalRes: 9.490135102283357e-08 nIters: 6
p initRes: 0.0002056403504652237 finalRes: 7.859705343186908e-07 nIters: 3
Time step continuity errors : sum local = 1.337076982631401e-05
                                 global = 5.25507156186044e-09
                             cumulative = -0.01189477422183315
T initRes: 1.86519422872074e-05 finalRes: 1.054728498240744e-07 nIters: 6
nuTilda initRes: 0.0003620351344305904 finalRes: 8.162878452089649e-07 nIters: 4
TP1: 88.11756600987076 final: 88.11756600987076
TP2: 35.77316332628845 final: 35.77316332628845
HFX: 301.8132266815256 final: 301.8132266815256
yPlus min: 1.845944714936234 max: 55.32498628481269 mean: 23.66990634546739
ExecutionTime = 182.9 s  ClockTime = 187 s

Time = 300

U0 initRes: 2.246774830209354e-06 finalRes: 1.004223378038355e-08 nIters: 6
U1 initRes: 5.52427474762895e-06 finalRes: 1.699625252648913e-08 nIters: 8
U2 initRes: 1.550389274208964e-05 finalRes: 9.488800291414705e-08 nIters: 6
p initRes: 0.0002056258946564329 finalRes: 7.838249093199268e-07 nIters: 3
Time step continuity errors : sum local = 1.333427030885748e-05
                                 global = 8.900589907109285e-09
                             cumulative = -0.01189476532124324
T initRes: 1.86496745698896e-05 finalRes: 1.055140039970162e-07 nIters: 6
nuTilda initRes: 0.0003620333641009065 finalRes: 8.160301069165619e-07 nIters: 4
TP1: 88.11757339306465 final: 88.11757339306465
TP2: 35.77316393255425 final: 35.77316393255425
HFX: 301.8132168001603 final: 301.8132168001603
yPlus min: 1.845947494313703 max: 55.32498478119687 mean: 23.66990659717414
ExecutionTime = 183.26 s  ClockTime = 188 s

Time = 400

U0 initRes: 2.246779189468359e-06 finalRes: 1.004119216996743e-08 nIters: 6
U1 initRes: 5.524290273033714e-06 finalRes: 1.699595370257116e-08 nIters: 8
U2 initRes: 1.550401003269863e-05 finalRes: 9.488908698705085e-08 nIters: 6
p initRes: 0.0002056261778476468 finalRes: 7.838680796905093e-07 nIters: 3
Time step continuity errors : sum local = 1.333500458197976e-05
                                 global = 8.698555657331483e-09
                             cumulative = -0.01189475662268758
T initRes: 1.864964600799264e-05 finalRes: 1.055133656123693e-07 nIters: 6
nuTilda initRes: 0.0003620336628283186 finalRes: 8.160268335268518e-07 nIters: 4
TP1: 88.11757366400566 final: 88.11757366400566
TP2: 35.77316394107011 final: 35.77316394107011
HFX: 301.8132170951519 final: 301.8132170951519
yPlus min: 1.845947427217393 max: 55.32498484898948 mean: 23.66990656058329
ExecutionTime = 183.64 s  ClockTime = 188 s

Time = 500

U0 initRes: 2.246775420473813e-06 finalRes: 1.00412489723088e-08 nIters: 6
U1 initRes: 5.524278596357306e-06 finalRes: 1.699595855456879e-08 nIters: 8
U2 initRes: 1.550400442103376e-05 finalRes: 9.488908356891587e-08 nIters: 6
p initRes: 0.0002056261926504751 finalRes: 7.838744841254244e-07 nIters: 3
Time step continuity errors : sum local = 1.33351135227107e-05
                                 global = 8.695220918071581e-09
                             cumulative = -0.01189474792746666
T initRes: 1.864965015468739e-05 finalRes: 1.055132354342988e-07 nIters: 6
nuTilda initRes: 0.0003620336204774899 finalRes: 8.160279236972329e-07 nIters: 4
TP1: 88.11757362617195 final: 88.11757362617195
TP2: 35.77316393866604 final: 35.77316393866604
HFX: 301.813217117758 final: 301.813217117758
yPlus min: 1.845947420126424 max: 55.32498485139691 mean: 23.66990656135336
ExecutionTime = 184.05 s  ClockTime = 189 s

Time = 600

U0 initRes: 2.246775565622179e-06 finalRes: 1.004125008437408e-08 nIters: 6
U1 initRes: 5.524279085535764e-06 finalRes: 1.699595942231211e-08 nIters: 8
U2 initRes: 1.550400416424083e-05 finalRes: 9.48890797651917e-08 nIters: 6
p initRes: 0.0002056261908869047 finalRes: 7.838740363182197e-07 nIters: 3
Time step continuity errors : sum local = 1.333510585576493e-05
                                 global = 8.695885940419685e-09
                             cumulative = -0.01189473923158072
T initRes: 1.864964994430437e-05 finalRes: 1.055132455094182e-07 nIters: 6
nuTilda initRes: 0.0003620336212747452 finalRes: 8.160278847465194e-07 nIters: 4
TP1: 88.1175736269692 final: 88.1175736269692
TP2: 35.77316393875169 final: 35.77316393875169
HFX: 301.8132171156295 final: 301.8132171156295
yPlus min: 1.845947420703335 max: 55.32498485103684 mean: 23.66990656145191
ExecutionTime = 184.51 s  ClockTime = 189 s

Time = 700

U0 initRes: 2.246775572928103e-06 finalRes: 1.00412498249409e-08 nIters: 6
U1 initRes: 5.524279105701854e-06 finalRes: 1.699595936290897e-08 nIters: 8
U2 initRes: 1.550400419743922e-05 finalRes: 9.488907996605e-08 nIters: 6
p initRes: 0.000205626190913535 finalRes: 7.838740535304382e-07 nIters: 3
Time step continuity errors : sum local = 1.333510615587832e-05
                                 global = 8.695803544998462e-09
                             cumulative = -0.01189473053577718
T initRes: 1.864964993983787e-05 finalRes: 1.055132430788041e-07 nIters: 6
nuTilda initRes: 0.0003620336213926709 finalRes: 8.160278825731947e-07 nIters: 4
TP1: 88.11757362707611 final: 88.11757362707611
TP2: 35.77316393875628 final: 35.77316393875628
HFX: 301.8132171156465 final: 301.8132171156465
yPlus min: 1.845947420701214 max: 55.32498485104487 mean: 23.66990656144451
ExecutionTime = 184.9 s  ClockTime = 189 s

Time = 800

U0 initRes: 2.246775571761485e-06 finalRes: 1.004124982055887e-08 nIters: 6
U1 initRes: 5.524279101612837e-06 finalRes: 1.699595936441419e-08 nIters: 8
U2 initRes: 1.550400419642338e-05 finalRes: 9.488907996119968e-08 nIters: 6
p initRes: 0.0002056261909236214 finalRes: 7.838740315708728e-07 nIters: 3
Time step continuity errors : sum local = 1.333510576617354e-05
                                 global = 8.696067406383343e-09
                             cumulative = -0.01189472183970977
T initRes: 1.864964994238646e-05 finalRes: 1.05513244520905e-07 nIters: 6
nuTilda initRes: 0.0003620336213840135 finalRes: 8.160278828190882e-07 nIters: 4
TP1: 88.11757362710981 final: 88.11757362710981
TP2: 35.7731639387566 final: 35.7731639387566
HFX: 301.8132171156529 final: 301.8132171156529
yPlus min: 1.845947420700587 max: 55.32498485104564 mean: 23.66990656144452
ExecutionTime = 185.31 s  ClockTime = 190 s

Time = 900

U0 initRes: 2.246775570752244e-06 finalRes: 1.004124981483774e-08 nIters: 6
U1 initRes: 5.524279100983214e-06 finalRes: 1.699595935299658e-08 nIters: 8
U2 initRes: 1.550400419718131e-05 finalRes: 9.488907996166223e-08 nIters: 6
p initRes: 0.0002056261909037655 finalRes: 7.838740366631026e-07 nIters: 3
Time step continuity errors : sum local = 1.333510576157283e-05
                                 global = 8.695934470562432e-09
                             cumulative = -0.0118947131437753
T initRes: 1.864964994173429e-05 finalRes: 1.055132426980006e-07 nIters: 6
nuTilda initRes: 0.0003620336213836145 finalRes: 8.160278828312627e-07 nIters: 4
TP1: 88.11757362709174 final: 88.11757362709174
TP2: 35.77316393875648 final: 35.77316393875648
HFX: 301.8132171156528 final: 301.8132171156528
yPlus min: 1.845947420701005 max: 55.32498485104587 mean: 23.66990656144463
ExecutionTime = 185.73 s  ClockTime = 190 s

Time = 1000

U0 initRes: 2.246775570328218e-06 finalRes: 1.00412498126113e-08 nIters: 6
U1 initRes: 5.524279100191891e-06 finalRes: 1.699595936143487e-08 nIters: 8
U2 initRes: 1.55040041985599e-05 finalRes: 9.488907996547143e-08 nIters: 6
p initRes: 0.0002056261909068355 finalRes: 7.838740596814948e-07 nIters: 3
Time step continuity errors : sum local = 1.333510620843103e-05
                                 global = 8.695855399176571e-09
                             cumulative = -0.0118947044479199
T initRes: 1.86496499411817e-05 finalRes: 1.055132426893597e-07 nIters: 6
nuTilda initRes: 0.0003620336213834173 finalRes: 8.1602788284561e-07 nIters: 4
TP1: 88.11757362710472 final: 88.11757362710472
TP2: 35.77316393875761 final: 35.77316393875761
HFX: 301.8132171156534 final: 301.8132171156534
yPlus min: 1.845947420703185 max: 55.32498485104563 mean: 23.66990656144465
ExecutionTime = 186.14 s  ClockTime = 191 s

End

Moving time 1000 to 0.0038
Printing Primal Residual Statistics.
U Residual Norm2: (28.34960386467732 24.90589152024698 11.62266910262611)
U Residual Mean: (0.04090456354399075 0.03274474731760587 0.01525348155926389)
U Residual Max: (12.97982520334034 11.01048701230543 8.182977052481784)
p Residual Norm2: 8.196548165724552
p Residual Mean: 0.01414483688789869
p Residual Max: 2.849571105290631
T Residual Norm2: 43.50240219996542
T Residual Mean: 0.05142907886061299
T Residual Max: 20.59275031511436
nuTilda Residual Norm2: 0.4913801180872999
nuTilda Residual Mean: 0.0004758255537299816
nuTilda Residual Max: 0.238661105630595
phi Residual Norm2: 0.04814937325987177
phi Residual Mean: 2.611409472151921e-05
phi Residual Max: 0.02971952235360006
Total Residual Norm2: 59.32095818978966
 
 
DAInputVolCoord. 
Setting volume coordinates. 
Checking mesh quality for time = 1000
    Overall domain bounding box (-1.058470854017702e-10 -0.09450000000000007 -3.86004129160998e-07) (0.8445000000000003 0.09450000000000008 0.03750000000000003)
    Mesh has 3 geometric (non-empty/wedge) directions (1 1 1)
    Mesh has 3 solution (non-empty) directions (1 1 1)
    Boundary openness (-2.396614855257124e-18 -1.146022408405191e-17 -1.593800150825904e-16) OK.
    Max cell openness = 4.840056009380939e-16 OK.
    Max aspect ratio = 69.08288552368337 OK.
    Minimum face area = 1.673116304976476e-06. Maximum face area = 0.001155838041389286.  Face area magnitudes OK.
    Min volume = 5.879984968524595e-09. Max volume = 1.30921458623454e-05.  Total volume = 0.004719829822403183.  Cell volumes OK.
    Mesh non-orthogonality Max: 3.512316114523641 average: 0.2800882242655217
    Non-orthogonality check OK.
    Face pyramids OK.
    Max skewness = 0.218146841993007 OK.
    Coupled point location match (average 0) OK.

Mesh OK.

Running Primal Solver 039
Previous solution time 1000 not found and nothing deleted.
No finite volume options present

Starting time loop

Time = 1

U0 initRes: 2.473277618751455e-06 finalRes: 1.028219381797765e-08 nIters: 6
U1 initRes: 6.239780490256614e-06 finalRes: 1.694449253872651e-08 nIters: 8
U2 initRes: 2.910235957130954e-05 finalRes: 1.012351721704873e-07 nIters: 6
p initRes: 0.0002604866002599366 finalRes: 2.265554151943193e-06 nIters: 6
Time step continuity errors : sum local = 3.854287015225744e-05
                                 global = -2.896100212260484e-06
                             cumulative = -0.01189760054813216
T initRes: 1.842221416246005e-05 finalRes: 1.047418578984183e-07 nIters: 6
nuTilda initRes: 0.0002103119261337867 finalRes: 9.265645683341181e-07 nIters: 4
TP1: 88.12562380258332 final: 88.12562380258332
TP2: 35.77315797970626 final: 35.77315797970626
HFX: 301.8088770691465 final: 301.8088770691465
yPlus min: 1.854251239618278 max: 55.32502443617112 mean: 23.67030092295876
ExecutionTime = 186.27 s  ClockTime = 191 s

Time = 100

U0 initRes: 2.24831191738194e-06 finalRes: 1.014873541778329e-08 nIters: 6
U1 initRes: 5.533314324162075e-06 finalRes: 1.702542172263268e-08 nIters: 8
U2 initRes: 1.552021667776793e-05 finalRes: 9.450614943878413e-08 nIters: 6
p initRes: 0.0002057617461679123 finalRes: 1.264137861911064e-06 nIters: 3
Time step continuity errors : sum local = 2.150510170830047e-05
                                 global = 3.045460426207539e-09
                             cumulative = -0.01189759750267174
T initRes: 1.864052108018469e-05 finalRes: 1.056702064723956e-07 nIters: 6
nuTilda initRes: 0.0003620650068981569 finalRes: 8.157566768161039e-07 nIters: 4
TP1: 88.11917165716757 final: 88.11917165716757
TP2: 35.77317218408572 final: 35.77317218408572
HFX: 301.814001042019 final: 301.814001042019
yPlus min: 1.845775211275526 max: 55.32507916188617 mean: 23.67007508645565
ExecutionTime = 186.7 s  ClockTime = 191 s

Time = 200

U0 initRes: 2.236377762038229e-06 finalRes: 1.005582856498086e-08 nIters: 6
U1 initRes: 5.52426427537872e-06 finalRes: 1.700606933877878e-08 nIters: 8
U2 initRes: 1.548728395480678e-05 finalRes: 9.45833773331534e-08 nIters: 6
p initRes: 0.000205699902877158 finalRes: 1.268762484729366e-06 nIters: 3
Time step continuity errors : sum local = 2.158375702812106e-05
                                 global = -2.559948473076099e-09
                             cumulative = -0.01189760006262021
T initRes: 1.863154424477083e-05 finalRes: 1.055157727353106e-07 nIters: 6
nuTilda initRes: 0.000362044894818161 finalRes: 8.160305852304914e-07 nIters: 4
TP1: 88.11916967651064 final: 88.11916967651064
TP2: 35.77317144715502 final: 35.77317144715502
HFX: 301.8140295563145 final: 301.8140295563145
yPlus min: 1.845767047895996 max: 55.32508410031888 mean: 23.67007318860676
ExecutionTime = 187.15 s  ClockTime = 192 s

Time = 300

U0 initRes: 2.236040138594153e-06 finalRes: 1.005919516667743e-08 nIters: 6
U1 initRes: 5.523733031441812e-06 finalRes: 1.700696398626918e-08 nIters: 8
U2 initRes: 1.54865048920371e-05 finalRes: 9.458071727521273e-08 nIters: 6
p initRes: 0.0002056995160852547 finalRes: 1.26957353768299e-06 nIters: 3
Time step continuity errors : sum local = 2.159755528375557e-05
                                 global = -2.607514005903607e-09
                             cumulative = -0.01189760267013422
T initRes: 1.863144082543841e-05 finalRes: 1.055125659529821e-07 nIters: 6
nuTilda initRes: 0.0003620420230499863 finalRes: 8.160792928714003e-07 nIters: 4
TP1: 88.11916763026505 final: 88.11916763026505
TP2: 35.77317133649949 final: 35.77317133649949
HFX: 301.8140296951635 final: 301.8140296951635
yPlus min: 1.845766964874756 max: 55.32508401909177 mean: 23.6700733055865
ExecutionTime = 187.53 s  ClockTime = 192 s

Time = 400

U0 initRes: 2.23605987078476e-06 finalRes: 1.005916467615312e-08 nIters: 6
U1 initRes: 5.523777048652846e-06 finalRes: 1.700698176567404e-08 nIters: 8
U2 initRes: 1.548654440080363e-05 finalRes: 9.458054733179903e-08 nIters: 6
p initRes: 0.0002056993782587234 finalRes: 1.26949521272851e-06 nIters: 3
Time step continuity errors : sum local = 2.159622283685486e-05
                                 global = -2.587846023417377e-09
                             cumulative = -0.01189760525798024
T initRes: 1.863142203371727e-05 finalRes: 1.055131551273679e-07 nIters: 6
nuTilda initRes: 0.0003620421384938052 finalRes: 8.16075135675131e-07 nIters: 4
TP1: 88.11916775573712 final: 88.11916775573712
TP2: 35.77317134559745 final: 35.77317134559745
HFX: 301.8140295610953 final: 301.8140295610953
yPlus min: 1.845767002658601 max: 55.32508400048156 mean: 23.67007330709461
ExecutionTime = 187.98 s  ClockTime = 192 s

Time = 500

U0 initRes: 2.236059438649717e-06 finalRes: 1.005915220116038e-08 nIters: 6
U1 initRes: 5.523776631042089e-06 finalRes: 1.700697745002306e-08 nIters: 8
U2 initRes: 1.54865449073777e-05 finalRes: 9.458056605218557e-08 nIters: 6
p initRes: 0.000205699385353593 finalRes: 1.269496206270266e-06 nIters: 3
Time step continuity errors : sum local = 2.15962396930199e-05
                                 global = -2.588691082477734e-09
                             cumulative = -0.01189760784667132
T initRes: 1.863142250915715e-05 finalRes: 1.055131355001248e-07 nIters: 6
nuTilda initRes: 0.0003620421394326828 finalRes: 8.160751674940117e-07 nIters: 4
TP1: 88.11916775692882 final: 88.11916775692882
TP2: 35.77317134554592 final: 35.77317134554592
HFX: 301.8140295673952 final: 301.8140295673952
yPlus min: 1.845767001032138 max: 55.32508400171589 mean: 23.67007330658712
ExecutionTime = 188.4 s  ClockTime = 193 s

Time = 600

U0 initRes: 2.236059385062114e-06 finalRes: 1.005915295433396e-08 nIters: 6
U1 initRes: 5.523776487140572e-06 finalRes: 1.70069776015805e-08 nIters: 8
U2 initRes: 1.548654472997424e-05 finalRes: 9.458056571318737e-08 nIters: 6
p initRes: 0.0002056993855078748 finalRes: 1.269496452456055e-06 nIters: 3
Time step continuity errors : sum local = 2.1596243857923e-05
                                 global = -2.588716473434051e-09
                             cumulative = -0.0118976104353878
T initRes: 1.86314225486458e-05 finalRes: 1.055131340035526e-07 nIters: 6
nuTilda initRes: 0.0003620421388674457 finalRes: 8.160751814732731e-07 nIters: 4
TP1: 88.11916775638133 final: 88.11916775638133
TP2: 35.77317134551532 final: 35.77317134551532
HFX: 301.8140295675675 final: 301.8140295675675
yPlus min: 1.845767000974904 max: 55.3250840017212 mean: 23.67007330660806
ExecutionTime = 188.82 s  ClockTime = 193 s

Time = 700

U0 initRes: 2.236059389805968e-06 finalRes: 1.005915295357478e-08 nIters: 6
U1 initRes: 5.5237764963972e-06 finalRes: 1.700697759842918e-08 nIters: 8
U2 initRes: 1.54865447395713e-05 finalRes: 9.458056565168473e-08 nIters: 6
p initRes: 0.0002056993854708458 finalRes: 1.269496443443873e-06 nIters: 3
Time step continuity errors : sum local = 2.15962437169643e-05
                                 global = -2.588826003580974e-09
                             cumulative = -0.0118976130242138
T initRes: 1.863142254561093e-05 finalRes: 1.055131346356756e-07 nIters: 6
nuTilda initRes: 0.0003620421388938129 finalRes: 8.160751806356855e-07 nIters: 4
TP1: 88.11916775642544 final: 88.11916775642544
TP2: 35.77317134551679 final: 35.77317134551679
HFX: 301.8140295675336 final: 301.8140295675336
yPlus min: 1.845767000985942 max: 55.32508400171587 mean: 23.6700733066088
ExecutionTime = 189.24 s  ClockTime = 194 s

Time = 800

U0 initRes: 2.236059389579781e-06 finalRes: 1.005915295778254e-08 nIters: 6
U1 initRes: 5.523776496260872e-06 finalRes: 1.700697761288047e-08 nIters: 8
U2 initRes: 1.548654473935501e-05 finalRes: 9.458056565855451e-08 nIters: 6
p initRes: 0.0002056993854593405 finalRes: 1.269496447083063e-06 nIters: 3
Time step continuity errors : sum local = 2.159624372430849e-05
                                 global = -2.58889179567324e-09
                             cumulative = -0.0118976156131056
T initRes: 1.863142254889135e-05 finalRes: 1.055131352732314e-07 nIters: 6
nuTilda initRes: 0.000362042138894285 finalRes: 8.160751806178444e-07 nIters: 4
TP1: 88.11916775642625 final: 88.11916775642625
TP2: 35.77317134551566 final: 35.77317134551566
HFX: 301.814029567534 final: 301.814029567534
yPlus min: 1.845767000984996 max: 55.32508400171596 mean: 23.67007330660855
ExecutionTime = 189.68 s  ClockTime = 194 s

Time = 900

U0 initRes: 2.236059389894889e-06 finalRes: 1.005915295566043e-08 nIters: 6
U1 initRes: 5.523776496782496e-06 finalRes: 1.700697761594277e-08 nIters: 8
U2 initRes: 1.548654474011619e-05 finalRes: 9.45805656633425e-08 nIters: 6
p initRes: 0.0002056993854671048 finalRes: 1.26949643318505e-06 nIters: 3
Time step continuity errors : sum local = 2.159624357933379e-05
                                 global = -2.588748225973809e-09
                             cumulative = -0.01189761820185382
T initRes: 1.863142254715646e-05 finalRes: 1.055131350538075e-07 nIters: 6
nuTilda initRes: 0.0003620421388941676 finalRes: 8.160751806384838e-07 nIters: 4
TP1: 88.11916775643948 final: 88.11916775643948
TP2: 35.77317134551687 final: 35.77317134551687
HFX: 301.8140295675357 final: 301.8140295675357
yPlus min: 1.845767000988447 max: 55.32508400171628 mean: 23.67007330660878
ExecutionTime = 190.11 s  ClockTime = 195 s

Time = 1000

U0 initRes: 2.236059389441687e-06 finalRes: 1.005915296038926e-08 nIters: 6
U1 initRes: 5.523776496044275e-06 finalRes: 1.700697761406786e-08 nIters: 8
U2 initRes: 1.548654473882536e-05 finalRes: 9.458056565773678e-08 nIters: 6
p initRes: 0.0002056993854616876 finalRes: 1.26949644279914e-06 nIters: 3
Time step continuity errors : sum local = 2.159624372964599e-05
                                 global = -2.588837275485307e-09
                             cumulative = -0.0118976207906911
T initRes: 1.86314225469413e-05 finalRes: 1.055131358321101e-07 nIters: 6
nuTilda initRes: 0.0003620421388942959 finalRes: 8.160751806217312e-07 nIters: 4
TP1: 88.11916775642865 final: 88.11916775642865
TP2: 35.77317134551575 final: 35.77317134551575
HFX: 301.8140295675341 final: 301.8140295675341
yPlus min: 1.845767000984863 max: 55.32508400171611 mean: 23.67007330660856
ExecutionTime = 190.54 s  ClockTime = 195 s

End

Moving time 1000 to 0.0039
Printing Primal Residual Statistics.
U Residual Norm2: (28.35185333490178 24.9047083559275 11.6310826648981)
U Residual Mean: (0.04085677360607391 0.03276622798080459 0.01526918008262931)
U Residual Max: (12.97862656004397 11.00967692799276 8.193110421211081)
p Residual Norm2: 8.196631575432495
p Residual Mean: 0.01414607523365516
p Residual Max: 2.84912871080786
T Residual Norm2: 43.5066261385549
T Residual Mean: 0.05141265618980614
T Residual Max: 20.60438000653583
nuTilda Residual Norm2: 0.4913780276757306
nuTilda Residual Mean: 0.0004757359873459849
nuTilda Residual Max: 0.2386469256890286
phi Residual Norm2: 0.04816744466208544
phi Residual Mean: 2.60376928510828e-05
phi Residual Max: 0.02972846977545676
Total Residual Norm2: 59.32629458669615
 
 
DAInputVolCoord. 
Setting volume coordinates. 
Checking mesh quality for time = 1000
    Overall domain bounding box (-5.296276592370104e-12 -0.09450000000000007 -2.901335624231151e-07) (0.8445000000000003 0.09450000000000008 0.03750000000000003)
    Mesh has 3 geometric (non-empty/wedge) directions (1 1 1)
    Mesh has 3 solution (non-empty) directions (1 1 1)
    Boundary openness (1.62618034003536e-18 -1.81152625699571e-17 -1.242528231560117e-16) OK.
    Max cell openness = 5.356037721525764e-16 OK.
    Max aspect ratio = 69.08288552240244 OK.
    Minimum face area = 1.673100416643685e-06. Maximum face area = 0.001155838073778268.  Face area magnitudes OK.
    Min volume = 5.879890417787943e-09. Max volume = 1.309214757964112e-05.  Total volume = 0.004719834498975495.  Cell volumes OK.
    Mesh non-orthogonality Max: 3.512296220632295 average: 0.2800622697007857
    Non-orthogonality check OK.
    Face pyramids OK.
    Max skewness = 0.2181461962851396 OK.
    Coupled point location match (average 0) OK.

Mesh OK.

Running Primal Solver 040
Previous solution time 1000 not found and nothing deleted.
No finite volume options present

Starting time loop

Time = 1

U0 initRes: 2.352923756515209e-06 finalRes: 1.013403257538821e-08 nIters: 6
U1 initRes: 6.52058407878984e-06 finalRes: 1.738502142786086e-08 nIters: 8
U2 initRes: 2.405462629219414e-05 finalRes: 9.906800968524058e-08 nIters: 6
p initRes: 0.000246323170163065 finalRes: 1.096860539730779e-06 nIters: 4
Time step continuity errors : sum local = 1.866050314449317e-05
                                 global = 4.410968244027506e-08
                             cumulative = -0.01189757668100866
T initRes: 1.831628296503273e-05 finalRes: 1.053685134885898e-07 nIters: 6
nuTilda initRes: 0.0002100566948603368 finalRes: 9.272642138061567e-07 nIters: 4
TP1: 88.11523385270061 final: 88.11523385270061
TP2: 35.77317149750167 final: 35.77317149750167
HFX: 301.8096263087634 final: 301.8096263087634
yPlus min: 1.854584041710049 max: 55.32505407426761 mean: 23.6704190653398
ExecutionTime = 190.68 s  ClockTime = 195 s

Time = 100

U0 initRes: 2.250389591640515e-06 finalRes: 1.000234920287115e-08 nIters: 6
U1 initRes: 5.519520047432976e-06 finalRes: 1.69787865916329e-08 nIters: 8
U2 initRes: 1.554527616664398e-05 finalRes: 9.497197394339095e-08 nIters: 6
p initRes: 0.0002057825552150423 finalRes: 7.62581818395986e-07 nIters: 3
Time step continuity errors : sum local = 1.297291336167472e-05
                                 global = 2.988874016110215e-08
                             cumulative = -0.0118975467922685
T initRes: 1.866539902775609e-05 finalRes: 1.053759236322829e-07 nIters: 6
nuTilda initRes: 0.000362034047231835 finalRes: 8.166528019260652e-07 nIters: 4
TP1: 88.11829420971341 final: 88.11829420971341
TP2: 35.77314729209264 final: 35.77314729209264
HFX: 301.8143887950596 final: 301.8143887950596
yPlus min: 1.8459309899632 max: 55.32505290412287 mean: 23.66999373210951
ExecutionTime = 191.1 s  ClockTime = 196 s

Time = 200

U0 initRes: 2.24498537746995e-06 finalRes: 1.003374339234112e-08 nIters: 6
U1 initRes: 5.521241388162139e-06 finalRes: 1.699676213730732e-08 nIters: 8
U2 initRes: 1.550313747320243e-05 finalRes: 9.487428061864503e-08 nIters: 6
p initRes: 0.0002056206010653326 finalRes: 7.646846212372863e-07 nIters: 3
Time step continuity errors : sum local = 1.300869733507439e-05
                                 global = 6.587818927306407e-08
                             cumulative = -0.01189748091407922
T initRes: 1.864931017094642e-05 finalRes: 1.055089560647995e-07 nIters: 6
nuTilda initRes: 0.0003620087712914647 finalRes: 8.1599669704348e-07 nIters: 4
TP1: 88.11830338026334 final: 88.11830338026334
TP2: 35.77314803046266 final: 35.77314803046266
HFX: 301.8143492796775 final: 301.8143492796775
yPlus min: 1.845942087606757 max: 55.32504630278564 mean: 23.66999584494997
ExecutionTime = 191.53 s  ClockTime = 196 s

Time = 300

U0 initRes: 2.245262821206838e-06 finalRes: 1.002824014368817e-08 nIters: 6
U1 initRes: 5.521753416390093e-06 finalRes: 1.69956150287044e-08 nIters: 8
U2 initRes: 1.550385491651034e-05 finalRes: 9.487783850466709e-08 nIters: 6
p initRes: 0.0002056270449316942 finalRes: 7.654131457510341e-07 nIters: 3
Time step continuity errors : sum local = 1.302109028659653e-05
                                 global = 5.927171154896842e-08
                             cumulative = -0.01189742164236767
T initRes: 1.864881481573053e-05 finalRes: 1.0551184378153e-07 nIters: 6
nuTilda initRes: 0.0003620103363236856 finalRes: 8.159447773999025e-07 nIters: 4
TP1: 88.11830526098063 final: 88.11830526098063
TP2: 35.77314824791825 final: 35.77314824791825
HFX: 301.8143493051315 final: 301.8143493051315
yPlus min: 1.845942156485708 max: 55.32504642761613 mean: 23.66999568431997
ExecutionTime = 192.12 s  ClockTime = 197 s

Time = 400

U0 initRes: 2.245247084239199e-06 finalRes: 1.002855071009109e-08 nIters: 6
U1 initRes: 5.521689113748316e-06 finalRes: 1.699554231241365e-08 nIters: 8
U2 initRes: 1.550397100835129e-05 finalRes: 9.487805036998494e-08 nIters: 6
p initRes: 0.0002056263085071146 finalRes: 7.625833700337684e-07 nIters: 3
Time step continuity errors : sum local = 1.297295050551396e-05
                                 global = 6.250275790961924e-08
                             cumulative = -0.01189735913960976
T initRes: 1.864871523415239e-05 finalRes: 1.055110481959775e-07 nIters: 6
nuTilda initRes: 0.0003620101091742988 finalRes: 8.159494918028091e-07 nIters: 4
TP1: 88.11830723107025 final: 88.11830723107025
TP2: 35.77314805111632 final: 35.77314805111632
HFX: 301.8143494266668 final: 301.8143494266668
yPlus min: 1.845942202644187 max: 55.32504649629411 mean: 23.66999569231107
ExecutionTime = 192.6 s  ClockTime = 197 s

Time = 500

U0 initRes: 2.245071228593073e-06 finalRes: 1.0028516266072e-08 nIters: 6
U1 initRes: 5.521627701543311e-06 finalRes: 1.699548888466019e-08 nIters: 8
U2 initRes: 1.550381046857768e-05 finalRes: 9.487800545417032e-08 nIters: 6
p initRes: 0.0002056257180862348 finalRes: 7.612334996085734e-07 nIters: 3
Time step continuity errors : sum local = 1.29499867696613e-05
                                 global = 6.448808631754035e-08
                             cumulative = -0.01189729465152345
T initRes: 1.86487116165948e-05 finalRes: 1.055110067925306e-07 nIters: 6
nuTilda initRes: 0.0003620100774493398 finalRes: 8.15948734982314e-07 nIters: 4
TP1: 88.11830657412604 final: 88.11830657412604
TP2: 35.77314799242406 final: 35.77314799242406
HFX: 301.8143495092781 final: 301.8143495092781
yPlus min: 1.845942087547163 max: 55.32504649966313 mean: 23.66999570747975
ExecutionTime = 193.26 s  ClockTime = 198 s

Time = 600

U0 initRes: 2.244938627972626e-06 finalRes: 1.002821280657982e-08 nIters: 6
U1 initRes: 5.521595525822874e-06 finalRes: 1.699554397233888e-08 nIters: 8
U2 initRes: 1.550355041336462e-05 finalRes: 9.487794467503788e-08 nIters: 6
p initRes: 0.0002056230216846266 finalRes: 7.640858449600026e-07 nIters: 3
Time step continuity errors : sum local = 1.29985104765899e-05
                                 global = 7.611795468371918e-08
                             cumulative = -0.01189721853356876
T initRes: 1.86488060902373e-05 finalRes: 1.055110136819733e-07 nIters: 6
nuTilda initRes: 0.0003620100733444793 finalRes: 8.159480955551478e-07 nIters: 4
TP1: 88.11830630809364 final: 88.11830630809364
TP2: 35.77314800436753 final: 35.77314800436753
HFX: 301.8143495050859 final: 301.8143495050859
yPlus min: 1.845941961010877 max: 55.32504646517537 mean: 23.6699956917043
ExecutionTime = 193.69 s  ClockTime = 198 s

Time = 700

U0 initRes: 2.245127947897007e-06 finalRes: 1.002807599683068e-08 nIters: 6
U1 initRes: 5.521689602289312e-06 finalRes: 1.699554418202507e-08 nIters: 8
U2 initRes: 1.550386067992089e-05 finalRes: 9.487797120094342e-08 nIters: 6
p initRes: 0.0002056210104268981 finalRes: 7.520706493867019e-07 nIters: 3
Time step continuity errors : sum local = 1.279410983883103e-05
                                 global = 1.007300273322135e-07
                             cumulative = -0.01189711780354143
T initRes: 1.864883284650481e-05 finalRes: 1.055109828481929e-07 nIters: 6
nuTilda initRes: 0.0003620101437018693 finalRes: 8.159489141188571e-07 nIters: 4
TP1: 88.11830946689618 final: 88.11830946689618
TP2: 35.77314835466048 final: 35.77314835466048
HFX: 301.8143496463107 final: 301.8143496463107
yPlus min: 1.84594208241476 max: 55.32504643775296 mean: 23.66999569767846
ExecutionTime = 194.12 s  ClockTime = 199 s

Time = 800

U0 initRes: 2.245139244996597e-06 finalRes: 1.002788360540637e-08 nIters: 6
U1 initRes: 5.521693816379425e-06 finalRes: 1.6995480563835e-08 nIters: 8
U2 initRes: 1.55036901847641e-05 finalRes: 9.487801218682742e-08 nIters: 6
p initRes: 0.0002056296139232172 finalRes: 7.524208703546688e-07 nIters: 3
Time step continuity errors : sum local = 1.280006772189198e-05
                                 global = 9.715291266016506e-08
                             cumulative = -0.01189702065062877
T initRes: 1.86489206590126e-05 finalRes: 1.055110191674929e-07 nIters: 6
nuTilda initRes: 0.0003620101367788183 finalRes: 8.159497306447478e-07 nIters: 4
TP1: 88.11830659103236 final: 88.11830659103236
TP2: 35.77314846385156 final: 35.77314846385156
HFX: 301.8143497566838 final: 301.8143497566838
yPlus min: 1.845942140742073 max: 55.32504643094064 mean: 23.66999570869497
ExecutionTime = 194.55 s  ClockTime = 199 s

Time = 900

U0 initRes: 2.245110455899876e-06 finalRes: 1.002793877733777e-08 nIters: 6
U1 initRes: 5.521694420008912e-06 finalRes: 1.69955572503701e-08 nIters: 8
U2 initRes: 1.550352712892137e-05 finalRes: 9.487804205683509e-08 nIters: 6
p initRes: 0.0002056325985005994 finalRes: 7.525792012798717e-07 nIters: 3
Time step continuity errors : sum local = 1.280276114361573e-05
                                 global = 1.128688723550146e-07
                             cumulative = -0.01189690778175642
T initRes: 1.864883404775128e-05 finalRes: 1.055110326815682e-07 nIters: 6
nuTilda initRes: 0.0003620101067836345 finalRes: 8.15949869404853e-07 nIters: 4
TP1: 88.11830606878375 final: 88.11830606878375
TP2: 35.77314845350065 final: 35.77314845350065
HFX: 301.814349658557 final: 301.814349658557
yPlus min: 1.845942069078828 max: 55.32504642588784 mean: 23.6699956981934
ExecutionTime = 194.97 s  ClockTime = 200 s

Time = 1000

U0 initRes: 2.245242268874553e-06 finalRes: 1.002838742988365e-08 nIters: 6
U1 initRes: 5.521707824709164e-06 finalRes: 1.699560315500801e-08 nIters: 8
U2 initRes: 1.550383930846163e-05 finalRes: 9.487795273327352e-08 nIters: 6
p initRes: 0.0002056271476502439 finalRes: 7.654621181351884e-07 nIters: 3
Time step continuity errors : sum local = 1.30219233509074e-05
                                 global = 5.774558071221524e-08
                             cumulative = -0.0118968500361757
T initRes: 1.864883470627005e-05 finalRes: 1.05511112274398e-07 nIters: 6
nuTilda initRes: 0.000362010154875132 finalRes: 8.159497905922727e-07 nIters: 4
TP1: 88.11830499052236 final: 88.11830499052236
TP2: 35.77314823294289 final: 35.77314823294289
HFX: 301.8143494646961 final: 301.8143494646961
yPlus min: 1.845942105609482 max: 55.32504645101859 mean: 23.66999568438712
ExecutionTime = 195.41 s  ClockTime = 200 s

End

Moving time 1000 to 0.004
Printing Primal Residual Statistics.
U Residual Norm2: (28.34671500594998 24.90474417805455 11.62246278721186)
U Residual Mean: (0.04089111931684455 0.03274564799251571 0.01525332400331496)
U Residual Max: (12.97976566535703 11.00944262147154 8.184422268465889)
p Residual Norm2: 8.196135640652887
p Residual Mean: 0.01414328143596662
p Residual Max: 2.849271629346771
T Residual Norm2: 43.50262381421897
T Residual Mean: 0.05142571579890844
T Residual Max: 20.59635669556883
nuTilda Residual Norm2: 0.4913558466262288
nuTilda Residual Mean: 0.0004757581050494222
nuTilda Residual Max: 0.2386402151889069
phi Residual Norm2: 0.04814830928716324
phi Residual Mean: 2.610454061342323e-05
phi Residual Max: 0.02971945212317781
Total Residual Norm2: 59.31916083722147
 
 
DAInputVolCoord. 
Setting volume coordinates. 
Checking mesh quality for time = 1000
    Overall domain bounding box (-1.725486915801323e-10 -0.09450000000000007 -5.781106649212594e-07) (0.8445000000000003 0.09450000000000008 0.03750000000000003)
    Mesh has 3 geometric (non-empty/wedge) directions (1 1 1)
    Mesh has 3 solution (non-empty) directions (1 1 1)
    Boundary openness (1.077080158868175e-17 -8.086456972250125e-18 -1.483445763764297e-16) OK.
    Max cell openness = 3.616520443294375e-16 OK.
    Max aspect ratio = 69.08288552336633 OK.
    Minimum face area = 1.673085504359481e-06. Maximum face area = 0.001155838064412034.  Face area magnitudes OK.
    Min volume = 5.87995223184294e-09. Max volume = 1.309214604989952e-05.  Total volume = 0.004719832546356709.  Cell volumes OK.
    Mesh non-orthogonality Max: 3.513430079264914 average: 0.2801001800053359
    Non-orthogonality check OK.
    Face pyramids OK.
    Max skewness = 0.2181408598049113 OK.
    Coupled point location match (average 0) OK.

Mesh OK.

Running Primal Solver 041
Previous solution time 1000 not found and nothing deleted.
No finite volume options present

Starting time loop

Time = 1

U0 initRes: 2.394083007992445e-06 finalRes: 1.025328005067195e-08 nIters: 6
U1 initRes: 6.805156857378747e-06 finalRes: 6.520062425928029e-08 nIters: 6
U2 initRes: 2.626823216592119e-05 finalRes: 1.045780971733031e-07 nIters: 6
p initRes: 0.0002536047099186716 finalRes: 1.857195462484732e-06 nIters: 4
Time step continuity errors : sum local = 3.159608179929827e-05
                                 global = -5.490390914088317e-08
                             cumulative = -0.01189690494008484
T initRes: 1.843430445074978e-05 finalRes: 1.05281351845893e-07 nIters: 6
nuTilda initRes: 0.0002100923353754736 finalRes: 9.259645824382735e-07 nIters: 4
TP1: 88.11928705569547 final: 88.11928705569547
TP2: 35.77314813770969 final: 35.77314813770969
HFX: 301.8098765220661 final: 301.8098765220661
yPlus min: 1.854223052712786 max: 55.32506600172684 mean: 23.67037572509891
ExecutionTime = 195.54 s  ClockTime = 200 s

Time = 100

U0 initRes: 2.257374185405744e-06 finalRes: 1.018888921761011e-08 nIters: 6
U1 initRes: 5.545716171181248e-06 finalRes: 1.703653249013425e-08 nIters: 8
U2 initRes: 1.555498704834185e-05 finalRes: 9.450392512718385e-08 nIters: 6
p initRes: 0.0002058504377220313 finalRes: 1.39367240490904e-06 nIters: 3
Time step continuity errors : sum local = 2.37086376085468e-05
                                 global = -2.884948237020834e-07
                             cumulative = -0.01189719343490855
T initRes: 1.864540362313367e-05 finalRes: 1.057378159170347e-07 nIters: 6
nuTilda initRes: 0.0003621098312223659 finalRes: 8.156355267306e-07 nIters: 4
TP1: 88.11843131855204 final: 88.11843131855204
TP2: 35.77318719617637 final: 35.77318719617637
HFX: 301.8128533253657 final: 301.8128533253657
yPlus min: 1.845781655370921 max: 55.32501553464887 mean: 23.66998621556237
ExecutionTime = 195.96 s  ClockTime = 201 s

Time = 200

U0 initRes: 2.240490318089767e-06 finalRes: 1.006666486760097e-08 nIters: 6
U1 initRes: 5.530310535139335e-06 finalRes: 1.701240758639539e-08 nIters: 8
U2 initRes: 1.549469887299943e-05 finalRes: 9.459601542245632e-08 nIters: 6
p initRes: 0.0002057241775161053 finalRes: 1.435359223225702e-06 nIters: 3
Time step continuity errors : sum local = 2.441777510940412e-05
                                 global = -3.775369896485991e-07
                             cumulative = -0.0118975709718982
T initRes: 1.863641579153682e-05 finalRes: 1.055052237512397e-07 nIters: 6
nuTilda initRes: 0.0003620702562361754 finalRes: 8.160677396843559e-07 nIters: 4
TP1: 88.11841784588103 final: 88.11841784588103
TP2: 35.77318709294946 final: 35.77318709294946
HFX: 301.8128978202401 final: 301.8128978202401
yPlus min: 1.845769693980164 max: 55.32502258554444 mean: 23.6699839943397
ExecutionTime = 196.39 s  ClockTime = 201 s

Time = 300

U0 initRes: 2.240276562315195e-06 finalRes: 1.007281922258971e-08 nIters: 6
U1 initRes: 5.529752542855735e-06 finalRes: 1.70137511581688e-08 nIters: 8
U2 initRes: 1.549371950426499e-05 finalRes: 9.459129500223191e-08 nIters: 6
p initRes: 0.0002057223672500166 finalRes: 1.435560522816983e-06 nIters: 3
Time step continuity errors : sum local = 2.442120082969972e-05
                                 global = -3.756223894026382e-07
                             cumulative = -0.0118979465942876
T initRes: 1.863651421672435e-05 finalRes: 1.055031274276976e-07 nIters: 6
nuTilda initRes: 0.0003620675326933759 finalRes: 8.161159574758504e-07 nIters: 4
TP1: 88.11841507512709 final: 88.11841507512709
TP2: 35.77318695460211 final: 35.77318695460211
HFX: 301.8128974085879 final: 301.8128974085879
yPlus min: 1.84576964918781 max: 55.32502239454367 mean: 23.6699841734037
ExecutionTime = 196.82 s  ClockTime = 202 s

Time = 400

U0 initRes: 2.240301196765011e-06 finalRes: 1.007265477847258e-08 nIters: 6
U1 initRes: 5.529813171415922e-06 finalRes: 1.701375773153007e-08 nIters: 8
U2 initRes: 1.549378295663218e-05 finalRes: 9.459114049117205e-08 nIters: 6
p initRes: 0.0002057223521065219 finalRes: 1.435401712641887e-06 nIters: 3
Time step continuity errors : sum local = 2.441849920664667e-05
                                 global = -3.756245072694803e-07
                             cumulative = -0.01189832221879487
T initRes: 1.86364823747263e-05 finalRes: 1.05503884149724e-07 nIters: 6
nuTilda initRes: 0.000362067726125939 finalRes: 8.161102342280641e-07 nIters: 4
TP1: 88.11841526069908 final: 88.11841526069908
TP2: 35.77318696715047 final: 35.77318696715047
HFX: 301.8128972437386 final: 301.8128972437386
yPlus min: 1.845769695335406 max: 55.32502237352067 mean: 23.66998417312719
ExecutionTime = 197.25 s  ClockTime = 202 s

Time = 500

U0 initRes: 2.240300492142293e-06 finalRes: 1.00726405087581e-08 nIters: 6
U1 initRes: 5.529811814703722e-06 finalRes: 1.701375229947587e-08 nIters: 8
U2 initRes: 1.549378311197121e-05 finalRes: 9.459116595541546e-08 nIters: 6
p initRes: 0.0002057223585167887 finalRes: 1.435407246678335e-06 nIters: 3
Time step continuity errors : sum local = 2.44185933526001e-05
                                 global = -3.756305859713913e-07
                             cumulative = -0.01189869784938084
T initRes: 1.863648281882952e-05 finalRes: 1.055038512649244e-07 nIters: 6
nuTilda initRes: 0.0003620677246665307 finalRes: 8.161103416994927e-07 nIters: 4
TP1: 88.11841525999773 final: 88.11841525999773
TP2: 35.77318696688945 final: 35.77318696688945
HFX: 301.8128972536387 final: 301.8128972536387
yPlus min: 1.845769692768239 max: 55.32502237530714 mean: 23.66998417248655
ExecutionTime = 197.73 s  ClockTime = 202 s

Time = 600

U0 initRes: 2.240300435599638e-06 finalRes: 1.007264184707461e-08 nIters: 6
U1 initRes: 5.529811657613999e-06 finalRes: 1.701375255903398e-08 nIters: 8
U2 initRes: 1.549378286643751e-05 finalRes: 9.459116521811883e-08 nIters: 6
p initRes: 0.0002057223582540079 finalRes: 1.435407576932143e-06 nIters: 3
Time step continuity errors : sum local = 2.441859894073929e-05
                                 global = -3.756303637973124e-07
                             cumulative = -0.01189907347974464
T initRes: 1.863648291332579e-05 finalRes: 1.055038514880131e-07 nIters: 6
nuTilda initRes: 0.0003620677240162904 finalRes: 8.161103574172759e-07 nIters: 4
TP1: 88.11841525933079 final: 88.11841525933079
TP2: 35.77318696685633 final: 35.77318696685633
HFX: 301.8128972537398 final: 301.8128972537398
yPlus min: 1.845769692728336 max: 55.32502237529261 mean: 23.66998417252056
ExecutionTime = 198.19 s  ClockTime = 203 s

Time = 700

U0 initRes: 2.24030044028441e-06 finalRes: 1.007264183010085e-08 nIters: 6
U1 initRes: 5.529811669453032e-06 finalRes: 1.701375257251613e-08 nIters: 8
U2 initRes: 1.549378287695189e-05 finalRes: 9.459116515965624e-08 nIters: 6
p initRes: 0.0002057223582430711 finalRes: 1.435407532671314e-06 nIters: 3
Time step continuity errors : sum local = 2.441859829472767e-05
                                 global = -3.756302870682112e-07
                             cumulative = -0.0118994491100317
T initRes: 1.863648290631564e-05 finalRes: 1.05503850464796e-07 nIters: 6
nuTilda initRes: 0.0003620677240549708 finalRes: 8.161103562068251e-07 nIters: 4
TP1: 88.11841525938782 final: 88.11841525938782
TP2: 35.77318696685997 final: 35.77318696685997
HFX: 301.812897253699 final: 301.812897253699
yPlus min: 1.845769692743757 max: 55.32502237528684 mean: 23.66998417252139
ExecutionTime = 198.85 s  ClockTime = 204 s

Time = 800

U0 initRes: 2.240300440159787e-06 finalRes: 1.007264182805257e-08 nIters: 6
U1 initRes: 5.529811670681222e-06 finalRes: 1.701375256891653e-08 nIters: 8
U2 initRes: 1.549378287748344e-05 finalRes: 9.459116517721417e-08 nIters: 6
p initRes: 0.0002057223582327243 finalRes: 1.435407521891338e-06 nIters: 3
Time step continuity errors : sum local = 2.441859807947961e-05
                                 global = -3.756303416166263e-07
                             cumulative = -0.01189982474037332
T initRes: 1.863648290541352e-05 finalRes: 1.055038519422739e-07 nIters: 6
nuTilda initRes: 0.0003620677240551056 finalRes: 8.161103562080152e-07 nIters: 4
TP1: 88.11841525936403 final: 88.11841525936403
TP2: 35.77318696685915 final: 35.77318696685915
HFX: 301.8128972536997 final: 301.8128972536997
yPlus min: 1.845769692740236 max: 55.32502237528733 mean: 23.66998417252115
ExecutionTime = 199.34 s  ClockTime = 204 s

Time = 900

U0 initRes: 2.240300441199439e-06 finalRes: 1.007264182588973e-08 nIters: 6
U1 initRes: 5.529811670543064e-06 finalRes: 1.701375256684329e-08 nIters: 8
U2 initRes: 1.549378287864895e-05 finalRes: 9.459116516947215e-08 nIters: 6
p initRes: 0.0002057223582410825 finalRes: 1.43540751424024e-06 nIters: 3
Time step continuity errors : sum local = 2.441859782712127e-05
                                 global = -3.756302363818145e-07
                             cumulative = -0.0119002003706097
T initRes: 1.863648290520277e-05 finalRes: 1.055038510186252e-07 nIters: 6
nuTilda initRes: 0.0003620677240554934 finalRes: 8.161103561968324e-07 nIters: 4
TP1: 88.11841525938954 final: 88.11841525938954
TP2: 35.77318696685943 final: 35.77318696685943
HFX: 301.8128972537003 final: 301.8128972537003
yPlus min: 1.845769692740237 max: 55.32502237528719 mean: 23.66998417252115
ExecutionTime = 199.82 s  ClockTime = 205 s

Time = 1000

U0 initRes: 2.24030044111527e-06 finalRes: 1.007264182384936e-08 nIters: 6
U1 initRes: 5.529811670455642e-06 finalRes: 1.701375256997264e-08 nIters: 8
U2 initRes: 1.549378287793249e-05 finalRes: 9.459116516368777e-08 nIters: 6
p initRes: 0.0002057223582442185 finalRes: 1.435407544994234e-06 nIters: 3
Time step continuity errors : sum local = 2.441859842463248e-05
                                 global = -3.75630458774325e-07
                             cumulative = -0.01190057600106848
T initRes: 1.863648290611544e-05 finalRes: 1.05503852110735e-07 nIters: 6
nuTilda initRes: 0.0003620677240555783 finalRes: 8.161103561975474e-07 nIters: 4
TP1: 88.11841525936521 final: 88.11841525936521
TP2: 35.77318696685961 final: 35.77318696685961
HFX: 301.8128972537007 final: 301.8128972537007
yPlus min: 1.845769692737713 max: 55.32502237528728 mean: 23.66998417252113
ExecutionTime = 200.3 s  ClockTime = 205 s

End

Moving time 1000 to 0.0041
Printing Primal Residual Statistics.
U Residual Norm2: (28.3547508609354 24.90596379259435 11.63147955064408)
U Residual Mean: (0.04087701248195008 0.03277877356442506 0.01527242123721896)
U Residual Max: (12.97871846013604 11.01071588450337 8.191877758303464)
p Residual Norm2: 8.197062265446373
p Residual Mean: 0.01414839122800359
p Residual Max: 2.849434814598607
T Residual Norm2: 43.50640522028685
T Residual Mean: 0.05141741919665319
T Residual Max: 20.60080721851226
nuTilda Residual Norm2: 0.4914021396555268
nuTilda Residual Mean: 0.0004758026395362654
nuTilda Residual Max: 0.2386678732084883
phi Residual Norm2: 0.04816848975342838
phi Residual Mean: 2.606005835300934e-05
phi Residual Max: 0.02972866278086655
Total Residual Norm2: 59.32818189193446
 
 
DAInputVolCoord. 
Setting volume coordinates. 
Checking mesh quality for time = 1000
    Overall domain bounding box (1.605444926760567e-38 -0.09450000000000007 -9.591594494346524e-08) (0.8445000000000003 0.09450000000000008 0.03750000000000003)
    Mesh has 3 geometric (non-empty/wedge) directions (1 1 1)
    Mesh has 3 solution (non-empty) directions (1 1 1)
    Boundary openness (3.614738075489712e-18 1.418388786738781e-17 -7.381256800063819e-17) OK.
    Max cell openness = 5.4518935454885e-16 OK.
    Max aspect ratio = 69.08288552492557 OK.
    Minimum face area = 1.67179499533452e-06. Maximum face area = 0.001155838183813861.  Face area magnitudes OK.
    Min volume = 5.87998497607849e-09. Max volume = 1.309214609409797e-05.  Total volume = 0.004719833543013975.  Cell volumes OK.
    Mesh non-orthogonality Max: 3.531979273431392 average: 0.2805065026234287
    Non-orthogonality check OK.
    Face pyramids OK.
    Max skewness = 0.2181784312450215 OK.
    Coupled point location match (average 0) OK.

Mesh OK.

Running Primal Solver 042
Previous solution time 1000 not found and nothing deleted.
No finite volume options present

Starting time loop

Time = 1

U0 initRes: 2.88475033464642e-06 finalRes: 1.114432587949511e-08 nIters: 6
U1 initRes: 2.320439636804423e-05 finalRes: 9.929491178727133e-08 nIters: 6
U2 initRes: 0.0001091611526391569 finalRes: 7.509084928094162e-07 nIters: 4
p initRes: 0.0004470578026868551 finalRes: 2.465244858269711e-06 nIters: 5
Time step continuity errors : sum local = 4.193815820502476e-05
                                 global = 2.198078307384302e-06
                             cumulative = -0.01189837792276109
T initRes: 2.314371820467217e-05 finalRes: 1.02812305773956e-07 nIters: 6
nuTilda initRes: 0.0002136706079635785 finalRes: 9.384810302664088e-07 nIters: 4
TP1: 88.08802402098419 final: 88.08802402098419
TP2: 35.77319116347326 final: 35.77319116347326
HFX: 301.809754989835 final: 301.809754989835
yPlus min: 1.854685361694791 max: 55.32495396057416 mean: 23.67029181444384
ExecutionTime = 200.44 s  ClockTime = 205 s

Time = 100

U0 initRes: 2.255938612934838e-06 finalRes: 9.934365109100071e-09 nIters: 6
U1 initRes: 5.53116232825913e-06 finalRes: 1.696537561074308e-08 nIters: 8
U2 initRes: 1.556747895880765e-05 finalRes: 9.496099604191522e-08 nIters: 6
p initRes: 0.0002057858453947112 finalRes: 7.093485118337891e-07 nIters: 3
Time step continuity errors : sum local = 1.206725764147632e-05
                                 global = 3.266087577063231e-08
                             cumulative = -0.01189834526188532
T initRes: 1.86656318613137e-05 finalRes: 1.054024989563292e-07 nIters: 6
nuTilda initRes: 0.0003618805064633899 finalRes: 8.157546631846748e-07 nIters: 4
TP1: 88.11884875662562 final: 88.11884875662562
TP2: 35.7731696216795 final: 35.7731696216795
HFX: 301.8133495272057 final: 301.8133495272057
yPlus min: 1.846487921918035 max: 55.32505543330609 mean: 23.66986604567403
ExecutionTime = 200.93 s  ClockTime = 206 s

Time = 200

U0 initRes: 2.242721074856955e-06 finalRes: 1.000477187628895e-08 nIters: 6
U1 initRes: 5.520252099848174e-06 finalRes: 1.699686656519782e-08 nIters: 8
U2 initRes: 1.54949118230876e-05 finalRes: 9.481869623404287e-08 nIters: 6
p initRes: 0.000205555749020937 finalRes: 7.051365633946275e-07 nIters: 3
Time step continuity errors : sum local = 1.199562389065465e-05
                                 global = 7.171355103229077e-09
                             cumulative = -0.01189833809053022
T initRes: 1.864272156307038e-05 finalRes: 1.054731174090913e-07 nIters: 6
nuTilda initRes: 0.000361831102990487 finalRes: 8.158822617158226e-07 nIters: 4
TP1: 88.11881889410833 final: 88.11881889410833
TP2: 35.77316811154756 final: 35.77316811154756
HFX: 301.8133243650088 final: 301.8133243650088
yPlus min: 1.846494212495005 max: 55.32505051635339 mean: 23.66986917975933
ExecutionTime = 201.43 s  ClockTime = 206 s

Time = 300

U0 initRes: 2.24276403497936e-06 finalRes: 9.998949957397538e-09 nIters: 6
U1 initRes: 5.521296245158899e-06 finalRes: 1.699618824181365e-08 nIters: 8
U2 initRes: 1.549524596865191e-05 finalRes: 9.481988248378984e-08 nIters: 6
p initRes: 0.0002055528938630218 finalRes: 7.048724779098376e-07 nIters: 3
Time step continuity errors : sum local = 1.199113092976881e-05
                                 global = 7.147408832207001e-09
                             cumulative = -0.01189833094312139
T initRes: 1.864183489890638e-05 finalRes: 1.054854239542593e-07 nIters: 6
nuTilda initRes: 0.0003618321082321213 finalRes: 8.157689300024899e-07 nIters: 4
TP1: 88.11882301096894 final: 88.11882301096894
TP2: 35.77316835197423 final: 35.77316835197423
HFX: 301.8133222303217 final: 301.8133222303217
yPlus min: 1.846494842577218 max: 55.32505034459751 mean: 23.66986906959844
ExecutionTime = 201.92 s  ClockTime = 207 s

Time = 400

U0 initRes: 2.242735214101633e-06 finalRes: 9.998819139307759e-09 nIters: 6
U1 initRes: 5.521239705084301e-06 finalRes: 1.699609867730061e-08 nIters: 8
U2 initRes: 1.54952549186642e-05 finalRes: 9.482023945085207e-08 nIters: 6
p initRes: 0.000205553064119052 finalRes: 7.04895468212664e-07 nIters: 3
Time step continuity errors : sum local = 1.199152197948604e-05
                                 global = 7.229610892287292e-09
                             cumulative = -0.01189832371351049
T initRes: 1.864186028803676e-05 finalRes: 1.054844914446846e-07 nIters: 6
nuTilda initRes: 0.0003618319468304013 finalRes: 8.157735885288969e-07 nIters: 4
TP1: 88.11882290325474 final: 88.11882290325474
TP2: 35.77316834354611 final: 35.77316834354611
HFX: 301.8133224701259 final: 301.8133224701259
yPlus min: 1.846494780583108 max: 55.32505038191589 mean: 23.66986906077677
ExecutionTime = 202.42 s  ClockTime = 207 s

Time = 500

U0 initRes: 2.242734868212182e-06 finalRes: 9.99884559828876e-09 nIters: 6
U1 initRes: 5.521238035155687e-06 finalRes: 1.699610547860987e-08 nIters: 8
U2 initRes: 1.549525143469485e-05 finalRes: 9.482021810835792e-08 nIters: 6
p initRes: 0.0002055530608373953 finalRes: 7.048952282600127e-07 nIters: 3
Time step continuity errors : sum local = 1.199151800659729e-05
                                 global = 7.22569421264756e-09
                             cumulative = -0.01189831648781628
T initRes: 1.864185952482416e-05 finalRes: 1.054844920711197e-07 nIters: 6
nuTilda initRes: 0.0003618319348262812 finalRes: 8.15773768809913e-07 nIters: 4
TP1: 88.11882289322917 final: 88.11882289322917
TP2: 35.77316834305162 final: 35.77316834305162
HFX: 301.8133224670153 final: 301.8133224670153
yPlus min: 1.846494781169125 max: 55.32505038086614 mean: 23.66986906158919
ExecutionTime = 202.96 s  ClockTime = 208 s

Time = 600

U0 initRes: 2.242734980312256e-06 finalRes: 9.998844821089401e-09 nIters: 6
U1 initRes: 5.521238318893785e-06 finalRes: 1.699610547741177e-08 nIters: 8
U2 initRes: 1.549525155212571e-05 finalRes: 9.482021782735066e-08 nIters: 6
p initRes: 0.0002055530603693168 finalRes: 7.048951544406646e-07 nIters: 3
Time step continuity errors : sum local = 1.199151672392323e-05
                                 global = 7.225533944845491e-09
                             cumulative = -0.01189830926228233
T initRes: 1.864185943757966e-05 finalRes: 1.054844958391419e-07 nIters: 6
nuTilda initRes: 0.0003618319358211761 finalRes: 8.157737432567249e-07 nIters: 4
TP1: 88.11882289407856 final: 88.11882289407856
TP2: 35.77316834310498 final: 35.77316834310498
HFX: 301.813322466296 final: 301.813322466296
yPlus min: 1.84649478136418 max: 55.32505038078139 mean: 23.66986906158249
ExecutionTime = 203.56 s  ClockTime = 208 s

Time = 700

U0 initRes: 2.242734975287254e-06 finalRes: 9.99884476073981e-09 nIters: 6
U1 initRes: 5.5212383103423e-06 finalRes: 1.699610544121985e-08 nIters: 8
U2 initRes: 1.549525156079323e-05 finalRes: 9.482021792548047e-08 nIters: 6
p initRes: 0.0002055530604036571 finalRes: 7.048951641699668e-07 nIters: 3
Time step continuity errors : sum local = 1.199151683894508e-05
                                 global = 7.225636748100637e-09
                             cumulative = -0.01189830203664559
T initRes: 1.864185944763038e-05 finalRes: 1.054844945644438e-07 nIters: 6
nuTilda initRes: 0.0003618319358171471 finalRes: 8.157737438135699e-07 nIters: 4
TP1: 88.1188228940764 final: 88.1188228940764
TP2: 35.77316834310473 final: 35.77316834310473
HFX: 301.8133224663431 final: 301.8133224663431
yPlus min: 1.846494781352695 max: 55.32505038078941 mean: 23.66986906157996
ExecutionTime = 204.01 s  ClockTime = 209 s

Time = 800

U0 initRes: 2.242734975903713e-06 finalRes: 9.998844768480097e-09 nIters: 6
U1 initRes: 5.521238310167548e-06 finalRes: 1.699610545459418e-08 nIters: 8
U2 initRes: 1.549525155913465e-05 finalRes: 9.482021791512207e-08 nIters: 6
p initRes: 0.0002055530604110008 finalRes: 7.048951692127107e-07 nIters: 3
Time step continuity errors : sum local = 1.199151693394787e-05
                                 global = 7.225670299174006e-09
                             cumulative = -0.01189829481097529
T initRes: 1.864185944742944e-05 finalRes: 1.054844948510286e-07 nIters: 6
nuTilda initRes: 0.0003618319358141812 finalRes: 8.157737438653969e-07 nIters: 4
TP1: 88.11882289405206 final: 88.11882289405206
TP2: 35.77316834310377 final: 35.77316834310377
HFX: 301.813322466342 final: 301.813322466342
yPlus min: 1.846494781350812 max: 55.32505038078918 mean: 23.66986906158
ExecutionTime = 204.59 s  ClockTime = 210 s

Time = 900

U0 initRes: 2.242734975257464e-06 finalRes: 9.998844766486613e-09 nIters: 6
U1 initRes: 5.521238309550159e-06 finalRes: 1.699610545140844e-08 nIters: 8
U2 initRes: 1.5495251558456e-05 finalRes: 9.482021792137192e-08 nIters: 6
p initRes: 0.0002055530604114001 finalRes: 7.048951693055894e-07 nIters: 3
Time step continuity errors : sum local = 1.199151687712452e-05
                                 global = 7.225616694083455e-09
                             cumulative = -0.01189828758535859
T initRes: 1.864185944603436e-05 finalRes: 1.05484494124419e-07 nIters: 6
nuTilda initRes: 0.000361831935813608 finalRes: 8.157737438755438e-07 nIters: 4
TP1: 88.11882289406176 final: 88.11882289406176
TP2: 35.77316834310469 final: 35.77316834310469
HFX: 301.8133224663431 final: 301.8133224663431
yPlus min: 1.846494781354513 max: 55.3250503807891 mean: 23.6698690615801
ExecutionTime = 205.07 s  ClockTime = 210 s

Time = 1000

U0 initRes: 2.242734975830431e-06 finalRes: 9.998844765788064e-09 nIters: 6
U1 initRes: 5.521238310980042e-06 finalRes: 1.699610545302704e-08 nIters: 8
U2 initRes: 1.549525155915318e-05 finalRes: 9.482021792577552e-08 nIters: 6
p initRes: 0.0002055530604048232 finalRes: 7.04895152988247e-07 nIters: 3
Time step continuity errors : sum local = 1.199151666648142e-05
                                 global = 7.225601781155963e-09
                             cumulative = -0.01189828035975681
T initRes: 1.864185944627056e-05 finalRes: 1.054844944022326e-07 nIters: 6
nuTilda initRes: 0.0003618319358141758 finalRes: 8.157737438647457e-07 nIters: 4
TP1: 88.11882289404701 final: 88.11882289404701
TP2: 35.77316834310595 final: 35.77316834310595
HFX: 301.8133224663445 final: 301.8133224663445
yPlus min: 1.846494781352771 max: 55.32505038078956 mean: 23.66986906158025
ExecutionTime = 205.56 s  ClockTime = 211 s

End

Moving time 1000 to 0.0042
Printing Primal Residual Statistics.
U Residual Norm2: (28.33629174156481 24.89734339828687 11.61660223586105)
U Residual Mean: (0.04086794602963602 0.03272651110547402 0.01524460996859226)
U Residual Max: (12.97952701236374 11.00624525555902 8.181102704043711)
p Residual Norm2: 8.194060104441425
p Residual Mean: 0.0141395564950384
p Residual Max: 2.848664708135423
T Residual Norm2: 43.49120060987335
T Residual Mean: 0.05141456289182715
T Residual Max: 20.58849799593746
nuTilda Residual Norm2: 0.491247075430332
nuTilda Residual Mean: 0.0004756760796773451
nuTilda Residual Max: 0.2385845075755422
phi Residual Norm2: 0.04813783854216348
phi Residual Mean: 2.609345548140628e-05
phi Residual Max: 0.02971862807444898
Total Residual Norm2: 59.3012594966209
 
 
DAInputVolCoord. 
Setting volume coordinates. 
Checking mesh quality for time = 1000
    Overall domain bounding box (-1.06565673615246e-09 -0.09450000000000007 -4.247263683747141e-07) (0.8445000000000003 0.09450000000000008 0.03750000000000003)
    Mesh has 3 geometric (non-empty/wedge) directions (1 1 1)
    Mesh has 3 solution (non-empty) directions (1 1 1)
    Boundary openness (2.433316221260257e-17 -6.615285417735369e-18 -1.003506406328294e-16) OK.
    Max cell openness = 3.426750167050627e-16 OK.
    Max aspect ratio = 69.08288552235869 OK.
    Minimum face area = 1.671770982867856e-06. Maximum face area = 0.001155838089951551.  Face area magnitudes OK.
    Min volume = 5.875928155773828e-09. Max volume = 1.30921492210678e-05.  Total volume = 0.00471983350236584.  Cell volumes OK.
    Mesh non-orthogonality Max: 3.512282788479945 average: 0.2801735202966125
    Non-orthogonality check OK.
    Face pyramids OK.
    Max skewness = 0.218163936271291 OK.
    Coupled point location match (average 0) OK.

Mesh OK.

Running Primal Solver 043
Previous solution time 1000 not found and nothing deleted.
No finite volume options present

Starting time loop

Time = 1

U0 initRes: 3.539558609724827e-06 finalRes: 1.297533873714586e-08 nIters: 6
U1 initRes: 3.967066185602078e-05 finalRes: 1.174582907799805e-07 nIters: 6
U2 initRes: 0.0002041350899589165 finalRes: 1.195764961258743e-06 nIters: 4
p initRes: 0.0006929213910012981 finalRes: 3.844995005170934e-06 nIters: 7
Time step continuity errors : sum local = 6.541947640334153e-05
                                 global = 5.644975623783437e-06
                             cumulative = -0.01189263538413303
T initRes: 2.810118126682482e-05 finalRes: 1.204081260124995e-07 nIters: 6
nuTilda initRes: 0.0002177384188200131 finalRes: 9.382986308679503e-07 nIters: 4
TP1: 88.18084582266896 final: 88.18084582266896
TP2: 35.77318019841825 final: 35.77318019841825
HFX: 301.8064642555353 final: 301.8064642555353
yPlus min: 1.854828393796807 max: 55.32516921547735 mean: 23.67034586849718
ExecutionTime = 205.71 s  ClockTime = 211 s

Time = 100

U0 initRes: 2.258312521796219e-06 finalRes: 1.022078096191919e-08 nIters: 6
U1 initRes: 5.539805146178949e-06 finalRes: 1.706413014988432e-08 nIters: 8
U2 initRes: 1.562557498102627e-05 finalRes: 9.450797361980168e-08 nIters: 6
p initRes: 0.0002060235889328406 finalRes: 1.391289586198076e-06 nIters: 3
Time step continuity errors : sum local = 2.366823007068712e-05
                                 global = 1.179962336769296e-07
                             cumulative = -0.01189251738789935
T initRes: 1.867570242928568e-05 finalRes: 1.056691250994504e-07 nIters: 6
nuTilda initRes: 0.0003622595905404139 finalRes: 8.172904305020098e-07 nIters: 4
TP1: 88.11785784953089 final: 88.11785784953089
TP2: 35.77316452457397 final: 35.77316452457397
HFX: 301.8139091025056 final: 301.8139091025056
yPlus min: 1.845222056466294 max: 55.3250141088339 mean: 23.6701145304045
ExecutionTime = 206.23 s  ClockTime = 211 s

Time = 200

U0 initRes: 2.242399422388887e-06 finalRes: 1.008325554512168e-08 nIters: 6
U1 initRes: 5.532321519496086e-06 finalRes: 1.701876294571871e-08 nIters: 8
U2 initRes: 1.550286469283197e-05 finalRes: 9.464203207596417e-08 nIters: 6
p initRes: 0.0002057603948433008 finalRes: 1.379930237536356e-06 nIters: 3
Time step continuity errors : sum local = 2.347493902859084e-05
                                 global = 7.075576826159045e-08
                             cumulative = -0.01189244663213109
T initRes: 1.864144836459329e-05 finalRes: 1.055356881802095e-07 nIters: 6
nuTilda initRes: 0.0003622457608538104 finalRes: 8.161548125133397e-07 nIters: 4
TP1: 88.1179168453434 final: 88.1179168453434
TP2: 35.77316735076149 final: 35.77316735076149
HFX: 301.8139204710383 final: 301.8139204710383
yPlus min: 1.845219187872052 max: 55.32501772700044 mean: 23.67011061480599
ExecutionTime = 206.72 s  ClockTime = 212 s

Time = 300

U0 initRes: 2.241431580906366e-06 finalRes: 1.008919150683446e-08 nIters: 6
U1 initRes: 5.530493102931034e-06 finalRes: 1.701897527787374e-08 nIters: 8
U2 initRes: 1.550057566918857e-05 finalRes: 9.464405121443237e-08 nIters: 6
p initRes: 0.0002057580274266516 finalRes: 1.383977328209737e-06 nIters: 3
Time step continuity errors : sum local = 2.354378716043697e-05
                                 global = 7.145996019778114e-08
                             cumulative = -0.01189237517217089
T initRes: 1.864190330534561e-05 finalRes: 1.055155949288456e-07 nIters: 6
nuTilda initRes: 0.0003622376998840087 finalRes: 8.163003453244899e-07 nIters: 4
TP1: 88.11791150286693 final: 88.11791150286693
TP2: 35.77316701451308 final: 35.77316701451308
HFX: 301.813924314473 final: 301.813924314473
yPlus min: 1.845218063360204 max: 55.32501815585257 mean: 23.67011068015034
ExecutionTime = 207.23 s  ClockTime = 212 s

Time = 400

U0 initRes: 2.241454981586189e-06 finalRes: 1.008946672940972e-08 nIters: 6
U1 initRes: 5.53054592908427e-06 finalRes: 1.701911248473739e-08 nIters: 8
U2 initRes: 1.550059632721741e-05 finalRes: 9.46433783699811e-08 nIters: 6
p initRes: 0.000205757812128553 finalRes: 1.383840194885638e-06 nIters: 3
Time step continuity errors : sum local = 2.35414543682966e-05
                                 global = 7.15561863023299e-08
                             cumulative = -0.01189230361598459
T initRes: 1.86418762458763e-05 finalRes: 1.055166278440015e-07 nIters: 6
nuTilda initRes: 0.0003622377598979096 finalRes: 8.162957695967867e-07 nIters: 4
TP1: 88.1179115757498 final: 88.1179115757498
TP2: 35.7731670240687 final: 35.7731670240687
HFX: 301.8139240105345 final: 301.8139240105345
yPlus min: 1.845218143203408 max: 55.32501810398998 mean: 23.67011069588909
ExecutionTime = 207.7 s  ClockTime = 213 s

Time = 500

U0 initRes: 2.241456191445462e-06 finalRes: 1.008942786954471e-08 nIters: 6
U1 initRes: 5.530549522361601e-06 finalRes: 1.701910454790478e-08 nIters: 8
U2 initRes: 1.550060142570404e-05 finalRes: 9.464340328998219e-08 nIters: 6
p initRes: 0.0002057578225287491 finalRes: 1.383832307439274e-06 nIters: 3
Time step continuity errors : sum local = 2.354132031056805e-05
                                 global = 7.154917725739151e-08
                             cumulative = -0.01189223206680733
T initRes: 1.864187453445576e-05 finalRes: 1.055166458050397e-07 nIters: 6
nuTilda initRes: 0.0003622377765989892 finalRes: 8.16295400168965e-07 nIters: 4
TP1: 88.11791159200304 final: 88.11791159200304
TP2: 35.77316702484986 final: 35.77316702484986
HFX: 301.8139240107661 final: 301.8139240107661
yPlus min: 1.845218143428009 max: 55.32501810485932 mean: 23.67011069486243
ExecutionTime = 208.17 s  ClockTime = 213 s

Time = 600

U0 initRes: 2.241456041949164e-06 finalRes: 1.008942878471518e-08 nIters: 6
U1 initRes: 5.530549148156253e-06 finalRes: 1.701910444603354e-08 nIters: 8
U2 initRes: 1.550060109380868e-05 finalRes: 9.464340449048682e-08 nIters: 6
p initRes: 0.0002057578227292791 finalRes: 1.383833224123064e-06 nIters: 3
Time step continuity errors : sum local = 2.354133579920624e-05
                                 global = 7.154920865000174e-08
                             cumulative = -0.01189216051759868
T initRes: 1.86418747018959e-05 finalRes: 1.05516640969982e-07 nIters: 6
nuTilda initRes: 0.0003622377754797132 finalRes: 8.162954353327117e-07 nIters: 4
TP1: 88.11791159096769 final: 88.11791159096769
TP2: 35.77316702477805 final: 35.77316702477805
HFX: 301.8139240118562 final: 301.8139240118562
yPlus min: 1.845218143126949 max: 55.3250181050038 mean: 23.67011069485647
ExecutionTime = 208.63 s  ClockTime = 214 s

Time = 700

U0 initRes: 2.241456045134222e-06 finalRes: 1.008942888616554e-08 nIters: 6
U1 initRes: 5.530549153677457e-06 finalRes: 1.70191044722748e-08 nIters: 8
U2 initRes: 1.550060109225236e-05 finalRes: 9.464340433864658e-08 nIters: 6
p initRes: 0.000205757822689766 finalRes: 1.383833188770434e-06 nIters: 3
Time step continuity errors : sum local = 2.354133522469729e-05
                                 global = 7.154915762043283e-08
                             cumulative = -0.01189208896844106
T initRes: 1.864187470053506e-05 finalRes: 1.055166425429996e-07 nIters: 6
nuTilda initRes: 0.0003622377754737617 finalRes: 8.162954349080464e-07 nIters: 4
TP1: 88.1179115909371 final: 88.1179115909371
TP2: 35.7731670247784 final: 35.7731670247784
HFX: 301.8139240118003 final: 301.8139240118003
yPlus min: 1.84521814314202 max: 55.32501810499337 mean: 23.67011069486055
ExecutionTime = 209.11 s  ClockTime = 214 s

Time = 800

U0 initRes: 2.241456046039744e-06 finalRes: 1.008942887834629e-08 nIters: 6
U1 initRes: 5.530549154891129e-06 finalRes: 1.701910446766101e-08 nIters: 8
U2 initRes: 1.550060109344422e-05 finalRes: 9.464340434788962e-08 nIters: 6
p initRes: 0.0002057578226961422 finalRes: 1.383833204567223e-06 nIters: 3
Time step continuity errors : sum local = 2.35413355084716e-05
                                 global = 7.154933075880486e-08
                             cumulative = -0.0118920174191103
T initRes: 1.86418746989604e-05 finalRes: 1.055166405862654e-07 nIters: 6
nuTilda initRes: 0.0003622377754788524 finalRes: 8.162954348107399e-07 nIters: 4
TP1: 88.1179115909587 final: 88.1179115909587
TP2: 35.77316702477822 final: 35.77316702477822
HFX: 301.8139240117984 final: 301.8139240117984
yPlus min: 1.845218143142461 max: 55.32501810499318 mean: 23.67011069486021
ExecutionTime = 209.63 s  ClockTime = 215 s

Time = 900

U0 initRes: 2.241456045241382e-06 finalRes: 1.008942887242546e-08 nIters: 6
U1 initRes: 5.5305491540427e-06 finalRes: 1.701910448383102e-08 nIters: 8
U2 initRes: 1.550060109236185e-05 finalRes: 9.464340434836143e-08 nIters: 6
p initRes: 0.0002057578226817139 finalRes: 1.383833216478959e-06 nIters: 3
Time step continuity errors : sum local = 2.354133567360712e-05
                                 global = 7.154921795157073e-08
                             cumulative = -0.01189194586989235
T initRes: 1.864187470089401e-05 finalRes: 1.055166410236812e-07 nIters: 6
nuTilda initRes: 0.0003622377754782512 finalRes: 8.162954348302899e-07 nIters: 4
TP1: 88.11791159096887 final: 88.11791159096887
TP2: 35.77316702477804 final: 35.77316702477804
HFX: 301.8139240117974 final: 301.8139240117974
yPlus min: 1.84521814314114 max: 55.32501810499299 mean: 23.67011069486012
ExecutionTime = 210.1 s  ClockTime = 215 s

Time = 1000

U0 initRes: 2.241456046024226e-06 finalRes: 1.008942887866441e-08 nIters: 6
U1 initRes: 5.530549154564506e-06 finalRes: 1.701910446896835e-08 nIters: 8
U2 initRes: 1.550060109277651e-05 finalRes: 9.464340433718156e-08 nIters: 6
p initRes: 0.0002057578226904977 finalRes: 1.383833187326799e-06 nIters: 3
Time step continuity errors : sum local = 2.35413352583184e-05
                                 global = 7.154905973110065e-08
                             cumulative = -0.01189187432083262
T initRes: 1.864187469997403e-05 finalRes: 1.055166411389908e-07 nIters: 6
nuTilda initRes: 0.0003622377754783399 finalRes: 8.162954348133338e-07 nIters: 4
TP1: 88.11791159093583 final: 88.11791159093583
TP2: 35.7731670247774 final: 35.7731670247774
HFX: 301.8139240117987 final: 301.8139240117987
yPlus min: 1.845218143139721 max: 55.32501810499324 mean: 23.67011069486011
ExecutionTime = 210.59 s  ClockTime = 216 s

End

Moving time 1000 to 0.0043
Printing Primal Residual Statistics.
U Residual Norm2: (28.36537831683943 24.91333179188183 11.63765635262412)
U Residual Mean: (0.04090146083115869 0.03279392004697161 0.01527846326670957)
U Residual Max: (12.97904504548666 11.01385034220014 8.195197220967582)
p Residual Norm2: 8.199174389563817
p Residual Mean: 0.01415218201712951
p Residual Max: 2.850038551876405
T Residual Norm2: 43.517593508194
T Residual Mean: 0.05142707673164689
T Residual Max: 20.60858961723426
nuTilda Residual Norm2: 0.4915093021205199
nuTilda Residual Mean: 0.0004758815929037623
nuTilda Residual Max: 0.2387227716750217
phi Residual Norm2: 0.04817816665000955
phi Residual Mean: 2.606456472869603e-05
phi Residual Max: 0.02972885165830922
Total Residual Norm2: 59.34606255983869
 
 
DAInputVolCoord. 
Setting volume coordinates. 
Checking mesh quality for time = 1000
    Overall domain bounding box (2.121176986256691e-39 -0.09450000000000007 -3.242891148499375e-07) (0.8445000000000003 0.09450000000000008 0.03750000000000003)
    Mesh has 3 geometric (non-empty/wedge) directions (1 1 1)
    Mesh has 3 solution (non-empty) directions (1 1 1)
    Boundary openness (2.278572232298173e-17 4.494209188724112e-18 -4.727055054064238e-17) OK.
    Max cell openness = 3.761918103054481e-16 OK.
    Max aspect ratio = 69.08288552241777 OK.
    Minimum face area = 1.673117380316579e-06. Maximum face area = 0.001155838028773849.  Face area magnitudes OK.
    Min volume = 5.879983474036692e-09. Max volume = 1.309214666479696e-05.  Total volume = 0.004719834592414117.  Cell volumes OK.
    Mesh non-orthogonality Max: 3.512396054202716 average: 0.2800474835064989
    Non-orthogonality check OK.
    Face pyramids OK.
    Max skewness = 0.2181390275762276 OK.
    Coupled point location match (average 0) OK.

Mesh OK.

Running Primal Solver 044
Previous solution time 1000 not found and nothing deleted.
No finite volume options present

Starting time loop

Time = 1

U0 initRes: 2.845085834517743e-06 finalRes: 1.112064903769331e-08 nIters: 6
U1 initRes: 2.242644174874895e-05 finalRes: 9.824008922593588e-08 nIters: 6
U2 initRes: 0.0001100579257819312 finalRes: 7.706255447603903e-07 nIters: 4
p initRes: 0.0004520532369779012 finalRes: 2.521390622138993e-06 nIters: 5
Time step continuity errors : sum local = 4.289359008707182e-05
                                 global = -3.421876180763297e-06
                             cumulative = -0.01189529619701338
T initRes: 2.298835201101759e-05 finalRes: 1.030340768116575e-07 nIters: 6
nuTilda initRes: 0.0002135832250543419 finalRes: 9.393748860864862e-07 nIters: 4
TP1: 88.08543214076913 final: 88.08543214076913
TP2: 35.77315939586416 final: 35.77315939586416
HFX: 301.8107591067414 final: 301.8107591067414
yPlus min: 1.854027412665104 max: 55.32495542831442 mean: 23.67041863713799
ExecutionTime = 210.74 s  ClockTime = 216 s

Time = 100

U0 initRes: 2.255967888678448e-06 finalRes: 9.959384032927344e-09 nIters: 6
U1 initRes: 5.535143029046667e-06 finalRes: 1.698220404253808e-08 nIters: 8
U2 initRes: 1.555255420471351e-05 finalRes: 9.49733798261868e-08 nIters: 6
p initRes: 0.0002057756270392001 finalRes: 7.031110805405883e-07 nIters: 3
Time step continuity errors : sum local = 1.196107320710223e-05
                                 global = -3.012031957130755e-09
                             cumulative = -0.01189529920904534
T initRes: 1.866801504912392e-05 finalRes: 1.054703901239249e-07 nIters: 6
nuTilda initRes: 0.0003621408392121945 finalRes: 8.158960365776926e-07 nIters: 4
TP1: 88.11810098843567 final: 88.11810098843567
TP2: 35.77319061963534 final: 35.77319061963534
HFX: 301.8125753521905 final: 301.8125753521905
yPlus min: 1.845866465605491 max: 55.32501203721688 mean: 23.66994854699003
ExecutionTime = 211.25 s  ClockTime = 216 s

Time = 200

U0 initRes: 2.245438900365273e-06 finalRes: 1.001101318060247e-08 nIters: 6
U1 initRes: 5.525461494289299e-06 finalRes: 1.700619680177073e-08 nIters: 8
U2 initRes: 1.550569748560374e-05 finalRes: 9.487238086924556e-08 nIters: 6
p initRes: 0.0002056291229798982 finalRes: 7.006642872797776e-07 nIters: 3
Time step continuity errors : sum local = 1.191946342831794e-05
                                 global = -3.096802102226949e-10
                             cumulative = -0.01189529951872555
T initRes: 1.865228964249654e-05 finalRes: 1.055083254375201e-07 nIters: 6
nuTilda initRes: 0.0003620964043075636 finalRes: 8.16160871922956e-07 nIters: 4
TP1: 88.11807282835699 final: 88.11807282835699
TP2: 35.77318940212395 final: 35.77318940212395
HFX: 301.8125626995611 final: 301.8125626995611
yPlus min: 1.84586923335296 max: 55.32500921195432 mean: 23.66995078202338
ExecutionTime = 211.79 s  ClockTime = 217 s

Time = 300

U0 initRes: 2.245536094762879e-06 finalRes: 1.000718122864654e-08 nIters: 6
U1 initRes: 5.526355296727139e-06 finalRes: 1.700592724955873e-08 nIters: 8
U2 initRes: 1.550584805752641e-05 finalRes: 9.487251921337563e-08 nIters: 6
p initRes: 0.0002056271580556342 finalRes: 7.002561869148238e-07 nIters: 3
Time step continuity errors : sum local = 1.191252078088875e-05
                                 global = -3.490458743139156e-11
                             cumulative = -0.01189529955363014
T initRes: 1.86516523090434e-05 finalRes: 1.05519060448315e-07 nIters: 6
nuTilda initRes: 0.0003620974028643731 finalRes: 8.160697741174778e-07 nIters: 4
TP1: 88.11807595148834 final: 88.11807595148834
TP2: 35.77318959585931 final: 35.77318959585931
HFX: 301.8125607160959 final: 301.8125607160959
yPlus min: 1.845869819488819 max: 55.32500901266491 mean: 23.66995072606325
ExecutionTime = 212.28 s  ClockTime = 217 s

Time = 400

U0 initRes: 2.245515513554915e-06 finalRes: 1.000703529473478e-08 nIters: 6
U1 initRes: 5.526318190606121e-06 finalRes: 1.700584908387274e-08 nIters: 8
U2 initRes: 1.550586936492333e-05 finalRes: 9.487281351155435e-08 nIters: 6
p initRes: 0.0002056272845133212 finalRes: 7.002774319634671e-07 nIters: 3
Time step continuity errors : sum local = 1.191288225982617e-05
                                 global = -5.446068422412648e-11
                             cumulative = -0.01189529960809082
T initRes: 1.865167207759004e-05 finalRes: 1.055184096705321e-07 nIters: 6
nuTilda initRes: 0.0003620973188558841 finalRes: 8.160726543258775e-07 nIters: 4
TP1: 88.11807589733904 final: 88.11807589733904
TP2: 35.77318958999036 final: 35.77318958999036
HFX: 301.8125608916555 final: 301.8125608916555
yPlus min: 1.845869774316349 max: 55.32500904159781 mean: 23.6699507179268
ExecutionTime = 212.74 s  ClockTime = 218 s

Time = 500

U0 initRes: 2.245514829997833e-06 finalRes: 1.000705599148115e-08 nIters: 6
U1 initRes: 5.52631648665975e-06 finalRes: 1.700585376288536e-08 nIters: 8
U2 initRes: 1.550586668139577e-05 finalRes: 9.487279945301214e-08 nIters: 6
p initRes: 0.0002056272829702268 finalRes: 7.002778814151032e-07 nIters: 3
Time step continuity errors : sum local = 1.191288983802581e-05
                                 global = -5.442334277553805e-11
                             cumulative = -0.01189529966251416
T initRes: 1.865167150448043e-05 finalRes: 1.055184011459184e-07 nIters: 6
nuTilda initRes: 0.0003620973079935018 finalRes: 8.160728426229943e-07 nIters: 4
TP1: 88.1180758882802 final: 88.1180758882802
TP2: 35.77318958953988 final: 35.77318958953988
HFX: 301.8125608911492 final: 301.8125608911492
yPlus min: 1.84586977423227 max: 55.32500904105365 mean: 23.66995071851031
ExecutionTime = 213.15 s  ClockTime = 218 s

Time = 600

U0 initRes: 2.245514923760591e-06 finalRes: 1.000705555625171e-08 nIters: 6
U1 initRes: 5.526316700938219e-06 finalRes: 1.700585384432485e-08 nIters: 8
U2 initRes: 1.550586672700662e-05 finalRes: 9.487279903942808e-08 nIters: 6
p initRes: 0.0002056272825801893 finalRes: 7.002777865936217e-07 nIters: 3
Time step continuity errors : sum local = 1.191288820826138e-05
                                 global = -5.439722981046823e-11
                             cumulative = -0.01189529971691139
T initRes: 1.865167142866977e-05 finalRes: 1.055184032038515e-07 nIters: 6
nuTilda initRes: 0.0003620973087127606 finalRes: 8.160728232815866e-07 nIters: 4
TP1: 88.11807588891183 final: 88.11807588891183
TP2: 35.77318958958205 final: 35.77318958958205
HFX: 301.8125608905365 final: 301.8125608905365
yPlus min: 1.845869774400467 max: 55.3250090409741 mean: 23.66995071851261
ExecutionTime = 213.56 s  ClockTime = 219 s

Time = 700

U0 initRes: 2.24551492225298e-06 finalRes: 1.000705550817874e-08 nIters: 6
U1 initRes: 5.526316695952787e-06 finalRes: 1.700585381238278e-08 nIters: 8
U2 initRes: 1.550586673480799e-05 finalRes: 9.487279910055841e-08 nIters: 6
p initRes: 0.0002056272826074191 finalRes: 7.002777735885355e-07 nIters: 3
Time step continuity errors : sum local = 1.191288802340619e-05
                                 global = -5.453602945051639e-11
                             cumulative = -0.01189529977144742
T initRes: 1.865167143561935e-05 finalRes: 1.055184032621501e-07 nIters: 6
nuTilda initRes: 0.0003620973087185278 finalRes: 8.160728234807697e-07 nIters: 4
TP1: 88.118075888889 final: 88.118075888889
TP2: 35.77318958958115 final: 35.77318958958115
HFX: 301.8125608905664 final: 301.8125608905664
yPlus min: 1.845869774394418 max: 55.32500904097978 mean: 23.66995071851036
ExecutionTime = 214 s  ClockTime = 219 s

Time = 800

U0 initRes: 2.245514921952634e-06 finalRes: 1.000705550633905e-08 nIters: 6
U1 initRes: 5.526316696630443e-06 finalRes: 1.700585381578709e-08 nIters: 8
U2 initRes: 1.550586673312385e-05 finalRes: 9.487279910226598e-08 nIters: 6
p initRes: 0.0002056272826000233 finalRes: 7.002777752959181e-07 nIters: 3
Time step continuity errors : sum local = 1.191288800805331e-05
                                 global = -5.449175419484314e-11
                             cumulative = -0.01189529982593918
T initRes: 1.865167143508395e-05 finalRes: 1.055184026893267e-07 nIters: 6
nuTilda initRes: 0.0003620973087157024 finalRes: 8.160728235316133e-07 nIters: 4
TP1: 88.11807588888557 final: 88.11807588888557
TP2: 35.77318958958229 final: 35.77318958958229
HFX: 301.812560890568 final: 301.812560890568
yPlus min: 1.84586977439304 max: 55.32500904097999 mean: 23.66995071851055
ExecutionTime = 214.47 s  ClockTime = 220 s

Time = 900

U0 initRes: 2.245514921686987e-06 finalRes: 1.000705549718547e-08 nIters: 6
U1 initRes: 5.526316696000083e-06 finalRes: 1.70058538168478e-08 nIters: 8
U2 initRes: 1.550586673368665e-05 finalRes: 9.487279910611453e-08 nIters: 6
p initRes: 0.0002056272825989233 finalRes: 7.002777650746215e-07 nIters: 3
Time step continuity errors : sum local = 1.191288786550043e-05
                                 global = -5.459963565973246e-11
                             cumulative = -0.01189529988053882
T initRes: 1.865167143467077e-05 finalRes: 1.055184042779403e-07 nIters: 6
nuTilda initRes: 0.0003620973087155595 finalRes: 8.160728235367363e-07 nIters: 4
TP1: 88.11807588887919 final: 88.11807588887919
TP2: 35.77318958958163 final: 35.77318958958163
HFX: 301.8125608905673 final: 301.8125608905673
yPlus min: 1.84586977439229 max: 55.32500904097993 mean: 23.6699507185105
ExecutionTime = 215 s  ClockTime = 220 s

Time = 1000

U0 initRes: 2.245514921782136e-06 finalRes: 1.000705550631217e-08 nIters: 6
U1 initRes: 5.526316697268779e-06 finalRes: 1.700585381619747e-08 nIters: 8
U2 initRes: 1.550586673291707e-05 finalRes: 9.487279910712246e-08 nIters: 6
p initRes: 0.0002056272825990904 finalRes: 7.002777848481226e-07 nIters: 3
Time step continuity errors : sum local = 1.191288814938036e-05
                                 global = -5.441663300542384e-11
                             cumulative = -0.01189529993495545
T initRes: 1.865167143560266e-05 finalRes: 1.055184048052053e-07 nIters: 6
nuTilda initRes: 0.0003620973087158667 finalRes: 8.160728235506391e-07 nIters: 4
TP1: 88.11807588889774 final: 88.11807588889774
TP2: 35.7731895895821 final: 35.7731895895821
HFX: 301.8125608905676 final: 301.8125608905676
yPlus min: 1.845869774391167 max: 55.32500904097998 mean: 23.66995071851048
ExecutionTime = 215.46 s  ClockTime = 221 s

End

Moving time 1000 to 0.0044
Printing Primal Residual Statistics.
U Residual Norm2: (28.35209624977417 24.90781324911923 11.62404899047088)
U Residual Mean: (0.0409067492333572 0.03275038027445135 0.01525326213839045)
U Residual Max: (12.9797616810985 11.01155616872522 8.184987878103438)
p Residual Norm2: 8.197268024986979
p Residual Mean: 0.01414510804702115
p Residual Max: 2.84973521461073
T Residual Norm2: 43.50689119256746
T Residual Mean: 0.05143000713745943
T Residual Max: 20.59742604942269
nuTilda Residual Norm2: 0.491410303095867
nuTilda Residual Mean: 0.0004758077409676117
nuTilda Residual Max: 0.2386786581317764
phi Residual Norm2: 0.04815223595194311
phi Residual Mean: 2.611329502954809e-05
phi Residual Max: 0.0297191520998698
Total Residual Norm2: 59.32661817920788
 
 
DAInputVolCoord. 
Setting volume coordinates. 
Checking mesh quality for time = 1000
    Overall domain bounding box (-1.801721207678371e-10 -0.09450000000000007 -1.139667230838203e-07) (0.8445000000000003 0.09450000000000008 0.03750000000000003)
    Mesh has 3 geometric (non-empty/wedge) directions (1 1 1)
    Mesh has 3 solution (non-empty) directions (1 1 1)
    Boundary openness (1.390098988219946e-17 -2.010712730014018e-17 -9.739068883296837e-17) OK.
    Max cell openness = 4.312985034105053e-16 OK.
    Max aspect ratio = 69.08288552273999 OK.
    Minimum face area = 1.673117199454974e-06. Maximum face area = 0.001155838013782884.  Face area magnitudes OK.
    Min volume = 5.87998498207849e-09. Max volume = 1.309214607369186e-05.  Total volume = 0.004719832452955737.  Cell volumes OK.
    Mesh non-orthogonality Max: 3.5123559283117 average: 0.2801194556891659
    Non-orthogonality check OK.
    Face pyramids OK.
    Max skewness = 0.2181378429576209 OK.
    Coupled point location match (average 0) OK.

Mesh OK.

Running Primal Solver 045
Previous solution time 1000 not found and nothing deleted.
No finite volume options present

Starting time loop

Time = 1

U0 initRes: 2.25822744461784e-06 finalRes: 1.018025026441522e-08 nIters: 6
U1 initRes: 7.000606288531004e-06 finalRes: 6.650292205111119e-08 nIters: 6
U2 initRes: 3.250541960715228e-05 finalRes: 9.661816257873856e-08 nIters: 6
p initRes: 0.0002463148008622164 finalRes: 1.91766078858004e-06 nIters: 6
Time step continuity errors : sum local = 3.262425563348194e-05
                                 global = 2.890730727979068e-06
                             cumulative = -0.01189240920422747
T initRes: 1.808839480363718e-05 finalRes: 1.046784017881596e-07 nIters: 6
nuTilda initRes: 0.0002101312653359202 finalRes: 9.250693739112792e-07 nIters: 4
TP1: 88.12295958760559 final: 88.12295958760559
TP2: 35.77319592054123 final: 35.77319592054123
HFX: 301.8081289287835 final: 301.8081289287835
yPlus min: 1.854377901160957 max: 55.32501780254604 mean: 23.6703307721577
ExecutionTime = 215.62 s  ClockTime = 221 s

Time = 100

U0 initRes: 2.243573703624141e-06 finalRes: 1.008950176570882e-08 nIters: 6
U1 initRes: 5.533872021771852e-06 finalRes: 1.700958185947894e-08 nIters: 8
U2 initRes: 1.550595129243271e-05 finalRes: 9.456902536172961e-08 nIters: 6
p initRes: 0.0002057228496008927 finalRes: 1.329457458769546e-06 nIters: 3
Time step continuity errors : sum local = 2.261646561313969e-05
                                 global = -5.036671588920738e-08
                             cumulative = -0.01189245957094336
T initRes: 1.86317567605183e-05 finalRes: 1.055785713351232e-07 nIters: 6
nuTilda initRes: 0.0003620021339833172 finalRes: 8.157272628505695e-07 nIters: 4
TP1: 88.11866482637228 final: 88.11866482637228
TP2: 35.77314676073551 final: 35.77314676073551
HFX: 301.8146663524914 final: 301.8146663524914
yPlus min: 1.845848266080637 max: 55.32505709334762 mean: 23.67002941265613
ExecutionTime = 216.11 s  ClockTime = 221 s

Time = 200

U0 initRes: 2.238035325952463e-06 finalRes: 1.007096811978254e-08 nIters: 6
U1 initRes: 5.527632688168954e-06 finalRes: 1.70055662409829e-08 nIters: 8
U2 initRes: 1.549258243007726e-05 finalRes: 9.459965702638161e-08 nIters: 6
p initRes: 0.0002056991476012806 finalRes: 1.345058388286499e-06 nIters: 3
Time step continuity errors : sum local = 2.288186173875174e-05
                                 global = -8.704706755538632e-08
                             cumulative = -0.01189254661801092
T initRes: 1.86316206225941e-05 finalRes: 1.054905057623104e-07 nIters: 6
nuTilda initRes: 0.0003619758566336182 finalRes: 8.160055659633271e-07 nIters: 4
TP1: 88.11865171671955 final: 88.11865171671955
TP2: 35.77314568855816 final: 35.77314568855816
HFX: 301.8146865049558 final: 301.8146865049558
yPlus min: 1.845843087532504 max: 55.32505991128551 mean: 23.67002908811736
ExecutionTime = 216.58 s  ClockTime = 222 s

Time = 300

U0 initRes: 2.237976292132855e-06 finalRes: 1.00729377436642e-08 nIters: 6
U1 initRes: 5.527590378847429e-06 finalRes: 1.70061428791644e-08 nIters: 8
U2 initRes: 1.54924447673492e-05 finalRes: 9.459721264504935e-08 nIters: 6
p initRes: 0.0002056983199886543 finalRes: 1.344898792908613e-06 nIters: 3
Time step continuity errors : sum local = 2.287914720184701e-05
                                 global = -8.627594110437919e-08
                             cumulative = -0.01189263289395202
T initRes: 1.863162148970324e-05 finalRes: 1.054919676468635e-07 nIters: 6
nuTilda initRes: 0.0003619754081755918 finalRes: 8.160094611504193e-07 nIters: 4
TP1: 88.1186513047417 final: 88.1186513047417
TP2: 35.77314568347157 final: 35.77314568347157
HFX: 301.8146858618727 final: 301.8146858618727
yPlus min: 1.845843245942533 max: 55.32505977166005 mean: 23.67002915960052
ExecutionTime = 217.04 s  ClockTime = 222 s

Time = 400

U0 initRes: 2.237986336591964e-06 finalRes: 1.007282158952268e-08 nIters: 6
U1 initRes: 5.527610684205403e-06 finalRes: 1.700612929836781e-08 nIters: 8
U2 initRes: 1.549247178198273e-05 finalRes: 9.459722667469649e-08 nIters: 6
p initRes: 0.0002056983295423204 finalRes: 1.344848531238575e-06 nIters: 3
Time step continuity errors : sum local = 2.287829211566912e-05
                                 global = -8.627302840862069e-08
                             cumulative = -0.01189271916698043
T initRes: 1.863161001988875e-05 finalRes: 1.054921806738204e-07 nIters: 6
nuTilda initRes: 0.0003619754873263475 finalRes: 8.160074241789596e-07 nIters: 4
TP1: 88.11865137732734 final: 88.11865137732734
TP2: 35.7731456881405 final: 35.7731456881405
HFX: 301.8146858250134 final: 301.8146858250134
yPlus min: 1.845843257033534 max: 55.32505976845639 mean: 23.67002915757159
ExecutionTime = 217.49 s  ClockTime = 223 s

Time = 500

U0 initRes: 2.237985877190317e-06 finalRes: 1.007282024576356e-08 nIters: 6
U1 initRes: 5.52760970423786e-06 finalRes: 1.700612786292669e-08 nIters: 8
U2 initRes: 1.549247062733329e-05 finalRes: 9.459723484783521e-08 nIters: 6
p initRes: 0.0002056983316200294 finalRes: 1.34485167845083e-06 nIters: 3
Time step continuity errors : sum local = 2.287834567192207e-05
                                 global = -8.627573650544114e-08
                             cumulative = -0.01189280544271693
T initRes: 1.863161045938354e-05 finalRes: 1.05492165279448e-07 nIters: 6
nuTilda initRes: 0.0003619754846244848 finalRes: 8.160075164952358e-07 nIters: 4
TP1: 88.11865137509552 final: 88.11865137509552
TP2: 35.77314568791608 final: 35.77314568791608
HFX: 301.8146858292815 final: 301.8146858292815
yPlus min: 1.845843255870954 max: 55.32505976913662 mean: 23.67002915741186
ExecutionTime = 218.03 s  ClockTime = 223 s

Time = 600

U0 initRes: 2.237985862560244e-06 finalRes: 1.007282073339977e-08 nIters: 6
U1 initRes: 5.527609675958523e-06 finalRes: 1.700612799336861e-08 nIters: 8
U2 initRes: 1.549247058881936e-05 finalRes: 9.45972343753626e-08 nIters: 6
p initRes: 0.000205698331469666 finalRes: 1.344851730758124e-06 nIters: 3
Time step continuity errors : sum local = 2.287834666320686e-05
                                 global = -8.62759205502208e-08
                             cumulative = -0.01189289171863748
T initRes: 1.863161048015797e-05 finalRes: 1.054921646248685e-07 nIters: 6
nuTilda initRes: 0.0003619754844651631 finalRes: 8.160075192198054e-07 nIters: 4
TP1: 88.11865137491957 final: 88.11865137491957
TP2: 35.77314568791066 final: 35.77314568791066
HFX: 301.8146858291976 final: 301.8146858291976
yPlus min: 1.845843255892308 max: 55.32505976911343 mean: 23.67002915742777
ExecutionTime = 218.46 s  ClockTime = 224 s

Time = 700

U0 initRes: 2.237985863683853e-06 finalRes: 1.00728207201763e-08 nIters: 6
U1 initRes: 5.527609680397205e-06 finalRes: 1.700612799479239e-08 nIters: 8
U2 initRes: 1.549247059322055e-05 finalRes: 9.459723436594569e-08 nIters: 6
p initRes: 0.0002056983314543861 finalRes: 1.344851720712759e-06 nIters: 3
Time step continuity errors : sum local = 2.287834651934611e-05
                                 global = -8.627603552080975e-08
                             cumulative = -0.011892977994673
T initRes: 1.863161047801388e-05 finalRes: 1.054921647744114e-07 nIters: 6
nuTilda initRes: 0.0003619754844828398 finalRes: 8.160075187370581e-07 nIters: 4
TP1: 88.11865137491763 final: 88.11865137491763
TP2: 35.77314568791095 final: 35.77314568791095
HFX: 301.8146858291854 final: 301.8146858291854
yPlus min: 1.84584325589442 max: 55.325059769112 mean: 23.6700291574275
ExecutionTime = 218.92 s  ClockTime = 224 s

Time = 800

U0 initRes: 2.237985864331572e-06 finalRes: 1.007282072343908e-08 nIters: 6
U1 initRes: 5.527609680816534e-06 finalRes: 1.700612798758693e-08 nIters: 8
U2 initRes: 1.549247059473024e-05 finalRes: 9.459723436746673e-08 nIters: 6
p initRes: 0.0002056983314649123 finalRes: 1.344851701356904e-06 nIters: 3
Time step continuity errors : sum local = 2.287834610246609e-05
                                 global = -8.627576825658621e-08
                             cumulative = -0.01189306427044126
T initRes: 1.863161047724913e-05 finalRes: 1.054921650159487e-07 nIters: 6
nuTilda initRes: 0.0003619754844825439 finalRes: 8.160075187523504e-07 nIters: 4
TP1: 88.11865137494642 final: 88.11865137494642
TP2: 35.77314568791125 final: 35.77314568791125
HFX: 301.8146858291865 final: 301.8146858291865
yPlus min: 1.845843255894795 max: 55.32505976911204 mean: 23.67002915742736
ExecutionTime = 219.39 s  ClockTime = 225 s

Time = 900

U0 initRes: 2.237985863373549e-06 finalRes: 1.007282072625089e-08 nIters: 6
U1 initRes: 5.527609680766251e-06 finalRes: 1.700612798596692e-08 nIters: 8
U2 initRes: 1.54924705934154e-05 finalRes: 9.459723436893442e-08 nIters: 6
p initRes: 0.0002056983314585772 finalRes: 1.344851708099253e-06 nIters: 3
Time step continuity errors : sum local = 2.287834624393378e-05
                                 global = -8.627584711278057e-08
                             cumulative = -0.01189315054628837
T initRes: 1.863161047848441e-05 finalRes: 1.054921646466123e-07 nIters: 6
nuTilda initRes: 0.0003619754844824832 finalRes: 8.160075187488044e-07 nIters: 4
TP1: 88.11865137491787 final: 88.11865137491787
TP2: 35.77314568791064 final: 35.77314568791064
HFX: 301.8146858291874 final: 301.8146858291874
yPlus min: 1.845843255896237 max: 55.32505976911229 mean: 23.6700291574275
ExecutionTime = 219.84 s  ClockTime = 225 s

Time = 1000

U0 initRes: 2.237985864331876e-06 finalRes: 1.007282072232122e-08 nIters: 6
U1 initRes: 5.527609681733802e-06 finalRes: 1.700612798959156e-08 nIters: 8
U2 initRes: 1.5492470594892e-05 finalRes: 9.459723437460295e-08 nIters: 6
p initRes: 0.0002056983314694972 finalRes: 1.344851709645964e-06 nIters: 3
Time step continuity errors : sum local = 2.287834626186945e-05
                                 global = -8.627589958876469e-08
                             cumulative = -0.01189323682218796
T initRes: 1.863161047644034e-05 finalRes: 1.054921643658363e-07 nIters: 6
nuTilda initRes: 0.0003619754844825924 finalRes: 8.160075187541174e-07 nIters: 4
TP1: 88.11865137492285 final: 88.11865137492285
TP2: 35.77314568791133 final: 35.77314568791133
HFX: 301.8146858291882 final: 301.8146858291882
yPlus min: 1.845843255894325 max: 55.32505976911256 mean: 23.67002915742768
ExecutionTime = 220.32 s  ClockTime = 225 s

End

Moving time 1000 to 0.0045
Printing Primal Residual Statistics.
U Residual Norm2: (28.35003568224209 24.90306272862482 11.63058780902271)
U Residual Mean: (0.04087492429182209 0.03278048925395557 0.01527224414901745)
U Residual Max: (12.97880827666591 11.00860710445527 8.191707073742611)
p Residual Norm2: 8.196034473736029
p Residual Mean: 0.01414722196620512
p Residual Max: 2.848952881771378
T Residual Norm2: 43.50219938750318
T Residual Mean: 0.05141299790637796
T Residual Max: 20.5998485880663
nuTilda Residual Norm2: 0.4913482362955292
nuTilda Residual Mean: 0.0004757527270127827
nuTilda Residual Max: 0.2386296059422635
phi Residual Norm2: 0.04816307014661025
phi Residual Mean: 2.605811432873914e-05
phi Residual Max: 0.02972881226017172
Total Residual Norm2: 59.3213090267654
 
 
DAInputVolCoord. 
Setting volume coordinates. 
Checking mesh quality for time = 1000
    Overall domain bounding box (3.133670182942392e-39 -0.09450000000000007 -8.554867474481912e-08) (0.8445000000000003 0.09450000000000008 0.03750000000000003)
    Mesh has 3 geometric (non-empty/wedge) directions (1 1 1)
    Mesh has 3 solution (non-empty) directions (1 1 1)
    Boundary openness (2.0896783990337e-18 -7.190613894255906e-18 -2.198913467993751e-16) OK.
    Max cell openness = 4.943975615574104e-16 OK.
    Max aspect ratio = 69.08288552251888 OK.
    Minimum face area = 1.673111838054468e-06. Maximum face area = 0.001155838045580046.  Face area magnitudes OK.
    Min volume = 5.879917391541642e-09. Max volume = 1.309214665160992e-05.  Total volume = 0.004719833795021916.  Cell volumes OK.
    Mesh non-orthogonality Max: 3.512307402135142 average: 0.2800012416645908
    Non-orthogonality check OK.
    Face pyramids OK.
    Max skewness = 0.2181353050587995 OK.
    Coupled point location match (average 0) OK.

Mesh OK.

Running Primal Solver 046
Previous solution time 1000 not found and nothing deleted.
No finite volume options present

Starting time loop

Time = 1

U0 initRes: 2.25279489278308e-06 finalRes: 1.017015327877921e-08 nIters: 6
U1 initRes: 7.195955338529267e-06 finalRes: 6.640699788023355e-08 nIters: 6
U2 initRes: 2.575884111947354e-05 finalRes: 1.165179563651343e-07 nIters: 6
p initRes: 0.0002437678861092759 finalRes: 2.150594058292592e-06 nIters: 3
Time step continuity errors : sum local = 3.658740339683739e-05
                                 global = 4.534143967606252e-06
                             cumulative = -0.01188870267822036
T initRes: 1.804564828338468e-05 finalRes: 1.053186776131758e-07 nIters: 6
nuTilda initRes: 0.0002099153838817958 finalRes: 9.280615897169109e-07 nIters: 4
TP1: 88.11591815989422 final: 88.11591815989422
TP2: 35.77315589043909 final: 35.77315589043909
HFX: 301.8103420389952 final: 301.8103420389952
yPlus min: 1.85447170033476 max: 55.3250511307398 mean: 23.6703867734757
ExecutionTime = 220.45 s  ClockTime = 226 s

Time = 100

U0 initRes: 2.248421750924018e-06 finalRes: 1.007531190105011e-08 nIters: 6
U1 initRes: 5.515403229277693e-06 finalRes: 1.699736014576387e-08 nIters: 8
U2 initRes: 1.552329658406193e-05 finalRes: 9.490842909307848e-08 nIters: 6
p initRes: 0.0002057216387587363 finalRes: 7.528613034189034e-07 nIters: 3
Time step continuity errors : sum local = 1.280748512841885e-05
                                 global = -1.81267875162203e-09
                             cumulative = -0.01188870449089911
T initRes: 1.865976774302833e-05 finalRes: 1.053914657380144e-07 nIters: 6
nuTilda initRes: 0.0003620745377153002 finalRes: 8.168696498482885e-07 nIters: 4
TP1: 88.11822980275116 final: 88.11822980275116
TP2: 35.77314935922777 final: 35.77314935922777
HFX: 301.8143261288266 final: 301.8143261288266
yPlus min: 1.845844957253921 max: 55.32502946625372 mean: 23.66998407635981
ExecutionTime = 220.92 s  ClockTime = 226 s

Time = 200

U0 initRes: 2.245326410256743e-06 finalRes: 1.003669077693821e-08 nIters: 6
U1 initRes: 5.522154924476429e-06 finalRes: 1.700029799464014e-08 nIters: 8
U2 initRes: 1.550366997696614e-05 finalRes: 9.487400103637137e-08 nIters: 6
p initRes: 0.0002056310564842039 finalRes: 7.347574541927326e-07 nIters: 3
Time step continuity errors : sum local = 1.249950940573808e-05
                                 global = 3.023907185929318e-08
                             cumulative = -0.01188867425182725
T initRes: 1.865024858551454e-05 finalRes: 1.055222362808169e-07 nIters: 6
nuTilda initRes: 0.0003620533447300729 finalRes: 8.159858911831966e-07 nIters: 4
TP1: 88.11825790528728 final: 88.11825790528728
TP2: 35.7731514494709 final: 35.7731514494709
HFX: 301.8142957893596 final: 301.8142957893596
yPlus min: 1.8458532615955 max: 55.32502546001633 mean: 23.66998422170845
ExecutionTime = 221.42 s  ClockTime = 227 s

Time = 300

U0 initRes: 2.245136202671032e-06 finalRes: 1.003384243727369e-08 nIters: 6
U1 initRes: 5.52204825559534e-06 finalRes: 1.699933315749869e-08 nIters: 8
U2 initRes: 1.550402181925666e-05 finalRes: 9.487775000688125e-08 nIters: 6
p initRes: 0.0002056323662954656 finalRes: 7.345837295506132e-07 nIters: 3
Time step continuity errors : sum local = 1.249655351951112e-05
                                 global = 2.317760645456791e-08
                             cumulative = -0.0118886510742208
T initRes: 1.865012314132002e-05 finalRes: 1.055181123925203e-07 nIters: 6
nuTilda initRes: 0.0003620536664758162 finalRes: 8.159892533500306e-07 nIters: 4
TP1: 88.11825820090969 final: 88.11825820090969
TP2: 35.77315140985874 final: 35.77315140985874
HFX: 301.8142971775122 final: 301.8142971775122
yPlus min: 1.845852934396538 max: 55.32502572867487 mean: 23.66998410589055
ExecutionTime = 221.91 s  ClockTime = 227 s

Time = 400

U0 initRes: 2.245125323180416e-06 finalRes: 1.003405717606702e-08 nIters: 6
U1 initRes: 5.522012666205717e-06 finalRes: 1.699936350232633e-08 nIters: 8
U2 initRes: 1.550399686353834e-05 finalRes: 9.487768414719453e-08 nIters: 6
p initRes: 0.0002056324110598989 finalRes: 7.346047974831384e-07 nIters: 3
Time step continuity errors : sum local = 1.24969119311775e-05
                                 global = 2.318935224765772e-08
                             cumulative = -0.01188862788486855
T initRes: 1.865012926927759e-05 finalRes: 1.055177816630251e-07 nIters: 6
nuTilda initRes: 0.0003620535189391807 finalRes: 8.159925296724346e-07 nIters: 4
TP1: 88.11825807718765 final: 88.11825807718765
TP2: 35.77315140232405 final: 35.77315140232405
HFX: 301.8142972274447 final: 301.8142972274447
yPlus min: 1.845852917941877 max: 55.32502573199789 mean: 23.6699841100004
ExecutionTime = 222.4 s  ClockTime = 228 s

Time = 500

U0 initRes: 2.245126181998097e-06 finalRes: 1.00340579263337e-08 nIters: 6
U1 initRes: 5.522014607999337e-06 finalRes: 1.699936573928231e-08 nIters: 8
U2 initRes: 1.550399650278954e-05 finalRes: 9.487767319958158e-08 nIters: 6
p initRes: 0.0002056324031297347 finalRes: 7.346040820663404e-07 nIters: 3
Time step continuity errors : sum local = 1.24968997882316e-05
                                 global = 2.320984254275128e-08
                             cumulative = -0.01188860467502601
T initRes: 1.865012836238297e-05 finalRes: 1.055178105519639e-07 nIters: 6
nuTilda initRes: 0.0003620535231516646 finalRes: 8.159923604451536e-07 nIters: 4
TP1: 88.1182580817984 final: 88.1182580817984
TP2: 35.77315140282986 final: 35.77315140282986
HFX: 301.8142972199497 final: 301.8142972199497
yPlus min: 1.845852919946072 max: 55.32502573084265 mean: 23.66998411024295
ExecutionTime = 222.83 s  ClockTime = 228 s

Time = 600

U0 initRes: 2.24512618060503e-06 finalRes: 1.003405708504868e-08 nIters: 6
U1 initRes: 5.522014650499247e-06 finalRes: 1.699936552446384e-08 nIters: 8
U2 initRes: 1.550399661060774e-05 finalRes: 9.487767394925078e-08 nIters: 6
p initRes: 0.0002056324033282182 finalRes: 7.346040721844827e-07 nIters: 3
Time step continuity errors : sum local = 1.249689972151252e-05
                                 global = 2.320953491889742e-08
                             cumulative = -0.01188858146549109
T initRes: 1.865012837803357e-05 finalRes: 1.055178125434017e-07 nIters: 6
nuTilda initRes: 0.0003620535234684045 finalRes: 8.15992356075692e-07 nIters: 4
TP1: 88.11825808206686 final: 88.11825808206686
TP2: 35.77315140283383 final: 35.77315140283383
HFX: 301.8142972201141 final: 301.8142972201141
yPlus min: 1.845852919912341 max: 55.32502573088415 mean: 23.66998411021603
ExecutionTime = 223.38 s  ClockTime = 229 s

Time = 700

U0 initRes: 2.245126176287561e-06 finalRes: 1.003405711783909e-08 nIters: 6
U1 initRes: 5.522014640844502e-06 finalRes: 1.699936552513275e-08 nIters: 8
U2 initRes: 1.550399660886364e-05 finalRes: 9.487767396962035e-08 nIters: 6
p initRes: 0.0002056324033444307 finalRes: 7.346040640306617e-07 nIters: 3
Time step continuity errors : sum local = 1.249689953250769e-05
                                 global = 2.320949680598354e-08
                             cumulative = -0.01188855825599428
T initRes: 1.865012838020024e-05 finalRes: 1.055178095294204e-07 nIters: 6
nuTilda initRes: 0.0003620535234368457 finalRes: 8.159923569296953e-07 nIters: 4
TP1: 88.11825808199423 final: 88.11825808199423
TP2: 35.77315140283215 final: 35.77315140283215
HFX: 301.8142972201338 final: 301.8142972201338
yPlus min: 1.84585291990493 max: 55.32502573088671 mean: 23.66998411021634
ExecutionTime = 223.89 s  ClockTime = 229 s

Time = 800

U0 initRes: 2.24512617676846e-06 finalRes: 1.003405712411937e-08 nIters: 6
U1 initRes: 5.522014640914425e-06 finalRes: 1.699936552281681e-08 nIters: 8
U2 initRes: 1.550399660878533e-05 finalRes: 9.487767395301919e-08 nIters: 6
p initRes: 0.0002056324033370417 finalRes: 7.34604040994079e-07 nIters: 3
Time step continuity errors : sum local = 1.249689909906063e-05
                                 global = 2.320896796171266e-08
                             cumulative = -0.01188853504702632
T initRes: 1.865012838105322e-05 finalRes: 1.055178107824534e-07 nIters: 6
nuTilda initRes: 0.0003620535234374633 finalRes: 8.159923568817051e-07 nIters: 4
TP1: 88.11825808200945 final: 88.11825808200945
TP2: 35.77315140283066 final: 35.77315140283066
HFX: 301.8142972201298 final: 301.8142972201298
yPlus min: 1.845852919905881 max: 55.32502573088629 mean: 23.66998411021629
ExecutionTime = 224.37 s  ClockTime = 230 s

Time = 900

U0 initRes: 2.245126177440288e-06 finalRes: 1.003405712666229e-08 nIters: 6
U1 initRes: 5.522014641717489e-06 finalRes: 1.699936552378502e-08 nIters: 8
U2 initRes: 1.550399660668816e-05 finalRes: 9.487767396143835e-08 nIters: 6
p initRes: 0.0002056324033486737 finalRes: 7.346040603795772e-07 nIters: 3
Time step continuity errors : sum local = 1.249689939327247e-05
                                 global = 2.320922108291372e-08
                             cumulative = -0.01188851183780524
T initRes: 1.86501283816839e-05 finalRes: 1.05517811788807e-07 nIters: 6
nuTilda initRes: 0.0003620535234373245 finalRes: 8.159923568948126e-07 nIters: 4
TP1: 88.11825808201402 final: 88.11825808201402
TP2: 35.7731514028314 final: 35.7731514028314
HFX: 301.8142972201325 final: 301.8142972201325
yPlus min: 1.845852919906373 max: 55.32502573088634 mean: 23.66998411021656
ExecutionTime = 224.84 s  ClockTime = 230 s

Time = 1000

U0 initRes: 2.245126176523185e-06 finalRes: 1.003405713049379e-08 nIters: 6
U1 initRes: 5.522014641270574e-06 finalRes: 1.699936552495834e-08 nIters: 8
U2 initRes: 1.550399660721393e-05 finalRes: 9.487767395982591e-08 nIters: 6
p initRes: 0.0002056324033446338 finalRes: 7.346040390784124e-07 nIters: 3
Time step continuity errors : sum local = 1.249689906235428e-05
                                 global = 2.32086612205021e-08
                             cumulative = -0.01188848862914402
T initRes: 1.865012838035184e-05 finalRes: 1.055178109728296e-07 nIters: 6
nuTilda initRes: 0.0003620535234372476 finalRes: 8.15992356881578e-07 nIters: 4
TP1: 88.11825808203471 final: 88.11825808203471
TP2: 35.773151402831 final: 35.773151402831
HFX: 301.8142972201313 final: 301.8142972201313
yPlus min: 1.845852919905848 max: 55.32502573088614 mean: 23.66998411021629
ExecutionTime = 225.26 s  ClockTime = 231 s

End

Moving time 1000 to 0.0046
Printing Primal Residual Statistics.
U Residual Norm2: (28.34955966221272 24.90618796528378 11.6234014573788)
U Residual Mean: (0.0408868024845163 0.03273644746932351 0.01525371703526433)
U Residual Max: (12.97974726037167 11.01046318035169 8.185011296910357)
p Residual Norm2: 8.19669149736648
p Residual Mean: 0.01414412226803092
p Residual Max: 2.849578469155064
T Residual Norm2: 43.50467375089467
T Residual Mean: 0.05142738797541718
T Residual Max: 20.59710353783303
nuTilda Residual Norm2: 0.4913789938281294
nuTilda Residual Mean: 0.0004757777996043007
nuTilda Residual Max: 0.2386568425824014
phi Residual Norm2: 0.04815035892930183
phi Residual Mean: 2.610520616917094e-05
phi Residual Max: 0.02971912045967099
Total Residual Norm2: 59.32289064846912
 
 
DAInputVolCoord. 
Setting volume coordinates. 
Checking mesh quality for time = 1000
    Overall domain bounding box (-2.541573666708034e-10 -0.09450000000000007 -2.118947067335717e-07) (0.8445000000000003 0.09450000000000008 0.03750000000000003)
    Mesh has 3 geometric (non-empty/wedge) directions (1 1 1)
    Mesh has 3 solution (non-empty) directions (1 1 1)
    Boundary openness (7.890379198016876e-18 -1.267227018832062e-18 -2.306923178272106e-17) OK.
    Max cell openness = 5.227396746137535e-16 OK.
    Max aspect ratio = 69.08288552271628 OK.
    Minimum face area = 1.673105643710276e-06. Maximum face area = 0.001155838024661563.  Face area magnitudes OK.
    Min volume = 5.879984965330133e-09. Max volume = 1.309214617879536e-05.  Total volume = 0.004719833250309352.  Cell volumes OK.
    Mesh non-orthogonality Max: 3.516836726386952 average: 0.2801693665380148
    Non-orthogonality check OK.
    Face pyramids OK.
    Max skewness = 0.2181344583983437 OK.
    Coupled point location match (average 0) OK.

Mesh OK.

Running Primal Solver 047
Previous solution time 1000 not found and nothing deleted.
No finite volume options present

Starting time loop

Time = 1

U0 initRes: 2.22811943591549e-06 finalRes: 1.023824142545261e-08 nIters: 6
U1 initRes: 7.524023096970493e-06 finalRes: 6.73431087014553e-08 nIters: 6
U2 initRes: 2.979519818386184e-05 finalRes: 1.266854926190307e-07 nIters: 6
p initRes: 0.0002509286806087567 finalRes: 1.77612120172188e-06 nIters: 4
Time step continuity errors : sum local = 3.021671215319587e-05
                                 global = -5.004115499307281e-07
                             cumulative = -0.01188898904069395
T initRes: 1.806783049573953e-05 finalRes: 1.053338309749811e-07 nIters: 6
nuTilda initRes: 0.0002100837008466705 finalRes: 9.251399758308328e-07 nIters: 4
TP1: 88.12037967495691 final: 88.12037967495691
TP2: 35.77315038747015 final: 35.77315038747015
HFX: 301.8098087148624 final: 301.8098087148624
yPlus min: 1.854351768912557 max: 55.32503310226109 mean: 23.67036069740737
ExecutionTime = 225.39 s  ClockTime = 231 s

Time = 100

U0 initRes: 2.25506287856969e-06 finalRes: 1.015154652902441e-08 nIters: 6
U1 initRes: 5.547120818408027e-06 finalRes: 1.701178501111389e-08 nIters: 8
U2 initRes: 1.554966280723712e-05 finalRes: 9.458322152574127e-08 nIters: 6
p initRes: 0.0002058421105554289 finalRes: 1.311525120902917e-06 nIters: 3
Time step continuity errors : sum local = 2.231128770722023e-05
                                 global = -1.788153331846458e-07
                             cumulative = -0.01188916785602713
T initRes: 1.863561128371073e-05 finalRes: 1.057091212837873e-07 nIters: 6
nuTilda initRes: 0.0003621126960374804 finalRes: 8.157215360727271e-07 nIters: 4
TP1: 88.11851314317084 final: 88.11851314317084
TP2: 35.7731864045759 final: 35.7731864045759
HFX: 301.8129102125988 final: 301.8129102125988
yPlus min: 1.845869343543032 max: 55.32503860334701 mean: 23.66999529932649
ExecutionTime = 225.76 s  ClockTime = 231 s

Time = 200

U0 initRes: 2.238538915552725e-06 finalRes: 1.006972822207745e-08 nIters: 6
U1 initRes: 5.527141909549991e-06 finalRes: 1.700872356555442e-08 nIters: 8
U2 initRes: 1.549291708242994e-05 finalRes: 9.461821056755047e-08 nIters: 6
p initRes: 0.0002057158740987991 finalRes: 1.334937355695205e-06 nIters: 3
Time step continuity errors : sum local = 2.270956670354352e-05
                                 global = -1.531480755167755e-07
                             cumulative = -0.01188932100410265
T initRes: 1.863301812607816e-05 finalRes: 1.054939986387915e-07 nIters: 6
nuTilda initRes: 0.0003620262166485084 finalRes: 8.161135311929866e-07 nIters: 4
TP1: 88.11846832098784 final: 88.11846832098784
TP2: 35.7731833327011 final: 35.7731833327011
HFX: 301.8129516914705 final: 301.8129516914705
yPlus min: 1.845858276210418 max: 55.32504343508035 mean: 23.66999557727992
ExecutionTime = 226.14 s  ClockTime = 232 s

Time = 300

U0 initRes: 2.238498252640466e-06 finalRes: 1.007318630495101e-08 nIters: 6
U1 initRes: 5.527379000662474e-06 finalRes: 1.70100618756424e-08 nIters: 8
U2 initRes: 1.549284595929898e-05 finalRes: 9.461175205456054e-08 nIters: 6
p initRes: 0.0002057134119716975 finalRes: 1.334363663118525e-06 nIters: 3
Time step continuity errors : sum local = 2.269980854020307e-05
                                 global = -1.552594314525882e-07
                             cumulative = -0.0118894762635341
T initRes: 1.863260231035741e-05 finalRes: 1.05501381992888e-07 nIters: 6
nuTilda initRes: 0.000362025951622178 finalRes: 8.160908042500565e-07 nIters: 4
TP1: 88.11846835981846 final: 88.11846835981846
TP2: 35.77318337047711 final: 35.77318337047711
HFX: 301.8129493070256 final: 301.8129493070256
yPlus min: 1.845858883032953 max: 55.32504300351236 mean: 23.66999573747998
ExecutionTime = 226.54 s  ClockTime = 232 s

Time = 400

U0 initRes: 2.238514026284458e-06 finalRes: 1.007285297639372e-08 nIters: 6
U1 initRes: 5.527422225180651e-06 finalRes: 1.701000072564805e-08 nIters: 8
U2 initRes: 1.549290165588024e-05 finalRes: 9.461192906313632e-08 nIters: 6
p initRes: 0.0002057134792176592 finalRes: 1.334276678753995e-06 nIters: 3
Time step continuity errors : sum local = 2.269832867559942e-05
                                 global = -1.552473492596445e-07
                             cumulative = -0.01188963151088336
T initRes: 1.863258026713216e-05 finalRes: 1.055016819090098e-07 nIters: 6
nuTilda initRes: 0.0003620261273149694 finalRes: 8.160867506338349e-07 nIters: 4
TP1: 88.11846852333734 final: 88.11846852333734
TP2: 35.77318338011651 final: 35.77318338011651
HFX: 301.8129492760169 final: 301.8129492760169
yPlus min: 1.84585889460274 max: 55.32504300611023 mean: 23.66999572936156
ExecutionTime = 226.95 s  ClockTime = 232 s

Time = 500

U0 initRes: 2.238512617645585e-06 finalRes: 1.007285716640921e-08 nIters: 6
U1 initRes: 5.527418916169505e-06 finalRes: 1.7009998881705e-08 nIters: 8
U2 initRes: 1.549289765898441e-05 finalRes: 9.461194339234769e-08 nIters: 6
p initRes: 0.0002057134833857794 finalRes: 1.334283379275295e-06 nIters: 3
Time step continuity errors : sum local = 2.269844266594683e-05
                                 global = -1.552402258701778e-07
                             cumulative = -0.01188978675110923
T initRes: 1.863258175860801e-05 finalRes: 1.055016389879043e-07 nIters: 6
nuTilda initRes: 0.0003620261169366009 finalRes: 8.160870507326631e-07 nIters: 4
TP1: 88.11846851467959 final: 88.11846851467959
TP2: 35.77318337947651 final: 35.77318337947651
HFX: 301.8129492863845 final: 301.8129492863845
yPlus min: 1.845858891751146 max: 55.32504300756286 mean: 23.66999572918686
ExecutionTime = 227.45 s  ClockTime = 233 s

Time = 600

U0 initRes: 2.238512622976719e-06 finalRes: 1.007285816513242e-08 nIters: 6
U1 initRes: 5.527418927243575e-06 finalRes: 1.700999921164876e-08 nIters: 8
U2 initRes: 1.549289765981459e-05 finalRes: 9.461194196055623e-08 nIters: 6
p initRes: 0.0002057134828945883 finalRes: 1.334283344245576e-06 nIters: 3
Time step continuity errors : sum local = 2.26984420448892e-05
                                 global = -1.552407012298165e-07
                             cumulative = -0.01188994199181046
T initRes: 1.863258175297408e-05 finalRes: 1.055016400300576e-07 nIters: 6
nuTilda initRes: 0.0003620261168101332 finalRes: 8.160870500815297e-07 nIters: 4
TP1: 88.11846851453146 final: 88.11846851453146
TP2: 35.77318337947484 final: 35.77318337947484
HFX: 301.8129492859572 final: 301.8129492859572
yPlus min: 1.845858891859805 max: 55.32504300747676 mean: 23.66999572922635
ExecutionTime = 227.89 s  ClockTime = 234 s

Time = 700

U0 initRes: 2.238512627947372e-06 finalRes: 1.007285810091543e-08 nIters: 6
U1 initRes: 5.527418939352481e-06 finalRes: 1.700999919178309e-08 nIters: 8
U2 initRes: 1.549289767527818e-05 finalRes: 9.461194198765599e-08 nIters: 6
p initRes: 0.0002057134829217276 finalRes: 1.334283312707493e-06 nIters: 3
Time step continuity errors : sum local = 2.269844144363909e-05
                                 global = -1.552405259839827e-07
                             cumulative = -0.01189009723233644
T initRes: 1.863258174766286e-05 finalRes: 1.055016386702845e-07 nIters: 6
nuTilda initRes: 0.0003620261168553325 finalRes: 8.160870489939994e-07 nIters: 4
TP1: 88.11846851455611 final: 88.11846851455611
TP2: 35.77318337947673 final: 35.77318337947673
HFX: 301.8129492859395 final: 301.8129492859395
yPlus min: 1.845858891861599 max: 55.32504300747582 mean: 23.66999572922485
ExecutionTime = 228.3 s  ClockTime = 234 s

Time = 800

U0 initRes: 2.238512628379145e-06 finalRes: 1.007285810525125e-08 nIters: 6
U1 initRes: 5.527418939161505e-06 finalRes: 1.700999920133106e-08 nIters: 8
U2 initRes: 1.54928976754796e-05 finalRes: 9.461194199582679e-08 nIters: 6
p initRes: 0.0002057134829138946 finalRes: 1.334283315293016e-06 nIters: 3
Time step continuity errors : sum local = 2.269844158019114e-05
                                 global = -1.552408504855356e-07
                             cumulative = -0.01189025247318693
T initRes: 1.863258174917031e-05 finalRes: 1.055016396374285e-07 nIters: 6
nuTilda initRes: 0.0003620261168542095 finalRes: 8.160870490551725e-07 nIters: 4
TP1: 88.11846851456629 final: 88.11846851456629
TP2: 35.77318337947674 final: 35.77318337947674
HFX: 301.8129492859416 final: 301.8129492859416
yPlus min: 1.845858891861215 max: 55.32504300747618 mean: 23.66999572922481
ExecutionTime = 228.73 s  ClockTime = 234 s

Time = 900

U0 initRes: 2.238512628385194e-06 finalRes: 1.007285810435304e-08 nIters: 6
U1 initRes: 5.527418939314923e-06 finalRes: 1.700999919945201e-08 nIters: 8
U2 initRes: 1.549289767540321e-05 finalRes: 9.461194199025746e-08 nIters: 6
p initRes: 0.0002057134829230798 finalRes: 1.334283330580954e-06 nIters: 3
Time step continuity errors : sum local = 2.26984418129161e-05
                                 global = -1.552404585317183e-07
                             cumulative = -0.01189040771364546
T initRes: 1.86325817481561e-05 finalRes: 1.055016399191352e-07 nIters: 6
nuTilda initRes: 0.0003620261168535748 finalRes: 8.160870490591614e-07 nIters: 4
TP1: 88.11846851457233 final: 88.11846851457233
TP2: 35.77318337947746 final: 35.77318337947746
HFX: 301.8129492859425 final: 301.8129492859425
yPlus min: 1.845858891861325 max: 55.32504300747632 mean: 23.6699957292249
ExecutionTime = 229.14 s  ClockTime = 235 s

Time = 1000

U0 initRes: 2.238512627722088e-06 finalRes: 1.007285810514017e-08 nIters: 6
U1 initRes: 5.527418938758761e-06 finalRes: 1.700999918541588e-08 nIters: 8
U2 initRes: 1.549289767602796e-05 finalRes: 9.461194199034793e-08 nIters: 6
p initRes: 0.0002057134829269653 finalRes: 1.334283337167854e-06 nIters: 3
Time step continuity errors : sum local = 2.269844193767227e-05
                                 global = -1.552402923267631e-07
                             cumulative = -0.01189056295393779
T initRes: 1.86325817490834e-05 finalRes: 1.055016389298478e-07 nIters: 6
nuTilda initRes: 0.0003620261168536753 finalRes: 8.160870490666307e-07 nIters: 4
TP1: 88.11846851458101 final: 88.11846851458101
TP2: 35.77318337947744 final: 35.77318337947744
HFX: 301.8129492859421 final: 301.8129492859421
yPlus min: 1.845858891864598 max: 55.32504300747622 mean: 23.66999572922487
ExecutionTime = 229.62 s  ClockTime = 235 s

End

Moving time 1000 to 0.0047
Printing Primal Residual Statistics.
U Residual Norm2: (28.35246234344607 24.90471195481574 11.63068061837729)
U Residual Mean: (0.0408787232914446 0.03278139866563021 0.01527342737045238)
U Residual Max: (12.97880383588934 11.00982123184728 8.191767542995304)
p Residual Norm2: 8.196631286569096
p Residual Mean: 0.0141480653115255
p Residual Max: 2.849164349948294
T Residual Norm2: 43.50474260491951
T Residual Mean: 0.05141630827556827
T Residual Max: 20.60021200333831
nuTilda Residual Norm2: 0.4913815358407465
nuTilda Residual Mean: 0.0004757857709666981
nuTilda Residual Max: 0.2386524285270405
phi Residual Norm2: 0.04816560103387402
phi Residual Mean: 2.606104171183053e-05
phi Residual Max: 0.02972883818444485
Total Residual Norm2: 59.32512704952865
 
 
DAInputVolCoord. 
Setting volume coordinates. 
Checking mesh quality for time = 1000
    Overall domain bounding box (4.299217813903958e-38 -0.09450000000000007 -2.843897113417205e-08) (0.8445000000000003 0.09450000000000008 0.03750000000000003)
    Mesh has 3 geometric (non-empty/wedge) directions (1 1 1)
    Mesh has 3 solution (non-empty) directions (1 1 1)
    Boundary openness (1.501713142872661e-17 -2.337837331456602e-17 -3.458980600751993e-17) OK.
    Max cell openness = 5.127648061906928e-16 OK.
    Max aspect ratio = 69.08288552329047 OK.
    Minimum face area = 1.67266489689242e-06. Maximum face area = 0.00115583820915459.  Face area magnitudes OK.
    Min volume = 5.879623074059284e-09. Max volume = 1.309214773150657e-05.  Total volume = 0.00471983355899764.  Cell volumes OK.
    Mesh non-orthogonality Max: 3.588794234591929 average: 0.281292897477089
    Non-orthogonality check OK.
    Face pyramids OK.
    Max skewness = 0.2181493285839477 OK.
    Coupled point location match (average 0) OK.

Mesh OK.

Running Primal Solver 048
Previous solution time 1000 not found and nothing deleted.
No finite volume options present

Starting time loop

Time = 1

U0 initRes: 2.69942384259215e-06 finalRes: 1.180652072037316e-08 nIters: 6
U1 initRes: 2.039919929499429e-05 finalRes: 1.094476453132024e-07 nIters: 6
U2 initRes: 9.131964268187781e-05 finalRes: 2.005120851030906e-07 nIters: 6
p initRes: 0.0004083153771395598 finalRes: 3.100947011320255e-06 nIters: 4
Time step continuity errors : sum local = 5.275178279346678e-05
                                 global = -2.216928337038542e-06
                             cumulative = -0.01189277988227483
T initRes: 2.109754909536531e-05 finalRes: 1.005716101126082e-07 nIters: 6
nuTilda initRes: 0.0002145089268696269 finalRes: 9.379009814758991e-07 nIters: 4
TP1: 88.10267732137542 final: 88.10267732137542
TP2: 35.77317845364489 final: 35.77317845364489
HFX: 301.8089942210005 final: 301.8089942210005
yPlus min: 1.854659722522239 max: 55.3250063556067 mean: 23.67034598502889
ExecutionTime = 229.79 s  ClockTime = 235 s

Time = 100

U0 initRes: 2.250842571057528e-06 finalRes: 1.008730471161922e-08 nIters: 6
U1 initRes: 5.515573310065316e-06 finalRes: 1.698788993456412e-08 nIters: 8
U2 initRes: 1.552010229112579e-05 finalRes: 9.490880589312787e-08 nIters: 6
p initRes: 0.0002057098250280061 finalRes: 7.529704689633692e-07 nIters: 3
Time step continuity errors : sum local = 1.280907680241879e-05
                                 global = 5.964187569606785e-08
                             cumulative = -0.01189272024039913
T initRes: 1.865622865133777e-05 finalRes: 1.053415161825049e-07 nIters: 6
nuTilda initRes: 0.0003619295129176355 finalRes: 8.169271354042049e-07 nIters: 4
TP1: 88.11819859030453 final: 88.11819859030453
TP2: 35.77315206182779 final: 35.77315206182779
HFX: 301.8145856709547 final: 301.8145856709547
yPlus min: 1.84589339704234 max: 55.32504613525973 mean: 23.66997005359265
ExecutionTime = 230.22 s  ClockTime = 236 s

Time = 200

U0 initRes: 2.244462654833611e-06 finalRes: 1.003986361639398e-08 nIters: 6
U1 initRes: 5.521319482119277e-06 finalRes: 1.69977108838667e-08 nIters: 8
U2 initRes: 1.54964982979185e-05 finalRes: 9.485555735623438e-08 nIters: 6
p initRes: 0.0002055853341027973 finalRes: 7.43024847488402e-07 nIters: 3
Time step continuity errors : sum local = 1.263989408790165e-05
                                 global = -3.911479688022397e-09
                             cumulative = -0.01189272415187882
T initRes: 1.864395045263348e-05 finalRes: 1.054986619731006e-07 nIters: 6
nuTilda initRes: 0.0003619030605935289 finalRes: 8.159656816342896e-07 nIters: 4
TP1: 88.11822436120015 final: 88.11822436120015
TP2: 35.77315376953682 final: 35.77315376953682
HFX: 301.8145486365675 final: 301.8145486365675
yPlus min: 1.845902633317199 max: 55.32504169209223 mean: 23.66997021754524
ExecutionTime = 230.64 s  ClockTime = 236 s

Time = 300

U0 initRes: 2.244293965209252e-06 finalRes: 1.003592625044628e-08 nIters: 6
U1 initRes: 5.52139114593403e-06 finalRes: 1.699660223782633e-08 nIters: 8
U2 initRes: 1.549693766460963e-05 finalRes: 9.485989128580061e-08 nIters: 6
p initRes: 0.0002055859248573097 finalRes: 7.429867529401146e-07 nIters: 3
Time step continuity errors : sum local = 1.263924536758904e-05
                                 global = -4.161698458359013e-09
                             cumulative = -0.01189272831357728
T initRes: 1.864365242510911e-05 finalRes: 1.054964484201931e-07 nIters: 6
nuTilda initRes: 0.0003619041171519153 finalRes: 8.159476952889779e-07 nIters: 4
TP1: 88.11822544657238 final: 88.11822544657238
TP2: 35.77315380455963 final: 35.77315380455963
HFX: 301.8145498133791 final: 301.8145498133791
yPlus min: 1.845902388182457 max: 55.325041952202 mean: 23.66997008358176
ExecutionTime = 231.05 s  ClockTime = 237 s

Time = 400

U0 initRes: 2.244278283684839e-06 finalRes: 1.003614041749146e-08 nIters: 6
U1 initRes: 5.521345239023455e-06 finalRes: 1.699661962549731e-08 nIters: 8
U2 initRes: 1.549690622600336e-05 finalRes: 9.485988799259162e-08 nIters: 6
p initRes: 0.0002055859986207877 finalRes: 7.430116136387242e-07 nIters: 3
Time step continuity errors : sum local = 1.263966840259555e-05
                                 global = -4.255612009967921e-09
                             cumulative = -0.01189273256918929
T initRes: 1.864366573519028e-05 finalRes: 1.054959444866193e-07 nIters: 6
nuTilda initRes: 0.000361903930805789 finalRes: 8.159519278718986e-07 nIters: 4
TP1: 88.11822529663284 final: 88.11822529663284
TP2: 35.77315379421324 final: 35.77315379421324
HFX: 301.8145499057919 final: 301.8145499057919
yPlus min: 1.84590236024128 max: 55.32504196210358 mean: 23.66997008632614
ExecutionTime = 231.47 s  ClockTime = 237 s

Time = 500

U0 initRes: 2.244279115562721e-06 finalRes: 1.003614554890577e-08 nIters: 6
U1 initRes: 5.521346988867552e-06 finalRes: 1.699662307214898e-08 nIters: 8
U2 initRes: 1.549690557070892e-05 finalRes: 9.485987229450053e-08 nIters: 6
p initRes: 0.0002055859912089262 finalRes: 7.43010212742856e-07 nIters: 3
Time step continuity errors : sum local = 1.263964446500871e-05
                                 global = -4.245634589435458e-09
                             cumulative = -0.01189273681482387
T initRes: 1.864366469344213e-05 finalRes: 1.054959760530444e-07 nIters: 6
nuTilda initRes: 0.0003619039337534062 finalRes: 8.159517836335147e-07 nIters: 4
TP1: 88.11822529965646 final: 88.11822529965646
TP2: 35.77315379459922 final: 35.77315379459922
HFX: 301.8145498975389 final: 301.8145498975389
yPlus min: 1.845902362440273 max: 55.32504196072482 mean: 23.66997008671219
ExecutionTime = 231.88 s  ClockTime = 238 s

Time = 600

U0 initRes: 2.244279131750653e-06 finalRes: 1.003614452324529e-08 nIters: 6
U1 initRes: 5.521347075220315e-06 finalRes: 1.699662284587914e-08 nIters: 8
U2 initRes: 1.549690571494996e-05 finalRes: 9.485987303930321e-08 nIters: 6
p initRes: 0.0002055859912775599 finalRes: 7.43010188773959e-07 nIters: 3
Time step continuity errors : sum local = 1.263964412864785e-05
                                 global = -4.245729754718679e-09
                             cumulative = -0.01189274106055363
T initRes: 1.864366468960664e-05 finalRes: 1.054959768704112e-07 nIters: 6
nuTilda initRes: 0.0003619039342472846 finalRes: 8.159517748228197e-07 nIters: 4
TP1: 88.11822530006773 final: 88.11822530006773
TP2: 35.77315379461846 final: 35.77315379461846
HFX: 301.8145498975867 final: 301.8145498975867
yPlus min: 1.845902362437016 max: 55.32504196075359 mean: 23.66997008668354
ExecutionTime = 232.3 s  ClockTime = 238 s

Time = 700

U0 initRes: 2.244279127797048e-06 finalRes: 1.003614453842991e-08 nIters: 6
U1 initRes: 5.52134706580685e-06 finalRes: 1.699662284972757e-08 nIters: 8
U2 initRes: 1.549690571026967e-05 finalRes: 9.485987306275267e-08 nIters: 6
p initRes: 0.0002055859913052056 finalRes: 7.430101972439194e-07 nIters: 3
Time step continuity errors : sum local = 1.263964427536219e-05
                                 global = -4.245818222525413e-09
                             cumulative = -0.01189274530637185
T initRes: 1.864366469377548e-05 finalRes: 1.054959762697871e-07 nIters: 6
nuTilda initRes: 0.0003619039342122854 finalRes: 8.15951775775679e-07 nIters: 4
TP1: 88.11822530003941 final: 88.11822530003941
TP2: 35.77315379461694 final: 35.77315379461694
HFX: 301.8145498976162 final: 301.8145498976162
yPlus min: 1.845902362429843 max: 55.3250419607573 mean: 23.66997008668357
ExecutionTime = 233 s  ClockTime = 239 s

Time = 800

U0 initRes: 2.244279128259919e-06 finalRes: 1.003614454743884e-08 nIters: 6
U1 initRes: 5.521347065341704e-06 finalRes: 1.699662284936198e-08 nIters: 8
U2 initRes: 1.549690570871156e-05 finalRes: 9.485987305871691e-08 nIters: 6
p initRes: 0.0002055859913059729 finalRes: 7.430101785787662e-07 nIters: 3
Time step continuity errors : sum local = 1.263964390267106e-05
                                 global = -4.245586571009274e-09
                             cumulative = -0.01189274955195842
T initRes: 1.864366469100307e-05 finalRes: 1.054959745268215e-07 nIters: 6
nuTilda initRes: 0.0003619039342117907 finalRes: 8.159517757763987e-07 nIters: 4
TP1: 88.11822530003766 final: 88.11822530003766
TP2: 35.77315379461594 final: 35.77315379461594
HFX: 301.8145498976142 final: 301.8145498976142
yPlus min: 1.845902362429995 max: 55.32504196075716 mean: 23.66997008668369
ExecutionTime = 233.41 s  ClockTime = 239 s

Time = 900

U0 initRes: 2.244279128082992e-06 finalRes: 1.00361445418674e-08 nIters: 6
U1 initRes: 5.521347065632772e-06 finalRes: 1.699662285305289e-08 nIters: 8
U2 initRes: 1.549690570973623e-05 finalRes: 9.485987306112876e-08 nIters: 6
p initRes: 0.0002055859912999045 finalRes: 7.430101811427455e-07 nIters: 3
Time step continuity errors : sum local = 1.263964393639251e-05
                                 global = -4.245646010837601e-09
                             cumulative = -0.01189275379760443
T initRes: 1.864366469446409e-05 finalRes: 1.054959770366327e-07 nIters: 6
nuTilda initRes: 0.000361903934212186 finalRes: 8.159517757645223e-07 nIters: 4
TP1: 88.1182253000314 final: 88.1182253000314
TP2: 35.77315379461622 final: 35.77315379461622
HFX: 301.8145498976139 final: 301.8145498976139
yPlus min: 1.845902362429692 max: 55.32504196075712 mean: 23.66997008668364
ExecutionTime = 233.82 s  ClockTime = 240 s

Time = 1000

U0 initRes: 2.2442791277134e-06 finalRes: 1.003614454493214e-08 nIters: 6
U1 initRes: 5.521347064259785e-06 finalRes: 1.699662285895644e-08 nIters: 8
U2 initRes: 1.549690571198068e-05 finalRes: 9.485987305884194e-08 nIters: 6
p initRes: 0.0002055859912954937 finalRes: 7.430102085287256e-07 nIters: 3
Time step continuity errors : sum local = 1.263964442135133e-05
                                 global = -4.246146011639902e-09
                             cumulative = -0.01189275804375044
T initRes: 1.864366469201092e-05 finalRes: 1.05495974002867e-07 nIters: 6
nuTilda initRes: 0.0003619039342120855 finalRes: 8.159517757603723e-07 nIters: 4
TP1: 88.11822530003927 final: 88.11822530003927
TP2: 35.77315379461706 final: 35.77315379461706
HFX: 301.8145498976154 final: 301.8145498976154
yPlus min: 1.84590236243111 max: 55.32504196075723 mean: 23.66997008668377
ExecutionTime = 234.24 s  ClockTime = 240 s

End

Moving time 1000 to 0.0048
Printing Primal Residual Statistics.
U Residual Norm2: (28.34027486648503 24.8997667358282 11.61589131759444)
U Residual Mean: (0.04087410575786955 0.03272597000440351 0.01524840647846291)
U Residual Max: (12.97968468152977 11.00904717539052 8.179477844939484)
p Residual Norm2: 8.194617936931945
p Residual Mean: 0.01414171362009122
p Residual Max: 2.849275654668545
T Residual Norm2: 43.49015710653713
T Residual Mean: 0.05142059586892408
T Residual Max: 20.58121582684396
nuTilda Residual Norm2: 0.4913081310370489
nuTilda Residual Mean: 0.0004757846264720694
nuTilda Residual Max: 0.2386387062521386
phi Residual Norm2: 0.04814045582295466
phi Residual Mean: 2.609836970887011e-05
phi Residual Max: 0.02971895967922308
Total Residual Norm2: 59.3033533923287
 
 
DAInputVolCoord. 
Setting volume coordinates. 
Checking mesh quality for time = 1000
    Overall domain bounding box (-2.334008305331711e-09 -0.09450000000000007 -1.386828268541974e-07) (0.8445000000000003 0.09450000000000008 0.03750000000000003)
    Mesh has 3 geometric (non-empty/wedge) directions (1 1 1)
    Mesh has 3 solution (non-empty) directions (1 1 1)
    Boundary openness (1.255654819472487e-17 -3.714433211638065e-17 -1.884357888839776e-16) OK.
    Max cell openness = 3.436267864100206e-16 OK.
    Max aspect ratio = 69.08288552269001 OK.
    Minimum face area = 1.672668859984391e-06. Maximum face area = 0.001155838023686373.  Face area magnitudes OK.
    Min volume = 5.879941476126128e-09. Max volume = 1.309214646525432e-05.  Total volume = 0.004719833486326283.  Cell volumes OK.
    Mesh non-orthogonality Max: 3.512290325058707 average: 0.2796074133961033
    Non-orthogonality check OK.
    Face pyramids OK.
    Max skewness = 0.2181478581620846 OK.
    Coupled point location match (average 0) OK.

Mesh OK.

Running Primal Solver 049
Previous solution time 1000 not found and nothing deleted.
No finite volume options present

Starting time loop

Time = 1

U0 initRes: 3.199791078463312e-06 finalRes: 1.463426052011055e-08 nIters: 6
U1 initRes: 3.549601006620366e-05 finalRes: 1.248395526856101e-07 nIters: 6
U2 initRes: 0.0001694352391820329 finalRes: 4.026216052546801e-07 nIters: 6
p initRes: 0.0006359900733883454 finalRes: 5.112331690853025e-06 nIters: 6
Time step continuity errors : sum local = 8.698364415708225e-05
                                 global = -3.348977038556228e-07
                             cumulative = -0.0118930929414543
T initRes: 2.418856270025553e-05 finalRes: 1.238213858507912e-07 nIters: 6
nuTilda initRes: 0.0002197186514307697 finalRes: 9.620745437555334e-07 nIters: 4
TP1: 88.14973067554888 final: 88.14973067554888
TP2: 35.77315320170036 final: 35.77315320170036
HFX: 301.8093592845908 final: 301.8093592845908
yPlus min: 1.854075926676877 max: 55.32510683391484 mean: 23.67036617662735
ExecutionTime = 234.38 s  ClockTime = 240 s

Time = 100

U0 initRes: 2.244552599749097e-06 finalRes: 1.009088375300633e-08 nIters: 6
U1 initRes: 5.533330746592938e-06 finalRes: 1.702333541356476e-08 nIters: 8
U2 initRes: 1.553935093806367e-05 finalRes: 9.450335187942525e-08 nIters: 6
p initRes: 0.0002058195571480438 finalRes: 1.254043214373462e-06 nIters: 3
Time step continuity errors : sum local = 2.133387503392065e-05
                                 global = 5.044383136495789e-09
                             cumulative = -0.01189308789707116
T initRes: 1.864267482721863e-05 finalRes: 1.056989436136301e-07 nIters: 6
nuTilda initRes: 0.0003622082364714723 finalRes: 8.156905407383593e-07 nIters: 4
TP1: 88.11844748573132 final: 88.11844748573132
TP2: 35.77318192669831 final: 35.77318192669831
HFX: 301.8126676953747 final: 301.8126676953747
yPlus min: 1.845817625286316 max: 55.32502288652675 mean: 23.67001030216737
ExecutionTime = 234.85 s  ClockTime = 241 s

Time = 200

U0 initRes: 2.236935023264239e-06 finalRes: 1.004057384898914e-08 nIters: 6
U1 initRes: 5.523629369142047e-06 finalRes: 1.700571686502416e-08 nIters: 8
U2 initRes: 1.549163854908453e-05 finalRes: 9.455842805431514e-08 nIters: 6
p initRes: 0.000205719022184188 finalRes: 1.240763433274523e-06 nIters: 3
Time step continuity errors : sum local = 2.110794235271429e-05
                                 global = 7.231396328485294e-10
                             cumulative = -0.01189308717393153
T initRes: 1.863590421632756e-05 finalRes: 1.055349166471677e-07 nIters: 6
nuTilda initRes: 0.0003621687966239164 finalRes: 8.160575061266269e-07 nIters: 4
TP1: 88.11843976986241 final: 88.11843976986241
TP2: 35.77318165327021 final: 35.77318165327021
HFX: 301.8126951467146 final: 301.8126951467146
yPlus min: 1.845810242389543 max: 55.32502650143686 mean: 23.67000966190597
ExecutionTime = 235.29 s  ClockTime = 241 s

Time = 300

U0 initRes: 2.236541592026601e-06 finalRes: 1.004123153992641e-08 nIters: 6
U1 initRes: 5.523212662359364e-06 finalRes: 1.700661976477196e-08 nIters: 8
U2 initRes: 1.549093235881077e-05 finalRes: 9.455528403039752e-08 nIters: 6
p initRes: 0.0002057184209673143 finalRes: 1.241274241060186e-06 nIters: 3
Time step continuity errors : sum local = 2.111663298617867e-05
                                 global = 7.849551561373788e-10
                             cumulative = -0.01189308638897637
T initRes: 1.863573512116262e-05 finalRes: 1.05533110590733e-07 nIters: 6
nuTilda initRes: 0.0003621665948020382 finalRes: 8.161036037319029e-07 nIters: 4
TP1: 88.11843801490828 final: 88.11843801490828
TP2: 35.7731815648598 final: 35.7731815648598
HFX: 301.8126948568753 final: 301.8126948568753
yPlus min: 1.845810238253617 max: 55.32502636289871 mean: 23.67000977271688
ExecutionTime = 235.73 s  ClockTime = 241 s

Time = 400

U0 initRes: 2.236567764222556e-06 finalRes: 1.004148260381676e-08 nIters: 6
U1 initRes: 5.523254953050076e-06 finalRes: 1.700662997828054e-08 nIters: 8
U2 initRes: 1.549096010626829e-05 finalRes: 9.455514652826364e-08 nIters: 6
p initRes: 0.0002057182839569899 finalRes: 1.241215463287165e-06 nIters: 3
Time step continuity errors : sum local = 2.111563312929305e-05
                                 global = 8.078896740675157e-10
                             cumulative = -0.0118930855810867
T initRes: 1.863571657136725e-05 finalRes: 1.055336800132521e-07 nIters: 6
nuTilda initRes: 0.0003621666884210729 finalRes: 8.160993769217598e-07 nIters: 4
TP1: 88.1184381467417 final: 88.1184381467417
TP2: 35.77318157397279 final: 35.77318157397279
HFX: 301.8126947312934 final: 301.8126947312934
yPlus min: 1.845810274405655 max: 55.32502634599278 mean: 23.67000977337565
ExecutionTime = 236.16 s  ClockTime = 242 s

Time = 500

U0 initRes: 2.236567043014331e-06 finalRes: 1.004146549025709e-08 nIters: 6
U1 initRes: 5.523254148873778e-06 finalRes: 1.700662577655324e-08 nIters: 8
U2 initRes: 1.549096086051791e-05 finalRes: 9.455516473763135e-08 nIters: 6
p initRes: 0.0002057182913668975 finalRes: 1.241216233699856e-06 nIters: 3
Time step continuity errors : sum local = 2.111564613678146e-05
                                 global = 8.065050881364523e-10
                             cumulative = -0.01189308477458161
T initRes: 1.863571722433585e-05 finalRes: 1.055336569878564e-07 nIters: 6
nuTilda initRes: 0.0003621666877131959 finalRes: 8.160994299821868e-07 nIters: 4
TP1: 88.11843814710427 final: 88.11843814710427
TP2: 35.77318157386774 final: 35.77318157386774
HFX: 301.8126947380069 final: 301.8126947380069
yPlus min: 1.845810272654662 max: 55.32502634727798 mean: 23.67000977289378
ExecutionTime = 236.6 s  ClockTime = 242 s

Time = 600

U0 initRes: 2.236566969061334e-06 finalRes: 1.00414654049274e-08 nIters: 6
U1 initRes: 5.523254029758613e-06 finalRes: 1.700662595560712e-08 nIters: 8
U2 initRes: 1.549096071660838e-05 finalRes: 9.455516435287901e-08 nIters: 6
p initRes: 0.0002057182915088233 finalRes: 1.241216420864624e-06 nIters: 3
Time step continuity errors : sum local = 2.11156493181329e-05
                                 global = 8.06537020163141e-10
                             cumulative = -0.01189308396804459
T initRes: 1.863571725824282e-05 finalRes: 1.055336568746333e-07 nIters: 6
nuTilda initRes: 0.0003621666873028588 finalRes: 8.160994431531238e-07 nIters: 4
TP1: 88.11843814658125 final: 88.11843814658125
TP2: 35.77318157383938 final: 35.77318157383938
HFX: 301.8126947381386 final: 301.8126947381386
yPlus min: 1.845810272606162 max: 55.32502634727607 mean: 23.67000977291586
ExecutionTime = 237.03 s  ClockTime = 243 s

Time = 700

U0 initRes: 2.236566975091912e-06 finalRes: 1.004146546582604e-08 nIters: 6
U1 initRes: 5.523254038378793e-06 finalRes: 1.700662595729897e-08 nIters: 8
U2 initRes: 1.549096072023649e-05 finalRes: 9.455516430090633e-08 nIters: 6
p initRes: 0.000205718291467159 finalRes: 1.241216403986715e-06 nIters: 3
Time step continuity errors : sum local = 2.111564908295023e-05
                                 global = 8.065828023304925e-10
                             cumulative = -0.01189308316146179
T initRes: 1.863571725253682e-05 finalRes: 1.055336565205151e-07 nIters: 6
nuTilda initRes: 0.0003621666873251179 finalRes: 8.160994422904165e-07 nIters: 4
TP1: 88.11843814664235 final: 88.11843814664235
TP2: 35.77318157384025 final: 35.77318157384025
HFX: 301.8126947381052 final: 301.8126947381052
yPlus min: 1.845810272615701 max: 55.32502634727097 mean: 23.67000977291639
ExecutionTime = 237.46 s  ClockTime = 243 s

Time = 800

U0 initRes: 2.236566975143553e-06 finalRes: 1.004146547426282e-08 nIters: 6
U1 initRes: 5.523254038317778e-06 finalRes: 1.700662594653051e-08 nIters: 8
U2 initRes: 1.54909607214075e-05 finalRes: 9.455516430411555e-08 nIters: 6
p initRes: 0.0002057182914751139 finalRes: 1.24121641078228e-06 nIters: 3
Time step continuity errors : sum local = 2.11156491417432e-05
                                 global = 8.064811127339091e-10
                             cumulative = -0.01189308235498068
T initRes: 1.863571725383812e-05 finalRes: 1.055336564794206e-07 nIters: 6
nuTilda initRes: 0.0003621666873262881 finalRes: 8.160994422964078e-07 nIters: 4
TP1: 88.11843814661114 final: 88.11843814661114
TP2: 35.77318157384102 final: 35.77318157384102
HFX: 301.812694738108 final: 301.812694738108
yPlus min: 1.845810272614602 max: 55.32502634727152 mean: 23.67000977291636
ExecutionTime = 237.89 s  ClockTime = 244 s

Time = 900

U0 initRes: 2.236566975308822e-06 finalRes: 1.00414654716755e-08 nIters: 6
U1 initRes: 5.52325403851952e-06 finalRes: 1.700662595163289e-08 nIters: 8
U2 initRes: 1.549096072178104e-05 finalRes: 9.455516430758834e-08 nIters: 6
p initRes: 0.0002057182914704117 finalRes: 1.241216403923639e-06 nIters: 3
Time step continuity errors : sum local = 2.111564908904493e-05
                                 global = 8.065799640023724e-10
                             cumulative = -0.01189308154840071
T initRes: 1.863571725424382e-05 finalRes: 1.055336581663858e-07 nIters: 6
nuTilda initRes: 0.0003621666873255524 finalRes: 8.160994422860297e-07 nIters: 4
TP1: 88.11843814664803 final: 88.11843814664803
TP2: 35.77318157383997 final: 35.77318157383997
HFX: 301.8126947381065 final: 301.8126947381065
yPlus min: 1.845810272612945 max: 55.32502634727122 mean: 23.6700097729162
ExecutionTime = 238.34 s  ClockTime = 244 s

Time = 1000

U0 initRes: 2.23656697539235e-06 finalRes: 1.004146546894927e-08 nIters: 6
U1 initRes: 5.523254038747494e-06 finalRes: 1.700662595741526e-08 nIters: 8
U2 initRes: 1.549096072263701e-05 finalRes: 9.455516429843663e-08 nIters: 6
p initRes: 0.0002057182914768298 finalRes: 1.24121640307589e-06 nIters: 3
Time step continuity errors : sum local = 2.11156491110406e-05
                                 global = 8.06560372144937e-10
                             cumulative = -0.01189308074184034
T initRes: 1.863571725411587e-05 finalRes: 1.055336563159016e-07 nIters: 6
nuTilda initRes: 0.0003621666873257816 finalRes: 8.160994422843096e-07 nIters: 4
TP1: 88.11843814662988 final: 88.11843814662988
TP2: 35.77318157384028 final: 35.77318157384028
HFX: 301.8126947381078 final: 301.8126947381078
yPlus min: 1.845810272616465 max: 55.32502634727132 mean: 23.67000977291632
ExecutionTime = 238.98 s  ClockTime = 245 s

End

Moving time 1000 to 0.0049
Printing Primal Residual Statistics.
U Residual Norm2: (28.36104644046825 24.91053744449827 11.63722964177126)
U Residual Mean: (0.04086014581500656 0.03276518975885333 0.01527254119203741)
U Residual Max: (12.97879688503235 11.0110641361705 8.196637365829494)
p Residual Norm2: 8.198454249225469
p Residual Mean: 0.01414890738667836
p Residual Max: 2.849412188947294
T Residual Norm2: 43.51864374231567
T Residual Mean: 0.05142003424445615
T Residual Max: 20.61579254986075
nuTilda Residual Norm2: 0.4914489676407538
nuTilda Residual Mean: 0.0004757785156182415
nuTilda Residual Max: 0.2386685629521648
phi Residual Norm2: 0.04817577381850724
phi Residual Mean: 2.604092097395034e-05
phi Residual Max: 0.02972797601556581
Total Residual Norm2: 59.34340563995025
 
 
DAInputVolCoord. 
Setting volume coordinates. 
Checking mesh quality for time = 1000
    Overall domain bounding box (9.19389154550334e-39 -0.09450000000000007 -2.754073811564475e-08) (0.8445000000000003 0.09450000000000008 0.03750000000000003)
    Mesh has 3 geometric (non-empty/wedge) directions (1 1 1)
    Mesh has 3 solution (non-empty) directions (1 1 1)
    Boundary openness (1.691831506804574e-17 -6.876664404614271e-18 -8.755495432022985e-17) OK.
    Max cell openness = 4.029192110495436e-16 OK.
    Max aspect ratio = 69.08288552241274 OK.
    Minimum face area = 1.673117694269354e-06. Maximum face area = 0.001155838060677276.  Face area magnitudes OK.
    Min volume = 5.879984878482019e-09. Max volume = 1.309214670219782e-05.  Total volume = 0.004719833589875044.  Cell volumes OK.
    Mesh non-orthogonality Max: 3.512329333236545 average: 0.2800801791442329
    Non-orthogonality check OK.
    Face pyramids OK.
    Max skewness = 0.2181261550868932 OK.
    Coupled point location match (average 0) OK.

Mesh OK.

Running Primal Solver 050
Previous solution time 1000 not found and nothing deleted.
No finite volume options present

Starting time loop

Time = 1

U0 initRes: 2.677648900195765e-06 finalRes: 1.180620691292714e-08 nIters: 6
U1 initRes: 2.027825191997567e-05 finalRes: 1.088755790849169e-07 nIters: 6
U2 initRes: 9.079077971300863e-05 finalRes: 2.202857978697195e-07 nIters: 6
p initRes: 0.0004137903452475556 finalRes: 3.344103437085366e-06 nIters: 4
Time step continuity errors : sum local = 5.688927701520079e-05
                                 global = -1.404395291323588e-06
                             cumulative = -0.01189448513713166
T initRes: 2.10503324365961e-05 finalRes: 1.006300760400516e-07 nIters: 6
nuTilda initRes: 0.0002145060229759905 finalRes: 9.370541346676507e-07 nIters: 4
TP1: 88.10314011992314 final: 88.10314011992314
TP2: 35.7731784022808 final: 35.7731784022808
HFX: 301.8086429902046 final: 301.8086429902046
yPlus min: 1.854588383321189 max: 55.32499293311497 mean: 23.67036404449886
ExecutionTime = 239.13 s  ClockTime = 245 s

Time = 100

U0 initRes: 2.25015976898169e-06 finalRes: 1.002214449475112e-08 nIters: 6
U1 initRes: 5.522481227169419e-06 finalRes: 1.699150761319995e-08 nIters: 8
U2 initRes: 1.551956236250558e-05 finalRes: 9.491823792905607e-08 nIters: 6
p initRes: 0.0002056953259345304 finalRes: 7.457667422573618e-07 nIters: 3
Time step continuity errors : sum local = 1.268671405429369e-05
                                 global = 4.787964524595293e-07
                             cumulative = -0.0118940063406792
T initRes: 1.865936049583449e-05 finalRes: 1.054443107433569e-07 nIters: 6
nuTilda initRes: 0.0003620988216259856 finalRes: 8.164131267130478e-07 nIters: 4
TP1: 88.11823820918444 final: 88.11823820918444
TP2: 35.77317354710739 final: 35.77317354710739
HFX: 301.8133016228829 final: 301.8133016228829
yPlus min: 1.845821343594146 max: 55.32504940351199 mean: 23.66997897639023
ExecutionTime = 239.54 s  ClockTime = 245 s

Time = 200

U0 initRes: 2.245717481797994e-06 finalRes: 1.001010218339108e-08 nIters: 6
U1 initRes: 5.523115253517988e-06 finalRes: 1.700202551476682e-08 nIters: 8
U2 initRes: 1.550755854497349e-05 finalRes: 9.487812680999043e-08 nIters: 6
p initRes: 0.0002056349123567587 finalRes: 7.44657567786971e-07 nIters: 3
Time step continuity errors : sum local = 1.266785159043808e-05
                                 global = 5.006831387082341e-07
                             cumulative = -0.0118935056575405
T initRes: 1.865186234767906e-05 finalRes: 1.05521592569343e-07 nIters: 6
nuTilda initRes: 0.0003620876199017461 finalRes: 8.16099162068352e-07 nIters: 4
TP1: 88.1182462127351 final: 88.1182462127351
TP2: 35.77317458831624 final: 35.77317458831624
HFX: 301.8132847149319 final: 301.8132847149319
yPlus min: 1.845825822042805 max: 55.32504716859696 mean: 23.66997951414996
ExecutionTime = 240.05 s  ClockTime = 246 s

Time = 300

U0 initRes: 2.245813590160313e-06 finalRes: 1.000781912007716e-08 nIters: 6
U1 initRes: 5.523387059600658e-06 finalRes: 1.700153079759236e-08 nIters: 8
U2 initRes: 1.550782827734587e-05 finalRes: 9.487974205143898e-08 nIters: 6
p initRes: 0.0002056347606037913 finalRes: 7.445536775921458e-07 nIters: 3
Time step continuity errors : sum local = 1.266608413173384e-05
                                 global = 5.005449893415724e-07
                             cumulative = -0.01189300511255115
T initRes: 1.865164524801522e-05 finalRes: 1.05523478561371e-07 nIters: 6
nuTilda initRes: 0.0003620886629963191 finalRes: 8.160682068165188e-07 nIters: 4
TP1: 88.11824740533812 final: 88.11824740533812
TP2: 35.77317464953576 final: 35.77317464953576
HFX: 301.8132846894794 final: 301.8132846894794
yPlus min: 1.845825877042129 max: 55.32504721942325 mean: 23.66997945030409
ExecutionTime = 240.45 s  ClockTime = 246 s

Time = 400

U0 initRes: 2.245804300943914e-06 finalRes: 1.000784864071309e-08 nIters: 6
U1 initRes: 5.52336122636455e-06 finalRes: 1.70015186539601e-08 nIters: 8
U2 initRes: 1.550782441380541e-05 finalRes: 9.487981627959427e-08 nIters: 6
p initRes: 0.0002056348171617158 finalRes: 7.445663305955019e-07 nIters: 3
Time step continuity errors : sum local = 1.266629930409699e-05
                                 global = 5.005364777301335e-07
                             cumulative = -0.01189250457607342
T initRes: 1.865165549287462e-05 finalRes: 1.055231190402129e-07 nIters: 6
nuTilda initRes: 0.0003620885759288952 finalRes: 8.160705867122114e-07 nIters: 4
TP1: 88.1182473327128 final: 88.1182473327128
TP2: 35.7731746444259 final: 35.7731746444259
HFX: 301.813284771707 final: 301.813284771707
yPlus min: 1.845825854578591 max: 55.3250472307729 mean: 23.66997944931171
ExecutionTime = 240.88 s  ClockTime = 247 s

Time = 500

U0 initRes: 2.245804415539127e-06 finalRes: 1.000785650773932e-08 nIters: 6
U1 initRes: 5.52336146765853e-06 finalRes: 1.700152120491363e-08 nIters: 8
U2 initRes: 1.550782336959899e-05 finalRes: 9.487980710349974e-08 nIters: 6
p initRes: 0.0002056348146375284 finalRes: 7.445660878899718e-07 nIters: 3
Time step continuity errors : sum local = 1.266629514473101e-05
                                 global = 5.005373629583658e-07
                             cumulative = -0.01189200403871046
T initRes: 1.865165527719279e-05 finalRes: 1.055231295956329e-07 nIters: 6
nuTilda initRes: 0.0003620885742985642 finalRes: 8.160705794119063e-07 nIters: 4
TP1: 88.11824733148001 final: 88.11824733148001
TP2: 35.77317464442791 final: 35.77317464442791
HFX: 301.8132847682967 final: 301.8132847682967
yPlus min: 1.84582585540659 max: 55.32504723009846 mean: 23.66997944960919
ExecutionTime = 241.31 s  ClockTime = 247 s

Time = 600

U0 initRes: 2.245804445234091e-06 finalRes: 1.000785603389439e-08 nIters: 6
U1 initRes: 5.523361551574039e-06 finalRes: 1.700152113117644e-08 nIters: 8
U2 initRes: 1.550782342984438e-05 finalRes: 9.487980725640169e-08 nIters: 6
p initRes: 0.0002056348145522595 finalRes: 7.445660761667681e-07 nIters: 3
Time step continuity errors : sum local = 1.266629499518336e-05
                                 global = 5.005374274305045e-07
                             cumulative = -0.01189150350128303
T initRes: 1.865165524814161e-05 finalRes: 1.055231291871223e-07 nIters: 6
nuTilda initRes: 0.0003620885746788071 finalRes: 8.160705710048386e-07 nIters: 4
TP1: 88.11824733182105 final: 88.11824733182105
TP2: 35.77317464444628 final: 35.77317464444628
HFX: 301.813284768155 final: 301.813284768155
yPlus min: 1.845825855448485 max: 55.32504723008887 mean: 23.6699794495986
ExecutionTime = 241.74 s  ClockTime = 248 s

Time = 700

U0 initRes: 2.245804444089882e-06 finalRes: 1.000785603280677e-08 nIters: 6
U1 initRes: 5.523361546169399e-06 finalRes: 1.700152112818375e-08 nIters: 8
U2 initRes: 1.550782342908143e-05 finalRes: 9.487980727569852e-08 nIters: 6
p initRes: 0.0002056348145641594 finalRes: 7.445660669487738e-07 nIters: 3
Time step continuity errors : sum local = 1.266629484093006e-05
                                 global = 5.005373484309264e-07
                             cumulative = -0.0118910029639346
T initRes: 1.86516552496006e-05 finalRes: 1.055231301226845e-07 nIters: 6
nuTilda initRes: 0.0003620885746663781 finalRes: 8.160705714446695e-07 nIters: 4
TP1: 88.11824733180923 final: 88.11824733180923
TP2: 35.77317464444452 final: 35.77317464444452
HFX: 301.8132847681727 final: 301.8132847681727
yPlus min: 1.845825855446041 max: 55.32504723009136 mean: 23.66997944959795
ExecutionTime = 242.16 s  ClockTime = 248 s

Time = 800

U0 initRes: 2.245804444544952e-06 finalRes: 1.000785603673884e-08 nIters: 6
U1 initRes: 5.523361546076653e-06 finalRes: 1.700152112674947e-08 nIters: 8
U2 initRes: 1.550782342951594e-05 finalRes: 9.487980728001141e-08 nIters: 6
p initRes: 0.0002056348145708766 finalRes: 7.445660629130006e-07 nIters: 3
Time step continuity errors : sum local = 1.266629474464572e-05
                                 global = 5.005373173043512e-07
                             cumulative = -0.0118905024266173
T initRes: 1.865165524897362e-05 finalRes: 1.055231299736e-07 nIters: 6
nuTilda initRes: 0.0003620885746655863 finalRes: 8.160705714381623e-07 nIters: 4
TP1: 88.11824733179081 final: 88.11824733179081
TP2: 35.77317464444466 final: 35.77317464444466
HFX: 301.8132847681733 final: 301.8132847681733
yPlus min: 1.84582585544329 max: 55.32504723009143 mean: 23.66997944959796
ExecutionTime = 242.57 s  ClockTime = 248 s

Time = 900

U0 initRes: 2.245804442963504e-06 finalRes: 1.00078560324127e-08 nIters: 6
U1 initRes: 5.523361546553689e-06 finalRes: 1.700152112842008e-08 nIters: 8
U2 initRes: 1.550782343030216e-05 finalRes: 9.487980728494425e-08 nIters: 6
p initRes: 0.0002056348145566992 finalRes: 7.445660510883214e-07 nIters: 3
Time step continuity errors : sum local = 1.266629452405372e-05
                                 global = 5.005374265709458e-07
                             cumulative = -0.01189000188919073
T initRes: 1.865165525148709e-05 finalRes: 1.055231300978912e-07 nIters: 6
nuTilda initRes: 0.0003620885746653536 finalRes: 8.160705714400018e-07 nIters: 4
TP1: 88.11824733178408 final: 88.11824733178408
TP2: 35.77317464444641 final: 35.77317464444641
HFX: 301.8132847681751 final: 301.8132847681751
yPlus min: 1.845825855446301 max: 55.3250472300918 mean: 23.66997944959826
ExecutionTime = 242.98 s  ClockTime = 249 s

Time = 1000

U0 initRes: 2.245804442490594e-06 finalRes: 1.000785602978717e-08 nIters: 6
U1 initRes: 5.523361545484594e-06 finalRes: 1.700152112495947e-08 nIters: 8
U2 initRes: 1.55078234316327e-05 finalRes: 9.487980728392713e-08 nIters: 6
p initRes: 0.0002056348145536867 finalRes: 7.445660585584283e-07 nIters: 3
Time step continuity errors : sum local = 1.266629474028624e-05
                                 global = 5.005373782288204e-07
                             cumulative = -0.0118895013518125
T initRes: 1.865165525111708e-05 finalRes: 1.055231306509162e-07 nIters: 6
nuTilda initRes: 0.0003620885746651561 finalRes: 8.160705714506211e-07 nIters: 4
TP1: 88.11824733180458 final: 88.11824733180458
TP2: 35.7731746444454 final: 35.7731746444454
HFX: 301.8132847681743 final: 301.8132847681743
yPlus min: 1.84582585544467 max: 55.32504723009168 mean: 23.66997944959815
ExecutionTime = 243.49 s  ClockTime = 249 s

End

Moving time 1000 to 0.005
Printing Primal Residual Statistics.
U Residual Norm2: (28.3508397121663 24.90793670805612 11.62376662778154)
U Residual Mean: (0.04089811599382898 0.03274394209085502 0.01525509808579295)
U Residual Max: (12.97972855165814 11.01147445347705 8.184897719599659)
p Residual Norm2: 8.197204857526172
p Residual Mean: 0.0141450993126505
p Residual Max: 2.849609776590204
T Residual Norm2: 43.50646541851556
T Residual Mean: 0.05142997404804971
T Residual Max: 20.59731679017224
nuTilda Residual Norm2: 0.4914091161142585
nuTilda Residual Mean: 0.0004758101311433329
nuTilda Residual Max: 0.2386736529257248
phi Residual Norm2: 0.04815126020781762
phi Residual Mean: 2.611228377178882e-05
phi Residual Max: 0.02971918571568019
Total Residual Norm2: 59.32569322145847
 
 
DAInputVolCoord. 
Setting volume coordinates. 
Checking mesh quality for time = 1000
    Overall domain bounding box (-4.639913633018215e-10 -0.09450000000000007 -3.486575872194408e-09) (0.8445000000000003 0.09450000000000008 0.03750000000000003)
    Mesh has 3 geometric (non-empty/wedge) directions (1 1 1)
    Mesh has 3 solution (non-empty) directions (1 1 1)
    Boundary openness (1.77211695026389e-17 -2.827029939349125e-17 -1.493549293376896e-16) OK.
    Max cell openness = 3.977928207040672e-16 OK.
    Max aspect ratio = 69.08288552239185 OK.
    Minimum face area = 1.673117660747962e-06. Maximum face area = 0.001155837991084463.  Face area magnitudes OK.
    Min volume = 5.879984992152169e-09. Max volume = 1.309214606132584e-05.  Total volume = 0.004719833455457297.  Cell volumes OK.
    Mesh non-orthogonality Max: 3.512317851629837 average: 0.2800891757766141
    Non-orthogonality check OK.
    Face pyramids OK.
    Max skewness = 0.2181296714837008 OK.
    Coupled point location match (average 0) OK.

Mesh OK.

Running Primal Solver 051
Previous solution time 1000 not found and nothing deleted.
No finite volume options present

Starting time loop

Time = 1

U0 initRes: 2.203268948490058e-06 finalRes: 1.012298047685015e-08 nIters: 6
U1 initRes: 6.671449204549571e-06 finalRes: 1.777674937710845e-08 nIters: 8
U2 initRes: 2.589378007755903e-05 finalRes: 8.003230833032082e-08 nIters: 6
p initRes: 0.0002293464879408889 finalRes: 1.535873505186642e-06 nIters: 5
Time step continuity errors : sum local = 2.612937796615712e-05
                                 global = -1.620164116857675e-06
                             cumulative = -0.01189112151592936
T initRes: 1.79236712657354e-05 finalRes: 1.048120837088847e-07 nIters: 6
nuTilda initRes: 0.0002099628718132423 finalRes: 9.273250976007246e-07 nIters: 4
TP1: 88.11974260742751 final: 88.11974260742751
TP2: 35.77317210045521 final: 35.77317210045521
HFX: 301.8089813735619 final: 301.8089813735619
yPlus min: 1.854391376927517 max: 55.32504873479014 mean: 23.67034675831386
ExecutionTime = 243.65 s  ClockTime = 250 s

Time = 100

U0 initRes: 2.240325941449894e-06 finalRes: 1.007536811555172e-08 nIters: 6
U1 initRes: 5.527360077877877e-06 finalRes: 1.701104761259596e-08 nIters: 8
U2 initRes: 1.549295233164351e-05 finalRes: 9.456046858776938e-08 nIters: 6
p initRes: 0.0002056943426391518 finalRes: 1.342991954322419e-06 nIters: 3
Time step continuity errors : sum local = 2.284673198398466e-05
                                 global = 5.774578461128739e-07
                             cumulative = -0.01189054405808324
T initRes: 1.863322728823642e-05 finalRes: 1.055174031022105e-07 nIters: 6
nuTilda initRes: 0.0003619881864046387 finalRes: 8.15925867370553e-07 nIters: 4
TP1: 88.11845965800005 final: 88.11845965800005
TP2: 35.77316113025669 final: 35.77316113025669
HFX: 301.8139574577922 final: 301.8139574577922
yPlus min: 1.845887827141973 max: 55.32502086045621 mean: 23.67000072795497
ExecutionTime = 244.23 s  ClockTime = 250 s

Time = 200

U0 initRes: 2.239594523713905e-06 finalRes: 1.006875337957383e-08 nIters: 6
U1 initRes: 5.526393493931634e-06 finalRes: 1.700792676402056e-08 nIters: 8
U2 initRes: 1.54916916150909e-05 finalRes: 9.457431052292939e-08 nIters: 6
p initRes: 0.0002056943400369372 finalRes: 1.345550678948934e-06 nIters: 3
Time step continuity errors : sum local = 2.289025725553875e-05
                                 global = 5.78270994196415e-07
                             cumulative = -0.01188996578708905
T initRes: 1.863283429772759e-05 finalRes: 1.054942383244106e-07 nIters: 6
nuTilda initRes: 0.0003619860338109846 finalRes: 8.159954451945715e-07 nIters: 4
TP1: 88.11845967440752 final: 88.11845967440752
TP2: 35.77316106463783 final: 35.77316106463783
HFX: 301.813962012641 final: 301.813962012641
yPlus min: 1.845886596647888 max: 55.32502159106411 mean: 23.67000043787372
ExecutionTime = 244.69 s  ClockTime = 251 s

Time = 300

U0 initRes: 2.239564533324919e-06 finalRes: 1.006950892103024e-08 nIters: 6
U1 initRes: 5.526299495151843e-06 finalRes: 1.700807007402226e-08 nIters: 8
U2 initRes: 1.549157137502088e-05 finalRes: 9.457387940305978e-08 nIters: 6
p initRes: 0.0002056941887545641 finalRes: 1.345720492358765e-06 nIters: 3
Time step continuity errors : sum local = 2.289314626944133e-05
                                 global = 5.784215285327462e-07
                             cumulative = -0.01188938736556052
T initRes: 1.863285797343144e-05 finalRes: 1.054936488510229e-07 nIters: 6
nuTilda initRes: 0.0003619856764265165 finalRes: 8.160042009082993e-07 nIters: 4
TP1: 88.11845931939712 final: 88.11845931939712
TP2: 35.77316104749957 final: 35.77316104749957
HFX: 301.8139620461596 final: 301.8139620461596
yPlus min: 1.845886578727727 max: 55.3250215788151 mean: 23.67000045725927
ExecutionTime = 245.14 s  ClockTime = 251 s

Time = 400

U0 initRes: 2.239567279616902e-06 finalRes: 1.006949778869497e-08 nIters: 6
U1 initRes: 5.526307253011681e-06 finalRes: 1.70080735008084e-08 nIters: 8
U2 initRes: 1.549158031293107e-05 finalRes: 9.457384949353958e-08 nIters: 6
p initRes: 0.0002056941793227391 finalRes: 1.345703395297854e-06 nIters: 3
Time step continuity errors : sum local = 2.289285550984052e-05
                                 global = 5.784103684829927e-07
                             cumulative = -0.01188880895519203
T initRes: 1.863285495698029e-05 finalRes: 1.054937476631562e-07 nIters: 6
nuTilda initRes: 0.0003619856949877802 finalRes: 8.160035076627847e-07 nIters: 4
TP1: 88.11845933998811 final: 88.11845933998811
TP2: 35.77316104883322 final: 35.77316104883322
HFX: 301.8139620226943 final: 301.8139620226943
yPlus min: 1.845886585122688 max: 55.32502157558882 mean: 23.67000045753638
ExecutionTime = 245.58 s  ClockTime = 251 s

Time = 500

U0 initRes: 2.2395672444579e-06 finalRes: 1.006949553079662e-08 nIters: 6
U1 initRes: 5.526307198989471e-06 finalRes: 1.700807276594991e-08 nIters: 8
U2 initRes: 1.549158030116241e-05 finalRes: 9.457385263914336e-08 nIters: 6
p initRes: 0.0002056941803737275 finalRes: 1.345703642585163e-06 nIters: 3
Time step continuity errors : sum local = 2.289285964965448e-05
                                 global = 5.784101291995898e-07
                             cumulative = -0.01188823054506283
T initRes: 1.863285499602615e-05 finalRes: 1.054937446893222e-07 nIters: 6
nuTilda initRes: 0.0003619856952255684 finalRes: 8.160035115220912e-07 nIters: 4
TP1: 88.1184593402425 final: 88.1184593402425
TP2: 35.77316104882929 final: 35.77316104882929
HFX: 301.8139620237274 final: 301.8139620237274
yPlus min: 1.845886584862407 max: 55.32502157579082 mean: 23.67000045745069
ExecutionTime = 246.09 s  ClockTime = 252 s

Time = 600

U0 initRes: 2.239567235826433e-06 finalRes: 1.006949568820549e-08 nIters: 6
U1 initRes: 5.526307171825321e-06 finalRes: 1.700807278882314e-08 nIters: 8
U2 initRes: 1.549158026701077e-05 finalRes: 9.45738525890436e-08 nIters: 6
p initRes: 0.0002056941803374484 finalRes: 1.345703703288588e-06 nIters: 3
Time step continuity errors : sum local = 2.28928605881035e-05
                                 global = 5.784101906444959e-07
                             cumulative = -0.01188765213487219
T initRes: 1.863285500393847e-05 finalRes: 1.054937445952313e-07 nIters: 6
nuTilda initRes: 0.0003619856951418499 finalRes: 8.160035139119925e-07 nIters: 4
TP1: 88.11845934017032 final: 88.11845934017032
TP2: 35.77316104882422 final: 35.77316104882422
HFX: 301.8139620237583 final: 301.8139620237583
yPlus min: 1.845886584853372 max: 55.32502157579203 mean: 23.67000045745396
ExecutionTime = 246.54 s  ClockTime = 253 s

Time = 700

U0 initRes: 2.239567235880393e-06 finalRes: 1.006949568706822e-08 nIters: 6
U1 initRes: 5.526307173829422e-06 finalRes: 1.700807279198662e-08 nIters: 8
U2 initRes: 1.549158027003204e-05 finalRes: 9.457385257316318e-08 nIters: 6
p initRes: 0.0002056941803341893 finalRes: 1.345703697324912e-06 nIters: 3
Time step continuity errors : sum local = 2.289286064723185e-05
                                 global = 5.78410237300387e-07
                             cumulative = -0.01188707372463489
T initRes: 1.863285500432388e-05 finalRes: 1.054937442564204e-07 nIters: 6
nuTilda initRes: 0.0003619856951450493 finalRes: 8.160035137865692e-07 nIters: 4
TP1: 88.11845934016756 final: 88.11845934016756
TP2: 35.77316104882411 final: 35.77316104882411
HFX: 301.8139620237523 final: 301.8139620237523
yPlus min: 1.845886584855075 max: 55.32502157579103 mean: 23.67000045745404
ExecutionTime = 246.84 s  ClockTime = 253 s

Time = 800

U0 initRes: 2.239567235700356e-06 finalRes: 1.00694956911409e-08 nIters: 6
U1 initRes: 5.526307174671115e-06 finalRes: 1.700807278939806e-08 nIters: 8
U2 initRes: 1.549158027189643e-05 finalRes: 9.457385257443628e-08 nIters: 6
p initRes: 0.0002056941803368689 finalRes: 1.345703684084346e-06 nIters: 3
Time step continuity errors : sum local = 2.289286030115644e-05
                                 global = 5.784102108329595e-07
                             cumulative = -0.01188649531442405
T initRes: 1.863285500346869e-05 finalRes: 1.054937445711678e-07 nIters: 6
nuTilda initRes: 0.0003619856951447348 finalRes: 8.160035137752871e-07 nIters: 4
TP1: 88.11845934014102 final: 88.11845934014102
TP2: 35.7731610488258 final: 35.7731610488258
HFX: 301.8139620237555 final: 301.8139620237555
yPlus min: 1.84588658485723 max: 55.32502157579161 mean: 23.67000045745437
ExecutionTime = 247.13 s  ClockTime = 253 s

Time = 900

U0 initRes: 2.239567235368066e-06 finalRes: 1.006949568295937e-08 nIters: 6
U1 initRes: 5.526307173969287e-06 finalRes: 1.700807278264493e-08 nIters: 8
U2 initRes: 1.549158027048696e-05 finalRes: 9.457385257480585e-08 nIters: 6
p initRes: 0.0002056941803348522 finalRes: 1.345703699342306e-06 nIters: 3
Time step continuity errors : sum local = 2.28928606686665e-05
                                 global = 5.784102709625632e-07
                             cumulative = -0.01188591690415309
T initRes: 1.863285500491972e-05 finalRes: 1.054937442353112e-07 nIters: 6
nuTilda initRes: 0.0003619856951453969 finalRes: 8.160035137925376e-07 nIters: 4
TP1: 88.11845934019276 final: 88.11845934019276
TP2: 35.7731610488253 final: 35.7731610488253
HFX: 301.8139620237549 final: 301.8139620237549
yPlus min: 1.845886584858542 max: 55.32502157579137 mean: 23.67000045745426
ExecutionTime = 247.41 s  ClockTime = 253 s

Time = 1000

U0 initRes: 2.239567235588185e-06 finalRes: 1.006949568448e-08 nIters: 6
U1 initRes: 5.526307173832575e-06 finalRes: 1.700807279661027e-08 nIters: 8
U2 initRes: 1.549158026915211e-05 finalRes: 9.457385258153803e-08 nIters: 6
p initRes: 0.0002056941803411303 finalRes: 1.345703701016615e-06 nIters: 3
Time step continuity errors : sum local = 2.289286064232556e-05
                                 global = 5.784103747606559e-07
                             cumulative = -0.01188533849377833
T initRes: 1.863285500507323e-05 finalRes: 1.054937440649739e-07 nIters: 6
nuTilda initRes: 0.0003619856951447084 finalRes: 8.160035137726566e-07 nIters: 4
TP1: 88.1184593401741 final: 88.1184593401741
TP2: 35.77316104882598 final: 35.77316104882598
HFX: 301.813962023755 final: 301.813962023755
yPlus min: 1.845886584857244 max: 55.32502157579145 mean: 23.67000045745427
ExecutionTime = 247.69 s  ClockTime = 254 s

End

Moving time 1000 to 0.0051
Printing Primal Residual Statistics.
U Residual Norm2: (28.35114204500538 24.9028182761188 11.63045179206129)
U Residual Mean: (0.04087657425415488 0.03277603771195037 0.01527242980312841)
U Residual Max: (12.97887454029082 11.00869855266762 8.191604091290905)
p Residual Norm2: 8.196051965606168
p Residual Mean: 0.01414696607010762
p Residual Max: 2.849086648156565
T Residual Norm2: 43.50265446984843
T Residual Mean: 0.05141333881572436
T Residual Max: 20.59992456893983
nuTilda Residual Norm2: 0.4913495392532977
nuTilda Residual Mean: 0.000475751391604986
nuTilda Residual Max: 0.2386346896794468
phi Residual Norm2: 0.04816397122018551
phi Residual Mean: 2.606565236731641e-05
phi Residual Max: 0.02972792829365415
Total Residual Norm2: 59.32204463874049
 
 
DAInputVolCoord. 
Setting volume coordinates. 
Checking mesh quality for time = 1000
    Overall domain bounding box (1.280083932612486e-38 -0.09450000000000007 -2.755576768935883e-09) (0.8445000000000003 0.09450000000000008 0.03750000000000003)
    Mesh has 3 geometric (non-empty/wedge) directions (1 1 1)
    Mesh has 3 solution (non-empty) directions (1 1 1)
    Boundary openness (1.632663885230763e-17 -1.113834270036607e-17 -1.38761780470176e-16) OK.
    Max cell openness = 5.881627496273592e-16 OK.
    Max aspect ratio = 69.08288552242711 OK.
    Minimum face area = 1.673117492989639e-06. Maximum face area = 0.001155838073237805.  Face area magnitudes OK.
    Min volume = 5.879974571786619e-09. Max volume = 1.309214681460369e-05.  Total volume = 0.004719833538601399.  Cell volumes OK.
    Mesh non-orthogonality Max: 3.512318637850598 average: 0.2800719781241501
    Non-orthogonality check OK.
    Face pyramids OK.
    Max skewness = 0.2181261541996351 OK.
    Coupled point location match (average 0) OK.

Mesh OK.

Running Primal Solver 052
Previous solution time 1000 not found and nothing deleted.
No finite volume options present

Starting time loop

Time = 1

U0 initRes: 2.183078981907079e-06 finalRes: 1.019632543087257e-08 nIters: 6
U1 initRes: 6.580790243967888e-06 finalRes: 6.506373833890317e-08 nIters: 6
U2 initRes: 2.237737741888555e-05 finalRes: 1.13298561279549e-07 nIters: 6
p initRes: 0.0002286672544964649 finalRes: 9.695483125893434e-07 nIters: 3
Time step continuity errors : sum local = 1.649458553764293e-05
                                 global = -1.060367582054752e-07
                             cumulative = -0.01188544453053654
T initRes: 1.79180177919804e-05 finalRes: 1.053452530608299e-07 nIters: 6
nuTilda initRes: 0.0002099832950793141 finalRes: 9.247062484099134e-07 nIters: 4
TP1: 88.1178875005337 final: 88.1178875005337
TP2: 35.77316170996053 final: 35.77316170996053
HFX: 301.8094447572167 final: 301.8094447572167
yPlus min: 1.854445823191675 max: 55.3250198246633 mean: 23.67036765701718
ExecutionTime = 247.83 s  ClockTime = 254 s

Time = 100

U0 initRes: 2.245548823861735e-06 finalRes: 1.003193408250311e-08 nIters: 6
U1 initRes: 5.522019503470973e-06 finalRes: 1.699723637195666e-08 nIters: 8
U2 initRes: 1.550664653051044e-05 finalRes: 9.486697418803125e-08 nIters: 6
p initRes: 0.0002056334122275507 finalRes: 7.637314946658212e-07 nIters: 3
Time step continuity errors : sum local = 1.29924277147782e-05
                                 global = -8.178720016232074e-08
                             cumulative = -0.0118855263177367
T initRes: 1.865093372267231e-05 finalRes: 1.055182874109341e-07 nIters: 6
nuTilda initRes: 0.0003620451093019131 finalRes: 8.159630560738587e-07 nIters: 4
TP1: 88.11844289150051 final: 88.11844289150051
TP2: 35.77316362543202 final: 35.77316362543202
HFX: 301.8138373720919 final: 301.8138373720919
yPlus min: 1.845861596279866 max: 55.32502007969175 mean: 23.66999173223152
ExecutionTime = 248.11 s  ClockTime = 254 s

Time = 200

U0 initRes: 2.245413017868518e-06 finalRes: 1.00337518193772e-08 nIters: 6
U1 initRes: 5.521857150671197e-06 finalRes: 1.699796140832295e-08 nIters: 8
U2 initRes: 1.55062625413737e-05 finalRes: 9.486574158157413e-08 nIters: 6
p initRes: 0.0002056274644480667 finalRes: 7.675209618552614e-07 nIters: 3
Time step continuity errors : sum local = 1.305689368257806e-05
                                 global = -1.184022264029769e-07
                             cumulative = -0.0118856447199631
T initRes: 1.865077689594142e-05 finalRes: 1.055188081177077e-07 nIters: 6
nuTilda initRes: 0.0003620443547763969 finalRes: 8.159702633761942e-07 nIters: 4
TP1: 88.11844327427643 final: 88.11844327427643
TP2: 35.77316351746813 final: 35.77316351746813
HFX: 301.8138363324847 final: 301.8138363324847
yPlus min: 1.845861641229009 max: 55.32502001194931 mean: 23.66999175708693
ExecutionTime = 248.4 s  ClockTime = 254 s

Time = 300

U0 initRes: 2.245412248475604e-06 finalRes: 1.003359422455571e-08 nIters: 6
U1 initRes: 5.521881739436743e-06 finalRes: 1.699795723217135e-08 nIters: 8
U2 initRes: 1.550628157986238e-05 finalRes: 9.486573681825484e-08 nIters: 6
p initRes: 0.000205627427967358 finalRes: 7.673727789900728e-07 nIters: 3
Time step continuity errors : sum local = 1.305437287486104e-05
                                 global = -1.172973173671173e-07
                             cumulative = -0.01188576201728047
T initRes: 1.865076745280742e-05 finalRes: 1.055191067654159e-07 nIters: 6
nuTilda initRes: 0.0003620444432118198 finalRes: 8.159678650825245e-07 nIters: 4
TP1: 88.11844340288596 final: 88.11844340288596
TP2: 35.77316353198707 final: 35.77316353198707
HFX: 301.8138362919477 final: 301.8138362919477
yPlus min: 1.845861657422607 max: 55.32502000561472 mean: 23.66999175686933
ExecutionTime = 248.69 s  ClockTime = 255 s

Time = 400

U0 initRes: 2.245412186766032e-06 finalRes: 1.003359160439156e-08 nIters: 6
U1 initRes: 5.521880906451112e-06 finalRes: 1.699795517395834e-08 nIters: 8
U2 initRes: 1.550628193578189e-05 finalRes: 9.486574500660196e-08 nIters: 6
p initRes: 0.0002056274311565733 finalRes: 7.673740983015914e-07 nIters: 3
Time step continuity errors : sum local = 1.305439523477772e-05
                                 global = -1.173140643091242e-07
                             cumulative = -0.01188587933134478
T initRes: 1.865076794622706e-05 finalRes: 1.055190898090744e-07 nIters: 6
nuTilda initRes: 0.0003620444420875057 finalRes: 8.159679296942312e-07 nIters: 4
TP1: 88.11844340017915 final: 88.11844340017915
TP2: 35.77316353163664 final: 35.77316353163664
HFX: 301.8138362962611 final: 301.8138362962611
yPlus min: 1.845861656286365 max: 55.32502000636744 mean: 23.66999175663451
ExecutionTime = 248.97 s  ClockTime = 255 s

Time = 500

U0 initRes: 2.245412169384111e-06 finalRes: 1.003359215848447e-08 nIters: 6
U1 initRes: 5.521880858912092e-06 finalRes: 1.699795529527214e-08 nIters: 8
U2 initRes: 1.550628185261629e-05 finalRes: 9.486574464457793e-08 nIters: 6
p initRes: 0.0002056274311600844 finalRes: 7.673741456351698e-07 nIters: 3
Time step continuity errors : sum local = 1.305439607632773e-05
                                 global = -1.173140460681619e-07
                             cumulative = -0.01188599664539085
T initRes: 1.865076795969453e-05 finalRes: 1.055190910383768e-07 nIters: 6
nuTilda initRes: 0.0003620444417997647 finalRes: 8.159679353010359e-07 nIters: 4
TP1: 88.11844339997342 final: 88.11844339997342
TP2: 35.77316353162434 final: 35.77316353162434
HFX: 301.8138362962593 final: 301.8138362962593
yPlus min: 1.845861656275528 max: 55.32502000635589 mean: 23.66999175664891
ExecutionTime = 249.27 s  ClockTime = 255 s

Time = 600

U0 initRes: 2.24541217172812e-06 finalRes: 1.003359215921854e-08 nIters: 6
U1 initRes: 5.521880863858807e-06 finalRes: 1.699795530179786e-08 nIters: 8
U2 initRes: 1.550628185525685e-05 finalRes: 9.486574462970521e-08 nIters: 6
p initRes: 0.000205627431154733 finalRes: 7.673741297408005e-07 nIters: 3
Time step continuity errors : sum local = 1.305439584716472e-05
                                 global = -1.173139247910683e-07
                             cumulative = -0.01188611395931564
T initRes: 1.865076795478624e-05 finalRes: 1.055190891676922e-07 nIters: 6
nuTilda initRes: 0.0003620444418182163 finalRes: 8.159679347786113e-07 nIters: 4
TP1: 88.11844339998146 final: 88.11844339998146
TP2: 35.77316353162583 final: 35.77316353162583
HFX: 301.8138362962424 final: 301.8138362962424
yPlus min: 1.845861656277721 max: 55.32502000635359 mean: 23.66999175664892
ExecutionTime = 249.56 s  ClockTime = 256 s

Time = 700

U0 initRes: 2.245412169631888e-06 finalRes: 1.003359214513795e-08 nIters: 6
U1 initRes: 5.521880863622176e-06 finalRes: 1.699795529157763e-08 nIters: 8
U2 initRes: 1.550628185552416e-05 finalRes: 9.486574462504031e-08 nIters: 6
p initRes: 0.0002056274311406516 finalRes: 7.673741450308077e-07 nIters: 3
Time step continuity errors : sum local = 1.30543961055777e-05
                                 global = -1.173139044245371e-07
                             cumulative = -0.01188623127322006
T initRes: 1.865076795553361e-05 finalRes: 1.055190891112497e-07 nIters: 6
nuTilda initRes: 0.0003620444418175599 finalRes: 8.159679348005332e-07 nIters: 4
TP1: 88.11844339998596 final: 88.11844339998596
TP2: 35.7731635316265 final: 35.7731635316265
HFX: 301.813836296244 final: 301.813836296244
yPlus min: 1.845861656282475 max: 55.32502000635407 mean: 23.66999175664919
ExecutionTime = 249.87 s  ClockTime = 256 s

Time = 800

U0 initRes: 2.245412170062287e-06 finalRes: 1.00335921430744e-08 nIters: 6
U1 initRes: 5.521880863271752e-06 finalRes: 1.699795530081074e-08 nIters: 8
U2 initRes: 1.550628185718044e-05 finalRes: 9.486574463234827e-08 nIters: 6
p initRes: 0.0002056274311445231 finalRes: 7.673741357991258e-07 nIters: 3
Time step continuity errors : sum local = 1.30543959161393e-05
                                 global = -1.173140893355657e-07
                             cumulative = -0.0118863485873094
T initRes: 1.865076795559834e-05 finalRes: 1.055190898023522e-07 nIters: 6
nuTilda initRes: 0.0003620444418177039 finalRes: 8.159679347926899e-07 nIters: 4
TP1: 88.11844339996622 final: 88.11844339996622
TP2: 35.77316353162619 final: 35.77316353162619
HFX: 301.8138362962437 final: 301.8138362962437
yPlus min: 1.845861656282126 max: 55.32502000635407 mean: 23.66999175664913
ExecutionTime = 250.2 s  ClockTime = 256 s

Time = 900

U0 initRes: 2.245412170536016e-06 finalRes: 1.003359215338784e-08 nIters: 6
U1 initRes: 5.521880863034404e-06 finalRes: 1.699795529174139e-08 nIters: 8
U2 initRes: 1.550628185714784e-05 finalRes: 9.486574463696238e-08 nIters: 6
p initRes: 0.0002056274311574532 finalRes: 7.673741420429001e-07 nIters: 3
Time step continuity errors : sum local = 1.305439606108473e-05
                                 global = -1.17313912951002e-07
                             cumulative = -0.01188646590122235
T initRes: 1.865076795409019e-05 finalRes: 1.055190894018015e-07 nIters: 6
nuTilda initRes: 0.0003620444418176681 finalRes: 8.159679347890733e-07 nIters: 4
TP1: 88.11844339998659 final: 88.11844339998659
TP2: 35.77316353162638 final: 35.77316353162638
HFX: 301.8138362962434 final: 301.8138362962434
yPlus min: 1.845861656281499 max: 55.325020006354 mean: 23.66999175664905
ExecutionTime = 250.65 s  ClockTime = 257 s

Time = 1000

U0 initRes: 2.245412170742671e-06 finalRes: 1.003359214953159e-08 nIters: 6
U1 initRes: 5.521880863725096e-06 finalRes: 1.699795530149293e-08 nIters: 8
U2 initRes: 1.550628185714469e-05 finalRes: 9.486574463346085e-08 nIters: 6
p initRes: 0.000205627431155185 finalRes: 7.673741436493251e-07 nIters: 3
Time step continuity errors : sum local = 1.305439600936488e-05
                                 global = -1.173141376025528e-07
                             cumulative = -0.01188658321535995
T initRes: 1.865076795602214e-05 finalRes: 1.055190904307213e-07 nIters: 6
nuTilda initRes: 0.0003620444418180363 finalRes: 8.159679347893223e-07 nIters: 4
TP1: 88.11844339997127 final: 88.11844339997127
TP2: 35.77316353162641 final: 35.77316353162641
HFX: 301.8138362962439 final: 301.8138362962439
yPlus min: 1.845861656279321 max: 55.32502000635417 mean: 23.66999175664916
ExecutionTime = 250.93 s  ClockTime = 257 s

End

Moving time 1000 to 0.0052
Printing Primal Residual Statistics.
U Residual Norm2: (28.34804464109018 24.9048022624823 11.62299659642466)
U Residual Mean: (0.04088956540655674 0.03273943191125177 0.01525162127955409)
U Residual Max: (12.97973261821651 11.00989876343769 8.18613288414809)
p Residual Norm2: 8.196444284630918
p Residual Mean: 0.01414295224076091
p Residual Max: 2.849383968140689
T Residual Norm2: 43.50546899835844
T Residual Mean: 0.05142642568434187
T Residual Max: 20.59997261372452
nuTilda Residual Norm2: 0.4913656579379214
nuTilda Residual Mean: 0.0004757453430783289
nuTilda Residual Max: 0.2386431879233296
phi Residual Norm2: 0.04815035675612942
phi Residual Mean: 2.610444695889289e-05
phi Residual Max: 0.0297191103587282
Total Residual Norm2: 59.32205450700378
 
 
DAInputVolCoord. 
Setting volume coordinates. 
Checking mesh quality for time = 1000
    Overall domain bounding box (-6.45911287098631e-10 -0.09450000000000007 -1.949538019919796e-08) (0.8445000000000003 0.09450000000000008 0.03750000000000003)
    Mesh has 3 geometric (non-empty/wedge) directions (1 1 1)
    Mesh has 3 solution (non-empty) directions (1 1 1)
    Boundary openness (1.421442472351161e-17 -1.549610687238166e-17 -7.446525958432003e-17) OK.
    Max cell openness = 4.878449832789917e-16 OK.
    Max aspect ratio = 69.08288552239898 OK.
    Minimum face area = 1.673116557976782e-06. Maximum face area = 0.001155837991873489.  Face area magnitudes OK.
    Min volume = 5.879984982609179e-09. Max volume = 1.30921460690586e-05.  Total volume = 0.004719833506733872.  Cell volumes OK.
    Mesh non-orthogonality Max: 3.513393132216309 average: 0.2801026841809112
    Non-orthogonality check OK.
    Face pyramids OK.
    Max skewness = 0.2181286518111503 OK.
    Coupled point location match (average 0) OK.

Mesh OK.

Running Primal Solver 053
Previous solution time 1000 not found and nothing deleted.
No finite volume options present

Starting time loop

Time = 1

U0 initRes: 2.211743979433676e-06 finalRes: 1.026279121564592e-08 nIters: 6
U1 initRes: 6.851179459151432e-06 finalRes: 6.78531147169427e-08 nIters: 6
U2 initRes: 2.501324335282592e-05 finalRes: 1.228485685752677e-07 nIters: 6
p initRes: 0.0002337219147141691 finalRes: 1.4041302716953e-06 nIters: 4
Time step continuity errors : sum local = 2.388805476298328e-05
                                 global = -1.117486429886928e-07
                             cumulative = -0.01188669496400294
T initRes: 1.792546528323179e-05 finalRes: 1.050461457688666e-07 nIters: 6
nuTilda initRes: 0.000209987394020256 finalRes: 9.292755877074154e-07 nIters: 4
TP1: 88.11951690972528 final: 88.11951690972528
TP2: 35.77316326166777 final: 35.77316326166777
HFX: 301.8095602407737 final: 301.8095602407737
yPlus min: 1.854428751478091 max: 55.32502141249692 mean: 23.6703600374727
ExecutionTime = 251.06 s  ClockTime = 257 s

Time = 100

U0 initRes: 2.239925184225224e-06 finalRes: 1.007436044571516e-08 nIters: 6
U1 initRes: 5.527395373678104e-06 finalRes: 1.700476867199171e-08 nIters: 8
U2 initRes: 1.549515148032577e-05 finalRes: 9.463480579152355e-08 nIters: 6
p initRes: 0.0002057272751409408 finalRes: 1.37530880968858e-06 nIters: 3
Time step continuity errors : sum local = 2.339631487073318e-05
                                 global = 1.428132139572068e-07
                             cumulative = -0.01188655215078898
T initRes: 1.863560499120104e-05 finalRes: 1.054864442465164e-07 nIters: 6
nuTilda initRes: 0.0003620382764052994 finalRes: 8.161508180893088e-07 nIters: 4
TP1: 88.11830369695038 final: 88.11830369695038
TP2: 35.77317190378263 final: 35.77317190378263
HFX: 301.8134122160822 final: 301.8134122160822
yPlus min: 1.845849382414194 max: 55.32504915930454 mean: 23.6699878869693
ExecutionTime = 251.51 s  ClockTime = 258 s

Time = 200

U0 initRes: 2.23965192076293e-06 finalRes: 1.008250218430196e-08 nIters: 6
U1 initRes: 5.527492524025994e-06 finalRes: 1.700720441399035e-08 nIters: 8
U2 initRes: 1.549373916765058e-05 finalRes: 9.462296825544218e-08 nIters: 6
p initRes: 0.0002057213571013341 finalRes: 1.373828522874728e-06 nIters: 3
Time step continuity errors : sum local = 2.337113550053417e-05
                                 global = 1.440296878416072e-07
                             cumulative = -0.01188640812110114
T initRes: 1.86348637394436e-05 finalRes: 1.054991594692234e-07 nIters: 6
nuTilda initRes: 0.0003620362106281076 finalRes: 8.161405080001866e-07 nIters: 4
TP1: 88.1183019703353 final: 88.1183019703353
TP2: 35.77317186922969 final: 35.77317186922969
HFX: 301.8134102987993 final: 301.8134102987993
yPlus min: 1.845849976596135 max: 55.32504880822984 mean: 23.66998813344263
ExecutionTime = 252 s  ClockTime = 258 s

Time = 300

U0 initRes: 2.2396741998589e-06 finalRes: 1.008194868626204e-08 nIters: 6
U1 initRes: 5.527564362369391e-06 finalRes: 1.700712591202552e-08 nIters: 8
U2 initRes: 1.549381862064609e-05 finalRes: 9.462315722577776e-08 nIters: 6
p initRes: 0.0002057213937668508 finalRes: 1.37367384581474e-06 nIters: 3
Time step continuity errors : sum local = 2.336850409235561e-05
                                 global = 1.438255959784285e-07
                             cumulative = -0.01188626429550516
T initRes: 1.86348345508998e-05 finalRes: 1.054998338190466e-07 nIters: 6
nuTilda initRes: 0.0003620364095864729 finalRes: 8.161331239522555e-07 nIters: 4
TP1: 88.11830224695733 final: 88.11830224695733
TP2: 35.77317188268164 final: 35.77317188268164
HFX: 301.8134102156792 final: 301.8134102156792
yPlus min: 1.845850005168512 max: 55.32504880800047 mean: 23.66998812176822
ExecutionTime = 252.46 s  ClockTime = 259 s

Time = 400

U0 initRes: 2.239672166278232e-06 finalRes: 1.008195140170892e-08 nIters: 6
U1 initRes: 5.527559503918064e-06 finalRes: 1.700712170357301e-08 nIters: 8
U2 initRes: 1.549381357311423e-05 finalRes: 9.46231851503435e-08 nIters: 6
p initRes: 0.0002057214042946717 finalRes: 1.373685173762756e-06 nIters: 3
Time step continuity errors : sum local = 2.336869678756944e-05
                                 global = 1.438299853202096e-07
                             cumulative = -0.01188612046551984
T initRes: 1.863483683469091e-05 finalRes: 1.054997630744685e-07 nIters: 6
nuTilda initRes: 0.0003620364009697377 finalRes: 8.161335640286658e-07 nIters: 4
TP1: 88.118302234971 final: 88.118302234971
TP2: 35.77317188181232 final: 35.77317188181232
HFX: 301.8134102331438 final: 301.8134102331438
yPlus min: 1.845850000448209 max: 55.3250488105837 mean: 23.66998812133192
ExecutionTime = 252.94 s  ClockTime = 259 s

Time = 500

U0 initRes: 2.239672173940683e-06 finalRes: 1.008195321968093e-08 nIters: 6
U1 initRes: 5.527559488025925e-06 finalRes: 1.70071222304638e-08 nIters: 8
U2 initRes: 1.549381351497622e-05 finalRes: 9.462318300803853e-08 nIters: 6
p initRes: 0.0002057214035841806 finalRes: 1.37368515470956e-06 nIters: 3
Time step continuity errors : sum local = 2.336869654704617e-05
                                 global = 1.438306360784328e-07
                             cumulative = -0.01188597663488376
T initRes: 1.863483679272893e-05 finalRes: 1.054997634874344e-07 nIters: 6
nuTilda initRes: 0.0003620364005669011 finalRes: 8.161335686136626e-07 nIters: 4
TP1: 88.11830223455956 final: 88.11830223455956
TP2: 35.77317188180518 final: 35.77317188180518
HFX: 301.8134102325988 final: 301.8134102325988
yPlus min: 1.845850000576968 max: 55.32504881046246 mean: 23.66998812139537
ExecutionTime = 253.42 s  ClockTime = 260 s

Time = 600

U0 initRes: 2.239672181258537e-06 finalRes: 1.008195311420959e-08 nIters: 6
U1 initRes: 5.527559506978986e-06 finalRes: 1.700712222156042e-08 nIters: 8
U2 initRes: 1.549381353747318e-05 finalRes: 9.462318301757441e-08 nIters: 6
p initRes: 0.0002057214035863608 finalRes: 1.373685104020138e-06 nIters: 3
Time step continuity errors : sum local = 2.33686956166905e-05
                                 global = 1.438305094889501e-07
                             cumulative = -0.01188583280437427
T initRes: 1.863483678578728e-05 finalRes: 1.054997635756579e-07 nIters: 6
nuTilda initRes: 0.0003620364006198471 finalRes: 8.16133566723021e-07 nIters: 4
TP1: 88.11830223460825 final: 88.11830223460825
TP2: 35.77317188180847 final: 35.77317188180847
HFX: 301.8134102325625 final: 301.8134102325625
yPlus min: 1.84585000058931 max: 55.32504881045939 mean: 23.66998812139375
ExecutionTime = 253.88 s  ClockTime = 260 s

Time = 700

U0 initRes: 2.23967218139672e-06 finalRes: 1.008195311794318e-08 nIters: 6
U1 initRes: 5.527559506618978e-06 finalRes: 1.700712221667515e-08 nIters: 8
U2 initRes: 1.549381353420733e-05 finalRes: 9.462318302529301e-08 nIters: 6
p initRes: 0.0002057214035994985 finalRes: 1.373685079142478e-06 nIters: 3
Time step continuity errors : sum local = 2.336869522359739e-05
                                 global = 1.438302811561489e-07
                             cumulative = -0.01188568897409312
T initRes: 1.863483678514042e-05 finalRes: 1.054997634049349e-07 nIters: 6
nuTilda initRes: 0.0003620364006180323 finalRes: 8.161335667754721e-07 nIters: 4
TP1: 88.11830223458257 final: 88.11830223458257
TP2: 35.77317188180795 final: 35.77317188180795
HFX: 301.8134102325664 final: 301.8134102325664
yPlus min: 1.845850000583579 max: 55.32504881046001 mean: 23.66998812139352
ExecutionTime = 254.35 s  ClockTime = 261 s

Time = 800

U0 initRes: 2.23967218030336e-06 finalRes: 1.008195311658892e-08 nIters: 6
U1 initRes: 5.52755950492596e-06 finalRes: 1.700712221779817e-08 nIters: 8
U2 initRes: 1.549381353414131e-05 finalRes: 9.462318301136378e-08 nIters: 6
p initRes: 0.0002057214035777156 finalRes: 1.373685117569732e-06 nIters: 3
Time step continuity errors : sum local = 2.336869581058989e-05
                                 global = 1.438304590178657e-07
                             cumulative = -0.0118855451436341
T initRes: 1.863483678590453e-05 finalRes: 1.054997637933442e-07 nIters: 6
nuTilda initRes: 0.0003620364006188372 finalRes: 8.161335667865353e-07 nIters: 4
TP1: 88.11830223460009 final: 88.11830223460009
TP2: 35.77317188180719 final: 35.77317188180719
HFX: 301.813410232564 final: 301.813410232564
yPlus min: 1.845850000583828 max: 55.32504881045963 mean: 23.66998812139328
ExecutionTime = 254.84 s  ClockTime = 261 s

Time = 900

U0 initRes: 2.239672179674553e-06 finalRes: 1.008195311341566e-08 nIters: 6
U1 initRes: 5.527559504878388e-06 finalRes: 1.700712221158061e-08 nIters: 8
U2 initRes: 1.549381353489754e-05 finalRes: 9.462318300952409e-08 nIters: 6
p initRes: 0.0002057214035765026 finalRes: 1.373685092630695e-06 nIters: 3
Time step continuity errors : sum local = 2.336869537181413e-05
                                 global = 1.438302705478336e-07
                             cumulative = -0.01188540131336355
T initRes: 1.863483678580628e-05 finalRes: 1.054997633334823e-07 nIters: 6
nuTilda initRes: 0.0003620364006174668 finalRes: 8.161335667947321e-07 nIters: 4
TP1: 88.11830223460042 final: 88.11830223460042
TP2: 35.77317188180833 final: 35.77317188180833
HFX: 301.8134102325658 final: 301.8134102325658
yPlus min: 1.845850000587372 max: 55.32504881045992 mean: 23.66998812139354
ExecutionTime = 255.34 s  ClockTime = 262 s

Time = 1000

U0 initRes: 2.239672181254098e-06 finalRes: 1.008195312151984e-08 nIters: 6
U1 initRes: 5.52755950601463e-06 finalRes: 1.700712221409919e-08 nIters: 8
U2 initRes: 1.549381353480659e-05 finalRes: 9.462318302293223e-08 nIters: 6
p initRes: 0.0002057214035943772 finalRes: 1.373685095493864e-06 nIters: 3
Time step continuity errors : sum local = 2.336869537757314e-05
                                 global = 1.438303533397108e-07
                             cumulative = -0.01188525748301021
T initRes: 1.863483678457624e-05 finalRes: 1.054997645468632e-07 nIters: 6
nuTilda initRes: 0.0003620364006185812 finalRes: 8.161335667729731e-07 nIters: 4
TP1: 88.1183022345792 final: 88.1183022345792
TP2: 35.7731718818066 final: 35.7731718818066
HFX: 301.8134102325643 final: 301.8134102325643
yPlus min: 1.845850000582943 max: 55.32504881045973 mean: 23.66998812139333
ExecutionTime = 255.78 s  ClockTime = 262 s

End

Moving time 1000 to 0.0053
Printing Primal Residual Statistics.
U Residual Norm2: (28.35411075150517 24.90606342588083 11.63141574838789)
U Residual Mean: (0.04088437039710354 0.03278408573363575 0.01527515212542948)
U Residual Max: (12.97892722524167 11.01037172570076 8.190586467606465)
p Residual Norm2: 8.196869827790906
p Residual Mean: 0.01414943812413728
p Residual Max: 2.849355141017786
T Residual Norm2: 43.50388684647317
T Residual Mean: 0.05141784939433856
T Residual Max: 20.59733358780763
nuTilda Residual Norm2: 0.4913944654379603
nuTilda Residual Mean: 0.000475818212135836
nuTilda Residual Max: 0.2386658837915592
phi Residual Norm2: 0.0481653952884159
phi Residual Mean: 2.606306976443269e-05
phi Residual Max: 0.02972794172080489
Total Residual Norm2: 59.32603187762454
 
 
DAInputVolCoord. 
Setting volume coordinates. 
Checking mesh quality for time = 1000
    Overall domain bounding box (1.243191784319188e-37 -0.09450000000000007 -8.698730825826681e-10) (0.8445000000000003 0.09450000000000008 0.03750000000000003)
    Mesh has 3 geometric (non-empty/wedge) directions (1 1 1)
    Mesh has 3 solution (non-empty) directions (1 1 1)
    Boundary openness (-1.306229949765939e-17 -1.872269817304444e-17 -4.370984366436882e-17) OK.
    Max cell openness = 3.939289518238237e-16 OK.
    Max aspect ratio = 69.082885523016 OK.
    Minimum face area = 1.673088071930634e-06. Maximum face area = 0.001155838922971935.  Face area magnitudes OK.
    Min volume = 5.87967361052481e-09. Max volume = 1.309215469784457e-05.  Total volume = 0.004719833521685613.  Cell volumes OK.
    Mesh non-orthogonality Max: 3.530759005096735 average: 0.2806664079156023
    Non-orthogonality check OK.
    Face pyramids OK.
    Max skewness = 0.2181261556326461 OK.
    Coupled point location match (average 0) OK.

Mesh OK.

Running Primal Solver 054
Previous solution time 1000 not found and nothing deleted.
No finite volume options present

Starting time loop

Time = 1

U0 initRes: 2.595601403492854e-06 finalRes: 1.318947914077798e-08 nIters: 6
U1 initRes: 1.477729133768869e-05 finalRes: 1.289998561659845e-07 nIters: 6
U2 initRes: 6.099183400993614e-05 finalRes: 2.972774867890189e-07 nIters: 6
p initRes: 0.0003572186776843018 finalRes: 3.570752362654518e-06 nIters: 4
Time step continuity errors : sum local = 6.074839357857978e-05
                                 global = -8.875179472146314e-06
                             cumulative = -0.01189413266248236
T initRes: 1.920138744191812e-05 finalRes: 1.050467059331388e-07 nIters: 6
nuTilda initRes: 0.0002129758427128217 finalRes: 9.197953960703137e-07 nIters: 4
TP1: 88.11779974295361 final: 88.11779974295361
TP2: 35.77315396755897 final: 35.77315396755897
HFX: 301.8080453535188 final: 301.8080453535188
yPlus min: 1.854390891128083 max: 55.32503685359671 mean: 23.67036724400461
ExecutionTime = 255.92 s  ClockTime = 262 s

Time = 100

U0 initRes: 2.250628931608055e-06 finalRes: 1.003856815600515e-08 nIters: 6
U1 initRes: 5.527000315162598e-06 finalRes: 1.699487558351594e-08 nIters: 8
U2 initRes: 1.551181744990586e-05 finalRes: 9.490922115928783e-08 nIters: 6
p initRes: 0.0002056890421824084 finalRes: 7.932167474699847e-07 nIters: 3
Time step continuity errors : sum local = 1.349406622666549e-05
                                 global = -3.033817581276602e-07
                             cumulative = -0.01189443604424049
T initRes: 1.865551859965517e-05 finalRes: 1.055388377491223e-07 nIters: 6
nuTilda initRes: 0.0003621230268646414 finalRes: 8.160089192650372e-07 nIters: 4
TP1: 88.11816832751479 final: 88.11816832751479
TP2: 35.77315148225084 final: 35.77315148225084
HFX: 301.814123180419 final: 301.814123180419
yPlus min: 1.845817672929739 max: 55.32504128921165 mean: 23.67001003576808
ExecutionTime = 256.36 s  ClockTime = 263 s

Time = 200

U0 initRes: 2.245199352993658e-06 finalRes: 1.00390992547941e-08 nIters: 6
U1 initRes: 5.523041231163815e-06 finalRes: 1.700212060160727e-08 nIters: 8
U2 initRes: 1.550504937326784e-05 finalRes: 9.489616601426615e-08 nIters: 6
p initRes: 0.0002056450795410638 finalRes: 7.511587258267175e-07 nIters: 3
Time step continuity errors : sum local = 1.277858664486888e-05
                                 global = -3.62194143874475e-08
                             cumulative = -0.01189447226365487
T initRes: 1.865154657467337e-05 finalRes: 1.055219637494032e-07 nIters: 6
nuTilda initRes: 0.0003621047239726789 finalRes: 8.16132919861653e-07 nIters: 4
TP1: 88.11817047595818 final: 88.11817047595818
TP2: 35.77315348507662 final: 35.77315348507662
HFX: 301.8141258399209 final: 301.8141258399209
yPlus min: 1.845817462041522 max: 55.3250406917407 mean: 23.67001087074629
ExecutionTime = 256.81 s  ClockTime = 263 s

Time = 300

U0 initRes: 2.245334092019441e-06 finalRes: 1.003881162852205e-08 nIters: 6
U1 initRes: 5.523347990556082e-06 finalRes: 1.700221598517706e-08 nIters: 8
U2 initRes: 1.550508644465235e-05 finalRes: 9.489535597949959e-08 nIters: 6
p initRes: 0.0002056442592272191 finalRes: 7.509768837470162e-07 nIters: 3
Time step continuity errors : sum local = 1.277549312208748e-05
                                 global = -3.848208662529036e-08
                             cumulative = -0.0118945107457415
T initRes: 1.865140815233769e-05 finalRes: 1.055258784288937e-07 nIters: 6
nuTilda initRes: 0.0003621053799178127 finalRes: 8.161040028584792e-07 nIters: 4
TP1: 88.11817093314741 final: 88.11817093314741
TP2: 35.77315350871422 final: 35.77315350871422
HFX: 301.8141250088501 final: 301.8141250088501
yPlus min: 1.845817703932433 max: 55.32504057757926 mean: 23.67001087893121
ExecutionTime = 257.29 s  ClockTime = 264 s

Time = 400

U0 initRes: 2.24533168129137e-06 finalRes: 1.003873346213269e-08 nIters: 6
U1 initRes: 5.523343736376477e-06 finalRes: 1.700218812399322e-08 nIters: 8
U2 initRes: 1.550509672718533e-05 finalRes: 9.489547004498803e-08 nIters: 6
p initRes: 0.0002056442940958085 finalRes: 7.509955257410437e-07 nIters: 3
Time step continuity errors : sum local = 1.277581037746935e-05
                                 global = -3.855476950163474e-08
                             cumulative = -0.011894549300511
T initRes: 1.86514117019182e-05 finalRes: 1.055257449427697e-07 nIters: 6
nuTilda initRes: 0.0003621053865914917 finalRes: 8.161042881240863e-07 nIters: 4
TP1: 88.11817094362637 final: 88.11817094362637
TP2: 35.77315350806889 final: 35.77315350806889
HFX: 301.8141250504579 final: 301.8141250504579
yPlus min: 1.845817693176534 max: 55.32504058572185 mean: 23.67001087559702
ExecutionTime = 257.84 s  ClockTime = 264 s

Time = 500

U0 initRes: 2.245331375161883e-06 finalRes: 1.003873985443437e-08 nIters: 6
U1 initRes: 5.5233427947377e-06 finalRes: 1.700218913898692e-08 nIters: 8
U2 initRes: 1.550509577812487e-05 finalRes: 9.489546747957759e-08 nIters: 6
p initRes: 0.0002056442946880409 finalRes: 7.509958529895284e-07 nIters: 3
Time step continuity errors : sum local = 1.27758158477664e-05
                                 global = -3.855417791911807e-08
                             cumulative = -0.01189458785468892
T initRes: 1.86514119665711e-05 finalRes: 1.055257359748726e-07 nIters: 6
nuTilda initRes: 0.0003621053825641922 finalRes: 8.161043777945219e-07 nIters: 4
TP1: 88.11817094020927 final: 88.11817094020927
TP2: 35.77315350786513 final: 35.77315350786513
HFX: 301.8141250516086 final: 301.8141250516086
yPlus min: 1.845817692787462 max: 55.32504058576282 mean: 23.6700108757333
ExecutionTime = 258.31 s  ClockTime = 265 s

Time = 600

U0 initRes: 2.245331396845274e-06 finalRes: 1.003873982558458e-08 nIters: 6
U1 initRes: 5.523342855270507e-06 finalRes: 1.700218918798374e-08 nIters: 8
U2 initRes: 1.550509578640579e-05 finalRes: 9.489546718735292e-08 nIters: 6
p initRes: 0.0002056442945402153 finalRes: 7.509957774164813e-07 nIters: 3
Time step continuity errors : sum local = 1.277581455098068e-05
                                 global = -3.855400956168738e-08
                             cumulative = -0.01189462640869848
T initRes: 1.86514119410542e-05 finalRes: 1.055257357891707e-07 nIters: 6
nuTilda initRes: 0.0003621053827280624 finalRes: 8.161043725347714e-07 nIters: 4
TP1: 88.11817094034159 final: 88.11817094034159
TP2: 35.773153507878 final: 35.773153507878
HFX: 301.8141250513968 final: 301.8141250513968
yPlus min: 1.845817692844555 max: 55.3250405857305 mean: 23.67001087573879
ExecutionTime = 258.78 s  ClockTime = 265 s

Time = 700

U0 initRes: 2.245331397042558e-06 finalRes: 1.003873981218168e-08 nIters: 6
U1 initRes: 5.52334285601293e-06 finalRes: 1.700218918300253e-08 nIters: 8
U2 initRes: 1.550509578922086e-05 finalRes: 9.489546720137232e-08 nIters: 6
p initRes: 0.0002056442945531937 finalRes: 7.50995764231232e-07 nIters: 3
Time step continuity errors : sum local = 1.277581437684185e-05
                                 global = -3.855382574093704e-08
                             cumulative = -0.01189466496252422
T initRes: 1.865141194084016e-05 finalRes: 1.055257363382735e-07 nIters: 6
nuTilda initRes: 0.0003621053827347384 finalRes: 8.161043724463442e-07 nIters: 4
TP1: 88.1181709403219 final: 88.1181709403219
TP2: 35.77315350787736 final: 35.77315350787736
HFX: 301.8141250514034 final: 301.8141250514034
yPlus min: 1.845817692842292 max: 55.32504058573199 mean: 23.67001087573811
ExecutionTime = 259.24 s  ClockTime = 266 s

Time = 800

U0 initRes: 2.245331396775806e-06 finalRes: 1.003873980794544e-08 nIters: 6
U1 initRes: 5.523342856030433e-06 finalRes: 1.700218917905197e-08 nIters: 8
U2 initRes: 1.550509578937379e-05 finalRes: 9.489546720102101e-08 nIters: 6
p initRes: 0.0002056442945452326 finalRes: 7.509957675728096e-07 nIters: 3
Time step continuity errors : sum local = 1.277581445943562e-05
                                 global = -3.855386483294897e-08
                             cumulative = -0.01189470351638906
T initRes: 1.865141194022719e-05 finalRes: 1.055257359253258e-07 nIters: 6
nuTilda initRes: 0.0003621053827340807 finalRes: 8.161043724651583e-07 nIters: 4
TP1: 88.11817094034487 final: 88.11817094034487
TP2: 35.77315350787827 final: 35.77315350787827
HFX: 301.8141250514042 final: 301.8141250514042
yPlus min: 1.845817692841485 max: 55.32504058573191 mean: 23.67001087573806
ExecutionTime = 259.71 s  ClockTime = 266 s

Time = 900

U0 initRes: 2.245331396657456e-06 finalRes: 1.003873981018298e-08 nIters: 6
U1 initRes: 5.523342855609349e-06 finalRes: 1.700218917644563e-08 nIters: 8
U2 initRes: 1.550509578894749e-05 finalRes: 9.489546719920725e-08 nIters: 6
p initRes: 0.0002056442945513078 finalRes: 7.50995788665144e-07 nIters: 3
Time step continuity errors : sum local = 1.277581482873783e-05
                                 global = -3.855408376850406e-08
                             cumulative = -0.01189474207047283
T initRes: 1.865141194080112e-05 finalRes: 1.055257373984032e-07 nIters: 6
nuTilda initRes: 0.000362105382734072 finalRes: 8.161043724647345e-07 nIters: 4
TP1: 88.11817094033107 final: 88.11817094033107
TP2: 35.77315350787814 final: 35.77315350787814
HFX: 301.8141250514041 final: 301.8141250514041
yPlus min: 1.84581769284181 max: 55.32504058573215 mean: 23.67001087573822
ExecutionTime = 260.18 s  ClockTime = 267 s

Time = 1000

U0 initRes: 2.245331396801128e-06 finalRes: 1.003873980634902e-08 nIters: 6
U1 initRes: 5.523342855786244e-06 finalRes: 1.700218918417926e-08 nIters: 8
U2 initRes: 1.55050957891832e-05 finalRes: 9.489546719985866e-08 nIters: 6
p initRes: 0.0002056442945534444 finalRes: 7.509957944882775e-07 nIters: 3
Time step continuity errors : sum local = 1.277581490613864e-05
                                 global = -3.855397105865526e-08
                             cumulative = -0.01189478062444388
T initRes: 1.865141193971618e-05 finalRes: 1.055257363488253e-07 nIters: 6
nuTilda initRes: 0.0003621053827340991 finalRes: 8.161043724852089e-07 nIters: 4
TP1: 88.11817094034869 final: 88.11817094034869
TP2: 35.77315350787921 final: 35.77315350787921
HFX: 301.8141250514046 final: 301.8141250514046
yPlus min: 1.845817692844141 max: 55.3250405857321 mean: 23.67001087573825
ExecutionTime = 260.83 s  ClockTime = 267 s

End

Moving time 1000 to 0.0054
Printing Primal Residual Statistics.
U Residual Norm2: (28.35108652038058 24.90790424750901 11.62275385086387)
U Residual Mean: (0.04088704589672475 0.03273699002865531 0.01525213254634835)
U Residual Max: (12.9797323217057 11.0123021717914 8.185391421874407)
p Residual Norm2: 8.197086561552043
p Residual Mean: 0.01414459532019227
p Residual Max: 2.849778978190939
T Residual Norm2: 43.50623452193805
T Residual Mean: 0.0514302889860712
T Residual Max: 20.59574645841097
nuTilda Residual Norm2: 0.4914238529582149
nuTilda Residual Mean: 0.000475818315861135
nuTilda Residual Max: 0.2386902689870949
phi Residual Norm2: 0.04815215778477078
phi Residual Mean: 2.610528776746605e-05
phi Residual Max: 0.02971908998327485
Total Residual Norm2: 59.32541356262054
 
 
DAInputVolCoord. 
Setting volume coordinates. 
Checking mesh quality for time = 1000
    Overall domain bounding box (-6.212067540516361e-09 -0.09450000000000007 -1.085971621720445e-08) (0.8445000000000003 0.09450000000000008 0.03750000000000003)
    Mesh has 3 geometric (non-empty/wedge) directions (1 1 1)
    Mesh has 3 solution (non-empty) directions (1 1 1)
    Boundary openness (1.558368019149948e-17 1.144224194114588e-17 -1.089042200009812e-16) OK.
    Max cell openness = 4.023386506500552e-16 OK.
    Max aspect ratio = 69.08288552256562 OK.
    Minimum face area = 1.673097952757695e-06. Maximum face area = 0.001155838007549239.  Face area magnitudes OK.
    Min volume = 5.879984616913183e-09. Max volume = 1.30921462176125e-05.  Total volume = 0.004719833523651223.  Cell volumes OK.
    Mesh non-orthogonality Max: 3.512288651577612 average: 0.280117660392582
    Non-orthogonality check OK.
    Face pyramids OK.
    Max skewness = 0.2181323657373377 OK.
    Coupled point location match (average 0) OK.

Mesh OK.

Running Primal Solver 055
Previous solution time 1000 not found and nothing deleted.
No finite volume options present

Starting time loop

Time = 1

U0 initRes: 3.19428454316992e-06 finalRes: 1.733795507961604e-08 nIters: 6
U1 initRes: 2.447171035102136e-05 finalRes: 1.602450735397238e-07 nIters: 6
U2 initRes: 0.0001109744813268882 finalRes: 6.204096504949181e-07 nIters: 6
p initRes: 0.0005583487852393646 finalRes: 4.785181371332661e-06 nIters: 6
Time step continuity errors : sum local = 8.140748553880422e-05
                                 global = -6.226941750821736e-06
                             cumulative = -0.01190100756619471
T initRes: 2.049828713125373e-05 finalRes: 1.190127352920688e-07 nIters: 6
nuTilda initRes: 0.0002164812987196402 finalRes: 1.001373198799355e-06 nIters: 4
TP1: 88.11739552386091 final: 88.11739552386091
TP2: 35.773139584044 final: 35.773139584044
HFX: 301.8114807416461 final: 301.8114807416461
yPlus min: 1.854409394530162 max: 55.32506312588164 mean: 23.67035335116443
ExecutionTime = 260.98 s  ClockTime = 267 s

Time = 100

U0 initRes: 2.240460608847205e-06 finalRes: 1.010887179874495e-08 nIters: 6
U1 initRes: 5.524593897372854e-06 finalRes: 1.702510201617063e-08 nIters: 8
U2 initRes: 1.552594956467245e-05 finalRes: 9.454937771856214e-08 nIters: 6
p initRes: 0.0002057802074043693 finalRes: 1.335857871531069e-06 nIters: 3
Time step continuity errors : sum local = 2.272512883131213e-05
                                 global = 2.735113930859032e-07
                             cumulative = -0.01190073405480162
T initRes: 1.864262660920244e-05 finalRes: 1.054949991875543e-07 nIters: 6
nuTilda initRes: 0.0003619837434305631 finalRes: 8.162667165107025e-07 nIters: 4
TP1: 88.11854276706073 final: 88.11854276706073
TP2: 35.77317926723902 final: 35.77317926723902
HFX: 301.8131191635468 final: 301.8131191635468
yPlus min: 1.845895113697108 max: 55.32502677428729 mean: 23.66997067486465
ExecutionTime = 261.43 s  ClockTime = 268 s

Time = 200

U0 initRes: 2.240755652858588e-06 finalRes: 1.007130240431915e-08 nIters: 6
U1 initRes: 5.527957393349145e-06 finalRes: 1.700731184483162e-08 nIters: 8
U2 initRes: 1.549273333691619e-05 finalRes: 9.457238637725625e-08 nIters: 6
p initRes: 0.0002057121008969353 finalRes: 1.362017634969185e-06 nIters: 3
Time step continuity errors : sum local = 2.317013281149808e-05
                                 global = 6.710589047738596e-07
                             cumulative = -0.01190006299589685
T initRes: 1.863336340440413e-05 finalRes: 1.054988839919862e-07 nIters: 6
nuTilda initRes: 0.000361975328856823 finalRes: 8.159244688451118e-07 nIters: 4
TP1: 88.11857503004398 final: 88.11857503004398
TP2: 35.77318071639665 final: 35.77318071639665
HFX: 301.8131187685272 final: 301.8131187685272
yPlus min: 1.845895449884239 max: 55.32502804748351 mean: 23.66996895689555
ExecutionTime = 261.9 s  ClockTime = 268 s

Time = 300

U0 initRes: 2.240480361016081e-06 finalRes: 1.007274762676231e-08 nIters: 6
U1 initRes: 5.527263683040347e-06 finalRes: 1.700720534369498e-08 nIters: 8
U2 initRes: 1.549187599500885e-05 finalRes: 9.457406064184913e-08 nIters: 6
p initRes: 0.0002057120231083988 finalRes: 1.363532630999849e-06 nIters: 3
Time step continuity errors : sum local = 2.319590521975761e-05
                                 global = 6.724772099551066e-07
                             cumulative = -0.01189939051868689
T initRes: 1.863358493164289e-05 finalRes: 1.054906843995927e-07 nIters: 6
nuTilda initRes: 0.0003619728979029789 finalRes: 8.159862077636047e-07 nIters: 4
TP1: 88.11857322755006 final: 88.11857322755006
TP2: 35.77318059137589 final: 35.77318059137589
HFX: 301.8131204523692 final: 301.8131204523692
yPlus min: 1.845894941381444 max: 55.32502826271301 mean: 23.66996895049853
ExecutionTime = 262.37 s  ClockTime = 269 s

Time = 400

U0 initRes: 2.240485587455337e-06 finalRes: 1.007289806317296e-08 nIters: 6
U1 initRes: 5.527278921330671e-06 finalRes: 1.700726284815915e-08 nIters: 8
U2 initRes: 1.549188669022472e-05 finalRes: 9.457379343301449e-08 nIters: 6
p initRes: 0.0002057119288400504 finalRes: 1.36349794291722e-06 nIters: 3
Time step continuity errors : sum local = 2.319531520098044e-05
                                 global = 6.724598741688285e-07
                             cumulative = -0.01189871805881272
T initRes: 1.863357689905674e-05 finalRes: 1.054910262413628e-07 nIters: 6
nuTilda initRes: 0.000361972901215266 finalRes: 8.159851176207552e-07 nIters: 4
TP1: 88.11857322685339 final: 88.11857322685339
TP2: 35.77318059306201 final: 35.77318059306201
HFX: 301.8131203490872 final: 301.8131203490872
yPlus min: 1.845894967660934 max: 55.32502824414816 mean: 23.66996895732732
ExecutionTime = 262.79 s  ClockTime = 269 s

Time = 500

U0 initRes: 2.240486188819102e-06 finalRes: 1.007288345980203e-08 nIters: 6
U1 initRes: 5.527280602705341e-06 finalRes: 1.700726023062733e-08 nIters: 8
U2 initRes: 1.549188906313844e-05 finalRes: 9.457380072851753e-08 nIters: 6
p initRes: 0.0002057119314099861 finalRes: 1.363494394558881e-06 nIters: 3
Time step continuity errors : sum local = 2.319525476986095e-05
                                 global = 6.724564137537323e-07
                             cumulative = -0.01189804560239897
T initRes: 1.863357620251088e-05 finalRes: 1.054910371380072e-07 nIters: 6
nuTilda initRes: 0.0003619729079507123 finalRes: 8.159849446337058e-07 nIters: 4
TP1: 88.11857323376677 final: 88.11857323376677
TP2: 35.7731805934385 final: 35.7731805934385
HFX: 301.8131203478661 final: 301.8131203478661
yPlus min: 1.845894968127793 max: 55.32502824427767 mean: 23.66996895698203
ExecutionTime = 263.21 s  ClockTime = 270 s

Time = 600

U0 initRes: 2.240486137551451e-06 finalRes: 1.007288365226259e-08 nIters: 6
U1 initRes: 5.527280458215465e-06 finalRes: 1.700726016213279e-08 nIters: 8
U2 initRes: 1.549188890217468e-05 finalRes: 9.45738013501311e-08 nIters: 6
p initRes: 0.0002057119316007923 finalRes: 1.363494714829162e-06 nIters: 3
Time step continuity errors : sum local = 2.319526017924308e-05
                                 global = 6.724568475696783e-07
                             cumulative = -0.0118973731455514
T initRes: 1.863357626394116e-05 finalRes: 1.054910364477841e-07 nIters: 6
nuTilda initRes: 0.000361972907585686 finalRes: 8.159849575379937e-07 nIters: 4
TP1: 88.11857323341616 final: 88.11857323341616
TP2: 35.77318059341493 final: 35.77318059341493
HFX: 301.8131203483139 final: 301.8131203483139
yPlus min: 1.84589496801049 max: 55.32502824434001 mean: 23.66996895697474
ExecutionTime = 263.64 s  ClockTime = 270 s

Time = 700

U0 initRes: 2.240486139192891e-06 finalRes: 1.007288370485922e-08 nIters: 6
U1 initRes: 5.527280460688074e-06 finalRes: 1.700726015233836e-08 nIters: 8
U2 initRes: 1.549188890192023e-05 finalRes: 9.457380129046588e-08 nIters: 6
p initRes: 0.0002057119315925563 finalRes: 1.363494704957854e-06 nIters: 3
Time step continuity errors : sum local = 2.319526009291504e-05
                                 global = 6.724567300339707e-07
                             cumulative = -0.01189670068882136
T initRes: 1.863357626444052e-05 finalRes: 1.054910359249711e-07 nIters: 6
nuTilda initRes: 0.0003619729075800546 finalRes: 8.159849575216361e-07 nIters: 4
TP1: 88.11857323340392 final: 88.11857323340392
TP2: 35.77318059341437 final: 35.77318059341437
HFX: 301.8131203482959 final: 301.8131203482959
yPlus min: 1.845894968012788 max: 55.32502824433653 mean: 23.66996895697643
ExecutionTime = 264.07 s  ClockTime = 271 s

Time = 800

U0 initRes: 2.240486137406627e-06 finalRes: 1.007288369181479e-08 nIters: 6
U1 initRes: 5.527280460066958e-06 finalRes: 1.700726016210589e-08 nIters: 8
U2 initRes: 1.549188890393739e-05 finalRes: 9.457380129594487e-08 nIters: 6
p initRes: 0.0002057119315819371 finalRes: 1.363494692418248e-06 nIters: 3
Time step continuity errors : sum local = 2.319525982795583e-05
                                 global = 6.724566922706514e-07
                             cumulative = -0.01189602823212909
T initRes: 1.863357626269451e-05 finalRes: 1.054910372105259e-07 nIters: 6
nuTilda initRes: 0.0003619729075801791 finalRes: 8.15984957484999e-07 nIters: 4
TP1: 88.11857323339866 final: 88.11857323339866
TP2: 35.77318059341559 final: 35.77318059341559
HFX: 301.8131203482956 final: 301.8131203482956
yPlus min: 1.845894968015924 max: 55.32502824433646 mean: 23.66996895697649
ExecutionTime = 264.49 s  ClockTime = 271 s

Time = 900

U0 initRes: 2.240486139831733e-06 finalRes: 1.00728837081341e-08 nIters: 6
U1 initRes: 5.52728046119385e-06 finalRes: 1.700726016835954e-08 nIters: 8
U2 initRes: 1.549188890328639e-05 finalRes: 9.457380129630778e-08 nIters: 6
p initRes: 0.0002057119316076465 finalRes: 1.363494700694413e-06 nIters: 3
Time step continuity errors : sum local = 2.319526007011685e-05
                                 global = 6.724566657933142e-07
                             cumulative = -0.0118953557754633
T initRes: 1.863357626423609e-05 finalRes: 1.054910381249716e-07 nIters: 6
nuTilda initRes: 0.0003619729075821094 finalRes: 8.159849574760546e-07 nIters: 4
TP1: 88.11857323339983 final: 88.11857323339983
TP2: 35.77318059341319 final: 35.77318059341319
HFX: 301.8131203482941 final: 301.8131203482941
yPlus min: 1.845894968013466 max: 55.3250282443364 mean: 23.66996895697627
ExecutionTime = 264.92 s  ClockTime = 271 s

Time = 1000

U0 initRes: 2.240486138234702e-06 finalRes: 1.007288370682923e-08 nIters: 6
U1 initRes: 5.527280460671616e-06 finalRes: 1.7007260164737e-08 nIters: 8
U2 initRes: 1.549188890236482e-05 finalRes: 9.457380129763564e-08 nIters: 6
p initRes: 0.0002057119316023967 finalRes: 1.363494706534408e-06 nIters: 3
Time step continuity errors : sum local = 2.319526004179453e-05
                                 global = 6.724567972773488e-07
                             cumulative = -0.01189468331866602
T initRes: 1.863357626232736e-05 finalRes: 1.05491037800639e-07 nIters: 6
nuTilda initRes: 0.0003619729075806366 finalRes: 8.159849574795182e-07 nIters: 4
TP1: 88.11857323340315 final: 88.11857323340315
TP2: 35.77318059341422 final: 35.77318059341422
HFX: 301.8131203482953 final: 301.8131203482953
yPlus min: 1.845894968012732 max: 55.3250282443364 mean: 23.6699689569764
ExecutionTime = 265.34 s  ClockTime = 272 s

End

Moving time 1000 to 0.0055
Printing Primal Residual Statistics.
U Residual Norm2: (28.35100778327529 24.902870615284 11.63147130048065)
U Residual Mean: (0.04087958704980463 0.03277920746904144 0.01527362951333763)
U Residual Max: (12.97887272077765 11.00793506945416 8.191221039048676)
p Residual Norm2: 8.196224192494824
p Residual Mean: 0.01414739204523545
p Residual Max: 2.848956094828953
T Residual Norm2: 43.50300392433045
T Residual Mean: 0.05141304709768928
T Residual Max: 20.60151874668928
nuTilda Residual Norm2: 0.4913355912997943
nuTilda Residual Mean: 0.0004757442106670073
nuTilda Residual Max: 0.2386184735961724
phi Residual Norm2: 0.04816338883027661
phi Residual Mean: 2.606828937722933e-05
phi Residual Max: 0.02972794591468882
Total Residual Norm2: 59.32248227823973
 
 
-----------------
Total Derivatives
-----------------

  Full Model: 'OBJ.val' wrt 'shapexUpper'
    Analytic Magnitude: 1.938710e+01
          Fd Magnitude: 3.323868e+01 (fd:central)
    Absolute Error (Jan - Jfd) : 1.536009e+01 *

    Relative Error (Jan - Jfd) / Jfd : 4.621151e-01 *

    MPI Rank 0

    Raw Analytic Derivative (Jfor)
[[  0.23752716  -0.43572333  -0.41948128   1.96963202  -0.10496199
   -1.39577437   1.61041913   0.9066014   -0.8433272    7.82029997
    4.80163967   3.90632581  -4.43622025  -0.91220466   0.55176584
  -13.86443212  -3.77792451  -0.63430019  -4.33704219  -0.94735747
    1.90998793  -1.78109121  -1.17116196  -2.2502587   -0.96850695
    0.74678104  -1.95629448]]

    Raw FD Derivative (Jfd)
[[ 5.25160095e-01 -4.90431068e-02  2.38742027e-02  6.82462564e-01
  -2.37097558e-01 -1.44434836e+00  1.60448534e+00  1.49043655e+00
   7.99969253e-01  1.16235556e+01  7.35373920e+00  8.28996223e+00
  -1.01671816e+01 -1.20570970e+00  4.57895818e+00 -2.41555884e+01
  -4.67162376e+00  2.66535092e+00 -7.93361283e+00 -3.57674631e-01
   4.54992391e+00 -3.09693848e+00 -8.92279499e-01 -9.25336837e-01
  -1.12801994e+00  7.47577861e-01 -1.87603760e+00]]
 - - - - - - - - - - - - - - - - - - - - - - - - - - - - - -
-----------------
Total Derivatives
-----------------

  Full Model: 'OBJ.val' wrt 'shapexUpper'
    Analytic Magnitude: 1.938710e+01
          Fd Magnitude: 3.323868e+01 (fd:central)
    Absolute Error (Jan - Jfd) : 1.536009e+01 *

    Relative Error (Jan - Jfd) / Jfd : 4.621151e-01 *

    MPI Rank 2

    Raw Analytic Derivative (Jfor)
[[  0.23752716  -0.43572333  -0.41948128   1.96963202  -0.10496199
   -1.39577437   1.61041913   0.9066014   -0.8433272    7.82029997
    4.80163967   3.90632581  -4.43622025  -0.91220466   0.55176584
  -13.86443212  -3.77792451  -0.63430019  -4.33704219  -0.94735747
    1.90998793  -1.78109121  -1.17116196  -2.2502587   -0.96850695
    0.74678104  -1.95629448]]

    Raw FD Derivative (Jfd)
[[ 5.25160095e-01 -4.90431068e-02  2.38742027e-02  6.82462564e-01
  -2.37097558e-01 -1.44434836e+00  1.60448534e+00  1.49043655e+00
   7.99969253e-01  1.16235556e+01  7.35373920e+00  8.28996223e+00
  -1.01671816e+01 -1.20570970e+00  4.57895818e+00 -2.41555884e+01
  -4.67162376e+00  2.66535092e+00 -7.93361283e+00 -3.57674631e-01
   4.54992391e+00 -3.09693848e+00 -8.92279499e-01 -9.25336837e-01
  -1.12801994e+00  7.47577861e-01 -1.87603760e+00]]
 - - - - - - - - - - - - - - - - - - - - - - - - - - - - - -
-----------------
Total Derivatives
-----------------

  Full Model: 'OBJ.val' wrt 'shapexUpper'
    Analytic Magnitude: 1.938710e+01
          Fd Magnitude: 3.323868e+01 (fd:central)
    Absolute Error (Jan - Jfd) : 1.536009e+01 *

    Relative Error (Jan - Jfd) / Jfd : 4.621151e-01 *

    MPI Rank 3

    Raw Analytic Derivative (Jfor)
[[  0.23752716  -0.43572333  -0.41948128   1.96963202  -0.10496199
   -1.39577437   1.61041913   0.9066014   -0.8433272    7.82029997
    4.80163967   3.90632581  -4.43622025  -0.91220466   0.55176584
  -13.86443212  -3.77792451  -0.63430019  -4.33704219  -0.94735747
    1.90998793  -1.78109121  -1.17116196  -2.2502587   -0.96850695
    0.74678104  -1.95629448]]

    Raw FD Derivative (Jfd)
[[ 5.25160095e-01 -4.90431068e-02  2.38742027e-02  6.82462564e-01
  -2.37097558e-01 -1.44434836e+00  1.60448534e+00  1.49043655e+00
   7.99969253e-01  1.16235556e+01  7.35373920e+00  8.28996223e+00
  -1.01671816e+01 -1.20570970e+00  4.57895818e+00 -2.41555884e+01
  -4.67162376e+00  2.66535092e+00 -7.93361283e+00 -3.57674631e-01
   4.54992391e+00 -3.09693848e+00 -8.92279499e-01 -9.25336837e-01
  -1.12801994e+00  7.47577861e-01 -1.87603760e+00]]
 - - - - - - - - - - - - - - - - - - - - - - - - - - - - - -
-----------------
Total Derivatives
-----------------

  Full Model: 'OBJ.val' wrt 'shapexUpper'
    Analytic Magnitude: 1.938710e+01
          Fd Magnitude: 3.323868e+01 (fd:central)
    Absolute Error (Jan - Jfd) : 1.536009e+01 *

    Relative Error (Jan - Jfd) / Jfd : 4.621151e-01 *

    MPI Rank 1

    Raw Analytic Derivative (Jfor)
[[  0.23752716  -0.43572333  -0.41948128   1.96963202  -0.10496199
   -1.39577437   1.61041913   0.9066014   -0.8433272    7.82029997
    4.80163967   3.90632581  -4.43622025  -0.91220466   0.55176584
  -13.86443212  -3.77792451  -0.63430019  -4.33704219  -0.94735747
    1.90998793  -1.78109121  -1.17116196  -2.2502587   -0.96850695
    0.74678104  -1.95629448]]

    Raw FD Derivative (Jfd)
[[ 5.25160095e-01 -4.90431068e-02  2.38742027e-02  6.82462564e-01
  -2.37097558e-01 -1.44434836e+00  1.60448534e+00  1.49043655e+00
   7.99969253e-01  1.16235556e+01  7.35373920e+00  8.28996223e+00
  -1.01671816e+01 -1.20570970e+00  4.57895818e+00 -2.41555884e+01
  -4.67162376e+00  2.66535092e+00 -7.93361283e+00 -3.57674631e-01
   4.54992391e+00 -3.09693848e+00 -8.92279499e-01 -9.25336837e-01
  -1.12801994e+00  7.47577861e-01 -1.87603760e+00]]
 - - - - - - - - - - - - - - - - - - - - - - - - - - - - - -
Finalising parallel run
Finalising parallel run
